# Converted from GDF: hub.gdf
# Rhino->WAMIT file export (mesh)
# Vertices: 2222
# Faces: 4768

o Rhino->WAMIT_file_export_(mesh)

v 0.475730 2.010420 -4.830210
v 0.000000 2.010420 -4.853590
v 0.000000 2.476470 -4.633160
v 0.454130 2.476470 -4.610850
v 0.492760 1.525010 -5.003060
v 0.000000 1.525010 -5.027270
v 0.505040 1.024900 -5.127730
v 0.000000 1.024900 -5.152540
v 0.512450 0.514930 -5.203010
v 0.000000 0.514930 -5.228190
v 0.514930 0.000000 -5.228190
v 0.000000 0.000000 -5.253480
v 0.512450 -0.514930 -5.203010
v 0.000000 -0.514930 -5.228190
v 0.505040 -1.024900 -5.127730
v 0.000000 -1.024900 -5.152540
v 0.492760 -1.525010 -5.003060
v 0.000000 -1.525010 -5.027270
v 0.475730 -2.010420 -4.830210
v 0.000000 -2.010420 -4.853590
v 0.454130 -2.476470 -4.610850
v 0.000000 -2.476470 -4.633160
v 0.946890 2.010420 -4.760330
v 0.903880 2.476470 -4.544130
v 0.980770 1.525010 -4.930670
v 1.005210 1.024900 -5.053530
v 1.019970 0.514930 -5.127730
v 1.024900 0.000000 -5.152540
v 1.019970 -0.514930 -5.127730
v 1.005210 -1.024900 -5.053530
v 0.980770 -1.525010 -4.930670
v 0.946890 -2.010420 -4.760330
v 0.903880 -2.476470 -4.544130
v 1.408920 2.010420 -4.644590
v 1.344930 2.476470 -4.433660
v 1.459340 1.525010 -4.810800
v 1.495700 1.024900 -4.930670
v 1.517660 0.514930 -5.003060
v 1.525010 0.000000 -5.027270
v 1.517660 -0.514930 -5.003060
v 1.495700 -1.024900 -4.930670
v 1.459340 -1.525010 -4.810800
v 1.408920 -2.010420 -4.644590
v 1.344930 -2.476470 -4.433660
v 1.857390 2.010420 -4.484130
v 1.773030 2.476470 -4.280480
v 1.923850 1.525010 -4.644590
v 1.971790 1.024900 -4.760330
v 2.000740 0.514930 -4.830210
v 2.010420 0.000000 -4.853590
v 2.000740 -0.514930 -4.830210
v 1.971790 -1.024900 -4.760330
v 1.923850 -1.525010 -4.644590
v 1.857390 -2.010420 -4.484130
v 1.773030 -2.476470 -4.280480
v 2.287960 2.010420 -4.280480
v 2.184060 2.476470 -4.086080
v 2.369840 1.525010 -4.433660
v 2.428890 1.024900 -4.544130
v 2.464550 0.514930 -4.610850
v 2.476470 0.000000 -4.633160
v 2.464550 -0.514930 -4.610850
v 2.428890 -1.024900 -4.544130
v 2.369840 -1.525010 -4.433660
v 2.287960 -2.010420 -4.280480
v 2.184060 -2.476470 -4.086080
v 2.574040 2.476470 -3.852330
v 2.059110 2.918680 -3.852330
v 2.426790 2.918680 -3.631950
v 2.696510 2.010420 -4.035610
v 2.793000 1.525010 -4.180020
v 2.862600 1.024900 -4.284180
v 2.904620 0.514930 -4.347080
v 2.918680 0.000000 -4.368110
v 2.904620 -0.514930 -4.347080
v 2.862600 -1.024900 -4.284180
v 2.793000 -1.525010 -4.180020
v 2.696510 -2.010420 -4.035610
v 2.574040 -2.476470 -3.852330
v 2.426790 -2.918680 -3.631950
v 2.059110 -2.918680 -3.852330
v 2.939240 2.476470 -3.581480
v 2.771100 2.918680 -3.376600
v 3.079080 2.010420 -3.751870
v 3.189270 1.525010 -3.886130
v 3.268740 1.024900 -3.982970
v 3.316730 0.514930 -4.041440
v 3.332770 0.000000 -4.061000
v 3.316730 -0.514930 -4.041440
v 3.268740 -1.024900 -3.982970
v 3.189270 -1.525010 -3.886130
v 3.079080 -2.010420 -3.751870
v 2.939240 -2.476470 -3.581480
v 2.771100 -2.918680 -3.376600
v 3.088720 2.918680 -3.088720
v 2.576270 3.332770 -3.139190
v 2.871560 3.332770 -2.871560
v 3.276140 2.476470 -3.276140
v 3.432000 2.010420 -3.432000
v 3.554820 1.525010 -3.554820
v 3.643400 1.024900 -3.643400
v 3.696890 0.514930 -3.696890
v 3.714770 0.000000 -3.714770
v 3.696890 -0.514930 -3.696890
v 3.643400 -1.024900 -3.643400
v 3.554820 -1.525010 -3.554820
v 3.432000 -2.010420 -3.432000
v 3.276140 -2.476470 -3.276140
v 3.088720 -2.918680 -3.088720
v 2.871560 -3.332770 -2.871560
v 2.576270 -3.332770 -3.139190
v 2.871560 3.714770 -2.356630
v 3.139190 3.332770 -2.576270
v 3.376600 2.918680 -2.771100
v 3.581480 2.476470 -2.939240
v 3.751870 2.010420 -3.079080
v 3.886130 1.525010 -3.189270
v 3.982970 1.024900 -3.268740
v 4.041440 0.514930 -3.316730
v 4.061000 0.000000 -3.332770
v 4.041440 -0.514930 -3.316730
v 3.982970 -1.024900 -3.268740
v 3.886130 -1.525010 -3.189270
v 3.751870 -2.010420 -3.079080
v 3.581480 -2.476470 -2.939240
v 3.376600 -2.918680 -2.771100
v 3.139190 -3.332770 -2.576270
v 2.871560 -3.714770 -2.356630
v 3.376600 3.332770 -2.256170
v 3.088720 3.714770 -2.063820
v 3.631950 2.918680 -2.426790
v 3.852330 2.476470 -2.574040
v 4.035610 2.010420 -2.696510
v 4.180020 1.525010 -2.793000
v 4.284180 1.024900 -2.862600
v 4.347080 0.514930 -2.904620
v 4.368110 0.000000 -2.918680
v 4.347080 -0.514930 -2.904620
v 4.284180 -1.024900 -2.862600
v 4.180020 -1.525010 -2.793000
v 4.035610 -2.010420 -2.696510
v 3.852330 -2.476470 -2.574040
v 3.631950 -2.918680 -2.426790
v 3.376600 -3.332770 -2.256170
v 3.088720 -3.714770 -2.063820
v 3.276140 3.714770 -1.751130
v 2.771100 4.061000 -1.851590
v 2.939240 4.061000 -1.571060
v 3.581480 3.332770 -1.914340
v 3.852330 2.918680 -2.059110
v 4.086080 2.476470 -2.184060
v 4.280480 2.010420 -2.287960
v 4.433660 1.525010 -2.369840
v 4.544130 1.024900 -2.428890
v 4.610850 0.514930 -2.464550
v 4.633160 0.000000 -2.476470
v 4.610850 -0.514930 -2.464550
v 4.544130 -1.024900 -2.428890
v 4.433660 -1.525010 -2.369840
v 4.280480 -2.010420 -2.287960
v 4.086080 -2.476470 -2.184060
v 3.852330 -2.918680 -2.059110
v 3.581480 -3.332770 -1.914340
v 3.276140 -3.714770 -1.751130
v 2.939240 -4.061000 -1.571060
v 2.771100 -4.061000 -1.851590
v 3.079080 4.061000 -1.275400
v 2.574040 4.368110 -1.375860
v 2.696510 4.368110 -1.116930
v 3.432000 3.714770 -1.421580
v 3.751870 3.332770 -1.554080
v 4.035610 2.918680 -1.671600
v 4.280480 2.476470 -1.773030
v 4.484130 2.010420 -1.857390
v 4.644590 1.525010 -1.923850
v 4.760330 1.024900 -1.971790
v 4.830210 0.514930 -2.000740
v 4.853590 0.000000 -2.010420
v 4.830210 -0.514930 -2.000740
v 4.760330 -1.024900 -1.971790
v 4.644590 -1.525010 -1.923850
v 4.484130 -2.010420 -1.857390
v 4.280480 -2.476470 -1.773030
v 4.035610 -2.918680 -1.671600
v 3.751870 -3.332770 -1.554080
v 3.432000 -3.714770 -1.421580
v 3.079080 -4.061000 -1.275400
v 2.696510 -4.368110 -1.116930
v 2.574040 -4.368110 -1.375860
v 2.793000 4.368110 -0.847250
v 2.287960 4.633160 -0.947710
v 2.369840 4.633160 -0.718880
v 3.189270 4.061000 -0.967450
v 3.554820 3.714770 -1.078340
v 3.886130 3.332770 -1.178850
v 4.180020 2.918680 -1.268000
v 4.433660 2.476470 -1.344930
v 4.644590 2.010420 -1.408920
v 4.810800 1.525010 -1.459340
v 4.810800 -1.525010 -1.459340
v 4.644590 -2.010420 -1.408920
v 4.433660 -2.476470 -1.344930
v 4.180020 -2.918680 -1.268000
v 3.886130 -3.332770 -1.178850
v 3.554820 -3.714770 -1.078340
v 3.189270 -4.061000 -0.967450
v 2.793000 -4.368110 -0.847250
v 2.369840 -4.633160 -0.718880
v 2.287960 -4.633160 -0.947710
v 2.428890 4.633160 -0.483140
v 1.923850 4.853590 -0.583590
v 1.971790 4.853590 -0.392210
v 2.862600 4.368110 -0.569410
v 3.268740 4.061000 -0.650190
v 3.643400 3.714770 -0.724720
v 3.982970 3.332770 -0.792260
v 4.284180 2.918680 -0.852180
v 4.544130 2.476470 -0.903880
v 4.760330 2.010420 -0.946890
v 4.930670 1.525010 -0.980770
v 4.760330 -2.010420 -0.946890
v 4.930670 -1.525010 -0.980770
v 4.544130 -2.476470 -0.903880
v 4.284180 -2.918680 -0.852180
v 3.982970 -3.332770 -0.792260
v 3.643400 -3.714770 -0.724720
v 3.268740 -4.061000 -0.650190
v 2.862600 -4.368110 -0.569410
v 2.428890 -4.633160 -0.483140
v 1.971790 -4.853590 -0.392210
v 1.923850 -4.853590 -0.583590
v 2.000740 4.853590 -0.197060
v 1.495700 5.027270 -0.297510
v 1.517660 5.027270 -0.149480
v 2.464550 4.633160 -0.242740
v 2.904620 4.368110 -0.286080
v 3.316730 4.061000 -0.326670
v 3.696890 3.714770 -0.364110
v 4.041440 3.332770 -0.398050
v 4.347080 2.918680 -0.428150
v 4.610850 2.476470 -0.454130
v 4.830210 2.010420 -0.475730
v 4.610850 -2.476470 -0.454130
v 4.830210 -2.010420 -0.475730
v 4.347080 -2.918680 -0.428150
v 4.041440 -3.332770 -0.398050
v 3.696890 -3.714770 -0.364110
v 3.316730 -4.061000 -0.326670
v 2.904620 -4.368110 -0.286080
v 2.464550 -4.633160 -0.242740
v 2.000740 -4.853590 -0.197060
v 1.517660 -5.027270 -0.149480
v 1.495700 -5.027270 -0.297510
v 0.514930 5.228190 0.000000
v 0.512450 5.228190 -0.050470
v 0.000000 5.253480 0.000000
v 1.024900 5.152540 0.000000
v 1.019970 5.152540 -0.100460
v 1.525010 5.027270 0.000000
v 2.010420 4.853590 0.000000
v 2.476470 4.633160 0.000000
v 2.918680 4.368110 0.000000
v 3.332770 4.061000 0.000000
v 3.714770 3.714770 0.000000
v 4.061000 3.332770 0.000000
v 4.368110 2.918680 0.000000
v 4.633160 2.476470 -0.000000
v 4.853590 2.010420 -0.000000
v 4.633160 -2.476470 -0.000000
v 4.853590 -2.010420 -0.000000
v 4.368110 -2.918680 -0.000000
v 4.061000 -3.332770 -0.000000
v 3.714770 -3.714770 -0.000000
v 3.332770 -4.061000 -0.000000
v 2.918680 -4.368110 -0.000000
v 2.476470 -4.633160 -0.000000
v 2.010420 -4.853590 -0.000000
v 1.525010 -5.027270 -0.000000
v 1.024900 -5.152540 -0.000000
v 1.019970 -5.152540 -0.100460
v 0.514930 -5.228190 -0.000000
v 0.512450 -5.228190 -0.050470
v 0.000000 -5.253480 -0.000000
v 0.512450 5.228190 0.050470
v 1.019970 5.152540 0.100460
v 1.517660 5.027270 0.149480
v 2.000740 4.853590 0.197060
v 2.464550 4.633160 0.242740
v 2.904620 4.368110 0.286080
v 3.316730 4.061000 0.326670
v 3.696890 3.714770 0.364110
v 4.041440 3.332770 0.398050
v 4.347080 2.918680 0.428150
v 4.610850 2.476470 0.454130
v 4.830210 2.010420 0.475730
v 4.610850 -2.476470 0.454130
v 4.830210 -2.010420 0.475730
v 4.347080 -2.918680 0.428150
v 4.041440 -3.332770 0.398050
v 3.696890 -3.714770 0.364110
v 3.316730 -4.061000 0.326670
v 2.904620 -4.368110 0.286080
v 2.464550 -4.633160 0.242740
v 2.000740 -4.853590 0.197060
v 1.517660 -5.027270 0.149480
v 1.019970 -5.152540 0.100460
v 0.512450 -5.228190 0.050470
v 0.505040 5.228190 0.100460
v 1.005210 5.152540 0.199950
v 1.495700 5.027270 0.297510
v 1.971790 4.853590 0.392210
v 2.428890 4.633160 0.483140
v 2.862600 4.368110 0.569410
v 3.268740 4.061000 0.650190
v 3.643400 3.714770 0.724720
v 3.982970 3.332770 0.792260
v 4.284180 2.918680 0.852180
v 4.544130 2.476470 0.903880
v 4.760330 2.010420 0.946890
v 4.544130 -2.476470 0.903880
v 4.760330 -2.010420 0.946890
v 4.284180 -2.918680 0.852180
v 3.982970 -3.332770 0.792260
v 3.643400 -3.714770 0.724720
v 3.268740 -4.061000 0.650190
v 2.862600 -4.368110 0.569410
v 2.428890 -4.633160 0.483140
v 1.971790 -4.853590 0.392210
v 1.495700 -5.027270 0.297510
v 1.005210 -5.152540 0.199950
v 0.505040 -5.228190 0.100460
v 0.492760 5.228190 0.149480
v 0.980770 5.152540 0.297510
v 1.459340 5.027270 0.442690
v 1.923850 4.853590 0.583590
v 2.369840 4.633160 0.718880
v 2.793000 4.368110 0.847250
v 3.189270 4.061000 0.967450
v 3.554820 3.714770 1.078340
v 3.886130 3.332770 1.178850
v 4.180020 2.918680 1.268000
v 4.433660 2.476470 1.344930
v 4.644590 2.010420 1.408920
v 4.810800 1.525010 1.459340
v 4.930670 1.525010 0.980770
v 4.644590 -2.010420 1.408920
v 4.930670 -1.525010 0.980770
v 4.810800 -1.525010 1.459340
v 4.433660 -2.476470 1.344930
v 4.180020 -2.918680 1.268000
v 3.886130 -3.332770 1.178850
v 3.554820 -3.714770 1.078340
v 3.189270 -4.061000 0.967450
v 2.793000 -4.368110 0.847250
v 2.369840 -4.633160 0.718880
v 1.923850 -4.853590 0.583590
v 1.459340 -5.027270 0.442690
v 0.980770 -5.152540 0.297510
v 0.492760 -5.228190 0.149480
v 0.475730 5.228190 0.197060
v 0.946890 5.152540 0.392210
v 1.408920 5.027270 0.583590
v 1.857390 4.853590 0.769350
v 2.287960 4.633160 0.947710
v 2.696510 4.368110 1.116930
v 3.079080 4.061000 1.275400
v 3.432000 3.714770 1.421580
v 3.751870 3.332770 1.554080
v 4.035610 2.918680 1.671600
v 4.280480 2.476470 1.773030
v 4.484130 2.010420 1.857390
v 4.644590 1.525010 1.923850
v 4.760330 1.024900 1.971790
v 4.760330 -1.024900 1.971790
v 4.644590 -1.525010 1.923850
v 4.484130 -2.010420 1.857390
v 4.280480 -2.476470 1.773030
v 4.035610 -2.918680 1.671600
v 3.751870 -3.332770 1.554080
v 3.432000 -3.714770 1.421580
v 3.079080 -4.061000 1.275400
v 2.696510 -4.368110 1.116930
v 2.287960 -4.633160 0.947710
v 1.857390 -4.853590 0.769350
v 1.408920 -5.027270 0.583590
v 0.946890 -5.152540 0.392210
v 0.475730 -5.228190 0.197060
v 0.454130 5.228190 0.242740
v 0.903880 5.152540 0.483140
v 1.344930 5.027270 0.718880
v 1.773030 4.853590 0.947710
v 2.184060 4.633160 1.167400
v 2.574040 4.368110 1.375860
v 2.939240 4.061000 1.571060
v 3.276140 3.714770 1.751130
v 3.581480 3.332770 1.914340
v 3.852330 2.918680 2.059110
v 4.086080 2.476470 2.184060
v 4.280480 2.010420 2.287960
v 4.433660 1.525010 2.369840
v 4.544130 1.024900 2.428890
v 4.610850 0.514930 2.464550
v 4.830210 0.514930 2.000740
v 4.633160 -0.000000 2.476470
v 4.853590 -0.000000 2.010420
v 4.610850 -0.514930 2.464550
v 4.830210 -0.514930 2.000740
v 4.544130 -1.024900 2.428890
v 4.433660 -1.525010 2.369840
v 4.280480 -2.010420 2.287960
v 4.086080 -2.476470 2.184060
v 3.852330 -2.918680 2.059110
v 3.581480 -3.332770 1.914340
v 3.276140 -3.714770 1.751130
v 2.939240 -4.061000 1.571060
v 2.574040 -4.368110 1.375860
v 2.184060 -4.633160 1.167400
v 1.773030 -4.853590 0.947710
v 1.344930 -5.027270 0.718880
v 0.903880 -5.152540 0.483140
v 0.454130 -5.228190 0.242740
v 0.428150 5.228190 0.286080
v 0.852180 5.152540 0.569410
v 1.268000 5.027270 0.847250
v 1.671600 4.853590 1.116930
v 2.059110 4.633160 1.375860
v 2.426790 4.368110 1.621530
v 2.771100 4.061000 1.851590
v 3.088720 3.714770 2.063820
v 3.376600 3.332770 2.256170
v 3.631950 2.918680 2.426790
v 3.852330 2.476470 2.574040
v 4.035610 2.010420 2.696510
v 4.180020 1.525010 2.793000
v 4.284180 1.024900 2.862600
v 4.347080 0.514930 2.904620
v 4.368110 -0.000000 2.918680
v 4.347080 -0.514930 2.904620
v 4.284180 -1.024900 2.862600
v 4.180020 -1.525010 2.793000
v 4.035610 -2.010420 2.696510
v 3.852330 -2.476470 2.574040
v 3.631950 -2.918680 2.426790
v 3.376600 -3.332770 2.256170
v 3.088720 -3.714770 2.063820
v 2.771100 -4.061000 1.851590
v 2.426790 -4.368110 1.621530
v 2.059110 -4.633160 1.375860
v 1.671600 -4.853590 1.116930
v 1.268000 -5.027270 0.847250
v 0.852180 -5.152540 0.569410
v 0.428150 -5.228190 0.286080
v 0.398050 5.228190 0.326670
v 0.792260 5.152540 0.650190
v 1.178850 5.027270 0.967450
v 1.554080 4.853590 1.275400
v 1.914340 4.633160 1.571060
v 2.256170 4.368110 1.851590
v 2.576270 4.061000 2.114290
v 2.871560 3.714770 2.356630
v 3.139190 3.332770 2.576270
v 3.376600 2.918680 2.771100
v 3.581480 2.476470 2.939240
v 3.751870 2.010420 3.079080
v 3.886130 1.525010 3.189270
v 3.982970 1.024900 3.268740
v 4.041440 0.514930 3.316730
v 4.061000 -0.000000 3.332770
v 4.041440 -0.514930 3.316730
v 3.982970 -1.024900 3.268740
v 3.886130 -1.525010 3.189270
v 3.751870 -2.010420 3.079080
v 3.581480 -2.476470 2.939240
v 3.376600 -2.918680 2.771100
v 3.139190 -3.332770 2.576270
v 2.871560 -3.714770 2.356630
v 2.576270 -4.061000 2.114290
v 2.256170 -4.368110 1.851590
v 1.914340 -4.633160 1.571060
v 1.554080 -4.853590 1.275400
v 1.178850 -5.027270 0.967450
v 0.792260 -5.152540 0.650190
v 0.398050 -5.228190 0.326670
v 0.364110 5.228190 0.364110
v 0.724720 5.152540 0.724720
v 1.078340 5.027270 1.078340
v 1.421580 4.853590 1.421580
v 1.751130 4.633160 1.751130
v 2.063820 4.368110 2.063820
v 2.356630 4.061000 2.356630
v 2.626740 3.714770 2.626740
v 2.871560 3.332770 2.871560
v 3.088720 2.918680 3.088720
v 3.276140 2.476470 3.276140
v 3.432000 2.010420 3.432000
v 3.554820 1.525010 3.554820
v 3.643400 1.024900 3.643400
v 3.696890 0.514930 3.696890
v 3.714770 -0.000000 3.714770
v 3.696890 -0.514930 3.696890
v 3.643400 -1.024900 3.643400
v 3.554820 -1.525010 3.554820
v 3.432000 -2.010420 3.432000
v 3.276140 -2.476470 3.276140
v 3.088720 -2.918680 3.088720
v 2.871560 -3.332770 2.871560
v 2.626740 -3.714770 2.626740
v 2.356630 -4.061000 2.356630
v 2.063820 -4.368110 2.063820
v 1.751130 -4.633160 1.751130
v 1.421580 -4.853590 1.421580
v 1.078340 -5.027270 1.078340
v 0.724720 -5.152540 0.724720
v 0.364110 -5.228190 0.364110
v 0.326670 5.228190 0.398050
v 0.650190 5.152540 0.792260
v 0.967450 5.027270 1.178850
v 1.275400 4.853590 1.554080
v 1.571060 4.633160 1.914340
v 1.851590 4.368110 2.256170
v 2.114290 4.061000 2.576270
v 2.356630 3.714770 2.871560
v 2.576270 3.332770 3.139190
v 2.771100 2.918680 3.376600
v 2.939240 2.476470 3.581480
v 3.079080 2.010420 3.751870
v 3.189270 1.525010 3.886130
v 3.268740 1.024900 3.982970
v 3.316730 0.514930 4.041440
v 3.332770 -0.000000 4.061000
v 3.316730 -0.514930 4.041440
v 3.268740 -1.024900 3.982970
v 3.189270 -1.525010 3.886130
v 3.079080 -2.010420 3.751870
v 2.939240 -2.476470 3.581480
v 2.771100 -2.918680 3.376600
v 2.576270 -3.332770 3.139190
v 2.356630 -3.714770 2.871560
v 2.114290 -4.061000 2.576270
v 1.851590 -4.368110 2.256170
v 1.571060 -4.633160 1.914340
v 1.275400 -4.853590 1.554080
v 0.967450 -5.027270 1.178850
v 0.650190 -5.152540 0.792260
v 0.326670 -5.228190 0.398050
v 0.286080 5.228190 0.428150
v 0.569410 5.152540 0.852180
v 0.847250 5.027270 1.268000
v 1.116930 4.853590 1.671600
v 1.375860 4.633160 2.059110
v 1.621530 4.368110 2.426790
v 1.851590 4.061000 2.771100
v 2.063820 3.714770 3.088720
v 2.256170 3.332770 3.376600
v 2.426790 2.918680 3.631950
v 2.574040 2.476470 3.852330
v 2.696510 2.010420 4.035610
v 2.793000 1.525010 4.180020
v 2.862600 1.024900 4.284180
v 2.904620 0.514930 4.347080
v 2.918680 -0.000000 4.368110
v 2.904620 -0.514930 4.347080
v 2.862600 -1.024900 4.284180
v 2.793000 -1.525010 4.180020
v 2.696510 -2.010420 4.035610
v 2.574040 -2.476470 3.852330
v 2.426790 -2.918680 3.631950
v 2.256170 -3.332770 3.376600
v 2.063820 -3.714770 3.088720
v 1.851590 -4.061000 2.771100
v 1.621530 -4.368110 2.426790
v 1.375860 -4.633160 2.059110
v 1.116930 -4.853590 1.671600
v 0.847250 -5.027270 1.268000
v 0.569410 -5.152540 0.852180
v 0.286080 -5.228190 0.428150
v 0.242740 5.228190 0.454130
v 0.483140 5.152540 0.903880
v 0.718880 5.027270 1.344930
v 0.947710 4.853590 1.773030
v 1.167400 4.633160 2.184060
v 1.375860 4.368110 2.574040
v 1.571060 4.061000 2.939240
v 1.751130 3.714770 3.276140
v 1.914340 3.332770 3.581480
v 2.059110 2.918680 3.852330
v 2.184060 2.476470 4.086080
v 2.287960 2.010420 4.280480
v 2.369840 1.525010 4.433660
v 2.287960 -2.010420 4.280480
v 2.369840 -1.525010 4.433660
v 2.184060 -2.476470 4.086080
v 2.059110 -2.918680 3.852330
v 1.914340 -3.332770 3.581480
v 1.751130 -3.714770 3.276140
v 1.571060 -4.061000 2.939240
v 1.375860 -4.368110 2.574040
v 1.167400 -4.633160 2.184060
v 0.947710 -4.853590 1.773030
v 0.718880 -5.027270 1.344930
v 0.483140 -5.152540 0.903880
v 0.242740 -5.228190 0.454130
v 0.197060 5.228190 0.475730
v 0.392210 5.152540 0.946890
v 0.583590 5.027270 1.408920
v 0.769350 4.853590 1.857390
v 0.947710 4.633160 2.287960
v 1.116930 4.368110 2.696510
v 1.275400 4.061000 3.079080
v 1.421580 3.714770 3.432000
v 1.554080 3.332770 3.751870
v 1.671600 2.918680 4.035610
v 1.773030 2.476470 4.280480
v 1.857390 2.010420 4.484130
v 1.773030 -2.476470 4.280480
v 1.857390 -2.010420 4.484130
v 1.671600 -2.918680 4.035610
v 1.554080 -3.332770 3.751870
v 1.421580 -3.714770 3.432000
v 1.275400 -4.061000 3.079080
v 1.116930 -4.368110 2.696510
v 0.947710 -4.633160 2.287960
v 0.769350 -4.853590 1.857390
v 0.583590 -5.027270 1.408920
v 0.392210 -5.152540 0.946890
v 0.197060 -5.228190 0.475730
v 0.149480 5.228190 0.492760
v 0.297510 5.152540 0.980770
v 0.442690 5.027270 1.459340
v 0.583590 4.853590 1.923850
v 0.718880 4.633160 2.369840
v 0.847250 4.368110 2.793000
v 0.967450 4.061000 3.189270
v 1.078340 3.714770 3.554820
v 1.178850 3.332770 3.886130
v 1.268000 2.918680 4.180020
v 1.344930 2.476470 4.433660
v 1.268000 -2.918680 4.180020
v 1.344930 -2.476470 4.433660
v 1.178850 -3.332770 3.886130
v 1.078340 -3.714770 3.554820
v 0.967450 -4.061000 3.189270
v 0.847250 -4.368110 2.793000
v 0.718880 -4.633160 2.369840
v 0.583590 -4.853590 1.923850
v 0.442690 -5.027270 1.459340
v 0.297510 -5.152540 0.980770
v 0.149480 -5.228190 0.492760
v 0.100460 5.228190 0.505040
v 0.199950 5.152540 1.005210
v 0.297510 5.027270 1.495700
v 0.392210 4.853590 1.971790
v 0.483140 4.633160 2.428890
v 0.569410 4.368110 2.862600
v 0.650190 4.061000 3.268740
v 0.724720 3.714770 3.643400
v 0.792260 3.332770 3.982970
v 0.852180 2.918680 4.284180
v 0.792260 -3.332770 3.982970
v 0.852180 -2.918680 4.284180
v 0.724720 -3.714770 3.643400
v 0.650190 -4.061000 3.268740
v 0.569410 -4.368110 2.862600
v 0.483140 -4.633160 2.428890
v 0.392210 -4.853590 1.971790
v 0.297510 -5.027270 1.495700
v 0.199950 -5.152540 1.005210
v 0.100460 -5.228190 0.505040
v 0.050470 5.228190 0.512450
v 0.100460 5.152540 1.019970
v 0.149480 5.027270 1.517660
v 0.197060 4.853590 2.000740
v 0.242740 4.633160 2.464550
v 0.286080 4.368110 2.904620
v 0.326670 4.061000 3.316730
v 0.364110 3.714770 3.696890
v 0.398050 3.332770 4.041440
v 0.428150 2.918680 4.347080
v 0.398050 -3.332770 4.041440
v 0.428150 -2.918680 4.347080
v 0.364110 -3.714770 3.696890
v 0.326670 -4.061000 3.316730
v 0.286080 -4.368110 2.904620
v 0.242740 -4.633160 2.464550
v 0.197060 -4.853590 2.000740
v 0.149480 -5.027270 1.517660
v 0.100460 -5.152540 1.019970
v 0.050470 -5.228190 0.512450
v 0.000000 5.228190 0.514930
v 0.000000 5.152540 1.024900
v 0.000000 5.027270 1.525010
v 0.000000 4.853590 2.010420
v 0.000000 4.633160 2.476470
v 0.000000 4.368110 2.918680
v 0.000000 4.061000 3.332770
v 0.000000 3.714770 3.714770
v 0.000000 3.332770 4.061000
v 0.000000 2.918680 4.368110
v 0.000000 -3.332770 4.061000
v 0.000000 -2.918680 4.368110
v 0.000000 -3.714770 3.714770
v 0.000000 -4.061000 3.332770
v 0.000000 -4.368110 2.918680
v 0.000000 -4.633160 2.476470
v 0.000000 -4.853590 2.010420
v 0.000000 -5.027270 1.525010
v 0.000000 -5.152540 1.024900
v 0.000000 -5.228190 0.514930
v -0.050470 5.228190 0.512450
v -0.100460 5.152540 1.019970
v -0.149480 5.027270 1.517660
v -0.197060 4.853590 2.000740
v -0.242740 4.633160 2.464550
v -0.286080 4.368110 2.904620
v -0.326670 4.061000 3.316730
v -0.364110 3.714770 3.696890
v -0.398050 3.332770 4.041440
v -0.428150 2.918680 4.347080
v -0.398050 -3.332770 4.041440
v -0.428150 -2.918680 4.347080
v -0.364110 -3.714770 3.696890
v -0.326670 -4.061000 3.316730
v -0.286080 -4.368110 2.904620
v -0.242740 -4.633160 2.464550
v -0.197060 -4.853590 2.000740
v -0.149480 -5.027270 1.517660
v -0.100460 -5.152540 1.019970
v -0.050470 -5.228190 0.512450
v -0.100460 5.228190 0.505040
v -0.199950 5.152540 1.005210
v -0.297510 5.027270 1.495700
v -0.392210 4.853590 1.971790
v -0.483140 4.633160 2.428890
v -0.569410 4.368110 2.862600
v -0.650190 4.061000 3.268740
v -0.724720 3.714770 3.643400
v -0.792260 3.332770 3.982970
v -0.852180 2.918680 4.284180
v -0.792260 -3.332770 3.982970
v -0.852180 -2.918680 4.284180
v -0.724720 -3.714770 3.643400
v -0.650190 -4.061000 3.268740
v -0.569410 -4.368110 2.862600
v -0.483140 -4.633160 2.428890
v -0.392210 -4.853590 1.971790
v -0.297510 -5.027270 1.495700
v -0.199950 -5.152540 1.005210
v -0.100460 -5.228190 0.505040
v -0.149480 5.228190 0.492760
v -0.297510 5.152540 0.980770
v -0.442690 5.027270 1.459340
v -0.583590 4.853590 1.923850
v -0.718880 4.633160 2.369840
v -0.847250 4.368110 2.793000
v -0.967450 4.061000 3.189270
v -1.078340 3.714770 3.554820
v -1.178850 3.332770 3.886130
v -1.268000 2.918680 4.180020
v -1.178850 -3.332770 3.886130
v -1.268000 -2.918680 4.180020
v -1.078340 -3.714770 3.554820
v -0.967450 -4.061000 3.189270
v -0.847250 -4.368110 2.793000
v -0.718880 -4.633160 2.369840
v -0.583590 -4.853590 1.923850
v -0.442690 -5.027270 1.459340
v -0.297510 -5.152540 0.980770
v -0.149480 -5.228190 0.492760
v -0.197060 5.228190 0.475730
v -0.392210 5.152540 0.946890
v -0.583590 5.027270 1.408920
v -0.769350 4.853590 1.857390
v -0.947710 4.633160 2.287960
v -1.116930 4.368110 2.696510
v -1.275400 4.061000 3.079080
v -1.421580 3.714770 3.432000
v -1.554080 3.332770 3.751870
v -1.671600 2.918680 4.035610
v -1.773030 2.476470 4.280480
v -1.344930 2.476470 4.433660
v -1.671600 -2.918680 4.035610
v -1.344930 -2.476470 4.433660
v -1.773030 -2.476470 4.280480
v -1.554080 -3.332770 3.751870
v -1.421580 -3.714770 3.432000
v -1.275400 -4.061000 3.079080
v -1.116930 -4.368110 2.696510
v -0.947710 -4.633160 2.287960
v -0.769350 -4.853590 1.857390
v -0.583590 -5.027270 1.408920
v -0.392210 -5.152540 0.946890
v -0.197060 -5.228190 0.475730
v -0.242740 5.228190 0.454130
v -0.483140 5.152540 0.903880
v -0.718880 5.027270 1.344930
v -0.947710 4.853590 1.773030
v -1.167400 4.633160 2.184060
v -1.375860 4.368110 2.574040
v -1.571060 4.061000 2.939240
v -1.751130 3.714770 3.276140
v -1.914340 3.332770 3.581480
v -2.059110 2.918680 3.852330
v -2.184060 2.476470 4.086080
v -2.287960 2.010420 4.280480
v -1.857390 2.010420 4.484130
v -2.184060 -2.476470 4.086080
v -1.857390 -2.010420 4.484130
v -2.287960 -2.010420 4.280480
v -2.059110 -2.918680 3.852330
v -1.914340 -3.332770 3.581480
v -1.751130 -3.714770 3.276140
v -1.571060 -4.061000 2.939240
v -1.375860 -4.368110 2.574040
v -1.167400 -4.633160 2.184060
v -0.947710 -4.853590 1.773030
v -0.718880 -5.027270 1.344930
v -0.483140 -5.152540 0.903880
v -0.242740 -5.228190 0.454130
v -0.286080 5.228190 0.428150
v -0.569410 5.152540 0.852180
v -0.847250 5.027270 1.268000
v -1.116930 4.853590 1.671600
v -1.375860 4.633160 2.059110
v -1.621530 4.368110 2.426790
v -1.851590 4.061000 2.771100
v -2.063820 3.714770 3.088720
v -2.256170 3.332770 3.376600
v -2.426790 2.918680 3.631950
v -2.574040 2.476470 3.852330
v -2.696510 2.010420 4.035610
v -2.793000 1.525010 4.180020
v -2.369840 1.525010 4.433660
v -2.696510 -2.010420 4.035610
v -2.369840 -1.525010 4.433660
v -2.793000 -1.525010 4.180020
v -2.574040 -2.476470 3.852330
v -2.426790 -2.918680 3.631950
v -2.256170 -3.332770 3.376600
v -2.063820 -3.714770 3.088720
v -1.851590 -4.061000 2.771100
v -1.621530 -4.368110 2.426790
v -1.375860 -4.633160 2.059110
v -1.116930 -4.853590 1.671600
v -0.847250 -5.027270 1.268000
v -0.569410 -5.152540 0.852180
v -0.286080 -5.228190 0.428150
v -0.326670 5.228190 0.398050
v -0.650190 5.152540 0.792260
v -0.967450 5.027270 1.178850
v -1.275400 4.853590 1.554080
v -1.571060 4.633160 1.914340
v -1.851590 4.368110 2.256170
v -2.114290 4.061000 2.576270
v -2.356630 3.714770 2.871560
v -2.576270 3.332770 3.139190
v -2.771100 2.918680 3.376600
v -2.939240 2.476470 3.581480
v -3.079080 2.010420 3.751870
v -3.189270 1.525010 3.886130
v -3.268740 1.024900 3.982970
v -2.862600 1.024900 4.284180
v -3.316730 0.514930 4.041440
v -2.904620 0.514930 4.347080
v -3.332770 -0.000000 4.061000
v -2.918680 -0.000000 4.368110
v -3.316730 -0.514930 4.041440
v -2.904620 -0.514930 4.347080
v -3.268740 -1.024900 3.982970
v -2.862600 -1.024900 4.284180
v -3.189270 -1.525010 3.886130
v -3.079080 -2.010420 3.751870
v -2.939240 -2.476470 3.581480
v -2.771100 -2.918680 3.376600
v -2.576270 -3.332770 3.139190
v -2.356630 -3.714770 2.871560
v -2.114290 -4.061000 2.576270
v -1.851590 -4.368110 2.256170
v -1.571060 -4.633160 1.914340
v -1.275400 -4.853590 1.554080
v -0.967450 -5.027270 1.178850
v -0.650190 -5.152540 0.792260
v -0.326670 -5.228190 0.398050
v -0.364110 5.228190 0.364110
v -0.724720 5.152540 0.724720
v -1.078340 5.027270 1.078340
v -1.421580 4.853590 1.421580
v -1.751130 4.633160 1.751130
v -2.063820 4.368110 2.063820
v -2.356630 4.061000 2.356630
v -2.626740 3.714770 2.626740
v -2.871560 3.332770 2.871560
v -3.088720 2.918680 3.088720
v -3.276140 2.476470 3.276140
v -3.432000 2.010420 3.432000
v -3.554820 1.525010 3.554820
v -3.643400 1.024900 3.643400
v -3.696890 0.514930 3.696890
v -3.714770 -0.000000 3.714770
v -3.696890 -0.514930 3.696890
v -3.643400 -1.024900 3.643400
v -3.554820 -1.525010 3.554820
v -3.432000 -2.010420 3.432000
v -3.276140 -2.476470 3.276140
v -3.088720 -2.918680 3.088720
v -2.871560 -3.332770 2.871560
v -2.626740 -3.714770 2.626740
v -2.356630 -4.061000 2.356630
v -2.063820 -4.368110 2.063820
v -1.751130 -4.633160 1.751130
v -1.421580 -4.853590 1.421580
v -1.078340 -5.027270 1.078340
v -0.724720 -5.152540 0.724720
v -0.364110 -5.228190 0.364110
v -0.398050 5.228190 0.326670
v -0.792260 5.152540 0.650190
v -1.178850 5.027270 0.967450
v -1.554080 4.853590 1.275400
v -1.914340 4.633160 1.571060
v -2.256170 4.368110 1.851590
v -2.576270 4.061000 2.114290
v -2.871560 3.714770 2.356630
v -3.139190 3.332770 2.576270
v -3.376600 2.918680 2.771100
v -3.581480 2.476470 2.939240
v -3.751870 2.010420 3.079080
v -3.886130 1.525010 3.189270
v -3.982970 1.024900 3.268740
v -4.041440 0.514930 3.316730
v -4.061000 -0.000000 3.332770
v -4.041440 -0.514930 3.316730
v -3.982970 -1.024900 3.268740
v -3.886130 -1.525010 3.189270
v -3.751870 -2.010420 3.079080
v -3.581480 -2.476470 2.939240
v -3.376600 -2.918680 2.771100
v -3.139190 -3.332770 2.576270
v -2.871560 -3.714770 2.356630
v -2.576270 -4.061000 2.114290
v -2.256170 -4.368110 1.851590
v -1.914340 -4.633160 1.571060
v -1.554080 -4.853590 1.275400
v -1.178850 -5.027270 0.967450
v -0.792260 -5.152540 0.650190
v -0.398050 -5.228190 0.326670
v -0.428150 5.228190 0.286080
v -0.852180 5.152540 0.569410
v -1.268000 5.027270 0.847250
v -1.671600 4.853590 1.116930
v -2.059110 4.633160 1.375860
v -2.426790 4.368110 1.621530
v -2.771100 4.061000 1.851590
v -3.088720 3.714770 2.063820
v -3.376600 3.332770 2.256170
v -3.631950 2.918680 2.426790
v -3.852330 2.476470 2.574040
v -4.035610 2.010420 2.696510
v -4.180020 1.525010 2.793000
v -4.284180 1.024900 2.862600
v -4.347080 0.514930 2.904620
v -4.368110 -0.000000 2.918680
v -4.347080 -0.514930 2.904620
v -4.284180 -1.024900 2.862600
v -4.180020 -1.525010 2.793000
v -4.035610 -2.010420 2.696510
v -3.852330 -2.476470 2.574040
v -3.631950 -2.918680 2.426790
v -3.376600 -3.332770 2.256170
v -3.088720 -3.714770 2.063820
v -2.771100 -4.061000 1.851590
v -2.426790 -4.368110 1.621530
v -2.059110 -4.633160 1.375860
v -1.671600 -4.853590 1.116930
v -1.268000 -5.027270 0.847250
v -0.852180 -5.152540 0.569410
v -0.428150 -5.228190 0.286080
v -0.454130 5.228190 0.242740
v -0.903880 5.152540 0.483140
v -1.344930 5.027270 0.718880
v -1.773030 4.853590 0.947710
v -2.184060 4.633160 1.167400
v -2.574040 4.368110 1.375860
v -2.939240 4.061000 1.571060
v -3.276140 3.714770 1.751130
v -3.581480 3.332770 1.914340
v -3.852330 2.918680 2.059110
v -4.086080 2.476470 2.184060
v -4.280480 2.010420 2.287960
v -4.433660 1.525010 2.369840
v -4.544130 1.024900 2.428890
v -4.610850 0.514930 2.464550
v -4.633160 -0.000000 2.476470
v -4.610850 -0.514930 2.464550
v -4.544130 -1.024900 2.428890
v -4.433660 -1.525010 2.369840
v -4.280480 -2.010420 2.287960
v -4.086080 -2.476470 2.184060
v -3.852330 -2.918680 2.059110
v -3.581480 -3.332770 1.914340
v -3.276140 -3.714770 1.751130
v -2.939240 -4.061000 1.571060
v -2.574040 -4.368110 1.375860
v -2.184060 -4.633160 1.167400
v -1.773030 -4.853590 0.947710
v -1.344930 -5.027270 0.718880
v -0.903880 -5.152540 0.483140
v -0.454130 -5.228190 0.242740
v -0.475730 5.228190 0.197060
v -0.946890 5.152540 0.392210
v -1.408920 5.027270 0.583590
v -1.857390 4.853590 0.769350
v -2.287960 4.633160 0.947710
v -2.696510 4.368110 1.116930
v -3.079080 4.061000 1.275400
v -3.432000 3.714770 1.421580
v -3.751870 3.332770 1.554080
v -4.035610 2.918680 1.671600
v -4.280480 2.476470 1.773030
v -4.484130 2.010420 1.857390
v -4.644590 1.525010 1.923850
v -4.760330 1.024900 1.971790
v -4.830210 0.514930 2.000740
v -4.853590 -0.000000 2.010420
v -4.830210 -0.514930 2.000740
v -4.760330 -1.024900 1.971790
v -4.644590 -1.525010 1.923850
v -4.484130 -2.010420 1.857390
v -4.280480 -2.476470 1.773030
v -4.035610 -2.918680 1.671600
v -3.751870 -3.332770 1.554080
v -3.432000 -3.714770 1.421580
v -3.079080 -4.061000 1.275400
v -2.696510 -4.368110 1.116930
v -2.287960 -4.633160 0.947710
v -1.857390 -4.853590 0.769350
v -1.408920 -5.027270 0.583590
v -0.946890 -5.152540 0.392210
v -0.475730 -5.228190 0.197060
v -0.492760 5.228190 0.149480
v -0.980770 5.152540 0.297510
v -1.459340 5.027270 0.442690
v -1.923850 4.853590 0.583590
v -2.369840 4.633160 0.718880
v -2.793000 4.368110 0.847250
v -3.189270 4.061000 0.967450
v -3.554820 3.714770 1.078340
v -3.886130 3.332770 1.178850
v -4.180020 2.918680 1.268000
v -4.433660 2.476470 1.344930
v -4.644590 2.010420 1.408920
v -4.810800 1.525010 1.459340
v -4.930670 1.024900 1.495700
v -5.003060 0.514930 1.517660
v -5.027270 -0.000000 1.525010
v -5.003060 -0.514930 1.517660
v -4.930670 -1.024900 1.495700
v -4.810800 -1.525010 1.459340
v -4.644590 -2.010420 1.408920
v -4.433660 -2.476470 1.344930
v -4.180020 -2.918680 1.268000
v -3.886130 -3.332770 1.178850
v -3.554820 -3.714770 1.078340
v -3.189270 -4.061000 0.967450
v -2.793000 -4.368110 0.847250
v -2.369840 -4.633160 0.718880
v -1.923850 -4.853590 0.583590
v -1.459340 -5.027270 0.442690
v -0.980770 -5.152540 0.297510
v -0.492760 -5.228190 0.149480
v -0.505040 5.228190 0.100460
v -1.005210 5.152540 0.199950
v -1.495700 5.027270 0.297510
v -1.971790 4.853590 0.392210
v -2.428890 4.633160 0.483140
v -2.862600 4.368110 0.569410
v -3.268740 4.061000 0.650190
v -3.643400 3.714770 0.724720
v -3.982970 3.332770 0.792260
v -4.284180 2.918680 0.852180
v -4.544130 2.476470 0.903880
v -4.760330 2.010420 0.946890
v -4.930670 1.525010 0.980770
v -5.053530 1.024900 1.005210
v -5.127730 0.514930 1.019970
v -5.152540 -0.000000 1.024900
v -5.127730 -0.514930 1.019970
v -5.053530 -1.024900 1.005210
v -4.930670 -1.525010 0.980770
v -4.760330 -2.010420 0.946890
v -4.544130 -2.476470 0.903880
v -4.284180 -2.918680 0.852180
v -3.982970 -3.332770 0.792260
v -3.643400 -3.714770 0.724720
v -3.268740 -4.061000 0.650190
v -2.862600 -4.368110 0.569410
v -2.428890 -4.633160 0.483140
v -1.971790 -4.853590 0.392210
v -1.495700 -5.027270 0.297510
v -1.005210 -5.152540 0.199950
v -0.505040 -5.228190 0.100460
v -0.512450 5.228190 0.050470
v -1.019970 5.152540 0.100460
v -1.517660 5.027270 0.149480
v -2.000740 4.853590 0.197060
v -2.464550 4.633160 0.242740
v -2.904620 4.368110 0.286080
v -3.316730 4.061000 0.326670
v -3.696890 3.714770 0.364110
v -4.041440 3.332770 0.398050
v -4.347080 2.918680 0.428150
v -4.610850 2.476470 0.454130
v -4.830210 2.010420 0.475730
v -5.003060 1.525010 0.492760
v -5.127730 1.024900 0.505040
v -5.203010 0.514930 0.512450
v -5.228190 -0.000000 0.514930
v -5.203010 -0.514930 0.512450
v -5.127730 -1.024900 0.505040
v -5.003060 -1.525010 0.492760
v -4.830210 -2.010420 0.475730
v -4.610850 -2.476470 0.454130
v -4.347080 -2.918680 0.428150
v -4.041440 -3.332770 0.398050
v -3.696890 -3.714770 0.364110
v -3.316730 -4.061000 0.326670
v -2.904620 -4.368110 0.286080
v -2.464550 -4.633160 0.242740
v -2.000740 -4.853590 0.197060
v -1.517660 -5.027270 0.149480
v -1.019970 -5.152540 0.100460
v -0.512450 -5.228190 0.050470
v -0.514930 5.228190 0.000000
v -1.024900 5.152540 0.000000
v -1.525010 5.027270 0.000000
v -2.010420 4.853590 0.000000
v -2.476470 4.633160 0.000000
v -2.918680 4.368110 0.000000
v -3.332770 4.061000 0.000000
v -3.714770 3.714770 0.000000
v -4.061000 3.332770 0.000000
v -4.368110 2.918680 0.000000
v -4.633160 2.476470 0.000000
v -4.853590 2.010420 0.000000
v -5.027270 1.525010 0.000000
v -5.152540 1.024900 0.000000
v -5.228190 0.514930 0.000000
v -5.253480 -0.000000 0.000000
v -5.228190 -0.514930 0.000000
v -5.152540 -1.024900 0.000000
v -5.027270 -1.525010 0.000000
v -4.853590 -2.010420 0.000000
v -4.633160 -2.476470 0.000000
v -4.368110 -2.918680 0.000000
v -4.061000 -3.332770 0.000000
v -3.714770 -3.714770 0.000000
v -3.332770 -4.061000 0.000000
v -2.918680 -4.368110 0.000000
v -2.476470 -4.633160 -0.000000
v -2.010420 -4.853590 -0.000000
v -1.525010 -5.027270 -0.000000
v -1.024900 -5.152540 -0.000000
v -0.514930 -5.228190 -0.000000
v -0.512450 5.228190 -0.050470
v -1.019970 5.152540 -0.100460
v -1.517660 5.027270 -0.149480
v -2.000740 4.853590 -0.197060
v -2.464550 4.633160 -0.242740
v -2.904620 4.368110 -0.286080
v -3.316730 4.061000 -0.326670
v -3.696890 3.714770 -0.364110
v -4.041440 3.332770 -0.398050
v -4.347080 2.918680 -0.428150
v -4.610850 2.476470 -0.454130
v -4.830210 2.010420 -0.475730
v -5.003060 1.525010 -0.492760
v -5.127730 1.024900 -0.505040
v -5.203010 0.514930 -0.512450
v -5.228190 0.000000 -0.514930
v -5.203010 -0.514930 -0.512450
v -5.127730 -1.024900 -0.505040
v -5.003060 -1.525010 -0.492760
v -4.830210 -2.010420 -0.475730
v -4.610850 -2.476470 -0.454130
v -4.347080 -2.918680 -0.428150
v -4.041440 -3.332770 -0.398050
v -3.696890 -3.714770 -0.364110
v -3.316730 -4.061000 -0.326670
v -2.904620 -4.368110 -0.286080
v -2.464550 -4.633160 -0.242740
v -2.000740 -4.853590 -0.197060
v -1.517660 -5.027270 -0.149480
v -1.019970 -5.152540 -0.100460
v -0.512450 -5.228190 -0.050470
v -1.971790 4.853590 -0.392210
v -1.495700 5.027270 -0.297510
v -2.428890 4.633160 -0.483140
v -2.862600 4.368110 -0.569410
v -3.268740 4.061000 -0.650190
v -3.643400 3.714770 -0.724720
v -3.982970 3.332770 -0.792260
v -4.284180 2.918680 -0.852180
v -4.544130 2.476470 -0.903880
v -4.760330 2.010420 -0.946890
v -4.930670 1.525010 -0.980770
v -5.053530 1.024900 -1.005210
v -5.127730 0.514930 -1.019970
v -5.152540 0.000000 -1.024900
v -5.127730 -0.514930 -1.019970
v -5.053530 -1.024900 -1.005210
v -4.930670 -1.525010 -0.980770
v -4.760330 -2.010420 -0.946890
v -4.544130 -2.476470 -0.903880
v -4.284180 -2.918680 -0.852180
v -3.982970 -3.332770 -0.792260
v -3.643400 -3.714770 -0.724720
v -3.268740 -4.061000 -0.650190
v -2.862600 -4.368110 -0.569410
v -2.428890 -4.633160 -0.483140
v -1.971790 -4.853590 -0.392210
v -1.495700 -5.027270 -0.297510
v -2.369840 4.633160 -0.718880
v -1.923850 4.853590 -0.583590
v -2.793000 4.368110 -0.847250
v -3.189270 4.061000 -0.967450
v -3.554820 3.714770 -1.078340
v -3.886130 3.332770 -1.178850
v -4.180020 2.918680 -1.268000
v -4.433660 2.476470 -1.344930
v -4.644590 2.010420 -1.408920
v -4.810800 1.525010 -1.459340
v -4.930670 1.024900 -1.495700
v -5.003060 0.514930 -1.517660
v -5.027270 0.000000 -1.525010
v -5.003060 -0.514930 -1.517660
v -4.930670 -1.024900 -1.495700
v -4.810800 -1.525010 -1.459340
v -4.644590 -2.010420 -1.408920
v -4.433660 -2.476470 -1.344930
v -4.180020 -2.918680 -1.268000
v -3.886130 -3.332770 -1.178850
v -3.554820 -3.714770 -1.078340
v -3.189270 -4.061000 -0.967450
v -2.793000 -4.368110 -0.847250
v -2.369840 -4.633160 -0.718880
v -1.923850 -4.853590 -0.583590
v -2.696510 4.368110 -1.116930
v -2.287960 4.633160 -0.947710
v -3.079080 4.061000 -1.275400
v -3.432000 3.714770 -1.421580
v -3.751870 3.332770 -1.554080
v -4.035610 2.918680 -1.671600
v -4.280480 2.476470 -1.773030
v -4.484130 2.010420 -1.857390
v -4.644590 1.525010 -1.923850
v -4.760330 1.024900 -1.971790
v -4.830210 0.514930 -2.000740
v -4.853590 0.000000 -2.010420
v -4.830210 -0.514930 -2.000740
v -4.760330 -1.024900 -1.971790
v -4.644590 -1.525010 -1.923850
v -4.484130 -2.010420 -1.857390
v -4.280480 -2.476470 -1.773030
v -4.035610 -2.918680 -1.671600
v -3.751870 -3.332770 -1.554080
v -3.432000 -3.714770 -1.421580
v -3.079080 -4.061000 -1.275400
v -2.696510 -4.368110 -1.116930
v -2.287960 -4.633160 -0.947710
v -2.939240 4.061000 -1.571060
v -2.574040 4.368110 -1.375860
v -3.276140 3.714770 -1.751130
v -3.581480 3.332770 -1.914340
v -3.852330 2.918680 -2.059110
v -4.086080 2.476470 -2.184060
v -4.280480 2.010420 -2.287960
v -4.433660 1.525010 -2.369840
v -4.544130 1.024900 -2.428890
v -4.610850 0.514930 -2.464550
v -4.633160 0.000000 -2.476470
v -4.610850 -0.514930 -2.464550
v -4.544130 -1.024900 -2.428890
v -4.433660 -1.525010 -2.369840
v -4.280480 -2.010420 -2.287960
v -4.086080 -2.476470 -2.184060
v -3.852330 -2.918680 -2.059110
v -3.581480 -3.332770 -1.914340
v -3.276140 -3.714770 -1.751130
v -2.939240 -4.061000 -1.571060
v -2.574040 -4.368110 -1.375860
v -3.088720 3.714770 -2.063820
v -2.771100 4.061000 -1.851590
v -3.376600 3.332770 -2.256170
v -3.631950 2.918680 -2.426790
v -3.852330 2.476470 -2.574040
v -4.035610 2.010420 -2.696510
v -4.180020 1.525010 -2.793000
v -4.284180 1.024900 -2.862600
v -4.347080 0.514930 -2.904620
v -4.368110 0.000000 -2.918680
v -4.347080 -0.514930 -2.904620
v -4.284180 -1.024900 -2.862600
v -4.180020 -1.525010 -2.793000
v -4.035610 -2.010420 -2.696510
v -3.852330 -2.476470 -2.574040
v -3.631950 -2.918680 -2.426790
v -3.376600 -3.332770 -2.256170
v -3.088720 -3.714770 -2.063820
v -2.771100 -4.061000 -1.851590
v -3.139190 3.332770 -2.576270
v -2.871560 3.714770 -2.356630
v -3.376600 2.918680 -2.771100
v -3.581480 2.476470 -2.939240
v -3.751870 2.010420 -3.079080
v -3.886130 1.525010 -3.189270
v -3.982970 1.024900 -3.268740
v -4.041440 0.514930 -3.316730
v -4.061000 0.000000 -3.332770
v -4.041440 -0.514930 -3.316730
v -3.982970 -1.024900 -3.268740
v -3.886130 -1.525010 -3.189270
v -3.751870 -2.010420 -3.079080
v -3.581480 -2.476470 -2.939240
v -3.376600 -2.918680 -2.771100
v -3.139190 -3.332770 -2.576270
v -2.871560 -3.714770 -2.356630
v -2.871560 3.332770 -2.871560
v -2.626740 3.714770 -2.626740
v -3.088720 2.918680 -3.088720
v -3.276140 2.476470 -3.276140
v -3.432000 2.010420 -3.432000
v -3.554820 1.525010 -3.554820
v -3.643400 1.024900 -3.643400
v -3.696890 0.514930 -3.696890
v -3.714770 0.000000 -3.714770
v -3.696890 -0.514930 -3.696890
v -3.643400 -1.024900 -3.643400
v -3.554820 -1.525010 -3.554820
v -3.432000 -2.010420 -3.432000
v -3.276140 -2.476470 -3.276140
v -3.088720 -2.918680 -3.088720
v -2.871560 -3.332770 -2.871560
v -2.626740 -3.714770 -2.626740
v -2.771100 2.918680 -3.376600
v -2.576270 3.332770 -3.139190
v -2.939240 2.476470 -3.581480
v -3.079080 2.010420 -3.751870
v -3.189270 1.525010 -3.886130
v -3.268740 1.024900 -3.982970
v -3.316730 0.514930 -4.041440
v -3.332770 0.000000 -4.061000
v -3.316730 -0.514930 -4.041440
v -3.268740 -1.024900 -3.982970
v -3.189270 -1.525010 -3.886130
v -3.079080 -2.010420 -3.751870
v -2.939240 -2.476470 -3.581480
v -2.771100 -2.918680 -3.376600
v -2.576270 -3.332770 -3.139190
v -2.574040 2.476470 -3.852330
v -2.426790 2.918680 -3.631950
v -2.696510 2.010420 -4.035610
v -2.793000 1.525010 -4.180020
v -2.862600 1.024900 -4.284180
v -2.904620 0.514930 -4.347080
v -2.918680 0.000000 -4.368110
v -2.904620 -0.514930 -4.347080
v -2.862600 -1.024900 -4.284180
v -2.793000 -1.525010 -4.180020
v -2.696510 -2.010420 -4.035610
v -2.574040 -2.476470 -3.852330
v -2.426790 -2.918680 -3.631950
v -2.184060 2.476470 -4.086080
v -2.059110 2.918680 -3.852330
v -2.287960 2.010420 -4.280480
v -2.369840 1.525010 -4.433660
v -2.428890 1.024900 -4.544130
v -2.464550 0.514930 -4.610850
v -2.476470 0.000000 -4.633160
v -2.464550 -0.514930 -4.610850
v -2.428890 -1.024900 -4.544130
v -2.369840 -1.525010 -4.433660
v -2.287960 -2.010420 -4.280480
v -2.184060 -2.476470 -4.086080
v -2.059110 -2.918680 -3.852330
v -1.857390 2.010420 -4.484130
v -1.773030 2.476470 -4.280480
v -1.923850 1.525010 -4.644590
v -1.971790 1.024900 -4.760330
v -2.000740 0.514930 -4.830210
v -2.010420 0.000000 -4.853590
v -2.000740 -0.514930 -4.830210
v -1.971790 -1.024900 -4.760330
v -1.923850 -1.525010 -4.644590
v -1.857390 -2.010420 -4.484130
v -1.773030 -2.476470 -4.280480
v -1.408920 2.010420 -4.644590
v -1.344930 2.476470 -4.433660
v -1.459340 1.525010 -4.810800
v -1.495700 1.024900 -4.930670
v -1.517660 0.514930 -5.003060
v -1.525010 0.000000 -5.027270
v -1.517660 -0.514930 -5.003060
v -1.495700 -1.024900 -4.930670
v -1.459340 -1.525010 -4.810800
v -1.408920 -2.010420 -4.644590
v -1.344930 -2.476470 -4.433660
v -0.946890 2.010420 -4.760330
v -0.903880 2.476470 -4.544130
v -0.980770 1.525010 -4.930670
v -1.005210 1.024900 -5.053530
v -1.019970 0.514930 -5.127730
v -1.024900 0.000000 -5.152540
v -1.019970 -0.514930 -5.127730
v -1.005210 -1.024900 -5.053530
v -0.980770 -1.525010 -4.930670
v -0.946890 -2.010420 -4.760330
v -0.903880 -2.476470 -4.544130
v -0.475730 2.010420 -4.830210
v -0.454130 2.476470 -4.610850
v -0.492760 1.525010 -5.003060
v -0.505040 1.024900 -5.127730
v -0.512450 0.514930 -5.203010
v -0.514930 0.000000 -5.228190
v -0.512450 -0.514930 -5.203010
v -0.505040 -1.024900 -5.127730
v -0.492760 -1.525010 -5.003060
v -0.475730 -2.010420 -4.830210
v -0.454130 -2.476470 -4.610850
v 0.451490 5.233640 -0.065030
v 0.000000 5.253390 -0.030830
v 1.991720 4.789020 -0.835150
v 2.251670 4.603390 -1.156660
v 2.560500 4.179140 -1.891490
v 2.443200 4.398020 -1.512380
v 2.600000 3.953390 -2.282490
v 0.451490 2.673140 -4.499950
v 0.889250 2.731790 -4.398370
v 1.671250 2.957540 -4.007370
v 1.300000 2.827560 -4.232490
v 0.000000 2.653390 -4.534160
v 1.991720 3.117770 -3.729840
v 2.443200 3.508770 -3.052610
v 2.560500 3.727650 -2.673490
v 2.251670 3.303390 -3.408330
v 1.300000 5.079230 -0.332490
v 0.889250 5.174990 -0.166620
v 1.671250 4.949250 -0.557620
v 4.959250 1.577370 -0.718900
v 4.959250 1.715630 0.248010
v 4.959250 1.716010 -0.245380
v 4.959250 1.576260 0.721320
v 4.959250 0.938300 -1.457560
v 4.959250 1.310930 -1.134170
v 4.959250 1.309190 1.136180
v 4.959250 0.001330 -1.733460
v 4.959250 0.489650 -1.662870
v 4.959250 0.936060 1.459000
v 2.413760 0.966320 4.564980
v 2.187260 1.405670 4.564980
v 2.553010 0.492050 4.564980
v 4.959250 0.487100 1.663620
v 4.959250 -0.001330 1.733460
v 2.600000 0.000000 4.564980
v 1.881710 1.794210 4.564980
v 0.000000 -2.653390 -4.534160
v 0.889250 -2.731790 -4.398370
v 1.300000 -2.827560 -4.232490
v 0.451490 -2.673140 -4.499950
v 1.671250 -2.957540 -4.007370
v 1.991720 -3.117770 -3.729840
v 2.251670 -3.303390 -3.408330
v 4.959250 -0.487100 -1.663620
v 2.443200 -3.508770 -3.052610
v 2.560500 -3.727650 -2.673490
v 0.000000 -5.253390 -0.030830
v 0.451490 -5.233640 -0.065030
v 2.560500 -4.179140 -1.891490
v 2.600000 -3.953390 -2.282490
v 2.443200 -4.398020 -1.512380
v 2.251670 -4.603390 -1.156660
v 1.991720 -4.789020 -0.835150
v 4.959250 -0.936060 -1.459000
v 4.959250 -1.310930 1.134170
v 4.959250 -1.309190 -1.136180
v 4.959250 -1.576260 -0.721320
v 4.959250 -1.577370 0.718900
v 4.959250 -1.715630 -0.248010
v 4.959250 -0.938300 1.457560
v 4.959250 -0.489650 1.662870
v 2.553010 -0.492050 4.564980
v 2.413760 -0.966320 4.564980
v 1.671250 -4.949250 -0.557620
v 1.300000 -5.079230 -0.332490
v 0.889250 -5.174990 -0.166620
v 4.959250 -1.716010 0.245380
v 1.881710 -1.794210 4.564980
v 0.123710 2.597060 4.564980
v 0.612970 2.526710 4.564980
v -0.370020 2.573540 4.564980
v -0.850380 2.457000 4.564980
v 1.080080 2.365040 4.564980
v -0.477750 5.231260 -0.069170
v -0.939230 5.165610 -0.182880
v -1.368720 5.058670 -0.368090
v -1.751610 4.914100 -0.618490
v 1.508150 2.117900 4.564980
v -1.300000 2.251670 4.564980
v -1.702640 1.964950 4.564980
v -2.043740 1.607210 4.564980
v -2.310970 1.191390 4.564980
v -2.494680 0.732500 4.564980
v -2.588230 0.247150 4.564980
v -2.588230 -0.247150 4.564980
v -2.074840 4.736820 -0.925560
v -2.327420 4.532850 -1.278840
v -2.500750 4.309150 -1.666290
v -2.588910 4.073340 -2.074730
v -2.588910 3.833440 -2.490250
v -2.500750 3.597630 -2.898690
v -2.327420 3.373930 -3.286150
v -2.074840 3.169970 -3.639420
v -1.751610 2.992680 -3.946490
v -1.368720 2.848110 -4.196900
v -0.477750 2.675530 -4.495820
v -0.939230 2.741180 -4.382110
v 2.187260 -1.405670 4.564980
v 1.508150 -2.117900 4.564980
v 1.080080 -2.365040 4.564980
v -0.850380 -2.457000 4.564980
v -1.300000 -2.251670 4.564980
v -1.702640 -1.964950 4.564980
v -2.310970 -1.191390 4.564980
v -2.494680 -0.732500 4.564980
v -2.043740 -1.607210 4.564980
v 0.123710 -2.597060 4.564980
v 0.612970 -2.526710 4.564980
v -0.370020 -2.573540 4.564980
v -0.939230 -5.165610 -0.182880
v -1.368720 -5.058670 -0.368090
v -0.477750 -5.231260 -0.069170
v -1.751610 -4.914100 -0.618490
v -2.327420 -3.373930 -3.286150
v -2.074840 -3.169970 -3.639420
v -2.500750 -3.597630 -2.898690
v -2.588910 -4.073340 -2.074730
v -2.588910 -3.833440 -2.490250
v -1.368720 -2.848110 -4.196900
v -0.477750 -2.675530 -4.495820
v -0.939230 -2.741180 -4.382110
v -1.751610 -2.992680 -3.946490
v -2.500750 -4.309150 -1.666290
v -2.327420 -4.532850 -1.278840
v -2.074840 -4.736820 -0.925560
v 4.959250 -1.515540 -0.757770
v 4.959250 -1.515540 -0.820920
v 4.959250 -1.452400 -0.820920
v 4.959250 1.452400 -0.820920
v 4.959250 1.515540 -0.820920
v 4.959250 1.515540 -0.757770
v 4.959250 -1.473190 -0.913570
v 4.959250 -1.514690 -0.842990
v 4.959250 -1.428400 -0.982130
v 4.959250 -1.360120 -0.889220
v 4.959250 -1.380430 -1.048490
v 4.959250 -1.312680 -0.957860
v 4.959250 -1.382420 -0.854140
v 4.959250 -1.552810 -0.770510
v 4.959250 -1.424100 -0.782670
v 4.959250 -1.403750 -0.818610
v 4.959250 -1.443460 -0.746350
v 4.959250 -1.275350 -1.174040
v 4.959250 -1.234690 -1.056480
v 4.959250 -1.329370 -1.112510
v 4.959250 -1.178410 -1.118920
v 4.959250 -1.206960 -1.088060
v 4.959250 -1.149050 -1.149050
v 4.959250 -1.218480 -1.232960
v 4.959250 -1.336870 -0.923800
v 4.959250 -1.261570 -1.024230
v 4.959250 -1.287580 -0.991350
v 4.959250 -1.690000 -0.385730
v 4.959250 -1.597870 -0.295690
v 4.959250 -1.706330 -0.305490
v 4.959250 -1.669900 -0.465110
v 4.959250 -1.582010 -0.371320
v 4.959250 -1.562270 -0.447130
v 4.959250 -1.646070 -0.543450
v 4.959250 -1.618430 -0.146010
v 4.959250 -1.727540 -0.143150
v 4.959250 -1.718860 -0.224570
v 4.959250 -1.609970 -0.220500
v 4.959250 -1.623380 -0.072440
v 4.959250 -1.525250 -0.560570
v 4.959250 -1.618570 -0.620580
v 4.959250 -1.479190 -0.672760
v 4.959250 -1.587460 -0.696320
v 4.959250 -1.461830 -0.709700
v 4.959250 -1.495550 -0.635570
v 4.959250 -1.538590 -0.522840
v 4.959250 -1.510910 -0.598150
v 4.959250 -0.601420 -1.625790
v 4.959250 -0.598150 -1.510910
v 4.959250 -0.677530 -1.595570
v 4.959250 -0.447130 -1.562270
v 4.959250 -0.523970 -1.652380
v 4.959250 -0.445360 -1.675280
v 4.959250 -0.371320 -1.582010
v 4.959250 -0.522840 -1.538590
v 4.959250 -0.752120 -1.561800
v 4.959250 -0.746350 -1.443460
v 4.959250 -0.825040 -1.524540
v 4.959250 -0.672760 -1.479190
v 4.959250 -0.560570 -1.525250
v 4.959250 -0.635570 -1.495550
v 4.959250 -0.285320 -1.709820
v 4.959250 -0.295690 -1.597870
v 4.959250 -0.365750 -1.694440
v 4.959250 -0.204260 -1.721390
v 4.959250 -0.122740 -1.729110
v 4.959250 -0.146010 -1.618430
v 4.959250 -0.220510 -1.609970
v 4.959250 -0.040940 -1.732980
v 4.959250 -0.072440 -1.623380
v 4.959250 -0.000000 -1.625000
v 4.959250 0.040940 -1.732980
v 4.959250 -1.096730 -1.342420
v 4.959250 -1.056480 -1.234690
v 4.959250 -1.158900 -1.289130
v 4.959250 -0.957860 -1.312680
v 4.959250 -0.991350 -1.287580
v 4.959250 -1.032110 -1.392710
v 4.959250 -0.965190 -1.439900
v 4.959250 -0.923800 -1.336870
v 4.959250 -1.024230 -1.261570
v 4.959250 -1.118920 -1.178410
v 4.959250 -1.088060 -1.206960
v 4.959250 -0.782670 -1.424100
v 4.959250 -0.818610 -1.403750
v 4.959250 -0.709710 -1.461830
v 4.959250 -0.889220 -1.360120
v 4.959250 -0.896110 -1.483870
v 4.959250 -0.854140 -1.382410
v 4.959250 -1.625000 0.000000
v 4.959250 -1.733340 0.020470
v 4.959250 -1.732380 -0.061410
v 4.959250 -1.618430 0.146010
v 4.959250 -1.723680 0.183910
v 4.959250 -1.730440 0.102310
v 4.959250 -1.623380 0.072440
v 4.959250 -1.609970 0.220510
v 4.959250 -1.713070 0.265110
v 4.959250 -1.597870 0.295690
v 4.959250 -1.698640 0.345710
v 4.959250 -1.658450 0.504420
v 4.959250 -1.680420 0.425540
v 4.959250 -1.562270 0.447130
v 4.959250 -1.582010 0.371320
v 4.959250 -1.538590 0.522840
v 4.959250 -1.632780 0.582180
v 4.959250 -1.603460 0.658640
v 4.959250 -1.510910 0.598150
v 4.959250 -1.525250 0.560570
v 4.959250 -1.495550 0.635570
v 4.959250 -1.570570 0.733620
v 4.959250 -1.534170 0.806970
v 4.959250 -1.461830 0.709710
v 4.959250 -1.479190 0.672760
v 4.959250 -1.443460 0.746350
v 4.959250 -1.424100 0.782670
v 4.959250 -1.494350 0.878530
v 4.959250 -1.336870 0.923800
v 4.959250 -1.404800 1.015590
v 4.959250 -1.451200 0.948110
v 4.959250 -1.382410 0.854140
v 4.959250 -1.403750 0.818610
v 4.959250 -1.360120 0.889220
v 4.959250 -1.312680 0.957860
v 4.959250 -1.287580 0.991350
v 4.959250 -1.234690 1.056480
v 4.959250 -1.302720 1.143590
v 4.959250 -1.355280 1.080800
v 4.959250 -1.261570 1.024230
v 4.959250 -1.247270 1.203840
v 4.959250 -1.206960 1.088060
v 4.959250 -1.178410 1.118920
v 4.959250 -1.149050 1.149050
v 4.959250 -1.189020 1.261400
v 4.959250 -1.118920 1.178410
v 4.959250 -1.088060 1.206960
v 4.959250 -1.128130 1.316140
v 4.959250 -1.064720 1.367950
v 4.959250 -1.024230 1.261570
v 4.959250 -1.056480 1.234690
v 4.959250 -0.991350 1.287580
v 4.959250 -0.957860 1.312680
v 4.959250 -0.998930 1.416700
v 4.959250 -0.930910 1.462290
v 4.959250 -0.889220 1.360120
v 4.959250 -0.854140 1.382420
v 4.959250 -0.923800 1.336870
v 4.959250 -0.860820 1.504620
v 4.959250 -0.818610 1.403750
v 4.959250 -0.746350 1.443460
v 4.959250 -0.788800 1.543600
v 4.959250 -0.782670 1.424100
v 4.959250 -0.709700 1.461830
v 4.959250 -0.715020 1.579130
v 4.959250 -0.672760 1.479190
v 4.959250 -0.598150 1.510910
v 4.959250 -0.639650 1.611130
v 4.959250 -0.635570 1.495550
v 4.959250 -0.560570 1.525250
v 4.959250 -0.484800 1.664290
v 4.959250 -0.562850 1.639540
v 4.959250 -0.522840 1.538590
v 4.959250 -0.447130 1.562270
v 4.959250 -0.405660 1.685330
v 4.959250 -0.371320 1.582010
v 4.959250 -0.163540 1.725730
v 4.959250 -0.220500 1.609970
v 4.959250 -0.146010 1.618430
v 4.959250 -0.244860 1.716080
v 4.959250 -0.295690 1.597870
v 4.959250 -0.325620 1.702610
v 4.959250 -0.081860 1.731530
v 4.959250 0.000000 1.733460
v 4.959250 -0.072440 1.623380
v 4.959250 0.122740 -1.729110
v 4.959250 0.072440 -1.623380
v 4.959250 0.204260 -1.721390
v 4.959250 0.285320 -1.709820
v 4.959250 0.220500 -1.609970
v 4.959250 0.146010 -1.618430
v 4.959250 0.365750 -1.694440
v 4.959250 0.295690 -1.597870
v 4.959250 0.371320 -1.582010
v 4.959250 0.445360 -1.675280
v 4.959250 0.447130 -1.562270
v 4.959250 0.523970 -1.652380
v 4.959250 0.601420 -1.625790
v 4.959250 0.522840 -1.538590
v 4.959250 0.677530 -1.595570
v 4.959250 0.598150 -1.510910
v 4.959250 0.560570 -1.525250
v 4.959250 0.752120 -1.561800
v 4.959250 0.672760 -1.479190
v 4.959250 0.635570 -1.495550
v 4.959250 0.825040 -1.524540
v 4.959250 0.746350 -1.443460
v 4.959250 0.709700 -1.461830
v 4.959250 0.782670 -1.424100
v 4.959250 0.818610 -1.403750
v 4.959250 0.896110 -1.483870
v 4.959250 0.854140 -1.382420
v 4.959250 0.889220 -1.360120
v 4.959250 0.965190 -1.439900
v 4.959250 0.923800 -1.336870
v 4.959250 1.032110 -1.392710
v 4.959250 0.957860 -1.312680
v 4.959250 0.991350 -1.287580
v 4.959250 1.024230 -1.261570
v 4.959250 1.096730 -1.342420
v 4.959250 1.158900 -1.289130
v 4.959250 1.056480 -1.234690
v 4.959250 1.088060 -1.206960
v 4.959250 1.118920 -1.178410
v 4.959250 1.218480 -1.232960
v 4.959250 1.149050 -1.149050
v 4.959250 1.178410 -1.118920
v 4.959250 1.206960 -1.088060
v 4.959250 1.275350 -1.174040
v 4.959250 1.329370 -1.112510
v 4.959250 1.234690 -1.056480
v 4.959250 1.261570 -1.024230
v 4.959250 1.380430 -1.048490
v 4.959250 1.287580 -0.991350
v 4.959250 1.312680 -0.957860
v 4.959250 1.428400 -0.982130
v 4.959250 1.336870 -0.923800
v 4.959250 1.360120 -0.889220
v 4.959250 1.473190 -0.913570
v 4.959250 1.382410 -0.854140
v 4.959250 1.514690 -0.842990
v 4.959250 1.424100 -0.782670
v 4.959250 1.403750 -0.818610
v 4.959250 1.443460 -0.746350
v 4.959250 1.552810 -0.770510
v 4.959250 1.587460 -0.696320
v 4.959250 1.461830 -0.709710
v 4.959250 1.495550 -0.635570
v 4.959250 1.479190 -0.672760
v 4.959250 1.618570 -0.620580
v 4.959250 1.510910 -0.598150
v 4.959250 1.525250 -0.560570
v 4.959250 1.646070 -0.543450
v 4.959250 1.538590 -0.522840
v 4.959250 1.562270 -0.447130
v 4.959250 1.669900 -0.465110
v 4.959250 1.582010 -0.371320
v 4.959250 1.690000 -0.385730
v 4.959250 1.597870 -0.295690
v 4.959250 1.706330 -0.305490
v 4.959250 1.609970 -0.220510
v 4.959250 1.718860 -0.224570
v 4.959250 1.618430 -0.146010
v 4.959250 1.727540 -0.143150
v 4.959250 1.623380 -0.072440
v 4.959250 1.732380 -0.061410
v 4.959250 1.625000 -0.000000
v 4.959250 0.860820 1.504620
v 4.959250 0.782670 1.424100
v 4.959250 0.818610 1.403750
v 4.959250 0.889220 1.360120
v 4.959250 0.930910 1.462290
v 4.959250 0.854140 1.382410
v 4.959250 0.672760 1.479190
v 4.959250 0.715020 1.579130
v 4.959250 0.635570 1.495550
v 4.959250 0.746350 1.443460
v 4.959250 0.788800 1.543600
v 4.959250 0.709710 1.461830
v 4.959250 0.998930 1.416700
v 4.959250 0.923800 1.336870
v 4.959250 1.128130 1.316140
v 4.959250 1.024230 1.261570
v 4.959250 1.056480 1.234690
v 4.959250 1.118920 1.178410
v 4.959250 1.189020 1.261400
v 4.959250 1.088060 1.206960
v 4.959250 0.957860 1.312680
v 4.959250 0.991350 1.287580
v 4.959250 1.064720 1.367950
v 4.959250 1.149050 1.149050
v 4.959250 0.000000 1.625000
v 4.959250 0.072440 1.623380
v 4.959250 0.244860 1.716080
v 4.959250 0.220510 1.609970
v 4.959250 0.295690 1.597870
v 4.959250 0.163540 1.725730
v 4.959250 0.146010 1.618430
v 4.959250 0.081860 1.731530
v 4.959250 0.325620 1.702610
v 4.959250 0.371320 1.582010
v 4.959250 0.522840 1.538590
v 4.959250 0.484800 1.664290
v 4.959250 0.447130 1.562270
v 4.959250 0.598150 1.510910
v 4.959250 0.639650 1.611130
v 4.959250 0.560570 1.525250
v 4.959250 0.562850 1.639540
v 4.959250 0.405660 1.685330
v 4.959250 1.538590 0.522840
v 4.959250 1.632780 0.582180
v 4.959250 1.525250 0.560570
v 4.959250 1.597870 0.295690
v 4.959250 1.698640 0.345710
v 4.959250 1.582010 0.371320
v 4.959250 1.680420 0.425540
v 4.959250 1.562270 0.447130
v 4.959250 1.658450 0.504420
v 4.959250 1.495550 0.635570
v 4.959250 1.570570 0.733620
v 4.959250 1.479190 0.672760
v 4.959250 1.603460 0.658640
v 4.959250 1.510910 0.598150
v 4.959250 1.713070 0.265110
v 4.959250 1.609970 0.220500
v 4.959250 1.730440 0.102310
v 4.959250 1.618430 0.146010
v 4.959250 1.623380 0.072440
v 4.959250 1.733340 0.020470
v 4.959250 1.723680 0.183910
v 4.959250 1.355280 1.080800
v 4.959250 1.234690 1.056480
v 4.959250 1.261570 1.024230
v 4.959250 1.312680 0.957860
v 4.959250 1.404800 1.015590
v 4.959250 1.287580 0.991350
v 4.959250 1.247270 1.203840
v 4.959250 1.206960 1.088060
v 4.959250 1.178410 1.118920
v 4.959250 1.302720 1.143590
v 4.959250 1.336870 0.923800
v 4.959250 1.534170 0.806970
v 4.959250 1.424100 0.782670
v 4.959250 1.443460 0.746350
v 4.959250 1.461830 0.709700
v 4.959250 1.494350 0.878530
v 4.959250 1.382420 0.854140
v 4.959250 1.403750 0.818610
v 4.959250 1.451200 0.948110
v 4.959250 1.360120 0.889220
v 4.941870 1.210310 -1.084330
v 4.941870 1.409310 -0.809000
v 4.977870 1.409310 -0.809000
v 4.977870 1.210310 -1.084330
v 4.941870 1.546710 -0.498310
v 4.977870 1.546710 -0.498310
v 4.941870 1.616520 -0.165840
v 4.977870 1.616520 -0.165840
v 4.941870 1.615670 0.173880
v 4.977870 1.615670 0.173880
v 4.941870 1.544210 0.505990
v 4.977870 1.544210 0.505990
v 4.941870 1.405270 0.816000
v 4.977870 1.405270 0.816000
v 4.941870 1.204900 1.090340
v 4.977870 1.204900 1.090340
v 4.941870 0.951880 1.317020
v 4.977870 0.951880 1.317020
v 4.941870 0.657250 1.486150
v 4.977870 0.657250 1.486150
v 4.941870 0.333900 1.590320
v 4.977870 0.333900 1.590320
v 4.941870 -0.004040 1.624990
v 4.977870 -0.004040 1.624990
v 4.941870 -0.341810 1.588650
v 4.977870 -0.341810 1.588650
v 4.941870 -0.664640 1.482860
v 4.977870 -0.664640 1.482860
v 4.941870 -0.958420 1.312270
v 4.977870 -0.958420 1.312270
v 4.941870 -1.210310 1.084330
v 4.977870 -1.210310 1.084330
v 4.941870 -1.409310 0.809000
v 4.977870 -1.409310 0.809000
v 4.941870 -1.546710 0.498310
v 4.977870 -1.546710 0.498310
v 4.941870 -1.616520 0.165840
v 4.977870 -1.616520 0.165840
v 4.941870 -1.615670 -0.173880
v 4.977870 -1.615670 -0.173880
v 4.941870 -1.544210 -0.505990
v 4.977870 -1.544210 -0.505990
v 4.941870 -1.405270 -0.816000
v 4.977870 -1.405270 -0.816000
v 4.941870 -1.204900 -1.090340
v 4.977870 -1.204900 -1.090340
v 4.941870 -0.951880 -1.317020
v 4.977870 -0.951880 -1.317020
v 4.941870 -0.657250 -1.486150
v 4.977870 -0.657250 -1.486150
v 4.941870 -0.333900 -1.590320
v 4.977870 -0.333900 -1.590320
v 4.941870 0.004040 -1.624990
v 4.977870 0.004040 -1.624990
v 4.941870 0.341810 -1.588650
v 4.977870 0.341810 -1.588650
v 4.941870 0.664640 -1.482860
v 4.977870 0.664640 -1.482860
v 4.941870 0.958420 -1.312270
v 4.977870 0.958420 -1.312270
v 5.013870 1.409310 -0.809000
v 5.013870 1.210310 -1.084330
v 5.013870 1.546710 -0.498310
v 5.013870 1.616520 -0.165840
v 5.013870 1.615670 0.173880
v 5.013870 1.544210 0.505990
v 5.013870 1.405270 0.816000
v 5.013870 1.204900 1.090340
v 5.013870 0.951880 1.317020
v 5.013870 0.657250 1.486150
v 5.013870 0.333900 1.590320
v 5.013870 -0.004040 1.624990
v 5.013870 -0.341810 1.588650
v 5.013870 -0.664640 1.482860
v 5.013870 -0.958420 1.312270
v 5.013870 -1.210310 1.084330
v 5.013870 -1.409310 0.809000
v 5.013870 -1.546710 0.498310
v 5.013870 -1.616520 0.165840
v 5.013870 -1.615670 -0.173880
v 5.013870 -1.544210 -0.505990
v 5.013870 -1.405270 -0.816000
v 5.013870 -1.204900 -1.090340
v 5.013870 -0.951880 -1.317020
v 5.013870 -0.657250 -1.486150
v 5.013870 -0.333900 -1.590320
v 5.013870 0.004040 -1.624990
v 5.013870 0.341810 -1.588650
v 5.013870 0.664640 -1.482860
v 5.013870 0.958420 -1.312270
v 5.049870 1.409310 -0.809000
v 5.049870 1.210310 -1.084330
v 5.049870 1.546710 -0.498310
v 5.049870 1.616520 -0.165840
v 5.049870 1.615670 0.173880
v 5.049870 1.544210 0.505990
v 5.049870 1.405270 0.816000
v 5.049870 1.204900 1.090340
v 5.049870 0.951880 1.317020
v 5.049870 0.657250 1.486150
v 5.049870 0.333900 1.590320
v 5.049870 -0.004040 1.624990
v 5.049870 -0.341810 1.588650
v 5.049870 -0.664640 1.482860
v 5.049870 -0.958420 1.312270
v 5.049870 -1.210310 1.084330
v 5.049870 -1.409310 0.809000
v 5.049870 -1.546710 0.498310
v 5.049870 -1.616520 0.165840
v 5.049870 -1.615670 -0.173880
v 5.049870 -1.544210 -0.505990
v 5.049870 -1.405270 -0.816000
v 5.049870 -1.204900 -1.090340
v 5.049870 -0.951880 -1.317020
v 5.049870 -0.657250 -1.486150
v 5.049870 -0.333900 -1.590320
v 5.049870 0.004040 -1.624990
v 5.049870 0.341810 -1.588650
v 5.049870 0.664640 -1.482860
v 5.049870 0.958420 -1.312270
v 5.085870 1.409310 -0.809000
v 5.085870 1.210310 -1.084330
v 5.085870 1.546710 -0.498310
v 5.085870 1.616520 -0.165840
v 5.085870 1.615670 0.173880
v 5.085870 1.544210 0.505990
v 5.085870 1.405270 0.816000
v 5.085870 1.204900 1.090340
v 5.085870 0.951880 1.317020
v 5.085870 0.657250 1.486150
v 5.085870 0.333900 1.590320
v 5.085870 -0.004040 1.624990
v 5.085870 -0.341810 1.588650
v 5.085870 -0.664640 1.482860
v 5.085870 -0.958420 1.312270
v 5.085870 -1.210310 1.084330
v 5.085870 -1.409310 0.809000
v 5.085870 -1.546710 0.498310
v 5.085870 -1.616520 0.165840
v 5.085870 -1.615670 -0.173880
v 5.085870 -1.544210 -0.505990
v 5.085870 -1.405270 -0.816000
v 5.085870 -1.204900 -1.090340
v 5.085870 -0.951880 -1.317020
v 5.085870 -0.657250 -1.486150
v 5.085870 -0.333900 -1.590320
v 5.085870 0.004040 -1.624990
v 5.085870 0.341810 -1.588650
v 5.085870 0.664640 -1.482860
v 5.085870 0.958420 -1.312270
v 5.121870 1.409310 -0.809000
v 5.121870 1.210310 -1.084330
v 5.121870 1.546710 -0.498310
v 5.121870 1.616520 -0.165840
v 5.121870 1.615670 0.173880
v 5.121870 1.544210 0.505990
v 5.121870 1.405270 0.816000
v 5.121870 1.204900 1.090340
v 5.121870 0.951880 1.317020
v 5.121870 0.657250 1.486150
v 5.121870 0.333900 1.590320
v 5.121870 -0.004040 1.624990
v 5.121870 -0.341810 1.588650
v 5.121870 -0.664640 1.482860
v 5.121870 -0.958420 1.312270
v 5.121870 -1.210310 1.084330
v 5.121870 -1.409310 0.809000
v 5.121870 -1.546710 0.498310
v 5.121870 -1.616520 0.165840
v 5.121870 -1.615670 -0.173880
v 5.121870 -1.544210 -0.505990
v 5.121870 -1.405270 -0.816000
v 5.121870 -1.204900 -1.090340
v 5.121870 -0.951880 -1.317020
v 5.121870 -0.657250 -1.486150
v 5.121870 -0.333900 -1.590320
v 5.121870 0.004040 -1.624990
v 5.121870 0.341810 -1.588650
v 5.121870 0.664640 -1.482860
v 5.121870 0.958420 -1.312270
v 5.157870 1.409310 -0.809000
v 5.157870 1.210310 -1.084330
v 5.157870 1.546710 -0.498310
v 5.157870 1.616520 -0.165840
v 5.157870 1.615670 0.173880
v 5.157870 1.544210 0.505990
v 5.157870 1.405270 0.816000
v 5.157870 1.204900 1.090340
v 5.157870 0.951880 1.317020
v 5.157870 0.657250 1.486150
v 5.157870 0.333900 1.590320
v 5.157870 -0.004040 1.624990
v 5.157870 -0.341810 1.588650
v 5.157870 -0.664640 1.482860
v 5.157870 -0.958420 1.312270
v 5.157870 -1.210310 1.084330
v 5.157870 -1.409310 0.809000
v 5.157870 -1.546710 0.498310
v 5.157870 -1.616520 0.165840
v 5.157870 -1.615670 -0.173880
v 5.157870 -1.544210 -0.505990
v 5.157870 -1.405270 -0.816000
v 5.157870 -1.204900 -1.090340
v 5.157870 -0.951880 -1.317020
v 5.157870 -0.657250 -1.486150
v 5.157870 -0.333900 -1.590320
v 5.157870 0.004040 -1.624990
v 5.157870 0.341810 -1.588650
v 5.157870 0.664640 -1.482860
v 5.157870 0.958420 -1.312270
v 5.193870 1.409310 -0.809000
v 5.193870 1.210310 -1.084330
v 5.193870 1.546710 -0.498310
v 5.193870 1.616520 -0.165840
v 5.193870 1.615670 0.173880
v 5.193870 1.544210 0.505990
v 5.193870 1.405270 0.816000
v 5.193870 1.204900 1.090340
v 5.193870 0.951880 1.317020
v 5.193870 0.657250 1.486150
v 5.193870 0.333900 1.590320
v 5.193870 -0.004040 1.624990
v 5.193870 -0.341810 1.588650
v 5.193870 -0.664640 1.482860
v 5.193870 -0.958420 1.312270
v 5.193870 -1.210310 1.084330
v 5.193870 -1.409310 0.809000
v 5.193870 -1.546710 0.498310
v 5.193870 -1.616520 0.165840
v 5.193870 -1.615670 -0.173880
v 5.193870 -1.544210 -0.505990
v 5.193870 -1.405270 -0.816000
v 5.193870 -1.204900 -1.090340
v 5.193870 -0.951880 -1.317020
v 5.193870 -0.657250 -1.486150
v 5.193870 -0.333900 -1.590320
v 5.193870 0.004040 -1.624990
v 5.193870 0.341810 -1.588650
v 5.193870 0.664640 -1.482860
v 5.193870 0.958420 -1.312270
v 5.229870 1.409310 -0.809000
v 5.229870 1.210310 -1.084330
v 5.229870 1.546710 -0.498310
v 5.229870 1.616520 -0.165840
v 5.229870 1.615670 0.173880
v 5.229870 1.544210 0.505990
v 5.229870 1.405270 0.816000
v 5.229870 1.204900 1.090340
v 5.229870 0.951880 1.317020
v 5.229870 0.657250 1.486150
v 5.229870 0.333900 1.590320
v 5.229870 -0.004040 1.624990
v 5.229870 -0.341810 1.588650
v 5.229870 -0.664640 1.482860
v 5.229870 -0.958420 1.312270
v 5.229870 -1.210310 1.084330
v 5.229870 -1.409310 0.809000
v 5.229870 -1.546710 0.498310
v 5.229870 -1.616520 0.165840
v 5.229870 -1.615670 -0.173880
v 5.229870 -1.544210 -0.505990
v 5.229870 -1.405270 -0.816000
v 5.229870 -1.204900 -1.090340
v 5.229870 -0.951880 -1.317020
v 5.229870 -0.657250 -1.486150
v 5.229870 -0.333900 -1.590320
v 5.229870 0.004040 -1.624990
v 5.229870 0.341810 -1.588650
v 5.229870 0.664640 -1.482860
v 5.229870 0.958420 -1.312270
v 5.265870 1.409310 -0.809000
v 5.265870 1.210310 -1.084330
v 5.265870 1.546710 -0.498310
v 5.265870 1.616520 -0.165840
v 5.265870 1.615670 0.173880
v 5.265870 1.544210 0.505990
v 5.265870 1.405270 0.816000
v 5.265870 1.204900 1.090340
v 5.265870 0.951880 1.317020
v 5.265870 0.657250 1.486150
v 5.265870 0.333900 1.590320
v 5.265870 -0.004040 1.624990
v 5.265870 -0.341810 1.588650
v 5.265870 -0.664640 1.482860
v 5.265870 -0.958420 1.312270
v 5.265870 -1.210310 1.084330
v 5.265870 -1.409310 0.809000
v 5.265870 -1.546710 0.498310
v 5.265870 -1.616520 0.165840
v 5.265870 -1.615670 -0.173880
v 5.265870 -1.544210 -0.505990
v 5.265870 -1.405270 -0.816000
v 5.265870 -1.204900 -1.090340
v 5.265870 -0.951880 -1.317020
v 5.265870 -0.657250 -1.486150
v 5.265870 -0.333900 -1.590320
v 5.265870 0.004040 -1.624990
v 5.265870 0.341810 -1.588650
v 5.265870 0.664640 -1.482860
v 5.265870 0.958420 -1.312270
v 5.301870 1.409310 -0.809000
v 5.301870 1.210310 -1.084330
v 5.301870 1.546710 -0.498310
v 5.301870 1.616520 -0.165840
v 5.301870 1.615670 0.173880
v 5.301870 1.544210 0.505990
v 5.301870 1.405270 0.816000
v 5.301870 1.204900 1.090340
v 5.301870 0.951880 1.317020
v 5.301870 0.657250 1.486150
v 5.301870 0.333900 1.590320
v 5.301870 -0.004040 1.624990
v 5.301870 -0.341810 1.588650
v 5.301870 -0.664640 1.482860
v 5.301870 -0.958420 1.312270
v 5.301870 -1.210310 1.084330
v 5.301870 -1.409310 0.809000
v 5.301870 -1.546710 0.498310
v 5.301870 -1.616520 0.165840
v 5.301870 -1.615670 -0.173880
v 5.301870 -1.544210 -0.505990
v 5.301870 -1.405270 -0.816000
v 5.301870 -1.204900 -1.090340
v 5.301870 -0.951880 -1.317020
v 5.301870 -0.657250 -1.486150
v 5.301870 -0.333900 -1.590320
v 5.301870 0.004040 -1.624990
v 5.301870 0.341810 -1.588650
v 5.301870 0.664640 -1.482860
v 5.301870 0.958420 -1.312270
v 4.941870 -0.000000 -0.000000
v 5.301870 -0.000000 -0.000000

f 1 2 3
f 1 3 4
f 5 6 2
f 5 2 1
f 7 8 6
f 7 6 5
f 9 10 8
f 9 8 7
f 11 12 10
f 11 10 9
f 13 14 12
f 13 12 11
f 15 16 14
f 15 14 13
f 17 18 16
f 17 16 15
f 19 20 18
f 19 18 17
f 21 22 20
f 21 20 19
f 23 1 4
f 23 4 24
f 25 5 1
f 25 1 23
f 26 7 5
f 26 5 25
f 27 9 7
f 27 7 26
f 28 11 9
f 28 9 27
f 29 13 11
f 29 11 28
f 30 15 13
f 30 13 29
f 31 17 15
f 31 15 30
f 32 19 17
f 32 17 31
f 33 21 19
f 33 19 32
f 34 23 24
f 34 24 35
f 36 25 23
f 36 23 34
f 37 26 25
f 37 25 36
f 38 27 26
f 38 26 37
f 39 28 27
f 39 27 38
f 40 29 28
f 40 28 39
f 41 30 29
f 41 29 40
f 42 31 30
f 42 30 41
f 43 32 31
f 43 31 42
f 44 33 32
f 44 32 43
f 45 34 35
f 45 35 46
f 47 36 34
f 47 34 45
f 48 37 36
f 48 36 47
f 49 38 37
f 49 37 48
f 50 39 38
f 50 38 49
f 51 40 39
f 51 39 50
f 52 41 40
f 52 40 51
f 53 42 41
f 53 41 52
f 54 43 42
f 54 42 53
f 55 44 43
f 55 43 54
f 56 45 46
f 56 46 57
f 58 47 45
f 58 45 56
f 59 48 47
f 59 47 58
f 60 49 48
f 60 48 59
f 61 50 49
f 61 49 60
f 62 51 50
f 62 50 61
f 63 52 51
f 63 51 62
f 64 53 52
f 64 52 63
f 65 54 53
f 65 53 64
f 66 55 54
f 66 54 65
f 67 57 68
f 67 68 69
f 70 56 57
f 70 57 67
f 71 58 56
f 71 56 70
f 72 59 58
f 72 58 71
f 73 60 59
f 73 59 72
f 74 61 60
f 74 60 73
f 75 62 61
f 75 61 74
f 76 63 62
f 76 62 75
f 77 64 63
f 77 63 76
f 78 65 64
f 78 64 77
f 79 66 65
f 79 65 78
f 80 81 66
f 80 66 79
f 82 67 69
f 82 69 83
f 84 70 67
f 84 67 82
f 85 71 70
f 85 70 84
f 86 72 71
f 86 71 85
f 87 73 72
f 87 72 86
f 88 74 73
f 88 73 87
f 89 75 74
f 89 74 88
f 90 76 75
f 90 75 89
f 91 77 76
f 91 76 90
f 92 78 77
f 92 77 91
f 93 79 78
f 93 78 92
f 94 80 79
f 94 79 93
f 95 83 96
f 95 96 97
f 98 82 83
f 98 83 95
f 99 84 82
f 99 82 98
f 100 85 84
f 100 84 99
f 101 86 85
f 101 85 100
f 102 87 86
f 102 86 101
f 103 88 87
f 103 87 102
f 104 89 88
f 104 88 103
f 105 90 89
f 105 89 104
f 106 91 90
f 106 90 105
f 107 92 91
f 107 91 106
f 108 93 92
f 108 92 107
f 109 94 93
f 109 93 108
f 110 111 94
f 110 94 109
f 112 113 97
f 112 97 97
f 114 95 97
f 114 97 113
f 115 98 95
f 115 95 114
f 116 99 98
f 116 98 115
f 117 100 99
f 117 99 116
f 118 101 100
f 118 100 117
f 119 102 101
f 119 101 118
f 120 103 102
f 120 102 119
f 121 104 103
f 121 103 120
f 122 105 104
f 122 104 121
f 123 106 105
f 123 105 122
f 124 107 106
f 124 106 123
f 125 108 107
f 125 107 124
f 126 109 108
f 126 108 125
f 127 110 109
f 127 109 126
f 110 127 128
f 110 128 128
f 129 113 112
f 129 112 130
f 131 114 113
f 131 113 129
f 132 115 114
f 132 114 131
f 133 116 115
f 133 115 132
f 134 117 116
f 134 116 133
f 135 118 117
f 135 117 134
f 136 119 118
f 136 118 135
f 137 120 119
f 137 119 136
f 138 121 120
f 138 120 137
f 139 122 121
f 139 121 138
f 140 123 122
f 140 122 139
f 141 124 123
f 141 123 140
f 142 125 124
f 142 124 141
f 143 126 125
f 143 125 142
f 144 127 126
f 144 126 143
f 145 128 127
f 145 127 144
f 146 130 147
f 146 147 148
f 149 129 130
f 149 130 146
f 150 131 129
f 150 129 149
f 151 132 131
f 151 131 150
f 152 133 132
f 152 132 151
f 153 134 133
f 153 133 152
f 154 135 134
f 154 134 153
f 155 136 135
f 155 135 154
f 156 137 136
f 156 136 155
f 157 138 137
f 157 137 156
f 158 139 138
f 158 138 157
f 159 140 139
f 159 139 158
f 160 141 140
f 160 140 159
f 161 142 141
f 161 141 160
f 162 143 142
f 162 142 161
f 163 144 143
f 163 143 162
f 164 145 144
f 164 144 163
f 165 166 145
f 165 145 164
f 167 148 168
f 167 168 169
f 170 146 148
f 170 148 167
f 171 149 146
f 171 146 170
f 172 150 149
f 172 149 171
f 173 151 150
f 173 150 172
f 174 152 151
f 174 151 173
f 175 153 152
f 175 152 174
f 176 154 153
f 176 153 175
f 177 155 154
f 177 154 176
f 178 156 155
f 178 155 177
f 179 157 156
f 179 156 178
f 180 158 157
f 180 157 179
f 181 159 158
f 181 158 180
f 182 160 159
f 182 159 181
f 183 161 160
f 183 160 182
f 184 162 161
f 184 161 183
f 185 163 162
f 185 162 184
f 186 164 163
f 186 163 185
f 187 165 164
f 187 164 186
f 188 189 165
f 188 165 187
f 190 169 191
f 190 191 192
f 193 167 169
f 193 169 190
f 194 170 167
f 194 167 193
f 195 171 170
f 195 170 194
f 196 172 171
f 196 171 195
f 197 173 172
f 197 172 196
f 198 174 173
f 198 173 197
f 199 175 174
f 199 174 198
f 176 175 199
f 176 199 199
f 200 181 180
f 200 180 180
f 201 182 181
f 201 181 200
f 202 183 182
f 202 182 201
f 203 184 183
f 203 183 202
f 204 185 184
f 204 184 203
f 205 186 185
f 205 185 204
f 206 187 186
f 206 186 205
f 207 188 187
f 207 187 206
f 208 209 188
f 208 188 207
f 210 192 211
f 210 211 212
f 213 190 192
f 213 192 210
f 214 193 190
f 214 190 213
f 215 194 193
f 215 193 214
f 216 195 194
f 216 194 215
f 217 196 195
f 217 195 216
f 218 197 196
f 218 196 217
f 219 198 197
f 219 197 218
f 220 199 198
f 220 198 219
f 221 201 200
f 221 200 222
f 223 202 201
f 223 201 221
f 224 203 202
f 224 202 223
f 225 204 203
f 225 203 224
f 226 205 204
f 226 204 225
f 227 206 205
f 227 205 226
f 228 207 206
f 228 206 227
f 229 208 207
f 229 207 228
f 230 231 208
f 230 208 229
f 232 212 233
f 232 233 234
f 235 210 212
f 235 212 232
f 236 213 210
f 236 210 235
f 237 214 213
f 237 213 236
f 238 215 214
f 238 214 237
f 239 216 215
f 239 215 238
f 240 217 216
f 240 216 239
f 241 218 217
f 241 217 240
f 242 219 218
f 242 218 241
f 243 223 221
f 243 221 244
f 245 224 223
f 245 223 243
f 246 225 224
f 246 224 245
f 247 226 225
f 247 225 246
f 248 227 226
f 248 226 247
f 249 228 227
f 249 227 248
f 250 229 228
f 250 228 249
f 251 230 229
f 251 229 250
f 252 253 230
f 252 230 251
f 254 255 256
f 254 256 256
f 257 258 255
f 257 255 254
f 259 234 258
f 259 258 257
f 260 232 234
f 260 234 259
f 261 235 232
f 261 232 260
f 262 236 235
f 262 235 261
f 263 237 236
f 263 236 262
f 264 238 237
f 264 237 263
f 265 239 238
f 265 238 264
f 266 240 239
f 266 239 265
f 267 241 240
f 267 240 266
f 268 242 241
f 268 241 267
f 269 243 244
f 269 244 270
f 271 245 243
f 271 243 269
f 272 246 245
f 272 245 271
f 273 247 246
f 273 246 272
f 274 248 247
f 274 247 273
f 275 249 248
f 275 248 274
f 276 250 249
f 276 249 275
f 277 251 250
f 277 250 276
f 278 252 251
f 278 251 277
f 279 280 252
f 279 252 278
f 281 282 280
f 281 280 279
f 283 282 281
f 283 281 281
f 284 254 256
f 284 256 256
f 285 257 254
f 285 254 284
f 286 259 257
f 286 257 285
f 287 260 259
f 287 259 286
f 288 261 260
f 288 260 287
f 289 262 261
f 289 261 288
f 290 263 262
f 290 262 289
f 291 264 263
f 291 263 290
f 292 265 264
f 292 264 291
f 293 266 265
f 293 265 292
f 294 267 266
f 294 266 293
f 295 268 267
f 295 267 294
f 296 269 270
f 296 270 297
f 298 271 269
f 298 269 296
f 299 272 271
f 299 271 298
f 300 273 272
f 300 272 299
f 301 274 273
f 301 273 300
f 302 275 274
f 302 274 301
f 303 276 275
f 303 275 302
f 304 277 276
f 304 276 303
f 305 278 277
f 305 277 304
f 306 279 278
f 306 278 305
f 307 281 279
f 307 279 306
f 283 281 307
f 283 307 307
f 308 284 256
f 308 256 256
f 309 285 284
f 309 284 308
f 310 286 285
f 310 285 309
f 311 287 286
f 311 286 310
f 312 288 287
f 312 287 311
f 313 289 288
f 313 288 312
f 314 290 289
f 314 289 313
f 315 291 290
f 315 290 314
f 316 292 291
f 316 291 315
f 317 293 292
f 317 292 316
f 318 294 293
f 318 293 317
f 319 295 294
f 319 294 318
f 320 296 297
f 320 297 321
f 322 298 296
f 322 296 320
f 323 299 298
f 323 298 322
f 324 300 299
f 324 299 323
f 325 301 300
f 325 300 324
f 326 302 301
f 326 301 325
f 327 303 302
f 327 302 326
f 328 304 303
f 328 303 327
f 329 305 304
f 329 304 328
f 330 306 305
f 330 305 329
f 331 307 306
f 331 306 330
f 283 307 331
f 283 331 331
f 332 308 256
f 332 256 256
f 333 309 308
f 333 308 332
f 334 310 309
f 334 309 333
f 335 311 310
f 335 310 334
f 336 312 311
f 336 311 335
f 337 313 312
f 337 312 336
f 338 314 313
f 338 313 337
f 339 315 314
f 339 314 338
f 340 316 315
f 340 315 339
f 341 317 316
f 341 316 340
f 342 318 317
f 342 317 341
f 343 319 318
f 343 318 342
f 344 345 319
f 344 319 343
f 346 321 347
f 346 347 348
f 349 320 321
f 349 321 346
f 350 322 320
f 350 320 349
f 351 323 322
f 351 322 350
f 352 324 323
f 352 323 351
f 353 325 324
f 353 324 352
f 354 326 325
f 354 325 353
f 355 327 326
f 355 326 354
f 356 328 327
f 356 327 355
f 357 329 328
f 357 328 356
f 358 330 329
f 358 329 357
f 359 331 330
f 359 330 358
f 283 331 359
f 283 359 359
f 360 332 256
f 360 256 256
f 361 333 332
f 361 332 360
f 362 334 333
f 362 333 361
f 363 335 334
f 363 334 362
f 364 336 335
f 364 335 363
f 365 337 336
f 365 336 364
f 366 338 337
f 366 337 365
f 367 339 338
f 367 338 366
f 368 340 339
f 368 339 367
f 369 341 340
f 369 340 368
f 370 342 341
f 370 341 369
f 371 343 342
f 371 342 370
f 372 344 343
f 372 343 371
f 344 372 373
f 344 373 373
f 374 375 348
f 374 348 348
f 376 346 348
f 376 348 375
f 377 349 346
f 377 346 376
f 378 350 349
f 378 349 377
f 379 351 350
f 379 350 378
f 380 352 351
f 380 351 379
f 381 353 352
f 381 352 380
f 382 354 353
f 382 353 381
f 383 355 354
f 383 354 382
f 384 356 355
f 384 355 383
f 385 357 356
f 385 356 384
f 386 358 357
f 386 357 385
f 387 359 358
f 387 358 386
f 283 359 387
f 283 387 387
f 388 360 256
f 388 256 256
f 389 361 360
f 389 360 388
f 390 362 361
f 390 361 389
f 391 363 362
f 391 362 390
f 392 364 363
f 392 363 391
f 393 365 364
f 393 364 392
f 394 366 365
f 394 365 393
f 395 367 366
f 395 366 394
f 396 368 367
f 396 367 395
f 397 369 368
f 397 368 396
f 398 370 369
f 398 369 397
f 399 371 370
f 399 370 398
f 400 372 371
f 400 371 399
f 401 373 372
f 401 372 400
f 402 403 373
f 402 373 401
f 404 405 403
f 404 403 402
f 406 407 405
f 406 405 404
f 408 374 407
f 408 407 406
f 409 375 374
f 409 374 408
f 410 376 375
f 410 375 409
f 411 377 376
f 411 376 410
f 412 378 377
f 412 377 411
f 413 379 378
f 413 378 412
f 414 380 379
f 414 379 413
f 415 381 380
f 415 380 414
f 416 382 381
f 416 381 415
f 417 383 382
f 417 382 416
f 418 384 383
f 418 383 417
f 419 385 384
f 419 384 418
f 420 386 385
f 420 385 419
f 421 387 386
f 421 386 420
f 283 387 421
f 283 421 421
f 422 388 256
f 422 256 256
f 423 389 388
f 423 388 422
f 424 390 389
f 424 389 423
f 425 391 390
f 425 390 424
f 426 392 391
f 426 391 425
f 427 393 392
f 427 392 426
f 428 394 393
f 428 393 427
f 429 395 394
f 429 394 428
f 430 396 395
f 430 395 429
f 431 397 396
f 431 396 430
f 432 398 397
f 432 397 431
f 433 399 398
f 433 398 432
f 434 400 399
f 434 399 433
f 435 401 400
f 435 400 434
f 436 402 401
f 436 401 435
f 437 404 402
f 437 402 436
f 438 406 404
f 438 404 437
f 439 408 406
f 439 406 438
f 440 409 408
f 440 408 439
f 441 410 409
f 441 409 440
f 442 411 410
f 442 410 441
f 443 412 411
f 443 411 442
f 444 413 412
f 444 412 443
f 445 414 413
f 445 413 444
f 446 415 414
f 446 414 445
f 447 416 415
f 447 415 446
f 448 417 416
f 448 416 447
f 449 418 417
f 449 417 448
f 450 419 418
f 450 418 449
f 451 420 419
f 451 419 450
f 452 421 420
f 452 420 451
f 283 421 452
f 283 452 452
f 453 422 256
f 453 256 256
f 454 423 422
f 454 422 453
f 455 424 423
f 455 423 454
f 456 425 424
f 456 424 455
f 457 426 425
f 457 425 456
f 458 427 426
f 458 426 457
f 459 428 427
f 459 427 458
f 460 429 428
f 460 428 459
f 461 430 429
f 461 429 460
f 462 431 430
f 462 430 461
f 463 432 431
f 463 431 462
f 464 433 432
f 464 432 463
f 465 434 433
f 465 433 464
f 466 435 434
f 466 434 465
f 467 436 435
f 467 435 466
f 468 437 436
f 468 436 467
f 469 438 437
f 469 437 468
f 470 439 438
f 470 438 469
f 471 440 439
f 471 439 470
f 472 441 440
f 472 440 471
f 473 442 441
f 473 441 472
f 474 443 442
f 474 442 473
f 475 444 443
f 475 443 474
f 476 445 444
f 476 444 475
f 477 446 445
f 477 445 476
f 478 447 446
f 478 446 477
f 479 448 447
f 479 447 478
f 480 449 448
f 480 448 479
f 481 450 449
f 481 449 480
f 482 451 450
f 482 450 481
f 483 452 451
f 483 451 482
f 283 452 483
f 283 483 483
f 484 453 256
f 484 256 256
f 485 454 453
f 485 453 484
f 486 455 454
f 486 454 485
f 487 456 455
f 487 455 486
f 488 457 456
f 488 456 487
f 489 458 457
f 489 457 488
f 490 459 458
f 490 458 489
f 491 460 459
f 491 459 490
f 492 461 460
f 492 460 491
f 493 462 461
f 493 461 492
f 494 463 462
f 494 462 493
f 495 464 463
f 495 463 494
f 496 465 464
f 496 464 495
f 497 466 465
f 497 465 496
f 498 467 466
f 498 466 497
f 499 468 467
f 499 467 498
f 500 469 468
f 500 468 499
f 501 470 469
f 501 469 500
f 502 471 470
f 502 470 501
f 503 472 471
f 503 471 502
f 504 473 472
f 504 472 503
f 505 474 473
f 505 473 504
f 506 475 474
f 506 474 505
f 507 476 475
f 507 475 506
f 508 477 476
f 508 476 507
f 509 478 477
f 509 477 508
f 510 479 478
f 510 478 509
f 511 480 479
f 511 479 510
f 512 481 480
f 512 480 511
f 513 482 481
f 513 481 512
f 514 483 482
f 514 482 513
f 283 483 514
f 283 514 514
f 515 484 256
f 515 256 256
f 516 485 484
f 516 484 515
f 517 486 485
f 517 485 516
f 518 487 486
f 518 486 517
f 519 488 487
f 519 487 518
f 520 489 488
f 520 488 519
f 521 490 489
f 521 489 520
f 522 491 490
f 522 490 521
f 523 492 491
f 523 491 522
f 524 493 492
f 524 492 523
f 525 494 493
f 525 493 524
f 526 495 494
f 526 494 525
f 527 496 495
f 527 495 526
f 528 497 496
f 528 496 527
f 529 498 497
f 529 497 528
f 530 499 498
f 530 498 529
f 531 500 499
f 531 499 530
f 532 501 500
f 532 500 531
f 533 502 501
f 533 501 532
f 534 503 502
f 534 502 533
f 535 504 503
f 535 503 534
f 536 505 504
f 536 504 535
f 537 506 505
f 537 505 536
f 538 507 506
f 538 506 537
f 539 508 507
f 539 507 538
f 540 509 508
f 540 508 539
f 541 510 509
f 541 509 540
f 542 511 510
f 542 510 541
f 543 512 511
f 543 511 542
f 544 513 512
f 544 512 543
f 545 514 513
f 545 513 544
f 283 514 545
f 283 545 545
f 546 515 256
f 546 256 256
f 547 516 515
f 547 515 546
f 548 517 516
f 548 516 547
f 549 518 517
f 549 517 548
f 550 519 518
f 550 518 549
f 551 520 519
f 551 519 550
f 552 521 520
f 552 520 551
f 553 522 521
f 553 521 552
f 554 523 522
f 554 522 553
f 555 524 523
f 555 523 554
f 556 525 524
f 556 524 555
f 557 526 525
f 557 525 556
f 558 527 526
f 558 526 557
f 559 528 527
f 559 527 558
f 560 529 528
f 560 528 559
f 561 530 529
f 561 529 560
f 562 531 530
f 562 530 561
f 563 532 531
f 563 531 562
f 564 533 532
f 564 532 563
f 565 534 533
f 565 533 564
f 566 535 534
f 566 534 565
f 567 536 535
f 567 535 566
f 568 537 536
f 568 536 567
f 569 538 537
f 569 537 568
f 570 539 538
f 570 538 569
f 571 540 539
f 571 539 570
f 572 541 540
f 572 540 571
f 573 542 541
f 573 541 572
f 574 543 542
f 574 542 573
f 575 544 543
f 575 543 574
f 576 545 544
f 576 544 575
f 283 545 576
f 283 576 576
f 577 546 256
f 577 256 256
f 578 547 546
f 578 546 577
f 579 548 547
f 579 547 578
f 580 549 548
f 580 548 579
f 581 550 549
f 581 549 580
f 582 551 550
f 582 550 581
f 583 552 551
f 583 551 582
f 584 553 552
f 584 552 583
f 585 554 553
f 585 553 584
f 586 555 554
f 586 554 585
f 587 556 555
f 587 555 586
f 588 557 556
f 588 556 587
f 589 558 557
f 589 557 588
f 590 565 564
f 590 564 591
f 592 566 565
f 592 565 590
f 593 567 566
f 593 566 592
f 594 568 567
f 594 567 593
f 595 569 568
f 595 568 594
f 596 570 569
f 596 569 595
f 597 571 570
f 597 570 596
f 598 572 571
f 598 571 597
f 599 573 572
f 599 572 598
f 600 574 573
f 600 573 599
f 601 575 574
f 601 574 600
f 602 576 575
f 602 575 601
f 283 576 602
f 283 602 602
f 603 577 256
f 603 256 256
f 604 578 577
f 604 577 603
f 605 579 578
f 605 578 604
f 606 580 579
f 606 579 605
f 607 581 580
f 607 580 606
f 608 582 581
f 608 581 607
f 609 583 582
f 609 582 608
f 610 584 583
f 610 583 609
f 611 585 584
f 611 584 610
f 612 586 585
f 612 585 611
f 613 587 586
f 613 586 612
f 614 588 587
f 614 587 613
f 615 592 590
f 615 590 616
f 617 593 592
f 617 592 615
f 618 594 593
f 618 593 617
f 619 595 594
f 619 594 618
f 620 596 595
f 620 595 619
f 621 597 596
f 621 596 620
f 622 598 597
f 622 597 621
f 623 599 598
f 623 598 622
f 624 600 599
f 624 599 623
f 625 601 600
f 625 600 624
f 626 602 601
f 626 601 625
f 283 602 626
f 283 626 626
f 627 603 256
f 627 256 256
f 628 604 603
f 628 603 627
f 629 605 604
f 629 604 628
f 630 606 605
f 630 605 629
f 631 607 606
f 631 606 630
f 632 608 607
f 632 607 631
f 633 609 608
f 633 608 632
f 634 610 609
f 634 609 633
f 635 611 610
f 635 610 634
f 636 612 611
f 636 611 635
f 637 613 612
f 637 612 636
f 638 617 615
f 638 615 639
f 640 618 617
f 640 617 638
f 641 619 618
f 641 618 640
f 642 620 619
f 642 619 641
f 643 621 620
f 643 620 642
f 644 622 621
f 644 621 643
f 645 623 622
f 645 622 644
f 646 624 623
f 646 623 645
f 647 625 624
f 647 624 646
f 648 626 625
f 648 625 647
f 283 626 648
f 283 648 648
f 649 627 256
f 649 256 256
f 650 628 627
f 650 627 649
f 651 629 628
f 651 628 650
f 652 630 629
f 652 629 651
f 653 631 630
f 653 630 652
f 654 632 631
f 654 631 653
f 655 633 632
f 655 632 654
f 656 634 633
f 656 633 655
f 657 635 634
f 657 634 656
f 658 636 635
f 658 635 657
f 659 640 638
f 659 638 660
f 661 641 640
f 661 640 659
f 662 642 641
f 662 641 661
f 663 643 642
f 663 642 662
f 664 644 643
f 664 643 663
f 665 645 644
f 665 644 664
f 666 646 645
f 666 645 665
f 667 647 646
f 667 646 666
f 668 648 647
f 668 647 667
f 283 648 668
f 283 668 668
f 669 649 256
f 669 256 256
f 670 650 649
f 670 649 669
f 671 651 650
f 671 650 670
f 672 652 651
f 672 651 671
f 673 653 652
f 673 652 672
f 674 654 653
f 674 653 673
f 675 655 654
f 675 654 674
f 676 656 655
f 676 655 675
f 677 657 656
f 677 656 676
f 678 658 657
f 678 657 677
f 679 659 660
f 679 660 680
f 681 661 659
f 681 659 679
f 682 662 661
f 682 661 681
f 683 663 662
f 683 662 682
f 684 664 663
f 684 663 683
f 685 665 664
f 685 664 684
f 686 666 665
f 686 665 685
f 687 667 666
f 687 666 686
f 688 668 667
f 688 667 687
f 283 668 688
f 283 688 688
f 689 669 256
f 689 256 256
f 690 670 669
f 690 669 689
f 691 671 670
f 691 670 690
f 692 672 671
f 692 671 691
f 693 673 672
f 693 672 692
f 694 674 673
f 694 673 693
f 695 675 674
f 695 674 694
f 696 676 675
f 696 675 695
f 697 677 676
f 697 676 696
f 698 678 677
f 698 677 697
f 699 679 680
f 699 680 700
f 701 681 679
f 701 679 699
f 702 682 681
f 702 681 701
f 703 683 682
f 703 682 702
f 704 684 683
f 704 683 703
f 705 685 684
f 705 684 704
f 706 686 685
f 706 685 705
f 707 687 686
f 707 686 706
f 708 688 687
f 708 687 707
f 283 688 708
f 283 708 708
f 709 689 256
f 709 256 256
f 710 690 689
f 710 689 709
f 711 691 690
f 711 690 710
f 712 692 691
f 712 691 711
f 713 693 692
f 713 692 712
f 714 694 693
f 714 693 713
f 715 695 694
f 715 694 714
f 716 696 695
f 716 695 715
f 717 697 696
f 717 696 716
f 718 698 697
f 718 697 717
f 719 699 700
f 719 700 720
f 721 701 699
f 721 699 719
f 722 702 701
f 722 701 721
f 723 703 702
f 723 702 722
f 724 704 703
f 724 703 723
f 725 705 704
f 725 704 724
f 726 706 705
f 726 705 725
f 727 707 706
f 727 706 726
f 728 708 707
f 728 707 727
f 283 708 728
f 283 728 728
f 729 709 256
f 729 256 256
f 730 710 709
f 730 709 729
f 731 711 710
f 731 710 730
f 732 712 711
f 732 711 731
f 733 713 712
f 733 712 732
f 734 714 713
f 734 713 733
f 735 715 714
f 735 714 734
f 736 716 715
f 736 715 735
f 737 717 716
f 737 716 736
f 738 718 717
f 738 717 737
f 739 719 720
f 739 720 740
f 741 721 719
f 741 719 739
f 742 722 721
f 742 721 741
f 743 723 722
f 743 722 742
f 744 724 723
f 744 723 743
f 745 725 724
f 745 724 744
f 746 726 725
f 746 725 745
f 747 727 726
f 747 726 746
f 748 728 727
f 748 727 747
f 283 728 748
f 283 748 748
f 749 729 256
f 749 256 256
f 750 730 729
f 750 729 749
f 751 731 730
f 751 730 750
f 752 732 731
f 752 731 751
f 753 733 732
f 753 732 752
f 754 734 733
f 754 733 753
f 755 735 734
f 755 734 754
f 756 736 735
f 756 735 755
f 757 737 736
f 757 736 756
f 758 738 737
f 758 737 757
f 759 739 740
f 759 740 760
f 761 741 739
f 761 739 759
f 762 742 741
f 762 741 761
f 763 743 742
f 763 742 762
f 764 744 743
f 764 743 763
f 765 745 744
f 765 744 764
f 766 746 745
f 766 745 765
f 767 747 746
f 767 746 766
f 768 748 747
f 768 747 767
f 283 748 768
f 283 768 768
f 769 749 256
f 769 256 256
f 770 750 749
f 770 749 769
f 771 751 750
f 771 750 770
f 772 752 751
f 772 751 771
f 773 753 752
f 773 752 772
f 774 754 753
f 774 753 773
f 775 755 754
f 775 754 774
f 776 756 755
f 776 755 775
f 777 757 756
f 777 756 776
f 778 758 757
f 778 757 777
f 779 780 758
f 779 758 778
f 781 760 782
f 781 782 783
f 784 759 760
f 784 760 781
f 785 761 759
f 785 759 784
f 786 762 761
f 786 761 785
f 787 763 762
f 787 762 786
f 788 764 763
f 788 763 787
f 789 765 764
f 789 764 788
f 790 766 765
f 790 765 789
f 791 767 766
f 791 766 790
f 792 768 767
f 792 767 791
f 283 768 792
f 283 792 792
f 793 769 256
f 793 256 256
f 794 770 769
f 794 769 793
f 795 771 770
f 795 770 794
f 796 772 771
f 796 771 795
f 797 773 772
f 797 772 796
f 798 774 773
f 798 773 797
f 799 775 774
f 799 774 798
f 800 776 775
f 800 775 799
f 801 777 776
f 801 776 800
f 802 778 777
f 802 777 801
f 803 779 778
f 803 778 802
f 804 805 779
f 804 779 803
f 806 783 807
f 806 807 808
f 809 781 783
f 809 783 806
f 810 784 781
f 810 781 809
f 811 785 784
f 811 784 810
f 812 786 785
f 812 785 811
f 813 787 786
f 813 786 812
f 814 788 787
f 814 787 813
f 815 789 788
f 815 788 814
f 816 790 789
f 816 789 815
f 817 791 790
f 817 790 816
f 818 792 791
f 818 791 817
f 283 792 818
f 283 818 818
f 819 793 256
f 819 256 256
f 820 794 793
f 820 793 819
f 821 795 794
f 821 794 820
f 822 796 795
f 822 795 821
f 823 797 796
f 823 796 822
f 824 798 797
f 824 797 823
f 825 799 798
f 825 798 824
f 826 800 799
f 826 799 825
f 827 801 800
f 827 800 826
f 828 802 801
f 828 801 827
f 829 803 802
f 829 802 828
f 830 804 803
f 830 803 829
f 831 832 804
f 831 804 830
f 833 808 834
f 833 834 835
f 836 806 808
f 836 808 833
f 837 809 806
f 837 806 836
f 838 810 809
f 838 809 837
f 839 811 810
f 839 810 838
f 840 812 811
f 840 811 839
f 841 813 812
f 841 812 840
f 842 814 813
f 842 813 841
f 843 815 814
f 843 814 842
f 844 816 815
f 844 815 843
f 845 817 816
f 845 816 844
f 846 818 817
f 846 817 845
f 283 818 846
f 283 846 846
f 847 819 256
f 847 256 256
f 848 820 819
f 848 819 847
f 849 821 820
f 849 820 848
f 850 822 821
f 850 821 849
f 851 823 822
f 851 822 850
f 852 824 823
f 852 823 851
f 853 825 824
f 853 824 852
f 854 826 825
f 854 825 853
f 855 827 826
f 855 826 854
f 856 828 827
f 856 827 855
f 857 829 828
f 857 828 856
f 858 830 829
f 858 829 857
f 859 831 830
f 859 830 858
f 860 861 831
f 860 831 859
f 862 863 861
f 862 861 860
f 864 865 863
f 864 863 862
f 866 867 865
f 866 865 864
f 868 869 867
f 868 867 866
f 870 835 869
f 870 869 868
f 871 833 835
f 871 835 870
f 872 836 833
f 872 833 871
f 873 837 836
f 873 836 872
f 874 838 837
f 874 837 873
f 875 839 838
f 875 838 874
f 876 840 839
f 876 839 875
f 877 841 840
f 877 840 876
f 878 842 841
f 878 841 877
f 879 843 842
f 879 842 878
f 880 844 843
f 880 843 879
f 881 845 844
f 881 844 880
f 882 846 845
f 882 845 881
f 283 846 882
f 283 882 882
f 883 847 256
f 883 256 256
f 884 848 847
f 884 847 883
f 885 849 848
f 885 848 884
f 886 850 849
f 886 849 885
f 887 851 850
f 887 850 886
f 888 852 851
f 888 851 887
f 889 853 852
f 889 852 888
f 890 854 853
f 890 853 889
f 891 855 854
f 891 854 890
f 892 856 855
f 892 855 891
f 893 857 856
f 893 856 892
f 894 858 857
f 894 857 893
f 895 859 858
f 895 858 894
f 896 860 859
f 896 859 895
f 897 862 860
f 897 860 896
f 898 864 862
f 898 862 897
f 899 866 864
f 899 864 898
f 900 868 866
f 900 866 899
f 901 870 868
f 901 868 900
f 902 871 870
f 902 870 901
f 903 872 871
f 903 871 902
f 904 873 872
f 904 872 903
f 905 874 873
f 905 873 904
f 906 875 874
f 906 874 905
f 907 876 875
f 907 875 906
f 908 877 876
f 908 876 907
f 909 878 877
f 909 877 908
f 910 879 878
f 910 878 909
f 911 880 879
f 911 879 910
f 912 881 880
f 912 880 911
f 913 882 881
f 913 881 912
f 283 882 913
f 283 913 913
f 914 883 256
f 914 256 256
f 915 884 883
f 915 883 914
f 916 885 884
f 916 884 915
f 917 886 885
f 917 885 916
f 918 887 886
f 918 886 917
f 919 888 887
f 919 887 918
f 920 889 888
f 920 888 919
f 921 890 889
f 921 889 920
f 922 891 890
f 922 890 921
f 923 892 891
f 923 891 922
f 924 893 892
f 924 892 923
f 925 894 893
f 925 893 924
f 926 895 894
f 926 894 925
f 927 896 895
f 927 895 926
f 928 897 896
f 928 896 927
f 929 898 897
f 929 897 928
f 930 899 898
f 930 898 929
f 931 900 899
f 931 899 930
f 932 901 900
f 932 900 931
f 933 902 901
f 933 901 932
f 934 903 902
f 934 902 933
f 935 904 903
f 935 903 934
f 936 905 904
f 936 904 935
f 937 906 905
f 937 905 936
f 938 907 906
f 938 906 937
f 939 908 907
f 939 907 938
f 940 909 908
f 940 908 939
f 941 910 909
f 941 909 940
f 942 911 910
f 942 910 941
f 943 912 911
f 943 911 942
f 944 913 912
f 944 912 943
f 283 913 944
f 283 944 944
f 945 914 256
f 945 256 256
f 946 915 914
f 946 914 945
f 947 916 915
f 947 915 946
f 948 917 916
f 948 916 947
f 949 918 917
f 949 917 948
f 950 919 918
f 950 918 949
f 951 920 919
f 951 919 950
f 952 921 920
f 952 920 951
f 953 922 921
f 953 921 952
f 954 923 922
f 954 922 953
f 955 924 923
f 955 923 954
f 956 925 924
f 956 924 955
f 957 926 925
f 957 925 956
f 958 927 926
f 958 926 957
f 959 928 927
f 959 927 958
f 960 929 928
f 960 928 959
f 961 930 929
f 961 929 960
f 962 931 930
f 962 930 961
f 963 932 931
f 963 931 962
f 964 933 932
f 964 932 963
f 965 934 933
f 965 933 964
f 966 935 934
f 966 934 965
f 967 936 935
f 967 935 966
f 968 937 936
f 968 936 967
f 969 938 937
f 969 937 968
f 970 939 938
f 970 938 969
f 971 940 939
f 971 939 970
f 972 941 940
f 972 940 971
f 973 942 941
f 973 941 972
f 974 943 942
f 974 942 973
f 975 944 943
f 975 943 974
f 283 944 975
f 283 975 975
f 976 945 256
f 976 256 256
f 977 946 945
f 977 945 976
f 978 947 946
f 978 946 977
f 979 948 947
f 979 947 978
f 980 949 948
f 980 948 979
f 981 950 949
f 981 949 980
f 982 951 950
f 982 950 981
f 983 952 951
f 983 951 982
f 984 953 952
f 984 952 983
f 985 954 953
f 985 953 984
f 986 955 954
f 986 954 985
f 987 956 955
f 987 955 986
f 988 957 956
f 988 956 987
f 989 958 957
f 989 957 988
f 990 959 958
f 990 958 989
f 991 960 959
f 991 959 990
f 992 961 960
f 992 960 991
f 993 962 961
f 993 961 992
f 994 963 962
f 994 962 993
f 995 964 963
f 995 963 994
f 996 965 964
f 996 964 995
f 997 966 965
f 997 965 996
f 998 967 966
f 998 966 997
f 999 968 967
f 999 967 998
f 1000 969 968
f 1000 968 999
f 1001 970 969
f 1001 969 1000
f 1002 971 970
f 1002 970 1001
f 1003 972 971
f 1003 971 1002
f 1004 973 972
f 1004 972 1003
f 1005 974 973
f 1005 973 1004
f 1006 975 974
f 1006 974 1005
f 283 975 1006
f 283 1006 1006
f 1007 976 256
f 1007 256 256
f 1008 977 976
f 1008 976 1007
f 1009 978 977
f 1009 977 1008
f 1010 979 978
f 1010 978 1009
f 1011 980 979
f 1011 979 1010
f 1012 981 980
f 1012 980 1011
f 1013 982 981
f 1013 981 1012
f 1014 983 982
f 1014 982 1013
f 1015 984 983
f 1015 983 1014
f 1016 985 984
f 1016 984 1015
f 1017 986 985
f 1017 985 1016
f 1018 987 986
f 1018 986 1017
f 1019 988 987
f 1019 987 1018
f 1020 989 988
f 1020 988 1019
f 1021 990 989
f 1021 989 1020
f 1022 991 990
f 1022 990 1021
f 1023 992 991
f 1023 991 1022
f 1024 993 992
f 1024 992 1023
f 1025 994 993
f 1025 993 1024
f 1026 995 994
f 1026 994 1025
f 1027 996 995
f 1027 995 1026
f 1028 997 996
f 1028 996 1027
f 1029 998 997
f 1029 997 1028
f 1030 999 998
f 1030 998 1029
f 1031 1000 999
f 1031 999 1030
f 1032 1001 1000
f 1032 1000 1031
f 1033 1002 1001
f 1033 1001 1032
f 1034 1003 1002
f 1034 1002 1033
f 1035 1004 1003
f 1035 1003 1034
f 1036 1005 1004
f 1036 1004 1035
f 1037 1006 1005
f 1037 1005 1036
f 283 1006 1037
f 283 1037 1037
f 1038 1007 256
f 1038 256 256
f 1039 1008 1007
f 1039 1007 1038
f 1040 1009 1008
f 1040 1008 1039
f 1041 1010 1009
f 1041 1009 1040
f 1042 1011 1010
f 1042 1010 1041
f 1043 1012 1011
f 1043 1011 1042
f 1044 1013 1012
f 1044 1012 1043
f 1045 1014 1013
f 1045 1013 1044
f 1046 1015 1014
f 1046 1014 1045
f 1047 1016 1015
f 1047 1015 1046
f 1048 1017 1016
f 1048 1016 1047
f 1049 1018 1017
f 1049 1017 1048
f 1050 1019 1018
f 1050 1018 1049
f 1051 1020 1019
f 1051 1019 1050
f 1052 1021 1020
f 1052 1020 1051
f 1053 1022 1021
f 1053 1021 1052
f 1054 1023 1022
f 1054 1022 1053
f 1055 1024 1023
f 1055 1023 1054
f 1056 1025 1024
f 1056 1024 1055
f 1057 1026 1025
f 1057 1025 1056
f 1058 1027 1026
f 1058 1026 1057
f 1059 1028 1027
f 1059 1027 1058
f 1060 1029 1028
f 1060 1028 1059
f 1061 1030 1029
f 1061 1029 1060
f 1062 1031 1030
f 1062 1030 1061
f 1063 1032 1031
f 1063 1031 1062
f 1064 1033 1032
f 1064 1032 1063
f 1065 1034 1033
f 1065 1033 1064
f 1066 1035 1034
f 1066 1034 1065
f 1067 1036 1035
f 1067 1035 1066
f 1068 1037 1036
f 1068 1036 1067
f 283 1037 1068
f 283 1068 1068
f 1069 1038 256
f 1069 256 256
f 1070 1039 1038
f 1070 1038 1069
f 1071 1040 1039
f 1071 1039 1070
f 1072 1041 1040
f 1072 1040 1071
f 1073 1042 1041
f 1073 1041 1072
f 1074 1043 1042
f 1074 1042 1073
f 1075 1044 1043
f 1075 1043 1074
f 1076 1045 1044
f 1076 1044 1075
f 1077 1046 1045
f 1077 1045 1076
f 1078 1047 1046
f 1078 1046 1077
f 1079 1048 1047
f 1079 1047 1078
f 1080 1049 1048
f 1080 1048 1079
f 1081 1050 1049
f 1081 1049 1080
f 1082 1051 1050
f 1082 1050 1081
f 1083 1052 1051
f 1083 1051 1082
f 1084 1053 1052
f 1084 1052 1083
f 1085 1054 1053
f 1085 1053 1084
f 1086 1055 1054
f 1086 1054 1085
f 1087 1056 1055
f 1087 1055 1086
f 1088 1057 1056
f 1088 1056 1087
f 1089 1058 1057
f 1089 1057 1088
f 1090 1059 1058
f 1090 1058 1089
f 1091 1060 1059
f 1091 1059 1090
f 1092 1061 1060
f 1092 1060 1091
f 1093 1062 1061
f 1093 1061 1092
f 1094 1063 1062
f 1094 1062 1093
f 1095 1064 1063
f 1095 1063 1094
f 1096 1065 1064
f 1096 1064 1095
f 1097 1066 1065
f 1097 1065 1096
f 1098 1067 1066
f 1098 1066 1097
f 1099 1068 1067
f 1099 1067 1098
f 283 1068 1099
f 283 1099 1099
f 1100 1069 256
f 1100 256 256
f 1101 1070 1069
f 1101 1069 1100
f 1102 1071 1070
f 1102 1070 1101
f 1103 1072 1071
f 1103 1071 1102
f 1104 1073 1072
f 1104 1072 1103
f 1105 1074 1073
f 1105 1073 1104
f 1106 1075 1074
f 1106 1074 1105
f 1107 1076 1075
f 1107 1075 1106
f 1108 1077 1076
f 1108 1076 1107
f 1109 1078 1077
f 1109 1077 1108
f 1110 1079 1078
f 1110 1078 1109
f 1111 1080 1079
f 1111 1079 1110
f 1112 1081 1080
f 1112 1080 1111
f 1113 1082 1081
f 1113 1081 1112
f 1114 1083 1082
f 1114 1082 1113
f 1115 1084 1083
f 1115 1083 1114
f 1116 1085 1084
f 1116 1084 1115
f 1117 1086 1085
f 1117 1085 1116
f 1118 1087 1086
f 1118 1086 1117
f 1119 1088 1087
f 1119 1087 1118
f 1120 1089 1088
f 1120 1088 1119
f 1121 1090 1089
f 1121 1089 1120
f 1122 1091 1090
f 1122 1090 1121
f 1123 1092 1091
f 1123 1091 1122
f 1124 1093 1092
f 1124 1092 1123
f 1125 1094 1093
f 1125 1093 1124
f 1126 1095 1094
f 1126 1094 1125
f 1127 1096 1095
f 1127 1095 1126
f 1128 1097 1096
f 1128 1096 1127
f 1129 1098 1097
f 1129 1097 1128
f 1130 1099 1098
f 1130 1098 1129
f 283 1099 1130
f 283 1130 1130
f 1131 1100 256
f 1131 256 256
f 1132 1101 1100
f 1132 1100 1131
f 1133 1102 1101
f 1133 1101 1132
f 1134 1103 1102
f 1134 1102 1133
f 1135 1104 1103
f 1135 1103 1134
f 1136 1105 1104
f 1136 1104 1135
f 1137 1106 1105
f 1137 1105 1136
f 1138 1107 1106
f 1138 1106 1137
f 1139 1108 1107
f 1139 1107 1138
f 1140 1109 1108
f 1140 1108 1139
f 1141 1110 1109
f 1141 1109 1140
f 1142 1111 1110
f 1142 1110 1141
f 1143 1112 1111
f 1143 1111 1142
f 1144 1113 1112
f 1144 1112 1143
f 1145 1114 1113
f 1145 1113 1144
f 1146 1115 1114
f 1146 1114 1145
f 1147 1116 1115
f 1147 1115 1146
f 1148 1117 1116
f 1148 1116 1147
f 1149 1118 1117
f 1149 1117 1148
f 1150 1119 1118
f 1150 1118 1149
f 1151 1120 1119
f 1151 1119 1150
f 1152 1121 1120
f 1152 1120 1151
f 1153 1122 1121
f 1153 1121 1152
f 1154 1123 1122
f 1154 1122 1153
f 1155 1124 1123
f 1155 1123 1154
f 1156 1125 1124
f 1156 1124 1155
f 1157 1126 1125
f 1157 1125 1156
f 1158 1127 1126
f 1158 1126 1157
f 1159 1128 1127
f 1159 1127 1158
f 1160 1129 1128
f 1160 1128 1159
f 1161 1130 1129
f 1161 1129 1160
f 283 1130 1161
f 283 1161 1161
f 1162 1131 256
f 1162 256 256
f 1163 1132 1131
f 1163 1131 1162
f 1164 1133 1132
f 1164 1132 1163
f 1165 1134 1133
f 1165 1133 1164
f 1166 1135 1134
f 1166 1134 1165
f 1167 1136 1135
f 1167 1135 1166
f 1168 1137 1136
f 1168 1136 1167
f 1169 1138 1137
f 1169 1137 1168
f 1170 1139 1138
f 1170 1138 1169
f 1171 1140 1139
f 1171 1139 1170
f 1172 1141 1140
f 1172 1140 1171
f 1173 1142 1141
f 1173 1141 1172
f 1174 1143 1142
f 1174 1142 1173
f 1175 1144 1143
f 1175 1143 1174
f 1176 1145 1144
f 1176 1144 1175
f 1177 1146 1145
f 1177 1145 1176
f 1178 1147 1146
f 1178 1146 1177
f 1179 1148 1147
f 1179 1147 1178
f 1180 1149 1148
f 1180 1148 1179
f 1181 1150 1149
f 1181 1149 1180
f 1182 1151 1150
f 1182 1150 1181
f 1183 1152 1151
f 1183 1151 1182
f 1184 1153 1152
f 1184 1152 1183
f 1185 1154 1153
f 1185 1153 1184
f 1186 1155 1154
f 1186 1154 1185
f 1187 1156 1155
f 1187 1155 1186
f 1188 1157 1156
f 1188 1156 1187
f 1189 1158 1157
f 1189 1157 1188
f 1190 1159 1158
f 1190 1158 1189
f 1191 1160 1159
f 1191 1159 1190
f 1192 1161 1160
f 1192 1160 1191
f 283 1161 1192
f 283 1192 1192
f 1193 1165 1164
f 1193 1164 1194
f 1195 1166 1165
f 1195 1165 1193
f 1196 1167 1166
f 1196 1166 1195
f 1197 1168 1167
f 1197 1167 1196
f 1198 1169 1168
f 1198 1168 1197
f 1199 1170 1169
f 1199 1169 1198
f 1200 1171 1170
f 1200 1170 1199
f 1201 1172 1171
f 1201 1171 1200
f 1202 1173 1172
f 1202 1172 1201
f 1203 1174 1173
f 1203 1173 1202
f 1204 1175 1174
f 1204 1174 1203
f 1205 1176 1175
f 1205 1175 1204
f 1206 1177 1176
f 1206 1176 1205
f 1207 1178 1177
f 1207 1177 1206
f 1208 1179 1178
f 1208 1178 1207
f 1209 1180 1179
f 1209 1179 1208
f 1210 1181 1180
f 1210 1180 1209
f 1211 1182 1181
f 1211 1181 1210
f 1212 1183 1182
f 1212 1182 1211
f 1213 1184 1183
f 1213 1183 1212
f 1214 1185 1184
f 1214 1184 1213
f 1215 1186 1185
f 1215 1185 1214
f 1216 1187 1186
f 1216 1186 1215
f 1217 1188 1187
f 1217 1187 1216
f 1218 1189 1188
f 1218 1188 1217
f 1219 1190 1189
f 1219 1189 1218
f 1220 1195 1193
f 1220 1193 1221
f 1222 1196 1195
f 1222 1195 1220
f 1223 1197 1196
f 1223 1196 1222
f 1224 1198 1197
f 1224 1197 1223
f 1225 1199 1198
f 1225 1198 1224
f 1226 1200 1199
f 1226 1199 1225
f 1227 1201 1200
f 1227 1200 1226
f 1228 1202 1201
f 1228 1201 1227
f 1229 1203 1202
f 1229 1202 1228
f 1230 1204 1203
f 1230 1203 1229
f 1231 1205 1204
f 1231 1204 1230
f 1232 1206 1205
f 1232 1205 1231
f 1233 1207 1206
f 1233 1206 1232
f 1234 1208 1207
f 1234 1207 1233
f 1235 1209 1208
f 1235 1208 1234
f 1236 1210 1209
f 1236 1209 1235
f 1237 1211 1210
f 1237 1210 1236
f 1238 1212 1211
f 1238 1211 1237
f 1239 1213 1212
f 1239 1212 1238
f 1240 1214 1213
f 1240 1213 1239
f 1241 1215 1214
f 1241 1214 1240
f 1242 1216 1215
f 1242 1215 1241
f 1243 1217 1216
f 1243 1216 1242
f 1244 1218 1217
f 1244 1217 1243
f 1245 1222 1220
f 1245 1220 1246
f 1247 1223 1222
f 1247 1222 1245
f 1248 1224 1223
f 1248 1223 1247
f 1249 1225 1224
f 1249 1224 1248
f 1250 1226 1225
f 1250 1225 1249
f 1251 1227 1226
f 1251 1226 1250
f 1252 1228 1227
f 1252 1227 1251
f 1253 1229 1228
f 1253 1228 1252
f 1254 1230 1229
f 1254 1229 1253
f 1255 1231 1230
f 1255 1230 1254
f 1256 1232 1231
f 1256 1231 1255
f 1257 1233 1232
f 1257 1232 1256
f 1258 1234 1233
f 1258 1233 1257
f 1259 1235 1234
f 1259 1234 1258
f 1260 1236 1235
f 1260 1235 1259
f 1261 1237 1236
f 1261 1236 1260
f 1262 1238 1237
f 1262 1237 1261
f 1263 1239 1238
f 1263 1238 1262
f 1264 1240 1239
f 1264 1239 1263
f 1265 1241 1240
f 1265 1240 1264
f 1266 1242 1241
f 1266 1241 1265
f 1267 1243 1242
f 1267 1242 1266
f 1268 1247 1245
f 1268 1245 1269
f 1270 1248 1247
f 1270 1247 1268
f 1271 1249 1248
f 1271 1248 1270
f 1272 1250 1249
f 1272 1249 1271
f 1273 1251 1250
f 1273 1250 1272
f 1274 1252 1251
f 1274 1251 1273
f 1275 1253 1252
f 1275 1252 1274
f 1276 1254 1253
f 1276 1253 1275
f 1277 1255 1254
f 1277 1254 1276
f 1278 1256 1255
f 1278 1255 1277
f 1279 1257 1256
f 1279 1256 1278
f 1280 1258 1257
f 1280 1257 1279
f 1281 1259 1258
f 1281 1258 1280
f 1282 1260 1259
f 1282 1259 1281
f 1283 1261 1260
f 1283 1260 1282
f 1284 1262 1261
f 1284 1261 1283
f 1285 1263 1262
f 1285 1262 1284
f 1286 1264 1263
f 1286 1263 1285
f 1287 1265 1264
f 1287 1264 1286
f 1288 1266 1265
f 1288 1265 1287
f 1289 1270 1268
f 1289 1268 1290
f 1291 1271 1270
f 1291 1270 1289
f 1292 1272 1271
f 1292 1271 1291
f 1293 1273 1272
f 1293 1272 1292
f 1294 1274 1273
f 1294 1273 1293
f 1295 1275 1274
f 1295 1274 1294
f 1296 1276 1275
f 1296 1275 1295
f 1297 1277 1276
f 1297 1276 1296
f 1298 1278 1277
f 1298 1277 1297
f 1299 1279 1278
f 1299 1278 1298
f 1300 1280 1279
f 1300 1279 1299
f 1301 1281 1280
f 1301 1280 1300
f 1302 1282 1281
f 1302 1281 1301
f 1303 1283 1282
f 1303 1282 1302
f 1304 1284 1283
f 1304 1283 1303
f 1305 1285 1284
f 1305 1284 1304
f 1306 1286 1285
f 1306 1285 1305
f 1307 1287 1286
f 1307 1286 1306
f 1308 1291 1289
f 1308 1289 1309
f 1310 1292 1291
f 1310 1291 1308
f 1311 1293 1292
f 1311 1292 1310
f 1312 1294 1293
f 1312 1293 1311
f 1313 1295 1294
f 1313 1294 1312
f 1314 1296 1295
f 1314 1295 1313
f 1315 1297 1296
f 1315 1296 1314
f 1316 1298 1297
f 1316 1297 1315
f 1317 1299 1298
f 1317 1298 1316
f 1318 1300 1299
f 1318 1299 1317
f 1319 1301 1300
f 1319 1300 1318
f 1320 1302 1301
f 1320 1301 1319
f 1321 1303 1302
f 1321 1302 1320
f 1322 1304 1303
f 1322 1303 1321
f 1323 1305 1304
f 1323 1304 1322
f 1324 1306 1305
f 1324 1305 1323
f 1325 1308 1309
f 1325 1309 1326
f 1327 1310 1308
f 1327 1308 1325
f 1328 1311 1310
f 1328 1310 1327
f 1329 1312 1311
f 1329 1311 1328
f 1330 1313 1312
f 1330 1312 1329
f 1331 1314 1313
f 1331 1313 1330
f 1332 1315 1314
f 1332 1314 1331
f 1333 1316 1315
f 1333 1315 1332
f 1334 1317 1316
f 1334 1316 1333
f 1335 1318 1317
f 1335 1317 1334
f 1336 1319 1318
f 1336 1318 1335
f 1337 1320 1319
f 1337 1319 1336
f 1338 1321 1320
f 1338 1320 1337
f 1339 1322 1321
f 1339 1321 1338
f 1340 1323 1322
f 1340 1322 1339
f 1341 1324 1323
f 1341 1323 1340
f 1342 1327 1325
f 1342 1325 1343
f 1344 1328 1327
f 1344 1327 1342
f 1345 1329 1328
f 1345 1328 1344
f 1346 1330 1329
f 1346 1329 1345
f 1347 1331 1330
f 1347 1330 1346
f 1348 1332 1331
f 1348 1331 1347
f 1349 1333 1332
f 1349 1332 1348
f 1350 1334 1333
f 1350 1333 1349
f 1351 1335 1334
f 1351 1334 1350
f 1352 1336 1335
f 1352 1335 1351
f 1353 1337 1336
f 1353 1336 1352
f 1354 1338 1337
f 1354 1337 1353
f 1355 1339 1338
f 1355 1338 1354
f 1356 1340 1339
f 1356 1339 1355
f 1357 1344 1342
f 1357 1342 1358
f 1359 1345 1344
f 1359 1344 1357
f 1360 1346 1345
f 1360 1345 1359
f 1361 1347 1346
f 1361 1346 1360
f 1362 1348 1347
f 1362 1347 1361
f 1363 1349 1348
f 1363 1348 1362
f 1364 1350 1349
f 1364 1349 1363
f 1365 1351 1350
f 1365 1350 1364
f 1366 1352 1351
f 1366 1351 1365
f 1367 1353 1352
f 1367 1352 1366
f 1368 1354 1353
f 1368 1353 1367
f 1369 1355 1354
f 1369 1354 1368
f 1370 1357 1358
f 1370 1358 1371
f 1372 1359 1357
f 1372 1357 1370
f 1373 1360 1359
f 1373 1359 1372
f 1374 1361 1360
f 1374 1360 1373
f 1375 1362 1361
f 1375 1361 1374
f 1376 1363 1362
f 1376 1362 1375
f 1377 1364 1363
f 1377 1363 1376
f 1378 1365 1364
f 1378 1364 1377
f 1379 1366 1365
f 1379 1365 1378
f 1380 1367 1366
f 1380 1366 1379
f 1381 1368 1367
f 1381 1367 1380
f 1382 1369 1368
f 1382 1368 1381
f 1383 1372 1370
f 1383 1370 1384
f 1385 1373 1372
f 1385 1372 1383
f 1386 1374 1373
f 1386 1373 1385
f 1387 1375 1374
f 1387 1374 1386
f 1388 1376 1375
f 1388 1375 1387
f 1389 1377 1376
f 1389 1376 1388
f 1390 1378 1377
f 1390 1377 1389
f 1391 1379 1378
f 1391 1378 1390
f 1392 1380 1379
f 1392 1379 1391
f 1393 1381 1380
f 1393 1380 1392
f 1394 1383 1384
f 1394 1384 1395
f 1396 1385 1383
f 1396 1383 1394
f 1397 1386 1385
f 1397 1385 1396
f 1398 1387 1386
f 1398 1386 1397
f 1399 1388 1387
f 1399 1387 1398
f 1400 1389 1388
f 1400 1388 1399
f 1401 1390 1389
f 1401 1389 1400
f 1402 1391 1390
f 1402 1390 1401
f 1403 1392 1391
f 1403 1391 1402
f 1404 1393 1392
f 1404 1392 1403
f 1405 1394 1395
f 1405 1395 1406
f 1407 1396 1394
f 1407 1394 1405
f 1408 1397 1396
f 1408 1396 1407
f 1409 1398 1397
f 1409 1397 1408
f 1410 1399 1398
f 1410 1398 1409
f 1411 1400 1399
f 1411 1399 1410
f 1412 1401 1400
f 1412 1400 1411
f 1413 1402 1401
f 1413 1401 1412
f 1414 1403 1402
f 1414 1402 1413
f 1415 1404 1403
f 1415 1403 1414
f 1416 1405 1406
f 1416 1406 1417
f 1418 1407 1405
f 1418 1405 1416
f 1419 1408 1407
f 1419 1407 1418
f 1420 1409 1408
f 1420 1408 1419
f 1421 1410 1409
f 1421 1409 1420
f 1422 1411 1410
f 1422 1410 1421
f 1423 1412 1411
f 1423 1411 1422
f 1424 1413 1412
f 1424 1412 1423
f 1425 1414 1413
f 1425 1413 1424
f 1426 1415 1414
f 1426 1414 1425
f 2 1416 1417
f 2 1417 3
f 6 1418 1416
f 6 1416 2
f 8 1419 1418
f 8 1418 6
f 10 1420 1419
f 10 1419 8
f 12 1421 1420
f 12 1420 10
f 14 1422 1421
f 14 1421 12
f 16 1423 1422
f 16 1422 14
f 18 1424 1423
f 18 1423 16
f 20 1425 1424
f 20 1424 18
f 22 1426 1425
f 22 1425 20
f 1427 1428 256
f 1427 256 256
f 192 191 1429
f 192 1429 1429
f 1430 1429 191
f 1430 191 191
f 169 1430 191
f 169 191 191
f 147 1431 1432
f 147 1432 1432
f 148 147 1432
f 148 1432 1432
f 1430 168 1432
f 1430 1432 1432
f 1432 168 148
f 1432 148 148
f 168 1430 169
f 168 169 169
f 147 1433 1431
f 147 1431 1431
f 24 1434 1435
f 24 1435 1435
f 68 46 1436
f 68 1436 1436
f 46 1437 1436
f 46 1436 1436
f 35 1435 1437
f 35 1437 1437
f 3 1438 4
f 3 4 4
f 4 1438 1434
f 4 1434 1434
f 24 4 1434
f 24 1434 1434
f 35 24 1435
f 35 1435 1435
f 35 1437 46
f 35 46 46
f 68 1436 1439
f 68 1439 1439
f 97 96 1440
f 97 1440 1440
f 1440 1441 97
f 1440 97 97
f 1442 1440 96
f 1442 96 96
f 1433 147 112
f 1433 112 112
f 130 112 147
f 130 147 147
f 112 97 1441
f 112 1441 1441
f 1441 1433 112
f 1441 112 112
f 1442 69 1439
f 1442 1439 1439
f 69 68 1439
f 69 1439 1439
f 46 68 57
f 46 57 57
f 69 1442 83
f 69 83 83
f 83 1442 96
f 83 96 96
f 1443 1444 233
f 1443 233 233
f 1445 1443 233
f 1445 233 233
f 1429 211 192
f 1429 192 192
f 211 1445 233
f 211 233 233
f 1446 219 242
f 1446 242 242
f 220 219 1446
f 220 1446 1446
f 211 233 212
f 211 212 212
f 1444 258 233
f 1444 233 233
f 255 1427 256
f 255 256 256
f 1444 255 258
f 1444 258 258
f 258 234 233
f 258 233 233
f 1444 1427 255
f 1444 255 255
f 1447 1448 268
f 1447 268 268
f 242 268 1448
f 242 1448 1448
f 295 1447 268
f 295 268 268
f 1449 1447 295
f 1449 295 295
f 319 1449 295
f 319 295 295
f 1446 242 1448
f 1446 1448 1448
f 1450 199 1451
f 1450 1451 1451
f 220 1451 199
f 220 199 199
f 345 1449 319
f 345 319 319
f 1446 1451 220
f 1446 220 220
f 345 1452 1449
f 345 1449 1449
f 1453 177 1454
f 1453 1454 1454
f 176 1454 177
f 176 177 177
f 176 1450 1454
f 176 1454 1454
f 199 1450 176
f 199 176 176
f 1452 345 344
f 1452 344 344
f 1455 344 373
f 1455 373 373
f 1456 559 589
f 1456 589 589
f 558 589 559
f 558 559 559
f 589 1457 1456
f 589 1456 1456
f 1456 1458 559
f 1456 559 559
f 1455 373 1459
f 1455 1459 1459
f 1459 373 403
f 1459 403 403
f 403 1460 1459
f 403 1459 1459
f 1461 560 1458
f 1461 1458 1458
f 560 559 1458
f 560 1458 1458
f 1452 344 1455
f 1452 1455 1455
f 561 560 1461
f 561 1461 1461
f 1462 589 588
f 1462 588 588
f 211 1429 1445
f 211 1445 1445
f 178 177 1453
f 178 1453 1453
f 1463 22 21
f 1463 21 21
f 1464 33 44
f 1464 44 44
f 1465 44 55
f 1465 55 55
f 1466 21 33
f 1466 33 33
f 21 1466 1463
f 21 1463 1463
f 33 1464 1466
f 33 1466 1466
f 55 1467 1465
f 55 1465 1465
f 1467 81 1468
f 1467 1468 1468
f 1465 1464 44
f 1465 44 44
f 81 1467 55
f 81 55 55
f 1468 80 1469
f 1468 1469 1469
f 55 66 81
f 55 81 81
f 179 178 1453
f 179 1453 1453
f 1470 180 179
f 1470 179 179
f 111 1471 1469
f 111 1469 1469
f 80 94 1469
f 80 1469 1469
f 94 111 1469
f 94 1469 1469
f 1472 1471 110
f 1472 110 110
f 111 110 1471
f 111 1471 1471
f 128 1472 110
f 128 110 110
f 81 80 1468
f 81 1468 1468
f 1473 1474 283
f 1473 283 283
f 166 1475 1476
f 166 1476 1476
f 128 1476 1472
f 128 1472 1472
f 166 1476 128
f 166 128 128
f 165 1477 166
f 165 166 166
f 189 188 1478
f 189 1478 1478
f 1477 1475 166
f 1477 166 166
f 165 189 1477
f 165 1477 1477
f 1478 209 1479
f 1478 1479 1479
f 1478 1477 189
f 1478 189 189
f 128 145 166
f 128 166 166
f 180 1480 200
f 180 200 200
f 348 347 1481
f 348 1481 1481
f 200 1480 1482
f 200 1482 1482
f 1482 222 200
f 1482 200 200
f 1483 222 1482
f 1483 1482 1482
f 222 1483 221
f 222 221 221
f 347 321 1484
f 347 1484 1484
f 1481 347 1484
f 1481 1484 1484
f 1485 244 1483
f 1485 1483 1483
f 348 1481 1486
f 348 1486 1486
f 1460 407 1487
f 1460 1487 1487
f 1487 374 1486
f 1487 1486 1486
f 405 407 1460
f 405 1460 1460
f 1488 562 1461
f 1488 1461 1461
f 562 561 1461
f 562 1461 1461
f 374 1487 407
f 374 407 407
f 374 348 1486
f 374 1486 1486
f 564 563 591
f 564 591 591
f 1488 563 562
f 1488 562 562
f 591 563 1489
f 591 1489 1489
f 1488 1489 563
f 1488 563 563
f 179 1453 1470
f 179 1470 1470
f 1479 208 231
f 1479 231 231
f 1478 188 209
f 1478 209 209
f 253 231 230
f 253 230 230
f 1479 231 1490
f 1479 1490 1490
f 1490 253 1491
f 1490 1491 1491
f 253 1492 1491
f 253 1491 1491
f 253 1490 231
f 253 231 231
f 1479 209 208
f 1479 208 208
f 244 1485 270
f 244 270 270
f 1483 244 221
f 1483 221 221
f 297 270 1493
f 297 1493 1493
f 1484 297 1493
f 1484 1493 1493
f 321 297 1484
f 321 1484 1484
f 282 1474 1492
f 282 1492 1492
f 280 253 252
f 280 252 252
f 280 1492 253
f 280 253 253
f 1492 280 282
f 1492 282 282
f 1474 282 283
f 1474 283 283
f 1485 1493 270
f 1485 270 270
f 1494 590 591
f 1494 591 591
f 1480 180 1470
f 1480 1470 1470
f 1460 403 405
f 1460 405 405
f 658 637 636
f 658 636 636
f 1495 678 698
f 1495 698 698
f 1496 658 678
f 1496 678 678
f 1495 1496 678
f 1495 678 678
f 1497 1495 698
f 1497 698 698
f 1498 1497 718
f 1498 718 718
f 738 1498 718
f 738 718 718
f 698 718 1497
f 698 1497 1497
f 738 758 780
f 738 780 780
f 1496 1499 658
f 1496 658 658
f 1163 1162 1500
f 1163 1500 1500
f 1500 1162 256
f 1500 256 256
f 1501 1163 1500
f 1501 1500 1500
f 1194 1163 1501
f 1194 1501 1501
f 1194 1164 1163
f 1194 1163 1163
f 1221 1193 1194
f 1221 1194 1194
f 1502 1503 1221
f 1502 1221 1221
f 1246 1220 1221
f 1246 1221 1221
f 1502 1221 1194
f 1502 1194 1194
f 1194 1501 1502
f 1194 1502 1502
f 637 1504 613
f 637 613 613
f 658 1499 637
f 658 637 637
f 780 1505 1498
f 780 1498 1498
f 1498 738 780
f 1498 780 780
f 1499 1504 637
f 1499 637 637
f 1457 589 1462
f 1457 1462 1462
f 1462 588 614
f 1462 614 614
f 1504 1462 614
f 1504 614 614
f 780 1506 1505
f 780 1505 1505
f 1504 614 613
f 1504 613 613
f 1506 780 779
f 1506 779 779
f 1507 805 804
f 1507 804 804
f 1506 805 1507
f 1506 1507 1507
f 1506 779 805
f 1506 805 805
f 861 832 831
f 861 831 831
f 1507 804 832
f 1507 832 832
f 1508 1507 832
f 1508 832 832
f 861 1509 1508
f 861 1508 1508
f 863 1510 1509
f 863 1509 1509
f 1509 861 863
f 1509 863 863
f 1510 863 865
f 1510 865 865
f 861 1508 832
f 861 832 832
f 865 1511 1510
f 865 1510 1510
f 1221 1512 1246
f 1221 1246 1246
f 1269 1245 1513
f 1269 1513 1513
f 1246 1513 1245
f 1246 1245 1245
f 1268 1269 1514
f 1268 1514 1514
f 1513 1514 1269
f 1513 1269 1269
f 1514 1290 1268
f 1514 1268 1268
f 1513 1246 1512
f 1513 1512 1512
f 1512 1221 1503
f 1512 1503 1503
f 1428 1500 256
f 1428 256 256
f 1515 1290 1514
f 1515 1514 1514
f 1290 1515 1289
f 1290 1289 1289
f 1289 1515 1309
f 1289 1309 1309
f 1326 1516 1517
f 1326 1517 1517
f 1309 1516 1326
f 1309 1326 1326
f 1515 1516 1309
f 1515 1309 1309
f 1326 1517 1325
f 1326 1325 1325
f 1343 1325 1517
f 1343 1517 1517
f 1518 1342 1343
f 1518 1343 1343
f 1358 1518 1519
f 1358 1519 1519
f 1371 1358 1519
f 1371 1519 1519
f 1342 1518 1358
f 1342 1358 1358
f 1343 1517 1518
f 1343 1518 1518
f 1520 1384 1371
f 1520 1371 1371
f 1519 1520 1371
f 1519 1371 1371
f 1520 1521 1384
f 1520 1384 1384
f 1417 1522 1438
f 1417 1438 1438
f 1406 1523 1522
f 1406 1522 1522
f 1523 1395 1521
f 1523 1521 1521
f 1371 1384 1370
f 1371 1370 1370
f 1521 1395 1384
f 1521 1384 1384
f 1522 1417 1406
f 1522 1406 1406
f 1438 3 1417
f 1438 1417 1417
f 1406 1395 1523
f 1406 1523 1523
f 1524 1494 591
f 1524 591 591
f 1525 616 1494
f 1525 1494 1494
f 1494 616 590
f 1494 590 590
f 615 616 1525
f 615 1525 1525
f 615 1525 639
f 615 639 639
f 1526 639 1525
f 1526 1525 1525
f 1526 660 639
f 1526 639 639
f 782 1527 1528
f 782 1528 1528
f 1529 782 1528
f 1529 1528 1528
f 782 740 1527
f 782 1527 1527
f 1489 1524 591
f 1489 591 591
f 869 834 1530
f 869 1530 1530
f 1531 869 1530
f 1531 1530 1530
f 1532 1530 834
f 1532 834 834
f 1531 867 869
f 1531 869 869
f 867 1511 865
f 867 865 865
f 1511 867 1531
f 1511 1531 1531
f 835 834 869
f 835 869 869
f 783 1529 807
f 783 807 807
f 1532 807 1529
f 1532 1529 1529
f 782 1529 783
f 782 783 783
f 1532 834 808
f 1532 808 808
f 807 1532 808
f 807 808 808
f 660 638 639
f 660 639 639
f 1533 680 1534
f 1533 1534 1534
f 680 660 1534
f 680 1534 1534
f 660 1526 1534
f 660 1534 1534
f 1535 700 1533
f 1535 1533 1533
f 1533 700 680
f 1533 680 680
f 1535 720 700
f 1535 700 700
f 740 720 1527
f 740 1527 1527
f 720 1535 1527
f 720 1527 1527
f 782 760 740
f 782 740 740
f 1191 1190 1219
f 1191 1219 1219
f 1244 1219 1218
f 1244 1218 1218
f 1219 1536 1191
f 1219 1191 1191
f 1537 1219 1244
f 1537 1244 1244
f 1267 1244 1243
f 1267 1243 1243
f 1537 1536 1219
f 1537 1219 1219
f 283 1192 1538
f 283 1538 1538
f 1538 1192 1191
f 1538 1191 1191
f 1538 1191 1536
f 1538 1536 1536
f 1539 1537 1244
f 1539 1244 1244
f 1355 1369 1540
f 1355 1540 1540
f 1356 1355 1540
f 1356 1540 1540
f 1382 1541 1369
f 1382 1369 1369
f 1541 1540 1369
f 1541 1369 1369
f 1542 1340 1356
f 1542 1356 1356
f 1324 1543 1306
f 1324 1306 1306
f 1341 1544 1324
f 1341 1324 1324
f 1544 1543 1324
f 1544 1324 1324
f 1341 1340 1542
f 1341 1542 1542
f 1544 1341 1542
f 1544 1542 1542
f 1356 1540 1542
f 1356 1542 1542
f 1382 1381 1393
f 1382 1393 1393
f 1545 1393 1404
f 1545 1404 1404
f 1546 1415 1426
f 1546 1426 1426
f 1463 1426 22
f 1463 22 22
f 1547 1404 1415
f 1547 1415 1415
f 1382 1393 1548
f 1382 1548 1548
f 1548 1393 1545
f 1548 1545 1545
f 1541 1382 1548
f 1541 1548 1548
f 1415 1546 1547
f 1415 1547 1547
f 1426 1463 1546
f 1426 1546 1546
f 1545 1404 1547
f 1545 1547 1547
f 1549 1288 1287
f 1549 1287 1287
f 1550 1266 1288
f 1550 1288 1288
f 1550 1288 1549
f 1550 1549 1549
f 1307 1549 1287
f 1307 1287 1287
f 1267 1266 1550
f 1267 1550 1550
f 1551 1244 1267
f 1551 1267 1267
f 1551 1539 1244
f 1551 1244 1244
f 1551 1267 1550
f 1551 1550 1550
f 1543 1549 1307
f 1543 1307 1307
f 1538 1473 283
f 1538 283 283
f 1543 1307 1306
f 1543 1306 1306
f 1552 1553 1554
f 1552 1554 1554
f 1555 1556 1557
f 1555 1557 1557
f 1558 1554 1559
f 1558 1559 1559
f 1560 1561 1558
f 1560 1558 1558
f 1562 1563 1560
f 1562 1560 1560
f 1564 1558 1561
f 1564 1561 1561
f 1564 1554 1558
f 1564 1558 1558
f 1553 1552 1565
f 1553 1565 1565
f 1559 1553 1565
f 1559 1565 1565
f 1566 1554 1567
f 1566 1567 1567
f 1564 1567 1554
f 1564 1554 1554
f 1554 1553 1559
f 1554 1559 1559
f 1554 1566 1568
f 1554 1568 1568
f 1569 1570 1571
f 1569 1571 1571
f 1569 1572 1573
f 1569 1573 1573
f 1574 1572 1575
f 1574 1575 1575
f 1575 1572 1569
f 1575 1569 1569
f 1573 1570 1569
f 1573 1569 1569
f 1576 1561 1560
f 1576 1560 1560
f 1563 1576 1560
f 1563 1560 1560
f 1577 1578 1562
f 1577 1562 1562
f 1571 1570 1577
f 1571 1577 1577
f 1563 1562 1578
f 1563 1578 1578
f 1571 1577 1562
f 1571 1562 1562
f 1579 1580 1581
f 1579 1581 1581
f 1579 1582 1583
f 1579 1583 1583
f 1579 1583 1580
f 1579 1580 1580
f 1584 1582 1585
f 1584 1585 1585
f 1586 1587 1588
f 1586 1588 1588
f 1588 1589 1586
f 1588 1586 1586
f 1581 1589 1588
f 1581 1588 1588
f 1589 1581 1580
f 1589 1580 1580
f 1590 1587 1586
f 1590 1586 1586
f 1591 1585 1592
f 1591 1592 1592
f 1593 1594 1552
f 1593 1552 1552
f 1565 1552 1594
f 1565 1594 1594
f 1552 1595 1593
f 1552 1593 1593
f 1552 1568 1595
f 1552 1595 1595
f 1568 1552 1554
f 1568 1554 1554
f 1596 1594 1593
f 1596 1593 1593
f 1584 1583 1582
f 1584 1582 1582
f 1597 1584 1585
f 1597 1585 1585
f 1598 1591 1592
f 1598 1592 1592
f 1596 1598 1592
f 1596 1592 1592
f 1597 1585 1591
f 1597 1591 1591
f 1596 1592 1594
f 1596 1594 1594
f 1599 1600 1601
f 1599 1601 1601
f 1602 1603 1604
f 1602 1604 1604
f 1605 1602 1604
f 1605 1604 1604
f 1606 1599 1603
f 1606 1603 1603
f 1603 1602 1606
f 1603 1606 1606
f 1607 1608 1609
f 1607 1609 1609
f 1607 1601 1610
f 1607 1610 1610
f 1611 1600 1599
f 1611 1599 1599
f 1611 1599 1606
f 1611 1606 1606
f 1601 1600 1612
f 1601 1612 1612
f 1613 1614 1615
f 1613 1615 1615
f 1616 1617 1618
f 1616 1618 1618
f 1613 1616 1619
f 1613 1619 1619
f 1620 1621 1617
f 1620 1617 1617
f 1615 1614 1605
f 1615 1605 1605
f 1613 1619 1614
f 1613 1614 1614
f 1617 1621 1618
f 1617 1618 1618
f 1620 1622 1621
f 1620 1621 1621
f 1618 1619 1616
f 1618 1616 1616
f 1622 1620 1623
f 1622 1623 1623
f 1604 1615 1605
f 1604 1605 1605
f 1624 1625 1626
f 1624 1626 1626
f 1627 1628 1629
f 1627 1629 1629
f 1630 1631 1629
f 1630 1629 1629
f 1624 1629 1628
f 1624 1628 1628
f 1628 1632 1624
f 1628 1624 1624
f 1633 1574 1575
f 1633 1575 1575
f 1626 1625 1634
f 1626 1634 1634
f 1624 1632 1625
f 1624 1625 1625
f 1634 1633 1626
f 1634 1626 1626
f 1626 1633 1575
f 1626 1575 1575
f 1609 1635 1636
f 1609 1636 1636
f 1635 1609 1608
f 1635 1608 1608
f 1637 1608 1607
f 1637 1607 1607
f 1610 1637 1607
f 1610 1607 1607
f 1610 1601 1612
f 1610 1612 1612
f 1631 1627 1629
f 1631 1629 1629
f 1638 1631 1630
f 1638 1630 1630
f 1639 1636 1640
f 1639 1640 1640
f 1609 1636 1639
f 1609 1639 1639
f 1640 1638 1639
f 1640 1639 1639
f 1638 1630 1639
f 1638 1639 1639
f 1641 1642 1643
f 1641 1643 1643
f 1644 1645 1646
f 1644 1646 1646
f 1646 1642 1647
f 1646 1647 1647
f 1648 1649 1645
f 1648 1645 1645
f 1641 1643 1590
f 1641 1590 1590
f 1650 1651 1649
f 1650 1649 1649
f 1652 1653 1654
f 1652 1654 1654
f 1655 1653 1651
f 1655 1651 1651
f 1652 1656 1657
f 1652 1657 1657
f 1647 1642 1641
f 1647 1641 1641
f 1649 1648 1650
f 1649 1650 1650
f 1645 1644 1648
f 1645 1648 1648
f 1646 1647 1644
f 1646 1644 1644
f 1652 1654 1656
f 1652 1656 1656
f 1653 1655 1654
f 1653 1654 1654
f 1658 1657 1659
f 1658 1659 1659
f 1657 1660 1659
f 1657 1659 1659
f 1657 1656 1660
f 1657 1660 1660
f 1651 1650 1655
f 1651 1655 1655
f 1590 1643 1587
f 1590 1587 1587
f 1661 1658 1659
f 1661 1659 1659
f 1662 1658 1661
f 1662 1661 1661
f 1663 1662 1664
f 1663 1664 1664
f 1662 1665 1664
f 1662 1664 1664
f 1662 1661 1665
f 1662 1665 1665
f 1666 1663 1664
f 1666 1664 1664
f 1667 1668 1663
f 1667 1663 1663
f 1669 1670 1671
f 1669 1671 1671
f 1671 1668 1672
f 1671 1672 1672
f 1668 1667 1673
f 1668 1673 1673
f 1667 1663 1666
f 1667 1666 1666
f 1672 1674 1671
f 1672 1671 1671
f 1675 1676 1670
f 1675 1670 1670
f 1669 1675 1670
f 1669 1670 1670
f 1674 1669 1671
f 1674 1671 1671
f 1677 1678 1679
f 1677 1679 1679
f 1676 1679 1670
f 1676 1670 1670
f 1676 1680 1679
f 1676 1679 1679
f 1681 1678 1682
f 1681 1682 1682
f 1677 1682 1678
f 1677 1678 1678
f 1680 1677 1679
f 1680 1679 1679
f 1673 1672 1668
f 1673 1668 1668
f 1683 1684 1681
f 1683 1681 1681
f 1685 1686 1687
f 1685 1687 1687
f 1685 1684 1686
f 1685 1686 1686
f 1681 1684 1685
f 1681 1685 1685
f 1688 1685 1687
f 1688 1687 1687
f 1689 1688 1690
f 1689 1690 1690
f 1691 1690 1688
f 1691 1688 1688
f 1692 1689 1690
f 1692 1690 1690
f 1688 1687 1691
f 1688 1691 1691
f 1682 1683 1681
f 1682 1681 1681
f 1689 1693 1694
f 1689 1694 1694
f 1695 1696 1697
f 1695 1697 1697
f 1694 1698 1696
f 1694 1696 1696
f 1694 1693 1698
f 1694 1698 1698
f 1694 1696 1695
f 1694 1695 1695
f 1697 1699 1695
f 1697 1695 1695
f 1697 1700 1699
f 1697 1699 1699
f 1701 1702 1703
f 1701 1703 1703
f 1703 1699 1700
f 1703 1700 1700
f 1704 1702 1701
f 1704 1701 1701
f 1692 1693 1689
f 1692 1689 1689
f 1702 1699 1703
f 1702 1703 1703
f 1705 1704 1706
f 1705 1706 1706
f 1707 1708 1709
f 1707 1709 1709
f 1709 1705 1706
f 1709 1706 1706
f 1710 1708 1707
f 1710 1707 1707
f 1705 1709 1708
f 1705 1708 1708
f 1705 1702 1704
f 1705 1704 1704
f 1711 1712 1713
f 1711 1713 1713
f 1710 1712 1708
f 1710 1708 1708
f 1714 1711 1713
f 1714 1713 1713
f 1713 1712 1710
f 1713 1710 1710
f 1715 1714 1716
f 1715 1716 1716
f 1717 1718 1719
f 1717 1719 1719
f 1720 1721 1718
f 1720 1718 1718
f 1722 1716 1721
f 1722 1721 1721
f 1722 1721 1720
f 1722 1720 1720
f 1716 1722 1715
f 1716 1715 1715
f 1717 1719 1723
f 1717 1723 1723
f 1718 1717 1720
f 1718 1720 1720
f 1724 1723 1725
f 1724 1725 1725
f 1723 1719 1725
f 1723 1725 1725
f 1711 1714 1715
f 1711 1715 1715
f 1726 1727 1623
f 1726 1623 1623
f 1728 1729 1730
f 1728 1730 1730
f 1726 1728 1731
f 1726 1731 1731
f 1732 1733 1729
f 1732 1729 1729
f 1726 1731 1727
f 1726 1727 1727
f 1729 1733 1730
f 1729 1730 1730
f 1732 1734 1733
f 1732 1733 1733
f 1730 1731 1728
f 1730 1728 1728
f 1734 1732 1735
f 1734 1735 1735
f 1734 1735 1736
f 1734 1736 1736
f 1737 1736 1735
f 1737 1735 1735
f 1738 1739 1737
f 1738 1737 1737
f 1736 1737 1739
f 1736 1739 1739
f 1740 1741 1738
f 1740 1738 1738
f 1742 1739 1738
f 1742 1738 1738
f 1741 1742 1738
f 1741 1738 1738
f 1740 1743 1744
f 1740 1744 1744
f 1740 1745 1741
f 1740 1741 1741
f 1746 1747 1743
f 1746 1743 1743
f 1740 1744 1745
f 1740 1745 1745
f 1748 1744 1743
f 1748 1743 1743
f 1747 1746 1749
f 1747 1749 1749
f 1743 1747 1748
f 1743 1748 1748
f 1749 1746 1750
f 1749 1750 1750
f 1750 1746 1751
f 1750 1751 1751
f 1751 1752 1750
f 1751 1750 1750
f 1753 1754 1755
f 1753 1755 1755
f 1755 1756 1757
f 1755 1757 1757
f 1753 1752 1751
f 1753 1751 1751
f 1751 1754 1753
f 1751 1753 1753
f 1754 1756 1755
f 1754 1755 1755
f 1758 1757 1756
f 1758 1756 1756
f 1759 1758 1760
f 1759 1760 1760
f 1756 1760 1758
f 1756 1758 1758
f 1761 1762 1760
f 1761 1760 1760
f 1760 1762 1759
f 1760 1759 1759
f 1761 1763 1762
f 1761 1762 1762
f 1764 1765 1766
f 1764 1766 1766
f 1766 1765 1767
f 1766 1767 1767
f 1764 1763 1761
f 1764 1761 1761
f 1761 1765 1764
f 1761 1764 1764
f 1768 1767 1769
f 1768 1769 1769
f 1765 1769 1767
f 1765 1767 1767
f 1770 1771 1769
f 1770 1769 1769
f 1768 1769 1771
f 1768 1771 1771
f 1772 1771 1770
f 1772 1770 1770
f 1772 1773 1774
f 1772 1774 1774
f 1775 1776 1777
f 1775 1777 1777
f 1777 1776 1778
f 1777 1778 1778
f 1773 1775 1774
f 1773 1774 1774
f 1773 1772 1770
f 1773 1770 1770
f 1773 1776 1775
f 1773 1775 1775
f 1778 1776 1779
f 1778 1779 1779
f 1555 1780 1779
f 1555 1779 1779
f 1779 1780 1778
f 1779 1778 1778
f 1781 1555 1779
f 1781 1779 1779
f 1782 1783 1555
f 1782 1555 1555
f 1780 1555 1783
f 1780 1783 1783
f 1555 1784 1782
f 1555 1782 1782
f 1557 1556 1785
f 1557 1785 1785
f 1781 1785 1556
f 1781 1556 1556
f 1786 1557 1785
f 1786 1785 1785
f 1556 1555 1781
f 1556 1781 1781
f 1557 1784 1555
f 1557 1555 1555
f 1787 1784 1557
f 1787 1557 1557
f 1788 1789 1786
f 1788 1786 1786
f 1557 1789 1787
f 1557 1787 1787
f 1790 1791 1788
f 1790 1788 1788
f 1557 1786 1789
f 1557 1789 1789
f 1791 1790 1792
f 1791 1792 1792
f 1792 1793 1794
f 1792 1794 1794
f 1795 1796 1797
f 1795 1797 1797
f 1797 1798 1799
f 1797 1799 1799
f 1793 1795 1794
f 1793 1794 1794
f 1788 1786 1790
f 1788 1790 1790
f 1795 1793 1796
f 1795 1796 1796
f 1799 1798 1800
f 1799 1800 1800
f 1798 1797 1796
f 1798 1796 1796
f 1800 1801 1799
f 1800 1799 1799
f 1802 1803 1801
f 1802 1801 1801
f 1804 1805 1803
f 1804 1803 1803
f 1805 1804 1806
f 1805 1806 1806
f 1802 1804 1803
f 1802 1803 1803
f 1802 1801 1800
f 1802 1800 1800
f 1807 1805 1806
f 1807 1806 1806
f 1790 1793 1792
f 1790 1792 1792
f 1808 1809 1810
f 1808 1810 1810
f 1811 1812 1813
f 1811 1813 1813
f 1812 1808 1813
f 1812 1813 1813
f 1808 1810 1813
f 1808 1813 1813
f 1814 1815 1816
f 1814 1816 1816
f 1817 1818 1819
f 1817 1819 1819
f 1817 1809 1818
f 1817 1818 1818
f 1815 1814 1819
f 1815 1819 1819
f 1808 1818 1809
f 1808 1809 1809
f 1820 1811 1821
f 1820 1821 1821
f 1822 1823 1824
f 1822 1824 1824
f 1825 1826 1827
f 1825 1827 1827
f 1826 1822 1827
f 1826 1827 1827
f 1822 1824 1827
f 1822 1827 1827
f 1820 1812 1811
f 1820 1811 1811
f 1828 1820 1821
f 1828 1821 1821
f 1829 1830 1828
f 1829 1828 1828
f 1820 1828 1830
f 1820 1830 1830
f 1830 1829 1823
f 1830 1823 1823
f 1830 1823 1822
f 1830 1822 1822
f 1826 1825 1831
f 1826 1831 1831
f 1724 1832 1833
f 1724 1833 1833
f 1834 1835 1836
f 1834 1836 1836
f 1837 1838 1835
f 1837 1835 1835
f 1839 1833 1838
f 1839 1838 1838
f 1839 1724 1833
f 1839 1833 1833
f 1837 1835 1834
f 1837 1834 1834
f 1838 1837 1839
f 1838 1839 1839
f 1840 1834 1836
f 1840 1836 1836
f 1840 1836 1841
f 1840 1841 1841
f 1725 1832 1724
f 1725 1724 1724
f 1842 1843 1844
f 1842 1844 1844
f 1845 1846 1847
f 1845 1847 1847
f 1818 1815 1819
f 1818 1819 1819
f 1848 1842 1847
f 1848 1847 1847
f 1816 1815 1846
f 1816 1846 1846
f 1841 1844 1849
f 1841 1849 1849
f 1849 1844 1843
f 1849 1843 1843
f 1840 1841 1849
f 1840 1849 1849
f 1842 1848 1843
f 1842 1843 1843
f 1848 1847 1846
f 1848 1846 1846
f 1845 1816 1846
f 1845 1846 1846
f 1850 1851 1852
f 1850 1852 1852
f 1853 1854 1855
f 1853 1855 1855
f 1855 1856 1857
f 1855 1857 1857
f 1857 1858 1850
f 1857 1850 1850
f 1859 1860 1861
f 1859 1861 1861
f 1851 1862 1863
f 1851 1863 1863
f 1863 1852 1851
f 1863 1851 1851
f 1859 1863 1862
f 1859 1862 1862
f 1862 1860 1859
f 1862 1859 1859
f 1864 1853 1865
f 1864 1865 1865
f 1866 1867 1868
f 1866 1868 1868
f 1868 1869 1866
f 1868 1866 1866
f 1806 1869 1807
f 1806 1807 1807
f 1807 1869 1868
f 1807 1868 1868
f 1870 1867 1866
f 1870 1866 1866
f 1857 1856 1858
f 1857 1858 1858
f 1858 1851 1850
f 1858 1850 1850
f 1855 1854 1856
f 1855 1856 1856
f 1853 1864 1854
f 1853 1854 1854
f 1864 1865 1870
f 1864 1870 1870
f 1870 1865 1867
f 1870 1867 1867
f 1871 1872 1873
f 1871 1873 1873
f 1874 1875 1876
f 1874 1876 1876
f 1875 1871 1876
f 1875 1876 1876
f 1871 1873 1876
f 1871 1876 1876
f 1826 1831 1877
f 1826 1877 1877
f 1878 1877 1879
f 1878 1879 1879
f 1879 1877 1831
f 1879 1831 1831
f 1877 1878 1880
f 1877 1880 1880
f 1880 1878 1872
f 1880 1872 1872
f 1880 1872 1871
f 1880 1871 1871
f 1875 1874 1881
f 1875 1881 1881
f 1882 1883 1884
f 1882 1884 1884
f 1882 1885 1860
f 1882 1860 1860
f 1861 1860 1885
f 1861 1885 1885
f 1884 1885 1882
f 1884 1882 1882
f 1886 1883 1882
f 1886 1882 1882
f 1886 1887 1888
f 1886 1888 1888
f 1889 1890 1887
f 1889 1887 1887
f 1881 1889 1875
f 1881 1875 1875
f 1886 1889 1887
f 1886 1887 1887
f 1886 1888 1883
f 1886 1883 1883
f 1890 1889 1881
f 1890 1881 1881
f 1623 1727 1622
f 1623 1622 1622
f 1891 1892 1893
f 1891 1893 1894
f 1892 1895 1896
f 1892 1896 1893
f 1895 1897 1898
f 1895 1898 1896
f 1897 1899 1900
f 1897 1900 1898
f 1899 1901 1902
f 1899 1902 1900
f 1901 1903 1904
f 1901 1904 1902
f 1903 1905 1906
f 1903 1906 1904
f 1905 1907 1908
f 1905 1908 1906
f 1907 1909 1910
f 1907 1910 1908
f 1909 1911 1912
f 1909 1912 1910
f 1911 1913 1914
f 1911 1914 1912
f 1913 1915 1916
f 1913 1916 1914
f 1915 1917 1918
f 1915 1918 1916
f 1917 1919 1920
f 1917 1920 1918
f 1919 1921 1922
f 1919 1922 1920
f 1921 1923 1924
f 1921 1924 1922
f 1923 1925 1926
f 1923 1926 1924
f 1925 1927 1928
f 1925 1928 1926
f 1927 1929 1930
f 1927 1930 1928
f 1929 1931 1932
f 1929 1932 1930
f 1931 1933 1934
f 1931 1934 1932
f 1933 1935 1936
f 1933 1936 1934
f 1935 1937 1938
f 1935 1938 1936
f 1937 1939 1940
f 1937 1940 1938
f 1939 1941 1942
f 1939 1942 1940
f 1941 1943 1944
f 1941 1944 1942
f 1943 1945 1946
f 1943 1946 1944
f 1945 1947 1948
f 1945 1948 1946
f 1947 1949 1950
f 1947 1950 1948
f 1949 1891 1894
f 1949 1894 1950
f 1894 1893 1951
f 1894 1951 1952
f 1893 1896 1953
f 1893 1953 1951
f 1896 1898 1954
f 1896 1954 1953
f 1898 1900 1955
f 1898 1955 1954
f 1900 1902 1956
f 1900 1956 1955
f 1902 1904 1957
f 1902 1957 1956
f 1904 1906 1958
f 1904 1958 1957
f 1906 1908 1959
f 1906 1959 1958
f 1908 1910 1960
f 1908 1960 1959
f 1910 1912 1961
f 1910 1961 1960
f 1912 1914 1962
f 1912 1962 1961
f 1914 1916 1963
f 1914 1963 1962
f 1916 1918 1964
f 1916 1964 1963
f 1918 1920 1965
f 1918 1965 1964
f 1920 1922 1966
f 1920 1966 1965
f 1922 1924 1967
f 1922 1967 1966
f 1924 1926 1968
f 1924 1968 1967
f 1926 1928 1969
f 1926 1969 1968
f 1928 1930 1970
f 1928 1970 1969
f 1930 1932 1971
f 1930 1971 1970
f 1932 1934 1972
f 1932 1972 1971
f 1934 1936 1973
f 1934 1973 1972
f 1936 1938 1974
f 1936 1974 1973
f 1938 1940 1975
f 1938 1975 1974
f 1940 1942 1976
f 1940 1976 1975
f 1942 1944 1977
f 1942 1977 1976
f 1944 1946 1978
f 1944 1978 1977
f 1946 1948 1979
f 1946 1979 1978
f 1948 1950 1980
f 1948 1980 1979
f 1950 1894 1952
f 1950 1952 1980
f 1952 1951 1981
f 1952 1981 1982
f 1951 1953 1983
f 1951 1983 1981
f 1953 1954 1984
f 1953 1984 1983
f 1954 1955 1985
f 1954 1985 1984
f 1955 1956 1986
f 1955 1986 1985
f 1956 1957 1987
f 1956 1987 1986
f 1957 1958 1988
f 1957 1988 1987
f 1958 1959 1989
f 1958 1989 1988
f 1959 1960 1990
f 1959 1990 1989
f 1960 1961 1991
f 1960 1991 1990
f 1961 1962 1992
f 1961 1992 1991
f 1962 1963 1993
f 1962 1993 1992
f 1963 1964 1994
f 1963 1994 1993
f 1964 1965 1995
f 1964 1995 1994
f 1965 1966 1996
f 1965 1996 1995
f 1966 1967 1997
f 1966 1997 1996
f 1967 1968 1998
f 1967 1998 1997
f 1968 1969 1999
f 1968 1999 1998
f 1969 1970 2000
f 1969 2000 1999
f 1970 1971 2001
f 1970 2001 2000
f 1971 1972 2002
f 1971 2002 2001
f 1972 1973 2003
f 1972 2003 2002
f 1973 1974 2004
f 1973 2004 2003
f 1974 1975 2005
f 1974 2005 2004
f 1975 1976 2006
f 1975 2006 2005
f 1976 1977 2007
f 1976 2007 2006
f 1977 1978 2008
f 1977 2008 2007
f 1978 1979 2009
f 1978 2009 2008
f 1979 1980 2010
f 1979 2010 2009
f 1980 1952 1982
f 1980 1982 2010
f 1982 1981 2011
f 1982 2011 2012
f 1981 1983 2013
f 1981 2013 2011
f 1983 1984 2014
f 1983 2014 2013
f 1984 1985 2015
f 1984 2015 2014
f 1985 1986 2016
f 1985 2016 2015
f 1986 1987 2017
f 1986 2017 2016
f 1987 1988 2018
f 1987 2018 2017
f 1988 1989 2019
f 1988 2019 2018
f 1989 1990 2020
f 1989 2020 2019
f 1990 1991 2021
f 1990 2021 2020
f 1991 1992 2022
f 1991 2022 2021
f 1992 1993 2023
f 1992 2023 2022
f 1993 1994 2024
f 1993 2024 2023
f 1994 1995 2025
f 1994 2025 2024
f 1995 1996 2026
f 1995 2026 2025
f 1996 1997 2027
f 1996 2027 2026
f 1997 1998 2028
f 1997 2028 2027
f 1998 1999 2029
f 1998 2029 2028
f 1999 2000 2030
f 1999 2030 2029
f 2000 2001 2031
f 2000 2031 2030
f 2001 2002 2032
f 2001 2032 2031
f 2002 2003 2033
f 2002 2033 2032
f 2003 2004 2034
f 2003 2034 2033
f 2004 2005 2035
f 2004 2035 2034
f 2005 2006 2036
f 2005 2036 2035
f 2006 2007 2037
f 2006 2037 2036
f 2007 2008 2038
f 2007 2038 2037
f 2008 2009 2039
f 2008 2039 2038
f 2009 2010 2040
f 2009 2040 2039
f 2010 1982 2012
f 2010 2012 2040
f 2012 2011 2041
f 2012 2041 2042
f 2011 2013 2043
f 2011 2043 2041
f 2013 2014 2044
f 2013 2044 2043
f 2014 2015 2045
f 2014 2045 2044
f 2015 2016 2046
f 2015 2046 2045
f 2016 2017 2047
f 2016 2047 2046
f 2017 2018 2048
f 2017 2048 2047
f 2018 2019 2049
f 2018 2049 2048
f 2019 2020 2050
f 2019 2050 2049
f 2020 2021 2051
f 2020 2051 2050
f 2021 2022 2052
f 2021 2052 2051
f 2022 2023 2053
f 2022 2053 2052
f 2023 2024 2054
f 2023 2054 2053
f 2024 2025 2055
f 2024 2055 2054
f 2025 2026 2056
f 2025 2056 2055
f 2026 2027 2057
f 2026 2057 2056
f 2027 2028 2058
f 2027 2058 2057
f 2028 2029 2059
f 2028 2059 2058
f 2029 2030 2060
f 2029 2060 2059
f 2030 2031 2061
f 2030 2061 2060
f 2031 2032 2062
f 2031 2062 2061
f 2032 2033 2063
f 2032 2063 2062
f 2033 2034 2064
f 2033 2064 2063
f 2034 2035 2065
f 2034 2065 2064
f 2035 2036 2066
f 2035 2066 2065
f 2036 2037 2067
f 2036 2067 2066
f 2037 2038 2068
f 2037 2068 2067
f 2038 2039 2069
f 2038 2069 2068
f 2039 2040 2070
f 2039 2070 2069
f 2040 2012 2042
f 2040 2042 2070
f 2042 2041 2071
f 2042 2071 2072
f 2041 2043 2073
f 2041 2073 2071
f 2043 2044 2074
f 2043 2074 2073
f 2044 2045 2075
f 2044 2075 2074
f 2045 2046 2076
f 2045 2076 2075
f 2046 2047 2077
f 2046 2077 2076
f 2047 2048 2078
f 2047 2078 2077
f 2048 2049 2079
f 2048 2079 2078
f 2049 2050 2080
f 2049 2080 2079
f 2050 2051 2081
f 2050 2081 2080
f 2051 2052 2082
f 2051 2082 2081
f 2052 2053 2083
f 2052 2083 2082
f 2053 2054 2084
f 2053 2084 2083
f 2054 2055 2085
f 2054 2085 2084
f 2055 2056 2086
f 2055 2086 2085
f 2056 2057 2087
f 2056 2087 2086
f 2057 2058 2088
f 2057 2088 2087
f 2058 2059 2089
f 2058 2089 2088
f 2059 2060 2090
f 2059 2090 2089
f 2060 2061 2091
f 2060 2091 2090
f 2061 2062 2092
f 2061 2092 2091
f 2062 2063 2093
f 2062 2093 2092
f 2063 2064 2094
f 2063 2094 2093
f 2064 2065 2095
f 2064 2095 2094
f 2065 2066 2096
f 2065 2096 2095
f 2066 2067 2097
f 2066 2097 2096
f 2067 2068 2098
f 2067 2098 2097
f 2068 2069 2099
f 2068 2099 2098
f 2069 2070 2100
f 2069 2100 2099
f 2070 2042 2072
f 2070 2072 2100
f 2072 2071 2101
f 2072 2101 2102
f 2071 2073 2103
f 2071 2103 2101
f 2073 2074 2104
f 2073 2104 2103
f 2074 2075 2105
f 2074 2105 2104
f 2075 2076 2106
f 2075 2106 2105
f 2076 2077 2107
f 2076 2107 2106
f 2077 2078 2108
f 2077 2108 2107
f 2078 2079 2109
f 2078 2109 2108
f 2079 2080 2110
f 2079 2110 2109
f 2080 2081 2111
f 2080 2111 2110
f 2081 2082 2112
f 2081 2112 2111
f 2082 2083 2113
f 2082 2113 2112
f 2083 2084 2114
f 2083 2114 2113
f 2084 2085 2115
f 2084 2115 2114
f 2085 2086 2116
f 2085 2116 2115
f 2086 2087 2117
f 2086 2117 2116
f 2087 2088 2118
f 2087 2118 2117
f 2088 2089 2119
f 2088 2119 2118
f 2089 2090 2120
f 2089 2120 2119
f 2090 2091 2121
f 2090 2121 2120
f 2091 2092 2122
f 2091 2122 2121
f 2092 2093 2123
f 2092 2123 2122
f 2093 2094 2124
f 2093 2124 2123
f 2094 2095 2125
f 2094 2125 2124
f 2095 2096 2126
f 2095 2126 2125
f 2096 2097 2127
f 2096 2127 2126
f 2097 2098 2128
f 2097 2128 2127
f 2098 2099 2129
f 2098 2129 2128
f 2099 2100 2130
f 2099 2130 2129
f 2100 2072 2102
f 2100 2102 2130
f 2102 2101 2131
f 2102 2131 2132
f 2101 2103 2133
f 2101 2133 2131
f 2103 2104 2134
f 2103 2134 2133
f 2104 2105 2135
f 2104 2135 2134
f 2105 2106 2136
f 2105 2136 2135
f 2106 2107 2137
f 2106 2137 2136
f 2107 2108 2138
f 2107 2138 2137
f 2108 2109 2139
f 2108 2139 2138
f 2109 2110 2140
f 2109 2140 2139
f 2110 2111 2141
f 2110 2141 2140
f 2111 2112 2142
f 2111 2142 2141
f 2112 2113 2143
f 2112 2143 2142
f 2113 2114 2144
f 2113 2144 2143
f 2114 2115 2145
f 2114 2145 2144
f 2115 2116 2146
f 2115 2146 2145
f 2116 2117 2147
f 2116 2147 2146
f 2117 2118 2148
f 2117 2148 2147
f 2118 2119 2149
f 2118 2149 2148
f 2119 2120 2150
f 2119 2150 2149
f 2120 2121 2151
f 2120 2151 2150
f 2121 2122 2152
f 2121 2152 2151
f 2122 2123 2153
f 2122 2153 2152
f 2123 2124 2154
f 2123 2154 2153
f 2124 2125 2155
f 2124 2155 2154
f 2125 2126 2156
f 2125 2156 2155
f 2126 2127 2157
f 2126 2157 2156
f 2127 2128 2158
f 2127 2158 2157
f 2128 2129 2159
f 2128 2159 2158
f 2129 2130 2160
f 2129 2160 2159
f 2130 2102 2132
f 2130 2132 2160
f 2132 2131 2161
f 2132 2161 2162
f 2131 2133 2163
f 2131 2163 2161
f 2133 2134 2164
f 2133 2164 2163
f 2134 2135 2165
f 2134 2165 2164
f 2135 2136 2166
f 2135 2166 2165
f 2136 2137 2167
f 2136 2167 2166
f 2137 2138 2168
f 2137 2168 2167
f 2138 2139 2169
f 2138 2169 2168
f 2139 2140 2170
f 2139 2170 2169
f 2140 2141 2171
f 2140 2171 2170
f 2141 2142 2172
f 2141 2172 2171
f 2142 2143 2173
f 2142 2173 2172
f 2143 2144 2174
f 2143 2174 2173
f 2144 2145 2175
f 2144 2175 2174
f 2145 2146 2176
f 2145 2176 2175
f 2146 2147 2177
f 2146 2177 2176
f 2147 2148 2178
f 2147 2178 2177
f 2148 2149 2179
f 2148 2179 2178
f 2149 2150 2180
f 2149 2180 2179
f 2150 2151 2181
f 2150 2181 2180
f 2151 2152 2182
f 2151 2182 2181
f 2152 2153 2183
f 2152 2183 2182
f 2153 2154 2184
f 2153 2184 2183
f 2154 2155 2185
f 2154 2185 2184
f 2155 2156 2186
f 2155 2186 2185
f 2156 2157 2187
f 2156 2187 2186
f 2157 2158 2188
f 2157 2188 2187
f 2158 2159 2189
f 2158 2189 2188
f 2159 2160 2190
f 2159 2190 2189
f 2160 2132 2162
f 2160 2162 2190
f 2162 2161 2191
f 2162 2191 2192
f 2161 2163 2193
f 2161 2193 2191
f 2163 2164 2194
f 2163 2194 2193
f 2164 2165 2195
f 2164 2195 2194
f 2165 2166 2196
f 2165 2196 2195
f 2166 2167 2197
f 2166 2197 2196
f 2167 2168 2198
f 2167 2198 2197
f 2168 2169 2199
f 2168 2199 2198
f 2169 2170 2200
f 2169 2200 2199
f 2170 2171 2201
f 2170 2201 2200
f 2171 2172 2202
f 2171 2202 2201
f 2172 2173 2203
f 2172 2203 2202
f 2173 2174 2204
f 2173 2204 2203
f 2174 2175 2205
f 2174 2205 2204
f 2175 2176 2206
f 2175 2206 2205
f 2176 2177 2207
f 2176 2207 2206
f 2177 2178 2208
f 2177 2208 2207
f 2178 2179 2209
f 2178 2209 2208
f 2179 2180 2210
f 2179 2210 2209
f 2180 2181 2211
f 2180 2211 2210
f 2181 2182 2212
f 2181 2212 2211
f 2182 2183 2213
f 2182 2213 2212
f 2183 2184 2214
f 2183 2214 2213
f 2184 2185 2215
f 2184 2215 2214
f 2185 2186 2216
f 2185 2216 2215
f 2186 2187 2217
f 2186 2217 2216
f 2187 2188 2218
f 2187 2218 2217
f 2188 2189 2219
f 2188 2219 2218
f 2189 2190 2220
f 2189 2220 2219
f 2190 2162 2192
f 2190 2192 2220
f 2221 1892 1891
f 2221 1891 1891
f 2221 1895 1892
f 2221 1892 1892
f 2221 1897 1895
f 2221 1895 1895
f 2221 1899 1897
f 2221 1897 1897
f 2221 1901 1899
f 2221 1899 1899
f 2221 1903 1901
f 2221 1901 1901
f 2221 1905 1903
f 2221 1903 1903
f 2221 1907 1905
f 2221 1905 1905
f 2221 1909 1907
f 2221 1907 1907
f 2221 1911 1909
f 2221 1909 1909
f 2221 1913 1911
f 2221 1911 1911
f 2221 1915 1913
f 2221 1913 1913
f 2221 1917 1915
f 2221 1915 1915
f 2221 1919 1917
f 2221 1917 1917
f 2221 1921 1919
f 2221 1919 1919
f 2221 1923 1921
f 2221 1921 1921
f 2221 1925 1923
f 2221 1923 1923
f 2221 1927 1925
f 2221 1925 1925
f 2221 1929 1927
f 2221 1927 1927
f 2221 1931 1929
f 2221 1929 1929
f 2221 1933 1931
f 2221 1931 1931
f 2221 1935 1933
f 2221 1933 1933
f 2221 1937 1935
f 2221 1935 1935
f 2221 1939 1937
f 2221 1937 1937
f 2221 1941 1939
f 2221 1939 1939
f 2221 1943 1941
f 2221 1941 1941
f 2221 1945 1943
f 2221 1943 1943
f 2221 1947 1945
f 2221 1945 1945
f 2221 1949 1947
f 2221 1947 1947
f 2221 1891 1949
f 2221 1949 1949
f 2222 2192 2191
f 2222 2191 2191
f 2222 2191 2193
f 2222 2193 2193
f 2222 2193 2194
f 2222 2194 2194
f 2222 2194 2195
f 2222 2195 2195
f 2222 2195 2196
f 2222 2196 2196
f 2222 2196 2197
f 2222 2197 2197
f 2222 2197 2198
f 2222 2198 2198
f 2222 2198 2199
f 2222 2199 2199
f 2222 2199 2200
f 2222 2200 2200
f 2222 2200 2201
f 2222 2201 2201
f 2222 2201 2202
f 2222 2202 2202
f 2222 2202 2203
f 2222 2203 2203
f 2222 2203 2204
f 2222 2204 2204
f 2222 2204 2205
f 2222 2205 2205
f 2222 2205 2206
f 2222 2206 2206
f 2222 2206 2207
f 2222 2207 2207
f 2222 2207 2208
f 2222 2208 2208
f 2222 2208 2209
f 2222 2209 2209
f 2222 2209 2210
f 2222 2210 2210
f 2222 2210 2211
f 2222 2211 2211
f 2222 2211 2212
f 2222 2212 2212
f 2222 2212 2213
f 2222 2213 2213
f 2222 2213 2214
f 2222 2214 2214
f 2222 2214 2215
f 2222 2215 2215
f 2222 2215 2216
f 2222 2216 2216
f 2222 2216 2217
f 2222 2217 2217
f 2222 2217 2218
f 2222 2218 2218
f 2222 2218 2219
f 2222 2219 2219
f 2222 2219 2220
f 2222 2220 2220
f 2222 2220 2192
f 2222 2192 2192
