$MeshFormat
2.2 0 8
$EndMeshFormat
$PhysicalNames
1
2 1 "Rhino->WAMIT_file_export_(mesh)"
$EndPhysicalNames
$Nodes
6977
1 45.5 0 1.299999952
2 45.5019989 0 2.599999905
3 45.6590004 1.391000032 2.599999905
4 45.6570015 1.391000032 1.299999952
5 46.12099838 2.711999893 2.599999905
6 46.11899948 2.711999893 1.299999952
7 46.86600113 3.897000074 2.599999905
8 46.86399841 3.897000074 1.299999952
9 47.85499954 4.886000156 2.599999905
10 47.85300064 4.886000156 1.299999952
11 49.04000092 5.631000042 2.599999905
12 49.0379982 5.631000042 1.299999952
13 50.36100006 6.092999935 2.599999905
14 50.35900116 6.092999935 1.299999952
15 51.7519989 6.25 2.599999905
16 51.75 6.25 1.299999952
17 53.14300156 6.092999935 2.599999905
18 53.14099884 6.092999935 1.299999952
19 54.4640007 5.631000042 2.599999905
20 54.4620018 5.631000042 1.299999952
21 55.64899826 4.886000156 2.599999905
22 55.64699936 4.886000156 1.299999952
23 56.63800049 3.897000074 2.599999905
24 56.63600159 3.897000074 1.299999952
25 57.38299942 2.711999893 2.599999905
26 57.38100052 2.711999893 1.299999952
27 57.84500122 1.391000032 2.599999905
28 57.8429985 1.391000032 1.299999952
29 58.0019989 0 2.599999905
30 58 0 1.299999952
31 -20.04314041 40.9655304 -20
32 -19.14142036 41.48611832 -20
33 -18.33200073 40.08499908 -20
34 -19.23399925 39.56399918 -20
35 -19.05699921 42.89400101 -20
36 -18.41931915 41.9032402 -20
37 -19.50161934 41.27806854 -20
38 -19.78000069 41.90599823 -20
39 -18.48999977 43.90599823 -20
40 -17.33699989 42.52899933 -20
41 -26.40200043 38.08300018 -20
42 -25.1609993 38.36899948 -20
43 -24.91437912 38.15399933 -20
44 -25.99777985 37.52870178 -20
45 -27.61899948 37.95100021 -20
46 -27.08003044 36.90406036 -20
47 -23.93343925 38.81182861 -20
48 -23.83275032 38.77827835 -20
49 55.64599991 4.887000084 -20
50 56.63600159 3.897000074 -20
51 55.41500092 2.923000097 -20
52 54.67300034 3.664999962 -20
53 54.46099854 5.631999969 -20
54 53.7840004 4.22300005 -20
55 53.13899994 6.093999863 -20
56 52.79299927 4.570000172 -20
57 49.0379982 5.631000042 -10.39999962
58 49.0379982 5.631000042 -9.100000381
59 50.35900116 6.092999935 -9.100000381
60 50.35900116 6.092999935 -10.39999962
61 50.18600082 6.25 -13
62 51.0530014 6.171500206 -13
63 50.96699905 6.25 -13
64 46.86399841 3.897000074 -13
65 46.18199921 3.822999954 -13
66 45.80899811 2.605999947 -13
67 46.11899948 2.711999893 -13
68 47.85200119 4.886000156 -13
69 46.67599869 4.94299984 -13
70 55.64599991 4.887000084 -13
71 55.64699936 4.886000156 -11.69999981
72 56.63600159 3.897000074 -11.69999981
73 56.63600159 3.897000074 -13
74 54.46099854 5.631999969 -13
75 54.4620018 5.631000042 -11.69999981
76 53.13899994 6.093999863 -13
77 53.14099884 6.092999935 -11.69999981
78 51.7480011 6.25 -13
79 51.75 6.25 -11.69999981
80 57.84500122 1.391000032 14.30000019
81 57.8429985 1.391000032 15
82 58 0 15
83 58.0019989 0 14.30000019
84 45.5019989 0 14.30000019
85 45.5 0 15
86 45.6570015 1.391000032 15
87 45.6590004 1.391000032 14.30000019
88 -20.18149948 47.29850006 -13
89 -20.07049942 47.26350021 -13
90 -20.46100044 47.93999863 -13
91 -3.566999912 18.67900085 -18.83300018
92 -2.756999969 17.27599907 -18.83300018
93 -2.756999969 17.27599907 -20
94 -3.566999912 18.67900085 -20
95 -20.05699921 42.53300095 14.30000019
96 -19.69499969 43.88499832 14.30000019
97 -19.69499969 43.88499832 15
98 -20.05699921 42.53300095 15
99 -20.71100044 41.29600143 14.30000019
100 -20.71100044 41.29600143 15
101 -21.62400055 40.23500061 14.30000019
102 -21.62400055 40.23500061 15
103 -22.75 39.40399933 14.30000019
104 -22.75 39.40399933 15
105 -24.03300095 38.84400177 15
106 -24.03300095 38.84400177 14.30000019
107 -25.40800095 38.58399963 15
108 -25.40800095 38.58399963 14.30000019
109 -26.80699921 38.63700104 15
110 -26.80699921 38.63700104 14.30000019
111 -28.15800095 38.99900055 15
112 -28.15800095 38.99900055 14.30000019
113 -29.39599991 39.65299988 15
114 -29.39599991 39.65299988 14.30000019
115 -30.45700073 40.56600189 15
116 -30.45700073 40.56600189 14.30000019
117 -31.28800011 41.69200134 15
118 -31.28800011 41.69200134 14.30000019
119 -31.84700012 42.97499847 15
120 -31.84700012 42.97499847 14.30000019
121 -32.10800171 44.34999847 15
122 -32.10800171 44.34999847 14.30000019
123 -32.05500031 45.7480011 15
124 -32.05500031 45.7480011 14.30000019
125 -31.69300079 47.09999847 15
126 -31.69300079 47.09999847 14.30000019
127 -31.03899956 48.33800125 15
128 -31.03899956 48.33800125 14.30000019
129 -30.12599945 49.39799881 15
130 -30.12599945 49.39799881 14.30000019
131 -29 50.22900009 15
132 -29 50.22900009 14.30000019
133 -27.71699905 50.78900146 14.30000019
134 -27.71699905 50.78900146 15
135 -26.34199905 51.04899979 14.30000019
136 -26.34199905 51.04899979 15
137 -24.94300079 50.99700165 14.30000019
138 -24.94300079 50.99700165 15
139 -23.59199905 50.63499832 14.30000019
140 -23.59199905 50.63499832 15
141 -22.35400009 49.98099899 14.30000019
142 -22.35400009 49.98099899 15
143 -21.29299927 49.06800079 14.30000019
144 -21.29299927 49.06800079 15
145 -20.46199989 47.94200134 14.30000019
146 -20.46199989 47.94200134 15
147 -19.90299988 46.6590004 14.30000019
148 -19.90299988 46.6590004 15
149 -19.6420002 45.2840004 14.30000019
150 -19.6420002 45.2840004 15
151 -22.75 39.40399933 13
152 -21.62400055 40.23500061 13
153 -20.71100044 41.29600143 13
154 -20.05699921 42.53300095 13
155 -19.69499969 43.88499832 13
156 -19.6420002 45.2840004 13
157 -19.90299988 46.6590004 13
158 -20.46199989 47.94200134 13
159 -21.29299927 49.06800079 13
160 -22.35400009 49.98099899 13
161 -23.59199905 50.63499832 13
162 -24.94300079 50.99700165 13
163 -26.34199905 51.04899979 13
164 -27.71699905 50.78900146 13
165 -29 50.22900009 13
166 -24.03300095 38.84400177 13
167 -25.40800095 38.58399963 13
168 -26.80699921 38.63700104 13
169 -28.15800095 38.99900055 13
170 -29.39599991 39.65299988 13
171 -30.45700073 40.56600189 13
172 -31.28800011 41.69200134 13
173 -31.84700012 42.97499847 13
174 -32.10800171 44.34999847 13
175 -32.05500031 45.7480011 13
176 -31.69300079 47.09999847 13
177 -31.03899956 48.33800125 13
178 -30.12599945 49.39799881 13
179 -30.12599945 49.39799881 11.69999981
180 -29 50.22900009 11.69999981
181 -30.12599945 49.39799881 10.39999962
182 -29 50.22900009 10.39999962
183 -30.12599945 49.39799881 9.100000381
184 -29 50.22900009 9.100000381
185 -31.03899956 48.33800125 11.69999981
186 -31.03899956 48.33800125 10.39999962
187 -31.03899956 48.33800125 9.100000381
188 -31.69300079 47.09999847 11.69999981
189 -31.69300079 47.09999847 10.39999962
190 -31.69300079 47.09999847 9.100000381
191 -32.05500031 45.7480011 11.69999981
192 -32.05500031 45.7480011 10.39999962
193 -32.05500031 45.7480011 9.100000381
194 -32.10800171 44.34999847 11.69999981
195 -32.10800171 44.34999847 10.39999962
196 -32.10800171 44.34999847 9.100000381
197 -31.84700012 42.97499847 11.69999981
198 -31.84700012 42.97499847 10.39999962
199 -31.84700012 42.97499847 9.100000381
200 -31.28800011 41.69200134 11.69999981
201 -31.28800011 41.69200134 10.39999962
202 -31.28800011 41.69200134 9.100000381
203 -30.45700073 40.56600189 11.69999981
204 -30.45700073 40.56600189 10.39999962
205 -30.45700073 40.56600189 9.100000381
206 -29.39599991 39.65299988 11.69999981
207 -29.39599991 39.65299988 10.39999962
208 -29.39599991 39.65299988 9.100000381
209 -28.15800095 38.99900055 11.69999981
210 -28.15800095 38.99900055 10.39999962
211 -28.15800095 38.99900055 9.100000381
212 -26.80699921 38.63700104 11.69999981
213 -26.80699921 38.63700104 10.39999962
214 -26.80699921 38.63700104 9.100000381
215 -25.40800095 38.58399963 11.69999981
216 -25.40800095 38.58399963 10.39999962
217 -25.40800095 38.58399963 9.100000381
218 -24.03300095 38.84400177 11.69999981
219 -24.03300095 38.84400177 10.39999962
220 -24.03300095 38.84400177 9.100000381
221 -22.75 39.40399933 11.69999981
222 -22.75 39.40399933 10.39999962
223 -22.75 39.40399933 9.100000381
224 -27.71699905 50.78900146 11.69999981
225 -27.71699905 50.78900146 10.39999962
226 -27.71699905 50.78900146 9.100000381
227 -26.34199905 51.04899979 11.69999981
228 -26.34199905 51.04899979 10.39999962
229 -26.34199905 51.04899979 9.100000381
230 -24.94300079 50.99700165 11.69999981
231 -24.94300079 50.99700165 10.39999962
232 -24.94300079 50.99700165 9.100000381
233 -23.59199905 50.63499832 11.69999981
234 -23.59199905 50.63499832 10.39999962
235 -23.59199905 50.63499832 9.100000381
236 -22.35400009 49.98099899 11.69999981
237 -22.35400009 49.98099899 10.39999962
238 -22.35400009 49.98099899 9.100000381
239 -21.29299927 49.06800079 11.69999981
240 -21.29299927 49.06800079 10.39999962
241 -21.29299927 49.06800079 9.100000381
242 -20.46199989 47.94200134 11.69999981
243 -20.46199989 47.94200134 10.39999962
244 -20.46199989 47.94200134 9.100000381
245 -19.90299988 46.6590004 11.69999981
246 -19.90299988 46.6590004 10.39999962
247 -19.90299988 46.6590004 9.100000381
248 -19.6420002 45.2840004 11.69999981
249 -19.6420002 45.2840004 10.39999962
250 -19.6420002 45.2840004 9.100000381
251 -19.69499969 43.88499832 11.69999981
252 -19.69499969 43.88499832 10.39999962
253 -19.69499969 43.88499832 9.100000381
254 -20.05699921 42.53300095 11.69999981
255 -20.05699921 42.53300095 10.39999962
256 -20.05699921 42.53300095 9.100000381
257 -20.71100044 41.29600143 11.69999981
258 -20.71100044 41.29600143 10.39999962
259 -20.71100044 41.29600143 9.100000381
260 -21.62400055 40.23500061 11.69999981
261 -21.62400055 40.23500061 10.39999962
262 -21.62400055 40.23500061 9.100000381
263 -22.75 39.40399933 -1.299999952
264 -21.62400055 40.23500061 -1.299999952
265 -21.62400055 40.23500061 0
266 -22.75 39.40399933 0
267 -21.62400055 40.23500061 1.299999952
268 -22.75 39.40399933 1.299999952
269 -21.62400055 40.23500061 2.599999905
270 -22.75 39.40399933 2.599999905
271 -21.62400055 40.23500061 3.900000095
272 -22.75 39.40399933 3.900000095
273 -21.62400055 40.23500061 5.199999809
274 -22.75 39.40399933 5.199999809
275 -21.62400055 40.23500061 6.5
276 -22.75 39.40399933 6.5
277 -21.62400055 40.23500061 7.800000191
278 -22.75 39.40399933 7.800000191
279 -20.71100044 41.29600143 -1.299999952
280 -20.71100044 41.29600143 0
281 -20.71100044 41.29600143 1.299999952
282 -20.71100044 41.29600143 2.599999905
283 -20.71100044 41.29600143 3.900000095
284 -20.71100044 41.29600143 5.199999809
285 -20.71100044 41.29600143 6.5
286 -20.71100044 41.29600143 7.800000191
287 -20.05699921 42.53300095 -1.299999952
288 -20.05699921 42.53300095 0
289 -20.05699921 42.53300095 1.299999952
290 -20.05699921 42.53300095 2.599999905
291 -20.05699921 42.53300095 3.900000095
292 -20.05699921 42.53300095 5.199999809
293 -20.05699921 42.53300095 6.5
294 -20.05699921 42.53300095 7.800000191
295 -19.69499969 43.88499832 -1.299999952
296 -19.69499969 43.88499832 0
297 -19.69499969 43.88499832 1.299999952
298 -19.69499969 43.88499832 2.599999905
299 -19.69499969 43.88499832 3.900000095
300 -19.69499969 43.88499832 5.199999809
301 -19.69499969 43.88499832 6.5
302 -19.69499969 43.88499832 7.800000191
303 -19.6420002 45.2840004 -1.299999952
304 -19.6420002 45.2840004 0
305 -19.6420002 45.2840004 1.299999952
306 -19.6420002 45.2840004 2.599999905
307 -19.6420002 45.2840004 3.900000095
308 -19.6420002 45.2840004 5.199999809
309 -19.6420002 45.2840004 6.5
310 -19.6420002 45.2840004 7.800000191
311 -19.90299988 46.6590004 -1.299999952
312 -19.90299988 46.6590004 0
313 -19.90299988 46.6590004 1.299999952
314 -19.90299988 46.6590004 2.599999905
315 -19.90299988 46.6590004 3.900000095
316 -19.90299988 46.6590004 5.199999809
317 -19.90299988 46.6590004 6.5
318 -19.90299988 46.6590004 7.800000191
319 -20.46199989 47.94200134 -1.299999952
320 -20.46199989 47.94200134 0
321 -20.46199989 47.94200134 1.299999952
322 -20.46199989 47.94200134 2.599999905
323 -20.46199989 47.94200134 3.900000095
324 -20.46199989 47.94200134 5.199999809
325 -20.46199989 47.94200134 6.5
326 -20.46199989 47.94200134 7.800000191
327 -21.29299927 49.06800079 -1.299999952
328 -21.29299927 49.06800079 0
329 -21.29299927 49.06800079 1.299999952
330 -21.29299927 49.06800079 2.599999905
331 -21.29299927 49.06800079 3.900000095
332 -21.29299927 49.06800079 5.199999809
333 -21.29299927 49.06800079 6.5
334 -21.29299927 49.06800079 7.800000191
335 -22.35400009 49.98099899 -1.299999952
336 -22.35400009 49.98099899 0
337 -22.35400009 49.98099899 1.299999952
338 -22.35400009 49.98099899 2.599999905
339 -22.35400009 49.98099899 3.900000095
340 -22.35400009 49.98099899 5.199999809
341 -22.35400009 49.98099899 6.5
342 -22.35400009 49.98099899 7.800000191
343 -23.59199905 50.63499832 -1.299999952
344 -23.59199905 50.63499832 0
345 -23.59199905 50.63499832 1.299999952
346 -23.59199905 50.63499832 2.599999905
347 -23.59199905 50.63499832 3.900000095
348 -23.59199905 50.63499832 5.199999809
349 -23.59199905 50.63499832 6.5
350 -23.59199905 50.63499832 7.800000191
351 -24.94300079 50.99700165 -1.299999952
352 -24.94300079 50.99700165 0
353 -24.94300079 50.99700165 1.299999952
354 -24.94300079 50.99700165 2.599999905
355 -24.94300079 50.99700165 3.900000095
356 -24.94300079 50.99700165 5.199999809
357 -24.94300079 50.99700165 6.5
358 -24.94300079 50.99700165 7.800000191
359 -26.34199905 51.04899979 -1.299999952
360 -26.34199905 51.04899979 0
361 -26.34199905 51.04899979 1.299999952
362 -26.34199905 51.04899979 2.599999905
363 -26.34199905 51.04899979 3.900000095
364 -26.34199905 51.04899979 5.199999809
365 -26.34199905 51.04899979 6.5
366 -26.34199905 51.04899979 7.800000191
367 -27.71699905 50.78900146 -1.299999952
368 -27.71699905 50.78900146 0
369 -27.71699905 50.78900146 1.299999952
370 -27.71699905 50.78900146 2.599999905
371 -27.71699905 50.78900146 3.900000095
372 -27.71699905 50.78900146 5.199999809
373 -27.71699905 50.78900146 6.5
374 -27.71699905 50.78900146 7.800000191
375 -29 50.22900009 -1.299999952
376 -29 50.22900009 0
377 -29 50.22900009 1.299999952
378 -29 50.22900009 2.599999905
379 -29 50.22900009 3.900000095
380 -29 50.22900009 5.199999809
381 -29 50.22900009 6.5
382 -29 50.22900009 7.800000191
383 -24.03300095 38.84400177 0
384 -24.03300095 38.84400177 -1.299999952
385 -24.03300095 38.84400177 1.299999952
386 -24.03300095 38.84400177 2.599999905
387 -24.03300095 38.84400177 3.900000095
388 -24.03300095 38.84400177 5.199999809
389 -24.03300095 38.84400177 6.5
390 -24.03300095 38.84400177 7.800000191
391 -25.40800095 38.58399963 0
392 -25.40800095 38.58399963 -1.299999952
393 -25.40800095 38.58399963 1.299999952
394 -25.40800095 38.58399963 2.599999905
395 -25.40800095 38.58399963 3.900000095
396 -25.40800095 38.58399963 5.199999809
397 -25.40800095 38.58399963 6.5
398 -25.40800095 38.58399963 7.800000191
399 -26.80699921 38.63700104 0
400 -26.80699921 38.63700104 -1.299999952
401 -26.80699921 38.63700104 1.299999952
402 -26.80699921 38.63700104 2.599999905
403 -26.80699921 38.63700104 3.900000095
404 -26.80699921 38.63700104 5.199999809
405 -26.80699921 38.63700104 6.5
406 -26.80699921 38.63700104 7.800000191
407 -28.15800095 38.99900055 0
408 -28.15800095 38.99900055 -1.299999952
409 -28.15800095 38.99900055 1.299999952
410 -28.15800095 38.99900055 2.599999905
411 -28.15800095 38.99900055 3.900000095
412 -28.15800095 38.99900055 5.199999809
413 -28.15800095 38.99900055 6.5
414 -28.15800095 38.99900055 7.800000191
415 -29.39599991 39.65299988 0
416 -29.39599991 39.65299988 -1.299999952
417 -29.39599991 39.65299988 1.299999952
418 -29.39599991 39.65299988 2.599999905
419 -29.39599991 39.65299988 3.900000095
420 -29.39599991 39.65299988 5.199999809
421 -29.39599991 39.65299988 6.5
422 -29.39599991 39.65299988 7.800000191
423 -30.45700073 40.56600189 0
424 -30.45700073 40.56600189 -1.299999952
425 -30.45700073 40.56600189 1.299999952
426 -30.45700073 40.56600189 2.599999905
427 -30.45700073 40.56600189 3.900000095
428 -30.45700073 40.56600189 5.199999809
429 -30.45700073 40.56600189 6.5
430 -30.45700073 40.56600189 7.800000191
431 -31.28800011 41.69200134 0
432 -31.28800011 41.69200134 -1.299999952
433 -31.28800011 41.69200134 1.299999952
434 -31.28800011 41.69200134 2.599999905
435 -31.28800011 41.69200134 3.900000095
436 -31.28800011 41.69200134 5.199999809
437 -31.28800011 41.69200134 6.5
438 -31.28800011 41.69200134 7.800000191
439 -31.84700012 42.97499847 0
440 -31.84700012 42.97499847 -1.299999952
441 -31.84700012 42.97499847 1.299999952
442 -31.84700012 42.97499847 2.599999905
443 -31.84700012 42.97499847 3.900000095
444 -31.84700012 42.97499847 5.199999809
445 -31.84700012 42.97499847 6.5
446 -31.84700012 42.97499847 7.800000191
447 -32.10800171 44.34999847 0
448 -32.10800171 44.34999847 -1.299999952
449 -32.10800171 44.34999847 1.299999952
450 -32.10800171 44.34999847 2.599999905
451 -32.10800171 44.34999847 3.900000095
452 -32.10800171 44.34999847 5.199999809
453 -32.10800171 44.34999847 6.5
454 -32.10800171 44.34999847 7.800000191
455 -32.05500031 45.7480011 0
456 -32.05500031 45.7480011 -1.299999952
457 -32.05500031 45.7480011 1.299999952
458 -32.05500031 45.7480011 2.599999905
459 -32.05500031 45.7480011 3.900000095
460 -32.05500031 45.7480011 5.199999809
461 -32.05500031 45.7480011 6.5
462 -32.05500031 45.7480011 7.800000191
463 -31.69300079 47.09999847 0
464 -31.69300079 47.09999847 -1.299999952
465 -31.69300079 47.09999847 1.299999952
466 -31.69300079 47.09999847 2.599999905
467 -31.69300079 47.09999847 3.900000095
468 -31.69300079 47.09999847 5.199999809
469 -31.69300079 47.09999847 6.5
470 -31.69300079 47.09999847 7.800000191
471 -31.03899956 48.33800125 0
472 -31.03899956 48.33800125 -1.299999952
473 -31.03899956 48.33800125 1.299999952
474 -31.03899956 48.33800125 2.599999905
475 -31.03899956 48.33800125 3.900000095
476 -31.03899956 48.33800125 5.199999809
477 -31.03899956 48.33800125 6.5
478 -31.03899956 48.33800125 7.800000191
479 -30.12599945 49.39799881 0
480 -30.12599945 49.39799881 -1.299999952
481 -30.12599945 49.39799881 1.299999952
482 -30.12599945 49.39799881 2.599999905
483 -30.12599945 49.39799881 3.900000095
484 -30.12599945 49.39799881 5.199999809
485 -30.12599945 49.39799881 6.5
486 -30.12599945 49.39799881 7.800000191
487 -29.06299973 48.25299835 15
488 -28.21899986 48.87599945 15
489 -26.93799973 45.9620018 15
490 -25.875 44.81700134 15
491 -26.65600014 46.16999817 15
492 -29.74799919 47.45700073 15
493 -28.45700073 46.57699966 15
494 -28.00099945 47.10800171 15
495 -27.16600037 45.6969986 15
496 -30.23800087 46.52899933 15
497 -28.7840004 45.95899963 15
498 -27.32900047 45.38800049 15
499 -30.51000023 45.51499939 15
500 -28.96500015 45.28300095 15
501 -27.42000008 45.04999924 15
502 -30.54899979 44.46699905 15
503 -28.99099922 44.58300018 15
504 -27.43300056 44.70000076 15
505 -30.35400009 43.43500137 15
506 -28.86100006 43.89599991 15
507 -27.36800003 44.35599899 15
508 -29.93400002 42.47299957 15
509 -28.58099937 43.25400162 15
510 -27.22800064 44.0359993 15
511 -29.31100082 41.62900162 15
512 -28.16600037 42.69100189 15
513 -27.02000046 43.75400162 15
514 -28.51600075 40.94400024 15
515 -27.63500023 42.23500061 15
516 -26.75499916 43.52600098 15
517 -27.58799934 40.45299911 15
518 -27.0170002 41.90800095 15
519 -26.44599915 43.36199951 15
520 -26.3409996 41.72700119 15
521 -26.5739994 40.18199921 15
522 -26.1079998 43.27199936 15
523 -25.52499962 40.14199829 15
524 -25.64100075 41.70100021 15
525 -25.75799942 43.25899887 15
526 -24.49300003 40.33800125 15
527 -24.95400047 41.83100128 15
528 -25.41399956 43.32400131 15
529 -23.53100014 40.75699997 15
530 -25.09399986 43.4640007 15
531 -27.25699997 49.29600143 15
532 -26.79599953 47.8030014 15
533 -27.43799973 47.52299881 15
534 -26.33600044 46.31000137 15
535 -26.22500038 49.49100113 15
536 -26.10899925 47.93299866 15
537 -25.99200058 46.375 15
538 -25.1760006 49.45199966 15
539 -25.4090004 47.9070015 15
540 -25.6420002 46.36199951 15
541 -24.16200066 49.18000031 15
542 -24.7329998 47.72600174 15
543 -25.30400085 46.27099991 15
544 -23.23399925 48.68999863 15
545 -24.11499977 47.39899826 15
546 -24.99500084 46.10800171 15
547 -22.43899918 48.00500107 15
548 -23.58399963 46.94200134 15
549 -24.72999954 45.88000107 15
550 -21.81599998 47.1609993 15
551 -23.16900063 46.37900162 15
552 -24.52199936 45.59799957 15
553 -21.39599991 46.19800186 15
554 -22.88899994 45.73799896 15
555 -24.38199997 45.27700043 15
556 -21.20100021 45.16699982 15
557 -22.75900078 45.04999924 15
558 -24.31699944 44.93399811 15
559 -21.23999977 44.11800003 15
560 -22.78499985 44.35100174 15
561 -24.32999992 44.58399963 15
562 -21.51199913 43.10400009 15
563 -22.9659996 43.67499924 15
564 -24.42099953 44.24599838 15
565 -22.00200081 42.17599869 15
566 -23.29299927 43.05599976 15
567 -24.58399963 43.93700027 15
568 -22.68700027 41.38100052 15
569 -23.74900055 42.52600098 15
570 -24.81200027 43.67100143 15
571 -24.31200027 42.11000061 15
572 49.49100113 6.171000004 -20
573 48.62400055 6.25 -20
574 49.40499878 6.25 -20
575 50.35900116 6.092999935 -20
576 50.18600082 6.25 -20
577 51.05350113 6.171500206 -20
578 50.96699905 6.25 -20
579 51.7480011 6.25 -20
580 49.40499878 6.25 -13
581 48.62400055 6.25 -13
582 49.49100113 6.171000004 -13
583 50.35800171 6.092999935 -13
584 -30.87199974 41.12799835 -13
585 -30.50600052 40.3370018 -13
586 -30.45700073 40.56600189 -13
587 -30.89649963 41.01350021 -13
588 -30.09000015 39.77500153 -13
589 -30.1154995 39.6609993 -13
590 -29.72500038 38.98500061 -13
591 -19.40099907 45.94599915 -13
592 -18.89900017 45.23500061 -13
593 -19.28949928 45.9109993 -13
594 -19.90200043 46.6570015 -13
595 -19.68000031 46.5870018 -13
596 -30.09000015 39.77500153 -20
597 -30.1154995 39.6609993 -20
598 -30.50600052 40.3370018 -20
599 -29.72500038 38.98500061 -20
600 -30.45700073 40.56600189 -20
601 -30.87249947 41.12900162 -20
602 -30.89699936 41.01449966 -20
603 -31.28800011 41.69200134 -20
604 -20.18149948 47.29850006 -20
605 -20.46100044 47.93999863 -20
606 -20.07049942 47.26350021 -20
607 -19.68000031 46.5870018 -20
608 -19.40099907 45.94599915 -20
609 -19.28949928 45.9109993 -20
610 -18.89900017 45.23500061 -20
611 -26.80599976 38.63700104 -20
612 -25.40699959 38.58399963 -20
613 -28.15699959 38.9980011 -20
614 -29.39500046 39.65200043 -20
615 -28.77899933 37.9659996 -20
616 -28.16300011 36.27899933 -20
617 -27.61899948 37.95100021 -13
618 -27.07999992 36.90399933 -13
619 -25.99799919 37.52899933 -13
620 -26.40200043 38.08300018 -13
621 -28.77899933 37.9659996 -13
622 -28.16300011 36.27899933 -13
623 45.80899811 2.605999947 -20
624 45.57799911 1.320000052 -20
625 45.5 1.25 -20
626 45.5 2.5 -20
627 46.18199921 3.822999954 -20
628 45.5 3.75 -20
629 46.67599869 4.94299984 -20
630 45.5 5 -20
631 47.26900101 5.940000057 -20
632 45.5 6.25 -20
633 45.5 2.5 -13
634 45.5 1.25 -13
635 45.57799911 1.320000052 -13
636 45.5 3.75 -13
637 45.5 5 -13
638 47.26900101 5.940000057 -13
639 45.5 6.25 -13
640 -30.12599945 49.39799881 -2.599999905
641 -29 50.22900009 -2.599999905
642 -30.12599945 49.39799881 -3.900000095
643 -29 50.22900009 -3.900000095
644 -30.12599945 49.39799881 -5.199999809
645 -29 50.22900009 -5.199999809
646 -30.12599945 49.39799881 -6.5
647 -29 50.22900009 -6.5
648 -30.12599945 49.39799881 -7.800000191
649 -29 50.22900009 -7.800000191
650 -30.12599945 49.39799881 -9.100000381
651 -29 50.22900009 -9.100000381
652 -30.12599945 49.39799881 -10.39999962
653 -29 50.22900009 -10.39999962
654 -30.12599945 49.39799881 -11.69999981
655 -29 50.22900009 -11.69999981
656 -30.12599945 49.39799881 -13
657 -29 50.22900009 -13
658 -31.03899956 48.33800125 -2.599999905
659 -31.03899956 48.33800125 -3.900000095
660 -31.03899956 48.33800125 -5.199999809
661 -31.03899956 48.33800125 -6.5
662 -31.03899956 48.33800125 -7.800000191
663 -31.03899956 48.33800125 -9.100000381
664 -31.03899956 48.33800125 -10.39999962
665 -31.03899956 48.33800125 -11.69999981
666 -31.03899956 48.33800125 -13
667 -31.69300079 47.09999847 -2.599999905
668 -31.69300079 47.09999847 -3.900000095
669 -31.69300079 47.09999847 -5.199999809
670 -31.69300079 47.09999847 -6.5
671 -31.69300079 47.09999847 -7.800000191
672 -31.69300079 47.09999847 -9.100000381
673 -31.69300079 47.09999847 -10.39999962
674 -31.69300079 47.09999847 -11.69999981
675 -31.69300079 47.09999847 -13
676 -32.05500031 45.7480011 -2.599999905
677 -32.05500031 45.7480011 -3.900000095
678 -32.05500031 45.7480011 -5.199999809
679 -32.05500031 45.7480011 -6.5
680 -32.05500031 45.7480011 -7.800000191
681 -32.05500031 45.7480011 -9.100000381
682 -32.05500031 45.7480011 -10.39999962
683 -32.05500031 45.7480011 -11.69999981
684 -32.05500031 45.7480011 -13
685 -32.10800171 44.34999847 -2.599999905
686 -32.10800171 44.34999847 -3.900000095
687 -32.10800171 44.34999847 -5.199999809
688 -32.10800171 44.34999847 -6.5
689 -32.10800171 44.34999847 -7.800000191
690 -32.10800171 44.34999847 -9.100000381
691 -32.10800171 44.34999847 -10.39999962
692 -32.10800171 44.34999847 -11.69999981
693 -32.10800171 44.34999847 -13
694 -31.84700012 42.97499847 -2.599999905
695 -31.84700012 42.97499847 -3.900000095
696 -31.84700012 42.97499847 -5.199999809
697 -31.84700012 42.97499847 -6.5
698 -31.84700012 42.97499847 -7.800000191
699 -31.84700012 42.97499847 -9.100000381
700 -31.84700012 42.97499847 -10.39999962
701 -31.84700012 42.97499847 -11.69999981
702 -31.28800011 41.69200134 -2.599999905
703 -31.28800011 41.69200134 -3.900000095
704 -31.28800011 41.69200134 -5.199999809
705 -31.28800011 41.69200134 -6.5
706 -31.28800011 41.69200134 -7.800000191
707 -31.28800011 41.69200134 -9.100000381
708 -31.28800011 41.69200134 -10.39999962
709 -31.28800011 41.69200134 -11.69999981
710 -30.45700073 40.56600189 -2.599999905
711 -30.45700073 40.56600189 -3.900000095
712 -30.45700073 40.56600189 -5.199999809
713 -30.45700073 40.56600189 -6.5
714 -30.45700073 40.56600189 -7.800000191
715 -30.45700073 40.56600189 -9.100000381
716 -30.45700073 40.56600189 -10.39999962
717 -30.45700073 40.56600189 -11.69999981
718 -29.39599991 39.65299988 -2.599999905
719 -29.39599991 39.65299988 -3.900000095
720 -29.39599991 39.65299988 -5.199999809
721 -29.39599991 39.65299988 -6.5
722 -29.39599991 39.65299988 -7.800000191
723 -29.39599991 39.65299988 -9.100000381
724 -29.39599991 39.65299988 -10.39999962
725 -29.39599991 39.65299988 -11.69999981
726 -29.39599991 39.65299988 -13
727 -28.15800095 38.99900055 -2.599999905
728 -28.15800095 38.99900055 -3.900000095
729 -28.15800095 38.99900055 -5.199999809
730 -28.15800095 38.99900055 -6.5
731 -28.15800095 38.99900055 -7.800000191
732 -28.15800095 38.99900055 -9.100000381
733 -28.15800095 38.99900055 -10.39999962
734 -28.15800095 38.99900055 -11.69999981
735 -28.15800095 38.99900055 -13
736 -26.80699921 38.63700104 -2.599999905
737 -26.80699921 38.63700104 -3.900000095
738 -26.80699921 38.63700104 -5.199999809
739 -26.80699921 38.63700104 -6.5
740 -26.80699921 38.63700104 -7.800000191
741 -26.80699921 38.63700104 -9.100000381
742 -26.80699921 38.63700104 -10.39999962
743 -26.80699921 38.63700104 -11.69999981
744 -26.80699921 38.63700104 -13
745 -25.40800095 38.58399963 -2.599999905
746 -25.40800095 38.58399963 -3.900000095
747 -25.40800095 38.58399963 -5.199999809
748 -25.40800095 38.58399963 -6.5
749 -25.40800095 38.58399963 -7.800000191
750 -25.40800095 38.58399963 -9.100000381
751 -25.40800095 38.58399963 -10.39999962
752 -25.40800095 38.58399963 -11.69999981
753 -25.40800095 38.58399963 -13
754 -24.03300095 38.84400177 -2.599999905
755 -24.03300095 38.84400177 -3.900000095
756 -24.03300095 38.84400177 -5.199999809
757 -24.03300095 38.84400177 -6.5
758 -24.03300095 38.84400177 -7.800000191
759 -24.03300095 38.84400177 -9.100000381
760 -24.03300095 38.84400177 -10.39999962
761 -24.03300095 38.84400177 -11.69999981
762 -24.03300095 38.84400177 -13
763 -22.75 39.40399933 -2.599999905
764 -22.75 39.40399933 -3.900000095
765 -22.75 39.40399933 -5.199999809
766 -22.75 39.40399933 -6.5
767 -22.75 39.40399933 -7.800000191
768 -22.75 39.40399933 -9.100000381
769 -22.75 39.40399933 -10.39999962
770 -22.75 39.40399933 -11.69999981
771 -22.75 39.40399933 -13
772 -27.71699905 50.78900146 -2.599999905
773 -27.71699905 50.78900146 -3.900000095
774 -27.71699905 50.78900146 -5.199999809
775 -27.71699905 50.78900146 -6.5
776 -27.71699905 50.78900146 -7.800000191
777 -27.71699905 50.78900146 -9.100000381
778 -27.71699905 50.78900146 -10.39999962
779 -27.71699905 50.78900146 -11.69999981
780 -27.71699905 50.78900146 -13
781 -26.34199905 51.04899979 -2.599999905
782 -26.34199905 51.04899979 -3.900000095
783 -26.34199905 51.04899979 -5.199999809
784 -26.34199905 51.04899979 -6.5
785 -26.34199905 51.04899979 -7.800000191
786 -26.34199905 51.04899979 -9.100000381
787 -26.34199905 51.04899979 -10.39999962
788 -26.34199905 51.04899979 -11.69999981
789 -26.34199905 51.04899979 -13
790 -24.94300079 50.99700165 -2.599999905
791 -24.94300079 50.99700165 -3.900000095
792 -24.94300079 50.99700165 -5.199999809
793 -24.94300079 50.99700165 -6.5
794 -24.94300079 50.99700165 -7.800000191
795 -24.94300079 50.99700165 -9.100000381
796 -24.94300079 50.99700165 -10.39999962
797 -24.94300079 50.99700165 -11.69999981
798 -24.94300079 50.99700165 -13
799 -23.59199905 50.63499832 -2.599999905
800 -23.59199905 50.63499832 -3.900000095
801 -23.59199905 50.63499832 -5.199999809
802 -23.59199905 50.63499832 -6.5
803 -23.59199905 50.63499832 -7.800000191
804 -23.59199905 50.63499832 -9.100000381
805 -23.59199905 50.63499832 -10.39999962
806 -23.59199905 50.63499832 -11.69999981
807 -22.35400009 49.98099899 -2.599999905
808 -22.35400009 49.98099899 -3.900000095
809 -22.35400009 49.98099899 -5.199999809
810 -22.35400009 49.98099899 -6.5
811 -22.35400009 49.98099899 -7.800000191
812 -22.35400009 49.98099899 -9.100000381
813 -22.35400009 49.98099899 -10.39999962
814 -22.35400009 49.98099899 -11.69999981
815 -21.29299927 49.06800079 -2.599999905
816 -21.29299927 49.06800079 -3.900000095
817 -21.29299927 49.06800079 -5.199999809
818 -21.29299927 49.06800079 -6.5
819 -21.29299927 49.06800079 -7.800000191
820 -21.29299927 49.06800079 -9.100000381
821 -21.29299927 49.06800079 -10.39999962
822 -21.29299927 49.06800079 -11.69999981
823 -20.46199989 47.94200134 -2.599999905
824 -20.46199989 47.94200134 -3.900000095
825 -20.46199989 47.94200134 -5.199999809
826 -20.46199989 47.94200134 -6.5
827 -20.46199989 47.94200134 -7.800000191
828 -20.46199989 47.94200134 -9.100000381
829 -20.46199989 47.94200134 -10.39999962
830 -20.46199989 47.94200134 -11.69999981
831 -19.90299988 46.6590004 -2.599999905
832 -19.90299988 46.6590004 -3.900000095
833 -19.90299988 46.6590004 -5.199999809
834 -19.90299988 46.6590004 -6.5
835 -19.90299988 46.6590004 -7.800000191
836 -19.90299988 46.6590004 -9.100000381
837 -19.90299988 46.6590004 -10.39999962
838 -19.90299988 46.6590004 -11.69999981
839 -19.6420002 45.2840004 -2.599999905
840 -19.6420002 45.2840004 -3.900000095
841 -19.6420002 45.2840004 -5.199999809
842 -19.6420002 45.2840004 -6.5
843 -19.6420002 45.2840004 -7.800000191
844 -19.6420002 45.2840004 -9.100000381
845 -19.6420002 45.2840004 -10.39999962
846 -19.6420002 45.2840004 -11.69999981
847 -19.69499969 43.88499832 -2.599999905
848 -19.69499969 43.88499832 -3.900000095
849 -19.69499969 43.88499832 -5.199999809
850 -19.69499969 43.88499832 -6.5
851 -19.69499969 43.88499832 -7.800000191
852 -19.69499969 43.88499832 -9.100000381
853 -19.69499969 43.88499832 -10.39999962
854 -19.69499969 43.88499832 -11.69999981
855 -19.69499969 43.88499832 -13
856 -19.6420002 45.2840004 -13
857 -20.05699921 42.53300095 -2.599999905
858 -20.05699921 42.53300095 -3.900000095
859 -20.05699921 42.53300095 -5.199999809
860 -20.05699921 42.53300095 -6.5
861 -20.05699921 42.53300095 -7.800000191
862 -20.05699921 42.53300095 -9.100000381
863 -20.05699921 42.53300095 -10.39999962
864 -20.05699921 42.53300095 -11.69999981
865 -20.05699921 42.53300095 -13
866 -20.71100044 41.29600143 -2.599999905
867 -20.71100044 41.29600143 -3.900000095
868 -20.71100044 41.29600143 -5.199999809
869 -20.71100044 41.29600143 -6.5
870 -20.71100044 41.29600143 -7.800000191
871 -20.71100044 41.29600143 -9.100000381
872 -20.71100044 41.29600143 -10.39999962
873 -20.71100044 41.29600143 -11.69999981
874 -20.71100044 41.29600143 -13
875 -21.62400055 40.23500061 -2.599999905
876 -21.62400055 40.23500061 -3.900000095
877 -21.62400055 40.23500061 -5.199999809
878 -21.62400055 40.23500061 -6.5
879 -21.62400055 40.23500061 -7.800000191
880 -21.62400055 40.23500061 -9.100000381
881 -21.62400055 40.23500061 -10.39999962
882 -21.62400055 40.23500061 -11.69999981
883 -21.62400055 40.23500061 -13
884 57.8429985 1.391000032 -2.599999905
885 57.8429985 1.391000032 -1.299999952
886 58 0 -1.299999952
887 58 0 -2.599999905
888 57.8429985 1.391000032 -3.900000095
889 58 0 -3.900000095
890 57.8429985 1.391000032 -5.199999809
891 58 0 -5.199999809
892 57.8429985 1.391000032 -6.5
893 58 0 -6.5
894 57.8429985 1.391000032 -7.800000191
895 58 0 -7.800000191
896 57.8429985 1.391000032 -9.100000381
897 58 0 -9.100000381
898 57.8429985 1.391000032 -10.39999962
899 58 0 -10.39999962
900 57.8429985 1.391000032 -11.69999981
901 58 0 -11.69999981
902 57.8429985 1.391000032 -13
903 58 0 -13
904 57.38100052 2.711999893 -2.599999905
905 57.38100052 2.711999893 -1.299999952
906 57.38100052 2.711999893 -3.900000095
907 57.38100052 2.711999893 -5.199999809
908 57.38100052 2.711999893 -6.5
909 57.38100052 2.711999893 -7.800000191
910 57.38100052 2.711999893 -9.100000381
911 57.38100052 2.711999893 -10.39999962
912 57.38100052 2.711999893 -11.69999981
913 57.38100052 2.711999893 -13
914 56.63600159 3.897000074 -2.599999905
915 56.63600159 3.897000074 -1.299999952
916 56.63600159 3.897000074 -3.900000095
917 56.63600159 3.897000074 -5.199999809
918 56.63600159 3.897000074 -6.5
919 56.63600159 3.897000074 -7.800000191
920 56.63600159 3.897000074 -9.100000381
921 56.63600159 3.897000074 -10.39999962
922 55.64699936 4.886000156 -2.599999905
923 55.64699936 4.886000156 -1.299999952
924 55.64699936 4.886000156 -3.900000095
925 55.64699936 4.886000156 -5.199999809
926 55.64699936 4.886000156 -6.5
927 55.64699936 4.886000156 -7.800000191
928 55.64699936 4.886000156 -9.100000381
929 55.64699936 4.886000156 -10.39999962
930 54.4620018 5.631000042 -2.599999905
931 54.4620018 5.631000042 -1.299999952
932 54.4620018 5.631000042 -3.900000095
933 54.4620018 5.631000042 -5.199999809
934 54.4620018 5.631000042 -6.5
935 54.4620018 5.631000042 -7.800000191
936 54.4620018 5.631000042 -9.100000381
937 54.4620018 5.631000042 -10.39999962
938 53.14099884 6.092999935 -2.599999905
939 53.14099884 6.092999935 -1.299999952
940 53.14099884 6.092999935 -3.900000095
941 53.14099884 6.092999935 -5.199999809
942 53.14099884 6.092999935 -6.5
943 53.14099884 6.092999935 -7.800000191
944 53.14099884 6.092999935 -9.100000381
945 53.14099884 6.092999935 -10.39999962
946 51.75 6.25 -2.599999905
947 51.75 6.25 -1.299999952
948 51.75 6.25 -3.900000095
949 51.75 6.25 -5.199999809
950 51.75 6.25 -6.5
951 51.75 6.25 -7.800000191
952 51.75 6.25 -9.100000381
953 51.75 6.25 -10.39999962
954 50.35900116 6.092999935 -2.599999905
955 50.35900116 6.092999935 -1.299999952
956 50.35900116 6.092999935 -3.900000095
957 50.35900116 6.092999935 -5.199999809
958 50.35900116 6.092999935 -6.5
959 50.35900116 6.092999935 -7.800000191
960 50.35900116 6.092999935 -11.69999981
961 49.0379982 5.631000042 -2.599999905
962 49.0379982 5.631000042 -1.299999952
963 49.0379982 5.631000042 -3.900000095
964 49.0379982 5.631000042 -5.199999809
965 49.0379982 5.631000042 -6.5
966 49.0379982 5.631000042 -7.800000191
967 49.0379982 5.631000042 -11.69999981
968 47.85300064 4.886000156 -2.599999905
969 47.85300064 4.886000156 -1.299999952
970 47.85300064 4.886000156 -3.900000095
971 47.85300064 4.886000156 -5.199999809
972 47.85300064 4.886000156 -6.5
973 47.85300064 4.886000156 -7.800000191
974 47.85300064 4.886000156 -9.100000381
975 47.85300064 4.886000156 -10.39999962
976 47.85300064 4.886000156 -11.69999981
977 46.86399841 3.897000074 -2.599999905
978 46.86399841 3.897000074 -1.299999952
979 46.86399841 3.897000074 -3.900000095
980 46.86399841 3.897000074 -5.199999809
981 46.86399841 3.897000074 -6.5
982 46.86399841 3.897000074 -7.800000191
983 46.86399841 3.897000074 -9.100000381
984 46.86399841 3.897000074 -10.39999962
985 46.86399841 3.897000074 -11.69999981
986 46.11899948 2.711999893 -2.599999905
987 46.11899948 2.711999893 -1.299999952
988 46.11899948 2.711999893 -3.900000095
989 46.11899948 2.711999893 -5.199999809
990 46.11899948 2.711999893 -6.5
991 46.11899948 2.711999893 -7.800000191
992 46.11899948 2.711999893 -9.100000381
993 46.11899948 2.711999893 -10.39999962
994 46.11899948 2.711999893 -11.69999981
995 45.6570015 1.391000032 -2.599999905
996 45.6570015 1.391000032 -1.299999952
997 45.6570015 1.391000032 -3.900000095
998 45.6570015 1.391000032 -5.199999809
999 45.6570015 1.391000032 -6.5
1000 45.6570015 1.391000032 -7.800000191
1001 45.6570015 1.391000032 -9.100000381
1002 45.6570015 1.391000032 -10.39999962
1003 45.6570015 1.391000032 -11.69999981
1004 45.6570015 1.391000032 -13
1005 45.5 0 -2.599999905
1006 45.5 0 -1.299999952
1007 45.5 0 -3.900000095
1008 45.5 0 -5.199999809
1009 45.5 0 -6.5
1010 45.5 0 -7.800000191
1011 45.5 0 -9.100000381
1012 45.5 0 -10.39999962
1013 45.5 0 -11.69999981
1014 45.5 0 -13
1015 -8.630999565 4.532000065 -20
1016 -7.821000099 3.128999949 -20
1017 -8.722999573 2.60800004 -20
1018 -9.532999992 4.011000156 -20
1019 -9.440999985 5.934999943 -20
1020 -10.34300041 5.414000034 -20
1021 -10.2510004 7.337999821 -20
1022 -11.15299988 6.816999912 -20
1023 -11.06099987 8.741000175 -20
1024 -11.9630003 8.220000267 -20
1025 -11.87100029 10.14400005 -20
1026 -12.77299976 9.623000145 -20
1027 -12.68099976 11.54699993 -20
1028 -13.58300018 11.02600002 -20
1029 -13.49100018 12.94999981 -20
1030 -14.39299965 12.4289999 -20
1031 -14.30099964 14.35299969 -20
1032 -15.20300007 13.83199978 -20
1033 -15.11100006 15.75599957 -20
1034 -16.01300049 15.23499966 -20
1035 -15.92099953 17.1590004 -20
1036 -16.82299995 16.63800049 -20
1037 -16.7310009 18.56100082 -20
1038 -17.63299942 18.04100037 -20
1039 -17.54100037 19.9640007 -20
1040 -18.44300079 19.44400024 -20
1041 -18.35099983 21.36700058 -20
1042 -19.25300026 20.84700012 -20
1043 -19.1609993 22.77000046 -20
1044 -20.06299973 22.25 -20
1045 -19.97100067 24.17300034 -20
1046 -20.87299919 23.65299988 -20
1047 -20.78100014 25.57600021 -20
1048 -21.68300056 25.05500031 -20
1049 -21.5909996 26.97900009 -20
1050 -22.49300003 26.45800018 -20
1051 -22.40099907 28.38199997 -20
1052 -23.3029995 27.86100006 -20
1053 -23.21100044 29.78499985 -20
1054 -24.11300087 29.26399994 -20
1055 -24.02099991 31.18799973 -20
1056 -24.92300034 30.66699982 -20
1057 -24.83099937 32.5909996 -20
1058 -25.7329998 32.06999969 -20
1059 -25.64100075 33.99399948 -20
1060 -26.54299927 33.47299957 -20
1061 -26.45100021 35.39699936 -20
1062 -27.35300064 34.87599945 -20
1063 -7.728000164 5.052999973 -20
1064 -6.918000221 3.650000095 -20
1065 -8.538000107 6.455999851 -20
1066 -9.347999573 7.859000206 -20
1067 -10.15799999 9.262000084 -20
1068 -10.96800041 10.66499996 -20
1069 -11.77799988 12.06799984 -20
1070 -12.5880003 13.47000027 -20
1071 -13.39799976 14.87300014 -20
1072 -14.20800018 16.27599907 -20
1073 -15.01799965 17.67900085 -20
1074 -15.82800007 19.08200073 -20
1075 -16.63800049 20.48500061 -20
1076 -17.44799995 21.88800049 -20
1077 -18.25799942 23.29100037 -20
1078 -19.06800079 24.69400024 -20
1079 -19.87800026 26.09700012 -20
1080 -20.68799973 27.5 -20
1081 -21.49799919 28.90299988 -20
1082 -22.30800056 30.30599976 -20
1083 -23.11800003 31.70899963 -20
1084 -23.9279995 33.11199951 -20
1085 -24.73800087 34.51499939 -20
1086 -25.54800034 35.91799927 -20
1087 -6.826000214 5.573999882 -20
1088 -6.015999794 4.171000004 -20
1089 -7.636000156 6.977000237 -20
1090 -8.446000099 8.37899971 -20
1091 -9.255999565 9.781999588 -20
1092 -10.06599998 11.18500042 -20
1093 -10.8760004 12.5880003 -20
1094 -11.68599987 13.99100018 -20
1095 -12.49600029 15.39400005 -20
1096 -13.30599976 16.79700089 -20
1097 -14.11600018 18.20000076 -20
1098 -14.92599964 19.60300064 -20
1099 -15.73600006 21.00600052 -20
1100 -16.54599953 22.4090004 -20
1101 -17.3560009 23.81200027 -20
1102 -18.16600037 25.21500015 -20
1103 -18.97599983 26.61800003 -20
1104 -19.7859993 28.02099991 -20
1105 -20.59600067 29.42399979 -20
1106 -21.40600014 30.82699966 -20
1107 -22.2159996 32.22999954 -20
1108 -23.02599907 33.63299942 -20
1109 -23.83600044 35.0359993 -20
1110 -24.64599991 36.43899918 -20
1111 -5.923999786 6.093999863 -20
1112 -5.113999844 4.690999985 -20
1113 -6.734000206 7.497000217 -20
1114 -7.544000149 8.899999619 -20
1115 -8.354000092 10.30300045 -20
1116 -9.163999557 11.70600033 -20
1117 -9.973999977 13.10900021 -20
1118 -10.7840004 14.51200008 -20
1119 -11.59399986 15.91499996 -20
1120 -12.40400028 17.31800079 -20
1121 -13.21399975 18.72100067 -20
1122 -14.02400017 20.12400055 -20
1123 -14.83399963 21.52700043 -20
1124 -15.64400005 22.93000031 -20
1125 -16.45400047 24.33300018 -20
1126 -17.26399994 25.73600006 -20
1127 -18.0739994 27.13899994 -20
1128 -18.88400078 28.54199982 -20
1129 -19.69400024 29.94499969 -20
1130 -20.50399971 31.34799957 -20
1131 -21.31399918 32.75099945 -20
1132 -22.12400055 34.15399933 -20
1133 -22.93400002 35.55699921 -20
1134 -23.74399948 36.95999908 -20
1135 -5.021999836 6.614999771 -20
1136 -4.211999893 5.211999893 -20
1137 -5.831999779 8.017999649 -20
1138 -6.642000198 9.420999527 -20
1139 -7.452000141 10.82400036 -20
1140 -8.262000084 12.22700024 -20
1141 -9.07199955 13.63000011 -20
1142 -9.881999969 15.03299999 -20
1143 -10.69200039 16.43600082 -20
1144 -11.50199986 17.8390007 -20
1145 -12.31200027 19.24200058 -20
1146 -13.12199974 20.64500046 -20
1147 -13.93200016 22.04800034 -20
1148 -14.74199963 23.45100021 -20
1149 -15.55200005 24.85400009 -20
1150 -16.36199951 26.25699997 -20
1151 -17.17200089 27.65999985 -20
1152 -17.98200035 29.06299973 -20
1153 -18.79199982 30.4659996 -20
1154 -19.60199928 31.86899948 -20
1155 -20.41200066 33.27099991 -20
1156 -21.22200012 34.67399979 -20
1157 -22.03199959 36.07699966 -20
1158 -22.84199905 37.47999954 -20
1159 -4.119999886 7.136000156 -20
1160 -3.309999943 5.732999802 -20
1161 -4.929999828 8.538999557 -20
1162 -5.739999771 9.942000389 -20
1163 -6.550000191 11.34500027 -20
1164 -7.360000134 12.74800014 -20
1165 -8.170000076 14.15100002 -20
1166 -8.979999542 15.5539999 -20
1167 -9.789999962 16.95700073 -20
1168 -10.60000038 18.36000061 -20
1169 -11.40999985 19.76300049 -20
1170 -12.22000027 21.16600037 -20
1171 -13.02999973 22.56900024 -20
1172 -13.84000015 23.97200012 -20
1173 -14.64999962 25.375 -20
1174 -15.46000004 26.77799988 -20
1175 -16.27000046 28.18000031 -20
1176 -17.07999992 29.58300018 -20
1177 -17.88999939 30.98600006 -20
1178 -18.70000076 32.38899994 -20
1179 -19.51000023 33.79199982 -20
1180 -20.31999969 35.19499969 -20
1181 -21.12999916 36.59799957 -20
1182 -21.94000053 38.00099945 -20
1183 -8.722999573 2.60800004 -18.83300018
1184 -7.913000107 1.205000043 -20
1185 -7.913000107 1.205000043 -18.83300018
1186 -9.532999992 4.011000156 -18.83300018
1187 -10.34300041 5.414000034 -18.83300018
1188 -11.15299988 6.816999912 -18.83300018
1189 -11.9630003 8.220000267 -18.83300018
1190 -12.77299976 9.623000145 -18.83300018
1191 -13.58300018 11.02600002 -18.83300018
1192 -14.39299965 12.4289999 -18.83300018
1193 -15.20300007 13.83199978 -18.83300018
1194 -16.01300049 15.23499966 -18.83300018
1195 -16.82299995 16.63800049 -18.83300018
1196 -17.63299942 18.04100037 -18.83300018
1197 -18.44300079 19.44400024 -18.83300018
1198 -19.25300026 20.84700012 -18.83300018
1199 -20.06299973 22.25 -18.83300018
1200 -20.87299919 23.65299988 -18.83300018
1201 -21.68300056 25.05500031 -18.83300018
1202 -22.49300003 26.45800018 -18.83300018
1203 -23.3029995 27.86100006 -18.83300018
1204 -24.11300087 29.26399994 -18.83300018
1205 -24.92300034 30.66699982 -18.83300018
1206 -25.7329998 32.06999969 -18.83300018
1207 -26.54299927 33.47299957 -18.83300018
1208 -27.35300064 34.87599945 -18.83300018
1209 -28.16300011 36.27899933 -18.83300018
1210 -8.722999573 2.60800004 -17.66699982
1211 -7.913000107 1.205000043 -17.66699982
1212 -9.532999992 4.011000156 -17.66699982
1213 -10.34300041 5.414000034 -17.66699982
1214 -11.15299988 6.816999912 -17.66699982
1215 -11.9630003 8.220000267 -17.66699982
1216 -12.77299976 9.623000145 -17.66699982
1217 -13.58300018 11.02600002 -17.66699982
1218 -14.39299965 12.4289999 -17.66699982
1219 -15.20300007 13.83199978 -17.66699982
1220 -16.01300049 15.23499966 -17.66699982
1221 -16.82299995 16.63800049 -17.66699982
1222 -17.63299942 18.04100037 -17.66699982
1223 -18.44300079 19.44400024 -17.66699982
1224 -19.25300026 20.84700012 -17.66699982
1225 -20.06299973 22.25 -17.66699982
1226 -20.87299919 23.65299988 -17.66699982
1227 -21.68300056 25.05500031 -17.66699982
1228 -22.49300003 26.45800018 -17.66699982
1229 -23.3029995 27.86100006 -17.66699982
1230 -24.11300087 29.26399994 -17.66699982
1231 -24.92300034 30.66699982 -17.66699982
1232 -25.7329998 32.06999969 -17.66699982
1233 -26.54299927 33.47299957 -17.66699982
1234 -27.35300064 34.87599945 -17.66699982
1235 -28.16300011 36.27899933 -17.66699982
1236 -8.722999573 2.60800004 -16.5
1237 -7.913000107 1.205000043 -16.5
1238 -9.532999992 4.011000156 -16.5
1239 -10.34300041 5.414000034 -16.5
1240 -11.15299988 6.816999912 -16.5
1241 -11.9630003 8.220000267 -16.5
1242 -12.77299976 9.623000145 -16.5
1243 -13.58300018 11.02600002 -16.5
1244 -14.39299965 12.4289999 -16.5
1245 -15.20300007 13.83199978 -16.5
1246 -16.01300049 15.23499966 -16.5
1247 -16.82299995 16.63800049 -16.5
1248 -17.63299942 18.04100037 -16.5
1249 -18.44300079 19.44400024 -16.5
1250 -19.25300026 20.84700012 -16.5
1251 -20.06299973 22.25 -16.5
1252 -20.87299919 23.65299988 -16.5
1253 -21.68300056 25.05500031 -16.5
1254 -22.49300003 26.45800018 -16.5
1255 -23.3029995 27.86100006 -16.5
1256 -24.11300087 29.26399994 -16.5
1257 -24.92300034 30.66699982 -16.5
1258 -25.7329998 32.06999969 -16.5
1259 -26.54299927 33.47299957 -16.5
1260 -27.35300064 34.87599945 -16.5
1261 -28.16300011 36.27899933 -16.5
1262 -8.722999573 2.60800004 -15.33300018
1263 -7.913000107 1.205000043 -15.33300018
1264 -9.532999992 4.011000156 -15.33300018
1265 -10.34300041 5.414000034 -15.33300018
1266 -11.15299988 6.816999912 -15.33300018
1267 -11.9630003 8.220000267 -15.33300018
1268 -12.77299976 9.623000145 -15.33300018
1269 -13.58300018 11.02600002 -15.33300018
1270 -14.39299965 12.4289999 -15.33300018
1271 -15.20300007 13.83199978 -15.33300018
1272 -16.01300049 15.23499966 -15.33300018
1273 -16.82299995 16.63800049 -15.33300018
1274 -17.63299942 18.04100037 -15.33300018
1275 -18.44300079 19.44400024 -15.33300018
1276 -19.25300026 20.84700012 -15.33300018
1277 -20.06299973 22.25 -15.33300018
1278 -20.87299919 23.65299988 -15.33300018
1279 -21.68300056 25.05500031 -15.33300018
1280 -22.49300003 26.45800018 -15.33300018
1281 -23.3029995 27.86100006 -15.33300018
1282 -24.11300087 29.26399994 -15.33300018
1283 -24.92300034 30.66699982 -15.33300018
1284 -25.7329998 32.06999969 -15.33300018
1285 -26.54299927 33.47299957 -15.33300018
1286 -27.35300064 34.87599945 -15.33300018
1287 -28.16300011 36.27899933 -15.33300018
1288 -8.722999573 2.60800004 -14.16699982
1289 -7.913000107 1.205000043 -14.16699982
1290 -9.532999992 4.011000156 -14.16699982
1291 -10.34300041 5.414000034 -14.16699982
1292 -11.15299988 6.816999912 -14.16699982
1293 -11.9630003 8.220000267 -14.16699982
1294 -12.77299976 9.623000145 -14.16699982
1295 -13.58300018 11.02600002 -14.16699982
1296 -14.39299965 12.4289999 -14.16699982
1297 -15.20300007 13.83199978 -14.16699982
1298 -16.01300049 15.23499966 -14.16699982
1299 -16.82299995 16.63800049 -14.16699982
1300 -17.63299942 18.04100037 -14.16699982
1301 -18.44300079 19.44400024 -14.16699982
1302 -19.25300026 20.84700012 -14.16699982
1303 -20.06299973 22.25 -14.16699982
1304 -20.87299919 23.65299988 -14.16699982
1305 -21.68300056 25.05500031 -14.16699982
1306 -22.49300003 26.45800018 -14.16699982
1307 -23.3029995 27.86100006 -14.16699982
1308 -24.11300087 29.26399994 -14.16699982
1309 -24.92300034 30.66699982 -14.16699982
1310 -25.7329998 32.06999969 -14.16699982
1311 -26.54299927 33.47299957 -14.16699982
1312 -27.35300064 34.87599945 -14.16699982
1313 -28.16300011 36.27899933 -14.16699982
1314 -8.722999573 2.60800004 -13
1315 -7.913000107 1.205000043 -13
1316 -9.532999992 4.011000156 -13
1317 -10.34300041 5.414000034 -13
1318 -11.15299988 6.816999912 -13
1319 -11.9630003 8.220000267 -13
1320 -12.77299976 9.623000145 -13
1321 -13.58300018 11.02600002 -13
1322 -14.39299965 12.4289999 -13
1323 -15.20300007 13.83199978 -13
1324 -16.01300049 15.23499966 -13
1325 -16.82299995 16.63800049 -13
1326 -17.63299942 18.04100037 -13
1327 -18.44300079 19.44400024 -13
1328 -19.25300026 20.84700012 -13
1329 -20.06299973 22.25 -13
1330 -20.87299919 23.65299988 -13
1331 -21.68300056 25.05500031 -13
1332 -22.49300003 26.45800018 -13
1333 -23.3029995 27.86100006 -13
1334 -24.11300087 29.26399994 -13
1335 -24.92300034 30.66699982 -13
1336 -25.7329998 32.06999969 -13
1337 -26.54299927 33.47299957 -13
1338 -27.35300064 34.87599945 -13
1339 -28.94400024 37.63199997 -18.83300018
1340 -28.94400024 37.63199997 -20
1341 -29.72500038 38.98500061 -18.83300018
1342 -30.50600052 40.3370018 -18.83300018
1343 -28.94400024 37.63199997 -17.66699982
1344 -29.72500038 38.98500061 -17.66699982
1345 -30.50600052 40.3370018 -17.66699982
1346 -31.28700066 41.68999863 -17.66699982
1347 -31.28700066 41.68999863 -18.83300018
1348 -28.94400024 37.63199997 -16.5
1349 -29.72500038 38.98500061 -16.5
1350 -30.50600052 40.3370018 -16.5
1351 -31.28700066 41.68999863 -16.5
1352 -28.94400024 37.63199997 -15.33300018
1353 -29.72500038 38.98500061 -15.33300018
1354 -30.50600052 40.3370018 -15.33300018
1355 -31.28700066 41.68999863 -15.33300018
1356 -28.94400024 37.63199997 -14.16699982
1357 -29.72500038 38.98500061 -14.16699982
1358 -30.50600052 40.3370018 -14.16699982
1359 -31.28700066 41.68999863 -14.16699982
1360 -28.94400024 37.63199997 -13
1361 -31.28700066 41.68999863 -13
1362 -7.565000057 0.6029999852 -18.83300018
1363 -7.565000057 0.6029999852 -20
1364 -7.217000008 -0 -20
1365 -7.217000008 -0 -18.83300018
1366 -7.565000057 0.6029999852 -17.66699982
1367 -7.217000008 -0 -17.66699982
1368 -7.565000057 0.6029999852 -16.5
1369 -7.217000008 -0 -16.5
1370 -7.565000057 0.6029999852 -15.33300018
1371 -7.217000008 -0 -15.33300018
1372 -7.565000057 0.6029999852 -14.16699982
1373 -7.217000008 -0 -14.16699982
1374 -8.630999565 4.532000065 -13
1375 -7.821000099 3.128999949 -13
1376 -9.440999985 5.934999943 -13
1377 -10.2510004 7.337999821 -13
1378 -11.06099987 8.741000175 -13
1379 -11.87100029 10.14400005 -13
1380 -12.68099976 11.54699993 -13
1381 -13.49100018 12.94999981 -13
1382 -14.30099964 14.35299969 -13
1383 -15.11100006 15.75599957 -13
1384 -15.92099953 17.1590004 -13
1385 -16.7310009 18.56100082 -13
1386 -17.54100037 19.9640007 -13
1387 -18.35099983 21.36700058 -13
1388 -19.1609993 22.77000046 -13
1389 -19.97100067 24.17300034 -13
1390 -20.78100014 25.57600021 -13
1391 -21.5909996 26.97900009 -13
1392 -22.40099907 28.38199997 -13
1393 -23.21100044 29.78499985 -13
1394 -24.02099991 31.18799973 -13
1395 -24.83099937 32.5909996 -13
1396 -25.64100075 33.99399948 -13
1397 -26.45100021 35.39699936 -13
1398 -7.728000164 5.052999973 -13
1399 -6.918000221 3.650000095 -13
1400 -8.538000107 6.455999851 -13
1401 -9.347999573 7.859000206 -13
1402 -10.15799999 9.262000084 -13
1403 -10.96800041 10.66499996 -13
1404 -11.77799988 12.06799984 -13
1405 -12.5880003 13.47000027 -13
1406 -13.39799976 14.87300014 -13
1407 -14.20800018 16.27599907 -13
1408 -15.01799965 17.67900085 -13
1409 -15.82800007 19.08200073 -13
1410 -16.63800049 20.48500061 -13
1411 -17.44799995 21.88800049 -13
1412 -18.25799942 23.29100037 -13
1413 -19.06800079 24.69400024 -13
1414 -19.87800026 26.09700012 -13
1415 -20.68799973 27.5 -13
1416 -21.49799919 28.90299988 -13
1417 -22.30800056 30.30599976 -13
1418 -23.11800003 31.70899963 -13
1419 -23.9279995 33.11199951 -13
1420 -24.73800087 34.51499939 -13
1421 -25.54800034 35.91799927 -13
1422 -6.826000214 5.573999882 -13
1423 -6.015999794 4.171000004 -13
1424 -7.636000156 6.977000237 -13
1425 -8.446000099 8.37899971 -13
1426 -9.255999565 9.781999588 -13
1427 -10.06599998 11.18500042 -13
1428 -10.8760004 12.5880003 -13
1429 -11.68599987 13.99100018 -13
1430 -12.49600029 15.39400005 -13
1431 -13.30599976 16.79700089 -13
1432 -14.11600018 18.20000076 -13
1433 -14.92599964 19.60300064 -13
1434 -15.73600006 21.00600052 -13
1435 -16.54599953 22.4090004 -13
1436 -17.3560009 23.81200027 -13
1437 -18.16600037 25.21500015 -13
1438 -18.97599983 26.61800003 -13
1439 -19.7859993 28.02099991 -13
1440 -20.59600067 29.42399979 -13
1441 -21.40600014 30.82699966 -13
1442 -22.2159996 32.22999954 -13
1443 -23.02599907 33.63299942 -13
1444 -23.83600044 35.0359993 -13
1445 -24.64599991 36.43899918 -13
1446 -25.45599937 37.84199905 -13
1447 -26.3579998 37.32099915 -13
1448 -5.923999786 6.093999863 -13
1449 -5.113999844 4.690999985 -13
1450 -6.734000206 7.497000217 -13
1451 -7.544000149 8.899999619 -13
1452 -8.354000092 10.30300045 -13
1453 -9.163999557 11.70600033 -13
1454 -9.973999977 13.10900021 -13
1455 -10.7840004 14.51200008 -13
1456 -11.59399986 15.91499996 -13
1457 -12.40400028 17.31800079 -13
1458 -13.21399975 18.72100067 -13
1459 -14.02400017 20.12400055 -13
1460 -14.83399963 21.52700043 -13
1461 -15.64400005 22.93000031 -13
1462 -16.45400047 24.33300018 -13
1463 -17.26399994 25.73600006 -13
1464 -18.0739994 27.13899994 -13
1465 -18.88400078 28.54199982 -13
1466 -19.69400024 29.94499969 -13
1467 -20.50399971 31.34799957 -13
1468 -21.31399918 32.75099945 -13
1469 -22.12400055 34.15399933 -13
1470 -22.93400002 35.55699921 -13
1471 -23.74399948 36.95999908 -13
1472 -5.021999836 6.614999771 -13
1473 -4.211999893 5.211999893 -13
1474 -5.831999779 8.017999649 -13
1475 -6.642000198 9.420999527 -13
1476 -7.452000141 10.82400036 -13
1477 -8.262000084 12.22700024 -13
1478 -9.07199955 13.63000011 -13
1479 -9.881999969 15.03299999 -13
1480 -10.69200039 16.43600082 -13
1481 -11.50199986 17.8390007 -13
1482 -12.31200027 19.24200058 -13
1483 -13.12199974 20.64500046 -13
1484 -13.93200016 22.04800034 -13
1485 -14.74199963 23.45100021 -13
1486 -15.55200005 24.85400009 -13
1487 -16.36199951 26.25699997 -13
1488 -17.17200089 27.65999985 -13
1489 -17.98200035 29.06299973 -13
1490 -18.79199982 30.4659996 -13
1491 -19.60199928 31.86899948 -13
1492 -20.41200066 33.27099991 -13
1493 -21.22200012 34.67399979 -13
1494 -22.03199959 36.07699966 -13
1495 -22.84199905 37.47999954 -13
1496 -4.119999886 7.136000156 -13
1497 -3.309999943 5.732999802 -13
1498 -4.929999828 8.538999557 -13
1499 -5.739999771 9.942000389 -13
1500 -6.550000191 11.34500027 -13
1501 -7.360000134 12.74800014 -13
1502 -8.170000076 14.15100002 -13
1503 -8.979999542 15.5539999 -13
1504 -9.789999962 16.95700073 -13
1505 -10.60000038 18.36000061 -13
1506 -11.40999985 19.76300049 -13
1507 -12.22000027 21.16600037 -13
1508 -13.02999973 22.56900024 -13
1509 -13.84000015 23.97200012 -13
1510 -14.64999962 25.375 -13
1511 -15.46000004 26.77799988 -13
1512 -16.27000046 28.18000031 -13
1513 -17.07999992 29.58300018 -13
1514 -17.88999939 30.98600006 -13
1515 -18.70000076 32.38899994 -13
1516 -19.51000023 33.79199982 -13
1517 -20.31999969 35.19499969 -13
1518 -21.12999916 36.59799957 -13
1519 -21.94000053 38.00099945 -13
1520 -23.65200043 38.88299942 -13
1521 -20.05699921 42.53300095 -20
1522 -20.64800072 40.97499847 -20
1523 -20.71100044 41.29600143 -20
1524 -18.11800003 43.88199997 -18.83300018
1525 -17.33699989 42.52899933 -18.83300018
1526 -18.11800003 43.88199997 -20
1527 -18.89900017 45.23500061 -18.83300018
1528 -19.68000031 46.5870018 -18.83300018
1529 -20.46100044 47.93999863 -18.83300018
1530 -18.11800003 43.88199997 -17.66699982
1531 -17.33699989 42.52899933 -17.66699982
1532 -18.89900017 45.23500061 -17.66699982
1533 -19.68000031 46.5870018 -17.66699982
1534 -20.46100044 47.93999863 -17.66699982
1535 -18.11800003 43.88199997 -16.5
1536 -17.33699989 42.52899933 -16.5
1537 -18.89900017 45.23500061 -16.5
1538 -19.68000031 46.5870018 -16.5
1539 -20.46100044 47.93999863 -16.5
1540 -18.11800003 43.88199997 -15.33300018
1541 -17.33699989 42.52899933 -15.33300018
1542 -18.89900017 45.23500061 -15.33300018
1543 -19.68000031 46.5870018 -15.33300018
1544 -20.46100044 47.93999863 -15.33300018
1545 -18.11800003 43.88199997 -14.16699982
1546 -17.33699989 42.52899933 -14.16699982
1547 -18.89900017 45.23500061 -14.16699982
1548 -19.68000031 46.5870018 -14.16699982
1549 -20.46100044 47.93999863 -14.16699982
1550 -18.11800003 43.88199997 -13
1551 -17.33699989 42.52899933 -13
1552 -20.64800072 40.97499847 -13
1553 -19.78000069 41.90599823 -13
1554 -18.48999977 43.90599823 -13
1555 0.3910000026 9.739999771 -13
1556 1.200999975 8.336999893 -13
1557 2.102999926 8.857999802 -13
1558 1.292999983 10.26099968 -13
1559 -0.4189999998 11.14299965 -13
1560 0.4830000103 11.66399956 -13
1561 -1.228999972 12.54599953 -13
1562 -0.3269999921 13.06700039 -13
1563 -2.039000034 13.94900036 -13
1564 -1.136999965 14.47000027 -13
1565 -2.848999977 15.35200024 -13
1566 -1.947000027 15.87300014 -13
1567 -3.65899992 16.75499916 -13
1568 -2.756999969 17.27599907 -13
1569 -4.468999863 18.15800095 -13
1570 -3.566999912 18.67900085 -13
1571 -5.278999805 19.56100082 -13
1572 -4.376999855 20.08200073 -13
1573 -6.089000225 20.9640007 -13
1574 -5.186999798 21.48500061 -13
1575 -6.899000168 22.36700058 -13
1576 -5.997000217 22.88800049 -13
1577 -7.709000111 23.77000046 -13
1578 -6.80700016 24.29100037 -13
1579 -8.519000053 25.17300034 -13
1580 -7.617000103 25.69400024 -13
1581 -9.329000473 26.57600021 -13
1582 -8.427000046 27.09700012 -13
1583 -10.13899994 27.97900009 -13
1584 -9.237000465 28.5 -13
1585 -10.94900036 29.38199997 -13
1586 -10.04699993 29.90299988 -13
1587 -11.75899982 30.78499985 -13
1588 -10.85700035 31.30500031 -13
1589 -12.56900024 32.18799973 -13
1590 -11.66699982 32.70800018 -13
1591 -13.37899971 33.5909996 -13
1592 -12.47700024 34.11100006 -13
1593 -14.18900013 34.99399948 -13
1594 -13.2869997 35.51399994 -13
1595 -14.9989996 36.39599991 -13
1596 -14.09700012 36.91699982 -13
1597 -15.80900002 37.79899979 -13
1598 -14.90699959 38.31999969 -13
1599 -16.61899948 39.20199966 -13
1600 -15.71700001 39.72299957 -13
1601 -17.42900085 40.60499954 -13
1602 -16.52700043 41.12599945 -13
1603 -0.5120000243 9.218999863 -13
1604 0.2980000079 7.815999985 -13
1605 -1.322000027 10.62199974 -13
1606 -2.131999969 12.02499962 -13
1607 -2.941999912 13.42800045 -13
1608 -3.752000093 14.83100033 -13
1609 -4.561999798 16.23399925 -13
1610 -5.372000217 17.63699913 -13
1611 -6.18200016 19.04000092 -13
1612 -6.992000103 20.44300079 -13
1613 -7.802000046 21.84600067 -13
1614 -8.612000465 23.24900055 -13
1615 -9.421999931 24.65200043 -13
1616 -10.23200035 26.05500031 -13
1617 -11.04199982 27.45800018 -13
1618 -11.85200024 28.86100006 -13
1619 -12.6619997 30.26399994 -13
1620 -13.47200012 31.66699982 -13
1621 -14.28199959 33.06999969 -13
1622 -15.09200001 34.47299957 -13
1623 -15.90200043 35.87599945 -13
1624 -16.71199989 37.27899933 -13
1625 -17.52199936 38.68199921 -13
1626 -18.33200073 40.08499908 -13
1627 -1.414000034 8.699000359 -13
1628 -0.6039999723 7.296000004 -13
1629 -2.223999977 10.10200024 -13
1630 -3.03399992 11.50399971 -13
1631 -3.844000101 12.90699959 -13
1632 -4.653999805 14.31000042 -13
1633 -5.464000225 15.7130003 -13
1634 -6.274000168 17.11599922 -13
1635 -7.084000111 18.5189991 -13
1636 -7.894000053 19.92200089 -13
1637 -8.704000473 21.32500076 -13
1638 -9.513999939 22.72800064 -13
1639 -10.32400036 24.13100052 -13
1640 -11.13399982 25.5340004 -13
1641 -11.94400024 26.93700027 -13
1642 -12.75399971 28.34000015 -13
1643 -13.56400013 29.74300003 -13
1644 -14.3739996 31.14599991 -13
1645 -15.18400002 32.54899979 -13
1646 -15.99400043 33.95199966 -13
1647 -16.80400085 35.35499954 -13
1648 -17.61400032 36.75799942 -13
1649 -18.42399979 38.1609993 -13
1650 -19.23399925 39.56399918 -13
1651 -2.315999985 8.17800045 -13
1652 -1.506000042 6.775000095 -13
1653 -3.125999928 9.581000328 -13
1654 -3.936000109 10.98400021 -13
1655 -4.745999813 12.38700008 -13
1656 -5.556000233 13.78999996 -13
1657 -6.366000175 15.19299984 -13
1658 -7.176000118 16.59499931 -13
1659 -7.986000061 17.99799919 -13
1660 -8.795999527 19.40099907 -13
1661 -9.605999947 20.80400085 -13
1662 -10.41600037 22.20700073 -13
1663 -11.22599983 23.61000061 -13
1664 -12.03600025 25.01300049 -13
1665 -12.84599972 26.41600037 -13
1666 -13.65600014 27.81900024 -13
1667 -14.4659996 29.22200012 -13
1668 -15.27600002 30.625 -13
1669 -16.08600044 32.02799988 -13
1670 -16.89599991 33.43099976 -13
1671 -17.70599937 34.83399963 -13
1672 -18.51600075 36.23699951 -13
1673 -19.32600021 37.63999939 -13
1674 -20.13599968 39.04299927 -13
1675 -3.217999935 7.657000065 -13
1676 -2.407999992 6.254000187 -13
1677 -4.027999878 9.06000042 -13
1678 -4.837999821 10.4630003 -13
1679 -5.647999763 11.86600018 -13
1680 -6.458000183 13.26900005 -13
1681 -7.268000126 14.67199993 -13
1682 -8.078000069 16.07500076 -13
1683 -8.887999535 17.47800064 -13
1684 -9.697999954 18.88100052 -13
1685 -10.50800037 20.2840004 -13
1686 -11.31799984 21.68600082 -13
1687 -12.12800026 23.0890007 -13
1688 -12.93799973 24.49200058 -13
1689 -13.74800014 25.89500046 -13
1690 -14.55799961 27.29800034 -13
1691 -15.36800003 28.70100021 -13
1692 -16.1779995 30.10400009 -13
1693 -16.98800087 31.50699997 -13
1694 -17.79800034 32.90999985 -13
1695 -18.6079998 34.31299973 -13
1696 -19.41799927 35.7159996 -13
1697 -20.22800064 37.11899948 -13
1698 -21.03800011 38.52199936 -13
1699 2.102999926 8.857999802 -18.83300018
1700 2.913000107 7.454999924 -18.83300018
1701 2.913000107 7.454999924 -20
1702 2.102999926 8.857999802 -20
1703 1.292999983 10.26099968 -18.83300018
1704 1.292999983 10.26099968 -20
1705 0.4830000103 11.66399956 -18.83300018
1706 0.4830000103 11.66399956 -20
1707 -0.3269999921 13.06700039 -18.83300018
1708 -0.3269999921 13.06700039 -20
1709 -1.136999965 14.47000027 -18.83300018
1710 -1.136999965 14.47000027 -20
1711 -1.947000027 15.87300014 -18.83300018
1712 -1.947000027 15.87300014 -20
1713 -4.376999855 20.08200073 -18.83300018
1714 -4.376999855 20.08200073 -20
1715 -5.186999798 21.48500061 -18.83300018
1716 -5.186999798 21.48500061 -20
1717 -5.997000217 22.88800049 -18.83300018
1718 -5.997000217 22.88800049 -20
1719 -6.80700016 24.29100037 -18.83300018
1720 -6.80700016 24.29100037 -20
1721 -7.617000103 25.69400024 -18.83300018
1722 -7.617000103 25.69400024 -20
1723 -8.427000046 27.09700012 -18.83300018
1724 -8.427000046 27.09700012 -20
1725 -9.237000465 28.5 -18.83300018
1726 -9.237000465 28.5 -20
1727 -10.04699993 29.90299988 -18.83300018
1728 -10.04699993 29.90299988 -20
1729 -10.85700035 31.30500031 -18.83300018
1730 -10.85700035 31.30500031 -20
1731 -11.66699982 32.70800018 -18.83300018
1732 -11.66699982 32.70800018 -20
1733 -12.47700024 34.11100006 -18.83300018
1734 -12.47700024 34.11100006 -20
1735 -13.2869997 35.51399994 -18.83300018
1736 -13.2869997 35.51399994 -20
1737 -14.09700012 36.91699982 -18.83300018
1738 -14.09700012 36.91699982 -20
1739 -14.90699959 38.31999969 -18.83300018
1740 -14.90699959 38.31999969 -20
1741 -15.71700001 39.72299957 -18.83300018
1742 -15.71700001 39.72299957 -20
1743 -16.52700043 41.12599945 -18.83300018
1744 -16.52700043 41.12599945 -20
1745 2.102999926 8.857999802 -17.66699982
1746 2.913000107 7.454999924 -17.66699982
1747 1.292999983 10.26099968 -17.66699982
1748 0.4830000103 11.66399956 -17.66699982
1749 -0.3269999921 13.06700039 -17.66699982
1750 -1.136999965 14.47000027 -17.66699982
1751 -1.947000027 15.87300014 -17.66699982
1752 -2.756999969 17.27599907 -17.66699982
1753 -3.566999912 18.67900085 -17.66699982
1754 -4.376999855 20.08200073 -17.66699982
1755 -5.186999798 21.48500061 -17.66699982
1756 -5.997000217 22.88800049 -17.66699982
1757 -6.80700016 24.29100037 -17.66699982
1758 -7.617000103 25.69400024 -17.66699982
1759 -8.427000046 27.09700012 -17.66699982
1760 -9.237000465 28.5 -17.66699982
1761 -10.04699993 29.90299988 -17.66699982
1762 -10.85700035 31.30500031 -17.66699982
1763 -11.66699982 32.70800018 -17.66699982
1764 -12.47700024 34.11100006 -17.66699982
1765 -13.2869997 35.51399994 -17.66699982
1766 -14.09700012 36.91699982 -17.66699982
1767 -14.90699959 38.31999969 -17.66699982
1768 -15.71700001 39.72299957 -17.66699982
1769 -16.52700043 41.12599945 -17.66699982
1770 2.102999926 8.857999802 -16.5
1771 2.913000107 7.454999924 -16.5
1772 1.292999983 10.26099968 -16.5
1773 0.4830000103 11.66399956 -16.5
1774 -0.3269999921 13.06700039 -16.5
1775 -1.136999965 14.47000027 -16.5
1776 -1.947000027 15.87300014 -16.5
1777 -2.756999969 17.27599907 -16.5
1778 -3.566999912 18.67900085 -16.5
1779 -4.376999855 20.08200073 -16.5
1780 -5.186999798 21.48500061 -16.5
1781 -5.997000217 22.88800049 -16.5
1782 -6.80700016 24.29100037 -16.5
1783 -7.617000103 25.69400024 -16.5
1784 -8.427000046 27.09700012 -16.5
1785 -9.237000465 28.5 -16.5
1786 -10.04699993 29.90299988 -16.5
1787 -10.85700035 31.30500031 -16.5
1788 -11.66699982 32.70800018 -16.5
1789 -12.47700024 34.11100006 -16.5
1790 -13.2869997 35.51399994 -16.5
1791 -14.09700012 36.91699982 -16.5
1792 -14.90699959 38.31999969 -16.5
1793 -15.71700001 39.72299957 -16.5
1794 -16.52700043 41.12599945 -16.5
1795 2.102999926 8.857999802 -15.33300018
1796 2.913000107 7.454999924 -15.33300018
1797 1.292999983 10.26099968 -15.33300018
1798 0.4830000103 11.66399956 -15.33300018
1799 -0.3269999921 13.06700039 -15.33300018
1800 -1.136999965 14.47000027 -15.33300018
1801 -1.947000027 15.87300014 -15.33300018
1802 -2.756999969 17.27599907 -15.33300018
1803 -3.566999912 18.67900085 -15.33300018
1804 -4.376999855 20.08200073 -15.33300018
1805 -5.186999798 21.48500061 -15.33300018
1806 -5.997000217 22.88800049 -15.33300018
1807 -6.80700016 24.29100037 -15.33300018
1808 -7.617000103 25.69400024 -15.33300018
1809 -8.427000046 27.09700012 -15.33300018
1810 -9.237000465 28.5 -15.33300018
1811 -10.04699993 29.90299988 -15.33300018
1812 -10.85700035 31.30500031 -15.33300018
1813 -11.66699982 32.70800018 -15.33300018
1814 -12.47700024 34.11100006 -15.33300018
1815 -13.2869997 35.51399994 -15.33300018
1816 -14.09700012 36.91699982 -15.33300018
1817 -14.90699959 38.31999969 -15.33300018
1818 -15.71700001 39.72299957 -15.33300018
1819 -16.52700043 41.12599945 -15.33300018
1820 2.102999926 8.857999802 -14.16699982
1821 2.913000107 7.454999924 -14.16699982
1822 1.292999983 10.26099968 -14.16699982
1823 0.4830000103 11.66399956 -14.16699982
1824 -0.3269999921 13.06700039 -14.16699982
1825 -1.136999965 14.47000027 -14.16699982
1826 -1.947000027 15.87300014 -14.16699982
1827 -2.756999969 17.27599907 -14.16699982
1828 -3.566999912 18.67900085 -14.16699982
1829 -4.376999855 20.08200073 -14.16699982
1830 -5.186999798 21.48500061 -14.16699982
1831 -5.997000217 22.88800049 -14.16699982
1832 -6.80700016 24.29100037 -14.16699982
1833 -7.617000103 25.69400024 -14.16699982
1834 -8.427000046 27.09700012 -14.16699982
1835 -9.237000465 28.5 -14.16699982
1836 -10.04699993 29.90299988 -14.16699982
1837 -10.85700035 31.30500031 -14.16699982
1838 -11.66699982 32.70800018 -14.16699982
1839 -12.47700024 34.11100006 -14.16699982
1840 -13.2869997 35.51399994 -14.16699982
1841 -14.09700012 36.91699982 -14.16699982
1842 -14.90699959 38.31999969 -14.16699982
1843 -15.71700001 39.72299957 -14.16699982
1844 -16.52700043 41.12599945 -14.16699982
1845 2.913000107 7.454999924 -13
1846 0.3910000026 9.739999771 -20
1847 1.200999975 8.336999893 -20
1848 -0.4189999998 11.14299965 -20
1849 -1.228999972 12.54599953 -20
1850 -2.039000034 13.94900036 -20
1851 -2.848999977 15.35200024 -20
1852 -3.65899992 16.75499916 -20
1853 -4.468999863 18.15800095 -20
1854 -5.278999805 19.56100082 -20
1855 -6.089000225 20.9640007 -20
1856 -6.899000168 22.36700058 -20
1857 -7.709000111 23.77000046 -20
1858 -8.519000053 25.17300034 -20
1859 -9.329000473 26.57600021 -20
1860 -10.13899994 27.97900009 -20
1861 -10.94900036 29.38199997 -20
1862 -11.75899982 30.78499985 -20
1863 -12.56900024 32.18799973 -20
1864 -13.37899971 33.5909996 -20
1865 -14.18900013 34.99399948 -20
1866 -14.9989996 36.39599991 -20
1867 -15.80900002 37.79899979 -20
1868 -16.61899948 39.20199966 -20
1869 -17.42900085 40.60499954 -20
1870 -0.5120000243 9.218999863 -20
1871 0.2980000079 7.815999985 -20
1872 -1.322000027 10.62199974 -20
1873 -2.131999969 12.02499962 -20
1874 -2.941999912 13.42800045 -20
1875 -3.752000093 14.83100033 -20
1876 -4.561999798 16.23399925 -20
1877 -5.372000217 17.63699913 -20
1878 -6.18200016 19.04000092 -20
1879 -6.992000103 20.44300079 -20
1880 -7.802000046 21.84600067 -20
1881 -8.612000465 23.24900055 -20
1882 -9.421999931 24.65200043 -20
1883 -10.23200035 26.05500031 -20
1884 -11.04199982 27.45800018 -20
1885 -11.85200024 28.86100006 -20
1886 -12.6619997 30.26399994 -20
1887 -13.47200012 31.66699982 -20
1888 -14.28199959 33.06999969 -20
1889 -15.09200001 34.47299957 -20
1890 -15.90200043 35.87599945 -20
1891 -16.71199989 37.27899933 -20
1892 -17.52199936 38.68199921 -20
1893 -1.414000034 8.699000359 -20
1894 -0.6039999723 7.296000004 -20
1895 -2.223999977 10.10200024 -20
1896 -3.03399992 11.50399971 -20
1897 -3.844000101 12.90699959 -20
1898 -4.653999805 14.31000042 -20
1899 -5.464000225 15.7130003 -20
1900 -6.274000168 17.11599922 -20
1901 -7.084000111 18.5189991 -20
1902 -7.894000053 19.92200089 -20
1903 -8.704000473 21.32500076 -20
1904 -9.513999939 22.72800064 -20
1905 -10.32400036 24.13100052 -20
1906 -11.13399982 25.5340004 -20
1907 -11.94400024 26.93700027 -20
1908 -12.75399971 28.34000015 -20
1909 -13.56400013 29.74300003 -20
1910 -14.3739996 31.14599991 -20
1911 -15.18400002 32.54899979 -20
1912 -15.99400043 33.95199966 -20
1913 -16.80400085 35.35499954 -20
1914 -17.61400032 36.75799942 -20
1915 -18.42399979 38.1609993 -20
1916 -2.315999985 8.17800045 -20
1917 -1.506000042 6.775000095 -20
1918 -3.125999928 9.581000328 -20
1919 -3.936000109 10.98400021 -20
1920 -4.745999813 12.38700008 -20
1921 -5.556000233 13.78999996 -20
1922 -6.366000175 15.19299984 -20
1923 -7.176000118 16.59499931 -20
1924 -7.986000061 17.99799919 -20
1925 -8.795999527 19.40099907 -20
1926 -9.605999947 20.80400085 -20
1927 -10.41600037 22.20700073 -20
1928 -11.22599983 23.61000061 -20
1929 -12.03600025 25.01300049 -20
1930 -12.84599972 26.41600037 -20
1931 -13.65600014 27.81900024 -20
1932 -14.4659996 29.22200012 -20
1933 -15.27600002 30.625 -20
1934 -16.08600044 32.02799988 -20
1935 -16.89599991 33.43099976 -20
1936 -17.70599937 34.83399963 -20
1937 -18.51600075 36.23699951 -20
1938 -19.32600021 37.63999939 -20
1939 -20.13599968 39.04299927 -20
1940 -3.217999935 7.657000065 -20
1941 -2.407999992 6.254000187 -20
1942 -4.027999878 9.06000042 -20
1943 -4.837999821 10.4630003 -20
1944 -5.647999763 11.86600018 -20
1945 -6.458000183 13.26900005 -20
1946 -7.268000126 14.67199993 -20
1947 -8.078000069 16.07500076 -20
1948 -8.887999535 17.47800064 -20
1949 -9.697999954 18.88100052 -20
1950 -10.50800037 20.2840004 -20
1951 -11.31799984 21.68600082 -20
1952 -12.12800026 23.0890007 -20
1953 -12.93799973 24.49200058 -20
1954 -13.74800014 25.89500046 -20
1955 -14.55799961 27.29800034 -20
1956 -15.36800003 28.70100021 -20
1957 -16.1779995 30.10400009 -20
1958 -16.98800087 31.50699997 -20
1959 -17.79800034 32.90999985 -20
1960 -18.6079998 34.31299973 -20
1961 -19.41799927 35.7159996 -20
1962 -20.22800064 37.11899948 -20
1963 -21.03800011 38.52199936 -20
1964 3.260999918 6.853000164 -18.83300018
1965 3.60800004 6.25 -18.83300018
1966 3.60800004 6.25 -20
1967 3.260999918 6.853000164 -20
1968 3.260999918 6.853000164 -17.66699982
1969 3.60800004 6.25 -17.66699982
1970 3.260999918 6.853000164 -16.5
1971 3.60800004 6.25 -16.5
1972 3.260999918 6.853000164 -15.33300018
1973 3.60800004 6.25 -15.33300018
1974 3.260999918 6.853000164 -14.16699982
1975 3.60800004 6.25 -14.16699982
1976 6.619999886 5.208000183 -20
1977 5 5.208000183 -20
1978 5 6.25 -20
1979 6.619999886 6.25 -20
1980 8.239999771 5.208000183 -20
1981 8.239999771 6.25 -20
1982 9.859999657 5.208000183 -20
1983 9.859999657 6.25 -20
1984 11.47999954 5.208000183 -20
1985 11.47999954 6.25 -20
1986 13.10000038 5.208000183 -20
1987 13.10000038 6.25 -20
1988 14.72000027 5.208000183 -20
1989 14.72000027 6.25 -20
1990 16.34000015 5.208000183 -20
1991 16.34000015 6.25 -20
1992 17.95999908 5.208000183 -20
1993 17.95999908 6.25 -20
1994 19.57999992 5.208000183 -20
1995 19.57999992 6.25 -20
1996 21.20000076 5.208000183 -20
1997 21.20000076 6.25 -20
1998 22.81999969 5.208000183 -20
1999 22.81999969 6.25 -20
2000 24.44000053 5.208000183 -20
2001 24.44000053 6.25 -20
2002 26.05999947 5.208000183 -20
2003 26.05999947 6.25 -20
2004 27.68000031 5.208000183 -20
2005 27.68000031 6.25 -20
2006 29.29999924 5.208000183 -20
2007 29.29999924 6.25 -20
2008 30.92000008 5.208000183 -20
2009 30.92000008 6.25 -20
2010 32.54000092 5.208000183 -20
2011 32.54000092 6.25 -20
2012 34.15999985 5.208000183 -20
2013 34.15999985 6.25 -20
2014 35.77999878 5.208000183 -20
2015 35.77999878 6.25 -20
2016 37.40000153 5.208000183 -20
2017 37.40000153 6.25 -20
2018 39.02000046 5.208000183 -20
2019 39.02000046 6.25 -20
2020 40.63999939 5.208000183 -20
2021 40.63999939 6.25 -20
2022 42.25999832 5.208000183 -20
2023 42.25999832 6.25 -20
2024 43.88000107 5.208000183 -20
2025 43.88000107 6.25 -20
2026 45.5 5.208000183 -20
2027 6.619999886 4.166999817 -20
2028 5 4.166999817 -20
2029 8.239999771 4.166999817 -20
2030 9.859999657 4.166999817 -20
2031 11.47999954 4.166999817 -20
2032 13.10000038 4.166999817 -20
2033 14.72000027 4.166999817 -20
2034 16.34000015 4.166999817 -20
2035 17.95999908 4.166999817 -20
2036 19.57999992 4.166999817 -20
2037 21.20000076 4.166999817 -20
2038 22.81999969 4.166999817 -20
2039 24.44000053 4.166999817 -20
2040 26.05999947 4.166999817 -20
2041 27.68000031 4.166999817 -20
2042 29.29999924 4.166999817 -20
2043 30.92000008 4.166999817 -20
2044 32.54000092 4.166999817 -20
2045 34.15999985 4.166999817 -20
2046 35.77999878 4.166999817 -20
2047 37.40000153 4.166999817 -20
2048 39.02000046 4.166999817 -20
2049 40.63999939 4.166999817 -20
2050 42.25999832 4.166999817 -20
2051 43.88000107 4.166999817 -20
2052 45.5 4.166999817 -20
2053 6.619999886 3.125 -20
2054 5 3.125 -20
2055 8.239999771 3.125 -20
2056 9.859999657 3.125 -20
2057 11.47999954 3.125 -20
2058 13.10000038 3.125 -20
2059 14.72000027 3.125 -20
2060 16.34000015 3.125 -20
2061 17.95999908 3.125 -20
2062 19.57999992 3.125 -20
2063 21.20000076 3.125 -20
2064 22.81999969 3.125 -20
2065 24.44000053 3.125 -20
2066 26.05999947 3.125 -20
2067 27.68000031 3.125 -20
2068 29.29999924 3.125 -20
2069 30.92000008 3.125 -20
2070 32.54000092 3.125 -20
2071 34.15999985 3.125 -20
2072 35.77999878 3.125 -20
2073 37.40000153 3.125 -20
2074 39.02000046 3.125 -20
2075 40.63999939 3.125 -20
2076 42.25999832 3.125 -20
2077 43.88000107 3.125 -20
2078 45.5 3.125 -20
2079 6.619999886 2.082999945 -20
2080 5 2.082999945 -20
2081 8.239999771 2.082999945 -20
2082 9.859999657 2.082999945 -20
2083 11.47999954 2.082999945 -20
2084 13.10000038 2.082999945 -20
2085 14.72000027 2.082999945 -20
2086 16.34000015 2.082999945 -20
2087 17.95999908 2.082999945 -20
2088 19.57999992 2.082999945 -20
2089 21.20000076 2.082999945 -20
2090 22.81999969 2.082999945 -20
2091 24.44000053 2.082999945 -20
2092 26.05999947 2.082999945 -20
2093 27.68000031 2.082999945 -20
2094 29.29999924 2.082999945 -20
2095 30.92000008 2.082999945 -20
2096 32.54000092 2.082999945 -20
2097 34.15999985 2.082999945 -20
2098 35.77999878 2.082999945 -20
2099 37.40000153 2.082999945 -20
2100 39.02000046 2.082999945 -20
2101 40.63999939 2.082999945 -20
2102 42.25999832 2.082999945 -20
2103 43.88000107 2.082999945 -20
2104 45.5 2.082999945 -20
2105 6.619999886 1.042000055 -20
2106 5 1.042000055 -20
2107 8.239999771 1.042000055 -20
2108 9.859999657 1.042000055 -20
2109 11.47999954 1.042000055 -20
2110 13.10000038 1.042000055 -20
2111 14.72000027 1.042000055 -20
2112 16.34000015 1.042000055 -20
2113 17.95999908 1.042000055 -20
2114 19.57999992 1.042000055 -20
2115 21.20000076 1.042000055 -20
2116 22.81999969 1.042000055 -20
2117 24.44000053 1.042000055 -20
2118 26.05999947 1.042000055 -20
2119 27.68000031 1.042000055 -20
2120 29.29999924 1.042000055 -20
2121 30.92000008 1.042000055 -20
2122 32.54000092 1.042000055 -20
2123 34.15999985 1.042000055 -20
2124 35.77999878 1.042000055 -20
2125 37.40000153 1.042000055 -20
2126 39.02000046 1.042000055 -20
2127 40.63999939 1.042000055 -20
2128 42.25999832 1.042000055 -20
2129 43.88000107 1.042000055 -20
2130 45.5 1.042000055 -20
2131 6.619999886 0 -20
2132 5 0 -20
2133 8.239999771 0 -20
2134 9.859999657 0 -20
2135 11.47999954 0 -20
2136 13.10000038 0 -20
2137 14.72000027 0 -20
2138 16.34000015 0 -20
2139 17.95999908 0 -20
2140 19.57999992 0 -20
2141 21.20000076 0 -20
2142 22.81999969 0 -20
2143 24.44000053 0 -20
2144 26.05999947 0 -20
2145 27.68000031 0 -20
2146 29.29999924 0 -20
2147 30.92000008 0 -20
2148 32.54000092 0 -20
2149 34.15999985 0 -20
2150 35.77999878 0 -20
2151 37.40000153 0 -20
2152 39.02000046 0 -20
2153 40.63999939 0 -20
2154 42.25999832 0 -20
2155 43.88000107 0 -20
2156 45.5 0 -20
2157 4.303999901 6.25 -18.83300018
2158 4.303999901 6.25 -20
2159 5 6.25 -18.83300018
2160 4.303999901 6.25 -17.66699982
2161 5 6.25 -17.66699982
2162 4.303999901 6.25 -16.5
2163 5 6.25 -16.5
2164 4.303999901 6.25 -15.33300018
2165 5 6.25 -15.33300018
2166 4.303999901 6.25 -14.16699982
2167 5 6.25 -14.16699982
2168 4.303999901 6.25 -13
2169 3.60800004 6.25 -13
2170 5 6.25 -13
2171 47.06200027 6.25 -18.83300018
2172 47.06200027 6.25 -20
2173 45.5 6.25 -18.83300018
2174 48.62400055 6.25 -18.83300018
2175 50.18600082 6.25 -18.83300018
2176 51.7480011 6.25 -18.83300018
2177 47.06200027 6.25 -17.66699982
2178 45.5 6.25 -17.66699982
2179 48.62400055 6.25 -17.66699982
2180 50.18600082 6.25 -17.66699982
2181 51.7480011 6.25 -17.66699982
2182 47.06200027 6.25 -16.5
2183 45.5 6.25 -16.5
2184 48.62400055 6.25 -16.5
2185 50.18600082 6.25 -16.5
2186 51.7480011 6.25 -16.5
2187 47.06200027 6.25 -15.33300018
2188 45.5 6.25 -15.33300018
2189 48.62400055 6.25 -15.33300018
2190 50.18600082 6.25 -15.33300018
2191 51.7480011 6.25 -15.33300018
2192 47.06200027 6.25 -14.16699982
2193 45.5 6.25 -14.16699982
2194 48.62400055 6.25 -14.16699982
2195 50.18600082 6.25 -14.16699982
2196 51.7480011 6.25 -14.16699982
2197 47.06200027 6.25 -13
2198 6.619999886 6.25 -18.83300018
2199 8.239999771 6.25 -18.83300018
2200 9.859999657 6.25 -18.83300018
2201 11.47999954 6.25 -18.83300018
2202 13.10000038 6.25 -18.83300018
2203 14.72000027 6.25 -18.83300018
2204 16.34000015 6.25 -18.83300018
2205 17.95999908 6.25 -18.83300018
2206 19.57999992 6.25 -18.83300018
2207 21.20000076 6.25 -18.83300018
2208 22.81999969 6.25 -18.83300018
2209 24.44000053 6.25 -18.83300018
2210 26.05999947 6.25 -18.83300018
2211 27.68000031 6.25 -18.83300018
2212 29.29999924 6.25 -18.83300018
2213 30.92000008 6.25 -18.83300018
2214 32.54000092 6.25 -18.83300018
2215 34.15999985 6.25 -18.83300018
2216 35.77999878 6.25 -18.83300018
2217 37.40000153 6.25 -18.83300018
2218 39.02000046 6.25 -18.83300018
2219 40.63999939 6.25 -18.83300018
2220 42.25999832 6.25 -18.83300018
2221 43.88000107 6.25 -18.83300018
2222 6.619999886 6.25 -17.66699982
2223 8.239999771 6.25 -17.66699982
2224 9.859999657 6.25 -17.66699982
2225 11.47999954 6.25 -17.66699982
2226 13.10000038 6.25 -17.66699982
2227 14.72000027 6.25 -17.66699982
2228 16.34000015 6.25 -17.66699982
2229 17.95999908 6.25 -17.66699982
2230 19.57999992 6.25 -17.66699982
2231 21.20000076 6.25 -17.66699982
2232 22.81999969 6.25 -17.66699982
2233 24.44000053 6.25 -17.66699982
2234 26.05999947 6.25 -17.66699982
2235 27.68000031 6.25 -17.66699982
2236 29.29999924 6.25 -17.66699982
2237 30.92000008 6.25 -17.66699982
2238 32.54000092 6.25 -17.66699982
2239 34.15999985 6.25 -17.66699982
2240 35.77999878 6.25 -17.66699982
2241 37.40000153 6.25 -17.66699982
2242 39.02000046 6.25 -17.66699982
2243 40.63999939 6.25 -17.66699982
2244 42.25999832 6.25 -17.66699982
2245 43.88000107 6.25 -17.66699982
2246 6.619999886 6.25 -16.5
2247 8.239999771 6.25 -16.5
2248 9.859999657 6.25 -16.5
2249 11.47999954 6.25 -16.5
2250 13.10000038 6.25 -16.5
2251 14.72000027 6.25 -16.5
2252 16.34000015 6.25 -16.5
2253 17.95999908 6.25 -16.5
2254 19.57999992 6.25 -16.5
2255 21.20000076 6.25 -16.5
2256 22.81999969 6.25 -16.5
2257 24.44000053 6.25 -16.5
2258 26.05999947 6.25 -16.5
2259 27.68000031 6.25 -16.5
2260 29.29999924 6.25 -16.5
2261 30.92000008 6.25 -16.5
2262 32.54000092 6.25 -16.5
2263 34.15999985 6.25 -16.5
2264 35.77999878 6.25 -16.5
2265 37.40000153 6.25 -16.5
2266 39.02000046 6.25 -16.5
2267 40.63999939 6.25 -16.5
2268 42.25999832 6.25 -16.5
2269 43.88000107 6.25 -16.5
2270 6.619999886 6.25 -15.33300018
2271 8.239999771 6.25 -15.33300018
2272 9.859999657 6.25 -15.33300018
2273 11.47999954 6.25 -15.33300018
2274 13.10000038 6.25 -15.33300018
2275 14.72000027 6.25 -15.33300018
2276 16.34000015 6.25 -15.33300018
2277 17.95999908 6.25 -15.33300018
2278 19.57999992 6.25 -15.33300018
2279 21.20000076 6.25 -15.33300018
2280 22.81999969 6.25 -15.33300018
2281 24.44000053 6.25 -15.33300018
2282 26.05999947 6.25 -15.33300018
2283 27.68000031 6.25 -15.33300018
2284 29.29999924 6.25 -15.33300018
2285 30.92000008 6.25 -15.33300018
2286 32.54000092 6.25 -15.33300018
2287 34.15999985 6.25 -15.33300018
2288 35.77999878 6.25 -15.33300018
2289 37.40000153 6.25 -15.33300018
2290 39.02000046 6.25 -15.33300018
2291 40.63999939 6.25 -15.33300018
2292 42.25999832 6.25 -15.33300018
2293 43.88000107 6.25 -15.33300018
2294 6.619999886 6.25 -14.16699982
2295 8.239999771 6.25 -14.16699982
2296 9.859999657 6.25 -14.16699982
2297 11.47999954 6.25 -14.16699982
2298 13.10000038 6.25 -14.16699982
2299 14.72000027 6.25 -14.16699982
2300 16.34000015 6.25 -14.16699982
2301 17.95999908 6.25 -14.16699982
2302 19.57999992 6.25 -14.16699982
2303 21.20000076 6.25 -14.16699982
2304 22.81999969 6.25 -14.16699982
2305 24.44000053 6.25 -14.16699982
2306 26.05999947 6.25 -14.16699982
2307 27.68000031 6.25 -14.16699982
2308 29.29999924 6.25 -14.16699982
2309 30.92000008 6.25 -14.16699982
2310 32.54000092 6.25 -14.16699982
2311 34.15999985 6.25 -14.16699982
2312 35.77999878 6.25 -14.16699982
2313 37.40000153 6.25 -14.16699982
2314 39.02000046 6.25 -14.16699982
2315 40.63999939 6.25 -14.16699982
2316 42.25999832 6.25 -14.16699982
2317 43.88000107 6.25 -14.16699982
2318 6.619999886 6.25 -13
2319 8.239999771 6.25 -13
2320 9.859999657 6.25 -13
2321 11.47999954 6.25 -13
2322 13.10000038 6.25 -13
2323 14.72000027 6.25 -13
2324 16.34000015 6.25 -13
2325 17.95999908 6.25 -13
2326 19.57999992 6.25 -13
2327 21.20000076 6.25 -13
2328 22.81999969 6.25 -13
2329 24.44000053 6.25 -13
2330 26.05999947 6.25 -13
2331 27.68000031 6.25 -13
2332 29.29999924 6.25 -13
2333 30.92000008 6.25 -13
2334 32.54000092 6.25 -13
2335 34.15999985 6.25 -13
2336 35.77999878 6.25 -13
2337 37.40000153 6.25 -13
2338 39.02000046 6.25 -13
2339 40.63999939 6.25 -13
2340 42.25999832 6.25 -13
2341 43.88000107 6.25 -13
2342 6.619999886 5.208000183 -13
2343 5 5.208000183 -13
2344 8.239999771 5.208000183 -13
2345 9.859999657 5.208000183 -13
2346 11.47999954 5.208000183 -13
2347 13.10000038 5.208000183 -13
2348 14.72000027 5.208000183 -13
2349 16.34000015 5.208000183 -13
2350 17.95999908 5.208000183 -13
2351 19.57999992 5.208000183 -13
2352 21.20000076 5.208000183 -13
2353 22.81999969 5.208000183 -13
2354 24.44000053 5.208000183 -13
2355 26.05999947 5.208000183 -13
2356 27.68000031 5.208000183 -13
2357 29.29999924 5.208000183 -13
2358 30.92000008 5.208000183 -13
2359 32.54000092 5.208000183 -13
2360 34.15999985 5.208000183 -13
2361 35.77999878 5.208000183 -13
2362 37.40000153 5.208000183 -13
2363 39.02000046 5.208000183 -13
2364 40.63999939 5.208000183 -13
2365 42.25999832 5.208000183 -13
2366 43.88000107 5.208000183 -13
2367 45.5 5.208000183 -13
2368 6.619999886 4.166999817 -13
2369 5 4.166999817 -13
2370 8.239999771 4.166999817 -13
2371 9.859999657 4.166999817 -13
2372 11.47999954 4.166999817 -13
2373 13.10000038 4.166999817 -13
2374 14.72000027 4.166999817 -13
2375 16.34000015 4.166999817 -13
2376 17.95999908 4.166999817 -13
2377 19.57999992 4.166999817 -13
2378 21.20000076 4.166999817 -13
2379 22.81999969 4.166999817 -13
2380 24.44000053 4.166999817 -13
2381 26.05999947 4.166999817 -13
2382 27.68000031 4.166999817 -13
2383 29.29999924 4.166999817 -13
2384 30.92000008 4.166999817 -13
2385 32.54000092 4.166999817 -13
2386 34.15999985 4.166999817 -13
2387 35.77999878 4.166999817 -13
2388 37.40000153 4.166999817 -13
2389 39.02000046 4.166999817 -13
2390 40.63999939 4.166999817 -13
2391 42.25999832 4.166999817 -13
2392 43.88000107 4.166999817 -13
2393 45.5 4.166999817 -13
2394 6.619999886 3.125 -13
2395 5 3.125 -13
2396 8.239999771 3.125 -13
2397 9.859999657 3.125 -13
2398 11.47999954 3.125 -13
2399 13.10000038 3.125 -13
2400 14.72000027 3.125 -13
2401 16.34000015 3.125 -13
2402 17.95999908 3.125 -13
2403 19.57999992 3.125 -13
2404 21.20000076 3.125 -13
2405 22.81999969 3.125 -13
2406 24.44000053 3.125 -13
2407 26.05999947 3.125 -13
2408 27.68000031 3.125 -13
2409 29.29999924 3.125 -13
2410 30.92000008 3.125 -13
2411 32.54000092 3.125 -13
2412 34.15999985 3.125 -13
2413 35.77999878 3.125 -13
2414 37.40000153 3.125 -13
2415 39.02000046 3.125 -13
2416 40.63999939 3.125 -13
2417 42.25999832 3.125 -13
2418 43.88000107 3.125 -13
2419 45.5 3.125 -13
2420 6.619999886 2.082999945 -13
2421 5 2.082999945 -13
2422 8.239999771 2.082999945 -13
2423 9.859999657 2.082999945 -13
2424 11.47999954 2.082999945 -13
2425 13.10000038 2.082999945 -13
2426 14.72000027 2.082999945 -13
2427 16.34000015 2.082999945 -13
2428 17.95999908 2.082999945 -13
2429 19.57999992 2.082999945 -13
2430 21.20000076 2.082999945 -13
2431 22.81999969 2.082999945 -13
2432 24.44000053 2.082999945 -13
2433 26.05999947 2.082999945 -13
2434 27.68000031 2.082999945 -13
2435 29.29999924 2.082999945 -13
2436 30.92000008 2.082999945 -13
2437 32.54000092 2.082999945 -13
2438 34.15999985 2.082999945 -13
2439 35.77999878 2.082999945 -13
2440 37.40000153 2.082999945 -13
2441 39.02000046 2.082999945 -13
2442 40.63999939 2.082999945 -13
2443 42.25999832 2.082999945 -13
2444 43.88000107 2.082999945 -13
2445 45.5 2.082999945 -13
2446 6.619999886 1.042000055 -13
2447 5 1.042000055 -13
2448 8.239999771 1.042000055 -13
2449 9.859999657 1.042000055 -13
2450 11.47999954 1.042000055 -13
2451 13.10000038 1.042000055 -13
2452 14.72000027 1.042000055 -13
2453 16.34000015 1.042000055 -13
2454 17.95999908 1.042000055 -13
2455 19.57999992 1.042000055 -13
2456 21.20000076 1.042000055 -13
2457 22.81999969 1.042000055 -13
2458 24.44000053 1.042000055 -13
2459 26.05999947 1.042000055 -13
2460 27.68000031 1.042000055 -13
2461 29.29999924 1.042000055 -13
2462 30.92000008 1.042000055 -13
2463 32.54000092 1.042000055 -13
2464 34.15999985 1.042000055 -13
2465 35.77999878 1.042000055 -13
2466 37.40000153 1.042000055 -13
2467 39.02000046 1.042000055 -13
2468 40.63999939 1.042000055 -13
2469 42.25999832 1.042000055 -13
2470 43.88000107 1.042000055 -13
2471 45.5 1.042000055 -13
2472 6.619999886 0 -13
2473 5 0 -13
2474 8.239999771 0 -13
2475 9.859999657 0 -13
2476 11.47999954 0 -13
2477 13.10000038 0 -13
2478 14.72000027 0 -13
2479 16.34000015 0 -13
2480 17.95999908 0 -13
2481 19.57999992 0 -13
2482 21.20000076 0 -13
2483 22.81999969 0 -13
2484 24.44000053 0 -13
2485 26.05999947 0 -13
2486 27.68000031 0 -13
2487 29.29999924 0 -13
2488 30.92000008 0 -13
2489 32.54000092 0 -13
2490 34.15999985 0 -13
2491 35.77999878 0 -13
2492 37.40000153 0 -13
2493 39.02000046 0 -13
2494 40.63999939 0 -13
2495 42.25999832 0 -13
2496 43.88000107 0 -13
2497 -30.12599945 49.39799881 -14.16699982
2498 -29 50.22900009 -14.16699982
2499 -30.12599945 49.39799881 -15.33300018
2500 -29 50.22900009 -15.33300018
2501 -30.12599945 49.39799881 -16.5
2502 -29 50.22900009 -16.5
2503 -30.12599945 49.39799881 -17.66699982
2504 -29 50.22900009 -17.66699982
2505 -30.12599945 49.39799881 -18.83300018
2506 -29 50.22900009 -18.83300018
2507 -30.12599945 49.39799881 -20
2508 -29 50.22900009 -20
2509 -31.03899956 48.3370018 -15.33300018
2510 -31.03899956 48.3370018 -14.16699982
2511 -31.03899956 48.3370018 -16.5
2512 -31.03899956 48.3370018 -17.66699982
2513 -31.03899956 48.3370018 -18.83300018
2514 -31.03899956 48.3370018 -20
2515 -31.69300079 47.09899902 -15.33300018
2516 -31.69300079 47.09899902 -14.16699982
2517 -31.69300079 47.09899902 -16.5
2518 -31.69300079 47.09899902 -17.66699982
2519 -31.69300079 47.09899902 -18.83300018
2520 -31.69300079 47.09899902 -20
2521 -32.05500031 45.74700165 -15.33300018
2522 -32.05500031 45.74700165 -14.16699982
2523 -32.05500031 45.74700165 -16.5
2524 -32.05500031 45.74700165 -17.66699982
2525 -32.05500031 45.74700165 -18.83300018
2526 -32.05500031 45.74700165 -20
2527 -32.10699844 44.34799957 -15.33300018
2528 -32.10699844 44.34799957 -14.16699982
2529 -32.10699844 44.34799957 -16.5
2530 -32.10699844 44.34799957 -17.66699982
2531 -32.10699844 44.34799957 -18.83300018
2532 -32.10699844 44.34799957 -20
2533 -31.84700012 42.97299957 -15.33300018
2534 -31.84700012 42.97299957 -14.16699982
2535 -31.84700012 42.97299957 -16.5
2536 -31.84700012 42.97299957 -17.66699982
2537 -31.84700012 42.97299957 -18.83300018
2538 -31.84700012 42.97299957 -20
2539 -31.84700012 42.97299957 -13
2540 -26.65600014 46.16999817 -20
2541 -25.875 44.81700134 -20
2542 -26.93799973 45.9620018 -20
2543 -28.21899986 48.87599945 -20
2544 -29.06299973 48.25299835 -20
2545 -27.16600037 45.6969986 -20
2546 -28.45700073 46.57699966 -20
2547 -28.00099945 47.10800171 -20
2548 -29.74799919 47.45700073 -20
2549 -27.32900047 45.38800049 -20
2550 -28.7840004 45.95899963 -20
2551 -30.23800087 46.52899933 -20
2552 -27.42000008 45.04999924 -20
2553 -28.96500015 45.28300095 -20
2554 -30.51000023 45.51499939 -20
2555 -27.43300056 44.70000076 -20
2556 -28.99099922 44.58300018 -20
2557 -30.54899979 44.46699905 -20
2558 -27.36800003 44.35599899 -20
2559 -28.86100006 43.89599991 -20
2560 -30.35400009 43.43500137 -20
2561 -27.22800064 44.0359993 -20
2562 -28.58099937 43.25400162 -20
2563 -29.93400002 42.47299957 -20
2564 -27.02000046 43.75400162 -20
2565 -28.16600037 42.69100189 -20
2566 -29.31100082 41.62900162 -20
2567 -26.75499916 43.52600098 -20
2568 -27.63500023 42.23500061 -20
2569 -28.51600075 40.94400024 -20
2570 -26.44599915 43.36199951 -20
2571 -27.0170002 41.90800095 -20
2572 -27.58799934 40.45299911 -20
2573 -26.1079998 43.27199936 -20
2574 -26.3409996 41.72700119 -20
2575 -26.5739994 40.18199921 -20
2576 -25.75799942 43.25899887 -20
2577 -25.64100075 41.70100021 -20
2578 -25.52499962 40.14199829 -20
2579 -25.41399956 43.32400131 -20
2580 -24.95400047 41.83100128 -20
2581 -24.49300003 40.33800125 -20
2582 -25.09399986 43.4640007 -20
2583 -27.71699905 50.78900146 -14.16699982
2584 -27.71699905 50.78900146 -15.33300018
2585 -27.71699905 50.78900146 -16.5
2586 -27.71699905 50.78900146 -17.66699982
2587 -27.71699905 50.78900146 -18.83300018
2588 -27.71699905 50.78900146 -20
2589 -26.34199905 51.04899979 -14.16699982
2590 -26.34199905 51.04899979 -15.33300018
2591 -26.34199905 51.04899979 -16.5
2592 -26.34199905 51.04899979 -17.66699982
2593 -26.34199905 51.04899979 -18.83300018
2594 -26.34199905 51.04899979 -20
2595 -24.94300079 50.99700165 -14.16699982
2596 -24.94300079 50.99700165 -15.33300018
2597 -24.94300079 50.99700165 -16.5
2598 -24.94300079 50.99700165 -17.66699982
2599 -24.94300079 50.99700165 -18.83300018
2600 -24.94300079 50.99700165 -20
2601 -23.5909996 50.63399887 -14.16699982
2602 -23.5909996 50.63399887 -13
2603 -23.5909996 50.63399887 -15.33300018
2604 -23.5909996 50.63399887 -16.5
2605 -23.5909996 50.63399887 -17.66699982
2606 -23.5909996 50.63399887 -18.83300018
2607 -23.5909996 50.63399887 -20
2608 -22.35300064 49.97999954 -14.16699982
2609 -22.35300064 49.97999954 -13
2610 -22.35300064 49.97999954 -15.33300018
2611 -22.35300064 49.97999954 -16.5
2612 -22.35300064 49.97999954 -17.66699982
2613 -22.35300064 49.97999954 -18.83300018
2614 -22.35300064 49.97999954 -20
2615 -21.29199982 49.06700134 -14.16699982
2616 -21.29199982 49.06700134 -13
2617 -21.29199982 49.06700134 -15.33300018
2618 -21.29199982 49.06700134 -16.5
2619 -21.29199982 49.06700134 -17.66699982
2620 -21.29199982 49.06700134 -18.83300018
2621 -21.29199982 49.06700134 -20
2622 -26.33600044 46.31000137 -20
2623 -26.79599953 47.8030014 -20
2624 -27.43799973 47.52299881 -20
2625 -27.25699997 49.29600143 -20
2626 -25.99200058 46.375 -20
2627 -26.10899925 47.93299866 -20
2628 -26.22500038 49.49100113 -20
2629 -25.6420002 46.36199951 -20
2630 -25.4090004 47.9070015 -20
2631 -25.1760006 49.45199966 -20
2632 -25.30400085 46.27099991 -20
2633 -24.7329998 47.72600174 -20
2634 -24.16200066 49.18000031 -20
2635 -24.99500084 46.10800171 -20
2636 -24.11499977 47.39899826 -20
2637 -23.23399925 48.68999863 -20
2638 -24.72999954 45.88000107 -20
2639 -23.58399963 46.94200134 -20
2640 -22.43899918 48.00500107 -20
2641 -24.52199936 45.59799957 -20
2642 -23.16900063 46.37900162 -20
2643 -21.81599998 47.1609993 -20
2644 -24.38199997 45.27700043 -20
2645 -22.88899994 45.73799896 -20
2646 -21.39599991 46.19800186 -20
2647 -24.31699944 44.93399811 -20
2648 -22.75900078 45.04999924 -20
2649 -21.20100021 45.16699982 -20
2650 -24.32999992 44.58399963 -20
2651 -22.78499985 44.35100174 -20
2652 -21.23999977 44.11800003 -20
2653 -24.42099953 44.24599838 -20
2654 -22.9659996 43.67499924 -20
2655 -21.51199913 43.10400009 -20
2656 -19.69499969 43.88499832 -20
2657 -24.58399963 43.93700027 -20
2658 -23.29299927 43.05599976 -20
2659 -22.00200081 42.17599869 -20
2660 -24.81200027 43.67100143 -20
2661 -23.74900055 42.52600098 -20
2662 -22.68700027 41.38100052 -20
2663 -21.62400055 40.23500061 -20
2664 -24.31299973 42.11000061 -20
2665 -23.53100014 40.75699997 -20
2666 53.31299973 0 -20
2667 51.75 0 -20
2668 53.27299881 0.34799999 -20
2669 54.79700089 0.6949999928 -20
2670 54.875 0 -20
2671 56.31999969 1.042999983 -20
2672 56.43799973 0 -20
2673 57.8429985 1.391000032 -20
2674 58 0 -20
2675 53.15800095 0.6779999733 -20
2676 54.56600189 1.355999947 -20
2677 55.97299957 2.03399992 -20
2678 57.38100052 2.711999893 -20
2679 52.97200012 0.9739999771 -20
2680 54.19300079 1.947999954 -20
2681 52.72399902 1.222000003 -20
2682 53.69800186 2.443000078 -20
2683 52.4280014 1.407999992 -20
2684 53.10599899 2.815999985 -20
2685 52.09799957 1.523000002 -20
2686 52.44499969 3.046999931 -20
2687 51.75 1.562000036 -20
2688 51.75 3.125 -20
2689 51.75 4.686999798 -20
2690 51.40200043 1.523000002 -20
2691 51.05500031 3.046999931 -20
2692 50.70700073 4.570000172 -20
2693 51.0719986 1.407999992 -20
2694 50.39400101 2.815999985 -20
2695 49.7159996 4.22300005 -20
2696 49.0379982 5.631000042 -20
2697 50.77600098 1.222000003 -20
2698 49.80199814 2.443000078 -20
2699 48.82699966 3.664999962 -20
2700 47.85300064 4.886000156 -20
2701 50.52799988 0.9739999771 -20
2702 49.30699921 1.947999954 -20
2703 48.08499908 2.923000097 -20
2704 46.86399841 3.897000074 -20
2705 50.34199905 0.6779999733 -20
2706 48.93399811 1.355999947 -20
2707 47.52700043 2.03399992 -20
2708 46.11899948 2.711999893 -20
2709 50.22700119 0.34799999 -20
2710 48.70299911 0.6949999928 -20
2711 47.18000031 1.042999983 -20
2712 45.6570015 1.391000032 -20
2713 50.18799973 0 -20
2714 48.625 0 -20
2715 47.06299973 0 -20
2716 57.8429985 1.391000032 -14.16699982
2717 58 0 -14.16699982
2718 57.8429985 1.391000032 -15.33300018
2719 58 0 -15.33300018
2720 57.8429985 1.391000032 -16.5
2721 58 0 -16.5
2722 57.8429985 1.391000032 -17.66699982
2723 58 0 -17.66699982
2724 57.8429985 1.391000032 -18.83300018
2725 58 0 -18.83300018
2726 57.38100052 2.711999893 -14.16699982
2727 57.38100052 2.711999893 -15.33300018
2728 57.38100052 2.711999893 -16.5
2729 57.38100052 2.711999893 -17.66699982
2730 57.38100052 2.711999893 -18.83300018
2731 56.63600159 3.897000074 -14.16699982
2732 56.63600159 3.897000074 -15.33300018
2733 56.63600159 3.897000074 -16.5
2734 56.63600159 3.897000074 -17.66699982
2735 56.63600159 3.897000074 -18.83300018
2736 55.64599991 4.887000084 -14.16699982
2737 55.64599991 4.887000084 -15.33300018
2738 55.64599991 4.887000084 -16.5
2739 55.64599991 4.887000084 -17.66699982
2740 55.64599991 4.887000084 -18.83300018
2741 54.46099854 5.631999969 -14.16699982
2742 54.46099854 5.631999969 -15.33300018
2743 54.46099854 5.631999969 -16.5
2744 54.46099854 5.631999969 -17.66699982
2745 54.46099854 5.631999969 -18.83300018
2746 53.13899994 6.093999863 -14.16699982
2747 53.13899994 6.093999863 -15.33300018
2748 53.13899994 6.093999863 -16.5
2749 53.13899994 6.093999863 -17.66699982
2750 53.13899994 6.093999863 -18.83300018
2751 49.0379982 5.631000042 -13
2752 4.303999901 5.96600008 -13
2753 5 5.68200016 -13
2754 2.010989904 6.934259892 -13
2755 1.108019948 6.412960052 -13
2756 0.2061000019 5.892270088 -13
2757 -0.6958600283 5.371560097 -13
2758 -1.597919941 4.85078001 -13
2759 -2.5 4.329999924 -13
2760 -24.03300095 38.84500122 -20
2761 -19.90299988 46.6590004 -20
2762 -19.6420002 45.28300095 -20
2763 -19.05699921 42.89400101 -13
2764 -25.1609993 38.36899948 -13
2765 -23.93374062 38.81174088 -13
2766 -27.26081085 36.79965973 -13
2767 -24.55414009 38.36244965 -13
2768 -24.91514015 38.1541214 -13
2769 -21.64542007 40.13248825 -13
2770 -23.39150047 39.12400055 -13
2771 -23.20100021 39.14350128 -13
2772 -21.84789085 39.92480087 -13
2773 -20.94577026 40.44561005 -13
2774 -21.66699028 40.02923965 -13
2775 -20.58498001 40.65390015 -13
2776 -20.04365921 40.96641159 -13
2777 -19.50204086 41.27909088 -13
2778 -19.14197922 41.48696136 -13
2779 -18.41988945 41.90383148 -13
2780 -18.23911095 42.0082016 -13
2781 -27.26083946 36.79970169 -20
2782 -26.35791016 37.32083893 -20
2783 -25.45573997 37.84154129 -20
2784 -24.55400085 38.36199951 -20
2785 -23.65183067 38.8827095 -20
2786 -22.74967003 39.40340042 -20
2787 -21.84748077 39.92411041 -20
2788 -20.94531059 40.4448204 -20
2789 -20.58481026 40.65288925 -20
2790 -21.64538956 40.13254166 -20
2791 -21.66717911 40.02817917 -20
2792 -3.402120113 3.809200048 -13
2793 -4.304230213 3.288389921 -13
2794 -5.205900192 2.767839909 -13
2795 -6.108019829 2.247040033 -13
2796 -7.010879993 1.725810051 -13
2797 -7.565000057 0.6025000215 -13
2798 -7.217000008 -0 -13
2799 -7.318719864 0.7446799874 -13
2800 -7.420440197 1.489359975 -13
2801 4.303999901 5.96600008 -20
2802 5 5.68200016 -20
2803 -7.318500042 0.7444999814 -20
2804 -7.420080185 1.489570022 -20
2805 -7.010890007 1.725800037 -20
2806 -6.108029842 2.24703002 -20
2807 -5.205910206 2.767839909 -20
2808 -4.3042202 3.288399935 -20
2809 -3.4021101 3.809200048 -20
2810 -2.5 4.329999924 -20
2811 -1.597890019 4.850800037 -20
2812 -0.6957799792 5.371600151 -20
2813 0.20634 5.892409801 -20
2814 1.10800004 6.412950039 -20
2815 2.010890007 6.93419981 -20
2816 2.42001009 7.170390129 -20
2817 57.8429985 1.391000032 0
2818 58 0 0
2819 57.38100052 2.711999893 0
2820 56.63600159 3.897000074 0
2821 55.64699936 4.886000156 0
2822 54.4620018 5.631000042 0
2823 53.14099884 6.092999935 0
2824 51.75 6.25 0
2825 50.35900116 6.092999935 0
2826 49.0379982 5.631000042 0
2827 47.85300064 4.886000156 0
2828 46.86399841 3.897000074 0
2829 46.11899948 2.711999893 0
2830 45.6570015 1.391000032 0
2831 45.5 0 0
2832 -2.923000097 4.022999763 -20
2833 -3.345999956 3.71600008 -20
2834 -3.483920097 3.761970043 -20
2835 -2.991960049 4.04598999 -20
2836 -2.007980108 4.614049911 -20
2837 -2.022500038 4.542500019 -20
2838 -1.515980005 4.898089886 -20
2839 -1.544999957 4.755000114 -20
2840 -2.992000103 4.046000004 -13
2841 -2.923000097 4.022999763 -13
2842 -3.483910084 3.761970043 -13
2843 -3.345999956 3.71600008 -13
2844 -2.022500038 4.542500019 -13
2845 -1.544999957 4.755000114 -13
2846 -1.515980005 4.898089886 -13
2847 -2.007989883 4.614039898 -13
2848 5 1.136000037 -13
2849 4.890999794 1.039999962 -13
2850 4.945499897 0.5199999809 -13
2851 5 0.5680000186 -13
2852 45.5 0.625 -13
2853 45.57849884 0.6955000162 -13
2854 5 1.136000037 -20
2855 4.945499897 0.5199999809 -20
2856 4.890999794 1.039999962 -20
2857 5 0.5680000186 -20
2858 -23.29134941 39.09075928 -20
2859 -23.3910408 39.12434006 -20
2860 57.38299942 2.711999893 14.30000019
2861 57.38100052 2.711999893 15
2862 56.63800049 3.897000074 14.30000019
2863 56.63600159 3.897000074 15
2864 55.64899826 4.886000156 14.30000019
2865 55.64699936 4.886000156 15
2866 54.4640007 5.631000042 14.30000019
2867 54.4620018 5.631000042 15
2868 53.14300156 6.092999935 14.30000019
2869 53.14099884 6.092999935 15
2870 51.7519989 6.25 14.30000019
2871 51.75 6.25 15
2872 50.36100006 6.092999935 14.30000019
2873 50.35900116 6.092999935 15
2874 49.04000092 5.631000042 14.30000019
2875 49.0379982 5.631000042 15
2876 47.85499954 4.886000156 14.30000019
2877 47.85300064 4.886000156 15
2878 46.86600113 3.897000074 14.30000019
2879 46.86399841 3.897000074 15
2880 46.12099838 2.711999893 14.30000019
2881 46.11899948 2.711999893 15
2882 57.84500122 1.391000032 13
2883 58.0019989 0 13
2884 57.84500122 1.391000032 11.69999981
2885 58.0019989 0 11.69999981
2886 57.38299942 2.711999893 13
2887 57.38299942 2.711999893 11.69999981
2888 56.63800049 3.897000074 13
2889 56.63800049 3.897000074 11.69999981
2890 55.64899826 4.886000156 13
2891 55.64899826 4.886000156 11.69999981
2892 54.4640007 5.631000042 13
2893 54.4640007 5.631000042 11.69999981
2894 53.14300156 6.092999935 13
2895 53.14300156 6.092999935 11.69999981
2896 51.7519989 6.25 13
2897 51.7519989 6.25 11.69999981
2898 50.36100006 6.092999935 13
2899 50.36100006 6.092999935 11.69999981
2900 49.04000092 5.631000042 13
2901 49.04000092 5.631000042 11.69999981
2902 47.85499954 4.886000156 13
2903 47.85499954 4.886000156 11.69999981
2904 46.86600113 3.897000074 13
2905 46.86600113 3.897000074 11.69999981
2906 46.12099838 2.711999893 13
2907 46.12099838 2.711999893 11.69999981
2908 45.6590004 1.391000032 13
2909 45.6590004 1.391000032 11.69999981
2910 45.5019989 0 13
2911 45.5019989 0 11.69999981
2912 50.18799973 0 15
2913 51.75 0 15
2914 50.22700119 0.34799999 15
2915 48.70299911 0.6949999928 15
2916 48.625 0 15
2917 47.18000031 1.042999983 15
2918 47.06299973 0 15
2919 48.93399811 1.355999947 15
2920 47.52700043 2.03399992 15
2921 50.34199905 0.6779999733 15
2922 50.52799988 0.9739999771 15
2923 48.08499908 2.923000097 15
2924 50.77600098 1.222000003 15
2925 49.80199814 2.443000078 15
2926 49.30699921 1.947999954 15
2927 48.82699966 3.664999962 15
2928 51.0719986 1.407999992 15
2929 51.40200043 1.523000002 15
2930 51.05500031 3.046999931 15
2931 50.39400101 2.815999985 15
2932 50.70700073 4.570000172 15
2933 49.7159996 4.22300005 15
2934 51.75 1.562000036 15
2935 51.75 3.125 15
2936 52.44499969 3.046999931 15
2937 52.79299927 4.570000172 15
2938 51.75 4.686999798 15
2939 52.09799957 1.523000002 15
2940 52.4280014 1.407999992 15
2941 53.10599899 2.815999985 15
2942 53.7840004 4.22300005 15
2943 53.69800186 2.443000078 15
2944 54.67300034 3.664999962 15
2945 52.72399902 1.222000003 15
2946 52.97200012 0.9739999771 15
2947 55.41500092 2.923000097 15
2948 53.15800095 0.6779999733 15
2949 54.56600189 1.355999947 15
2950 54.19300079 1.947999954 15
2951 53.27299881 0.34799999 15
2952 54.79700089 0.6949999928 15
2953 56.31999969 1.042999983 15
2954 55.97299957 2.03399992 15
2955 53.31299973 0 15
2956 54.875 0 15
2957 56.43799973 0 15
2958 45.5019989 0 3.900000095
2959 45.6590004 1.391000032 3.900000095
2960 45.5019989 0 5.199999809
2961 45.6590004 1.391000032 5.199999809
2962 45.5019989 0 6.5
2963 45.6590004 1.391000032 6.5
2964 45.5019989 0 7.800000191
2965 45.6590004 1.391000032 7.800000191
2966 45.5019989 0 9.100000381
2967 45.6590004 1.391000032 9.100000381
2968 45.5019989 0 10.39999962
2969 45.6590004 1.391000032 10.39999962
2970 46.12099838 2.711999893 3.900000095
2971 46.12099838 2.711999893 5.199999809
2972 46.12099838 2.711999893 6.5
2973 46.12099838 2.711999893 7.800000191
2974 46.12099838 2.711999893 9.100000381
2975 46.12099838 2.711999893 10.39999962
2976 46.86600113 3.897000074 3.900000095
2977 46.86600113 3.897000074 5.199999809
2978 46.86600113 3.897000074 6.5
2979 46.86600113 3.897000074 7.800000191
2980 46.86600113 3.897000074 9.100000381
2981 46.86600113 3.897000074 10.39999962
2982 47.85499954 4.886000156 3.900000095
2983 47.85499954 4.886000156 5.199999809
2984 47.85499954 4.886000156 6.5
2985 47.85499954 4.886000156 7.800000191
2986 47.85499954 4.886000156 9.100000381
2987 47.85499954 4.886000156 10.39999962
2988 49.04000092 5.631000042 3.900000095
2989 49.04000092 5.631000042 5.199999809
2990 49.04000092 5.631000042 6.5
2991 49.04000092 5.631000042 7.800000191
2992 49.04000092 5.631000042 9.100000381
2993 49.04000092 5.631000042 10.39999962
2994 50.36100006 6.092999935 3.900000095
2995 50.36100006 6.092999935 5.199999809
2996 50.36100006 6.092999935 6.5
2997 50.36100006 6.092999935 7.800000191
2998 50.36100006 6.092999935 9.100000381
2999 50.36100006 6.092999935 10.39999962
3000 51.7519989 6.25 3.900000095
3001 51.7519989 6.25 5.199999809
3002 51.7519989 6.25 6.5
3003 51.7519989 6.25 7.800000191
3004 51.7519989 6.25 9.100000381
3005 51.7519989 6.25 10.39999962
3006 53.14300156 6.092999935 3.900000095
3007 53.14300156 6.092999935 5.199999809
3008 53.14300156 6.092999935 6.5
3009 53.14300156 6.092999935 7.800000191
3010 53.14300156 6.092999935 9.100000381
3011 53.14300156 6.092999935 10.39999962
3012 54.4640007 5.631000042 3.900000095
3013 54.4640007 5.631000042 5.199999809
3014 54.4640007 5.631000042 6.5
3015 54.4640007 5.631000042 7.800000191
3016 54.4640007 5.631000042 9.100000381
3017 54.4640007 5.631000042 10.39999962
3018 55.64899826 4.886000156 3.900000095
3019 55.64899826 4.886000156 5.199999809
3020 55.64899826 4.886000156 6.5
3021 55.64899826 4.886000156 7.800000191
3022 55.64899826 4.886000156 9.100000381
3023 55.64899826 4.886000156 10.39999962
3024 56.63800049 3.897000074 3.900000095
3025 56.63800049 3.897000074 5.199999809
3026 56.63800049 3.897000074 6.5
3027 56.63800049 3.897000074 7.800000191
3028 56.63800049 3.897000074 9.100000381
3029 56.63800049 3.897000074 10.39999962
3030 57.38299942 2.711999893 3.900000095
3031 57.38299942 2.711999893 5.199999809
3032 57.38299942 2.711999893 6.5
3033 57.38299942 2.711999893 7.800000191
3034 57.38299942 2.711999893 9.100000381
3035 57.38299942 2.711999893 10.39999962
3036 57.84500122 1.391000032 3.900000095
3037 57.84500122 1.391000032 5.199999809
3038 57.84500122 1.391000032 6.5
3039 57.84500122 1.391000032 7.800000191
3040 57.84500122 1.391000032 9.100000381
3041 57.84500122 1.391000032 10.39999962
3042 58.0019989 0 3.900000095
3043 58.0019989 0 5.199999809
3044 58.0019989 0 6.5
3045 58.0019989 0 7.800000191
3046 58.0019989 0 9.100000381
3047 58.0019989 0 10.39999962
3048 1.544999957 4.755000114 14.30000019
3049 1.544999957 4.755000114 15
3050 2.5 4.329999924 15
3051 2.5 4.329999924 14.30000019
3052 5 0 2.599999905
3053 4.890999794 1.039999962 2.599999905
3054 4.890999794 1.039999962 3.900000095
3055 5 0 3.900000095
3056 4.890999794 1.039999962 5.199999809
3057 5 0 5.199999809
3058 4.890999794 1.039999962 6.5
3059 5 0 6.5
3060 4.890999794 1.039999962 7.800000191
3061 5 0 7.800000191
3062 4.890999794 1.039999962 9.100000381
3063 5 0 9.100000381
3064 4.890999794 1.039999962 10.39999962
3065 5 0 10.39999962
3066 4.56799984 2.03399992 2.599999905
3067 4.56799984 2.03399992 3.900000095
3068 4.56799984 2.03399992 5.199999809
3069 4.56799984 2.03399992 6.5
3070 4.56799984 2.03399992 7.800000191
3071 4.56799984 2.03399992 9.100000381
3072 4.56799984 2.03399992 10.39999962
3073 4.045000076 2.938999891 2.599999905
3074 4.045000076 2.938999891 3.900000095
3075 4.045000076 2.938999891 5.199999809
3076 4.045000076 2.938999891 6.5
3077 4.045000076 2.938999891 7.800000191
3078 4.045000076 2.938999891 9.100000381
3079 4.045000076 2.938999891 10.39999962
3080 4.045000076 2.938999891 1.299999952
3081 3.345999956 3.71600008 1.299999952
3082 3.345999956 3.71600008 2.599999905
3083 3.345999956 3.71600008 3.900000095
3084 3.345999956 3.71600008 5.199999809
3085 3.345999956 3.71600008 6.5
3086 3.345999956 3.71600008 7.800000191
3087 3.345999956 3.71600008 9.100000381
3088 3.345999956 3.71600008 10.39999962
3089 2.5 4.329999924 1.299999952
3090 2.5 4.329999924 2.599999905
3091 2.5 4.329999924 3.900000095
3092 2.5 4.329999924 5.199999809
3093 2.5 4.329999924 6.5
3094 2.5 4.329999924 7.800000191
3095 2.5 4.329999924 9.100000381
3096 2.5 4.329999924 10.39999962
3097 -2.5 4.329999924 1.299999952
3098 -2.5 4.329999924 2.599999905
3099 -1.544999957 4.755000114 2.599999905
3100 -1.544999957 4.755000114 1.299999952
3101 -2.5 4.329999924 3.900000095
3102 -1.544999957 4.755000114 3.900000095
3103 -2.5 4.329999924 5.199999809
3104 -1.544999957 4.755000114 5.199999809
3105 -2.5 4.329999924 6.5
3106 -1.544999957 4.755000114 6.5
3107 -2.5 4.329999924 7.800000191
3108 -1.544999957 4.755000114 7.800000191
3109 -2.5 4.329999924 9.100000381
3110 -1.544999957 4.755000114 9.100000381
3111 -2.5 4.329999924 10.39999962
3112 -1.544999957 4.755000114 10.39999962
3113 -0.5230000019 4.97300005 2.599999905
3114 -0.5230000019 4.97300005 1.299999952
3115 -0.5230000019 4.97300005 3.900000095
3116 -0.5230000019 4.97300005 5.199999809
3117 -0.5230000019 4.97300005 6.5
3118 -0.5230000019 4.97300005 7.800000191
3119 -0.5230000019 4.97300005 9.100000381
3120 -0.5230000019 4.97300005 10.39999962
3121 0.5230000019 4.97300005 2.599999905
3122 0.5230000019 4.97300005 1.299999952
3123 0.5230000019 4.97300005 3.900000095
3124 0.5230000019 4.97300005 5.199999809
3125 0.5230000019 4.97300005 6.5
3126 0.5230000019 4.97300005 7.800000191
3127 0.5230000019 4.97300005 9.100000381
3128 0.5230000019 4.97300005 10.39999962
3129 1.544999957 4.755000114 2.599999905
3130 1.544999957 4.755000114 1.299999952
3131 1.544999957 4.755000114 3.900000095
3132 1.544999957 4.755000114 5.199999809
3133 1.544999957 4.755000114 6.5
3134 1.544999957 4.755000114 7.800000191
3135 1.544999957 4.755000114 9.100000381
3136 1.544999957 4.755000114 10.39999962
3137 -3.345999956 3.71600008 1.299999952
3138 -3.345999956 3.71600008 2.599999905
3139 -3.345999956 3.71600008 3.900000095
3140 -3.345999956 3.71600008 5.199999809
3141 -3.345999956 3.71600008 6.5
3142 -3.345999956 3.71600008 7.800000191
3143 -3.345999956 3.71600008 9.100000381
3144 -3.345999956 3.71600008 10.39999962
3145 -4.045000076 2.938999891 1.299999952
3146 -4.045000076 2.938999891 2.599999905
3147 -4.045000076 2.938999891 3.900000095
3148 -4.045000076 2.938999891 5.199999809
3149 -4.045000076 2.938999891 6.5
3150 -4.045000076 2.938999891 7.800000191
3151 -4.045000076 2.938999891 9.100000381
3152 -4.045000076 2.938999891 10.39999962
3153 -4.56799984 2.03399992 1.299999952
3154 -4.56799984 2.03399992 2.599999905
3155 -4.56799984 2.03399992 3.900000095
3156 -4.56799984 2.03399992 5.199999809
3157 -4.56799984 2.03399992 6.5
3158 -4.56799984 2.03399992 7.800000191
3159 -4.56799984 2.03399992 9.100000381
3160 -4.56799984 2.03399992 10.39999962
3161 -4.890999794 1.039999962 2.599999905
3162 -4.890999794 1.039999962 3.900000095
3163 -4.890999794 1.039999962 5.199999809
3164 -4.890999794 1.039999962 6.5
3165 -4.890999794 1.039999962 7.800000191
3166 -4.890999794 1.039999962 9.100000381
3167 -4.890999794 1.039999962 10.39999962
3168 -4.890999794 1.039999962 1.299999952
3169 -5 0 1.299999952
3170 -5 0 2.599999905
3171 -5 0 3.900000095
3172 -5 0 5.199999809
3173 -5 0 6.5
3174 -5 0 7.800000191
3175 -5 0 9.100000381
3176 -5 0 10.39999962
3177 1.22300005 0.2599999905 15
3178 0 0 15
3179 1.25 0 15
3180 2.5 0 15
3181 2.444999933 0.5199999809 15
3182 3.75 0 15
3183 3.667999983 0.7799999714 15
3184 5 0 15
3185 4.890999794 1.039999962 15
3186 1.14199996 0.5080000162 15
3187 2.28399992 1.01699996 15
3188 3.426000118 1.524999976 15
3189 4.56799984 2.03399992 15
3190 1.011000037 0.7350000143 15
3191 2.023000002 1.468999982 15
3192 3.03399992 2.203999996 15
3193 4.045000076 2.938999891 15
3194 0.8360000253 0.92900002 15
3195 1.672999978 1.85800004 15
3196 2.509000063 2.786999941 15
3197 3.345999956 3.71600008 15
3198 0.625 1.082999945 15
3199 1.25 2.164999962 15
3200 1.875 3.247999907 15
3201 -0.625 1.082999945 15
3202 -0.3860000074 1.18900001 15
3203 -0.7730000019 2.378000021 15
3204 -1.25 2.164999962 15
3205 -1.159000039 3.565999985 15
3206 -1.875 3.247999907 15
3207 -1.544999957 4.755000114 15
3208 -2.5 4.329999924 15
3209 -0.1309999973 1.243000031 15
3210 -0.2610000074 2.486000061 15
3211 -0.3919999897 3.729000092 15
3212 -0.5230000019 4.97300005 15
3213 0.1309999973 1.243000031 15
3214 0.2610000074 2.486000061 15
3215 0.3919999897 3.729000092 15
3216 0.5230000019 4.97300005 15
3217 0.3860000074 1.18900001 15
3218 0.7730000019 2.378000021 15
3219 1.159000039 3.565999985 15
3220 -0.8360000253 0.92900002 15
3221 -1.672999978 1.85800004 15
3222 -2.509000063 2.786999941 15
3223 -3.345999956 3.71600008 15
3224 -1.011000037 0.7350000143 15
3225 -2.023000002 1.468999982 15
3226 -3.03399992 2.203999996 15
3227 -4.045000076 2.938999891 15
3228 -1.14199996 0.5080000162 15
3229 -2.28399992 1.01699996 15
3230 -3.426000118 1.524999976 15
3231 -4.56799984 2.03399992 15
3232 -1.22300005 0.2599999905 15
3233 -2.444999933 0.5199999809 15
3234 -3.667999983 0.7799999714 15
3235 -4.890999794 1.039999962 15
3236 -1.25 0 15
3237 -2.5 0 15
3238 -3.75 0 15
3239 -5 0 15
3240 -4.890999794 1.039999962 11.69999981
3241 -5 0 11.69999981
3242 -5 0 13
3243 -4.890999794 1.039999962 13
3244 -4.56799984 2.03399992 11.69999981
3245 -4.56799984 2.03399992 13
3246 -4.045000076 2.938999891 11.69999981
3247 -4.045000076 2.938999891 13
3248 -3.345999956 3.71600008 11.69999981
3249 -3.345999956 3.71600008 13
3250 -2.5 4.329999924 11.69999981
3251 -2.5 4.329999924 13
3252 1.544999957 4.755000114 11.69999981
3253 1.544999957 4.755000114 13
3254 2.5 4.329999924 13
3255 2.5 4.329999924 11.69999981
3256 0.5230000019 4.97300005 11.69999981
3257 0.5230000019 4.97300005 13
3258 -0.5230000019 4.97300005 11.69999981
3259 -0.5230000019 4.97300005 13
3260 -1.544999957 4.755000114 11.69999981
3261 -1.544999957 4.755000114 13
3262 3.345999956 3.71600008 11.69999981
3263 3.345999956 3.71600008 13
3264 4.045000076 2.938999891 11.69999981
3265 4.045000076 2.938999891 13
3266 4.56799984 2.03399992 11.69999981
3267 4.56799984 2.03399992 13
3268 4.890999794 1.039999962 11.69999981
3269 4.890999794 1.039999962 13
3270 5 0 11.69999981
3271 5 0 13
3272 4.890999794 1.039999962 14.30000019
3273 5 0 14.30000019
3274 4.56799984 2.03399992 14.30000019
3275 4.045000076 2.938999891 14.30000019
3276 3.345999956 3.71600008 14.30000019
3277 -2.5 4.329999924 14.30000019
3278 -1.544999957 4.755000114 14.30000019
3279 -0.5230000019 4.97300005 14.30000019
3280 0.5230000019 4.97300005 14.30000019
3281 -3.345999956 3.71600008 14.30000019
3282 -4.045000076 2.938999891 14.30000019
3283 -4.56799984 2.03399992 14.30000019
3284 -4.890999794 1.039999962 14.30000019
3285 -5 0 14.30000019
3286 45.5 0.625 -20
3287 45.57849884 0.6949999928 -20
3288 -5 -0 -20
3289 -6.210000038 0.7450000048 -20
3290 -5.664000034 1.549000025 -20
3291 -4.890999794 1.039999962 -20
3292 -5.010000229 2.329999924 -20
3293 -4.56799984 2.03399992 -20
3294 -4.256999969 3.065999985 -20
3295 -4.045000076 2.938999891 -20
3296 -3.414999962 3.739000082 -20
3297 2.460000038 5.750999928 -20
3298 2.5 4.329999924 -20
3299 1.491000056 5.678999901 -20
3300 1.544999957 4.755000114 -20
3301 0.4869999886 5.504000187 -20
3302 0.5230000019 4.97300005 -20
3303 -0.52700001 5.21999979 -20
3304 -0.5230000019 4.97300005 -20
3305 3.75 5.006000042 -20
3306 4.172999859 4.131000042 -20
3307 3.345999956 3.71600008 -20
3308 5 4.545000076 -20
3309 4.522999763 3.174000025 -20
3310 4.045000076 2.938999891 -20
3311 5 3.40899992 -20
3312 4.78399992 2.153000116 -20
3313 4.56799984 2.03399992 -20
3314 5 2.273000002 -20
3315 -1.22300005 0.2599999905 -20
3316 0 0 -20
3317 -1.25 -0 -20
3318 -2.444999933 0.5199999809 -20
3319 -2.5 -0 -20
3320 -3.667999983 0.7799999714 -20
3321 -3.75 -0 -20
3322 -1.14199996 0.5080000162 -20
3323 -2.28399992 1.01699996 -20
3324 -3.426000118 1.524999976 -20
3325 -1.011000037 0.7350000143 -20
3326 -2.023000002 1.468999982 -20
3327 -3.03399992 2.203999996 -20
3328 -0.8360000253 0.92900002 -20
3329 -1.672999978 1.85800004 -20
3330 -2.509000063 2.786999941 -20
3331 -0.625 1.082999945 -20
3332 -1.25 2.164999962 -20
3333 -1.875 3.247999907 -20
3334 -0.3860000074 1.18900001 -20
3335 -0.7730000019 2.378000021 -20
3336 -1.159000039 3.565999985 -20
3337 -0.1309999973 1.243000031 -20
3338 -0.2610000074 2.486000061 -20
3339 -0.3919999897 3.729000092 -20
3340 0.1309999973 1.243000031 -20
3341 0.2610000074 2.486000061 -20
3342 0.3919999897 3.729000092 -20
3343 0.3860000074 1.18900001 -20
3344 0.7730000019 2.378000021 -20
3345 1.159000039 3.565999985 -20
3346 0.625 1.082999945 -20
3347 1.25 2.164999962 -20
3348 1.875 3.247999907 -20
3349 0.8360000253 0.92900002 -20
3350 1.672999978 1.85800004 -20
3351 2.509000063 2.786999941 -20
3352 1.011000037 0.7350000143 -20
3353 2.023000002 1.468999982 -20
3354 3.03399992 2.203999996 -20
3355 1.14199996 0.5080000162 -20
3356 2.28399992 1.01699996 -20
3357 3.426000118 1.524999976 -20
3358 1.22300005 0.2599999905 -20
3359 2.444999933 0.5199999809 -20
3360 3.667999983 0.7799999714 -20
3361 1.25 0 -20
3362 2.5 0 -20
3363 3.75 0 -20
3364 -6.436580181 2.057359934 -20
3365 -5.451809883 2.625880003 -20
3366 -4.467879772 3.193919897 -20
3367 -0.5320100188 5.466149807 -20
3368 0.4520500004 6.034259796 -20
3369 1.436040044 6.602330208 -20
3370 -1.530339956 4.827260017 -20
3371 -6.210000038 0.7450000048 -13
3372 -5 -0 -13
3373 -5.664000034 1.549000025 -13
3374 -4.890999794 1.039999962 -13
3375 -5.010000229 2.329999924 -13
3376 -4.56799984 2.03399992 -13
3377 -4.256999969 3.065999985 -13
3378 -4.045000076 2.938999891 -13
3379 -3.414999962 3.739000082 -13
3380 2.5 4.329999924 -13
3381 2.460000038 5.750999928 -13
3382 1.491000056 5.678999901 -13
3383 1.544999957 4.755000114 -13
3384 0.4869999886 5.504000187 -13
3385 0.5230000019 4.97300005 -13
3386 -0.52700001 5.21999979 -13
3387 -0.5230000019 4.97300005 -13
3388 3.75 5.006000042 -13
3389 4.172999859 4.131000042 -13
3390 3.345999956 3.71600008 -13
3391 5 4.545000076 -13
3392 4.522999763 3.174000025 -13
3393 4.045000076 2.938999891 -13
3394 5 3.40899992 -13
3395 4.78399992 2.153000116 -13
3396 4.56799984 2.03399992 -13
3397 5 2.273000002 -13
3398 -4.890999794 1.039999962 -2.599999905
3399 -5 -0 -2.599999905
3400 -5 -0 -1.299999952
3401 -4.890999794 1.039999962 -1.299999952
3402 -4.890999794 1.039999962 -3.900000095
3403 -5 -0 -3.900000095
3404 -4.890999794 1.039999962 -5.199999809
3405 -5 -0 -5.199999809
3406 -4.890999794 1.039999962 -6.5
3407 -5 -0 -6.5
3408 -4.890999794 1.039999962 -7.800000191
3409 -5 -0 -7.800000191
3410 -4.890999794 1.039999962 -9.100000381
3411 -5 -0 -9.100000381
3412 -4.890999794 1.039999962 -10.39999962
3413 -5 -0 -10.39999962
3414 -4.890999794 1.039999962 -11.69999981
3415 -5 -0 -11.69999981
3416 -4.56799984 2.03399992 -3.900000095
3417 -4.56799984 2.03399992 -2.599999905
3418 -4.56799984 2.03399992 -5.199999809
3419 -4.56799984 2.03399992 -6.5
3420 -4.56799984 2.03399992 -7.800000191
3421 -4.56799984 2.03399992 -9.100000381
3422 -4.56799984 2.03399992 -10.39999962
3423 -4.56799984 2.03399992 -11.69999981
3424 -4.045000076 2.938999891 -3.900000095
3425 -4.045000076 2.938999891 -2.599999905
3426 -4.045000076 2.938999891 -5.199999809
3427 -4.045000076 2.938999891 -6.5
3428 -4.045000076 2.938999891 -7.800000191
3429 -4.045000076 2.938999891 -9.100000381
3430 -4.045000076 2.938999891 -10.39999962
3431 -4.045000076 2.938999891 -11.69999981
3432 -3.345999956 3.71600008 -5.199999809
3433 -3.345999956 3.71600008 -3.900000095
3434 -3.345999956 3.71600008 -6.5
3435 -3.345999956 3.71600008 -7.800000191
3436 -3.345999956 3.71600008 -9.100000381
3437 -3.345999956 3.71600008 -10.39999962
3438 -3.345999956 3.71600008 -11.69999981
3439 -2.5 4.329999924 -3.900000095
3440 -3.345999956 3.71600008 -2.599999905
3441 -2.5 4.329999924 -2.599999905
3442 -2.5 4.329999924 -5.199999809
3443 -2.5 4.329999924 -6.5
3444 -2.5 4.329999924 -7.800000191
3445 -2.5 4.329999924 -9.100000381
3446 -2.5 4.329999924 -10.39999962
3447 -2.5 4.329999924 -11.69999981
3448 1.544999957 4.755000114 -3.900000095
3449 1.544999957 4.755000114 -2.599999905
3450 2.5 4.329999924 -2.599999905
3451 2.5 4.329999924 -3.900000095
3452 1.544999957 4.755000114 -5.199999809
3453 2.5 4.329999924 -5.199999809
3454 1.544999957 4.755000114 -6.5
3455 2.5 4.329999924 -6.5
3456 1.544999957 4.755000114 -7.800000191
3457 2.5 4.329999924 -7.800000191
3458 1.544999957 4.755000114 -9.100000381
3459 2.5 4.329999924 -9.100000381
3460 1.544999957 4.755000114 -10.39999962
3461 2.5 4.329999924 -10.39999962
3462 1.544999957 4.755000114 -11.69999981
3463 2.5 4.329999924 -11.69999981
3464 0.5230000019 4.97300005 -3.900000095
3465 0.5230000019 4.97300005 -2.599999905
3466 0.5230000019 4.97300005 -5.199999809
3467 0.5230000019 4.97300005 -6.5
3468 0.5230000019 4.97300005 -7.800000191
3469 0.5230000019 4.97300005 -9.100000381
3470 0.5230000019 4.97300005 -10.39999962
3471 0.5230000019 4.97300005 -11.69999981
3472 -0.5230000019 4.97300005 -3.900000095
3473 -0.5230000019 4.97300005 -2.599999905
3474 -0.5230000019 4.97300005 -5.199999809
3475 -0.5230000019 4.97300005 -6.5
3476 -0.5230000019 4.97300005 -7.800000191
3477 -0.5230000019 4.97300005 -9.100000381
3478 -0.5230000019 4.97300005 -10.39999962
3479 -0.5230000019 4.97300005 -11.69999981
3480 -1.544999957 4.755000114 -3.900000095
3481 -1.544999957 4.755000114 -2.599999905
3482 -1.544999957 4.755000114 -5.199999809
3483 -1.544999957 4.755000114 -6.5
3484 -1.544999957 4.755000114 -7.800000191
3485 -1.544999957 4.755000114 -9.100000381
3486 -1.544999957 4.755000114 -10.39999962
3487 -1.544999957 4.755000114 -11.69999981
3488 3.345999956 3.71600008 -5.199999809
3489 3.345999956 3.71600008 -3.900000095
3490 3.345999956 3.71600008 -6.5
3491 3.345999956 3.71600008 -7.800000191
3492 3.345999956 3.71600008 -9.100000381
3493 3.345999956 3.71600008 -10.39999962
3494 3.345999956 3.71600008 -11.69999981
3495 4.045000076 2.938999891 -5.199999809
3496 4.045000076 2.938999891 -3.900000095
3497 4.045000076 2.938999891 -6.5
3498 4.045000076 2.938999891 -7.800000191
3499 4.045000076 2.938999891 -9.100000381
3500 4.045000076 2.938999891 -10.39999962
3501 4.045000076 2.938999891 -11.69999981
3502 4.56799984 2.03399992 -3.900000095
3503 4.045000076 2.938999891 -2.599999905
3504 4.56799984 2.03399992 -2.599999905
3505 4.56799984 2.03399992 -5.199999809
3506 4.56799984 2.03399992 -6.5
3507 4.56799984 2.03399992 -7.800000191
3508 4.56799984 2.03399992 -9.100000381
3509 4.56799984 2.03399992 -10.39999962
3510 4.56799984 2.03399992 -11.69999981
3511 4.890999794 1.039999962 -3.900000095
3512 4.890999794 1.039999962 -2.599999905
3513 4.890999794 1.039999962 -5.199999809
3514 4.890999794 1.039999962 -6.5
3515 4.890999794 1.039999962 -7.800000191
3516 4.890999794 1.039999962 -9.100000381
3517 4.890999794 1.039999962 -10.39999962
3518 4.890999794 1.039999962 -11.69999981
3519 5 0 -3.900000095
3520 5 0 -2.599999905
3521 5 0 -5.199999809
3522 5 0 -6.5
3523 5 0 -7.800000191
3524 5 0 -9.100000381
3525 5 0 -10.39999962
3526 5 0 -11.69999981
3527 2.420030117 7.170400143 -13
3528 1.436040044 6.602330208 -13
3529 -1.53034997 4.82723999 -13
3530 -0.5319799781 5.466159821 -13
3531 0.4520300031 6.034249783 -13
3532 -4.467870235 3.193919897 -13
3533 -5.451809883 2.625880003 -13
3534 -6.436560154 2.057369947 -13
3535 -22.18700027 39.81949997 -13
3536 -22.20866966 39.71564865 -20
3537 -22.18709946 39.81903076 -20
3538 -4.046999931 2.938999891 -1.299999952
3539 -4.570000172 2.03399992 -1.299999952
3540 -4.570000172 2.03399992 0
3541 -4.046999931 2.938999891 0
3542 -3.34800005 3.71600008 -1.299999952
3543 -3.34800005 3.71600008 0
3544 -2.502000093 4.329999924 -1.299999952
3545 -2.502000093 4.329999924 0
3546 1.542999983 4.755000114 -1.299999952
3547 1.542999983 4.755000114 0
3548 2.497999907 4.329999924 0
3549 2.497999907 4.329999924 -1.299999952
3550 0.5210000277 4.97300005 -1.299999952
3551 0.5210000277 4.97300005 0
3552 -1.547000051 4.755000114 -1.299999952
3553 -1.547000051 4.755000114 0
3554 -0.5249999762 4.97300005 0
3555 -0.5249999762 4.97300005 -1.299999952
3556 3.344000101 3.71600008 -1.299999952
3557 3.344000101 3.71600008 0
3558 4.043000221 2.938999891 -1.299999952
3559 4.043000221 2.938999891 0
3560 4.565999985 2.03399992 -1.299999952
3561 4.565999985 2.03399992 0
3562 4.888999939 1.039999962 0
3563 4.565999985 2.03399992 1.299999952
3564 4.888999939 1.039999962 1.299999952
3565 4.888999939 1.039999962 -1.299999952
3566 4.998000145 0 -1.299999952
3567 4.998000145 0 0
3568 4.945000172 1.087560058 -13
3569 3.013999939 6.710209846 -13
3570 3.260499954 6.852499962 -13
3571 3.013609886 6.710499763 -20
3572 4.945000172 1.087560058 -20
3573 -23.83223915 38.77899933 -13
3574 -22.29899979 39.66437149 -13
3575 -4.893000126 1.039999962 0
3576 -5.001999855 -0 0
3577 -5.001999855 0 1.299999952
3578 -4.046999931 2.938999891 1.299999952
3579 4.998000145 0 1.299999952
3580 3.344330072 3.71600008 -2.599999905
3581 -18.23859978 42.00762939 -20
3582 45.6590004 -1.391000032 2.599999905
3583 45.6570015 -1.391000032 1.299999952
3584 46.12099838 -2.711999893 2.599999905
3585 46.11899948 -2.711999893 1.299999952
3586 46.86600113 -3.897000074 2.599999905
3587 46.86399841 -3.897000074 1.299999952
3588 47.85499954 -4.886000156 2.599999905
3589 47.85300064 -4.886000156 1.299999952
3590 49.04000092 -5.631000042 2.599999905
3591 49.0379982 -5.631000042 1.299999952
3592 50.36100006 -6.092999935 2.599999905
3593 50.35900116 -6.092999935 1.299999952
3594 51.7519989 -6.25 2.599999905
3595 51.75 -6.25 1.299999952
3596 53.14300156 -6.092999935 2.599999905
3597 53.14099884 -6.092999935 1.299999952
3598 54.4640007 -5.631000042 2.599999905
3599 54.4620018 -5.631000042 1.299999952
3600 55.64899826 -4.886000156 2.599999905
3601 55.64699936 -4.886000156 1.299999952
3602 56.63800049 -3.897000074 2.599999905
3603 56.63600159 -3.897000074 1.299999952
3604 57.38299942 -2.711999893 2.599999905
3605 57.38100052 -2.711999893 1.299999952
3606 57.84500122 -1.391000032 2.599999905
3607 57.8429985 -1.391000032 1.299999952
3608 -20.04314041 -40.9655304 -20
3609 -19.14142036 -41.48611832 -20
3610 -18.33200073 -40.08499908 -20
3611 -19.23399925 -39.56399918 -20
3612 -19.05699921 -42.89400101 -20
3613 -18.41931915 -41.9032402 -20
3614 -19.50161934 -41.27806854 -20
3615 -19.78000069 -41.90599823 -20
3616 -18.48999977 -43.90599823 -20
3617 -17.33699989 -42.52899933 -20
3618 -26.40200043 -38.08300018 -20
3619 -25.1609993 -38.36899948 -20
3620 -24.91437912 -38.15399933 -20
3621 -25.99777985 -37.52870178 -20
3622 -27.61899948 -37.95100021 -20
3623 -27.08003044 -36.90406036 -20
3624 -23.93343925 -38.81182861 -20
3625 -23.83275032 -38.77827835 -20
3626 55.64599991 -4.887000084 -20
3627 56.63600159 -3.897000074 -20
3628 55.41500092 -2.923000097 -20
3629 54.67300034 -3.664999962 -20
3630 54.46099854 -5.631999969 -20
3631 53.7840004 -4.22300005 -20
3632 53.13899994 -6.093999863 -20
3633 52.79299927 -4.570000172 -20
3634 49.0379982 -5.631000042 -10.39999962
3635 49.0379982 -5.631000042 -9.100000381
3636 50.35900116 -6.092999935 -9.100000381
3637 50.35900116 -6.092999935 -10.39999962
3638 50.18600082 -6.25 -13
3639 51.0530014 -6.171500206 -13
3640 50.96699905 -6.25 -13
3641 46.86399841 -3.897000074 -13
3642 46.18199921 -3.822999954 -13
3643 45.80899811 -2.605999947 -13
3644 46.11899948 -2.711999893 -13
3645 47.85200119 -4.886000156 -13
3646 46.67599869 -4.94299984 -13
3647 55.64599991 -4.887000084 -13
3648 55.64699936 -4.886000156 -11.69999981
3649 56.63600159 -3.897000074 -11.69999981
3650 56.63600159 -3.897000074 -13
3651 54.46099854 -5.631999969 -13
3652 54.4620018 -5.631000042 -11.69999981
3653 53.13899994 -6.093999863 -13
3654 53.14099884 -6.092999935 -11.69999981
3655 51.7480011 -6.25 -13
3656 51.75 -6.25 -11.69999981
3657 57.84500122 -1.391000032 14.30000019
3658 57.8429985 -1.391000032 15
3659 45.6570015 -1.391000032 15
3660 45.6590004 -1.391000032 14.30000019
3661 -20.18149948 -47.29850006 -13
3662 -20.07049942 -47.26350021 -13
3663 -20.46100044 -47.93999863 -13
3664 -3.566999912 -18.67900085 -18.83300018
3665 -2.756999969 -17.27599907 -18.83300018
3666 -2.756999969 -17.27599907 -20
3667 -3.566999912 -18.67900085 -20
3668 -20.05699921 -42.53300095 14.30000019
3669 -19.69499969 -43.88499832 14.30000019
3670 -19.69499969 -43.88499832 15
3671 -20.05699921 -42.53300095 15
3672 -20.71100044 -41.29600143 14.30000019
3673 -20.71100044 -41.29600143 15
3674 -21.62400055 -40.23500061 14.30000019
3675 -21.62400055 -40.23500061 15
3676 -22.75 -39.40399933 14.30000019
3677 -22.75 -39.40399933 15
3678 -24.03300095 -38.84400177 15
3679 -24.03300095 -38.84400177 14.30000019
3680 -25.40800095 -38.58399963 15
3681 -25.40800095 -38.58399963 14.30000019
3682 -26.80699921 -38.63700104 15
3683 -26.80699921 -38.63700104 14.30000019
3684 -28.15800095 -38.99900055 15
3685 -28.15800095 -38.99900055 14.30000019
3686 -29.39599991 -39.65299988 15
3687 -29.39599991 -39.65299988 14.30000019
3688 -30.45700073 -40.56600189 15
3689 -30.45700073 -40.56600189 14.30000019
3690 -31.28800011 -41.69200134 15
3691 -31.28800011 -41.69200134 14.30000019
3692 -31.84700012 -42.97499847 15
3693 -31.84700012 -42.97499847 14.30000019
3694 -32.10800171 -44.34999847 15
3695 -32.10800171 -44.34999847 14.30000019
3696 -32.05500031 -45.7480011 15
3697 -32.05500031 -45.7480011 14.30000019
3698 -31.69300079 -47.09999847 15
3699 -31.69300079 -47.09999847 14.30000019
3700 -31.03899956 -48.33800125 15
3701 -31.03899956 -48.33800125 14.30000019
3702 -30.12599945 -49.39799881 15
3703 -30.12599945 -49.39799881 14.30000019
3704 -29 -50.22900009 15
3705 -29 -50.22900009 14.30000019
3706 -27.71699905 -50.78900146 14.30000019
3707 -27.71699905 -50.78900146 15
3708 -26.34199905 -51.04899979 14.30000019
3709 -26.34199905 -51.04899979 15
3710 -24.94300079 -50.99700165 14.30000019
3711 -24.94300079 -50.99700165 15
3712 -23.59199905 -50.63499832 14.30000019
3713 -23.59199905 -50.63499832 15
3714 -22.35400009 -49.98099899 14.30000019
3715 -22.35400009 -49.98099899 15
3716 -21.29299927 -49.06800079 14.30000019
3717 -21.29299927 -49.06800079 15
3718 -20.46199989 -47.94200134 14.30000019
3719 -20.46199989 -47.94200134 15
3720 -19.90299988 -46.6590004 14.30000019
3721 -19.90299988 -46.6590004 15
3722 -19.6420002 -45.2840004 14.30000019
3723 -19.6420002 -45.2840004 15
3724 -22.75 -39.40399933 13
3725 -21.62400055 -40.23500061 13
3726 -20.71100044 -41.29600143 13
3727 -20.05699921 -42.53300095 13
3728 -19.69499969 -43.88499832 13
3729 -19.6420002 -45.2840004 13
3730 -19.90299988 -46.6590004 13
3731 -20.46199989 -47.94200134 13
3732 -21.29299927 -49.06800079 13
3733 -22.35400009 -49.98099899 13
3734 -23.59199905 -50.63499832 13
3735 -24.94300079 -50.99700165 13
3736 -26.34199905 -51.04899979 13
3737 -27.71699905 -50.78900146 13
3738 -29 -50.22900009 13
3739 -24.03300095 -38.84400177 13
3740 -25.40800095 -38.58399963 13
3741 -26.80699921 -38.63700104 13
3742 -28.15800095 -38.99900055 13
3743 -29.39599991 -39.65299988 13
3744 -30.45700073 -40.56600189 13
3745 -31.28800011 -41.69200134 13
3746 -31.84700012 -42.97499847 13
3747 -32.10800171 -44.34999847 13
3748 -32.05500031 -45.7480011 13
3749 -31.69300079 -47.09999847 13
3750 -31.03899956 -48.33800125 13
3751 -30.12599945 -49.39799881 13
3752 -30.12599945 -49.39799881 11.69999981
3753 -29 -50.22900009 11.69999981
3754 -30.12599945 -49.39799881 10.39999962
3755 -29 -50.22900009 10.39999962
3756 -30.12599945 -49.39799881 9.100000381
3757 -29 -50.22900009 9.100000381
3758 -31.03899956 -48.33800125 11.69999981
3759 -31.03899956 -48.33800125 10.39999962
3760 -31.03899956 -48.33800125 9.100000381
3761 -31.69300079 -47.09999847 11.69999981
3762 -31.69300079 -47.09999847 10.39999962
3763 -31.69300079 -47.09999847 9.100000381
3764 -32.05500031 -45.7480011 11.69999981
3765 -32.05500031 -45.7480011 10.39999962
3766 -32.05500031 -45.7480011 9.100000381
3767 -32.10800171 -44.34999847 11.69999981
3768 -32.10800171 -44.34999847 10.39999962
3769 -32.10800171 -44.34999847 9.100000381
3770 -31.84700012 -42.97499847 11.69999981
3771 -31.84700012 -42.97499847 10.39999962
3772 -31.84700012 -42.97499847 9.100000381
3773 -31.28800011 -41.69200134 11.69999981
3774 -31.28800011 -41.69200134 10.39999962
3775 -31.28800011 -41.69200134 9.100000381
3776 -30.45700073 -40.56600189 11.69999981
3777 -30.45700073 -40.56600189 10.39999962
3778 -30.45700073 -40.56600189 9.100000381
3779 -29.39599991 -39.65299988 11.69999981
3780 -29.39599991 -39.65299988 10.39999962
3781 -29.39599991 -39.65299988 9.100000381
3782 -28.15800095 -38.99900055 11.69999981
3783 -28.15800095 -38.99900055 10.39999962
3784 -28.15800095 -38.99900055 9.100000381
3785 -26.80699921 -38.63700104 11.69999981
3786 -26.80699921 -38.63700104 10.39999962
3787 -26.80699921 -38.63700104 9.100000381
3788 -25.40800095 -38.58399963 11.69999981
3789 -25.40800095 -38.58399963 10.39999962
3790 -25.40800095 -38.58399963 9.100000381
3791 -24.03300095 -38.84400177 11.69999981
3792 -24.03300095 -38.84400177 10.39999962
3793 -24.03300095 -38.84400177 9.100000381
3794 -22.75 -39.40399933 11.69999981
3795 -22.75 -39.40399933 10.39999962
3796 -22.75 -39.40399933 9.100000381
3797 -27.71699905 -50.78900146 11.69999981
3798 -27.71699905 -50.78900146 10.39999962
3799 -27.71699905 -50.78900146 9.100000381
3800 -26.34199905 -51.04899979 11.69999981
3801 -26.34199905 -51.04899979 10.39999962
3802 -26.34199905 -51.04899979 9.100000381
3803 -24.94300079 -50.99700165 11.69999981
3804 -24.94300079 -50.99700165 10.39999962
3805 -24.94300079 -50.99700165 9.100000381
3806 -23.59199905 -50.63499832 11.69999981
3807 -23.59199905 -50.63499832 10.39999962
3808 -23.59199905 -50.63499832 9.100000381
3809 -22.35400009 -49.98099899 11.69999981
3810 -22.35400009 -49.98099899 10.39999962
3811 -22.35400009 -49.98099899 9.100000381
3812 -21.29299927 -49.06800079 11.69999981
3813 -21.29299927 -49.06800079 10.39999962
3814 -21.29299927 -49.06800079 9.100000381
3815 -20.46199989 -47.94200134 11.69999981
3816 -20.46199989 -47.94200134 10.39999962
3817 -20.46199989 -47.94200134 9.100000381
3818 -19.90299988 -46.6590004 11.69999981
3819 -19.90299988 -46.6590004 10.39999962
3820 -19.90299988 -46.6590004 9.100000381
3821 -19.6420002 -45.2840004 11.69999981
3822 -19.6420002 -45.2840004 10.39999962
3823 -19.6420002 -45.2840004 9.100000381
3824 -19.69499969 -43.88499832 11.69999981
3825 -19.69499969 -43.88499832 10.39999962
3826 -19.69499969 -43.88499832 9.100000381
3827 -20.05699921 -42.53300095 11.69999981
3828 -20.05699921 -42.53300095 10.39999962
3829 -20.05699921 -42.53300095 9.100000381
3830 -20.71100044 -41.29600143 11.69999981
3831 -20.71100044 -41.29600143 10.39999962
3832 -20.71100044 -41.29600143 9.100000381
3833 -21.62400055 -40.23500061 11.69999981
3834 -21.62400055 -40.23500061 10.39999962
3835 -21.62400055 -40.23500061 9.100000381
3836 -22.75 -39.40399933 -1.299999952
3837 -21.62400055 -40.23500061 -1.299999952
3838 -21.62400055 -40.23500061 0
3839 -22.75 -39.40399933 0
3840 -21.62400055 -40.23500061 1.299999952
3841 -22.75 -39.40399933 1.299999952
3842 -21.62400055 -40.23500061 2.599999905
3843 -22.75 -39.40399933 2.599999905
3844 -21.62400055 -40.23500061 3.900000095
3845 -22.75 -39.40399933 3.900000095
3846 -21.62400055 -40.23500061 5.199999809
3847 -22.75 -39.40399933 5.199999809
3848 -21.62400055 -40.23500061 6.5
3849 -22.75 -39.40399933 6.5
3850 -21.62400055 -40.23500061 7.800000191
3851 -22.75 -39.40399933 7.800000191
3852 -20.71100044 -41.29600143 -1.299999952
3853 -20.71100044 -41.29600143 0
3854 -20.71100044 -41.29600143 1.299999952
3855 -20.71100044 -41.29600143 2.599999905
3856 -20.71100044 -41.29600143 3.900000095
3857 -20.71100044 -41.29600143 5.199999809
3858 -20.71100044 -41.29600143 6.5
3859 -20.71100044 -41.29600143 7.800000191
3860 -20.05699921 -42.53300095 -1.299999952
3861 -20.05699921 -42.53300095 0
3862 -20.05699921 -42.53300095 1.299999952
3863 -20.05699921 -42.53300095 2.599999905
3864 -20.05699921 -42.53300095 3.900000095
3865 -20.05699921 -42.53300095 5.199999809
3866 -20.05699921 -42.53300095 6.5
3867 -20.05699921 -42.53300095 7.800000191
3868 -19.69499969 -43.88499832 -1.299999952
3869 -19.69499969 -43.88499832 0
3870 -19.69499969 -43.88499832 1.299999952
3871 -19.69499969 -43.88499832 2.599999905
3872 -19.69499969 -43.88499832 3.900000095
3873 -19.69499969 -43.88499832 5.199999809
3874 -19.69499969 -43.88499832 6.5
3875 -19.69499969 -43.88499832 7.800000191
3876 -19.6420002 -45.2840004 -1.299999952
3877 -19.6420002 -45.2840004 0
3878 -19.6420002 -45.2840004 1.299999952
3879 -19.6420002 -45.2840004 2.599999905
3880 -19.6420002 -45.2840004 3.900000095
3881 -19.6420002 -45.2840004 5.199999809
3882 -19.6420002 -45.2840004 6.5
3883 -19.6420002 -45.2840004 7.800000191
3884 -19.90299988 -46.6590004 -1.299999952
3885 -19.90299988 -46.6590004 0
3886 -19.90299988 -46.6590004 1.299999952
3887 -19.90299988 -46.6590004 2.599999905
3888 -19.90299988 -46.6590004 3.900000095
3889 -19.90299988 -46.6590004 5.199999809
3890 -19.90299988 -46.6590004 6.5
3891 -19.90299988 -46.6590004 7.800000191
3892 -20.46199989 -47.94200134 -1.299999952
3893 -20.46199989 -47.94200134 0
3894 -20.46199989 -47.94200134 1.299999952
3895 -20.46199989 -47.94200134 2.599999905
3896 -20.46199989 -47.94200134 3.900000095
3897 -20.46199989 -47.94200134 5.199999809
3898 -20.46199989 -47.94200134 6.5
3899 -20.46199989 -47.94200134 7.800000191
3900 -21.29299927 -49.06800079 -1.299999952
3901 -21.29299927 -49.06800079 0
3902 -21.29299927 -49.06800079 1.299999952
3903 -21.29299927 -49.06800079 2.599999905
3904 -21.29299927 -49.06800079 3.900000095
3905 -21.29299927 -49.06800079 5.199999809
3906 -21.29299927 -49.06800079 6.5
3907 -21.29299927 -49.06800079 7.800000191
3908 -22.35400009 -49.98099899 -1.299999952
3909 -22.35400009 -49.98099899 0
3910 -22.35400009 -49.98099899 1.299999952
3911 -22.35400009 -49.98099899 2.599999905
3912 -22.35400009 -49.98099899 3.900000095
3913 -22.35400009 -49.98099899 5.199999809
3914 -22.35400009 -49.98099899 6.5
3915 -22.35400009 -49.98099899 7.800000191
3916 -23.59199905 -50.63499832 -1.299999952
3917 -23.59199905 -50.63499832 0
3918 -23.59199905 -50.63499832 1.299999952
3919 -23.59199905 -50.63499832 2.599999905
3920 -23.59199905 -50.63499832 3.900000095
3921 -23.59199905 -50.63499832 5.199999809
3922 -23.59199905 -50.63499832 6.5
3923 -23.59199905 -50.63499832 7.800000191
3924 -24.94300079 -50.99700165 -1.299999952
3925 -24.94300079 -50.99700165 0
3926 -24.94300079 -50.99700165 1.299999952
3927 -24.94300079 -50.99700165 2.599999905
3928 -24.94300079 -50.99700165 3.900000095
3929 -24.94300079 -50.99700165 5.199999809
3930 -24.94300079 -50.99700165 6.5
3931 -24.94300079 -50.99700165 7.800000191
3932 -26.34199905 -51.04899979 -1.299999952
3933 -26.34199905 -51.04899979 0
3934 -26.34199905 -51.04899979 1.299999952
3935 -26.34199905 -51.04899979 2.599999905
3936 -26.34199905 -51.04899979 3.900000095
3937 -26.34199905 -51.04899979 5.199999809
3938 -26.34199905 -51.04899979 6.5
3939 -26.34199905 -51.04899979 7.800000191
3940 -27.71699905 -50.78900146 -1.299999952
3941 -27.71699905 -50.78900146 0
3942 -27.71699905 -50.78900146 1.299999952
3943 -27.71699905 -50.78900146 2.599999905
3944 -27.71699905 -50.78900146 3.900000095
3945 -27.71699905 -50.78900146 5.199999809
3946 -27.71699905 -50.78900146 6.5
3947 -27.71699905 -50.78900146 7.800000191
3948 -29 -50.22900009 -1.299999952
3949 -29 -50.22900009 0
3950 -29 -50.22900009 1.299999952
3951 -29 -50.22900009 2.599999905
3952 -29 -50.22900009 3.900000095
3953 -29 -50.22900009 5.199999809
3954 -29 -50.22900009 6.5
3955 -29 -50.22900009 7.800000191
3956 -24.03300095 -38.84400177 0
3957 -24.03300095 -38.84400177 -1.299999952
3958 -24.03300095 -38.84400177 1.299999952
3959 -24.03300095 -38.84400177 2.599999905
3960 -24.03300095 -38.84400177 3.900000095
3961 -24.03300095 -38.84400177 5.199999809
3962 -24.03300095 -38.84400177 6.5
3963 -24.03300095 -38.84400177 7.800000191
3964 -25.40800095 -38.58399963 0
3965 -25.40800095 -38.58399963 -1.299999952
3966 -25.40800095 -38.58399963 1.299999952
3967 -25.40800095 -38.58399963 2.599999905
3968 -25.40800095 -38.58399963 3.900000095
3969 -25.40800095 -38.58399963 5.199999809
3970 -25.40800095 -38.58399963 6.5
3971 -25.40800095 -38.58399963 7.800000191
3972 -26.80699921 -38.63700104 0
3973 -26.80699921 -38.63700104 -1.299999952
3974 -26.80699921 -38.63700104 1.299999952
3975 -26.80699921 -38.63700104 2.599999905
3976 -26.80699921 -38.63700104 3.900000095
3977 -26.80699921 -38.63700104 5.199999809
3978 -26.80699921 -38.63700104 6.5
3979 -26.80699921 -38.63700104 7.800000191
3980 -28.15800095 -38.99900055 0
3981 -28.15800095 -38.99900055 -1.299999952
3982 -28.15800095 -38.99900055 1.299999952
3983 -28.15800095 -38.99900055 2.599999905
3984 -28.15800095 -38.99900055 3.900000095
3985 -28.15800095 -38.99900055 5.199999809
3986 -28.15800095 -38.99900055 6.5
3987 -28.15800095 -38.99900055 7.800000191
3988 -29.39599991 -39.65299988 0
3989 -29.39599991 -39.65299988 -1.299999952
3990 -29.39599991 -39.65299988 1.299999952
3991 -29.39599991 -39.65299988 2.599999905
3992 -29.39599991 -39.65299988 3.900000095
3993 -29.39599991 -39.65299988 5.199999809
3994 -29.39599991 -39.65299988 6.5
3995 -29.39599991 -39.65299988 7.800000191
3996 -30.45700073 -40.56600189 0
3997 -30.45700073 -40.56600189 -1.299999952
3998 -30.45700073 -40.56600189 1.299999952
3999 -30.45700073 -40.56600189 2.599999905
4000 -30.45700073 -40.56600189 3.900000095
4001 -30.45700073 -40.56600189 5.199999809
4002 -30.45700073 -40.56600189 6.5
4003 -30.45700073 -40.56600189 7.800000191
4004 -31.28800011 -41.69200134 0
4005 -31.28800011 -41.69200134 -1.299999952
4006 -31.28800011 -41.69200134 1.299999952
4007 -31.28800011 -41.69200134 2.599999905
4008 -31.28800011 -41.69200134 3.900000095
4009 -31.28800011 -41.69200134 5.199999809
4010 -31.28800011 -41.69200134 6.5
4011 -31.28800011 -41.69200134 7.800000191
4012 -31.84700012 -42.97499847 0
4013 -31.84700012 -42.97499847 -1.299999952
4014 -31.84700012 -42.97499847 1.299999952
4015 -31.84700012 -42.97499847 2.599999905
4016 -31.84700012 -42.97499847 3.900000095
4017 -31.84700012 -42.97499847 5.199999809
4018 -31.84700012 -42.97499847 6.5
4019 -31.84700012 -42.97499847 7.800000191
4020 -32.10800171 -44.34999847 0
4021 -32.10800171 -44.34999847 -1.299999952
4022 -32.10800171 -44.34999847 1.299999952
4023 -32.10800171 -44.34999847 2.599999905
4024 -32.10800171 -44.34999847 3.900000095
4025 -32.10800171 -44.34999847 5.199999809
4026 -32.10800171 -44.34999847 6.5
4027 -32.10800171 -44.34999847 7.800000191
4028 -32.05500031 -45.7480011 0
4029 -32.05500031 -45.7480011 -1.299999952
4030 -32.05500031 -45.7480011 1.299999952
4031 -32.05500031 -45.7480011 2.599999905
4032 -32.05500031 -45.7480011 3.900000095
4033 -32.05500031 -45.7480011 5.199999809
4034 -32.05500031 -45.7480011 6.5
4035 -32.05500031 -45.7480011 7.800000191
4036 -31.69300079 -47.09999847 0
4037 -31.69300079 -47.09999847 -1.299999952
4038 -31.69300079 -47.09999847 1.299999952
4039 -31.69300079 -47.09999847 2.599999905
4040 -31.69300079 -47.09999847 3.900000095
4041 -31.69300079 -47.09999847 5.199999809
4042 -31.69300079 -47.09999847 6.5
4043 -31.69300079 -47.09999847 7.800000191
4044 -31.03899956 -48.33800125 0
4045 -31.03899956 -48.33800125 -1.299999952
4046 -31.03899956 -48.33800125 1.299999952
4047 -31.03899956 -48.33800125 2.599999905
4048 -31.03899956 -48.33800125 3.900000095
4049 -31.03899956 -48.33800125 5.199999809
4050 -31.03899956 -48.33800125 6.5
4051 -31.03899956 -48.33800125 7.800000191
4052 -30.12599945 -49.39799881 0
4053 -30.12599945 -49.39799881 -1.299999952
4054 -30.12599945 -49.39799881 1.299999952
4055 -30.12599945 -49.39799881 2.599999905
4056 -30.12599945 -49.39799881 3.900000095
4057 -30.12599945 -49.39799881 5.199999809
4058 -30.12599945 -49.39799881 6.5
4059 -30.12599945 -49.39799881 7.800000191
4060 -29.06299973 -48.25299835 15
4061 -28.21899986 -48.87599945 15
4062 -26.93799973 -45.9620018 15
4063 -25.875 -44.81700134 15
4064 -26.65600014 -46.16999817 15
4065 -29.74799919 -47.45700073 15
4066 -28.45700073 -46.57699966 15
4067 -28.00099945 -47.10800171 15
4068 -27.16600037 -45.6969986 15
4069 -30.23800087 -46.52899933 15
4070 -28.7840004 -45.95899963 15
4071 -27.32900047 -45.38800049 15
4072 -30.51000023 -45.51499939 15
4073 -28.96500015 -45.28300095 15
4074 -27.42000008 -45.04999924 15
4075 -30.54899979 -44.46699905 15
4076 -28.99099922 -44.58300018 15
4077 -27.43300056 -44.70000076 15
4078 -30.35400009 -43.43500137 15
4079 -28.86100006 -43.89599991 15
4080 -27.36800003 -44.35599899 15
4081 -29.93400002 -42.47299957 15
4082 -28.58099937 -43.25400162 15
4083 -27.22800064 -44.0359993 15
4084 -29.31100082 -41.62900162 15
4085 -28.16600037 -42.69100189 15
4086 -27.02000046 -43.75400162 15
4087 -28.51600075 -40.94400024 15
4088 -27.63500023 -42.23500061 15
4089 -26.75499916 -43.52600098 15
4090 -27.58799934 -40.45299911 15
4091 -27.0170002 -41.90800095 15
4092 -26.44599915 -43.36199951 15
4093 -26.3409996 -41.72700119 15
4094 -26.5739994 -40.18199921 15
4095 -26.1079998 -43.27199936 15
4096 -25.52499962 -40.14199829 15
4097 -25.64100075 -41.70100021 15
4098 -25.75799942 -43.25899887 15
4099 -24.49300003 -40.33800125 15
4100 -24.95400047 -41.83100128 15
4101 -25.41399956 -43.32400131 15
4102 -23.53100014 -40.75699997 15
4103 -25.09399986 -43.4640007 15
4104 -27.25699997 -49.29600143 15
4105 -26.79599953 -47.8030014 15
4106 -27.43799973 -47.52299881 15
4107 -26.33600044 -46.31000137 15
4108 -26.22500038 -49.49100113 15
4109 -26.10899925 -47.93299866 15
4110 -25.99200058 -46.375 15
4111 -25.1760006 -49.45199966 15
4112 -25.4090004 -47.9070015 15
4113 -25.6420002 -46.36199951 15
4114 -24.16200066 -49.18000031 15
4115 -24.7329998 -47.72600174 15
4116 -25.30400085 -46.27099991 15
4117 -23.23399925 -48.68999863 15
4118 -24.11499977 -47.39899826 15
4119 -24.99500084 -46.10800171 15
4120 -22.43899918 -48.00500107 15
4121 -23.58399963 -46.94200134 15
4122 -24.72999954 -45.88000107 15
4123 -21.81599998 -47.1609993 15
4124 -23.16900063 -46.37900162 15
4125 -24.52199936 -45.59799957 15
4126 -21.39599991 -46.19800186 15
4127 -22.88899994 -45.73799896 15
4128 -24.38199997 -45.27700043 15
4129 -21.20100021 -45.16699982 15
4130 -22.75900078 -45.04999924 15
4131 -24.31699944 -44.93399811 15
4132 -21.23999977 -44.11800003 15
4133 -22.78499985 -44.35100174 15
4134 -24.32999992 -44.58399963 15
4135 -21.51199913 -43.10400009 15
4136 -22.9659996 -43.67499924 15
4137 -24.42099953 -44.24599838 15
4138 -22.00200081 -42.17599869 15
4139 -23.29299927 -43.05599976 15
4140 -24.58399963 -43.93700027 15
4141 -22.68700027 -41.38100052 15
4142 -23.74900055 -42.52600098 15
4143 -24.81200027 -43.67100143 15
4144 -24.31200027 -42.11000061 15
4145 49.49100113 -6.171000004 -20
4146 48.62400055 -6.25 -20
4147 49.40499878 -6.25 -20
4148 50.35900116 -6.092999935 -20
4149 50.18600082 -6.25 -20
4150 51.05350113 -6.171500206 -20
4151 50.96699905 -6.25 -20
4152 51.7480011 -6.25 -20
4153 49.40499878 -6.25 -13
4154 48.62400055 -6.25 -13
4155 49.49100113 -6.171000004 -13
4156 50.35800171 -6.092999935 -13
4157 -30.87199974 -41.12799835 -13
4158 -30.50600052 -40.3370018 -13
4159 -30.45700073 -40.56600189 -13
4160 -30.89649963 -41.01350021 -13
4161 -30.09000015 -39.77500153 -13
4162 -30.1154995 -39.6609993 -13
4163 -29.72500038 -38.98500061 -13
4164 -19.40099907 -45.94599915 -13
4165 -18.89900017 -45.23500061 -13
4166 -19.28949928 -45.9109993 -13
4167 -19.90200043 -46.6570015 -13
4168 -19.68000031 -46.5870018 -13
4169 -30.09000015 -39.77500153 -20
4170 -30.1154995 -39.6609993 -20
4171 -30.50600052 -40.3370018 -20
4172 -29.72500038 -38.98500061 -20
4173 -30.45700073 -40.56600189 -20
4174 -30.87249947 -41.12900162 -20
4175 -30.89699936 -41.01449966 -20
4176 -31.28800011 -41.69200134 -20
4177 -20.18149948 -47.29850006 -20
4178 -20.46100044 -47.93999863 -20
4179 -20.07049942 -47.26350021 -20
4180 -19.68000031 -46.5870018 -20
4181 -19.40099907 -45.94599915 -20
4182 -19.28949928 -45.9109993 -20
4183 -18.89900017 -45.23500061 -20
4184 -26.80599976 -38.63700104 -20
4185 -25.40699959 -38.58399963 -20
4186 -28.15699959 -38.9980011 -20
4187 -29.39500046 -39.65200043 -20
4188 -28.77899933 -37.9659996 -20
4189 -28.16300011 -36.27899933 -20
4190 -27.61899948 -37.95100021 -13
4191 -27.07999992 -36.90399933 -13
4192 -25.99799919 -37.52899933 -13
4193 -26.40200043 -38.08300018 -13
4194 -28.77899933 -37.9659996 -13
4195 -28.16300011 -36.27899933 -13
4196 45.80899811 -2.605999947 -20
4197 45.57799911 -1.320000052 -20
4198 45.5 -1.25 -20
4199 45.5 -2.5 -20
4200 46.18199921 -3.822999954 -20
4201 45.5 -3.75 -20
4202 46.67599869 -4.94299984 -20
4203 45.5 -5 -20
4204 47.26900101 -5.940000057 -20
4205 45.5 -6.25 -20
4206 45.5 -2.5 -13
4207 45.5 -1.25 -13
4208 45.57799911 -1.320000052 -13
4209 45.5 -3.75 -13
4210 45.5 -5 -13
4211 47.26900101 -5.940000057 -13
4212 45.5 -6.25 -13
4213 -30.12599945 -49.39799881 -2.599999905
4214 -29 -50.22900009 -2.599999905
4215 -30.12599945 -49.39799881 -3.900000095
4216 -29 -50.22900009 -3.900000095
4217 -30.12599945 -49.39799881 -5.199999809
4218 -29 -50.22900009 -5.199999809
4219 -30.12599945 -49.39799881 -6.5
4220 -29 -50.22900009 -6.5
4221 -30.12599945 -49.39799881 -7.800000191
4222 -29 -50.22900009 -7.800000191
4223 -30.12599945 -49.39799881 -9.100000381
4224 -29 -50.22900009 -9.100000381
4225 -30.12599945 -49.39799881 -10.39999962
4226 -29 -50.22900009 -10.39999962
4227 -30.12599945 -49.39799881 -11.69999981
4228 -29 -50.22900009 -11.69999981
4229 -30.12599945 -49.39799881 -13
4230 -29 -50.22900009 -13
4231 -31.03899956 -48.33800125 -2.599999905
4232 -31.03899956 -48.33800125 -3.900000095
4233 -31.03899956 -48.33800125 -5.199999809
4234 -31.03899956 -48.33800125 -6.5
4235 -31.03899956 -48.33800125 -7.800000191
4236 -31.03899956 -48.33800125 -9.100000381
4237 -31.03899956 -48.33800125 -10.39999962
4238 -31.03899956 -48.33800125 -11.69999981
4239 -31.03899956 -48.33800125 -13
4240 -31.69300079 -47.09999847 -2.599999905
4241 -31.69300079 -47.09999847 -3.900000095
4242 -31.69300079 -47.09999847 -5.199999809
4243 -31.69300079 -47.09999847 -6.5
4244 -31.69300079 -47.09999847 -7.800000191
4245 -31.69300079 -47.09999847 -9.100000381
4246 -31.69300079 -47.09999847 -10.39999962
4247 -31.69300079 -47.09999847 -11.69999981
4248 -31.69300079 -47.09999847 -13
4249 -32.05500031 -45.7480011 -2.599999905
4250 -32.05500031 -45.7480011 -3.900000095
4251 -32.05500031 -45.7480011 -5.199999809
4252 -32.05500031 -45.7480011 -6.5
4253 -32.05500031 -45.7480011 -7.800000191
4254 -32.05500031 -45.7480011 -9.100000381
4255 -32.05500031 -45.7480011 -10.39999962
4256 -32.05500031 -45.7480011 -11.69999981
4257 -32.05500031 -45.7480011 -13
4258 -32.10800171 -44.34999847 -2.599999905
4259 -32.10800171 -44.34999847 -3.900000095
4260 -32.10800171 -44.34999847 -5.199999809
4261 -32.10800171 -44.34999847 -6.5
4262 -32.10800171 -44.34999847 -7.800000191
4263 -32.10800171 -44.34999847 -9.100000381
4264 -32.10800171 -44.34999847 -10.39999962
4265 -32.10800171 -44.34999847 -11.69999981
4266 -32.10800171 -44.34999847 -13
4267 -31.84700012 -42.97499847 -2.599999905
4268 -31.84700012 -42.97499847 -3.900000095
4269 -31.84700012 -42.97499847 -5.199999809
4270 -31.84700012 -42.97499847 -6.5
4271 -31.84700012 -42.97499847 -7.800000191
4272 -31.84700012 -42.97499847 -9.100000381
4273 -31.84700012 -42.97499847 -10.39999962
4274 -31.84700012 -42.97499847 -11.69999981
4275 -31.28800011 -41.69200134 -2.599999905
4276 -31.28800011 -41.69200134 -3.900000095
4277 -31.28800011 -41.69200134 -5.199999809
4278 -31.28800011 -41.69200134 -6.5
4279 -31.28800011 -41.69200134 -7.800000191
4280 -31.28800011 -41.69200134 -9.100000381
4281 -31.28800011 -41.69200134 -10.39999962
4282 -31.28800011 -41.69200134 -11.69999981
4283 -30.45700073 -40.56600189 -2.599999905
4284 -30.45700073 -40.56600189 -3.900000095
4285 -30.45700073 -40.56600189 -5.199999809
4286 -30.45700073 -40.56600189 -6.5
4287 -30.45700073 -40.56600189 -7.800000191
4288 -30.45700073 -40.56600189 -9.100000381
4289 -30.45700073 -40.56600189 -10.39999962
4290 -30.45700073 -40.56600189 -11.69999981
4291 -29.39599991 -39.65299988 -2.599999905
4292 -29.39599991 -39.65299988 -3.900000095
4293 -29.39599991 -39.65299988 -5.199999809
4294 -29.39599991 -39.65299988 -6.5
4295 -29.39599991 -39.65299988 -7.800000191
4296 -29.39599991 -39.65299988 -9.100000381
4297 -29.39599991 -39.65299988 -10.39999962
4298 -29.39599991 -39.65299988 -11.69999981
4299 -29.39599991 -39.65299988 -13
4300 -28.15800095 -38.99900055 -2.599999905
4301 -28.15800095 -38.99900055 -3.900000095
4302 -28.15800095 -38.99900055 -5.199999809
4303 -28.15800095 -38.99900055 -6.5
4304 -28.15800095 -38.99900055 -7.800000191
4305 -28.15800095 -38.99900055 -9.100000381
4306 -28.15800095 -38.99900055 -10.39999962
4307 -28.15800095 -38.99900055 -11.69999981
4308 -28.15800095 -38.99900055 -13
4309 -26.80699921 -38.63700104 -2.599999905
4310 -26.80699921 -38.63700104 -3.900000095
4311 -26.80699921 -38.63700104 -5.199999809
4312 -26.80699921 -38.63700104 -6.5
4313 -26.80699921 -38.63700104 -7.800000191
4314 -26.80699921 -38.63700104 -9.100000381
4315 -26.80699921 -38.63700104 -10.39999962
4316 -26.80699921 -38.63700104 -11.69999981
4317 -26.80699921 -38.63700104 -13
4318 -25.40800095 -38.58399963 -2.599999905
4319 -25.40800095 -38.58399963 -3.900000095
4320 -25.40800095 -38.58399963 -5.199999809
4321 -25.40800095 -38.58399963 -6.5
4322 -25.40800095 -38.58399963 -7.800000191
4323 -25.40800095 -38.58399963 -9.100000381
4324 -25.40800095 -38.58399963 -10.39999962
4325 -25.40800095 -38.58399963 -11.69999981
4326 -25.40800095 -38.58399963 -13
4327 -24.03300095 -38.84400177 -2.599999905
4328 -24.03300095 -38.84400177 -3.900000095
4329 -24.03300095 -38.84400177 -5.199999809
4330 -24.03300095 -38.84400177 -6.5
4331 -24.03300095 -38.84400177 -7.800000191
4332 -24.03300095 -38.84400177 -9.100000381
4333 -24.03300095 -38.84400177 -10.39999962
4334 -24.03300095 -38.84400177 -11.69999981
4335 -24.03300095 -38.84400177 -13
4336 -22.75 -39.40399933 -2.599999905
4337 -22.75 -39.40399933 -3.900000095
4338 -22.75 -39.40399933 -5.199999809
4339 -22.75 -39.40399933 -6.5
4340 -22.75 -39.40399933 -7.800000191
4341 -22.75 -39.40399933 -9.100000381
4342 -22.75 -39.40399933 -10.39999962
4343 -22.75 -39.40399933 -11.69999981
4344 -22.75 -39.40399933 -13
4345 -27.71699905 -50.78900146 -2.599999905
4346 -27.71699905 -50.78900146 -3.900000095
4347 -27.71699905 -50.78900146 -5.199999809
4348 -27.71699905 -50.78900146 -6.5
4349 -27.71699905 -50.78900146 -7.800000191
4350 -27.71699905 -50.78900146 -9.100000381
4351 -27.71699905 -50.78900146 -10.39999962
4352 -27.71699905 -50.78900146 -11.69999981
4353 -27.71699905 -50.78900146 -13
4354 -26.34199905 -51.04899979 -2.599999905
4355 -26.34199905 -51.04899979 -3.900000095
4356 -26.34199905 -51.04899979 -5.199999809
4357 -26.34199905 -51.04899979 -6.5
4358 -26.34199905 -51.04899979 -7.800000191
4359 -26.34199905 -51.04899979 -9.100000381
4360 -26.34199905 -51.04899979 -10.39999962
4361 -26.34199905 -51.04899979 -11.69999981
4362 -26.34199905 -51.04899979 -13
4363 -24.94300079 -50.99700165 -2.599999905
4364 -24.94300079 -50.99700165 -3.900000095
4365 -24.94300079 -50.99700165 -5.199999809
4366 -24.94300079 -50.99700165 -6.5
4367 -24.94300079 -50.99700165 -7.800000191
4368 -24.94300079 -50.99700165 -9.100000381
4369 -24.94300079 -50.99700165 -10.39999962
4370 -24.94300079 -50.99700165 -11.69999981
4371 -24.94300079 -50.99700165 -13
4372 -23.59199905 -50.63499832 -2.599999905
4373 -23.59199905 -50.63499832 -3.900000095
4374 -23.59199905 -50.63499832 -5.199999809
4375 -23.59199905 -50.63499832 -6.5
4376 -23.59199905 -50.63499832 -7.800000191
4377 -23.59199905 -50.63499832 -9.100000381
4378 -23.59199905 -50.63499832 -10.39999962
4379 -23.59199905 -50.63499832 -11.69999981
4380 -22.35400009 -49.98099899 -2.599999905
4381 -22.35400009 -49.98099899 -3.900000095
4382 -22.35400009 -49.98099899 -5.199999809
4383 -22.35400009 -49.98099899 -6.5
4384 -22.35400009 -49.98099899 -7.800000191
4385 -22.35400009 -49.98099899 -9.100000381
4386 -22.35400009 -49.98099899 -10.39999962
4387 -22.35400009 -49.98099899 -11.69999981
4388 -21.29299927 -49.06800079 -2.599999905
4389 -21.29299927 -49.06800079 -3.900000095
4390 -21.29299927 -49.06800079 -5.199999809
4391 -21.29299927 -49.06800079 -6.5
4392 -21.29299927 -49.06800079 -7.800000191
4393 -21.29299927 -49.06800079 -9.100000381
4394 -21.29299927 -49.06800079 -10.39999962
4395 -21.29299927 -49.06800079 -11.69999981
4396 -20.46199989 -47.94200134 -2.599999905
4397 -20.46199989 -47.94200134 -3.900000095
4398 -20.46199989 -47.94200134 -5.199999809
4399 -20.46199989 -47.94200134 -6.5
4400 -20.46199989 -47.94200134 -7.800000191
4401 -20.46199989 -47.94200134 -9.100000381
4402 -20.46199989 -47.94200134 -10.39999962
4403 -20.46199989 -47.94200134 -11.69999981
4404 -19.90299988 -46.6590004 -2.599999905
4405 -19.90299988 -46.6590004 -3.900000095
4406 -19.90299988 -46.6590004 -5.199999809
4407 -19.90299988 -46.6590004 -6.5
4408 -19.90299988 -46.6590004 -7.800000191
4409 -19.90299988 -46.6590004 -9.100000381
4410 -19.90299988 -46.6590004 -10.39999962
4411 -19.90299988 -46.6590004 -11.69999981
4412 -19.6420002 -45.2840004 -2.599999905
4413 -19.6420002 -45.2840004 -3.900000095
4414 -19.6420002 -45.2840004 -5.199999809
4415 -19.6420002 -45.2840004 -6.5
4416 -19.6420002 -45.2840004 -7.800000191
4417 -19.6420002 -45.2840004 -9.100000381
4418 -19.6420002 -45.2840004 -10.39999962
4419 -19.6420002 -45.2840004 -11.69999981
4420 -19.69499969 -43.88499832 -2.599999905
4421 -19.69499969 -43.88499832 -3.900000095
4422 -19.69499969 -43.88499832 -5.199999809
4423 -19.69499969 -43.88499832 -6.5
4424 -19.69499969 -43.88499832 -7.800000191
4425 -19.69499969 -43.88499832 -9.100000381
4426 -19.69499969 -43.88499832 -10.39999962
4427 -19.69499969 -43.88499832 -11.69999981
4428 -19.69499969 -43.88499832 -13
4429 -19.6420002 -45.2840004 -13
4430 -20.05699921 -42.53300095 -2.599999905
4431 -20.05699921 -42.53300095 -3.900000095
4432 -20.05699921 -42.53300095 -5.199999809
4433 -20.05699921 -42.53300095 -6.5
4434 -20.05699921 -42.53300095 -7.800000191
4435 -20.05699921 -42.53300095 -9.100000381
4436 -20.05699921 -42.53300095 -10.39999962
4437 -20.05699921 -42.53300095 -11.69999981
4438 -20.05699921 -42.53300095 -13
4439 -20.71100044 -41.29600143 -2.599999905
4440 -20.71100044 -41.29600143 -3.900000095
4441 -20.71100044 -41.29600143 -5.199999809
4442 -20.71100044 -41.29600143 -6.5
4443 -20.71100044 -41.29600143 -7.800000191
4444 -20.71100044 -41.29600143 -9.100000381
4445 -20.71100044 -41.29600143 -10.39999962
4446 -20.71100044 -41.29600143 -11.69999981
4447 -20.71100044 -41.29600143 -13
4448 -21.62400055 -40.23500061 -2.599999905
4449 -21.62400055 -40.23500061 -3.900000095
4450 -21.62400055 -40.23500061 -5.199999809
4451 -21.62400055 -40.23500061 -6.5
4452 -21.62400055 -40.23500061 -7.800000191
4453 -21.62400055 -40.23500061 -9.100000381
4454 -21.62400055 -40.23500061 -10.39999962
4455 -21.62400055 -40.23500061 -11.69999981
4456 -21.62400055 -40.23500061 -13
4457 57.8429985 -1.391000032 -2.599999905
4458 57.8429985 -1.391000032 -1.299999952
4459 57.8429985 -1.391000032 -3.900000095
4460 57.8429985 -1.391000032 -5.199999809
4461 57.8429985 -1.391000032 -6.5
4462 57.8429985 -1.391000032 -7.800000191
4463 57.8429985 -1.391000032 -9.100000381
4464 57.8429985 -1.391000032 -10.39999962
4465 57.8429985 -1.391000032 -11.69999981
4466 57.8429985 -1.391000032 -13
4467 57.38100052 -2.711999893 -2.599999905
4468 57.38100052 -2.711999893 -1.299999952
4469 57.38100052 -2.711999893 -3.900000095
4470 57.38100052 -2.711999893 -5.199999809
4471 57.38100052 -2.711999893 -6.5
4472 57.38100052 -2.711999893 -7.800000191
4473 57.38100052 -2.711999893 -9.100000381
4474 57.38100052 -2.711999893 -10.39999962
4475 57.38100052 -2.711999893 -11.69999981
4476 57.38100052 -2.711999893 -13
4477 56.63600159 -3.897000074 -2.599999905
4478 56.63600159 -3.897000074 -1.299999952
4479 56.63600159 -3.897000074 -3.900000095
4480 56.63600159 -3.897000074 -5.199999809
4481 56.63600159 -3.897000074 -6.5
4482 56.63600159 -3.897000074 -7.800000191
4483 56.63600159 -3.897000074 -9.100000381
4484 56.63600159 -3.897000074 -10.39999962
4485 55.64699936 -4.886000156 -2.599999905
4486 55.64699936 -4.886000156 -1.299999952
4487 55.64699936 -4.886000156 -3.900000095
4488 55.64699936 -4.886000156 -5.199999809
4489 55.64699936 -4.886000156 -6.5
4490 55.64699936 -4.886000156 -7.800000191
4491 55.64699936 -4.886000156 -9.100000381
4492 55.64699936 -4.886000156 -10.39999962
4493 54.4620018 -5.631000042 -2.599999905
4494 54.4620018 -5.631000042 -1.299999952
4495 54.4620018 -5.631000042 -3.900000095
4496 54.4620018 -5.631000042 -5.199999809
4497 54.4620018 -5.631000042 -6.5
4498 54.4620018 -5.631000042 -7.800000191
4499 54.4620018 -5.631000042 -9.100000381
4500 54.4620018 -5.631000042 -10.39999962
4501 53.14099884 -6.092999935 -2.599999905
4502 53.14099884 -6.092999935 -1.299999952
4503 53.14099884 -6.092999935 -3.900000095
4504 53.14099884 -6.092999935 -5.199999809
4505 53.14099884 -6.092999935 -6.5
4506 53.14099884 -6.092999935 -7.800000191
4507 53.14099884 -6.092999935 -9.100000381
4508 53.14099884 -6.092999935 -10.39999962
4509 51.75 -6.25 -2.599999905
4510 51.75 -6.25 -1.299999952
4511 51.75 -6.25 -3.900000095
4512 51.75 -6.25 -5.199999809
4513 51.75 -6.25 -6.5
4514 51.75 -6.25 -7.800000191
4515 51.75 -6.25 -9.100000381
4516 51.75 -6.25 -10.39999962
4517 50.35900116 -6.092999935 -2.599999905
4518 50.35900116 -6.092999935 -1.299999952
4519 50.35900116 -6.092999935 -3.900000095
4520 50.35900116 -6.092999935 -5.199999809
4521 50.35900116 -6.092999935 -6.5
4522 50.35900116 -6.092999935 -7.800000191
4523 50.35900116 -6.092999935 -11.69999981
4524 49.0379982 -5.631000042 -2.599999905
4525 49.0379982 -5.631000042 -1.299999952
4526 49.0379982 -5.631000042 -3.900000095
4527 49.0379982 -5.631000042 -5.199999809
4528 49.0379982 -5.631000042 -6.5
4529 49.0379982 -5.631000042 -7.800000191
4530 49.0379982 -5.631000042 -11.69999981
4531 47.85300064 -4.886000156 -2.599999905
4532 47.85300064 -4.886000156 -1.299999952
4533 47.85300064 -4.886000156 -3.900000095
4534 47.85300064 -4.886000156 -5.199999809
4535 47.85300064 -4.886000156 -6.5
4536 47.85300064 -4.886000156 -7.800000191
4537 47.85300064 -4.886000156 -9.100000381
4538 47.85300064 -4.886000156 -10.39999962
4539 47.85300064 -4.886000156 -11.69999981
4540 46.86399841 -3.897000074 -2.599999905
4541 46.86399841 -3.897000074 -1.299999952
4542 46.86399841 -3.897000074 -3.900000095
4543 46.86399841 -3.897000074 -5.199999809
4544 46.86399841 -3.897000074 -6.5
4545 46.86399841 -3.897000074 -7.800000191
4546 46.86399841 -3.897000074 -9.100000381
4547 46.86399841 -3.897000074 -10.39999962
4548 46.86399841 -3.897000074 -11.69999981
4549 46.11899948 -2.711999893 -2.599999905
4550 46.11899948 -2.711999893 -1.299999952
4551 46.11899948 -2.711999893 -3.900000095
4552 46.11899948 -2.711999893 -5.199999809
4553 46.11899948 -2.711999893 -6.5
4554 46.11899948 -2.711999893 -7.800000191
4555 46.11899948 -2.711999893 -9.100000381
4556 46.11899948 -2.711999893 -10.39999962
4557 46.11899948 -2.711999893 -11.69999981
4558 45.6570015 -1.391000032 -2.599999905
4559 45.6570015 -1.391000032 -1.299999952
4560 45.6570015 -1.391000032 -3.900000095
4561 45.6570015 -1.391000032 -5.199999809
4562 45.6570015 -1.391000032 -6.5
4563 45.6570015 -1.391000032 -7.800000191
4564 45.6570015 -1.391000032 -9.100000381
4565 45.6570015 -1.391000032 -10.39999962
4566 45.6570015 -1.391000032 -11.69999981
4567 45.6570015 -1.391000032 -13
4568 -8.630999565 -4.532000065 -20
4569 -7.821000099 -3.128999949 -20
4570 -8.722999573 -2.60800004 -20
4571 -9.532999992 -4.011000156 -20
4572 -9.440999985 -5.934999943 -20
4573 -10.34300041 -5.414000034 -20
4574 -10.2510004 -7.337999821 -20
4575 -11.15299988 -6.816999912 -20
4576 -11.06099987 -8.741000175 -20
4577 -11.9630003 -8.220000267 -20
4578 -11.87100029 -10.14400005 -20
4579 -12.77299976 -9.623000145 -20
4580 -12.68099976 -11.54699993 -20
4581 -13.58300018 -11.02600002 -20
4582 -13.49100018 -12.94999981 -20
4583 -14.39299965 -12.4289999 -20
4584 -14.30099964 -14.35299969 -20
4585 -15.20300007 -13.83199978 -20
4586 -15.11100006 -15.75599957 -20
4587 -16.01300049 -15.23499966 -20
4588 -15.92099953 -17.1590004 -20
4589 -16.82299995 -16.63800049 -20
4590 -16.7310009 -18.56100082 -20
4591 -17.63299942 -18.04100037 -20
4592 -17.54100037 -19.9640007 -20
4593 -18.44300079 -19.44400024 -20
4594 -18.35099983 -21.36700058 -20
4595 -19.25300026 -20.84700012 -20
4596 -19.1609993 -22.77000046 -20
4597 -20.06299973 -22.25 -20
4598 -19.97100067 -24.17300034 -20
4599 -20.87299919 -23.65299988 -20
4600 -20.78100014 -25.57600021 -20
4601 -21.68300056 -25.05500031 -20
4602 -21.5909996 -26.97900009 -20
4603 -22.49300003 -26.45800018 -20
4604 -22.40099907 -28.38199997 -20
4605 -23.3029995 -27.86100006 -20
4606 -23.21100044 -29.78499985 -20
4607 -24.11300087 -29.26399994 -20
4608 -24.02099991 -31.18799973 -20
4609 -24.92300034 -30.66699982 -20
4610 -24.83099937 -32.5909996 -20
4611 -25.7329998 -32.06999969 -20
4612 -25.64100075 -33.99399948 -20
4613 -26.54299927 -33.47299957 -20
4614 -26.45100021 -35.39699936 -20
4615 -27.35300064 -34.87599945 -20
4616 -7.728000164 -5.052999973 -20
4617 -6.918000221 -3.650000095 -20
4618 -8.538000107 -6.455999851 -20
4619 -9.347999573 -7.859000206 -20
4620 -10.15799999 -9.262000084 -20
4621 -10.96800041 -10.66499996 -20
4622 -11.77799988 -12.06799984 -20
4623 -12.5880003 -13.47000027 -20
4624 -13.39799976 -14.87300014 -20
4625 -14.20800018 -16.27599907 -20
4626 -15.01799965 -17.67900085 -20
4627 -15.82800007 -19.08200073 -20
4628 -16.63800049 -20.48500061 -20
4629 -17.44799995 -21.88800049 -20
4630 -18.25799942 -23.29100037 -20
4631 -19.06800079 -24.69400024 -20
4632 -19.87800026 -26.09700012 -20
4633 -20.68799973 -27.5 -20
4634 -21.49799919 -28.90299988 -20
4635 -22.30800056 -30.30599976 -20
4636 -23.11800003 -31.70899963 -20
4637 -23.9279995 -33.11199951 -20
4638 -24.73800087 -34.51499939 -20
4639 -25.54800034 -35.91799927 -20
4640 -6.826000214 -5.573999882 -20
4641 -6.015999794 -4.171000004 -20
4642 -7.636000156 -6.977000237 -20
4643 -8.446000099 -8.37899971 -20
4644 -9.255999565 -9.781999588 -20
4645 -10.06599998 -11.18500042 -20
4646 -10.8760004 -12.5880003 -20
4647 -11.68599987 -13.99100018 -20
4648 -12.49600029 -15.39400005 -20
4649 -13.30599976 -16.79700089 -20
4650 -14.11600018 -18.20000076 -20
4651 -14.92599964 -19.60300064 -20
4652 -15.73600006 -21.00600052 -20
4653 -16.54599953 -22.4090004 -20
4654 -17.3560009 -23.81200027 -20
4655 -18.16600037 -25.21500015 -20
4656 -18.97599983 -26.61800003 -20
4657 -19.7859993 -28.02099991 -20
4658 -20.59600067 -29.42399979 -20
4659 -21.40600014 -30.82699966 -20
4660 -22.2159996 -32.22999954 -20
4661 -23.02599907 -33.63299942 -20
4662 -23.83600044 -35.0359993 -20
4663 -24.64599991 -36.43899918 -20
4664 -5.923999786 -6.093999863 -20
4665 -5.113999844 -4.690999985 -20
4666 -6.734000206 -7.497000217 -20
4667 -7.544000149 -8.899999619 -20
4668 -8.354000092 -10.30300045 -20
4669 -9.163999557 -11.70600033 -20
4670 -9.973999977 -13.10900021 -20
4671 -10.7840004 -14.51200008 -20
4672 -11.59399986 -15.91499996 -20
4673 -12.40400028 -17.31800079 -20
4674 -13.21399975 -18.72100067 -20
4675 -14.02400017 -20.12400055 -20
4676 -14.83399963 -21.52700043 -20
4677 -15.64400005 -22.93000031 -20
4678 -16.45400047 -24.33300018 -20
4679 -17.26399994 -25.73600006 -20
4680 -18.0739994 -27.13899994 -20
4681 -18.88400078 -28.54199982 -20
4682 -19.69400024 -29.94499969 -20
4683 -20.50399971 -31.34799957 -20
4684 -21.31399918 -32.75099945 -20
4685 -22.12400055 -34.15399933 -20
4686 -22.93400002 -35.55699921 -20
4687 -23.74399948 -36.95999908 -20
4688 -5.021999836 -6.614999771 -20
4689 -4.211999893 -5.211999893 -20
4690 -5.831999779 -8.017999649 -20
4691 -6.642000198 -9.420999527 -20
4692 -7.452000141 -10.82400036 -20
4693 -8.262000084 -12.22700024 -20
4694 -9.07199955 -13.63000011 -20
4695 -9.881999969 -15.03299999 -20
4696 -10.69200039 -16.43600082 -20
4697 -11.50199986 -17.8390007 -20
4698 -12.31200027 -19.24200058 -20
4699 -13.12199974 -20.64500046 -20
4700 -13.93200016 -22.04800034 -20
4701 -14.74199963 -23.45100021 -20
4702 -15.55200005 -24.85400009 -20
4703 -16.36199951 -26.25699997 -20
4704 -17.17200089 -27.65999985 -20
4705 -17.98200035 -29.06299973 -20
4706 -18.79199982 -30.4659996 -20
4707 -19.60199928 -31.86899948 -20
4708 -20.41200066 -33.27099991 -20
4709 -21.22200012 -34.67399979 -20
4710 -22.03199959 -36.07699966 -20
4711 -22.84199905 -37.47999954 -20
4712 -4.119999886 -7.136000156 -20
4713 -3.309999943 -5.732999802 -20
4714 -4.929999828 -8.538999557 -20
4715 -5.739999771 -9.942000389 -20
4716 -6.550000191 -11.34500027 -20
4717 -7.360000134 -12.74800014 -20
4718 -8.170000076 -14.15100002 -20
4719 -8.979999542 -15.5539999 -20
4720 -9.789999962 -16.95700073 -20
4721 -10.60000038 -18.36000061 -20
4722 -11.40999985 -19.76300049 -20
4723 -12.22000027 -21.16600037 -20
4724 -13.02999973 -22.56900024 -20
4725 -13.84000015 -23.97200012 -20
4726 -14.64999962 -25.375 -20
4727 -15.46000004 -26.77799988 -20
4728 -16.27000046 -28.18000031 -20
4729 -17.07999992 -29.58300018 -20
4730 -17.88999939 -30.98600006 -20
4731 -18.70000076 -32.38899994 -20
4732 -19.51000023 -33.79199982 -20
4733 -20.31999969 -35.19499969 -20
4734 -21.12999916 -36.59799957 -20
4735 -21.94000053 -38.00099945 -20
4736 -8.722999573 -2.60800004 -18.83300018
4737 -7.913000107 -1.205000043 -20
4738 -7.913000107 -1.205000043 -18.83300018
4739 -9.532999992 -4.011000156 -18.83300018
4740 -10.34300041 -5.414000034 -18.83300018
4741 -11.15299988 -6.816999912 -18.83300018
4742 -11.9630003 -8.220000267 -18.83300018
4743 -12.77299976 -9.623000145 -18.83300018
4744 -13.58300018 -11.02600002 -18.83300018
4745 -14.39299965 -12.4289999 -18.83300018
4746 -15.20300007 -13.83199978 -18.83300018
4747 -16.01300049 -15.23499966 -18.83300018
4748 -16.82299995 -16.63800049 -18.83300018
4749 -17.63299942 -18.04100037 -18.83300018
4750 -18.44300079 -19.44400024 -18.83300018
4751 -19.25300026 -20.84700012 -18.83300018
4752 -20.06299973 -22.25 -18.83300018
4753 -20.87299919 -23.65299988 -18.83300018
4754 -21.68300056 -25.05500031 -18.83300018
4755 -22.49300003 -26.45800018 -18.83300018
4756 -23.3029995 -27.86100006 -18.83300018
4757 -24.11300087 -29.26399994 -18.83300018
4758 -24.92300034 -30.66699982 -18.83300018
4759 -25.7329998 -32.06999969 -18.83300018
4760 -26.54299927 -33.47299957 -18.83300018
4761 -27.35300064 -34.87599945 -18.83300018
4762 -28.16300011 -36.27899933 -18.83300018
4763 -8.722999573 -2.60800004 -17.66699982
4764 -7.913000107 -1.205000043 -17.66699982
4765 -9.532999992 -4.011000156 -17.66699982
4766 -10.34300041 -5.414000034 -17.66699982
4767 -11.15299988 -6.816999912 -17.66699982
4768 -11.9630003 -8.220000267 -17.66699982
4769 -12.77299976 -9.623000145 -17.66699982
4770 -13.58300018 -11.02600002 -17.66699982
4771 -14.39299965 -12.4289999 -17.66699982
4772 -15.20300007 -13.83199978 -17.66699982
4773 -16.01300049 -15.23499966 -17.66699982
4774 -16.82299995 -16.63800049 -17.66699982
4775 -17.63299942 -18.04100037 -17.66699982
4776 -18.44300079 -19.44400024 -17.66699982
4777 -19.25300026 -20.84700012 -17.66699982
4778 -20.06299973 -22.25 -17.66699982
4779 -20.87299919 -23.65299988 -17.66699982
4780 -21.68300056 -25.05500031 -17.66699982
4781 -22.49300003 -26.45800018 -17.66699982
4782 -23.3029995 -27.86100006 -17.66699982
4783 -24.11300087 -29.26399994 -17.66699982
4784 -24.92300034 -30.66699982 -17.66699982
4785 -25.7329998 -32.06999969 -17.66699982
4786 -26.54299927 -33.47299957 -17.66699982
4787 -27.35300064 -34.87599945 -17.66699982
4788 -28.16300011 -36.27899933 -17.66699982
4789 -8.722999573 -2.60800004 -16.5
4790 -7.913000107 -1.205000043 -16.5
4791 -9.532999992 -4.011000156 -16.5
4792 -10.34300041 -5.414000034 -16.5
4793 -11.15299988 -6.816999912 -16.5
4794 -11.9630003 -8.220000267 -16.5
4795 -12.77299976 -9.623000145 -16.5
4796 -13.58300018 -11.02600002 -16.5
4797 -14.39299965 -12.4289999 -16.5
4798 -15.20300007 -13.83199978 -16.5
4799 -16.01300049 -15.23499966 -16.5
4800 -16.82299995 -16.63800049 -16.5
4801 -17.63299942 -18.04100037 -16.5
4802 -18.44300079 -19.44400024 -16.5
4803 -19.25300026 -20.84700012 -16.5
4804 -20.06299973 -22.25 -16.5
4805 -20.87299919 -23.65299988 -16.5
4806 -21.68300056 -25.05500031 -16.5
4807 -22.49300003 -26.45800018 -16.5
4808 -23.3029995 -27.86100006 -16.5
4809 -24.11300087 -29.26399994 -16.5
4810 -24.92300034 -30.66699982 -16.5
4811 -25.7329998 -32.06999969 -16.5
4812 -26.54299927 -33.47299957 -16.5
4813 -27.35300064 -34.87599945 -16.5
4814 -28.16300011 -36.27899933 -16.5
4815 -8.722999573 -2.60800004 -15.33300018
4816 -7.913000107 -1.205000043 -15.33300018
4817 -9.532999992 -4.011000156 -15.33300018
4818 -10.34300041 -5.414000034 -15.33300018
4819 -11.15299988 -6.816999912 -15.33300018
4820 -11.9630003 -8.220000267 -15.33300018
4821 -12.77299976 -9.623000145 -15.33300018
4822 -13.58300018 -11.02600002 -15.33300018
4823 -14.39299965 -12.4289999 -15.33300018
4824 -15.20300007 -13.83199978 -15.33300018
4825 -16.01300049 -15.23499966 -15.33300018
4826 -16.82299995 -16.63800049 -15.33300018
4827 -17.63299942 -18.04100037 -15.33300018
4828 -18.44300079 -19.44400024 -15.33300018
4829 -19.25300026 -20.84700012 -15.33300018
4830 -20.06299973 -22.25 -15.33300018
4831 -20.87299919 -23.65299988 -15.33300018
4832 -21.68300056 -25.05500031 -15.33300018
4833 -22.49300003 -26.45800018 -15.33300018
4834 -23.3029995 -27.86100006 -15.33300018
4835 -24.11300087 -29.26399994 -15.33300018
4836 -24.92300034 -30.66699982 -15.33300018
4837 -25.7329998 -32.06999969 -15.33300018
4838 -26.54299927 -33.47299957 -15.33300018
4839 -27.35300064 -34.87599945 -15.33300018
4840 -28.16300011 -36.27899933 -15.33300018
4841 -8.722999573 -2.60800004 -14.16699982
4842 -7.913000107 -1.205000043 -14.16699982
4843 -9.532999992 -4.011000156 -14.16699982
4844 -10.34300041 -5.414000034 -14.16699982
4845 -11.15299988 -6.816999912 -14.16699982
4846 -11.9630003 -8.220000267 -14.16699982
4847 -12.77299976 -9.623000145 -14.16699982
4848 -13.58300018 -11.02600002 -14.16699982
4849 -14.39299965 -12.4289999 -14.16699982
4850 -15.20300007 -13.83199978 -14.16699982
4851 -16.01300049 -15.23499966 -14.16699982
4852 -16.82299995 -16.63800049 -14.16699982
4853 -17.63299942 -18.04100037 -14.16699982
4854 -18.44300079 -19.44400024 -14.16699982
4855 -19.25300026 -20.84700012 -14.16699982
4856 -20.06299973 -22.25 -14.16699982
4857 -20.87299919 -23.65299988 -14.16699982
4858 -21.68300056 -25.05500031 -14.16699982
4859 -22.49300003 -26.45800018 -14.16699982
4860 -23.3029995 -27.86100006 -14.16699982
4861 -24.11300087 -29.26399994 -14.16699982
4862 -24.92300034 -30.66699982 -14.16699982
4863 -25.7329998 -32.06999969 -14.16699982
4864 -26.54299927 -33.47299957 -14.16699982
4865 -27.35300064 -34.87599945 -14.16699982
4866 -28.16300011 -36.27899933 -14.16699982
4867 -8.722999573 -2.60800004 -13
4868 -7.913000107 -1.205000043 -13
4869 -9.532999992 -4.011000156 -13
4870 -10.34300041 -5.414000034 -13
4871 -11.15299988 -6.816999912 -13
4872 -11.9630003 -8.220000267 -13
4873 -12.77299976 -9.623000145 -13
4874 -13.58300018 -11.02600002 -13
4875 -14.39299965 -12.4289999 -13
4876 -15.20300007 -13.83199978 -13
4877 -16.01300049 -15.23499966 -13
4878 -16.82299995 -16.63800049 -13
4879 -17.63299942 -18.04100037 -13
4880 -18.44300079 -19.44400024 -13
4881 -19.25300026 -20.84700012 -13
4882 -20.06299973 -22.25 -13
4883 -20.87299919 -23.65299988 -13
4884 -21.68300056 -25.05500031 -13
4885 -22.49300003 -26.45800018 -13
4886 -23.3029995 -27.86100006 -13
4887 -24.11300087 -29.26399994 -13
4888 -24.92300034 -30.66699982 -13
4889 -25.7329998 -32.06999969 -13
4890 -26.54299927 -33.47299957 -13
4891 -27.35300064 -34.87599945 -13
4892 -28.94400024 -37.63199997 -18.83300018
4893 -28.94400024 -37.63199997 -20
4894 -29.72500038 -38.98500061 -18.83300018
4895 -30.50600052 -40.3370018 -18.83300018
4896 -28.94400024 -37.63199997 -17.66699982
4897 -29.72500038 -38.98500061 -17.66699982
4898 -30.50600052 -40.3370018 -17.66699982
4899 -31.28700066 -41.68999863 -17.66699982
4900 -31.28700066 -41.68999863 -18.83300018
4901 -28.94400024 -37.63199997 -16.5
4902 -29.72500038 -38.98500061 -16.5
4903 -30.50600052 -40.3370018 -16.5
4904 -31.28700066 -41.68999863 -16.5
4905 -28.94400024 -37.63199997 -15.33300018
4906 -29.72500038 -38.98500061 -15.33300018
4907 -30.50600052 -40.3370018 -15.33300018
4908 -31.28700066 -41.68999863 -15.33300018
4909 -28.94400024 -37.63199997 -14.16699982
4910 -29.72500038 -38.98500061 -14.16699982
4911 -30.50600052 -40.3370018 -14.16699982
4912 -31.28700066 -41.68999863 -14.16699982
4913 -28.94400024 -37.63199997 -13
4914 -31.28700066 -41.68999863 -13
4915 -7.565000057 -0.6029999852 -18.83300018
4916 -7.565000057 -0.6029999852 -20
4917 -7.565000057 -0.6029999852 -17.66699982
4918 -7.565000057 -0.6029999852 -16.5
4919 -7.565000057 -0.6029999852 -15.33300018
4920 -7.565000057 -0.6029999852 -14.16699982
4921 -8.630999565 -4.532000065 -13
4922 -7.821000099 -3.128999949 -13
4923 -9.440999985 -5.934999943 -13
4924 -10.2510004 -7.337999821 -13
4925 -11.06099987 -8.741000175 -13
4926 -11.87100029 -10.14400005 -13
4927 -12.68099976 -11.54699993 -13
4928 -13.49100018 -12.94999981 -13
4929 -14.30099964 -14.35299969 -13
4930 -15.11100006 -15.75599957 -13
4931 -15.92099953 -17.1590004 -13
4932 -16.7310009 -18.56100082 -13
4933 -17.54100037 -19.9640007 -13
4934 -18.35099983 -21.36700058 -13
4935 -19.1609993 -22.77000046 -13
4936 -19.97100067 -24.17300034 -13
4937 -20.78100014 -25.57600021 -13
4938 -21.5909996 -26.97900009 -13
4939 -22.40099907 -28.38199997 -13
4940 -23.21100044 -29.78499985 -13
4941 -24.02099991 -31.18799973 -13
4942 -24.83099937 -32.5909996 -13
4943 -25.64100075 -33.99399948 -13
4944 -26.45100021 -35.39699936 -13
4945 -7.728000164 -5.052999973 -13
4946 -6.918000221 -3.650000095 -13
4947 -8.538000107 -6.455999851 -13
4948 -9.347999573 -7.859000206 -13
4949 -10.15799999 -9.262000084 -13
4950 -10.96800041 -10.66499996 -13
4951 -11.77799988 -12.06799984 -13
4952 -12.5880003 -13.47000027 -13
4953 -13.39799976 -14.87300014 -13
4954 -14.20800018 -16.27599907 -13
4955 -15.01799965 -17.67900085 -13
4956 -15.82800007 -19.08200073 -13
4957 -16.63800049 -20.48500061 -13
4958 -17.44799995 -21.88800049 -13
4959 -18.25799942 -23.29100037 -13
4960 -19.06800079 -24.69400024 -13
4961 -19.87800026 -26.09700012 -13
4962 -20.68799973 -27.5 -13
4963 -21.49799919 -28.90299988 -13
4964 -22.30800056 -30.30599976 -13
4965 -23.11800003 -31.70899963 -13
4966 -23.9279995 -33.11199951 -13
4967 -24.73800087 -34.51499939 -13
4968 -25.54800034 -35.91799927 -13
4969 -6.826000214 -5.573999882 -13
4970 -6.015999794 -4.171000004 -13
4971 -7.636000156 -6.977000237 -13
4972 -8.446000099 -8.37899971 -13
4973 -9.255999565 -9.781999588 -13
4974 -10.06599998 -11.18500042 -13
4975 -10.8760004 -12.5880003 -13
4976 -11.68599987 -13.99100018 -13
4977 -12.49600029 -15.39400005 -13
4978 -13.30599976 -16.79700089 -13
4979 -14.11600018 -18.20000076 -13
4980 -14.92599964 -19.60300064 -13
4981 -15.73600006 -21.00600052 -13
4982 -16.54599953 -22.4090004 -13
4983 -17.3560009 -23.81200027 -13
4984 -18.16600037 -25.21500015 -13
4985 -18.97599983 -26.61800003 -13
4986 -19.7859993 -28.02099991 -13
4987 -20.59600067 -29.42399979 -13
4988 -21.40600014 -30.82699966 -13
4989 -22.2159996 -32.22999954 -13
4990 -23.02599907 -33.63299942 -13
4991 -23.83600044 -35.0359993 -13
4992 -24.64599991 -36.43899918 -13
4993 -25.45599937 -37.84199905 -13
4994 -26.3579998 -37.32099915 -13
4995 -5.923999786 -6.093999863 -13
4996 -5.113999844 -4.690999985 -13
4997 -6.734000206 -7.497000217 -13
4998 -7.544000149 -8.899999619 -13
4999 -8.354000092 -10.30300045 -13
5000 -9.163999557 -11.70600033 -13
5001 -9.973999977 -13.10900021 -13
5002 -10.7840004 -14.51200008 -13
5003 -11.59399986 -15.91499996 -13
5004 -12.40400028 -17.31800079 -13
5005 -13.21399975 -18.72100067 -13
5006 -14.02400017 -20.12400055 -13
5007 -14.83399963 -21.52700043 -13
5008 -15.64400005 -22.93000031 -13
5009 -16.45400047 -24.33300018 -13
5010 -17.26399994 -25.73600006 -13
5011 -18.0739994 -27.13899994 -13
5012 -18.88400078 -28.54199982 -13
5013 -19.69400024 -29.94499969 -13
5014 -20.50399971 -31.34799957 -13
5015 -21.31399918 -32.75099945 -13
5016 -22.12400055 -34.15399933 -13
5017 -22.93400002 -35.55699921 -13
5018 -23.74399948 -36.95999908 -13
5019 -5.021999836 -6.614999771 -13
5020 -4.211999893 -5.211999893 -13
5021 -5.831999779 -8.017999649 -13
5022 -6.642000198 -9.420999527 -13
5023 -7.452000141 -10.82400036 -13
5024 -8.262000084 -12.22700024 -13
5025 -9.07199955 -13.63000011 -13
5026 -9.881999969 -15.03299999 -13
5027 -10.69200039 -16.43600082 -13
5028 -11.50199986 -17.8390007 -13
5029 -12.31200027 -19.24200058 -13
5030 -13.12199974 -20.64500046 -13
5031 -13.93200016 -22.04800034 -13
5032 -14.74199963 -23.45100021 -13
5033 -15.55200005 -24.85400009 -13
5034 -16.36199951 -26.25699997 -13
5035 -17.17200089 -27.65999985 -13
5036 -17.98200035 -29.06299973 -13
5037 -18.79199982 -30.4659996 -13
5038 -19.60199928 -31.86899948 -13
5039 -20.41200066 -33.27099991 -13
5040 -21.22200012 -34.67399979 -13
5041 -22.03199959 -36.07699966 -13
5042 -22.84199905 -37.47999954 -13
5043 -4.119999886 -7.136000156 -13
5044 -3.309999943 -5.732999802 -13
5045 -4.929999828 -8.538999557 -13
5046 -5.739999771 -9.942000389 -13
5047 -6.550000191 -11.34500027 -13
5048 -7.360000134 -12.74800014 -13
5049 -8.170000076 -14.15100002 -13
5050 -8.979999542 -15.5539999 -13
5051 -9.789999962 -16.95700073 -13
5052 -10.60000038 -18.36000061 -13
5053 -11.40999985 -19.76300049 -13
5054 -12.22000027 -21.16600037 -13
5055 -13.02999973 -22.56900024 -13
5056 -13.84000015 -23.97200012 -13
5057 -14.64999962 -25.375 -13
5058 -15.46000004 -26.77799988 -13
5059 -16.27000046 -28.18000031 -13
5060 -17.07999992 -29.58300018 -13
5061 -17.88999939 -30.98600006 -13
5062 -18.70000076 -32.38899994 -13
5063 -19.51000023 -33.79199982 -13
5064 -20.31999969 -35.19499969 -13
5065 -21.12999916 -36.59799957 -13
5066 -21.94000053 -38.00099945 -13
5067 -23.65200043 -38.88299942 -13
5068 -20.05699921 -42.53300095 -20
5069 -20.64800072 -40.97499847 -20
5070 -20.71100044 -41.29600143 -20
5071 -18.11800003 -43.88199997 -18.83300018
5072 -17.33699989 -42.52899933 -18.83300018
5073 -18.11800003 -43.88199997 -20
5074 -18.89900017 -45.23500061 -18.83300018
5075 -19.68000031 -46.5870018 -18.83300018
5076 -20.46100044 -47.93999863 -18.83300018
5077 -18.11800003 -43.88199997 -17.66699982
5078 -17.33699989 -42.52899933 -17.66699982
5079 -18.89900017 -45.23500061 -17.66699982
5080 -19.68000031 -46.5870018 -17.66699982
5081 -20.46100044 -47.93999863 -17.66699982
5082 -18.11800003 -43.88199997 -16.5
5083 -17.33699989 -42.52899933 -16.5
5084 -18.89900017 -45.23500061 -16.5
5085 -19.68000031 -46.5870018 -16.5
5086 -20.46100044 -47.93999863 -16.5
5087 -18.11800003 -43.88199997 -15.33300018
5088 -17.33699989 -42.52899933 -15.33300018
5089 -18.89900017 -45.23500061 -15.33300018
5090 -19.68000031 -46.5870018 -15.33300018
5091 -20.46100044 -47.93999863 -15.33300018
5092 -18.11800003 -43.88199997 -14.16699982
5093 -17.33699989 -42.52899933 -14.16699982
5094 -18.89900017 -45.23500061 -14.16699982
5095 -19.68000031 -46.5870018 -14.16699982
5096 -20.46100044 -47.93999863 -14.16699982
5097 -18.11800003 -43.88199997 -13
5098 -17.33699989 -42.52899933 -13
5099 -20.64800072 -40.97499847 -13
5100 -19.78000069 -41.90599823 -13
5101 -18.48999977 -43.90599823 -13
5102 0.3910000026 -9.739999771 -13
5103 1.200999975 -8.336999893 -13
5104 2.102999926 -8.857999802 -13
5105 1.292999983 -10.26099968 -13
5106 -0.4189999998 -11.14299965 -13
5107 0.4830000103 -11.66399956 -13
5108 -1.228999972 -12.54599953 -13
5109 -0.3269999921 -13.06700039 -13
5110 -2.039000034 -13.94900036 -13
5111 -1.136999965 -14.47000027 -13
5112 -2.848999977 -15.35200024 -13
5113 -1.947000027 -15.87300014 -13
5114 -3.65899992 -16.75499916 -13
5115 -2.756999969 -17.27599907 -13
5116 -4.468999863 -18.15800095 -13
5117 -3.566999912 -18.67900085 -13
5118 -5.278999805 -19.56100082 -13
5119 -4.376999855 -20.08200073 -13
5120 -6.089000225 -20.9640007 -13
5121 -5.186999798 -21.48500061 -13
5122 -6.899000168 -22.36700058 -13
5123 -5.997000217 -22.88800049 -13
5124 -7.709000111 -23.77000046 -13
5125 -6.80700016 -24.29100037 -13
5126 -8.519000053 -25.17300034 -13
5127 -7.617000103 -25.69400024 -13
5128 -9.329000473 -26.57600021 -13
5129 -8.427000046 -27.09700012 -13
5130 -10.13899994 -27.97900009 -13
5131 -9.237000465 -28.5 -13
5132 -10.94900036 -29.38199997 -13
5133 -10.04699993 -29.90299988 -13
5134 -11.75899982 -30.78499985 -13
5135 -10.85700035 -31.30500031 -13
5136 -12.56900024 -32.18799973 -13
5137 -11.66699982 -32.70800018 -13
5138 -13.37899971 -33.5909996 -13
5139 -12.47700024 -34.11100006 -13
5140 -14.18900013 -34.99399948 -13
5141 -13.2869997 -35.51399994 -13
5142 -14.9989996 -36.39599991 -13
5143 -14.09700012 -36.91699982 -13
5144 -15.80900002 -37.79899979 -13
5145 -14.90699959 -38.31999969 -13
5146 -16.61899948 -39.20199966 -13
5147 -15.71700001 -39.72299957 -13
5148 -17.42900085 -40.60499954 -13
5149 -16.52700043 -41.12599945 -13
5150 -0.5120000243 -9.218999863 -13
5151 0.2980000079 -7.815999985 -13
5152 -1.322000027 -10.62199974 -13
5153 -2.131999969 -12.02499962 -13
5154 -2.941999912 -13.42800045 -13
5155 -3.752000093 -14.83100033 -13
5156 -4.561999798 -16.23399925 -13
5157 -5.372000217 -17.63699913 -13
5158 -6.18200016 -19.04000092 -13
5159 -6.992000103 -20.44300079 -13
5160 -7.802000046 -21.84600067 -13
5161 -8.612000465 -23.24900055 -13
5162 -9.421999931 -24.65200043 -13
5163 -10.23200035 -26.05500031 -13
5164 -11.04199982 -27.45800018 -13
5165 -11.85200024 -28.86100006 -13
5166 -12.6619997 -30.26399994 -13
5167 -13.47200012 -31.66699982 -13
5168 -14.28199959 -33.06999969 -13
5169 -15.09200001 -34.47299957 -13
5170 -15.90200043 -35.87599945 -13
5171 -16.71199989 -37.27899933 -13
5172 -17.52199936 -38.68199921 -13
5173 -18.33200073 -40.08499908 -13
5174 -1.414000034 -8.699000359 -13
5175 -0.6039999723 -7.296000004 -13
5176 -2.223999977 -10.10200024 -13
5177 -3.03399992 -11.50399971 -13
5178 -3.844000101 -12.90699959 -13
5179 -4.653999805 -14.31000042 -13
5180 -5.464000225 -15.7130003 -13
5181 -6.274000168 -17.11599922 -13
5182 -7.084000111 -18.5189991 -13
5183 -7.894000053 -19.92200089 -13
5184 -8.704000473 -21.32500076 -13
5185 -9.513999939 -22.72800064 -13
5186 -10.32400036 -24.13100052 -13
5187 -11.13399982 -25.5340004 -13
5188 -11.94400024 -26.93700027 -13
5189 -12.75399971 -28.34000015 -13
5190 -13.56400013 -29.74300003 -13
5191 -14.3739996 -31.14599991 -13
5192 -15.18400002 -32.54899979 -13
5193 -15.99400043 -33.95199966 -13
5194 -16.80400085 -35.35499954 -13
5195 -17.61400032 -36.75799942 -13
5196 -18.42399979 -38.1609993 -13
5197 -19.23399925 -39.56399918 -13
5198 -2.315999985 -8.17800045 -13
5199 -1.506000042 -6.775000095 -13
5200 -3.125999928 -9.581000328 -13
5201 -3.936000109 -10.98400021 -13
5202 -4.745999813 -12.38700008 -13
5203 -5.556000233 -13.78999996 -13
5204 -6.366000175 -15.19299984 -13
5205 -7.176000118 -16.59499931 -13
5206 -7.986000061 -17.99799919 -13
5207 -8.795999527 -19.40099907 -13
5208 -9.605999947 -20.80400085 -13
5209 -10.41600037 -22.20700073 -13
5210 -11.22599983 -23.61000061 -13
5211 -12.03600025 -25.01300049 -13
5212 -12.84599972 -26.41600037 -13
5213 -13.65600014 -27.81900024 -13
5214 -14.4659996 -29.22200012 -13
5215 -15.27600002 -30.625 -13
5216 -16.08600044 -32.02799988 -13
5217 -16.89599991 -33.43099976 -13
5218 -17.70599937 -34.83399963 -13
5219 -18.51600075 -36.23699951 -13
5220 -19.32600021 -37.63999939 -13
5221 -20.13599968 -39.04299927 -13
5222 -3.217999935 -7.657000065 -13
5223 -2.407999992 -6.254000187 -13
5224 -4.027999878 -9.06000042 -13
5225 -4.837999821 -10.4630003 -13
5226 -5.647999763 -11.86600018 -13
5227 -6.458000183 -13.26900005 -13
5228 -7.268000126 -14.67199993 -13
5229 -8.078000069 -16.07500076 -13
5230 -8.887999535 -17.47800064 -13
5231 -9.697999954 -18.88100052 -13
5232 -10.50800037 -20.2840004 -13
5233 -11.31799984 -21.68600082 -13
5234 -12.12800026 -23.0890007 -13
5235 -12.93799973 -24.49200058 -13
5236 -13.74800014 -25.89500046 -13
5237 -14.55799961 -27.29800034 -13
5238 -15.36800003 -28.70100021 -13
5239 -16.1779995 -30.10400009 -13
5240 -16.98800087 -31.50699997 -13
5241 -17.79800034 -32.90999985 -13
5242 -18.6079998 -34.31299973 -13
5243 -19.41799927 -35.7159996 -13
5244 -20.22800064 -37.11899948 -13
5245 -21.03800011 -38.52199936 -13
5246 2.102999926 -8.857999802 -18.83300018
5247 2.913000107 -7.454999924 -18.83300018
5248 2.913000107 -7.454999924 -20
5249 2.102999926 -8.857999802 -20
5250 1.292999983 -10.26099968 -18.83300018
5251 1.292999983 -10.26099968 -20
5252 0.4830000103 -11.66399956 -18.83300018
5253 0.4830000103 -11.66399956 -20
5254 -0.3269999921 -13.06700039 -18.83300018
5255 -0.3269999921 -13.06700039 -20
5256 -1.136999965 -14.47000027 -18.83300018
5257 -1.136999965 -14.47000027 -20
5258 -1.947000027 -15.87300014 -18.83300018
5259 -1.947000027 -15.87300014 -20
5260 -4.376999855 -20.08200073 -18.83300018
5261 -4.376999855 -20.08200073 -20
5262 -5.186999798 -21.48500061 -18.83300018
5263 -5.186999798 -21.48500061 -20
5264 -5.997000217 -22.88800049 -18.83300018
5265 -5.997000217 -22.88800049 -20
5266 -6.80700016 -24.29100037 -18.83300018
5267 -6.80700016 -24.29100037 -20
5268 -7.617000103 -25.69400024 -18.83300018
5269 -7.617000103 -25.69400024 -20
5270 -8.427000046 -27.09700012 -18.83300018
5271 -8.427000046 -27.09700012 -20
5272 -9.237000465 -28.5 -18.83300018
5273 -9.237000465 -28.5 -20
5274 -10.04699993 -29.90299988 -18.83300018
5275 -10.04699993 -29.90299988 -20
5276 -10.85700035 -31.30500031 -18.83300018
5277 -10.85700035 -31.30500031 -20
5278 -11.66699982 -32.70800018 -18.83300018
5279 -11.66699982 -32.70800018 -20
5280 -12.47700024 -34.11100006 -18.83300018
5281 -12.47700024 -34.11100006 -20
5282 -13.2869997 -35.51399994 -18.83300018
5283 -13.2869997 -35.51399994 -20
5284 -14.09700012 -36.91699982 -18.83300018
5285 -14.09700012 -36.91699982 -20
5286 -14.90699959 -38.31999969 -18.83300018
5287 -14.90699959 -38.31999969 -20
5288 -15.71700001 -39.72299957 -18.83300018
5289 -15.71700001 -39.72299957 -20
5290 -16.52700043 -41.12599945 -18.83300018
5291 -16.52700043 -41.12599945 -20
5292 2.102999926 -8.857999802 -17.66699982
5293 2.913000107 -7.454999924 -17.66699982
5294 1.292999983 -10.26099968 -17.66699982
5295 0.4830000103 -11.66399956 -17.66699982
5296 -0.3269999921 -13.06700039 -17.66699982
5297 -1.136999965 -14.47000027 -17.66699982
5298 -1.947000027 -15.87300014 -17.66699982
5299 -2.756999969 -17.27599907 -17.66699982
5300 -3.566999912 -18.67900085 -17.66699982
5301 -4.376999855 -20.08200073 -17.66699982
5302 -5.186999798 -21.48500061 -17.66699982
5303 -5.997000217 -22.88800049 -17.66699982
5304 -6.80700016 -24.29100037 -17.66699982
5305 -7.617000103 -25.69400024 -17.66699982
5306 -8.427000046 -27.09700012 -17.66699982
5307 -9.237000465 -28.5 -17.66699982
5308 -10.04699993 -29.90299988 -17.66699982
5309 -10.85700035 -31.30500031 -17.66699982
5310 -11.66699982 -32.70800018 -17.66699982
5311 -12.47700024 -34.11100006 -17.66699982
5312 -13.2869997 -35.51399994 -17.66699982
5313 -14.09700012 -36.91699982 -17.66699982
5314 -14.90699959 -38.31999969 -17.66699982
5315 -15.71700001 -39.72299957 -17.66699982
5316 -16.52700043 -41.12599945 -17.66699982
5317 2.102999926 -8.857999802 -16.5
5318 2.913000107 -7.454999924 -16.5
5319 1.292999983 -10.26099968 -16.5
5320 0.4830000103 -11.66399956 -16.5
5321 -0.3269999921 -13.06700039 -16.5
5322 -1.136999965 -14.47000027 -16.5
5323 -1.947000027 -15.87300014 -16.5
5324 -2.756999969 -17.27599907 -16.5
5325 -3.566999912 -18.67900085 -16.5
5326 -4.376999855 -20.08200073 -16.5
5327 -5.186999798 -21.48500061 -16.5
5328 -5.997000217 -22.88800049 -16.5
5329 -6.80700016 -24.29100037 -16.5
5330 -7.617000103 -25.69400024 -16.5
5331 -8.427000046 -27.09700012 -16.5
5332 -9.237000465 -28.5 -16.5
5333 -10.04699993 -29.90299988 -16.5
5334 -10.85700035 -31.30500031 -16.5
5335 -11.66699982 -32.70800018 -16.5
5336 -12.47700024 -34.11100006 -16.5
5337 -13.2869997 -35.51399994 -16.5
5338 -14.09700012 -36.91699982 -16.5
5339 -14.90699959 -38.31999969 -16.5
5340 -15.71700001 -39.72299957 -16.5
5341 -16.52700043 -41.12599945 -16.5
5342 2.102999926 -8.857999802 -15.33300018
5343 2.913000107 -7.454999924 -15.33300018
5344 1.292999983 -10.26099968 -15.33300018
5345 0.4830000103 -11.66399956 -15.33300018
5346 -0.3269999921 -13.06700039 -15.33300018
5347 -1.136999965 -14.47000027 -15.33300018
5348 -1.947000027 -15.87300014 -15.33300018
5349 -2.756999969 -17.27599907 -15.33300018
5350 -3.566999912 -18.67900085 -15.33300018
5351 -4.376999855 -20.08200073 -15.33300018
5352 -5.186999798 -21.48500061 -15.33300018
5353 -5.997000217 -22.88800049 -15.33300018
5354 -6.80700016 -24.29100037 -15.33300018
5355 -7.617000103 -25.69400024 -15.33300018
5356 -8.427000046 -27.09700012 -15.33300018
5357 -9.237000465 -28.5 -15.33300018
5358 -10.04699993 -29.90299988 -15.33300018
5359 -10.85700035 -31.30500031 -15.33300018
5360 -11.66699982 -32.70800018 -15.33300018
5361 -12.47700024 -34.11100006 -15.33300018
5362 -13.2869997 -35.51399994 -15.33300018
5363 -14.09700012 -36.91699982 -15.33300018
5364 -14.90699959 -38.31999969 -15.33300018
5365 -15.71700001 -39.72299957 -15.33300018
5366 -16.52700043 -41.12599945 -15.33300018
5367 2.102999926 -8.857999802 -14.16699982
5368 2.913000107 -7.454999924 -14.16699982
5369 1.292999983 -10.26099968 -14.16699982
5370 0.4830000103 -11.66399956 -14.16699982
5371 -0.3269999921 -13.06700039 -14.16699982
5372 -1.136999965 -14.47000027 -14.16699982
5373 -1.947000027 -15.87300014 -14.16699982
5374 -2.756999969 -17.27599907 -14.16699982
5375 -3.566999912 -18.67900085 -14.16699982
5376 -4.376999855 -20.08200073 -14.16699982
5377 -5.186999798 -21.48500061 -14.16699982
5378 -5.997000217 -22.88800049 -14.16699982
5379 -6.80700016 -24.29100037 -14.16699982
5380 -7.617000103 -25.69400024 -14.16699982
5381 -8.427000046 -27.09700012 -14.16699982
5382 -9.237000465 -28.5 -14.16699982
5383 -10.04699993 -29.90299988 -14.16699982
5384 -10.85700035 -31.30500031 -14.16699982
5385 -11.66699982 -32.70800018 -14.16699982
5386 -12.47700024 -34.11100006 -14.16699982
5387 -13.2869997 -35.51399994 -14.16699982
5388 -14.09700012 -36.91699982 -14.16699982
5389 -14.90699959 -38.31999969 -14.16699982
5390 -15.71700001 -39.72299957 -14.16699982
5391 -16.52700043 -41.12599945 -14.16699982
5392 2.913000107 -7.454999924 -13
5393 0.3910000026 -9.739999771 -20
5394 1.200999975 -8.336999893 -20
5395 -0.4189999998 -11.14299965 -20
5396 -1.228999972 -12.54599953 -20
5397 -2.039000034 -13.94900036 -20
5398 -2.848999977 -15.35200024 -20
5399 -3.65899992 -16.75499916 -20
5400 -4.468999863 -18.15800095 -20
5401 -5.278999805 -19.56100082 -20
5402 -6.089000225 -20.9640007 -20
5403 -6.899000168 -22.36700058 -20
5404 -7.709000111 -23.77000046 -20
5405 -8.519000053 -25.17300034 -20
5406 -9.329000473 -26.57600021 -20
5407 -10.13899994 -27.97900009 -20
5408 -10.94900036 -29.38199997 -20
5409 -11.75899982 -30.78499985 -20
5410 -12.56900024 -32.18799973 -20
5411 -13.37899971 -33.5909996 -20
5412 -14.18900013 -34.99399948 -20
5413 -14.9989996 -36.39599991 -20
5414 -15.80900002 -37.79899979 -20
5415 -16.61899948 -39.20199966 -20
5416 -17.42900085 -40.60499954 -20
5417 -0.5120000243 -9.218999863 -20
5418 0.2980000079 -7.815999985 -20
5419 -1.322000027 -10.62199974 -20
5420 -2.131999969 -12.02499962 -20
5421 -2.941999912 -13.42800045 -20
5422 -3.752000093 -14.83100033 -20
5423 -4.561999798 -16.23399925 -20
5424 -5.372000217 -17.63699913 -20
5425 -6.18200016 -19.04000092 -20
5426 -6.992000103 -20.44300079 -20
5427 -7.802000046 -21.84600067 -20
5428 -8.612000465 -23.24900055 -20
5429 -9.421999931 -24.65200043 -20
5430 -10.23200035 -26.05500031 -20
5431 -11.04199982 -27.45800018 -20
5432 -11.85200024 -28.86100006 -20
5433 -12.6619997 -30.26399994 -20
5434 -13.47200012 -31.66699982 -20
5435 -14.28199959 -33.06999969 -20
5436 -15.09200001 -34.47299957 -20
5437 -15.90200043 -35.87599945 -20
5438 -16.71199989 -37.27899933 -20
5439 -17.52199936 -38.68199921 -20
5440 -1.414000034 -8.699000359 -20
5441 -0.6039999723 -7.296000004 -20
5442 -2.223999977 -10.10200024 -20
5443 -3.03399992 -11.50399971 -20
5444 -3.844000101 -12.90699959 -20
5445 -4.653999805 -14.31000042 -20
5446 -5.464000225 -15.7130003 -20
5447 -6.274000168 -17.11599922 -20
5448 -7.084000111 -18.5189991 -20
5449 -7.894000053 -19.92200089 -20
5450 -8.704000473 -21.32500076 -20
5451 -9.513999939 -22.72800064 -20
5452 -10.32400036 -24.13100052 -20
5453 -11.13399982 -25.5340004 -20
5454 -11.94400024 -26.93700027 -20
5455 -12.75399971 -28.34000015 -20
5456 -13.56400013 -29.74300003 -20
5457 -14.3739996 -31.14599991 -20
5458 -15.18400002 -32.54899979 -20
5459 -15.99400043 -33.95199966 -20
5460 -16.80400085 -35.35499954 -20
5461 -17.61400032 -36.75799942 -20
5462 -18.42399979 -38.1609993 -20
5463 -2.315999985 -8.17800045 -20
5464 -1.506000042 -6.775000095 -20
5465 -3.125999928 -9.581000328 -20
5466 -3.936000109 -10.98400021 -20
5467 -4.745999813 -12.38700008 -20
5468 -5.556000233 -13.78999996 -20
5469 -6.366000175 -15.19299984 -20
5470 -7.176000118 -16.59499931 -20
5471 -7.986000061 -17.99799919 -20
5472 -8.795999527 -19.40099907 -20
5473 -9.605999947 -20.80400085 -20
5474 -10.41600037 -22.20700073 -20
5475 -11.22599983 -23.61000061 -20
5476 -12.03600025 -25.01300049 -20
5477 -12.84599972 -26.41600037 -20
5478 -13.65600014 -27.81900024 -20
5479 -14.4659996 -29.22200012 -20
5480 -15.27600002 -30.625 -20
5481 -16.08600044 -32.02799988 -20
5482 -16.89599991 -33.43099976 -20
5483 -17.70599937 -34.83399963 -20
5484 -18.51600075 -36.23699951 -20
5485 -19.32600021 -37.63999939 -20
5486 -20.13599968 -39.04299927 -20
5487 -3.217999935 -7.657000065 -20
5488 -2.407999992 -6.254000187 -20
5489 -4.027999878 -9.06000042 -20
5490 -4.837999821 -10.4630003 -20
5491 -5.647999763 -11.86600018 -20
5492 -6.458000183 -13.26900005 -20
5493 -7.268000126 -14.67199993 -20
5494 -8.078000069 -16.07500076 -20
5495 -8.887999535 -17.47800064 -20
5496 -9.697999954 -18.88100052 -20
5497 -10.50800037 -20.2840004 -20
5498 -11.31799984 -21.68600082 -20
5499 -12.12800026 -23.0890007 -20
5500 -12.93799973 -24.49200058 -20
5501 -13.74800014 -25.89500046 -20
5502 -14.55799961 -27.29800034 -20
5503 -15.36800003 -28.70100021 -20
5504 -16.1779995 -30.10400009 -20
5505 -16.98800087 -31.50699997 -20
5506 -17.79800034 -32.90999985 -20
5507 -18.6079998 -34.31299973 -20
5508 -19.41799927 -35.7159996 -20
5509 -20.22800064 -37.11899948 -20
5510 -21.03800011 -38.52199936 -20
5511 3.260999918 -6.853000164 -18.83300018
5512 3.60800004 -6.25 -18.83300018
5513 3.60800004 -6.25 -20
5514 3.260999918 -6.853000164 -20
5515 3.260999918 -6.853000164 -17.66699982
5516 3.60800004 -6.25 -17.66699982
5517 3.260999918 -6.853000164 -16.5
5518 3.60800004 -6.25 -16.5
5519 3.260999918 -6.853000164 -15.33300018
5520 3.60800004 -6.25 -15.33300018
5521 3.260999918 -6.853000164 -14.16699982
5522 3.60800004 -6.25 -14.16699982
5523 6.619999886 -5.208000183 -20
5524 5 -5.208000183 -20
5525 5 -6.25 -20
5526 6.619999886 -6.25 -20
5527 8.239999771 -5.208000183 -20
5528 8.239999771 -6.25 -20
5529 9.859999657 -5.208000183 -20
5530 9.859999657 -6.25 -20
5531 11.47999954 -5.208000183 -20
5532 11.47999954 -6.25 -20
5533 13.10000038 -5.208000183 -20
5534 13.10000038 -6.25 -20
5535 14.72000027 -5.208000183 -20
5536 14.72000027 -6.25 -20
5537 16.34000015 -5.208000183 -20
5538 16.34000015 -6.25 -20
5539 17.95999908 -5.208000183 -20
5540 17.95999908 -6.25 -20
5541 19.57999992 -5.208000183 -20
5542 19.57999992 -6.25 -20
5543 21.20000076 -5.208000183 -20
5544 21.20000076 -6.25 -20
5545 22.81999969 -5.208000183 -20
5546 22.81999969 -6.25 -20
5547 24.44000053 -5.208000183 -20
5548 24.44000053 -6.25 -20
5549 26.05999947 -5.208000183 -20
5550 26.05999947 -6.25 -20
5551 27.68000031 -5.208000183 -20
5552 27.68000031 -6.25 -20
5553 29.29999924 -5.208000183 -20
5554 29.29999924 -6.25 -20
5555 30.92000008 -5.208000183 -20
5556 30.92000008 -6.25 -20
5557 32.54000092 -5.208000183 -20
5558 32.54000092 -6.25 -20
5559 34.15999985 -5.208000183 -20
5560 34.15999985 -6.25 -20
5561 35.77999878 -5.208000183 -20
5562 35.77999878 -6.25 -20
5563 37.40000153 -5.208000183 -20
5564 37.40000153 -6.25 -20
5565 39.02000046 -5.208000183 -20
5566 39.02000046 -6.25 -20
5567 40.63999939 -5.208000183 -20
5568 40.63999939 -6.25 -20
5569 42.25999832 -5.208000183 -20
5570 42.25999832 -6.25 -20
5571 43.88000107 -5.208000183 -20
5572 43.88000107 -6.25 -20
5573 45.5 -5.208000183 -20
5574 6.619999886 -4.166999817 -20
5575 5 -4.166999817 -20
5576 8.239999771 -4.166999817 -20
5577 9.859999657 -4.166999817 -20
5578 11.47999954 -4.166999817 -20
5579 13.10000038 -4.166999817 -20
5580 14.72000027 -4.166999817 -20
5581 16.34000015 -4.166999817 -20
5582 17.95999908 -4.166999817 -20
5583 19.57999992 -4.166999817 -20
5584 21.20000076 -4.166999817 -20
5585 22.81999969 -4.166999817 -20
5586 24.44000053 -4.166999817 -20
5587 26.05999947 -4.166999817 -20
5588 27.68000031 -4.166999817 -20
5589 29.29999924 -4.166999817 -20
5590 30.92000008 -4.166999817 -20
5591 32.54000092 -4.166999817 -20
5592 34.15999985 -4.166999817 -20
5593 35.77999878 -4.166999817 -20
5594 37.40000153 -4.166999817 -20
5595 39.02000046 -4.166999817 -20
5596 40.63999939 -4.166999817 -20
5597 42.25999832 -4.166999817 -20
5598 43.88000107 -4.166999817 -20
5599 45.5 -4.166999817 -20
5600 6.619999886 -3.125 -20
5601 5 -3.125 -20
5602 8.239999771 -3.125 -20
5603 9.859999657 -3.125 -20
5604 11.47999954 -3.125 -20
5605 13.10000038 -3.125 -20
5606 14.72000027 -3.125 -20
5607 16.34000015 -3.125 -20
5608 17.95999908 -3.125 -20
5609 19.57999992 -3.125 -20
5610 21.20000076 -3.125 -20
5611 22.81999969 -3.125 -20
5612 24.44000053 -3.125 -20
5613 26.05999947 -3.125 -20
5614 27.68000031 -3.125 -20
5615 29.29999924 -3.125 -20
5616 30.92000008 -3.125 -20
5617 32.54000092 -3.125 -20
5618 34.15999985 -3.125 -20
5619 35.77999878 -3.125 -20
5620 37.40000153 -3.125 -20
5621 39.02000046 -3.125 -20
5622 40.63999939 -3.125 -20
5623 42.25999832 -3.125 -20
5624 43.88000107 -3.125 -20
5625 45.5 -3.125 -20
5626 6.619999886 -2.082999945 -20
5627 5 -2.082999945 -20
5628 8.239999771 -2.082999945 -20
5629 9.859999657 -2.082999945 -20
5630 11.47999954 -2.082999945 -20
5631 13.10000038 -2.082999945 -20
5632 14.72000027 -2.082999945 -20
5633 16.34000015 -2.082999945 -20
5634 17.95999908 -2.082999945 -20
5635 19.57999992 -2.082999945 -20
5636 21.20000076 -2.082999945 -20
5637 22.81999969 -2.082999945 -20
5638 24.44000053 -2.082999945 -20
5639 26.05999947 -2.082999945 -20
5640 27.68000031 -2.082999945 -20
5641 29.29999924 -2.082999945 -20
5642 30.92000008 -2.082999945 -20
5643 32.54000092 -2.082999945 -20
5644 34.15999985 -2.082999945 -20
5645 35.77999878 -2.082999945 -20
5646 37.40000153 -2.082999945 -20
5647 39.02000046 -2.082999945 -20
5648 40.63999939 -2.082999945 -20
5649 42.25999832 -2.082999945 -20
5650 43.88000107 -2.082999945 -20
5651 45.5 -2.082999945 -20
5652 6.619999886 -1.042000055 -20
5653 5 -1.042000055 -20
5654 8.239999771 -1.042000055 -20
5655 9.859999657 -1.042000055 -20
5656 11.47999954 -1.042000055 -20
5657 13.10000038 -1.042000055 -20
5658 14.72000027 -1.042000055 -20
5659 16.34000015 -1.042000055 -20
5660 17.95999908 -1.042000055 -20
5661 19.57999992 -1.042000055 -20
5662 21.20000076 -1.042000055 -20
5663 22.81999969 -1.042000055 -20
5664 24.44000053 -1.042000055 -20
5665 26.05999947 -1.042000055 -20
5666 27.68000031 -1.042000055 -20
5667 29.29999924 -1.042000055 -20
5668 30.92000008 -1.042000055 -20
5669 32.54000092 -1.042000055 -20
5670 34.15999985 -1.042000055 -20
5671 35.77999878 -1.042000055 -20
5672 37.40000153 -1.042000055 -20
5673 39.02000046 -1.042000055 -20
5674 40.63999939 -1.042000055 -20
5675 42.25999832 -1.042000055 -20
5676 43.88000107 -1.042000055 -20
5677 45.5 -1.042000055 -20
5678 4.303999901 -6.25 -18.83300018
5679 4.303999901 -6.25 -20
5680 5 -6.25 -18.83300018
5681 4.303999901 -6.25 -17.66699982
5682 5 -6.25 -17.66699982
5683 4.303999901 -6.25 -16.5
5684 5 -6.25 -16.5
5685 4.303999901 -6.25 -15.33300018
5686 5 -6.25 -15.33300018
5687 4.303999901 -6.25 -14.16699982
5688 5 -6.25 -14.16699982
5689 4.303999901 -6.25 -13
5690 3.60800004 -6.25 -13
5691 5 -6.25 -13
5692 47.06200027 -6.25 -18.83300018
5693 47.06200027 -6.25 -20
5694 45.5 -6.25 -18.83300018
5695 48.62400055 -6.25 -18.83300018
5696 50.18600082 -6.25 -18.83300018
5697 51.7480011 -6.25 -18.83300018
5698 47.06200027 -6.25 -17.66699982
5699 45.5 -6.25 -17.66699982
5700 48.62400055 -6.25 -17.66699982
5701 50.18600082 -6.25 -17.66699982
5702 51.7480011 -6.25 -17.66699982
5703 47.06200027 -6.25 -16.5
5704 45.5 -6.25 -16.5
5705 48.62400055 -6.25 -16.5
5706 50.18600082 -6.25 -16.5
5707 51.7480011 -6.25 -16.5
5708 47.06200027 -6.25 -15.33300018
5709 45.5 -6.25 -15.33300018
5710 48.62400055 -6.25 -15.33300018
5711 50.18600082 -6.25 -15.33300018
5712 51.7480011 -6.25 -15.33300018
5713 47.06200027 -6.25 -14.16699982
5714 45.5 -6.25 -14.16699982
5715 48.62400055 -6.25 -14.16699982
5716 50.18600082 -6.25 -14.16699982
5717 51.7480011 -6.25 -14.16699982
5718 47.06200027 -6.25 -13
5719 6.619999886 -6.25 -18.83300018
5720 8.239999771 -6.25 -18.83300018
5721 9.859999657 -6.25 -18.83300018
5722 11.47999954 -6.25 -18.83300018
5723 13.10000038 -6.25 -18.83300018
5724 14.72000027 -6.25 -18.83300018
5725 16.34000015 -6.25 -18.83300018
5726 17.95999908 -6.25 -18.83300018
5727 19.57999992 -6.25 -18.83300018
5728 21.20000076 -6.25 -18.83300018
5729 22.81999969 -6.25 -18.83300018
5730 24.44000053 -6.25 -18.83300018
5731 26.05999947 -6.25 -18.83300018
5732 27.68000031 -6.25 -18.83300018
5733 29.29999924 -6.25 -18.83300018
5734 30.92000008 -6.25 -18.83300018
5735 32.54000092 -6.25 -18.83300018
5736 34.15999985 -6.25 -18.83300018
5737 35.77999878 -6.25 -18.83300018
5738 37.40000153 -6.25 -18.83300018
5739 39.02000046 -6.25 -18.83300018
5740 40.63999939 -6.25 -18.83300018
5741 42.25999832 -6.25 -18.83300018
5742 43.88000107 -6.25 -18.83300018
5743 6.619999886 -6.25 -17.66699982
5744 8.239999771 -6.25 -17.66699982
5745 9.859999657 -6.25 -17.66699982
5746 11.47999954 -6.25 -17.66699982
5747 13.10000038 -6.25 -17.66699982
5748 14.72000027 -6.25 -17.66699982
5749 16.34000015 -6.25 -17.66699982
5750 17.95999908 -6.25 -17.66699982
5751 19.57999992 -6.25 -17.66699982
5752 21.20000076 -6.25 -17.66699982
5753 22.81999969 -6.25 -17.66699982
5754 24.44000053 -6.25 -17.66699982
5755 26.05999947 -6.25 -17.66699982
5756 27.68000031 -6.25 -17.66699982
5757 29.29999924 -6.25 -17.66699982
5758 30.92000008 -6.25 -17.66699982
5759 32.54000092 -6.25 -17.66699982
5760 34.15999985 -6.25 -17.66699982
5761 35.77999878 -6.25 -17.66699982
5762 37.40000153 -6.25 -17.66699982
5763 39.02000046 -6.25 -17.66699982
5764 40.63999939 -6.25 -17.66699982
5765 42.25999832 -6.25 -17.66699982
5766 43.88000107 -6.25 -17.66699982
5767 6.619999886 -6.25 -16.5
5768 8.239999771 -6.25 -16.5
5769 9.859999657 -6.25 -16.5
5770 11.47999954 -6.25 -16.5
5771 13.10000038 -6.25 -16.5
5772 14.72000027 -6.25 -16.5
5773 16.34000015 -6.25 -16.5
5774 17.95999908 -6.25 -16.5
5775 19.57999992 -6.25 -16.5
5776 21.20000076 -6.25 -16.5
5777 22.81999969 -6.25 -16.5
5778 24.44000053 -6.25 -16.5
5779 26.05999947 -6.25 -16.5
5780 27.68000031 -6.25 -16.5
5781 29.29999924 -6.25 -16.5
5782 30.92000008 -6.25 -16.5
5783 32.54000092 -6.25 -16.5
5784 34.15999985 -6.25 -16.5
5785 35.77999878 -6.25 -16.5
5786 37.40000153 -6.25 -16.5
5787 39.02000046 -6.25 -16.5
5788 40.63999939 -6.25 -16.5
5789 42.25999832 -6.25 -16.5
5790 43.88000107 -6.25 -16.5
5791 6.619999886 -6.25 -15.33300018
5792 8.239999771 -6.25 -15.33300018
5793 9.859999657 -6.25 -15.33300018
5794 11.47999954 -6.25 -15.33300018
5795 13.10000038 -6.25 -15.33300018
5796 14.72000027 -6.25 -15.33300018
5797 16.34000015 -6.25 -15.33300018
5798 17.95999908 -6.25 -15.33300018
5799 19.57999992 -6.25 -15.33300018
5800 21.20000076 -6.25 -15.33300018
5801 22.81999969 -6.25 -15.33300018
5802 24.44000053 -6.25 -15.33300018
5803 26.05999947 -6.25 -15.33300018
5804 27.68000031 -6.25 -15.33300018
5805 29.29999924 -6.25 -15.33300018
5806 30.92000008 -6.25 -15.33300018
5807 32.54000092 -6.25 -15.33300018
5808 34.15999985 -6.25 -15.33300018
5809 35.77999878 -6.25 -15.33300018
5810 37.40000153 -6.25 -15.33300018
5811 39.02000046 -6.25 -15.33300018
5812 40.63999939 -6.25 -15.33300018
5813 42.25999832 -6.25 -15.33300018
5814 43.88000107 -6.25 -15.33300018
5815 6.619999886 -6.25 -14.16699982
5816 8.239999771 -6.25 -14.16699982
5817 9.859999657 -6.25 -14.16699982
5818 11.47999954 -6.25 -14.16699982
5819 13.10000038 -6.25 -14.16699982
5820 14.72000027 -6.25 -14.16699982
5821 16.34000015 -6.25 -14.16699982
5822 17.95999908 -6.25 -14.16699982
5823 19.57999992 -6.25 -14.16699982
5824 21.20000076 -6.25 -14.16699982
5825 22.81999969 -6.25 -14.16699982
5826 24.44000053 -6.25 -14.16699982
5827 26.05999947 -6.25 -14.16699982
5828 27.68000031 -6.25 -14.16699982
5829 29.29999924 -6.25 -14.16699982
5830 30.92000008 -6.25 -14.16699982
5831 32.54000092 -6.25 -14.16699982
5832 34.15999985 -6.25 -14.16699982
5833 35.77999878 -6.25 -14.16699982
5834 37.40000153 -6.25 -14.16699982
5835 39.02000046 -6.25 -14.16699982
5836 40.63999939 -6.25 -14.16699982
5837 42.25999832 -6.25 -14.16699982
5838 43.88000107 -6.25 -14.16699982
5839 6.619999886 -6.25 -13
5840 8.239999771 -6.25 -13
5841 9.859999657 -6.25 -13
5842 11.47999954 -6.25 -13
5843 13.10000038 -6.25 -13
5844 14.72000027 -6.25 -13
5845 16.34000015 -6.25 -13
5846 17.95999908 -6.25 -13
5847 19.57999992 -6.25 -13
5848 21.20000076 -6.25 -13
5849 22.81999969 -6.25 -13
5850 24.44000053 -6.25 -13
5851 26.05999947 -6.25 -13
5852 27.68000031 -6.25 -13
5853 29.29999924 -6.25 -13
5854 30.92000008 -6.25 -13
5855 32.54000092 -6.25 -13
5856 34.15999985 -6.25 -13
5857 35.77999878 -6.25 -13
5858 37.40000153 -6.25 -13
5859 39.02000046 -6.25 -13
5860 40.63999939 -6.25 -13
5861 42.25999832 -6.25 -13
5862 43.88000107 -6.25 -13
5863 6.619999886 -5.208000183 -13
5864 5 -5.208000183 -13
5865 8.239999771 -5.208000183 -13
5866 9.859999657 -5.208000183 -13
5867 11.47999954 -5.208000183 -13
5868 13.10000038 -5.208000183 -13
5869 14.72000027 -5.208000183 -13
5870 16.34000015 -5.208000183 -13
5871 17.95999908 -5.208000183 -13
5872 19.57999992 -5.208000183 -13
5873 21.20000076 -5.208000183 -13
5874 22.81999969 -5.208000183 -13
5875 24.44000053 -5.208000183 -13
5876 26.05999947 -5.208000183 -13
5877 27.68000031 -5.208000183 -13
5878 29.29999924 -5.208000183 -13
5879 30.92000008 -5.208000183 -13
5880 32.54000092 -5.208000183 -13
5881 34.15999985 -5.208000183 -13
5882 35.77999878 -5.208000183 -13
5883 37.40000153 -5.208000183 -13
5884 39.02000046 -5.208000183 -13
5885 40.63999939 -5.208000183 -13
5886 42.25999832 -5.208000183 -13
5887 43.88000107 -5.208000183 -13
5888 45.5 -5.208000183 -13
5889 6.619999886 -4.166999817 -13
5890 5 -4.166999817 -13
5891 8.239999771 -4.166999817 -13
5892 9.859999657 -4.166999817 -13
5893 11.47999954 -4.166999817 -13
5894 13.10000038 -4.166999817 -13
5895 14.72000027 -4.166999817 -13
5896 16.34000015 -4.166999817 -13
5897 17.95999908 -4.166999817 -13
5898 19.57999992 -4.166999817 -13
5899 21.20000076 -4.166999817 -13
5900 22.81999969 -4.166999817 -13
5901 24.44000053 -4.166999817 -13
5902 26.05999947 -4.166999817 -13
5903 27.68000031 -4.166999817 -13
5904 29.29999924 -4.166999817 -13
5905 30.92000008 -4.166999817 -13
5906 32.54000092 -4.166999817 -13
5907 34.15999985 -4.166999817 -13
5908 35.77999878 -4.166999817 -13
5909 37.40000153 -4.166999817 -13
5910 39.02000046 -4.166999817 -13
5911 40.63999939 -4.166999817 -13
5912 42.25999832 -4.166999817 -13
5913 43.88000107 -4.166999817 -13
5914 45.5 -4.166999817 -13
5915 6.619999886 -3.125 -13
5916 5 -3.125 -13
5917 8.239999771 -3.125 -13
5918 9.859999657 -3.125 -13
5919 11.47999954 -3.125 -13
5920 13.10000038 -3.125 -13
5921 14.72000027 -3.125 -13
5922 16.34000015 -3.125 -13
5923 17.95999908 -3.125 -13
5924 19.57999992 -3.125 -13
5925 21.20000076 -3.125 -13
5926 22.81999969 -3.125 -13
5927 24.44000053 -3.125 -13
5928 26.05999947 -3.125 -13
5929 27.68000031 -3.125 -13
5930 29.29999924 -3.125 -13
5931 30.92000008 -3.125 -13
5932 32.54000092 -3.125 -13
5933 34.15999985 -3.125 -13
5934 35.77999878 -3.125 -13
5935 37.40000153 -3.125 -13
5936 39.02000046 -3.125 -13
5937 40.63999939 -3.125 -13
5938 42.25999832 -3.125 -13
5939 43.88000107 -3.125 -13
5940 45.5 -3.125 -13
5941 6.619999886 -2.082999945 -13
5942 5 -2.082999945 -13
5943 8.239999771 -2.082999945 -13
5944 9.859999657 -2.082999945 -13
5945 11.47999954 -2.082999945 -13
5946 13.10000038 -2.082999945 -13
5947 14.72000027 -2.082999945 -13
5948 16.34000015 -2.082999945 -13
5949 17.95999908 -2.082999945 -13
5950 19.57999992 -2.082999945 -13
5951 21.20000076 -2.082999945 -13
5952 22.81999969 -2.082999945 -13
5953 24.44000053 -2.082999945 -13
5954 26.05999947 -2.082999945 -13
5955 27.68000031 -2.082999945 -13
5956 29.29999924 -2.082999945 -13
5957 30.92000008 -2.082999945 -13
5958 32.54000092 -2.082999945 -13
5959 34.15999985 -2.082999945 -13
5960 35.77999878 -2.082999945 -13
5961 37.40000153 -2.082999945 -13
5962 39.02000046 -2.082999945 -13
5963 40.63999939 -2.082999945 -13
5964 42.25999832 -2.082999945 -13
5965 43.88000107 -2.082999945 -13
5966 45.5 -2.082999945 -13
5967 6.619999886 -1.042000055 -13
5968 5 -1.042000055 -13
5969 8.239999771 -1.042000055 -13
5970 9.859999657 -1.042000055 -13
5971 11.47999954 -1.042000055 -13
5972 13.10000038 -1.042000055 -13
5973 14.72000027 -1.042000055 -13
5974 16.34000015 -1.042000055 -13
5975 17.95999908 -1.042000055 -13
5976 19.57999992 -1.042000055 -13
5977 21.20000076 -1.042000055 -13
5978 22.81999969 -1.042000055 -13
5979 24.44000053 -1.042000055 -13
5980 26.05999947 -1.042000055 -13
5981 27.68000031 -1.042000055 -13
5982 29.29999924 -1.042000055 -13
5983 30.92000008 -1.042000055 -13
5984 32.54000092 -1.042000055 -13
5985 34.15999985 -1.042000055 -13
5986 35.77999878 -1.042000055 -13
5987 37.40000153 -1.042000055 -13
5988 39.02000046 -1.042000055 -13
5989 40.63999939 -1.042000055 -13
5990 42.25999832 -1.042000055 -13
5991 43.88000107 -1.042000055 -13
5992 45.5 -1.042000055 -13
5993 -30.12599945 -49.39799881 -14.16699982
5994 -29 -50.22900009 -14.16699982
5995 -30.12599945 -49.39799881 -15.33300018
5996 -29 -50.22900009 -15.33300018
5997 -30.12599945 -49.39799881 -16.5
5998 -29 -50.22900009 -16.5
5999 -30.12599945 -49.39799881 -17.66699982
6000 -29 -50.22900009 -17.66699982
6001 -30.12599945 -49.39799881 -18.83300018
6002 -29 -50.22900009 -18.83300018
6003 -30.12599945 -49.39799881 -20
6004 -29 -50.22900009 -20
6005 -31.03899956 -48.3370018 -15.33300018
6006 -31.03899956 -48.3370018 -14.16699982
6007 -31.03899956 -48.3370018 -16.5
6008 -31.03899956 -48.3370018 -17.66699982
6009 -31.03899956 -48.3370018 -18.83300018
6010 -31.03899956 -48.3370018 -20
6011 -31.69300079 -47.09899902 -15.33300018
6012 -31.69300079 -47.09899902 -14.16699982
6013 -31.69300079 -47.09899902 -16.5
6014 -31.69300079 -47.09899902 -17.66699982
6015 -31.69300079 -47.09899902 -18.83300018
6016 -31.69300079 -47.09899902 -20
6017 -32.05500031 -45.74700165 -15.33300018
6018 -32.05500031 -45.74700165 -14.16699982
6019 -32.05500031 -45.74700165 -16.5
6020 -32.05500031 -45.74700165 -17.66699982
6021 -32.05500031 -45.74700165 -18.83300018
6022 -32.05500031 -45.74700165 -20
6023 -32.10699844 -44.34799957 -15.33300018
6024 -32.10699844 -44.34799957 -14.16699982
6025 -32.10699844 -44.34799957 -16.5
6026 -32.10699844 -44.34799957 -17.66699982
6027 -32.10699844 -44.34799957 -18.83300018
6028 -32.10699844 -44.34799957 -20
6029 -31.84700012 -42.97299957 -15.33300018
6030 -31.84700012 -42.97299957 -14.16699982
6031 -31.84700012 -42.97299957 -16.5
6032 -31.84700012 -42.97299957 -17.66699982
6033 -31.84700012 -42.97299957 -18.83300018
6034 -31.84700012 -42.97299957 -20
6035 -31.84700012 -42.97299957 -13
6036 -26.65600014 -46.16999817 -20
6037 -25.875 -44.81700134 -20
6038 -26.93799973 -45.9620018 -20
6039 -28.21899986 -48.87599945 -20
6040 -29.06299973 -48.25299835 -20
6041 -27.16600037 -45.6969986 -20
6042 -28.45700073 -46.57699966 -20
6043 -28.00099945 -47.10800171 -20
6044 -29.74799919 -47.45700073 -20
6045 -27.32900047 -45.38800049 -20
6046 -28.7840004 -45.95899963 -20
6047 -30.23800087 -46.52899933 -20
6048 -27.42000008 -45.04999924 -20
6049 -28.96500015 -45.28300095 -20
6050 -30.51000023 -45.51499939 -20
6051 -27.43300056 -44.70000076 -20
6052 -28.99099922 -44.58300018 -20
6053 -30.54899979 -44.46699905 -20
6054 -27.36800003 -44.35599899 -20
6055 -28.86100006 -43.89599991 -20
6056 -30.35400009 -43.43500137 -20
6057 -27.22800064 -44.0359993 -20
6058 -28.58099937 -43.25400162 -20
6059 -29.93400002 -42.47299957 -20
6060 -27.02000046 -43.75400162 -20
6061 -28.16600037 -42.69100189 -20
6062 -29.31100082 -41.62900162 -20
6063 -26.75499916 -43.52600098 -20
6064 -27.63500023 -42.23500061 -20
6065 -28.51600075 -40.94400024 -20
6066 -26.44599915 -43.36199951 -20
6067 -27.0170002 -41.90800095 -20
6068 -27.58799934 -40.45299911 -20
6069 -26.1079998 -43.27199936 -20
6070 -26.3409996 -41.72700119 -20
6071 -26.5739994 -40.18199921 -20
6072 -25.75799942 -43.25899887 -20
6073 -25.64100075 -41.70100021 -20
6074 -25.52499962 -40.14199829 -20
6075 -25.41399956 -43.32400131 -20
6076 -24.95400047 -41.83100128 -20
6077 -24.49300003 -40.33800125 -20
6078 -25.09399986 -43.4640007 -20
6079 -27.71699905 -50.78900146 -14.16699982
6080 -27.71699905 -50.78900146 -15.33300018
6081 -27.71699905 -50.78900146 -16.5
6082 -27.71699905 -50.78900146 -17.66699982
6083 -27.71699905 -50.78900146 -18.83300018
6084 -27.71699905 -50.78900146 -20
6085 -26.34199905 -51.04899979 -14.16699982
6086 -26.34199905 -51.04899979 -15.33300018
6087 -26.34199905 -51.04899979 -16.5
6088 -26.34199905 -51.04899979 -17.66699982
6089 -26.34199905 -51.04899979 -18.83300018
6090 -26.34199905 -51.04899979 -20
6091 -24.94300079 -50.99700165 -14.16699982
6092 -24.94300079 -50.99700165 -15.33300018
6093 -24.94300079 -50.99700165 -16.5
6094 -24.94300079 -50.99700165 -17.66699982
6095 -24.94300079 -50.99700165 -18.83300018
6096 -24.94300079 -50.99700165 -20
6097 -23.5909996 -50.63399887 -14.16699982
6098 -23.5909996 -50.63399887 -13
6099 -23.5909996 -50.63399887 -15.33300018
6100 -23.5909996 -50.63399887 -16.5
6101 -23.5909996 -50.63399887 -17.66699982
6102 -23.5909996 -50.63399887 -18.83300018
6103 -23.5909996 -50.63399887 -20
6104 -22.35300064 -49.97999954 -14.16699982
6105 -22.35300064 -49.97999954 -13
6106 -22.35300064 -49.97999954 -15.33300018
6107 -22.35300064 -49.97999954 -16.5
6108 -22.35300064 -49.97999954 -17.66699982
6109 -22.35300064 -49.97999954 -18.83300018
6110 -22.35300064 -49.97999954 -20
6111 -21.29199982 -49.06700134 -14.16699982
6112 -21.29199982 -49.06700134 -13
6113 -21.29199982 -49.06700134 -15.33300018
6114 -21.29199982 -49.06700134 -16.5
6115 -21.29199982 -49.06700134 -17.66699982
6116 -21.29199982 -49.06700134 -18.83300018
6117 -21.29199982 -49.06700134 -20
6118 -26.33600044 -46.31000137 -20
6119 -26.79599953 -47.8030014 -20
6120 -27.43799973 -47.52299881 -20
6121 -27.25699997 -49.29600143 -20
6122 -25.99200058 -46.375 -20
6123 -26.10899925 -47.93299866 -20
6124 -26.22500038 -49.49100113 -20
6125 -25.6420002 -46.36199951 -20
6126 -25.4090004 -47.9070015 -20
6127 -25.1760006 -49.45199966 -20
6128 -25.30400085 -46.27099991 -20
6129 -24.7329998 -47.72600174 -20
6130 -24.16200066 -49.18000031 -20
6131 -24.99500084 -46.10800171 -20
6132 -24.11499977 -47.39899826 -20
6133 -23.23399925 -48.68999863 -20
6134 -24.72999954 -45.88000107 -20
6135 -23.58399963 -46.94200134 -20
6136 -22.43899918 -48.00500107 -20
6137 -24.52199936 -45.59799957 -20
6138 -23.16900063 -46.37900162 -20
6139 -21.81599998 -47.1609993 -20
6140 -24.38199997 -45.27700043 -20
6141 -22.88899994 -45.73799896 -20
6142 -21.39599991 -46.19800186 -20
6143 -24.31699944 -44.93399811 -20
6144 -22.75900078 -45.04999924 -20
6145 -21.20100021 -45.16699982 -20
6146 -24.32999992 -44.58399963 -20
6147 -22.78499985 -44.35100174 -20
6148 -21.23999977 -44.11800003 -20
6149 -24.42099953 -44.24599838 -20
6150 -22.9659996 -43.67499924 -20
6151 -21.51199913 -43.10400009 -20
6152 -19.69499969 -43.88499832 -20
6153 -24.58399963 -43.93700027 -20
6154 -23.29299927 -43.05599976 -20
6155 -22.00200081 -42.17599869 -20
6156 -24.81200027 -43.67100143 -20
6157 -23.74900055 -42.52600098 -20
6158 -22.68700027 -41.38100052 -20
6159 -21.62400055 -40.23500061 -20
6160 -24.31299973 -42.11000061 -20
6161 -23.53100014 -40.75699997 -20
6162 53.27299881 -0.34799999 -20
6163 54.79700089 -0.6949999928 -20
6164 56.31999969 -1.042999983 -20
6165 57.8429985 -1.391000032 -20
6166 53.15800095 -0.6779999733 -20
6167 54.56600189 -1.355999947 -20
6168 55.97299957 -2.03399992 -20
6169 57.38100052 -2.711999893 -20
6170 52.97200012 -0.9739999771 -20
6171 54.19300079 -1.947999954 -20
6172 52.72399902 -1.222000003 -20
6173 53.69800186 -2.443000078 -20
6174 52.4280014 -1.407999992 -20
6175 53.10599899 -2.815999985 -20
6176 52.09799957 -1.523000002 -20
6177 52.44499969 -3.046999931 -20
6178 51.75 -1.562000036 -20
6179 51.75 -3.125 -20
6180 51.75 -4.686999798 -20
6181 51.40200043 -1.523000002 -20
6182 51.05500031 -3.046999931 -20
6183 50.70700073 -4.570000172 -20
6184 51.0719986 -1.407999992 -20
6185 50.39400101 -2.815999985 -20
6186 49.7159996 -4.22300005 -20
6187 49.0379982 -5.631000042 -20
6188 50.77600098 -1.222000003 -20
6189 49.80199814 -2.443000078 -20
6190 48.82699966 -3.664999962 -20
6191 47.85300064 -4.886000156 -20
6192 50.52799988 -0.9739999771 -20
6193 49.30699921 -1.947999954 -20
6194 48.08499908 -2.923000097 -20
6195 46.86399841 -3.897000074 -20
6196 50.34199905 -0.6779999733 -20
6197 48.93399811 -1.355999947 -20
6198 47.52700043 -2.03399992 -20
6199 46.11899948 -2.711999893 -20
6200 50.22700119 -0.34799999 -20
6201 48.70299911 -0.6949999928 -20
6202 47.18000031 -1.042999983 -20
6203 45.6570015 -1.391000032 -20
6204 57.8429985 -1.391000032 -14.16699982
6205 57.8429985 -1.391000032 -15.33300018
6206 57.8429985 -1.391000032 -16.5
6207 57.8429985 -1.391000032 -17.66699982
6208 57.8429985 -1.391000032 -18.83300018
6209 57.38100052 -2.711999893 -14.16699982
6210 57.38100052 -2.711999893 -15.33300018
6211 57.38100052 -2.711999893 -16.5
6212 57.38100052 -2.711999893 -17.66699982
6213 57.38100052 -2.711999893 -18.83300018
6214 56.63600159 -3.897000074 -14.16699982
6215 56.63600159 -3.897000074 -15.33300018
6216 56.63600159 -3.897000074 -16.5
6217 56.63600159 -3.897000074 -17.66699982
6218 56.63600159 -3.897000074 -18.83300018
6219 55.64599991 -4.887000084 -14.16699982
6220 55.64599991 -4.887000084 -15.33300018
6221 55.64599991 -4.887000084 -16.5
6222 55.64599991 -4.887000084 -17.66699982
6223 55.64599991 -4.887000084 -18.83300018
6224 54.46099854 -5.631999969 -14.16699982
6225 54.46099854 -5.631999969 -15.33300018
6226 54.46099854 -5.631999969 -16.5
6227 54.46099854 -5.631999969 -17.66699982
6228 54.46099854 -5.631999969 -18.83300018
6229 53.13899994 -6.093999863 -14.16699982
6230 53.13899994 -6.093999863 -15.33300018
6231 53.13899994 -6.093999863 -16.5
6232 53.13899994 -6.093999863 -17.66699982
6233 53.13899994 -6.093999863 -18.83300018
6234 49.0379982 -5.631000042 -13
6235 4.303999901 -5.96600008 -13
6236 5 -5.68200016 -13
6237 2.010989904 -6.934259892 -13
6238 1.108019948 -6.412960052 -13
6239 0.2061000019 -5.892270088 -13
6240 -0.6958600283 -5.371560097 -13
6241 -1.597919941 -4.85078001 -13
6242 -2.5 -4.329999924 -13
6243 -24.03300095 -38.84500122 -20
6244 -19.90299988 -46.6590004 -20
6245 -19.6420002 -45.28300095 -20
6246 -19.05699921 -42.89400101 -13
6247 -25.1609993 -38.36899948 -13
6248 -23.93374062 -38.81174088 -13
6249 -27.26081085 -36.79965973 -13
6250 -24.55414009 -38.36244965 -13
6251 -24.91514015 -38.1541214 -13
6252 -21.64542007 -40.13248825 -13
6253 -23.39150047 -39.12400055 -13
6254 -23.20100021 -39.14350128 -13
6255 -21.84789085 -39.92480087 -13
6256 -20.94577026 -40.44561005 -13
6257 -21.66699028 -40.02923965 -13
6258 -20.58498001 -40.65390015 -13
6259 -20.04365921 -40.96641159 -13
6260 -19.50204086 -41.27909088 -13
6261 -19.14197922 -41.48696136 -13
6262 -18.41988945 -41.90383148 -13
6263 -18.23911095 -42.0082016 -13
6264 -27.26083946 -36.79970169 -20
6265 -26.35791016 -37.32083893 -20
6266 -25.45573997 -37.84154129 -20
6267 -24.55400085 -38.36199951 -20
6268 -23.65183067 -38.8827095 -20
6269 -22.74967003 -39.40340042 -20
6270 -21.84748077 -39.92411041 -20
6271 -20.94531059 -40.4448204 -20
6272 -20.58481026 -40.65288925 -20
6273 -21.64538956 -40.13254166 -20
6274 -21.66717911 -40.02817917 -20
6275 -3.402120113 -3.809200048 -13
6276 -4.304230213 -3.288389921 -13
6277 -5.205900192 -2.767839909 -13
6278 -6.108019829 -2.247040033 -13
6279 -7.010879993 -1.725810051 -13
6280 -7.565000057 -0.6025000215 -13
6281 -7.318719864 -0.7446799874 -13
6282 -7.420440197 -1.489359975 -13
6283 4.303999901 -5.96600008 -20
6284 5 -5.68200016 -20
6285 -7.318500042 -0.7444999814 -20
6286 -7.420080185 -1.489570022 -20
6287 -7.010890007 -1.725800037 -20
6288 -6.108029842 -2.24703002 -20
6289 -5.205910206 -2.767839909 -20
6290 -4.3042202 -3.288399935 -20
6291 -3.4021101 -3.809200048 -20
6292 -2.5 -4.329999924 -20
6293 -1.597890019 -4.850800037 -20
6294 -0.6957799792 -5.371600151 -20
6295 0.20634 -5.892409801 -20
6296 1.10800004 -6.412950039 -20
6297 2.010890007 -6.93419981 -20
6298 2.42001009 -7.170390129 -20
6299 57.8429985 -1.391000032 0
6300 57.38100052 -2.711999893 0
6301 56.63600159 -3.897000074 0
6302 55.64699936 -4.886000156 0
6303 54.4620018 -5.631000042 0
6304 53.14099884 -6.092999935 0
6305 51.75 -6.25 0
6306 50.35900116 -6.092999935 0
6307 49.0379982 -5.631000042 0
6308 47.85300064 -4.886000156 0
6309 46.86399841 -3.897000074 0
6310 46.11899948 -2.711999893 0
6311 45.6570015 -1.391000032 0
6312 -2.923000097 -4.022999763 -20
6313 -3.345999956 -3.71600008 -20
6314 -3.483920097 -3.761970043 -20
6315 -2.991960049 -4.04598999 -20
6316 -2.007980108 -4.614049911 -20
6317 -2.022500038 -4.542500019 -20
6318 -1.515980005 -4.898089886 -20
6319 -1.544999957 -4.755000114 -20
6320 -2.992000103 -4.046000004 -13
6321 -2.923000097 -4.022999763 -13
6322 -3.483910084 -3.761970043 -13
6323 -3.345999956 -3.71600008 -13
6324 -2.022500038 -4.542500019 -13
6325 -1.544999957 -4.755000114 -13
6326 -1.515980005 -4.898089886 -13
6327 -2.007989883 -4.614039898 -13
6328 5 -1.136000037 -13
6329 4.890999794 -1.039999962 -13
6330 4.945499897 -0.5199999809 -13
6331 5 -0.5680000186 -13
6332 45.5 -0.625 -13
6333 45.57849884 -0.6955000162 -13
6334 5 -1.136000037 -20
6335 4.945499897 -0.5199999809 -20
6336 4.890999794 -1.039999962 -20
6337 5 -0.5680000186 -20
6338 -23.29134941 -39.09075928 -20
6339 -23.3910408 -39.12434006 -20
6340 57.38299942 -2.711999893 14.30000019
6341 57.38100052 -2.711999893 15
6342 56.63800049 -3.897000074 14.30000019
6343 56.63600159 -3.897000074 15
6344 55.64899826 -4.886000156 14.30000019
6345 55.64699936 -4.886000156 15
6346 54.4640007 -5.631000042 14.30000019
6347 54.4620018 -5.631000042 15
6348 53.14300156 -6.092999935 14.30000019
6349 53.14099884 -6.092999935 15
6350 51.7519989 -6.25 14.30000019
6351 51.75 -6.25 15
6352 50.36100006 -6.092999935 14.30000019
6353 50.35900116 -6.092999935 15
6354 49.04000092 -5.631000042 14.30000019
6355 49.0379982 -5.631000042 15
6356 47.85499954 -4.886000156 14.30000019
6357 47.85300064 -4.886000156 15
6358 46.86600113 -3.897000074 14.30000019
6359 46.86399841 -3.897000074 15
6360 46.12099838 -2.711999893 14.30000019
6361 46.11899948 -2.711999893 15
6362 57.84500122 -1.391000032 13
6363 57.84500122 -1.391000032 11.69999981
6364 57.38299942 -2.711999893 13
6365 57.38299942 -2.711999893 11.69999981
6366 56.63800049 -3.897000074 13
6367 56.63800049 -3.897000074 11.69999981
6368 55.64899826 -4.886000156 13
6369 55.64899826 -4.886000156 11.69999981
6370 54.4640007 -5.631000042 13
6371 54.4640007 -5.631000042 11.69999981
6372 53.14300156 -6.092999935 13
6373 53.14300156 -6.092999935 11.69999981
6374 51.7519989 -6.25 13
6375 51.7519989 -6.25 11.69999981
6376 50.36100006 -6.092999935 13
6377 50.36100006 -6.092999935 11.69999981
6378 49.04000092 -5.631000042 13
6379 49.04000092 -5.631000042 11.69999981
6380 47.85499954 -4.886000156 13
6381 47.85499954 -4.886000156 11.69999981
6382 46.86600113 -3.897000074 13
6383 46.86600113 -3.897000074 11.69999981
6384 46.12099838 -2.711999893 13
6385 46.12099838 -2.711999893 11.69999981
6386 45.6590004 -1.391000032 13
6387 45.6590004 -1.391000032 11.69999981
6388 50.22700119 -0.34799999 15
6389 48.70299911 -0.6949999928 15
6390 47.18000031 -1.042999983 15
6391 48.93399811 -1.355999947 15
6392 47.52700043 -2.03399992 15
6393 50.34199905 -0.6779999733 15
6394 50.52799988 -0.9739999771 15
6395 48.08499908 -2.923000097 15
6396 50.77600098 -1.222000003 15
6397 49.80199814 -2.443000078 15
6398 49.30699921 -1.947999954 15
6399 48.82699966 -3.664999962 15
6400 51.0719986 -1.407999992 15
6401 51.40200043 -1.523000002 15
6402 51.05500031 -3.046999931 15
6403 50.39400101 -2.815999985 15
6404 50.70700073 -4.570000172 15
6405 49.7159996 -4.22300005 15
6406 51.75 -1.562000036 15
6407 51.75 -3.125 15
6408 52.44499969 -3.046999931 15
6409 52.79299927 -4.570000172 15
6410 51.75 -4.686999798 15
6411 52.09799957 -1.523000002 15
6412 52.4280014 -1.407999992 15
6413 53.10599899 -2.815999985 15
6414 53.7840004 -4.22300005 15
6415 53.69800186 -2.443000078 15
6416 54.67300034 -3.664999962 15
6417 52.72399902 -1.222000003 15
6418 52.97200012 -0.9739999771 15
6419 55.41500092 -2.923000097 15
6420 53.15800095 -0.6779999733 15
6421 54.56600189 -1.355999947 15
6422 54.19300079 -1.947999954 15
6423 53.27299881 -0.34799999 15
6424 54.79700089 -0.6949999928 15
6425 56.31999969 -1.042999983 15
6426 55.97299957 -2.03399992 15
6427 45.6590004 -1.391000032 3.900000095
6428 45.6590004 -1.391000032 5.199999809
6429 45.6590004 -1.391000032 6.5
6430 45.6590004 -1.391000032 7.800000191
6431 45.6590004 -1.391000032 9.100000381
6432 45.6590004 -1.391000032 10.39999962
6433 46.12099838 -2.711999893 3.900000095
6434 46.12099838 -2.711999893 5.199999809
6435 46.12099838 -2.711999893 6.5
6436 46.12099838 -2.711999893 7.800000191
6437 46.12099838 -2.711999893 9.100000381
6438 46.12099838 -2.711999893 10.39999962
6439 46.86600113 -3.897000074 3.900000095
6440 46.86600113 -3.897000074 5.199999809
6441 46.86600113 -3.897000074 6.5
6442 46.86600113 -3.897000074 7.800000191
6443 46.86600113 -3.897000074 9.100000381
6444 46.86600113 -3.897000074 10.39999962
6445 47.85499954 -4.886000156 3.900000095
6446 47.85499954 -4.886000156 5.199999809
6447 47.85499954 -4.886000156 6.5
6448 47.85499954 -4.886000156 7.800000191
6449 47.85499954 -4.886000156 9.100000381
6450 47.85499954 -4.886000156 10.39999962
6451 49.04000092 -5.631000042 3.900000095
6452 49.04000092 -5.631000042 5.199999809
6453 49.04000092 -5.631000042 6.5
6454 49.04000092 -5.631000042 7.800000191
6455 49.04000092 -5.631000042 9.100000381
6456 49.04000092 -5.631000042 10.39999962
6457 50.36100006 -6.092999935 3.900000095
6458 50.36100006 -6.092999935 5.199999809
6459 50.36100006 -6.092999935 6.5
6460 50.36100006 -6.092999935 7.800000191
6461 50.36100006 -6.092999935 9.100000381
6462 50.36100006 -6.092999935 10.39999962
6463 51.7519989 -6.25 3.900000095
6464 51.7519989 -6.25 5.199999809
6465 51.7519989 -6.25 6.5
6466 51.7519989 -6.25 7.800000191
6467 51.7519989 -6.25 9.100000381
6468 51.7519989 -6.25 10.39999962
6469 53.14300156 -6.092999935 3.900000095
6470 53.14300156 -6.092999935 5.199999809
6471 53.14300156 -6.092999935 6.5
6472 53.14300156 -6.092999935 7.800000191
6473 53.14300156 -6.092999935 9.100000381
6474 53.14300156 -6.092999935 10.39999962
6475 54.4640007 -5.631000042 3.900000095
6476 54.4640007 -5.631000042 5.199999809
6477 54.4640007 -5.631000042 6.5
6478 54.4640007 -5.631000042 7.800000191
6479 54.4640007 -5.631000042 9.100000381
6480 54.4640007 -5.631000042 10.39999962
6481 55.64899826 -4.886000156 3.900000095
6482 55.64899826 -4.886000156 5.199999809
6483 55.64899826 -4.886000156 6.5
6484 55.64899826 -4.886000156 7.800000191
6485 55.64899826 -4.886000156 9.100000381
6486 55.64899826 -4.886000156 10.39999962
6487 56.63800049 -3.897000074 3.900000095
6488 56.63800049 -3.897000074 5.199999809
6489 56.63800049 -3.897000074 6.5
6490 56.63800049 -3.897000074 7.800000191
6491 56.63800049 -3.897000074 9.100000381
6492 56.63800049 -3.897000074 10.39999962
6493 57.38299942 -2.711999893 3.900000095
6494 57.38299942 -2.711999893 5.199999809
6495 57.38299942 -2.711999893 6.5
6496 57.38299942 -2.711999893 7.800000191
6497 57.38299942 -2.711999893 9.100000381
6498 57.38299942 -2.711999893 10.39999962
6499 57.84500122 -1.391000032 3.900000095
6500 57.84500122 -1.391000032 5.199999809
6501 57.84500122 -1.391000032 6.5
6502 57.84500122 -1.391000032 7.800000191
6503 57.84500122 -1.391000032 9.100000381
6504 57.84500122 -1.391000032 10.39999962
6505 1.544999957 -4.755000114 14.30000019
6506 1.544999957 -4.755000114 15
6507 2.5 -4.329999924 15
6508 2.5 -4.329999924 14.30000019
6509 4.890999794 -1.039999962 2.599999905
6510 4.890999794 -1.039999962 3.900000095
6511 4.890999794 -1.039999962 5.199999809
6512 4.890999794 -1.039999962 6.5
6513 4.890999794 -1.039999962 7.800000191
6514 4.890999794 -1.039999962 9.100000381
6515 4.890999794 -1.039999962 10.39999962
6516 4.56799984 -2.03399992 2.599999905
6517 4.56799984 -2.03399992 3.900000095
6518 4.56799984 -2.03399992 5.199999809
6519 4.56799984 -2.03399992 6.5
6520 4.56799984 -2.03399992 7.800000191
6521 4.56799984 -2.03399992 9.100000381
6522 4.56799984 -2.03399992 10.39999962
6523 4.045000076 -2.938999891 2.599999905
6524 4.045000076 -2.938999891 3.900000095
6525 4.045000076 -2.938999891 5.199999809
6526 4.045000076 -2.938999891 6.5
6527 4.045000076 -2.938999891 7.800000191
6528 4.045000076 -2.938999891 9.100000381
6529 4.045000076 -2.938999891 10.39999962
6530 4.045000076 -2.938999891 1.299999952
6531 3.345999956 -3.71600008 1.299999952
6532 3.345999956 -3.71600008 2.599999905
6533 3.345999956 -3.71600008 3.900000095
6534 3.345999956 -3.71600008 5.199999809
6535 3.345999956 -3.71600008 6.5
6536 3.345999956 -3.71600008 7.800000191
6537 3.345999956 -3.71600008 9.100000381
6538 3.345999956 -3.71600008 10.39999962
6539 2.5 -4.329999924 1.299999952
6540 2.5 -4.329999924 2.599999905
6541 2.5 -4.329999924 3.900000095
6542 2.5 -4.329999924 5.199999809
6543 2.5 -4.329999924 6.5
6544 2.5 -4.329999924 7.800000191
6545 2.5 -4.329999924 9.100000381
6546 2.5 -4.329999924 10.39999962
6547 -2.5 -4.329999924 1.299999952
6548 -2.5 -4.329999924 2.599999905
6549 -1.544999957 -4.755000114 2.599999905
6550 -1.544999957 -4.755000114 1.299999952
6551 -2.5 -4.329999924 3.900000095
6552 -1.544999957 -4.755000114 3.900000095
6553 -2.5 -4.329999924 5.199999809
6554 -1.544999957 -4.755000114 5.199999809
6555 -2.5 -4.329999924 6.5
6556 -1.544999957 -4.755000114 6.5
6557 -2.5 -4.329999924 7.800000191
6558 -1.544999957 -4.755000114 7.800000191
6559 -2.5 -4.329999924 9.100000381
6560 -1.544999957 -4.755000114 9.100000381
6561 -2.5 -4.329999924 10.39999962
6562 -1.544999957 -4.755000114 10.39999962
6563 -0.5230000019 -4.97300005 2.599999905
6564 -0.5230000019 -4.97300005 1.299999952
6565 -0.5230000019 -4.97300005 3.900000095
6566 -0.5230000019 -4.97300005 5.199999809
6567 -0.5230000019 -4.97300005 6.5
6568 -0.5230000019 -4.97300005 7.800000191
6569 -0.5230000019 -4.97300005 9.100000381
6570 -0.5230000019 -4.97300005 10.39999962
6571 0.5230000019 -4.97300005 2.599999905
6572 0.5230000019 -4.97300005 1.299999952
6573 0.5230000019 -4.97300005 3.900000095
6574 0.5230000019 -4.97300005 5.199999809
6575 0.5230000019 -4.97300005 6.5
6576 0.5230000019 -4.97300005 7.800000191
6577 0.5230000019 -4.97300005 9.100000381
6578 0.5230000019 -4.97300005 10.39999962
6579 1.544999957 -4.755000114 2.599999905
6580 1.544999957 -4.755000114 1.299999952
6581 1.544999957 -4.755000114 3.900000095
6582 1.544999957 -4.755000114 5.199999809
6583 1.544999957 -4.755000114 6.5
6584 1.544999957 -4.755000114 7.800000191
6585 1.544999957 -4.755000114 9.100000381
6586 1.544999957 -4.755000114 10.39999962
6587 -3.345999956 -3.71600008 1.299999952
6588 -3.345999956 -3.71600008 2.599999905
6589 -3.345999956 -3.71600008 3.900000095
6590 -3.345999956 -3.71600008 5.199999809
6591 -3.345999956 -3.71600008 6.5
6592 -3.345999956 -3.71600008 7.800000191
6593 -3.345999956 -3.71600008 9.100000381
6594 -3.345999956 -3.71600008 10.39999962
6595 -4.045000076 -2.938999891 1.299999952
6596 -4.045000076 -2.938999891 2.599999905
6597 -4.045000076 -2.938999891 3.900000095
6598 -4.045000076 -2.938999891 5.199999809
6599 -4.045000076 -2.938999891 6.5
6600 -4.045000076 -2.938999891 7.800000191
6601 -4.045000076 -2.938999891 9.100000381
6602 -4.045000076 -2.938999891 10.39999962
6603 -4.56799984 -2.03399992 1.299999952
6604 -4.56799984 -2.03399992 2.599999905
6605 -4.56799984 -2.03399992 3.900000095
6606 -4.56799984 -2.03399992 5.199999809
6607 -4.56799984 -2.03399992 6.5
6608 -4.56799984 -2.03399992 7.800000191
6609 -4.56799984 -2.03399992 9.100000381
6610 -4.56799984 -2.03399992 10.39999962
6611 -4.890999794 -1.039999962 2.599999905
6612 -4.890999794 -1.039999962 3.900000095
6613 -4.890999794 -1.039999962 5.199999809
6614 -4.890999794 -1.039999962 6.5
6615 -4.890999794 -1.039999962 7.800000191
6616 -4.890999794 -1.039999962 9.100000381
6617 -4.890999794 -1.039999962 10.39999962
6618 -4.890999794 -1.039999962 1.299999952
6619 1.22300005 -0.2599999905 15
6620 2.444999933 -0.5199999809 15
6621 3.667999983 -0.7799999714 15
6622 4.890999794 -1.039999962 15
6623 1.14199996 -0.5080000162 15
6624 2.28399992 -1.01699996 15
6625 3.426000118 -1.524999976 15
6626 4.56799984 -2.03399992 15
6627 1.011000037 -0.7350000143 15
6628 2.023000002 -1.468999982 15
6629 3.03399992 -2.203999996 15
6630 4.045000076 -2.938999891 15
6631 0.8360000253 -0.92900002 15
6632 1.672999978 -1.85800004 15
6633 2.509000063 -2.786999941 15
6634 3.345999956 -3.71600008 15
6635 0.625 -1.082999945 15
6636 1.25 -2.164999962 15
6637 1.875 -3.247999907 15
6638 -0.625 -1.082999945 15
6639 -0.3860000074 -1.18900001 15
6640 -0.7730000019 -2.378000021 15
6641 -1.25 -2.164999962 15
6642 -1.159000039 -3.565999985 15
6643 -1.875 -3.247999907 15
6644 -1.544999957 -4.755000114 15
6645 -2.5 -4.329999924 15
6646 -0.1309999973 -1.243000031 15
6647 -0.2610000074 -2.486000061 15
6648 -0.3919999897 -3.729000092 15
6649 -0.5230000019 -4.97300005 15
6650 0.1309999973 -1.243000031 15
6651 0.2610000074 -2.486000061 15
6652 0.3919999897 -3.729000092 15
6653 0.5230000019 -4.97300005 15
6654 0.3860000074 -1.18900001 15
6655 0.7730000019 -2.378000021 15
6656 1.159000039 -3.565999985 15
6657 -0.8360000253 -0.92900002 15
6658 -1.672999978 -1.85800004 15
6659 -2.509000063 -2.786999941 15
6660 -3.345999956 -3.71600008 15
6661 -1.011000037 -0.7350000143 15
6662 -2.023000002 -1.468999982 15
6663 -3.03399992 -2.203999996 15
6664 -4.045000076 -2.938999891 15
6665 -1.14199996 -0.5080000162 15
6666 -2.28399992 -1.01699996 15
6667 -3.426000118 -1.524999976 15
6668 -4.56799984 -2.03399992 15
6669 -1.22300005 -0.2599999905 15
6670 -2.444999933 -0.5199999809 15
6671 -3.667999983 -0.7799999714 15
6672 -4.890999794 -1.039999962 15
6673 -4.890999794 -1.039999962 11.69999981
6674 -4.890999794 -1.039999962 13
6675 -4.56799984 -2.03399992 11.69999981
6676 -4.56799984 -2.03399992 13
6677 -4.045000076 -2.938999891 11.69999981
6678 -4.045000076 -2.938999891 13
6679 -3.345999956 -3.71600008 11.69999981
6680 -3.345999956 -3.71600008 13
6681 -2.5 -4.329999924 11.69999981
6682 -2.5 -4.329999924 13
6683 1.544999957 -4.755000114 11.69999981
6684 1.544999957 -4.755000114 13
6685 2.5 -4.329999924 13
6686 2.5 -4.329999924 11.69999981
6687 0.5230000019 -4.97300005 11.69999981
6688 0.5230000019 -4.97300005 13
6689 -0.5230000019 -4.97300005 11.69999981
6690 -0.5230000019 -4.97300005 13
6691 -1.544999957 -4.755000114 11.69999981
6692 -1.544999957 -4.755000114 13
6693 3.345999956 -3.71600008 11.69999981
6694 3.345999956 -3.71600008 13
6695 4.045000076 -2.938999891 11.69999981
6696 4.045000076 -2.938999891 13
6697 4.56799984 -2.03399992 11.69999981
6698 4.56799984 -2.03399992 13
6699 4.890999794 -1.039999962 11.69999981
6700 4.890999794 -1.039999962 13
6701 4.890999794 -1.039999962 14.30000019
6702 4.56799984 -2.03399992 14.30000019
6703 4.045000076 -2.938999891 14.30000019
6704 3.345999956 -3.71600008 14.30000019
6705 -2.5 -4.329999924 14.30000019
6706 -1.544999957 -4.755000114 14.30000019
6707 -0.5230000019 -4.97300005 14.30000019
6708 0.5230000019 -4.97300005 14.30000019
6709 -3.345999956 -3.71600008 14.30000019
6710 -4.045000076 -2.938999891 14.30000019
6711 -4.56799984 -2.03399992 14.30000019
6712 -4.890999794 -1.039999962 14.30000019
6713 45.5 -0.625 -20
6714 45.57849884 -0.6949999928 -20
6715 -6.210000038 -0.7450000048 -20
6716 -5.664000034 -1.549000025 -20
6717 -4.890999794 -1.039999962 -20
6718 -5.010000229 -2.329999924 -20
6719 -4.56799984 -2.03399992 -20
6720 -4.256999969 -3.065999985 -20
6721 -4.045000076 -2.938999891 -20
6722 -3.414999962 -3.739000082 -20
6723 2.460000038 -5.750999928 -20
6724 2.5 -4.329999924 -20
6725 1.491000056 -5.678999901 -20
6726 1.544999957 -4.755000114 -20
6727 0.4869999886 -5.504000187 -20
6728 0.5230000019 -4.97300005 -20
6729 -0.52700001 -5.21999979 -20
6730 -0.5230000019 -4.97300005 -20
6731 3.75 -5.006000042 -20
6732 4.172999859 -4.131000042 -20
6733 3.345999956 -3.71600008 -20
6734 5 -4.545000076 -20
6735 4.522999763 -3.174000025 -20
6736 4.045000076 -2.938999891 -20
6737 5 -3.40899992 -20
6738 4.78399992 -2.153000116 -20
6739 4.56799984 -2.03399992 -20
6740 5 -2.273000002 -20
6741 -1.22300005 -0.2599999905 -20
6742 -2.444999933 -0.5199999809 -20
6743 -3.667999983 -0.7799999714 -20
6744 -1.14199996 -0.5080000162 -20
6745 -2.28399992 -1.01699996 -20
6746 -3.426000118 -1.524999976 -20
6747 -1.011000037 -0.7350000143 -20
6748 -2.023000002 -1.468999982 -20
6749 -3.03399992 -2.203999996 -20
6750 -0.8360000253 -0.92900002 -20
6751 -1.672999978 -1.85800004 -20
6752 -2.509000063 -2.786999941 -20
6753 -0.625 -1.082999945 -20
6754 -1.25 -2.164999962 -20
6755 -1.875 -3.247999907 -20
6756 -0.3860000074 -1.18900001 -20
6757 -0.7730000019 -2.378000021 -20
6758 -1.159000039 -3.565999985 -20
6759 -0.1309999973 -1.243000031 -20
6760 -0.2610000074 -2.486000061 -20
6761 -0.3919999897 -3.729000092 -20
6762 0.1309999973 -1.243000031 -20
6763 0.2610000074 -2.486000061 -20
6764 0.3919999897 -3.729000092 -20
6765 0.3860000074 -1.18900001 -20
6766 0.7730000019 -2.378000021 -20
6767 1.159000039 -3.565999985 -20
6768 0.625 -1.082999945 -20
6769 1.25 -2.164999962 -20
6770 1.875 -3.247999907 -20
6771 0.8360000253 -0.92900002 -20
6772 1.672999978 -1.85800004 -20
6773 2.509000063 -2.786999941 -20
6774 1.011000037 -0.7350000143 -20
6775 2.023000002 -1.468999982 -20
6776 3.03399992 -2.203999996 -20
6777 1.14199996 -0.5080000162 -20
6778 2.28399992 -1.01699996 -20
6779 3.426000118 -1.524999976 -20
6780 1.22300005 -0.2599999905 -20
6781 2.444999933 -0.5199999809 -20
6782 3.667999983 -0.7799999714 -20
6783 -6.436580181 -2.057359934 -20
6784 -5.451809883 -2.625880003 -20
6785 -4.467879772 -3.193919897 -20
6786 -0.5320100188 -5.466149807 -20
6787 0.4520500004 -6.034259796 -20
6788 1.436040044 -6.602330208 -20
6789 -1.530339956 -4.827260017 -20
6790 -6.210000038 -0.7450000048 -13
6791 -5.664000034 -1.549000025 -13
6792 -4.890999794 -1.039999962 -13
6793 -5.010000229 -2.329999924 -13
6794 -4.56799984 -2.03399992 -13
6795 -4.256999969 -3.065999985 -13
6796 -4.045000076 -2.938999891 -13
6797 -3.414999962 -3.739000082 -13
6798 2.5 -4.329999924 -13
6799 2.460000038 -5.750999928 -13
6800 1.491000056 -5.678999901 -13
6801 1.544999957 -4.755000114 -13
6802 0.4869999886 -5.504000187 -13
6803 0.5230000019 -4.97300005 -13
6804 -0.52700001 -5.21999979 -13
6805 -0.5230000019 -4.97300005 -13
6806 3.75 -5.006000042 -13
6807 4.172999859 -4.131000042 -13
6808 3.345999956 -3.71600008 -13
6809 5 -4.545000076 -13
6810 4.522999763 -3.174000025 -13
6811 4.045000076 -2.938999891 -13
6812 5 -3.40899992 -13
6813 4.78399992 -2.153000116 -13
6814 4.56799984 -2.03399992 -13
6815 5 -2.273000002 -13
6816 -4.890999794 -1.039999962 -2.599999905
6817 -4.890999794 -1.039999962 -1.299999952
6818 -4.890999794 -1.039999962 -3.900000095
6819 -4.890999794 -1.039999962 -5.199999809
6820 -4.890999794 -1.039999962 -6.5
6821 -4.890999794 -1.039999962 -7.800000191
6822 -4.890999794 -1.039999962 -9.100000381
6823 -4.890999794 -1.039999962 -10.39999962
6824 -4.890999794 -1.039999962 -11.69999981
6825 -4.56799984 -2.03399992 -3.900000095
6826 -4.56799984 -2.03399992 -2.599999905
6827 -4.56799984 -2.03399992 -5.199999809
6828 -4.56799984 -2.03399992 -6.5
6829 -4.56799984 -2.03399992 -7.800000191
6830 -4.56799984 -2.03399992 -9.100000381
6831 -4.56799984 -2.03399992 -10.39999962
6832 -4.56799984 -2.03399992 -11.69999981
6833 -4.045000076 -2.938999891 -3.900000095
6834 -4.045000076 -2.938999891 -2.599999905
6835 -4.045000076 -2.938999891 -5.199999809
6836 -4.045000076 -2.938999891 -6.5
6837 -4.045000076 -2.938999891 -7.800000191
6838 -4.045000076 -2.938999891 -9.100000381
6839 -4.045000076 -2.938999891 -10.39999962
6840 -4.045000076 -2.938999891 -11.69999981
6841 -3.345999956 -3.71600008 -5.199999809
6842 -3.345999956 -3.71600008 -3.900000095
6843 -3.345999956 -3.71600008 -6.5
6844 -3.345999956 -3.71600008 -7.800000191
6845 -3.345999956 -3.71600008 -9.100000381
6846 -3.345999956 -3.71600008 -10.39999962
6847 -3.345999956 -3.71600008 -11.69999981
6848 -2.5 -4.329999924 -3.900000095
6849 -3.345999956 -3.71600008 -2.599999905
6850 -2.5 -4.329999924 -2.599999905
6851 -2.5 -4.329999924 -5.199999809
6852 -2.5 -4.329999924 -6.5
6853 -2.5 -4.329999924 -7.800000191
6854 -2.5 -4.329999924 -9.100000381
6855 -2.5 -4.329999924 -10.39999962
6856 -2.5 -4.329999924 -11.69999981
6857 1.544999957 -4.755000114 -3.900000095
6858 1.544999957 -4.755000114 -2.599999905
6859 2.5 -4.329999924 -2.599999905
6860 2.5 -4.329999924 -3.900000095
6861 1.544999957 -4.755000114 -5.199999809
6862 2.5 -4.329999924 -5.199999809
6863 1.544999957 -4.755000114 -6.5
6864 2.5 -4.329999924 -6.5
6865 1.544999957 -4.755000114 -7.800000191
6866 2.5 -4.329999924 -7.800000191
6867 1.544999957 -4.755000114 -9.100000381
6868 2.5 -4.329999924 -9.100000381
6869 1.544999957 -4.755000114 -10.39999962
6870 2.5 -4.329999924 -10.39999962
6871 1.544999957 -4.755000114 -11.69999981
6872 2.5 -4.329999924 -11.69999981
6873 0.5230000019 -4.97300005 -3.900000095
6874 0.5230000019 -4.97300005 -2.599999905
6875 0.5230000019 -4.97300005 -5.199999809
6876 0.5230000019 -4.97300005 -6.5
6877 0.5230000019 -4.97300005 -7.800000191
6878 0.5230000019 -4.97300005 -9.100000381
6879 0.5230000019 -4.97300005 -10.39999962
6880 0.5230000019 -4.97300005 -11.69999981
6881 -0.5230000019 -4.97300005 -3.900000095
6882 -0.5230000019 -4.97300005 -2.599999905
6883 -0.5230000019 -4.97300005 -5.199999809
6884 -0.5230000019 -4.97300005 -6.5
6885 -0.5230000019 -4.97300005 -7.800000191
6886 -0.5230000019 -4.97300005 -9.100000381
6887 -0.5230000019 -4.97300005 -10.39999962
6888 -0.5230000019 -4.97300005 -11.69999981
6889 -1.544999957 -4.755000114 -3.900000095
6890 -1.544999957 -4.755000114 -2.599999905
6891 -1.544999957 -4.755000114 -5.199999809
6892 -1.544999957 -4.755000114 -6.5
6893 -1.544999957 -4.755000114 -7.800000191
6894 -1.544999957 -4.755000114 -9.100000381
6895 -1.544999957 -4.755000114 -10.39999962
6896 -1.544999957 -4.755000114 -11.69999981
6897 3.345999956 -3.71600008 -5.199999809
6898 3.345999956 -3.71600008 -3.900000095
6899 3.345999956 -3.71600008 -6.5
6900 3.345999956 -3.71600008 -7.800000191
6901 3.345999956 -3.71600008 -9.100000381
6902 3.345999956 -3.71600008 -10.39999962
6903 3.345999956 -3.71600008 -11.69999981
6904 4.045000076 -2.938999891 -5.199999809
6905 4.045000076 -2.938999891 -3.900000095
6906 4.045000076 -2.938999891 -6.5
6907 4.045000076 -2.938999891 -7.800000191
6908 4.045000076 -2.938999891 -9.100000381
6909 4.045000076 -2.938999891 -10.39999962
6910 4.045000076 -2.938999891 -11.69999981
6911 4.56799984 -2.03399992 -3.900000095
6912 4.045000076 -2.938999891 -2.599999905
6913 4.56799984 -2.03399992 -2.599999905
6914 4.56799984 -2.03399992 -5.199999809
6915 4.56799984 -2.03399992 -6.5
6916 4.56799984 -2.03399992 -7.800000191
6917 4.56799984 -2.03399992 -9.100000381
6918 4.56799984 -2.03399992 -10.39999962
6919 4.56799984 -2.03399992 -11.69999981
6920 4.890999794 -1.039999962 -3.900000095
6921 4.890999794 -1.039999962 -2.599999905
6922 4.890999794 -1.039999962 -5.199999809
6923 4.890999794 -1.039999962 -6.5
6924 4.890999794 -1.039999962 -7.800000191
6925 4.890999794 -1.039999962 -9.100000381
6926 4.890999794 -1.039999962 -10.39999962
6927 4.890999794 -1.039999962 -11.69999981
6928 2.420030117 -7.170400143 -13
6929 1.436040044 -6.602330208 -13
6930 -1.53034997 -4.82723999 -13
6931 -0.5319799781 -5.466159821 -13
6932 0.4520300031 -6.034249783 -13
6933 -4.467870235 -3.193919897 -13
6934 -5.451809883 -2.625880003 -13
6935 -6.436560154 -2.057369947 -13
6936 -22.18700027 -39.81949997 -13
6937 -22.20866966 -39.71564865 -20
6938 -22.18709946 -39.81903076 -20
6939 -4.046999931 -2.938999891 -1.299999952
6940 -4.570000172 -2.03399992 -1.299999952
6941 -4.570000172 -2.03399992 0
6942 -4.046999931 -2.938999891 0
6943 -3.34800005 -3.71600008 -1.299999952
6944 -3.34800005 -3.71600008 0
6945 -2.502000093 -4.329999924 -1.299999952
6946 -2.502000093 -4.329999924 0
6947 1.542999983 -4.755000114 -1.299999952
6948 1.542999983 -4.755000114 0
6949 2.497999907 -4.329999924 0
6950 2.497999907 -4.329999924 -1.299999952
6951 0.5210000277 -4.97300005 -1.299999952
6952 0.5210000277 -4.97300005 0
6953 -1.547000051 -4.755000114 -1.299999952
6954 -1.547000051 -4.755000114 0
6955 -0.5249999762 -4.97300005 0
6956 -0.5249999762 -4.97300005 -1.299999952
6957 3.344000101 -3.71600008 -1.299999952
6958 3.344000101 -3.71600008 0
6959 4.043000221 -2.938999891 -1.299999952
6960 4.043000221 -2.938999891 0
6961 4.565999985 -2.03399992 -1.299999952
6962 4.565999985 -2.03399992 0
6963 4.888999939 -1.039999962 0
6964 4.565999985 -2.03399992 1.299999952
6965 4.888999939 -1.039999962 1.299999952
6966 4.888999939 -1.039999962 -1.299999952
6967 4.945000172 -1.087560058 -13
6968 3.013999939 -6.710209846 -13
6969 3.260499954 -6.852499962 -13
6970 3.013609886 -6.710499763 -20
6971 4.945000172 -1.087560058 -20
6972 -23.83223915 -38.77899933 -13
6973 -22.29899979 -39.66437149 -13
6974 -4.893000126 -1.039999962 0
6975 -4.046999931 -2.938999891 1.299999952
6976 3.344330072 -3.71600008 -2.599999905
6977 -18.23859978 -42.00762939 -20
$EndNodes
$Elements
14032
1 2 2 1 1 1 2 3
2 2 2 1 1 1 3 4
3 2 2 1 1 4 3 5
4 2 2 1 1 4 5 6
5 2 2 1 1 6 5 7
6 2 2 1 1 6 7 8
7 2 2 1 1 8 7 9
8 2 2 1 1 8 9 10
9 2 2 1 1 10 9 11
10 2 2 1 1 10 11 12
11 2 2 1 1 12 11 13
12 2 2 1 1 12 13 14
13 2 2 1 1 14 13 15
14 2 2 1 1 14 15 16
15 2 2 1 1 16 15 17
16 2 2 1 1 16 17 18
17 2 2 1 1 18 17 19
18 2 2 1 1 18 19 20
19 2 2 1 1 20 19 21
20 2 2 1 1 20 21 22
21 2 2 1 1 22 21 23
22 2 2 1 1 22 23 24
23 2 2 1 1 24 23 25
24 2 2 1 1 24 25 26
25 2 2 1 1 26 25 27
26 2 2 1 1 26 27 28
27 2 2 1 1 28 27 29
28 2 2 1 1 28 29 30
29 2 2 1 1 31 32 33
30 2 2 1 1 31 33 34
31 2 2 1 1 35 36 37
32 2 2 1 1 35 37 38
33 2 2 1 1 39 40 36
34 2 2 1 1 39 36 35
35 2 2 1 1 41 42 43
36 2 2 1 1 41 43 44
37 2 2 1 1 45 41 44
38 2 2 1 1 45 44 46
39 2 2 1 1 42 47 48
40 2 2 1 1 42 48 43
41 2 2 1 1 49 50 51
42 2 2 1 1 49 51 52
43 2 2 1 1 53 49 52
44 2 2 1 1 53 52 54
45 2 2 1 1 55 53 54
46 2 2 1 1 55 54 56
47 2 2 1 1 57 58 59
48 2 2 1 1 57 59 60
49 2 2 1 1 61 62 63
50 2 2 1 1 61 63 63
51 2 2 1 1 64 65 66
52 2 2 1 1 64 66 67
53 2 2 1 1 68 69 65
54 2 2 1 1 68 65 64
55 2 2 1 1 70 71 72
56 2 2 1 1 70 72 73
57 2 2 1 1 74 75 71
58 2 2 1 1 74 71 70
59 2 2 1 1 76 77 75
60 2 2 1 1 76 75 74
61 2 2 1 1 78 79 77
62 2 2 1 1 78 77 76
63 2 2 1 1 80 81 82
64 2 2 1 1 80 82 83
65 2 2 1 1 84 85 86
66 2 2 1 1 84 86 87
67 2 2 1 1 88 89 90
68 2 2 1 1 88 90 90
69 2 2 1 1 91 92 93
70 2 2 1 1 91 93 94
71 2 2 1 1 95 96 97
72 2 2 1 1 95 97 98
73 2 2 1 1 99 95 98
74 2 2 1 1 99 98 100
75 2 2 1 1 101 99 100
76 2 2 1 1 101 100 102
77 2 2 1 1 103 101 102
78 2 2 1 1 103 102 104
79 2 2 1 1 103 104 105
80 2 2 1 1 103 105 106
81 2 2 1 1 106 105 107
82 2 2 1 1 106 107 108
83 2 2 1 1 108 107 109
84 2 2 1 1 108 109 110
85 2 2 1 1 110 109 111
86 2 2 1 1 110 111 112
87 2 2 1 1 112 111 113
88 2 2 1 1 112 113 114
89 2 2 1 1 114 113 115
90 2 2 1 1 114 115 116
91 2 2 1 1 116 115 117
92 2 2 1 1 116 117 118
93 2 2 1 1 118 117 119
94 2 2 1 1 118 119 120
95 2 2 1 1 120 119 121
96 2 2 1 1 120 121 122
97 2 2 1 1 122 121 123
98 2 2 1 1 122 123 124
99 2 2 1 1 124 123 125
100 2 2 1 1 124 125 126
101 2 2 1 1 126 125 127
102 2 2 1 1 126 127 128
103 2 2 1 1 128 127 129
104 2 2 1 1 128 129 130
105 2 2 1 1 130 129 131
106 2 2 1 1 130 131 132
107 2 2 1 1 133 132 131
108 2 2 1 1 133 131 134
109 2 2 1 1 135 133 134
110 2 2 1 1 135 134 136
111 2 2 1 1 137 135 136
112 2 2 1 1 137 136 138
113 2 2 1 1 139 137 138
114 2 2 1 1 139 138 140
115 2 2 1 1 141 139 140
116 2 2 1 1 141 140 142
117 2 2 1 1 143 141 142
118 2 2 1 1 143 142 144
119 2 2 1 1 145 143 144
120 2 2 1 1 145 144 146
121 2 2 1 1 147 145 146
122 2 2 1 1 147 146 148
123 2 2 1 1 149 147 148
124 2 2 1 1 149 148 150
125 2 2 1 1 96 149 150
126 2 2 1 1 96 150 97
127 2 2 1 1 151 152 101
128 2 2 1 1 151 101 103
129 2 2 1 1 152 153 99
130 2 2 1 1 152 99 101
131 2 2 1 1 153 154 95
132 2 2 1 1 153 95 99
133 2 2 1 1 154 155 96
134 2 2 1 1 154 96 95
135 2 2 1 1 155 156 149
136 2 2 1 1 155 149 96
137 2 2 1 1 156 157 147
138 2 2 1 1 156 147 149
139 2 2 1 1 157 158 145
140 2 2 1 1 157 145 147
141 2 2 1 1 158 159 143
142 2 2 1 1 158 143 145
143 2 2 1 1 159 160 141
144 2 2 1 1 159 141 143
145 2 2 1 1 160 161 139
146 2 2 1 1 160 139 141
147 2 2 1 1 161 162 137
148 2 2 1 1 161 137 139
149 2 2 1 1 162 163 135
150 2 2 1 1 162 135 137
151 2 2 1 1 163 164 133
152 2 2 1 1 163 133 135
153 2 2 1 1 164 165 132
154 2 2 1 1 164 132 133
155 2 2 1 1 151 103 106
156 2 2 1 1 151 106 166
157 2 2 1 1 166 106 108
158 2 2 1 1 166 108 167
159 2 2 1 1 167 108 110
160 2 2 1 1 167 110 168
161 2 2 1 1 168 110 112
162 2 2 1 1 168 112 169
163 2 2 1 1 169 112 114
164 2 2 1 1 169 114 170
165 2 2 1 1 170 114 116
166 2 2 1 1 170 116 171
167 2 2 1 1 171 116 118
168 2 2 1 1 171 118 172
169 2 2 1 1 172 118 120
170 2 2 1 1 172 120 173
171 2 2 1 1 173 120 122
172 2 2 1 1 173 122 174
173 2 2 1 1 174 122 124
174 2 2 1 1 174 124 175
175 2 2 1 1 175 124 126
176 2 2 1 1 175 126 176
177 2 2 1 1 176 126 128
178 2 2 1 1 176 128 177
179 2 2 1 1 177 128 130
180 2 2 1 1 177 130 178
181 2 2 1 1 178 130 132
182 2 2 1 1 178 132 165
183 2 2 1 1 179 178 165
184 2 2 1 1 179 165 180
185 2 2 1 1 181 179 180
186 2 2 1 1 181 180 182
187 2 2 1 1 183 181 182
188 2 2 1 1 183 182 184
189 2 2 1 1 185 177 178
190 2 2 1 1 185 178 179
191 2 2 1 1 186 185 179
192 2 2 1 1 186 179 181
193 2 2 1 1 187 186 181
194 2 2 1 1 187 181 183
195 2 2 1 1 188 176 177
196 2 2 1 1 188 177 185
197 2 2 1 1 189 188 185
198 2 2 1 1 189 185 186
199 2 2 1 1 190 189 186
200 2 2 1 1 190 186 187
201 2 2 1 1 191 175 176
202 2 2 1 1 191 176 188
203 2 2 1 1 192 191 188
204 2 2 1 1 192 188 189
205 2 2 1 1 193 192 189
206 2 2 1 1 193 189 190
207 2 2 1 1 194 174 175
208 2 2 1 1 194 175 191
209 2 2 1 1 195 194 191
210 2 2 1 1 195 191 192
211 2 2 1 1 196 195 192
212 2 2 1 1 196 192 193
213 2 2 1 1 197 173 174
214 2 2 1 1 197 174 194
215 2 2 1 1 198 197 194
216 2 2 1 1 198 194 195
217 2 2 1 1 199 198 195
218 2 2 1 1 199 195 196
219 2 2 1 1 200 172 173
220 2 2 1 1 200 173 197
221 2 2 1 1 201 200 197
222 2 2 1 1 201 197 198
223 2 2 1 1 202 201 198
224 2 2 1 1 202 198 199
225 2 2 1 1 203 171 172
226 2 2 1 1 203 172 200
227 2 2 1 1 204 203 200
228 2 2 1 1 204 200 201
229 2 2 1 1 205 204 201
230 2 2 1 1 205 201 202
231 2 2 1 1 206 170 171
232 2 2 1 1 206 171 203
233 2 2 1 1 207 206 203
234 2 2 1 1 207 203 204
235 2 2 1 1 208 207 204
236 2 2 1 1 208 204 205
237 2 2 1 1 209 169 170
238 2 2 1 1 209 170 206
239 2 2 1 1 210 209 206
240 2 2 1 1 210 206 207
241 2 2 1 1 211 210 207
242 2 2 1 1 211 207 208
243 2 2 1 1 212 168 169
244 2 2 1 1 212 169 209
245 2 2 1 1 213 212 209
246 2 2 1 1 213 209 210
247 2 2 1 1 214 213 210
248 2 2 1 1 214 210 211
249 2 2 1 1 215 167 168
250 2 2 1 1 215 168 212
251 2 2 1 1 216 215 212
252 2 2 1 1 216 212 213
253 2 2 1 1 217 216 213
254 2 2 1 1 217 213 214
255 2 2 1 1 218 166 167
256 2 2 1 1 218 167 215
257 2 2 1 1 219 218 215
258 2 2 1 1 219 215 216
259 2 2 1 1 220 219 216
260 2 2 1 1 220 216 217
261 2 2 1 1 221 151 166
262 2 2 1 1 221 166 218
263 2 2 1 1 222 221 218
264 2 2 1 1 222 218 219
265 2 2 1 1 223 222 219
266 2 2 1 1 223 219 220
267 2 2 1 1 224 180 165
268 2 2 1 1 224 165 164
269 2 2 1 1 225 182 180
270 2 2 1 1 225 180 224
271 2 2 1 1 226 184 182
272 2 2 1 1 226 182 225
273 2 2 1 1 227 224 164
274 2 2 1 1 227 164 163
275 2 2 1 1 228 225 224
276 2 2 1 1 228 224 227
277 2 2 1 1 229 226 225
278 2 2 1 1 229 225 228
279 2 2 1 1 230 227 163
280 2 2 1 1 230 163 162
281 2 2 1 1 231 228 227
282 2 2 1 1 231 227 230
283 2 2 1 1 232 229 228
284 2 2 1 1 232 228 231
285 2 2 1 1 233 230 162
286 2 2 1 1 233 162 161
287 2 2 1 1 234 231 230
288 2 2 1 1 234 230 233
289 2 2 1 1 235 232 231
290 2 2 1 1 235 231 234
291 2 2 1 1 236 233 161
292 2 2 1 1 236 161 160
293 2 2 1 1 237 234 233
294 2 2 1 1 237 233 236
295 2 2 1 1 238 235 234
296 2 2 1 1 238 234 237
297 2 2 1 1 239 236 160
298 2 2 1 1 239 160 159
299 2 2 1 1 240 237 236
300 2 2 1 1 240 236 239
301 2 2 1 1 241 238 237
302 2 2 1 1 241 237 240
303 2 2 1 1 242 239 159
304 2 2 1 1 242 159 158
305 2 2 1 1 243 240 239
306 2 2 1 1 243 239 242
307 2 2 1 1 244 241 240
308 2 2 1 1 244 240 243
309 2 2 1 1 245 242 158
310 2 2 1 1 245 158 157
311 2 2 1 1 246 243 242
312 2 2 1 1 246 242 245
313 2 2 1 1 247 244 243
314 2 2 1 1 247 243 246
315 2 2 1 1 248 245 157
316 2 2 1 1 248 157 156
317 2 2 1 1 249 246 245
318 2 2 1 1 249 245 248
319 2 2 1 1 250 247 246
320 2 2 1 1 250 246 249
321 2 2 1 1 251 248 156
322 2 2 1 1 251 156 155
323 2 2 1 1 252 249 248
324 2 2 1 1 252 248 251
325 2 2 1 1 253 250 249
326 2 2 1 1 253 249 252
327 2 2 1 1 254 251 155
328 2 2 1 1 254 155 154
329 2 2 1 1 255 252 251
330 2 2 1 1 255 251 254
331 2 2 1 1 256 253 252
332 2 2 1 1 256 252 255
333 2 2 1 1 257 254 154
334 2 2 1 1 257 154 153
335 2 2 1 1 258 255 254
336 2 2 1 1 258 254 257
337 2 2 1 1 259 256 255
338 2 2 1 1 259 255 258
339 2 2 1 1 260 257 153
340 2 2 1 1 260 153 152
341 2 2 1 1 261 258 257
342 2 2 1 1 261 257 260
343 2 2 1 1 262 259 258
344 2 2 1 1 262 258 261
345 2 2 1 1 221 260 152
346 2 2 1 1 221 152 151
347 2 2 1 1 222 261 260
348 2 2 1 1 222 260 221
349 2 2 1 1 223 262 261
350 2 2 1 1 223 261 222
351 2 2 1 1 263 264 265
352 2 2 1 1 263 265 266
353 2 2 1 1 266 265 267
354 2 2 1 1 266 267 268
355 2 2 1 1 268 267 269
356 2 2 1 1 268 269 270
357 2 2 1 1 270 269 271
358 2 2 1 1 270 271 272
359 2 2 1 1 272 271 273
360 2 2 1 1 272 273 274
361 2 2 1 1 274 273 275
362 2 2 1 1 274 275 276
363 2 2 1 1 276 275 277
364 2 2 1 1 276 277 278
365 2 2 1 1 278 277 262
366 2 2 1 1 278 262 223
367 2 2 1 1 264 279 280
368 2 2 1 1 264 280 265
369 2 2 1 1 265 280 281
370 2 2 1 1 265 281 267
371 2 2 1 1 267 281 282
372 2 2 1 1 267 282 269
373 2 2 1 1 269 282 283
374 2 2 1 1 269 283 271
375 2 2 1 1 271 283 284
376 2 2 1 1 271 284 273
377 2 2 1 1 273 284 285
378 2 2 1 1 273 285 275
379 2 2 1 1 275 285 286
380 2 2 1 1 275 286 277
381 2 2 1 1 277 286 259
382 2 2 1 1 277 259 262
383 2 2 1 1 279 287 288
384 2 2 1 1 279 288 280
385 2 2 1 1 280 288 289
386 2 2 1 1 280 289 281
387 2 2 1 1 281 289 290
388 2 2 1 1 281 290 282
389 2 2 1 1 282 290 291
390 2 2 1 1 282 291 283
391 2 2 1 1 283 291 292
392 2 2 1 1 283 292 284
393 2 2 1 1 284 292 293
394 2 2 1 1 284 293 285
395 2 2 1 1 285 293 294
396 2 2 1 1 285 294 286
397 2 2 1 1 286 294 256
398 2 2 1 1 286 256 259
399 2 2 1 1 287 295 296
400 2 2 1 1 287 296 288
401 2 2 1 1 288 296 297
402 2 2 1 1 288 297 289
403 2 2 1 1 289 297 298
404 2 2 1 1 289 298 290
405 2 2 1 1 290 298 299
406 2 2 1 1 290 299 291
407 2 2 1 1 291 299 300
408 2 2 1 1 291 300 292
409 2 2 1 1 292 300 301
410 2 2 1 1 292 301 293
411 2 2 1 1 293 301 302
412 2 2 1 1 293 302 294
413 2 2 1 1 294 302 253
414 2 2 1 1 294 253 256
415 2 2 1 1 295 303 304
416 2 2 1 1 295 304 296
417 2 2 1 1 296 304 305
418 2 2 1 1 296 305 297
419 2 2 1 1 297 305 306
420 2 2 1 1 297 306 298
421 2 2 1 1 298 306 307
422 2 2 1 1 298 307 299
423 2 2 1 1 299 307 308
424 2 2 1 1 299 308 300
425 2 2 1 1 300 308 309
426 2 2 1 1 300 309 301
427 2 2 1 1 301 309 310
428 2 2 1 1 301 310 302
429 2 2 1 1 302 310 250
430 2 2 1 1 302 250 253
431 2 2 1 1 303 311 312
432 2 2 1 1 303 312 304
433 2 2 1 1 304 312 313
434 2 2 1 1 304 313 305
435 2 2 1 1 305 313 314
436 2 2 1 1 305 314 306
437 2 2 1 1 306 314 315
438 2 2 1 1 306 315 307
439 2 2 1 1 307 315 316
440 2 2 1 1 307 316 308
441 2 2 1 1 308 316 317
442 2 2 1 1 308 317 309
443 2 2 1 1 309 317 318
444 2 2 1 1 309 318 310
445 2 2 1 1 310 318 247
446 2 2 1 1 310 247 250
447 2 2 1 1 311 319 320
448 2 2 1 1 311 320 312
449 2 2 1 1 312 320 321
450 2 2 1 1 312 321 313
451 2 2 1 1 313 321 322
452 2 2 1 1 313 322 314
453 2 2 1 1 314 322 323
454 2 2 1 1 314 323 315
455 2 2 1 1 315 323 324
456 2 2 1 1 315 324 316
457 2 2 1 1 316 324 325
458 2 2 1 1 316 325 317
459 2 2 1 1 317 325 326
460 2 2 1 1 317 326 318
461 2 2 1 1 318 326 244
462 2 2 1 1 318 244 247
463 2 2 1 1 319 327 328
464 2 2 1 1 319 328 320
465 2 2 1 1 320 328 329
466 2 2 1 1 320 329 321
467 2 2 1 1 321 329 330
468 2 2 1 1 321 330 322
469 2 2 1 1 322 330 331
470 2 2 1 1 322 331 323
471 2 2 1 1 323 331 332
472 2 2 1 1 323 332 324
473 2 2 1 1 324 332 333
474 2 2 1 1 324 333 325
475 2 2 1 1 325 333 334
476 2 2 1 1 325 334 326
477 2 2 1 1 326 334 241
478 2 2 1 1 326 241 244
479 2 2 1 1 327 335 336
480 2 2 1 1 327 336 328
481 2 2 1 1 328 336 337
482 2 2 1 1 328 337 329
483 2 2 1 1 329 337 338
484 2 2 1 1 329 338 330
485 2 2 1 1 330 338 339
486 2 2 1 1 330 339 331
487 2 2 1 1 331 339 340
488 2 2 1 1 331 340 332
489 2 2 1 1 332 340 341
490 2 2 1 1 332 341 333
491 2 2 1 1 333 341 342
492 2 2 1 1 333 342 334
493 2 2 1 1 334 342 238
494 2 2 1 1 334 238 241
495 2 2 1 1 335 343 344
496 2 2 1 1 335 344 336
497 2 2 1 1 336 344 345
498 2 2 1 1 336 345 337
499 2 2 1 1 337 345 346
500 2 2 1 1 337 346 338
501 2 2 1 1 338 346 347
502 2 2 1 1 338 347 339
503 2 2 1 1 339 347 348
504 2 2 1 1 339 348 340
505 2 2 1 1 340 348 349
506 2 2 1 1 340 349 341
507 2 2 1 1 341 349 350
508 2 2 1 1 341 350 342
509 2 2 1 1 342 350 235
510 2 2 1 1 342 235 238
511 2 2 1 1 343 351 352
512 2 2 1 1 343 352 344
513 2 2 1 1 344 352 353
514 2 2 1 1 344 353 345
515 2 2 1 1 345 353 354
516 2 2 1 1 345 354 346
517 2 2 1 1 346 354 355
518 2 2 1 1 346 355 347
519 2 2 1 1 347 355 356
520 2 2 1 1 347 356 348
521 2 2 1 1 348 356 357
522 2 2 1 1 348 357 349
523 2 2 1 1 349 357 358
524 2 2 1 1 349 358 350
525 2 2 1 1 350 358 232
526 2 2 1 1 350 232 235
527 2 2 1 1 351 359 360
528 2 2 1 1 351 360 352
529 2 2 1 1 352 360 361
530 2 2 1 1 352 361 353
531 2 2 1 1 353 361 362
532 2 2 1 1 353 362 354
533 2 2 1 1 354 362 363
534 2 2 1 1 354 363 355
535 2 2 1 1 355 363 364
536 2 2 1 1 355 364 356
537 2 2 1 1 356 364 365
538 2 2 1 1 356 365 357
539 2 2 1 1 357 365 366
540 2 2 1 1 357 366 358
541 2 2 1 1 358 366 229
542 2 2 1 1 358 229 232
543 2 2 1 1 359 367 368
544 2 2 1 1 359 368 360
545 2 2 1 1 360 368 369
546 2 2 1 1 360 369 361
547 2 2 1 1 361 369 370
548 2 2 1 1 361 370 362
549 2 2 1 1 362 370 371
550 2 2 1 1 362 371 363
551 2 2 1 1 363 371 372
552 2 2 1 1 363 372 364
553 2 2 1 1 364 372 373
554 2 2 1 1 364 373 365
555 2 2 1 1 365 373 374
556 2 2 1 1 365 374 366
557 2 2 1 1 366 374 226
558 2 2 1 1 366 226 229
559 2 2 1 1 367 375 376
560 2 2 1 1 367 376 368
561 2 2 1 1 368 376 377
562 2 2 1 1 368 377 369
563 2 2 1 1 369 377 378
564 2 2 1 1 369 378 370
565 2 2 1 1 370 378 379
566 2 2 1 1 370 379 371
567 2 2 1 1 371 379 380
568 2 2 1 1 371 380 372
569 2 2 1 1 372 380 381
570 2 2 1 1 372 381 373
571 2 2 1 1 373 381 382
572 2 2 1 1 373 382 374
573 2 2 1 1 374 382 184
574 2 2 1 1 374 184 226
575 2 2 1 1 263 266 383
576 2 2 1 1 263 383 384
577 2 2 1 1 266 268 385
578 2 2 1 1 266 385 383
579 2 2 1 1 268 270 386
580 2 2 1 1 268 386 385
581 2 2 1 1 270 272 387
582 2 2 1 1 270 387 386
583 2 2 1 1 272 274 388
584 2 2 1 1 272 388 387
585 2 2 1 1 274 276 389
586 2 2 1 1 274 389 388
587 2 2 1 1 276 278 390
588 2 2 1 1 276 390 389
589 2 2 1 1 278 223 220
590 2 2 1 1 278 220 390
591 2 2 1 1 384 383 391
592 2 2 1 1 384 391 392
593 2 2 1 1 383 385 393
594 2 2 1 1 383 393 391
595 2 2 1 1 385 386 394
596 2 2 1 1 385 394 393
597 2 2 1 1 386 387 395
598 2 2 1 1 386 395 394
599 2 2 1 1 387 388 396
600 2 2 1 1 387 396 395
601 2 2 1 1 388 389 397
602 2 2 1 1 388 397 396
603 2 2 1 1 389 390 398
604 2 2 1 1 389 398 397
605 2 2 1 1 390 220 217
606 2 2 1 1 390 217 398
607 2 2 1 1 392 391 399
608 2 2 1 1 392 399 400
609 2 2 1 1 391 393 401
610 2 2 1 1 391 401 399
611 2 2 1 1 393 394 402
612 2 2 1 1 393 402 401
613 2 2 1 1 394 395 403
614 2 2 1 1 394 403 402
615 2 2 1 1 395 396 404
616 2 2 1 1 395 404 403
617 2 2 1 1 396 397 405
618 2 2 1 1 396 405 404
619 2 2 1 1 397 398 406
620 2 2 1 1 397 406 405
621 2 2 1 1 398 217 214
622 2 2 1 1 398 214 406
623 2 2 1 1 400 399 407
624 2 2 1 1 400 407 408
625 2 2 1 1 399 401 409
626 2 2 1 1 399 409 407
627 2 2 1 1 401 402 410
628 2 2 1 1 401 410 409
629 2 2 1 1 402 403 411
630 2 2 1 1 402 411 410
631 2 2 1 1 403 404 412
632 2 2 1 1 403 412 411
633 2 2 1 1 404 405 413
634 2 2 1 1 404 413 412
635 2 2 1 1 405 406 414
636 2 2 1 1 405 414 413
637 2 2 1 1 406 214 211
638 2 2 1 1 406 211 414
639 2 2 1 1 408 407 415
640 2 2 1 1 408 415 416
641 2 2 1 1 407 409 417
642 2 2 1 1 407 417 415
643 2 2 1 1 409 410 418
644 2 2 1 1 409 418 417
645 2 2 1 1 410 411 419
646 2 2 1 1 410 419 418
647 2 2 1 1 411 412 420
648 2 2 1 1 411 420 419
649 2 2 1 1 412 413 421
650 2 2 1 1 412 421 420
651 2 2 1 1 413 414 422
652 2 2 1 1 413 422 421
653 2 2 1 1 414 211 208
654 2 2 1 1 414 208 422
655 2 2 1 1 416 415 423
656 2 2 1 1 416 423 424
657 2 2 1 1 415 417 425
658 2 2 1 1 415 425 423
659 2 2 1 1 417 418 426
660 2 2 1 1 417 426 425
661 2 2 1 1 418 419 427
662 2 2 1 1 418 427 426
663 2 2 1 1 419 420 428
664 2 2 1 1 419 428 427
665 2 2 1 1 420 421 429
666 2 2 1 1 420 429 428
667 2 2 1 1 421 422 430
668 2 2 1 1 421 430 429
669 2 2 1 1 422 208 205
670 2 2 1 1 422 205 430
671 2 2 1 1 424 423 431
672 2 2 1 1 424 431 432
673 2 2 1 1 423 425 433
674 2 2 1 1 423 433 431
675 2 2 1 1 425 426 434
676 2 2 1 1 425 434 433
677 2 2 1 1 426 427 435
678 2 2 1 1 426 435 434
679 2 2 1 1 427 428 436
680 2 2 1 1 427 436 435
681 2 2 1 1 428 429 437
682 2 2 1 1 428 437 436
683 2 2 1 1 429 430 438
684 2 2 1 1 429 438 437
685 2 2 1 1 430 205 202
686 2 2 1 1 430 202 438
687 2 2 1 1 432 431 439
688 2 2 1 1 432 439 440
689 2 2 1 1 431 433 441
690 2 2 1 1 431 441 439
691 2 2 1 1 433 434 442
692 2 2 1 1 433 442 441
693 2 2 1 1 434 435 443
694 2 2 1 1 434 443 442
695 2 2 1 1 435 436 444
696 2 2 1 1 435 444 443
697 2 2 1 1 436 437 445
698 2 2 1 1 436 445 444
699 2 2 1 1 437 438 446
700 2 2 1 1 437 446 445
701 2 2 1 1 438 202 199
702 2 2 1 1 438 199 446
703 2 2 1 1 440 439 447
704 2 2 1 1 440 447 448
705 2 2 1 1 439 441 449
706 2 2 1 1 439 449 447
707 2 2 1 1 441 442 450
708 2 2 1 1 441 450 449
709 2 2 1 1 442 443 451
710 2 2 1 1 442 451 450
711 2 2 1 1 443 444 452
712 2 2 1 1 443 452 451
713 2 2 1 1 444 445 453
714 2 2 1 1 444 453 452
715 2 2 1 1 445 446 454
716 2 2 1 1 445 454 453
717 2 2 1 1 446 199 196
718 2 2 1 1 446 196 454
719 2 2 1 1 448 447 455
720 2 2 1 1 448 455 456
721 2 2 1 1 447 449 457
722 2 2 1 1 447 457 455
723 2 2 1 1 449 450 458
724 2 2 1 1 449 458 457
725 2 2 1 1 450 451 459
726 2 2 1 1 450 459 458
727 2 2 1 1 451 452 460
728 2 2 1 1 451 460 459
729 2 2 1 1 452 453 461
730 2 2 1 1 452 461 460
731 2 2 1 1 453 454 462
732 2 2 1 1 453 462 461
733 2 2 1 1 454 196 193
734 2 2 1 1 454 193 462
735 2 2 1 1 456 455 463
736 2 2 1 1 456 463 464
737 2 2 1 1 455 457 465
738 2 2 1 1 455 465 463
739 2 2 1 1 457 458 466
740 2 2 1 1 457 466 465
741 2 2 1 1 458 459 467
742 2 2 1 1 458 467 466
743 2 2 1 1 459 460 468
744 2 2 1 1 459 468 467
745 2 2 1 1 460 461 469
746 2 2 1 1 460 469 468
747 2 2 1 1 461 462 470
748 2 2 1 1 461 470 469
749 2 2 1 1 462 193 190
750 2 2 1 1 462 190 470
751 2 2 1 1 464 463 471
752 2 2 1 1 464 471 472
753 2 2 1 1 463 465 473
754 2 2 1 1 463 473 471
755 2 2 1 1 465 466 474
756 2 2 1 1 465 474 473
757 2 2 1 1 466 467 475
758 2 2 1 1 466 475 474
759 2 2 1 1 467 468 476
760 2 2 1 1 467 476 475
761 2 2 1 1 468 469 477
762 2 2 1 1 468 477 476
763 2 2 1 1 469 470 478
764 2 2 1 1 469 478 477
765 2 2 1 1 470 190 187
766 2 2 1 1 470 187 478
767 2 2 1 1 472 471 479
768 2 2 1 1 472 479 480
769 2 2 1 1 471 473 481
770 2 2 1 1 471 481 479
771 2 2 1 1 473 474 482
772 2 2 1 1 473 482 481
773 2 2 1 1 474 475 483
774 2 2 1 1 474 483 482
775 2 2 1 1 475 476 484
776 2 2 1 1 475 484 483
777 2 2 1 1 476 477 485
778 2 2 1 1 476 485 484
779 2 2 1 1 477 478 486
780 2 2 1 1 477 486 485
781 2 2 1 1 478 187 183
782 2 2 1 1 478 183 486
783 2 2 1 1 480 479 376
784 2 2 1 1 480 376 375
785 2 2 1 1 479 481 377
786 2 2 1 1 479 377 376
787 2 2 1 1 481 482 378
788 2 2 1 1 481 378 377
789 2 2 1 1 482 483 379
790 2 2 1 1 482 379 378
791 2 2 1 1 483 484 380
792 2 2 1 1 483 380 379
793 2 2 1 1 484 485 381
794 2 2 1 1 484 381 380
795 2 2 1 1 485 486 382
796 2 2 1 1 485 382 381
797 2 2 1 1 486 183 184
798 2 2 1 1 486 184 382
799 2 2 1 1 487 488 131
800 2 2 1 1 487 131 129
801 2 2 1 1 489 490 491
802 2 2 1 1 489 491 491
803 2 2 1 1 492 487 129
804 2 2 1 1 492 129 127
805 2 2 1 1 493 494 487
806 2 2 1 1 493 487 492
807 2 2 1 1 495 489 494
808 2 2 1 1 495 494 493
809 2 2 1 1 495 490 489
810 2 2 1 1 495 489 489
811 2 2 1 1 496 492 127
812 2 2 1 1 496 127 125
813 2 2 1 1 497 493 492
814 2 2 1 1 497 492 496
815 2 2 1 1 498 495 493
816 2 2 1 1 498 493 497
817 2 2 1 1 498 490 495
818 2 2 1 1 498 495 495
819 2 2 1 1 499 496 125
820 2 2 1 1 499 125 123
821 2 2 1 1 500 497 496
822 2 2 1 1 500 496 499
823 2 2 1 1 501 498 497
824 2 2 1 1 501 497 500
825 2 2 1 1 501 490 498
826 2 2 1 1 501 498 498
827 2 2 1 1 502 499 123
828 2 2 1 1 502 123 121
829 2 2 1 1 503 500 499
830 2 2 1 1 503 499 502
831 2 2 1 1 504 501 500
832 2 2 1 1 504 500 503
833 2 2 1 1 504 490 501
834 2 2 1 1 504 501 501
835 2 2 1 1 505 502 121
836 2 2 1 1 505 121 119
837 2 2 1 1 506 503 502
838 2 2 1 1 506 502 505
839 2 2 1 1 507 504 503
840 2 2 1 1 507 503 506
841 2 2 1 1 507 490 504
842 2 2 1 1 507 504 504
843 2 2 1 1 508 505 119
844 2 2 1 1 508 119 117
845 2 2 1 1 509 506 505
846 2 2 1 1 509 505 508
847 2 2 1 1 510 507 506
848 2 2 1 1 510 506 509
849 2 2 1 1 510 490 507
850 2 2 1 1 510 507 507
851 2 2 1 1 511 508 117
852 2 2 1 1 511 117 115
853 2 2 1 1 512 509 508
854 2 2 1 1 512 508 511
855 2 2 1 1 513 510 509
856 2 2 1 1 513 509 512
857 2 2 1 1 513 490 510
858 2 2 1 1 513 510 510
859 2 2 1 1 514 511 115
860 2 2 1 1 514 115 113
861 2 2 1 1 515 512 511
862 2 2 1 1 515 511 514
863 2 2 1 1 516 513 512
864 2 2 1 1 516 512 515
865 2 2 1 1 516 490 513
866 2 2 1 1 516 513 513
867 2 2 1 1 517 514 113
868 2 2 1 1 517 113 111
869 2 2 1 1 518 515 514
870 2 2 1 1 518 514 517
871 2 2 1 1 519 516 515
872 2 2 1 1 519 515 518
873 2 2 1 1 519 490 516
874 2 2 1 1 519 516 516
875 2 2 1 1 520 518 517
876 2 2 1 1 520 517 521
877 2 2 1 1 522 519 518
878 2 2 1 1 522 518 520
879 2 2 1 1 522 490 519
880 2 2 1 1 522 519 519
881 2 2 1 1 523 521 109
882 2 2 1 1 523 109 107
883 2 2 1 1 524 520 521
884 2 2 1 1 524 521 523
885 2 2 1 1 525 522 520
886 2 2 1 1 525 520 524
887 2 2 1 1 525 490 522
888 2 2 1 1 525 522 522
889 2 2 1 1 526 523 107
890 2 2 1 1 526 107 105
891 2 2 1 1 527 524 523
892 2 2 1 1 527 523 526
893 2 2 1 1 528 525 524
894 2 2 1 1 528 524 527
895 2 2 1 1 528 490 525
896 2 2 1 1 528 525 525
897 2 2 1 1 529 526 105
898 2 2 1 1 529 105 104
899 2 2 1 1 530 490 528
900 2 2 1 1 530 528 528
901 2 2 1 1 531 134 131
902 2 2 1 1 531 131 488
903 2 2 1 1 532 531 488
904 2 2 1 1 532 488 533
905 2 2 1 1 534 532 533
906 2 2 1 1 534 533 491
907 2 2 1 1 491 490 534
908 2 2 1 1 491 534 534
909 2 2 1 1 535 136 134
910 2 2 1 1 535 134 531
911 2 2 1 1 536 535 531
912 2 2 1 1 536 531 532
913 2 2 1 1 537 536 532
914 2 2 1 1 537 532 534
915 2 2 1 1 534 490 537
916 2 2 1 1 534 537 537
917 2 2 1 1 538 138 136
918 2 2 1 1 538 136 535
919 2 2 1 1 539 538 535
920 2 2 1 1 539 535 536
921 2 2 1 1 540 539 536
922 2 2 1 1 540 536 537
923 2 2 1 1 537 490 540
924 2 2 1 1 537 540 540
925 2 2 1 1 541 140 138
926 2 2 1 1 541 138 538
927 2 2 1 1 542 541 538
928 2 2 1 1 542 538 539
929 2 2 1 1 543 542 539
930 2 2 1 1 543 539 540
931 2 2 1 1 540 490 543
932 2 2 1 1 540 543 543
933 2 2 1 1 544 142 140
934 2 2 1 1 544 140 541
935 2 2 1 1 545 544 541
936 2 2 1 1 545 541 542
937 2 2 1 1 546 545 542
938 2 2 1 1 546 542 543
939 2 2 1 1 543 490 546
940 2 2 1 1 543 546 546
941 2 2 1 1 547 144 142
942 2 2 1 1 547 142 544
943 2 2 1 1 548 547 544
944 2 2 1 1 548 544 545
945 2 2 1 1 549 548 545
946 2 2 1 1 549 545 546
947 2 2 1 1 546 490 549
948 2 2 1 1 546 549 549
949 2 2 1 1 550 146 144
950 2 2 1 1 550 144 547
951 2 2 1 1 551 550 547
952 2 2 1 1 551 547 548
953 2 2 1 1 552 551 548
954 2 2 1 1 552 548 549
955 2 2 1 1 549 490 552
956 2 2 1 1 549 552 552
957 2 2 1 1 553 148 146
958 2 2 1 1 553 146 550
959 2 2 1 1 554 553 550
960 2 2 1 1 554 550 551
961 2 2 1 1 555 554 551
962 2 2 1 1 555 551 552
963 2 2 1 1 552 490 555
964 2 2 1 1 552 555 555
965 2 2 1 1 556 150 148
966 2 2 1 1 556 148 553
967 2 2 1 1 557 556 553
968 2 2 1 1 557 553 554
969 2 2 1 1 558 557 554
970 2 2 1 1 558 554 555
971 2 2 1 1 555 490 558
972 2 2 1 1 555 558 558
973 2 2 1 1 559 97 150
974 2 2 1 1 559 150 556
975 2 2 1 1 560 559 556
976 2 2 1 1 560 556 557
977 2 2 1 1 561 560 557
978 2 2 1 1 561 557 558
979 2 2 1 1 558 490 561
980 2 2 1 1 558 561 561
981 2 2 1 1 562 98 97
982 2 2 1 1 562 97 559
983 2 2 1 1 563 562 559
984 2 2 1 1 563 559 560
985 2 2 1 1 564 563 560
986 2 2 1 1 564 560 561
987 2 2 1 1 561 490 564
988 2 2 1 1 561 564 564
989 2 2 1 1 565 100 98
990 2 2 1 1 565 98 562
991 2 2 1 1 566 565 562
992 2 2 1 1 566 562 563
993 2 2 1 1 567 566 563
994 2 2 1 1 567 563 564
995 2 2 1 1 564 490 567
996 2 2 1 1 564 567 567
997 2 2 1 1 568 102 100
998 2 2 1 1 568 100 565
999 2 2 1 1 569 568 565
1000 2 2 1 1 569 565 566
1001 2 2 1 1 570 569 566
1002 2 2 1 1 570 566 567
1003 2 2 1 1 567 490 570
1004 2 2 1 1 567 570 570
1005 2 2 1 1 529 104 102
1006 2 2 1 1 529 102 568
1007 2 2 1 1 570 490 530
1008 2 2 1 1 570 530 530
1009 2 2 1 1 494 533 488
1010 2 2 1 1 494 488 487
1011 2 2 1 1 489 491 533
1012 2 2 1 1 489 533 494
1013 2 2 1 1 530 528 527
1014 2 2 1 1 530 527 571
1015 2 2 1 1 530 571 569
1016 2 2 1 1 530 569 570
1017 2 2 1 1 571 527 526
1018 2 2 1 1 571 526 529
1019 2 2 1 1 571 529 568
1020 2 2 1 1 571 568 569
1021 2 2 1 1 521 517 111
1022 2 2 1 1 521 111 109
1023 2 2 1 1 572 573 574
1024 2 2 1 1 572 574 574
1025 2 2 1 1 575 572 576
1026 2 2 1 1 575 576 576
1027 2 2 1 1 574 576 572
1028 2 2 1 1 574 572 572
1029 2 2 1 1 577 578 579
1030 2 2 1 1 577 579 579
1031 2 2 1 1 577 575 576
1032 2 2 1 1 577 576 576
1033 2 2 1 1 578 577 576
1034 2 2 1 1 578 576 576
1035 2 2 1 1 580 581 582
1036 2 2 1 1 580 582 582
1037 2 2 1 1 582 61 580
1038 2 2 1 1 582 580 580
1039 2 2 1 1 61 582 583
1040 2 2 1 1 61 583 583
1041 2 2 1 1 62 78 63
1042 2 2 1 1 62 63 63
1043 2 2 1 1 583 62 61
1044 2 2 1 1 583 61 61
1045 2 2 1 1 584 585 586
1046 2 2 1 1 584 586 586
1047 2 2 1 1 585 584 587
1048 2 2 1 1 585 587 587
1049 2 2 1 1 588 585 589
1050 2 2 1 1 588 589 589
1051 2 2 1 1 589 590 588
1052 2 2 1 1 589 588 588
1053 2 2 1 1 586 585 588
1054 2 2 1 1 586 588 588
1055 2 2 1 1 591 592 593
1056 2 2 1 1 591 593 593
1057 2 2 1 1 594 591 595
1058 2 2 1 1 594 595 595
1059 2 2 1 1 593 595 591
1060 2 2 1 1 593 591 591
1061 2 2 1 1 88 594 595
1062 2 2 1 1 88 595 595
1063 2 2 1 1 89 88 595
1064 2 2 1 1 89 595 595
1065 2 2 1 1 596 597 598
1066 2 2 1 1 596 598 598
1067 2 2 1 1 597 596 599
1068 2 2 1 1 597 599 599
1069 2 2 1 1 596 598 600
1070 2 2 1 1 596 600 600
1071 2 2 1 1 601 602 603
1072 2 2 1 1 601 603 603
1073 2 2 1 1 601 600 598
1074 2 2 1 1 601 598 598
1075 2 2 1 1 602 601 598
1076 2 2 1 1 602 598 598
1077 2 2 1 1 604 605 606
1078 2 2 1 1 604 606 606
1079 2 2 1 1 607 604 606
1080 2 2 1 1 607 606 606
1081 2 2 1 1 608 609 610
1082 2 2 1 1 608 610 610
1083 2 2 1 1 609 608 607
1084 2 2 1 1 609 607 607
1085 2 2 1 1 611 612 42
1086 2 2 1 1 611 42 41
1087 2 2 1 1 613 611 41
1088 2 2 1 1 613 41 45
1089 2 2 1 1 614 613 45
1090 2 2 1 1 614 45 615
1091 2 2 1 1 596 615 616
1092 2 2 1 1 596 616 599
1093 2 2 1 1 617 618 619
1094 2 2 1 1 617 619 620
1095 2 2 1 1 621 622 618
1096 2 2 1 1 621 618 617
1097 2 2 1 1 588 590 622
1098 2 2 1 1 588 622 621
1099 2 2 1 1 623 624 625
1100 2 2 1 1 623 625 626
1101 2 2 1 1 627 623 626
1102 2 2 1 1 627 626 628
1103 2 2 1 1 629 627 628
1104 2 2 1 1 629 628 630
1105 2 2 1 1 631 629 630
1106 2 2 1 1 631 630 632
1107 2 2 1 1 572 631 632
1108 2 2 1 1 572 632 573
1109 2 2 1 1 66 633 634
1110 2 2 1 1 66 634 635
1111 2 2 1 1 65 636 633
1112 2 2 1 1 65 633 66
1113 2 2 1 1 69 637 636
1114 2 2 1 1 69 636 65
1115 2 2 1 1 638 639 637
1116 2 2 1 1 638 637 69
1117 2 2 1 1 582 581 639
1118 2 2 1 1 582 639 638
1119 2 2 1 1 640 480 375
1120 2 2 1 1 640 375 641
1121 2 2 1 1 642 640 641
1122 2 2 1 1 642 641 643
1123 2 2 1 1 644 642 643
1124 2 2 1 1 644 643 645
1125 2 2 1 1 646 644 645
1126 2 2 1 1 646 645 647
1127 2 2 1 1 648 646 647
1128 2 2 1 1 648 647 649
1129 2 2 1 1 650 648 649
1130 2 2 1 1 650 649 651
1131 2 2 1 1 652 650 651
1132 2 2 1 1 652 651 653
1133 2 2 1 1 654 652 653
1134 2 2 1 1 654 653 655
1135 2 2 1 1 656 654 655
1136 2 2 1 1 656 655 657
1137 2 2 1 1 658 472 480
1138 2 2 1 1 658 480 640
1139 2 2 1 1 659 658 640
1140 2 2 1 1 659 640 642
1141 2 2 1 1 660 659 642
1142 2 2 1 1 660 642 644
1143 2 2 1 1 661 660 644
1144 2 2 1 1 661 644 646
1145 2 2 1 1 662 661 646
1146 2 2 1 1 662 646 648
1147 2 2 1 1 663 662 648
1148 2 2 1 1 663 648 650
1149 2 2 1 1 664 663 650
1150 2 2 1 1 664 650 652
1151 2 2 1 1 665 664 652
1152 2 2 1 1 665 652 654
1153 2 2 1 1 666 665 654
1154 2 2 1 1 666 654 656
1155 2 2 1 1 667 464 472
1156 2 2 1 1 667 472 658
1157 2 2 1 1 668 667 658
1158 2 2 1 1 668 658 659
1159 2 2 1 1 669 668 659
1160 2 2 1 1 669 659 660
1161 2 2 1 1 670 669 660
1162 2 2 1 1 670 660 661
1163 2 2 1 1 671 670 661
1164 2 2 1 1 671 661 662
1165 2 2 1 1 672 671 662
1166 2 2 1 1 672 662 663
1167 2 2 1 1 673 672 663
1168 2 2 1 1 673 663 664
1169 2 2 1 1 674 673 664
1170 2 2 1 1 674 664 665
1171 2 2 1 1 675 674 665
1172 2 2 1 1 675 665 666
1173 2 2 1 1 676 456 464
1174 2 2 1 1 676 464 667
1175 2 2 1 1 677 676 667
1176 2 2 1 1 677 667 668
1177 2 2 1 1 678 677 668
1178 2 2 1 1 678 668 669
1179 2 2 1 1 679 678 669
1180 2 2 1 1 679 669 670
1181 2 2 1 1 680 679 670
1182 2 2 1 1 680 670 671
1183 2 2 1 1 681 680 671
1184 2 2 1 1 681 671 672
1185 2 2 1 1 682 681 672
1186 2 2 1 1 682 672 673
1187 2 2 1 1 683 682 673
1188 2 2 1 1 683 673 674
1189 2 2 1 1 684 683 674
1190 2 2 1 1 684 674 675
1191 2 2 1 1 685 448 456
1192 2 2 1 1 685 456 676
1193 2 2 1 1 686 685 676
1194 2 2 1 1 686 676 677
1195 2 2 1 1 687 686 677
1196 2 2 1 1 687 677 678
1197 2 2 1 1 688 687 678
1198 2 2 1 1 688 678 679
1199 2 2 1 1 689 688 679
1200 2 2 1 1 689 679 680
1201 2 2 1 1 690 689 680
1202 2 2 1 1 690 680 681
1203 2 2 1 1 691 690 681
1204 2 2 1 1 691 681 682
1205 2 2 1 1 692 691 682
1206 2 2 1 1 692 682 683
1207 2 2 1 1 693 692 683
1208 2 2 1 1 693 683 684
1209 2 2 1 1 694 440 448
1210 2 2 1 1 694 448 685
1211 2 2 1 1 695 694 685
1212 2 2 1 1 695 685 686
1213 2 2 1 1 696 695 686
1214 2 2 1 1 696 686 687
1215 2 2 1 1 697 696 687
1216 2 2 1 1 697 687 688
1217 2 2 1 1 698 697 688
1218 2 2 1 1 698 688 689
1219 2 2 1 1 699 698 689
1220 2 2 1 1 699 689 690
1221 2 2 1 1 700 699 690
1222 2 2 1 1 700 690 691
1223 2 2 1 1 701 700 691
1224 2 2 1 1 701 691 692
1225 2 2 1 1 702 432 440
1226 2 2 1 1 702 440 694
1227 2 2 1 1 703 702 694
1228 2 2 1 1 703 694 695
1229 2 2 1 1 704 703 695
1230 2 2 1 1 704 695 696
1231 2 2 1 1 705 704 696
1232 2 2 1 1 705 696 697
1233 2 2 1 1 706 705 697
1234 2 2 1 1 706 697 698
1235 2 2 1 1 707 706 698
1236 2 2 1 1 707 698 699
1237 2 2 1 1 708 707 699
1238 2 2 1 1 708 699 700
1239 2 2 1 1 709 708 700
1240 2 2 1 1 709 700 701
1241 2 2 1 1 710 424 432
1242 2 2 1 1 710 432 702
1243 2 2 1 1 711 710 702
1244 2 2 1 1 711 702 703
1245 2 2 1 1 712 711 703
1246 2 2 1 1 712 703 704
1247 2 2 1 1 713 712 704
1248 2 2 1 1 713 704 705
1249 2 2 1 1 714 713 705
1250 2 2 1 1 714 705 706
1251 2 2 1 1 715 714 706
1252 2 2 1 1 715 706 707
1253 2 2 1 1 716 715 707
1254 2 2 1 1 716 707 708
1255 2 2 1 1 717 716 708
1256 2 2 1 1 717 708 709
1257 2 2 1 1 718 416 424
1258 2 2 1 1 718 424 710
1259 2 2 1 1 719 718 710
1260 2 2 1 1 719 710 711
1261 2 2 1 1 720 719 711
1262 2 2 1 1 720 711 712
1263 2 2 1 1 721 720 712
1264 2 2 1 1 721 712 713
1265 2 2 1 1 722 721 713
1266 2 2 1 1 722 713 714
1267 2 2 1 1 723 722 714
1268 2 2 1 1 723 714 715
1269 2 2 1 1 724 723 715
1270 2 2 1 1 724 715 716
1271 2 2 1 1 725 724 716
1272 2 2 1 1 725 716 717
1273 2 2 1 1 726 725 717
1274 2 2 1 1 726 717 586
1275 2 2 1 1 727 408 416
1276 2 2 1 1 727 416 718
1277 2 2 1 1 728 727 718
1278 2 2 1 1 728 718 719
1279 2 2 1 1 729 728 719
1280 2 2 1 1 729 719 720
1281 2 2 1 1 730 729 720
1282 2 2 1 1 730 720 721
1283 2 2 1 1 731 730 721
1284 2 2 1 1 731 721 722
1285 2 2 1 1 732 731 722
1286 2 2 1 1 732 722 723
1287 2 2 1 1 733 732 723
1288 2 2 1 1 733 723 724
1289 2 2 1 1 734 733 724
1290 2 2 1 1 734 724 725
1291 2 2 1 1 735 734 725
1292 2 2 1 1 735 725 726
1293 2 2 1 1 736 400 408
1294 2 2 1 1 736 408 727
1295 2 2 1 1 737 736 727
1296 2 2 1 1 737 727 728
1297 2 2 1 1 738 737 728
1298 2 2 1 1 738 728 729
1299 2 2 1 1 739 738 729
1300 2 2 1 1 739 729 730
1301 2 2 1 1 740 739 730
1302 2 2 1 1 740 730 731
1303 2 2 1 1 741 740 731
1304 2 2 1 1 741 731 732
1305 2 2 1 1 742 741 732
1306 2 2 1 1 742 732 733
1307 2 2 1 1 743 742 733
1308 2 2 1 1 743 733 734
1309 2 2 1 1 744 743 734
1310 2 2 1 1 744 734 735
1311 2 2 1 1 745 392 400
1312 2 2 1 1 745 400 736
1313 2 2 1 1 746 745 736
1314 2 2 1 1 746 736 737
1315 2 2 1 1 747 746 737
1316 2 2 1 1 747 737 738
1317 2 2 1 1 748 747 738
1318 2 2 1 1 748 738 739
1319 2 2 1 1 749 748 739
1320 2 2 1 1 749 739 740
1321 2 2 1 1 750 749 740
1322 2 2 1 1 750 740 741
1323 2 2 1 1 751 750 741
1324 2 2 1 1 751 741 742
1325 2 2 1 1 752 751 742
1326 2 2 1 1 752 742 743
1327 2 2 1 1 753 752 743
1328 2 2 1 1 753 743 744
1329 2 2 1 1 754 384 392
1330 2 2 1 1 754 392 745
1331 2 2 1 1 755 754 745
1332 2 2 1 1 755 745 746
1333 2 2 1 1 756 755 746
1334 2 2 1 1 756 746 747
1335 2 2 1 1 757 756 747
1336 2 2 1 1 757 747 748
1337 2 2 1 1 758 757 748
1338 2 2 1 1 758 748 749
1339 2 2 1 1 759 758 749
1340 2 2 1 1 759 749 750
1341 2 2 1 1 760 759 750
1342 2 2 1 1 760 750 751
1343 2 2 1 1 761 760 751
1344 2 2 1 1 761 751 752
1345 2 2 1 1 762 761 752
1346 2 2 1 1 762 752 753
1347 2 2 1 1 763 263 384
1348 2 2 1 1 763 384 754
1349 2 2 1 1 764 763 754
1350 2 2 1 1 764 754 755
1351 2 2 1 1 765 764 755
1352 2 2 1 1 765 755 756
1353 2 2 1 1 766 765 756
1354 2 2 1 1 766 756 757
1355 2 2 1 1 767 766 757
1356 2 2 1 1 767 757 758
1357 2 2 1 1 768 767 758
1358 2 2 1 1 768 758 759
1359 2 2 1 1 769 768 759
1360 2 2 1 1 769 759 760
1361 2 2 1 1 770 769 760
1362 2 2 1 1 770 760 761
1363 2 2 1 1 771 770 761
1364 2 2 1 1 771 761 762
1365 2 2 1 1 772 641 375
1366 2 2 1 1 772 375 367
1367 2 2 1 1 773 643 641
1368 2 2 1 1 773 641 772
1369 2 2 1 1 774 645 643
1370 2 2 1 1 774 643 773
1371 2 2 1 1 775 647 645
1372 2 2 1 1 775 645 774
1373 2 2 1 1 776 649 647
1374 2 2 1 1 776 647 775
1375 2 2 1 1 777 651 649
1376 2 2 1 1 777 649 776
1377 2 2 1 1 778 653 651
1378 2 2 1 1 778 651 777
1379 2 2 1 1 779 655 653
1380 2 2 1 1 779 653 778
1381 2 2 1 1 780 657 655
1382 2 2 1 1 780 655 779
1383 2 2 1 1 781 772 367
1384 2 2 1 1 781 367 359
1385 2 2 1 1 782 773 772
1386 2 2 1 1 782 772 781
1387 2 2 1 1 783 774 773
1388 2 2 1 1 783 773 782
1389 2 2 1 1 784 775 774
1390 2 2 1 1 784 774 783
1391 2 2 1 1 785 776 775
1392 2 2 1 1 785 775 784
1393 2 2 1 1 786 777 776
1394 2 2 1 1 786 776 785
1395 2 2 1 1 787 778 777
1396 2 2 1 1 787 777 786
1397 2 2 1 1 788 779 778
1398 2 2 1 1 788 778 787
1399 2 2 1 1 789 780 779
1400 2 2 1 1 789 779 788
1401 2 2 1 1 790 781 359
1402 2 2 1 1 790 359 351
1403 2 2 1 1 791 782 781
1404 2 2 1 1 791 781 790
1405 2 2 1 1 792 783 782
1406 2 2 1 1 792 782 791
1407 2 2 1 1 793 784 783
1408 2 2 1 1 793 783 792
1409 2 2 1 1 794 785 784
1410 2 2 1 1 794 784 793
1411 2 2 1 1 795 786 785
1412 2 2 1 1 795 785 794
1413 2 2 1 1 796 787 786
1414 2 2 1 1 796 786 795
1415 2 2 1 1 797 788 787
1416 2 2 1 1 797 787 796
1417 2 2 1 1 798 789 788
1418 2 2 1 1 798 788 797
1419 2 2 1 1 799 790 351
1420 2 2 1 1 799 351 343
1421 2 2 1 1 800 791 790
1422 2 2 1 1 800 790 799
1423 2 2 1 1 801 792 791
1424 2 2 1 1 801 791 800
1425 2 2 1 1 802 793 792
1426 2 2 1 1 802 792 801
1427 2 2 1 1 803 794 793
1428 2 2 1 1 803 793 802
1429 2 2 1 1 804 795 794
1430 2 2 1 1 804 794 803
1431 2 2 1 1 805 796 795
1432 2 2 1 1 805 795 804
1433 2 2 1 1 806 797 796
1434 2 2 1 1 806 796 805
1435 2 2 1 1 807 799 343
1436 2 2 1 1 807 343 335
1437 2 2 1 1 808 800 799
1438 2 2 1 1 808 799 807
1439 2 2 1 1 809 801 800
1440 2 2 1 1 809 800 808
1441 2 2 1 1 810 802 801
1442 2 2 1 1 810 801 809
1443 2 2 1 1 811 803 802
1444 2 2 1 1 811 802 810
1445 2 2 1 1 812 804 803
1446 2 2 1 1 812 803 811
1447 2 2 1 1 813 805 804
1448 2 2 1 1 813 804 812
1449 2 2 1 1 814 806 805
1450 2 2 1 1 814 805 813
1451 2 2 1 1 815 807 335
1452 2 2 1 1 815 335 327
1453 2 2 1 1 816 808 807
1454 2 2 1 1 816 807 815
1455 2 2 1 1 817 809 808
1456 2 2 1 1 817 808 816
1457 2 2 1 1 818 810 809
1458 2 2 1 1 818 809 817
1459 2 2 1 1 819 811 810
1460 2 2 1 1 819 810 818
1461 2 2 1 1 820 812 811
1462 2 2 1 1 820 811 819
1463 2 2 1 1 821 813 812
1464 2 2 1 1 821 812 820
1465 2 2 1 1 822 814 813
1466 2 2 1 1 822 813 821
1467 2 2 1 1 823 815 327
1468 2 2 1 1 823 327 319
1469 2 2 1 1 824 816 815
1470 2 2 1 1 824 815 823
1471 2 2 1 1 825 817 816
1472 2 2 1 1 825 816 824
1473 2 2 1 1 826 818 817
1474 2 2 1 1 826 817 825
1475 2 2 1 1 827 819 818
1476 2 2 1 1 827 818 826
1477 2 2 1 1 828 820 819
1478 2 2 1 1 828 819 827
1479 2 2 1 1 829 821 820
1480 2 2 1 1 829 820 828
1481 2 2 1 1 830 822 821
1482 2 2 1 1 830 821 829
1483 2 2 1 1 831 823 319
1484 2 2 1 1 831 319 311
1485 2 2 1 1 832 824 823
1486 2 2 1 1 832 823 831
1487 2 2 1 1 833 825 824
1488 2 2 1 1 833 824 832
1489 2 2 1 1 834 826 825
1490 2 2 1 1 834 825 833
1491 2 2 1 1 835 827 826
1492 2 2 1 1 835 826 834
1493 2 2 1 1 836 828 827
1494 2 2 1 1 836 827 835
1495 2 2 1 1 837 829 828
1496 2 2 1 1 837 828 836
1497 2 2 1 1 838 830 829
1498 2 2 1 1 838 829 837
1499 2 2 1 1 839 831 311
1500 2 2 1 1 839 311 303
1501 2 2 1 1 840 832 831
1502 2 2 1 1 840 831 839
1503 2 2 1 1 841 833 832
1504 2 2 1 1 841 832 840
1505 2 2 1 1 842 834 833
1506 2 2 1 1 842 833 841
1507 2 2 1 1 843 835 834
1508 2 2 1 1 843 834 842
1509 2 2 1 1 844 836 835
1510 2 2 1 1 844 835 843
1511 2 2 1 1 845 837 836
1512 2 2 1 1 845 836 844
1513 2 2 1 1 846 838 837
1514 2 2 1 1 846 837 845
1515 2 2 1 1 847 839 303
1516 2 2 1 1 847 303 295
1517 2 2 1 1 848 840 839
1518 2 2 1 1 848 839 847
1519 2 2 1 1 849 841 840
1520 2 2 1 1 849 840 848
1521 2 2 1 1 850 842 841
1522 2 2 1 1 850 841 849
1523 2 2 1 1 851 843 842
1524 2 2 1 1 851 842 850
1525 2 2 1 1 852 844 843
1526 2 2 1 1 852 843 851
1527 2 2 1 1 853 845 844
1528 2 2 1 1 853 844 852
1529 2 2 1 1 854 846 845
1530 2 2 1 1 854 845 853
1531 2 2 1 1 855 856 846
1532 2 2 1 1 855 846 854
1533 2 2 1 1 857 847 295
1534 2 2 1 1 857 295 287
1535 2 2 1 1 858 848 847
1536 2 2 1 1 858 847 857
1537 2 2 1 1 859 849 848
1538 2 2 1 1 859 848 858
1539 2 2 1 1 860 850 849
1540 2 2 1 1 860 849 859
1541 2 2 1 1 861 851 850
1542 2 2 1 1 861 850 860
1543 2 2 1 1 862 852 851
1544 2 2 1 1 862 851 861
1545 2 2 1 1 863 853 852
1546 2 2 1 1 863 852 862
1547 2 2 1 1 864 854 853
1548 2 2 1 1 864 853 863
1549 2 2 1 1 865 855 854
1550 2 2 1 1 865 854 864
1551 2 2 1 1 866 857 287
1552 2 2 1 1 866 287 279
1553 2 2 1 1 867 858 857
1554 2 2 1 1 867 857 866
1555 2 2 1 1 868 859 858
1556 2 2 1 1 868 858 867
1557 2 2 1 1 869 860 859
1558 2 2 1 1 869 859 868
1559 2 2 1 1 870 861 860
1560 2 2 1 1 870 860 869
1561 2 2 1 1 871 862 861
1562 2 2 1 1 871 861 870
1563 2 2 1 1 872 863 862
1564 2 2 1 1 872 862 871
1565 2 2 1 1 873 864 863
1566 2 2 1 1 873 863 872
1567 2 2 1 1 874 865 864
1568 2 2 1 1 874 864 873
1569 2 2 1 1 875 866 279
1570 2 2 1 1 875 279 264
1571 2 2 1 1 876 867 866
1572 2 2 1 1 876 866 875
1573 2 2 1 1 877 868 867
1574 2 2 1 1 877 867 876
1575 2 2 1 1 878 869 868
1576 2 2 1 1 878 868 877
1577 2 2 1 1 879 870 869
1578 2 2 1 1 879 869 878
1579 2 2 1 1 880 871 870
1580 2 2 1 1 880 870 879
1581 2 2 1 1 881 872 871
1582 2 2 1 1 881 871 880
1583 2 2 1 1 882 873 872
1584 2 2 1 1 882 872 881
1585 2 2 1 1 883 874 873
1586 2 2 1 1 883 873 882
1587 2 2 1 1 763 875 264
1588 2 2 1 1 763 264 263
1589 2 2 1 1 764 876 875
1590 2 2 1 1 764 875 763
1591 2 2 1 1 765 877 876
1592 2 2 1 1 765 876 764
1593 2 2 1 1 766 878 877
1594 2 2 1 1 766 877 765
1595 2 2 1 1 767 879 878
1596 2 2 1 1 767 878 766
1597 2 2 1 1 768 880 879
1598 2 2 1 1 768 879 767
1599 2 2 1 1 769 881 880
1600 2 2 1 1 769 880 768
1601 2 2 1 1 770 882 881
1602 2 2 1 1 770 881 769
1603 2 2 1 1 771 883 882
1604 2 2 1 1 771 882 770
1605 2 2 1 1 884 885 886
1606 2 2 1 1 884 886 887
1607 2 2 1 1 888 884 887
1608 2 2 1 1 888 887 889
1609 2 2 1 1 890 888 889
1610 2 2 1 1 890 889 891
1611 2 2 1 1 892 890 891
1612 2 2 1 1 892 891 893
1613 2 2 1 1 894 892 893
1614 2 2 1 1 894 893 895
1615 2 2 1 1 896 894 895
1616 2 2 1 1 896 895 897
1617 2 2 1 1 898 896 897
1618 2 2 1 1 898 897 899
1619 2 2 1 1 900 898 899
1620 2 2 1 1 900 899 901
1621 2 2 1 1 902 900 901
1622 2 2 1 1 902 901 903
1623 2 2 1 1 904 905 885
1624 2 2 1 1 904 885 884
1625 2 2 1 1 906 904 884
1626 2 2 1 1 906 884 888
1627 2 2 1 1 907 906 888
1628 2 2 1 1 907 888 890
1629 2 2 1 1 908 907 890
1630 2 2 1 1 908 890 892
1631 2 2 1 1 909 908 892
1632 2 2 1 1 909 892 894
1633 2 2 1 1 910 909 894
1634 2 2 1 1 910 894 896
1635 2 2 1 1 911 910 896
1636 2 2 1 1 911 896 898
1637 2 2 1 1 912 911 898
1638 2 2 1 1 912 898 900
1639 2 2 1 1 913 912 900
1640 2 2 1 1 913 900 902
1641 2 2 1 1 914 915 905
1642 2 2 1 1 914 905 904
1643 2 2 1 1 916 914 904
1644 2 2 1 1 916 904 906
1645 2 2 1 1 917 916 906
1646 2 2 1 1 917 906 907
1647 2 2 1 1 918 917 907
1648 2 2 1 1 918 907 908
1649 2 2 1 1 919 918 908
1650 2 2 1 1 919 908 909
1651 2 2 1 1 920 919 909
1652 2 2 1 1 920 909 910
1653 2 2 1 1 921 920 910
1654 2 2 1 1 921 910 911
1655 2 2 1 1 72 921 911
1656 2 2 1 1 72 911 912
1657 2 2 1 1 73 72 912
1658 2 2 1 1 73 912 913
1659 2 2 1 1 922 923 915
1660 2 2 1 1 922 915 914
1661 2 2 1 1 924 922 914
1662 2 2 1 1 924 914 916
1663 2 2 1 1 925 924 916
1664 2 2 1 1 925 916 917
1665 2 2 1 1 926 925 917
1666 2 2 1 1 926 917 918
1667 2 2 1 1 927 926 918
1668 2 2 1 1 927 918 919
1669 2 2 1 1 928 927 919
1670 2 2 1 1 928 919 920
1671 2 2 1 1 929 928 920
1672 2 2 1 1 929 920 921
1673 2 2 1 1 71 929 921
1674 2 2 1 1 71 921 72
1675 2 2 1 1 930 931 923
1676 2 2 1 1 930 923 922
1677 2 2 1 1 932 930 922
1678 2 2 1 1 932 922 924
1679 2 2 1 1 933 932 924
1680 2 2 1 1 933 924 925
1681 2 2 1 1 934 933 925
1682 2 2 1 1 934 925 926
1683 2 2 1 1 935 934 926
1684 2 2 1 1 935 926 927
1685 2 2 1 1 936 935 927
1686 2 2 1 1 936 927 928
1687 2 2 1 1 937 936 928
1688 2 2 1 1 937 928 929
1689 2 2 1 1 75 937 929
1690 2 2 1 1 75 929 71
1691 2 2 1 1 938 939 931
1692 2 2 1 1 938 931 930
1693 2 2 1 1 940 938 930
1694 2 2 1 1 940 930 932
1695 2 2 1 1 941 940 932
1696 2 2 1 1 941 932 933
1697 2 2 1 1 942 941 933
1698 2 2 1 1 942 933 934
1699 2 2 1 1 943 942 934
1700 2 2 1 1 943 934 935
1701 2 2 1 1 944 943 935
1702 2 2 1 1 944 935 936
1703 2 2 1 1 945 944 936
1704 2 2 1 1 945 936 937
1705 2 2 1 1 77 945 937
1706 2 2 1 1 77 937 75
1707 2 2 1 1 946 947 939
1708 2 2 1 1 946 939 938
1709 2 2 1 1 948 946 938
1710 2 2 1 1 948 938 940
1711 2 2 1 1 949 948 940
1712 2 2 1 1 949 940 941
1713 2 2 1 1 950 949 941
1714 2 2 1 1 950 941 942
1715 2 2 1 1 951 950 942
1716 2 2 1 1 951 942 943
1717 2 2 1 1 952 951 943
1718 2 2 1 1 952 943 944
1719 2 2 1 1 953 952 944
1720 2 2 1 1 953 944 945
1721 2 2 1 1 79 953 945
1722 2 2 1 1 79 945 77
1723 2 2 1 1 954 955 947
1724 2 2 1 1 954 947 946
1725 2 2 1 1 956 954 946
1726 2 2 1 1 956 946 948
1727 2 2 1 1 957 956 948
1728 2 2 1 1 957 948 949
1729 2 2 1 1 958 957 949
1730 2 2 1 1 958 949 950
1731 2 2 1 1 959 958 950
1732 2 2 1 1 959 950 951
1733 2 2 1 1 59 959 951
1734 2 2 1 1 59 951 952
1735 2 2 1 1 60 59 952
1736 2 2 1 1 60 952 953
1737 2 2 1 1 960 60 953
1738 2 2 1 1 960 953 79
1739 2 2 1 1 961 962 955
1740 2 2 1 1 961 955 954
1741 2 2 1 1 963 961 954
1742 2 2 1 1 963 954 956
1743 2 2 1 1 964 963 956
1744 2 2 1 1 964 956 957
1745 2 2 1 1 965 964 957
1746 2 2 1 1 965 957 958
1747 2 2 1 1 966 965 958
1748 2 2 1 1 966 958 959
1749 2 2 1 1 58 966 959
1750 2 2 1 1 58 959 59
1751 2 2 1 1 967 57 60
1752 2 2 1 1 967 60 960
1753 2 2 1 1 968 969 962
1754 2 2 1 1 968 962 961
1755 2 2 1 1 970 968 961
1756 2 2 1 1 970 961 963
1757 2 2 1 1 971 970 963
1758 2 2 1 1 971 963 964
1759 2 2 1 1 972 971 964
1760 2 2 1 1 972 964 965
1761 2 2 1 1 973 972 965
1762 2 2 1 1 973 965 966
1763 2 2 1 1 974 973 966
1764 2 2 1 1 974 966 58
1765 2 2 1 1 975 974 58
1766 2 2 1 1 975 58 57
1767 2 2 1 1 976 975 57
1768 2 2 1 1 976 57 967
1769 2 2 1 1 977 978 969
1770 2 2 1 1 977 969 968
1771 2 2 1 1 979 977 968
1772 2 2 1 1 979 968 970
1773 2 2 1 1 980 979 970
1774 2 2 1 1 980 970 971
1775 2 2 1 1 981 980 971
1776 2 2 1 1 981 971 972
1777 2 2 1 1 982 981 972
1778 2 2 1 1 982 972 973
1779 2 2 1 1 983 982 973
1780 2 2 1 1 983 973 974
1781 2 2 1 1 984 983 974
1782 2 2 1 1 984 974 975
1783 2 2 1 1 985 984 975
1784 2 2 1 1 985 975 976
1785 2 2 1 1 986 987 978
1786 2 2 1 1 986 978 977
1787 2 2 1 1 988 986 977
1788 2 2 1 1 988 977 979
1789 2 2 1 1 989 988 979
1790 2 2 1 1 989 979 980
1791 2 2 1 1 990 989 980
1792 2 2 1 1 990 980 981
1793 2 2 1 1 991 990 981
1794 2 2 1 1 991 981 982
1795 2 2 1 1 992 991 982
1796 2 2 1 1 992 982 983
1797 2 2 1 1 993 992 983
1798 2 2 1 1 993 983 984
1799 2 2 1 1 994 993 984
1800 2 2 1 1 994 984 985
1801 2 2 1 1 67 994 985
1802 2 2 1 1 67 985 64
1803 2 2 1 1 995 996 987
1804 2 2 1 1 995 987 986
1805 2 2 1 1 997 995 986
1806 2 2 1 1 997 986 988
1807 2 2 1 1 998 997 988
1808 2 2 1 1 998 988 989
1809 2 2 1 1 999 998 989
1810 2 2 1 1 999 989 990
1811 2 2 1 1 1000 999 990
1812 2 2 1 1 1000 990 991
1813 2 2 1 1 1001 1000 991
1814 2 2 1 1 1001 991 992
1815 2 2 1 1 1002 1001 992
1816 2 2 1 1 1002 992 993
1817 2 2 1 1 1003 1002 993
1818 2 2 1 1 1003 993 994
1819 2 2 1 1 1004 1003 994
1820 2 2 1 1 1004 994 67
1821 2 2 1 1 1005 1006 996
1822 2 2 1 1 1005 996 995
1823 2 2 1 1 1007 1005 995
1824 2 2 1 1 1007 995 997
1825 2 2 1 1 1008 1007 997
1826 2 2 1 1 1008 997 998
1827 2 2 1 1 1009 1008 998
1828 2 2 1 1 1009 998 999
1829 2 2 1 1 1010 1009 999
1830 2 2 1 1 1010 999 1000
1831 2 2 1 1 1011 1010 1000
1832 2 2 1 1 1011 1000 1001
1833 2 2 1 1 1012 1011 1001
1834 2 2 1 1 1012 1001 1002
1835 2 2 1 1 1013 1012 1002
1836 2 2 1 1 1013 1002 1003
1837 2 2 1 1 1014 1013 1003
1838 2 2 1 1 1014 1003 1004
1839 2 2 1 1 1015 1016 1017
1840 2 2 1 1 1015 1017 1018
1841 2 2 1 1 1019 1015 1018
1842 2 2 1 1 1019 1018 1020
1843 2 2 1 1 1021 1019 1020
1844 2 2 1 1 1021 1020 1022
1845 2 2 1 1 1023 1021 1022
1846 2 2 1 1 1023 1022 1024
1847 2 2 1 1 1025 1023 1024
1848 2 2 1 1 1025 1024 1026
1849 2 2 1 1 1027 1025 1026
1850 2 2 1 1 1027 1026 1028
1851 2 2 1 1 1029 1027 1028
1852 2 2 1 1 1029 1028 1030
1853 2 2 1 1 1031 1029 1030
1854 2 2 1 1 1031 1030 1032
1855 2 2 1 1 1033 1031 1032
1856 2 2 1 1 1033 1032 1034
1857 2 2 1 1 1035 1033 1034
1858 2 2 1 1 1035 1034 1036
1859 2 2 1 1 1037 1035 1036
1860 2 2 1 1 1037 1036 1038
1861 2 2 1 1 1039 1037 1038
1862 2 2 1 1 1039 1038 1040
1863 2 2 1 1 1041 1039 1040
1864 2 2 1 1 1041 1040 1042
1865 2 2 1 1 1043 1041 1042
1866 2 2 1 1 1043 1042 1044
1867 2 2 1 1 1045 1043 1044
1868 2 2 1 1 1045 1044 1046
1869 2 2 1 1 1047 1045 1046
1870 2 2 1 1 1047 1046 1048
1871 2 2 1 1 1049 1047 1048
1872 2 2 1 1 1049 1048 1050
1873 2 2 1 1 1051 1049 1050
1874 2 2 1 1 1051 1050 1052
1875 2 2 1 1 1053 1051 1052
1876 2 2 1 1 1053 1052 1054
1877 2 2 1 1 1055 1053 1054
1878 2 2 1 1 1055 1054 1056
1879 2 2 1 1 1057 1055 1056
1880 2 2 1 1 1057 1056 1058
1881 2 2 1 1 1059 1057 1058
1882 2 2 1 1 1059 1058 1060
1883 2 2 1 1 1061 1059 1060
1884 2 2 1 1 1061 1060 1062
1885 2 2 1 1 1063 1064 1016
1886 2 2 1 1 1063 1016 1015
1887 2 2 1 1 1065 1063 1015
1888 2 2 1 1 1065 1015 1019
1889 2 2 1 1 1066 1065 1019
1890 2 2 1 1 1066 1019 1021
1891 2 2 1 1 1067 1066 1021
1892 2 2 1 1 1067 1021 1023
1893 2 2 1 1 1068 1067 1023
1894 2 2 1 1 1068 1023 1025
1895 2 2 1 1 1069 1068 1025
1896 2 2 1 1 1069 1025 1027
1897 2 2 1 1 1070 1069 1027
1898 2 2 1 1 1070 1027 1029
1899 2 2 1 1 1071 1070 1029
1900 2 2 1 1 1071 1029 1031
1901 2 2 1 1 1072 1071 1031
1902 2 2 1 1 1072 1031 1033
1903 2 2 1 1 1073 1072 1033
1904 2 2 1 1 1073 1033 1035
1905 2 2 1 1 1074 1073 1035
1906 2 2 1 1 1074 1035 1037
1907 2 2 1 1 1075 1074 1037
1908 2 2 1 1 1075 1037 1039
1909 2 2 1 1 1076 1075 1039
1910 2 2 1 1 1076 1039 1041
1911 2 2 1 1 1077 1076 1041
1912 2 2 1 1 1077 1041 1043
1913 2 2 1 1 1078 1077 1043
1914 2 2 1 1 1078 1043 1045
1915 2 2 1 1 1079 1078 1045
1916 2 2 1 1 1079 1045 1047
1917 2 2 1 1 1080 1079 1047
1918 2 2 1 1 1080 1047 1049
1919 2 2 1 1 1081 1080 1049
1920 2 2 1 1 1081 1049 1051
1921 2 2 1 1 1082 1081 1051
1922 2 2 1 1 1082 1051 1053
1923 2 2 1 1 1083 1082 1053
1924 2 2 1 1 1083 1053 1055
1925 2 2 1 1 1084 1083 1055
1926 2 2 1 1 1084 1055 1057
1927 2 2 1 1 1085 1084 1057
1928 2 2 1 1 1085 1057 1059
1929 2 2 1 1 1086 1085 1059
1930 2 2 1 1 1086 1059 1061
1931 2 2 1 1 1087 1088 1064
1932 2 2 1 1 1087 1064 1063
1933 2 2 1 1 1089 1087 1063
1934 2 2 1 1 1089 1063 1065
1935 2 2 1 1 1090 1089 1065
1936 2 2 1 1 1090 1065 1066
1937 2 2 1 1 1091 1090 1066
1938 2 2 1 1 1091 1066 1067
1939 2 2 1 1 1092 1091 1067
1940 2 2 1 1 1092 1067 1068
1941 2 2 1 1 1093 1092 1068
1942 2 2 1 1 1093 1068 1069
1943 2 2 1 1 1094 1093 1069
1944 2 2 1 1 1094 1069 1070
1945 2 2 1 1 1095 1094 1070
1946 2 2 1 1 1095 1070 1071
1947 2 2 1 1 1096 1095 1071
1948 2 2 1 1 1096 1071 1072
1949 2 2 1 1 1097 1096 1072
1950 2 2 1 1 1097 1072 1073
1951 2 2 1 1 1098 1097 1073
1952 2 2 1 1 1098 1073 1074
1953 2 2 1 1 1099 1098 1074
1954 2 2 1 1 1099 1074 1075
1955 2 2 1 1 1100 1099 1075
1956 2 2 1 1 1100 1075 1076
1957 2 2 1 1 1101 1100 1076
1958 2 2 1 1 1101 1076 1077
1959 2 2 1 1 1102 1101 1077
1960 2 2 1 1 1102 1077 1078
1961 2 2 1 1 1103 1102 1078
1962 2 2 1 1 1103 1078 1079
1963 2 2 1 1 1104 1103 1079
1964 2 2 1 1 1104 1079 1080
1965 2 2 1 1 1105 1104 1080
1966 2 2 1 1 1105 1080 1081
1967 2 2 1 1 1106 1105 1081
1968 2 2 1 1 1106 1081 1082
1969 2 2 1 1 1107 1106 1082
1970 2 2 1 1 1107 1082 1083
1971 2 2 1 1 1108 1107 1083
1972 2 2 1 1 1108 1083 1084
1973 2 2 1 1 1109 1108 1084
1974 2 2 1 1 1109 1084 1085
1975 2 2 1 1 1110 1109 1085
1976 2 2 1 1 1110 1085 1086
1977 2 2 1 1 1111 1112 1088
1978 2 2 1 1 1111 1088 1087
1979 2 2 1 1 1113 1111 1087
1980 2 2 1 1 1113 1087 1089
1981 2 2 1 1 1114 1113 1089
1982 2 2 1 1 1114 1089 1090
1983 2 2 1 1 1115 1114 1090
1984 2 2 1 1 1115 1090 1091
1985 2 2 1 1 1116 1115 1091
1986 2 2 1 1 1116 1091 1092
1987 2 2 1 1 1117 1116 1092
1988 2 2 1 1 1117 1092 1093
1989 2 2 1 1 1118 1117 1093
1990 2 2 1 1 1118 1093 1094
1991 2 2 1 1 1119 1118 1094
1992 2 2 1 1 1119 1094 1095
1993 2 2 1 1 1120 1119 1095
1994 2 2 1 1 1120 1095 1096
1995 2 2 1 1 1121 1120 1096
1996 2 2 1 1 1121 1096 1097
1997 2 2 1 1 1122 1121 1097
1998 2 2 1 1 1122 1097 1098
1999 2 2 1 1 1123 1122 1098
2000 2 2 1 1 1123 1098 1099
2001 2 2 1 1 1124 1123 1099
2002 2 2 1 1 1124 1099 1100
2003 2 2 1 1 1125 1124 1100
2004 2 2 1 1 1125 1100 1101
2005 2 2 1 1 1126 1125 1101
2006 2 2 1 1 1126 1101 1102
2007 2 2 1 1 1127 1126 1102
2008 2 2 1 1 1127 1102 1103
2009 2 2 1 1 1128 1127 1103
2010 2 2 1 1 1128 1103 1104
2011 2 2 1 1 1129 1128 1104
2012 2 2 1 1 1129 1104 1105
2013 2 2 1 1 1130 1129 1105
2014 2 2 1 1 1130 1105 1106
2015 2 2 1 1 1131 1130 1106
2016 2 2 1 1 1131 1106 1107
2017 2 2 1 1 1132 1131 1107
2018 2 2 1 1 1132 1107 1108
2019 2 2 1 1 1133 1132 1108
2020 2 2 1 1 1133 1108 1109
2021 2 2 1 1 1134 1133 1109
2022 2 2 1 1 1134 1109 1110
2023 2 2 1 1 1135 1136 1112
2024 2 2 1 1 1135 1112 1111
2025 2 2 1 1 1137 1135 1111
2026 2 2 1 1 1137 1111 1113
2027 2 2 1 1 1138 1137 1113
2028 2 2 1 1 1138 1113 1114
2029 2 2 1 1 1139 1138 1114
2030 2 2 1 1 1139 1114 1115
2031 2 2 1 1 1140 1139 1115
2032 2 2 1 1 1140 1115 1116
2033 2 2 1 1 1141 1140 1116
2034 2 2 1 1 1141 1116 1117
2035 2 2 1 1 1142 1141 1117
2036 2 2 1 1 1142 1117 1118
2037 2 2 1 1 1143 1142 1118
2038 2 2 1 1 1143 1118 1119
2039 2 2 1 1 1144 1143 1119
2040 2 2 1 1 1144 1119 1120
2041 2 2 1 1 1145 1144 1120
2042 2 2 1 1 1145 1120 1121
2043 2 2 1 1 1146 1145 1121
2044 2 2 1 1 1146 1121 1122
2045 2 2 1 1 1147 1146 1122
2046 2 2 1 1 1147 1122 1123
2047 2 2 1 1 1148 1147 1123
2048 2 2 1 1 1148 1123 1124
2049 2 2 1 1 1149 1148 1124
2050 2 2 1 1 1149 1124 1125
2051 2 2 1 1 1150 1149 1125
2052 2 2 1 1 1150 1125 1126
2053 2 2 1 1 1151 1150 1126
2054 2 2 1 1 1151 1126 1127
2055 2 2 1 1 1152 1151 1127
2056 2 2 1 1 1152 1127 1128
2057 2 2 1 1 1153 1152 1128
2058 2 2 1 1 1153 1128 1129
2059 2 2 1 1 1154 1153 1129
2060 2 2 1 1 1154 1129 1130
2061 2 2 1 1 1155 1154 1130
2062 2 2 1 1 1155 1130 1131
2063 2 2 1 1 1156 1155 1131
2064 2 2 1 1 1156 1131 1132
2065 2 2 1 1 1157 1156 1132
2066 2 2 1 1 1157 1132 1133
2067 2 2 1 1 1158 1157 1133
2068 2 2 1 1 1158 1133 1134
2069 2 2 1 1 1159 1160 1136
2070 2 2 1 1 1159 1136 1135
2071 2 2 1 1 1161 1159 1135
2072 2 2 1 1 1161 1135 1137
2073 2 2 1 1 1162 1161 1137
2074 2 2 1 1 1162 1137 1138
2075 2 2 1 1 1163 1162 1138
2076 2 2 1 1 1163 1138 1139
2077 2 2 1 1 1164 1163 1139
2078 2 2 1 1 1164 1139 1140
2079 2 2 1 1 1165 1164 1140
2080 2 2 1 1 1165 1140 1141
2081 2 2 1 1 1166 1165 1141
2082 2 2 1 1 1166 1141 1142
2083 2 2 1 1 1167 1166 1142
2084 2 2 1 1 1167 1142 1143
2085 2 2 1 1 1168 1167 1143
2086 2 2 1 1 1168 1143 1144
2087 2 2 1 1 1169 1168 1144
2088 2 2 1 1 1169 1144 1145
2089 2 2 1 1 1170 1169 1145
2090 2 2 1 1 1170 1145 1146
2091 2 2 1 1 1171 1170 1146
2092 2 2 1 1 1171 1146 1147
2093 2 2 1 1 1172 1171 1147
2094 2 2 1 1 1172 1147 1148
2095 2 2 1 1 1173 1172 1148
2096 2 2 1 1 1173 1148 1149
2097 2 2 1 1 1174 1173 1149
2098 2 2 1 1 1174 1149 1150
2099 2 2 1 1 1175 1174 1150
2100 2 2 1 1 1175 1150 1151
2101 2 2 1 1 1176 1175 1151
2102 2 2 1 1 1176 1151 1152
2103 2 2 1 1 1177 1176 1152
2104 2 2 1 1 1177 1152 1153
2105 2 2 1 1 1178 1177 1153
2106 2 2 1 1 1178 1153 1154
2107 2 2 1 1 1179 1178 1154
2108 2 2 1 1 1179 1154 1155
2109 2 2 1 1 1180 1179 1155
2110 2 2 1 1 1180 1155 1156
2111 2 2 1 1 1181 1180 1156
2112 2 2 1 1 1181 1156 1157
2113 2 2 1 1 1182 1181 1157
2114 2 2 1 1 1182 1157 1158
2115 2 2 1 1 1183 1017 1184
2116 2 2 1 1 1183 1184 1185
2117 2 2 1 1 1186 1018 1017
2118 2 2 1 1 1186 1017 1183
2119 2 2 1 1 1187 1020 1018
2120 2 2 1 1 1187 1018 1186
2121 2 2 1 1 1188 1022 1020
2122 2 2 1 1 1188 1020 1187
2123 2 2 1 1 1189 1024 1022
2124 2 2 1 1 1189 1022 1188
2125 2 2 1 1 1190 1026 1024
2126 2 2 1 1 1190 1024 1189
2127 2 2 1 1 1191 1028 1026
2128 2 2 1 1 1191 1026 1190
2129 2 2 1 1 1192 1030 1028
2130 2 2 1 1 1192 1028 1191
2131 2 2 1 1 1193 1032 1030
2132 2 2 1 1 1193 1030 1192
2133 2 2 1 1 1194 1034 1032
2134 2 2 1 1 1194 1032 1193
2135 2 2 1 1 1195 1036 1034
2136 2 2 1 1 1195 1034 1194
2137 2 2 1 1 1196 1038 1036
2138 2 2 1 1 1196 1036 1195
2139 2 2 1 1 1197 1040 1038
2140 2 2 1 1 1197 1038 1196
2141 2 2 1 1 1198 1042 1040
2142 2 2 1 1 1198 1040 1197
2143 2 2 1 1 1199 1044 1042
2144 2 2 1 1 1199 1042 1198
2145 2 2 1 1 1200 1046 1044
2146 2 2 1 1 1200 1044 1199
2147 2 2 1 1 1201 1048 1046
2148 2 2 1 1 1201 1046 1200
2149 2 2 1 1 1202 1050 1048
2150 2 2 1 1 1202 1048 1201
2151 2 2 1 1 1203 1052 1050
2152 2 2 1 1 1203 1050 1202
2153 2 2 1 1 1204 1054 1052
2154 2 2 1 1 1204 1052 1203
2155 2 2 1 1 1205 1056 1054
2156 2 2 1 1 1205 1054 1204
2157 2 2 1 1 1206 1058 1056
2158 2 2 1 1 1206 1056 1205
2159 2 2 1 1 1207 1060 1058
2160 2 2 1 1 1207 1058 1206
2161 2 2 1 1 1208 1062 1060
2162 2 2 1 1 1208 1060 1207
2163 2 2 1 1 1209 616 1062
2164 2 2 1 1 1209 1062 1208
2165 2 2 1 1 1210 1183 1185
2166 2 2 1 1 1210 1185 1211
2167 2 2 1 1 1212 1186 1183
2168 2 2 1 1 1212 1183 1210
2169 2 2 1 1 1213 1187 1186
2170 2 2 1 1 1213 1186 1212
2171 2 2 1 1 1214 1188 1187
2172 2 2 1 1 1214 1187 1213
2173 2 2 1 1 1215 1189 1188
2174 2 2 1 1 1215 1188 1214
2175 2 2 1 1 1216 1190 1189
2176 2 2 1 1 1216 1189 1215
2177 2 2 1 1 1217 1191 1190
2178 2 2 1 1 1217 1190 1216
2179 2 2 1 1 1218 1192 1191
2180 2 2 1 1 1218 1191 1217
2181 2 2 1 1 1219 1193 1192
2182 2 2 1 1 1219 1192 1218
2183 2 2 1 1 1220 1194 1193
2184 2 2 1 1 1220 1193 1219
2185 2 2 1 1 1221 1195 1194
2186 2 2 1 1 1221 1194 1220
2187 2 2 1 1 1222 1196 1195
2188 2 2 1 1 1222 1195 1221
2189 2 2 1 1 1223 1197 1196
2190 2 2 1 1 1223 1196 1222
2191 2 2 1 1 1224 1198 1197
2192 2 2 1 1 1224 1197 1223
2193 2 2 1 1 1225 1199 1198
2194 2 2 1 1 1225 1198 1224
2195 2 2 1 1 1226 1200 1199
2196 2 2 1 1 1226 1199 1225
2197 2 2 1 1 1227 1201 1200
2198 2 2 1 1 1227 1200 1226
2199 2 2 1 1 1228 1202 1201
2200 2 2 1 1 1228 1201 1227
2201 2 2 1 1 1229 1203 1202
2202 2 2 1 1 1229 1202 1228
2203 2 2 1 1 1230 1204 1203
2204 2 2 1 1 1230 1203 1229
2205 2 2 1 1 1231 1205 1204
2206 2 2 1 1 1231 1204 1230
2207 2 2 1 1 1232 1206 1205
2208 2 2 1 1 1232 1205 1231
2209 2 2 1 1 1233 1207 1206
2210 2 2 1 1 1233 1206 1232
2211 2 2 1 1 1234 1208 1207
2212 2 2 1 1 1234 1207 1233
2213 2 2 1 1 1235 1209 1208
2214 2 2 1 1 1235 1208 1234
2215 2 2 1 1 1236 1210 1211
2216 2 2 1 1 1236 1211 1237
2217 2 2 1 1 1238 1212 1210
2218 2 2 1 1 1238 1210 1236
2219 2 2 1 1 1239 1213 1212
2220 2 2 1 1 1239 1212 1238
2221 2 2 1 1 1240 1214 1213
2222 2 2 1 1 1240 1213 1239
2223 2 2 1 1 1241 1215 1214
2224 2 2 1 1 1241 1214 1240
2225 2 2 1 1 1242 1216 1215
2226 2 2 1 1 1242 1215 1241
2227 2 2 1 1 1243 1217 1216
2228 2 2 1 1 1243 1216 1242
2229 2 2 1 1 1244 1218 1217
2230 2 2 1 1 1244 1217 1243
2231 2 2 1 1 1245 1219 1218
2232 2 2 1 1 1245 1218 1244
2233 2 2 1 1 1246 1220 1219
2234 2 2 1 1 1246 1219 1245
2235 2 2 1 1 1247 1221 1220
2236 2 2 1 1 1247 1220 1246
2237 2 2 1 1 1248 1222 1221
2238 2 2 1 1 1248 1221 1247
2239 2 2 1 1 1249 1223 1222
2240 2 2 1 1 1249 1222 1248
2241 2 2 1 1 1250 1224 1223
2242 2 2 1 1 1250 1223 1249
2243 2 2 1 1 1251 1225 1224
2244 2 2 1 1 1251 1224 1250
2245 2 2 1 1 1252 1226 1225
2246 2 2 1 1 1252 1225 1251
2247 2 2 1 1 1253 1227 1226
2248 2 2 1 1 1253 1226 1252
2249 2 2 1 1 1254 1228 1227
2250 2 2 1 1 1254 1227 1253
2251 2 2 1 1 1255 1229 1228
2252 2 2 1 1 1255 1228 1254
2253 2 2 1 1 1256 1230 1229
2254 2 2 1 1 1256 1229 1255
2255 2 2 1 1 1257 1231 1230
2256 2 2 1 1 1257 1230 1256
2257 2 2 1 1 1258 1232 1231
2258 2 2 1 1 1258 1231 1257
2259 2 2 1 1 1259 1233 1232
2260 2 2 1 1 1259 1232 1258
2261 2 2 1 1 1260 1234 1233
2262 2 2 1 1 1260 1233 1259
2263 2 2 1 1 1261 1235 1234
2264 2 2 1 1 1261 1234 1260
2265 2 2 1 1 1262 1236 1237
2266 2 2 1 1 1262 1237 1263
2267 2 2 1 1 1264 1238 1236
2268 2 2 1 1 1264 1236 1262
2269 2 2 1 1 1265 1239 1238
2270 2 2 1 1 1265 1238 1264
2271 2 2 1 1 1266 1240 1239
2272 2 2 1 1 1266 1239 1265
2273 2 2 1 1 1267 1241 1240
2274 2 2 1 1 1267 1240 1266
2275 2 2 1 1 1268 1242 1241
2276 2 2 1 1 1268 1241 1267
2277 2 2 1 1 1269 1243 1242
2278 2 2 1 1 1269 1242 1268
2279 2 2 1 1 1270 1244 1243
2280 2 2 1 1 1270 1243 1269
2281 2 2 1 1 1271 1245 1244
2282 2 2 1 1 1271 1244 1270
2283 2 2 1 1 1272 1246 1245
2284 2 2 1 1 1272 1245 1271
2285 2 2 1 1 1273 1247 1246
2286 2 2 1 1 1273 1246 1272
2287 2 2 1 1 1274 1248 1247
2288 2 2 1 1 1274 1247 1273
2289 2 2 1 1 1275 1249 1248
2290 2 2 1 1 1275 1248 1274
2291 2 2 1 1 1276 1250 1249
2292 2 2 1 1 1276 1249 1275
2293 2 2 1 1 1277 1251 1250
2294 2 2 1 1 1277 1250 1276
2295 2 2 1 1 1278 1252 1251
2296 2 2 1 1 1278 1251 1277
2297 2 2 1 1 1279 1253 1252
2298 2 2 1 1 1279 1252 1278
2299 2 2 1 1 1280 1254 1253
2300 2 2 1 1 1280 1253 1279
2301 2 2 1 1 1281 1255 1254
2302 2 2 1 1 1281 1254 1280
2303 2 2 1 1 1282 1256 1255
2304 2 2 1 1 1282 1255 1281
2305 2 2 1 1 1283 1257 1256
2306 2 2 1 1 1283 1256 1282
2307 2 2 1 1 1284 1258 1257
2308 2 2 1 1 1284 1257 1283
2309 2 2 1 1 1285 1259 1258
2310 2 2 1 1 1285 1258 1284
2311 2 2 1 1 1286 1260 1259
2312 2 2 1 1 1286 1259 1285
2313 2 2 1 1 1287 1261 1260
2314 2 2 1 1 1287 1260 1286
2315 2 2 1 1 1288 1262 1263
2316 2 2 1 1 1288 1263 1289
2317 2 2 1 1 1290 1264 1262
2318 2 2 1 1 1290 1262 1288
2319 2 2 1 1 1291 1265 1264
2320 2 2 1 1 1291 1264 1290
2321 2 2 1 1 1292 1266 1265
2322 2 2 1 1 1292 1265 1291
2323 2 2 1 1 1293 1267 1266
2324 2 2 1 1 1293 1266 1292
2325 2 2 1 1 1294 1268 1267
2326 2 2 1 1 1294 1267 1293
2327 2 2 1 1 1295 1269 1268
2328 2 2 1 1 1295 1268 1294
2329 2 2 1 1 1296 1270 1269
2330 2 2 1 1 1296 1269 1295
2331 2 2 1 1 1297 1271 1270
2332 2 2 1 1 1297 1270 1296
2333 2 2 1 1 1298 1272 1271
2334 2 2 1 1 1298 1271 1297
2335 2 2 1 1 1299 1273 1272
2336 2 2 1 1 1299 1272 1298
2337 2 2 1 1 1300 1274 1273
2338 2 2 1 1 1300 1273 1299
2339 2 2 1 1 1301 1275 1274
2340 2 2 1 1 1301 1274 1300
2341 2 2 1 1 1302 1276 1275
2342 2 2 1 1 1302 1275 1301
2343 2 2 1 1 1303 1277 1276
2344 2 2 1 1 1303 1276 1302
2345 2 2 1 1 1304 1278 1277
2346 2 2 1 1 1304 1277 1303
2347 2 2 1 1 1305 1279 1278
2348 2 2 1 1 1305 1278 1304
2349 2 2 1 1 1306 1280 1279
2350 2 2 1 1 1306 1279 1305
2351 2 2 1 1 1307 1281 1280
2352 2 2 1 1 1307 1280 1306
2353 2 2 1 1 1308 1282 1281
2354 2 2 1 1 1308 1281 1307
2355 2 2 1 1 1309 1283 1282
2356 2 2 1 1 1309 1282 1308
2357 2 2 1 1 1310 1284 1283
2358 2 2 1 1 1310 1283 1309
2359 2 2 1 1 1311 1285 1284
2360 2 2 1 1 1311 1284 1310
2361 2 2 1 1 1312 1286 1285
2362 2 2 1 1 1312 1285 1311
2363 2 2 1 1 1313 1287 1286
2364 2 2 1 1 1313 1286 1312
2365 2 2 1 1 1314 1288 1289
2366 2 2 1 1 1314 1289 1315
2367 2 2 1 1 1316 1290 1288
2368 2 2 1 1 1316 1288 1314
2369 2 2 1 1 1317 1291 1290
2370 2 2 1 1 1317 1290 1316
2371 2 2 1 1 1318 1292 1291
2372 2 2 1 1 1318 1291 1317
2373 2 2 1 1 1319 1293 1292
2374 2 2 1 1 1319 1292 1318
2375 2 2 1 1 1320 1294 1293
2376 2 2 1 1 1320 1293 1319
2377 2 2 1 1 1321 1295 1294
2378 2 2 1 1 1321 1294 1320
2379 2 2 1 1 1322 1296 1295
2380 2 2 1 1 1322 1295 1321
2381 2 2 1 1 1323 1297 1296
2382 2 2 1 1 1323 1296 1322
2383 2 2 1 1 1324 1298 1297
2384 2 2 1 1 1324 1297 1323
2385 2 2 1 1 1325 1299 1298
2386 2 2 1 1 1325 1298 1324
2387 2 2 1 1 1326 1300 1299
2388 2 2 1 1 1326 1299 1325
2389 2 2 1 1 1327 1301 1300
2390 2 2 1 1 1327 1300 1326
2391 2 2 1 1 1328 1302 1301
2392 2 2 1 1 1328 1301 1327
2393 2 2 1 1 1329 1303 1302
2394 2 2 1 1 1329 1302 1328
2395 2 2 1 1 1330 1304 1303
2396 2 2 1 1 1330 1303 1329
2397 2 2 1 1 1331 1305 1304
2398 2 2 1 1 1331 1304 1330
2399 2 2 1 1 1332 1306 1305
2400 2 2 1 1 1332 1305 1331
2401 2 2 1 1 1333 1307 1306
2402 2 2 1 1 1333 1306 1332
2403 2 2 1 1 1334 1308 1307
2404 2 2 1 1 1334 1307 1333
2405 2 2 1 1 1335 1309 1308
2406 2 2 1 1 1335 1308 1334
2407 2 2 1 1 1336 1310 1309
2408 2 2 1 1 1336 1309 1335
2409 2 2 1 1 1337 1311 1310
2410 2 2 1 1 1337 1310 1336
2411 2 2 1 1 1338 1312 1311
2412 2 2 1 1 1338 1311 1337
2413 2 2 1 1 622 1313 1312
2414 2 2 1 1 622 1312 1338
2415 2 2 1 1 1339 1340 616
2416 2 2 1 1 1339 616 1209
2417 2 2 1 1 1341 599 1340
2418 2 2 1 1 1341 1340 1339
2419 2 2 1 1 1342 598 599
2420 2 2 1 1 1342 599 1341
2421 2 2 1 1 1343 1339 1209
2422 2 2 1 1 1343 1209 1235
2423 2 2 1 1 1344 1341 1339
2424 2 2 1 1 1344 1339 1343
2425 2 2 1 1 1345 1342 1341
2426 2 2 1 1 1345 1341 1344
2427 2 2 1 1 1346 1347 1342
2428 2 2 1 1 1346 1342 1345
2429 2 2 1 1 1348 1343 1235
2430 2 2 1 1 1348 1235 1261
2431 2 2 1 1 1349 1344 1343
2432 2 2 1 1 1349 1343 1348
2433 2 2 1 1 1350 1345 1344
2434 2 2 1 1 1350 1344 1349
2435 2 2 1 1 1351 1346 1345
2436 2 2 1 1 1351 1345 1350
2437 2 2 1 1 1352 1348 1261
2438 2 2 1 1 1352 1261 1287
2439 2 2 1 1 1353 1349 1348
2440 2 2 1 1 1353 1348 1352
2441 2 2 1 1 1354 1350 1349
2442 2 2 1 1 1354 1349 1353
2443 2 2 1 1 1355 1351 1350
2444 2 2 1 1 1355 1350 1354
2445 2 2 1 1 1356 1352 1287
2446 2 2 1 1 1356 1287 1313
2447 2 2 1 1 1357 1353 1352
2448 2 2 1 1 1357 1352 1356
2449 2 2 1 1 1358 1354 1353
2450 2 2 1 1 1358 1353 1357
2451 2 2 1 1 1359 1355 1354
2452 2 2 1 1 1359 1354 1358
2453 2 2 1 1 1360 1356 1313
2454 2 2 1 1 1360 1313 622
2455 2 2 1 1 590 1357 1356
2456 2 2 1 1 590 1356 1360
2457 2 2 1 1 585 1358 1357
2458 2 2 1 1 585 1357 590
2459 2 2 1 1 1361 1359 1358
2460 2 2 1 1 1361 1358 585
2461 2 2 1 1 1362 1363 1364
2462 2 2 1 1 1362 1364 1365
2463 2 2 1 1 1185 1184 1363
2464 2 2 1 1 1185 1363 1362
2465 2 2 1 1 1366 1362 1365
2466 2 2 1 1 1366 1365 1367
2467 2 2 1 1 1211 1185 1362
2468 2 2 1 1 1211 1362 1366
2469 2 2 1 1 1368 1366 1367
2470 2 2 1 1 1368 1367 1369
2471 2 2 1 1 1237 1211 1366
2472 2 2 1 1 1237 1366 1368
2473 2 2 1 1 1370 1368 1369
2474 2 2 1 1 1370 1369 1371
2475 2 2 1 1 1263 1237 1368
2476 2 2 1 1 1263 1368 1370
2477 2 2 1 1 1372 1370 1371
2478 2 2 1 1 1372 1371 1373
2479 2 2 1 1 1289 1263 1370
2480 2 2 1 1 1289 1370 1372
2481 2 2 1 1 1374 1316 1314
2482 2 2 1 1 1374 1314 1375
2483 2 2 1 1 1376 1317 1316
2484 2 2 1 1 1376 1316 1374
2485 2 2 1 1 1377 1318 1317
2486 2 2 1 1 1377 1317 1376
2487 2 2 1 1 1378 1319 1318
2488 2 2 1 1 1378 1318 1377
2489 2 2 1 1 1379 1320 1319
2490 2 2 1 1 1379 1319 1378
2491 2 2 1 1 1380 1321 1320
2492 2 2 1 1 1380 1320 1379
2493 2 2 1 1 1381 1322 1321
2494 2 2 1 1 1381 1321 1380
2495 2 2 1 1 1382 1323 1322
2496 2 2 1 1 1382 1322 1381
2497 2 2 1 1 1383 1324 1323
2498 2 2 1 1 1383 1323 1382
2499 2 2 1 1 1384 1325 1324
2500 2 2 1 1 1384 1324 1383
2501 2 2 1 1 1385 1326 1325
2502 2 2 1 1 1385 1325 1384
2503 2 2 1 1 1386 1327 1326
2504 2 2 1 1 1386 1326 1385
2505 2 2 1 1 1387 1328 1327
2506 2 2 1 1 1387 1327 1386
2507 2 2 1 1 1388 1329 1328
2508 2 2 1 1 1388 1328 1387
2509 2 2 1 1 1389 1330 1329
2510 2 2 1 1 1389 1329 1388
2511 2 2 1 1 1390 1331 1330
2512 2 2 1 1 1390 1330 1389
2513 2 2 1 1 1391 1332 1331
2514 2 2 1 1 1391 1331 1390
2515 2 2 1 1 1392 1333 1332
2516 2 2 1 1 1392 1332 1391
2517 2 2 1 1 1393 1334 1333
2518 2 2 1 1 1393 1333 1392
2519 2 2 1 1 1394 1335 1334
2520 2 2 1 1 1394 1334 1393
2521 2 2 1 1 1395 1336 1335
2522 2 2 1 1 1395 1335 1394
2523 2 2 1 1 1396 1337 1336
2524 2 2 1 1 1396 1336 1395
2525 2 2 1 1 1397 1338 1337
2526 2 2 1 1 1397 1337 1396
2527 2 2 1 1 1398 1374 1375
2528 2 2 1 1 1398 1375 1399
2529 2 2 1 1 1400 1376 1374
2530 2 2 1 1 1400 1374 1398
2531 2 2 1 1 1401 1377 1376
2532 2 2 1 1 1401 1376 1400
2533 2 2 1 1 1402 1378 1377
2534 2 2 1 1 1402 1377 1401
2535 2 2 1 1 1403 1379 1378
2536 2 2 1 1 1403 1378 1402
2537 2 2 1 1 1404 1380 1379
2538 2 2 1 1 1404 1379 1403
2539 2 2 1 1 1405 1381 1380
2540 2 2 1 1 1405 1380 1404
2541 2 2 1 1 1406 1382 1381
2542 2 2 1 1 1406 1381 1405
2543 2 2 1 1 1407 1383 1382
2544 2 2 1 1 1407 1382 1406
2545 2 2 1 1 1408 1384 1383
2546 2 2 1 1 1408 1383 1407
2547 2 2 1 1 1409 1385 1384
2548 2 2 1 1 1409 1384 1408
2549 2 2 1 1 1410 1386 1385
2550 2 2 1 1 1410 1385 1409
2551 2 2 1 1 1411 1387 1386
2552 2 2 1 1 1411 1386 1410
2553 2 2 1 1 1412 1388 1387
2554 2 2 1 1 1412 1387 1411
2555 2 2 1 1 1413 1389 1388
2556 2 2 1 1 1413 1388 1412
2557 2 2 1 1 1414 1390 1389
2558 2 2 1 1 1414 1389 1413
2559 2 2 1 1 1415 1391 1390
2560 2 2 1 1 1415 1390 1414
2561 2 2 1 1 1416 1392 1391
2562 2 2 1 1 1416 1391 1415
2563 2 2 1 1 1417 1393 1392
2564 2 2 1 1 1417 1392 1416
2565 2 2 1 1 1418 1394 1393
2566 2 2 1 1 1418 1393 1417
2567 2 2 1 1 1419 1395 1394
2568 2 2 1 1 1419 1394 1418
2569 2 2 1 1 1420 1396 1395
2570 2 2 1 1 1420 1395 1419
2571 2 2 1 1 1421 1397 1396
2572 2 2 1 1 1421 1396 1420
2573 2 2 1 1 1422 1398 1399
2574 2 2 1 1 1422 1399 1423
2575 2 2 1 1 1424 1400 1398
2576 2 2 1 1 1424 1398 1422
2577 2 2 1 1 1425 1401 1400
2578 2 2 1 1 1425 1400 1424
2579 2 2 1 1 1426 1402 1401
2580 2 2 1 1 1426 1401 1425
2581 2 2 1 1 1427 1403 1402
2582 2 2 1 1 1427 1402 1426
2583 2 2 1 1 1428 1404 1403
2584 2 2 1 1 1428 1403 1427
2585 2 2 1 1 1429 1405 1404
2586 2 2 1 1 1429 1404 1428
2587 2 2 1 1 1430 1406 1405
2588 2 2 1 1 1430 1405 1429
2589 2 2 1 1 1431 1407 1406
2590 2 2 1 1 1431 1406 1430
2591 2 2 1 1 1432 1408 1407
2592 2 2 1 1 1432 1407 1431
2593 2 2 1 1 1433 1409 1408
2594 2 2 1 1 1433 1408 1432
2595 2 2 1 1 1434 1410 1409
2596 2 2 1 1 1434 1409 1433
2597 2 2 1 1 1435 1411 1410
2598 2 2 1 1 1435 1410 1434
2599 2 2 1 1 1436 1412 1411
2600 2 2 1 1 1436 1411 1435
2601 2 2 1 1 1437 1413 1412
2602 2 2 1 1 1437 1412 1436
2603 2 2 1 1 1438 1414 1413
2604 2 2 1 1 1438 1413 1437
2605 2 2 1 1 1439 1415 1414
2606 2 2 1 1 1439 1414 1438
2607 2 2 1 1 1440 1416 1415
2608 2 2 1 1 1440 1415 1439
2609 2 2 1 1 1441 1417 1416
2610 2 2 1 1 1441 1416 1440
2611 2 2 1 1 1442 1418 1417
2612 2 2 1 1 1442 1417 1441
2613 2 2 1 1 1443 1419 1418
2614 2 2 1 1 1443 1418 1442
2615 2 2 1 1 1444 1420 1419
2616 2 2 1 1 1444 1419 1443
2617 2 2 1 1 1445 1421 1420
2618 2 2 1 1 1445 1420 1444
2619 2 2 1 1 1446 1447 1421
2620 2 2 1 1 1446 1421 1445
2621 2 2 1 1 1448 1422 1423
2622 2 2 1 1 1448 1423 1449
2623 2 2 1 1 1450 1424 1422
2624 2 2 1 1 1450 1422 1448
2625 2 2 1 1 1451 1425 1424
2626 2 2 1 1 1451 1424 1450
2627 2 2 1 1 1452 1426 1425
2628 2 2 1 1 1452 1425 1451
2629 2 2 1 1 1453 1427 1426
2630 2 2 1 1 1453 1426 1452
2631 2 2 1 1 1454 1428 1427
2632 2 2 1 1 1454 1427 1453
2633 2 2 1 1 1455 1429 1428
2634 2 2 1 1 1455 1428 1454
2635 2 2 1 1 1456 1430 1429
2636 2 2 1 1 1456 1429 1455
2637 2 2 1 1 1457 1431 1430
2638 2 2 1 1 1457 1430 1456
2639 2 2 1 1 1458 1432 1431
2640 2 2 1 1 1458 1431 1457
2641 2 2 1 1 1459 1433 1432
2642 2 2 1 1 1459 1432 1458
2643 2 2 1 1 1460 1434 1433
2644 2 2 1 1 1460 1433 1459
2645 2 2 1 1 1461 1435 1434
2646 2 2 1 1 1461 1434 1460
2647 2 2 1 1 1462 1436 1435
2648 2 2 1 1 1462 1435 1461
2649 2 2 1 1 1463 1437 1436
2650 2 2 1 1 1463 1436 1462
2651 2 2 1 1 1464 1438 1437
2652 2 2 1 1 1464 1437 1463
2653 2 2 1 1 1465 1439 1438
2654 2 2 1 1 1465 1438 1464
2655 2 2 1 1 1466 1440 1439
2656 2 2 1 1 1466 1439 1465
2657 2 2 1 1 1467 1441 1440
2658 2 2 1 1 1467 1440 1466
2659 2 2 1 1 1468 1442 1441
2660 2 2 1 1 1468 1441 1467
2661 2 2 1 1 1469 1443 1442
2662 2 2 1 1 1469 1442 1468
2663 2 2 1 1 1470 1444 1443
2664 2 2 1 1 1470 1443 1469
2665 2 2 1 1 1471 1445 1444
2666 2 2 1 1 1471 1444 1470
2667 2 2 1 1 1472 1448 1449
2668 2 2 1 1 1472 1449 1473
2669 2 2 1 1 1474 1450 1448
2670 2 2 1 1 1474 1448 1472
2671 2 2 1 1 1475 1451 1450
2672 2 2 1 1 1475 1450 1474
2673 2 2 1 1 1476 1452 1451
2674 2 2 1 1 1476 1451 1475
2675 2 2 1 1 1477 1453 1452
2676 2 2 1 1 1477 1452 1476
2677 2 2 1 1 1478 1454 1453
2678 2 2 1 1 1478 1453 1477
2679 2 2 1 1 1479 1455 1454
2680 2 2 1 1 1479 1454 1478
2681 2 2 1 1 1480 1456 1455
2682 2 2 1 1 1480 1455 1479
2683 2 2 1 1 1481 1457 1456
2684 2 2 1 1 1481 1456 1480
2685 2 2 1 1 1482 1458 1457
2686 2 2 1 1 1482 1457 1481
2687 2 2 1 1 1483 1459 1458
2688 2 2 1 1 1483 1458 1482
2689 2 2 1 1 1484 1460 1459
2690 2 2 1 1 1484 1459 1483
2691 2 2 1 1 1485 1461 1460
2692 2 2 1 1 1485 1460 1484
2693 2 2 1 1 1486 1462 1461
2694 2 2 1 1 1486 1461 1485
2695 2 2 1 1 1487 1463 1462
2696 2 2 1 1 1487 1462 1486
2697 2 2 1 1 1488 1464 1463
2698 2 2 1 1 1488 1463 1487
2699 2 2 1 1 1489 1465 1464
2700 2 2 1 1 1489 1464 1488
2701 2 2 1 1 1490 1466 1465
2702 2 2 1 1 1490 1465 1489
2703 2 2 1 1 1491 1467 1466
2704 2 2 1 1 1491 1466 1490
2705 2 2 1 1 1492 1468 1467
2706 2 2 1 1 1492 1467 1491
2707 2 2 1 1 1493 1469 1468
2708 2 2 1 1 1493 1468 1492
2709 2 2 1 1 1494 1470 1469
2710 2 2 1 1 1494 1469 1493
2711 2 2 1 1 1495 1471 1470
2712 2 2 1 1 1495 1470 1494
2713 2 2 1 1 1496 1472 1473
2714 2 2 1 1 1496 1473 1497
2715 2 2 1 1 1498 1474 1472
2716 2 2 1 1 1498 1472 1496
2717 2 2 1 1 1499 1475 1474
2718 2 2 1 1 1499 1474 1498
2719 2 2 1 1 1500 1476 1475
2720 2 2 1 1 1500 1475 1499
2721 2 2 1 1 1501 1477 1476
2722 2 2 1 1 1501 1476 1500
2723 2 2 1 1 1502 1478 1477
2724 2 2 1 1 1502 1477 1501
2725 2 2 1 1 1503 1479 1478
2726 2 2 1 1 1503 1478 1502
2727 2 2 1 1 1504 1480 1479
2728 2 2 1 1 1504 1479 1503
2729 2 2 1 1 1505 1481 1480
2730 2 2 1 1 1505 1480 1504
2731 2 2 1 1 1506 1482 1481
2732 2 2 1 1 1506 1481 1505
2733 2 2 1 1 1507 1483 1482
2734 2 2 1 1 1507 1482 1506
2735 2 2 1 1 1508 1484 1483
2736 2 2 1 1 1508 1483 1507
2737 2 2 1 1 1509 1485 1484
2738 2 2 1 1 1509 1484 1508
2739 2 2 1 1 1510 1486 1485
2740 2 2 1 1 1510 1485 1509
2741 2 2 1 1 1511 1487 1486
2742 2 2 1 1 1511 1486 1510
2743 2 2 1 1 1512 1488 1487
2744 2 2 1 1 1512 1487 1511
2745 2 2 1 1 1513 1489 1488
2746 2 2 1 1 1513 1488 1512
2747 2 2 1 1 1514 1490 1489
2748 2 2 1 1 1514 1489 1513
2749 2 2 1 1 1515 1491 1490
2750 2 2 1 1 1515 1490 1514
2751 2 2 1 1 1516 1492 1491
2752 2 2 1 1 1516 1491 1515
2753 2 2 1 1 1517 1493 1492
2754 2 2 1 1 1517 1492 1516
2755 2 2 1 1 1518 1494 1493
2756 2 2 1 1 1518 1493 1517
2757 2 2 1 1 1519 1495 1494
2758 2 2 1 1 1519 1494 1518
2759 2 2 1 1 771 1520 1495
2760 2 2 1 1 771 1495 1519
2761 2 2 1 1 1521 38 1522
2762 2 2 1 1 1521 1522 1523
2763 2 2 1 1 608 610 40
2764 2 2 1 1 608 40 39
2765 2 2 1 1 1524 1525 40
2766 2 2 1 1 1524 40 1526
2767 2 2 1 1 1527 1524 1526
2768 2 2 1 1 1527 1526 610
2769 2 2 1 1 1528 1527 610
2770 2 2 1 1 1528 610 607
2771 2 2 1 1 1529 1528 607
2772 2 2 1 1 1529 607 605
2773 2 2 1 1 1530 1531 1525
2774 2 2 1 1 1530 1525 1524
2775 2 2 1 1 1532 1530 1524
2776 2 2 1 1 1532 1524 1527
2777 2 2 1 1 1533 1532 1527
2778 2 2 1 1 1533 1527 1528
2779 2 2 1 1 1534 1533 1528
2780 2 2 1 1 1534 1528 1529
2781 2 2 1 1 1535 1536 1531
2782 2 2 1 1 1535 1531 1530
2783 2 2 1 1 1537 1535 1530
2784 2 2 1 1 1537 1530 1532
2785 2 2 1 1 1538 1537 1532
2786 2 2 1 1 1538 1532 1533
2787 2 2 1 1 1539 1538 1533
2788 2 2 1 1 1539 1533 1534
2789 2 2 1 1 1540 1541 1536
2790 2 2 1 1 1540 1536 1535
2791 2 2 1 1 1542 1540 1535
2792 2 2 1 1 1542 1535 1537
2793 2 2 1 1 1543 1542 1537
2794 2 2 1 1 1543 1537 1538
2795 2 2 1 1 1544 1543 1538
2796 2 2 1 1 1544 1538 1539
2797 2 2 1 1 1545 1546 1541
2798 2 2 1 1 1545 1541 1540
2799 2 2 1 1 1547 1545 1540
2800 2 2 1 1 1547 1540 1542
2801 2 2 1 1 1548 1547 1542
2802 2 2 1 1 1548 1542 1543
2803 2 2 1 1 1549 1548 1543
2804 2 2 1 1 1549 1543 1544
2805 2 2 1 1 1550 1551 1546
2806 2 2 1 1 1550 1546 1545
2807 2 2 1 1 592 1550 1545
2808 2 2 1 1 592 1545 1547
2809 2 2 1 1 595 592 1547
2810 2 2 1 1 595 1547 1548
2811 2 2 1 1 90 595 1548
2812 2 2 1 1 90 1548 1549
2813 2 2 1 1 865 874 1552
2814 2 2 1 1 865 1552 1553
2815 2 2 1 1 591 1554 1551
2816 2 2 1 1 591 1551 592
2817 2 2 1 1 1555 1556 1557
2818 2 2 1 1 1555 1557 1558
2819 2 2 1 1 1559 1555 1558
2820 2 2 1 1 1559 1558 1560
2821 2 2 1 1 1561 1559 1560
2822 2 2 1 1 1561 1560 1562
2823 2 2 1 1 1563 1561 1562
2824 2 2 1 1 1563 1562 1564
2825 2 2 1 1 1565 1563 1564
2826 2 2 1 1 1565 1564 1566
2827 2 2 1 1 1567 1565 1566
2828 2 2 1 1 1567 1566 1568
2829 2 2 1 1 1569 1567 1568
2830 2 2 1 1 1569 1568 1570
2831 2 2 1 1 1571 1569 1570
2832 2 2 1 1 1571 1570 1572
2833 2 2 1 1 1573 1571 1572
2834 2 2 1 1 1573 1572 1574
2835 2 2 1 1 1575 1573 1574
2836 2 2 1 1 1575 1574 1576
2837 2 2 1 1 1577 1575 1576
2838 2 2 1 1 1577 1576 1578
2839 2 2 1 1 1579 1577 1578
2840 2 2 1 1 1579 1578 1580
2841 2 2 1 1 1581 1579 1580
2842 2 2 1 1 1581 1580 1582
2843 2 2 1 1 1583 1581 1582
2844 2 2 1 1 1583 1582 1584
2845 2 2 1 1 1585 1583 1584
2846 2 2 1 1 1585 1584 1586
2847 2 2 1 1 1587 1585 1586
2848 2 2 1 1 1587 1586 1588
2849 2 2 1 1 1589 1587 1588
2850 2 2 1 1 1589 1588 1590
2851 2 2 1 1 1591 1589 1590
2852 2 2 1 1 1591 1590 1592
2853 2 2 1 1 1593 1591 1592
2854 2 2 1 1 1593 1592 1594
2855 2 2 1 1 1595 1593 1594
2856 2 2 1 1 1595 1594 1596
2857 2 2 1 1 1597 1595 1596
2858 2 2 1 1 1597 1596 1598
2859 2 2 1 1 1599 1597 1598
2860 2 2 1 1 1599 1598 1600
2861 2 2 1 1 1601 1599 1600
2862 2 2 1 1 1601 1600 1602
2863 2 2 1 1 1603 1604 1556
2864 2 2 1 1 1603 1556 1555
2865 2 2 1 1 1605 1603 1555
2866 2 2 1 1 1605 1555 1559
2867 2 2 1 1 1606 1605 1559
2868 2 2 1 1 1606 1559 1561
2869 2 2 1 1 1607 1606 1561
2870 2 2 1 1 1607 1561 1563
2871 2 2 1 1 1608 1607 1563
2872 2 2 1 1 1608 1563 1565
2873 2 2 1 1 1609 1608 1565
2874 2 2 1 1 1609 1565 1567
2875 2 2 1 1 1610 1609 1567
2876 2 2 1 1 1610 1567 1569
2877 2 2 1 1 1611 1610 1569
2878 2 2 1 1 1611 1569 1571
2879 2 2 1 1 1612 1611 1571
2880 2 2 1 1 1612 1571 1573
2881 2 2 1 1 1613 1612 1573
2882 2 2 1 1 1613 1573 1575
2883 2 2 1 1 1614 1613 1575
2884 2 2 1 1 1614 1575 1577
2885 2 2 1 1 1615 1614 1577
2886 2 2 1 1 1615 1577 1579
2887 2 2 1 1 1616 1615 1579
2888 2 2 1 1 1616 1579 1581
2889 2 2 1 1 1617 1616 1581
2890 2 2 1 1 1617 1581 1583
2891 2 2 1 1 1618 1617 1583
2892 2 2 1 1 1618 1583 1585
2893 2 2 1 1 1619 1618 1585
2894 2 2 1 1 1619 1585 1587
2895 2 2 1 1 1620 1619 1587
2896 2 2 1 1 1620 1587 1589
2897 2 2 1 1 1621 1620 1589
2898 2 2 1 1 1621 1589 1591
2899 2 2 1 1 1622 1621 1591
2900 2 2 1 1 1622 1591 1593
2901 2 2 1 1 1623 1622 1593
2902 2 2 1 1 1623 1593 1595
2903 2 2 1 1 1624 1623 1595
2904 2 2 1 1 1624 1595 1597
2905 2 2 1 1 1625 1624 1597
2906 2 2 1 1 1625 1597 1599
2907 2 2 1 1 1626 1625 1599
2908 2 2 1 1 1626 1599 1601
2909 2 2 1 1 1627 1628 1604
2910 2 2 1 1 1627 1604 1603
2911 2 2 1 1 1629 1627 1603
2912 2 2 1 1 1629 1603 1605
2913 2 2 1 1 1630 1629 1605
2914 2 2 1 1 1630 1605 1606
2915 2 2 1 1 1631 1630 1606
2916 2 2 1 1 1631 1606 1607
2917 2 2 1 1 1632 1631 1607
2918 2 2 1 1 1632 1607 1608
2919 2 2 1 1 1633 1632 1608
2920 2 2 1 1 1633 1608 1609
2921 2 2 1 1 1634 1633 1609
2922 2 2 1 1 1634 1609 1610
2923 2 2 1 1 1635 1634 1610
2924 2 2 1 1 1635 1610 1611
2925 2 2 1 1 1636 1635 1611
2926 2 2 1 1 1636 1611 1612
2927 2 2 1 1 1637 1636 1612
2928 2 2 1 1 1637 1612 1613
2929 2 2 1 1 1638 1637 1613
2930 2 2 1 1 1638 1613 1614
2931 2 2 1 1 1639 1638 1614
2932 2 2 1 1 1639 1614 1615
2933 2 2 1 1 1640 1639 1615
2934 2 2 1 1 1640 1615 1616
2935 2 2 1 1 1641 1640 1616
2936 2 2 1 1 1641 1616 1617
2937 2 2 1 1 1642 1641 1617
2938 2 2 1 1 1642 1617 1618
2939 2 2 1 1 1643 1642 1618
2940 2 2 1 1 1643 1618 1619
2941 2 2 1 1 1644 1643 1619
2942 2 2 1 1 1644 1619 1620
2943 2 2 1 1 1645 1644 1620
2944 2 2 1 1 1645 1620 1621
2945 2 2 1 1 1646 1645 1621
2946 2 2 1 1 1646 1621 1622
2947 2 2 1 1 1647 1646 1622
2948 2 2 1 1 1647 1622 1623
2949 2 2 1 1 1648 1647 1623
2950 2 2 1 1 1648 1623 1624
2951 2 2 1 1 1649 1648 1624
2952 2 2 1 1 1649 1624 1625
2953 2 2 1 1 1650 1649 1625
2954 2 2 1 1 1650 1625 1626
2955 2 2 1 1 1651 1652 1628
2956 2 2 1 1 1651 1628 1627
2957 2 2 1 1 1653 1651 1627
2958 2 2 1 1 1653 1627 1629
2959 2 2 1 1 1654 1653 1629
2960 2 2 1 1 1654 1629 1630
2961 2 2 1 1 1655 1654 1630
2962 2 2 1 1 1655 1630 1631
2963 2 2 1 1 1656 1655 1631
2964 2 2 1 1 1656 1631 1632
2965 2 2 1 1 1657 1656 1632
2966 2 2 1 1 1657 1632 1633
2967 2 2 1 1 1658 1657 1633
2968 2 2 1 1 1658 1633 1634
2969 2 2 1 1 1659 1658 1634
2970 2 2 1 1 1659 1634 1635
2971 2 2 1 1 1660 1659 1635
2972 2 2 1 1 1660 1635 1636
2973 2 2 1 1 1661 1660 1636
2974 2 2 1 1 1661 1636 1637
2975 2 2 1 1 1662 1661 1637
2976 2 2 1 1 1662 1637 1638
2977 2 2 1 1 1663 1662 1638
2978 2 2 1 1 1663 1638 1639
2979 2 2 1 1 1664 1663 1639
2980 2 2 1 1 1664 1639 1640
2981 2 2 1 1 1665 1664 1640
2982 2 2 1 1 1665 1640 1641
2983 2 2 1 1 1666 1665 1641
2984 2 2 1 1 1666 1641 1642
2985 2 2 1 1 1667 1666 1642
2986 2 2 1 1 1667 1642 1643
2987 2 2 1 1 1668 1667 1643
2988 2 2 1 1 1668 1643 1644
2989 2 2 1 1 1669 1668 1644
2990 2 2 1 1 1669 1644 1645
2991 2 2 1 1 1670 1669 1645
2992 2 2 1 1 1670 1645 1646
2993 2 2 1 1 1671 1670 1646
2994 2 2 1 1 1671 1646 1647
2995 2 2 1 1 1672 1671 1647
2996 2 2 1 1 1672 1647 1648
2997 2 2 1 1 1673 1672 1648
2998 2 2 1 1 1673 1648 1649
2999 2 2 1 1 1674 1673 1649
3000 2 2 1 1 1674 1649 1650
3001 2 2 1 1 1675 1676 1652
3002 2 2 1 1 1675 1652 1651
3003 2 2 1 1 1677 1675 1651
3004 2 2 1 1 1677 1651 1653
3005 2 2 1 1 1678 1677 1653
3006 2 2 1 1 1678 1653 1654
3007 2 2 1 1 1679 1678 1654
3008 2 2 1 1 1679 1654 1655
3009 2 2 1 1 1680 1679 1655
3010 2 2 1 1 1680 1655 1656
3011 2 2 1 1 1681 1680 1656
3012 2 2 1 1 1681 1656 1657
3013 2 2 1 1 1682 1681 1657
3014 2 2 1 1 1682 1657 1658
3015 2 2 1 1 1683 1682 1658
3016 2 2 1 1 1683 1658 1659
3017 2 2 1 1 1684 1683 1659
3018 2 2 1 1 1684 1659 1660
3019 2 2 1 1 1685 1684 1660
3020 2 2 1 1 1685 1660 1661
3021 2 2 1 1 1686 1685 1661
3022 2 2 1 1 1686 1661 1662
3023 2 2 1 1 1687 1686 1662
3024 2 2 1 1 1687 1662 1663
3025 2 2 1 1 1688 1687 1663
3026 2 2 1 1 1688 1663 1664
3027 2 2 1 1 1689 1688 1664
3028 2 2 1 1 1689 1664 1665
3029 2 2 1 1 1690 1689 1665
3030 2 2 1 1 1690 1665 1666
3031 2 2 1 1 1691 1690 1666
3032 2 2 1 1 1691 1666 1667
3033 2 2 1 1 1692 1691 1667
3034 2 2 1 1 1692 1667 1668
3035 2 2 1 1 1693 1692 1668
3036 2 2 1 1 1693 1668 1669
3037 2 2 1 1 1694 1693 1669
3038 2 2 1 1 1694 1669 1670
3039 2 2 1 1 1695 1694 1670
3040 2 2 1 1 1695 1670 1671
3041 2 2 1 1 1696 1695 1671
3042 2 2 1 1 1696 1671 1672
3043 2 2 1 1 1697 1696 1672
3044 2 2 1 1 1697 1672 1673
3045 2 2 1 1 1698 1697 1673
3046 2 2 1 1 1698 1673 1674
3047 2 2 1 1 1496 1497 1676
3048 2 2 1 1 1496 1676 1675
3049 2 2 1 1 1498 1496 1675
3050 2 2 1 1 1498 1675 1677
3051 2 2 1 1 1499 1498 1677
3052 2 2 1 1 1499 1677 1678
3053 2 2 1 1 1500 1499 1678
3054 2 2 1 1 1500 1678 1679
3055 2 2 1 1 1501 1500 1679
3056 2 2 1 1 1501 1679 1680
3057 2 2 1 1 1502 1501 1680
3058 2 2 1 1 1502 1680 1681
3059 2 2 1 1 1503 1502 1681
3060 2 2 1 1 1503 1681 1682
3061 2 2 1 1 1504 1503 1682
3062 2 2 1 1 1504 1682 1683
3063 2 2 1 1 1505 1504 1683
3064 2 2 1 1 1505 1683 1684
3065 2 2 1 1 1506 1505 1684
3066 2 2 1 1 1506 1684 1685
3067 2 2 1 1 1507 1506 1685
3068 2 2 1 1 1507 1685 1686
3069 2 2 1 1 1508 1507 1686
3070 2 2 1 1 1508 1686 1687
3071 2 2 1 1 1509 1508 1687
3072 2 2 1 1 1509 1687 1688
3073 2 2 1 1 1510 1509 1688
3074 2 2 1 1 1510 1688 1689
3075 2 2 1 1 1511 1510 1689
3076 2 2 1 1 1511 1689 1690
3077 2 2 1 1 1512 1511 1690
3078 2 2 1 1 1512 1690 1691
3079 2 2 1 1 1513 1512 1691
3080 2 2 1 1 1513 1691 1692
3081 2 2 1 1 1514 1513 1692
3082 2 2 1 1 1514 1692 1693
3083 2 2 1 1 1515 1514 1693
3084 2 2 1 1 1515 1693 1694
3085 2 2 1 1 1516 1515 1694
3086 2 2 1 1 1516 1694 1695
3087 2 2 1 1 1517 1516 1695
3088 2 2 1 1 1517 1695 1696
3089 2 2 1 1 1518 1517 1696
3090 2 2 1 1 1518 1696 1697
3091 2 2 1 1 1519 1518 1697
3092 2 2 1 1 1519 1697 1698
3093 2 2 1 1 1699 1700 1701
3094 2 2 1 1 1699 1701 1702
3095 2 2 1 1 1703 1699 1702
3096 2 2 1 1 1703 1702 1704
3097 2 2 1 1 1705 1703 1704
3098 2 2 1 1 1705 1704 1706
3099 2 2 1 1 1707 1705 1706
3100 2 2 1 1 1707 1706 1708
3101 2 2 1 1 1709 1707 1708
3102 2 2 1 1 1709 1708 1710
3103 2 2 1 1 1711 1709 1710
3104 2 2 1 1 1711 1710 1712
3105 2 2 1 1 92 1711 1712
3106 2 2 1 1 92 1712 93
3107 2 2 1 1 1713 91 94
3108 2 2 1 1 1713 94 1714
3109 2 2 1 1 1715 1713 1714
3110 2 2 1 1 1715 1714 1716
3111 2 2 1 1 1717 1715 1716
3112 2 2 1 1 1717 1716 1718
3113 2 2 1 1 1719 1717 1718
3114 2 2 1 1 1719 1718 1720
3115 2 2 1 1 1721 1719 1720
3116 2 2 1 1 1721 1720 1722
3117 2 2 1 1 1723 1721 1722
3118 2 2 1 1 1723 1722 1724
3119 2 2 1 1 1725 1723 1724
3120 2 2 1 1 1725 1724 1726
3121 2 2 1 1 1727 1725 1726
3122 2 2 1 1 1727 1726 1728
3123 2 2 1 1 1729 1727 1728
3124 2 2 1 1 1729 1728 1730
3125 2 2 1 1 1731 1729 1730
3126 2 2 1 1 1731 1730 1732
3127 2 2 1 1 1733 1731 1732
3128 2 2 1 1 1733 1732 1734
3129 2 2 1 1 1735 1733 1734
3130 2 2 1 1 1735 1734 1736
3131 2 2 1 1 1737 1735 1736
3132 2 2 1 1 1737 1736 1738
3133 2 2 1 1 1739 1737 1738
3134 2 2 1 1 1739 1738 1740
3135 2 2 1 1 1741 1739 1740
3136 2 2 1 1 1741 1740 1742
3137 2 2 1 1 1743 1741 1742
3138 2 2 1 1 1743 1742 1744
3139 2 2 1 1 1525 1743 1744
3140 2 2 1 1 1525 1744 40
3141 2 2 1 1 1745 1746 1700
3142 2 2 1 1 1745 1700 1699
3143 2 2 1 1 1747 1745 1699
3144 2 2 1 1 1747 1699 1703
3145 2 2 1 1 1748 1747 1703
3146 2 2 1 1 1748 1703 1705
3147 2 2 1 1 1749 1748 1705
3148 2 2 1 1 1749 1705 1707
3149 2 2 1 1 1750 1749 1707
3150 2 2 1 1 1750 1707 1709
3151 2 2 1 1 1751 1750 1709
3152 2 2 1 1 1751 1709 1711
3153 2 2 1 1 1752 1751 1711
3154 2 2 1 1 1752 1711 92
3155 2 2 1 1 1753 1752 92
3156 2 2 1 1 1753 92 91
3157 2 2 1 1 1754 1753 91
3158 2 2 1 1 1754 91 1713
3159 2 2 1 1 1755 1754 1713
3160 2 2 1 1 1755 1713 1715
3161 2 2 1 1 1756 1755 1715
3162 2 2 1 1 1756 1715 1717
3163 2 2 1 1 1757 1756 1717
3164 2 2 1 1 1757 1717 1719
3165 2 2 1 1 1758 1757 1719
3166 2 2 1 1 1758 1719 1721
3167 2 2 1 1 1759 1758 1721
3168 2 2 1 1 1759 1721 1723
3169 2 2 1 1 1760 1759 1723
3170 2 2 1 1 1760 1723 1725
3171 2 2 1 1 1761 1760 1725
3172 2 2 1 1 1761 1725 1727
3173 2 2 1 1 1762 1761 1727
3174 2 2 1 1 1762 1727 1729
3175 2 2 1 1 1763 1762 1729
3176 2 2 1 1 1763 1729 1731
3177 2 2 1 1 1764 1763 1731
3178 2 2 1 1 1764 1731 1733
3179 2 2 1 1 1765 1764 1733
3180 2 2 1 1 1765 1733 1735
3181 2 2 1 1 1766 1765 1735
3182 2 2 1 1 1766 1735 1737
3183 2 2 1 1 1767 1766 1737
3184 2 2 1 1 1767 1737 1739
3185 2 2 1 1 1768 1767 1739
3186 2 2 1 1 1768 1739 1741
3187 2 2 1 1 1769 1768 1741
3188 2 2 1 1 1769 1741 1743
3189 2 2 1 1 1531 1769 1743
3190 2 2 1 1 1531 1743 1525
3191 2 2 1 1 1770 1771 1746
3192 2 2 1 1 1770 1746 1745
3193 2 2 1 1 1772 1770 1745
3194 2 2 1 1 1772 1745 1747
3195 2 2 1 1 1773 1772 1747
3196 2 2 1 1 1773 1747 1748
3197 2 2 1 1 1774 1773 1748
3198 2 2 1 1 1774 1748 1749
3199 2 2 1 1 1775 1774 1749
3200 2 2 1 1 1775 1749 1750
3201 2 2 1 1 1776 1775 1750
3202 2 2 1 1 1776 1750 1751
3203 2 2 1 1 1777 1776 1751
3204 2 2 1 1 1777 1751 1752
3205 2 2 1 1 1778 1777 1752
3206 2 2 1 1 1778 1752 1753
3207 2 2 1 1 1779 1778 1753
3208 2 2 1 1 1779 1753 1754
3209 2 2 1 1 1780 1779 1754
3210 2 2 1 1 1780 1754 1755
3211 2 2 1 1 1781 1780 1755
3212 2 2 1 1 1781 1755 1756
3213 2 2 1 1 1782 1781 1756
3214 2 2 1 1 1782 1756 1757
3215 2 2 1 1 1783 1782 1757
3216 2 2 1 1 1783 1757 1758
3217 2 2 1 1 1784 1783 1758
3218 2 2 1 1 1784 1758 1759
3219 2 2 1 1 1785 1784 1759
3220 2 2 1 1 1785 1759 1760
3221 2 2 1 1 1786 1785 1760
3222 2 2 1 1 1786 1760 1761
3223 2 2 1 1 1787 1786 1761
3224 2 2 1 1 1787 1761 1762
3225 2 2 1 1 1788 1787 1762
3226 2 2 1 1 1788 1762 1763
3227 2 2 1 1 1789 1788 1763
3228 2 2 1 1 1789 1763 1764
3229 2 2 1 1 1790 1789 1764
3230 2 2 1 1 1790 1764 1765
3231 2 2 1 1 1791 1790 1765
3232 2 2 1 1 1791 1765 1766
3233 2 2 1 1 1792 1791 1766
3234 2 2 1 1 1792 1766 1767
3235 2 2 1 1 1793 1792 1767
3236 2 2 1 1 1793 1767 1768
3237 2 2 1 1 1794 1793 1768
3238 2 2 1 1 1794 1768 1769
3239 2 2 1 1 1536 1794 1769
3240 2 2 1 1 1536 1769 1531
3241 2 2 1 1 1795 1796 1771
3242 2 2 1 1 1795 1771 1770
3243 2 2 1 1 1797 1795 1770
3244 2 2 1 1 1797 1770 1772
3245 2 2 1 1 1798 1797 1772
3246 2 2 1 1 1798 1772 1773
3247 2 2 1 1 1799 1798 1773
3248 2 2 1 1 1799 1773 1774
3249 2 2 1 1 1800 1799 1774
3250 2 2 1 1 1800 1774 1775
3251 2 2 1 1 1801 1800 1775
3252 2 2 1 1 1801 1775 1776
3253 2 2 1 1 1802 1801 1776
3254 2 2 1 1 1802 1776 1777
3255 2 2 1 1 1803 1802 1777
3256 2 2 1 1 1803 1777 1778
3257 2 2 1 1 1804 1803 1778
3258 2 2 1 1 1804 1778 1779
3259 2 2 1 1 1805 1804 1779
3260 2 2 1 1 1805 1779 1780
3261 2 2 1 1 1806 1805 1780
3262 2 2 1 1 1806 1780 1781
3263 2 2 1 1 1807 1806 1781
3264 2 2 1 1 1807 1781 1782
3265 2 2 1 1 1808 1807 1782
3266 2 2 1 1 1808 1782 1783
3267 2 2 1 1 1809 1808 1783
3268 2 2 1 1 1809 1783 1784
3269 2 2 1 1 1810 1809 1784
3270 2 2 1 1 1810 1784 1785
3271 2 2 1 1 1811 1810 1785
3272 2 2 1 1 1811 1785 1786
3273 2 2 1 1 1812 1811 1786
3274 2 2 1 1 1812 1786 1787
3275 2 2 1 1 1813 1812 1787
3276 2 2 1 1 1813 1787 1788
3277 2 2 1 1 1814 1813 1788
3278 2 2 1 1 1814 1788 1789
3279 2 2 1 1 1815 1814 1789
3280 2 2 1 1 1815 1789 1790
3281 2 2 1 1 1816 1815 1790
3282 2 2 1 1 1816 1790 1791
3283 2 2 1 1 1817 1816 1791
3284 2 2 1 1 1817 1791 1792
3285 2 2 1 1 1818 1817 1792
3286 2 2 1 1 1818 1792 1793
3287 2 2 1 1 1819 1818 1793
3288 2 2 1 1 1819 1793 1794
3289 2 2 1 1 1541 1819 1794
3290 2 2 1 1 1541 1794 1536
3291 2 2 1 1 1820 1821 1796
3292 2 2 1 1 1820 1796 1795
3293 2 2 1 1 1822 1820 1795
3294 2 2 1 1 1822 1795 1797
3295 2 2 1 1 1823 1822 1797
3296 2 2 1 1 1823 1797 1798
3297 2 2 1 1 1824 1823 1798
3298 2 2 1 1 1824 1798 1799
3299 2 2 1 1 1825 1824 1799
3300 2 2 1 1 1825 1799 1800
3301 2 2 1 1 1826 1825 1800
3302 2 2 1 1 1826 1800 1801
3303 2 2 1 1 1827 1826 1801
3304 2 2 1 1 1827 1801 1802
3305 2 2 1 1 1828 1827 1802
3306 2 2 1 1 1828 1802 1803
3307 2 2 1 1 1829 1828 1803
3308 2 2 1 1 1829 1803 1804
3309 2 2 1 1 1830 1829 1804
3310 2 2 1 1 1830 1804 1805
3311 2 2 1 1 1831 1830 1805
3312 2 2 1 1 1831 1805 1806
3313 2 2 1 1 1832 1831 1806
3314 2 2 1 1 1832 1806 1807
3315 2 2 1 1 1833 1832 1807
3316 2 2 1 1 1833 1807 1808
3317 2 2 1 1 1834 1833 1808
3318 2 2 1 1 1834 1808 1809
3319 2 2 1 1 1835 1834 1809
3320 2 2 1 1 1835 1809 1810
3321 2 2 1 1 1836 1835 1810
3322 2 2 1 1 1836 1810 1811
3323 2 2 1 1 1837 1836 1811
3324 2 2 1 1 1837 1811 1812
3325 2 2 1 1 1838 1837 1812
3326 2 2 1 1 1838 1812 1813
3327 2 2 1 1 1839 1838 1813
3328 2 2 1 1 1839 1813 1814
3329 2 2 1 1 1840 1839 1814
3330 2 2 1 1 1840 1814 1815
3331 2 2 1 1 1841 1840 1815
3332 2 2 1 1 1841 1815 1816
3333 2 2 1 1 1842 1841 1816
3334 2 2 1 1 1842 1816 1817
3335 2 2 1 1 1843 1842 1817
3336 2 2 1 1 1843 1817 1818
3337 2 2 1 1 1844 1843 1818
3338 2 2 1 1 1844 1818 1819
3339 2 2 1 1 1546 1844 1819
3340 2 2 1 1 1546 1819 1541
3341 2 2 1 1 1557 1845 1821
3342 2 2 1 1 1557 1821 1820
3343 2 2 1 1 1558 1557 1820
3344 2 2 1 1 1558 1820 1822
3345 2 2 1 1 1560 1558 1822
3346 2 2 1 1 1560 1822 1823
3347 2 2 1 1 1562 1560 1823
3348 2 2 1 1 1562 1823 1824
3349 2 2 1 1 1564 1562 1824
3350 2 2 1 1 1564 1824 1825
3351 2 2 1 1 1566 1564 1825
3352 2 2 1 1 1566 1825 1826
3353 2 2 1 1 1568 1566 1826
3354 2 2 1 1 1568 1826 1827
3355 2 2 1 1 1570 1568 1827
3356 2 2 1 1 1570 1827 1828
3357 2 2 1 1 1572 1570 1828
3358 2 2 1 1 1572 1828 1829
3359 2 2 1 1 1574 1572 1829
3360 2 2 1 1 1574 1829 1830
3361 2 2 1 1 1576 1574 1830
3362 2 2 1 1 1576 1830 1831
3363 2 2 1 1 1578 1576 1831
3364 2 2 1 1 1578 1831 1832
3365 2 2 1 1 1580 1578 1832
3366 2 2 1 1 1580 1832 1833
3367 2 2 1 1 1582 1580 1833
3368 2 2 1 1 1582 1833 1834
3369 2 2 1 1 1584 1582 1834
3370 2 2 1 1 1584 1834 1835
3371 2 2 1 1 1586 1584 1835
3372 2 2 1 1 1586 1835 1836
3373 2 2 1 1 1588 1586 1836
3374 2 2 1 1 1588 1836 1837
3375 2 2 1 1 1590 1588 1837
3376 2 2 1 1 1590 1837 1838
3377 2 2 1 1 1592 1590 1838
3378 2 2 1 1 1592 1838 1839
3379 2 2 1 1 1594 1592 1839
3380 2 2 1 1 1594 1839 1840
3381 2 2 1 1 1596 1594 1840
3382 2 2 1 1 1596 1840 1841
3383 2 2 1 1 1598 1596 1841
3384 2 2 1 1 1598 1841 1842
3385 2 2 1 1 1600 1598 1842
3386 2 2 1 1 1600 1842 1843
3387 2 2 1 1 1602 1600 1843
3388 2 2 1 1 1602 1843 1844
3389 2 2 1 1 1551 1602 1844
3390 2 2 1 1 1551 1844 1546
3391 2 2 1 1 1846 1704 1702
3392 2 2 1 1 1846 1702 1847
3393 2 2 1 1 1848 1706 1704
3394 2 2 1 1 1848 1704 1846
3395 2 2 1 1 1849 1708 1706
3396 2 2 1 1 1849 1706 1848
3397 2 2 1 1 1850 1710 1708
3398 2 2 1 1 1850 1708 1849
3399 2 2 1 1 1851 1712 1710
3400 2 2 1 1 1851 1710 1850
3401 2 2 1 1 1852 93 1712
3402 2 2 1 1 1852 1712 1851
3403 2 2 1 1 1853 94 93
3404 2 2 1 1 1853 93 1852
3405 2 2 1 1 1854 1714 94
3406 2 2 1 1 1854 94 1853
3407 2 2 1 1 1855 1716 1714
3408 2 2 1 1 1855 1714 1854
3409 2 2 1 1 1856 1718 1716
3410 2 2 1 1 1856 1716 1855
3411 2 2 1 1 1857 1720 1718
3412 2 2 1 1 1857 1718 1856
3413 2 2 1 1 1858 1722 1720
3414 2 2 1 1 1858 1720 1857
3415 2 2 1 1 1859 1724 1722
3416 2 2 1 1 1859 1722 1858
3417 2 2 1 1 1860 1726 1724
3418 2 2 1 1 1860 1724 1859
3419 2 2 1 1 1861 1728 1726
3420 2 2 1 1 1861 1726 1860
3421 2 2 1 1 1862 1730 1728
3422 2 2 1 1 1862 1728 1861
3423 2 2 1 1 1863 1732 1730
3424 2 2 1 1 1863 1730 1862
3425 2 2 1 1 1864 1734 1732
3426 2 2 1 1 1864 1732 1863
3427 2 2 1 1 1865 1736 1734
3428 2 2 1 1 1865 1734 1864
3429 2 2 1 1 1866 1738 1736
3430 2 2 1 1 1866 1736 1865
3431 2 2 1 1 1867 1740 1738
3432 2 2 1 1 1867 1738 1866
3433 2 2 1 1 1868 1742 1740
3434 2 2 1 1 1868 1740 1867
3435 2 2 1 1 1869 1744 1742
3436 2 2 1 1 1869 1742 1868
3437 2 2 1 1 1870 1846 1847
3438 2 2 1 1 1870 1847 1871
3439 2 2 1 1 1872 1848 1846
3440 2 2 1 1 1872 1846 1870
3441 2 2 1 1 1873 1849 1848
3442 2 2 1 1 1873 1848 1872
3443 2 2 1 1 1874 1850 1849
3444 2 2 1 1 1874 1849 1873
3445 2 2 1 1 1875 1851 1850
3446 2 2 1 1 1875 1850 1874
3447 2 2 1 1 1876 1852 1851
3448 2 2 1 1 1876 1851 1875
3449 2 2 1 1 1877 1853 1852
3450 2 2 1 1 1877 1852 1876
3451 2 2 1 1 1878 1854 1853
3452 2 2 1 1 1878 1853 1877
3453 2 2 1 1 1879 1855 1854
3454 2 2 1 1 1879 1854 1878
3455 2 2 1 1 1880 1856 1855
3456 2 2 1 1 1880 1855 1879
3457 2 2 1 1 1881 1857 1856
3458 2 2 1 1 1881 1856 1880
3459 2 2 1 1 1882 1858 1857
3460 2 2 1 1 1882 1857 1881
3461 2 2 1 1 1883 1859 1858
3462 2 2 1 1 1883 1858 1882
3463 2 2 1 1 1884 1860 1859
3464 2 2 1 1 1884 1859 1883
3465 2 2 1 1 1885 1861 1860
3466 2 2 1 1 1885 1860 1884
3467 2 2 1 1 1886 1862 1861
3468 2 2 1 1 1886 1861 1885
3469 2 2 1 1 1887 1863 1862
3470 2 2 1 1 1887 1862 1886
3471 2 2 1 1 1888 1864 1863
3472 2 2 1 1 1888 1863 1887
3473 2 2 1 1 1889 1865 1864
3474 2 2 1 1 1889 1864 1888
3475 2 2 1 1 1890 1866 1865
3476 2 2 1 1 1890 1865 1889
3477 2 2 1 1 1891 1867 1866
3478 2 2 1 1 1891 1866 1890
3479 2 2 1 1 1892 1868 1867
3480 2 2 1 1 1892 1867 1891
3481 2 2 1 1 33 1869 1868
3482 2 2 1 1 33 1868 1892
3483 2 2 1 1 1893 1870 1871
3484 2 2 1 1 1893 1871 1894
3485 2 2 1 1 1895 1872 1870
3486 2 2 1 1 1895 1870 1893
3487 2 2 1 1 1896 1873 1872
3488 2 2 1 1 1896 1872 1895
3489 2 2 1 1 1897 1874 1873
3490 2 2 1 1 1897 1873 1896
3491 2 2 1 1 1898 1875 1874
3492 2 2 1 1 1898 1874 1897
3493 2 2 1 1 1899 1876 1875
3494 2 2 1 1 1899 1875 1898
3495 2 2 1 1 1900 1877 1876
3496 2 2 1 1 1900 1876 1899
3497 2 2 1 1 1901 1878 1877
3498 2 2 1 1 1901 1877 1900
3499 2 2 1 1 1902 1879 1878
3500 2 2 1 1 1902 1878 1901
3501 2 2 1 1 1903 1880 1879
3502 2 2 1 1 1903 1879 1902
3503 2 2 1 1 1904 1881 1880
3504 2 2 1 1 1904 1880 1903
3505 2 2 1 1 1905 1882 1881
3506 2 2 1 1 1905 1881 1904
3507 2 2 1 1 1906 1883 1882
3508 2 2 1 1 1906 1882 1905
3509 2 2 1 1 1907 1884 1883
3510 2 2 1 1 1907 1883 1906
3511 2 2 1 1 1908 1885 1884
3512 2 2 1 1 1908 1884 1907
3513 2 2 1 1 1909 1886 1885
3514 2 2 1 1 1909 1885 1908
3515 2 2 1 1 1910 1887 1886
3516 2 2 1 1 1910 1886 1909
3517 2 2 1 1 1911 1888 1887
3518 2 2 1 1 1911 1887 1910
3519 2 2 1 1 1912 1889 1888
3520 2 2 1 1 1912 1888 1911
3521 2 2 1 1 1913 1890 1889
3522 2 2 1 1 1913 1889 1912
3523 2 2 1 1 1914 1891 1890
3524 2 2 1 1 1914 1890 1913
3525 2 2 1 1 1915 1892 1891
3526 2 2 1 1 1915 1891 1914
3527 2 2 1 1 34 33 1892
3528 2 2 1 1 34 1892 1915
3529 2 2 1 1 1916 1893 1894
3530 2 2 1 1 1916 1894 1917
3531 2 2 1 1 1918 1895 1893
3532 2 2 1 1 1918 1893 1916
3533 2 2 1 1 1919 1896 1895
3534 2 2 1 1 1919 1895 1918
3535 2 2 1 1 1920 1897 1896
3536 2 2 1 1 1920 1896 1919
3537 2 2 1 1 1921 1898 1897
3538 2 2 1 1 1921 1897 1920
3539 2 2 1 1 1922 1899 1898
3540 2 2 1 1 1922 1898 1921
3541 2 2 1 1 1923 1900 1899
3542 2 2 1 1 1923 1899 1922
3543 2 2 1 1 1924 1901 1900
3544 2 2 1 1 1924 1900 1923
3545 2 2 1 1 1925 1902 1901
3546 2 2 1 1 1925 1901 1924
3547 2 2 1 1 1926 1903 1902
3548 2 2 1 1 1926 1902 1925
3549 2 2 1 1 1927 1904 1903
3550 2 2 1 1 1927 1903 1926
3551 2 2 1 1 1928 1905 1904
3552 2 2 1 1 1928 1904 1927
3553 2 2 1 1 1929 1906 1905
3554 2 2 1 1 1929 1905 1928
3555 2 2 1 1 1930 1907 1906
3556 2 2 1 1 1930 1906 1929
3557 2 2 1 1 1931 1908 1907
3558 2 2 1 1 1931 1907 1930
3559 2 2 1 1 1932 1909 1908
3560 2 2 1 1 1932 1908 1931
3561 2 2 1 1 1933 1910 1909
3562 2 2 1 1 1933 1909 1932
3563 2 2 1 1 1934 1911 1910
3564 2 2 1 1 1934 1910 1933
3565 2 2 1 1 1935 1912 1911
3566 2 2 1 1 1935 1911 1934
3567 2 2 1 1 1936 1913 1912
3568 2 2 1 1 1936 1912 1935
3569 2 2 1 1 1937 1914 1913
3570 2 2 1 1 1937 1913 1936
3571 2 2 1 1 1938 1915 1914
3572 2 2 1 1 1938 1914 1937
3573 2 2 1 1 1939 34 1915
3574 2 2 1 1 1939 1915 1938
3575 2 2 1 1 1940 1916 1917
3576 2 2 1 1 1940 1917 1941
3577 2 2 1 1 1942 1918 1916
3578 2 2 1 1 1942 1916 1940
3579 2 2 1 1 1943 1919 1918
3580 2 2 1 1 1943 1918 1942
3581 2 2 1 1 1944 1920 1919
3582 2 2 1 1 1944 1919 1943
3583 2 2 1 1 1945 1921 1920
3584 2 2 1 1 1945 1920 1944
3585 2 2 1 1 1946 1922 1921
3586 2 2 1 1 1946 1921 1945
3587 2 2 1 1 1947 1923 1922
3588 2 2 1 1 1947 1922 1946
3589 2 2 1 1 1948 1924 1923
3590 2 2 1 1 1948 1923 1947
3591 2 2 1 1 1949 1925 1924
3592 2 2 1 1 1949 1924 1948
3593 2 2 1 1 1950 1926 1925
3594 2 2 1 1 1950 1925 1949
3595 2 2 1 1 1951 1927 1926
3596 2 2 1 1 1951 1926 1950
3597 2 2 1 1 1952 1928 1927
3598 2 2 1 1 1952 1927 1951
3599 2 2 1 1 1953 1929 1928
3600 2 2 1 1 1953 1928 1952
3601 2 2 1 1 1954 1930 1929
3602 2 2 1 1 1954 1929 1953
3603 2 2 1 1 1955 1931 1930
3604 2 2 1 1 1955 1930 1954
3605 2 2 1 1 1956 1932 1931
3606 2 2 1 1 1956 1931 1955
3607 2 2 1 1 1957 1933 1932
3608 2 2 1 1 1957 1932 1956
3609 2 2 1 1 1958 1934 1933
3610 2 2 1 1 1958 1933 1957
3611 2 2 1 1 1959 1935 1934
3612 2 2 1 1 1959 1934 1958
3613 2 2 1 1 1960 1936 1935
3614 2 2 1 1 1960 1935 1959
3615 2 2 1 1 1961 1937 1936
3616 2 2 1 1 1961 1936 1960
3617 2 2 1 1 1962 1938 1937
3618 2 2 1 1 1962 1937 1961
3619 2 2 1 1 1963 1939 1938
3620 2 2 1 1 1963 1938 1962
3621 2 2 1 1 1159 1940 1941
3622 2 2 1 1 1159 1941 1160
3623 2 2 1 1 1161 1942 1940
3624 2 2 1 1 1161 1940 1159
3625 2 2 1 1 1162 1943 1942
3626 2 2 1 1 1162 1942 1161
3627 2 2 1 1 1163 1944 1943
3628 2 2 1 1 1163 1943 1162
3629 2 2 1 1 1164 1945 1944
3630 2 2 1 1 1164 1944 1163
3631 2 2 1 1 1165 1946 1945
3632 2 2 1 1 1165 1945 1164
3633 2 2 1 1 1166 1947 1946
3634 2 2 1 1 1166 1946 1165
3635 2 2 1 1 1167 1948 1947
3636 2 2 1 1 1167 1947 1166
3637 2 2 1 1 1168 1949 1948
3638 2 2 1 1 1168 1948 1167
3639 2 2 1 1 1169 1950 1949
3640 2 2 1 1 1169 1949 1168
3641 2 2 1 1 1170 1951 1950
3642 2 2 1 1 1170 1950 1169
3643 2 2 1 1 1171 1952 1951
3644 2 2 1 1 1171 1951 1170
3645 2 2 1 1 1172 1953 1952
3646 2 2 1 1 1172 1952 1171
3647 2 2 1 1 1173 1954 1953
3648 2 2 1 1 1173 1953 1172
3649 2 2 1 1 1174 1955 1954
3650 2 2 1 1 1174 1954 1173
3651 2 2 1 1 1175 1956 1955
3652 2 2 1 1 1175 1955 1174
3653 2 2 1 1 1176 1957 1956
3654 2 2 1 1 1176 1956 1175
3655 2 2 1 1 1177 1958 1957
3656 2 2 1 1 1177 1957 1176
3657 2 2 1 1 1178 1959 1958
3658 2 2 1 1 1178 1958 1177
3659 2 2 1 1 1179 1960 1959
3660 2 2 1 1 1179 1959 1178
3661 2 2 1 1 1180 1961 1960
3662 2 2 1 1 1180 1960 1179
3663 2 2 1 1 1181 1962 1961
3664 2 2 1 1 1181 1961 1180
3665 2 2 1 1 1182 1963 1962
3666 2 2 1 1 1182 1962 1181
3667 2 2 1 1 1964 1965 1966
3668 2 2 1 1 1964 1966 1967
3669 2 2 1 1 1700 1964 1967
3670 2 2 1 1 1700 1967 1701
3671 2 2 1 1 1968 1969 1965
3672 2 2 1 1 1968 1965 1964
3673 2 2 1 1 1746 1968 1964
3674 2 2 1 1 1746 1964 1700
3675 2 2 1 1 1970 1971 1969
3676 2 2 1 1 1970 1969 1968
3677 2 2 1 1 1771 1970 1968
3678 2 2 1 1 1771 1968 1746
3679 2 2 1 1 1972 1973 1971
3680 2 2 1 1 1972 1971 1970
3681 2 2 1 1 1796 1972 1970
3682 2 2 1 1 1796 1970 1771
3683 2 2 1 1 1974 1975 1973
3684 2 2 1 1 1974 1973 1972
3685 2 2 1 1 1821 1974 1972
3686 2 2 1 1 1821 1972 1796
3687 2 2 1 1 1976 1977 1978
3688 2 2 1 1 1976 1978 1979
3689 2 2 1 1 1980 1976 1979
3690 2 2 1 1 1980 1979 1981
3691 2 2 1 1 1982 1980 1981
3692 2 2 1 1 1982 1981 1983
3693 2 2 1 1 1984 1982 1983
3694 2 2 1 1 1984 1983 1985
3695 2 2 1 1 1986 1984 1985
3696 2 2 1 1 1986 1985 1987
3697 2 2 1 1 1988 1986 1987
3698 2 2 1 1 1988 1987 1989
3699 2 2 1 1 1990 1988 1989
3700 2 2 1 1 1990 1989 1991
3701 2 2 1 1 1992 1990 1991
3702 2 2 1 1 1992 1991 1993
3703 2 2 1 1 1994 1992 1993
3704 2 2 1 1 1994 1993 1995
3705 2 2 1 1 1996 1994 1995
3706 2 2 1 1 1996 1995 1997
3707 2 2 1 1 1998 1996 1997
3708 2 2 1 1 1998 1997 1999
3709 2 2 1 1 2000 1998 1999
3710 2 2 1 1 2000 1999 2001
3711 2 2 1 1 2002 2000 2001
3712 2 2 1 1 2002 2001 2003
3713 2 2 1 1 2004 2002 2003
3714 2 2 1 1 2004 2003 2005
3715 2 2 1 1 2006 2004 2005
3716 2 2 1 1 2006 2005 2007
3717 2 2 1 1 2008 2006 2007
3718 2 2 1 1 2008 2007 2009
3719 2 2 1 1 2010 2008 2009
3720 2 2 1 1 2010 2009 2011
3721 2 2 1 1 2012 2010 2011
3722 2 2 1 1 2012 2011 2013
3723 2 2 1 1 2014 2012 2013
3724 2 2 1 1 2014 2013 2015
3725 2 2 1 1 2016 2014 2015
3726 2 2 1 1 2016 2015 2017
3727 2 2 1 1 2018 2016 2017
3728 2 2 1 1 2018 2017 2019
3729 2 2 1 1 2020 2018 2019
3730 2 2 1 1 2020 2019 2021
3731 2 2 1 1 2022 2020 2021
3732 2 2 1 1 2022 2021 2023
3733 2 2 1 1 2024 2022 2023
3734 2 2 1 1 2024 2023 2025
3735 2 2 1 1 2026 2024 2025
3736 2 2 1 1 2026 2025 632
3737 2 2 1 1 2027 2028 1977
3738 2 2 1 1 2027 1977 1976
3739 2 2 1 1 2029 2027 1976
3740 2 2 1 1 2029 1976 1980
3741 2 2 1 1 2030 2029 1980
3742 2 2 1 1 2030 1980 1982
3743 2 2 1 1 2031 2030 1982
3744 2 2 1 1 2031 1982 1984
3745 2 2 1 1 2032 2031 1984
3746 2 2 1 1 2032 1984 1986
3747 2 2 1 1 2033 2032 1986
3748 2 2 1 1 2033 1986 1988
3749 2 2 1 1 2034 2033 1988
3750 2 2 1 1 2034 1988 1990
3751 2 2 1 1 2035 2034 1990
3752 2 2 1 1 2035 1990 1992
3753 2 2 1 1 2036 2035 1992
3754 2 2 1 1 2036 1992 1994
3755 2 2 1 1 2037 2036 1994
3756 2 2 1 1 2037 1994 1996
3757 2 2 1 1 2038 2037 1996
3758 2 2 1 1 2038 1996 1998
3759 2 2 1 1 2039 2038 1998
3760 2 2 1 1 2039 1998 2000
3761 2 2 1 1 2040 2039 2000
3762 2 2 1 1 2040 2000 2002
3763 2 2 1 1 2041 2040 2002
3764 2 2 1 1 2041 2002 2004
3765 2 2 1 1 2042 2041 2004
3766 2 2 1 1 2042 2004 2006
3767 2 2 1 1 2043 2042 2006
3768 2 2 1 1 2043 2006 2008
3769 2 2 1 1 2044 2043 2008
3770 2 2 1 1 2044 2008 2010
3771 2 2 1 1 2045 2044 2010
3772 2 2 1 1 2045 2010 2012
3773 2 2 1 1 2046 2045 2012
3774 2 2 1 1 2046 2012 2014
3775 2 2 1 1 2047 2046 2014
3776 2 2 1 1 2047 2014 2016
3777 2 2 1 1 2048 2047 2016
3778 2 2 1 1 2048 2016 2018
3779 2 2 1 1 2049 2048 2018
3780 2 2 1 1 2049 2018 2020
3781 2 2 1 1 2050 2049 2020
3782 2 2 1 1 2050 2020 2022
3783 2 2 1 1 2051 2050 2022
3784 2 2 1 1 2051 2022 2024
3785 2 2 1 1 2052 2051 2024
3786 2 2 1 1 2052 2024 2026
3787 2 2 1 1 2053 2054 2028
3788 2 2 1 1 2053 2028 2027
3789 2 2 1 1 2055 2053 2027
3790 2 2 1 1 2055 2027 2029
3791 2 2 1 1 2056 2055 2029
3792 2 2 1 1 2056 2029 2030
3793 2 2 1 1 2057 2056 2030
3794 2 2 1 1 2057 2030 2031
3795 2 2 1 1 2058 2057 2031
3796 2 2 1 1 2058 2031 2032
3797 2 2 1 1 2059 2058 2032
3798 2 2 1 1 2059 2032 2033
3799 2 2 1 1 2060 2059 2033
3800 2 2 1 1 2060 2033 2034
3801 2 2 1 1 2061 2060 2034
3802 2 2 1 1 2061 2034 2035
3803 2 2 1 1 2062 2061 2035
3804 2 2 1 1 2062 2035 2036
3805 2 2 1 1 2063 2062 2036
3806 2 2 1 1 2063 2036 2037
3807 2 2 1 1 2064 2063 2037
3808 2 2 1 1 2064 2037 2038
3809 2 2 1 1 2065 2064 2038
3810 2 2 1 1 2065 2038 2039
3811 2 2 1 1 2066 2065 2039
3812 2 2 1 1 2066 2039 2040
3813 2 2 1 1 2067 2066 2040
3814 2 2 1 1 2067 2040 2041
3815 2 2 1 1 2068 2067 2041
3816 2 2 1 1 2068 2041 2042
3817 2 2 1 1 2069 2068 2042
3818 2 2 1 1 2069 2042 2043
3819 2 2 1 1 2070 2069 2043
3820 2 2 1 1 2070 2043 2044
3821 2 2 1 1 2071 2070 2044
3822 2 2 1 1 2071 2044 2045
3823 2 2 1 1 2072 2071 2045
3824 2 2 1 1 2072 2045 2046
3825 2 2 1 1 2073 2072 2046
3826 2 2 1 1 2073 2046 2047
3827 2 2 1 1 2074 2073 2047
3828 2 2 1 1 2074 2047 2048
3829 2 2 1 1 2075 2074 2048
3830 2 2 1 1 2075 2048 2049
3831 2 2 1 1 2076 2075 2049
3832 2 2 1 1 2076 2049 2050
3833 2 2 1 1 2077 2076 2050
3834 2 2 1 1 2077 2050 2051
3835 2 2 1 1 2078 2077 2051
3836 2 2 1 1 2078 2051 2052
3837 2 2 1 1 2079 2080 2054
3838 2 2 1 1 2079 2054 2053
3839 2 2 1 1 2081 2079 2053
3840 2 2 1 1 2081 2053 2055
3841 2 2 1 1 2082 2081 2055
3842 2 2 1 1 2082 2055 2056
3843 2 2 1 1 2083 2082 2056
3844 2 2 1 1 2083 2056 2057
3845 2 2 1 1 2084 2083 2057
3846 2 2 1 1 2084 2057 2058
3847 2 2 1 1 2085 2084 2058
3848 2 2 1 1 2085 2058 2059
3849 2 2 1 1 2086 2085 2059
3850 2 2 1 1 2086 2059 2060
3851 2 2 1 1 2087 2086 2060
3852 2 2 1 1 2087 2060 2061
3853 2 2 1 1 2088 2087 2061
3854 2 2 1 1 2088 2061 2062
3855 2 2 1 1 2089 2088 2062
3856 2 2 1 1 2089 2062 2063
3857 2 2 1 1 2090 2089 2063
3858 2 2 1 1 2090 2063 2064
3859 2 2 1 1 2091 2090 2064
3860 2 2 1 1 2091 2064 2065
3861 2 2 1 1 2092 2091 2065
3862 2 2 1 1 2092 2065 2066
3863 2 2 1 1 2093 2092 2066
3864 2 2 1 1 2093 2066 2067
3865 2 2 1 1 2094 2093 2067
3866 2 2 1 1 2094 2067 2068
3867 2 2 1 1 2095 2094 2068
3868 2 2 1 1 2095 2068 2069
3869 2 2 1 1 2096 2095 2069
3870 2 2 1 1 2096 2069 2070
3871 2 2 1 1 2097 2096 2070
3872 2 2 1 1 2097 2070 2071
3873 2 2 1 1 2098 2097 2071
3874 2 2 1 1 2098 2071 2072
3875 2 2 1 1 2099 2098 2072
3876 2 2 1 1 2099 2072 2073
3877 2 2 1 1 2100 2099 2073
3878 2 2 1 1 2100 2073 2074
3879 2 2 1 1 2101 2100 2074
3880 2 2 1 1 2101 2074 2075
3881 2 2 1 1 2102 2101 2075
3882 2 2 1 1 2102 2075 2076
3883 2 2 1 1 2103 2102 2076
3884 2 2 1 1 2103 2076 2077
3885 2 2 1 1 2104 2103 2077
3886 2 2 1 1 2104 2077 2078
3887 2 2 1 1 2105 2106 2080
3888 2 2 1 1 2105 2080 2079
3889 2 2 1 1 2107 2105 2079
3890 2 2 1 1 2107 2079 2081
3891 2 2 1 1 2108 2107 2081
3892 2 2 1 1 2108 2081 2082
3893 2 2 1 1 2109 2108 2082
3894 2 2 1 1 2109 2082 2083
3895 2 2 1 1 2110 2109 2083
3896 2 2 1 1 2110 2083 2084
3897 2 2 1 1 2111 2110 2084
3898 2 2 1 1 2111 2084 2085
3899 2 2 1 1 2112 2111 2085
3900 2 2 1 1 2112 2085 2086
3901 2 2 1 1 2113 2112 2086
3902 2 2 1 1 2113 2086 2087
3903 2 2 1 1 2114 2113 2087
3904 2 2 1 1 2114 2087 2088
3905 2 2 1 1 2115 2114 2088
3906 2 2 1 1 2115 2088 2089
3907 2 2 1 1 2116 2115 2089
3908 2 2 1 1 2116 2089 2090
3909 2 2 1 1 2117 2116 2090
3910 2 2 1 1 2117 2090 2091
3911 2 2 1 1 2118 2117 2091
3912 2 2 1 1 2118 2091 2092
3913 2 2 1 1 2119 2118 2092
3914 2 2 1 1 2119 2092 2093
3915 2 2 1 1 2120 2119 2093
3916 2 2 1 1 2120 2093 2094
3917 2 2 1 1 2121 2120 2094
3918 2 2 1 1 2121 2094 2095
3919 2 2 1 1 2122 2121 2095
3920 2 2 1 1 2122 2095 2096
3921 2 2 1 1 2123 2122 2096
3922 2 2 1 1 2123 2096 2097
3923 2 2 1 1 2124 2123 2097
3924 2 2 1 1 2124 2097 2098
3925 2 2 1 1 2125 2124 2098
3926 2 2 1 1 2125 2098 2099
3927 2 2 1 1 2126 2125 2099
3928 2 2 1 1 2126 2099 2100
3929 2 2 1 1 2127 2126 2100
3930 2 2 1 1 2127 2100 2101
3931 2 2 1 1 2128 2127 2101
3932 2 2 1 1 2128 2101 2102
3933 2 2 1 1 2129 2128 2102
3934 2 2 1 1 2129 2102 2103
3935 2 2 1 1 2130 2129 2103
3936 2 2 1 1 2130 2103 2104
3937 2 2 1 1 2131 2132 2106
3938 2 2 1 1 2131 2106 2105
3939 2 2 1 1 2133 2131 2105
3940 2 2 1 1 2133 2105 2107
3941 2 2 1 1 2134 2133 2107
3942 2 2 1 1 2134 2107 2108
3943 2 2 1 1 2135 2134 2108
3944 2 2 1 1 2135 2108 2109
3945 2 2 1 1 2136 2135 2109
3946 2 2 1 1 2136 2109 2110
3947 2 2 1 1 2137 2136 2110
3948 2 2 1 1 2137 2110 2111
3949 2 2 1 1 2138 2137 2111
3950 2 2 1 1 2138 2111 2112
3951 2 2 1 1 2139 2138 2112
3952 2 2 1 1 2139 2112 2113
3953 2 2 1 1 2140 2139 2113
3954 2 2 1 1 2140 2113 2114
3955 2 2 1 1 2141 2140 2114
3956 2 2 1 1 2141 2114 2115
3957 2 2 1 1 2142 2141 2115
3958 2 2 1 1 2142 2115 2116
3959 2 2 1 1 2143 2142 2116
3960 2 2 1 1 2143 2116 2117
3961 2 2 1 1 2144 2143 2117
3962 2 2 1 1 2144 2117 2118
3963 2 2 1 1 2145 2144 2118
3964 2 2 1 1 2145 2118 2119
3965 2 2 1 1 2146 2145 2119
3966 2 2 1 1 2146 2119 2120
3967 2 2 1 1 2147 2146 2120
3968 2 2 1 1 2147 2120 2121
3969 2 2 1 1 2148 2147 2121
3970 2 2 1 1 2148 2121 2122
3971 2 2 1 1 2149 2148 2122
3972 2 2 1 1 2149 2122 2123
3973 2 2 1 1 2150 2149 2123
3974 2 2 1 1 2150 2123 2124
3975 2 2 1 1 2151 2150 2124
3976 2 2 1 1 2151 2124 2125
3977 2 2 1 1 2152 2151 2125
3978 2 2 1 1 2152 2125 2126
3979 2 2 1 1 2153 2152 2126
3980 2 2 1 1 2153 2126 2127
3981 2 2 1 1 2154 2153 2127
3982 2 2 1 1 2154 2127 2128
3983 2 2 1 1 2155 2154 2128
3984 2 2 1 1 2155 2128 2129
3985 2 2 1 1 2156 2155 2129
3986 2 2 1 1 2156 2129 2130
3987 2 2 1 1 2157 2158 1966
3988 2 2 1 1 2157 1966 1965
3989 2 2 1 1 2159 1978 2158
3990 2 2 1 1 2159 2158 2157
3991 2 2 1 1 2160 2157 1965
3992 2 2 1 1 2160 1965 1969
3993 2 2 1 1 2161 2159 2157
3994 2 2 1 1 2161 2157 2160
3995 2 2 1 1 2162 2160 1969
3996 2 2 1 1 2162 1969 1971
3997 2 2 1 1 2163 2161 2160
3998 2 2 1 1 2163 2160 2162
3999 2 2 1 1 2164 2162 1971
4000 2 2 1 1 2164 1971 1973
4001 2 2 1 1 2165 2163 2162
4002 2 2 1 1 2165 2162 2164
4003 2 2 1 1 2166 2164 1973
4004 2 2 1 1 2166 1973 1975
4005 2 2 1 1 2167 2165 2164
4006 2 2 1 1 2167 2164 2166
4007 2 2 1 1 2168 2166 1975
4008 2 2 1 1 2168 1975 2169
4009 2 2 1 1 2170 2167 2166
4010 2 2 1 1 2170 2166 2168
4011 2 2 1 1 2171 2172 632
4012 2 2 1 1 2171 632 2173
4013 2 2 1 1 2174 573 2172
4014 2 2 1 1 2174 2172 2171
4015 2 2 1 1 2175 576 573
4016 2 2 1 1 2175 573 2174
4017 2 2 1 1 2176 579 576
4018 2 2 1 1 2176 576 2175
4019 2 2 1 1 2177 2171 2173
4020 2 2 1 1 2177 2173 2178
4021 2 2 1 1 2179 2174 2171
4022 2 2 1 1 2179 2171 2177
4023 2 2 1 1 2180 2175 2174
4024 2 2 1 1 2180 2174 2179
4025 2 2 1 1 2181 2176 2175
4026 2 2 1 1 2181 2175 2180
4027 2 2 1 1 2182 2177 2178
4028 2 2 1 1 2182 2178 2183
4029 2 2 1 1 2184 2179 2177
4030 2 2 1 1 2184 2177 2182
4031 2 2 1 1 2185 2180 2179
4032 2 2 1 1 2185 2179 2184
4033 2 2 1 1 2186 2181 2180
4034 2 2 1 1 2186 2180 2185
4035 2 2 1 1 2187 2182 2183
4036 2 2 1 1 2187 2183 2188
4037 2 2 1 1 2189 2184 2182
4038 2 2 1 1 2189 2182 2187
4039 2 2 1 1 2190 2185 2184
4040 2 2 1 1 2190 2184 2189
4041 2 2 1 1 2191 2186 2185
4042 2 2 1 1 2191 2185 2190
4043 2 2 1 1 2192 2187 2188
4044 2 2 1 1 2192 2188 2193
4045 2 2 1 1 2194 2189 2187
4046 2 2 1 1 2194 2187 2192
4047 2 2 1 1 2195 2190 2189
4048 2 2 1 1 2195 2189 2194
4049 2 2 1 1 2196 2191 2190
4050 2 2 1 1 2196 2190 2195
4051 2 2 1 1 2197 2192 2193
4052 2 2 1 1 2197 2193 639
4053 2 2 1 1 581 2194 2192
4054 2 2 1 1 581 2192 2197
4055 2 2 1 1 61 2195 2194
4056 2 2 1 1 61 2194 581
4057 2 2 1 1 78 2196 2195
4058 2 2 1 1 78 2195 61
4059 2 2 1 1 2198 1979 1978
4060 2 2 1 1 2198 1978 2159
4061 2 2 1 1 2199 1981 1979
4062 2 2 1 1 2199 1979 2198
4063 2 2 1 1 2200 1983 1981
4064 2 2 1 1 2200 1981 2199
4065 2 2 1 1 2201 1985 1983
4066 2 2 1 1 2201 1983 2200
4067 2 2 1 1 2202 1987 1985
4068 2 2 1 1 2202 1985 2201
4069 2 2 1 1 2203 1989 1987
4070 2 2 1 1 2203 1987 2202
4071 2 2 1 1 2204 1991 1989
4072 2 2 1 1 2204 1989 2203
4073 2 2 1 1 2205 1993 1991
4074 2 2 1 1 2205 1991 2204
4075 2 2 1 1 2206 1995 1993
4076 2 2 1 1 2206 1993 2205
4077 2 2 1 1 2207 1997 1995
4078 2 2 1 1 2207 1995 2206
4079 2 2 1 1 2208 1999 1997
4080 2 2 1 1 2208 1997 2207
4081 2 2 1 1 2209 2001 1999
4082 2 2 1 1 2209 1999 2208
4083 2 2 1 1 2210 2003 2001
4084 2 2 1 1 2210 2001 2209
4085 2 2 1 1 2211 2005 2003
4086 2 2 1 1 2211 2003 2210
4087 2 2 1 1 2212 2007 2005
4088 2 2 1 1 2212 2005 2211
4089 2 2 1 1 2213 2009 2007
4090 2 2 1 1 2213 2007 2212
4091 2 2 1 1 2214 2011 2009
4092 2 2 1 1 2214 2009 2213
4093 2 2 1 1 2215 2013 2011
4094 2 2 1 1 2215 2011 2214
4095 2 2 1 1 2216 2015 2013
4096 2 2 1 1 2216 2013 2215
4097 2 2 1 1 2217 2017 2015
4098 2 2 1 1 2217 2015 2216
4099 2 2 1 1 2218 2019 2017
4100 2 2 1 1 2218 2017 2217
4101 2 2 1 1 2219 2021 2019
4102 2 2 1 1 2219 2019 2218
4103 2 2 1 1 2220 2023 2021
4104 2 2 1 1 2220 2021 2219
4105 2 2 1 1 2221 2025 2023
4106 2 2 1 1 2221 2023 2220
4107 2 2 1 1 2173 632 2025
4108 2 2 1 1 2173 2025 2221
4109 2 2 1 1 2222 2198 2159
4110 2 2 1 1 2222 2159 2161
4111 2 2 1 1 2223 2199 2198
4112 2 2 1 1 2223 2198 2222
4113 2 2 1 1 2224 2200 2199
4114 2 2 1 1 2224 2199 2223
4115 2 2 1 1 2225 2201 2200
4116 2 2 1 1 2225 2200 2224
4117 2 2 1 1 2226 2202 2201
4118 2 2 1 1 2226 2201 2225
4119 2 2 1 1 2227 2203 2202
4120 2 2 1 1 2227 2202 2226
4121 2 2 1 1 2228 2204 2203
4122 2 2 1 1 2228 2203 2227
4123 2 2 1 1 2229 2205 2204
4124 2 2 1 1 2229 2204 2228
4125 2 2 1 1 2230 2206 2205
4126 2 2 1 1 2230 2205 2229
4127 2 2 1 1 2231 2207 2206
4128 2 2 1 1 2231 2206 2230
4129 2 2 1 1 2232 2208 2207
4130 2 2 1 1 2232 2207 2231
4131 2 2 1 1 2233 2209 2208
4132 2 2 1 1 2233 2208 2232
4133 2 2 1 1 2234 2210 2209
4134 2 2 1 1 2234 2209 2233
4135 2 2 1 1 2235 2211 2210
4136 2 2 1 1 2235 2210 2234
4137 2 2 1 1 2236 2212 2211
4138 2 2 1 1 2236 2211 2235
4139 2 2 1 1 2237 2213 2212
4140 2 2 1 1 2237 2212 2236
4141 2 2 1 1 2238 2214 2213
4142 2 2 1 1 2238 2213 2237
4143 2 2 1 1 2239 2215 2214
4144 2 2 1 1 2239 2214 2238
4145 2 2 1 1 2240 2216 2215
4146 2 2 1 1 2240 2215 2239
4147 2 2 1 1 2241 2217 2216
4148 2 2 1 1 2241 2216 2240
4149 2 2 1 1 2242 2218 2217
4150 2 2 1 1 2242 2217 2241
4151 2 2 1 1 2243 2219 2218
4152 2 2 1 1 2243 2218 2242
4153 2 2 1 1 2244 2220 2219
4154 2 2 1 1 2244 2219 2243
4155 2 2 1 1 2245 2221 2220
4156 2 2 1 1 2245 2220 2244
4157 2 2 1 1 2178 2173 2221
4158 2 2 1 1 2178 2221 2245
4159 2 2 1 1 2246 2222 2161
4160 2 2 1 1 2246 2161 2163
4161 2 2 1 1 2247 2223 2222
4162 2 2 1 1 2247 2222 2246
4163 2 2 1 1 2248 2224 2223
4164 2 2 1 1 2248 2223 2247
4165 2 2 1 1 2249 2225 2224
4166 2 2 1 1 2249 2224 2248
4167 2 2 1 1 2250 2226 2225
4168 2 2 1 1 2250 2225 2249
4169 2 2 1 1 2251 2227 2226
4170 2 2 1 1 2251 2226 2250
4171 2 2 1 1 2252 2228 2227
4172 2 2 1 1 2252 2227 2251
4173 2 2 1 1 2253 2229 2228
4174 2 2 1 1 2253 2228 2252
4175 2 2 1 1 2254 2230 2229
4176 2 2 1 1 2254 2229 2253
4177 2 2 1 1 2255 2231 2230
4178 2 2 1 1 2255 2230 2254
4179 2 2 1 1 2256 2232 2231
4180 2 2 1 1 2256 2231 2255
4181 2 2 1 1 2257 2233 2232
4182 2 2 1 1 2257 2232 2256
4183 2 2 1 1 2258 2234 2233
4184 2 2 1 1 2258 2233 2257
4185 2 2 1 1 2259 2235 2234
4186 2 2 1 1 2259 2234 2258
4187 2 2 1 1 2260 2236 2235
4188 2 2 1 1 2260 2235 2259
4189 2 2 1 1 2261 2237 2236
4190 2 2 1 1 2261 2236 2260
4191 2 2 1 1 2262 2238 2237
4192 2 2 1 1 2262 2237 2261
4193 2 2 1 1 2263 2239 2238
4194 2 2 1 1 2263 2238 2262
4195 2 2 1 1 2264 2240 2239
4196 2 2 1 1 2264 2239 2263
4197 2 2 1 1 2265 2241 2240
4198 2 2 1 1 2265 2240 2264
4199 2 2 1 1 2266 2242 2241
4200 2 2 1 1 2266 2241 2265
4201 2 2 1 1 2267 2243 2242
4202 2 2 1 1 2267 2242 2266
4203 2 2 1 1 2268 2244 2243
4204 2 2 1 1 2268 2243 2267
4205 2 2 1 1 2269 2245 2244
4206 2 2 1 1 2269 2244 2268
4207 2 2 1 1 2183 2178 2245
4208 2 2 1 1 2183 2245 2269
4209 2 2 1 1 2270 2246 2163
4210 2 2 1 1 2270 2163 2165
4211 2 2 1 1 2271 2247 2246
4212 2 2 1 1 2271 2246 2270
4213 2 2 1 1 2272 2248 2247
4214 2 2 1 1 2272 2247 2271
4215 2 2 1 1 2273 2249 2248
4216 2 2 1 1 2273 2248 2272
4217 2 2 1 1 2274 2250 2249
4218 2 2 1 1 2274 2249 2273
4219 2 2 1 1 2275 2251 2250
4220 2 2 1 1 2275 2250 2274
4221 2 2 1 1 2276 2252 2251
4222 2 2 1 1 2276 2251 2275
4223 2 2 1 1 2277 2253 2252
4224 2 2 1 1 2277 2252 2276
4225 2 2 1 1 2278 2254 2253
4226 2 2 1 1 2278 2253 2277
4227 2 2 1 1 2279 2255 2254
4228 2 2 1 1 2279 2254 2278
4229 2 2 1 1 2280 2256 2255
4230 2 2 1 1 2280 2255 2279
4231 2 2 1 1 2281 2257 2256
4232 2 2 1 1 2281 2256 2280
4233 2 2 1 1 2282 2258 2257
4234 2 2 1 1 2282 2257 2281
4235 2 2 1 1 2283 2259 2258
4236 2 2 1 1 2283 2258 2282
4237 2 2 1 1 2284 2260 2259
4238 2 2 1 1 2284 2259 2283
4239 2 2 1 1 2285 2261 2260
4240 2 2 1 1 2285 2260 2284
4241 2 2 1 1 2286 2262 2261
4242 2 2 1 1 2286 2261 2285
4243 2 2 1 1 2287 2263 2262
4244 2 2 1 1 2287 2262 2286
4245 2 2 1 1 2288 2264 2263
4246 2 2 1 1 2288 2263 2287
4247 2 2 1 1 2289 2265 2264
4248 2 2 1 1 2289 2264 2288
4249 2 2 1 1 2290 2266 2265
4250 2 2 1 1 2290 2265 2289
4251 2 2 1 1 2291 2267 2266
4252 2 2 1 1 2291 2266 2290
4253 2 2 1 1 2292 2268 2267
4254 2 2 1 1 2292 2267 2291
4255 2 2 1 1 2293 2269 2268
4256 2 2 1 1 2293 2268 2292
4257 2 2 1 1 2188 2183 2269
4258 2 2 1 1 2188 2269 2293
4259 2 2 1 1 2294 2270 2165
4260 2 2 1 1 2294 2165 2167
4261 2 2 1 1 2295 2271 2270
4262 2 2 1 1 2295 2270 2294
4263 2 2 1 1 2296 2272 2271
4264 2 2 1 1 2296 2271 2295
4265 2 2 1 1 2297 2273 2272
4266 2 2 1 1 2297 2272 2296
4267 2 2 1 1 2298 2274 2273
4268 2 2 1 1 2298 2273 2297
4269 2 2 1 1 2299 2275 2274
4270 2 2 1 1 2299 2274 2298
4271 2 2 1 1 2300 2276 2275
4272 2 2 1 1 2300 2275 2299
4273 2 2 1 1 2301 2277 2276
4274 2 2 1 1 2301 2276 2300
4275 2 2 1 1 2302 2278 2277
4276 2 2 1 1 2302 2277 2301
4277 2 2 1 1 2303 2279 2278
4278 2 2 1 1 2303 2278 2302
4279 2 2 1 1 2304 2280 2279
4280 2 2 1 1 2304 2279 2303
4281 2 2 1 1 2305 2281 2280
4282 2 2 1 1 2305 2280 2304
4283 2 2 1 1 2306 2282 2281
4284 2 2 1 1 2306 2281 2305
4285 2 2 1 1 2307 2283 2282
4286 2 2 1 1 2307 2282 2306
4287 2 2 1 1 2308 2284 2283
4288 2 2 1 1 2308 2283 2307
4289 2 2 1 1 2309 2285 2284
4290 2 2 1 1 2309 2284 2308
4291 2 2 1 1 2310 2286 2285
4292 2 2 1 1 2310 2285 2309
4293 2 2 1 1 2311 2287 2286
4294 2 2 1 1 2311 2286 2310
4295 2 2 1 1 2312 2288 2287
4296 2 2 1 1 2312 2287 2311
4297 2 2 1 1 2313 2289 2288
4298 2 2 1 1 2313 2288 2312
4299 2 2 1 1 2314 2290 2289
4300 2 2 1 1 2314 2289 2313
4301 2 2 1 1 2315 2291 2290
4302 2 2 1 1 2315 2290 2314
4303 2 2 1 1 2316 2292 2291
4304 2 2 1 1 2316 2291 2315
4305 2 2 1 1 2317 2293 2292
4306 2 2 1 1 2317 2292 2316
4307 2 2 1 1 2193 2188 2293
4308 2 2 1 1 2193 2293 2317
4309 2 2 1 1 2318 2294 2167
4310 2 2 1 1 2318 2167 2170
4311 2 2 1 1 2319 2295 2294
4312 2 2 1 1 2319 2294 2318
4313 2 2 1 1 2320 2296 2295
4314 2 2 1 1 2320 2295 2319
4315 2 2 1 1 2321 2297 2296
4316 2 2 1 1 2321 2296 2320
4317 2 2 1 1 2322 2298 2297
4318 2 2 1 1 2322 2297 2321
4319 2 2 1 1 2323 2299 2298
4320 2 2 1 1 2323 2298 2322
4321 2 2 1 1 2324 2300 2299
4322 2 2 1 1 2324 2299 2323
4323 2 2 1 1 2325 2301 2300
4324 2 2 1 1 2325 2300 2324
4325 2 2 1 1 2326 2302 2301
4326 2 2 1 1 2326 2301 2325
4327 2 2 1 1 2327 2303 2302
4328 2 2 1 1 2327 2302 2326
4329 2 2 1 1 2328 2304 2303
4330 2 2 1 1 2328 2303 2327
4331 2 2 1 1 2329 2305 2304
4332 2 2 1 1 2329 2304 2328
4333 2 2 1 1 2330 2306 2305
4334 2 2 1 1 2330 2305 2329
4335 2 2 1 1 2331 2307 2306
4336 2 2 1 1 2331 2306 2330
4337 2 2 1 1 2332 2308 2307
4338 2 2 1 1 2332 2307 2331
4339 2 2 1 1 2333 2309 2308
4340 2 2 1 1 2333 2308 2332
4341 2 2 1 1 2334 2310 2309
4342 2 2 1 1 2334 2309 2333
4343 2 2 1 1 2335 2311 2310
4344 2 2 1 1 2335 2310 2334
4345 2 2 1 1 2336 2312 2311
4346 2 2 1 1 2336 2311 2335
4347 2 2 1 1 2337 2313 2312
4348 2 2 1 1 2337 2312 2336
4349 2 2 1 1 2338 2314 2313
4350 2 2 1 1 2338 2313 2337
4351 2 2 1 1 2339 2315 2314
4352 2 2 1 1 2339 2314 2338
4353 2 2 1 1 2340 2316 2315
4354 2 2 1 1 2340 2315 2339
4355 2 2 1 1 2341 2317 2316
4356 2 2 1 1 2341 2316 2340
4357 2 2 1 1 639 2193 2317
4358 2 2 1 1 639 2317 2341
4359 2 2 1 1 2342 2318 2170
4360 2 2 1 1 2342 2170 2343
4361 2 2 1 1 2344 2319 2318
4362 2 2 1 1 2344 2318 2342
4363 2 2 1 1 2345 2320 2319
4364 2 2 1 1 2345 2319 2344
4365 2 2 1 1 2346 2321 2320
4366 2 2 1 1 2346 2320 2345
4367 2 2 1 1 2347 2322 2321
4368 2 2 1 1 2347 2321 2346
4369 2 2 1 1 2348 2323 2322
4370 2 2 1 1 2348 2322 2347
4371 2 2 1 1 2349 2324 2323
4372 2 2 1 1 2349 2323 2348
4373 2 2 1 1 2350 2325 2324
4374 2 2 1 1 2350 2324 2349
4375 2 2 1 1 2351 2326 2325
4376 2 2 1 1 2351 2325 2350
4377 2 2 1 1 2352 2327 2326
4378 2 2 1 1 2352 2326 2351
4379 2 2 1 1 2353 2328 2327
4380 2 2 1 1 2353 2327 2352
4381 2 2 1 1 2354 2329 2328
4382 2 2 1 1 2354 2328 2353
4383 2 2 1 1 2355 2330 2329
4384 2 2 1 1 2355 2329 2354
4385 2 2 1 1 2356 2331 2330
4386 2 2 1 1 2356 2330 2355
4387 2 2 1 1 2357 2332 2331
4388 2 2 1 1 2357 2331 2356
4389 2 2 1 1 2358 2333 2332
4390 2 2 1 1 2358 2332 2357
4391 2 2 1 1 2359 2334 2333
4392 2 2 1 1 2359 2333 2358
4393 2 2 1 1 2360 2335 2334
4394 2 2 1 1 2360 2334 2359
4395 2 2 1 1 2361 2336 2335
4396 2 2 1 1 2361 2335 2360
4397 2 2 1 1 2362 2337 2336
4398 2 2 1 1 2362 2336 2361
4399 2 2 1 1 2363 2338 2337
4400 2 2 1 1 2363 2337 2362
4401 2 2 1 1 2364 2339 2338
4402 2 2 1 1 2364 2338 2363
4403 2 2 1 1 2365 2340 2339
4404 2 2 1 1 2365 2339 2364
4405 2 2 1 1 2366 2341 2340
4406 2 2 1 1 2366 2340 2365
4407 2 2 1 1 2367 639 2341
4408 2 2 1 1 2367 2341 2366
4409 2 2 1 1 2368 2342 2343
4410 2 2 1 1 2368 2343 2369
4411 2 2 1 1 2370 2344 2342
4412 2 2 1 1 2370 2342 2368
4413 2 2 1 1 2371 2345 2344
4414 2 2 1 1 2371 2344 2370
4415 2 2 1 1 2372 2346 2345
4416 2 2 1 1 2372 2345 2371
4417 2 2 1 1 2373 2347 2346
4418 2 2 1 1 2373 2346 2372
4419 2 2 1 1 2374 2348 2347
4420 2 2 1 1 2374 2347 2373
4421 2 2 1 1 2375 2349 2348
4422 2 2 1 1 2375 2348 2374
4423 2 2 1 1 2376 2350 2349
4424 2 2 1 1 2376 2349 2375
4425 2 2 1 1 2377 2351 2350
4426 2 2 1 1 2377 2350 2376
4427 2 2 1 1 2378 2352 2351
4428 2 2 1 1 2378 2351 2377
4429 2 2 1 1 2379 2353 2352
4430 2 2 1 1 2379 2352 2378
4431 2 2 1 1 2380 2354 2353
4432 2 2 1 1 2380 2353 2379
4433 2 2 1 1 2381 2355 2354
4434 2 2 1 1 2381 2354 2380
4435 2 2 1 1 2382 2356 2355
4436 2 2 1 1 2382 2355 2381
4437 2 2 1 1 2383 2357 2356
4438 2 2 1 1 2383 2356 2382
4439 2 2 1 1 2384 2358 2357
4440 2 2 1 1 2384 2357 2383
4441 2 2 1 1 2385 2359 2358
4442 2 2 1 1 2385 2358 2384
4443 2 2 1 1 2386 2360 2359
4444 2 2 1 1 2386 2359 2385
4445 2 2 1 1 2387 2361 2360
4446 2 2 1 1 2387 2360 2386
4447 2 2 1 1 2388 2362 2361
4448 2 2 1 1 2388 2361 2387
4449 2 2 1 1 2389 2363 2362
4450 2 2 1 1 2389 2362 2388
4451 2 2 1 1 2390 2364 2363
4452 2 2 1 1 2390 2363 2389
4453 2 2 1 1 2391 2365 2364
4454 2 2 1 1 2391 2364 2390
4455 2 2 1 1 2392 2366 2365
4456 2 2 1 1 2392 2365 2391
4457 2 2 1 1 2393 2367 2366
4458 2 2 1 1 2393 2366 2392
4459 2 2 1 1 2394 2368 2369
4460 2 2 1 1 2394 2369 2395
4461 2 2 1 1 2396 2370 2368
4462 2 2 1 1 2396 2368 2394
4463 2 2 1 1 2397 2371 2370
4464 2 2 1 1 2397 2370 2396
4465 2 2 1 1 2398 2372 2371
4466 2 2 1 1 2398 2371 2397
4467 2 2 1 1 2399 2373 2372
4468 2 2 1 1 2399 2372 2398
4469 2 2 1 1 2400 2374 2373
4470 2 2 1 1 2400 2373 2399
4471 2 2 1 1 2401 2375 2374
4472 2 2 1 1 2401 2374 2400
4473 2 2 1 1 2402 2376 2375
4474 2 2 1 1 2402 2375 2401
4475 2 2 1 1 2403 2377 2376
4476 2 2 1 1 2403 2376 2402
4477 2 2 1 1 2404 2378 2377
4478 2 2 1 1 2404 2377 2403
4479 2 2 1 1 2405 2379 2378
4480 2 2 1 1 2405 2378 2404
4481 2 2 1 1 2406 2380 2379
4482 2 2 1 1 2406 2379 2405
4483 2 2 1 1 2407 2381 2380
4484 2 2 1 1 2407 2380 2406
4485 2 2 1 1 2408 2382 2381
4486 2 2 1 1 2408 2381 2407
4487 2 2 1 1 2409 2383 2382
4488 2 2 1 1 2409 2382 2408
4489 2 2 1 1 2410 2384 2383
4490 2 2 1 1 2410 2383 2409
4491 2 2 1 1 2411 2385 2384
4492 2 2 1 1 2411 2384 2410
4493 2 2 1 1 2412 2386 2385
4494 2 2 1 1 2412 2385 2411
4495 2 2 1 1 2413 2387 2386
4496 2 2 1 1 2413 2386 2412
4497 2 2 1 1 2414 2388 2387
4498 2 2 1 1 2414 2387 2413
4499 2 2 1 1 2415 2389 2388
4500 2 2 1 1 2415 2388 2414
4501 2 2 1 1 2416 2390 2389
4502 2 2 1 1 2416 2389 2415
4503 2 2 1 1 2417 2391 2390
4504 2 2 1 1 2417 2390 2416
4505 2 2 1 1 2418 2392 2391
4506 2 2 1 1 2418 2391 2417
4507 2 2 1 1 2419 2393 2392
4508 2 2 1 1 2419 2392 2418
4509 2 2 1 1 2420 2394 2395
4510 2 2 1 1 2420 2395 2421
4511 2 2 1 1 2422 2396 2394
4512 2 2 1 1 2422 2394 2420
4513 2 2 1 1 2423 2397 2396
4514 2 2 1 1 2423 2396 2422
4515 2 2 1 1 2424 2398 2397
4516 2 2 1 1 2424 2397 2423
4517 2 2 1 1 2425 2399 2398
4518 2 2 1 1 2425 2398 2424
4519 2 2 1 1 2426 2400 2399
4520 2 2 1 1 2426 2399 2425
4521 2 2 1 1 2427 2401 2400
4522 2 2 1 1 2427 2400 2426
4523 2 2 1 1 2428 2402 2401
4524 2 2 1 1 2428 2401 2427
4525 2 2 1 1 2429 2403 2402
4526 2 2 1 1 2429 2402 2428
4527 2 2 1 1 2430 2404 2403
4528 2 2 1 1 2430 2403 2429
4529 2 2 1 1 2431 2405 2404
4530 2 2 1 1 2431 2404 2430
4531 2 2 1 1 2432 2406 2405
4532 2 2 1 1 2432 2405 2431
4533 2 2 1 1 2433 2407 2406
4534 2 2 1 1 2433 2406 2432
4535 2 2 1 1 2434 2408 2407
4536 2 2 1 1 2434 2407 2433
4537 2 2 1 1 2435 2409 2408
4538 2 2 1 1 2435 2408 2434
4539 2 2 1 1 2436 2410 2409
4540 2 2 1 1 2436 2409 2435
4541 2 2 1 1 2437 2411 2410
4542 2 2 1 1 2437 2410 2436
4543 2 2 1 1 2438 2412 2411
4544 2 2 1 1 2438 2411 2437
4545 2 2 1 1 2439 2413 2412
4546 2 2 1 1 2439 2412 2438
4547 2 2 1 1 2440 2414 2413
4548 2 2 1 1 2440 2413 2439
4549 2 2 1 1 2441 2415 2414
4550 2 2 1 1 2441 2414 2440
4551 2 2 1 1 2442 2416 2415
4552 2 2 1 1 2442 2415 2441
4553 2 2 1 1 2443 2417 2416
4554 2 2 1 1 2443 2416 2442
4555 2 2 1 1 2444 2418 2417
4556 2 2 1 1 2444 2417 2443
4557 2 2 1 1 2445 2419 2418
4558 2 2 1 1 2445 2418 2444
4559 2 2 1 1 2446 2420 2421
4560 2 2 1 1 2446 2421 2447
4561 2 2 1 1 2448 2422 2420
4562 2 2 1 1 2448 2420 2446
4563 2 2 1 1 2449 2423 2422
4564 2 2 1 1 2449 2422 2448
4565 2 2 1 1 2450 2424 2423
4566 2 2 1 1 2450 2423 2449
4567 2 2 1 1 2451 2425 2424
4568 2 2 1 1 2451 2424 2450
4569 2 2 1 1 2452 2426 2425
4570 2 2 1 1 2452 2425 2451
4571 2 2 1 1 2453 2427 2426
4572 2 2 1 1 2453 2426 2452
4573 2 2 1 1 2454 2428 2427
4574 2 2 1 1 2454 2427 2453
4575 2 2 1 1 2455 2429 2428
4576 2 2 1 1 2455 2428 2454
4577 2 2 1 1 2456 2430 2429
4578 2 2 1 1 2456 2429 2455
4579 2 2 1 1 2457 2431 2430
4580 2 2 1 1 2457 2430 2456
4581 2 2 1 1 2458 2432 2431
4582 2 2 1 1 2458 2431 2457
4583 2 2 1 1 2459 2433 2432
4584 2 2 1 1 2459 2432 2458
4585 2 2 1 1 2460 2434 2433
4586 2 2 1 1 2460 2433 2459
4587 2 2 1 1 2461 2435 2434
4588 2 2 1 1 2461 2434 2460
4589 2 2 1 1 2462 2436 2435
4590 2 2 1 1 2462 2435 2461
4591 2 2 1 1 2463 2437 2436
4592 2 2 1 1 2463 2436 2462
4593 2 2 1 1 2464 2438 2437
4594 2 2 1 1 2464 2437 2463
4595 2 2 1 1 2465 2439 2438
4596 2 2 1 1 2465 2438 2464
4597 2 2 1 1 2466 2440 2439
4598 2 2 1 1 2466 2439 2465
4599 2 2 1 1 2467 2441 2440
4600 2 2 1 1 2467 2440 2466
4601 2 2 1 1 2468 2442 2441
4602 2 2 1 1 2468 2441 2467
4603 2 2 1 1 2469 2443 2442
4604 2 2 1 1 2469 2442 2468
4605 2 2 1 1 2470 2444 2443
4606 2 2 1 1 2470 2443 2469
4607 2 2 1 1 2471 2445 2444
4608 2 2 1 1 2471 2444 2470
4609 2 2 1 1 2472 2446 2447
4610 2 2 1 1 2472 2447 2473
4611 2 2 1 1 2474 2448 2446
4612 2 2 1 1 2474 2446 2472
4613 2 2 1 1 2475 2449 2448
4614 2 2 1 1 2475 2448 2474
4615 2 2 1 1 2476 2450 2449
4616 2 2 1 1 2476 2449 2475
4617 2 2 1 1 2477 2451 2450
4618 2 2 1 1 2477 2450 2476
4619 2 2 1 1 2478 2452 2451
4620 2 2 1 1 2478 2451 2477
4621 2 2 1 1 2479 2453 2452
4622 2 2 1 1 2479 2452 2478
4623 2 2 1 1 2480 2454 2453
4624 2 2 1 1 2480 2453 2479
4625 2 2 1 1 2481 2455 2454
4626 2 2 1 1 2481 2454 2480
4627 2 2 1 1 2482 2456 2455
4628 2 2 1 1 2482 2455 2481
4629 2 2 1 1 2483 2457 2456
4630 2 2 1 1 2483 2456 2482
4631 2 2 1 1 2484 2458 2457
4632 2 2 1 1 2484 2457 2483
4633 2 2 1 1 2485 2459 2458
4634 2 2 1 1 2485 2458 2484
4635 2 2 1 1 2486 2460 2459
4636 2 2 1 1 2486 2459 2485
4637 2 2 1 1 2487 2461 2460
4638 2 2 1 1 2487 2460 2486
4639 2 2 1 1 2488 2462 2461
4640 2 2 1 1 2488 2461 2487
4641 2 2 1 1 2489 2463 2462
4642 2 2 1 1 2489 2462 2488
4643 2 2 1 1 2490 2464 2463
4644 2 2 1 1 2490 2463 2489
4645 2 2 1 1 2491 2465 2464
4646 2 2 1 1 2491 2464 2490
4647 2 2 1 1 2492 2466 2465
4648 2 2 1 1 2492 2465 2491
4649 2 2 1 1 2493 2467 2466
4650 2 2 1 1 2493 2466 2492
4651 2 2 1 1 2494 2468 2467
4652 2 2 1 1 2494 2467 2493
4653 2 2 1 1 2495 2469 2468
4654 2 2 1 1 2495 2468 2494
4655 2 2 1 1 2496 2470 2469
4656 2 2 1 1 2496 2469 2495
4657 2 2 1 1 1014 2471 2470
4658 2 2 1 1 1014 2470 2496
4659 2 2 1 1 2497 656 657
4660 2 2 1 1 2497 657 2498
4661 2 2 1 1 2499 2497 2498
4662 2 2 1 1 2499 2498 2500
4663 2 2 1 1 2501 2499 2500
4664 2 2 1 1 2501 2500 2502
4665 2 2 1 1 2503 2501 2502
4666 2 2 1 1 2503 2502 2504
4667 2 2 1 1 2505 2503 2504
4668 2 2 1 1 2505 2504 2506
4669 2 2 1 1 2507 2505 2506
4670 2 2 1 1 2507 2506 2508
4671 2 2 1 1 2509 2510 2497
4672 2 2 1 1 2509 2497 2499
4673 2 2 1 1 2511 2509 2499
4674 2 2 1 1 2511 2499 2501
4675 2 2 1 1 2512 2511 2501
4676 2 2 1 1 2512 2501 2503
4677 2 2 1 1 2513 2512 2503
4678 2 2 1 1 2513 2503 2505
4679 2 2 1 1 2514 2513 2505
4680 2 2 1 1 2514 2505 2507
4681 2 2 1 1 2515 2516 2510
4682 2 2 1 1 2515 2510 2509
4683 2 2 1 1 2517 2515 2509
4684 2 2 1 1 2517 2509 2511
4685 2 2 1 1 2518 2517 2511
4686 2 2 1 1 2518 2511 2512
4687 2 2 1 1 2519 2518 2512
4688 2 2 1 1 2519 2512 2513
4689 2 2 1 1 2520 2519 2513
4690 2 2 1 1 2520 2513 2514
4691 2 2 1 1 2521 2522 2516
4692 2 2 1 1 2521 2516 2515
4693 2 2 1 1 2523 2521 2515
4694 2 2 1 1 2523 2515 2517
4695 2 2 1 1 2524 2523 2517
4696 2 2 1 1 2524 2517 2518
4697 2 2 1 1 2525 2524 2518
4698 2 2 1 1 2525 2518 2519
4699 2 2 1 1 2526 2525 2519
4700 2 2 1 1 2526 2519 2520
4701 2 2 1 1 2527 2528 2522
4702 2 2 1 1 2527 2522 2521
4703 2 2 1 1 2529 2527 2521
4704 2 2 1 1 2529 2521 2523
4705 2 2 1 1 2530 2529 2523
4706 2 2 1 1 2530 2523 2524
4707 2 2 1 1 2531 2530 2524
4708 2 2 1 1 2531 2524 2525
4709 2 2 1 1 2532 2531 2525
4710 2 2 1 1 2532 2525 2526
4711 2 2 1 1 2533 2534 2528
4712 2 2 1 1 2533 2528 2527
4713 2 2 1 1 2535 2533 2527
4714 2 2 1 1 2535 2527 2529
4715 2 2 1 1 2536 2535 2529
4716 2 2 1 1 2536 2529 2530
4717 2 2 1 1 2537 2536 2530
4718 2 2 1 1 2537 2530 2531
4719 2 2 1 1 2538 2537 2531
4720 2 2 1 1 2538 2531 2532
4721 2 2 1 1 1359 1361 2539
4722 2 2 1 1 1359 2539 2534
4723 2 2 1 1 1355 1359 2534
4724 2 2 1 1 1355 2534 2533
4725 2 2 1 1 1351 1355 2533
4726 2 2 1 1 1351 2533 2535
4727 2 2 1 1 1346 1351 2535
4728 2 2 1 1 1346 2535 2536
4729 2 2 1 1 2540 2541 2542
4730 2 2 1 1 2540 2542 2542
4731 2 2 1 1 2507 2508 2543
4732 2 2 1 1 2507 2543 2544
4733 2 2 1 1 2542 2541 2545
4734 2 2 1 1 2542 2545 2545
4735 2 2 1 1 2546 2547 2542
4736 2 2 1 1 2546 2542 2545
4737 2 2 1 1 2548 2544 2547
4738 2 2 1 1 2548 2547 2546
4739 2 2 1 1 2545 2541 2549
4740 2 2 1 1 2545 2549 2549
4741 2 2 1 1 2550 2546 2545
4742 2 2 1 1 2550 2545 2549
4743 2 2 1 1 2551 2548 2546
4744 2 2 1 1 2551 2546 2550
4745 2 2 1 1 2549 2541 2552
4746 2 2 1 1 2549 2552 2552
4747 2 2 1 1 2553 2550 2549
4748 2 2 1 1 2553 2549 2552
4749 2 2 1 1 2554 2551 2550
4750 2 2 1 1 2554 2550 2553
4751 2 2 1 1 2552 2541 2555
4752 2 2 1 1 2552 2555 2555
4753 2 2 1 1 2556 2553 2552
4754 2 2 1 1 2556 2552 2555
4755 2 2 1 1 2557 2554 2553
4756 2 2 1 1 2557 2553 2556
4757 2 2 1 1 2555 2541 2558
4758 2 2 1 1 2555 2558 2558
4759 2 2 1 1 2559 2556 2555
4760 2 2 1 1 2559 2555 2558
4761 2 2 1 1 2560 2557 2556
4762 2 2 1 1 2560 2556 2559
4763 2 2 1 1 2558 2541 2561
4764 2 2 1 1 2558 2561 2561
4765 2 2 1 1 2562 2559 2558
4766 2 2 1 1 2562 2558 2561
4767 2 2 1 1 2563 2560 2559
4768 2 2 1 1 2563 2559 2562
4769 2 2 1 1 2561 2541 2564
4770 2 2 1 1 2561 2564 2564
4771 2 2 1 1 2565 2562 2561
4772 2 2 1 1 2565 2561 2564
4773 2 2 1 1 2566 2563 2562
4774 2 2 1 1 2566 2562 2565
4775 2 2 1 1 600 603 2563
4776 2 2 1 1 600 2563 2566
4777 2 2 1 1 2564 2541 2567
4778 2 2 1 1 2564 2567 2567
4779 2 2 1 1 2568 2565 2564
4780 2 2 1 1 2568 2564 2567
4781 2 2 1 1 2569 2566 2565
4782 2 2 1 1 2569 2565 2568
4783 2 2 1 1 2567 2541 2570
4784 2 2 1 1 2567 2570 2570
4785 2 2 1 1 2571 2568 2567
4786 2 2 1 1 2571 2567 2570
4787 2 2 1 1 2572 2569 2568
4788 2 2 1 1 2572 2568 2571
4789 2 2 1 1 2570 2541 2573
4790 2 2 1 1 2570 2573 2573
4791 2 2 1 1 2574 2571 2570
4792 2 2 1 1 2574 2570 2573
4793 2 2 1 1 2575 2572 2571
4794 2 2 1 1 2575 2571 2574
4795 2 2 1 1 2573 2541 2576
4796 2 2 1 1 2573 2576 2576
4797 2 2 1 1 2577 2574 2573
4798 2 2 1 1 2577 2573 2576
4799 2 2 1 1 2578 2575 2574
4800 2 2 1 1 2578 2574 2577
4801 2 2 1 1 2576 2541 2579
4802 2 2 1 1 2576 2579 2579
4803 2 2 1 1 2580 2577 2576
4804 2 2 1 1 2580 2576 2579
4805 2 2 1 1 2581 2578 2577
4806 2 2 1 1 2581 2577 2580
4807 2 2 1 1 2579 2541 2582
4808 2 2 1 1 2579 2582 2582
4809 2 2 1 1 2583 2498 657
4810 2 2 1 1 2583 657 780
4811 2 2 1 1 2584 2500 2498
4812 2 2 1 1 2584 2498 2583
4813 2 2 1 1 2585 2502 2500
4814 2 2 1 1 2585 2500 2584
4815 2 2 1 1 2586 2504 2502
4816 2 2 1 1 2586 2502 2585
4817 2 2 1 1 2587 2506 2504
4818 2 2 1 1 2587 2504 2586
4819 2 2 1 1 2588 2508 2506
4820 2 2 1 1 2588 2506 2587
4821 2 2 1 1 2589 2583 780
4822 2 2 1 1 2589 780 789
4823 2 2 1 1 2590 2584 2583
4824 2 2 1 1 2590 2583 2589
4825 2 2 1 1 2591 2585 2584
4826 2 2 1 1 2591 2584 2590
4827 2 2 1 1 2592 2586 2585
4828 2 2 1 1 2592 2585 2591
4829 2 2 1 1 2593 2587 2586
4830 2 2 1 1 2593 2586 2592
4831 2 2 1 1 2594 2588 2587
4832 2 2 1 1 2594 2587 2593
4833 2 2 1 1 2595 2589 789
4834 2 2 1 1 2595 789 798
4835 2 2 1 1 2596 2590 2589
4836 2 2 1 1 2596 2589 2595
4837 2 2 1 1 2597 2591 2590
4838 2 2 1 1 2597 2590 2596
4839 2 2 1 1 2598 2592 2591
4840 2 2 1 1 2598 2591 2597
4841 2 2 1 1 2599 2593 2592
4842 2 2 1 1 2599 2592 2598
4843 2 2 1 1 2600 2594 2593
4844 2 2 1 1 2600 2593 2599
4845 2 2 1 1 2601 2595 798
4846 2 2 1 1 2601 798 2602
4847 2 2 1 1 2603 2596 2595
4848 2 2 1 1 2603 2595 2601
4849 2 2 1 1 2604 2597 2596
4850 2 2 1 1 2604 2596 2603
4851 2 2 1 1 2605 2598 2597
4852 2 2 1 1 2605 2597 2604
4853 2 2 1 1 2606 2599 2598
4854 2 2 1 1 2606 2598 2605
4855 2 2 1 1 2607 2600 2599
4856 2 2 1 1 2607 2599 2606
4857 2 2 1 1 2608 2601 2602
4858 2 2 1 1 2608 2602 2609
4859 2 2 1 1 2610 2603 2601
4860 2 2 1 1 2610 2601 2608
4861 2 2 1 1 2611 2604 2603
4862 2 2 1 1 2611 2603 2610
4863 2 2 1 1 2612 2605 2604
4864 2 2 1 1 2612 2604 2611
4865 2 2 1 1 2613 2606 2605
4866 2 2 1 1 2613 2605 2612
4867 2 2 1 1 2614 2607 2606
4868 2 2 1 1 2614 2606 2613
4869 2 2 1 1 2615 2608 2609
4870 2 2 1 1 2615 2609 2616
4871 2 2 1 1 2617 2610 2608
4872 2 2 1 1 2617 2608 2615
4873 2 2 1 1 2618 2611 2610
4874 2 2 1 1 2618 2610 2617
4875 2 2 1 1 2619 2612 2611
4876 2 2 1 1 2619 2611 2618
4877 2 2 1 1 2620 2613 2612
4878 2 2 1 1 2620 2612 2619
4879 2 2 1 1 2621 2614 2613
4880 2 2 1 1 2621 2613 2620
4881 2 2 1 1 1549 2615 2616
4882 2 2 1 1 1549 2616 90
4883 2 2 1 1 1544 2617 2615
4884 2 2 1 1 1544 2615 1549
4885 2 2 1 1 1539 2618 2617
4886 2 2 1 1 1539 2617 1544
4887 2 2 1 1 1534 2619 2618
4888 2 2 1 1 1534 2618 1539
4889 2 2 1 1 1529 2620 2619
4890 2 2 1 1 1529 2619 1534
4891 2 2 1 1 605 2621 2620
4892 2 2 1 1 605 2620 1529
4893 2 2 1 1 2622 2541 2540
4894 2 2 1 1 2622 2540 2540
4895 2 2 1 1 2623 2622 2540
4896 2 2 1 1 2623 2540 2624
4897 2 2 1 1 2625 2623 2624
4898 2 2 1 1 2625 2624 2543
4899 2 2 1 1 2588 2625 2543
4900 2 2 1 1 2588 2543 2508
4901 2 2 1 1 2626 2541 2622
4902 2 2 1 1 2626 2622 2622
4903 2 2 1 1 2627 2626 2622
4904 2 2 1 1 2627 2622 2623
4905 2 2 1 1 2628 2627 2623
4906 2 2 1 1 2628 2623 2625
4907 2 2 1 1 2594 2628 2625
4908 2 2 1 1 2594 2625 2588
4909 2 2 1 1 2629 2541 2626
4910 2 2 1 1 2629 2626 2626
4911 2 2 1 1 2630 2629 2626
4912 2 2 1 1 2630 2626 2627
4913 2 2 1 1 2631 2630 2627
4914 2 2 1 1 2631 2627 2628
4915 2 2 1 1 2600 2631 2628
4916 2 2 1 1 2600 2628 2594
4917 2 2 1 1 2632 2541 2629
4918 2 2 1 1 2632 2629 2629
4919 2 2 1 1 2633 2632 2629
4920 2 2 1 1 2633 2629 2630
4921 2 2 1 1 2634 2633 2630
4922 2 2 1 1 2634 2630 2631
4923 2 2 1 1 2635 2541 2632
4924 2 2 1 1 2635 2632 2632
4925 2 2 1 1 2636 2635 2632
4926 2 2 1 1 2636 2632 2633
4927 2 2 1 1 2637 2636 2633
4928 2 2 1 1 2637 2633 2634
4929 2 2 1 1 2638 2541 2635
4930 2 2 1 1 2638 2635 2635
4931 2 2 1 1 2639 2638 2635
4932 2 2 1 1 2639 2635 2636
4933 2 2 1 1 2640 2639 2636
4934 2 2 1 1 2640 2636 2637
4935 2 2 1 1 2641 2541 2638
4936 2 2 1 1 2641 2638 2638
4937 2 2 1 1 2642 2641 2638
4938 2 2 1 1 2642 2638 2639
4939 2 2 1 1 2643 2642 2639
4940 2 2 1 1 2643 2639 2640
4941 2 2 1 1 2644 2541 2641
4942 2 2 1 1 2644 2641 2641
4943 2 2 1 1 2645 2644 2641
4944 2 2 1 1 2645 2641 2642
4945 2 2 1 1 2646 2645 2642
4946 2 2 1 1 2646 2642 2643
4947 2 2 1 1 2647 2541 2644
4948 2 2 1 1 2647 2644 2644
4949 2 2 1 1 2648 2647 2644
4950 2 2 1 1 2648 2644 2645
4951 2 2 1 1 2649 2648 2645
4952 2 2 1 1 2649 2645 2646
4953 2 2 1 1 2650 2541 2647
4954 2 2 1 1 2650 2647 2647
4955 2 2 1 1 2651 2650 2647
4956 2 2 1 1 2651 2647 2648
4957 2 2 1 1 2652 2651 2648
4958 2 2 1 1 2652 2648 2649
4959 2 2 1 1 2653 2541 2650
4960 2 2 1 1 2653 2650 2650
4961 2 2 1 1 2654 2653 2650
4962 2 2 1 1 2654 2650 2651
4963 2 2 1 1 2655 2654 2651
4964 2 2 1 1 2655 2651 2652
4965 2 2 1 1 1521 2655 2652
4966 2 2 1 1 1521 2652 2656
4967 2 2 1 1 2657 2541 2653
4968 2 2 1 1 2657 2653 2653
4969 2 2 1 1 2658 2657 2653
4970 2 2 1 1 2658 2653 2654
4971 2 2 1 1 2659 2658 2654
4972 2 2 1 1 2659 2654 2655
4973 2 2 1 1 1523 2659 2655
4974 2 2 1 1 1523 2655 1521
4975 2 2 1 1 2660 2541 2657
4976 2 2 1 1 2660 2657 2657
4977 2 2 1 1 2661 2660 2657
4978 2 2 1 1 2661 2657 2658
4979 2 2 1 1 2662 2661 2658
4980 2 2 1 1 2662 2658 2659
4981 2 2 1 1 2663 2662 2659
4982 2 2 1 1 2663 2659 1523
4983 2 2 1 1 2582 2541 2660
4984 2 2 1 1 2582 2660 2660
4985 2 2 1 1 2664 2582 2660
4986 2 2 1 1 2664 2660 2661
4987 2 2 1 1 2665 2664 2661
4988 2 2 1 1 2665 2661 2662
4989 2 2 1 1 2666 2667 2668
4990 2 2 1 1 2666 2668 2668
4991 2 2 1 1 2669 2670 2666
4992 2 2 1 1 2669 2666 2668
4993 2 2 1 1 2671 2672 2670
4994 2 2 1 1 2671 2670 2669
4995 2 2 1 1 2673 2674 2672
4996 2 2 1 1 2673 2672 2671
4997 2 2 1 1 2668 2667 2675
4998 2 2 1 1 2668 2675 2675
4999 2 2 1 1 2676 2669 2668
5000 2 2 1 1 2676 2668 2675
5001 2 2 1 1 2677 2671 2669
5002 2 2 1 1 2677 2669 2676
5003 2 2 1 1 2678 2673 2671
5004 2 2 1 1 2678 2671 2677
5005 2 2 1 1 2675 2667 2679
5006 2 2 1 1 2675 2679 2679
5007 2 2 1 1 2680 2676 2675
5008 2 2 1 1 2680 2675 2679
5009 2 2 1 1 51 2677 2676
5010 2 2 1 1 51 2676 2680
5011 2 2 1 1 50 2678 2677
5012 2 2 1 1 50 2677 51
5013 2 2 1 1 2679 2667 2681
5014 2 2 1 1 2679 2681 2681
5015 2 2 1 1 2682 2680 2679
5016 2 2 1 1 2682 2679 2681
5017 2 2 1 1 52 51 2680
5018 2 2 1 1 52 2680 2682
5019 2 2 1 1 2681 2667 2683
5020 2 2 1 1 2681 2683 2683
5021 2 2 1 1 2684 2682 2681
5022 2 2 1 1 2684 2681 2683
5023 2 2 1 1 54 52 2682
5024 2 2 1 1 54 2682 2684
5025 2 2 1 1 2683 2667 2685
5026 2 2 1 1 2683 2685 2685
5027 2 2 1 1 2686 2684 2683
5028 2 2 1 1 2686 2683 2685
5029 2 2 1 1 56 54 2684
5030 2 2 1 1 56 2684 2686
5031 2 2 1 1 2685 2667 2687
5032 2 2 1 1 2685 2687 2687
5033 2 2 1 1 2688 2686 2685
5034 2 2 1 1 2688 2685 2687
5035 2 2 1 1 2689 56 2686
5036 2 2 1 1 2689 2686 2688
5037 2 2 1 1 2687 2667 2690
5038 2 2 1 1 2687 2690 2690
5039 2 2 1 1 2691 2688 2687
5040 2 2 1 1 2691 2687 2690
5041 2 2 1 1 2692 2689 2688
5042 2 2 1 1 2692 2688 2691
5043 2 2 1 1 2690 2667 2693
5044 2 2 1 1 2690 2693 2693
5045 2 2 1 1 2694 2691 2690
5046 2 2 1 1 2694 2690 2693
5047 2 2 1 1 2695 2692 2691
5048 2 2 1 1 2695 2691 2694
5049 2 2 1 1 2696 575 2692
5050 2 2 1 1 2696 2692 2695
5051 2 2 1 1 2693 2667 2697
5052 2 2 1 1 2693 2697 2697
5053 2 2 1 1 2698 2694 2693
5054 2 2 1 1 2698 2693 2697
5055 2 2 1 1 2699 2695 2694
5056 2 2 1 1 2699 2694 2698
5057 2 2 1 1 2700 2696 2695
5058 2 2 1 1 2700 2695 2699
5059 2 2 1 1 2697 2667 2701
5060 2 2 1 1 2697 2701 2701
5061 2 2 1 1 2702 2698 2697
5062 2 2 1 1 2702 2697 2701
5063 2 2 1 1 2703 2699 2698
5064 2 2 1 1 2703 2698 2702
5065 2 2 1 1 2704 2700 2699
5066 2 2 1 1 2704 2699 2703
5067 2 2 1 1 2701 2667 2705
5068 2 2 1 1 2701 2705 2705
5069 2 2 1 1 2706 2702 2701
5070 2 2 1 1 2706 2701 2705
5071 2 2 1 1 2707 2703 2702
5072 2 2 1 1 2707 2702 2706
5073 2 2 1 1 2708 2704 2703
5074 2 2 1 1 2708 2703 2707
5075 2 2 1 1 2705 2667 2709
5076 2 2 1 1 2705 2709 2709
5077 2 2 1 1 2710 2706 2705
5078 2 2 1 1 2710 2705 2709
5079 2 2 1 1 2711 2707 2706
5080 2 2 1 1 2711 2706 2710
5081 2 2 1 1 2712 2708 2707
5082 2 2 1 1 2712 2707 2711
5083 2 2 1 1 2709 2667 2713
5084 2 2 1 1 2709 2713 2713
5085 2 2 1 1 2714 2710 2709
5086 2 2 1 1 2714 2709 2713
5087 2 2 1 1 2715 2711 2710
5088 2 2 1 1 2715 2710 2714
5089 2 2 1 1 2156 2712 2711
5090 2 2 1 1 2156 2711 2715
5091 2 2 1 1 2716 902 903
5092 2 2 1 1 2716 903 2717
5093 2 2 1 1 2718 2716 2717
5094 2 2 1 1 2718 2717 2719
5095 2 2 1 1 2720 2718 2719
5096 2 2 1 1 2720 2719 2721
5097 2 2 1 1 2722 2720 2721
5098 2 2 1 1 2722 2721 2723
5099 2 2 1 1 2724 2722 2723
5100 2 2 1 1 2724 2723 2725
5101 2 2 1 1 2673 2724 2725
5102 2 2 1 1 2673 2725 2674
5103 2 2 1 1 2726 913 902
5104 2 2 1 1 2726 902 2716
5105 2 2 1 1 2727 2726 2716
5106 2 2 1 1 2727 2716 2718
5107 2 2 1 1 2728 2727 2718
5108 2 2 1 1 2728 2718 2720
5109 2 2 1 1 2729 2728 2720
5110 2 2 1 1 2729 2720 2722
5111 2 2 1 1 2730 2729 2722
5112 2 2 1 1 2730 2722 2724
5113 2 2 1 1 2678 2730 2724
5114 2 2 1 1 2678 2724 2673
5115 2 2 1 1 2731 73 913
5116 2 2 1 1 2731 913 2726
5117 2 2 1 1 2732 2731 2726
5118 2 2 1 1 2732 2726 2727
5119 2 2 1 1 2733 2732 2727
5120 2 2 1 1 2733 2727 2728
5121 2 2 1 1 2734 2733 2728
5122 2 2 1 1 2734 2728 2729
5123 2 2 1 1 2735 2734 2729
5124 2 2 1 1 2735 2729 2730
5125 2 2 1 1 50 2735 2730
5126 2 2 1 1 50 2730 2678
5127 2 2 1 1 2736 70 73
5128 2 2 1 1 2736 73 2731
5129 2 2 1 1 2737 2736 2731
5130 2 2 1 1 2737 2731 2732
5131 2 2 1 1 2738 2737 2732
5132 2 2 1 1 2738 2732 2733
5133 2 2 1 1 2739 2738 2733
5134 2 2 1 1 2739 2733 2734
5135 2 2 1 1 2740 2739 2734
5136 2 2 1 1 2740 2734 2735
5137 2 2 1 1 49 2740 2735
5138 2 2 1 1 49 2735 50
5139 2 2 1 1 2741 74 70
5140 2 2 1 1 2741 70 2736
5141 2 2 1 1 2742 2741 2736
5142 2 2 1 1 2742 2736 2737
5143 2 2 1 1 2743 2742 2737
5144 2 2 1 1 2743 2737 2738
5145 2 2 1 1 2744 2743 2738
5146 2 2 1 1 2744 2738 2739
5147 2 2 1 1 2745 2744 2739
5148 2 2 1 1 2745 2739 2740
5149 2 2 1 1 53 2745 2740
5150 2 2 1 1 53 2740 49
5151 2 2 1 1 2746 76 74
5152 2 2 1 1 2746 74 2741
5153 2 2 1 1 2747 2746 2741
5154 2 2 1 1 2747 2741 2742
5155 2 2 1 1 2748 2747 2742
5156 2 2 1 1 2748 2742 2743
5157 2 2 1 1 2749 2748 2743
5158 2 2 1 1 2749 2743 2744
5159 2 2 1 1 2750 2749 2744
5160 2 2 1 1 2750 2744 2745
5161 2 2 1 1 55 2750 2745
5162 2 2 1 1 55 2745 53
5163 2 2 1 1 2196 78 76
5164 2 2 1 1 2196 76 2746
5165 2 2 1 1 2191 2196 2746
5166 2 2 1 1 2191 2746 2747
5167 2 2 1 1 2186 2191 2747
5168 2 2 1 1 2186 2747 2748
5169 2 2 1 1 2181 2186 2748
5170 2 2 1 1 2181 2748 2749
5171 2 2 1 1 2176 2181 2749
5172 2 2 1 1 2176 2749 2750
5173 2 2 1 1 579 2176 2750
5174 2 2 1 1 579 2750 55
5175 2 2 1 1 67 66 635
5176 2 2 1 1 67 635 1004
5177 2 2 1 1 64 985 976
5178 2 2 1 1 64 976 68
5179 2 2 1 1 68 976 967
5180 2 2 1 1 68 967 2751
5181 2 2 1 1 2751 638 69
5182 2 2 1 1 2751 69 68
5183 2 2 1 1 583 582 638
5184 2 2 1 1 583 638 2751
5185 2 2 1 1 2751 967 960
5186 2 2 1 1 2751 960 583
5187 2 2 1 1 583 960 79
5188 2 2 1 1 583 79 78
5189 2 2 1 1 575 579 2689
5190 2 2 1 1 575 2689 2692
5191 2 2 1 1 579 55 56
5192 2 2 1 1 579 56 2689
5193 2 2 1 1 575 2696 631
5194 2 2 1 1 575 631 572
5195 2 2 1 1 2696 2700 629
5196 2 2 1 1 2696 629 631
5197 2 2 1 1 2700 2704 627
5198 2 2 1 1 2700 627 629
5199 2 2 1 1 2704 2708 623
5200 2 2 1 1 2704 623 627
5201 2 2 1 1 2708 2712 624
5202 2 2 1 1 2708 624 623
5203 2 2 1 1 2168 2169 2752
5204 2 2 1 1 2168 2752 2752
5205 2 2 1 1 2170 2752 2753
5206 2 2 1 1 2170 2753 2753
5207 2 2 1 1 2752 2170 2168
5208 2 2 1 1 2752 2168 2168
5209 2 2 1 1 1556 2754 1845
5210 2 2 1 1 1556 1845 1557
5211 2 2 1 1 1604 2755 2754
5212 2 2 1 1 1604 2754 1556
5213 2 2 1 1 1628 2756 2755
5214 2 2 1 1 1628 2755 1604
5215 2 2 1 1 1652 2757 2756
5216 2 2 1 1 1652 2756 1628
5217 2 2 1 1 1676 2758 2757
5218 2 2 1 1 1676 2757 1652
5219 2 2 1 1 1497 2759 2758
5220 2 2 1 1 1497 2758 1676
5221 2 2 1 1 2760 612 2578
5222 2 2 1 1 2760 2578 2581
5223 2 2 1 1 612 611 2575
5224 2 2 1 1 612 2575 2578
5225 2 2 1 1 611 613 2572
5226 2 2 1 1 611 2572 2575
5227 2 2 1 1 613 614 2569
5228 2 2 1 1 613 2569 2572
5229 2 2 1 1 614 600 2566
5230 2 2 1 1 614 2566 2569
5231 2 2 1 1 603 1347 2537
5232 2 2 1 1 603 2537 2538
5233 2 2 1 1 1347 603 598
5234 2 2 1 1 1347 598 1342
5235 2 2 1 1 603 2538 2560
5236 2 2 1 1 603 2560 2563
5237 2 2 1 1 2538 2532 2557
5238 2 2 1 1 2538 2557 2560
5239 2 2 1 1 2532 2526 2554
5240 2 2 1 1 2532 2554 2557
5241 2 2 1 1 2526 2520 2551
5242 2 2 1 1 2526 2551 2554
5243 2 2 1 1 2520 2514 2548
5244 2 2 1 1 2520 2548 2551
5245 2 2 1 1 2514 2507 2544
5246 2 2 1 1 2514 2544 2548
5247 2 2 1 1 2607 2634 2631
5248 2 2 1 1 2607 2631 2600
5249 2 2 1 1 2614 2637 2634
5250 2 2 1 1 2614 2634 2607
5251 2 2 1 1 2621 2640 2637
5252 2 2 1 1 2621 2637 2614
5253 2 2 1 1 605 2643 2640
5254 2 2 1 1 605 2640 2621
5255 2 2 1 1 2761 2646 2643
5256 2 2 1 1 2761 2643 605
5257 2 2 1 1 604 607 2761
5258 2 2 1 1 604 2761 2761
5259 2 2 1 1 2761 607 608
5260 2 2 1 1 2761 608 608
5261 2 2 1 1 2761 608 39
5262 2 2 1 1 2761 39 2762
5263 2 2 1 1 2544 2543 2624
5264 2 2 1 1 2544 2624 2547
5265 2 2 1 1 2547 2624 2540
5266 2 2 1 1 2547 2540 2542
5267 2 2 1 1 2664 2580 2579
5268 2 2 1 1 2664 2579 2582
5269 2 2 1 1 2665 2581 2580
5270 2 2 1 1 2665 2580 2664
5271 2 2 1 1 600 614 615
5272 2 2 1 1 600 615 596
5273 2 2 1 1 2656 2652 2649
5274 2 2 1 1 2656 2649 2762
5275 2 2 1 1 2762 2649 2646
5276 2 2 1 1 2762 2646 2761
5277 2 2 1 1 856 594 838
5278 2 2 1 1 856 838 846
5279 2 2 1 1 594 856 1554
5280 2 2 1 1 594 1554 591
5281 2 2 1 1 856 855 2763
5282 2 2 1 1 856 2763 1554
5283 2 2 1 1 855 865 1553
5284 2 2 1 1 855 1553 2763
5285 2 2 1 1 584 1361 587
5286 2 2 1 1 584 587 587
5287 2 2 1 1 586 717 709
5288 2 2 1 1 586 709 1361
5289 2 2 1 1 586 588 621
5290 2 2 1 1 586 621 726
5291 2 2 1 1 1361 709 701
5292 2 2 1 1 1361 701 2539
5293 2 2 1 1 2539 701 692
5294 2 2 1 1 2539 692 693
5295 2 2 1 1 726 621 617
5296 2 2 1 1 726 617 735
5297 2 2 1 1 735 617 620
5298 2 2 1 1 735 620 744
5299 2 2 1 1 744 620 2764
5300 2 2 1 1 744 2764 753
5301 2 2 1 1 753 2764 2765
5302 2 2 1 1 753 2765 762
5303 2 2 1 1 2766 622 1338
5304 2 2 1 1 2766 1338 1397
5305 2 2 1 1 1447 2766 1397
5306 2 2 1 1 1447 1397 1421
5307 2 2 1 1 2767 1446 1445
5308 2 2 1 1 2767 1445 1471
5309 2 2 1 1 1520 2767 1471
5310 2 2 1 1 1520 1471 1495
5311 2 2 1 1 620 619 2768
5312 2 2 1 1 620 2768 2764
5313 2 2 1 1 874 883 2769
5314 2 2 1 1 874 2769 1552
5315 2 2 1 1 2765 2770 762
5316 2 2 1 1 2765 762 762
5317 2 2 1 1 771 2770 2771
5318 2 2 1 1 771 2771 2771
5319 2 2 1 1 1520 2771 2770
5320 2 2 1 1 1520 2770 2770
5321 2 2 1 1 1520 2770 2765
5322 2 2 1 1 1520 2765 2765
5323 2 2 1 1 771 1519 1698
5324 2 2 1 1 771 1698 2772
5325 2 2 1 1 2772 1698 1674
5326 2 2 1 1 2772 1674 2773
5327 2 2 1 1 1552 2769 2774
5328 2 2 1 1 1552 2774 2775
5329 2 2 1 1 2773 1674 1650
5330 2 2 1 1 2773 1650 2776
5331 2 2 1 1 1553 1552 2775
5332 2 2 1 1 1553 2775 2777
5333 2 2 1 1 2776 1650 1626
5334 2 2 1 1 2776 1626 2778
5335 2 2 1 1 2763 1553 2777
5336 2 2 1 1 2763 2777 2779
5337 2 2 1 1 1554 2763 2779
5338 2 2 1 1 1554 2779 1551
5339 2 2 1 1 2778 1626 1601
5340 2 2 1 1 2778 1601 2780
5341 2 2 1 1 2780 1601 1602
5342 2 2 1 1 2780 1602 1551
5343 2 2 1 1 2781 1061 1062
5344 2 2 1 1 2781 1062 616
5345 2 2 1 1 615 45 46
5346 2 2 1 1 615 46 616
5347 2 2 1 1 2782 1086 1061
5348 2 2 1 1 2782 1061 2781
5349 2 2 1 1 2783 1110 1086
5350 2 2 1 1 2783 1086 2782
5351 2 2 1 1 2784 1134 1110
5352 2 2 1 1 2784 1110 2783
5353 2 2 1 1 2785 1158 1134
5354 2 2 1 1 2785 1134 2784
5355 2 2 1 1 2786 1182 1158
5356 2 2 1 1 2786 1158 2785
5357 2 2 1 1 2786 2665 2662
5358 2 2 1 1 2786 2662 2663
5359 2 2 1 1 2786 2760 2581
5360 2 2 1 1 2786 2581 2665
5361 2 2 1 1 2786 2787 1963
5362 2 2 1 1 2786 1963 1182
5363 2 2 1 1 2787 2788 1939
5364 2 2 1 1 2787 1939 1963
5365 2 2 1 1 2788 31 34
5366 2 2 1 1 2788 34 1939
5367 2 2 1 1 38 37 2789
5368 2 2 1 1 38 2789 1522
5369 2 2 1 1 1523 1522 2790
5370 2 2 1 1 1523 2790 2663
5371 2 2 1 1 1522 2789 2791
5372 2 2 1 1 1522 2791 2790
5373 2 2 1 1 1497 1473 2792
5374 2 2 1 1 1497 2792 2759
5375 2 2 1 1 1473 1449 2793
5376 2 2 1 1 1473 2793 2792
5377 2 2 1 1 1449 1423 2794
5378 2 2 1 1 1449 2794 2793
5379 2 2 1 1 1423 1399 2795
5380 2 2 1 1 1423 2795 2794
5381 2 2 1 1 1399 1375 2796
5382 2 2 1 1 1399 2796 2795
5383 2 2 1 1 1375 1314 1315
5384 2 2 1 1 1375 1315 2796
5385 2 2 1 1 2797 2798 2799
5386 2 2 1 1 2797 2799 2799
5387 2 2 1 1 2800 1315 2797
5388 2 2 1 1 2800 2797 2797
5389 2 2 1 1 2800 2797 2799
5390 2 2 1 1 2800 2799 2799
5391 2 2 1 1 1966 2158 2801
5392 2 2 1 1 1966 2801 2801
5393 2 2 1 1 1978 2802 2801
5394 2 2 1 1 1978 2801 2158
5395 2 2 1 1 1364 1363 2803
5396 2 2 1 1 1364 2803 2803
5397 2 2 1 1 1184 2804 1363
5398 2 2 1 1 1184 1363 1363
5399 2 2 1 1 1363 2804 2803
5400 2 2 1 1 1363 2803 2803
5401 2 2 1 1 1016 2805 1184
5402 2 2 1 1 1016 1184 1017
5403 2 2 1 1 1064 2806 2805
5404 2 2 1 1 1064 2805 1016
5405 2 2 1 1 1088 2807 2806
5406 2 2 1 1 1088 2806 1064
5407 2 2 1 1 1112 2808 2807
5408 2 2 1 1 1112 2807 1088
5409 2 2 1 1 1136 2809 2808
5410 2 2 1 1 1136 2808 1112
5411 2 2 1 1 1160 2810 2809
5412 2 2 1 1 1160 2809 1136
5413 2 2 1 1 1160 1941 2811
5414 2 2 1 1 1160 2811 2810
5415 2 2 1 1 1941 1917 2812
5416 2 2 1 1 1941 2812 2811
5417 2 2 1 1 1917 1894 2813
5418 2 2 1 1 1917 2813 2812
5419 2 2 1 1 1894 1871 2814
5420 2 2 1 1 1894 2814 2813
5421 2 2 1 1 1871 1847 2815
5422 2 2 1 1 1871 2815 2814
5423 2 2 1 1 1847 1702 1701
5424 2 2 1 1 1847 1701 2815
5425 2 2 1 1 2816 1701 1967
5426 2 2 1 1 2816 1967 1967
5427 2 2 1 1 1373 2797 1372
5428 2 2 1 1 1373 1372 1372
5429 2 2 1 1 2797 1373 2798
5430 2 2 1 1 2797 2798 2798
5431 2 2 1 1 1372 1315 1289
5432 2 2 1 1 1372 1289 1289
5433 2 2 1 1 1315 1372 2797
5434 2 2 1 1 1315 2797 2797
5435 2 2 1 1 2817 28 30
5436 2 2 1 1 2817 30 2818
5437 2 2 1 1 885 2817 2818
5438 2 2 1 1 885 2818 886
5439 2 2 1 1 2819 26 28
5440 2 2 1 1 2819 28 2817
5441 2 2 1 1 905 2819 2817
5442 2 2 1 1 905 2817 885
5443 2 2 1 1 2820 24 26
5444 2 2 1 1 2820 26 2819
5445 2 2 1 1 915 2820 2819
5446 2 2 1 1 915 2819 905
5447 2 2 1 1 2821 22 24
5448 2 2 1 1 2821 24 2820
5449 2 2 1 1 923 2821 2820
5450 2 2 1 1 923 2820 915
5451 2 2 1 1 2822 20 22
5452 2 2 1 1 2822 22 2821
5453 2 2 1 1 931 2822 2821
5454 2 2 1 1 931 2821 923
5455 2 2 1 1 2823 18 20
5456 2 2 1 1 2823 20 2822
5457 2 2 1 1 939 2823 2822
5458 2 2 1 1 939 2822 931
5459 2 2 1 1 2824 16 18
5460 2 2 1 1 2824 18 2823
5461 2 2 1 1 947 2824 2823
5462 2 2 1 1 947 2823 939
5463 2 2 1 1 2825 14 16
5464 2 2 1 1 2825 16 2824
5465 2 2 1 1 955 2825 2824
5466 2 2 1 1 955 2824 947
5467 2 2 1 1 2826 12 14
5468 2 2 1 1 2826 14 2825
5469 2 2 1 1 962 2826 2825
5470 2 2 1 1 962 2825 955
5471 2 2 1 1 2827 10 12
5472 2 2 1 1 2827 12 2826
5473 2 2 1 1 969 2827 2826
5474 2 2 1 1 969 2826 962
5475 2 2 1 1 2828 8 10
5476 2 2 1 1 2828 10 2827
5477 2 2 1 1 978 2828 2827
5478 2 2 1 1 978 2827 969
5479 2 2 1 1 2829 6 8
5480 2 2 1 1 2829 8 2828
5481 2 2 1 1 987 2829 2828
5482 2 2 1 1 987 2828 978
5483 2 2 1 1 2830 4 6
5484 2 2 1 1 2830 6 2829
5485 2 2 1 1 996 2830 2829
5486 2 2 1 1 996 2829 987
5487 2 2 1 1 2831 1 4
5488 2 2 1 1 2831 4 2830
5489 2 2 1 1 1006 2831 2830
5490 2 2 1 1 1006 2830 996
5491 2 2 1 1 2832 2833 2834
5492 2 2 1 1 2832 2834 2834
5493 2 2 1 1 2834 2835 2832
5494 2 2 1 1 2834 2832 2832
5495 2 2 1 1 2832 2835 2810
5496 2 2 1 1 2832 2810 2810
5497 2 2 1 1 2836 2837 2810
5498 2 2 1 1 2836 2810 2810
5499 2 2 1 1 2836 2838 2837
5500 2 2 1 1 2836 2837 2837
5501 2 2 1 1 2837 2838 2839
5502 2 2 1 1 2837 2839 2839
5503 2 2 1 1 2840 2841 2759
5504 2 2 1 1 2840 2759 2759
5505 2 2 1 1 2841 2842 2843
5506 2 2 1 1 2841 2843 2843
5507 2 2 1 1 2840 2842 2841
5508 2 2 1 1 2840 2841 2841
5509 2 2 1 1 2844 2845 2846
5510 2 2 1 1 2844 2846 2846
5511 2 2 1 1 2846 2847 2844
5512 2 2 1 1 2846 2844 2844
5513 2 2 1 1 2844 2847 2759
5514 2 2 1 1 2844 2759 2759
5515 2 2 1 1 2848 2849 2850
5516 2 2 1 1 2848 2850 2850
5517 2 2 1 1 2850 2473 2851
5518 2 2 1 1 2850 2851 2851
5519 2 2 1 1 2850 2851 2848
5520 2 2 1 1 2850 2848 2848
5521 2 2 1 1 2852 2853 634
5522 2 2 1 1 2852 634 634
5523 2 2 1 1 1004 634 2853
5524 2 2 1 1 1004 2853 2853
5525 2 2 1 1 2853 2852 1014
5526 2 2 1 1 2853 1014 1014
5527 2 2 1 1 2854 2855 2856
5528 2 2 1 1 2854 2856 2856
5529 2 2 1 1 2855 2854 2857
5530 2 2 1 1 2855 2857 2857
5531 2 2 1 1 2855 2857 2132
5532 2 2 1 1 2855 2132 2132
5533 2 2 1 1 2858 2859 2786
5534 2 2 1 1 2858 2786 2786
5535 2 2 1 1 2760 2859 2858
5536 2 2 1 1 2760 2858 2858
5537 2 2 1 1 2858 48 2760
5538 2 2 1 1 2858 2760 2760
5539 2 2 1 1 2860 2861 81
5540 2 2 1 1 2860 81 80
5541 2 2 1 1 2862 2863 2861
5542 2 2 1 1 2862 2861 2860
5543 2 2 1 1 2864 2865 2863
5544 2 2 1 1 2864 2863 2862
5545 2 2 1 1 2866 2867 2865
5546 2 2 1 1 2866 2865 2864
5547 2 2 1 1 2868 2869 2867
5548 2 2 1 1 2868 2867 2866
5549 2 2 1 1 2870 2871 2869
5550 2 2 1 1 2870 2869 2868
5551 2 2 1 1 2872 2873 2871
5552 2 2 1 1 2872 2871 2870
5553 2 2 1 1 2874 2875 2873
5554 2 2 1 1 2874 2873 2872
5555 2 2 1 1 2876 2877 2875
5556 2 2 1 1 2876 2875 2874
5557 2 2 1 1 2878 2879 2877
5558 2 2 1 1 2878 2877 2876
5559 2 2 1 1 2880 2881 2879
5560 2 2 1 1 2880 2879 2878
5561 2 2 1 1 87 86 2881
5562 2 2 1 1 87 2881 2880
5563 2 2 1 1 2882 80 83
5564 2 2 1 1 2882 83 2883
5565 2 2 1 1 2884 2882 2883
5566 2 2 1 1 2884 2883 2885
5567 2 2 1 1 2886 2860 80
5568 2 2 1 1 2886 80 2882
5569 2 2 1 1 2887 2886 2882
5570 2 2 1 1 2887 2882 2884
5571 2 2 1 1 2888 2862 2860
5572 2 2 1 1 2888 2860 2886
5573 2 2 1 1 2889 2888 2886
5574 2 2 1 1 2889 2886 2887
5575 2 2 1 1 2890 2864 2862
5576 2 2 1 1 2890 2862 2888
5577 2 2 1 1 2891 2890 2888
5578 2 2 1 1 2891 2888 2889
5579 2 2 1 1 2892 2866 2864
5580 2 2 1 1 2892 2864 2890
5581 2 2 1 1 2893 2892 2890
5582 2 2 1 1 2893 2890 2891
5583 2 2 1 1 2894 2868 2866
5584 2 2 1 1 2894 2866 2892
5585 2 2 1 1 2895 2894 2892
5586 2 2 1 1 2895 2892 2893
5587 2 2 1 1 2896 2870 2868
5588 2 2 1 1 2896 2868 2894
5589 2 2 1 1 2897 2896 2894
5590 2 2 1 1 2897 2894 2895
5591 2 2 1 1 2898 2872 2870
5592 2 2 1 1 2898 2870 2896
5593 2 2 1 1 2899 2898 2896
5594 2 2 1 1 2899 2896 2897
5595 2 2 1 1 2900 2874 2872
5596 2 2 1 1 2900 2872 2898
5597 2 2 1 1 2901 2900 2898
5598 2 2 1 1 2901 2898 2899
5599 2 2 1 1 2902 2876 2874
5600 2 2 1 1 2902 2874 2900
5601 2 2 1 1 2903 2902 2900
5602 2 2 1 1 2903 2900 2901
5603 2 2 1 1 2904 2878 2876
5604 2 2 1 1 2904 2876 2902
5605 2 2 1 1 2905 2904 2902
5606 2 2 1 1 2905 2902 2903
5607 2 2 1 1 2906 2880 2878
5608 2 2 1 1 2906 2878 2904
5609 2 2 1 1 2907 2906 2904
5610 2 2 1 1 2907 2904 2905
5611 2 2 1 1 2908 87 2880
5612 2 2 1 1 2908 2880 2906
5613 2 2 1 1 2909 2908 2906
5614 2 2 1 1 2909 2906 2907
5615 2 2 1 1 2910 84 87
5616 2 2 1 1 2910 87 2908
5617 2 2 1 1 2911 2910 2908
5618 2 2 1 1 2911 2908 2909
5619 2 2 1 1 2912 2913 2914
5620 2 2 1 1 2912 2914 2914
5621 2 2 1 1 2912 2914 2915
5622 2 2 1 1 2912 2915 2916
5623 2 2 1 1 2916 2915 2917
5624 2 2 1 1 2916 2917 2918
5625 2 2 1 1 2918 2917 86
5626 2 2 1 1 2918 86 85
5627 2 2 1 1 2915 2919 2920
5628 2 2 1 1 2915 2920 2917
5629 2 2 1 1 2917 2920 2881
5630 2 2 1 1 2917 2881 86
5631 2 2 1 1 2921 2913 2922
5632 2 2 1 1 2921 2922 2922
5633 2 2 1 1 2920 2923 2879
5634 2 2 1 1 2920 2879 2881
5635 2 2 1 1 2922 2913 2924
5636 2 2 1 1 2922 2924 2924
5637 2 2 1 1 2922 2924 2925
5638 2 2 1 1 2922 2925 2926
5639 2 2 1 1 2923 2927 2877
5640 2 2 1 1 2923 2877 2879
5641 2 2 1 1 2924 2913 2928
5642 2 2 1 1 2924 2928 2928
5643 2 2 1 1 2928 2913 2929
5644 2 2 1 1 2928 2929 2929
5645 2 2 1 1 2928 2929 2930
5646 2 2 1 1 2928 2930 2931
5647 2 2 1 1 2931 2930 2932
5648 2 2 1 1 2931 2932 2933
5649 2 2 1 1 2933 2932 2873
5650 2 2 1 1 2933 2873 2875
5651 2 2 1 1 2929 2913 2934
5652 2 2 1 1 2929 2934 2934
5653 2 2 1 1 2929 2934 2935
5654 2 2 1 1 2929 2935 2930
5655 2 2 1 1 2935 2936 2937
5656 2 2 1 1 2935 2937 2938
5657 2 2 1 1 2938 2937 2869
5658 2 2 1 1 2938 2869 2871
5659 2 2 1 1 2939 2913 2940
5660 2 2 1 1 2939 2940 2940
5661 2 2 1 1 2939 2940 2941
5662 2 2 1 1 2939 2941 2936
5663 2 2 1 1 2936 2941 2942
5664 2 2 1 1 2936 2942 2937
5665 2 2 1 1 2937 2942 2867
5666 2 2 1 1 2937 2867 2869
5667 2 2 1 1 2941 2943 2944
5668 2 2 1 1 2941 2944 2942
5669 2 2 1 1 2945 2913 2946
5670 2 2 1 1 2945 2946 2946
5671 2 2 1 1 2944 2947 2863
5672 2 2 1 1 2944 2863 2865
5673 2 2 1 1 2946 2948 2949
5674 2 2 1 1 2946 2949 2950
5675 2 2 1 1 2948 2913 2951
5676 2 2 1 1 2948 2951 2951
5677 2 2 1 1 2949 2952 2953
5678 2 2 1 1 2949 2953 2954
5679 2 2 1 1 2954 2953 81
5680 2 2 1 1 2954 81 2861
5681 2 2 1 1 2951 2913 2955
5682 2 2 1 1 2951 2955 2955
5683 2 2 1 1 2951 2955 2956
5684 2 2 1 1 2951 2956 2952
5685 2 2 1 1 2952 2956 2957
5686 2 2 1 1 2952 2957 2953
5687 2 2 1 1 2953 2957 82
5688 2 2 1 1 2953 82 81
5689 2 2 1 1 2914 2913 2921
5690 2 2 1 1 2914 2921 2921
5691 2 2 1 1 2914 2921 2919
5692 2 2 1 1 2914 2919 2915
5693 2 2 1 1 2921 2922 2926
5694 2 2 1 1 2921 2926 2919
5695 2 2 1 1 2919 2926 2923
5696 2 2 1 1 2919 2923 2920
5697 2 2 1 1 2926 2925 2927
5698 2 2 1 1 2926 2927 2923
5699 2 2 1 1 2924 2928 2931
5700 2 2 1 1 2924 2931 2925
5701 2 2 1 1 2925 2931 2933
5702 2 2 1 1 2925 2933 2927
5703 2 2 1 1 2927 2933 2875
5704 2 2 1 1 2927 2875 2877
5705 2 2 1 1 2930 2935 2938
5706 2 2 1 1 2930 2938 2932
5707 2 2 1 1 2932 2938 2871
5708 2 2 1 1 2932 2871 2873
5709 2 2 1 1 2934 2913 2939
5710 2 2 1 1 2934 2939 2939
5711 2 2 1 1 2934 2939 2936
5712 2 2 1 1 2934 2936 2935
5713 2 2 1 1 2940 2913 2945
5714 2 2 1 1 2940 2945 2945
5715 2 2 1 1 2940 2945 2943
5716 2 2 1 1 2940 2943 2941
5717 2 2 1 1 2942 2944 2865
5718 2 2 1 1 2942 2865 2867
5719 2 2 1 1 2945 2946 2950
5720 2 2 1 1 2945 2950 2943
5721 2 2 1 1 2943 2950 2947
5722 2 2 1 1 2943 2947 2944
5723 2 2 1 1 2946 2913 2948
5724 2 2 1 1 2946 2948 2948
5725 2 2 1 1 2950 2949 2954
5726 2 2 1 1 2950 2954 2947
5727 2 2 1 1 2947 2954 2861
5728 2 2 1 1 2947 2861 2863
5729 2 2 1 1 2948 2951 2952
5730 2 2 1 1 2948 2952 2949
5731 2 2 1 1 2 2958 2959
5732 2 2 1 1 2 2959 3
5733 2 2 1 1 2958 2960 2961
5734 2 2 1 1 2958 2961 2959
5735 2 2 1 1 2960 2962 2963
5736 2 2 1 1 2960 2963 2961
5737 2 2 1 1 2962 2964 2965
5738 2 2 1 1 2962 2965 2963
5739 2 2 1 1 2964 2966 2967
5740 2 2 1 1 2964 2967 2965
5741 2 2 1 1 2966 2968 2969
5742 2 2 1 1 2966 2969 2967
5743 2 2 1 1 2968 2911 2909
5744 2 2 1 1 2968 2909 2969
5745 2 2 1 1 3 2959 2970
5746 2 2 1 1 3 2970 5
5747 2 2 1 1 2959 2961 2971
5748 2 2 1 1 2959 2971 2970
5749 2 2 1 1 2961 2963 2972
5750 2 2 1 1 2961 2972 2971
5751 2 2 1 1 2963 2965 2973
5752 2 2 1 1 2963 2973 2972
5753 2 2 1 1 2965 2967 2974
5754 2 2 1 1 2965 2974 2973
5755 2 2 1 1 2967 2969 2975
5756 2 2 1 1 2967 2975 2974
5757 2 2 1 1 2969 2909 2907
5758 2 2 1 1 2969 2907 2975
5759 2 2 1 1 5 2970 2976
5760 2 2 1 1 5 2976 7
5761 2 2 1 1 2970 2971 2977
5762 2 2 1 1 2970 2977 2976
5763 2 2 1 1 2971 2972 2978
5764 2 2 1 1 2971 2978 2977
5765 2 2 1 1 2972 2973 2979
5766 2 2 1 1 2972 2979 2978
5767 2 2 1 1 2973 2974 2980
5768 2 2 1 1 2973 2980 2979
5769 2 2 1 1 2974 2975 2981
5770 2 2 1 1 2974 2981 2980
5771 2 2 1 1 2975 2907 2905
5772 2 2 1 1 2975 2905 2981
5773 2 2 1 1 7 2976 2982
5774 2 2 1 1 7 2982 9
5775 2 2 1 1 2976 2977 2983
5776 2 2 1 1 2976 2983 2982
5777 2 2 1 1 2977 2978 2984
5778 2 2 1 1 2977 2984 2983
5779 2 2 1 1 2978 2979 2985
5780 2 2 1 1 2978 2985 2984
5781 2 2 1 1 2979 2980 2986
5782 2 2 1 1 2979 2986 2985
5783 2 2 1 1 2980 2981 2987
5784 2 2 1 1 2980 2987 2986
5785 2 2 1 1 2981 2905 2903
5786 2 2 1 1 2981 2903 2987
5787 2 2 1 1 9 2982 2988
5788 2 2 1 1 9 2988 11
5789 2 2 1 1 2982 2983 2989
5790 2 2 1 1 2982 2989 2988
5791 2 2 1 1 2983 2984 2990
5792 2 2 1 1 2983 2990 2989
5793 2 2 1 1 2984 2985 2991
5794 2 2 1 1 2984 2991 2990
5795 2 2 1 1 2985 2986 2992
5796 2 2 1 1 2985 2992 2991
5797 2 2 1 1 2986 2987 2993
5798 2 2 1 1 2986 2993 2992
5799 2 2 1 1 2987 2903 2901
5800 2 2 1 1 2987 2901 2993
5801 2 2 1 1 11 2988 2994
5802 2 2 1 1 11 2994 13
5803 2 2 1 1 2988 2989 2995
5804 2 2 1 1 2988 2995 2994
5805 2 2 1 1 2989 2990 2996
5806 2 2 1 1 2989 2996 2995
5807 2 2 1 1 2990 2991 2997
5808 2 2 1 1 2990 2997 2996
5809 2 2 1 1 2991 2992 2998
5810 2 2 1 1 2991 2998 2997
5811 2 2 1 1 2992 2993 2999
5812 2 2 1 1 2992 2999 2998
5813 2 2 1 1 2993 2901 2899
5814 2 2 1 1 2993 2899 2999
5815 2 2 1 1 13 2994 3000
5816 2 2 1 1 13 3000 15
5817 2 2 1 1 2994 2995 3001
5818 2 2 1 1 2994 3001 3000
5819 2 2 1 1 2995 2996 3002
5820 2 2 1 1 2995 3002 3001
5821 2 2 1 1 2996 2997 3003
5822 2 2 1 1 2996 3003 3002
5823 2 2 1 1 2997 2998 3004
5824 2 2 1 1 2997 3004 3003
5825 2 2 1 1 2998 2999 3005
5826 2 2 1 1 2998 3005 3004
5827 2 2 1 1 2999 2899 2897
5828 2 2 1 1 2999 2897 3005
5829 2 2 1 1 15 3000 3006
5830 2 2 1 1 15 3006 17
5831 2 2 1 1 3000 3001 3007
5832 2 2 1 1 3000 3007 3006
5833 2 2 1 1 3001 3002 3008
5834 2 2 1 1 3001 3008 3007
5835 2 2 1 1 3002 3003 3009
5836 2 2 1 1 3002 3009 3008
5837 2 2 1 1 3003 3004 3010
5838 2 2 1 1 3003 3010 3009
5839 2 2 1 1 3004 3005 3011
5840 2 2 1 1 3004 3011 3010
5841 2 2 1 1 3005 2897 2895
5842 2 2 1 1 3005 2895 3011
5843 2 2 1 1 17 3006 3012
5844 2 2 1 1 17 3012 19
5845 2 2 1 1 3006 3007 3013
5846 2 2 1 1 3006 3013 3012
5847 2 2 1 1 3007 3008 3014
5848 2 2 1 1 3007 3014 3013
5849 2 2 1 1 3008 3009 3015
5850 2 2 1 1 3008 3015 3014
5851 2 2 1 1 3009 3010 3016
5852 2 2 1 1 3009 3016 3015
5853 2 2 1 1 3010 3011 3017
5854 2 2 1 1 3010 3017 3016
5855 2 2 1 1 3011 2895 2893
5856 2 2 1 1 3011 2893 3017
5857 2 2 1 1 19 3012 3018
5858 2 2 1 1 19 3018 21
5859 2 2 1 1 3012 3013 3019
5860 2 2 1 1 3012 3019 3018
5861 2 2 1 1 3013 3014 3020
5862 2 2 1 1 3013 3020 3019
5863 2 2 1 1 3014 3015 3021
5864 2 2 1 1 3014 3021 3020
5865 2 2 1 1 3015 3016 3022
5866 2 2 1 1 3015 3022 3021
5867 2 2 1 1 3016 3017 3023
5868 2 2 1 1 3016 3023 3022
5869 2 2 1 1 3017 2893 2891
5870 2 2 1 1 3017 2891 3023
5871 2 2 1 1 21 3018 3024
5872 2 2 1 1 21 3024 23
5873 2 2 1 1 3018 3019 3025
5874 2 2 1 1 3018 3025 3024
5875 2 2 1 1 3019 3020 3026
5876 2 2 1 1 3019 3026 3025
5877 2 2 1 1 3020 3021 3027
5878 2 2 1 1 3020 3027 3026
5879 2 2 1 1 3021 3022 3028
5880 2 2 1 1 3021 3028 3027
5881 2 2 1 1 3022 3023 3029
5882 2 2 1 1 3022 3029 3028
5883 2 2 1 1 3023 2891 2889
5884 2 2 1 1 3023 2889 3029
5885 2 2 1 1 23 3024 3030
5886 2 2 1 1 23 3030 25
5887 2 2 1 1 3024 3025 3031
5888 2 2 1 1 3024 3031 3030
5889 2 2 1 1 3025 3026 3032
5890 2 2 1 1 3025 3032 3031
5891 2 2 1 1 3026 3027 3033
5892 2 2 1 1 3026 3033 3032
5893 2 2 1 1 3027 3028 3034
5894 2 2 1 1 3027 3034 3033
5895 2 2 1 1 3028 3029 3035
5896 2 2 1 1 3028 3035 3034
5897 2 2 1 1 3029 2889 2887
5898 2 2 1 1 3029 2887 3035
5899 2 2 1 1 25 3030 3036
5900 2 2 1 1 25 3036 27
5901 2 2 1 1 3030 3031 3037
5902 2 2 1 1 3030 3037 3036
5903 2 2 1 1 3031 3032 3038
5904 2 2 1 1 3031 3038 3037
5905 2 2 1 1 3032 3033 3039
5906 2 2 1 1 3032 3039 3038
5907 2 2 1 1 3033 3034 3040
5908 2 2 1 1 3033 3040 3039
5909 2 2 1 1 3034 3035 3041
5910 2 2 1 1 3034 3041 3040
5911 2 2 1 1 3035 2887 2884
5912 2 2 1 1 3035 2884 3041
5913 2 2 1 1 27 3036 3042
5914 2 2 1 1 27 3042 29
5915 2 2 1 1 3036 3037 3043
5916 2 2 1 1 3036 3043 3042
5917 2 2 1 1 3037 3038 3044
5918 2 2 1 1 3037 3044 3043
5919 2 2 1 1 3038 3039 3045
5920 2 2 1 1 3038 3045 3044
5921 2 2 1 1 3039 3040 3046
5922 2 2 1 1 3039 3046 3045
5923 2 2 1 1 3040 3041 3047
5924 2 2 1 1 3040 3047 3046
5925 2 2 1 1 3041 2884 2885
5926 2 2 1 1 3041 2885 3047
5927 2 2 1 1 3048 3049 3050
5928 2 2 1 1 3048 3050 3051
5929 2 2 1 1 3052 3053 3054
5930 2 2 1 1 3052 3054 3055
5931 2 2 1 1 3055 3054 3056
5932 2 2 1 1 3055 3056 3057
5933 2 2 1 1 3057 3056 3058
5934 2 2 1 1 3057 3058 3059
5935 2 2 1 1 3059 3058 3060
5936 2 2 1 1 3059 3060 3061
5937 2 2 1 1 3061 3060 3062
5938 2 2 1 1 3061 3062 3063
5939 2 2 1 1 3063 3062 3064
5940 2 2 1 1 3063 3064 3065
5941 2 2 1 1 3053 3066 3067
5942 2 2 1 1 3053 3067 3054
5943 2 2 1 1 3054 3067 3068
5944 2 2 1 1 3054 3068 3056
5945 2 2 1 1 3056 3068 3069
5946 2 2 1 1 3056 3069 3058
5947 2 2 1 1 3058 3069 3070
5948 2 2 1 1 3058 3070 3060
5949 2 2 1 1 3060 3070 3071
5950 2 2 1 1 3060 3071 3062
5951 2 2 1 1 3062 3071 3072
5952 2 2 1 1 3062 3072 3064
5953 2 2 1 1 3066 3073 3074
5954 2 2 1 1 3066 3074 3067
5955 2 2 1 1 3067 3074 3075
5956 2 2 1 1 3067 3075 3068
5957 2 2 1 1 3068 3075 3076
5958 2 2 1 1 3068 3076 3069
5959 2 2 1 1 3069 3076 3077
5960 2 2 1 1 3069 3077 3070
5961 2 2 1 1 3070 3077 3078
5962 2 2 1 1 3070 3078 3071
5963 2 2 1 1 3071 3078 3079
5964 2 2 1 1 3071 3079 3072
5965 2 2 1 1 3080 3081 3082
5966 2 2 1 1 3080 3082 3073
5967 2 2 1 1 3073 3082 3083
5968 2 2 1 1 3073 3083 3074
5969 2 2 1 1 3074 3083 3084
5970 2 2 1 1 3074 3084 3075
5971 2 2 1 1 3075 3084 3085
5972 2 2 1 1 3075 3085 3076
5973 2 2 1 1 3076 3085 3086
5974 2 2 1 1 3076 3086 3077
5975 2 2 1 1 3077 3086 3087
5976 2 2 1 1 3077 3087 3078
5977 2 2 1 1 3078 3087 3088
5978 2 2 1 1 3078 3088 3079
5979 2 2 1 1 3081 3089 3090
5980 2 2 1 1 3081 3090 3082
5981 2 2 1 1 3082 3090 3091
5982 2 2 1 1 3082 3091 3083
5983 2 2 1 1 3083 3091 3092
5984 2 2 1 1 3083 3092 3084
5985 2 2 1 1 3084 3092 3093
5986 2 2 1 1 3084 3093 3085
5987 2 2 1 1 3085 3093 3094
5988 2 2 1 1 3085 3094 3086
5989 2 2 1 1 3086 3094 3095
5990 2 2 1 1 3086 3095 3087
5991 2 2 1 1 3087 3095 3096
5992 2 2 1 1 3087 3096 3088
5993 2 2 1 1 3097 3098 3099
5994 2 2 1 1 3097 3099 3100
5995 2 2 1 1 3098 3101 3102
5996 2 2 1 1 3098 3102 3099
5997 2 2 1 1 3101 3103 3104
5998 2 2 1 1 3101 3104 3102
5999 2 2 1 1 3103 3105 3106
6000 2 2 1 1 3103 3106 3104
6001 2 2 1 1 3105 3107 3108
6002 2 2 1 1 3105 3108 3106
6003 2 2 1 1 3107 3109 3110
6004 2 2 1 1 3107 3110 3108
6005 2 2 1 1 3109 3111 3112
6006 2 2 1 1 3109 3112 3110
6007 2 2 1 1 3100 3099 3113
6008 2 2 1 1 3100 3113 3114
6009 2 2 1 1 3099 3102 3115
6010 2 2 1 1 3099 3115 3113
6011 2 2 1 1 3102 3104 3116
6012 2 2 1 1 3102 3116 3115
6013 2 2 1 1 3104 3106 3117
6014 2 2 1 1 3104 3117 3116
6015 2 2 1 1 3106 3108 3118
6016 2 2 1 1 3106 3118 3117
6017 2 2 1 1 3108 3110 3119
6018 2 2 1 1 3108 3119 3118
6019 2 2 1 1 3110 3112 3120
6020 2 2 1 1 3110 3120 3119
6021 2 2 1 1 3114 3113 3121
6022 2 2 1 1 3114 3121 3122
6023 2 2 1 1 3113 3115 3123
6024 2 2 1 1 3113 3123 3121
6025 2 2 1 1 3115 3116 3124
6026 2 2 1 1 3115 3124 3123
6027 2 2 1 1 3116 3117 3125
6028 2 2 1 1 3116 3125 3124
6029 2 2 1 1 3117 3118 3126
6030 2 2 1 1 3117 3126 3125
6031 2 2 1 1 3118 3119 3127
6032 2 2 1 1 3118 3127 3126
6033 2 2 1 1 3119 3120 3128
6034 2 2 1 1 3119 3128 3127
6035 2 2 1 1 3122 3121 3129
6036 2 2 1 1 3122 3129 3130
6037 2 2 1 1 3121 3123 3131
6038 2 2 1 1 3121 3131 3129
6039 2 2 1 1 3123 3124 3132
6040 2 2 1 1 3123 3132 3131
6041 2 2 1 1 3124 3125 3133
6042 2 2 1 1 3124 3133 3132
6043 2 2 1 1 3125 3126 3134
6044 2 2 1 1 3125 3134 3133
6045 2 2 1 1 3126 3127 3135
6046 2 2 1 1 3126 3135 3134
6047 2 2 1 1 3127 3128 3136
6048 2 2 1 1 3127 3136 3135
6049 2 2 1 1 3130 3129 3090
6050 2 2 1 1 3130 3090 3089
6051 2 2 1 1 3129 3131 3091
6052 2 2 1 1 3129 3091 3090
6053 2 2 1 1 3131 3132 3092
6054 2 2 1 1 3131 3092 3091
6055 2 2 1 1 3132 3133 3093
6056 2 2 1 1 3132 3093 3092
6057 2 2 1 1 3133 3134 3094
6058 2 2 1 1 3133 3094 3093
6059 2 2 1 1 3134 3135 3095
6060 2 2 1 1 3134 3095 3094
6061 2 2 1 1 3135 3136 3096
6062 2 2 1 1 3135 3096 3095
6063 2 2 1 1 3097 3137 3138
6064 2 2 1 1 3097 3138 3098
6065 2 2 1 1 3098 3138 3139
6066 2 2 1 1 3098 3139 3101
6067 2 2 1 1 3101 3139 3140
6068 2 2 1 1 3101 3140 3103
6069 2 2 1 1 3103 3140 3141
6070 2 2 1 1 3103 3141 3105
6071 2 2 1 1 3105 3141 3142
6072 2 2 1 1 3105 3142 3107
6073 2 2 1 1 3107 3142 3143
6074 2 2 1 1 3107 3143 3109
6075 2 2 1 1 3109 3143 3144
6076 2 2 1 1 3109 3144 3111
6077 2 2 1 1 3137 3145 3146
6078 2 2 1 1 3137 3146 3138
6079 2 2 1 1 3138 3146 3147
6080 2 2 1 1 3138 3147 3139
6081 2 2 1 1 3139 3147 3148
6082 2 2 1 1 3139 3148 3140
6083 2 2 1 1 3140 3148 3149
6084 2 2 1 1 3140 3149 3141
6085 2 2 1 1 3141 3149 3150
6086 2 2 1 1 3141 3150 3142
6087 2 2 1 1 3142 3150 3151
6088 2 2 1 1 3142 3151 3143
6089 2 2 1 1 3143 3151 3152
6090 2 2 1 1 3143 3152 3144
6091 2 2 1 1 3145 3153 3154
6092 2 2 1 1 3145 3154 3146
6093 2 2 1 1 3146 3154 3155
6094 2 2 1 1 3146 3155 3147
6095 2 2 1 1 3147 3155 3156
6096 2 2 1 1 3147 3156 3148
6097 2 2 1 1 3148 3156 3157
6098 2 2 1 1 3148 3157 3149
6099 2 2 1 1 3149 3157 3158
6100 2 2 1 1 3149 3158 3150
6101 2 2 1 1 3150 3158 3159
6102 2 2 1 1 3150 3159 3151
6103 2 2 1 1 3151 3159 3160
6104 2 2 1 1 3151 3160 3152
6105 2 2 1 1 3154 3161 3162
6106 2 2 1 1 3154 3162 3155
6107 2 2 1 1 3155 3162 3163
6108 2 2 1 1 3155 3163 3156
6109 2 2 1 1 3156 3163 3164
6110 2 2 1 1 3156 3164 3157
6111 2 2 1 1 3157 3164 3165
6112 2 2 1 1 3157 3165 3158
6113 2 2 1 1 3158 3165 3166
6114 2 2 1 1 3158 3166 3159
6115 2 2 1 1 3159 3166 3167
6116 2 2 1 1 3159 3167 3160
6117 2 2 1 1 3168 3169 3170
6118 2 2 1 1 3168 3170 3161
6119 2 2 1 1 3161 3170 3171
6120 2 2 1 1 3161 3171 3162
6121 2 2 1 1 3162 3171 3172
6122 2 2 1 1 3162 3172 3163
6123 2 2 1 1 3163 3172 3173
6124 2 2 1 1 3163 3173 3164
6125 2 2 1 1 3164 3173 3174
6126 2 2 1 1 3164 3174 3165
6127 2 2 1 1 3165 3174 3175
6128 2 2 1 1 3165 3175 3166
6129 2 2 1 1 3166 3175 3176
6130 2 2 1 1 3166 3176 3167
6131 2 2 1 1 3177 3178 3179
6132 2 2 1 1 3177 3179 3179
6133 2 2 1 1 3179 3180 3181
6134 2 2 1 1 3179 3181 3177
6135 2 2 1 1 3180 3182 3183
6136 2 2 1 1 3180 3183 3181
6137 2 2 1 1 3182 3184 3185
6138 2 2 1 1 3182 3185 3183
6139 2 2 1 1 3186 3178 3177
6140 2 2 1 1 3186 3177 3177
6141 2 2 1 1 3177 3181 3187
6142 2 2 1 1 3177 3187 3186
6143 2 2 1 1 3181 3183 3188
6144 2 2 1 1 3181 3188 3187
6145 2 2 1 1 3183 3185 3189
6146 2 2 1 1 3183 3189 3188
6147 2 2 1 1 3190 3178 3186
6148 2 2 1 1 3190 3186 3186
6149 2 2 1 1 3186 3187 3191
6150 2 2 1 1 3186 3191 3190
6151 2 2 1 1 3187 3188 3192
6152 2 2 1 1 3187 3192 3191
6153 2 2 1 1 3188 3189 3193
6154 2 2 1 1 3188 3193 3192
6155 2 2 1 1 3194 3178 3190
6156 2 2 1 1 3194 3190 3190
6157 2 2 1 1 3190 3191 3195
6158 2 2 1 1 3190 3195 3194
6159 2 2 1 1 3191 3192 3196
6160 2 2 1 1 3191 3196 3195
6161 2 2 1 1 3192 3193 3197
6162 2 2 1 1 3192 3197 3196
6163 2 2 1 1 3198 3178 3194
6164 2 2 1 1 3198 3194 3194
6165 2 2 1 1 3194 3195 3199
6166 2 2 1 1 3194 3199 3198
6167 2 2 1 1 3195 3196 3200
6168 2 2 1 1 3195 3200 3199
6169 2 2 1 1 3196 3197 3050
6170 2 2 1 1 3196 3050 3200
6171 2 2 1 1 3201 3178 3202
6172 2 2 1 1 3201 3202 3202
6173 2 2 1 1 3201 3202 3203
6174 2 2 1 1 3201 3203 3204
6175 2 2 1 1 3204 3203 3205
6176 2 2 1 1 3204 3205 3206
6177 2 2 1 1 3206 3205 3207
6178 2 2 1 1 3206 3207 3208
6179 2 2 1 1 3202 3178 3209
6180 2 2 1 1 3202 3209 3209
6181 2 2 1 1 3202 3209 3210
6182 2 2 1 1 3202 3210 3203
6183 2 2 1 1 3203 3210 3211
6184 2 2 1 1 3203 3211 3205
6185 2 2 1 1 3205 3211 3212
6186 2 2 1 1 3205 3212 3207
6187 2 2 1 1 3209 3178 3213
6188 2 2 1 1 3209 3213 3213
6189 2 2 1 1 3209 3213 3214
6190 2 2 1 1 3209 3214 3210
6191 2 2 1 1 3210 3214 3215
6192 2 2 1 1 3210 3215 3211
6193 2 2 1 1 3211 3215 3216
6194 2 2 1 1 3211 3216 3212
6195 2 2 1 1 3213 3178 3217
6196 2 2 1 1 3213 3217 3217
6197 2 2 1 1 3213 3217 3218
6198 2 2 1 1 3213 3218 3214
6199 2 2 1 1 3214 3218 3219
6200 2 2 1 1 3214 3219 3215
6201 2 2 1 1 3215 3219 3049
6202 2 2 1 1 3215 3049 3216
6203 2 2 1 1 3217 3178 3198
6204 2 2 1 1 3217 3198 3198
6205 2 2 1 1 3217 3198 3199
6206 2 2 1 1 3217 3199 3218
6207 2 2 1 1 3218 3199 3200
6208 2 2 1 1 3218 3200 3219
6209 2 2 1 1 3219 3200 3050
6210 2 2 1 1 3219 3050 3049
6211 2 2 1 1 3220 3178 3201
6212 2 2 1 1 3220 3201 3201
6213 2 2 1 1 3201 3204 3221
6214 2 2 1 1 3201 3221 3220
6215 2 2 1 1 3204 3206 3222
6216 2 2 1 1 3204 3222 3221
6217 2 2 1 1 3206 3208 3223
6218 2 2 1 1 3206 3223 3222
6219 2 2 1 1 3224 3178 3220
6220 2 2 1 1 3224 3220 3220
6221 2 2 1 1 3220 3221 3225
6222 2 2 1 1 3220 3225 3224
6223 2 2 1 1 3221 3222 3226
6224 2 2 1 1 3221 3226 3225
6225 2 2 1 1 3222 3223 3227
6226 2 2 1 1 3222 3227 3226
6227 2 2 1 1 3228 3178 3224
6228 2 2 1 1 3228 3224 3224
6229 2 2 1 1 3224 3225 3229
6230 2 2 1 1 3224 3229 3228
6231 2 2 1 1 3225 3226 3230
6232 2 2 1 1 3225 3230 3229
6233 2 2 1 1 3226 3227 3231
6234 2 2 1 1 3226 3231 3230
6235 2 2 1 1 3232 3178 3228
6236 2 2 1 1 3232 3228 3228
6237 2 2 1 1 3228 3229 3233
6238 2 2 1 1 3228 3233 3232
6239 2 2 1 1 3229 3230 3234
6240 2 2 1 1 3229 3234 3233
6241 2 2 1 1 3230 3231 3235
6242 2 2 1 1 3230 3235 3234
6243 2 2 1 1 3236 3178 3232
6244 2 2 1 1 3236 3232 3232
6245 2 2 1 1 3232 3233 3237
6246 2 2 1 1 3232 3237 3236
6247 2 2 1 1 3233 3234 3238
6248 2 2 1 1 3233 3238 3237
6249 2 2 1 1 3234 3235 3239
6250 2 2 1 1 3234 3239 3238
6251 2 2 1 1 3240 3241 3242
6252 2 2 1 1 3240 3242 3243
6253 2 2 1 1 3167 3176 3241
6254 2 2 1 1 3167 3241 3240
6255 2 2 1 1 3244 3240 3243
6256 2 2 1 1 3244 3243 3245
6257 2 2 1 1 3160 3167 3240
6258 2 2 1 1 3160 3240 3244
6259 2 2 1 1 3246 3244 3245
6260 2 2 1 1 3246 3245 3247
6261 2 2 1 1 3152 3160 3244
6262 2 2 1 1 3152 3244 3246
6263 2 2 1 1 3248 3246 3247
6264 2 2 1 1 3248 3247 3249
6265 2 2 1 1 3144 3152 3246
6266 2 2 1 1 3144 3246 3248
6267 2 2 1 1 3250 3248 3249
6268 2 2 1 1 3250 3249 3251
6269 2 2 1 1 3111 3144 3248
6270 2 2 1 1 3111 3248 3250
6271 2 2 1 1 3252 3253 3254
6272 2 2 1 1 3252 3254 3255
6273 2 2 1 1 3136 3252 3255
6274 2 2 1 1 3136 3255 3096
6275 2 2 1 1 3256 3257 3253
6276 2 2 1 1 3256 3253 3252
6277 2 2 1 1 3128 3256 3252
6278 2 2 1 1 3128 3252 3136
6279 2 2 1 1 3258 3259 3257
6280 2 2 1 1 3258 3257 3256
6281 2 2 1 1 3120 3258 3256
6282 2 2 1 1 3120 3256 3128
6283 2 2 1 1 3260 3261 3259
6284 2 2 1 1 3260 3259 3258
6285 2 2 1 1 3112 3260 3258
6286 2 2 1 1 3112 3258 3120
6287 2 2 1 1 3250 3251 3261
6288 2 2 1 1 3250 3261 3260
6289 2 2 1 1 3111 3250 3260
6290 2 2 1 1 3111 3260 3112
6291 2 2 1 1 3262 3255 3254
6292 2 2 1 1 3262 3254 3263
6293 2 2 1 1 3088 3096 3255
6294 2 2 1 1 3088 3255 3262
6295 2 2 1 1 3264 3262 3263
6296 2 2 1 1 3264 3263 3265
6297 2 2 1 1 3079 3088 3262
6298 2 2 1 1 3079 3262 3264
6299 2 2 1 1 3266 3264 3265
6300 2 2 1 1 3266 3265 3267
6301 2 2 1 1 3072 3079 3264
6302 2 2 1 1 3072 3264 3266
6303 2 2 1 1 3268 3266 3267
6304 2 2 1 1 3268 3267 3269
6305 2 2 1 1 3064 3072 3266
6306 2 2 1 1 3064 3266 3268
6307 2 2 1 1 3270 3268 3269
6308 2 2 1 1 3270 3269 3271
6309 2 2 1 1 3065 3064 3268
6310 2 2 1 1 3065 3268 3270
6311 2 2 1 1 3271 3269 3272
6312 2 2 1 1 3271 3272 3273
6313 2 2 1 1 3269 3267 3274
6314 2 2 1 1 3269 3274 3272
6315 2 2 1 1 3267 3265 3275
6316 2 2 1 1 3267 3275 3274
6317 2 2 1 1 3265 3263 3276
6318 2 2 1 1 3265 3276 3275
6319 2 2 1 1 3263 3254 3051
6320 2 2 1 1 3263 3051 3276
6321 2 2 1 1 3251 3277 3278
6322 2 2 1 1 3251 3278 3261
6323 2 2 1 1 3261 3278 3279
6324 2 2 1 1 3261 3279 3259
6325 2 2 1 1 3259 3279 3280
6326 2 2 1 1 3259 3280 3257
6327 2 2 1 1 3257 3280 3048
6328 2 2 1 1 3257 3048 3253
6329 2 2 1 1 3253 3048 3051
6330 2 2 1 1 3253 3051 3254
6331 2 2 1 1 3251 3249 3281
6332 2 2 1 1 3251 3281 3277
6333 2 2 1 1 3249 3247 3282
6334 2 2 1 1 3249 3282 3281
6335 2 2 1 1 3247 3245 3283
6336 2 2 1 1 3247 3283 3282
6337 2 2 1 1 3245 3243 3284
6338 2 2 1 1 3245 3284 3283
6339 2 2 1 1 3243 3242 3285
6340 2 2 1 1 3243 3285 3284
6341 2 2 1 1 3273 3272 3185
6342 2 2 1 1 3273 3185 3184
6343 2 2 1 1 3272 3274 3189
6344 2 2 1 1 3272 3189 3185
6345 2 2 1 1 3274 3275 3193
6346 2 2 1 1 3274 3193 3189
6347 2 2 1 1 3275 3276 3197
6348 2 2 1 1 3275 3197 3193
6349 2 2 1 1 3280 3216 3049
6350 2 2 1 1 3280 3049 3048
6351 2 2 1 1 3276 3051 3050
6352 2 2 1 1 3276 3050 3197
6353 2 2 1 1 3279 3212 3216
6354 2 2 1 1 3279 3216 3280
6355 2 2 1 1 3278 3207 3212
6356 2 2 1 1 3278 3212 3279
6357 2 2 1 1 3277 3208 3207
6358 2 2 1 1 3277 3207 3278
6359 2 2 1 1 3277 3281 3223
6360 2 2 1 1 3277 3223 3208
6361 2 2 1 1 3281 3282 3227
6362 2 2 1 1 3281 3227 3223
6363 2 2 1 1 3282 3283 3231
6364 2 2 1 1 3282 3231 3227
6365 2 2 1 1 3283 3284 3235
6366 2 2 1 1 3283 3235 3231
6367 2 2 1 1 3284 3285 3239
6368 2 2 1 1 3284 3239 3235
6369 2 2 1 1 3153 3168 3161
6370 2 2 1 1 3153 3161 3154
6371 2 2 1 1 3286 3287 2156
6372 2 2 1 1 3286 2156 2156
6373 2 2 1 1 3287 3286 625
6374 2 2 1 1 3287 625 625
6375 2 2 1 1 625 2712 3287
6376 2 2 1 1 625 3287 3287
6377 2 2 1 1 3288 1364 3289
6378 2 2 1 1 3288 3289 3289
6379 2 2 1 1 3290 3291 3288
6380 2 2 1 1 3290 3288 3289
6381 2 2 1 1 3292 3293 3291
6382 2 2 1 1 3292 3291 3290
6383 2 2 1 1 3294 3295 3293
6384 2 2 1 1 3294 3293 3292
6385 2 2 1 1 3296 2833 3295
6386 2 2 1 1 3296 3295 3294
6387 2 2 1 1 3297 1966 3298
6388 2 2 1 1 3297 3298 3298
6389 2 2 1 1 3299 3297 3298
6390 2 2 1 1 3299 3298 3300
6391 2 2 1 1 3301 3299 3300
6392 2 2 1 1 3301 3300 3302
6393 2 2 1 1 3303 3301 3302
6394 2 2 1 1 3303 3302 3304
6395 2 2 1 1 3298 1966 3305
6396 2 2 1 1 3298 3305 3305
6397 2 2 1 1 3305 1966 2802
6398 2 2 1 1 3305 2802 2802
6399 2 2 1 1 3306 3307 3298
6400 2 2 1 1 3306 3298 3305
6401 2 2 1 1 3308 3306 3305
6402 2 2 1 1 3308 3305 2802
6403 2 2 1 1 3309 3310 3307
6404 2 2 1 1 3309 3307 3306
6405 2 2 1 1 3311 3309 3306
6406 2 2 1 1 3311 3306 3308
6407 2 2 1 1 3312 3313 3310
6408 2 2 1 1 3312 3310 3309
6409 2 2 1 1 3314 3312 3309
6410 2 2 1 1 3314 3309 3311
6411 2 2 1 1 3315 3316 3317
6412 2 2 1 1 3315 3317 3317
6413 2 2 1 1 3318 3315 3317
6414 2 2 1 1 3318 3317 3319
6415 2 2 1 1 3320 3318 3319
6416 2 2 1 1 3320 3319 3321
6417 2 2 1 1 3291 3320 3321
6418 2 2 1 1 3291 3321 3288
6419 2 2 1 1 3322 3316 3315
6420 2 2 1 1 3322 3315 3315
6421 2 2 1 1 3323 3322 3315
6422 2 2 1 1 3323 3315 3318
6423 2 2 1 1 3324 3323 3318
6424 2 2 1 1 3324 3318 3320
6425 2 2 1 1 3293 3324 3320
6426 2 2 1 1 3293 3320 3291
6427 2 2 1 1 3325 3316 3322
6428 2 2 1 1 3325 3322 3322
6429 2 2 1 1 3326 3325 3322
6430 2 2 1 1 3326 3322 3323
6431 2 2 1 1 3327 3326 3323
6432 2 2 1 1 3327 3323 3324
6433 2 2 1 1 3295 3327 3324
6434 2 2 1 1 3295 3324 3293
6435 2 2 1 1 3328 3316 3325
6436 2 2 1 1 3328 3325 3325
6437 2 2 1 1 3329 3328 3325
6438 2 2 1 1 3329 3325 3326
6439 2 2 1 1 3330 3329 3326
6440 2 2 1 1 3330 3326 3327
6441 2 2 1 1 2833 3330 3327
6442 2 2 1 1 2833 3327 3295
6443 2 2 1 1 3331 3316 3328
6444 2 2 1 1 3331 3328 3328
6445 2 2 1 1 3332 3331 3328
6446 2 2 1 1 3332 3328 3329
6447 2 2 1 1 3333 3332 3329
6448 2 2 1 1 3333 3329 3330
6449 2 2 1 1 2810 3333 3330
6450 2 2 1 1 2810 3330 2833
6451 2 2 1 1 3334 3316 3331
6452 2 2 1 1 3334 3331 3331
6453 2 2 1 1 3335 3334 3331
6454 2 2 1 1 3335 3331 3332
6455 2 2 1 1 3336 3335 3332
6456 2 2 1 1 3336 3332 3333
6457 2 2 1 1 2839 3336 3333
6458 2 2 1 1 2839 3333 2810
6459 2 2 1 1 3337 3316 3334
6460 2 2 1 1 3337 3334 3334
6461 2 2 1 1 3338 3337 3334
6462 2 2 1 1 3338 3334 3335
6463 2 2 1 1 3339 3338 3335
6464 2 2 1 1 3339 3335 3336
6465 2 2 1 1 3304 3339 3336
6466 2 2 1 1 3304 3336 2839
6467 2 2 1 1 3340 3316 3337
6468 2 2 1 1 3340 3337 3337
6469 2 2 1 1 3341 3340 3337
6470 2 2 1 1 3341 3337 3338
6471 2 2 1 1 3342 3341 3338
6472 2 2 1 1 3342 3338 3339
6473 2 2 1 1 3302 3342 3339
6474 2 2 1 1 3302 3339 3304
6475 2 2 1 1 3343 3316 3340
6476 2 2 1 1 3343 3340 3340
6477 2 2 1 1 3344 3343 3340
6478 2 2 1 1 3344 3340 3341
6479 2 2 1 1 3345 3344 3341
6480 2 2 1 1 3345 3341 3342
6481 2 2 1 1 3300 3345 3342
6482 2 2 1 1 3300 3342 3302
6483 2 2 1 1 3346 3316 3343
6484 2 2 1 1 3346 3343 3343
6485 2 2 1 1 3347 3346 3343
6486 2 2 1 1 3347 3343 3344
6487 2 2 1 1 3348 3347 3344
6488 2 2 1 1 3348 3344 3345
6489 2 2 1 1 3298 3348 3345
6490 2 2 1 1 3298 3345 3300
6491 2 2 1 1 3349 3316 3346
6492 2 2 1 1 3349 3346 3346
6493 2 2 1 1 3350 3349 3346
6494 2 2 1 1 3350 3346 3347
6495 2 2 1 1 3351 3350 3347
6496 2 2 1 1 3351 3347 3348
6497 2 2 1 1 3307 3351 3348
6498 2 2 1 1 3307 3348 3298
6499 2 2 1 1 3352 3316 3349
6500 2 2 1 1 3352 3349 3349
6501 2 2 1 1 3353 3352 3349
6502 2 2 1 1 3353 3349 3350
6503 2 2 1 1 3354 3353 3350
6504 2 2 1 1 3354 3350 3351
6505 2 2 1 1 3310 3354 3351
6506 2 2 1 1 3310 3351 3307
6507 2 2 1 1 3355 3316 3352
6508 2 2 1 1 3355 3352 3352
6509 2 2 1 1 3356 3355 3352
6510 2 2 1 1 3356 3352 3353
6511 2 2 1 1 3357 3356 3353
6512 2 2 1 1 3357 3353 3354
6513 2 2 1 1 3313 3357 3354
6514 2 2 1 1 3313 3354 3310
6515 2 2 1 1 3358 3316 3355
6516 2 2 1 1 3358 3355 3355
6517 2 2 1 1 3359 3358 3355
6518 2 2 1 1 3359 3355 3356
6519 2 2 1 1 3360 3359 3356
6520 2 2 1 1 3360 3356 3357
6521 2 2 1 1 2856 3360 3357
6522 2 2 1 1 2856 3357 3313
6523 2 2 1 1 3361 3316 3358
6524 2 2 1 1 3361 3358 3358
6525 2 2 1 1 3362 3361 3358
6526 2 2 1 1 3362 3358 3359
6527 2 2 1 1 3363 3362 3359
6528 2 2 1 1 3363 3359 3360
6529 2 2 1 1 2132 3363 3360
6530 2 2 1 1 2132 3360 2856
6531 2 2 1 1 3289 1364 2804
6532 2 2 1 1 3289 2804 2804
6533 2 2 1 1 3364 3290 3289
6534 2 2 1 1 3364 3289 2804
6535 2 2 1 1 3365 3292 3290
6536 2 2 1 1 3365 3290 3364
6537 2 2 1 1 3366 3294 3292
6538 2 2 1 1 3366 3292 3365
6539 2 2 1 1 2834 3296 3294
6540 2 2 1 1 2834 3294 3366
6541 2 2 1 1 3367 3368 3301
6542 2 2 1 1 3367 3301 3303
6543 2 2 1 1 3368 3369 3299
6544 2 2 1 1 3368 3299 3301
6545 2 2 1 1 3369 2816 3297
6546 2 2 1 1 3369 3297 3299
6547 2 2 1 1 2816 1966 3297
6548 2 2 1 1 2816 3297 3297
6549 2 2 1 1 2838 3367 3303
6550 2 2 1 1 2838 3303 3370
6551 2 2 1 1 3370 3303 3304
6552 2 2 1 1 3370 3304 2839
6553 2 2 1 1 3371 2798 3372
6554 2 2 1 1 3371 3372 3372
6555 2 2 1 1 3373 3371 3372
6556 2 2 1 1 3373 3372 3374
6557 2 2 1 1 3375 3373 3374
6558 2 2 1 1 3375 3374 3376
6559 2 2 1 1 3377 3375 3376
6560 2 2 1 1 3377 3376 3378
6561 2 2 1 1 3379 3377 3378
6562 2 2 1 1 3379 3378 2843
6563 2 2 1 1 3380 2169 3381
6564 2 2 1 1 3380 3381 3381
6565 2 2 1 1 3382 3383 3380
6566 2 2 1 1 3382 3380 3381
6567 2 2 1 1 3384 3385 3383
6568 2 2 1 1 3384 3383 3382
6569 2 2 1 1 3386 3387 3385
6570 2 2 1 1 3386 3385 3384
6571 2 2 1 1 3388 2169 3380
6572 2 2 1 1 3388 3380 3380
6573 2 2 1 1 2753 2169 3388
6574 2 2 1 1 2753 3388 3388
6575 2 2 1 1 3389 3388 3380
6576 2 2 1 1 3389 3380 3390
6577 2 2 1 1 3391 2753 3388
6578 2 2 1 1 3391 3388 3389
6579 2 2 1 1 3392 3389 3390
6580 2 2 1 1 3392 3390 3393
6581 2 2 1 1 3394 3391 3389
6582 2 2 1 1 3394 3389 3392
6583 2 2 1 1 3395 3392 3393
6584 2 2 1 1 3395 3393 3396
6585 2 2 1 1 3397 3394 3392
6586 2 2 1 1 3397 3392 3395
6587 2 2 1 1 3398 3399 3400
6588 2 2 1 1 3398 3400 3401
6589 2 2 1 1 3402 3403 3399
6590 2 2 1 1 3402 3399 3398
6591 2 2 1 1 3404 3405 3403
6592 2 2 1 1 3404 3403 3402
6593 2 2 1 1 3406 3407 3405
6594 2 2 1 1 3406 3405 3404
6595 2 2 1 1 3408 3409 3407
6596 2 2 1 1 3408 3407 3406
6597 2 2 1 1 3410 3411 3409
6598 2 2 1 1 3410 3409 3408
6599 2 2 1 1 3412 3413 3411
6600 2 2 1 1 3412 3411 3410
6601 2 2 1 1 3414 3415 3413
6602 2 2 1 1 3414 3413 3412
6603 2 2 1 1 3374 3372 3415
6604 2 2 1 1 3374 3415 3414
6605 2 2 1 1 3416 3402 3398
6606 2 2 1 1 3416 3398 3417
6607 2 2 1 1 3418 3404 3402
6608 2 2 1 1 3418 3402 3416
6609 2 2 1 1 3419 3406 3404
6610 2 2 1 1 3419 3404 3418
6611 2 2 1 1 3420 3408 3406
6612 2 2 1 1 3420 3406 3419
6613 2 2 1 1 3421 3410 3408
6614 2 2 1 1 3421 3408 3420
6615 2 2 1 1 3422 3412 3410
6616 2 2 1 1 3422 3410 3421
6617 2 2 1 1 3423 3414 3412
6618 2 2 1 1 3423 3412 3422
6619 2 2 1 1 3376 3374 3414
6620 2 2 1 1 3376 3414 3423
6621 2 2 1 1 3424 3416 3417
6622 2 2 1 1 3424 3417 3425
6623 2 2 1 1 3426 3418 3416
6624 2 2 1 1 3426 3416 3424
6625 2 2 1 1 3427 3419 3418
6626 2 2 1 1 3427 3418 3426
6627 2 2 1 1 3428 3420 3419
6628 2 2 1 1 3428 3419 3427
6629 2 2 1 1 3429 3421 3420
6630 2 2 1 1 3429 3420 3428
6631 2 2 1 1 3430 3422 3421
6632 2 2 1 1 3430 3421 3429
6633 2 2 1 1 3431 3423 3422
6634 2 2 1 1 3431 3422 3430
6635 2 2 1 1 3378 3376 3423
6636 2 2 1 1 3378 3423 3431
6637 2 2 1 1 3432 3426 3424
6638 2 2 1 1 3432 3424 3433
6639 2 2 1 1 3434 3427 3426
6640 2 2 1 1 3434 3426 3432
6641 2 2 1 1 3435 3428 3427
6642 2 2 1 1 3435 3427 3434
6643 2 2 1 1 3436 3429 3428
6644 2 2 1 1 3436 3428 3435
6645 2 2 1 1 3437 3430 3429
6646 2 2 1 1 3437 3429 3436
6647 2 2 1 1 3438 3431 3430
6648 2 2 1 1 3438 3430 3437
6649 2 2 1 1 2843 3378 3431
6650 2 2 1 1 2843 3431 3438
6651 2 2 1 1 3439 3433 3440
6652 2 2 1 1 3439 3440 3441
6653 2 2 1 1 3442 3432 3433
6654 2 2 1 1 3442 3433 3439
6655 2 2 1 1 3443 3434 3432
6656 2 2 1 1 3443 3432 3442
6657 2 2 1 1 3444 3435 3434
6658 2 2 1 1 3444 3434 3443
6659 2 2 1 1 3445 3436 3435
6660 2 2 1 1 3445 3435 3444
6661 2 2 1 1 3446 3437 3436
6662 2 2 1 1 3446 3436 3445
6663 2 2 1 1 3447 3438 3437
6664 2 2 1 1 3447 3437 3446
6665 2 2 1 1 2759 2843 3438
6666 2 2 1 1 2759 3438 3447
6667 2 2 1 1 3448 3449 3450
6668 2 2 1 1 3448 3450 3451
6669 2 2 1 1 3452 3448 3451
6670 2 2 1 1 3452 3451 3453
6671 2 2 1 1 3454 3452 3453
6672 2 2 1 1 3454 3453 3455
6673 2 2 1 1 3456 3454 3455
6674 2 2 1 1 3456 3455 3457
6675 2 2 1 1 3458 3456 3457
6676 2 2 1 1 3458 3457 3459
6677 2 2 1 1 3460 3458 3459
6678 2 2 1 1 3460 3459 3461
6679 2 2 1 1 3462 3460 3461
6680 2 2 1 1 3462 3461 3463
6681 2 2 1 1 3383 3462 3463
6682 2 2 1 1 3383 3463 3380
6683 2 2 1 1 3464 3465 3449
6684 2 2 1 1 3464 3449 3448
6685 2 2 1 1 3466 3464 3448
6686 2 2 1 1 3466 3448 3452
6687 2 2 1 1 3467 3466 3452
6688 2 2 1 1 3467 3452 3454
6689 2 2 1 1 3468 3467 3454
6690 2 2 1 1 3468 3454 3456
6691 2 2 1 1 3469 3468 3456
6692 2 2 1 1 3469 3456 3458
6693 2 2 1 1 3470 3469 3458
6694 2 2 1 1 3470 3458 3460
6695 2 2 1 1 3471 3470 3460
6696 2 2 1 1 3471 3460 3462
6697 2 2 1 1 3385 3471 3462
6698 2 2 1 1 3385 3462 3383
6699 2 2 1 1 3472 3473 3465
6700 2 2 1 1 3472 3465 3464
6701 2 2 1 1 3474 3472 3464
6702 2 2 1 1 3474 3464 3466
6703 2 2 1 1 3475 3474 3466
6704 2 2 1 1 3475 3466 3467
6705 2 2 1 1 3476 3475 3467
6706 2 2 1 1 3476 3467 3468
6707 2 2 1 1 3477 3476 3468
6708 2 2 1 1 3477 3468 3469
6709 2 2 1 1 3478 3477 3469
6710 2 2 1 1 3478 3469 3470
6711 2 2 1 1 3479 3478 3470
6712 2 2 1 1 3479 3470 3471
6713 2 2 1 1 3387 3479 3471
6714 2 2 1 1 3387 3471 3385
6715 2 2 1 1 3480 3481 3473
6716 2 2 1 1 3480 3473 3472
6717 2 2 1 1 3482 3480 3472
6718 2 2 1 1 3482 3472 3474
6719 2 2 1 1 3483 3482 3474
6720 2 2 1 1 3483 3474 3475
6721 2 2 1 1 3484 3483 3475
6722 2 2 1 1 3484 3475 3476
6723 2 2 1 1 3485 3484 3476
6724 2 2 1 1 3485 3476 3477
6725 2 2 1 1 3486 3485 3477
6726 2 2 1 1 3486 3477 3478
6727 2 2 1 1 3487 3486 3478
6728 2 2 1 1 3487 3478 3479
6729 2 2 1 1 2845 3487 3479
6730 2 2 1 1 2845 3479 3387
6731 2 2 1 1 3439 3441 3481
6732 2 2 1 1 3439 3481 3480
6733 2 2 1 1 3442 3439 3480
6734 2 2 1 1 3442 3480 3482
6735 2 2 1 1 3443 3442 3482
6736 2 2 1 1 3443 3482 3483
6737 2 2 1 1 3444 3443 3483
6738 2 2 1 1 3444 3483 3484
6739 2 2 1 1 3445 3444 3484
6740 2 2 1 1 3445 3484 3485
6741 2 2 1 1 3446 3445 3485
6742 2 2 1 1 3446 3485 3486
6743 2 2 1 1 3447 3446 3486
6744 2 2 1 1 3447 3486 3487
6745 2 2 1 1 2759 3447 3487
6746 2 2 1 1 2759 3487 2845
6747 2 2 1 1 3488 3453 3451
6748 2 2 1 1 3488 3451 3489
6749 2 2 1 1 3490 3455 3453
6750 2 2 1 1 3490 3453 3488
6751 2 2 1 1 3491 3457 3455
6752 2 2 1 1 3491 3455 3490
6753 2 2 1 1 3492 3459 3457
6754 2 2 1 1 3492 3457 3491
6755 2 2 1 1 3493 3461 3459
6756 2 2 1 1 3493 3459 3492
6757 2 2 1 1 3494 3463 3461
6758 2 2 1 1 3494 3461 3493
6759 2 2 1 1 3390 3380 3463
6760 2 2 1 1 3390 3463 3494
6761 2 2 1 1 3495 3488 3489
6762 2 2 1 1 3495 3489 3496
6763 2 2 1 1 3497 3490 3488
6764 2 2 1 1 3497 3488 3495
6765 2 2 1 1 3498 3491 3490
6766 2 2 1 1 3498 3490 3497
6767 2 2 1 1 3499 3492 3491
6768 2 2 1 1 3499 3491 3498
6769 2 2 1 1 3500 3493 3492
6770 2 2 1 1 3500 3492 3499
6771 2 2 1 1 3501 3494 3493
6772 2 2 1 1 3501 3493 3500
6773 2 2 1 1 3393 3390 3494
6774 2 2 1 1 3393 3494 3501
6775 2 2 1 1 3502 3496 3503
6776 2 2 1 1 3502 3503 3504
6777 2 2 1 1 3505 3495 3496
6778 2 2 1 1 3505 3496 3502
6779 2 2 1 1 3506 3497 3495
6780 2 2 1 1 3506 3495 3505
6781 2 2 1 1 3507 3498 3497
6782 2 2 1 1 3507 3497 3506
6783 2 2 1 1 3508 3499 3498
6784 2 2 1 1 3508 3498 3507
6785 2 2 1 1 3509 3500 3499
6786 2 2 1 1 3509 3499 3508
6787 2 2 1 1 3510 3501 3500
6788 2 2 1 1 3510 3500 3509
6789 2 2 1 1 3396 3393 3501
6790 2 2 1 1 3396 3501 3510
6791 2 2 1 1 3511 3502 3504
6792 2 2 1 1 3511 3504 3512
6793 2 2 1 1 3513 3505 3502
6794 2 2 1 1 3513 3502 3511
6795 2 2 1 1 3514 3506 3505
6796 2 2 1 1 3514 3505 3513
6797 2 2 1 1 3515 3507 3506
6798 2 2 1 1 3515 3506 3514
6799 2 2 1 1 3516 3508 3507
6800 2 2 1 1 3516 3507 3515
6801 2 2 1 1 3517 3509 3508
6802 2 2 1 1 3517 3508 3516
6803 2 2 1 1 3518 3510 3509
6804 2 2 1 1 3518 3509 3517
6805 2 2 1 1 2849 3396 3510
6806 2 2 1 1 2849 3510 3518
6807 2 2 1 1 3519 3511 3512
6808 2 2 1 1 3519 3512 3520
6809 2 2 1 1 3521 3513 3511
6810 2 2 1 1 3521 3511 3519
6811 2 2 1 1 3522 3514 3513
6812 2 2 1 1 3522 3513 3521
6813 2 2 1 1 3523 3515 3514
6814 2 2 1 1 3523 3514 3522
6815 2 2 1 1 3524 3516 3515
6816 2 2 1 1 3524 3515 3523
6817 2 2 1 1 3525 3517 3516
6818 2 2 1 1 3525 3516 3524
6819 2 2 1 1 3526 3518 3517
6820 2 2 1 1 3526 3517 3525
6821 2 2 1 1 2473 2849 3518
6822 2 2 1 1 2473 3518 3526
6823 2 2 1 1 3381 2169 3527
6824 2 2 1 1 3381 3527 3527
6825 2 2 1 1 3528 3382 3381
6826 2 2 1 1 3528 3381 3527
6827 2 2 1 1 2846 3529 3386
6828 2 2 1 1 2846 3386 3530
6829 2 2 1 1 3529 2845 3387
6830 2 2 1 1 3529 3387 3386
6831 2 2 1 1 3530 3386 3384
6832 2 2 1 1 3530 3384 3531
6833 2 2 1 1 3531 3384 3382
6834 2 2 1 1 3531 3382 3528
6835 2 2 1 1 2842 3532 3377
6836 2 2 1 1 2842 3377 3379
6837 2 2 1 1 3532 3533 3375
6838 2 2 1 1 3532 3375 3377
6839 2 2 1 1 3533 3534 3373
6840 2 2 1 1 3533 3373 3375
6841 2 2 1 1 3534 2800 3371
6842 2 2 1 1 3534 3371 3373
6843 2 2 1 1 2800 2798 3371
6844 2 2 1 1 2800 3371 3371
6845 2 2 1 1 3433 3424 3425
6846 2 2 1 1 3433 3425 3440
6847 2 2 1 1 883 2772 2774
6848 2 2 1 1 883 2774 2774
6849 2 2 1 1 2772 883 3535
6850 2 2 1 1 2772 3535 3535
6851 2 2 1 1 2791 3536 2663
6852 2 2 1 1 2791 2663 2663
6853 2 2 1 1 3537 3536 2786
6854 2 2 1 1 3537 2786 2786
6855 2 2 1 1 3537 2663 3536
6856 2 2 1 1 3537 3536 3536
6857 2 2 1 1 3538 3539 3540
6858 2 2 1 1 3538 3540 3541
6859 2 2 1 1 3542 3538 3541
6860 2 2 1 1 3542 3541 3543
6861 2 2 1 1 3544 3542 3543
6862 2 2 1 1 3544 3543 3545
6863 2 2 1 1 3546 3547 3548
6864 2 2 1 1 3546 3548 3549
6865 2 2 1 1 3550 3551 3547
6866 2 2 1 1 3550 3547 3546
6867 2 2 1 1 3552 3553 3554
6868 2 2 1 1 3552 3554 3555
6869 2 2 1 1 3556 3549 3548
6870 2 2 1 1 3556 3548 3557
6871 2 2 1 1 3558 3556 3557
6872 2 2 1 1 3558 3557 3559
6873 2 2 1 1 3560 3558 3559
6874 2 2 1 1 3560 3559 3561
6875 2 2 1 1 3562 3561 3563
6876 2 2 1 1 3562 3563 3564
6877 2 2 1 1 3565 3560 3561
6878 2 2 1 1 3565 3561 3562
6879 2 2 1 1 3566 3565 3562
6880 2 2 1 1 3566 3562 3567
6881 2 2 1 1 3568 3395 3396
6882 2 2 1 1 3568 3396 2849
6883 2 2 1 1 2848 3397 3395
6884 2 2 1 1 2848 3395 3568
6885 2 2 1 1 1845 3527 3569
6886 2 2 1 1 1845 3569 3569
6887 2 2 1 1 3569 3570 1845
6888 2 2 1 1 3569 1845 1845
6889 2 2 1 1 3569 2169 3570
6890 2 2 1 1 3569 3570 3570
6891 2 2 1 1 1845 3570 1974
6892 2 2 1 1 1845 1974 1821
6893 2 2 1 1 3570 2169 1975
6894 2 2 1 1 3570 1975 1974
6895 2 2 1 1 1966 3571 1967
6896 2 2 1 1 1966 1967 1967
6897 2 2 1 1 1967 3571 2816
6898 2 2 1 1 1967 2816 2816
6899 2 2 1 1 2854 3572 3312
6900 2 2 1 1 2854 3312 3314
6901 2 2 1 1 3572 2856 3313
6902 2 2 1 1 3572 3313 3312
6903 2 2 1 1 1520 2765 3573
6904 2 2 1 1 1520 3573 3573
6905 2 2 1 1 2764 2768 3573
6906 2 2 1 1 2764 3573 2765
6907 2 2 1 1 3535 3574 2772
6908 2 2 1 1 3535 2772 2772
6909 2 2 1 1 3535 771 3574
6910 2 2 1 1 3535 3574 3574
6911 2 2 1 1 1347 1346 2536
6912 2 2 1 1 1347 2536 2537
6913 2 2 1 1 612 2760 47
6914 2 2 1 1 612 47 42
6915 2 2 1 1 2762 39 35
6916 2 2 1 1 2762 35 2656
6917 2 2 1 1 2656 35 38
6918 2 2 1 1 2656 38 1521
6919 2 2 1 1 3539 3401 3575
6920 2 2 1 1 3539 3575 3540
6921 2 2 1 1 3401 3400 3576
6922 2 2 1 1 3401 3576 3575
6923 2 2 1 1 3575 3576 3577
6924 2 2 1 1 3575 3577 3168
6925 2 2 1 1 3540 3575 3168
6926 2 2 1 1 3540 3168 3153
6927 2 2 1 1 3541 3540 3153
6928 2 2 1 1 3541 3153 3578
6929 2 2 1 1 3543 3541 3578
6930 2 2 1 1 3543 3578 3137
6931 2 2 1 1 3545 3543 3137
6932 2 2 1 1 3545 3137 3097
6933 2 2 1 1 3545 3097 3100
6934 2 2 1 1 3545 3100 3553
6935 2 2 1 1 3553 3100 3114
6936 2 2 1 1 3553 3114 3554
6937 2 2 1 1 3554 3114 3122
6938 2 2 1 1 3554 3122 3551
6939 2 2 1 1 3551 3122 3130
6940 2 2 1 1 3551 3130 3547
6941 2 2 1 1 3547 3130 3089
6942 2 2 1 1 3547 3089 3548
6943 2 2 1 1 3557 3548 3089
6944 2 2 1 1 3557 3089 3081
6945 2 2 1 1 3561 3559 3080
6946 2 2 1 1 3561 3080 3563
6947 2 2 1 1 3559 3557 3081
6948 2 2 1 1 3559 3081 3080
6949 2 2 1 1 3563 3080 3073
6950 2 2 1 1 3563 3073 3066
6951 2 2 1 1 3564 3563 3066
6952 2 2 1 1 3564 3066 3053
6953 2 2 1 1 3567 3562 3564
6954 2 2 1 1 3567 3564 3579
6955 2 2 1 1 3579 3564 3053
6956 2 2 1 1 3579 3053 3052
6957 2 2 1 1 3520 3512 3565
6958 2 2 1 1 3520 3565 3566
6959 2 2 1 1 3512 3504 3560
6960 2 2 1 1 3512 3560 3565
6961 2 2 1 1 3504 3503 3558
6962 2 2 1 1 3504 3558 3560
6963 2 2 1 1 3489 3451 3450
6964 2 2 1 1 3489 3450 3580
6965 2 2 1 1 3496 3489 3580
6966 2 2 1 1 3496 3580 3503
6967 2 2 1 1 3580 3450 3549
6968 2 2 1 1 3580 3549 3556
6969 2 2 1 1 3449 3546 3549
6970 2 2 1 1 3449 3549 3450
6971 2 2 1 1 3465 3550 3546
6972 2 2 1 1 3465 3546 3449
6973 2 2 1 1 3473 3555 3550
6974 2 2 1 1 3473 3550 3465
6975 2 2 1 1 3555 3554 3551
6976 2 2 1 1 3555 3551 3550
6977 2 2 1 1 3481 3552 3555
6978 2 2 1 1 3481 3555 3473
6979 2 2 1 1 3441 3544 3552
6980 2 2 1 1 3441 3552 3481
6981 2 2 1 1 3544 3545 3553
6982 2 2 1 1 3544 3553 3552
6983 2 2 1 1 3441 3440 3542
6984 2 2 1 1 3441 3542 3544
6985 2 2 1 1 3440 3425 3538
6986 2 2 1 1 3440 3538 3542
6987 2 2 1 1 3417 3398 3401
6988 2 2 1 1 3417 3401 3539
6989 2 2 1 1 3425 3417 3539
6990 2 2 1 1 3425 3539 3538
6991 2 2 1 1 3503 3580 3556
6992 2 2 1 1 3503 3556 3558
6993 2 2 1 1 2528 693 684
6994 2 2 1 1 2528 684 2522
6995 2 2 1 1 2522 684 675
6996 2 2 1 1 2522 675 2516
6997 2 2 1 1 2516 675 666
6998 2 2 1 1 2516 666 2510
6999 2 2 1 1 2510 666 656
7000 2 2 1 1 2510 656 2497
7001 2 2 1 1 2534 2539 693
7002 2 2 1 1 2534 693 2528
7003 2 2 1 1 594 90 830
7004 2 2 1 1 594 830 838
7005 2 2 1 1 90 2616 822
7006 2 2 1 1 90 822 830
7007 2 2 1 1 2616 2609 814
7008 2 2 1 1 2616 814 822
7009 2 2 1 1 2609 2602 806
7010 2 2 1 1 2609 806 814
7011 2 2 1 1 2602 798 797
7012 2 2 1 1 2602 797 806
7013 2 2 1 1 3581 40 1744
7014 2 2 1 1 3581 1744 1869
7015 2 2 1 1 32 3581 1869
7016 2 2 1 1 32 1869 33
7017 2 2 1 1 3582 2 1
7018 2 2 1 1 3583 3582 1
7019 2 2 1 1 3584 3582 3583
7020 2 2 1 1 3585 3584 3583
7021 2 2 1 1 3586 3584 3585
7022 2 2 1 1 3587 3586 3585
7023 2 2 1 1 3588 3586 3587
7024 2 2 1 1 3589 3588 3587
7025 2 2 1 1 3590 3588 3589
7026 2 2 1 1 3591 3590 3589
7027 2 2 1 1 3592 3590 3591
7028 2 2 1 1 3593 3592 3591
7029 2 2 1 1 3594 3592 3593
7030 2 2 1 1 3595 3594 3593
7031 2 2 1 1 3596 3594 3595
7032 2 2 1 1 3597 3596 3595
7033 2 2 1 1 3598 3596 3597
7034 2 2 1 1 3599 3598 3597
7035 2 2 1 1 3600 3598 3599
7036 2 2 1 1 3601 3600 3599
7037 2 2 1 1 3602 3600 3601
7038 2 2 1 1 3603 3602 3601
7039 2 2 1 1 3604 3602 3603
7040 2 2 1 1 3605 3604 3603
7041 2 2 1 1 3606 3604 3605
7042 2 2 1 1 3607 3606 3605
7043 2 2 1 1 29 3606 3607
7044 2 2 1 1 30 29 3607
7045 2 2 1 1 3610 3609 3608
7046 2 2 1 1 3611 3610 3608
7047 2 2 1 1 3614 3613 3612
7048 2 2 1 1 3615 3614 3612
7049 2 2 1 1 3613 3617 3616
7050 2 2 1 1 3612 3613 3616
7051 2 2 1 1 3620 3619 3618
7052 2 2 1 1 3621 3620 3618
7053 2 2 1 1 3621 3618 3622
7054 2 2 1 1 3623 3621 3622
7055 2 2 1 1 3625 3624 3619
7056 2 2 1 1 3620 3625 3619
7057 2 2 1 1 3628 3627 3626
7058 2 2 1 1 3629 3628 3626
7059 2 2 1 1 3629 3626 3630
7060 2 2 1 1 3631 3629 3630
7061 2 2 1 1 3631 3630 3632
7062 2 2 1 1 3633 3631 3632
7063 2 2 1 1 3636 3635 3634
7064 2 2 1 1 3637 3636 3634
7065 2 2 1 1 3640 3639 3638
7066 2 2 1 1 3640 3640 3638
7067 2 2 1 1 3643 3642 3641
7068 2 2 1 1 3644 3643 3641
7069 2 2 1 1 3642 3646 3645
7070 2 2 1 1 3641 3642 3645
7071 2 2 1 1 3649 3648 3647
7072 2 2 1 1 3650 3649 3647
7073 2 2 1 1 3648 3652 3651
7074 2 2 1 1 3647 3648 3651
7075 2 2 1 1 3652 3654 3653
7076 2 2 1 1 3651 3652 3653
7077 2 2 1 1 3654 3656 3655
7078 2 2 1 1 3653 3654 3655
7079 2 2 1 1 82 3658 3657
7080 2 2 1 1 83 82 3657
7081 2 2 1 1 3659 85 84
7082 2 2 1 1 3660 3659 84
7083 2 2 1 1 3663 3662 3661
7084 2 2 1 1 3663 3663 3661
7085 2 2 1 1 3666 3665 3664
7086 2 2 1 1 3667 3666 3664
7087 2 2 1 1 3670 3669 3668
7088 2 2 1 1 3671 3670 3668
7089 2 2 1 1 3671 3668 3672
7090 2 2 1 1 3673 3671 3672
7091 2 2 1 1 3673 3672 3674
7092 2 2 1 1 3675 3673 3674
7093 2 2 1 1 3675 3674 3676
7094 2 2 1 1 3677 3675 3676
7095 2 2 1 1 3678 3677 3676
7096 2 2 1 1 3679 3678 3676
7097 2 2 1 1 3680 3678 3679
7098 2 2 1 1 3681 3680 3679
7099 2 2 1 1 3682 3680 3681
7100 2 2 1 1 3683 3682 3681
7101 2 2 1 1 3684 3682 3683
7102 2 2 1 1 3685 3684 3683
7103 2 2 1 1 3686 3684 3685
7104 2 2 1 1 3687 3686 3685
7105 2 2 1 1 3688 3686 3687
7106 2 2 1 1 3689 3688 3687
7107 2 2 1 1 3690 3688 3689
7108 2 2 1 1 3691 3690 3689
7109 2 2 1 1 3692 3690 3691
7110 2 2 1 1 3693 3692 3691
7111 2 2 1 1 3694 3692 3693
7112 2 2 1 1 3695 3694 3693
7113 2 2 1 1 3696 3694 3695
7114 2 2 1 1 3697 3696 3695
7115 2 2 1 1 3698 3696 3697
7116 2 2 1 1 3699 3698 3697
7117 2 2 1 1 3700 3698 3699
7118 2 2 1 1 3701 3700 3699
7119 2 2 1 1 3702 3700 3701
7120 2 2 1 1 3703 3702 3701
7121 2 2 1 1 3704 3702 3703
7122 2 2 1 1 3705 3704 3703
7123 2 2 1 1 3704 3705 3706
7124 2 2 1 1 3707 3704 3706
7125 2 2 1 1 3707 3706 3708
7126 2 2 1 1 3709 3707 3708
7127 2 2 1 1 3709 3708 3710
7128 2 2 1 1 3711 3709 3710
7129 2 2 1 1 3711 3710 3712
7130 2 2 1 1 3713 3711 3712
7131 2 2 1 1 3713 3712 3714
7132 2 2 1 1 3715 3713 3714
7133 2 2 1 1 3715 3714 3716
7134 2 2 1 1 3717 3715 3716
7135 2 2 1 1 3717 3716 3718
7136 2 2 1 1 3719 3717 3718
7137 2 2 1 1 3719 3718 3720
7138 2 2 1 1 3721 3719 3720
7139 2 2 1 1 3721 3720 3722
7140 2 2 1 1 3723 3721 3722
7141 2 2 1 1 3723 3722 3669
7142 2 2 1 1 3670 3723 3669
7143 2 2 1 1 3674 3725 3724
7144 2 2 1 1 3676 3674 3724
7145 2 2 1 1 3672 3726 3725
7146 2 2 1 1 3674 3672 3725
7147 2 2 1 1 3668 3727 3726
7148 2 2 1 1 3672 3668 3726
7149 2 2 1 1 3669 3728 3727
7150 2 2 1 1 3668 3669 3727
7151 2 2 1 1 3722 3729 3728
7152 2 2 1 1 3669 3722 3728
7153 2 2 1 1 3720 3730 3729
7154 2 2 1 1 3722 3720 3729
7155 2 2 1 1 3718 3731 3730
7156 2 2 1 1 3720 3718 3730
7157 2 2 1 1 3716 3732 3731
7158 2 2 1 1 3718 3716 3731
7159 2 2 1 1 3714 3733 3732
7160 2 2 1 1 3716 3714 3732
7161 2 2 1 1 3712 3734 3733
7162 2 2 1 1 3714 3712 3733
7163 2 2 1 1 3710 3735 3734
7164 2 2 1 1 3712 3710 3734
7165 2 2 1 1 3708 3736 3735
7166 2 2 1 1 3710 3708 3735
7167 2 2 1 1 3706 3737 3736
7168 2 2 1 1 3708 3706 3736
7169 2 2 1 1 3705 3738 3737
7170 2 2 1 1 3706 3705 3737
7171 2 2 1 1 3679 3676 3724
7172 2 2 1 1 3739 3679 3724
7173 2 2 1 1 3681 3679 3739
7174 2 2 1 1 3740 3681 3739
7175 2 2 1 1 3683 3681 3740
7176 2 2 1 1 3741 3683 3740
7177 2 2 1 1 3685 3683 3741
7178 2 2 1 1 3742 3685 3741
7179 2 2 1 1 3687 3685 3742
7180 2 2 1 1 3743 3687 3742
7181 2 2 1 1 3689 3687 3743
7182 2 2 1 1 3744 3689 3743
7183 2 2 1 1 3691 3689 3744
7184 2 2 1 1 3745 3691 3744
7185 2 2 1 1 3693 3691 3745
7186 2 2 1 1 3746 3693 3745
7187 2 2 1 1 3695 3693 3746
7188 2 2 1 1 3747 3695 3746
7189 2 2 1 1 3697 3695 3747
7190 2 2 1 1 3748 3697 3747
7191 2 2 1 1 3699 3697 3748
7192 2 2 1 1 3749 3699 3748
7193 2 2 1 1 3701 3699 3749
7194 2 2 1 1 3750 3701 3749
7195 2 2 1 1 3703 3701 3750
7196 2 2 1 1 3751 3703 3750
7197 2 2 1 1 3705 3703 3751
7198 2 2 1 1 3738 3705 3751
7199 2 2 1 1 3738 3751 3752
7200 2 2 1 1 3753 3738 3752
7201 2 2 1 1 3753 3752 3754
7202 2 2 1 1 3755 3753 3754
7203 2 2 1 1 3755 3754 3756
7204 2 2 1 1 3757 3755 3756
7205 2 2 1 1 3751 3750 3758
7206 2 2 1 1 3752 3751 3758
7207 2 2 1 1 3752 3758 3759
7208 2 2 1 1 3754 3752 3759
7209 2 2 1 1 3754 3759 3760
7210 2 2 1 1 3756 3754 3760
7211 2 2 1 1 3750 3749 3761
7212 2 2 1 1 3758 3750 3761
7213 2 2 1 1 3758 3761 3762
7214 2 2 1 1 3759 3758 3762
7215 2 2 1 1 3759 3762 3763
7216 2 2 1 1 3760 3759 3763
7217 2 2 1 1 3749 3748 3764
7218 2 2 1 1 3761 3749 3764
7219 2 2 1 1 3761 3764 3765
7220 2 2 1 1 3762 3761 3765
7221 2 2 1 1 3762 3765 3766
7222 2 2 1 1 3763 3762 3766
7223 2 2 1 1 3748 3747 3767
7224 2 2 1 1 3764 3748 3767
7225 2 2 1 1 3764 3767 3768
7226 2 2 1 1 3765 3764 3768
7227 2 2 1 1 3765 3768 3769
7228 2 2 1 1 3766 3765 3769
7229 2 2 1 1 3747 3746 3770
7230 2 2 1 1 3767 3747 3770
7231 2 2 1 1 3767 3770 3771
7232 2 2 1 1 3768 3767 3771
7233 2 2 1 1 3768 3771 3772
7234 2 2 1 1 3769 3768 3772
7235 2 2 1 1 3746 3745 3773
7236 2 2 1 1 3770 3746 3773
7237 2 2 1 1 3770 3773 3774
7238 2 2 1 1 3771 3770 3774
7239 2 2 1 1 3771 3774 3775
7240 2 2 1 1 3772 3771 3775
7241 2 2 1 1 3745 3744 3776
7242 2 2 1 1 3773 3745 3776
7243 2 2 1 1 3773 3776 3777
7244 2 2 1 1 3774 3773 3777
7245 2 2 1 1 3774 3777 3778
7246 2 2 1 1 3775 3774 3778
7247 2 2 1 1 3744 3743 3779
7248 2 2 1 1 3776 3744 3779
7249 2 2 1 1 3776 3779 3780
7250 2 2 1 1 3777 3776 3780
7251 2 2 1 1 3777 3780 3781
7252 2 2 1 1 3778 3777 3781
7253 2 2 1 1 3743 3742 3782
7254 2 2 1 1 3779 3743 3782
7255 2 2 1 1 3779 3782 3783
7256 2 2 1 1 3780 3779 3783
7257 2 2 1 1 3780 3783 3784
7258 2 2 1 1 3781 3780 3784
7259 2 2 1 1 3742 3741 3785
7260 2 2 1 1 3782 3742 3785
7261 2 2 1 1 3782 3785 3786
7262 2 2 1 1 3783 3782 3786
7263 2 2 1 1 3783 3786 3787
7264 2 2 1 1 3784 3783 3787
7265 2 2 1 1 3741 3740 3788
7266 2 2 1 1 3785 3741 3788
7267 2 2 1 1 3785 3788 3789
7268 2 2 1 1 3786 3785 3789
7269 2 2 1 1 3786 3789 3790
7270 2 2 1 1 3787 3786 3790
7271 2 2 1 1 3740 3739 3791
7272 2 2 1 1 3788 3740 3791
7273 2 2 1 1 3788 3791 3792
7274 2 2 1 1 3789 3788 3792
7275 2 2 1 1 3789 3792 3793
7276 2 2 1 1 3790 3789 3793
7277 2 2 1 1 3739 3724 3794
7278 2 2 1 1 3791 3739 3794
7279 2 2 1 1 3791 3794 3795
7280 2 2 1 1 3792 3791 3795
7281 2 2 1 1 3792 3795 3796
7282 2 2 1 1 3793 3792 3796
7283 2 2 1 1 3738 3753 3797
7284 2 2 1 1 3737 3738 3797
7285 2 2 1 1 3753 3755 3798
7286 2 2 1 1 3797 3753 3798
7287 2 2 1 1 3755 3757 3799
7288 2 2 1 1 3798 3755 3799
7289 2 2 1 1 3737 3797 3800
7290 2 2 1 1 3736 3737 3800
7291 2 2 1 1 3797 3798 3801
7292 2 2 1 1 3800 3797 3801
7293 2 2 1 1 3798 3799 3802
7294 2 2 1 1 3801 3798 3802
7295 2 2 1 1 3736 3800 3803
7296 2 2 1 1 3735 3736 3803
7297 2 2 1 1 3800 3801 3804
7298 2 2 1 1 3803 3800 3804
7299 2 2 1 1 3801 3802 3805
7300 2 2 1 1 3804 3801 3805
7301 2 2 1 1 3735 3803 3806
7302 2 2 1 1 3734 3735 3806
7303 2 2 1 1 3803 3804 3807
7304 2 2 1 1 3806 3803 3807
7305 2 2 1 1 3804 3805 3808
7306 2 2 1 1 3807 3804 3808
7307 2 2 1 1 3734 3806 3809
7308 2 2 1 1 3733 3734 3809
7309 2 2 1 1 3806 3807 3810
7310 2 2 1 1 3809 3806 3810
7311 2 2 1 1 3807 3808 3811
7312 2 2 1 1 3810 3807 3811
7313 2 2 1 1 3733 3809 3812
7314 2 2 1 1 3732 3733 3812
7315 2 2 1 1 3809 3810 3813
7316 2 2 1 1 3812 3809 3813
7317 2 2 1 1 3810 3811 3814
7318 2 2 1 1 3813 3810 3814
7319 2 2 1 1 3732 3812 3815
7320 2 2 1 1 3731 3732 3815
7321 2 2 1 1 3812 3813 3816
7322 2 2 1 1 3815 3812 3816
7323 2 2 1 1 3813 3814 3817
7324 2 2 1 1 3816 3813 3817
7325 2 2 1 1 3731 3815 3818
7326 2 2 1 1 3730 3731 3818
7327 2 2 1 1 3815 3816 3819
7328 2 2 1 1 3818 3815 3819
7329 2 2 1 1 3816 3817 3820
7330 2 2 1 1 3819 3816 3820
7331 2 2 1 1 3730 3818 3821
7332 2 2 1 1 3729 3730 3821
7333 2 2 1 1 3818 3819 3822
7334 2 2 1 1 3821 3818 3822
7335 2 2 1 1 3819 3820 3823
7336 2 2 1 1 3822 3819 3823
7337 2 2 1 1 3729 3821 3824
7338 2 2 1 1 3728 3729 3824
7339 2 2 1 1 3821 3822 3825
7340 2 2 1 1 3824 3821 3825
7341 2 2 1 1 3822 3823 3826
7342 2 2 1 1 3825 3822 3826
7343 2 2 1 1 3728 3824 3827
7344 2 2 1 1 3727 3728 3827
7345 2 2 1 1 3824 3825 3828
7346 2 2 1 1 3827 3824 3828
7347 2 2 1 1 3825 3826 3829
7348 2 2 1 1 3828 3825 3829
7349 2 2 1 1 3727 3827 3830
7350 2 2 1 1 3726 3727 3830
7351 2 2 1 1 3827 3828 3831
7352 2 2 1 1 3830 3827 3831
7353 2 2 1 1 3828 3829 3832
7354 2 2 1 1 3831 3828 3832
7355 2 2 1 1 3726 3830 3833
7356 2 2 1 1 3725 3726 3833
7357 2 2 1 1 3830 3831 3834
7358 2 2 1 1 3833 3830 3834
7359 2 2 1 1 3831 3832 3835
7360 2 2 1 1 3834 3831 3835
7361 2 2 1 1 3725 3833 3794
7362 2 2 1 1 3724 3725 3794
7363 2 2 1 1 3833 3834 3795
7364 2 2 1 1 3794 3833 3795
7365 2 2 1 1 3834 3835 3796
7366 2 2 1 1 3795 3834 3796
7367 2 2 1 1 3838 3837 3836
7368 2 2 1 1 3839 3838 3836
7369 2 2 1 1 3840 3838 3839
7370 2 2 1 1 3841 3840 3839
7371 2 2 1 1 3842 3840 3841
7372 2 2 1 1 3843 3842 3841
7373 2 2 1 1 3844 3842 3843
7374 2 2 1 1 3845 3844 3843
7375 2 2 1 1 3846 3844 3845
7376 2 2 1 1 3847 3846 3845
7377 2 2 1 1 3848 3846 3847
7378 2 2 1 1 3849 3848 3847
7379 2 2 1 1 3850 3848 3849
7380 2 2 1 1 3851 3850 3849
7381 2 2 1 1 3835 3850 3851
7382 2 2 1 1 3796 3835 3851
7383 2 2 1 1 3853 3852 3837
7384 2 2 1 1 3838 3853 3837
7385 2 2 1 1 3854 3853 3838
7386 2 2 1 1 3840 3854 3838
7387 2 2 1 1 3855 3854 3840
7388 2 2 1 1 3842 3855 3840
7389 2 2 1 1 3856 3855 3842
7390 2 2 1 1 3844 3856 3842
7391 2 2 1 1 3857 3856 3844
7392 2 2 1 1 3846 3857 3844
7393 2 2 1 1 3858 3857 3846
7394 2 2 1 1 3848 3858 3846
7395 2 2 1 1 3859 3858 3848
7396 2 2 1 1 3850 3859 3848
7397 2 2 1 1 3832 3859 3850
7398 2 2 1 1 3835 3832 3850
7399 2 2 1 1 3861 3860 3852
7400 2 2 1 1 3853 3861 3852
7401 2 2 1 1 3862 3861 3853
7402 2 2 1 1 3854 3862 3853
7403 2 2 1 1 3863 3862 3854
7404 2 2 1 1 3855 3863 3854
7405 2 2 1 1 3864 3863 3855
7406 2 2 1 1 3856 3864 3855
7407 2 2 1 1 3865 3864 3856
7408 2 2 1 1 3857 3865 3856
7409 2 2 1 1 3866 3865 3857
7410 2 2 1 1 3858 3866 3857
7411 2 2 1 1 3867 3866 3858
7412 2 2 1 1 3859 3867 3858
7413 2 2 1 1 3829 3867 3859
7414 2 2 1 1 3832 3829 3859
7415 2 2 1 1 3869 3868 3860
7416 2 2 1 1 3861 3869 3860
7417 2 2 1 1 3870 3869 3861
7418 2 2 1 1 3862 3870 3861
7419 2 2 1 1 3871 3870 3862
7420 2 2 1 1 3863 3871 3862
7421 2 2 1 1 3872 3871 3863
7422 2 2 1 1 3864 3872 3863
7423 2 2 1 1 3873 3872 3864
7424 2 2 1 1 3865 3873 3864
7425 2 2 1 1 3874 3873 3865
7426 2 2 1 1 3866 3874 3865
7427 2 2 1 1 3875 3874 3866
7428 2 2 1 1 3867 3875 3866
7429 2 2 1 1 3826 3875 3867
7430 2 2 1 1 3829 3826 3867
7431 2 2 1 1 3877 3876 3868
7432 2 2 1 1 3869 3877 3868
7433 2 2 1 1 3878 3877 3869
7434 2 2 1 1 3870 3878 3869
7435 2 2 1 1 3879 3878 3870
7436 2 2 1 1 3871 3879 3870
7437 2 2 1 1 3880 3879 3871
7438 2 2 1 1 3872 3880 3871
7439 2 2 1 1 3881 3880 3872
7440 2 2 1 1 3873 3881 3872
7441 2 2 1 1 3882 3881 3873
7442 2 2 1 1 3874 3882 3873
7443 2 2 1 1 3883 3882 3874
7444 2 2 1 1 3875 3883 3874
7445 2 2 1 1 3823 3883 3875
7446 2 2 1 1 3826 3823 3875
7447 2 2 1 1 3885 3884 3876
7448 2 2 1 1 3877 3885 3876
7449 2 2 1 1 3886 3885 3877
7450 2 2 1 1 3878 3886 3877
7451 2 2 1 1 3887 3886 3878
7452 2 2 1 1 3879 3887 3878
7453 2 2 1 1 3888 3887 3879
7454 2 2 1 1 3880 3888 3879
7455 2 2 1 1 3889 3888 3880
7456 2 2 1 1 3881 3889 3880
7457 2 2 1 1 3890 3889 3881
7458 2 2 1 1 3882 3890 3881
7459 2 2 1 1 3891 3890 3882
7460 2 2 1 1 3883 3891 3882
7461 2 2 1 1 3820 3891 3883
7462 2 2 1 1 3823 3820 3883
7463 2 2 1 1 3893 3892 3884
7464 2 2 1 1 3885 3893 3884
7465 2 2 1 1 3894 3893 3885
7466 2 2 1 1 3886 3894 3885
7467 2 2 1 1 3895 3894 3886
7468 2 2 1 1 3887 3895 3886
7469 2 2 1 1 3896 3895 3887
7470 2 2 1 1 3888 3896 3887
7471 2 2 1 1 3897 3896 3888
7472 2 2 1 1 3889 3897 3888
7473 2 2 1 1 3898 3897 3889
7474 2 2 1 1 3890 3898 3889
7475 2 2 1 1 3899 3898 3890
7476 2 2 1 1 3891 3899 3890
7477 2 2 1 1 3817 3899 3891
7478 2 2 1 1 3820 3817 3891
7479 2 2 1 1 3901 3900 3892
7480 2 2 1 1 3893 3901 3892
7481 2 2 1 1 3902 3901 3893
7482 2 2 1 1 3894 3902 3893
7483 2 2 1 1 3903 3902 3894
7484 2 2 1 1 3895 3903 3894
7485 2 2 1 1 3904 3903 3895
7486 2 2 1 1 3896 3904 3895
7487 2 2 1 1 3905 3904 3896
7488 2 2 1 1 3897 3905 3896
7489 2 2 1 1 3906 3905 3897
7490 2 2 1 1 3898 3906 3897
7491 2 2 1 1 3907 3906 3898
7492 2 2 1 1 3899 3907 3898
7493 2 2 1 1 3814 3907 3899
7494 2 2 1 1 3817 3814 3899
7495 2 2 1 1 3909 3908 3900
7496 2 2 1 1 3901 3909 3900
7497 2 2 1 1 3910 3909 3901
7498 2 2 1 1 3902 3910 3901
7499 2 2 1 1 3911 3910 3902
7500 2 2 1 1 3903 3911 3902
7501 2 2 1 1 3912 3911 3903
7502 2 2 1 1 3904 3912 3903
7503 2 2 1 1 3913 3912 3904
7504 2 2 1 1 3905 3913 3904
7505 2 2 1 1 3914 3913 3905
7506 2 2 1 1 3906 3914 3905
7507 2 2 1 1 3915 3914 3906
7508 2 2 1 1 3907 3915 3906
7509 2 2 1 1 3811 3915 3907
7510 2 2 1 1 3814 3811 3907
7511 2 2 1 1 3917 3916 3908
7512 2 2 1 1 3909 3917 3908
7513 2 2 1 1 3918 3917 3909
7514 2 2 1 1 3910 3918 3909
7515 2 2 1 1 3919 3918 3910
7516 2 2 1 1 3911 3919 3910
7517 2 2 1 1 3920 3919 3911
7518 2 2 1 1 3912 3920 3911
7519 2 2 1 1 3921 3920 3912
7520 2 2 1 1 3913 3921 3912
7521 2 2 1 1 3922 3921 3913
7522 2 2 1 1 3914 3922 3913
7523 2 2 1 1 3923 3922 3914
7524 2 2 1 1 3915 3923 3914
7525 2 2 1 1 3808 3923 3915
7526 2 2 1 1 3811 3808 3915
7527 2 2 1 1 3925 3924 3916
7528 2 2 1 1 3917 3925 3916
7529 2 2 1 1 3926 3925 3917
7530 2 2 1 1 3918 3926 3917
7531 2 2 1 1 3927 3926 3918
7532 2 2 1 1 3919 3927 3918
7533 2 2 1 1 3928 3927 3919
7534 2 2 1 1 3920 3928 3919
7535 2 2 1 1 3929 3928 3920
7536 2 2 1 1 3921 3929 3920
7537 2 2 1 1 3930 3929 3921
7538 2 2 1 1 3922 3930 3921
7539 2 2 1 1 3931 3930 3922
7540 2 2 1 1 3923 3931 3922
7541 2 2 1 1 3805 3931 3923
7542 2 2 1 1 3808 3805 3923
7543 2 2 1 1 3933 3932 3924
7544 2 2 1 1 3925 3933 3924
7545 2 2 1 1 3934 3933 3925
7546 2 2 1 1 3926 3934 3925
7547 2 2 1 1 3935 3934 3926
7548 2 2 1 1 3927 3935 3926
7549 2 2 1 1 3936 3935 3927
7550 2 2 1 1 3928 3936 3927
7551 2 2 1 1 3937 3936 3928
7552 2 2 1 1 3929 3937 3928
7553 2 2 1 1 3938 3937 3929
7554 2 2 1 1 3930 3938 3929
7555 2 2 1 1 3939 3938 3930
7556 2 2 1 1 3931 3939 3930
7557 2 2 1 1 3802 3939 3931
7558 2 2 1 1 3805 3802 3931
7559 2 2 1 1 3941 3940 3932
7560 2 2 1 1 3933 3941 3932
7561 2 2 1 1 3942 3941 3933
7562 2 2 1 1 3934 3942 3933
7563 2 2 1 1 3943 3942 3934
7564 2 2 1 1 3935 3943 3934
7565 2 2 1 1 3944 3943 3935
7566 2 2 1 1 3936 3944 3935
7567 2 2 1 1 3945 3944 3936
7568 2 2 1 1 3937 3945 3936
7569 2 2 1 1 3946 3945 3937
7570 2 2 1 1 3938 3946 3937
7571 2 2 1 1 3947 3946 3938
7572 2 2 1 1 3939 3947 3938
7573 2 2 1 1 3799 3947 3939
7574 2 2 1 1 3802 3799 3939
7575 2 2 1 1 3949 3948 3940
7576 2 2 1 1 3941 3949 3940
7577 2 2 1 1 3950 3949 3941
7578 2 2 1 1 3942 3950 3941
7579 2 2 1 1 3951 3950 3942
7580 2 2 1 1 3943 3951 3942
7581 2 2 1 1 3952 3951 3943
7582 2 2 1 1 3944 3952 3943
7583 2 2 1 1 3953 3952 3944
7584 2 2 1 1 3945 3953 3944
7585 2 2 1 1 3954 3953 3945
7586 2 2 1 1 3946 3954 3945
7587 2 2 1 1 3955 3954 3946
7588 2 2 1 1 3947 3955 3946
7589 2 2 1 1 3757 3955 3947
7590 2 2 1 1 3799 3757 3947
7591 2 2 1 1 3956 3839 3836
7592 2 2 1 1 3957 3956 3836
7593 2 2 1 1 3958 3841 3839
7594 2 2 1 1 3956 3958 3839
7595 2 2 1 1 3959 3843 3841
7596 2 2 1 1 3958 3959 3841
7597 2 2 1 1 3960 3845 3843
7598 2 2 1 1 3959 3960 3843
7599 2 2 1 1 3961 3847 3845
7600 2 2 1 1 3960 3961 3845
7601 2 2 1 1 3962 3849 3847
7602 2 2 1 1 3961 3962 3847
7603 2 2 1 1 3963 3851 3849
7604 2 2 1 1 3962 3963 3849
7605 2 2 1 1 3793 3796 3851
7606 2 2 1 1 3963 3793 3851
7607 2 2 1 1 3964 3956 3957
7608 2 2 1 1 3965 3964 3957
7609 2 2 1 1 3966 3958 3956
7610 2 2 1 1 3964 3966 3956
7611 2 2 1 1 3967 3959 3958
7612 2 2 1 1 3966 3967 3958
7613 2 2 1 1 3968 3960 3959
7614 2 2 1 1 3967 3968 3959
7615 2 2 1 1 3969 3961 3960
7616 2 2 1 1 3968 3969 3960
7617 2 2 1 1 3970 3962 3961
7618 2 2 1 1 3969 3970 3961
7619 2 2 1 1 3971 3963 3962
7620 2 2 1 1 3970 3971 3962
7621 2 2 1 1 3790 3793 3963
7622 2 2 1 1 3971 3790 3963
7623 2 2 1 1 3972 3964 3965
7624 2 2 1 1 3973 3972 3965
7625 2 2 1 1 3974 3966 3964
7626 2 2 1 1 3972 3974 3964
7627 2 2 1 1 3975 3967 3966
7628 2 2 1 1 3974 3975 3966
7629 2 2 1 1 3976 3968 3967
7630 2 2 1 1 3975 3976 3967
7631 2 2 1 1 3977 3969 3968
7632 2 2 1 1 3976 3977 3968
7633 2 2 1 1 3978 3970 3969
7634 2 2 1 1 3977 3978 3969
7635 2 2 1 1 3979 3971 3970
7636 2 2 1 1 3978 3979 3970
7637 2 2 1 1 3787 3790 3971
7638 2 2 1 1 3979 3787 3971
7639 2 2 1 1 3980 3972 3973
7640 2 2 1 1 3981 3980 3973
7641 2 2 1 1 3982 3974 3972
7642 2 2 1 1 3980 3982 3972
7643 2 2 1 1 3983 3975 3974
7644 2 2 1 1 3982 3983 3974
7645 2 2 1 1 3984 3976 3975
7646 2 2 1 1 3983 3984 3975
7647 2 2 1 1 3985 3977 3976
7648 2 2 1 1 3984 3985 3976
7649 2 2 1 1 3986 3978 3977
7650 2 2 1 1 3985 3986 3977
7651 2 2 1 1 3987 3979 3978
7652 2 2 1 1 3986 3987 3978
7653 2 2 1 1 3784 3787 3979
7654 2 2 1 1 3987 3784 3979
7655 2 2 1 1 3988 3980 3981
7656 2 2 1 1 3989 3988 3981
7657 2 2 1 1 3990 3982 3980
7658 2 2 1 1 3988 3990 3980
7659 2 2 1 1 3991 3983 3982
7660 2 2 1 1 3990 3991 3982
7661 2 2 1 1 3992 3984 3983
7662 2 2 1 1 3991 3992 3983
7663 2 2 1 1 3993 3985 3984
7664 2 2 1 1 3992 3993 3984
7665 2 2 1 1 3994 3986 3985
7666 2 2 1 1 3993 3994 3985
7667 2 2 1 1 3995 3987 3986
7668 2 2 1 1 3994 3995 3986
7669 2 2 1 1 3781 3784 3987
7670 2 2 1 1 3995 3781 3987
7671 2 2 1 1 3996 3988 3989
7672 2 2 1 1 3997 3996 3989
7673 2 2 1 1 3998 3990 3988
7674 2 2 1 1 3996 3998 3988
7675 2 2 1 1 3999 3991 3990
7676 2 2 1 1 3998 3999 3990
7677 2 2 1 1 4000 3992 3991
7678 2 2 1 1 3999 4000 3991
7679 2 2 1 1 4001 3993 3992
7680 2 2 1 1 4000 4001 3992
7681 2 2 1 1 4002 3994 3993
7682 2 2 1 1 4001 4002 3993
7683 2 2 1 1 4003 3995 3994
7684 2 2 1 1 4002 4003 3994
7685 2 2 1 1 3778 3781 3995
7686 2 2 1 1 4003 3778 3995
7687 2 2 1 1 4004 3996 3997
7688 2 2 1 1 4005 4004 3997
7689 2 2 1 1 4006 3998 3996
7690 2 2 1 1 4004 4006 3996
7691 2 2 1 1 4007 3999 3998
7692 2 2 1 1 4006 4007 3998
7693 2 2 1 1 4008 4000 3999
7694 2 2 1 1 4007 4008 3999
7695 2 2 1 1 4009 4001 4000
7696 2 2 1 1 4008 4009 4000
7697 2 2 1 1 4010 4002 4001
7698 2 2 1 1 4009 4010 4001
7699 2 2 1 1 4011 4003 4002
7700 2 2 1 1 4010 4011 4002
7701 2 2 1 1 3775 3778 4003
7702 2 2 1 1 4011 3775 4003
7703 2 2 1 1 4012 4004 4005
7704 2 2 1 1 4013 4012 4005
7705 2 2 1 1 4014 4006 4004
7706 2 2 1 1 4012 4014 4004
7707 2 2 1 1 4015 4007 4006
7708 2 2 1 1 4014 4015 4006
7709 2 2 1 1 4016 4008 4007
7710 2 2 1 1 4015 4016 4007
7711 2 2 1 1 4017 4009 4008
7712 2 2 1 1 4016 4017 4008
7713 2 2 1 1 4018 4010 4009
7714 2 2 1 1 4017 4018 4009
7715 2 2 1 1 4019 4011 4010
7716 2 2 1 1 4018 4019 4010
7717 2 2 1 1 3772 3775 4011
7718 2 2 1 1 4019 3772 4011
7719 2 2 1 1 4020 4012 4013
7720 2 2 1 1 4021 4020 4013
7721 2 2 1 1 4022 4014 4012
7722 2 2 1 1 4020 4022 4012
7723 2 2 1 1 4023 4015 4014
7724 2 2 1 1 4022 4023 4014
7725 2 2 1 1 4024 4016 4015
7726 2 2 1 1 4023 4024 4015
7727 2 2 1 1 4025 4017 4016
7728 2 2 1 1 4024 4025 4016
7729 2 2 1 1 4026 4018 4017
7730 2 2 1 1 4025 4026 4017
7731 2 2 1 1 4027 4019 4018
7732 2 2 1 1 4026 4027 4018
7733 2 2 1 1 3769 3772 4019
7734 2 2 1 1 4027 3769 4019
7735 2 2 1 1 4028 4020 4021
7736 2 2 1 1 4029 4028 4021
7737 2 2 1 1 4030 4022 4020
7738 2 2 1 1 4028 4030 4020
7739 2 2 1 1 4031 4023 4022
7740 2 2 1 1 4030 4031 4022
7741 2 2 1 1 4032 4024 4023
7742 2 2 1 1 4031 4032 4023
7743 2 2 1 1 4033 4025 4024
7744 2 2 1 1 4032 4033 4024
7745 2 2 1 1 4034 4026 4025
7746 2 2 1 1 4033 4034 4025
7747 2 2 1 1 4035 4027 4026
7748 2 2 1 1 4034 4035 4026
7749 2 2 1 1 3766 3769 4027
7750 2 2 1 1 4035 3766 4027
7751 2 2 1 1 4036 4028 4029
7752 2 2 1 1 4037 4036 4029
7753 2 2 1 1 4038 4030 4028
7754 2 2 1 1 4036 4038 4028
7755 2 2 1 1 4039 4031 4030
7756 2 2 1 1 4038 4039 4030
7757 2 2 1 1 4040 4032 4031
7758 2 2 1 1 4039 4040 4031
7759 2 2 1 1 4041 4033 4032
7760 2 2 1 1 4040 4041 4032
7761 2 2 1 1 4042 4034 4033
7762 2 2 1 1 4041 4042 4033
7763 2 2 1 1 4043 4035 4034
7764 2 2 1 1 4042 4043 4034
7765 2 2 1 1 3763 3766 4035
7766 2 2 1 1 4043 3763 4035
7767 2 2 1 1 4044 4036 4037
7768 2 2 1 1 4045 4044 4037
7769 2 2 1 1 4046 4038 4036
7770 2 2 1 1 4044 4046 4036
7771 2 2 1 1 4047 4039 4038
7772 2 2 1 1 4046 4047 4038
7773 2 2 1 1 4048 4040 4039
7774 2 2 1 1 4047 4048 4039
7775 2 2 1 1 4049 4041 4040
7776 2 2 1 1 4048 4049 4040
7777 2 2 1 1 4050 4042 4041
7778 2 2 1 1 4049 4050 4041
7779 2 2 1 1 4051 4043 4042
7780 2 2 1 1 4050 4051 4042
7781 2 2 1 1 3760 3763 4043
7782 2 2 1 1 4051 3760 4043
7783 2 2 1 1 4052 4044 4045
7784 2 2 1 1 4053 4052 4045
7785 2 2 1 1 4054 4046 4044
7786 2 2 1 1 4052 4054 4044
7787 2 2 1 1 4055 4047 4046
7788 2 2 1 1 4054 4055 4046
7789 2 2 1 1 4056 4048 4047
7790 2 2 1 1 4055 4056 4047
7791 2 2 1 1 4057 4049 4048
7792 2 2 1 1 4056 4057 4048
7793 2 2 1 1 4058 4050 4049
7794 2 2 1 1 4057 4058 4049
7795 2 2 1 1 4059 4051 4050
7796 2 2 1 1 4058 4059 4050
7797 2 2 1 1 3756 3760 4051
7798 2 2 1 1 4059 3756 4051
7799 2 2 1 1 3949 4052 4053
7800 2 2 1 1 3948 3949 4053
7801 2 2 1 1 3950 4054 4052
7802 2 2 1 1 3949 3950 4052
7803 2 2 1 1 3951 4055 4054
7804 2 2 1 1 3950 3951 4054
7805 2 2 1 1 3952 4056 4055
7806 2 2 1 1 3951 3952 4055
7807 2 2 1 1 3953 4057 4056
7808 2 2 1 1 3952 3953 4056
7809 2 2 1 1 3954 4058 4057
7810 2 2 1 1 3953 3954 4057
7811 2 2 1 1 3955 4059 4058
7812 2 2 1 1 3954 3955 4058
7813 2 2 1 1 3757 3756 4059
7814 2 2 1 1 3955 3757 4059
7815 2 2 1 1 3704 4061 4060
7816 2 2 1 1 3702 3704 4060
7817 2 2 1 1 4064 4063 4062
7818 2 2 1 1 4064 4064 4062
7819 2 2 1 1 3702 4060 4065
7820 2 2 1 1 3700 3702 4065
7821 2 2 1 1 4060 4067 4066
7822 2 2 1 1 4065 4060 4066
7823 2 2 1 1 4067 4062 4068
7824 2 2 1 1 4066 4067 4068
7825 2 2 1 1 4062 4063 4068
7826 2 2 1 1 4062 4062 4068
7827 2 2 1 1 3700 4065 4069
7828 2 2 1 1 3698 3700 4069
7829 2 2 1 1 4065 4066 4070
7830 2 2 1 1 4069 4065 4070
7831 2 2 1 1 4066 4068 4071
7832 2 2 1 1 4070 4066 4071
7833 2 2 1 1 4068 4063 4071
7834 2 2 1 1 4068 4068 4071
7835 2 2 1 1 3698 4069 4072
7836 2 2 1 1 3696 3698 4072
7837 2 2 1 1 4069 4070 4073
7838 2 2 1 1 4072 4069 4073
7839 2 2 1 1 4070 4071 4074
7840 2 2 1 1 4073 4070 4074
7841 2 2 1 1 4071 4063 4074
7842 2 2 1 1 4071 4071 4074
7843 2 2 1 1 3696 4072 4075
7844 2 2 1 1 3694 3696 4075
7845 2 2 1 1 4072 4073 4076
7846 2 2 1 1 4075 4072 4076
7847 2 2 1 1 4073 4074 4077
7848 2 2 1 1 4076 4073 4077
7849 2 2 1 1 4074 4063 4077
7850 2 2 1 1 4074 4074 4077
7851 2 2 1 1 3694 4075 4078
7852 2 2 1 1 3692 3694 4078
7853 2 2 1 1 4075 4076 4079
7854 2 2 1 1 4078 4075 4079
7855 2 2 1 1 4076 4077 4080
7856 2 2 1 1 4079 4076 4080
7857 2 2 1 1 4077 4063 4080
7858 2 2 1 1 4077 4077 4080
7859 2 2 1 1 3692 4078 4081
7860 2 2 1 1 3690 3692 4081
7861 2 2 1 1 4078 4079 4082
7862 2 2 1 1 4081 4078 4082
7863 2 2 1 1 4079 4080 4083
7864 2 2 1 1 4082 4079 4083
7865 2 2 1 1 4080 4063 4083
7866 2 2 1 1 4080 4080 4083
7867 2 2 1 1 3690 4081 4084
7868 2 2 1 1 3688 3690 4084
7869 2 2 1 1 4081 4082 4085
7870 2 2 1 1 4084 4081 4085
7871 2 2 1 1 4082 4083 4086
7872 2 2 1 1 4085 4082 4086
7873 2 2 1 1 4083 4063 4086
7874 2 2 1 1 4083 4083 4086
7875 2 2 1 1 3688 4084 4087
7876 2 2 1 1 3686 3688 4087
7877 2 2 1 1 4084 4085 4088
7878 2 2 1 1 4087 4084 4088
7879 2 2 1 1 4085 4086 4089
7880 2 2 1 1 4088 4085 4089
7881 2 2 1 1 4086 4063 4089
7882 2 2 1 1 4086 4086 4089
7883 2 2 1 1 3686 4087 4090
7884 2 2 1 1 3684 3686 4090
7885 2 2 1 1 4087 4088 4091
7886 2 2 1 1 4090 4087 4091
7887 2 2 1 1 4088 4089 4092
7888 2 2 1 1 4091 4088 4092
7889 2 2 1 1 4089 4063 4092
7890 2 2 1 1 4089 4089 4092
7891 2 2 1 1 4090 4091 4093
7892 2 2 1 1 4094 4090 4093
7893 2 2 1 1 4091 4092 4095
7894 2 2 1 1 4093 4091 4095
7895 2 2 1 1 4092 4063 4095
7896 2 2 1 1 4092 4092 4095
7897 2 2 1 1 3682 4094 4096
7898 2 2 1 1 3680 3682 4096
7899 2 2 1 1 4094 4093 4097
7900 2 2 1 1 4096 4094 4097
7901 2 2 1 1 4093 4095 4098
7902 2 2 1 1 4097 4093 4098
7903 2 2 1 1 4095 4063 4098
7904 2 2 1 1 4095 4095 4098
7905 2 2 1 1 3680 4096 4099
7906 2 2 1 1 3678 3680 4099
7907 2 2 1 1 4096 4097 4100
7908 2 2 1 1 4099 4096 4100
7909 2 2 1 1 4097 4098 4101
7910 2 2 1 1 4100 4097 4101
7911 2 2 1 1 4098 4063 4101
7912 2 2 1 1 4098 4098 4101
7913 2 2 1 1 3678 4099 4102
7914 2 2 1 1 3677 3678 4102
7915 2 2 1 1 4101 4063 4103
7916 2 2 1 1 4101 4101 4103
7917 2 2 1 1 3704 3707 4104
7918 2 2 1 1 4061 3704 4104
7919 2 2 1 1 4061 4104 4105
7920 2 2 1 1 4106 4061 4105
7921 2 2 1 1 4106 4105 4107
7922 2 2 1 1 4064 4106 4107
7923 2 2 1 1 4107 4063 4064
7924 2 2 1 1 4107 4107 4064
7925 2 2 1 1 3707 3709 4108
7926 2 2 1 1 4104 3707 4108
7927 2 2 1 1 4104 4108 4109
7928 2 2 1 1 4105 4104 4109
7929 2 2 1 1 4105 4109 4110
7930 2 2 1 1 4107 4105 4110
7931 2 2 1 1 4110 4063 4107
7932 2 2 1 1 4110 4110 4107
7933 2 2 1 1 3709 3711 4111
7934 2 2 1 1 4108 3709 4111
7935 2 2 1 1 4108 4111 4112
7936 2 2 1 1 4109 4108 4112
7937 2 2 1 1 4109 4112 4113
7938 2 2 1 1 4110 4109 4113
7939 2 2 1 1 4113 4063 4110
7940 2 2 1 1 4113 4113 4110
7941 2 2 1 1 3711 3713 4114
7942 2 2 1 1 4111 3711 4114
7943 2 2 1 1 4111 4114 4115
7944 2 2 1 1 4112 4111 4115
7945 2 2 1 1 4112 4115 4116
7946 2 2 1 1 4113 4112 4116
7947 2 2 1 1 4116 4063 4113
7948 2 2 1 1 4116 4116 4113
7949 2 2 1 1 3713 3715 4117
7950 2 2 1 1 4114 3713 4117
7951 2 2 1 1 4114 4117 4118
7952 2 2 1 1 4115 4114 4118
7953 2 2 1 1 4115 4118 4119
7954 2 2 1 1 4116 4115 4119
7955 2 2 1 1 4119 4063 4116
7956 2 2 1 1 4119 4119 4116
7957 2 2 1 1 3715 3717 4120
7958 2 2 1 1 4117 3715 4120
7959 2 2 1 1 4117 4120 4121
7960 2 2 1 1 4118 4117 4121
7961 2 2 1 1 4118 4121 4122
7962 2 2 1 1 4119 4118 4122
7963 2 2 1 1 4122 4063 4119
7964 2 2 1 1 4122 4122 4119
7965 2 2 1 1 3717 3719 4123
7966 2 2 1 1 4120 3717 4123
7967 2 2 1 1 4120 4123 4124
7968 2 2 1 1 4121 4120 4124
7969 2 2 1 1 4121 4124 4125
7970 2 2 1 1 4122 4121 4125
7971 2 2 1 1 4125 4063 4122
7972 2 2 1 1 4125 4125 4122
7973 2 2 1 1 3719 3721 4126
7974 2 2 1 1 4123 3719 4126
7975 2 2 1 1 4123 4126 4127
7976 2 2 1 1 4124 4123 4127
7977 2 2 1 1 4124 4127 4128
7978 2 2 1 1 4125 4124 4128
7979 2 2 1 1 4128 4063 4125
7980 2 2 1 1 4128 4128 4125
7981 2 2 1 1 3721 3723 4129
7982 2 2 1 1 4126 3721 4129
7983 2 2 1 1 4126 4129 4130
7984 2 2 1 1 4127 4126 4130
7985 2 2 1 1 4127 4130 4131
7986 2 2 1 1 4128 4127 4131
7987 2 2 1 1 4131 4063 4128
7988 2 2 1 1 4131 4131 4128
7989 2 2 1 1 3723 3670 4132
7990 2 2 1 1 4129 3723 4132
7991 2 2 1 1 4129 4132 4133
7992 2 2 1 1 4130 4129 4133
7993 2 2 1 1 4130 4133 4134
7994 2 2 1 1 4131 4130 4134
7995 2 2 1 1 4134 4063 4131
7996 2 2 1 1 4134 4134 4131
7997 2 2 1 1 3670 3671 4135
7998 2 2 1 1 4132 3670 4135
7999 2 2 1 1 4132 4135 4136
8000 2 2 1 1 4133 4132 4136
8001 2 2 1 1 4133 4136 4137
8002 2 2 1 1 4134 4133 4137
8003 2 2 1 1 4137 4063 4134
8004 2 2 1 1 4137 4137 4134
8005 2 2 1 1 3671 3673 4138
8006 2 2 1 1 4135 3671 4138
8007 2 2 1 1 4135 4138 4139
8008 2 2 1 1 4136 4135 4139
8009 2 2 1 1 4136 4139 4140
8010 2 2 1 1 4137 4136 4140
8011 2 2 1 1 4140 4063 4137
8012 2 2 1 1 4140 4140 4137
8013 2 2 1 1 3673 3675 4141
8014 2 2 1 1 4138 3673 4141
8015 2 2 1 1 4138 4141 4142
8016 2 2 1 1 4139 4138 4142
8017 2 2 1 1 4139 4142 4143
8018 2 2 1 1 4140 4139 4143
8019 2 2 1 1 4143 4063 4140
8020 2 2 1 1 4143 4143 4140
8021 2 2 1 1 3675 3677 4102
8022 2 2 1 1 4141 3675 4102
8023 2 2 1 1 4103 4063 4143
8024 2 2 1 1 4103 4103 4143
8025 2 2 1 1 4061 4106 4067
8026 2 2 1 1 4060 4061 4067
8027 2 2 1 1 4106 4064 4062
8028 2 2 1 1 4067 4106 4062
8029 2 2 1 1 4100 4101 4103
8030 2 2 1 1 4144 4100 4103
8031 2 2 1 1 4142 4144 4103
8032 2 2 1 1 4143 4142 4103
8033 2 2 1 1 4099 4100 4144
8034 2 2 1 1 4102 4099 4144
8035 2 2 1 1 4141 4102 4144
8036 2 2 1 1 4142 4141 4144
8037 2 2 1 1 3684 4090 4094
8038 2 2 1 1 3682 3684 4094
8039 2 2 1 1 4147 4146 4145
8040 2 2 1 1 4147 4147 4145
8041 2 2 1 1 4149 4145 4148
8042 2 2 1 1 4149 4149 4148
8043 2 2 1 1 4145 4149 4147
8044 2 2 1 1 4145 4145 4147
8045 2 2 1 1 4152 4151 4150
8046 2 2 1 1 4152 4152 4150
8047 2 2 1 1 4149 4148 4150
8048 2 2 1 1 4149 4149 4150
8049 2 2 1 1 4149 4150 4151
8050 2 2 1 1 4149 4149 4151
8051 2 2 1 1 4155 4154 4153
8052 2 2 1 1 4155 4155 4153
8053 2 2 1 1 4153 3638 4155
8054 2 2 1 1 4153 4153 4155
8055 2 2 1 1 4156 4155 3638
8056 2 2 1 1 4156 4156 3638
8057 2 2 1 1 3640 3655 3639
8058 2 2 1 1 3640 3640 3639
8059 2 2 1 1 3638 3639 4156
8060 2 2 1 1 3638 3638 4156
8061 2 2 1 1 4159 4158 4157
8062 2 2 1 1 4159 4159 4157
8063 2 2 1 1 4160 4157 4158
8064 2 2 1 1 4160 4160 4158
8065 2 2 1 1 4162 4158 4161
8066 2 2 1 1 4162 4162 4161
8067 2 2 1 1 4161 4163 4162
8068 2 2 1 1 4161 4161 4162
8069 2 2 1 1 4161 4158 4159
8070 2 2 1 1 4161 4161 4159
8071 2 2 1 1 4166 4165 4164
8072 2 2 1 1 4166 4166 4164
8073 2 2 1 1 4168 4164 4167
8074 2 2 1 1 4168 4168 4167
8075 2 2 1 1 4164 4168 4166
8076 2 2 1 1 4164 4164 4166
8077 2 2 1 1 4168 4167 3661
8078 2 2 1 1 4168 4168 3661
8079 2 2 1 1 4168 3661 3662
8080 2 2 1 1 4168 4168 3662
8081 2 2 1 1 4171 4170 4169
8082 2 2 1 1 4171 4171 4169
8083 2 2 1 1 4172 4169 4170
8084 2 2 1 1 4172 4172 4170
8085 2 2 1 1 4173 4171 4169
8086 2 2 1 1 4173 4173 4169
8087 2 2 1 1 4176 4175 4174
8088 2 2 1 1 4176 4176 4174
8089 2 2 1 1 4171 4173 4174
8090 2 2 1 1 4171 4171 4174
8091 2 2 1 1 4171 4174 4175
8092 2 2 1 1 4171 4171 4175
8093 2 2 1 1 4179 4178 4177
8094 2 2 1 1 4179 4179 4177
8095 2 2 1 1 4179 4177 4180
8096 2 2 1 1 4179 4179 4180
8097 2 2 1 1 4183 4182 4181
8098 2 2 1 1 4183 4183 4181
8099 2 2 1 1 4180 4181 4182
8100 2 2 1 1 4180 4180 4182
8101 2 2 1 1 3619 4185 4184
8102 2 2 1 1 3618 3619 4184
8103 2 2 1 1 3618 4184 4186
8104 2 2 1 1 3622 3618 4186
8105 2 2 1 1 3622 4186 4187
8106 2 2 1 1 4188 3622 4187
8107 2 2 1 1 4189 4188 4169
8108 2 2 1 1 4172 4189 4169
8109 2 2 1 1 4192 4191 4190
8110 2 2 1 1 4193 4192 4190
8111 2 2 1 1 4191 4195 4194
8112 2 2 1 1 4190 4191 4194
8113 2 2 1 1 4195 4163 4161
8114 2 2 1 1 4194 4195 4161
8115 2 2 1 1 4198 4197 4196
8116 2 2 1 1 4199 4198 4196
8117 2 2 1 1 4199 4196 4200
8118 2 2 1 1 4201 4199 4200
8119 2 2 1 1 4201 4200 4202
8120 2 2 1 1 4203 4201 4202
8121 2 2 1 1 4203 4202 4204
8122 2 2 1 1 4205 4203 4204
8123 2 2 1 1 4205 4204 4145
8124 2 2 1 1 4146 4205 4145
8125 2 2 1 1 4207 4206 3643
8126 2 2 1 1 4208 4207 3643
8127 2 2 1 1 4206 4209 3642
8128 2 2 1 1 3643 4206 3642
8129 2 2 1 1 4209 4210 3646
8130 2 2 1 1 3642 4209 3646
8131 2 2 1 1 4210 4212 4211
8132 2 2 1 1 3646 4210 4211
8133 2 2 1 1 4212 4154 4155
8134 2 2 1 1 4211 4212 4155
8135 2 2 1 1 3948 4053 4213
8136 2 2 1 1 4214 3948 4213
8137 2 2 1 1 4214 4213 4215
8138 2 2 1 1 4216 4214 4215
8139 2 2 1 1 4216 4215 4217
8140 2 2 1 1 4218 4216 4217
8141 2 2 1 1 4218 4217 4219
8142 2 2 1 1 4220 4218 4219
8143 2 2 1 1 4220 4219 4221
8144 2 2 1 1 4222 4220 4221
8145 2 2 1 1 4222 4221 4223
8146 2 2 1 1 4224 4222 4223
8147 2 2 1 1 4224 4223 4225
8148 2 2 1 1 4226 4224 4225
8149 2 2 1 1 4226 4225 4227
8150 2 2 1 1 4228 4226 4227
8151 2 2 1 1 4228 4227 4229
8152 2 2 1 1 4230 4228 4229
8153 2 2 1 1 4053 4045 4231
8154 2 2 1 1 4213 4053 4231
8155 2 2 1 1 4213 4231 4232
8156 2 2 1 1 4215 4213 4232
8157 2 2 1 1 4215 4232 4233
8158 2 2 1 1 4217 4215 4233
8159 2 2 1 1 4217 4233 4234
8160 2 2 1 1 4219 4217 4234
8161 2 2 1 1 4219 4234 4235
8162 2 2 1 1 4221 4219 4235
8163 2 2 1 1 4221 4235 4236
8164 2 2 1 1 4223 4221 4236
8165 2 2 1 1 4223 4236 4237
8166 2 2 1 1 4225 4223 4237
8167 2 2 1 1 4225 4237 4238
8168 2 2 1 1 4227 4225 4238
8169 2 2 1 1 4227 4238 4239
8170 2 2 1 1 4229 4227 4239
8171 2 2 1 1 4045 4037 4240
8172 2 2 1 1 4231 4045 4240
8173 2 2 1 1 4231 4240 4241
8174 2 2 1 1 4232 4231 4241
8175 2 2 1 1 4232 4241 4242
8176 2 2 1 1 4233 4232 4242
8177 2 2 1 1 4233 4242 4243
8178 2 2 1 1 4234 4233 4243
8179 2 2 1 1 4234 4243 4244
8180 2 2 1 1 4235 4234 4244
8181 2 2 1 1 4235 4244 4245
8182 2 2 1 1 4236 4235 4245
8183 2 2 1 1 4236 4245 4246
8184 2 2 1 1 4237 4236 4246
8185 2 2 1 1 4237 4246 4247
8186 2 2 1 1 4238 4237 4247
8187 2 2 1 1 4238 4247 4248
8188 2 2 1 1 4239 4238 4248
8189 2 2 1 1 4037 4029 4249
8190 2 2 1 1 4240 4037 4249
8191 2 2 1 1 4240 4249 4250
8192 2 2 1 1 4241 4240 4250
8193 2 2 1 1 4241 4250 4251
8194 2 2 1 1 4242 4241 4251
8195 2 2 1 1 4242 4251 4252
8196 2 2 1 1 4243 4242 4252
8197 2 2 1 1 4243 4252 4253
8198 2 2 1 1 4244 4243 4253
8199 2 2 1 1 4244 4253 4254
8200 2 2 1 1 4245 4244 4254
8201 2 2 1 1 4245 4254 4255
8202 2 2 1 1 4246 4245 4255
8203 2 2 1 1 4246 4255 4256
8204 2 2 1 1 4247 4246 4256
8205 2 2 1 1 4247 4256 4257
8206 2 2 1 1 4248 4247 4257
8207 2 2 1 1 4029 4021 4258
8208 2 2 1 1 4249 4029 4258
8209 2 2 1 1 4249 4258 4259
8210 2 2 1 1 4250 4249 4259
8211 2 2 1 1 4250 4259 4260
8212 2 2 1 1 4251 4250 4260
8213 2 2 1 1 4251 4260 4261
8214 2 2 1 1 4252 4251 4261
8215 2 2 1 1 4252 4261 4262
8216 2 2 1 1 4253 4252 4262
8217 2 2 1 1 4253 4262 4263
8218 2 2 1 1 4254 4253 4263
8219 2 2 1 1 4254 4263 4264
8220 2 2 1 1 4255 4254 4264
8221 2 2 1 1 4255 4264 4265
8222 2 2 1 1 4256 4255 4265
8223 2 2 1 1 4256 4265 4266
8224 2 2 1 1 4257 4256 4266
8225 2 2 1 1 4021 4013 4267
8226 2 2 1 1 4258 4021 4267
8227 2 2 1 1 4258 4267 4268
8228 2 2 1 1 4259 4258 4268
8229 2 2 1 1 4259 4268 4269
8230 2 2 1 1 4260 4259 4269
8231 2 2 1 1 4260 4269 4270
8232 2 2 1 1 4261 4260 4270
8233 2 2 1 1 4261 4270 4271
8234 2 2 1 1 4262 4261 4271
8235 2 2 1 1 4262 4271 4272
8236 2 2 1 1 4263 4262 4272
8237 2 2 1 1 4263 4272 4273
8238 2 2 1 1 4264 4263 4273
8239 2 2 1 1 4264 4273 4274
8240 2 2 1 1 4265 4264 4274
8241 2 2 1 1 4013 4005 4275
8242 2 2 1 1 4267 4013 4275
8243 2 2 1 1 4267 4275 4276
8244 2 2 1 1 4268 4267 4276
8245 2 2 1 1 4268 4276 4277
8246 2 2 1 1 4269 4268 4277
8247 2 2 1 1 4269 4277 4278
8248 2 2 1 1 4270 4269 4278
8249 2 2 1 1 4270 4278 4279
8250 2 2 1 1 4271 4270 4279
8251 2 2 1 1 4271 4279 4280
8252 2 2 1 1 4272 4271 4280
8253 2 2 1 1 4272 4280 4281
8254 2 2 1 1 4273 4272 4281
8255 2 2 1 1 4273 4281 4282
8256 2 2 1 1 4274 4273 4282
8257 2 2 1 1 4005 3997 4283
8258 2 2 1 1 4275 4005 4283
8259 2 2 1 1 4275 4283 4284
8260 2 2 1 1 4276 4275 4284
8261 2 2 1 1 4276 4284 4285
8262 2 2 1 1 4277 4276 4285
8263 2 2 1 1 4277 4285 4286
8264 2 2 1 1 4278 4277 4286
8265 2 2 1 1 4278 4286 4287
8266 2 2 1 1 4279 4278 4287
8267 2 2 1 1 4279 4287 4288
8268 2 2 1 1 4280 4279 4288
8269 2 2 1 1 4280 4288 4289
8270 2 2 1 1 4281 4280 4289
8271 2 2 1 1 4281 4289 4290
8272 2 2 1 1 4282 4281 4290
8273 2 2 1 1 3997 3989 4291
8274 2 2 1 1 4283 3997 4291
8275 2 2 1 1 4283 4291 4292
8276 2 2 1 1 4284 4283 4292
8277 2 2 1 1 4284 4292 4293
8278 2 2 1 1 4285 4284 4293
8279 2 2 1 1 4285 4293 4294
8280 2 2 1 1 4286 4285 4294
8281 2 2 1 1 4286 4294 4295
8282 2 2 1 1 4287 4286 4295
8283 2 2 1 1 4287 4295 4296
8284 2 2 1 1 4288 4287 4296
8285 2 2 1 1 4288 4296 4297
8286 2 2 1 1 4289 4288 4297
8287 2 2 1 1 4289 4297 4298
8288 2 2 1 1 4290 4289 4298
8289 2 2 1 1 4290 4298 4299
8290 2 2 1 1 4159 4290 4299
8291 2 2 1 1 3989 3981 4300
8292 2 2 1 1 4291 3989 4300
8293 2 2 1 1 4291 4300 4301
8294 2 2 1 1 4292 4291 4301
8295 2 2 1 1 4292 4301 4302
8296 2 2 1 1 4293 4292 4302
8297 2 2 1 1 4293 4302 4303
8298 2 2 1 1 4294 4293 4303
8299 2 2 1 1 4294 4303 4304
8300 2 2 1 1 4295 4294 4304
8301 2 2 1 1 4295 4304 4305
8302 2 2 1 1 4296 4295 4305
8303 2 2 1 1 4296 4305 4306
8304 2 2 1 1 4297 4296 4306
8305 2 2 1 1 4297 4306 4307
8306 2 2 1 1 4298 4297 4307
8307 2 2 1 1 4298 4307 4308
8308 2 2 1 1 4299 4298 4308
8309 2 2 1 1 3981 3973 4309
8310 2 2 1 1 4300 3981 4309
8311 2 2 1 1 4300 4309 4310
8312 2 2 1 1 4301 4300 4310
8313 2 2 1 1 4301 4310 4311
8314 2 2 1 1 4302 4301 4311
8315 2 2 1 1 4302 4311 4312
8316 2 2 1 1 4303 4302 4312
8317 2 2 1 1 4303 4312 4313
8318 2 2 1 1 4304 4303 4313
8319 2 2 1 1 4304 4313 4314
8320 2 2 1 1 4305 4304 4314
8321 2 2 1 1 4305 4314 4315
8322 2 2 1 1 4306 4305 4315
8323 2 2 1 1 4306 4315 4316
8324 2 2 1 1 4307 4306 4316
8325 2 2 1 1 4307 4316 4317
8326 2 2 1 1 4308 4307 4317
8327 2 2 1 1 3973 3965 4318
8328 2 2 1 1 4309 3973 4318
8329 2 2 1 1 4309 4318 4319
8330 2 2 1 1 4310 4309 4319
8331 2 2 1 1 4310 4319 4320
8332 2 2 1 1 4311 4310 4320
8333 2 2 1 1 4311 4320 4321
8334 2 2 1 1 4312 4311 4321
8335 2 2 1 1 4312 4321 4322
8336 2 2 1 1 4313 4312 4322
8337 2 2 1 1 4313 4322 4323
8338 2 2 1 1 4314 4313 4323
8339 2 2 1 1 4314 4323 4324
8340 2 2 1 1 4315 4314 4324
8341 2 2 1 1 4315 4324 4325
8342 2 2 1 1 4316 4315 4325
8343 2 2 1 1 4316 4325 4326
8344 2 2 1 1 4317 4316 4326
8345 2 2 1 1 3965 3957 4327
8346 2 2 1 1 4318 3965 4327
8347 2 2 1 1 4318 4327 4328
8348 2 2 1 1 4319 4318 4328
8349 2 2 1 1 4319 4328 4329
8350 2 2 1 1 4320 4319 4329
8351 2 2 1 1 4320 4329 4330
8352 2 2 1 1 4321 4320 4330
8353 2 2 1 1 4321 4330 4331
8354 2 2 1 1 4322 4321 4331
8355 2 2 1 1 4322 4331 4332
8356 2 2 1 1 4323 4322 4332
8357 2 2 1 1 4323 4332 4333
8358 2 2 1 1 4324 4323 4333
8359 2 2 1 1 4324 4333 4334
8360 2 2 1 1 4325 4324 4334
8361 2 2 1 1 4325 4334 4335
8362 2 2 1 1 4326 4325 4335
8363 2 2 1 1 3957 3836 4336
8364 2 2 1 1 4327 3957 4336
8365 2 2 1 1 4327 4336 4337
8366 2 2 1 1 4328 4327 4337
8367 2 2 1 1 4328 4337 4338
8368 2 2 1 1 4329 4328 4338
8369 2 2 1 1 4329 4338 4339
8370 2 2 1 1 4330 4329 4339
8371 2 2 1 1 4330 4339 4340
8372 2 2 1 1 4331 4330 4340
8373 2 2 1 1 4331 4340 4341
8374 2 2 1 1 4332 4331 4341
8375 2 2 1 1 4332 4341 4342
8376 2 2 1 1 4333 4332 4342
8377 2 2 1 1 4333 4342 4343
8378 2 2 1 1 4334 4333 4343
8379 2 2 1 1 4334 4343 4344
8380 2 2 1 1 4335 4334 4344
8381 2 2 1 1 3948 4214 4345
8382 2 2 1 1 3940 3948 4345
8383 2 2 1 1 4214 4216 4346
8384 2 2 1 1 4345 4214 4346
8385 2 2 1 1 4216 4218 4347
8386 2 2 1 1 4346 4216 4347
8387 2 2 1 1 4218 4220 4348
8388 2 2 1 1 4347 4218 4348
8389 2 2 1 1 4220 4222 4349
8390 2 2 1 1 4348 4220 4349
8391 2 2 1 1 4222 4224 4350
8392 2 2 1 1 4349 4222 4350
8393 2 2 1 1 4224 4226 4351
8394 2 2 1 1 4350 4224 4351
8395 2 2 1 1 4226 4228 4352
8396 2 2 1 1 4351 4226 4352
8397 2 2 1 1 4228 4230 4353
8398 2 2 1 1 4352 4228 4353
8399 2 2 1 1 3940 4345 4354
8400 2 2 1 1 3932 3940 4354
8401 2 2 1 1 4345 4346 4355
8402 2 2 1 1 4354 4345 4355
8403 2 2 1 1 4346 4347 4356
8404 2 2 1 1 4355 4346 4356
8405 2 2 1 1 4347 4348 4357
8406 2 2 1 1 4356 4347 4357
8407 2 2 1 1 4348 4349 4358
8408 2 2 1 1 4357 4348 4358
8409 2 2 1 1 4349 4350 4359
8410 2 2 1 1 4358 4349 4359
8411 2 2 1 1 4350 4351 4360
8412 2 2 1 1 4359 4350 4360
8413 2 2 1 1 4351 4352 4361
8414 2 2 1 1 4360 4351 4361
8415 2 2 1 1 4352 4353 4362
8416 2 2 1 1 4361 4352 4362
8417 2 2 1 1 3932 4354 4363
8418 2 2 1 1 3924 3932 4363
8419 2 2 1 1 4354 4355 4364
8420 2 2 1 1 4363 4354 4364
8421 2 2 1 1 4355 4356 4365
8422 2 2 1 1 4364 4355 4365
8423 2 2 1 1 4356 4357 4366
8424 2 2 1 1 4365 4356 4366
8425 2 2 1 1 4357 4358 4367
8426 2 2 1 1 4366 4357 4367
8427 2 2 1 1 4358 4359 4368
8428 2 2 1 1 4367 4358 4368
8429 2 2 1 1 4359 4360 4369
8430 2 2 1 1 4368 4359 4369
8431 2 2 1 1 4360 4361 4370
8432 2 2 1 1 4369 4360 4370
8433 2 2 1 1 4361 4362 4371
8434 2 2 1 1 4370 4361 4371
8435 2 2 1 1 3924 4363 4372
8436 2 2 1 1 3916 3924 4372
8437 2 2 1 1 4363 4364 4373
8438 2 2 1 1 4372 4363 4373
8439 2 2 1 1 4364 4365 4374
8440 2 2 1 1 4373 4364 4374
8441 2 2 1 1 4365 4366 4375
8442 2 2 1 1 4374 4365 4375
8443 2 2 1 1 4366 4367 4376
8444 2 2 1 1 4375 4366 4376
8445 2 2 1 1 4367 4368 4377
8446 2 2 1 1 4376 4367 4377
8447 2 2 1 1 4368 4369 4378
8448 2 2 1 1 4377 4368 4378
8449 2 2 1 1 4369 4370 4379
8450 2 2 1 1 4378 4369 4379
8451 2 2 1 1 3916 4372 4380
8452 2 2 1 1 3908 3916 4380
8453 2 2 1 1 4372 4373 4381
8454 2 2 1 1 4380 4372 4381
8455 2 2 1 1 4373 4374 4382
8456 2 2 1 1 4381 4373 4382
8457 2 2 1 1 4374 4375 4383
8458 2 2 1 1 4382 4374 4383
8459 2 2 1 1 4375 4376 4384
8460 2 2 1 1 4383 4375 4384
8461 2 2 1 1 4376 4377 4385
8462 2 2 1 1 4384 4376 4385
8463 2 2 1 1 4377 4378 4386
8464 2 2 1 1 4385 4377 4386
8465 2 2 1 1 4378 4379 4387
8466 2 2 1 1 4386 4378 4387
8467 2 2 1 1 3908 4380 4388
8468 2 2 1 1 3900 3908 4388
8469 2 2 1 1 4380 4381 4389
8470 2 2 1 1 4388 4380 4389
8471 2 2 1 1 4381 4382 4390
8472 2 2 1 1 4389 4381 4390
8473 2 2 1 1 4382 4383 4391
8474 2 2 1 1 4390 4382 4391
8475 2 2 1 1 4383 4384 4392
8476 2 2 1 1 4391 4383 4392
8477 2 2 1 1 4384 4385 4393
8478 2 2 1 1 4392 4384 4393
8479 2 2 1 1 4385 4386 4394
8480 2 2 1 1 4393 4385 4394
8481 2 2 1 1 4386 4387 4395
8482 2 2 1 1 4394 4386 4395
8483 2 2 1 1 3900 4388 4396
8484 2 2 1 1 3892 3900 4396
8485 2 2 1 1 4388 4389 4397
8486 2 2 1 1 4396 4388 4397
8487 2 2 1 1 4389 4390 4398
8488 2 2 1 1 4397 4389 4398
8489 2 2 1 1 4390 4391 4399
8490 2 2 1 1 4398 4390 4399
8491 2 2 1 1 4391 4392 4400
8492 2 2 1 1 4399 4391 4400
8493 2 2 1 1 4392 4393 4401
8494 2 2 1 1 4400 4392 4401
8495 2 2 1 1 4393 4394 4402
8496 2 2 1 1 4401 4393 4402
8497 2 2 1 1 4394 4395 4403
8498 2 2 1 1 4402 4394 4403
8499 2 2 1 1 3892 4396 4404
8500 2 2 1 1 3884 3892 4404
8501 2 2 1 1 4396 4397 4405
8502 2 2 1 1 4404 4396 4405
8503 2 2 1 1 4397 4398 4406
8504 2 2 1 1 4405 4397 4406
8505 2 2 1 1 4398 4399 4407
8506 2 2 1 1 4406 4398 4407
8507 2 2 1 1 4399 4400 4408
8508 2 2 1 1 4407 4399 4408
8509 2 2 1 1 4400 4401 4409
8510 2 2 1 1 4408 4400 4409
8511 2 2 1 1 4401 4402 4410
8512 2 2 1 1 4409 4401 4410
8513 2 2 1 1 4402 4403 4411
8514 2 2 1 1 4410 4402 4411
8515 2 2 1 1 3884 4404 4412
8516 2 2 1 1 3876 3884 4412
8517 2 2 1 1 4404 4405 4413
8518 2 2 1 1 4412 4404 4413
8519 2 2 1 1 4405 4406 4414
8520 2 2 1 1 4413 4405 4414
8521 2 2 1 1 4406 4407 4415
8522 2 2 1 1 4414 4406 4415
8523 2 2 1 1 4407 4408 4416
8524 2 2 1 1 4415 4407 4416
8525 2 2 1 1 4408 4409 4417
8526 2 2 1 1 4416 4408 4417
8527 2 2 1 1 4409 4410 4418
8528 2 2 1 1 4417 4409 4418
8529 2 2 1 1 4410 4411 4419
8530 2 2 1 1 4418 4410 4419
8531 2 2 1 1 3876 4412 4420
8532 2 2 1 1 3868 3876 4420
8533 2 2 1 1 4412 4413 4421
8534 2 2 1 1 4420 4412 4421
8535 2 2 1 1 4413 4414 4422
8536 2 2 1 1 4421 4413 4422
8537 2 2 1 1 4414 4415 4423
8538 2 2 1 1 4422 4414 4423
8539 2 2 1 1 4415 4416 4424
8540 2 2 1 1 4423 4415 4424
8541 2 2 1 1 4416 4417 4425
8542 2 2 1 1 4424 4416 4425
8543 2 2 1 1 4417 4418 4426
8544 2 2 1 1 4425 4417 4426
8545 2 2 1 1 4418 4419 4427
8546 2 2 1 1 4426 4418 4427
8547 2 2 1 1 4419 4429 4428
8548 2 2 1 1 4427 4419 4428
8549 2 2 1 1 3868 4420 4430
8550 2 2 1 1 3860 3868 4430
8551 2 2 1 1 4420 4421 4431
8552 2 2 1 1 4430 4420 4431
8553 2 2 1 1 4421 4422 4432
8554 2 2 1 1 4431 4421 4432
8555 2 2 1 1 4422 4423 4433
8556 2 2 1 1 4432 4422 4433
8557 2 2 1 1 4423 4424 4434
8558 2 2 1 1 4433 4423 4434
8559 2 2 1 1 4424 4425 4435
8560 2 2 1 1 4434 4424 4435
8561 2 2 1 1 4425 4426 4436
8562 2 2 1 1 4435 4425 4436
8563 2 2 1 1 4426 4427 4437
8564 2 2 1 1 4436 4426 4437
8565 2 2 1 1 4427 4428 4438
8566 2 2 1 1 4437 4427 4438
8567 2 2 1 1 3860 4430 4439
8568 2 2 1 1 3852 3860 4439
8569 2 2 1 1 4430 4431 4440
8570 2 2 1 1 4439 4430 4440
8571 2 2 1 1 4431 4432 4441
8572 2 2 1 1 4440 4431 4441
8573 2 2 1 1 4432 4433 4442
8574 2 2 1 1 4441 4432 4442
8575 2 2 1 1 4433 4434 4443
8576 2 2 1 1 4442 4433 4443
8577 2 2 1 1 4434 4435 4444
8578 2 2 1 1 4443 4434 4444
8579 2 2 1 1 4435 4436 4445
8580 2 2 1 1 4444 4435 4445
8581 2 2 1 1 4436 4437 4446
8582 2 2 1 1 4445 4436 4446
8583 2 2 1 1 4437 4438 4447
8584 2 2 1 1 4446 4437 4447
8585 2 2 1 1 3852 4439 4448
8586 2 2 1 1 3837 3852 4448
8587 2 2 1 1 4439 4440 4449
8588 2 2 1 1 4448 4439 4449
8589 2 2 1 1 4440 4441 4450
8590 2 2 1 1 4449 4440 4450
8591 2 2 1 1 4441 4442 4451
8592 2 2 1 1 4450 4441 4451
8593 2 2 1 1 4442 4443 4452
8594 2 2 1 1 4451 4442 4452
8595 2 2 1 1 4443 4444 4453
8596 2 2 1 1 4452 4443 4453
8597 2 2 1 1 4444 4445 4454
8598 2 2 1 1 4453 4444 4454
8599 2 2 1 1 4445 4446 4455
8600 2 2 1 1 4454 4445 4455
8601 2 2 1 1 4446 4447 4456
8602 2 2 1 1 4455 4446 4456
8603 2 2 1 1 3837 4448 4336
8604 2 2 1 1 3836 3837 4336
8605 2 2 1 1 4448 4449 4337
8606 2 2 1 1 4336 4448 4337
8607 2 2 1 1 4449 4450 4338
8608 2 2 1 1 4337 4449 4338
8609 2 2 1 1 4450 4451 4339
8610 2 2 1 1 4338 4450 4339
8611 2 2 1 1 4451 4452 4340
8612 2 2 1 1 4339 4451 4340
8613 2 2 1 1 4452 4453 4341
8614 2 2 1 1 4340 4452 4341
8615 2 2 1 1 4453 4454 4342
8616 2 2 1 1 4341 4453 4342
8617 2 2 1 1 4454 4455 4343
8618 2 2 1 1 4342 4454 4343
8619 2 2 1 1 4455 4456 4344
8620 2 2 1 1 4343 4455 4344
8621 2 2 1 1 886 4458 4457
8622 2 2 1 1 887 886 4457
8623 2 2 1 1 887 4457 4459
8624 2 2 1 1 889 887 4459
8625 2 2 1 1 889 4459 4460
8626 2 2 1 1 891 889 4460
8627 2 2 1 1 891 4460 4461
8628 2 2 1 1 893 891 4461
8629 2 2 1 1 893 4461 4462
8630 2 2 1 1 895 893 4462
8631 2 2 1 1 895 4462 4463
8632 2 2 1 1 897 895 4463
8633 2 2 1 1 897 4463 4464
8634 2 2 1 1 899 897 4464
8635 2 2 1 1 899 4464 4465
8636 2 2 1 1 901 899 4465
8637 2 2 1 1 901 4465 4466
8638 2 2 1 1 903 901 4466
8639 2 2 1 1 4458 4468 4467
8640 2 2 1 1 4457 4458 4467
8641 2 2 1 1 4457 4467 4469
8642 2 2 1 1 4459 4457 4469
8643 2 2 1 1 4459 4469 4470
8644 2 2 1 1 4460 4459 4470
8645 2 2 1 1 4460 4470 4471
8646 2 2 1 1 4461 4460 4471
8647 2 2 1 1 4461 4471 4472
8648 2 2 1 1 4462 4461 4472
8649 2 2 1 1 4462 4472 4473
8650 2 2 1 1 4463 4462 4473
8651 2 2 1 1 4463 4473 4474
8652 2 2 1 1 4464 4463 4474
8653 2 2 1 1 4464 4474 4475
8654 2 2 1 1 4465 4464 4475
8655 2 2 1 1 4465 4475 4476
8656 2 2 1 1 4466 4465 4476
8657 2 2 1 1 4468 4478 4477
8658 2 2 1 1 4467 4468 4477
8659 2 2 1 1 4467 4477 4479
8660 2 2 1 1 4469 4467 4479
8661 2 2 1 1 4469 4479 4480
8662 2 2 1 1 4470 4469 4480
8663 2 2 1 1 4470 4480 4481
8664 2 2 1 1 4471 4470 4481
8665 2 2 1 1 4471 4481 4482
8666 2 2 1 1 4472 4471 4482
8667 2 2 1 1 4472 4482 4483
8668 2 2 1 1 4473 4472 4483
8669 2 2 1 1 4473 4483 4484
8670 2 2 1 1 4474 4473 4484
8671 2 2 1 1 4474 4484 3649
8672 2 2 1 1 4475 4474 3649
8673 2 2 1 1 4475 3649 3650
8674 2 2 1 1 4476 4475 3650
8675 2 2 1 1 4478 4486 4485
8676 2 2 1 1 4477 4478 4485
8677 2 2 1 1 4477 4485 4487
8678 2 2 1 1 4479 4477 4487
8679 2 2 1 1 4479 4487 4488
8680 2 2 1 1 4480 4479 4488
8681 2 2 1 1 4480 4488 4489
8682 2 2 1 1 4481 4480 4489
8683 2 2 1 1 4481 4489 4490
8684 2 2 1 1 4482 4481 4490
8685 2 2 1 1 4482 4490 4491
8686 2 2 1 1 4483 4482 4491
8687 2 2 1 1 4483 4491 4492
8688 2 2 1 1 4484 4483 4492
8689 2 2 1 1 4484 4492 3648
8690 2 2 1 1 3649 4484 3648
8691 2 2 1 1 4486 4494 4493
8692 2 2 1 1 4485 4486 4493
8693 2 2 1 1 4485 4493 4495
8694 2 2 1 1 4487 4485 4495
8695 2 2 1 1 4487 4495 4496
8696 2 2 1 1 4488 4487 4496
8697 2 2 1 1 4488 4496 4497
8698 2 2 1 1 4489 4488 4497
8699 2 2 1 1 4489 4497 4498
8700 2 2 1 1 4490 4489 4498
8701 2 2 1 1 4490 4498 4499
8702 2 2 1 1 4491 4490 4499
8703 2 2 1 1 4491 4499 4500
8704 2 2 1 1 4492 4491 4500
8705 2 2 1 1 4492 4500 3652
8706 2 2 1 1 3648 4492 3652
8707 2 2 1 1 4494 4502 4501
8708 2 2 1 1 4493 4494 4501
8709 2 2 1 1 4493 4501 4503
8710 2 2 1 1 4495 4493 4503
8711 2 2 1 1 4495 4503 4504
8712 2 2 1 1 4496 4495 4504
8713 2 2 1 1 4496 4504 4505
8714 2 2 1 1 4497 4496 4505
8715 2 2 1 1 4497 4505 4506
8716 2 2 1 1 4498 4497 4506
8717 2 2 1 1 4498 4506 4507
8718 2 2 1 1 4499 4498 4507
8719 2 2 1 1 4499 4507 4508
8720 2 2 1 1 4500 4499 4508
8721 2 2 1 1 4500 4508 3654
8722 2 2 1 1 3652 4500 3654
8723 2 2 1 1 4502 4510 4509
8724 2 2 1 1 4501 4502 4509
8725 2 2 1 1 4501 4509 4511
8726 2 2 1 1 4503 4501 4511
8727 2 2 1 1 4503 4511 4512
8728 2 2 1 1 4504 4503 4512
8729 2 2 1 1 4504 4512 4513
8730 2 2 1 1 4505 4504 4513
8731 2 2 1 1 4505 4513 4514
8732 2 2 1 1 4506 4505 4514
8733 2 2 1 1 4506 4514 4515
8734 2 2 1 1 4507 4506 4515
8735 2 2 1 1 4507 4515 4516
8736 2 2 1 1 4508 4507 4516
8737 2 2 1 1 4508 4516 3656
8738 2 2 1 1 3654 4508 3656
8739 2 2 1 1 4510 4518 4517
8740 2 2 1 1 4509 4510 4517
8741 2 2 1 1 4509 4517 4519
8742 2 2 1 1 4511 4509 4519
8743 2 2 1 1 4511 4519 4520
8744 2 2 1 1 4512 4511 4520
8745 2 2 1 1 4512 4520 4521
8746 2 2 1 1 4513 4512 4521
8747 2 2 1 1 4513 4521 4522
8748 2 2 1 1 4514 4513 4522
8749 2 2 1 1 4514 4522 3636
8750 2 2 1 1 4515 4514 3636
8751 2 2 1 1 4515 3636 3637
8752 2 2 1 1 4516 4515 3637
8753 2 2 1 1 4516 3637 4523
8754 2 2 1 1 3656 4516 4523
8755 2 2 1 1 4518 4525 4524
8756 2 2 1 1 4517 4518 4524
8757 2 2 1 1 4517 4524 4526
8758 2 2 1 1 4519 4517 4526
8759 2 2 1 1 4519 4526 4527
8760 2 2 1 1 4520 4519 4527
8761 2 2 1 1 4520 4527 4528
8762 2 2 1 1 4521 4520 4528
8763 2 2 1 1 4521 4528 4529
8764 2 2 1 1 4522 4521 4529
8765 2 2 1 1 4522 4529 3635
8766 2 2 1 1 3636 4522 3635
8767 2 2 1 1 3637 3634 4530
8768 2 2 1 1 4523 3637 4530
8769 2 2 1 1 4525 4532 4531
8770 2 2 1 1 4524 4525 4531
8771 2 2 1 1 4524 4531 4533
8772 2 2 1 1 4526 4524 4533
8773 2 2 1 1 4526 4533 4534
8774 2 2 1 1 4527 4526 4534
8775 2 2 1 1 4527 4534 4535
8776 2 2 1 1 4528 4527 4535
8777 2 2 1 1 4528 4535 4536
8778 2 2 1 1 4529 4528 4536
8779 2 2 1 1 4529 4536 4537
8780 2 2 1 1 3635 4529 4537
8781 2 2 1 1 3635 4537 4538
8782 2 2 1 1 3634 3635 4538
8783 2 2 1 1 3634 4538 4539
8784 2 2 1 1 4530 3634 4539
8785 2 2 1 1 4532 4541 4540
8786 2 2 1 1 4531 4532 4540
8787 2 2 1 1 4531 4540 4542
8788 2 2 1 1 4533 4531 4542
8789 2 2 1 1 4533 4542 4543
8790 2 2 1 1 4534 4533 4543
8791 2 2 1 1 4534 4543 4544
8792 2 2 1 1 4535 4534 4544
8793 2 2 1 1 4535 4544 4545
8794 2 2 1 1 4536 4535 4545
8795 2 2 1 1 4536 4545 4546
8796 2 2 1 1 4537 4536 4546
8797 2 2 1 1 4537 4546 4547
8798 2 2 1 1 4538 4537 4547
8799 2 2 1 1 4538 4547 4548
8800 2 2 1 1 4539 4538 4548
8801 2 2 1 1 4541 4550 4549
8802 2 2 1 1 4540 4541 4549
8803 2 2 1 1 4540 4549 4551
8804 2 2 1 1 4542 4540 4551
8805 2 2 1 1 4542 4551 4552
8806 2 2 1 1 4543 4542 4552
8807 2 2 1 1 4543 4552 4553
8808 2 2 1 1 4544 4543 4553
8809 2 2 1 1 4544 4553 4554
8810 2 2 1 1 4545 4544 4554
8811 2 2 1 1 4545 4554 4555
8812 2 2 1 1 4546 4545 4555
8813 2 2 1 1 4546 4555 4556
8814 2 2 1 1 4547 4546 4556
8815 2 2 1 1 4547 4556 4557
8816 2 2 1 1 4548 4547 4557
8817 2 2 1 1 4548 4557 3644
8818 2 2 1 1 3641 4548 3644
8819 2 2 1 1 4550 4559 4558
8820 2 2 1 1 4549 4550 4558
8821 2 2 1 1 4549 4558 4560
8822 2 2 1 1 4551 4549 4560
8823 2 2 1 1 4551 4560 4561
8824 2 2 1 1 4552 4551 4561
8825 2 2 1 1 4552 4561 4562
8826 2 2 1 1 4553 4552 4562
8827 2 2 1 1 4553 4562 4563
8828 2 2 1 1 4554 4553 4563
8829 2 2 1 1 4554 4563 4564
8830 2 2 1 1 4555 4554 4564
8831 2 2 1 1 4555 4564 4565
8832 2 2 1 1 4556 4555 4565
8833 2 2 1 1 4556 4565 4566
8834 2 2 1 1 4557 4556 4566
8835 2 2 1 1 4557 4566 4567
8836 2 2 1 1 3644 4557 4567
8837 2 2 1 1 4559 1006 1005
8838 2 2 1 1 4558 4559 1005
8839 2 2 1 1 4558 1005 1007
8840 2 2 1 1 4560 4558 1007
8841 2 2 1 1 4560 1007 1008
8842 2 2 1 1 4561 4560 1008
8843 2 2 1 1 4561 1008 1009
8844 2 2 1 1 4562 4561 1009
8845 2 2 1 1 4562 1009 1010
8846 2 2 1 1 4563 4562 1010
8847 2 2 1 1 4563 1010 1011
8848 2 2 1 1 4564 4563 1011
8849 2 2 1 1 4564 1011 1012
8850 2 2 1 1 4565 4564 1012
8851 2 2 1 1 4565 1012 1013
8852 2 2 1 1 4566 4565 1013
8853 2 2 1 1 4566 1013 1014
8854 2 2 1 1 4567 4566 1014
8855 2 2 1 1 4570 4569 4568
8856 2 2 1 1 4571 4570 4568
8857 2 2 1 1 4571 4568 4572
8858 2 2 1 1 4573 4571 4572
8859 2 2 1 1 4573 4572 4574
8860 2 2 1 1 4575 4573 4574
8861 2 2 1 1 4575 4574 4576
8862 2 2 1 1 4577 4575 4576
8863 2 2 1 1 4577 4576 4578
8864 2 2 1 1 4579 4577 4578
8865 2 2 1 1 4579 4578 4580
8866 2 2 1 1 4581 4579 4580
8867 2 2 1 1 4581 4580 4582
8868 2 2 1 1 4583 4581 4582
8869 2 2 1 1 4583 4582 4584
8870 2 2 1 1 4585 4583 4584
8871 2 2 1 1 4585 4584 4586
8872 2 2 1 1 4587 4585 4586
8873 2 2 1 1 4587 4586 4588
8874 2 2 1 1 4589 4587 4588
8875 2 2 1 1 4589 4588 4590
8876 2 2 1 1 4591 4589 4590
8877 2 2 1 1 4591 4590 4592
8878 2 2 1 1 4593 4591 4592
8879 2 2 1 1 4593 4592 4594
8880 2 2 1 1 4595 4593 4594
8881 2 2 1 1 4595 4594 4596
8882 2 2 1 1 4597 4595 4596
8883 2 2 1 1 4597 4596 4598
8884 2 2 1 1 4599 4597 4598
8885 2 2 1 1 4599 4598 4600
8886 2 2 1 1 4601 4599 4600
8887 2 2 1 1 4601 4600 4602
8888 2 2 1 1 4603 4601 4602
8889 2 2 1 1 4603 4602 4604
8890 2 2 1 1 4605 4603 4604
8891 2 2 1 1 4605 4604 4606
8892 2 2 1 1 4607 4605 4606
8893 2 2 1 1 4607 4606 4608
8894 2 2 1 1 4609 4607 4608
8895 2 2 1 1 4609 4608 4610
8896 2 2 1 1 4611 4609 4610
8897 2 2 1 1 4611 4610 4612
8898 2 2 1 1 4613 4611 4612
8899 2 2 1 1 4613 4612 4614
8900 2 2 1 1 4615 4613 4614
8901 2 2 1 1 4569 4617 4616
8902 2 2 1 1 4568 4569 4616
8903 2 2 1 1 4568 4616 4618
8904 2 2 1 1 4572 4568 4618
8905 2 2 1 1 4572 4618 4619
8906 2 2 1 1 4574 4572 4619
8907 2 2 1 1 4574 4619 4620
8908 2 2 1 1 4576 4574 4620
8909 2 2 1 1 4576 4620 4621
8910 2 2 1 1 4578 4576 4621
8911 2 2 1 1 4578 4621 4622
8912 2 2 1 1 4580 4578 4622
8913 2 2 1 1 4580 4622 4623
8914 2 2 1 1 4582 4580 4623
8915 2 2 1 1 4582 4623 4624
8916 2 2 1 1 4584 4582 4624
8917 2 2 1 1 4584 4624 4625
8918 2 2 1 1 4586 4584 4625
8919 2 2 1 1 4586 4625 4626
8920 2 2 1 1 4588 4586 4626
8921 2 2 1 1 4588 4626 4627
8922 2 2 1 1 4590 4588 4627
8923 2 2 1 1 4590 4627 4628
8924 2 2 1 1 4592 4590 4628
8925 2 2 1 1 4592 4628 4629
8926 2 2 1 1 4594 4592 4629
8927 2 2 1 1 4594 4629 4630
8928 2 2 1 1 4596 4594 4630
8929 2 2 1 1 4596 4630 4631
8930 2 2 1 1 4598 4596 4631
8931 2 2 1 1 4598 4631 4632
8932 2 2 1 1 4600 4598 4632
8933 2 2 1 1 4600 4632 4633
8934 2 2 1 1 4602 4600 4633
8935 2 2 1 1 4602 4633 4634
8936 2 2 1 1 4604 4602 4634
8937 2 2 1 1 4604 4634 4635
8938 2 2 1 1 4606 4604 4635
8939 2 2 1 1 4606 4635 4636
8940 2 2 1 1 4608 4606 4636
8941 2 2 1 1 4608 4636 4637
8942 2 2 1 1 4610 4608 4637
8943 2 2 1 1 4610 4637 4638
8944 2 2 1 1 4612 4610 4638
8945 2 2 1 1 4612 4638 4639
8946 2 2 1 1 4614 4612 4639
8947 2 2 1 1 4617 4641 4640
8948 2 2 1 1 4616 4617 4640
8949 2 2 1 1 4616 4640 4642
8950 2 2 1 1 4618 4616 4642
8951 2 2 1 1 4618 4642 4643
8952 2 2 1 1 4619 4618 4643
8953 2 2 1 1 4619 4643 4644
8954 2 2 1 1 4620 4619 4644
8955 2 2 1 1 4620 4644 4645
8956 2 2 1 1 4621 4620 4645
8957 2 2 1 1 4621 4645 4646
8958 2 2 1 1 4622 4621 4646
8959 2 2 1 1 4622 4646 4647
8960 2 2 1 1 4623 4622 4647
8961 2 2 1 1 4623 4647 4648
8962 2 2 1 1 4624 4623 4648
8963 2 2 1 1 4624 4648 4649
8964 2 2 1 1 4625 4624 4649
8965 2 2 1 1 4625 4649 4650
8966 2 2 1 1 4626 4625 4650
8967 2 2 1 1 4626 4650 4651
8968 2 2 1 1 4627 4626 4651
8969 2 2 1 1 4627 4651 4652
8970 2 2 1 1 4628 4627 4652
8971 2 2 1 1 4628 4652 4653
8972 2 2 1 1 4629 4628 4653
8973 2 2 1 1 4629 4653 4654
8974 2 2 1 1 4630 4629 4654
8975 2 2 1 1 4630 4654 4655
8976 2 2 1 1 4631 4630 4655
8977 2 2 1 1 4631 4655 4656
8978 2 2 1 1 4632 4631 4656
8979 2 2 1 1 4632 4656 4657
8980 2 2 1 1 4633 4632 4657
8981 2 2 1 1 4633 4657 4658
8982 2 2 1 1 4634 4633 4658
8983 2 2 1 1 4634 4658 4659
8984 2 2 1 1 4635 4634 4659
8985 2 2 1 1 4635 4659 4660
8986 2 2 1 1 4636 4635 4660
8987 2 2 1 1 4636 4660 4661
8988 2 2 1 1 4637 4636 4661
8989 2 2 1 1 4637 4661 4662
8990 2 2 1 1 4638 4637 4662
8991 2 2 1 1 4638 4662 4663
8992 2 2 1 1 4639 4638 4663
8993 2 2 1 1 4641 4665 4664
8994 2 2 1 1 4640 4641 4664
8995 2 2 1 1 4640 4664 4666
8996 2 2 1 1 4642 4640 4666
8997 2 2 1 1 4642 4666 4667
8998 2 2 1 1 4643 4642 4667
8999 2 2 1 1 4643 4667 4668
9000 2 2 1 1 4644 4643 4668
9001 2 2 1 1 4644 4668 4669
9002 2 2 1 1 4645 4644 4669
9003 2 2 1 1 4645 4669 4670
9004 2 2 1 1 4646 4645 4670
9005 2 2 1 1 4646 4670 4671
9006 2 2 1 1 4647 4646 4671
9007 2 2 1 1 4647 4671 4672
9008 2 2 1 1 4648 4647 4672
9009 2 2 1 1 4648 4672 4673
9010 2 2 1 1 4649 4648 4673
9011 2 2 1 1 4649 4673 4674
9012 2 2 1 1 4650 4649 4674
9013 2 2 1 1 4650 4674 4675
9014 2 2 1 1 4651 4650 4675
9015 2 2 1 1 4651 4675 4676
9016 2 2 1 1 4652 4651 4676
9017 2 2 1 1 4652 4676 4677
9018 2 2 1 1 4653 4652 4677
9019 2 2 1 1 4653 4677 4678
9020 2 2 1 1 4654 4653 4678
9021 2 2 1 1 4654 4678 4679
9022 2 2 1 1 4655 4654 4679
9023 2 2 1 1 4655 4679 4680
9024 2 2 1 1 4656 4655 4680
9025 2 2 1 1 4656 4680 4681
9026 2 2 1 1 4657 4656 4681
9027 2 2 1 1 4657 4681 4682
9028 2 2 1 1 4658 4657 4682
9029 2 2 1 1 4658 4682 4683
9030 2 2 1 1 4659 4658 4683
9031 2 2 1 1 4659 4683 4684
9032 2 2 1 1 4660 4659 4684
9033 2 2 1 1 4660 4684 4685
9034 2 2 1 1 4661 4660 4685
9035 2 2 1 1 4661 4685 4686
9036 2 2 1 1 4662 4661 4686
9037 2 2 1 1 4662 4686 4687
9038 2 2 1 1 4663 4662 4687
9039 2 2 1 1 4665 4689 4688
9040 2 2 1 1 4664 4665 4688
9041 2 2 1 1 4664 4688 4690
9042 2 2 1 1 4666 4664 4690
9043 2 2 1 1 4666 4690 4691
9044 2 2 1 1 4667 4666 4691
9045 2 2 1 1 4667 4691 4692
9046 2 2 1 1 4668 4667 4692
9047 2 2 1 1 4668 4692 4693
9048 2 2 1 1 4669 4668 4693
9049 2 2 1 1 4669 4693 4694
9050 2 2 1 1 4670 4669 4694
9051 2 2 1 1 4670 4694 4695
9052 2 2 1 1 4671 4670 4695
9053 2 2 1 1 4671 4695 4696
9054 2 2 1 1 4672 4671 4696
9055 2 2 1 1 4672 4696 4697
9056 2 2 1 1 4673 4672 4697
9057 2 2 1 1 4673 4697 4698
9058 2 2 1 1 4674 4673 4698
9059 2 2 1 1 4674 4698 4699
9060 2 2 1 1 4675 4674 4699
9061 2 2 1 1 4675 4699 4700
9062 2 2 1 1 4676 4675 4700
9063 2 2 1 1 4676 4700 4701
9064 2 2 1 1 4677 4676 4701
9065 2 2 1 1 4677 4701 4702
9066 2 2 1 1 4678 4677 4702
9067 2 2 1 1 4678 4702 4703
9068 2 2 1 1 4679 4678 4703
9069 2 2 1 1 4679 4703 4704
9070 2 2 1 1 4680 4679 4704
9071 2 2 1 1 4680 4704 4705
9072 2 2 1 1 4681 4680 4705
9073 2 2 1 1 4681 4705 4706
9074 2 2 1 1 4682 4681 4706
9075 2 2 1 1 4682 4706 4707
9076 2 2 1 1 4683 4682 4707
9077 2 2 1 1 4683 4707 4708
9078 2 2 1 1 4684 4683 4708
9079 2 2 1 1 4684 4708 4709
9080 2 2 1 1 4685 4684 4709
9081 2 2 1 1 4685 4709 4710
9082 2 2 1 1 4686 4685 4710
9083 2 2 1 1 4686 4710 4711
9084 2 2 1 1 4687 4686 4711
9085 2 2 1 1 4689 4713 4712
9086 2 2 1 1 4688 4689 4712
9087 2 2 1 1 4688 4712 4714
9088 2 2 1 1 4690 4688 4714
9089 2 2 1 1 4690 4714 4715
9090 2 2 1 1 4691 4690 4715
9091 2 2 1 1 4691 4715 4716
9092 2 2 1 1 4692 4691 4716
9093 2 2 1 1 4692 4716 4717
9094 2 2 1 1 4693 4692 4717
9095 2 2 1 1 4693 4717 4718
9096 2 2 1 1 4694 4693 4718
9097 2 2 1 1 4694 4718 4719
9098 2 2 1 1 4695 4694 4719
9099 2 2 1 1 4695 4719 4720
9100 2 2 1 1 4696 4695 4720
9101 2 2 1 1 4696 4720 4721
9102 2 2 1 1 4697 4696 4721
9103 2 2 1 1 4697 4721 4722
9104 2 2 1 1 4698 4697 4722
9105 2 2 1 1 4698 4722 4723
9106 2 2 1 1 4699 4698 4723
9107 2 2 1 1 4699 4723 4724
9108 2 2 1 1 4700 4699 4724
9109 2 2 1 1 4700 4724 4725
9110 2 2 1 1 4701 4700 4725
9111 2 2 1 1 4701 4725 4726
9112 2 2 1 1 4702 4701 4726
9113 2 2 1 1 4702 4726 4727
9114 2 2 1 1 4703 4702 4727
9115 2 2 1 1 4703 4727 4728
9116 2 2 1 1 4704 4703 4728
9117 2 2 1 1 4704 4728 4729
9118 2 2 1 1 4705 4704 4729
9119 2 2 1 1 4705 4729 4730
9120 2 2 1 1 4706 4705 4730
9121 2 2 1 1 4706 4730 4731
9122 2 2 1 1 4707 4706 4731
9123 2 2 1 1 4707 4731 4732
9124 2 2 1 1 4708 4707 4732
9125 2 2 1 1 4708 4732 4733
9126 2 2 1 1 4709 4708 4733
9127 2 2 1 1 4709 4733 4734
9128 2 2 1 1 4710 4709 4734
9129 2 2 1 1 4710 4734 4735
9130 2 2 1 1 4711 4710 4735
9131 2 2 1 1 4737 4570 4736
9132 2 2 1 1 4738 4737 4736
9133 2 2 1 1 4570 4571 4739
9134 2 2 1 1 4736 4570 4739
9135 2 2 1 1 4571 4573 4740
9136 2 2 1 1 4739 4571 4740
9137 2 2 1 1 4573 4575 4741
9138 2 2 1 1 4740 4573 4741
9139 2 2 1 1 4575 4577 4742
9140 2 2 1 1 4741 4575 4742
9141 2 2 1 1 4577 4579 4743
9142 2 2 1 1 4742 4577 4743
9143 2 2 1 1 4579 4581 4744
9144 2 2 1 1 4743 4579 4744
9145 2 2 1 1 4581 4583 4745
9146 2 2 1 1 4744 4581 4745
9147 2 2 1 1 4583 4585 4746
9148 2 2 1 1 4745 4583 4746
9149 2 2 1 1 4585 4587 4747
9150 2 2 1 1 4746 4585 4747
9151 2 2 1 1 4587 4589 4748
9152 2 2 1 1 4747 4587 4748
9153 2 2 1 1 4589 4591 4749
9154 2 2 1 1 4748 4589 4749
9155 2 2 1 1 4591 4593 4750
9156 2 2 1 1 4749 4591 4750
9157 2 2 1 1 4593 4595 4751
9158 2 2 1 1 4750 4593 4751
9159 2 2 1 1 4595 4597 4752
9160 2 2 1 1 4751 4595 4752
9161 2 2 1 1 4597 4599 4753
9162 2 2 1 1 4752 4597 4753
9163 2 2 1 1 4599 4601 4754
9164 2 2 1 1 4753 4599 4754
9165 2 2 1 1 4601 4603 4755
9166 2 2 1 1 4754 4601 4755
9167 2 2 1 1 4603 4605 4756
9168 2 2 1 1 4755 4603 4756
9169 2 2 1 1 4605 4607 4757
9170 2 2 1 1 4756 4605 4757
9171 2 2 1 1 4607 4609 4758
9172 2 2 1 1 4757 4607 4758
9173 2 2 1 1 4609 4611 4759
9174 2 2 1 1 4758 4609 4759
9175 2 2 1 1 4611 4613 4760
9176 2 2 1 1 4759 4611 4760
9177 2 2 1 1 4613 4615 4761
9178 2 2 1 1 4760 4613 4761
9179 2 2 1 1 4615 4189 4762
9180 2 2 1 1 4761 4615 4762
9181 2 2 1 1 4738 4736 4763
9182 2 2 1 1 4764 4738 4763
9183 2 2 1 1 4736 4739 4765
9184 2 2 1 1 4763 4736 4765
9185 2 2 1 1 4739 4740 4766
9186 2 2 1 1 4765 4739 4766
9187 2 2 1 1 4740 4741 4767
9188 2 2 1 1 4766 4740 4767
9189 2 2 1 1 4741 4742 4768
9190 2 2 1 1 4767 4741 4768
9191 2 2 1 1 4742 4743 4769
9192 2 2 1 1 4768 4742 4769
9193 2 2 1 1 4743 4744 4770
9194 2 2 1 1 4769 4743 4770
9195 2 2 1 1 4744 4745 4771
9196 2 2 1 1 4770 4744 4771
9197 2 2 1 1 4745 4746 4772
9198 2 2 1 1 4771 4745 4772
9199 2 2 1 1 4746 4747 4773
9200 2 2 1 1 4772 4746 4773
9201 2 2 1 1 4747 4748 4774
9202 2 2 1 1 4773 4747 4774
9203 2 2 1 1 4748 4749 4775
9204 2 2 1 1 4774 4748 4775
9205 2 2 1 1 4749 4750 4776
9206 2 2 1 1 4775 4749 4776
9207 2 2 1 1 4750 4751 4777
9208 2 2 1 1 4776 4750 4777
9209 2 2 1 1 4751 4752 4778
9210 2 2 1 1 4777 4751 4778
9211 2 2 1 1 4752 4753 4779
9212 2 2 1 1 4778 4752 4779
9213 2 2 1 1 4753 4754 4780
9214 2 2 1 1 4779 4753 4780
9215 2 2 1 1 4754 4755 4781
9216 2 2 1 1 4780 4754 4781
9217 2 2 1 1 4755 4756 4782
9218 2 2 1 1 4781 4755 4782
9219 2 2 1 1 4756 4757 4783
9220 2 2 1 1 4782 4756 4783
9221 2 2 1 1 4757 4758 4784
9222 2 2 1 1 4783 4757 4784
9223 2 2 1 1 4758 4759 4785
9224 2 2 1 1 4784 4758 4785
9225 2 2 1 1 4759 4760 4786
9226 2 2 1 1 4785 4759 4786
9227 2 2 1 1 4760 4761 4787
9228 2 2 1 1 4786 4760 4787
9229 2 2 1 1 4761 4762 4788
9230 2 2 1 1 4787 4761 4788
9231 2 2 1 1 4764 4763 4789
9232 2 2 1 1 4790 4764 4789
9233 2 2 1 1 4763 4765 4791
9234 2 2 1 1 4789 4763 4791
9235 2 2 1 1 4765 4766 4792
9236 2 2 1 1 4791 4765 4792
9237 2 2 1 1 4766 4767 4793
9238 2 2 1 1 4792 4766 4793
9239 2 2 1 1 4767 4768 4794
9240 2 2 1 1 4793 4767 4794
9241 2 2 1 1 4768 4769 4795
9242 2 2 1 1 4794 4768 4795
9243 2 2 1 1 4769 4770 4796
9244 2 2 1 1 4795 4769 4796
9245 2 2 1 1 4770 4771 4797
9246 2 2 1 1 4796 4770 4797
9247 2 2 1 1 4771 4772 4798
9248 2 2 1 1 4797 4771 4798
9249 2 2 1 1 4772 4773 4799
9250 2 2 1 1 4798 4772 4799
9251 2 2 1 1 4773 4774 4800
9252 2 2 1 1 4799 4773 4800
9253 2 2 1 1 4774 4775 4801
9254 2 2 1 1 4800 4774 4801
9255 2 2 1 1 4775 4776 4802
9256 2 2 1 1 4801 4775 4802
9257 2 2 1 1 4776 4777 4803
9258 2 2 1 1 4802 4776 4803
9259 2 2 1 1 4777 4778 4804
9260 2 2 1 1 4803 4777 4804
9261 2 2 1 1 4778 4779 4805
9262 2 2 1 1 4804 4778 4805
9263 2 2 1 1 4779 4780 4806
9264 2 2 1 1 4805 4779 4806
9265 2 2 1 1 4780 4781 4807
9266 2 2 1 1 4806 4780 4807
9267 2 2 1 1 4781 4782 4808
9268 2 2 1 1 4807 4781 4808
9269 2 2 1 1 4782 4783 4809
9270 2 2 1 1 4808 4782 4809
9271 2 2 1 1 4783 4784 4810
9272 2 2 1 1 4809 4783 4810
9273 2 2 1 1 4784 4785 4811
9274 2 2 1 1 4810 4784 4811
9275 2 2 1 1 4785 4786 4812
9276 2 2 1 1 4811 4785 4812
9277 2 2 1 1 4786 4787 4813
9278 2 2 1 1 4812 4786 4813
9279 2 2 1 1 4787 4788 4814
9280 2 2 1 1 4813 4787 4814
9281 2 2 1 1 4790 4789 4815
9282 2 2 1 1 4816 4790 4815
9283 2 2 1 1 4789 4791 4817
9284 2 2 1 1 4815 4789 4817
9285 2 2 1 1 4791 4792 4818
9286 2 2 1 1 4817 4791 4818
9287 2 2 1 1 4792 4793 4819
9288 2 2 1 1 4818 4792 4819
9289 2 2 1 1 4793 4794 4820
9290 2 2 1 1 4819 4793 4820
9291 2 2 1 1 4794 4795 4821
9292 2 2 1 1 4820 4794 4821
9293 2 2 1 1 4795 4796 4822
9294 2 2 1 1 4821 4795 4822
9295 2 2 1 1 4796 4797 4823
9296 2 2 1 1 4822 4796 4823
9297 2 2 1 1 4797 4798 4824
9298 2 2 1 1 4823 4797 4824
9299 2 2 1 1 4798 4799 4825
9300 2 2 1 1 4824 4798 4825
9301 2 2 1 1 4799 4800 4826
9302 2 2 1 1 4825 4799 4826
9303 2 2 1 1 4800 4801 4827
9304 2 2 1 1 4826 4800 4827
9305 2 2 1 1 4801 4802 4828
9306 2 2 1 1 4827 4801 4828
9307 2 2 1 1 4802 4803 4829
9308 2 2 1 1 4828 4802 4829
9309 2 2 1 1 4803 4804 4830
9310 2 2 1 1 4829 4803 4830
9311 2 2 1 1 4804 4805 4831
9312 2 2 1 1 4830 4804 4831
9313 2 2 1 1 4805 4806 4832
9314 2 2 1 1 4831 4805 4832
9315 2 2 1 1 4806 4807 4833
9316 2 2 1 1 4832 4806 4833
9317 2 2 1 1 4807 4808 4834
9318 2 2 1 1 4833 4807 4834
9319 2 2 1 1 4808 4809 4835
9320 2 2 1 1 4834 4808 4835
9321 2 2 1 1 4809 4810 4836
9322 2 2 1 1 4835 4809 4836
9323 2 2 1 1 4810 4811 4837
9324 2 2 1 1 4836 4810 4837
9325 2 2 1 1 4811 4812 4838
9326 2 2 1 1 4837 4811 4838
9327 2 2 1 1 4812 4813 4839
9328 2 2 1 1 4838 4812 4839
9329 2 2 1 1 4813 4814 4840
9330 2 2 1 1 4839 4813 4840
9331 2 2 1 1 4816 4815 4841
9332 2 2 1 1 4842 4816 4841
9333 2 2 1 1 4815 4817 4843
9334 2 2 1 1 4841 4815 4843
9335 2 2 1 1 4817 4818 4844
9336 2 2 1 1 4843 4817 4844
9337 2 2 1 1 4818 4819 4845
9338 2 2 1 1 4844 4818 4845
9339 2 2 1 1 4819 4820 4846
9340 2 2 1 1 4845 4819 4846
9341 2 2 1 1 4820 4821 4847
9342 2 2 1 1 4846 4820 4847
9343 2 2 1 1 4821 4822 4848
9344 2 2 1 1 4847 4821 4848
9345 2 2 1 1 4822 4823 4849
9346 2 2 1 1 4848 4822 4849
9347 2 2 1 1 4823 4824 4850
9348 2 2 1 1 4849 4823 4850
9349 2 2 1 1 4824 4825 4851
9350 2 2 1 1 4850 4824 4851
9351 2 2 1 1 4825 4826 4852
9352 2 2 1 1 4851 4825 4852
9353 2 2 1 1 4826 4827 4853
9354 2 2 1 1 4852 4826 4853
9355 2 2 1 1 4827 4828 4854
9356 2 2 1 1 4853 4827 4854
9357 2 2 1 1 4828 4829 4855
9358 2 2 1 1 4854 4828 4855
9359 2 2 1 1 4829 4830 4856
9360 2 2 1 1 4855 4829 4856
9361 2 2 1 1 4830 4831 4857
9362 2 2 1 1 4856 4830 4857
9363 2 2 1 1 4831 4832 4858
9364 2 2 1 1 4857 4831 4858
9365 2 2 1 1 4832 4833 4859
9366 2 2 1 1 4858 4832 4859
9367 2 2 1 1 4833 4834 4860
9368 2 2 1 1 4859 4833 4860
9369 2 2 1 1 4834 4835 4861
9370 2 2 1 1 4860 4834 4861
9371 2 2 1 1 4835 4836 4862
9372 2 2 1 1 4861 4835 4862
9373 2 2 1 1 4836 4837 4863
9374 2 2 1 1 4862 4836 4863
9375 2 2 1 1 4837 4838 4864
9376 2 2 1 1 4863 4837 4864
9377 2 2 1 1 4838 4839 4865
9378 2 2 1 1 4864 4838 4865
9379 2 2 1 1 4839 4840 4866
9380 2 2 1 1 4865 4839 4866
9381 2 2 1 1 4842 4841 4867
9382 2 2 1 1 4868 4842 4867
9383 2 2 1 1 4841 4843 4869
9384 2 2 1 1 4867 4841 4869
9385 2 2 1 1 4843 4844 4870
9386 2 2 1 1 4869 4843 4870
9387 2 2 1 1 4844 4845 4871
9388 2 2 1 1 4870 4844 4871
9389 2 2 1 1 4845 4846 4872
9390 2 2 1 1 4871 4845 4872
9391 2 2 1 1 4846 4847 4873
9392 2 2 1 1 4872 4846 4873
9393 2 2 1 1 4847 4848 4874
9394 2 2 1 1 4873 4847 4874
9395 2 2 1 1 4848 4849 4875
9396 2 2 1 1 4874 4848 4875
9397 2 2 1 1 4849 4850 4876
9398 2 2 1 1 4875 4849 4876
9399 2 2 1 1 4850 4851 4877
9400 2 2 1 1 4876 4850 4877
9401 2 2 1 1 4851 4852 4878
9402 2 2 1 1 4877 4851 4878
9403 2 2 1 1 4852 4853 4879
9404 2 2 1 1 4878 4852 4879
9405 2 2 1 1 4853 4854 4880
9406 2 2 1 1 4879 4853 4880
9407 2 2 1 1 4854 4855 4881
9408 2 2 1 1 4880 4854 4881
9409 2 2 1 1 4855 4856 4882
9410 2 2 1 1 4881 4855 4882
9411 2 2 1 1 4856 4857 4883
9412 2 2 1 1 4882 4856 4883
9413 2 2 1 1 4857 4858 4884
9414 2 2 1 1 4883 4857 4884
9415 2 2 1 1 4858 4859 4885
9416 2 2 1 1 4884 4858 4885
9417 2 2 1 1 4859 4860 4886
9418 2 2 1 1 4885 4859 4886
9419 2 2 1 1 4860 4861 4887
9420 2 2 1 1 4886 4860 4887
9421 2 2 1 1 4861 4862 4888
9422 2 2 1 1 4887 4861 4888
9423 2 2 1 1 4862 4863 4889
9424 2 2 1 1 4888 4862 4889
9425 2 2 1 1 4863 4864 4890
9426 2 2 1 1 4889 4863 4890
9427 2 2 1 1 4864 4865 4891
9428 2 2 1 1 4890 4864 4891
9429 2 2 1 1 4865 4866 4195
9430 2 2 1 1 4891 4865 4195
9431 2 2 1 1 4189 4893 4892
9432 2 2 1 1 4762 4189 4892
9433 2 2 1 1 4893 4172 4894
9434 2 2 1 1 4892 4893 4894
9435 2 2 1 1 4172 4171 4895
9436 2 2 1 1 4894 4172 4895
9437 2 2 1 1 4762 4892 4896
9438 2 2 1 1 4788 4762 4896
9439 2 2 1 1 4892 4894 4897
9440 2 2 1 1 4896 4892 4897
9441 2 2 1 1 4894 4895 4898
9442 2 2 1 1 4897 4894 4898
9443 2 2 1 1 4895 4900 4899
9444 2 2 1 1 4898 4895 4899
9445 2 2 1 1 4788 4896 4901
9446 2 2 1 1 4814 4788 4901
9447 2 2 1 1 4896 4897 4902
9448 2 2 1 1 4901 4896 4902
9449 2 2 1 1 4897 4898 4903
9450 2 2 1 1 4902 4897 4903
9451 2 2 1 1 4898 4899 4904
9452 2 2 1 1 4903 4898 4904
9453 2 2 1 1 4814 4901 4905
9454 2 2 1 1 4840 4814 4905
9455 2 2 1 1 4901 4902 4906
9456 2 2 1 1 4905 4901 4906
9457 2 2 1 1 4902 4903 4907
9458 2 2 1 1 4906 4902 4907
9459 2 2 1 1 4903 4904 4908
9460 2 2 1 1 4907 4903 4908
9461 2 2 1 1 4840 4905 4909
9462 2 2 1 1 4866 4840 4909
9463 2 2 1 1 4905 4906 4910
9464 2 2 1 1 4909 4905 4910
9465 2 2 1 1 4906 4907 4911
9466 2 2 1 1 4910 4906 4911
9467 2 2 1 1 4907 4908 4912
9468 2 2 1 1 4911 4907 4912
9469 2 2 1 1 4866 4909 4913
9470 2 2 1 1 4195 4866 4913
9471 2 2 1 1 4909 4910 4163
9472 2 2 1 1 4913 4909 4163
9473 2 2 1 1 4910 4911 4158
9474 2 2 1 1 4163 4910 4158
9475 2 2 1 1 4911 4912 4914
9476 2 2 1 1 4158 4911 4914
9477 2 2 1 1 1364 4916 4915
9478 2 2 1 1 1365 1364 4915
9479 2 2 1 1 4916 4737 4738
9480 2 2 1 1 4915 4916 4738
9481 2 2 1 1 1365 4915 4917
9482 2 2 1 1 1367 1365 4917
9483 2 2 1 1 4915 4738 4764
9484 2 2 1 1 4917 4915 4764
9485 2 2 1 1 1367 4917 4918
9486 2 2 1 1 1369 1367 4918
9487 2 2 1 1 4917 4764 4790
9488 2 2 1 1 4918 4917 4790
9489 2 2 1 1 1369 4918 4919
9490 2 2 1 1 1371 1369 4919
9491 2 2 1 1 4918 4790 4816
9492 2 2 1 1 4919 4918 4816
9493 2 2 1 1 1371 4919 4920
9494 2 2 1 1 1373 1371 4920
9495 2 2 1 1 4919 4816 4842
9496 2 2 1 1 4920 4919 4842
9497 2 2 1 1 4867 4869 4921
9498 2 2 1 1 4922 4867 4921
9499 2 2 1 1 4869 4870 4923
9500 2 2 1 1 4921 4869 4923
9501 2 2 1 1 4870 4871 4924
9502 2 2 1 1 4923 4870 4924
9503 2 2 1 1 4871 4872 4925
9504 2 2 1 1 4924 4871 4925
9505 2 2 1 1 4872 4873 4926
9506 2 2 1 1 4925 4872 4926
9507 2 2 1 1 4873 4874 4927
9508 2 2 1 1 4926 4873 4927
9509 2 2 1 1 4874 4875 4928
9510 2 2 1 1 4927 4874 4928
9511 2 2 1 1 4875 4876 4929
9512 2 2 1 1 4928 4875 4929
9513 2 2 1 1 4876 4877 4930
9514 2 2 1 1 4929 4876 4930
9515 2 2 1 1 4877 4878 4931
9516 2 2 1 1 4930 4877 4931
9517 2 2 1 1 4878 4879 4932
9518 2 2 1 1 4931 4878 4932
9519 2 2 1 1 4879 4880 4933
9520 2 2 1 1 4932 4879 4933
9521 2 2 1 1 4880 4881 4934
9522 2 2 1 1 4933 4880 4934
9523 2 2 1 1 4881 4882 4935
9524 2 2 1 1 4934 4881 4935
9525 2 2 1 1 4882 4883 4936
9526 2 2 1 1 4935 4882 4936
9527 2 2 1 1 4883 4884 4937
9528 2 2 1 1 4936 4883 4937
9529 2 2 1 1 4884 4885 4938
9530 2 2 1 1 4937 4884 4938
9531 2 2 1 1 4885 4886 4939
9532 2 2 1 1 4938 4885 4939
9533 2 2 1 1 4886 4887 4940
9534 2 2 1 1 4939 4886 4940
9535 2 2 1 1 4887 4888 4941
9536 2 2 1 1 4940 4887 4941
9537 2 2 1 1 4888 4889 4942
9538 2 2 1 1 4941 4888 4942
9539 2 2 1 1 4889 4890 4943
9540 2 2 1 1 4942 4889 4943
9541 2 2 1 1 4890 4891 4944
9542 2 2 1 1 4943 4890 4944
9543 2 2 1 1 4922 4921 4945
9544 2 2 1 1 4946 4922 4945
9545 2 2 1 1 4921 4923 4947
9546 2 2 1 1 4945 4921 4947
9547 2 2 1 1 4923 4924 4948
9548 2 2 1 1 4947 4923 4948
9549 2 2 1 1 4924 4925 4949
9550 2 2 1 1 4948 4924 4949
9551 2 2 1 1 4925 4926 4950
9552 2 2 1 1 4949 4925 4950
9553 2 2 1 1 4926 4927 4951
9554 2 2 1 1 4950 4926 4951
9555 2 2 1 1 4927 4928 4952
9556 2 2 1 1 4951 4927 4952
9557 2 2 1 1 4928 4929 4953
9558 2 2 1 1 4952 4928 4953
9559 2 2 1 1 4929 4930 4954
9560 2 2 1 1 4953 4929 4954
9561 2 2 1 1 4930 4931 4955
9562 2 2 1 1 4954 4930 4955
9563 2 2 1 1 4931 4932 4956
9564 2 2 1 1 4955 4931 4956
9565 2 2 1 1 4932 4933 4957
9566 2 2 1 1 4956 4932 4957
9567 2 2 1 1 4933 4934 4958
9568 2 2 1 1 4957 4933 4958
9569 2 2 1 1 4934 4935 4959
9570 2 2 1 1 4958 4934 4959
9571 2 2 1 1 4935 4936 4960
9572 2 2 1 1 4959 4935 4960
9573 2 2 1 1 4936 4937 4961
9574 2 2 1 1 4960 4936 4961
9575 2 2 1 1 4937 4938 4962
9576 2 2 1 1 4961 4937 4962
9577 2 2 1 1 4938 4939 4963
9578 2 2 1 1 4962 4938 4963
9579 2 2 1 1 4939 4940 4964
9580 2 2 1 1 4963 4939 4964
9581 2 2 1 1 4940 4941 4965
9582 2 2 1 1 4964 4940 4965
9583 2 2 1 1 4941 4942 4966
9584 2 2 1 1 4965 4941 4966
9585 2 2 1 1 4942 4943 4967
9586 2 2 1 1 4966 4942 4967
9587 2 2 1 1 4943 4944 4968
9588 2 2 1 1 4967 4943 4968
9589 2 2 1 1 4946 4945 4969
9590 2 2 1 1 4970 4946 4969
9591 2 2 1 1 4945 4947 4971
9592 2 2 1 1 4969 4945 4971
9593 2 2 1 1 4947 4948 4972
9594 2 2 1 1 4971 4947 4972
9595 2 2 1 1 4948 4949 4973
9596 2 2 1 1 4972 4948 4973
9597 2 2 1 1 4949 4950 4974
9598 2 2 1 1 4973 4949 4974
9599 2 2 1 1 4950 4951 4975
9600 2 2 1 1 4974 4950 4975
9601 2 2 1 1 4951 4952 4976
9602 2 2 1 1 4975 4951 4976
9603 2 2 1 1 4952 4953 4977
9604 2 2 1 1 4976 4952 4977
9605 2 2 1 1 4953 4954 4978
9606 2 2 1 1 4977 4953 4978
9607 2 2 1 1 4954 4955 4979
9608 2 2 1 1 4978 4954 4979
9609 2 2 1 1 4955 4956 4980
9610 2 2 1 1 4979 4955 4980
9611 2 2 1 1 4956 4957 4981
9612 2 2 1 1 4980 4956 4981
9613 2 2 1 1 4957 4958 4982
9614 2 2 1 1 4981 4957 4982
9615 2 2 1 1 4958 4959 4983
9616 2 2 1 1 4982 4958 4983
9617 2 2 1 1 4959 4960 4984
9618 2 2 1 1 4983 4959 4984
9619 2 2 1 1 4960 4961 4985
9620 2 2 1 1 4984 4960 4985
9621 2 2 1 1 4961 4962 4986
9622 2 2 1 1 4985 4961 4986
9623 2 2 1 1 4962 4963 4987
9624 2 2 1 1 4986 4962 4987
9625 2 2 1 1 4963 4964 4988
9626 2 2 1 1 4987 4963 4988
9627 2 2 1 1 4964 4965 4989
9628 2 2 1 1 4988 4964 4989
9629 2 2 1 1 4965 4966 4990
9630 2 2 1 1 4989 4965 4990
9631 2 2 1 1 4966 4967 4991
9632 2 2 1 1 4990 4966 4991
9633 2 2 1 1 4967 4968 4992
9634 2 2 1 1 4991 4967 4992
9635 2 2 1 1 4968 4994 4993
9636 2 2 1 1 4992 4968 4993
9637 2 2 1 1 4970 4969 4995
9638 2 2 1 1 4996 4970 4995
9639 2 2 1 1 4969 4971 4997
9640 2 2 1 1 4995 4969 4997
9641 2 2 1 1 4971 4972 4998
9642 2 2 1 1 4997 4971 4998
9643 2 2 1 1 4972 4973 4999
9644 2 2 1 1 4998 4972 4999
9645 2 2 1 1 4973 4974 5000
9646 2 2 1 1 4999 4973 5000
9647 2 2 1 1 4974 4975 5001
9648 2 2 1 1 5000 4974 5001
9649 2 2 1 1 4975 4976 5002
9650 2 2 1 1 5001 4975 5002
9651 2 2 1 1 4976 4977 5003
9652 2 2 1 1 5002 4976 5003
9653 2 2 1 1 4977 4978 5004
9654 2 2 1 1 5003 4977 5004
9655 2 2 1 1 4978 4979 5005
9656 2 2 1 1 5004 4978 5005
9657 2 2 1 1 4979 4980 5006
9658 2 2 1 1 5005 4979 5006
9659 2 2 1 1 4980 4981 5007
9660 2 2 1 1 5006 4980 5007
9661 2 2 1 1 4981 4982 5008
9662 2 2 1 1 5007 4981 5008
9663 2 2 1 1 4982 4983 5009
9664 2 2 1 1 5008 4982 5009
9665 2 2 1 1 4983 4984 5010
9666 2 2 1 1 5009 4983 5010
9667 2 2 1 1 4984 4985 5011
9668 2 2 1 1 5010 4984 5011
9669 2 2 1 1 4985 4986 5012
9670 2 2 1 1 5011 4985 5012
9671 2 2 1 1 4986 4987 5013
9672 2 2 1 1 5012 4986 5013
9673 2 2 1 1 4987 4988 5014
9674 2 2 1 1 5013 4987 5014
9675 2 2 1 1 4988 4989 5015
9676 2 2 1 1 5014 4988 5015
9677 2 2 1 1 4989 4990 5016
9678 2 2 1 1 5015 4989 5016
9679 2 2 1 1 4990 4991 5017
9680 2 2 1 1 5016 4990 5017
9681 2 2 1 1 4991 4992 5018
9682 2 2 1 1 5017 4991 5018
9683 2 2 1 1 4996 4995 5019
9684 2 2 1 1 5020 4996 5019
9685 2 2 1 1 4995 4997 5021
9686 2 2 1 1 5019 4995 5021
9687 2 2 1 1 4997 4998 5022
9688 2 2 1 1 5021 4997 5022
9689 2 2 1 1 4998 4999 5023
9690 2 2 1 1 5022 4998 5023
9691 2 2 1 1 4999 5000 5024
9692 2 2 1 1 5023 4999 5024
9693 2 2 1 1 5000 5001 5025
9694 2 2 1 1 5024 5000 5025
9695 2 2 1 1 5001 5002 5026
9696 2 2 1 1 5025 5001 5026
9697 2 2 1 1 5002 5003 5027
9698 2 2 1 1 5026 5002 5027
9699 2 2 1 1 5003 5004 5028
9700 2 2 1 1 5027 5003 5028
9701 2 2 1 1 5004 5005 5029
9702 2 2 1 1 5028 5004 5029
9703 2 2 1 1 5005 5006 5030
9704 2 2 1 1 5029 5005 5030
9705 2 2 1 1 5006 5007 5031
9706 2 2 1 1 5030 5006 5031
9707 2 2 1 1 5007 5008 5032
9708 2 2 1 1 5031 5007 5032
9709 2 2 1 1 5008 5009 5033
9710 2 2 1 1 5032 5008 5033
9711 2 2 1 1 5009 5010 5034
9712 2 2 1 1 5033 5009 5034
9713 2 2 1 1 5010 5011 5035
9714 2 2 1 1 5034 5010 5035
9715 2 2 1 1 5011 5012 5036
9716 2 2 1 1 5035 5011 5036
9717 2 2 1 1 5012 5013 5037
9718 2 2 1 1 5036 5012 5037
9719 2 2 1 1 5013 5014 5038
9720 2 2 1 1 5037 5013 5038
9721 2 2 1 1 5014 5015 5039
9722 2 2 1 1 5038 5014 5039
9723 2 2 1 1 5015 5016 5040
9724 2 2 1 1 5039 5015 5040
9725 2 2 1 1 5016 5017 5041
9726 2 2 1 1 5040 5016 5041
9727 2 2 1 1 5017 5018 5042
9728 2 2 1 1 5041 5017 5042
9729 2 2 1 1 5020 5019 5043
9730 2 2 1 1 5044 5020 5043
9731 2 2 1 1 5019 5021 5045
9732 2 2 1 1 5043 5019 5045
9733 2 2 1 1 5021 5022 5046
9734 2 2 1 1 5045 5021 5046
9735 2 2 1 1 5022 5023 5047
9736 2 2 1 1 5046 5022 5047
9737 2 2 1 1 5023 5024 5048
9738 2 2 1 1 5047 5023 5048
9739 2 2 1 1 5024 5025 5049
9740 2 2 1 1 5048 5024 5049
9741 2 2 1 1 5025 5026 5050
9742 2 2 1 1 5049 5025 5050
9743 2 2 1 1 5026 5027 5051
9744 2 2 1 1 5050 5026 5051
9745 2 2 1 1 5027 5028 5052
9746 2 2 1 1 5051 5027 5052
9747 2 2 1 1 5028 5029 5053
9748 2 2 1 1 5052 5028 5053
9749 2 2 1 1 5029 5030 5054
9750 2 2 1 1 5053 5029 5054
9751 2 2 1 1 5030 5031 5055
9752 2 2 1 1 5054 5030 5055
9753 2 2 1 1 5031 5032 5056
9754 2 2 1 1 5055 5031 5056
9755 2 2 1 1 5032 5033 5057
9756 2 2 1 1 5056 5032 5057
9757 2 2 1 1 5033 5034 5058
9758 2 2 1 1 5057 5033 5058
9759 2 2 1 1 5034 5035 5059
9760 2 2 1 1 5058 5034 5059
9761 2 2 1 1 5035 5036 5060
9762 2 2 1 1 5059 5035 5060
9763 2 2 1 1 5036 5037 5061
9764 2 2 1 1 5060 5036 5061
9765 2 2 1 1 5037 5038 5062
9766 2 2 1 1 5061 5037 5062
9767 2 2 1 1 5038 5039 5063
9768 2 2 1 1 5062 5038 5063
9769 2 2 1 1 5039 5040 5064
9770 2 2 1 1 5063 5039 5064
9771 2 2 1 1 5040 5041 5065
9772 2 2 1 1 5064 5040 5065
9773 2 2 1 1 5041 5042 5066
9774 2 2 1 1 5065 5041 5066
9775 2 2 1 1 5042 5067 4344
9776 2 2 1 1 5066 5042 4344
9777 2 2 1 1 5069 3615 5068
9778 2 2 1 1 5070 5069 5068
9779 2 2 1 1 3617 4183 4181
9780 2 2 1 1 3616 3617 4181
9781 2 2 1 1 3617 5072 5071
9782 2 2 1 1 5073 3617 5071
9783 2 2 1 1 5073 5071 5074
9784 2 2 1 1 4183 5073 5074
9785 2 2 1 1 4183 5074 5075
9786 2 2 1 1 4180 4183 5075
9787 2 2 1 1 4180 5075 5076
9788 2 2 1 1 4178 4180 5076
9789 2 2 1 1 5072 5078 5077
9790 2 2 1 1 5071 5072 5077
9791 2 2 1 1 5071 5077 5079
9792 2 2 1 1 5074 5071 5079
9793 2 2 1 1 5074 5079 5080
9794 2 2 1 1 5075 5074 5080
9795 2 2 1 1 5075 5080 5081
9796 2 2 1 1 5076 5075 5081
9797 2 2 1 1 5078 5083 5082
9798 2 2 1 1 5077 5078 5082
9799 2 2 1 1 5077 5082 5084
9800 2 2 1 1 5079 5077 5084
9801 2 2 1 1 5079 5084 5085
9802 2 2 1 1 5080 5079 5085
9803 2 2 1 1 5080 5085 5086
9804 2 2 1 1 5081 5080 5086
9805 2 2 1 1 5083 5088 5087
9806 2 2 1 1 5082 5083 5087
9807 2 2 1 1 5082 5087 5089
9808 2 2 1 1 5084 5082 5089
9809 2 2 1 1 5084 5089 5090
9810 2 2 1 1 5085 5084 5090
9811 2 2 1 1 5085 5090 5091
9812 2 2 1 1 5086 5085 5091
9813 2 2 1 1 5088 5093 5092
9814 2 2 1 1 5087 5088 5092
9815 2 2 1 1 5087 5092 5094
9816 2 2 1 1 5089 5087 5094
9817 2 2 1 1 5089 5094 5095
9818 2 2 1 1 5090 5089 5095
9819 2 2 1 1 5090 5095 5096
9820 2 2 1 1 5091 5090 5096
9821 2 2 1 1 5093 5098 5097
9822 2 2 1 1 5092 5093 5097
9823 2 2 1 1 5092 5097 4165
9824 2 2 1 1 5094 5092 4165
9825 2 2 1 1 5094 4165 4168
9826 2 2 1 1 5095 5094 4168
9827 2 2 1 1 5095 4168 3663
9828 2 2 1 1 5096 5095 3663
9829 2 2 1 1 5099 4447 4438
9830 2 2 1 1 5100 5099 4438
9831 2 2 1 1 5098 5101 4164
9832 2 2 1 1 4165 5098 4164
9833 2 2 1 1 5104 5103 5102
9834 2 2 1 1 5105 5104 5102
9835 2 2 1 1 5105 5102 5106
9836 2 2 1 1 5107 5105 5106
9837 2 2 1 1 5107 5106 5108
9838 2 2 1 1 5109 5107 5108
9839 2 2 1 1 5109 5108 5110
9840 2 2 1 1 5111 5109 5110
9841 2 2 1 1 5111 5110 5112
9842 2 2 1 1 5113 5111 5112
9843 2 2 1 1 5113 5112 5114
9844 2 2 1 1 5115 5113 5114
9845 2 2 1 1 5115 5114 5116
9846 2 2 1 1 5117 5115 5116
9847 2 2 1 1 5117 5116 5118
9848 2 2 1 1 5119 5117 5118
9849 2 2 1 1 5119 5118 5120
9850 2 2 1 1 5121 5119 5120
9851 2 2 1 1 5121 5120 5122
9852 2 2 1 1 5123 5121 5122
9853 2 2 1 1 5123 5122 5124
9854 2 2 1 1 5125 5123 5124
9855 2 2 1 1 5125 5124 5126
9856 2 2 1 1 5127 5125 5126
9857 2 2 1 1 5127 5126 5128
9858 2 2 1 1 5129 5127 5128
9859 2 2 1 1 5129 5128 5130
9860 2 2 1 1 5131 5129 5130
9861 2 2 1 1 5131 5130 5132
9862 2 2 1 1 5133 5131 5132
9863 2 2 1 1 5133 5132 5134
9864 2 2 1 1 5135 5133 5134
9865 2 2 1 1 5135 5134 5136
9866 2 2 1 1 5137 5135 5136
9867 2 2 1 1 5137 5136 5138
9868 2 2 1 1 5139 5137 5138
9869 2 2 1 1 5139 5138 5140
9870 2 2 1 1 5141 5139 5140
9871 2 2 1 1 5141 5140 5142
9872 2 2 1 1 5143 5141 5142
9873 2 2 1 1 5143 5142 5144
9874 2 2 1 1 5145 5143 5144
9875 2 2 1 1 5145 5144 5146
9876 2 2 1 1 5147 5145 5146
9877 2 2 1 1 5147 5146 5148
9878 2 2 1 1 5149 5147 5148
9879 2 2 1 1 5103 5151 5150
9880 2 2 1 1 5102 5103 5150
9881 2 2 1 1 5102 5150 5152
9882 2 2 1 1 5106 5102 5152
9883 2 2 1 1 5106 5152 5153
9884 2 2 1 1 5108 5106 5153
9885 2 2 1 1 5108 5153 5154
9886 2 2 1 1 5110 5108 5154
9887 2 2 1 1 5110 5154 5155
9888 2 2 1 1 5112 5110 5155
9889 2 2 1 1 5112 5155 5156
9890 2 2 1 1 5114 5112 5156
9891 2 2 1 1 5114 5156 5157
9892 2 2 1 1 5116 5114 5157
9893 2 2 1 1 5116 5157 5158
9894 2 2 1 1 5118 5116 5158
9895 2 2 1 1 5118 5158 5159
9896 2 2 1 1 5120 5118 5159
9897 2 2 1 1 5120 5159 5160
9898 2 2 1 1 5122 5120 5160
9899 2 2 1 1 5122 5160 5161
9900 2 2 1 1 5124 5122 5161
9901 2 2 1 1 5124 5161 5162
9902 2 2 1 1 5126 5124 5162
9903 2 2 1 1 5126 5162 5163
9904 2 2 1 1 5128 5126 5163
9905 2 2 1 1 5128 5163 5164
9906 2 2 1 1 5130 5128 5164
9907 2 2 1 1 5130 5164 5165
9908 2 2 1 1 5132 5130 5165
9909 2 2 1 1 5132 5165 5166
9910 2 2 1 1 5134 5132 5166
9911 2 2 1 1 5134 5166 5167
9912 2 2 1 1 5136 5134 5167
9913 2 2 1 1 5136 5167 5168
9914 2 2 1 1 5138 5136 5168
9915 2 2 1 1 5138 5168 5169
9916 2 2 1 1 5140 5138 5169
9917 2 2 1 1 5140 5169 5170
9918 2 2 1 1 5142 5140 5170
9919 2 2 1 1 5142 5170 5171
9920 2 2 1 1 5144 5142 5171
9921 2 2 1 1 5144 5171 5172
9922 2 2 1 1 5146 5144 5172
9923 2 2 1 1 5146 5172 5173
9924 2 2 1 1 5148 5146 5173
9925 2 2 1 1 5151 5175 5174
9926 2 2 1 1 5150 5151 5174
9927 2 2 1 1 5150 5174 5176
9928 2 2 1 1 5152 5150 5176
9929 2 2 1 1 5152 5176 5177
9930 2 2 1 1 5153 5152 5177
9931 2 2 1 1 5153 5177 5178
9932 2 2 1 1 5154 5153 5178
9933 2 2 1 1 5154 5178 5179
9934 2 2 1 1 5155 5154 5179
9935 2 2 1 1 5155 5179 5180
9936 2 2 1 1 5156 5155 5180
9937 2 2 1 1 5156 5180 5181
9938 2 2 1 1 5157 5156 5181
9939 2 2 1 1 5157 5181 5182
9940 2 2 1 1 5158 5157 5182
9941 2 2 1 1 5158 5182 5183
9942 2 2 1 1 5159 5158 5183
9943 2 2 1 1 5159 5183 5184
9944 2 2 1 1 5160 5159 5184
9945 2 2 1 1 5160 5184 5185
9946 2 2 1 1 5161 5160 5185
9947 2 2 1 1 5161 5185 5186
9948 2 2 1 1 5162 5161 5186
9949 2 2 1 1 5162 5186 5187
9950 2 2 1 1 5163 5162 5187
9951 2 2 1 1 5163 5187 5188
9952 2 2 1 1 5164 5163 5188
9953 2 2 1 1 5164 5188 5189
9954 2 2 1 1 5165 5164 5189
9955 2 2 1 1 5165 5189 5190
9956 2 2 1 1 5166 5165 5190
9957 2 2 1 1 5166 5190 5191
9958 2 2 1 1 5167 5166 5191
9959 2 2 1 1 5167 5191 5192
9960 2 2 1 1 5168 5167 5192
9961 2 2 1 1 5168 5192 5193
9962 2 2 1 1 5169 5168 5193
9963 2 2 1 1 5169 5193 5194
9964 2 2 1 1 5170 5169 5194
9965 2 2 1 1 5170 5194 5195
9966 2 2 1 1 5171 5170 5195
9967 2 2 1 1 5171 5195 5196
9968 2 2 1 1 5172 5171 5196
9969 2 2 1 1 5172 5196 5197
9970 2 2 1 1 5173 5172 5197
9971 2 2 1 1 5175 5199 5198
9972 2 2 1 1 5174 5175 5198
9973 2 2 1 1 5174 5198 5200
9974 2 2 1 1 5176 5174 5200
9975 2 2 1 1 5176 5200 5201
9976 2 2 1 1 5177 5176 5201
9977 2 2 1 1 5177 5201 5202
9978 2 2 1 1 5178 5177 5202
9979 2 2 1 1 5178 5202 5203
9980 2 2 1 1 5179 5178 5203
9981 2 2 1 1 5179 5203 5204
9982 2 2 1 1 5180 5179 5204
9983 2 2 1 1 5180 5204 5205
9984 2 2 1 1 5181 5180 5205
9985 2 2 1 1 5181 5205 5206
9986 2 2 1 1 5182 5181 5206
9987 2 2 1 1 5182 5206 5207
9988 2 2 1 1 5183 5182 5207
9989 2 2 1 1 5183 5207 5208
9990 2 2 1 1 5184 5183 5208
9991 2 2 1 1 5184 5208 5209
9992 2 2 1 1 5185 5184 5209
9993 2 2 1 1 5185 5209 5210
9994 2 2 1 1 5186 5185 5210
9995 2 2 1 1 5186 5210 5211
9996 2 2 1 1 5187 5186 5211
9997 2 2 1 1 5187 5211 5212
9998 2 2 1 1 5188 5187 5212
9999 2 2 1 1 5188 5212 5213
10000 2 2 1 1 5189 5188 5213
10001 2 2 1 1 5189 5213 5214
10002 2 2 1 1 5190 5189 5214
10003 2 2 1 1 5190 5214 5215
10004 2 2 1 1 5191 5190 5215
10005 2 2 1 1 5191 5215 5216
10006 2 2 1 1 5192 5191 5216
10007 2 2 1 1 5192 5216 5217
10008 2 2 1 1 5193 5192 5217
10009 2 2 1 1 5193 5217 5218
10010 2 2 1 1 5194 5193 5218
10011 2 2 1 1 5194 5218 5219
10012 2 2 1 1 5195 5194 5219
10013 2 2 1 1 5195 5219 5220
10014 2 2 1 1 5196 5195 5220
10015 2 2 1 1 5196 5220 5221
10016 2 2 1 1 5197 5196 5221
10017 2 2 1 1 5199 5223 5222
10018 2 2 1 1 5198 5199 5222
10019 2 2 1 1 5198 5222 5224
10020 2 2 1 1 5200 5198 5224
10021 2 2 1 1 5200 5224 5225
10022 2 2 1 1 5201 5200 5225
10023 2 2 1 1 5201 5225 5226
10024 2 2 1 1 5202 5201 5226
10025 2 2 1 1 5202 5226 5227
10026 2 2 1 1 5203 5202 5227
10027 2 2 1 1 5203 5227 5228
10028 2 2 1 1 5204 5203 5228
10029 2 2 1 1 5204 5228 5229
10030 2 2 1 1 5205 5204 5229
10031 2 2 1 1 5205 5229 5230
10032 2 2 1 1 5206 5205 5230
10033 2 2 1 1 5206 5230 5231
10034 2 2 1 1 5207 5206 5231
10035 2 2 1 1 5207 5231 5232
10036 2 2 1 1 5208 5207 5232
10037 2 2 1 1 5208 5232 5233
10038 2 2 1 1 5209 5208 5233
10039 2 2 1 1 5209 5233 5234
10040 2 2 1 1 5210 5209 5234
10041 2 2 1 1 5210 5234 5235
10042 2 2 1 1 5211 5210 5235
10043 2 2 1 1 5211 5235 5236
10044 2 2 1 1 5212 5211 5236
10045 2 2 1 1 5212 5236 5237
10046 2 2 1 1 5213 5212 5237
10047 2 2 1 1 5213 5237 5238
10048 2 2 1 1 5214 5213 5238
10049 2 2 1 1 5214 5238 5239
10050 2 2 1 1 5215 5214 5239
10051 2 2 1 1 5215 5239 5240
10052 2 2 1 1 5216 5215 5240
10053 2 2 1 1 5216 5240 5241
10054 2 2 1 1 5217 5216 5241
10055 2 2 1 1 5217 5241 5242
10056 2 2 1 1 5218 5217 5242
10057 2 2 1 1 5218 5242 5243
10058 2 2 1 1 5219 5218 5243
10059 2 2 1 1 5219 5243 5244
10060 2 2 1 1 5220 5219 5244
10061 2 2 1 1 5220 5244 5245
10062 2 2 1 1 5221 5220 5245
10063 2 2 1 1 5223 5044 5043
10064 2 2 1 1 5222 5223 5043
10065 2 2 1 1 5222 5043 5045
10066 2 2 1 1 5224 5222 5045
10067 2 2 1 1 5224 5045 5046
10068 2 2 1 1 5225 5224 5046
10069 2 2 1 1 5225 5046 5047
10070 2 2 1 1 5226 5225 5047
10071 2 2 1 1 5226 5047 5048
10072 2 2 1 1 5227 5226 5048
10073 2 2 1 1 5227 5048 5049
10074 2 2 1 1 5228 5227 5049
10075 2 2 1 1 5228 5049 5050
10076 2 2 1 1 5229 5228 5050
10077 2 2 1 1 5229 5050 5051
10078 2 2 1 1 5230 5229 5051
10079 2 2 1 1 5230 5051 5052
10080 2 2 1 1 5231 5230 5052
10081 2 2 1 1 5231 5052 5053
10082 2 2 1 1 5232 5231 5053
10083 2 2 1 1 5232 5053 5054
10084 2 2 1 1 5233 5232 5054
10085 2 2 1 1 5233 5054 5055
10086 2 2 1 1 5234 5233 5055
10087 2 2 1 1 5234 5055 5056
10088 2 2 1 1 5235 5234 5056
10089 2 2 1 1 5235 5056 5057
10090 2 2 1 1 5236 5235 5057
10091 2 2 1 1 5236 5057 5058
10092 2 2 1 1 5237 5236 5058
10093 2 2 1 1 5237 5058 5059
10094 2 2 1 1 5238 5237 5059
10095 2 2 1 1 5238 5059 5060
10096 2 2 1 1 5239 5238 5060
10097 2 2 1 1 5239 5060 5061
10098 2 2 1 1 5240 5239 5061
10099 2 2 1 1 5240 5061 5062
10100 2 2 1 1 5241 5240 5062
10101 2 2 1 1 5241 5062 5063
10102 2 2 1 1 5242 5241 5063
10103 2 2 1 1 5242 5063 5064
10104 2 2 1 1 5243 5242 5064
10105 2 2 1 1 5243 5064 5065
10106 2 2 1 1 5244 5243 5065
10107 2 2 1 1 5244 5065 5066
10108 2 2 1 1 5245 5244 5066
10109 2 2 1 1 5248 5247 5246
10110 2 2 1 1 5249 5248 5246
10111 2 2 1 1 5249 5246 5250
10112 2 2 1 1 5251 5249 5250
10113 2 2 1 1 5251 5250 5252
10114 2 2 1 1 5253 5251 5252
10115 2 2 1 1 5253 5252 5254
10116 2 2 1 1 5255 5253 5254
10117 2 2 1 1 5255 5254 5256
10118 2 2 1 1 5257 5255 5256
10119 2 2 1 1 5257 5256 5258
10120 2 2 1 1 5259 5257 5258
10121 2 2 1 1 5259 5258 3665
10122 2 2 1 1 3666 5259 3665
10123 2 2 1 1 3667 3664 5260
10124 2 2 1 1 5261 3667 5260
10125 2 2 1 1 5261 5260 5262
10126 2 2 1 1 5263 5261 5262
10127 2 2 1 1 5263 5262 5264
10128 2 2 1 1 5265 5263 5264
10129 2 2 1 1 5265 5264 5266
10130 2 2 1 1 5267 5265 5266
10131 2 2 1 1 5267 5266 5268
10132 2 2 1 1 5269 5267 5268
10133 2 2 1 1 5269 5268 5270
10134 2 2 1 1 5271 5269 5270
10135 2 2 1 1 5271 5270 5272
10136 2 2 1 1 5273 5271 5272
10137 2 2 1 1 5273 5272 5274
10138 2 2 1 1 5275 5273 5274
10139 2 2 1 1 5275 5274 5276
10140 2 2 1 1 5277 5275 5276
10141 2 2 1 1 5277 5276 5278
10142 2 2 1 1 5279 5277 5278
10143 2 2 1 1 5279 5278 5280
10144 2 2 1 1 5281 5279 5280
10145 2 2 1 1 5281 5280 5282
10146 2 2 1 1 5283 5281 5282
10147 2 2 1 1 5283 5282 5284
10148 2 2 1 1 5285 5283 5284
10149 2 2 1 1 5285 5284 5286
10150 2 2 1 1 5287 5285 5286
10151 2 2 1 1 5287 5286 5288
10152 2 2 1 1 5289 5287 5288
10153 2 2 1 1 5289 5288 5290
10154 2 2 1 1 5291 5289 5290
10155 2 2 1 1 5291 5290 5072
10156 2 2 1 1 3617 5291 5072
10157 2 2 1 1 5247 5293 5292
10158 2 2 1 1 5246 5247 5292
10159 2 2 1 1 5246 5292 5294
10160 2 2 1 1 5250 5246 5294
10161 2 2 1 1 5250 5294 5295
10162 2 2 1 1 5252 5250 5295
10163 2 2 1 1 5252 5295 5296
10164 2 2 1 1 5254 5252 5296
10165 2 2 1 1 5254 5296 5297
10166 2 2 1 1 5256 5254 5297
10167 2 2 1 1 5256 5297 5298
10168 2 2 1 1 5258 5256 5298
10169 2 2 1 1 5258 5298 5299
10170 2 2 1 1 3665 5258 5299
10171 2 2 1 1 3665 5299 5300
10172 2 2 1 1 3664 3665 5300
10173 2 2 1 1 3664 5300 5301
10174 2 2 1 1 5260 3664 5301
10175 2 2 1 1 5260 5301 5302
10176 2 2 1 1 5262 5260 5302
10177 2 2 1 1 5262 5302 5303
10178 2 2 1 1 5264 5262 5303
10179 2 2 1 1 5264 5303 5304
10180 2 2 1 1 5266 5264 5304
10181 2 2 1 1 5266 5304 5305
10182 2 2 1 1 5268 5266 5305
10183 2 2 1 1 5268 5305 5306
10184 2 2 1 1 5270 5268 5306
10185 2 2 1 1 5270 5306 5307
10186 2 2 1 1 5272 5270 5307
10187 2 2 1 1 5272 5307 5308
10188 2 2 1 1 5274 5272 5308
10189 2 2 1 1 5274 5308 5309
10190 2 2 1 1 5276 5274 5309
10191 2 2 1 1 5276 5309 5310
10192 2 2 1 1 5278 5276 5310
10193 2 2 1 1 5278 5310 5311
10194 2 2 1 1 5280 5278 5311
10195 2 2 1 1 5280 5311 5312
10196 2 2 1 1 5282 5280 5312
10197 2 2 1 1 5282 5312 5313
10198 2 2 1 1 5284 5282 5313
10199 2 2 1 1 5284 5313 5314
10200 2 2 1 1 5286 5284 5314
10201 2 2 1 1 5286 5314 5315
10202 2 2 1 1 5288 5286 5315
10203 2 2 1 1 5288 5315 5316
10204 2 2 1 1 5290 5288 5316
10205 2 2 1 1 5290 5316 5078
10206 2 2 1 1 5072 5290 5078
10207 2 2 1 1 5293 5318 5317
10208 2 2 1 1 5292 5293 5317
10209 2 2 1 1 5292 5317 5319
10210 2 2 1 1 5294 5292 5319
10211 2 2 1 1 5294 5319 5320
10212 2 2 1 1 5295 5294 5320
10213 2 2 1 1 5295 5320 5321
10214 2 2 1 1 5296 5295 5321
10215 2 2 1 1 5296 5321 5322
10216 2 2 1 1 5297 5296 5322
10217 2 2 1 1 5297 5322 5323
10218 2 2 1 1 5298 5297 5323
10219 2 2 1 1 5298 5323 5324
10220 2 2 1 1 5299 5298 5324
10221 2 2 1 1 5299 5324 5325
10222 2 2 1 1 5300 5299 5325
10223 2 2 1 1 5300 5325 5326
10224 2 2 1 1 5301 5300 5326
10225 2 2 1 1 5301 5326 5327
10226 2 2 1 1 5302 5301 5327
10227 2 2 1 1 5302 5327 5328
10228 2 2 1 1 5303 5302 5328
10229 2 2 1 1 5303 5328 5329
10230 2 2 1 1 5304 5303 5329
10231 2 2 1 1 5304 5329 5330
10232 2 2 1 1 5305 5304 5330
10233 2 2 1 1 5305 5330 5331
10234 2 2 1 1 5306 5305 5331
10235 2 2 1 1 5306 5331 5332
10236 2 2 1 1 5307 5306 5332
10237 2 2 1 1 5307 5332 5333
10238 2 2 1 1 5308 5307 5333
10239 2 2 1 1 5308 5333 5334
10240 2 2 1 1 5309 5308 5334
10241 2 2 1 1 5309 5334 5335
10242 2 2 1 1 5310 5309 5335
10243 2 2 1 1 5310 5335 5336
10244 2 2 1 1 5311 5310 5336
10245 2 2 1 1 5311 5336 5337
10246 2 2 1 1 5312 5311 5337
10247 2 2 1 1 5312 5337 5338
10248 2 2 1 1 5313 5312 5338
10249 2 2 1 1 5313 5338 5339
10250 2 2 1 1 5314 5313 5339
10251 2 2 1 1 5314 5339 5340
10252 2 2 1 1 5315 5314 5340
10253 2 2 1 1 5315 5340 5341
10254 2 2 1 1 5316 5315 5341
10255 2 2 1 1 5316 5341 5083
10256 2 2 1 1 5078 5316 5083
10257 2 2 1 1 5318 5343 5342
10258 2 2 1 1 5317 5318 5342
10259 2 2 1 1 5317 5342 5344
10260 2 2 1 1 5319 5317 5344
10261 2 2 1 1 5319 5344 5345
10262 2 2 1 1 5320 5319 5345
10263 2 2 1 1 5320 5345 5346
10264 2 2 1 1 5321 5320 5346
10265 2 2 1 1 5321 5346 5347
10266 2 2 1 1 5322 5321 5347
10267 2 2 1 1 5322 5347 5348
10268 2 2 1 1 5323 5322 5348
10269 2 2 1 1 5323 5348 5349
10270 2 2 1 1 5324 5323 5349
10271 2 2 1 1 5324 5349 5350
10272 2 2 1 1 5325 5324 5350
10273 2 2 1 1 5325 5350 5351
10274 2 2 1 1 5326 5325 5351
10275 2 2 1 1 5326 5351 5352
10276 2 2 1 1 5327 5326 5352
10277 2 2 1 1 5327 5352 5353
10278 2 2 1 1 5328 5327 5353
10279 2 2 1 1 5328 5353 5354
10280 2 2 1 1 5329 5328 5354
10281 2 2 1 1 5329 5354 5355
10282 2 2 1 1 5330 5329 5355
10283 2 2 1 1 5330 5355 5356
10284 2 2 1 1 5331 5330 5356
10285 2 2 1 1 5331 5356 5357
10286 2 2 1 1 5332 5331 5357
10287 2 2 1 1 5332 5357 5358
10288 2 2 1 1 5333 5332 5358
10289 2 2 1 1 5333 5358 5359
10290 2 2 1 1 5334 5333 5359
10291 2 2 1 1 5334 5359 5360
10292 2 2 1 1 5335 5334 5360
10293 2 2 1 1 5335 5360 5361
10294 2 2 1 1 5336 5335 5361
10295 2 2 1 1 5336 5361 5362
10296 2 2 1 1 5337 5336 5362
10297 2 2 1 1 5337 5362 5363
10298 2 2 1 1 5338 5337 5363
10299 2 2 1 1 5338 5363 5364
10300 2 2 1 1 5339 5338 5364
10301 2 2 1 1 5339 5364 5365
10302 2 2 1 1 5340 5339 5365
10303 2 2 1 1 5340 5365 5366
10304 2 2 1 1 5341 5340 5366
10305 2 2 1 1 5341 5366 5088
10306 2 2 1 1 5083 5341 5088
10307 2 2 1 1 5343 5368 5367
10308 2 2 1 1 5342 5343 5367
10309 2 2 1 1 5342 5367 5369
10310 2 2 1 1 5344 5342 5369
10311 2 2 1 1 5344 5369 5370
10312 2 2 1 1 5345 5344 5370
10313 2 2 1 1 5345 5370 5371
10314 2 2 1 1 5346 5345 5371
10315 2 2 1 1 5346 5371 5372
10316 2 2 1 1 5347 5346 5372
10317 2 2 1 1 5347 5372 5373
10318 2 2 1 1 5348 5347 5373
10319 2 2 1 1 5348 5373 5374
10320 2 2 1 1 5349 5348 5374
10321 2 2 1 1 5349 5374 5375
10322 2 2 1 1 5350 5349 5375
10323 2 2 1 1 5350 5375 5376
10324 2 2 1 1 5351 5350 5376
10325 2 2 1 1 5351 5376 5377
10326 2 2 1 1 5352 5351 5377
10327 2 2 1 1 5352 5377 5378
10328 2 2 1 1 5353 5352 5378
10329 2 2 1 1 5353 5378 5379
10330 2 2 1 1 5354 5353 5379
10331 2 2 1 1 5354 5379 5380
10332 2 2 1 1 5355 5354 5380
10333 2 2 1 1 5355 5380 5381
10334 2 2 1 1 5356 5355 5381
10335 2 2 1 1 5356 5381 5382
10336 2 2 1 1 5357 5356 5382
10337 2 2 1 1 5357 5382 5383
10338 2 2 1 1 5358 5357 5383
10339 2 2 1 1 5358 5383 5384
10340 2 2 1 1 5359 5358 5384
10341 2 2 1 1 5359 5384 5385
10342 2 2 1 1 5360 5359 5385
10343 2 2 1 1 5360 5385 5386
10344 2 2 1 1 5361 5360 5386
10345 2 2 1 1 5361 5386 5387
10346 2 2 1 1 5362 5361 5387
10347 2 2 1 1 5362 5387 5388
10348 2 2 1 1 5363 5362 5388
10349 2 2 1 1 5363 5388 5389
10350 2 2 1 1 5364 5363 5389
10351 2 2 1 1 5364 5389 5390
10352 2 2 1 1 5365 5364 5390
10353 2 2 1 1 5365 5390 5391
10354 2 2 1 1 5366 5365 5391
10355 2 2 1 1 5366 5391 5093
10356 2 2 1 1 5088 5366 5093
10357 2 2 1 1 5368 5392 5104
10358 2 2 1 1 5367 5368 5104
10359 2 2 1 1 5367 5104 5105
10360 2 2 1 1 5369 5367 5105
10361 2 2 1 1 5369 5105 5107
10362 2 2 1 1 5370 5369 5107
10363 2 2 1 1 5370 5107 5109
10364 2 2 1 1 5371 5370 5109
10365 2 2 1 1 5371 5109 5111
10366 2 2 1 1 5372 5371 5111
10367 2 2 1 1 5372 5111 5113
10368 2 2 1 1 5373 5372 5113
10369 2 2 1 1 5373 5113 5115
10370 2 2 1 1 5374 5373 5115
10371 2 2 1 1 5374 5115 5117
10372 2 2 1 1 5375 5374 5117
10373 2 2 1 1 5375 5117 5119
10374 2 2 1 1 5376 5375 5119
10375 2 2 1 1 5376 5119 5121
10376 2 2 1 1 5377 5376 5121
10377 2 2 1 1 5377 5121 5123
10378 2 2 1 1 5378 5377 5123
10379 2 2 1 1 5378 5123 5125
10380 2 2 1 1 5379 5378 5125
10381 2 2 1 1 5379 5125 5127
10382 2 2 1 1 5380 5379 5127
10383 2 2 1 1 5380 5127 5129
10384 2 2 1 1 5381 5380 5129
10385 2 2 1 1 5381 5129 5131
10386 2 2 1 1 5382 5381 5131
10387 2 2 1 1 5382 5131 5133
10388 2 2 1 1 5383 5382 5133
10389 2 2 1 1 5383 5133 5135
10390 2 2 1 1 5384 5383 5135
10391 2 2 1 1 5384 5135 5137
10392 2 2 1 1 5385 5384 5137
10393 2 2 1 1 5385 5137 5139
10394 2 2 1 1 5386 5385 5139
10395 2 2 1 1 5386 5139 5141
10396 2 2 1 1 5387 5386 5141
10397 2 2 1 1 5387 5141 5143
10398 2 2 1 1 5388 5387 5143
10399 2 2 1 1 5388 5143 5145
10400 2 2 1 1 5389 5388 5145
10401 2 2 1 1 5389 5145 5147
10402 2 2 1 1 5390 5389 5147
10403 2 2 1 1 5390 5147 5149
10404 2 2 1 1 5391 5390 5149
10405 2 2 1 1 5391 5149 5098
10406 2 2 1 1 5093 5391 5098
10407 2 2 1 1 5249 5251 5393
10408 2 2 1 1 5394 5249 5393
10409 2 2 1 1 5251 5253 5395
10410 2 2 1 1 5393 5251 5395
10411 2 2 1 1 5253 5255 5396
10412 2 2 1 1 5395 5253 5396
10413 2 2 1 1 5255 5257 5397
10414 2 2 1 1 5396 5255 5397
10415 2 2 1 1 5257 5259 5398
10416 2 2 1 1 5397 5257 5398
10417 2 2 1 1 5259 3666 5399
10418 2 2 1 1 5398 5259 5399
10419 2 2 1 1 3666 3667 5400
10420 2 2 1 1 5399 3666 5400
10421 2 2 1 1 3667 5261 5401
10422 2 2 1 1 5400 3667 5401
10423 2 2 1 1 5261 5263 5402
10424 2 2 1 1 5401 5261 5402
10425 2 2 1 1 5263 5265 5403
10426 2 2 1 1 5402 5263 5403
10427 2 2 1 1 5265 5267 5404
10428 2 2 1 1 5403 5265 5404
10429 2 2 1 1 5267 5269 5405
10430 2 2 1 1 5404 5267 5405
10431 2 2 1 1 5269 5271 5406
10432 2 2 1 1 5405 5269 5406
10433 2 2 1 1 5271 5273 5407
10434 2 2 1 1 5406 5271 5407
10435 2 2 1 1 5273 5275 5408
10436 2 2 1 1 5407 5273 5408
10437 2 2 1 1 5275 5277 5409
10438 2 2 1 1 5408 5275 5409
10439 2 2 1 1 5277 5279 5410
10440 2 2 1 1 5409 5277 5410
10441 2 2 1 1 5279 5281 5411
10442 2 2 1 1 5410 5279 5411
10443 2 2 1 1 5281 5283 5412
10444 2 2 1 1 5411 5281 5412
10445 2 2 1 1 5283 5285 5413
10446 2 2 1 1 5412 5283 5413
10447 2 2 1 1 5285 5287 5414
10448 2 2 1 1 5413 5285 5414
10449 2 2 1 1 5287 5289 5415
10450 2 2 1 1 5414 5287 5415
10451 2 2 1 1 5289 5291 5416
10452 2 2 1 1 5415 5289 5416
10453 2 2 1 1 5394 5393 5417
10454 2 2 1 1 5418 5394 5417
10455 2 2 1 1 5393 5395 5419
10456 2 2 1 1 5417 5393 5419
10457 2 2 1 1 5395 5396 5420
10458 2 2 1 1 5419 5395 5420
10459 2 2 1 1 5396 5397 5421
10460 2 2 1 1 5420 5396 5421
10461 2 2 1 1 5397 5398 5422
10462 2 2 1 1 5421 5397 5422
10463 2 2 1 1 5398 5399 5423
10464 2 2 1 1 5422 5398 5423
10465 2 2 1 1 5399 5400 5424
10466 2 2 1 1 5423 5399 5424
10467 2 2 1 1 5400 5401 5425
10468 2 2 1 1 5424 5400 5425
10469 2 2 1 1 5401 5402 5426
10470 2 2 1 1 5425 5401 5426
10471 2 2 1 1 5402 5403 5427
10472 2 2 1 1 5426 5402 5427
10473 2 2 1 1 5403 5404 5428
10474 2 2 1 1 5427 5403 5428
10475 2 2 1 1 5404 5405 5429
10476 2 2 1 1 5428 5404 5429
10477 2 2 1 1 5405 5406 5430
10478 2 2 1 1 5429 5405 5430
10479 2 2 1 1 5406 5407 5431
10480 2 2 1 1 5430 5406 5431
10481 2 2 1 1 5407 5408 5432
10482 2 2 1 1 5431 5407 5432
10483 2 2 1 1 5408 5409 5433
10484 2 2 1 1 5432 5408 5433
10485 2 2 1 1 5409 5410 5434
10486 2 2 1 1 5433 5409 5434
10487 2 2 1 1 5410 5411 5435
10488 2 2 1 1 5434 5410 5435
10489 2 2 1 1 5411 5412 5436
10490 2 2 1 1 5435 5411 5436
10491 2 2 1 1 5412 5413 5437
10492 2 2 1 1 5436 5412 5437
10493 2 2 1 1 5413 5414 5438
10494 2 2 1 1 5437 5413 5438
10495 2 2 1 1 5414 5415 5439
10496 2 2 1 1 5438 5414 5439
10497 2 2 1 1 5415 5416 3610
10498 2 2 1 1 5439 5415 3610
10499 2 2 1 1 5418 5417 5440
10500 2 2 1 1 5441 5418 5440
10501 2 2 1 1 5417 5419 5442
10502 2 2 1 1 5440 5417 5442
10503 2 2 1 1 5419 5420 5443
10504 2 2 1 1 5442 5419 5443
10505 2 2 1 1 5420 5421 5444
10506 2 2 1 1 5443 5420 5444
10507 2 2 1 1 5421 5422 5445
10508 2 2 1 1 5444 5421 5445
10509 2 2 1 1 5422 5423 5446
10510 2 2 1 1 5445 5422 5446
10511 2 2 1 1 5423 5424 5447
10512 2 2 1 1 5446 5423 5447
10513 2 2 1 1 5424 5425 5448
10514 2 2 1 1 5447 5424 5448
10515 2 2 1 1 5425 5426 5449
10516 2 2 1 1 5448 5425 5449
10517 2 2 1 1 5426 5427 5450
10518 2 2 1 1 5449 5426 5450
10519 2 2 1 1 5427 5428 5451
10520 2 2 1 1 5450 5427 5451
10521 2 2 1 1 5428 5429 5452
10522 2 2 1 1 5451 5428 5452
10523 2 2 1 1 5429 5430 5453
10524 2 2 1 1 5452 5429 5453
10525 2 2 1 1 5430 5431 5454
10526 2 2 1 1 5453 5430 5454
10527 2 2 1 1 5431 5432 5455
10528 2 2 1 1 5454 5431 5455
10529 2 2 1 1 5432 5433 5456
10530 2 2 1 1 5455 5432 5456
10531 2 2 1 1 5433 5434 5457
10532 2 2 1 1 5456 5433 5457
10533 2 2 1 1 5434 5435 5458
10534 2 2 1 1 5457 5434 5458
10535 2 2 1 1 5435 5436 5459
10536 2 2 1 1 5458 5435 5459
10537 2 2 1 1 5436 5437 5460
10538 2 2 1 1 5459 5436 5460
10539 2 2 1 1 5437 5438 5461
10540 2 2 1 1 5460 5437 5461
10541 2 2 1 1 5438 5439 5462
10542 2 2 1 1 5461 5438 5462
10543 2 2 1 1 5439 3610 3611
10544 2 2 1 1 5462 5439 3611
10545 2 2 1 1 5441 5440 5463
10546 2 2 1 1 5464 5441 5463
10547 2 2 1 1 5440 5442 5465
10548 2 2 1 1 5463 5440 5465
10549 2 2 1 1 5442 5443 5466
10550 2 2 1 1 5465 5442 5466
10551 2 2 1 1 5443 5444 5467
10552 2 2 1 1 5466 5443 5467
10553 2 2 1 1 5444 5445 5468
10554 2 2 1 1 5467 5444 5468
10555 2 2 1 1 5445 5446 5469
10556 2 2 1 1 5468 5445 5469
10557 2 2 1 1 5446 5447 5470
10558 2 2 1 1 5469 5446 5470
10559 2 2 1 1 5447 5448 5471
10560 2 2 1 1 5470 5447 5471
10561 2 2 1 1 5448 5449 5472
10562 2 2 1 1 5471 5448 5472
10563 2 2 1 1 5449 5450 5473
10564 2 2 1 1 5472 5449 5473
10565 2 2 1 1 5450 5451 5474
10566 2 2 1 1 5473 5450 5474
10567 2 2 1 1 5451 5452 5475
10568 2 2 1 1 5474 5451 5475
10569 2 2 1 1 5452 5453 5476
10570 2 2 1 1 5475 5452 5476
10571 2 2 1 1 5453 5454 5477
10572 2 2 1 1 5476 5453 5477
10573 2 2 1 1 5454 5455 5478
10574 2 2 1 1 5477 5454 5478
10575 2 2 1 1 5455 5456 5479
10576 2 2 1 1 5478 5455 5479
10577 2 2 1 1 5456 5457 5480
10578 2 2 1 1 5479 5456 5480
10579 2 2 1 1 5457 5458 5481
10580 2 2 1 1 5480 5457 5481
10581 2 2 1 1 5458 5459 5482
10582 2 2 1 1 5481 5458 5482
10583 2 2 1 1 5459 5460 5483
10584 2 2 1 1 5482 5459 5483
10585 2 2 1 1 5460 5461 5484
10586 2 2 1 1 5483 5460 5484
10587 2 2 1 1 5461 5462 5485
10588 2 2 1 1 5484 5461 5485
10589 2 2 1 1 5462 3611 5486
10590 2 2 1 1 5485 5462 5486
10591 2 2 1 1 5464 5463 5487
10592 2 2 1 1 5488 5464 5487
10593 2 2 1 1 5463 5465 5489
10594 2 2 1 1 5487 5463 5489
10595 2 2 1 1 5465 5466 5490
10596 2 2 1 1 5489 5465 5490
10597 2 2 1 1 5466 5467 5491
10598 2 2 1 1 5490 5466 5491
10599 2 2 1 1 5467 5468 5492
10600 2 2 1 1 5491 5467 5492
10601 2 2 1 1 5468 5469 5493
10602 2 2 1 1 5492 5468 5493
10603 2 2 1 1 5469 5470 5494
10604 2 2 1 1 5493 5469 5494
10605 2 2 1 1 5470 5471 5495
10606 2 2 1 1 5494 5470 5495
10607 2 2 1 1 5471 5472 5496
10608 2 2 1 1 5495 5471 5496
10609 2 2 1 1 5472 5473 5497
10610 2 2 1 1 5496 5472 5497
10611 2 2 1 1 5473 5474 5498
10612 2 2 1 1 5497 5473 5498
10613 2 2 1 1 5474 5475 5499
10614 2 2 1 1 5498 5474 5499
10615 2 2 1 1 5475 5476 5500
10616 2 2 1 1 5499 5475 5500
10617 2 2 1 1 5476 5477 5501
10618 2 2 1 1 5500 5476 5501
10619 2 2 1 1 5477 5478 5502
10620 2 2 1 1 5501 5477 5502
10621 2 2 1 1 5478 5479 5503
10622 2 2 1 1 5502 5478 5503
10623 2 2 1 1 5479 5480 5504
10624 2 2 1 1 5503 5479 5504
10625 2 2 1 1 5480 5481 5505
10626 2 2 1 1 5504 5480 5505
10627 2 2 1 1 5481 5482 5506
10628 2 2 1 1 5505 5481 5506
10629 2 2 1 1 5482 5483 5507
10630 2 2 1 1 5506 5482 5507
10631 2 2 1 1 5483 5484 5508
10632 2 2 1 1 5507 5483 5508
10633 2 2 1 1 5484 5485 5509
10634 2 2 1 1 5508 5484 5509
10635 2 2 1 1 5485 5486 5510
10636 2 2 1 1 5509 5485 5510
10637 2 2 1 1 5488 5487 4712
10638 2 2 1 1 4713 5488 4712
10639 2 2 1 1 5487 5489 4714
10640 2 2 1 1 4712 5487 4714
10641 2 2 1 1 5489 5490 4715
10642 2 2 1 1 4714 5489 4715
10643 2 2 1 1 5490 5491 4716
10644 2 2 1 1 4715 5490 4716
10645 2 2 1 1 5491 5492 4717
10646 2 2 1 1 4716 5491 4717
10647 2 2 1 1 5492 5493 4718
10648 2 2 1 1 4717 5492 4718
10649 2 2 1 1 5493 5494 4719
10650 2 2 1 1 4718 5493 4719
10651 2 2 1 1 5494 5495 4720
10652 2 2 1 1 4719 5494 4720
10653 2 2 1 1 5495 5496 4721
10654 2 2 1 1 4720 5495 4721
10655 2 2 1 1 5496 5497 4722
10656 2 2 1 1 4721 5496 4722
10657 2 2 1 1 5497 5498 4723
10658 2 2 1 1 4722 5497 4723
10659 2 2 1 1 5498 5499 4724
10660 2 2 1 1 4723 5498 4724
10661 2 2 1 1 5499 5500 4725
10662 2 2 1 1 4724 5499 4725
10663 2 2 1 1 5500 5501 4726
10664 2 2 1 1 4725 5500 4726
10665 2 2 1 1 5501 5502 4727
10666 2 2 1 1 4726 5501 4727
10667 2 2 1 1 5502 5503 4728
10668 2 2 1 1 4727 5502 4728
10669 2 2 1 1 5503 5504 4729
10670 2 2 1 1 4728 5503 4729
10671 2 2 1 1 5504 5505 4730
10672 2 2 1 1 4729 5504 4730
10673 2 2 1 1 5505 5506 4731
10674 2 2 1 1 4730 5505 4731
10675 2 2 1 1 5506 5507 4732
10676 2 2 1 1 4731 5506 4732
10677 2 2 1 1 5507 5508 4733
10678 2 2 1 1 4732 5507 4733
10679 2 2 1 1 5508 5509 4734
10680 2 2 1 1 4733 5508 4734
10681 2 2 1 1 5509 5510 4735
10682 2 2 1 1 4734 5509 4735
10683 2 2 1 1 5513 5512 5511
10684 2 2 1 1 5514 5513 5511
10685 2 2 1 1 5514 5511 5247
10686 2 2 1 1 5248 5514 5247
10687 2 2 1 1 5512 5516 5515
10688 2 2 1 1 5511 5512 5515
10689 2 2 1 1 5511 5515 5293
10690 2 2 1 1 5247 5511 5293
10691 2 2 1 1 5516 5518 5517
10692 2 2 1 1 5515 5516 5517
10693 2 2 1 1 5515 5517 5318
10694 2 2 1 1 5293 5515 5318
10695 2 2 1 1 5518 5520 5519
10696 2 2 1 1 5517 5518 5519
10697 2 2 1 1 5517 5519 5343
10698 2 2 1 1 5318 5517 5343
10699 2 2 1 1 5520 5522 5521
10700 2 2 1 1 5519 5520 5521
10701 2 2 1 1 5519 5521 5368
10702 2 2 1 1 5343 5519 5368
10703 2 2 1 1 5525 5524 5523
10704 2 2 1 1 5526 5525 5523
10705 2 2 1 1 5526 5523 5527
10706 2 2 1 1 5528 5526 5527
10707 2 2 1 1 5528 5527 5529
10708 2 2 1 1 5530 5528 5529
10709 2 2 1 1 5530 5529 5531
10710 2 2 1 1 5532 5530 5531
10711 2 2 1 1 5532 5531 5533
10712 2 2 1 1 5534 5532 5533
10713 2 2 1 1 5534 5533 5535
10714 2 2 1 1 5536 5534 5535
10715 2 2 1 1 5536 5535 5537
10716 2 2 1 1 5538 5536 5537
10717 2 2 1 1 5538 5537 5539
10718 2 2 1 1 5540 5538 5539
10719 2 2 1 1 5540 5539 5541
10720 2 2 1 1 5542 5540 5541
10721 2 2 1 1 5542 5541 5543
10722 2 2 1 1 5544 5542 5543
10723 2 2 1 1 5544 5543 5545
10724 2 2 1 1 5546 5544 5545
10725 2 2 1 1 5546 5545 5547
10726 2 2 1 1 5548 5546 5547
10727 2 2 1 1 5548 5547 5549
10728 2 2 1 1 5550 5548 5549
10729 2 2 1 1 5550 5549 5551
10730 2 2 1 1 5552 5550 5551
10731 2 2 1 1 5552 5551 5553
10732 2 2 1 1 5554 5552 5553
10733 2 2 1 1 5554 5553 5555
10734 2 2 1 1 5556 5554 5555
10735 2 2 1 1 5556 5555 5557
10736 2 2 1 1 5558 5556 5557
10737 2 2 1 1 5558 5557 5559
10738 2 2 1 1 5560 5558 5559
10739 2 2 1 1 5560 5559 5561
10740 2 2 1 1 5562 5560 5561
10741 2 2 1 1 5562 5561 5563
10742 2 2 1 1 5564 5562 5563
10743 2 2 1 1 5564 5563 5565
10744 2 2 1 1 5566 5564 5565
10745 2 2 1 1 5566 5565 5567
10746 2 2 1 1 5568 5566 5567
10747 2 2 1 1 5568 5567 5569
10748 2 2 1 1 5570 5568 5569
10749 2 2 1 1 5570 5569 5571
10750 2 2 1 1 5572 5570 5571
10751 2 2 1 1 5572 5571 5573
10752 2 2 1 1 4205 5572 5573
10753 2 2 1 1 5524 5575 5574
10754 2 2 1 1 5523 5524 5574
10755 2 2 1 1 5523 5574 5576
10756 2 2 1 1 5527 5523 5576
10757 2 2 1 1 5527 5576 5577
10758 2 2 1 1 5529 5527 5577
10759 2 2 1 1 5529 5577 5578
10760 2 2 1 1 5531 5529 5578
10761 2 2 1 1 5531 5578 5579
10762 2 2 1 1 5533 5531 5579
10763 2 2 1 1 5533 5579 5580
10764 2 2 1 1 5535 5533 5580
10765 2 2 1 1 5535 5580 5581
10766 2 2 1 1 5537 5535 5581
10767 2 2 1 1 5537 5581 5582
10768 2 2 1 1 5539 5537 5582
10769 2 2 1 1 5539 5582 5583
10770 2 2 1 1 5541 5539 5583
10771 2 2 1 1 5541 5583 5584
10772 2 2 1 1 5543 5541 5584
10773 2 2 1 1 5543 5584 5585
10774 2 2 1 1 5545 5543 5585
10775 2 2 1 1 5545 5585 5586
10776 2 2 1 1 5547 5545 5586
10777 2 2 1 1 5547 5586 5587
10778 2 2 1 1 5549 5547 5587
10779 2 2 1 1 5549 5587 5588
10780 2 2 1 1 5551 5549 5588
10781 2 2 1 1 5551 5588 5589
10782 2 2 1 1 5553 5551 5589
10783 2 2 1 1 5553 5589 5590
10784 2 2 1 1 5555 5553 5590
10785 2 2 1 1 5555 5590 5591
10786 2 2 1 1 5557 5555 5591
10787 2 2 1 1 5557 5591 5592
10788 2 2 1 1 5559 5557 5592
10789 2 2 1 1 5559 5592 5593
10790 2 2 1 1 5561 5559 5593
10791 2 2 1 1 5561 5593 5594
10792 2 2 1 1 5563 5561 5594
10793 2 2 1 1 5563 5594 5595
10794 2 2 1 1 5565 5563 5595
10795 2 2 1 1 5565 5595 5596
10796 2 2 1 1 5567 5565 5596
10797 2 2 1 1 5567 5596 5597
10798 2 2 1 1 5569 5567 5597
10799 2 2 1 1 5569 5597 5598
10800 2 2 1 1 5571 5569 5598
10801 2 2 1 1 5571 5598 5599
10802 2 2 1 1 5573 5571 5599
10803 2 2 1 1 5575 5601 5600
10804 2 2 1 1 5574 5575 5600
10805 2 2 1 1 5574 5600 5602
10806 2 2 1 1 5576 5574 5602
10807 2 2 1 1 5576 5602 5603
10808 2 2 1 1 5577 5576 5603
10809 2 2 1 1 5577 5603 5604
10810 2 2 1 1 5578 5577 5604
10811 2 2 1 1 5578 5604 5605
10812 2 2 1 1 5579 5578 5605
10813 2 2 1 1 5579 5605 5606
10814 2 2 1 1 5580 5579 5606
10815 2 2 1 1 5580 5606 5607
10816 2 2 1 1 5581 5580 5607
10817 2 2 1 1 5581 5607 5608
10818 2 2 1 1 5582 5581 5608
10819 2 2 1 1 5582 5608 5609
10820 2 2 1 1 5583 5582 5609
10821 2 2 1 1 5583 5609 5610
10822 2 2 1 1 5584 5583 5610
10823 2 2 1 1 5584 5610 5611
10824 2 2 1 1 5585 5584 5611
10825 2 2 1 1 5585 5611 5612
10826 2 2 1 1 5586 5585 5612
10827 2 2 1 1 5586 5612 5613
10828 2 2 1 1 5587 5586 5613
10829 2 2 1 1 5587 5613 5614
10830 2 2 1 1 5588 5587 5614
10831 2 2 1 1 5588 5614 5615
10832 2 2 1 1 5589 5588 5615
10833 2 2 1 1 5589 5615 5616
10834 2 2 1 1 5590 5589 5616
10835 2 2 1 1 5590 5616 5617
10836 2 2 1 1 5591 5590 5617
10837 2 2 1 1 5591 5617 5618
10838 2 2 1 1 5592 5591 5618
10839 2 2 1 1 5592 5618 5619
10840 2 2 1 1 5593 5592 5619
10841 2 2 1 1 5593 5619 5620
10842 2 2 1 1 5594 5593 5620
10843 2 2 1 1 5594 5620 5621
10844 2 2 1 1 5595 5594 5621
10845 2 2 1 1 5595 5621 5622
10846 2 2 1 1 5596 5595 5622
10847 2 2 1 1 5596 5622 5623
10848 2 2 1 1 5597 5596 5623
10849 2 2 1 1 5597 5623 5624
10850 2 2 1 1 5598 5597 5624
10851 2 2 1 1 5598 5624 5625
10852 2 2 1 1 5599 5598 5625
10853 2 2 1 1 5601 5627 5626
10854 2 2 1 1 5600 5601 5626
10855 2 2 1 1 5600 5626 5628
10856 2 2 1 1 5602 5600 5628
10857 2 2 1 1 5602 5628 5629
10858 2 2 1 1 5603 5602 5629
10859 2 2 1 1 5603 5629 5630
10860 2 2 1 1 5604 5603 5630
10861 2 2 1 1 5604 5630 5631
10862 2 2 1 1 5605 5604 5631
10863 2 2 1 1 5605 5631 5632
10864 2 2 1 1 5606 5605 5632
10865 2 2 1 1 5606 5632 5633
10866 2 2 1 1 5607 5606 5633
10867 2 2 1 1 5607 5633 5634
10868 2 2 1 1 5608 5607 5634
10869 2 2 1 1 5608 5634 5635
10870 2 2 1 1 5609 5608 5635
10871 2 2 1 1 5609 5635 5636
10872 2 2 1 1 5610 5609 5636
10873 2 2 1 1 5610 5636 5637
10874 2 2 1 1 5611 5610 5637
10875 2 2 1 1 5611 5637 5638
10876 2 2 1 1 5612 5611 5638
10877 2 2 1 1 5612 5638 5639
10878 2 2 1 1 5613 5612 5639
10879 2 2 1 1 5613 5639 5640
10880 2 2 1 1 5614 5613 5640
10881 2 2 1 1 5614 5640 5641
10882 2 2 1 1 5615 5614 5641
10883 2 2 1 1 5615 5641 5642
10884 2 2 1 1 5616 5615 5642
10885 2 2 1 1 5616 5642 5643
10886 2 2 1 1 5617 5616 5643
10887 2 2 1 1 5617 5643 5644
10888 2 2 1 1 5618 5617 5644
10889 2 2 1 1 5618 5644 5645
10890 2 2 1 1 5619 5618 5645
10891 2 2 1 1 5619 5645 5646
10892 2 2 1 1 5620 5619 5646
10893 2 2 1 1 5620 5646 5647
10894 2 2 1 1 5621 5620 5647
10895 2 2 1 1 5621 5647 5648
10896 2 2 1 1 5622 5621 5648
10897 2 2 1 1 5622 5648 5649
10898 2 2 1 1 5623 5622 5649
10899 2 2 1 1 5623 5649 5650
10900 2 2 1 1 5624 5623 5650
10901 2 2 1 1 5624 5650 5651
10902 2 2 1 1 5625 5624 5651
10903 2 2 1 1 5627 5653 5652
10904 2 2 1 1 5626 5627 5652
10905 2 2 1 1 5626 5652 5654
10906 2 2 1 1 5628 5626 5654
10907 2 2 1 1 5628 5654 5655
10908 2 2 1 1 5629 5628 5655
10909 2 2 1 1 5629 5655 5656
10910 2 2 1 1 5630 5629 5656
10911 2 2 1 1 5630 5656 5657
10912 2 2 1 1 5631 5630 5657
10913 2 2 1 1 5631 5657 5658
10914 2 2 1 1 5632 5631 5658
10915 2 2 1 1 5632 5658 5659
10916 2 2 1 1 5633 5632 5659
10917 2 2 1 1 5633 5659 5660
10918 2 2 1 1 5634 5633 5660
10919 2 2 1 1 5634 5660 5661
10920 2 2 1 1 5635 5634 5661
10921 2 2 1 1 5635 5661 5662
10922 2 2 1 1 5636 5635 5662
10923 2 2 1 1 5636 5662 5663
10924 2 2 1 1 5637 5636 5663
10925 2 2 1 1 5637 5663 5664
10926 2 2 1 1 5638 5637 5664
10927 2 2 1 1 5638 5664 5665
10928 2 2 1 1 5639 5638 5665
10929 2 2 1 1 5639 5665 5666
10930 2 2 1 1 5640 5639 5666
10931 2 2 1 1 5640 5666 5667
10932 2 2 1 1 5641 5640 5667
10933 2 2 1 1 5641 5667 5668
10934 2 2 1 1 5642 5641 5668
10935 2 2 1 1 5642 5668 5669
10936 2 2 1 1 5643 5642 5669
10937 2 2 1 1 5643 5669 5670
10938 2 2 1 1 5644 5643 5670
10939 2 2 1 1 5644 5670 5671
10940 2 2 1 1 5645 5644 5671
10941 2 2 1 1 5645 5671 5672
10942 2 2 1 1 5646 5645 5672
10943 2 2 1 1 5646 5672 5673
10944 2 2 1 1 5647 5646 5673
10945 2 2 1 1 5647 5673 5674
10946 2 2 1 1 5648 5647 5674
10947 2 2 1 1 5648 5674 5675
10948 2 2 1 1 5649 5648 5675
10949 2 2 1 1 5649 5675 5676
10950 2 2 1 1 5650 5649 5676
10951 2 2 1 1 5650 5676 5677
10952 2 2 1 1 5651 5650 5677
10953 2 2 1 1 5653 2132 2131
10954 2 2 1 1 5652 5653 2131
10955 2 2 1 1 5652 2131 2133
10956 2 2 1 1 5654 5652 2133
10957 2 2 1 1 5654 2133 2134
10958 2 2 1 1 5655 5654 2134
10959 2 2 1 1 5655 2134 2135
10960 2 2 1 1 5656 5655 2135
10961 2 2 1 1 5656 2135 2136
10962 2 2 1 1 5657 5656 2136
10963 2 2 1 1 5657 2136 2137
10964 2 2 1 1 5658 5657 2137
10965 2 2 1 1 5658 2137 2138
10966 2 2 1 1 5659 5658 2138
10967 2 2 1 1 5659 2138 2139
10968 2 2 1 1 5660 5659 2139
10969 2 2 1 1 5660 2139 2140
10970 2 2 1 1 5661 5660 2140
10971 2 2 1 1 5661 2140 2141
10972 2 2 1 1 5662 5661 2141
10973 2 2 1 1 5662 2141 2142
10974 2 2 1 1 5663 5662 2142
10975 2 2 1 1 5663 2142 2143
10976 2 2 1 1 5664 5663 2143
10977 2 2 1 1 5664 2143 2144
10978 2 2 1 1 5665 5664 2144
10979 2 2 1 1 5665 2144 2145
10980 2 2 1 1 5666 5665 2145
10981 2 2 1 1 5666 2145 2146
10982 2 2 1 1 5667 5666 2146
10983 2 2 1 1 5667 2146 2147
10984 2 2 1 1 5668 5667 2147
10985 2 2 1 1 5668 2147 2148
10986 2 2 1 1 5669 5668 2148
10987 2 2 1 1 5669 2148 2149
10988 2 2 1 1 5670 5669 2149
10989 2 2 1 1 5670 2149 2150
10990 2 2 1 1 5671 5670 2150
10991 2 2 1 1 5671 2150 2151
10992 2 2 1 1 5672 5671 2151
10993 2 2 1 1 5672 2151 2152
10994 2 2 1 1 5673 5672 2152
10995 2 2 1 1 5673 2152 2153
10996 2 2 1 1 5674 5673 2153
10997 2 2 1 1 5674 2153 2154
10998 2 2 1 1 5675 5674 2154
10999 2 2 1 1 5675 2154 2155
11000 2 2 1 1 5676 5675 2155
11001 2 2 1 1 5676 2155 2156
11002 2 2 1 1 5677 5676 2156
11003 2 2 1 1 5513 5679 5678
11004 2 2 1 1 5512 5513 5678
11005 2 2 1 1 5679 5525 5680
11006 2 2 1 1 5678 5679 5680
11007 2 2 1 1 5512 5678 5681
11008 2 2 1 1 5516 5512 5681
11009 2 2 1 1 5678 5680 5682
11010 2 2 1 1 5681 5678 5682
11011 2 2 1 1 5516 5681 5683
11012 2 2 1 1 5518 5516 5683
11013 2 2 1 1 5681 5682 5684
11014 2 2 1 1 5683 5681 5684
11015 2 2 1 1 5518 5683 5685
11016 2 2 1 1 5520 5518 5685
11017 2 2 1 1 5683 5684 5686
11018 2 2 1 1 5685 5683 5686
11019 2 2 1 1 5520 5685 5687
11020 2 2 1 1 5522 5520 5687
11021 2 2 1 1 5685 5686 5688
11022 2 2 1 1 5687 5685 5688
11023 2 2 1 1 5522 5687 5689
11024 2 2 1 1 5690 5522 5689
11025 2 2 1 1 5687 5688 5691
11026 2 2 1 1 5689 5687 5691
11027 2 2 1 1 4205 5693 5692
11028 2 2 1 1 5694 4205 5692
11029 2 2 1 1 5693 4146 5695
11030 2 2 1 1 5692 5693 5695
11031 2 2 1 1 4146 4149 5696
11032 2 2 1 1 5695 4146 5696
11033 2 2 1 1 4149 4152 5697
11034 2 2 1 1 5696 4149 5697
11035 2 2 1 1 5694 5692 5698
11036 2 2 1 1 5699 5694 5698
11037 2 2 1 1 5692 5695 5700
11038 2 2 1 1 5698 5692 5700
11039 2 2 1 1 5695 5696 5701
11040 2 2 1 1 5700 5695 5701
11041 2 2 1 1 5696 5697 5702
11042 2 2 1 1 5701 5696 5702
11043 2 2 1 1 5699 5698 5703
11044 2 2 1 1 5704 5699 5703
11045 2 2 1 1 5698 5700 5705
11046 2 2 1 1 5703 5698 5705
11047 2 2 1 1 5700 5701 5706
11048 2 2 1 1 5705 5700 5706
11049 2 2 1 1 5701 5702 5707
11050 2 2 1 1 5706 5701 5707
11051 2 2 1 1 5704 5703 5708
11052 2 2 1 1 5709 5704 5708
11053 2 2 1 1 5703 5705 5710
11054 2 2 1 1 5708 5703 5710
11055 2 2 1 1 5705 5706 5711
11056 2 2 1 1 5710 5705 5711
11057 2 2 1 1 5706 5707 5712
11058 2 2 1 1 5711 5706 5712
11059 2 2 1 1 5709 5708 5713
11060 2 2 1 1 5714 5709 5713
11061 2 2 1 1 5708 5710 5715
11062 2 2 1 1 5713 5708 5715
11063 2 2 1 1 5710 5711 5716
11064 2 2 1 1 5715 5710 5716
11065 2 2 1 1 5711 5712 5717
11066 2 2 1 1 5716 5711 5717
11067 2 2 1 1 5714 5713 5718
11068 2 2 1 1 4212 5714 5718
11069 2 2 1 1 5713 5715 4154
11070 2 2 1 1 5718 5713 4154
11071 2 2 1 1 5715 5716 3638
11072 2 2 1 1 4154 5715 3638
11073 2 2 1 1 5716 5717 3655
11074 2 2 1 1 3638 5716 3655
11075 2 2 1 1 5525 5526 5719
11076 2 2 1 1 5680 5525 5719
11077 2 2 1 1 5526 5528 5720
11078 2 2 1 1 5719 5526 5720
11079 2 2 1 1 5528 5530 5721
11080 2 2 1 1 5720 5528 5721
11081 2 2 1 1 5530 5532 5722
11082 2 2 1 1 5721 5530 5722
11083 2 2 1 1 5532 5534 5723
11084 2 2 1 1 5722 5532 5723
11085 2 2 1 1 5534 5536 5724
11086 2 2 1 1 5723 5534 5724
11087 2 2 1 1 5536 5538 5725
11088 2 2 1 1 5724 5536 5725
11089 2 2 1 1 5538 5540 5726
11090 2 2 1 1 5725 5538 5726
11091 2 2 1 1 5540 5542 5727
11092 2 2 1 1 5726 5540 5727
11093 2 2 1 1 5542 5544 5728
11094 2 2 1 1 5727 5542 5728
11095 2 2 1 1 5544 5546 5729
11096 2 2 1 1 5728 5544 5729
11097 2 2 1 1 5546 5548 5730
11098 2 2 1 1 5729 5546 5730
11099 2 2 1 1 5548 5550 5731
11100 2 2 1 1 5730 5548 5731
11101 2 2 1 1 5550 5552 5732
11102 2 2 1 1 5731 5550 5732
11103 2 2 1 1 5552 5554 5733
11104 2 2 1 1 5732 5552 5733
11105 2 2 1 1 5554 5556 5734
11106 2 2 1 1 5733 5554 5734
11107 2 2 1 1 5556 5558 5735
11108 2 2 1 1 5734 5556 5735
11109 2 2 1 1 5558 5560 5736
11110 2 2 1 1 5735 5558 5736
11111 2 2 1 1 5560 5562 5737
11112 2 2 1 1 5736 5560 5737
11113 2 2 1 1 5562 5564 5738
11114 2 2 1 1 5737 5562 5738
11115 2 2 1 1 5564 5566 5739
11116 2 2 1 1 5738 5564 5739
11117 2 2 1 1 5566 5568 5740
11118 2 2 1 1 5739 5566 5740
11119 2 2 1 1 5568 5570 5741
11120 2 2 1 1 5740 5568 5741
11121 2 2 1 1 5570 5572 5742
11122 2 2 1 1 5741 5570 5742
11123 2 2 1 1 5572 4205 5694
11124 2 2 1 1 5742 5572 5694
11125 2 2 1 1 5680 5719 5743
11126 2 2 1 1 5682 5680 5743
11127 2 2 1 1 5719 5720 5744
11128 2 2 1 1 5743 5719 5744
11129 2 2 1 1 5720 5721 5745
11130 2 2 1 1 5744 5720 5745
11131 2 2 1 1 5721 5722 5746
11132 2 2 1 1 5745 5721 5746
11133 2 2 1 1 5722 5723 5747
11134 2 2 1 1 5746 5722 5747
11135 2 2 1 1 5723 5724 5748
11136 2 2 1 1 5747 5723 5748
11137 2 2 1 1 5724 5725 5749
11138 2 2 1 1 5748 5724 5749
11139 2 2 1 1 5725 5726 5750
11140 2 2 1 1 5749 5725 5750
11141 2 2 1 1 5726 5727 5751
11142 2 2 1 1 5750 5726 5751
11143 2 2 1 1 5727 5728 5752
11144 2 2 1 1 5751 5727 5752
11145 2 2 1 1 5728 5729 5753
11146 2 2 1 1 5752 5728 5753
11147 2 2 1 1 5729 5730 5754
11148 2 2 1 1 5753 5729 5754
11149 2 2 1 1 5730 5731 5755
11150 2 2 1 1 5754 5730 5755
11151 2 2 1 1 5731 5732 5756
11152 2 2 1 1 5755 5731 5756
11153 2 2 1 1 5732 5733 5757
11154 2 2 1 1 5756 5732 5757
11155 2 2 1 1 5733 5734 5758
11156 2 2 1 1 5757 5733 5758
11157 2 2 1 1 5734 5735 5759
11158 2 2 1 1 5758 5734 5759
11159 2 2 1 1 5735 5736 5760
11160 2 2 1 1 5759 5735 5760
11161 2 2 1 1 5736 5737 5761
11162 2 2 1 1 5760 5736 5761
11163 2 2 1 1 5737 5738 5762
11164 2 2 1 1 5761 5737 5762
11165 2 2 1 1 5738 5739 5763
11166 2 2 1 1 5762 5738 5763
11167 2 2 1 1 5739 5740 5764
11168 2 2 1 1 5763 5739 5764
11169 2 2 1 1 5740 5741 5765
11170 2 2 1 1 5764 5740 5765
11171 2 2 1 1 5741 5742 5766
11172 2 2 1 1 5765 5741 5766
11173 2 2 1 1 5742 5694 5699
11174 2 2 1 1 5766 5742 5699
11175 2 2 1 1 5682 5743 5767
11176 2 2 1 1 5684 5682 5767
11177 2 2 1 1 5743 5744 5768
11178 2 2 1 1 5767 5743 5768
11179 2 2 1 1 5744 5745 5769
11180 2 2 1 1 5768 5744 5769
11181 2 2 1 1 5745 5746 5770
11182 2 2 1 1 5769 5745 5770
11183 2 2 1 1 5746 5747 5771
11184 2 2 1 1 5770 5746 5771
11185 2 2 1 1 5747 5748 5772
11186 2 2 1 1 5771 5747 5772
11187 2 2 1 1 5748 5749 5773
11188 2 2 1 1 5772 5748 5773
11189 2 2 1 1 5749 5750 5774
11190 2 2 1 1 5773 5749 5774
11191 2 2 1 1 5750 5751 5775
11192 2 2 1 1 5774 5750 5775
11193 2 2 1 1 5751 5752 5776
11194 2 2 1 1 5775 5751 5776
11195 2 2 1 1 5752 5753 5777
11196 2 2 1 1 5776 5752 5777
11197 2 2 1 1 5753 5754 5778
11198 2 2 1 1 5777 5753 5778
11199 2 2 1 1 5754 5755 5779
11200 2 2 1 1 5778 5754 5779
11201 2 2 1 1 5755 5756 5780
11202 2 2 1 1 5779 5755 5780
11203 2 2 1 1 5756 5757 5781
11204 2 2 1 1 5780 5756 5781
11205 2 2 1 1 5757 5758 5782
11206 2 2 1 1 5781 5757 5782
11207 2 2 1 1 5758 5759 5783
11208 2 2 1 1 5782 5758 5783
11209 2 2 1 1 5759 5760 5784
11210 2 2 1 1 5783 5759 5784
11211 2 2 1 1 5760 5761 5785
11212 2 2 1 1 5784 5760 5785
11213 2 2 1 1 5761 5762 5786
11214 2 2 1 1 5785 5761 5786
11215 2 2 1 1 5762 5763 5787
11216 2 2 1 1 5786 5762 5787
11217 2 2 1 1 5763 5764 5788
11218 2 2 1 1 5787 5763 5788
11219 2 2 1 1 5764 5765 5789
11220 2 2 1 1 5788 5764 5789
11221 2 2 1 1 5765 5766 5790
11222 2 2 1 1 5789 5765 5790
11223 2 2 1 1 5766 5699 5704
11224 2 2 1 1 5790 5766 5704
11225 2 2 1 1 5684 5767 5791
11226 2 2 1 1 5686 5684 5791
11227 2 2 1 1 5767 5768 5792
11228 2 2 1 1 5791 5767 5792
11229 2 2 1 1 5768 5769 5793
11230 2 2 1 1 5792 5768 5793
11231 2 2 1 1 5769 5770 5794
11232 2 2 1 1 5793 5769 5794
11233 2 2 1 1 5770 5771 5795
11234 2 2 1 1 5794 5770 5795
11235 2 2 1 1 5771 5772 5796
11236 2 2 1 1 5795 5771 5796
11237 2 2 1 1 5772 5773 5797
11238 2 2 1 1 5796 5772 5797
11239 2 2 1 1 5773 5774 5798
11240 2 2 1 1 5797 5773 5798
11241 2 2 1 1 5774 5775 5799
11242 2 2 1 1 5798 5774 5799
11243 2 2 1 1 5775 5776 5800
11244 2 2 1 1 5799 5775 5800
11245 2 2 1 1 5776 5777 5801
11246 2 2 1 1 5800 5776 5801
11247 2 2 1 1 5777 5778 5802
11248 2 2 1 1 5801 5777 5802
11249 2 2 1 1 5778 5779 5803
11250 2 2 1 1 5802 5778 5803
11251 2 2 1 1 5779 5780 5804
11252 2 2 1 1 5803 5779 5804
11253 2 2 1 1 5780 5781 5805
11254 2 2 1 1 5804 5780 5805
11255 2 2 1 1 5781 5782 5806
11256 2 2 1 1 5805 5781 5806
11257 2 2 1 1 5782 5783 5807
11258 2 2 1 1 5806 5782 5807
11259 2 2 1 1 5783 5784 5808
11260 2 2 1 1 5807 5783 5808
11261 2 2 1 1 5784 5785 5809
11262 2 2 1 1 5808 5784 5809
11263 2 2 1 1 5785 5786 5810
11264 2 2 1 1 5809 5785 5810
11265 2 2 1 1 5786 5787 5811
11266 2 2 1 1 5810 5786 5811
11267 2 2 1 1 5787 5788 5812
11268 2 2 1 1 5811 5787 5812
11269 2 2 1 1 5788 5789 5813
11270 2 2 1 1 5812 5788 5813
11271 2 2 1 1 5789 5790 5814
11272 2 2 1 1 5813 5789 5814
11273 2 2 1 1 5790 5704 5709
11274 2 2 1 1 5814 5790 5709
11275 2 2 1 1 5686 5791 5815
11276 2 2 1 1 5688 5686 5815
11277 2 2 1 1 5791 5792 5816
11278 2 2 1 1 5815 5791 5816
11279 2 2 1 1 5792 5793 5817
11280 2 2 1 1 5816 5792 5817
11281 2 2 1 1 5793 5794 5818
11282 2 2 1 1 5817 5793 5818
11283 2 2 1 1 5794 5795 5819
11284 2 2 1 1 5818 5794 5819
11285 2 2 1 1 5795 5796 5820
11286 2 2 1 1 5819 5795 5820
11287 2 2 1 1 5796 5797 5821
11288 2 2 1 1 5820 5796 5821
11289 2 2 1 1 5797 5798 5822
11290 2 2 1 1 5821 5797 5822
11291 2 2 1 1 5798 5799 5823
11292 2 2 1 1 5822 5798 5823
11293 2 2 1 1 5799 5800 5824
11294 2 2 1 1 5823 5799 5824
11295 2 2 1 1 5800 5801 5825
11296 2 2 1 1 5824 5800 5825
11297 2 2 1 1 5801 5802 5826
11298 2 2 1 1 5825 5801 5826
11299 2 2 1 1 5802 5803 5827
11300 2 2 1 1 5826 5802 5827
11301 2 2 1 1 5803 5804 5828
11302 2 2 1 1 5827 5803 5828
11303 2 2 1 1 5804 5805 5829
11304 2 2 1 1 5828 5804 5829
11305 2 2 1 1 5805 5806 5830
11306 2 2 1 1 5829 5805 5830
11307 2 2 1 1 5806 5807 5831
11308 2 2 1 1 5830 5806 5831
11309 2 2 1 1 5807 5808 5832
11310 2 2 1 1 5831 5807 5832
11311 2 2 1 1 5808 5809 5833
11312 2 2 1 1 5832 5808 5833
11313 2 2 1 1 5809 5810 5834
11314 2 2 1 1 5833 5809 5834
11315 2 2 1 1 5810 5811 5835
11316 2 2 1 1 5834 5810 5835
11317 2 2 1 1 5811 5812 5836
11318 2 2 1 1 5835 5811 5836
11319 2 2 1 1 5812 5813 5837
11320 2 2 1 1 5836 5812 5837
11321 2 2 1 1 5813 5814 5838
11322 2 2 1 1 5837 5813 5838
11323 2 2 1 1 5814 5709 5714
11324 2 2 1 1 5838 5814 5714
11325 2 2 1 1 5688 5815 5839
11326 2 2 1 1 5691 5688 5839
11327 2 2 1 1 5815 5816 5840
11328 2 2 1 1 5839 5815 5840
11329 2 2 1 1 5816 5817 5841
11330 2 2 1 1 5840 5816 5841
11331 2 2 1 1 5817 5818 5842
11332 2 2 1 1 5841 5817 5842
11333 2 2 1 1 5818 5819 5843
11334 2 2 1 1 5842 5818 5843
11335 2 2 1 1 5819 5820 5844
11336 2 2 1 1 5843 5819 5844
11337 2 2 1 1 5820 5821 5845
11338 2 2 1 1 5844 5820 5845
11339 2 2 1 1 5821 5822 5846
11340 2 2 1 1 5845 5821 5846
11341 2 2 1 1 5822 5823 5847
11342 2 2 1 1 5846 5822 5847
11343 2 2 1 1 5823 5824 5848
11344 2 2 1 1 5847 5823 5848
11345 2 2 1 1 5824 5825 5849
11346 2 2 1 1 5848 5824 5849
11347 2 2 1 1 5825 5826 5850
11348 2 2 1 1 5849 5825 5850
11349 2 2 1 1 5826 5827 5851
11350 2 2 1 1 5850 5826 5851
11351 2 2 1 1 5827 5828 5852
11352 2 2 1 1 5851 5827 5852
11353 2 2 1 1 5828 5829 5853
11354 2 2 1 1 5852 5828 5853
11355 2 2 1 1 5829 5830 5854
11356 2 2 1 1 5853 5829 5854
11357 2 2 1 1 5830 5831 5855
11358 2 2 1 1 5854 5830 5855
11359 2 2 1 1 5831 5832 5856
11360 2 2 1 1 5855 5831 5856
11361 2 2 1 1 5832 5833 5857
11362 2 2 1 1 5856 5832 5857
11363 2 2 1 1 5833 5834 5858
11364 2 2 1 1 5857 5833 5858
11365 2 2 1 1 5834 5835 5859
11366 2 2 1 1 5858 5834 5859
11367 2 2 1 1 5835 5836 5860
11368 2 2 1 1 5859 5835 5860
11369 2 2 1 1 5836 5837 5861
11370 2 2 1 1 5860 5836 5861
11371 2 2 1 1 5837 5838 5862
11372 2 2 1 1 5861 5837 5862
11373 2 2 1 1 5838 5714 4212
11374 2 2 1 1 5862 5838 4212
11375 2 2 1 1 5691 5839 5863
11376 2 2 1 1 5864 5691 5863
11377 2 2 1 1 5839 5840 5865
11378 2 2 1 1 5863 5839 5865
11379 2 2 1 1 5840 5841 5866
11380 2 2 1 1 5865 5840 5866
11381 2 2 1 1 5841 5842 5867
11382 2 2 1 1 5866 5841 5867
11383 2 2 1 1 5842 5843 5868
11384 2 2 1 1 5867 5842 5868
11385 2 2 1 1 5843 5844 5869
11386 2 2 1 1 5868 5843 5869
11387 2 2 1 1 5844 5845 5870
11388 2 2 1 1 5869 5844 5870
11389 2 2 1 1 5845 5846 5871
11390 2 2 1 1 5870 5845 5871
11391 2 2 1 1 5846 5847 5872
11392 2 2 1 1 5871 5846 5872
11393 2 2 1 1 5847 5848 5873
11394 2 2 1 1 5872 5847 5873
11395 2 2 1 1 5848 5849 5874
11396 2 2 1 1 5873 5848 5874
11397 2 2 1 1 5849 5850 5875
11398 2 2 1 1 5874 5849 5875
11399 2 2 1 1 5850 5851 5876
11400 2 2 1 1 5875 5850 5876
11401 2 2 1 1 5851 5852 5877
11402 2 2 1 1 5876 5851 5877
11403 2 2 1 1 5852 5853 5878
11404 2 2 1 1 5877 5852 5878
11405 2 2 1 1 5853 5854 5879
11406 2 2 1 1 5878 5853 5879
11407 2 2 1 1 5854 5855 5880
11408 2 2 1 1 5879 5854 5880
11409 2 2 1 1 5855 5856 5881
11410 2 2 1 1 5880 5855 5881
11411 2 2 1 1 5856 5857 5882
11412 2 2 1 1 5881 5856 5882
11413 2 2 1 1 5857 5858 5883
11414 2 2 1 1 5882 5857 5883
11415 2 2 1 1 5858 5859 5884
11416 2 2 1 1 5883 5858 5884
11417 2 2 1 1 5859 5860 5885
11418 2 2 1 1 5884 5859 5885
11419 2 2 1 1 5860 5861 5886
11420 2 2 1 1 5885 5860 5886
11421 2 2 1 1 5861 5862 5887
11422 2 2 1 1 5886 5861 5887
11423 2 2 1 1 5862 4212 5888
11424 2 2 1 1 5887 5862 5888
11425 2 2 1 1 5864 5863 5889
11426 2 2 1 1 5890 5864 5889
11427 2 2 1 1 5863 5865 5891
11428 2 2 1 1 5889 5863 5891
11429 2 2 1 1 5865 5866 5892
11430 2 2 1 1 5891 5865 5892
11431 2 2 1 1 5866 5867 5893
11432 2 2 1 1 5892 5866 5893
11433 2 2 1 1 5867 5868 5894
11434 2 2 1 1 5893 5867 5894
11435 2 2 1 1 5868 5869 5895
11436 2 2 1 1 5894 5868 5895
11437 2 2 1 1 5869 5870 5896
11438 2 2 1 1 5895 5869 5896
11439 2 2 1 1 5870 5871 5897
11440 2 2 1 1 5896 5870 5897
11441 2 2 1 1 5871 5872 5898
11442 2 2 1 1 5897 5871 5898
11443 2 2 1 1 5872 5873 5899
11444 2 2 1 1 5898 5872 5899
11445 2 2 1 1 5873 5874 5900
11446 2 2 1 1 5899 5873 5900
11447 2 2 1 1 5874 5875 5901
11448 2 2 1 1 5900 5874 5901
11449 2 2 1 1 5875 5876 5902
11450 2 2 1 1 5901 5875 5902
11451 2 2 1 1 5876 5877 5903
11452 2 2 1 1 5902 5876 5903
11453 2 2 1 1 5877 5878 5904
11454 2 2 1 1 5903 5877 5904
11455 2 2 1 1 5878 5879 5905
11456 2 2 1 1 5904 5878 5905
11457 2 2 1 1 5879 5880 5906
11458 2 2 1 1 5905 5879 5906
11459 2 2 1 1 5880 5881 5907
11460 2 2 1 1 5906 5880 5907
11461 2 2 1 1 5881 5882 5908
11462 2 2 1 1 5907 5881 5908
11463 2 2 1 1 5882 5883 5909
11464 2 2 1 1 5908 5882 5909
11465 2 2 1 1 5883 5884 5910
11466 2 2 1 1 5909 5883 5910
11467 2 2 1 1 5884 5885 5911
11468 2 2 1 1 5910 5884 5911
11469 2 2 1 1 5885 5886 5912
11470 2 2 1 1 5911 5885 5912
11471 2 2 1 1 5886 5887 5913
11472 2 2 1 1 5912 5886 5913
11473 2 2 1 1 5887 5888 5914
11474 2 2 1 1 5913 5887 5914
11475 2 2 1 1 5890 5889 5915
11476 2 2 1 1 5916 5890 5915
11477 2 2 1 1 5889 5891 5917
11478 2 2 1 1 5915 5889 5917
11479 2 2 1 1 5891 5892 5918
11480 2 2 1 1 5917 5891 5918
11481 2 2 1 1 5892 5893 5919
11482 2 2 1 1 5918 5892 5919
11483 2 2 1 1 5893 5894 5920
11484 2 2 1 1 5919 5893 5920
11485 2 2 1 1 5894 5895 5921
11486 2 2 1 1 5920 5894 5921
11487 2 2 1 1 5895 5896 5922
11488 2 2 1 1 5921 5895 5922
11489 2 2 1 1 5896 5897 5923
11490 2 2 1 1 5922 5896 5923
11491 2 2 1 1 5897 5898 5924
11492 2 2 1 1 5923 5897 5924
11493 2 2 1 1 5898 5899 5925
11494 2 2 1 1 5924 5898 5925
11495 2 2 1 1 5899 5900 5926
11496 2 2 1 1 5925 5899 5926
11497 2 2 1 1 5900 5901 5927
11498 2 2 1 1 5926 5900 5927
11499 2 2 1 1 5901 5902 5928
11500 2 2 1 1 5927 5901 5928
11501 2 2 1 1 5902 5903 5929
11502 2 2 1 1 5928 5902 5929
11503 2 2 1 1 5903 5904 5930
11504 2 2 1 1 5929 5903 5930
11505 2 2 1 1 5904 5905 5931
11506 2 2 1 1 5930 5904 5931
11507 2 2 1 1 5905 5906 5932
11508 2 2 1 1 5931 5905 5932
11509 2 2 1 1 5906 5907 5933
11510 2 2 1 1 5932 5906 5933
11511 2 2 1 1 5907 5908 5934
11512 2 2 1 1 5933 5907 5934
11513 2 2 1 1 5908 5909 5935
11514 2 2 1 1 5934 5908 5935
11515 2 2 1 1 5909 5910 5936
11516 2 2 1 1 5935 5909 5936
11517 2 2 1 1 5910 5911 5937
11518 2 2 1 1 5936 5910 5937
11519 2 2 1 1 5911 5912 5938
11520 2 2 1 1 5937 5911 5938
11521 2 2 1 1 5912 5913 5939
11522 2 2 1 1 5938 5912 5939
11523 2 2 1 1 5913 5914 5940
11524 2 2 1 1 5939 5913 5940
11525 2 2 1 1 5916 5915 5941
11526 2 2 1 1 5942 5916 5941
11527 2 2 1 1 5915 5917 5943
11528 2 2 1 1 5941 5915 5943
11529 2 2 1 1 5917 5918 5944
11530 2 2 1 1 5943 5917 5944
11531 2 2 1 1 5918 5919 5945
11532 2 2 1 1 5944 5918 5945
11533 2 2 1 1 5919 5920 5946
11534 2 2 1 1 5945 5919 5946
11535 2 2 1 1 5920 5921 5947
11536 2 2 1 1 5946 5920 5947
11537 2 2 1 1 5921 5922 5948
11538 2 2 1 1 5947 5921 5948
11539 2 2 1 1 5922 5923 5949
11540 2 2 1 1 5948 5922 5949
11541 2 2 1 1 5923 5924 5950
11542 2 2 1 1 5949 5923 5950
11543 2 2 1 1 5924 5925 5951
11544 2 2 1 1 5950 5924 5951
11545 2 2 1 1 5925 5926 5952
11546 2 2 1 1 5951 5925 5952
11547 2 2 1 1 5926 5927 5953
11548 2 2 1 1 5952 5926 5953
11549 2 2 1 1 5927 5928 5954
11550 2 2 1 1 5953 5927 5954
11551 2 2 1 1 5928 5929 5955
11552 2 2 1 1 5954 5928 5955
11553 2 2 1 1 5929 5930 5956
11554 2 2 1 1 5955 5929 5956
11555 2 2 1 1 5930 5931 5957
11556 2 2 1 1 5956 5930 5957
11557 2 2 1 1 5931 5932 5958
11558 2 2 1 1 5957 5931 5958
11559 2 2 1 1 5932 5933 5959
11560 2 2 1 1 5958 5932 5959
11561 2 2 1 1 5933 5934 5960
11562 2 2 1 1 5959 5933 5960
11563 2 2 1 1 5934 5935 5961
11564 2 2 1 1 5960 5934 5961
11565 2 2 1 1 5935 5936 5962
11566 2 2 1 1 5961 5935 5962
11567 2 2 1 1 5936 5937 5963
11568 2 2 1 1 5962 5936 5963
11569 2 2 1 1 5937 5938 5964
11570 2 2 1 1 5963 5937 5964
11571 2 2 1 1 5938 5939 5965
11572 2 2 1 1 5964 5938 5965
11573 2 2 1 1 5939 5940 5966
11574 2 2 1 1 5965 5939 5966
11575 2 2 1 1 5942 5941 5967
11576 2 2 1 1 5968 5942 5967
11577 2 2 1 1 5941 5943 5969
11578 2 2 1 1 5967 5941 5969
11579 2 2 1 1 5943 5944 5970
11580 2 2 1 1 5969 5943 5970
11581 2 2 1 1 5944 5945 5971
11582 2 2 1 1 5970 5944 5971
11583 2 2 1 1 5945 5946 5972
11584 2 2 1 1 5971 5945 5972
11585 2 2 1 1 5946 5947 5973
11586 2 2 1 1 5972 5946 5973
11587 2 2 1 1 5947 5948 5974
11588 2 2 1 1 5973 5947 5974
11589 2 2 1 1 5948 5949 5975
11590 2 2 1 1 5974 5948 5975
11591 2 2 1 1 5949 5950 5976
11592 2 2 1 1 5975 5949 5976
11593 2 2 1 1 5950 5951 5977
11594 2 2 1 1 5976 5950 5977
11595 2 2 1 1 5951 5952 5978
11596 2 2 1 1 5977 5951 5978
11597 2 2 1 1 5952 5953 5979
11598 2 2 1 1 5978 5952 5979
11599 2 2 1 1 5953 5954 5980
11600 2 2 1 1 5979 5953 5980
11601 2 2 1 1 5954 5955 5981
11602 2 2 1 1 5980 5954 5981
11603 2 2 1 1 5955 5956 5982
11604 2 2 1 1 5981 5955 5982
11605 2 2 1 1 5956 5957 5983
11606 2 2 1 1 5982 5956 5983
11607 2 2 1 1 5957 5958 5984
11608 2 2 1 1 5983 5957 5984
11609 2 2 1 1 5958 5959 5985
11610 2 2 1 1 5984 5958 5985
11611 2 2 1 1 5959 5960 5986
11612 2 2 1 1 5985 5959 5986
11613 2 2 1 1 5960 5961 5987
11614 2 2 1 1 5986 5960 5987
11615 2 2 1 1 5961 5962 5988
11616 2 2 1 1 5987 5961 5988
11617 2 2 1 1 5962 5963 5989
11618 2 2 1 1 5988 5962 5989
11619 2 2 1 1 5963 5964 5990
11620 2 2 1 1 5989 5963 5990
11621 2 2 1 1 5964 5965 5991
11622 2 2 1 1 5990 5964 5991
11623 2 2 1 1 5965 5966 5992
11624 2 2 1 1 5991 5965 5992
11625 2 2 1 1 5968 5967 2472
11626 2 2 1 1 2473 5968 2472
11627 2 2 1 1 5967 5969 2474
11628 2 2 1 1 2472 5967 2474
11629 2 2 1 1 5969 5970 2475
11630 2 2 1 1 2474 5969 2475
11631 2 2 1 1 5970 5971 2476
11632 2 2 1 1 2475 5970 2476
11633 2 2 1 1 5971 5972 2477
11634 2 2 1 1 2476 5971 2477
11635 2 2 1 1 5972 5973 2478
11636 2 2 1 1 2477 5972 2478
11637 2 2 1 1 5973 5974 2479
11638 2 2 1 1 2478 5973 2479
11639 2 2 1 1 5974 5975 2480
11640 2 2 1 1 2479 5974 2480
11641 2 2 1 1 5975 5976 2481
11642 2 2 1 1 2480 5975 2481
11643 2 2 1 1 5976 5977 2482
11644 2 2 1 1 2481 5976 2482
11645 2 2 1 1 5977 5978 2483
11646 2 2 1 1 2482 5977 2483
11647 2 2 1 1 5978 5979 2484
11648 2 2 1 1 2483 5978 2484
11649 2 2 1 1 5979 5980 2485
11650 2 2 1 1 2484 5979 2485
11651 2 2 1 1 5980 5981 2486
11652 2 2 1 1 2485 5980 2486
11653 2 2 1 1 5981 5982 2487
11654 2 2 1 1 2486 5981 2487
11655 2 2 1 1 5982 5983 2488
11656 2 2 1 1 2487 5982 2488
11657 2 2 1 1 5983 5984 2489
11658 2 2 1 1 2488 5983 2489
11659 2 2 1 1 5984 5985 2490
11660 2 2 1 1 2489 5984 2490
11661 2 2 1 1 5985 5986 2491
11662 2 2 1 1 2490 5985 2491
11663 2 2 1 1 5986 5987 2492
11664 2 2 1 1 2491 5986 2492
11665 2 2 1 1 5987 5988 2493
11666 2 2 1 1 2492 5987 2493
11667 2 2 1 1 5988 5989 2494
11668 2 2 1 1 2493 5988 2494
11669 2 2 1 1 5989 5990 2495
11670 2 2 1 1 2494 5989 2495
11671 2 2 1 1 5990 5991 2496
11672 2 2 1 1 2495 5990 2496
11673 2 2 1 1 5991 5992 1014
11674 2 2 1 1 2496 5991 1014
11675 2 2 1 1 4230 4229 5993
11676 2 2 1 1 5994 4230 5993
11677 2 2 1 1 5994 5993 5995
11678 2 2 1 1 5996 5994 5995
11679 2 2 1 1 5996 5995 5997
11680 2 2 1 1 5998 5996 5997
11681 2 2 1 1 5998 5997 5999
11682 2 2 1 1 6000 5998 5999
11683 2 2 1 1 6000 5999 6001
11684 2 2 1 1 6002 6000 6001
11685 2 2 1 1 6002 6001 6003
11686 2 2 1 1 6004 6002 6003
11687 2 2 1 1 5993 6006 6005
11688 2 2 1 1 5995 5993 6005
11689 2 2 1 1 5995 6005 6007
11690 2 2 1 1 5997 5995 6007
11691 2 2 1 1 5997 6007 6008
11692 2 2 1 1 5999 5997 6008
11693 2 2 1 1 5999 6008 6009
11694 2 2 1 1 6001 5999 6009
11695 2 2 1 1 6001 6009 6010
11696 2 2 1 1 6003 6001 6010
11697 2 2 1 1 6006 6012 6011
11698 2 2 1 1 6005 6006 6011
11699 2 2 1 1 6005 6011 6013
11700 2 2 1 1 6007 6005 6013
11701 2 2 1 1 6007 6013 6014
11702 2 2 1 1 6008 6007 6014
11703 2 2 1 1 6008 6014 6015
11704 2 2 1 1 6009 6008 6015
11705 2 2 1 1 6009 6015 6016
11706 2 2 1 1 6010 6009 6016
11707 2 2 1 1 6012 6018 6017
11708 2 2 1 1 6011 6012 6017
11709 2 2 1 1 6011 6017 6019
11710 2 2 1 1 6013 6011 6019
11711 2 2 1 1 6013 6019 6020
11712 2 2 1 1 6014 6013 6020
11713 2 2 1 1 6014 6020 6021
11714 2 2 1 1 6015 6014 6021
11715 2 2 1 1 6015 6021 6022
11716 2 2 1 1 6016 6015 6022
11717 2 2 1 1 6018 6024 6023
11718 2 2 1 1 6017 6018 6023
11719 2 2 1 1 6017 6023 6025
11720 2 2 1 1 6019 6017 6025
11721 2 2 1 1 6019 6025 6026
11722 2 2 1 1 6020 6019 6026
11723 2 2 1 1 6020 6026 6027
11724 2 2 1 1 6021 6020 6027
11725 2 2 1 1 6021 6027 6028
11726 2 2 1 1 6022 6021 6028
11727 2 2 1 1 6024 6030 6029
11728 2 2 1 1 6023 6024 6029
11729 2 2 1 1 6023 6029 6031
11730 2 2 1 1 6025 6023 6031
11731 2 2 1 1 6025 6031 6032
11732 2 2 1 1 6026 6025 6032
11733 2 2 1 1 6026 6032 6033
11734 2 2 1 1 6027 6026 6033
11735 2 2 1 1 6027 6033 6034
11736 2 2 1 1 6028 6027 6034
11737 2 2 1 1 6035 4914 4912
11738 2 2 1 1 6030 6035 4912
11739 2 2 1 1 6030 4912 4908
11740 2 2 1 1 6029 6030 4908
11741 2 2 1 1 6029 4908 4904
11742 2 2 1 1 6031 6029 4904
11743 2 2 1 1 6031 4904 4899
11744 2 2 1 1 6032 6031 4899
11745 2 2 1 1 6038 6037 6036
11746 2 2 1 1 6038 6038 6036
11747 2 2 1 1 6039 6004 6003
11748 2 2 1 1 6040 6039 6003
11749 2 2 1 1 6041 6037 6038
11750 2 2 1 1 6041 6041 6038
11751 2 2 1 1 6038 6043 6042
11752 2 2 1 1 6041 6038 6042
11753 2 2 1 1 6043 6040 6044
11754 2 2 1 1 6042 6043 6044
11755 2 2 1 1 6045 6037 6041
11756 2 2 1 1 6045 6045 6041
11757 2 2 1 1 6041 6042 6046
11758 2 2 1 1 6045 6041 6046
11759 2 2 1 1 6042 6044 6047
11760 2 2 1 1 6046 6042 6047
11761 2 2 1 1 6048 6037 6045
11762 2 2 1 1 6048 6048 6045
11763 2 2 1 1 6045 6046 6049
11764 2 2 1 1 6048 6045 6049
11765 2 2 1 1 6046 6047 6050
11766 2 2 1 1 6049 6046 6050
11767 2 2 1 1 6051 6037 6048
11768 2 2 1 1 6051 6051 6048
11769 2 2 1 1 6048 6049 6052
11770 2 2 1 1 6051 6048 6052
11771 2 2 1 1 6049 6050 6053
11772 2 2 1 1 6052 6049 6053
11773 2 2 1 1 6054 6037 6051
11774 2 2 1 1 6054 6054 6051
11775 2 2 1 1 6051 6052 6055
11776 2 2 1 1 6054 6051 6055
11777 2 2 1 1 6052 6053 6056
11778 2 2 1 1 6055 6052 6056
11779 2 2 1 1 6057 6037 6054
11780 2 2 1 1 6057 6057 6054
11781 2 2 1 1 6054 6055 6058
11782 2 2 1 1 6057 6054 6058
11783 2 2 1 1 6055 6056 6059
11784 2 2 1 1 6058 6055 6059
11785 2 2 1 1 6060 6037 6057
11786 2 2 1 1 6060 6060 6057
11787 2 2 1 1 6057 6058 6061
11788 2 2 1 1 6060 6057 6061
11789 2 2 1 1 6058 6059 6062
11790 2 2 1 1 6061 6058 6062
11791 2 2 1 1 6059 4176 4173
11792 2 2 1 1 6062 6059 4173
11793 2 2 1 1 6063 6037 6060
11794 2 2 1 1 6063 6063 6060
11795 2 2 1 1 6060 6061 6064
11796 2 2 1 1 6063 6060 6064
11797 2 2 1 1 6061 6062 6065
11798 2 2 1 1 6064 6061 6065
11799 2 2 1 1 6066 6037 6063
11800 2 2 1 1 6066 6066 6063
11801 2 2 1 1 6063 6064 6067
11802 2 2 1 1 6066 6063 6067
11803 2 2 1 1 6064 6065 6068
11804 2 2 1 1 6067 6064 6068
11805 2 2 1 1 6069 6037 6066
11806 2 2 1 1 6069 6069 6066
11807 2 2 1 1 6066 6067 6070
11808 2 2 1 1 6069 6066 6070
11809 2 2 1 1 6067 6068 6071
11810 2 2 1 1 6070 6067 6071
11811 2 2 1 1 6072 6037 6069
11812 2 2 1 1 6072 6072 6069
11813 2 2 1 1 6069 6070 6073
11814 2 2 1 1 6072 6069 6073
11815 2 2 1 1 6070 6071 6074
11816 2 2 1 1 6073 6070 6074
11817 2 2 1 1 6075 6037 6072
11818 2 2 1 1 6075 6075 6072
11819 2 2 1 1 6072 6073 6076
11820 2 2 1 1 6075 6072 6076
11821 2 2 1 1 6073 6074 6077
11822 2 2 1 1 6076 6073 6077
11823 2 2 1 1 6078 6037 6075
11824 2 2 1 1 6078 6078 6075
11825 2 2 1 1 4230 5994 6079
11826 2 2 1 1 4353 4230 6079
11827 2 2 1 1 5994 5996 6080
11828 2 2 1 1 6079 5994 6080
11829 2 2 1 1 5996 5998 6081
11830 2 2 1 1 6080 5996 6081
11831 2 2 1 1 5998 6000 6082
11832 2 2 1 1 6081 5998 6082
11833 2 2 1 1 6000 6002 6083
11834 2 2 1 1 6082 6000 6083
11835 2 2 1 1 6002 6004 6084
11836 2 2 1 1 6083 6002 6084
11837 2 2 1 1 4353 6079 6085
11838 2 2 1 1 4362 4353 6085
11839 2 2 1 1 6079 6080 6086
11840 2 2 1 1 6085 6079 6086
11841 2 2 1 1 6080 6081 6087
11842 2 2 1 1 6086 6080 6087
11843 2 2 1 1 6081 6082 6088
11844 2 2 1 1 6087 6081 6088
11845 2 2 1 1 6082 6083 6089
11846 2 2 1 1 6088 6082 6089
11847 2 2 1 1 6083 6084 6090
11848 2 2 1 1 6089 6083 6090
11849 2 2 1 1 4362 6085 6091
11850 2 2 1 1 4371 4362 6091
11851 2 2 1 1 6085 6086 6092
11852 2 2 1 1 6091 6085 6092
11853 2 2 1 1 6086 6087 6093
11854 2 2 1 1 6092 6086 6093
11855 2 2 1 1 6087 6088 6094
11856 2 2 1 1 6093 6087 6094
11857 2 2 1 1 6088 6089 6095
11858 2 2 1 1 6094 6088 6095
11859 2 2 1 1 6089 6090 6096
11860 2 2 1 1 6095 6089 6096
11861 2 2 1 1 4371 6091 6097
11862 2 2 1 1 6098 4371 6097
11863 2 2 1 1 6091 6092 6099
11864 2 2 1 1 6097 6091 6099
11865 2 2 1 1 6092 6093 6100
11866 2 2 1 1 6099 6092 6100
11867 2 2 1 1 6093 6094 6101
11868 2 2 1 1 6100 6093 6101
11869 2 2 1 1 6094 6095 6102
11870 2 2 1 1 6101 6094 6102
11871 2 2 1 1 6095 6096 6103
11872 2 2 1 1 6102 6095 6103
11873 2 2 1 1 6098 6097 6104
11874 2 2 1 1 6105 6098 6104
11875 2 2 1 1 6097 6099 6106
11876 2 2 1 1 6104 6097 6106
11877 2 2 1 1 6099 6100 6107
11878 2 2 1 1 6106 6099 6107
11879 2 2 1 1 6100 6101 6108
11880 2 2 1 1 6107 6100 6108
11881 2 2 1 1 6101 6102 6109
11882 2 2 1 1 6108 6101 6109
11883 2 2 1 1 6102 6103 6110
11884 2 2 1 1 6109 6102 6110
11885 2 2 1 1 6105 6104 6111
11886 2 2 1 1 6112 6105 6111
11887 2 2 1 1 6104 6106 6113
11888 2 2 1 1 6111 6104 6113
11889 2 2 1 1 6106 6107 6114
11890 2 2 1 1 6113 6106 6114
11891 2 2 1 1 6107 6108 6115
11892 2 2 1 1 6114 6107 6115
11893 2 2 1 1 6108 6109 6116
11894 2 2 1 1 6115 6108 6116
11895 2 2 1 1 6109 6110 6117
11896 2 2 1 1 6116 6109 6117
11897 2 2 1 1 6112 6111 5096
11898 2 2 1 1 3663 6112 5096
11899 2 2 1 1 6111 6113 5091
11900 2 2 1 1 5096 6111 5091
11901 2 2 1 1 6113 6114 5086
11902 2 2 1 1 5091 6113 5086
11903 2 2 1 1 6114 6115 5081
11904 2 2 1 1 5086 6114 5081
11905 2 2 1 1 6115 6116 5076
11906 2 2 1 1 5081 6115 5076
11907 2 2 1 1 6116 6117 4178
11908 2 2 1 1 5076 6116 4178
11909 2 2 1 1 6036 6037 6118
11910 2 2 1 1 6036 6036 6118
11911 2 2 1 1 6036 6118 6119
11912 2 2 1 1 6120 6036 6119
11913 2 2 1 1 6120 6119 6121
11914 2 2 1 1 6039 6120 6121
11915 2 2 1 1 6039 6121 6084
11916 2 2 1 1 6004 6039 6084
11917 2 2 1 1 6118 6037 6122
11918 2 2 1 1 6118 6118 6122
11919 2 2 1 1 6118 6122 6123
11920 2 2 1 1 6119 6118 6123
11921 2 2 1 1 6119 6123 6124
11922 2 2 1 1 6121 6119 6124
11923 2 2 1 1 6121 6124 6090
11924 2 2 1 1 6084 6121 6090
11925 2 2 1 1 6122 6037 6125
11926 2 2 1 1 6122 6122 6125
11927 2 2 1 1 6122 6125 6126
11928 2 2 1 1 6123 6122 6126
11929 2 2 1 1 6123 6126 6127
11930 2 2 1 1 6124 6123 6127
11931 2 2 1 1 6124 6127 6096
11932 2 2 1 1 6090 6124 6096
11933 2 2 1 1 6125 6037 6128
11934 2 2 1 1 6125 6125 6128
11935 2 2 1 1 6125 6128 6129
11936 2 2 1 1 6126 6125 6129
11937 2 2 1 1 6126 6129 6130
11938 2 2 1 1 6127 6126 6130
11939 2 2 1 1 6128 6037 6131
11940 2 2 1 1 6128 6128 6131
11941 2 2 1 1 6128 6131 6132
11942 2 2 1 1 6129 6128 6132
11943 2 2 1 1 6129 6132 6133
11944 2 2 1 1 6130 6129 6133
11945 2 2 1 1 6131 6037 6134
11946 2 2 1 1 6131 6131 6134
11947 2 2 1 1 6131 6134 6135
11948 2 2 1 1 6132 6131 6135
11949 2 2 1 1 6132 6135 6136
11950 2 2 1 1 6133 6132 6136
11951 2 2 1 1 6134 6037 6137
11952 2 2 1 1 6134 6134 6137
11953 2 2 1 1 6134 6137 6138
11954 2 2 1 1 6135 6134 6138
11955 2 2 1 1 6135 6138 6139
11956 2 2 1 1 6136 6135 6139
11957 2 2 1 1 6137 6037 6140
11958 2 2 1 1 6137 6137 6140
11959 2 2 1 1 6137 6140 6141
11960 2 2 1 1 6138 6137 6141
11961 2 2 1 1 6138 6141 6142
11962 2 2 1 1 6139 6138 6142
11963 2 2 1 1 6140 6037 6143
11964 2 2 1 1 6140 6140 6143
11965 2 2 1 1 6140 6143 6144
11966 2 2 1 1 6141 6140 6144
11967 2 2 1 1 6141 6144 6145
11968 2 2 1 1 6142 6141 6145
11969 2 2 1 1 6143 6037 6146
11970 2 2 1 1 6143 6143 6146
11971 2 2 1 1 6143 6146 6147
11972 2 2 1 1 6144 6143 6147
11973 2 2 1 1 6144 6147 6148
11974 2 2 1 1 6145 6144 6148
11975 2 2 1 1 6146 6037 6149
11976 2 2 1 1 6146 6146 6149
11977 2 2 1 1 6146 6149 6150
11978 2 2 1 1 6147 6146 6150
11979 2 2 1 1 6147 6150 6151
11980 2 2 1 1 6148 6147 6151
11981 2 2 1 1 6148 6151 5068
11982 2 2 1 1 6152 6148 5068
11983 2 2 1 1 6149 6037 6153
11984 2 2 1 1 6149 6149 6153
11985 2 2 1 1 6149 6153 6154
11986 2 2 1 1 6150 6149 6154
11987 2 2 1 1 6150 6154 6155
11988 2 2 1 1 6151 6150 6155
11989 2 2 1 1 6151 6155 5070
11990 2 2 1 1 5068 6151 5070
11991 2 2 1 1 6153 6037 6156
11992 2 2 1 1 6153 6153 6156
11993 2 2 1 1 6153 6156 6157
11994 2 2 1 1 6154 6153 6157
11995 2 2 1 1 6154 6157 6158
11996 2 2 1 1 6155 6154 6158
11997 2 2 1 1 6155 6158 6159
11998 2 2 1 1 5070 6155 6159
11999 2 2 1 1 6156 6037 6078
12000 2 2 1 1 6156 6156 6078
12001 2 2 1 1 6156 6078 6160
12002 2 2 1 1 6157 6156 6160
12003 2 2 1 1 6157 6160 6161
12004 2 2 1 1 6158 6157 6161
12005 2 2 1 1 6162 2667 2666
12006 2 2 1 1 6162 6162 2666
12007 2 2 1 1 2666 2670 6163
12008 2 2 1 1 6162 2666 6163
12009 2 2 1 1 2670 2672 6164
12010 2 2 1 1 6163 2670 6164
12011 2 2 1 1 2672 2674 6165
12012 2 2 1 1 6164 2672 6165
12013 2 2 1 1 6166 2667 6162
12014 2 2 1 1 6166 6166 6162
12015 2 2 1 1 6162 6163 6167
12016 2 2 1 1 6166 6162 6167
12017 2 2 1 1 6163 6164 6168
12018 2 2 1 1 6167 6163 6168
12019 2 2 1 1 6164 6165 6169
12020 2 2 1 1 6168 6164 6169
12021 2 2 1 1 6170 2667 6166
12022 2 2 1 1 6170 6170 6166
12023 2 2 1 1 6166 6167 6171
12024 2 2 1 1 6170 6166 6171
12025 2 2 1 1 6167 6168 3628
12026 2 2 1 1 6171 6167 3628
12027 2 2 1 1 6168 6169 3627
12028 2 2 1 1 3628 6168 3627
12029 2 2 1 1 6172 2667 6170
12030 2 2 1 1 6172 6172 6170
12031 2 2 1 1 6170 6171 6173
12032 2 2 1 1 6172 6170 6173
12033 2 2 1 1 6171 3628 3629
12034 2 2 1 1 6173 6171 3629
12035 2 2 1 1 6174 2667 6172
12036 2 2 1 1 6174 6174 6172
12037 2 2 1 1 6172 6173 6175
12038 2 2 1 1 6174 6172 6175
12039 2 2 1 1 6173 3629 3631
12040 2 2 1 1 6175 6173 3631
12041 2 2 1 1 6176 2667 6174
12042 2 2 1 1 6176 6176 6174
12043 2 2 1 1 6174 6175 6177
12044 2 2 1 1 6176 6174 6177
12045 2 2 1 1 6175 3631 3633
12046 2 2 1 1 6177 6175 3633
12047 2 2 1 1 6178 2667 6176
12048 2 2 1 1 6178 6178 6176
12049 2 2 1 1 6176 6177 6179
12050 2 2 1 1 6178 6176 6179
12051 2 2 1 1 6177 3633 6180
12052 2 2 1 1 6179 6177 6180
12053 2 2 1 1 6181 2667 6178
12054 2 2 1 1 6181 6181 6178
12055 2 2 1 1 6178 6179 6182
12056 2 2 1 1 6181 6178 6182
12057 2 2 1 1 6179 6180 6183
12058 2 2 1 1 6182 6179 6183
12059 2 2 1 1 6184 2667 6181
12060 2 2 1 1 6184 6184 6181
12061 2 2 1 1 6181 6182 6185
12062 2 2 1 1 6184 6181 6185
12063 2 2 1 1 6182 6183 6186
12064 2 2 1 1 6185 6182 6186
12065 2 2 1 1 6183 4148 6187
12066 2 2 1 1 6186 6183 6187
12067 2 2 1 1 6188 2667 6184
12068 2 2 1 1 6188 6188 6184
12069 2 2 1 1 6184 6185 6189
12070 2 2 1 1 6188 6184 6189
12071 2 2 1 1 6185 6186 6190
12072 2 2 1 1 6189 6185 6190
12073 2 2 1 1 6186 6187 6191
12074 2 2 1 1 6190 6186 6191
12075 2 2 1 1 6192 2667 6188
12076 2 2 1 1 6192 6192 6188
12077 2 2 1 1 6188 6189 6193
12078 2 2 1 1 6192 6188 6193
12079 2 2 1 1 6189 6190 6194
12080 2 2 1 1 6193 6189 6194
12081 2 2 1 1 6190 6191 6195
12082 2 2 1 1 6194 6190 6195
12083 2 2 1 1 6196 2667 6192
12084 2 2 1 1 6196 6196 6192
12085 2 2 1 1 6192 6193 6197
12086 2 2 1 1 6196 6192 6197
12087 2 2 1 1 6193 6194 6198
12088 2 2 1 1 6197 6193 6198
12089 2 2 1 1 6194 6195 6199
12090 2 2 1 1 6198 6194 6199
12091 2 2 1 1 6200 2667 6196
12092 2 2 1 1 6200 6200 6196
12093 2 2 1 1 6196 6197 6201
12094 2 2 1 1 6200 6196 6201
12095 2 2 1 1 6197 6198 6202
12096 2 2 1 1 6201 6197 6202
12097 2 2 1 1 6198 6199 6203
12098 2 2 1 1 6202 6198 6203
12099 2 2 1 1 2713 2667 6200
12100 2 2 1 1 2713 2713 6200
12101 2 2 1 1 6200 6201 2714
12102 2 2 1 1 2713 6200 2714
12103 2 2 1 1 6201 6202 2715
12104 2 2 1 1 2714 6201 2715
12105 2 2 1 1 6202 6203 2156
12106 2 2 1 1 2715 6202 2156
12107 2 2 1 1 903 4466 6204
12108 2 2 1 1 2717 903 6204
12109 2 2 1 1 2717 6204 6205
12110 2 2 1 1 2719 2717 6205
12111 2 2 1 1 2719 6205 6206
12112 2 2 1 1 2721 2719 6206
12113 2 2 1 1 2721 6206 6207
12114 2 2 1 1 2723 2721 6207
12115 2 2 1 1 2723 6207 6208
12116 2 2 1 1 2725 2723 6208
12117 2 2 1 1 2725 6208 6165
12118 2 2 1 1 2674 2725 6165
12119 2 2 1 1 4466 4476 6209
12120 2 2 1 1 6204 4466 6209
12121 2 2 1 1 6204 6209 6210
12122 2 2 1 1 6205 6204 6210
12123 2 2 1 1 6205 6210 6211
12124 2 2 1 1 6206 6205 6211
12125 2 2 1 1 6206 6211 6212
12126 2 2 1 1 6207 6206 6212
12127 2 2 1 1 6207 6212 6213
12128 2 2 1 1 6208 6207 6213
12129 2 2 1 1 6208 6213 6169
12130 2 2 1 1 6165 6208 6169
12131 2 2 1 1 4476 3650 6214
12132 2 2 1 1 6209 4476 6214
12133 2 2 1 1 6209 6214 6215
12134 2 2 1 1 6210 6209 6215
12135 2 2 1 1 6210 6215 6216
12136 2 2 1 1 6211 6210 6216
12137 2 2 1 1 6211 6216 6217
12138 2 2 1 1 6212 6211 6217
12139 2 2 1 1 6212 6217 6218
12140 2 2 1 1 6213 6212 6218
12141 2 2 1 1 6213 6218 3627
12142 2 2 1 1 6169 6213 3627
12143 2 2 1 1 3650 3647 6219
12144 2 2 1 1 6214 3650 6219
12145 2 2 1 1 6214 6219 6220
12146 2 2 1 1 6215 6214 6220
12147 2 2 1 1 6215 6220 6221
12148 2 2 1 1 6216 6215 6221
12149 2 2 1 1 6216 6221 6222
12150 2 2 1 1 6217 6216 6222
12151 2 2 1 1 6217 6222 6223
12152 2 2 1 1 6218 6217 6223
12153 2 2 1 1 6218 6223 3626
12154 2 2 1 1 3627 6218 3626
12155 2 2 1 1 3647 3651 6224
12156 2 2 1 1 6219 3647 6224
12157 2 2 1 1 6219 6224 6225
12158 2 2 1 1 6220 6219 6225
12159 2 2 1 1 6220 6225 6226
12160 2 2 1 1 6221 6220 6226
12161 2 2 1 1 6221 6226 6227
12162 2 2 1 1 6222 6221 6227
12163 2 2 1 1 6222 6227 6228
12164 2 2 1 1 6223 6222 6228
12165 2 2 1 1 6223 6228 3630
12166 2 2 1 1 3626 6223 3630
12167 2 2 1 1 3651 3653 6229
12168 2 2 1 1 6224 3651 6229
12169 2 2 1 1 6224 6229 6230
12170 2 2 1 1 6225 6224 6230
12171 2 2 1 1 6225 6230 6231
12172 2 2 1 1 6226 6225 6231
12173 2 2 1 1 6226 6231 6232
12174 2 2 1 1 6227 6226 6232
12175 2 2 1 1 6227 6232 6233
12176 2 2 1 1 6228 6227 6233
12177 2 2 1 1 6228 6233 3632
12178 2 2 1 1 3630 6228 3632
12179 2 2 1 1 3653 3655 5717
12180 2 2 1 1 6229 3653 5717
12181 2 2 1 1 6229 5717 5712
12182 2 2 1 1 6230 6229 5712
12183 2 2 1 1 6230 5712 5707
12184 2 2 1 1 6231 6230 5707
12185 2 2 1 1 6231 5707 5702
12186 2 2 1 1 6232 6231 5702
12187 2 2 1 1 6232 5702 5697
12188 2 2 1 1 6233 6232 5697
12189 2 2 1 1 6233 5697 4152
12190 2 2 1 1 3632 6233 4152
12191 2 2 1 1 4208 3643 3644
12192 2 2 1 1 4567 4208 3644
12193 2 2 1 1 4539 4548 3641
12194 2 2 1 1 3645 4539 3641
12195 2 2 1 1 4530 4539 3645
12196 2 2 1 1 6234 4530 3645
12197 2 2 1 1 3646 4211 6234
12198 2 2 1 1 3645 3646 6234
12199 2 2 1 1 4211 4155 4156
12200 2 2 1 1 6234 4211 4156
12201 2 2 1 1 4523 4530 6234
12202 2 2 1 1 4156 4523 6234
12203 2 2 1 1 3656 4523 4156
12204 2 2 1 1 3655 3656 4156
12205 2 2 1 1 6180 4152 4148
12206 2 2 1 1 6183 6180 4148
12207 2 2 1 1 3633 3632 4152
12208 2 2 1 1 6180 3633 4152
12209 2 2 1 1 4204 6187 4148
12210 2 2 1 1 4145 4204 4148
12211 2 2 1 1 4202 6191 6187
12212 2 2 1 1 4204 4202 6187
12213 2 2 1 1 4200 6195 6191
12214 2 2 1 1 4202 4200 6191
12215 2 2 1 1 4196 6199 6195
12216 2 2 1 1 4200 4196 6195
12217 2 2 1 1 4197 6203 6199
12218 2 2 1 1 4196 4197 6199
12219 2 2 1 1 6235 5690 5689
12220 2 2 1 1 6235 6235 5689
12221 2 2 1 1 6236 6235 5691
12222 2 2 1 1 6236 6236 5691
12223 2 2 1 1 5689 5691 6235
12224 2 2 1 1 5689 5689 6235
12225 2 2 1 1 5392 6237 5103
12226 2 2 1 1 5104 5392 5103
12227 2 2 1 1 6237 6238 5151
12228 2 2 1 1 5103 6237 5151
12229 2 2 1 1 6238 6239 5175
12230 2 2 1 1 5151 6238 5175
12231 2 2 1 1 6239 6240 5199
12232 2 2 1 1 5175 6239 5199
12233 2 2 1 1 6240 6241 5223
12234 2 2 1 1 5199 6240 5223
12235 2 2 1 1 6241 6242 5044
12236 2 2 1 1 5223 6241 5044
12237 2 2 1 1 6074 4185 6243
12238 2 2 1 1 6077 6074 6243
12239 2 2 1 1 6071 4184 4185
12240 2 2 1 1 6074 6071 4185
12241 2 2 1 1 6068 4186 4184
12242 2 2 1 1 6071 6068 4184
12243 2 2 1 1 6065 4187 4186
12244 2 2 1 1 6068 6065 4186
12245 2 2 1 1 6062 4173 4187
12246 2 2 1 1 6065 6062 4187
12247 2 2 1 1 6033 4900 4176
12248 2 2 1 1 6034 6033 4176
12249 2 2 1 1 4171 4176 4900
12250 2 2 1 1 4895 4171 4900
12251 2 2 1 1 6056 6034 4176
12252 2 2 1 1 6059 6056 4176
12253 2 2 1 1 6053 6028 6034
12254 2 2 1 1 6056 6053 6034
12255 2 2 1 1 6050 6022 6028
12256 2 2 1 1 6053 6050 6028
12257 2 2 1 1 6047 6016 6022
12258 2 2 1 1 6050 6047 6022
12259 2 2 1 1 6044 6010 6016
12260 2 2 1 1 6047 6044 6016
12261 2 2 1 1 6040 6003 6010
12262 2 2 1 1 6044 6040 6010
12263 2 2 1 1 6127 6130 6103
12264 2 2 1 1 6096 6127 6103
12265 2 2 1 1 6130 6133 6110
12266 2 2 1 1 6103 6130 6110
12267 2 2 1 1 6133 6136 6117
12268 2 2 1 1 6110 6133 6117
12269 2 2 1 1 6136 6139 4178
12270 2 2 1 1 6117 6136 4178
12271 2 2 1 1 6139 6142 6244
12272 2 2 1 1 4178 6139 6244
12273 2 2 1 1 6244 4180 4177
12274 2 2 1 1 6244 6244 4177
12275 2 2 1 1 4181 4180 6244
12276 2 2 1 1 4181 4181 6244
12277 2 2 1 1 3616 4181 6244
12278 2 2 1 1 6245 3616 6244
12279 2 2 1 1 6120 6039 6040
12280 2 2 1 1 6043 6120 6040
12281 2 2 1 1 6036 6120 6043
12282 2 2 1 1 6038 6036 6043
12283 2 2 1 1 6075 6076 6160
12284 2 2 1 1 6078 6075 6160
12285 2 2 1 1 6076 6077 6161
12286 2 2 1 1 6160 6076 6161
12287 2 2 1 1 4188 4187 4173
12288 2 2 1 1 4169 4188 4173
12289 2 2 1 1 6145 6148 6152
12290 2 2 1 1 6245 6145 6152
12291 2 2 1 1 6142 6145 6245
12292 2 2 1 1 6244 6142 6245
12293 2 2 1 1 4411 4167 4429
12294 2 2 1 1 4419 4411 4429
12295 2 2 1 1 5101 4429 4167
12296 2 2 1 1 4164 5101 4167
12297 2 2 1 1 6246 4428 4429
12298 2 2 1 1 5101 6246 4429
12299 2 2 1 1 5100 4438 4428
12300 2 2 1 1 6246 5100 4428
12301 2 2 1 1 4160 4914 4157
12302 2 2 1 1 4160 4160 4157
12303 2 2 1 1 4282 4290 4159
12304 2 2 1 1 4914 4282 4159
12305 2 2 1 1 4194 4161 4159
12306 2 2 1 1 4299 4194 4159
12307 2 2 1 1 4274 4282 4914
12308 2 2 1 1 6035 4274 4914
12309 2 2 1 1 4265 4274 6035
12310 2 2 1 1 4266 4265 6035
12311 2 2 1 1 4190 4194 4299
12312 2 2 1 1 4308 4190 4299
12313 2 2 1 1 4193 4190 4308
12314 2 2 1 1 4317 4193 4308
12315 2 2 1 1 6247 4193 4317
12316 2 2 1 1 4326 6247 4317
12317 2 2 1 1 6248 6247 4326
12318 2 2 1 1 4335 6248 4326
12319 2 2 1 1 4891 4195 6249
12320 2 2 1 1 4944 4891 6249
12321 2 2 1 1 4944 6249 4994
12322 2 2 1 1 4968 4944 4994
12323 2 2 1 1 4992 4993 6250
12324 2 2 1 1 5018 4992 6250
12325 2 2 1 1 5018 6250 5067
12326 2 2 1 1 5042 5018 5067
12327 2 2 1 1 6251 4192 4193
12328 2 2 1 1 6247 6251 4193
12329 2 2 1 1 6252 4456 4447
12330 2 2 1 1 5099 6252 4447
12331 2 2 1 1 4335 6253 6248
12332 2 2 1 1 4335 4335 6248
12333 2 2 1 1 6254 6253 4344
12334 2 2 1 1 6254 6254 4344
12335 2 2 1 1 6253 6254 5067
12336 2 2 1 1 6253 6253 5067
12337 2 2 1 1 6248 6253 5067
12338 2 2 1 1 6248 6248 5067
12339 2 2 1 1 5245 5066 4344
12340 2 2 1 1 6255 5245 4344
12341 2 2 1 1 5221 5245 6255
12342 2 2 1 1 6256 5221 6255
12343 2 2 1 1 6257 6252 5099
12344 2 2 1 1 6258 6257 5099
12345 2 2 1 1 5197 5221 6256
12346 2 2 1 1 6259 5197 6256
12347 2 2 1 1 6258 5099 5100
12348 2 2 1 1 6260 6258 5100
12349 2 2 1 1 5173 5197 6259
12350 2 2 1 1 6261 5173 6259
12351 2 2 1 1 6260 5100 6246
12352 2 2 1 1 6262 6260 6246
12353 2 2 1 1 6262 6246 5101
12354 2 2 1 1 5098 6262 5101
12355 2 2 1 1 5148 5173 6261
12356 2 2 1 1 6263 5148 6261
12357 2 2 1 1 5149 5148 6263
12358 2 2 1 1 5098 5149 6263
12359 2 2 1 1 4615 4614 6264
12360 2 2 1 1 4189 4615 6264
12361 2 2 1 1 3623 3622 4188
12362 2 2 1 1 4189 3623 4188
12363 2 2 1 1 4614 4639 6265
12364 2 2 1 1 6264 4614 6265
12365 2 2 1 1 4639 4663 6266
12366 2 2 1 1 6265 4639 6266
12367 2 2 1 1 4663 4687 6267
12368 2 2 1 1 6266 4663 6267
12369 2 2 1 1 4687 4711 6268
12370 2 2 1 1 6267 4687 6268
12371 2 2 1 1 4711 4735 6269
12372 2 2 1 1 6268 4711 6269
12373 2 2 1 1 6158 6161 6269
12374 2 2 1 1 6159 6158 6269
12375 2 2 1 1 6077 6243 6269
12376 2 2 1 1 6161 6077 6269
12377 2 2 1 1 5510 6270 6269
12378 2 2 1 1 4735 5510 6269
12379 2 2 1 1 5486 6271 6270
12380 2 2 1 1 5510 5486 6270
12381 2 2 1 1 3611 3608 6271
12382 2 2 1 1 5486 3611 6271
12383 2 2 1 1 6272 3614 3615
12384 2 2 1 1 5069 6272 3615
12385 2 2 1 1 6273 5069 5070
12386 2 2 1 1 6159 6273 5070
12387 2 2 1 1 6274 6272 5069
12388 2 2 1 1 6273 6274 5069
12389 2 2 1 1 6275 5020 5044
12390 2 2 1 1 6242 6275 5044
12391 2 2 1 1 6276 4996 5020
12392 2 2 1 1 6275 6276 5020
12393 2 2 1 1 6277 4970 4996
12394 2 2 1 1 6276 6277 4996
12395 2 2 1 1 6278 4946 4970
12396 2 2 1 1 6277 6278 4970
12397 2 2 1 1 6279 4922 4946
12398 2 2 1 1 6278 6279 4946
12399 2 2 1 1 4868 4867 4922
12400 2 2 1 1 6279 4868 4922
12401 2 2 1 1 6281 2798 6280
12402 2 2 1 1 6281 6281 6280
12403 2 2 1 1 6280 4868 6282
12404 2 2 1 1 6280 6280 6282
12405 2 2 1 1 6281 6280 6282
12406 2 2 1 1 6281 6281 6282
12407 2 2 1 1 6283 5679 5513
12408 2 2 1 1 6283 6283 5513
12409 2 2 1 1 6283 6284 5525
12410 2 2 1 1 5679 6283 5525
12411 2 2 1 1 6285 4916 1364
12412 2 2 1 1 6285 6285 1364
12413 2 2 1 1 4916 6286 4737
12414 2 2 1 1 4916 4916 4737
12415 2 2 1 1 6285 6286 4916
12416 2 2 1 1 6285 6285 4916
12417 2 2 1 1 4737 6287 4569
12418 2 2 1 1 4570 4737 4569
12419 2 2 1 1 6287 6288 4617
12420 2 2 1 1 4569 6287 4617
12421 2 2 1 1 6288 6289 4641
12422 2 2 1 1 4617 6288 4641
12423 2 2 1 1 6289 6290 4665
12424 2 2 1 1 4641 6289 4665
12425 2 2 1 1 6290 6291 4689
12426 2 2 1 1 4665 6290 4689
12427 2 2 1 1 6291 6292 4713
12428 2 2 1 1 4689 6291 4713
12429 2 2 1 1 6293 5488 4713
12430 2 2 1 1 6292 6293 4713
12431 2 2 1 1 6294 5464 5488
12432 2 2 1 1 6293 6294 5488
12433 2 2 1 1 6295 5441 5464
12434 2 2 1 1 6294 6295 5464
12435 2 2 1 1 6296 5418 5441
12436 2 2 1 1 6295 6296 5441
12437 2 2 1 1 6297 5394 5418
12438 2 2 1 1 6296 6297 5418
12439 2 2 1 1 5248 5249 5394
12440 2 2 1 1 6297 5248 5394
12441 2 2 1 1 5514 5248 6298
12442 2 2 1 1 5514 5514 6298
12443 2 2 1 1 4920 6280 1373
12444 2 2 1 1 4920 4920 1373
12445 2 2 1 1 2798 1373 6280
12446 2 2 1 1 2798 2798 6280
12447 2 2 1 1 4842 4868 4920
12448 2 2 1 1 4842 4842 4920
12449 2 2 1 1 6280 4920 4868
12450 2 2 1 1 6280 6280 4868
12451 2 2 1 1 30 3607 6299
12452 2 2 1 1 2818 30 6299
12453 2 2 1 1 2818 6299 4458
12454 2 2 1 1 886 2818 4458
12455 2 2 1 1 3607 3605 6300
12456 2 2 1 1 6299 3607 6300
12457 2 2 1 1 6299 6300 4468
12458 2 2 1 1 4458 6299 4468
12459 2 2 1 1 3605 3603 6301
12460 2 2 1 1 6300 3605 6301
12461 2 2 1 1 6300 6301 4478
12462 2 2 1 1 4468 6300 4478
12463 2 2 1 1 3603 3601 6302
12464 2 2 1 1 6301 3603 6302
12465 2 2 1 1 6301 6302 4486
12466 2 2 1 1 4478 6301 4486
12467 2 2 1 1 3601 3599 6303
12468 2 2 1 1 6302 3601 6303
12469 2 2 1 1 6302 6303 4494
12470 2 2 1 1 4486 6302 4494
12471 2 2 1 1 3599 3597 6304
12472 2 2 1 1 6303 3599 6304
12473 2 2 1 1 6303 6304 4502
12474 2 2 1 1 4494 6303 4502
12475 2 2 1 1 3597 3595 6305
12476 2 2 1 1 6304 3597 6305
12477 2 2 1 1 6304 6305 4510
12478 2 2 1 1 4502 6304 4510
12479 2 2 1 1 3595 3593 6306
12480 2 2 1 1 6305 3595 6306
12481 2 2 1 1 6305 6306 4518
12482 2 2 1 1 4510 6305 4518
12483 2 2 1 1 3593 3591 6307
12484 2 2 1 1 6306 3593 6307
12485 2 2 1 1 6306 6307 4525
12486 2 2 1 1 4518 6306 4525
12487 2 2 1 1 3591 3589 6308
12488 2 2 1 1 6307 3591 6308
12489 2 2 1 1 6307 6308 4532
12490 2 2 1 1 4525 6307 4532
12491 2 2 1 1 3589 3587 6309
12492 2 2 1 1 6308 3589 6309
12493 2 2 1 1 6308 6309 4541
12494 2 2 1 1 4532 6308 4541
12495 2 2 1 1 3587 3585 6310
12496 2 2 1 1 6309 3587 6310
12497 2 2 1 1 6309 6310 4550
12498 2 2 1 1 4541 6309 4550
12499 2 2 1 1 3585 3583 6311
12500 2 2 1 1 6310 3585 6311
12501 2 2 1 1 6310 6311 4559
12502 2 2 1 1 4550 6310 4559
12503 2 2 1 1 3583 1 2831
12504 2 2 1 1 6311 3583 2831
12505 2 2 1 1 6311 2831 1006
12506 2 2 1 1 4559 6311 1006
12507 2 2 1 1 6314 6313 6312
12508 2 2 1 1 6314 6314 6312
12509 2 2 1 1 6312 6315 6314
12510 2 2 1 1 6312 6312 6314
12511 2 2 1 1 6292 6315 6312
12512 2 2 1 1 6292 6292 6312
12513 2 2 1 1 6292 6317 6316
12514 2 2 1 1 6292 6292 6316
12515 2 2 1 1 6317 6318 6316
12516 2 2 1 1 6317 6317 6316
12517 2 2 1 1 6319 6318 6317
12518 2 2 1 1 6319 6319 6317
12519 2 2 1 1 6242 6321 6320
12520 2 2 1 1 6242 6242 6320
12521 2 2 1 1 6323 6322 6321
12522 2 2 1 1 6323 6323 6321
12523 2 2 1 1 6321 6322 6320
12524 2 2 1 1 6321 6321 6320
12525 2 2 1 1 6326 6325 6324
12526 2 2 1 1 6326 6326 6324
12527 2 2 1 1 6324 6327 6326
12528 2 2 1 1 6324 6324 6326
12529 2 2 1 1 6242 6327 6324
12530 2 2 1 1 6242 6242 6324
12531 2 2 1 1 6330 6329 6328
12532 2 2 1 1 6330 6330 6328
12533 2 2 1 1 6331 2473 6330
12534 2 2 1 1 6331 6331 6330
12535 2 2 1 1 6328 6331 6330
12536 2 2 1 1 6328 6328 6330
12537 2 2 1 1 4207 6333 6332
12538 2 2 1 1 4207 4207 6332
12539 2 2 1 1 6333 4207 4567
12540 2 2 1 1 6333 6333 4567
12541 2 2 1 1 1014 6332 6333
12542 2 2 1 1 1014 1014 6333
12543 2 2 1 1 6336 6335 6334
12544 2 2 1 1 6336 6336 6334
12545 2 2 1 1 6337 6334 6335
12546 2 2 1 1 6337 6337 6335
12547 2 2 1 1 2132 6337 6335
12548 2 2 1 1 2132 2132 6335
12549 2 2 1 1 6269 6339 6338
12550 2 2 1 1 6269 6269 6338
12551 2 2 1 1 6338 6339 6243
12552 2 2 1 1 6338 6338 6243
12553 2 2 1 1 6243 3625 6338
12554 2 2 1 1 6243 6243 6338
12555 2 2 1 1 3658 6341 6340
12556 2 2 1 1 3657 3658 6340
12557 2 2 1 1 6341 6343 6342
12558 2 2 1 1 6340 6341 6342
12559 2 2 1 1 6343 6345 6344
12560 2 2 1 1 6342 6343 6344
12561 2 2 1 1 6345 6347 6346
12562 2 2 1 1 6344 6345 6346
12563 2 2 1 1 6347 6349 6348
12564 2 2 1 1 6346 6347 6348
12565 2 2 1 1 6349 6351 6350
12566 2 2 1 1 6348 6349 6350
12567 2 2 1 1 6351 6353 6352
12568 2 2 1 1 6350 6351 6352
12569 2 2 1 1 6353 6355 6354
12570 2 2 1 1 6352 6353 6354
12571 2 2 1 1 6355 6357 6356
12572 2 2 1 1 6354 6355 6356
12573 2 2 1 1 6357 6359 6358
12574 2 2 1 1 6356 6357 6358
12575 2 2 1 1 6359 6361 6360
12576 2 2 1 1 6358 6359 6360
12577 2 2 1 1 6361 3659 3660
12578 2 2 1 1 6360 6361 3660
12579 2 2 1 1 83 3657 6362
12580 2 2 1 1 2883 83 6362
12581 2 2 1 1 2883 6362 6363
12582 2 2 1 1 2885 2883 6363
12583 2 2 1 1 3657 6340 6364
12584 2 2 1 1 6362 3657 6364
12585 2 2 1 1 6362 6364 6365
12586 2 2 1 1 6363 6362 6365
12587 2 2 1 1 6340 6342 6366
12588 2 2 1 1 6364 6340 6366
12589 2 2 1 1 6364 6366 6367
12590 2 2 1 1 6365 6364 6367
12591 2 2 1 1 6342 6344 6368
12592 2 2 1 1 6366 6342 6368
12593 2 2 1 1 6366 6368 6369
12594 2 2 1 1 6367 6366 6369
12595 2 2 1 1 6344 6346 6370
12596 2 2 1 1 6368 6344 6370
12597 2 2 1 1 6368 6370 6371
12598 2 2 1 1 6369 6368 6371
12599 2 2 1 1 6346 6348 6372
12600 2 2 1 1 6370 6346 6372
12601 2 2 1 1 6370 6372 6373
12602 2 2 1 1 6371 6370 6373
12603 2 2 1 1 6348 6350 6374
12604 2 2 1 1 6372 6348 6374
12605 2 2 1 1 6372 6374 6375
12606 2 2 1 1 6373 6372 6375
12607 2 2 1 1 6350 6352 6376
12608 2 2 1 1 6374 6350 6376
12609 2 2 1 1 6374 6376 6377
12610 2 2 1 1 6375 6374 6377
12611 2 2 1 1 6352 6354 6378
12612 2 2 1 1 6376 6352 6378
12613 2 2 1 1 6376 6378 6379
12614 2 2 1 1 6377 6376 6379
12615 2 2 1 1 6354 6356 6380
12616 2 2 1 1 6378 6354 6380
12617 2 2 1 1 6378 6380 6381
12618 2 2 1 1 6379 6378 6381
12619 2 2 1 1 6356 6358 6382
12620 2 2 1 1 6380 6356 6382
12621 2 2 1 1 6380 6382 6383
12622 2 2 1 1 6381 6380 6383
12623 2 2 1 1 6358 6360 6384
12624 2 2 1 1 6382 6358 6384
12625 2 2 1 1 6382 6384 6385
12626 2 2 1 1 6383 6382 6385
12627 2 2 1 1 6360 3660 6386
12628 2 2 1 1 6384 6360 6386
12629 2 2 1 1 6384 6386 6387
12630 2 2 1 1 6385 6384 6387
12631 2 2 1 1 3660 84 2910
12632 2 2 1 1 6386 3660 2910
12633 2 2 1 1 6386 2910 2911
12634 2 2 1 1 6387 6386 2911
12635 2 2 1 1 6388 2913 2912
12636 2 2 1 1 6388 6388 2912
12637 2 2 1 1 6389 6388 2912
12638 2 2 1 1 2916 6389 2912
12639 2 2 1 1 6390 6389 2916
12640 2 2 1 1 2918 6390 2916
12641 2 2 1 1 3659 6390 2918
12642 2 2 1 1 85 3659 2918
12643 2 2 1 1 6392 6391 6389
12644 2 2 1 1 6390 6392 6389
12645 2 2 1 1 6361 6392 6390
12646 2 2 1 1 3659 6361 6390
12647 2 2 1 1 6394 2913 6393
12648 2 2 1 1 6394 6394 6393
12649 2 2 1 1 6359 6395 6392
12650 2 2 1 1 6361 6359 6392
12651 2 2 1 1 6396 2913 6394
12652 2 2 1 1 6396 6396 6394
12653 2 2 1 1 6397 6396 6394
12654 2 2 1 1 6398 6397 6394
12655 2 2 1 1 6357 6399 6395
12656 2 2 1 1 6359 6357 6395
12657 2 2 1 1 6400 2913 6396
12658 2 2 1 1 6400 6400 6396
12659 2 2 1 1 6401 2913 6400
12660 2 2 1 1 6401 6401 6400
12661 2 2 1 1 6402 6401 6400
12662 2 2 1 1 6403 6402 6400
12663 2 2 1 1 6404 6402 6403
12664 2 2 1 1 6405 6404 6403
12665 2 2 1 1 6353 6404 6405
12666 2 2 1 1 6355 6353 6405
12667 2 2 1 1 6406 2913 6401
12668 2 2 1 1 6406 6406 6401
12669 2 2 1 1 6407 6406 6401
12670 2 2 1 1 6402 6407 6401
12671 2 2 1 1 6409 6408 6407
12672 2 2 1 1 6410 6409 6407
12673 2 2 1 1 6349 6409 6410
12674 2 2 1 1 6351 6349 6410
12675 2 2 1 1 6412 2913 6411
12676 2 2 1 1 6412 6412 6411
12677 2 2 1 1 6413 6412 6411
12678 2 2 1 1 6408 6413 6411
12679 2 2 1 1 6414 6413 6408
12680 2 2 1 1 6409 6414 6408
12681 2 2 1 1 6347 6414 6409
12682 2 2 1 1 6349 6347 6409
12683 2 2 1 1 6416 6415 6413
12684 2 2 1 1 6414 6416 6413
12685 2 2 1 1 6418 2913 6417
12686 2 2 1 1 6418 6418 6417
12687 2 2 1 1 6343 6419 6416
12688 2 2 1 1 6345 6343 6416
12689 2 2 1 1 6421 6420 6418
12690 2 2 1 1 6422 6421 6418
12691 2 2 1 1 6423 2913 6420
12692 2 2 1 1 6423 6423 6420
12693 2 2 1 1 6425 6424 6421
12694 2 2 1 1 6426 6425 6421
12695 2 2 1 1 3658 6425 6426
12696 2 2 1 1 6341 3658 6426
12697 2 2 1 1 2955 2913 6423
12698 2 2 1 1 2955 2955 6423
12699 2 2 1 1 2956 2955 6423
12700 2 2 1 1 6424 2956 6423
12701 2 2 1 1 2957 2956 6424
12702 2 2 1 1 6425 2957 6424
12703 2 2 1 1 82 2957 6425
12704 2 2 1 1 3658 82 6425
12705 2 2 1 1 6393 2913 6388
12706 2 2 1 1 6393 6393 6388
12707 2 2 1 1 6391 6393 6388
12708 2 2 1 1 6389 6391 6388
12709 2 2 1 1 6398 6394 6393
12710 2 2 1 1 6391 6398 6393
12711 2 2 1 1 6395 6398 6391
12712 2 2 1 1 6392 6395 6391
12713 2 2 1 1 6399 6397 6398
12714 2 2 1 1 6395 6399 6398
12715 2 2 1 1 6403 6400 6396
12716 2 2 1 1 6397 6403 6396
12717 2 2 1 1 6405 6403 6397
12718 2 2 1 1 6399 6405 6397
12719 2 2 1 1 6355 6405 6399
12720 2 2 1 1 6357 6355 6399
12721 2 2 1 1 6410 6407 6402
12722 2 2 1 1 6404 6410 6402
12723 2 2 1 1 6351 6410 6404
12724 2 2 1 1 6353 6351 6404
12725 2 2 1 1 6411 2913 6406
12726 2 2 1 1 6411 6411 6406
12727 2 2 1 1 6408 6411 6406
12728 2 2 1 1 6407 6408 6406
12729 2 2 1 1 6417 2913 6412
12730 2 2 1 1 6417 6417 6412
12731 2 2 1 1 6415 6417 6412
12732 2 2 1 1 6413 6415 6412
12733 2 2 1 1 6345 6416 6414
12734 2 2 1 1 6347 6345 6414
12735 2 2 1 1 6422 6418 6417
12736 2 2 1 1 6415 6422 6417
12737 2 2 1 1 6419 6422 6415
12738 2 2 1 1 6416 6419 6415
12739 2 2 1 1 6420 2913 6418
12740 2 2 1 1 6420 6420 6418
12741 2 2 1 1 6426 6421 6422
12742 2 2 1 1 6419 6426 6422
12743 2 2 1 1 6341 6426 6419
12744 2 2 1 1 6343 6341 6419
12745 2 2 1 1 6424 6423 6420
12746 2 2 1 1 6421 6424 6420
12747 2 2 1 1 6427 2958 2
12748 2 2 1 1 3582 6427 2
12749 2 2 1 1 6428 2960 2958
12750 2 2 1 1 6427 6428 2958
12751 2 2 1 1 6429 2962 2960
12752 2 2 1 1 6428 6429 2960
12753 2 2 1 1 6430 2964 2962
12754 2 2 1 1 6429 6430 2962
12755 2 2 1 1 6431 2966 2964
12756 2 2 1 1 6430 6431 2964
12757 2 2 1 1 6432 2968 2966
12758 2 2 1 1 6431 6432 2966
12759 2 2 1 1 6387 2911 2968
12760 2 2 1 1 6432 6387 2968
12761 2 2 1 1 6433 6427 3582
12762 2 2 1 1 3584 6433 3582
12763 2 2 1 1 6434 6428 6427
12764 2 2 1 1 6433 6434 6427
12765 2 2 1 1 6435 6429 6428
12766 2 2 1 1 6434 6435 6428
12767 2 2 1 1 6436 6430 6429
12768 2 2 1 1 6435 6436 6429
12769 2 2 1 1 6437 6431 6430
12770 2 2 1 1 6436 6437 6430
12771 2 2 1 1 6438 6432 6431
12772 2 2 1 1 6437 6438 6431
12773 2 2 1 1 6385 6387 6432
12774 2 2 1 1 6438 6385 6432
12775 2 2 1 1 6439 6433 3584
12776 2 2 1 1 3586 6439 3584
12777 2 2 1 1 6440 6434 6433
12778 2 2 1 1 6439 6440 6433
12779 2 2 1 1 6441 6435 6434
12780 2 2 1 1 6440 6441 6434
12781 2 2 1 1 6442 6436 6435
12782 2 2 1 1 6441 6442 6435
12783 2 2 1 1 6443 6437 6436
12784 2 2 1 1 6442 6443 6436
12785 2 2 1 1 6444 6438 6437
12786 2 2 1 1 6443 6444 6437
12787 2 2 1 1 6383 6385 6438
12788 2 2 1 1 6444 6383 6438
12789 2 2 1 1 6445 6439 3586
12790 2 2 1 1 3588 6445 3586
12791 2 2 1 1 6446 6440 6439
12792 2 2 1 1 6445 6446 6439
12793 2 2 1 1 6447 6441 6440
12794 2 2 1 1 6446 6447 6440
12795 2 2 1 1 6448 6442 6441
12796 2 2 1 1 6447 6448 6441
12797 2 2 1 1 6449 6443 6442
12798 2 2 1 1 6448 6449 6442
12799 2 2 1 1 6450 6444 6443
12800 2 2 1 1 6449 6450 6443
12801 2 2 1 1 6381 6383 6444
12802 2 2 1 1 6450 6381 6444
12803 2 2 1 1 6451 6445 3588
12804 2 2 1 1 3590 6451 3588
12805 2 2 1 1 6452 6446 6445
12806 2 2 1 1 6451 6452 6445
12807 2 2 1 1 6453 6447 6446
12808 2 2 1 1 6452 6453 6446
12809 2 2 1 1 6454 6448 6447
12810 2 2 1 1 6453 6454 6447
12811 2 2 1 1 6455 6449 6448
12812 2 2 1 1 6454 6455 6448
12813 2 2 1 1 6456 6450 6449
12814 2 2 1 1 6455 6456 6449
12815 2 2 1 1 6379 6381 6450
12816 2 2 1 1 6456 6379 6450
12817 2 2 1 1 6457 6451 3590
12818 2 2 1 1 3592 6457 3590
12819 2 2 1 1 6458 6452 6451
12820 2 2 1 1 6457 6458 6451
12821 2 2 1 1 6459 6453 6452
12822 2 2 1 1 6458 6459 6452
12823 2 2 1 1 6460 6454 6453
12824 2 2 1 1 6459 6460 6453
12825 2 2 1 1 6461 6455 6454
12826 2 2 1 1 6460 6461 6454
12827 2 2 1 1 6462 6456 6455
12828 2 2 1 1 6461 6462 6455
12829 2 2 1 1 6377 6379 6456
12830 2 2 1 1 6462 6377 6456
12831 2 2 1 1 6463 6457 3592
12832 2 2 1 1 3594 6463 3592
12833 2 2 1 1 6464 6458 6457
12834 2 2 1 1 6463 6464 6457
12835 2 2 1 1 6465 6459 6458
12836 2 2 1 1 6464 6465 6458
12837 2 2 1 1 6466 6460 6459
12838 2 2 1 1 6465 6466 6459
12839 2 2 1 1 6467 6461 6460
12840 2 2 1 1 6466 6467 6460
12841 2 2 1 1 6468 6462 6461
12842 2 2 1 1 6467 6468 6461
12843 2 2 1 1 6375 6377 6462
12844 2 2 1 1 6468 6375 6462
12845 2 2 1 1 6469 6463 3594
12846 2 2 1 1 3596 6469 3594
12847 2 2 1 1 6470 6464 6463
12848 2 2 1 1 6469 6470 6463
12849 2 2 1 1 6471 6465 6464
12850 2 2 1 1 6470 6471 6464
12851 2 2 1 1 6472 6466 6465
12852 2 2 1 1 6471 6472 6465
12853 2 2 1 1 6473 6467 6466
12854 2 2 1 1 6472 6473 6466
12855 2 2 1 1 6474 6468 6467
12856 2 2 1 1 6473 6474 6467
12857 2 2 1 1 6373 6375 6468
12858 2 2 1 1 6474 6373 6468
12859 2 2 1 1 6475 6469 3596
12860 2 2 1 1 3598 6475 3596
12861 2 2 1 1 6476 6470 6469
12862 2 2 1 1 6475 6476 6469
12863 2 2 1 1 6477 6471 6470
12864 2 2 1 1 6476 6477 6470
12865 2 2 1 1 6478 6472 6471
12866 2 2 1 1 6477 6478 6471
12867 2 2 1 1 6479 6473 6472
12868 2 2 1 1 6478 6479 6472
12869 2 2 1 1 6480 6474 6473
12870 2 2 1 1 6479 6480 6473
12871 2 2 1 1 6371 6373 6474
12872 2 2 1 1 6480 6371 6474
12873 2 2 1 1 6481 6475 3598
12874 2 2 1 1 3600 6481 3598
12875 2 2 1 1 6482 6476 6475
12876 2 2 1 1 6481 6482 6475
12877 2 2 1 1 6483 6477 6476
12878 2 2 1 1 6482 6483 6476
12879 2 2 1 1 6484 6478 6477
12880 2 2 1 1 6483 6484 6477
12881 2 2 1 1 6485 6479 6478
12882 2 2 1 1 6484 6485 6478
12883 2 2 1 1 6486 6480 6479
12884 2 2 1 1 6485 6486 6479
12885 2 2 1 1 6369 6371 6480
12886 2 2 1 1 6486 6369 6480
12887 2 2 1 1 6487 6481 3600
12888 2 2 1 1 3602 6487 3600
12889 2 2 1 1 6488 6482 6481
12890 2 2 1 1 6487 6488 6481
12891 2 2 1 1 6489 6483 6482
12892 2 2 1 1 6488 6489 6482
12893 2 2 1 1 6490 6484 6483
12894 2 2 1 1 6489 6490 6483
12895 2 2 1 1 6491 6485 6484
12896 2 2 1 1 6490 6491 6484
12897 2 2 1 1 6492 6486 6485
12898 2 2 1 1 6491 6492 6485
12899 2 2 1 1 6367 6369 6486
12900 2 2 1 1 6492 6367 6486
12901 2 2 1 1 6493 6487 3602
12902 2 2 1 1 3604 6493 3602
12903 2 2 1 1 6494 6488 6487
12904 2 2 1 1 6493 6494 6487
12905 2 2 1 1 6495 6489 6488
12906 2 2 1 1 6494 6495 6488
12907 2 2 1 1 6496 6490 6489
12908 2 2 1 1 6495 6496 6489
12909 2 2 1 1 6497 6491 6490
12910 2 2 1 1 6496 6497 6490
12911 2 2 1 1 6498 6492 6491
12912 2 2 1 1 6497 6498 6491
12913 2 2 1 1 6365 6367 6492
12914 2 2 1 1 6498 6365 6492
12915 2 2 1 1 6499 6493 3604
12916 2 2 1 1 3606 6499 3604
12917 2 2 1 1 6500 6494 6493
12918 2 2 1 1 6499 6500 6493
12919 2 2 1 1 6501 6495 6494
12920 2 2 1 1 6500 6501 6494
12921 2 2 1 1 6502 6496 6495
12922 2 2 1 1 6501 6502 6495
12923 2 2 1 1 6503 6497 6496
12924 2 2 1 1 6502 6503 6496
12925 2 2 1 1 6504 6498 6497
12926 2 2 1 1 6503 6504 6497
12927 2 2 1 1 6363 6365 6498
12928 2 2 1 1 6504 6363 6498
12929 2 2 1 1 3042 6499 3606
12930 2 2 1 1 29 3042 3606
12931 2 2 1 1 3043 6500 6499
12932 2 2 1 1 3042 3043 6499
12933 2 2 1 1 3044 6501 6500
12934 2 2 1 1 3043 3044 6500
12935 2 2 1 1 3045 6502 6501
12936 2 2 1 1 3044 3045 6501
12937 2 2 1 1 3046 6503 6502
12938 2 2 1 1 3045 3046 6502
12939 2 2 1 1 3047 6504 6503
12940 2 2 1 1 3046 3047 6503
12941 2 2 1 1 2885 6363 6504
12942 2 2 1 1 3047 2885 6504
12943 2 2 1 1 6507 6506 6505
12944 2 2 1 1 6508 6507 6505
12945 2 2 1 1 6510 6509 3052
12946 2 2 1 1 3055 6510 3052
12947 2 2 1 1 6511 6510 3055
12948 2 2 1 1 3057 6511 3055
12949 2 2 1 1 6512 6511 3057
12950 2 2 1 1 3059 6512 3057
12951 2 2 1 1 6513 6512 3059
12952 2 2 1 1 3061 6513 3059
12953 2 2 1 1 6514 6513 3061
12954 2 2 1 1 3063 6514 3061
12955 2 2 1 1 6515 6514 3063
12956 2 2 1 1 3065 6515 3063
12957 2 2 1 1 6517 6516 6509
12958 2 2 1 1 6510 6517 6509
12959 2 2 1 1 6518 6517 6510
12960 2 2 1 1 6511 6518 6510
12961 2 2 1 1 6519 6518 6511
12962 2 2 1 1 6512 6519 6511
12963 2 2 1 1 6520 6519 6512
12964 2 2 1 1 6513 6520 6512
12965 2 2 1 1 6521 6520 6513
12966 2 2 1 1 6514 6521 6513
12967 2 2 1 1 6522 6521 6514
12968 2 2 1 1 6515 6522 6514
12969 2 2 1 1 6524 6523 6516
12970 2 2 1 1 6517 6524 6516
12971 2 2 1 1 6525 6524 6517
12972 2 2 1 1 6518 6525 6517
12973 2 2 1 1 6526 6525 6518
12974 2 2 1 1 6519 6526 6518
12975 2 2 1 1 6527 6526 6519
12976 2 2 1 1 6520 6527 6519
12977 2 2 1 1 6528 6527 6520
12978 2 2 1 1 6521 6528 6520
12979 2 2 1 1 6529 6528 6521
12980 2 2 1 1 6522 6529 6521
12981 2 2 1 1 6532 6531 6530
12982 2 2 1 1 6523 6532 6530
12983 2 2 1 1 6533 6532 6523
12984 2 2 1 1 6524 6533 6523
12985 2 2 1 1 6534 6533 6524
12986 2 2 1 1 6525 6534 6524
12987 2 2 1 1 6535 6534 6525
12988 2 2 1 1 6526 6535 6525
12989 2 2 1 1 6536 6535 6526
12990 2 2 1 1 6527 6536 6526
12991 2 2 1 1 6537 6536 6527
12992 2 2 1 1 6528 6537 6527
12993 2 2 1 1 6538 6537 6528
12994 2 2 1 1 6529 6538 6528
12995 2 2 1 1 6540 6539 6531
12996 2 2 1 1 6532 6540 6531
12997 2 2 1 1 6541 6540 6532
12998 2 2 1 1 6533 6541 6532
12999 2 2 1 1 6542 6541 6533
13000 2 2 1 1 6534 6542 6533
13001 2 2 1 1 6543 6542 6534
13002 2 2 1 1 6535 6543 6534
13003 2 2 1 1 6544 6543 6535
13004 2 2 1 1 6536 6544 6535
13005 2 2 1 1 6545 6544 6536
13006 2 2 1 1 6537 6545 6536
13007 2 2 1 1 6546 6545 6537
13008 2 2 1 1 6538 6546 6537
13009 2 2 1 1 6549 6548 6547
13010 2 2 1 1 6550 6549 6547
13011 2 2 1 1 6552 6551 6548
13012 2 2 1 1 6549 6552 6548
13013 2 2 1 1 6554 6553 6551
13014 2 2 1 1 6552 6554 6551
13015 2 2 1 1 6556 6555 6553
13016 2 2 1 1 6554 6556 6553
13017 2 2 1 1 6558 6557 6555
13018 2 2 1 1 6556 6558 6555
13019 2 2 1 1 6560 6559 6557
13020 2 2 1 1 6558 6560 6557
13021 2 2 1 1 6562 6561 6559
13022 2 2 1 1 6560 6562 6559
13023 2 2 1 1 6563 6549 6550
13024 2 2 1 1 6564 6563 6550
13025 2 2 1 1 6565 6552 6549
13026 2 2 1 1 6563 6565 6549
13027 2 2 1 1 6566 6554 6552
13028 2 2 1 1 6565 6566 6552
13029 2 2 1 1 6567 6556 6554
13030 2 2 1 1 6566 6567 6554
13031 2 2 1 1 6568 6558 6556
13032 2 2 1 1 6567 6568 6556
13033 2 2 1 1 6569 6560 6558
13034 2 2 1 1 6568 6569 6558
13035 2 2 1 1 6570 6562 6560
13036 2 2 1 1 6569 6570 6560
13037 2 2 1 1 6571 6563 6564
13038 2 2 1 1 6572 6571 6564
13039 2 2 1 1 6573 6565 6563
13040 2 2 1 1 6571 6573 6563
13041 2 2 1 1 6574 6566 6565
13042 2 2 1 1 6573 6574 6565
13043 2 2 1 1 6575 6567 6566
13044 2 2 1 1 6574 6575 6566
13045 2 2 1 1 6576 6568 6567
13046 2 2 1 1 6575 6576 6567
13047 2 2 1 1 6577 6569 6568
13048 2 2 1 1 6576 6577 6568
13049 2 2 1 1 6578 6570 6569
13050 2 2 1 1 6577 6578 6569
13051 2 2 1 1 6579 6571 6572
13052 2 2 1 1 6580 6579 6572
13053 2 2 1 1 6581 6573 6571
13054 2 2 1 1 6579 6581 6571
13055 2 2 1 1 6582 6574 6573
13056 2 2 1 1 6581 6582 6573
13057 2 2 1 1 6583 6575 6574
13058 2 2 1 1 6582 6583 6574
13059 2 2 1 1 6584 6576 6575
13060 2 2 1 1 6583 6584 6575
13061 2 2 1 1 6585 6577 6576
13062 2 2 1 1 6584 6585 6576
13063 2 2 1 1 6586 6578 6577
13064 2 2 1 1 6585 6586 6577
13065 2 2 1 1 6540 6579 6580
13066 2 2 1 1 6539 6540 6580
13067 2 2 1 1 6541 6581 6579
13068 2 2 1 1 6540 6541 6579
13069 2 2 1 1 6542 6582 6581
13070 2 2 1 1 6541 6542 6581
13071 2 2 1 1 6543 6583 6582
13072 2 2 1 1 6542 6543 6582
13073 2 2 1 1 6544 6584 6583
13074 2 2 1 1 6543 6544 6583
13075 2 2 1 1 6545 6585 6584
13076 2 2 1 1 6544 6545 6584
13077 2 2 1 1 6546 6586 6585
13078 2 2 1 1 6545 6546 6585
13079 2 2 1 1 6588 6587 6547
13080 2 2 1 1 6548 6588 6547
13081 2 2 1 1 6589 6588 6548
13082 2 2 1 1 6551 6589 6548
13083 2 2 1 1 6590 6589 6551
13084 2 2 1 1 6553 6590 6551
13085 2 2 1 1 6591 6590 6553
13086 2 2 1 1 6555 6591 6553
13087 2 2 1 1 6592 6591 6555
13088 2 2 1 1 6557 6592 6555
13089 2 2 1 1 6593 6592 6557
13090 2 2 1 1 6559 6593 6557
13091 2 2 1 1 6594 6593 6559
13092 2 2 1 1 6561 6594 6559
13093 2 2 1 1 6596 6595 6587
13094 2 2 1 1 6588 6596 6587
13095 2 2 1 1 6597 6596 6588
13096 2 2 1 1 6589 6597 6588
13097 2 2 1 1 6598 6597 6589
13098 2 2 1 1 6590 6598 6589
13099 2 2 1 1 6599 6598 6590
13100 2 2 1 1 6591 6599 6590
13101 2 2 1 1 6600 6599 6591
13102 2 2 1 1 6592 6600 6591
13103 2 2 1 1 6601 6600 6592
13104 2 2 1 1 6593 6601 6592
13105 2 2 1 1 6602 6601 6593
13106 2 2 1 1 6594 6602 6593
13107 2 2 1 1 6604 6603 6595
13108 2 2 1 1 6596 6604 6595
13109 2 2 1 1 6605 6604 6596
13110 2 2 1 1 6597 6605 6596
13111 2 2 1 1 6606 6605 6597
13112 2 2 1 1 6598 6606 6597
13113 2 2 1 1 6607 6606 6598
13114 2 2 1 1 6599 6607 6598
13115 2 2 1 1 6608 6607 6599
13116 2 2 1 1 6600 6608 6599
13117 2 2 1 1 6609 6608 6600
13118 2 2 1 1 6601 6609 6600
13119 2 2 1 1 6610 6609 6601
13120 2 2 1 1 6602 6610 6601
13121 2 2 1 1 6612 6611 6604
13122 2 2 1 1 6605 6612 6604
13123 2 2 1 1 6613 6612 6605
13124 2 2 1 1 6606 6613 6605
13125 2 2 1 1 6614 6613 6606
13126 2 2 1 1 6607 6614 6606
13127 2 2 1 1 6615 6614 6607
13128 2 2 1 1 6608 6615 6607
13129 2 2 1 1 6616 6615 6608
13130 2 2 1 1 6609 6616 6608
13131 2 2 1 1 6617 6616 6609
13132 2 2 1 1 6610 6617 6609
13133 2 2 1 1 3170 3169 6618
13134 2 2 1 1 6611 3170 6618
13135 2 2 1 1 3171 3170 6611
13136 2 2 1 1 6612 3171 6611
13137 2 2 1 1 3172 3171 6612
13138 2 2 1 1 6613 3172 6612
13139 2 2 1 1 3173 3172 6613
13140 2 2 1 1 6614 3173 6613
13141 2 2 1 1 3174 3173 6614
13142 2 2 1 1 6615 3174 6614
13143 2 2 1 1 3175 3174 6615
13144 2 2 1 1 6616 3175 6615
13145 2 2 1 1 3176 3175 6616
13146 2 2 1 1 6617 3176 6616
13147 2 2 1 1 3179 3178 6619
13148 2 2 1 1 3179 3179 6619
13149 2 2 1 1 6620 3180 3179
13150 2 2 1 1 6619 6620 3179
13151 2 2 1 1 6621 3182 3180
13152 2 2 1 1 6620 6621 3180
13153 2 2 1 1 6622 3184 3182
13154 2 2 1 1 6621 6622 3182
13155 2 2 1 1 6619 3178 6623
13156 2 2 1 1 6619 6619 6623
13157 2 2 1 1 6624 6620 6619
13158 2 2 1 1 6623 6624 6619
13159 2 2 1 1 6625 6621 6620
13160 2 2 1 1 6624 6625 6620
13161 2 2 1 1 6626 6622 6621
13162 2 2 1 1 6625 6626 6621
13163 2 2 1 1 6623 3178 6627
13164 2 2 1 1 6623 6623 6627
13165 2 2 1 1 6628 6624 6623
13166 2 2 1 1 6627 6628 6623
13167 2 2 1 1 6629 6625 6624
13168 2 2 1 1 6628 6629 6624
13169 2 2 1 1 6630 6626 6625
13170 2 2 1 1 6629 6630 6625
13171 2 2 1 1 6627 3178 6631
13172 2 2 1 1 6627 6627 6631
13173 2 2 1 1 6632 6628 6627
13174 2 2 1 1 6631 6632 6627
13175 2 2 1 1 6633 6629 6628
13176 2 2 1 1 6632 6633 6628
13177 2 2 1 1 6634 6630 6629
13178 2 2 1 1 6633 6634 6629
13179 2 2 1 1 6631 3178 6635
13180 2 2 1 1 6631 6631 6635
13181 2 2 1 1 6636 6632 6631
13182 2 2 1 1 6635 6636 6631
13183 2 2 1 1 6637 6633 6632
13184 2 2 1 1 6636 6637 6632
13185 2 2 1 1 6507 6634 6633
13186 2 2 1 1 6637 6507 6633
13187 2 2 1 1 6639 3178 6638
13188 2 2 1 1 6639 6639 6638
13189 2 2 1 1 6640 6639 6638
13190 2 2 1 1 6641 6640 6638
13191 2 2 1 1 6642 6640 6641
13192 2 2 1 1 6643 6642 6641
13193 2 2 1 1 6644 6642 6643
13194 2 2 1 1 6645 6644 6643
13195 2 2 1 1 6646 3178 6639
13196 2 2 1 1 6646 6646 6639
13197 2 2 1 1 6647 6646 6639
13198 2 2 1 1 6640 6647 6639
13199 2 2 1 1 6648 6647 6640
13200 2 2 1 1 6642 6648 6640
13201 2 2 1 1 6649 6648 6642
13202 2 2 1 1 6644 6649 6642
13203 2 2 1 1 6650 3178 6646
13204 2 2 1 1 6650 6650 6646
13205 2 2 1 1 6651 6650 6646
13206 2 2 1 1 6647 6651 6646
13207 2 2 1 1 6652 6651 6647
13208 2 2 1 1 6648 6652 6647
13209 2 2 1 1 6653 6652 6648
13210 2 2 1 1 6649 6653 6648
13211 2 2 1 1 6654 3178 6650
13212 2 2 1 1 6654 6654 6650
13213 2 2 1 1 6655 6654 6650
13214 2 2 1 1 6651 6655 6650
13215 2 2 1 1 6656 6655 6651
13216 2 2 1 1 6652 6656 6651
13217 2 2 1 1 6506 6656 6652
13218 2 2 1 1 6653 6506 6652
13219 2 2 1 1 6635 3178 6654
13220 2 2 1 1 6635 6635 6654
13221 2 2 1 1 6636 6635 6654
13222 2 2 1 1 6655 6636 6654
13223 2 2 1 1 6637 6636 6655
13224 2 2 1 1 6656 6637 6655
13225 2 2 1 1 6507 6637 6656
13226 2 2 1 1 6506 6507 6656
13227 2 2 1 1 6638 3178 6657
13228 2 2 1 1 6638 6638 6657
13229 2 2 1 1 6658 6641 6638
13230 2 2 1 1 6657 6658 6638
13231 2 2 1 1 6659 6643 6641
13232 2 2 1 1 6658 6659 6641
13233 2 2 1 1 6660 6645 6643
13234 2 2 1 1 6659 6660 6643
13235 2 2 1 1 6657 3178 6661
13236 2 2 1 1 6657 6657 6661
13237 2 2 1 1 6662 6658 6657
13238 2 2 1 1 6661 6662 6657
13239 2 2 1 1 6663 6659 6658
13240 2 2 1 1 6662 6663 6658
13241 2 2 1 1 6664 6660 6659
13242 2 2 1 1 6663 6664 6659
13243 2 2 1 1 6661 3178 6665
13244 2 2 1 1 6661 6661 6665
13245 2 2 1 1 6666 6662 6661
13246 2 2 1 1 6665 6666 6661
13247 2 2 1 1 6667 6663 6662
13248 2 2 1 1 6666 6667 6662
13249 2 2 1 1 6668 6664 6663
13250 2 2 1 1 6667 6668 6663
13251 2 2 1 1 6665 3178 6669
13252 2 2 1 1 6665 6665 6669
13253 2 2 1 1 6670 6666 6665
13254 2 2 1 1 6669 6670 6665
13255 2 2 1 1 6671 6667 6666
13256 2 2 1 1 6670 6671 6666
13257 2 2 1 1 6672 6668 6667
13258 2 2 1 1 6671 6672 6667
13259 2 2 1 1 6669 3178 3236
13260 2 2 1 1 6669 6669 3236
13261 2 2 1 1 3237 6670 6669
13262 2 2 1 1 3236 3237 6669
13263 2 2 1 1 3238 6671 6670
13264 2 2 1 1 3237 3238 6670
13265 2 2 1 1 3239 6672 6671
13266 2 2 1 1 3238 3239 6671
13267 2 2 1 1 3242 3241 6673
13268 2 2 1 1 6674 3242 6673
13269 2 2 1 1 3241 3176 6617
13270 2 2 1 1 6673 3241 6617
13271 2 2 1 1 6674 6673 6675
13272 2 2 1 1 6676 6674 6675
13273 2 2 1 1 6673 6617 6610
13274 2 2 1 1 6675 6673 6610
13275 2 2 1 1 6676 6675 6677
13276 2 2 1 1 6678 6676 6677
13277 2 2 1 1 6675 6610 6602
13278 2 2 1 1 6677 6675 6602
13279 2 2 1 1 6678 6677 6679
13280 2 2 1 1 6680 6678 6679
13281 2 2 1 1 6677 6602 6594
13282 2 2 1 1 6679 6677 6594
13283 2 2 1 1 6680 6679 6681
13284 2 2 1 1 6682 6680 6681
13285 2 2 1 1 6679 6594 6561
13286 2 2 1 1 6681 6679 6561
13287 2 2 1 1 6685 6684 6683
13288 2 2 1 1 6686 6685 6683
13289 2 2 1 1 6686 6683 6586
13290 2 2 1 1 6546 6686 6586
13291 2 2 1 1 6684 6688 6687
13292 2 2 1 1 6683 6684 6687
13293 2 2 1 1 6683 6687 6578
13294 2 2 1 1 6586 6683 6578
13295 2 2 1 1 6688 6690 6689
13296 2 2 1 1 6687 6688 6689
13297 2 2 1 1 6687 6689 6570
13298 2 2 1 1 6578 6687 6570
13299 2 2 1 1 6690 6692 6691
13300 2 2 1 1 6689 6690 6691
13301 2 2 1 1 6689 6691 6562
13302 2 2 1 1 6570 6689 6562
13303 2 2 1 1 6692 6682 6681
13304 2 2 1 1 6691 6692 6681
13305 2 2 1 1 6691 6681 6561
13306 2 2 1 1 6562 6691 6561
13307 2 2 1 1 6685 6686 6693
13308 2 2 1 1 6694 6685 6693
13309 2 2 1 1 6686 6546 6538
13310 2 2 1 1 6693 6686 6538
13311 2 2 1 1 6694 6693 6695
13312 2 2 1 1 6696 6694 6695
13313 2 2 1 1 6693 6538 6529
13314 2 2 1 1 6695 6693 6529
13315 2 2 1 1 6696 6695 6697
13316 2 2 1 1 6698 6696 6697
13317 2 2 1 1 6695 6529 6522
13318 2 2 1 1 6697 6695 6522
13319 2 2 1 1 6698 6697 6699
13320 2 2 1 1 6700 6698 6699
13321 2 2 1 1 6697 6522 6515
13322 2 2 1 1 6699 6697 6515
13323 2 2 1 1 6700 6699 3270
13324 2 2 1 1 3271 6700 3270
13325 2 2 1 1 6699 6515 3065
13326 2 2 1 1 3270 6699 3065
13327 2 2 1 1 6701 6700 3271
13328 2 2 1 1 3273 6701 3271
13329 2 2 1 1 6702 6698 6700
13330 2 2 1 1 6701 6702 6700
13331 2 2 1 1 6703 6696 6698
13332 2 2 1 1 6702 6703 6698
13333 2 2 1 1 6704 6694 6696
13334 2 2 1 1 6703 6704 6696
13335 2 2 1 1 6508 6685 6694
13336 2 2 1 1 6704 6508 6694
13337 2 2 1 1 6706 6705 6682
13338 2 2 1 1 6692 6706 6682
13339 2 2 1 1 6707 6706 6692
13340 2 2 1 1 6690 6707 6692
13341 2 2 1 1 6708 6707 6690
13342 2 2 1 1 6688 6708 6690
13343 2 2 1 1 6505 6708 6688
13344 2 2 1 1 6684 6505 6688
13345 2 2 1 1 6508 6505 6684
13346 2 2 1 1 6685 6508 6684
13347 2 2 1 1 6709 6680 6682
13348 2 2 1 1 6705 6709 6682
13349 2 2 1 1 6710 6678 6680
13350 2 2 1 1 6709 6710 6680
13351 2 2 1 1 6711 6676 6678
13352 2 2 1 1 6710 6711 6678
13353 2 2 1 1 6712 6674 6676
13354 2 2 1 1 6711 6712 6676
13355 2 2 1 1 3285 3242 6674
13356 2 2 1 1 6712 3285 6674
13357 2 2 1 1 6622 6701 3273
13358 2 2 1 1 3184 6622 3273
13359 2 2 1 1 6626 6702 6701
13360 2 2 1 1 6622 6626 6701
13361 2 2 1 1 6630 6703 6702
13362 2 2 1 1 6626 6630 6702
13363 2 2 1 1 6634 6704 6703
13364 2 2 1 1 6630 6634 6703
13365 2 2 1 1 6506 6653 6708
13366 2 2 1 1 6505 6506 6708
13367 2 2 1 1 6507 6508 6704
13368 2 2 1 1 6634 6507 6704
13369 2 2 1 1 6653 6649 6707
13370 2 2 1 1 6708 6653 6707
13371 2 2 1 1 6649 6644 6706
13372 2 2 1 1 6707 6649 6706
13373 2 2 1 1 6644 6645 6705
13374 2 2 1 1 6706 6644 6705
13375 2 2 1 1 6660 6709 6705
13376 2 2 1 1 6645 6660 6705
13377 2 2 1 1 6664 6710 6709
13378 2 2 1 1 6660 6664 6709
13379 2 2 1 1 6668 6711 6710
13380 2 2 1 1 6664 6668 6710
13381 2 2 1 1 6672 6712 6711
13382 2 2 1 1 6668 6672 6711
13383 2 2 1 1 3239 3285 6712
13384 2 2 1 1 6672 3239 6712
13385 2 2 1 1 6611 6618 6603
13386 2 2 1 1 6604 6611 6603
13387 2 2 1 1 2156 6714 6713
13388 2 2 1 1 2156 2156 6713
13389 2 2 1 1 4198 6713 6714
13390 2 2 1 1 4198 4198 6714
13391 2 2 1 1 6714 6203 4198
13392 2 2 1 1 6714 6714 4198
13393 2 2 1 1 6715 1364 3288
13394 2 2 1 1 6715 6715 3288
13395 2 2 1 1 3288 6717 6716
13396 2 2 1 1 6715 3288 6716
13397 2 2 1 1 6717 6719 6718
13398 2 2 1 1 6716 6717 6718
13399 2 2 1 1 6719 6721 6720
13400 2 2 1 1 6718 6719 6720
13401 2 2 1 1 6721 6313 6722
13402 2 2 1 1 6720 6721 6722
13403 2 2 1 1 6724 5513 6723
13404 2 2 1 1 6724 6724 6723
13405 2 2 1 1 6724 6723 6725
13406 2 2 1 1 6726 6724 6725
13407 2 2 1 1 6726 6725 6727
13408 2 2 1 1 6728 6726 6727
13409 2 2 1 1 6728 6727 6729
13410 2 2 1 1 6730 6728 6729
13411 2 2 1 1 6731 5513 6724
13412 2 2 1 1 6731 6731 6724
13413 2 2 1 1 6284 5513 6731
13414 2 2 1 1 6284 6284 6731
13415 2 2 1 1 6724 6733 6732
13416 2 2 1 1 6731 6724 6732
13417 2 2 1 1 6731 6732 6734
13418 2 2 1 1 6284 6731 6734
13419 2 2 1 1 6733 6736 6735
13420 2 2 1 1 6732 6733 6735
13421 2 2 1 1 6732 6735 6737
13422 2 2 1 1 6734 6732 6737
13423 2 2 1 1 6736 6739 6738
13424 2 2 1 1 6735 6736 6738
13425 2 2 1 1 6735 6738 6740
13426 2 2 1 1 6737 6735 6740
13427 2 2 1 1 3317 3316 6741
13428 2 2 1 1 3317 3317 6741
13429 2 2 1 1 3317 6741 6742
13430 2 2 1 1 3319 3317 6742
13431 2 2 1 1 3319 6742 6743
13432 2 2 1 1 3321 3319 6743
13433 2 2 1 1 3321 6743 6717
13434 2 2 1 1 3288 3321 6717
13435 2 2 1 1 6741 3316 6744
13436 2 2 1 1 6741 6741 6744
13437 2 2 1 1 6741 6744 6745
13438 2 2 1 1 6742 6741 6745
13439 2 2 1 1 6742 6745 6746
13440 2 2 1 1 6743 6742 6746
13441 2 2 1 1 6743 6746 6719
13442 2 2 1 1 6717 6743 6719
13443 2 2 1 1 6744 3316 6747
13444 2 2 1 1 6744 6744 6747
13445 2 2 1 1 6744 6747 6748
13446 2 2 1 1 6745 6744 6748
13447 2 2 1 1 6745 6748 6749
13448 2 2 1 1 6746 6745 6749
13449 2 2 1 1 6746 6749 6721
13450 2 2 1 1 6719 6746 6721
13451 2 2 1 1 6747 3316 6750
13452 2 2 1 1 6747 6747 6750
13453 2 2 1 1 6747 6750 6751
13454 2 2 1 1 6748 6747 6751
13455 2 2 1 1 6748 6751 6752
13456 2 2 1 1 6749 6748 6752
13457 2 2 1 1 6749 6752 6313
13458 2 2 1 1 6721 6749 6313
13459 2 2 1 1 6750 3316 6753
13460 2 2 1 1 6750 6750 6753
13461 2 2 1 1 6750 6753 6754
13462 2 2 1 1 6751 6750 6754
13463 2 2 1 1 6751 6754 6755
13464 2 2 1 1 6752 6751 6755
13465 2 2 1 1 6752 6755 6292
13466 2 2 1 1 6313 6752 6292
13467 2 2 1 1 6753 3316 6756
13468 2 2 1 1 6753 6753 6756
13469 2 2 1 1 6753 6756 6757
13470 2 2 1 1 6754 6753 6757
13471 2 2 1 1 6754 6757 6758
13472 2 2 1 1 6755 6754 6758
13473 2 2 1 1 6755 6758 6319
13474 2 2 1 1 6292 6755 6319
13475 2 2 1 1 6756 3316 6759
13476 2 2 1 1 6756 6756 6759
13477 2 2 1 1 6756 6759 6760
13478 2 2 1 1 6757 6756 6760
13479 2 2 1 1 6757 6760 6761
13480 2 2 1 1 6758 6757 6761
13481 2 2 1 1 6758 6761 6730
13482 2 2 1 1 6319 6758 6730
13483 2 2 1 1 6759 3316 6762
13484 2 2 1 1 6759 6759 6762
13485 2 2 1 1 6759 6762 6763
13486 2 2 1 1 6760 6759 6763
13487 2 2 1 1 6760 6763 6764
13488 2 2 1 1 6761 6760 6764
13489 2 2 1 1 6761 6764 6728
13490 2 2 1 1 6730 6761 6728
13491 2 2 1 1 6762 3316 6765
13492 2 2 1 1 6762 6762 6765
13493 2 2 1 1 6762 6765 6766
13494 2 2 1 1 6763 6762 6766
13495 2 2 1 1 6763 6766 6767
13496 2 2 1 1 6764 6763 6767
13497 2 2 1 1 6764 6767 6726
13498 2 2 1 1 6728 6764 6726
13499 2 2 1 1 6765 3316 6768
13500 2 2 1 1 6765 6765 6768
13501 2 2 1 1 6765 6768 6769
13502 2 2 1 1 6766 6765 6769
13503 2 2 1 1 6766 6769 6770
13504 2 2 1 1 6767 6766 6770
13505 2 2 1 1 6767 6770 6724
13506 2 2 1 1 6726 6767 6724
13507 2 2 1 1 6768 3316 6771
13508 2 2 1 1 6768 6768 6771
13509 2 2 1 1 6768 6771 6772
13510 2 2 1 1 6769 6768 6772
13511 2 2 1 1 6769 6772 6773
13512 2 2 1 1 6770 6769 6773
13513 2 2 1 1 6770 6773 6733
13514 2 2 1 1 6724 6770 6733
13515 2 2 1 1 6771 3316 6774
13516 2 2 1 1 6771 6771 6774
13517 2 2 1 1 6771 6774 6775
13518 2 2 1 1 6772 6771 6775
13519 2 2 1 1 6772 6775 6776
13520 2 2 1 1 6773 6772 6776
13521 2 2 1 1 6773 6776 6736
13522 2 2 1 1 6733 6773 6736
13523 2 2 1 1 6774 3316 6777
13524 2 2 1 1 6774 6774 6777
13525 2 2 1 1 6774 6777 6778
13526 2 2 1 1 6775 6774 6778
13527 2 2 1 1 6775 6778 6779
13528 2 2 1 1 6776 6775 6779
13529 2 2 1 1 6776 6779 6739
13530 2 2 1 1 6736 6776 6739
13531 2 2 1 1 6777 3316 6780
13532 2 2 1 1 6777 6777 6780
13533 2 2 1 1 6777 6780 6781
13534 2 2 1 1 6778 6777 6781
13535 2 2 1 1 6778 6781 6782
13536 2 2 1 1 6779 6778 6782
13537 2 2 1 1 6779 6782 6336
13538 2 2 1 1 6739 6779 6336
13539 2 2 1 1 6780 3316 3361
13540 2 2 1 1 6780 6780 3361
13541 2 2 1 1 6780 3361 3362
13542 2 2 1 1 6781 6780 3362
13543 2 2 1 1 6781 3362 3363
13544 2 2 1 1 6782 6781 3363
13545 2 2 1 1 6782 3363 2132
13546 2 2 1 1 6336 6782 2132
13547 2 2 1 1 6286 1364 6715
13548 2 2 1 1 6286 6286 6715
13549 2 2 1 1 6715 6716 6783
13550 2 2 1 1 6286 6715 6783
13551 2 2 1 1 6716 6718 6784
13552 2 2 1 1 6783 6716 6784
13553 2 2 1 1 6718 6720 6785
13554 2 2 1 1 6784 6718 6785
13555 2 2 1 1 6720 6722 6314
13556 2 2 1 1 6785 6720 6314
13557 2 2 1 1 6727 6787 6786
13558 2 2 1 1 6729 6727 6786
13559 2 2 1 1 6725 6788 6787
13560 2 2 1 1 6727 6725 6787
13561 2 2 1 1 6723 6298 6788
13562 2 2 1 1 6725 6723 6788
13563 2 2 1 1 6723 5513 6298
13564 2 2 1 1 6723 6723 6298
13565 2 2 1 1 6729 6786 6318
13566 2 2 1 1 6789 6729 6318
13567 2 2 1 1 6730 6729 6789
13568 2 2 1 1 6319 6730 6789
13569 2 2 1 1 3372 2798 6790
13570 2 2 1 1 3372 3372 6790
13571 2 2 1 1 3372 6790 6791
13572 2 2 1 1 6792 3372 6791
13573 2 2 1 1 6792 6791 6793
13574 2 2 1 1 6794 6792 6793
13575 2 2 1 1 6794 6793 6795
13576 2 2 1 1 6796 6794 6795
13577 2 2 1 1 6796 6795 6797
13578 2 2 1 1 6323 6796 6797
13579 2 2 1 1 6799 5690 6798
13580 2 2 1 1 6799 6799 6798
13581 2 2 1 1 6798 6801 6800
13582 2 2 1 1 6799 6798 6800
13583 2 2 1 1 6801 6803 6802
13584 2 2 1 1 6800 6801 6802
13585 2 2 1 1 6803 6805 6804
13586 2 2 1 1 6802 6803 6804
13587 2 2 1 1 6798 5690 6806
13588 2 2 1 1 6798 6798 6806
13589 2 2 1 1 6806 5690 6236
13590 2 2 1 1 6806 6806 6236
13591 2 2 1 1 6798 6806 6807
13592 2 2 1 1 6808 6798 6807
13593 2 2 1 1 6806 6236 6809
13594 2 2 1 1 6807 6806 6809
13595 2 2 1 1 6808 6807 6810
13596 2 2 1 1 6811 6808 6810
13597 2 2 1 1 6807 6809 6812
13598 2 2 1 1 6810 6807 6812
13599 2 2 1 1 6811 6810 6813
13600 2 2 1 1 6814 6811 6813
13601 2 2 1 1 6810 6812 6815
13602 2 2 1 1 6813 6810 6815
13603 2 2 1 1 3400 3399 6816
13604 2 2 1 1 6817 3400 6816
13605 2 2 1 1 3399 3403 6818
13606 2 2 1 1 6816 3399 6818
13607 2 2 1 1 3403 3405 6819
13608 2 2 1 1 6818 3403 6819
13609 2 2 1 1 3405 3407 6820
13610 2 2 1 1 6819 3405 6820
13611 2 2 1 1 3407 3409 6821
13612 2 2 1 1 6820 3407 6821
13613 2 2 1 1 3409 3411 6822
13614 2 2 1 1 6821 3409 6822
13615 2 2 1 1 3411 3413 6823
13616 2 2 1 1 6822 3411 6823
13617 2 2 1 1 3413 3415 6824
13618 2 2 1 1 6823 3413 6824
13619 2 2 1 1 3415 3372 6792
13620 2 2 1 1 6824 3415 6792
13621 2 2 1 1 6816 6818 6825
13622 2 2 1 1 6826 6816 6825
13623 2 2 1 1 6818 6819 6827
13624 2 2 1 1 6825 6818 6827
13625 2 2 1 1 6819 6820 6828
13626 2 2 1 1 6827 6819 6828
13627 2 2 1 1 6820 6821 6829
13628 2 2 1 1 6828 6820 6829
13629 2 2 1 1 6821 6822 6830
13630 2 2 1 1 6829 6821 6830
13631 2 2 1 1 6822 6823 6831
13632 2 2 1 1 6830 6822 6831
13633 2 2 1 1 6823 6824 6832
13634 2 2 1 1 6831 6823 6832
13635 2 2 1 1 6824 6792 6794
13636 2 2 1 1 6832 6824 6794
13637 2 2 1 1 6826 6825 6833
13638 2 2 1 1 6834 6826 6833
13639 2 2 1 1 6825 6827 6835
13640 2 2 1 1 6833 6825 6835
13641 2 2 1 1 6827 6828 6836
13642 2 2 1 1 6835 6827 6836
13643 2 2 1 1 6828 6829 6837
13644 2 2 1 1 6836 6828 6837
13645 2 2 1 1 6829 6830 6838
13646 2 2 1 1 6837 6829 6838
13647 2 2 1 1 6830 6831 6839
13648 2 2 1 1 6838 6830 6839
13649 2 2 1 1 6831 6832 6840
13650 2 2 1 1 6839 6831 6840
13651 2 2 1 1 6832 6794 6796
13652 2 2 1 1 6840 6832 6796
13653 2 2 1 1 6833 6835 6841
13654 2 2 1 1 6842 6833 6841
13655 2 2 1 1 6835 6836 6843
13656 2 2 1 1 6841 6835 6843
13657 2 2 1 1 6836 6837 6844
13658 2 2 1 1 6843 6836 6844
13659 2 2 1 1 6837 6838 6845
13660 2 2 1 1 6844 6837 6845
13661 2 2 1 1 6838 6839 6846
13662 2 2 1 1 6845 6838 6846
13663 2 2 1 1 6839 6840 6847
13664 2 2 1 1 6846 6839 6847
13665 2 2 1 1 6840 6796 6323
13666 2 2 1 1 6847 6840 6323
13667 2 2 1 1 6849 6842 6848
13668 2 2 1 1 6850 6849 6848
13669 2 2 1 1 6842 6841 6851
13670 2 2 1 1 6848 6842 6851
13671 2 2 1 1 6841 6843 6852
13672 2 2 1 1 6851 6841 6852
13673 2 2 1 1 6843 6844 6853
13674 2 2 1 1 6852 6843 6853
13675 2 2 1 1 6844 6845 6854
13676 2 2 1 1 6853 6844 6854
13677 2 2 1 1 6845 6846 6855
13678 2 2 1 1 6854 6845 6855
13679 2 2 1 1 6846 6847 6856
13680 2 2 1 1 6855 6846 6856
13681 2 2 1 1 6847 6323 6242
13682 2 2 1 1 6856 6847 6242
13683 2 2 1 1 6859 6858 6857
13684 2 2 1 1 6860 6859 6857
13685 2 2 1 1 6860 6857 6861
13686 2 2 1 1 6862 6860 6861
13687 2 2 1 1 6862 6861 6863
13688 2 2 1 1 6864 6862 6863
13689 2 2 1 1 6864 6863 6865
13690 2 2 1 1 6866 6864 6865
13691 2 2 1 1 6866 6865 6867
13692 2 2 1 1 6868 6866 6867
13693 2 2 1 1 6868 6867 6869
13694 2 2 1 1 6870 6868 6869
13695 2 2 1 1 6870 6869 6871
13696 2 2 1 1 6872 6870 6871
13697 2 2 1 1 6872 6871 6801
13698 2 2 1 1 6798 6872 6801
13699 2 2 1 1 6858 6874 6873
13700 2 2 1 1 6857 6858 6873
13701 2 2 1 1 6857 6873 6875
13702 2 2 1 1 6861 6857 6875
13703 2 2 1 1 6861 6875 6876
13704 2 2 1 1 6863 6861 6876
13705 2 2 1 1 6863 6876 6877
13706 2 2 1 1 6865 6863 6877
13707 2 2 1 1 6865 6877 6878
13708 2 2 1 1 6867 6865 6878
13709 2 2 1 1 6867 6878 6879
13710 2 2 1 1 6869 6867 6879
13711 2 2 1 1 6869 6879 6880
13712 2 2 1 1 6871 6869 6880
13713 2 2 1 1 6871 6880 6803
13714 2 2 1 1 6801 6871 6803
13715 2 2 1 1 6874 6882 6881
13716 2 2 1 1 6873 6874 6881
13717 2 2 1 1 6873 6881 6883
13718 2 2 1 1 6875 6873 6883
13719 2 2 1 1 6875 6883 6884
13720 2 2 1 1 6876 6875 6884
13721 2 2 1 1 6876 6884 6885
13722 2 2 1 1 6877 6876 6885
13723 2 2 1 1 6877 6885 6886
13724 2 2 1 1 6878 6877 6886
13725 2 2 1 1 6878 6886 6887
13726 2 2 1 1 6879 6878 6887
13727 2 2 1 1 6879 6887 6888
13728 2 2 1 1 6880 6879 6888
13729 2 2 1 1 6880 6888 6805
13730 2 2 1 1 6803 6880 6805
13731 2 2 1 1 6882 6890 6889
13732 2 2 1 1 6881 6882 6889
13733 2 2 1 1 6881 6889 6891
13734 2 2 1 1 6883 6881 6891
13735 2 2 1 1 6883 6891 6892
13736 2 2 1 1 6884 6883 6892
13737 2 2 1 1 6884 6892 6893
13738 2 2 1 1 6885 6884 6893
13739 2 2 1 1 6885 6893 6894
13740 2 2 1 1 6886 6885 6894
13741 2 2 1 1 6886 6894 6895
13742 2 2 1 1 6887 6886 6895
13743 2 2 1 1 6887 6895 6896
13744 2 2 1 1 6888 6887 6896
13745 2 2 1 1 6888 6896 6325
13746 2 2 1 1 6805 6888 6325
13747 2 2 1 1 6890 6850 6848
13748 2 2 1 1 6889 6890 6848
13749 2 2 1 1 6889 6848 6851
13750 2 2 1 1 6891 6889 6851
13751 2 2 1 1 6891 6851 6852
13752 2 2 1 1 6892 6891 6852
13753 2 2 1 1 6892 6852 6853
13754 2 2 1 1 6893 6892 6853
13755 2 2 1 1 6893 6853 6854
13756 2 2 1 1 6894 6893 6854
13757 2 2 1 1 6894 6854 6855
13758 2 2 1 1 6895 6894 6855
13759 2 2 1 1 6895 6855 6856
13760 2 2 1 1 6896 6895 6856
13761 2 2 1 1 6896 6856 6242
13762 2 2 1 1 6325 6896 6242
13763 2 2 1 1 6860 6862 6897
13764 2 2 1 1 6898 6860 6897
13765 2 2 1 1 6862 6864 6899
13766 2 2 1 1 6897 6862 6899
13767 2 2 1 1 6864 6866 6900
13768 2 2 1 1 6899 6864 6900
13769 2 2 1 1 6866 6868 6901
13770 2 2 1 1 6900 6866 6901
13771 2 2 1 1 6868 6870 6902
13772 2 2 1 1 6901 6868 6902
13773 2 2 1 1 6870 6872 6903
13774 2 2 1 1 6902 6870 6903
13775 2 2 1 1 6872 6798 6808
13776 2 2 1 1 6903 6872 6808
13777 2 2 1 1 6898 6897 6904
13778 2 2 1 1 6905 6898 6904
13779 2 2 1 1 6897 6899 6906
13780 2 2 1 1 6904 6897 6906
13781 2 2 1 1 6899 6900 6907
13782 2 2 1 1 6906 6899 6907
13783 2 2 1 1 6900 6901 6908
13784 2 2 1 1 6907 6900 6908
13785 2 2 1 1 6901 6902 6909
13786 2 2 1 1 6908 6901 6909
13787 2 2 1 1 6902 6903 6910
13788 2 2 1 1 6909 6902 6910
13789 2 2 1 1 6903 6808 6811
13790 2 2 1 1 6910 6903 6811
13791 2 2 1 1 6912 6905 6911
13792 2 2 1 1 6913 6912 6911
13793 2 2 1 1 6905 6904 6914
13794 2 2 1 1 6911 6905 6914
13795 2 2 1 1 6904 6906 6915
13796 2 2 1 1 6914 6904 6915
13797 2 2 1 1 6906 6907 6916
13798 2 2 1 1 6915 6906 6916
13799 2 2 1 1 6907 6908 6917
13800 2 2 1 1 6916 6907 6917
13801 2 2 1 1 6908 6909 6918
13802 2 2 1 1 6917 6908 6918
13803 2 2 1 1 6909 6910 6919
13804 2 2 1 1 6918 6909 6919
13805 2 2 1 1 6910 6811 6814
13806 2 2 1 1 6919 6910 6814
13807 2 2 1 1 6913 6911 6920
13808 2 2 1 1 6921 6913 6920
13809 2 2 1 1 6911 6914 6922
13810 2 2 1 1 6920 6911 6922
13811 2 2 1 1 6914 6915 6923
13812 2 2 1 1 6922 6914 6923
13813 2 2 1 1 6915 6916 6924
13814 2 2 1 1 6923 6915 6924
13815 2 2 1 1 6916 6917 6925
13816 2 2 1 1 6924 6916 6925
13817 2 2 1 1 6917 6918 6926
13818 2 2 1 1 6925 6917 6926
13819 2 2 1 1 6918 6919 6927
13820 2 2 1 1 6926 6918 6927
13821 2 2 1 1 6919 6814 6329
13822 2 2 1 1 6927 6919 6329
13823 2 2 1 1 6921 6920 3519
13824 2 2 1 1 3520 6921 3519
13825 2 2 1 1 6920 6922 3521
13826 2 2 1 1 3519 6920 3521
13827 2 2 1 1 6922 6923 3522
13828 2 2 1 1 3521 6922 3522
13829 2 2 1 1 6923 6924 3523
13830 2 2 1 1 3522 6923 3523
13831 2 2 1 1 6924 6925 3524
13832 2 2 1 1 3523 6924 3524
13833 2 2 1 1 6925 6926 3525
13834 2 2 1 1 3524 6925 3525
13835 2 2 1 1 6926 6927 3526
13836 2 2 1 1 3525 6926 3526
13837 2 2 1 1 6927 6329 2473
13838 2 2 1 1 3526 6927 2473
13839 2 2 1 1 6928 5690 6799
13840 2 2 1 1 6928 6928 6799
13841 2 2 1 1 6799 6800 6929
13842 2 2 1 1 6928 6799 6929
13843 2 2 1 1 6804 6930 6326
13844 2 2 1 1 6931 6804 6326
13845 2 2 1 1 6805 6325 6930
13846 2 2 1 1 6804 6805 6930
13847 2 2 1 1 6802 6804 6931
13848 2 2 1 1 6932 6802 6931
13849 2 2 1 1 6800 6802 6932
13850 2 2 1 1 6929 6800 6932
13851 2 2 1 1 6795 6933 6322
13852 2 2 1 1 6797 6795 6322
13853 2 2 1 1 6793 6934 6933
13854 2 2 1 1 6795 6793 6933
13855 2 2 1 1 6791 6935 6934
13856 2 2 1 1 6793 6791 6934
13857 2 2 1 1 6790 6282 6935
13858 2 2 1 1 6791 6790 6935
13859 2 2 1 1 6790 2798 6282
13860 2 2 1 1 6790 6790 6282
13861 2 2 1 1 6834 6833 6842
13862 2 2 1 1 6849 6834 6842
13863 2 2 1 1 6257 6255 4456
13864 2 2 1 1 6257 6257 4456
13865 2 2 1 1 6936 4456 6255
13866 2 2 1 1 6936 6936 6255
13867 2 2 1 1 6159 6937 6274
13868 2 2 1 1 6159 6159 6274
13869 2 2 1 1 6269 6937 6938
13870 2 2 1 1 6269 6269 6938
13871 2 2 1 1 6937 6159 6938
13872 2 2 1 1 6937 6937 6938
13873 2 2 1 1 6941 6940 6939
13874 2 2 1 1 6942 6941 6939
13875 2 2 1 1 6942 6939 6943
13876 2 2 1 1 6944 6942 6943
13877 2 2 1 1 6944 6943 6945
13878 2 2 1 1 6946 6944 6945
13879 2 2 1 1 6949 6948 6947
13880 2 2 1 1 6950 6949 6947
13881 2 2 1 1 6948 6952 6951
13882 2 2 1 1 6947 6948 6951
13883 2 2 1 1 6955 6954 6953
13884 2 2 1 1 6956 6955 6953
13885 2 2 1 1 6949 6950 6957
13886 2 2 1 1 6958 6949 6957
13887 2 2 1 1 6958 6957 6959
13888 2 2 1 1 6960 6958 6959
13889 2 2 1 1 6960 6959 6961
13890 2 2 1 1 6962 6960 6961
13891 2 2 1 1 6964 6962 6963
13892 2 2 1 1 6965 6964 6963
13893 2 2 1 1 6962 6961 6966
13894 2 2 1 1 6963 6962 6966
13895 2 2 1 1 6963 6966 3566
13896 2 2 1 1 3567 6963 3566
13897 2 2 1 1 6814 6813 6967
13898 2 2 1 1 6329 6814 6967
13899 2 2 1 1 6813 6815 6328
13900 2 2 1 1 6967 6813 6328
13901 2 2 1 1 6968 6928 5392
13902 2 2 1 1 6968 6968 5392
13903 2 2 1 1 5392 6969 6968
13904 2 2 1 1 5392 5392 6968
13905 2 2 1 1 6969 5690 6968
13906 2 2 1 1 6969 6969 6968
13907 2 2 1 1 5521 6969 5392
13908 2 2 1 1 5368 5521 5392
13909 2 2 1 1 5522 5690 6969
13910 2 2 1 1 5521 5522 6969
13911 2 2 1 1 5514 6970 5513
13912 2 2 1 1 5514 5514 5513
13913 2 2 1 1 6298 6970 5514
13914 2 2 1 1 6298 6298 5514
13915 2 2 1 1 6738 6971 6334
13916 2 2 1 1 6740 6738 6334
13917 2 2 1 1 6739 6336 6971
13918 2 2 1 1 6738 6739 6971
13919 2 2 1 1 6972 6248 5067
13920 2 2 1 1 6972 6972 5067
13921 2 2 1 1 6972 6251 6247
13922 2 2 1 1 6248 6972 6247
13923 2 2 1 1 6255 6973 6936
13924 2 2 1 1 6255 6255 6936
13925 2 2 1 1 6973 4344 6936
13926 2 2 1 1 6973 6973 6936
13927 2 2 1 1 6032 4899 4900
13928 2 2 1 1 6033 6032 4900
13929 2 2 1 1 3624 6243 4185
13930 2 2 1 1 3619 3624 4185
13931 2 2 1 1 3612 3616 6245
13932 2 2 1 1 6152 3612 6245
13933 2 2 1 1 3615 3612 6152
13934 2 2 1 1 5068 3615 6152
13935 2 2 1 1 6974 6817 6940
13936 2 2 1 1 6941 6974 6940
13937 2 2 1 1 3576 3400 6817
13938 2 2 1 1 6974 3576 6817
13939 2 2 1 1 3577 3576 6974
13940 2 2 1 1 6618 3577 6974
13941 2 2 1 1 6618 6974 6941
13942 2 2 1 1 6603 6618 6941
13943 2 2 1 1 6603 6941 6942
13944 2 2 1 1 6975 6603 6942
13945 2 2 1 1 6975 6942 6944
13946 2 2 1 1 6587 6975 6944
13947 2 2 1 1 6587 6944 6946
13948 2 2 1 1 6547 6587 6946
13949 2 2 1 1 6550 6547 6946
13950 2 2 1 1 6954 6550 6946
13951 2 2 1 1 6564 6550 6954
13952 2 2 1 1 6955 6564 6954
13953 2 2 1 1 6572 6564 6955
13954 2 2 1 1 6952 6572 6955
13955 2 2 1 1 6580 6572 6952
13956 2 2 1 1 6948 6580 6952
13957 2 2 1 1 6539 6580 6948
13958 2 2 1 1 6949 6539 6948
13959 2 2 1 1 6539 6949 6958
13960 2 2 1 1 6531 6539 6958
13961 2 2 1 1 6530 6960 6962
13962 2 2 1 1 6964 6530 6962
13963 2 2 1 1 6531 6958 6960
13964 2 2 1 1 6530 6531 6960
13965 2 2 1 1 6523 6530 6964
13966 2 2 1 1 6516 6523 6964
13967 2 2 1 1 6516 6964 6965
13968 2 2 1 1 6509 6516 6965
13969 2 2 1 1 6965 6963 3567
13970 2 2 1 1 3579 6965 3567
13971 2 2 1 1 6509 6965 3579
13972 2 2 1 1 3052 6509 3579
13973 2 2 1 1 6966 6921 3520
13974 2 2 1 1 3566 6966 3520
13975 2 2 1 1 6961 6913 6921
13976 2 2 1 1 6966 6961 6921
13977 2 2 1 1 6959 6912 6913
13978 2 2 1 1 6961 6959 6913
13979 2 2 1 1 6859 6860 6898
13980 2 2 1 1 6976 6859 6898
13981 2 2 1 1 6976 6898 6905
13982 2 2 1 1 6912 6976 6905
13983 2 2 1 1 6950 6859 6976
13984 2 2 1 1 6957 6950 6976
13985 2 2 1 1 6950 6947 6858
13986 2 2 1 1 6859 6950 6858
13987 2 2 1 1 6947 6951 6874
13988 2 2 1 1 6858 6947 6874
13989 2 2 1 1 6951 6956 6882
13990 2 2 1 1 6874 6951 6882
13991 2 2 1 1 6952 6955 6956
13992 2 2 1 1 6951 6952 6956
13993 2 2 1 1 6956 6953 6890
13994 2 2 1 1 6882 6956 6890
13995 2 2 1 1 6953 6945 6850
13996 2 2 1 1 6890 6953 6850
13997 2 2 1 1 6954 6946 6945
13998 2 2 1 1 6953 6954 6945
13999 2 2 1 1 6943 6849 6850
14000 2 2 1 1 6945 6943 6850
14001 2 2 1 1 6939 6834 6849
14002 2 2 1 1 6943 6939 6849
14003 2 2 1 1 6817 6816 6826
14004 2 2 1 1 6940 6817 6826
14005 2 2 1 1 6940 6826 6834
14006 2 2 1 1 6939 6940 6834
14007 2 2 1 1 6957 6976 6912
14008 2 2 1 1 6959 6957 6912
14009 2 2 1 1 4257 4266 6024
14010 2 2 1 1 6018 4257 6024
14011 2 2 1 1 4248 4257 6018
14012 2 2 1 1 6012 4248 6018
14013 2 2 1 1 4239 4248 6012
14014 2 2 1 1 6006 4239 6012
14015 2 2 1 1 4229 4239 6006
14016 2 2 1 1 5993 4229 6006
14017 2 2 1 1 4266 6035 6030
14018 2 2 1 1 6024 4266 6030
14019 2 2 1 1 4403 3663 4167
14020 2 2 1 1 4411 4403 4167
14021 2 2 1 1 4395 6112 3663
14022 2 2 1 1 4403 4395 3663
14023 2 2 1 1 4387 6105 6112
14024 2 2 1 1 4395 4387 6112
14025 2 2 1 1 4379 6098 6105
14026 2 2 1 1 4387 4379 6105
14027 2 2 1 1 4370 4371 6098
14028 2 2 1 1 4379 4370 6098
14029 2 2 1 1 5291 3617 6977
14030 2 2 1 1 5416 5291 6977
14031 2 2 1 1 5416 6977 3609
14032 2 2 1 1 3610 5416 3609
$EndElements
