# Converted from GDF: UMaineSemi.gdf
# Rhino->WAMIT file export (mesh)
# Vertices: 6977
# Faces: 14032

o Rhino->WAMIT_file_export_(mesh)

v 45.500000 0.000000 1.300000
v 45.502000 0.000000 2.600000
v 45.659000 1.391000 2.600000
v 45.657000 1.391000 1.300000
v 46.121000 2.712000 2.600000
v 46.119000 2.712000 1.300000
v 46.866000 3.897000 2.600000
v 46.864000 3.897000 1.300000
v 47.855000 4.886000 2.600000
v 47.853000 4.886000 1.300000
v 49.040000 5.631000 2.600000
v 49.038000 5.631000 1.300000
v 50.361000 6.093000 2.600000
v 50.359000 6.093000 1.300000
v 51.752000 6.250000 2.600000
v 51.750000 6.250000 1.300000
v 53.143000 6.093000 2.600000
v 53.141000 6.093000 1.300000
v 54.464000 5.631000 2.600000
v 54.462000 5.631000 1.300000
v 55.649000 4.886000 2.600000
v 55.647000 4.886000 1.300000
v 56.638000 3.897000 2.600000
v 56.636000 3.897000 1.300000
v 57.383000 2.712000 2.600000
v 57.381000 2.712000 1.300000
v 57.845000 1.391000 2.600000
v 57.843000 1.391000 1.300000
v 58.002000 0.000000 2.600000
v 58.000000 0.000000 1.300000
v -20.043140 40.965530 -20.000000
v -19.141420 41.486120 -20.000000
v -18.332000 40.085000 -20.000000
v -19.234000 39.564000 -20.000000
v -19.057000 42.894000 -20.000000
v -18.419320 41.903240 -20.000000
v -19.501620 41.278070 -20.000000
v -19.780000 41.906000 -20.000000
v -18.490000 43.906000 -20.000000
v -17.337000 42.529000 -20.000000
v -26.402000 38.083000 -20.000000
v -25.161000 38.369000 -20.000000
v -24.914380 38.154000 -20.000000
v -25.997780 37.528700 -20.000000
v -27.619000 37.951000 -20.000000
v -27.080030 36.904060 -20.000000
v -23.933440 38.811830 -20.000000
v -23.832750 38.778280 -20.000000
v 55.646000 4.887000 -20.000000
v 56.636000 3.897000 -20.000000
v 55.415000 2.923000 -20.000000
v 54.673000 3.665000 -20.000000
v 54.461000 5.632000 -20.000000
v 53.784000 4.223000 -20.000000
v 53.139000 6.094000 -20.000000
v 52.793000 4.570000 -20.000000
v 49.038000 5.631000 -10.400000
v 49.038000 5.631000 -9.100000
v 50.359000 6.093000 -9.100000
v 50.359000 6.093000 -10.400000
v 50.186000 6.250000 -13.000000
v 51.053000 6.171500 -13.000000
v 50.967000 6.250000 -13.000000
v 46.864000 3.897000 -13.000000
v 46.182000 3.823000 -13.000000
v 45.809000 2.606000 -13.000000
v 46.119000 2.712000 -13.000000
v 47.852000 4.886000 -13.000000
v 46.676000 4.943000 -13.000000
v 55.646000 4.887000 -13.000000
v 55.647000 4.886000 -11.700000
v 56.636000 3.897000 -11.700000
v 56.636000 3.897000 -13.000000
v 54.461000 5.632000 -13.000000
v 54.462000 5.631000 -11.700000
v 53.139000 6.094000 -13.000000
v 53.141000 6.093000 -11.700000
v 51.748000 6.250000 -13.000000
v 51.750000 6.250000 -11.700000
v 57.845000 1.391000 14.300000
v 57.843000 1.391000 15.000000
v 58.000000 0.000000 15.000000
v 58.002000 0.000000 14.300000
v 45.502000 0.000000 14.300000
v 45.500000 0.000000 15.000000
v 45.657000 1.391000 15.000000
v 45.659000 1.391000 14.300000
v -20.181500 47.298500 -13.000000
v -20.070500 47.263500 -13.000000
v -20.461000 47.940000 -13.000000
v -3.567000 18.679000 -18.833000
v -2.757000 17.276000 -18.833000
v -2.757000 17.276000 -20.000000
v -3.567000 18.679000 -20.000000
v -20.057000 42.533000 14.300000
v -19.695000 43.885000 14.300000
v -19.695000 43.885000 15.000000
v -20.057000 42.533000 15.000000
v -20.711000 41.296000 14.300000
v -20.711000 41.296000 15.000000
v -21.624000 40.235000 14.300000
v -21.624000 40.235000 15.000000
v -22.750000 39.404000 14.300000
v -22.750000 39.404000 15.000000
v -24.033000 38.844000 15.000000
v -24.033000 38.844000 14.300000
v -25.408000 38.584000 15.000000
v -25.408000 38.584000 14.300000
v -26.807000 38.637000 15.000000
v -26.807000 38.637000 14.300000
v -28.158000 38.999000 15.000000
v -28.158000 38.999000 14.300000
v -29.396000 39.653000 15.000000
v -29.396000 39.653000 14.300000
v -30.457000 40.566000 15.000000
v -30.457000 40.566000 14.300000
v -31.288000 41.692000 15.000000
v -31.288000 41.692000 14.300000
v -31.847000 42.975000 15.000000
v -31.847000 42.975000 14.300000
v -32.108000 44.350000 15.000000
v -32.108000 44.350000 14.300000
v -32.055000 45.748000 15.000000
v -32.055000 45.748000 14.300000
v -31.693000 47.100000 15.000000
v -31.693000 47.100000 14.300000
v -31.039000 48.338000 15.000000
v -31.039000 48.338000 14.300000
v -30.126000 49.398000 15.000000
v -30.126000 49.398000 14.300000
v -29.000000 50.229000 15.000000
v -29.000000 50.229000 14.300000
v -27.717000 50.789000 14.300000
v -27.717000 50.789000 15.000000
v -26.342000 51.049000 14.300000
v -26.342000 51.049000 15.000000
v -24.943000 50.997000 14.300000
v -24.943000 50.997000 15.000000
v -23.592000 50.635000 14.300000
v -23.592000 50.635000 15.000000
v -22.354000 49.981000 14.300000
v -22.354000 49.981000 15.000000
v -21.293000 49.068000 14.300000
v -21.293000 49.068000 15.000000
v -20.462000 47.942000 14.300000
v -20.462000 47.942000 15.000000
v -19.903000 46.659000 14.300000
v -19.903000 46.659000 15.000000
v -19.642000 45.284000 14.300000
v -19.642000 45.284000 15.000000
v -22.750000 39.404000 13.000000
v -21.624000 40.235000 13.000000
v -20.711000 41.296000 13.000000
v -20.057000 42.533000 13.000000
v -19.695000 43.885000 13.000000
v -19.642000 45.284000 13.000000
v -19.903000 46.659000 13.000000
v -20.462000 47.942000 13.000000
v -21.293000 49.068000 13.000000
v -22.354000 49.981000 13.000000
v -23.592000 50.635000 13.000000
v -24.943000 50.997000 13.000000
v -26.342000 51.049000 13.000000
v -27.717000 50.789000 13.000000
v -29.000000 50.229000 13.000000
v -24.033000 38.844000 13.000000
v -25.408000 38.584000 13.000000
v -26.807000 38.637000 13.000000
v -28.158000 38.999000 13.000000
v -29.396000 39.653000 13.000000
v -30.457000 40.566000 13.000000
v -31.288000 41.692000 13.000000
v -31.847000 42.975000 13.000000
v -32.108000 44.350000 13.000000
v -32.055000 45.748000 13.000000
v -31.693000 47.100000 13.000000
v -31.039000 48.338000 13.000000
v -30.126000 49.398000 13.000000
v -30.126000 49.398000 11.700000
v -29.000000 50.229000 11.700000
v -30.126000 49.398000 10.400000
v -29.000000 50.229000 10.400000
v -30.126000 49.398000 9.100000
v -29.000000 50.229000 9.100000
v -31.039000 48.338000 11.700000
v -31.039000 48.338000 10.400000
v -31.039000 48.338000 9.100000
v -31.693000 47.100000 11.700000
v -31.693000 47.100000 10.400000
v -31.693000 47.100000 9.100000
v -32.055000 45.748000 11.700000
v -32.055000 45.748000 10.400000
v -32.055000 45.748000 9.100000
v -32.108000 44.350000 11.700000
v -32.108000 44.350000 10.400000
v -32.108000 44.350000 9.100000
v -31.847000 42.975000 11.700000
v -31.847000 42.975000 10.400000
v -31.847000 42.975000 9.100000
v -31.288000 41.692000 11.700000
v -31.288000 41.692000 10.400000
v -31.288000 41.692000 9.100000
v -30.457000 40.566000 11.700000
v -30.457000 40.566000 10.400000
v -30.457000 40.566000 9.100000
v -29.396000 39.653000 11.700000
v -29.396000 39.653000 10.400000
v -29.396000 39.653000 9.100000
v -28.158000 38.999000 11.700000
v -28.158000 38.999000 10.400000
v -28.158000 38.999000 9.100000
v -26.807000 38.637000 11.700000
v -26.807000 38.637000 10.400000
v -26.807000 38.637000 9.100000
v -25.408000 38.584000 11.700000
v -25.408000 38.584000 10.400000
v -25.408000 38.584000 9.100000
v -24.033000 38.844000 11.700000
v -24.033000 38.844000 10.400000
v -24.033000 38.844000 9.100000
v -22.750000 39.404000 11.700000
v -22.750000 39.404000 10.400000
v -22.750000 39.404000 9.100000
v -27.717000 50.789000 11.700000
v -27.717000 50.789000 10.400000
v -27.717000 50.789000 9.100000
v -26.342000 51.049000 11.700000
v -26.342000 51.049000 10.400000
v -26.342000 51.049000 9.100000
v -24.943000 50.997000 11.700000
v -24.943000 50.997000 10.400000
v -24.943000 50.997000 9.100000
v -23.592000 50.635000 11.700000
v -23.592000 50.635000 10.400000
v -23.592000 50.635000 9.100000
v -22.354000 49.981000 11.700000
v -22.354000 49.981000 10.400000
v -22.354000 49.981000 9.100000
v -21.293000 49.068000 11.700000
v -21.293000 49.068000 10.400000
v -21.293000 49.068000 9.100000
v -20.462000 47.942000 11.700000
v -20.462000 47.942000 10.400000
v -20.462000 47.942000 9.100000
v -19.903000 46.659000 11.700000
v -19.903000 46.659000 10.400000
v -19.903000 46.659000 9.100000
v -19.642000 45.284000 11.700000
v -19.642000 45.284000 10.400000
v -19.642000 45.284000 9.100000
v -19.695000 43.885000 11.700000
v -19.695000 43.885000 10.400000
v -19.695000 43.885000 9.100000
v -20.057000 42.533000 11.700000
v -20.057000 42.533000 10.400000
v -20.057000 42.533000 9.100000
v -20.711000 41.296000 11.700000
v -20.711000 41.296000 10.400000
v -20.711000 41.296000 9.100000
v -21.624000 40.235000 11.700000
v -21.624000 40.235000 10.400000
v -21.624000 40.235000 9.100000
v -22.750000 39.404000 -1.300000
v -21.624000 40.235000 -1.300000
v -21.624000 40.235000 0.000000
v -22.750000 39.404000 0.000000
v -21.624000 40.235000 1.300000
v -22.750000 39.404000 1.300000
v -21.624000 40.235000 2.600000
v -22.750000 39.404000 2.600000
v -21.624000 40.235000 3.900000
v -22.750000 39.404000 3.900000
v -21.624000 40.235000 5.200000
v -22.750000 39.404000 5.200000
v -21.624000 40.235000 6.500000
v -22.750000 39.404000 6.500000
v -21.624000 40.235000 7.800000
v -22.750000 39.404000 7.800000
v -20.711000 41.296000 -1.300000
v -20.711000 41.296000 0.000000
v -20.711000 41.296000 1.300000
v -20.711000 41.296000 2.600000
v -20.711000 41.296000 3.900000
v -20.711000 41.296000 5.200000
v -20.711000 41.296000 6.500000
v -20.711000 41.296000 7.800000
v -20.057000 42.533000 -1.300000
v -20.057000 42.533000 0.000000
v -20.057000 42.533000 1.300000
v -20.057000 42.533000 2.600000
v -20.057000 42.533000 3.900000
v -20.057000 42.533000 5.200000
v -20.057000 42.533000 6.500000
v -20.057000 42.533000 7.800000
v -19.695000 43.885000 -1.300000
v -19.695000 43.885000 0.000000
v -19.695000 43.885000 1.300000
v -19.695000 43.885000 2.600000
v -19.695000 43.885000 3.900000
v -19.695000 43.885000 5.200000
v -19.695000 43.885000 6.500000
v -19.695000 43.885000 7.800000
v -19.642000 45.284000 -1.300000
v -19.642000 45.284000 0.000000
v -19.642000 45.284000 1.300000
v -19.642000 45.284000 2.600000
v -19.642000 45.284000 3.900000
v -19.642000 45.284000 5.200000
v -19.642000 45.284000 6.500000
v -19.642000 45.284000 7.800000
v -19.903000 46.659000 -1.300000
v -19.903000 46.659000 0.000000
v -19.903000 46.659000 1.300000
v -19.903000 46.659000 2.600000
v -19.903000 46.659000 3.900000
v -19.903000 46.659000 5.200000
v -19.903000 46.659000 6.500000
v -19.903000 46.659000 7.800000
v -20.462000 47.942000 -1.300000
v -20.462000 47.942000 0.000000
v -20.462000 47.942000 1.300000
v -20.462000 47.942000 2.600000
v -20.462000 47.942000 3.900000
v -20.462000 47.942000 5.200000
v -20.462000 47.942000 6.500000
v -20.462000 47.942000 7.800000
v -21.293000 49.068000 -1.300000
v -21.293000 49.068000 0.000000
v -21.293000 49.068000 1.300000
v -21.293000 49.068000 2.600000
v -21.293000 49.068000 3.900000
v -21.293000 49.068000 5.200000
v -21.293000 49.068000 6.500000
v -21.293000 49.068000 7.800000
v -22.354000 49.981000 -1.300000
v -22.354000 49.981000 0.000000
v -22.354000 49.981000 1.300000
v -22.354000 49.981000 2.600000
v -22.354000 49.981000 3.900000
v -22.354000 49.981000 5.200000
v -22.354000 49.981000 6.500000
v -22.354000 49.981000 7.800000
v -23.592000 50.635000 -1.300000
v -23.592000 50.635000 0.000000
v -23.592000 50.635000 1.300000
v -23.592000 50.635000 2.600000
v -23.592000 50.635000 3.900000
v -23.592000 50.635000 5.200000
v -23.592000 50.635000 6.500000
v -23.592000 50.635000 7.800000
v -24.943000 50.997000 -1.300000
v -24.943000 50.997000 0.000000
v -24.943000 50.997000 1.300000
v -24.943000 50.997000 2.600000
v -24.943000 50.997000 3.900000
v -24.943000 50.997000 5.200000
v -24.943000 50.997000 6.500000
v -24.943000 50.997000 7.800000
v -26.342000 51.049000 -1.300000
v -26.342000 51.049000 0.000000
v -26.342000 51.049000 1.300000
v -26.342000 51.049000 2.600000
v -26.342000 51.049000 3.900000
v -26.342000 51.049000 5.200000
v -26.342000 51.049000 6.500000
v -26.342000 51.049000 7.800000
v -27.717000 50.789000 -1.300000
v -27.717000 50.789000 0.000000
v -27.717000 50.789000 1.300000
v -27.717000 50.789000 2.600000
v -27.717000 50.789000 3.900000
v -27.717000 50.789000 5.200000
v -27.717000 50.789000 6.500000
v -27.717000 50.789000 7.800000
v -29.000000 50.229000 -1.300000
v -29.000000 50.229000 0.000000
v -29.000000 50.229000 1.300000
v -29.000000 50.229000 2.600000
v -29.000000 50.229000 3.900000
v -29.000000 50.229000 5.200000
v -29.000000 50.229000 6.500000
v -29.000000 50.229000 7.800000
v -24.033000 38.844000 0.000000
v -24.033000 38.844000 -1.300000
v -24.033000 38.844000 1.300000
v -24.033000 38.844000 2.600000
v -24.033000 38.844000 3.900000
v -24.033000 38.844000 5.200000
v -24.033000 38.844000 6.500000
v -24.033000 38.844000 7.800000
v -25.408000 38.584000 0.000000
v -25.408000 38.584000 -1.300000
v -25.408000 38.584000 1.300000
v -25.408000 38.584000 2.600000
v -25.408000 38.584000 3.900000
v -25.408000 38.584000 5.200000
v -25.408000 38.584000 6.500000
v -25.408000 38.584000 7.800000
v -26.807000 38.637000 0.000000
v -26.807000 38.637000 -1.300000
v -26.807000 38.637000 1.300000
v -26.807000 38.637000 2.600000
v -26.807000 38.637000 3.900000
v -26.807000 38.637000 5.200000
v -26.807000 38.637000 6.500000
v -26.807000 38.637000 7.800000
v -28.158000 38.999000 0.000000
v -28.158000 38.999000 -1.300000
v -28.158000 38.999000 1.300000
v -28.158000 38.999000 2.600000
v -28.158000 38.999000 3.900000
v -28.158000 38.999000 5.200000
v -28.158000 38.999000 6.500000
v -28.158000 38.999000 7.800000
v -29.396000 39.653000 0.000000
v -29.396000 39.653000 -1.300000
v -29.396000 39.653000 1.300000
v -29.396000 39.653000 2.600000
v -29.396000 39.653000 3.900000
v -29.396000 39.653000 5.200000
v -29.396000 39.653000 6.500000
v -29.396000 39.653000 7.800000
v -30.457000 40.566000 0.000000
v -30.457000 40.566000 -1.300000
v -30.457000 40.566000 1.300000
v -30.457000 40.566000 2.600000
v -30.457000 40.566000 3.900000
v -30.457000 40.566000 5.200000
v -30.457000 40.566000 6.500000
v -30.457000 40.566000 7.800000
v -31.288000 41.692000 0.000000
v -31.288000 41.692000 -1.300000
v -31.288000 41.692000 1.300000
v -31.288000 41.692000 2.600000
v -31.288000 41.692000 3.900000
v -31.288000 41.692000 5.200000
v -31.288000 41.692000 6.500000
v -31.288000 41.692000 7.800000
v -31.847000 42.975000 0.000000
v -31.847000 42.975000 -1.300000
v -31.847000 42.975000 1.300000
v -31.847000 42.975000 2.600000
v -31.847000 42.975000 3.900000
v -31.847000 42.975000 5.200000
v -31.847000 42.975000 6.500000
v -31.847000 42.975000 7.800000
v -32.108000 44.350000 0.000000
v -32.108000 44.350000 -1.300000
v -32.108000 44.350000 1.300000
v -32.108000 44.350000 2.600000
v -32.108000 44.350000 3.900000
v -32.108000 44.350000 5.200000
v -32.108000 44.350000 6.500000
v -32.108000 44.350000 7.800000
v -32.055000 45.748000 0.000000
v -32.055000 45.748000 -1.300000
v -32.055000 45.748000 1.300000
v -32.055000 45.748000 2.600000
v -32.055000 45.748000 3.900000
v -32.055000 45.748000 5.200000
v -32.055000 45.748000 6.500000
v -32.055000 45.748000 7.800000
v -31.693000 47.100000 0.000000
v -31.693000 47.100000 -1.300000
v -31.693000 47.100000 1.300000
v -31.693000 47.100000 2.600000
v -31.693000 47.100000 3.900000
v -31.693000 47.100000 5.200000
v -31.693000 47.100000 6.500000
v -31.693000 47.100000 7.800000
v -31.039000 48.338000 0.000000
v -31.039000 48.338000 -1.300000
v -31.039000 48.338000 1.300000
v -31.039000 48.338000 2.600000
v -31.039000 48.338000 3.900000
v -31.039000 48.338000 5.200000
v -31.039000 48.338000 6.500000
v -31.039000 48.338000 7.800000
v -30.126000 49.398000 0.000000
v -30.126000 49.398000 -1.300000
v -30.126000 49.398000 1.300000
v -30.126000 49.398000 2.600000
v -30.126000 49.398000 3.900000
v -30.126000 49.398000 5.200000
v -30.126000 49.398000 6.500000
v -30.126000 49.398000 7.800000
v -29.063000 48.253000 15.000000
v -28.219000 48.876000 15.000000
v -26.938000 45.962000 15.000000
v -25.875000 44.817000 15.000000
v -26.656000 46.170000 15.000000
v -29.748000 47.457000 15.000000
v -28.457000 46.577000 15.000000
v -28.001000 47.108000 15.000000
v -27.166000 45.697000 15.000000
v -30.238000 46.529000 15.000000
v -28.784000 45.959000 15.000000
v -27.329000 45.388000 15.000000
v -30.510000 45.515000 15.000000
v -28.965000 45.283000 15.000000
v -27.420000 45.050000 15.000000
v -30.549000 44.467000 15.000000
v -28.991000 44.583000 15.000000
v -27.433000 44.700000 15.000000
v -30.354000 43.435000 15.000000
v -28.861000 43.896000 15.000000
v -27.368000 44.356000 15.000000
v -29.934000 42.473000 15.000000
v -28.581000 43.254000 15.000000
v -27.228000 44.036000 15.000000
v -29.311000 41.629000 15.000000
v -28.166000 42.691000 15.000000
v -27.020000 43.754000 15.000000
v -28.516000 40.944000 15.000000
v -27.635000 42.235000 15.000000
v -26.755000 43.526000 15.000000
v -27.588000 40.453000 15.000000
v -27.017000 41.908000 15.000000
v -26.446000 43.362000 15.000000
v -26.341000 41.727000 15.000000
v -26.574000 40.182000 15.000000
v -26.108000 43.272000 15.000000
v -25.525000 40.142000 15.000000
v -25.641000 41.701000 15.000000
v -25.758000 43.259000 15.000000
v -24.493000 40.338000 15.000000
v -24.954000 41.831000 15.000000
v -25.414000 43.324000 15.000000
v -23.531000 40.757000 15.000000
v -25.094000 43.464000 15.000000
v -27.257000 49.296000 15.000000
v -26.796000 47.803000 15.000000
v -27.438000 47.523000 15.000000
v -26.336000 46.310000 15.000000
v -26.225000 49.491000 15.000000
v -26.109000 47.933000 15.000000
v -25.992000 46.375000 15.000000
v -25.176000 49.452000 15.000000
v -25.409000 47.907000 15.000000
v -25.642000 46.362000 15.000000
v -24.162000 49.180000 15.000000
v -24.733000 47.726000 15.000000
v -25.304000 46.271000 15.000000
v -23.234000 48.690000 15.000000
v -24.115000 47.399000 15.000000
v -24.995000 46.108000 15.000000
v -22.439000 48.005000 15.000000
v -23.584000 46.942000 15.000000
v -24.730000 45.880000 15.000000
v -21.816000 47.161000 15.000000
v -23.169000 46.379000 15.000000
v -24.522000 45.598000 15.000000
v -21.396000 46.198000 15.000000
v -22.889000 45.738000 15.000000
v -24.382000 45.277000 15.000000
v -21.201000 45.167000 15.000000
v -22.759000 45.050000 15.000000
v -24.317000 44.934000 15.000000
v -21.240000 44.118000 15.000000
v -22.785000 44.351000 15.000000
v -24.330000 44.584000 15.000000
v -21.512000 43.104000 15.000000
v -22.966000 43.675000 15.000000
v -24.421000 44.246000 15.000000
v -22.002000 42.176000 15.000000
v -23.293000 43.056000 15.000000
v -24.584000 43.937000 15.000000
v -22.687000 41.381000 15.000000
v -23.749000 42.526000 15.000000
v -24.812000 43.671000 15.000000
v -24.312000 42.110000 15.000000
v 49.491000 6.171000 -20.000000
v 48.624000 6.250000 -20.000000
v 49.405000 6.250000 -20.000000
v 50.359000 6.093000 -20.000000
v 50.186000 6.250000 -20.000000
v 51.053500 6.171500 -20.000000
v 50.967000 6.250000 -20.000000
v 51.748000 6.250000 -20.000000
v 49.405000 6.250000 -13.000000
v 48.624000 6.250000 -13.000000
v 49.491000 6.171000 -13.000000
v 50.358000 6.093000 -13.000000
v -30.872000 41.128000 -13.000000
v -30.506000 40.337000 -13.000000
v -30.457000 40.566000 -13.000000
v -30.896500 41.013500 -13.000000
v -30.090000 39.775000 -13.000000
v -30.115500 39.661000 -13.000000
v -29.725000 38.985000 -13.000000
v -19.401000 45.946000 -13.000000
v -18.899000 45.235000 -13.000000
v -19.289500 45.911000 -13.000000
v -19.902000 46.657000 -13.000000
v -19.680000 46.587000 -13.000000
v -30.090000 39.775000 -20.000000
v -30.115500 39.661000 -20.000000
v -30.506000 40.337000 -20.000000
v -29.725000 38.985000 -20.000000
v -30.457000 40.566000 -20.000000
v -30.872500 41.129000 -20.000000
v -30.897000 41.014500 -20.000000
v -31.288000 41.692000 -20.000000
v -20.181500 47.298500 -20.000000
v -20.461000 47.940000 -20.000000
v -20.070500 47.263500 -20.000000
v -19.680000 46.587000 -20.000000
v -19.401000 45.946000 -20.000000
v -19.289500 45.911000 -20.000000
v -18.899000 45.235000 -20.000000
v -26.806000 38.637000 -20.000000
v -25.407000 38.584000 -20.000000
v -28.157000 38.998000 -20.000000
v -29.395000 39.652000 -20.000000
v -28.779000 37.966000 -20.000000
v -28.163000 36.279000 -20.000000
v -27.619000 37.951000 -13.000000
v -27.080000 36.904000 -13.000000
v -25.998000 37.529000 -13.000000
v -26.402000 38.083000 -13.000000
v -28.779000 37.966000 -13.000000
v -28.163000 36.279000 -13.000000
v 45.809000 2.606000 -20.000000
v 45.578000 1.320000 -20.000000
v 45.500000 1.250000 -20.000000
v 45.500000 2.500000 -20.000000
v 46.182000 3.823000 -20.000000
v 45.500000 3.750000 -20.000000
v 46.676000 4.943000 -20.000000
v 45.500000 5.000000 -20.000000
v 47.269000 5.940000 -20.000000
v 45.500000 6.250000 -20.000000
v 45.500000 2.500000 -13.000000
v 45.500000 1.250000 -13.000000
v 45.578000 1.320000 -13.000000
v 45.500000 3.750000 -13.000000
v 45.500000 5.000000 -13.000000
v 47.269000 5.940000 -13.000000
v 45.500000 6.250000 -13.000000
v -30.126000 49.398000 -2.600000
v -29.000000 50.229000 -2.600000
v -30.126000 49.398000 -3.900000
v -29.000000 50.229000 -3.900000
v -30.126000 49.398000 -5.200000
v -29.000000 50.229000 -5.200000
v -30.126000 49.398000 -6.500000
v -29.000000 50.229000 -6.500000
v -30.126000 49.398000 -7.800000
v -29.000000 50.229000 -7.800000
v -30.126000 49.398000 -9.100000
v -29.000000 50.229000 -9.100000
v -30.126000 49.398000 -10.400000
v -29.000000 50.229000 -10.400000
v -30.126000 49.398000 -11.700000
v -29.000000 50.229000 -11.700000
v -30.126000 49.398000 -13.000000
v -29.000000 50.229000 -13.000000
v -31.039000 48.338000 -2.600000
v -31.039000 48.338000 -3.900000
v -31.039000 48.338000 -5.200000
v -31.039000 48.338000 -6.500000
v -31.039000 48.338000 -7.800000
v -31.039000 48.338000 -9.100000
v -31.039000 48.338000 -10.400000
v -31.039000 48.338000 -11.700000
v -31.039000 48.338000 -13.000000
v -31.693000 47.100000 -2.600000
v -31.693000 47.100000 -3.900000
v -31.693000 47.100000 -5.200000
v -31.693000 47.100000 -6.500000
v -31.693000 47.100000 -7.800000
v -31.693000 47.100000 -9.100000
v -31.693000 47.100000 -10.400000
v -31.693000 47.100000 -11.700000
v -31.693000 47.100000 -13.000000
v -32.055000 45.748000 -2.600000
v -32.055000 45.748000 -3.900000
v -32.055000 45.748000 -5.200000
v -32.055000 45.748000 -6.500000
v -32.055000 45.748000 -7.800000
v -32.055000 45.748000 -9.100000
v -32.055000 45.748000 -10.400000
v -32.055000 45.748000 -11.700000
v -32.055000 45.748000 -13.000000
v -32.108000 44.350000 -2.600000
v -32.108000 44.350000 -3.900000
v -32.108000 44.350000 -5.200000
v -32.108000 44.350000 -6.500000
v -32.108000 44.350000 -7.800000
v -32.108000 44.350000 -9.100000
v -32.108000 44.350000 -10.400000
v -32.108000 44.350000 -11.700000
v -32.108000 44.350000 -13.000000
v -31.847000 42.975000 -2.600000
v -31.847000 42.975000 -3.900000
v -31.847000 42.975000 -5.200000
v -31.847000 42.975000 -6.500000
v -31.847000 42.975000 -7.800000
v -31.847000 42.975000 -9.100000
v -31.847000 42.975000 -10.400000
v -31.847000 42.975000 -11.700000
v -31.288000 41.692000 -2.600000
v -31.288000 41.692000 -3.900000
v -31.288000 41.692000 -5.200000
v -31.288000 41.692000 -6.500000
v -31.288000 41.692000 -7.800000
v -31.288000 41.692000 -9.100000
v -31.288000 41.692000 -10.400000
v -31.288000 41.692000 -11.700000
v -30.457000 40.566000 -2.600000
v -30.457000 40.566000 -3.900000
v -30.457000 40.566000 -5.200000
v -30.457000 40.566000 -6.500000
v -30.457000 40.566000 -7.800000
v -30.457000 40.566000 -9.100000
v -30.457000 40.566000 -10.400000
v -30.457000 40.566000 -11.700000
v -29.396000 39.653000 -2.600000
v -29.396000 39.653000 -3.900000
v -29.396000 39.653000 -5.200000
v -29.396000 39.653000 -6.500000
v -29.396000 39.653000 -7.800000
v -29.396000 39.653000 -9.100000
v -29.396000 39.653000 -10.400000
v -29.396000 39.653000 -11.700000
v -29.396000 39.653000 -13.000000
v -28.158000 38.999000 -2.600000
v -28.158000 38.999000 -3.900000
v -28.158000 38.999000 -5.200000
v -28.158000 38.999000 -6.500000
v -28.158000 38.999000 -7.800000
v -28.158000 38.999000 -9.100000
v -28.158000 38.999000 -10.400000
v -28.158000 38.999000 -11.700000
v -28.158000 38.999000 -13.000000
v -26.807000 38.637000 -2.600000
v -26.807000 38.637000 -3.900000
v -26.807000 38.637000 -5.200000
v -26.807000 38.637000 -6.500000
v -26.807000 38.637000 -7.800000
v -26.807000 38.637000 -9.100000
v -26.807000 38.637000 -10.400000
v -26.807000 38.637000 -11.700000
v -26.807000 38.637000 -13.000000
v -25.408000 38.584000 -2.600000
v -25.408000 38.584000 -3.900000
v -25.408000 38.584000 -5.200000
v -25.408000 38.584000 -6.500000
v -25.408000 38.584000 -7.800000
v -25.408000 38.584000 -9.100000
v -25.408000 38.584000 -10.400000
v -25.408000 38.584000 -11.700000
v -25.408000 38.584000 -13.000000
v -24.033000 38.844000 -2.600000
v -24.033000 38.844000 -3.900000
v -24.033000 38.844000 -5.200000
v -24.033000 38.844000 -6.500000
v -24.033000 38.844000 -7.800000
v -24.033000 38.844000 -9.100000
v -24.033000 38.844000 -10.400000
v -24.033000 38.844000 -11.700000
v -24.033000 38.844000 -13.000000
v -22.750000 39.404000 -2.600000
v -22.750000 39.404000 -3.900000
v -22.750000 39.404000 -5.200000
v -22.750000 39.404000 -6.500000
v -22.750000 39.404000 -7.800000
v -22.750000 39.404000 -9.100000
v -22.750000 39.404000 -10.400000
v -22.750000 39.404000 -11.700000
v -22.750000 39.404000 -13.000000
v -27.717000 50.789000 -2.600000
v -27.717000 50.789000 -3.900000
v -27.717000 50.789000 -5.200000
v -27.717000 50.789000 -6.500000
v -27.717000 50.789000 -7.800000
v -27.717000 50.789000 -9.100000
v -27.717000 50.789000 -10.400000
v -27.717000 50.789000 -11.700000
v -27.717000 50.789000 -13.000000
v -26.342000 51.049000 -2.600000
v -26.342000 51.049000 -3.900000
v -26.342000 51.049000 -5.200000
v -26.342000 51.049000 -6.500000
v -26.342000 51.049000 -7.800000
v -26.342000 51.049000 -9.100000
v -26.342000 51.049000 -10.400000
v -26.342000 51.049000 -11.700000
v -26.342000 51.049000 -13.000000
v -24.943000 50.997000 -2.600000
v -24.943000 50.997000 -3.900000
v -24.943000 50.997000 -5.200000
v -24.943000 50.997000 -6.500000
v -24.943000 50.997000 -7.800000
v -24.943000 50.997000 -9.100000
v -24.943000 50.997000 -10.400000
v -24.943000 50.997000 -11.700000
v -24.943000 50.997000 -13.000000
v -23.592000 50.635000 -2.600000
v -23.592000 50.635000 -3.900000
v -23.592000 50.635000 -5.200000
v -23.592000 50.635000 -6.500000
v -23.592000 50.635000 -7.800000
v -23.592000 50.635000 -9.100000
v -23.592000 50.635000 -10.400000
v -23.592000 50.635000 -11.700000
v -22.354000 49.981000 -2.600000
v -22.354000 49.981000 -3.900000
v -22.354000 49.981000 -5.200000
v -22.354000 49.981000 -6.500000
v -22.354000 49.981000 -7.800000
v -22.354000 49.981000 -9.100000
v -22.354000 49.981000 -10.400000
v -22.354000 49.981000 -11.700000
v -21.293000 49.068000 -2.600000
v -21.293000 49.068000 -3.900000
v -21.293000 49.068000 -5.200000
v -21.293000 49.068000 -6.500000
v -21.293000 49.068000 -7.800000
v -21.293000 49.068000 -9.100000
v -21.293000 49.068000 -10.400000
v -21.293000 49.068000 -11.700000
v -20.462000 47.942000 -2.600000
v -20.462000 47.942000 -3.900000
v -20.462000 47.942000 -5.200000
v -20.462000 47.942000 -6.500000
v -20.462000 47.942000 -7.800000
v -20.462000 47.942000 -9.100000
v -20.462000 47.942000 -10.400000
v -20.462000 47.942000 -11.700000
v -19.903000 46.659000 -2.600000
v -19.903000 46.659000 -3.900000
v -19.903000 46.659000 -5.200000
v -19.903000 46.659000 -6.500000
v -19.903000 46.659000 -7.800000
v -19.903000 46.659000 -9.100000
v -19.903000 46.659000 -10.400000
v -19.903000 46.659000 -11.700000
v -19.642000 45.284000 -2.600000
v -19.642000 45.284000 -3.900000
v -19.642000 45.284000 -5.200000
v -19.642000 45.284000 -6.500000
v -19.642000 45.284000 -7.800000
v -19.642000 45.284000 -9.100000
v -19.642000 45.284000 -10.400000
v -19.642000 45.284000 -11.700000
v -19.695000 43.885000 -2.600000
v -19.695000 43.885000 -3.900000
v -19.695000 43.885000 -5.200000
v -19.695000 43.885000 -6.500000
v -19.695000 43.885000 -7.800000
v -19.695000 43.885000 -9.100000
v -19.695000 43.885000 -10.400000
v -19.695000 43.885000 -11.700000
v -19.695000 43.885000 -13.000000
v -19.642000 45.284000 -13.000000
v -20.057000 42.533000 -2.600000
v -20.057000 42.533000 -3.900000
v -20.057000 42.533000 -5.200000
v -20.057000 42.533000 -6.500000
v -20.057000 42.533000 -7.800000
v -20.057000 42.533000 -9.100000
v -20.057000 42.533000 -10.400000
v -20.057000 42.533000 -11.700000
v -20.057000 42.533000 -13.000000
v -20.711000 41.296000 -2.600000
v -20.711000 41.296000 -3.900000
v -20.711000 41.296000 -5.200000
v -20.711000 41.296000 -6.500000
v -20.711000 41.296000 -7.800000
v -20.711000 41.296000 -9.100000
v -20.711000 41.296000 -10.400000
v -20.711000 41.296000 -11.700000
v -20.711000 41.296000 -13.000000
v -21.624000 40.235000 -2.600000
v -21.624000 40.235000 -3.900000
v -21.624000 40.235000 -5.200000
v -21.624000 40.235000 -6.500000
v -21.624000 40.235000 -7.800000
v -21.624000 40.235000 -9.100000
v -21.624000 40.235000 -10.400000
v -21.624000 40.235000 -11.700000
v -21.624000 40.235000 -13.000000
v 57.843000 1.391000 -2.600000
v 57.843000 1.391000 -1.300000
v 58.000000 0.000000 -1.300000
v 58.000000 0.000000 -2.600000
v 57.843000 1.391000 -3.900000
v 58.000000 0.000000 -3.900000
v 57.843000 1.391000 -5.200000
v 58.000000 0.000000 -5.200000
v 57.843000 1.391000 -6.500000
v 58.000000 0.000000 -6.500000
v 57.843000 1.391000 -7.800000
v 58.000000 0.000000 -7.800000
v 57.843000 1.391000 -9.100000
v 58.000000 0.000000 -9.100000
v 57.843000 1.391000 -10.400000
v 58.000000 0.000000 -10.400000
v 57.843000 1.391000 -11.700000
v 58.000000 0.000000 -11.700000
v 57.843000 1.391000 -13.000000
v 58.000000 0.000000 -13.000000
v 57.381000 2.712000 -2.600000
v 57.381000 2.712000 -1.300000
v 57.381000 2.712000 -3.900000
v 57.381000 2.712000 -5.200000
v 57.381000 2.712000 -6.500000
v 57.381000 2.712000 -7.800000
v 57.381000 2.712000 -9.100000
v 57.381000 2.712000 -10.400000
v 57.381000 2.712000 -11.700000
v 57.381000 2.712000 -13.000000
v 56.636000 3.897000 -2.600000
v 56.636000 3.897000 -1.300000
v 56.636000 3.897000 -3.900000
v 56.636000 3.897000 -5.200000
v 56.636000 3.897000 -6.500000
v 56.636000 3.897000 -7.800000
v 56.636000 3.897000 -9.100000
v 56.636000 3.897000 -10.400000
v 55.647000 4.886000 -2.600000
v 55.647000 4.886000 -1.300000
v 55.647000 4.886000 -3.900000
v 55.647000 4.886000 -5.200000
v 55.647000 4.886000 -6.500000
v 55.647000 4.886000 -7.800000
v 55.647000 4.886000 -9.100000
v 55.647000 4.886000 -10.400000
v 54.462000 5.631000 -2.600000
v 54.462000 5.631000 -1.300000
v 54.462000 5.631000 -3.900000
v 54.462000 5.631000 -5.200000
v 54.462000 5.631000 -6.500000
v 54.462000 5.631000 -7.800000
v 54.462000 5.631000 -9.100000
v 54.462000 5.631000 -10.400000
v 53.141000 6.093000 -2.600000
v 53.141000 6.093000 -1.300000
v 53.141000 6.093000 -3.900000
v 53.141000 6.093000 -5.200000
v 53.141000 6.093000 -6.500000
v 53.141000 6.093000 -7.800000
v 53.141000 6.093000 -9.100000
v 53.141000 6.093000 -10.400000
v 51.750000 6.250000 -2.600000
v 51.750000 6.250000 -1.300000
v 51.750000 6.250000 -3.900000
v 51.750000 6.250000 -5.200000
v 51.750000 6.250000 -6.500000
v 51.750000 6.250000 -7.800000
v 51.750000 6.250000 -9.100000
v 51.750000 6.250000 -10.400000
v 50.359000 6.093000 -2.600000
v 50.359000 6.093000 -1.300000
v 50.359000 6.093000 -3.900000
v 50.359000 6.093000 -5.200000
v 50.359000 6.093000 -6.500000
v 50.359000 6.093000 -7.800000
v 50.359000 6.093000 -11.700000
v 49.038000 5.631000 -2.600000
v 49.038000 5.631000 -1.300000
v 49.038000 5.631000 -3.900000
v 49.038000 5.631000 -5.200000
v 49.038000 5.631000 -6.500000
v 49.038000 5.631000 -7.800000
v 49.038000 5.631000 -11.700000
v 47.853000 4.886000 -2.600000
v 47.853000 4.886000 -1.300000
v 47.853000 4.886000 -3.900000
v 47.853000 4.886000 -5.200000
v 47.853000 4.886000 -6.500000
v 47.853000 4.886000 -7.800000
v 47.853000 4.886000 -9.100000
v 47.853000 4.886000 -10.400000
v 47.853000 4.886000 -11.700000
v 46.864000 3.897000 -2.600000
v 46.864000 3.897000 -1.300000
v 46.864000 3.897000 -3.900000
v 46.864000 3.897000 -5.200000
v 46.864000 3.897000 -6.500000
v 46.864000 3.897000 -7.800000
v 46.864000 3.897000 -9.100000
v 46.864000 3.897000 -10.400000
v 46.864000 3.897000 -11.700000
v 46.119000 2.712000 -2.600000
v 46.119000 2.712000 -1.300000
v 46.119000 2.712000 -3.900000
v 46.119000 2.712000 -5.200000
v 46.119000 2.712000 -6.500000
v 46.119000 2.712000 -7.800000
v 46.119000 2.712000 -9.100000
v 46.119000 2.712000 -10.400000
v 46.119000 2.712000 -11.700000
v 45.657000 1.391000 -2.600000
v 45.657000 1.391000 -1.300000
v 45.657000 1.391000 -3.900000
v 45.657000 1.391000 -5.200000
v 45.657000 1.391000 -6.500000
v 45.657000 1.391000 -7.800000
v 45.657000 1.391000 -9.100000
v 45.657000 1.391000 -10.400000
v 45.657000 1.391000 -11.700000
v 45.657000 1.391000 -13.000000
v 45.500000 0.000000 -2.600000
v 45.500000 0.000000 -1.300000
v 45.500000 0.000000 -3.900000
v 45.500000 0.000000 -5.200000
v 45.500000 0.000000 -6.500000
v 45.500000 0.000000 -7.800000
v 45.500000 0.000000 -9.100000
v 45.500000 0.000000 -10.400000
v 45.500000 0.000000 -11.700000
v 45.500000 0.000000 -13.000000
v -8.631000 4.532000 -20.000000
v -7.821000 3.129000 -20.000000
v -8.723000 2.608000 -20.000000
v -9.533000 4.011000 -20.000000
v -9.441000 5.935000 -20.000000
v -10.343000 5.414000 -20.000000
v -10.251000 7.338000 -20.000000
v -11.153000 6.817000 -20.000000
v -11.061000 8.741000 -20.000000
v -11.963000 8.220000 -20.000000
v -11.871000 10.144000 -20.000000
v -12.773000 9.623000 -20.000000
v -12.681000 11.547000 -20.000000
v -13.583000 11.026000 -20.000000
v -13.491000 12.950000 -20.000000
v -14.393000 12.429000 -20.000000
v -14.301000 14.353000 -20.000000
v -15.203000 13.832000 -20.000000
v -15.111000 15.756000 -20.000000
v -16.013000 15.235000 -20.000000
v -15.921000 17.159000 -20.000000
v -16.823000 16.638000 -20.000000
v -16.731000 18.561000 -20.000000
v -17.633000 18.041000 -20.000000
v -17.541000 19.964000 -20.000000
v -18.443000 19.444000 -20.000000
v -18.351000 21.367000 -20.000000
v -19.253000 20.847000 -20.000000
v -19.161000 22.770000 -20.000000
v -20.063000 22.250000 -20.000000
v -19.971000 24.173000 -20.000000
v -20.873000 23.653000 -20.000000
v -20.781000 25.576000 -20.000000
v -21.683000 25.055000 -20.000000
v -21.591000 26.979000 -20.000000
v -22.493000 26.458000 -20.000000
v -22.401000 28.382000 -20.000000
v -23.303000 27.861000 -20.000000
v -23.211000 29.785000 -20.000000
v -24.113000 29.264000 -20.000000
v -24.021000 31.188000 -20.000000
v -24.923000 30.667000 -20.000000
v -24.831000 32.591000 -20.000000
v -25.733000 32.070000 -20.000000
v -25.641000 33.994000 -20.000000
v -26.543000 33.473000 -20.000000
v -26.451000 35.397000 -20.000000
v -27.353000 34.876000 -20.000000
v -7.728000 5.053000 -20.000000
v -6.918000 3.650000 -20.000000
v -8.538000 6.456000 -20.000000
v -9.348000 7.859000 -20.000000
v -10.158000 9.262000 -20.000000
v -10.968000 10.665000 -20.000000
v -11.778000 12.068000 -20.000000
v -12.588000 13.470000 -20.000000
v -13.398000 14.873000 -20.000000
v -14.208000 16.276000 -20.000000
v -15.018000 17.679000 -20.000000
v -15.828000 19.082000 -20.000000
v -16.638000 20.485000 -20.000000
v -17.448000 21.888000 -20.000000
v -18.258000 23.291000 -20.000000
v -19.068000 24.694000 -20.000000
v -19.878000 26.097000 -20.000000
v -20.688000 27.500000 -20.000000
v -21.498000 28.903000 -20.000000
v -22.308000 30.306000 -20.000000
v -23.118000 31.709000 -20.000000
v -23.928000 33.112000 -20.000000
v -24.738000 34.515000 -20.000000
v -25.548000 35.918000 -20.000000
v -6.826000 5.574000 -20.000000
v -6.016000 4.171000 -20.000000
v -7.636000 6.977000 -20.000000
v -8.446000 8.379000 -20.000000
v -9.256000 9.782000 -20.000000
v -10.066000 11.185000 -20.000000
v -10.876000 12.588000 -20.000000
v -11.686000 13.991000 -20.000000
v -12.496000 15.394000 -20.000000
v -13.306000 16.797000 -20.000000
v -14.116000 18.200000 -20.000000
v -14.926000 19.603000 -20.000000
v -15.736000 21.006000 -20.000000
v -16.546000 22.409000 -20.000000
v -17.356000 23.812000 -20.000000
v -18.166000 25.215000 -20.000000
v -18.976000 26.618000 -20.000000
v -19.786000 28.021000 -20.000000
v -20.596000 29.424000 -20.000000
v -21.406000 30.827000 -20.000000
v -22.216000 32.230000 -20.000000
v -23.026000 33.633000 -20.000000
v -23.836000 35.036000 -20.000000
v -24.646000 36.439000 -20.000000
v -5.924000 6.094000 -20.000000
v -5.114000 4.691000 -20.000000
v -6.734000 7.497000 -20.000000
v -7.544000 8.900000 -20.000000
v -8.354000 10.303000 -20.000000
v -9.164000 11.706000 -20.000000
v -9.974000 13.109000 -20.000000
v -10.784000 14.512000 -20.000000
v -11.594000 15.915000 -20.000000
v -12.404000 17.318000 -20.000000
v -13.214000 18.721000 -20.000000
v -14.024000 20.124000 -20.000000
v -14.834000 21.527000 -20.000000
v -15.644000 22.930000 -20.000000
v -16.454000 24.333000 -20.000000
v -17.264000 25.736000 -20.000000
v -18.074000 27.139000 -20.000000
v -18.884000 28.542000 -20.000000
v -19.694000 29.945000 -20.000000
v -20.504000 31.348000 -20.000000
v -21.314000 32.751000 -20.000000
v -22.124000 34.154000 -20.000000
v -22.934000 35.557000 -20.000000
v -23.744000 36.960000 -20.000000
v -5.022000 6.615000 -20.000000
v -4.212000 5.212000 -20.000000
v -5.832000 8.018000 -20.000000
v -6.642000 9.421000 -20.000000
v -7.452000 10.824000 -20.000000
v -8.262000 12.227000 -20.000000
v -9.072000 13.630000 -20.000000
v -9.882000 15.033000 -20.000000
v -10.692000 16.436000 -20.000000
v -11.502000 17.839000 -20.000000
v -12.312000 19.242000 -20.000000
v -13.122000 20.645000 -20.000000
v -13.932000 22.048000 -20.000000
v -14.742000 23.451000 -20.000000
v -15.552000 24.854000 -20.000000
v -16.362000 26.257000 -20.000000
v -17.172000 27.660000 -20.000000
v -17.982000 29.063000 -20.000000
v -18.792000 30.466000 -20.000000
v -19.602000 31.869000 -20.000000
v -20.412000 33.271000 -20.000000
v -21.222000 34.674000 -20.000000
v -22.032000 36.077000 -20.000000
v -22.842000 37.480000 -20.000000
v -4.120000 7.136000 -20.000000
v -3.310000 5.733000 -20.000000
v -4.930000 8.539000 -20.000000
v -5.740000 9.942000 -20.000000
v -6.550000 11.345000 -20.000000
v -7.360000 12.748000 -20.000000
v -8.170000 14.151000 -20.000000
v -8.980000 15.554000 -20.000000
v -9.790000 16.957000 -20.000000
v -10.600000 18.360000 -20.000000
v -11.410000 19.763000 -20.000000
v -12.220000 21.166000 -20.000000
v -13.030000 22.569000 -20.000000
v -13.840000 23.972000 -20.000000
v -14.650000 25.375000 -20.000000
v -15.460000 26.778000 -20.000000
v -16.270000 28.180000 -20.000000
v -17.080000 29.583000 -20.000000
v -17.890000 30.986000 -20.000000
v -18.700000 32.389000 -20.000000
v -19.510000 33.792000 -20.000000
v -20.320000 35.195000 -20.000000
v -21.130000 36.598000 -20.000000
v -21.940000 38.001000 -20.000000
v -8.723000 2.608000 -18.833000
v -7.913000 1.205000 -20.000000
v -7.913000 1.205000 -18.833000
v -9.533000 4.011000 -18.833000
v -10.343000 5.414000 -18.833000
v -11.153000 6.817000 -18.833000
v -11.963000 8.220000 -18.833000
v -12.773000 9.623000 -18.833000
v -13.583000 11.026000 -18.833000
v -14.393000 12.429000 -18.833000
v -15.203000 13.832000 -18.833000
v -16.013000 15.235000 -18.833000
v -16.823000 16.638000 -18.833000
v -17.633000 18.041000 -18.833000
v -18.443000 19.444000 -18.833000
v -19.253000 20.847000 -18.833000
v -20.063000 22.250000 -18.833000
v -20.873000 23.653000 -18.833000
v -21.683000 25.055000 -18.833000
v -22.493000 26.458000 -18.833000
v -23.303000 27.861000 -18.833000
v -24.113000 29.264000 -18.833000
v -24.923000 30.667000 -18.833000
v -25.733000 32.070000 -18.833000
v -26.543000 33.473000 -18.833000
v -27.353000 34.876000 -18.833000
v -28.163000 36.279000 -18.833000
v -8.723000 2.608000 -17.667000
v -7.913000 1.205000 -17.667000
v -9.533000 4.011000 -17.667000
v -10.343000 5.414000 -17.667000
v -11.153000 6.817000 -17.667000
v -11.963000 8.220000 -17.667000
v -12.773000 9.623000 -17.667000
v -13.583000 11.026000 -17.667000
v -14.393000 12.429000 -17.667000
v -15.203000 13.832000 -17.667000
v -16.013000 15.235000 -17.667000
v -16.823000 16.638000 -17.667000
v -17.633000 18.041000 -17.667000
v -18.443000 19.444000 -17.667000
v -19.253000 20.847000 -17.667000
v -20.063000 22.250000 -17.667000
v -20.873000 23.653000 -17.667000
v -21.683000 25.055000 -17.667000
v -22.493000 26.458000 -17.667000
v -23.303000 27.861000 -17.667000
v -24.113000 29.264000 -17.667000
v -24.923000 30.667000 -17.667000
v -25.733000 32.070000 -17.667000
v -26.543000 33.473000 -17.667000
v -27.353000 34.876000 -17.667000
v -28.163000 36.279000 -17.667000
v -8.723000 2.608000 -16.500000
v -7.913000 1.205000 -16.500000
v -9.533000 4.011000 -16.500000
v -10.343000 5.414000 -16.500000
v -11.153000 6.817000 -16.500000
v -11.963000 8.220000 -16.500000
v -12.773000 9.623000 -16.500000
v -13.583000 11.026000 -16.500000
v -14.393000 12.429000 -16.500000
v -15.203000 13.832000 -16.500000
v -16.013000 15.235000 -16.500000
v -16.823000 16.638000 -16.500000
v -17.633000 18.041000 -16.500000
v -18.443000 19.444000 -16.500000
v -19.253000 20.847000 -16.500000
v -20.063000 22.250000 -16.500000
v -20.873000 23.653000 -16.500000
v -21.683000 25.055000 -16.500000
v -22.493000 26.458000 -16.500000
v -23.303000 27.861000 -16.500000
v -24.113000 29.264000 -16.500000
v -24.923000 30.667000 -16.500000
v -25.733000 32.070000 -16.500000
v -26.543000 33.473000 -16.500000
v -27.353000 34.876000 -16.500000
v -28.163000 36.279000 -16.500000
v -8.723000 2.608000 -15.333000
v -7.913000 1.205000 -15.333000
v -9.533000 4.011000 -15.333000
v -10.343000 5.414000 -15.333000
v -11.153000 6.817000 -15.333000
v -11.963000 8.220000 -15.333000
v -12.773000 9.623000 -15.333000
v -13.583000 11.026000 -15.333000
v -14.393000 12.429000 -15.333000
v -15.203000 13.832000 -15.333000
v -16.013000 15.235000 -15.333000
v -16.823000 16.638000 -15.333000
v -17.633000 18.041000 -15.333000
v -18.443000 19.444000 -15.333000
v -19.253000 20.847000 -15.333000
v -20.063000 22.250000 -15.333000
v -20.873000 23.653000 -15.333000
v -21.683000 25.055000 -15.333000
v -22.493000 26.458000 -15.333000
v -23.303000 27.861000 -15.333000
v -24.113000 29.264000 -15.333000
v -24.923000 30.667000 -15.333000
v -25.733000 32.070000 -15.333000
v -26.543000 33.473000 -15.333000
v -27.353000 34.876000 -15.333000
v -28.163000 36.279000 -15.333000
v -8.723000 2.608000 -14.167000
v -7.913000 1.205000 -14.167000
v -9.533000 4.011000 -14.167000
v -10.343000 5.414000 -14.167000
v -11.153000 6.817000 -14.167000
v -11.963000 8.220000 -14.167000
v -12.773000 9.623000 -14.167000
v -13.583000 11.026000 -14.167000
v -14.393000 12.429000 -14.167000
v -15.203000 13.832000 -14.167000
v -16.013000 15.235000 -14.167000
v -16.823000 16.638000 -14.167000
v -17.633000 18.041000 -14.167000
v -18.443000 19.444000 -14.167000
v -19.253000 20.847000 -14.167000
v -20.063000 22.250000 -14.167000
v -20.873000 23.653000 -14.167000
v -21.683000 25.055000 -14.167000
v -22.493000 26.458000 -14.167000
v -23.303000 27.861000 -14.167000
v -24.113000 29.264000 -14.167000
v -24.923000 30.667000 -14.167000
v -25.733000 32.070000 -14.167000
v -26.543000 33.473000 -14.167000
v -27.353000 34.876000 -14.167000
v -28.163000 36.279000 -14.167000
v -8.723000 2.608000 -13.000000
v -7.913000 1.205000 -13.000000
v -9.533000 4.011000 -13.000000
v -10.343000 5.414000 -13.000000
v -11.153000 6.817000 -13.000000
v -11.963000 8.220000 -13.000000
v -12.773000 9.623000 -13.000000
v -13.583000 11.026000 -13.000000
v -14.393000 12.429000 -13.000000
v -15.203000 13.832000 -13.000000
v -16.013000 15.235000 -13.000000
v -16.823000 16.638000 -13.000000
v -17.633000 18.041000 -13.000000
v -18.443000 19.444000 -13.000000
v -19.253000 20.847000 -13.000000
v -20.063000 22.250000 -13.000000
v -20.873000 23.653000 -13.000000
v -21.683000 25.055000 -13.000000
v -22.493000 26.458000 -13.000000
v -23.303000 27.861000 -13.000000
v -24.113000 29.264000 -13.000000
v -24.923000 30.667000 -13.000000
v -25.733000 32.070000 -13.000000
v -26.543000 33.473000 -13.000000
v -27.353000 34.876000 -13.000000
v -28.944000 37.632000 -18.833000
v -28.944000 37.632000 -20.000000
v -29.725000 38.985000 -18.833000
v -30.506000 40.337000 -18.833000
v -28.944000 37.632000 -17.667000
v -29.725000 38.985000 -17.667000
v -30.506000 40.337000 -17.667000
v -31.287000 41.690000 -17.667000
v -31.287000 41.690000 -18.833000
v -28.944000 37.632000 -16.500000
v -29.725000 38.985000 -16.500000
v -30.506000 40.337000 -16.500000
v -31.287000 41.690000 -16.500000
v -28.944000 37.632000 -15.333000
v -29.725000 38.985000 -15.333000
v -30.506000 40.337000 -15.333000
v -31.287000 41.690000 -15.333000
v -28.944000 37.632000 -14.167000
v -29.725000 38.985000 -14.167000
v -30.506000 40.337000 -14.167000
v -31.287000 41.690000 -14.167000
v -28.944000 37.632000 -13.000000
v -31.287000 41.690000 -13.000000
v -7.565000 0.603000 -18.833000
v -7.565000 0.603000 -20.000000
v -7.217000 -0.000000 -20.000000
v -7.217000 -0.000000 -18.833000
v -7.565000 0.603000 -17.667000
v -7.217000 -0.000000 -17.667000
v -7.565000 0.603000 -16.500000
v -7.217000 -0.000000 -16.500000
v -7.565000 0.603000 -15.333000
v -7.217000 -0.000000 -15.333000
v -7.565000 0.603000 -14.167000
v -7.217000 -0.000000 -14.167000
v -8.631000 4.532000 -13.000000
v -7.821000 3.129000 -13.000000
v -9.441000 5.935000 -13.000000
v -10.251000 7.338000 -13.000000
v -11.061000 8.741000 -13.000000
v -11.871000 10.144000 -13.000000
v -12.681000 11.547000 -13.000000
v -13.491000 12.950000 -13.000000
v -14.301000 14.353000 -13.000000
v -15.111000 15.756000 -13.000000
v -15.921000 17.159000 -13.000000
v -16.731000 18.561000 -13.000000
v -17.541000 19.964000 -13.000000
v -18.351000 21.367000 -13.000000
v -19.161000 22.770000 -13.000000
v -19.971000 24.173000 -13.000000
v -20.781000 25.576000 -13.000000
v -21.591000 26.979000 -13.000000
v -22.401000 28.382000 -13.000000
v -23.211000 29.785000 -13.000000
v -24.021000 31.188000 -13.000000
v -24.831000 32.591000 -13.000000
v -25.641000 33.994000 -13.000000
v -26.451000 35.397000 -13.000000
v -7.728000 5.053000 -13.000000
v -6.918000 3.650000 -13.000000
v -8.538000 6.456000 -13.000000
v -9.348000 7.859000 -13.000000
v -10.158000 9.262000 -13.000000
v -10.968000 10.665000 -13.000000
v -11.778000 12.068000 -13.000000
v -12.588000 13.470000 -13.000000
v -13.398000 14.873000 -13.000000
v -14.208000 16.276000 -13.000000
v -15.018000 17.679000 -13.000000
v -15.828000 19.082000 -13.000000
v -16.638000 20.485000 -13.000000
v -17.448000 21.888000 -13.000000
v -18.258000 23.291000 -13.000000
v -19.068000 24.694000 -13.000000
v -19.878000 26.097000 -13.000000
v -20.688000 27.500000 -13.000000
v -21.498000 28.903000 -13.000000
v -22.308000 30.306000 -13.000000
v -23.118000 31.709000 -13.000000
v -23.928000 33.112000 -13.000000
v -24.738000 34.515000 -13.000000
v -25.548000 35.918000 -13.000000
v -6.826000 5.574000 -13.000000
v -6.016000 4.171000 -13.000000
v -7.636000 6.977000 -13.000000
v -8.446000 8.379000 -13.000000
v -9.256000 9.782000 -13.000000
v -10.066000 11.185000 -13.000000
v -10.876000 12.588000 -13.000000
v -11.686000 13.991000 -13.000000
v -12.496000 15.394000 -13.000000
v -13.306000 16.797000 -13.000000
v -14.116000 18.200000 -13.000000
v -14.926000 19.603000 -13.000000
v -15.736000 21.006000 -13.000000
v -16.546000 22.409000 -13.000000
v -17.356000 23.812000 -13.000000
v -18.166000 25.215000 -13.000000
v -18.976000 26.618000 -13.000000
v -19.786000 28.021000 -13.000000
v -20.596000 29.424000 -13.000000
v -21.406000 30.827000 -13.000000
v -22.216000 32.230000 -13.000000
v -23.026000 33.633000 -13.000000
v -23.836000 35.036000 -13.000000
v -24.646000 36.439000 -13.000000
v -25.456000 37.842000 -13.000000
v -26.358000 37.321000 -13.000000
v -5.924000 6.094000 -13.000000
v -5.114000 4.691000 -13.000000
v -6.734000 7.497000 -13.000000
v -7.544000 8.900000 -13.000000
v -8.354000 10.303000 -13.000000
v -9.164000 11.706000 -13.000000
v -9.974000 13.109000 -13.000000
v -10.784000 14.512000 -13.000000
v -11.594000 15.915000 -13.000000
v -12.404000 17.318000 -13.000000
v -13.214000 18.721000 -13.000000
v -14.024000 20.124000 -13.000000
v -14.834000 21.527000 -13.000000
v -15.644000 22.930000 -13.000000
v -16.454000 24.333000 -13.000000
v -17.264000 25.736000 -13.000000
v -18.074000 27.139000 -13.000000
v -18.884000 28.542000 -13.000000
v -19.694000 29.945000 -13.000000
v -20.504000 31.348000 -13.000000
v -21.314000 32.751000 -13.000000
v -22.124000 34.154000 -13.000000
v -22.934000 35.557000 -13.000000
v -23.744000 36.960000 -13.000000
v -5.022000 6.615000 -13.000000
v -4.212000 5.212000 -13.000000
v -5.832000 8.018000 -13.000000
v -6.642000 9.421000 -13.000000
v -7.452000 10.824000 -13.000000
v -8.262000 12.227000 -13.000000
v -9.072000 13.630000 -13.000000
v -9.882000 15.033000 -13.000000
v -10.692000 16.436000 -13.000000
v -11.502000 17.839000 -13.000000
v -12.312000 19.242000 -13.000000
v -13.122000 20.645000 -13.000000
v -13.932000 22.048000 -13.000000
v -14.742000 23.451000 -13.000000
v -15.552000 24.854000 -13.000000
v -16.362000 26.257000 -13.000000
v -17.172000 27.660000 -13.000000
v -17.982000 29.063000 -13.000000
v -18.792000 30.466000 -13.000000
v -19.602000 31.869000 -13.000000
v -20.412000 33.271000 -13.000000
v -21.222000 34.674000 -13.000000
v -22.032000 36.077000 -13.000000
v -22.842000 37.480000 -13.000000
v -4.120000 7.136000 -13.000000
v -3.310000 5.733000 -13.000000
v -4.930000 8.539000 -13.000000
v -5.740000 9.942000 -13.000000
v -6.550000 11.345000 -13.000000
v -7.360000 12.748000 -13.000000
v -8.170000 14.151000 -13.000000
v -8.980000 15.554000 -13.000000
v -9.790000 16.957000 -13.000000
v -10.600000 18.360000 -13.000000
v -11.410000 19.763000 -13.000000
v -12.220000 21.166000 -13.000000
v -13.030000 22.569000 -13.000000
v -13.840000 23.972000 -13.000000
v -14.650000 25.375000 -13.000000
v -15.460000 26.778000 -13.000000
v -16.270000 28.180000 -13.000000
v -17.080000 29.583000 -13.000000
v -17.890000 30.986000 -13.000000
v -18.700000 32.389000 -13.000000
v -19.510000 33.792000 -13.000000
v -20.320000 35.195000 -13.000000
v -21.130000 36.598000 -13.000000
v -21.940000 38.001000 -13.000000
v -23.652000 38.883000 -13.000000
v -20.057000 42.533000 -20.000000
v -20.648000 40.975000 -20.000000
v -20.711000 41.296000 -20.000000
v -18.118000 43.882000 -18.833000
v -17.337000 42.529000 -18.833000
v -18.118000 43.882000 -20.000000
v -18.899000 45.235000 -18.833000
v -19.680000 46.587000 -18.833000
v -20.461000 47.940000 -18.833000
v -18.118000 43.882000 -17.667000
v -17.337000 42.529000 -17.667000
v -18.899000 45.235000 -17.667000
v -19.680000 46.587000 -17.667000
v -20.461000 47.940000 -17.667000
v -18.118000 43.882000 -16.500000
v -17.337000 42.529000 -16.500000
v -18.899000 45.235000 -16.500000
v -19.680000 46.587000 -16.500000
v -20.461000 47.940000 -16.500000
v -18.118000 43.882000 -15.333000
v -17.337000 42.529000 -15.333000
v -18.899000 45.235000 -15.333000
v -19.680000 46.587000 -15.333000
v -20.461000 47.940000 -15.333000
v -18.118000 43.882000 -14.167000
v -17.337000 42.529000 -14.167000
v -18.899000 45.235000 -14.167000
v -19.680000 46.587000 -14.167000
v -20.461000 47.940000 -14.167000
v -18.118000 43.882000 -13.000000
v -17.337000 42.529000 -13.000000
v -20.648000 40.975000 -13.000000
v -19.780000 41.906000 -13.000000
v -18.490000 43.906000 -13.000000
v 0.391000 9.740000 -13.000000
v 1.201000 8.337000 -13.000000
v 2.103000 8.858000 -13.000000
v 1.293000 10.261000 -13.000000
v -0.419000 11.143000 -13.000000
v 0.483000 11.664000 -13.000000
v -1.229000 12.546000 -13.000000
v -0.327000 13.067000 -13.000000
v -2.039000 13.949000 -13.000000
v -1.137000 14.470000 -13.000000
v -2.849000 15.352000 -13.000000
v -1.947000 15.873000 -13.000000
v -3.659000 16.755000 -13.000000
v -2.757000 17.276000 -13.000000
v -4.469000 18.158000 -13.000000
v -3.567000 18.679000 -13.000000
v -5.279000 19.561000 -13.000000
v -4.377000 20.082000 -13.000000
v -6.089000 20.964000 -13.000000
v -5.187000 21.485000 -13.000000
v -6.899000 22.367000 -13.000000
v -5.997000 22.888000 -13.000000
v -7.709000 23.770000 -13.000000
v -6.807000 24.291000 -13.000000
v -8.519000 25.173000 -13.000000
v -7.617000 25.694000 -13.000000
v -9.329000 26.576000 -13.000000
v -8.427000 27.097000 -13.000000
v -10.139000 27.979000 -13.000000
v -9.237000 28.500000 -13.000000
v -10.949000 29.382000 -13.000000
v -10.047000 29.903000 -13.000000
v -11.759000 30.785000 -13.000000
v -10.857000 31.305000 -13.000000
v -12.569000 32.188000 -13.000000
v -11.667000 32.708000 -13.000000
v -13.379000 33.591000 -13.000000
v -12.477000 34.111000 -13.000000
v -14.189000 34.994000 -13.000000
v -13.287000 35.514000 -13.000000
v -14.999000 36.396000 -13.000000
v -14.097000 36.917000 -13.000000
v -15.809000 37.799000 -13.000000
v -14.907000 38.320000 -13.000000
v -16.619000 39.202000 -13.000000
v -15.717000 39.723000 -13.000000
v -17.429000 40.605000 -13.000000
v -16.527000 41.126000 -13.000000
v -0.512000 9.219000 -13.000000
v 0.298000 7.816000 -13.000000
v -1.322000 10.622000 -13.000000
v -2.132000 12.025000 -13.000000
v -2.942000 13.428000 -13.000000
v -3.752000 14.831000 -13.000000
v -4.562000 16.234000 -13.000000
v -5.372000 17.637000 -13.000000
v -6.182000 19.040000 -13.000000
v -6.992000 20.443000 -13.000000
v -7.802000 21.846000 -13.000000
v -8.612000 23.249000 -13.000000
v -9.422000 24.652000 -13.000000
v -10.232000 26.055000 -13.000000
v -11.042000 27.458000 -13.000000
v -11.852000 28.861000 -13.000000
v -12.662000 30.264000 -13.000000
v -13.472000 31.667000 -13.000000
v -14.282000 33.070000 -13.000000
v -15.092000 34.473000 -13.000000
v -15.902000 35.876000 -13.000000
v -16.712000 37.279000 -13.000000
v -17.522000 38.682000 -13.000000
v -18.332000 40.085000 -13.000000
v -1.414000 8.699000 -13.000000
v -0.604000 7.296000 -13.000000
v -2.224000 10.102000 -13.000000
v -3.034000 11.504000 -13.000000
v -3.844000 12.907000 -13.000000
v -4.654000 14.310000 -13.000000
v -5.464000 15.713000 -13.000000
v -6.274000 17.116000 -13.000000
v -7.084000 18.519000 -13.000000
v -7.894000 19.922000 -13.000000
v -8.704000 21.325000 -13.000000
v -9.514000 22.728000 -13.000000
v -10.324000 24.131000 -13.000000
v -11.134000 25.534000 -13.000000
v -11.944000 26.937000 -13.000000
v -12.754000 28.340000 -13.000000
v -13.564000 29.743000 -13.000000
v -14.374000 31.146000 -13.000000
v -15.184000 32.549000 -13.000000
v -15.994000 33.952000 -13.000000
v -16.804000 35.355000 -13.000000
v -17.614000 36.758000 -13.000000
v -18.424000 38.161000 -13.000000
v -19.234000 39.564000 -13.000000
v -2.316000 8.178000 -13.000000
v -1.506000 6.775000 -13.000000
v -3.126000 9.581000 -13.000000
v -3.936000 10.984000 -13.000000
v -4.746000 12.387000 -13.000000
v -5.556000 13.790000 -13.000000
v -6.366000 15.193000 -13.000000
v -7.176000 16.595000 -13.000000
v -7.986000 17.998000 -13.000000
v -8.796000 19.401000 -13.000000
v -9.606000 20.804000 -13.000000
v -10.416000 22.207000 -13.000000
v -11.226000 23.610000 -13.000000
v -12.036000 25.013000 -13.000000
v -12.846000 26.416000 -13.000000
v -13.656000 27.819000 -13.000000
v -14.466000 29.222000 -13.000000
v -15.276000 30.625000 -13.000000
v -16.086000 32.028000 -13.000000
v -16.896000 33.431000 -13.000000
v -17.706000 34.834000 -13.000000
v -18.516000 36.237000 -13.000000
v -19.326000 37.640000 -13.000000
v -20.136000 39.043000 -13.000000
v -3.218000 7.657000 -13.000000
v -2.408000 6.254000 -13.000000
v -4.028000 9.060000 -13.000000
v -4.838000 10.463000 -13.000000
v -5.648000 11.866000 -13.000000
v -6.458000 13.269000 -13.000000
v -7.268000 14.672000 -13.000000
v -8.078000 16.075000 -13.000000
v -8.888000 17.478000 -13.000000
v -9.698000 18.881000 -13.000000
v -10.508000 20.284000 -13.000000
v -11.318000 21.686000 -13.000000
v -12.128000 23.089000 -13.000000
v -12.938000 24.492000 -13.000000
v -13.748000 25.895000 -13.000000
v -14.558000 27.298000 -13.000000
v -15.368000 28.701000 -13.000000
v -16.178000 30.104000 -13.000000
v -16.988000 31.507000 -13.000000
v -17.798000 32.910000 -13.000000
v -18.608000 34.313000 -13.000000
v -19.418000 35.716000 -13.000000
v -20.228000 37.119000 -13.000000
v -21.038000 38.522000 -13.000000
v 2.103000 8.858000 -18.833000
v 2.913000 7.455000 -18.833000
v 2.913000 7.455000 -20.000000
v 2.103000 8.858000 -20.000000
v 1.293000 10.261000 -18.833000
v 1.293000 10.261000 -20.000000
v 0.483000 11.664000 -18.833000
v 0.483000 11.664000 -20.000000
v -0.327000 13.067000 -18.833000
v -0.327000 13.067000 -20.000000
v -1.137000 14.470000 -18.833000
v -1.137000 14.470000 -20.000000
v -1.947000 15.873000 -18.833000
v -1.947000 15.873000 -20.000000
v -4.377000 20.082000 -18.833000
v -4.377000 20.082000 -20.000000
v -5.187000 21.485000 -18.833000
v -5.187000 21.485000 -20.000000
v -5.997000 22.888000 -18.833000
v -5.997000 22.888000 -20.000000
v -6.807000 24.291000 -18.833000
v -6.807000 24.291000 -20.000000
v -7.617000 25.694000 -18.833000
v -7.617000 25.694000 -20.000000
v -8.427000 27.097000 -18.833000
v -8.427000 27.097000 -20.000000
v -9.237000 28.500000 -18.833000
v -9.237000 28.500000 -20.000000
v -10.047000 29.903000 -18.833000
v -10.047000 29.903000 -20.000000
v -10.857000 31.305000 -18.833000
v -10.857000 31.305000 -20.000000
v -11.667000 32.708000 -18.833000
v -11.667000 32.708000 -20.000000
v -12.477000 34.111000 -18.833000
v -12.477000 34.111000 -20.000000
v -13.287000 35.514000 -18.833000
v -13.287000 35.514000 -20.000000
v -14.097000 36.917000 -18.833000
v -14.097000 36.917000 -20.000000
v -14.907000 38.320000 -18.833000
v -14.907000 38.320000 -20.000000
v -15.717000 39.723000 -18.833000
v -15.717000 39.723000 -20.000000
v -16.527000 41.126000 -18.833000
v -16.527000 41.126000 -20.000000
v 2.103000 8.858000 -17.667000
v 2.913000 7.455000 -17.667000
v 1.293000 10.261000 -17.667000
v 0.483000 11.664000 -17.667000
v -0.327000 13.067000 -17.667000
v -1.137000 14.470000 -17.667000
v -1.947000 15.873000 -17.667000
v -2.757000 17.276000 -17.667000
v -3.567000 18.679000 -17.667000
v -4.377000 20.082000 -17.667000
v -5.187000 21.485000 -17.667000
v -5.997000 22.888000 -17.667000
v -6.807000 24.291000 -17.667000
v -7.617000 25.694000 -17.667000
v -8.427000 27.097000 -17.667000
v -9.237000 28.500000 -17.667000
v -10.047000 29.903000 -17.667000
v -10.857000 31.305000 -17.667000
v -11.667000 32.708000 -17.667000
v -12.477000 34.111000 -17.667000
v -13.287000 35.514000 -17.667000
v -14.097000 36.917000 -17.667000
v -14.907000 38.320000 -17.667000
v -15.717000 39.723000 -17.667000
v -16.527000 41.126000 -17.667000
v 2.103000 8.858000 -16.500000
v 2.913000 7.455000 -16.500000
v 1.293000 10.261000 -16.500000
v 0.483000 11.664000 -16.500000
v -0.327000 13.067000 -16.500000
v -1.137000 14.470000 -16.500000
v -1.947000 15.873000 -16.500000
v -2.757000 17.276000 -16.500000
v -3.567000 18.679000 -16.500000
v -4.377000 20.082000 -16.500000
v -5.187000 21.485000 -16.500000
v -5.997000 22.888000 -16.500000
v -6.807000 24.291000 -16.500000
v -7.617000 25.694000 -16.500000
v -8.427000 27.097000 -16.500000
v -9.237000 28.500000 -16.500000
v -10.047000 29.903000 -16.500000
v -10.857000 31.305000 -16.500000
v -11.667000 32.708000 -16.500000
v -12.477000 34.111000 -16.500000
v -13.287000 35.514000 -16.500000
v -14.097000 36.917000 -16.500000
v -14.907000 38.320000 -16.500000
v -15.717000 39.723000 -16.500000
v -16.527000 41.126000 -16.500000
v 2.103000 8.858000 -15.333000
v 2.913000 7.455000 -15.333000
v 1.293000 10.261000 -15.333000
v 0.483000 11.664000 -15.333000
v -0.327000 13.067000 -15.333000
v -1.137000 14.470000 -15.333000
v -1.947000 15.873000 -15.333000
v -2.757000 17.276000 -15.333000
v -3.567000 18.679000 -15.333000
v -4.377000 20.082000 -15.333000
v -5.187000 21.485000 -15.333000
v -5.997000 22.888000 -15.333000
v -6.807000 24.291000 -15.333000
v -7.617000 25.694000 -15.333000
v -8.427000 27.097000 -15.333000
v -9.237000 28.500000 -15.333000
v -10.047000 29.903000 -15.333000
v -10.857000 31.305000 -15.333000
v -11.667000 32.708000 -15.333000
v -12.477000 34.111000 -15.333000
v -13.287000 35.514000 -15.333000
v -14.097000 36.917000 -15.333000
v -14.907000 38.320000 -15.333000
v -15.717000 39.723000 -15.333000
v -16.527000 41.126000 -15.333000
v 2.103000 8.858000 -14.167000
v 2.913000 7.455000 -14.167000
v 1.293000 10.261000 -14.167000
v 0.483000 11.664000 -14.167000
v -0.327000 13.067000 -14.167000
v -1.137000 14.470000 -14.167000
v -1.947000 15.873000 -14.167000
v -2.757000 17.276000 -14.167000
v -3.567000 18.679000 -14.167000
v -4.377000 20.082000 -14.167000
v -5.187000 21.485000 -14.167000
v -5.997000 22.888000 -14.167000
v -6.807000 24.291000 -14.167000
v -7.617000 25.694000 -14.167000
v -8.427000 27.097000 -14.167000
v -9.237000 28.500000 -14.167000
v -10.047000 29.903000 -14.167000
v -10.857000 31.305000 -14.167000
v -11.667000 32.708000 -14.167000
v -12.477000 34.111000 -14.167000
v -13.287000 35.514000 -14.167000
v -14.097000 36.917000 -14.167000
v -14.907000 38.320000 -14.167000
v -15.717000 39.723000 -14.167000
v -16.527000 41.126000 -14.167000
v 2.913000 7.455000 -13.000000
v 0.391000 9.740000 -20.000000
v 1.201000 8.337000 -20.000000
v -0.419000 11.143000 -20.000000
v -1.229000 12.546000 -20.000000
v -2.039000 13.949000 -20.000000
v -2.849000 15.352000 -20.000000
v -3.659000 16.755000 -20.000000
v -4.469000 18.158000 -20.000000
v -5.279000 19.561000 -20.000000
v -6.089000 20.964000 -20.000000
v -6.899000 22.367000 -20.000000
v -7.709000 23.770000 -20.000000
v -8.519000 25.173000 -20.000000
v -9.329000 26.576000 -20.000000
v -10.139000 27.979000 -20.000000
v -10.949000 29.382000 -20.000000
v -11.759000 30.785000 -20.000000
v -12.569000 32.188000 -20.000000
v -13.379000 33.591000 -20.000000
v -14.189000 34.994000 -20.000000
v -14.999000 36.396000 -20.000000
v -15.809000 37.799000 -20.000000
v -16.619000 39.202000 -20.000000
v -17.429000 40.605000 -20.000000
v -0.512000 9.219000 -20.000000
v 0.298000 7.816000 -20.000000
v -1.322000 10.622000 -20.000000
v -2.132000 12.025000 -20.000000
v -2.942000 13.428000 -20.000000
v -3.752000 14.831000 -20.000000
v -4.562000 16.234000 -20.000000
v -5.372000 17.637000 -20.000000
v -6.182000 19.040000 -20.000000
v -6.992000 20.443000 -20.000000
v -7.802000 21.846000 -20.000000
v -8.612000 23.249000 -20.000000
v -9.422000 24.652000 -20.000000
v -10.232000 26.055000 -20.000000
v -11.042000 27.458000 -20.000000
v -11.852000 28.861000 -20.000000
v -12.662000 30.264000 -20.000000
v -13.472000 31.667000 -20.000000
v -14.282000 33.070000 -20.000000
v -15.092000 34.473000 -20.000000
v -15.902000 35.876000 -20.000000
v -16.712000 37.279000 -20.000000
v -17.522000 38.682000 -20.000000
v -1.414000 8.699000 -20.000000
v -0.604000 7.296000 -20.000000
v -2.224000 10.102000 -20.000000
v -3.034000 11.504000 -20.000000
v -3.844000 12.907000 -20.000000
v -4.654000 14.310000 -20.000000
v -5.464000 15.713000 -20.000000
v -6.274000 17.116000 -20.000000
v -7.084000 18.519000 -20.000000
v -7.894000 19.922000 -20.000000
v -8.704000 21.325000 -20.000000
v -9.514000 22.728000 -20.000000
v -10.324000 24.131000 -20.000000
v -11.134000 25.534000 -20.000000
v -11.944000 26.937000 -20.000000
v -12.754000 28.340000 -20.000000
v -13.564000 29.743000 -20.000000
v -14.374000 31.146000 -20.000000
v -15.184000 32.549000 -20.000000
v -15.994000 33.952000 -20.000000
v -16.804000 35.355000 -20.000000
v -17.614000 36.758000 -20.000000
v -18.424000 38.161000 -20.000000
v -2.316000 8.178000 -20.000000
v -1.506000 6.775000 -20.000000
v -3.126000 9.581000 -20.000000
v -3.936000 10.984000 -20.000000
v -4.746000 12.387000 -20.000000
v -5.556000 13.790000 -20.000000
v -6.366000 15.193000 -20.000000
v -7.176000 16.595000 -20.000000
v -7.986000 17.998000 -20.000000
v -8.796000 19.401000 -20.000000
v -9.606000 20.804000 -20.000000
v -10.416000 22.207000 -20.000000
v -11.226000 23.610000 -20.000000
v -12.036000 25.013000 -20.000000
v -12.846000 26.416000 -20.000000
v -13.656000 27.819000 -20.000000
v -14.466000 29.222000 -20.000000
v -15.276000 30.625000 -20.000000
v -16.086000 32.028000 -20.000000
v -16.896000 33.431000 -20.000000
v -17.706000 34.834000 -20.000000
v -18.516000 36.237000 -20.000000
v -19.326000 37.640000 -20.000000
v -20.136000 39.043000 -20.000000
v -3.218000 7.657000 -20.000000
v -2.408000 6.254000 -20.000000
v -4.028000 9.060000 -20.000000
v -4.838000 10.463000 -20.000000
v -5.648000 11.866000 -20.000000
v -6.458000 13.269000 -20.000000
v -7.268000 14.672000 -20.000000
v -8.078000 16.075000 -20.000000
v -8.888000 17.478000 -20.000000
v -9.698000 18.881000 -20.000000
v -10.508000 20.284000 -20.000000
v -11.318000 21.686000 -20.000000
v -12.128000 23.089000 -20.000000
v -12.938000 24.492000 -20.000000
v -13.748000 25.895000 -20.000000
v -14.558000 27.298000 -20.000000
v -15.368000 28.701000 -20.000000
v -16.178000 30.104000 -20.000000
v -16.988000 31.507000 -20.000000
v -17.798000 32.910000 -20.000000
v -18.608000 34.313000 -20.000000
v -19.418000 35.716000 -20.000000
v -20.228000 37.119000 -20.000000
v -21.038000 38.522000 -20.000000
v 3.261000 6.853000 -18.833000
v 3.608000 6.250000 -18.833000
v 3.608000 6.250000 -20.000000
v 3.261000 6.853000 -20.000000
v 3.261000 6.853000 -17.667000
v 3.608000 6.250000 -17.667000
v 3.261000 6.853000 -16.500000
v 3.608000 6.250000 -16.500000
v 3.261000 6.853000 -15.333000
v 3.608000 6.250000 -15.333000
v 3.261000 6.853000 -14.167000
v 3.608000 6.250000 -14.167000
v 6.620000 5.208000 -20.000000
v 5.000000 5.208000 -20.000000
v 5.000000 6.250000 -20.000000
v 6.620000 6.250000 -20.000000
v 8.240000 5.208000 -20.000000
v 8.240000 6.250000 -20.000000
v 9.860000 5.208000 -20.000000
v 9.860000 6.250000 -20.000000
v 11.480000 5.208000 -20.000000
v 11.480000 6.250000 -20.000000
v 13.100000 5.208000 -20.000000
v 13.100000 6.250000 -20.000000
v 14.720000 5.208000 -20.000000
v 14.720000 6.250000 -20.000000
v 16.340000 5.208000 -20.000000
v 16.340000 6.250000 -20.000000
v 17.960000 5.208000 -20.000000
v 17.960000 6.250000 -20.000000
v 19.580000 5.208000 -20.000000
v 19.580000 6.250000 -20.000000
v 21.200000 5.208000 -20.000000
v 21.200000 6.250000 -20.000000
v 22.820000 5.208000 -20.000000
v 22.820000 6.250000 -20.000000
v 24.440000 5.208000 -20.000000
v 24.440000 6.250000 -20.000000
v 26.060000 5.208000 -20.000000
v 26.060000 6.250000 -20.000000
v 27.680000 5.208000 -20.000000
v 27.680000 6.250000 -20.000000
v 29.300000 5.208000 -20.000000
v 29.300000 6.250000 -20.000000
v 30.920000 5.208000 -20.000000
v 30.920000 6.250000 -20.000000
v 32.540000 5.208000 -20.000000
v 32.540000 6.250000 -20.000000
v 34.160000 5.208000 -20.000000
v 34.160000 6.250000 -20.000000
v 35.780000 5.208000 -20.000000
v 35.780000 6.250000 -20.000000
v 37.400000 5.208000 -20.000000
v 37.400000 6.250000 -20.000000
v 39.020000 5.208000 -20.000000
v 39.020000 6.250000 -20.000000
v 40.640000 5.208000 -20.000000
v 40.640000 6.250000 -20.000000
v 42.260000 5.208000 -20.000000
v 42.260000 6.250000 -20.000000
v 43.880000 5.208000 -20.000000
v 43.880000 6.250000 -20.000000
v 45.500000 5.208000 -20.000000
v 6.620000 4.167000 -20.000000
v 5.000000 4.167000 -20.000000
v 8.240000 4.167000 -20.000000
v 9.860000 4.167000 -20.000000
v 11.480000 4.167000 -20.000000
v 13.100000 4.167000 -20.000000
v 14.720000 4.167000 -20.000000
v 16.340000 4.167000 -20.000000
v 17.960000 4.167000 -20.000000
v 19.580000 4.167000 -20.000000
v 21.200000 4.167000 -20.000000
v 22.820000 4.167000 -20.000000
v 24.440000 4.167000 -20.000000
v 26.060000 4.167000 -20.000000
v 27.680000 4.167000 -20.000000
v 29.300000 4.167000 -20.000000
v 30.920000 4.167000 -20.000000
v 32.540000 4.167000 -20.000000
v 34.160000 4.167000 -20.000000
v 35.780000 4.167000 -20.000000
v 37.400000 4.167000 -20.000000
v 39.020000 4.167000 -20.000000
v 40.640000 4.167000 -20.000000
v 42.260000 4.167000 -20.000000
v 43.880000 4.167000 -20.000000
v 45.500000 4.167000 -20.000000
v 6.620000 3.125000 -20.000000
v 5.000000 3.125000 -20.000000
v 8.240000 3.125000 -20.000000
v 9.860000 3.125000 -20.000000
v 11.480000 3.125000 -20.000000
v 13.100000 3.125000 -20.000000
v 14.720000 3.125000 -20.000000
v 16.340000 3.125000 -20.000000
v 17.960000 3.125000 -20.000000
v 19.580000 3.125000 -20.000000
v 21.200000 3.125000 -20.000000
v 22.820000 3.125000 -20.000000
v 24.440000 3.125000 -20.000000
v 26.060000 3.125000 -20.000000
v 27.680000 3.125000 -20.000000
v 29.300000 3.125000 -20.000000
v 30.920000 3.125000 -20.000000
v 32.540000 3.125000 -20.000000
v 34.160000 3.125000 -20.000000
v 35.780000 3.125000 -20.000000
v 37.400000 3.125000 -20.000000
v 39.020000 3.125000 -20.000000
v 40.640000 3.125000 -20.000000
v 42.260000 3.125000 -20.000000
v 43.880000 3.125000 -20.000000
v 45.500000 3.125000 -20.000000
v 6.620000 2.083000 -20.000000
v 5.000000 2.083000 -20.000000
v 8.240000 2.083000 -20.000000
v 9.860000 2.083000 -20.000000
v 11.480000 2.083000 -20.000000
v 13.100000 2.083000 -20.000000
v 14.720000 2.083000 -20.000000
v 16.340000 2.083000 -20.000000
v 17.960000 2.083000 -20.000000
v 19.580000 2.083000 -20.000000
v 21.200000 2.083000 -20.000000
v 22.820000 2.083000 -20.000000
v 24.440000 2.083000 -20.000000
v 26.060000 2.083000 -20.000000
v 27.680000 2.083000 -20.000000
v 29.300000 2.083000 -20.000000
v 30.920000 2.083000 -20.000000
v 32.540000 2.083000 -20.000000
v 34.160000 2.083000 -20.000000
v 35.780000 2.083000 -20.000000
v 37.400000 2.083000 -20.000000
v 39.020000 2.083000 -20.000000
v 40.640000 2.083000 -20.000000
v 42.260000 2.083000 -20.000000
v 43.880000 2.083000 -20.000000
v 45.500000 2.083000 -20.000000
v 6.620000 1.042000 -20.000000
v 5.000000 1.042000 -20.000000
v 8.240000 1.042000 -20.000000
v 9.860000 1.042000 -20.000000
v 11.480000 1.042000 -20.000000
v 13.100000 1.042000 -20.000000
v 14.720000 1.042000 -20.000000
v 16.340000 1.042000 -20.000000
v 17.960000 1.042000 -20.000000
v 19.580000 1.042000 -20.000000
v 21.200000 1.042000 -20.000000
v 22.820000 1.042000 -20.000000
v 24.440000 1.042000 -20.000000
v 26.060000 1.042000 -20.000000
v 27.680000 1.042000 -20.000000
v 29.300000 1.042000 -20.000000
v 30.920000 1.042000 -20.000000
v 32.540000 1.042000 -20.000000
v 34.160000 1.042000 -20.000000
v 35.780000 1.042000 -20.000000
v 37.400000 1.042000 -20.000000
v 39.020000 1.042000 -20.000000
v 40.640000 1.042000 -20.000000
v 42.260000 1.042000 -20.000000
v 43.880000 1.042000 -20.000000
v 45.500000 1.042000 -20.000000
v 6.620000 0.000000 -20.000000
v 5.000000 0.000000 -20.000000
v 8.240000 0.000000 -20.000000
v 9.860000 0.000000 -20.000000
v 11.480000 0.000000 -20.000000
v 13.100000 0.000000 -20.000000
v 14.720000 0.000000 -20.000000
v 16.340000 0.000000 -20.000000
v 17.960000 0.000000 -20.000000
v 19.580000 0.000000 -20.000000
v 21.200000 0.000000 -20.000000
v 22.820000 0.000000 -20.000000
v 24.440000 0.000000 -20.000000
v 26.060000 0.000000 -20.000000
v 27.680000 0.000000 -20.000000
v 29.300000 0.000000 -20.000000
v 30.920000 0.000000 -20.000000
v 32.540000 0.000000 -20.000000
v 34.160000 0.000000 -20.000000
v 35.780000 0.000000 -20.000000
v 37.400000 0.000000 -20.000000
v 39.020000 0.000000 -20.000000
v 40.640000 0.000000 -20.000000
v 42.260000 0.000000 -20.000000
v 43.880000 0.000000 -20.000000
v 45.500000 0.000000 -20.000000
v 4.304000 6.250000 -18.833000
v 4.304000 6.250000 -20.000000
v 5.000000 6.250000 -18.833000
v 4.304000 6.250000 -17.667000
v 5.000000 6.250000 -17.667000
v 4.304000 6.250000 -16.500000
v 5.000000 6.250000 -16.500000
v 4.304000 6.250000 -15.333000
v 5.000000 6.250000 -15.333000
v 4.304000 6.250000 -14.167000
v 5.000000 6.250000 -14.167000
v 4.304000 6.250000 -13.000000
v 3.608000 6.250000 -13.000000
v 5.000000 6.250000 -13.000000
v 47.062000 6.250000 -18.833000
v 47.062000 6.250000 -20.000000
v 45.500000 6.250000 -18.833000
v 48.624000 6.250000 -18.833000
v 50.186000 6.250000 -18.833000
v 51.748000 6.250000 -18.833000
v 47.062000 6.250000 -17.667000
v 45.500000 6.250000 -17.667000
v 48.624000 6.250000 -17.667000
v 50.186000 6.250000 -17.667000
v 51.748000 6.250000 -17.667000
v 47.062000 6.250000 -16.500000
v 45.500000 6.250000 -16.500000
v 48.624000 6.250000 -16.500000
v 50.186000 6.250000 -16.500000
v 51.748000 6.250000 -16.500000
v 47.062000 6.250000 -15.333000
v 45.500000 6.250000 -15.333000
v 48.624000 6.250000 -15.333000
v 50.186000 6.250000 -15.333000
v 51.748000 6.250000 -15.333000
v 47.062000 6.250000 -14.167000
v 45.500000 6.250000 -14.167000
v 48.624000 6.250000 -14.167000
v 50.186000 6.250000 -14.167000
v 51.748000 6.250000 -14.167000
v 47.062000 6.250000 -13.000000
v 6.620000 6.250000 -18.833000
v 8.240000 6.250000 -18.833000
v 9.860000 6.250000 -18.833000
v 11.480000 6.250000 -18.833000
v 13.100000 6.250000 -18.833000
v 14.720000 6.250000 -18.833000
v 16.340000 6.250000 -18.833000
v 17.960000 6.250000 -18.833000
v 19.580000 6.250000 -18.833000
v 21.200000 6.250000 -18.833000
v 22.820000 6.250000 -18.833000
v 24.440000 6.250000 -18.833000
v 26.060000 6.250000 -18.833000
v 27.680000 6.250000 -18.833000
v 29.300000 6.250000 -18.833000
v 30.920000 6.250000 -18.833000
v 32.540000 6.250000 -18.833000
v 34.160000 6.250000 -18.833000
v 35.780000 6.250000 -18.833000
v 37.400000 6.250000 -18.833000
v 39.020000 6.250000 -18.833000
v 40.640000 6.250000 -18.833000
v 42.260000 6.250000 -18.833000
v 43.880000 6.250000 -18.833000
v 6.620000 6.250000 -17.667000
v 8.240000 6.250000 -17.667000
v 9.860000 6.250000 -17.667000
v 11.480000 6.250000 -17.667000
v 13.100000 6.250000 -17.667000
v 14.720000 6.250000 -17.667000
v 16.340000 6.250000 -17.667000
v 17.960000 6.250000 -17.667000
v 19.580000 6.250000 -17.667000
v 21.200000 6.250000 -17.667000
v 22.820000 6.250000 -17.667000
v 24.440000 6.250000 -17.667000
v 26.060000 6.250000 -17.667000
v 27.680000 6.250000 -17.667000
v 29.300000 6.250000 -17.667000
v 30.920000 6.250000 -17.667000
v 32.540000 6.250000 -17.667000
v 34.160000 6.250000 -17.667000
v 35.780000 6.250000 -17.667000
v 37.400000 6.250000 -17.667000
v 39.020000 6.250000 -17.667000
v 40.640000 6.250000 -17.667000
v 42.260000 6.250000 -17.667000
v 43.880000 6.250000 -17.667000
v 6.620000 6.250000 -16.500000
v 8.240000 6.250000 -16.500000
v 9.860000 6.250000 -16.500000
v 11.480000 6.250000 -16.500000
v 13.100000 6.250000 -16.500000
v 14.720000 6.250000 -16.500000
v 16.340000 6.250000 -16.500000
v 17.960000 6.250000 -16.500000
v 19.580000 6.250000 -16.500000
v 21.200000 6.250000 -16.500000
v 22.820000 6.250000 -16.500000
v 24.440000 6.250000 -16.500000
v 26.060000 6.250000 -16.500000
v 27.680000 6.250000 -16.500000
v 29.300000 6.250000 -16.500000
v 30.920000 6.250000 -16.500000
v 32.540000 6.250000 -16.500000
v 34.160000 6.250000 -16.500000
v 35.780000 6.250000 -16.500000
v 37.400000 6.250000 -16.500000
v 39.020000 6.250000 -16.500000
v 40.640000 6.250000 -16.500000
v 42.260000 6.250000 -16.500000
v 43.880000 6.250000 -16.500000
v 6.620000 6.250000 -15.333000
v 8.240000 6.250000 -15.333000
v 9.860000 6.250000 -15.333000
v 11.480000 6.250000 -15.333000
v 13.100000 6.250000 -15.333000
v 14.720000 6.250000 -15.333000
v 16.340000 6.250000 -15.333000
v 17.960000 6.250000 -15.333000
v 19.580000 6.250000 -15.333000
v 21.200000 6.250000 -15.333000
v 22.820000 6.250000 -15.333000
v 24.440000 6.250000 -15.333000
v 26.060000 6.250000 -15.333000
v 27.680000 6.250000 -15.333000
v 29.300000 6.250000 -15.333000
v 30.920000 6.250000 -15.333000
v 32.540000 6.250000 -15.333000
v 34.160000 6.250000 -15.333000
v 35.780000 6.250000 -15.333000
v 37.400000 6.250000 -15.333000
v 39.020000 6.250000 -15.333000
v 40.640000 6.250000 -15.333000
v 42.260000 6.250000 -15.333000
v 43.880000 6.250000 -15.333000
v 6.620000 6.250000 -14.167000
v 8.240000 6.250000 -14.167000
v 9.860000 6.250000 -14.167000
v 11.480000 6.250000 -14.167000
v 13.100000 6.250000 -14.167000
v 14.720000 6.250000 -14.167000
v 16.340000 6.250000 -14.167000
v 17.960000 6.250000 -14.167000
v 19.580000 6.250000 -14.167000
v 21.200000 6.250000 -14.167000
v 22.820000 6.250000 -14.167000
v 24.440000 6.250000 -14.167000
v 26.060000 6.250000 -14.167000
v 27.680000 6.250000 -14.167000
v 29.300000 6.250000 -14.167000
v 30.920000 6.250000 -14.167000
v 32.540000 6.250000 -14.167000
v 34.160000 6.250000 -14.167000
v 35.780000 6.250000 -14.167000
v 37.400000 6.250000 -14.167000
v 39.020000 6.250000 -14.167000
v 40.640000 6.250000 -14.167000
v 42.260000 6.250000 -14.167000
v 43.880000 6.250000 -14.167000
v 6.620000 6.250000 -13.000000
v 8.240000 6.250000 -13.000000
v 9.860000 6.250000 -13.000000
v 11.480000 6.250000 -13.000000
v 13.100000 6.250000 -13.000000
v 14.720000 6.250000 -13.000000
v 16.340000 6.250000 -13.000000
v 17.960000 6.250000 -13.000000
v 19.580000 6.250000 -13.000000
v 21.200000 6.250000 -13.000000
v 22.820000 6.250000 -13.000000
v 24.440000 6.250000 -13.000000
v 26.060000 6.250000 -13.000000
v 27.680000 6.250000 -13.000000
v 29.300000 6.250000 -13.000000
v 30.920000 6.250000 -13.000000
v 32.540000 6.250000 -13.000000
v 34.160000 6.250000 -13.000000
v 35.780000 6.250000 -13.000000
v 37.400000 6.250000 -13.000000
v 39.020000 6.250000 -13.000000
v 40.640000 6.250000 -13.000000
v 42.260000 6.250000 -13.000000
v 43.880000 6.250000 -13.000000
v 6.620000 5.208000 -13.000000
v 5.000000 5.208000 -13.000000
v 8.240000 5.208000 -13.000000
v 9.860000 5.208000 -13.000000
v 11.480000 5.208000 -13.000000
v 13.100000 5.208000 -13.000000
v 14.720000 5.208000 -13.000000
v 16.340000 5.208000 -13.000000
v 17.960000 5.208000 -13.000000
v 19.580000 5.208000 -13.000000
v 21.200000 5.208000 -13.000000
v 22.820000 5.208000 -13.000000
v 24.440000 5.208000 -13.000000
v 26.060000 5.208000 -13.000000
v 27.680000 5.208000 -13.000000
v 29.300000 5.208000 -13.000000
v 30.920000 5.208000 -13.000000
v 32.540000 5.208000 -13.000000
v 34.160000 5.208000 -13.000000
v 35.780000 5.208000 -13.000000
v 37.400000 5.208000 -13.000000
v 39.020000 5.208000 -13.000000
v 40.640000 5.208000 -13.000000
v 42.260000 5.208000 -13.000000
v 43.880000 5.208000 -13.000000
v 45.500000 5.208000 -13.000000
v 6.620000 4.167000 -13.000000
v 5.000000 4.167000 -13.000000
v 8.240000 4.167000 -13.000000
v 9.860000 4.167000 -13.000000
v 11.480000 4.167000 -13.000000
v 13.100000 4.167000 -13.000000
v 14.720000 4.167000 -13.000000
v 16.340000 4.167000 -13.000000
v 17.960000 4.167000 -13.000000
v 19.580000 4.167000 -13.000000
v 21.200000 4.167000 -13.000000
v 22.820000 4.167000 -13.000000
v 24.440000 4.167000 -13.000000
v 26.060000 4.167000 -13.000000
v 27.680000 4.167000 -13.000000
v 29.300000 4.167000 -13.000000
v 30.920000 4.167000 -13.000000
v 32.540000 4.167000 -13.000000
v 34.160000 4.167000 -13.000000
v 35.780000 4.167000 -13.000000
v 37.400000 4.167000 -13.000000
v 39.020000 4.167000 -13.000000
v 40.640000 4.167000 -13.000000
v 42.260000 4.167000 -13.000000
v 43.880000 4.167000 -13.000000
v 45.500000 4.167000 -13.000000
v 6.620000 3.125000 -13.000000
v 5.000000 3.125000 -13.000000
v 8.240000 3.125000 -13.000000
v 9.860000 3.125000 -13.000000
v 11.480000 3.125000 -13.000000
v 13.100000 3.125000 -13.000000
v 14.720000 3.125000 -13.000000
v 16.340000 3.125000 -13.000000
v 17.960000 3.125000 -13.000000
v 19.580000 3.125000 -13.000000
v 21.200000 3.125000 -13.000000
v 22.820000 3.125000 -13.000000
v 24.440000 3.125000 -13.000000
v 26.060000 3.125000 -13.000000
v 27.680000 3.125000 -13.000000
v 29.300000 3.125000 -13.000000
v 30.920000 3.125000 -13.000000
v 32.540000 3.125000 -13.000000
v 34.160000 3.125000 -13.000000
v 35.780000 3.125000 -13.000000
v 37.400000 3.125000 -13.000000
v 39.020000 3.125000 -13.000000
v 40.640000 3.125000 -13.000000
v 42.260000 3.125000 -13.000000
v 43.880000 3.125000 -13.000000
v 45.500000 3.125000 -13.000000
v 6.620000 2.083000 -13.000000
v 5.000000 2.083000 -13.000000
v 8.240000 2.083000 -13.000000
v 9.860000 2.083000 -13.000000
v 11.480000 2.083000 -13.000000
v 13.100000 2.083000 -13.000000
v 14.720000 2.083000 -13.000000
v 16.340000 2.083000 -13.000000
v 17.960000 2.083000 -13.000000
v 19.580000 2.083000 -13.000000
v 21.200000 2.083000 -13.000000
v 22.820000 2.083000 -13.000000
v 24.440000 2.083000 -13.000000
v 26.060000 2.083000 -13.000000
v 27.680000 2.083000 -13.000000
v 29.300000 2.083000 -13.000000
v 30.920000 2.083000 -13.000000
v 32.540000 2.083000 -13.000000
v 34.160000 2.083000 -13.000000
v 35.780000 2.083000 -13.000000
v 37.400000 2.083000 -13.000000
v 39.020000 2.083000 -13.000000
v 40.640000 2.083000 -13.000000
v 42.260000 2.083000 -13.000000
v 43.880000 2.083000 -13.000000
v 45.500000 2.083000 -13.000000
v 6.620000 1.042000 -13.000000
v 5.000000 1.042000 -13.000000
v 8.240000 1.042000 -13.000000
v 9.860000 1.042000 -13.000000
v 11.480000 1.042000 -13.000000
v 13.100000 1.042000 -13.000000
v 14.720000 1.042000 -13.000000
v 16.340000 1.042000 -13.000000
v 17.960000 1.042000 -13.000000
v 19.580000 1.042000 -13.000000
v 21.200000 1.042000 -13.000000
v 22.820000 1.042000 -13.000000
v 24.440000 1.042000 -13.000000
v 26.060000 1.042000 -13.000000
v 27.680000 1.042000 -13.000000
v 29.300000 1.042000 -13.000000
v 30.920000 1.042000 -13.000000
v 32.540000 1.042000 -13.000000
v 34.160000 1.042000 -13.000000
v 35.780000 1.042000 -13.000000
v 37.400000 1.042000 -13.000000
v 39.020000 1.042000 -13.000000
v 40.640000 1.042000 -13.000000
v 42.260000 1.042000 -13.000000
v 43.880000 1.042000 -13.000000
v 45.500000 1.042000 -13.000000
v 6.620000 0.000000 -13.000000
v 5.000000 0.000000 -13.000000
v 8.240000 0.000000 -13.000000
v 9.860000 0.000000 -13.000000
v 11.480000 0.000000 -13.000000
v 13.100000 0.000000 -13.000000
v 14.720000 0.000000 -13.000000
v 16.340000 0.000000 -13.000000
v 17.960000 0.000000 -13.000000
v 19.580000 0.000000 -13.000000
v 21.200000 0.000000 -13.000000
v 22.820000 0.000000 -13.000000
v 24.440000 0.000000 -13.000000
v 26.060000 0.000000 -13.000000
v 27.680000 0.000000 -13.000000
v 29.300000 0.000000 -13.000000
v 30.920000 0.000000 -13.000000
v 32.540000 0.000000 -13.000000
v 34.160000 0.000000 -13.000000
v 35.780000 0.000000 -13.000000
v 37.400000 0.000000 -13.000000
v 39.020000 0.000000 -13.000000
v 40.640000 0.000000 -13.000000
v 42.260000 0.000000 -13.000000
v 43.880000 0.000000 -13.000000
v -30.126000 49.398000 -14.167000
v -29.000000 50.229000 -14.167000
v -30.126000 49.398000 -15.333000
v -29.000000 50.229000 -15.333000
v -30.126000 49.398000 -16.500000
v -29.000000 50.229000 -16.500000
v -30.126000 49.398000 -17.667000
v -29.000000 50.229000 -17.667000
v -30.126000 49.398000 -18.833000
v -29.000000 50.229000 -18.833000
v -30.126000 49.398000 -20.000000
v -29.000000 50.229000 -20.000000
v -31.039000 48.337000 -15.333000
v -31.039000 48.337000 -14.167000
v -31.039000 48.337000 -16.500000
v -31.039000 48.337000 -17.667000
v -31.039000 48.337000 -18.833000
v -31.039000 48.337000 -20.000000
v -31.693000 47.099000 -15.333000
v -31.693000 47.099000 -14.167000
v -31.693000 47.099000 -16.500000
v -31.693000 47.099000 -17.667000
v -31.693000 47.099000 -18.833000
v -31.693000 47.099000 -20.000000
v -32.055000 45.747000 -15.333000
v -32.055000 45.747000 -14.167000
v -32.055000 45.747000 -16.500000
v -32.055000 45.747000 -17.667000
v -32.055000 45.747000 -18.833000
v -32.055000 45.747000 -20.000000
v -32.107000 44.348000 -15.333000
v -32.107000 44.348000 -14.167000
v -32.107000 44.348000 -16.500000
v -32.107000 44.348000 -17.667000
v -32.107000 44.348000 -18.833000
v -32.107000 44.348000 -20.000000
v -31.847000 42.973000 -15.333000
v -31.847000 42.973000 -14.167000
v -31.847000 42.973000 -16.500000
v -31.847000 42.973000 -17.667000
v -31.847000 42.973000 -18.833000
v -31.847000 42.973000 -20.000000
v -31.847000 42.973000 -13.000000
v -26.656000 46.170000 -20.000000
v -25.875000 44.817000 -20.000000
v -26.938000 45.962000 -20.000000
v -28.219000 48.876000 -20.000000
v -29.063000 48.253000 -20.000000
v -27.166000 45.697000 -20.000000
v -28.457000 46.577000 -20.000000
v -28.001000 47.108000 -20.000000
v -29.748000 47.457000 -20.000000
v -27.329000 45.388000 -20.000000
v -28.784000 45.959000 -20.000000
v -30.238000 46.529000 -20.000000
v -27.420000 45.050000 -20.000000
v -28.965000 45.283000 -20.000000
v -30.510000 45.515000 -20.000000
v -27.433000 44.700000 -20.000000
v -28.991000 44.583000 -20.000000
v -30.549000 44.467000 -20.000000
v -27.368000 44.356000 -20.000000
v -28.861000 43.896000 -20.000000
v -30.354000 43.435000 -20.000000
v -27.228000 44.036000 -20.000000
v -28.581000 43.254000 -20.000000
v -29.934000 42.473000 -20.000000
v -27.020000 43.754000 -20.000000
v -28.166000 42.691000 -20.000000
v -29.311000 41.629000 -20.000000
v -26.755000 43.526000 -20.000000
v -27.635000 42.235000 -20.000000
v -28.516000 40.944000 -20.000000
v -26.446000 43.362000 -20.000000
v -27.017000 41.908000 -20.000000
v -27.588000 40.453000 -20.000000
v -26.108000 43.272000 -20.000000
v -26.341000 41.727000 -20.000000
v -26.574000 40.182000 -20.000000
v -25.758000 43.259000 -20.000000
v -25.641000 41.701000 -20.000000
v -25.525000 40.142000 -20.000000
v -25.414000 43.324000 -20.000000
v -24.954000 41.831000 -20.000000
v -24.493000 40.338000 -20.000000
v -25.094000 43.464000 -20.000000
v -27.717000 50.789000 -14.167000
v -27.717000 50.789000 -15.333000
v -27.717000 50.789000 -16.500000
v -27.717000 50.789000 -17.667000
v -27.717000 50.789000 -18.833000
v -27.717000 50.789000 -20.000000
v -26.342000 51.049000 -14.167000
v -26.342000 51.049000 -15.333000
v -26.342000 51.049000 -16.500000
v -26.342000 51.049000 -17.667000
v -26.342000 51.049000 -18.833000
v -26.342000 51.049000 -20.000000
v -24.943000 50.997000 -14.167000
v -24.943000 50.997000 -15.333000
v -24.943000 50.997000 -16.500000
v -24.943000 50.997000 -17.667000
v -24.943000 50.997000 -18.833000
v -24.943000 50.997000 -20.000000
v -23.591000 50.634000 -14.167000
v -23.591000 50.634000 -13.000000
v -23.591000 50.634000 -15.333000
v -23.591000 50.634000 -16.500000
v -23.591000 50.634000 -17.667000
v -23.591000 50.634000 -18.833000
v -23.591000 50.634000 -20.000000
v -22.353000 49.980000 -14.167000
v -22.353000 49.980000 -13.000000
v -22.353000 49.980000 -15.333000
v -22.353000 49.980000 -16.500000
v -22.353000 49.980000 -17.667000
v -22.353000 49.980000 -18.833000
v -22.353000 49.980000 -20.000000
v -21.292000 49.067000 -14.167000
v -21.292000 49.067000 -13.000000
v -21.292000 49.067000 -15.333000
v -21.292000 49.067000 -16.500000
v -21.292000 49.067000 -17.667000
v -21.292000 49.067000 -18.833000
v -21.292000 49.067000 -20.000000
v -26.336000 46.310000 -20.000000
v -26.796000 47.803000 -20.000000
v -27.438000 47.523000 -20.000000
v -27.257000 49.296000 -20.000000
v -25.992000 46.375000 -20.000000
v -26.109000 47.933000 -20.000000
v -26.225000 49.491000 -20.000000
v -25.642000 46.362000 -20.000000
v -25.409000 47.907000 -20.000000
v -25.176000 49.452000 -20.000000
v -25.304000 46.271000 -20.000000
v -24.733000 47.726000 -20.000000
v -24.162000 49.180000 -20.000000
v -24.995000 46.108000 -20.000000
v -24.115000 47.399000 -20.000000
v -23.234000 48.690000 -20.000000
v -24.730000 45.880000 -20.000000
v -23.584000 46.942000 -20.000000
v -22.439000 48.005000 -20.000000
v -24.522000 45.598000 -20.000000
v -23.169000 46.379000 -20.000000
v -21.816000 47.161000 -20.000000
v -24.382000 45.277000 -20.000000
v -22.889000 45.738000 -20.000000
v -21.396000 46.198000 -20.000000
v -24.317000 44.934000 -20.000000
v -22.759000 45.050000 -20.000000
v -21.201000 45.167000 -20.000000
v -24.330000 44.584000 -20.000000
v -22.785000 44.351000 -20.000000
v -21.240000 44.118000 -20.000000
v -24.421000 44.246000 -20.000000
v -22.966000 43.675000 -20.000000
v -21.512000 43.104000 -20.000000
v -19.695000 43.885000 -20.000000
v -24.584000 43.937000 -20.000000
v -23.293000 43.056000 -20.000000
v -22.002000 42.176000 -20.000000
v -24.812000 43.671000 -20.000000
v -23.749000 42.526000 -20.000000
v -22.687000 41.381000 -20.000000
v -21.624000 40.235000 -20.000000
v -24.313000 42.110000 -20.000000
v -23.531000 40.757000 -20.000000
v 53.313000 0.000000 -20.000000
v 51.750000 0.000000 -20.000000
v 53.273000 0.348000 -20.000000
v 54.797000 0.695000 -20.000000
v 54.875000 0.000000 -20.000000
v 56.320000 1.043000 -20.000000
v 56.438000 0.000000 -20.000000
v 57.843000 1.391000 -20.000000
v 58.000000 0.000000 -20.000000
v 53.158000 0.678000 -20.000000
v 54.566000 1.356000 -20.000000
v 55.973000 2.034000 -20.000000
v 57.381000 2.712000 -20.000000
v 52.972000 0.974000 -20.000000
v 54.193000 1.948000 -20.000000
v 52.724000 1.222000 -20.000000
v 53.698000 2.443000 -20.000000
v 52.428000 1.408000 -20.000000
v 53.106000 2.816000 -20.000000
v 52.098000 1.523000 -20.000000
v 52.445000 3.047000 -20.000000
v 51.750000 1.562000 -20.000000
v 51.750000 3.125000 -20.000000
v 51.750000 4.687000 -20.000000
v 51.402000 1.523000 -20.000000
v 51.055000 3.047000 -20.000000
v 50.707000 4.570000 -20.000000
v 51.072000 1.408000 -20.000000
v 50.394000 2.816000 -20.000000
v 49.716000 4.223000 -20.000000
v 49.038000 5.631000 -20.000000
v 50.776000 1.222000 -20.000000
v 49.802000 2.443000 -20.000000
v 48.827000 3.665000 -20.000000
v 47.853000 4.886000 -20.000000
v 50.528000 0.974000 -20.000000
v 49.307000 1.948000 -20.000000
v 48.085000 2.923000 -20.000000
v 46.864000 3.897000 -20.000000
v 50.342000 0.678000 -20.000000
v 48.934000 1.356000 -20.000000
v 47.527000 2.034000 -20.000000
v 46.119000 2.712000 -20.000000
v 50.227000 0.348000 -20.000000
v 48.703000 0.695000 -20.000000
v 47.180000 1.043000 -20.000000
v 45.657000 1.391000 -20.000000
v 50.188000 0.000000 -20.000000
v 48.625000 0.000000 -20.000000
v 47.063000 0.000000 -20.000000
v 57.843000 1.391000 -14.167000
v 58.000000 0.000000 -14.167000
v 57.843000 1.391000 -15.333000
v 58.000000 0.000000 -15.333000
v 57.843000 1.391000 -16.500000
v 58.000000 0.000000 -16.500000
v 57.843000 1.391000 -17.667000
v 58.000000 0.000000 -17.667000
v 57.843000 1.391000 -18.833000
v 58.000000 0.000000 -18.833000
v 57.381000 2.712000 -14.167000
v 57.381000 2.712000 -15.333000
v 57.381000 2.712000 -16.500000
v 57.381000 2.712000 -17.667000
v 57.381000 2.712000 -18.833000
v 56.636000 3.897000 -14.167000
v 56.636000 3.897000 -15.333000
v 56.636000 3.897000 -16.500000
v 56.636000 3.897000 -17.667000
v 56.636000 3.897000 -18.833000
v 55.646000 4.887000 -14.167000
v 55.646000 4.887000 -15.333000
v 55.646000 4.887000 -16.500000
v 55.646000 4.887000 -17.667000
v 55.646000 4.887000 -18.833000
v 54.461000 5.632000 -14.167000
v 54.461000 5.632000 -15.333000
v 54.461000 5.632000 -16.500000
v 54.461000 5.632000 -17.667000
v 54.461000 5.632000 -18.833000
v 53.139000 6.094000 -14.167000
v 53.139000 6.094000 -15.333000
v 53.139000 6.094000 -16.500000
v 53.139000 6.094000 -17.667000
v 53.139000 6.094000 -18.833000
v 49.038000 5.631000 -13.000000
v 4.304000 5.966000 -13.000000
v 5.000000 5.682000 -13.000000
v 2.010990 6.934260 -13.000000
v 1.108020 6.412960 -13.000000
v 0.206100 5.892270 -13.000000
v -0.695860 5.371560 -13.000000
v -1.597920 4.850780 -13.000000
v -2.500000 4.330000 -13.000000
v -24.033000 38.845000 -20.000000
v -19.903000 46.659000 -20.000000
v -19.642000 45.283000 -20.000000
v -19.057000 42.894000 -13.000000
v -25.161000 38.369000 -13.000000
v -23.933740 38.811740 -13.000000
v -27.260810 36.799660 -13.000000
v -24.554140 38.362450 -13.000000
v -24.915140 38.154120 -13.000000
v -21.645420 40.132490 -13.000000
v -23.391500 39.124000 -13.000000
v -23.201000 39.143500 -13.000000
v -21.847890 39.924800 -13.000000
v -20.945770 40.445610 -13.000000
v -21.666990 40.029240 -13.000000
v -20.584980 40.653900 -13.000000
v -20.043660 40.966410 -13.000000
v -19.502040 41.279090 -13.000000
v -19.141980 41.486960 -13.000000
v -18.419890 41.903830 -13.000000
v -18.239110 42.008200 -13.000000
v -27.260840 36.799700 -20.000000
v -26.357910 37.320840 -20.000000
v -25.455740 37.841540 -20.000000
v -24.554000 38.362000 -20.000000
v -23.651830 38.882710 -20.000000
v -22.749670 39.403400 -20.000000
v -21.847480 39.924110 -20.000000
v -20.945310 40.444820 -20.000000
v -20.584810 40.652890 -20.000000
v -21.645390 40.132540 -20.000000
v -21.667180 40.028180 -20.000000
v -3.402120 3.809200 -13.000000
v -4.304230 3.288390 -13.000000
v -5.205900 2.767840 -13.000000
v -6.108020 2.247040 -13.000000
v -7.010880 1.725810 -13.000000
v -7.565000 0.602500 -13.000000
v -7.217000 -0.000000 -13.000000
v -7.318720 0.744680 -13.000000
v -7.420440 1.489360 -13.000000
v 4.304000 5.966000 -20.000000
v 5.000000 5.682000 -20.000000
v -7.318500 0.744500 -20.000000
v -7.420080 1.489570 -20.000000
v -7.010890 1.725800 -20.000000
v -6.108030 2.247030 -20.000000
v -5.205910 2.767840 -20.000000
v -4.304220 3.288400 -20.000000
v -3.402110 3.809200 -20.000000
v -2.500000 4.330000 -20.000000
v -1.597890 4.850800 -20.000000
v -0.695780 5.371600 -20.000000
v 0.206340 5.892410 -20.000000
v 1.108000 6.412950 -20.000000
v 2.010890 6.934200 -20.000000
v 2.420010 7.170390 -20.000000
v 57.843000 1.391000 0.000000
v 58.000000 0.000000 0.000000
v 57.381000 2.712000 0.000000
v 56.636000 3.897000 0.000000
v 55.647000 4.886000 0.000000
v 54.462000 5.631000 0.000000
v 53.141000 6.093000 0.000000
v 51.750000 6.250000 0.000000
v 50.359000 6.093000 0.000000
v 49.038000 5.631000 0.000000
v 47.853000 4.886000 0.000000
v 46.864000 3.897000 0.000000
v 46.119000 2.712000 0.000000
v 45.657000 1.391000 0.000000
v 45.500000 0.000000 0.000000
v -2.923000 4.023000 -20.000000
v -3.346000 3.716000 -20.000000
v -3.483920 3.761970 -20.000000
v -2.991960 4.045990 -20.000000
v -2.007980 4.614050 -20.000000
v -2.022500 4.542500 -20.000000
v -1.515980 4.898090 -20.000000
v -1.545000 4.755000 -20.000000
v -2.992000 4.046000 -13.000000
v -2.923000 4.023000 -13.000000
v -3.483910 3.761970 -13.000000
v -3.346000 3.716000 -13.000000
v -2.022500 4.542500 -13.000000
v -1.545000 4.755000 -13.000000
v -1.515980 4.898090 -13.000000
v -2.007990 4.614040 -13.000000
v 5.000000 1.136000 -13.000000
v 4.891000 1.040000 -13.000000
v 4.945500 0.520000 -13.000000
v 5.000000 0.568000 -13.000000
v 45.500000 0.625000 -13.000000
v 45.578500 0.695500 -13.000000
v 5.000000 1.136000 -20.000000
v 4.945500 0.520000 -20.000000
v 4.891000 1.040000 -20.000000
v 5.000000 0.568000 -20.000000
v -23.291350 39.090760 -20.000000
v -23.391040 39.124340 -20.000000
v 57.383000 2.712000 14.300000
v 57.381000 2.712000 15.000000
v 56.638000 3.897000 14.300000
v 56.636000 3.897000 15.000000
v 55.649000 4.886000 14.300000
v 55.647000 4.886000 15.000000
v 54.464000 5.631000 14.300000
v 54.462000 5.631000 15.000000
v 53.143000 6.093000 14.300000
v 53.141000 6.093000 15.000000
v 51.752000 6.250000 14.300000
v 51.750000 6.250000 15.000000
v 50.361000 6.093000 14.300000
v 50.359000 6.093000 15.000000
v 49.040000 5.631000 14.300000
v 49.038000 5.631000 15.000000
v 47.855000 4.886000 14.300000
v 47.853000 4.886000 15.000000
v 46.866000 3.897000 14.300000
v 46.864000 3.897000 15.000000
v 46.121000 2.712000 14.300000
v 46.119000 2.712000 15.000000
v 57.845000 1.391000 13.000000
v 58.002000 0.000000 13.000000
v 57.845000 1.391000 11.700000
v 58.002000 0.000000 11.700000
v 57.383000 2.712000 13.000000
v 57.383000 2.712000 11.700000
v 56.638000 3.897000 13.000000
v 56.638000 3.897000 11.700000
v 55.649000 4.886000 13.000000
v 55.649000 4.886000 11.700000
v 54.464000 5.631000 13.000000
v 54.464000 5.631000 11.700000
v 53.143000 6.093000 13.000000
v 53.143000 6.093000 11.700000
v 51.752000 6.250000 13.000000
v 51.752000 6.250000 11.700000
v 50.361000 6.093000 13.000000
v 50.361000 6.093000 11.700000
v 49.040000 5.631000 13.000000
v 49.040000 5.631000 11.700000
v 47.855000 4.886000 13.000000
v 47.855000 4.886000 11.700000
v 46.866000 3.897000 13.000000
v 46.866000 3.897000 11.700000
v 46.121000 2.712000 13.000000
v 46.121000 2.712000 11.700000
v 45.659000 1.391000 13.000000
v 45.659000 1.391000 11.700000
v 45.502000 0.000000 13.000000
v 45.502000 0.000000 11.700000
v 50.188000 0.000000 15.000000
v 51.750000 0.000000 15.000000
v 50.227000 0.348000 15.000000
v 48.703000 0.695000 15.000000
v 48.625000 0.000000 15.000000
v 47.180000 1.043000 15.000000
v 47.063000 0.000000 15.000000
v 48.934000 1.356000 15.000000
v 47.527000 2.034000 15.000000
v 50.342000 0.678000 15.000000
v 50.528000 0.974000 15.000000
v 48.085000 2.923000 15.000000
v 50.776000 1.222000 15.000000
v 49.802000 2.443000 15.000000
v 49.307000 1.948000 15.000000
v 48.827000 3.665000 15.000000
v 51.072000 1.408000 15.000000
v 51.402000 1.523000 15.000000
v 51.055000 3.047000 15.000000
v 50.394000 2.816000 15.000000
v 50.707000 4.570000 15.000000
v 49.716000 4.223000 15.000000
v 51.750000 1.562000 15.000000
v 51.750000 3.125000 15.000000
v 52.445000 3.047000 15.000000
v 52.793000 4.570000 15.000000
v 51.750000 4.687000 15.000000
v 52.098000 1.523000 15.000000
v 52.428000 1.408000 15.000000
v 53.106000 2.816000 15.000000
v 53.784000 4.223000 15.000000
v 53.698000 2.443000 15.000000
v 54.673000 3.665000 15.000000
v 52.724000 1.222000 15.000000
v 52.972000 0.974000 15.000000
v 55.415000 2.923000 15.000000
v 53.158000 0.678000 15.000000
v 54.566000 1.356000 15.000000
v 54.193000 1.948000 15.000000
v 53.273000 0.348000 15.000000
v 54.797000 0.695000 15.000000
v 56.320000 1.043000 15.000000
v 55.973000 2.034000 15.000000
v 53.313000 0.000000 15.000000
v 54.875000 0.000000 15.000000
v 56.438000 0.000000 15.000000
v 45.502000 0.000000 3.900000
v 45.659000 1.391000 3.900000
v 45.502000 0.000000 5.200000
v 45.659000 1.391000 5.200000
v 45.502000 0.000000 6.500000
v 45.659000 1.391000 6.500000
v 45.502000 0.000000 7.800000
v 45.659000 1.391000 7.800000
v 45.502000 0.000000 9.100000
v 45.659000 1.391000 9.100000
v 45.502000 0.000000 10.400000
v 45.659000 1.391000 10.400000
v 46.121000 2.712000 3.900000
v 46.121000 2.712000 5.200000
v 46.121000 2.712000 6.500000
v 46.121000 2.712000 7.800000
v 46.121000 2.712000 9.100000
v 46.121000 2.712000 10.400000
v 46.866000 3.897000 3.900000
v 46.866000 3.897000 5.200000
v 46.866000 3.897000 6.500000
v 46.866000 3.897000 7.800000
v 46.866000 3.897000 9.100000
v 46.866000 3.897000 10.400000
v 47.855000 4.886000 3.900000
v 47.855000 4.886000 5.200000
v 47.855000 4.886000 6.500000
v 47.855000 4.886000 7.800000
v 47.855000 4.886000 9.100000
v 47.855000 4.886000 10.400000
v 49.040000 5.631000 3.900000
v 49.040000 5.631000 5.200000
v 49.040000 5.631000 6.500000
v 49.040000 5.631000 7.800000
v 49.040000 5.631000 9.100000
v 49.040000 5.631000 10.400000
v 50.361000 6.093000 3.900000
v 50.361000 6.093000 5.200000
v 50.361000 6.093000 6.500000
v 50.361000 6.093000 7.800000
v 50.361000 6.093000 9.100000
v 50.361000 6.093000 10.400000
v 51.752000 6.250000 3.900000
v 51.752000 6.250000 5.200000
v 51.752000 6.250000 6.500000
v 51.752000 6.250000 7.800000
v 51.752000 6.250000 9.100000
v 51.752000 6.250000 10.400000
v 53.143000 6.093000 3.900000
v 53.143000 6.093000 5.200000
v 53.143000 6.093000 6.500000
v 53.143000 6.093000 7.800000
v 53.143000 6.093000 9.100000
v 53.143000 6.093000 10.400000
v 54.464000 5.631000 3.900000
v 54.464000 5.631000 5.200000
v 54.464000 5.631000 6.500000
v 54.464000 5.631000 7.800000
v 54.464000 5.631000 9.100000
v 54.464000 5.631000 10.400000
v 55.649000 4.886000 3.900000
v 55.649000 4.886000 5.200000
v 55.649000 4.886000 6.500000
v 55.649000 4.886000 7.800000
v 55.649000 4.886000 9.100000
v 55.649000 4.886000 10.400000
v 56.638000 3.897000 3.900000
v 56.638000 3.897000 5.200000
v 56.638000 3.897000 6.500000
v 56.638000 3.897000 7.800000
v 56.638000 3.897000 9.100000
v 56.638000 3.897000 10.400000
v 57.383000 2.712000 3.900000
v 57.383000 2.712000 5.200000
v 57.383000 2.712000 6.500000
v 57.383000 2.712000 7.800000
v 57.383000 2.712000 9.100000
v 57.383000 2.712000 10.400000
v 57.845000 1.391000 3.900000
v 57.845000 1.391000 5.200000
v 57.845000 1.391000 6.500000
v 57.845000 1.391000 7.800000
v 57.845000 1.391000 9.100000
v 57.845000 1.391000 10.400000
v 58.002000 0.000000 3.900000
v 58.002000 0.000000 5.200000
v 58.002000 0.000000 6.500000
v 58.002000 0.000000 7.800000
v 58.002000 0.000000 9.100000
v 58.002000 0.000000 10.400000
v 1.545000 4.755000 14.300000
v 1.545000 4.755000 15.000000
v 2.500000 4.330000 15.000000
v 2.500000 4.330000 14.300000
v 5.000000 0.000000 2.600000
v 4.891000 1.040000 2.600000
v 4.891000 1.040000 3.900000
v 5.000000 0.000000 3.900000
v 4.891000 1.040000 5.200000
v 5.000000 0.000000 5.200000
v 4.891000 1.040000 6.500000
v 5.000000 0.000000 6.500000
v 4.891000 1.040000 7.800000
v 5.000000 0.000000 7.800000
v 4.891000 1.040000 9.100000
v 5.000000 0.000000 9.100000
v 4.891000 1.040000 10.400000
v 5.000000 0.000000 10.400000
v 4.568000 2.034000 2.600000
v 4.568000 2.034000 3.900000
v 4.568000 2.034000 5.200000
v 4.568000 2.034000 6.500000
v 4.568000 2.034000 7.800000
v 4.568000 2.034000 9.100000
v 4.568000 2.034000 10.400000
v 4.045000 2.939000 2.600000
v 4.045000 2.939000 3.900000
v 4.045000 2.939000 5.200000
v 4.045000 2.939000 6.500000
v 4.045000 2.939000 7.800000
v 4.045000 2.939000 9.100000
v 4.045000 2.939000 10.400000
v 4.045000 2.939000 1.300000
v 3.346000 3.716000 1.300000
v 3.346000 3.716000 2.600000
v 3.346000 3.716000 3.900000
v 3.346000 3.716000 5.200000
v 3.346000 3.716000 6.500000
v 3.346000 3.716000 7.800000
v 3.346000 3.716000 9.100000
v 3.346000 3.716000 10.400000
v 2.500000 4.330000 1.300000
v 2.500000 4.330000 2.600000
v 2.500000 4.330000 3.900000
v 2.500000 4.330000 5.200000
v 2.500000 4.330000 6.500000
v 2.500000 4.330000 7.800000
v 2.500000 4.330000 9.100000
v 2.500000 4.330000 10.400000
v -2.500000 4.330000 1.300000
v -2.500000 4.330000 2.600000
v -1.545000 4.755000 2.600000
v -1.545000 4.755000 1.300000
v -2.500000 4.330000 3.900000
v -1.545000 4.755000 3.900000
v -2.500000 4.330000 5.200000
v -1.545000 4.755000 5.200000
v -2.500000 4.330000 6.500000
v -1.545000 4.755000 6.500000
v -2.500000 4.330000 7.800000
v -1.545000 4.755000 7.800000
v -2.500000 4.330000 9.100000
v -1.545000 4.755000 9.100000
v -2.500000 4.330000 10.400000
v -1.545000 4.755000 10.400000
v -0.523000 4.973000 2.600000
v -0.523000 4.973000 1.300000
v -0.523000 4.973000 3.900000
v -0.523000 4.973000 5.200000
v -0.523000 4.973000 6.500000
v -0.523000 4.973000 7.800000
v -0.523000 4.973000 9.100000
v -0.523000 4.973000 10.400000
v 0.523000 4.973000 2.600000
v 0.523000 4.973000 1.300000
v 0.523000 4.973000 3.900000
v 0.523000 4.973000 5.200000
v 0.523000 4.973000 6.500000
v 0.523000 4.973000 7.800000
v 0.523000 4.973000 9.100000
v 0.523000 4.973000 10.400000
v 1.545000 4.755000 2.600000
v 1.545000 4.755000 1.300000
v 1.545000 4.755000 3.900000
v 1.545000 4.755000 5.200000
v 1.545000 4.755000 6.500000
v 1.545000 4.755000 7.800000
v 1.545000 4.755000 9.100000
v 1.545000 4.755000 10.400000
v -3.346000 3.716000 1.300000
v -3.346000 3.716000 2.600000
v -3.346000 3.716000 3.900000
v -3.346000 3.716000 5.200000
v -3.346000 3.716000 6.500000
v -3.346000 3.716000 7.800000
v -3.346000 3.716000 9.100000
v -3.346000 3.716000 10.400000
v -4.045000 2.939000 1.300000
v -4.045000 2.939000 2.600000
v -4.045000 2.939000 3.900000
v -4.045000 2.939000 5.200000
v -4.045000 2.939000 6.500000
v -4.045000 2.939000 7.800000
v -4.045000 2.939000 9.100000
v -4.045000 2.939000 10.400000
v -4.568000 2.034000 1.300000
v -4.568000 2.034000 2.600000
v -4.568000 2.034000 3.900000
v -4.568000 2.034000 5.200000
v -4.568000 2.034000 6.500000
v -4.568000 2.034000 7.800000
v -4.568000 2.034000 9.100000
v -4.568000 2.034000 10.400000
v -4.891000 1.040000 2.600000
v -4.891000 1.040000 3.900000
v -4.891000 1.040000 5.200000
v -4.891000 1.040000 6.500000
v -4.891000 1.040000 7.800000
v -4.891000 1.040000 9.100000
v -4.891000 1.040000 10.400000
v -4.891000 1.040000 1.300000
v -5.000000 0.000000 1.300000
v -5.000000 0.000000 2.600000
v -5.000000 0.000000 3.900000
v -5.000000 0.000000 5.200000
v -5.000000 0.000000 6.500000
v -5.000000 0.000000 7.800000
v -5.000000 0.000000 9.100000
v -5.000000 0.000000 10.400000
v 1.223000 0.260000 15.000000
v 0.000000 0.000000 15.000000
v 1.250000 0.000000 15.000000
v 2.500000 0.000000 15.000000
v 2.445000 0.520000 15.000000
v 3.750000 0.000000 15.000000
v 3.668000 0.780000 15.000000
v 5.000000 0.000000 15.000000
v 4.891000 1.040000 15.000000
v 1.142000 0.508000 15.000000
v 2.284000 1.017000 15.000000
v 3.426000 1.525000 15.000000
v 4.568000 2.034000 15.000000
v 1.011000 0.735000 15.000000
v 2.023000 1.469000 15.000000
v 3.034000 2.204000 15.000000
v 4.045000 2.939000 15.000000
v 0.836000 0.929000 15.000000
v 1.673000 1.858000 15.000000
v 2.509000 2.787000 15.000000
v 3.346000 3.716000 15.000000
v 0.625000 1.083000 15.000000
v 1.250000 2.165000 15.000000
v 1.875000 3.248000 15.000000
v -0.625000 1.083000 15.000000
v -0.386000 1.189000 15.000000
v -0.773000 2.378000 15.000000
v -1.250000 2.165000 15.000000
v -1.159000 3.566000 15.000000
v -1.875000 3.248000 15.000000
v -1.545000 4.755000 15.000000
v -2.500000 4.330000 15.000000
v -0.131000 1.243000 15.000000
v -0.261000 2.486000 15.000000
v -0.392000 3.729000 15.000000
v -0.523000 4.973000 15.000000
v 0.131000 1.243000 15.000000
v 0.261000 2.486000 15.000000
v 0.392000 3.729000 15.000000
v 0.523000 4.973000 15.000000
v 0.386000 1.189000 15.000000
v 0.773000 2.378000 15.000000
v 1.159000 3.566000 15.000000
v -0.836000 0.929000 15.000000
v -1.673000 1.858000 15.000000
v -2.509000 2.787000 15.000000
v -3.346000 3.716000 15.000000
v -1.011000 0.735000 15.000000
v -2.023000 1.469000 15.000000
v -3.034000 2.204000 15.000000
v -4.045000 2.939000 15.000000
v -1.142000 0.508000 15.000000
v -2.284000 1.017000 15.000000
v -3.426000 1.525000 15.000000
v -4.568000 2.034000 15.000000
v -1.223000 0.260000 15.000000
v -2.445000 0.520000 15.000000
v -3.668000 0.780000 15.000000
v -4.891000 1.040000 15.000000
v -1.250000 0.000000 15.000000
v -2.500000 0.000000 15.000000
v -3.750000 0.000000 15.000000
v -5.000000 0.000000 15.000000
v -4.891000 1.040000 11.700000
v -5.000000 0.000000 11.700000
v -5.000000 0.000000 13.000000
v -4.891000 1.040000 13.000000
v -4.568000 2.034000 11.700000
v -4.568000 2.034000 13.000000
v -4.045000 2.939000 11.700000
v -4.045000 2.939000 13.000000
v -3.346000 3.716000 11.700000
v -3.346000 3.716000 13.000000
v -2.500000 4.330000 11.700000
v -2.500000 4.330000 13.000000
v 1.545000 4.755000 11.700000
v 1.545000 4.755000 13.000000
v 2.500000 4.330000 13.000000
v 2.500000 4.330000 11.700000
v 0.523000 4.973000 11.700000
v 0.523000 4.973000 13.000000
v -0.523000 4.973000 11.700000
v -0.523000 4.973000 13.000000
v -1.545000 4.755000 11.700000
v -1.545000 4.755000 13.000000
v 3.346000 3.716000 11.700000
v 3.346000 3.716000 13.000000
v 4.045000 2.939000 11.700000
v 4.045000 2.939000 13.000000
v 4.568000 2.034000 11.700000
v 4.568000 2.034000 13.000000
v 4.891000 1.040000 11.700000
v 4.891000 1.040000 13.000000
v 5.000000 0.000000 11.700000
v 5.000000 0.000000 13.000000
v 4.891000 1.040000 14.300000
v 5.000000 0.000000 14.300000
v 4.568000 2.034000 14.300000
v 4.045000 2.939000 14.300000
v 3.346000 3.716000 14.300000
v -2.500000 4.330000 14.300000
v -1.545000 4.755000 14.300000
v -0.523000 4.973000 14.300000
v 0.523000 4.973000 14.300000
v -3.346000 3.716000 14.300000
v -4.045000 2.939000 14.300000
v -4.568000 2.034000 14.300000
v -4.891000 1.040000 14.300000
v -5.000000 0.000000 14.300000
v 45.500000 0.625000 -20.000000
v 45.578500 0.695000 -20.000000
v -5.000000 -0.000000 -20.000000
v -6.210000 0.745000 -20.000000
v -5.664000 1.549000 -20.000000
v -4.891000 1.040000 -20.000000
v -5.010000 2.330000 -20.000000
v -4.568000 2.034000 -20.000000
v -4.257000 3.066000 -20.000000
v -4.045000 2.939000 -20.000000
v -3.415000 3.739000 -20.000000
v 2.460000 5.751000 -20.000000
v 2.500000 4.330000 -20.000000
v 1.491000 5.679000 -20.000000
v 1.545000 4.755000 -20.000000
v 0.487000 5.504000 -20.000000
v 0.523000 4.973000 -20.000000
v -0.527000 5.220000 -20.000000
v -0.523000 4.973000 -20.000000
v 3.750000 5.006000 -20.000000
v 4.173000 4.131000 -20.000000
v 3.346000 3.716000 -20.000000
v 5.000000 4.545000 -20.000000
v 4.523000 3.174000 -20.000000
v 4.045000 2.939000 -20.000000
v 5.000000 3.409000 -20.000000
v 4.784000 2.153000 -20.000000
v 4.568000 2.034000 -20.000000
v 5.000000 2.273000 -20.000000
v -1.223000 0.260000 -20.000000
v 0.000000 0.000000 -20.000000
v -1.250000 -0.000000 -20.000000
v -2.445000 0.520000 -20.000000
v -2.500000 -0.000000 -20.000000
v -3.668000 0.780000 -20.000000
v -3.750000 -0.000000 -20.000000
v -1.142000 0.508000 -20.000000
v -2.284000 1.017000 -20.000000
v -3.426000 1.525000 -20.000000
v -1.011000 0.735000 -20.000000
v -2.023000 1.469000 -20.000000
v -3.034000 2.204000 -20.000000
v -0.836000 0.929000 -20.000000
v -1.673000 1.858000 -20.000000
v -2.509000 2.787000 -20.000000
v -0.625000 1.083000 -20.000000
v -1.250000 2.165000 -20.000000
v -1.875000 3.248000 -20.000000
v -0.386000 1.189000 -20.000000
v -0.773000 2.378000 -20.000000
v -1.159000 3.566000 -20.000000
v -0.131000 1.243000 -20.000000
v -0.261000 2.486000 -20.000000
v -0.392000 3.729000 -20.000000
v 0.131000 1.243000 -20.000000
v 0.261000 2.486000 -20.000000
v 0.392000 3.729000 -20.000000
v 0.386000 1.189000 -20.000000
v 0.773000 2.378000 -20.000000
v 1.159000 3.566000 -20.000000
v 0.625000 1.083000 -20.000000
v 1.250000 2.165000 -20.000000
v 1.875000 3.248000 -20.000000
v 0.836000 0.929000 -20.000000
v 1.673000 1.858000 -20.000000
v 2.509000 2.787000 -20.000000
v 1.011000 0.735000 -20.000000
v 2.023000 1.469000 -20.000000
v 3.034000 2.204000 -20.000000
v 1.142000 0.508000 -20.000000
v 2.284000 1.017000 -20.000000
v 3.426000 1.525000 -20.000000
v 1.223000 0.260000 -20.000000
v 2.445000 0.520000 -20.000000
v 3.668000 0.780000 -20.000000
v 1.250000 0.000000 -20.000000
v 2.500000 0.000000 -20.000000
v 3.750000 0.000000 -20.000000
v -6.436580 2.057360 -20.000000
v -5.451810 2.625880 -20.000000
v -4.467880 3.193920 -20.000000
v -0.532010 5.466150 -20.000000
v 0.452050 6.034260 -20.000000
v 1.436040 6.602330 -20.000000
v -1.530340 4.827260 -20.000000
v -6.210000 0.745000 -13.000000
v -5.000000 -0.000000 -13.000000
v -5.664000 1.549000 -13.000000
v -4.891000 1.040000 -13.000000
v -5.010000 2.330000 -13.000000
v -4.568000 2.034000 -13.000000
v -4.257000 3.066000 -13.000000
v -4.045000 2.939000 -13.000000
v -3.415000 3.739000 -13.000000
v 2.500000 4.330000 -13.000000
v 2.460000 5.751000 -13.000000
v 1.491000 5.679000 -13.000000
v 1.545000 4.755000 -13.000000
v 0.487000 5.504000 -13.000000
v 0.523000 4.973000 -13.000000
v -0.527000 5.220000 -13.000000
v -0.523000 4.973000 -13.000000
v 3.750000 5.006000 -13.000000
v 4.173000 4.131000 -13.000000
v 3.346000 3.716000 -13.000000
v 5.000000 4.545000 -13.000000
v 4.523000 3.174000 -13.000000
v 4.045000 2.939000 -13.000000
v 5.000000 3.409000 -13.000000
v 4.784000 2.153000 -13.000000
v 4.568000 2.034000 -13.000000
v 5.000000 2.273000 -13.000000
v -4.891000 1.040000 -2.600000
v -5.000000 -0.000000 -2.600000
v -5.000000 -0.000000 -1.300000
v -4.891000 1.040000 -1.300000
v -4.891000 1.040000 -3.900000
v -5.000000 -0.000000 -3.900000
v -4.891000 1.040000 -5.200000
v -5.000000 -0.000000 -5.200000
v -4.891000 1.040000 -6.500000
v -5.000000 -0.000000 -6.500000
v -4.891000 1.040000 -7.800000
v -5.000000 -0.000000 -7.800000
v -4.891000 1.040000 -9.100000
v -5.000000 -0.000000 -9.100000
v -4.891000 1.040000 -10.400000
v -5.000000 -0.000000 -10.400000
v -4.891000 1.040000 -11.700000
v -5.000000 -0.000000 -11.700000
v -4.568000 2.034000 -3.900000
v -4.568000 2.034000 -2.600000
v -4.568000 2.034000 -5.200000
v -4.568000 2.034000 -6.500000
v -4.568000 2.034000 -7.800000
v -4.568000 2.034000 -9.100000
v -4.568000 2.034000 -10.400000
v -4.568000 2.034000 -11.700000
v -4.045000 2.939000 -3.900000
v -4.045000 2.939000 -2.600000
v -4.045000 2.939000 -5.200000
v -4.045000 2.939000 -6.500000
v -4.045000 2.939000 -7.800000
v -4.045000 2.939000 -9.100000
v -4.045000 2.939000 -10.400000
v -4.045000 2.939000 -11.700000
v -3.346000 3.716000 -5.200000
v -3.346000 3.716000 -3.900000
v -3.346000 3.716000 -6.500000
v -3.346000 3.716000 -7.800000
v -3.346000 3.716000 -9.100000
v -3.346000 3.716000 -10.400000
v -3.346000 3.716000 -11.700000
v -2.500000 4.330000 -3.900000
v -3.346000 3.716000 -2.600000
v -2.500000 4.330000 -2.600000
v -2.500000 4.330000 -5.200000
v -2.500000 4.330000 -6.500000
v -2.500000 4.330000 -7.800000
v -2.500000 4.330000 -9.100000
v -2.500000 4.330000 -10.400000
v -2.500000 4.330000 -11.700000
v 1.545000 4.755000 -3.900000
v 1.545000 4.755000 -2.600000
v 2.500000 4.330000 -2.600000
v 2.500000 4.330000 -3.900000
v 1.545000 4.755000 -5.200000
v 2.500000 4.330000 -5.200000
v 1.545000 4.755000 -6.500000
v 2.500000 4.330000 -6.500000
v 1.545000 4.755000 -7.800000
v 2.500000 4.330000 -7.800000
v 1.545000 4.755000 -9.100000
v 2.500000 4.330000 -9.100000
v 1.545000 4.755000 -10.400000
v 2.500000 4.330000 -10.400000
v 1.545000 4.755000 -11.700000
v 2.500000 4.330000 -11.700000
v 0.523000 4.973000 -3.900000
v 0.523000 4.973000 -2.600000
v 0.523000 4.973000 -5.200000
v 0.523000 4.973000 -6.500000
v 0.523000 4.973000 -7.800000
v 0.523000 4.973000 -9.100000
v 0.523000 4.973000 -10.400000
v 0.523000 4.973000 -11.700000
v -0.523000 4.973000 -3.900000
v -0.523000 4.973000 -2.600000
v -0.523000 4.973000 -5.200000
v -0.523000 4.973000 -6.500000
v -0.523000 4.973000 -7.800000
v -0.523000 4.973000 -9.100000
v -0.523000 4.973000 -10.400000
v -0.523000 4.973000 -11.700000
v -1.545000 4.755000 -3.900000
v -1.545000 4.755000 -2.600000
v -1.545000 4.755000 -5.200000
v -1.545000 4.755000 -6.500000
v -1.545000 4.755000 -7.800000
v -1.545000 4.755000 -9.100000
v -1.545000 4.755000 -10.400000
v -1.545000 4.755000 -11.700000
v 3.346000 3.716000 -5.200000
v 3.346000 3.716000 -3.900000
v 3.346000 3.716000 -6.500000
v 3.346000 3.716000 -7.800000
v 3.346000 3.716000 -9.100000
v 3.346000 3.716000 -10.400000
v 3.346000 3.716000 -11.700000
v 4.045000 2.939000 -5.200000
v 4.045000 2.939000 -3.900000
v 4.045000 2.939000 -6.500000
v 4.045000 2.939000 -7.800000
v 4.045000 2.939000 -9.100000
v 4.045000 2.939000 -10.400000
v 4.045000 2.939000 -11.700000
v 4.568000 2.034000 -3.900000
v 4.045000 2.939000 -2.600000
v 4.568000 2.034000 -2.600000
v 4.568000 2.034000 -5.200000
v 4.568000 2.034000 -6.500000
v 4.568000 2.034000 -7.800000
v 4.568000 2.034000 -9.100000
v 4.568000 2.034000 -10.400000
v 4.568000 2.034000 -11.700000
v 4.891000 1.040000 -3.900000
v 4.891000 1.040000 -2.600000
v 4.891000 1.040000 -5.200000
v 4.891000 1.040000 -6.500000
v 4.891000 1.040000 -7.800000
v 4.891000 1.040000 -9.100000
v 4.891000 1.040000 -10.400000
v 4.891000 1.040000 -11.700000
v 5.000000 0.000000 -3.900000
v 5.000000 0.000000 -2.600000
v 5.000000 0.000000 -5.200000
v 5.000000 0.000000 -6.500000
v 5.000000 0.000000 -7.800000
v 5.000000 0.000000 -9.100000
v 5.000000 0.000000 -10.400000
v 5.000000 0.000000 -11.700000
v 2.420030 7.170400 -13.000000
v 1.436040 6.602330 -13.000000
v -1.530350 4.827240 -13.000000
v -0.531980 5.466160 -13.000000
v 0.452030 6.034250 -13.000000
v -4.467870 3.193920 -13.000000
v -5.451810 2.625880 -13.000000
v -6.436560 2.057370 -13.000000
v -22.187000 39.819500 -13.000000
v -22.208670 39.715650 -20.000000
v -22.187100 39.819030 -20.000000
v -4.047000 2.939000 -1.300000
v -4.570000 2.034000 -1.300000
v -4.570000 2.034000 0.000000
v -4.047000 2.939000 0.000000
v -3.348000 3.716000 -1.300000
v -3.348000 3.716000 0.000000
v -2.502000 4.330000 -1.300000
v -2.502000 4.330000 0.000000
v 1.543000 4.755000 -1.300000
v 1.543000 4.755000 0.000000
v 2.498000 4.330000 0.000000
v 2.498000 4.330000 -1.300000
v 0.521000 4.973000 -1.300000
v 0.521000 4.973000 0.000000
v -1.547000 4.755000 -1.300000
v -1.547000 4.755000 0.000000
v -0.525000 4.973000 0.000000
v -0.525000 4.973000 -1.300000
v 3.344000 3.716000 -1.300000
v 3.344000 3.716000 0.000000
v 4.043000 2.939000 -1.300000
v 4.043000 2.939000 0.000000
v 4.566000 2.034000 -1.300000
v 4.566000 2.034000 0.000000
v 4.889000 1.040000 0.000000
v 4.566000 2.034000 1.300000
v 4.889000 1.040000 1.300000
v 4.889000 1.040000 -1.300000
v 4.998000 0.000000 -1.300000
v 4.998000 0.000000 0.000000
v 4.945000 1.087560 -13.000000
v 3.014000 6.710210 -13.000000
v 3.260500 6.852500 -13.000000
v 3.013610 6.710500 -20.000000
v 4.945000 1.087560 -20.000000
v -23.832240 38.779000 -13.000000
v -22.299000 39.664370 -13.000000
v -4.893000 1.040000 0.000000
v -5.002000 -0.000000 0.000000
v -5.002000 0.000000 1.300000
v -4.047000 2.939000 1.300000
v 4.998000 0.000000 1.300000
v 3.344330 3.716000 -2.600000
v -18.238600 42.007630 -20.000000
v 45.659000 -1.391000 2.600000
v 45.657000 -1.391000 1.300000
v 46.121000 -2.712000 2.600000
v 46.119000 -2.712000 1.300000
v 46.866000 -3.897000 2.600000
v 46.864000 -3.897000 1.300000
v 47.855000 -4.886000 2.600000
v 47.853000 -4.886000 1.300000
v 49.040000 -5.631000 2.600000
v 49.038000 -5.631000 1.300000
v 50.361000 -6.093000 2.600000
v 50.359000 -6.093000 1.300000
v 51.752000 -6.250000 2.600000
v 51.750000 -6.250000 1.300000
v 53.143000 -6.093000 2.600000
v 53.141000 -6.093000 1.300000
v 54.464000 -5.631000 2.600000
v 54.462000 -5.631000 1.300000
v 55.649000 -4.886000 2.600000
v 55.647000 -4.886000 1.300000
v 56.638000 -3.897000 2.600000
v 56.636000 -3.897000 1.300000
v 57.383000 -2.712000 2.600000
v 57.381000 -2.712000 1.300000
v 57.845000 -1.391000 2.600000
v 57.843000 -1.391000 1.300000
v -20.043140 -40.965530 -20.000000
v -19.141420 -41.486120 -20.000000
v -18.332000 -40.085000 -20.000000
v -19.234000 -39.564000 -20.000000
v -19.057000 -42.894000 -20.000000
v -18.419320 -41.903240 -20.000000
v -19.501620 -41.278070 -20.000000
v -19.780000 -41.906000 -20.000000
v -18.490000 -43.906000 -20.000000
v -17.337000 -42.529000 -20.000000
v -26.402000 -38.083000 -20.000000
v -25.161000 -38.369000 -20.000000
v -24.914380 -38.154000 -20.000000
v -25.997780 -37.528700 -20.000000
v -27.619000 -37.951000 -20.000000
v -27.080030 -36.904060 -20.000000
v -23.933440 -38.811830 -20.000000
v -23.832750 -38.778280 -20.000000
v 55.646000 -4.887000 -20.000000
v 56.636000 -3.897000 -20.000000
v 55.415000 -2.923000 -20.000000
v 54.673000 -3.665000 -20.000000
v 54.461000 -5.632000 -20.000000
v 53.784000 -4.223000 -20.000000
v 53.139000 -6.094000 -20.000000
v 52.793000 -4.570000 -20.000000
v 49.038000 -5.631000 -10.400000
v 49.038000 -5.631000 -9.100000
v 50.359000 -6.093000 -9.100000
v 50.359000 -6.093000 -10.400000
v 50.186000 -6.250000 -13.000000
v 51.053000 -6.171500 -13.000000
v 50.967000 -6.250000 -13.000000
v 46.864000 -3.897000 -13.000000
v 46.182000 -3.823000 -13.000000
v 45.809000 -2.606000 -13.000000
v 46.119000 -2.712000 -13.000000
v 47.852000 -4.886000 -13.000000
v 46.676000 -4.943000 -13.000000
v 55.646000 -4.887000 -13.000000
v 55.647000 -4.886000 -11.700000
v 56.636000 -3.897000 -11.700000
v 56.636000 -3.897000 -13.000000
v 54.461000 -5.632000 -13.000000
v 54.462000 -5.631000 -11.700000
v 53.139000 -6.094000 -13.000000
v 53.141000 -6.093000 -11.700000
v 51.748000 -6.250000 -13.000000
v 51.750000 -6.250000 -11.700000
v 57.845000 -1.391000 14.300000
v 57.843000 -1.391000 15.000000
v 45.657000 -1.391000 15.000000
v 45.659000 -1.391000 14.300000
v -20.181500 -47.298500 -13.000000
v -20.070500 -47.263500 -13.000000
v -20.461000 -47.940000 -13.000000
v -3.567000 -18.679000 -18.833000
v -2.757000 -17.276000 -18.833000
v -2.757000 -17.276000 -20.000000
v -3.567000 -18.679000 -20.000000
v -20.057000 -42.533000 14.300000
v -19.695000 -43.885000 14.300000
v -19.695000 -43.885000 15.000000
v -20.057000 -42.533000 15.000000
v -20.711000 -41.296000 14.300000
v -20.711000 -41.296000 15.000000
v -21.624000 -40.235000 14.300000
v -21.624000 -40.235000 15.000000
v -22.750000 -39.404000 14.300000
v -22.750000 -39.404000 15.000000
v -24.033000 -38.844000 15.000000
v -24.033000 -38.844000 14.300000
v -25.408000 -38.584000 15.000000
v -25.408000 -38.584000 14.300000
v -26.807000 -38.637000 15.000000
v -26.807000 -38.637000 14.300000
v -28.158000 -38.999000 15.000000
v -28.158000 -38.999000 14.300000
v -29.396000 -39.653000 15.000000
v -29.396000 -39.653000 14.300000
v -30.457000 -40.566000 15.000000
v -30.457000 -40.566000 14.300000
v -31.288000 -41.692000 15.000000
v -31.288000 -41.692000 14.300000
v -31.847000 -42.975000 15.000000
v -31.847000 -42.975000 14.300000
v -32.108000 -44.350000 15.000000
v -32.108000 -44.350000 14.300000
v -32.055000 -45.748000 15.000000
v -32.055000 -45.748000 14.300000
v -31.693000 -47.100000 15.000000
v -31.693000 -47.100000 14.300000
v -31.039000 -48.338000 15.000000
v -31.039000 -48.338000 14.300000
v -30.126000 -49.398000 15.000000
v -30.126000 -49.398000 14.300000
v -29.000000 -50.229000 15.000000
v -29.000000 -50.229000 14.300000
v -27.717000 -50.789000 14.300000
v -27.717000 -50.789000 15.000000
v -26.342000 -51.049000 14.300000
v -26.342000 -51.049000 15.000000
v -24.943000 -50.997000 14.300000
v -24.943000 -50.997000 15.000000
v -23.592000 -50.635000 14.300000
v -23.592000 -50.635000 15.000000
v -22.354000 -49.981000 14.300000
v -22.354000 -49.981000 15.000000
v -21.293000 -49.068000 14.300000
v -21.293000 -49.068000 15.000000
v -20.462000 -47.942000 14.300000
v -20.462000 -47.942000 15.000000
v -19.903000 -46.659000 14.300000
v -19.903000 -46.659000 15.000000
v -19.642000 -45.284000 14.300000
v -19.642000 -45.284000 15.000000
v -22.750000 -39.404000 13.000000
v -21.624000 -40.235000 13.000000
v -20.711000 -41.296000 13.000000
v -20.057000 -42.533000 13.000000
v -19.695000 -43.885000 13.000000
v -19.642000 -45.284000 13.000000
v -19.903000 -46.659000 13.000000
v -20.462000 -47.942000 13.000000
v -21.293000 -49.068000 13.000000
v -22.354000 -49.981000 13.000000
v -23.592000 -50.635000 13.000000
v -24.943000 -50.997000 13.000000
v -26.342000 -51.049000 13.000000
v -27.717000 -50.789000 13.000000
v -29.000000 -50.229000 13.000000
v -24.033000 -38.844000 13.000000
v -25.408000 -38.584000 13.000000
v -26.807000 -38.637000 13.000000
v -28.158000 -38.999000 13.000000
v -29.396000 -39.653000 13.000000
v -30.457000 -40.566000 13.000000
v -31.288000 -41.692000 13.000000
v -31.847000 -42.975000 13.000000
v -32.108000 -44.350000 13.000000
v -32.055000 -45.748000 13.000000
v -31.693000 -47.100000 13.000000
v -31.039000 -48.338000 13.000000
v -30.126000 -49.398000 13.000000
v -30.126000 -49.398000 11.700000
v -29.000000 -50.229000 11.700000
v -30.126000 -49.398000 10.400000
v -29.000000 -50.229000 10.400000
v -30.126000 -49.398000 9.100000
v -29.000000 -50.229000 9.100000
v -31.039000 -48.338000 11.700000
v -31.039000 -48.338000 10.400000
v -31.039000 -48.338000 9.100000
v -31.693000 -47.100000 11.700000
v -31.693000 -47.100000 10.400000
v -31.693000 -47.100000 9.100000
v -32.055000 -45.748000 11.700000
v -32.055000 -45.748000 10.400000
v -32.055000 -45.748000 9.100000
v -32.108000 -44.350000 11.700000
v -32.108000 -44.350000 10.400000
v -32.108000 -44.350000 9.100000
v -31.847000 -42.975000 11.700000
v -31.847000 -42.975000 10.400000
v -31.847000 -42.975000 9.100000
v -31.288000 -41.692000 11.700000
v -31.288000 -41.692000 10.400000
v -31.288000 -41.692000 9.100000
v -30.457000 -40.566000 11.700000
v -30.457000 -40.566000 10.400000
v -30.457000 -40.566000 9.100000
v -29.396000 -39.653000 11.700000
v -29.396000 -39.653000 10.400000
v -29.396000 -39.653000 9.100000
v -28.158000 -38.999000 11.700000
v -28.158000 -38.999000 10.400000
v -28.158000 -38.999000 9.100000
v -26.807000 -38.637000 11.700000
v -26.807000 -38.637000 10.400000
v -26.807000 -38.637000 9.100000
v -25.408000 -38.584000 11.700000
v -25.408000 -38.584000 10.400000
v -25.408000 -38.584000 9.100000
v -24.033000 -38.844000 11.700000
v -24.033000 -38.844000 10.400000
v -24.033000 -38.844000 9.100000
v -22.750000 -39.404000 11.700000
v -22.750000 -39.404000 10.400000
v -22.750000 -39.404000 9.100000
v -27.717000 -50.789000 11.700000
v -27.717000 -50.789000 10.400000
v -27.717000 -50.789000 9.100000
v -26.342000 -51.049000 11.700000
v -26.342000 -51.049000 10.400000
v -26.342000 -51.049000 9.100000
v -24.943000 -50.997000 11.700000
v -24.943000 -50.997000 10.400000
v -24.943000 -50.997000 9.100000
v -23.592000 -50.635000 11.700000
v -23.592000 -50.635000 10.400000
v -23.592000 -50.635000 9.100000
v -22.354000 -49.981000 11.700000
v -22.354000 -49.981000 10.400000
v -22.354000 -49.981000 9.100000
v -21.293000 -49.068000 11.700000
v -21.293000 -49.068000 10.400000
v -21.293000 -49.068000 9.100000
v -20.462000 -47.942000 11.700000
v -20.462000 -47.942000 10.400000
v -20.462000 -47.942000 9.100000
v -19.903000 -46.659000 11.700000
v -19.903000 -46.659000 10.400000
v -19.903000 -46.659000 9.100000
v -19.642000 -45.284000 11.700000
v -19.642000 -45.284000 10.400000
v -19.642000 -45.284000 9.100000
v -19.695000 -43.885000 11.700000
v -19.695000 -43.885000 10.400000
v -19.695000 -43.885000 9.100000
v -20.057000 -42.533000 11.700000
v -20.057000 -42.533000 10.400000
v -20.057000 -42.533000 9.100000
v -20.711000 -41.296000 11.700000
v -20.711000 -41.296000 10.400000
v -20.711000 -41.296000 9.100000
v -21.624000 -40.235000 11.700000
v -21.624000 -40.235000 10.400000
v -21.624000 -40.235000 9.100000
v -22.750000 -39.404000 -1.300000
v -21.624000 -40.235000 -1.300000
v -21.624000 -40.235000 0.000000
v -22.750000 -39.404000 0.000000
v -21.624000 -40.235000 1.300000
v -22.750000 -39.404000 1.300000
v -21.624000 -40.235000 2.600000
v -22.750000 -39.404000 2.600000
v -21.624000 -40.235000 3.900000
v -22.750000 -39.404000 3.900000
v -21.624000 -40.235000 5.200000
v -22.750000 -39.404000 5.200000
v -21.624000 -40.235000 6.500000
v -22.750000 -39.404000 6.500000
v -21.624000 -40.235000 7.800000
v -22.750000 -39.404000 7.800000
v -20.711000 -41.296000 -1.300000
v -20.711000 -41.296000 0.000000
v -20.711000 -41.296000 1.300000
v -20.711000 -41.296000 2.600000
v -20.711000 -41.296000 3.900000
v -20.711000 -41.296000 5.200000
v -20.711000 -41.296000 6.500000
v -20.711000 -41.296000 7.800000
v -20.057000 -42.533000 -1.300000
v -20.057000 -42.533000 0.000000
v -20.057000 -42.533000 1.300000
v -20.057000 -42.533000 2.600000
v -20.057000 -42.533000 3.900000
v -20.057000 -42.533000 5.200000
v -20.057000 -42.533000 6.500000
v -20.057000 -42.533000 7.800000
v -19.695000 -43.885000 -1.300000
v -19.695000 -43.885000 0.000000
v -19.695000 -43.885000 1.300000
v -19.695000 -43.885000 2.600000
v -19.695000 -43.885000 3.900000
v -19.695000 -43.885000 5.200000
v -19.695000 -43.885000 6.500000
v -19.695000 -43.885000 7.800000
v -19.642000 -45.284000 -1.300000
v -19.642000 -45.284000 0.000000
v -19.642000 -45.284000 1.300000
v -19.642000 -45.284000 2.600000
v -19.642000 -45.284000 3.900000
v -19.642000 -45.284000 5.200000
v -19.642000 -45.284000 6.500000
v -19.642000 -45.284000 7.800000
v -19.903000 -46.659000 -1.300000
v -19.903000 -46.659000 0.000000
v -19.903000 -46.659000 1.300000
v -19.903000 -46.659000 2.600000
v -19.903000 -46.659000 3.900000
v -19.903000 -46.659000 5.200000
v -19.903000 -46.659000 6.500000
v -19.903000 -46.659000 7.800000
v -20.462000 -47.942000 -1.300000
v -20.462000 -47.942000 0.000000
v -20.462000 -47.942000 1.300000
v -20.462000 -47.942000 2.600000
v -20.462000 -47.942000 3.900000
v -20.462000 -47.942000 5.200000
v -20.462000 -47.942000 6.500000
v -20.462000 -47.942000 7.800000
v -21.293000 -49.068000 -1.300000
v -21.293000 -49.068000 0.000000
v -21.293000 -49.068000 1.300000
v -21.293000 -49.068000 2.600000
v -21.293000 -49.068000 3.900000
v -21.293000 -49.068000 5.200000
v -21.293000 -49.068000 6.500000
v -21.293000 -49.068000 7.800000
v -22.354000 -49.981000 -1.300000
v -22.354000 -49.981000 0.000000
v -22.354000 -49.981000 1.300000
v -22.354000 -49.981000 2.600000
v -22.354000 -49.981000 3.900000
v -22.354000 -49.981000 5.200000
v -22.354000 -49.981000 6.500000
v -22.354000 -49.981000 7.800000
v -23.592000 -50.635000 -1.300000
v -23.592000 -50.635000 0.000000
v -23.592000 -50.635000 1.300000
v -23.592000 -50.635000 2.600000
v -23.592000 -50.635000 3.900000
v -23.592000 -50.635000 5.200000
v -23.592000 -50.635000 6.500000
v -23.592000 -50.635000 7.800000
v -24.943000 -50.997000 -1.300000
v -24.943000 -50.997000 0.000000
v -24.943000 -50.997000 1.300000
v -24.943000 -50.997000 2.600000
v -24.943000 -50.997000 3.900000
v -24.943000 -50.997000 5.200000
v -24.943000 -50.997000 6.500000
v -24.943000 -50.997000 7.800000
v -26.342000 -51.049000 -1.300000
v -26.342000 -51.049000 0.000000
v -26.342000 -51.049000 1.300000
v -26.342000 -51.049000 2.600000
v -26.342000 -51.049000 3.900000
v -26.342000 -51.049000 5.200000
v -26.342000 -51.049000 6.500000
v -26.342000 -51.049000 7.800000
v -27.717000 -50.789000 -1.300000
v -27.717000 -50.789000 0.000000
v -27.717000 -50.789000 1.300000
v -27.717000 -50.789000 2.600000
v -27.717000 -50.789000 3.900000
v -27.717000 -50.789000 5.200000
v -27.717000 -50.789000 6.500000
v -27.717000 -50.789000 7.800000
v -29.000000 -50.229000 -1.300000
v -29.000000 -50.229000 0.000000
v -29.000000 -50.229000 1.300000
v -29.000000 -50.229000 2.600000
v -29.000000 -50.229000 3.900000
v -29.000000 -50.229000 5.200000
v -29.000000 -50.229000 6.500000
v -29.000000 -50.229000 7.800000
v -24.033000 -38.844000 0.000000
v -24.033000 -38.844000 -1.300000
v -24.033000 -38.844000 1.300000
v -24.033000 -38.844000 2.600000
v -24.033000 -38.844000 3.900000
v -24.033000 -38.844000 5.200000
v -24.033000 -38.844000 6.500000
v -24.033000 -38.844000 7.800000
v -25.408000 -38.584000 0.000000
v -25.408000 -38.584000 -1.300000
v -25.408000 -38.584000 1.300000
v -25.408000 -38.584000 2.600000
v -25.408000 -38.584000 3.900000
v -25.408000 -38.584000 5.200000
v -25.408000 -38.584000 6.500000
v -25.408000 -38.584000 7.800000
v -26.807000 -38.637000 0.000000
v -26.807000 -38.637000 -1.300000
v -26.807000 -38.637000 1.300000
v -26.807000 -38.637000 2.600000
v -26.807000 -38.637000 3.900000
v -26.807000 -38.637000 5.200000
v -26.807000 -38.637000 6.500000
v -26.807000 -38.637000 7.800000
v -28.158000 -38.999000 0.000000
v -28.158000 -38.999000 -1.300000
v -28.158000 -38.999000 1.300000
v -28.158000 -38.999000 2.600000
v -28.158000 -38.999000 3.900000
v -28.158000 -38.999000 5.200000
v -28.158000 -38.999000 6.500000
v -28.158000 -38.999000 7.800000
v -29.396000 -39.653000 0.000000
v -29.396000 -39.653000 -1.300000
v -29.396000 -39.653000 1.300000
v -29.396000 -39.653000 2.600000
v -29.396000 -39.653000 3.900000
v -29.396000 -39.653000 5.200000
v -29.396000 -39.653000 6.500000
v -29.396000 -39.653000 7.800000
v -30.457000 -40.566000 0.000000
v -30.457000 -40.566000 -1.300000
v -30.457000 -40.566000 1.300000
v -30.457000 -40.566000 2.600000
v -30.457000 -40.566000 3.900000
v -30.457000 -40.566000 5.200000
v -30.457000 -40.566000 6.500000
v -30.457000 -40.566000 7.800000
v -31.288000 -41.692000 0.000000
v -31.288000 -41.692000 -1.300000
v -31.288000 -41.692000 1.300000
v -31.288000 -41.692000 2.600000
v -31.288000 -41.692000 3.900000
v -31.288000 -41.692000 5.200000
v -31.288000 -41.692000 6.500000
v -31.288000 -41.692000 7.800000
v -31.847000 -42.975000 0.000000
v -31.847000 -42.975000 -1.300000
v -31.847000 -42.975000 1.300000
v -31.847000 -42.975000 2.600000
v -31.847000 -42.975000 3.900000
v -31.847000 -42.975000 5.200000
v -31.847000 -42.975000 6.500000
v -31.847000 -42.975000 7.800000
v -32.108000 -44.350000 0.000000
v -32.108000 -44.350000 -1.300000
v -32.108000 -44.350000 1.300000
v -32.108000 -44.350000 2.600000
v -32.108000 -44.350000 3.900000
v -32.108000 -44.350000 5.200000
v -32.108000 -44.350000 6.500000
v -32.108000 -44.350000 7.800000
v -32.055000 -45.748000 0.000000
v -32.055000 -45.748000 -1.300000
v -32.055000 -45.748000 1.300000
v -32.055000 -45.748000 2.600000
v -32.055000 -45.748000 3.900000
v -32.055000 -45.748000 5.200000
v -32.055000 -45.748000 6.500000
v -32.055000 -45.748000 7.800000
v -31.693000 -47.100000 0.000000
v -31.693000 -47.100000 -1.300000
v -31.693000 -47.100000 1.300000
v -31.693000 -47.100000 2.600000
v -31.693000 -47.100000 3.900000
v -31.693000 -47.100000 5.200000
v -31.693000 -47.100000 6.500000
v -31.693000 -47.100000 7.800000
v -31.039000 -48.338000 0.000000
v -31.039000 -48.338000 -1.300000
v -31.039000 -48.338000 1.300000
v -31.039000 -48.338000 2.600000
v -31.039000 -48.338000 3.900000
v -31.039000 -48.338000 5.200000
v -31.039000 -48.338000 6.500000
v -31.039000 -48.338000 7.800000
v -30.126000 -49.398000 0.000000
v -30.126000 -49.398000 -1.300000
v -30.126000 -49.398000 1.300000
v -30.126000 -49.398000 2.600000
v -30.126000 -49.398000 3.900000
v -30.126000 -49.398000 5.200000
v -30.126000 -49.398000 6.500000
v -30.126000 -49.398000 7.800000
v -29.063000 -48.253000 15.000000
v -28.219000 -48.876000 15.000000
v -26.938000 -45.962000 15.000000
v -25.875000 -44.817000 15.000000
v -26.656000 -46.170000 15.000000
v -29.748000 -47.457000 15.000000
v -28.457000 -46.577000 15.000000
v -28.001000 -47.108000 15.000000
v -27.166000 -45.697000 15.000000
v -30.238000 -46.529000 15.000000
v -28.784000 -45.959000 15.000000
v -27.329000 -45.388000 15.000000
v -30.510000 -45.515000 15.000000
v -28.965000 -45.283000 15.000000
v -27.420000 -45.050000 15.000000
v -30.549000 -44.467000 15.000000
v -28.991000 -44.583000 15.000000
v -27.433000 -44.700000 15.000000
v -30.354000 -43.435000 15.000000
v -28.861000 -43.896000 15.000000
v -27.368000 -44.356000 15.000000
v -29.934000 -42.473000 15.000000
v -28.581000 -43.254000 15.000000
v -27.228000 -44.036000 15.000000
v -29.311000 -41.629000 15.000000
v -28.166000 -42.691000 15.000000
v -27.020000 -43.754000 15.000000
v -28.516000 -40.944000 15.000000
v -27.635000 -42.235000 15.000000
v -26.755000 -43.526000 15.000000
v -27.588000 -40.453000 15.000000
v -27.017000 -41.908000 15.000000
v -26.446000 -43.362000 15.000000
v -26.341000 -41.727000 15.000000
v -26.574000 -40.182000 15.000000
v -26.108000 -43.272000 15.000000
v -25.525000 -40.142000 15.000000
v -25.641000 -41.701000 15.000000
v -25.758000 -43.259000 15.000000
v -24.493000 -40.338000 15.000000
v -24.954000 -41.831000 15.000000
v -25.414000 -43.324000 15.000000
v -23.531000 -40.757000 15.000000
v -25.094000 -43.464000 15.000000
v -27.257000 -49.296000 15.000000
v -26.796000 -47.803000 15.000000
v -27.438000 -47.523000 15.000000
v -26.336000 -46.310000 15.000000
v -26.225000 -49.491000 15.000000
v -26.109000 -47.933000 15.000000
v -25.992000 -46.375000 15.000000
v -25.176000 -49.452000 15.000000
v -25.409000 -47.907000 15.000000
v -25.642000 -46.362000 15.000000
v -24.162000 -49.180000 15.000000
v -24.733000 -47.726000 15.000000
v -25.304000 -46.271000 15.000000
v -23.234000 -48.690000 15.000000
v -24.115000 -47.399000 15.000000
v -24.995000 -46.108000 15.000000
v -22.439000 -48.005000 15.000000
v -23.584000 -46.942000 15.000000
v -24.730000 -45.880000 15.000000
v -21.816000 -47.161000 15.000000
v -23.169000 -46.379000 15.000000
v -24.522000 -45.598000 15.000000
v -21.396000 -46.198000 15.000000
v -22.889000 -45.738000 15.000000
v -24.382000 -45.277000 15.000000
v -21.201000 -45.167000 15.000000
v -22.759000 -45.050000 15.000000
v -24.317000 -44.934000 15.000000
v -21.240000 -44.118000 15.000000
v -22.785000 -44.351000 15.000000
v -24.330000 -44.584000 15.000000
v -21.512000 -43.104000 15.000000
v -22.966000 -43.675000 15.000000
v -24.421000 -44.246000 15.000000
v -22.002000 -42.176000 15.000000
v -23.293000 -43.056000 15.000000
v -24.584000 -43.937000 15.000000
v -22.687000 -41.381000 15.000000
v -23.749000 -42.526000 15.000000
v -24.812000 -43.671000 15.000000
v -24.312000 -42.110000 15.000000
v 49.491000 -6.171000 -20.000000
v 48.624000 -6.250000 -20.000000
v 49.405000 -6.250000 -20.000000
v 50.359000 -6.093000 -20.000000
v 50.186000 -6.250000 -20.000000
v 51.053500 -6.171500 -20.000000
v 50.967000 -6.250000 -20.000000
v 51.748000 -6.250000 -20.000000
v 49.405000 -6.250000 -13.000000
v 48.624000 -6.250000 -13.000000
v 49.491000 -6.171000 -13.000000
v 50.358000 -6.093000 -13.000000
v -30.872000 -41.128000 -13.000000
v -30.506000 -40.337000 -13.000000
v -30.457000 -40.566000 -13.000000
v -30.896500 -41.013500 -13.000000
v -30.090000 -39.775000 -13.000000
v -30.115500 -39.661000 -13.000000
v -29.725000 -38.985000 -13.000000
v -19.401000 -45.946000 -13.000000
v -18.899000 -45.235000 -13.000000
v -19.289500 -45.911000 -13.000000
v -19.902000 -46.657000 -13.000000
v -19.680000 -46.587000 -13.000000
v -30.090000 -39.775000 -20.000000
v -30.115500 -39.661000 -20.000000
v -30.506000 -40.337000 -20.000000
v -29.725000 -38.985000 -20.000000
v -30.457000 -40.566000 -20.000000
v -30.872500 -41.129000 -20.000000
v -30.897000 -41.014500 -20.000000
v -31.288000 -41.692000 -20.000000
v -20.181500 -47.298500 -20.000000
v -20.461000 -47.940000 -20.000000
v -20.070500 -47.263500 -20.000000
v -19.680000 -46.587000 -20.000000
v -19.401000 -45.946000 -20.000000
v -19.289500 -45.911000 -20.000000
v -18.899000 -45.235000 -20.000000
v -26.806000 -38.637000 -20.000000
v -25.407000 -38.584000 -20.000000
v -28.157000 -38.998000 -20.000000
v -29.395000 -39.652000 -20.000000
v -28.779000 -37.966000 -20.000000
v -28.163000 -36.279000 -20.000000
v -27.619000 -37.951000 -13.000000
v -27.080000 -36.904000 -13.000000
v -25.998000 -37.529000 -13.000000
v -26.402000 -38.083000 -13.000000
v -28.779000 -37.966000 -13.000000
v -28.163000 -36.279000 -13.000000
v 45.809000 -2.606000 -20.000000
v 45.578000 -1.320000 -20.000000
v 45.500000 -1.250000 -20.000000
v 45.500000 -2.500000 -20.000000
v 46.182000 -3.823000 -20.000000
v 45.500000 -3.750000 -20.000000
v 46.676000 -4.943000 -20.000000
v 45.500000 -5.000000 -20.000000
v 47.269000 -5.940000 -20.000000
v 45.500000 -6.250000 -20.000000
v 45.500000 -2.500000 -13.000000
v 45.500000 -1.250000 -13.000000
v 45.578000 -1.320000 -13.000000
v 45.500000 -3.750000 -13.000000
v 45.500000 -5.000000 -13.000000
v 47.269000 -5.940000 -13.000000
v 45.500000 -6.250000 -13.000000
v -30.126000 -49.398000 -2.600000
v -29.000000 -50.229000 -2.600000
v -30.126000 -49.398000 -3.900000
v -29.000000 -50.229000 -3.900000
v -30.126000 -49.398000 -5.200000
v -29.000000 -50.229000 -5.200000
v -30.126000 -49.398000 -6.500000
v -29.000000 -50.229000 -6.500000
v -30.126000 -49.398000 -7.800000
v -29.000000 -50.229000 -7.800000
v -30.126000 -49.398000 -9.100000
v -29.000000 -50.229000 -9.100000
v -30.126000 -49.398000 -10.400000
v -29.000000 -50.229000 -10.400000
v -30.126000 -49.398000 -11.700000
v -29.000000 -50.229000 -11.700000
v -30.126000 -49.398000 -13.000000
v -29.000000 -50.229000 -13.000000
v -31.039000 -48.338000 -2.600000
v -31.039000 -48.338000 -3.900000
v -31.039000 -48.338000 -5.200000
v -31.039000 -48.338000 -6.500000
v -31.039000 -48.338000 -7.800000
v -31.039000 -48.338000 -9.100000
v -31.039000 -48.338000 -10.400000
v -31.039000 -48.338000 -11.700000
v -31.039000 -48.338000 -13.000000
v -31.693000 -47.100000 -2.600000
v -31.693000 -47.100000 -3.900000
v -31.693000 -47.100000 -5.200000
v -31.693000 -47.100000 -6.500000
v -31.693000 -47.100000 -7.800000
v -31.693000 -47.100000 -9.100000
v -31.693000 -47.100000 -10.400000
v -31.693000 -47.100000 -11.700000
v -31.693000 -47.100000 -13.000000
v -32.055000 -45.748000 -2.600000
v -32.055000 -45.748000 -3.900000
v -32.055000 -45.748000 -5.200000
v -32.055000 -45.748000 -6.500000
v -32.055000 -45.748000 -7.800000
v -32.055000 -45.748000 -9.100000
v -32.055000 -45.748000 -10.400000
v -32.055000 -45.748000 -11.700000
v -32.055000 -45.748000 -13.000000
v -32.108000 -44.350000 -2.600000
v -32.108000 -44.350000 -3.900000
v -32.108000 -44.350000 -5.200000
v -32.108000 -44.350000 -6.500000
v -32.108000 -44.350000 -7.800000
v -32.108000 -44.350000 -9.100000
v -32.108000 -44.350000 -10.400000
v -32.108000 -44.350000 -11.700000
v -32.108000 -44.350000 -13.000000
v -31.847000 -42.975000 -2.600000
v -31.847000 -42.975000 -3.900000
v -31.847000 -42.975000 -5.200000
v -31.847000 -42.975000 -6.500000
v -31.847000 -42.975000 -7.800000
v -31.847000 -42.975000 -9.100000
v -31.847000 -42.975000 -10.400000
v -31.847000 -42.975000 -11.700000
v -31.288000 -41.692000 -2.600000
v -31.288000 -41.692000 -3.900000
v -31.288000 -41.692000 -5.200000
v -31.288000 -41.692000 -6.500000
v -31.288000 -41.692000 -7.800000
v -31.288000 -41.692000 -9.100000
v -31.288000 -41.692000 -10.400000
v -31.288000 -41.692000 -11.700000
v -30.457000 -40.566000 -2.600000
v -30.457000 -40.566000 -3.900000
v -30.457000 -40.566000 -5.200000
v -30.457000 -40.566000 -6.500000
v -30.457000 -40.566000 -7.800000
v -30.457000 -40.566000 -9.100000
v -30.457000 -40.566000 -10.400000
v -30.457000 -40.566000 -11.700000
v -29.396000 -39.653000 -2.600000
v -29.396000 -39.653000 -3.900000
v -29.396000 -39.653000 -5.200000
v -29.396000 -39.653000 -6.500000
v -29.396000 -39.653000 -7.800000
v -29.396000 -39.653000 -9.100000
v -29.396000 -39.653000 -10.400000
v -29.396000 -39.653000 -11.700000
v -29.396000 -39.653000 -13.000000
v -28.158000 -38.999000 -2.600000
v -28.158000 -38.999000 -3.900000
v -28.158000 -38.999000 -5.200000
v -28.158000 -38.999000 -6.500000
v -28.158000 -38.999000 -7.800000
v -28.158000 -38.999000 -9.100000
v -28.158000 -38.999000 -10.400000
v -28.158000 -38.999000 -11.700000
v -28.158000 -38.999000 -13.000000
v -26.807000 -38.637000 -2.600000
v -26.807000 -38.637000 -3.900000
v -26.807000 -38.637000 -5.200000
v -26.807000 -38.637000 -6.500000
v -26.807000 -38.637000 -7.800000
v -26.807000 -38.637000 -9.100000
v -26.807000 -38.637000 -10.400000
v -26.807000 -38.637000 -11.700000
v -26.807000 -38.637000 -13.000000
v -25.408000 -38.584000 -2.600000
v -25.408000 -38.584000 -3.900000
v -25.408000 -38.584000 -5.200000
v -25.408000 -38.584000 -6.500000
v -25.408000 -38.584000 -7.800000
v -25.408000 -38.584000 -9.100000
v -25.408000 -38.584000 -10.400000
v -25.408000 -38.584000 -11.700000
v -25.408000 -38.584000 -13.000000
v -24.033000 -38.844000 -2.600000
v -24.033000 -38.844000 -3.900000
v -24.033000 -38.844000 -5.200000
v -24.033000 -38.844000 -6.500000
v -24.033000 -38.844000 -7.800000
v -24.033000 -38.844000 -9.100000
v -24.033000 -38.844000 -10.400000
v -24.033000 -38.844000 -11.700000
v -24.033000 -38.844000 -13.000000
v -22.750000 -39.404000 -2.600000
v -22.750000 -39.404000 -3.900000
v -22.750000 -39.404000 -5.200000
v -22.750000 -39.404000 -6.500000
v -22.750000 -39.404000 -7.800000
v -22.750000 -39.404000 -9.100000
v -22.750000 -39.404000 -10.400000
v -22.750000 -39.404000 -11.700000
v -22.750000 -39.404000 -13.000000
v -27.717000 -50.789000 -2.600000
v -27.717000 -50.789000 -3.900000
v -27.717000 -50.789000 -5.200000
v -27.717000 -50.789000 -6.500000
v -27.717000 -50.789000 -7.800000
v -27.717000 -50.789000 -9.100000
v -27.717000 -50.789000 -10.400000
v -27.717000 -50.789000 -11.700000
v -27.717000 -50.789000 -13.000000
v -26.342000 -51.049000 -2.600000
v -26.342000 -51.049000 -3.900000
v -26.342000 -51.049000 -5.200000
v -26.342000 -51.049000 -6.500000
v -26.342000 -51.049000 -7.800000
v -26.342000 -51.049000 -9.100000
v -26.342000 -51.049000 -10.400000
v -26.342000 -51.049000 -11.700000
v -26.342000 -51.049000 -13.000000
v -24.943000 -50.997000 -2.600000
v -24.943000 -50.997000 -3.900000
v -24.943000 -50.997000 -5.200000
v -24.943000 -50.997000 -6.500000
v -24.943000 -50.997000 -7.800000
v -24.943000 -50.997000 -9.100000
v -24.943000 -50.997000 -10.400000
v -24.943000 -50.997000 -11.700000
v -24.943000 -50.997000 -13.000000
v -23.592000 -50.635000 -2.600000
v -23.592000 -50.635000 -3.900000
v -23.592000 -50.635000 -5.200000
v -23.592000 -50.635000 -6.500000
v -23.592000 -50.635000 -7.800000
v -23.592000 -50.635000 -9.100000
v -23.592000 -50.635000 -10.400000
v -23.592000 -50.635000 -11.700000
v -22.354000 -49.981000 -2.600000
v -22.354000 -49.981000 -3.900000
v -22.354000 -49.981000 -5.200000
v -22.354000 -49.981000 -6.500000
v -22.354000 -49.981000 -7.800000
v -22.354000 -49.981000 -9.100000
v -22.354000 -49.981000 -10.400000
v -22.354000 -49.981000 -11.700000
v -21.293000 -49.068000 -2.600000
v -21.293000 -49.068000 -3.900000
v -21.293000 -49.068000 -5.200000
v -21.293000 -49.068000 -6.500000
v -21.293000 -49.068000 -7.800000
v -21.293000 -49.068000 -9.100000
v -21.293000 -49.068000 -10.400000
v -21.293000 -49.068000 -11.700000
v -20.462000 -47.942000 -2.600000
v -20.462000 -47.942000 -3.900000
v -20.462000 -47.942000 -5.200000
v -20.462000 -47.942000 -6.500000
v -20.462000 -47.942000 -7.800000
v -20.462000 -47.942000 -9.100000
v -20.462000 -47.942000 -10.400000
v -20.462000 -47.942000 -11.700000
v -19.903000 -46.659000 -2.600000
v -19.903000 -46.659000 -3.900000
v -19.903000 -46.659000 -5.200000
v -19.903000 -46.659000 -6.500000
v -19.903000 -46.659000 -7.800000
v -19.903000 -46.659000 -9.100000
v -19.903000 -46.659000 -10.400000
v -19.903000 -46.659000 -11.700000
v -19.642000 -45.284000 -2.600000
v -19.642000 -45.284000 -3.900000
v -19.642000 -45.284000 -5.200000
v -19.642000 -45.284000 -6.500000
v -19.642000 -45.284000 -7.800000
v -19.642000 -45.284000 -9.100000
v -19.642000 -45.284000 -10.400000
v -19.642000 -45.284000 -11.700000
v -19.695000 -43.885000 -2.600000
v -19.695000 -43.885000 -3.900000
v -19.695000 -43.885000 -5.200000
v -19.695000 -43.885000 -6.500000
v -19.695000 -43.885000 -7.800000
v -19.695000 -43.885000 -9.100000
v -19.695000 -43.885000 -10.400000
v -19.695000 -43.885000 -11.700000
v -19.695000 -43.885000 -13.000000
v -19.642000 -45.284000 -13.000000
v -20.057000 -42.533000 -2.600000
v -20.057000 -42.533000 -3.900000
v -20.057000 -42.533000 -5.200000
v -20.057000 -42.533000 -6.500000
v -20.057000 -42.533000 -7.800000
v -20.057000 -42.533000 -9.100000
v -20.057000 -42.533000 -10.400000
v -20.057000 -42.533000 -11.700000
v -20.057000 -42.533000 -13.000000
v -20.711000 -41.296000 -2.600000
v -20.711000 -41.296000 -3.900000
v -20.711000 -41.296000 -5.200000
v -20.711000 -41.296000 -6.500000
v -20.711000 -41.296000 -7.800000
v -20.711000 -41.296000 -9.100000
v -20.711000 -41.296000 -10.400000
v -20.711000 -41.296000 -11.700000
v -20.711000 -41.296000 -13.000000
v -21.624000 -40.235000 -2.600000
v -21.624000 -40.235000 -3.900000
v -21.624000 -40.235000 -5.200000
v -21.624000 -40.235000 -6.500000
v -21.624000 -40.235000 -7.800000
v -21.624000 -40.235000 -9.100000
v -21.624000 -40.235000 -10.400000
v -21.624000 -40.235000 -11.700000
v -21.624000 -40.235000 -13.000000
v 57.843000 -1.391000 -2.600000
v 57.843000 -1.391000 -1.300000
v 57.843000 -1.391000 -3.900000
v 57.843000 -1.391000 -5.200000
v 57.843000 -1.391000 -6.500000
v 57.843000 -1.391000 -7.800000
v 57.843000 -1.391000 -9.100000
v 57.843000 -1.391000 -10.400000
v 57.843000 -1.391000 -11.700000
v 57.843000 -1.391000 -13.000000
v 57.381000 -2.712000 -2.600000
v 57.381000 -2.712000 -1.300000
v 57.381000 -2.712000 -3.900000
v 57.381000 -2.712000 -5.200000
v 57.381000 -2.712000 -6.500000
v 57.381000 -2.712000 -7.800000
v 57.381000 -2.712000 -9.100000
v 57.381000 -2.712000 -10.400000
v 57.381000 -2.712000 -11.700000
v 57.381000 -2.712000 -13.000000
v 56.636000 -3.897000 -2.600000
v 56.636000 -3.897000 -1.300000
v 56.636000 -3.897000 -3.900000
v 56.636000 -3.897000 -5.200000
v 56.636000 -3.897000 -6.500000
v 56.636000 -3.897000 -7.800000
v 56.636000 -3.897000 -9.100000
v 56.636000 -3.897000 -10.400000
v 55.647000 -4.886000 -2.600000
v 55.647000 -4.886000 -1.300000
v 55.647000 -4.886000 -3.900000
v 55.647000 -4.886000 -5.200000
v 55.647000 -4.886000 -6.500000
v 55.647000 -4.886000 -7.800000
v 55.647000 -4.886000 -9.100000
v 55.647000 -4.886000 -10.400000
v 54.462000 -5.631000 -2.600000
v 54.462000 -5.631000 -1.300000
v 54.462000 -5.631000 -3.900000
v 54.462000 -5.631000 -5.200000
v 54.462000 -5.631000 -6.500000
v 54.462000 -5.631000 -7.800000
v 54.462000 -5.631000 -9.100000
v 54.462000 -5.631000 -10.400000
v 53.141000 -6.093000 -2.600000
v 53.141000 -6.093000 -1.300000
v 53.141000 -6.093000 -3.900000
v 53.141000 -6.093000 -5.200000
v 53.141000 -6.093000 -6.500000
v 53.141000 -6.093000 -7.800000
v 53.141000 -6.093000 -9.100000
v 53.141000 -6.093000 -10.400000
v 51.750000 -6.250000 -2.600000
v 51.750000 -6.250000 -1.300000
v 51.750000 -6.250000 -3.900000
v 51.750000 -6.250000 -5.200000
v 51.750000 -6.250000 -6.500000
v 51.750000 -6.250000 -7.800000
v 51.750000 -6.250000 -9.100000
v 51.750000 -6.250000 -10.400000
v 50.359000 -6.093000 -2.600000
v 50.359000 -6.093000 -1.300000
v 50.359000 -6.093000 -3.900000
v 50.359000 -6.093000 -5.200000
v 50.359000 -6.093000 -6.500000
v 50.359000 -6.093000 -7.800000
v 50.359000 -6.093000 -11.700000
v 49.038000 -5.631000 -2.600000
v 49.038000 -5.631000 -1.300000
v 49.038000 -5.631000 -3.900000
v 49.038000 -5.631000 -5.200000
v 49.038000 -5.631000 -6.500000
v 49.038000 -5.631000 -7.800000
v 49.038000 -5.631000 -11.700000
v 47.853000 -4.886000 -2.600000
v 47.853000 -4.886000 -1.300000
v 47.853000 -4.886000 -3.900000
v 47.853000 -4.886000 -5.200000
v 47.853000 -4.886000 -6.500000
v 47.853000 -4.886000 -7.800000
v 47.853000 -4.886000 -9.100000
v 47.853000 -4.886000 -10.400000
v 47.853000 -4.886000 -11.700000
v 46.864000 -3.897000 -2.600000
v 46.864000 -3.897000 -1.300000
v 46.864000 -3.897000 -3.900000
v 46.864000 -3.897000 -5.200000
v 46.864000 -3.897000 -6.500000
v 46.864000 -3.897000 -7.800000
v 46.864000 -3.897000 -9.100000
v 46.864000 -3.897000 -10.400000
v 46.864000 -3.897000 -11.700000
v 46.119000 -2.712000 -2.600000
v 46.119000 -2.712000 -1.300000
v 46.119000 -2.712000 -3.900000
v 46.119000 -2.712000 -5.200000
v 46.119000 -2.712000 -6.500000
v 46.119000 -2.712000 -7.800000
v 46.119000 -2.712000 -9.100000
v 46.119000 -2.712000 -10.400000
v 46.119000 -2.712000 -11.700000
v 45.657000 -1.391000 -2.600000
v 45.657000 -1.391000 -1.300000
v 45.657000 -1.391000 -3.900000
v 45.657000 -1.391000 -5.200000
v 45.657000 -1.391000 -6.500000
v 45.657000 -1.391000 -7.800000
v 45.657000 -1.391000 -9.100000
v 45.657000 -1.391000 -10.400000
v 45.657000 -1.391000 -11.700000
v 45.657000 -1.391000 -13.000000
v -8.631000 -4.532000 -20.000000
v -7.821000 -3.129000 -20.000000
v -8.723000 -2.608000 -20.000000
v -9.533000 -4.011000 -20.000000
v -9.441000 -5.935000 -20.000000
v -10.343000 -5.414000 -20.000000
v -10.251000 -7.338000 -20.000000
v -11.153000 -6.817000 -20.000000
v -11.061000 -8.741000 -20.000000
v -11.963000 -8.220000 -20.000000
v -11.871000 -10.144000 -20.000000
v -12.773000 -9.623000 -20.000000
v -12.681000 -11.547000 -20.000000
v -13.583000 -11.026000 -20.000000
v -13.491000 -12.950000 -20.000000
v -14.393000 -12.429000 -20.000000
v -14.301000 -14.353000 -20.000000
v -15.203000 -13.832000 -20.000000
v -15.111000 -15.756000 -20.000000
v -16.013000 -15.235000 -20.000000
v -15.921000 -17.159000 -20.000000
v -16.823000 -16.638000 -20.000000
v -16.731000 -18.561000 -20.000000
v -17.633000 -18.041000 -20.000000
v -17.541000 -19.964000 -20.000000
v -18.443000 -19.444000 -20.000000
v -18.351000 -21.367000 -20.000000
v -19.253000 -20.847000 -20.000000
v -19.161000 -22.770000 -20.000000
v -20.063000 -22.250000 -20.000000
v -19.971000 -24.173000 -20.000000
v -20.873000 -23.653000 -20.000000
v -20.781000 -25.576000 -20.000000
v -21.683000 -25.055000 -20.000000
v -21.591000 -26.979000 -20.000000
v -22.493000 -26.458000 -20.000000
v -22.401000 -28.382000 -20.000000
v -23.303000 -27.861000 -20.000000
v -23.211000 -29.785000 -20.000000
v -24.113000 -29.264000 -20.000000
v -24.021000 -31.188000 -20.000000
v -24.923000 -30.667000 -20.000000
v -24.831000 -32.591000 -20.000000
v -25.733000 -32.070000 -20.000000
v -25.641000 -33.994000 -20.000000
v -26.543000 -33.473000 -20.000000
v -26.451000 -35.397000 -20.000000
v -27.353000 -34.876000 -20.000000
v -7.728000 -5.053000 -20.000000
v -6.918000 -3.650000 -20.000000
v -8.538000 -6.456000 -20.000000
v -9.348000 -7.859000 -20.000000
v -10.158000 -9.262000 -20.000000
v -10.968000 -10.665000 -20.000000
v -11.778000 -12.068000 -20.000000
v -12.588000 -13.470000 -20.000000
v -13.398000 -14.873000 -20.000000
v -14.208000 -16.276000 -20.000000
v -15.018000 -17.679000 -20.000000
v -15.828000 -19.082000 -20.000000
v -16.638000 -20.485000 -20.000000
v -17.448000 -21.888000 -20.000000
v -18.258000 -23.291000 -20.000000
v -19.068000 -24.694000 -20.000000
v -19.878000 -26.097000 -20.000000
v -20.688000 -27.500000 -20.000000
v -21.498000 -28.903000 -20.000000
v -22.308000 -30.306000 -20.000000
v -23.118000 -31.709000 -20.000000
v -23.928000 -33.112000 -20.000000
v -24.738000 -34.515000 -20.000000
v -25.548000 -35.918000 -20.000000
v -6.826000 -5.574000 -20.000000
v -6.016000 -4.171000 -20.000000
v -7.636000 -6.977000 -20.000000
v -8.446000 -8.379000 -20.000000
v -9.256000 -9.782000 -20.000000
v -10.066000 -11.185000 -20.000000
v -10.876000 -12.588000 -20.000000
v -11.686000 -13.991000 -20.000000
v -12.496000 -15.394000 -20.000000
v -13.306000 -16.797000 -20.000000
v -14.116000 -18.200000 -20.000000
v -14.926000 -19.603000 -20.000000
v -15.736000 -21.006000 -20.000000
v -16.546000 -22.409000 -20.000000
v -17.356000 -23.812000 -20.000000
v -18.166000 -25.215000 -20.000000
v -18.976000 -26.618000 -20.000000
v -19.786000 -28.021000 -20.000000
v -20.596000 -29.424000 -20.000000
v -21.406000 -30.827000 -20.000000
v -22.216000 -32.230000 -20.000000
v -23.026000 -33.633000 -20.000000
v -23.836000 -35.036000 -20.000000
v -24.646000 -36.439000 -20.000000
v -5.924000 -6.094000 -20.000000
v -5.114000 -4.691000 -20.000000
v -6.734000 -7.497000 -20.000000
v -7.544000 -8.900000 -20.000000
v -8.354000 -10.303000 -20.000000
v -9.164000 -11.706000 -20.000000
v -9.974000 -13.109000 -20.000000
v -10.784000 -14.512000 -20.000000
v -11.594000 -15.915000 -20.000000
v -12.404000 -17.318000 -20.000000
v -13.214000 -18.721000 -20.000000
v -14.024000 -20.124000 -20.000000
v -14.834000 -21.527000 -20.000000
v -15.644000 -22.930000 -20.000000
v -16.454000 -24.333000 -20.000000
v -17.264000 -25.736000 -20.000000
v -18.074000 -27.139000 -20.000000
v -18.884000 -28.542000 -20.000000
v -19.694000 -29.945000 -20.000000
v -20.504000 -31.348000 -20.000000
v -21.314000 -32.751000 -20.000000
v -22.124000 -34.154000 -20.000000
v -22.934000 -35.557000 -20.000000
v -23.744000 -36.960000 -20.000000
v -5.022000 -6.615000 -20.000000
v -4.212000 -5.212000 -20.000000
v -5.832000 -8.018000 -20.000000
v -6.642000 -9.421000 -20.000000
v -7.452000 -10.824000 -20.000000
v -8.262000 -12.227000 -20.000000
v -9.072000 -13.630000 -20.000000
v -9.882000 -15.033000 -20.000000
v -10.692000 -16.436000 -20.000000
v -11.502000 -17.839000 -20.000000
v -12.312000 -19.242000 -20.000000
v -13.122000 -20.645000 -20.000000
v -13.932000 -22.048000 -20.000000
v -14.742000 -23.451000 -20.000000
v -15.552000 -24.854000 -20.000000
v -16.362000 -26.257000 -20.000000
v -17.172000 -27.660000 -20.000000
v -17.982000 -29.063000 -20.000000
v -18.792000 -30.466000 -20.000000
v -19.602000 -31.869000 -20.000000
v -20.412000 -33.271000 -20.000000
v -21.222000 -34.674000 -20.000000
v -22.032000 -36.077000 -20.000000
v -22.842000 -37.480000 -20.000000
v -4.120000 -7.136000 -20.000000
v -3.310000 -5.733000 -20.000000
v -4.930000 -8.539000 -20.000000
v -5.740000 -9.942000 -20.000000
v -6.550000 -11.345000 -20.000000
v -7.360000 -12.748000 -20.000000
v -8.170000 -14.151000 -20.000000
v -8.980000 -15.554000 -20.000000
v -9.790000 -16.957000 -20.000000
v -10.600000 -18.360000 -20.000000
v -11.410000 -19.763000 -20.000000
v -12.220000 -21.166000 -20.000000
v -13.030000 -22.569000 -20.000000
v -13.840000 -23.972000 -20.000000
v -14.650000 -25.375000 -20.000000
v -15.460000 -26.778000 -20.000000
v -16.270000 -28.180000 -20.000000
v -17.080000 -29.583000 -20.000000
v -17.890000 -30.986000 -20.000000
v -18.700000 -32.389000 -20.000000
v -19.510000 -33.792000 -20.000000
v -20.320000 -35.195000 -20.000000
v -21.130000 -36.598000 -20.000000
v -21.940000 -38.001000 -20.000000
v -8.723000 -2.608000 -18.833000
v -7.913000 -1.205000 -20.000000
v -7.913000 -1.205000 -18.833000
v -9.533000 -4.011000 -18.833000
v -10.343000 -5.414000 -18.833000
v -11.153000 -6.817000 -18.833000
v -11.963000 -8.220000 -18.833000
v -12.773000 -9.623000 -18.833000
v -13.583000 -11.026000 -18.833000
v -14.393000 -12.429000 -18.833000
v -15.203000 -13.832000 -18.833000
v -16.013000 -15.235000 -18.833000
v -16.823000 -16.638000 -18.833000
v -17.633000 -18.041000 -18.833000
v -18.443000 -19.444000 -18.833000
v -19.253000 -20.847000 -18.833000
v -20.063000 -22.250000 -18.833000
v -20.873000 -23.653000 -18.833000
v -21.683000 -25.055000 -18.833000
v -22.493000 -26.458000 -18.833000
v -23.303000 -27.861000 -18.833000
v -24.113000 -29.264000 -18.833000
v -24.923000 -30.667000 -18.833000
v -25.733000 -32.070000 -18.833000
v -26.543000 -33.473000 -18.833000
v -27.353000 -34.876000 -18.833000
v -28.163000 -36.279000 -18.833000
v -8.723000 -2.608000 -17.667000
v -7.913000 -1.205000 -17.667000
v -9.533000 -4.011000 -17.667000
v -10.343000 -5.414000 -17.667000
v -11.153000 -6.817000 -17.667000
v -11.963000 -8.220000 -17.667000
v -12.773000 -9.623000 -17.667000
v -13.583000 -11.026000 -17.667000
v -14.393000 -12.429000 -17.667000
v -15.203000 -13.832000 -17.667000
v -16.013000 -15.235000 -17.667000
v -16.823000 -16.638000 -17.667000
v -17.633000 -18.041000 -17.667000
v -18.443000 -19.444000 -17.667000
v -19.253000 -20.847000 -17.667000
v -20.063000 -22.250000 -17.667000
v -20.873000 -23.653000 -17.667000
v -21.683000 -25.055000 -17.667000
v -22.493000 -26.458000 -17.667000
v -23.303000 -27.861000 -17.667000
v -24.113000 -29.264000 -17.667000
v -24.923000 -30.667000 -17.667000
v -25.733000 -32.070000 -17.667000
v -26.543000 -33.473000 -17.667000
v -27.353000 -34.876000 -17.667000
v -28.163000 -36.279000 -17.667000
v -8.723000 -2.608000 -16.500000
v -7.913000 -1.205000 -16.500000
v -9.533000 -4.011000 -16.500000
v -10.343000 -5.414000 -16.500000
v -11.153000 -6.817000 -16.500000
v -11.963000 -8.220000 -16.500000
v -12.773000 -9.623000 -16.500000
v -13.583000 -11.026000 -16.500000
v -14.393000 -12.429000 -16.500000
v -15.203000 -13.832000 -16.500000
v -16.013000 -15.235000 -16.500000
v -16.823000 -16.638000 -16.500000
v -17.633000 -18.041000 -16.500000
v -18.443000 -19.444000 -16.500000
v -19.253000 -20.847000 -16.500000
v -20.063000 -22.250000 -16.500000
v -20.873000 -23.653000 -16.500000
v -21.683000 -25.055000 -16.500000
v -22.493000 -26.458000 -16.500000
v -23.303000 -27.861000 -16.500000
v -24.113000 -29.264000 -16.500000
v -24.923000 -30.667000 -16.500000
v -25.733000 -32.070000 -16.500000
v -26.543000 -33.473000 -16.500000
v -27.353000 -34.876000 -16.500000
v -28.163000 -36.279000 -16.500000
v -8.723000 -2.608000 -15.333000
v -7.913000 -1.205000 -15.333000
v -9.533000 -4.011000 -15.333000
v -10.343000 -5.414000 -15.333000
v -11.153000 -6.817000 -15.333000
v -11.963000 -8.220000 -15.333000
v -12.773000 -9.623000 -15.333000
v -13.583000 -11.026000 -15.333000
v -14.393000 -12.429000 -15.333000
v -15.203000 -13.832000 -15.333000
v -16.013000 -15.235000 -15.333000
v -16.823000 -16.638000 -15.333000
v -17.633000 -18.041000 -15.333000
v -18.443000 -19.444000 -15.333000
v -19.253000 -20.847000 -15.333000
v -20.063000 -22.250000 -15.333000
v -20.873000 -23.653000 -15.333000
v -21.683000 -25.055000 -15.333000
v -22.493000 -26.458000 -15.333000
v -23.303000 -27.861000 -15.333000
v -24.113000 -29.264000 -15.333000
v -24.923000 -30.667000 -15.333000
v -25.733000 -32.070000 -15.333000
v -26.543000 -33.473000 -15.333000
v -27.353000 -34.876000 -15.333000
v -28.163000 -36.279000 -15.333000
v -8.723000 -2.608000 -14.167000
v -7.913000 -1.205000 -14.167000
v -9.533000 -4.011000 -14.167000
v -10.343000 -5.414000 -14.167000
v -11.153000 -6.817000 -14.167000
v -11.963000 -8.220000 -14.167000
v -12.773000 -9.623000 -14.167000
v -13.583000 -11.026000 -14.167000
v -14.393000 -12.429000 -14.167000
v -15.203000 -13.832000 -14.167000
v -16.013000 -15.235000 -14.167000
v -16.823000 -16.638000 -14.167000
v -17.633000 -18.041000 -14.167000
v -18.443000 -19.444000 -14.167000
v -19.253000 -20.847000 -14.167000
v -20.063000 -22.250000 -14.167000
v -20.873000 -23.653000 -14.167000
v -21.683000 -25.055000 -14.167000
v -22.493000 -26.458000 -14.167000
v -23.303000 -27.861000 -14.167000
v -24.113000 -29.264000 -14.167000
v -24.923000 -30.667000 -14.167000
v -25.733000 -32.070000 -14.167000
v -26.543000 -33.473000 -14.167000
v -27.353000 -34.876000 -14.167000
v -28.163000 -36.279000 -14.167000
v -8.723000 -2.608000 -13.000000
v -7.913000 -1.205000 -13.000000
v -9.533000 -4.011000 -13.000000
v -10.343000 -5.414000 -13.000000
v -11.153000 -6.817000 -13.000000
v -11.963000 -8.220000 -13.000000
v -12.773000 -9.623000 -13.000000
v -13.583000 -11.026000 -13.000000
v -14.393000 -12.429000 -13.000000
v -15.203000 -13.832000 -13.000000
v -16.013000 -15.235000 -13.000000
v -16.823000 -16.638000 -13.000000
v -17.633000 -18.041000 -13.000000
v -18.443000 -19.444000 -13.000000
v -19.253000 -20.847000 -13.000000
v -20.063000 -22.250000 -13.000000
v -20.873000 -23.653000 -13.000000
v -21.683000 -25.055000 -13.000000
v -22.493000 -26.458000 -13.000000
v -23.303000 -27.861000 -13.000000
v -24.113000 -29.264000 -13.000000
v -24.923000 -30.667000 -13.000000
v -25.733000 -32.070000 -13.000000
v -26.543000 -33.473000 -13.000000
v -27.353000 -34.876000 -13.000000
v -28.944000 -37.632000 -18.833000
v -28.944000 -37.632000 -20.000000
v -29.725000 -38.985000 -18.833000
v -30.506000 -40.337000 -18.833000
v -28.944000 -37.632000 -17.667000
v -29.725000 -38.985000 -17.667000
v -30.506000 -40.337000 -17.667000
v -31.287000 -41.690000 -17.667000
v -31.287000 -41.690000 -18.833000
v -28.944000 -37.632000 -16.500000
v -29.725000 -38.985000 -16.500000
v -30.506000 -40.337000 -16.500000
v -31.287000 -41.690000 -16.500000
v -28.944000 -37.632000 -15.333000
v -29.725000 -38.985000 -15.333000
v -30.506000 -40.337000 -15.333000
v -31.287000 -41.690000 -15.333000
v -28.944000 -37.632000 -14.167000
v -29.725000 -38.985000 -14.167000
v -30.506000 -40.337000 -14.167000
v -31.287000 -41.690000 -14.167000
v -28.944000 -37.632000 -13.000000
v -31.287000 -41.690000 -13.000000
v -7.565000 -0.603000 -18.833000
v -7.565000 -0.603000 -20.000000
v -7.565000 -0.603000 -17.667000
v -7.565000 -0.603000 -16.500000
v -7.565000 -0.603000 -15.333000
v -7.565000 -0.603000 -14.167000
v -8.631000 -4.532000 -13.000000
v -7.821000 -3.129000 -13.000000
v -9.441000 -5.935000 -13.000000
v -10.251000 -7.338000 -13.000000
v -11.061000 -8.741000 -13.000000
v -11.871000 -10.144000 -13.000000
v -12.681000 -11.547000 -13.000000
v -13.491000 -12.950000 -13.000000
v -14.301000 -14.353000 -13.000000
v -15.111000 -15.756000 -13.000000
v -15.921000 -17.159000 -13.000000
v -16.731000 -18.561000 -13.000000
v -17.541000 -19.964000 -13.000000
v -18.351000 -21.367000 -13.000000
v -19.161000 -22.770000 -13.000000
v -19.971000 -24.173000 -13.000000
v -20.781000 -25.576000 -13.000000
v -21.591000 -26.979000 -13.000000
v -22.401000 -28.382000 -13.000000
v -23.211000 -29.785000 -13.000000
v -24.021000 -31.188000 -13.000000
v -24.831000 -32.591000 -13.000000
v -25.641000 -33.994000 -13.000000
v -26.451000 -35.397000 -13.000000
v -7.728000 -5.053000 -13.000000
v -6.918000 -3.650000 -13.000000
v -8.538000 -6.456000 -13.000000
v -9.348000 -7.859000 -13.000000
v -10.158000 -9.262000 -13.000000
v -10.968000 -10.665000 -13.000000
v -11.778000 -12.068000 -13.000000
v -12.588000 -13.470000 -13.000000
v -13.398000 -14.873000 -13.000000
v -14.208000 -16.276000 -13.000000
v -15.018000 -17.679000 -13.000000
v -15.828000 -19.082000 -13.000000
v -16.638000 -20.485000 -13.000000
v -17.448000 -21.888000 -13.000000
v -18.258000 -23.291000 -13.000000
v -19.068000 -24.694000 -13.000000
v -19.878000 -26.097000 -13.000000
v -20.688000 -27.500000 -13.000000
v -21.498000 -28.903000 -13.000000
v -22.308000 -30.306000 -13.000000
v -23.118000 -31.709000 -13.000000
v -23.928000 -33.112000 -13.000000
v -24.738000 -34.515000 -13.000000
v -25.548000 -35.918000 -13.000000
v -6.826000 -5.574000 -13.000000
v -6.016000 -4.171000 -13.000000
v -7.636000 -6.977000 -13.000000
v -8.446000 -8.379000 -13.000000
v -9.256000 -9.782000 -13.000000
v -10.066000 -11.185000 -13.000000
v -10.876000 -12.588000 -13.000000
v -11.686000 -13.991000 -13.000000
v -12.496000 -15.394000 -13.000000
v -13.306000 -16.797000 -13.000000
v -14.116000 -18.200000 -13.000000
v -14.926000 -19.603000 -13.000000
v -15.736000 -21.006000 -13.000000
v -16.546000 -22.409000 -13.000000
v -17.356000 -23.812000 -13.000000
v -18.166000 -25.215000 -13.000000
v -18.976000 -26.618000 -13.000000
v -19.786000 -28.021000 -13.000000
v -20.596000 -29.424000 -13.000000
v -21.406000 -30.827000 -13.000000
v -22.216000 -32.230000 -13.000000
v -23.026000 -33.633000 -13.000000
v -23.836000 -35.036000 -13.000000
v -24.646000 -36.439000 -13.000000
v -25.456000 -37.842000 -13.000000
v -26.358000 -37.321000 -13.000000
v -5.924000 -6.094000 -13.000000
v -5.114000 -4.691000 -13.000000
v -6.734000 -7.497000 -13.000000
v -7.544000 -8.900000 -13.000000
v -8.354000 -10.303000 -13.000000
v -9.164000 -11.706000 -13.000000
v -9.974000 -13.109000 -13.000000
v -10.784000 -14.512000 -13.000000
v -11.594000 -15.915000 -13.000000
v -12.404000 -17.318000 -13.000000
v -13.214000 -18.721000 -13.000000
v -14.024000 -20.124000 -13.000000
v -14.834000 -21.527000 -13.000000
v -15.644000 -22.930000 -13.000000
v -16.454000 -24.333000 -13.000000
v -17.264000 -25.736000 -13.000000
v -18.074000 -27.139000 -13.000000
v -18.884000 -28.542000 -13.000000
v -19.694000 -29.945000 -13.000000
v -20.504000 -31.348000 -13.000000
v -21.314000 -32.751000 -13.000000
v -22.124000 -34.154000 -13.000000
v -22.934000 -35.557000 -13.000000
v -23.744000 -36.960000 -13.000000
v -5.022000 -6.615000 -13.000000
v -4.212000 -5.212000 -13.000000
v -5.832000 -8.018000 -13.000000
v -6.642000 -9.421000 -13.000000
v -7.452000 -10.824000 -13.000000
v -8.262000 -12.227000 -13.000000
v -9.072000 -13.630000 -13.000000
v -9.882000 -15.033000 -13.000000
v -10.692000 -16.436000 -13.000000
v -11.502000 -17.839000 -13.000000
v -12.312000 -19.242000 -13.000000
v -13.122000 -20.645000 -13.000000
v -13.932000 -22.048000 -13.000000
v -14.742000 -23.451000 -13.000000
v -15.552000 -24.854000 -13.000000
v -16.362000 -26.257000 -13.000000
v -17.172000 -27.660000 -13.000000
v -17.982000 -29.063000 -13.000000
v -18.792000 -30.466000 -13.000000
v -19.602000 -31.869000 -13.000000
v -20.412000 -33.271000 -13.000000
v -21.222000 -34.674000 -13.000000
v -22.032000 -36.077000 -13.000000
v -22.842000 -37.480000 -13.000000
v -4.120000 -7.136000 -13.000000
v -3.310000 -5.733000 -13.000000
v -4.930000 -8.539000 -13.000000
v -5.740000 -9.942000 -13.000000
v -6.550000 -11.345000 -13.000000
v -7.360000 -12.748000 -13.000000
v -8.170000 -14.151000 -13.000000
v -8.980000 -15.554000 -13.000000
v -9.790000 -16.957000 -13.000000
v -10.600000 -18.360000 -13.000000
v -11.410000 -19.763000 -13.000000
v -12.220000 -21.166000 -13.000000
v -13.030000 -22.569000 -13.000000
v -13.840000 -23.972000 -13.000000
v -14.650000 -25.375000 -13.000000
v -15.460000 -26.778000 -13.000000
v -16.270000 -28.180000 -13.000000
v -17.080000 -29.583000 -13.000000
v -17.890000 -30.986000 -13.000000
v -18.700000 -32.389000 -13.000000
v -19.510000 -33.792000 -13.000000
v -20.320000 -35.195000 -13.000000
v -21.130000 -36.598000 -13.000000
v -21.940000 -38.001000 -13.000000
v -23.652000 -38.883000 -13.000000
v -20.057000 -42.533000 -20.000000
v -20.648000 -40.975000 -20.000000
v -20.711000 -41.296000 -20.000000
v -18.118000 -43.882000 -18.833000
v -17.337000 -42.529000 -18.833000
v -18.118000 -43.882000 -20.000000
v -18.899000 -45.235000 -18.833000
v -19.680000 -46.587000 -18.833000
v -20.461000 -47.940000 -18.833000
v -18.118000 -43.882000 -17.667000
v -17.337000 -42.529000 -17.667000
v -18.899000 -45.235000 -17.667000
v -19.680000 -46.587000 -17.667000
v -20.461000 -47.940000 -17.667000
v -18.118000 -43.882000 -16.500000
v -17.337000 -42.529000 -16.500000
v -18.899000 -45.235000 -16.500000
v -19.680000 -46.587000 -16.500000
v -20.461000 -47.940000 -16.500000
v -18.118000 -43.882000 -15.333000
v -17.337000 -42.529000 -15.333000
v -18.899000 -45.235000 -15.333000
v -19.680000 -46.587000 -15.333000
v -20.461000 -47.940000 -15.333000
v -18.118000 -43.882000 -14.167000
v -17.337000 -42.529000 -14.167000
v -18.899000 -45.235000 -14.167000
v -19.680000 -46.587000 -14.167000
v -20.461000 -47.940000 -14.167000
v -18.118000 -43.882000 -13.000000
v -17.337000 -42.529000 -13.000000
v -20.648000 -40.975000 -13.000000
v -19.780000 -41.906000 -13.000000
v -18.490000 -43.906000 -13.000000
v 0.391000 -9.740000 -13.000000
v 1.201000 -8.337000 -13.000000
v 2.103000 -8.858000 -13.000000
v 1.293000 -10.261000 -13.000000
v -0.419000 -11.143000 -13.000000
v 0.483000 -11.664000 -13.000000
v -1.229000 -12.546000 -13.000000
v -0.327000 -13.067000 -13.000000
v -2.039000 -13.949000 -13.000000
v -1.137000 -14.470000 -13.000000
v -2.849000 -15.352000 -13.000000
v -1.947000 -15.873000 -13.000000
v -3.659000 -16.755000 -13.000000
v -2.757000 -17.276000 -13.000000
v -4.469000 -18.158000 -13.000000
v -3.567000 -18.679000 -13.000000
v -5.279000 -19.561000 -13.000000
v -4.377000 -20.082000 -13.000000
v -6.089000 -20.964000 -13.000000
v -5.187000 -21.485000 -13.000000
v -6.899000 -22.367000 -13.000000
v -5.997000 -22.888000 -13.000000
v -7.709000 -23.770000 -13.000000
v -6.807000 -24.291000 -13.000000
v -8.519000 -25.173000 -13.000000
v -7.617000 -25.694000 -13.000000
v -9.329000 -26.576000 -13.000000
v -8.427000 -27.097000 -13.000000
v -10.139000 -27.979000 -13.000000
v -9.237000 -28.500000 -13.000000
v -10.949000 -29.382000 -13.000000
v -10.047000 -29.903000 -13.000000
v -11.759000 -30.785000 -13.000000
v -10.857000 -31.305000 -13.000000
v -12.569000 -32.188000 -13.000000
v -11.667000 -32.708000 -13.000000
v -13.379000 -33.591000 -13.000000
v -12.477000 -34.111000 -13.000000
v -14.189000 -34.994000 -13.000000
v -13.287000 -35.514000 -13.000000
v -14.999000 -36.396000 -13.000000
v -14.097000 -36.917000 -13.000000
v -15.809000 -37.799000 -13.000000
v -14.907000 -38.320000 -13.000000
v -16.619000 -39.202000 -13.000000
v -15.717000 -39.723000 -13.000000
v -17.429000 -40.605000 -13.000000
v -16.527000 -41.126000 -13.000000
v -0.512000 -9.219000 -13.000000
v 0.298000 -7.816000 -13.000000
v -1.322000 -10.622000 -13.000000
v -2.132000 -12.025000 -13.000000
v -2.942000 -13.428000 -13.000000
v -3.752000 -14.831000 -13.000000
v -4.562000 -16.234000 -13.000000
v -5.372000 -17.637000 -13.000000
v -6.182000 -19.040000 -13.000000
v -6.992000 -20.443000 -13.000000
v -7.802000 -21.846000 -13.000000
v -8.612000 -23.249000 -13.000000
v -9.422000 -24.652000 -13.000000
v -10.232000 -26.055000 -13.000000
v -11.042000 -27.458000 -13.000000
v -11.852000 -28.861000 -13.000000
v -12.662000 -30.264000 -13.000000
v -13.472000 -31.667000 -13.000000
v -14.282000 -33.070000 -13.000000
v -15.092000 -34.473000 -13.000000
v -15.902000 -35.876000 -13.000000
v -16.712000 -37.279000 -13.000000
v -17.522000 -38.682000 -13.000000
v -18.332000 -40.085000 -13.000000
v -1.414000 -8.699000 -13.000000
v -0.604000 -7.296000 -13.000000
v -2.224000 -10.102000 -13.000000
v -3.034000 -11.504000 -13.000000
v -3.844000 -12.907000 -13.000000
v -4.654000 -14.310000 -13.000000
v -5.464000 -15.713000 -13.000000
v -6.274000 -17.116000 -13.000000
v -7.084000 -18.519000 -13.000000
v -7.894000 -19.922000 -13.000000
v -8.704000 -21.325000 -13.000000
v -9.514000 -22.728000 -13.000000
v -10.324000 -24.131000 -13.000000
v -11.134000 -25.534000 -13.000000
v -11.944000 -26.937000 -13.000000
v -12.754000 -28.340000 -13.000000
v -13.564000 -29.743000 -13.000000
v -14.374000 -31.146000 -13.000000
v -15.184000 -32.549000 -13.000000
v -15.994000 -33.952000 -13.000000
v -16.804000 -35.355000 -13.000000
v -17.614000 -36.758000 -13.000000
v -18.424000 -38.161000 -13.000000
v -19.234000 -39.564000 -13.000000
v -2.316000 -8.178000 -13.000000
v -1.506000 -6.775000 -13.000000
v -3.126000 -9.581000 -13.000000
v -3.936000 -10.984000 -13.000000
v -4.746000 -12.387000 -13.000000
v -5.556000 -13.790000 -13.000000
v -6.366000 -15.193000 -13.000000
v -7.176000 -16.595000 -13.000000
v -7.986000 -17.998000 -13.000000
v -8.796000 -19.401000 -13.000000
v -9.606000 -20.804000 -13.000000
v -10.416000 -22.207000 -13.000000
v -11.226000 -23.610000 -13.000000
v -12.036000 -25.013000 -13.000000
v -12.846000 -26.416000 -13.000000
v -13.656000 -27.819000 -13.000000
v -14.466000 -29.222000 -13.000000
v -15.276000 -30.625000 -13.000000
v -16.086000 -32.028000 -13.000000
v -16.896000 -33.431000 -13.000000
v -17.706000 -34.834000 -13.000000
v -18.516000 -36.237000 -13.000000
v -19.326000 -37.640000 -13.000000
v -20.136000 -39.043000 -13.000000
v -3.218000 -7.657000 -13.000000
v -2.408000 -6.254000 -13.000000
v -4.028000 -9.060000 -13.000000
v -4.838000 -10.463000 -13.000000
v -5.648000 -11.866000 -13.000000
v -6.458000 -13.269000 -13.000000
v -7.268000 -14.672000 -13.000000
v -8.078000 -16.075000 -13.000000
v -8.888000 -17.478000 -13.000000
v -9.698000 -18.881000 -13.000000
v -10.508000 -20.284000 -13.000000
v -11.318000 -21.686000 -13.000000
v -12.128000 -23.089000 -13.000000
v -12.938000 -24.492000 -13.000000
v -13.748000 -25.895000 -13.000000
v -14.558000 -27.298000 -13.000000
v -15.368000 -28.701000 -13.000000
v -16.178000 -30.104000 -13.000000
v -16.988000 -31.507000 -13.000000
v -17.798000 -32.910000 -13.000000
v -18.608000 -34.313000 -13.000000
v -19.418000 -35.716000 -13.000000
v -20.228000 -37.119000 -13.000000
v -21.038000 -38.522000 -13.000000
v 2.103000 -8.858000 -18.833000
v 2.913000 -7.455000 -18.833000
v 2.913000 -7.455000 -20.000000
v 2.103000 -8.858000 -20.000000
v 1.293000 -10.261000 -18.833000
v 1.293000 -10.261000 -20.000000
v 0.483000 -11.664000 -18.833000
v 0.483000 -11.664000 -20.000000
v -0.327000 -13.067000 -18.833000
v -0.327000 -13.067000 -20.000000
v -1.137000 -14.470000 -18.833000
v -1.137000 -14.470000 -20.000000
v -1.947000 -15.873000 -18.833000
v -1.947000 -15.873000 -20.000000
v -4.377000 -20.082000 -18.833000
v -4.377000 -20.082000 -20.000000
v -5.187000 -21.485000 -18.833000
v -5.187000 -21.485000 -20.000000
v -5.997000 -22.888000 -18.833000
v -5.997000 -22.888000 -20.000000
v -6.807000 -24.291000 -18.833000
v -6.807000 -24.291000 -20.000000
v -7.617000 -25.694000 -18.833000
v -7.617000 -25.694000 -20.000000
v -8.427000 -27.097000 -18.833000
v -8.427000 -27.097000 -20.000000
v -9.237000 -28.500000 -18.833000
v -9.237000 -28.500000 -20.000000
v -10.047000 -29.903000 -18.833000
v -10.047000 -29.903000 -20.000000
v -10.857000 -31.305000 -18.833000
v -10.857000 -31.305000 -20.000000
v -11.667000 -32.708000 -18.833000
v -11.667000 -32.708000 -20.000000
v -12.477000 -34.111000 -18.833000
v -12.477000 -34.111000 -20.000000
v -13.287000 -35.514000 -18.833000
v -13.287000 -35.514000 -20.000000
v -14.097000 -36.917000 -18.833000
v -14.097000 -36.917000 -20.000000
v -14.907000 -38.320000 -18.833000
v -14.907000 -38.320000 -20.000000
v -15.717000 -39.723000 -18.833000
v -15.717000 -39.723000 -20.000000
v -16.527000 -41.126000 -18.833000
v -16.527000 -41.126000 -20.000000
v 2.103000 -8.858000 -17.667000
v 2.913000 -7.455000 -17.667000
v 1.293000 -10.261000 -17.667000
v 0.483000 -11.664000 -17.667000
v -0.327000 -13.067000 -17.667000
v -1.137000 -14.470000 -17.667000
v -1.947000 -15.873000 -17.667000
v -2.757000 -17.276000 -17.667000
v -3.567000 -18.679000 -17.667000
v -4.377000 -20.082000 -17.667000
v -5.187000 -21.485000 -17.667000
v -5.997000 -22.888000 -17.667000
v -6.807000 -24.291000 -17.667000
v -7.617000 -25.694000 -17.667000
v -8.427000 -27.097000 -17.667000
v -9.237000 -28.500000 -17.667000
v -10.047000 -29.903000 -17.667000
v -10.857000 -31.305000 -17.667000
v -11.667000 -32.708000 -17.667000
v -12.477000 -34.111000 -17.667000
v -13.287000 -35.514000 -17.667000
v -14.097000 -36.917000 -17.667000
v -14.907000 -38.320000 -17.667000
v -15.717000 -39.723000 -17.667000
v -16.527000 -41.126000 -17.667000
v 2.103000 -8.858000 -16.500000
v 2.913000 -7.455000 -16.500000
v 1.293000 -10.261000 -16.500000
v 0.483000 -11.664000 -16.500000
v -0.327000 -13.067000 -16.500000
v -1.137000 -14.470000 -16.500000
v -1.947000 -15.873000 -16.500000
v -2.757000 -17.276000 -16.500000
v -3.567000 -18.679000 -16.500000
v -4.377000 -20.082000 -16.500000
v -5.187000 -21.485000 -16.500000
v -5.997000 -22.888000 -16.500000
v -6.807000 -24.291000 -16.500000
v -7.617000 -25.694000 -16.500000
v -8.427000 -27.097000 -16.500000
v -9.237000 -28.500000 -16.500000
v -10.047000 -29.903000 -16.500000
v -10.857000 -31.305000 -16.500000
v -11.667000 -32.708000 -16.500000
v -12.477000 -34.111000 -16.500000
v -13.287000 -35.514000 -16.500000
v -14.097000 -36.917000 -16.500000
v -14.907000 -38.320000 -16.500000
v -15.717000 -39.723000 -16.500000
v -16.527000 -41.126000 -16.500000
v 2.103000 -8.858000 -15.333000
v 2.913000 -7.455000 -15.333000
v 1.293000 -10.261000 -15.333000
v 0.483000 -11.664000 -15.333000
v -0.327000 -13.067000 -15.333000
v -1.137000 -14.470000 -15.333000
v -1.947000 -15.873000 -15.333000
v -2.757000 -17.276000 -15.333000
v -3.567000 -18.679000 -15.333000
v -4.377000 -20.082000 -15.333000
v -5.187000 -21.485000 -15.333000
v -5.997000 -22.888000 -15.333000
v -6.807000 -24.291000 -15.333000
v -7.617000 -25.694000 -15.333000
v -8.427000 -27.097000 -15.333000
v -9.237000 -28.500000 -15.333000
v -10.047000 -29.903000 -15.333000
v -10.857000 -31.305000 -15.333000
v -11.667000 -32.708000 -15.333000
v -12.477000 -34.111000 -15.333000
v -13.287000 -35.514000 -15.333000
v -14.097000 -36.917000 -15.333000
v -14.907000 -38.320000 -15.333000
v -15.717000 -39.723000 -15.333000
v -16.527000 -41.126000 -15.333000
v 2.103000 -8.858000 -14.167000
v 2.913000 -7.455000 -14.167000
v 1.293000 -10.261000 -14.167000
v 0.483000 -11.664000 -14.167000
v -0.327000 -13.067000 -14.167000
v -1.137000 -14.470000 -14.167000
v -1.947000 -15.873000 -14.167000
v -2.757000 -17.276000 -14.167000
v -3.567000 -18.679000 -14.167000
v -4.377000 -20.082000 -14.167000
v -5.187000 -21.485000 -14.167000
v -5.997000 -22.888000 -14.167000
v -6.807000 -24.291000 -14.167000
v -7.617000 -25.694000 -14.167000
v -8.427000 -27.097000 -14.167000
v -9.237000 -28.500000 -14.167000
v -10.047000 -29.903000 -14.167000
v -10.857000 -31.305000 -14.167000
v -11.667000 -32.708000 -14.167000
v -12.477000 -34.111000 -14.167000
v -13.287000 -35.514000 -14.167000
v -14.097000 -36.917000 -14.167000
v -14.907000 -38.320000 -14.167000
v -15.717000 -39.723000 -14.167000
v -16.527000 -41.126000 -14.167000
v 2.913000 -7.455000 -13.000000
v 0.391000 -9.740000 -20.000000
v 1.201000 -8.337000 -20.000000
v -0.419000 -11.143000 -20.000000
v -1.229000 -12.546000 -20.000000
v -2.039000 -13.949000 -20.000000
v -2.849000 -15.352000 -20.000000
v -3.659000 -16.755000 -20.000000
v -4.469000 -18.158000 -20.000000
v -5.279000 -19.561000 -20.000000
v -6.089000 -20.964000 -20.000000
v -6.899000 -22.367000 -20.000000
v -7.709000 -23.770000 -20.000000
v -8.519000 -25.173000 -20.000000
v -9.329000 -26.576000 -20.000000
v -10.139000 -27.979000 -20.000000
v -10.949000 -29.382000 -20.000000
v -11.759000 -30.785000 -20.000000
v -12.569000 -32.188000 -20.000000
v -13.379000 -33.591000 -20.000000
v -14.189000 -34.994000 -20.000000
v -14.999000 -36.396000 -20.000000
v -15.809000 -37.799000 -20.000000
v -16.619000 -39.202000 -20.000000
v -17.429000 -40.605000 -20.000000
v -0.512000 -9.219000 -20.000000
v 0.298000 -7.816000 -20.000000
v -1.322000 -10.622000 -20.000000
v -2.132000 -12.025000 -20.000000
v -2.942000 -13.428000 -20.000000
v -3.752000 -14.831000 -20.000000
v -4.562000 -16.234000 -20.000000
v -5.372000 -17.637000 -20.000000
v -6.182000 -19.040000 -20.000000
v -6.992000 -20.443000 -20.000000
v -7.802000 -21.846000 -20.000000
v -8.612000 -23.249000 -20.000000
v -9.422000 -24.652000 -20.000000
v -10.232000 -26.055000 -20.000000
v -11.042000 -27.458000 -20.000000
v -11.852000 -28.861000 -20.000000
v -12.662000 -30.264000 -20.000000
v -13.472000 -31.667000 -20.000000
v -14.282000 -33.070000 -20.000000
v -15.092000 -34.473000 -20.000000
v -15.902000 -35.876000 -20.000000
v -16.712000 -37.279000 -20.000000
v -17.522000 -38.682000 -20.000000
v -1.414000 -8.699000 -20.000000
v -0.604000 -7.296000 -20.000000
v -2.224000 -10.102000 -20.000000
v -3.034000 -11.504000 -20.000000
v -3.844000 -12.907000 -20.000000
v -4.654000 -14.310000 -20.000000
v -5.464000 -15.713000 -20.000000
v -6.274000 -17.116000 -20.000000
v -7.084000 -18.519000 -20.000000
v -7.894000 -19.922000 -20.000000
v -8.704000 -21.325000 -20.000000
v -9.514000 -22.728000 -20.000000
v -10.324000 -24.131000 -20.000000
v -11.134000 -25.534000 -20.000000
v -11.944000 -26.937000 -20.000000
v -12.754000 -28.340000 -20.000000
v -13.564000 -29.743000 -20.000000
v -14.374000 -31.146000 -20.000000
v -15.184000 -32.549000 -20.000000
v -15.994000 -33.952000 -20.000000
v -16.804000 -35.355000 -20.000000
v -17.614000 -36.758000 -20.000000
v -18.424000 -38.161000 -20.000000
v -2.316000 -8.178000 -20.000000
v -1.506000 -6.775000 -20.000000
v -3.126000 -9.581000 -20.000000
v -3.936000 -10.984000 -20.000000
v -4.746000 -12.387000 -20.000000
v -5.556000 -13.790000 -20.000000
v -6.366000 -15.193000 -20.000000
v -7.176000 -16.595000 -20.000000
v -7.986000 -17.998000 -20.000000
v -8.796000 -19.401000 -20.000000
v -9.606000 -20.804000 -20.000000
v -10.416000 -22.207000 -20.000000
v -11.226000 -23.610000 -20.000000
v -12.036000 -25.013000 -20.000000
v -12.846000 -26.416000 -20.000000
v -13.656000 -27.819000 -20.000000
v -14.466000 -29.222000 -20.000000
v -15.276000 -30.625000 -20.000000
v -16.086000 -32.028000 -20.000000
v -16.896000 -33.431000 -20.000000
v -17.706000 -34.834000 -20.000000
v -18.516000 -36.237000 -20.000000
v -19.326000 -37.640000 -20.000000
v -20.136000 -39.043000 -20.000000
v -3.218000 -7.657000 -20.000000
v -2.408000 -6.254000 -20.000000
v -4.028000 -9.060000 -20.000000
v -4.838000 -10.463000 -20.000000
v -5.648000 -11.866000 -20.000000
v -6.458000 -13.269000 -20.000000
v -7.268000 -14.672000 -20.000000
v -8.078000 -16.075000 -20.000000
v -8.888000 -17.478000 -20.000000
v -9.698000 -18.881000 -20.000000
v -10.508000 -20.284000 -20.000000
v -11.318000 -21.686000 -20.000000
v -12.128000 -23.089000 -20.000000
v -12.938000 -24.492000 -20.000000
v -13.748000 -25.895000 -20.000000
v -14.558000 -27.298000 -20.000000
v -15.368000 -28.701000 -20.000000
v -16.178000 -30.104000 -20.000000
v -16.988000 -31.507000 -20.000000
v -17.798000 -32.910000 -20.000000
v -18.608000 -34.313000 -20.000000
v -19.418000 -35.716000 -20.000000
v -20.228000 -37.119000 -20.000000
v -21.038000 -38.522000 -20.000000
v 3.261000 -6.853000 -18.833000
v 3.608000 -6.250000 -18.833000
v 3.608000 -6.250000 -20.000000
v 3.261000 -6.853000 -20.000000
v 3.261000 -6.853000 -17.667000
v 3.608000 -6.250000 -17.667000
v 3.261000 -6.853000 -16.500000
v 3.608000 -6.250000 -16.500000
v 3.261000 -6.853000 -15.333000
v 3.608000 -6.250000 -15.333000
v 3.261000 -6.853000 -14.167000
v 3.608000 -6.250000 -14.167000
v 6.620000 -5.208000 -20.000000
v 5.000000 -5.208000 -20.000000
v 5.000000 -6.250000 -20.000000
v 6.620000 -6.250000 -20.000000
v 8.240000 -5.208000 -20.000000
v 8.240000 -6.250000 -20.000000
v 9.860000 -5.208000 -20.000000
v 9.860000 -6.250000 -20.000000
v 11.480000 -5.208000 -20.000000
v 11.480000 -6.250000 -20.000000
v 13.100000 -5.208000 -20.000000
v 13.100000 -6.250000 -20.000000
v 14.720000 -5.208000 -20.000000
v 14.720000 -6.250000 -20.000000
v 16.340000 -5.208000 -20.000000
v 16.340000 -6.250000 -20.000000
v 17.960000 -5.208000 -20.000000
v 17.960000 -6.250000 -20.000000
v 19.580000 -5.208000 -20.000000
v 19.580000 -6.250000 -20.000000
v 21.200000 -5.208000 -20.000000
v 21.200000 -6.250000 -20.000000
v 22.820000 -5.208000 -20.000000
v 22.820000 -6.250000 -20.000000
v 24.440000 -5.208000 -20.000000
v 24.440000 -6.250000 -20.000000
v 26.060000 -5.208000 -20.000000
v 26.060000 -6.250000 -20.000000
v 27.680000 -5.208000 -20.000000
v 27.680000 -6.250000 -20.000000
v 29.300000 -5.208000 -20.000000
v 29.300000 -6.250000 -20.000000
v 30.920000 -5.208000 -20.000000
v 30.920000 -6.250000 -20.000000
v 32.540000 -5.208000 -20.000000
v 32.540000 -6.250000 -20.000000
v 34.160000 -5.208000 -20.000000
v 34.160000 -6.250000 -20.000000
v 35.780000 -5.208000 -20.000000
v 35.780000 -6.250000 -20.000000
v 37.400000 -5.208000 -20.000000
v 37.400000 -6.250000 -20.000000
v 39.020000 -5.208000 -20.000000
v 39.020000 -6.250000 -20.000000
v 40.640000 -5.208000 -20.000000
v 40.640000 -6.250000 -20.000000
v 42.260000 -5.208000 -20.000000
v 42.260000 -6.250000 -20.000000
v 43.880000 -5.208000 -20.000000
v 43.880000 -6.250000 -20.000000
v 45.500000 -5.208000 -20.000000
v 6.620000 -4.167000 -20.000000
v 5.000000 -4.167000 -20.000000
v 8.240000 -4.167000 -20.000000
v 9.860000 -4.167000 -20.000000
v 11.480000 -4.167000 -20.000000
v 13.100000 -4.167000 -20.000000
v 14.720000 -4.167000 -20.000000
v 16.340000 -4.167000 -20.000000
v 17.960000 -4.167000 -20.000000
v 19.580000 -4.167000 -20.000000
v 21.200000 -4.167000 -20.000000
v 22.820000 -4.167000 -20.000000
v 24.440000 -4.167000 -20.000000
v 26.060000 -4.167000 -20.000000
v 27.680000 -4.167000 -20.000000
v 29.300000 -4.167000 -20.000000
v 30.920000 -4.167000 -20.000000
v 32.540000 -4.167000 -20.000000
v 34.160000 -4.167000 -20.000000
v 35.780000 -4.167000 -20.000000
v 37.400000 -4.167000 -20.000000
v 39.020000 -4.167000 -20.000000
v 40.640000 -4.167000 -20.000000
v 42.260000 -4.167000 -20.000000
v 43.880000 -4.167000 -20.000000
v 45.500000 -4.167000 -20.000000
v 6.620000 -3.125000 -20.000000
v 5.000000 -3.125000 -20.000000
v 8.240000 -3.125000 -20.000000
v 9.860000 -3.125000 -20.000000
v 11.480000 -3.125000 -20.000000
v 13.100000 -3.125000 -20.000000
v 14.720000 -3.125000 -20.000000
v 16.340000 -3.125000 -20.000000
v 17.960000 -3.125000 -20.000000
v 19.580000 -3.125000 -20.000000
v 21.200000 -3.125000 -20.000000
v 22.820000 -3.125000 -20.000000
v 24.440000 -3.125000 -20.000000
v 26.060000 -3.125000 -20.000000
v 27.680000 -3.125000 -20.000000
v 29.300000 -3.125000 -20.000000
v 30.920000 -3.125000 -20.000000
v 32.540000 -3.125000 -20.000000
v 34.160000 -3.125000 -20.000000
v 35.780000 -3.125000 -20.000000
v 37.400000 -3.125000 -20.000000
v 39.020000 -3.125000 -20.000000
v 40.640000 -3.125000 -20.000000
v 42.260000 -3.125000 -20.000000
v 43.880000 -3.125000 -20.000000
v 45.500000 -3.125000 -20.000000
v 6.620000 -2.083000 -20.000000
v 5.000000 -2.083000 -20.000000
v 8.240000 -2.083000 -20.000000
v 9.860000 -2.083000 -20.000000
v 11.480000 -2.083000 -20.000000
v 13.100000 -2.083000 -20.000000
v 14.720000 -2.083000 -20.000000
v 16.340000 -2.083000 -20.000000
v 17.960000 -2.083000 -20.000000
v 19.580000 -2.083000 -20.000000
v 21.200000 -2.083000 -20.000000
v 22.820000 -2.083000 -20.000000
v 24.440000 -2.083000 -20.000000
v 26.060000 -2.083000 -20.000000
v 27.680000 -2.083000 -20.000000
v 29.300000 -2.083000 -20.000000
v 30.920000 -2.083000 -20.000000
v 32.540000 -2.083000 -20.000000
v 34.160000 -2.083000 -20.000000
v 35.780000 -2.083000 -20.000000
v 37.400000 -2.083000 -20.000000
v 39.020000 -2.083000 -20.000000
v 40.640000 -2.083000 -20.000000
v 42.260000 -2.083000 -20.000000
v 43.880000 -2.083000 -20.000000
v 45.500000 -2.083000 -20.000000
v 6.620000 -1.042000 -20.000000
v 5.000000 -1.042000 -20.000000
v 8.240000 -1.042000 -20.000000
v 9.860000 -1.042000 -20.000000
v 11.480000 -1.042000 -20.000000
v 13.100000 -1.042000 -20.000000
v 14.720000 -1.042000 -20.000000
v 16.340000 -1.042000 -20.000000
v 17.960000 -1.042000 -20.000000
v 19.580000 -1.042000 -20.000000
v 21.200000 -1.042000 -20.000000
v 22.820000 -1.042000 -20.000000
v 24.440000 -1.042000 -20.000000
v 26.060000 -1.042000 -20.000000
v 27.680000 -1.042000 -20.000000
v 29.300000 -1.042000 -20.000000
v 30.920000 -1.042000 -20.000000
v 32.540000 -1.042000 -20.000000
v 34.160000 -1.042000 -20.000000
v 35.780000 -1.042000 -20.000000
v 37.400000 -1.042000 -20.000000
v 39.020000 -1.042000 -20.000000
v 40.640000 -1.042000 -20.000000
v 42.260000 -1.042000 -20.000000
v 43.880000 -1.042000 -20.000000
v 45.500000 -1.042000 -20.000000
v 4.304000 -6.250000 -18.833000
v 4.304000 -6.250000 -20.000000
v 5.000000 -6.250000 -18.833000
v 4.304000 -6.250000 -17.667000
v 5.000000 -6.250000 -17.667000
v 4.304000 -6.250000 -16.500000
v 5.000000 -6.250000 -16.500000
v 4.304000 -6.250000 -15.333000
v 5.000000 -6.250000 -15.333000
v 4.304000 -6.250000 -14.167000
v 5.000000 -6.250000 -14.167000
v 4.304000 -6.250000 -13.000000
v 3.608000 -6.250000 -13.000000
v 5.000000 -6.250000 -13.000000
v 47.062000 -6.250000 -18.833000
v 47.062000 -6.250000 -20.000000
v 45.500000 -6.250000 -18.833000
v 48.624000 -6.250000 -18.833000
v 50.186000 -6.250000 -18.833000
v 51.748000 -6.250000 -18.833000
v 47.062000 -6.250000 -17.667000
v 45.500000 -6.250000 -17.667000
v 48.624000 -6.250000 -17.667000
v 50.186000 -6.250000 -17.667000
v 51.748000 -6.250000 -17.667000
v 47.062000 -6.250000 -16.500000
v 45.500000 -6.250000 -16.500000
v 48.624000 -6.250000 -16.500000
v 50.186000 -6.250000 -16.500000
v 51.748000 -6.250000 -16.500000
v 47.062000 -6.250000 -15.333000
v 45.500000 -6.250000 -15.333000
v 48.624000 -6.250000 -15.333000
v 50.186000 -6.250000 -15.333000
v 51.748000 -6.250000 -15.333000
v 47.062000 -6.250000 -14.167000
v 45.500000 -6.250000 -14.167000
v 48.624000 -6.250000 -14.167000
v 50.186000 -6.250000 -14.167000
v 51.748000 -6.250000 -14.167000
v 47.062000 -6.250000 -13.000000
v 6.620000 -6.250000 -18.833000
v 8.240000 -6.250000 -18.833000
v 9.860000 -6.250000 -18.833000
v 11.480000 -6.250000 -18.833000
v 13.100000 -6.250000 -18.833000
v 14.720000 -6.250000 -18.833000
v 16.340000 -6.250000 -18.833000
v 17.960000 -6.250000 -18.833000
v 19.580000 -6.250000 -18.833000
v 21.200000 -6.250000 -18.833000
v 22.820000 -6.250000 -18.833000
v 24.440000 -6.250000 -18.833000
v 26.060000 -6.250000 -18.833000
v 27.680000 -6.250000 -18.833000
v 29.300000 -6.250000 -18.833000
v 30.920000 -6.250000 -18.833000
v 32.540000 -6.250000 -18.833000
v 34.160000 -6.250000 -18.833000
v 35.780000 -6.250000 -18.833000
v 37.400000 -6.250000 -18.833000
v 39.020000 -6.250000 -18.833000
v 40.640000 -6.250000 -18.833000
v 42.260000 -6.250000 -18.833000
v 43.880000 -6.250000 -18.833000
v 6.620000 -6.250000 -17.667000
v 8.240000 -6.250000 -17.667000
v 9.860000 -6.250000 -17.667000
v 11.480000 -6.250000 -17.667000
v 13.100000 -6.250000 -17.667000
v 14.720000 -6.250000 -17.667000
v 16.340000 -6.250000 -17.667000
v 17.960000 -6.250000 -17.667000
v 19.580000 -6.250000 -17.667000
v 21.200000 -6.250000 -17.667000
v 22.820000 -6.250000 -17.667000
v 24.440000 -6.250000 -17.667000
v 26.060000 -6.250000 -17.667000
v 27.680000 -6.250000 -17.667000
v 29.300000 -6.250000 -17.667000
v 30.920000 -6.250000 -17.667000
v 32.540000 -6.250000 -17.667000
v 34.160000 -6.250000 -17.667000
v 35.780000 -6.250000 -17.667000
v 37.400000 -6.250000 -17.667000
v 39.020000 -6.250000 -17.667000
v 40.640000 -6.250000 -17.667000
v 42.260000 -6.250000 -17.667000
v 43.880000 -6.250000 -17.667000
v 6.620000 -6.250000 -16.500000
v 8.240000 -6.250000 -16.500000
v 9.860000 -6.250000 -16.500000
v 11.480000 -6.250000 -16.500000
v 13.100000 -6.250000 -16.500000
v 14.720000 -6.250000 -16.500000
v 16.340000 -6.250000 -16.500000
v 17.960000 -6.250000 -16.500000
v 19.580000 -6.250000 -16.500000
v 21.200000 -6.250000 -16.500000
v 22.820000 -6.250000 -16.500000
v 24.440000 -6.250000 -16.500000
v 26.060000 -6.250000 -16.500000
v 27.680000 -6.250000 -16.500000
v 29.300000 -6.250000 -16.500000
v 30.920000 -6.250000 -16.500000
v 32.540000 -6.250000 -16.500000
v 34.160000 -6.250000 -16.500000
v 35.780000 -6.250000 -16.500000
v 37.400000 -6.250000 -16.500000
v 39.020000 -6.250000 -16.500000
v 40.640000 -6.250000 -16.500000
v 42.260000 -6.250000 -16.500000
v 43.880000 -6.250000 -16.500000
v 6.620000 -6.250000 -15.333000
v 8.240000 -6.250000 -15.333000
v 9.860000 -6.250000 -15.333000
v 11.480000 -6.250000 -15.333000
v 13.100000 -6.250000 -15.333000
v 14.720000 -6.250000 -15.333000
v 16.340000 -6.250000 -15.333000
v 17.960000 -6.250000 -15.333000
v 19.580000 -6.250000 -15.333000
v 21.200000 -6.250000 -15.333000
v 22.820000 -6.250000 -15.333000
v 24.440000 -6.250000 -15.333000
v 26.060000 -6.250000 -15.333000
v 27.680000 -6.250000 -15.333000
v 29.300000 -6.250000 -15.333000
v 30.920000 -6.250000 -15.333000
v 32.540000 -6.250000 -15.333000
v 34.160000 -6.250000 -15.333000
v 35.780000 -6.250000 -15.333000
v 37.400000 -6.250000 -15.333000
v 39.020000 -6.250000 -15.333000
v 40.640000 -6.250000 -15.333000
v 42.260000 -6.250000 -15.333000
v 43.880000 -6.250000 -15.333000
v 6.620000 -6.250000 -14.167000
v 8.240000 -6.250000 -14.167000
v 9.860000 -6.250000 -14.167000
v 11.480000 -6.250000 -14.167000
v 13.100000 -6.250000 -14.167000
v 14.720000 -6.250000 -14.167000
v 16.340000 -6.250000 -14.167000
v 17.960000 -6.250000 -14.167000
v 19.580000 -6.250000 -14.167000
v 21.200000 -6.250000 -14.167000
v 22.820000 -6.250000 -14.167000
v 24.440000 -6.250000 -14.167000
v 26.060000 -6.250000 -14.167000
v 27.680000 -6.250000 -14.167000
v 29.300000 -6.250000 -14.167000
v 30.920000 -6.250000 -14.167000
v 32.540000 -6.250000 -14.167000
v 34.160000 -6.250000 -14.167000
v 35.780000 -6.250000 -14.167000
v 37.400000 -6.250000 -14.167000
v 39.020000 -6.250000 -14.167000
v 40.640000 -6.250000 -14.167000
v 42.260000 -6.250000 -14.167000
v 43.880000 -6.250000 -14.167000
v 6.620000 -6.250000 -13.000000
v 8.240000 -6.250000 -13.000000
v 9.860000 -6.250000 -13.000000
v 11.480000 -6.250000 -13.000000
v 13.100000 -6.250000 -13.000000
v 14.720000 -6.250000 -13.000000
v 16.340000 -6.250000 -13.000000
v 17.960000 -6.250000 -13.000000
v 19.580000 -6.250000 -13.000000
v 21.200000 -6.250000 -13.000000
v 22.820000 -6.250000 -13.000000
v 24.440000 -6.250000 -13.000000
v 26.060000 -6.250000 -13.000000
v 27.680000 -6.250000 -13.000000
v 29.300000 -6.250000 -13.000000
v 30.920000 -6.250000 -13.000000
v 32.540000 -6.250000 -13.000000
v 34.160000 -6.250000 -13.000000
v 35.780000 -6.250000 -13.000000
v 37.400000 -6.250000 -13.000000
v 39.020000 -6.250000 -13.000000
v 40.640000 -6.250000 -13.000000
v 42.260000 -6.250000 -13.000000
v 43.880000 -6.250000 -13.000000
v 6.620000 -5.208000 -13.000000
v 5.000000 -5.208000 -13.000000
v 8.240000 -5.208000 -13.000000
v 9.860000 -5.208000 -13.000000
v 11.480000 -5.208000 -13.000000
v 13.100000 -5.208000 -13.000000
v 14.720000 -5.208000 -13.000000
v 16.340000 -5.208000 -13.000000
v 17.960000 -5.208000 -13.000000
v 19.580000 -5.208000 -13.000000
v 21.200000 -5.208000 -13.000000
v 22.820000 -5.208000 -13.000000
v 24.440000 -5.208000 -13.000000
v 26.060000 -5.208000 -13.000000
v 27.680000 -5.208000 -13.000000
v 29.300000 -5.208000 -13.000000
v 30.920000 -5.208000 -13.000000
v 32.540000 -5.208000 -13.000000
v 34.160000 -5.208000 -13.000000
v 35.780000 -5.208000 -13.000000
v 37.400000 -5.208000 -13.000000
v 39.020000 -5.208000 -13.000000
v 40.640000 -5.208000 -13.000000
v 42.260000 -5.208000 -13.000000
v 43.880000 -5.208000 -13.000000
v 45.500000 -5.208000 -13.000000
v 6.620000 -4.167000 -13.000000
v 5.000000 -4.167000 -13.000000
v 8.240000 -4.167000 -13.000000
v 9.860000 -4.167000 -13.000000
v 11.480000 -4.167000 -13.000000
v 13.100000 -4.167000 -13.000000
v 14.720000 -4.167000 -13.000000
v 16.340000 -4.167000 -13.000000
v 17.960000 -4.167000 -13.000000
v 19.580000 -4.167000 -13.000000
v 21.200000 -4.167000 -13.000000
v 22.820000 -4.167000 -13.000000
v 24.440000 -4.167000 -13.000000
v 26.060000 -4.167000 -13.000000
v 27.680000 -4.167000 -13.000000
v 29.300000 -4.167000 -13.000000
v 30.920000 -4.167000 -13.000000
v 32.540000 -4.167000 -13.000000
v 34.160000 -4.167000 -13.000000
v 35.780000 -4.167000 -13.000000
v 37.400000 -4.167000 -13.000000
v 39.020000 -4.167000 -13.000000
v 40.640000 -4.167000 -13.000000
v 42.260000 -4.167000 -13.000000
v 43.880000 -4.167000 -13.000000
v 45.500000 -4.167000 -13.000000
v 6.620000 -3.125000 -13.000000
v 5.000000 -3.125000 -13.000000
v 8.240000 -3.125000 -13.000000
v 9.860000 -3.125000 -13.000000
v 11.480000 -3.125000 -13.000000
v 13.100000 -3.125000 -13.000000
v 14.720000 -3.125000 -13.000000
v 16.340000 -3.125000 -13.000000
v 17.960000 -3.125000 -13.000000
v 19.580000 -3.125000 -13.000000
v 21.200000 -3.125000 -13.000000
v 22.820000 -3.125000 -13.000000
v 24.440000 -3.125000 -13.000000
v 26.060000 -3.125000 -13.000000
v 27.680000 -3.125000 -13.000000
v 29.300000 -3.125000 -13.000000
v 30.920000 -3.125000 -13.000000
v 32.540000 -3.125000 -13.000000
v 34.160000 -3.125000 -13.000000
v 35.780000 -3.125000 -13.000000
v 37.400000 -3.125000 -13.000000
v 39.020000 -3.125000 -13.000000
v 40.640000 -3.125000 -13.000000
v 42.260000 -3.125000 -13.000000
v 43.880000 -3.125000 -13.000000
v 45.500000 -3.125000 -13.000000
v 6.620000 -2.083000 -13.000000
v 5.000000 -2.083000 -13.000000
v 8.240000 -2.083000 -13.000000
v 9.860000 -2.083000 -13.000000
v 11.480000 -2.083000 -13.000000
v 13.100000 -2.083000 -13.000000
v 14.720000 -2.083000 -13.000000
v 16.340000 -2.083000 -13.000000
v 17.960000 -2.083000 -13.000000
v 19.580000 -2.083000 -13.000000
v 21.200000 -2.083000 -13.000000
v 22.820000 -2.083000 -13.000000
v 24.440000 -2.083000 -13.000000
v 26.060000 -2.083000 -13.000000
v 27.680000 -2.083000 -13.000000
v 29.300000 -2.083000 -13.000000
v 30.920000 -2.083000 -13.000000
v 32.540000 -2.083000 -13.000000
v 34.160000 -2.083000 -13.000000
v 35.780000 -2.083000 -13.000000
v 37.400000 -2.083000 -13.000000
v 39.020000 -2.083000 -13.000000
v 40.640000 -2.083000 -13.000000
v 42.260000 -2.083000 -13.000000
v 43.880000 -2.083000 -13.000000
v 45.500000 -2.083000 -13.000000
v 6.620000 -1.042000 -13.000000
v 5.000000 -1.042000 -13.000000
v 8.240000 -1.042000 -13.000000
v 9.860000 -1.042000 -13.000000
v 11.480000 -1.042000 -13.000000
v 13.100000 -1.042000 -13.000000
v 14.720000 -1.042000 -13.000000
v 16.340000 -1.042000 -13.000000
v 17.960000 -1.042000 -13.000000
v 19.580000 -1.042000 -13.000000
v 21.200000 -1.042000 -13.000000
v 22.820000 -1.042000 -13.000000
v 24.440000 -1.042000 -13.000000
v 26.060000 -1.042000 -13.000000
v 27.680000 -1.042000 -13.000000
v 29.300000 -1.042000 -13.000000
v 30.920000 -1.042000 -13.000000
v 32.540000 -1.042000 -13.000000
v 34.160000 -1.042000 -13.000000
v 35.780000 -1.042000 -13.000000
v 37.400000 -1.042000 -13.000000
v 39.020000 -1.042000 -13.000000
v 40.640000 -1.042000 -13.000000
v 42.260000 -1.042000 -13.000000
v 43.880000 -1.042000 -13.000000
v 45.500000 -1.042000 -13.000000
v -30.126000 -49.398000 -14.167000
v -29.000000 -50.229000 -14.167000
v -30.126000 -49.398000 -15.333000
v -29.000000 -50.229000 -15.333000
v -30.126000 -49.398000 -16.500000
v -29.000000 -50.229000 -16.500000
v -30.126000 -49.398000 -17.667000
v -29.000000 -50.229000 -17.667000
v -30.126000 -49.398000 -18.833000
v -29.000000 -50.229000 -18.833000
v -30.126000 -49.398000 -20.000000
v -29.000000 -50.229000 -20.000000
v -31.039000 -48.337000 -15.333000
v -31.039000 -48.337000 -14.167000
v -31.039000 -48.337000 -16.500000
v -31.039000 -48.337000 -17.667000
v -31.039000 -48.337000 -18.833000
v -31.039000 -48.337000 -20.000000
v -31.693000 -47.099000 -15.333000
v -31.693000 -47.099000 -14.167000
v -31.693000 -47.099000 -16.500000
v -31.693000 -47.099000 -17.667000
v -31.693000 -47.099000 -18.833000
v -31.693000 -47.099000 -20.000000
v -32.055000 -45.747000 -15.333000
v -32.055000 -45.747000 -14.167000
v -32.055000 -45.747000 -16.500000
v -32.055000 -45.747000 -17.667000
v -32.055000 -45.747000 -18.833000
v -32.055000 -45.747000 -20.000000
v -32.107000 -44.348000 -15.333000
v -32.107000 -44.348000 -14.167000
v -32.107000 -44.348000 -16.500000
v -32.107000 -44.348000 -17.667000
v -32.107000 -44.348000 -18.833000
v -32.107000 -44.348000 -20.000000
v -31.847000 -42.973000 -15.333000
v -31.847000 -42.973000 -14.167000
v -31.847000 -42.973000 -16.500000
v -31.847000 -42.973000 -17.667000
v -31.847000 -42.973000 -18.833000
v -31.847000 -42.973000 -20.000000
v -31.847000 -42.973000 -13.000000
v -26.656000 -46.170000 -20.000000
v -25.875000 -44.817000 -20.000000
v -26.938000 -45.962000 -20.000000
v -28.219000 -48.876000 -20.000000
v -29.063000 -48.253000 -20.000000
v -27.166000 -45.697000 -20.000000
v -28.457000 -46.577000 -20.000000
v -28.001000 -47.108000 -20.000000
v -29.748000 -47.457000 -20.000000
v -27.329000 -45.388000 -20.000000
v -28.784000 -45.959000 -20.000000
v -30.238000 -46.529000 -20.000000
v -27.420000 -45.050000 -20.000000
v -28.965000 -45.283000 -20.000000
v -30.510000 -45.515000 -20.000000
v -27.433000 -44.700000 -20.000000
v -28.991000 -44.583000 -20.000000
v -30.549000 -44.467000 -20.000000
v -27.368000 -44.356000 -20.000000
v -28.861000 -43.896000 -20.000000
v -30.354000 -43.435000 -20.000000
v -27.228000 -44.036000 -20.000000
v -28.581000 -43.254000 -20.000000
v -29.934000 -42.473000 -20.000000
v -27.020000 -43.754000 -20.000000
v -28.166000 -42.691000 -20.000000
v -29.311000 -41.629000 -20.000000
v -26.755000 -43.526000 -20.000000
v -27.635000 -42.235000 -20.000000
v -28.516000 -40.944000 -20.000000
v -26.446000 -43.362000 -20.000000
v -27.017000 -41.908000 -20.000000
v -27.588000 -40.453000 -20.000000
v -26.108000 -43.272000 -20.000000
v -26.341000 -41.727000 -20.000000
v -26.574000 -40.182000 -20.000000
v -25.758000 -43.259000 -20.000000
v -25.641000 -41.701000 -20.000000
v -25.525000 -40.142000 -20.000000
v -25.414000 -43.324000 -20.000000
v -24.954000 -41.831000 -20.000000
v -24.493000 -40.338000 -20.000000
v -25.094000 -43.464000 -20.000000
v -27.717000 -50.789000 -14.167000
v -27.717000 -50.789000 -15.333000
v -27.717000 -50.789000 -16.500000
v -27.717000 -50.789000 -17.667000
v -27.717000 -50.789000 -18.833000
v -27.717000 -50.789000 -20.000000
v -26.342000 -51.049000 -14.167000
v -26.342000 -51.049000 -15.333000
v -26.342000 -51.049000 -16.500000
v -26.342000 -51.049000 -17.667000
v -26.342000 -51.049000 -18.833000
v -26.342000 -51.049000 -20.000000
v -24.943000 -50.997000 -14.167000
v -24.943000 -50.997000 -15.333000
v -24.943000 -50.997000 -16.500000
v -24.943000 -50.997000 -17.667000
v -24.943000 -50.997000 -18.833000
v -24.943000 -50.997000 -20.000000
v -23.591000 -50.634000 -14.167000
v -23.591000 -50.634000 -13.000000
v -23.591000 -50.634000 -15.333000
v -23.591000 -50.634000 -16.500000
v -23.591000 -50.634000 -17.667000
v -23.591000 -50.634000 -18.833000
v -23.591000 -50.634000 -20.000000
v -22.353000 -49.980000 -14.167000
v -22.353000 -49.980000 -13.000000
v -22.353000 -49.980000 -15.333000
v -22.353000 -49.980000 -16.500000
v -22.353000 -49.980000 -17.667000
v -22.353000 -49.980000 -18.833000
v -22.353000 -49.980000 -20.000000
v -21.292000 -49.067000 -14.167000
v -21.292000 -49.067000 -13.000000
v -21.292000 -49.067000 -15.333000
v -21.292000 -49.067000 -16.500000
v -21.292000 -49.067000 -17.667000
v -21.292000 -49.067000 -18.833000
v -21.292000 -49.067000 -20.000000
v -26.336000 -46.310000 -20.000000
v -26.796000 -47.803000 -20.000000
v -27.438000 -47.523000 -20.000000
v -27.257000 -49.296000 -20.000000
v -25.992000 -46.375000 -20.000000
v -26.109000 -47.933000 -20.000000
v -26.225000 -49.491000 -20.000000
v -25.642000 -46.362000 -20.000000
v -25.409000 -47.907000 -20.000000
v -25.176000 -49.452000 -20.000000
v -25.304000 -46.271000 -20.000000
v -24.733000 -47.726000 -20.000000
v -24.162000 -49.180000 -20.000000
v -24.995000 -46.108000 -20.000000
v -24.115000 -47.399000 -20.000000
v -23.234000 -48.690000 -20.000000
v -24.730000 -45.880000 -20.000000
v -23.584000 -46.942000 -20.000000
v -22.439000 -48.005000 -20.000000
v -24.522000 -45.598000 -20.000000
v -23.169000 -46.379000 -20.000000
v -21.816000 -47.161000 -20.000000
v -24.382000 -45.277000 -20.000000
v -22.889000 -45.738000 -20.000000
v -21.396000 -46.198000 -20.000000
v -24.317000 -44.934000 -20.000000
v -22.759000 -45.050000 -20.000000
v -21.201000 -45.167000 -20.000000
v -24.330000 -44.584000 -20.000000
v -22.785000 -44.351000 -20.000000
v -21.240000 -44.118000 -20.000000
v -24.421000 -44.246000 -20.000000
v -22.966000 -43.675000 -20.000000
v -21.512000 -43.104000 -20.000000
v -19.695000 -43.885000 -20.000000
v -24.584000 -43.937000 -20.000000
v -23.293000 -43.056000 -20.000000
v -22.002000 -42.176000 -20.000000
v -24.812000 -43.671000 -20.000000
v -23.749000 -42.526000 -20.000000
v -22.687000 -41.381000 -20.000000
v -21.624000 -40.235000 -20.000000
v -24.313000 -42.110000 -20.000000
v -23.531000 -40.757000 -20.000000
v 53.273000 -0.348000 -20.000000
v 54.797000 -0.695000 -20.000000
v 56.320000 -1.043000 -20.000000
v 57.843000 -1.391000 -20.000000
v 53.158000 -0.678000 -20.000000
v 54.566000 -1.356000 -20.000000
v 55.973000 -2.034000 -20.000000
v 57.381000 -2.712000 -20.000000
v 52.972000 -0.974000 -20.000000
v 54.193000 -1.948000 -20.000000
v 52.724000 -1.222000 -20.000000
v 53.698000 -2.443000 -20.000000
v 52.428000 -1.408000 -20.000000
v 53.106000 -2.816000 -20.000000
v 52.098000 -1.523000 -20.000000
v 52.445000 -3.047000 -20.000000
v 51.750000 -1.562000 -20.000000
v 51.750000 -3.125000 -20.000000
v 51.750000 -4.687000 -20.000000
v 51.402000 -1.523000 -20.000000
v 51.055000 -3.047000 -20.000000
v 50.707000 -4.570000 -20.000000
v 51.072000 -1.408000 -20.000000
v 50.394000 -2.816000 -20.000000
v 49.716000 -4.223000 -20.000000
v 49.038000 -5.631000 -20.000000
v 50.776000 -1.222000 -20.000000
v 49.802000 -2.443000 -20.000000
v 48.827000 -3.665000 -20.000000
v 47.853000 -4.886000 -20.000000
v 50.528000 -0.974000 -20.000000
v 49.307000 -1.948000 -20.000000
v 48.085000 -2.923000 -20.000000
v 46.864000 -3.897000 -20.000000
v 50.342000 -0.678000 -20.000000
v 48.934000 -1.356000 -20.000000
v 47.527000 -2.034000 -20.000000
v 46.119000 -2.712000 -20.000000
v 50.227000 -0.348000 -20.000000
v 48.703000 -0.695000 -20.000000
v 47.180000 -1.043000 -20.000000
v 45.657000 -1.391000 -20.000000
v 57.843000 -1.391000 -14.167000
v 57.843000 -1.391000 -15.333000
v 57.843000 -1.391000 -16.500000
v 57.843000 -1.391000 -17.667000
v 57.843000 -1.391000 -18.833000
v 57.381000 -2.712000 -14.167000
v 57.381000 -2.712000 -15.333000
v 57.381000 -2.712000 -16.500000
v 57.381000 -2.712000 -17.667000
v 57.381000 -2.712000 -18.833000
v 56.636000 -3.897000 -14.167000
v 56.636000 -3.897000 -15.333000
v 56.636000 -3.897000 -16.500000
v 56.636000 -3.897000 -17.667000
v 56.636000 -3.897000 -18.833000
v 55.646000 -4.887000 -14.167000
v 55.646000 -4.887000 -15.333000
v 55.646000 -4.887000 -16.500000
v 55.646000 -4.887000 -17.667000
v 55.646000 -4.887000 -18.833000
v 54.461000 -5.632000 -14.167000
v 54.461000 -5.632000 -15.333000
v 54.461000 -5.632000 -16.500000
v 54.461000 -5.632000 -17.667000
v 54.461000 -5.632000 -18.833000
v 53.139000 -6.094000 -14.167000
v 53.139000 -6.094000 -15.333000
v 53.139000 -6.094000 -16.500000
v 53.139000 -6.094000 -17.667000
v 53.139000 -6.094000 -18.833000
v 49.038000 -5.631000 -13.000000
v 4.304000 -5.966000 -13.000000
v 5.000000 -5.682000 -13.000000
v 2.010990 -6.934260 -13.000000
v 1.108020 -6.412960 -13.000000
v 0.206100 -5.892270 -13.000000
v -0.695860 -5.371560 -13.000000
v -1.597920 -4.850780 -13.000000
v -2.500000 -4.330000 -13.000000
v -24.033000 -38.845000 -20.000000
v -19.903000 -46.659000 -20.000000
v -19.642000 -45.283000 -20.000000
v -19.057000 -42.894000 -13.000000
v -25.161000 -38.369000 -13.000000
v -23.933740 -38.811740 -13.000000
v -27.260810 -36.799660 -13.000000
v -24.554140 -38.362450 -13.000000
v -24.915140 -38.154120 -13.000000
v -21.645420 -40.132490 -13.000000
v -23.391500 -39.124000 -13.000000
v -23.201000 -39.143500 -13.000000
v -21.847890 -39.924800 -13.000000
v -20.945770 -40.445610 -13.000000
v -21.666990 -40.029240 -13.000000
v -20.584980 -40.653900 -13.000000
v -20.043660 -40.966410 -13.000000
v -19.502040 -41.279090 -13.000000
v -19.141980 -41.486960 -13.000000
v -18.419890 -41.903830 -13.000000
v -18.239110 -42.008200 -13.000000
v -27.260840 -36.799700 -20.000000
v -26.357910 -37.320840 -20.000000
v -25.455740 -37.841540 -20.000000
v -24.554000 -38.362000 -20.000000
v -23.651830 -38.882710 -20.000000
v -22.749670 -39.403400 -20.000000
v -21.847480 -39.924110 -20.000000
v -20.945310 -40.444820 -20.000000
v -20.584810 -40.652890 -20.000000
v -21.645390 -40.132540 -20.000000
v -21.667180 -40.028180 -20.000000
v -3.402120 -3.809200 -13.000000
v -4.304230 -3.288390 -13.000000
v -5.205900 -2.767840 -13.000000
v -6.108020 -2.247040 -13.000000
v -7.010880 -1.725810 -13.000000
v -7.565000 -0.602500 -13.000000
v -7.318720 -0.744680 -13.000000
v -7.420440 -1.489360 -13.000000
v 4.304000 -5.966000 -20.000000
v 5.000000 -5.682000 -20.000000
v -7.318500 -0.744500 -20.000000
v -7.420080 -1.489570 -20.000000
v -7.010890 -1.725800 -20.000000
v -6.108030 -2.247030 -20.000000
v -5.205910 -2.767840 -20.000000
v -4.304220 -3.288400 -20.000000
v -3.402110 -3.809200 -20.000000
v -2.500000 -4.330000 -20.000000
v -1.597890 -4.850800 -20.000000
v -0.695780 -5.371600 -20.000000
v 0.206340 -5.892410 -20.000000
v 1.108000 -6.412950 -20.000000
v 2.010890 -6.934200 -20.000000
v 2.420010 -7.170390 -20.000000
v 57.843000 -1.391000 0.000000
v 57.381000 -2.712000 0.000000
v 56.636000 -3.897000 0.000000
v 55.647000 -4.886000 0.000000
v 54.462000 -5.631000 0.000000
v 53.141000 -6.093000 0.000000
v 51.750000 -6.250000 0.000000
v 50.359000 -6.093000 0.000000
v 49.038000 -5.631000 0.000000
v 47.853000 -4.886000 0.000000
v 46.864000 -3.897000 0.000000
v 46.119000 -2.712000 0.000000
v 45.657000 -1.391000 0.000000
v -2.923000 -4.023000 -20.000000
v -3.346000 -3.716000 -20.000000
v -3.483920 -3.761970 -20.000000
v -2.991960 -4.045990 -20.000000
v -2.007980 -4.614050 -20.000000
v -2.022500 -4.542500 -20.000000
v -1.515980 -4.898090 -20.000000
v -1.545000 -4.755000 -20.000000
v -2.992000 -4.046000 -13.000000
v -2.923000 -4.023000 -13.000000
v -3.483910 -3.761970 -13.000000
v -3.346000 -3.716000 -13.000000
v -2.022500 -4.542500 -13.000000
v -1.545000 -4.755000 -13.000000
v -1.515980 -4.898090 -13.000000
v -2.007990 -4.614040 -13.000000
v 5.000000 -1.136000 -13.000000
v 4.891000 -1.040000 -13.000000
v 4.945500 -0.520000 -13.000000
v 5.000000 -0.568000 -13.000000
v 45.500000 -0.625000 -13.000000
v 45.578500 -0.695500 -13.000000
v 5.000000 -1.136000 -20.000000
v 4.945500 -0.520000 -20.000000
v 4.891000 -1.040000 -20.000000
v 5.000000 -0.568000 -20.000000
v -23.291350 -39.090760 -20.000000
v -23.391040 -39.124340 -20.000000
v 57.383000 -2.712000 14.300000
v 57.381000 -2.712000 15.000000
v 56.638000 -3.897000 14.300000
v 56.636000 -3.897000 15.000000
v 55.649000 -4.886000 14.300000
v 55.647000 -4.886000 15.000000
v 54.464000 -5.631000 14.300000
v 54.462000 -5.631000 15.000000
v 53.143000 -6.093000 14.300000
v 53.141000 -6.093000 15.000000
v 51.752000 -6.250000 14.300000
v 51.750000 -6.250000 15.000000
v 50.361000 -6.093000 14.300000
v 50.359000 -6.093000 15.000000
v 49.040000 -5.631000 14.300000
v 49.038000 -5.631000 15.000000
v 47.855000 -4.886000 14.300000
v 47.853000 -4.886000 15.000000
v 46.866000 -3.897000 14.300000
v 46.864000 -3.897000 15.000000
v 46.121000 -2.712000 14.300000
v 46.119000 -2.712000 15.000000
v 57.845000 -1.391000 13.000000
v 57.845000 -1.391000 11.700000
v 57.383000 -2.712000 13.000000
v 57.383000 -2.712000 11.700000
v 56.638000 -3.897000 13.000000
v 56.638000 -3.897000 11.700000
v 55.649000 -4.886000 13.000000
v 55.649000 -4.886000 11.700000
v 54.464000 -5.631000 13.000000
v 54.464000 -5.631000 11.700000
v 53.143000 -6.093000 13.000000
v 53.143000 -6.093000 11.700000
v 51.752000 -6.250000 13.000000
v 51.752000 -6.250000 11.700000
v 50.361000 -6.093000 13.000000
v 50.361000 -6.093000 11.700000
v 49.040000 -5.631000 13.000000
v 49.040000 -5.631000 11.700000
v 47.855000 -4.886000 13.000000
v 47.855000 -4.886000 11.700000
v 46.866000 -3.897000 13.000000
v 46.866000 -3.897000 11.700000
v 46.121000 -2.712000 13.000000
v 46.121000 -2.712000 11.700000
v 45.659000 -1.391000 13.000000
v 45.659000 -1.391000 11.700000
v 50.227000 -0.348000 15.000000
v 48.703000 -0.695000 15.000000
v 47.180000 -1.043000 15.000000
v 48.934000 -1.356000 15.000000
v 47.527000 -2.034000 15.000000
v 50.342000 -0.678000 15.000000
v 50.528000 -0.974000 15.000000
v 48.085000 -2.923000 15.000000
v 50.776000 -1.222000 15.000000
v 49.802000 -2.443000 15.000000
v 49.307000 -1.948000 15.000000
v 48.827000 -3.665000 15.000000
v 51.072000 -1.408000 15.000000
v 51.402000 -1.523000 15.000000
v 51.055000 -3.047000 15.000000
v 50.394000 -2.816000 15.000000
v 50.707000 -4.570000 15.000000
v 49.716000 -4.223000 15.000000
v 51.750000 -1.562000 15.000000
v 51.750000 -3.125000 15.000000
v 52.445000 -3.047000 15.000000
v 52.793000 -4.570000 15.000000
v 51.750000 -4.687000 15.000000
v 52.098000 -1.523000 15.000000
v 52.428000 -1.408000 15.000000
v 53.106000 -2.816000 15.000000
v 53.784000 -4.223000 15.000000
v 53.698000 -2.443000 15.000000
v 54.673000 -3.665000 15.000000
v 52.724000 -1.222000 15.000000
v 52.972000 -0.974000 15.000000
v 55.415000 -2.923000 15.000000
v 53.158000 -0.678000 15.000000
v 54.566000 -1.356000 15.000000
v 54.193000 -1.948000 15.000000
v 53.273000 -0.348000 15.000000
v 54.797000 -0.695000 15.000000
v 56.320000 -1.043000 15.000000
v 55.973000 -2.034000 15.000000
v 45.659000 -1.391000 3.900000
v 45.659000 -1.391000 5.200000
v 45.659000 -1.391000 6.500000
v 45.659000 -1.391000 7.800000
v 45.659000 -1.391000 9.100000
v 45.659000 -1.391000 10.400000
v 46.121000 -2.712000 3.900000
v 46.121000 -2.712000 5.200000
v 46.121000 -2.712000 6.500000
v 46.121000 -2.712000 7.800000
v 46.121000 -2.712000 9.100000
v 46.121000 -2.712000 10.400000
v 46.866000 -3.897000 3.900000
v 46.866000 -3.897000 5.200000
v 46.866000 -3.897000 6.500000
v 46.866000 -3.897000 7.800000
v 46.866000 -3.897000 9.100000
v 46.866000 -3.897000 10.400000
v 47.855000 -4.886000 3.900000
v 47.855000 -4.886000 5.200000
v 47.855000 -4.886000 6.500000
v 47.855000 -4.886000 7.800000
v 47.855000 -4.886000 9.100000
v 47.855000 -4.886000 10.400000
v 49.040000 -5.631000 3.900000
v 49.040000 -5.631000 5.200000
v 49.040000 -5.631000 6.500000
v 49.040000 -5.631000 7.800000
v 49.040000 -5.631000 9.100000
v 49.040000 -5.631000 10.400000
v 50.361000 -6.093000 3.900000
v 50.361000 -6.093000 5.200000
v 50.361000 -6.093000 6.500000
v 50.361000 -6.093000 7.800000
v 50.361000 -6.093000 9.100000
v 50.361000 -6.093000 10.400000
v 51.752000 -6.250000 3.900000
v 51.752000 -6.250000 5.200000
v 51.752000 -6.250000 6.500000
v 51.752000 -6.250000 7.800000
v 51.752000 -6.250000 9.100000
v 51.752000 -6.250000 10.400000
v 53.143000 -6.093000 3.900000
v 53.143000 -6.093000 5.200000
v 53.143000 -6.093000 6.500000
v 53.143000 -6.093000 7.800000
v 53.143000 -6.093000 9.100000
v 53.143000 -6.093000 10.400000
v 54.464000 -5.631000 3.900000
v 54.464000 -5.631000 5.200000
v 54.464000 -5.631000 6.500000
v 54.464000 -5.631000 7.800000
v 54.464000 -5.631000 9.100000
v 54.464000 -5.631000 10.400000
v 55.649000 -4.886000 3.900000
v 55.649000 -4.886000 5.200000
v 55.649000 -4.886000 6.500000
v 55.649000 -4.886000 7.800000
v 55.649000 -4.886000 9.100000
v 55.649000 -4.886000 10.400000
v 56.638000 -3.897000 3.900000
v 56.638000 -3.897000 5.200000
v 56.638000 -3.897000 6.500000
v 56.638000 -3.897000 7.800000
v 56.638000 -3.897000 9.100000
v 56.638000 -3.897000 10.400000
v 57.383000 -2.712000 3.900000
v 57.383000 -2.712000 5.200000
v 57.383000 -2.712000 6.500000
v 57.383000 -2.712000 7.800000
v 57.383000 -2.712000 9.100000
v 57.383000 -2.712000 10.400000
v 57.845000 -1.391000 3.900000
v 57.845000 -1.391000 5.200000
v 57.845000 -1.391000 6.500000
v 57.845000 -1.391000 7.800000
v 57.845000 -1.391000 9.100000
v 57.845000 -1.391000 10.400000
v 1.545000 -4.755000 14.300000
v 1.545000 -4.755000 15.000000
v 2.500000 -4.330000 15.000000
v 2.500000 -4.330000 14.300000
v 4.891000 -1.040000 2.600000
v 4.891000 -1.040000 3.900000
v 4.891000 -1.040000 5.200000
v 4.891000 -1.040000 6.500000
v 4.891000 -1.040000 7.800000
v 4.891000 -1.040000 9.100000
v 4.891000 -1.040000 10.400000
v 4.568000 -2.034000 2.600000
v 4.568000 -2.034000 3.900000
v 4.568000 -2.034000 5.200000
v 4.568000 -2.034000 6.500000
v 4.568000 -2.034000 7.800000
v 4.568000 -2.034000 9.100000
v 4.568000 -2.034000 10.400000
v 4.045000 -2.939000 2.600000
v 4.045000 -2.939000 3.900000
v 4.045000 -2.939000 5.200000
v 4.045000 -2.939000 6.500000
v 4.045000 -2.939000 7.800000
v 4.045000 -2.939000 9.100000
v 4.045000 -2.939000 10.400000
v 4.045000 -2.939000 1.300000
v 3.346000 -3.716000 1.300000
v 3.346000 -3.716000 2.600000
v 3.346000 -3.716000 3.900000
v 3.346000 -3.716000 5.200000
v 3.346000 -3.716000 6.500000
v 3.346000 -3.716000 7.800000
v 3.346000 -3.716000 9.100000
v 3.346000 -3.716000 10.400000
v 2.500000 -4.330000 1.300000
v 2.500000 -4.330000 2.600000
v 2.500000 -4.330000 3.900000
v 2.500000 -4.330000 5.200000
v 2.500000 -4.330000 6.500000
v 2.500000 -4.330000 7.800000
v 2.500000 -4.330000 9.100000
v 2.500000 -4.330000 10.400000
v -2.500000 -4.330000 1.300000
v -2.500000 -4.330000 2.600000
v -1.545000 -4.755000 2.600000
v -1.545000 -4.755000 1.300000
v -2.500000 -4.330000 3.900000
v -1.545000 -4.755000 3.900000
v -2.500000 -4.330000 5.200000
v -1.545000 -4.755000 5.200000
v -2.500000 -4.330000 6.500000
v -1.545000 -4.755000 6.500000
v -2.500000 -4.330000 7.800000
v -1.545000 -4.755000 7.800000
v -2.500000 -4.330000 9.100000
v -1.545000 -4.755000 9.100000
v -2.500000 -4.330000 10.400000
v -1.545000 -4.755000 10.400000
v -0.523000 -4.973000 2.600000
v -0.523000 -4.973000 1.300000
v -0.523000 -4.973000 3.900000
v -0.523000 -4.973000 5.200000
v -0.523000 -4.973000 6.500000
v -0.523000 -4.973000 7.800000
v -0.523000 -4.973000 9.100000
v -0.523000 -4.973000 10.400000
v 0.523000 -4.973000 2.600000
v 0.523000 -4.973000 1.300000
v 0.523000 -4.973000 3.900000
v 0.523000 -4.973000 5.200000
v 0.523000 -4.973000 6.500000
v 0.523000 -4.973000 7.800000
v 0.523000 -4.973000 9.100000
v 0.523000 -4.973000 10.400000
v 1.545000 -4.755000 2.600000
v 1.545000 -4.755000 1.300000
v 1.545000 -4.755000 3.900000
v 1.545000 -4.755000 5.200000
v 1.545000 -4.755000 6.500000
v 1.545000 -4.755000 7.800000
v 1.545000 -4.755000 9.100000
v 1.545000 -4.755000 10.400000
v -3.346000 -3.716000 1.300000
v -3.346000 -3.716000 2.600000
v -3.346000 -3.716000 3.900000
v -3.346000 -3.716000 5.200000
v -3.346000 -3.716000 6.500000
v -3.346000 -3.716000 7.800000
v -3.346000 -3.716000 9.100000
v -3.346000 -3.716000 10.400000
v -4.045000 -2.939000 1.300000
v -4.045000 -2.939000 2.600000
v -4.045000 -2.939000 3.900000
v -4.045000 -2.939000 5.200000
v -4.045000 -2.939000 6.500000
v -4.045000 -2.939000 7.800000
v -4.045000 -2.939000 9.100000
v -4.045000 -2.939000 10.400000
v -4.568000 -2.034000 1.300000
v -4.568000 -2.034000 2.600000
v -4.568000 -2.034000 3.900000
v -4.568000 -2.034000 5.200000
v -4.568000 -2.034000 6.500000
v -4.568000 -2.034000 7.800000
v -4.568000 -2.034000 9.100000
v -4.568000 -2.034000 10.400000
v -4.891000 -1.040000 2.600000
v -4.891000 -1.040000 3.900000
v -4.891000 -1.040000 5.200000
v -4.891000 -1.040000 6.500000
v -4.891000 -1.040000 7.800000
v -4.891000 -1.040000 9.100000
v -4.891000 -1.040000 10.400000
v -4.891000 -1.040000 1.300000
v 1.223000 -0.260000 15.000000
v 2.445000 -0.520000 15.000000
v 3.668000 -0.780000 15.000000
v 4.891000 -1.040000 15.000000
v 1.142000 -0.508000 15.000000
v 2.284000 -1.017000 15.000000
v 3.426000 -1.525000 15.000000
v 4.568000 -2.034000 15.000000
v 1.011000 -0.735000 15.000000
v 2.023000 -1.469000 15.000000
v 3.034000 -2.204000 15.000000
v 4.045000 -2.939000 15.000000
v 0.836000 -0.929000 15.000000
v 1.673000 -1.858000 15.000000
v 2.509000 -2.787000 15.000000
v 3.346000 -3.716000 15.000000
v 0.625000 -1.083000 15.000000
v 1.250000 -2.165000 15.000000
v 1.875000 -3.248000 15.000000
v -0.625000 -1.083000 15.000000
v -0.386000 -1.189000 15.000000
v -0.773000 -2.378000 15.000000
v -1.250000 -2.165000 15.000000
v -1.159000 -3.566000 15.000000
v -1.875000 -3.248000 15.000000
v -1.545000 -4.755000 15.000000
v -2.500000 -4.330000 15.000000
v -0.131000 -1.243000 15.000000
v -0.261000 -2.486000 15.000000
v -0.392000 -3.729000 15.000000
v -0.523000 -4.973000 15.000000
v 0.131000 -1.243000 15.000000
v 0.261000 -2.486000 15.000000
v 0.392000 -3.729000 15.000000
v 0.523000 -4.973000 15.000000
v 0.386000 -1.189000 15.000000
v 0.773000 -2.378000 15.000000
v 1.159000 -3.566000 15.000000
v -0.836000 -0.929000 15.000000
v -1.673000 -1.858000 15.000000
v -2.509000 -2.787000 15.000000
v -3.346000 -3.716000 15.000000
v -1.011000 -0.735000 15.000000
v -2.023000 -1.469000 15.000000
v -3.034000 -2.204000 15.000000
v -4.045000 -2.939000 15.000000
v -1.142000 -0.508000 15.000000
v -2.284000 -1.017000 15.000000
v -3.426000 -1.525000 15.000000
v -4.568000 -2.034000 15.000000
v -1.223000 -0.260000 15.000000
v -2.445000 -0.520000 15.000000
v -3.668000 -0.780000 15.000000
v -4.891000 -1.040000 15.000000
v -4.891000 -1.040000 11.700000
v -4.891000 -1.040000 13.000000
v -4.568000 -2.034000 11.700000
v -4.568000 -2.034000 13.000000
v -4.045000 -2.939000 11.700000
v -4.045000 -2.939000 13.000000
v -3.346000 -3.716000 11.700000
v -3.346000 -3.716000 13.000000
v -2.500000 -4.330000 11.700000
v -2.500000 -4.330000 13.000000
v 1.545000 -4.755000 11.700000
v 1.545000 -4.755000 13.000000
v 2.500000 -4.330000 13.000000
v 2.500000 -4.330000 11.700000
v 0.523000 -4.973000 11.700000
v 0.523000 -4.973000 13.000000
v -0.523000 -4.973000 11.700000
v -0.523000 -4.973000 13.000000
v -1.545000 -4.755000 11.700000
v -1.545000 -4.755000 13.000000
v 3.346000 -3.716000 11.700000
v 3.346000 -3.716000 13.000000
v 4.045000 -2.939000 11.700000
v 4.045000 -2.939000 13.000000
v 4.568000 -2.034000 11.700000
v 4.568000 -2.034000 13.000000
v 4.891000 -1.040000 11.700000
v 4.891000 -1.040000 13.000000
v 4.891000 -1.040000 14.300000
v 4.568000 -2.034000 14.300000
v 4.045000 -2.939000 14.300000
v 3.346000 -3.716000 14.300000
v -2.500000 -4.330000 14.300000
v -1.545000 -4.755000 14.300000
v -0.523000 -4.973000 14.300000
v 0.523000 -4.973000 14.300000
v -3.346000 -3.716000 14.300000
v -4.045000 -2.939000 14.300000
v -4.568000 -2.034000 14.300000
v -4.891000 -1.040000 14.300000
v 45.500000 -0.625000 -20.000000
v 45.578500 -0.695000 -20.000000
v -6.210000 -0.745000 -20.000000
v -5.664000 -1.549000 -20.000000
v -4.891000 -1.040000 -20.000000
v -5.010000 -2.330000 -20.000000
v -4.568000 -2.034000 -20.000000
v -4.257000 -3.066000 -20.000000
v -4.045000 -2.939000 -20.000000
v -3.415000 -3.739000 -20.000000
v 2.460000 -5.751000 -20.000000
v 2.500000 -4.330000 -20.000000
v 1.491000 -5.679000 -20.000000
v 1.545000 -4.755000 -20.000000
v 0.487000 -5.504000 -20.000000
v 0.523000 -4.973000 -20.000000
v -0.527000 -5.220000 -20.000000
v -0.523000 -4.973000 -20.000000
v 3.750000 -5.006000 -20.000000
v 4.173000 -4.131000 -20.000000
v 3.346000 -3.716000 -20.000000
v 5.000000 -4.545000 -20.000000
v 4.523000 -3.174000 -20.000000
v 4.045000 -2.939000 -20.000000
v 5.000000 -3.409000 -20.000000
v 4.784000 -2.153000 -20.000000
v 4.568000 -2.034000 -20.000000
v 5.000000 -2.273000 -20.000000
v -1.223000 -0.260000 -20.000000
v -2.445000 -0.520000 -20.000000
v -3.668000 -0.780000 -20.000000
v -1.142000 -0.508000 -20.000000
v -2.284000 -1.017000 -20.000000
v -3.426000 -1.525000 -20.000000
v -1.011000 -0.735000 -20.000000
v -2.023000 -1.469000 -20.000000
v -3.034000 -2.204000 -20.000000
v -0.836000 -0.929000 -20.000000
v -1.673000 -1.858000 -20.000000
v -2.509000 -2.787000 -20.000000
v -0.625000 -1.083000 -20.000000
v -1.250000 -2.165000 -20.000000
v -1.875000 -3.248000 -20.000000
v -0.386000 -1.189000 -20.000000
v -0.773000 -2.378000 -20.000000
v -1.159000 -3.566000 -20.000000
v -0.131000 -1.243000 -20.000000
v -0.261000 -2.486000 -20.000000
v -0.392000 -3.729000 -20.000000
v 0.131000 -1.243000 -20.000000
v 0.261000 -2.486000 -20.000000
v 0.392000 -3.729000 -20.000000
v 0.386000 -1.189000 -20.000000
v 0.773000 -2.378000 -20.000000
v 1.159000 -3.566000 -20.000000
v 0.625000 -1.083000 -20.000000
v 1.250000 -2.165000 -20.000000
v 1.875000 -3.248000 -20.000000
v 0.836000 -0.929000 -20.000000
v 1.673000 -1.858000 -20.000000
v 2.509000 -2.787000 -20.000000
v 1.011000 -0.735000 -20.000000
v 2.023000 -1.469000 -20.000000
v 3.034000 -2.204000 -20.000000
v 1.142000 -0.508000 -20.000000
v 2.284000 -1.017000 -20.000000
v 3.426000 -1.525000 -20.000000
v 1.223000 -0.260000 -20.000000
v 2.445000 -0.520000 -20.000000
v 3.668000 -0.780000 -20.000000
v -6.436580 -2.057360 -20.000000
v -5.451810 -2.625880 -20.000000
v -4.467880 -3.193920 -20.000000
v -0.532010 -5.466150 -20.000000
v 0.452050 -6.034260 -20.000000
v 1.436040 -6.602330 -20.000000
v -1.530340 -4.827260 -20.000000
v -6.210000 -0.745000 -13.000000
v -5.664000 -1.549000 -13.000000
v -4.891000 -1.040000 -13.000000
v -5.010000 -2.330000 -13.000000
v -4.568000 -2.034000 -13.000000
v -4.257000 -3.066000 -13.000000
v -4.045000 -2.939000 -13.000000
v -3.415000 -3.739000 -13.000000
v 2.500000 -4.330000 -13.000000
v 2.460000 -5.751000 -13.000000
v 1.491000 -5.679000 -13.000000
v 1.545000 -4.755000 -13.000000
v 0.487000 -5.504000 -13.000000
v 0.523000 -4.973000 -13.000000
v -0.527000 -5.220000 -13.000000
v -0.523000 -4.973000 -13.000000
v 3.750000 -5.006000 -13.000000
v 4.173000 -4.131000 -13.000000
v 3.346000 -3.716000 -13.000000
v 5.000000 -4.545000 -13.000000
v 4.523000 -3.174000 -13.000000
v 4.045000 -2.939000 -13.000000
v 5.000000 -3.409000 -13.000000
v 4.784000 -2.153000 -13.000000
v 4.568000 -2.034000 -13.000000
v 5.000000 -2.273000 -13.000000
v -4.891000 -1.040000 -2.600000
v -4.891000 -1.040000 -1.300000
v -4.891000 -1.040000 -3.900000
v -4.891000 -1.040000 -5.200000
v -4.891000 -1.040000 -6.500000
v -4.891000 -1.040000 -7.800000
v -4.891000 -1.040000 -9.100000
v -4.891000 -1.040000 -10.400000
v -4.891000 -1.040000 -11.700000
v -4.568000 -2.034000 -3.900000
v -4.568000 -2.034000 -2.600000
v -4.568000 -2.034000 -5.200000
v -4.568000 -2.034000 -6.500000
v -4.568000 -2.034000 -7.800000
v -4.568000 -2.034000 -9.100000
v -4.568000 -2.034000 -10.400000
v -4.568000 -2.034000 -11.700000
v -4.045000 -2.939000 -3.900000
v -4.045000 -2.939000 -2.600000
v -4.045000 -2.939000 -5.200000
v -4.045000 -2.939000 -6.500000
v -4.045000 -2.939000 -7.800000
v -4.045000 -2.939000 -9.100000
v -4.045000 -2.939000 -10.400000
v -4.045000 -2.939000 -11.700000
v -3.346000 -3.716000 -5.200000
v -3.346000 -3.716000 -3.900000
v -3.346000 -3.716000 -6.500000
v -3.346000 -3.716000 -7.800000
v -3.346000 -3.716000 -9.100000
v -3.346000 -3.716000 -10.400000
v -3.346000 -3.716000 -11.700000
v -2.500000 -4.330000 -3.900000
v -3.346000 -3.716000 -2.600000
v -2.500000 -4.330000 -2.600000
v -2.500000 -4.330000 -5.200000
v -2.500000 -4.330000 -6.500000
v -2.500000 -4.330000 -7.800000
v -2.500000 -4.330000 -9.100000
v -2.500000 -4.330000 -10.400000
v -2.500000 -4.330000 -11.700000
v 1.545000 -4.755000 -3.900000
v 1.545000 -4.755000 -2.600000
v 2.500000 -4.330000 -2.600000
v 2.500000 -4.330000 -3.900000
v 1.545000 -4.755000 -5.200000
v 2.500000 -4.330000 -5.200000
v 1.545000 -4.755000 -6.500000
v 2.500000 -4.330000 -6.500000
v 1.545000 -4.755000 -7.800000
v 2.500000 -4.330000 -7.800000
v 1.545000 -4.755000 -9.100000
v 2.500000 -4.330000 -9.100000
v 1.545000 -4.755000 -10.400000
v 2.500000 -4.330000 -10.400000
v 1.545000 -4.755000 -11.700000
v 2.500000 -4.330000 -11.700000
v 0.523000 -4.973000 -3.900000
v 0.523000 -4.973000 -2.600000
v 0.523000 -4.973000 -5.200000
v 0.523000 -4.973000 -6.500000
v 0.523000 -4.973000 -7.800000
v 0.523000 -4.973000 -9.100000
v 0.523000 -4.973000 -10.400000
v 0.523000 -4.973000 -11.700000
v -0.523000 -4.973000 -3.900000
v -0.523000 -4.973000 -2.600000
v -0.523000 -4.973000 -5.200000
v -0.523000 -4.973000 -6.500000
v -0.523000 -4.973000 -7.800000
v -0.523000 -4.973000 -9.100000
v -0.523000 -4.973000 -10.400000
v -0.523000 -4.973000 -11.700000
v -1.545000 -4.755000 -3.900000
v -1.545000 -4.755000 -2.600000
v -1.545000 -4.755000 -5.200000
v -1.545000 -4.755000 -6.500000
v -1.545000 -4.755000 -7.800000
v -1.545000 -4.755000 -9.100000
v -1.545000 -4.755000 -10.400000
v -1.545000 -4.755000 -11.700000
v 3.346000 -3.716000 -5.200000
v 3.346000 -3.716000 -3.900000
v 3.346000 -3.716000 -6.500000
v 3.346000 -3.716000 -7.800000
v 3.346000 -3.716000 -9.100000
v 3.346000 -3.716000 -10.400000
v 3.346000 -3.716000 -11.700000
v 4.045000 -2.939000 -5.200000
v 4.045000 -2.939000 -3.900000
v 4.045000 -2.939000 -6.500000
v 4.045000 -2.939000 -7.800000
v 4.045000 -2.939000 -9.100000
v 4.045000 -2.939000 -10.400000
v 4.045000 -2.939000 -11.700000
v 4.568000 -2.034000 -3.900000
v 4.045000 -2.939000 -2.600000
v 4.568000 -2.034000 -2.600000
v 4.568000 -2.034000 -5.200000
v 4.568000 -2.034000 -6.500000
v 4.568000 -2.034000 -7.800000
v 4.568000 -2.034000 -9.100000
v 4.568000 -2.034000 -10.400000
v 4.568000 -2.034000 -11.700000
v 4.891000 -1.040000 -3.900000
v 4.891000 -1.040000 -2.600000
v 4.891000 -1.040000 -5.200000
v 4.891000 -1.040000 -6.500000
v 4.891000 -1.040000 -7.800000
v 4.891000 -1.040000 -9.100000
v 4.891000 -1.040000 -10.400000
v 4.891000 -1.040000 -11.700000
v 2.420030 -7.170400 -13.000000
v 1.436040 -6.602330 -13.000000
v -1.530350 -4.827240 -13.000000
v -0.531980 -5.466160 -13.000000
v 0.452030 -6.034250 -13.000000
v -4.467870 -3.193920 -13.000000
v -5.451810 -2.625880 -13.000000
v -6.436560 -2.057370 -13.000000
v -22.187000 -39.819500 -13.000000
v -22.208670 -39.715650 -20.000000
v -22.187100 -39.819030 -20.000000
v -4.047000 -2.939000 -1.300000
v -4.570000 -2.034000 -1.300000
v -4.570000 -2.034000 0.000000
v -4.047000 -2.939000 0.000000
v -3.348000 -3.716000 -1.300000
v -3.348000 -3.716000 0.000000
v -2.502000 -4.330000 -1.300000
v -2.502000 -4.330000 0.000000
v 1.543000 -4.755000 -1.300000
v 1.543000 -4.755000 0.000000
v 2.498000 -4.330000 0.000000
v 2.498000 -4.330000 -1.300000
v 0.521000 -4.973000 -1.300000
v 0.521000 -4.973000 0.000000
v -1.547000 -4.755000 -1.300000
v -1.547000 -4.755000 0.000000
v -0.525000 -4.973000 0.000000
v -0.525000 -4.973000 -1.300000
v 3.344000 -3.716000 -1.300000
v 3.344000 -3.716000 0.000000
v 4.043000 -2.939000 -1.300000
v 4.043000 -2.939000 0.000000
v 4.566000 -2.034000 -1.300000
v 4.566000 -2.034000 0.000000
v 4.889000 -1.040000 0.000000
v 4.566000 -2.034000 1.300000
v 4.889000 -1.040000 1.300000
v 4.889000 -1.040000 -1.300000
v 4.945000 -1.087560 -13.000000
v 3.014000 -6.710210 -13.000000
v 3.260500 -6.852500 -13.000000
v 3.013610 -6.710500 -20.000000
v 4.945000 -1.087560 -20.000000
v -23.832240 -38.779000 -13.000000
v -22.299000 -39.664370 -13.000000
v -4.893000 -1.040000 0.000000
v -4.047000 -2.939000 1.300000
v 3.344330 -3.716000 -2.600000
v -18.238600 -42.007630 -20.000000

f 1 2 3
f 1 3 4
f 4 3 5
f 4 5 6
f 6 5 7
f 6 7 8
f 8 7 9
f 8 9 10
f 10 9 11
f 10 11 12
f 12 11 13
f 12 13 14
f 14 13 15
f 14 15 16
f 16 15 17
f 16 17 18
f 18 17 19
f 18 19 20
f 20 19 21
f 20 21 22
f 22 21 23
f 22 23 24
f 24 23 25
f 24 25 26
f 26 25 27
f 26 27 28
f 28 27 29
f 28 29 30
f 31 32 33
f 31 33 34
f 35 36 37
f 35 37 38
f 39 40 36
f 39 36 35
f 41 42 43
f 41 43 44
f 45 41 44
f 45 44 46
f 42 47 48
f 42 48 43
f 49 50 51
f 49 51 52
f 53 49 52
f 53 52 54
f 55 53 54
f 55 54 56
f 57 58 59
f 57 59 60
f 61 62 63
f 61 63 63
f 64 65 66
f 64 66 67
f 68 69 65
f 68 65 64
f 70 71 72
f 70 72 73
f 74 75 71
f 74 71 70
f 76 77 75
f 76 75 74
f 78 79 77
f 78 77 76
f 80 81 82
f 80 82 83
f 84 85 86
f 84 86 87
f 88 89 90
f 88 90 90
f 91 92 93
f 91 93 94
f 95 96 97
f 95 97 98
f 99 95 98
f 99 98 100
f 101 99 100
f 101 100 102
f 103 101 102
f 103 102 104
f 103 104 105
f 103 105 106
f 106 105 107
f 106 107 108
f 108 107 109
f 108 109 110
f 110 109 111
f 110 111 112
f 112 111 113
f 112 113 114
f 114 113 115
f 114 115 116
f 116 115 117
f 116 117 118
f 118 117 119
f 118 119 120
f 120 119 121
f 120 121 122
f 122 121 123
f 122 123 124
f 124 123 125
f 124 125 126
f 126 125 127
f 126 127 128
f 128 127 129
f 128 129 130
f 130 129 131
f 130 131 132
f 133 132 131
f 133 131 134
f 135 133 134
f 135 134 136
f 137 135 136
f 137 136 138
f 139 137 138
f 139 138 140
f 141 139 140
f 141 140 142
f 143 141 142
f 143 142 144
f 145 143 144
f 145 144 146
f 147 145 146
f 147 146 148
f 149 147 148
f 149 148 150
f 96 149 150
f 96 150 97
f 151 152 101
f 151 101 103
f 152 153 99
f 152 99 101
f 153 154 95
f 153 95 99
f 154 155 96
f 154 96 95
f 155 156 149
f 155 149 96
f 156 157 147
f 156 147 149
f 157 158 145
f 157 145 147
f 158 159 143
f 158 143 145
f 159 160 141
f 159 141 143
f 160 161 139
f 160 139 141
f 161 162 137
f 161 137 139
f 162 163 135
f 162 135 137
f 163 164 133
f 163 133 135
f 164 165 132
f 164 132 133
f 151 103 106
f 151 106 166
f 166 106 108
f 166 108 167
f 167 108 110
f 167 110 168
f 168 110 112
f 168 112 169
f 169 112 114
f 169 114 170
f 170 114 116
f 170 116 171
f 171 116 118
f 171 118 172
f 172 118 120
f 172 120 173
f 173 120 122
f 173 122 174
f 174 122 124
f 174 124 175
f 175 124 126
f 175 126 176
f 176 126 128
f 176 128 177
f 177 128 130
f 177 130 178
f 178 130 132
f 178 132 165
f 179 178 165
f 179 165 180
f 181 179 180
f 181 180 182
f 183 181 182
f 183 182 184
f 185 177 178
f 185 178 179
f 186 185 179
f 186 179 181
f 187 186 181
f 187 181 183
f 188 176 177
f 188 177 185
f 189 188 185
f 189 185 186
f 190 189 186
f 190 186 187
f 191 175 176
f 191 176 188
f 192 191 188
f 192 188 189
f 193 192 189
f 193 189 190
f 194 174 175
f 194 175 191
f 195 194 191
f 195 191 192
f 196 195 192
f 196 192 193
f 197 173 174
f 197 174 194
f 198 197 194
f 198 194 195
f 199 198 195
f 199 195 196
f 200 172 173
f 200 173 197
f 201 200 197
f 201 197 198
f 202 201 198
f 202 198 199
f 203 171 172
f 203 172 200
f 204 203 200
f 204 200 201
f 205 204 201
f 205 201 202
f 206 170 171
f 206 171 203
f 207 206 203
f 207 203 204
f 208 207 204
f 208 204 205
f 209 169 170
f 209 170 206
f 210 209 206
f 210 206 207
f 211 210 207
f 211 207 208
f 212 168 169
f 212 169 209
f 213 212 209
f 213 209 210
f 214 213 210
f 214 210 211
f 215 167 168
f 215 168 212
f 216 215 212
f 216 212 213
f 217 216 213
f 217 213 214
f 218 166 167
f 218 167 215
f 219 218 215
f 219 215 216
f 220 219 216
f 220 216 217
f 221 151 166
f 221 166 218
f 222 221 218
f 222 218 219
f 223 222 219
f 223 219 220
f 224 180 165
f 224 165 164
f 225 182 180
f 225 180 224
f 226 184 182
f 226 182 225
f 227 224 164
f 227 164 163
f 228 225 224
f 228 224 227
f 229 226 225
f 229 225 228
f 230 227 163
f 230 163 162
f 231 228 227
f 231 227 230
f 232 229 228
f 232 228 231
f 233 230 162
f 233 162 161
f 234 231 230
f 234 230 233
f 235 232 231
f 235 231 234
f 236 233 161
f 236 161 160
f 237 234 233
f 237 233 236
f 238 235 234
f 238 234 237
f 239 236 160
f 239 160 159
f 240 237 236
f 240 236 239
f 241 238 237
f 241 237 240
f 242 239 159
f 242 159 158
f 243 240 239
f 243 239 242
f 244 241 240
f 244 240 243
f 245 242 158
f 245 158 157
f 246 243 242
f 246 242 245
f 247 244 243
f 247 243 246
f 248 245 157
f 248 157 156
f 249 246 245
f 249 245 248
f 250 247 246
f 250 246 249
f 251 248 156
f 251 156 155
f 252 249 248
f 252 248 251
f 253 250 249
f 253 249 252
f 254 251 155
f 254 155 154
f 255 252 251
f 255 251 254
f 256 253 252
f 256 252 255
f 257 254 154
f 257 154 153
f 258 255 254
f 258 254 257
f 259 256 255
f 259 255 258
f 260 257 153
f 260 153 152
f 261 258 257
f 261 257 260
f 262 259 258
f 262 258 261
f 221 260 152
f 221 152 151
f 222 261 260
f 222 260 221
f 223 262 261
f 223 261 222
f 263 264 265
f 263 265 266
f 266 265 267
f 266 267 268
f 268 267 269
f 268 269 270
f 270 269 271
f 270 271 272
f 272 271 273
f 272 273 274
f 274 273 275
f 274 275 276
f 276 275 277
f 276 277 278
f 278 277 262
f 278 262 223
f 264 279 280
f 264 280 265
f 265 280 281
f 265 281 267
f 267 281 282
f 267 282 269
f 269 282 283
f 269 283 271
f 271 283 284
f 271 284 273
f 273 284 285
f 273 285 275
f 275 285 286
f 275 286 277
f 277 286 259
f 277 259 262
f 279 287 288
f 279 288 280
f 280 288 289
f 280 289 281
f 281 289 290
f 281 290 282
f 282 290 291
f 282 291 283
f 283 291 292
f 283 292 284
f 284 292 293
f 284 293 285
f 285 293 294
f 285 294 286
f 286 294 256
f 286 256 259
f 287 295 296
f 287 296 288
f 288 296 297
f 288 297 289
f 289 297 298
f 289 298 290
f 290 298 299
f 290 299 291
f 291 299 300
f 291 300 292
f 292 300 301
f 292 301 293
f 293 301 302
f 293 302 294
f 294 302 253
f 294 253 256
f 295 303 304
f 295 304 296
f 296 304 305
f 296 305 297
f 297 305 306
f 297 306 298
f 298 306 307
f 298 307 299
f 299 307 308
f 299 308 300
f 300 308 309
f 300 309 301
f 301 309 310
f 301 310 302
f 302 310 250
f 302 250 253
f 303 311 312
f 303 312 304
f 304 312 313
f 304 313 305
f 305 313 314
f 305 314 306
f 306 314 315
f 306 315 307
f 307 315 316
f 307 316 308
f 308 316 317
f 308 317 309
f 309 317 318
f 309 318 310
f 310 318 247
f 310 247 250
f 311 319 320
f 311 320 312
f 312 320 321
f 312 321 313
f 313 321 322
f 313 322 314
f 314 322 323
f 314 323 315
f 315 323 324
f 315 324 316
f 316 324 325
f 316 325 317
f 317 325 326
f 317 326 318
f 318 326 244
f 318 244 247
f 319 327 328
f 319 328 320
f 320 328 329
f 320 329 321
f 321 329 330
f 321 330 322
f 322 330 331
f 322 331 323
f 323 331 332
f 323 332 324
f 324 332 333
f 324 333 325
f 325 333 334
f 325 334 326
f 326 334 241
f 326 241 244
f 327 335 336
f 327 336 328
f 328 336 337
f 328 337 329
f 329 337 338
f 329 338 330
f 330 338 339
f 330 339 331
f 331 339 340
f 331 340 332
f 332 340 341
f 332 341 333
f 333 341 342
f 333 342 334
f 334 342 238
f 334 238 241
f 335 343 344
f 335 344 336
f 336 344 345
f 336 345 337
f 337 345 346
f 337 346 338
f 338 346 347
f 338 347 339
f 339 347 348
f 339 348 340
f 340 348 349
f 340 349 341
f 341 349 350
f 341 350 342
f 342 350 235
f 342 235 238
f 343 351 352
f 343 352 344
f 344 352 353
f 344 353 345
f 345 353 354
f 345 354 346
f 346 354 355
f 346 355 347
f 347 355 356
f 347 356 348
f 348 356 357
f 348 357 349
f 349 357 358
f 349 358 350
f 350 358 232
f 350 232 235
f 351 359 360
f 351 360 352
f 352 360 361
f 352 361 353
f 353 361 362
f 353 362 354
f 354 362 363
f 354 363 355
f 355 363 364
f 355 364 356
f 356 364 365
f 356 365 357
f 357 365 366
f 357 366 358
f 358 366 229
f 358 229 232
f 359 367 368
f 359 368 360
f 360 368 369
f 360 369 361
f 361 369 370
f 361 370 362
f 362 370 371
f 362 371 363
f 363 371 372
f 363 372 364
f 364 372 373
f 364 373 365
f 365 373 374
f 365 374 366
f 366 374 226
f 366 226 229
f 367 375 376
f 367 376 368
f 368 376 377
f 368 377 369
f 369 377 378
f 369 378 370
f 370 378 379
f 370 379 371
f 371 379 380
f 371 380 372
f 372 380 381
f 372 381 373
f 373 381 382
f 373 382 374
f 374 382 184
f 374 184 226
f 263 266 383
f 263 383 384
f 266 268 385
f 266 385 383
f 268 270 386
f 268 386 385
f 270 272 387
f 270 387 386
f 272 274 388
f 272 388 387
f 274 276 389
f 274 389 388
f 276 278 390
f 276 390 389
f 278 223 220
f 278 220 390
f 384 383 391
f 384 391 392
f 383 385 393
f 383 393 391
f 385 386 394
f 385 394 393
f 386 387 395
f 386 395 394
f 387 388 396
f 387 396 395
f 388 389 397
f 388 397 396
f 389 390 398
f 389 398 397
f 390 220 217
f 390 217 398
f 392 391 399
f 392 399 400
f 391 393 401
f 391 401 399
f 393 394 402
f 393 402 401
f 394 395 403
f 394 403 402
f 395 396 404
f 395 404 403
f 396 397 405
f 396 405 404
f 397 398 406
f 397 406 405
f 398 217 214
f 398 214 406
f 400 399 407
f 400 407 408
f 399 401 409
f 399 409 407
f 401 402 410
f 401 410 409
f 402 403 411
f 402 411 410
f 403 404 412
f 403 412 411
f 404 405 413
f 404 413 412
f 405 406 414
f 405 414 413
f 406 214 211
f 406 211 414
f 408 407 415
f 408 415 416
f 407 409 417
f 407 417 415
f 409 410 418
f 409 418 417
f 410 411 419
f 410 419 418
f 411 412 420
f 411 420 419
f 412 413 421
f 412 421 420
f 413 414 422
f 413 422 421
f 414 211 208
f 414 208 422
f 416 415 423
f 416 423 424
f 415 417 425
f 415 425 423
f 417 418 426
f 417 426 425
f 418 419 427
f 418 427 426
f 419 420 428
f 419 428 427
f 420 421 429
f 420 429 428
f 421 422 430
f 421 430 429
f 422 208 205
f 422 205 430
f 424 423 431
f 424 431 432
f 423 425 433
f 423 433 431
f 425 426 434
f 425 434 433
f 426 427 435
f 426 435 434
f 427 428 436
f 427 436 435
f 428 429 437
f 428 437 436
f 429 430 438
f 429 438 437
f 430 205 202
f 430 202 438
f 432 431 439
f 432 439 440
f 431 433 441
f 431 441 439
f 433 434 442
f 433 442 441
f 434 435 443
f 434 443 442
f 435 436 444
f 435 444 443
f 436 437 445
f 436 445 444
f 437 438 446
f 437 446 445
f 438 202 199
f 438 199 446
f 440 439 447
f 440 447 448
f 439 441 449
f 439 449 447
f 441 442 450
f 441 450 449
f 442 443 451
f 442 451 450
f 443 444 452
f 443 452 451
f 444 445 453
f 444 453 452
f 445 446 454
f 445 454 453
f 446 199 196
f 446 196 454
f 448 447 455
f 448 455 456
f 447 449 457
f 447 457 455
f 449 450 458
f 449 458 457
f 450 451 459
f 450 459 458
f 451 452 460
f 451 460 459
f 452 453 461
f 452 461 460
f 453 454 462
f 453 462 461
f 454 196 193
f 454 193 462
f 456 455 463
f 456 463 464
f 455 457 465
f 455 465 463
f 457 458 466
f 457 466 465
f 458 459 467
f 458 467 466
f 459 460 468
f 459 468 467
f 460 461 469
f 460 469 468
f 461 462 470
f 461 470 469
f 462 193 190
f 462 190 470
f 464 463 471
f 464 471 472
f 463 465 473
f 463 473 471
f 465 466 474
f 465 474 473
f 466 467 475
f 466 475 474
f 467 468 476
f 467 476 475
f 468 469 477
f 468 477 476
f 469 470 478
f 469 478 477
f 470 190 187
f 470 187 478
f 472 471 479
f 472 479 480
f 471 473 481
f 471 481 479
f 473 474 482
f 473 482 481
f 474 475 483
f 474 483 482
f 475 476 484
f 475 484 483
f 476 477 485
f 476 485 484
f 477 478 486
f 477 486 485
f 478 187 183
f 478 183 486
f 480 479 376
f 480 376 375
f 479 481 377
f 479 377 376
f 481 482 378
f 481 378 377
f 482 483 379
f 482 379 378
f 483 484 380
f 483 380 379
f 484 485 381
f 484 381 380
f 485 486 382
f 485 382 381
f 486 183 184
f 486 184 382
f 487 488 131
f 487 131 129
f 489 490 491
f 489 491 491
f 492 487 129
f 492 129 127
f 493 494 487
f 493 487 492
f 495 489 494
f 495 494 493
f 495 490 489
f 495 489 489
f 496 492 127
f 496 127 125
f 497 493 492
f 497 492 496
f 498 495 493
f 498 493 497
f 498 490 495
f 498 495 495
f 499 496 125
f 499 125 123
f 500 497 496
f 500 496 499
f 501 498 497
f 501 497 500
f 501 490 498
f 501 498 498
f 502 499 123
f 502 123 121
f 503 500 499
f 503 499 502
f 504 501 500
f 504 500 503
f 504 490 501
f 504 501 501
f 505 502 121
f 505 121 119
f 506 503 502
f 506 502 505
f 507 504 503
f 507 503 506
f 507 490 504
f 507 504 504
f 508 505 119
f 508 119 117
f 509 506 505
f 509 505 508
f 510 507 506
f 510 506 509
f 510 490 507
f 510 507 507
f 511 508 117
f 511 117 115
f 512 509 508
f 512 508 511
f 513 510 509
f 513 509 512
f 513 490 510
f 513 510 510
f 514 511 115
f 514 115 113
f 515 512 511
f 515 511 514
f 516 513 512
f 516 512 515
f 516 490 513
f 516 513 513
f 517 514 113
f 517 113 111
f 518 515 514
f 518 514 517
f 519 516 515
f 519 515 518
f 519 490 516
f 519 516 516
f 520 518 517
f 520 517 521
f 522 519 518
f 522 518 520
f 522 490 519
f 522 519 519
f 523 521 109
f 523 109 107
f 524 520 521
f 524 521 523
f 525 522 520
f 525 520 524
f 525 490 522
f 525 522 522
f 526 523 107
f 526 107 105
f 527 524 523
f 527 523 526
f 528 525 524
f 528 524 527
f 528 490 525
f 528 525 525
f 529 526 105
f 529 105 104
f 530 490 528
f 530 528 528
f 531 134 131
f 531 131 488
f 532 531 488
f 532 488 533
f 534 532 533
f 534 533 491
f 491 490 534
f 491 534 534
f 535 136 134
f 535 134 531
f 536 535 531
f 536 531 532
f 537 536 532
f 537 532 534
f 534 490 537
f 534 537 537
f 538 138 136
f 538 136 535
f 539 538 535
f 539 535 536
f 540 539 536
f 540 536 537
f 537 490 540
f 537 540 540
f 541 140 138
f 541 138 538
f 542 541 538
f 542 538 539
f 543 542 539
f 543 539 540
f 540 490 543
f 540 543 543
f 544 142 140
f 544 140 541
f 545 544 541
f 545 541 542
f 546 545 542
f 546 542 543
f 543 490 546
f 543 546 546
f 547 144 142
f 547 142 544
f 548 547 544
f 548 544 545
f 549 548 545
f 549 545 546
f 546 490 549
f 546 549 549
f 550 146 144
f 550 144 547
f 551 550 547
f 551 547 548
f 552 551 548
f 552 548 549
f 549 490 552
f 549 552 552
f 553 148 146
f 553 146 550
f 554 553 550
f 554 550 551
f 555 554 551
f 555 551 552
f 552 490 555
f 552 555 555
f 556 150 148
f 556 148 553
f 557 556 553
f 557 553 554
f 558 557 554
f 558 554 555
f 555 490 558
f 555 558 558
f 559 97 150
f 559 150 556
f 560 559 556
f 560 556 557
f 561 560 557
f 561 557 558
f 558 490 561
f 558 561 561
f 562 98 97
f 562 97 559
f 563 562 559
f 563 559 560
f 564 563 560
f 564 560 561
f 561 490 564
f 561 564 564
f 565 100 98
f 565 98 562
f 566 565 562
f 566 562 563
f 567 566 563
f 567 563 564
f 564 490 567
f 564 567 567
f 568 102 100
f 568 100 565
f 569 568 565
f 569 565 566
f 570 569 566
f 570 566 567
f 567 490 570
f 567 570 570
f 529 104 102
f 529 102 568
f 570 490 530
f 570 530 530
f 494 533 488
f 494 488 487
f 489 491 533
f 489 533 494
f 530 528 527
f 530 527 571
f 530 571 569
f 530 569 570
f 571 527 526
f 571 526 529
f 571 529 568
f 571 568 569
f 521 517 111
f 521 111 109
f 572 573 574
f 572 574 574
f 575 572 576
f 575 576 576
f 574 576 572
f 574 572 572
f 577 578 579
f 577 579 579
f 577 575 576
f 577 576 576
f 578 577 576
f 578 576 576
f 580 581 582
f 580 582 582
f 582 61 580
f 582 580 580
f 61 582 583
f 61 583 583
f 62 78 63
f 62 63 63
f 583 62 61
f 583 61 61
f 584 585 586
f 584 586 586
f 585 584 587
f 585 587 587
f 588 585 589
f 588 589 589
f 589 590 588
f 589 588 588
f 586 585 588
f 586 588 588
f 591 592 593
f 591 593 593
f 594 591 595
f 594 595 595
f 593 595 591
f 593 591 591
f 88 594 595
f 88 595 595
f 89 88 595
f 89 595 595
f 596 597 598
f 596 598 598
f 597 596 599
f 597 599 599
f 596 598 600
f 596 600 600
f 601 602 603
f 601 603 603
f 601 600 598
f 601 598 598
f 602 601 598
f 602 598 598
f 604 605 606
f 604 606 606
f 607 604 606
f 607 606 606
f 608 609 610
f 608 610 610
f 609 608 607
f 609 607 607
f 611 612 42
f 611 42 41
f 613 611 41
f 613 41 45
f 614 613 45
f 614 45 615
f 596 615 616
f 596 616 599
f 617 618 619
f 617 619 620
f 621 622 618
f 621 618 617
f 588 590 622
f 588 622 621
f 623 624 625
f 623 625 626
f 627 623 626
f 627 626 628
f 629 627 628
f 629 628 630
f 631 629 630
f 631 630 632
f 572 631 632
f 572 632 573
f 66 633 634
f 66 634 635
f 65 636 633
f 65 633 66
f 69 637 636
f 69 636 65
f 638 639 637
f 638 637 69
f 582 581 639
f 582 639 638
f 640 480 375
f 640 375 641
f 642 640 641
f 642 641 643
f 644 642 643
f 644 643 645
f 646 644 645
f 646 645 647
f 648 646 647
f 648 647 649
f 650 648 649
f 650 649 651
f 652 650 651
f 652 651 653
f 654 652 653
f 654 653 655
f 656 654 655
f 656 655 657
f 658 472 480
f 658 480 640
f 659 658 640
f 659 640 642
f 660 659 642
f 660 642 644
f 661 660 644
f 661 644 646
f 662 661 646
f 662 646 648
f 663 662 648
f 663 648 650
f 664 663 650
f 664 650 652
f 665 664 652
f 665 652 654
f 666 665 654
f 666 654 656
f 667 464 472
f 667 472 658
f 668 667 658
f 668 658 659
f 669 668 659
f 669 659 660
f 670 669 660
f 670 660 661
f 671 670 661
f 671 661 662
f 672 671 662
f 672 662 663
f 673 672 663
f 673 663 664
f 674 673 664
f 674 664 665
f 675 674 665
f 675 665 666
f 676 456 464
f 676 464 667
f 677 676 667
f 677 667 668
f 678 677 668
f 678 668 669
f 679 678 669
f 679 669 670
f 680 679 670
f 680 670 671
f 681 680 671
f 681 671 672
f 682 681 672
f 682 672 673
f 683 682 673
f 683 673 674
f 684 683 674
f 684 674 675
f 685 448 456
f 685 456 676
f 686 685 676
f 686 676 677
f 687 686 677
f 687 677 678
f 688 687 678
f 688 678 679
f 689 688 679
f 689 679 680
f 690 689 680
f 690 680 681
f 691 690 681
f 691 681 682
f 692 691 682
f 692 682 683
f 693 692 683
f 693 683 684
f 694 440 448
f 694 448 685
f 695 694 685
f 695 685 686
f 696 695 686
f 696 686 687
f 697 696 687
f 697 687 688
f 698 697 688
f 698 688 689
f 699 698 689
f 699 689 690
f 700 699 690
f 700 690 691
f 701 700 691
f 701 691 692
f 702 432 440
f 702 440 694
f 703 702 694
f 703 694 695
f 704 703 695
f 704 695 696
f 705 704 696
f 705 696 697
f 706 705 697
f 706 697 698
f 707 706 698
f 707 698 699
f 708 707 699
f 708 699 700
f 709 708 700
f 709 700 701
f 710 424 432
f 710 432 702
f 711 710 702
f 711 702 703
f 712 711 703
f 712 703 704
f 713 712 704
f 713 704 705
f 714 713 705
f 714 705 706
f 715 714 706
f 715 706 707
f 716 715 707
f 716 707 708
f 717 716 708
f 717 708 709
f 718 416 424
f 718 424 710
f 719 718 710
f 719 710 711
f 720 719 711
f 720 711 712
f 721 720 712
f 721 712 713
f 722 721 713
f 722 713 714
f 723 722 714
f 723 714 715
f 724 723 715
f 724 715 716
f 725 724 716
f 725 716 717
f 726 725 717
f 726 717 586
f 727 408 416
f 727 416 718
f 728 727 718
f 728 718 719
f 729 728 719
f 729 719 720
f 730 729 720
f 730 720 721
f 731 730 721
f 731 721 722
f 732 731 722
f 732 722 723
f 733 732 723
f 733 723 724
f 734 733 724
f 734 724 725
f 735 734 725
f 735 725 726
f 736 400 408
f 736 408 727
f 737 736 727
f 737 727 728
f 738 737 728
f 738 728 729
f 739 738 729
f 739 729 730
f 740 739 730
f 740 730 731
f 741 740 731
f 741 731 732
f 742 741 732
f 742 732 733
f 743 742 733
f 743 733 734
f 744 743 734
f 744 734 735
f 745 392 400
f 745 400 736
f 746 745 736
f 746 736 737
f 747 746 737
f 747 737 738
f 748 747 738
f 748 738 739
f 749 748 739
f 749 739 740
f 750 749 740
f 750 740 741
f 751 750 741
f 751 741 742
f 752 751 742
f 752 742 743
f 753 752 743
f 753 743 744
f 754 384 392
f 754 392 745
f 755 754 745
f 755 745 746
f 756 755 746
f 756 746 747
f 757 756 747
f 757 747 748
f 758 757 748
f 758 748 749
f 759 758 749
f 759 749 750
f 760 759 750
f 760 750 751
f 761 760 751
f 761 751 752
f 762 761 752
f 762 752 753
f 763 263 384
f 763 384 754
f 764 763 754
f 764 754 755
f 765 764 755
f 765 755 756
f 766 765 756
f 766 756 757
f 767 766 757
f 767 757 758
f 768 767 758
f 768 758 759
f 769 768 759
f 769 759 760
f 770 769 760
f 770 760 761
f 771 770 761
f 771 761 762
f 772 641 375
f 772 375 367
f 773 643 641
f 773 641 772
f 774 645 643
f 774 643 773
f 775 647 645
f 775 645 774
f 776 649 647
f 776 647 775
f 777 651 649
f 777 649 776
f 778 653 651
f 778 651 777
f 779 655 653
f 779 653 778
f 780 657 655
f 780 655 779
f 781 772 367
f 781 367 359
f 782 773 772
f 782 772 781
f 783 774 773
f 783 773 782
f 784 775 774
f 784 774 783
f 785 776 775
f 785 775 784
f 786 777 776
f 786 776 785
f 787 778 777
f 787 777 786
f 788 779 778
f 788 778 787
f 789 780 779
f 789 779 788
f 790 781 359
f 790 359 351
f 791 782 781
f 791 781 790
f 792 783 782
f 792 782 791
f 793 784 783
f 793 783 792
f 794 785 784
f 794 784 793
f 795 786 785
f 795 785 794
f 796 787 786
f 796 786 795
f 797 788 787
f 797 787 796
f 798 789 788
f 798 788 797
f 799 790 351
f 799 351 343
f 800 791 790
f 800 790 799
f 801 792 791
f 801 791 800
f 802 793 792
f 802 792 801
f 803 794 793
f 803 793 802
f 804 795 794
f 804 794 803
f 805 796 795
f 805 795 804
f 806 797 796
f 806 796 805
f 807 799 343
f 807 343 335
f 808 800 799
f 808 799 807
f 809 801 800
f 809 800 808
f 810 802 801
f 810 801 809
f 811 803 802
f 811 802 810
f 812 804 803
f 812 803 811
f 813 805 804
f 813 804 812
f 814 806 805
f 814 805 813
f 815 807 335
f 815 335 327
f 816 808 807
f 816 807 815
f 817 809 808
f 817 808 816
f 818 810 809
f 818 809 817
f 819 811 810
f 819 810 818
f 820 812 811
f 820 811 819
f 821 813 812
f 821 812 820
f 822 814 813
f 822 813 821
f 823 815 327
f 823 327 319
f 824 816 815
f 824 815 823
f 825 817 816
f 825 816 824
f 826 818 817
f 826 817 825
f 827 819 818
f 827 818 826
f 828 820 819
f 828 819 827
f 829 821 820
f 829 820 828
f 830 822 821
f 830 821 829
f 831 823 319
f 831 319 311
f 832 824 823
f 832 823 831
f 833 825 824
f 833 824 832
f 834 826 825
f 834 825 833
f 835 827 826
f 835 826 834
f 836 828 827
f 836 827 835
f 837 829 828
f 837 828 836
f 838 830 829
f 838 829 837
f 839 831 311
f 839 311 303
f 840 832 831
f 840 831 839
f 841 833 832
f 841 832 840
f 842 834 833
f 842 833 841
f 843 835 834
f 843 834 842
f 844 836 835
f 844 835 843
f 845 837 836
f 845 836 844
f 846 838 837
f 846 837 845
f 847 839 303
f 847 303 295
f 848 840 839
f 848 839 847
f 849 841 840
f 849 840 848
f 850 842 841
f 850 841 849
f 851 843 842
f 851 842 850
f 852 844 843
f 852 843 851
f 853 845 844
f 853 844 852
f 854 846 845
f 854 845 853
f 855 856 846
f 855 846 854
f 857 847 295
f 857 295 287
f 858 848 847
f 858 847 857
f 859 849 848
f 859 848 858
f 860 850 849
f 860 849 859
f 861 851 850
f 861 850 860
f 862 852 851
f 862 851 861
f 863 853 852
f 863 852 862
f 864 854 853
f 864 853 863
f 865 855 854
f 865 854 864
f 866 857 287
f 866 287 279
f 867 858 857
f 867 857 866
f 868 859 858
f 868 858 867
f 869 860 859
f 869 859 868
f 870 861 860
f 870 860 869
f 871 862 861
f 871 861 870
f 872 863 862
f 872 862 871
f 873 864 863
f 873 863 872
f 874 865 864
f 874 864 873
f 875 866 279
f 875 279 264
f 876 867 866
f 876 866 875
f 877 868 867
f 877 867 876
f 878 869 868
f 878 868 877
f 879 870 869
f 879 869 878
f 880 871 870
f 880 870 879
f 881 872 871
f 881 871 880
f 882 873 872
f 882 872 881
f 883 874 873
f 883 873 882
f 763 875 264
f 763 264 263
f 764 876 875
f 764 875 763
f 765 877 876
f 765 876 764
f 766 878 877
f 766 877 765
f 767 879 878
f 767 878 766
f 768 880 879
f 768 879 767
f 769 881 880
f 769 880 768
f 770 882 881
f 770 881 769
f 771 883 882
f 771 882 770
f 884 885 886
f 884 886 887
f 888 884 887
f 888 887 889
f 890 888 889
f 890 889 891
f 892 890 891
f 892 891 893
f 894 892 893
f 894 893 895
f 896 894 895
f 896 895 897
f 898 896 897
f 898 897 899
f 900 898 899
f 900 899 901
f 902 900 901
f 902 901 903
f 904 905 885
f 904 885 884
f 906 904 884
f 906 884 888
f 907 906 888
f 907 888 890
f 908 907 890
f 908 890 892
f 909 908 892
f 909 892 894
f 910 909 894
f 910 894 896
f 911 910 896
f 911 896 898
f 912 911 898
f 912 898 900
f 913 912 900
f 913 900 902
f 914 915 905
f 914 905 904
f 916 914 904
f 916 904 906
f 917 916 906
f 917 906 907
f 918 917 907
f 918 907 908
f 919 918 908
f 919 908 909
f 920 919 909
f 920 909 910
f 921 920 910
f 921 910 911
f 72 921 911
f 72 911 912
f 73 72 912
f 73 912 913
f 922 923 915
f 922 915 914
f 924 922 914
f 924 914 916
f 925 924 916
f 925 916 917
f 926 925 917
f 926 917 918
f 927 926 918
f 927 918 919
f 928 927 919
f 928 919 920
f 929 928 920
f 929 920 921
f 71 929 921
f 71 921 72
f 930 931 923
f 930 923 922
f 932 930 922
f 932 922 924
f 933 932 924
f 933 924 925
f 934 933 925
f 934 925 926
f 935 934 926
f 935 926 927
f 936 935 927
f 936 927 928
f 937 936 928
f 937 928 929
f 75 937 929
f 75 929 71
f 938 939 931
f 938 931 930
f 940 938 930
f 940 930 932
f 941 940 932
f 941 932 933
f 942 941 933
f 942 933 934
f 943 942 934
f 943 934 935
f 944 943 935
f 944 935 936
f 945 944 936
f 945 936 937
f 77 945 937
f 77 937 75
f 946 947 939
f 946 939 938
f 948 946 938
f 948 938 940
f 949 948 940
f 949 940 941
f 950 949 941
f 950 941 942
f 951 950 942
f 951 942 943
f 952 951 943
f 952 943 944
f 953 952 944
f 953 944 945
f 79 953 945
f 79 945 77
f 954 955 947
f 954 947 946
f 956 954 946
f 956 946 948
f 957 956 948
f 957 948 949
f 958 957 949
f 958 949 950
f 959 958 950
f 959 950 951
f 59 959 951
f 59 951 952
f 60 59 952
f 60 952 953
f 960 60 953
f 960 953 79
f 961 962 955
f 961 955 954
f 963 961 954
f 963 954 956
f 964 963 956
f 964 956 957
f 965 964 957
f 965 957 958
f 966 965 958
f 966 958 959
f 58 966 959
f 58 959 59
f 967 57 60
f 967 60 960
f 968 969 962
f 968 962 961
f 970 968 961
f 970 961 963
f 971 970 963
f 971 963 964
f 972 971 964
f 972 964 965
f 973 972 965
f 973 965 966
f 974 973 966
f 974 966 58
f 975 974 58
f 975 58 57
f 976 975 57
f 976 57 967
f 977 978 969
f 977 969 968
f 979 977 968
f 979 968 970
f 980 979 970
f 980 970 971
f 981 980 971
f 981 971 972
f 982 981 972
f 982 972 973
f 983 982 973
f 983 973 974
f 984 983 974
f 984 974 975
f 985 984 975
f 985 975 976
f 986 987 978
f 986 978 977
f 988 986 977
f 988 977 979
f 989 988 979
f 989 979 980
f 990 989 980
f 990 980 981
f 991 990 981
f 991 981 982
f 992 991 982
f 992 982 983
f 993 992 983
f 993 983 984
f 994 993 984
f 994 984 985
f 67 994 985
f 67 985 64
f 995 996 987
f 995 987 986
f 997 995 986
f 997 986 988
f 998 997 988
f 998 988 989
f 999 998 989
f 999 989 990
f 1000 999 990
f 1000 990 991
f 1001 1000 991
f 1001 991 992
f 1002 1001 992
f 1002 992 993
f 1003 1002 993
f 1003 993 994
f 1004 1003 994
f 1004 994 67
f 1005 1006 996
f 1005 996 995
f 1007 1005 995
f 1007 995 997
f 1008 1007 997
f 1008 997 998
f 1009 1008 998
f 1009 998 999
f 1010 1009 999
f 1010 999 1000
f 1011 1010 1000
f 1011 1000 1001
f 1012 1011 1001
f 1012 1001 1002
f 1013 1012 1002
f 1013 1002 1003
f 1014 1013 1003
f 1014 1003 1004
f 1015 1016 1017
f 1015 1017 1018
f 1019 1015 1018
f 1019 1018 1020
f 1021 1019 1020
f 1021 1020 1022
f 1023 1021 1022
f 1023 1022 1024
f 1025 1023 1024
f 1025 1024 1026
f 1027 1025 1026
f 1027 1026 1028
f 1029 1027 1028
f 1029 1028 1030
f 1031 1029 1030
f 1031 1030 1032
f 1033 1031 1032
f 1033 1032 1034
f 1035 1033 1034
f 1035 1034 1036
f 1037 1035 1036
f 1037 1036 1038
f 1039 1037 1038
f 1039 1038 1040
f 1041 1039 1040
f 1041 1040 1042
f 1043 1041 1042
f 1043 1042 1044
f 1045 1043 1044
f 1045 1044 1046
f 1047 1045 1046
f 1047 1046 1048
f 1049 1047 1048
f 1049 1048 1050
f 1051 1049 1050
f 1051 1050 1052
f 1053 1051 1052
f 1053 1052 1054
f 1055 1053 1054
f 1055 1054 1056
f 1057 1055 1056
f 1057 1056 1058
f 1059 1057 1058
f 1059 1058 1060
f 1061 1059 1060
f 1061 1060 1062
f 1063 1064 1016
f 1063 1016 1015
f 1065 1063 1015
f 1065 1015 1019
f 1066 1065 1019
f 1066 1019 1021
f 1067 1066 1021
f 1067 1021 1023
f 1068 1067 1023
f 1068 1023 1025
f 1069 1068 1025
f 1069 1025 1027
f 1070 1069 1027
f 1070 1027 1029
f 1071 1070 1029
f 1071 1029 1031
f 1072 1071 1031
f 1072 1031 1033
f 1073 1072 1033
f 1073 1033 1035
f 1074 1073 1035
f 1074 1035 1037
f 1075 1074 1037
f 1075 1037 1039
f 1076 1075 1039
f 1076 1039 1041
f 1077 1076 1041
f 1077 1041 1043
f 1078 1077 1043
f 1078 1043 1045
f 1079 1078 1045
f 1079 1045 1047
f 1080 1079 1047
f 1080 1047 1049
f 1081 1080 1049
f 1081 1049 1051
f 1082 1081 1051
f 1082 1051 1053
f 1083 1082 1053
f 1083 1053 1055
f 1084 1083 1055
f 1084 1055 1057
f 1085 1084 1057
f 1085 1057 1059
f 1086 1085 1059
f 1086 1059 1061
f 1087 1088 1064
f 1087 1064 1063
f 1089 1087 1063
f 1089 1063 1065
f 1090 1089 1065
f 1090 1065 1066
f 1091 1090 1066
f 1091 1066 1067
f 1092 1091 1067
f 1092 1067 1068
f 1093 1092 1068
f 1093 1068 1069
f 1094 1093 1069
f 1094 1069 1070
f 1095 1094 1070
f 1095 1070 1071
f 1096 1095 1071
f 1096 1071 1072
f 1097 1096 1072
f 1097 1072 1073
f 1098 1097 1073
f 1098 1073 1074
f 1099 1098 1074
f 1099 1074 1075
f 1100 1099 1075
f 1100 1075 1076
f 1101 1100 1076
f 1101 1076 1077
f 1102 1101 1077
f 1102 1077 1078
f 1103 1102 1078
f 1103 1078 1079
f 1104 1103 1079
f 1104 1079 1080
f 1105 1104 1080
f 1105 1080 1081
f 1106 1105 1081
f 1106 1081 1082
f 1107 1106 1082
f 1107 1082 1083
f 1108 1107 1083
f 1108 1083 1084
f 1109 1108 1084
f 1109 1084 1085
f 1110 1109 1085
f 1110 1085 1086
f 1111 1112 1088
f 1111 1088 1087
f 1113 1111 1087
f 1113 1087 1089
f 1114 1113 1089
f 1114 1089 1090
f 1115 1114 1090
f 1115 1090 1091
f 1116 1115 1091
f 1116 1091 1092
f 1117 1116 1092
f 1117 1092 1093
f 1118 1117 1093
f 1118 1093 1094
f 1119 1118 1094
f 1119 1094 1095
f 1120 1119 1095
f 1120 1095 1096
f 1121 1120 1096
f 1121 1096 1097
f 1122 1121 1097
f 1122 1097 1098
f 1123 1122 1098
f 1123 1098 1099
f 1124 1123 1099
f 1124 1099 1100
f 1125 1124 1100
f 1125 1100 1101
f 1126 1125 1101
f 1126 1101 1102
f 1127 1126 1102
f 1127 1102 1103
f 1128 1127 1103
f 1128 1103 1104
f 1129 1128 1104
f 1129 1104 1105
f 1130 1129 1105
f 1130 1105 1106
f 1131 1130 1106
f 1131 1106 1107
f 1132 1131 1107
f 1132 1107 1108
f 1133 1132 1108
f 1133 1108 1109
f 1134 1133 1109
f 1134 1109 1110
f 1135 1136 1112
f 1135 1112 1111
f 1137 1135 1111
f 1137 1111 1113
f 1138 1137 1113
f 1138 1113 1114
f 1139 1138 1114
f 1139 1114 1115
f 1140 1139 1115
f 1140 1115 1116
f 1141 1140 1116
f 1141 1116 1117
f 1142 1141 1117
f 1142 1117 1118
f 1143 1142 1118
f 1143 1118 1119
f 1144 1143 1119
f 1144 1119 1120
f 1145 1144 1120
f 1145 1120 1121
f 1146 1145 1121
f 1146 1121 1122
f 1147 1146 1122
f 1147 1122 1123
f 1148 1147 1123
f 1148 1123 1124
f 1149 1148 1124
f 1149 1124 1125
f 1150 1149 1125
f 1150 1125 1126
f 1151 1150 1126
f 1151 1126 1127
f 1152 1151 1127
f 1152 1127 1128
f 1153 1152 1128
f 1153 1128 1129
f 1154 1153 1129
f 1154 1129 1130
f 1155 1154 1130
f 1155 1130 1131
f 1156 1155 1131
f 1156 1131 1132
f 1157 1156 1132
f 1157 1132 1133
f 1158 1157 1133
f 1158 1133 1134
f 1159 1160 1136
f 1159 1136 1135
f 1161 1159 1135
f 1161 1135 1137
f 1162 1161 1137
f 1162 1137 1138
f 1163 1162 1138
f 1163 1138 1139
f 1164 1163 1139
f 1164 1139 1140
f 1165 1164 1140
f 1165 1140 1141
f 1166 1165 1141
f 1166 1141 1142
f 1167 1166 1142
f 1167 1142 1143
f 1168 1167 1143
f 1168 1143 1144
f 1169 1168 1144
f 1169 1144 1145
f 1170 1169 1145
f 1170 1145 1146
f 1171 1170 1146
f 1171 1146 1147
f 1172 1171 1147
f 1172 1147 1148
f 1173 1172 1148
f 1173 1148 1149
f 1174 1173 1149
f 1174 1149 1150
f 1175 1174 1150
f 1175 1150 1151
f 1176 1175 1151
f 1176 1151 1152
f 1177 1176 1152
f 1177 1152 1153
f 1178 1177 1153
f 1178 1153 1154
f 1179 1178 1154
f 1179 1154 1155
f 1180 1179 1155
f 1180 1155 1156
f 1181 1180 1156
f 1181 1156 1157
f 1182 1181 1157
f 1182 1157 1158
f 1183 1017 1184
f 1183 1184 1185
f 1186 1018 1017
f 1186 1017 1183
f 1187 1020 1018
f 1187 1018 1186
f 1188 1022 1020
f 1188 1020 1187
f 1189 1024 1022
f 1189 1022 1188
f 1190 1026 1024
f 1190 1024 1189
f 1191 1028 1026
f 1191 1026 1190
f 1192 1030 1028
f 1192 1028 1191
f 1193 1032 1030
f 1193 1030 1192
f 1194 1034 1032
f 1194 1032 1193
f 1195 1036 1034
f 1195 1034 1194
f 1196 1038 1036
f 1196 1036 1195
f 1197 1040 1038
f 1197 1038 1196
f 1198 1042 1040
f 1198 1040 1197
f 1199 1044 1042
f 1199 1042 1198
f 1200 1046 1044
f 1200 1044 1199
f 1201 1048 1046
f 1201 1046 1200
f 1202 1050 1048
f 1202 1048 1201
f 1203 1052 1050
f 1203 1050 1202
f 1204 1054 1052
f 1204 1052 1203
f 1205 1056 1054
f 1205 1054 1204
f 1206 1058 1056
f 1206 1056 1205
f 1207 1060 1058
f 1207 1058 1206
f 1208 1062 1060
f 1208 1060 1207
f 1209 616 1062
f 1209 1062 1208
f 1210 1183 1185
f 1210 1185 1211
f 1212 1186 1183
f 1212 1183 1210
f 1213 1187 1186
f 1213 1186 1212
f 1214 1188 1187
f 1214 1187 1213
f 1215 1189 1188
f 1215 1188 1214
f 1216 1190 1189
f 1216 1189 1215
f 1217 1191 1190
f 1217 1190 1216
f 1218 1192 1191
f 1218 1191 1217
f 1219 1193 1192
f 1219 1192 1218
f 1220 1194 1193
f 1220 1193 1219
f 1221 1195 1194
f 1221 1194 1220
f 1222 1196 1195
f 1222 1195 1221
f 1223 1197 1196
f 1223 1196 1222
f 1224 1198 1197
f 1224 1197 1223
f 1225 1199 1198
f 1225 1198 1224
f 1226 1200 1199
f 1226 1199 1225
f 1227 1201 1200
f 1227 1200 1226
f 1228 1202 1201
f 1228 1201 1227
f 1229 1203 1202
f 1229 1202 1228
f 1230 1204 1203
f 1230 1203 1229
f 1231 1205 1204
f 1231 1204 1230
f 1232 1206 1205
f 1232 1205 1231
f 1233 1207 1206
f 1233 1206 1232
f 1234 1208 1207
f 1234 1207 1233
f 1235 1209 1208
f 1235 1208 1234
f 1236 1210 1211
f 1236 1211 1237
f 1238 1212 1210
f 1238 1210 1236
f 1239 1213 1212
f 1239 1212 1238
f 1240 1214 1213
f 1240 1213 1239
f 1241 1215 1214
f 1241 1214 1240
f 1242 1216 1215
f 1242 1215 1241
f 1243 1217 1216
f 1243 1216 1242
f 1244 1218 1217
f 1244 1217 1243
f 1245 1219 1218
f 1245 1218 1244
f 1246 1220 1219
f 1246 1219 1245
f 1247 1221 1220
f 1247 1220 1246
f 1248 1222 1221
f 1248 1221 1247
f 1249 1223 1222
f 1249 1222 1248
f 1250 1224 1223
f 1250 1223 1249
f 1251 1225 1224
f 1251 1224 1250
f 1252 1226 1225
f 1252 1225 1251
f 1253 1227 1226
f 1253 1226 1252
f 1254 1228 1227
f 1254 1227 1253
f 1255 1229 1228
f 1255 1228 1254
f 1256 1230 1229
f 1256 1229 1255
f 1257 1231 1230
f 1257 1230 1256
f 1258 1232 1231
f 1258 1231 1257
f 1259 1233 1232
f 1259 1232 1258
f 1260 1234 1233
f 1260 1233 1259
f 1261 1235 1234
f 1261 1234 1260
f 1262 1236 1237
f 1262 1237 1263
f 1264 1238 1236
f 1264 1236 1262
f 1265 1239 1238
f 1265 1238 1264
f 1266 1240 1239
f 1266 1239 1265
f 1267 1241 1240
f 1267 1240 1266
f 1268 1242 1241
f 1268 1241 1267
f 1269 1243 1242
f 1269 1242 1268
f 1270 1244 1243
f 1270 1243 1269
f 1271 1245 1244
f 1271 1244 1270
f 1272 1246 1245
f 1272 1245 1271
f 1273 1247 1246
f 1273 1246 1272
f 1274 1248 1247
f 1274 1247 1273
f 1275 1249 1248
f 1275 1248 1274
f 1276 1250 1249
f 1276 1249 1275
f 1277 1251 1250
f 1277 1250 1276
f 1278 1252 1251
f 1278 1251 1277
f 1279 1253 1252
f 1279 1252 1278
f 1280 1254 1253
f 1280 1253 1279
f 1281 1255 1254
f 1281 1254 1280
f 1282 1256 1255
f 1282 1255 1281
f 1283 1257 1256
f 1283 1256 1282
f 1284 1258 1257
f 1284 1257 1283
f 1285 1259 1258
f 1285 1258 1284
f 1286 1260 1259
f 1286 1259 1285
f 1287 1261 1260
f 1287 1260 1286
f 1288 1262 1263
f 1288 1263 1289
f 1290 1264 1262
f 1290 1262 1288
f 1291 1265 1264
f 1291 1264 1290
f 1292 1266 1265
f 1292 1265 1291
f 1293 1267 1266
f 1293 1266 1292
f 1294 1268 1267
f 1294 1267 1293
f 1295 1269 1268
f 1295 1268 1294
f 1296 1270 1269
f 1296 1269 1295
f 1297 1271 1270
f 1297 1270 1296
f 1298 1272 1271
f 1298 1271 1297
f 1299 1273 1272
f 1299 1272 1298
f 1300 1274 1273
f 1300 1273 1299
f 1301 1275 1274
f 1301 1274 1300
f 1302 1276 1275
f 1302 1275 1301
f 1303 1277 1276
f 1303 1276 1302
f 1304 1278 1277
f 1304 1277 1303
f 1305 1279 1278
f 1305 1278 1304
f 1306 1280 1279
f 1306 1279 1305
f 1307 1281 1280
f 1307 1280 1306
f 1308 1282 1281
f 1308 1281 1307
f 1309 1283 1282
f 1309 1282 1308
f 1310 1284 1283
f 1310 1283 1309
f 1311 1285 1284
f 1311 1284 1310
f 1312 1286 1285
f 1312 1285 1311
f 1313 1287 1286
f 1313 1286 1312
f 1314 1288 1289
f 1314 1289 1315
f 1316 1290 1288
f 1316 1288 1314
f 1317 1291 1290
f 1317 1290 1316
f 1318 1292 1291
f 1318 1291 1317
f 1319 1293 1292
f 1319 1292 1318
f 1320 1294 1293
f 1320 1293 1319
f 1321 1295 1294
f 1321 1294 1320
f 1322 1296 1295
f 1322 1295 1321
f 1323 1297 1296
f 1323 1296 1322
f 1324 1298 1297
f 1324 1297 1323
f 1325 1299 1298
f 1325 1298 1324
f 1326 1300 1299
f 1326 1299 1325
f 1327 1301 1300
f 1327 1300 1326
f 1328 1302 1301
f 1328 1301 1327
f 1329 1303 1302
f 1329 1302 1328
f 1330 1304 1303
f 1330 1303 1329
f 1331 1305 1304
f 1331 1304 1330
f 1332 1306 1305
f 1332 1305 1331
f 1333 1307 1306
f 1333 1306 1332
f 1334 1308 1307
f 1334 1307 1333
f 1335 1309 1308
f 1335 1308 1334
f 1336 1310 1309
f 1336 1309 1335
f 1337 1311 1310
f 1337 1310 1336
f 1338 1312 1311
f 1338 1311 1337
f 622 1313 1312
f 622 1312 1338
f 1339 1340 616
f 1339 616 1209
f 1341 599 1340
f 1341 1340 1339
f 1342 598 599
f 1342 599 1341
f 1343 1339 1209
f 1343 1209 1235
f 1344 1341 1339
f 1344 1339 1343
f 1345 1342 1341
f 1345 1341 1344
f 1346 1347 1342
f 1346 1342 1345
f 1348 1343 1235
f 1348 1235 1261
f 1349 1344 1343
f 1349 1343 1348
f 1350 1345 1344
f 1350 1344 1349
f 1351 1346 1345
f 1351 1345 1350
f 1352 1348 1261
f 1352 1261 1287
f 1353 1349 1348
f 1353 1348 1352
f 1354 1350 1349
f 1354 1349 1353
f 1355 1351 1350
f 1355 1350 1354
f 1356 1352 1287
f 1356 1287 1313
f 1357 1353 1352
f 1357 1352 1356
f 1358 1354 1353
f 1358 1353 1357
f 1359 1355 1354
f 1359 1354 1358
f 1360 1356 1313
f 1360 1313 622
f 590 1357 1356
f 590 1356 1360
f 585 1358 1357
f 585 1357 590
f 1361 1359 1358
f 1361 1358 585
f 1362 1363 1364
f 1362 1364 1365
f 1185 1184 1363
f 1185 1363 1362
f 1366 1362 1365
f 1366 1365 1367
f 1211 1185 1362
f 1211 1362 1366
f 1368 1366 1367
f 1368 1367 1369
f 1237 1211 1366
f 1237 1366 1368
f 1370 1368 1369
f 1370 1369 1371
f 1263 1237 1368
f 1263 1368 1370
f 1372 1370 1371
f 1372 1371 1373
f 1289 1263 1370
f 1289 1370 1372
f 1374 1316 1314
f 1374 1314 1375
f 1376 1317 1316
f 1376 1316 1374
f 1377 1318 1317
f 1377 1317 1376
f 1378 1319 1318
f 1378 1318 1377
f 1379 1320 1319
f 1379 1319 1378
f 1380 1321 1320
f 1380 1320 1379
f 1381 1322 1321
f 1381 1321 1380
f 1382 1323 1322
f 1382 1322 1381
f 1383 1324 1323
f 1383 1323 1382
f 1384 1325 1324
f 1384 1324 1383
f 1385 1326 1325
f 1385 1325 1384
f 1386 1327 1326
f 1386 1326 1385
f 1387 1328 1327
f 1387 1327 1386
f 1388 1329 1328
f 1388 1328 1387
f 1389 1330 1329
f 1389 1329 1388
f 1390 1331 1330
f 1390 1330 1389
f 1391 1332 1331
f 1391 1331 1390
f 1392 1333 1332
f 1392 1332 1391
f 1393 1334 1333
f 1393 1333 1392
f 1394 1335 1334
f 1394 1334 1393
f 1395 1336 1335
f 1395 1335 1394
f 1396 1337 1336
f 1396 1336 1395
f 1397 1338 1337
f 1397 1337 1396
f 1398 1374 1375
f 1398 1375 1399
f 1400 1376 1374
f 1400 1374 1398
f 1401 1377 1376
f 1401 1376 1400
f 1402 1378 1377
f 1402 1377 1401
f 1403 1379 1378
f 1403 1378 1402
f 1404 1380 1379
f 1404 1379 1403
f 1405 1381 1380
f 1405 1380 1404
f 1406 1382 1381
f 1406 1381 1405
f 1407 1383 1382
f 1407 1382 1406
f 1408 1384 1383
f 1408 1383 1407
f 1409 1385 1384
f 1409 1384 1408
f 1410 1386 1385
f 1410 1385 1409
f 1411 1387 1386
f 1411 1386 1410
f 1412 1388 1387
f 1412 1387 1411
f 1413 1389 1388
f 1413 1388 1412
f 1414 1390 1389
f 1414 1389 1413
f 1415 1391 1390
f 1415 1390 1414
f 1416 1392 1391
f 1416 1391 1415
f 1417 1393 1392
f 1417 1392 1416
f 1418 1394 1393
f 1418 1393 1417
f 1419 1395 1394
f 1419 1394 1418
f 1420 1396 1395
f 1420 1395 1419
f 1421 1397 1396
f 1421 1396 1420
f 1422 1398 1399
f 1422 1399 1423
f 1424 1400 1398
f 1424 1398 1422
f 1425 1401 1400
f 1425 1400 1424
f 1426 1402 1401
f 1426 1401 1425
f 1427 1403 1402
f 1427 1402 1426
f 1428 1404 1403
f 1428 1403 1427
f 1429 1405 1404
f 1429 1404 1428
f 1430 1406 1405
f 1430 1405 1429
f 1431 1407 1406
f 1431 1406 1430
f 1432 1408 1407
f 1432 1407 1431
f 1433 1409 1408
f 1433 1408 1432
f 1434 1410 1409
f 1434 1409 1433
f 1435 1411 1410
f 1435 1410 1434
f 1436 1412 1411
f 1436 1411 1435
f 1437 1413 1412
f 1437 1412 1436
f 1438 1414 1413
f 1438 1413 1437
f 1439 1415 1414
f 1439 1414 1438
f 1440 1416 1415
f 1440 1415 1439
f 1441 1417 1416
f 1441 1416 1440
f 1442 1418 1417
f 1442 1417 1441
f 1443 1419 1418
f 1443 1418 1442
f 1444 1420 1419
f 1444 1419 1443
f 1445 1421 1420
f 1445 1420 1444
f 1446 1447 1421
f 1446 1421 1445
f 1448 1422 1423
f 1448 1423 1449
f 1450 1424 1422
f 1450 1422 1448
f 1451 1425 1424
f 1451 1424 1450
f 1452 1426 1425
f 1452 1425 1451
f 1453 1427 1426
f 1453 1426 1452
f 1454 1428 1427
f 1454 1427 1453
f 1455 1429 1428
f 1455 1428 1454
f 1456 1430 1429
f 1456 1429 1455
f 1457 1431 1430
f 1457 1430 1456
f 1458 1432 1431
f 1458 1431 1457
f 1459 1433 1432
f 1459 1432 1458
f 1460 1434 1433
f 1460 1433 1459
f 1461 1435 1434
f 1461 1434 1460
f 1462 1436 1435
f 1462 1435 1461
f 1463 1437 1436
f 1463 1436 1462
f 1464 1438 1437
f 1464 1437 1463
f 1465 1439 1438
f 1465 1438 1464
f 1466 1440 1439
f 1466 1439 1465
f 1467 1441 1440
f 1467 1440 1466
f 1468 1442 1441
f 1468 1441 1467
f 1469 1443 1442
f 1469 1442 1468
f 1470 1444 1443
f 1470 1443 1469
f 1471 1445 1444
f 1471 1444 1470
f 1472 1448 1449
f 1472 1449 1473
f 1474 1450 1448
f 1474 1448 1472
f 1475 1451 1450
f 1475 1450 1474
f 1476 1452 1451
f 1476 1451 1475
f 1477 1453 1452
f 1477 1452 1476
f 1478 1454 1453
f 1478 1453 1477
f 1479 1455 1454
f 1479 1454 1478
f 1480 1456 1455
f 1480 1455 1479
f 1481 1457 1456
f 1481 1456 1480
f 1482 1458 1457
f 1482 1457 1481
f 1483 1459 1458
f 1483 1458 1482
f 1484 1460 1459
f 1484 1459 1483
f 1485 1461 1460
f 1485 1460 1484
f 1486 1462 1461
f 1486 1461 1485
f 1487 1463 1462
f 1487 1462 1486
f 1488 1464 1463
f 1488 1463 1487
f 1489 1465 1464
f 1489 1464 1488
f 1490 1466 1465
f 1490 1465 1489
f 1491 1467 1466
f 1491 1466 1490
f 1492 1468 1467
f 1492 1467 1491
f 1493 1469 1468
f 1493 1468 1492
f 1494 1470 1469
f 1494 1469 1493
f 1495 1471 1470
f 1495 1470 1494
f 1496 1472 1473
f 1496 1473 1497
f 1498 1474 1472
f 1498 1472 1496
f 1499 1475 1474
f 1499 1474 1498
f 1500 1476 1475
f 1500 1475 1499
f 1501 1477 1476
f 1501 1476 1500
f 1502 1478 1477
f 1502 1477 1501
f 1503 1479 1478
f 1503 1478 1502
f 1504 1480 1479
f 1504 1479 1503
f 1505 1481 1480
f 1505 1480 1504
f 1506 1482 1481
f 1506 1481 1505
f 1507 1483 1482
f 1507 1482 1506
f 1508 1484 1483
f 1508 1483 1507
f 1509 1485 1484
f 1509 1484 1508
f 1510 1486 1485
f 1510 1485 1509
f 1511 1487 1486
f 1511 1486 1510
f 1512 1488 1487
f 1512 1487 1511
f 1513 1489 1488
f 1513 1488 1512
f 1514 1490 1489
f 1514 1489 1513
f 1515 1491 1490
f 1515 1490 1514
f 1516 1492 1491
f 1516 1491 1515
f 1517 1493 1492
f 1517 1492 1516
f 1518 1494 1493
f 1518 1493 1517
f 1519 1495 1494
f 1519 1494 1518
f 771 1520 1495
f 771 1495 1519
f 1521 38 1522
f 1521 1522 1523
f 608 610 40
f 608 40 39
f 1524 1525 40
f 1524 40 1526
f 1527 1524 1526
f 1527 1526 610
f 1528 1527 610
f 1528 610 607
f 1529 1528 607
f 1529 607 605
f 1530 1531 1525
f 1530 1525 1524
f 1532 1530 1524
f 1532 1524 1527
f 1533 1532 1527
f 1533 1527 1528
f 1534 1533 1528
f 1534 1528 1529
f 1535 1536 1531
f 1535 1531 1530
f 1537 1535 1530
f 1537 1530 1532
f 1538 1537 1532
f 1538 1532 1533
f 1539 1538 1533
f 1539 1533 1534
f 1540 1541 1536
f 1540 1536 1535
f 1542 1540 1535
f 1542 1535 1537
f 1543 1542 1537
f 1543 1537 1538
f 1544 1543 1538
f 1544 1538 1539
f 1545 1546 1541
f 1545 1541 1540
f 1547 1545 1540
f 1547 1540 1542
f 1548 1547 1542
f 1548 1542 1543
f 1549 1548 1543
f 1549 1543 1544
f 1550 1551 1546
f 1550 1546 1545
f 592 1550 1545
f 592 1545 1547
f 595 592 1547
f 595 1547 1548
f 90 595 1548
f 90 1548 1549
f 865 874 1552
f 865 1552 1553
f 591 1554 1551
f 591 1551 592
f 1555 1556 1557
f 1555 1557 1558
f 1559 1555 1558
f 1559 1558 1560
f 1561 1559 1560
f 1561 1560 1562
f 1563 1561 1562
f 1563 1562 1564
f 1565 1563 1564
f 1565 1564 1566
f 1567 1565 1566
f 1567 1566 1568
f 1569 1567 1568
f 1569 1568 1570
f 1571 1569 1570
f 1571 1570 1572
f 1573 1571 1572
f 1573 1572 1574
f 1575 1573 1574
f 1575 1574 1576
f 1577 1575 1576
f 1577 1576 1578
f 1579 1577 1578
f 1579 1578 1580
f 1581 1579 1580
f 1581 1580 1582
f 1583 1581 1582
f 1583 1582 1584
f 1585 1583 1584
f 1585 1584 1586
f 1587 1585 1586
f 1587 1586 1588
f 1589 1587 1588
f 1589 1588 1590
f 1591 1589 1590
f 1591 1590 1592
f 1593 1591 1592
f 1593 1592 1594
f 1595 1593 1594
f 1595 1594 1596
f 1597 1595 1596
f 1597 1596 1598
f 1599 1597 1598
f 1599 1598 1600
f 1601 1599 1600
f 1601 1600 1602
f 1603 1604 1556
f 1603 1556 1555
f 1605 1603 1555
f 1605 1555 1559
f 1606 1605 1559
f 1606 1559 1561
f 1607 1606 1561
f 1607 1561 1563
f 1608 1607 1563
f 1608 1563 1565
f 1609 1608 1565
f 1609 1565 1567
f 1610 1609 1567
f 1610 1567 1569
f 1611 1610 1569
f 1611 1569 1571
f 1612 1611 1571
f 1612 1571 1573
f 1613 1612 1573
f 1613 1573 1575
f 1614 1613 1575
f 1614 1575 1577
f 1615 1614 1577
f 1615 1577 1579
f 1616 1615 1579
f 1616 1579 1581
f 1617 1616 1581
f 1617 1581 1583
f 1618 1617 1583
f 1618 1583 1585
f 1619 1618 1585
f 1619 1585 1587
f 1620 1619 1587
f 1620 1587 1589
f 1621 1620 1589
f 1621 1589 1591
f 1622 1621 1591
f 1622 1591 1593
f 1623 1622 1593
f 1623 1593 1595
f 1624 1623 1595
f 1624 1595 1597
f 1625 1624 1597
f 1625 1597 1599
f 1626 1625 1599
f 1626 1599 1601
f 1627 1628 1604
f 1627 1604 1603
f 1629 1627 1603
f 1629 1603 1605
f 1630 1629 1605
f 1630 1605 1606
f 1631 1630 1606
f 1631 1606 1607
f 1632 1631 1607
f 1632 1607 1608
f 1633 1632 1608
f 1633 1608 1609
f 1634 1633 1609
f 1634 1609 1610
f 1635 1634 1610
f 1635 1610 1611
f 1636 1635 1611
f 1636 1611 1612
f 1637 1636 1612
f 1637 1612 1613
f 1638 1637 1613
f 1638 1613 1614
f 1639 1638 1614
f 1639 1614 1615
f 1640 1639 1615
f 1640 1615 1616
f 1641 1640 1616
f 1641 1616 1617
f 1642 1641 1617
f 1642 1617 1618
f 1643 1642 1618
f 1643 1618 1619
f 1644 1643 1619
f 1644 1619 1620
f 1645 1644 1620
f 1645 1620 1621
f 1646 1645 1621
f 1646 1621 1622
f 1647 1646 1622
f 1647 1622 1623
f 1648 1647 1623
f 1648 1623 1624
f 1649 1648 1624
f 1649 1624 1625
f 1650 1649 1625
f 1650 1625 1626
f 1651 1652 1628
f 1651 1628 1627
f 1653 1651 1627
f 1653 1627 1629
f 1654 1653 1629
f 1654 1629 1630
f 1655 1654 1630
f 1655 1630 1631
f 1656 1655 1631
f 1656 1631 1632
f 1657 1656 1632
f 1657 1632 1633
f 1658 1657 1633
f 1658 1633 1634
f 1659 1658 1634
f 1659 1634 1635
f 1660 1659 1635
f 1660 1635 1636
f 1661 1660 1636
f 1661 1636 1637
f 1662 1661 1637
f 1662 1637 1638
f 1663 1662 1638
f 1663 1638 1639
f 1664 1663 1639
f 1664 1639 1640
f 1665 1664 1640
f 1665 1640 1641
f 1666 1665 1641
f 1666 1641 1642
f 1667 1666 1642
f 1667 1642 1643
f 1668 1667 1643
f 1668 1643 1644
f 1669 1668 1644
f 1669 1644 1645
f 1670 1669 1645
f 1670 1645 1646
f 1671 1670 1646
f 1671 1646 1647
f 1672 1671 1647
f 1672 1647 1648
f 1673 1672 1648
f 1673 1648 1649
f 1674 1673 1649
f 1674 1649 1650
f 1675 1676 1652
f 1675 1652 1651
f 1677 1675 1651
f 1677 1651 1653
f 1678 1677 1653
f 1678 1653 1654
f 1679 1678 1654
f 1679 1654 1655
f 1680 1679 1655
f 1680 1655 1656
f 1681 1680 1656
f 1681 1656 1657
f 1682 1681 1657
f 1682 1657 1658
f 1683 1682 1658
f 1683 1658 1659
f 1684 1683 1659
f 1684 1659 1660
f 1685 1684 1660
f 1685 1660 1661
f 1686 1685 1661
f 1686 1661 1662
f 1687 1686 1662
f 1687 1662 1663
f 1688 1687 1663
f 1688 1663 1664
f 1689 1688 1664
f 1689 1664 1665
f 1690 1689 1665
f 1690 1665 1666
f 1691 1690 1666
f 1691 1666 1667
f 1692 1691 1667
f 1692 1667 1668
f 1693 1692 1668
f 1693 1668 1669
f 1694 1693 1669
f 1694 1669 1670
f 1695 1694 1670
f 1695 1670 1671
f 1696 1695 1671
f 1696 1671 1672
f 1697 1696 1672
f 1697 1672 1673
f 1698 1697 1673
f 1698 1673 1674
f 1496 1497 1676
f 1496 1676 1675
f 1498 1496 1675
f 1498 1675 1677
f 1499 1498 1677
f 1499 1677 1678
f 1500 1499 1678
f 1500 1678 1679
f 1501 1500 1679
f 1501 1679 1680
f 1502 1501 1680
f 1502 1680 1681
f 1503 1502 1681
f 1503 1681 1682
f 1504 1503 1682
f 1504 1682 1683
f 1505 1504 1683
f 1505 1683 1684
f 1506 1505 1684
f 1506 1684 1685
f 1507 1506 1685
f 1507 1685 1686
f 1508 1507 1686
f 1508 1686 1687
f 1509 1508 1687
f 1509 1687 1688
f 1510 1509 1688
f 1510 1688 1689
f 1511 1510 1689
f 1511 1689 1690
f 1512 1511 1690
f 1512 1690 1691
f 1513 1512 1691
f 1513 1691 1692
f 1514 1513 1692
f 1514 1692 1693
f 1515 1514 1693
f 1515 1693 1694
f 1516 1515 1694
f 1516 1694 1695
f 1517 1516 1695
f 1517 1695 1696
f 1518 1517 1696
f 1518 1696 1697
f 1519 1518 1697
f 1519 1697 1698
f 1699 1700 1701
f 1699 1701 1702
f 1703 1699 1702
f 1703 1702 1704
f 1705 1703 1704
f 1705 1704 1706
f 1707 1705 1706
f 1707 1706 1708
f 1709 1707 1708
f 1709 1708 1710
f 1711 1709 1710
f 1711 1710 1712
f 92 1711 1712
f 92 1712 93
f 1713 91 94
f 1713 94 1714
f 1715 1713 1714
f 1715 1714 1716
f 1717 1715 1716
f 1717 1716 1718
f 1719 1717 1718
f 1719 1718 1720
f 1721 1719 1720
f 1721 1720 1722
f 1723 1721 1722
f 1723 1722 1724
f 1725 1723 1724
f 1725 1724 1726
f 1727 1725 1726
f 1727 1726 1728
f 1729 1727 1728
f 1729 1728 1730
f 1731 1729 1730
f 1731 1730 1732
f 1733 1731 1732
f 1733 1732 1734
f 1735 1733 1734
f 1735 1734 1736
f 1737 1735 1736
f 1737 1736 1738
f 1739 1737 1738
f 1739 1738 1740
f 1741 1739 1740
f 1741 1740 1742
f 1743 1741 1742
f 1743 1742 1744
f 1525 1743 1744
f 1525 1744 40
f 1745 1746 1700
f 1745 1700 1699
f 1747 1745 1699
f 1747 1699 1703
f 1748 1747 1703
f 1748 1703 1705
f 1749 1748 1705
f 1749 1705 1707
f 1750 1749 1707
f 1750 1707 1709
f 1751 1750 1709
f 1751 1709 1711
f 1752 1751 1711
f 1752 1711 92
f 1753 1752 92
f 1753 92 91
f 1754 1753 91
f 1754 91 1713
f 1755 1754 1713
f 1755 1713 1715
f 1756 1755 1715
f 1756 1715 1717
f 1757 1756 1717
f 1757 1717 1719
f 1758 1757 1719
f 1758 1719 1721
f 1759 1758 1721
f 1759 1721 1723
f 1760 1759 1723
f 1760 1723 1725
f 1761 1760 1725
f 1761 1725 1727
f 1762 1761 1727
f 1762 1727 1729
f 1763 1762 1729
f 1763 1729 1731
f 1764 1763 1731
f 1764 1731 1733
f 1765 1764 1733
f 1765 1733 1735
f 1766 1765 1735
f 1766 1735 1737
f 1767 1766 1737
f 1767 1737 1739
f 1768 1767 1739
f 1768 1739 1741
f 1769 1768 1741
f 1769 1741 1743
f 1531 1769 1743
f 1531 1743 1525
f 1770 1771 1746
f 1770 1746 1745
f 1772 1770 1745
f 1772 1745 1747
f 1773 1772 1747
f 1773 1747 1748
f 1774 1773 1748
f 1774 1748 1749
f 1775 1774 1749
f 1775 1749 1750
f 1776 1775 1750
f 1776 1750 1751
f 1777 1776 1751
f 1777 1751 1752
f 1778 1777 1752
f 1778 1752 1753
f 1779 1778 1753
f 1779 1753 1754
f 1780 1779 1754
f 1780 1754 1755
f 1781 1780 1755
f 1781 1755 1756
f 1782 1781 1756
f 1782 1756 1757
f 1783 1782 1757
f 1783 1757 1758
f 1784 1783 1758
f 1784 1758 1759
f 1785 1784 1759
f 1785 1759 1760
f 1786 1785 1760
f 1786 1760 1761
f 1787 1786 1761
f 1787 1761 1762
f 1788 1787 1762
f 1788 1762 1763
f 1789 1788 1763
f 1789 1763 1764
f 1790 1789 1764
f 1790 1764 1765
f 1791 1790 1765
f 1791 1765 1766
f 1792 1791 1766
f 1792 1766 1767
f 1793 1792 1767
f 1793 1767 1768
f 1794 1793 1768
f 1794 1768 1769
f 1536 1794 1769
f 1536 1769 1531
f 1795 1796 1771
f 1795 1771 1770
f 1797 1795 1770
f 1797 1770 1772
f 1798 1797 1772
f 1798 1772 1773
f 1799 1798 1773
f 1799 1773 1774
f 1800 1799 1774
f 1800 1774 1775
f 1801 1800 1775
f 1801 1775 1776
f 1802 1801 1776
f 1802 1776 1777
f 1803 1802 1777
f 1803 1777 1778
f 1804 1803 1778
f 1804 1778 1779
f 1805 1804 1779
f 1805 1779 1780
f 1806 1805 1780
f 1806 1780 1781
f 1807 1806 1781
f 1807 1781 1782
f 1808 1807 1782
f 1808 1782 1783
f 1809 1808 1783
f 1809 1783 1784
f 1810 1809 1784
f 1810 1784 1785
f 1811 1810 1785
f 1811 1785 1786
f 1812 1811 1786
f 1812 1786 1787
f 1813 1812 1787
f 1813 1787 1788
f 1814 1813 1788
f 1814 1788 1789
f 1815 1814 1789
f 1815 1789 1790
f 1816 1815 1790
f 1816 1790 1791
f 1817 1816 1791
f 1817 1791 1792
f 1818 1817 1792
f 1818 1792 1793
f 1819 1818 1793
f 1819 1793 1794
f 1541 1819 1794
f 1541 1794 1536
f 1820 1821 1796
f 1820 1796 1795
f 1822 1820 1795
f 1822 1795 1797
f 1823 1822 1797
f 1823 1797 1798
f 1824 1823 1798
f 1824 1798 1799
f 1825 1824 1799
f 1825 1799 1800
f 1826 1825 1800
f 1826 1800 1801
f 1827 1826 1801
f 1827 1801 1802
f 1828 1827 1802
f 1828 1802 1803
f 1829 1828 1803
f 1829 1803 1804
f 1830 1829 1804
f 1830 1804 1805
f 1831 1830 1805
f 1831 1805 1806
f 1832 1831 1806
f 1832 1806 1807
f 1833 1832 1807
f 1833 1807 1808
f 1834 1833 1808
f 1834 1808 1809
f 1835 1834 1809
f 1835 1809 1810
f 1836 1835 1810
f 1836 1810 1811
f 1837 1836 1811
f 1837 1811 1812
f 1838 1837 1812
f 1838 1812 1813
f 1839 1838 1813
f 1839 1813 1814
f 1840 1839 1814
f 1840 1814 1815
f 1841 1840 1815
f 1841 1815 1816
f 1842 1841 1816
f 1842 1816 1817
f 1843 1842 1817
f 1843 1817 1818
f 1844 1843 1818
f 1844 1818 1819
f 1546 1844 1819
f 1546 1819 1541
f 1557 1845 1821
f 1557 1821 1820
f 1558 1557 1820
f 1558 1820 1822
f 1560 1558 1822
f 1560 1822 1823
f 1562 1560 1823
f 1562 1823 1824
f 1564 1562 1824
f 1564 1824 1825
f 1566 1564 1825
f 1566 1825 1826
f 1568 1566 1826
f 1568 1826 1827
f 1570 1568 1827
f 1570 1827 1828
f 1572 1570 1828
f 1572 1828 1829
f 1574 1572 1829
f 1574 1829 1830
f 1576 1574 1830
f 1576 1830 1831
f 1578 1576 1831
f 1578 1831 1832
f 1580 1578 1832
f 1580 1832 1833
f 1582 1580 1833
f 1582 1833 1834
f 1584 1582 1834
f 1584 1834 1835
f 1586 1584 1835
f 1586 1835 1836
f 1588 1586 1836
f 1588 1836 1837
f 1590 1588 1837
f 1590 1837 1838
f 1592 1590 1838
f 1592 1838 1839
f 1594 1592 1839
f 1594 1839 1840
f 1596 1594 1840
f 1596 1840 1841
f 1598 1596 1841
f 1598 1841 1842
f 1600 1598 1842
f 1600 1842 1843
f 1602 1600 1843
f 1602 1843 1844
f 1551 1602 1844
f 1551 1844 1546
f 1846 1704 1702
f 1846 1702 1847
f 1848 1706 1704
f 1848 1704 1846
f 1849 1708 1706
f 1849 1706 1848
f 1850 1710 1708
f 1850 1708 1849
f 1851 1712 1710
f 1851 1710 1850
f 1852 93 1712
f 1852 1712 1851
f 1853 94 93
f 1853 93 1852
f 1854 1714 94
f 1854 94 1853
f 1855 1716 1714
f 1855 1714 1854
f 1856 1718 1716
f 1856 1716 1855
f 1857 1720 1718
f 1857 1718 1856
f 1858 1722 1720
f 1858 1720 1857
f 1859 1724 1722
f 1859 1722 1858
f 1860 1726 1724
f 1860 1724 1859
f 1861 1728 1726
f 1861 1726 1860
f 1862 1730 1728
f 1862 1728 1861
f 1863 1732 1730
f 1863 1730 1862
f 1864 1734 1732
f 1864 1732 1863
f 1865 1736 1734
f 1865 1734 1864
f 1866 1738 1736
f 1866 1736 1865
f 1867 1740 1738
f 1867 1738 1866
f 1868 1742 1740
f 1868 1740 1867
f 1869 1744 1742
f 1869 1742 1868
f 1870 1846 1847
f 1870 1847 1871
f 1872 1848 1846
f 1872 1846 1870
f 1873 1849 1848
f 1873 1848 1872
f 1874 1850 1849
f 1874 1849 1873
f 1875 1851 1850
f 1875 1850 1874
f 1876 1852 1851
f 1876 1851 1875
f 1877 1853 1852
f 1877 1852 1876
f 1878 1854 1853
f 1878 1853 1877
f 1879 1855 1854
f 1879 1854 1878
f 1880 1856 1855
f 1880 1855 1879
f 1881 1857 1856
f 1881 1856 1880
f 1882 1858 1857
f 1882 1857 1881
f 1883 1859 1858
f 1883 1858 1882
f 1884 1860 1859
f 1884 1859 1883
f 1885 1861 1860
f 1885 1860 1884
f 1886 1862 1861
f 1886 1861 1885
f 1887 1863 1862
f 1887 1862 1886
f 1888 1864 1863
f 1888 1863 1887
f 1889 1865 1864
f 1889 1864 1888
f 1890 1866 1865
f 1890 1865 1889
f 1891 1867 1866
f 1891 1866 1890
f 1892 1868 1867
f 1892 1867 1891
f 33 1869 1868
f 33 1868 1892
f 1893 1870 1871
f 1893 1871 1894
f 1895 1872 1870
f 1895 1870 1893
f 1896 1873 1872
f 1896 1872 1895
f 1897 1874 1873
f 1897 1873 1896
f 1898 1875 1874
f 1898 1874 1897
f 1899 1876 1875
f 1899 1875 1898
f 1900 1877 1876
f 1900 1876 1899
f 1901 1878 1877
f 1901 1877 1900
f 1902 1879 1878
f 1902 1878 1901
f 1903 1880 1879
f 1903 1879 1902
f 1904 1881 1880
f 1904 1880 1903
f 1905 1882 1881
f 1905 1881 1904
f 1906 1883 1882
f 1906 1882 1905
f 1907 1884 1883
f 1907 1883 1906
f 1908 1885 1884
f 1908 1884 1907
f 1909 1886 1885
f 1909 1885 1908
f 1910 1887 1886
f 1910 1886 1909
f 1911 1888 1887
f 1911 1887 1910
f 1912 1889 1888
f 1912 1888 1911
f 1913 1890 1889
f 1913 1889 1912
f 1914 1891 1890
f 1914 1890 1913
f 1915 1892 1891
f 1915 1891 1914
f 34 33 1892
f 34 1892 1915
f 1916 1893 1894
f 1916 1894 1917
f 1918 1895 1893
f 1918 1893 1916
f 1919 1896 1895
f 1919 1895 1918
f 1920 1897 1896
f 1920 1896 1919
f 1921 1898 1897
f 1921 1897 1920
f 1922 1899 1898
f 1922 1898 1921
f 1923 1900 1899
f 1923 1899 1922
f 1924 1901 1900
f 1924 1900 1923
f 1925 1902 1901
f 1925 1901 1924
f 1926 1903 1902
f 1926 1902 1925
f 1927 1904 1903
f 1927 1903 1926
f 1928 1905 1904
f 1928 1904 1927
f 1929 1906 1905
f 1929 1905 1928
f 1930 1907 1906
f 1930 1906 1929
f 1931 1908 1907
f 1931 1907 1930
f 1932 1909 1908
f 1932 1908 1931
f 1933 1910 1909
f 1933 1909 1932
f 1934 1911 1910
f 1934 1910 1933
f 1935 1912 1911
f 1935 1911 1934
f 1936 1913 1912
f 1936 1912 1935
f 1937 1914 1913
f 1937 1913 1936
f 1938 1915 1914
f 1938 1914 1937
f 1939 34 1915
f 1939 1915 1938
f 1940 1916 1917
f 1940 1917 1941
f 1942 1918 1916
f 1942 1916 1940
f 1943 1919 1918
f 1943 1918 1942
f 1944 1920 1919
f 1944 1919 1943
f 1945 1921 1920
f 1945 1920 1944
f 1946 1922 1921
f 1946 1921 1945
f 1947 1923 1922
f 1947 1922 1946
f 1948 1924 1923
f 1948 1923 1947
f 1949 1925 1924
f 1949 1924 1948
f 1950 1926 1925
f 1950 1925 1949
f 1951 1927 1926
f 1951 1926 1950
f 1952 1928 1927
f 1952 1927 1951
f 1953 1929 1928
f 1953 1928 1952
f 1954 1930 1929
f 1954 1929 1953
f 1955 1931 1930
f 1955 1930 1954
f 1956 1932 1931
f 1956 1931 1955
f 1957 1933 1932
f 1957 1932 1956
f 1958 1934 1933
f 1958 1933 1957
f 1959 1935 1934
f 1959 1934 1958
f 1960 1936 1935
f 1960 1935 1959
f 1961 1937 1936
f 1961 1936 1960
f 1962 1938 1937
f 1962 1937 1961
f 1963 1939 1938
f 1963 1938 1962
f 1159 1940 1941
f 1159 1941 1160
f 1161 1942 1940
f 1161 1940 1159
f 1162 1943 1942
f 1162 1942 1161
f 1163 1944 1943
f 1163 1943 1162
f 1164 1945 1944
f 1164 1944 1163
f 1165 1946 1945
f 1165 1945 1164
f 1166 1947 1946
f 1166 1946 1165
f 1167 1948 1947
f 1167 1947 1166
f 1168 1949 1948
f 1168 1948 1167
f 1169 1950 1949
f 1169 1949 1168
f 1170 1951 1950
f 1170 1950 1169
f 1171 1952 1951
f 1171 1951 1170
f 1172 1953 1952
f 1172 1952 1171
f 1173 1954 1953
f 1173 1953 1172
f 1174 1955 1954
f 1174 1954 1173
f 1175 1956 1955
f 1175 1955 1174
f 1176 1957 1956
f 1176 1956 1175
f 1177 1958 1957
f 1177 1957 1176
f 1178 1959 1958
f 1178 1958 1177
f 1179 1960 1959
f 1179 1959 1178
f 1180 1961 1960
f 1180 1960 1179
f 1181 1962 1961
f 1181 1961 1180
f 1182 1963 1962
f 1182 1962 1181
f 1964 1965 1966
f 1964 1966 1967
f 1700 1964 1967
f 1700 1967 1701
f 1968 1969 1965
f 1968 1965 1964
f 1746 1968 1964
f 1746 1964 1700
f 1970 1971 1969
f 1970 1969 1968
f 1771 1970 1968
f 1771 1968 1746
f 1972 1973 1971
f 1972 1971 1970
f 1796 1972 1970
f 1796 1970 1771
f 1974 1975 1973
f 1974 1973 1972
f 1821 1974 1972
f 1821 1972 1796
f 1976 1977 1978
f 1976 1978 1979
f 1980 1976 1979
f 1980 1979 1981
f 1982 1980 1981
f 1982 1981 1983
f 1984 1982 1983
f 1984 1983 1985
f 1986 1984 1985
f 1986 1985 1987
f 1988 1986 1987
f 1988 1987 1989
f 1990 1988 1989
f 1990 1989 1991
f 1992 1990 1991
f 1992 1991 1993
f 1994 1992 1993
f 1994 1993 1995
f 1996 1994 1995
f 1996 1995 1997
f 1998 1996 1997
f 1998 1997 1999
f 2000 1998 1999
f 2000 1999 2001
f 2002 2000 2001
f 2002 2001 2003
f 2004 2002 2003
f 2004 2003 2005
f 2006 2004 2005
f 2006 2005 2007
f 2008 2006 2007
f 2008 2007 2009
f 2010 2008 2009
f 2010 2009 2011
f 2012 2010 2011
f 2012 2011 2013
f 2014 2012 2013
f 2014 2013 2015
f 2016 2014 2015
f 2016 2015 2017
f 2018 2016 2017
f 2018 2017 2019
f 2020 2018 2019
f 2020 2019 2021
f 2022 2020 2021
f 2022 2021 2023
f 2024 2022 2023
f 2024 2023 2025
f 2026 2024 2025
f 2026 2025 632
f 2027 2028 1977
f 2027 1977 1976
f 2029 2027 1976
f 2029 1976 1980
f 2030 2029 1980
f 2030 1980 1982
f 2031 2030 1982
f 2031 1982 1984
f 2032 2031 1984
f 2032 1984 1986
f 2033 2032 1986
f 2033 1986 1988
f 2034 2033 1988
f 2034 1988 1990
f 2035 2034 1990
f 2035 1990 1992
f 2036 2035 1992
f 2036 1992 1994
f 2037 2036 1994
f 2037 1994 1996
f 2038 2037 1996
f 2038 1996 1998
f 2039 2038 1998
f 2039 1998 2000
f 2040 2039 2000
f 2040 2000 2002
f 2041 2040 2002
f 2041 2002 2004
f 2042 2041 2004
f 2042 2004 2006
f 2043 2042 2006
f 2043 2006 2008
f 2044 2043 2008
f 2044 2008 2010
f 2045 2044 2010
f 2045 2010 2012
f 2046 2045 2012
f 2046 2012 2014
f 2047 2046 2014
f 2047 2014 2016
f 2048 2047 2016
f 2048 2016 2018
f 2049 2048 2018
f 2049 2018 2020
f 2050 2049 2020
f 2050 2020 2022
f 2051 2050 2022
f 2051 2022 2024
f 2052 2051 2024
f 2052 2024 2026
f 2053 2054 2028
f 2053 2028 2027
f 2055 2053 2027
f 2055 2027 2029
f 2056 2055 2029
f 2056 2029 2030
f 2057 2056 2030
f 2057 2030 2031
f 2058 2057 2031
f 2058 2031 2032
f 2059 2058 2032
f 2059 2032 2033
f 2060 2059 2033
f 2060 2033 2034
f 2061 2060 2034
f 2061 2034 2035
f 2062 2061 2035
f 2062 2035 2036
f 2063 2062 2036
f 2063 2036 2037
f 2064 2063 2037
f 2064 2037 2038
f 2065 2064 2038
f 2065 2038 2039
f 2066 2065 2039
f 2066 2039 2040
f 2067 2066 2040
f 2067 2040 2041
f 2068 2067 2041
f 2068 2041 2042
f 2069 2068 2042
f 2069 2042 2043
f 2070 2069 2043
f 2070 2043 2044
f 2071 2070 2044
f 2071 2044 2045
f 2072 2071 2045
f 2072 2045 2046
f 2073 2072 2046
f 2073 2046 2047
f 2074 2073 2047
f 2074 2047 2048
f 2075 2074 2048
f 2075 2048 2049
f 2076 2075 2049
f 2076 2049 2050
f 2077 2076 2050
f 2077 2050 2051
f 2078 2077 2051
f 2078 2051 2052
f 2079 2080 2054
f 2079 2054 2053
f 2081 2079 2053
f 2081 2053 2055
f 2082 2081 2055
f 2082 2055 2056
f 2083 2082 2056
f 2083 2056 2057
f 2084 2083 2057
f 2084 2057 2058
f 2085 2084 2058
f 2085 2058 2059
f 2086 2085 2059
f 2086 2059 2060
f 2087 2086 2060
f 2087 2060 2061
f 2088 2087 2061
f 2088 2061 2062
f 2089 2088 2062
f 2089 2062 2063
f 2090 2089 2063
f 2090 2063 2064
f 2091 2090 2064
f 2091 2064 2065
f 2092 2091 2065
f 2092 2065 2066
f 2093 2092 2066
f 2093 2066 2067
f 2094 2093 2067
f 2094 2067 2068
f 2095 2094 2068
f 2095 2068 2069
f 2096 2095 2069
f 2096 2069 2070
f 2097 2096 2070
f 2097 2070 2071
f 2098 2097 2071
f 2098 2071 2072
f 2099 2098 2072
f 2099 2072 2073
f 2100 2099 2073
f 2100 2073 2074
f 2101 2100 2074
f 2101 2074 2075
f 2102 2101 2075
f 2102 2075 2076
f 2103 2102 2076
f 2103 2076 2077
f 2104 2103 2077
f 2104 2077 2078
f 2105 2106 2080
f 2105 2080 2079
f 2107 2105 2079
f 2107 2079 2081
f 2108 2107 2081
f 2108 2081 2082
f 2109 2108 2082
f 2109 2082 2083
f 2110 2109 2083
f 2110 2083 2084
f 2111 2110 2084
f 2111 2084 2085
f 2112 2111 2085
f 2112 2085 2086
f 2113 2112 2086
f 2113 2086 2087
f 2114 2113 2087
f 2114 2087 2088
f 2115 2114 2088
f 2115 2088 2089
f 2116 2115 2089
f 2116 2089 2090
f 2117 2116 2090
f 2117 2090 2091
f 2118 2117 2091
f 2118 2091 2092
f 2119 2118 2092
f 2119 2092 2093
f 2120 2119 2093
f 2120 2093 2094
f 2121 2120 2094
f 2121 2094 2095
f 2122 2121 2095
f 2122 2095 2096
f 2123 2122 2096
f 2123 2096 2097
f 2124 2123 2097
f 2124 2097 2098
f 2125 2124 2098
f 2125 2098 2099
f 2126 2125 2099
f 2126 2099 2100
f 2127 2126 2100
f 2127 2100 2101
f 2128 2127 2101
f 2128 2101 2102
f 2129 2128 2102
f 2129 2102 2103
f 2130 2129 2103
f 2130 2103 2104
f 2131 2132 2106
f 2131 2106 2105
f 2133 2131 2105
f 2133 2105 2107
f 2134 2133 2107
f 2134 2107 2108
f 2135 2134 2108
f 2135 2108 2109
f 2136 2135 2109
f 2136 2109 2110
f 2137 2136 2110
f 2137 2110 2111
f 2138 2137 2111
f 2138 2111 2112
f 2139 2138 2112
f 2139 2112 2113
f 2140 2139 2113
f 2140 2113 2114
f 2141 2140 2114
f 2141 2114 2115
f 2142 2141 2115
f 2142 2115 2116
f 2143 2142 2116
f 2143 2116 2117
f 2144 2143 2117
f 2144 2117 2118
f 2145 2144 2118
f 2145 2118 2119
f 2146 2145 2119
f 2146 2119 2120
f 2147 2146 2120
f 2147 2120 2121
f 2148 2147 2121
f 2148 2121 2122
f 2149 2148 2122
f 2149 2122 2123
f 2150 2149 2123
f 2150 2123 2124
f 2151 2150 2124
f 2151 2124 2125
f 2152 2151 2125
f 2152 2125 2126
f 2153 2152 2126
f 2153 2126 2127
f 2154 2153 2127
f 2154 2127 2128
f 2155 2154 2128
f 2155 2128 2129
f 2156 2155 2129
f 2156 2129 2130
f 2157 2158 1966
f 2157 1966 1965
f 2159 1978 2158
f 2159 2158 2157
f 2160 2157 1965
f 2160 1965 1969
f 2161 2159 2157
f 2161 2157 2160
f 2162 2160 1969
f 2162 1969 1971
f 2163 2161 2160
f 2163 2160 2162
f 2164 2162 1971
f 2164 1971 1973
f 2165 2163 2162
f 2165 2162 2164
f 2166 2164 1973
f 2166 1973 1975
f 2167 2165 2164
f 2167 2164 2166
f 2168 2166 1975
f 2168 1975 2169
f 2170 2167 2166
f 2170 2166 2168
f 2171 2172 632
f 2171 632 2173
f 2174 573 2172
f 2174 2172 2171
f 2175 576 573
f 2175 573 2174
f 2176 579 576
f 2176 576 2175
f 2177 2171 2173
f 2177 2173 2178
f 2179 2174 2171
f 2179 2171 2177
f 2180 2175 2174
f 2180 2174 2179
f 2181 2176 2175
f 2181 2175 2180
f 2182 2177 2178
f 2182 2178 2183
f 2184 2179 2177
f 2184 2177 2182
f 2185 2180 2179
f 2185 2179 2184
f 2186 2181 2180
f 2186 2180 2185
f 2187 2182 2183
f 2187 2183 2188
f 2189 2184 2182
f 2189 2182 2187
f 2190 2185 2184
f 2190 2184 2189
f 2191 2186 2185
f 2191 2185 2190
f 2192 2187 2188
f 2192 2188 2193
f 2194 2189 2187
f 2194 2187 2192
f 2195 2190 2189
f 2195 2189 2194
f 2196 2191 2190
f 2196 2190 2195
f 2197 2192 2193
f 2197 2193 639
f 581 2194 2192
f 581 2192 2197
f 61 2195 2194
f 61 2194 581
f 78 2196 2195
f 78 2195 61
f 2198 1979 1978
f 2198 1978 2159
f 2199 1981 1979
f 2199 1979 2198
f 2200 1983 1981
f 2200 1981 2199
f 2201 1985 1983
f 2201 1983 2200
f 2202 1987 1985
f 2202 1985 2201
f 2203 1989 1987
f 2203 1987 2202
f 2204 1991 1989
f 2204 1989 2203
f 2205 1993 1991
f 2205 1991 2204
f 2206 1995 1993
f 2206 1993 2205
f 2207 1997 1995
f 2207 1995 2206
f 2208 1999 1997
f 2208 1997 2207
f 2209 2001 1999
f 2209 1999 2208
f 2210 2003 2001
f 2210 2001 2209
f 2211 2005 2003
f 2211 2003 2210
f 2212 2007 2005
f 2212 2005 2211
f 2213 2009 2007
f 2213 2007 2212
f 2214 2011 2009
f 2214 2009 2213
f 2215 2013 2011
f 2215 2011 2214
f 2216 2015 2013
f 2216 2013 2215
f 2217 2017 2015
f 2217 2015 2216
f 2218 2019 2017
f 2218 2017 2217
f 2219 2021 2019
f 2219 2019 2218
f 2220 2023 2021
f 2220 2021 2219
f 2221 2025 2023
f 2221 2023 2220
f 2173 632 2025
f 2173 2025 2221
f 2222 2198 2159
f 2222 2159 2161
f 2223 2199 2198
f 2223 2198 2222
f 2224 2200 2199
f 2224 2199 2223
f 2225 2201 2200
f 2225 2200 2224
f 2226 2202 2201
f 2226 2201 2225
f 2227 2203 2202
f 2227 2202 2226
f 2228 2204 2203
f 2228 2203 2227
f 2229 2205 2204
f 2229 2204 2228
f 2230 2206 2205
f 2230 2205 2229
f 2231 2207 2206
f 2231 2206 2230
f 2232 2208 2207
f 2232 2207 2231
f 2233 2209 2208
f 2233 2208 2232
f 2234 2210 2209
f 2234 2209 2233
f 2235 2211 2210
f 2235 2210 2234
f 2236 2212 2211
f 2236 2211 2235
f 2237 2213 2212
f 2237 2212 2236
f 2238 2214 2213
f 2238 2213 2237
f 2239 2215 2214
f 2239 2214 2238
f 2240 2216 2215
f 2240 2215 2239
f 2241 2217 2216
f 2241 2216 2240
f 2242 2218 2217
f 2242 2217 2241
f 2243 2219 2218
f 2243 2218 2242
f 2244 2220 2219
f 2244 2219 2243
f 2245 2221 2220
f 2245 2220 2244
f 2178 2173 2221
f 2178 2221 2245
f 2246 2222 2161
f 2246 2161 2163
f 2247 2223 2222
f 2247 2222 2246
f 2248 2224 2223
f 2248 2223 2247
f 2249 2225 2224
f 2249 2224 2248
f 2250 2226 2225
f 2250 2225 2249
f 2251 2227 2226
f 2251 2226 2250
f 2252 2228 2227
f 2252 2227 2251
f 2253 2229 2228
f 2253 2228 2252
f 2254 2230 2229
f 2254 2229 2253
f 2255 2231 2230
f 2255 2230 2254
f 2256 2232 2231
f 2256 2231 2255
f 2257 2233 2232
f 2257 2232 2256
f 2258 2234 2233
f 2258 2233 2257
f 2259 2235 2234
f 2259 2234 2258
f 2260 2236 2235
f 2260 2235 2259
f 2261 2237 2236
f 2261 2236 2260
f 2262 2238 2237
f 2262 2237 2261
f 2263 2239 2238
f 2263 2238 2262
f 2264 2240 2239
f 2264 2239 2263
f 2265 2241 2240
f 2265 2240 2264
f 2266 2242 2241
f 2266 2241 2265
f 2267 2243 2242
f 2267 2242 2266
f 2268 2244 2243
f 2268 2243 2267
f 2269 2245 2244
f 2269 2244 2268
f 2183 2178 2245
f 2183 2245 2269
f 2270 2246 2163
f 2270 2163 2165
f 2271 2247 2246
f 2271 2246 2270
f 2272 2248 2247
f 2272 2247 2271
f 2273 2249 2248
f 2273 2248 2272
f 2274 2250 2249
f 2274 2249 2273
f 2275 2251 2250
f 2275 2250 2274
f 2276 2252 2251
f 2276 2251 2275
f 2277 2253 2252
f 2277 2252 2276
f 2278 2254 2253
f 2278 2253 2277
f 2279 2255 2254
f 2279 2254 2278
f 2280 2256 2255
f 2280 2255 2279
f 2281 2257 2256
f 2281 2256 2280
f 2282 2258 2257
f 2282 2257 2281
f 2283 2259 2258
f 2283 2258 2282
f 2284 2260 2259
f 2284 2259 2283
f 2285 2261 2260
f 2285 2260 2284
f 2286 2262 2261
f 2286 2261 2285
f 2287 2263 2262
f 2287 2262 2286
f 2288 2264 2263
f 2288 2263 2287
f 2289 2265 2264
f 2289 2264 2288
f 2290 2266 2265
f 2290 2265 2289
f 2291 2267 2266
f 2291 2266 2290
f 2292 2268 2267
f 2292 2267 2291
f 2293 2269 2268
f 2293 2268 2292
f 2188 2183 2269
f 2188 2269 2293
f 2294 2270 2165
f 2294 2165 2167
f 2295 2271 2270
f 2295 2270 2294
f 2296 2272 2271
f 2296 2271 2295
f 2297 2273 2272
f 2297 2272 2296
f 2298 2274 2273
f 2298 2273 2297
f 2299 2275 2274
f 2299 2274 2298
f 2300 2276 2275
f 2300 2275 2299
f 2301 2277 2276
f 2301 2276 2300
f 2302 2278 2277
f 2302 2277 2301
f 2303 2279 2278
f 2303 2278 2302
f 2304 2280 2279
f 2304 2279 2303
f 2305 2281 2280
f 2305 2280 2304
f 2306 2282 2281
f 2306 2281 2305
f 2307 2283 2282
f 2307 2282 2306
f 2308 2284 2283
f 2308 2283 2307
f 2309 2285 2284
f 2309 2284 2308
f 2310 2286 2285
f 2310 2285 2309
f 2311 2287 2286
f 2311 2286 2310
f 2312 2288 2287
f 2312 2287 2311
f 2313 2289 2288
f 2313 2288 2312
f 2314 2290 2289
f 2314 2289 2313
f 2315 2291 2290
f 2315 2290 2314
f 2316 2292 2291
f 2316 2291 2315
f 2317 2293 2292
f 2317 2292 2316
f 2193 2188 2293
f 2193 2293 2317
f 2318 2294 2167
f 2318 2167 2170
f 2319 2295 2294
f 2319 2294 2318
f 2320 2296 2295
f 2320 2295 2319
f 2321 2297 2296
f 2321 2296 2320
f 2322 2298 2297
f 2322 2297 2321
f 2323 2299 2298
f 2323 2298 2322
f 2324 2300 2299
f 2324 2299 2323
f 2325 2301 2300
f 2325 2300 2324
f 2326 2302 2301
f 2326 2301 2325
f 2327 2303 2302
f 2327 2302 2326
f 2328 2304 2303
f 2328 2303 2327
f 2329 2305 2304
f 2329 2304 2328
f 2330 2306 2305
f 2330 2305 2329
f 2331 2307 2306
f 2331 2306 2330
f 2332 2308 2307
f 2332 2307 2331
f 2333 2309 2308
f 2333 2308 2332
f 2334 2310 2309
f 2334 2309 2333
f 2335 2311 2310
f 2335 2310 2334
f 2336 2312 2311
f 2336 2311 2335
f 2337 2313 2312
f 2337 2312 2336
f 2338 2314 2313
f 2338 2313 2337
f 2339 2315 2314
f 2339 2314 2338
f 2340 2316 2315
f 2340 2315 2339
f 2341 2317 2316
f 2341 2316 2340
f 639 2193 2317
f 639 2317 2341
f 2342 2318 2170
f 2342 2170 2343
f 2344 2319 2318
f 2344 2318 2342
f 2345 2320 2319
f 2345 2319 2344
f 2346 2321 2320
f 2346 2320 2345
f 2347 2322 2321
f 2347 2321 2346
f 2348 2323 2322
f 2348 2322 2347
f 2349 2324 2323
f 2349 2323 2348
f 2350 2325 2324
f 2350 2324 2349
f 2351 2326 2325
f 2351 2325 2350
f 2352 2327 2326
f 2352 2326 2351
f 2353 2328 2327
f 2353 2327 2352
f 2354 2329 2328
f 2354 2328 2353
f 2355 2330 2329
f 2355 2329 2354
f 2356 2331 2330
f 2356 2330 2355
f 2357 2332 2331
f 2357 2331 2356
f 2358 2333 2332
f 2358 2332 2357
f 2359 2334 2333
f 2359 2333 2358
f 2360 2335 2334
f 2360 2334 2359
f 2361 2336 2335
f 2361 2335 2360
f 2362 2337 2336
f 2362 2336 2361
f 2363 2338 2337
f 2363 2337 2362
f 2364 2339 2338
f 2364 2338 2363
f 2365 2340 2339
f 2365 2339 2364
f 2366 2341 2340
f 2366 2340 2365
f 2367 639 2341
f 2367 2341 2366
f 2368 2342 2343
f 2368 2343 2369
f 2370 2344 2342
f 2370 2342 2368
f 2371 2345 2344
f 2371 2344 2370
f 2372 2346 2345
f 2372 2345 2371
f 2373 2347 2346
f 2373 2346 2372
f 2374 2348 2347
f 2374 2347 2373
f 2375 2349 2348
f 2375 2348 2374
f 2376 2350 2349
f 2376 2349 2375
f 2377 2351 2350
f 2377 2350 2376
f 2378 2352 2351
f 2378 2351 2377
f 2379 2353 2352
f 2379 2352 2378
f 2380 2354 2353
f 2380 2353 2379
f 2381 2355 2354
f 2381 2354 2380
f 2382 2356 2355
f 2382 2355 2381
f 2383 2357 2356
f 2383 2356 2382
f 2384 2358 2357
f 2384 2357 2383
f 2385 2359 2358
f 2385 2358 2384
f 2386 2360 2359
f 2386 2359 2385
f 2387 2361 2360
f 2387 2360 2386
f 2388 2362 2361
f 2388 2361 2387
f 2389 2363 2362
f 2389 2362 2388
f 2390 2364 2363
f 2390 2363 2389
f 2391 2365 2364
f 2391 2364 2390
f 2392 2366 2365
f 2392 2365 2391
f 2393 2367 2366
f 2393 2366 2392
f 2394 2368 2369
f 2394 2369 2395
f 2396 2370 2368
f 2396 2368 2394
f 2397 2371 2370
f 2397 2370 2396
f 2398 2372 2371
f 2398 2371 2397
f 2399 2373 2372
f 2399 2372 2398
f 2400 2374 2373
f 2400 2373 2399
f 2401 2375 2374
f 2401 2374 2400
f 2402 2376 2375
f 2402 2375 2401
f 2403 2377 2376
f 2403 2376 2402
f 2404 2378 2377
f 2404 2377 2403
f 2405 2379 2378
f 2405 2378 2404
f 2406 2380 2379
f 2406 2379 2405
f 2407 2381 2380
f 2407 2380 2406
f 2408 2382 2381
f 2408 2381 2407
f 2409 2383 2382
f 2409 2382 2408
f 2410 2384 2383
f 2410 2383 2409
f 2411 2385 2384
f 2411 2384 2410
f 2412 2386 2385
f 2412 2385 2411
f 2413 2387 2386
f 2413 2386 2412
f 2414 2388 2387
f 2414 2387 2413
f 2415 2389 2388
f 2415 2388 2414
f 2416 2390 2389
f 2416 2389 2415
f 2417 2391 2390
f 2417 2390 2416
f 2418 2392 2391
f 2418 2391 2417
f 2419 2393 2392
f 2419 2392 2418
f 2420 2394 2395
f 2420 2395 2421
f 2422 2396 2394
f 2422 2394 2420
f 2423 2397 2396
f 2423 2396 2422
f 2424 2398 2397
f 2424 2397 2423
f 2425 2399 2398
f 2425 2398 2424
f 2426 2400 2399
f 2426 2399 2425
f 2427 2401 2400
f 2427 2400 2426
f 2428 2402 2401
f 2428 2401 2427
f 2429 2403 2402
f 2429 2402 2428
f 2430 2404 2403
f 2430 2403 2429
f 2431 2405 2404
f 2431 2404 2430
f 2432 2406 2405
f 2432 2405 2431
f 2433 2407 2406
f 2433 2406 2432
f 2434 2408 2407
f 2434 2407 2433
f 2435 2409 2408
f 2435 2408 2434
f 2436 2410 2409
f 2436 2409 2435
f 2437 2411 2410
f 2437 2410 2436
f 2438 2412 2411
f 2438 2411 2437
f 2439 2413 2412
f 2439 2412 2438
f 2440 2414 2413
f 2440 2413 2439
f 2441 2415 2414
f 2441 2414 2440
f 2442 2416 2415
f 2442 2415 2441
f 2443 2417 2416
f 2443 2416 2442
f 2444 2418 2417
f 2444 2417 2443
f 2445 2419 2418
f 2445 2418 2444
f 2446 2420 2421
f 2446 2421 2447
f 2448 2422 2420
f 2448 2420 2446
f 2449 2423 2422
f 2449 2422 2448
f 2450 2424 2423
f 2450 2423 2449
f 2451 2425 2424
f 2451 2424 2450
f 2452 2426 2425
f 2452 2425 2451
f 2453 2427 2426
f 2453 2426 2452
f 2454 2428 2427
f 2454 2427 2453
f 2455 2429 2428
f 2455 2428 2454
f 2456 2430 2429
f 2456 2429 2455
f 2457 2431 2430
f 2457 2430 2456
f 2458 2432 2431
f 2458 2431 2457
f 2459 2433 2432
f 2459 2432 2458
f 2460 2434 2433
f 2460 2433 2459
f 2461 2435 2434
f 2461 2434 2460
f 2462 2436 2435
f 2462 2435 2461
f 2463 2437 2436
f 2463 2436 2462
f 2464 2438 2437
f 2464 2437 2463
f 2465 2439 2438
f 2465 2438 2464
f 2466 2440 2439
f 2466 2439 2465
f 2467 2441 2440
f 2467 2440 2466
f 2468 2442 2441
f 2468 2441 2467
f 2469 2443 2442
f 2469 2442 2468
f 2470 2444 2443
f 2470 2443 2469
f 2471 2445 2444
f 2471 2444 2470
f 2472 2446 2447
f 2472 2447 2473
f 2474 2448 2446
f 2474 2446 2472
f 2475 2449 2448
f 2475 2448 2474
f 2476 2450 2449
f 2476 2449 2475
f 2477 2451 2450
f 2477 2450 2476
f 2478 2452 2451
f 2478 2451 2477
f 2479 2453 2452
f 2479 2452 2478
f 2480 2454 2453
f 2480 2453 2479
f 2481 2455 2454
f 2481 2454 2480
f 2482 2456 2455
f 2482 2455 2481
f 2483 2457 2456
f 2483 2456 2482
f 2484 2458 2457
f 2484 2457 2483
f 2485 2459 2458
f 2485 2458 2484
f 2486 2460 2459
f 2486 2459 2485
f 2487 2461 2460
f 2487 2460 2486
f 2488 2462 2461
f 2488 2461 2487
f 2489 2463 2462
f 2489 2462 2488
f 2490 2464 2463
f 2490 2463 2489
f 2491 2465 2464
f 2491 2464 2490
f 2492 2466 2465
f 2492 2465 2491
f 2493 2467 2466
f 2493 2466 2492
f 2494 2468 2467
f 2494 2467 2493
f 2495 2469 2468
f 2495 2468 2494
f 2496 2470 2469
f 2496 2469 2495
f 1014 2471 2470
f 1014 2470 2496
f 2497 656 657
f 2497 657 2498
f 2499 2497 2498
f 2499 2498 2500
f 2501 2499 2500
f 2501 2500 2502
f 2503 2501 2502
f 2503 2502 2504
f 2505 2503 2504
f 2505 2504 2506
f 2507 2505 2506
f 2507 2506 2508
f 2509 2510 2497
f 2509 2497 2499
f 2511 2509 2499
f 2511 2499 2501
f 2512 2511 2501
f 2512 2501 2503
f 2513 2512 2503
f 2513 2503 2505
f 2514 2513 2505
f 2514 2505 2507
f 2515 2516 2510
f 2515 2510 2509
f 2517 2515 2509
f 2517 2509 2511
f 2518 2517 2511
f 2518 2511 2512
f 2519 2518 2512
f 2519 2512 2513
f 2520 2519 2513
f 2520 2513 2514
f 2521 2522 2516
f 2521 2516 2515
f 2523 2521 2515
f 2523 2515 2517
f 2524 2523 2517
f 2524 2517 2518
f 2525 2524 2518
f 2525 2518 2519
f 2526 2525 2519
f 2526 2519 2520
f 2527 2528 2522
f 2527 2522 2521
f 2529 2527 2521
f 2529 2521 2523
f 2530 2529 2523
f 2530 2523 2524
f 2531 2530 2524
f 2531 2524 2525
f 2532 2531 2525
f 2532 2525 2526
f 2533 2534 2528
f 2533 2528 2527
f 2535 2533 2527
f 2535 2527 2529
f 2536 2535 2529
f 2536 2529 2530
f 2537 2536 2530
f 2537 2530 2531
f 2538 2537 2531
f 2538 2531 2532
f 1359 1361 2539
f 1359 2539 2534
f 1355 1359 2534
f 1355 2534 2533
f 1351 1355 2533
f 1351 2533 2535
f 1346 1351 2535
f 1346 2535 2536
f 2540 2541 2542
f 2540 2542 2542
f 2507 2508 2543
f 2507 2543 2544
f 2542 2541 2545
f 2542 2545 2545
f 2546 2547 2542
f 2546 2542 2545
f 2548 2544 2547
f 2548 2547 2546
f 2545 2541 2549
f 2545 2549 2549
f 2550 2546 2545
f 2550 2545 2549
f 2551 2548 2546
f 2551 2546 2550
f 2549 2541 2552
f 2549 2552 2552
f 2553 2550 2549
f 2553 2549 2552
f 2554 2551 2550
f 2554 2550 2553
f 2552 2541 2555
f 2552 2555 2555
f 2556 2553 2552
f 2556 2552 2555
f 2557 2554 2553
f 2557 2553 2556
f 2555 2541 2558
f 2555 2558 2558
f 2559 2556 2555
f 2559 2555 2558
f 2560 2557 2556
f 2560 2556 2559
f 2558 2541 2561
f 2558 2561 2561
f 2562 2559 2558
f 2562 2558 2561
f 2563 2560 2559
f 2563 2559 2562
f 2561 2541 2564
f 2561 2564 2564
f 2565 2562 2561
f 2565 2561 2564
f 2566 2563 2562
f 2566 2562 2565
f 600 603 2563
f 600 2563 2566
f 2564 2541 2567
f 2564 2567 2567
f 2568 2565 2564
f 2568 2564 2567
f 2569 2566 2565
f 2569 2565 2568
f 2567 2541 2570
f 2567 2570 2570
f 2571 2568 2567
f 2571 2567 2570
f 2572 2569 2568
f 2572 2568 2571
f 2570 2541 2573
f 2570 2573 2573
f 2574 2571 2570
f 2574 2570 2573
f 2575 2572 2571
f 2575 2571 2574
f 2573 2541 2576
f 2573 2576 2576
f 2577 2574 2573
f 2577 2573 2576
f 2578 2575 2574
f 2578 2574 2577
f 2576 2541 2579
f 2576 2579 2579
f 2580 2577 2576
f 2580 2576 2579
f 2581 2578 2577
f 2581 2577 2580
f 2579 2541 2582
f 2579 2582 2582
f 2583 2498 657
f 2583 657 780
f 2584 2500 2498
f 2584 2498 2583
f 2585 2502 2500
f 2585 2500 2584
f 2586 2504 2502
f 2586 2502 2585
f 2587 2506 2504
f 2587 2504 2586
f 2588 2508 2506
f 2588 2506 2587
f 2589 2583 780
f 2589 780 789
f 2590 2584 2583
f 2590 2583 2589
f 2591 2585 2584
f 2591 2584 2590
f 2592 2586 2585
f 2592 2585 2591
f 2593 2587 2586
f 2593 2586 2592
f 2594 2588 2587
f 2594 2587 2593
f 2595 2589 789
f 2595 789 798
f 2596 2590 2589
f 2596 2589 2595
f 2597 2591 2590
f 2597 2590 2596
f 2598 2592 2591
f 2598 2591 2597
f 2599 2593 2592
f 2599 2592 2598
f 2600 2594 2593
f 2600 2593 2599
f 2601 2595 798
f 2601 798 2602
f 2603 2596 2595
f 2603 2595 2601
f 2604 2597 2596
f 2604 2596 2603
f 2605 2598 2597
f 2605 2597 2604
f 2606 2599 2598
f 2606 2598 2605
f 2607 2600 2599
f 2607 2599 2606
f 2608 2601 2602
f 2608 2602 2609
f 2610 2603 2601
f 2610 2601 2608
f 2611 2604 2603
f 2611 2603 2610
f 2612 2605 2604
f 2612 2604 2611
f 2613 2606 2605
f 2613 2605 2612
f 2614 2607 2606
f 2614 2606 2613
f 2615 2608 2609
f 2615 2609 2616
f 2617 2610 2608
f 2617 2608 2615
f 2618 2611 2610
f 2618 2610 2617
f 2619 2612 2611
f 2619 2611 2618
f 2620 2613 2612
f 2620 2612 2619
f 2621 2614 2613
f 2621 2613 2620
f 1549 2615 2616
f 1549 2616 90
f 1544 2617 2615
f 1544 2615 1549
f 1539 2618 2617
f 1539 2617 1544
f 1534 2619 2618
f 1534 2618 1539
f 1529 2620 2619
f 1529 2619 1534
f 605 2621 2620
f 605 2620 1529
f 2622 2541 2540
f 2622 2540 2540
f 2623 2622 2540
f 2623 2540 2624
f 2625 2623 2624
f 2625 2624 2543
f 2588 2625 2543
f 2588 2543 2508
f 2626 2541 2622
f 2626 2622 2622
f 2627 2626 2622
f 2627 2622 2623
f 2628 2627 2623
f 2628 2623 2625
f 2594 2628 2625
f 2594 2625 2588
f 2629 2541 2626
f 2629 2626 2626
f 2630 2629 2626
f 2630 2626 2627
f 2631 2630 2627
f 2631 2627 2628
f 2600 2631 2628
f 2600 2628 2594
f 2632 2541 2629
f 2632 2629 2629
f 2633 2632 2629
f 2633 2629 2630
f 2634 2633 2630
f 2634 2630 2631
f 2635 2541 2632
f 2635 2632 2632
f 2636 2635 2632
f 2636 2632 2633
f 2637 2636 2633
f 2637 2633 2634
f 2638 2541 2635
f 2638 2635 2635
f 2639 2638 2635
f 2639 2635 2636
f 2640 2639 2636
f 2640 2636 2637
f 2641 2541 2638
f 2641 2638 2638
f 2642 2641 2638
f 2642 2638 2639
f 2643 2642 2639
f 2643 2639 2640
f 2644 2541 2641
f 2644 2641 2641
f 2645 2644 2641
f 2645 2641 2642
f 2646 2645 2642
f 2646 2642 2643
f 2647 2541 2644
f 2647 2644 2644
f 2648 2647 2644
f 2648 2644 2645
f 2649 2648 2645
f 2649 2645 2646
f 2650 2541 2647
f 2650 2647 2647
f 2651 2650 2647
f 2651 2647 2648
f 2652 2651 2648
f 2652 2648 2649
f 2653 2541 2650
f 2653 2650 2650
f 2654 2653 2650
f 2654 2650 2651
f 2655 2654 2651
f 2655 2651 2652
f 1521 2655 2652
f 1521 2652 2656
f 2657 2541 2653
f 2657 2653 2653
f 2658 2657 2653
f 2658 2653 2654
f 2659 2658 2654
f 2659 2654 2655
f 1523 2659 2655
f 1523 2655 1521
f 2660 2541 2657
f 2660 2657 2657
f 2661 2660 2657
f 2661 2657 2658
f 2662 2661 2658
f 2662 2658 2659
f 2663 2662 2659
f 2663 2659 1523
f 2582 2541 2660
f 2582 2660 2660
f 2664 2582 2660
f 2664 2660 2661
f 2665 2664 2661
f 2665 2661 2662
f 2666 2667 2668
f 2666 2668 2668
f 2669 2670 2666
f 2669 2666 2668
f 2671 2672 2670
f 2671 2670 2669
f 2673 2674 2672
f 2673 2672 2671
f 2668 2667 2675
f 2668 2675 2675
f 2676 2669 2668
f 2676 2668 2675
f 2677 2671 2669
f 2677 2669 2676
f 2678 2673 2671
f 2678 2671 2677
f 2675 2667 2679
f 2675 2679 2679
f 2680 2676 2675
f 2680 2675 2679
f 51 2677 2676
f 51 2676 2680
f 50 2678 2677
f 50 2677 51
f 2679 2667 2681
f 2679 2681 2681
f 2682 2680 2679
f 2682 2679 2681
f 52 51 2680
f 52 2680 2682
f 2681 2667 2683
f 2681 2683 2683
f 2684 2682 2681
f 2684 2681 2683
f 54 52 2682
f 54 2682 2684
f 2683 2667 2685
f 2683 2685 2685
f 2686 2684 2683
f 2686 2683 2685
f 56 54 2684
f 56 2684 2686
f 2685 2667 2687
f 2685 2687 2687
f 2688 2686 2685
f 2688 2685 2687
f 2689 56 2686
f 2689 2686 2688
f 2687 2667 2690
f 2687 2690 2690
f 2691 2688 2687
f 2691 2687 2690
f 2692 2689 2688
f 2692 2688 2691
f 2690 2667 2693
f 2690 2693 2693
f 2694 2691 2690
f 2694 2690 2693
f 2695 2692 2691
f 2695 2691 2694
f 2696 575 2692
f 2696 2692 2695
f 2693 2667 2697
f 2693 2697 2697
f 2698 2694 2693
f 2698 2693 2697
f 2699 2695 2694
f 2699 2694 2698
f 2700 2696 2695
f 2700 2695 2699
f 2697 2667 2701
f 2697 2701 2701
f 2702 2698 2697
f 2702 2697 2701
f 2703 2699 2698
f 2703 2698 2702
f 2704 2700 2699
f 2704 2699 2703
f 2701 2667 2705
f 2701 2705 2705
f 2706 2702 2701
f 2706 2701 2705
f 2707 2703 2702
f 2707 2702 2706
f 2708 2704 2703
f 2708 2703 2707
f 2705 2667 2709
f 2705 2709 2709
f 2710 2706 2705
f 2710 2705 2709
f 2711 2707 2706
f 2711 2706 2710
f 2712 2708 2707
f 2712 2707 2711
f 2709 2667 2713
f 2709 2713 2713
f 2714 2710 2709
f 2714 2709 2713
f 2715 2711 2710
f 2715 2710 2714
f 2156 2712 2711
f 2156 2711 2715
f 2716 902 903
f 2716 903 2717
f 2718 2716 2717
f 2718 2717 2719
f 2720 2718 2719
f 2720 2719 2721
f 2722 2720 2721
f 2722 2721 2723
f 2724 2722 2723
f 2724 2723 2725
f 2673 2724 2725
f 2673 2725 2674
f 2726 913 902
f 2726 902 2716
f 2727 2726 2716
f 2727 2716 2718
f 2728 2727 2718
f 2728 2718 2720
f 2729 2728 2720
f 2729 2720 2722
f 2730 2729 2722
f 2730 2722 2724
f 2678 2730 2724
f 2678 2724 2673
f 2731 73 913
f 2731 913 2726
f 2732 2731 2726
f 2732 2726 2727
f 2733 2732 2727
f 2733 2727 2728
f 2734 2733 2728
f 2734 2728 2729
f 2735 2734 2729
f 2735 2729 2730
f 50 2735 2730
f 50 2730 2678
f 2736 70 73
f 2736 73 2731
f 2737 2736 2731
f 2737 2731 2732
f 2738 2737 2732
f 2738 2732 2733
f 2739 2738 2733
f 2739 2733 2734
f 2740 2739 2734
f 2740 2734 2735
f 49 2740 2735
f 49 2735 50
f 2741 74 70
f 2741 70 2736
f 2742 2741 2736
f 2742 2736 2737
f 2743 2742 2737
f 2743 2737 2738
f 2744 2743 2738
f 2744 2738 2739
f 2745 2744 2739
f 2745 2739 2740
f 53 2745 2740
f 53 2740 49
f 2746 76 74
f 2746 74 2741
f 2747 2746 2741
f 2747 2741 2742
f 2748 2747 2742
f 2748 2742 2743
f 2749 2748 2743
f 2749 2743 2744
f 2750 2749 2744
f 2750 2744 2745
f 55 2750 2745
f 55 2745 53
f 2196 78 76
f 2196 76 2746
f 2191 2196 2746
f 2191 2746 2747
f 2186 2191 2747
f 2186 2747 2748
f 2181 2186 2748
f 2181 2748 2749
f 2176 2181 2749
f 2176 2749 2750
f 579 2176 2750
f 579 2750 55
f 67 66 635
f 67 635 1004
f 64 985 976
f 64 976 68
f 68 976 967
f 68 967 2751
f 2751 638 69
f 2751 69 68
f 583 582 638
f 583 638 2751
f 2751 967 960
f 2751 960 583
f 583 960 79
f 583 79 78
f 575 579 2689
f 575 2689 2692
f 579 55 56
f 579 56 2689
f 575 2696 631
f 575 631 572
f 2696 2700 629
f 2696 629 631
f 2700 2704 627
f 2700 627 629
f 2704 2708 623
f 2704 623 627
f 2708 2712 624
f 2708 624 623
f 2168 2169 2752
f 2168 2752 2752
f 2170 2752 2753
f 2170 2753 2753
f 2752 2170 2168
f 2752 2168 2168
f 1556 2754 1845
f 1556 1845 1557
f 1604 2755 2754
f 1604 2754 1556
f 1628 2756 2755
f 1628 2755 1604
f 1652 2757 2756
f 1652 2756 1628
f 1676 2758 2757
f 1676 2757 1652
f 1497 2759 2758
f 1497 2758 1676
f 2760 612 2578
f 2760 2578 2581
f 612 611 2575
f 612 2575 2578
f 611 613 2572
f 611 2572 2575
f 613 614 2569
f 613 2569 2572
f 614 600 2566
f 614 2566 2569
f 603 1347 2537
f 603 2537 2538
f 1347 603 598
f 1347 598 1342
f 603 2538 2560
f 603 2560 2563
f 2538 2532 2557
f 2538 2557 2560
f 2532 2526 2554
f 2532 2554 2557
f 2526 2520 2551
f 2526 2551 2554
f 2520 2514 2548
f 2520 2548 2551
f 2514 2507 2544
f 2514 2544 2548
f 2607 2634 2631
f 2607 2631 2600
f 2614 2637 2634
f 2614 2634 2607
f 2621 2640 2637
f 2621 2637 2614
f 605 2643 2640
f 605 2640 2621
f 2761 2646 2643
f 2761 2643 605
f 604 607 2761
f 604 2761 2761
f 2761 607 608
f 2761 608 608
f 2761 608 39
f 2761 39 2762
f 2544 2543 2624
f 2544 2624 2547
f 2547 2624 2540
f 2547 2540 2542
f 2664 2580 2579
f 2664 2579 2582
f 2665 2581 2580
f 2665 2580 2664
f 600 614 615
f 600 615 596
f 2656 2652 2649
f 2656 2649 2762
f 2762 2649 2646
f 2762 2646 2761
f 856 594 838
f 856 838 846
f 594 856 1554
f 594 1554 591
f 856 855 2763
f 856 2763 1554
f 855 865 1553
f 855 1553 2763
f 584 1361 587
f 584 587 587
f 586 717 709
f 586 709 1361
f 586 588 621
f 586 621 726
f 1361 709 701
f 1361 701 2539
f 2539 701 692
f 2539 692 693
f 726 621 617
f 726 617 735
f 735 617 620
f 735 620 744
f 744 620 2764
f 744 2764 753
f 753 2764 2765
f 753 2765 762
f 2766 622 1338
f 2766 1338 1397
f 1447 2766 1397
f 1447 1397 1421
f 2767 1446 1445
f 2767 1445 1471
f 1520 2767 1471
f 1520 1471 1495
f 620 619 2768
f 620 2768 2764
f 874 883 2769
f 874 2769 1552
f 2765 2770 762
f 2765 762 762
f 771 2770 2771
f 771 2771 2771
f 1520 2771 2770
f 1520 2770 2770
f 1520 2770 2765
f 1520 2765 2765
f 771 1519 1698
f 771 1698 2772
f 2772 1698 1674
f 2772 1674 2773
f 1552 2769 2774
f 1552 2774 2775
f 2773 1674 1650
f 2773 1650 2776
f 1553 1552 2775
f 1553 2775 2777
f 2776 1650 1626
f 2776 1626 2778
f 2763 1553 2777
f 2763 2777 2779
f 1554 2763 2779
f 1554 2779 1551
f 2778 1626 1601
f 2778 1601 2780
f 2780 1601 1602
f 2780 1602 1551
f 2781 1061 1062
f 2781 1062 616
f 615 45 46
f 615 46 616
f 2782 1086 1061
f 2782 1061 2781
f 2783 1110 1086
f 2783 1086 2782
f 2784 1134 1110
f 2784 1110 2783
f 2785 1158 1134
f 2785 1134 2784
f 2786 1182 1158
f 2786 1158 2785
f 2786 2665 2662
f 2786 2662 2663
f 2786 2760 2581
f 2786 2581 2665
f 2786 2787 1963
f 2786 1963 1182
f 2787 2788 1939
f 2787 1939 1963
f 2788 31 34
f 2788 34 1939
f 38 37 2789
f 38 2789 1522
f 1523 1522 2790
f 1523 2790 2663
f 1522 2789 2791
f 1522 2791 2790
f 1497 1473 2792
f 1497 2792 2759
f 1473 1449 2793
f 1473 2793 2792
f 1449 1423 2794
f 1449 2794 2793
f 1423 1399 2795
f 1423 2795 2794
f 1399 1375 2796
f 1399 2796 2795
f 1375 1314 1315
f 1375 1315 2796
f 2797 2798 2799
f 2797 2799 2799
f 2800 1315 2797
f 2800 2797 2797
f 2800 2797 2799
f 2800 2799 2799
f 1966 2158 2801
f 1966 2801 2801
f 1978 2802 2801
f 1978 2801 2158
f 1364 1363 2803
f 1364 2803 2803
f 1184 2804 1363
f 1184 1363 1363
f 1363 2804 2803
f 1363 2803 2803
f 1016 2805 1184
f 1016 1184 1017
f 1064 2806 2805
f 1064 2805 1016
f 1088 2807 2806
f 1088 2806 1064
f 1112 2808 2807
f 1112 2807 1088
f 1136 2809 2808
f 1136 2808 1112
f 1160 2810 2809
f 1160 2809 1136
f 1160 1941 2811
f 1160 2811 2810
f 1941 1917 2812
f 1941 2812 2811
f 1917 1894 2813
f 1917 2813 2812
f 1894 1871 2814
f 1894 2814 2813
f 1871 1847 2815
f 1871 2815 2814
f 1847 1702 1701
f 1847 1701 2815
f 2816 1701 1967
f 2816 1967 1967
f 1373 2797 1372
f 1373 1372 1372
f 2797 1373 2798
f 2797 2798 2798
f 1372 1315 1289
f 1372 1289 1289
f 1315 1372 2797
f 1315 2797 2797
f 2817 28 30
f 2817 30 2818
f 885 2817 2818
f 885 2818 886
f 2819 26 28
f 2819 28 2817
f 905 2819 2817
f 905 2817 885
f 2820 24 26
f 2820 26 2819
f 915 2820 2819
f 915 2819 905
f 2821 22 24
f 2821 24 2820
f 923 2821 2820
f 923 2820 915
f 2822 20 22
f 2822 22 2821
f 931 2822 2821
f 931 2821 923
f 2823 18 20
f 2823 20 2822
f 939 2823 2822
f 939 2822 931
f 2824 16 18
f 2824 18 2823
f 947 2824 2823
f 947 2823 939
f 2825 14 16
f 2825 16 2824
f 955 2825 2824
f 955 2824 947
f 2826 12 14
f 2826 14 2825
f 962 2826 2825
f 962 2825 955
f 2827 10 12
f 2827 12 2826
f 969 2827 2826
f 969 2826 962
f 2828 8 10
f 2828 10 2827
f 978 2828 2827
f 978 2827 969
f 2829 6 8
f 2829 8 2828
f 987 2829 2828
f 987 2828 978
f 2830 4 6
f 2830 6 2829
f 996 2830 2829
f 996 2829 987
f 2831 1 4
f 2831 4 2830
f 1006 2831 2830
f 1006 2830 996
f 2832 2833 2834
f 2832 2834 2834
f 2834 2835 2832
f 2834 2832 2832
f 2832 2835 2810
f 2832 2810 2810
f 2836 2837 2810
f 2836 2810 2810
f 2836 2838 2837
f 2836 2837 2837
f 2837 2838 2839
f 2837 2839 2839
f 2840 2841 2759
f 2840 2759 2759
f 2841 2842 2843
f 2841 2843 2843
f 2840 2842 2841
f 2840 2841 2841
f 2844 2845 2846
f 2844 2846 2846
f 2846 2847 2844
f 2846 2844 2844
f 2844 2847 2759
f 2844 2759 2759
f 2848 2849 2850
f 2848 2850 2850
f 2850 2473 2851
f 2850 2851 2851
f 2850 2851 2848
f 2850 2848 2848
f 2852 2853 634
f 2852 634 634
f 1004 634 2853
f 1004 2853 2853
f 2853 2852 1014
f 2853 1014 1014
f 2854 2855 2856
f 2854 2856 2856
f 2855 2854 2857
f 2855 2857 2857
f 2855 2857 2132
f 2855 2132 2132
f 2858 2859 2786
f 2858 2786 2786
f 2760 2859 2858
f 2760 2858 2858
f 2858 48 2760
f 2858 2760 2760
f 2860 2861 81
f 2860 81 80
f 2862 2863 2861
f 2862 2861 2860
f 2864 2865 2863
f 2864 2863 2862
f 2866 2867 2865
f 2866 2865 2864
f 2868 2869 2867
f 2868 2867 2866
f 2870 2871 2869
f 2870 2869 2868
f 2872 2873 2871
f 2872 2871 2870
f 2874 2875 2873
f 2874 2873 2872
f 2876 2877 2875
f 2876 2875 2874
f 2878 2879 2877
f 2878 2877 2876
f 2880 2881 2879
f 2880 2879 2878
f 87 86 2881
f 87 2881 2880
f 2882 80 83
f 2882 83 2883
f 2884 2882 2883
f 2884 2883 2885
f 2886 2860 80
f 2886 80 2882
f 2887 2886 2882
f 2887 2882 2884
f 2888 2862 2860
f 2888 2860 2886
f 2889 2888 2886
f 2889 2886 2887
f 2890 2864 2862
f 2890 2862 2888
f 2891 2890 2888
f 2891 2888 2889
f 2892 2866 2864
f 2892 2864 2890
f 2893 2892 2890
f 2893 2890 2891
f 2894 2868 2866
f 2894 2866 2892
f 2895 2894 2892
f 2895 2892 2893
f 2896 2870 2868
f 2896 2868 2894
f 2897 2896 2894
f 2897 2894 2895
f 2898 2872 2870
f 2898 2870 2896
f 2899 2898 2896
f 2899 2896 2897
f 2900 2874 2872
f 2900 2872 2898
f 2901 2900 2898
f 2901 2898 2899
f 2902 2876 2874
f 2902 2874 2900
f 2903 2902 2900
f 2903 2900 2901
f 2904 2878 2876
f 2904 2876 2902
f 2905 2904 2902
f 2905 2902 2903
f 2906 2880 2878
f 2906 2878 2904
f 2907 2906 2904
f 2907 2904 2905
f 2908 87 2880
f 2908 2880 2906
f 2909 2908 2906
f 2909 2906 2907
f 2910 84 87
f 2910 87 2908
f 2911 2910 2908
f 2911 2908 2909
f 2912 2913 2914
f 2912 2914 2914
f 2912 2914 2915
f 2912 2915 2916
f 2916 2915 2917
f 2916 2917 2918
f 2918 2917 86
f 2918 86 85
f 2915 2919 2920
f 2915 2920 2917
f 2917 2920 2881
f 2917 2881 86
f 2921 2913 2922
f 2921 2922 2922
f 2920 2923 2879
f 2920 2879 2881
f 2922 2913 2924
f 2922 2924 2924
f 2922 2924 2925
f 2922 2925 2926
f 2923 2927 2877
f 2923 2877 2879
f 2924 2913 2928
f 2924 2928 2928
f 2928 2913 2929
f 2928 2929 2929
f 2928 2929 2930
f 2928 2930 2931
f 2931 2930 2932
f 2931 2932 2933
f 2933 2932 2873
f 2933 2873 2875
f 2929 2913 2934
f 2929 2934 2934
f 2929 2934 2935
f 2929 2935 2930
f 2935 2936 2937
f 2935 2937 2938
f 2938 2937 2869
f 2938 2869 2871
f 2939 2913 2940
f 2939 2940 2940
f 2939 2940 2941
f 2939 2941 2936
f 2936 2941 2942
f 2936 2942 2937
f 2937 2942 2867
f 2937 2867 2869
f 2941 2943 2944
f 2941 2944 2942
f 2945 2913 2946
f 2945 2946 2946
f 2944 2947 2863
f 2944 2863 2865
f 2946 2948 2949
f 2946 2949 2950
f 2948 2913 2951
f 2948 2951 2951
f 2949 2952 2953
f 2949 2953 2954
f 2954 2953 81
f 2954 81 2861
f 2951 2913 2955
f 2951 2955 2955
f 2951 2955 2956
f 2951 2956 2952
f 2952 2956 2957
f 2952 2957 2953
f 2953 2957 82
f 2953 82 81
f 2914 2913 2921
f 2914 2921 2921
f 2914 2921 2919
f 2914 2919 2915
f 2921 2922 2926
f 2921 2926 2919
f 2919 2926 2923
f 2919 2923 2920
f 2926 2925 2927
f 2926 2927 2923
f 2924 2928 2931
f 2924 2931 2925
f 2925 2931 2933
f 2925 2933 2927
f 2927 2933 2875
f 2927 2875 2877
f 2930 2935 2938
f 2930 2938 2932
f 2932 2938 2871
f 2932 2871 2873
f 2934 2913 2939
f 2934 2939 2939
f 2934 2939 2936
f 2934 2936 2935
f 2940 2913 2945
f 2940 2945 2945
f 2940 2945 2943
f 2940 2943 2941
f 2942 2944 2865
f 2942 2865 2867
f 2945 2946 2950
f 2945 2950 2943
f 2943 2950 2947
f 2943 2947 2944
f 2946 2913 2948
f 2946 2948 2948
f 2950 2949 2954
f 2950 2954 2947
f 2947 2954 2861
f 2947 2861 2863
f 2948 2951 2952
f 2948 2952 2949
f 2 2958 2959
f 2 2959 3
f 2958 2960 2961
f 2958 2961 2959
f 2960 2962 2963
f 2960 2963 2961
f 2962 2964 2965
f 2962 2965 2963
f 2964 2966 2967
f 2964 2967 2965
f 2966 2968 2969
f 2966 2969 2967
f 2968 2911 2909
f 2968 2909 2969
f 3 2959 2970
f 3 2970 5
f 2959 2961 2971
f 2959 2971 2970
f 2961 2963 2972
f 2961 2972 2971
f 2963 2965 2973
f 2963 2973 2972
f 2965 2967 2974
f 2965 2974 2973
f 2967 2969 2975
f 2967 2975 2974
f 2969 2909 2907
f 2969 2907 2975
f 5 2970 2976
f 5 2976 7
f 2970 2971 2977
f 2970 2977 2976
f 2971 2972 2978
f 2971 2978 2977
f 2972 2973 2979
f 2972 2979 2978
f 2973 2974 2980
f 2973 2980 2979
f 2974 2975 2981
f 2974 2981 2980
f 2975 2907 2905
f 2975 2905 2981
f 7 2976 2982
f 7 2982 9
f 2976 2977 2983
f 2976 2983 2982
f 2977 2978 2984
f 2977 2984 2983
f 2978 2979 2985
f 2978 2985 2984
f 2979 2980 2986
f 2979 2986 2985
f 2980 2981 2987
f 2980 2987 2986
f 2981 2905 2903
f 2981 2903 2987
f 9 2982 2988
f 9 2988 11
f 2982 2983 2989
f 2982 2989 2988
f 2983 2984 2990
f 2983 2990 2989
f 2984 2985 2991
f 2984 2991 2990
f 2985 2986 2992
f 2985 2992 2991
f 2986 2987 2993
f 2986 2993 2992
f 2987 2903 2901
f 2987 2901 2993
f 11 2988 2994
f 11 2994 13
f 2988 2989 2995
f 2988 2995 2994
f 2989 2990 2996
f 2989 2996 2995
f 2990 2991 2997
f 2990 2997 2996
f 2991 2992 2998
f 2991 2998 2997
f 2992 2993 2999
f 2992 2999 2998
f 2993 2901 2899
f 2993 2899 2999
f 13 2994 3000
f 13 3000 15
f 2994 2995 3001
f 2994 3001 3000
f 2995 2996 3002
f 2995 3002 3001
f 2996 2997 3003
f 2996 3003 3002
f 2997 2998 3004
f 2997 3004 3003
f 2998 2999 3005
f 2998 3005 3004
f 2999 2899 2897
f 2999 2897 3005
f 15 3000 3006
f 15 3006 17
f 3000 3001 3007
f 3000 3007 3006
f 3001 3002 3008
f 3001 3008 3007
f 3002 3003 3009
f 3002 3009 3008
f 3003 3004 3010
f 3003 3010 3009
f 3004 3005 3011
f 3004 3011 3010
f 3005 2897 2895
f 3005 2895 3011
f 17 3006 3012
f 17 3012 19
f 3006 3007 3013
f 3006 3013 3012
f 3007 3008 3014
f 3007 3014 3013
f 3008 3009 3015
f 3008 3015 3014
f 3009 3010 3016
f 3009 3016 3015
f 3010 3011 3017
f 3010 3017 3016
f 3011 2895 2893
f 3011 2893 3017
f 19 3012 3018
f 19 3018 21
f 3012 3013 3019
f 3012 3019 3018
f 3013 3014 3020
f 3013 3020 3019
f 3014 3015 3021
f 3014 3021 3020
f 3015 3016 3022
f 3015 3022 3021
f 3016 3017 3023
f 3016 3023 3022
f 3017 2893 2891
f 3017 2891 3023
f 21 3018 3024
f 21 3024 23
f 3018 3019 3025
f 3018 3025 3024
f 3019 3020 3026
f 3019 3026 3025
f 3020 3021 3027
f 3020 3027 3026
f 3021 3022 3028
f 3021 3028 3027
f 3022 3023 3029
f 3022 3029 3028
f 3023 2891 2889
f 3023 2889 3029
f 23 3024 3030
f 23 3030 25
f 3024 3025 3031
f 3024 3031 3030
f 3025 3026 3032
f 3025 3032 3031
f 3026 3027 3033
f 3026 3033 3032
f 3027 3028 3034
f 3027 3034 3033
f 3028 3029 3035
f 3028 3035 3034
f 3029 2889 2887
f 3029 2887 3035
f 25 3030 3036
f 25 3036 27
f 3030 3031 3037
f 3030 3037 3036
f 3031 3032 3038
f 3031 3038 3037
f 3032 3033 3039
f 3032 3039 3038
f 3033 3034 3040
f 3033 3040 3039
f 3034 3035 3041
f 3034 3041 3040
f 3035 2887 2884
f 3035 2884 3041
f 27 3036 3042
f 27 3042 29
f 3036 3037 3043
f 3036 3043 3042
f 3037 3038 3044
f 3037 3044 3043
f 3038 3039 3045
f 3038 3045 3044
f 3039 3040 3046
f 3039 3046 3045
f 3040 3041 3047
f 3040 3047 3046
f 3041 2884 2885
f 3041 2885 3047
f 3048 3049 3050
f 3048 3050 3051
f 3052 3053 3054
f 3052 3054 3055
f 3055 3054 3056
f 3055 3056 3057
f 3057 3056 3058
f 3057 3058 3059
f 3059 3058 3060
f 3059 3060 3061
f 3061 3060 3062
f 3061 3062 3063
f 3063 3062 3064
f 3063 3064 3065
f 3053 3066 3067
f 3053 3067 3054
f 3054 3067 3068
f 3054 3068 3056
f 3056 3068 3069
f 3056 3069 3058
f 3058 3069 3070
f 3058 3070 3060
f 3060 3070 3071
f 3060 3071 3062
f 3062 3071 3072
f 3062 3072 3064
f 3066 3073 3074
f 3066 3074 3067
f 3067 3074 3075
f 3067 3075 3068
f 3068 3075 3076
f 3068 3076 3069
f 3069 3076 3077
f 3069 3077 3070
f 3070 3077 3078
f 3070 3078 3071
f 3071 3078 3079
f 3071 3079 3072
f 3080 3081 3082
f 3080 3082 3073
f 3073 3082 3083
f 3073 3083 3074
f 3074 3083 3084
f 3074 3084 3075
f 3075 3084 3085
f 3075 3085 3076
f 3076 3085 3086
f 3076 3086 3077
f 3077 3086 3087
f 3077 3087 3078
f 3078 3087 3088
f 3078 3088 3079
f 3081 3089 3090
f 3081 3090 3082
f 3082 3090 3091
f 3082 3091 3083
f 3083 3091 3092
f 3083 3092 3084
f 3084 3092 3093
f 3084 3093 3085
f 3085 3093 3094
f 3085 3094 3086
f 3086 3094 3095
f 3086 3095 3087
f 3087 3095 3096
f 3087 3096 3088
f 3097 3098 3099
f 3097 3099 3100
f 3098 3101 3102
f 3098 3102 3099
f 3101 3103 3104
f 3101 3104 3102
f 3103 3105 3106
f 3103 3106 3104
f 3105 3107 3108
f 3105 3108 3106
f 3107 3109 3110
f 3107 3110 3108
f 3109 3111 3112
f 3109 3112 3110
f 3100 3099 3113
f 3100 3113 3114
f 3099 3102 3115
f 3099 3115 3113
f 3102 3104 3116
f 3102 3116 3115
f 3104 3106 3117
f 3104 3117 3116
f 3106 3108 3118
f 3106 3118 3117
f 3108 3110 3119
f 3108 3119 3118
f 3110 3112 3120
f 3110 3120 3119
f 3114 3113 3121
f 3114 3121 3122
f 3113 3115 3123
f 3113 3123 3121
f 3115 3116 3124
f 3115 3124 3123
f 3116 3117 3125
f 3116 3125 3124
f 3117 3118 3126
f 3117 3126 3125
f 3118 3119 3127
f 3118 3127 3126
f 3119 3120 3128
f 3119 3128 3127
f 3122 3121 3129
f 3122 3129 3130
f 3121 3123 3131
f 3121 3131 3129
f 3123 3124 3132
f 3123 3132 3131
f 3124 3125 3133
f 3124 3133 3132
f 3125 3126 3134
f 3125 3134 3133
f 3126 3127 3135
f 3126 3135 3134
f 3127 3128 3136
f 3127 3136 3135
f 3130 3129 3090
f 3130 3090 3089
f 3129 3131 3091
f 3129 3091 3090
f 3131 3132 3092
f 3131 3092 3091
f 3132 3133 3093
f 3132 3093 3092
f 3133 3134 3094
f 3133 3094 3093
f 3134 3135 3095
f 3134 3095 3094
f 3135 3136 3096
f 3135 3096 3095
f 3097 3137 3138
f 3097 3138 3098
f 3098 3138 3139
f 3098 3139 3101
f 3101 3139 3140
f 3101 3140 3103
f 3103 3140 3141
f 3103 3141 3105
f 3105 3141 3142
f 3105 3142 3107
f 3107 3142 3143
f 3107 3143 3109
f 3109 3143 3144
f 3109 3144 3111
f 3137 3145 3146
f 3137 3146 3138
f 3138 3146 3147
f 3138 3147 3139
f 3139 3147 3148
f 3139 3148 3140
f 3140 3148 3149
f 3140 3149 3141
f 3141 3149 3150
f 3141 3150 3142
f 3142 3150 3151
f 3142 3151 3143
f 3143 3151 3152
f 3143 3152 3144
f 3145 3153 3154
f 3145 3154 3146
f 3146 3154 3155
f 3146 3155 3147
f 3147 3155 3156
f 3147 3156 3148
f 3148 3156 3157
f 3148 3157 3149
f 3149 3157 3158
f 3149 3158 3150
f 3150 3158 3159
f 3150 3159 3151
f 3151 3159 3160
f 3151 3160 3152
f 3154 3161 3162
f 3154 3162 3155
f 3155 3162 3163
f 3155 3163 3156
f 3156 3163 3164
f 3156 3164 3157
f 3157 3164 3165
f 3157 3165 3158
f 3158 3165 3166
f 3158 3166 3159
f 3159 3166 3167
f 3159 3167 3160
f 3168 3169 3170
f 3168 3170 3161
f 3161 3170 3171
f 3161 3171 3162
f 3162 3171 3172
f 3162 3172 3163
f 3163 3172 3173
f 3163 3173 3164
f 3164 3173 3174
f 3164 3174 3165
f 3165 3174 3175
f 3165 3175 3166
f 3166 3175 3176
f 3166 3176 3167
f 3177 3178 3179
f 3177 3179 3179
f 3179 3180 3181
f 3179 3181 3177
f 3180 3182 3183
f 3180 3183 3181
f 3182 3184 3185
f 3182 3185 3183
f 3186 3178 3177
f 3186 3177 3177
f 3177 3181 3187
f 3177 3187 3186
f 3181 3183 3188
f 3181 3188 3187
f 3183 3185 3189
f 3183 3189 3188
f 3190 3178 3186
f 3190 3186 3186
f 3186 3187 3191
f 3186 3191 3190
f 3187 3188 3192
f 3187 3192 3191
f 3188 3189 3193
f 3188 3193 3192
f 3194 3178 3190
f 3194 3190 3190
f 3190 3191 3195
f 3190 3195 3194
f 3191 3192 3196
f 3191 3196 3195
f 3192 3193 3197
f 3192 3197 3196
f 3198 3178 3194
f 3198 3194 3194
f 3194 3195 3199
f 3194 3199 3198
f 3195 3196 3200
f 3195 3200 3199
f 3196 3197 3050
f 3196 3050 3200
f 3201 3178 3202
f 3201 3202 3202
f 3201 3202 3203
f 3201 3203 3204
f 3204 3203 3205
f 3204 3205 3206
f 3206 3205 3207
f 3206 3207 3208
f 3202 3178 3209
f 3202 3209 3209
f 3202 3209 3210
f 3202 3210 3203
f 3203 3210 3211
f 3203 3211 3205
f 3205 3211 3212
f 3205 3212 3207
f 3209 3178 3213
f 3209 3213 3213
f 3209 3213 3214
f 3209 3214 3210
f 3210 3214 3215
f 3210 3215 3211
f 3211 3215 3216
f 3211 3216 3212
f 3213 3178 3217
f 3213 3217 3217
f 3213 3217 3218
f 3213 3218 3214
f 3214 3218 3219
f 3214 3219 3215
f 3215 3219 3049
f 3215 3049 3216
f 3217 3178 3198
f 3217 3198 3198
f 3217 3198 3199
f 3217 3199 3218
f 3218 3199 3200
f 3218 3200 3219
f 3219 3200 3050
f 3219 3050 3049
f 3220 3178 3201
f 3220 3201 3201
f 3201 3204 3221
f 3201 3221 3220
f 3204 3206 3222
f 3204 3222 3221
f 3206 3208 3223
f 3206 3223 3222
f 3224 3178 3220
f 3224 3220 3220
f 3220 3221 3225
f 3220 3225 3224
f 3221 3222 3226
f 3221 3226 3225
f 3222 3223 3227
f 3222 3227 3226
f 3228 3178 3224
f 3228 3224 3224
f 3224 3225 3229
f 3224 3229 3228
f 3225 3226 3230
f 3225 3230 3229
f 3226 3227 3231
f 3226 3231 3230
f 3232 3178 3228
f 3232 3228 3228
f 3228 3229 3233
f 3228 3233 3232
f 3229 3230 3234
f 3229 3234 3233
f 3230 3231 3235
f 3230 3235 3234
f 3236 3178 3232
f 3236 3232 3232
f 3232 3233 3237
f 3232 3237 3236
f 3233 3234 3238
f 3233 3238 3237
f 3234 3235 3239
f 3234 3239 3238
f 3240 3241 3242
f 3240 3242 3243
f 3167 3176 3241
f 3167 3241 3240
f 3244 3240 3243
f 3244 3243 3245
f 3160 3167 3240
f 3160 3240 3244
f 3246 3244 3245
f 3246 3245 3247
f 3152 3160 3244
f 3152 3244 3246
f 3248 3246 3247
f 3248 3247 3249
f 3144 3152 3246
f 3144 3246 3248
f 3250 3248 3249
f 3250 3249 3251
f 3111 3144 3248
f 3111 3248 3250
f 3252 3253 3254
f 3252 3254 3255
f 3136 3252 3255
f 3136 3255 3096
f 3256 3257 3253
f 3256 3253 3252
f 3128 3256 3252
f 3128 3252 3136
f 3258 3259 3257
f 3258 3257 3256
f 3120 3258 3256
f 3120 3256 3128
f 3260 3261 3259
f 3260 3259 3258
f 3112 3260 3258
f 3112 3258 3120
f 3250 3251 3261
f 3250 3261 3260
f 3111 3250 3260
f 3111 3260 3112
f 3262 3255 3254
f 3262 3254 3263
f 3088 3096 3255
f 3088 3255 3262
f 3264 3262 3263
f 3264 3263 3265
f 3079 3088 3262
f 3079 3262 3264
f 3266 3264 3265
f 3266 3265 3267
f 3072 3079 3264
f 3072 3264 3266
f 3268 3266 3267
f 3268 3267 3269
f 3064 3072 3266
f 3064 3266 3268
f 3270 3268 3269
f 3270 3269 3271
f 3065 3064 3268
f 3065 3268 3270
f 3271 3269 3272
f 3271 3272 3273
f 3269 3267 3274
f 3269 3274 3272
f 3267 3265 3275
f 3267 3275 3274
f 3265 3263 3276
f 3265 3276 3275
f 3263 3254 3051
f 3263 3051 3276
f 3251 3277 3278
f 3251 3278 3261
f 3261 3278 3279
f 3261 3279 3259
f 3259 3279 3280
f 3259 3280 3257
f 3257 3280 3048
f 3257 3048 3253
f 3253 3048 3051
f 3253 3051 3254
f 3251 3249 3281
f 3251 3281 3277
f 3249 3247 3282
f 3249 3282 3281
f 3247 3245 3283
f 3247 3283 3282
f 3245 3243 3284
f 3245 3284 3283
f 3243 3242 3285
f 3243 3285 3284
f 3273 3272 3185
f 3273 3185 3184
f 3272 3274 3189
f 3272 3189 3185
f 3274 3275 3193
f 3274 3193 3189
f 3275 3276 3197
f 3275 3197 3193
f 3280 3216 3049
f 3280 3049 3048
f 3276 3051 3050
f 3276 3050 3197
f 3279 3212 3216
f 3279 3216 3280
f 3278 3207 3212
f 3278 3212 3279
f 3277 3208 3207
f 3277 3207 3278
f 3277 3281 3223
f 3277 3223 3208
f 3281 3282 3227
f 3281 3227 3223
f 3282 3283 3231
f 3282 3231 3227
f 3283 3284 3235
f 3283 3235 3231
f 3284 3285 3239
f 3284 3239 3235
f 3153 3168 3161
f 3153 3161 3154
f 3286 3287 2156
f 3286 2156 2156
f 3287 3286 625
f 3287 625 625
f 625 2712 3287
f 625 3287 3287
f 3288 1364 3289
f 3288 3289 3289
f 3290 3291 3288
f 3290 3288 3289
f 3292 3293 3291
f 3292 3291 3290
f 3294 3295 3293
f 3294 3293 3292
f 3296 2833 3295
f 3296 3295 3294
f 3297 1966 3298
f 3297 3298 3298
f 3299 3297 3298
f 3299 3298 3300
f 3301 3299 3300
f 3301 3300 3302
f 3303 3301 3302
f 3303 3302 3304
f 3298 1966 3305
f 3298 3305 3305
f 3305 1966 2802
f 3305 2802 2802
f 3306 3307 3298
f 3306 3298 3305
f 3308 3306 3305
f 3308 3305 2802
f 3309 3310 3307
f 3309 3307 3306
f 3311 3309 3306
f 3311 3306 3308
f 3312 3313 3310
f 3312 3310 3309
f 3314 3312 3309
f 3314 3309 3311
f 3315 3316 3317
f 3315 3317 3317
f 3318 3315 3317
f 3318 3317 3319
f 3320 3318 3319
f 3320 3319 3321
f 3291 3320 3321
f 3291 3321 3288
f 3322 3316 3315
f 3322 3315 3315
f 3323 3322 3315
f 3323 3315 3318
f 3324 3323 3318
f 3324 3318 3320
f 3293 3324 3320
f 3293 3320 3291
f 3325 3316 3322
f 3325 3322 3322
f 3326 3325 3322
f 3326 3322 3323
f 3327 3326 3323
f 3327 3323 3324
f 3295 3327 3324
f 3295 3324 3293
f 3328 3316 3325
f 3328 3325 3325
f 3329 3328 3325
f 3329 3325 3326
f 3330 3329 3326
f 3330 3326 3327
f 2833 3330 3327
f 2833 3327 3295
f 3331 3316 3328
f 3331 3328 3328
f 3332 3331 3328
f 3332 3328 3329
f 3333 3332 3329
f 3333 3329 3330
f 2810 3333 3330
f 2810 3330 2833
f 3334 3316 3331
f 3334 3331 3331
f 3335 3334 3331
f 3335 3331 3332
f 3336 3335 3332
f 3336 3332 3333
f 2839 3336 3333
f 2839 3333 2810
f 3337 3316 3334
f 3337 3334 3334
f 3338 3337 3334
f 3338 3334 3335
f 3339 3338 3335
f 3339 3335 3336
f 3304 3339 3336
f 3304 3336 2839
f 3340 3316 3337
f 3340 3337 3337
f 3341 3340 3337
f 3341 3337 3338
f 3342 3341 3338
f 3342 3338 3339
f 3302 3342 3339
f 3302 3339 3304
f 3343 3316 3340
f 3343 3340 3340
f 3344 3343 3340
f 3344 3340 3341
f 3345 3344 3341
f 3345 3341 3342
f 3300 3345 3342
f 3300 3342 3302
f 3346 3316 3343
f 3346 3343 3343
f 3347 3346 3343
f 3347 3343 3344
f 3348 3347 3344
f 3348 3344 3345
f 3298 3348 3345
f 3298 3345 3300
f 3349 3316 3346
f 3349 3346 3346
f 3350 3349 3346
f 3350 3346 3347
f 3351 3350 3347
f 3351 3347 3348
f 3307 3351 3348
f 3307 3348 3298
f 3352 3316 3349
f 3352 3349 3349
f 3353 3352 3349
f 3353 3349 3350
f 3354 3353 3350
f 3354 3350 3351
f 3310 3354 3351
f 3310 3351 3307
f 3355 3316 3352
f 3355 3352 3352
f 3356 3355 3352
f 3356 3352 3353
f 3357 3356 3353
f 3357 3353 3354
f 3313 3357 3354
f 3313 3354 3310
f 3358 3316 3355
f 3358 3355 3355
f 3359 3358 3355
f 3359 3355 3356
f 3360 3359 3356
f 3360 3356 3357
f 2856 3360 3357
f 2856 3357 3313
f 3361 3316 3358
f 3361 3358 3358
f 3362 3361 3358
f 3362 3358 3359
f 3363 3362 3359
f 3363 3359 3360
f 2132 3363 3360
f 2132 3360 2856
f 3289 1364 2804
f 3289 2804 2804
f 3364 3290 3289
f 3364 3289 2804
f 3365 3292 3290
f 3365 3290 3364
f 3366 3294 3292
f 3366 3292 3365
f 2834 3296 3294
f 2834 3294 3366
f 3367 3368 3301
f 3367 3301 3303
f 3368 3369 3299
f 3368 3299 3301
f 3369 2816 3297
f 3369 3297 3299
f 2816 1966 3297
f 2816 3297 3297
f 2838 3367 3303
f 2838 3303 3370
f 3370 3303 3304
f 3370 3304 2839
f 3371 2798 3372
f 3371 3372 3372
f 3373 3371 3372
f 3373 3372 3374
f 3375 3373 3374
f 3375 3374 3376
f 3377 3375 3376
f 3377 3376 3378
f 3379 3377 3378
f 3379 3378 2843
f 3380 2169 3381
f 3380 3381 3381
f 3382 3383 3380
f 3382 3380 3381
f 3384 3385 3383
f 3384 3383 3382
f 3386 3387 3385
f 3386 3385 3384
f 3388 2169 3380
f 3388 3380 3380
f 2753 2169 3388
f 2753 3388 3388
f 3389 3388 3380
f 3389 3380 3390
f 3391 2753 3388
f 3391 3388 3389
f 3392 3389 3390
f 3392 3390 3393
f 3394 3391 3389
f 3394 3389 3392
f 3395 3392 3393
f 3395 3393 3396
f 3397 3394 3392
f 3397 3392 3395
f 3398 3399 3400
f 3398 3400 3401
f 3402 3403 3399
f 3402 3399 3398
f 3404 3405 3403
f 3404 3403 3402
f 3406 3407 3405
f 3406 3405 3404
f 3408 3409 3407
f 3408 3407 3406
f 3410 3411 3409
f 3410 3409 3408
f 3412 3413 3411
f 3412 3411 3410
f 3414 3415 3413
f 3414 3413 3412
f 3374 3372 3415
f 3374 3415 3414
f 3416 3402 3398
f 3416 3398 3417
f 3418 3404 3402
f 3418 3402 3416
f 3419 3406 3404
f 3419 3404 3418
f 3420 3408 3406
f 3420 3406 3419
f 3421 3410 3408
f 3421 3408 3420
f 3422 3412 3410
f 3422 3410 3421
f 3423 3414 3412
f 3423 3412 3422
f 3376 3374 3414
f 3376 3414 3423
f 3424 3416 3417
f 3424 3417 3425
f 3426 3418 3416
f 3426 3416 3424
f 3427 3419 3418
f 3427 3418 3426
f 3428 3420 3419
f 3428 3419 3427
f 3429 3421 3420
f 3429 3420 3428
f 3430 3422 3421
f 3430 3421 3429
f 3431 3423 3422
f 3431 3422 3430
f 3378 3376 3423
f 3378 3423 3431
f 3432 3426 3424
f 3432 3424 3433
f 3434 3427 3426
f 3434 3426 3432
f 3435 3428 3427
f 3435 3427 3434
f 3436 3429 3428
f 3436 3428 3435
f 3437 3430 3429
f 3437 3429 3436
f 3438 3431 3430
f 3438 3430 3437
f 2843 3378 3431
f 2843 3431 3438
f 3439 3433 3440
f 3439 3440 3441
f 3442 3432 3433
f 3442 3433 3439
f 3443 3434 3432
f 3443 3432 3442
f 3444 3435 3434
f 3444 3434 3443
f 3445 3436 3435
f 3445 3435 3444
f 3446 3437 3436
f 3446 3436 3445
f 3447 3438 3437
f 3447 3437 3446
f 2759 2843 3438
f 2759 3438 3447
f 3448 3449 3450
f 3448 3450 3451
f 3452 3448 3451
f 3452 3451 3453
f 3454 3452 3453
f 3454 3453 3455
f 3456 3454 3455
f 3456 3455 3457
f 3458 3456 3457
f 3458 3457 3459
f 3460 3458 3459
f 3460 3459 3461
f 3462 3460 3461
f 3462 3461 3463
f 3383 3462 3463
f 3383 3463 3380
f 3464 3465 3449
f 3464 3449 3448
f 3466 3464 3448
f 3466 3448 3452
f 3467 3466 3452
f 3467 3452 3454
f 3468 3467 3454
f 3468 3454 3456
f 3469 3468 3456
f 3469 3456 3458
f 3470 3469 3458
f 3470 3458 3460
f 3471 3470 3460
f 3471 3460 3462
f 3385 3471 3462
f 3385 3462 3383
f 3472 3473 3465
f 3472 3465 3464
f 3474 3472 3464
f 3474 3464 3466
f 3475 3474 3466
f 3475 3466 3467
f 3476 3475 3467
f 3476 3467 3468
f 3477 3476 3468
f 3477 3468 3469
f 3478 3477 3469
f 3478 3469 3470
f 3479 3478 3470
f 3479 3470 3471
f 3387 3479 3471
f 3387 3471 3385
f 3480 3481 3473
f 3480 3473 3472
f 3482 3480 3472
f 3482 3472 3474
f 3483 3482 3474
f 3483 3474 3475
f 3484 3483 3475
f 3484 3475 3476
f 3485 3484 3476
f 3485 3476 3477
f 3486 3485 3477
f 3486 3477 3478
f 3487 3486 3478
f 3487 3478 3479
f 2845 3487 3479
f 2845 3479 3387
f 3439 3441 3481
f 3439 3481 3480
f 3442 3439 3480
f 3442 3480 3482
f 3443 3442 3482
f 3443 3482 3483
f 3444 3443 3483
f 3444 3483 3484
f 3445 3444 3484
f 3445 3484 3485
f 3446 3445 3485
f 3446 3485 3486
f 3447 3446 3486
f 3447 3486 3487
f 2759 3447 3487
f 2759 3487 2845
f 3488 3453 3451
f 3488 3451 3489
f 3490 3455 3453
f 3490 3453 3488
f 3491 3457 3455
f 3491 3455 3490
f 3492 3459 3457
f 3492 3457 3491
f 3493 3461 3459
f 3493 3459 3492
f 3494 3463 3461
f 3494 3461 3493
f 3390 3380 3463
f 3390 3463 3494
f 3495 3488 3489
f 3495 3489 3496
f 3497 3490 3488
f 3497 3488 3495
f 3498 3491 3490
f 3498 3490 3497
f 3499 3492 3491
f 3499 3491 3498
f 3500 3493 3492
f 3500 3492 3499
f 3501 3494 3493
f 3501 3493 3500
f 3393 3390 3494
f 3393 3494 3501
f 3502 3496 3503
f 3502 3503 3504
f 3505 3495 3496
f 3505 3496 3502
f 3506 3497 3495
f 3506 3495 3505
f 3507 3498 3497
f 3507 3497 3506
f 3508 3499 3498
f 3508 3498 3507
f 3509 3500 3499
f 3509 3499 3508
f 3510 3501 3500
f 3510 3500 3509
f 3396 3393 3501
f 3396 3501 3510
f 3511 3502 3504
f 3511 3504 3512
f 3513 3505 3502
f 3513 3502 3511
f 3514 3506 3505
f 3514 3505 3513
f 3515 3507 3506
f 3515 3506 3514
f 3516 3508 3507
f 3516 3507 3515
f 3517 3509 3508
f 3517 3508 3516
f 3518 3510 3509
f 3518 3509 3517
f 2849 3396 3510
f 2849 3510 3518
f 3519 3511 3512
f 3519 3512 3520
f 3521 3513 3511
f 3521 3511 3519
f 3522 3514 3513
f 3522 3513 3521
f 3523 3515 3514
f 3523 3514 3522
f 3524 3516 3515
f 3524 3515 3523
f 3525 3517 3516
f 3525 3516 3524
f 3526 3518 3517
f 3526 3517 3525
f 2473 2849 3518
f 2473 3518 3526
f 3381 2169 3527
f 3381 3527 3527
f 3528 3382 3381
f 3528 3381 3527
f 2846 3529 3386
f 2846 3386 3530
f 3529 2845 3387
f 3529 3387 3386
f 3530 3386 3384
f 3530 3384 3531
f 3531 3384 3382
f 3531 3382 3528
f 2842 3532 3377
f 2842 3377 3379
f 3532 3533 3375
f 3532 3375 3377
f 3533 3534 3373
f 3533 3373 3375
f 3534 2800 3371
f 3534 3371 3373
f 2800 2798 3371
f 2800 3371 3371
f 3433 3424 3425
f 3433 3425 3440
f 883 2772 2774
f 883 2774 2774
f 2772 883 3535
f 2772 3535 3535
f 2791 3536 2663
f 2791 2663 2663
f 3537 3536 2786
f 3537 2786 2786
f 3537 2663 3536
f 3537 3536 3536
f 3538 3539 3540
f 3538 3540 3541
f 3542 3538 3541
f 3542 3541 3543
f 3544 3542 3543
f 3544 3543 3545
f 3546 3547 3548
f 3546 3548 3549
f 3550 3551 3547
f 3550 3547 3546
f 3552 3553 3554
f 3552 3554 3555
f 3556 3549 3548
f 3556 3548 3557
f 3558 3556 3557
f 3558 3557 3559
f 3560 3558 3559
f 3560 3559 3561
f 3562 3561 3563
f 3562 3563 3564
f 3565 3560 3561
f 3565 3561 3562
f 3566 3565 3562
f 3566 3562 3567
f 3568 3395 3396
f 3568 3396 2849
f 2848 3397 3395
f 2848 3395 3568
f 1845 3527 3569
f 1845 3569 3569
f 3569 3570 1845
f 3569 1845 1845
f 3569 2169 3570
f 3569 3570 3570
f 1845 3570 1974
f 1845 1974 1821
f 3570 2169 1975
f 3570 1975 1974
f 1966 3571 1967
f 1966 1967 1967
f 1967 3571 2816
f 1967 2816 2816
f 2854 3572 3312
f 2854 3312 3314
f 3572 2856 3313
f 3572 3313 3312
f 1520 2765 3573
f 1520 3573 3573
f 2764 2768 3573
f 2764 3573 2765
f 3535 3574 2772
f 3535 2772 2772
f 3535 771 3574
f 3535 3574 3574
f 1347 1346 2536
f 1347 2536 2537
f 612 2760 47
f 612 47 42
f 2762 39 35
f 2762 35 2656
f 2656 35 38
f 2656 38 1521
f 3539 3401 3575
f 3539 3575 3540
f 3401 3400 3576
f 3401 3576 3575
f 3575 3576 3577
f 3575 3577 3168
f 3540 3575 3168
f 3540 3168 3153
f 3541 3540 3153
f 3541 3153 3578
f 3543 3541 3578
f 3543 3578 3137
f 3545 3543 3137
f 3545 3137 3097
f 3545 3097 3100
f 3545 3100 3553
f 3553 3100 3114
f 3553 3114 3554
f 3554 3114 3122
f 3554 3122 3551
f 3551 3122 3130
f 3551 3130 3547
f 3547 3130 3089
f 3547 3089 3548
f 3557 3548 3089
f 3557 3089 3081
f 3561 3559 3080
f 3561 3080 3563
f 3559 3557 3081
f 3559 3081 3080
f 3563 3080 3073
f 3563 3073 3066
f 3564 3563 3066
f 3564 3066 3053
f 3567 3562 3564
f 3567 3564 3579
f 3579 3564 3053
f 3579 3053 3052
f 3520 3512 3565
f 3520 3565 3566
f 3512 3504 3560
f 3512 3560 3565
f 3504 3503 3558
f 3504 3558 3560
f 3489 3451 3450
f 3489 3450 3580
f 3496 3489 3580
f 3496 3580 3503
f 3580 3450 3549
f 3580 3549 3556
f 3449 3546 3549
f 3449 3549 3450
f 3465 3550 3546
f 3465 3546 3449
f 3473 3555 3550
f 3473 3550 3465
f 3555 3554 3551
f 3555 3551 3550
f 3481 3552 3555
f 3481 3555 3473
f 3441 3544 3552
f 3441 3552 3481
f 3544 3545 3553
f 3544 3553 3552
f 3441 3440 3542
f 3441 3542 3544
f 3440 3425 3538
f 3440 3538 3542
f 3417 3398 3401
f 3417 3401 3539
f 3425 3417 3539
f 3425 3539 3538
f 3503 3580 3556
f 3503 3556 3558
f 2528 693 684
f 2528 684 2522
f 2522 684 675
f 2522 675 2516
f 2516 675 666
f 2516 666 2510
f 2510 666 656
f 2510 656 2497
f 2534 2539 693
f 2534 693 2528
f 594 90 830
f 594 830 838
f 90 2616 822
f 90 822 830
f 2616 2609 814
f 2616 814 822
f 2609 2602 806
f 2609 806 814
f 2602 798 797
f 2602 797 806
f 3581 40 1744
f 3581 1744 1869
f 32 3581 1869
f 32 1869 33
f 3582 2 1
f 3583 3582 1
f 3584 3582 3583
f 3585 3584 3583
f 3586 3584 3585
f 3587 3586 3585
f 3588 3586 3587
f 3589 3588 3587
f 3590 3588 3589
f 3591 3590 3589
f 3592 3590 3591
f 3593 3592 3591
f 3594 3592 3593
f 3595 3594 3593
f 3596 3594 3595
f 3597 3596 3595
f 3598 3596 3597
f 3599 3598 3597
f 3600 3598 3599
f 3601 3600 3599
f 3602 3600 3601
f 3603 3602 3601
f 3604 3602 3603
f 3605 3604 3603
f 3606 3604 3605
f 3607 3606 3605
f 29 3606 3607
f 30 29 3607
f 3610 3609 3608
f 3611 3610 3608
f 3614 3613 3612
f 3615 3614 3612
f 3613 3617 3616
f 3612 3613 3616
f 3620 3619 3618
f 3621 3620 3618
f 3621 3618 3622
f 3623 3621 3622
f 3625 3624 3619
f 3620 3625 3619
f 3628 3627 3626
f 3629 3628 3626
f 3629 3626 3630
f 3631 3629 3630
f 3631 3630 3632
f 3633 3631 3632
f 3636 3635 3634
f 3637 3636 3634
f 3640 3639 3638
f 3640 3640 3638
f 3643 3642 3641
f 3644 3643 3641
f 3642 3646 3645
f 3641 3642 3645
f 3649 3648 3647
f 3650 3649 3647
f 3648 3652 3651
f 3647 3648 3651
f 3652 3654 3653
f 3651 3652 3653
f 3654 3656 3655
f 3653 3654 3655
f 82 3658 3657
f 83 82 3657
f 3659 85 84
f 3660 3659 84
f 3663 3662 3661
f 3663 3663 3661
f 3666 3665 3664
f 3667 3666 3664
f 3670 3669 3668
f 3671 3670 3668
f 3671 3668 3672
f 3673 3671 3672
f 3673 3672 3674
f 3675 3673 3674
f 3675 3674 3676
f 3677 3675 3676
f 3678 3677 3676
f 3679 3678 3676
f 3680 3678 3679
f 3681 3680 3679
f 3682 3680 3681
f 3683 3682 3681
f 3684 3682 3683
f 3685 3684 3683
f 3686 3684 3685
f 3687 3686 3685
f 3688 3686 3687
f 3689 3688 3687
f 3690 3688 3689
f 3691 3690 3689
f 3692 3690 3691
f 3693 3692 3691
f 3694 3692 3693
f 3695 3694 3693
f 3696 3694 3695
f 3697 3696 3695
f 3698 3696 3697
f 3699 3698 3697
f 3700 3698 3699
f 3701 3700 3699
f 3702 3700 3701
f 3703 3702 3701
f 3704 3702 3703
f 3705 3704 3703
f 3704 3705 3706
f 3707 3704 3706
f 3707 3706 3708
f 3709 3707 3708
f 3709 3708 3710
f 3711 3709 3710
f 3711 3710 3712
f 3713 3711 3712
f 3713 3712 3714
f 3715 3713 3714
f 3715 3714 3716
f 3717 3715 3716
f 3717 3716 3718
f 3719 3717 3718
f 3719 3718 3720
f 3721 3719 3720
f 3721 3720 3722
f 3723 3721 3722
f 3723 3722 3669
f 3670 3723 3669
f 3674 3725 3724
f 3676 3674 3724
f 3672 3726 3725
f 3674 3672 3725
f 3668 3727 3726
f 3672 3668 3726
f 3669 3728 3727
f 3668 3669 3727
f 3722 3729 3728
f 3669 3722 3728
f 3720 3730 3729
f 3722 3720 3729
f 3718 3731 3730
f 3720 3718 3730
f 3716 3732 3731
f 3718 3716 3731
f 3714 3733 3732
f 3716 3714 3732
f 3712 3734 3733
f 3714 3712 3733
f 3710 3735 3734
f 3712 3710 3734
f 3708 3736 3735
f 3710 3708 3735
f 3706 3737 3736
f 3708 3706 3736
f 3705 3738 3737
f 3706 3705 3737
f 3679 3676 3724
f 3739 3679 3724
f 3681 3679 3739
f 3740 3681 3739
f 3683 3681 3740
f 3741 3683 3740
f 3685 3683 3741
f 3742 3685 3741
f 3687 3685 3742
f 3743 3687 3742
f 3689 3687 3743
f 3744 3689 3743
f 3691 3689 3744
f 3745 3691 3744
f 3693 3691 3745
f 3746 3693 3745
f 3695 3693 3746
f 3747 3695 3746
f 3697 3695 3747
f 3748 3697 3747
f 3699 3697 3748
f 3749 3699 3748
f 3701 3699 3749
f 3750 3701 3749
f 3703 3701 3750
f 3751 3703 3750
f 3705 3703 3751
f 3738 3705 3751
f 3738 3751 3752
f 3753 3738 3752
f 3753 3752 3754
f 3755 3753 3754
f 3755 3754 3756
f 3757 3755 3756
f 3751 3750 3758
f 3752 3751 3758
f 3752 3758 3759
f 3754 3752 3759
f 3754 3759 3760
f 3756 3754 3760
f 3750 3749 3761
f 3758 3750 3761
f 3758 3761 3762
f 3759 3758 3762
f 3759 3762 3763
f 3760 3759 3763
f 3749 3748 3764
f 3761 3749 3764
f 3761 3764 3765
f 3762 3761 3765
f 3762 3765 3766
f 3763 3762 3766
f 3748 3747 3767
f 3764 3748 3767
f 3764 3767 3768
f 3765 3764 3768
f 3765 3768 3769
f 3766 3765 3769
f 3747 3746 3770
f 3767 3747 3770
f 3767 3770 3771
f 3768 3767 3771
f 3768 3771 3772
f 3769 3768 3772
f 3746 3745 3773
f 3770 3746 3773
f 3770 3773 3774
f 3771 3770 3774
f 3771 3774 3775
f 3772 3771 3775
f 3745 3744 3776
f 3773 3745 3776
f 3773 3776 3777
f 3774 3773 3777
f 3774 3777 3778
f 3775 3774 3778
f 3744 3743 3779
f 3776 3744 3779
f 3776 3779 3780
f 3777 3776 3780
f 3777 3780 3781
f 3778 3777 3781
f 3743 3742 3782
f 3779 3743 3782
f 3779 3782 3783
f 3780 3779 3783
f 3780 3783 3784
f 3781 3780 3784
f 3742 3741 3785
f 3782 3742 3785
f 3782 3785 3786
f 3783 3782 3786
f 3783 3786 3787
f 3784 3783 3787
f 3741 3740 3788
f 3785 3741 3788
f 3785 3788 3789
f 3786 3785 3789
f 3786 3789 3790
f 3787 3786 3790
f 3740 3739 3791
f 3788 3740 3791
f 3788 3791 3792
f 3789 3788 3792
f 3789 3792 3793
f 3790 3789 3793
f 3739 3724 3794
f 3791 3739 3794
f 3791 3794 3795
f 3792 3791 3795
f 3792 3795 3796
f 3793 3792 3796
f 3738 3753 3797
f 3737 3738 3797
f 3753 3755 3798
f 3797 3753 3798
f 3755 3757 3799
f 3798 3755 3799
f 3737 3797 3800
f 3736 3737 3800
f 3797 3798 3801
f 3800 3797 3801
f 3798 3799 3802
f 3801 3798 3802
f 3736 3800 3803
f 3735 3736 3803
f 3800 3801 3804
f 3803 3800 3804
f 3801 3802 3805
f 3804 3801 3805
f 3735 3803 3806
f 3734 3735 3806
f 3803 3804 3807
f 3806 3803 3807
f 3804 3805 3808
f 3807 3804 3808
f 3734 3806 3809
f 3733 3734 3809
f 3806 3807 3810
f 3809 3806 3810
f 3807 3808 3811
f 3810 3807 3811
f 3733 3809 3812
f 3732 3733 3812
f 3809 3810 3813
f 3812 3809 3813
f 3810 3811 3814
f 3813 3810 3814
f 3732 3812 3815
f 3731 3732 3815
f 3812 3813 3816
f 3815 3812 3816
f 3813 3814 3817
f 3816 3813 3817
f 3731 3815 3818
f 3730 3731 3818
f 3815 3816 3819
f 3818 3815 3819
f 3816 3817 3820
f 3819 3816 3820
f 3730 3818 3821
f 3729 3730 3821
f 3818 3819 3822
f 3821 3818 3822
f 3819 3820 3823
f 3822 3819 3823
f 3729 3821 3824
f 3728 3729 3824
f 3821 3822 3825
f 3824 3821 3825
f 3822 3823 3826
f 3825 3822 3826
f 3728 3824 3827
f 3727 3728 3827
f 3824 3825 3828
f 3827 3824 3828
f 3825 3826 3829
f 3828 3825 3829
f 3727 3827 3830
f 3726 3727 3830
f 3827 3828 3831
f 3830 3827 3831
f 3828 3829 3832
f 3831 3828 3832
f 3726 3830 3833
f 3725 3726 3833
f 3830 3831 3834
f 3833 3830 3834
f 3831 3832 3835
f 3834 3831 3835
f 3725 3833 3794
f 3724 3725 3794
f 3833 3834 3795
f 3794 3833 3795
f 3834 3835 3796
f 3795 3834 3796
f 3838 3837 3836
f 3839 3838 3836
f 3840 3838 3839
f 3841 3840 3839
f 3842 3840 3841
f 3843 3842 3841
f 3844 3842 3843
f 3845 3844 3843
f 3846 3844 3845
f 3847 3846 3845
f 3848 3846 3847
f 3849 3848 3847
f 3850 3848 3849
f 3851 3850 3849
f 3835 3850 3851
f 3796 3835 3851
f 3853 3852 3837
f 3838 3853 3837
f 3854 3853 3838
f 3840 3854 3838
f 3855 3854 3840
f 3842 3855 3840
f 3856 3855 3842
f 3844 3856 3842
f 3857 3856 3844
f 3846 3857 3844
f 3858 3857 3846
f 3848 3858 3846
f 3859 3858 3848
f 3850 3859 3848
f 3832 3859 3850
f 3835 3832 3850
f 3861 3860 3852
f 3853 3861 3852
f 3862 3861 3853
f 3854 3862 3853
f 3863 3862 3854
f 3855 3863 3854
f 3864 3863 3855
f 3856 3864 3855
f 3865 3864 3856
f 3857 3865 3856
f 3866 3865 3857
f 3858 3866 3857
f 3867 3866 3858
f 3859 3867 3858
f 3829 3867 3859
f 3832 3829 3859
f 3869 3868 3860
f 3861 3869 3860
f 3870 3869 3861
f 3862 3870 3861
f 3871 3870 3862
f 3863 3871 3862
f 3872 3871 3863
f 3864 3872 3863
f 3873 3872 3864
f 3865 3873 3864
f 3874 3873 3865
f 3866 3874 3865
f 3875 3874 3866
f 3867 3875 3866
f 3826 3875 3867
f 3829 3826 3867
f 3877 3876 3868
f 3869 3877 3868
f 3878 3877 3869
f 3870 3878 3869
f 3879 3878 3870
f 3871 3879 3870
f 3880 3879 3871
f 3872 3880 3871
f 3881 3880 3872
f 3873 3881 3872
f 3882 3881 3873
f 3874 3882 3873
f 3883 3882 3874
f 3875 3883 3874
f 3823 3883 3875
f 3826 3823 3875
f 3885 3884 3876
f 3877 3885 3876
f 3886 3885 3877
f 3878 3886 3877
f 3887 3886 3878
f 3879 3887 3878
f 3888 3887 3879
f 3880 3888 3879
f 3889 3888 3880
f 3881 3889 3880
f 3890 3889 3881
f 3882 3890 3881
f 3891 3890 3882
f 3883 3891 3882
f 3820 3891 3883
f 3823 3820 3883
f 3893 3892 3884
f 3885 3893 3884
f 3894 3893 3885
f 3886 3894 3885
f 3895 3894 3886
f 3887 3895 3886
f 3896 3895 3887
f 3888 3896 3887
f 3897 3896 3888
f 3889 3897 3888
f 3898 3897 3889
f 3890 3898 3889
f 3899 3898 3890
f 3891 3899 3890
f 3817 3899 3891
f 3820 3817 3891
f 3901 3900 3892
f 3893 3901 3892
f 3902 3901 3893
f 3894 3902 3893
f 3903 3902 3894
f 3895 3903 3894
f 3904 3903 3895
f 3896 3904 3895
f 3905 3904 3896
f 3897 3905 3896
f 3906 3905 3897
f 3898 3906 3897
f 3907 3906 3898
f 3899 3907 3898
f 3814 3907 3899
f 3817 3814 3899
f 3909 3908 3900
f 3901 3909 3900
f 3910 3909 3901
f 3902 3910 3901
f 3911 3910 3902
f 3903 3911 3902
f 3912 3911 3903
f 3904 3912 3903
f 3913 3912 3904
f 3905 3913 3904
f 3914 3913 3905
f 3906 3914 3905
f 3915 3914 3906
f 3907 3915 3906
f 3811 3915 3907
f 3814 3811 3907
f 3917 3916 3908
f 3909 3917 3908
f 3918 3917 3909
f 3910 3918 3909
f 3919 3918 3910
f 3911 3919 3910
f 3920 3919 3911
f 3912 3920 3911
f 3921 3920 3912
f 3913 3921 3912
f 3922 3921 3913
f 3914 3922 3913
f 3923 3922 3914
f 3915 3923 3914
f 3808 3923 3915
f 3811 3808 3915
f 3925 3924 3916
f 3917 3925 3916
f 3926 3925 3917
f 3918 3926 3917
f 3927 3926 3918
f 3919 3927 3918
f 3928 3927 3919
f 3920 3928 3919
f 3929 3928 3920
f 3921 3929 3920
f 3930 3929 3921
f 3922 3930 3921
f 3931 3930 3922
f 3923 3931 3922
f 3805 3931 3923
f 3808 3805 3923
f 3933 3932 3924
f 3925 3933 3924
f 3934 3933 3925
f 3926 3934 3925
f 3935 3934 3926
f 3927 3935 3926
f 3936 3935 3927
f 3928 3936 3927
f 3937 3936 3928
f 3929 3937 3928
f 3938 3937 3929
f 3930 3938 3929
f 3939 3938 3930
f 3931 3939 3930
f 3802 3939 3931
f 3805 3802 3931
f 3941 3940 3932
f 3933 3941 3932
f 3942 3941 3933
f 3934 3942 3933
f 3943 3942 3934
f 3935 3943 3934
f 3944 3943 3935
f 3936 3944 3935
f 3945 3944 3936
f 3937 3945 3936
f 3946 3945 3937
f 3938 3946 3937
f 3947 3946 3938
f 3939 3947 3938
f 3799 3947 3939
f 3802 3799 3939
f 3949 3948 3940
f 3941 3949 3940
f 3950 3949 3941
f 3942 3950 3941
f 3951 3950 3942
f 3943 3951 3942
f 3952 3951 3943
f 3944 3952 3943
f 3953 3952 3944
f 3945 3953 3944
f 3954 3953 3945
f 3946 3954 3945
f 3955 3954 3946
f 3947 3955 3946
f 3757 3955 3947
f 3799 3757 3947
f 3956 3839 3836
f 3957 3956 3836
f 3958 3841 3839
f 3956 3958 3839
f 3959 3843 3841
f 3958 3959 3841
f 3960 3845 3843
f 3959 3960 3843
f 3961 3847 3845
f 3960 3961 3845
f 3962 3849 3847
f 3961 3962 3847
f 3963 3851 3849
f 3962 3963 3849
f 3793 3796 3851
f 3963 3793 3851
f 3964 3956 3957
f 3965 3964 3957
f 3966 3958 3956
f 3964 3966 3956
f 3967 3959 3958
f 3966 3967 3958
f 3968 3960 3959
f 3967 3968 3959
f 3969 3961 3960
f 3968 3969 3960
f 3970 3962 3961
f 3969 3970 3961
f 3971 3963 3962
f 3970 3971 3962
f 3790 3793 3963
f 3971 3790 3963
f 3972 3964 3965
f 3973 3972 3965
f 3974 3966 3964
f 3972 3974 3964
f 3975 3967 3966
f 3974 3975 3966
f 3976 3968 3967
f 3975 3976 3967
f 3977 3969 3968
f 3976 3977 3968
f 3978 3970 3969
f 3977 3978 3969
f 3979 3971 3970
f 3978 3979 3970
f 3787 3790 3971
f 3979 3787 3971
f 3980 3972 3973
f 3981 3980 3973
f 3982 3974 3972
f 3980 3982 3972
f 3983 3975 3974
f 3982 3983 3974
f 3984 3976 3975
f 3983 3984 3975
f 3985 3977 3976
f 3984 3985 3976
f 3986 3978 3977
f 3985 3986 3977
f 3987 3979 3978
f 3986 3987 3978
f 3784 3787 3979
f 3987 3784 3979
f 3988 3980 3981
f 3989 3988 3981
f 3990 3982 3980
f 3988 3990 3980
f 3991 3983 3982
f 3990 3991 3982
f 3992 3984 3983
f 3991 3992 3983
f 3993 3985 3984
f 3992 3993 3984
f 3994 3986 3985
f 3993 3994 3985
f 3995 3987 3986
f 3994 3995 3986
f 3781 3784 3987
f 3995 3781 3987
f 3996 3988 3989
f 3997 3996 3989
f 3998 3990 3988
f 3996 3998 3988
f 3999 3991 3990
f 3998 3999 3990
f 4000 3992 3991
f 3999 4000 3991
f 4001 3993 3992
f 4000 4001 3992
f 4002 3994 3993
f 4001 4002 3993
f 4003 3995 3994
f 4002 4003 3994
f 3778 3781 3995
f 4003 3778 3995
f 4004 3996 3997
f 4005 4004 3997
f 4006 3998 3996
f 4004 4006 3996
f 4007 3999 3998
f 4006 4007 3998
f 4008 4000 3999
f 4007 4008 3999
f 4009 4001 4000
f 4008 4009 4000
f 4010 4002 4001
f 4009 4010 4001
f 4011 4003 4002
f 4010 4011 4002
f 3775 3778 4003
f 4011 3775 4003
f 4012 4004 4005
f 4013 4012 4005
f 4014 4006 4004
f 4012 4014 4004
f 4015 4007 4006
f 4014 4015 4006
f 4016 4008 4007
f 4015 4016 4007
f 4017 4009 4008
f 4016 4017 4008
f 4018 4010 4009
f 4017 4018 4009
f 4019 4011 4010
f 4018 4019 4010
f 3772 3775 4011
f 4019 3772 4011
f 4020 4012 4013
f 4021 4020 4013
f 4022 4014 4012
f 4020 4022 4012
f 4023 4015 4014
f 4022 4023 4014
f 4024 4016 4015
f 4023 4024 4015
f 4025 4017 4016
f 4024 4025 4016
f 4026 4018 4017
f 4025 4026 4017
f 4027 4019 4018
f 4026 4027 4018
f 3769 3772 4019
f 4027 3769 4019
f 4028 4020 4021
f 4029 4028 4021
f 4030 4022 4020
f 4028 4030 4020
f 4031 4023 4022
f 4030 4031 4022
f 4032 4024 4023
f 4031 4032 4023
f 4033 4025 4024
f 4032 4033 4024
f 4034 4026 4025
f 4033 4034 4025
f 4035 4027 4026
f 4034 4035 4026
f 3766 3769 4027
f 4035 3766 4027
f 4036 4028 4029
f 4037 4036 4029
f 4038 4030 4028
f 4036 4038 4028
f 4039 4031 4030
f 4038 4039 4030
f 4040 4032 4031
f 4039 4040 4031
f 4041 4033 4032
f 4040 4041 4032
f 4042 4034 4033
f 4041 4042 4033
f 4043 4035 4034
f 4042 4043 4034
f 3763 3766 4035
f 4043 3763 4035
f 4044 4036 4037
f 4045 4044 4037
f 4046 4038 4036
f 4044 4046 4036
f 4047 4039 4038
f 4046 4047 4038
f 4048 4040 4039
f 4047 4048 4039
f 4049 4041 4040
f 4048 4049 4040
f 4050 4042 4041
f 4049 4050 4041
f 4051 4043 4042
f 4050 4051 4042
f 3760 3763 4043
f 4051 3760 4043
f 4052 4044 4045
f 4053 4052 4045
f 4054 4046 4044
f 4052 4054 4044
f 4055 4047 4046
f 4054 4055 4046
f 4056 4048 4047
f 4055 4056 4047
f 4057 4049 4048
f 4056 4057 4048
f 4058 4050 4049
f 4057 4058 4049
f 4059 4051 4050
f 4058 4059 4050
f 3756 3760 4051
f 4059 3756 4051
f 3949 4052 4053
f 3948 3949 4053
f 3950 4054 4052
f 3949 3950 4052
f 3951 4055 4054
f 3950 3951 4054
f 3952 4056 4055
f 3951 3952 4055
f 3953 4057 4056
f 3952 3953 4056
f 3954 4058 4057
f 3953 3954 4057
f 3955 4059 4058
f 3954 3955 4058
f 3757 3756 4059
f 3955 3757 4059
f 3704 4061 4060
f 3702 3704 4060
f 4064 4063 4062
f 4064 4064 4062
f 3702 4060 4065
f 3700 3702 4065
f 4060 4067 4066
f 4065 4060 4066
f 4067 4062 4068
f 4066 4067 4068
f 4062 4063 4068
f 4062 4062 4068
f 3700 4065 4069
f 3698 3700 4069
f 4065 4066 4070
f 4069 4065 4070
f 4066 4068 4071
f 4070 4066 4071
f 4068 4063 4071
f 4068 4068 4071
f 3698 4069 4072
f 3696 3698 4072
f 4069 4070 4073
f 4072 4069 4073
f 4070 4071 4074
f 4073 4070 4074
f 4071 4063 4074
f 4071 4071 4074
f 3696 4072 4075
f 3694 3696 4075
f 4072 4073 4076
f 4075 4072 4076
f 4073 4074 4077
f 4076 4073 4077
f 4074 4063 4077
f 4074 4074 4077
f 3694 4075 4078
f 3692 3694 4078
f 4075 4076 4079
f 4078 4075 4079
f 4076 4077 4080
f 4079 4076 4080
f 4077 4063 4080
f 4077 4077 4080
f 3692 4078 4081
f 3690 3692 4081
f 4078 4079 4082
f 4081 4078 4082
f 4079 4080 4083
f 4082 4079 4083
f 4080 4063 4083
f 4080 4080 4083
f 3690 4081 4084
f 3688 3690 4084
f 4081 4082 4085
f 4084 4081 4085
f 4082 4083 4086
f 4085 4082 4086
f 4083 4063 4086
f 4083 4083 4086
f 3688 4084 4087
f 3686 3688 4087
f 4084 4085 4088
f 4087 4084 4088
f 4085 4086 4089
f 4088 4085 4089
f 4086 4063 4089
f 4086 4086 4089
f 3686 4087 4090
f 3684 3686 4090
f 4087 4088 4091
f 4090 4087 4091
f 4088 4089 4092
f 4091 4088 4092
f 4089 4063 4092
f 4089 4089 4092
f 4090 4091 4093
f 4094 4090 4093
f 4091 4092 4095
f 4093 4091 4095
f 4092 4063 4095
f 4092 4092 4095
f 3682 4094 4096
f 3680 3682 4096
f 4094 4093 4097
f 4096 4094 4097
f 4093 4095 4098
f 4097 4093 4098
f 4095 4063 4098
f 4095 4095 4098
f 3680 4096 4099
f 3678 3680 4099
f 4096 4097 4100
f 4099 4096 4100
f 4097 4098 4101
f 4100 4097 4101
f 4098 4063 4101
f 4098 4098 4101
f 3678 4099 4102
f 3677 3678 4102
f 4101 4063 4103
f 4101 4101 4103
f 3704 3707 4104
f 4061 3704 4104
f 4061 4104 4105
f 4106 4061 4105
f 4106 4105 4107
f 4064 4106 4107
f 4107 4063 4064
f 4107 4107 4064
f 3707 3709 4108
f 4104 3707 4108
f 4104 4108 4109
f 4105 4104 4109
f 4105 4109 4110
f 4107 4105 4110
f 4110 4063 4107
f 4110 4110 4107
f 3709 3711 4111
f 4108 3709 4111
f 4108 4111 4112
f 4109 4108 4112
f 4109 4112 4113
f 4110 4109 4113
f 4113 4063 4110
f 4113 4113 4110
f 3711 3713 4114
f 4111 3711 4114
f 4111 4114 4115
f 4112 4111 4115
f 4112 4115 4116
f 4113 4112 4116
f 4116 4063 4113
f 4116 4116 4113
f 3713 3715 4117
f 4114 3713 4117
f 4114 4117 4118
f 4115 4114 4118
f 4115 4118 4119
f 4116 4115 4119
f 4119 4063 4116
f 4119 4119 4116
f 3715 3717 4120
f 4117 3715 4120
f 4117 4120 4121
f 4118 4117 4121
f 4118 4121 4122
f 4119 4118 4122
f 4122 4063 4119
f 4122 4122 4119
f 3717 3719 4123
f 4120 3717 4123
f 4120 4123 4124
f 4121 4120 4124
f 4121 4124 4125
f 4122 4121 4125
f 4125 4063 4122
f 4125 4125 4122
f 3719 3721 4126
f 4123 3719 4126
f 4123 4126 4127
f 4124 4123 4127
f 4124 4127 4128
f 4125 4124 4128
f 4128 4063 4125
f 4128 4128 4125
f 3721 3723 4129
f 4126 3721 4129
f 4126 4129 4130
f 4127 4126 4130
f 4127 4130 4131
f 4128 4127 4131
f 4131 4063 4128
f 4131 4131 4128
f 3723 3670 4132
f 4129 3723 4132
f 4129 4132 4133
f 4130 4129 4133
f 4130 4133 4134
f 4131 4130 4134
f 4134 4063 4131
f 4134 4134 4131
f 3670 3671 4135
f 4132 3670 4135
f 4132 4135 4136
f 4133 4132 4136
f 4133 4136 4137
f 4134 4133 4137
f 4137 4063 4134
f 4137 4137 4134
f 3671 3673 4138
f 4135 3671 4138
f 4135 4138 4139
f 4136 4135 4139
f 4136 4139 4140
f 4137 4136 4140
f 4140 4063 4137
f 4140 4140 4137
f 3673 3675 4141
f 4138 3673 4141
f 4138 4141 4142
f 4139 4138 4142
f 4139 4142 4143
f 4140 4139 4143
f 4143 4063 4140
f 4143 4143 4140
f 3675 3677 4102
f 4141 3675 4102
f 4103 4063 4143
f 4103 4103 4143
f 4061 4106 4067
f 4060 4061 4067
f 4106 4064 4062
f 4067 4106 4062
f 4100 4101 4103
f 4144 4100 4103
f 4142 4144 4103
f 4143 4142 4103
f 4099 4100 4144
f 4102 4099 4144
f 4141 4102 4144
f 4142 4141 4144
f 3684 4090 4094
f 3682 3684 4094
f 4147 4146 4145
f 4147 4147 4145
f 4149 4145 4148
f 4149 4149 4148
f 4145 4149 4147
f 4145 4145 4147
f 4152 4151 4150
f 4152 4152 4150
f 4149 4148 4150
f 4149 4149 4150
f 4149 4150 4151
f 4149 4149 4151
f 4155 4154 4153
f 4155 4155 4153
f 4153 3638 4155
f 4153 4153 4155
f 4156 4155 3638
f 4156 4156 3638
f 3640 3655 3639
f 3640 3640 3639
f 3638 3639 4156
f 3638 3638 4156
f 4159 4158 4157
f 4159 4159 4157
f 4160 4157 4158
f 4160 4160 4158
f 4162 4158 4161
f 4162 4162 4161
f 4161 4163 4162
f 4161 4161 4162
f 4161 4158 4159
f 4161 4161 4159
f 4166 4165 4164
f 4166 4166 4164
f 4168 4164 4167
f 4168 4168 4167
f 4164 4168 4166
f 4164 4164 4166
f 4168 4167 3661
f 4168 4168 3661
f 4168 3661 3662
f 4168 4168 3662
f 4171 4170 4169
f 4171 4171 4169
f 4172 4169 4170
f 4172 4172 4170
f 4173 4171 4169
f 4173 4173 4169
f 4176 4175 4174
f 4176 4176 4174
f 4171 4173 4174
f 4171 4171 4174
f 4171 4174 4175
f 4171 4171 4175
f 4179 4178 4177
f 4179 4179 4177
f 4179 4177 4180
f 4179 4179 4180
f 4183 4182 4181
f 4183 4183 4181
f 4180 4181 4182
f 4180 4180 4182
f 3619 4185 4184
f 3618 3619 4184
f 3618 4184 4186
f 3622 3618 4186
f 3622 4186 4187
f 4188 3622 4187
f 4189 4188 4169
f 4172 4189 4169
f 4192 4191 4190
f 4193 4192 4190
f 4191 4195 4194
f 4190 4191 4194
f 4195 4163 4161
f 4194 4195 4161
f 4198 4197 4196
f 4199 4198 4196
f 4199 4196 4200
f 4201 4199 4200
f 4201 4200 4202
f 4203 4201 4202
f 4203 4202 4204
f 4205 4203 4204
f 4205 4204 4145
f 4146 4205 4145
f 4207 4206 3643
f 4208 4207 3643
f 4206 4209 3642
f 3643 4206 3642
f 4209 4210 3646
f 3642 4209 3646
f 4210 4212 4211
f 3646 4210 4211
f 4212 4154 4155
f 4211 4212 4155
f 3948 4053 4213
f 4214 3948 4213
f 4214 4213 4215
f 4216 4214 4215
f 4216 4215 4217
f 4218 4216 4217
f 4218 4217 4219
f 4220 4218 4219
f 4220 4219 4221
f 4222 4220 4221
f 4222 4221 4223
f 4224 4222 4223
f 4224 4223 4225
f 4226 4224 4225
f 4226 4225 4227
f 4228 4226 4227
f 4228 4227 4229
f 4230 4228 4229
f 4053 4045 4231
f 4213 4053 4231
f 4213 4231 4232
f 4215 4213 4232
f 4215 4232 4233
f 4217 4215 4233
f 4217 4233 4234
f 4219 4217 4234
f 4219 4234 4235
f 4221 4219 4235
f 4221 4235 4236
f 4223 4221 4236
f 4223 4236 4237
f 4225 4223 4237
f 4225 4237 4238
f 4227 4225 4238
f 4227 4238 4239
f 4229 4227 4239
f 4045 4037 4240
f 4231 4045 4240
f 4231 4240 4241
f 4232 4231 4241
f 4232 4241 4242
f 4233 4232 4242
f 4233 4242 4243
f 4234 4233 4243
f 4234 4243 4244
f 4235 4234 4244
f 4235 4244 4245
f 4236 4235 4245
f 4236 4245 4246
f 4237 4236 4246
f 4237 4246 4247
f 4238 4237 4247
f 4238 4247 4248
f 4239 4238 4248
f 4037 4029 4249
f 4240 4037 4249
f 4240 4249 4250
f 4241 4240 4250
f 4241 4250 4251
f 4242 4241 4251
f 4242 4251 4252
f 4243 4242 4252
f 4243 4252 4253
f 4244 4243 4253
f 4244 4253 4254
f 4245 4244 4254
f 4245 4254 4255
f 4246 4245 4255
f 4246 4255 4256
f 4247 4246 4256
f 4247 4256 4257
f 4248 4247 4257
f 4029 4021 4258
f 4249 4029 4258
f 4249 4258 4259
f 4250 4249 4259
f 4250 4259 4260
f 4251 4250 4260
f 4251 4260 4261
f 4252 4251 4261
f 4252 4261 4262
f 4253 4252 4262
f 4253 4262 4263
f 4254 4253 4263
f 4254 4263 4264
f 4255 4254 4264
f 4255 4264 4265
f 4256 4255 4265
f 4256 4265 4266
f 4257 4256 4266
f 4021 4013 4267
f 4258 4021 4267
f 4258 4267 4268
f 4259 4258 4268
f 4259 4268 4269
f 4260 4259 4269
f 4260 4269 4270
f 4261 4260 4270
f 4261 4270 4271
f 4262 4261 4271
f 4262 4271 4272
f 4263 4262 4272
f 4263 4272 4273
f 4264 4263 4273
f 4264 4273 4274
f 4265 4264 4274
f 4013 4005 4275
f 4267 4013 4275
f 4267 4275 4276
f 4268 4267 4276
f 4268 4276 4277
f 4269 4268 4277
f 4269 4277 4278
f 4270 4269 4278
f 4270 4278 4279
f 4271 4270 4279
f 4271 4279 4280
f 4272 4271 4280
f 4272 4280 4281
f 4273 4272 4281
f 4273 4281 4282
f 4274 4273 4282
f 4005 3997 4283
f 4275 4005 4283
f 4275 4283 4284
f 4276 4275 4284
f 4276 4284 4285
f 4277 4276 4285
f 4277 4285 4286
f 4278 4277 4286
f 4278 4286 4287
f 4279 4278 4287
f 4279 4287 4288
f 4280 4279 4288
f 4280 4288 4289
f 4281 4280 4289
f 4281 4289 4290
f 4282 4281 4290
f 3997 3989 4291
f 4283 3997 4291
f 4283 4291 4292
f 4284 4283 4292
f 4284 4292 4293
f 4285 4284 4293
f 4285 4293 4294
f 4286 4285 4294
f 4286 4294 4295
f 4287 4286 4295
f 4287 4295 4296
f 4288 4287 4296
f 4288 4296 4297
f 4289 4288 4297
f 4289 4297 4298
f 4290 4289 4298
f 4290 4298 4299
f 4159 4290 4299
f 3989 3981 4300
f 4291 3989 4300
f 4291 4300 4301
f 4292 4291 4301
f 4292 4301 4302
f 4293 4292 4302
f 4293 4302 4303
f 4294 4293 4303
f 4294 4303 4304
f 4295 4294 4304
f 4295 4304 4305
f 4296 4295 4305
f 4296 4305 4306
f 4297 4296 4306
f 4297 4306 4307
f 4298 4297 4307
f 4298 4307 4308
f 4299 4298 4308
f 3981 3973 4309
f 4300 3981 4309
f 4300 4309 4310
f 4301 4300 4310
f 4301 4310 4311
f 4302 4301 4311
f 4302 4311 4312
f 4303 4302 4312
f 4303 4312 4313
f 4304 4303 4313
f 4304 4313 4314
f 4305 4304 4314
f 4305 4314 4315
f 4306 4305 4315
f 4306 4315 4316
f 4307 4306 4316
f 4307 4316 4317
f 4308 4307 4317
f 3973 3965 4318
f 4309 3973 4318
f 4309 4318 4319
f 4310 4309 4319
f 4310 4319 4320
f 4311 4310 4320
f 4311 4320 4321
f 4312 4311 4321
f 4312 4321 4322
f 4313 4312 4322
f 4313 4322 4323
f 4314 4313 4323
f 4314 4323 4324
f 4315 4314 4324
f 4315 4324 4325
f 4316 4315 4325
f 4316 4325 4326
f 4317 4316 4326
f 3965 3957 4327
f 4318 3965 4327
f 4318 4327 4328
f 4319 4318 4328
f 4319 4328 4329
f 4320 4319 4329
f 4320 4329 4330
f 4321 4320 4330
f 4321 4330 4331
f 4322 4321 4331
f 4322 4331 4332
f 4323 4322 4332
f 4323 4332 4333
f 4324 4323 4333
f 4324 4333 4334
f 4325 4324 4334
f 4325 4334 4335
f 4326 4325 4335
f 3957 3836 4336
f 4327 3957 4336
f 4327 4336 4337
f 4328 4327 4337
f 4328 4337 4338
f 4329 4328 4338
f 4329 4338 4339
f 4330 4329 4339
f 4330 4339 4340
f 4331 4330 4340
f 4331 4340 4341
f 4332 4331 4341
f 4332 4341 4342
f 4333 4332 4342
f 4333 4342 4343
f 4334 4333 4343
f 4334 4343 4344
f 4335 4334 4344
f 3948 4214 4345
f 3940 3948 4345
f 4214 4216 4346
f 4345 4214 4346
f 4216 4218 4347
f 4346 4216 4347
f 4218 4220 4348
f 4347 4218 4348
f 4220 4222 4349
f 4348 4220 4349
f 4222 4224 4350
f 4349 4222 4350
f 4224 4226 4351
f 4350 4224 4351
f 4226 4228 4352
f 4351 4226 4352
f 4228 4230 4353
f 4352 4228 4353
f 3940 4345 4354
f 3932 3940 4354
f 4345 4346 4355
f 4354 4345 4355
f 4346 4347 4356
f 4355 4346 4356
f 4347 4348 4357
f 4356 4347 4357
f 4348 4349 4358
f 4357 4348 4358
f 4349 4350 4359
f 4358 4349 4359
f 4350 4351 4360
f 4359 4350 4360
f 4351 4352 4361
f 4360 4351 4361
f 4352 4353 4362
f 4361 4352 4362
f 3932 4354 4363
f 3924 3932 4363
f 4354 4355 4364
f 4363 4354 4364
f 4355 4356 4365
f 4364 4355 4365
f 4356 4357 4366
f 4365 4356 4366
f 4357 4358 4367
f 4366 4357 4367
f 4358 4359 4368
f 4367 4358 4368
f 4359 4360 4369
f 4368 4359 4369
f 4360 4361 4370
f 4369 4360 4370
f 4361 4362 4371
f 4370 4361 4371
f 3924 4363 4372
f 3916 3924 4372
f 4363 4364 4373
f 4372 4363 4373
f 4364 4365 4374
f 4373 4364 4374
f 4365 4366 4375
f 4374 4365 4375
f 4366 4367 4376
f 4375 4366 4376
f 4367 4368 4377
f 4376 4367 4377
f 4368 4369 4378
f 4377 4368 4378
f 4369 4370 4379
f 4378 4369 4379
f 3916 4372 4380
f 3908 3916 4380
f 4372 4373 4381
f 4380 4372 4381
f 4373 4374 4382
f 4381 4373 4382
f 4374 4375 4383
f 4382 4374 4383
f 4375 4376 4384
f 4383 4375 4384
f 4376 4377 4385
f 4384 4376 4385
f 4377 4378 4386
f 4385 4377 4386
f 4378 4379 4387
f 4386 4378 4387
f 3908 4380 4388
f 3900 3908 4388
f 4380 4381 4389
f 4388 4380 4389
f 4381 4382 4390
f 4389 4381 4390
f 4382 4383 4391
f 4390 4382 4391
f 4383 4384 4392
f 4391 4383 4392
f 4384 4385 4393
f 4392 4384 4393
f 4385 4386 4394
f 4393 4385 4394
f 4386 4387 4395
f 4394 4386 4395
f 3900 4388 4396
f 3892 3900 4396
f 4388 4389 4397
f 4396 4388 4397
f 4389 4390 4398
f 4397 4389 4398
f 4390 4391 4399
f 4398 4390 4399
f 4391 4392 4400
f 4399 4391 4400
f 4392 4393 4401
f 4400 4392 4401
f 4393 4394 4402
f 4401 4393 4402
f 4394 4395 4403
f 4402 4394 4403
f 3892 4396 4404
f 3884 3892 4404
f 4396 4397 4405
f 4404 4396 4405
f 4397 4398 4406
f 4405 4397 4406
f 4398 4399 4407
f 4406 4398 4407
f 4399 4400 4408
f 4407 4399 4408
f 4400 4401 4409
f 4408 4400 4409
f 4401 4402 4410
f 4409 4401 4410
f 4402 4403 4411
f 4410 4402 4411
f 3884 4404 4412
f 3876 3884 4412
f 4404 4405 4413
f 4412 4404 4413
f 4405 4406 4414
f 4413 4405 4414
f 4406 4407 4415
f 4414 4406 4415
f 4407 4408 4416
f 4415 4407 4416
f 4408 4409 4417
f 4416 4408 4417
f 4409 4410 4418
f 4417 4409 4418
f 4410 4411 4419
f 4418 4410 4419
f 3876 4412 4420
f 3868 3876 4420
f 4412 4413 4421
f 4420 4412 4421
f 4413 4414 4422
f 4421 4413 4422
f 4414 4415 4423
f 4422 4414 4423
f 4415 4416 4424
f 4423 4415 4424
f 4416 4417 4425
f 4424 4416 4425
f 4417 4418 4426
f 4425 4417 4426
f 4418 4419 4427
f 4426 4418 4427
f 4419 4429 4428
f 4427 4419 4428
f 3868 4420 4430
f 3860 3868 4430
f 4420 4421 4431
f 4430 4420 4431
f 4421 4422 4432
f 4431 4421 4432
f 4422 4423 4433
f 4432 4422 4433
f 4423 4424 4434
f 4433 4423 4434
f 4424 4425 4435
f 4434 4424 4435
f 4425 4426 4436
f 4435 4425 4436
f 4426 4427 4437
f 4436 4426 4437
f 4427 4428 4438
f 4437 4427 4438
f 3860 4430 4439
f 3852 3860 4439
f 4430 4431 4440
f 4439 4430 4440
f 4431 4432 4441
f 4440 4431 4441
f 4432 4433 4442
f 4441 4432 4442
f 4433 4434 4443
f 4442 4433 4443
f 4434 4435 4444
f 4443 4434 4444
f 4435 4436 4445
f 4444 4435 4445
f 4436 4437 4446
f 4445 4436 4446
f 4437 4438 4447
f 4446 4437 4447
f 3852 4439 4448
f 3837 3852 4448
f 4439 4440 4449
f 4448 4439 4449
f 4440 4441 4450
f 4449 4440 4450
f 4441 4442 4451
f 4450 4441 4451
f 4442 4443 4452
f 4451 4442 4452
f 4443 4444 4453
f 4452 4443 4453
f 4444 4445 4454
f 4453 4444 4454
f 4445 4446 4455
f 4454 4445 4455
f 4446 4447 4456
f 4455 4446 4456
f 3837 4448 4336
f 3836 3837 4336
f 4448 4449 4337
f 4336 4448 4337
f 4449 4450 4338
f 4337 4449 4338
f 4450 4451 4339
f 4338 4450 4339
f 4451 4452 4340
f 4339 4451 4340
f 4452 4453 4341
f 4340 4452 4341
f 4453 4454 4342
f 4341 4453 4342
f 4454 4455 4343
f 4342 4454 4343
f 4455 4456 4344
f 4343 4455 4344
f 886 4458 4457
f 887 886 4457
f 887 4457 4459
f 889 887 4459
f 889 4459 4460
f 891 889 4460
f 891 4460 4461
f 893 891 4461
f 893 4461 4462
f 895 893 4462
f 895 4462 4463
f 897 895 4463
f 897 4463 4464
f 899 897 4464
f 899 4464 4465
f 901 899 4465
f 901 4465 4466
f 903 901 4466
f 4458 4468 4467
f 4457 4458 4467
f 4457 4467 4469
f 4459 4457 4469
f 4459 4469 4470
f 4460 4459 4470
f 4460 4470 4471
f 4461 4460 4471
f 4461 4471 4472
f 4462 4461 4472
f 4462 4472 4473
f 4463 4462 4473
f 4463 4473 4474
f 4464 4463 4474
f 4464 4474 4475
f 4465 4464 4475
f 4465 4475 4476
f 4466 4465 4476
f 4468 4478 4477
f 4467 4468 4477
f 4467 4477 4479
f 4469 4467 4479
f 4469 4479 4480
f 4470 4469 4480
f 4470 4480 4481
f 4471 4470 4481
f 4471 4481 4482
f 4472 4471 4482
f 4472 4482 4483
f 4473 4472 4483
f 4473 4483 4484
f 4474 4473 4484
f 4474 4484 3649
f 4475 4474 3649
f 4475 3649 3650
f 4476 4475 3650
f 4478 4486 4485
f 4477 4478 4485
f 4477 4485 4487
f 4479 4477 4487
f 4479 4487 4488
f 4480 4479 4488
f 4480 4488 4489
f 4481 4480 4489
f 4481 4489 4490
f 4482 4481 4490
f 4482 4490 4491
f 4483 4482 4491
f 4483 4491 4492
f 4484 4483 4492
f 4484 4492 3648
f 3649 4484 3648
f 4486 4494 4493
f 4485 4486 4493
f 4485 4493 4495
f 4487 4485 4495
f 4487 4495 4496
f 4488 4487 4496
f 4488 4496 4497
f 4489 4488 4497
f 4489 4497 4498
f 4490 4489 4498
f 4490 4498 4499
f 4491 4490 4499
f 4491 4499 4500
f 4492 4491 4500
f 4492 4500 3652
f 3648 4492 3652
f 4494 4502 4501
f 4493 4494 4501
f 4493 4501 4503
f 4495 4493 4503
f 4495 4503 4504
f 4496 4495 4504
f 4496 4504 4505
f 4497 4496 4505
f 4497 4505 4506
f 4498 4497 4506
f 4498 4506 4507
f 4499 4498 4507
f 4499 4507 4508
f 4500 4499 4508
f 4500 4508 3654
f 3652 4500 3654
f 4502 4510 4509
f 4501 4502 4509
f 4501 4509 4511
f 4503 4501 4511
f 4503 4511 4512
f 4504 4503 4512
f 4504 4512 4513
f 4505 4504 4513
f 4505 4513 4514
f 4506 4505 4514
f 4506 4514 4515
f 4507 4506 4515
f 4507 4515 4516
f 4508 4507 4516
f 4508 4516 3656
f 3654 4508 3656
f 4510 4518 4517
f 4509 4510 4517
f 4509 4517 4519
f 4511 4509 4519
f 4511 4519 4520
f 4512 4511 4520
f 4512 4520 4521
f 4513 4512 4521
f 4513 4521 4522
f 4514 4513 4522
f 4514 4522 3636
f 4515 4514 3636
f 4515 3636 3637
f 4516 4515 3637
f 4516 3637 4523
f 3656 4516 4523
f 4518 4525 4524
f 4517 4518 4524
f 4517 4524 4526
f 4519 4517 4526
f 4519 4526 4527
f 4520 4519 4527
f 4520 4527 4528
f 4521 4520 4528
f 4521 4528 4529
f 4522 4521 4529
f 4522 4529 3635
f 3636 4522 3635
f 3637 3634 4530
f 4523 3637 4530
f 4525 4532 4531
f 4524 4525 4531
f 4524 4531 4533
f 4526 4524 4533
f 4526 4533 4534
f 4527 4526 4534
f 4527 4534 4535
f 4528 4527 4535
f 4528 4535 4536
f 4529 4528 4536
f 4529 4536 4537
f 3635 4529 4537
f 3635 4537 4538
f 3634 3635 4538
f 3634 4538 4539
f 4530 3634 4539
f 4532 4541 4540
f 4531 4532 4540
f 4531 4540 4542
f 4533 4531 4542
f 4533 4542 4543
f 4534 4533 4543
f 4534 4543 4544
f 4535 4534 4544
f 4535 4544 4545
f 4536 4535 4545
f 4536 4545 4546
f 4537 4536 4546
f 4537 4546 4547
f 4538 4537 4547
f 4538 4547 4548
f 4539 4538 4548
f 4541 4550 4549
f 4540 4541 4549
f 4540 4549 4551
f 4542 4540 4551
f 4542 4551 4552
f 4543 4542 4552
f 4543 4552 4553
f 4544 4543 4553
f 4544 4553 4554
f 4545 4544 4554
f 4545 4554 4555
f 4546 4545 4555
f 4546 4555 4556
f 4547 4546 4556
f 4547 4556 4557
f 4548 4547 4557
f 4548 4557 3644
f 3641 4548 3644
f 4550 4559 4558
f 4549 4550 4558
f 4549 4558 4560
f 4551 4549 4560
f 4551 4560 4561
f 4552 4551 4561
f 4552 4561 4562
f 4553 4552 4562
f 4553 4562 4563
f 4554 4553 4563
f 4554 4563 4564
f 4555 4554 4564
f 4555 4564 4565
f 4556 4555 4565
f 4556 4565 4566
f 4557 4556 4566
f 4557 4566 4567
f 3644 4557 4567
f 4559 1006 1005
f 4558 4559 1005
f 4558 1005 1007
f 4560 4558 1007
f 4560 1007 1008
f 4561 4560 1008
f 4561 1008 1009
f 4562 4561 1009
f 4562 1009 1010
f 4563 4562 1010
f 4563 1010 1011
f 4564 4563 1011
f 4564 1011 1012
f 4565 4564 1012
f 4565 1012 1013
f 4566 4565 1013
f 4566 1013 1014
f 4567 4566 1014
f 4570 4569 4568
f 4571 4570 4568
f 4571 4568 4572
f 4573 4571 4572
f 4573 4572 4574
f 4575 4573 4574
f 4575 4574 4576
f 4577 4575 4576
f 4577 4576 4578
f 4579 4577 4578
f 4579 4578 4580
f 4581 4579 4580
f 4581 4580 4582
f 4583 4581 4582
f 4583 4582 4584
f 4585 4583 4584
f 4585 4584 4586
f 4587 4585 4586
f 4587 4586 4588
f 4589 4587 4588
f 4589 4588 4590
f 4591 4589 4590
f 4591 4590 4592
f 4593 4591 4592
f 4593 4592 4594
f 4595 4593 4594
f 4595 4594 4596
f 4597 4595 4596
f 4597 4596 4598
f 4599 4597 4598
f 4599 4598 4600
f 4601 4599 4600
f 4601 4600 4602
f 4603 4601 4602
f 4603 4602 4604
f 4605 4603 4604
f 4605 4604 4606
f 4607 4605 4606
f 4607 4606 4608
f 4609 4607 4608
f 4609 4608 4610
f 4611 4609 4610
f 4611 4610 4612
f 4613 4611 4612
f 4613 4612 4614
f 4615 4613 4614
f 4569 4617 4616
f 4568 4569 4616
f 4568 4616 4618
f 4572 4568 4618
f 4572 4618 4619
f 4574 4572 4619
f 4574 4619 4620
f 4576 4574 4620
f 4576 4620 4621
f 4578 4576 4621
f 4578 4621 4622
f 4580 4578 4622
f 4580 4622 4623
f 4582 4580 4623
f 4582 4623 4624
f 4584 4582 4624
f 4584 4624 4625
f 4586 4584 4625
f 4586 4625 4626
f 4588 4586 4626
f 4588 4626 4627
f 4590 4588 4627
f 4590 4627 4628
f 4592 4590 4628
f 4592 4628 4629
f 4594 4592 4629
f 4594 4629 4630
f 4596 4594 4630
f 4596 4630 4631
f 4598 4596 4631
f 4598 4631 4632
f 4600 4598 4632
f 4600 4632 4633
f 4602 4600 4633
f 4602 4633 4634
f 4604 4602 4634
f 4604 4634 4635
f 4606 4604 4635
f 4606 4635 4636
f 4608 4606 4636
f 4608 4636 4637
f 4610 4608 4637
f 4610 4637 4638
f 4612 4610 4638
f 4612 4638 4639
f 4614 4612 4639
f 4617 4641 4640
f 4616 4617 4640
f 4616 4640 4642
f 4618 4616 4642
f 4618 4642 4643
f 4619 4618 4643
f 4619 4643 4644
f 4620 4619 4644
f 4620 4644 4645
f 4621 4620 4645
f 4621 4645 4646
f 4622 4621 4646
f 4622 4646 4647
f 4623 4622 4647
f 4623 4647 4648
f 4624 4623 4648
f 4624 4648 4649
f 4625 4624 4649
f 4625 4649 4650
f 4626 4625 4650
f 4626 4650 4651
f 4627 4626 4651
f 4627 4651 4652
f 4628 4627 4652
f 4628 4652 4653
f 4629 4628 4653
f 4629 4653 4654
f 4630 4629 4654
f 4630 4654 4655
f 4631 4630 4655
f 4631 4655 4656
f 4632 4631 4656
f 4632 4656 4657
f 4633 4632 4657
f 4633 4657 4658
f 4634 4633 4658
f 4634 4658 4659
f 4635 4634 4659
f 4635 4659 4660
f 4636 4635 4660
f 4636 4660 4661
f 4637 4636 4661
f 4637 4661 4662
f 4638 4637 4662
f 4638 4662 4663
f 4639 4638 4663
f 4641 4665 4664
f 4640 4641 4664
f 4640 4664 4666
f 4642 4640 4666
f 4642 4666 4667
f 4643 4642 4667
f 4643 4667 4668
f 4644 4643 4668
f 4644 4668 4669
f 4645 4644 4669
f 4645 4669 4670
f 4646 4645 4670
f 4646 4670 4671
f 4647 4646 4671
f 4647 4671 4672
f 4648 4647 4672
f 4648 4672 4673
f 4649 4648 4673
f 4649 4673 4674
f 4650 4649 4674
f 4650 4674 4675
f 4651 4650 4675
f 4651 4675 4676
f 4652 4651 4676
f 4652 4676 4677
f 4653 4652 4677
f 4653 4677 4678
f 4654 4653 4678
f 4654 4678 4679
f 4655 4654 4679
f 4655 4679 4680
f 4656 4655 4680
f 4656 4680 4681
f 4657 4656 4681
f 4657 4681 4682
f 4658 4657 4682
f 4658 4682 4683
f 4659 4658 4683
f 4659 4683 4684
f 4660 4659 4684
f 4660 4684 4685
f 4661 4660 4685
f 4661 4685 4686
f 4662 4661 4686
f 4662 4686 4687
f 4663 4662 4687
f 4665 4689 4688
f 4664 4665 4688
f 4664 4688 4690
f 4666 4664 4690
f 4666 4690 4691
f 4667 4666 4691
f 4667 4691 4692
f 4668 4667 4692
f 4668 4692 4693
f 4669 4668 4693
f 4669 4693 4694
f 4670 4669 4694
f 4670 4694 4695
f 4671 4670 4695
f 4671 4695 4696
f 4672 4671 4696
f 4672 4696 4697
f 4673 4672 4697
f 4673 4697 4698
f 4674 4673 4698
f 4674 4698 4699
f 4675 4674 4699
f 4675 4699 4700
f 4676 4675 4700
f 4676 4700 4701
f 4677 4676 4701
f 4677 4701 4702
f 4678 4677 4702
f 4678 4702 4703
f 4679 4678 4703
f 4679 4703 4704
f 4680 4679 4704
f 4680 4704 4705
f 4681 4680 4705
f 4681 4705 4706
f 4682 4681 4706
f 4682 4706 4707
f 4683 4682 4707
f 4683 4707 4708
f 4684 4683 4708
f 4684 4708 4709
f 4685 4684 4709
f 4685 4709 4710
f 4686 4685 4710
f 4686 4710 4711
f 4687 4686 4711
f 4689 4713 4712
f 4688 4689 4712
f 4688 4712 4714
f 4690 4688 4714
f 4690 4714 4715
f 4691 4690 4715
f 4691 4715 4716
f 4692 4691 4716
f 4692 4716 4717
f 4693 4692 4717
f 4693 4717 4718
f 4694 4693 4718
f 4694 4718 4719
f 4695 4694 4719
f 4695 4719 4720
f 4696 4695 4720
f 4696 4720 4721
f 4697 4696 4721
f 4697 4721 4722
f 4698 4697 4722
f 4698 4722 4723
f 4699 4698 4723
f 4699 4723 4724
f 4700 4699 4724
f 4700 4724 4725
f 4701 4700 4725
f 4701 4725 4726
f 4702 4701 4726
f 4702 4726 4727
f 4703 4702 4727
f 4703 4727 4728
f 4704 4703 4728
f 4704 4728 4729
f 4705 4704 4729
f 4705 4729 4730
f 4706 4705 4730
f 4706 4730 4731
f 4707 4706 4731
f 4707 4731 4732
f 4708 4707 4732
f 4708 4732 4733
f 4709 4708 4733
f 4709 4733 4734
f 4710 4709 4734
f 4710 4734 4735
f 4711 4710 4735
f 4737 4570 4736
f 4738 4737 4736
f 4570 4571 4739
f 4736 4570 4739
f 4571 4573 4740
f 4739 4571 4740
f 4573 4575 4741
f 4740 4573 4741
f 4575 4577 4742
f 4741 4575 4742
f 4577 4579 4743
f 4742 4577 4743
f 4579 4581 4744
f 4743 4579 4744
f 4581 4583 4745
f 4744 4581 4745
f 4583 4585 4746
f 4745 4583 4746
f 4585 4587 4747
f 4746 4585 4747
f 4587 4589 4748
f 4747 4587 4748
f 4589 4591 4749
f 4748 4589 4749
f 4591 4593 4750
f 4749 4591 4750
f 4593 4595 4751
f 4750 4593 4751
f 4595 4597 4752
f 4751 4595 4752
f 4597 4599 4753
f 4752 4597 4753
f 4599 4601 4754
f 4753 4599 4754
f 4601 4603 4755
f 4754 4601 4755
f 4603 4605 4756
f 4755 4603 4756
f 4605 4607 4757
f 4756 4605 4757
f 4607 4609 4758
f 4757 4607 4758
f 4609 4611 4759
f 4758 4609 4759
f 4611 4613 4760
f 4759 4611 4760
f 4613 4615 4761
f 4760 4613 4761
f 4615 4189 4762
f 4761 4615 4762
f 4738 4736 4763
f 4764 4738 4763
f 4736 4739 4765
f 4763 4736 4765
f 4739 4740 4766
f 4765 4739 4766
f 4740 4741 4767
f 4766 4740 4767
f 4741 4742 4768
f 4767 4741 4768
f 4742 4743 4769
f 4768 4742 4769
f 4743 4744 4770
f 4769 4743 4770
f 4744 4745 4771
f 4770 4744 4771
f 4745 4746 4772
f 4771 4745 4772
f 4746 4747 4773
f 4772 4746 4773
f 4747 4748 4774
f 4773 4747 4774
f 4748 4749 4775
f 4774 4748 4775
f 4749 4750 4776
f 4775 4749 4776
f 4750 4751 4777
f 4776 4750 4777
f 4751 4752 4778
f 4777 4751 4778
f 4752 4753 4779
f 4778 4752 4779
f 4753 4754 4780
f 4779 4753 4780
f 4754 4755 4781
f 4780 4754 4781
f 4755 4756 4782
f 4781 4755 4782
f 4756 4757 4783
f 4782 4756 4783
f 4757 4758 4784
f 4783 4757 4784
f 4758 4759 4785
f 4784 4758 4785
f 4759 4760 4786
f 4785 4759 4786
f 4760 4761 4787
f 4786 4760 4787
f 4761 4762 4788
f 4787 4761 4788
f 4764 4763 4789
f 4790 4764 4789
f 4763 4765 4791
f 4789 4763 4791
f 4765 4766 4792
f 4791 4765 4792
f 4766 4767 4793
f 4792 4766 4793
f 4767 4768 4794
f 4793 4767 4794
f 4768 4769 4795
f 4794 4768 4795
f 4769 4770 4796
f 4795 4769 4796
f 4770 4771 4797
f 4796 4770 4797
f 4771 4772 4798
f 4797 4771 4798
f 4772 4773 4799
f 4798 4772 4799
f 4773 4774 4800
f 4799 4773 4800
f 4774 4775 4801
f 4800 4774 4801
f 4775 4776 4802
f 4801 4775 4802
f 4776 4777 4803
f 4802 4776 4803
f 4777 4778 4804
f 4803 4777 4804
f 4778 4779 4805
f 4804 4778 4805
f 4779 4780 4806
f 4805 4779 4806
f 4780 4781 4807
f 4806 4780 4807
f 4781 4782 4808
f 4807 4781 4808
f 4782 4783 4809
f 4808 4782 4809
f 4783 4784 4810
f 4809 4783 4810
f 4784 4785 4811
f 4810 4784 4811
f 4785 4786 4812
f 4811 4785 4812
f 4786 4787 4813
f 4812 4786 4813
f 4787 4788 4814
f 4813 4787 4814
f 4790 4789 4815
f 4816 4790 4815
f 4789 4791 4817
f 4815 4789 4817
f 4791 4792 4818
f 4817 4791 4818
f 4792 4793 4819
f 4818 4792 4819
f 4793 4794 4820
f 4819 4793 4820
f 4794 4795 4821
f 4820 4794 4821
f 4795 4796 4822
f 4821 4795 4822
f 4796 4797 4823
f 4822 4796 4823
f 4797 4798 4824
f 4823 4797 4824
f 4798 4799 4825
f 4824 4798 4825
f 4799 4800 4826
f 4825 4799 4826
f 4800 4801 4827
f 4826 4800 4827
f 4801 4802 4828
f 4827 4801 4828
f 4802 4803 4829
f 4828 4802 4829
f 4803 4804 4830
f 4829 4803 4830
f 4804 4805 4831
f 4830 4804 4831
f 4805 4806 4832
f 4831 4805 4832
f 4806 4807 4833
f 4832 4806 4833
f 4807 4808 4834
f 4833 4807 4834
f 4808 4809 4835
f 4834 4808 4835
f 4809 4810 4836
f 4835 4809 4836
f 4810 4811 4837
f 4836 4810 4837
f 4811 4812 4838
f 4837 4811 4838
f 4812 4813 4839
f 4838 4812 4839
f 4813 4814 4840
f 4839 4813 4840
f 4816 4815 4841
f 4842 4816 4841
f 4815 4817 4843
f 4841 4815 4843
f 4817 4818 4844
f 4843 4817 4844
f 4818 4819 4845
f 4844 4818 4845
f 4819 4820 4846
f 4845 4819 4846
f 4820 4821 4847
f 4846 4820 4847
f 4821 4822 4848
f 4847 4821 4848
f 4822 4823 4849
f 4848 4822 4849
f 4823 4824 4850
f 4849 4823 4850
f 4824 4825 4851
f 4850 4824 4851
f 4825 4826 4852
f 4851 4825 4852
f 4826 4827 4853
f 4852 4826 4853
f 4827 4828 4854
f 4853 4827 4854
f 4828 4829 4855
f 4854 4828 4855
f 4829 4830 4856
f 4855 4829 4856
f 4830 4831 4857
f 4856 4830 4857
f 4831 4832 4858
f 4857 4831 4858
f 4832 4833 4859
f 4858 4832 4859
f 4833 4834 4860
f 4859 4833 4860
f 4834 4835 4861
f 4860 4834 4861
f 4835 4836 4862
f 4861 4835 4862
f 4836 4837 4863
f 4862 4836 4863
f 4837 4838 4864
f 4863 4837 4864
f 4838 4839 4865
f 4864 4838 4865
f 4839 4840 4866
f 4865 4839 4866
f 4842 4841 4867
f 4868 4842 4867
f 4841 4843 4869
f 4867 4841 4869
f 4843 4844 4870
f 4869 4843 4870
f 4844 4845 4871
f 4870 4844 4871
f 4845 4846 4872
f 4871 4845 4872
f 4846 4847 4873
f 4872 4846 4873
f 4847 4848 4874
f 4873 4847 4874
f 4848 4849 4875
f 4874 4848 4875
f 4849 4850 4876
f 4875 4849 4876
f 4850 4851 4877
f 4876 4850 4877
f 4851 4852 4878
f 4877 4851 4878
f 4852 4853 4879
f 4878 4852 4879
f 4853 4854 4880
f 4879 4853 4880
f 4854 4855 4881
f 4880 4854 4881
f 4855 4856 4882
f 4881 4855 4882
f 4856 4857 4883
f 4882 4856 4883
f 4857 4858 4884
f 4883 4857 4884
f 4858 4859 4885
f 4884 4858 4885
f 4859 4860 4886
f 4885 4859 4886
f 4860 4861 4887
f 4886 4860 4887
f 4861 4862 4888
f 4887 4861 4888
f 4862 4863 4889
f 4888 4862 4889
f 4863 4864 4890
f 4889 4863 4890
f 4864 4865 4891
f 4890 4864 4891
f 4865 4866 4195
f 4891 4865 4195
f 4189 4893 4892
f 4762 4189 4892
f 4893 4172 4894
f 4892 4893 4894
f 4172 4171 4895
f 4894 4172 4895
f 4762 4892 4896
f 4788 4762 4896
f 4892 4894 4897
f 4896 4892 4897
f 4894 4895 4898
f 4897 4894 4898
f 4895 4900 4899
f 4898 4895 4899
f 4788 4896 4901
f 4814 4788 4901
f 4896 4897 4902
f 4901 4896 4902
f 4897 4898 4903
f 4902 4897 4903
f 4898 4899 4904
f 4903 4898 4904
f 4814 4901 4905
f 4840 4814 4905
f 4901 4902 4906
f 4905 4901 4906
f 4902 4903 4907
f 4906 4902 4907
f 4903 4904 4908
f 4907 4903 4908
f 4840 4905 4909
f 4866 4840 4909
f 4905 4906 4910
f 4909 4905 4910
f 4906 4907 4911
f 4910 4906 4911
f 4907 4908 4912
f 4911 4907 4912
f 4866 4909 4913
f 4195 4866 4913
f 4909 4910 4163
f 4913 4909 4163
f 4910 4911 4158
f 4163 4910 4158
f 4911 4912 4914
f 4158 4911 4914
f 1364 4916 4915
f 1365 1364 4915
f 4916 4737 4738
f 4915 4916 4738
f 1365 4915 4917
f 1367 1365 4917
f 4915 4738 4764
f 4917 4915 4764
f 1367 4917 4918
f 1369 1367 4918
f 4917 4764 4790
f 4918 4917 4790
f 1369 4918 4919
f 1371 1369 4919
f 4918 4790 4816
f 4919 4918 4816
f 1371 4919 4920
f 1373 1371 4920
f 4919 4816 4842
f 4920 4919 4842
f 4867 4869 4921
f 4922 4867 4921
f 4869 4870 4923
f 4921 4869 4923
f 4870 4871 4924
f 4923 4870 4924
f 4871 4872 4925
f 4924 4871 4925
f 4872 4873 4926
f 4925 4872 4926
f 4873 4874 4927
f 4926 4873 4927
f 4874 4875 4928
f 4927 4874 4928
f 4875 4876 4929
f 4928 4875 4929
f 4876 4877 4930
f 4929 4876 4930
f 4877 4878 4931
f 4930 4877 4931
f 4878 4879 4932
f 4931 4878 4932
f 4879 4880 4933
f 4932 4879 4933
f 4880 4881 4934
f 4933 4880 4934
f 4881 4882 4935
f 4934 4881 4935
f 4882 4883 4936
f 4935 4882 4936
f 4883 4884 4937
f 4936 4883 4937
f 4884 4885 4938
f 4937 4884 4938
f 4885 4886 4939
f 4938 4885 4939
f 4886 4887 4940
f 4939 4886 4940
f 4887 4888 4941
f 4940 4887 4941
f 4888 4889 4942
f 4941 4888 4942
f 4889 4890 4943
f 4942 4889 4943
f 4890 4891 4944
f 4943 4890 4944
f 4922 4921 4945
f 4946 4922 4945
f 4921 4923 4947
f 4945 4921 4947
f 4923 4924 4948
f 4947 4923 4948
f 4924 4925 4949
f 4948 4924 4949
f 4925 4926 4950
f 4949 4925 4950
f 4926 4927 4951
f 4950 4926 4951
f 4927 4928 4952
f 4951 4927 4952
f 4928 4929 4953
f 4952 4928 4953
f 4929 4930 4954
f 4953 4929 4954
f 4930 4931 4955
f 4954 4930 4955
f 4931 4932 4956
f 4955 4931 4956
f 4932 4933 4957
f 4956 4932 4957
f 4933 4934 4958
f 4957 4933 4958
f 4934 4935 4959
f 4958 4934 4959
f 4935 4936 4960
f 4959 4935 4960
f 4936 4937 4961
f 4960 4936 4961
f 4937 4938 4962
f 4961 4937 4962
f 4938 4939 4963
f 4962 4938 4963
f 4939 4940 4964
f 4963 4939 4964
f 4940 4941 4965
f 4964 4940 4965
f 4941 4942 4966
f 4965 4941 4966
f 4942 4943 4967
f 4966 4942 4967
f 4943 4944 4968
f 4967 4943 4968
f 4946 4945 4969
f 4970 4946 4969
f 4945 4947 4971
f 4969 4945 4971
f 4947 4948 4972
f 4971 4947 4972
f 4948 4949 4973
f 4972 4948 4973
f 4949 4950 4974
f 4973 4949 4974
f 4950 4951 4975
f 4974 4950 4975
f 4951 4952 4976
f 4975 4951 4976
f 4952 4953 4977
f 4976 4952 4977
f 4953 4954 4978
f 4977 4953 4978
f 4954 4955 4979
f 4978 4954 4979
f 4955 4956 4980
f 4979 4955 4980
f 4956 4957 4981
f 4980 4956 4981
f 4957 4958 4982
f 4981 4957 4982
f 4958 4959 4983
f 4982 4958 4983
f 4959 4960 4984
f 4983 4959 4984
f 4960 4961 4985
f 4984 4960 4985
f 4961 4962 4986
f 4985 4961 4986
f 4962 4963 4987
f 4986 4962 4987
f 4963 4964 4988
f 4987 4963 4988
f 4964 4965 4989
f 4988 4964 4989
f 4965 4966 4990
f 4989 4965 4990
f 4966 4967 4991
f 4990 4966 4991
f 4967 4968 4992
f 4991 4967 4992
f 4968 4994 4993
f 4992 4968 4993
f 4970 4969 4995
f 4996 4970 4995
f 4969 4971 4997
f 4995 4969 4997
f 4971 4972 4998
f 4997 4971 4998
f 4972 4973 4999
f 4998 4972 4999
f 4973 4974 5000
f 4999 4973 5000
f 4974 4975 5001
f 5000 4974 5001
f 4975 4976 5002
f 5001 4975 5002
f 4976 4977 5003
f 5002 4976 5003
f 4977 4978 5004
f 5003 4977 5004
f 4978 4979 5005
f 5004 4978 5005
f 4979 4980 5006
f 5005 4979 5006
f 4980 4981 5007
f 5006 4980 5007
f 4981 4982 5008
f 5007 4981 5008
f 4982 4983 5009
f 5008 4982 5009
f 4983 4984 5010
f 5009 4983 5010
f 4984 4985 5011
f 5010 4984 5011
f 4985 4986 5012
f 5011 4985 5012
f 4986 4987 5013
f 5012 4986 5013
f 4987 4988 5014
f 5013 4987 5014
f 4988 4989 5015
f 5014 4988 5015
f 4989 4990 5016
f 5015 4989 5016
f 4990 4991 5017
f 5016 4990 5017
f 4991 4992 5018
f 5017 4991 5018
f 4996 4995 5019
f 5020 4996 5019
f 4995 4997 5021
f 5019 4995 5021
f 4997 4998 5022
f 5021 4997 5022
f 4998 4999 5023
f 5022 4998 5023
f 4999 5000 5024
f 5023 4999 5024
f 5000 5001 5025
f 5024 5000 5025
f 5001 5002 5026
f 5025 5001 5026
f 5002 5003 5027
f 5026 5002 5027
f 5003 5004 5028
f 5027 5003 5028
f 5004 5005 5029
f 5028 5004 5029
f 5005 5006 5030
f 5029 5005 5030
f 5006 5007 5031
f 5030 5006 5031
f 5007 5008 5032
f 5031 5007 5032
f 5008 5009 5033
f 5032 5008 5033
f 5009 5010 5034
f 5033 5009 5034
f 5010 5011 5035
f 5034 5010 5035
f 5011 5012 5036
f 5035 5011 5036
f 5012 5013 5037
f 5036 5012 5037
f 5013 5014 5038
f 5037 5013 5038
f 5014 5015 5039
f 5038 5014 5039
f 5015 5016 5040
f 5039 5015 5040
f 5016 5017 5041
f 5040 5016 5041
f 5017 5018 5042
f 5041 5017 5042
f 5020 5019 5043
f 5044 5020 5043
f 5019 5021 5045
f 5043 5019 5045
f 5021 5022 5046
f 5045 5021 5046
f 5022 5023 5047
f 5046 5022 5047
f 5023 5024 5048
f 5047 5023 5048
f 5024 5025 5049
f 5048 5024 5049
f 5025 5026 5050
f 5049 5025 5050
f 5026 5027 5051
f 5050 5026 5051
f 5027 5028 5052
f 5051 5027 5052
f 5028 5029 5053
f 5052 5028 5053
f 5029 5030 5054
f 5053 5029 5054
f 5030 5031 5055
f 5054 5030 5055
f 5031 5032 5056
f 5055 5031 5056
f 5032 5033 5057
f 5056 5032 5057
f 5033 5034 5058
f 5057 5033 5058
f 5034 5035 5059
f 5058 5034 5059
f 5035 5036 5060
f 5059 5035 5060
f 5036 5037 5061
f 5060 5036 5061
f 5037 5038 5062
f 5061 5037 5062
f 5038 5039 5063
f 5062 5038 5063
f 5039 5040 5064
f 5063 5039 5064
f 5040 5041 5065
f 5064 5040 5065
f 5041 5042 5066
f 5065 5041 5066
f 5042 5067 4344
f 5066 5042 4344
f 5069 3615 5068
f 5070 5069 5068
f 3617 4183 4181
f 3616 3617 4181
f 3617 5072 5071
f 5073 3617 5071
f 5073 5071 5074
f 4183 5073 5074
f 4183 5074 5075
f 4180 4183 5075
f 4180 5075 5076
f 4178 4180 5076
f 5072 5078 5077
f 5071 5072 5077
f 5071 5077 5079
f 5074 5071 5079
f 5074 5079 5080
f 5075 5074 5080
f 5075 5080 5081
f 5076 5075 5081
f 5078 5083 5082
f 5077 5078 5082
f 5077 5082 5084
f 5079 5077 5084
f 5079 5084 5085
f 5080 5079 5085
f 5080 5085 5086
f 5081 5080 5086
f 5083 5088 5087
f 5082 5083 5087
f 5082 5087 5089
f 5084 5082 5089
f 5084 5089 5090
f 5085 5084 5090
f 5085 5090 5091
f 5086 5085 5091
f 5088 5093 5092
f 5087 5088 5092
f 5087 5092 5094
f 5089 5087 5094
f 5089 5094 5095
f 5090 5089 5095
f 5090 5095 5096
f 5091 5090 5096
f 5093 5098 5097
f 5092 5093 5097
f 5092 5097 4165
f 5094 5092 4165
f 5094 4165 4168
f 5095 5094 4168
f 5095 4168 3663
f 5096 5095 3663
f 5099 4447 4438
f 5100 5099 4438
f 5098 5101 4164
f 4165 5098 4164
f 5104 5103 5102
f 5105 5104 5102
f 5105 5102 5106
f 5107 5105 5106
f 5107 5106 5108
f 5109 5107 5108
f 5109 5108 5110
f 5111 5109 5110
f 5111 5110 5112
f 5113 5111 5112
f 5113 5112 5114
f 5115 5113 5114
f 5115 5114 5116
f 5117 5115 5116
f 5117 5116 5118
f 5119 5117 5118
f 5119 5118 5120
f 5121 5119 5120
f 5121 5120 5122
f 5123 5121 5122
f 5123 5122 5124
f 5125 5123 5124
f 5125 5124 5126
f 5127 5125 5126
f 5127 5126 5128
f 5129 5127 5128
f 5129 5128 5130
f 5131 5129 5130
f 5131 5130 5132
f 5133 5131 5132
f 5133 5132 5134
f 5135 5133 5134
f 5135 5134 5136
f 5137 5135 5136
f 5137 5136 5138
f 5139 5137 5138
f 5139 5138 5140
f 5141 5139 5140
f 5141 5140 5142
f 5143 5141 5142
f 5143 5142 5144
f 5145 5143 5144
f 5145 5144 5146
f 5147 5145 5146
f 5147 5146 5148
f 5149 5147 5148
f 5103 5151 5150
f 5102 5103 5150
f 5102 5150 5152
f 5106 5102 5152
f 5106 5152 5153
f 5108 5106 5153
f 5108 5153 5154
f 5110 5108 5154
f 5110 5154 5155
f 5112 5110 5155
f 5112 5155 5156
f 5114 5112 5156
f 5114 5156 5157
f 5116 5114 5157
f 5116 5157 5158
f 5118 5116 5158
f 5118 5158 5159
f 5120 5118 5159
f 5120 5159 5160
f 5122 5120 5160
f 5122 5160 5161
f 5124 5122 5161
f 5124 5161 5162
f 5126 5124 5162
f 5126 5162 5163
f 5128 5126 5163
f 5128 5163 5164
f 5130 5128 5164
f 5130 5164 5165
f 5132 5130 5165
f 5132 5165 5166
f 5134 5132 5166
f 5134 5166 5167
f 5136 5134 5167
f 5136 5167 5168
f 5138 5136 5168
f 5138 5168 5169
f 5140 5138 5169
f 5140 5169 5170
f 5142 5140 5170
f 5142 5170 5171
f 5144 5142 5171
f 5144 5171 5172
f 5146 5144 5172
f 5146 5172 5173
f 5148 5146 5173
f 5151 5175 5174
f 5150 5151 5174
f 5150 5174 5176
f 5152 5150 5176
f 5152 5176 5177
f 5153 5152 5177
f 5153 5177 5178
f 5154 5153 5178
f 5154 5178 5179
f 5155 5154 5179
f 5155 5179 5180
f 5156 5155 5180
f 5156 5180 5181
f 5157 5156 5181
f 5157 5181 5182
f 5158 5157 5182
f 5158 5182 5183
f 5159 5158 5183
f 5159 5183 5184
f 5160 5159 5184
f 5160 5184 5185
f 5161 5160 5185
f 5161 5185 5186
f 5162 5161 5186
f 5162 5186 5187
f 5163 5162 5187
f 5163 5187 5188
f 5164 5163 5188
f 5164 5188 5189
f 5165 5164 5189
f 5165 5189 5190
f 5166 5165 5190
f 5166 5190 5191
f 5167 5166 5191
f 5167 5191 5192
f 5168 5167 5192
f 5168 5192 5193
f 5169 5168 5193
f 5169 5193 5194
f 5170 5169 5194
f 5170 5194 5195
f 5171 5170 5195
f 5171 5195 5196
f 5172 5171 5196
f 5172 5196 5197
f 5173 5172 5197
f 5175 5199 5198
f 5174 5175 5198
f 5174 5198 5200
f 5176 5174 5200
f 5176 5200 5201
f 5177 5176 5201
f 5177 5201 5202
f 5178 5177 5202
f 5178 5202 5203
f 5179 5178 5203
f 5179 5203 5204
f 5180 5179 5204
f 5180 5204 5205
f 5181 5180 5205
f 5181 5205 5206
f 5182 5181 5206
f 5182 5206 5207
f 5183 5182 5207
f 5183 5207 5208
f 5184 5183 5208
f 5184 5208 5209
f 5185 5184 5209
f 5185 5209 5210
f 5186 5185 5210
f 5186 5210 5211
f 5187 5186 5211
f 5187 5211 5212
f 5188 5187 5212
f 5188 5212 5213
f 5189 5188 5213
f 5189 5213 5214
f 5190 5189 5214
f 5190 5214 5215
f 5191 5190 5215
f 5191 5215 5216
f 5192 5191 5216
f 5192 5216 5217
f 5193 5192 5217
f 5193 5217 5218
f 5194 5193 5218
f 5194 5218 5219
f 5195 5194 5219
f 5195 5219 5220
f 5196 5195 5220
f 5196 5220 5221
f 5197 5196 5221
f 5199 5223 5222
f 5198 5199 5222
f 5198 5222 5224
f 5200 5198 5224
f 5200 5224 5225
f 5201 5200 5225
f 5201 5225 5226
f 5202 5201 5226
f 5202 5226 5227
f 5203 5202 5227
f 5203 5227 5228
f 5204 5203 5228
f 5204 5228 5229
f 5205 5204 5229
f 5205 5229 5230
f 5206 5205 5230
f 5206 5230 5231
f 5207 5206 5231
f 5207 5231 5232
f 5208 5207 5232
f 5208 5232 5233
f 5209 5208 5233
f 5209 5233 5234
f 5210 5209 5234
f 5210 5234 5235
f 5211 5210 5235
f 5211 5235 5236
f 5212 5211 5236
f 5212 5236 5237
f 5213 5212 5237
f 5213 5237 5238
f 5214 5213 5238
f 5214 5238 5239
f 5215 5214 5239
f 5215 5239 5240
f 5216 5215 5240
f 5216 5240 5241
f 5217 5216 5241
f 5217 5241 5242
f 5218 5217 5242
f 5218 5242 5243
f 5219 5218 5243
f 5219 5243 5244
f 5220 5219 5244
f 5220 5244 5245
f 5221 5220 5245
f 5223 5044 5043
f 5222 5223 5043
f 5222 5043 5045
f 5224 5222 5045
f 5224 5045 5046
f 5225 5224 5046
f 5225 5046 5047
f 5226 5225 5047
f 5226 5047 5048
f 5227 5226 5048
f 5227 5048 5049
f 5228 5227 5049
f 5228 5049 5050
f 5229 5228 5050
f 5229 5050 5051
f 5230 5229 5051
f 5230 5051 5052
f 5231 5230 5052
f 5231 5052 5053
f 5232 5231 5053
f 5232 5053 5054
f 5233 5232 5054
f 5233 5054 5055
f 5234 5233 5055
f 5234 5055 5056
f 5235 5234 5056
f 5235 5056 5057
f 5236 5235 5057
f 5236 5057 5058
f 5237 5236 5058
f 5237 5058 5059
f 5238 5237 5059
f 5238 5059 5060
f 5239 5238 5060
f 5239 5060 5061
f 5240 5239 5061
f 5240 5061 5062
f 5241 5240 5062
f 5241 5062 5063
f 5242 5241 5063
f 5242 5063 5064
f 5243 5242 5064
f 5243 5064 5065
f 5244 5243 5065
f 5244 5065 5066
f 5245 5244 5066
f 5248 5247 5246
f 5249 5248 5246
f 5249 5246 5250
f 5251 5249 5250
f 5251 5250 5252
f 5253 5251 5252
f 5253 5252 5254
f 5255 5253 5254
f 5255 5254 5256
f 5257 5255 5256
f 5257 5256 5258
f 5259 5257 5258
f 5259 5258 3665
f 3666 5259 3665
f 3667 3664 5260
f 5261 3667 5260
f 5261 5260 5262
f 5263 5261 5262
f 5263 5262 5264
f 5265 5263 5264
f 5265 5264 5266
f 5267 5265 5266
f 5267 5266 5268
f 5269 5267 5268
f 5269 5268 5270
f 5271 5269 5270
f 5271 5270 5272
f 5273 5271 5272
f 5273 5272 5274
f 5275 5273 5274
f 5275 5274 5276
f 5277 5275 5276
f 5277 5276 5278
f 5279 5277 5278
f 5279 5278 5280
f 5281 5279 5280
f 5281 5280 5282
f 5283 5281 5282
f 5283 5282 5284
f 5285 5283 5284
f 5285 5284 5286
f 5287 5285 5286
f 5287 5286 5288
f 5289 5287 5288
f 5289 5288 5290
f 5291 5289 5290
f 5291 5290 5072
f 3617 5291 5072
f 5247 5293 5292
f 5246 5247 5292
f 5246 5292 5294
f 5250 5246 5294
f 5250 5294 5295
f 5252 5250 5295
f 5252 5295 5296
f 5254 5252 5296
f 5254 5296 5297
f 5256 5254 5297
f 5256 5297 5298
f 5258 5256 5298
f 5258 5298 5299
f 3665 5258 5299
f 3665 5299 5300
f 3664 3665 5300
f 3664 5300 5301
f 5260 3664 5301
f 5260 5301 5302
f 5262 5260 5302
f 5262 5302 5303
f 5264 5262 5303
f 5264 5303 5304
f 5266 5264 5304
f 5266 5304 5305
f 5268 5266 5305
f 5268 5305 5306
f 5270 5268 5306
f 5270 5306 5307
f 5272 5270 5307
f 5272 5307 5308
f 5274 5272 5308
f 5274 5308 5309
f 5276 5274 5309
f 5276 5309 5310
f 5278 5276 5310
f 5278 5310 5311
f 5280 5278 5311
f 5280 5311 5312
f 5282 5280 5312
f 5282 5312 5313
f 5284 5282 5313
f 5284 5313 5314
f 5286 5284 5314
f 5286 5314 5315
f 5288 5286 5315
f 5288 5315 5316
f 5290 5288 5316
f 5290 5316 5078
f 5072 5290 5078
f 5293 5318 5317
f 5292 5293 5317
f 5292 5317 5319
f 5294 5292 5319
f 5294 5319 5320
f 5295 5294 5320
f 5295 5320 5321
f 5296 5295 5321
f 5296 5321 5322
f 5297 5296 5322
f 5297 5322 5323
f 5298 5297 5323
f 5298 5323 5324
f 5299 5298 5324
f 5299 5324 5325
f 5300 5299 5325
f 5300 5325 5326
f 5301 5300 5326
f 5301 5326 5327
f 5302 5301 5327
f 5302 5327 5328
f 5303 5302 5328
f 5303 5328 5329
f 5304 5303 5329
f 5304 5329 5330
f 5305 5304 5330
f 5305 5330 5331
f 5306 5305 5331
f 5306 5331 5332
f 5307 5306 5332
f 5307 5332 5333
f 5308 5307 5333
f 5308 5333 5334
f 5309 5308 5334
f 5309 5334 5335
f 5310 5309 5335
f 5310 5335 5336
f 5311 5310 5336
f 5311 5336 5337
f 5312 5311 5337
f 5312 5337 5338
f 5313 5312 5338
f 5313 5338 5339
f 5314 5313 5339
f 5314 5339 5340
f 5315 5314 5340
f 5315 5340 5341
f 5316 5315 5341
f 5316 5341 5083
f 5078 5316 5083
f 5318 5343 5342
f 5317 5318 5342
f 5317 5342 5344
f 5319 5317 5344
f 5319 5344 5345
f 5320 5319 5345
f 5320 5345 5346
f 5321 5320 5346
f 5321 5346 5347
f 5322 5321 5347
f 5322 5347 5348
f 5323 5322 5348
f 5323 5348 5349
f 5324 5323 5349
f 5324 5349 5350
f 5325 5324 5350
f 5325 5350 5351
f 5326 5325 5351
f 5326 5351 5352
f 5327 5326 5352
f 5327 5352 5353
f 5328 5327 5353
f 5328 5353 5354
f 5329 5328 5354
f 5329 5354 5355
f 5330 5329 5355
f 5330 5355 5356
f 5331 5330 5356
f 5331 5356 5357
f 5332 5331 5357
f 5332 5357 5358
f 5333 5332 5358
f 5333 5358 5359
f 5334 5333 5359
f 5334 5359 5360
f 5335 5334 5360
f 5335 5360 5361
f 5336 5335 5361
f 5336 5361 5362
f 5337 5336 5362
f 5337 5362 5363
f 5338 5337 5363
f 5338 5363 5364
f 5339 5338 5364
f 5339 5364 5365
f 5340 5339 5365
f 5340 5365 5366
f 5341 5340 5366
f 5341 5366 5088
f 5083 5341 5088
f 5343 5368 5367
f 5342 5343 5367
f 5342 5367 5369
f 5344 5342 5369
f 5344 5369 5370
f 5345 5344 5370
f 5345 5370 5371
f 5346 5345 5371
f 5346 5371 5372
f 5347 5346 5372
f 5347 5372 5373
f 5348 5347 5373
f 5348 5373 5374
f 5349 5348 5374
f 5349 5374 5375
f 5350 5349 5375
f 5350 5375 5376
f 5351 5350 5376
f 5351 5376 5377
f 5352 5351 5377
f 5352 5377 5378
f 5353 5352 5378
f 5353 5378 5379
f 5354 5353 5379
f 5354 5379 5380
f 5355 5354 5380
f 5355 5380 5381
f 5356 5355 5381
f 5356 5381 5382
f 5357 5356 5382
f 5357 5382 5383
f 5358 5357 5383
f 5358 5383 5384
f 5359 5358 5384
f 5359 5384 5385
f 5360 5359 5385
f 5360 5385 5386
f 5361 5360 5386
f 5361 5386 5387
f 5362 5361 5387
f 5362 5387 5388
f 5363 5362 5388
f 5363 5388 5389
f 5364 5363 5389
f 5364 5389 5390
f 5365 5364 5390
f 5365 5390 5391
f 5366 5365 5391
f 5366 5391 5093
f 5088 5366 5093
f 5368 5392 5104
f 5367 5368 5104
f 5367 5104 5105
f 5369 5367 5105
f 5369 5105 5107
f 5370 5369 5107
f 5370 5107 5109
f 5371 5370 5109
f 5371 5109 5111
f 5372 5371 5111
f 5372 5111 5113
f 5373 5372 5113
f 5373 5113 5115
f 5374 5373 5115
f 5374 5115 5117
f 5375 5374 5117
f 5375 5117 5119
f 5376 5375 5119
f 5376 5119 5121
f 5377 5376 5121
f 5377 5121 5123
f 5378 5377 5123
f 5378 5123 5125
f 5379 5378 5125
f 5379 5125 5127
f 5380 5379 5127
f 5380 5127 5129
f 5381 5380 5129
f 5381 5129 5131
f 5382 5381 5131
f 5382 5131 5133
f 5383 5382 5133
f 5383 5133 5135
f 5384 5383 5135
f 5384 5135 5137
f 5385 5384 5137
f 5385 5137 5139
f 5386 5385 5139
f 5386 5139 5141
f 5387 5386 5141
f 5387 5141 5143
f 5388 5387 5143
f 5388 5143 5145
f 5389 5388 5145
f 5389 5145 5147
f 5390 5389 5147
f 5390 5147 5149
f 5391 5390 5149
f 5391 5149 5098
f 5093 5391 5098
f 5249 5251 5393
f 5394 5249 5393
f 5251 5253 5395
f 5393 5251 5395
f 5253 5255 5396
f 5395 5253 5396
f 5255 5257 5397
f 5396 5255 5397
f 5257 5259 5398
f 5397 5257 5398
f 5259 3666 5399
f 5398 5259 5399
f 3666 3667 5400
f 5399 3666 5400
f 3667 5261 5401
f 5400 3667 5401
f 5261 5263 5402
f 5401 5261 5402
f 5263 5265 5403
f 5402 5263 5403
f 5265 5267 5404
f 5403 5265 5404
f 5267 5269 5405
f 5404 5267 5405
f 5269 5271 5406
f 5405 5269 5406
f 5271 5273 5407
f 5406 5271 5407
f 5273 5275 5408
f 5407 5273 5408
f 5275 5277 5409
f 5408 5275 5409
f 5277 5279 5410
f 5409 5277 5410
f 5279 5281 5411
f 5410 5279 5411
f 5281 5283 5412
f 5411 5281 5412
f 5283 5285 5413
f 5412 5283 5413
f 5285 5287 5414
f 5413 5285 5414
f 5287 5289 5415
f 5414 5287 5415
f 5289 5291 5416
f 5415 5289 5416
f 5394 5393 5417
f 5418 5394 5417
f 5393 5395 5419
f 5417 5393 5419
f 5395 5396 5420
f 5419 5395 5420
f 5396 5397 5421
f 5420 5396 5421
f 5397 5398 5422
f 5421 5397 5422
f 5398 5399 5423
f 5422 5398 5423
f 5399 5400 5424
f 5423 5399 5424
f 5400 5401 5425
f 5424 5400 5425
f 5401 5402 5426
f 5425 5401 5426
f 5402 5403 5427
f 5426 5402 5427
f 5403 5404 5428
f 5427 5403 5428
f 5404 5405 5429
f 5428 5404 5429
f 5405 5406 5430
f 5429 5405 5430
f 5406 5407 5431
f 5430 5406 5431
f 5407 5408 5432
f 5431 5407 5432
f 5408 5409 5433
f 5432 5408 5433
f 5409 5410 5434
f 5433 5409 5434
f 5410 5411 5435
f 5434 5410 5435
f 5411 5412 5436
f 5435 5411 5436
f 5412 5413 5437
f 5436 5412 5437
f 5413 5414 5438
f 5437 5413 5438
f 5414 5415 5439
f 5438 5414 5439
f 5415 5416 3610
f 5439 5415 3610
f 5418 5417 5440
f 5441 5418 5440
f 5417 5419 5442
f 5440 5417 5442
f 5419 5420 5443
f 5442 5419 5443
f 5420 5421 5444
f 5443 5420 5444
f 5421 5422 5445
f 5444 5421 5445
f 5422 5423 5446
f 5445 5422 5446
f 5423 5424 5447
f 5446 5423 5447
f 5424 5425 5448
f 5447 5424 5448
f 5425 5426 5449
f 5448 5425 5449
f 5426 5427 5450
f 5449 5426 5450
f 5427 5428 5451
f 5450 5427 5451
f 5428 5429 5452
f 5451 5428 5452
f 5429 5430 5453
f 5452 5429 5453
f 5430 5431 5454
f 5453 5430 5454
f 5431 5432 5455
f 5454 5431 5455
f 5432 5433 5456
f 5455 5432 5456
f 5433 5434 5457
f 5456 5433 5457
f 5434 5435 5458
f 5457 5434 5458
f 5435 5436 5459
f 5458 5435 5459
f 5436 5437 5460
f 5459 5436 5460
f 5437 5438 5461
f 5460 5437 5461
f 5438 5439 5462
f 5461 5438 5462
f 5439 3610 3611
f 5462 5439 3611
f 5441 5440 5463
f 5464 5441 5463
f 5440 5442 5465
f 5463 5440 5465
f 5442 5443 5466
f 5465 5442 5466
f 5443 5444 5467
f 5466 5443 5467
f 5444 5445 5468
f 5467 5444 5468
f 5445 5446 5469
f 5468 5445 5469
f 5446 5447 5470
f 5469 5446 5470
f 5447 5448 5471
f 5470 5447 5471
f 5448 5449 5472
f 5471 5448 5472
f 5449 5450 5473
f 5472 5449 5473
f 5450 5451 5474
f 5473 5450 5474
f 5451 5452 5475
f 5474 5451 5475
f 5452 5453 5476
f 5475 5452 5476
f 5453 5454 5477
f 5476 5453 5477
f 5454 5455 5478
f 5477 5454 5478
f 5455 5456 5479
f 5478 5455 5479
f 5456 5457 5480
f 5479 5456 5480
f 5457 5458 5481
f 5480 5457 5481
f 5458 5459 5482
f 5481 5458 5482
f 5459 5460 5483
f 5482 5459 5483
f 5460 5461 5484
f 5483 5460 5484
f 5461 5462 5485
f 5484 5461 5485
f 5462 3611 5486
f 5485 5462 5486
f 5464 5463 5487
f 5488 5464 5487
f 5463 5465 5489
f 5487 5463 5489
f 5465 5466 5490
f 5489 5465 5490
f 5466 5467 5491
f 5490 5466 5491
f 5467 5468 5492
f 5491 5467 5492
f 5468 5469 5493
f 5492 5468 5493
f 5469 5470 5494
f 5493 5469 5494
f 5470 5471 5495
f 5494 5470 5495
f 5471 5472 5496
f 5495 5471 5496
f 5472 5473 5497
f 5496 5472 5497
f 5473 5474 5498
f 5497 5473 5498
f 5474 5475 5499
f 5498 5474 5499
f 5475 5476 5500
f 5499 5475 5500
f 5476 5477 5501
f 5500 5476 5501
f 5477 5478 5502
f 5501 5477 5502
f 5478 5479 5503
f 5502 5478 5503
f 5479 5480 5504
f 5503 5479 5504
f 5480 5481 5505
f 5504 5480 5505
f 5481 5482 5506
f 5505 5481 5506
f 5482 5483 5507
f 5506 5482 5507
f 5483 5484 5508
f 5507 5483 5508
f 5484 5485 5509
f 5508 5484 5509
f 5485 5486 5510
f 5509 5485 5510
f 5488 5487 4712
f 4713 5488 4712
f 5487 5489 4714
f 4712 5487 4714
f 5489 5490 4715
f 4714 5489 4715
f 5490 5491 4716
f 4715 5490 4716
f 5491 5492 4717
f 4716 5491 4717
f 5492 5493 4718
f 4717 5492 4718
f 5493 5494 4719
f 4718 5493 4719
f 5494 5495 4720
f 4719 5494 4720
f 5495 5496 4721
f 4720 5495 4721
f 5496 5497 4722
f 4721 5496 4722
f 5497 5498 4723
f 4722 5497 4723
f 5498 5499 4724
f 4723 5498 4724
f 5499 5500 4725
f 4724 5499 4725
f 5500 5501 4726
f 4725 5500 4726
f 5501 5502 4727
f 4726 5501 4727
f 5502 5503 4728
f 4727 5502 4728
f 5503 5504 4729
f 4728 5503 4729
f 5504 5505 4730
f 4729 5504 4730
f 5505 5506 4731
f 4730 5505 4731
f 5506 5507 4732
f 4731 5506 4732
f 5507 5508 4733
f 4732 5507 4733
f 5508 5509 4734
f 4733 5508 4734
f 5509 5510 4735
f 4734 5509 4735
f 5513 5512 5511
f 5514 5513 5511
f 5514 5511 5247
f 5248 5514 5247
f 5512 5516 5515
f 5511 5512 5515
f 5511 5515 5293
f 5247 5511 5293
f 5516 5518 5517
f 5515 5516 5517
f 5515 5517 5318
f 5293 5515 5318
f 5518 5520 5519
f 5517 5518 5519
f 5517 5519 5343
f 5318 5517 5343
f 5520 5522 5521
f 5519 5520 5521
f 5519 5521 5368
f 5343 5519 5368
f 5525 5524 5523
f 5526 5525 5523
f 5526 5523 5527
f 5528 5526 5527
f 5528 5527 5529
f 5530 5528 5529
f 5530 5529 5531
f 5532 5530 5531
f 5532 5531 5533
f 5534 5532 5533
f 5534 5533 5535
f 5536 5534 5535
f 5536 5535 5537
f 5538 5536 5537
f 5538 5537 5539
f 5540 5538 5539
f 5540 5539 5541
f 5542 5540 5541
f 5542 5541 5543
f 5544 5542 5543
f 5544 5543 5545
f 5546 5544 5545
f 5546 5545 5547
f 5548 5546 5547
f 5548 5547 5549
f 5550 5548 5549
f 5550 5549 5551
f 5552 5550 5551
f 5552 5551 5553
f 5554 5552 5553
f 5554 5553 5555
f 5556 5554 5555
f 5556 5555 5557
f 5558 5556 5557
f 5558 5557 5559
f 5560 5558 5559
f 5560 5559 5561
f 5562 5560 5561
f 5562 5561 5563
f 5564 5562 5563
f 5564 5563 5565
f 5566 5564 5565
f 5566 5565 5567
f 5568 5566 5567
f 5568 5567 5569
f 5570 5568 5569
f 5570 5569 5571
f 5572 5570 5571
f 5572 5571 5573
f 4205 5572 5573
f 5524 5575 5574
f 5523 5524 5574
f 5523 5574 5576
f 5527 5523 5576
f 5527 5576 5577
f 5529 5527 5577
f 5529 5577 5578
f 5531 5529 5578
f 5531 5578 5579
f 5533 5531 5579
f 5533 5579 5580
f 5535 5533 5580
f 5535 5580 5581
f 5537 5535 5581
f 5537 5581 5582
f 5539 5537 5582
f 5539 5582 5583
f 5541 5539 5583
f 5541 5583 5584
f 5543 5541 5584
f 5543 5584 5585
f 5545 5543 5585
f 5545 5585 5586
f 5547 5545 5586
f 5547 5586 5587
f 5549 5547 5587
f 5549 5587 5588
f 5551 5549 5588
f 5551 5588 5589
f 5553 5551 5589
f 5553 5589 5590
f 5555 5553 5590
f 5555 5590 5591
f 5557 5555 5591
f 5557 5591 5592
f 5559 5557 5592
f 5559 5592 5593
f 5561 5559 5593
f 5561 5593 5594
f 5563 5561 5594
f 5563 5594 5595
f 5565 5563 5595
f 5565 5595 5596
f 5567 5565 5596
f 5567 5596 5597
f 5569 5567 5597
f 5569 5597 5598
f 5571 5569 5598
f 5571 5598 5599
f 5573 5571 5599
f 5575 5601 5600
f 5574 5575 5600
f 5574 5600 5602
f 5576 5574 5602
f 5576 5602 5603
f 5577 5576 5603
f 5577 5603 5604
f 5578 5577 5604
f 5578 5604 5605
f 5579 5578 5605
f 5579 5605 5606
f 5580 5579 5606
f 5580 5606 5607
f 5581 5580 5607
f 5581 5607 5608
f 5582 5581 5608
f 5582 5608 5609
f 5583 5582 5609
f 5583 5609 5610
f 5584 5583 5610
f 5584 5610 5611
f 5585 5584 5611
f 5585 5611 5612
f 5586 5585 5612
f 5586 5612 5613
f 5587 5586 5613
f 5587 5613 5614
f 5588 5587 5614
f 5588 5614 5615
f 5589 5588 5615
f 5589 5615 5616
f 5590 5589 5616
f 5590 5616 5617
f 5591 5590 5617
f 5591 5617 5618
f 5592 5591 5618
f 5592 5618 5619
f 5593 5592 5619
f 5593 5619 5620
f 5594 5593 5620
f 5594 5620 5621
f 5595 5594 5621
f 5595 5621 5622
f 5596 5595 5622
f 5596 5622 5623
f 5597 5596 5623
f 5597 5623 5624
f 5598 5597 5624
f 5598 5624 5625
f 5599 5598 5625
f 5601 5627 5626
f 5600 5601 5626
f 5600 5626 5628
f 5602 5600 5628
f 5602 5628 5629
f 5603 5602 5629
f 5603 5629 5630
f 5604 5603 5630
f 5604 5630 5631
f 5605 5604 5631
f 5605 5631 5632
f 5606 5605 5632
f 5606 5632 5633
f 5607 5606 5633
f 5607 5633 5634
f 5608 5607 5634
f 5608 5634 5635
f 5609 5608 5635
f 5609 5635 5636
f 5610 5609 5636
f 5610 5636 5637
f 5611 5610 5637
f 5611 5637 5638
f 5612 5611 5638
f 5612 5638 5639
f 5613 5612 5639
f 5613 5639 5640
f 5614 5613 5640
f 5614 5640 5641
f 5615 5614 5641
f 5615 5641 5642
f 5616 5615 5642
f 5616 5642 5643
f 5617 5616 5643
f 5617 5643 5644
f 5618 5617 5644
f 5618 5644 5645
f 5619 5618 5645
f 5619 5645 5646
f 5620 5619 5646
f 5620 5646 5647
f 5621 5620 5647
f 5621 5647 5648
f 5622 5621 5648
f 5622 5648 5649
f 5623 5622 5649
f 5623 5649 5650
f 5624 5623 5650
f 5624 5650 5651
f 5625 5624 5651
f 5627 5653 5652
f 5626 5627 5652
f 5626 5652 5654
f 5628 5626 5654
f 5628 5654 5655
f 5629 5628 5655
f 5629 5655 5656
f 5630 5629 5656
f 5630 5656 5657
f 5631 5630 5657
f 5631 5657 5658
f 5632 5631 5658
f 5632 5658 5659
f 5633 5632 5659
f 5633 5659 5660
f 5634 5633 5660
f 5634 5660 5661
f 5635 5634 5661
f 5635 5661 5662
f 5636 5635 5662
f 5636 5662 5663
f 5637 5636 5663
f 5637 5663 5664
f 5638 5637 5664
f 5638 5664 5665
f 5639 5638 5665
f 5639 5665 5666
f 5640 5639 5666
f 5640 5666 5667
f 5641 5640 5667
f 5641 5667 5668
f 5642 5641 5668
f 5642 5668 5669
f 5643 5642 5669
f 5643 5669 5670
f 5644 5643 5670
f 5644 5670 5671
f 5645 5644 5671
f 5645 5671 5672
f 5646 5645 5672
f 5646 5672 5673
f 5647 5646 5673
f 5647 5673 5674
f 5648 5647 5674
f 5648 5674 5675
f 5649 5648 5675
f 5649 5675 5676
f 5650 5649 5676
f 5650 5676 5677
f 5651 5650 5677
f 5653 2132 2131
f 5652 5653 2131
f 5652 2131 2133
f 5654 5652 2133
f 5654 2133 2134
f 5655 5654 2134
f 5655 2134 2135
f 5656 5655 2135
f 5656 2135 2136
f 5657 5656 2136
f 5657 2136 2137
f 5658 5657 2137
f 5658 2137 2138
f 5659 5658 2138
f 5659 2138 2139
f 5660 5659 2139
f 5660 2139 2140
f 5661 5660 2140
f 5661 2140 2141
f 5662 5661 2141
f 5662 2141 2142
f 5663 5662 2142
f 5663 2142 2143
f 5664 5663 2143
f 5664 2143 2144
f 5665 5664 2144
f 5665 2144 2145
f 5666 5665 2145
f 5666 2145 2146
f 5667 5666 2146
f 5667 2146 2147
f 5668 5667 2147
f 5668 2147 2148
f 5669 5668 2148
f 5669 2148 2149
f 5670 5669 2149
f 5670 2149 2150
f 5671 5670 2150
f 5671 2150 2151
f 5672 5671 2151
f 5672 2151 2152
f 5673 5672 2152
f 5673 2152 2153
f 5674 5673 2153
f 5674 2153 2154
f 5675 5674 2154
f 5675 2154 2155
f 5676 5675 2155
f 5676 2155 2156
f 5677 5676 2156
f 5513 5679 5678
f 5512 5513 5678
f 5679 5525 5680
f 5678 5679 5680
f 5512 5678 5681
f 5516 5512 5681
f 5678 5680 5682
f 5681 5678 5682
f 5516 5681 5683
f 5518 5516 5683
f 5681 5682 5684
f 5683 5681 5684
f 5518 5683 5685
f 5520 5518 5685
f 5683 5684 5686
f 5685 5683 5686
f 5520 5685 5687
f 5522 5520 5687
f 5685 5686 5688
f 5687 5685 5688
f 5522 5687 5689
f 5690 5522 5689
f 5687 5688 5691
f 5689 5687 5691
f 4205 5693 5692
f 5694 4205 5692
f 5693 4146 5695
f 5692 5693 5695
f 4146 4149 5696
f 5695 4146 5696
f 4149 4152 5697
f 5696 4149 5697
f 5694 5692 5698
f 5699 5694 5698
f 5692 5695 5700
f 5698 5692 5700
f 5695 5696 5701
f 5700 5695 5701
f 5696 5697 5702
f 5701 5696 5702
f 5699 5698 5703
f 5704 5699 5703
f 5698 5700 5705
f 5703 5698 5705
f 5700 5701 5706
f 5705 5700 5706
f 5701 5702 5707
f 5706 5701 5707
f 5704 5703 5708
f 5709 5704 5708
f 5703 5705 5710
f 5708 5703 5710
f 5705 5706 5711
f 5710 5705 5711
f 5706 5707 5712
f 5711 5706 5712
f 5709 5708 5713
f 5714 5709 5713
f 5708 5710 5715
f 5713 5708 5715
f 5710 5711 5716
f 5715 5710 5716
f 5711 5712 5717
f 5716 5711 5717
f 5714 5713 5718
f 4212 5714 5718
f 5713 5715 4154
f 5718 5713 4154
f 5715 5716 3638
f 4154 5715 3638
f 5716 5717 3655
f 3638 5716 3655
f 5525 5526 5719
f 5680 5525 5719
f 5526 5528 5720
f 5719 5526 5720
f 5528 5530 5721
f 5720 5528 5721
f 5530 5532 5722
f 5721 5530 5722
f 5532 5534 5723
f 5722 5532 5723
f 5534 5536 5724
f 5723 5534 5724
f 5536 5538 5725
f 5724 5536 5725
f 5538 5540 5726
f 5725 5538 5726
f 5540 5542 5727
f 5726 5540 5727
f 5542 5544 5728
f 5727 5542 5728
f 5544 5546 5729
f 5728 5544 5729
f 5546 5548 5730
f 5729 5546 5730
f 5548 5550 5731
f 5730 5548 5731
f 5550 5552 5732
f 5731 5550 5732
f 5552 5554 5733
f 5732 5552 5733
f 5554 5556 5734
f 5733 5554 5734
f 5556 5558 5735
f 5734 5556 5735
f 5558 5560 5736
f 5735 5558 5736
f 5560 5562 5737
f 5736 5560 5737
f 5562 5564 5738
f 5737 5562 5738
f 5564 5566 5739
f 5738 5564 5739
f 5566 5568 5740
f 5739 5566 5740
f 5568 5570 5741
f 5740 5568 5741
f 5570 5572 5742
f 5741 5570 5742
f 5572 4205 5694
f 5742 5572 5694
f 5680 5719 5743
f 5682 5680 5743
f 5719 5720 5744
f 5743 5719 5744
f 5720 5721 5745
f 5744 5720 5745
f 5721 5722 5746
f 5745 5721 5746
f 5722 5723 5747
f 5746 5722 5747
f 5723 5724 5748
f 5747 5723 5748
f 5724 5725 5749
f 5748 5724 5749
f 5725 5726 5750
f 5749 5725 5750
f 5726 5727 5751
f 5750 5726 5751
f 5727 5728 5752
f 5751 5727 5752
f 5728 5729 5753
f 5752 5728 5753
f 5729 5730 5754
f 5753 5729 5754
f 5730 5731 5755
f 5754 5730 5755
f 5731 5732 5756
f 5755 5731 5756
f 5732 5733 5757
f 5756 5732 5757
f 5733 5734 5758
f 5757 5733 5758
f 5734 5735 5759
f 5758 5734 5759
f 5735 5736 5760
f 5759 5735 5760
f 5736 5737 5761
f 5760 5736 5761
f 5737 5738 5762
f 5761 5737 5762
f 5738 5739 5763
f 5762 5738 5763
f 5739 5740 5764
f 5763 5739 5764
f 5740 5741 5765
f 5764 5740 5765
f 5741 5742 5766
f 5765 5741 5766
f 5742 5694 5699
f 5766 5742 5699
f 5682 5743 5767
f 5684 5682 5767
f 5743 5744 5768
f 5767 5743 5768
f 5744 5745 5769
f 5768 5744 5769
f 5745 5746 5770
f 5769 5745 5770
f 5746 5747 5771
f 5770 5746 5771
f 5747 5748 5772
f 5771 5747 5772
f 5748 5749 5773
f 5772 5748 5773
f 5749 5750 5774
f 5773 5749 5774
f 5750 5751 5775
f 5774 5750 5775
f 5751 5752 5776
f 5775 5751 5776
f 5752 5753 5777
f 5776 5752 5777
f 5753 5754 5778
f 5777 5753 5778
f 5754 5755 5779
f 5778 5754 5779
f 5755 5756 5780
f 5779 5755 5780
f 5756 5757 5781
f 5780 5756 5781
f 5757 5758 5782
f 5781 5757 5782
f 5758 5759 5783
f 5782 5758 5783
f 5759 5760 5784
f 5783 5759 5784
f 5760 5761 5785
f 5784 5760 5785
f 5761 5762 5786
f 5785 5761 5786
f 5762 5763 5787
f 5786 5762 5787
f 5763 5764 5788
f 5787 5763 5788
f 5764 5765 5789
f 5788 5764 5789
f 5765 5766 5790
f 5789 5765 5790
f 5766 5699 5704
f 5790 5766 5704
f 5684 5767 5791
f 5686 5684 5791
f 5767 5768 5792
f 5791 5767 5792
f 5768 5769 5793
f 5792 5768 5793
f 5769 5770 5794
f 5793 5769 5794
f 5770 5771 5795
f 5794 5770 5795
f 5771 5772 5796
f 5795 5771 5796
f 5772 5773 5797
f 5796 5772 5797
f 5773 5774 5798
f 5797 5773 5798
f 5774 5775 5799
f 5798 5774 5799
f 5775 5776 5800
f 5799 5775 5800
f 5776 5777 5801
f 5800 5776 5801
f 5777 5778 5802
f 5801 5777 5802
f 5778 5779 5803
f 5802 5778 5803
f 5779 5780 5804
f 5803 5779 5804
f 5780 5781 5805
f 5804 5780 5805
f 5781 5782 5806
f 5805 5781 5806
f 5782 5783 5807
f 5806 5782 5807
f 5783 5784 5808
f 5807 5783 5808
f 5784 5785 5809
f 5808 5784 5809
f 5785 5786 5810
f 5809 5785 5810
f 5786 5787 5811
f 5810 5786 5811
f 5787 5788 5812
f 5811 5787 5812
f 5788 5789 5813
f 5812 5788 5813
f 5789 5790 5814
f 5813 5789 5814
f 5790 5704 5709
f 5814 5790 5709
f 5686 5791 5815
f 5688 5686 5815
f 5791 5792 5816
f 5815 5791 5816
f 5792 5793 5817
f 5816 5792 5817
f 5793 5794 5818
f 5817 5793 5818
f 5794 5795 5819
f 5818 5794 5819
f 5795 5796 5820
f 5819 5795 5820
f 5796 5797 5821
f 5820 5796 5821
f 5797 5798 5822
f 5821 5797 5822
f 5798 5799 5823
f 5822 5798 5823
f 5799 5800 5824
f 5823 5799 5824
f 5800 5801 5825
f 5824 5800 5825
f 5801 5802 5826
f 5825 5801 5826
f 5802 5803 5827
f 5826 5802 5827
f 5803 5804 5828
f 5827 5803 5828
f 5804 5805 5829
f 5828 5804 5829
f 5805 5806 5830
f 5829 5805 5830
f 5806 5807 5831
f 5830 5806 5831
f 5807 5808 5832
f 5831 5807 5832
f 5808 5809 5833
f 5832 5808 5833
f 5809 5810 5834
f 5833 5809 5834
f 5810 5811 5835
f 5834 5810 5835
f 5811 5812 5836
f 5835 5811 5836
f 5812 5813 5837
f 5836 5812 5837
f 5813 5814 5838
f 5837 5813 5838
f 5814 5709 5714
f 5838 5814 5714
f 5688 5815 5839
f 5691 5688 5839
f 5815 5816 5840
f 5839 5815 5840
f 5816 5817 5841
f 5840 5816 5841
f 5817 5818 5842
f 5841 5817 5842
f 5818 5819 5843
f 5842 5818 5843
f 5819 5820 5844
f 5843 5819 5844
f 5820 5821 5845
f 5844 5820 5845
f 5821 5822 5846
f 5845 5821 5846
f 5822 5823 5847
f 5846 5822 5847
f 5823 5824 5848
f 5847 5823 5848
f 5824 5825 5849
f 5848 5824 5849
f 5825 5826 5850
f 5849 5825 5850
f 5826 5827 5851
f 5850 5826 5851
f 5827 5828 5852
f 5851 5827 5852
f 5828 5829 5853
f 5852 5828 5853
f 5829 5830 5854
f 5853 5829 5854
f 5830 5831 5855
f 5854 5830 5855
f 5831 5832 5856
f 5855 5831 5856
f 5832 5833 5857
f 5856 5832 5857
f 5833 5834 5858
f 5857 5833 5858
f 5834 5835 5859
f 5858 5834 5859
f 5835 5836 5860
f 5859 5835 5860
f 5836 5837 5861
f 5860 5836 5861
f 5837 5838 5862
f 5861 5837 5862
f 5838 5714 4212
f 5862 5838 4212
f 5691 5839 5863
f 5864 5691 5863
f 5839 5840 5865
f 5863 5839 5865
f 5840 5841 5866
f 5865 5840 5866
f 5841 5842 5867
f 5866 5841 5867
f 5842 5843 5868
f 5867 5842 5868
f 5843 5844 5869
f 5868 5843 5869
f 5844 5845 5870
f 5869 5844 5870
f 5845 5846 5871
f 5870 5845 5871
f 5846 5847 5872
f 5871 5846 5872
f 5847 5848 5873
f 5872 5847 5873
f 5848 5849 5874
f 5873 5848 5874
f 5849 5850 5875
f 5874 5849 5875
f 5850 5851 5876
f 5875 5850 5876
f 5851 5852 5877
f 5876 5851 5877
f 5852 5853 5878
f 5877 5852 5878
f 5853 5854 5879
f 5878 5853 5879
f 5854 5855 5880
f 5879 5854 5880
f 5855 5856 5881
f 5880 5855 5881
f 5856 5857 5882
f 5881 5856 5882
f 5857 5858 5883
f 5882 5857 5883
f 5858 5859 5884
f 5883 5858 5884
f 5859 5860 5885
f 5884 5859 5885
f 5860 5861 5886
f 5885 5860 5886
f 5861 5862 5887
f 5886 5861 5887
f 5862 4212 5888
f 5887 5862 5888
f 5864 5863 5889
f 5890 5864 5889
f 5863 5865 5891
f 5889 5863 5891
f 5865 5866 5892
f 5891 5865 5892
f 5866 5867 5893
f 5892 5866 5893
f 5867 5868 5894
f 5893 5867 5894
f 5868 5869 5895
f 5894 5868 5895
f 5869 5870 5896
f 5895 5869 5896
f 5870 5871 5897
f 5896 5870 5897
f 5871 5872 5898
f 5897 5871 5898
f 5872 5873 5899
f 5898 5872 5899
f 5873 5874 5900
f 5899 5873 5900
f 5874 5875 5901
f 5900 5874 5901
f 5875 5876 5902
f 5901 5875 5902
f 5876 5877 5903
f 5902 5876 5903
f 5877 5878 5904
f 5903 5877 5904
f 5878 5879 5905
f 5904 5878 5905
f 5879 5880 5906
f 5905 5879 5906
f 5880 5881 5907
f 5906 5880 5907
f 5881 5882 5908
f 5907 5881 5908
f 5882 5883 5909
f 5908 5882 5909
f 5883 5884 5910
f 5909 5883 5910
f 5884 5885 5911
f 5910 5884 5911
f 5885 5886 5912
f 5911 5885 5912
f 5886 5887 5913
f 5912 5886 5913
f 5887 5888 5914
f 5913 5887 5914
f 5890 5889 5915
f 5916 5890 5915
f 5889 5891 5917
f 5915 5889 5917
f 5891 5892 5918
f 5917 5891 5918
f 5892 5893 5919
f 5918 5892 5919
f 5893 5894 5920
f 5919 5893 5920
f 5894 5895 5921
f 5920 5894 5921
f 5895 5896 5922
f 5921 5895 5922
f 5896 5897 5923
f 5922 5896 5923
f 5897 5898 5924
f 5923 5897 5924
f 5898 5899 5925
f 5924 5898 5925
f 5899 5900 5926
f 5925 5899 5926
f 5900 5901 5927
f 5926 5900 5927
f 5901 5902 5928
f 5927 5901 5928
f 5902 5903 5929
f 5928 5902 5929
f 5903 5904 5930
f 5929 5903 5930
f 5904 5905 5931
f 5930 5904 5931
f 5905 5906 5932
f 5931 5905 5932
f 5906 5907 5933
f 5932 5906 5933
f 5907 5908 5934
f 5933 5907 5934
f 5908 5909 5935
f 5934 5908 5935
f 5909 5910 5936
f 5935 5909 5936
f 5910 5911 5937
f 5936 5910 5937
f 5911 5912 5938
f 5937 5911 5938
f 5912 5913 5939
f 5938 5912 5939
f 5913 5914 5940
f 5939 5913 5940
f 5916 5915 5941
f 5942 5916 5941
f 5915 5917 5943
f 5941 5915 5943
f 5917 5918 5944
f 5943 5917 5944
f 5918 5919 5945
f 5944 5918 5945
f 5919 5920 5946
f 5945 5919 5946
f 5920 5921 5947
f 5946 5920 5947
f 5921 5922 5948
f 5947 5921 5948
f 5922 5923 5949
f 5948 5922 5949
f 5923 5924 5950
f 5949 5923 5950
f 5924 5925 5951
f 5950 5924 5951
f 5925 5926 5952
f 5951 5925 5952
f 5926 5927 5953
f 5952 5926 5953
f 5927 5928 5954
f 5953 5927 5954
f 5928 5929 5955
f 5954 5928 5955
f 5929 5930 5956
f 5955 5929 5956
f 5930 5931 5957
f 5956 5930 5957
f 5931 5932 5958
f 5957 5931 5958
f 5932 5933 5959
f 5958 5932 5959
f 5933 5934 5960
f 5959 5933 5960
f 5934 5935 5961
f 5960 5934 5961
f 5935 5936 5962
f 5961 5935 5962
f 5936 5937 5963
f 5962 5936 5963
f 5937 5938 5964
f 5963 5937 5964
f 5938 5939 5965
f 5964 5938 5965
f 5939 5940 5966
f 5965 5939 5966
f 5942 5941 5967
f 5968 5942 5967
f 5941 5943 5969
f 5967 5941 5969
f 5943 5944 5970
f 5969 5943 5970
f 5944 5945 5971
f 5970 5944 5971
f 5945 5946 5972
f 5971 5945 5972
f 5946 5947 5973
f 5972 5946 5973
f 5947 5948 5974
f 5973 5947 5974
f 5948 5949 5975
f 5974 5948 5975
f 5949 5950 5976
f 5975 5949 5976
f 5950 5951 5977
f 5976 5950 5977
f 5951 5952 5978
f 5977 5951 5978
f 5952 5953 5979
f 5978 5952 5979
f 5953 5954 5980
f 5979 5953 5980
f 5954 5955 5981
f 5980 5954 5981
f 5955 5956 5982
f 5981 5955 5982
f 5956 5957 5983
f 5982 5956 5983
f 5957 5958 5984
f 5983 5957 5984
f 5958 5959 5985
f 5984 5958 5985
f 5959 5960 5986
f 5985 5959 5986
f 5960 5961 5987
f 5986 5960 5987
f 5961 5962 5988
f 5987 5961 5988
f 5962 5963 5989
f 5988 5962 5989
f 5963 5964 5990
f 5989 5963 5990
f 5964 5965 5991
f 5990 5964 5991
f 5965 5966 5992
f 5991 5965 5992
f 5968 5967 2472
f 2473 5968 2472
f 5967 5969 2474
f 2472 5967 2474
f 5969 5970 2475
f 2474 5969 2475
f 5970 5971 2476
f 2475 5970 2476
f 5971 5972 2477
f 2476 5971 2477
f 5972 5973 2478
f 2477 5972 2478
f 5973 5974 2479
f 2478 5973 2479
f 5974 5975 2480
f 2479 5974 2480
f 5975 5976 2481
f 2480 5975 2481
f 5976 5977 2482
f 2481 5976 2482
f 5977 5978 2483
f 2482 5977 2483
f 5978 5979 2484
f 2483 5978 2484
f 5979 5980 2485
f 2484 5979 2485
f 5980 5981 2486
f 2485 5980 2486
f 5981 5982 2487
f 2486 5981 2487
f 5982 5983 2488
f 2487 5982 2488
f 5983 5984 2489
f 2488 5983 2489
f 5984 5985 2490
f 2489 5984 2490
f 5985 5986 2491
f 2490 5985 2491
f 5986 5987 2492
f 2491 5986 2492
f 5987 5988 2493
f 2492 5987 2493
f 5988 5989 2494
f 2493 5988 2494
f 5989 5990 2495
f 2494 5989 2495
f 5990 5991 2496
f 2495 5990 2496
f 5991 5992 1014
f 2496 5991 1014
f 4230 4229 5993
f 5994 4230 5993
f 5994 5993 5995
f 5996 5994 5995
f 5996 5995 5997
f 5998 5996 5997
f 5998 5997 5999
f 6000 5998 5999
f 6000 5999 6001
f 6002 6000 6001
f 6002 6001 6003
f 6004 6002 6003
f 5993 6006 6005
f 5995 5993 6005
f 5995 6005 6007
f 5997 5995 6007
f 5997 6007 6008
f 5999 5997 6008
f 5999 6008 6009
f 6001 5999 6009
f 6001 6009 6010
f 6003 6001 6010
f 6006 6012 6011
f 6005 6006 6011
f 6005 6011 6013
f 6007 6005 6013
f 6007 6013 6014
f 6008 6007 6014
f 6008 6014 6015
f 6009 6008 6015
f 6009 6015 6016
f 6010 6009 6016
f 6012 6018 6017
f 6011 6012 6017
f 6011 6017 6019
f 6013 6011 6019
f 6013 6019 6020
f 6014 6013 6020
f 6014 6020 6021
f 6015 6014 6021
f 6015 6021 6022
f 6016 6015 6022
f 6018 6024 6023
f 6017 6018 6023
f 6017 6023 6025
f 6019 6017 6025
f 6019 6025 6026
f 6020 6019 6026
f 6020 6026 6027
f 6021 6020 6027
f 6021 6027 6028
f 6022 6021 6028
f 6024 6030 6029
f 6023 6024 6029
f 6023 6029 6031
f 6025 6023 6031
f 6025 6031 6032
f 6026 6025 6032
f 6026 6032 6033
f 6027 6026 6033
f 6027 6033 6034
f 6028 6027 6034
f 6035 4914 4912
f 6030 6035 4912
f 6030 4912 4908
f 6029 6030 4908
f 6029 4908 4904
f 6031 6029 4904
f 6031 4904 4899
f 6032 6031 4899
f 6038 6037 6036
f 6038 6038 6036
f 6039 6004 6003
f 6040 6039 6003
f 6041 6037 6038
f 6041 6041 6038
f 6038 6043 6042
f 6041 6038 6042
f 6043 6040 6044
f 6042 6043 6044
f 6045 6037 6041
f 6045 6045 6041
f 6041 6042 6046
f 6045 6041 6046
f 6042 6044 6047
f 6046 6042 6047
f 6048 6037 6045
f 6048 6048 6045
f 6045 6046 6049
f 6048 6045 6049
f 6046 6047 6050
f 6049 6046 6050
f 6051 6037 6048
f 6051 6051 6048
f 6048 6049 6052
f 6051 6048 6052
f 6049 6050 6053
f 6052 6049 6053
f 6054 6037 6051
f 6054 6054 6051
f 6051 6052 6055
f 6054 6051 6055
f 6052 6053 6056
f 6055 6052 6056
f 6057 6037 6054
f 6057 6057 6054
f 6054 6055 6058
f 6057 6054 6058
f 6055 6056 6059
f 6058 6055 6059
f 6060 6037 6057
f 6060 6060 6057
f 6057 6058 6061
f 6060 6057 6061
f 6058 6059 6062
f 6061 6058 6062
f 6059 4176 4173
f 6062 6059 4173
f 6063 6037 6060
f 6063 6063 6060
f 6060 6061 6064
f 6063 6060 6064
f 6061 6062 6065
f 6064 6061 6065
f 6066 6037 6063
f 6066 6066 6063
f 6063 6064 6067
f 6066 6063 6067
f 6064 6065 6068
f 6067 6064 6068
f 6069 6037 6066
f 6069 6069 6066
f 6066 6067 6070
f 6069 6066 6070
f 6067 6068 6071
f 6070 6067 6071
f 6072 6037 6069
f 6072 6072 6069
f 6069 6070 6073
f 6072 6069 6073
f 6070 6071 6074
f 6073 6070 6074
f 6075 6037 6072
f 6075 6075 6072
f 6072 6073 6076
f 6075 6072 6076
f 6073 6074 6077
f 6076 6073 6077
f 6078 6037 6075
f 6078 6078 6075
f 4230 5994 6079
f 4353 4230 6079
f 5994 5996 6080
f 6079 5994 6080
f 5996 5998 6081
f 6080 5996 6081
f 5998 6000 6082
f 6081 5998 6082
f 6000 6002 6083
f 6082 6000 6083
f 6002 6004 6084
f 6083 6002 6084
f 4353 6079 6085
f 4362 4353 6085
f 6079 6080 6086
f 6085 6079 6086
f 6080 6081 6087
f 6086 6080 6087
f 6081 6082 6088
f 6087 6081 6088
f 6082 6083 6089
f 6088 6082 6089
f 6083 6084 6090
f 6089 6083 6090
f 4362 6085 6091
f 4371 4362 6091
f 6085 6086 6092
f 6091 6085 6092
f 6086 6087 6093
f 6092 6086 6093
f 6087 6088 6094
f 6093 6087 6094
f 6088 6089 6095
f 6094 6088 6095
f 6089 6090 6096
f 6095 6089 6096
f 4371 6091 6097
f 6098 4371 6097
f 6091 6092 6099
f 6097 6091 6099
f 6092 6093 6100
f 6099 6092 6100
f 6093 6094 6101
f 6100 6093 6101
f 6094 6095 6102
f 6101 6094 6102
f 6095 6096 6103
f 6102 6095 6103
f 6098 6097 6104
f 6105 6098 6104
f 6097 6099 6106
f 6104 6097 6106
f 6099 6100 6107
f 6106 6099 6107
f 6100 6101 6108
f 6107 6100 6108
f 6101 6102 6109
f 6108 6101 6109
f 6102 6103 6110
f 6109 6102 6110
f 6105 6104 6111
f 6112 6105 6111
f 6104 6106 6113
f 6111 6104 6113
f 6106 6107 6114
f 6113 6106 6114
f 6107 6108 6115
f 6114 6107 6115
f 6108 6109 6116
f 6115 6108 6116
f 6109 6110 6117
f 6116 6109 6117
f 6112 6111 5096
f 3663 6112 5096
f 6111 6113 5091
f 5096 6111 5091
f 6113 6114 5086
f 5091 6113 5086
f 6114 6115 5081
f 5086 6114 5081
f 6115 6116 5076
f 5081 6115 5076
f 6116 6117 4178
f 5076 6116 4178
f 6036 6037 6118
f 6036 6036 6118
f 6036 6118 6119
f 6120 6036 6119
f 6120 6119 6121
f 6039 6120 6121
f 6039 6121 6084
f 6004 6039 6084
f 6118 6037 6122
f 6118 6118 6122
f 6118 6122 6123
f 6119 6118 6123
f 6119 6123 6124
f 6121 6119 6124
f 6121 6124 6090
f 6084 6121 6090
f 6122 6037 6125
f 6122 6122 6125
f 6122 6125 6126
f 6123 6122 6126
f 6123 6126 6127
f 6124 6123 6127
f 6124 6127 6096
f 6090 6124 6096
f 6125 6037 6128
f 6125 6125 6128
f 6125 6128 6129
f 6126 6125 6129
f 6126 6129 6130
f 6127 6126 6130
f 6128 6037 6131
f 6128 6128 6131
f 6128 6131 6132
f 6129 6128 6132
f 6129 6132 6133
f 6130 6129 6133
f 6131 6037 6134
f 6131 6131 6134
f 6131 6134 6135
f 6132 6131 6135
f 6132 6135 6136
f 6133 6132 6136
f 6134 6037 6137
f 6134 6134 6137
f 6134 6137 6138
f 6135 6134 6138
f 6135 6138 6139
f 6136 6135 6139
f 6137 6037 6140
f 6137 6137 6140
f 6137 6140 6141
f 6138 6137 6141
f 6138 6141 6142
f 6139 6138 6142
f 6140 6037 6143
f 6140 6140 6143
f 6140 6143 6144
f 6141 6140 6144
f 6141 6144 6145
f 6142 6141 6145
f 6143 6037 6146
f 6143 6143 6146
f 6143 6146 6147
f 6144 6143 6147
f 6144 6147 6148
f 6145 6144 6148
f 6146 6037 6149
f 6146 6146 6149
f 6146 6149 6150
f 6147 6146 6150
f 6147 6150 6151
f 6148 6147 6151
f 6148 6151 5068
f 6152 6148 5068
f 6149 6037 6153
f 6149 6149 6153
f 6149 6153 6154
f 6150 6149 6154
f 6150 6154 6155
f 6151 6150 6155
f 6151 6155 5070
f 5068 6151 5070
f 6153 6037 6156
f 6153 6153 6156
f 6153 6156 6157
f 6154 6153 6157
f 6154 6157 6158
f 6155 6154 6158
f 6155 6158 6159
f 5070 6155 6159
f 6156 6037 6078
f 6156 6156 6078
f 6156 6078 6160
f 6157 6156 6160
f 6157 6160 6161
f 6158 6157 6161
f 6162 2667 2666
f 6162 6162 2666
f 2666 2670 6163
f 6162 2666 6163
f 2670 2672 6164
f 6163 2670 6164
f 2672 2674 6165
f 6164 2672 6165
f 6166 2667 6162
f 6166 6166 6162
f 6162 6163 6167
f 6166 6162 6167
f 6163 6164 6168
f 6167 6163 6168
f 6164 6165 6169
f 6168 6164 6169
f 6170 2667 6166
f 6170 6170 6166
f 6166 6167 6171
f 6170 6166 6171
f 6167 6168 3628
f 6171 6167 3628
f 6168 6169 3627
f 3628 6168 3627
f 6172 2667 6170
f 6172 6172 6170
f 6170 6171 6173
f 6172 6170 6173
f 6171 3628 3629
f 6173 6171 3629
f 6174 2667 6172
f 6174 6174 6172
f 6172 6173 6175
f 6174 6172 6175
f 6173 3629 3631
f 6175 6173 3631
f 6176 2667 6174
f 6176 6176 6174
f 6174 6175 6177
f 6176 6174 6177
f 6175 3631 3633
f 6177 6175 3633
f 6178 2667 6176
f 6178 6178 6176
f 6176 6177 6179
f 6178 6176 6179
f 6177 3633 6180
f 6179 6177 6180
f 6181 2667 6178
f 6181 6181 6178
f 6178 6179 6182
f 6181 6178 6182
f 6179 6180 6183
f 6182 6179 6183
f 6184 2667 6181
f 6184 6184 6181
f 6181 6182 6185
f 6184 6181 6185
f 6182 6183 6186
f 6185 6182 6186
f 6183 4148 6187
f 6186 6183 6187
f 6188 2667 6184
f 6188 6188 6184
f 6184 6185 6189
f 6188 6184 6189
f 6185 6186 6190
f 6189 6185 6190
f 6186 6187 6191
f 6190 6186 6191
f 6192 2667 6188
f 6192 6192 6188
f 6188 6189 6193
f 6192 6188 6193
f 6189 6190 6194
f 6193 6189 6194
f 6190 6191 6195
f 6194 6190 6195
f 6196 2667 6192
f 6196 6196 6192
f 6192 6193 6197
f 6196 6192 6197
f 6193 6194 6198
f 6197 6193 6198
f 6194 6195 6199
f 6198 6194 6199
f 6200 2667 6196
f 6200 6200 6196
f 6196 6197 6201
f 6200 6196 6201
f 6197 6198 6202
f 6201 6197 6202
f 6198 6199 6203
f 6202 6198 6203
f 2713 2667 6200
f 2713 2713 6200
f 6200 6201 2714
f 2713 6200 2714
f 6201 6202 2715
f 2714 6201 2715
f 6202 6203 2156
f 2715 6202 2156
f 903 4466 6204
f 2717 903 6204
f 2717 6204 6205
f 2719 2717 6205
f 2719 6205 6206
f 2721 2719 6206
f 2721 6206 6207
f 2723 2721 6207
f 2723 6207 6208
f 2725 2723 6208
f 2725 6208 6165
f 2674 2725 6165
f 4466 4476 6209
f 6204 4466 6209
f 6204 6209 6210
f 6205 6204 6210
f 6205 6210 6211
f 6206 6205 6211
f 6206 6211 6212
f 6207 6206 6212
f 6207 6212 6213
f 6208 6207 6213
f 6208 6213 6169
f 6165 6208 6169
f 4476 3650 6214
f 6209 4476 6214
f 6209 6214 6215
f 6210 6209 6215
f 6210 6215 6216
f 6211 6210 6216
f 6211 6216 6217
f 6212 6211 6217
f 6212 6217 6218
f 6213 6212 6218
f 6213 6218 3627
f 6169 6213 3627
f 3650 3647 6219
f 6214 3650 6219
f 6214 6219 6220
f 6215 6214 6220
f 6215 6220 6221
f 6216 6215 6221
f 6216 6221 6222
f 6217 6216 6222
f 6217 6222 6223
f 6218 6217 6223
f 6218 6223 3626
f 3627 6218 3626
f 3647 3651 6224
f 6219 3647 6224
f 6219 6224 6225
f 6220 6219 6225
f 6220 6225 6226
f 6221 6220 6226
f 6221 6226 6227
f 6222 6221 6227
f 6222 6227 6228
f 6223 6222 6228
f 6223 6228 3630
f 3626 6223 3630
f 3651 3653 6229
f 6224 3651 6229
f 6224 6229 6230
f 6225 6224 6230
f 6225 6230 6231
f 6226 6225 6231
f 6226 6231 6232
f 6227 6226 6232
f 6227 6232 6233
f 6228 6227 6233
f 6228 6233 3632
f 3630 6228 3632
f 3653 3655 5717
f 6229 3653 5717
f 6229 5717 5712
f 6230 6229 5712
f 6230 5712 5707
f 6231 6230 5707
f 6231 5707 5702
f 6232 6231 5702
f 6232 5702 5697
f 6233 6232 5697
f 6233 5697 4152
f 3632 6233 4152
f 4208 3643 3644
f 4567 4208 3644
f 4539 4548 3641
f 3645 4539 3641
f 4530 4539 3645
f 6234 4530 3645
f 3646 4211 6234
f 3645 3646 6234
f 4211 4155 4156
f 6234 4211 4156
f 4523 4530 6234
f 4156 4523 6234
f 3656 4523 4156
f 3655 3656 4156
f 6180 4152 4148
f 6183 6180 4148
f 3633 3632 4152
f 6180 3633 4152
f 4204 6187 4148
f 4145 4204 4148
f 4202 6191 6187
f 4204 4202 6187
f 4200 6195 6191
f 4202 4200 6191
f 4196 6199 6195
f 4200 4196 6195
f 4197 6203 6199
f 4196 4197 6199
f 6235 5690 5689
f 6235 6235 5689
f 6236 6235 5691
f 6236 6236 5691
f 5689 5691 6235
f 5689 5689 6235
f 5392 6237 5103
f 5104 5392 5103
f 6237 6238 5151
f 5103 6237 5151
f 6238 6239 5175
f 5151 6238 5175
f 6239 6240 5199
f 5175 6239 5199
f 6240 6241 5223
f 5199 6240 5223
f 6241 6242 5044
f 5223 6241 5044
f 6074 4185 6243
f 6077 6074 6243
f 6071 4184 4185
f 6074 6071 4185
f 6068 4186 4184
f 6071 6068 4184
f 6065 4187 4186
f 6068 6065 4186
f 6062 4173 4187
f 6065 6062 4187
f 6033 4900 4176
f 6034 6033 4176
f 4171 4176 4900
f 4895 4171 4900
f 6056 6034 4176
f 6059 6056 4176
f 6053 6028 6034
f 6056 6053 6034
f 6050 6022 6028
f 6053 6050 6028
f 6047 6016 6022
f 6050 6047 6022
f 6044 6010 6016
f 6047 6044 6016
f 6040 6003 6010
f 6044 6040 6010
f 6127 6130 6103
f 6096 6127 6103
f 6130 6133 6110
f 6103 6130 6110
f 6133 6136 6117
f 6110 6133 6117
f 6136 6139 4178
f 6117 6136 4178
f 6139 6142 6244
f 4178 6139 6244
f 6244 4180 4177
f 6244 6244 4177
f 4181 4180 6244
f 4181 4181 6244
f 3616 4181 6244
f 6245 3616 6244
f 6120 6039 6040
f 6043 6120 6040
f 6036 6120 6043
f 6038 6036 6043
f 6075 6076 6160
f 6078 6075 6160
f 6076 6077 6161
f 6160 6076 6161
f 4188 4187 4173
f 4169 4188 4173
f 6145 6148 6152
f 6245 6145 6152
f 6142 6145 6245
f 6244 6142 6245
f 4411 4167 4429
f 4419 4411 4429
f 5101 4429 4167
f 4164 5101 4167
f 6246 4428 4429
f 5101 6246 4429
f 5100 4438 4428
f 6246 5100 4428
f 4160 4914 4157
f 4160 4160 4157
f 4282 4290 4159
f 4914 4282 4159
f 4194 4161 4159
f 4299 4194 4159
f 4274 4282 4914
f 6035 4274 4914
f 4265 4274 6035
f 4266 4265 6035
f 4190 4194 4299
f 4308 4190 4299
f 4193 4190 4308
f 4317 4193 4308
f 6247 4193 4317
f 4326 6247 4317
f 6248 6247 4326
f 4335 6248 4326
f 4891 4195 6249
f 4944 4891 6249
f 4944 6249 4994
f 4968 4944 4994
f 4992 4993 6250
f 5018 4992 6250
f 5018 6250 5067
f 5042 5018 5067
f 6251 4192 4193
f 6247 6251 4193
f 6252 4456 4447
f 5099 6252 4447
f 4335 6253 6248
f 4335 4335 6248
f 6254 6253 4344
f 6254 6254 4344
f 6253 6254 5067
f 6253 6253 5067
f 6248 6253 5067
f 6248 6248 5067
f 5245 5066 4344
f 6255 5245 4344
f 5221 5245 6255
f 6256 5221 6255
f 6257 6252 5099
f 6258 6257 5099
f 5197 5221 6256
f 6259 5197 6256
f 6258 5099 5100
f 6260 6258 5100
f 5173 5197 6259
f 6261 5173 6259
f 6260 5100 6246
f 6262 6260 6246
f 6262 6246 5101
f 5098 6262 5101
f 5148 5173 6261
f 6263 5148 6261
f 5149 5148 6263
f 5098 5149 6263
f 4615 4614 6264
f 4189 4615 6264
f 3623 3622 4188
f 4189 3623 4188
f 4614 4639 6265
f 6264 4614 6265
f 4639 4663 6266
f 6265 4639 6266
f 4663 4687 6267
f 6266 4663 6267
f 4687 4711 6268
f 6267 4687 6268
f 4711 4735 6269
f 6268 4711 6269
f 6158 6161 6269
f 6159 6158 6269
f 6077 6243 6269
f 6161 6077 6269
f 5510 6270 6269
f 4735 5510 6269
f 5486 6271 6270
f 5510 5486 6270
f 3611 3608 6271
f 5486 3611 6271
f 6272 3614 3615
f 5069 6272 3615
f 6273 5069 5070
f 6159 6273 5070
f 6274 6272 5069
f 6273 6274 5069
f 6275 5020 5044
f 6242 6275 5044
f 6276 4996 5020
f 6275 6276 5020
f 6277 4970 4996
f 6276 6277 4996
f 6278 4946 4970
f 6277 6278 4970
f 6279 4922 4946
f 6278 6279 4946
f 4868 4867 4922
f 6279 4868 4922
f 6281 2798 6280
f 6281 6281 6280
f 6280 4868 6282
f 6280 6280 6282
f 6281 6280 6282
f 6281 6281 6282
f 6283 5679 5513
f 6283 6283 5513
f 6283 6284 5525
f 5679 6283 5525
f 6285 4916 1364
f 6285 6285 1364
f 4916 6286 4737
f 4916 4916 4737
f 6285 6286 4916
f 6285 6285 4916
f 4737 6287 4569
f 4570 4737 4569
f 6287 6288 4617
f 4569 6287 4617
f 6288 6289 4641
f 4617 6288 4641
f 6289 6290 4665
f 4641 6289 4665
f 6290 6291 4689
f 4665 6290 4689
f 6291 6292 4713
f 4689 6291 4713
f 6293 5488 4713
f 6292 6293 4713
f 6294 5464 5488
f 6293 6294 5488
f 6295 5441 5464
f 6294 6295 5464
f 6296 5418 5441
f 6295 6296 5441
f 6297 5394 5418
f 6296 6297 5418
f 5248 5249 5394
f 6297 5248 5394
f 5514 5248 6298
f 5514 5514 6298
f 4920 6280 1373
f 4920 4920 1373
f 2798 1373 6280
f 2798 2798 6280
f 4842 4868 4920
f 4842 4842 4920
f 6280 4920 4868
f 6280 6280 4868
f 30 3607 6299
f 2818 30 6299
f 2818 6299 4458
f 886 2818 4458
f 3607 3605 6300
f 6299 3607 6300
f 6299 6300 4468
f 4458 6299 4468
f 3605 3603 6301
f 6300 3605 6301
f 6300 6301 4478
f 4468 6300 4478
f 3603 3601 6302
f 6301 3603 6302
f 6301 6302 4486
f 4478 6301 4486
f 3601 3599 6303
f 6302 3601 6303
f 6302 6303 4494
f 4486 6302 4494
f 3599 3597 6304
f 6303 3599 6304
f 6303 6304 4502
f 4494 6303 4502
f 3597 3595 6305
f 6304 3597 6305
f 6304 6305 4510
f 4502 6304 4510
f 3595 3593 6306
f 6305 3595 6306
f 6305 6306 4518
f 4510 6305 4518
f 3593 3591 6307
f 6306 3593 6307
f 6306 6307 4525
f 4518 6306 4525
f 3591 3589 6308
f 6307 3591 6308
f 6307 6308 4532
f 4525 6307 4532
f 3589 3587 6309
f 6308 3589 6309
f 6308 6309 4541
f 4532 6308 4541
f 3587 3585 6310
f 6309 3587 6310
f 6309 6310 4550
f 4541 6309 4550
f 3585 3583 6311
f 6310 3585 6311
f 6310 6311 4559
f 4550 6310 4559
f 3583 1 2831
f 6311 3583 2831
f 6311 2831 1006
f 4559 6311 1006
f 6314 6313 6312
f 6314 6314 6312
f 6312 6315 6314
f 6312 6312 6314
f 6292 6315 6312
f 6292 6292 6312
f 6292 6317 6316
f 6292 6292 6316
f 6317 6318 6316
f 6317 6317 6316
f 6319 6318 6317
f 6319 6319 6317
f 6242 6321 6320
f 6242 6242 6320
f 6323 6322 6321
f 6323 6323 6321
f 6321 6322 6320
f 6321 6321 6320
f 6326 6325 6324
f 6326 6326 6324
f 6324 6327 6326
f 6324 6324 6326
f 6242 6327 6324
f 6242 6242 6324
f 6330 6329 6328
f 6330 6330 6328
f 6331 2473 6330
f 6331 6331 6330
f 6328 6331 6330
f 6328 6328 6330
f 4207 6333 6332
f 4207 4207 6332
f 6333 4207 4567
f 6333 6333 4567
f 1014 6332 6333
f 1014 1014 6333
f 6336 6335 6334
f 6336 6336 6334
f 6337 6334 6335
f 6337 6337 6335
f 2132 6337 6335
f 2132 2132 6335
f 6269 6339 6338
f 6269 6269 6338
f 6338 6339 6243
f 6338 6338 6243
f 6243 3625 6338
f 6243 6243 6338
f 3658 6341 6340
f 3657 3658 6340
f 6341 6343 6342
f 6340 6341 6342
f 6343 6345 6344
f 6342 6343 6344
f 6345 6347 6346
f 6344 6345 6346
f 6347 6349 6348
f 6346 6347 6348
f 6349 6351 6350
f 6348 6349 6350
f 6351 6353 6352
f 6350 6351 6352
f 6353 6355 6354
f 6352 6353 6354
f 6355 6357 6356
f 6354 6355 6356
f 6357 6359 6358
f 6356 6357 6358
f 6359 6361 6360
f 6358 6359 6360
f 6361 3659 3660
f 6360 6361 3660
f 83 3657 6362
f 2883 83 6362
f 2883 6362 6363
f 2885 2883 6363
f 3657 6340 6364
f 6362 3657 6364
f 6362 6364 6365
f 6363 6362 6365
f 6340 6342 6366
f 6364 6340 6366
f 6364 6366 6367
f 6365 6364 6367
f 6342 6344 6368
f 6366 6342 6368
f 6366 6368 6369
f 6367 6366 6369
f 6344 6346 6370
f 6368 6344 6370
f 6368 6370 6371
f 6369 6368 6371
f 6346 6348 6372
f 6370 6346 6372
f 6370 6372 6373
f 6371 6370 6373
f 6348 6350 6374
f 6372 6348 6374
f 6372 6374 6375
f 6373 6372 6375
f 6350 6352 6376
f 6374 6350 6376
f 6374 6376 6377
f 6375 6374 6377
f 6352 6354 6378
f 6376 6352 6378
f 6376 6378 6379
f 6377 6376 6379
f 6354 6356 6380
f 6378 6354 6380
f 6378 6380 6381
f 6379 6378 6381
f 6356 6358 6382
f 6380 6356 6382
f 6380 6382 6383
f 6381 6380 6383
f 6358 6360 6384
f 6382 6358 6384
f 6382 6384 6385
f 6383 6382 6385
f 6360 3660 6386
f 6384 6360 6386
f 6384 6386 6387
f 6385 6384 6387
f 3660 84 2910
f 6386 3660 2910
f 6386 2910 2911
f 6387 6386 2911
f 6388 2913 2912
f 6388 6388 2912
f 6389 6388 2912
f 2916 6389 2912
f 6390 6389 2916
f 2918 6390 2916
f 3659 6390 2918
f 85 3659 2918
f 6392 6391 6389
f 6390 6392 6389
f 6361 6392 6390
f 3659 6361 6390
f 6394 2913 6393
f 6394 6394 6393
f 6359 6395 6392
f 6361 6359 6392
f 6396 2913 6394
f 6396 6396 6394
f 6397 6396 6394
f 6398 6397 6394
f 6357 6399 6395
f 6359 6357 6395
f 6400 2913 6396
f 6400 6400 6396
f 6401 2913 6400
f 6401 6401 6400
f 6402 6401 6400
f 6403 6402 6400
f 6404 6402 6403
f 6405 6404 6403
f 6353 6404 6405
f 6355 6353 6405
f 6406 2913 6401
f 6406 6406 6401
f 6407 6406 6401
f 6402 6407 6401
f 6409 6408 6407
f 6410 6409 6407
f 6349 6409 6410
f 6351 6349 6410
f 6412 2913 6411
f 6412 6412 6411
f 6413 6412 6411
f 6408 6413 6411
f 6414 6413 6408
f 6409 6414 6408
f 6347 6414 6409
f 6349 6347 6409
f 6416 6415 6413
f 6414 6416 6413
f 6418 2913 6417
f 6418 6418 6417
f 6343 6419 6416
f 6345 6343 6416
f 6421 6420 6418
f 6422 6421 6418
f 6423 2913 6420
f 6423 6423 6420
f 6425 6424 6421
f 6426 6425 6421
f 3658 6425 6426
f 6341 3658 6426
f 2955 2913 6423
f 2955 2955 6423
f 2956 2955 6423
f 6424 2956 6423
f 2957 2956 6424
f 6425 2957 6424
f 82 2957 6425
f 3658 82 6425
f 6393 2913 6388
f 6393 6393 6388
f 6391 6393 6388
f 6389 6391 6388
f 6398 6394 6393
f 6391 6398 6393
f 6395 6398 6391
f 6392 6395 6391
f 6399 6397 6398
f 6395 6399 6398
f 6403 6400 6396
f 6397 6403 6396
f 6405 6403 6397
f 6399 6405 6397
f 6355 6405 6399
f 6357 6355 6399
f 6410 6407 6402
f 6404 6410 6402
f 6351 6410 6404
f 6353 6351 6404
f 6411 2913 6406
f 6411 6411 6406
f 6408 6411 6406
f 6407 6408 6406
f 6417 2913 6412
f 6417 6417 6412
f 6415 6417 6412
f 6413 6415 6412
f 6345 6416 6414
f 6347 6345 6414
f 6422 6418 6417
f 6415 6422 6417
f 6419 6422 6415
f 6416 6419 6415
f 6420 2913 6418
f 6420 6420 6418
f 6426 6421 6422
f 6419 6426 6422
f 6341 6426 6419
f 6343 6341 6419
f 6424 6423 6420
f 6421 6424 6420
f 6427 2958 2
f 3582 6427 2
f 6428 2960 2958
f 6427 6428 2958
f 6429 2962 2960
f 6428 6429 2960
f 6430 2964 2962
f 6429 6430 2962
f 6431 2966 2964
f 6430 6431 2964
f 6432 2968 2966
f 6431 6432 2966
f 6387 2911 2968
f 6432 6387 2968
f 6433 6427 3582
f 3584 6433 3582
f 6434 6428 6427
f 6433 6434 6427
f 6435 6429 6428
f 6434 6435 6428
f 6436 6430 6429
f 6435 6436 6429
f 6437 6431 6430
f 6436 6437 6430
f 6438 6432 6431
f 6437 6438 6431
f 6385 6387 6432
f 6438 6385 6432
f 6439 6433 3584
f 3586 6439 3584
f 6440 6434 6433
f 6439 6440 6433
f 6441 6435 6434
f 6440 6441 6434
f 6442 6436 6435
f 6441 6442 6435
f 6443 6437 6436
f 6442 6443 6436
f 6444 6438 6437
f 6443 6444 6437
f 6383 6385 6438
f 6444 6383 6438
f 6445 6439 3586
f 3588 6445 3586
f 6446 6440 6439
f 6445 6446 6439
f 6447 6441 6440
f 6446 6447 6440
f 6448 6442 6441
f 6447 6448 6441
f 6449 6443 6442
f 6448 6449 6442
f 6450 6444 6443
f 6449 6450 6443
f 6381 6383 6444
f 6450 6381 6444
f 6451 6445 3588
f 3590 6451 3588
f 6452 6446 6445
f 6451 6452 6445
f 6453 6447 6446
f 6452 6453 6446
f 6454 6448 6447
f 6453 6454 6447
f 6455 6449 6448
f 6454 6455 6448
f 6456 6450 6449
f 6455 6456 6449
f 6379 6381 6450
f 6456 6379 6450
f 6457 6451 3590
f 3592 6457 3590
f 6458 6452 6451
f 6457 6458 6451
f 6459 6453 6452
f 6458 6459 6452
f 6460 6454 6453
f 6459 6460 6453
f 6461 6455 6454
f 6460 6461 6454
f 6462 6456 6455
f 6461 6462 6455
f 6377 6379 6456
f 6462 6377 6456
f 6463 6457 3592
f 3594 6463 3592
f 6464 6458 6457
f 6463 6464 6457
f 6465 6459 6458
f 6464 6465 6458
f 6466 6460 6459
f 6465 6466 6459
f 6467 6461 6460
f 6466 6467 6460
f 6468 6462 6461
f 6467 6468 6461
f 6375 6377 6462
f 6468 6375 6462
f 6469 6463 3594
f 3596 6469 3594
f 6470 6464 6463
f 6469 6470 6463
f 6471 6465 6464
f 6470 6471 6464
f 6472 6466 6465
f 6471 6472 6465
f 6473 6467 6466
f 6472 6473 6466
f 6474 6468 6467
f 6473 6474 6467
f 6373 6375 6468
f 6474 6373 6468
f 6475 6469 3596
f 3598 6475 3596
f 6476 6470 6469
f 6475 6476 6469
f 6477 6471 6470
f 6476 6477 6470
f 6478 6472 6471
f 6477 6478 6471
f 6479 6473 6472
f 6478 6479 6472
f 6480 6474 6473
f 6479 6480 6473
f 6371 6373 6474
f 6480 6371 6474
f 6481 6475 3598
f 3600 6481 3598
f 6482 6476 6475
f 6481 6482 6475
f 6483 6477 6476
f 6482 6483 6476
f 6484 6478 6477
f 6483 6484 6477
f 6485 6479 6478
f 6484 6485 6478
f 6486 6480 6479
f 6485 6486 6479
f 6369 6371 6480
f 6486 6369 6480
f 6487 6481 3600
f 3602 6487 3600
f 6488 6482 6481
f 6487 6488 6481
f 6489 6483 6482
f 6488 6489 6482
f 6490 6484 6483
f 6489 6490 6483
f 6491 6485 6484
f 6490 6491 6484
f 6492 6486 6485
f 6491 6492 6485
f 6367 6369 6486
f 6492 6367 6486
f 6493 6487 3602
f 3604 6493 3602
f 6494 6488 6487
f 6493 6494 6487
f 6495 6489 6488
f 6494 6495 6488
f 6496 6490 6489
f 6495 6496 6489
f 6497 6491 6490
f 6496 6497 6490
f 6498 6492 6491
f 6497 6498 6491
f 6365 6367 6492
f 6498 6365 6492
f 6499 6493 3604
f 3606 6499 3604
f 6500 6494 6493
f 6499 6500 6493
f 6501 6495 6494
f 6500 6501 6494
f 6502 6496 6495
f 6501 6502 6495
f 6503 6497 6496
f 6502 6503 6496
f 6504 6498 6497
f 6503 6504 6497
f 6363 6365 6498
f 6504 6363 6498
f 3042 6499 3606
f 29 3042 3606
f 3043 6500 6499
f 3042 3043 6499
f 3044 6501 6500
f 3043 3044 6500
f 3045 6502 6501
f 3044 3045 6501
f 3046 6503 6502
f 3045 3046 6502
f 3047 6504 6503
f 3046 3047 6503
f 2885 6363 6504
f 3047 2885 6504
f 6507 6506 6505
f 6508 6507 6505
f 6510 6509 3052
f 3055 6510 3052
f 6511 6510 3055
f 3057 6511 3055
f 6512 6511 3057
f 3059 6512 3057
f 6513 6512 3059
f 3061 6513 3059
f 6514 6513 3061
f 3063 6514 3061
f 6515 6514 3063
f 3065 6515 3063
f 6517 6516 6509
f 6510 6517 6509
f 6518 6517 6510
f 6511 6518 6510
f 6519 6518 6511
f 6512 6519 6511
f 6520 6519 6512
f 6513 6520 6512
f 6521 6520 6513
f 6514 6521 6513
f 6522 6521 6514
f 6515 6522 6514
f 6524 6523 6516
f 6517 6524 6516
f 6525 6524 6517
f 6518 6525 6517
f 6526 6525 6518
f 6519 6526 6518
f 6527 6526 6519
f 6520 6527 6519
f 6528 6527 6520
f 6521 6528 6520
f 6529 6528 6521
f 6522 6529 6521
f 6532 6531 6530
f 6523 6532 6530
f 6533 6532 6523
f 6524 6533 6523
f 6534 6533 6524
f 6525 6534 6524
f 6535 6534 6525
f 6526 6535 6525
f 6536 6535 6526
f 6527 6536 6526
f 6537 6536 6527
f 6528 6537 6527
f 6538 6537 6528
f 6529 6538 6528
f 6540 6539 6531
f 6532 6540 6531
f 6541 6540 6532
f 6533 6541 6532
f 6542 6541 6533
f 6534 6542 6533
f 6543 6542 6534
f 6535 6543 6534
f 6544 6543 6535
f 6536 6544 6535
f 6545 6544 6536
f 6537 6545 6536
f 6546 6545 6537
f 6538 6546 6537
f 6549 6548 6547
f 6550 6549 6547
f 6552 6551 6548
f 6549 6552 6548
f 6554 6553 6551
f 6552 6554 6551
f 6556 6555 6553
f 6554 6556 6553
f 6558 6557 6555
f 6556 6558 6555
f 6560 6559 6557
f 6558 6560 6557
f 6562 6561 6559
f 6560 6562 6559
f 6563 6549 6550
f 6564 6563 6550
f 6565 6552 6549
f 6563 6565 6549
f 6566 6554 6552
f 6565 6566 6552
f 6567 6556 6554
f 6566 6567 6554
f 6568 6558 6556
f 6567 6568 6556
f 6569 6560 6558
f 6568 6569 6558
f 6570 6562 6560
f 6569 6570 6560
f 6571 6563 6564
f 6572 6571 6564
f 6573 6565 6563
f 6571 6573 6563
f 6574 6566 6565
f 6573 6574 6565
f 6575 6567 6566
f 6574 6575 6566
f 6576 6568 6567
f 6575 6576 6567
f 6577 6569 6568
f 6576 6577 6568
f 6578 6570 6569
f 6577 6578 6569
f 6579 6571 6572
f 6580 6579 6572
f 6581 6573 6571
f 6579 6581 6571
f 6582 6574 6573
f 6581 6582 6573
f 6583 6575 6574
f 6582 6583 6574
f 6584 6576 6575
f 6583 6584 6575
f 6585 6577 6576
f 6584 6585 6576
f 6586 6578 6577
f 6585 6586 6577
f 6540 6579 6580
f 6539 6540 6580
f 6541 6581 6579
f 6540 6541 6579
f 6542 6582 6581
f 6541 6542 6581
f 6543 6583 6582
f 6542 6543 6582
f 6544 6584 6583
f 6543 6544 6583
f 6545 6585 6584
f 6544 6545 6584
f 6546 6586 6585
f 6545 6546 6585
f 6588 6587 6547
f 6548 6588 6547
f 6589 6588 6548
f 6551 6589 6548
f 6590 6589 6551
f 6553 6590 6551
f 6591 6590 6553
f 6555 6591 6553
f 6592 6591 6555
f 6557 6592 6555
f 6593 6592 6557
f 6559 6593 6557
f 6594 6593 6559
f 6561 6594 6559
f 6596 6595 6587
f 6588 6596 6587
f 6597 6596 6588
f 6589 6597 6588
f 6598 6597 6589
f 6590 6598 6589
f 6599 6598 6590
f 6591 6599 6590
f 6600 6599 6591
f 6592 6600 6591
f 6601 6600 6592
f 6593 6601 6592
f 6602 6601 6593
f 6594 6602 6593
f 6604 6603 6595
f 6596 6604 6595
f 6605 6604 6596
f 6597 6605 6596
f 6606 6605 6597
f 6598 6606 6597
f 6607 6606 6598
f 6599 6607 6598
f 6608 6607 6599
f 6600 6608 6599
f 6609 6608 6600
f 6601 6609 6600
f 6610 6609 6601
f 6602 6610 6601
f 6612 6611 6604
f 6605 6612 6604
f 6613 6612 6605
f 6606 6613 6605
f 6614 6613 6606
f 6607 6614 6606
f 6615 6614 6607
f 6608 6615 6607
f 6616 6615 6608
f 6609 6616 6608
f 6617 6616 6609
f 6610 6617 6609
f 3170 3169 6618
f 6611 3170 6618
f 3171 3170 6611
f 6612 3171 6611
f 3172 3171 6612
f 6613 3172 6612
f 3173 3172 6613
f 6614 3173 6613
f 3174 3173 6614
f 6615 3174 6614
f 3175 3174 6615
f 6616 3175 6615
f 3176 3175 6616
f 6617 3176 6616
f 3179 3178 6619
f 3179 3179 6619
f 6620 3180 3179
f 6619 6620 3179
f 6621 3182 3180
f 6620 6621 3180
f 6622 3184 3182
f 6621 6622 3182
f 6619 3178 6623
f 6619 6619 6623
f 6624 6620 6619
f 6623 6624 6619
f 6625 6621 6620
f 6624 6625 6620
f 6626 6622 6621
f 6625 6626 6621
f 6623 3178 6627
f 6623 6623 6627
f 6628 6624 6623
f 6627 6628 6623
f 6629 6625 6624
f 6628 6629 6624
f 6630 6626 6625
f 6629 6630 6625
f 6627 3178 6631
f 6627 6627 6631
f 6632 6628 6627
f 6631 6632 6627
f 6633 6629 6628
f 6632 6633 6628
f 6634 6630 6629
f 6633 6634 6629
f 6631 3178 6635
f 6631 6631 6635
f 6636 6632 6631
f 6635 6636 6631
f 6637 6633 6632
f 6636 6637 6632
f 6507 6634 6633
f 6637 6507 6633
f 6639 3178 6638
f 6639 6639 6638
f 6640 6639 6638
f 6641 6640 6638
f 6642 6640 6641
f 6643 6642 6641
f 6644 6642 6643
f 6645 6644 6643
f 6646 3178 6639
f 6646 6646 6639
f 6647 6646 6639
f 6640 6647 6639
f 6648 6647 6640
f 6642 6648 6640
f 6649 6648 6642
f 6644 6649 6642
f 6650 3178 6646
f 6650 6650 6646
f 6651 6650 6646
f 6647 6651 6646
f 6652 6651 6647
f 6648 6652 6647
f 6653 6652 6648
f 6649 6653 6648
f 6654 3178 6650
f 6654 6654 6650
f 6655 6654 6650
f 6651 6655 6650
f 6656 6655 6651
f 6652 6656 6651
f 6506 6656 6652
f 6653 6506 6652
f 6635 3178 6654
f 6635 6635 6654
f 6636 6635 6654
f 6655 6636 6654
f 6637 6636 6655
f 6656 6637 6655
f 6507 6637 6656
f 6506 6507 6656
f 6638 3178 6657
f 6638 6638 6657
f 6658 6641 6638
f 6657 6658 6638
f 6659 6643 6641
f 6658 6659 6641
f 6660 6645 6643
f 6659 6660 6643
f 6657 3178 6661
f 6657 6657 6661
f 6662 6658 6657
f 6661 6662 6657
f 6663 6659 6658
f 6662 6663 6658
f 6664 6660 6659
f 6663 6664 6659
f 6661 3178 6665
f 6661 6661 6665
f 6666 6662 6661
f 6665 6666 6661
f 6667 6663 6662
f 6666 6667 6662
f 6668 6664 6663
f 6667 6668 6663
f 6665 3178 6669
f 6665 6665 6669
f 6670 6666 6665
f 6669 6670 6665
f 6671 6667 6666
f 6670 6671 6666
f 6672 6668 6667
f 6671 6672 6667
f 6669 3178 3236
f 6669 6669 3236
f 3237 6670 6669
f 3236 3237 6669
f 3238 6671 6670
f 3237 3238 6670
f 3239 6672 6671
f 3238 3239 6671
f 3242 3241 6673
f 6674 3242 6673
f 3241 3176 6617
f 6673 3241 6617
f 6674 6673 6675
f 6676 6674 6675
f 6673 6617 6610
f 6675 6673 6610
f 6676 6675 6677
f 6678 6676 6677
f 6675 6610 6602
f 6677 6675 6602
f 6678 6677 6679
f 6680 6678 6679
f 6677 6602 6594
f 6679 6677 6594
f 6680 6679 6681
f 6682 6680 6681
f 6679 6594 6561
f 6681 6679 6561
f 6685 6684 6683
f 6686 6685 6683
f 6686 6683 6586
f 6546 6686 6586
f 6684 6688 6687
f 6683 6684 6687
f 6683 6687 6578
f 6586 6683 6578
f 6688 6690 6689
f 6687 6688 6689
f 6687 6689 6570
f 6578 6687 6570
f 6690 6692 6691
f 6689 6690 6691
f 6689 6691 6562
f 6570 6689 6562
f 6692 6682 6681
f 6691 6692 6681
f 6691 6681 6561
f 6562 6691 6561
f 6685 6686 6693
f 6694 6685 6693
f 6686 6546 6538
f 6693 6686 6538
f 6694 6693 6695
f 6696 6694 6695
f 6693 6538 6529
f 6695 6693 6529
f 6696 6695 6697
f 6698 6696 6697
f 6695 6529 6522
f 6697 6695 6522
f 6698 6697 6699
f 6700 6698 6699
f 6697 6522 6515
f 6699 6697 6515
f 6700 6699 3270
f 3271 6700 3270
f 6699 6515 3065
f 3270 6699 3065
f 6701 6700 3271
f 3273 6701 3271
f 6702 6698 6700
f 6701 6702 6700
f 6703 6696 6698
f 6702 6703 6698
f 6704 6694 6696
f 6703 6704 6696
f 6508 6685 6694
f 6704 6508 6694
f 6706 6705 6682
f 6692 6706 6682
f 6707 6706 6692
f 6690 6707 6692
f 6708 6707 6690
f 6688 6708 6690
f 6505 6708 6688
f 6684 6505 6688
f 6508 6505 6684
f 6685 6508 6684
f 6709 6680 6682
f 6705 6709 6682
f 6710 6678 6680
f 6709 6710 6680
f 6711 6676 6678
f 6710 6711 6678
f 6712 6674 6676
f 6711 6712 6676
f 3285 3242 6674
f 6712 3285 6674
f 6622 6701 3273
f 3184 6622 3273
f 6626 6702 6701
f 6622 6626 6701
f 6630 6703 6702
f 6626 6630 6702
f 6634 6704 6703
f 6630 6634 6703
f 6506 6653 6708
f 6505 6506 6708
f 6507 6508 6704
f 6634 6507 6704
f 6653 6649 6707
f 6708 6653 6707
f 6649 6644 6706
f 6707 6649 6706
f 6644 6645 6705
f 6706 6644 6705
f 6660 6709 6705
f 6645 6660 6705
f 6664 6710 6709
f 6660 6664 6709
f 6668 6711 6710
f 6664 6668 6710
f 6672 6712 6711
f 6668 6672 6711
f 3239 3285 6712
f 6672 3239 6712
f 6611 6618 6603
f 6604 6611 6603
f 2156 6714 6713
f 2156 2156 6713
f 4198 6713 6714
f 4198 4198 6714
f 6714 6203 4198
f 6714 6714 4198
f 6715 1364 3288
f 6715 6715 3288
f 3288 6717 6716
f 6715 3288 6716
f 6717 6719 6718
f 6716 6717 6718
f 6719 6721 6720
f 6718 6719 6720
f 6721 6313 6722
f 6720 6721 6722
f 6724 5513 6723
f 6724 6724 6723
f 6724 6723 6725
f 6726 6724 6725
f 6726 6725 6727
f 6728 6726 6727
f 6728 6727 6729
f 6730 6728 6729
f 6731 5513 6724
f 6731 6731 6724
f 6284 5513 6731
f 6284 6284 6731
f 6724 6733 6732
f 6731 6724 6732
f 6731 6732 6734
f 6284 6731 6734
f 6733 6736 6735
f 6732 6733 6735
f 6732 6735 6737
f 6734 6732 6737
f 6736 6739 6738
f 6735 6736 6738
f 6735 6738 6740
f 6737 6735 6740
f 3317 3316 6741
f 3317 3317 6741
f 3317 6741 6742
f 3319 3317 6742
f 3319 6742 6743
f 3321 3319 6743
f 3321 6743 6717
f 3288 3321 6717
f 6741 3316 6744
f 6741 6741 6744
f 6741 6744 6745
f 6742 6741 6745
f 6742 6745 6746
f 6743 6742 6746
f 6743 6746 6719
f 6717 6743 6719
f 6744 3316 6747
f 6744 6744 6747
f 6744 6747 6748
f 6745 6744 6748
f 6745 6748 6749
f 6746 6745 6749
f 6746 6749 6721
f 6719 6746 6721
f 6747 3316 6750
f 6747 6747 6750
f 6747 6750 6751
f 6748 6747 6751
f 6748 6751 6752
f 6749 6748 6752
f 6749 6752 6313
f 6721 6749 6313
f 6750 3316 6753
f 6750 6750 6753
f 6750 6753 6754
f 6751 6750 6754
f 6751 6754 6755
f 6752 6751 6755
f 6752 6755 6292
f 6313 6752 6292
f 6753 3316 6756
f 6753 6753 6756
f 6753 6756 6757
f 6754 6753 6757
f 6754 6757 6758
f 6755 6754 6758
f 6755 6758 6319
f 6292 6755 6319
f 6756 3316 6759
f 6756 6756 6759
f 6756 6759 6760
f 6757 6756 6760
f 6757 6760 6761
f 6758 6757 6761
f 6758 6761 6730
f 6319 6758 6730
f 6759 3316 6762
f 6759 6759 6762
f 6759 6762 6763
f 6760 6759 6763
f 6760 6763 6764
f 6761 6760 6764
f 6761 6764 6728
f 6730 6761 6728
f 6762 3316 6765
f 6762 6762 6765
f 6762 6765 6766
f 6763 6762 6766
f 6763 6766 6767
f 6764 6763 6767
f 6764 6767 6726
f 6728 6764 6726
f 6765 3316 6768
f 6765 6765 6768
f 6765 6768 6769
f 6766 6765 6769
f 6766 6769 6770
f 6767 6766 6770
f 6767 6770 6724
f 6726 6767 6724
f 6768 3316 6771
f 6768 6768 6771
f 6768 6771 6772
f 6769 6768 6772
f 6769 6772 6773
f 6770 6769 6773
f 6770 6773 6733
f 6724 6770 6733
f 6771 3316 6774
f 6771 6771 6774
f 6771 6774 6775
f 6772 6771 6775
f 6772 6775 6776
f 6773 6772 6776
f 6773 6776 6736
f 6733 6773 6736
f 6774 3316 6777
f 6774 6774 6777
f 6774 6777 6778
f 6775 6774 6778
f 6775 6778 6779
f 6776 6775 6779
f 6776 6779 6739
f 6736 6776 6739
f 6777 3316 6780
f 6777 6777 6780
f 6777 6780 6781
f 6778 6777 6781
f 6778 6781 6782
f 6779 6778 6782
f 6779 6782 6336
f 6739 6779 6336
f 6780 3316 3361
f 6780 6780 3361
f 6780 3361 3362
f 6781 6780 3362
f 6781 3362 3363
f 6782 6781 3363
f 6782 3363 2132
f 6336 6782 2132
f 6286 1364 6715
f 6286 6286 6715
f 6715 6716 6783
f 6286 6715 6783
f 6716 6718 6784
f 6783 6716 6784
f 6718 6720 6785
f 6784 6718 6785
f 6720 6722 6314
f 6785 6720 6314
f 6727 6787 6786
f 6729 6727 6786
f 6725 6788 6787
f 6727 6725 6787
f 6723 6298 6788
f 6725 6723 6788
f 6723 5513 6298
f 6723 6723 6298
f 6729 6786 6318
f 6789 6729 6318
f 6730 6729 6789
f 6319 6730 6789
f 3372 2798 6790
f 3372 3372 6790
f 3372 6790 6791
f 6792 3372 6791
f 6792 6791 6793
f 6794 6792 6793
f 6794 6793 6795
f 6796 6794 6795
f 6796 6795 6797
f 6323 6796 6797
f 6799 5690 6798
f 6799 6799 6798
f 6798 6801 6800
f 6799 6798 6800
f 6801 6803 6802
f 6800 6801 6802
f 6803 6805 6804
f 6802 6803 6804
f 6798 5690 6806
f 6798 6798 6806
f 6806 5690 6236
f 6806 6806 6236
f 6798 6806 6807
f 6808 6798 6807
f 6806 6236 6809
f 6807 6806 6809
f 6808 6807 6810
f 6811 6808 6810
f 6807 6809 6812
f 6810 6807 6812
f 6811 6810 6813
f 6814 6811 6813
f 6810 6812 6815
f 6813 6810 6815
f 3400 3399 6816
f 6817 3400 6816
f 3399 3403 6818
f 6816 3399 6818
f 3403 3405 6819
f 6818 3403 6819
f 3405 3407 6820
f 6819 3405 6820
f 3407 3409 6821
f 6820 3407 6821
f 3409 3411 6822
f 6821 3409 6822
f 3411 3413 6823
f 6822 3411 6823
f 3413 3415 6824
f 6823 3413 6824
f 3415 3372 6792
f 6824 3415 6792
f 6816 6818 6825
f 6826 6816 6825
f 6818 6819 6827
f 6825 6818 6827
f 6819 6820 6828
f 6827 6819 6828
f 6820 6821 6829
f 6828 6820 6829
f 6821 6822 6830
f 6829 6821 6830
f 6822 6823 6831
f 6830 6822 6831
f 6823 6824 6832
f 6831 6823 6832
f 6824 6792 6794
f 6832 6824 6794
f 6826 6825 6833
f 6834 6826 6833
f 6825 6827 6835
f 6833 6825 6835
f 6827 6828 6836
f 6835 6827 6836
f 6828 6829 6837
f 6836 6828 6837
f 6829 6830 6838
f 6837 6829 6838
f 6830 6831 6839
f 6838 6830 6839
f 6831 6832 6840
f 6839 6831 6840
f 6832 6794 6796
f 6840 6832 6796
f 6833 6835 6841
f 6842 6833 6841
f 6835 6836 6843
f 6841 6835 6843
f 6836 6837 6844
f 6843 6836 6844
f 6837 6838 6845
f 6844 6837 6845
f 6838 6839 6846
f 6845 6838 6846
f 6839 6840 6847
f 6846 6839 6847
f 6840 6796 6323
f 6847 6840 6323
f 6849 6842 6848
f 6850 6849 6848
f 6842 6841 6851
f 6848 6842 6851
f 6841 6843 6852
f 6851 6841 6852
f 6843 6844 6853
f 6852 6843 6853
f 6844 6845 6854
f 6853 6844 6854
f 6845 6846 6855
f 6854 6845 6855
f 6846 6847 6856
f 6855 6846 6856
f 6847 6323 6242
f 6856 6847 6242
f 6859 6858 6857
f 6860 6859 6857
f 6860 6857 6861
f 6862 6860 6861
f 6862 6861 6863
f 6864 6862 6863
f 6864 6863 6865
f 6866 6864 6865
f 6866 6865 6867
f 6868 6866 6867
f 6868 6867 6869
f 6870 6868 6869
f 6870 6869 6871
f 6872 6870 6871
f 6872 6871 6801
f 6798 6872 6801
f 6858 6874 6873
f 6857 6858 6873
f 6857 6873 6875
f 6861 6857 6875
f 6861 6875 6876
f 6863 6861 6876
f 6863 6876 6877
f 6865 6863 6877
f 6865 6877 6878
f 6867 6865 6878
f 6867 6878 6879
f 6869 6867 6879
f 6869 6879 6880
f 6871 6869 6880
f 6871 6880 6803
f 6801 6871 6803
f 6874 6882 6881
f 6873 6874 6881
f 6873 6881 6883
f 6875 6873 6883
f 6875 6883 6884
f 6876 6875 6884
f 6876 6884 6885
f 6877 6876 6885
f 6877 6885 6886
f 6878 6877 6886
f 6878 6886 6887
f 6879 6878 6887
f 6879 6887 6888
f 6880 6879 6888
f 6880 6888 6805
f 6803 6880 6805
f 6882 6890 6889
f 6881 6882 6889
f 6881 6889 6891
f 6883 6881 6891
f 6883 6891 6892
f 6884 6883 6892
f 6884 6892 6893
f 6885 6884 6893
f 6885 6893 6894
f 6886 6885 6894
f 6886 6894 6895
f 6887 6886 6895
f 6887 6895 6896
f 6888 6887 6896
f 6888 6896 6325
f 6805 6888 6325
f 6890 6850 6848
f 6889 6890 6848
f 6889 6848 6851
f 6891 6889 6851
f 6891 6851 6852
f 6892 6891 6852
f 6892 6852 6853
f 6893 6892 6853
f 6893 6853 6854
f 6894 6893 6854
f 6894 6854 6855
f 6895 6894 6855
f 6895 6855 6856
f 6896 6895 6856
f 6896 6856 6242
f 6325 6896 6242
f 6860 6862 6897
f 6898 6860 6897
f 6862 6864 6899
f 6897 6862 6899
f 6864 6866 6900
f 6899 6864 6900
f 6866 6868 6901
f 6900 6866 6901
f 6868 6870 6902
f 6901 6868 6902
f 6870 6872 6903
f 6902 6870 6903
f 6872 6798 6808
f 6903 6872 6808
f 6898 6897 6904
f 6905 6898 6904
f 6897 6899 6906
f 6904 6897 6906
f 6899 6900 6907
f 6906 6899 6907
f 6900 6901 6908
f 6907 6900 6908
f 6901 6902 6909
f 6908 6901 6909
f 6902 6903 6910
f 6909 6902 6910
f 6903 6808 6811
f 6910 6903 6811
f 6912 6905 6911
f 6913 6912 6911
f 6905 6904 6914
f 6911 6905 6914
f 6904 6906 6915
f 6914 6904 6915
f 6906 6907 6916
f 6915 6906 6916
f 6907 6908 6917
f 6916 6907 6917
f 6908 6909 6918
f 6917 6908 6918
f 6909 6910 6919
f 6918 6909 6919
f 6910 6811 6814
f 6919 6910 6814
f 6913 6911 6920
f 6921 6913 6920
f 6911 6914 6922
f 6920 6911 6922
f 6914 6915 6923
f 6922 6914 6923
f 6915 6916 6924
f 6923 6915 6924
f 6916 6917 6925
f 6924 6916 6925
f 6917 6918 6926
f 6925 6917 6926
f 6918 6919 6927
f 6926 6918 6927
f 6919 6814 6329
f 6927 6919 6329
f 6921 6920 3519
f 3520 6921 3519
f 6920 6922 3521
f 3519 6920 3521
f 6922 6923 3522
f 3521 6922 3522
f 6923 6924 3523
f 3522 6923 3523
f 6924 6925 3524
f 3523 6924 3524
f 6925 6926 3525
f 3524 6925 3525
f 6926 6927 3526
f 3525 6926 3526
f 6927 6329 2473
f 3526 6927 2473
f 6928 5690 6799
f 6928 6928 6799
f 6799 6800 6929
f 6928 6799 6929
f 6804 6930 6326
f 6931 6804 6326
f 6805 6325 6930
f 6804 6805 6930
f 6802 6804 6931
f 6932 6802 6931
f 6800 6802 6932
f 6929 6800 6932
f 6795 6933 6322
f 6797 6795 6322
f 6793 6934 6933
f 6795 6793 6933
f 6791 6935 6934
f 6793 6791 6934
f 6790 6282 6935
f 6791 6790 6935
f 6790 2798 6282
f 6790 6790 6282
f 6834 6833 6842
f 6849 6834 6842
f 6257 6255 4456
f 6257 6257 4456
f 6936 4456 6255
f 6936 6936 6255
f 6159 6937 6274
f 6159 6159 6274
f 6269 6937 6938
f 6269 6269 6938
f 6937 6159 6938
f 6937 6937 6938
f 6941 6940 6939
f 6942 6941 6939
f 6942 6939 6943
f 6944 6942 6943
f 6944 6943 6945
f 6946 6944 6945
f 6949 6948 6947
f 6950 6949 6947
f 6948 6952 6951
f 6947 6948 6951
f 6955 6954 6953
f 6956 6955 6953
f 6949 6950 6957
f 6958 6949 6957
f 6958 6957 6959
f 6960 6958 6959
f 6960 6959 6961
f 6962 6960 6961
f 6964 6962 6963
f 6965 6964 6963
f 6962 6961 6966
f 6963 6962 6966
f 6963 6966 3566
f 3567 6963 3566
f 6814 6813 6967
f 6329 6814 6967
f 6813 6815 6328
f 6967 6813 6328
f 6968 6928 5392
f 6968 6968 5392
f 5392 6969 6968
f 5392 5392 6968
f 6969 5690 6968
f 6969 6969 6968
f 5521 6969 5392
f 5368 5521 5392
f 5522 5690 6969
f 5521 5522 6969
f 5514 6970 5513
f 5514 5514 5513
f 6298 6970 5514
f 6298 6298 5514
f 6738 6971 6334
f 6740 6738 6334
f 6739 6336 6971
f 6738 6739 6971
f 6972 6248 5067
f 6972 6972 5067
f 6972 6251 6247
f 6248 6972 6247
f 6255 6973 6936
f 6255 6255 6936
f 6973 4344 6936
f 6973 6973 6936
f 6032 4899 4900
f 6033 6032 4900
f 3624 6243 4185
f 3619 3624 4185
f 3612 3616 6245
f 6152 3612 6245
f 3615 3612 6152
f 5068 3615 6152
f 6974 6817 6940
f 6941 6974 6940
f 3576 3400 6817
f 6974 3576 6817
f 3577 3576 6974
f 6618 3577 6974
f 6618 6974 6941
f 6603 6618 6941
f 6603 6941 6942
f 6975 6603 6942
f 6975 6942 6944
f 6587 6975 6944
f 6587 6944 6946
f 6547 6587 6946
f 6550 6547 6946
f 6954 6550 6946
f 6564 6550 6954
f 6955 6564 6954
f 6572 6564 6955
f 6952 6572 6955
f 6580 6572 6952
f 6948 6580 6952
f 6539 6580 6948
f 6949 6539 6948
f 6539 6949 6958
f 6531 6539 6958
f 6530 6960 6962
f 6964 6530 6962
f 6531 6958 6960
f 6530 6531 6960
f 6523 6530 6964
f 6516 6523 6964
f 6516 6964 6965
f 6509 6516 6965
f 6965 6963 3567
f 3579 6965 3567
f 6509 6965 3579
f 3052 6509 3579
f 6966 6921 3520
f 3566 6966 3520
f 6961 6913 6921
f 6966 6961 6921
f 6959 6912 6913
f 6961 6959 6913
f 6859 6860 6898
f 6976 6859 6898
f 6976 6898 6905
f 6912 6976 6905
f 6950 6859 6976
f 6957 6950 6976
f 6950 6947 6858
f 6859 6950 6858
f 6947 6951 6874
f 6858 6947 6874
f 6951 6956 6882
f 6874 6951 6882
f 6952 6955 6956
f 6951 6952 6956
f 6956 6953 6890
f 6882 6956 6890
f 6953 6945 6850
f 6890 6953 6850
f 6954 6946 6945
f 6953 6954 6945
f 6943 6849 6850
f 6945 6943 6850
f 6939 6834 6849
f 6943 6939 6849
f 6817 6816 6826
f 6940 6817 6826
f 6940 6826 6834
f 6939 6940 6834
f 6957 6976 6912
f 6959 6957 6912
f 4257 4266 6024
f 6018 4257 6024
f 4248 4257 6018
f 6012 4248 6018
f 4239 4248 6012
f 6006 4239 6012
f 4229 4239 6006
f 5993 4229 6006
f 4266 6035 6030
f 6024 4266 6030
f 4403 3663 4167
f 4411 4403 4167
f 4395 6112 3663
f 4403 4395 3663
f 4387 6105 6112
f 4395 4387 6112
f 4379 6098 6105
f 4387 4379 6105
f 4370 4371 6098
f 4379 4370 6098
f 5291 3617 6977
f 5416 5291 6977
f 5416 6977 3609
f 3610 5416 3609
