# Converted from GDF: nacelle.gdf
# Rhino->WAMIT file export (mesh)
# Vertices: 1851
# Faces: 3980

o Rhino->WAMIT_file_export_(mesh)

v -1.368020 -2.092490 0.000000
v -1.148240 -2.220710 0.000000
v -1.148240 -2.220710 0.937410
v -0.920240 -2.324470 0.937410
v -0.920240 -2.324470 0.000000
v -0.687900 -2.403500 0.937410
v -0.687900 -2.403500 0.000000
v -0.454910 -2.458260 0.937410
v -0.454910 -2.458260 0.000000
v -0.224640 -2.489890 0.937410
v -0.224640 -2.489890 0.000000
v 0.000000 -2.500000 0.937410
v 0.000000 -2.500000 0.000000
v 0.224640 -2.489890 0.937410
v 0.224640 -2.489890 0.000000
v 0.224640 -2.489890 1.874830
v 0.000000 -2.500000 1.874830
v 0.454910 -2.458260 0.937410
v 0.454910 -2.458260 0.000000
v 0.454910 -2.458260 1.874830
v 0.687900 -2.403500 0.937410
v 0.687900 -2.403500 0.000000
v 0.687900 -2.403500 1.874830
v 0.920240 -2.324470 0.937410
v 0.920240 -2.324470 0.000000
v 0.920240 -2.324470 1.874830
v 1.148240 -2.220710 0.937410
v 1.148240 -2.220710 0.000000
v 1.148240 -2.220710 1.874830
v 1.368020 -2.092490 0.937410
v 1.368020 -2.092490 0.000000
v 1.368020 -2.092490 1.874830
v 1.575750 -1.940880 0.937410
v 1.575750 -1.940880 0.000000
v 1.575750 -1.940880 1.874830
v 1.575750 -1.940880 2.812240
v 1.767770 -1.767770 0.937410
v 1.767770 -1.767770 0.000000
v 1.767770 -1.767770 1.874830
v 1.767770 -1.767770 2.812240
v 1.940880 -1.575750 0.937410
v 1.940880 -1.575750 0.000000
v 1.940880 -1.575750 1.874830
v 1.940880 -1.575750 2.812240
v 2.092490 -1.368020 0.937410
v 2.092490 -1.368020 0.000000
v 2.092490 -1.368020 1.874830
v 2.092490 -1.368020 2.812240
v 2.220710 -1.148240 0.937410
v 2.220710 -1.148240 0.000000
v 2.220710 -1.148240 1.874830
v 2.220710 -1.148240 2.812240
v 2.324470 -0.920240 0.937410
v 2.324470 -0.920240 0.000000
v 2.324470 -0.920240 1.874830
v 2.324470 -0.920240 2.812240
v 2.403500 -0.687900 0.937410
v 2.403500 -0.687900 0.000000
v 2.403500 -0.687900 1.874830
v 2.403500 -0.687900 2.812240
v 2.458260 -0.454910 0.937410
v 2.458260 -0.454910 0.000000
v 2.458260 -0.454910 1.874830
v 2.458260 -0.454910 2.812240
v 2.489890 -0.224640 0.937410
v 2.489890 -0.224640 0.000000
v 2.489890 -0.224640 1.874830
v 2.489890 -0.224640 2.812240
v 2.500000 -0.000000 0.937410
v 2.500000 -0.000000 0.000000
v 2.500000 -0.000000 1.874830
v 2.500000 -0.000000 2.812240
v 2.489890 0.224640 0.937410
v 2.489890 0.224640 0.000000
v 2.489890 0.224640 1.874830
v 2.489890 0.224640 2.812240
v 2.458260 0.454910 0.937410
v 2.458260 0.454910 0.000000
v 2.458260 0.454910 1.874830
v 2.458260 0.454910 2.812240
v 2.403500 0.687900 0.937410
v 2.403500 0.687900 0.000000
v 2.403500 0.687900 1.874830
v 2.403500 0.687900 2.812240
v 2.324470 0.920240 0.937410
v 2.324470 0.920240 0.000000
v 2.324470 0.920240 1.874830
v 2.324470 0.920240 2.812240
v 2.220710 1.148240 0.937410
v 2.220710 1.148240 0.000000
v 2.220710 1.148240 1.874830
v 2.220710 1.148240 2.812240
v 2.092490 1.368020 0.937410
v 2.092490 1.368020 0.000000
v 2.092490 1.368020 1.874830
v 2.092490 1.368020 2.812240
v 1.940880 1.575750 0.937410
v 1.940880 1.575750 0.000000
v 1.940880 1.575750 1.874830
v 1.940880 1.575750 2.812240
v 1.767770 1.767770 0.937410
v 1.767770 1.767770 0.000000
v 1.767770 1.767770 1.874830
v 1.767770 1.767770 2.812240
v 1.575750 1.940880 0.937410
v 1.575750 1.940880 0.000000
v 1.575750 1.940880 1.874830
v 1.575750 1.940880 2.812240
v 1.368020 2.092490 0.937410
v 1.368020 2.092490 0.000000
v 1.368020 2.092490 1.874830
v 1.148240 2.220710 0.937410
v 1.148240 2.220710 0.000000
v 1.148240 2.220710 1.874830
v 0.920240 2.324470 0.937410
v 0.920240 2.324470 0.000000
v 0.920240 2.324470 1.874830
v 0.687900 2.403500 0.937410
v 0.687900 2.403500 0.000000
v 0.687900 2.403500 1.874830
v 0.454910 2.458260 0.937410
v 0.454910 2.458260 0.000000
v 0.454910 2.458260 1.874830
v 0.224640 2.489890 0.937410
v 0.224640 2.489890 0.000000
v 0.224640 2.489890 1.874830
v 0.000000 2.500000 0.937410
v 0.000000 2.500000 0.000000
v 0.000000 2.500000 1.874830
v -0.224640 2.489890 0.937410
v -0.224640 2.489890 0.000000
v -0.454910 2.458260 0.937410
v -0.454910 2.458260 0.000000
v -0.687900 2.403500 0.937410
v -0.687900 2.403500 0.000000
v -0.920240 2.324470 0.937410
v -0.920240 2.324470 0.000000
v -1.148240 2.220710 0.937410
v -1.148240 2.220710 0.000000
v -1.368020 2.092490 0.000000
v -2.500000 0.000000 0.275840
v -2.500000 0.000000 0.000000
v -2.489890 -0.224640 0.000000
v -2.448000 -0.507240 0.311960
v -2.458260 -0.454910 0.000000
v -2.403500 -0.687900 0.000000
v -2.486810 -0.256460 0.285000
v -2.297930 -0.984630 0.416220
v -2.324470 -0.920240 0.000000
v -2.220710 -1.148240 0.000000
v -2.065280 -1.408760 0.577860
v -2.092490 -1.368020 0.000000
v -1.940880 -1.575750 0.000000
v -2.190710 -1.204500 0.490720
v -2.384670 -0.750550 0.355960
v -1.923640 -1.596740 0.676270
v -1.767770 -1.767770 0.000000
v -1.767770 -1.767770 0.784560
v -1.575750 -1.940880 0.000000
v -1.576430 -1.940340 0.917500
v -1.372370 -2.089640 1.059270
v -0.706900 -2.397980 1.521620
v -0.935430 -2.318400 1.362840
v -1.157930 -2.215660 1.208260
v -0.473680 -2.454720 1.683650
v -0.237470 -2.488690 1.847760
v 0.000000 -2.500000 2.012750
v 0.237470 -2.488690 2.177730
v 0.473680 -2.454720 2.341840
v 0.935430 -2.318400 2.662650
v 0.706900 -2.397980 2.503870
v 1.157930 -2.215660 2.817230
v 1.372370 -2.089640 2.966220
v 1.576430 -1.940340 3.107990
v 1.923640 -1.596740 3.349220
v 2.190710 -1.204500 3.534770
v 2.065280 -1.408760 3.447630
v 2.384670 -0.750550 3.669530
v 2.486810 -0.256460 3.740500
v 2.448000 -0.507240 3.713530
v 2.297930 -0.984630 3.609270
v 1.767770 -1.767770 3.240930
v 2.500000 -0.000000 3.749660
v -0.473680 2.454720 1.683650
v -1.576430 1.940340 0.917500
v -1.575750 1.940880 0.000000
v -1.767770 1.767770 0.000000
v -1.767770 1.767770 0.784560
v -1.372370 2.089640 1.059270
v -0.935430 2.318400 1.362840
v -0.706900 2.397980 1.521620
v -0.237470 2.488690 1.847760
v -1.157930 2.215660 1.208260
v -2.065280 1.408760 0.577860
v -1.940880 1.575750 0.000000
v -2.092490 1.368020 0.000000
v -2.297930 0.984630 0.416220
v -2.220710 1.148240 0.000000
v -2.324470 0.920240 0.000000
v -2.190710 1.204500 0.490720
v -2.448000 0.507240 0.311960
v -2.403500 0.687900 0.000000
v -2.458260 0.454910 0.000000
v -2.489890 0.224640 0.000000
v -2.486810 0.256460 0.285000
v -2.384670 0.750550 0.355960
v -1.923640 1.596740 0.676270
v 2.486810 0.256460 3.740500
v 2.448000 0.507240 3.713530
v 2.297930 0.984630 3.609270
v 2.065280 1.408760 3.447630
v 2.190710 1.204500 3.534770
v 2.384670 0.750550 3.669530
v 1.767770 1.767770 3.240930
v 1.923640 1.596740 3.349220
v 1.157930 2.215660 2.817230
v 0.706900 2.397980 2.503870
v 0.935430 2.318400 2.662650
v 0.237470 2.488690 2.177730
v 0.000000 2.500000 2.012750
v 0.473680 2.454720 2.341840
v 1.576430 1.940340 3.107990
v 1.372370 2.089640 2.966220
v 0.500000 0.500000 0.000000
v 0.500000 1.500000 0.000000
v 1.500000 1.500000 0.000000
v 1.500000 0.500000 0.000000
v 0.500000 -0.500000 0.000000
v 1.500000 -0.500000 0.000000
v 0.500000 -1.500000 0.000000
v 1.500000 -1.500000 0.000000
v -0.500000 0.500000 0.000000
v -0.500000 1.500000 0.000000
v -0.500000 -0.500000 0.000000
v -0.500000 -1.500000 0.000000
v -1.500000 0.500000 0.000000
v -1.500000 1.500000 0.000000
v -1.500000 -0.500000 0.000000
v -1.500000 -1.500000 0.000000
v -3.158080 1.842520 1.904780
v -3.140710 1.850000 2.070100
v -2.892080 1.850000 2.043970
v -2.909450 1.842520 1.878650
v -3.175890 1.819110 1.735310
v -2.927260 1.819110 1.709180
v -3.193920 1.778590 1.563850
v -2.945290 1.778590 1.537720
v -3.211890 1.720110 1.392860
v -2.963260 1.720110 1.366720
v -3.229520 1.643330 1.225060
v -2.980890 1.643330 1.198930
v -3.246530 1.548440 1.063310
v -2.997890 1.548440 1.037180
v -3.262590 1.436250 0.910440
v -3.013960 1.436250 0.884310
v -3.277450 1.308150 0.769120
v -3.028820 1.308150 0.742990
v -3.290840 1.166050 0.641720
v -3.042210 1.166050 0.615580
v -3.302560 1.012340 0.530140
v -3.053930 1.012340 0.504010
v -3.312480 0.849700 0.435780
v -3.063850 0.849700 0.409650
v -3.320510 0.680980 0.359420
v -3.071880 0.680980 0.333280
v -3.326620 0.509040 0.301260
v -3.077990 0.509040 0.275120
v -3.330860 0.336630 0.260950
v -3.082230 0.336630 0.234820
v -3.333300 0.166230 0.237680
v -3.084670 0.166230 0.211550
v -3.334080 -0.000000 0.230240
v -3.085450 -0.000000 0.204100
v -3.333300 -0.166230 0.237680
v -3.084670 -0.166230 0.211550
v -3.330860 -0.336630 0.260950
v -3.082230 -0.336630 0.234820
v -3.326620 -0.509040 0.301260
v -3.077990 -0.509040 0.275120
v -3.320510 -0.680980 0.359420
v -3.071880 -0.680980 0.333280
v -3.312480 -0.849700 0.435780
v -3.063850 -0.849700 0.409650
v -3.302560 -1.012340 0.530140
v -3.053930 -1.012340 0.504010
v -3.290840 -1.166050 0.641720
v -3.042210 -1.166050 0.615580
v -3.277450 -1.308150 0.769120
v -3.028820 -1.308150 0.742990
v -3.262590 -1.436250 0.910440
v -3.013960 -1.436250 0.884310
v -3.246530 -1.548440 1.063310
v -2.997890 -1.548440 1.037180
v -3.229520 -1.643330 1.225060
v -2.980890 -1.643330 1.198930
v -3.211890 -1.720110 1.392860
v -2.963260 -1.720110 1.366720
v -3.193920 -1.778590 1.563850
v -2.945290 -1.778590 1.537720
v -3.175890 -1.819110 1.735310
v -2.927260 -1.819110 1.709180
v -3.158080 -1.842520 1.904780
v -2.909450 -1.842520 1.878650
v -3.140710 -1.850000 2.070100
v -2.892080 -1.850000 2.043970
v -3.123330 -1.842520 2.235420
v -2.874700 -1.842520 2.209290
v -3.105520 -1.819110 2.404890
v -2.856890 -1.819110 2.378760
v -3.087500 -1.778590 2.576360
v -2.838870 -1.778590 2.550220
v -3.069530 -1.720110 2.747350
v -2.820900 -1.720110 2.721210
v -3.051890 -1.643330 2.915140
v -2.803260 -1.643330 2.889010
v -3.034890 -1.548440 3.076890
v -2.786260 -1.548440 3.050760
v -3.018820 -1.436250 3.229770
v -2.770190 -1.436250 3.203630
v -3.003970 -1.308150 3.371080
v -2.755340 -1.308150 3.344950
v -2.990580 -1.166050 3.498490
v -2.741950 -1.166050 3.472350
v -2.978850 -1.012340 3.610060
v -2.730220 -1.012340 3.583930
v -2.968930 -0.849700 3.704420
v -2.720300 -0.849700 3.678290
v -2.960910 -0.680980 3.780790
v -2.712280 -0.680980 3.754650
v -2.954790 -0.509040 3.838950
v -2.706160 -0.509040 3.812810
v -2.950560 -0.336630 3.879250
v -2.701930 -0.336630 3.853120
v -2.948110 -0.166230 3.902520
v -2.699480 -0.166230 3.876390
v -2.947330 -0.000000 3.909970
v -2.698700 -0.000000 3.883840
v -2.948110 0.166230 3.902520
v -2.699480 0.166230 3.876390
v -2.950560 0.336630 3.879250
v -2.701930 0.336630 3.853120
v -2.954790 0.509040 3.838950
v -2.706160 0.509040 3.812810
v -2.960910 0.680980 3.780790
v -2.712280 0.680980 3.754650
v -2.968930 0.849700 3.704420
v -2.720300 0.849700 3.678290
v -2.978850 1.012340 3.610060
v -2.730220 1.012340 3.583930
v -2.990580 1.166050 3.498490
v -2.741950 1.166050 3.472350
v -3.003970 1.308150 3.371080
v -2.755340 1.308150 3.344950
v -3.018820 1.436250 3.229770
v -2.770190 1.436250 3.203630
v -3.034890 1.548440 3.076890
v -2.786260 1.548440 3.050760
v -3.051890 1.643330 2.915140
v -2.803260 1.643330 2.889010
v -3.069530 1.720110 2.747350
v -2.820900 1.720110 2.721210
v -3.087500 1.778590 2.576360
v -2.838870 1.778590 2.550220
v -3.105520 1.819110 2.404890
v -2.856890 1.819110 2.378760
v -3.123330 1.842520 2.235420
v -2.874700 1.842520 2.209290
v -2.806280 -1.255490 2.860290
v -2.820060 -1.332430 2.729140
v -2.793250 -1.164530 2.984240
v -2.781210 -1.060660 3.098820
v -2.770350 -0.945450 3.202120
v -2.863550 -1.474960 2.315420
v -2.877990 -1.493930 2.178010
v -2.848930 -1.442100 2.454450
v -2.834360 -1.394680 2.593090
v -2.892080 -1.500000 2.043970
v -2.752800 -0.688940 3.369100
v -2.746290 -0.552140 3.431010
v -2.735920 -0.134780 3.529720
v -2.741340 -0.412740 3.478170
v -2.735280 -0.000000 3.535750
v -2.760840 -0.820810 3.292590
v -2.737900 -0.272940 3.510850
v -2.920610 -1.474960 1.772520
v -2.935220 -1.442100 1.633490
v -2.906170 -1.493930 1.909930
v -2.949790 -1.394680 1.494850
v -2.977880 -1.255490 1.227650
v -2.990900 -1.164530 1.103700
v -2.964090 -1.332430 1.358800
v -3.002950 -1.060660 0.989120
v -3.013800 -0.945450 0.885820
v -3.023310 -0.820810 0.795350
v -3.037860 -0.552140 0.656930
v -3.031350 -0.688940 0.718840
v -3.042820 -0.412740 0.609770
v -3.048240 -0.134780 0.558220
v -3.046250 -0.272940 0.577090
v -3.048870 -0.000000 0.552190
v -2.735920 0.134780 3.529720
v -2.737900 0.272940 3.510850
v -2.741340 0.412740 3.478170
v -2.746290 0.552140 3.431010
v -2.752800 0.688940 3.369100
v -2.760840 0.820810 3.292590
v -2.770350 0.945450 3.202120
v -2.781210 1.060660 3.098820
v -2.793250 1.164530 2.984240
v -2.806280 1.255490 2.860290
v -2.820060 1.332430 2.729140
v -2.834360 1.394680 2.593090
v -2.848930 1.442100 2.454450
v -2.863550 1.474960 2.315420
v -2.877990 1.493930 2.178010
v -2.892080 1.500000 2.043970
v -2.906170 1.493930 1.909930
v -3.037860 0.552140 0.656930
v -3.042820 0.412740 0.609770
v -3.046250 0.272940 0.577090
v -3.048240 0.134780 0.558220
v -3.013800 0.945450 0.885820
v -3.023310 0.820810 0.795350
v -3.031350 0.688940 0.718840
v -3.002950 1.060660 0.989120
v -2.920610 1.474960 1.772520
v -2.935220 1.442100 1.633490
v -2.949790 1.394680 1.494850
v -2.964090 1.332430 1.358800
v -2.977880 1.255490 1.227650
v -2.990900 1.164530 1.103700
v -3.054910 -1.255490 2.886420
v -3.068690 -1.332430 2.755270
v -3.029840 -1.060660 3.124950
v -3.041880 -1.164530 3.010370
v -3.018980 -0.945450 3.228250
v -3.112180 -1.474960 2.341550
v -3.097560 -1.442100 2.480580
v -3.082990 -1.394680 2.619220
v -3.126620 -1.493930 2.204140
v -3.140710 -1.500000 2.070100
v -2.994920 -0.552140 3.457140
v -3.001430 -0.688940 3.395230
v -2.983910 -0.000000 3.561880
v -2.986530 -0.272940 3.536980
v -2.984550 -0.134780 3.555850
v -3.009470 -0.820810 3.318720
v -2.989970 -0.412740 3.504300
v -3.169240 -1.474960 1.798650
v -3.183850 -1.442100 1.659630
v -3.154800 -1.493930 1.936060
v -3.198420 -1.394680 1.520980
v -3.226510 -1.255490 1.253780
v -3.239530 -1.164530 1.129830
v -3.212720 -1.332430 1.384930
v -3.251580 -1.060660 1.015250
v -3.262430 -0.945450 0.911950
v -3.271940 -0.820810 0.821490
v -3.286490 -0.552140 0.683060
v -3.279980 -0.688940 0.744970
v -3.291450 -0.412740 0.635900
v -3.294880 -0.272940 0.603220
v -3.296870 -0.134780 0.584350
v -3.297500 -0.000000 0.578320
v -2.986530 0.272940 3.536980
v -2.984550 0.134780 3.555850
v -2.989970 0.412740 3.504300
v -2.994920 0.552140 3.457140
v -3.001430 0.688940 3.395230
v -3.009470 0.820810 3.318720
v -3.029840 1.060660 3.124950
v -3.018980 0.945450 3.228250
v -3.041880 1.164530 3.010370
v -3.068690 1.332430 2.755270
v -3.054910 1.255490 2.886420
v -3.082990 1.394680 2.619220
v -3.112180 1.474960 2.341550
v -3.097560 1.442100 2.480580
v -3.140710 1.500000 2.070100
v -3.126620 1.493930 2.204140
v -3.291450 0.412740 0.635900
v -3.286490 0.552140 0.683060
v -3.296870 0.134780 0.584350
v -3.294880 0.272940 0.603220
v -3.262430 0.945450 0.911950
v -3.271940 0.820810 0.821490
v -3.279980 0.688940 0.744970
v -3.251580 1.060660 1.015250
v -3.169240 1.474960 1.798650
v -3.154800 1.493930 1.936060
v -3.198420 1.394680 1.520980
v -3.183850 1.442100 1.659630
v -3.212720 1.332430 1.384930
v -3.239530 1.164530 1.129830
v -3.226510 1.255490 1.253780
v -4.707200 0.254670 4.834700
v -4.705890 -0.000000 4.847140
v -4.740080 -0.000000 4.073260
v -4.741000 0.178880 4.064520
v -4.673390 0.330460 5.604880
v -4.671690 -0.000000 5.621030
v -4.639580 0.406250 6.375070
v -4.637500 -0.000000 6.394910
v -4.605780 0.482040 7.145250
v -4.603300 -0.000000 7.168800
v -4.711110 0.506890 4.797490
v -4.743750 0.356040 4.038380
v -4.678460 0.657740 5.556600
v -4.645820 0.808580 6.315710
v -4.613180 0.959430 7.074820
v -4.717580 0.754220 4.735880
v -4.748300 0.529770 3.995100
v -4.686870 0.978680 5.476650
v -4.656150 1.203130 6.217420
v -4.625440 1.427590 6.958200
v -4.726560 0.994300 4.650450
v -4.754600 0.698400 3.935100
v -4.698520 1.290190 5.365800
v -4.670480 1.586090 6.081150
v -4.642430 1.881990 6.796500
v -4.737960 1.224790 4.542030
v -4.762610 0.860300 3.858940
v -4.713310 1.589290 5.225110
v -4.688650 1.953780 5.908200
v -4.664000 2.318270 6.591280
v -4.751660 1.443490 4.411660
v -4.772230 1.013920 3.767370
v -4.731080 1.873070 5.055950
v -4.710510 2.302650 5.700240
v -4.689940 2.732230 6.344530
v -4.767540 1.648290 4.260600
v -4.783380 1.157770 3.661270
v -4.751690 2.138820 4.859940
v -4.735840 2.629350 5.459270
v -4.719990 3.119870 6.058610
v -4.785430 1.837220 4.090310
v -4.795960 1.290470 3.541650
v -4.774910 2.383970 4.638960
v -4.764390 2.930720 5.187620
v -4.753870 3.477470 5.736280
v -4.805180 2.008450 3.902420
v -4.809830 1.410740 3.409680
v -4.800540 2.606160 4.395160
v -4.795890 3.203870 4.887900
v -4.791250 3.801580 5.380640
v -4.826590 2.160340 3.698740
v -4.824860 1.517430 3.266610
v -4.828320 2.803250 4.130870
v -4.830040 3.446160 4.562990
v -4.831770 4.089070 4.995120
v -4.849450 2.291430 3.481240
v -4.840920 1.609510 3.113840
v -4.857980 2.973350 3.848640
v -4.866510 3.655270 4.216030
v -4.875040 4.337190 4.583430
v -4.873540 2.400440 3.252000
v -4.857840 1.686080 2.952820
v -4.889240 3.114810 3.551180
v -4.904940 3.829170 3.850360
v -4.920640 4.543530 4.149540
v -4.898640 2.486340 3.013250
v -4.875470 1.746420 2.785120
v -4.921800 3.226270 3.241370
v -4.944970 3.966200 3.469500
v -4.968140 4.706120 3.697620
v -4.924490 2.548300 2.767260
v -4.893630 1.789930 2.612340
v -4.955350 3.306660 2.922190
v -4.986210 4.065020 3.077110
v -5.017070 4.823390 3.232030
v -4.950860 2.585710 2.516430
v -4.912150 1.816210 2.436150
v -4.989560 3.355210 2.596700
v -5.028270 4.124710 2.676980
v -5.066980 4.894200 2.757250
v -4.977480 2.598220 2.263150
v -4.930850 1.825000 2.258250
v -5.024100 3.371440 2.268050
v -5.070730 4.144660 2.272960
v -5.117360 4.917880 2.277860
v -5.004100 2.585710 2.009880
v -4.949540 1.816210 2.080350
v -5.058650 3.355210 1.939410
v -5.113200 4.124710 1.868930
v -5.167750 4.894200 1.798460
v -5.030460 2.548300 1.759040
v -4.968060 1.789930 1.904160
v -5.092860 3.306660 1.613920
v -5.155250 4.065020 1.468800
v -5.217650 4.823390 1.323680
v -5.056310 2.486340 1.513060
v -4.986220 1.746420 1.731390
v -5.126400 3.226270 1.294740
v -5.196500 3.966200 1.076410
v -5.266590 4.706120 0.858090
v -5.081410 2.400440 1.274300
v -5.003850 1.686080 1.563680
v -5.158970 3.114810 0.984930
v -5.236530 3.829170 0.695550
v -5.314080 4.543530 0.406170
v -5.105500 2.291430 1.045070
v -5.020770 1.609510 1.402670
v -5.190230 2.973350 0.687470
v -5.274960 3.655270 0.329880
v -5.359690 4.337190 -0.027720
v -5.128360 2.160340 0.827570
v -5.036830 1.517430 1.249890
v -5.219890 2.803250 0.405240
v -5.311430 3.446160 -0.017080
v -5.402960 4.089070 -0.439410
v -5.149770 2.008450 0.623890
v -5.051870 1.410740 1.106830
v -5.247670 2.606160 0.140950
v -5.345580 3.203870 -0.341990
v -5.443480 3.801580 -0.824930
v -5.169520 1.837220 0.436000
v -5.065740 1.290470 0.974850
v -5.273300 2.383970 -0.102860
v -5.377080 2.930720 -0.641710
v -5.480860 3.477470 -1.180560
v -5.187420 1.648290 0.265700
v -5.078310 1.157770 0.855240
v -5.296520 2.138820 -0.323830
v -5.405630 2.629350 -0.913360
v -5.514740 3.119870 -1.502890
v -5.203290 1.443490 0.114650
v -5.089460 1.013920 0.749130
v -5.317120 1.873070 -0.519840
v -5.430960 2.302650 -1.154330
v -5.544790 2.732230 -1.788810
v -5.216990 1.224790 -0.015720
v -5.099090 0.860300 0.657560
v -5.334900 1.589290 -0.689000
v -5.452810 1.953780 -1.362290
v -5.570720 2.318270 -2.035570
v -5.228390 0.994300 -0.124140
v -5.107090 0.698400 0.581410
v -5.349690 1.290190 -0.829690
v -5.470990 1.586090 -1.535240
v -5.592290 1.881990 -2.240790
v -5.237370 0.754220 -0.209570
v -5.113400 0.529770 0.521400
v -5.361340 0.978680 -0.940540
v -5.485310 1.203130 -1.671510
v -5.609290 1.427590 -2.402480
v -5.243840 0.506890 -0.271180
v -5.117950 0.356040 0.478130
v -5.369740 0.657740 -1.020490
v -5.495640 0.808580 -1.769800
v -5.621540 0.959430 -2.519110
v -5.247760 0.254670 -0.308390
v -5.120690 0.178880 0.451990
v -5.374820 0.330460 -1.068770
v -5.501880 0.406250 -1.829150
v -5.628950 0.482040 -2.589540
v -5.249060 -0.000000 -0.320830
v -5.121610 -0.000000 0.443250
v -5.376520 -0.000000 -1.084920
v -5.503970 -0.000000 -1.849000
v -5.631420 -0.000000 -2.613090
v -5.247760 -0.254670 -0.308390
v -5.120690 -0.178880 0.451990
v -5.374820 -0.330460 -1.068770
v -5.501880 -0.406250 -1.829150
v -5.628950 -0.482040 -2.589540
v -5.243840 -0.506890 -0.271180
v -5.117950 -0.356040 0.478130
v -5.369740 -0.657740 -1.020490
v -5.495640 -0.808580 -1.769800
v -5.621540 -0.959430 -2.519110
v -5.237370 -0.754220 -0.209570
v -5.113400 -0.529770 0.521400
v -5.361340 -0.978680 -0.940540
v -5.485310 -1.203130 -1.671510
v -5.609290 -1.427590 -2.402480
v -5.228390 -0.994300 -0.124140
v -5.107090 -0.698400 0.581410
v -5.349690 -1.290190 -0.829690
v -5.470990 -1.586090 -1.535240
v -5.592290 -1.881990 -2.240790
v -5.216990 -1.224790 -0.015720
v -5.099090 -0.860300 0.657560
v -5.334900 -1.589290 -0.689000
v -5.452810 -1.953780 -1.362290
v -5.570720 -2.318270 -2.035570
v -5.203290 -1.443490 0.114650
v -5.089460 -1.013920 0.749130
v -5.317120 -1.873070 -0.519840
v -5.430960 -2.302650 -1.154330
v -5.544790 -2.732230 -1.788810
v -5.187420 -1.648290 0.265700
v -5.078310 -1.157770 0.855240
v -5.296520 -2.138820 -0.323830
v -5.405630 -2.629350 -0.913360
v -5.514740 -3.119870 -1.502890
v -5.169520 -1.837220 0.436000
v -5.065740 -1.290470 0.974850
v -5.273300 -2.383970 -0.102860
v -5.377080 -2.930720 -0.641710
v -5.480860 -3.477470 -1.180560
v -5.149770 -2.008450 0.623890
v -5.051870 -1.410740 1.106830
v -5.247670 -2.606160 0.140950
v -5.345580 -3.203870 -0.341990
v -5.443480 -3.801580 -0.824930
v -5.128360 -2.160340 0.827570
v -5.036830 -1.517430 1.249890
v -5.219890 -2.803250 0.405240
v -5.311430 -3.446160 -0.017080
v -5.402960 -4.089070 -0.439410
v -5.105500 -2.291430 1.045070
v -5.020770 -1.609510 1.402670
v -5.190230 -2.973350 0.687470
v -5.274960 -3.655270 0.329880
v -5.359690 -4.337190 -0.027720
v -5.081410 -2.400440 1.274300
v -5.003850 -1.686080 1.563680
v -5.158970 -3.114810 0.984930
v -5.236530 -3.829170 0.695550
v -5.314080 -4.543530 0.406170
v -5.056310 -2.486340 1.513060
v -4.986220 -1.746420 1.731390
v -5.126400 -3.226270 1.294740
v -5.196500 -3.966200 1.076410
v -5.266590 -4.706120 0.858090
v -5.030460 -2.548300 1.759040
v -4.968060 -1.789930 1.904160
v -5.092860 -3.306660 1.613920
v -5.155250 -4.065020 1.468800
v -5.217650 -4.823390 1.323680
v -5.004100 -2.585710 2.009880
v -4.949540 -1.816210 2.080350
v -5.058650 -3.355210 1.939410
v -5.113200 -4.124710 1.868930
v -5.167750 -4.894200 1.798460
v -4.977480 -2.598220 2.263150
v -4.930850 -1.825000 2.258250
v -5.024100 -3.371440 2.268050
v -5.070730 -4.144660 2.272960
v -5.117360 -4.917880 2.277860
v -4.950860 -2.585710 2.516430
v -4.912150 -1.816210 2.436150
v -4.989560 -3.355210 2.596700
v -5.028270 -4.124710 2.676980
v -5.066980 -4.894200 2.757250
v -4.924490 -2.548300 2.767260
v -4.893630 -1.789930 2.612340
v -4.955350 -3.306660 2.922190
v -4.986210 -4.065020 3.077110
v -5.017070 -4.823390 3.232030
v -4.898640 -2.486340 3.013250
v -4.875470 -1.746420 2.785120
v -4.921800 -3.226270 3.241370
v -4.944970 -3.966200 3.469500
v -4.968140 -4.706120 3.697620
v -4.873540 -2.400440 3.252000
v -4.857840 -1.686080 2.952820
v -4.889240 -3.114810 3.551180
v -4.904940 -3.829170 3.850360
v -4.920640 -4.543530 4.149540
v -4.849450 -2.291430 3.481240
v -4.840920 -1.609510 3.113840
v -4.857980 -2.973350 3.848640
v -4.866510 -3.655270 4.216030
v -4.875040 -4.337190 4.583430
v -4.826590 -2.160340 3.698740
v -4.824860 -1.517430 3.266610
v -4.828320 -2.803250 4.130870
v -4.830040 -3.446160 4.562990
v -4.831770 -4.089070 4.995120
v -4.805180 -2.008450 3.902420
v -4.809830 -1.410740 3.409680
v -4.800540 -2.606160 4.395160
v -4.795890 -3.203870 4.887900
v -4.791250 -3.801580 5.380640
v -4.785430 -1.837220 4.090310
v -4.795960 -1.290470 3.541650
v -4.774910 -2.383970 4.638960
v -4.764390 -2.930720 5.187620
v -4.753870 -3.477470 5.736280
v -4.767540 -1.648290 4.260600
v -4.783380 -1.157770 3.661270
v -4.751690 -2.138820 4.859940
v -4.735840 -2.629350 5.459270
v -4.719990 -3.119870 6.058610
v -4.751660 -1.443490 4.411660
v -4.772230 -1.013920 3.767370
v -4.731080 -1.873070 5.055950
v -4.710510 -2.302650 5.700240
v -4.689940 -2.732230 6.344530
v -4.737960 -1.224790 4.542030
v -4.762610 -0.860300 3.858940
v -4.713310 -1.589290 5.225110
v -4.688650 -1.953780 5.908200
v -4.664000 -2.318270 6.591280
v -4.726560 -0.994300 4.650450
v -4.754600 -0.698400 3.935100
v -4.698520 -1.290190 5.365800
v -4.670480 -1.586090 6.081150
v -4.642430 -1.881990 6.796500
v -4.717580 -0.754220 4.735880
v -4.748300 -0.529770 3.995100
v -4.686870 -0.978680 5.476650
v -4.656150 -1.203130 6.217420
v -4.625440 -1.427590 6.958200
v -4.711110 -0.506890 4.797490
v -4.743750 -0.356040 4.038380
v -4.678460 -0.657740 5.556600
v -4.645820 -0.808580 6.315710
v -4.613180 -0.959430 7.074820
v -4.707200 -0.254670 4.834700
v -4.741000 -0.178880 4.064520
v -4.673390 -0.330460 5.604880
v -4.639580 -0.406250 6.375070
v -4.605780 -0.482040 7.145250
v -5.287180 0.482040 7.216870
v -5.284700 -0.000000 7.240420
v -5.968570 0.482040 7.288480
v -5.966100 -0.000000 7.312040
v -6.649970 0.482040 7.360100
v -6.647490 -0.000000 7.383650
v -5.294580 0.959430 7.146440
v -5.975970 0.959430 7.218060
v -6.657370 0.959430 7.289670
v -5.306840 1.427590 7.029820
v -5.988230 1.427590 7.101430
v -6.669630 1.427590 7.173050
v -5.323830 1.881990 6.868120
v -6.005230 1.881990 6.939730
v -6.686620 1.881990 7.011350
v -5.345400 2.318270 6.662900
v -6.026800 2.318270 6.734520
v -6.708190 2.318270 6.806140
v -5.371340 2.732230 6.416140
v -6.052730 2.732230 6.487760
v -6.734130 2.732230 6.559380
v -5.401390 3.119870 6.130220
v -6.082780 3.119870 6.201840
v -6.764180 3.119870 6.273460
v -5.435260 3.477470 5.807890
v -6.116660 3.477470 5.879510
v -6.798060 3.477470 5.951130
v -5.472640 3.801580 5.452260
v -6.154040 3.801580 5.523870
v -6.835440 3.801580 5.595490
v -5.513160 4.089070 5.066740
v -6.194560 4.089070 5.138350
v -6.875960 4.089070 5.209970
v -5.556430 4.337190 4.655050
v -6.237830 4.337190 4.726670
v -6.919230 4.337190 4.798280
v -5.602040 4.543530 4.221160
v -6.283430 4.543530 4.292770
v -6.964830 4.543530 4.364390
v -5.649540 4.706120 3.769240
v -6.330930 4.706120 3.840860
v -7.012330 4.706120 3.912480
v -5.698470 4.823390 3.303650
v -6.379870 4.823390 3.375270
v -7.061260 4.823390 3.446890
v -5.748370 4.894200 2.828870
v -6.429770 4.894200 2.900490
v -7.111170 4.894200 2.972110
v -5.798760 4.917880 2.349470
v -6.480160 4.917880 2.421090
v -7.161550 4.917880 2.492710
v -5.849150 4.894200 1.870080
v -6.530540 4.894200 1.941700
v -7.211940 4.894200 2.013310
v -5.899050 4.823390 1.395300
v -6.580440 4.823390 1.466920
v -7.261840 4.823390 1.538530
v -5.947980 4.706120 0.929710
v -6.629380 4.706120 1.001330
v -7.310780 4.706120 1.072940
v -5.995480 4.543530 0.477790
v -6.676880 4.543530 0.549410
v -7.358270 4.543530 0.621030
v -6.041080 4.337190 0.043900
v -6.722480 4.337190 0.115520
v -7.403880 4.337190 0.187130
v -6.084350 4.089070 -0.367790
v -6.765750 4.089070 -0.296170
v -7.447150 4.089070 -0.224550
v -6.124870 3.801580 -0.753310
v -6.806270 3.801580 -0.681690
v -7.487670 3.801580 -0.610070
v -6.162250 3.477470 -1.108950
v -6.843650 3.477470 -1.037330
v -7.525050 3.477470 -0.965710
v -6.196130 3.119870 -1.431280
v -6.877530 3.119870 -1.359660
v -7.558930 3.119870 -1.288040
v -6.226180 2.732230 -1.717200
v -6.907580 2.732230 -1.645580
v -7.588980 2.732230 -1.573960
v -6.252120 2.318270 -1.963950
v -6.933520 2.318270 -1.892340
v -7.614910 2.318270 -1.820720
v -6.273690 1.881990 -2.169170
v -6.955080 1.881990 -2.097550
v -7.636480 1.881990 -2.025930
v -6.290680 1.427590 -2.330870
v -6.972080 1.427590 -2.259250
v -7.653480 1.427590 -2.187630
v -6.302940 0.959430 -2.447490
v -6.984340 0.959430 -2.375870
v -7.665730 0.959430 -2.304260
v -6.310340 0.482040 -2.517920
v -6.991740 0.482040 -2.446300
v -7.673140 0.482040 -2.374680
v -6.312820 -0.000000 -2.541470
v -6.994210 -0.000000 -2.469850
v -7.675610 -0.000000 -2.398230
v -6.310340 -0.482040 -2.517920
v -6.991740 -0.482040 -2.446300
v -7.673140 -0.482040 -2.374680
v -6.302940 -0.959430 -2.447490
v -6.984340 -0.959430 -2.375870
v -7.665730 -0.959430 -2.304260
v -6.290680 -1.427590 -2.330870
v -6.972080 -1.427590 -2.259250
v -7.653480 -1.427590 -2.187630
v -6.273690 -1.881990 -2.169170
v -6.955080 -1.881990 -2.097550
v -7.636480 -1.881990 -2.025930
v -6.252120 -2.318270 -1.963950
v -6.933520 -2.318270 -1.892340
v -7.614910 -2.318270 -1.820720
v -6.226180 -2.732230 -1.717200
v -6.907580 -2.732230 -1.645580
v -7.588980 -2.732230 -1.573960
v -6.196130 -3.119870 -1.431280
v -6.877530 -3.119870 -1.359660
v -7.558930 -3.119870 -1.288040
v -6.162250 -3.477470 -1.108950
v -6.843650 -3.477470 -1.037330
v -7.525050 -3.477470 -0.965710
v -6.124870 -3.801580 -0.753310
v -6.806270 -3.801580 -0.681690
v -7.487670 -3.801580 -0.610070
v -6.084350 -4.089070 -0.367790
v -6.765750 -4.089070 -0.296170
v -7.447150 -4.089070 -0.224550
v -6.041080 -4.337190 0.043900
v -6.722480 -4.337190 0.115520
v -7.403880 -4.337190 0.187130
v -5.995480 -4.543530 0.477790
v -6.676880 -4.543530 0.549410
v -7.358270 -4.543530 0.621030
v -5.947980 -4.706120 0.929710
v -6.629380 -4.706120 1.001330
v -7.310780 -4.706120 1.072940
v -5.899050 -4.823390 1.395300
v -6.580440 -4.823390 1.466920
v -7.261840 -4.823390 1.538530
v -5.849150 -4.894200 1.870080
v -6.530540 -4.894200 1.941700
v -7.211940 -4.894200 2.013310
v -5.798760 -4.917880 2.349470
v -6.480160 -4.917880 2.421090
v -7.161550 -4.917880 2.492710
v -5.748370 -4.894200 2.828870
v -6.429770 -4.894200 2.900490
v -7.111170 -4.894200 2.972110
v -5.698470 -4.823390 3.303650
v -6.379870 -4.823390 3.375270
v -7.061260 -4.823390 3.446890
v -5.649540 -4.706120 3.769240
v -6.330930 -4.706120 3.840860
v -7.012330 -4.706120 3.912480
v -5.602040 -4.543530 4.221160
v -6.283430 -4.543530 4.292770
v -6.964830 -4.543530 4.364390
v -5.556430 -4.337190 4.655050
v -6.237830 -4.337190 4.726670
v -6.919230 -4.337190 4.798280
v -5.513160 -4.089070 5.066740
v -6.194560 -4.089070 5.138350
v -6.875960 -4.089070 5.209970
v -5.472640 -3.801580 5.452260
v -6.154040 -3.801580 5.523870
v -6.835440 -3.801580 5.595490
v -5.435260 -3.477470 5.807890
v -6.116660 -3.477470 5.879510
v -6.798060 -3.477470 5.951130
v -5.401390 -3.119870 6.130220
v -6.082780 -3.119870 6.201840
v -6.764180 -3.119870 6.273460
v -5.371340 -2.732230 6.416140
v -6.052730 -2.732230 6.487760
v -6.734130 -2.732230 6.559380
v -5.345400 -2.318270 6.662900
v -6.026800 -2.318270 6.734520
v -6.708190 -2.318270 6.806140
v -5.323830 -1.881990 6.868120
v -6.005230 -1.881990 6.939730
v -6.686620 -1.881990 7.011350
v -5.306840 -1.427590 7.029820
v -5.988230 -1.427590 7.101430
v -6.669630 -1.427590 7.173050
v -5.294580 -0.959430 7.146440
v -5.975970 -0.959430 7.218060
v -6.657370 -0.959430 7.289670
v -5.287180 -0.482040 7.216870
v -5.968570 -0.482040 7.288480
v -6.649970 -0.482040 7.360100
v -6.768710 0.395220 6.486270
v -6.766680 -0.000000 6.505580
v -6.887450 0.308410 5.612440
v -6.885870 -0.000000 5.627510
v -7.006200 0.221590 4.738610
v -7.005060 -0.000000 4.749430
v -7.124940 0.134770 3.864780
v -7.124250 -0.000000 3.871360
v -6.774780 0.786640 6.428530
v -6.892190 0.613840 5.567380
v -7.009600 0.441040 4.706230
v -7.127010 0.268250 3.845090
v -6.784830 1.170480 6.332910
v -6.900030 0.913360 5.492760
v -7.015230 0.656250 4.652620
v -7.130430 0.399140 3.812480
v -6.798760 1.543040 6.200330
v -6.910910 1.204090 5.389310
v -7.023050 0.865140 4.578290
v -7.135190 0.526190 3.767270
v -6.816450 1.900750 6.032080
v -6.924710 1.483220 5.258020
v -7.032960 1.065700 4.483950
v -7.141220 0.648170 3.709890
v -6.837710 2.240150 5.829760
v -6.941300 1.748070 5.100140
v -7.044880 1.255990 4.370520
v -7.148470 0.763910 3.640900
v -6.862350 2.557980 5.595340
v -6.960530 1.996080 4.917210
v -7.058700 1.434190 4.239090
v -7.156870 0.872290 3.560960
v -6.890130 2.851170 5.331060
v -6.982200 2.224870 4.710980
v -7.074270 1.598570 4.090910
v -7.166340 0.972270 3.470840
v -6.920780 3.116900 5.039470
v -7.006120 2.432230 4.483450
v -7.091450 1.747560 3.927430
v -7.176790 1.062890 3.371410
v -6.954000 3.352620 4.723380
v -7.032040 2.616170 4.236800
v -7.110080 1.879720 3.750210
v -7.188120 1.143270 3.263620
v -6.989480 3.556050 4.385840
v -7.059720 2.774910 3.973400
v -7.129970 1.993780 3.560960
v -7.200220 1.212640 3.148510
v -7.026870 3.725230 4.030090
v -7.088900 2.906930 3.695800
v -7.150940 2.088630 3.361500
v -7.212970 1.270330 3.027200
v -7.065810 3.858540 3.659570
v -7.119290 3.010960 3.406660
v -7.172770 2.163380 3.153760
v -7.226250 1.315790 2.900850
v -7.105930 3.954690 3.277830
v -7.150600 3.085980 3.108780
v -7.195270 2.217280 2.939730
v -7.239930 1.348580 2.770670
v -7.146850 4.012750 2.888560
v -7.182530 3.131290 2.805020
v -7.218210 2.249840 2.721470
v -7.253890 1.368380 2.637930
v -7.188160 4.032160 2.495510
v -7.214760 3.146440 2.498300
v -7.241370 2.260720 2.501100
v -7.267970 1.375000 2.503890
v -7.229470 4.012750 2.102450
v -7.247000 3.131290 2.191590
v -7.264530 2.249840 2.280720
v -7.282060 1.368380 2.369860
v -7.270380 3.954690 1.713180
v -7.278930 3.085980 1.887820
v -7.287470 2.217280 2.062470
v -7.296010 1.348580 2.237120
v -7.310510 3.858540 1.331440
v -7.310240 3.010960 1.589940
v -7.309970 2.163380 1.848440
v -7.309690 1.315790 2.106940
v -7.349450 3.725230 0.960920
v -7.340620 2.906930 1.300810
v -7.331800 2.088630 1.640700
v -7.322970 1.270330 1.980590
v -7.386840 3.556050 0.605170
v -7.369800 2.774910 1.023200
v -7.352760 1.993780 1.441240
v -7.335730 1.212640 1.859270
v -7.422320 3.352620 0.267630
v -7.397490 2.616170 0.759810
v -7.372650 1.879720 1.251990
v -7.347820 1.143270 1.744170
v -7.455540 3.116900 -0.048460
v -7.423410 2.432230 0.513160
v -7.391280 1.747560 1.074770
v -7.359150 1.062890 1.636380
v -7.486190 2.851170 -0.340050
v -7.447320 2.224870 0.285620
v -7.408460 1.598570 0.911280
v -7.369600 0.972270 1.536950
v -7.513960 2.557980 -0.604320
v -7.469000 1.996080 0.079390
v -7.424040 1.434190 0.763110
v -7.379080 0.872290 1.446830
v -7.538600 2.240150 -0.838750
v -7.488230 1.748070 -0.103540
v -7.437850 1.255990 0.631670
v -7.387480 0.763910 1.366890
v -7.559870 1.900750 -1.041060
v -7.504820 1.483220 -0.261410
v -7.449770 1.065700 0.518240
v -7.394730 0.648170 1.297900
v -7.577550 1.543040 -1.209320
v -7.518620 1.204090 -0.392710
v -7.459690 0.865140 0.423910
v -7.400760 0.526190 1.240520
v -7.591480 1.170480 -1.341900
v -7.529490 0.913360 -0.496160
v -7.467500 0.656250 0.349570
v -7.405510 0.399140 1.195310
v -7.601530 0.786640 -1.437520
v -7.537340 0.613840 -0.570780
v -7.473140 0.441040 0.295960
v -7.408940 0.268250 1.162700
v -7.607600 0.395220 -1.495260
v -7.542070 0.308410 -0.615840
v -7.476540 0.221590 0.263590
v -7.411010 0.134770 1.143010
v -7.609630 -0.000000 -1.514570
v -7.543660 -0.000000 -0.630900
v -7.477680 -0.000000 0.252760
v -7.411700 -0.000000 1.136430
v -7.607600 -0.395220 -1.495260
v -7.542070 -0.308410 -0.615840
v -7.476540 -0.221590 0.263590
v -7.411010 -0.134770 1.143010
v -7.601530 -0.786640 -1.437520
v -7.537340 -0.613840 -0.570780
v -7.473140 -0.441040 0.295960
v -7.408940 -0.268250 1.162700
v -7.591480 -1.170480 -1.341900
v -7.529490 -0.913360 -0.496160
v -7.467500 -0.656250 0.349570
v -7.405510 -0.399140 1.195310
v -7.577550 -1.543040 -1.209320
v -7.518620 -1.204090 -0.392710
v -7.459690 -0.865140 0.423910
v -7.400760 -0.526190 1.240520
v -7.559870 -1.900750 -1.041060
v -7.504820 -1.483220 -0.261410
v -7.449770 -1.065700 0.518240
v -7.394730 -0.648170 1.297900
v -7.538600 -2.240150 -0.838750
v -7.488230 -1.748070 -0.103540
v -7.437850 -1.255990 0.631670
v -7.387480 -0.763910 1.366890
v -7.513960 -2.557980 -0.604320
v -7.469000 -1.996080 0.079390
v -7.424040 -1.434190 0.763110
v -7.379080 -0.872290 1.446830
v -7.486190 -2.851170 -0.340050
v -7.447320 -2.224870 0.285620
v -7.408460 -1.598570 0.911280
v -7.369600 -0.972270 1.536950
v -7.455540 -3.116900 -0.048460
v -7.423410 -2.432230 0.513160
v -7.391280 -1.747560 1.074770
v -7.359150 -1.062890 1.636380
v -7.422320 -3.352620 0.267630
v -7.397490 -2.616170 0.759810
v -7.372650 -1.879720 1.251990
v -7.347820 -1.143270 1.744170
v -7.386840 -3.556050 0.605170
v -7.369800 -2.774910 1.023200
v -7.352760 -1.993780 1.441240
v -7.335730 -1.212640 1.859270
v -7.349450 -3.725230 0.960920
v -7.340620 -2.906930 1.300810
v -7.331800 -2.088630 1.640700
v -7.322970 -1.270330 1.980590
v -7.310510 -3.858540 1.331440
v -7.310240 -3.010960 1.589940
v -7.309970 -2.163380 1.848440
v -7.309690 -1.315790 2.106940
v -7.270380 -3.954690 1.713180
v -7.278930 -3.085980 1.887820
v -7.287470 -2.217280 2.062470
v -7.296010 -1.348580 2.237120
v -7.229470 -4.012750 2.102450
v -7.247000 -3.131290 2.191590
v -7.264530 -2.249840 2.280720
v -7.282060 -1.368380 2.369860
v -7.188160 -4.032160 2.495510
v -7.214760 -3.146440 2.498300
v -7.241370 -2.260720 2.501100
v -7.267970 -1.375000 2.503890
v -7.146850 -4.012750 2.888560
v -7.182530 -3.131290 2.805020
v -7.218210 -2.249840 2.721470
v -7.253890 -1.368380 2.637930
v -7.105930 -3.954690 3.277830
v -7.150600 -3.085980 3.108780
v -7.195270 -2.217280 2.939730
v -7.239930 -1.348580 2.770670
v -7.065810 -3.858540 3.659570
v -7.119290 -3.010960 3.406660
v -7.172770 -2.163380 3.153760
v -7.226250 -1.315790 2.900850
v -7.026870 -3.725230 4.030090
v -7.088900 -2.906930 3.695800
v -7.150940 -2.088630 3.361500
v -7.212970 -1.270330 3.027200
v -6.989480 -3.556050 4.385840
v -7.059720 -2.774910 3.973400
v -7.129970 -1.993780 3.560960
v -7.200220 -1.212640 3.148510
v -6.954000 -3.352620 4.723380
v -7.032040 -2.616170 4.236800
v -7.110080 -1.879720 3.750210
v -7.188120 -1.143270 3.263620
v -6.920780 -3.116900 5.039470
v -7.006120 -2.432230 4.483450
v -7.091450 -1.747560 3.927430
v -7.176790 -1.062890 3.371410
v -6.890130 -2.851170 5.331060
v -6.982200 -2.224870 4.710980
v -7.074270 -1.598570 4.090910
v -7.166340 -0.972270 3.470840
v -6.862350 -2.557980 5.595340
v -6.960530 -1.996080 4.917210
v -7.058700 -1.434190 4.239090
v -7.156870 -0.872290 3.560960
v -6.837710 -2.240150 5.829760
v -6.941300 -1.748070 5.100140
v -7.044880 -1.255990 4.370520
v -7.148470 -0.763910 3.640900
v -6.816450 -1.900750 6.032080
v -6.924710 -1.483220 5.258020
v -7.032960 -1.065700 4.483950
v -7.141220 -0.648170 3.709890
v -6.798760 -1.543040 6.200330
v -6.910910 -1.204090 5.389310
v -7.023050 -0.865140 4.578290
v -7.135190 -0.526190 3.767270
v -6.784830 -1.170480 6.332910
v -6.900030 -0.913360 5.492760
v -7.015230 -0.656250 4.652620
v -7.130430 -0.399140 3.812480
v -6.774780 -0.786640 6.428530
v -6.892190 -0.613840 5.567380
v -7.009600 -0.441040 4.706230
v -7.127010 -0.268250 3.845090
v -6.768710 -0.395220 6.486270
v -6.887450 -0.308410 5.612440
v -7.006200 -0.221590 4.738610
v -7.124940 -0.134770 3.864780
v -5.005470 -1.319210 1.548240
v -5.013620 -1.644270 1.470750
v -5.038310 -1.507890 1.235830
v -5.027150 -1.183710 1.341980
v -5.046200 -1.015920 1.160710
v -5.060600 -1.337820 1.023740
v -4.981760 -1.418730 1.773870
v -4.959280 -1.804620 1.987740
v -4.930850 -1.500000 2.258250
v -4.956650 -1.479540 2.012710
v -4.987080 -1.743920 1.723270
v -5.108420 -0.666750 0.568710
v -5.074430 -0.602540 0.892120
v -5.096050 -0.912500 0.686410
v -5.087100 -0.123870 0.771570
v -5.116830 -0.406100 0.488760
v -5.121080 -0.136380 0.448330
v -5.121080 0.136380 0.448330
v -5.082840 -0.368230 0.812120
v -5.079990 -1.137870 0.839230
v -5.062110 -0.820420 1.009380
v -4.905040 -1.479540 2.503790
v -4.874620 -1.743920 2.793230
v -4.902410 -1.804620 2.528760
v -4.879940 -1.418730 2.742630
v -4.848080 -1.644270 3.045750
v -4.856220 -1.319210 2.968260
v -4.823390 -1.507890 3.280680
v -4.801090 -1.337820 3.492770
v -4.834540 -1.183710 3.174520
v -4.815490 -1.015920 3.355790
v -4.799580 -0.820420 3.507120
v -4.781700 -1.137870 3.677280
v -4.787260 -0.602540 3.624390
v -4.765640 -0.912500 3.830090
v -4.778850 -0.368230 3.704390
v -4.753270 -0.666750 3.947790
v -4.740620 -0.136380 4.068180
v -4.744860 -0.406100 4.027750
v -4.774590 -0.123870 3.744940
v -4.740620 0.136380 4.068180
v -4.774590 0.123870 3.744940
v -5.116830 0.406100 0.488760
v -5.087100 0.123870 0.771570
v -5.108420 0.666750 0.568710
v -5.082840 0.368230 0.812120
v -5.096050 0.912500 0.686410
v -5.074430 0.602540 0.892120
v -5.046200 1.015920 1.160710
v -5.062110 0.820420 1.009380
v -5.079990 1.137870 0.839230
v -5.060600 1.337820 1.023740
v -5.038310 1.507890 1.235830
v -5.005470 1.319210 1.548240
v -5.027150 1.183710 1.341980
v -5.013620 1.644270 1.470750
v -4.981760 1.418730 1.773870
v -4.987080 1.743920 1.723270
v -4.956650 1.479540 2.012710
v -4.930850 1.500000 2.258250
v -4.959280 1.804620 1.987740
v -4.787260 0.602540 3.624390
v -4.753270 0.666750 3.947790
v -4.778850 0.368230 3.704390
v -4.781700 1.137870 3.677280
v -4.799580 0.820420 3.507120
v -4.815490 1.015920 3.355790
v -4.801090 1.337820 3.492770
v -4.765640 0.912500 3.830090
v -4.744860 0.406100 4.027750
v -4.874620 1.743920 2.793230
v -4.879940 1.418730 2.742630
v -4.905040 1.479540 2.503790
v -4.902410 1.804620 2.528760
v -4.848080 1.644270 3.045750
v -4.823390 1.507890 3.280680
v -4.834540 1.183710 3.174520
v -4.856220 1.319210 2.968260
v -4.049870 1.493930 2.030130
v -4.035780 1.500000 2.164180
v -4.944940 1.493930 2.124210
v -4.064310 1.474960 1.892730
v -4.959380 1.474960 1.986800
v -4.078920 1.442100 1.753700
v -4.973990 1.442100 1.847780
v -4.093490 1.394680 1.615060
v -4.988560 1.394680 1.709140
v -4.107790 1.332430 1.479010
v -5.002860 1.332430 1.573090
v -4.121580 1.255490 1.347860
v -5.016640 1.255490 1.441930
v -4.134600 1.164530 1.223910
v -5.029670 1.164530 1.317980
v -4.146650 1.060660 1.109330
v -5.041720 1.060660 1.203400
v -4.157500 0.945450 1.006030
v -5.052570 0.945450 1.100100
v -4.167010 0.820810 0.915560
v -5.062080 0.820810 1.009640
v -4.175050 0.688940 0.839050
v -5.070120 0.688940 0.933130
v -4.181560 0.552140 0.777140
v -5.076630 0.552140 0.871210
v -4.186520 0.412740 0.729980
v -5.081590 0.412740 0.824050
v -4.189950 0.272940 0.697300
v -5.085020 0.272940 0.791370
v -4.191940 0.134780 0.678430
v -5.087010 0.134780 0.772500
v -4.192570 -0.000000 0.672390
v -5.087640 -0.000000 0.766470
v -4.191940 -0.134780 0.678430
v -5.087010 -0.134780 0.772500
v -4.189950 -0.272940 0.697300
v -5.085020 -0.272940 0.791370
v -4.186520 -0.412740 0.729980
v -5.081590 -0.412740 0.824050
v -4.181560 -0.552140 0.777140
v -5.076630 -0.552140 0.871210
v -4.175050 -0.688940 0.839050
v -5.070120 -0.688940 0.933130
v -4.167010 -0.820810 0.915560
v -5.062080 -0.820810 1.009640
v -4.157500 -0.945450 1.006030
v -5.052570 -0.945450 1.100100
v -4.146650 -1.060660 1.109330
v -5.041720 -1.060660 1.203400
v -4.134600 -1.164530 1.223910
v -5.029670 -1.164530 1.317980
v -4.121580 -1.255490 1.347860
v -5.016640 -1.255490 1.441930
v -4.107790 -1.332430 1.479010
v -5.002860 -1.332430 1.573090
v -4.093490 -1.394680 1.615060
v -4.988560 -1.394680 1.709140
v -4.078920 -1.442100 1.753700
v -4.973990 -1.442100 1.847780
v -4.064310 -1.474960 1.892730
v -4.959380 -1.474960 1.986800
v -4.049870 -1.493930 2.030130
v -4.944940 -1.493930 2.124210
v -4.035780 -1.500000 2.164180
v -4.021690 -1.493930 2.298220
v -4.916760 -1.493930 2.392300
v -4.007250 -1.474960 2.435630
v -4.902320 -1.474960 2.529700
v -3.992630 -1.442100 2.574650
v -4.887700 -1.442100 2.668730
v -3.978060 -1.394680 2.713290
v -4.873130 -1.394680 2.807370
v -3.963760 -1.332430 2.849340
v -4.858830 -1.332430 2.943420
v -3.949980 -1.255490 2.980500
v -4.845050 -1.255490 3.074570
v -3.936950 -1.164530 3.104450
v -4.832020 -1.164530 3.198520
v -3.924910 -1.060660 3.219030
v -4.819980 -1.060660 3.313100
v -3.914050 -0.945450 3.322330
v -4.809120 -0.945450 3.416400
v -3.904540 -0.820810 3.412790
v -4.799610 -0.820810 3.506870
v -3.896500 -0.688940 3.489300
v -4.791570 -0.688940 3.583380
v -3.889990 -0.552140 3.551220
v -4.785060 -0.552140 3.645300
v -3.885040 -0.412740 3.598380
v -4.780110 -0.412740 3.692450
v -3.881600 -0.272940 3.631060
v -4.776670 -0.272940 3.725130
v -3.879620 -0.134780 3.649930
v -4.774690 -0.134780 3.744000
v -3.878980 -0.000000 3.655960
v -4.774050 -0.000000 3.750040
v -3.879620 0.134780 3.649930
v -4.774690 0.134780 3.744000
v -3.881600 0.272940 3.631060
v -4.776670 0.272940 3.725130
v -3.885040 0.412740 3.598380
v -4.780110 0.412740 3.692450
v -3.889990 0.552140 3.551220
v -4.785060 0.552140 3.645300
v -3.896500 0.688940 3.489300
v -4.791570 0.688940 3.583380
v -3.904540 0.820810 3.412790
v -4.799610 0.820810 3.506870
v -3.914050 0.945450 3.322330
v -4.809120 0.945450 3.416400
v -3.924910 1.060660 3.219030
v -4.819980 1.060660 3.313100
v -3.936950 1.164530 3.104450
v -4.832020 1.164530 3.198520
v -3.949980 1.255490 2.980500
v -4.845050 1.255490 3.074570
v -3.963760 1.332430 2.849340
v -4.858830 1.332430 2.943420
v -3.978060 1.394680 2.713290
v -4.873130 1.394680 2.807370
v -3.992630 1.442100 2.574650
v -4.887700 1.442100 2.668730
v -4.007250 1.474960 2.435630
v -4.902320 1.474960 2.529700
v -4.021690 1.493930 2.298220
v -4.916760 1.493930 2.392300
v -0.906230 -2.153680 1.861320
v -0.723020 -2.166630 2.020550
v -1.089020 -2.121320 1.702210
v -1.269840 -2.069280 1.544620
v -1.447110 -1.997380 1.389910
v -1.619500 -1.905370 1.239260
v -1.785240 -1.793230 1.094260
v -1.942350 -1.661150 0.956630
v -2.088930 -1.509410 0.828090
v -2.207670 -1.359890 0.723840
v -2.314910 -1.196490 0.629600
v -2.409200 -1.020060 0.546630
v -2.489160 -0.831490 0.476190
v -2.553320 -0.632000 0.419570
v -2.599760 -0.425780 0.378480
v -2.627900 -0.214540 0.353440
v -2.637220 -0.000000 0.344920
v -1.571080 -1.886040 1.874690
v -1.446040 -1.897190 2.028360
v -1.697620 -1.857400 1.719540
v -1.824200 -1.810610 1.564660
v -1.949280 -1.745260 1.411920
v -2.071410 -1.661140 1.263080
v -2.188870 -1.558430 1.120220
v -2.299890 -1.437690 0.985450
v -2.402790 -1.299750 0.860780
v -2.485440 -1.164860 0.760820
v -2.559330 -1.018860 0.671620
v -2.623490 -0.863080 0.594320
v -2.677120 -0.698950 0.529840
v -2.719590 -0.527680 0.478940
v -2.749970 -0.352880 0.442660
v -2.768220 -0.176400 0.421060
v -2.774430 -0.000000 0.414010
v -2.241140 -1.669300 1.888190
v -2.169060 -1.679160 2.036160
v -2.314440 -1.643520 1.737170
v -2.387970 -1.600800 1.585160
v -2.460630 -1.540540 1.434460
v -2.531270 -1.462510 1.287440
v -2.598650 -1.367070 1.146720
v -2.661580 -1.255100 1.014850
v -2.718960 -1.128040 0.894170
v -2.764220 -1.004860 0.798660
v -2.803860 -0.873010 0.714710
v -2.837490 -0.734230 0.643220
v -2.864860 -0.590360 0.584790
v -2.885950 -0.442520 0.539520
v -2.900620 -0.293690 0.507790
v -2.909080 -0.145640 0.489200
v -2.911650 -0.000000 0.483100
v -2.907030 -1.493160 1.901720
v -2.922360 -1.471750 1.755800
v -2.937870 -1.434610 1.608310
v -2.953280 -1.381020 1.461700
v -2.968320 -1.310710 1.318550
v -2.982700 -1.224040 1.181700
v -2.996140 -1.121990 1.053860
v -3.008370 -1.006100 0.937520
v -3.017980 -0.893970 0.846070
v -3.026360 -0.774350 0.766340
v -3.033430 -0.649110 0.699100
v -3.039140 -0.520140 0.644750
v -3.043520 -0.388530 0.603100
v -3.046550 -0.256900 0.574230
v -3.048310 -0.126900 0.557540
v -2.627900 0.214540 0.353440
v -2.599760 0.425780 0.378480
v -2.553320 0.632000 0.419570
v -2.489160 0.831490 0.476190
v -2.409200 1.020060 0.546630
v -2.314910 1.196490 0.629600
v -2.207670 1.359890 0.723840
v -2.088930 1.509410 0.828090
v -1.942350 1.661150 0.956630
v -1.785240 1.793230 1.094260
v -1.619500 1.905370 1.239260
v -1.447110 1.997380 1.389910
v -1.269840 2.069280 1.544620
v -1.089020 2.121320 1.702210
v -0.906230 2.153680 1.861320
v -0.723020 2.166630 2.020550
v -2.768220 0.176400 0.421060
v -2.749970 0.352880 0.442660
v -2.719590 0.527680 0.478940
v -2.677120 0.698950 0.529840
v -2.623490 0.863080 0.594320
v -2.559330 1.018860 0.671620
v -2.485440 1.164860 0.760820
v -2.402790 1.299750 0.860780
v -2.299890 1.437690 0.985450
v -2.188870 1.558430 1.120220
v -2.071410 1.661140 1.263080
v -1.949280 1.745260 1.411920
v -1.824200 1.810610 1.564660
v -1.697620 1.857400 1.719540
v -1.571080 1.886040 1.874690
v -1.446040 1.897190 2.028360
v -2.909080 0.145640 0.489200
v -2.900620 0.293690 0.507790
v -2.885950 0.442520 0.539520
v -2.864860 0.590360 0.584790
v -2.837490 0.734230 0.643220
v -2.803860 0.873010 0.714710
v -2.764220 1.004860 0.798660
v -2.718960 1.128040 0.894170
v -2.661580 1.255100 1.014850
v -2.598650 1.367070 1.146720
v -2.531270 1.462510 1.287440
v -2.460630 1.540540 1.434460
v -2.387970 1.600800 1.585160
v -2.314440 1.643520 1.737170
v -2.241140 1.669300 1.888190
v -2.169060 1.679160 2.036160
v -3.048310 0.126900 0.557540
v -3.046550 0.256900 0.574230
v -3.043520 0.388530 0.603100
v -3.039140 0.520140 0.644750
v -3.033430 0.649110 0.699100
v -3.026360 0.774350 0.766340
v -3.017980 0.893970 0.846070
v -3.008370 1.006100 0.937520
v -2.996140 1.121990 1.053860
v -2.982700 1.224040 1.181700
v -2.968320 1.310710 1.318550
v -2.953280 1.381020 1.461700
v -2.937870 1.434610 1.608310
v -2.922360 1.471750 1.755800
v -2.907030 1.493160 1.901720
v -0.154600 2.311390 2.178760
v -0.361510 2.324540 2.016650
v 0.051640 2.277490 2.340190
v 0.255640 2.222700 2.499690
v 0.455850 2.146920 2.656060
v 0.651030 2.049860 2.808280
v 0.839350 1.931430 2.954940
v 1.018760 1.791700 3.094390
v 1.187200 1.630750 3.225010
v 1.324640 1.471670 3.331290
v 1.449810 1.297260 3.427750
v 1.561020 1.108200 3.513040
v 1.656570 0.905190 3.585840
v 1.734630 0.689480 3.644650
v 1.792730 0.465590 3.687560
v 1.830010 0.235210 3.713880
v 1.845590 -0.000000 3.722920
v -0.542550 2.153680 2.179820
v -0.362140 2.121320 2.338940
v -0.183330 2.069280 2.496570
v -0.007680 1.997380 2.651290
v 0.163490 1.905370 2.801950
v 0.328390 1.793230 2.946960
v 0.485090 1.661150 3.084590
v 0.631640 1.509410 3.213140
v 0.750710 1.359890 3.317380
v 0.858590 1.196490 3.411620
v 0.953830 1.020060 3.494570
v 1.035040 0.831490 3.565000
v 1.100780 0.632000 3.621600
v 1.149100 0.425780 3.662670
v 1.179410 0.214540 3.687690
v 1.191180 -0.000000 3.696180
v -0.929690 2.012660 2.180900
v -1.084530 2.024700 2.024450
v -0.774270 1.982230 2.337970
v -0.619820 1.932970 2.494110
v -0.467930 1.864600 2.647710
v -0.320050 1.776880 2.797310
v -0.177960 1.669900 2.941130
v -0.043560 1.544020 3.077250
v 0.081340 1.399780 3.203840
v 0.182020 1.258130 3.305980
v 0.272400 1.104010 3.397780
v 0.351270 0.938490 3.478030
v 0.417540 0.762730 3.545620
v 0.470170 0.577940 3.599510
v 0.507760 0.388030 3.638300
v 0.530020 0.194800 3.661660
v 0.536770 -0.000000 3.669440
v -1.318030 1.886040 2.181990
v -1.188860 1.857400 2.337120
v -1.060020 1.810610 2.491970
v -0.933070 1.745260 2.644690
v -0.809510 1.661140 2.793520
v -0.691090 1.558430 2.936370
v -0.579570 1.437690 3.071130
v -0.476650 1.299750 3.195800
v -0.394370 1.164860 3.295760
v -0.321240 1.018860 3.384970
v -0.258180 0.863080 3.462290
v -0.206010 0.698950 3.526780
v -0.165340 0.527680 3.577700
v -0.137060 0.352880 3.614000
v -0.121200 0.176400 3.635620
v -0.117640 -0.000000 3.642700
v -1.708270 1.772060 2.183090
v -1.807550 1.782530 2.032260
v -1.607500 1.744910 2.336250
v -1.506490 1.700220 2.489800
v -1.406660 1.637480 2.641650
v -1.309380 1.556460 2.789710
v -1.216230 1.457460 2.931610
v -1.128730 1.341210 3.065010
v -1.048350 1.208860 3.187720
v -0.984440 1.080020 3.285460
v -0.927980 0.941360 3.371990
v -0.879630 0.794460 3.446320
v -0.839910 0.640970 3.507660
v -0.809080 0.482090 3.555620
v -0.787610 0.321090 3.589480
v -0.775370 0.159820 3.609460
v -0.772050 -0.000000 3.615970
v -2.099800 1.669300 2.184170
v -2.029050 1.643520 2.335220
v -1.957770 1.600800 2.487250
v -1.887000 1.540540 2.637970
v -1.817820 1.462510 2.785000
v -1.751450 1.367070 2.925730
v -1.689040 1.255100 3.057610
v -1.631680 1.128040 3.178290
v -1.586030 1.004860 3.273800
v -1.545600 0.873010 3.357740
v -1.510830 0.734230 3.429210
v -1.481980 0.590360 3.487630
v -1.459080 0.442520 3.532880
v -1.442320 0.293690 3.564590
v -1.431550 0.145640 3.583150
v -1.426460 -0.000000 3.589230
v -2.490560 1.576640 2.185230
v -2.530570 1.585510 2.040070
v -2.449490 1.552550 2.333890
v -2.407890 1.512150 2.483960
v -2.366380 1.454730 2.633010
v -2.325620 1.380060 2.778500
v -2.286330 1.288540 2.917610
v -2.249200 1.181150 3.047680
v -2.214870 1.059460 3.166230
v -2.187300 0.941810 3.259600
v -2.162630 0.816310 3.341200
v -2.141060 0.684820 3.410220
v -2.122710 0.549260 3.466210
v -2.107520 0.410700 3.509290
v -2.095570 0.271860 3.539280
v -2.086740 0.134460 3.556750
v -2.080870 -0.000000 3.562490
v -2.877130 1.493160 2.186220
v -2.861790 1.471750 2.332140
v -2.846290 1.434610 2.479620
v -2.830880 1.381020 2.626240
v -2.815830 1.310710 2.769390
v -2.801450 1.224040 2.906240
v -2.788010 1.121990 3.034080
v -2.775780 1.006100 3.150420
v -2.766170 0.893970 3.241870
v -2.757790 0.774350 3.321600
v -2.750730 0.649110 3.388840
v -2.745010 0.520140 3.443190
v -2.740630 0.388530 3.484840
v -2.737600 0.256900 3.513710
v -2.735850 0.126900 3.530400
v 1.830010 -0.235210 3.713880
v 1.792730 -0.465590 3.687560
v 1.734630 -0.689480 3.644650
v 1.656570 -0.905190 3.585840
v 1.561020 -1.108200 3.513040
v 1.449810 -1.297260 3.427750
v 1.324640 -1.471670 3.331290
v 1.187200 -1.630750 3.225010
v 1.018760 -1.791700 3.094390
v 0.839350 -1.931430 2.954940
v 0.651030 -2.049860 2.808280
v 0.455850 -2.146920 2.656060
v 0.255640 -2.222700 2.499690
v 0.051640 -2.277490 2.340190
v -0.154600 -2.311390 2.178760
v -0.361510 -2.324540 2.016650
v 1.179410 -0.214540 3.687690
v 1.149100 -0.425780 3.662670
v 1.100780 -0.632000 3.621600
v 1.035040 -0.831490 3.565000
v 0.953830 -1.020060 3.494570
v 0.858590 -1.196490 3.411620
v 0.750710 -1.359890 3.317380
v 0.631640 -1.509410 3.213140
v 0.485090 -1.661150 3.084590
v 0.328390 -1.793230 2.946960
v 0.163490 -1.905370 2.801950
v -0.007680 -1.997380 2.651290
v -0.183330 -2.069280 2.496570
v -0.362140 -2.121320 2.338940
v -0.542550 -2.153680 2.179820
v 0.530020 -0.194800 3.661660
v 0.507760 -0.388030 3.638300
v 0.470170 -0.577940 3.599510
v 0.417540 -0.762730 3.545620
v 0.351270 -0.938490 3.478030
v 0.272400 -1.104010 3.397780
v 0.182020 -1.258130 3.305980
v 0.081340 -1.399780 3.203840
v -0.043560 -1.544020 3.077250
v -0.177960 -1.669900 2.941130
v -0.320050 -1.776880 2.797310
v -0.467930 -1.864600 2.647710
v -0.619820 -1.932970 2.494110
v -0.774270 -1.982230 2.337970
v -0.929690 -2.012660 2.180900
v -1.084530 -2.024700 2.024450
v -0.121200 -0.176400 3.635620
v -0.137060 -0.352880 3.614000
v -0.165340 -0.527680 3.577700
v -0.206010 -0.698950 3.526780
v -0.258180 -0.863080 3.462290
v -0.321240 -1.018860 3.384970
v -0.394370 -1.164860 3.295760
v -0.476650 -1.299750 3.195800
v -0.579570 -1.437690 3.071130
v -0.691090 -1.558430 2.936370
v -0.809510 -1.661140 2.793520
v -0.933070 -1.745260 2.644690
v -1.060020 -1.810610 2.491970
v -1.188860 -1.857400 2.337120
v -1.318030 -1.886040 2.181990
v -0.775370 -0.159820 3.609460
v -0.787610 -0.321090 3.589480
v -0.809080 -0.482090 3.555620
v -0.839910 -0.640970 3.507660
v -0.879630 -0.794460 3.446320
v -0.927980 -0.941360 3.371990
v -0.984440 -1.080020 3.285460
v -1.048350 -1.208860 3.187720
v -1.128730 -1.341210 3.065010
v -1.216230 -1.457460 2.931610
v -1.309380 -1.556460 2.789710
v -1.406660 -1.637480 2.641650
v -1.506490 -1.700220 2.489800
v -1.607500 -1.744910 2.336250
v -1.708270 -1.772060 2.183090
v -1.807550 -1.782530 2.032260
v -1.431550 -0.145640 3.583150
v -1.442320 -0.293690 3.564590
v -1.459080 -0.442520 3.532880
v -1.481980 -0.590360 3.487630
v -1.510830 -0.734230 3.429210
v -1.545600 -0.873010 3.357740
v -1.586030 -1.004860 3.273800
v -1.631680 -1.128040 3.178290
v -1.689040 -1.255100 3.057610
v -1.751450 -1.367070 2.925730
v -1.817820 -1.462510 2.785000
v -1.887000 -1.540540 2.637970
v -1.957770 -1.600800 2.487250
v -2.029050 -1.643520 2.335220
v -2.099800 -1.669300 2.184170
v -2.086740 -0.134460 3.556750
v -2.095570 -0.271860 3.539280
v -2.107520 -0.410700 3.509290
v -2.122710 -0.549260 3.466210
v -2.141060 -0.684820 3.410220
v -2.162630 -0.816310 3.341200
v -2.187300 -0.941810 3.259600
v -2.214870 -1.059460 3.166230
v -2.249200 -1.181150 3.047680
v -2.286330 -1.288540 2.917610
v -2.325620 -1.380060 2.778500
v -2.366380 -1.454730 2.633010
v -2.407890 -1.512150 2.483960
v -2.449490 -1.552550 2.333890
v -2.490560 -1.576640 2.185230
v -2.530570 -1.585510 2.040070
v -2.735850 -0.126900 3.530400
v -2.737600 -0.256900 3.513710
v -2.740630 -0.388530 3.484840
v -2.745010 -0.520140 3.443190
v -2.750730 -0.649110 3.388840
v -2.757790 -0.774350 3.321600
v -2.766170 -0.893970 3.241870
v -2.775780 -1.006100 3.150420
v -2.788010 -1.121990 3.034080
v -2.801450 -1.224040 2.906240
v -2.815830 -1.310710 2.769390
v -2.830880 -1.381020 2.626240
v -2.846290 -1.434610 2.479620
v -2.861790 -1.471750 2.332140
v -2.877130 -1.493160 2.186220

f 1 2 3
f 1 3 3
f 4 3 2
f 4 2 5
f 6 4 5
f 6 5 7
f 8 6 7
f 8 7 9
f 10 8 9
f 10 9 11
f 12 10 11
f 12 11 13
f 14 12 13
f 14 13 15
f 16 17 12
f 16 12 14
f 18 14 15
f 18 15 19
f 20 16 14
f 20 14 18
f 21 18 19
f 21 19 22
f 23 20 18
f 23 18 21
f 24 21 22
f 24 22 25
f 26 23 21
f 26 21 24
f 27 24 25
f 27 25 28
f 29 26 24
f 29 24 27
f 30 27 28
f 30 28 31
f 32 29 27
f 32 27 30
f 33 30 31
f 33 31 34
f 35 32 30
f 35 30 33
f 32 35 36
f 32 36 36
f 37 33 34
f 37 34 38
f 39 35 33
f 39 33 37
f 40 36 35
f 40 35 39
f 41 37 38
f 41 38 42
f 43 39 37
f 43 37 41
f 44 40 39
f 44 39 43
f 45 41 42
f 45 42 46
f 47 43 41
f 47 41 45
f 48 44 43
f 48 43 47
f 49 45 46
f 49 46 50
f 51 47 45
f 51 45 49
f 52 48 47
f 52 47 51
f 53 49 50
f 53 50 54
f 55 51 49
f 55 49 53
f 56 52 51
f 56 51 55
f 57 53 54
f 57 54 58
f 59 55 53
f 59 53 57
f 60 56 55
f 60 55 59
f 61 57 58
f 61 58 62
f 63 59 57
f 63 57 61
f 64 60 59
f 64 59 63
f 65 61 62
f 65 62 66
f 67 63 61
f 67 61 65
f 68 64 63
f 68 63 67
f 69 65 66
f 69 66 70
f 71 67 65
f 71 65 69
f 72 68 67
f 72 67 71
f 73 69 70
f 73 70 74
f 75 71 69
f 75 69 73
f 76 72 71
f 76 71 75
f 77 73 74
f 77 74 78
f 79 75 73
f 79 73 77
f 80 76 75
f 80 75 79
f 81 77 78
f 81 78 82
f 83 79 77
f 83 77 81
f 84 80 79
f 84 79 83
f 85 81 82
f 85 82 86
f 87 83 81
f 87 81 85
f 88 84 83
f 88 83 87
f 89 85 86
f 89 86 90
f 91 87 85
f 91 85 89
f 92 88 87
f 92 87 91
f 93 89 90
f 93 90 94
f 95 91 89
f 95 89 93
f 96 92 91
f 96 91 95
f 97 93 94
f 97 94 98
f 99 95 93
f 99 93 97
f 100 96 95
f 100 95 99
f 101 97 98
f 101 98 102
f 103 99 97
f 103 97 101
f 104 100 99
f 104 99 103
f 105 101 102
f 105 102 106
f 107 103 101
f 107 101 105
f 108 104 103
f 108 103 107
f 109 105 106
f 109 106 110
f 111 107 105
f 111 105 109
f 108 107 111
f 108 111 111
f 112 109 110
f 112 110 113
f 114 111 109
f 114 109 112
f 115 112 113
f 115 113 116
f 117 114 112
f 117 112 115
f 118 115 116
f 118 116 119
f 120 117 115
f 120 115 118
f 121 118 119
f 121 119 122
f 123 120 118
f 123 118 121
f 124 121 122
f 124 122 125
f 126 123 121
f 126 121 124
f 127 124 125
f 127 125 128
f 129 126 124
f 129 124 127
f 130 127 128
f 130 128 131
f 132 130 131
f 132 131 133
f 134 132 133
f 134 133 135
f 136 134 135
f 136 135 137
f 138 136 137
f 138 137 139
f 138 139 140
f 138 140 140
f 141 142 143
f 141 143 143
f 144 145 146
f 144 146 146
f 147 143 145
f 147 145 145
f 148 149 150
f 148 150 150
f 151 152 153
f 151 153 153
f 154 150 152
f 154 152 152
f 155 146 149
f 155 149 149
f 143 147 141
f 143 141 141
f 146 155 144
f 146 144 144
f 144 147 145
f 144 145 145
f 150 154 148
f 150 148 148
f 153 156 151
f 153 151 151
f 151 154 152
f 151 152 152
f 148 155 149
f 148 149 149
f 156 153 157
f 156 157 157
f 158 157 159
f 158 159 159
f 159 160 158
f 159 158 158
f 160 159 1
f 160 1 1
f 156 157 158
f 156 158 158
f 161 160 1
f 161 1 1
f 162 4 6
f 162 6 6
f 163 3 4
f 163 4 4
f 3 161 1
f 3 1 1
f 164 161 3
f 164 3 3
f 162 163 4
f 162 4 4
f 164 3 163
f 164 163 163
f 165 8 10
f 165 10 10
f 165 10 166
f 165 166 166
f 10 17 166
f 10 166 166
f 12 17 10
f 12 10 10
f 6 165 162
f 6 162 162
f 165 6 8
f 165 8 8
f 167 17 16
f 167 16 16
f 16 20 168
f 16 168 168
f 167 16 168
f 167 168 168
f 166 17 167
f 166 167 167
f 23 169 20
f 23 20 20
f 29 170 26
f 29 26 26
f 26 171 23
f 26 23 23
f 32 172 29
f 32 29 29
f 169 168 20
f 169 20 20
f 26 170 171
f 26 171 171
f 171 169 23
f 171 23 23
f 172 32 173
f 172 173 173
f 29 172 170
f 29 170 170
f 36 174 173
f 36 173 173
f 174 36 40
f 174 40 40
f 32 36 173
f 32 173 173
f 175 40 44
f 175 44 44
f 176 48 52
f 176 52 52
f 177 44 48
f 177 48 48
f 178 56 60
f 178 60 60
f 179 64 68
f 179 68 68
f 180 60 64
f 180 64 64
f 181 52 56
f 181 56 56
f 44 177 175
f 44 175 175
f 48 176 177
f 48 177 177
f 175 182 40
f 175 40 40
f 181 176 52
f 181 52 52
f 178 181 56
f 178 56 56
f 180 178 60
f 180 60 60
f 179 180 64
f 179 64 64
f 68 183 179
f 68 179 179
f 183 68 72
f 183 72 72
f 174 40 182
f 174 182 182
f 130 129 127
f 130 127 127
f 184 132 134
f 184 134 134
f 184 130 132
f 184 132 132
f 185 140 186
f 185 186 186
f 187 188 186
f 187 186 186
f 185 186 188
f 185 188 188
f 185 189 140
f 185 140 140
f 190 191 136
f 190 136 136
f 134 191 184
f 134 184 184
f 184 192 130
f 184 130 130
f 191 134 136
f 191 136 136
f 193 138 189
f 193 189 189
f 140 189 138
f 140 138 138
f 138 193 190
f 138 190 190
f 136 138 190
f 136 190 190
f 192 129 130
f 192 130 130
f 194 195 196
f 194 196 196
f 197 198 199
f 197 199 199
f 200 196 198
f 200 198 198
f 201 202 203
f 201 203 203
f 141 204 142
f 141 142 142
f 205 203 204
f 205 204 204
f 206 199 202
f 206 202 202
f 196 200 194
f 196 194 194
f 207 188 187
f 207 187 187
f 195 194 207
f 195 207 207
f 204 141 205
f 204 205 205
f 199 206 197
f 199 197 197
f 202 201 206
f 202 206 206
f 203 205 201
f 203 201 201
f 197 200 198
f 197 198 198
f 195 207 187
f 195 187 187
f 183 76 208
f 183 208 208
f 209 80 84
f 209 84 84
f 208 76 80
f 208 80 80
f 210 88 92
f 210 92 92
f 211 96 100
f 211 100 100
f 212 92 96
f 212 96 96
f 213 84 88
f 213 88 88
f 88 210 213
f 88 213 213
f 84 213 209
f 84 209 209
f 80 209 208
f 80 208 208
f 214 215 104
f 214 104 104
f 100 215 211
f 100 211 211
f 211 212 96
f 211 96 96
f 92 212 210
f 92 210 210
f 104 215 100
f 104 100 100
f 72 76 183
f 72 183 183
f 114 216 111
f 114 111 111
f 120 217 117
f 120 117 117
f 117 218 114
f 117 114 114
f 126 219 123
f 126 123 123
f 126 129 220
f 126 220 220
f 192 220 129
f 192 129 129
f 221 120 123
f 221 123 123
f 126 220 219
f 126 219 219
f 222 108 223
f 222 223 223
f 223 108 111
f 223 111 111
f 222 214 104
f 222 104 104
f 222 104 108
f 222 108 108
f 221 217 120
f 221 120 120
f 111 216 223
f 111 223 223
f 114 218 216
f 114 216 216
f 218 117 217
f 218 217 217
f 221 123 219
f 221 219 219
f 224 225 226
f 224 226 227
f 228 224 227
f 228 227 229
f 230 228 229
f 230 229 231
f 232 233 225
f 232 225 224
f 234 232 224
f 234 224 228
f 235 234 228
f 235 228 230
f 236 237 233
f 236 233 232
f 238 236 232
f 238 232 234
f 239 238 234
f 239 234 235
f 98 94 226
f 98 226 226
f 102 98 226
f 102 226 226
f 94 90 227
f 94 227 227
f 78 74 227
f 78 227 227
f 86 82 227
f 86 227 227
f 78 227 82
f 78 82 82
f 227 90 86
f 227 86 86
f 106 102 226
f 106 226 226
f 119 116 225
f 119 225 225
f 125 122 225
f 125 225 225
f 225 122 119
f 225 119 119
f 225 128 125
f 225 125 125
f 94 227 226
f 94 226 226
f 225 113 110
f 225 110 110
f 116 113 225
f 116 225 225
f 226 225 110
f 226 110 110
f 110 106 226
f 110 226 226
f 70 227 74
f 70 74 74
f 229 66 62
f 229 62 62
f 58 54 229
f 58 229 229
f 229 62 58
f 229 58 58
f 229 50 46
f 229 46 46
f 229 54 50
f 229 50 50
f 42 231 46
f 42 46 46
f 38 231 42
f 38 42 42
f 66 229 70
f 66 70 70
f 34 231 38
f 34 38 38
f 229 46 231
f 229 231 231
f 31 230 231
f 31 231 231
f 28 230 31
f 28 31 31
f 34 31 231
f 34 231 231
f 25 230 28
f 25 28 28
f 230 25 22
f 230 22 22
f 22 19 230
f 22 230 230
f 19 15 230
f 19 230 230
f 13 230 15
f 13 15 15
f 229 227 70
f 229 70 70
f 128 225 233
f 128 233 233
f 133 131 233
f 133 233 233
f 233 135 133
f 233 133 133
f 135 233 137
f 135 137 137
f 140 139 233
f 140 233 233
f 137 233 139
f 137 139 139
f 186 140 237
f 186 237 237
f 196 237 236
f 196 236 236
f 140 233 237
f 140 237 237
f 187 237 195
f 187 195 195
f 196 236 198
f 196 198 198
f 196 195 237
f 196 237 237
f 199 198 236
f 199 236 236
f 203 202 236
f 203 236 236
f 236 142 204
f 236 204 204
f 236 204 203
f 236 203 203
f 202 199 236
f 202 236 236
f 186 237 187
f 186 187 187
f 238 142 236
f 238 236 236
f 5 2 235
f 5 235 235
f 1 235 2
f 1 2 2
f 1 239 235
f 1 235 235
f 11 235 13
f 11 13 13
f 9 7 235
f 9 235 235
f 9 235 11
f 9 11 11
f 235 7 5
f 235 5 5
f 235 230 13
f 235 13 13
f 238 150 149
f 238 149 149
f 149 146 238
f 149 238 238
f 145 238 146
f 145 146 146
f 238 152 150
f 238 150 150
f 1 159 239
f 1 239 239
f 157 239 159
f 157 159 159
f 157 153 239
f 157 239 239
f 152 239 153
f 152 153 153
f 239 152 238
f 239 238 238
f 143 238 145
f 143 145 145
f 143 142 238
f 143 238 238
f 131 128 233
f 131 233 233
f 240 241 242
f 240 242 243
f 244 240 243
f 244 243 245
f 246 244 245
f 246 245 247
f 248 246 247
f 248 247 249
f 250 248 249
f 250 249 251
f 252 250 251
f 252 251 253
f 254 252 253
f 254 253 255
f 256 254 255
f 256 255 257
f 258 256 257
f 258 257 259
f 260 258 259
f 260 259 261
f 262 260 261
f 262 261 263
f 264 262 263
f 264 263 265
f 266 264 265
f 266 265 267
f 268 266 267
f 268 267 269
f 270 268 269
f 270 269 271
f 272 270 271
f 272 271 273
f 274 272 273
f 274 273 275
f 276 274 275
f 276 275 277
f 278 276 277
f 278 277 279
f 280 278 279
f 280 279 281
f 282 280 281
f 282 281 283
f 284 282 283
f 284 283 285
f 286 284 285
f 286 285 287
f 288 286 287
f 288 287 289
f 290 288 289
f 290 289 291
f 292 290 291
f 292 291 293
f 294 292 293
f 294 293 295
f 296 294 295
f 296 295 297
f 298 296 297
f 298 297 299
f 300 298 299
f 300 299 301
f 302 300 301
f 302 301 303
f 304 302 303
f 304 303 305
f 306 304 305
f 306 305 307
f 308 306 307
f 308 307 309
f 310 308 309
f 310 309 311
f 312 310 311
f 312 311 313
f 314 312 313
f 314 313 315
f 316 314 315
f 316 315 317
f 318 316 317
f 318 317 319
f 320 318 319
f 320 319 321
f 322 320 321
f 322 321 323
f 324 322 323
f 324 323 325
f 326 324 325
f 326 325 327
f 328 326 327
f 328 327 329
f 330 328 329
f 330 329 331
f 332 330 331
f 332 331 333
f 334 332 333
f 334 333 335
f 336 334 335
f 336 335 337
f 338 336 337
f 338 337 339
f 340 338 339
f 340 339 341
f 342 340 341
f 342 341 343
f 344 342 343
f 344 343 345
f 346 344 345
f 346 345 347
f 348 346 347
f 348 347 349
f 350 348 349
f 350 349 351
f 352 350 351
f 352 351 353
f 354 352 353
f 354 353 355
f 356 354 355
f 356 355 357
f 358 356 357
f 358 357 359
f 360 358 359
f 360 359 361
f 362 360 361
f 362 361 363
f 364 362 363
f 364 363 365
f 366 364 365
f 366 365 367
f 241 366 367
f 241 367 242
f 368 317 369
f 368 369 369
f 313 369 315
f 313 315 315
f 317 315 369
f 317 369 369
f 370 319 317
f 370 317 317
f 321 319 371
f 321 371 371
f 370 317 368
f 370 368 368
f 372 323 321
f 372 321 321
f 319 370 371
f 319 371 371
f 373 311 309
f 373 309 309
f 309 307 374
f 309 374 374
f 313 311 375
f 313 375 375
f 313 375 376
f 313 376 376
f 309 374 373
f 309 373 373
f 311 373 375
f 311 375 375
f 376 369 313
f 376 313 313
f 377 374 307
f 377 307 307
f 329 327 378
f 329 378 378
f 325 378 327
f 325 327 327
f 329 379 331
f 329 331 331
f 337 335 380
f 337 380 380
f 381 333 331
f 381 331 331
f 333 380 335
f 333 335 335
f 382 339 337
f 382 337 337
f 380 382 337
f 380 337 337
f 325 383 378
f 325 378 378
f 372 321 371
f 372 371 371
f 383 323 372
f 383 372 372
f 333 384 380
f 333 380 380
f 331 379 381
f 331 381 381
f 333 381 384
f 333 384 384
f 379 329 378
f 379 378 378
f 383 325 323
f 383 323 323
f 303 301 385
f 303 385 385
f 301 299 386
f 301 386 386
f 387 305 303
f 387 303 303
f 305 387 377
f 305 377 377
f 301 386 385
f 301 385 385
f 303 385 387
f 303 387 387
f 377 307 305
f 377 305 305
f 388 386 299
f 388 299 299
f 389 295 293
f 389 293 293
f 291 390 293
f 291 293 293
f 297 295 391
f 297 391 391
f 391 295 389
f 391 389 389
f 293 390 389
f 293 389 389
f 291 289 392
f 291 392 392
f 388 297 391
f 388 391 391
f 388 299 297
f 388 297 297
f 392 289 393
f 392 393 393
f 394 393 287
f 394 287 287
f 393 289 287
f 393 287 287
f 390 291 392
f 390 392 392
f 285 394 287
f 285 287 287
f 395 396 281
f 395 281 281
f 396 394 285
f 396 285 285
f 397 395 281
f 397 281 281
f 281 396 283
f 281 283 283
f 397 281 279
f 397 279 279
f 396 285 283
f 396 283 283
f 275 398 399
f 275 399 399
f 399 277 275
f 399 275 275
f 275 400 398
f 275 398 398
f 397 279 277
f 397 277 277
f 277 399 397
f 277 397 397
f 401 341 339
f 401 339 339
f 341 401 402
f 341 402 402
f 403 341 402
f 403 402 402
f 382 401 339
f 382 339 339
f 345 343 403
f 345 403 403
f 404 347 345
f 404 345 345
f 341 403 343
f 341 343 343
f 349 347 405
f 349 405 405
f 404 345 403
f 404 403 403
f 406 349 405
f 406 405 405
f 404 405 347
f 404 347 347
f 353 407 408
f 353 408 408
f 406 407 351
f 406 351 351
f 408 409 355
f 408 355 355
f 351 407 353
f 351 353 353
f 351 349 406
f 351 406 406
f 359 410 411
f 359 411 411
f 353 408 355
f 353 355 355
f 411 412 361
f 411 361 361
f 357 355 409
f 357 409 409
f 410 359 357
f 410 357 357
f 359 411 361
f 359 361 361
f 410 357 409
f 410 409 409
f 363 361 412
f 363 412 412
f 365 413 414
f 365 414 414
f 242 415 416
f 242 416 416
f 415 367 414
f 415 414 414
f 365 414 367
f 365 367 367
f 367 415 242
f 367 242 242
f 363 413 365
f 363 365 365
f 363 412 413
f 363 413 413
f 417 242 416
f 417 416 416
f 267 418 419
f 267 419 419
f 271 420 421
f 271 421 421
f 420 267 419
f 420 419 419
f 422 423 259
f 422 259 259
f 261 423 424
f 261 424 424
f 261 259 423
f 261 423 423
f 263 424 418
f 263 418 418
f 400 271 421
f 400 421 421
f 271 269 420
f 271 420 420
f 400 273 271
f 400 271 271
f 275 273 400
f 275 400 400
f 265 418 267
f 265 267 267
f 269 267 420
f 269 420 420
f 418 265 263
f 418 263 263
f 263 261 424
f 263 424 424
f 257 425 422
f 257 422 422
f 245 417 426
f 245 426 426
f 247 427 428
f 247 428 428
f 427 247 426
f 427 426 426
f 245 426 247
f 245 247 247
f 247 428 249
f 247 249 249
f 243 417 245
f 243 245 245
f 243 242 417
f 243 417 417
f 429 249 428
f 429 428 428
f 257 255 425
f 257 425 425
f 257 422 259
f 257 259 259
f 255 430 431
f 255 431 431
f 255 431 425
f 255 425 425
f 430 253 251
f 430 251 251
f 249 429 251
f 249 251 251
f 253 430 255
f 253 255 255
f 251 429 430
f 251 430 430
f 432 433 316
f 432 316 316
f 312 314 433
f 312 433 433
f 316 433 314
f 316 314 314
f 432 316 318
f 432 318 318
f 320 434 318
f 320 318 318
f 435 432 318
f 435 318 318
f 436 320 322
f 436 322 322
f 318 434 435
f 318 435 435
f 437 308 310
f 437 310 310
f 308 437 306
f 308 306 306
f 312 438 310
f 312 310 310
f 312 439 438
f 312 438 438
f 306 437 440
f 306 440 440
f 310 438 437
f 310 437 437
f 439 312 433
f 439 433 433
f 441 306 440
f 441 440 440
f 328 442 326
f 328 326 326
f 324 326 443
f 324 443 443
f 328 330 442
f 328 442 442
f 444 334 336
f 444 336 336
f 445 330 332
f 445 332 332
f 332 334 445
f 332 445 445
f 444 336 338
f 444 338 338
f 334 444 446
f 334 446 446
f 324 443 447
f 324 447 447
f 436 434 320
f 436 320 320
f 447 436 322
f 447 322 322
f 334 446 445
f 334 445 445
f 330 448 442
f 330 442 442
f 330 445 448
f 330 448 448
f 442 443 326
f 442 326 326
f 447 322 324
f 447 324 324
f 302 449 300
f 302 300 300
f 300 450 298
f 300 298 298
f 451 302 304
f 451 304 304
f 304 441 451
f 304 451 451
f 300 449 450
f 300 450 450
f 302 451 449
f 302 449 449
f 441 304 306
f 441 306 306
f 452 298 450
f 452 450 450
f 453 292 294
f 453 294 294
f 290 292 454
f 290 454 454
f 296 455 294
f 296 294 294
f 455 453 294
f 455 294 294
f 292 453 454
f 292 454 454
f 290 456 288
f 290 288 288
f 452 455 296
f 452 296 296
f 452 296 298
f 452 298 298
f 456 457 288
f 456 288 288
f 458 286 457
f 458 457 457
f 457 286 288
f 457 288 288
f 454 456 290
f 454 290 290
f 284 286 458
f 284 458 458
f 459 280 460
f 459 460 460
f 460 282 458
f 460 458 458
f 461 280 459
f 461 459 459
f 280 282 460
f 280 460 460
f 461 278 280
f 461 280 280
f 458 282 284
f 458 284 284
f 274 462 463
f 274 463 463
f 462 274 276
f 462 276 276
f 274 463 464
f 274 464 464
f 461 276 278
f 461 278 278
f 276 461 462
f 276 462 462
f 465 338 340
f 465 340 340
f 338 465 466
f 338 466 466
f 465 340 342
f 465 342 342
f 444 338 466
f 444 466 466
f 344 467 342
f 344 342 342
f 468 344 346
f 468 346 346
f 342 467 465
f 342 465 465
f 348 469 346
f 348 346 346
f 468 467 344
f 468 344 344
f 470 469 348
f 470 348 348
f 468 346 469
f 468 469 469
f 352 471 472
f 352 472 472
f 470 350 472
f 470 472 472
f 471 354 473
f 471 473 473
f 350 352 472
f 350 472 472
f 350 470 348
f 350 348 348
f 358 474 475
f 358 475 475
f 352 354 471
f 352 471 471
f 474 360 476
f 474 476 476
f 356 473 354
f 356 354 354
f 475 356 358
f 475 358 358
f 358 360 474
f 358 474 474
f 475 473 356
f 475 356 356
f 362 476 360
f 362 360 360
f 364 477 478
f 364 478 478
f 241 479 480
f 241 480 480
f 480 477 366
f 480 366 366
f 364 366 477
f 364 477 477
f 366 241 480
f 366 480 480
f 362 364 478
f 362 478 478
f 362 478 476
f 362 476 476
f 240 479 241
f 240 241 241
f 264 481 482
f 264 482 482
f 270 483 484
f 270 484 484
f 484 481 268
f 484 268 268
f 485 258 486
f 485 486 486
f 260 487 486
f 260 486 486
f 260 486 258
f 260 258 258
f 264 482 487
f 264 487 487
f 464 483 270
f 464 270 270
f 270 484 268
f 270 268 268
f 464 270 272
f 464 272 272
f 274 464 272
f 274 272 272
f 264 266 481
f 264 481 481
f 268 481 266
f 268 266 266
f 487 262 264
f 487 264 264
f 262 487 260
f 262 260 260
f 256 485 488
f 256 488 488
f 240 489 490
f 240 490 490
f 246 491 492
f 246 492 492
f 492 489 244
f 492 244 244
f 244 246 492
f 244 492 492
f 246 248 491
f 246 491 491
f 240 244 489
f 240 489 489
f 240 490 479
f 240 479 479
f 493 491 248
f 493 248 248
f 254 256 494
f 254 494 494
f 256 258 485
f 256 485 485
f 252 494 495
f 252 495 495
f 494 256 488
f 494 488 488
f 252 493 250
f 252 250 250
f 248 250 493
f 248 493 493
f 252 254 494
f 252 494 494
f 493 252 495
f 493 495 495
f 490 417 416
f 490 416 479
f 489 426 417
f 489 417 490
f 492 427 426
f 492 426 489
f 491 428 427
f 491 427 492
f 493 429 428
f 493 428 491
f 495 430 429
f 495 429 493
f 494 431 430
f 494 430 495
f 488 425 431
f 488 431 494
f 485 422 425
f 485 425 488
f 486 423 422
f 486 422 485
f 487 424 423
f 487 423 486
f 482 418 424
f 482 424 487
f 481 419 418
f 481 418 482
f 484 420 419
f 484 419 481
f 483 421 420
f 483 420 484
f 464 400 421
f 464 421 483
f 463 398 400
f 463 400 464
f 462 399 398
f 462 398 463
f 461 397 399
f 461 399 462
f 459 395 397
f 459 397 461
f 460 396 395
f 460 395 459
f 458 394 396
f 458 396 460
f 457 393 394
f 457 394 458
f 456 392 393
f 456 393 457
f 454 390 392
f 454 392 456
f 453 389 390
f 453 390 454
f 455 391 389
f 455 389 453
f 452 388 391
f 452 391 455
f 450 386 388
f 450 388 452
f 449 385 386
f 449 386 450
f 451 387 385
f 451 385 449
f 441 377 387
f 441 387 451
f 440 374 377
f 440 377 441
f 437 373 374
f 437 374 440
f 438 375 373
f 438 373 437
f 439 376 375
f 439 375 438
f 433 369 376
f 433 376 439
f 432 368 369
f 432 369 433
f 435 370 368
f 435 368 432
f 434 371 370
f 434 370 435
f 436 372 371
f 436 371 434
f 447 383 372
f 447 372 436
f 443 378 383
f 443 383 447
f 442 379 378
f 442 378 443
f 448 381 379
f 448 379 442
f 445 384 381
f 445 381 448
f 446 380 384
f 446 384 445
f 444 382 380
f 444 380 446
f 466 401 382
f 466 382 444
f 465 402 401
f 465 401 466
f 467 403 402
f 467 402 465
f 468 404 403
f 468 403 467
f 469 405 404
f 469 404 468
f 470 406 405
f 470 405 469
f 472 407 406
f 472 406 470
f 471 408 407
f 471 407 472
f 473 409 408
f 473 408 471
f 475 410 409
f 475 409 473
f 474 411 410
f 474 410 475
f 476 412 411
f 476 411 474
f 478 413 412
f 478 412 476
f 477 414 413
f 477 413 478
f 480 415 414
f 480 414 477
f 479 416 415
f 479 415 480
f 496 497 498
f 496 498 499
f 500 501 497
f 500 497 496
f 502 503 501
f 502 501 500
f 504 505 503
f 504 503 502
f 506 496 499
f 506 499 507
f 508 500 496
f 508 496 506
f 509 502 500
f 509 500 508
f 510 504 502
f 510 502 509
f 511 506 507
f 511 507 512
f 513 508 506
f 513 506 511
f 514 509 508
f 514 508 513
f 515 510 509
f 515 509 514
f 516 511 512
f 516 512 517
f 518 513 511
f 518 511 516
f 519 514 513
f 519 513 518
f 520 515 514
f 520 514 519
f 521 516 517
f 521 517 522
f 523 518 516
f 523 516 521
f 524 519 518
f 524 518 523
f 525 520 519
f 525 519 524
f 526 521 522
f 526 522 527
f 528 523 521
f 528 521 526
f 529 524 523
f 529 523 528
f 530 525 524
f 530 524 529
f 531 526 527
f 531 527 532
f 533 528 526
f 533 526 531
f 534 529 528
f 534 528 533
f 535 530 529
f 535 529 534
f 536 531 532
f 536 532 537
f 538 533 531
f 538 531 536
f 539 534 533
f 539 533 538
f 540 535 534
f 540 534 539
f 541 536 537
f 541 537 542
f 543 538 536
f 543 536 541
f 544 539 538
f 544 538 543
f 545 540 539
f 545 539 544
f 546 541 542
f 546 542 547
f 548 543 541
f 548 541 546
f 549 544 543
f 549 543 548
f 550 545 544
f 550 544 549
f 551 546 547
f 551 547 552
f 553 548 546
f 553 546 551
f 554 549 548
f 554 548 553
f 555 550 549
f 555 549 554
f 556 551 552
f 556 552 557
f 558 553 551
f 558 551 556
f 559 554 553
f 559 553 558
f 560 555 554
f 560 554 559
f 561 556 557
f 561 557 562
f 563 558 556
f 563 556 561
f 564 559 558
f 564 558 563
f 565 560 559
f 565 559 564
f 566 561 562
f 566 562 567
f 568 563 561
f 568 561 566
f 569 564 563
f 569 563 568
f 570 565 564
f 570 564 569
f 571 566 567
f 571 567 572
f 573 568 566
f 573 566 571
f 574 569 568
f 574 568 573
f 575 570 569
f 575 569 574
f 576 571 572
f 576 572 577
f 578 573 571
f 578 571 576
f 579 574 573
f 579 573 578
f 580 575 574
f 580 574 579
f 581 576 577
f 581 577 582
f 583 578 576
f 583 576 581
f 584 579 578
f 584 578 583
f 585 580 579
f 585 579 584
f 586 581 582
f 586 582 587
f 588 583 581
f 588 581 586
f 589 584 583
f 589 583 588
f 590 585 584
f 590 584 589
f 591 586 587
f 591 587 592
f 593 588 586
f 593 586 591
f 594 589 588
f 594 588 593
f 595 590 589
f 595 589 594
f 596 591 592
f 596 592 597
f 598 593 591
f 598 591 596
f 599 594 593
f 599 593 598
f 600 595 594
f 600 594 599
f 601 596 597
f 601 597 602
f 603 598 596
f 603 596 601
f 604 599 598
f 604 598 603
f 605 600 599
f 605 599 604
f 606 601 602
f 606 602 607
f 608 603 601
f 608 601 606
f 609 604 603
f 609 603 608
f 610 605 604
f 610 604 609
f 611 606 607
f 611 607 612
f 613 608 606
f 613 606 611
f 614 609 608
f 614 608 613
f 615 610 609
f 615 609 614
f 616 611 612
f 616 612 617
f 618 613 611
f 618 611 616
f 619 614 613
f 619 613 618
f 620 615 614
f 620 614 619
f 621 616 617
f 621 617 622
f 623 618 616
f 623 616 621
f 624 619 618
f 624 618 623
f 625 620 619
f 625 619 624
f 626 621 622
f 626 622 627
f 628 623 621
f 628 621 626
f 629 624 623
f 629 623 628
f 630 625 624
f 630 624 629
f 631 626 627
f 631 627 632
f 633 628 626
f 633 626 631
f 634 629 628
f 634 628 633
f 635 630 629
f 635 629 634
f 636 631 632
f 636 632 637
f 638 633 631
f 638 631 636
f 639 634 633
f 639 633 638
f 640 635 634
f 640 634 639
f 641 636 637
f 641 637 642
f 643 638 636
f 643 636 641
f 644 639 638
f 644 638 643
f 645 640 639
f 645 639 644
f 646 641 642
f 646 642 647
f 648 643 641
f 648 641 646
f 649 644 643
f 649 643 648
f 650 645 644
f 650 644 649
f 651 646 647
f 651 647 652
f 653 648 646
f 653 646 651
f 654 649 648
f 654 648 653
f 655 650 649
f 655 649 654
f 656 651 652
f 656 652 657
f 658 653 651
f 658 651 656
f 659 654 653
f 659 653 658
f 660 655 654
f 660 654 659
f 661 656 657
f 661 657 662
f 663 658 656
f 663 656 661
f 664 659 658
f 664 658 663
f 665 660 659
f 665 659 664
f 666 661 662
f 666 662 667
f 668 663 661
f 668 661 666
f 669 664 663
f 669 663 668
f 670 665 664
f 670 664 669
f 671 666 667
f 671 667 672
f 673 668 666
f 673 666 671
f 674 669 668
f 674 668 673
f 675 670 669
f 675 669 674
f 676 671 672
f 676 672 677
f 678 673 671
f 678 671 676
f 679 674 673
f 679 673 678
f 680 675 674
f 680 674 679
f 681 676 677
f 681 677 682
f 683 678 676
f 683 676 681
f 684 679 678
f 684 678 683
f 685 680 679
f 685 679 684
f 686 681 682
f 686 682 687
f 688 683 681
f 688 681 686
f 689 684 683
f 689 683 688
f 690 685 684
f 690 684 689
f 691 686 687
f 691 687 692
f 693 688 686
f 693 686 691
f 694 689 688
f 694 688 693
f 695 690 689
f 695 689 694
f 696 691 692
f 696 692 697
f 698 693 691
f 698 691 696
f 699 694 693
f 699 693 698
f 700 695 694
f 700 694 699
f 701 696 697
f 701 697 702
f 703 698 696
f 703 696 701
f 704 699 698
f 704 698 703
f 705 700 699
f 705 699 704
f 706 701 702
f 706 702 707
f 708 703 701
f 708 701 706
f 709 704 703
f 709 703 708
f 710 705 704
f 710 704 709
f 711 706 707
f 711 707 712
f 713 708 706
f 713 706 711
f 714 709 708
f 714 708 713
f 715 710 709
f 715 709 714
f 716 711 712
f 716 712 717
f 718 713 711
f 718 711 716
f 719 714 713
f 719 713 718
f 720 715 714
f 720 714 719
f 721 716 717
f 721 717 722
f 723 718 716
f 723 716 721
f 724 719 718
f 724 718 723
f 725 720 719
f 725 719 724
f 726 721 722
f 726 722 727
f 728 723 721
f 728 721 726
f 729 724 723
f 729 723 728
f 730 725 724
f 730 724 729
f 731 726 727
f 731 727 732
f 733 728 726
f 733 726 731
f 734 729 728
f 734 728 733
f 735 730 729
f 735 729 734
f 736 731 732
f 736 732 737
f 738 733 731
f 738 731 736
f 739 734 733
f 739 733 738
f 740 735 734
f 740 734 739
f 741 736 737
f 741 737 742
f 743 738 736
f 743 736 741
f 744 739 738
f 744 738 743
f 745 740 739
f 745 739 744
f 746 741 742
f 746 742 747
f 748 743 741
f 748 741 746
f 749 744 743
f 749 743 748
f 750 745 744
f 750 744 749
f 751 746 747
f 751 747 752
f 753 748 746
f 753 746 751
f 754 749 748
f 754 748 753
f 755 750 749
f 755 749 754
f 756 751 752
f 756 752 757
f 758 753 751
f 758 751 756
f 759 754 753
f 759 753 758
f 760 755 754
f 760 754 759
f 761 756 757
f 761 757 762
f 763 758 756
f 763 756 761
f 764 759 758
f 764 758 763
f 765 760 759
f 765 759 764
f 766 761 762
f 766 762 767
f 768 763 761
f 768 761 766
f 769 764 763
f 769 763 768
f 770 765 764
f 770 764 769
f 771 766 767
f 771 767 772
f 773 768 766
f 773 766 771
f 774 769 768
f 774 768 773
f 775 770 769
f 775 769 774
f 776 771 772
f 776 772 777
f 778 773 771
f 778 771 776
f 779 774 773
f 779 773 778
f 780 775 774
f 780 774 779
f 781 776 777
f 781 777 782
f 783 778 776
f 783 776 781
f 784 779 778
f 784 778 783
f 785 780 779
f 785 779 784
f 786 781 782
f 786 782 787
f 788 783 781
f 788 781 786
f 789 784 783
f 789 783 788
f 790 785 784
f 790 784 789
f 791 786 787
f 791 787 792
f 793 788 786
f 793 786 791
f 794 789 788
f 794 788 793
f 795 790 789
f 795 789 794
f 796 791 792
f 796 792 797
f 798 793 791
f 798 791 796
f 799 794 793
f 799 793 798
f 800 795 794
f 800 794 799
f 801 796 797
f 801 797 802
f 803 798 796
f 803 796 801
f 804 799 798
f 804 798 803
f 805 800 799
f 805 799 804
f 806 801 802
f 806 802 807
f 808 803 801
f 808 801 806
f 809 804 803
f 809 803 808
f 810 805 804
f 810 804 809
f 811 806 807
f 811 807 812
f 813 808 806
f 813 806 811
f 814 809 808
f 814 808 813
f 815 810 809
f 815 809 814
f 497 811 812
f 497 812 498
f 501 813 811
f 501 811 497
f 503 814 813
f 503 813 501
f 505 815 814
f 505 814 503
f 816 817 505
f 816 505 504
f 818 819 817
f 818 817 816
f 820 821 819
f 820 819 818
f 822 816 504
f 822 504 510
f 823 818 816
f 823 816 822
f 824 820 818
f 824 818 823
f 825 822 510
f 825 510 515
f 826 823 822
f 826 822 825
f 827 824 823
f 827 823 826
f 828 825 515
f 828 515 520
f 829 826 825
f 829 825 828
f 830 827 826
f 830 826 829
f 831 828 520
f 831 520 525
f 832 829 828
f 832 828 831
f 833 830 829
f 833 829 832
f 834 831 525
f 834 525 530
f 835 832 831
f 835 831 834
f 836 833 832
f 836 832 835
f 837 834 530
f 837 530 535
f 838 835 834
f 838 834 837
f 839 836 835
f 839 835 838
f 840 837 535
f 840 535 540
f 841 838 837
f 841 837 840
f 842 839 838
f 842 838 841
f 843 840 540
f 843 540 545
f 844 841 840
f 844 840 843
f 845 842 841
f 845 841 844
f 846 843 545
f 846 545 550
f 847 844 843
f 847 843 846
f 848 845 844
f 848 844 847
f 849 846 550
f 849 550 555
f 850 847 846
f 850 846 849
f 851 848 847
f 851 847 850
f 852 849 555
f 852 555 560
f 853 850 849
f 853 849 852
f 854 851 850
f 854 850 853
f 855 852 560
f 855 560 565
f 856 853 852
f 856 852 855
f 857 854 853
f 857 853 856
f 858 855 565
f 858 565 570
f 859 856 855
f 859 855 858
f 860 857 856
f 860 856 859
f 861 858 570
f 861 570 575
f 862 859 858
f 862 858 861
f 863 860 859
f 863 859 862
f 864 861 575
f 864 575 580
f 865 862 861
f 865 861 864
f 866 863 862
f 866 862 865
f 867 864 580
f 867 580 585
f 868 865 864
f 868 864 867
f 869 866 865
f 869 865 868
f 870 867 585
f 870 585 590
f 871 868 867
f 871 867 870
f 872 869 868
f 872 868 871
f 873 870 590
f 873 590 595
f 874 871 870
f 874 870 873
f 875 872 871
f 875 871 874
f 876 873 595
f 876 595 600
f 877 874 873
f 877 873 876
f 878 875 874
f 878 874 877
f 879 876 600
f 879 600 605
f 880 877 876
f 880 876 879
f 881 878 877
f 881 877 880
f 882 879 605
f 882 605 610
f 883 880 879
f 883 879 882
f 884 881 880
f 884 880 883
f 885 882 610
f 885 610 615
f 886 883 882
f 886 882 885
f 887 884 883
f 887 883 886
f 888 885 615
f 888 615 620
f 889 886 885
f 889 885 888
f 890 887 886
f 890 886 889
f 891 888 620
f 891 620 625
f 892 889 888
f 892 888 891
f 893 890 889
f 893 889 892
f 894 891 625
f 894 625 630
f 895 892 891
f 895 891 894
f 896 893 892
f 896 892 895
f 897 894 630
f 897 630 635
f 898 895 894
f 898 894 897
f 899 896 895
f 899 895 898
f 900 897 635
f 900 635 640
f 901 898 897
f 901 897 900
f 902 899 898
f 902 898 901
f 903 900 640
f 903 640 645
f 904 901 900
f 904 900 903
f 905 902 901
f 905 901 904
f 906 903 645
f 906 645 650
f 907 904 903
f 907 903 906
f 908 905 904
f 908 904 907
f 909 906 650
f 909 650 655
f 910 907 906
f 910 906 909
f 911 908 907
f 911 907 910
f 912 909 655
f 912 655 660
f 913 910 909
f 913 909 912
f 914 911 910
f 914 910 913
f 915 912 660
f 915 660 665
f 916 913 912
f 916 912 915
f 917 914 913
f 917 913 916
f 918 915 665
f 918 665 670
f 919 916 915
f 919 915 918
f 920 917 916
f 920 916 919
f 921 918 670
f 921 670 675
f 922 919 918
f 922 918 921
f 923 920 919
f 923 919 922
f 924 921 675
f 924 675 680
f 925 922 921
f 925 921 924
f 926 923 922
f 926 922 925
f 927 924 680
f 927 680 685
f 928 925 924
f 928 924 927
f 929 926 925
f 929 925 928
f 930 927 685
f 930 685 690
f 931 928 927
f 931 927 930
f 932 929 928
f 932 928 931
f 933 930 690
f 933 690 695
f 934 931 930
f 934 930 933
f 935 932 931
f 935 931 934
f 936 933 695
f 936 695 700
f 937 934 933
f 937 933 936
f 938 935 934
f 938 934 937
f 939 936 700
f 939 700 705
f 940 937 936
f 940 936 939
f 941 938 937
f 941 937 940
f 942 939 705
f 942 705 710
f 943 940 939
f 943 939 942
f 944 941 940
f 944 940 943
f 945 942 710
f 945 710 715
f 946 943 942
f 946 942 945
f 947 944 943
f 947 943 946
f 948 945 715
f 948 715 720
f 949 946 945
f 949 945 948
f 950 947 946
f 950 946 949
f 951 948 720
f 951 720 725
f 952 949 948
f 952 948 951
f 953 950 949
f 953 949 952
f 954 951 725
f 954 725 730
f 955 952 951
f 955 951 954
f 956 953 952
f 956 952 955
f 957 954 730
f 957 730 735
f 958 955 954
f 958 954 957
f 959 956 955
f 959 955 958
f 960 957 735
f 960 735 740
f 961 958 957
f 961 957 960
f 962 959 958
f 962 958 961
f 963 960 740
f 963 740 745
f 964 961 960
f 964 960 963
f 965 962 961
f 965 961 964
f 966 963 745
f 966 745 750
f 967 964 963
f 967 963 966
f 968 965 964
f 968 964 967
f 969 966 750
f 969 750 755
f 970 967 966
f 970 966 969
f 971 968 967
f 971 967 970
f 972 969 755
f 972 755 760
f 973 970 969
f 973 969 972
f 974 971 970
f 974 970 973
f 975 972 760
f 975 760 765
f 976 973 972
f 976 972 975
f 977 974 973
f 977 973 976
f 978 975 765
f 978 765 770
f 979 976 975
f 979 975 978
f 980 977 976
f 980 976 979
f 981 978 770
f 981 770 775
f 982 979 978
f 982 978 981
f 983 980 979
f 983 979 982
f 984 981 775
f 984 775 780
f 985 982 981
f 985 981 984
f 986 983 982
f 986 982 985
f 987 984 780
f 987 780 785
f 988 985 984
f 988 984 987
f 989 986 985
f 989 985 988
f 990 987 785
f 990 785 790
f 991 988 987
f 991 987 990
f 992 989 988
f 992 988 991
f 993 990 790
f 993 790 795
f 994 991 990
f 994 990 993
f 995 992 991
f 995 991 994
f 996 993 795
f 996 795 800
f 997 994 993
f 997 993 996
f 998 995 994
f 998 994 997
f 999 996 800
f 999 800 805
f 1000 997 996
f 1000 996 999
f 1001 998 997
f 1001 997 1000
f 1002 999 805
f 1002 805 810
f 1003 1000 999
f 1003 999 1002
f 1004 1001 1000
f 1004 1000 1003
f 1005 1002 810
f 1005 810 815
f 1006 1003 1002
f 1006 1002 1005
f 1007 1004 1003
f 1007 1003 1006
f 817 1005 815
f 817 815 505
f 819 1006 1005
f 819 1005 817
f 821 1007 1006
f 821 1006 819
f 1008 1009 821
f 1008 821 820
f 1010 1011 1009
f 1010 1009 1008
f 1012 1013 1011
f 1012 1011 1010
f 1014 1015 1013
f 1014 1013 1012
f 1016 1008 820
f 1016 820 824
f 1017 1010 1008
f 1017 1008 1016
f 1018 1012 1010
f 1018 1010 1017
f 1019 1014 1012
f 1019 1012 1018
f 1020 1016 824
f 1020 824 827
f 1021 1017 1016
f 1021 1016 1020
f 1022 1018 1017
f 1022 1017 1021
f 1023 1019 1018
f 1023 1018 1022
f 1024 1020 827
f 1024 827 830
f 1025 1021 1020
f 1025 1020 1024
f 1026 1022 1021
f 1026 1021 1025
f 1027 1023 1022
f 1027 1022 1026
f 1028 1024 830
f 1028 830 833
f 1029 1025 1024
f 1029 1024 1028
f 1030 1026 1025
f 1030 1025 1029
f 1031 1027 1026
f 1031 1026 1030
f 1032 1028 833
f 1032 833 836
f 1033 1029 1028
f 1033 1028 1032
f 1034 1030 1029
f 1034 1029 1033
f 1035 1031 1030
f 1035 1030 1034
f 1036 1032 836
f 1036 836 839
f 1037 1033 1032
f 1037 1032 1036
f 1038 1034 1033
f 1038 1033 1037
f 1039 1035 1034
f 1039 1034 1038
f 1040 1036 839
f 1040 839 842
f 1041 1037 1036
f 1041 1036 1040
f 1042 1038 1037
f 1042 1037 1041
f 1043 1039 1038
f 1043 1038 1042
f 1044 1040 842
f 1044 842 845
f 1045 1041 1040
f 1045 1040 1044
f 1046 1042 1041
f 1046 1041 1045
f 1047 1043 1042
f 1047 1042 1046
f 1048 1044 845
f 1048 845 848
f 1049 1045 1044
f 1049 1044 1048
f 1050 1046 1045
f 1050 1045 1049
f 1051 1047 1046
f 1051 1046 1050
f 1052 1048 848
f 1052 848 851
f 1053 1049 1048
f 1053 1048 1052
f 1054 1050 1049
f 1054 1049 1053
f 1055 1051 1050
f 1055 1050 1054
f 1056 1052 851
f 1056 851 854
f 1057 1053 1052
f 1057 1052 1056
f 1058 1054 1053
f 1058 1053 1057
f 1059 1055 1054
f 1059 1054 1058
f 1060 1056 854
f 1060 854 857
f 1061 1057 1056
f 1061 1056 1060
f 1062 1058 1057
f 1062 1057 1061
f 1063 1059 1058
f 1063 1058 1062
f 1064 1060 857
f 1064 857 860
f 1065 1061 1060
f 1065 1060 1064
f 1066 1062 1061
f 1066 1061 1065
f 1067 1063 1062
f 1067 1062 1066
f 1068 1064 860
f 1068 860 863
f 1069 1065 1064
f 1069 1064 1068
f 1070 1066 1065
f 1070 1065 1069
f 1071 1067 1066
f 1071 1066 1070
f 1072 1068 863
f 1072 863 866
f 1073 1069 1068
f 1073 1068 1072
f 1074 1070 1069
f 1074 1069 1073
f 1075 1071 1070
f 1075 1070 1074
f 1076 1072 866
f 1076 866 869
f 1077 1073 1072
f 1077 1072 1076
f 1078 1074 1073
f 1078 1073 1077
f 1079 1075 1074
f 1079 1074 1078
f 1080 1076 869
f 1080 869 872
f 1081 1077 1076
f 1081 1076 1080
f 1082 1078 1077
f 1082 1077 1081
f 1083 1079 1078
f 1083 1078 1082
f 1084 1080 872
f 1084 872 875
f 1085 1081 1080
f 1085 1080 1084
f 1086 1082 1081
f 1086 1081 1085
f 1087 1083 1082
f 1087 1082 1086
f 1088 1084 875
f 1088 875 878
f 1089 1085 1084
f 1089 1084 1088
f 1090 1086 1085
f 1090 1085 1089
f 1091 1087 1086
f 1091 1086 1090
f 1092 1088 878
f 1092 878 881
f 1093 1089 1088
f 1093 1088 1092
f 1094 1090 1089
f 1094 1089 1093
f 1095 1091 1090
f 1095 1090 1094
f 1096 1092 881
f 1096 881 884
f 1097 1093 1092
f 1097 1092 1096
f 1098 1094 1093
f 1098 1093 1097
f 1099 1095 1094
f 1099 1094 1098
f 1100 1096 884
f 1100 884 887
f 1101 1097 1096
f 1101 1096 1100
f 1102 1098 1097
f 1102 1097 1101
f 1103 1099 1098
f 1103 1098 1102
f 1104 1100 887
f 1104 887 890
f 1105 1101 1100
f 1105 1100 1104
f 1106 1102 1101
f 1106 1101 1105
f 1107 1103 1102
f 1107 1102 1106
f 1108 1104 890
f 1108 890 893
f 1109 1105 1104
f 1109 1104 1108
f 1110 1106 1105
f 1110 1105 1109
f 1111 1107 1106
f 1111 1106 1110
f 1112 1108 893
f 1112 893 896
f 1113 1109 1108
f 1113 1108 1112
f 1114 1110 1109
f 1114 1109 1113
f 1115 1111 1110
f 1115 1110 1114
f 1116 1112 896
f 1116 896 899
f 1117 1113 1112
f 1117 1112 1116
f 1118 1114 1113
f 1118 1113 1117
f 1119 1115 1114
f 1119 1114 1118
f 1120 1116 899
f 1120 899 902
f 1121 1117 1116
f 1121 1116 1120
f 1122 1118 1117
f 1122 1117 1121
f 1123 1119 1118
f 1123 1118 1122
f 1124 1120 902
f 1124 902 905
f 1125 1121 1120
f 1125 1120 1124
f 1126 1122 1121
f 1126 1121 1125
f 1127 1123 1122
f 1127 1122 1126
f 1128 1124 905
f 1128 905 908
f 1129 1125 1124
f 1129 1124 1128
f 1130 1126 1125
f 1130 1125 1129
f 1131 1127 1126
f 1131 1126 1130
f 1132 1128 908
f 1132 908 911
f 1133 1129 1128
f 1133 1128 1132
f 1134 1130 1129
f 1134 1129 1133
f 1135 1131 1130
f 1135 1130 1134
f 1136 1132 911
f 1136 911 914
f 1137 1133 1132
f 1137 1132 1136
f 1138 1134 1133
f 1138 1133 1137
f 1139 1135 1134
f 1139 1134 1138
f 1140 1136 914
f 1140 914 917
f 1141 1137 1136
f 1141 1136 1140
f 1142 1138 1137
f 1142 1137 1141
f 1143 1139 1138
f 1143 1138 1142
f 1144 1140 917
f 1144 917 920
f 1145 1141 1140
f 1145 1140 1144
f 1146 1142 1141
f 1146 1141 1145
f 1147 1143 1142
f 1147 1142 1146
f 1148 1144 920
f 1148 920 923
f 1149 1145 1144
f 1149 1144 1148
f 1150 1146 1145
f 1150 1145 1149
f 1151 1147 1146
f 1151 1146 1150
f 1152 1148 923
f 1152 923 926
f 1153 1149 1148
f 1153 1148 1152
f 1154 1150 1149
f 1154 1149 1153
f 1155 1151 1150
f 1155 1150 1154
f 1156 1152 926
f 1156 926 929
f 1157 1153 1152
f 1157 1152 1156
f 1158 1154 1153
f 1158 1153 1157
f 1159 1155 1154
f 1159 1154 1158
f 1160 1156 929
f 1160 929 932
f 1161 1157 1156
f 1161 1156 1160
f 1162 1158 1157
f 1162 1157 1161
f 1163 1159 1158
f 1163 1158 1162
f 1164 1160 932
f 1164 932 935
f 1165 1161 1160
f 1165 1160 1164
f 1166 1162 1161
f 1166 1161 1165
f 1167 1163 1162
f 1167 1162 1166
f 1168 1164 935
f 1168 935 938
f 1169 1165 1164
f 1169 1164 1168
f 1170 1166 1165
f 1170 1165 1169
f 1171 1167 1166
f 1171 1166 1170
f 1172 1168 938
f 1172 938 941
f 1173 1169 1168
f 1173 1168 1172
f 1174 1170 1169
f 1174 1169 1173
f 1175 1171 1170
f 1175 1170 1174
f 1176 1172 941
f 1176 941 944
f 1177 1173 1172
f 1177 1172 1176
f 1178 1174 1173
f 1178 1173 1177
f 1179 1175 1174
f 1179 1174 1178
f 1180 1176 944
f 1180 944 947
f 1181 1177 1176
f 1181 1176 1180
f 1182 1178 1177
f 1182 1177 1181
f 1183 1179 1178
f 1183 1178 1182
f 1184 1180 947
f 1184 947 950
f 1185 1181 1180
f 1185 1180 1184
f 1186 1182 1181
f 1186 1181 1185
f 1187 1183 1182
f 1187 1182 1186
f 1188 1184 950
f 1188 950 953
f 1189 1185 1184
f 1189 1184 1188
f 1190 1186 1185
f 1190 1185 1189
f 1191 1187 1186
f 1191 1186 1190
f 1192 1188 953
f 1192 953 956
f 1193 1189 1188
f 1193 1188 1192
f 1194 1190 1189
f 1194 1189 1193
f 1195 1191 1190
f 1195 1190 1194
f 1196 1192 956
f 1196 956 959
f 1197 1193 1192
f 1197 1192 1196
f 1198 1194 1193
f 1198 1193 1197
f 1199 1195 1194
f 1199 1194 1198
f 1200 1196 959
f 1200 959 962
f 1201 1197 1196
f 1201 1196 1200
f 1202 1198 1197
f 1202 1197 1201
f 1203 1199 1198
f 1203 1198 1202
f 1204 1200 962
f 1204 962 965
f 1205 1201 1200
f 1205 1200 1204
f 1206 1202 1201
f 1206 1201 1205
f 1207 1203 1202
f 1207 1202 1206
f 1208 1204 965
f 1208 965 968
f 1209 1205 1204
f 1209 1204 1208
f 1210 1206 1205
f 1210 1205 1209
f 1211 1207 1206
f 1211 1206 1210
f 1212 1208 968
f 1212 968 971
f 1213 1209 1208
f 1213 1208 1212
f 1214 1210 1209
f 1214 1209 1213
f 1215 1211 1210
f 1215 1210 1214
f 1216 1212 971
f 1216 971 974
f 1217 1213 1212
f 1217 1212 1216
f 1218 1214 1213
f 1218 1213 1217
f 1219 1215 1214
f 1219 1214 1218
f 1220 1216 974
f 1220 974 977
f 1221 1217 1216
f 1221 1216 1220
f 1222 1218 1217
f 1222 1217 1221
f 1223 1219 1218
f 1223 1218 1222
f 1224 1220 977
f 1224 977 980
f 1225 1221 1220
f 1225 1220 1224
f 1226 1222 1221
f 1226 1221 1225
f 1227 1223 1222
f 1227 1222 1226
f 1228 1224 980
f 1228 980 983
f 1229 1225 1224
f 1229 1224 1228
f 1230 1226 1225
f 1230 1225 1229
f 1231 1227 1226
f 1231 1226 1230
f 1232 1228 983
f 1232 983 986
f 1233 1229 1228
f 1233 1228 1232
f 1234 1230 1229
f 1234 1229 1233
f 1235 1231 1230
f 1235 1230 1234
f 1236 1232 986
f 1236 986 989
f 1237 1233 1232
f 1237 1232 1236
f 1238 1234 1233
f 1238 1233 1237
f 1239 1235 1234
f 1239 1234 1238
f 1240 1236 989
f 1240 989 992
f 1241 1237 1236
f 1241 1236 1240
f 1242 1238 1237
f 1242 1237 1241
f 1243 1239 1238
f 1243 1238 1242
f 1244 1240 992
f 1244 992 995
f 1245 1241 1240
f 1245 1240 1244
f 1246 1242 1241
f 1246 1241 1245
f 1247 1243 1242
f 1247 1242 1246
f 1248 1244 995
f 1248 995 998
f 1249 1245 1244
f 1249 1244 1248
f 1250 1246 1245
f 1250 1245 1249
f 1251 1247 1246
f 1251 1246 1250
f 1252 1248 998
f 1252 998 1001
f 1253 1249 1248
f 1253 1248 1252
f 1254 1250 1249
f 1254 1249 1253
f 1255 1251 1250
f 1255 1250 1254
f 1256 1252 1001
f 1256 1001 1004
f 1257 1253 1252
f 1257 1252 1256
f 1258 1254 1253
f 1258 1253 1257
f 1259 1255 1254
f 1259 1254 1258
f 1260 1256 1004
f 1260 1004 1007
f 1261 1257 1256
f 1261 1256 1260
f 1262 1258 1257
f 1262 1257 1261
f 1263 1259 1258
f 1263 1258 1262
f 1009 1260 1007
f 1009 1007 821
f 1011 1261 1260
f 1011 1260 1009
f 1013 1262 1261
f 1013 1261 1011
f 1015 1263 1262
f 1015 1262 1013
f 1264 1265 1266
f 1264 1266 1266
f 1266 1267 1264
f 1266 1264 1264
f 1268 1267 1269
f 1268 1269 1269
f 1269 1267 1266
f 1269 1266 1266
f 1270 1265 1264
f 1270 1264 1264
f 1271 1272 737
f 1271 737 737
f 1273 1274 1270
f 1273 1270 1270
f 1265 1270 1274
f 1265 1274 1274
f 1271 1274 1273
f 1271 1273 1273
f 1273 1272 1271
f 1273 1271 1271
f 1275 1276 1277
f 1275 1277 1277
f 1278 1279 1280
f 1278 1280 1280
f 1281 1278 1280
f 1281 1280 1280
f 1282 1275 1279
f 1282 1279 1279
f 1279 1278 1282
f 1279 1282 1282
f 1269 1283 1268
f 1269 1268 1268
f 1284 1268 1283
f 1284 1283 1283
f 1277 1284 1283
f 1277 1283 1283
f 1276 1284 1277
f 1276 1277 1277
f 1276 1275 1282
f 1276 1282 1282
f 1285 1286 1287
f 1285 1287 1287
f 1286 1285 1288
f 1286 1288 1288
f 1287 1272 1285
f 1287 1285 1285
f 1272 1287 737
f 1272 737 737
f 1289 1286 1288
f 1289 1288 1288
f 1290 1291 1289
f 1290 1289 1289
f 1292 1291 1293
f 1292 1293 1293
f 1290 1293 1291
f 1290 1291 1291
f 1294 1292 1293
f 1294 1293 1293
f 1290 1289 1288
f 1290 1288 1288
f 1295 1296 1294
f 1295 1294 1294
f 1292 1294 1296
f 1292 1296 1296
f 1297 1298 1295
f 1297 1295 1295
f 1298 1296 1295
f 1298 1295 1295
f 1299 1300 1297
f 1299 1297 1297
f 1300 1298 1297
f 1300 1297 1297
f 1301 1302 1303
f 1301 1303 1303
f 1299 1302 1300
f 1299 1300 1300
f 1304 1301 1303
f 1304 1303 1305
f 1299 1303 1302
f 1299 1302 1302
f 1306 1307 1281
f 1306 1281 1281
f 1278 1281 1307
f 1278 1307 1307
f 1308 1309 1306
f 1308 1306 1306
f 1307 1306 1309
f 1307 1309 1309
f 1310 1311 1308
f 1310 1308 1308
f 1311 1309 1308
f 1311 1308 1308
f 1312 1313 1314
f 1312 1314 1314
f 1310 1313 1311
f 1310 1311 1311
f 1315 1312 1314
f 1315 1314 1314
f 1310 1314 1313
f 1310 1313 1313
f 1316 1317 1318
f 1316 1318 1318
f 1317 1316 1319
f 1317 1319 1319
f 1315 1316 1318
f 1315 1318 1318
f 1315 1318 1312
f 1315 1312 1312
f 1320 1317 1319
f 1320 1319 1319
f 1321 1322 1320
f 1321 1320 1320
f 1323 1322 1324
f 1323 1324 1324
f 1321 1324 1322
f 1321 1322 1322
f 577 1323 1324
f 577 1324 1324
f 1321 1320 1319
f 1321 1319 1319
f 1325 1326 1327
f 1325 1327 1327
f 1328 1329 1330
f 1328 1330 1330
f 1331 1328 1330
f 1331 1330 1330
f 1332 1325 1329
f 1332 1329 1329
f 1329 1328 1332
f 1329 1332 1332
f 1333 1304 1305
f 1333 1305 1305
f 1305 1327 1333
f 1305 1333 1333
f 1333 1327 1326
f 1333 1326 1326
f 1326 1325 1332
f 1326 1332 1332
f 1334 1335 1336
f 1334 1336 1336
f 1334 1336 1337
f 1334 1337 1337
f 1337 1336 1323
f 1337 1323 1323
f 1337 1323 577
f 1337 577 577
f 1338 1335 1334
f 1338 1334 1334
f 1339 1340 1341
f 1339 1341 1341
f 1331 1340 1339
f 1331 1339 1339
f 1338 1339 1341
f 1338 1341 1341
f 1338 1341 1335
f 1338 1335 1335
f 1330 1340 1331
f 1330 1331 1331
f 1342 1343 479
f 1342 479 490
f 1344 1323 1343
f 1344 1343 1342
f 1345 1342 490
f 1345 490 489
f 1346 1344 1342
f 1346 1342 1345
f 1347 1345 489
f 1347 489 492
f 1348 1346 1345
f 1348 1345 1347
f 1349 1347 492
f 1349 492 491
f 1350 1348 1347
f 1350 1347 1349
f 1351 1349 491
f 1351 491 493
f 1352 1350 1349
f 1352 1349 1351
f 1353 1351 493
f 1353 493 495
f 1354 1352 1351
f 1354 1351 1353
f 1355 1353 495
f 1355 495 494
f 1356 1354 1353
f 1356 1353 1355
f 1357 1355 494
f 1357 494 488
f 1358 1356 1355
f 1358 1355 1357
f 1359 1357 488
f 1359 488 485
f 1360 1358 1357
f 1360 1357 1359
f 1361 1359 485
f 1361 485 486
f 1362 1360 1359
f 1362 1359 1361
f 1363 1361 486
f 1363 486 487
f 1364 1362 1361
f 1364 1361 1363
f 1365 1363 487
f 1365 487 482
f 1366 1364 1363
f 1366 1363 1365
f 1367 1365 482
f 1367 482 481
f 1368 1366 1365
f 1368 1365 1367
f 1369 1367 481
f 1369 481 484
f 1370 1368 1367
f 1370 1367 1369
f 1371 1369 484
f 1371 484 483
f 1372 1370 1369
f 1372 1369 1371
f 1373 1371 483
f 1373 483 464
f 1374 1372 1371
f 1374 1371 1373
f 1375 1373 464
f 1375 464 463
f 1376 1374 1373
f 1376 1373 1375
f 1377 1375 463
f 1377 463 462
f 1378 1376 1375
f 1378 1375 1377
f 1379 1377 462
f 1379 462 461
f 1380 1378 1377
f 1380 1377 1379
f 1381 1379 461
f 1381 461 459
f 1382 1380 1379
f 1382 1379 1381
f 1383 1381 459
f 1383 459 460
f 1384 1382 1381
f 1384 1381 1383
f 1385 1383 460
f 1385 460 458
f 1386 1384 1383
f 1386 1383 1385
f 1387 1385 458
f 1387 458 457
f 1388 1386 1385
f 1388 1385 1387
f 1389 1387 457
f 1389 457 456
f 1390 1388 1387
f 1390 1387 1389
f 1391 1389 456
f 1391 456 454
f 1392 1390 1389
f 1392 1389 1391
f 1393 1391 454
f 1393 454 453
f 1394 1392 1391
f 1394 1391 1393
f 1395 1393 453
f 1395 453 455
f 1396 1394 1393
f 1396 1393 1395
f 1397 1395 455
f 1397 455 452
f 1398 1396 1395
f 1398 1395 1397
f 1399 1397 452
f 1399 452 450
f 1400 1398 1397
f 1400 1397 1399
f 1401 1399 450
f 1401 450 449
f 1402 1400 1399
f 1402 1399 1401
f 1403 1401 449
f 1403 449 451
f 1404 1402 1401
f 1404 1401 1403
f 1405 1403 451
f 1405 451 441
f 1272 1404 1403
f 1272 1403 1405
f 1406 1405 441
f 1406 441 440
f 1407 1272 1405
f 1407 1405 1406
f 1408 1406 440
f 1408 440 437
f 1409 1407 1406
f 1409 1406 1408
f 1410 1408 437
f 1410 437 438
f 1411 1409 1408
f 1411 1408 1410
f 1412 1410 438
f 1412 438 439
f 1413 1411 1410
f 1413 1410 1412
f 1414 1412 439
f 1414 439 433
f 1415 1413 1412
f 1415 1412 1414
f 1416 1414 433
f 1416 433 432
f 1417 1415 1414
f 1417 1414 1416
f 1418 1416 432
f 1418 432 435
f 1419 1417 1416
f 1419 1416 1418
f 1420 1418 435
f 1420 435 434
f 1421 1419 1418
f 1421 1418 1420
f 1422 1420 434
f 1422 434 436
f 1423 1421 1420
f 1423 1420 1422
f 1424 1422 436
f 1424 436 447
f 1425 1423 1422
f 1425 1422 1424
f 1426 1424 447
f 1426 447 443
f 1427 1425 1424
f 1427 1424 1426
f 1428 1426 443
f 1428 443 442
f 1429 1427 1426
f 1429 1426 1428
f 1430 1428 442
f 1430 442 448
f 1431 1429 1428
f 1431 1428 1430
f 1432 1430 448
f 1432 448 445
f 1433 1431 1430
f 1433 1430 1432
f 1434 1432 445
f 1434 445 446
f 1435 1433 1432
f 1435 1432 1434
f 1436 1434 446
f 1436 446 444
f 1437 1435 1434
f 1437 1434 1436
f 1438 1436 444
f 1438 444 466
f 1439 1437 1436
f 1439 1436 1438
f 1440 1438 466
f 1440 466 465
f 1441 1439 1438
f 1441 1438 1440
f 1442 1440 465
f 1442 465 467
f 1443 1441 1440
f 1443 1440 1442
f 1444 1442 467
f 1444 467 468
f 1445 1443 1442
f 1445 1442 1444
f 1446 1444 468
f 1446 468 469
f 1447 1445 1444
f 1447 1444 1446
f 1448 1446 469
f 1448 469 470
f 1449 1447 1446
f 1449 1446 1448
f 1450 1448 470
f 1450 470 472
f 1451 1449 1448
f 1451 1448 1450
f 1452 1450 472
f 1452 472 471
f 1453 1451 1450
f 1453 1450 1452
f 1454 1452 471
f 1454 471 473
f 1455 1453 1452
f 1455 1452 1454
f 1456 1454 473
f 1456 473 475
f 1457 1455 1454
f 1457 1454 1456
f 1458 1456 475
f 1458 475 474
f 1459 1457 1456
f 1459 1456 1458
f 1460 1458 474
f 1460 474 476
f 1461 1459 1458
f 1461 1458 1460
f 1462 1460 476
f 1462 476 478
f 1463 1461 1460
f 1463 1460 1462
f 1464 1462 478
f 1464 478 477
f 1465 1463 1462
f 1465 1462 1464
f 1466 1464 477
f 1466 477 480
f 1467 1465 1464
f 1467 1464 1466
f 1343 1466 480
f 1343 480 479
f 1323 1467 1466
f 1323 1466 1343
f 1468 166 167
f 1468 167 1469
f 1470 165 166
f 1470 166 1468
f 1471 162 165
f 1471 165 1470
f 1472 163 162
f 1472 162 1471
f 1473 164 163
f 1473 163 1472
f 1474 161 164
f 1474 164 1473
f 1475 160 161
f 1475 161 1474
f 1476 158 160
f 1476 160 1475
f 1477 156 158
f 1477 158 1476
f 1478 151 156
f 1478 156 1477
f 1479 154 151
f 1479 151 1478
f 1480 148 154
f 1480 154 1479
f 1481 155 148
f 1481 148 1480
f 1482 144 155
f 1482 155 1481
f 1483 147 144
f 1483 144 1482
f 1484 141 147
f 1484 147 1483
f 1485 1468 1469
f 1485 1469 1486
f 1487 1470 1468
f 1487 1468 1485
f 1488 1471 1470
f 1488 1470 1487
f 1489 1472 1471
f 1489 1471 1488
f 1490 1473 1472
f 1490 1472 1489
f 1491 1474 1473
f 1491 1473 1490
f 1492 1475 1474
f 1492 1474 1491
f 1493 1476 1475
f 1493 1475 1492
f 1494 1477 1476
f 1494 1476 1493
f 1495 1478 1477
f 1495 1477 1494
f 1496 1479 1478
f 1496 1478 1495
f 1497 1480 1479
f 1497 1479 1496
f 1498 1481 1480
f 1498 1480 1497
f 1499 1482 1481
f 1499 1481 1498
f 1500 1483 1482
f 1500 1482 1499
f 1501 1484 1483
f 1501 1483 1500
f 1502 1485 1486
f 1502 1486 1503
f 1504 1487 1485
f 1504 1485 1502
f 1505 1488 1487
f 1505 1487 1504
f 1506 1489 1488
f 1506 1488 1505
f 1507 1490 1489
f 1507 1489 1506
f 1508 1491 1490
f 1508 1490 1507
f 1509 1492 1491
f 1509 1491 1508
f 1510 1493 1492
f 1510 1492 1509
f 1511 1494 1493
f 1511 1493 1510
f 1512 1495 1494
f 1512 1494 1511
f 1513 1496 1495
f 1513 1495 1512
f 1514 1497 1496
f 1514 1496 1513
f 1515 1498 1497
f 1515 1497 1514
f 1516 1499 1498
f 1516 1498 1515
f 1517 1500 1499
f 1517 1499 1516
f 1518 1501 1500
f 1518 1500 1517
f 1519 1502 1503
f 1519 1503 377
f 1520 1504 1502
f 1520 1502 1519
f 1521 1505 1504
f 1521 1504 1520
f 1522 1506 1505
f 1522 1505 1521
f 1523 1507 1506
f 1523 1506 1522
f 1524 1508 1507
f 1524 1507 1523
f 1525 1509 1508
f 1525 1508 1524
f 1526 1510 1509
f 1526 1509 1525
f 1527 1511 1510
f 1527 1510 1526
f 1528 1512 1511
f 1528 1511 1527
f 1529 1513 1512
f 1529 1512 1528
f 1530 1514 1513
f 1530 1513 1529
f 1531 1515 1514
f 1531 1514 1530
f 1532 1516 1515
f 1532 1515 1531
f 1533 1517 1516
f 1533 1516 1532
f 400 1518 1517
f 400 1517 1533
f 1534 205 141
f 1534 141 1484
f 1535 201 205
f 1535 205 1534
f 1536 206 201
f 1536 201 1535
f 1537 197 206
f 1537 206 1536
f 1538 200 197
f 1538 197 1537
f 1539 194 200
f 1539 200 1538
f 1540 207 194
f 1540 194 1539
f 1541 188 207
f 1541 207 1540
f 1542 185 188
f 1542 188 1541
f 1543 189 185
f 1543 185 1542
f 1544 193 189
f 1544 189 1543
f 1545 190 193
f 1545 193 1544
f 1546 191 190
f 1546 190 1545
f 1547 184 191
f 1547 191 1546
f 1548 192 184
f 1548 184 1547
f 1549 220 192
f 1549 192 1548
f 1550 1534 1484
f 1550 1484 1501
f 1551 1535 1534
f 1551 1534 1550
f 1552 1536 1535
f 1552 1535 1551
f 1553 1537 1536
f 1553 1536 1552
f 1554 1538 1537
f 1554 1537 1553
f 1555 1539 1538
f 1555 1538 1554
f 1556 1540 1539
f 1556 1539 1555
f 1557 1541 1540
f 1557 1540 1556
f 1558 1542 1541
f 1558 1541 1557
f 1559 1543 1542
f 1559 1542 1558
f 1560 1544 1543
f 1560 1543 1559
f 1561 1545 1544
f 1561 1544 1560
f 1562 1546 1545
f 1562 1545 1561
f 1563 1547 1546
f 1563 1546 1562
f 1564 1548 1547
f 1564 1547 1563
f 1565 1549 1548
f 1565 1548 1564
f 1566 1550 1501
f 1566 1501 1518
f 1567 1551 1550
f 1567 1550 1566
f 1568 1552 1551
f 1568 1551 1567
f 1569 1553 1552
f 1569 1552 1568
f 1570 1554 1553
f 1570 1553 1569
f 1571 1555 1554
f 1571 1554 1570
f 1572 1556 1555
f 1572 1555 1571
f 1573 1557 1556
f 1573 1556 1572
f 1574 1558 1557
f 1574 1557 1573
f 1575 1559 1558
f 1575 1558 1574
f 1576 1560 1559
f 1576 1559 1575
f 1577 1561 1560
f 1577 1560 1576
f 1578 1562 1561
f 1578 1561 1577
f 1579 1563 1562
f 1579 1562 1578
f 1580 1564 1563
f 1580 1563 1579
f 1581 1565 1564
f 1581 1564 1580
f 1582 1566 1518
f 1582 1518 400
f 1583 1567 1566
f 1583 1566 1582
f 1584 1568 1567
f 1584 1567 1583
f 1585 1569 1568
f 1585 1568 1584
f 1586 1570 1569
f 1586 1569 1585
f 1587 1571 1570
f 1587 1570 1586
f 1588 1572 1571
f 1588 1571 1587
f 1589 1573 1572
f 1589 1572 1588
f 1590 1574 1573
f 1590 1573 1589
f 1591 1575 1574
f 1591 1574 1590
f 1592 1576 1575
f 1592 1575 1591
f 1593 1577 1576
f 1593 1576 1592
f 1594 1578 1577
f 1594 1577 1593
f 1595 1579 1578
f 1595 1578 1594
f 1596 1580 1579
f 1596 1579 1595
f 416 1581 1580
f 416 1580 1596
f 1597 219 220
f 1597 220 1598
f 1599 221 219
f 1599 219 1597
f 1600 217 221
f 1600 221 1599
f 1601 218 217
f 1601 217 1600
f 1602 216 218
f 1602 218 1601
f 1603 223 216
f 1603 216 1602
f 1604 222 223
f 1604 223 1603
f 1605 214 222
f 1605 222 1604
f 1606 215 214
f 1606 214 1605
f 1607 211 215
f 1607 215 1606
f 1608 212 211
f 1608 211 1607
f 1609 210 212
f 1609 212 1608
f 1610 213 210
f 1610 210 1609
f 1611 209 213
f 1611 213 1610
f 1612 208 209
f 1612 209 1611
f 1613 183 208
f 1613 208 1612
f 1614 1597 1598
f 1614 1598 1549
f 1615 1599 1597
f 1615 1597 1614
f 1616 1600 1599
f 1616 1599 1615
f 1617 1601 1600
f 1617 1600 1616
f 1618 1602 1601
f 1618 1601 1617
f 1619 1603 1602
f 1619 1602 1618
f 1620 1604 1603
f 1620 1603 1619
f 1621 1605 1604
f 1621 1604 1620
f 1622 1606 1605
f 1622 1605 1621
f 1623 1607 1606
f 1623 1606 1622
f 1624 1608 1607
f 1624 1607 1623
f 1625 1609 1608
f 1625 1608 1624
f 1626 1610 1609
f 1626 1609 1625
f 1627 1611 1610
f 1627 1610 1626
f 1628 1612 1611
f 1628 1611 1627
f 1629 1613 1612
f 1629 1612 1628
f 1630 1614 1549
f 1630 1549 1631
f 1632 1615 1614
f 1632 1614 1630
f 1633 1616 1615
f 1633 1615 1632
f 1634 1617 1616
f 1634 1616 1633
f 1635 1618 1617
f 1635 1617 1634
f 1636 1619 1618
f 1636 1618 1635
f 1637 1620 1619
f 1637 1619 1636
f 1638 1621 1620
f 1638 1620 1637
f 1639 1622 1621
f 1639 1621 1638
f 1640 1623 1622
f 1640 1622 1639
f 1641 1624 1623
f 1641 1623 1640
f 1642 1625 1624
f 1642 1624 1641
f 1643 1626 1625
f 1643 1625 1642
f 1644 1627 1626
f 1644 1626 1643
f 1645 1628 1627
f 1645 1627 1644
f 1646 1629 1628
f 1646 1628 1645
f 1647 1630 1631
f 1647 1631 1565
f 1648 1632 1630
f 1648 1630 1647
f 1649 1633 1632
f 1649 1632 1648
f 1650 1634 1633
f 1650 1633 1649
f 1651 1635 1634
f 1651 1634 1650
f 1652 1636 1635
f 1652 1635 1651
f 1653 1637 1636
f 1653 1636 1652
f 1654 1638 1637
f 1654 1637 1653
f 1655 1639 1638
f 1655 1638 1654
f 1656 1640 1639
f 1656 1639 1655
f 1657 1641 1640
f 1657 1640 1656
f 1658 1642 1641
f 1658 1641 1657
f 1659 1643 1642
f 1659 1642 1658
f 1660 1644 1643
f 1660 1643 1659
f 1661 1645 1644
f 1661 1644 1660
f 1662 1646 1645
f 1662 1645 1661
f 1663 1647 1565
f 1663 1565 1664
f 1665 1648 1647
f 1665 1647 1663
f 1666 1649 1648
f 1666 1648 1665
f 1667 1650 1649
f 1667 1649 1666
f 1668 1651 1650
f 1668 1650 1667
f 1669 1652 1651
f 1669 1651 1668
f 1670 1653 1652
f 1670 1652 1669
f 1671 1654 1653
f 1671 1653 1670
f 1672 1655 1654
f 1672 1654 1671
f 1673 1656 1655
f 1673 1655 1672
f 1674 1657 1656
f 1674 1656 1673
f 1675 1658 1657
f 1675 1657 1674
f 1676 1659 1658
f 1676 1658 1675
f 1677 1660 1659
f 1677 1659 1676
f 1678 1661 1660
f 1678 1660 1677
f 1679 1662 1661
f 1679 1661 1678
f 1680 1663 1664
f 1680 1664 1581
f 1681 1665 1663
f 1681 1663 1680
f 1682 1666 1665
f 1682 1665 1681
f 1683 1667 1666
f 1683 1666 1682
f 1684 1668 1667
f 1684 1667 1683
f 1685 1669 1668
f 1685 1668 1684
f 1686 1670 1669
f 1686 1669 1685
f 1687 1671 1670
f 1687 1670 1686
f 1688 1672 1671
f 1688 1671 1687
f 1689 1673 1672
f 1689 1672 1688
f 1690 1674 1673
f 1690 1673 1689
f 1691 1675 1674
f 1691 1674 1690
f 1692 1676 1675
f 1692 1675 1691
f 1693 1677 1676
f 1693 1676 1692
f 1694 1678 1677
f 1694 1677 1693
f 1695 1679 1678
f 1695 1678 1694
f 1696 1680 1581
f 1696 1581 1697
f 1698 1681 1680
f 1698 1680 1696
f 1699 1682 1681
f 1699 1681 1698
f 1700 1683 1682
f 1700 1682 1699
f 1701 1684 1683
f 1701 1683 1700
f 1702 1685 1684
f 1702 1684 1701
f 1703 1686 1685
f 1703 1685 1702
f 1704 1687 1686
f 1704 1686 1703
f 1705 1688 1687
f 1705 1687 1704
f 1706 1689 1688
f 1706 1688 1705
f 1707 1690 1689
f 1707 1689 1706
f 1708 1691 1690
f 1708 1690 1707
f 1709 1692 1691
f 1709 1691 1708
f 1710 1693 1692
f 1710 1692 1709
f 1711 1694 1693
f 1711 1693 1710
f 1712 1695 1694
f 1712 1694 1711
f 1713 1696 1697
f 1713 1697 416
f 1714 1698 1696
f 1714 1696 1713
f 1715 1699 1698
f 1715 1698 1714
f 1716 1700 1699
f 1716 1699 1715
f 1717 1701 1700
f 1717 1700 1716
f 1718 1702 1701
f 1718 1701 1717
f 1719 1703 1702
f 1719 1702 1718
f 1720 1704 1703
f 1720 1703 1719
f 1721 1705 1704
f 1721 1704 1720
f 1722 1706 1705
f 1722 1705 1721
f 1723 1707 1706
f 1723 1706 1722
f 1724 1708 1707
f 1724 1707 1723
f 1725 1709 1708
f 1725 1708 1724
f 1726 1710 1709
f 1726 1709 1725
f 1727 1711 1710
f 1727 1710 1726
f 382 1712 1711
f 382 1711 1727
f 1728 179 183
f 1728 183 1613
f 1729 180 179
f 1729 179 1728
f 1730 178 180
f 1730 180 1729
f 1731 181 178
f 1731 178 1730
f 1732 176 181
f 1732 181 1731
f 1733 177 176
f 1733 176 1732
f 1734 175 177
f 1734 177 1733
f 1735 182 175
f 1735 175 1734
f 1736 174 182
f 1736 182 1735
f 1737 173 174
f 1737 174 1736
f 1738 172 173
f 1738 173 1737
f 1739 170 172
f 1739 172 1738
f 1740 171 170
f 1740 170 1739
f 1741 169 171
f 1741 171 1740
f 1742 168 169
f 1742 169 1741
f 1743 167 168
f 1743 168 1742
f 1744 1728 1613
f 1744 1613 1629
f 1745 1729 1728
f 1745 1728 1744
f 1746 1730 1729
f 1746 1729 1745
f 1747 1731 1730
f 1747 1730 1746
f 1748 1732 1731
f 1748 1731 1747
f 1749 1733 1732
f 1749 1732 1748
f 1750 1734 1733
f 1750 1733 1749
f 1751 1735 1734
f 1751 1734 1750
f 1752 1736 1735
f 1752 1735 1751
f 1753 1737 1736
f 1753 1736 1752
f 1754 1738 1737
f 1754 1737 1753
f 1755 1739 1738
f 1755 1738 1754
f 1756 1740 1739
f 1756 1739 1755
f 1757 1741 1740
f 1757 1740 1756
f 1758 1742 1741
f 1758 1741 1757
f 1469 1743 1742
f 1469 1742 1758
f 1759 1744 1629
f 1759 1629 1646
f 1760 1745 1744
f 1760 1744 1759
f 1761 1746 1745
f 1761 1745 1760
f 1762 1747 1746
f 1762 1746 1761
f 1763 1748 1747
f 1763 1747 1762
f 1764 1749 1748
f 1764 1748 1763
f 1765 1750 1749
f 1765 1749 1764
f 1766 1751 1750
f 1766 1750 1765
f 1767 1752 1751
f 1767 1751 1766
f 1768 1753 1752
f 1768 1752 1767
f 1769 1754 1753
f 1769 1753 1768
f 1770 1755 1754
f 1770 1754 1769
f 1771 1756 1755
f 1771 1755 1770
f 1772 1757 1756
f 1772 1756 1771
f 1773 1758 1757
f 1773 1757 1772
f 1774 1469 1758
f 1774 1758 1773
f 1775 1759 1646
f 1775 1646 1662
f 1776 1760 1759
f 1776 1759 1775
f 1777 1761 1760
f 1777 1760 1776
f 1778 1762 1761
f 1778 1761 1777
f 1779 1763 1762
f 1779 1762 1778
f 1780 1764 1763
f 1780 1763 1779
f 1781 1765 1764
f 1781 1764 1780
f 1782 1766 1765
f 1782 1765 1781
f 1783 1767 1766
f 1783 1766 1782
f 1784 1768 1767
f 1784 1767 1783
f 1785 1769 1768
f 1785 1768 1784
f 1786 1770 1769
f 1786 1769 1785
f 1787 1771 1770
f 1787 1770 1786
f 1788 1772 1771
f 1788 1771 1787
f 1789 1773 1772
f 1789 1772 1788
f 1486 1774 1773
f 1486 1773 1789
f 1790 1775 1662
f 1790 1662 1679
f 1791 1776 1775
f 1791 1775 1790
f 1792 1777 1776
f 1792 1776 1791
f 1793 1778 1777
f 1793 1777 1792
f 1794 1779 1778
f 1794 1778 1793
f 1795 1780 1779
f 1795 1779 1794
f 1796 1781 1780
f 1796 1780 1795
f 1797 1782 1781
f 1797 1781 1796
f 1798 1783 1782
f 1798 1782 1797
f 1799 1784 1783
f 1799 1783 1798
f 1800 1785 1784
f 1800 1784 1799
f 1801 1786 1785
f 1801 1785 1800
f 1802 1787 1786
f 1802 1786 1801
f 1803 1788 1787
f 1803 1787 1802
f 1804 1789 1788
f 1804 1788 1803
f 1805 1486 1789
f 1805 1789 1804
f 1806 1790 1679
f 1806 1679 1695
f 1807 1791 1790
f 1807 1790 1806
f 1808 1792 1791
f 1808 1791 1807
f 1809 1793 1792
f 1809 1792 1808
f 1810 1794 1793
f 1810 1793 1809
f 1811 1795 1794
f 1811 1794 1810
f 1812 1796 1795
f 1812 1795 1811
f 1813 1797 1796
f 1813 1796 1812
f 1814 1798 1797
f 1814 1797 1813
f 1815 1799 1798
f 1815 1798 1814
f 1816 1800 1799
f 1816 1799 1815
f 1817 1801 1800
f 1817 1800 1816
f 1818 1802 1801
f 1818 1801 1817
f 1819 1803 1802
f 1819 1802 1818
f 1820 1804 1803
f 1820 1803 1819
f 1503 1805 1804
f 1503 1804 1820
f 1821 1806 1695
f 1821 1695 1712
f 1822 1807 1806
f 1822 1806 1821
f 1823 1808 1807
f 1823 1807 1822
f 1824 1809 1808
f 1824 1808 1823
f 1825 1810 1809
f 1825 1809 1824
f 1826 1811 1810
f 1826 1810 1825
f 1827 1812 1811
f 1827 1811 1826
f 1828 1813 1812
f 1828 1812 1827
f 1829 1814 1813
f 1829 1813 1828
f 1830 1815 1814
f 1830 1814 1829
f 1831 1816 1815
f 1831 1815 1830
f 1832 1817 1816
f 1832 1816 1831
f 1833 1818 1817
f 1833 1817 1832
f 1834 1819 1818
f 1834 1818 1833
f 1835 1820 1819
f 1835 1819 1834
f 1836 1503 1820
f 1836 1820 1835
f 1837 1821 1712
f 1837 1712 382
f 1838 1822 1821
f 1838 1821 1837
f 1839 1823 1822
f 1839 1822 1838
f 1840 1824 1823
f 1840 1823 1839
f 1841 1825 1824
f 1841 1824 1840
f 1842 1826 1825
f 1842 1825 1841
f 1843 1827 1826
f 1843 1826 1842
f 1844 1828 1827
f 1844 1827 1843
f 1845 1829 1828
f 1845 1828 1844
f 1846 1830 1829
f 1846 1829 1845
f 1847 1831 1830
f 1847 1830 1846
f 1848 1832 1831
f 1848 1831 1847
f 1849 1833 1832
f 1849 1832 1848
f 1850 1834 1833
f 1850 1833 1849
f 1851 1835 1834
f 1851 1834 1850
f 377 1836 1835
f 377 1835 1851
