activity_nr,reporting_id,state_flag,estab_name,site_address,site_city,site_state,site_zip,owner_type,owner_code,adv_notice,safety_hlth,sic_code,naics_code,insp_type,insp_scope,why_no_insp,union_status,safety_manuf,safety_const,safety_marit,health_manuf,health_const,health_marit,migrant,mail_street,mail_city,mail_state,mail_zip,host_est_key,nr_in_estab,open_date,case_mod_date,close_conf_date,close_case_date,ld_dt
129130,0213600,,INTL PETROLEUM SERV CO,GIERLINGER SITE WELL 1,Sinclairville,NY,14782,,0000,,S,1381,000000,A,B,,B,,,,,,,,,,,00000,,15,1984-02-08,,1984-03-12,1984-03-12,2011-10-14 16:38:47 EDT
227561,0419400,,B&B OIL WELL SERVICE,BOLTON FIELD ERNEST ROBINSON 4,Bolton,MS,39041,,0000,,S,1381,000000,A,A,,B,,,,,,,,,,,00000,,60,1984-02-16,,1984-02-18,1984-03-27,2011-10-14 16:38:47 EDT
304840,0625400,,BIG THREE LEASE & WELL SERV IN,MAC 1 WASHINGTON COUNTY 10 MIL,Burton,TX,78942,,0000,,S,1389,000000,A,B,,B,,,,,,,,,,,00000,,44,1984-03-05,2016-06-03,1984-03-06,1985-10-01,2016-06-30 01:10:52 EDT
310334,0625700,,OWENS WELL SERVICE,HERNDON RD TEXACO MABRY B WELL,Oil City,LA,71061,,0000,Y,S,1381,000000,A,B,,B,,,,,,,,,,,00000,,3,1984-03-20,,1984-03-20,1984-04-24,2011-10-14 16:38:47 EDT
313791,0626000,,ARCO OIL & GAS CO,16 7 MI N W OF GEORGE WEST,George West,TX,78022,,0000,,S,1311,000000,A,A,,A,,,,,,,,,,,00000,,2,1984-03-30,,1984-03-30,1985-06-28,2011-10-14 16:38:47 EDT
317503,0626300,,ROTARY DRILLING CO INC,GARDON OAKS WHEELER WELL NO 1,Marshall,TX,75670,,0000,,S,1381,000000,A,A,,B,,,,,,,,,,,00000,,10,1984-02-10,,1984-02-21,1984-03-07,2011-10-14 16:38:47 EDT
328344,0626600,,PALESTINE CONTRACTORS INC,3 MILES SOUTH OAKWOOD,Oakwood,TX,75855,,0000,,S,1381,000000,A,B,,B,,,,,,,,,,,00000,,125,1984-03-20,,1984-04-02,1984-04-04,2011-10-14 16:38:47 EDT
337428,0627400,,HONDO DRILLING CO RIG 9,15 MILES SW OF PLAINS TX HY 82,Plains,TX,79355,,0000,,S,1381,000000,A,A,,B,,,,,,,,,,,00000,,17,1984-03-13,,1984-03-15,1984-05-18,2011-10-14 16:38:47 EDT
376996,0830500,,J W GIBSON WELL SERV CO,BBR NUMBER 2234,Hudson,CO,80642,,0000,,S,1389,000000,A,B,,B,,,,,,,,,,,00000,,350,1984-02-01,,1984-02-17,1984-11-21,2011-10-14 16:38:47 EDT
385930,0729700,,MURFIN DRILLING CO,2 MILES WEST & 4 MILES SOUTH,Zurich,KS,67676,,0000,,S,1311,000000,A,B,,B,,,,,,,,,,,00000,,1,1984-03-16,,1984-03-30,1984-04-12,2011-10-14 16:38:47 EDT
386706,0729700,,GRAHAM WIRE ROPE INC,SEVEN MILES NORTHWEST OF,Gorham,KS,67640,,0000,,S,1389,000000,A,A,,B,,,,,,,,,,,00000,,1,1984-02-28,,1984-02-29,1984-11-15,2011-10-14 16:38:47 EDT
399386,0627700,,LIBERTY WELL SERVICE INC,MATTIE ROSE 1 LEASE HWY 32 E,Marietta,OK,73448,,0000,,S,1389,000000,A,B,,B,,,,,,,,,,,00000,,22,1984-02-08,,1984-02-08,1984-11-02,2011-10-14 16:38:47 EDT
400291,0627700,,JERRY DUNKIN INC,8 MILE SOUTH 1/4 MILE EAST,Clinton,OK,73601,,0000,,S,1389,000000,A,B,,B,,,,,,,,,,,00000,,4,1984-03-21,,1984-03-28,1984-06-06,2011-10-14 16:38:47 EDT
463810,0452110,,STINSON POWER TONGS SERVICE,STATE ROUTE 11 SOUTH,Zachariah,KY,41396,,0000,,S,1389,000000,A,B,,B,,,,,,,,,,,00000,,4,1984-02-10,,1984-02-27,1984-04-18,2011-10-14 16:38:47 EDT
543892,0855610,,J. R. CONSTRUCTION & WELDING,"IBERLIN 14-13, 45 MILES SW OF GILLETTE",GILLETTE,WY,82725,A,0000,N,S,1389,000000,A,A,,B,,,,,,,,403 INDUSTRIAL,GILLETTE,WY,82716,,3,1984-02-22,,1984-03-14,1985-09-27,2011-10-14 16:38:47 EDT
616300,0316400,,ALFRED MOBILE ACRES,BURNING SPRINGS ANTICLINE WELL # KENNEY #991,BURNING SPRINGS,WV,26139,A,0000,N,S,1389,000000,A,A,,B,,,,,,,,"ROUTE #1, BOX 190",BRIDGEPORT,WV,26330,,3,1985-09-19,,1985-09-25,1985-12-03,2011-10-14 16:38:47 EDT
641613,0830300,,NOBLE DRILLING,5 MILES EAST OF TOWN,TRENTON,ND,58853,A,0000,Y,S,1381,000000,A,B,,B,X,,,,,,,1924 S UTICA,TULSA,OK,74104,,20,1985-06-28,,1985-06-28,1985-10-21,2011-10-14 16:38:47 EDT
644518,0830100,,BALCRON OIL COMPANY,"NE1/4, SEC.16,T27N,R4W",CONRAD,MT,59425,A,0000,N,H,1311,000000,A,B,,B,,,,X,,,,BOX 1383,CONRAD,MT,59425,,4,1985-06-12,,1985-06-13,1986-09-22,2011-10-14 16:38:47 EDT
645739,0830300,,POOL WELL SERVICING CO,35 MILES S W OF,ALEXANDRIA,ND,58831,A,0000,Y,S,1381,000000,A,B,,B,,,,,,,,BOX 4157,WILLISTON,ND,58802,,4,1985-05-08,,1985-05-08,1985-06-19,2011-10-14 16:38:47 EDT
646588,0830100,,CARDINAL DRILLING CO.,"NO. L FRANK 12-29 NW SW SEC.29,TN.7N,R43E",ROSEBUD,MT,59347,A,0000,Y,S,1381,000000,A,B,,B,X,,,,,,,"2812 1ST AVE. NORTH, SUITE 424",BILLINGS,MT,59101,,18,1985-10-08,,1985-10-08,1985-11-19,2011-10-14 16:38:47 EDT
679357,0830100,,BURRIS DRILLING CO,WILDER NO 1 NE SW SEC 31 T31N R44E,LUSTRE,MT,59225,A,0000,Y,S,1381,000000,A,A,,B,X,,,,,,,PO BOX 3890,CASPER,WY,82601,,18,1985-04-09,,1985-04-10,1985-05-24,2011-10-14 16:38:47 EDT
681809,0625400,,D B DRILLING CO RIG 22,5 MILES EAST OFF I H 10,SONORA,TX,76950,A,0000,Y,S,1381,000000,A,B,,B,,,,,,,,100 CHESTNUT ST,ABILINE,TX,79602,,17,1984-10-15,,1984-10-15,1984-10-15,2011-10-14 16:38:47 EDT
682757,0625400,,RIO GRANDE DRILLING CO RIG 8,BILLIE EHLERT LEASE #7 12 MILES NE OF CALDWELL NEA,CALDWELL,TX,77208,A,0000,Y,S,1381,000000,A,B,,B,,,,,,,,2200 TOWER LIFE BLDG SUITE 310,SAN ANTONIO,TX,78235,,14,1984-09-18,,1984-10-11,1984-10-11,2011-10-14 16:38:47 EDT
687715,0627400,,G C O DRILLING COMPANY,RIG 3 15 MILES SE OF,LAMESA,TX,79331,A,0000,N,S,1381,000000,A,A,,B,,,,,,,,PO BOX 3134,ABILENE,TX,79604,,13,1985-03-26,,1985-03-26,1985-04-01,2011-10-14 16:38:47 EDT
687863,0627400,,"QUAKER PETROLEUM CHEMICALS, INC.",ONE MILE EAST OF,GOLD SMITH,TX,79764,A,0000,N,S,1389,000000,A,B,,B,,,,,,,,15301 W. UNIVERSITY,ODESSA,TX,79767,,5,1986-04-01,,1986-04-03,1986-09-23,2011-10-14 16:38:47 EDT
693465,0625400,,R C CHAPMAN DRILLING CO RIG 203,MALHMAN 1 OFF HWY 77.8 MILES NORTH,LA GRANGE,TX,78945,A,0000,Y,S,1381,000000,A,B,,B,,,,,,,,PO BOX 41089,HOUSTON,TX,77241,,17,1984-11-14,,1984-11-14,1988-09-30,2011-10-14 16:38:47 EDT
695080,0625700,,SERV RIGS INC,BARGE RIG 167 BLACK LAKE,HACKBERRY,LA,70645,A,0000,Y,S,1381,000000,A,B,,B,,,,,,,,206 MALCOLM ST,LAKE CHARLES,LA,70601,,5,1985-06-05,2016-06-03,1985-06-06,1986-09-30,2016-06-30 01:10:52 EDT
713271,0627100,,RELIANCE WELL SERVICE,"HWY. 19, 9 MILES SOUTH",MAGNOLIA,AR,71753,A,0000,N,S,1389,000000,A,B,,B,,,,,,,,P. O. BOX 611,MAGNOLIA,AR,71753,,55,1986-07-02,,1986-07-08,1986-11-10,2011-10-14 16:38:47 EDT
728717,0627400,,SHARP DRILLING COMPANY,5 MILES SOUTH OF,STANTON,TX,79782,A,0000,Y,S,1381,000000,A,B,,B,,,,,,,,PO BOX 1271,MIDLAND,TX,79702,,4,1984-09-11,,1984-09-11,1984-10-25,2011-10-14 16:38:47 EDT
728931,0627400,,TAHOE DRILLING CO,7 MILES EAST OF CR 1150 NORTH EAST OF,MIDLAND,TX,79703,A,0000,N,S,1381,000000,A,B,,B,,,,,,,,4402 WEST INDUSTRIAL,MIDLAND,TX,79703,,13,1984-12-11,,1984-12-13,1985-04-15,2011-10-14 16:38:47 EDT
731331,0627700,,KARCHMER PIPE & SUPPLY CO,936 WEST SHERIDAN AV,OKLAHOMA CITY,OK,73101,A,0000,N,S,1389,000000,A,B,,B,,,,,,,,PO BOX 1416,OKLAHOMA CITY,OK,73101,,7,1984-11-29,,1985-01-08,1985-03-12,2011-10-14 16:38:47 EDT
741025,0317500,,DULANEY OIL PRODUCERS COMPANY,GOVER WELL,GARRISON,PA,15352,A,0000,N,S,1311,000000,A,A,,B,,,,,,,,"RD #1, BOX 80A",ALEPPO,PA,15310,,2,1988-04-21,,1988-04-29,1988-05-18,2011-10-14 16:38:47 EDT
780395,0627700,,EARNEST INC,2 MI N & 2 MI W ON MASON RD,LAST CHANCE,OK,74859,A,0000,N,S,1389,000000,A,B,,B,,,,,,,,BOX 1216,OKMULGEE,OK,74447,,70,1985-04-18,,1985-04-18,1985-09-19,2011-10-14 16:38:47 EDT
781526,0626300,,CORSICANA FIELD FUND,GARVIN SUBSTATION,CORSICANA,TX,75110,A,0000,N,S,1389,000000,A,B,,B,,,,,,,,P O BOX 1598,CORSICANA,TX,75110,,24,1985-03-04,2016-06-03,1985-03-13,1986-10-01,2016-06-30 01:10:52 EDT
781864,0626300,,CORNELISON CONSTRUCTION CO,2 MI SO OF BOWIE TX,BOWIE,TX,76230,A,0000,Y,S,1389,000000,A,B,,B,,,,,,,,RT 4 BOX 31,BOWIE,TX,76230,,5,1985-03-15,,1985-03-15,1985-03-15,2011-10-14 16:38:47 EDT
842799,0627700,,DANNYS CASING CREWS INC,I 35 SOUTH OF,NORMAN,OK,73104,A,0000,N,S,1389,000000,A,B,,B,,,,,,,,PO BOX 30279,MIDWEST CITY,OK,73140,,4,1984-12-12,,1984-12-12,1985-01-15,2011-10-14 16:38:47 EDT
843888,0627700,,PENGO INDUSTRIES INC,4 MIW 1 MIN 2/10 MI E OF HWY 66 & 33 JCT,SAPULPA,OK,74066,A,0000,N,S,1389,000000,A,B,,B,,,,,,,,PO BOX 1434,CUSHING,OK,74023,,14,1984-06-26,,1984-06-26,1984-07-06,2011-10-14 16:38:47 EDT
844241,0627700,,BONRAY DRILLING CORPORATION,3 1/2 MI NORTH 3 MILES EAST 1/4 NORTH,CALUMET,OK,73014,A,0000,N,S,1381,000000,A,B,,B,,,,,,,,ROUTE 4 BOX 340,OKLAHOMA CITY,OK,73121,,13,1984-10-10,,1984-10-11,1984-10-11,2011-10-14 16:38:47 EDT
845214,0627700,,NICHOLS CASING CREWS INC,2701 HAINDL DR,OK CITY,OK,73109,A,0000,N,S,1389,000000,A,B,,B,,,,,,,,PO BX 95269,OK CITY,OK,73143,,10,1984-07-12,,1984-07-13,1984-07-31,2011-10-14 16:38:47 EDT
850057,0627100,,TRANS CONTINENTAL DRILLING COMPANY INC,SEC 29 TOWNSHIP 195 RANGE 24W I P C 29-7,BRADLEY,AR,71826,A,0000,N,S,1381,000000,A,B,,B,,,,,,,,P O BOX 688,MAGNOLIA,AR,71753,,12,1984-08-07,,1984-08-08,1985-10-10,2011-10-14 16:38:47 EDT
851774,0627700,,UNIT DRILLING AND EXPLORATION CO,1 MI EAST 3/4 MI S OF HWY 33,STRONG CITY,OK,73665,A,0000,N,S,1381,000000,A,B,,B,,,,,,,,PO BOX 70250,TULSA,OK,74170,,17,1985-04-25,,1985-04-25,1985-10-02,2011-10-14 16:38:47 EDT
851808,0627700,,GEARHART INDUSTRIES INC,3 MI NORTH HWY 8,WATONGA,OK,73772,A,0000,N,S,1389,000000,A,B,,B,,,,,,,,PO BOX 1416,CLINTON,OK,73601,,20,1985-04-23,,1985-05-08,1985-05-13,2011-10-14 16:38:47 EDT
851907,0627700,,PRIDE OILWELL SERVICE OF OKLAHOMA INC,10 MI WEST OF ELK CITY OK ON HWY 6 3 MILS SOUTH A,EILNO,OK,73038,A,0000,N,S,1389,000000,A,B,,B,,,,,,,,815 SE 27TH,EL RENO,OK,73036,,22,1985-02-20,,1985-02-22,1985-03-13,2011-10-14 16:38:47 EDT
890707,0626000,,SONAT SOUTHLAND DRILLING INC RIG 1,EXXON JFB HEARD LEASE 10 MI NORTH ON HWY 77 OF,REFUGLO,TX,78379,A,0000,Y,S,1381,000000,A,B,,B,,,,,,,,PO BOX 2059,VICTORIA,TX,77903,,5,1985-03-06,,1985-03-06,1985-03-21,2011-10-14 16:38:47 EDT
891556,0626000,,POOL WELL SERVICING COMPANY RIG 453,6 MI WEST OF INTERSECTION OF HWY 490 AND US HWY 28,EDINBURG,TX,78539,A,0000,N,S,1381,000000,A,B,,B,,,,,,,,PO BOX 9490,LONGVIEW,TX,75608,,9,1985-01-21,,1985-01-21,1985-10-28,2011-10-14 16:38:47 EDT
891838,0626000,,CULBERSON WELL SERVICE RIG 5,GARCIA CAMP,RIO GRANDE CITY,TX,78582,A,0000,Y,S,1381,000000,A,A,,B,,,,,,,,P O BOX 2266,VICTORIA,TX,77902,,5,1985-01-10,,1985-01-11,1986-08-01,2011-10-14 16:38:47 EDT
895284,0627700,,OKLAHOMA REBEL DRILLING CO,HWY 18 WEST,KENDRICK,OK,74040,A,0000,N,S,1381,000000,A,B,,B,,,,,,,,PO BOX 125,CLEVELAND,OK,74020,,9,1985-01-24,,1985-01-24,1985-02-12,2011-10-14 16:38:47 EDT
1154509,0316400,,FOX DRILLING COMPANY,OFF MAIN STREET,MABIE,WV,26278,A,0000,Y,S,1381,000000,A,A,,B,,,,,,,,C/O BOB FOX OWNER BOX 129,GLENVILLE,WV,26351,,4,1984-06-08,,1984-06-12,1985-02-11,2011-10-14 16:38:47 EDT
1225283,0419400,,DAVID NEW DRILLING CO INC,HUTCHINS LANDING RD 6 MILES EAST OF BEVERLY MS,SIBLEY,MS,39165,A,0000,N,S,1381,000000,A,B,,B,,X,,,,,,P O DRAWER 1487,NATCHEZ,MS,39120,,200,1984-09-07,2016-06-03,1984-09-11,2016-03-16,2016-06-30 01:10:52 EDT
1225994,0419400,,"FARRAR OIL FIELD SERVICE & EQUIP. CO.,INC.","SECTION 6, T10 N., R 9W. (JASPER CO.)",HEIDELBERG,MS,39439,A,0000,N,S,1381,000000,A,A,,N,X,,,,,,,P. O. BOX 273,HEIDELBERG,MS,39439,,13,1990-05-30,,1990-09-25,1994-01-22,2011-10-14 16:38:47 EDT
1313014,0522500,,BILL C HALL DBA HALLS SWABBING CO,RT 3 BOX 34,FREDRICKSBURG,OH,44627,A,0000,Y,H,1389,000000,A,B,,B,,,,,,,,,,,00000,,5,1984-07-05,,1984-07-05,1984-10-09,2011-10-14 16:38:47 EDT
1328962,0524530,,RECTOR AND STONE DRILLING COMPANY INC,SW CORNER SE QUARTER OF SW QUARTER STE 27 TWP 7S R,NEWHAVEN,IL,62867,A,0000,N,S,1381,000000,A,A,,B,,,,,,,,POST OFFICE DRAWER 71,CARMI,IL,62821,,8,1984-06-07,,1984-06-20,1984-09-10,2011-10-14 16:38:47 EDT
1352004,0522300,,ARMSTRONG DRILLING INC,6422 CONGRESS RD M & L FLINN 5 WELL SEC 9 CHESTER,CONGRESS,OH,44287,A,0000,Y,S,1389,000000,A,B,,B,,,,,,,,116 BAUER RD PO BOX 545,WOOSTER,OH,44691,,150,1985-12-06,,1986-01-10,1986-02-21,2011-10-14 16:38:47 EDT
1358902,0626600,,WELL TECH INC,1 MI WEST OF STATE HWY 35,ALVIN,TX,77511,A,0000,N,S,1381,000000,A,B,,A,,,,,,,,700 RUSK,HOUSTON,TX,77002,,4,1984-09-21,,1984-09-25,1984-09-25,2011-10-14 16:38:47 EDT
1364041,0626600,,SPINDLE TOP GEOPHYSICAL CORP,FM 2712,CROCKETT,TX,75835,A,0000,N,S,1382,000000,A,B,,B,,,,,,,,PO BOX 271,BEAUMONT,TX,77704,,37,1984-11-14,,1984-11-21,1985-07-03,2011-10-14 16:38:47 EDT
1366830,0627400,,TMBR DRILLING INC,RIG 16 10 MI SW OF,GARDEN CITY,TX,79739,A,0000,N,S,1381,000000,A,B,,B,,,,,,,,PO DRAWER 10970,MIDLAND,TX,79702,,16,1984-11-13,,1984-11-30,1985-01-11,2011-10-14 16:38:47 EDT
1368356,0627400,,MIDCO DRILLING CO INC,1421 INDUSTRIAL RD,SPEARMAN,TX,79081,A,0000,N,S,1381,000000,A,B,,B,,X,,,,,,SUITE 1250 125 N MARKET,WICHITA,KS,67202,,2,1984-07-26,,1984-07-27,1984-08-10,2011-10-14 16:38:47 EDT
1370451,0627400,,R G DRILLING CO INC RIG 2,13 MILES SOUTHWEST OF,BIG SPRINGS,TX,79720,A,0000,N,S,1381,000000,A,B,,B,,,,,,,,PO BOX 9680,ODESSA,TX,79767,,12,1984-09-21,,1984-09-21,1984-11-28,2011-10-14 16:38:47 EDT
1371624,0627400,,"DEVONIAN WELL SERVICING, INC.",GULF OIL USA ON G.A. GOLDSMITH 1203-56 WELL,GOLDSMITH,TX,79741,A,0000,N,S,1381,000000,A,B,,B,,,,,,,,BOX 6985,ODESSA,TX,79767,,50,1984-08-17,,1984-08-17,1984-11-28,2011-10-14 16:38:47 EDT
1371749,0627400,,CACTUS DRILLING CORPORATION RIG9,5 MILES NORTH OF MIDLAND TX ON HIGHWAY 158-79702,MIDLAND,TX,79702,A,0000,N,S,1381,000000,A,B,,B,,,,,,,,P O DRAWER 2800,MIDLAND,TX,79702,,9,1984-10-23,,1984-10-26,1984-11-09,2011-10-14 16:38:47 EDT
1372036,0627400,,FWA DRILLING CO INC,RIG 2 8 MILES SE OF,PATRICIA,TX,79331,A,0000,Y,S,1381,000000,A,B,,B,,,,,,,,PO BOX 1966,MIDLAND,TX,79701,,12,1984-11-27,,1984-11-28,1985-05-21,2011-10-14 16:38:47 EDT
1372366,0627400,,D B I,2 1/2 MILS SOUTH HWY 181,SEMINOLA,TX,79360,A,0000,N,S,1389,000000,A,B,,B,,,,,,,,P O BOX 69,SEMINOLA,TX,79360,,6,1984-12-20,,1984-12-21,1985-12-27,2011-10-14 16:38:47 EDT
1372507,0627400,,SLAWSON DRILLING CO INC,6 MILES SE OF,BOOKER,TX,79070,A,0000,N,S,1381,000000,A,A,,B,,,,,,,,200 DOUGLAS,WICHITA,KS,67202,,12,1985-03-08,,1985-03-08,1985-10-17,2011-10-14 16:38:47 EDT
1385814,0625700,,POWER RIG DRILLING CO INC,POWER RIG 14 HWY 27 BET LAKE CHAS LA & CREOLE,CAMERON PARIS,LA,70806,A,0000,N,S,1381,000000,A,A,,B,,,,,,,,PO BX 52808,LAFAYETTE,LA,70503,,350,1984-05-08,,1984-05-10,1984-05-24,2011-10-14 16:38:47 EDT
1387471,0625700,,EPIC WELL SERVICE INC,15 MI N OF LA BOKAY PROSPECT WELL 1,OBERLIN,LA,70510,A,0000,N,S,1381,000000,A,B,,B,,,,,,,,BARBARA RUSSO SEC OF TRES P O BOX 1193,ABBEVILLE,LA,70510,,5,1984-06-18,,1984-06-19,1984-10-25,2011-10-14 16:38:47 EDT
1390137,0626300,,FAGADAU ENERGY CORPORATION,914 S MAIN,JACKSBORO,TX,76056,A,0000,N,S,1311,000000,A,B,,B,,,,,,,,P O BOX 768,JACKSBORO,TX,76056,,40,1984-08-30,,1985-02-07,1985-02-07,2011-10-14 16:38:47 EDT
1397728,0627700,,TRIGG DRILLING CO INC,2 MILES NORTH AND 2 MILES EAST FROM HWY 30,REYDON,OK,73660,A,0000,N,S,1389,000000,A,B,,B,,,,,,,,PO BOX 18605,OKLAHOMA CITY,OK,73154,,20,1985-08-21,,1985-08-21,1985-10-11,2011-10-14 16:38:47 EDT
1398130,0627700,,THE WESTERN COMPANY OF NORTH AMERICA,6 MILES SOUTHEAST OF,CHESTER,OK,73838,A,0000,N,S,1389,000000,A,A,,B,,,,,,,,PO BOX 1305 48TH ST & WESTERN,WOODWARD,OK,73801,,46,1984-09-12,,1984-09-13,1984-10-10,2011-10-14 16:38:47 EDT
1399633,0627700,,GILLASPY DRILLING CO,3/4 MILE N OF HWY 53 AND CLEMSTOCK,Graham,OK,73081,A,0000,N,S,1381,000000,A,B,,B,,,,,,,,R 1 BOX 104,RATLIFF CITY,OK,73081,,6,1984-11-06,,1984-11-06,1984-12-07,2011-10-14 16:38:47 EDT
1401926,0625400,,WELLTECH INC,15 MI SW OF CHRISTOVAL ON ALLEN 1-10 OIL LEASE,CHRISTOVAL,TX,76935,A,0000,Y,S,1389,000000,A,A,,B,,,,,,,,700 RUSK,HOUSTON,TX,77002,,4,1984-06-26,,1984-06-28,1988-09-30,2011-10-14 16:38:47 EDT
1402049,0626000,,SAN PATRICIO CORPORATION RIG #6,2.5 MIN & 9MI W,ENCINO,TX,78353,A,0000,N,S,1381,000000,A,A,,B,,,,,,,,PO BOX 966,CORPUS CHRISTI,TX,78403,,18,1984-06-22,,1984-06-25,1985-01-03,2011-10-14 16:38:47 EDT
1402791,0625400,,INTERNATIONAL HAMMER SERVICE CO,8 MILES EAST OFF FARM RD 1246,THORNTON,TX,76687,A,0000,N,S,1389,000000,A,B,,B,,,,,,,,PO BOX 2723,LONGVIEW,TX,75606,,21,1984-06-25,,1984-06-26,1984-08-13,2011-10-14 16:38:47 EDT
1402809,0625400,,KENT ENERGY INC,15 MI SW OF CHRISTOVAL ON ALLEN I-10 OIL LEASE,CHRISTOVAL,TX,76935,A,0000,Y,S,1311,000000,A,A,,B,,,,,,,,5900 BALCONES SUITE 240,AUSTIN,TX,78731,,1,1984-07-02,,1984-07-02,1984-07-02,2011-10-14 16:38:47 EDT
1403997,0626000,,CULBERSON WELL SERVICE INC RIG #17,APPRX 4 MI EAST OF,PORTOCONNER,TX,77982,A,0000,N,S,1381,000000,A,A,,B,,,,,,,,PO BOX 2266,VICTORIA,TX,77902,,6,1984-06-14,,1984-06-14,1985-05-02,2011-10-14 16:38:47 EDT
1404102,0626000,,GREENES PRESSURE TESTING & RENTALS INC,SUPERIOR JOHN HAMMAN B 12 7 MI SE,MCCOOK,TX,78539,A,0000,N,S,1389,000000,A,B,,B,,,,,,,,PO DRAWER 2880 ATTN RUSSELL LANCLOS GENERAL MGR,LAFAYETTE,LA,70502,,2,1984-07-11,,1984-07-11,1984-07-24,2011-10-14 16:38:47 EDT
1404128,0626000,,ALANCO DRILLING COMPANY,7 MI SOUTH OF,LA GLORIA,TX,78582,A,0000,N,S,1381,000000,A,A,,B,,,,,,,,PO BOX 1970,ALICE,TX,78333,,21,1984-06-22,,1984-06-27,1984-09-06,2011-10-14 16:38:47 EDT
1404904,0626000,,OPERATORS INCORPORATED SUBSIDIARY OF TENNECO OIL C,J BLOCKBURN C TANK BATTERY,BERCLAIR FIELD,TX,78107,A,0000,N,S,1389,000000,A,B,,B,X,,,,,,,14300 CORNERSTONE VILLAGE SUITE 513,HOUSTON,TX,77014,,6,1984-08-07,,1984-08-09,1985-03-19,2011-10-14 16:38:47 EDT
1415231,0626600,,LANGSTON DRILLING CO MID RANGE INC,TEMPLE EASTEX WELL 97 RIG 4,PINELAND,TX,75968,A,0000,N,S,1381,000000,A,B,,B,,,,,,,,515 SPRING ST,SHREVEPORT,LA,71101,,5,1984-12-28,,1985-01-31,1986-03-26,2011-10-14 16:38:47 EDT
1425644,0625700,,CONTINUOUS TUBING SERVICES INC,HWY 105 NORTH,MELVILLE,LA,71353,A,0000,N,S,1389,000000,A,B,,B,,,,,,,,PO BOX 31953,LAFAYETTE,LA,70503,,4,1985-09-05,,1985-09-06,1985-11-01,2011-10-14 16:38:47 EDT
1425883,0625700,,LOUISIANA SWABBING SERVICE INC,JULES BROUSSARD RD,BREAUX BRIDGE,LA,70517,A,0000,N,S,1389,000000,A,B,,B,,,,,,,,RT 2 BOX 343,BREAUX BRIDGE,LA,70517,,30,1985-05-14,2016-06-03,1985-08-05,1986-09-30,2016-06-30 01:10:52 EDT
1426972,0626600,,H & C WELL SERVICES INC,2 MI WEST OF FM 230,LOVELADY,TX,75851,A,0000,N,S,1389,000000,A,B,,B,,,,,,,,PO BOX 2048,MARSHALL,TX,75670,,4,1984-10-03,,1984-10-03,1984-10-16,2011-10-14 16:38:47 EDT
1429596,0626000,,PENROD DRILLING COMPANY RIG 136,20.8 MILES WEST OF US HWY 59 & TX HWY 44,MIRANDO CITY,TX,78369,A,0000,N,S,1381,000000,A,A,,B,,,,,,,,2200 THANKSGIVING TOWER,DALLAS,TX,75201,,5,1984-11-19,,1984-11-21,1985-02-07,2011-10-14 16:38:47 EDT
1430644,0626000,,FOUR FLAGS DRILLING CO INC RIG 2,SHELL A W BEAURLINE 8 W LIMM 8 MI ON 1017,LIMM,TX,78563,A,0000,N,S,1381,000000,A,B,,B,,,,,,,,6849 LEOPARD,CORPUS CHRISTI,TX,78409,,26,1984-05-04,,1984-05-16,1984-07-11,2011-10-14 16:38:47 EDT
1431055,0626000,,PENROD DRILLING COMPANY RIG 25,18 MI N INTERSEC HIWAYS 59 & FM 2895,LAREDO,TX,78040,A,0000,N,S,1381,000000,A,B,,B,,,,,,,,2200 THANKSGIVING TOWER,DALLAS,TX,75201,,21,1984-06-18,,1984-06-19,1984-07-25,2011-10-14 16:38:47 EDT
1432830,0627700,,SEISCOM DELTA UNITED CORP,10 MI NE,RED OAK,OK,74563,A,0000,N,S,1382,000000,A,B,,B,,,,,,,,P O BOX 1214,POTEAU,OK,74953,,28,1984-08-08,2016-06-03,1984-08-09,1986-10-01,2016-06-30 01:10:52 EDT
1433572,0627700,,POOL WELL SERVICING COMPANY RIG 458,5 MI E OF SWEETWATER OK ON BAKER NO 1 LEASE,SWEETWATER,OK,73666,A,0000,N,S,1389,000000,A,B,,B,,,,,,,,P O BOX 4315,HOUSTON,TX,77210,,5,1984-05-15,,1984-05-15,1984-06-07,2011-10-14 16:38:47 EDT
1435239,0626300,,SUN COUNTRY DRILLING & EXPLORATION INC,WOLTERS INDUSTRIAL PARK BLDG 528,MINERAL WELLS,TX,76067,A,0000,N,S,1311,000000,A,B,,B,,,,,,,,PO BOX 1136,MINERAL WELLS,TX,76067,,20,1984-07-17,2016-06-03,1984-07-17,1985-09-30,2016-06-30 01:10:52 EDT
1437227,0626300,,7777 DRILLING CORP,6 MI NORTH OF HISE 3 LEASE,EASTLAND,TX,76448,A,0000,N,S,1381,000000,A,A,,B,,,,,,,,MURRAY ROUTE,GRAHAM,TX,76046,,22,1984-07-10,2016-06-03,1984-07-16,1985-10-01,2016-06-30 01:10:52 EDT
1439959,0626300,,DON PETERSON DRILLING CO,HENSON LEASE NORTH OF,JEAN,TX,76062,A,0000,N,S,1311,000000,A,B,,B,,,,,,,,PO BOX 400,LOVING,TX,76062,,3,1985-01-18,,1985-02-01,1985-02-01,2011-10-14 16:38:47 EDT
1441609,0626300,,HUB MACHINE AND TOOL INC,721 SUPPLY STREET,GRAHAM,TX,76046,A,0000,N,S,1389,000000,A,B,,B,,,,,,,,P O BOX 1429,GRAHAM,TX,76046,,12,1984-09-20,,1984-09-21,1984-09-21,2011-10-14 16:38:47 EDT
1443399,0626300,,ARCO OIL & GAS COMPANY DIV OF ATLANTIC RICHFIELD C,110 MAIN ST,GAINSVILLE,TX,76240,A,0000,N,S,1311,000000,A,B,,A,,,,,,,,PO BOX 1359,GAINSVILLE,TX,76240,,42,1984-06-11,2016-06-03,1984-06-22,1987-10-01,2016-06-30 01:10:52 EDT
1445014,0627400,,NEWPARK DRILLING FLUIDS,3 MILES SW OF ANDREWS TX SECTION 20 BLOCK A 43,ANDREWS COUNTY ANDREWS,TX,79714,A,0000,N,H,1389,000000,A,B,,B,,,,,,,,TWO FIRST CITY CENTER SUITE 965,MIDLAND,TX,79701,,1,1984-04-16,,1984-04-16,1984-04-25,2011-10-14 16:38:47 EDT
1445683,0627400,,BEREDCO INC RIG 1,3 MILES WEST OF DARROUZETTI TX ON STATE RT 15,DARROUZETTI,TX,79024,A,0000,Y,S,1381,000000,A,A,,B,,,,,,,,401 E DOUGLAS SUITE 402,WICHITA,KS,67202,,13,1984-06-13,,1984-06-14,1985-10-07,2011-10-14 16:38:47 EDT
1447531,0627400,,CACTUS DRILLING CO 64,1 MILES NORTH OF,SEMINOLE,TX,79360,A,0000,Y,S,1381,000000,A,B,,B,,,,,,,,13747 MONTFORT SUITE 300,DALLAS,TX,75240,,17,1984-06-12,,1984-06-12,1984-11-28,2011-10-14 16:38:47 EDT
1447564,0627400,,CACTUS DRILLING CO RIG 60,5 MILES NORTH OF,WICKETT,TX,79788,A,0000,Y,S,1381,000000,A,B,,B,,,,,,,,13747 MONTFORT SUITE 300,DALLAS,TX,75240,,14,1984-06-15,,1984-06-15,1984-07-25,2011-10-14 16:38:47 EDT
1447606,0627400,,MORAN BROTHERS INC RIG #58,4 MILES NORTH OFF HWY 190,IRAAN,TX,79744,A,0000,Y,S,1381,000000,A,A,,B,,,,,,,,P O BOX 4502,HOUSTON,TX,77210,,16,1984-08-01,,1984-08-01,1984-10-26,2011-10-14 16:38:47 EDT
1448695,0627400,,GREAT WESTERN DRILLING CO,12 MI WEST ON 380 1/4 SOUTH OF,BROWNFIELD,TX,79316,A,0000,N,S,1381,000000,A,B,,B,,,,,,,,PO BOX 659,MIDLAND,TX,00000,,1,1984-05-21,,1984-05-24,1984-07-17,2011-10-14 16:38:47 EDT
1448703,0627400,,WALKER PUMPING SERVICE CO,12 MI WEST ON 38 & 1/4 MI SOUTH OF,BROWNFIELD,TX,79316,A,0000,N,S,1389,000000,A,B,,B,,,,,,,,PO BOX 1285,DENVER CITY,TX,79323,,1,1984-05-21,,1984-05-21,1984-08-10,2011-10-14 16:38:47 EDT
1448729,0627400,,SPRADLING DRILLING RIG #1,8 MI SOUTH OF,PAMPA,TX,79065,A,0000,N,S,1381,000000,A,A,,B,,,,,,,,P O BOX 5210,BORGER,TX,79008,,12,1984-05-25,,1984-05-25,1984-08-29,2011-10-14 16:38:47 EDT
1449131,0627400,,CHEVRON USA INC,WESTBROOK WELL UNIT 2124,WESTBROOK,TX,79565,A,0000,N,S,1311,000000,A,B,,B,,,,,,,,PO BOX 1660,ODESSA,TX,79702,,10,1984-12-06,,1984-12-06,1984-12-20,2011-10-14 16:38:47 EDT
1449685,0627400,,TMBR DRILLING INC RIG #10,15 MILES-SOUTH OF,ANDREWS,TX,79714,A,0000,N,S,1381,000000,A,A,,B,,,,,,,,DRAWER 10970,MIDLAND,TX,79702,,16,1984-06-19,,1984-06-21,1984-06-22,2011-10-14 16:38:47 EDT
1450188,0626000,,PAWNEE LEASE SERVICE INC,1/2 MI S OF HWY 72 ON HWY 673,PAWNEE,TX,78145,A,0000,Y,S,1389,000000,A,B,,B,,X,,,,,,P O BOX 508,PAWNEE,TX,78145,,6,1985-05-01,,1985-05-09,1985-09-18,2011-10-14 16:38:47 EDT
1452150,0627400,,NORTON DRILLING CO INC,RIG 1 7 MI S OF LWELLAND,LEVELLAND,TX,79336,A,0000,N,S,1381,000000,A,B,,B,,,,,,,,916 MAIN ST SUITE 606,LUBLOCK,TX,79401,,9,1985-07-02,,1985-07-24,1986-04-14,2011-10-14 16:38:47 EDT
1494632,0830100,,GEOPHYSICS SERVICE INC,T21N R23W SEC 28,HOT SPRINGS,MT,59845,A,0000,N,S,1382,000000,A,B,,B,,,,,,,,BX 225627MAIL ST 3948 (IN CARE OF BEN GREEN),DALLAS,TX,75265,,15,1984-07-31,2016-06-03,1984-09-20,1984-11-02,2016-06-30 01:10:52 EDT
1498088,0830500,,TETER OILFIELD CONSTRUCTION CO,C NW SE 16 TWP 55 62 W ARAPAHDE COUNTY 8.1 MI SOUT,STRASBURG,CO,80136,A,0000,N,S,1389,000000,A,B,,B,,,,,,,,1423 EATON STREET,BRUSH,CO,80723,,4,1984-05-22,,1984-06-08,1984-07-19,2011-10-14 16:38:47 EDT
1498914,0830500,,LOFFLAND BROS COMPANY,MITCHELL ENERGY 1-2-3-104,BANGELY,CO,81648,A,0000,N,S,1381,000000,A,B,,B,X,,,,,,,703 23 1/2 RD PO BOX 3565,GRAND JUNCTION,CO,81502,,18,1984-09-04,,1984-09-07,1984-10-19,2011-10-14 16:38:47 EDT
1512375,0830500,,CLEO KEITH WELDING SERVICE,CITY LANDFILL,LAVETA,CO,81055,A,0000,N,S,1389,000000,A,B,,B,,,,,,,,7964 W-ROAD 10 NORTH,DEL NORTE,CO,81132,,1,1985-04-16,,1985-05-13,1985-05-13,2011-10-14 16:38:47 EDT
1516418,0830300,,GRACE BOMAC DRILLING CO,SEC 17 TWN 161 N R 99W,CROSBY,ND,58730,A,0000,Y,S,1381,000000,A,B,,B,X,,,,,,,PO BOX 2238,WILLISTON,ND,58801,,50,1984-09-19,,1984-09-20,1984-10-16,2011-10-14 16:38:47 EDT
1532829,0626300,,HODGES WELL SERVICE,200 S MAIN,JACKSBORO,TX,76056,A,0000,N,S,1389,000000,A,B,,B,,,,,,,,PO BOX 118,JACKSBORO,TX,76056,,11,1985-09-19,,1985-09-19,1985-11-18,2011-10-14 16:38:47 EDT
1537844,0626300,,GLOBE DRILLING CO INC,INEZ CREWS GAS UNIT NO 1 8 MILES E FM13,TROUP,TX,75789,A,0000,N,H,1311,000000,A,B,,B,,,,,,,,1212 INTERFIRST PLAZA TOWER 110 N COLLEGE,TYLER,TX,75702,,83,1984-07-10,,1984-07-10,1984-07-10,2011-10-14 16:38:47 EDT
1571777,0830500,,BLACKHAWK SERVICES INC,OPEN FIELD NEAR COUNTY ROADS 31 & 46,GILCHREST,CO,80623,A,0000,N,S,1389,000000,A,B,,B,,,,,,,,21588 WELD COUNTY ROAD 52,GREELEY,CO,80631,,3,1984-05-08,,1984-05-25,1984-06-20,2011-10-14 16:38:47 EDT
1579135,0627700,,PENGO INDUSTRIES INC,4 MI W 1MI N 2/10 E ON HWY 66 & 33 JUNCITON OH HY9,SAPULPA,OK,74066,A,0000,N,H,1389,000000,A,B,,B,,,,,,,,BOX 1454 OFFICE LOCATION HWY 33 TRUCK ROUTE,DRUMRIGHT,OK,74030,,14,1984-06-26,,1984-06-26,1985-06-21,2011-10-14 16:38:47 EDT
1579614,0627700,,FALCON DRILLING COMPANY,4 MIS EAST HIGHWAY 29 2 MILES NORTH,WYNNEWOOD,OK,73098,A,0000,N,S,1381,000000,A,B,,B,,,,,,,,1700 S E 22ND STREET,OKLAHOMA CITY,OK,73129,,13,1984-08-23,,1984-08-24,1984-12-11,2011-10-14 16:38:47 EDT
1580133,0627700,,BAKER & MORRIS DRILLING INC,1/2 MI S OF S W 119TH ST & CZECHALL RD,OKLAHOMA CITY,OK,73173,A,0000,N,S,1381,000000,A,B,,B,,,,,,,,PO BOX 32697,OKLAHOMA CITY,OK,73132,,13,1984-07-11,,1984-07-16,1984-07-30,2011-10-14 16:38:47 EDT
1582006,0627700,,CREEK COUNTY WELL SERVICE INC.,1 MILE EAST & 1/2 MILE NORTH,SHAMROCK,OK,74068,A,0000,N,S,1389,000000,A,B,,B,,,,,,,,"BOX 711, HWY 33 TRUCK ROUTE",DRUMWRIGHT,OK,74030,,60,1986-02-25,,1986-02-25,1988-02-12,2011-10-14 16:38:47 EDT
1582766,0627700,,SANTA FE DRILLING COMPANY MID CONTINENT,5 MI EAST 3 MI SOUTH,CLINTON,OK,73601,A,0000,N,S,1381,000000,A,B,,B,,,,,,,,P O BOX 74506,OKLAHOMA CITY,OK,73147,,15,1984-03-29,,1984-04-03,1984-06-06,2011-10-14 16:38:47 EDT
1582923,0627700,,ANGLETON TOOL CO INC,8417 WEST O & K GARRIOTT ST ENID OK 73701 PO BOX,ENID,OK,73702,A,0000,N,S,1389,000000,A,B,,B,,,,,,,,,,,00000,,8,1984-05-08,,1984-05-09,1984-06-25,2011-10-14 16:38:47 EDT
1582931,0627700,,BIG RED WELL SERVICE,409 N MAIN ST HENNESSEY OK PO BOX 233,HENNESSEY,OK,73742,A,0000,N,S,1381,000000,A,B,,B,,,,,,,,,,,00000,,4,1984-05-09,,1984-05-09,1984-05-09,2011-10-14 16:38:47 EDT
1583137,0627700,,SHILOH DRILLING INC,6 MI NORTH 3 MI WEST,OKARCHE,OK,73112,A,0000,N,S,1381,000000,A,B,,B,,,,,,,,PO BOX 19247,OKLAHOMA CITY,OK,73144,,13,1984-11-05,,1984-11-07,1984-11-15,2011-10-14 16:38:47 EDT
1583152,0627700,,NICHOLS CASING CREWS INC,1 MI SOUTH 2 3/4 MI EAST,NOBLE,OK,73068,A,0000,N,S,1389,000000,A,B,,B,,,,,,,,PO BOX 95269,OKLAHOMA CITY,OK,73109,,4,1984-12-06,,1984-12-20,1985-01-15,2011-10-14 16:38:47 EDT
1583160,0627700,,LITTLE CHIEF WELL SERVICE,1 MI SOUTH 2 3/4 MI EAST,NOBLE,OK,73068,A,0000,N,S,1389,000000,A,B,,B,,,,,,,,PO BOX 75789,OKLAHOMA CITY,OK,73147,,5,1984-12-06,,1984-12-20,1985-06-19,2011-10-14 16:38:47 EDT
1587922,1032500,,WESTERN GEOPHYSICAL,TOWNSHIP 8 SOUTH RANGE 46 EAST SECTION 15 CARIBOU,CONDA,ID,83230,A,0000,Y,S,1382,000000,A,B,,B,,,,,,,,PO BOX 3118,ENGLEWOOD,CO,80155,,36,1984-06-12,,1984-06-12,1984-07-31,2011-10-14 16:38:47 EDT
1590322,0627400,,SIERRA DRILLING COMPANY RIG 1,3 MILES SW OF ANDREWS TX SECTION 20 BLOCK A 43,ANDREWS COUNTY ANDREWS,TX,79714,A,0000,N,H,1381,000000,A,B,,B,,,,,,,,PO BOX 2681,MIDLAND,TX,79702,,12,1984-04-16,,1984-04-16,1984-05-22,2011-10-14 16:38:47 EDT
1591775,0627400,,SERVICE DRILLING COMPANY RIG 4,N OF PAMPA ON 282 PRICE RD OFF 152 ROBERTS COUNTY,PAMPA,TX,79065,A,0000,Y,S,1381,000000,A,B,,B,,,,,,,,PO BOX 5320,BORGER,TX,79007,,13,1984-04-27,,1984-04-27,1985-12-05,2011-10-14 16:38:47 EDT
1592039,0627400,,SIERRA DRILLING COMPANY RIG #1,APPROX 3 MILES SW OF ANDREWS TX SECTION 20 BLOCK 2,Andrews,TX,79714,A,0000,N,S,1381,000000,A,B,,B,,,,,,,,PO BOX 2681,MIDLAND,TX,79702,,12,1984-04-16,,1984-04-16,1985-05-21,2011-10-14 16:38:47 EDT
1592047,0627400,,AMOCO PRODUCTION COMPANY,APPROX 3 MILES SW OF ANDREWS TX SECTION 20 BLOCK 2,Andrews,TX,79714,A,0000,N,S,1311,000000,A,B,,B,,,,,,,,PO BOX 249,ANDREWS,TX,79714,,4,1984-04-16,,1984-04-16,1985-05-21,2011-10-14 16:38:47 EDT
1592054,0627400,,NEWPARK DRILLING FLUIDS,APPROX 3 MILES SW OF ANDREWS TX SECTION 20 BLOCK 2,Andrews,TX,79714,A,0000,N,S,1389,000000,A,B,,B,,,,,,,,TWO FIRST CITY CENTER SUITE 965,MIDLAND,TX,79701,,1,1984-04-18,,1984-04-18,1985-05-21,2011-10-14 16:38:47 EDT
1592237,0627400,,CRC SERVICES INC,25 MI N OF STANTON 5 MI W OF HWY 137,STANTON,TX,79782,A,0000,N,S,1389,000000,A,B,,B,,,,,,,,PO BOX 410,SNYDER,TX,79549,,50,1984-05-29,,1984-05-29,1984-10-24,2011-10-14 16:38:47 EDT
1592468,0627400,,GULF OIL EXPLORATION & PRODUCTION CO,10 SE OF,LEFORS,TX,79054,A,0000,N,S,1381,000000,A,B,,B,,,,,,,,PO BOX 12116,OKLAHOMA CITY,OK,00000,,78,1984-05-22,,1984-05-22,1984-11-15,2011-10-14 16:38:47 EDT
1593326,0627400,,CARR WELL SERVICE INC RIG 9,CENTERRE BANK 1,10 MILES NW OF MENTON TEXAS,TX,79763,A,0000,N,S,1389,000000,A,A,,B,,,,,,,,3410 MANKINS,ODESSA,TX,79762,,6,1984-04-26,,1984-04-30,1985-01-28,2011-10-14 16:38:47 EDT
1593862,0627400,,"FERGUSON CONSTRUCTION CO., INC.","10 MI. NO. OF HAMLIN, TX",HAMLIN,TX,79520,A,0000,N,S,1389,000000,A,B,,N,,,,,,,,P. O. BOX 1329,"LOVINGTON,",NM,88260,N153    000003123,4,1988-09-07,2008-05-30,1988-09-08,1988-11-25,2011-10-14 16:38:47 EDT
1594647,0627400,,ANALYTICAL LOGGING INC,APPROX 3 MILES SW OF ANDREWS TX SECTION 20 BLOCK,Andrews,TX,79714,A,0000,N,S,1389,000000,A,B,,B,,,,,,,,PO BOX 7467,SHREVEPORT LOUISIANA,,00000,,1,1984-04-23,,1984-04-23,1985-05-21,2011-10-14 16:38:47 EDT
1594795,0627400,,HARVEYS SERVICING INC,8 MILES SW OF ANDREWS,ANDREWS,TX,79714,A,0000,N,S,1389,000000,A,A,,B,,,,,,,,PO BOX 2106,ANDREWS,TX,79714,,55,1984-04-06,,1984-04-13,1985-04-18,2011-10-14 16:38:47 EDT
1623750,0625700,,DEAN SHANK DRILLING CO INC,TIGER LAGOON RIG 4,INTRACOASTAL CITY,LA,70510,A,0000,Y,S,1381,000000,A,B,,B,,,,,,,,2908 ENGINEERS ROAD,BELLE CHASSE,LA,70037,,22,1984-04-24,,1984-04-25,1984-05-24,2011-10-14 16:38:47 EDT
1623792,0625700,,TWO R DRILLING CO INC,PO BOX 1968,HOUMA,LA,70361,A,0000,N,S,1381,000000,A,D,I,,,,,,,,,,,,00000,,,1984-05-03,,1984-05-03,1984-05-07,2011-10-14 16:38:47 EDT
1644434,0830100,,NL WELL SERVICE,SEC 32 T32N R59E,DAGMAR,MT,59219,A,0000,Y,S,1389,000000,A,B,,B,,,,,,,,BX 421,PLENTYWOOD,MT,59254,,28,1984-12-14,,1985-02-08,1985-03-25,2011-10-14 16:38:47 EDT
1644442,0830100,,ATLANTIC RICHFIELD COMPANY,SEC 32 T32N R59E,DAGMAR,MT,59219,A,0000,Y,S,1311,000000,A,D,I,B,,,,,,,,BX 2819,DALLAS,TX,75221,,,1984-12-14,,,1985-01-11,2011-10-14 16:38:47 EDT
1645803,0626000,,CUDD PRESSURE CONTROL INC,ROSEWOOD RESOURCES NEYLAND 1,CHARCO,TX,77963,A,0000,Y,S,1389,000000,A,A,,B,,,,,,,,PO BOX 10405,C C,TX,78410,,5,1984-09-07,,1984-09-11,1985-05-22,2011-10-14 16:38:47 EDT
1663194,0522500,,SALT CREEK MATERIALS INC,BAKER LEASE NO 4 WELL,NORWICH,OH,43767,A,0000,N,S,1389,000000,A,B,,B,X,,,,,,,880 SPRAY RD,ZANESVILLE,OH,43701,,2,1985-09-23,,1985-09-24,1985-12-30,2011-10-14 16:38:47 EDT
1663780,0522500,,TRI COUNTY WELL SERVICE CO,STATE ROUTE 800,MINERAL CITY,OH,44656,A,0000,Y,S,1389,000000,A,B,,B,,,,,,,,P O BOX 415,MINERAL CITY,OH,44656,,4,1984-04-25,,1984-04-25,1984-08-01,2011-10-14 16:38:47 EDT
1756493,0316400,,CUYAHOGA EXPLORATION & DEVELOPMENT CORP,LONG RUN & COUNTY RD 20,ST MARYS,WV,26170,A,0000,Y,H,1381,000000,A,B,,B,,,,,,,,RT 1,MARIETTA,OH,00000,,5,1984-10-05,,1984-11-13,1985-01-29,2011-10-14 16:38:47 EDT
1756758,0316400,,MASSA OIL COMPANY,RURAL ROUTE,LOONEYVILLE,WV,25259,A,0000,N,S,1311,000000,A,B,,B,,,,,,,,PO BOX 765,SPENCER,WV,25276,,6,1984-09-06,,1984-09-06,1984-10-18,2011-10-14 16:38:47 EDT
1801125,0728900,,Z & S CONSTRUCTION COMPANY INC,PATRICK 2 34 WELLSITE 4N 1W 1N 8W 1/2N OF,KIMBALL,NE,69145,A,0000,N,S,1389,000000,A,B,,B,,,,,,,,PO BOX 310,KIMBALL,NE,69145,,2,1984-04-24,,1984-04-26,1984-06-08,2011-10-14 16:38:47 EDT
1868082,0830500,,S & R CONTRACTORS,JUNCTION OF HIGHWAY 139 & 64,RANGELY,CO,81648,A,0000,N,S,1389,000000,A,B,,B,,,,,,,,P.O. BOX 425/ 1845 N. RIVER ROAD,RANGELY,CO,81648,,2,1988-04-13,,1988-05-24,1988-06-06,2011-10-14 16:38:47 EDT
1879964,0729700,,"THUNDERBIRD DRILLING, INC.",21 MI W & 9 MI S,HAYS,KS,67601,A,0000,N,S,1382,000000,A,B,,B,,,,,,,,"7701 E. KELLOGG, SUITE 780",WICHITA,KS,67218,,4,1985-11-06,,1985-11-13,1985-12-12,2011-10-14 16:38:47 EDT
1895895,0729700,,BRUCE WELL SERVICE CO,311 COUNTRY ESTATES RD,LIBERAL,KS,67901,A,0000,N,S,1389,000000,A,B,,B,,,,,,,,PO BOX 1597,LIBERAL,KS,67901,,35,1985-03-26,,1985-03-26,1985-05-31,2011-10-14 16:38:47 EDT
1899111,0627400,,ARD DRILLING CO,RIG 7 19.5 MILES NORTHEAST OF,ANDREWS,TX,79714,A,0000,Y,S,1381,000000,A,B,,B,,,,,,,,PO BOX 1030,MIDLAND,TX,79702,,13,1984-12-20,,1984-12-21,1985-03-27,2011-10-14 16:38:47 EDT
1899202,0627400,,GENE SLEDGE DRILLING CORPORATION,13 MILES NW OF,BIG LAKE,TX,76932,A,0000,N,S,1381,000000,A,A,,B,,,,,,,,SUITE 1165 2 FIRST CITY CENTER,MIDLAND,TX,79701,,14,1985-05-03,,1985-05-06,1985-08-21,2011-10-14 16:38:47 EDT
1899814,0627400,,THE WESTERN COMPANY OF N AMERICA,8 MI S OF GARDEN CITY OFF HWY 33 S,GARDEN CITY,TX,79739,A,0000,N,S,1389,000000,A,B,,B,,,,,,,,P O BOX 4717,ODESSA,TX,79760,,153,1985-02-07,,1985-02-07,1985-07-02,2011-10-14 16:38:47 EDT
1900240,0627400,,DUAL DRILLING COMPANY,RIG 30 38 MILES S OF ON HWY 285,FT STOCKSTON,TX,79735,A,0000,N,S,1381,000000,A,A,,B,,,,,,,,PO BOX 7079,ODESSA,TX,79760,,22,1985-04-25,,1985-04-26,1985-05-31,2011-10-14 16:38:47 EDT
1902618,0625400,,MCKETHAM VACUUM SERVICE INC,N HWY 36,SOMERVILLE,TX,77879,A,0000,N,S,1389,000000,A,B,,B,,,,,,,,RT 1 BOX 62,SOMERVILLE,TX,77879,,12,1985-02-13,2016-06-03,1985-02-14,1986-09-30,2016-06-30 01:10:52 EDT
1902709,0625400,,RAYS CRANE SERVICE,2 MILES SOUTH ON HWY 237,ROUND TOP,TX,78954,A,0000,N,S,1389,000000,A,B,,B,,,,,,,,PO BOX 405,LA GRANGE,TX,78945,,4,1984-12-19,,1985-01-08,1985-01-08,2011-10-14 16:38:47 EDT
1903442,0625400,,SENIOR DRILLING COMPANY INC RIG 40,HECI FRANCINE 1 WELL 2 MI SW OF,CARMINE,TX,78932,A,0000,Y,S,1381,000000,A,A,,B,,,,,,,,ROUTE 6 BOX 777,BREAUX BRIDGE,LA,70517,,22,1985-01-17,2016-06-03,1985-01-18,1986-10-01,2016-06-30 01:10:52 EDT
1907013,0627400,,T T CARRIERS INC,12 MILES N W OF,SEMINOLE,TX,79360,A,0000,N,S,1389,000000,A,B,,B,,,,,,,,PO BOX 1000,LEVELLAND,TX,79336,,20,1985-01-15,,1985-01-16,1985-03-06,2011-10-14 16:38:47 EDT
1908508,0625400,,WILD WELL CONTROL INC,2 MILES SOUTH ON HWY 237,ROUND TOP,TX,78954,A,0000,N,S,1389,000000,A,B,,B,,,,,,,,22730 GOSLING RD,SPRING,TX,77389,,4,1984-12-21,,1985-01-08,1985-01-08,2011-10-14 16:38:47 EDT
1908516,0625400,,SUPERIOR SNUBBING CONTROL,2 MILES SOUTH ON HWY 237,ROUND TOP,TX,78954,A,0000,N,S,1389,000000,A,B,,B,,,,,,,,12930 EMMETT RD,HOUSTON,TX,77091,,4,1984-12-27,,1984-12-27,1984-12-27,2011-10-14 16:38:47 EDT
1910629,0625400,,D.B. DRILLING CO. RIG #11,45 MI. WEST,SAN ANGELO,TX,76901,A,0000,N,S,1381,000000,A,A,,B,,,,,,,,PO BOX 3037,ABILENE,TX,79602,,16,1985-06-26,,1985-06-26,1985-06-26,2011-10-14 16:38:47 EDT
1911494,0625400,,BENNIES WELL SERVICE CO INC,SANTA ANNA AVE,COLEMAN,TX,76834,A,0000,N,S,1389,000000,A,B,,B,,,,,,,,BOX 441,COLEMAN,TX,76834,,35,1985-05-23,,1985-05-23,1987-03-09,2011-10-14 16:38:47 EDT
1914654,0625400,,CHARLIE CAMPBELL CORP,2209 BELL PLAIN,BROWNWOOD,TX,76801,A,0000,N,S,1389,000000,A,B,,B,,,,,,,,2 MILES WEST OF,MAY,TX,76857,,3,1985-05-16,,1985-05-16,1985-05-16,2011-10-14 16:38:47 EDT
1915271,0625400,,BUTLER JOHNSON INC RIG #3,TX HWY 164 4 MI E OF,GROESBECK,TX,76642,A,0000,N,S,1381,000000,A,B,,B,,,,,,,,600 TRAVIS PLACE,SHREVEPORT,LA,71101,,5,1985-05-08,2016-06-03,1985-05-10,1986-10-01,2016-06-30 01:10:52 EDT
1917269,0625700,,RAM PETROLEUM SERVICES INC,COON 1 LEASE CADEVILLE FIELD PARISH RD 14,OUCHITA PARISH,LA,71201,A,0000,N,S,1389,000000,A,B,,B,,,,,,,,PO BOX 1096,MINDEN,LA,71055,,4,1985-03-20,,1985-03-20,1985-03-20,2011-10-14 16:38:47 EDT
1917418,0625700,,PETTY RAY GEOPHYSICAL INC,ATCHAFALAYA BASIN 2 MI SOUTH OF,ST MARTINVILLE,LA,70582,A,0000,Y,S,1382,000000,A,B,,B,,,,,,,,PO BOX 871,FRANKLIN,LA,70538,,36,1985-01-02,,1985-01-03,1985-01-03,2011-10-14 16:38:47 EDT
1921014,0625700,,GREAT SOUTHERN OIL & GAS CO INC,2 MI E OF HWY 93 BENOIT WELL 1 VATICAN FIELD,VATICAN,LA,70520,A,0000,Y,S,1381,000000,A,B,,B,,,,,,,,PO BOX 52707,LAFAYETTE,LA,70505,,5,1985-03-28,,1985-03-29,1985-03-29,2011-10-14 16:38:47 EDT
1921667,0625700,,MONROE WELL SERVICE INC,1/2 MILE EAST OF LA 2 & LA 1,OIL CITY,LA,71061,A,0000,Y,S,1389,000000,A,B,,B,,,,,,,,RT 1 BOX 466,OIL CITY,LA,71061,,124,1985-05-02,2016-06-03,1985-05-13,1986-09-30,2016-06-30 01:10:52 EDT
1921873,0625700,,POWELL SCHLOMBERGER INC,RIG #143 VERMILLION BAY,INTERCOASTAL CITY,LA,70510,A,0000,Y,S,1389,000000,A,B,,B,,,,,,,,PO BOX 8,SCOTT,LA,70583,,30,1985-04-16,2016-06-03,1985-04-18,1986-10-01,2016-06-30 01:10:52 EDT
1922186,0625700,,SCHLUMBERGER WELL SERVICES,HWY 14 WEST,NEWIBERIA,LA,70561,A,0000,Y,S,1389,000000,A,B,,B,,,,,,,,PO BOX 848,NEWIBERIA,LA,70561,,35,1985-04-18,,1985-04-18,1986-02-12,2011-10-14 16:38:47 EDT
1922590,0625700,,H E SUTLON SPECIAL,ROCKY POINT LANDING WELL 298,MOORINGSPORT,LA,71060,A,0000,N,S,1381,000000,A,B,,B,,,,,,,,PO BOX 639,OIL CITY,LA,71061,,4,1985-04-09,,1985-04-22,1985-04-22,2011-10-14 16:38:47 EDT
1923937,0625700,,AREA PIPE INSPECTION INC,LAKE PALOURDE BY PASS RD,AMELIA,LA,70340,A,0000,N,S,1389,000000,A,B,,B,,,,,,,,PO BOX 249,AMELIA,LA,70340,,21,1985-02-21,,1985-02-21,1985-02-22,2011-10-14 16:38:47 EDT
1930205,0522500,,WITCO CHEMICAL GAS & OIL DIVISION,BONTZ LEASE WELL NUMBER ONE,MALVERN,OH,44644,A,0000,Y,S,1389,000000,A,B,,B,X,,,,,,,77 NORTH KENDALL AVENUE,BRADFORD,PA,16701,,200,1984-10-22,,1984-10-23,1984-10-25,2011-10-14 16:38:47 EDT
1937259,0524530,,LAKES OIL PRODUCTION INC,25 MILES EAST OF IL 130 1 MILE SOUTH OF,DUNDAS,IL,62425,A,0000,Y,S,1311,000000,A,B,,B,,,,,,,,POST OFFICE BOX 47,NEWTON,IL,62448,,2,1985-01-04,,1985-01-09,1985-03-12,2011-10-14 16:38:47 EDT
1942333,0522300,,UNIVERSAL ENERGY SERVICES INC,11550 MAHONING AVE,NORTH JACKSON,OH,44451,A,0000,Y,S,1389,000000,A,A,,B,,,,,,,,45 NORTH RD,NILES,OH,44446,,40,1984-12-04,,1984-12-13,1984-12-19,2011-10-14 16:38:47 EDT
1969260,0419400,,C E NATCO,"500 MAIN STREET, OLD HIGHWAY 51 NORTH",BROOKHAVN,MS,39601,A,0000,N,S,1389,000000,A,D,I,B,,,,,,,,KALOLA SPRINGS ROAD,COLUMBUS,MS,39701,,2,1985-04-22,,1985-04-22,1985-04-22,2011-10-14 16:38:47 EDT
1970185,0418600,,OCEAN DRILLING AND EXPLORATION CO.,265 S. WATER ST.,MOBILE,AL,36601,A,0000,N,H,1311,000000,A,B,,B,,,,,,X,,"1600 CANAL ST., P. O. BOX 61780",NEW ORLEANS,LA,70161,,45,1985-12-10,,1986-03-11,1986-09-30,2011-10-14 16:38:47 EDT
2036978,0215800,,CAL BAN CORP.,5 MILE RD.,ALLEGANY,NY,14706,A,0000,N,S,1311,000000,A,B,,B,X,,,,,,,184 EAST UNION ST.,ALLEGANY,NY,14706,,8,1985-04-03,,1985-07-18,1985-08-22,2011-10-14 16:38:47 EDT
2096931,0627700,,JARO DRILLING,2 MI NORTH ON HWY 18 1 1/2 MI WEST,AGRA,OK,74824,A,0000,N,S,1381,000000,A,B,,B,,,,,,,,P O BOX 605,STROUD,OK,74079,,13,1985-05-22,,1985-06-25,1985-06-26,2011-10-14 16:38:47 EDT
2175685,0626000,,R H ENGELKE,1.5 MI SO,LASALLE,TX,77969,A,0000,N,H,1311,000000,A,A,,B,,,,,,,,PO BOX 3783,VICTORIA,TX,77903,,4,1985-11-18,,1985-11-19,1986-02-12,2011-10-14 16:38:47 EDT
2176006,0626000,,R C CHAPMAN DRILLING CO INC RIG 204,1 MILE SOUTHEAST OF EL CAMPO OFF US HWY 59,EL CAMPO,TX,77437,A,0000,Y,S,1381,000000,A,A,,B,,,,,,,,PO BOX 41089,HOUSTON,TX,77241,,21,1985-12-17,,1985-12-17,1986-03-19,2011-10-14 16:38:47 EDT
2177079,0625700,,GROSSE TETE WELL SERVICE INC,SHELL GOODHOPE FIELD HWY 61,GOODHOPE,LA,70079,A,0000,N,S,1389,000000,A,B,,B,,,,,,,,RT 1 BOX 18,GROSSETETE,LA,70740,,4,1985-11-08,,1985-11-18,1986-03-28,2011-10-14 16:38:47 EDT
2177574,0627400,,"C. E. PHILLIPS WELL SERVICE, INC.",HWY 191 & FM 1882,ODESSA,TX,79763,A,0000,Y,S,1389,000000,A,A,,B,,,,,,,,P. O. BOX 6277,ODESSA,TX,79767,,4,1986-08-04,,1986-08-05,1986-09-26,2011-10-14 16:38:47 EDT
2183184,0627400,,COSDEN PIPE LINE CO,5 MILES NORTH OF,WESTBROOK,TX,79565,A,0000,Y,S,1311,000000,A,A,,A,X,,,,,,,BOX 1311,BIG SPRING,TX,79721,,47,1985-06-11,,1985-06-11,1985-10-21,2011-10-14 16:38:47 EDT
2212843,0524530,,RAM DRILLING COMPANY,SEC 16 TWP 3 SOUTH RG 10 EAST,ALBION,IL,62806,A,0000,Y,S,1311,000000,A,A,,B,,,,,,,,POST OFFICE BOX 208,BROWN,IL,62818,,12,1985-11-07,,1985-11-07,1986-03-18,2011-10-14 16:38:47 EDT
2233757,0522300,,FRED FITZGERALD INC,2165 W HUTTON RD JOHNSON WELL 1,WOOSTER,OH,44691,A,0000,N,S,1381,000000,A,A,,B,,,,,,,,PO BOX 127,MT GILEAD,OH,44338,,4,1985-03-22,,1985-03-22,1985-03-22,2011-10-14 16:38:47 EDT
2292274,0626300,,GNR DRILLING CO INC,HWY 14 4 MILES NORTH,TYLER,TX,75708,A,0000,N,S,1381,000000,A,B,,B,,,,,,,,714 FIRST PLACE,TYLER,TX,75702,,13,1985-05-16,2016-06-03,1985-05-17,1986-10-01,2016-06-30 01:10:52 EDT
2292761,0625700,,B J TITAN SERVICES CO,EXXON CO LASOKEY 1 WELL OFF US HWY 90,EDGERLY,LA,70663,A,0000,N,S,1381,000000,A,B,,B,,,,,,,,PO BOX 3107,LAKE CHARLES,LA,70602,,19,1986-01-09,,1986-01-15,1986-08-12,2011-10-14 16:38:47 EDT
2294957,0626300,,EAGLE TRUCKING CO A TEXAS CORP,1/2 MILE NORTH FM 959,BECKVILLE,TX,75631,A,0000,N,S,1389,000000,A,B,,B,,,,,,,,PO BOX 471,KILGORE,TX,75662,,3,1985-05-07,,1985-05-08,1985-05-08,2011-10-14 16:38:47 EDT
2298222,0626000,,HOLLEY'S LEASE SERVICE INC,APPROX 2 1/2 MI S W OFF FM 318,HALLETTSVILLE,TX,77964,A,0000,Y,S,1389,000000,A,A,,B,,,,,,,,P O BOX 501,HALLETTSVILLE,TX,77964,,4,1985-11-27,,1985-11-27,1986-04-16,2011-10-14 16:38:47 EDT
2298479,0626000,,MOORE PETROLEUM SERVICE INC,19 MILES NORTH OF ZEPATA TX OFF FM 3169 LEONARD HA,ZAPATA,TX,78405,A,0000,N,S,1389,000000,A,A,,B,,,,,,,,PO BOX 3144,LAREDO,TX,78040,,5,1985-07-16,,1985-07-17,1986-09-05,2011-10-14 16:38:47 EDT
2300580,0419400,,BAY DRILLING CORPORATION,"D. R. GOODNIGHT #1, OFF H'WAY 42 EAST",RICHTON,MS,39476,A,0000,N,S,1381,000000,A,B,,B,,,,,,,,P. O. BOX 2316,HOUMA,LA,70361,,12,1985-05-14,,1985-05-23,1986-04-02,2011-10-14 16:38:47 EDT
2313302,0627700,,"J.D. RAY, INC. DBA RAY PRODUCTION COMPANY",15 MI SE OF,RUSH SPRINGS,OK,74082,A,0000,N,S,1389,000000,A,B,,B,,,,,,,,"BOX 708, 100 MAPLE LANE DRIVE",CHICKASHA,OK,73023,,1,1987-09-17,,1987-09-18,1987-12-02,2011-10-14 16:38:47 EDT
2315380,0636900,,"TIM HALL, INC. DBA ENERGY SERVICE CO.",1.8 MI. WEST OF BOONESVILLE ON FM 920,BOONESVILLE,TX,76026,A,0000,N,S,1389,000000,A,B,,B,,,,,,,,P. O. BOX 1300,BOWIE,TX,76230,,43,1988-12-12,,1988-12-13,1989-08-25,2011-10-14 16:38:47 EDT
2336295,0522500,,ALTIER BROTHERS INC,GRACE SHIPE LEASE,NEW STRAITSVILLE,OH,43766,A,0000,N,S,1311,000000,A,B,,B,X,,,,,,,PO BOX 430,CORNING,OH,43730,,45,1985-03-12,,1985-03-12,1985-08-21,2011-10-14 16:38:47 EDT
2340677,0522500,,NOBLE WELL SERVICE INC,49447 STATE ROUTE 146,SARAHSVILLE,OH,43779,A,0000,N,S,1389,000000,A,B,,B,,,,,,,,,,,00000,,10,1985-01-16,,1985-01-17,1985-02-28,2011-10-14 16:38:47 EDT
2343176,0522500,,DYNAMIC DRILLING COMPANY,ROUTE 40 WEST,CAMBRIDGE,OH,43725,A,0000,N,S,1381,000000,A,B,,B,,,,,,,,P O BOX 516,CAMBRIDGE,OH,43725,,90,1985-02-08,,1985-02-08,1985-04-04,2011-10-14 16:38:47 EDT
2360477,0522500,,ARMSTRONG DRILLING INC,COUNTY RD 20 WIEBNER LEASE 3,MALVERN,OH,44644,A,0000,N,S,1381,000000,A,B,,B,X,,,,,,,P O BOX 545,WOOSTER,OH,44691,,13,1985-08-08,,1985-08-09,1985-08-12,2011-10-14 16:38:47 EDT
2392637,0627400,,"YALE E. KEY, INC.","LEASE CAMPANA READY #5, 10  ILES E OF BIG SPRING",BIG SPRING,TX,79720,A,0000,Y,S,1389,000000,A,B,,B,,,,,,,,P. O. DRAWER 10627,MIDLAND,TX,79702,,30,1988-03-17,,1988-03-24,1989-03-02,2011-10-14 16:38:47 EDT
2394559,0626600,,GRACE DRILLING COMPANY,HENRY AUSTIN AIZ SABIN ROYALTY #1,DANBURY,TX,77534,A,0000,N,S,1381,000000,A,A,,B,,,,,,,,300 MARSHAL STREET SUITE 1212,SHREAVEPORT,LA,71101,,11,1987-06-17,,1987-06-17,1988-07-20,2011-10-14 16:38:47 EDT
2399343,0653510,,"OPERATORS, INC.","T 30 N, R 10 W, SEC. 27 - BONNIE ROCK",FARMINGTON,NM,87401,A,0000,Y,S,1311,000000,A,B,,B,,,,,,,,P. O. BOX 3948,ENGLEWOOD,CO,80111,,72,1988-01-15,,1988-01-21,1988-04-07,2011-10-14 16:38:47 EDT
2435386,0627700,,SPARLIN HOT OIL SERVICES,HIGHWAY 99 EAST,LITTLE CITY,OK,73446,A,0000,N,S,1389,000000,A,B,,B,,,,,,,,"ROUTE 2, BOX 419",MADILL,OK,73446,,1,1988-08-02,,1988-08-02,1988-09-30,2011-10-14 16:38:47 EDT
2435477,0627700,,"GABBERT-JONES, INC.",2 MI. N. 3-1/2 MI. E. AND 6 MI. N.,MOORELAND,OK,73852,A,0000,N,S,1389,000000,A,A,,B,,,,,,,,"333 E. ENGLISH, SUITE 215",WICHITA,KS,67202,,12,1988-09-08,,1988-09-08,1990-04-03,2011-10-14 16:38:47 EDT
2438604,0626300,,"HYCO CEMENTING, INC.",3 MILES NORTHWEST OF HWY. 42,KILGORE,TX,75662,A,0000,N,S,1389,000000,A,A,,B,X,,,,,,,2907 LAIRD HILL ROAD,KILGORE,TX,75662,,6,1988-09-09,,1988-11-04,1988-12-16,2011-10-14 16:38:47 EDT
2439669,0627700,,"CONTINENTAL TREND RESOURCES, INC.","4 1/2 MI. S., 5 3/4 MI. W. INTERSECTION HWYS. 9&12",ANADARDO,OK,73005,A,0000,N,S,1381,000000,A,A,,B,,,,,,,,P. O. BOX 10549,ENID,OK,73706,,13,1987-10-28,,1987-10-29,1988-03-09,2011-10-14 16:38:47 EDT
2441681,0626000,,"BALL MONTEZ ELECTRIC CO., INC.","DORAN ESTATES/BSE, HWY 624, 10 MI N OF",FREER,TX,78357,A,0000,Y,S,1389,000000,A,A,,N,,,,,,,,P.O. BOX 1576,ALICE,TX,78333,,1,1989-01-25,,1989-01-27,1990-07-03,2011-10-14 16:38:47 EDT
2442531,0626000,,LAYNE TEXAS COMPANY,7 MI WEST ON HWY 521,WADSWORTH,TX,77483,A,0000,Y,S,1381,000000,A,A,,N,,,,,,,,P.O. BOX 9469,HOUSTON,TX,77080,N168    000002752,3,1988-12-12,,1988-12-13,1989-05-10,2011-10-14 16:38:47 EDT
2447548,0627700,,MORGAN DRILLING INC,1001 N KENNEDY,SHAWNEE,OK,74801,A,0000,N,S,1382,000000,A,B,,B,,,,,,,,PO BOX 664,PRAGUE,OK,74864,,5,1985-07-08,,1985-07-12,1985-07-12,2011-10-14 16:38:47 EDT
2447563,0627700,,PROFESSIONAL LOGGING SERVICES INC,1001 N KENNEDY,SHAWNEE,OK,74801,A,0000,N,S,1389,000000,A,B,,B,X,,,,,,,PO BOX 362,SHAWNEE,OK,74801,,3,1985-07-10,,1985-08-22,1985-09-06,2011-10-14 16:38:47 EDT
2447704,0627700,,WILSON BROTHERS DRILLING COMPANY,3 MI EAST SOUTH EAST,SWEETWATER,OK,73666,A,0000,N,S,1381,000000,A,B,,B,,,,,,,,PO BOX 218,CLINTON,OK,73601,,21,1985-12-12,2016-06-03,1985-12-12,1987-10-01,2016-06-30 01:10:52 EDT
2448819,0627700,,N. L. MC CULLOUGH,"HWY 281 & 33, NORTH OF GEARY, OKLAHOMA",GEARY,OK,73040,A,0000,N,S,1389,000000,A,A,,B,,,,,,,,4611 S. W. 20TH,OKLAHOMA CITY,OK,73128,,3,1986-01-07,,1986-01-07,1986-05-22,2011-10-14 16:38:47 EDT
2450716,0627400,,LEAMCO SERVICES INC,HWY 180 EAST,SNYDER,TX,79549,A,0000,N,S,1389,000000,A,A,,B,,,,,,,,PO BOX 856,SNYDER,TX,79549,,7,1985-07-12,,1985-07-15,1985-11-26,2011-10-14 16:38:47 EDT
2451052,0627400,,ROD'S POWER TONG SERVICE INC,4 MILES NORTH ST LAWRENCE,GARDEN CITY,TX,79739,A,0000,Y,S,1389,000000,A,B,,B,,,,,,,,PO BOX 3421,BIG SPRING,TX,79720,,3,1985-08-12,,1985-08-12,1985-11-22,2011-10-14 16:38:47 EDT
2451102,0627400,,RUTHCO INC,15 MILE SW 4 LEHMAN TX NEAR,MORTON,TX,79346,A,0000,N,S,1389,000000,A,B,,B,,,,,,,,PO 756,LEVELLAND,TX,79336,,19,1985-08-22,,1985-08-22,1986-01-24,2011-10-14 16:38:47 EDT
2464055,0627700,,EXETER DRILLING COMPANY CENTRAL DIVISION,1 1/2 MI WEST,WEATHERFORD,OK,73096,A,0000,N,S,1381,000000,A,B,,B,,,,,,,,FIRST OKLAHOMA TOWER SUITE 2670 210 W PARK AVE,OKLAHOMA CITY,OK,73102,,15,1985-12-17,,1985-12-20,1986-04-17,2011-10-14 16:38:47 EDT
2464071,0627700,,FRANK'S TONG SERVICE INC,HWY 54 1 1/2 MI WEST,WEATHERFORD,OK,73096,A,0000,N,S,1389,000000,A,B,,B,,,,,,,,P O BOX 75636,OKLAHOMA CITY,OK,73147,,4,1985-12-17,,1985-12-23,1985-12-23,2011-10-14 16:38:47 EDT
2468635,0626300,,SEISMIC CONTRACT SERVICE,HIGHWAY 16 SOUTH,GRAHAM,TX,76046,A,0000,N,S,1382,000000,A,B,,B,,,,,,,,PO BOX 1354,GRAHAM,TX,76046,,9,1985-04-10,2016-06-03,1985-04-15,1986-09-30,2016-06-30 01:10:52 EDT
2511707,0524530,,DOUBLE D TANK TRUCK SERVICE,3 MILES EAST ON ILLINOIS STATE ROUTE 14,CROSSVILLE,IL,62827,A,0000,N,S,1389,000000,A,A,,B,,,,,,,,,,,00000,,4,1986-01-21,,1986-01-22,1986-03-04,2011-10-14 16:38:47 EDT
2523140,1050210,,WESTERN GEOPHYSICAL CO. OF AMERICA,KUPARUK FIELD NORTH SLOPE BOX 340-102,PRUDHOE BAY,AK,99734,A,0000,N,S,1382,000000,A,B,,B,,,,,,,,351 E. INTERNATIONAL AIRPORT ROAD,ANCHORAGE,AK,99518,,50,1987-03-05,,1987-04-14,1992-12-14,2011-10-14 16:38:47 EDT
2531382,1050210,,POOL ARCTIC ALASKA RIG 102,PAD 1-A WELL 3 KUPARUKFIELD,PRUDHOE BAY,AK,99701,A,0000,N,S,1381,000000,A,A,,B,,,,,,,,200 N C ST,ANCH,AK,99501,,21,1985-05-08,2016-06-03,1985-05-09,1985-08-23,2016-06-30 01:10:52 EDT
2714236,0551800,,SPILL RECOVERY OF INDIANA,FISHBACK CREEK 88TH ST,INDIANAPOLIS,IN,46278,A,0000,N,S,1389,000000,A,A,,B,X,,,,,,,P O BOX 34337,INDIANAPOLIS,IN,46234,,15,1985-08-02,,1985-09-23,1986-10-03,2011-10-14 16:38:47 EDT
2956076,0653510,,NORTON DRILLING COMPANY,SECTION 22 17 31E/HWY 82 EDDY COUNTY,LOCO HILLS,NM,88255,A,0000,Y,S,1381,000000,A,A,,B,,,,,,,,606 REPUBLIC BANK LUBBOCK BUILDING,LUBBOCK,TX,79401,,18,1985-09-02,,1985-09-03,1986-05-29,2011-10-14 16:38:47 EDT
2956803,0653510,,ARAPAHOE DRILLING CO,NEAR RIG #3,BLONCO,NM,87412,A,0000,Y,S,1381,000000,A,A,,B,X,,,,,,,3200 SOUTH SIDE RIVER RD,FARMINGTON,NM,87401,,12,1985-08-05,,1985-11-04,1986-06-30,2011-10-14 16:38:47 EDT
2957413,0653510,,PERMIAN SERVICING CO INC,MABLE HALE 3 EDDY COUNTY,CARLSBAD,NM,88220,A,0000,Y,S,1389,000000,A,B,,B,,,,,,,,8600 LOVINGTON HIGHWAY,HOBBS,NM,88240,,3,1985-07-09,,1985-07-18,1987-02-20,2011-10-14 16:38:47 EDT
2958197,0653510,,W M (BILLY) WALKER INC,20 MI NW,LOVINGTON,NM,88260,A,0000,Y,S,1381,000000,A,A,,B,,,,,,,,BOX 549,HOBBS,NM,88241,,41,1985-11-04,2016-08-01,1986-01-17,2000-10-01,2016-08-05 01:04:37 EDT
2958338,0653510,,WM BILLY WALKER INC,14 MI W 16 MI N AND 2 MI W OF,LOVINGTON,NM,88260,A,0000,N,S,1381,000000,A,A,,B,,,,,,,,BOX 549,HOBBS,NM,88241,,40,1986-01-06,,1986-03-10,1986-04-28,2011-10-14 16:38:47 EDT
2959849,0653510,,SUNCO TRUCKING,S-33 6N 6W RIO ARIBA CO,LINDRITH,NM,87029,A,0000,Y,S,1389,000000,A,A,,B,,,,,,,,705 S TUCKER,FARMINGTON,NM,87499,,16,1985-08-13,,1985-08-15,1985-10-31,2011-10-14 16:38:47 EDT
3262177,0854910,,NATIONAL PRODUCTION SYSTEMS DIVISION,4 MILES WEST OF ROOSEVELT,ROOSEVELT,UT,84066,A,0000,N,S,1389,000000,A,B,,B,X,,,,,,,PO BOX 1532,ROOSEVELT,UT,84066,,13,1985-07-23,2016-07-27,1985-07-24,2016-07-01,2016-08-05 01:04:37 EDT
3264355,0854910,,SKYLINE OIL CO,1 MI SO OF EMERY CO LINE 1 MI W OF HWY 6 FEDERAL,ELMO,UT,84521,A,0000,N,H,1311,000000,A,A,,B,,,,,X,,,PO BOX 2521 ATTN C G CORNELIUS,HOUSTON,TX,77001,,3,1985-08-06,2016-07-27,1985-08-07,2016-07-01,2016-08-05 01:04:37 EDT
3264363,0854910,,POOL WELL SERVICING CO,1 MI SOUTH OF EMERY CO LINE 1 MI WEST OF HWY 6 FED,ELMO,UT,84521,A,0000,N,H,1389,000000,A,A,,B,,,,,X,,,PO BOX 280,RANGLEY,CO,81648,,3,1985-08-06,2016-07-27,1985-08-07,2016-07-01,2016-08-05 01:04:37 EDT
3264371,0854910,,FIRST WEST OIL FIELD SERVICE & HOTSHOTTING,1 MI SO OF EMERY CO LINE 1 MI WEST OF HWY 6 FEDERA,ELMO,UT,84521,A,0000,N,H,1389,000000,A,A,,B,,,,,X,,,2095 PLATEAU CIRCLE,MOAB,UT,84532,,1,1985-08-06,2016-07-27,1985-08-06,2016-07-01,2016-08-05 01:04:37 EDT
3274198,0854910,,SEIS PROS SERVICES INC,SECTION 4 TOWNSHIP 4 S RANGE 20 E COUNTY UINTAH,VERNAL,UT,84078,A,0000,N,S,1382,000000,A,B,,B,X,,,,,,,PO BOX 2572 C/O LYNN TURNER,DENVER,CO,80201,,22,1985-01-08,2016-07-27,1985-01-09,2016-07-01,2016-08-05 01:04:37 EDT
3358371,0855610,,UPDIKE BROS. INC.,RIG 69,DANIEL,WY,83115,A,0000,Y,S,1389,000000,A,A,,B,,,,,,,,P.O. BOX 610,NEWCASTLE,WY,82701,,3,1985-07-18,,1985-07-19,1985-08-15,2011-10-14 16:38:47 EDT
3363140,0855610,,AAA TRUCKING INC.,8 MILES NORTH OF WORLAND ON HIGHWAY 20,WORLAND,WY,82401,A,0000,N,S,1389,000000,A,A,,B,X,,,,,,,BOX 98,WORLAND,WY,82401,,6,1985-05-31,,1985-06-02,1985-07-03,2011-10-14 16:38:47 EDT
3363983,0855610,,PENNANT SERVICE CO.,"JD.#3, RIG #3",BAIROIL,WY,82322,A,0000,Y,S,1389,000000,A,A,,B,,,,,,,,DRAWER 969,MILLS,WY,82644,,3,1985-09-09,,1985-09-11,1985-09-27,2011-10-14 16:38:47 EDT
3364049,0855610,,EXETER DRILLING NORTHERN INC.,RIG #38,GILLETTE,WY,82716,A,0000,Y,S,1389,000000,A,A,,B,,,,,,,,P.O. BOX 17349 T.A.,DENVER,CO,80217,,8,1985-10-19,,1985-10-20,1986-01-02,2011-10-14 16:38:47 EDT
3365210,0855610,,EXETER DRILLING COMPANY,"RIG 38, SEC. 13, T53N, R69W",WESTON,WY,82731,A,0000,N,S,1381,000000,A,A,,B,,,,,,,,P.O. BOX 17349,DENVER,CO,80217,,16,1985-09-18,,1985-09-19,1986-06-23,2011-10-14 16:38:47 EDT
10786499,0213600,,PARAMOUNT DRILLING CO INC,125 SOUTH HIGHLAND AVENUE,Brocton,NY,14716,,0000,,S,1381,000000,A,B,,B,,,,,,,,,,,00000,,70,1976-01-23,,1976-01-23,1984-03-10,2011-10-14 16:38:47 EDT
10787109,0213600,,DELTA STATES OIL INC,RAMSEY ROAD,Lakewood,NY,14750,,0000,,S,1381,000000,A,B,,B,,,,,,,,,,,00000,,26,1976-10-06,,1976-10-06,1977-03-02,2011-10-14 16:38:47 EDT
12295150,0316400,,S W JACK DRILLING CO,HEAVENER RD OFF OF UPSHUR CTY,Buckhannon,WV,26201,,0000,,S,1311,000000,A,A,,B,,,,,,,,,,,00000,,210,1982-03-29,,1982-04-01,1982-09-16,2011-10-14 16:38:47 EDT
12298014,0316400,,BOWSER GAS & OIL CO INC,#1 WELL AT M R SNIDER TRACK,Grantsville,WV,26137,,0000,,S,1311,000000,A,A,,B,,,,,,,,,,,00000,,9,1984-02-28,,1984-02-29,1984-09-28,2011-10-14 16:38:47 EDT
12301826,0316400,,APPALACHIAN DRILLING CO,MILLERS CREEK HOLLOW,Williamson,WV,25681,,0000,,S,1381,000000,A,B,,B,,,,,,,,,,,00000,,130,1978-12-05,,1978-12-07,1984-03-10,2011-10-14 16:38:47 EDT
12302071,0316400,,PENNZOIL CO,FRENCH-HARDMON FORM,Tanner,WV,26179,,0000,,S,1311,000000,A,B,,A,,,,,,,,,,,00000,,20,1979-07-05,,1979-07-05,1984-03-10,2011-10-14 16:38:47 EDT
12312732,0316400,,FWA DRILLING CO INC,P O BOX 448,Elkview,WV,25071,,0000,,S,1381,000000,A,A,,B,,,,,,,,,,,00000,,13,1979-05-30,,1979-06-06,1981-09-09,2011-10-14 16:38:47 EDT
12313243,0316400,,DELTA DRILLING CO,CHARLES BEAM #1 WELL - FISH PO,Moorefield,WV,26836,,0000,,S,1381,000000,A,A,,B,,,,,,,,,,,00000,,20,1980-05-21,,1980-05-21,1981-03-09,2011-10-14 16:38:47 EDT
12313797,0316400,,HUGH SPENCER,GENERAL DELIVERY,West Union,WV,26456,,0000,,S,1381,000000,A,A,,B,,,,,,,,,,,00000,,31,1973-04-24,,1973-04-24,1984-03-10,2011-10-14 16:38:47 EDT
12348074,0316400,,ALLEGHENY LAND & MINERAL COMPA,HAUL ROAD NEAR CASSITY,Cassity,WV,26256,,0000,Y,S,1389,000000,A,B,,B,,,,,,,,,,,00000,,109,1980-07-28,,1980-07-28,1980-11-14,2011-10-14 16:38:47 EDT
12348348,0316400,,UNION DRILLING INC,HALEWAY HOUSE RT 33 UD SITE 3,Elkins,WV,26241,,0000,,S,1381,000000,A,A,,B,,,,,,,,,,,00000,,4,1980-12-23,,1981-01-09,1982-09-13,2011-10-14 16:38:47 EDT
12348991,0316400,,EASTERN AMERICAN ENERGY CORP,ROCK RUN OFF COPLEY RD,Weston,WV,26452,,0000,,S,1382,000000,A,A,,B,,,,,,,,,,,00000,,55,1982-02-23,,1982-05-27,1982-06-02,2011-10-14 16:38:47 EDT
12350302,0316400,,FALCON DRILLING CORP,BENS CREEK US STEEL WELL 29,Gilbert,WV,25621,,0000,,S,1381,000000,A,A,,B,,,,,,,,,,,00000,,16,1981-09-01,,1981-09-29,1981-10-28,2011-10-14 16:38:47 EDT
12356325,0316400,,BISCAYNE OIL & GAS CO,BEEASON RUN ROAD EAST OF PARKE,Parkersburg,WV,25601,,0000,,S,1311,000000,A,A,,B,,,,,,,,,,,00000,,5,1980-11-03,,1980-11-20,1982-12-15,2011-10-14 16:38:47 EDT
12358883,0316400,,SCHLUMBERGER WELL SERVICES,PINE SWAMP ROAD,Keyser,WV,26726,,0000,,S,1389,000000,A,A,,B,,,,,,,,,,,00000,,5,1979-01-03,,1979-01-04,1981-09-11,2011-10-14 16:38:47 EDT
12359808,0316400,,ADAMS WELL SERVICE INC,COLIN ANDERSON MENTAL HEALTH,St Marys,WV,26170,,0000,,S,1381,000000,A,A,,B,,,,,,,,,,,00000,,15,1981-10-28,,1981-11-18,1982-02-05,2011-10-14 16:38:47 EDT
12359816,0316400,,BERG PETROLEUM CO,COLIN ANDERSON MENTAL HEALTH,St Marys,WV,26170,,0000,,S,1311,000000,A,A,,B,,,,,,,,,,,00000,,2,1981-10-28,,1981-11-18,1981-12-11,2011-10-14 16:38:47 EDT
12362216,0316400,,WHITMAN OIL & GAS CORP,WILSON 2 ROUTE 16 N,Glady,WV,26362,,0000,Y,S,1389,000000,A,B,,B,,,,,,,,,,,00000,,300,1982-02-23,,1982-03-09,1982-04-26,2011-10-14 16:38:47 EDT
12362232,0316400,,CONSOLIDATED GAS SUPPLY CORP,HOPKINS FORK HOLLOW,Prenter,WV,25163,,0000,,S,1389,000000,A,B,,A,,,,,,,,,,,00000,,32,1982-03-05,,1982-03-30,1982-04-21,2011-10-14 16:38:47 EDT
12362323,0316400,,WHITNAM OIL & GAS CORP,CAIRO MOATS #1,Harrisville,WV,26362,,0000,Y,S,1389,000000,A,B,,B,,,,,,,,,,,00000,,20,1982-04-20,,1982-04-26,1982-04-27,2011-10-14 16:38:47 EDT
12519724,0336000,,MOBILE AIR DRILLING CO IN,JOHN KEPAK LEASE OFF RT 20015,Springboro,PA,16435,,0000,,S,1381,000000,A,B,,B,,,,,,,,,,,00000,,12,1980-10-31,2016-06-03,1980-10-31,2013-12-31,2016-06-30 01:10:52 EDT
12519765,0336000,,VALLEY DRILLING CORP OF AMERIC,JACKSON RUN ROAD,Warren,PA,16365,,0000,,S,1311,000000,A,A,,B,,,,,,,,,,,00000,,20,1981-05-12,,1981-05-12,1981-05-19,2011-10-14 16:38:47 EDT
12662417,0317000,,FLUOR ENGINEERS & CONSTRUCTORS,PO BOX 1197,Marcus Hook,PA,19061,,0000,,S,1311,000000,A,B,,B,,,,,,,,,,,00000,,950,1974-02-22,,1974-02-22,1984-03-10,2011-10-14 16:38:47 EDT
12819470,0317500,,BENDIX UNITED GEOPHYSICAL CORP,3 MILES EAST OF ROUTE 281,Ursina,PA,15540,,0000,,S,1382,000000,A,B,,B,,,,,,,,,,,00000,,26,1978-05-31,,1978-05-31,1984-03-10,2011-10-14 16:38:47 EDT
12840187,0317500,,S W JACK DRILLING CO,BEAGLE CLUB ROAD,Shelocta,PA,15751,,0000,,S,1381,000000,A,A,,B,,,,,,,,,,,00000,,14,1974-05-17,,1974-05-17,1984-03-10,2011-10-14 16:38:47 EDT
12843769,0317500,,WISEMAN OIL CO,84 HONTOUR ROAD,Coraopolis,PA,15108,,0000,,S,1389,000000,A,B,,B,,,,,,,,,,,00000,,19,1977-05-04,,1977-05-26,1984-03-10,2011-10-14 16:38:47 EDT
12847513,0317500,,P A INC,ROUTE 51 AND CANNELTON RD,Darlington,PA,16115,,0000,,S,1389,000000,A,B,,B,,,,,,,,,,,00000,,25,1981-06-05,,1981-06-05,1981-06-23,2011-10-14 16:38:47 EDT
12928255,0317500,,DOWELL DIV OF DOW COM,MORRISON RUN WELL,Warren,PA,16365,,0000,Y,S,1381,000000,A,A,,B,,,,,,,,,,,00000,,35,1975-12-16,,1975-12-22,1976-01-16,2011-10-14 16:38:47 EDT
12928594,0317500,,CLARENDON GLADE GAS & OIL CO,PRESIDENT TOWNSHIP 1 MILE NORT,Oil City,PA,16301,,0000,,S,1381,000000,A,A,,B,,,,,,,,,,,00000,,7,1976-06-23,,1976-06-24,1984-03-10,2011-10-14 16:38:47 EDT
12988994,0317500,,S W JACK DRILLING CO,ALTMAN AVENUE EXTENSION,Punxsutawney,PA,15767,,0000,,S,1381,000000,A,B,,B,,,,,,,,,,,00000,,38000,1980-05-27,,1980-06-09,1980-06-15,2011-10-14 16:38:47 EDT
12989299,0317500,,S W JACK DRILLING CO,LOWMAN FARM SITE,Indiana,PA,15701,,0000,,S,1381,000000,A,B,,B,,,,,,,,,,,00000,,380,1980-08-11,,1980-08-13,1980-09-05,2011-10-14 16:38:47 EDT
13148150,0418100,,DAVID L FEDERER & ASSOCIATES,126 W TRINITY PL -REAR OF,Decatur,GA,30030,,0000,,S,1381,000000,A,B,,B,,,,,,,,,,,00000,,15,1973-11-27,,1973-11-27,1984-03-10,2011-10-14 16:38:47 EDT
13191135,0418300,,MYERS EXPLORATION CO,L D WILLIAMS TRAVEL INN MERIDI,Porterville,MS,35803,,0000,,S,1382,000000,A,A,,B,,,,,,,,,,,00000,,14,1973-05-10,,1973-05-10,1984-03-10,2011-10-14 16:38:47 EDT
13271804,0418300,,HALLIBURTON SERVICES A DIV,HIGHWAY 195 E AND COUNTY RD 8,Double Springs,AL,35553,,0000,,S,1389,000000,A,B,,B,,,,,,,,,,,00000,,16,1981-06-22,,1981-07-22,1982-07-22,2011-10-14 16:38:47 EDT
13352646,0418800,,CHAPMAN DRILLING INC,2860 HIGHLAND AVENUE,Ft Myers,FL,33901,,0000,,S,1381,000000,A,A,,B,,,,,,,,,,,00000,,65,1974-02-15,,1974-02-15,1984-03-10,2011-10-14 16:38:47 EDT
13512876,0419400,,MAGNOLIA OIL FIELD SERVICES IN,5 MILES SOUTH OF BAXTERVILLE M,Lumberton,MS,39455,,0000,,S,1389,000000,A,A,,B,,,,,,,,,,,00000,,18,1974-11-27,,1974-11-27,1984-03-10,2011-10-14 16:38:47 EDT
13513726,0419400,,CONTINENTAL OIL CO,600 NORTH 26TH AVENUE,Hattiesburg,MS,39401,,0000,,S,1382,000000,A,B,,B,,,,,,,,,,,00000,,18,1975-04-22,,1975-04-22,1975-05-28,2011-10-14 16:38:47 EDT
13519673,0419400,,BAXTER PORTER & SONS WELL SERV,SECTION 7 TOWNSHIP 9 N RANGE 8,Waynesboro,MS,39367,,0000,,S,1389,000000,A,B,,B,,,,,,,,,,,00000,,25,1977-08-26,,1977-08-31,1977-09-16,2011-10-14 16:38:47 EDT
13521703,0419400,,R E WILLIAMS DRILLING CO,T6N R6E SECTION 11-LINCOLN COU,Brookhaven,MS,39601,,0000,,S,1381,000000,A,A,,B,,,,,,,,,,,00000,,21,1981-01-30,,1981-02-02,1981-06-03,2011-10-14 16:38:47 EDT
13522404,0419400,,WELL TECH INC,2848 INDUSTRIAL BLVD,Laurel,MS,39440,,0000,,S,1381,000000,A,B,,B,,,,,,,,,,,00000,,187,1981-10-14,,1981-10-23,1982-04-23,2011-10-14 16:38:47 EDT
13530233,0419400,,VA SAULS INC,DUCKWORTH 2 TALLAHALLA CREEK,Sylvarena,MS,39153,,0000,,S,1389,000000,A,A,,B,,,,,,,,,,,00000,,5,1980-02-26,,1980-02-29,1980-04-14,2011-10-14 16:38:47 EDT
13531611,0419400,,PLACID OIL CO,5 MILES EAST OF VOSSBURG,Vossburg,MS,39366,,0000,,H,1311,000000,A,A,,B,,,,,,,,,,,00000,,3,1978-10-27,,1978-11-20,1979-04-04,2011-10-14 16:38:47 EDT
13545371,0419400,,LORCO SERVICE CORP,GULF CITY FISHERIES DOCK CEDAR,Pascagoula,MS,39567,,0000,,S,1382,000000,A,B,,B,,,,,,,,,,,00000,,2,1982-03-03,,1982-03-05,1982-03-09,2011-10-14 16:38:47 EDT
13563465,0419400,,HURRICANE OIL WELL SERVICES IN,SECTION 24 TOWNSHIP 10 N RANGE,Tinsley,MS,39173,,0000,,S,1389,000000,A,B,,B,,,,,,,,,,,00000,,26,1976-02-18,,1976-02-18,1976-03-16,2011-10-14 16:38:47 EDT
13563804,0419400,,HELMERICH & PAYNE INTERNATIONA,SECTION 29 RANGE 13W TOWNSHIP,Laurel,MS,39440,,0000,,S,1381,000000,A,B,,B,,,,,,,,,,,00000,,24,1976-05-11,,1976-05-11,1976-06-10,2011-10-14 16:38:47 EDT
13566062,0419400,,PENROD DRILLING CO,HIGHWAY 45 FIVE MILES NE TO SH,Shubuta,MS,39360,,0000,,S,1381,000000,A,A,,B,,,,,,,,,,,00000,,20,1980-05-05,,1980-05-06,1980-09-11,2011-10-14 16:38:47 EDT
13568340,0419400,,WARD EXPLORATION CO INC SOUTHE,7 MILES SW OF VALLEY PARK SSAQ,Jackson,MS,39204,,0000,,S,1382,000000,A,B,,B,,,,,,,,,,,00000,,88,1977-05-02,,1977-05-03,1984-03-10,2011-10-14 16:38:47 EDT
13568837,0419400,,N L BAROID PETROLEUM SERVICES,BLD 18 LAUREL AIRPORT INDUSTRI,Laurel,MS,39440,,0000,,S,1389,000000,A,A,,B,,,,,,,,,,,00000,,19,1977-10-31,,1977-11-01,1977-11-14,2011-10-14 16:38:47 EDT
13574512,0419400,,R W DELANEY CONSTRUCTION CO,DARRINGTON FIELD,Crosby,MS,39120,,0000,,S,1389,000000,A,B,,B,,,,,,,,,,,00000,,75,1976-02-24,,1976-02-24,1976-03-31,2011-10-14 16:38:47 EDT
13578844,0419400,,WARRIER DRILLING & ENGINEERI,MAPLE BRANCH FIELD,Hamilton,MS,39746,,0000,,S,1381,000000,A,B,,B,,,,,,,,,,,00000,,15,1978-06-01,,1978-06-02,1978-06-29,2011-10-14 16:38:47 EDT
13579040,0419400,,SEARCH DRILLING INC,RIG #4,Hernando,MS,38632,,0000,,S,1311,000000,A,B,,B,,,,,,,,,,,00000,,100,1978-10-10,,1978-10-11,1984-03-10,2011-10-14 16:38:47 EDT
13580618,0419400,,DOBBINS DRILLING CO,LONG BELL #1 ROUTE 4,Quitman,MS,39355,,0000,,S,1381,000000,A,A,,B,,,,,,,,,,,00000,,4,1980-10-21,,1980-10-21,1980-12-12,2011-10-14 16:38:47 EDT
13593355,0419400,,TINSLEY WELL SERVICE INC,SEC 19 TOWNSHIP 10N RANGE 2W,Tinsley,MS,39173,,0000,,S,1389,000000,A,B,,B,,,,,,,,,,,00000,,45,1980-01-07,,1980-01-11,1980-02-12,2011-10-14 16:38:47 EDT
13595814,0419400,,R W DELANEY CONST CO,R C PETROLEUM CO ALEXANDER WEL,Natchez,MS,39120,,0000,,S,1389,000000,A,B,,B,,,,,,,,,,,00000,,3,1982-08-03,,1982-08-09,1982-09-23,2011-10-14 16:38:47 EDT
13680863,0419700,,SEISCOM DELTA INC,SR 65 NORTH,Hosford,FL,32334,,0000,,S,1382,000000,A,B,,B,,,,,,,,,,,00000,,30,1974-06-11,,1974-06-11,1984-03-10,2011-10-14 16:38:47 EDT
13718937,0419700,,HUNT FISHING TOOL DIVISION-GEO,EXXON'S ST REGIS C-1 OIL WELL,Jay,FL,32565,,0000,,S,1389,000000,A,B,,B,,,,,,,,,,,00000,,5,1975-12-11,,1975-12-16,1984-03-10,2011-10-14 16:38:47 EDT
13718945,0419700,,EXXON CO U S A,EXXON ST REGIS 6-1 OIL WELL,Jay,FL,32565,,0000,,S,1311,000000,A,A,,B,,,,,,,,,,,00000,,2,1975-12-10,,1976-01-07,1984-03-10,2011-10-14 16:38:47 EDT
13837430,0436200,,RESOURCE DRILLING INC,HATTERS POND FLD H M BALDWIN U,Creola,AL,36525,,0000,,S,1381,000000,A,A,,B,,,,,,,,,,,00000,,5,1980-09-03,,1980-09-04,1984-03-10,2011-10-14 16:38:47 EDT
13855309,0436200,,GETTY OIL CO,HATTERS POND FACILITY,Creola,AL,36525,,0000,,S,1311,000000,A,A,,B,,,,,,,,,,,00000,,25,1978-10-03,,1978-10-19,1979-06-14,2011-10-14 16:38:47 EDT
13856422,0436200,,MARION DRILLING & SERVICES INC,GETTY OIL CO CREOLA MINERALS 3,Creola,AL,36525,,0000,,S,1381,000000,A,B,,B,,,,,,,,,,,00000,,15,1979-02-21,,1979-02-24,1984-03-10,2011-10-14 16:38:47 EDT
13860283,0436200,,GEOPHYSICAL FIELD SURVEYS INC,2 MILES OFF HWY 69 4 MILES SO,Coffeeville,AL,36524,,0000,,S,1382,000000,A,A,,B,,,,,,,,,,,00000,,18,1980-02-04,,1980-02-04,1980-03-06,2011-10-14 16:38:47 EDT
13867866,0436200,,JUSTISS MEARS OIL DRILLING CO,CHUNCHULA OIL FIELD,Citronelle,AL,36521,,0000,,S,1381,000000,A,A,,B,,,,,,,,,,,00000,,6,1976-11-04,,1976-11-04,1984-03-10,2011-10-14 16:38:47 EDT
13868807,0436200,,LARCO DRILLING CO INC,LARCO RIG 4 EAST OF INTERSECTI,Heidelberg,MS,39439,,0000,Y,S,1381,000000,A,A,,B,,,,,,,,,,,00000,,16,1972-10-27,,1972-10-27,1984-03-10,2011-10-14 16:38:47 EDT
13886296,0436200,,HYDRAULIC WORKOVER INC,ALGER TENNANTS 2-2,Flomaton,AL,36441,,0000,,S,1389,000000,A,B,,A,,,,,,,,,,,00000,,200,1978-09-05,,1978-09-06,1979-07-27,2011-10-14 16:38:47 EDT
13886643,0436200,,FORTENBERY DRILLING CO INC,H C GILMER WELL A22-12,Citronelle,AL,36522,,0000,,S,1381,000000,A,B,,B,,,,,,,,,,,00000,,160,1978-12-19,,1979-01-26,1984-03-10,2011-10-14 16:38:47 EDT
13913165,0452110,,OWEN CHARLES W,NEAR BARK CAMP CREEK,Corbin,KY,40701,,0000,,S,1381,000000,A,A,,B,,,,,,,,,,,00000,,4,1983-03-01,,1983-03-01,1983-03-29,2011-10-14 16:38:47 EDT
13938774,0452110,,BRISTER INC,HOLLY FORK RD TO CAMPBELL,Morehead,KY,40351,,0000,,S,1389,000000,A,A,,B,,,,,,,,,,,00000,,7,1983-07-19,,1983-07-19,1983-08-08,2011-10-14 16:38:47 EDT
14307896,0536500,,AMERICAN PETROEL CORP,111 W MONTGOMERY ST,Marietta,OH,45750,,0000,,S,1389,000000,A,B,,B,,,,,,,,,,,00000,,30,1981-12-10,,1981-12-17,1982-03-29,2011-10-14 16:38:47 EDT
14309058,0536500,,JERRY MOORE INC,SCHEETZ WELL NO 1 STATE ROUTE,Coshocton,OH,43828,,0000,,S,1311,000000,A,B,,B,,,,,,,,,,,00000,,15,1980-07-25,,1980-08-15,1981-01-15,2011-10-14 16:38:47 EDT
14309066,0536500,,HALLIBURTON SERVICES,SCHEETZ WELL NO 1 STATE ROUTE,Coshocton,OH,43828,,0000,,S,1389,000000,A,B,,B,,,,,,,,,,,00000,,123,1980-07-25,,1980-08-13,1981-04-27,2011-10-14 16:38:47 EDT
14309074,0536500,,3 M DRILLING,SCHEETZ WELL NO 1 TATE ROUTE 6,Coshocton,OH,43828,,0000,,S,1381,000000,A,A,,B,,,,,,,,,,,00000,,5,1980-08-06,,1980-08-13,1981-11-04,2011-10-14 16:38:47 EDT
14309504,0536500,,MIDWEST DRILLING LTD,FIRESTONE WELL #5,Akron,OH,44301,,0000,,S,1381,000000,A,B,,B,,,,,,,,,,,00000,,70,1980-09-23,,1980-09-23,1980-10-23,2011-10-14 16:38:47 EDT
14309512,0536500,,M PETTY & SONS ENTERPRISES INC,439 OAK AVENUE,Boardman,OH,44401,,0000,,S,1389,000000,A,B,,B,,,,,,,,,,,00000,,26,1980-10-02,,1980-10-09,1981-06-02,2011-10-14 16:38:47 EDT
14309538,0536500,,MIDWEST DRILLING INC RIG # 11,HECK WELL #1 ON CH # 25 NORTH,Clark,OH,43810,,0000,,S,1381,000000,A,B,,B,,,,,,,,,,,00000,,60,1980-10-17,,1980-10-22,1981-02-13,2011-10-14 16:38:47 EDT
14309629,0536500,,SANDRIL INC,PAMER WELL #1,Burbank,OH,44214,,0000,,S,1381,000000,A,B,,B,,,,,,,,,,,00000,,12,1981-01-02,,1981-01-26,1981-11-04,2011-10-14 16:38:47 EDT
14309926,0536500,,MIDWEST DRILLING LTD RIG,PHILLIPS NELL 2,Mechanicstown,OH,44651,,0000,,S,1381,000000,A,B,,B,,,,,,,,,,,00000,,13,1981-04-27,,1981-05-12,1981-05-15,2011-10-14 16:38:47 EDT
14309959,0536500,,BUCKS WELL SERVICE,DOUGLAS RANDLES WELL TR 30,Warsaw,OH,43844,,0000,,S,1381,000000,A,A,,B,,,,,,,,,,,00000,,5,1981-05-13,,1981-05-18,1981-11-03,2011-10-14 16:38:47 EDT
14310635,0536500,,MIDWEST DRILLING LTD,1026 COOKSON AVE,New Philadelphia,OH,44663,,0000,,S,1381,000000,A,B,,B,,,,,,,,,,,00000,,13,1982-04-12,,1982-04-22,1983-01-11,2011-10-14 16:38:47 EDT
14317853,0536500,,MILLER WELL SERVICE,4747 GRANGER RD,Bath,OH,44210,,0000,,S,1389,000000,A,B,,B,,,,,,,,,,,00000,,8,1982-02-18,,1982-02-23,1982-04-02,2011-10-14 16:38:47 EDT
14317986,0536500,,ARMSTRONG DRILLING CO,WELL 1 A DICRESKE,Fairlawn,OH,44313,,0000,,S,1381,000000,A,B,,B,,,,,,,,,,,00000,,160,1981-09-23,,1981-10-08,1982-03-03,2011-10-14 16:38:47 EDT
14318109,0536500,,ATLAS ENERGY GROUP INC,KUCK WELL #1 TRUMBULL CNTY,Kinsman,OH,44428,,0000,,S,1381,000000,A,B,,B,,,,,,,,,,,00000,,120,1981-11-16,,1981-11-30,1981-12-07,2011-10-14 16:38:47 EDT
14318117,0536500,,CUBBY DRILLING INC,EVERETT & MARY VINE 1 WELL,Windham,OH,44288,,0000,,H,1381,000000,A,A,,B,,,,,,,,,,,00000,,12,1981-11-17,,1981-12-01,1982-03-29,2011-10-14 16:38:47 EDT
14496079,0522900,,DON YOHE DRILLING CO,DRAWER 250,Armada,MI,48005,,0000,,S,1381,000000,A,B,,B,,,,,,,,,,,00000,,50,1974-03-27,,1974-03-27,1984-03-10,2011-10-14 16:38:47 EDT
14497473,0522900,,NORTH AMERICAN DRILLING COMPAN,PABST 1-24 RIG 4,Johannesburg,MI,49751,,0000,,S,1381,000000,A,B,,B,,,,,,,,,,,00000,,120,1973-11-15,,1973-11-15,1984-03-10,2011-10-14 16:38:47 EDT
14500433,0522900,,HOMER EXCAVATION,5390 23 MILE ROAD,Homer,MI,49245,,0000,,S,1389,000000,A,A,,B,,,,,,,,,,,00000,,1,1973-11-19,,1973-11-19,1984-03-10,2011-10-14 16:38:47 EDT
14503502,0522900,,DOUGANS PUMP SERVICE,RT 1,Haslett,MI,49335,,0000,,S,1381,000000,A,A,,B,,,,,,,,,,,00000,,1,1973-01-24,,1973-01-24,1984-03-10,2011-10-14 16:38:47 EDT
14572879,1050210,,POOL ARCTIC ALASKA,LEFFINGWELL # 1,PRUDHOE BAY,AK,99501,A,0000,Y,S,1381,000000,A,B,,B,,,,,,,,200 NORTH C STREET,ANCHORAGE,AK,99501,,163,1984-04-17,2016-06-03,1984-06-04,1984-06-08,2016-06-30 01:10:52 EDT
14581813,1050210,,NABORS ALASKA DRILLING CO,KUPARUK OIL FIELD PAD 1-E WELL 7,PRUDHOE BAY,AK,99734,A,0000,Y,S,1381,000000,A,A,,B,,,,,,,,4300 B ST SUITE 600,ANCHORAGE,AK,99503,,14,1984-11-05,2016-06-03,1984-11-06,1985-01-18,2016-06-30 01:10:52 EDT
14778203,0452110,,ROBERTS DRILLING CO,MOUTH OF FEDSCREEK,FEDSCREEK,KY,41524,A,0000,N,S,1389,000000,A,B,,B,,X,,,,,,PO BOX 2824,PIKEVILLE,KY,41501,,7,1984-09-13,,1984-09-13,1984-10-31,2011-10-14 16:38:47 EDT
14787071,0452110,,INTERSTATE DRILLING CO INC,HWY 41 A SOUTH 6 MILES SOUTH,HENDERSON,KY,42420,A,0000,N,S,1381,000000,A,B,,B,,X,,,,,,PO BOX 2793,OWENSBORO,KY,42302,,4,1984-08-22,,1984-08-24,1984-11-14,2011-10-14 16:38:47 EDT
14805162,0452110,,MASSEY ENERGY OF KENTUCKY,PIONEER RD.,HORSE CAVE,KY,42749,A,0000,N,S,1311,000000,A,B,,B,X,,,,,,,"ROUTE 2, BOX 303",CAMPBELLSVILLE,KY,42718,,4,1985-08-21,,1985-10-16,1985-12-09,2011-10-14 16:38:47 EDT
14960439,0653510,,AZTEC WELL SERVICING CO,CHILDERS 3 SEC T31H R11W,AZTEC,NM,87410,A,0000,Y,S,1381,000000,A,B,,B,,,,,,,,P O BOX B,AZTEC,NM,87410,,125,1984-07-10,,1984-07-25,1985-08-26,2011-10-14 16:38:47 EDT
14961361,0653510,,ACTION WELL SERVICE INC,90 MI E OF,FARMINGTON,NM,87499,A,0000,Y,S,1389,000000,A,A,,B,,,,,,,,PO BOX 2059,FARMINGTON,NM,87499,,43,1984-05-17,,1984-05-18,1989-12-20,2011-10-14 16:38:47 EDT
14961841,0653510,,JENKINS BROTHERS,ADAMSON GULF STATE 4,RIVERSIDE,NM,88210,A,0000,Y,S,1381,000000,A,A,,B,,,,,,,,1418 WORCHARD,CARLSBAD,NM,88220,,2,1985-01-24,,1985-01-24,1985-07-31,2011-10-14 16:38:47 EDT
14962542,0653510,,YOUNG DRILLING CO,SECTION 19-8S 38E ROSEVELT COUNTY,MILNESAND,NM,87401,A,0000,Y,S,1381,000000,A,A,,B,,,,,,,,BLOOMFIELD HIGHWAY PO BOX 717,FARMINGTON,NM,87401,,17,1984-06-09,2016-08-01,1984-06-09,2000-10-01,2016-08-05 01:04:37 EDT
14962823,0653510,,RESOURCE DRILLING INC,SEC 2 T20S RANGE 34 EDDY COUNTY,HOBBS,NM,88240,A,0000,Y,S,1381,000000,A,A,,B,,,,,,,,BOX 4341,HOUSTON,TX,77210,,15,1984-07-19,,1984-07-20,1985-10-24,2011-10-14 16:38:47 EDT
14963870,0653510,,LLL DRILLING COMPANY,HELLCAT #1 SEC 22 T25N R2W RIO ARRIBA CNTY,BLOOMFIELD,NM,87413,A,0000,Y,S,1381,000000,A,A,,B,,,,,,,,PO BOX 188,BLOOMFIELD,NM,87413,,19,1984-10-10,,1984-10-10,1985-09-05,2011-10-14 16:38:47 EDT
14963888,0653510,,AZTEC WELL SERVICING INC,PHILLIPS 32-6 SEC 32 T25N R-3W RIO ARRIBA CNTY,AZTEC,NM,87410,A,0000,Y,S,1381,000000,A,A,,B,,,,,,,,BOX B,AZTEC,NM,87410,,17,1984-10-31,2016-08-01,1984-10-31,2000-10-01,2016-08-05 01:04:37 EDT
14963912,0653510,,WINTER HAWK ENGINEERING INC,SHOEBAR #56-959-1 SEC 15 TIGS R35E,HOBBS,NM,88240,A,0000,Y,S,1389,000000,A,A,,B,,,,,,,,PO BOX 10400,MIDLAND,TX,79702,,2,1984-12-19,,1984-12-19,1985-09-26,2011-10-14 16:38:47 EDT
14963953,0653510,,BABER WELL SERVICING INC RIG 59,SHOEBAR 56-959-1 SEC 15 T165 R35E/LEA CNTY,HOBBS,NM,88240,A,0000,Y,S,1389,000000,A,A,,B,,,,,,,,PO BOX 1772,HOBBS,NM,00000,,4,1984-12-19,,1984-12-20,1985-12-17,2011-10-14 16:38:47 EDT
14964704,0653510,,R G DRILLING CO,SECT 13 TWP 17S RANGE 38 EAST LFA CNTY 9 MI,HOBBS,NM,88240,A,0000,Y,S,1381,000000,A,A,,B,,,,,,,,BOX 9680,ODESSA,TX,79767,,13,1984-09-11,,1984-09-12,1989-03-05,2011-10-14 16:38:47 EDT
14964928,0653510,,AA OILFIELD SERVICE INC,3221 WEST COUNTY RD,HOBBS,NM,88240,A,0000,N,H,1389,000000,A,B,,B,,,,,,,,PO BOX 5208,HOBBS,NM,88241,,30,1984-12-31,,1984-12-31,1989-05-01,2011-10-14 16:38:47 EDT
14964936,0653510,,ACID ENGINEERING,STAR RT A BOX 370,HOBBS,NM,88240,A,0000,N,H,1389,000000,A,A,,B,,,,,,,,PO DRAWER LL,DENVER CITY,TX,00000,,9,1984-12-31,,1984-12-31,1985-08-16,2011-10-14 16:38:47 EDT
15181910,0854910,,R L MANNING DRILLING CO,APPR 8600 N 4800 W SEC 10 T13N R1W CACHE COUNTY,TRENTON,UT,84338,A,0000,N,S,1381,000000,A,A,,B,,,X,,,,,1700 BROADWAY SUITE 2200,DENVER,CO,80290,,21,1984-10-09,2016-07-27,1984-10-09,2016-07-01,2016-08-05 01:04:37 EDT
15183171,0854910,,U S DRILLING CO,RIG NO 43 2 MILES EAST OF,BLUEBELL,UT,84072,A,0000,N,S,1381,000000,A,B,,B,X,,,,,,,PO BOX 1034,VERNAL,UT,84078,,12,1985-02-05,,1985-02-05,1985-02-05,2011-10-14 16:38:47 EDT
15188733,0854910,,COASTAL OIL & GAS CORPORATION,946 EAST HIGHWAY #40,VERNAL,UT,84078,A,0000,N,S,1311,000000,A,B,,B,,,X,,,,,POST OFFICE BOX #1138,VERNAL,UT,84078,,10,1984-05-17,2016-07-27,1984-05-17,2016-07-01,2016-08-05 01:04:37 EDT
15190085,0854910,,CHASE DRILLING CO,S12 T 26S R25E SE OF,MOAB,UT,84532,A,0000,N,S,1381,000000,A,B,,B,,X,,,,,,826 S 1500 E,VERNAL,UT,84078,,22,1985-03-05,2016-07-27,1985-03-05,2016-07-01,2016-08-05 01:04:37 EDT
15190788,0854910,,VECO DRILLING INC RIG 5,SEC 11 T13S R5E APPROX 14 MI NE,FAIRVIEW,UT,84629,A,0000,N,S,1381,000000,A,B,,B,,X,,,,,,PO BOX 1705,GRAND JUNCTION,CO,81502,,18,1985-09-24,,1985-09-24,1985-09-24,2011-10-14 16:38:47 EDT
15255789,0855610,,ORBIT DRILLING INC,RIG 3 J D 1,CHEYENNE,WY,82001,A,0000,Y,S,1381,000000,A,A,,B,,,,,,,,BOX 100,KIMBALL,NE,69145,,10,1984-06-13,,1984-06-18,1984-06-19,2011-10-14 16:38:47 EDT
15257348,0855610,,PARKER DRILLING CO,J D #7 RIG #193,ARMINTO,WY,82630,A,0000,Y,S,1381,000000,A,A,,B,,,,,,,,8 E 3RD ST,TULSA,OK,74103,,20,1984-09-04,,1984-11-14,1984-11-14,2011-10-14 16:38:47 EDT
15260672,0855610,,NICOR DRILLING CO,RIG 62,GILLETTE,WY,82716,A,0000,Y,S,1381,000000,A,A,,B,X,,,,,,,315 E BOXELDER 204,GILLETTE,WY,82716,,17,1985-02-02,,1985-02-04,1985-02-28,2011-10-14 16:38:47 EDT
15266174,1050210,,WADE OILFIELD SERVICES,MILE 22.5 KENAI SPUR HWY.,KENAI,AK,99611,A,0000,N,S,1389,000000,A,A,,B,,,,,,,,RT. 1 BOX 335,KENAI,AK,99611,,50,1986-12-27,,1987-01-13,1987-06-03,2011-10-14 16:38:47 EDT
15268113,1050210,,SOHIO ALASKA PETROLEUM COMPANY,SPINE ROAD,PRUDHOE BAY,AK,99512,A,0000,N,S,1311,000000,A,B,,B,,,,,,,,PO BOX 6612,ANCHORAGE,AK,99502,,1200,1985-01-01,2016-06-03,1985-01-09,1985-02-08,2016-06-30 01:10:52 EDT
15476013,0523400,,WISCONSIN PETROLEUM TERMINALS,1980 SO HARBOR DRIVE,Milwaukee,WI,53207,,0000,,S,1389,000000,A,A,,B,,,,,,,,,,,00000,,5,1974-12-11,,1974-12-16,1975-01-21,2011-10-14 16:38:47 EDT
15670540,0524500,,STEWART PRODUCERS INC,SOUTH MASON UNIT TRACK 1 WELL,Mason,IL,62243,,0000,Y,S,1389,000000,A,B,,A,,,,,,,,,,,00000,,31,1976-09-09,,1976-09-10,1977-02-16,2011-10-14 16:38:47 EDT
15670854,0524500,,BLEDSOE DRILLING CO,ALLISON TRACT #5,Bridgeport,IL,62417,,0000,,S,1381,000000,A,A,,B,,,,,,,,,,,00000,,10,1977-04-19,,1977-04-20,1984-03-10,2011-10-14 16:38:47 EDT
15671415,0524500,,NELSON CO,305 W OAK,Carmi,IL,62821,,0000,,S,1311,000000,A,A,,B,,,,,,,,,,,00000,,3,1978-11-20,,1979-01-24,1979-02-07,2011-10-14 16:38:47 EDT
15672207,0524500,,SOUTHERN TRIANGLE OIL CO,HUGHES LEASE HALF MILE SE OF T,Crossville,IL,62827,,0000,,S,1381,000000,A,B,,B,,,,,,,,,,,00000,,50,1980-06-10,,1980-07-09,1980-08-25,2011-10-14 16:38:47 EDT
15672231,0524500,,SUPERIOR OIL CO,IL RTE 14 5 MILES EAST OF IL R,Crossville,IL,62827,,0000,Y,S,1311,000000,A,A,,B,,,,,,,,,,,00000,,52,1980-07-08,,1980-07-08,1980-08-05,2011-10-14 16:38:47 EDT
15672355,0524500,,ENERGY RESOURCES OF INDIANA IN,HALF MILE EAST OF HARDINVILLE,Robinson,IL,62454,,0000,Y,S,1311,000000,A,A,,B,,,,,,,,,,,00000,,29,1980-12-16,,1980-12-17,1980-12-30,2011-10-14 16:38:47 EDT
15691678,0524500,,PANHANDLE EASTERN PIPE LINE CO,N LAFAYETTE AVE,Bartonville,IL,61607,,0000,,S,1311,000000,A,B,,A,,,,,,,,,,,00000,,8,1981-07-14,,1981-09-02,1981-09-10,2011-10-14 16:38:47 EDT
15712284,0524500,,VETERAN DECORATORS INC,SOHTO TANK BATTERY PREMISES,Dix,IL,62830,,0000,,S,1389,000000,A,A,,A,,,,,,,,,,,00000,,4,1979-10-05,,1980-02-08,1980-07-25,2011-10-14 16:38:47 EDT
15712375,0524500,,JONES DRILLING & PRODUCING C,ONE HALF MILE NORTH OF CITY ON,Fairfield,IL,62862,,0000,,S,1381,000000,A,A,,B,,,,,,,,,,,00000,,3,1979-11-19,,1979-11-26,1981-01-23,2011-10-14 16:38:47 EDT
15715139,0524500,,LES WILSON INC,CLARA MARITN 1 SEC 16 TWP,Maunie,IL,62861,,0000,,S,1381,000000,A,B,,B,,,,,,,,,,,00000,,68,1983-11-08,,1983-12-06,1984-02-02,2011-10-14 16:38:47 EDT
15736952,0524500,,MARSHALL LIPPERT D B A MARSHAL,TEXACO TRACT 34 WELL 33,Salem,IL,62881,,0000,,S,1389,000000,A,A,,B,,,,,,,,,,,00000,,10,1979-08-22,,1979-08-28,1979-12-14,2011-10-14 16:38:47 EDT
15737570,0524500,,ROYSE DRILLING CO INC,BIEHL #1 SITE CLAY COUNTY ILLI,Clay City,IL,62824,,0000,,S,1381,000000,A,B,,B,,,,,,,,,,,00000,,38,1980-05-20,,1980-05-20,1980-07-21,2011-10-14 16:38:47 EDT
15738073,0524500,,TRIPLE B OIL PRODUCERS INC,G A MCVAIGH WELL #1,Parkersburg,IL,62452,,0000,,S,1311,000000,A,A,,B,,,,,,,,,,,00000,,74,1981-01-13,,1981-01-13,1981-02-19,2011-10-14 16:38:47 EDT
15738917,0524500,,PARRISH OIL PRODUCTION CO,JOE MENKE WELL NO 1,Newton,IL,62448,,0000,,S,1381,000000,A,B,,B,,,,,,,,,,,00000,,8,1981-10-27,,1981-10-28,1981-11-05,2011-10-14 16:38:47 EDT
15738933,0524500,,MARSHALLS WELL SERVICE,CENTRALIA FLOOD UNIT 1 BOX,Centralia,IL,62801,,0000,,S,1389,000000,A,B,,B,,,,,,,,,,,00000,,3,1981-11-04,,1981-11-05,1981-11-24,2011-10-14 16:38:47 EDT
15740004,0524500,,COMMANCHE OIL CORP,COFFER WELL NO 8,Murphysboro,IL,62994,,0000,,S,1311,000000,A,A,,B,,,,,,,,,,,00000,,2,1983-01-24,,1983-02-24,1983-02-24,2011-10-14 16:38:47 EDT
16103285,0625100,,MESA PETROLEUM CO,10 MILES EAST OF LAKE ARTHUR R,Lake Arthur,NM,88210,,0000,,S,1311,000000,A,B,,B,,,,,,,,,,,00000,,500,1979-01-31,,1979-01-31,1984-03-10,2011-10-14 16:38:47 EDT
16107583,0625100,,SAN JUAN CASING SERVICE INC,6101 E MAIN ST,Farmington,NM,87401,,0000,,S,1381,000000,A,B,,B,,,,,,,,,,,00000,,18,1977-08-16,,1977-09-16,1977-11-10,2011-10-14 16:38:47 EDT
16111296,0625100,,MARSHALL B MORRIS CONTRACTOR,10 MILES SOUTH OF CARLSBAD ON,Carlsbad,NM,38220,,0000,,S,1311,000000,A,A,,B,,,,,,,,,,,00000,,2,1975-09-08,,1975-09-08,1984-03-10,2011-10-14 16:38:47 EDT
16111502,0625100,,HICE WELDING & ROUSTABOUT SE,300 BLOCK OF SOUTH HOUSTON,Eunice,NM,88240,,0000,,S,1389,000000,A,A,,B,,,,,,,,,,,00000,,9,1979-01-24,,1979-01-24,1984-03-10,2011-10-14 16:38:47 EDT
16114217,0625100,,GANDY PUMPING SERVICE,SOUTH STAR ROUTE 1,Lovington,NM,88260,,0000,,S,1389,000000,A,A,,B,,,,,,,,,,,00000,,33,1974-05-15,,1974-05-15,1984-03-10,2011-10-14 16:38:47 EDT
16114233,0625100,,ARAPAHOE DRILLING CO,RIG #1,Farmington,NM,87401,,0000,,S,1381,000000,A,A,,B,,,,,,,,,,,00000,,26,1974-05-21,,1974-05-21,1984-03-10,2011-10-14 16:38:47 EDT
16114639,0625100,,MCCLELLAN OIL CORP,30 MILES EAST OF HAGERMAN PEPP,Hagerman,NM,88232,,0000,,S,1381,000000,A,A,,B,,,,,,,,,,,00000,,18,1974-07-01,,1974-07-01,1984-03-10,2011-10-14 16:38:47 EDT
16114647,0625100,,ARD DRILLING CO,POWELL DG LEASE WELL #1,Artesia,NM,88210,,0000,,S,1381,000000,A,A,,B,,,,,,,,,,,00000,,14,1974-07-03,,1974-07-03,1984-03-10,2011-10-14 16:38:47 EDT
16114951,0625100,,CACTUS DRILLING CORP,MCNEW LEASE WELL NUMBER ONE,Carlsbad,NM,88220,,0000,,S,1381,000000,A,A,,B,,,,,,,,,,,00000,,21,1974-08-15,,1974-08-15,1984-03-10,2011-10-14 16:38:47 EDT
16115081,0625100,,OSBOURN DRILLING CO,203 EAST MAIN,Artesia,NM,88210,,0000,,S,1381,000000,A,A,,B,,,,,,,,,,,00000,,16,1974-09-12,,1974-09-12,1984-03-10,2011-10-14 16:38:47 EDT
16118309,0625100,,BENSON-MONTIN-G,501 AIRPORT DR,Farmington,NM,87401,,0000,,S,1311,000000,A,A,,B,,,,,,,,,,,00000,,16,1975-07-08,,1975-07-10,1975-10-15,2011-10-14 16:38:47 EDT
16118911,0625100,,DAVID C COLLIER DBA DAVE COLLI,3 MILES SOUTH OF OLD LOLO HILL,Loco Hills,NM,88210,,0000,Y,S,1311,000000,A,B,,B,,,,,,,,,,,00000,,8,1975-11-13,,1975-11-14,1976-06-18,2011-10-14 16:38:47 EDT
16118929,0625100,,YATES DRILLING CO INC,3 MILES SOUTH OF LOCO HILLS NW,Loco Hills,NM,88210,,0000,,S,1311,000000,A,B,,B,,,,,,,,,,,00000,,19,1975-11-13,,1975-11-14,1984-03-10,2011-10-14 16:38:47 EDT
16118960,0625100,,ARD DRILLING CO,15 M S & 8 M W OF ARTESIA,Artesia,NM,88210,,0000,,S,1381,000000,A,A,,B,,,,,,,,,,,00000,,20,1975-12-23,,1975-12-23,1976-02-02,2011-10-14 16:38:47 EDT
16119091,0625100,,ALLEN CONSTRUCTION CO,OFF HWY 173 15 MILES EAST OF A,Aztec,NM,87410,,0000,,S,1381,000000,A,A,,B,,,,,,,,,,,00000,,5,1976-01-29,,1976-01-30,1976-04-19,2011-10-14 16:38:47 EDT
16119109,0625100,,ENGINEERING & PRODUCTION SERVI,OFF HWY 123 15 MILES EAST OF A,Aztec,NM,87410,,0000,,S,1311,000000,A,A,,B,,,,,,,,,,,00000,,2,1976-01-30,,1976-01-30,1976-05-06,2011-10-14 16:38:47 EDT
16120602,0625100,,MURAN CO,SW OF LOCO HILLS OFF OF HWY 36,Loco Hills,NM,88255,,0000,,S,1381,000000,A,B,,A,,,,,,,,,,,00000,,125,1977-11-01,,1977-11-03,1984-03-10,2011-10-14 16:38:47 EDT
16121279,0625100,,HALLIBURTON SERVICES,20 NE CARLSBAD NM,Carlsbad,NM,88220,,0000,,S,1389,000000,A,B,,B,,,,,,,,,,,00000,,48,1976-04-06,,1976-04-07,1984-03-10,2011-10-14 16:38:47 EDT
16121469,0625100,,YATES DRILLING CO INC,3 MILES SOUTH OF OLD LOCO HILL,Loco Hills,NM,88210,,0000,,S,1311,000000,A,B,,B,,,,,,,,,,,00000,,19,1975-11-13,,1975-11-14,1976-06-18,2011-10-14 16:38:47 EDT
16121477,0625100,,DAVID C COLLIER DBA DAVE COLLI,3 MILES SOUTH OF OLD LOCO HILL,Loco Hills,NM,88210,,0000,Y,S,1311,000000,A,B,,B,,,,,,,,,,,00000,,8,1975-11-13,,1975-11-14,1984-03-10,2011-10-14 16:38:47 EDT
16124620,0625700,,EXPLORE SEISMIC DRILLING INC,1 5 MILES S OF SIMMESPORT,Simmesport,LA,71369,,0000,,S,1382,000000,A,B,,B,,,,,,,,,,,00000,,6,1982-06-22,,1982-06-22,1982-09-16,2011-10-14 16:38:47 EDT
16124653,0625700,,WILLIAMS WELL SERVICE INC,DELHI UNIT 182 2,Delhi,LA,71232,,0000,,S,1381,000000,A,B,,B,,,,,,,,,,,00000,,110,1982-06-29,,1982-06-30,1982-08-24,2011-10-14 16:38:47 EDT
16125429,0625700,,CUDD PRESSURE CONTROL INC,16 MI SOUTH OF RUSTON DAVIS BR,Vernon,LA,71270,,0000,Y,S,1389,000000,A,B,,B,,,,,,,,,,,00000,,325,1983-03-07,,1983-04-13,1983-06-29,2011-10-14 16:38:47 EDT
16125536,0625700,,GRACE GLASSCOCK DRILLING,5 MI S OF LA 110,Merryville,LA,70653,,0000,Y,S,1381,000000,A,A,,B,,,,,,,,,,,00000,,16,1983-05-24,,1983-06-03,1983-10-19,2011-10-14 16:38:47 EDT
16128761,0625700,,WHELESS DRILLING CO,BAYOU PIGEON,Houma,LA,70360,,0000,,S,1381,000000,A,A,,B,,,,,,,,,,,00000,,28,1979-09-12,,1979-09-21,1979-12-07,2011-10-14 16:38:47 EDT
16128779,0625700,,TRANS WORLD DRILLING CO,EAST CAMERON BLOCK 195 OCS 609,Morgan City,LA,70380,,0000,,S,1381,000000,A,A,,B,,,,,,,,,,,00000,,18,1979-09-13,,1979-09-13,1984-03-10,2011-10-14 16:38:47 EDT
16128787,0625700,,SAM GRIMMETT INC,PERNIE BAILEY RIG #7 ELTON LA,Port Barre,LA,70577,,0000,,S,1389,000000,A,A,,B,,,,,,,,,,,00000,,20,1979-09-25,,1979-09-26,1979-11-02,2011-10-14 16:38:47 EDT
16129074,0625700,,N L MCCULLOUGH,E B SCHWING #6 RIG #6,Plaquemine,LA,70764,,0000,,S,1389,000000,A,B,,B,,,,,,,,,,,00000,,76,1980-02-20,,1980-02-25,1981-05-05,2011-10-14 16:38:47 EDT
16129173,0625700,,CATA HOULA WELDING,F D BROWN #1 OFF HWY 569 EAST,Waterproof,LA,71375,,0000,,S,1389,000000,A,A,,B,,,,,,,,,,,00000,,1,1980-03-21,,1980-03-21,1984-03-10,2011-10-14 16:38:47 EDT
16129207,0625700,,LOOMIS INTERNATIONAL INC,RIMCO RIG #1 SEC 16 T13N R15W,Grand Cane,LA,71032,,0000,,S,1389,000000,A,B,,B,,,,,,,,,,,00000,,12,1980-04-04,,1980-05-13,1981-07-08,2011-10-14 16:38:47 EDT
16129439,0625700,,VILLAGE OIL & GAS INC,RIG 2 POLLOCK WELL 1 CATUNS,Mansfield,LA,71052,,0000,,S,1381,000000,A,B,,B,,,,,,,,,,,00000,,30,1980-06-23,,1980-07-24,1980-12-02,2011-10-14 16:38:47 EDT
16129447,0625700,,VILLAGE OIL & GAS INC,RIG 1 BROUN 1 WALLACE COMMUNIT,Mansfield,LA,71052,,0000,,S,1381,000000,A,B,,B,,,,,,,,,,,00000,,30,1980-06-23,,1980-07-24,1981-11-20,2011-10-14 16:38:47 EDT
16129454,0625700,,FREEMAN CHEMICAL & CEMENTING C,MID LA GAS 903,Sterlington,LA,71278,,0000,,S,1389,000000,A,B,,B,,,,,,,,,,,00000,,22,1980-06-26,,1980-08-15,1984-03-10,2011-10-14 16:38:47 EDT
16129611,0625700,,FRED WILSON DRILLING CO INC,LEASE METHBIN #1 10 MILE NORTH,Arcadia,LA,71001,,0000,,S,1381,000000,A,B,,B,,,,,,,,,,,00000,,200,1980-10-03,,1980-10-07,1980-10-27,2011-10-14 16:38:47 EDT
16129769,0625700,,WILSON BROTHERS CORP,LAKE PEIGNEUR WELL #20 RIG #1,Delcambre,LA,70528,,0000,,S,1381,000000,A,B,,B,,,,,,,,,,,00000,,350,1980-11-21,,1980-12-09,1980-12-12,2011-10-14 16:38:47 EDT
16129819,0625700,,TEXACO INC,LAKE PEIGNEUR WELL #20 RIG #1,Delcambre,LA,70528,,0000,,S,1311,000000,A,B,,B,,,,,,,,,,,00000,,450,1980-11-21,,1980-12-09,1980-12-12,2011-10-14 16:38:47 EDT
16130163,0625700,,MAG COBAR,INTRACOASTAL CITY HWY 333,Abbeville,LA,70510,,0000,,S,1389,000000,A,B,,B,,,,,,,,,,,00000,,24,1981-06-16,,1981-06-16,1981-08-21,2011-10-14 16:38:47 EDT
16130171,0625700,,INTREPID SERVICES INC,MATILDA GRAY STREAM 1 RIG 15,Hackberry,LA,70605,,0000,,S,1382,000000,A,B,,B,,,,,,,,,,,00000,,23,1981-06-18,,1981-07-02,1982-04-02,2011-10-14 16:38:47 EDT
16130585,0625700,,PATERSON BEST INC,BIG LAKE FIELD 10 MILES EAST,Crowville,LA,71230,,0000,,S,1381,000000,A,A,,B,,,,,,,,,,,00000,,18,1981-11-05,,1981-11-06,1982-03-24,2011-10-14 16:38:47 EDT
16130940,0625700,,GOLDRUS TRUCKING CO,HWY 353 SOUTH OF PARKS,Parks,LA,70582,,0000,,S,1389,000000,A,B,,B,,,,,,,,,,,00000,,20,1982-04-13,,1982-04-14,1982-08-24,2011-10-14 16:38:47 EDT
16130957,0625700,,TYCO EQUIPMENT RENTALS INC,HUB CITY MACHINE SHOP SCOTT RD,Lafayette,LA,70506,,0000,,S,1389,000000,A,B,,B,,,,,,,,,,,00000,,8,1982-04-14,,1982-04-15,1983-02-15,2011-10-14 16:38:47 EDT
16131120,0625700,,POWER RIG DRILLING CO INC,RIG 10 5MILES N OF FRANKLIN LA,Franklin,LA,70538,,0000,,S,1381,000000,A,B,,B,,,,,,,,,,,00000,,25,1982-07-01,,1982-07-06,1983-09-21,2011-10-14 16:38:47 EDT
16131294,0625700,,A M F TUBOSCOPE INC,173 COURET HOUSTON FRIEGHTLINE,Lafayette,LA,70506,,0000,,S,1389,000000,A,B,,B,,,,,,,,,,,00000,,24,1982-08-17,,1982-08-18,1983-06-29,2011-10-14 16:38:47 EDT
16131708,0625700,,MCBROOM RIG BLDG SERVICE INC,BELLE CHASSE,Belle Chasse,LA,70037,,0000,,S,1389,000000,A,B,,B,,,X,,,,,,,,00000,,18,1983-01-28,,1983-02-09,1983-08-31,2011-10-14 16:38:47 EDT
16131732,0625700,,GEAR HART INDUSTRIES,109 ZONOLITE,Lafayette,LA,70508,,0000,,S,1389,000000,A,B,,B,,,,,,,,,,,00000,,20,1983-02-03,,1983-02-11,1983-03-03,2011-10-14 16:38:47 EDT
16133662,0625700,,GULF COAST CONTRACTING SERVICE,TEXACO TANK BATTERY #1,Sorrento,LA,70778,,0000,,S,1381,000000,A,A,,B,,,,,,,,,,,00000,,4,1975-07-02,,1975-07-08,1984-03-10,2011-10-14 16:38:47 EDT
16133704,0625700,,FRANK'S CASING CREW & RENTAL T,MAIN YARD,Lafayette,LA,70501,,0000,,S,1389,000000,A,A,,B,,,,,,,,,,,00000,,100,1975-07-18,,1975-07-18,1984-03-10,2011-10-14 16:38:47 EDT
16135758,0625700,,POOL CO,FROST LUMBER CO WELL NR ONE NE,Logansport,LA,71049,,0000,,S,1381,000000,A,B,,B,,,,,,,,,,,00000,,72,1977-06-21,,1977-06-29,1984-03-10,2011-10-14 16:38:47 EDT
16136327,0625700,,SAFETY AUTOMATION CO,VERMILLION BLOCK 38-E PLATFORM,Lafayette,LA,70501,,0000,,S,1389,000000,A,A,,B,,,,,,,,,,,00000,,1,1978-03-02,,1978-03-08,1984-03-10,2011-10-14 16:38:47 EDT
16136749,0625700,,PELICAN WELL SERVICE INC,HACKBERRY SALT DOMT 6 HACKBERR,Hackberry,LA,70501,,0000,,S,1381,000000,A,B,,B,,,,,,,,,,,00000,,30,1978-09-22,,1978-10-17,1984-03-10,2011-10-14 16:38:47 EDT
16136756,0625700,,INTERNATIONAL HAMMER SERVICES,HACKBERRY SALT DOMES CAUFER 6,Hackberry,LA,70501,,0000,,S,1381,000000,A,B,,B,,,,,,,,,,,00000,,51,1978-09-22,,1978-10-17,1984-03-10,2011-10-14 16:38:47 EDT
16136848,0625700,,MALLARD WELL SERVICE,VERMILLION BLOCK 101 GULF OF M,Abbeville,LA,70505,,0000,Y,S,1381,000000,A,B,,B,,,,,,,,,,,00000,,500,1978-10-30,,1978-11-17,1984-03-10,2011-10-14 16:38:47 EDT
16136855,0625700,,FMC WELL HEAD SERVICE,VERMILLION BLOCK 101 GULF OF M,Abbeville,LA,70505,,0000,,S,1381,000000,A,B,,B,,,,,,,,,,,00000,,20,1978-10-30,,1978-11-17,1984-03-10,2011-10-14 16:38:47 EDT
16136863,0625700,,SUPERIOR HYDRAULICS,VERMILLION BLOCK 101 GULF OF M,Abbeville,LA,70518,,0000,,S,1381,000000,A,B,,B,,,,,,,,,,,00000,,35,1978-10-30,,1978-11-17,1984-03-10,2011-10-14 16:38:47 EDT
16136939,0625700,,UNITED GEOPHYSICAL CORP,STATE HWY 37 AT AMITE RIVER CR,Baton Rouge,LA,70805,,0000,,S,1382,000000,A,B,,B,,,,,,,,,,,00000,,40,1978-11-27,,1978-11-29,1983-06-14,2011-10-14 16:38:47 EDT
16137135,0625700,,GLASSCOCK DRILLING INC,RIG #7,Grand Chenier,LA,70501,,0000,,S,1381,000000,A,B,,B,,,,,,,,,,,00000,,110,1975-08-25,,1975-08-25,1984-03-10,2011-10-14 16:38:47 EDT
16137556,0625700,,SEA DRILLING CORP,SEA DRILL RIG #12 W CAMERON BL,Cameron,LA,70112,,0000,,S,1381,000000,A,A,,B,,,,,,,,,,,00000,,150,1975-11-24,,1975-11-24,1984-03-10,2011-10-14 16:38:47 EDT
16137978,0625700,,CENTRAL INDUSTRIES INC,POPLAR GROVE PNR #1 WELL FALSE,Bueche,LA,70501,,0000,,S,1389,000000,A,A,,B,,,,,,,,,,,00000,,7,1976-06-03,,1976-06-17,1984-03-10,2011-10-14 16:38:47 EDT
16138075,0625700,,I E MILLER & SONS INC,RIG #1 15 MILES EAST OF EUNICE,Eunice,LA,70535,,0000,,S,1389,000000,A,B,,B,,,,,,,,,,,00000,,25,1976-07-29,,1976-08-25,1976-09-02,2011-10-14 16:38:47 EDT
16138422,0625700,,LOFFLAND BROTHERS CO,RIG #154 ROCKEFELLER REFUGE,Cameron,LA,70560,,0000,,S,1389,000000,A,A,,B,,,,,,,,,,,00000,,6,1977-02-17,,1977-02-18,1984-03-10,2011-10-14 16:38:47 EDT
16139198,0625700,,HYDRO CARBON TESTERS INC,C PLATFORM-E CAMERON #272,Cameron,LA,70505,,0000,,S,1389,000000,A,B,,B,,,,,,,,,,,00000,,120,1978-02-17,,1978-02-23,1984-03-10,2011-10-14 16:38:47 EDT
16139297,0625700,,OCEAN DRILLING & EXPLORATION,WEST CAMERON BLOCK #20,Cameron,LA,70631,,0000,,S,1389,000000,A,B,,B,,,,,,,,,,,00000,,100,1978-04-20,,1978-04-20,1984-03-10,2011-10-14 16:38:47 EDT
16139636,0625700,,REELED TUBING INC,CHEVFON LEASE 1365 WELL 66,Golden Meadow,LA,70357,,0000,,S,1389,000000,A,B,,B,,,,,,,,,,,00000,,23,1982-08-26,,1982-08-26,1983-01-25,2011-10-14 16:38:47 EDT
16140998,0625700,,HALLIBURTON SERVICES INC,4720 INDUSTRIAL DR EXT,Bossier City,LA,71111,,0000,Y,S,1389,000000,A,B,,B,,,,,,,,,,,00000,,175,1983-05-03,,1983-05-04,1983-05-25,2011-10-14 16:38:47 EDT
16141657,0625700,,HARRIS WELL SERVICE INC,CLEAR CREEK WELL,De Quincy,LA,70633,,0000,Y,S,1389,000000,A,A,,B,,,,,,,,,,,00000,,5,1983-10-17,,1983-10-21,1984-01-18,2011-10-14 16:38:47 EDT
16142168,0625700,,SUN PRODUCTION CO,4 MILES NE CONVERSE-BROWN K2 O,Converse,LA,71419,,0000,,S,1311,000000,A,A,,B,,,,,,,,,,,00000,,36,1980-03-13,,1980-03-14,1980-08-01,2011-10-14 16:38:47 EDT
16142176,0625700,,D N BELL CONSTRUCTION CO,4 MILES NE CONVERSE,Converse,LA,71419,,0000,,S,1389,000000,A,A,,B,,,,,,,,,,,00000,,2,1980-03-13,,1980-03-14,1980-08-01,2011-10-14 16:38:47 EDT
16142218,0625700,,BENTON CASING SERVICES INC,STRAGIC PETROLEUM RASERUE WELL,Hackberry,LA,70645,,0000,,S,1389,000000,A,B,,B,,,,,,,,,,,00000,,40,1980-03-28,,1980-03-29,1980-11-06,2011-10-14 16:38:47 EDT
16143059,0625700,,VISTA BAILEY DRILLING CO INC,VISTA RIG 40 KENDRICK 1 CLAIRB,Arcadia,LA,71001,,0000,Y,S,1311,000000,A,A,,B,,,,,,,,,,,00000,,18,1981-02-25,,1981-03-04,1981-05-05,2011-10-14 16:38:47 EDT
16143125,0625700,,GREAT SOUTHERN OIL & GAS CO,SECTION 28 FIELD,Parks,LA,70582,,0000,,S,1381,000000,A,B,,B,,,,,,,,,,,00000,,22,1981-03-27,,1981-04-09,1983-04-19,2011-10-14 16:38:47 EDT
16143463,0625700,,EXPLORER DRILLING CO INC,RIG 6 OLGA SEGRERA ESTIMATE 1,Breaux Bridge,LA,70517,,0000,,S,1381,000000,A,A,,B,,,,,,,,,,,00000,,5,1981-08-13,,1981-09-23,1981-10-27,2011-10-14 16:38:47 EDT
16143711,0625700,,R G DRILLING LTD RIG 1,ST MARTINS PARISH,Lafayette,LA,70502,,0000,Y,S,1381,000000,A,A,,B,,,,,,,,,,,00000,,18,1981-11-10,,1981-11-13,1981-11-18,2011-10-14 16:38:47 EDT
16143752,0625700,,TRACE DRILLING INC,RIG 9 HOGUE EST X1 LEASE,Vidalia,LA,71373,,0000,Y,S,1381,000000,A,A,,B,,,,,,,,,,,00000,,21,1981-11-24,,1981-11-25,1982-03-24,2011-10-14 16:38:47 EDT
16144404,0625700,,POOL OFFSHORE CO,3640 PETERS RD,Harvey,LA,70059,,0000,,S,1381,000000,A,B,,B,,,,,,,,,,,00000,,700,1982-07-15,,1982-07-26,1982-10-28,2011-10-14 16:38:47 EDT
16145229,0625700,,HARRIS WELL SERVICE INC,BLACK BAYOU SHELL OIL FIELD,Carlisle,LA,70042,,0000,,S,1381,000000,A,B,,B,,,,,,,,,,,00000,,12,1981-02-17,,1981-02-18,1981-04-09,2011-10-14 16:38:47 EDT
16145476,0625700,,PRIDE OIL WELL SERVICE CO,1 MILE EAST OF HWY 30 HUNT,St Gabriel,LA,70766,,0000,,S,1389,000000,A,B,,B,,,,,,,,,,,00000,,7,1981-08-13,,1981-08-19,1981-08-28,2011-10-14 16:38:47 EDT
16145484,0625700,,AMERICAN WELL SERVICE,RIG 11 BAYOU BLEU FIELD LA HWY,Grosse Tete,LA,70740,,0000,,S,1389,000000,A,A,,B,,,,,,,,,,,00000,,9,1981-08-18,,1981-08-31,1982-04-02,2011-10-14 16:38:47 EDT
16146409,0625700,,OTIS ENGINEERING CORP,ROSSIGNOL ROAD,Lake Charles,LA,70601,,0000,,S,1389,000000,A,B,,B,,,,,,,,,,,00000,,6,1982-07-12,,1982-07-21,1982-09-15,2011-10-14 16:38:47 EDT
16146441,0625700,,HALLIBURTON SERVICES INC,4720 INDUSTRIAL DR,Bossier City,LA,71111,,0000,,S,1389,000000,A,B,,B,,,,,,,,,,,00000,,227,1982-07-27,,1982-08-02,1982-08-18,2011-10-14 16:38:47 EDT
16151052,0625700,,CLIFFS DRILLING CO,WELL NO 1 MARTIN GOUDEAU LEASE,Lebeau,LA,70570,,0000,,S,1381,000000,A,A,,B,,,,,,,,,,,00000,,23,1979-03-13,,1979-03-16,1979-05-01,2011-10-14 16:38:47 EDT
16151607,0625700,,T R DRILLING CO INC,APPROX 6 MILES SOUTH OF BASTR,Monroe,LA,71220,,0000,,S,1389,000000,A,B,,B,,,,,,,,,,,00000,,18,1979-07-05,,1979-07-06,1984-03-10,2011-10-14 16:38:47 EDT
16151656,0625700,,LOFFLAND BROTHERS CO,EAST WHITE LAKE VERMILION PAR,New Iberia,LA,70560,,0000,,S,1311,000000,A,B,,B,,,,,,,,,,,00000,,475,1979-07-30,,1979-07-31,1984-03-10,2011-10-14 16:38:47 EDT
16151789,0625700,,LAYNE LOUISIANA CO,HWY 952,Jackson,LA,70748,,0000,,S,1381,000000,A,B,,B,,,,,,,,,,,00000,,25,1979-08-17,,1979-09-12,1979-10-19,2011-10-14 16:38:47 EDT
16152043,0625700,,SHELL OIL CO,WHITE CASTLE FIELD,White Castle,LA,70788,,0000,,S,1311,000000,A,A,,B,,,,,,,,,,,00000,,30,1979-12-19,,1979-12-19,1984-03-10,2011-10-14 16:38:47 EDT
16152316,0625700,,EL JAY DRILLING CORP,HARLAUX NO 1,New Roads,LA,70760,,0000,,S,1381,000000,A,A,,B,,,,,,,,,,,00000,,28,1980-03-21,,1980-03-25,1984-03-10,2011-10-14 16:38:47 EDT
16153462,0625700,,STRAHAN OIL & GAS CO INC,224 BASTROF RD,Monroe,LA,71201,,0000,,S,1389,000000,A,A,,B,,,,,,,,,,,00000,,3,1976-01-14,,1976-01-14,1984-03-10,2011-10-14 16:38:47 EDT
16153967,0625700,,PLACID OIL CO,HWY 127 EAST,Olla,LA,71465,,0000,,S,1311,000000,A,B,,B,,,,,,,,,,,00000,,39,1976-12-24,,1976-12-24,1984-03-10,2011-10-14 16:38:47 EDT
16155491,0625700,,TIMCO SERVICES INC,OFF HWY 87 EAST FRANKLIN FIELD,Franklin,LA,70538,,0000,,S,1389,000000,A,B,,B,,,,,,,,,,,00000,,11,1982-12-20,,1982-12-21,1983-05-20,2011-10-14 16:38:47 EDT
16156135,0625700,,OTIS ENGINEERING CORP,N GOLDEN MEADOW FIELD AJS 1,Golden Meadow,LA,70357,,0000,,S,1389,000000,A,B,,B,,,,,,,,,,,00000,,55,1983-07-20,,1983-08-03,1983-09-21,2011-10-14 16:38:47 EDT
16159352,0625700,,JET DRILLING CO INC,RIG 12 HIGHWAY 175 SOUTH,Frierson,LA,71027,,0000,Y,S,1381,000000,A,B,,B,,,,,,,,,,,00000,,160,1978-06-14,,1978-06-21,1979-08-08,2011-10-14 16:38:47 EDT
16159543,0625700,,BARIOD DIVISION-NATION,2115 CALIFORNIA,Bossier City,LA,71010,,0000,,S,1381,000000,A,A,,B,,,,,,,,,,,00000,,20,1978-09-12,,1978-09-12,1979-08-22,2011-10-14 16:38:47 EDT
16159576,0625700,,JUSTISS-MEARS OIL CO INC,EAST ON HIGHWAY 126,Dodson,LA,71422,,0000,Y,S,1381,000000,A,A,,B,,,,,,,,,,,00000,,20,1978-09-27,,1978-09-28,1978-12-19,2011-10-14 16:38:47 EDT
16159949,0625700,,HARTER OIL CO,2800 YOUREE DRIVE,Shreveport,LA,71104,,0000,,S,1389,000000,A,B,,B,,,,,,,,,,,00000,,30,1979-03-15,,1979-03-15,1984-03-10,2011-10-14 16:38:47 EDT
16160202,0625700,,FRED WILSON DRILLING CO INC,CROWLEY MINERAL 148 RIG NO 10,Deville,LA,70537,,0000,Y,S,1381,000000,A,A,,B,,,,,,,,,,,00000,,15,1975-12-08,,1975-12-08,1984-03-10,2011-10-14 16:38:47 EDT
16160319,0625700,,FRANK'S CASING CREW & RENTAL T,AYMAR COMEAUX ROAD,Lafayette,LA,70501,,0000,Y,S,1389,000000,A,A,,B,,,,,,,,,,,00000,,100,1976-01-15,,1976-01-15,1984-03-10,2011-10-14 16:38:47 EDT
16160640,0625700,,M & G TESTING & SERVICE INC,128 BANK STREET,Lafayette,LA,70501,,0000,,S,1389,000000,A,A,,B,,,,,,,,,,,00000,,31,1976-04-20,,1976-04-20,1976-05-25,2011-10-14 16:38:47 EDT
16160814,0625700,,POWER RIG DRILLING CO INC,APPROX 1 MILE N OF JUNCTION H,Zachary,LA,70791,,0000,,S,1389,000000,A,B,,B,,,,,,,,,,,00000,,382,1979-07-13,,1979-10-09,1980-08-29,2011-10-14 16:38:47 EDT
16160905,0625700,,O L MORRIS INC,LOGAN LEASE WELL SITE #23,Oil City,LA,71061,,0000,,S,1389,000000,A,B,,B,,,,,,,,,,,00000,,50,1979-09-10,,1979-09-10,1984-03-10,2011-10-14 16:38:47 EDT
16161143,0625700,,HARRIS WELL SERVICE INC,LEASE MARY MCCONNEL #2,Duson,LA,70529,,0000,,S,1381,000000,A,B,,B,,,,,,,,,,,00000,,150,1979-10-22,,1979-10-22,1984-03-10,2011-10-14 16:38:47 EDT
16161341,0625700,,AMOCO PRODUCTION CO,RL BERGERON #1 MOORE SANDS FIE,New Roads,LA,70760,,0000,,S,1311,000000,A,B,,B,,,,,,,,,,,00000,,10,1980-01-14,,1980-01-14,1984-03-10,2011-10-14 16:38:47 EDT
16161416,0625700,,ACADIANA WORKOVER SERVICE INC,UBHC WELL #37 BEAUREGUARD PARI,Ragley,LA,70657,,0000,,S,1389,000000,A,A,,B,,,,,,,,,,,00000,,45,1980-02-26,,1980-02-27,1980-05-20,2011-10-14 16:38:47 EDT
16161630,0625700,,JUSTISS-MEARS OIL CO INC,TREMONT #D4 WELL LASALLE PARIS,Tullos,LA,71479,,0000,,S,1389,000000,A,B,,B,,,,,,,,,,,00000,,900,1980-09-18,,1980-09-19,1981-07-10,2011-10-14 16:38:47 EDT
16162059,0625700,,DECCA DRILLING CO INC RIG #21,S L CARTER LEASE WELL,Creole,LA,70632,,0000,,S,1381,000000,A,B,,B,,,,,,,,,,,00000,,12,1981-04-30,,1981-04-30,1981-07-08,2011-10-14 16:38:47 EDT
16162372,0625700,,COASTAL PICKUP & LAY DOWN SERV,HWY 7ST 3 MI OF CHURCH POINT,Church Point,LA,70525,,0000,,S,1389,000000,A,B,,B,,,,,,,,,,,00000,,35,1981-09-01,,1981-09-03,1981-09-30,2011-10-14 16:38:47 EDT
16162539,0625700,,AMERICAN WELL SERVICE & DRILLI,LEASE BENTLEY FERRIS 1,De Quincy,LA,70633,,0000,,S,1381,000000,A,A,,B,,,,,,,,,,,00000,,11,1981-10-14,,1981-11-25,1982-09-13,2011-10-14 16:38:47 EDT
16165326,0625700,,BAROID PETROLEUM SERVICES,CALCASIEU RIVER,Cameron,LA,70631,,0000,,S,1389,000000,A,B,,B,,,,,,,,,,,00000,,2500,1978-07-25,,1978-07-26,1984-03-10,2011-10-14 16:38:47 EDT
16166613,0625700,,WELL TECH INC,RIG 182 1/4 MILE WEST OF LA HW,Coushatta,LA,71019,,0000,,S,1389,000000,A,B,,B,,,,,,,,,,,00000,,12,1981-07-28,,1981-07-28,1982-04-02,2011-10-14 16:38:47 EDT
16166746,0625700,,INDEPENDENT CONTRACTORS,NEAR BATON ROUGE BARGE TERM DE,Scotlandville,LA,70807,,0000,,S,1382,000000,A,A,,B,,,,,,,,,,,00000,,4,1981-09-16,,1981-09-18,1981-10-27,2011-10-14 16:38:47 EDT
16166803,0625700,,WESTERN CO OF NORTH AMERICA,AMOCO BIZETTE 1 1/2 MILE NORTH,New Roads,LA,70760,,0000,,S,1389,000000,A,A,,B,,,,,,,,,,,00000,,90,1981-10-20,,1981-11-02,1981-11-04,2011-10-14 16:38:47 EDT
16166902,0625700,,WILCOX DRILLERS INC,RIG #4 S RIFLE POINT FIELD,Ferriday,LA,71334,,0000,,S,1381,000000,A,B,,B,,,,,,,,,,,00000,,9,1981-12-28,,1982-01-04,1982-10-28,2011-10-14 16:38:47 EDT
16167140,0625700,,BUTLER JOHNSON DRILLING CONTRA,FILLMORE YARD HWY 157,Princeton,LA,71067,,0000,,S,1389,000000,A,B,,B,,,,,,,,,,,00000,,18,1982-03-23,,1982-03-30,1982-08-24,2011-10-14 16:38:47 EDT
16168155,0625700,,NOBLE DRILLING CORP,RIG N131 FAIRFAX FOSTER BAILEY,Franklin,LA,70538,,0000,,S,1381,000000,A,B,,B,,,,,,,,,,,00000,,12,1983-01-28,,1983-02-01,1983-05-20,2011-10-14 16:38:47 EDT
16169526,0625700,,GREAT SOUTHERN OIL & GAS CO,SOUTH OF I-10 PORT ALLEN LOUIS,Port Allen,LA,70767,,0000,,S,1389,000000,A,B,,B,,,,,,,,,,,00000,,22,1976-09-22,,1976-09-24,1984-03-10,2011-10-14 16:38:47 EDT
16171126,0625700,,GLEN D LOE DRILLING RIG,MOREHOUSE PARISH-WOODED AREA,Start,LA,71279,,0000,,S,1311,000000,A,A,,B,,,,,,,,,,,00000,,14,1975-08-26,,1975-09-05,1975-10-06,2011-10-14 16:38:47 EDT
16171266,0625700,,FRENCH OILWELL SERVICES,VOLTZ LEASE NEAR HWY 125 IN WO,Urania,LA,71480,,0000,,S,1381,000000,A,A,,B,,,,,,,,,,,00000,,5,1975-09-24,,1975-09-24,1975-11-05,2011-10-14 16:38:47 EDT
16171704,0625700,,GLASSCOCK DRILLING INC,OIL RIG SITE 4 MILES N OF ROAN,Roanoke,LA,70581,,0000,,S,1381,000000,A,A,,B,,,,,,,,,,,00000,,7,1976-11-17,,1976-11-24,1977-01-04,2011-10-14 16:38:47 EDT
16174013,0625700,,PELICAN WELL SERVICE INC,WASHINGTON FIELD WU IRENE GAY,Washington,LA,70589,,0000,Y,S,1381,000000,A,B,,B,,,,,,,,,,,00000,,120,1977-04-14,,1977-04-15,1977-05-12,2011-10-14 16:38:47 EDT
16174120,0625700,,MCBROOM RIG BLDG SERVICE INC,WEST CAMERON BLOCK 222,Cameron,LA,70631,,0000,,S,1389,000000,A,B,,B,,,,,,,,,,,00000,,35,1977-07-13,,1977-07-13,1977-08-11,2011-10-14 16:38:47 EDT
16174153,0625700,,GUY SCRAGGINS INC,STATE LEASE 2476,Abbeville,LA,70510,,0000,Y,S,1389,000000,A,B,,B,,,,,,,,,,,00000,,250,1977-07-06,,1977-07-27,1977-08-25,2011-10-14 16:38:47 EDT
16174278,0625700,,SMITH OPERATING & MANAGEMENT,SMITH LEASE ON LA HWY 125,Urania,LA,71480,,0000,,S,1311,000000,A,B,,B,,,,,,,,,,,00000,,50,1977-09-01,,1977-09-23,1977-10-27,2011-10-14 16:38:47 EDT
16174294,0625700,,PENROD DRILLING CO,GULF BLOCK 34E CAMERON AREA,Grand Chenier,LA,70643,,0000,Y,S,1381,000000,A,B,,B,,,,,,,,,,,00000,,800,1977-09-27,,1977-12-06,1984-03-10,2011-10-14 16:38:47 EDT
16174419,0625700,,LOXCO INC,BAYOU COCODRIE NORTHWEST OF GR,Opelousas,LA,70570,,0000,Y,S,1382,000000,A,B,,B,,,,,,,,,,,00000,,85,1977-11-09,,1977-11-11,1984-03-10,2011-10-14 16:38:47 EDT
16174427,0625700,,TELEDYNE MOVIBLE OFFSHORE INC,BLOCK 132 PLATFORM A RIG 5 SOU,Lafayette,LA,70505,,0000,Y,S,1381,000000,A,B,,B,,,,,,,,,,,00000,,950,1977-12-22,,1978-01-12,1978-12-06,2011-10-14 16:38:47 EDT
16176729,0625700,,DEAN SHANK DRILLING CO INC,CAMERON MEADOWS RIG 2,Cameron,LA,70631,,0000,,S,1381,000000,A,B,,B,,,,,,,,,,,00000,,17,1983-09-01,,1983-09-06,1983-10-26,2011-10-14 16:38:47 EDT
16178295,0625700,,PERNIE BAILEY DRILLING CO,BANKER OIL FIELD,Abbeville,LA,70510,,0000,Y,S,1381,000000,A,A,,B,,,,,,,,,,,00000,,5,1977-03-07,,1977-03-14,1984-03-10,2011-10-14 16:38:47 EDT
16181919,0625400,,CLEAR STEAM SERVICE,75 MI WEST OF ALFRED DOEGE RES,La Vernia,TX,78121,,0000,,S,1389,000000,A,A,,B,,,,,,,,,,,00000,,2,1979-03-02,,1979-03-06,1979-10-25,2011-10-14 16:38:47 EDT
16182172,0625400,,POOL WELL SERVICING CO,HIGGINS #5-15 MI N OF SAN ANG,San Angelo,TX,76902,,0000,,S,1389,000000,A,B,,B,,,,,,,,,,,00000,,96,1979-07-19,,1979-08-06,1984-03-10,2011-10-14 16:38:47 EDT
16182644,0625400,,SHELL OIL CO,5 MILES SW OF CALVERT,Calvert,TX,77837,,0000,,S,1382,000000,A,A,,B,,,,,,,,,,,00000,,33,1980-01-17,,1980-01-31,1981-04-23,2011-10-14 16:38:47 EDT
16189862,0625400,,TEXROY OIL WELL SALVAGE CO,CHARLES BORIACK LEASE 83,Giddings,TX,78942,,0000,,S,1389,000000,A,B,,B,,,,,,,,,,,00000,,5,1983-07-26,,,1983-11-23,2011-10-14 16:38:47 EDT
16190449,0625400,,DELTA DRILLING CO,BEAN LEASE 2 24 MI SW OF OZONA,Ozona,TX,76943,,0000,,S,1311,000000,A,B,,B,,,,,,,,,,,00000,,15,1983-12-28,,1983-12-28,1984-03-22,2011-10-14 16:38:47 EDT
16192452,0625400,,T T CONSTRUCTION CO INC,ADELE SCHROEDER WELL 1,Bleiblerville,TX,78931,,0000,,S,1389,000000,A,B,,B,,,,,,,,,,,00000,,11,1982-12-22,,1983-01-17,1983-03-11,2011-10-14 16:38:47 EDT
16193138,0625400,,MCMURREY PETROLEUM INC,RIG 1 100 BLOCK DODGE ST,Bryan,TX,75662,,0000,Y,S,1381,000000,A,A,,B,,,,,,,,,,,00000,,21,1983-04-15,,1983-04-15,1984-03-22,2011-10-14 16:38:47 EDT
16200719,0625400,,ERNEST CLEADENNEN INC,RT 2059 NEAR SUN GAS PLANT,Silver,TX,76949,,0000,,S,1389,000000,A,A,,B,,,,,,,,,,,00000,,33,1979-03-14,,1979-03-23,1979-05-08,2011-10-14 16:38:47 EDT
16200727,0625400,,SUN PRODUCTION CO,SUN GAS PLANT,Silver,TX,76949,,0000,,S,1311,000000,A,A,,B,,,,,,,,,,,00000,,15,1979-03-14,,1979-03-15,1984-03-10,2011-10-14 16:38:47 EDT
16202327,0625400,,PROFESSIONAL GEOPHYSICS INC,RUAL AREA BETWEEN FM147 & 14 W,Thornton,TX,76687,,0000,,S,1382,000000,A,A,,B,,,,,,,,,,,00000,,35,1980-08-20,,1980-08-27,1980-11-28,2011-10-14 16:38:47 EDT
16203598,0625400,,WES-TEX DRILLING CO RIG #8,20 MILES E ON RT 853 S E CATTL,Mertzon,TX,78229,,0000,,S,1381,000000,A,A,,B,,,,,,,,,,,00000,,13,1981-08-04,,1981-08-06,1981-09-16,2011-10-14 16:38:47 EDT
16203853,0625400,,JOHN SWANSON DRILLING INC,RIG 6 BETWEEN PLATEAUS EAST,Silver,TX,76949,,0000,,S,1381,000000,A,A,,B,,,,,,,,,,,00000,,15,1981-09-23,,1981-09-28,1981-12-04,2011-10-14 16:38:47 EDT
16204174,0625400,,DAVIS OIL CO JOHN RYAN,END OF N ACKERMAN ST,Rockdale,TX,72702,,0000,,S,1381,000000,A,A,,B,,,,,,,,,,,00000,,2,1981-12-08,,1981-12-11,1984-03-10,2011-10-14 16:38:47 EDT
16204380,0625400,,REMCO WELL SERVICE INC,HESTER 1 WELL OFF OF R4,Lyons,TX,77863,,0000,,S,1389,000000,A,A,,B,,,,,,,,,,,00000,,5,1982-03-31,,1982-05-05,1982-06-04,2011-10-14 16:38:47 EDT
16205585,0625400,,JET WELL SERVICE,N OF HWY 190 MENARO CO,Fort Mckavett,TX,76841,,0000,,S,1389,000000,A,B,,B,,,,,,,,,,,00000,,45,1983-02-08,,,1983-06-08,2011-10-14 16:38:47 EDT
16206849,0625400,,KLEAM OILFIELD SERVICE INC,OFF FM696 5 1/2 MI FROM HWY 21,Lexington,TX,77862,,0000,,S,1389,000000,A,A,,B,,,,,,,,,,,00000,,28,1984-01-16,,1984-01-18,1984-03-20,2011-10-14 16:38:47 EDT
16207086,0625400,,DUAL DRILLING CO,8 MILES NORTH OF JUNO TX DUAL,Juno,TX,76938,,0000,,S,1381,000000,A,A,,B,,,,,,,,,,,00000,,16,1975-09-19,,1975-09-19,1975-10-17,2011-10-14 16:38:47 EDT
16213779,0625400,,WESTDALE INC,APPX 2 MILES NORTHWESTERLY,Ballinger,TX,76821,,0000,,S,1389,000000,A,B,,B,,,,,,,,,,,00000,,34,1983-09-28,2016-06-03,1983-09-29,1984-09-30,2016-06-30 01:10:52 EDT
16214959,0625400,,D B DRILLING CORP,APPX 18 MI NORTH,Barnhart,TX,76930,,0000,,S,1381,000000,A,B,,B,,,,,,,,,,,00000,,17,1982-11-30,,1982-11-30,1983-01-25,2011-10-14 16:38:47 EDT
16215782,0625400,,WESTDALE INC,4 MI NORTHWESTERLY,Flatonia,TX,78941,,0000,,S,1389,000000,A,A,,B,,,,,,,,,,,00000,,5,1983-05-24,2016-06-17,1983-05-31,2000-10-01,2016-06-30 01:10:52 EDT
16215790,0625400,,GALLOWAY ENTERPRISES INC,4 MI NORTH EASTERLY,Ballinger,TX,76821,,0000,,S,1389,000000,A,B,,B,,,,,,,,,,,00000,,4,1983-06-01,,1983-06-07,1986-03-18,2011-10-14 16:38:47 EDT
16218307,0625400,,B J HUGHES INC,RANDEE FAWCETT TRUST WELL C5,Sonora,TX,76950,,0000,,S,1389,000000,A,A,,B,,,,,,,,,,,00000,,21,1976-07-30,,1976-08-10,1976-09-03,2011-10-14 16:38:47 EDT
16219701,0625400,,BRUSHY CREEK DRILLING CO,8.5 MILES NW OF CARLSBAD OFF H,Carlsbad,TX,76934,,0000,,S,1381,000000,A,B,,B,,,,,,,,,,,00000,,19,1979-12-19,,1979-12-20,1980-01-28,2011-10-14 16:38:47 EDT
16221715,0625400,,ARROYO DRILLING,16 MILES W AND 7 MILES N OFF,Eldorado,TX,76936,,0000,,S,1381,000000,A,B,,B,,,,,,,,,,,00000,,60,1981-07-09,,1981-07-10,1984-03-10,2011-10-14 16:38:47 EDT
16222804,0625400,,DELTA DRILLING CO,H B DORAN ET AL 31 NO 1 JOB #,Carta Valley,TX,78835,,0000,Y,S,1381,000000,A,A,,B,,,,,,,,,,,00000,,14,1979-06-26,,1979-06-29,1984-03-10,2011-10-14 16:38:47 EDT
16223695,0625400,,SAW DRILLING INC,LEASE ASSENHELMER #1,Caldwell,TX,77836,,0000,Y,S,1381,000000,A,A,,B,,,,,,,,,,,00000,,16,1980-10-22,,1980-10-24,1982-08-25,2011-10-14 16:38:47 EDT
16224131,0625400,,FISH OIL WELL SERVICING CO INC,5MILES SOUTHEAST NIXON-LEASE S,Nixon,TX,78140,,0000,Y,S,1381,000000,A,A,,B,,,,,,,,,,,00000,,6,1981-06-05,,1981-06-25,1982-07-14,2011-10-14 16:38:47 EDT
16224149,0625400,,CITY OIL WELL SERVICE CO,5MILES SOUTHEAST NIXON-LEASE S,Nixon,TX,78140,,0000,Y,S,1389,000000,A,A,,B,,,,,,,,,,,00000,,2,1981-06-05,,1981-06-26,1986-12-20,2011-10-14 16:38:47 EDT
16232472,0625400,,CAPE DRILLING CO,WHEELER #1 8 1/2 MILES SOUTHEA,Groesbeck,TX,76642,,0000,,S,1381,000000,A,A,,B,,,,,,,,,,,00000,,13,1978-06-15,,1978-06-19,1978-07-20,2011-10-14 16:38:47 EDT
16232605,0625400,,THOMSON DRILLING INC RIG #52,4 MILES SOUTH OF WELLBURN OFF,College Station,TX,77840,,0000,,S,1381,000000,A,B,,B,,,,,,,,,,,00000,,21,1978-09-08,,1978-11-08,1978-12-18,2011-10-14 16:38:47 EDT
16232613,0625400,,D B DRILLING CORP,WHITFIELD WELL #1 16 MILES,Giddings,TX,78942,,0000,,S,1381,000000,A,B,,B,,,,,,,,,,,00000,,22,1978-09-14,,1978-10-26,1978-11-08,2011-10-14 16:38:47 EDT
16232720,0625400,,ALAMO PETROLEUM CO,MILLICAN DOME WEEMS ESTATE WEL,Maud,TX,77866,,0000,,S,1311,000000,A,B,,B,,,,,,,,,,,00000,,24,1979-02-09,,1979-02-15,1979-03-09,2011-10-14 16:38:47 EDT
16232936,0625400,,PERFECTION CEMENTING CO,BUTKIN WELL #1 TENNG CREEK FIE,Luling,TX,78648,,0000,,S,1389,000000,A,A,,B,,,,,,,,,,,00000,,3,1979-08-24,,1979-09-21,1980-11-14,2011-10-14 16:38:47 EDT
16233264,0625400,,B D K DRILLING CO RIG #6,8 1/2 MILES ESE OF CALDWELL SA,Caldwell,TX,77836,,0000,,S,1381,000000,A,B,,B,,,,,,,,,,,00000,,21,1980-01-30,,1980-02-07,1980-03-03,2011-10-14 16:38:47 EDT
16233298,0625400,,RICHARDS DRILLING CO RIG,JOHNSTON #1 7 MILES SW OFF FM,Somerville,TX,77879,,0000,,S,1381,000000,A,A,,B,,,,,,,,,,,00000,,21,1980-02-20,,1980-02-26,1980-09-12,2011-10-14 16:38:47 EDT
16233405,0625400,,SENTINEL DRILLING & OPERATIN,STACY LEE #1 OFF HY 141 12 MIL,Giddings,TX,78942,,0000,,S,1381,000000,A,A,,B,,,,,,,,,,,00000,,23,1980-03-07,,1980-03-17,1984-03-10,2011-10-14 16:38:47 EDT
16234270,0625400,,A & H LEASE SERVICE INC,FILLIPONE #47 MILES SE OFF HWY,Deanville,TX,77852,,0000,,S,1389,000000,A,B,,B,,,,,,,,,,,00000,,8,1981-01-12,,1981-01-26,1981-02-05,2011-10-14 16:38:47 EDT
16234593,0625400,,JONES DRILLING CO RIG #51,WALHER 1 3 MILES NORTHWEST,Burkett,TX,76828,,0000,,S,1381,000000,A,A,,B,,,,,,,,,,,00000,,13,1981-06-09,,1981-06-24,1981-07-27,2011-10-14 16:38:47 EDT
16234619,0625400,,STEWART WELL SERVICE CO RIG,25 MILES SW,Deanville,TX,77852,,0000,,S,1381,000000,A,B,,B,,,,,,,,,,,00000,,46,1981-06-15,,1981-08-18,1981-08-19,2011-10-14 16:38:47 EDT
16234627,0625400,,S & S CASING CREWS INC,PATTERSON 1 7 MILES SOUTHWEST,San Angelo,TX,76901,,0000,,S,1389,000000,A,B,,B,,,,,,,,,,,00000,,40,1981-06-22,,1981-06-30,1981-07-21,2011-10-14 16:38:47 EDT
16234676,0625400,,HONDO DRILLING CO RIG #8,ZGABAG #2 10 MILES SE OFF HWY,Deanville,TX,77852,,0000,,S,1381,000000,A,A,,B,,,,,,,,,,,00000,,22,1981-07-13,,1981-07-22,1981-08-06,2011-10-14 16:38:47 EDT
16234684,0625400,,RIO COLORADO DRILLING CO,HAMILTON #1 8 MILES EAST,Caldwell,TX,77836,,0000,,S,1381,000000,A,A,,B,,,,,,,,,,,00000,,22,1981-07-17,,1981-07-29,1981-08-11,2011-10-14 16:38:47 EDT
16234874,0625400,,MOORE PETROLEUM SERVICE CO,WINKLER UNIT 1 WELL 1,Kurten,TX,77862,,0000,,S,1389,000000,A,B,,B,,,,,,,,,,,00000,,5,1981-10-20,,1981-10-20,1986-02-13,2011-10-14 16:38:47 EDT
16234916,0625400,,ROBERTS OIL FIELD SERVICES INC,5 MILES WSW OFF FM 3058,Snook,TX,77878,,0000,,S,1389,000000,A,B,,B,,,,,,,,,,,00000,,6,1981-11-10,,1981-11-10,1981-12-23,2011-10-14 16:38:47 EDT
16234924,0625400,,THORP ENTERPRISES INC,5 MILES NORTHEAST OFF FM 141,Giddings,TX,78942,,0000,Y,S,1389,000000,A,B,,B,,,,,,,,,,,00000,,3,1981-11-24,,1981-11-24,1981-12-10,2011-10-14 16:38:47 EDT
16234973,0625400,,TOM BROWN INC RIG #14,UNIVERSITY ET WELL,Ozona,TX,76943,,0000,Y,S,1381,000000,A,B,,B,,,,,,,,,,,00000,,17,1981-12-15,,1981-12-15,1982-03-04,2011-10-14 16:38:47 EDT
16234999,0625400,,PERFECTION WELL SERVICE INC,FARMER 56 WELL #2 17 MI NW,Mertzon,TX,76941,,0000,,S,1389,000000,A,B,,B,,,,,,,,,,,00000,,12,1981-12-30,,1981-12-30,1982-01-15,2011-10-14 16:38:47 EDT
16235343,0625400,,LAMBERT HOLLUB DRILLING CO,MORRIS UNIT 1 6 MILES WEST,Caldwell,TX,77836,,0000,Y,S,1381,000000,A,B,,B,,,,,,,,,,,00000,,13,1982-05-18,,1982-05-26,1982-07-30,2011-10-14 16:38:47 EDT
16235426,0625400,,COPELAND WELL SERV INC RIG 32,BRAZOS COUNTY SHOP WELL 1,Bryan,TX,77801,,0000,,S,1389,000000,A,B,,B,,,,,,,,,,,00000,,5,1982-06-14,,1982-06-14,1982-06-30,2011-10-14 16:38:47 EDT
16235434,0625400,,THE WESTERN CO OF NORTH AMERIC,BRAZOS COUNTY SHOP WELL 1,Bryan,TX,77801,,0000,,S,1389,000000,A,B,,B,,,,,,,,,,,00000,,6,1982-06-15,,1982-06-15,1982-09-14,2011-10-14 16:38:47 EDT
16235830,0625400,,COTHRUM DRILLING CO RIG 9,PERRY M 14,San Angelo,TX,76901,,0000,,S,1381,000000,A,B,,B,,,,,,,,,,,00000,,16,1982-11-02,,1982-11-04,1982-12-30,2011-10-14 16:38:47 EDT
16236267,0625400,,TOM BROWN DRILLING CO RIG #10,R FAWCETT A 2 20 MILES SW,Sonora,TX,76950,,0000,,S,1381,000000,A,B,,B,,,,,,,,,,,00000,,17,1983-03-31,,1983-04-01,1983-05-12,2011-10-14 16:38:47 EDT
16236275,0625400,,TRI SERVICE DRILLING CO,HOCKBERRY FEED 1 45 MILES N,Langtry,TX,78871,,0000,,S,1381,000000,A,B,,B,,,,,,,,,,,00000,,23,1983-04-13,,1983-04-13,1983-12-20,2011-10-14 16:38:47 EDT
16236309,0625400,,TUCKER DRILLING CO RIG 8,KENNEMER 4 1 12 MILES N,San Angelo,TX,76902,,0000,Y,S,1381,000000,A,B,,B,,,,,,,,,,,00000,,13,1983-05-24,,1983-05-24,1983-07-18,2011-10-14 16:38:47 EDT
16236341,0625400,,ARROYO DRILLING CO,ARCO SCOTT 50 3 25 MILES WEST,Mertzon,TX,76941,,0000,,S,1381,000000,A,B,,B,,,,,,,,,,,00000,,13,1983-06-20,,1983-06-23,1983-08-04,2011-10-14 16:38:47 EDT
16238313,0625400,,THOMSON DRILLING INC RIG #16,2 MILES OFF HWY 1179 ON SAXSON,College Station,TX,77840,,0000,,S,1381,000000,A,A,,B,,,,,,,,,,,00000,,7,1978-06-05,,1978-06-05,1984-03-10,2011-10-14 16:38:47 EDT
16238800,0625400,,HALLIBURTON SERVICES,MITCHELL LEASE 105,Ozona,TX,76943,,0000,,S,1389,000000,A,A,,B,,,,,,,,,,,00000,,160,1978-11-14,,1978-11-15,1984-03-10,2011-10-14 16:38:47 EDT
16241911,0625400,,POOL CO,NATIONAL EXPLORATION DRISDALE,Juno,TX,76938,,0000,,S,1389,000000,A,A,,B,,,,,,,,,,,00000,,4,1975-08-05,,1975-08-06,1976-07-15,2011-10-14 16:38:47 EDT
16254641,0625400,,BROTHERS DRILLING CO,6 MI WEST GONZALES STATE HWY 9,Gonzales,TX,78629,,0000,,S,1381,000000,A,A,,B,,,,,,,,,,,00000,,15,1976-12-07,,1976-12-09,1984-03-10,2011-10-14 16:38:47 EDT
16254732,0625400,,LERONDO WELL SERVICING CO,MAYFIELD #4 41 MI SE SONORA,Sonora,TX,76950,,0000,,S,1389,000000,A,A,,B,,,,,,,,,,,00000,,2,1977-01-18,,1977-01-20,1977-02-09,2011-10-14 16:38:47 EDT
16254864,0625400,,POOL CO RIG #222,NEWTON #1,Midlothian,TX,76556,,0000,,S,1389,000000,A,A,,B,,,,,,,,,,,00000,,3,1977-03-14,,1977-03-14,1977-09-27,2011-10-14 16:38:47 EDT
16255101,0625400,,TUCKER DRILLING CO INC RIG #2,25 MILES SW MERTZON,Eldorado,TX,78411,,0000,,S,1381,000000,A,A,,B,,,,,,,,,,,00000,,13,1977-07-19,,1977-07-20,1977-08-29,2011-10-14 16:38:47 EDT
16256141,0625400,,C O SPENCER WELDING CONSTRUCTI,915 SHELLIELD HWY,Pandale,TX,78837,,0000,,S,1389,000000,A,A,,B,,,,,,,,,,,00000,,14,1978-04-10,,1978-04-24,1979-08-16,2011-10-14 16:38:47 EDT
16256166,0625400,,DELTA DRILLING CO RIG #4,23 MILES NE OFF FM 2083,Pandale,TX,78837,,0000,,S,1381,000000,A,A,,B,,,,,,,,,,,00000,,19,1978-04-11,,1978-04-24,1979-11-09,2011-10-14 16:38:47 EDT
16257412,0625400,,CACTUS DRILLING CORP,16 MILES N & 4 MILES E OF HWY,Barnhart,TX,76930,,0000,,S,1381,000000,A,B,,B,,,,,,,,,,,00000,,21,1977-06-01,,1977-06-01,1977-07-07,2011-10-14 16:38:47 EDT
16257990,0625400,,POOL WELL SERVICING CO,12 MILES EAST OF GONZALES TX O,Gonzales,TX,78629,,0000,,S,1381,000000,A,B,,B,,,,,,,,,,,00000,,18,1978-01-11,,1978-01-11,1978-12-01,2011-10-14 16:38:47 EDT
16258394,0625400,,K E M INC,28 MILES NORTH NORTHWEST OF OZ,Ozona,TX,76943,,0000,,S,1381,000000,A,B,,B,,,,,,,,,,,00000,,16,1978-04-18,,1978-04-18,1978-06-22,2011-10-14 16:38:47 EDT
16271363,0636700,,WELLTECH INC,LOCKHART BANK WELL #3,Alvin,TX,77511,,0000,,S,1381,000000,A,A,,B,,,,,,,,,,,00000,,4,1980-08-20,,1980-08-25,1981-05-08,2011-10-14 16:38:47 EDT
16272007,0636700,,ELTEX DRILLING CO,3 MI N OF MULDOON HWY 154 RIG,Muldoon,TX,78949,,0000,,S,1381,000000,A,B,,B,,,,,,,,,,,00000,,200,1981-05-07,,1981-05-07,1981-05-29,2011-10-14 16:38:47 EDT
16274524,0636700,,BUTLER DRILLING CORP,DRILEING RIG #4 3 1/2 MI SO O,West Columbia,TX,77486,,0000,,S,1381,000000,A,B,,B,,,,,,,,,,,00000,,190,1979-07-31,,1979-08-02,1979-09-04,2011-10-14 16:38:47 EDT
16274698,0636700,,M L RANDALL EXPLORATION INC,FM 523 AT STRATTON RIDGE,Angleton,TX,77515,,0000,,S,1382,000000,A,B,,B,,,,,,,,,,,00000,,100,1979-10-05,,1979-10-11,1979-11-01,2011-10-14 16:38:47 EDT
16279135,0636700,,B D K DRILLING CO,GOISH LEASE WELL 1,Sheridan,TX,77475,,0000,,S,1381,000000,A,B,,B,,,,,,,,,,,00000,,21,1979-03-02,,1979-03-14,1979-04-20,2011-10-14 16:38:47 EDT
16279424,0636700,,TOM BROWN DRILLING CO,D NULL LEASE NO 3,Flatonia,TX,78941,,0000,,S,1381,000000,A,B,,B,,,,,,,,,,,00000,,16,1979-10-02,,1979-10-12,1981-01-02,2011-10-14 16:38:47 EDT
16279457,0636700,,JOHN W MECOM,E K CADE LEASE NO 72 RIG NO 49,High Island,TX,77623,,0000,,S,1381,000000,A,A,,B,,,,,,,,,,,00000,,20,1979-10-18,,1979-11-09,1984-03-10,2011-10-14 16:38:47 EDT
16279572,0636700,,AMF TUBOSCOPE INC,2919 HOLMES ROAD,Houston,TX,77051,,0000,,S,1389,000000,A,B,,B,,,,,,,,,,,00000,,550,1979-12-27,,1980-01-07,1980-09-12,2011-10-14 16:38:47 EDT
16282477,0636700,,STEWART WELL SERVICE,DANBURY FIELD,Danbury,TX,77528,,0000,,S,1381,000000,A,B,,B,,,,,,,,,,,00000,,60,1978-07-31,,1978-10-16,1979-07-23,2011-10-14 16:38:47 EDT
16282501,0636700,,GLOBAL MARINE DRILLING CO,PIER 10 GALVESTON WHARVES,Galveston,TX,77550,,0000,,S,1311,000000,A,B,,B,,,,,,,,,,,00000,,45,1978-08-29,,1978-10-05,1984-03-10,2011-10-14 16:38:47 EDT
16283467,0636700,,M G F DRILLING CO,SIX MILES EAST OF SMITHVILLE,Smithville,TX,78957,,0000,Y,S,1311,000000,A,A,,B,,,,,,,,,,,00000,,17,1980-06-10,,1980-06-11,1980-07-11,2011-10-14 16:38:47 EDT
16287005,0636700,,PENGO IND INC,MACO STEWART 1,League City,TX,77573,,0000,,S,1381,000000,A,A,,B,,,,,,,,,,,00000,,5,1981-04-22,,1981-04-28,1981-07-24,2011-10-14 16:38:47 EDT
16290884,0636700,,CARDINAL WELL SERVICE INC,4 MILES WEST OF RT 77 ON FM 15,La Grange,TX,78945,,0000,,S,1381,000000,A,A,,B,,,,,,,,,,,00000,,5,1980-11-21,,1980-11-26,1981-02-06,2011-10-14 16:38:47 EDT
16295016,0636700,,BROWNING FERRIS INDUSTRIES INC,11011 FAIRMONT PARKWAY,La Porte,TX,77571,,0000,,S,1389,000000,A,B,,B,,,,,,,,,,,00000,,125,1980-08-25,,1980-09-08,1980-10-24,2011-10-14 16:38:47 EDT
16295891,0636700,,ELTEX OILFIELD TRANSPORTATION,ALOE FIELD,Victoria,TX,77904,,0000,,S,1389,000000,A,A,,B,,,,,,,,,,,00000,,15,1981-07-20,,1981-08-11,1981-09-18,2011-10-14 16:38:47 EDT
16300394,0626000,,JOHNSON TOOL CO OF TEXAS,ONE MILE SE SAN MANUEL OFF HWY,Linn,TX,78563,,0000,,S,1389,000000,A,B,,B,,,,,,,,,,,00000,,30,1982-08-27,,1982-09-13,1982-10-25,2011-10-14 16:38:47 EDT
16302432,0626000,,J PAUL JONES OIL FIELD SERVICE,OSBORN HEIRS SAENZ WELL NO 2,Santa Elena,TX,78591,,0000,,S,1389,000000,A,B,,B,,,,,,,,,,,00000,,4,1982-10-12,,1982-10-18,1983-02-17,2011-10-14 16:38:47 EDT
16303380,0626000,,CULBERSON WELL SERVICE INC,3404 EAST BISHOP STREET,Victoria,TX,77902,,0000,,H,1381,000000,A,B,,B,,,,,,,,,,,00000,,104,1982-11-02,,1982-11-03,1985-01-16,2011-10-14 16:38:47 EDT
16303869,0626000,,DINERO OIL CORP,LIVE OAK COUNTY MCNEILL,Dinero,TX,78350,,0000,,S,1389,000000,A,B,,B,,,,,,,,,,,00000,,10,1982-11-19,,1982-12-15,1983-03-23,2011-10-14 16:38:47 EDT
16305708,0626000,,J 3 DRILLING CO INC,ANNA ROSE #1 WHITE FM 624,George West,TX,78022,,0000,,S,1381,000000,A,B,,B,,,,,,,,,,,00000,,19,1982-03-10,,1982-05-17,1982-07-30,2011-10-14 16:38:47 EDT
16305872,0626000,,POOL WELL SERVICING CO,HWY 77 N BYPASS,Kingsville,TX,78363,,0000,,S,1381,000000,A,A,,B,,,,,,,,,,,00000,,25,1982-07-07,,1982-07-16,1982-07-30,2011-10-14 16:38:47 EDT
16306771,0626000,,MCCRIMMON DRILLING CO INC,FM 99S & HWY 72 CHUDES LEASE,Tilden,TX,76309,,0000,,S,1381,000000,A,A,,B,,,,,,,,,,,00000,,21,1983-09-27,,1983-09-30,1984-01-06,2011-10-14 16:38:47 EDT
16306789,0626000,,INTREPID DRILLING CO RIG 5,HWY 16 1 MI SOUTH OF FREER,Freer,TX,78357,,0000,,S,1381,000000,A,B,,B,,,,,,,,,,,00000,,12,1983-10-12,,1983-10-28,1984-07-25,2011-10-14 16:38:47 EDT
16306870,0626000,,RELIANT III VENTURE RIG 25,HWY 87 8 MI SE OF CUERO,Cuero,TX,77954,,0000,,S,1381,000000,A,A,,B,,,,,,,,,,,00000,,18,1983-12-21,,1983-12-21,1984-04-12,2011-10-14 16:38:47 EDT
16311623,0626000,,SEAGULL ENERGY CORP,AMINOL GUERRA LEASE 3 MILE E,Bruni,TX,78344,,0000,,S,1311,000000,A,A,,B,,,,,,,,,,,00000,,1,1984-01-25,,1984-02-02,1984-06-07,2011-10-14 16:38:47 EDT
16311805,0636800,,ODELL VINSON OIL FIELD CONTRAC,3 MILES EAST OF HWY 383,Fenton,LA,70640,,0000,,S,1389,000000,A,A,,B,,,,,,,,,,,00000,,5,1973-07-18,,1973-07-18,1984-03-10,2011-10-14 16:38:47 EDT
16313710,0636800,,CACTUS INTERNATIONAL INC,BLK 349 EUGENE ISLAND 90 MILES,Morgan City,LA,70380,,0000,Y,S,1381,000000,A,A,,B,,,,,,,,,,,00000,,24,1974-11-21,,1974-11-21,1984-03-10,2011-10-14 16:38:47 EDT
16315079,0636800,,TELEDYNE MOVIBLE OFFSHORE INC,8 MILES EAST AMELIA BAYOU BOEU,Amelia,LA,70340,,0000,,S,1389,000000,A,B,,B,,,,,,,,,,,00000,,224,1977-09-28,,1977-09-29,1977-10-18,2011-10-14 16:38:47 EDT
16315525,0636800,,SANDERS DRILLING CO INC,BRETON SOUND BL 53 DRILL RIG 2,Venice,LA,70091,,0000,,S,1381,000000,A,B,,B,,,,,,,,,,,00000,,40,1978-02-06,,1978-02-13,1978-02-21,2011-10-14 16:38:47 EDT
16316101,0636800,,BARRIDS WELL SERVICE INC,BARRIOS RIG 5 CHACAHOULA FIELD,Thibodaux,LA,70301,,0000,,S,1381,000000,A,B,,B,,,,,,,,,,,00000,,38,1978-09-20,,1978-10-12,1978-10-27,2011-10-14 16:38:47 EDT
16316879,0636800,,A W I INC,WEST DELTA BLOCK 83 RIG SARGE,Venice,LA,70091,,0000,,S,1381,000000,A,B,,B,,,,,,,,,,,00000,,28,1980-01-16,,1980-01-29,1984-03-10,2011-10-14 16:38:47 EDT
16317455,0636800,,NICKLOS DRILLING CO,OFF LA HWY 311 RIG 25 SAVANE L,Houma,LA,70360,,0000,,S,1381,000000,A,B,,B,,,,,,,,,,,00000,,23,1981-03-16,,1981-04-06,1982-03-17,2011-10-14 16:38:47 EDT
16317539,0636800,,CHEVRON USA INC,SOUTH PASS BLK 24 E 3 TANK,Venice,LA,70091,,0000,,S,1311,000000,A,B,,B,,,,,,,,,,,00000,,35,1981-05-05,,1981-05-05,1981-05-08,2011-10-14 16:38:47 EDT
16320798,0636800,,PLACID OIL CO,296 EUGENE ISLAND GULF OF MEXI,Morgan City,LA,70380,,0000,,S,1311,000000,A,B,,B,,,,,,,,,,,00000,,380,1975-09-15,,1975-10-22,1976-05-30,2011-10-14 16:38:47 EDT
16321390,0636800,,SAM JONES & ASSOCIATES INC,113 GOODE ST,Grand Isle,LA,70301,,0000,,S,1389,000000,A,B,,B,,,,,,,,,,,00000,,10,1974-07-09,,1974-07-09,1984-03-10,2011-10-14 16:38:47 EDT
16321408,0636800,,SUG ROSSON INC,P O BOX 2547,Grand Isle,LA,70301,,0000,,S,1389,000000,A,B,,B,,,,,,,,,,,00000,,19,1974-07-10,,1974-07-10,1984-03-10,2011-10-14 16:38:47 EDT
16321416,0636800,,EDISON CHOUEST CO INC,P O BOX 308,Grand Isle,LA,70501,,0000,,S,1389,000000,A,B,,B,,,,,,,,,,,00000,,8,1974-07-10,,1974-07-10,1984-03-10,2011-10-14 16:38:47 EDT
16321697,0636800,,BROWN & ROOT INC,M282 PIPE LAY BARGE BLOCK 321,Cameron,LA,70058,,0000,,S,1389,000000,A,B,,B,,,,,,,,,,,00000,,35000,1974-09-27,,1974-09-27,1984-03-10,2011-10-14 16:38:47 EDT
16321705,0636800,,PACKARD INC,P O DRAWER H,Buras,LA,70041,,0000,,S,1389,000000,A,B,,B,,,,,,,,,,,00000,,117,1974-10-01,,1974-10-01,1984-03-10,2011-10-14 16:38:47 EDT
16321788,0636800,,BAY DRILLING CORP,P O BOX 551,Dulac,LA,70301,,0000,,S,1389,000000,A,B,,B,,,,,,,,,,,00000,,170,1974-10-15,,1974-10-15,1984-03-10,2011-10-14 16:38:47 EDT
16322083,0636800,,OIL WELL SERVICES INC,FIELD-HOLLYWOOD WELL-HOUMA COM,Houma,LA,70360,,0000,,S,1381,000000,A,B,,B,,,,,,,,,,,00000,,80,1974-12-09,,1974-12-20,1976-07-22,2011-10-14 16:38:47 EDT
16322091,0636800,,WILSON DOWNHOLE SERVICES DIV,WELL-HOLLYWOOD-HOUMA COMM #2,Houma,LA,70360,,0000,,S,1381,000000,A,A,,B,,,,,,,,,,,00000,,14,1974-12-09,,1974-12-20,1984-03-10,2011-10-14 16:38:47 EDT
16322448,0636800,,ATLANTIC PACIFIC MARINE CORP,RIG #1,Kaplan,LA,70360,,0000,,S,1381,000000,A,A,,B,,,,,,,,,,,00000,,15,1975-02-24,,1975-03-07,1975-04-09,2011-10-14 16:38:47 EDT
16322638,0636800,,DIA-LOG CO,DIA-LOG BARGE #4 DIXON BAY,Venice,LA,70083,,0000,,S,1389,000000,A,A,,B,,,,,,,,,,,00000,,2,1975-03-20,,1975-03-21,1975-04-28,2011-10-14 16:38:47 EDT
16322802,0636800,,MAYRONNE CO,RIG #192 W DELTA BLK #30 GULF,Grand Isle,LA,70358,,0000,,S,1381,000000,A,B,,B,,,,,,,,,,,00000,,220,1975-05-08,,1975-05-19,1977-03-02,2011-10-14 16:38:47 EDT
16322836,0636800,,GULF OVERSEAS SERVICE CORP,SHIP SHOAL BLOCK #276 GULF OF,Morgan City,LA,70380,,0000,,S,1381,000000,A,B,,B,,,,,,,,,,,00000,,40,1975-05-14,,1975-05-14,1984-03-10,2011-10-14 16:38:47 EDT
16322877,0636800,,SAM JONES & ASSOCIATES INC,PLATFORM 207B GULF OF MEXICO,Thibodaux,LA,70301,,0000,,S,1381,000000,A,B,,B,,,,,,,,,,,00000,,15,1975-05-29,,1975-05-29,1984-03-10,2011-10-14 16:38:47 EDT
16322885,0636800,,PLACID OIL CO,PLATFORM 207 B-GULF OF MEXICO,Morgan City,LA,70360,,0000,,S,1381,000000,A,B,,B,,,,,,,,,,,00000,,300,1975-05-29,,1975-05-29,1984-03-10,2011-10-14 16:38:47 EDT
16326506,0636800,,EXXON CO USA SOUTHEAST,WEST DELTA 73 B PRODUCTION PLA,New Orleans,LA,70112,,0000,,S,1311,000000,A,A,,B,,,,,,,,,,,00000,,5,1974-07-02,,1974-07-02,1984-03-10,2011-10-14 16:38:47 EDT
16328023,0636800,,SLADCO INC,5 MARSH ISLAND PLATFORM 116A T,Morgan City,LA,70380,,0000,,S,1389,000000,A,B,,B,,,,,,,,,,,00000,,35,1978-09-06,,1978-09-13,1979-08-16,2011-10-14 16:38:47 EDT
16332074,0636800,,BAY DRILLING CORP,CAILLOU ISLAND STATE LEASE 188,Houma,LA,70360,,0000,,S,1381,000000,A,B,,B,,,,,,,,,,,00000,,150,1973-08-15,,1973-08-15,1984-03-10,2011-10-14 16:38:47 EDT
16335697,0636800,,MARLIN DRILLING CO INC,170 INDUSTRIAL PARKWAY,Lafayette,LA,70501,,0000,,S,1389,000000,A,B,,B,,,,,,,,,,,00000,,260,1974-10-24,,1974-10-24,1975-05-30,2011-10-14 16:38:47 EDT
16336976,0636800,,HYDRAULIC WORKOVER INC,CAILLOU ISLAND,Houma,LA,70360,,0000,,S,1389,000000,A,B,,B,,,,,,,,,,,00000,,150,1975-12-15,,1975-12-17,1984-03-10,2011-10-14 16:38:47 EDT
16337180,0636800,,HARVEY WORKOVER INC,KRAMER BRIDGE AND DOCK AREA,Kraemer,LA,70371,,0000,,S,1389,000000,A,B,,B,,,,,,,,,,,00000,,30,1976-02-13,,1976-03-08,1983-05-19,2011-10-14 16:38:47 EDT
16337305,0636800,,DIAMOND M DRILLING CO,RAILROAD AVE,Venice,LA,70380,,0000,,S,1381,000000,A,B,,B,,,,,,,,,,,00000,,1000,1976-04-20,,1976-05-04,1984-03-10,2011-10-14 16:38:47 EDT
16337669,0636800,,DELTA DRILLING CO,RIG 65 6 MILES WEST OF LA 401,Napoleonville,LA,70309,,0000,,S,1389,000000,A,B,,B,,,,,,,,,,,00000,,750,1976-09-09,,1976-09-14,1977-06-16,2011-10-14 16:38:47 EDT
16337867,0636800,,SEA DRILLING CORP,BLOCK 37 PLATFORM A WELL 3 S T,Golden Meadow,LA,70357,,0000,,S,1389,000000,A,B,,B,,,,,,,,,,,00000,,200,1976-10-27,,1976-11-02,1977-04-04,2011-10-14 16:38:47 EDT
16338378,0636800,,LOFFLAND BROTHERS CO,BELLE ISLE UNIT 1 77,Patterson,LA,70392,,0000,,S,1381,000000,A,B,,B,,,,,,,,,,,00000,,500,1977-05-10,,1977-05-11,1977-06-21,2011-10-14 16:38:47 EDT
16338600,0636800,,TELEDYNE MOVIBLE OFFSHORE INC,BAYOU BOEUF BASE,Amelia,LA,70340,,0000,,S,1389,000000,A,B,,B,,,,,,,,,,,00000,,500,1977-08-29,,1977-08-30,1984-03-10,2011-10-14 16:38:47 EDT
16339269,0636800,,LOUISIANA WORKOVER SERVICE INC,TABOR #1,Thibodaux,LA,70301,,0000,,S,1389,000000,A,B,,B,,,,,,,,,,,00000,,16,1978-05-16,,1978-05-17,1984-03-10,2011-10-14 16:38:47 EDT
16340440,0636800,,GULF OFFSHORE CO,1005 SAADI ST,Houma,LA,70360,,0000,,S,1389,000000,A,B,,B,,,,,,,,,,,00000,,200,1974-07-11,,1974-07-11,1984-03-10,2011-10-14 16:38:47 EDT
16340457,0636800,,CARDINAL WIRELINE SPECIALISTS,158 N HOLLEYWOOD BLVD,Houma,LA,70360,,0000,,S,1389,000000,A,B,,B,,,,,,,,,,,00000,,43,1974-07-11,,1974-07-11,1984-03-10,2011-10-14 16:38:47 EDT
16340473,0636800,,UNION OIL CO OF CALIFORNIA,PO BOX 1281,Houma,LA,70360,,0000,,S,1311,000000,A,B,,B,,,,,,,,,,,00000,,15000,1974-07-12,,1974-07-12,1984-03-10,2011-10-14 16:38:47 EDT
16340481,0636800,,HYDRAULIC WORKOVER INC,203 N HOLLYWOOD RD,Houma,LA,70360,,0000,,S,1389,000000,A,B,,B,,,,,,,,,,,00000,,41,1974-07-12,,1974-07-12,1984-03-10,2011-10-14 16:38:47 EDT
16340499,0636800,,SUPERIOR ELECTRIC WIRELINE SER,207 N HOLLYWOOD ROAD,Houma,LA,70360,,0000,,S,1389,000000,A,B,,B,,,,,,,,,,,00000,,18,1974-07-15,,1974-07-15,1984-03-10,2011-10-14 16:38:47 EDT
16340507,0636800,,CARDINAL WIRELINE SPECIALISTS,158 N HOLLYWOOD RD,Houma,LA,70360,,0000,,S,1389,000000,A,B,,B,,,,,,,,,,,00000,,43,1974-07-14,,1974-07-14,1984-03-10,2011-10-14 16:38:47 EDT
16341976,0636800,,HARVEY INDUSTRIES INC,MAIN PASS BLOCK 69 A PLATFORM,Venice,LA,70091,,0000,,S,1389,000000,A,A,,B,,,,,,,,,,,00000,,8,1974-06-18,,1974-06-18,1982-10-04,2011-10-14 16:38:47 EDT
16341984,0636800,,MCBROOM RIG BUILDING SERVICE,MAIN PASS BLOCK 69 A PLATFORM,Venice,LA,70091,,0000,,S,1389,000000,A,A,,B,,,,,,,,,,,00000,,1,1974-06-18,,1974-06-18,1982-10-04,2011-10-14 16:38:47 EDT
16342420,0636800,,TIGER WELL SERVICE INC,OFF LA HWY 3092 3 MI S OF LAKE,Lake Charles,LA,70601,,0000,,S,1381,000000,A,A,,B,,,,,,,,,,,00000,,4,1975-01-07,,1975-01-07,1975-07-09,2011-10-14 16:38:47 EDT
16342602,0636800,,PROGRESS DRILLING INC,ATKINSON LEASE #1 OFF HWY 14,Hayes,LA,70646,,0000,,H,1381,000000,A,B,,B,,,,,,,,,,,00000,,17,1975-02-25,,1975-02-27,1975-03-25,2011-10-14 16:38:47 EDT
16344517,0636800,,SHELL OIL CO,EAST BAY CENTRAL FACILITY,Venice,LA,70091,,0000,,S,1311,000000,A,B,,B,,,,,,,,,,,00000,,300,1973-08-13,,1973-08-13,1984-03-10,2011-10-14 16:38:47 EDT
16349946,0636800,,HALLIBURTON SERVICES,PETERS ROAD,Harvey,LA,70058,,0000,Y,S,1389,000000,A,B,,B,,,,,,,,,,,00000,,484,1979-06-13,,1979-06-14,1984-03-10,2011-10-14 16:38:47 EDT
16350068,0636800,,WESTERN GEOPHYSICAL CO OF AMER,SCULLY ESTATE,Cut Off,LA,70345,,0000,,S,1382,000000,A,B,,B,,,,,,,,,,,00000,,45,1979-07-25,,1979-07-27,1984-03-10,2011-10-14 16:38:47 EDT
16350092,0636800,,LEBLANC WELDING & CONSTRUCTION,HIGHWAY 90 EAST,Amelia,LA,70340,,0000,,S,1389,000000,A,B,,B,,,,,,,,,,,00000,,141,1979-08-06,,1979-08-08,1984-03-10,2011-10-14 16:38:47 EDT
16350571,0636800,,OTIS ENGINEERING CORP,QUARANTINE BAY,Nairn,LA,70083,,0000,,S,1389,000000,A,B,,B,,,,,,,,,,,00000,,150,1980-02-14,,1980-03-18,1980-04-29,2011-10-14 16:38:47 EDT
16351520,0636800,,SHELL OIL CO,WEST LAKE VERRET FIELD,Morgan City,LA,70380,,0000,,S,1389,000000,A,B,,B,,,,,,,,,,,00000,,24,1981-03-16,,1981-04-14,1982-01-21,2011-10-14 16:38:47 EDT
16351652,0636800,,WILSON BROS DRILLING CO INC,R 16 #9 OFF HWY 3127,Boutte,LA,70039,,0000,Y,S,1389,000000,A,B,,B,,,,,,,,,,,00000,,18,1981-08-10,,1981-08-10,1981-09-11,2011-10-14 16:38:47 EDT
16351702,0636800,,DAVIS & SONS INC,HALLIBURTON RD,Venice,LA,70091,,0000,Y,S,1389,000000,A,B,,B,,,,,,,,,,,00000,,200,1981-09-14,,1981-09-15,1981-12-09,2011-10-14 16:38:47 EDT
16352981,0636800,,GOLDRUS DRILLING CO,GARDEN CITY FIELD,Garden City,LA,77002,,0000,,S,1381,000000,A,B,,B,,,,,,,,,,,00000,,134,1973-09-10,,1973-09-10,1984-03-10,2011-10-14 16:38:47 EDT
16353773,0636800,,WARD DRILLING CO INC,TERREBONNE BAY STATE LEASE WEL,Harvey,LA,70058,,0000,,S,1389,000000,A,B,,B,,,,,,,,,,,00000,,78,1973-02-08,,1973-02-08,1984-03-10,2011-10-14 16:38:47 EDT
16355653,0636800,,DIAMOND M DRILLING CO,LAKE HATCH FIELD 20 MILES SOUT,Morgan City,LA,70380,,0000,,S,1381,000000,A,B,,B,,,,,,,,,,,00000,,700,1973-06-05,,1973-06-05,1984-03-10,2011-10-14 16:38:47 EDT
16356636,0636800,,TASSIN INTERNATIONAL LIMITED,POINTA A LA HACHE LANDING DOCK,Pointe A La Hache,LA,70764,,0000,,S,1389,000000,A,B,,B,,,,,,,,,,,00000,,30,1974-09-23,,1974-09-23,1984-03-10,2011-10-14 16:38:47 EDT
16356875,0636800,,TEXACO INC,4 MILES SOUTH WEST OF VENICE L,Venice,LA,70091,,0000,,S,1389,000000,A,B,,B,,,,,,,,,,,00000,,4,1974-12-03,,1974-12-04,1984-03-10,2011-10-14 16:38:47 EDT
16360232,0636800,,SAWYER DRILLING & SERVICE INC,HIGHWAY 80 WEST,Haughton,LA,71037,,0000,,S,1381,000000,A,A,,B,,,,,,,,,,,00000,,140,1973-11-08,,1973-11-08,1984-03-10,2011-10-14 16:38:47 EDT
16361438,0636800,,SAWYER DRILLING & SERVICE INC,HIGHWAY 80 EAST,Haughton,LA,71037,,0000,,S,1381,000000,A,B,,B,,,,,,,,,,,00000,,140,1974-06-25,,1974-06-25,1984-03-10,2011-10-14 16:38:47 EDT
16361883,0636800,,CROW DRILLING INC,1800 BECK BLDG,Shreveport,LA,71101,,0000,,S,1381,000000,A,A,,B,,,,,,,,,,,00000,,23,1974-10-07,,1974-10-07,1984-03-10,2011-10-14 16:38:47 EDT
16363673,0636800,,PENROD DRILLING CO,OUTER CONTINENTAL SHELF BLOCK,Venice,LA,70091,,0000,,S,1381,000000,A,A,,B,,,,,,,,,,,00000,,21,1976-11-10,,1976-12-09,1977-07-25,2011-10-14 16:38:47 EDT
16363749,0636800,,FRANK'S CASING CREW & RENTAL T,RIG 29 SW ATCHAFALAYA BAY ST T,Berwick,LA,70342,,0000,,S,1389,000000,A,B,,B,,,,,,,,,,,00000,,400,1977-01-11,,1977-02-14,1984-03-10,2011-10-14 16:38:47 EDT
16363814,0636800,,DIA-LOG CO,SHIP SHOAL BLOCK 28 FIELD OCS,Morgan City,LA,70380,,0000,,S,1382,000000,A,B,,B,,,,,,,,,,,00000,,19,1977-02-09,,1977-03-11,1984-03-10,2011-10-14 16:38:47 EDT
16363848,0636800,,PENROD DRILLING CO,OFF SHORE LARRETT FIELD PENROD,Montegut,LA,70360,,0000,,S,1389,000000,A,B,,B,,,,,,,,,,,00000,,16,1977-02-16,,1977-03-11,1984-03-10,2011-10-14 16:38:47 EDT
16363988,0636800,,GULF COAST DRILLING & EXPLORAT,OFF HWY 90 WEST TEXACO FIELD,Paradis,LA,70080,,0000,,S,1389,000000,A,B,,B,,,,,,,,,,,00000,,75,1978-05-16,,1978-06-21,1979-01-03,2011-10-14 16:38:47 EDT
16364390,0636800,,SANTA FE ENGINEERING & CONSTRU,BAYOU LOURS,Houma,LA,70361,,0000,,S,1381,000000,A,B,,B,,,,,,,,,,,00000,,400,1980-03-29,,1980-03-29,1980-06-25,2011-10-14 16:38:47 EDT
16370108,0636800,,OILCO CONSTRUCTION CORP,234 WEST MAIN STREET,New Iberia,LA,70560,,0000,,S,1389,000000,A,A,,B,,,,,,,,,,,00000,,32,1974-07-09,,1974-07-09,1984-03-10,2011-10-14 16:38:47 EDT
16370280,0636800,,HOWARD CONSTRUCTION CO INC,RAILROAD AVENUE,Morgan City,LA,70380,,0000,,S,1389,000000,A,A,,B,,,,,,,,,,,00000,,85,1974-09-23,,1974-09-23,1984-03-10,2011-10-14 16:38:47 EDT
16370314,0636800,,OTIS ENGINEERING CORP,LOUISIANA HIGHWAY 182,Patterson,LA,70392,,0000,,S,1389,000000,A,A,,B,,,,,,,,,,,00000,,88,1974-10-08,,1974-10-08,1984-03-10,2011-10-14 16:38:47 EDT
16370389,0636800,,HOWARD CONSTRUCTION CO INC,HORSESHOE BAYOU FIELD,Centerville,LA,70522,,0000,,S,1389,000000,A,A,,B,,,,,,,,,,,00000,,85,1974-10-22,,1974-10-22,1984-03-10,2011-10-14 16:38:47 EDT
16372542,0636800,,GEOPHYSICAL SERVICE INC,BLACK BAY,Pointe A La Hache,LA,70082,,0000,,S,1382,000000,A,B,,B,,,,,,,,,,,00000,,200,1976-04-29,,1976-08-13,1984-03-10,2011-10-14 16:38:47 EDT
16373334,0636800,,CONTINENTAL OIL CO,GULF OF MEXICO WEST DELTA BLOC,Grand Isle,LA,70358,,0000,Y,S,1311,000000,A,B,,B,,,,,,,,,,,00000,,276,1977-01-25,,1977-02-11,1984-03-10,2011-10-14 16:38:47 EDT
16373359,0636800,,SUPERIOR OIL CO,ONE MILE SOUTH ON LOUISIANA HW,Dulac,LA,70353,,0000,Y,S,1311,000000,A,B,,B,,,,,,,,,,,00000,,60,1977-01-31,,1977-02-02,1984-03-10,2011-10-14 16:38:47 EDT
16373391,0636800,,SUPREME CONTRACTORS INC,BAYOU PIERRE PASS,Morgan City,LA,70380,,0000,,S,1389,000000,A,A,,B,,,,,,,,,,,00000,,7,1977-02-24,,1977-02-25,1977-03-23,2011-10-14 16:38:47 EDT
16374670,0636800,,SUPERIOR OIL CO,WAX LAKE PROSPECT WELL NO 1,Patterson,LA,70392,,0000,Y,S,1311,000000,A,B,,B,,,,,,,,,,,00000,,2034,1978-06-26,,1978-06-27,1979-01-03,2011-10-14 16:38:47 EDT
16382301,0636800,,TEXACO INC,GARDEN ISLAND BAY,Vernon,LA,70058,,0000,,S,1311,000000,A,B,,B,,,,,,,,,,,00000,,111,1973-12-06,,1973-12-06,1984-03-10,2011-10-14 16:38:47 EDT
16382970,0636800,,HUTCO DIV OF ASHY HUTCHIN,WEST DELTA 73-BEXXON PLATFORM,Grand Isle,LA,70501,,0000,,S,1389,000000,A,B,,B,,,,,,,,,,,00000,,85,1974-07-09,,1974-07-09,1984-03-10,2011-10-14 16:38:47 EDT
16382988,0636800,,L-O-R INC,WEST DELTA 73-BEXXON PLATFORM,Grand Isle,LA,70501,,0000,,S,1381,000000,A,B,,B,,,,,,,,,,,00000,,50,1974-07-09,,1974-07-09,1984-03-10,2011-10-14 16:38:47 EDT
16383226,0636800,,PETTY RAY GEOPHYSICAL INC,HIGHWAY #5,Longstreet,LA,71064,,0000,,S,1382,000000,A,A,,B,,,,,,,,,,,00000,,33,1974-12-23,,1974-12-30,1984-03-10,2011-10-14 16:38:47 EDT
16383572,0636800,,JIMMY FARMER WELL SERVICE,RT #1 SOUTH OF HWY 120,Marthaville,LA,71450,,0000,,S,1381,000000,A,A,,B,,,,,,,,,,,00000,,1,1975-04-22,,1975-05-02,1984-03-10,2011-10-14 16:38:47 EDT
16385031,0636800,,TELEDYNE MOVIBLE OFFSHORE INC,BLOCK 27 WELL 153 SOUTH PASS,Slagle,LA,70091,,0000,,S,1381,000000,A,B,,B,,,,,,,,,,,00000,,579,1976-08-04,,1976-08-24,1976-09-17,2011-10-14 16:38:47 EDT
16385502,0636800,,SALEN OFFSHORE DRILLING CO,WEST DELTA BLOCK 45,Grand Isle,LA,70358,,0000,,S,1381,000000,A,A,,B,,,,,,,,,,,00000,,24,1976-12-14,,1977-01-14,1984-03-10,2011-10-14 16:38:47 EDT
16385833,0636800,,HYDRAULIC WORKOVER INC,EUGENE ISLAND BLOCK 77,Houma,LA,70360,,0000,Y,S,1389,000000,A,B,,B,,,,,,,,,,,00000,,156,1977-04-26,,1977-05-20,1977-06-03,2011-10-14 16:38:47 EDT
16385999,0636800,,TELEDYNE MOVIBLE OFFSHORE INC,EUGENE ISLAND BLOCK 307 OCSG-2,Morgan City,LA,70380,,0000,Y,S,1381,000000,A,B,,B,,,,,,,,,,,00000,,600,1977-07-05,,1977-07-12,1977-08-04,2011-10-14 16:38:47 EDT
16386138,0636800,,CYCLOPS DRILLING CO,S TIMBALIER BLK 36 OCS-G2624 W,Grand Isle,LA,70358,,0000,Y,S,1381,000000,A,B,,B,,,,,,,,,,,00000,,150,1977-09-13,,1977-10-17,1977-12-02,2011-10-14 16:38:47 EDT
16386385,0636800,,GULF COAST DRILLING & EXPLORAT,WELL 41 TEXACO OIL PRODUCTION,Paradis,LA,70080,,0000,Y,S,1381,000000,A,A,,B,,,,,,,,,,,00000,,14,1977-12-13,,1978-01-03,1979-03-13,2011-10-14 16:38:47 EDT
16392623,0636800,,SANTA FE MARINE INC,VERMILLION BLOCK 372 GULF OF M,Houma,LA,70360,,0000,Y,S,1381,000000,A,A,,B,,,,,,,,,,,00000,,5,1975-07-10,,1975-10-20,1984-03-10,2011-10-14 16:38:47 EDT
16392649,0636800,,DANOS & CUROLE MARINE CONTRACT,SHELL RIG 11 SOUTH,Larose,LA,70373,,0000,Y,S,1389,000000,A,B,,B,,,,,,,,,,,00000,,7,1975-07-28,,1975-07-31,1977-06-06,2011-10-14 16:38:47 EDT
16393324,0636800,,FELTON A BROUSSARD CONSTRUCTIO,UNION OIL 253 PLATFORM GULF OF,Dulac,LA,70353,,0000,,S,1389,000000,A,B,,B,,,,,,,,,,,00000,,6,1975-12-12,,1975-12-18,1984-03-10,2011-10-14 16:38:47 EDT
16393373,0636800,,SANTA FE MARINE INC,BLOCK 94 SOUTH PASS AREA GULF,Venice,LA,70091,,0000,,S,1381,000000,A,A,,B,,,,,,,,,,,00000,,51,1976-01-08,,1976-01-23,1984-03-10,2011-10-14 16:38:47 EDT
16393472,0636800,,COASTAL INTERNATIONAL DRILLING,COASTAL RIG 7 STATE LEASE 212,Belle Chasse,LA,70037,,0000,,S,1381,000000,A,A,,B,,,,,,,,,,,00000,,14,1976-01-15,,1976-01-21,1976-01-28,2011-10-14 16:38:47 EDT
16393753,0636800,,TELEDYNE EXPLORATION CO,CHERAMIE YARD HIGHWAY ONE,Cut Off,LA,70345,,0000,Y,S,1382,000000,A,A,,B,,,,,,,,,,,00000,,3,1976-02-27,,1976-03-04,1976-03-18,2011-10-14 16:38:47 EDT
16394033,0636800,,EASTERN WIRELINE SERVICES INC,5 MILES SOUTH OF LOCKPORT,Lockport,LA,70374,,0000,,S,1389,000000,A,A,,B,,,,,,,,,,,00000,,3,1976-06-16,,1976-07-12,1984-03-10,2011-10-14 16:38:47 EDT
16394777,0636800,,DELTA DRILLING CO,DELTA RIG 31 TRIANGLE FARMS NO,Convent,LA,70723,,0000,,S,1381,000000,A,A,,B,,,,,,,,,,,00000,,10,1977-03-23,,1977-04-04,1977-05-24,2011-10-14 16:38:47 EDT
16396111,0636800,,LOUISIANA CASING CREW & RENTAL,OCSG 1030 SHIP SHOAL 249 AZPAT,Dulac,LA,70353,,0000,Y,S,1389,000000,A,A,,B,,,,,,,,,,,00000,,5,1978-03-29,,1978-03-31,1984-03-10,2011-10-14 16:38:47 EDT
16397374,0636800,,PROFESSIONAL CONSULTANT INC,FAGAN ENTERPRIZE DOCK HWY 1,Golden Meadow,LA,70357,,0000,,S,1389,000000,A,A,,B,,,,,,,,,,,00000,,1,1979-03-19,,1979-03-22,1979-12-13,2011-10-14 16:38:47 EDT
16397531,0636800,,NOBLE DRILLING CORP,HWY 1 LEEVILLE FIELD LAFOURCHE,Golden Meadow,LA,70357,,0000,,S,1381,000000,A,A,,B,,,,,,,,,,,00000,,8,1979-05-02,,1979-05-25,1984-03-10,2011-10-14 16:38:47 EDT
16397549,0636800,,TEXACO INC,HWY 1 LEEVILLE FIELD,Golden Meadow,LA,70357,,0000,,S,1311,000000,A,A,,B,,,,,,,,,,,00000,,4,1979-05-02,,1979-05-25,1984-03-10,2011-10-14 16:38:47 EDT
16397564,0636800,,SWACO DIV OF DRESSER INDUS,THOMPSON & DENLEY,Houma,LA,70360,,0000,,S,1389,000000,A,B,,B,,,,,,,,,,,00000,,21,1979-05-07,,1979-05-25,1984-03-10,2011-10-14 16:38:47 EDT
16397986,0636800,,A W I INC,WEST BAY STATE LEASE PP192,Venice,LA,70091,,0000,,S,1381,000000,A,B,,B,,,,,,,,,,,00000,,15,1979-10-30,,1979-11-16,1984-03-10,2011-10-14 16:38:47 EDT
16398158,0636800,,TEXACO INC,DOG LAKE FIELD UNIT 13 WILL 10,Theriot,LA,70397,,0000,Y,S,1311,000000,A,A,,B,,,,,,,,,,,00000,,1,1980-01-18,,1980-03-19,1980-04-08,2011-10-14 16:38:47 EDT
16398547,0636800,,TEXACO INC,SLIP ON VAN AVENUE,Houma,LA,70360,,0000,Y,S,1381,000000,A,B,,B,,,,,,,,,,,00000,,6,1980-10-07,,1980-11-21,1980-11-28,2011-10-14 16:38:47 EDT
16398554,0636800,,TEXACO INC,YARD ON VAN AVENUE,Houma,LA,70360,,0000,Y,S,1381,000000,A,B,,B,,,,,,,,,,,00000,,45,1980-10-16,,1980-10-16,1980-11-12,2011-10-14 16:38:47 EDT
16399206,0636800,,CUDD PRESSURE CONTROL INC,763 ENGINEERS ROAD,Belle Chasse,LA,70037,,0000,,S,1389,000000,A,B,,B,,,,,,,,,,,00000,,142,1981-07-02,,1981-07-15,1981-07-16,2011-10-14 16:38:47 EDT
16399222,0636800,,SEISCOM DELTA INC,2 MILES EAST OF I-10 ON BLIND,Convent,LA,70723,,0000,Y,S,1382,000000,A,B,,B,,,,,,,,,,,00000,,30,1981-07-16,,1981-07-21,1982-03-17,2011-10-14 16:38:47 EDT
16424210,0626300,,ANDERSON BASE CO INC,TP WELL 72 J M WARD LEASE SECT,Breckenridge,TX,76204,,0000,,S,1389,000000,A,B,,B,,,,,,,,,,,00000,,22,1975-01-15,,1975-01-15,1984-03-10,2011-10-14 16:38:47 EDT
16433823,0626300,,MOBLEY CO INC,7 MILES WEST HWY 84,Teague,TX,75860,,0000,,S,1389,000000,A,B,,B,,,,,,,,,,,00000,,7,1983-11-04,,1983-11-29,1983-12-23,2011-10-14 16:38:47 EDT
16436867,0626300,,C L B DRILLING CO INC,RIG 2 6 MI S CORSICANA HWY 287,Corsicana,TX,75110,,0000,,S,1381,000000,A,A,,B,,,,,,,,,,,00000,,14,1981-09-10,,1981-09-17,1981-10-23,2011-10-14 16:38:47 EDT
16437188,0626300,,HALLIBURTON SERVICES,W E JOHNSON WELLAL HWY 287,Corsicana,TX,75110,,0000,,S,1389,000000,A,B,,B,,,,,,,,,,,00000,,225,1982-04-02,,1982-04-08,1982-11-03,2011-10-14 16:38:47 EDT
16438418,0626300,,RAINBOW DRILLING CO,JAMES JACKSON GAS,Gilmer,TX,75051,,0000,Y,S,1381,000000,A,A,,B,,,,,,,,,,,00000,,22,1983-06-29,,1983-07-07,1983-08-12,2011-10-14 16:38:47 EDT
16440513,0626300,,SONNY WEBB INC,5 MILES NORTHWEST,Sherman,TX,75090,,0000,,S,1389,000000,A,A,,B,,,,,,,,,,,00000,,4,1977-01-04,,1977-01-05,1984-03-10,2011-10-14 16:38:47 EDT
16440687,0626300,,JACK HOUSTON EXPLORATION CO IN,NINE MILES SOUTHEAST OF DECATU,Decatur,TX,76234,,0000,Y,S,1311,000000,A,A,,B,,,,,,,,,,,00000,,12,1977-04-04,,1977-04-05,1978-05-01,2011-10-14 16:38:47 EDT
16440794,0626300,,CRAWFORD DRILLING CO,THREE MILES SOUTHWEST-RIG NO 1,Boyd,TX,76023,,0000,,S,1381,000000,A,A,,B,,,,,,,,,,,00000,,12,1977-06-06,,1977-06-07,1977-07-18,2011-10-14 16:38:47 EDT
16441198,0626300,,E A NEATHERLIN ROUSTABOUT & WE,18 MILES WEST BY NORTHWEST,Albany,TX,76430,,0000,Y,S,1389,000000,A,A,,B,,,,,,,,,,,00000,,1,1977-11-28,,1977-11-29,1984-03-10,2011-10-14 16:38:47 EDT
16444697,0626300,,"WELLTECH, INC.","DAVENPORT ADD., # 4, WELL NO:391",NECHES,TX,75779,A,0000,N,S,1389,000000,A,B,,B,,,,,,,,700 RUSH,HOUSTON,TX,77002,,5,1983-09-26,,1983-10-04,1988-09-09,2011-10-14 16:38:47 EDT
16455578,0626300,,C E NATCO DIV OF COMBUSTION CO,5812 WEST MARSHALL AVE,Longview,TX,75608,,0000,,S,1389,000000,A,B,,B,,,,,,,,,,,00000,,18,1982-06-02,,1982-06-03,1982-06-22,2011-10-14 16:38:47 EDT
16455594,0626300,,C E NATCO,5812 W MARSHALL AVE,Longview,TX,75608,,0000,,S,1389,000000,A,B,,B,,,,,,,,,,,00000,,18,1982-06-02,,1982-06-03,1984-03-16,2011-10-14 16:38:47 EDT
16458473,0626300,,BARNES BROS WELL SERVICE CO,CORE WELL SITE FINK NO 1,Pottsboro,TX,75076,,0000,,S,1389,000000,A,B,,B,,,,,,,,,,,00000,,4,1983-12-27,,1984-01-23,1984-02-03,2011-10-14 16:38:47 EDT
16458887,0626300,,BOCO DRILLING CO,HALSELL LEASE H-2,Henrietta,TX,76365,,0000,,S,1381,000000,A,A,,B,,,,,,,,,,,00000,,12,1974-06-12,,1974-06-12,1984-03-10,2011-10-14 16:38:47 EDT
16458960,0626300,,JOHN L SWANNER ESTATE,2315 BULLINGTON STREET,Holliday,TX,76301,,0000,,S,1311,000000,A,A,,B,,,,,,,,,,,00000,,12,1974-08-07,,1974-08-07,1984-03-10,2011-10-14 16:38:47 EDT
16461089,0626300,,J F MCMILLAN INC,NORVELL LEASE WELL NO 1A,Breckenridge,TX,76024,,0000,,S,1381,000000,A,A,,B,,,,,,,,,,,00000,,35,1975-06-24,,1975-06-24,1975-07-16,2011-10-14 16:38:47 EDT
16462491,0626300,,MERCER WELLS SERVICE INC,ARCO W B FIELD UNIT 2 WELL 21-,Gainesville,TX,76240,,0000,,S,1389,000000,A,A,,B,,,,,,,,,,,00000,,4,1976-04-14,,1976-04-20,1977-12-07,2011-10-14 16:38:47 EDT
16465890,0626300,,MURCO DRILLING CORP,APPROX 8 MILES SOUTH,Carthage,TX,75633,,0000,,S,1381,000000,A,B,,B,,,,,,,,,,,00000,,379,1982-04-19,,1982-04-19,1984-01-16,2011-10-14 16:38:47 EDT
16467052,0626300,,QUADRILL INC,79 W & FM 348 SOUTH,Carthage,TX,75633,,0000,,S,1381,000000,A,B,,B,,,,,,,,,,,00000,,43,1982-11-16,,1982-11-17,1982-12-17,2011-10-14 16:38:47 EDT
16467094,0626300,,BLUCO DRILLING CO INC,1.4 MILES N OFF FM 248,Lodi,TX,75564,,0000,,S,1381,000000,A,B,,B,,,,,,,,,,,00000,,58,1982-12-13,,1982-12-14,1982-12-22,2011-10-14 16:38:47 EDT
16467540,0626300,,PROVIDENCE DRILLING CO,FM 2015 3 MI W,Winona,TX,75792,,0000,,S,1381,000000,A,B,,B,,,,,,,,,,,00000,,26,1983-03-11,,1983-03-18,1984-01-12,2011-10-14 16:38:47 EDT
16468498,0626300,,TEXAS INTL GAS & OIL,FM 125 WEST,Atlanta,TX,75565,,0000,,S,1381,000000,A,B,,B,,,,,,,,,,,00000,,16,1983-09-12,,1983-09-15,1983-12-21,2011-10-14 16:38:47 EDT
16470296,0626300,,CADDO WELL SERVICING CO,1707 LAKE HARRIS ROAD,Longview,TX,75601,,0000,,S,1389,000000,A,B,,B,,,,,,,,,,,00000,,21,1972-07-20,,1972-07-20,1984-03-10,2011-10-14 16:38:47 EDT
16471393,0626300,,T & L WELL SERVICE CO INC,PO BOX 537,Kilgore,TX,75662,,0000,,S,1389,000000,A,A,,B,,,,,,,,,,,00000,,58,1973-03-16,,1973-03-16,1984-03-10,2011-10-14 16:38:47 EDT
16471740,0626300,,PATTON CASTING PULLING CO,204 PIONEER BLDG,Kilgore,TX,75662,,0000,,S,1389,000000,A,A,,B,,,,,,,,,,,00000,,8,1973-12-11,,1973-12-11,1984-03-10,2011-10-14 16:38:47 EDT
16471815,0626300,,COASTAL TANK CLEANING CO,PO BOX 864,Kilgore,TX,75662,,0000,,S,1389,000000,A,A,,B,,,,,,,,,,,00000,,14,1973-05-22,,1973-05-22,1984-03-16,2011-10-14 16:38:47 EDT
16475220,0626300,,HIGHLAND WELL SERVICES INC,2 MILES SW-ABNEY H LEASE WELL,Waskom,TX,75692,,0000,,S,1389,000000,A,B,,B,,,,,,,,,,,00000,,44,1975-05-14,,1975-05-15,1976-10-29,2011-10-14 16:38:47 EDT
16475642,0626300,,GIBSON DRILLING CO,3 1/2 MI SOUTH CHMB CONST CO N,Texarkana,TX,75501,,0000,,S,1381,000000,A,B,,B,,,,,,,,,,,00000,,144,1975-08-06,,1975-08-07,1984-03-10,2011-10-14 16:38:47 EDT
16475907,0626300,,M J DELANEY CO,1 MI NE GRAY-HICKEY #1 WELL-RI,Waskom,TX,75602,,0000,,S,1381,000000,A,A,,B,,,,,,,,,,,00000,,16,1975-09-29,,1975-09-30,1976-05-13,2011-10-14 16:38:47 EDT
16477846,0626300,,EXXON U S A,ROUTE 3 POST OFFICE BOX 57,Neches,TX,75766,,0000,,S,1311,000000,A,B,,B,,,,,,,,,,,00000,,17000,1973-08-24,,1973-08-24,1984-03-10,2011-10-14 16:38:47 EDT
16490146,0626300,,NOBLE DRILLING CORP NOB,3 MILES NORTH HIGHWAY 416,Streetman,TX,75859,,0000,,S,1381,000000,A,A,,B,,,,,,,,,,,00000,,20,1980-02-12,,1980-02-12,1980-05-20,2011-10-14 16:38:47 EDT
16496952,0626300,,BURK ROYALTY CO,PINKSTON LEASE NO 3,Kilgore,TX,75662,,0000,,S,1311,000000,A,A,,B,,,,,,,,,,,00000,,15,1974-11-12,,1974-11-12,1984-03-10,2011-10-14 16:38:47 EDT
16496960,0626300,,PRESSLEY & REAL CONTRACTORS IN,PATTERN OIL LEASE,Kilgore,TX,75662,,0000,,S,1389,000000,A,A,,B,,,,,,,,,,,00000,,6,1974-11-13,,1974-11-13,1984-03-10,2011-10-14 16:38:47 EDT
16504722,0626300,,VICK WELL SERVICING CO IN,509 SOUTH MAIN STREET,Winnsboro,TX,75494,,0000,,S,1389,000000,A,B,,B,,,,,,,,,,,00000,,22,1973-01-09,,1973-01-09,1984-03-10,2011-10-14 16:38:47 EDT
16505067,0626300,,FRANK CARAWAY DRILLING CO,1ST SAVING & LOAN BUILDING,San Angelo,TX,76901,,0000,,S,1381,000000,A,A,,B,,,,,,,,,,,00000,,18,1973-04-03,,1973-04-03,1984-03-10,2011-10-14 16:38:47 EDT
16506396,0626300,,WILLIAMSON DRILLING CORP RIG #,12 MI N ON HWY 51 1MI E OF HWY,Weatherford,TX,76086,,0000,,S,1381,000000,A,B,,B,,,,,,,,,,,00000,,5,1983-08-04,,1983-10-28,1983-11-03,2011-10-14 16:38:47 EDT
16539215,0626300,,LIN HOUR OIL & GAS CO,5 MI S OF ODELL TX OFF HWY 432,Odell,TX,79247,,0000,,S,1381,000000,A,B,,B,,,,,,,,,,,00000,,4,1983-02-02,,1983-02-03,1983-02-25,2011-10-14 16:38:47 EDT
16539231,0626300,,H E SUTTON,TAYLOR H NUMBER 2 TANK BATTER,Waskom,TX,17800,,0000,,S,1389,000000,A,B,,B,,,,,,,,,,,00000,,14,1983-02-16,,1983-02-17,1983-03-30,2011-10-14 16:38:47 EDT
16545063,0626300,,PHILIP MYERS,6 MILES SW OF FARM ROAD 2584,Throckmorton,TX,76083,,0000,,S,1311,000000,A,A,,B,,,,,,,,,,,00000,,1,1977-06-02,,1977-06-02,1984-03-10,2011-10-14 16:38:47 EDT
16547937,0626300,,WAGLEY WELL SERVICE,SOUTHWEST OF EULA-F M 603,Moran,TX,76464,,0000,,S,1389,000000,A,A,,B,,,,,,,,,,,00000,,3,1975-10-15,,1975-10-15,1984-03-10,2011-10-14 16:38:47 EDT
16551277,0626300,,BRIDWELL OIL CO,EIGHT MILES NORTH ON HIGHWAY 7,Archer City,TX,76351,,0000,,S,1311,000000,A,B,,B,,,,,,,,,,,00000,,64,1974-01-16,,1974-01-16,1984-03-10,2011-10-14 16:38:47 EDT
16557332,0626300,,NICHOLS DRILLING CO INC RIG 3,HOLUB 12 MILES 2 MILE W MEDCAL,Mineral Wells,TX,76067,,0000,,S,1381,000000,A,B,,B,,,,,,,,,,,00000,,12,1983-12-28,,1984-01-03,1984-01-06,2011-10-14 16:38:47 EDT
16560906,0626300,,TEXACO INC,WELL 143 W T WAGNER LEASE,Electra,TX,76307,,0000,,S,1381,000000,A,A,,B,,,,,,,,,,,00000,,1,1976-03-16,,1976-03-16,1984-03-10,2011-10-14 16:38:47 EDT
16562654,0626300,,TOM SWANSON OIL CO,10 MILES S ELECTRA ANCELL BARN,Electra,TX,76360,,0000,,S,1311,000000,A,B,,B,,,,,,,,,,,00000,,6,1982-06-29,,1982-06-29,1982-07-16,2011-10-14 16:38:47 EDT
16563132,0626300,,WESTERN CHIEF OIL & GAS,5 MILES E OF BRYSON ON HWY 380,Bryson,TX,76046,,0000,,S,1381,000000,A,B,,B,,,,,,,,,,,00000,,10,1982-12-21,,1982-12-22,1983-01-04,2011-10-14 16:38:47 EDT
16594483,0627100,,E B EUBANKS WELL SERVICE,801 ELM STREET,Smackover,AR,71732,,0000,,S,1389,000000,A,A,,B,,,,,,,,,,,00000,,4,1974-05-13,,1974-05-13,1984-03-10,2011-10-14 16:38:47 EDT
16594574,0627100,,OWEN DRILLING CO INC,9 MILES SE OF,Rosston,AR,71858,,0000,,S,1311,000000,A,A,,B,,,,,,,,,,,00000,,6,1974-06-06,,1974-06-06,1984-03-10,2011-10-14 16:38:47 EDT
16596181,0627100,,JET DRILLING CO INC,RASBERRY UNIT B-1 WELL #2,Emerson,AR,71740,,0000,,S,1381,000000,A,A,,B,,,,,,,,,,,00000,,16,1975-04-24,,1975-04-24,1976-01-29,2011-10-14 16:38:47 EDT
16597569,0627100,,STORY WELL SERVICE INC,FOUKE FIELD EAST OF FOUKE,Fouke,AR,71837,,0000,,S,1389,000000,A,A,,B,,,,,,,,,,,00000,,40,1976-08-11,,1976-08-11,1976-09-24,2011-10-14 16:38:47 EDT
16604803,0627100,,STEPHENS PRODUCTION CO,115 N 12TH STREET,Fort Smith,AR,72901,,0000,,S,1381,000000,A,A,,B,,,,,,,,,,,00000,,65,1977-05-24,,1977-05-24,1977-06-10,2011-10-14 16:38:47 EDT
16624447,0627100,,HENLEY DRILLING CO,USA 3 1 41/2  M S OF BATES AR,Bates,AR,72924,,0000,,S,1381,000000,A,B,,B,,,,,,,,,,,00000,,15,1983-11-07,,1983-11-08,1983-12-29,2011-10-14 16:38:47 EDT
16634313,0627100,,MILLER DRILLING CO DIV,RIG 115 ONE MILE NORTH OFF HWY,Atkins,AR,72822,,0000,Y,S,1381,000000,A,A,,B,,,,,,,,,,,00000,,5,1981-04-24,,1981-05-08,1981-05-08,2011-10-14 16:38:47 EDT
16641201,0627100,,SCHULER DRILLING CO INC,HWY 98 NORTH,El Dorado,AR,71769,,0000,,S,1381,000000,A,A,,B,,,,,,,,,,,00000,,20,1976-07-19,,1976-07-20,1984-03-10,2011-10-14 16:38:47 EDT
16642407,0627100,,DUGGAN MACHINE CO INC,HWY 160 WEST,Bradley,AR,71826,,0000,,S,1389,000000,A,A,,B,,,,,,,,,,,00000,,1,1977-10-12,,1977-10-31,1984-03-10,2011-10-14 16:38:47 EDT
16643876,0627100,,STEPHENS PRODUCTION CO,6 MILES WEST OF GREENWOOD,Greenwood,AR,72936,,0000,,S,1311,000000,A,A,,B,,,,,,,,,,,00000,,98,1978-11-20,,1978-11-27,1979-01-02,2011-10-14 16:38:47 EDT
16643884,0627100,,STEPHENS PRODUCTION CO,6 MILES WEST OF GREENWOOD,Greenwood,AR,72936,,0000,,S,1311,000000,A,A,,B,,,,,,,,,,,00000,,98,1978-11-27,,1978-11-28,1984-03-10,2011-10-14 16:38:47 EDT
16644676,0627100,,MILLER DRILLING CO RIG #12,APPROXIMATELY 10 MILES SOUTH O,Fort Smith,AR,72901,,0000,,S,1311,000000,A,A,,B,,,,,,,,,,,00000,,256,1979-10-02,,1979-10-03,1984-03-10,2011-10-14 16:38:47 EDT
16665341,0627100,,ENERGY SERVICES INC,7 MI SO MAGNOLIA HWY 160,Magnolia,AR,71753,,0000,,S,1389,000000,A,B,,B,,,,,,,,,,,00000,,15,1981-11-09,,1981-11-24,1982-02-03,2011-10-14 16:38:47 EDT
16668782,0636900,,GALLOWAY CASING PULLING INC RI,2 MILES NORTH,Breckenridge,TX,76024,,0000,Y,S,1389,000000,A,B,,B,,,,,,,,,,,00000,,30,1978-04-06,,1978-04-07,1978-08-21,2011-10-14 16:38:47 EDT
16668949,0636900,,PITCOCK INC,10 MILES NORTHWEST,Palo Pinto,TX,76072,,0000,,S,1311,000000,A,B,,B,,,,,,,,,,,00000,,16,1978-08-22,,1978-08-23,1978-09-14,2011-10-14 16:38:47 EDT
16670846,0636900,,M N D DRILLING CORP RIG,5 MILES SOUTHEAST,Alvord,TX,76225,,0000,,S,1381,000000,A,B,,B,,,,,,,,,,,00000,,13,1980-10-16,,1980-10-16,1980-12-17,2011-10-14 16:38:47 EDT
16670861,0636900,,OL FULFER WELL SERVICE INC,4 MILES NORTHEAST,Kamay,TX,76369,,0000,,S,1389,000000,A,B,,B,,,,,,,,,,,00000,,11,1980-11-04,,1980-11-12,1981-01-08,2011-10-14 16:38:47 EDT
16670887,0636900,,NL WELL SERVICES INC RIG #232,7 MILES EAST,Breckenridge,TX,76024,,0000,,S,1389,000000,A,A,,B,,,,,,,,,,,00000,,5,1980-11-13,,1980-11-21,1983-03-03,2011-10-14 16:38:47 EDT
16671083,0636900,,MND DRILLING CORPORATION-RIG,15 MILES SOUTH,Henrietta,TX,76365,,0000,Y,S,1381,000000,A,B,,B,,,,,,,,,,,00000,,13,1981-04-01,,1981-04-01,1981-05-22,2011-10-14 16:38:47 EDT
16671240,0636900,,T D DRILLING INC RIG 1,6 MILES NORTHWEST,Throckmorton,TX,76083,,0000,,S,1381,000000,A,B,,B,,,,,,,,,,,00000,,13,1981-05-19,,1981-06-01,1981-09-16,2011-10-14 16:38:47 EDT
16671281,0636900,,NL MCCULLOUGH,BLDG 518,Fort Wolters,TX,76067,,0000,,S,1389,000000,A,B,,B,,,,,,,,,,,00000,,8,1981-06-02,,1981-06-05,1981-06-10,2011-10-14 16:38:47 EDT
16671299,0636900,,PENGO OIL TOOL DIV,17 MILES SOUTHWEST,Albany,TX,76430,,0000,,S,1389,000000,A,B,,B,,,,,,,,,,,00000,,8,1981-06-04,,1981-06-05,1982-09-22,2011-10-14 16:38:47 EDT
16671307,0636900,,HAROLDS RATHOLE SERVICE,4 MILES SOUTH ON HWY FM 4,Palo Pinto,TX,76072,,0000,,S,1389,000000,A,B,,B,,,,,,,,,,,00000,,12,1981-06-24,,1981-07-06,1981-07-22,2011-10-14 16:38:47 EDT
16671489,0636900,,FELDER HOFF BROTHERS DRILLING,9 MILES NORTHEAST ON WEST SIDE,Gainesville,TX,76240,,0000,,S,1381,000000,A,B,,B,,,,,,,,,,,00000,,13,1981-09-08,,1981-09-08,1981-11-20,2011-10-14 16:38:47 EDT
16671760,0636900,,JOHN SWANSON DRILLING INC,1 MILE SOUTHWEST ON WEST SIDE,Ponder,TX,76259,,0000,,S,1381,000000,A,B,,B,,,,,,,,,,,00000,,16,1982-01-07,,1982-01-15,1982-01-28,2011-10-14 16:38:47 EDT
16673642,0636900,,M & F WELL SERVICE DIV,EL DORADO SLOAN GAS LEASE,Breckenridge,TX,76024,,0000,,S,1389,000000,A,B,,B,,,,,,,,,,,00000,,4,1981-12-22,,1981-12-29,1982-02-24,2011-10-14 16:38:47 EDT
16673782,0636900,,NICHOLS DRILLING CORP,MERRITT LEASE 1A,Justin,TX,76247,,0000,,S,1381,000000,A,A,,B,,,,,,,,,,,00000,,9,1978-06-22,,1978-07-01,1978-07-14,2011-10-14 16:38:47 EDT
16685018,0636900,,PEDCO DRILLING CO,5 MI EAST OF HWY 67,South Bend,TX,76081,,0000,,S,1381,000000,A,B,,B,,,,,,,,,,,00000,,50,1981-09-30,,1981-10-19,1982-07-22,2011-10-14 16:38:47 EDT
16685026,0636900,,JERRY WHITAKER WELL SERV CO,4 MILES WEST OF HWY 70,Vernon,TX,76384,,0000,,S,1389,000000,A,B,,B,,,,,,,,,,,00000,,2,1981-10-08,,1981-10-26,1982-07-22,2011-10-14 16:38:47 EDT
16685224,0636900,,GEM DRILLING CO,7 MI SOUTH OF STAMFORD OFF HWY,Stamford,TX,79553,,0000,,S,1381,000000,A,B,,B,,,,,,,,,,,00000,,15,1982-02-11,,1982-02-11,1982-03-19,2011-10-14 16:38:47 EDT
16686198,0636900,,ORO DRILLING CO,5 MILES NORTH OF CITY OFF OF H,Weatherford,TX,76086,,0000,,S,1381,000000,A,B,,B,,,,,,,,,,,00000,,13,1978-06-12,,1978-06-15,1979-06-06,2011-10-14 16:38:47 EDT
16690257,0636900,,JUNIOR HANEY DRILLING CO,S/W OF BUFFALO SPRINGS-CLAY CO,Bellevue,TX,76228,,0000,,S,1381,000000,A,A,,B,,,,,,,,,,,00000,,35,1981-06-17,,1981-06-18,1981-10-23,2011-10-14 16:38:47 EDT
16694481,0636900,,F T JOHNSON,WAGGONER E LEASE OFF FM 1811,Electra,TX,76360,,0000,,S,1311,000000,A,B,,B,,,,,,,,,,,00000,,60,1979-07-11,,1979-07-12,1979-11-29,2011-10-14 16:38:47 EDT
16695512,0636900,,SMALLEY DRILLING CO,RIG 1 5.5 MILES NE FORT PHANTO,Albany,TX,76430,,0000,,S,1381,000000,A,A,,B,,,,,,,,,,,00000,,20,1981-02-09,,1981-02-13,1981-02-27,2011-10-14 16:38:47 EDT
16696049,0636900,,NORTHRIDGE OIL CO,BUILDING 530 INDUSTRIAL PARK,Mineral Wells,TX,76067,,0000,Y,S,1381,000000,A,B,,B,,,,,,,,,,,00000,,7,1981-11-09,,1981-11-10,1981-11-18,2011-10-14 16:38:47 EDT
16697062,0636900,,DOWELL DIV OF DOW CHEMICA,9 MILES SOUTH EAST OF,Weatherford,TX,76086,,0000,,S,1389,000000,A,B,,B,,,,,,,,,,,00000,,80,1979-03-27,,1979-03-30,1984-03-10,2011-10-14 16:38:47 EDT
16697104,0636900,,MERCER WELL SERVICING INC,1 MI WEST ON HIGHWAY 82,Decatur,TX,77007,,0000,,S,1311,000000,A,B,,B,,,,,,,,,,,00000,,47,1979-04-17,,1979-04-19,1981-02-27,2011-10-14 16:38:47 EDT
16697229,0636900,,HOLSON OIL WELL SERVICE CO,212 E PINE,Albany,TX,76403,,0000,,S,1381,000000,A,A,,B,,,,,,,,,,,00000,,20,1979-08-03,,1979-08-03,1984-03-10,2011-10-14 16:38:47 EDT
16697237,0636900,,COBRA OIL & GAS CORP,GUY ROBINSON LEASE WELL NO 23,Strawn,TX,76261,,0000,,S,1311,000000,A,A,,B,,,,,,,,,,,00000,,23,1979-08-07,,1979-08-07,1979-11-09,2011-10-14 16:38:47 EDT
16697351,0636900,,BURK WELL SERVICE CO,ROBERTSON LEASE DONOHOO WELL N,Burkburnett,TX,76354,,0000,,S,1389,000000,A,A,,B,,,,,,,,,,,00000,,9,1979-09-24,,1979-09-27,1986-02-12,2011-10-14 16:38:47 EDT
16697419,0636900,,BIG M DRILLING CO,ONE MILE WEST HWY 36,Cross Plains,TX,76443,,0000,,S,1381,000000,A,B,,B,,,,,,,,,,,00000,,16,1979-10-10,,1979-10-12,1980-08-21,2011-10-14 16:38:47 EDT
16698458,0637000,,TORREON DRILLING CO,AIRPORT ROAD AND HIGHWAY 83 2M,Rio Grande City,TX,78582,,0000,,S,1311,000000,A,A,,B,,,,,,,,,,,00000,,13,1975-09-17,,1975-09-23,1976-04-09,2011-10-14 16:38:47 EDT
16698672,0637000,,HARKINS & CO,2 MI SOUTH EAST OAKVILLE ON FM,Three Rivers,TX,70203,,0000,,S,1381,000000,A,A,,B,,,,,,,,,,,00000,,18,1977-04-18,,1977-04-19,1984-03-10,2011-10-14 16:38:47 EDT
16698912,0637000,,SOUTHLAND DRILLING CO RIG,10 MI EAST OF SAN YGNACIO ON F,San Ygnacio,TX,78067,,0000,,S,1381,000000,A,A,,B,,,,,,,,,,,00000,,21,1978-05-24,,1978-05-24,1978-07-14,2011-10-14 16:38:47 EDT
16698938,0637000,,WALTERS OILFIELD SERVICE INC,1900 BLOCK NORTH ARMSTRONG STR,Kingsville,TX,78383,,0000,,S,1389,000000,A,A,,B,,,,,,,,,,,00000,,7,1978-06-12,,1978-06-14,1978-10-10,2011-10-14 16:38:47 EDT
16699928,0637000,,CINCO DRILLING CO,1 MILE NORTH VALLEY WELLS ON R,Big Wells,TX,78834,,0000,,S,1381,000000,A,B,,B,,,,,,,,,,,00000,,140,1978-06-15,,1978-06-19,1979-06-11,2011-10-14 16:38:47 EDT
16701948,0637000,,JACK E BEARDEN DRILLING CO,APPROX 55 MI NW LAREDO BETWEEN,Laredo,TX,78040,,0000,,S,1381,000000,A,B,,B,,,,,,,,,,,00000,,12,1980-09-17,,1980-09-29,1981-06-09,2011-10-14 16:38:47 EDT
16702995,0637000,,THOMPSON DRILLING INC RIG 19,LA PERLA WELL NUMBER 2 10 MILE,San Ygnacio,TX,78067,,0000,,S,1381,000000,A,A,,B,,,,,,,,,,,00000,,16,1976-03-09,,1976-03-10,1976-04-16,2011-10-14 16:38:47 EDT
16703050,0637000,,POOL CO RIG NUMBER 114,GAUS WELL NUMBER 1 5 MILES SE,Runge,TX,78151,,0000,,S,1381,000000,A,A,,B,,,,,,,,,,,00000,,9,1976-03-30,,1976-04-01,1977-06-10,2011-10-14 16:38:47 EDT
16703522,0637000,,GLENWAR OIL & GAS CO RI,CARLOS PENA WELL NO 1 13 MILES,Dilley,TX,78017,,0000,,S,1389,000000,A,A,,B,,,,,,,,,,,00000,,4,1976-10-19,,1976-10-19,1977-10-03,2011-10-14 16:38:47 EDT
16703597,0637000,,FIELD DRILLING CO RIG #4,MCALLEN WELL #13 12 MILES WEST,Linn,TX,78563,,0000,,S,1381,000000,A,A,,B,,,,,,,,,,,00000,,19,1976-11-22,,1976-11-23,1984-03-10,2011-10-14 16:38:47 EDT
16703910,0637000,,FRIO DRILLING CO RIG NUMB,S A CLARK WELL #7 10 MI NW FM,Speaks,TX,77985,,0000,,S,1381,000000,A,A,,B,,,,,,,,,,,00000,,17,1977-07-25,,1977-07-25,1984-03-10,2011-10-14 16:38:47 EDT
16703928,0637000,,FISH OIL WELL SERVICING INC RI,ME O'CONNER WELL #B12 5 MI E F,Refugio,TX,78377,,0000,,S,1389,000000,A,A,,B,,,,,,,,,,,00000,,5,1977-07-26,,1977-07-29,1984-03-10,2011-10-14 16:38:47 EDT
16703951,0637000,,J PAKE WELL SERVICE CO,SALGE WELL NO 1 6 MI NE OFF FM,Mathis,TX,78368,,0000,,S,1389,000000,A,A,,B,,,,,,,,,,,00000,,4,1977-08-10,,1977-08-10,1977-11-29,2011-10-14 16:38:47 EDT
16704520,0637000,,SCHAEFER WELL SERVICE INC RIG,DAVIS UNIT WELL 3 S BLACK BAYO,Bloomington,TX,77951,,0000,,S,1389,000000,A,A,,B,,,,,,,,,,,00000,,5,1978-10-06,,1978-10-12,1979-08-02,2011-10-14 16:38:47 EDT
16704702,0637000,,MO-VAC SERVICE CO,2 MILES S HWY 281,Alice,TX,78332,,0000,,S,1389,000000,A,B,,B,,,,,,,,,,,00000,,32,1979-02-08,,1979-02-09,1980-04-23,2011-10-14 16:38:47 EDT
16704850,0637000,,AGOIL INC,MCCANN WELL 17 1/2 MI NE SALEM,Victoria,TX,77901,,0000,,S,1311,000000,A,B,,B,,,,,,,,,,,00000,,7,1979-05-10,,1979-05-11,1984-03-10,2011-10-14 16:38:47 EDT
16704868,0637000,,AMG WELL SERVICE INC,KR TIJERINA WELL A61 20 MI S B,Kingsville,TX,78363,,0000,,S,1389,000000,A,A,,B,,,,,,,,,,,00000,,4,1979-05-16,,1979-05-17,1984-03-10,2011-10-14 16:38:47 EDT
16705246,0637000,,B D K DRILLING CO RIG 9,BOYCE NO 1 WELL FM 884 2 MI W,Goliad,TX,77963,,0000,,S,1381,000000,A,A,,B,,,,,,,,,,,00000,,21,1980-08-04,,1980-08-05,1984-03-10,2011-10-14 16:38:47 EDT
16705287,0637000,,PADRE DRILLING CO INC,SMS FARM WELL 2A HWY 35 & 185,Port Lavaca,TX,77979,,0000,,S,1381,000000,A,A,,B,,,,,,,,,,,00000,,17,1980-09-16,,1980-09-17,1984-03-10,2011-10-14 16:38:47 EDT
16705865,0637000,,G E DRILLING INC RIG #2,FORD RANCH 11 MILES SE,Sinton,TX,78387,,0000,,S,1381,000000,A,B,,B,,,,,,,,,,,00000,,19,1981-12-02,,1981-12-02,1981-12-14,2011-10-14 16:38:47 EDT
16707986,0637000,,SEISCOM DELTA INC,7 MI S OFF HWY 60 AT LAKE LE T,Bay City,TX,77414,,0000,,S,1382,000000,A,B,,B,,,,,,,,,,,00000,,36,1980-10-07,,1980-10-08,1981-01-12,2011-10-14 16:38:47 EDT
16709792,0637000,,BROTHERS DRILLING CO,KINCAID #2 7 MI EAST OF EAGLE,Eagle Pass,TX,78852,,0000,,S,1381,000000,A,B,,B,,,,,,,,,,,00000,,63,1979-04-25,,1979-05-04,1984-03-10,2011-10-14 16:38:47 EDT
16710022,0637000,,ROLLERT CO INC,BRISCOE JR LEASE ON FM 1021 WE,Carrizo Springs,TX,78334,,0000,,S,1311,000000,A,B,,B,,,,,,,,,,,00000,,6,1979-09-11,,1979-09-12,1980-02-04,2011-10-14 16:38:47 EDT
16710873,0637000,,HARKINS & CO,20 MI N OF ZAPATA 10 MI WEST,Zapata,TX,78076,,0000,,S,1381,000000,A,A,,B,,,,,,,,,,,00000,,10,1980-09-30,,1980-10-01,1981-09-10,2011-10-14 16:38:47 EDT
16711046,0637000,,LANELL SERVICE & SUPPLY,TB SLICK LEASE WELL 477 6 1/2,Edinburg,TX,78539,,0000,,S,1389,000000,A,B,,B,,,,,,,,,,,00000,,32,1980-11-28,,1980-11-28,1981-01-12,2011-10-14 16:38:47 EDT
16711210,0637000,,BLOCKER DRILLING CO,PERSON LEASE NO 3 EAST OF MATH,Mathis,TX,78368,,0000,,S,1381,000000,A,B,,B,,,,,,,,,,,00000,,1000,1981-02-09,,1981-02-09,1981-03-05,2011-10-14 16:38:47 EDT
16711244,0637000,,EUGENE ROBERTS LEASE SERVICE,WILLIAM T HUBBARD LEASE 13 MI,Laredo,TX,78040,,0000,,S,1389,000000,A,B,,B,,,,,,,,,,,00000,,80,1981-02-18,,1981-02-18,1981-03-26,2011-10-14 16:38:47 EDT
16713133,0637000,,ASSOCIATED SERVICES INC,TIPPERARY OIL CARLTON MASSEY L,Pearsall,TX,78061,,0000,,S,1389,000000,A,A,,B,,,,,,,,,,,00000,,3,1976-03-08,,1976-03-09,1977-07-18,2011-10-14 16:38:47 EDT
16714057,0637000,,FIELD DRILLING CO RIG NO,MAUDE B TRAYLOR WELL #8 2/1/2,Point Comfort,TX,77978,,0000,,S,1381,000000,A,A,,B,,,,,,,,,,,00000,,19,1977-03-08,,1977-03-09,1977-09-26,2011-10-14 16:38:47 EDT
16714065,0637000,,AIR EQUIPMENT RENTAL INC,NIA POHL WELL #1 HWY 957 1/2 M,Hallettsville,TX,77964,,0000,,S,1389,000000,A,A,,B,,,,,,,,,,,00000,,5,1977-03-10,,1977-03-11,1978-09-05,2011-10-14 16:38:47 EDT
16714073,0637000,,HARKINS & CO RIG NO 10,CITIES SERVICE OIL CO MCKAMEY,Taft,TX,73900,,0000,,S,1381,000000,A,A,,B,,,,,,,,,,,00000,,43,1977-03-28,,1977-03-29,1977-06-27,2011-10-14 16:38:47 EDT
16714123,0637000,,EXXON CO USA SOUTH TEXAS,A K MCBRIDE LEASE TANK BATTERY,Jourdanton,TX,78026,,0000,,S,1311,000000,A,A,,A,,,,,,,,,,,00000,,22,1977-04-11,,1977-04-13,1984-03-10,2011-10-14 16:38:47 EDT
16715047,0637000,,THOMSON DRILLING INC-RIG NO 50,GULF OIL I MARTINEZ NO 4 WELL,Laredo AFB,TX,78040,,0000,,S,1381,000000,A,A,,B,,,,,,,,,,,00000,,21,1978-04-14,,1978-04-14,1978-07-05,2011-10-14 16:38:47 EDT
16715815,0637000,,WILLIAM W HUNT INC,MOBIL VANDERBILT GAS PLANT,Vanderbilt,TX,77991,,0000,,S,1389,000000,A,B,,B,,,,,,,,,,,00000,,12,1979-06-06,,1979-06-08,1979-07-12,2011-10-14 16:38:47 EDT
16716029,0637000,,LANELL'S SERVICE & SUPPLY,MCCORMICK LOPEZ NO 2 WELL,Encino,TX,78353,,0000,,S,1389,000000,A,A,,B,,,,,,,,,,,00000,,4,1979-09-06,,1979-09-12,1981-03-02,2011-10-14 16:38:47 EDT
16716086,0637000,,NICKLOS DRILLING COMPANY-RIG N,SUPERIOR DELORES A PALRANG NO,Hallettsville,TX,77964,,0000,,S,1381,000000,A,A,,B,,,,,,,,,,,00000,,24,1979-09-27,,1979-09-28,1981-03-09,2011-10-14 16:38:47 EDT
16716219,0637000,,WELLTECH INC RIT #34,TEXACO J P LUBY NO 14 WELL,Bishop,TX,78343,,0000,,S,1389,000000,A,A,,B,,,,,,,,,,,00000,,7,1979-11-16,,1979-11-21,1981-08-12,2011-10-14 16:38:47 EDT
16716391,0637000,,INTREPID DRILLING CORP RIG #5,ARCO HAGIST GAS UNIT 2 WELL NO,Freer,TX,78357,,0000,,S,1381,000000,A,A,,B,,,,,,,,,,,00000,,22,1980-03-07,,1980-03-21,1981-03-30,2011-10-14 16:38:47 EDT
16716706,0637000,,ROBINSON BROTHERS DRILLING COM,BORDER EXPLORATION KING RANCH,Edinburg,TX,78539,,0000,,S,1381,000000,A,A,,B,,,,,,,,,,,00000,,26,1980-06-12,,1980-06-25,1980-07-24,2011-10-14 16:38:47 EDT
16717001,0637000,,LOFFLAND BROTHERS CO,AUSA ETAL EL PASO NATURAL GAS,George West,TX,78022,,0000,,S,1381,000000,A,A,,B,,,,,,,,,,,00000,,23,1980-10-24,,1980-11-06,1980-11-24,2011-10-14 16:38:47 EDT
16717019,0637000,,SUN PRODUCTION CO,BIG WELLS FIELD UNIT CENTRAL,Big Wells,TX,78830,,0000,,S,1311,000000,A,B,,B,,,,,,,,,,,00000,,15,1980-11-13,,1980-12-18,1981-10-08,2011-10-14 16:38:47 EDT
16717274,0637000,,FLOURNOY DRILLING CO RIG,EXXON SRMP WELL NO 168,San Perlita,TX,78590,,0000,,S,1381,000000,A,B,,B,,,,,,,,,,,00000,,18,1981-02-23,,1981-03-04,1981-03-04,2011-10-14 16:38:47 EDT
16717472,0637000,,INTREPID SERVICES INC,SHELL LEROY TAYLOR WELL NO 1,Zapata,TX,78076,,0000,,S,1381,000000,A,A,,B,,,,,,,,,,,00000,,26,1981-04-20,,1981-04-21,1982-04-14,2011-10-14 16:38:47 EDT
16717720,0637000,,WELLTECH INC RIG #29,PETRUS ALANZO MARTIN WELL NO 2,Tilden,TX,78072,,0000,,S,1389,000000,A,A,,B,,,,,,,,,,,00000,,5,1981-06-30,,1981-07-01,1982-04-14,2011-10-14 16:38:47 EDT
16717787,0637000,,PRIDE OIL WELL CO,TESORO J PAUL LITTLE WELL NO 8,Big Wells,TX,78830,,0000,,S,1389,000000,A,A,,B,,,,,,,,,,,00000,,5,1981-07-20,,1981-07-27,1984-02-24,2011-10-14 16:38:47 EDT
16718264,0637000,,WELLTECH INC,ARCO PICKETT & JAMES WELL NO 1,George West,TX,78022,,0000,,S,1381,000000,A,B,,B,,,,,,,,,,,00000,,17,1981-12-28,,1981-12-29,1985-01-03,2011-10-14 16:38:47 EDT
16718272,0637000,,TEXAS DRILLING CO,GHR ENERGY LILLIA BRUNI WELL,Laredo AFB,TX,78040,,0000,,S,1381,000000,A,B,,B,,,,,,,,,,,00000,,22,1981-12-30,,1981-12-30,1984-03-10,2011-10-14 16:38:47 EDT
16718298,0637000,,AIR EQUIPMENT RENTAL INC,SUBURBAN PROPANE BERTA CAVAZOS,Zapata,TX,78076,,0000,,S,1389,000000,A,B,,B,,,,,,,,,,,00000,,4,1982-01-25,,1982-02-04,1982-03-08,2011-10-14 16:38:47 EDT
16718306,0637000,,SOUTH TEXAS 1200 LTD RIG 7,SUBURBAN PROPANE BERTA CAVAZOS,Zapata,TX,78076,,0000,,S,1381,000000,A,B,,B,,,,,,,,,,,00000,,23,1982-01-25,,1982-02-04,1982-02-09,2011-10-14 16:38:47 EDT
16718348,0637000,,SHELL OIL CO RIG #25,SHELL W HUBBERD NO 1 WELL,Tilden,TX,78072,,0000,,S,1381,000000,A,B,,B,,,,,,,,,,,00000,,32,1982-02-11,,1982-02-23,1982-02-26,2011-10-14 16:38:47 EDT
16720799,0637000,,SPARTAN WELL SERVICE INC,CHAPMAN RANCH S OF CORPUS CHRI,Corpus Christi,TX,78415,,0000,,S,1389,000000,A,B,,B,,,,,,,,,,,00000,,28,1975-08-25,,1975-08-27,1976-06-11,2011-10-14 16:38:47 EDT
16720906,0637000,,MOLINA DRILLING CO,4 MILES W OF FREER ON THE DCRL,Freer,TX,78357,,0000,,S,1381,000000,A,A,,B,,,,,,,,,,,00000,,9,1975-09-23,,1975-09-23,1977-03-31,2011-10-14 16:38:47 EDT
16722498,0637000,,SALADO DRILLING CO INC,5 MILES NE OF FANNIN,Fannin,TX,77960,,0000,,S,1381,000000,A,A,,B,,,,,,,,,,,00000,,13,1976-09-28,,1976-10-06,1977-04-15,2011-10-14 16:38:47 EDT
16723595,0637000,,TEXAS OIL & GAS CORP,3 MI S ELMATON FM 1095,Elmaton,TX,77440,,0000,,S,1311,000000,A,B,,B,,,,,,,,,,,00000,,25,1980-12-01,,1980-12-02,1980-12-08,2011-10-14 16:38:47 EDT
16723751,0637000,,EXPANDO PRODUCTION CO,1 MI S OF REFUGIO ON KELLY RD,Refugio,TX,78377,,0000,,S,1311,000000,A,A,,B,,,,,,,,,,,00000,,15,1981-01-19,,1981-01-19,1981-01-26,2011-10-14 16:38:47 EDT
16723777,0637000,,MARINE DRILLING CO,STATE TRACT 68 WELL #1 ARANSAS,Rockport,TX,78382,,0000,,S,1381,000000,A,B,,B,,,,,,,,,,,00000,,40,1981-02-02,,1981-02-12,1981-03-12,2011-10-14 16:38:47 EDT
16724007,0637000,,B D K DRILLING CO RIG #10,56 MI W TIVOLI FAGIN #2 FM,Tivoli,TX,77990,,0000,,S,1389,000000,A,B,,B,,,,,,,,,,,00000,,150,1981-06-23,,1981-06-25,1982-04-14,2011-10-14 16:38:47 EDT
16724510,0637000,,K&M PIPE SERVICE INC,1/2 MILE EAST ON HILL ROAD,Telferner,TX,77988,,0000,,S,1389,000000,A,B,,B,,,,,,,,,,,00000,,24,1978-10-16,,1978-10-17,1979-01-15,2011-10-14 16:38:47 EDT
16724536,0637000,,CHROMALLOY DELTA MUD & CHEMICA,1/2 MI BORREGOS GATE KING RANC,Kingsville,TX,78363,,0000,,S,1389,000000,A,B,,B,,,,,,,,,,,00000,,22,1978-11-09,,1978-11-13,1979-02-07,2011-10-14 16:38:47 EDT
16724577,0637000,,TIGER DRILLING CO,5 MI S HYW 616 AND FM 1862,Blessing,TX,77419,,0000,,S,1381,000000,A,A,,B,,,,,,,,,,,00000,,20,1978-12-26,,1978-12-28,1984-03-10,2011-10-14 16:38:47 EDT
16724825,0637000,,WELL TECH INC,2 MILES SW OF NORDHEIM ON FM 2,Nome,TX,78141,,0000,,S,1389,000000,A,B,,B,,,,,,,,,,,00000,,60,1979-09-25,,1979-09-25,1980-07-11,2011-10-14 16:38:47 EDT
16724882,0637000,,SERVICES EQUIPMENT & ENGINEE,MATAGORDA ISLAND BLK 665 SEA R,Port Oconnor,TX,77982,,0000,,S,1381,000000,A,B,,B,,,,,,,,,,,00000,,15,1979-10-18,,1979-10-18,1980-04-24,2011-10-14 16:38:47 EDT
16724999,0637000,,W E HAYDEN LEASE SERVICE INC,PARADISE RANCH 3 MI EAST HWY 7,Mcfaddin,TX,77973,,0000,,S,1389,000000,A,B,,B,,,,,,,,,,,00000,,98,1980-01-02,,1980-01-03,1981-02-17,2011-10-14 16:38:47 EDT
16725426,0637000,,ROBINSON BROTHERS DRILLING COM,DOUGHERTY RANCH #1,Normanna,TX,78142,,0000,,S,1381,000000,A,A,,B,,,,,,,,,,,00000,,9,1980-09-23,,1980-10-08,1980-10-08,2011-10-14 16:38:47 EDT
16728511,0637000,,TEXAS PETROLEUM CO,FM RD 3175 6.8 MILES E IH 35,Lytle,TX,78502,,0000,,S,1311,000000,A,B,,B,,,,,,,,,,,00000,,3,1976-02-03,,1976-02-04,1976-08-12,2011-10-14 16:38:47 EDT
16730699,0637000,,MARINE DRILLING CO,OFF SHORE STATE LEASE 749L,Port Aransas,TX,78373,,0000,,S,1381,000000,A,B,,B,,,,,,,,,,,00000,,23,1976-07-29,,1976-08-17,1977-12-06,2011-10-14 16:38:47 EDT
16735011,0626600,,COPELAND WELL SERVICE INC,BLOCKER EXPORATION WARD,Ledbetter,TX,78946,,0000,,S,1381,000000,A,B,,B,,,,,,,,,,,00000,,30,1981-10-22,,1981-10-26,1981-10-29,2011-10-14 16:38:47 EDT
16735185,0626600,,GLASSCOCK DRILLING,BUTLER & MARTIN 1 5 MI E OF SO,Sourlake,TX,77659,,0000,,S,1381,000000,A,B,,B,,,,,,,,,,,00000,,24,1981-12-30,,1982-01-11,1982-01-12,2011-10-14 16:38:47 EDT
16737090,0626600,,STEWART WELL SERVICE CO INC,PHILLIPS PETROLIUM LEASE ORLEA,Dickinson,TX,77539,,0000,Y,S,1381,000000,A,B,,B,,,,,,,,,,,00000,,5,1983-08-11,,1983-08-12,1984-03-12,2011-10-14 16:38:47 EDT
16737942,0626600,,AME TUBOSCOPE INC,2727 HOLMES ROAD,Houston,TX,77051,,0000,,S,1389,000000,A,B,,A,,,,,,,,,,,00000,,500,1976-04-06,,1976-04-12,1976-04-30,2011-10-14 16:38:47 EDT
16747107,0626600,,UNITED DRILLINGCOMPANY,LIBERTY HILL FM ROAD 3016,Liberty Hill,TX,75701,,0000,Y,S,1381,000000,A,B,,B,,,,,,,,,,,00000,,64,1974-09-25,,1974-09-25,1984-03-10,2011-10-14 16:38:47 EDT
16752461,0626600,,WELL TECH INC,WALTERS RD,Houston,TX,77067,,0000,,S,1381,000000,A,B,,B,,,,,,,,,,,00000,,11,1981-11-30,,1981-12-04,1984-04-27,2011-10-14 16:38:47 EDT
16752651,0626600,,PRIDE OILWELL SERVICE CO,3-4 MILES SO OF SOMMERVILLE,Brenham,TX,77833,,0000,,S,1381,000000,A,B,,B,,,,,,,,,,,00000,,5,1982-02-16,,1982-02-18,1982-02-22,2011-10-14 16:38:47 EDT
16757916,0626600,,PAUL CORNIER WELL SERVICE,CORMIER STREET,Orangefield,TX,77639,,0000,,S,1381,000000,A,A,,B,,,,,,,,,,,00000,,120,1974-09-27,,1974-09-27,1984-03-10,2011-10-14 16:38:47 EDT
16758823,0626600,,OCEAN DRILLING & EXPLORATION C,KCS SLIP #2,Porter,TX,77640,,0000,,S,1381,000000,A,A,,B,,,,,,,,,,,00000,,36,1975-08-01,,1975-08-01,1984-03-10,2011-10-14 16:38:47 EDT
16760027,0626600,,LOFFLAND BROTHERS CO,RIG 74 HIGH ISLAND LOT 356,Sabine,TX,71655,,0000,,S,1381,000000,A,B,,B,,,,,,,,,,,00000,,551,1979-01-23,,1979-01-31,1979-03-19,2011-10-14 16:38:47 EDT
16760761,0626600,,B & W WELL SPRUCE INC,BARBERS HILL,Mont Belvieu,TX,77580,,0000,Y,S,1389,000000,A,B,,B,,,,,,,,,,,00000,,28,1978-11-03,,1978-11-07,1978-12-14,2011-10-14 16:38:47 EDT
16763112,0626600,,ALL STATE PIPE TESTERS INC,LIBERTY PLANT OF NATIONAL PIPE,Liberty,TX,77575,,0000,,S,1389,000000,A,B,,B,,,,,,,,,,,00000,,15,1978-03-08,,1978-05-02,1978-10-05,2011-10-14 16:38:47 EDT
16764268,0626600,,FAITH DRILLING CO,NORTH PORT NECHES FIELD,Vidor,TX,77662,,0000,,S,1381,000000,A,B,,B,,,,,,,,,,,00000,,38,1978-06-21,,1978-06-28,1983-04-22,2011-10-14 16:38:47 EDT
16769192,0626600,,T & T WELL SERVICING INC,PO BOX 314,High Island,TX,77623,,0000,,S,1389,000000,A,B,,B,,,,,,,,,,,00000,,13,1973-11-26,,1973-11-26,1984-03-10,2011-10-14 16:38:47 EDT
16769754,0626600,,STEWART WELL SERVICE CO,PO BOX 217,Manvel,TX,77578,,0000,,S,1389,000000,A,B,,B,,,,,,,,,,,00000,,37,1974-05-30,,1974-05-30,1984-03-10,2011-10-14 16:38:47 EDT
16771081,0626600,,MALLARD & MAILARD INC,GENERAL CRUDE SARATOGA FIELD,Saratoga,TX,77706,,0000,,S,1389,000000,A,A,,B,,,,,,,,,,,00000,,50,1975-04-29,,1975-04-29,1975-05-21,2011-10-14 16:38:47 EDT
16782153,0626600,,AMF TUBOSCOPE INC,728 SHIELD T E MERCER PIPE YAR,Channelview,TX,77530,,0000,,S,1389,000000,A,B,,B,,,,,,,,,,,00000,,500,1974-10-30,,1974-11-04,1974-12-05,2011-10-14 16:38:47 EDT
16785537,0626600,,T&L LEASE SERVICE INC,501 EAST SOUTH STREET,Alvin,TX,77511,,0000,,S,1389,000000,A,B,,B,,,,,,,,,,,00000,,70,1977-11-03,,1977-11-04,1984-03-10,2011-10-14 16:38:47 EDT
16788762,0626600,,STEWART WELL SERVICE CO,HIGHWAY 109,Columbus,TX,77578,,0000,,S,1389,000000,A,B,,B,,,,,,,,,,,00000,,30,1973-07-27,,1973-07-27,1984-03-10,2011-10-14 16:38:47 EDT
16789174,0626600,,GETTY OIL CO,FM 2853,Palacios,TX,78387,,0000,,S,1311,000000,A,B,,B,,,,,,,,,,,00000,,37,1973-02-21,,1973-02-21,1984-03-10,2011-10-14 16:38:47 EDT
16789331,0626600,,COLUMBIA DRILLING CO,FM 230,Lovelady,TX,77006,,0000,,S,1381,000000,A,B,,B,,,,,,,,,,,00000,,75,1973-04-16,,1973-04-16,1984-03-10,2011-10-14 16:38:47 EDT
16789562,0626600,,BIG 6 DRILLING CO,KIRBY VICKERS NO 1 LEASE,Silsbee,TX,77002,,0000,,S,1381,000000,A,B,,B,,,,,,,,,,,00000,,50,1973-11-08,,1973-11-08,1984-03-10,2011-10-14 16:38:47 EDT
16789570,0626600,,LONE STAR PRODUCING CO,HIGHWAY 79 BUFFALO,Buffalo,TX,75751,,0000,,S,1311,000000,A,B,,B,,,,,,,,,,,00000,,15,1973-06-25,,1973-06-25,1984-03-10,2011-10-14 16:38:47 EDT
16789794,0626600,,CARL MARTIN OIL WELL SERVICE I,F M 146,Mont Belvieu,TX,77688,,0000,,S,1389,000000,A,B,,B,,,,,,,,,,,00000,,25,1974-01-07,,1974-01-07,1984-03-10,2011-10-14 16:38:47 EDT
16790222,0626600,,CORMIER WELL SERVICE,NO STREET ADDRESS,Manvel,TX,77639,,0000,,S,1381,000000,A,A,,B,,,,,,,,,,,00000,,15,1974-04-11,,1974-04-11,1984-03-10,2011-10-14 16:38:47 EDT
16790305,0626600,,OIL CITY CASING CREWS CO,TEXAS EASTERNTRANSMISSION WELL,Mont Belvieu,TX,77704,,0000,,S,1389,000000,A,B,,B,,,,,,,,,,,00000,,40,1974-04-30,,1974-04-30,1984-03-10,2011-10-14 16:38:47 EDT
16790644,0626600,,G & A WELL SERVICE,FM ROAD,Markham,TX,77901,,0000,,S,1381,000000,A,B,,B,,,,,,,,,,,00000,,35,1974-08-13,,1974-08-13,1984-03-10,2011-10-14 16:38:47 EDT
16791832,0626600,,HOUSTON OIL & MINERAL CORP,SMITH LEASE WELL NO 3 CHAMBERS,Mont Belvieu,TX,77575,,0000,,S,1311,000000,A,A,,B,,,,,,,,,,,00000,,5,1975-05-27,,1975-05-28,1984-03-10,2011-10-14 16:38:47 EDT
16796427,0626600,,DELTA DRILLING CO - RIG #,8 MILES WEST OF WOODVILLE,Woodville,TX,75979,,0000,,S,1381,000000,A,A,,B,,,,,,,,,,,00000,,16,1976-06-25,,1976-07-07,1984-03-10,2011-10-14 16:38:47 EDT
16796815,0626600,,FOSTER WELL SERVICE INC,WELL HUMBLE-WEST A-21 SOUR LAK,Sourlake,TX,77659,,0000,,S,1389,000000,A,B,,B,,,,,,,,,,,00000,,9,1977-03-25,,1977-04-04,1984-03-10,2011-10-14 16:38:47 EDT
16797300,0626600,,CARL MARTIN OILWELL SERVICE IN,FM 146,Houston,TX,77088,,0000,,S,1389,000000,A,A,,B,,,,,,,,,,,00000,,25,1974-01-07,,1974-01-07,1984-03-10,2011-10-14 16:38:47 EDT
16801177,0626600,,JOHNSON ENTERPRISES,NO STREET ADDRESS,Sarita,TX,78385,,0000,,S,1389,000000,A,B,,B,,,,,,,,,,,00000,,15,1973-12-17,,1973-12-17,1984-03-16,2011-10-14 16:38:47 EDT
16801433,0626600,,C G C WELL SALVAGING INC,2 MI SOUTH OF FM 490 & 2844,Star,TX,78408,,0000,,S,1389,000000,A,B,,B,,,,,,,,,,,00000,,13,1974-01-11,,1974-01-11,1984-03-10,2011-10-14 16:38:47 EDT
16801532,0626600,,HAWKINS & CO,8 MILES NORTH,Goliad,TX,77963,,0000,Y,S,1381,000000,A,B,,B,,,,,,,,,,,00000,,200,1974-01-29,,1974-01-29,1984-03-10,2011-10-14 16:38:47 EDT
16802464,0626600,,PLASTIC APPLICATORS,7020 KATY ROAD PO BOX 7631,Houston,TX,77007,,0000,,S,1389,000000,A,B,,B,,,,,,,,,,,00000,,140,1972-07-12,,1972-07-12,1984-03-10,2011-10-14 16:38:47 EDT
16805202,0626600,,BUZZINI DRILLING CO,HIGHWAY 79 EAST OF FRANKLIN,Franklin,TX,77856,,0000,,S,1381,000000,A,B,,B,,,,,,,,,,,00000,,65,1974-07-12,,1974-07-12,1984-03-10,2011-10-14 16:38:47 EDT
16807893,0626600,,STATES GEOPHYSICAL CORP,HWY 36 5 MILES WEST DYER-MOORE,Rosenberg,TX,77471,,0000,,S,1382,000000,A,B,,B,,,,,,,,,,,00000,,50,1976-04-27,,1976-04-29,1984-03-10,2011-10-14 16:38:47 EDT
16809485,0626600,,DRESSER ATLAS,3401 SOUTH MAIN,Pearland,TX,77581,,0000,,S,1389,000000,A,B,,B,,,,,,,,,,,00000,,55000,1978-03-22,,1978-03-27,1979-09-14,2011-10-14 16:38:47 EDT
16814972,0626600,,LOFFLAND BROTHERS CO HOUSTON Y,12000 WEST LITTLE YORK RD,Houston,TX,77041,,0000,,S,1381,000000,A,A,,B,,,,,,,,,,,00000,,6,1980-09-12,,1980-09-16,1980-10-07,2011-10-14 16:38:47 EDT
16816670,0626600,,GOLDRUS DRILLING CO,5 MILES W OF HWY 124 ON HWY 19,Winnie,TX,77665,,0000,,H,1381,000000,A,B,,B,,,,,,,,,,,00000,,23,1982-05-19,,1982-05-27,1982-07-13,2011-10-14 16:38:47 EDT
16819054,0626600,,B J HUGHES INC,25 MI SE GALVESTON HIGH ISLAND,Galveston,TX,77550,,0000,,S,1389,000000,A,B,,B,,,,,,,,,,,00000,,29,1976-03-24,,1976-03-24,1983-02-11,2011-10-14 16:38:47 EDT
16819112,0626600,,COLORADO OIL CO INC,GOOSE CREEK OIL FIELD,Baytown,TX,77520,,0000,,S,1311,000000,A,B,,B,,,,,,,,,,,00000,,150,1976-05-27,,1976-06-07,1976-07-09,2011-10-14 16:38:47 EDT
16819237,0626600,,GRIFFIN WELL SERVICE INC,CHAMPLIN PETROLEUM COMPANY LEA,Thompsons,TX,77481,,0000,,S,1389,000000,A,B,,B,,,,,,,,,,,00000,,49,1976-07-29,,1976-08-10,1976-11-15,2011-10-14 16:38:47 EDT
16819443,0626600,,JFP WELL SERVICE INC,FOUR CORNERS COLLIN SWD WELL,Conroe,TX,77301,,0000,,S,1389,000000,A,B,,B,,,,,,,,,,,00000,,48,1976-10-27,,1976-10-29,1984-03-10,2011-10-14 16:38:47 EDT
16819831,0626600,,BIN 6 DRILLING CO,GUY JEANES LEASE NO 2 SE HUFFM,Huffman,TX,77336,,0000,,S,1381,000000,A,A,,B,,,,,,,,,,,00000,,13,1977-08-16,,1977-08-17,1977-12-29,2011-10-14 16:38:47 EDT
16819997,0626600,,UNION OIL CO OF CALIFORNI,MUCHOWICH DOCKS OFFSHORE RIG,Freeport,TX,77541,,0000,,S,1311,000000,A,A,,B,,,,,,,,,,,00000,,2,1978-03-06,,1978-05-04,1984-03-10,2011-10-14 16:38:47 EDT
16820003,0626600,,NOBLE DRILLING CORPORATION-RIG,MOCHNOWICH DOCKS OFFSHORE RIG,Freeport,TX,77541,,0000,,S,1381,000000,A,B,,B,,,,,,,,,,,00000,,30,1978-03-06,,1978-05-19,1984-03-10,2011-10-14 16:38:47 EDT
16823007,0626600,,G & A WELL SERVICE CO,HWY 111 15 MILES N OF EDNA TX,Edna,TX,77957,,0000,,S,1381,000000,A,B,,B,,,,,,,,,,,00000,,45,1974-07-10,,1974-07-10,1984-03-10,2011-10-14 16:38:47 EDT
16828089,0626600,,PROGRESS DRILLING INC,DRILL RIG 12 ALTA LOMA,Alta Loma,TX,77510,,0000,,S,1381,000000,A,B,,B,,,,,,,,,,,00000,,490,1976-07-08,,1976-07-08,1976-09-28,2011-10-14 16:38:47 EDT
16828915,0626600,,ATLANTIC PACIFIC MARINE CORP,RIG NO 5-HOEM NPB STATE LEASE,Galveston,TX,77550,,0000,,S,1381,000000,A,B,,B,,,,,,,,,,,00000,,300,1977-08-25,,1977-08-25,1984-03-10,2011-10-14 16:38:47 EDT
16829087,0626600,,COLUMBIA DRILLING CO,STATE TRACT 288 GALV BAY BARGE,Kemah,TX,77565,,0000,,S,1381,000000,A,B,,B,,,,,,,,,,,00000,,94,1977-11-17,,1977-12-01,1978-02-14,2011-10-14 16:38:47 EDT
16836249,0626600,,TEXACO INC PROD DEPT CENTRAL U,KOEHLER LEASE,Humble,TX,77402,,0000,,S,1311,000000,A,B,,A,,,,,,,,,,,00000,,24,1975-07-30,,1975-07-30,1984-03-10,2011-10-14 16:38:47 EDT
16836256,0626600,,COMET WELL SERVICE INC,KOEHLER LEASE,Humble,TX,77402,,0000,,S,1389,000000,A,A,,B,,,,,,,,,,,00000,,1,1975-07-30,,1975-07-30,1984-03-10,2011-10-14 16:38:47 EDT
16836678,0626600,,VIVA DRILLING CO,7 MI NORTH OF GARWOOD,Eagle Lake,TX,71101,,0000,,S,1381,000000,A,A,,B,,,,,,,,,,,00000,,9,1975-10-20,,1975-11-11,1976-01-08,2011-10-14 16:38:47 EDT
16837577,0626600,,B D K DRILLING CO,8 MILES SW OF ANGELTON,Angleton,TX,77515,,0000,,S,1381,000000,A,A,,B,,,,,,,,,,,00000,,15,1977-07-19,,1977-09-06,1984-03-10,2011-10-14 16:38:47 EDT
16840399,0626600,,PENROD DRILLING CO,10 MILES NORTH OF BRUNI FM2050,Bruni,TX,78344,,0000,Y,S,1381,000000,A,A,,B,,,,,,,,,,,00000,,21,1973-11-20,,1973-11-20,1974-01-17,2011-10-14 16:38:47 EDT
16840951,0626600,,MCCULLOUGH SERVICES,2 MILES S OF ALICE,Alice,TX,18332,,0000,,S,1389,000000,A,B,,B,,,,,,,,,,,00000,,14,1973-06-25,,1973-06-25,1984-03-10,2011-10-14 16:38:47 EDT
16848434,0626600,,HALLIBURTON SERVICES,L L & E MULLENAX 1,Buffalo,TX,75831,,0000,,S,1389,000000,A,B,,B,,,,,,,,,,,00000,,130,1983-06-02,,,1983-06-20,2011-10-14 16:38:47 EDT
16861171,0626600,,AMF TUBOSCOPE INC,15706 OLD BEAUMONT HIWAY,Houston,TX,77078,,0000,,S,1389,000000,A,A,,B,,,,,,,,,,,00000,,4,1980-05-07,,1980-05-09,1981-02-18,2011-10-14 16:38:47 EDT
16862781,0626600,,ARROWHEAD DRILLING CORP,DECKERS PRAIRE SOUTH 3 MILES F,Pinehurst,TX,77362,,0000,,S,1381,000000,A,B,,B,,,,,,,,,,,00000,,95,1981-07-20,,1981-09-04,1981-10-07,2011-10-14 16:38:47 EDT
16870610,0653510,,WEK DRILLING CO INC,16MI SE KENNA ROOSEVELT CTY NM,Kenna,NM,88201,,0000,,S,1381,000000,A,A,,B,,,,,,,,,,,00000,,25,1983-12-05,2016-08-01,1983-12-07,2000-10-01,2016-08-05 01:04:37 EDT
16870628,0653510,,SOOTER PUMPING SERVICE,15 MI SOUTH OF ELIDA,Elida,NM,88267,,0000,,S,1389,000000,A,A,,B,,,,,,,,,,,00000,,3,1983-12-19,2016-08-01,1983-12-20,2000-10-01,2016-08-05 01:04:37 EDT
16872053,0653510,,ARD DRILLING CO INC,8 1/2 MI N OF HWY 82 ON HWY 45,Lovington,NM,88260,,0000,,S,1381,000000,A,A,,B,,,,,,,,,,,00000,,50,1983-07-19,,1983-07-21,1984-03-22,2011-10-14 16:38:47 EDT
16872756,0653510,,MORANCO DRILLING,534 T13S R36E LEA CNTY,Hobbs,NM,88240,,0000,,S,1381,000000,A,A,,B,,,,,,,,,,,00000,,6,1983-04-20,,1983-04-20,1983-09-19,2011-10-14 16:38:47 EDT
16874224,0627700,,CRESENT PIPE & SUPPLY CO,4 MI S ON HWY 74 & 1 1/2 MI W,Crescent,OK,73028,,0000,,S,1389,000000,A,B,,B,,,,,,,,,,,00000,,14,1983-12-13,,1983-12-13,1984-03-07,2011-10-14 16:38:47 EDT
16874885,0627700,,EUBANKS TANK TRUCK SERVICE INC,12 MI NW ON HWY 64 AND N 10 MI,Guymon,OK,73942,,0000,,S,1389,000000,A,A,,B,,,,,,,,,,,00000,,3,1976-02-17,,1976-02-18,1976-04-30,2011-10-14 16:38:47 EDT
16875247,0627700,,HUGHES DRILLING CO INC RIG #1,1 MI WEST 3/4 MI NORTH,Jet,OK,73749,,0000,,S,1381,000000,A,A,,B,,,,,,,,,,,00000,,12,1976-04-27,,1976-04-27,1979-08-17,2011-10-14 16:38:47 EDT
16875940,0627700,,BATES WELL SERVICING,44TH STREET AND HIGH STREET,Oklahoma City,OK,73029,,0000,,S,1389,000000,A,A,,B,,,,,,,,,,,00000,,18,1976-12-01,,1976-12-06,1977-09-30,2011-10-14 16:38:47 EDT
16875957,0627700,,UNIT DRILLING CO RIG #3,6 MILES SOUTH ON HWY 83,Turpin,OK,73950,,0000,,S,1381,000000,A,A,,B,,,,,,,,,,,00000,,13,1976-12-07,,1976-12-07,1977-01-28,2011-10-14 16:38:47 EDT
16875973,0627700,,AUSTIN DRILLING CO,7 MILES WEST AND 6 MILES SOUTH,Watonga,OK,73772,,0000,,S,1381,000000,A,A,,B,,,,,,,,,,,00000,,13,1977-01-03,,1977-01-05,1984-03-10,2011-10-14 16:38:47 EDT
16875981,0627700,,VIERSON & COCHRAN DRILLING,4 MILES WEST ON HWY 66 1 MI,Erick,OK,73645,,0000,,S,1381,000000,A,A,,B,,,,,,,,,,,00000,,15,1977-01-13,,1977-01-14,1977-05-27,2011-10-14 16:38:47 EDT
16876203,0627700,,TRG DRILLING CORP,1 MILE WEST AND 1/2 MILE SOUTH,Pocasset,OK,73079,,0000,,S,1381,000000,A,A,,B,,,,,,,,,,,00000,,18,1977-04-11,,1977-04-21,1984-03-10,2011-10-14 16:38:47 EDT
16876211,0627700,,BAROID PETROLEUM SERVICES DIVI,2 MILES NORTH & 2 MILES EAST &,Springer,OK,73458,,0000,,S,1389,000000,A,B,,B,,,,,,,,,,,00000,,26,1977-04-14,,1977-04-26,1984-03-10,2011-10-14 16:38:47 EDT
16876526,0627700,,SCHLENSKER DRILLING CORPORATIO,1 MILE EAST 3 MILES NORTH 1/4,Little City,OK,73446,,0000,,S,1381,000000,A,B,,B,,,,,,,,,,,00000,,135,1977-08-04,,1977-08-08,1977-10-07,2011-10-14 16:38:47 EDT
16876732,0627700,,CHRISTIAN INC,3/4 MILES WEST ON NEW HWY 7 FR,Velma,OK,73091,,0000,,S,1389,000000,A,A,,B,,,,,,,,,,,00000,,25,1978-02-23,,1978-04-18,1978-06-30,2011-10-14 16:38:47 EDT
16877268,0627700,,BIG CHIEF DRILLING CO INC,2 MI WEST & 1 MI SOUTH & 1/4 M,Washington,OK,73093,,0000,,S,1381,000000,A,A,,B,,,,,,,,,,,00000,,16,1978-10-10,,1978-10-10,1979-03-09,2011-10-14 16:38:47 EDT
16877342,0627700,,M & M CLEANING & CONSTRUCTIO,BRADLEY COMPRESSOR STATION 8 M,Lindsay,OK,73052,,0000,,S,1389,000000,A,A,,B,,,,,,,,,,,00000,,14,1978-11-13,,1978-11-17,1979-02-02,2011-10-14 16:38:47 EDT
16877631,0627700,,BASIN DRILLING CORP RIG #1,5 MILES EAST ON HWY 33 & 2 1/2,Kingfisher,OK,73750,,0000,,S,1381,000000,A,A,,B,,,,,,,,,,,00000,,15,1979-03-27,,1979-03-28,1979-04-27,2011-10-14 16:38:47 EDT
16877805,0627700,,HUGHES DRILLING CO INC RIG #6,1 MI WEST OF INTERSECTION HWY,Covington,OK,73730,,0000,,S,1381,000000,A,B,,B,,,,,,,,,,,00000,,115,1979-07-02,,1979-07-06,1984-03-10,2011-10-14 16:38:47 EDT
16877847,0627700,,NEW-MEX CONSTRUCTION CO INC,8 1/2 MI NORTH AND 3/4 MI WES,Butler,OK,73625,,0000,,S,1389,000000,A,B,,B,,,,,,,,,,,00000,,8,1979-08-07,,1979-08-09,1984-03-10,2011-10-14 16:38:47 EDT
16877946,0627700,,NICOR DRILLING RIG #10,6 MILES SOUTH WEST ON COUNTY R,Reydon,OK,73660,,0000,,S,1381,000000,A,B,,B,,,,,,,,,,,00000,,260,1979-10-01,,1979-10-01,1979-11-09,2011-10-14 16:38:47 EDT
16878050,0627700,,RED'S CONSTRUCTION CO INC,2 MILES WEST AND 3/4 MILES,Canton,OK,73724,,0000,,S,1389,000000,A,B,,B,,,,,,,,,,,00000,,25,1979-12-07,,1979-12-07,1984-03-10,2011-10-14 16:38:47 EDT
16878100,0627700,,LENHART BENNETT DRILLING INC,3 MILES SOUTHEAST,Guthrie,OK,73044,,0000,,S,1381,000000,A,A,,B,,,,,,,,,,,00000,,13,1980-01-03,,1980-01-10,1984-03-10,2011-10-14 16:38:47 EDT
16878548,0627700,,TOP DRILLING INC RIG #6,3 MI N OF INTERSEC HWY 64 & HW,Comanche,OK,73529,,0000,,S,1381,000000,A,B,,B,,,,,,,,,,,00000,,13,1980-07-18,,1980-07-21,1984-03-10,2011-10-14 16:38:47 EDT
16878886,0627700,,PARKER DRILLING COMPANY-OKLAHO,1 MILE WEST & 1 MILE SOUTH & 3,Elk City,OK,73644,,0000,,S,1389,000000,A,A,,B,,,,,,,,,,,00000,,17,1980-11-19,,1980-11-20,1982-08-18,2011-10-14 16:38:47 EDT
16878894,0627700,,ARROW TANK TRUCK INC,4 MILES EAST ON HWY 33,Watonga,OK,73772,,0000,,S,1389,000000,A,B,,B,,,,,,,,,,,00000,,14,1980-11-20,,1980-11-20,1981-07-02,2011-10-14 16:38:47 EDT
16878951,0627700,,GOLD STAR DRILLING INC,2 MILES SOUTH AND 3 MILES WEST,Meridian,OK,73058,,0000,,S,1381,000000,A,B,,B,,,,,,,,,,,00000,,60,1981-07-21,,1981-07-28,1984-03-10,2011-10-14 16:38:47 EDT
16878977,0627700,,HONEYMON DRILLING CO LTD RIG 3,8 MI SO JUNCTION OF HWYS 70 W,Healdton,OK,73438,,0000,,S,1381,000000,A,B,,B,,,,,,,,,,,00000,,280,1981-08-04,,1981-08-07,1981-09-08,2011-10-14 16:38:47 EDT
16879009,0627700,,PROFFESIONAL MEASUREMENT SERVI,6 MILES SOUTH OF PERRY OK,Perry,OK,73077,,0000,,S,1389,000000,A,B,,B,,,,,,,,,,,00000,,6,1982-04-07,,1982-04-07,1984-06-08,2011-10-14 16:38:47 EDT
16879082,0627700,,RESOURCE DRILLING INC RIG 21,7 MI N ON HWY 44 & 2 MI W,Foss,OK,73647,,0000,,S,1381,000000,A,B,,B,,,,,,,,,,,00000,,700,1982-04-27,,1982-04-28,1982-05-25,2011-10-14 16:38:47 EDT
16879298,0627700,,LOFFLAND BROTHERS CO,3 MI SOUTH ON HWY 34 & 5 MI W,Hammon,OK,73650,,0000,,S,1381,000000,A,B,,B,,,,,,,,,,,00000,,22,1982-06-23,,1982-06-25,1984-03-07,2011-10-14 16:38:47 EDT
16879306,0627700,,MGF DRILLING CO INC,5 MI S OF HWY I40 & 3 3/4 EAST,Clinton,OK,73601,,0000,,S,1381,000000,A,B,,B,,,,,,,,,,,00000,,22,1982-06-24,,1982-07-01,1982-09-10,2011-10-14 16:38:47 EDT
16879389,0627700,,COWBOY WELLSERVICE,5 MI SO ON HWY 281 & 4 MI E,Gracemont,OK,73042,,0000,,S,1389,000000,A,B,,B,,,,,,,,,,,00000,,10,1982-08-09,,1982-08-09,1983-02-20,2011-10-14 16:38:47 EDT
16879397,0627700,,EAGLE PRODUCTION & DRILLING CO,3 MI EAST ON HWY 17 & 1 MI S,Sterling,OK,73567,,0000,,S,1381,000000,A,B,,B,,,,,,,,,,,00000,,14,1982-08-10,,1982-08-10,1984-03-01,2011-10-14 16:38:47 EDT
16879736,0627700,,KERR MCGEE CORP,2 MI SOUTH ON HWY 183,Putnam,OK,73659,,0000,,S,1311,000000,A,B,,B,,,,,,,,,,,00000,,90,1983-01-11,,1983-01-14,1983-02-11,2011-10-14 16:38:47 EDT
16879744,0627700,,D & S HOT OIL SERVICE CO,HELEN SLEERER LEASE 28 MI W &,Guymon,OK,73942,,0000,,S,1389,000000,A,B,,B,,,,,,,,,,,00000,,5,1983-01-12,,1983-01-12,1983-02-11,2011-10-14 16:38:47 EDT
16880015,0627700,,SOONER CASING CREWS INC,I-35 S TO 19ST,Moore,OK,73130,,0000,,S,1389,000000,A,B,,B,,,,,,,,,,,00000,,4,1983-04-18,,1983-04-20,1983-05-09,2011-10-14 16:38:47 EDT
16880338,0627700,,WEATHERFORD OILFIELD SERVICE,3 MI S & 3 MI WEST,Seiling,OK,73663,,0000,,S,1389,000000,A,B,,B,,,,,,,,,,,00000,,13,1983-08-01,,1983-08-03,1983-11-10,2011-10-14 16:38:47 EDT
16881120,0627700,,SHEBESTER-BECHT,2 1/2 MILES NW OF I-35 & FIR S,Perry,OK,73077,,0000,,S,1389,000000,A,B,,B,,,,,,,,,,,00000,,31,1976-02-04,,1976-02-11,1984-03-10,2011-10-14 16:38:47 EDT
16881138,0627700,,C E ED LEITH OPERATIONS,2 1/2 MILES NW OF I-35 & FIR S,Perry,OK,73077,,0000,,S,1389,000000,A,A,,B,,,,,,,,,,,00000,,1,1976-02-04,,1976-02-11,1984-03-10,2011-10-14 16:38:47 EDT
16881518,0627700,,CROUCH PETROLEUM INC,5 MILES NORTH & 5 MILES WEST,Reed,OK,73563,,0000,,S,1381,000000,A,A,,B,,,,,,,,,,,00000,,15,1976-12-22,,1977-01-05,1984-03-10,2011-10-14 16:38:47 EDT
16881526,0627700,,LOFFMAN BROTHERS CO,3 MILES SOUTH OF ELK CITY OKLA,Elk City,OK,73644,,0000,,S,1381,000000,A,A,,B,,,,,,,,,,,00000,,22,1977-01-04,,1977-01-04,1984-03-10,2011-10-14 16:38:47 EDT
16881930,0627700,,POOL WELL SERVICING CO INC,RIG 550 8 MI W ON SR 73,Clinton,OK,73601,,0000,,S,1389,000000,A,B,,B,,,,,,,,,,,00000,,12,1982-08-03,,1982-08-09,1982-08-19,2011-10-14 16:38:47 EDT
16882425,0627700,,LEAMCO SERVICES INC,EXXON LEASE 2 MI N OF WILSON O,Wilson,OK,73463,,0000,,S,1389,000000,A,B,,B,,,,,,,,,,,00000,,2,1983-03-08,,1983-03-09,1983-03-21,2011-10-14 16:38:47 EDT
16883118,0627700,,LEAMCO SERVICES INC,CONCO LEASE EHU 183 2 1/2 MI S,Hennessey,OK,73742,,0000,,S,1389,000000,A,B,,B,,,,,,,,,,,00000,,8,1983-10-26,,1983-10-26,1984-03-07,2011-10-14 16:38:47 EDT
16883423,0627700,,BILL PRICE & BILL PRICE JR INC,WARD LEASE LOVE COUNTY,Wilson,OK,73463,,0000,,H,1389,000000,A,B,,B,,,,,,,,,,,00000,,6,1982-10-08,,1982-10-08,1982-11-08,2011-10-14 16:38:47 EDT
16887267,0627700,,EASTERN WELL SERVICING CO,14 MILES EAST NE1/4 SE1/4 SW,Okmulgee,OK,74447,,0000,,S,1389,000000,A,B,,B,,,,,,,,,,,00000,,4,1982-06-24,,1982-06-28,1984-03-10,2011-10-14 16:38:47 EDT
16888885,0627700,,BIG CHIEF DRILLING CO INC,5 MILES NORTHWEST,Chickasha,OK,73018,,0000,,S,1381,000000,A,B,,B,,,,,,,,,,,00000,,16,1978-08-30,,1978-08-30,1984-03-10,2011-10-14 16:38:47 EDT
16890865,0627700,,CONTINENTAL OIL CO OKLAHOMA CI,SOUTHWEST 104TH AND ROCKWELL,Moore,OK,73060,,0000,,S,1311,000000,A,A,,B,,,,,,,,,,,00000,,4,1977-04-15,,1977-04-15,1977-05-20,2011-10-14 16:38:47 EDT
16892762,0627700,,T&M OILFIELD SERVICES,1/2 MILE S & 3/10 MILE E HIWAY,Foster,OK,73039,,0000,Y,S,1389,000000,A,A,,B,,,,,,,,,,,00000,,10,1976-12-15,,1976-12-21,1977-10-28,2011-10-14 16:38:47 EDT
16894362,0627700,,TOP DRILLING INC RIG #4,1/4 MILE WEST & 1/4 MILE SOUTH,Alex,OK,73002,,0000,,S,1381,000000,A,B,,B,,,,,,,,,,,00000,,13,1979-05-01,,1979-05-04,1979-06-08,2011-10-14 16:38:47 EDT
16894560,0627700,,BARRETT DRILLING CO INC,3 7/10 M W & 1 5/10 M N OF HIW,Chickasha,OK,73018,,0000,,S,1381,000000,A,A,,B,,,,,,,,,,,00000,,12,1979-08-30,,1979-09-25,1984-03-10,2011-10-14 16:38:47 EDT
16895260,0627700,,GREEN DRILLING CO,4 1/2 MILES EAST,Loyal,OK,73756,,0000,,S,1381,000000,A,A,,B,,,,,,,,,,,00000,,14,1975-09-25,,1975-10-01,1975-11-28,2011-10-14 16:38:47 EDT
16895344,0627700,,F W MORA DRILLING CO,4 MI EAST,Custer,OK,73639,,0000,,S,1381,000000,A,A,,B,,,,,,,,,,,00000,,15,1975-10-14,,1975-10-20,1975-12-12,2011-10-14 16:38:47 EDT
16895351,0627700,,BAROID DIV N L INDUSTRIES,4 MILES EAST OF CUSTER CITY,Custer,OK,73639,,0000,,S,1389,000000,A,A,,B,,,,,,,,,,,00000,,2,1975-10-16,,1975-10-22,1982-01-28,2011-10-14 16:38:47 EDT
16895443,0627700,,LADD PETROLEUM CORP,4 MILES EAST,Custer,OK,73639,,0000,,S,1311,000000,A,A,,B,,,,,,,,,,,00000,,3,1975-10-30,,1975-10-30,1975-11-28,2011-10-14 16:38:47 EDT
16895955,0627700,,LANDERS WELL SERV,1/2 MI N OF DEWAR,Dewar,OK,74431,,0000,,S,1389,000000,A,B,,B,,,,,,,,,,,00000,,4,1983-01-19,,1983-01-31,1983-02-04,2011-10-14 16:38:47 EDT
16896581,0627700,,TIGER WELL SERVICE INC,PATTY NO 1 LEASE 8 MI W OF MAN,Mannford,OK,74044,,0000,,S,1389,000000,A,A,,B,,,,,,,,,,,00000,,5,1983-05-09,,1983-05-10,1983-07-13,2011-10-14 16:38:47 EDT
16897050,0627700,,CULVER DRILLING CO RIG 22,MCGINNIS 2 15 LEASE 2 MI N & 1,Piedmont,OK,73073,,0000,,S,1381,000000,A,B,,B,,,,,,,,,,,00000,,13,1983-09-01,,1983-09-26,1983-12-02,2011-10-14 16:38:47 EDT
16899791,0627700,,REBEL TANK CO,MITHRINE INDUSTRIAL PARK,Chickasha,OK,73018,,0000,,H,1389,000000,A,B,,B,,,,,,,,,,,00000,,16,1979-11-20,,1979-12-05,1980-01-18,2011-10-14 16:38:47 EDT
16900631,0627700,,WIDENER BROTHERS FIBERGLASS,5 MILES WEST & 2 MILES NORTH H,Laverne,OK,73848,,0000,,H,1389,000000,A,B,,B,,,,,,,,,,,00000,,5,1981-12-09,,1981-12-10,1982-08-25,2011-10-14 16:38:47 EDT
16905697,0627700,,COWBOY WELL SERVICE,1 1/2 MI SOUTH COUNSIL RD & IH,Oklahoma City,OK,73128,,0000,,S,1389,000000,A,B,,B,,,,,,,,,,,00000,,35,1982-03-03,,1982-03-05,1982-12-17,2011-10-14 16:38:47 EDT
16905721,0627700,,MODAHL CO INC,5MI SOUTH OF TUTTLE ON,Tuttle,OK,73089,,0000,,S,1389,000000,A,B,,B,,,,,,,,,,,00000,,7,1982-03-12,,1982-03-12,1983-02-18,2011-10-14 16:38:47 EDT
16905929,0627700,,HONEYMON DRILLING CO LTD,6 MI NORTH HWY 30 & 152 E 2MI,Sweetwater,OK,73666,,0000,,S,1381,000000,A,B,,B,,,,,,,,,,,00000,,300,1982-06-03,,1982-06-04,1982-06-04,2011-10-14 16:38:47 EDT
16905937,0627700,,TRG DRILLING CORP RIG 133,17 MI WEST HYW 152 & HWY 183,Dill City,OK,73641,,0000,,S,1381,000000,A,B,,B,,,,,,,,,,,00000,,22,1982-06-07,,1982-06-08,1982-10-15,2011-10-14 16:38:47 EDT
16909103,0627700,,C & L PUMP SERVICE,P O BOX 35,Bray,OK,73012,,0000,,H,1389,000000,A,B,,B,,,,,,,,,,,00000,,5,1981-10-28,,1981-10-29,1981-11-09,2011-10-14 16:38:47 EDT
16909723,0627700,,RONNIE CLARK OIL LEASE SERVICE,BOX 66,Taloga,OK,73667,,0000,,H,1389,000000,A,B,,B,,,,,,,,,,,00000,,9,1983-06-21,,,1984-02-23,2011-10-14 16:38:47 EDT
16910432,0627700,,M & M CLEANING & CONSTRUCTIO,BRADLEY COMPRESSOR STATION 8 M,Lindsay,OK,73052,,0000,,S,1389,000000,A,A,,B,,,,,,,,,,,00000,,14,1978-11-13,,1978-11-17,1984-03-10,2011-10-14 16:38:47 EDT
16913055,0627700,,SHARP DRILLING CO INC-RIG,7 MILES NW OF SAYRE,Sayre,OK,73662,,0000,,S,1381,000000,A,A,,B,,,,,,,,,,,00000,,22,1978-08-01,,1978-08-01,1980-04-25,2011-10-14 16:38:47 EDT
16913865,0627700,,BIG CHIEF DRILLING CO,4 MI SOUTH 1 MI WEST,Burns Flat,OK,73624,,0000,,S,1381,000000,A,A,,B,,,,,,,,,,,00000,,16,1978-04-05,,1978-04-12,1978-06-23,2011-10-14 16:38:47 EDT
16913873,0627700,,SAGE DRILLING CO INC,6 MI NORTH 3/4 MI EAST,Rosston,OK,73855,,0000,,S,1381,000000,A,A,,B,,,,,,,,,,,00000,,15,1978-04-27,,1978-05-01,1979-06-15,2011-10-14 16:38:47 EDT
16913915,0627700,,L OFFLAND BROTHERS CO,8 MILES NORTH 4 1/2 MILES WEST,Elk City,OK,73644,,0000,,S,1381,000000,A,A,,B,,,,,,,,,,,00000,,21,1978-07-11,,1978-07-12,1978-08-25,2011-10-14 16:38:47 EDT
16913923,0627700,,SERVICE DRILLING CO,12 MI SOUTH 4 MI EAST,Keyes,OK,73947,,0000,,S,1381,000000,A,A,,B,,,,,,,,,,,00000,,14,1978-07-26,,1978-07-27,1978-09-22,2011-10-14 16:38:47 EDT
16913949,0627700,,KEWANEE INDUSTRIES INC,2 1/2 MI SOUTH 4 MI WEST,Temple,OK,73568,,0000,,S,1311,000000,A,A,,B,,,,,,,,,,,00000,,5,1978-08-10,,1978-08-17,1978-09-08,2011-10-14 16:38:47 EDT
16914012,0627700,,PHILLIPS PETROLEUM CO,1 MI NORTH 2 MI EAST,Binger,OK,73009,,0000,,S,1311,000000,A,A,,B,,,,,,,,,,,00000,,1,1978-10-13,,1978-10-25,1984-03-10,2011-10-14 16:38:47 EDT
16914020,0627700,,WELLTECH INC,1 MI NORTH 2 MI EAST,Binger,OK,73009,,0000,,S,1389,000000,A,A,,B,,,,,,,,,,,00000,,4,1978-10-13,,1978-10-25,1984-03-10,2011-10-14 16:38:47 EDT
16914046,0627700,,B J-HUGHES INC,1 MI NORTH 2 MI EAST,Binger,OK,73009,,0000,,S,1389,000000,A,A,,B,,,,,,,,,,,00000,,2,1978-10-18,,1978-10-25,1984-03-10,2011-10-14 16:38:47 EDT
16915027,0627700,,SUTHERLAND WELL SERVICE INC,3 3/4 MI WEST 2 1/2 MI SOUTH,Lone Grove,OK,73443,,0000,,S,1389,000000,A,A,,B,,,,,,,,,,,00000,,3,1980-05-23,,1980-05-29,1980-10-24,2011-10-14 16:38:47 EDT
16915233,0627700,,HUGHES DRILLING CO INC,4 1/2 MILES WEST 2 MILES SOUTH,Cashion,OK,73016,,0000,,S,1381,000000,A,A,,B,,,,,,,,,,,00000,,15,1980-09-03,,1980-09-11,1981-02-20,2011-10-14 16:38:47 EDT
16915340,0627700,,BLUE-J DRILLING INC,3 MILES EAST 2 1/2 MILES SOUTH,El Reno,OK,73036,,0000,,S,1381,000000,A,A,,B,,,,,,,,,,,00000,,15,1980-11-17,,1980-11-20,1981-03-27,2011-10-14 16:38:47 EDT
16915357,0627700,,NOBLE DRILLING CORP,9 MI WEST 3 1/2 MI NORTH,Marlow,OK,73055,,0000,,S,1381,000000,A,B,,B,,,,,,,,,,,00000,,23,1980-11-21,,1980-11-26,1980-12-05,2011-10-14 16:38:47 EDT
16915431,0627700,,CULVER DRILLING CO,8 1/2 MI SOUTH 5 MI WEST,Cheyenne,OK,73628,,0000,,S,1381,000000,A,B,,B,,,,,,,,,,,00000,,20,1980-12-15,,1980-12-22,1981-04-24,2011-10-14 16:38:47 EDT
16915506,0627700,,STANDARD DRILLING CO,12 MI WEST 1/4 MI SOUTH,Guthrie,OK,73044,,0000,,S,1389,000000,A,A,,B,,,,,,,,,,,00000,,4,1981-02-03,,1981-02-09,1981-09-23,2011-10-14 16:38:47 EDT
16915597,0627700,,J T TEAGUE ENTERPRISES,12 MI EAST,Cheyenne,OK,73628,,0000,,S,1389,000000,A,B,,B,,,,,,,,,,,00000,,5,1981-03-31,,1981-04-02,1981-05-13,2011-10-14 16:38:47 EDT
16915621,0627700,,L D BURNS DRILLING CO INC,13 MI WEST 1MI NORTH,Marietta,OK,73448,,0000,,S,1381,000000,A,A,,B,,,,,,,,,,,00000,,16,1981-04-16,,1981-04-22,1983-06-15,2011-10-14 16:38:47 EDT
16915647,0627700,,CULVER DRILLING CO,23 MI WEST 10 MI NORTH,Elk City,OK,73644,,0000,,S,1381,000000,A,A,,B,,,,,,,,,,,00000,,10,1981-05-11,,1981-05-15,1981-07-01,2011-10-14 16:38:47 EDT
16915738,0627700,,SMART DRILLING CO,4 1/4 MILES E 2 MILES SOUTH,Marlow,OK,73055,,0000,,S,1381,000000,A,A,,B,,,,,,,,,,,00000,,21,1981-07-08,,1981-07-10,1982-06-11,2011-10-14 16:38:47 EDT
16915795,0627700,,BAKER & TAYLOR DRILLING CO,1 1/2 MILES NORTH 1/2 MILE EAS,Hammon,OK,73650,,0000,,S,1381,000000,A,B,,B,,,,,,,,,,,00000,,16,1981-08-25,,1981-08-27,1981-11-03,2011-10-14 16:38:47 EDT
16915803,0627700,,CRC CARLS INC,2 1/2 MILES EAST,New Castle,OK,73065,,0000,,S,1389,000000,A,A,,B,,,,,,,,,,,00000,,4,1981-08-28,,1981-09-11,1981-09-11,2011-10-14 16:38:47 EDT
16915811,0627700,,ARMSTRONG TOOL & SUPPLY CO,2 1/2 MILES EAST,New Castle,OK,73065,,0000,,S,1389,000000,A,A,,B,,,,,,,,,,,00000,,2,1981-08-31,,1981-09-11,1981-09-11,2011-10-14 16:38:47 EDT
16915829,0627700,,PRODUCTION SERV INC,1 1/2 MI NORTH 4 MI EAST,Burns Flat,OK,73624,,0000,,S,1389,000000,A,A,,B,,,,,,,,,,,00000,,3,1981-09-15,,1981-09-23,1982-10-20,2011-10-14 16:38:47 EDT
16915837,0627700,,GLOBAL DRILLING CO,2 HALF MI NORTH,Eakly,OK,73033,,0000,,S,1381,000000,A,A,,B,,,,,,,,,,,00000,,18,1981-09-23,,1981-09-24,1983-03-07,2011-10-14 16:38:47 EDT
16915852,0627700,,NICHOLS CASING CREWS INC,3 ML EAST 3 ML SOUTH,Apache,OK,73006,,0000,,S,1389,000000,A,B,,B,,,,,,,,,,,00000,,5,1981-10-13,,1981-10-15,1981-10-16,2011-10-14 16:38:47 EDT
16915951,0627700,,SCHLUMBURGER WELL SERVICES A,5 3/4 MI WEST 1 MI NORTH,Sayre,OK,73662,,0000,,S,1389,000000,A,B,,B,,,,,,,,,,,00000,,6,1981-11-30,,1982-01-05,1985-04-29,2011-10-14 16:38:47 EDT
16916009,0627700,,VERTICAL CASING PULLERS INC,1 MI EAST 1 1/2 MI SOUTH,Marshall,OK,73056,,0000,,S,1389,000000,A,B,,B,,,,,,,,,,,00000,,4,1981-12-15,,1982-01-14,1982-08-20,2011-10-14 16:38:47 EDT
16916025,0627700,,EXETER DRILLING CENTRAL INC,1 MI EAST 2 MI NORTH,Oakwood,OK,73658,,0000,,S,1381,000000,A,B,,B,,,,,,,,,,,00000,,18,1982-01-14,,1982-01-15,1982-01-19,2011-10-14 16:38:47 EDT
16916033,0627700,,RAMCO WELL SERVICE INC,2 3/4 MILES NORTH 2 MILES EAST,Ames,OK,73718,,0000,,S,1389,000000,A,B,,B,,,,,,,,,,,00000,,4,1982-01-19,,1982-01-20,1984-06-08,2011-10-14 16:38:47 EDT
16916074,0627700,,WILSON BROTHERS DRILLING CO,2 1/2 MI E 3 MI N,Hammon,OK,73650,,0000,,S,1381,000000,A,B,,B,,,,,,,,,,,00000,,20,1982-02-12,,1982-02-17,1982-11-04,2011-10-14 16:38:47 EDT
16916264,0627700,,SMART DRILLING CO,1 MI S ON COUNTY LINE,Blanchard,OK,73010,,0000,,S,1381,000000,A,B,,B,,,,,,,,,,,00000,,22,1982-04-13,,1982-04-15,1982-10-28,2011-10-14 16:38:47 EDT
16916520,0627700,,FLINT ENGINEERING & CONST CO,2 1/2 MI S ON HWY 54 2 MI EAST,Weatherford,OK,73096,,0000,,S,1389,000000,A,B,,B,,,,,,,,,,,00000,,18,1982-08-16,,1982-08-19,1982-10-15,2011-10-14 16:38:47 EDT
16916660,0627700,,F & M TRUCKING INC,3 MILES NORTH 6 MILES WEST,Kingfisher,OK,73750,,0000,,S,1389,000000,A,B,,B,,,,,,,,,,,00000,,7,1982-10-29,,1982-11-04,1982-11-18,2011-10-14 16:38:47 EDT
16916728,0627700,,SLOAN DRILLING CO,1/2 MILE NORTH 3/4 MILES EAST,Calvin,OK,74531,,0000,,S,1381,000000,A,B,,B,,,,,,,,,,,00000,,13,1982-12-29,,1982-12-30,1983-06-01,2011-10-14 16:38:47 EDT
16916751,0627700,,PHASE II DRILLING SERV INC,OLD HWY 271 SOUTH,Poteau,OK,74953,,0000,,S,1389,000000,A,B,,B,,,,,,,,,,,00000,,19,1983-01-24,,1983-01-26,1983-02-04,2011-10-14 16:38:47 EDT
16916900,0627700,,BLAZER WELL SERV,3 1/2 MI WEST 1 1/4 MI S W,Hammon,OK,73650,,0000,,S,1389,000000,A,B,,B,,,,,,,,,,,00000,,18,1983-03-21,,1983-03-22,1983-04-04,2011-10-14 16:38:47 EDT
16917411,0627700,,GETTY TRADING & TRANSPORTATION,2 1/2 MI EAST 1 MI NORTH,Wilson,OK,73463,,0000,,S,1389,000000,A,B,,B,,,,,,,,,,,00000,,25,1983-07-27,,1983-09-14,1983-10-18,2011-10-14 16:38:47 EDT
16917445,0627700,,QUENTIN LITTLE CO,2 1/2 MI W 2 MI SOUTH,Ringling,OK,73456,,0000,,S,1389,000000,A,B,,B,,,,,,,,,,,00000,,4,1983-08-11,,1983-08-17,1983-11-10,2011-10-14 16:38:47 EDT
16917726,0627700,,DEGGES OILFIELD SERVICE,3 MILES EAST 8 MILES NORTH,Okemah,OK,74859,,0000,,S,1389,000000,A,B,,B,,,,,,,,,,,00000,,2,1984-01-13,,1984-01-18,1984-10-23,2011-10-14 16:38:47 EDT
16917874,0627700,,MCALESTER ROUST ABOUT INC,WELL SITE REED 211,Mcalester,OK,74966,,0000,,H,1381,000000,A,B,,B,,,,,,,,,,,00000,,23,1982-08-03,,1982-08-05,1982-11-12,2011-10-14 16:38:47 EDT
16918252,0627700,,GETTY TRADING & TRANSPORTATI,2 1/2 MI EAST 1 MI NORTH,Wilson,OK,73463,,0000,,H,1389,000000,A,B,,B,,,,,,,,,,,00000,,25,1983-07-27,,1983-07-27,1983-12-02,2011-10-14 16:38:47 EDT
16918773,0627700,,NICOR DRILLING CO INC,5 1/2 MILES SOUTH OF CHICKASHA,Chickasha,OK,73018,,0000,,S,1381,000000,A,B,,B,,,,,,,,,,,00000,,18,1978-11-13,,1978-11-14,1978-12-15,2011-10-14 16:38:47 EDT
16918864,0627700,,AMISTAD DRILLING CO,5 MILES WEST OF MENO,Meno,OK,73760,,0000,,S,1381,000000,A,B,,B,,,,,,,,,,,00000,,20,1978-12-22,,1978-12-22,1982-08-18,2011-10-14 16:38:47 EDT
16919045,0627700,,LEAMCO BEARING CO,NORTH EAST OF WYNNEWOOD,Wynnewood,OK,73098,,0000,,S,1389,000000,A,B,,B,,,,,,,,,,,00000,,100,1979-02-26,,1979-02-27,1980-06-06,2011-10-14 16:38:47 EDT
16919078,0627700,,HONEYMON DRILLING CO LTD,2MI SOUTH 3 MILES WEST,Okarche,OK,73762,,0000,,S,1381,000000,A,A,,A,,,,,,,,,,,00000,,15,1979-03-08,,1979-03-08,1979-04-13,2011-10-14 16:38:47 EDT
16919656,0627700,,HUGHES DRILLING CO INC RIG #5,MERIDIAN FILED WELL #1 SLINETT,Guthrie,OK,73044,,0000,,S,1381,000000,A,B,,B,,,,,,,,,,,00000,,15,1980-01-16,,1980-01-24,1980-02-29,2011-10-14 16:38:47 EDT
16919664,0627700,,F W A CO INC,FREDICK OIL WELL #1,Drummond,OK,73735,,0000,,S,1381,000000,A,A,,B,,,,,,,,,,,00000,,18,1980-01-17,,1980-01-25,1981-08-21,2011-10-14 16:38:47 EDT
16919920,0627700,,SPRUIELL DRILLING CO INC,10 MI SOUTH OF ALTUS,Altus,OK,73521,,0000,,S,1381,000000,A,B,,B,,,,,,,,,,,00000,,15,1980-04-02,,1980-04-02,1984-03-10,2011-10-14 16:38:47 EDT
16920191,0627700,,UNIT DRILLING EXPLORATION CO I,9MI N 9MI E OF WOODWARD OK,Woodward,OK,73801,,0000,,S,1381,000000,A,A,,B,,,,,,,,,,,00000,,15,1980-07-01,,1980-07-02,1981-04-17,2011-10-14 16:38:47 EDT
16920332,0627700,,T R COMPRESSION SERVICE,1/4 MI 1/2 MI WEST OF BISON,Tulsa,OK,73720,,0000,,S,1389,000000,A,B,,B,,,,,,,,,,,00000,,200,1980-08-19,,1980-09-09,1980-10-31,2011-10-14 16:38:47 EDT
16920340,0627700,,POOL WELL SERVICING CO,5 MI N 1/2 MI EAST OF COVINGTO,Covington,OK,73730,,0000,,S,1389,000000,A,B,,B,,,,,,,,,,,00000,,60,1980-08-18,,1980-09-19,1981-07-02,2011-10-14 16:38:47 EDT
16920357,0627700,,SHARP DRILLING CO INC,9 MI N SWEETWATER ON HWY 30,Sweetwater,OK,73666,,0000,,S,1381,000000,A,B,,B,,,,,,,,,,,00000,,22,1980-09-04,,1980-09-04,1981-08-26,2011-10-14 16:38:47 EDT
16920498,0627700,,LOYD JONES WELL SERVICE CO INC,5MI N 1MI E OF COVINGTON,Covington,OK,73730,,0000,,S,1389,000000,A,A,,B,,,,,,,,,,,00000,,4,1980-10-28,,1980-10-28,1981-01-09,2011-10-14 16:38:47 EDT
16920571,0627700,,VG DRILLING CO INC,10MI N OF ENID OK 3/4 MI E,Enid,OK,73701,,0000,,S,1381,000000,A,B,,B,,,,,,,,,,,00000,,14,1980-12-04,,1980-12-11,1981-07-02,2011-10-14 16:38:47 EDT
16923286,0627700,,HALLIBURTON SERVICES A DIV OF,AIRPORT RD 1 MI N HALF MI E 2,Weatherford,OK,73096,,0000,,S,1389,000000,A,B,,B,,,,,,,,,,,00000,,4000,1980-11-19,,1980-12-08,1981-07-02,2011-10-14 16:38:47 EDT
16923336,0627700,,HUGHES DRILLING CO,6 MILES SE OF DRUMMOND,Drummond,OK,73701,,0000,,S,1381,000000,A,A,,B,,,,,,,,,,,00000,,15,1981-01-27,,1981-03-06,1981-07-08,2011-10-14 16:38:47 EDT
16923427,0627700,,HELMERICH & PAYNE INTERNATIO,5 MILES SOUTH OF BRADLEY RIG 8,Bradley,OK,73011,,0000,,S,1381,000000,A,B,,B,,,,,,,,,,,00000,,15,1981-03-17,,1981-03-19,1981-10-05,2011-10-14 16:38:47 EDT
16923468,0627700,,WINTER DRILLING CO,2 MILES EAST OF GOLTRY OK,Goltry,OK,73739,,0000,,S,1381,000000,A,A,,B,,,,,,,,,,,00000,,2,1981-04-15,,1981-04-15,1982-08-18,2011-10-14 16:38:47 EDT
16923476,0627700,,VULCAN EXPLORATION CO,6 MILES NORTH OF PELDMONT,Piedmont,OK,73078,,0000,,S,1381,000000,A,B,,B,,,,,,,,,,,00000,,12,1981-04-16,,1981-04-16,1981-05-21,2011-10-14 16:38:47 EDT
16923484,0627700,,BIG RED WELL SERVICE INC,HWY 81 AND 51,Hennessey,OK,73742,,0000,,S,1381,000000,A,A,,B,,,,,,,,,,,00000,,120,1981-04-22,,1981-05-07,1985-01-15,2011-10-14 16:38:47 EDT
16923492,0627700,,PARKER DRILLING CO,3 MILES SOUTH OF CYRIL OK,Cyril,OK,73029,,0000,,S,1381,000000,A,A,,B,,,,,,,,,,,00000,,20,1981-05-12,,1981-05-29,1981-06-05,2011-10-14 16:38:47 EDT
16923534,0627700,,MERCURY DRILLING CO RIG 8,1 MILE E 2 MILES S OF VERDEN,Verden,OK,73092,,0000,,S,1381,000000,A,B,,B,,,,,,,,,,,00000,,22,1981-06-09,,1981-06-09,1981-07-06,2011-10-14 16:38:47 EDT
16923542,0627700,,SUITS DRILLING CO RIG NO 5,4 MILES SW OF DRUMMOND,Drummond,OK,73735,,0000,,S,1381,000000,A,A,,B,,,,,,,,,,,00000,,13,1981-06-18,,1981-06-19,1981-12-21,2011-10-14 16:38:47 EDT
16923609,0627700,,PRIDE OIL WELL SERVICE,9 MI E OF RUSH SPRINGS RIG 725,Rush Springs,OK,73081,,0000,,S,1381,000000,A,A,,B,,,,,,,,,,,00000,,5,1981-07-30,,1981-08-26,1982-09-30,2011-10-14 16:38:47 EDT
16923658,0627700,,COME BACK CONST INC,3 MILES NORTH OF PIEDMONT OK,Piedmont,OK,73078,,0000,,S,1389,000000,A,B,,B,,,,,,,,,,,00000,,15,1981-09-02,,1981-09-02,1981-10-02,2011-10-14 16:38:47 EDT
16923732,0627700,,DRESSER ATLAS,3 1/2 MILES NORTH OF ROLL OK,Cheyenne,OK,73628,,0000,,S,1389,000000,A,B,,B,,,,,,,,,,,00000,,41,1981-10-06,,1981-10-06,1981-10-23,2011-10-14 16:38:47 EDT
16923740,0627700,,COLLINS WELL SERVICE CO,9 MILES NW OF LEEDEY OK,Leedey,OK,73654,,0000,,S,1389,000000,A,B,,B,,,,,,,,,,,00000,,6,1981-10-07,,1981-10-20,1990-07-13,2011-10-14 16:38:47 EDT
16923773,0627700,,VIERSEN & COCHRAN DRILLING CO,RIG 16 4 MILES NORTH OF TEXOLA,Texola,OK,73668,,0000,,S,1381,000000,A,B,,B,,,,,,,,,,,00000,,22,1981-10-28,,1981-10-28,1981-11-24,2011-10-14 16:38:47 EDT
16923831,0627700,,PETRA DRILLING CORP,5 MI NORTH OF GUTHRIE OK HWY,Guthrie,OK,73044,,0000,,S,1381,000000,A,B,,B,,,,,,,,,,,00000,,15,1981-12-03,,1981-12-10,1982-08-18,2011-10-14 16:38:47 EDT
16923880,0627700,,CIRCLE J FREIGHT LINES INC,36TH AVE & INDIAN HILLS RD,Norman,OK,73069,,0000,,S,1389,000000,A,B,,B,,,,,,,,,,,00000,,45,1982-01-15,,1982-01-15,1984-03-03,2011-10-14 16:38:47 EDT
16923914,0627700,,S & G DRILLING CO INC,7 MILES E OF DUNCAN,Duncan,OK,73533,,0000,,S,1381,000000,A,B,,B,,,,,,,,,,,00000,,13,1982-01-07,,1982-01-12,1982-08-24,2011-10-14 16:38:47 EDT
16923922,0627700,,COWBOY WELL SERVICE,E MAIN ST,Yukon,OK,73036,,0000,,S,1389,000000,A,B,,B,,,,,,,,,,,00000,,35,1982-01-08,,1982-01-08,1982-02-16,2011-10-14 16:38:47 EDT
16924102,0627700,,WEATHERFORD/LAMINC,HWY 19 1 MILE EAST OF APACHE,Apache,OK,73006,,0000,,S,1389,000000,A,B,,B,,,,,,,,,,,00000,,7,1982-03-30,,1982-04-05,1984-03-10,2011-10-14 16:38:47 EDT
16924110,0627700,,TOTAL OIL FIELD SERVICE INC,HWY 283 5 MILES NORTH OF SAYRE,Sayre,OK,73662,,0000,,S,1389,000000,A,B,,B,,,,,,,,,,,00000,,15,1982-04-07,,1982-04-08,1982-11-05,2011-10-14 16:38:47 EDT
16924144,0627700,,TRIGG DRILLING INC,4 MILES SOUTH ELK CITY 3 MILES,Elk City,OK,73644,,0000,,S,1381,000000,A,B,,B,,,,,,,,,,,00000,,18,1982-04-20,,1982-04-21,1982-05-11,2011-10-14 16:38:47 EDT
16924581,0627700,,JOHNSON DRILLING CO INC,17 MILES WEST GUYMON ON HWY 64,Guymon,OK,73942,,0000,,S,1381,000000,A,A,,B,,,,,,,,,,,00000,,16,1981-09-30,,1981-10-15,1982-11-04,2011-10-14 16:38:47 EDT
16924615,0627700,,ARROW PIPE SERVICE INC,APPROX 28 MILES SW OF CHICKASH,Chickasha,OK,73018,,0000,,S,1389,000000,A,B,,B,,,,,,,,,,,00000,,8,1981-10-22,,1981-10-22,1983-01-10,2011-10-14 16:38:47 EDT
16924714,0627700,,CUDD PRESSURE CONTROL INC,N W OF GERRY,Geary,OK,73040,,0000,,S,1389,000000,A,B,,B,,,,,,,,,,,00000,,6,1981-12-04,,1981-12-08,1982-12-17,2011-10-14 16:38:47 EDT
16924722,0627700,,CLIFFS DRILLING CO,1 1/2 MI EAST OF APACHE ON HWY,Apache,OK,73006,,0000,,S,1381,000000,A,B,,B,,,,,,,,,,,00000,,26,1981-12-10,,1981-12-18,1983-07-20,2011-10-14 16:38:47 EDT
16924730,0627700,,BILL JACKSON RIG CO INC,2 1/2 MI NORTH OF STERLING OFF,Sterling,OK,73567,,0000,,S,1389,000000,A,B,,B,,,,,,,,,,,00000,,2,1981-12-10,,1982-01-12,1981-12-15,2011-10-14 16:38:47 EDT
16924821,0627700,,PRODUCTION SERVICES INC,6 MILES W OF HWY 66 & 6 ON HWY,Elk City,OK,73644,,0000,,S,1389,000000,A,B,,B,,,,,,,,,,,00000,,3,1982-01-05,,1982-01-14,1982-08-24,2011-10-14 16:38:47 EDT
16924847,0627700,,LINCOLN ROCK CORP,APPROX 3 MILES NE OF MARRIETA,Marietta,OK,73448,,0000,,S,1311,000000,A,B,,B,,,,,,,,,,,00000,,3,1982-01-14,,1982-01-20,1984-10-23,2011-10-14 16:38:47 EDT
16924862,0627700,,COAL OIL GAS CORP,N E OF BISSIE,Bessie,OK,73622,,0000,,S,1311,000000,A,B,,B,,,,,,,,,,,00000,,5,1982-01-25,,1982-01-27,1982-02-16,2011-10-14 16:38:47 EDT
16924870,0627700,,COAL OIL GAS CORP,SOUTH OF STAFFORD RIG 5,Clinton,OK,73601,,0000,,S,1311,000000,A,B,,B,,,,,,,,,,,00000,,5,1982-01-27,,1982-01-29,1982-02-16,2011-10-14 16:38:47 EDT
16924912,0627700,,MONUMENT WELL SERVICE INC,SARA RD SOUTH OF 1 40,Oklahoma City,OK,73128,,0000,,S,1389,000000,A,B,,B,,,,,,,,,,,00000,,4,1982-02-23,,1982-02-24,1985-04-29,2011-10-14 16:38:47 EDT
16925281,0627700,,CACTUS DRILLING CO,APPROX 7 MILES SW OF CLINTON,Clinton,OK,73601,,0000,,S,1381,000000,A,B,,B,,,,,,,,,,,00000,,15,1982-06-10,,1982-06-24,1983-02-04,2011-10-14 16:38:47 EDT
16925299,0627700,,SANTA FE DRILLING CO,5 MILES SOUTH OF CLINTON,Clinton,OK,73601,,0000,,S,1381,000000,A,B,,B,,,,,,,,,,,00000,,32,1982-06-15,,1982-06-15,1982-07-06,2011-10-14 16:38:47 EDT
16927576,0627400,,ROYAL DRILLING INC,875 CENTRAL,Odessa,TX,79716,,0000,,S,1381,000000,A,A,,B,,,,,,,,,,,00000,,13,1983-10-18,,1983-10-28,1984-01-05,2011-10-14 16:38:47 EDT
16928426,0627400,,BAKER & TAYLOR DRILLING CO,GRUVER HIGHWAY,Spearman,TX,79081,,0000,,S,1381,000000,A,B,,B,,,,,,,,,,,00000,,200,1972-08-03,,1972-08-03,1984-03-10,2011-10-14 16:38:47 EDT
16929127,0627400,,STEVENSON-ROACH,104 NORTH 1ST,Artesia,NM,88210,,0000,,S,1389,000000,A,A,,B,,,,,,,,,,,00000,,14,1973-02-13,,1973-02-13,1984-03-10,2011-10-14 16:38:47 EDT
16930240,0627400,,TREY TRUCKS INC,906 SE COUNTY RD,Crane,TX,79731,,0000,,S,1389,000000,A,B,,B,,,,,,,,,,,00000,,32,1977-10-31,,1977-11-01,1977-12-09,2011-10-14 16:38:47 EDT
16930364,0627400,,WELLTECH INC MID-CONTINENT DIV,29 MILES SE OF CANADIAN TX,Canadian,TX,79014,,0000,,H,1389,000000,A,B,,B,,,,,,,,,,,00000,,950,1978-02-28,,1978-03-01,1984-03-10,2011-10-14 16:38:47 EDT
16930471,0627400,,AZTEC DRILLING CO,3624 IMPERIAL,Midland,TX,79703,,0000,,S,1382,000000,A,B,,B,,,,,,,,,,,00000,,6,1978-07-12,,1978-07-12,1984-03-10,2011-10-14 16:38:47 EDT
16930539,0627400,,MOBIL OIL CORP,RUSSELL FIELD 125W DENVER CITY,Denver City,TX,79323,,0000,,S,1311,000000,A,A,,A,,,,,,,,,,,00000,,19,1978-08-23,,1978-08-24,1984-03-10,2011-10-14 16:38:47 EDT
16940702,0627400,,HILLIN DRILLING CO RIT #2,15 MILES SOUTHWEST OF HWY 395,Imperial,TX,79760,,0000,,S,1381,000000,A,B,,B,,,,,,,,,,,00000,,125,1977-09-28,,1977-09-29,1978-12-22,2011-10-14 16:38:47 EDT
16940918,0627400,,THEO H BLUE DRILLING INC,THREE MILES NORTH OF CRANE TX,Crane,TX,79731,,0000,,S,1381,000000,A,B,,B,,,,,,,,,,,00000,,16,1977-12-01,,1977-12-22,1978-01-20,2011-10-14 16:38:47 EDT
16941031,0627400,,ARD DRILLING CO INC,15 MILES SOUTH OF SHEFFIELD TX,Sheffield,TX,79781,,0000,,S,1381,000000,A,B,,B,,,,,,,,,,,00000,,150,1978-02-01,,1978-02-08,1984-03-10,2011-10-14 16:38:47 EDT
16941510,0627400,,PATE INC,4 MILES NORTH EAST OF DENVER,Crowley,TX,79323,,0000,,S,1381,000000,A,B,,B,,,,,,,,,,,00000,,60,1978-08-22,,1978-08-22,1984-03-10,2011-10-14 16:38:47 EDT
16942278,0627400,,FORD TOOL CO,3 MILES EAST OF HWY 277 NEAR A,Allison,TX,79003,,0000,,S,1389,000000,A,A,,B,,,,,,,,,,,00000,,5,1979-05-31,,1979-06-01,1981-05-29,2011-10-14 16:38:47 EDT
16942351,0627400,,VIERSEN & COCHRAN DRILLING C,11 MILES SOUTH OF CANADIAN TE,Canadian,TX,79014,,0000,,S,1381,000000,A,B,,B,,,,,,,,,,,00000,,18,1979-06-28,,1979-06-28,1979-08-13,2011-10-14 16:38:47 EDT
16942468,0627400,,YALE E KEY WELL SERVICE INC RI,5 MILES SOUTH WEST OF MIDLAND,Midland,TX,79701,,0000,,S,1389,000000,A,B,,B,,,,,,,,,,,00000,,200,1979-08-16,,1979-08-20,1980-07-31,2011-10-14 16:38:47 EDT
16942880,0627400,,RIAL DRILLING CO INC,12 MILES SE OF BIG LAKE OF HWY,Big Lake,TX,79702,,0000,,S,1381,000000,A,B,,B,,,,,,,,,,,00000,,150,1980-01-30,,1980-01-30,1981-01-02,2011-10-14 16:38:47 EDT
16942989,0627400,,N L WELL SERVICE,24 MILES SOUTH EAST OF ANDREWS,Andrews,TX,79714,,0000,,S,1381,000000,A,A,,B,,,,,,,,,,,00000,,4,1980-04-22,,1980-04-25,1981-05-29,2011-10-14 16:38:47 EDT
16942997,0627400,,RR&R TRUCKING SERVICE INC,1 1/2 MILES NORTH OF LOBY TEXA,Roby,TX,79543,,0000,,S,1389,000000,A,A,,B,,,,,,,,,,,00000,,12,1980-04-23,,1980-04-23,1980-08-15,2011-10-14 16:38:47 EDT
16943045,0627400,,SANTA FE DRILLING CO,26 MILES NORTH WEST FROM MARAT,Marathon,TX,79842,,0000,,S,1381,000000,A,A,,B,,,,,,,,,,,00000,,240,1980-05-14,,1980-05-19,1981-07-23,2011-10-14 16:38:47 EDT
16943052,0627400,,PETROLEUM CORP OF TEXAS,LOGSWHITE LEASE 30 MILES SOUTH,Andrews,TX,79714,,0000,,S,1311,000000,A,A,,B,,,,,,,,,,,00000,,6,1980-05-27,,1980-05-28,1980-07-21,2011-10-14 16:38:47 EDT
16943060,0627400,,DELTA DRILLING WEST TEXAS DIVI,29 MILES SE OF BIG SPRING TX O,Sterling City,TX,76951,,0000,,S,1381,000000,A,A,,B,,,,,,,,,,,00000,,160,1980-05-28,,1980-05-28,1984-03-10,2011-10-14 16:38:47 EDT
16943151,0627400,,AMOCO PRODUCTION CO,SLAUGHTER GASOLINE PLANT,Sundown,TX,79372,,0000,,S,1311,000000,A,A,,A,,,,,,,,,,,00000,,60,1980-06-13,,1980-06-17,1980-08-28,2011-10-14 16:38:47 EDT
16943433,0627400,,BAKER & TAYLOR DRILLING CO,RIG # 11 HEADWATERS # 1 GRAY C,Pampa,TX,79065,,0000,,S,1311,000000,A,A,,B,,,,,,,,,,,00000,,16,1980-09-04,,1980-09-05,1981-12-30,2011-10-14 16:38:47 EDT
16943623,0627400,,VERNA DRILLING CO,NO STREET ADDRESS,Denver City,TX,79336,,0000,,S,1381,000000,A,B,,B,,,,,,,,,,,00000,,63,1974-07-17,,1974-07-17,1984-03-10,2011-10-14 16:38:47 EDT
16943631,0627400,,HALLIBURTON SERVICES,413 CLARA,Rankin,TX,79778,,0000,,S,1389,000000,A,A,,B,,,,,,,,,,,00000,,110,1974-07-18,,1974-07-18,1984-03-10,2011-10-14 16:38:47 EDT
16943664,0627400,,POOL CO,15 MILES EAST OF SONORA TEXAS,Sonora,TX,76950,,0000,,S,1389,000000,A,B,,B,,,,,,,,,,,00000,,62,1974-08-13,,1974-08-13,1984-03-10,2011-10-14 16:38:47 EDT
16943672,0627400,,B & B CONSTRUCTION CO,11 MILES EAST OF CRANE TEXAS,Crane,TX,79731,,0000,,S,1389,000000,A,B,,B,,,,,,,,,,,00000,,120,1974-08-14,,1974-08-14,1974-09-25,2011-10-14 16:38:47 EDT
16943680,0627400,,ELECTRIC SERVICE & CONSTRUCTIO,9 MILES SW OF PENWELL TEXAS,Penwell,TX,79776,,0000,,S,1389,000000,A,B,,B,,,,,,,,,,,00000,,32,1974-08-15,,1974-08-15,1984-03-10,2011-10-14 16:38:47 EDT
16943698,0627400,,SHARP DRILLING CO INC,20 MILES NORTH OF,Midland,TX,79701,,0000,,S,1381,000000,A,B,,B,,,,,,,,,,,00000,,388,1974-09-05,,1974-09-05,1984-03-10,2011-10-14 16:38:47 EDT
16943771,0627400,,VERNA DRILLING CO,2 MILES SW OF SUNDOWN TEXAS,Sunnyvale,TX,79372,,0000,,S,1381,000000,A,B,,B,,,,,,,,,,,00000,,110,1974-10-16,,1974-10-16,1984-03-10,2011-10-14 16:38:47 EDT
16943953,0627400,,BROWNE BROS,1/4 MILE SOUTH OF LOOP 322,Abilene,TX,79601,,0000,,S,1389,000000,A,B,,B,,,,,,,,,,,00000,,13,1974-12-06,,1974-12-06,1984-03-10,2011-10-14 16:38:47 EDT
16944068,0627400,,DIXIE ELECTRIC CO INC ODE,18 MILE SOUTH OF PENWELL TEXAS,Penwell,TX,79760,,0000,,S,1381,000000,A,B,,B,,,,,,,,,,,00000,,45,1975-02-05,,1975-02-06,1975-02-25,2011-10-14 16:38:47 EDT
16944092,0627400,,F W A DRILLING CO INC,10 MILES NORTH OF BARNHART TEX,Barnhart,TX,76930,,0000,,S,1381,000000,A,B,,B,,,,,,,,,,,00000,,170,1975-02-25,,1975-02-27,1975-03-20,2011-10-14 16:38:47 EDT
16944183,0627400,,LEWIS CESING CREWS CO,12 MILES NORTH OF BARNHART TEX,Barnhart,TX,76930,,0000,,S,1389,000000,A,B,,B,,,,,,,,,,,00000,,13,1975-04-01,,1975-04-03,1975-05-20,2011-10-14 16:38:47 EDT
16944621,0627400,,LOYD JONES WELL SERVICE,4 MILES NORTH OF CANADIAN TEXA,Canadian,TX,79014,,0000,,S,1389,000000,A,A,,B,,,,,,,,,,,00000,,10,1975-10-24,,1975-10-24,1975-12-12,2011-10-14 16:38:47 EDT
16944704,0627400,,CAPITAN DRILLING CO RIG#1,7 MILES NORTH OF SNYDER TEXAS,Snyder,TX,79549,,0000,,S,1381,000000,A,A,,B,,,,,,,,,,,00000,,13,1975-11-18,,1975-11-18,1975-12-09,2011-10-14 16:38:47 EDT
16945081,0627400,,DRILLER'S INC OF TEXAS,20 MILES N W OF CANADIAN TX,Canadian,TX,79014,,0000,,S,1381,000000,A,B,,B,,,,,,,,,,,00000,,21,1978-11-14,,1978-11-15,1978-12-29,2011-10-14 16:38:47 EDT
16947392,0627400,,FWA DRILLING CO INC,20 MILES N,Stanton,TX,79782,,0000,,S,1381,000000,A,B,,B,,,,,,,,,,,00000,,300,1974-03-12,,1974-03-12,1984-03-10,2011-10-14 16:38:47 EDT
16947442,0627400,,ROWAN DRILLING U S RIG 28,12 MILES SOUTH OF WICKETT TX,Wickett,TX,79788,,0000,,S,1381,000000,A,B,,B,,,,,,,,,,,00000,,250,1974-03-19,,1974-03-19,1984-03-10,2011-10-14 16:38:47 EDT
16947582,0627400,,D B DRILLING CO INC RIG # 7,21 MILES SE OF COLORADO CITY,Colorado City,TX,79512,,0000,,S,1381,000000,A,B,,B,,,,,,,,,,,00000,,125,1974-04-03,,1974-04-03,1984-03-10,2011-10-14 16:38:47 EDT
16948549,0627400,,AMOCO PRODUCTION CO,FRAZIER LEASE INSECTION STATIO,Sundown,TX,79372,,0000,,H,1311,000000,A,B,,A,,,,,,,,,,,00000,,380,1980-02-29,,1980-03-05,1981-04-17,2011-10-14 16:38:47 EDT
16948705,0627400,,POOL WELL SERVILING CO,9305 6 MILES S OF DENVER CTY,Denver City,TX,79323,,0000,,S,1389,000000,A,B,,B,,,,,,,,,,,00000,,47,1982-05-18,,1982-05-19,1984-03-10,2011-10-14 16:38:47 EDT
16948713,0627400,,N L TREATING CHEMICAL,12 MI SE OF CTY OF ASPERMONT,Sweetwater,TX,79556,,0000,,S,1389,000000,A,B,,B,,,,,,,,,,,00000,,15,1982-05-20,,1982-05-21,1982-07-09,2011-10-14 16:38:47 EDT
16948945,0627400,,SPRALDING DRILLING CO,RIG NO 2 16 MI E OF BORGER,Borger,TX,79007,,0000,,S,1381,000000,A,B,,B,,,,,,,,,,,00000,,12,1982-09-29,,1982-09-29,1982-11-10,2011-10-14 16:38:47 EDT
16949521,0627400,,T M B R DRILLING INC,WELL NO 334 3 MILES EAST,Andrews,TX,79714,,0000,,S,1381,000000,A,A,,B,,,,,,,,,,,00000,,5,1983-03-30,,1983-04-08,1983-05-11,2011-10-14 16:38:47 EDT
16949687,0627400,,CON CHEM CO INC,PHILLIPS TRACT 13 WELL NO 3,Pampa,TX,79065,,0000,,S,1389,000000,A,B,,B,,,,,,,,,,,00000,,6,1983-06-10,,1983-06-10,1984-03-22,2011-10-14 16:38:47 EDT
16949737,0627400,,WESTDALE INC,4 MILES WEST OF SAGERTON,Rule,TX,79547,,0000,,S,1389,000000,A,B,,B,,,,,,,,,,,00000,,50,1983-07-29,2016-06-03,1983-07-29,1984-09-30,2016-06-30 01:10:52 EDT
16949745,0627400,,JACK E BEARDEN DRILLING CO INC,1 MILE W OF CHILLICOTHE WORLD,Chillicothe,TX,79225,,0000,Y,S,1381,000000,A,B,,B,,,,,,,,,,,00000,,5,1983-08-02,,1983-09-01,1984-03-22,2011-10-14 16:38:47 EDT
16949927,0627400,,WHITES SERVICE,2211 COLLEGE,Tye,TX,79549,,0000,,S,1389,000000,A,B,,B,,,,,,,,,,,00000,,5,1983-11-18,,1983-11-18,1983-12-09,2011-10-14 16:38:47 EDT
16952012,0627400,,SOJOURNER DRILLING CORP,7 MILES SE,Sweetwater,TX,79556,,0000,,S,1381,000000,A,A,,B,,,,,,,,,,,00000,,13,1972-11-04,,1972-11-04,1984-03-10,2011-10-14 16:38:47 EDT
16952103,0627400,,POOL CO,25 MILES S E,Ozona,TX,76943,,0000,,S,1389,000000,A,A,,B,,,,,,,,,,,00000,,21,1973-10-18,,1973-10-18,1984-03-10,2011-10-14 16:38:47 EDT
16952129,0627400,,FWA DRILLING CO INC,25 MILES NW OF BIG LAKE,Big Lake,TX,76932,,0000,,S,1381,000000,A,B,,B,,,,,,,,,,,00000,,130,1973-10-23,,1973-10-23,1984-03-10,2011-10-14 16:38:47 EDT
16952186,0627400,,CHICO DRILLING CO,9 MILES EAST OF ANTON TEXAS,Anton,TX,79313,,0000,,S,1381,000000,A,B,,B,,,,,,,,,,,00000,,60,1973-10-30,,1973-10-30,1984-03-10,2011-10-14 16:38:47 EDT
16952335,0627400,,DANIELS WELL SERVICING INC,1 MILE N OF LOCO HILLS,Loco Hills,NM,88255,,0000,,S,1389,000000,A,B,,B,,,,,,,,,,,00000,,20,1973-04-06,,1973-04-06,1984-03-10,2011-10-14 16:38:47 EDT
16952350,0627400,,ROCKER A WELL SERVICE INC,ONE MILES E ON HWY 380,Post,TX,79350,,0000,,S,1389,000000,A,B,,B,,,,,,,,,,,00000,,35,1973-05-01,,1973-05-01,1984-03-10,2011-10-14 16:38:47 EDT
16952392,0627400,,D-B DRILLING CORP,4 MILES NORTHWEST,Wingate,TX,79566,,0000,,S,1381,000000,A,A,,B,,,,,,,,,,,00000,,14,1973-05-16,,1973-05-16,1984-03-10,2011-10-14 16:38:47 EDT
16952459,0627400,,J D RICHARDSON INC,5 MILES NW CRANE AMINI OIL CO,Crane,TX,79731,,0000,,S,1389,000000,A,B,,B,,,,,,,,,,,00000,,110,1973-06-01,,1973-06-01,1984-03-10,2011-10-14 16:38:47 EDT
16952830,0627400,,SHARP DRILLING CO INC,4 MILES SE,Mentone,TX,79754,,0000,,S,1381,000000,A,A,,B,,,,,,,,,,,00000,,15,1974-02-13,,1974-02-13,1984-03-10,2011-10-14 16:38:47 EDT
16953424,0627400,,HOOKS WELL SERVICE,6 MILES SW HERRING A LEASE WEL,Stinnett,TX,79083,,0000,,S,1389,000000,A,A,,B,,,,,,,,,,,00000,,15,1980-10-23,,1980-10-23,1980-12-05,2011-10-14 16:38:47 EDT
16953440,0627400,,CARLS PUMP JACK SERVICE INC,10 MILES NORTHEAST OF,Denver City,TX,79323,,0000,,S,1389,000000,A,A,,B,,,,,,,,,,,00000,,12,1980-10-25,,1980-10-25,1980-12-05,2011-10-14 16:38:47 EDT
16953580,0627400,,NOLAN H BRUNSON INC,8 MILES SOUTHEAST ON HYWAY 181,Seminole,TX,79360,,0000,Y,S,1389,000000,A,A,,B,,,,,,,,,,,00000,,80,1980-11-12,,1980-11-12,1981-03-12,2011-10-14 16:38:47 EDT
16954190,0627400,,POOL CO R16 28,4 5 MILES E OF CITY ON IDALOU,Lubbock,TX,74403,,0000,,S,1389,000000,A,A,,B,,,,,,,,,,,00000,,5,1981-04-23,,1981-04-23,1981-07-23,2011-10-14 16:38:47 EDT
16954430,0627400,,WILBURN DRILLING CORP RIG 2,3.5 MILES NORTH OF,Roscoe,TX,79545,,0000,Y,S,1381,000000,A,A,,B,,,,,,,,,,,00000,,16,1981-06-30,,1981-07-01,1981-11-06,2011-10-14 16:38:47 EDT
16954596,0627400,,WES TEX DRILLING CO RIG 14,4 MILES NORTHEAST OF,Silver,TX,76949,,0000,Y,S,1381,000000,A,A,,B,,,,,,,,,,,00000,,13,1981-09-17,,1981-09-17,1981-10-29,2011-10-14 16:38:47 EDT
16954646,0627400,,BRITT CONSTRUCTION CO,7 MILES SOUTHWEST OF,Ackerly,TX,79713,,0000,Y,S,1389,000000,A,A,,B,,,,,,,,,,,00000,,5,1981-09-28,,1981-09-28,1982-06-14,2011-10-14 16:38:47 EDT
16954653,0627400,,HURRIS RAT HOLE SERVICE,7 MILES SOUTHWEST OF,Ackerly,TX,79713,,0000,Y,S,1389,000000,A,A,,B,,,,,,,,,,,00000,,2,1981-09-28,,1981-09-28,1982-12-02,2011-10-14 16:38:47 EDT
16954703,0627400,,LURKIN DRILLING CO INC,3 MILES SOUTH OF,Goldsmith,TX,79741,,0000,Y,S,1381,000000,A,A,,B,,,,,,,,,,,00000,,16,1981-10-21,,1981-10-21,1982-06-10,2011-10-14 16:38:47 EDT
16954901,0627400,,STEVENSON-ROACH,104 NORTH 1ST,Artesia,NM,88210,,0000,,H,1389,000000,A,A,,B,,,,,,,,,,,00000,,14,1973-02-13,,1973-02-13,1984-03-10,2011-10-14 16:38:47 EDT
16959421,0627400,,KERR MCGEE CORP SOUTHWEST DIST,1/2 MILE N OF 42ND 3/8 MILE E,Odessa,TX,79160,,0000,,S,1311,000000,A,A,,B,,,,,,,,,,,00000,,5,1976-01-29,,1976-01-29,1976-03-16,2011-10-14 16:38:47 EDT
16959645,0627400,,EDCO OIL FIELD CONSTRUCTION,6 MILES NORTH OF BARSTOW TX ON,Barstow,TX,79772,,0000,,H,1389,000000,A,A,,B,,,,,,,,,,,00000,,14,1976-04-14,,1976-04-14,1984-03-10,2011-10-14 16:38:47 EDT
16961229,0627400,,GULF OIL EXPLORATION & PRODUCT,CLOSE 70 WICKETT,Wickett,TX,79511,,0000,,S,1381,000000,A,B,,B,,,,,,,,,,,00000,,13,1983-03-07,,1983-03-23,1983-04-29,2011-10-14 16:38:47 EDT
16962060,0627400,,GENERAL LEASE SERVICE,16MI N OF BIF LAKE HWY 33 150,Big Lake,TX,76932,,0000,,S,1389,000000,A,B,,B,,,,,,,,,,,00000,,4,1983-11-15,,1983-11-15,1984-01-09,2011-10-14 16:38:47 EDT
16962300,0627400,,CAM DRILLING INC,18 MILES S E OF GAIL TX,Forest,TX,79738,,0000,,S,1381,000000,A,B,,B,,,,,,,,,,,00000,,26,1978-06-12,,1978-06-14,1984-03-10,2011-10-14 16:38:47 EDT
16962441,0627400,,JERRY LEGARD WELL SERVICE INC,8-MILES SOUTHWEST OF SEMINOLE,Seminole,TX,79360,,0000,Y,S,1389,000000,A,B,,B,,,,,,,,,,,00000,,24,1978-10-27,,1978-10-27,1979-07-06,2011-10-14 16:38:47 EDT
16962789,0627400,,THREE B OIL CO,THREE MILES SOUTH OF GRAND FAL,Grandfalls,TX,79742,,0000,,S,1311,000000,A,A,,B,,,,,,,,,,,00000,,8,1979-04-24,,1979-04-24,1979-05-18,2011-10-14 16:38:47 EDT
16964116,0627400,,EL PASO NATURAL GAS CO,8645 RAILROAD DR,El Paso,TX,79904,,0000,,S,1389,000000,A,B,,B,,,,,,,,,,,00000,,125,1981-04-22,,1981-04-22,1981-07-02,2011-10-14 16:38:47 EDT
16965196,0627400,,DRESSER ATLAS DIV OF DRESSER I,LOIS BLALOCK WELL 3 OFF HWY TX,Odessa,TX,79702,,0000,Y,S,1389,000000,A,A,,B,,,,,,,,,,,00000,,3,1982-04-23,,1982-04-23,1982-09-02,2011-10-14 16:38:47 EDT
16966848,0627400,,EL PASO NATURAL GAS CO,701 TEXAS ST,El Paso,TX,79978,,0000,,S,1311,000000,A,B,,B,,,,,,,,,,,00000,,2340,1980-11-05,,1980-12-16,1981-01-22,2011-10-14 16:38:47 EDT
16969990,0627400,,DELTA DRILLING CO,RIG #2 12 MILES E OF SHEFFIELD,Sheffield,TX,79781,,0000,,S,1381,000000,A,A,,B,,,,,,,,,,,00000,,16,1981-07-23,,1981-07-23,1982-06-11,2011-10-14 16:38:47 EDT
16970006,0627400,,D & P DRILLING INC,AMIGO STATE 18 1,Grandfalls,TX,79742,,0000,,S,1381,000000,A,A,,B,,,,,,,,,,,00000,,12,1981-07-24,,1981-07-24,1981-12-29,2011-10-14 16:38:47 EDT
16970360,0627400,,SHARP DRILLING CO,JOB ST 1 6,Pecos,TX,79772,,0000,,S,1381,000000,A,A,,B,,,,,,,,,,,00000,,22,1982-03-30,,1982-03-31,1982-06-17,2011-10-14 16:38:47 EDT
16970774,0627400,,PALMER WELL SERVICE INC,JAMES LEASE 3 MI SE OF MIDWAY,Midway,TX,75852,,0000,,S,1389,000000,A,A,,B,,,,,,,,,,,00000,,3,1982-06-24,,1982-07-09,1982-09-02,2011-10-14 16:38:47 EDT
16971566,0627400,,YALE E KEY INC,7 MI E OF PECOS OFF HWY 17,Pecos,TX,73772,,0000,,S,1389,000000,A,A,,B,,,,,,,,,,,00000,,8,1983-09-16,,,1983-12-27,2011-10-14 16:38:47 EDT
16973497,0627400,,AMERICAN OIL SERVICING INC,HWY 116 & WEST AVENUE,Levelland,TX,79336,,0000,,S,1389,000000,A,A,,B,,,,,,,,,,,00000,,32,1974-09-19,,1974-09-19,1984-03-10,2011-10-14 16:38:47 EDT
16975823,0627400,,E L FARMER & CO,300 S GRANT,Odessa,TX,79760,,0000,,S,1389,000000,A,B,,B,,,,,,,,,,,00000,,291,1975-07-09,,1975-07-09,1984-03-10,2011-10-14 16:38:47 EDT
16976433,0627400,,GEOPHYSICAL SERVICES INC,3 MILES OFF EAST HIGHWAY 349,Iraan,TX,79701,,0000,,S,1382,000000,A,B,,B,,,,,,,,,,,00000,,518,1975-09-08,,1975-09-09,1975-11-26,2011-10-14 16:38:47 EDT
16976763,0627400,,YALE E KEY DBA YALE E KEY WELL,3001 CROCKETT,Snyder,TX,79549,,0000,,S,1389,000000,A,B,,B,,,,,,,,,,,00000,,190,1976-01-26,,1976-01-28,1976-09-08,2011-10-14 16:38:47 EDT
16976839,0627400,,JESSIE LIER REEVES DBA PERMIAN,3007 PLEASANT AVENUE,Odessa,TX,79762,,0000,,S,1389,000000,A,A,,B,,,,,,,,,,,00000,,1,1976-02-04,,1976-02-05,1984-03-10,2011-10-14 16:38:47 EDT
16976912,0627400,,GENE SLEDGE DRILLING CORPORATI,UPTON COUNTY 10 MI NW OF RANKI,Rankin,TX,79778,,0000,,S,1381,000000,A,B,,B,,,,,,,,,,,00000,,55,1976-03-01,,1976-03-04,1984-03-10,2011-10-14 16:38:47 EDT
16977282,0627400,,AMOCO PRODUCTION CO,2 MILES EAST OF SUNDOWN,Sudan,TX,77016,,0000,,S,1311,000000,A,B,,A,,,,,,,,,,,00000,,363,1976-07-06,,1976-07-07,1984-03-10,2011-10-14 16:38:47 EDT
16980054,0627400,,OIL FIELD MAINTENANCE INC,HWY 137 NORTH,Barnhart,TX,76932,,0000,,S,1389,000000,A,A,,B,,,,,,,,,,,00000,,30,1975-05-13,,1975-05-13,1984-03-10,2011-10-14 16:38:47 EDT
16981532,0627400,,SERVICE DRILLING CO RIG #,11 MI N GLAZIER FM 305 5 E ON,Lipscomb,TX,79056,,0000,,S,1381,000000,A,B,,B,,,,,,,,,,,00000,,120,1976-04-26,,1976-04-27,1976-06-16,2011-10-14 16:38:47 EDT
16981706,0627400,,MONTEX DRILLING CO,21 MI NW LAMESA OFF FM 1066,Loop,TX,79342,,0000,,S,1311,000000,A,A,,B,,,,,,,,,,,00000,,13,1976-08-12,,1976-08-12,1984-03-10,2011-10-14 16:38:47 EDT
16981995,0627400,,TEXLAND DRILLING CORP R,6 E GUTHRIE HWY 82 3 S ON FM 2,Guthrie,TX,79236,,0000,,S,1381,000000,A,B,,B,,,,,,,,,,,00000,,12,1976-12-06,,1976-12-07,1981-01-02,2011-10-14 16:38:47 EDT
16982258,0627400,,EXXON CO USA MID-CONTINEN,10 MI N ANDREWS ON HWY 385,Andrews,TX,79714,,0000,,S,1389,000000,A,B,,B,,,,,,,,,,,00000,,25,1977-04-12,,1977-04-12,1978-04-03,2011-10-14 16:38:47 EDT
16982274,0627400,,K K AMINI DBA KKA DRILLING COM,1 MI S FM 11 7 MI E ON COUNTY,Girvin,TX,79740,,0000,,S,1381,000000,A,B,,B,,,,,,,,,,,00000,,52,1977-04-13,,1977-04-14,1984-03-10,2011-10-14 16:38:47 EDT
16982282,0627400,,BYRD DRILLING CO RIG #2,6 MI E HWY 180 N 2 MI FM 1429,Seminole,TX,79360,,0000,,S,1381,000000,A,B,,B,,,,,,,,,,,00000,,100,1977-05-18,,1977-05-19,1977-12-22,2011-10-14 16:38:47 EDT
16982431,0627400,,W E RILEY DBA RILEY DRILLING C,COAHDMA 7 MI E ON HWY 20,Coahoma,TX,79511,,0000,,S,1381,000000,A,B,,B,,,,,,,,,,,00000,,13,1977-08-03,,1977-08-03,1984-03-10,2011-10-14 16:38:47 EDT
16982498,0627400,,M&H WELL SERVICE INC DBA MOORE,4 MI N ON HWY 214 2 MI E HWY 2,Denver City,TX,79323,,0000,,S,1389,000000,A,B,,B,,,,,,,,,,,00000,,15,1977-09-21,,1977-09-21,1984-03-10,2011-10-14 16:38:47 EDT
16982753,0627400,,SHARP DRILLING CO INC RIG,14 MI W ON 285 3 N ON FM 1776,Fort Stockton,TX,79735,,0000,,S,1389,000000,A,B,,B,,,,,,,,,,,00000,,500,1978-06-26,,1978-06-26,1984-03-10,2011-10-14 16:38:47 EDT
16982787,0627400,,DEVONIAN WELL SERVICING INC,5 MI W ON HWY 302 7 MI NW OF H,Kermit,TX,39745,,0000,,S,1389,000000,A,B,,B,,,,,,,,,,,00000,,98,1978-07-18,,1978-07-18,1978-12-08,2011-10-14 16:38:47 EDT
16983058,0627400,,AMERADA HESS CORP,1 MILE SOUTH WEST FROM STATE H,Seminole,TX,79360,,0000,,S,1311,000000,A,A,,B,,,,,,,,,,,00000,,165,1972-07-13,,1972-07-13,1984-03-10,2011-10-14 16:38:47 EDT
16986556,0627400,,ATLANTIC RICHFIELD CO,WILLARD UNIT 66 DENVER CITY TX,Denver City,TX,79323,,0000,,S,1311,000000,A,B,,B,,,,,,,,,,,00000,,66,1975-02-02,,1975-02-06,1975-06-12,2011-10-14 16:38:47 EDT
16988024,0627400,,POOL CO,PLAINS HIGHWAY,Denver City,TX,79323,,0000,,S,1389,000000,A,A,,B,,,,,,,,,,,00000,,37,1974-09-18,,1974-09-18,1984-03-10,2011-10-14 16:38:47 EDT
16988487,0627400,,O & L WELL SERVICING CO,15 MILES SOUTH OF ANDREWS ON F,Andrews,TX,79760,,0000,,S,1389,000000,A,B,,B,,,,,,,,,,,00000,,34,1974-11-18,,1974-11-18,1984-03-10,2011-10-14 16:38:47 EDT
16990640,0627400,,WINDSOR SERVICING CO,SOUTH HOBART STREET,Pampa,TX,79065,,0000,,S,1381,000000,A,B,,B,,,,,,,,,,,00000,,13,1975-09-30,,1975-09-30,1975-10-30,2011-10-14 16:38:47 EDT
16992232,0627400,,GEOSOURCE-PETTY,ROAD IN OIL FIELD 4 MILES EAST,Roaring Spgs,TX,79256,,0000,,S,1382,000000,A,B,,B,,,,,,,,,,,00000,,20,1977-03-03,,1977-03-08,1984-03-10,2011-10-14 16:38:47 EDT
16992323,0627400,,D-B DRILLING CO,14 MILES SO OF SPUR TX GODFREY,Spur,TX,79370,,0000,,S,1381,000000,A,B,,B,,,,,,,,,,,00000,,13,1977-05-11,,1977-05-13,1978-08-28,2011-10-14 16:38:47 EDT
16992463,0627400,,GOLDSMITH WELL SERVICE IN,OFFICE LOCATED ON HIGHWAY 866,Goldsmith,TX,79714,,0000,,S,1389,000000,A,B,,B,,,,,,,,,,,00000,,20,1977-08-16,,1977-08-18,1977-09-13,2011-10-14 16:38:47 EDT
16992562,0627400,,ARROW CONSTRUCTION CO INC,16 MILES NW OF CLAIREMONT TX I,Clairemont,TX,79528,,0000,,S,1389,000000,A,B,,B,,,,,,,,,,,00000,,35,1977-10-12,,1977-10-20,1978-08-28,2011-10-14 16:38:47 EDT
16992588,0627400,,REEVES & RUTLEDGE INC,12 MILES OUT SW ON LESLIE WEBB,Canadian,TX,79104,,0000,,S,1381,000000,A,B,,B,,,,,,,,,,,00000,,24,1977-11-01,,1977-11-04,1984-03-10,2011-10-14 16:38:47 EDT
16992646,0627400,,VERNA DRILLING COMPANY RIG-#12,65 MILES EAST ON HWY 180 3 MI,Seminole,TX,79360,,0000,,S,1381,000000,A,B,,B,,,,,,,,,,,00000,,15,1977-11-30,,1977-12-15,1984-03-10,2011-10-14 16:38:47 EDT
16992661,0627400,,LEONARD HUDSON DRILLING COMPAN,14 MI S/W OF CANADIAN TX 5 MI,Canadian,TX,79014,,0000,,S,1381,000000,A,B,,B,,,,,,,,,,,00000,,13,1977-12-20,,1977-12-21,1978-11-30,2011-10-14 16:38:47 EDT
16992687,0627400,,ROBCO WELL SERVICING CO,7 MILES SOUTH EAST OF CITY ON,Sundown,TX,79372,,0000,,S,1381,000000,A,B,,B,,,,,,,,,,,00000,,16,1978-01-18,,1978-01-19,1984-03-10,2011-10-14 16:38:47 EDT
16992992,0627400,,WHITE WELL SERVICE,4 MILES NORTHEAST,Wickett,TX,79788,,0000,,S,1389,000000,A,B,,B,,,,,,,,,,,00000,,60,1983-02-10,,1983-03-24,1983-04-07,2011-10-14 16:38:47 EDT
16993057,0627400,,RELIANT DRILLING VENTURE,10 MILES SE,Quanah,TX,79252,,0000,,S,1381,000000,A,B,,B,,,,,,,,,,,00000,,78,1983-03-02,,1983-03-04,1983-03-08,2011-10-14 16:38:47 EDT
16993388,0627400,,LUCA OIL DRILLING CO INC,G W OBRIAN 1270 GULF LEASE,Kermit,TX,79745,,0000,,S,1381,000000,A,A,,B,,,,,,,,,,,00000,,13,1983-11-22,,1983-11-23,1983-12-31,2011-10-14 16:38:47 EDT
16993834,0627400,,NOBLE DRILLING CORP,19 MILES SOUTHWEST OF MONAHANS,Coyanosa,TX,79701,,0000,,S,1381,000000,A,B,,B,,,,,,,,,,,00000,,170,1974-10-07,,1974-10-07,1984-03-10,2011-10-14 16:38:47 EDT
16994139,0627400,,BYRON JACKSON INC,21 INDUSTRIAL ROAD,Perryton,TX,79070,,0000,,S,1389,000000,A,A,,B,,,,,,,,,,,00000,,21,1974-11-19,,1974-12-05,1984-03-10,2011-10-14 16:38:47 EDT
16995847,0627400,,AMOCO PRODUCTION CO,8 MILES SW OF SUNDOWN,Sundown,TX,79372,,0000,Y,S,1311,000000,A,B,,A,,,,,,,,,,,00000,,330,1975-08-08,,1975-08-08,1984-03-10,2011-10-14 16:38:47 EDT
16995854,0627400,,L S BOYLES DBA DARDEN WELL SER,13 MILES SOUTH OF BIG SPRING,Coahoma,TX,79511,,0000,,S,1389,000000,A,B,,B,,,,,,,,,,,00000,,8,1975-08-12,,1975-08-12,1975-09-08,2011-10-14 16:38:47 EDT
16995862,0627400,,HILLIN DRILLING CO RIG 6,6 MILES NORTH OF CRANE,Crane,TX,79731,,0000,,S,1381,000000,A,B,,B,,,,,,,,,,,00000,,130,1975-08-13,,1975-08-13,1975-09-02,2011-10-14 16:38:47 EDT
16996019,0627400,,GARVEY DRILLING CO RIC #7,3 MILES SOUTH OF CANADIAN,Canadian,TX,79014,,0000,,S,1381,000000,A,A,,B,,,,,,,,,,,00000,,17,1975-09-25,,1975-09-25,1976-06-10,2011-10-14 16:38:47 EDT
16996407,0627400,,G & W OIL & GAS WELL SERVI,9 MILES EAST OF MASTERSON TEXA,Masterson,TX,79058,,0000,,S,1389,000000,A,B,,B,,,,,,,,,,,00000,,20,1975-12-17,,1975-12-17,1976-01-06,2011-10-14 16:38:47 EDT
16996944,0627400,,LEONARD HUDSON DRILLING COMPAN,8 1/2 MILES NORTH OF HIGGINS,Higgins,TX,79046,,0000,,S,1381,000000,A,A,,B,,,,,,,,,,,00000,,13,1976-06-10,,1976-06-10,1977-02-04,2011-10-14 16:38:47 EDT
16997231,0627400,,NOBLE DRILLING CORP,601 WALL TOWERS WEST,Midland,TX,79701,,0000,,S,1381,000000,A,A,,B,,,,,,,,,,,00000,,16,1976-10-13,,1976-10-13,1977-09-21,2011-10-14 16:38:47 EDT
16997330,0627400,,VERNA DRILLING CO RIG #8,10 MILES SOUTH OF LEVELLAND,Levelland,TX,79336,,0000,,S,1381,000000,A,A,,B,,,,,,,,,,,00000,,13,1976-11-30,,1976-12-01,1984-03-10,2011-10-14 16:38:47 EDT
16997371,0627400,,FWA DRILLING CO INC RIG 1,FM 1369,Andrews,TX,79701,,0000,,S,1381,000000,A,A,,B,,,,,,,,,,,00000,,13,1976-12-07,,1976-12-07,1977-06-02,2011-10-14 16:38:47 EDT
16997462,0627400,,MASSINGILL & SON CONSTRUCTIO,5 1/2 MILES SE OF SUNDOWN,Sundown,TX,79372,,0000,,S,1389,000000,A,B,,B,,,,,,,,,,,00000,,100,1977-01-19,,1977-01-21,1977-02-23,2011-10-14 16:38:47 EDT
16997579,0627400,,KOTE-LINE INC,9 MILES NW OF RANKIN ON HWY 32,Rankin,TX,79778,,0000,,S,1389,000000,A,B,,B,,,,,,,,,,,00000,,30,1977-03-31,,1977-04-01,1977-05-06,2011-10-14 16:38:47 EDT
16997595,0627400,,WELL SERVICING CO OF CRAN,6 MILES NE OF CRANE,Crane,TX,79731,,0000,Y,S,1389,000000,A,B,,B,,,,,,,,,,,00000,,82,1977-04-05,,1977-04-05,1977-05-28,2011-10-14 16:38:47 EDT
16997611,0627400,,HALLIBURTON SERVICES,1/2 MILE SW OF BARSTOW,Barstow,TX,79719,,0000,,S,1389,000000,A,B,,B,,,,,,,,,,,00000,,150,1977-04-06,,1977-04-07,1984-03-10,2011-10-14 16:38:47 EDT
16997967,0627400,,WELL SERVICING CO OF CRAN,510 SE COUNTY ROAD,Crane,TX,79731,,0000,,S,1389,000000,A,B,,B,,,,,,,,,,,00000,,82,1977-08-04,,1977-08-05,1983-07-28,2011-10-14 16:38:47 EDT
16998189,0627400,,D H WELL SERVICE CO INC,100 N E COUNTY ROAD,Crane,TX,79731,,0000,,S,1389,000000,A,B,,B,,,,,,,,,,,00000,,26,1977-12-28,,1977-12-28,1978-01-25,2011-10-14 16:38:47 EDT
16998247,0627400,,HELMERICH & PAYNE INTERNATIONA,3 MILES W & 1 MILE NORTH OF AL,Allison,TX,79003,,0000,,S,1381,000000,A,A,,B,,,,,,,,,,,00000,,22,1978-02-22,,1978-02-23,1978-03-24,2011-10-14 16:38:47 EDT
16998270,0627400,,VERNA DRILLING CO RIG#9,10 MILES SW OF WHITEFACE,Whiteface,TX,79379,,0000,,S,1381,000000,A,A,,B,,,,,,,,,,,00000,,13,1978-04-24,,1978-04-25,1978-09-22,2011-10-14 16:38:47 EDT
16998429,0627400,,D C WELL SERVICE INC,1 MILE W OF SUNDOWN,Sundown,TX,79372,,0000,,S,1389,000000,A,B,,B,,,,,,,,,,,00000,,24,1978-08-17,,1978-08-17,1984-03-10,2011-10-14 16:38:47 EDT
16998569,0627400,,PHILLIPS PETROLEUM CO NAT,10 MILES NW OF GOLDSMITH,Goldsmith,TX,79741,,0000,Y,S,1389,000000,A,B,,A,,,,,,,,,,,00000,,14,1978-10-04,,1978-10-05,1978-11-21,2011-10-14 16:38:47 EDT
16998718,0627400,,RUTHCO INC,5 MILES NW OF DENVER CITY,Denver City,TX,79323,,0000,,S,1389,000000,A,B,,B,,,,,,,,,,,00000,,28,1978-12-13,,1978-12-14,1979-01-17,2011-10-14 16:38:47 EDT
16999112,0627400,,MARATHON OIL CO,1/2 MILE W OF IRAAN,Iraan,TX,79744,,0000,,S,1311,000000,A,B,,B,,,,,,,,,,,00000,,75,1979-06-05,,1979-06-05,1980-04-03,2011-10-14 16:38:47 EDT
16999187,0627400,,PARKER DRILLING CO - RIG,14 MILES S OF COYANOSA ON FM,Coyanosa,TX,79730,,0000,,S,1381,000000,A,A,,B,,,,,,,,,,,00000,,17,1979-07-10,,1979-07-11,1979-08-23,2011-10-14 16:38:47 EDT
16999203,0627400,,BATES WELL SERVICE INC,7 MILES NW OF GOLDSMITH,Goldsmith,TX,79741,,0000,,S,1389,000000,A,B,,B,,,,,,,,,,,00000,,50,1979-07-12,,1979-07-13,1979-08-16,2011-10-14 16:38:47 EDT
16999302,0627400,,D-B DRILLING CORPORATION-RIG,11 MILES SE OF ASPERMONT,Aspermont,TX,79502,,0000,,S,1381,000000,A,A,,B,,,,,,,,,,,00000,,16,1979-08-30,,1979-08-31,1984-03-10,2011-10-14 16:38:47 EDT
16999625,0627400,,J D RICHARDSON INC,8 MILES SE OF CRANE,Crane,TX,79731,,0000,,S,1389,000000,A,B,,B,,,,,,,,,,,00000,,30,1980-02-07,,1980-02-07,1980-04-24,2011-10-14 16:38:47 EDT
16999732,0627400,,ROYAL TUBULAR SERVICE INC,3 MILES N OF SEAGRAVES,Seagraves,TX,79359,,0000,,S,1389,000000,A,A,,B,,,,,,,,,,,00000,,4,1980-04-11,,1980-04-11,1981-05-28,2011-10-14 16:38:47 EDT
16999807,0627400,,WES-TEX DRILLING CO RIG#4,5 MI W OF CLAIREMONT INT OF 38,Clairemont,TX,79528,,0000,,S,1381,000000,A,A,,B,,,,,,,,,,,00000,,13,1980-05-06,,1980-05-06,1980-09-11,2011-10-14 16:38:47 EDT
16999815,0627400,,DUAL DRILLING CO RIG #19,29 MILES S OF SHEFFIELD,Sheffield,TX,79781,,0000,,S,1381,000000,A,A,,B,,,,,,,,,,,00000,,16,1980-05-08,,1980-05-09,1980-07-11,2011-10-14 16:38:47 EDT
16999997,0627400,,ROBERTSON OIL CO,4 MILES W OF IRA,Ira,TX,79527,,0000,Y,S,1311,000000,A,A,,B,,,,,,,,,,,00000,,2,1980-07-21,,1980-07-21,1980-08-28,2011-10-14 16:38:47 EDT
17000043,0627400,,POOL WELL SERVICING CO RI,15 MILES NW OF KERMIT,Kermit,TX,79745,,0000,,S,1389,000000,A,A,,B,,,,,,,,,,,00000,,5,1980-08-05,,1980-08-06,1980-10-16,2011-10-14 16:38:47 EDT
17000050,0627400,,R&S HOT OIL SERVICE INC,4 MILES EAST OF CRANE,Crane,TX,79731,,0000,,S,1389,000000,A,A,,B,,,,,,,,,,,00000,,4,1980-08-06,,1980-08-06,1981-05-29,2011-10-14 16:38:47 EDT
17000142,0627400,,AUBREY MCDUFFEE DBA BUDDYS WEL,9 MILES N OF WICKETT,Wickett,TX,79788,,0000,,S,1389,000000,A,A,,B,,,,,,,,,,,00000,,8,1980-09-10,,1980-09-10,1980-11-13,2011-10-14 16:38:47 EDT
17000159,0627400,,COTTONS INSPECTION SERVICE INC,7 MILES SW OF IRAAN,Iraan,TX,79744,,0000,,S,1389,000000,A,B,,B,,,,,,,,,,,00000,,14,1980-09-11,,1980-09-12,1980-11-07,2011-10-14 16:38:47 EDT
17000225,0627400,,CARLS PUMP JACK SERVICE INC,26 MILES NW OF ANDREWS,Andrews,TX,79714,,0000,,S,1389,000000,A,A,,B,,,,,,,,,,,00000,,9,1980-10-16,,1980-10-16,1980-11-13,2011-10-14 16:38:47 EDT
17000282,0627400,,ARD DRILLING COMPANY-RIG #4,16 MILES SOUTH OF PENWELL,Penwell,TX,79776,,0000,Y,S,1381,000000,A,A,,B,,,,,,,,,,,00000,,16,1980-11-19,,1980-11-20,1982-06-09,2011-10-14 16:38:47 EDT
17000316,0627400,,DON'S OIL FIELD CONSTRUCTION C,4 MILES SE OF LONGWORTH,Longworth,TX,79543,,0000,,S,1389,000000,A,B,,B,,,,,,,,,,,00000,,22,1980-12-10,,1980-12-11,1981-02-17,2011-10-14 16:38:47 EDT
17000324,0627400,,GRAYS ENGINE COMPRESSOR & PU,16 MILES NW OF CRANE ON FM 105,Crane,TX,79731,,0000,,S,1389,000000,A,A,,B,,,,,,,,,,,00000,,2,1980-12-16,,1980-12-16,1981-01-29,2011-10-14 16:38:47 EDT
17000498,0627400,,ALLRED CONSTRUCTION CO,12 MILES NORTH OF HIGGINS,Higgins,TX,79046,,0000,,S,1389,000000,A,B,,B,,,,,,,,,,,00000,,22,1981-02-11,,1981-02-11,1981-04-10,2011-10-14 16:38:47 EDT
17000845,0627400,,ARDEN DRILLING CO RIG #1,8 MILES W OF WHEELER ON FM 247,Wheeler,TX,79096,,0000,,S,1381,000000,A,A,,B,,,,,,,,,,,00000,,18,1981-07-15,,1981-07-15,1981-09-10,2011-10-14 16:38:47 EDT
17000878,0627400,,C E WALTON DBA WALTON WELL SER,6 MILES S OF ASPERMONT,Aspermont,TX,79502,,0000,Y,S,1389,000000,A,A,,B,,,,,,,,,,,00000,,4,1981-08-10,,1981-08-11,1981-11-05,2011-10-14 16:38:47 EDT
17000928,0627400,,NICKS CASING CREWS INC,18 MILES NW OF ANDREWS,Andrews,TX,79714,,0000,Y,S,1389,000000,A,A,,B,,,,,,,,,,,00000,,4,1981-08-17,,1981-08-18,1981-09-10,2011-10-14 16:38:47 EDT
17001090,0627400,,BULL ROGERS INC,14 MILES N OF VEGA ON HWY 385,Vega,TX,79092,,0000,,S,1389,000000,A,B,,B,,,,,,,,,,,00000,,35,1981-10-20,,1981-10-20,1983-05-12,2011-10-14 16:38:47 EDT
17001173,0627400,,LEONARD HUDSON DRILLING CO INC,25 MILES S OF PERRYTON,Perryton,TX,79070,,0000,Y,S,1381,000000,A,B,,B,,,,,,,,,,,00000,,13,1981-11-17,,1981-11-18,1981-12-29,2011-10-14 16:38:47 EDT
17001249,0627400,,LUKE GRACE DRILLING CO INC,17 MILES NE OF TURKEY,Turkey,TX,79261,,0000,Y,S,1381,000000,A,B,,B,,,,,,,,,,,00000,,13,1981-12-18,,1981-12-18,1982-05-05,2011-10-14 16:38:47 EDT
17001256,0627400,,C & C WELL SERVICE INC,15 MILES SW OF POST,Post,TX,79356,,0000,,S,1389,000000,A,B,,B,,,,,,,,,,,00000,,4,1981-12-29,,1981-12-29,1982-02-16,2011-10-14 16:38:47 EDT
17001264,0627400,,ROD RIC CORP RIG #7,15 MILES EAST OF ANDREWS,Andrews,TX,79714,,0000,Y,S,1381,000000,A,B,,B,,,,,,,,,,,00000,,13,1982-01-05,,1982-01-13,1982-06-17,2011-10-14 16:38:47 EDT
17001280,0627400,,DABS OIL WELL SERVICING INC,8 MILES WEST OF SEMINOLE,Seminole,TX,79360,,0000,Y,S,1389,000000,A,B,,B,,,,,,,,,,,00000,,4,1982-01-18,,1982-01-19,1982-04-07,2011-10-14 16:38:47 EDT
17001371,0627400,,T D ENGINE & PUMP SERVICE INC,3 1/2 MILES S OF NOTREES,Notrees,TX,79759,,0000,,S,1389,000000,A,B,,B,,,,,,,,,,,00000,,4,1982-02-22,,1982-02-23,1983-04-14,2011-10-14 16:38:47 EDT
17001504,0627400,,SEARCH DRILLING CO RIG #5,8 MILES NE OF TWITTY,Twitty,TX,79090,,0000,,S,1381,000000,A,A,,B,,,,,,,,,,,00000,,20,1982-04-13,,1982-04-13,1983-04-08,2011-10-14 16:38:47 EDT
17001702,0627400,,FW DRILLING CO,4350 S TREADAWAY,Abilene,TX,79606,,0000,,S,1381,000000,A,B,,B,,,,,,,,,,,00000,,13,1982-07-09,,1982-07-09,1982-08-10,2011-10-14 16:38:47 EDT
17002031,0627400,,M & W WELL SERVICING INC,10 MILES W OF SUNDOWN,Sundown,TX,79372,,0000,,S,1389,000000,A,A,,B,,,,,,,,,,,00000,,30,1982-12-07,,1982-12-07,1983-03-03,2011-10-14 16:38:47 EDT
17002114,0627400,,L D BURNS DRILLING CO,31 MILES NE OF QUANAH,Quanah,TX,79252,,0000,Y,S,1381,000000,A,A,,B,,,,,,,,,,,00000,,14,1983-01-27,,1983-01-28,1983-03-03,2011-10-14 16:38:47 EDT
17002411,0627400,,JAMES T WRIGHT DBA UNIV CONST,7 MILES NE OF FORSAN,Forsan,TX,79733,,0000,,S,1389,000000,A,A,,B,,,,,,,,,,,00000,,3,1983-04-29,,1983-04-29,1986-04-09,2011-10-14 16:38:47 EDT
17004177,0627400,,KENAI DRILLING CO,6 MI WEST 13 MI NORTH OF ORLA,Orla,TX,79770,,0000,,S,1381,000000,A,A,,B,,,,,,,,,,,00000,,48,1981-07-15,,1981-07-16,1982-06-10,2011-10-14 16:38:47 EDT
17004201,0627400,,D&T CASING CREWS CO,3 MI SOUTH 5 MI NORTH OF ABERN,Abernathy,TX,79311,,0000,,S,1389,000000,A,A,,B,,,,,,,,,,,00000,,4,1981-08-03,,1981-08-03,1982-06-11,2011-10-14 16:38:47 EDT
17004219,0627400,,X-PART WELL SERVICE CO INC,20 MILES NE OF ANDREWS TEXAS,Andrews,TX,79714,,0000,,S,1389,000000,A,A,,B,,,,,,,,,,,00000,,100,1981-08-06,,1981-08-19,1982-06-11,2011-10-14 16:38:47 EDT
17004227,0627400,,AMERADA HESS INC,20 MI SW OF SNYDER TX,Snyder,TX,79549,,0000,,S,1311,000000,A,A,,B,,,,,,,,,,,00000,,1,1981-08-06,,1981-10-23,1981-10-29,2011-10-14 16:38:47 EDT
17004250,0627400,,SHARP DRILLING CO INC RIG 38,4 MI SOUTH OF FOLLETT ON HWY,Follett,TX,79034,,0000,,S,1381,000000,A,A,,B,,,,,,,,,,,00000,,20,1981-08-25,,1981-09-03,1982-09-03,2011-10-14 16:38:47 EDT
17004300,0627400,,ZENITH DRILLING CO INC,3 MI NW OF PERRYTON,Perry,TX,79070,,0000,,S,1381,000000,A,A,,B,,,,,,,,,,,00000,,15,1981-09-03,,1981-09-04,1981-11-06,2011-10-14 16:38:47 EDT
17004342,0627400,,QUADRILL INC RIG #4,18 MI NORTH OF GAIL TEXAS,Forest,TX,79738,,0000,,S,1381,000000,A,A,,B,,,,,,,,,,,00000,,18,1981-09-25,,1981-09-25,1982-06-11,2011-10-14 16:38:47 EDT
17004656,0627400,,PANHANDLE PIPE TESTING CO,101 S FLORIDA,Borger,TX,79007,,0000,,S,1389,000000,A,A,,B,,,,,,,,,,,00000,,17,1981-12-10,,1981-12-10,1984-03-10,2011-10-14 16:38:47 EDT
17004680,0627400,,TOM BROWN INC,8 MI NORTH RANKIN TX,Rankin,TX,79778,,0000,,S,1381,000000,A,A,,B,,,,,,,,,,,00000,,17,1981-12-29,,1981-12-29,1982-02-18,2011-10-14 16:38:47 EDT
17004789,0627400,,BULL ROGERS CORP,3 MI E 3MI S OF ALLISON TX,Allison,TX,79003,,0000,,S,1389,000000,A,B,,B,,,,,,,,,,,00000,,5,1982-02-01,,1982-02-01,1982-09-03,2011-10-14 16:38:47 EDT
17004805,0627400,,J W MCCATCHEN DRILLING CO,15 MILES NE OF GALL TX,Gail,TX,79738,,0000,,S,1381,000000,A,B,,B,,,,,,,,,,,00000,,12,1982-02-17,,1982-03-17,1982-03-30,2011-10-14 16:38:47 EDT
17004847,0627400,,CORE OIL & GAS INC RIG 11,3 MI W ON HWY 152,Wheeler,TX,79096,,0000,,S,1381,000000,A,A,,B,,,,,,,,,,,00000,,20,1982-03-18,,1982-03-18,1983-04-08,2011-10-14 16:38:47 EDT
17004953,0627400,,DIABLO DRILLING INC,ONE MI SOUTH OF LA MESA,Lamesa,TX,79331,,0000,,S,1389,000000,A,A,,B,,,,,,,,,,,00000,,12,1982-04-09,,1982-05-05,1983-04-01,2011-10-14 16:38:47 EDT
17004961,0627400,,TRI AD DRILLING INC RIG 2,3MI N OF LIPSCOMB ON HWY 305,Lipscomb,TX,77575,,0000,,S,1381,000000,A,A,,B,,,,,,,,,,,00000,,15,1982-04-27,,1982-04-28,1982-06-10,2011-10-14 16:38:47 EDT
17005000,0627400,,LEAMCO BEARINGS INC,HIGHWAY 244,Denver City,TX,79323,,0000,,S,1389,000000,A,B,,B,,,,,,,,,,,00000,,17,1982-05-06,,1982-05-24,1984-01-27,2011-10-14 16:38:47 EDT
17005422,0627400,,BILL HODGES TRUCKING CO,2 MI E OF PERRYTON ON HWY 15,Perryton,TX,79070,,0000,,S,1389,000000,A,B,,B,,,,,,,,,,,00000,,25,1982-09-23,,1982-11-22,1982-12-01,2011-10-14 16:38:47 EDT
17005752,0627400,,BECKMAN WELL SERVICING CO INC,15 MI NE OF PERRYTON,Perryton,TX,79070,,0000,,S,1389,000000,A,A,,B,,,,,,,,,,,00000,,4,1982-12-02,,1982-12-02,1983-06-29,2011-10-14 16:38:47 EDT
17005802,0627400,,MOBIL PRODUCING TEXAS & NEW ME,SALT CREEK UNIT WELL A312,Clairette,TX,79549,,0000,,S,1311,000000,A,B,,B,,,,,,,,,,,00000,,1,1983-01-04,,1983-02-11,1984-10-15,2011-10-14 16:38:47 EDT
17005810,0627400,,B & F WELL SERVICING INC,SALT CREEK UNIT WELL A312,Clairette,TX,79549,,0000,,S,1389,000000,A,B,,B,,,,,,,,,,,00000,,4,1983-01-04,,1983-02-11,1984-01-10,2011-10-14 16:38:47 EDT
17005828,0627400,,H & L SERVICES INC,SALT CREEK UNIT WELL A312,Clairette,TX,79549,,0000,,S,1389,000000,A,B,,B,,,,,,,,,,,00000,,1,1983-01-05,,1983-02-11,1983-09-23,2011-10-14 16:38:47 EDT
17005885,0627400,,HONDO DRILLING CO,410 N LOMAINE,Midland,TX,79702,,0000,,S,1381,000000,A,A,,B,,,,,,,,,,,00000,,12,1983-02-16,,1983-03-15,1984-03-22,2011-10-14 16:38:47 EDT
17006107,0627400,,NL WELL SERVICE INC,40 MI SOUTH OF FORT STOCKTON,Fort Stockton,TX,78213,,0000,,S,1389,000000,A,B,,B,,,,,,,,,,,00000,,4,1983-04-13,,,1983-09-22,2011-10-14 16:38:47 EDT
17006339,0627400,,GEO SEARCH INC,11.5 MI WEST OF BIG LAKE,Big Lake,TX,76932,,0000,,S,1382,000000,A,A,,B,,,,,,,,,,,00000,,25,1983-09-06,,,1983-11-07,2011-10-14 16:38:47 EDT
17006446,0627400,,S&S ELECTRIC CO,11 MI SE IMPERIAL,Imperial,TX,79743,,0000,,S,1389,000000,A,B,,B,,,,,,,,,,,00000,,1,1983-10-07,,1983-10-21,1983-10-24,2011-10-14 16:38:47 EDT
17006453,0627400,,E W MORAN DRILLING CO INC,7 MI W OF FARMERS VALLEY TX,Childress,TX,79201,,0000,,S,1381,000000,A,B,,B,,,,,,,,,,,00000,,4,1983-10-24,,,1984-02-16,2011-10-14 16:38:47 EDT
17011032,0637200,,PHILLIPS PETROLEUM CO,8 MILES SOUTH & 2 MILES EAST O,Okmulgee,OK,74447,,0000,,S,1381,000000,A,A,,B,,,,,,,,,,,00000,,25,1978-10-23,,1978-11-06,1978-11-30,2011-10-14 16:38:47 EDT
17011255,0637200,,MORON KAHN OIL INC,SOUTH MAUD LEASE,Seminole,OK,74854,,0000,Y,S,1311,000000,A,A,,B,,,,,,,,,,,00000,,1,1979-02-20,,1979-02-22,1979-03-22,2011-10-14 16:38:47 EDT
17012675,0637200,,BARRETT DRILLING CO INC,LACEY OKLA MCMEEKEN LOCATION 1,Shawnee,OK,73742,,0000,,S,1311,000000,A,B,,B,,,,,,,,,,,00000,,42,1973-12-12,,1973-12-12,1984-03-10,2011-10-14 16:38:47 EDT
17013137,0637200,,A&P DRILLING CO INC,HAZEL 1 4 MILE S W ON HWY,Dover,OK,73734,,0000,,S,1381,000000,A,B,,B,,,,,,,,,,,00000,,29,1974-02-22,,1974-02-22,1984-03-10,2011-10-14 16:38:47 EDT
17013293,0637200,,LOHMANN - JOHNSON RIG 11,MURDOCK A15 SEC 10 4N 15ECM,Guymon,OK,73942,,0000,,S,1381,000000,A,B,,B,,,,,,,,,,,00000,,200,1974-03-26,,1974-03-26,1974-05-29,2011-10-14 16:38:47 EDT
17013632,0637200,,KWB OIL PROPERTY MANAGEMENT IN,7 1/2 MILES NW HWY 13 E BEEBEE,Ada,OK,74820,,0000,,S,1311,000000,A,A,,B,,,,,,,,,,,00000,,45,1974-07-19,,1974-07-19,1984-03-10,2011-10-14 16:38:47 EDT
17021072,0637200,,EARNEST CORP,3 MILES SOUTHEAST OF WETUMKA,Wetumka,OK,74883,,0000,Y,S,1381,000000,A,A,,B,,,,,,,,,,,00000,,8,1979-02-08,,1979-02-20,1979-04-26,2011-10-14 16:38:47 EDT
17021353,0637200,,OILTON PETROLEUM INC,5 MILES SOUTHEAST OF DRUMRIGH,Oilton,OK,74030,,0000,,S,1389,000000,A,B,,B,,,,,,,,,,,00000,,9,1979-08-03,,1979-08-16,1979-08-30,2011-10-14 16:38:47 EDT
17021601,0637200,,WELLTECH INC,5 MILES WEST OF POCOLA BRANDSO,Pocola,OK,74902,,0000,,S,1381,000000,A,B,,B,,,,,,,,,,,00000,,47,1979-11-19,,1979-11-19,1984-03-10,2011-10-14 16:38:47 EDT
17021734,0637200,,DUAL DRILLING COMPANY-RIG #8,FITZER LEASE 1 5 MILES NW OF E,Stigler,OK,74462,,0000,,S,1381,000000,A,A,,B,,,,,,,,,,,00000,,6,1980-01-08,,1980-01-08,1984-04-05,2011-10-14 16:38:47 EDT
17021940,0637200,,YOUNGBLOOD DRILLING INC,HIGHWAY 69 N OF BIG CABIN OK A,Big Cabin,OK,74332,,0000,,S,1381,000000,A,B,,B,,,,,,,,,,,00000,,3,1980-05-19,,1980-05-22,1980-07-25,2011-10-14 16:38:47 EDT
17022138,0637200,,ERNEST CORP,"MOONEY LEASE 33-, 2 MILES EAST",Boynton,OK,74422,,0000,,S,1381,000000,A,B,,B,,,,,,,,,,,00000,,58,1980-07-11,,1980-07-11,1981-10-23,2011-10-14 16:38:47 EDT
17022161,0637200,,LILLARD CASING PULLING INC,AMES LEASE 3 MILES NE OF NEWKI,Newkirk,OK,74647,,0000,,S,1389,000000,A,B,,B,,,,,,,,,,,00000,,35,1980-08-01,,1980-08-01,1980-08-28,2011-10-14 16:38:47 EDT
17022179,0637200,,JOHNSON GIPSON PIPE & SUPPLY,KEVIN LEASE 1 3 MILES NW OF SE,Seminole,OK,74868,,0000,,S,1389,000000,A,B,,B,,,,,,,,,,,00000,,5,1980-09-03,,1980-09-03,1980-10-17,2011-10-14 16:38:47 EDT
17022450,0637200,,MORGAN WELL SERVICE INC,TENNECO OIL CO FOX AND SAC 123,Stroud,OK,74079,,0000,,S,1389,000000,A,A,,B,,,,,,,,,,,00000,,4,1981-01-19,,1981-01-19,1981-12-17,2011-10-14 16:38:47 EDT
17022849,0637200,,RWIT DRILLING CO INC,FISHER LEASE A 1 MI WEST,Bearden,OK,74828,,0000,,S,1381,000000,A,A,,B,,,,,,,,,,,00000,,13,1981-07-21,,1981-07-27,1981-10-21,2011-10-14 16:38:47 EDT
17023003,0637200,,CLAYBROOK DRILLING CO INC,13 MILES SW OF TECUMSEH BALL,Tecumseh,OK,74873,,0000,,S,1381,000000,A,B,,B,,,,,,,,,,,00000,,13,1981-09-21,,1981-11-02,1981-11-03,2011-10-14 16:38:47 EDT
17023276,0637200,,FIRST ECHELON DRILLING CO,LOONEY LEASE A1 6 MILES SE OF,Mounds,OK,74047,,0000,,S,1381,000000,A,B,,B,,,,,,,,,,,00000,,6,1982-01-07,,1982-03-05,1982-03-17,2011-10-14 16:38:47 EDT
17034257,0637200,,CHRISTIAN INC RIG #118,3 MILES NORTHWEST,St Louis,OK,74866,,0000,Y,S,1389,000000,A,A,,B,,,,,,,,,,,00000,,4,1980-01-31,,1980-02-01,1980-03-06,2011-10-14 16:38:47 EDT
17036518,0637200,,INCO SERVICES,606 SOUTH ADAMS WAREHOUSE 1,Elk City,OK,73644,,0000,,S,1389,000000,A,A,,B,,,,,,,,,,,00000,,7,1974-02-14,,1974-02-14,1984-03-10,2011-10-14 16:38:47 EDT
17036773,0637200,,PLASTIC APPLICATORS INC,1105 SOUTH BYERS,Oklahoma City,OK,73109,,0000,,S,1382,000000,A,A,,B,,,,,,,,,,,00000,,28,1974-08-08,,1974-08-08,1984-03-10,2011-10-14 16:38:47 EDT
17038993,0637200,,HELMCO LTD,2 MI NORTH 1/4 WEST OF HOMINY,Hominy,OK,74035,,0000,Y,S,1389,000000,A,B,,B,,,,,,,,,,,00000,,25,1977-01-31,,1977-04-22,1977-08-17,2011-10-14 16:38:47 EDT
17040312,0637200,,PATTERSON WELL SERVICE INC,2 1/2 MI SE OF WEWOKA,Wewoka,OK,74884,,0000,Y,S,1381,000000,A,A,,B,,,,,,,,,,,00000,,5,1977-05-05,,1977-05-12,1977-06-09,2011-10-14 16:38:47 EDT
17043118,0637200,,STICKLE DRILLING CO,SW QUARTER S21 4N 24ECM,Beaver,OK,73932,,0000,,S,1381,000000,A,A,,B,,,,,,,,,,,00000,,14,1973-10-04,,1973-10-04,1984-03-10,2011-10-14 16:38:47 EDT
17043902,0637200,,SHEBESTER OF HENNESSEY INC,HIWAY 144,Antlers,OK,74523,,0000,,S,1381,000000,A,A,,B,,,,,,,,,,,00000,,5,1974-02-26,,1974-02-26,1974-04-27,2011-10-14 16:38:47 EDT
17045618,0637200,,J R WOODY CONSTRUCTION INC,1 MILE EAST - 3 MILES SOUTH,Helena,OK,73741,,0000,,S,1389,000000,A,A,,B,,,,,,,,,,,00000,,3,1975-05-21,,1975-05-28,1984-03-10,2011-10-14 16:38:47 EDT
17048000,0637200,,LENHART & BENNETT INC,RIG NO 22 5MI N OF HWY 48 3 MI,Mannford,OK,74044,,0000,,S,1381,000000,A,A,,B,,,,,,,,,,,00000,,14,1979-11-08,,1979-11-09,1981-05-27,2011-10-14 16:38:47 EDT
17048133,0637200,,COBRA DRILLING,RIG NO 3 7MI E AND 2 MI S OF M,Morris,OK,74445,,0000,,S,1381,000000,A,B,,B,,,,,,,,,,,00000,,9,1980-01-17,,1980-01-17,1981-03-16,2011-10-14 16:38:47 EDT
17048141,0637200,,EHRMAN OIL CO,RIG NO 5 SMITH LEASE 3 MI W &,Beggs,OK,74421,,0000,,S,1381,000000,A,A,,B,,,,,,,,,,,00000,,30,1980-02-05,,1980-02-05,1980-03-21,2011-10-14 16:38:47 EDT
17048992,0637200,,TULSA TANK CLEANING CO IN,TEXACO REFINERY WEST TULSA PLA,Tulsa,OK,74101,,0000,,S,1389,000000,A,A,,B,,,,,,,,,,,00000,,5,1980-12-11,,1980-12-11,1981-07-17,2011-10-14 16:38:47 EDT
17049024,0637200,,RANDALL WELL SERVICE,FOSTER #1 LEASE INTERSECTION,Delaware,OK,74027,,0000,,S,1389,000000,A,A,,B,,,,,,,,,,,00000,,2,1981-01-28,,1981-02-04,1981-02-13,2011-10-14 16:38:47 EDT
17049255,0637200,,LINDY PETROLEUM CO,MORRIS 21  1 LEASEY,Kellyville,OK,74039,,0000,,S,1381,000000,A,A,,B,,,,,,,,,,,00000,,7,1981-04-14,,1981-04-16,1981-07-09,2011-10-14 16:38:47 EDT
17049362,0637200,,FORTUNE DRILLING CO INC,BILYEU NO 2 LEASE 2 MI W OF ST,Stillwater,OK,74074,,0000,,S,1381,000000,A,A,,B,,,,,,,,,,,00000,,12,1981-05-20,,1981-05-28,1981-07-09,2011-10-14 16:38:47 EDT
17049503,0637200,,JOE MILLS WELL SERVICE INC,HARRIS NO 1 LEASE MILES S OF W,Wewoka,OK,74884,,0000,,S,1389,000000,A,A,,B,,,,,,,,,,,00000,,4,1981-06-19,,1981-07-01,1981-07-27,2011-10-14 16:38:47 EDT
17049552,0637200,,T & B WELL SERVICE INC,AHRBERG NO 2 LEASE 7 MI N,Stillwater,OK,74074,,0000,,S,1389,000000,A,A,,B,,,,,,,,,,,00000,,4,1981-07-17,,1981-07-27,1981-07-30,2011-10-14 16:38:47 EDT
17049719,0637200,,T & W DRILLING,CURL NO 1 LEASE 3 MILES SOUTH,Haskell,OK,74436,,0000,,S,1381,000000,A,A,,B,,,,,,,,,,,00000,,13,1981-10-20,,1981-10-23,1981-12-09,2011-10-14 16:38:47 EDT
17057639,0637200,,GENE PORTER DRILLING CO INC,61/2 MILES NORTH PERRY OK 1/4,Perry,OK,73077,,0000,Y,S,1381,000000,A,A,,B,,,,,,,,,,,00000,,13,1975-02-13,,1975-02-18,1975-05-02,2011-10-14 16:38:47 EDT
17066754,0637200,,J R CHEMICAL CO,KERR-MCGEE CHEMICAL PLANT,Cushing,OK,74023,,0000,,S,1389,000000,A,A,,B,,,,,,,,,,,00000,,1,1973-04-25,,1973-04-25,1984-03-10,2011-10-14 16:38:47 EDT
17068479,0637200,,W & S INC,HIGHWAY 81 NORTH,Hennessey,OK,73742,,0000,,S,1389,000000,A,B,,B,,,,,,,,,,,00000,,30,1973-02-09,,1973-02-09,1984-03-10,2011-10-14 16:38:47 EDT
17072307,0637200,,TRIGG DRILLING CO RIG #4,7 WEST AND 1 NORTH OF CALUMET,Calumet,OK,73014,,0000,,S,1381,000000,A,A,,B,,,,,,,,,,,00000,,16,1975-05-29,,1975-06-25,1975-11-14,2011-10-14 16:38:47 EDT
17072471,0637200,,SHAWNEE OIL & GAS CORP RIG #1,15 MILES EAST & 3 MILES NORTH,Marlow,OK,73055,,0000,,S,1381,000000,A,A,,B,,,,,,,,,,,00000,,13,1975-09-02,,1975-09-16,1976-01-30,2011-10-14 16:38:47 EDT
17072497,0637200,,BONRAY DRILLING CO INC RIG #1,OPITZ 1/2 MILE EAST OF BINGER,Binger,OK,73009,,0000,,S,1381,000000,A,A,,B,,,,,,,,,,,00000,,13,1975-09-11,,1975-10-10,1984-03-10,2011-10-14 16:38:47 EDT
17076100,0637200,,WACHTMAN-SCHROE,17 MILES WEST & 2 MILES SOUTH,Pawhuska,OK,74056,,0000,,S,1311,000000,A,A,,B,,,,,,,,,,,00000,,7,1975-02-04,,1975-02-04,1984-03-10,2011-10-14 16:38:47 EDT
17086323,0637200,,KEENER OIL CO,LIVINGSTON 80 #6,Seminole,OK,74686,,0000,,S,1311,000000,A,A,,B,,,,,,,,,,,00000,,1,1979-01-26,,1979-02-05,1984-10-23,2011-10-14 16:38:47 EDT
17090317,0637300,,W L FLOWERS MACHINE & WELDIN,RT 1 BOX 2,Alice,TX,78332,,0000,,S,1389,000000,A,B,,B,,,,,,,,,,,00000,,35,1974-07-29,,1974-07-29,1984-03-10,2011-10-14 16:38:47 EDT
17092107,0637300,,TOM BROWN INC,25 MI SW OF SONORA TX MAYRAY C,Sonora,TX,76950,,0000,,S,1381,000000,A,A,,B,,,,,,,,,,,00000,,17,1975-07-10,,1975-07-14,1976-03-19,2011-10-14 16:38:47 EDT
17092412,0637300,,AIR EQUIPMENT RENTAL INC,10 MILES NE OF POINT COMFORT,Point Comfort,TX,77978,,0000,,S,1389,000000,A,A,,B,,,,,,,,,,,00000,,3,1974-06-04,,1974-06-04,1984-03-10,2011-10-14 16:38:47 EDT
17093139,0637300,,RADER EQUIPMENT CO,12 MILES NORTHEAST OF RIO GRAN,Rio Grande City,TX,78582,,0000,,S,1381,000000,A,A,,B,,,,,,,,,,,00000,,1,1974-11-12,,1974-11-13,1975-03-06,2011-10-14 16:38:47 EDT
17094210,0637300,,CAMDEN DRILLING CO,PHILLIPS 66 DOCK,Fulton,TX,78358,,0000,,S,1381,000000,A,B,,B,,,,,,,,,,,00000,,70,1975-06-11,,1975-06-13,1978-04-13,2011-10-14 16:38:47 EDT
17094228,0637300,,A & F DRILLING CO INC,15 MILES SOUTH OF VICTORIA TX,Victoria,TX,77901,,0000,,S,1381,000000,A,B,,B,,,,,,,,,,,00000,,40,1975-06-12,,1975-06-12,1975-12-22,2011-10-14 16:38:47 EDT
17094517,0637300,,PADRE DRILLING CO INC,NORTHWEST OF REFUGIO TEXAS,Refugio,TX,78377,,0000,,S,1381,000000,A,A,,B,,,,,,,,,,,00000,,16,1975-07-24,,1975-07-25,1975-12-15,2011-10-14 16:38:47 EDT
17095233,0637300,,CHOYA DRILLING CO,LEASE WILLIAM A COHEN WELL 1,Corpus Christi,TX,28332,,0000,,S,1381,000000,A,A,,B,,,,,,,,,,,00000,,15,1974-11-20,,1974-11-26,1984-03-10,2011-10-14 16:38:47 EDT
17095308,0637300,,MARINE DRILLING CO,OCS G 2663 BLOCK A70 RIG J STO,Port Oconnor,TX,78401,,0000,Y,S,1381,000000,A,B,,B,,,,,,,,,,,00000,,23,1975-01-21,,1975-01-24,1975-03-04,2011-10-14 16:38:47 EDT
17096157,0637300,,PAT BAKER TRUCKING & SERVICE,FM1681 GLEN HUMMEL LEASE,Stockdale,TX,78160,,0000,,S,1389,000000,A,A,,B,,,,,,,,,,,00000,,2,1974-10-25,,1974-10-25,1984-03-10,2011-10-14 16:38:47 EDT
17099490,0637300,,SCHAEFER WELL SERVICE INC,4 MILES N OF REFUGIO HWY 77,Refugio,TX,78377,,0000,,S,1389,000000,A,A,,B,,,,,,,,,,,00000,,5,1974-05-14,,1974-05-14,1984-03-10,2011-10-14 16:38:47 EDT
17105313,0637400,,BUTLER DRILLING CORP,4 MI S OF HWY 63 FM 2991,Burkeville,TX,75932,,0000,,S,1381,000000,A,A,,B,,,,,,,,,,,00000,,21,1980-12-05,,1980-12-09,1981-02-11,2011-10-14 16:38:47 EDT
17105388,0637400,,FRANKS CASING CREW & RENTAL TO,MALLARD ESTATE #1 OFF HWY 155,Palestine,TX,75801,,0000,,S,1389,000000,A,B,,B,,,,,,,,,,,00000,,32,1980-12-24,,1981-01-05,1981-03-13,2011-10-14 16:38:47 EDT
17106386,0637400,,P&M PIPE TESTING INC,LONE STAR STEEL PLT GULF COAST,Lone Star,TX,75668,,0000,,S,1389,000000,A,B,,B,,,,,,,,,,,00000,,211,1981-09-01,,1981-09-01,1981-10-26,2011-10-14 16:38:47 EDT
17107103,0637400,,P & M PIPE TESTING INC,LONE STAR STEEL PLT PROJECT,Lone Star,TX,75668,,0000,,S,1389,000000,A,B,,B,,,,,,,,,,,00000,,211,1982-03-19,,1982-03-22,1983-02-17,2011-10-14 16:38:47 EDT
17113903,0637400,,TELEDYNE EXPLORATION CO INC,APPROXIMATLEY 7 MI SLE DALLAR,Dallardsville,TX,77332,,0000,,S,1382,000000,A,B,,B,,,,,,,,,,,00000,,1200,1979-07-19,,1979-07-19,1979-09-07,2011-10-14 16:38:47 EDT
17116328,0637400,,RANGER WELL SERVICE INC,7110 MILE EAST & 2 10 MILE NOR,Clayton,TX,78839,,0000,,S,1389,000000,A,B,,B,,,,,,,,,,,00000,,70,1981-07-14,,1981-07-16,1982-03-19,2011-10-14 16:38:47 EDT
17116658,0637400,,KENCO CASING PULLING INC,5 MILES NE,Hemphill,TX,75662,,0000,,S,1389,000000,A,B,,B,,,,,,,,,,,00000,,22,1981-12-07,2016-06-03,1981-12-09,1985-10-01,2016-06-30 01:10:52 EDT
17118050,0637400,,JUSTISS MEARS OIL CO INC,9 MI S RIG #28,Marshall,TX,75670,,0000,,S,1381,000000,A,A,,B,,,,,,,,,,,00000,,16,1978-08-14,,1978-09-15,1984-03-10,2011-10-14 16:38:47 EDT
17118142,0637400,,BROWNIE DRILLING CO INC,4 MI SW OFF HWY 87,Deweyville,TX,77614,,0000,,S,1381,000000,A,A,,B,,,,,,,,,,,00000,,14,1978-10-30,,1978-10-31,1979-02-27,2011-10-14 16:38:47 EDT
17118456,0637400,,DEARBORN DRILLING INC,6 MI SW & OFF FM ROAD 515,Winnsboro,TX,75494,,0000,,S,1381,000000,A,A,,B,,,,,,,,,,,00000,,16,1979-02-22,,1979-03-02,1980-07-30,2011-10-14 16:38:47 EDT
17118472,0637400,,JET DRILLING CO INC,2 1/2 MI SO-OFF IH #20,Longview,TX,75601,,0000,,S,1381,000000,A,A,,B,,,,,,,,,,,00000,,15,1979-03-13,,1979-04-18,1980-03-18,2011-10-14 16:38:47 EDT
17118548,0637400,,F W A DRILLING CO INC,3 MI SOUTH OFF FM ROAD 80,Teague,TX,75860,,0000,,S,1381,000000,A,A,,B,,,,,,,,,,,00000,,19,1979-04-02,,1979-04-06,1979-10-19,2011-10-14 16:38:47 EDT
17119165,0637400,,O'CONNOR & YOUNG DRILLING COMP,5 MI NORTH OF RIG 201,Jewett,TX,75846,,0000,,S,1381,000000,A,A,,B,,,,,,,,,,,00000,,22,1980-01-31,,1980-02-01,1980-03-17,2011-10-14 16:38:47 EDT
17119751,0637400,,VISTA BAILEY DRILLING CO,2 MI WEST COFF FM RD 35,Quinlan,TX,75474,,0000,,S,1381,000000,A,A,,B,,,,,,,,,,,00000,,16,1980-08-29,,1980-08-29,1980-11-05,2011-10-14 16:38:47 EDT
17119777,0637400,,CAPE DRILLING CO,10 MILES NW,Centerville,TX,75833,,0000,,S,1381,000000,A,A,,B,,,,,,,,,,,00000,,19,1980-09-18,,1980-09-18,1981-01-16,2011-10-14 16:38:47 EDT
17119801,0637400,,JUSTISS MEARS OIL CO INC,10 MILES NORTH OFF FARM ROAD 1,Henderson,TX,75652,,0000,,S,1381,000000,A,A,,B,,,,,,,,,,,00000,,17,1980-10-06,,1980-10-06,1981-06-15,2011-10-14 16:38:47 EDT
17120221,0637400,,COPELAND WELL SERVICE INC,OFF FARM RD 2346-NORTHEASTERLY,Madisonville,TX,77864,,0000,,S,1389,000000,A,B,,B,,,,,,,,,,,00000,,80,1981-03-02,,1981-03-06,1981-03-17,2011-10-14 16:38:47 EDT
17120239,0637400,,ROTARY DRILLING INC,2 MILES SW,Frankston,TX,75763,,0000,,S,1381,000000,A,A,,B,,,,,,,,,,,00000,,16,1981-03-04,,1981-03-12,1981-06-26,2011-10-14 16:38:47 EDT
17120684,0637400,,TRIPLE AAA DRILLING CO,1 MILE NE EAST OF HWY 42,Price,TX,75687,,0000,,S,1381,000000,A,B,,B,,,,,,,,,,,00000,,12,1981-07-27,,1981-07-28,1981-10-05,2011-10-14 16:38:47 EDT
17121252,0637400,,CAPE DRILLING CO,4 MI NORTH OFF FARM RD 2966,Quitman,TX,75783,,0000,,S,1381,000000,A,B,,B,,,,,,,,,,,00000,,21,1982-01-04,,1982-01-08,1982-09-16,2011-10-14 16:38:47 EDT
17121260,0637400,,OFFSHORE CASING CREWS INC,4 MI SW OFF HWY 64,Selman City,TX,75689,,0000,,S,1389,000000,A,B,,B,,,,,,,,,,,00000,,36,1982-01-05,,1982-01-07,1982-03-15,2011-10-14 16:38:47 EDT
17121351,0637400,,RICHARDS DRILLING CO,12 MI EAST,Livingston,TX,77351,,0000,,S,1381,000000,A,B,,B,,,,,,,,,,,00000,,26,1982-02-16,,1982-02-23,1982-12-30,2011-10-14 16:38:47 EDT
17121427,0637400,,J B SWABBING CO INC,18 MI SE,Carthage,TX,75633,,0000,,S,1381,000000,A,B,,B,,,,,,,,,,,00000,,5,1982-03-04,,1982-03-05,1982-04-07,2011-10-14 16:38:47 EDT
17122292,0637400,,CROWN CENTRAL PETROLEUM COLP,5 MILES NORHT OF QUITMAN TX DI,Quitman,TX,75783,,0000,,S,1389,000000,A,A,,B,,,,,,,,,,,00000,,1,1977-10-25,,1977-11-14,1977-12-14,2011-10-14 16:38:47 EDT
17131780,0637400,,JAMAICA CONSTRUCTION CO INC,2 MI WEST HWY 42,White Oak,TX,75693,,0000,,S,1389,000000,A,A,,B,,,,,,,,,,,00000,,14,1977-11-02,,1977-11-04,1978-01-03,2011-10-14 16:38:47 EDT
17133471,0637400,,WELLTECH INC EAST TEXAS DIVISI,1 MILE SOUTH OF HWY 49 1/2 MI,Mineola,TX,75773,,0000,,S,1389,000000,A,B,,B,,,,,,,,,,,00000,,63,1979-07-27,,1979-07-30,1981-02-13,2011-10-14 16:38:47 EDT
17211046,0737500,,GEAR DRILLING CO,5 MILES SOUTHEAST OF ALBIN WYO,Adams,NE,82050,,0000,,S,1381,000000,A,B,,B,,,,,,,,,,,00000,,36,1976-02-03,,1976-02-03,1976-03-04,2011-10-14 16:38:47 EDT
17214180,0737500,,GENE DRILLING CO,25 MILES SOUTH WEST OF BRIDGEP,Bridgeport,NE,69336,,0000,,S,1381,000000,A,B,,B,,,,,,,,,,,00000,,33,1975-10-22,,1975-10-23,1975-12-03,2011-10-14 16:38:47 EDT
17219916,0737500,,GEAR DRILLING CO,POTTER NEBRASKA,Potter,NE,69156,,0000,,S,1381,000000,A,B,,B,,,,,,,,,,,00000,,33,1975-02-03,,1975-02-04,1975-07-22,2011-10-14 16:38:47 EDT
17221730,0737500,,Z & S CONSTRUCTION CO INC,12 NORTHWEST ON STODDARD #1 SI,Harrisburg,NE,69345,,0000,Y,S,1389,000000,A,B,,B,,,,,,,,,,,00000,,56,1978-04-13,,1978-04-13,1979-10-12,2011-10-14 16:38:47 EDT
17262486,0728900,,EVERTSON WELL SERVICE INC,2 MILES W OF HWY 385 AT MARKER,Bridgeport,NE,69145,,0000,,S,1389,000000,A,B,,B,,,,,,,,,,,00000,,28,1980-12-19,,1981-01-22,1981-03-03,2011-10-14 16:38:47 EDT
17288614,0728900,,SIMMONS DRILLING INC,SECTION 32 NORTH OF,Potter,NE,69156,,0000,,S,1381,000000,A,A,,B,,,,,,,,,,,00000,,17,1981-12-01,,1982-01-05,1982-01-12,2011-10-14 16:38:47 EDT
17409947,0418300,,"GRAVES WELL DRILLING CO., INC.",10740 LOCK #17 ROAD,ADGER,AL,35006,A,0000,N,S,1381,000000,A,B,,B,X,,,,,,,,,,00000,,57,1988-09-26,,1988-09-27,1988-10-07,2011-10-14 16:38:47 EDT
17504218,0625400,,CHUCK'S HOT OIL SERVICE,"4 MI. N. HWY 696, 7 MI. E. OF LEXINGTON",LEXINGTON,TX,78947,A,0000,N,S,1389,000000,A,B,,B,,,,,,,,"RT. 4, BOX 37A-21",CALDWELL,TX,77836,,2,1986-03-21,,1986-03-31,1986-06-20,2011-10-14 16:38:47 EDT
17567314,0316400,,PENNZOIL PRODUCTS COMPANY,STATE ROUTE #18,WEST UNION,WV,26456,A,0000,N,S,1382,000000,A,B,,A,,,,,,,,P.O. BOX 5519,VIENNA,WV,26105,,296,1989-04-20,,1989-04-20,1989-05-08,2011-10-14 16:38:47 EDT
17602384,0317500,,EAGLE LINE CORPORATION,SHAMBURG STREET,PLEASANTVILLE,PA,16341,A,0000,N,S,1311,000000,A,B,,B,,,,,,,,POST OFFICE BOX 275,PLEASANTVILLE,PA,16341,,10,1986-04-01,,1986-04-02,1986-06-30,2011-10-14 16:38:47 EDT
17835224,0317500,,BISETT OIL & GAS COMPANY,"PROPERTY OF DR. ROY ROBERTS, R.D. #1",NEW FREEPORT,PA,15352,A,0000,N,S,1389,000000,A,A,,B,,,,,,,,NO STREET ADDRESS,HOLBROOK,PA,15341,,5,1985-11-14,,1985-11-14,1985-12-23,2011-10-14 16:38:47 EDT
18129742,0419400,,"SMITH BROTHERS, INC.",HWY 28 WEST,SOSO,MS,39480,A,0000,N,S,1381,000000,A,A,,N,X,,,,,,,631 POOLE CREEK ROAD,LAUREL,MS,39440,,5,1994-11-30,,1994-12-01,1995-01-01,2011-10-14 16:38:47 EDT
18272203,0729700,,"A.L. ABERCROMBIE, INC.",4-1/2 MI N OF,PLAINS,KS,67869,A,0000,N,S,1381,000000,A,B,,N,,,,,,,,"150 N. MAIN, SUITE 801",WICHITA,KS,67202,,27,1993-07-22,,1993-08-18,1994-08-29,2011-10-14 16:38:47 EDT
18611178,0452110,,SABINE CORP,RT 114 E,SALYERSVILLE,KY,41465,A,0000,N,S,1311,000000,A,B,,B,X,,,,,,,PO BOX 186,SALYERSVILLE,KY,41465,,23,1985-01-18,,1985-01-23,1985-06-21,2011-10-14 16:38:47 EDT
18775791,0625700,,PENROD DRILLING,,Erath,LA,00000,,0000,,S,1381,000000,A,D,E,,,,,,,,,,,,00000,,,1979-03-05,2016-06-02,,1980-09-30,2016-06-30 01:10:52 EDT
18775809,0625700,,PLACID OIL CO,,Delcambre,LA,00000,,0000,,S,1311,000000,A,D,E,,,,,,,,,,,,00000,,,1979-03-14,2016-06-02,,1980-09-30,2016-06-30 01:10:52 EDT
18775817,0625700,,MARATHON OIL,,Delcambre,LA,00000,,0000,,S,1311,000000,A,D,E,,,,,,,,,,,,00000,,,1979-03-21,2016-06-02,,1980-09-30,2016-06-30 01:10:52 EDT
18775825,0625700,,ARROW CONTRACTORS,,Delcambre,LA,00000,,0000,,S,1389,000000,A,D,E,,,,,,,,,,,,00000,,,1979-03-22,2016-06-02,,1980-09-30,2016-06-30 01:10:52 EDT
18775833,0625700,,POOL DRILLING CO,,Delcambre,LA,00000,,0000,,S,1381,000000,A,D,E,,,,,,,,,,,,00000,,,1979-03-23,2016-06-02,,1980-09-30,2016-06-30 01:10:52 EDT
18775858,0625700,,CIRCLE BAR DRILLING CO,,Abbeville,LA,00000,,0000,,S,1389,000000,A,D,E,,,,,,,,,,,,00000,,,1979-08-28,2016-06-02,,1980-09-30,2016-06-30 01:10:52 EDT
18799189,0830500,,BYRON OIL INDUSTRIES INC,,THORNTON,CO,00000,,0000,,S,1389,000000,A,D,E,,,,,,,,,,,,00000,,,1982-03-31,2016-06-03,,2011-05-01,2016-06-30 01:10:52 EDT
19501832,0625700,,HELMERICH & PAYNE INTL ORI,74 S MI OF BUNKIE LA ON HWY,Bunkie,LA,71322,,0000,,S,1381,000000,A,A,,B,,,,,,,,,,,00000,,11,1984-02-10,,1984-02-10,1984-04-20,2011-10-14 16:38:47 EDT
19501840,0627700,,BODARD & HALE DRILLING CO 12,HIAWASSE RD & 49 ST NE,Choctaw,OK,73020,,0000,,S,1382,000000,A,B,,B,,,,,,,,,,,00000,,12,1984-01-24,,1984-01-25,1984-03-05,2011-10-14 16:38:47 EDT
100000140,1032100,,WEATHERFORD ALASKA INC.,DOLLY VARDEN PLATFORM,KENAI,AK,99611,A,0000,Y,S,1389,000000,A,B,,B,,,,,,,,P O BOX 4 2399,ANCHORAGE,AK,99509,,2,1986-03-28,,1986-04-16,1986-05-14,2011-10-14 16:38:47 EDT
100000157,1032100,,JOE'S OILFIELD SERVICE INC,DOLLY VARDEN PLATFORM,KENAI,AK,99611,A,0000,Y,S,1389,000000,A,B,,N,,,,,,,,341 EAST 77TH,ANCHORAGE,AK,99518,N043    000000066,2,1986-03-28,2007-12-28,1986-04-16,1986-07-11,2011-10-14 16:38:47 EDT
100000447,1032100,,MARATHON OIL COMPANY,"STEELHEAD PLATFORM, COOK INLET",KENAI,AK,99611,A,0000,Y,S,1311,000000,A,B,,A,,,,,,,,P. O. BOX 190168,ANCHORAGE,AK,99519,,24,1986-03-22,,1986-03-22,1988-08-15,2011-10-14 16:38:47 EDT
100000488,1032100,,PARKER DRILLING COMPANY,DOLLY VARDEN PLATFORM,KENAI,AK,99611,A,0000,Y,S,1381,000000,A,B,,B,,,,,,,,10560 OLD SEWARD HIGHWAY,ANCHORAGE,AK,99511,,15,1986-03-22,,1986-03-22,1986-07-11,2011-10-14 16:38:47 EDT
100000496,1032100,,HYDRIL COMPANY,DOLLY VARDEN PLATFORM,KENAI,AK,99611,A,0000,Y,S,1389,000000,A,B,,B,,,,,,,,"5401 CORDOVA STREET, SUITE 201",ANCHORAGE,AK,99502,,2,1986-03-22,,1986-03-22,1986-09-16,2011-10-14 16:38:47 EDT
100000843,1032100,,POOL ARCTIC ALASKA,ENDICOTT ISLAND SATELLITE,PRUDHOE BAY,AK,99734,A,0000,Y,S,1382,000000,A,B,,N,,,,,,,,"550 W. 7TH AVE., SUITE 1000",ANCHORAGE,AK,99501,N043    000000309,27,1986-06-28,,1986-06-28,1986-08-28,2011-10-14 16:38:47 EDT
100001296,1032100,,DOYON DRILLING INC J.V,"RIG #15, ENDICOTT SAPC MPI",ENDICOTT ISLAND,AK,99734,A,0000,Y,S,1311,000000,A,B,,N,,,,,,,,"420 L STREET, SUITE 406",ANCHORAGE,AK,99501,N043    000000216,24,1987-07-20,2008-01-02,1987-07-21,1987-07-21,2011-10-14 16:38:47 EDT
100021963,0830500,,J. W. GIBSON WELL SERVICE,SE SW SEC. 1 - T15 S - R45W,CHEYENNE WELLS,CO,80801,A,0000,Y,H,1389,000000,A,B,,B,,,,,,,,PO BOX 160,FT. MORGAN,CO,80701,,10,1990-07-12,,1990-08-27,1991-05-31,2011-10-14 16:38:47 EDT
100026137,0830500,,GERRITY OIL AND GAS CORPORATION,1/2 MILE S.W. OF 65TH & 49TH STREET,GREELEY,CO,80634,A,0000,N,S,1311,000000,A,B,,B,,,,,,,,4100 E. MISSISSIPPI #1200,DENVER,CO,80222,,25,1991-06-05,,1991-11-06,1991-12-27,2011-10-14 16:38:47 EDT
100026525,0830500,,"VECO DRILLING, INC.","EAST OF WCR RD. 29, & HWY 85",GILCREST,CO,80623,A,0000,N,S,1381,000000,A,B,,B,,,,,,,,785 22 RD.,GRAND JUNCTION,CO,81502,,5,1991-08-07,,1992-01-17,1992-03-06,2011-10-14 16:38:47 EDT
100036417,0729700,,WELEX: A HALLIBURTON CO.,4 MI NW OF,HILL CITY,KS,67642,A,0000,N,S,1389,000000,A,B,,B,X,,,,,,,1102 E. EIGHTH,HAYS,KS,67601,,19,1985-12-17,,1985-12-17,1986-02-26,2011-10-14 16:38:47 EDT
100256551,0625700,,CAPITOL DRILLING CO,HWY 23 S 6 MILES FROM,MYRTLE GROVE,LA,70082,A,0000,N,S,1381,000000,A,B,,B,,,,,,,,130 RUE BEAUREGARD,LAFAYETTE,LA,70508,,5,1985-08-14,,1985-08-26,1985-10-15,2011-10-14 16:38:47 EDT
100263193,0625700,,"B.O.P. PRESSURE TESTERS, INC.","HWY 90, EAST",BROUSSARD,LA,70518,A,0000,N,S,1389,000000,A,B,,B,,,,,,,,"407 1/2 PECAN GROVE, P. O. BOX 4922",LAFAYETTE,LA,70502,,3,1986-11-03,,1986-11-03,1986-11-03,2011-10-14 16:38:47 EDT
100269216,0626600,,THE WESTERN COMPANY OF NORTH AMERICAN,HWY 146 NORTH,LIBERTY,TX,77575,A,0000,N,S,1381,000000,A,B,,B,,,,,,,,PO BOX 841,LIBERTY,TX,77575,,38,1986-03-18,,1986-03-18,1986-03-18,2011-10-14 16:38:47 EDT
100277029,0627700,,WEATHERFORD NIPPLE UP SYSTEMS INC,15 1/2 MI EAST 1/2 MI SOUTH,WEATHERFORD,OK,73096,A,0000,N,S,1389,000000,A,B,,B,,,,,,,,PO BOX 131,WEATHERFORD,OK,73096,,3,1986-03-31,2016-06-03,1986-04-03,1987-09-30,2016-06-30 01:10:52 EDT
100277854,0627700,,J C'S TANK TRUCK SERVICE,4 MI N HWY 75 1/4 W ROAD 11,DEWEY,OK,74029,A,0000,N,H,1389,000000,A,B,,B,,,,,,,,RT 1 BOX 164,DEWEY,OK,74029,,4,1986-01-23,2016-06-03,1986-01-24,2000-10-01,2016-06-30 01:10:52 EDT
100281971,0627700,,"ALDRICH WELDING AND SERVICE, INC.","3 MI. S. OF HWY 60, 1/4 MI W. OF HWY 156",PONCA CITY,OK,74602,A,0000,N,S,1389,000000,A,B,,B,,,,,,,,P.O. BOX 2674,PONCA CITY,OK,74602,,2,1986-07-17,,1986-07-23,1986-07-23,2011-10-14 16:38:47 EDT
100294487,0627400,,EL PASO NATURAL GAS COMPANY,25 MILES SOUTHWEST,GARDEN CITY,TX,79739,A,0000,Y,S,1389,000000,A,B,,B,X,,,,,,,ONE PETROLEUM CENTER BUILDING TWO 3300 NORTH A 1,MIDLAND,TX,79705,,1100,1985-07-23,,1985-07-23,1986-01-22,2011-10-14 16:38:47 EDT
100294784,0627400,,CACTUS DRILLING CO,6 MILES E & 1 MILE NORTH OF,GOLDSMITH,TX,79741,A,0000,N,S,1381,000000,A,A,,B,,,,,,,,PO DRAWER 2800,MIDLAND,TX,79702,,17,1985-07-29,,1985-08-02,1985-09-20,2011-10-14 16:38:47 EDT
100295039,0625400,,"SAW DRILLING INC., RIG #4","JAMES KOLLMAN #1 LEASE, 11 MI. S. OF STOCKDALE",STOCKDALE,TX,78160,A,0000,N,S,1381,000000,A,B,,B,,,,,,,,P. O. BOX 4630,VICTORIA,TX,77901,,30,1986-01-17,,1986-01-22,1986-01-22,2011-10-14 16:38:47 EDT
100296441,0625400,,"F W A DRILLING CO., INC., RIG #4","31 MILES NW OF SAN ANGELO, MAYER LEASE #10",SAN ANGELO,TX,76901,A,0000,N,S,1381,000000,A,B,,B,,,,,,,,P. O. BOX 419,WICHITA FALLS,TX,76307,,15,1985-08-20,,1985-08-20,1985-08-20,2011-10-14 16:38:47 EDT
100296474,0625400,,"DOWELL SCHLUMBERGER CO., INC.",28 MILES SE OF ROCK SPRINGS,ROCK SPRINGS,TX,78880,A,0000,N,S,1389,000000,A,B,,B,,,,,,,,P. O. BOX 4378,HOUSTON,TX,77210,,13,1985-08-21,,1985-08-21,1985-08-21,2011-10-14 16:38:47 EDT
100301720,0627400,,CONN CONSTRUCTION,1/2 MILE W OF HWY 190,IRAAN,TX,79744,A,0000,N,S,1389,000000,A,B,,B,,,,,,,,PO BOX 284,IRAAN,TX,79744,,18,1985-11-21,,1985-11-22,1986-07-14,2011-10-14 16:38:47 EDT
100301829,0627400,,L D BURNS DRILLING CO INC,FM 392 APPROX 4 MILES SOUTH OF,CHILLICOTHE,TX,79225,A,0000,Y,S,1381,000000,A,B,,B,,,,,,,,PO DRAWER 4867,WICHITA FALLS,TX,76308,,13,1985-12-11,,1985-12-12,1986-02-04,2011-10-14 16:38:47 EDT
100301852,0627400,,SANTA FE DRILLING COMPANY (WESTERN),RIG #16 W. BOWDLE ESTATE 47 WELL #1,MENTONE,TX,79754,A,0000,Y,S,1381,000000,A,B,,B,,,,,,,,P. O. BOX 992,ODESSA,TX,79760,,15,1986-01-02,,1986-01-03,1987-06-02,2011-10-14 16:38:47 EDT
100302249,0626000,,QUESTOR DRILLING INC,10 MILES SOUTH OF,BEN BOLT,TX,78342,A,0000,N,S,1381,000000,A,A,,B,,,,,,,,ROUTE 9 BOX 185 AA,VICTORIA,TX,77901,,6,1985-12-06,,1985-12-06,1985-12-16,2011-10-14 16:38:47 EDT
100302256,0626000,,HELDT BROTHERS TRUCKS,10 MILES SOUTH OF,BEN BOLT,TX,78342,A,0000,N,S,1389,000000,A,A,,B,,,,,,,,P O BOX 1130,ALICE,TX,78332,,8,1985-12-06,,1985-12-06,1985-12-06,2011-10-14 16:38:47 EDT
100303536,0626000,,FISH OIL WELL SERVICING CO INC,FM 665 1/4 MILE NORTH OF,PETRONILA,TX,78380,A,0000,N,S,1389,000000,A,A,,B,,,,,,,,PO BOX 1419,BEEVILLE,TX,78104,,6,1985-08-06,,1985-08-09,1985-12-17,2011-10-14 16:38:47 EDT
100308253,0626000,,M & M MOJADOS BULLDOZER,2 MI. S. WEBER RD. & HWY 236,VICTORIA,TX,77901,A,0000,N,S,1382,000000,A,D,I,B,,,,,,,,,,,00000,,,1986-07-24,,1986-07-24,1986-07-24,2011-10-14 16:38:47 EDT
100308261,0626000,,"CGG AMERICAN SERVICES, INC.",2 MI S. WEBER RD & HWY 236,VICTORIA,TX,77901,A,0000,N,S,1382,000000,A,B,,B,,,,,,,,3305 HOUSTON HWY,VICTORIA,TX,77902,,30,1986-07-23,,1986-07-24,1986-07-24,2011-10-14 16:38:47 EDT
100310366,0626300,,MAXWELL WELL SERV. INC. DBA CIRCLE M. WELL SERV.,HALLIBURTON OIL PROD. LODEN C-8,WHITE OAK,TX,75693,A,0000,N,S,1389,000000,A,B,,B,,,,,,,,P. O. BOX 1499,KILGORE,TX,75662,,80,1987-05-27,,1987-05-28,1989-07-19,2011-10-14 16:38:47 EDT
100315522,0626300,,W B HINTON DRILLING CO,JAMESON 1 RIG 3 4MI NE,TATUM,TX,75691,A,0000,Y,S,1381,000000,A,B,,B,,,,,,,,1805 N JEFFERSON,MT PLEASANT,TX,75455,,16,1985-12-13,,1985-12-18,1985-12-18,2011-10-14 16:38:47 EDT
100315902,0626300,,BASIN WELL SERVICE CO,6 MILES NW OF,ALBANY,TX,76430,A,0000,N,S,1389,000000,A,B,,B,,,,,,,,BOX 578,ALBANY,TX,75430,,7,1985-08-30,,1985-08-30,1985-08-30,2011-10-14 16:38:47 EDT
100318609,0626300,,HAWBURTON SERVICES,1600 FISHER RD,WICHITA FALLS,TX,76301,A,0000,N,S,1389,000000,A,B,,B,,,,,,,,PO BOX 4085,WICHITA FALLS,TX,76308,,87,1985-07-29,,1985-07-30,1985-07-30,2011-10-14 16:38:47 EDT
100329945,0418300,,PILGREEN PRODUCING CO.,ROSSER RD,TUSCALOOSA,AL,35405,A,0000,N,S,1381,000000,A,B,,N,,,,,,,,,,,00000,,4,1992-04-15,,1992-04-22,1993-10-19,2011-10-14 16:38:47 EDT
100472331,0625700,,"DOLPHIN-TITAN INTERNATIONAL, INC.","BLOCK 27, S. PASS,STATE LEASE 1012,SHELL WELL#314",VENICE,LA,70091,A,0000,N,S,1381,000000,A,B,,B,,,,,,,,"2700 POST OAK BLVD., SUITE 1057",HOUSTON,TX,77056,,20,1988-03-16,,1988-03-16,1990-06-28,2011-10-14 16:38:47 EDT
100474113,0625700,,"APEX ELECTRICAL WIRELINE SERVICE, INC.","TWP16S, RGE6E",LOUISA,LA,70544,A,0000,N,S,1389,000000,A,D,E,B,,,,,,,,"P. O. BOX 10153, STATION 1",HOUMA,LA,70361,,1,1988-02-25,,1988-02-25,1988-11-30,2011-10-14 16:38:47 EDT
100474121,0625700,,BAY DRILLING CORPORATION,"TWP16S, RGE6E",LOUISA,LA,70544,A,0000,N,S,1389,000000,A,D,E,B,,,,,,,,P. O. BOX 2316,HOUMA,LA,70361,,13,1988-02-25,,1988-02-25,1988-11-30,2011-10-14 16:38:47 EDT
100474634,0625700,,"FRENCH JORDAN, INC.",MOFFET ROAD EXTENSION,HOUMA,LA,70363,A,0000,N,S,1389,000000,A,B,,B,X,,,,,,,"STATION 1, BOX 10218",HOUMA,LA,70363,,25,1988-11-29,,1988-11-29,1989-03-03,2011-10-14 16:38:47 EDT
100476324,0625700,,"DELTA WELL SURVEYORS, INC.",CHEVRON WEST BAYFIELD #2,VENICE,LA,70091,A,0000,N,S,1389,000000,A,B,,B,,,,,,,,P. O. BOX 1009,BURAS,LA,70047,,26,1988-05-17,,1988-05-19,1988-05-20,2011-10-14 16:38:47 EDT
100478155,0625700,,"REBEL DRILLING & EXPLORATION, INC.","SEC.10, TWP.9N, RGE2E",JENA,LA,71342,A,0000,N,S,1381,000000,A,B,,B,,,,,,,,P. O. BOX 1151,NATCHEZ,MS,39120,,21,1988-04-06,,1988-04-07,1989-11-30,2011-10-14 16:38:47 EDT
100478742,0625700,,"GREY WOLF DRILLING COMPANY, LP",3MILES EAST OF HWY 532 ON PEACH TREE RD.,DUBBERLY,LA,71024,A,0000,Y,S,1381,000000,A,B,,N,,,,,,,,"333 TEXAS, SUITE 925",SHREVEPORT,LA,71101,N099    000018153,20,1988-04-27,2008-01-17,1988-04-27,1988-09-27,2011-10-14 16:38:47 EDT
100548957,0931200,,"CHEVRON U.S.A., INC.",14201 PAXTON ST.,PACOIMA,CA,91331,A,0000,N,S,1311,000000,A,B,,A,,,,,,,,646 COUNTY SQUARE DR.,VENTURA,CA,93006,,5,1987-09-02,,1987-09-17,1988-01-04,2011-10-14 16:38:47 EDT
100563535,0830300,,KENTING DRILLING COMPANY LIMITED,28 MILES WEST ON BLACKTAIL ROAD,FAIRFIELD,ND,58627,A,0000,Y,S,1381,000000,A,A,,N,,,,,,,,BOX 1721,WILLISTON,ND,58801,N169    000001837,16,1989-10-26,,1989-11-13,1990-04-19,2011-10-14 16:38:47 EDT
100563808,0830300,,"POOL WELL SERVICE, INC.",18 MILES SOUTH,RHAME,ND,58651,A,0000,Y,S,1389,000000,A,B,,B,X,,,,,,,P.O. BOX 4336,WILLISTON,ND,58801,,225,1990-03-28,,1990-03-28,1990-05-14,2011-10-14 16:38:47 EDT
100564996,0830300,,"JET OILFIELD EQUIPMENT RENTAL & SERVICE, INC.",OIL RIG SITE,RAUB,ND,58779,A,0000,N,S,1389,000000,A,B,,B,,,,,,,,P.O. BOX 1674,DICKINSON,ND,58601,,3,1992-01-06,,1992-01-06,1992-03-03,2011-10-14 16:38:47 EDT
100568195,0830100,,PREVOST CONTRACTING,HWY 13 N. 17 MILES TO SE.SW. SEC 27 T22N,CIRCLE,MT,59215,A,0000,Y,S,1389,000000,A,D,I,B,X,,,,,,,HRC 59284 BOX 2,LAMBERT,MT,58284,,1,1990-05-31,,1990-08-06,1990-08-06,2011-10-14 16:38:47 EDT
100578756,0830500,,EXETER DRILLING,"HWY. 7, 1/4 MILE W. OF TENNYSON",LAFAYETTE,CO,80026,A,0000,N,S,1381,000000,A,A,,N,,,,,,,,"1670 BROADWAY, SUITE 3400",DENVER,CO,80202,000000000,4,1992-11-16,,1993-04-01,1993-05-19,2011-10-14 16:38:47 EDT
100580083,0627700,,"BDX INTERNATIONAL, INC.","LL MI. E, 3 MI. N.",WETUMKA,OK,74883,A,0000,N,S,1389,000000,A,B,,B,,,,,,,,7005 EAST 48TH STREET,TULSA,OK,74145,,1,1989-01-04,,1989-01-04,1989-01-11,2011-10-14 16:38:47 EDT
100581693,0627700,,BASIN DRILLING CORP.,7 MILES EAST OF HWY 69,STRINGTOWN,OK,74569,A,0000,N,S,1381,000000,A,B,,B,,,,,,,,"4013 N.W. EXPRESSWAY, 650 LAKE POINTE TOWERS WEST",OKLAHOMA CITY,OK,73116,,18,1988-09-07,,1988-09-08,1988-09-19,2011-10-14 16:38:47 EDT
100582550,0626300,,TC NOE OIL ACCOUNT,"W H SILER LEASE, WELL #121",PRICE,TX,75687,A,0000,N,S,1311,000000,A,A,,B,,,,,,,,P. O. BOX 245,SELMAN CITY,TX,75689,,4,1988-10-12,,1988-10-21,1989-01-24,2011-10-14 16:38:47 EDT
100584804,0626000,,MIR-TEX ENERGY CORPORATION,A. M. BRUNI LEASE 9 MI. ON FM 649,MIRANDO CITY,TX,78369,A,0000,Y,S,1311,000000,A,B,,B,,,,,,,,P. O. BOX 8,MIRANDO CITY,TX,78369,,10,1989-06-09,,1989-06-09,1989-11-29,2011-10-14 16:38:47 EDT
100612563,0830600,,CELSIUS ENERGY CO,COUNTY ROAD 10,PLEASANT VIEW,CO,81331,A,0000,N,S,1389,000000,A,B,,N,,,,,,,,"1125 17TH ST, SUITE 2240",DENVER,CO,80202,,3,1991-09-04,,1991-12-13,1994-08-09,2011-10-14 16:38:47 EDT
100640655,0627400,,BURK WELL SERVICE,15 MILES SOUTH ODESSA FM1789 FM1492  RIG 408,ODESSA,TX,79769,A,0000,Y,S,1389,000000,A,B,,B,,,,,,,,BOX 1127,ANDREWS,TX,79714,,37,1987-10-19,,1987-10-20,1987-12-21,2011-10-14 16:38:47 EDT
100640671,0627400,,"PETREN DRILLING, INC.",MUREXCO LEASE  WHEELER COUNTY,CANADIAN,TX,79014,A,0000,Y,S,1381,000000,A,B,,B,,,,,,,,MUREXCO LEASE WHEELER COUNTY,CANADIAN,TX,79014,,30,1987-09-30,,1987-09-30,1987-12-01,2011-10-14 16:38:47 EDT
100652270,0626000,,QUESTOR TRUCKING INC.,4 MILES N. OFF FM 2765,EL CAMPO,TX,77437,A,0000,Y,S,1389,000000,A,B,,N,,,,,,,,"RT. 9, BOX 185AA",VICTORIA,TX,77901,000000000,4,1987-10-20,,1987-10-21,1988-01-20,2011-10-14 16:38:47 EDT
100652288,0626000,,CORPUS CHRISTI DRILLING AND WORKOVER L.L.C,"N.VICTORIA,NEAR MCCOYS",VICTORIA,TX,77901,A,0000,Y,S,1381,000000,A,A,,N,,,,,,,,311 SARATOGA BLVD,CORPUS CHRISTI,TX,78471,N168    000001523,13,1987-10-16,,1987-10-16,1988-03-22,2011-10-14 16:38:47 EDT
100652494,0626000,,"PRIDE OIL WELL SERVICE COMPANY, RIG #38","OFF HWY. 60, 2 MI W OF",BAY CITY,TX,77414,A,0000,Y,S,1389,000000,A,A,,N,,,,,,,,P.O. BOX 830,EL CAMPO,TX,77437,N168    000001567,5,1987-11-17,,1987-11-19,1989-09-15,2011-10-14 16:38:47 EDT
100658004,0626000,,FESCO INCORPORATED,"HWY. 72, 6 MI. S.W. OF",KENEDY,TX,78119,A,0000,N,H,1389,000000,A,A,,B,,,,,,,,207 PLASUELA ST.,REFUGIO,TX,78377,,2,1987-12-28,,1987-12-28,1988-03-28,2011-10-14 16:38:47 EDT
100659937,0626000,,"R & R OILFIELD SERVICE, INC.",APPROX. 0.3 MILES SOUTH OF FM 2191,FALFURRIAS,TX,78355,A,0000,Y,H,1389,000000,A,B,,B,,,,,,,,P.O. BOX 10457,FALFURRIAS,TX,78355,,30,1990-12-14,,1990-12-14,1991-02-26,2011-10-14 16:38:47 EDT
100676139,0830500,,H-S TESTING INC.,HIGHWAY 40,ARAPAHOE,CO,80802,A,0000,N,S,1389,000000,A,B,,B,,,,,,,,PO BOX 221,FT. MORGAN,CO,80701,,1,1990-09-28,,1990-11-26,1991-03-26,2011-10-14 16:38:47 EDT
100717990,0626300,,"PROFESSIONAL WIRE LINE SERVICES, INC.",ONE MILE  N. OF GRAHAM ON HWY. 16,GRAHAM,TX,76046,A,0000,N,S,1389,000000,A,B,,N,X,,,,,,,P. O. BOX 884,GRAHAM,TX,76046,,6,1987-10-09,,1987-11-13,1998-06-02,2011-10-14 16:38:47 EDT
100718006,0636900,,SPIVEY WIRE LINE SERVICE,6 MILES WEST OF GRAHAM NORTH OF HWY 380,BRECKENRIDGE,TX,76024,A,0000,N,S,1389,000000,A,B,,N,,,,,,,,RT 1 BOX 73A,BRECKENRIDGE,TX,76024,000000000,5,1987-10-09,,1987-10-09,1989-03-31,2011-10-14 16:38:47 EDT
100718667,0627400,,KALKO INDUSTRIES & WELL SERVICING CO.,604 OLD POST RD.,SNYDER,TX,79549,A,0000,N,S,1389,000000,A,A,,B,,,,,,,,,,,00000,,4,1987-01-27,,1987-01-30,1988-01-08,2011-10-14 16:38:47 EDT
100719327,0627400,,BASIN SALES & SERVICE,COUNTY RD  1140 N & LOOP 250,MIDLAND,TX,79702,A,0000,Y,S,1389,000000,A,A,,B,,,,,,,,,,,00000,,3,1987-03-02,,1987-03-02,1987-09-30,2011-10-14 16:38:47 EDT
100734128,0626300,,CLIFFORD M. WILLEFORD,1002 PACIFIC,GLADEWATER,TX,75647,A,0000,Y,S,1389,000000,A,B,,B,,,,,,,,,,,00000,,4,1987-07-09,,1987-07-09,1987-08-10,2011-10-14 16:38:47 EDT
100736602,0626700,,PRIDE OIL WELL SERVICE,ADA SHARP #1,ANGLETON,TX,77033,A,0000,Y,S,1382,000000,A,B,,B,,,,,,,,"3040 POST OAK BLVD., SUITE 1500",HOUSTON,TX,77056,,100,1986-12-11,,1987-03-11,2000-03-02,2011-10-14 16:38:47 EDT
100738426,0626300,,"C & S SERVICE & SUPPLY, INC.",FM ROAD 31 - 10 MI SE,MARSHALL,TX,75670,A,0000,N,H,1389,000000,A,B,,B,,,,,,,,P. O. BOX 1,JONESVILLE,TX,75659,,29,1986-06-25,,1986-06-26,1986-11-12,2011-10-14 16:38:47 EDT
100746429,0830500,,ADCOR DRILLING INCORPORATED,"SW. OF NE., SECTION 26, 6 NORTH, 81 WEST",STEAMBOAT SPGS,CO,80477,A,0000,N,S,1381,000000,A,B,,N,,,,,,,,1625 BROADWAY SUITE 2180,DENVER,CO,80202,,5,1992-07-31,,1992-10-14,1992-11-27,2011-10-14 16:38:47 EDT
100749928,0830500,,ASSOCIATED NATURAL GAS,18455 WCR 35,GILCREST,CO,80623,A,0000,N,S,1311,000000,A,B,,N,X,,,,,,,,,,00000,000000000,7,1992-09-16,,1992-10-16,1993-01-20,2011-10-14 16:38:47 EDT
100753516,0626700,,BLUE RIDGE OPERATING CO,MCHANK ROAD AND FM 442 FORT BEND COUNTY,NEEDVILLE,TX,77461,A,0000,N,S,1311,000000,A,B,,N,,,,,,,,"15510-E LEXINGTON BLVD, SUITE 367COUNTY",SUGARLAND,TX,77478,,5,1991-02-08,,1991-03-14,1992-08-28,2011-10-14 16:38:47 EDT
100753565,0626600,,STAR WELL SERVICE,MCHANK RD. & FM 442,FT.BEND CNTY.,TX,77461,A,0000,N,S,1381,000000,A,B,,N,,,,,,,,P.O. BOX 1229,SHEPHERD,TX,77371,,1,1991-02-14,,1991-02-19,1993-06-18,2011-10-14 16:38:47 EDT
100781988,0316400,,NOWSCO WELL SERVICE,3 MILES BEAVER COOL HOLLOW ROAD,TAMS,WV,25933,A,0000,Y,S,1389,000000,A,A,,N,,,,,,,,2106 ROXLANA ROAD,DUNBAR,WV,25064,000000000,12,1992-10-07,,1992-10-07,1993-12-21,2011-10-14 16:38:47 EDT
100795996,0626000,,"JENS' OILFIELD SERVICE, INC.",FM 490 APPROXIMATELY 25 MI S.,SAN ISIDRO,TX,78588,A,0000,Y,S,1389,000000,A,A,,B,,,,,,,,P.O. BOX 1176,EDINBURG,TX,78540,,3,1989-01-10,,1989-01-11,1989-09-20,2011-10-14 16:38:47 EDT
100820166,0627400,,"UNITED INDUSTRIES, INC.",CEDAR LAKE PLANT OFF FM 1066,LOOP,TX,79342,A,0000,N,S,1389,000000,A,B,,B,,,,,,,,P.O. BOX 4575,ODESSA,TX,79760,,3,1988-01-21,,1988-01-21,1988-03-04,2011-10-14 16:38:47 EDT
100821917,0627400,,"CIRCLE W. WELL SERVICE, INC.","5 MILES NORTH OF VIEW, TEXAS (RT 5 BOX 650)",ABILENE,TX,79605,A,0000,Y,S,1389,000000,A,A,,B,,,,,,,,ROUTE 5 BOX 650,ABILENE,TX,79605,,9,1988-04-26,,1988-04-27,1989-03-03,2011-10-14 16:38:47 EDT
100822063,0627400,,SOJOURNER DRILLING CORP,"GEER LEASE 6 MI NORTH OF RULE, TEXAS  RIG #3",ABILENE,TX,79604,A,0000,N,S,1381,000000,A,A,,B,,,,,,,,P. O. BOX 3224,ABILENE,TX,79604,,4,1988-11-23,,1988-11-23,1989-03-09,2011-10-14 16:38:47 EDT
100822147,0627400,,"HORIZON OIL & GAS CO., INC.",BLASINGAME LEASE #1-17 (8 MILES SOUTH OF PERRYTON),PERRYTON,TX,79070,A,0000,N,S,1311,000000,A,A,,N,,,,,,,,P. O. BOX F,SPEARMAN,TX,79081,N153    000002619,9,1988-01-05,2008-04-15,1988-01-11,1988-11-18,2011-10-14 16:38:47 EDT
100822790,0627400,,"HORIZON OIL & GAS CO., INC.",BLASINGAME LEASE #1-17 (8 MILES SOUTH OF PERRYTON),PERRYTON,TX,79070,A,0000,N,S,1311,000000,A,B,,B,,,,,,,,P. O. BOX F,SPEARMAN,TX,79081,,9,1988-04-06,,1988-04-06,1988-04-18,2011-10-14 16:38:47 EDT
100824044,0626000,,BBS EMPLOYMENT PLANS INC.,SCHAEFER WELL SERVICE RIG #9 ON HWY 111 N OF 59,EDNA,TX,77957,A,0000,Y,S,1389,000000,A,A,,N,,,,,,,,P.O. BOX 3218,VICTORIA,TX,77903,,6,1988-07-25,,1988-10-25,1990-07-03,2011-10-14 16:38:47 EDT
100827922,0626000,,"GRACE DRILLING CO., RIG #254","WOOD CHRISTIAN LEASE, WELL #1",MCCOOK,TX,78539,A,0000,N,S,1381,000000,A,B,,B,,,,,,,,P.O. BOX 20020,OKLAHOMA CITY,OK,73156,,11,1988-07-05,,1988-07-06,1990-04-11,2011-10-14 16:38:47 EDT
100827971,0626000,,CGC WELLS SALVAGING INC.,"BADE LEASE, WELL #1",CUERO,TX,77954,A,0000,N,S,1389,000000,A,A,,N,,,,,,,,P.O. BOX 4609,CORPUS CHRISTI,TX,78469,,4,1988-07-20,,1988-07-20,1989-01-27,2011-10-14 16:38:47 EDT
100828318,0626000,,FESCO INC.,"HWY 77, 7 MI NE OF REFUGIO (5800' SAND UNIT)",REFUGIO,TX,78377,A,0000,Y,S,1389,000000,A,A,,N,,,,,,,,1408 E. MAIN STREET,ALICE,TX,78332,,2,1990-09-06,,1990-09-07,1991-06-03,2011-10-14 16:38:47 EDT
100829894,0625700,,"OTIS ENGINEERING CORP., CPS DIV.","WEST DELTA BLOCK 27, WELL A-1",VENICE,LA,70091,A,0000,N,S,1389,000000,A,B,,B,,,,,,,,P. O. DRAWER A,BELLE CHASSE,LA,70037,,67,1988-02-02,,1988-02-04,1988-02-18,2011-10-14 16:38:47 EDT
100830967,0625700,,GLOBAL CHEMICAL CO.,AT WAREHOUSE IN GRAND ISLE,GRAND ISLE,LA,70358,A,0000,N,S,1389,000000,A,D,I,B,,,,,,,,P. O. BOX 33094,LAFAYETTE,LA,70505,,90,1988-08-22,,1988-08-23,1988-08-23,2011-10-14 16:38:47 EDT
100831981,0626300,,"MOBIL EXPLORATION AND PRODUCING, U.S. INC.",3 MILES NORTHWEST OF HWY 42,KILGORE,TX,75662,A,0000,Y,S,1389,000000,A,B,,A,,,,,,,,P. O. BOX 312,KILGORE,TX,75662,,50,1988-09-08,,1988-11-03,1990-01-02,2011-10-14 16:38:47 EDT
100923531,0931500,,CALIFORNIA PRODUCTION SERVICE INC.,STAR ROUTE BOX 400,MCKITTRICK,CA,93251,A,0000,N,S,1381,000000,A,B,,B,,X,,,,,,19030 JAMES RD.,BAKERSFIELD,CA,93308,,35,1988-02-11,,1988-02-12,1989-01-27,2011-10-14 16:38:47 EDT
100925221,0931500,,PEEBLES PRODUCTION SERVICES INC.,SHELL OIL-WELL 820-SECTION 13,MCKITTRICK,CA,93251,A,0000,N,S,1389,000000,A,B,,B,X,,,,,,,P.O. BOX 60188,BAKERSFIELD,CA,93386,,100,1988-02-17,,1988-04-07,1988-04-08,2011-10-14 16:38:47 EDT
100928654,0830300,,BURRIS DRILLING COMPANY,"15 MILES SOUTH OT TOWN, EAST OF HWY #85",WILLISTON,ND,58801,A,0000,Y,S,1381,000000,A,B,,B,,,,,,,,P.O. BOX 3890,CASPER,WY,82602,,18,1988-12-13,,1989-01-13,1989-02-27,2011-10-14 16:38:47 EDT
100929710,0830300,,CARDINAL DRILLING COMPANY,12 MILES NORTH AND 1 MILE WEST OF TOWN,CARPIO,ND,58725,A,0000,Y,S,1381,000000,A,A,,B,,,,,,,,P.O. BOX 1077,BILLINGS,MT,59103,,13,1989-06-06,,1989-06-06,1989-11-28,2011-10-14 16:38:47 EDT
101002095,0626600,,"STANLEY WELL SERVICE, INC.",FANCOR OIL COMPANY PROPERTY,COLD SPRING,TX,77001,A,0000,N,S,1389,000000,A,A,,B,X,,,,,,,P.O.BOX 1968,LIBERTY,TX,77575,,5,1991-05-07,,1991-06-03,1991-12-04,2011-10-14 16:38:47 EDT
101017465,0625700,,"GREY WOLF DRILLING COMPANY, LP",3MILES EAST OF HWY 532 ON PEACH TREE RD.,DUBBERLY,LA,71024,A,0000,N,S,1381,000000,A,A,,N,,,,,,,,"333 TEXAS, SUITE 925",SHREVEPORT,LA,71101,N099    000018153,17,1988-10-03,2008-01-17,1988-10-11,1989-05-26,2011-10-14 16:38:47 EDT
101068344,0626000,,FISH OIL WELL SERVICE RIG #19,1.5 MI. NW OF,BAYSIDE,TX,78340,A,0000,N,S,1381,000000,A,A,,B,,,,,,,,P. O. BOX 1419,BEEVILLE,TX,78104,,18,1986-03-17,,1986-03-18,1986-09-26,2011-10-14 16:38:47 EDT
101071850,0627400,,D & D HYDRAULIC CASING TONG SERVICE INC.,21 MILES SOUTHWEST OF GUTHRIE,GUTHRIE,TX,79236,A,0000,Y,S,1389,000000,A,B,,B,,,,,,,,P. O. BOX 884,STANFORD,TX,79553,,4,1986-08-04,,1986-08-06,1986-10-22,2011-10-14 16:38:47 EDT
101074029,0627400,,"PHILLIPS WELL SERVICE INC, RIG #102",8 MILES WEST OF,GARDEN CITY,TX,79739,A,0000,Y,S,1389,000000,A,B,,B,,,,,,,,P.O. BOX 925,BIG LAKE,TX,76932,,3,1986-07-17,,1986-07-17,1987-04-06,2011-10-14 16:38:47 EDT
101079937,0625700,,J. P. OIL CO.,"E. E. JEFFERS LEASE #1, OFF HWY 13",CROWLEY,LA,70527,A,0000,Y,S,1381,000000,A,B,,B,,,,,,,,P. O. BOX 52584,LAFAYETTE,LA,70505,,8,1986-10-08,,1986-10-14,1986-10-14,2011-10-14 16:38:47 EDT
101082675,0625700,,CHEVRON U.S.A. INC.,LA. HWY. 45 S. AT PIPELINE ST.,LAFITTE,LA,70067,A,0000,Y,S,1381,000000,A,B,,B,,,,,,,,P. O. BOX 207,BARATARIA,LA,70036,,22,1986-05-27,,1986-05-28,1986-07-24,2011-10-14 16:38:47 EDT
101083038,0625700,,"RIGOVER, INC.",AMOCO FIELD OFF HWY. 90,EDGERLY,LA,70668,A,0000,N,S,1389,000000,A,B,,B,,,,,,,,212 WEST BEND,ORANGE,TX,77630,,3,1986-06-19,,1986-06-25,1988-04-04,2011-10-14 16:38:47 EDT
101083277,0625700,,HENLEY DRILLING COMPANY,"RIG #7 HENRY ESTATE #2, 3 MI. N.E.",CAMERON,LA,70631,A,0000,Y,S,1381,000000,A,B,,B,,,,,,,,3600 INTERFIRST ONE BLDG.,DALLAS,TX,75202,,6,1986-07-09,,1986-07-09,1986-07-29,2011-10-14 16:38:47 EDT
101083426,0625700,,CHICKASAW CONSTRUCTION CO.,401 NORTH KIRKMAN ST.,LAKE CHARLES,LA,70601,A,0000,N,S,1389,000000,A,B,,B,,,,,,,,P. O. BOX 3281,LAKE CHARLES,LA,70602,,15,1986-08-05,,1986-08-05,1986-08-15,2011-10-14 16:38:47 EDT
101083699,0625700,,MONCLA WELL SERVICE INC.,1331 HWY 93 N,SCOTT,LA,70583,A,0000,N,S,1389,000000,A,B,,B,,,,,,,,P. O. BOX 5288,LAFAYETTE,LA,70505,,45,1986-07-11,,1986-07-30,1986-11-24,2011-10-14 16:38:47 EDT
101083871,0625700,,"CONSOLIDATED OPERATING COMPANY, INC.","NORTH GARDEN ISLAND BAY, STATE LEASE 3942",VENICE,LA,70091,A,0000,Y,S,1389,000000,A,B,,B,,,,,,,,P. O. BOX 52087,LAFAYETTE,LA,70505,,4,1986-07-16,,1986-07-16,1986-08-21,2011-10-14 16:38:47 EDT
101088383,0626600,,"B.J. TITAN SERVICES, INC.",HENRY AUSTIN AIZ SABIN ROYALTY #1,DANBURY,TX,77534,A,0000,N,S,1389,000000,A,A,,B,,,,,,,,P.O.BOX 1062,ALVIN,TX,77512,,5,1987-06-17,,1987-06-17,1987-07-20,2011-10-14 16:38:47 EDT
101089621,0627400,,JOHNSON WELL SERVICE,"MURPHY B-1 LEASE, 1 3/4 MILES WEST OF IRA",IRA,TX,79549,A,0000,Y,S,1389,000000,A,B,,B,,,,,,,,,IRA,TX,79549,,5,1987-07-07,,1987-07-23,1987-09-17,2011-10-14 16:38:47 EDT
101123750,0522500,,DYANMIC DRILLING INC RIG 4,MCKEE LEASE COUNTY RD 171,FRESNO,OH,43824,A,0000,N,S,1381,000000,A,B,,B,,,,,,,,172 SO FRIENDSHIP RD,NEW CONCORD,OH,43762,,80,1986-01-29,,1986-01-29,1986-06-26,2011-10-14 16:38:47 EDT
101156677,0419400,,"MAGNOLIA OIL FIELD SERVICES, INC.",YELLOW CREEK OIL FIELD,WAYNESBORO,MS,39367,A,0000,N,S,1389,000000,A,A,,B,X,,,,,,,P. O. BOX 308,HEIDELBERG,MS,39439,,31,1988-07-28,,1988-08-02,1989-09-12,2011-10-14 16:38:47 EDT
101222602,0830500,,"LITTLE ""R"" WELL SERVICE",APACHE CANYON SALT WATER DISPOSAL WELL #19-10,LAS ANIMAS COUNTY,CO,81054,A,0000,N,S,1389,000000,A,B,,B,,,,,,,,34388 HWY #12,TRINIDAD,CO,81082,,3,1989-09-20,,1990-02-27,1991-01-03,2011-10-14 16:38:47 EDT
101305084,0728900,,"BIG ""H"" DRILLING, INC.","2 MILES NORTH, 1 MILE EAST OF HWY. #6",MCCOOK,NE,69001,A,0000,N,S,1382,000000,A,A,,B,,,,,,,,400 ONE MAIN PLACE,WICHITA,KS,67202,,13,1988-08-29,,1988-08-31,1988-10-11,2011-10-14 16:38:47 EDT
101391209,0419400,,"FARRAR OIL FIELD SERVICE & EQUIP. CO.,INC.","SECTION 6, T10 N., R 9W. (JASPER CO.)",HEIDELBERG,MS,39439,A,0000,N,H,1381,000000,A,B,,N,,,,X,,,,P. O. BOX 273,HEIDELBERG,MS,39439,,13,1990-05-29,,1990-06-01,1992-11-18,2011-10-14 16:38:47 EDT
101417459,0625400,,J & J LEASE SERVICE,"HWY. 20, 10 MI. E. OF LOCKHART, TX",LOCKHART,TX,78644,A,0000,Y,S,1381,000000,A,A,,B,,,,,,,,P.O. BOX 547,LULING,TX,78648,,12,1988-08-02,,1988-08-08,1989-03-24,2011-10-14 16:38:47 EDT
101426625,0625700,,ICO TUBULAR SERVICE,"HIGHWAY 182, WEST",BERWICK,LA,70342,A,0000,N,S,1389,000000,A,B,,B,,,,,,,,P.O. BOX 2492,MORGAN CITY,LA,70381,,22,1989-03-13,,1989-03-13,1989-05-05,2011-10-14 16:38:47 EDT
101465409,0625700,,"TUBOSCOPE, INC.","UNION EXPLORATION YARD, HWY 82",INTERCOASTAL CITY,LA,70510,A,0000,N,S,1389,000000,A,A,,N,,,,,,,,P. O. BOX 2206,MORGAN CITY,LA,70381,N099    000003665,24,1988-09-27,,1988-09-28,1989-09-08,2011-10-14 16:38:47 EDT
101472983,0625700,,CHEVRON CHEMICAL CO.,HWY 23,BELLE CHASSE,LA,70037,A,0000,N,S,1311,000000,A,B,,N,X,,,,,,,P. O. BOX 70,BELLE CHASSE,LA,70037,N099    000008506,3,1989-08-01,2008-01-16,1989-08-09,1989-08-30,2011-10-14 16:38:47 EDT
101489656,0626600,,BAKER TANK CO.,530 N. WITTER,PASADENA,TX,77506,A,0000,N,S,1389,000000,A,A,,B,,X,,,,,,P.O. BOX 40,ARP,TX,75750,,9,1989-01-27,,1989-02-09,1990-06-18,2011-10-14 16:38:47 EDT
101507358,0728900,,GEAR DRILLING COMPANY,9 MILES WEST ON HWY. #30,SIDNEY,NE,68437,A,0000,N,S,1381,000000,A,A,,B,,,,,,,,470 DENVER CLUB BUILDING,DENVER,CO,80202,,12,1989-04-12,,1989-04-14,1989-07-28,2011-10-14 16:38:47 EDT
101531325,0931500,,ADVANCED PRODUCTION SERVICE INC.,2525 MONTE CRISTO ROAD,BAKERSFIELD,CA,93308,A,0000,N,H,1389,000000,A,B,,B,,,,,,,,P.O. BOX 5755,BAKERSFIELD,CA,93388,,150,1987-09-11,,1987-09-11,1989-03-14,2011-10-14 16:38:47 EDT
101559367,0419400,,"R. W. TYSON PRODUCING CO., INC.",PETEL TO OVETT ROAD,OVETT,MS,39464,A,0000,N,S,1311,000000,A,A,,N,X,,,,,,,P. O. BOX 16448,JACKSON,MS,39206,,11,1988-01-29,,1988-03-15,1989-01-03,2011-10-14 16:38:47 EDT
101578060,0830500,,AZTEC WELL SERVICING CO.,HIGHWAY 151,IGNACIO,CO,81137,A,0000,N,S,1311,000000,A,B,,B,,,,,,,,P. O. BOX 100,AZTEC,NM,87410,,4,1988-02-13,,1988-03-16,1989-02-28,2011-10-14 16:38:47 EDT
101590107,0830500,,"BEREDCO, INC.",13 MI. S. & 4.5 MI. W. OF,WALSH,CO,81090,A,0000,N,S,1381,000000,A,B,,B,,,,,,,,401 E. DOUGLAS SUITE 402,WICHITA,KS,67202,,5,1986-09-09,,1986-09-09,1986-10-31,2011-10-14 16:38:47 EDT
101596120,0830500,,"SANDERS OILFIELD CONSTRUCTION CO., INC.",MOBIL 9-28 WELL SITE,PARACHUTE,CO,81635,A,0000,N,S,1389,000000,A,B,,B,,,,,,,,P.O. BOX 295,BRIGHTON,CO,81635,,4,1987-05-06,,1987-05-14,1987-06-30,2011-10-14 16:38:47 EDT
101599777,0625700,,RELIABLE PRODUCTION SERVICE INC.,1/4 MILE OFF US HWY 190 BETWEEN LIVONIA & TORBERT,LIVONIA,LA,70755,A,0000,Y,S,1389,000000,A,B,,B,,,,,,,,P. O. BOX 176,LIVONIA,LA,70755,,5,1986-12-24,,1986-12-24,1987-01-05,2011-10-14 16:38:47 EDT
101602530,0626000,,"GEARY WELL SERVICE CO., INC. RIG #1",J.O. JOHNSON LEASE WELL #1,KINGSVILLE,TX,78363,A,0000,Y,S,1381,000000,A,A,,B,,,,,,,,1021 SOUTH 14TH ST.,KINGSVILLE,TX,78363,,3,1988-02-08,,1988-02-09,1988-09-14,2011-10-14 16:38:47 EDT
101603538,0626000,,ATCO WELL SERVICING,"RIG #6, M.S. WELDER #30, APPROX. 3.5 M. NE OF",SINTON,TX,78387,A,0000,N,H,1389,000000,A,B,,B,,,,,,,,P. O. BOX 9198,CORPUS CHRISTI,TX,78469,,63,1987-01-06,,1987-01-16,1990-10-19,2011-10-14 16:38:47 EDT
101603702,0626000,,TURNER BROS. TRUCKING CO. INC.,8.5 M. S. AND 5 M. W. ON HIGHWAY 83,ZAPATA,TX,78076,A,0000,N,S,1389,000000,A,A,,B,,,,,,,,P. O. BOX 1968,LAREDO,TX,78044,,220,1987-02-17,,1987-02-17,1987-05-14,2011-10-14 16:38:47 EDT
101620268,0625700,,"POWER RIG DRILLING CO., INC.","SEC 12, TWP15S, RGE 5W",GRAND CHENIER,LA,70643,A,0000,N,S,1381,000000,A,A,,B,,,,,,,,P. O. BOX 52808,LAFAYETTE,LA,70503,,22,1988-01-14,,1988-01-19,1988-05-10,2011-10-14 16:38:47 EDT
101622447,0625700,,"BLAKE DRILLING & WORKOVER CO., INC.","SEC 23, TWP.205, RG.13E",THERIOT,LA,70397,A,0000,N,S,1381,000000,A,B,,B,,,,,,,,2908 ENGINEERS RD.,BELLE CHASSE,LA,70037,,9,1987-09-03,,1987-10-19,1987-10-28,2011-10-14 16:38:47 EDT
101640597,0625700,,"PERFCO WIRELINE, INC.",SEC.23 TWP.205 RG.13E,HOUMA,LA,70397,A,0000,N,S,1389,000000,A,B,,B,,,,,,,,P. O. BOX 3130,HOUMA,LA,70361,,3,1987-08-27,,1987-10-13,1987-12-17,2011-10-14 16:38:47 EDT
101660264,0625400,,WES-TEX DRILLING CO.,23 MILES SW ON HOWARD RD.,OZONA,TX,76943,A,0000,N,S,1381,000000,A,A,,N,X,,,,,,,PO BOX 3739,ABILENE,TX,79604,,13,1994-11-07,,1994-11-08,1995-01-11,2011-10-14 16:38:47 EDT
101664951,0524530,,SCHWARM ESTATE,"OFF IL RT. 185, 4 MI. SOUTH OF BROWNSTOWN",BROWNSTOWN,IL,62418,A,0000,N,S,1311,000000,A,A,,B,,,,,,,,303 SOUTH SEVENTH STREET,VANDALIA,IL,62471,,3,1987-03-11,,1987-03-11,1987-03-12,2011-10-14 16:38:47 EDT
101700292,0830500,,BENTON PUMP SERVICE,"LJS LEASE #2, OFF ROAD 38",WELD COUNTY,CO,80623,A,0000,N,S,1389,000000,A,B,,B,,,,,,,,510 E. JESSUP,BRIGHTON,CO,80501,,2,1988-02-02,,1988-02-29,1988-03-03,2011-10-14 16:38:47 EDT
101789071,0627100,,RELIANCE WELL SERVICE,"OFF HWY. 132, 13 MI. SO.",MAGNOLIA,AR,71753,A,0000,N,S,1389,000000,A,B,,B,,,,,,,,P. O. BOX 611,MAGNOLIA,AR,71753,,67,1986-04-14,,1986-04-15,1986-06-23,2011-10-14 16:38:47 EDT
101790558,0626600,,TRIANGLE PETROLEUM SERVICE,902 LAYL DR.,LIBERTY,TX,77575,A,0000,N,S,1389,000000,A,B,,B,,,,,,,,P.O. DRAWER 671,LIBERTY,TX,77575,,18,1986-06-27,,1986-07-03,1986-07-03,2011-10-14 16:38:47 EDT
101802759,0627700,,BLANDCO SERVICES INC,418 EAST VINE ST,CUSHING,OK,74023,A,0000,N,S,1389,000000,A,B,,B,,,,,,,,,,,00000,,9,1985-11-04,2016-06-03,1985-11-04,1987-10-01,2016-06-30 01:10:52 EDT
101808301,0625700,,SUPERIOR CASING CREWS INC,450 ST CHARLES AVE,HOUMA,LA,70360,A,0000,N,S,1389,000000,A,B,,B,,,,,,,,STATION 2 BOX 68,HOUMA,LA,70360,,10,1985-12-17,,1986-01-03,1986-02-12,2011-10-14 16:38:47 EDT
101811032,0627400,,CRANE TUBING TESTERS INC,6 MILES SE OF,CRANE,TX,79731,A,0000,Y,S,1389,000000,A,B,,B,,,,,,,,PO BOX 873,CRANE,TX,79731,,1,1985-12-18,,1985-12-19,1986-02-25,2011-10-14 16:38:47 EDT
101811883,0627400,,BARNETTE PRESTO LINE INC,CENTRAL MALLET LEASE 7 MILES W OF,SUNDOWN,TX,79372,A,0000,Y,S,1389,000000,A,B,,B,,,,,,,,PO BOX 1373,LEVELLAND,TX,79336,,4,1986-02-12,,1986-02-12,1986-03-06,2011-10-14 16:38:47 EDT
101812436,0627400,,DONHAM OIL TOOL COMPANY INC,15 MI E NE OF,LEVELLAND,TX,79336,A,0000,Y,S,1389,000000,A,B,,B,,,,,,,,PO BOX 487,LEVELLAND,TX,79336,,13,1985-12-11,,1985-12-12,1986-04-09,2011-10-14 16:38:47 EDT
101814259,0627400,,CIMARRON RIG INC.,10 MILES WEST OF,PECOS,TX,79772,A,0000,N,S,1381,000000,A,B,,B,,,,,,,,4222 WENDOVER #201,ODESSA,TX,79762,,13,1986-03-14,,1986-03-14,1986-09-09,2011-10-14 16:38:47 EDT
101898682,1032100,,MARATHON OIL COMPANY,"SPARK PLATFORM, COOK INLET, N. TRADING BAY UNIT",NIKISHKA,AK,99635,A,0000,Y,S,1311,000000,A,B,,B,,,,,,,,P. O. BOX 7619,NIKISHKA,AK,99635,,8,1987-05-05,,1987-05-05,1987-06-30,2011-10-14 16:38:47 EDT
102041100,0653510,,BOYCE LOZSE SERVICE,R Q SILVERTHORNE KEINATH NO 3 NW SW SEC 25-18-30,ARTESIA,NM,88210,A,0000,Y,S,1389,000000,A,A,,B,,,,,,,,1808 NO 1ST ST,ARTESIA,NM,88210,,11,1985-10-24,,1985-10-28,1986-02-21,2011-10-14 16:38:47 EDT
102041753,0653510,,MONAHANS NIPPLE UP SERVICE,PARKER RIG 38 SEC 22 T 245 R 33E/MADERA RIDGE 22 S,HOBBS,NM,88240,A,0000,N,S,1389,000000,A,A,,B,,,,,,,,PO BOX 1552,MONAHAN,TX,78756,,11,1985-12-27,,1986-01-28,1986-06-27,2011-10-14 16:38:47 EDT
102086717,0854910,,NEW QUARK INC.,HIGHWAY 89 1/2 MILEE FROM DUCHESNE,DUCHESNE,UT,84021,A,0000,Y,S,1389,000000,A,A,,B,,X,,,,,,P.O. BOX 1329,PARK CITY,UT,84060,,4,1986-03-11,,1986-03-11,1987-09-29,2011-10-14 16:38:47 EDT
102106739,0854910,,LOFFLAND BROTHERS CO.,BLUE BELL ALTAMONT FIELD,NEOLA,UT,84053,A,0000,N,S,1381,000000,A,A,,B,,,X,,,,,P.O. BOX 3000,CASPER,WY,82602,,24,1986-07-31,,1986-07-31,1986-08-19,2011-10-14 16:38:47 EDT
102107695,0854910,,PRAIRIE GOLD WELL SERVICE INC. RIG #7,BINGHMAN 10-1 WELLHEAD,COALVILLE,UT,84017,A,0000,Y,H,1389,000000,A,A,,N,,,,X,,,,DRAWER 640,ROOSEVELT,UT,84066,N018    000001481,4,1986-11-12,2004-04-02,1986-11-13,1987-04-28,2011-10-14 16:38:47 EDT
102113974,0855610,,CHAMPION WELL SERVICE INC.,RIG #1,GILLETTE,WY,82716,A,0000,Y,S,1389,000000,A,A,,B,,,,,,,,P.O. BOX 2444,GILLETTE,WY,82716,,3,1985-10-05,,1985-10-06,1986-04-16,2011-10-14 16:38:47 EDT
102113982,0855610,,PRENALTA CORP.,CHAMPION RIG #1,GILLETTE,WY,82716,A,0000,Y,S,1311,000000,A,A,,B,X,,,,,,,P.O. BOX 2514,CASPER,WY,82602,,1,1985-10-05,,1985-10-06,1986-04-16,2011-10-14 16:38:47 EDT
102113990,0855610,,N L MCCULLOUGH,CHAMPION RIG #1,GILLETTE,WY,82716,A,0000,Y,S,1389,000000,A,A,,B,,,,,,,,5926 MCINTYRE,GOLDEN,CO,80403,,2,1985-10-05,,1985-10-06,1986-04-16,2011-10-14 16:38:47 EDT
102246808,0627700,,ROZZELL CONSTRUCTION CO.,4 MILES W. OF HWY. 76,FOX,OK,73435,A,0000,N,S,1389,000000,A,B,,B,,,,,,,,"RT. 1, BOX 500",WILSON,OK,73463,,17,1988-01-13,,1988-01-14,1988-05-17,2011-10-14 16:38:47 EDT
102251238,0627700,,"BRADY WELDING & MACHINE SHOP, INC.",3-1/2 MI. WEST ON HWY. 81,RUSH SPRINGS,OK,73082,A,0000,N,S,1389,000000,A,B,,B,,,,,,,,P.O. BOX 788,HEALDTON,OK,73438,,2,1989-08-28,,1989-08-29,1990-04-03,2011-10-14 16:38:47 EDT
102251584,0627700,,ROBERTS CORROSION PREVENTION SERVICE,1/4 MILES W. ON BUSSELL RD. OF HWY. 77 SOUTH,ARDMORE,OK,73401,A,0000,N,S,1389,000000,A,B,,B,,,,,,,,704 R. ST. S.W.,ARDMORE,OK,73401,,2,1989-07-28,,1989-07-28,1990-01-24,2011-10-14 16:38:47 EDT
102252533,0627700,,"SHEBESTER AND BECHTEL, INC.","JP#1 OIL WELL, 10 MI. N. AND 2 3/4 MI. W.",MEDFORD,OK,73759,A,0000,N,S,1389,000000,A,B,,N,,,,,,,,P.O. BOX 311,BLACKWELL,OK,74631,N131    000006838,4,1989-09-14,,1989-09-14,1989-11-29,2011-10-14 16:38:47 EDT
102252608,0627700,,CEJA CORPORATION,"JP#1 OIL WELL, 10 MI. N. AND 2 3/4 MI. W.",MEDFORD,OK,73759,A,0000,N,S,1311,000000,A,B,,B,,,,,,,,4400 ONE WILLIAM CENTER,TULSA,OK,74123,,18,1989-09-14,,1989-09-15,1992-10-06,2011-10-14 16:38:47 EDT
102259991,0625700,,"DAVID NEW DRILLING CO., INC.","LA HWY 1036, 7 MI. S.",MONTPELIER,LA,70422,A,0000,N,S,1381,000000,A,A,,N,,,,,,,,POB 1487,NATCHEZ,MS,39121,,11,1993-03-15,,1993-03-18,1993-06-09,2011-10-14 16:38:47 EDT
102263340,0625700,,"T. JOHN CONSTRUCTION CO., INC.","SCHOOL BUS CANAL, MANILA VILLAGE OIL FIELD",LAFITTE,LA,70067,A,0000,N,S,1389,000000,A,A,,N,,,,,,,,"RT 5, BOX 488",NEW IBERIA,LA,70560,,7,1992-04-15,,1992-04-15,1992-12-21,2011-10-14 16:38:47 EDT
102267622,0627700,,"BROWN & CRUZEN DRILLING CO., INC.","2 MI. E. HWY 86, 7 3/4 MI. S.",PERRY,OK,73077,A,0000,N,S,1381,000000,A,B,,N,,,,,,,,P.O. BOX 411,CLEVELAND,OK,74020,N131    000004096,13,1988-05-04,2008-05-20,1988-05-06,1988-06-23,2011-10-14 16:38:47 EDT
102275369,0627700,,VIERSEN & COCHRAN DRILLING COMPANY,"1 1/4 MI. W., L L/4 S. OF HWY. 81 & HWY. 152",UNION CITY,OK,73090,A,0000,N,S,1381,000000,A,B,,B,,X,,,,,,P.O. BOX 19227,OKLAHOMA CITY,OK,73144,,7,1989-04-24,,1989-04-25,1989-07-14,2011-10-14 16:38:47 EDT
102284452,0625700,,"A. B. PAGE, JR., INC., DBA SOUTHWEST RIG SERVICE",130 SALSMAN STREET,LAFAYETTE,LA,70506,A,0000,N,S,1389,000000,A,B,,N,,,,,,,,,,,00000,,5,1993-01-27,,1993-02-02,1993-09-09,2011-10-14 16:38:47 EDT
102286762,0931500,,"TEXACO USA, INC. (PRODUCING)","TEXACO MIDWAY AREA, GOVT 35 WASTE WATER FACILITY",TAFT,CA,93268,A,0000,N,S,1311,000000,A,B,,A,,X,,,,,,1601 NEW STINE ROAD,BAKERSFIELD,CA,93309,,110,1988-06-07,,1988-06-08,1988-06-08,2011-10-14 16:38:47 EDT
102301736,0626600,,DERRICO OIL SERVICES DBA ATCO,12927 HIGHWAY 124 NORTH,MONT BELVIEU,TX,77580,A,0000,N,S,1389,000000,A,B,,N,,,,,,,,P.O. BOX 2008,SOUR LAKE,TX,77659,,5,1988-04-12,,1988-05-05,1992-09-21,2011-10-14 16:38:47 EDT
102309283,0627700,,CHEYENNE DRILLING,HWY 3 & HWY 94 2 1/2 MI N OF HARDESTY,HARDESTY,OK,74464,A,0000,N,S,1381,000000,A,B,,N,,,,,,,,3728 W JONES AVE,GARDEN CITY,KS,67846,N131    000024000,13,2000-07-22,2008-05-16,2000-07-22,2000-10-17,2011-10-14 16:38:47 EDT
102328705,0626000,,ENSCO DRILLING COMPANY RIG 500,4.5 MILES N INTERSECTION OF FM 351 & FM 673,BEEVILLE,TX,78102,A,0000,Y,S,1381,000000,A,A,,N,,,,,,,,P. O. BOX 2130,ALICE,TX,78332,000000000,12,1990-07-03,,1990-07-05,1991-01-04,2011-10-14 16:38:47 EDT
102328739,0626000,,"WELL SOLUTIONS, INC. RIG #30",PATTY THOMPSON IH35 SOUTH ON HWY 85 TO,DILLEY,TX,78017,A,0000,Y,S,1381,000000,A,A,,N,,,,,,,,2412 NORTH OAK STREET,PEARSALL,TX,78061,,5,1990-07-08,,1990-07-08,1996-04-24,2011-10-14 16:38:47 EDT
102328754,0626000,,"AM-TEX DRILLING CO., INC., RIG #2","APPROX. 7 MI NE TELFERNER, TX ON FM 1686",TELEFERNER,TX,77988,A,0000,Y,S,1381,000000,A,A,,B,,,,,,,,P.O. BOX 1221,METAIRE,LA,70004,,13,1990-08-27,,1990-08-28,1991-12-26,2011-10-14 16:38:47 EDT
102328788,0626000,,TEX ROY OILWELL SALVAGE COMPANY,APPROX. 5.5 MI N OF WESSER,WESSER,TX,77963,A,0000,N,S,1389,000000,A,A,,N,,,,,,,,,,,00000,N168    000004813,5,1990-09-19,2008-03-25,1990-09-20,1991-10-11,2011-10-14 16:38:47 EDT
102329422,0626000,,"TRANS AMERICAN NATURAL GAS CORP., RIG #75",HWY 83 SOUTH OF LAREDO,LAREDO,TX,78040,A,0000,Y,S,1389,000000,A,A,,N,,,,,,,,,,,00000,N168    000005800,8,1991-10-18,2008-03-25,1991-10-18,1992-06-29,2011-10-14 16:38:47 EDT
102330248,0626000,,QUESTOR DRILLING CORP. RIG #7,APPROX.10 MI.NW OFF FM 1300,LOUISE,TX,77455,A,0000,Y,S,1381,000000,A,A,,N,,,,,,,,ROUTE 9 BOX 185-AA,VICTORIA,TX,77901,,6,1992-11-05,,1992-11-06,1995-06-07,2011-10-14 16:38:47 EDT
102341237,0625400,,GULF & WESTERN CORP.,5 MILES WEST ON HWY 290,GIDDINGS,TX,78942,A,0000,N,H,1389,000000,A,B,,N,,,,,,,,"115 E. TRAVIS, MILAM BUILDING",SAN ANTONIO,TX,78205,,43,1987-07-24,,1987-07-30,1992-10-07,2011-10-14 16:38:47 EDT
102417201,0627700,,"WELL TECH, INC.",10 MILES N.E. OF JUNCTION HWY 270 & 82,RED OAK,OK,74563,A,0000,N,S,1389,000000,A,B,,B,X,,,,,,,700 RUSK AVE.,HOUSTON,TX,77002,,5,1987-12-01,,1987-12-01,1989-01-31,2011-10-14 16:38:47 EDT
102418282,0627700,,"KAL DRILLING, INC.","5 MI SOUTH, 1/2 MI EAST, 1/2 MI NORTH OFF HWY 81",MINCO,OK,73059,A,0000,N,S,1381,000000,A,A,,B,,,,,,,,1520 SOUTH MACARTHUR,OKLAHOMA CITY,OK,73128,,13,1991-01-08,,1991-01-09,1991-04-01,2011-10-14 16:38:47 EDT
102420676,0627700,,"BROWN & CRUZEN DRILLING CO., INC.",7/8 MI. S. OF HWYS. 132 & 11,NASH,OK,73761,A,0000,N,S,1381,000000,A,B,,N,,,,,,,,P.O. BOX 411,CLEVELAND,OK,74020,N131    000008260,13,1990-05-30,2008-05-19,1990-05-31,1990-09-13,2011-10-14 16:38:47 EDT
102422102,0627700,,"EXCEL OPERATING, INC.",19 MILES NORTH OF OKEMAH,OKEMAH,OK,74859,A,0000,N,S,1311,000000,A,B,,N,,,,,,,,141 MAINDALE,YUKON,OK,73099,N131    000007598,3,1990-02-20,2008-05-19,1990-02-20,1990-03-29,2011-10-14 16:38:47 EDT
102425196,0627700,,"REEVES CASING, INC.","5 MI N ON HWY 66, 1/8 MI E. ON HWY 34",ELK CITY,OK,73644,A,0000,N,S,1389,000000,A,B,,B,,,,,,,,P. O. BOX 94204,OKLAHOMA CITY,OK,73143,,3,1990-04-20,,1990-04-20,1990-07-06,2011-10-14 16:38:47 EDT
102435211,0522300,,ARMSTRONG DRILLING INC.,"116 BAUER RD., POB 545",WOOSTER,OH,44691,A,0000,Y,S,1389,000000,A,B,,N,,,,,,,,,,,00000,N162    000002232,85,1988-06-28,2008-02-25,1988-08-17,1990-03-20,2011-10-14 16:38:47 EDT
102454071,0625400,,"CHARLIE JUNEK DRILLING, INC.",6200 GRISSOM RD.,SAN ANTONIO,TX,78238,A,0000,N,S,1389,000000,A,D,B,B,X,,,,,,,,,,00000,,,1988-05-02,,1988-05-02,1988-05-02,2011-10-14 16:38:47 EDT
102548930,0522500,,WHITACRE'S STORE,35651 S.R. 537,GRAYSVILLE,OH,45734,A,0000,N,S,1311,000000,A,B,,B,,,,,,,,,,,00000,,11,1991-07-18,,1991-09-03,1992-07-01,2011-10-14 16:38:47 EDT
102550324,0522500,,"PHILLIPS H. BROWN OIL & GAS WELL  SERVICE, INC.","ROUTE 60, SOUTH",LOWELL,OH,45744,A,0000,N,S,1389,000000,A,B,,B,,,,,,,,P.O. BOX 38,LOWELL,OH,45744,,20,1988-01-13,,1988-01-13,1988-07-21,2011-10-14 16:38:47 EDT
102582582,0524530,,UNCLE CHARLIES' JUNK MAN,"SEC 29, TWP 1N, RNG 8E, WAYNE COUNTY",FAIRFIELD,IL,62837,A,0000,N,S,1381,000000,A,B,,B,,,,,,,,423 FOREST STREET,MT. VERNON,IL,62864,,3,1988-06-30,,1988-08-25,1988-09-26,2011-10-14 16:38:47 EDT
102764909,0830300,,WOLVERINE DRILLING,6 MILES NORTH OF MCGREGOR,MCGREGOR,ND,58755,A,0000,Y,S,1381,213111,A,A,,N,X,,,,,,,23 WEST DIVISION STREET,KENMARE,ND,58746,N169    000008755,125,2004-02-09,2010-08-05,2004-02-10,2004-05-06,2011-10-14 16:38:47 EDT
102871381,0336000,,"MCCANDLESS DRILLING, INC.","RED BANK TOWNSHIP, R.D. #1",MAYPORT,PA,16240,A,0000,N,S,1381,000000,A,D,C,B,X,,,,,,,"3695 NUTT ROAD, R.D. #4",JAMESTOWN,NY,14701,,6,1990-01-08,,1990-01-08,1990-02-20,2011-10-14 16:38:47 EDT
102871399,0336000,,"D. K. GAS, INC.","RED BANK TOWNSHIP, R.D. #1",MAYPORT,PA,16240,A,0000,N,S,1311,000000,A,B,,B,X,,,,,,,R.D. #1,MAYPORT,PA,16240,,2,1990-01-08,,1990-01-09,1991-02-27,2011-10-14 16:38:47 EDT
103038105,0522500,,THE OXFORD OIL COMPANY,UNITED WELL #J1 DILLION ROAD,ZANESVILLE,OH,43702,A,0000,N,S,1381,000000,A,A,,N,,,,,,,,P.O. BOX 2909,ZANESVILLE,OH,43702,N146    000006250,10,1989-11-15,2014-07-28,1989-11-16,1990-02-13,2014-07-31 01:01:47 EDT
103044145,0522500,,CLINTON OIL COMPANY,WASHINGTON COUNTY ROAD 60,LOWELL,OH,45744,A,0000,Y,H,1311,000000,A,B,,N,,,,,,,,4770 INDIANOLA AVENUE,COLUMBUS,OH,43214,,2,1991-12-23,,1991-12-23,1992-08-25,2011-10-14 16:38:47 EDT
103044160,0522500,,HALLIBURTON SERVICES,WASHINGTON COUNTY ROAD 60,LOWELL,OH,45744,A,0000,Y,H,1389,000000,A,B,,N,,,,,,,,P.O. BOX 989,ZANESVILLE,OH,43701,,3,1991-12-23,,1991-12-23,1992-09-08,2011-10-14 16:38:47 EDT
103044293,0522500,,"BT ENERGY, INC.",WASHINGTON COUNTY ROAD 60,LOWELL,OH,45744,A,0000,Y,H,1389,000000,A,B,,N,,,,,,,,450 S. STATE STREET,NEW LEXINGTON,OH,43764,N146    000008303,3,1991-12-23,2008-02-28,1991-12-23,1993-03-19,2011-10-14 16:38:47 EDT
103100335,0729700,,BRECHEISEN OIL CO.,13 MI.SOUTH & 5 MI.WEST,ERIE,KS,66733,A,0000,N,S,1311,000000,A,B,,B,,,,,,,,P. O. BOX 40,GARNETT,KS,66032,,2,1989-08-10,,1989-08-18,1989-11-01,2011-10-14 16:38:47 EDT
103101556,0729700,,WESTERN KANSAS DRILLING,3-1/2 MILES N.W. OF,NESS CITY,KS,67560,A,0000,N,S,1381,000000,A,B,,N,X,,,,,,,2700 OAK,HAYS,KS,67601,,5,1988-03-26,,1988-04-19,1994-03-25,2011-10-14 16:38:47 EDT
103104865,0729700,,WOODMAN-IANNITTI DRILLING CO.,"4 MI. SOUTH, 3 MI. EAST, 1/2 MI. NORTH",PROTECTION,KS,67127,A,0000,N,S,1311,000000,A,B,,B,X,,,,,,,P.O. BOX #308,GREAT BEND,KS,67530,,15,1988-01-20,,1988-02-02,1988-04-08,2011-10-14 16:38:47 EDT
103157459,0729700,,"MILLER'S OIL FIELD SERVICE, INC.","2 MI W OF K-42 HWY ON COUNTY RD FA5808, 2 MI S OF",RAGO,KS,67128,A,0000,N,S,1389,000000,A,A,,B,,,,,,,,"S. MAIN, BOX 113",SPIVEY,KS,67142,,15,1990-05-15,,1990-05-16,1990-07-03,2011-10-14 16:38:47 EDT
103161709,0729700,,"ALLEN DRILLING CO., INC.","HWY 4, 6 MI W, 3/4 MI N OF",HOISINGTON,KS,67544,A,0000,N,S,1381,000000,A,B,,N,,,,,,,,1105 WALNUT,GREAT BEND,KS,67544,,4,1993-06-24,,1993-06-30,1994-03-18,2011-10-14 16:38:47 EDT
103278701,0524530,,"PARAGON OIL CO., INC.",SANDERS #3 WELL,DIX,IL,62830,A,0000,N,S,1389,000000,A,B,,N,,,,,,,,"123 S. 10TH STREET, RM. 408",MT. VERNON,IL,62864,,3,1992-03-03,,1992-04-08,1992-04-14,2011-10-14 16:38:47 EDT
103282265,0524530,,"TERRELL ELECTRIC SERVICE, INC.",BRADEN VALLEY CHURCH CEMETERY,DALE,IL,62829,A,0000,N,S,1389,000000,A,B,,N,,,,,,,,POST OFFICE BOX 141,CARMI,IL,62821,,2,1990-06-22,,1990-07-06,1991-05-15,2011-10-14 16:38:47 EDT
103342259,0522500,,RAI RESOURCE WELL SERVICES,CLARK TOWNSHIP ROAD 152,BALTIC,OH,43804,A,0000,N,S,1389,000000,A,A,,N,,,,,,,,2876 SOUTH ARLINGTON ROAD,AKRON,OH,44312,N146    000010404,40,1993-10-18,2009-04-08,1993-12-22,1994-12-31,2011-10-14 16:38:47 EDT
103345955,0522500,,PAULUS PRODUCING,STATE ROUTE 26,WOODSFIELD,OH,43793,A,0000,N,H,1381,000000,A,B,,N,,,,,,,,,,,00000,N146    000009353,2,1992-10-27,,1992-10-27,1992-11-03,2011-10-14 16:38:47 EDT
103367546,0636900,,"ANDY TAYLOR GRAIN AND ELEVATOR, INC.",FM 2492 WEST,BROWNWOOD,TX,76801,A,0000,N,S,1389,000000,A,A,,N,,,,,,,,1400 BORGER STREET,PLAINVIEW,TX,79072,000000000,3,1991-03-05,,1991-03-06,1991-12-26,2011-10-14 16:38:47 EDT
103371514,0636900,,STARTEX DRILLING INC  RIG #1,"2 1/2 SW SH 604, 1178, SCOTT LEASE C.R. #239",OPLIN,TX,79510,A,0000,N,S,1381,000000,A,A,,N,,X,,,,,,1554 HWY 277,ABILENE,TX,79606,,15,1991-08-20,,1991-09-24,1994-08-26,2011-10-14 16:38:47 EDT
103400818,0627400,,"WELLCO OIL SERVICE (LYN-MAR, INC. DBA)",AMOCO PRENTISS NE UNIT 127A,TOKIO,TX,79376,A,0000,Y,S,1389,000000,A,A,,N,,,,,,,,P. O. BOX 1326,LEVELLAND,TX,79336,,185,1992-03-16,,1992-03-19,1993-04-05,2011-10-14 16:38:47 EDT
103400842,0627400,,DIATOM DRILLING CO,4 MILES EAST OF BORGER KILLOUGH LEASE,BORGER,TX,79008,A,0000,N,S,1381,000000,A,A,,N,,,,,,,,P. O. BOX 5004,BORGER,TX,79008,,14,1992-07-14,,1992-07-17,1993-05-13,2011-10-14 16:38:47 EDT
103412714,0627400,,OTIS ENGINEERING CORP,2 MILES EAST OF TX HWY 158 & I-20,MIDLAND,TX,79702,A,0000,Y,S,1389,000000,A,B,,B,,,,,,,,2800 WEST I-20,ODESSA,TX,79763,,11,1988-05-04,,1988-05-06,1988-05-10,2011-10-14 16:38:47 EDT
103412722,0627400,,"WELL TECH,INC",1707 GARDEN CITY HWY,MIDLAND,TX,79701,A,0000,N,S,1389,000000,A,B,,B,,,,,,,,#10 DESTA DRIVE SUITE 185 W,MIDLAND,TX,79705,,29,1988-05-03,,1988-05-03,1991-10-23,2011-10-14 16:38:47 EDT
103428926,0625700,,"DOWELL SCHLUMBERGER, INC.",INTERCOASTAL CITY BULK PLANT HWY 333,INTERCOASTAL CITY,LA,70510,A,0000,N,S,1389,000000,A,A,,N,X,,,,,,,RT. 2 BOX 357,MAURICE,LA,70555,,4,1994-07-12,,1994-09-21,1995-06-19,2011-10-14 16:38:47 EDT
103429569,0625700,,"BLOWOUT TOOLS, INC.",INTRACOASTAL CITY,10347440STAL CITY,LA,70510,A,0000,N,S,1389,000000,A,A,,N,X,,,,,,,PO BOX 32121,LAFAYETTE,LA,70593,N099    000012687,2,1994-07-18,,1994-07-19,1994-12-01,2011-10-14 16:38:47 EDT
103430823,0625700,,"SHAMROCK DRILLING, INC.","RIG # 1, 6 MILES N. OF CLINTON",CLINTON,LA,70727,A,0000,N,S,1381,000000,A,B,,N,,,,,,,,POB 2210,NATCHEZ,MS,39121,,5,1996-05-28,,1996-05-31,1996-08-05,2011-10-14 16:38:47 EDT
103431607,0625700,,"JUSTISS OIL CO, INC","ST ROSE FIELD, LEVEAT #1",LULING,LA,70070,A,0000,N,H,1382,000000,A,B,,N,,,,,,,,PO BOX 2990,JENA,LA,71342,N099    000022384,350,1995-12-28,2007-12-07,1996-01-05,1996-02-26,2011-10-14 16:38:47 EDT
103431615,0625700,,DRILLERS INC.,"RIG #15 ,OFF LA. HWY 33, FARMERVILLE,LA.",FARMERVILLE,LA,71242,A,0000,Y,S,1381,000000,A,B,,N,,,,,,,,450 GEARS RD. STE. 625,HOUSTON,TX,77067,,16,1995-12-13,,1996-01-08,1996-02-16,2011-10-14 16:38:47 EDT
103432126,0625700,,SUPERIOR MARINE ENERGY SERVICES INC.,"BAYOU BOUEF, SOUTH OF AMELIA, LA.",AMELIA,LA,70340,A,0000,Y,S,1381,000000,A,D,I,N,,,,,,,,PO BOX 1286,MORGAN CITY,LA,70340,N099    000013987,30,1995-11-14,,,1995-11-20,2011-10-14 16:38:47 EDT
103433488,0625700,,HELMERICH & PAYNE INTERNATIONAL DRILLING CO.,"H & P RIG #72, PORT HUDSON, LA.",PORT HUDSON,LA,70775,A,0000,N,S,1381,000000,A,B,,N,,,,,,,,1579 EAST 21 ST. STREET,TULSA,OK,74114,,29,1995-07-18,,1995-07-18,1995-09-26,2011-10-14 16:38:47 EDT
103434346,0625700,,AMOCO PRODUCTION COMPANY,716 PORT HUDSON CEMETERY ROAD,ZACHARY,LA,70791,A,0000,N,S,1311,000000,A,B,,N,,,,,,,,P.O. BOX 3092,HOUSTON,TX,77625,N099    000014121,12,1996-02-13,2004-04-13,1996-04-30,1996-12-20,2011-10-14 16:38:47 EDT
103435806,0625700,,STOOKSBERRY INC.,147 WALL ST.,LAFAYETTE,LA,70506,A,0000,Y,S,1389,000000,A,B,,N,,,,,,,,PO DRAWER K,LAFAYETTE,LA,70502,N099    000012889,12,1994-10-24,,1994-10-31,1995-01-12,2011-10-14 16:38:47 EDT
103485595,0626600,,LOFFLAND BROTHERS COMPANY,DEL BELLO ROAD,MANVEL,TX,77578,A,0000,N,S,1311,000000,A,A,,B,,,,,,,,P.O.BOX 310-647,NEW BRAUNFELS,TX,78131,,8,1990-02-26,,1990-02-28,1990-05-07,2011-10-14 16:38:47 EDT
103534491,0522500,,G AND H DRILLING CO.,COUNTY ROAD 600 CLARK TWP,CHARM,OH,44671,A,0000,N,S,1381,000000,A,A,,B,,,,,,,,P.O. BOX 81,MT. HOPE,OH,44660,,11,1990-01-04,,1990-01-05,1990-03-05,2011-10-14 16:38:47 EDT
103572939,0626600,,MIDWAY OIL FIELD CONSTRUCTORS,HWY 21 EAST,MIDWAY,TX,75852,A,0000,Y,S,1389,000000,A,B,,B,,X,,,,,,P. O. BOX 245,MIDWAY,TX,75852,,20,1987-02-04,,1987-03-02,1987-07-09,2011-10-14 16:38:47 EDT
103573176,0626600,,CITIES SERVICE OIL & GAS CORP.,F. M. 1942 WEST,MONT BELVIEU,TX,77580,A,0000,N,S,1311,000000,A,A,,B,,,,,,,,P. O. BOX 550,MONT BELVIEU,TX,77580,,22,1987-02-17,,1987-03-06,1989-03-06,2011-10-14 16:38:47 EDT
103573234,0626600,,RELIANT DRILLING LIMITED,"RIG #31, OILFIELD RD.",THOMPSONS,TX,77481,A,0000,N,S,1381,000000,A,A,,B,,,,,,,,"10701 CORPORATE DR., SUITE 300",STAFFORD,TX,77477,,11,1987-03-16,,1987-03-17,1987-06-08,2011-10-14 16:38:47 EDT
103581575,0626000,,"CTR PETROLEUM INC., RIG #203",2 MI SW ON US HWY 77,REFUGIO,TX,78377,A,0000,Y,S,1389,000000,A,A,,N,,,,,,,,716 SIX HUNDRED BLDG.,CORPUS CHRISTI,TX,78473,,4,1994-01-05,,1994-01-11,1994-12-06,2011-10-14 16:38:47 EDT
103582003,0626000,,"FLOURNOY DRILLING CO., RIG #7","HWY. 59 & FM 624, 25 MI SOUTH",CALLIHAM,TX,78007,A,0000,Y,S,1381,000000,A,A,,N,,,,,,,,P. O. BOX 491,ALICE,TX,78332,N168    000008992,7,1995-01-06,2005-04-22,1995-01-06,1995-06-19,2011-10-14 16:38:47 EDT
103582045,0626000,,"TRANS TEXAS GAS CORPORATION, RIG #8","5 MI S ON HWY 83, A. RAMON C-1",SAN YGNACIO,TX,78067,A,0000,Y,S,1389,000000,A,A,,N,,,,,,,,P. O. BOX 1908,LAREDO,TX,78043,N168    000009311,250,1995-04-11,2004-08-17,1995-04-12,1997-08-04,2011-10-14 16:38:47 EDT
103582060,0626000,,"FLOURNOY DRILLING CO., RIG #7","HWY. 59 & FM 624, 25 MI SOUTH",CALLIHAM,TX,78007,A,0000,Y,S,1381,000000,A,A,,N,,,,,,,,P. O. BOX 491,ALICE,TX,78332,,5,1995-04-28,,1995-04-28,1995-06-16,2011-10-14 16:38:47 EDT
103582102,0626000,,"STRICKER DRILLING CO. INC., RIG #6","4 MI SOUTH FM 472, OLMOS B SAND UNIT 287A",BIGFOOT,TX,78005,A,0000,N,S,1381,000000,A,A,,N,,,,,,,,STAR ROUTE BOX 42,DEVINE,TX,78016,,7,1995-07-25,,1995-07-25,1996-04-24,2011-10-14 16:38:47 EDT
103582136,0626000,,TRANS TEXAS GAS CORPORATION RIG #32,11.5 MI.E.ON HWY.83,RIO GRANDE CITY,TX,78582,A,0000,Y,S,1381,000000,A,A,,N,,,,,,,,P. O. BOX 1908,LAREDO,TX,78043,N168    000009646,460,1995-11-04,,1995-11-05,1997-07-29,2011-10-14 16:38:47 EDT
103607883,0625400,,MINERVA WELL SERVICE & SUPPLY CO.,COUNTY RD. 302A & TEXAS HWY. 908,ROCKDALE,TX,76567,A,0000,N,H,1389,000000,A,B,,B,,,,,,,,"RT. 2, BOX 138",ROCKDALE,TX,76567,,11,1986-06-17,,1986-06-17,1986-11-20,2011-10-14 16:38:47 EDT
103611935,0625400,,TRIAD DRILLING & SUPPLY,3 1/2 MI. W. OF BRENHAM ON HWY. 290,BRENHAM,TX,77833,A,0000,N,S,1389,000000,A,B,,B,,,,,,,,P. O. BOX 95,BRENHAM,TX,77833,,5,1986-09-23,,1986-09-24,1987-01-21,2011-10-14 16:38:47 EDT
103637260,0627700,,"COLLINS INDUSTRIES, INC.",3 1/2 MI. NW OF INTERSECTION OF US 64 & 81,ENID,OK,73701,A,0000,N,H,1389,000000,A,B,,B,,,,,,,,"6701 N. BROADWAY, SUITE 321",OKLAHOMA CITY,OK,73116,,25,1986-07-31,,1986-07-31,1987-02-11,2011-10-14 16:38:47 EDT
103637443,0627700,,SIGNAL DRILLING COMPANY,32ND AND SOUTH MACARTHUR,OKLAHOMA CITY,OK,73109,A,0000,N,S,1389,000000,A,B,,B,,,,,,,,P.O. BOX 75510,OKLAHOMA CITY,OK,73147,,3,1986-10-23,,1986-10-24,1987-03-16,2011-10-14 16:38:47 EDT
103641676,0627700,,"SHEBESTER, INC.","HWY 74 E. 7 MI.,1/2 MI. W.",MAYSVILLE,OK,73057,A,0000,N,S,1389,000000,A,A,,B,,,,,,,,P. O. BOX 750,MAYSVILLE,OK,73057,,4,1986-07-02,,1986-07-02,1988-02-12,2011-10-14 16:38:47 EDT
103642013,0627700,,"ADCOR DRILLING, INC.",1 3/4 MI. N.W. OF RUSH SPRINGS,RUSH SPRINGS,OK,73082,A,0000,N,S,1381,000000,A,B,,N,,X,,,,,,P.O. BOX 215,WHEATLAND,OK,73097,N131    000002994,15,1987-11-02,2008-04-02,1987-11-02,1988-02-16,2011-10-14 16:38:47 EDT
103643078,0627700,,BRENT BAKER DRILLING COMPANY,2 MI.NW OF SH 29 & SH 74 JUNCTION,ELMORE CITY,OK,73035,A,0000,N,H,1381,000000,A,B,,B,,,,,,,,"3131 N. MACARTHUR, SUITE 270E",OKLAHOMA CITY,OK,73122,,18,1986-12-10,,1987-04-23,1987-04-23,2011-10-14 16:38:47 EDT
103821179,0951510,,INDUSTRIAL TECHNOLOGY,91-480 MALAKOLE ST,EWA BEACH,HI,96707,A,0000,N,H,1389,000000,A,B,,N,,,,X,,,,91-313 KAUHI ST,EWA BEACH,HI,96707,,5,1991-05-01,,1991-08-26,1992-08-18,2011-10-14 16:38:47 EDT
104294004,0452110,,H. D. S. ENTERPRISE,STATE RT. 32 W,MARTHA,KY,41159,A,0000,N,S,1389,000000,A,B,,B,X,,,,,,,"H.C. 78, BOX 25",MARTHA,KY,41159,,10,1989-11-07,,1989-11-10,1989-11-20,2011-10-14 16:38:47 EDT
104609862,0953210,,"MAKOIL, INC.",STATE HIGHWAY 6,ELY,NV,89301,A,0000,N,S,1311,000000,A,B,,B,X,,,,,,,,,,00000,,5,1991-05-18,,1991-07-08,1991-07-08,2011-10-14 16:38:47 EDT
104702337,0653510,,MERIDIAN OIL,HILL FED #3 - 8 MILES NW OF LINDRITH,LINDRITH,NM,87029,A,0000,N,S,1389,000000,A,B,,B,,,,,,,,804 CHERRY STREET,FORT WORTH,TX,76102,,34,1986-11-24,,1986-11-24,1987-03-13,2011-10-14 16:38:47 EDT
104702410,0653510,,GRANDE OIL,28 MILES NW OF ROSWELL OFF COTTONWOOD ROAD,ROSWELL,NM,88201,A,0000,Y,S,1381,000000,A,A,,B,,,,,,,,9720-B CANDELARIA NE,ALBUQUERQUE,NM,87112,,12,1986-12-08,,1986-12-08,1989-02-18,2011-10-14 16:38:47 EDT
104703137,0653510,,B. J. TITAN SERVICES,"SEC 12 - T 18S R 33E, LEA COUNTY",HOBBS,NM,88240,A,0000,N,S,1389,000000,A,A,,B,,,,,,,,P. O. BOX 4442,HOUSTON,TX,72210,,1450,1987-07-17,,1987-07-17,1987-10-22,2011-10-14 16:38:47 EDT
104708177,0653510,,GENERAL PETROLEUM,2904 W MARLAND,HOBBS,NM,88240,A,0000,Y,S,1389,000000,A,A,,N,,,,,,,,P. O. BOX 840,HOBBS,NM,88240,,16,1991-04-09,,1991-05-02,1992-02-02,2011-10-14 16:38:47 EDT
104708425,0653510,,CHAPARRAL SERVICE,UNKNOWN,EUNICE,NM,88231,A,0000,Y,S,1389,000000,A,A,,N,,,,,,,,,,,00000,,23,1987-08-19,,1987-09-17,1987-11-25,2011-10-14 16:38:47 EDT
104710959,0653510,,GANDY CORPORATION,9 MILES SOUTH OF LOVINGTON,LOVINGTON,NM,88260,A,0000,Y,S,1389,000000,A,A,,N,,,,,,,,P. O. BOX 827,LOVINGTON,NM,88260,N023    000000383,51,1988-02-03,2012-12-11,1988-02-04,1988-11-15,2012-12-13 02:31:30 EST
105579452,0854910,,MONTGOMERY DRILLING COMPANY,SEC 1 TOWNSHIP 2 SOUTH RANGE R4W,DUCHESNE,UT,84021,A,0000,Y,S,1381,000000,A,A,,B,,,,,,,,P.O. BOX 1438,ROOSEVELT,UT,84066,,22,1987-12-08,,1987-12-08,1988-01-06,2011-10-14 16:38:47 EDT
105592547,0854910,,UNION PACIFIC RESOURCES,SECTION 9 TOWNSHIP 2N RANGE 7E,COALVILLE,UT,84017,A,0000,N,S,1311,000000,A,B,,B,,X,,,,,,P.O. BOX 700,ROCK SPRINGS,WY,82901,,20,1988-06-02,,1988-06-02,1989-03-22,2011-10-14 16:38:47 EDT
105592554,0854910,,UPDIKE BROTHERS INC.,SECTION 9 TOWNSHIP 2N,COALVILLE,UT,84017,A,0000,N,S,1389,000000,A,A,,B,,X,,,,,,P.O. BOX 610,NEW CASTLE,WY,82701,,4,1988-06-02,,1988-06-03,1989-06-22,2011-10-14 16:38:47 EDT
105600803,0854910,,SWABCO,EXXON CO. ELKHORN FIEW NEWTON SHEEP #18-1,COALVILLE,UT,84017,A,0000,N,S,1389,000000,A,A,,B,X,,,,,,,P.O. BOX 190,ROOSEVELT,UT,84066,,15,1990-01-12,,1990-01-17,1990-09-27,2011-10-14 16:38:47 EDT
105602742,0854910,,WIRELINE OF WYOMING,SEC NW NE 29 T4N R8E,COALVILLE,UT,84440,A,0000,Y,H,1389,000000,A,A,,B,,,,,X,,,P.O. BOX 1879,EVANSTON,WY,82930,,6,1991-07-20,,1991-07-20,1991-08-27,2011-10-14 16:38:47 EDT
105602759,0854910,,AMOCO PRODUCTION COMPANY,SEC NW NE 29 T4N R8E,COALVILLE,UT,84111,A,0000,N,H,1389,000000,A,A,,N,,,,X,,,,P.O. BOX 829,EVANSTON,WY,82930,,45,1991-07-20,,1991-07-20,1991-10-31,2011-10-14 16:38:47 EDT
105616353,0854910,,PUMP JACK REPAIR SERVICE,SW NW SEC 2 T41S-R24E B-14,MONTEZUMA CREEK,UT,84534,A,0000,N,S,1389,000000,A,A,,N,X,,,,,,,P.O. BOX 2410,FARMINGTON,NM,87499,,7,1993-05-04,,1993-05-13,1993-05-17,2011-10-14 16:38:47 EDT
105629158,0854910,,BETTS WELL SERVICE INC.,CEDAR RIM #6,DUCHESNE,UT,84021,A,0000,N,S,1389,000000,A,A,,B,X,,,,,,,ROUTE 2 P.O. BOX 2876,ROOSEVELT,UT,84066,,4,1989-10-30,,1989-10-31,1989-12-05,2011-10-14 16:38:47 EDT
105629513,0854910,,QUINTANA PETROLEUM CORPORATION,DEADMANS CANYON SEC 20 T37S R24E,BLANDING,UT,84511,A,0000,Y,S,1311,000000,A,B,,N,X,,,,,,,1050 17TH STREET SUITE 400,DENVER,CO,84265,,2,1990-01-24,,1990-01-31,1990-02-13,2011-10-14 16:38:47 EDT
105629521,0854910,,WRIGHT'S ROUSTABOUT SERVICE INC.,DEADMAN CANYON SEC 20T 37S R24E,BLANDING,UT,84511,A,0000,Y,S,1389,000000,A,B,,B,X,,,,,,,P.O. BOX 1196,CORTEZ,CO,81321,,3,1990-01-24,,1990-01-31,1990-07-17,2011-10-14 16:38:47 EDT
105632764,0854910,,LOMAX EXPLORATION,SEC 28 T8S R16E #1028,ROOSEVELT,UT,84066,A,0000,N,S,1311,000000,A,A,,N,X,,,,,,,WEST POLELINE ROAD,ROOSEVELT,UT,84066,N018    000006168,8,1992-02-03,,1992-02-05,1992-02-25,2011-10-14 16:38:47 EDT
105638449,0854910,,CANNON WELL SERVICE INC.,SEC 24 T7S R23E NW OF SW,VERNAL,UT,84078,A,0000,N,S,1389,000000,A,A,,B,,X,,,,,,268 NORTH 600 WEST,VERNAL,UT,84078,,8,1991-04-15,,1991-05-10,1991-07-02,2011-10-14 16:38:47 EDT
105638654,0854910,,GRACE DRILLING CO,SEC 30 T1S R1W,ROOSEVELT,UT,84066,A,0000,N,S,1381,000000,A,B,,N,X,,,,,,,1260 CLUBHOUSE DRIVE,ROOSEVELT,UT,84066,N018    000005954,20,1991-08-19,2008-03-25,1991-08-20,1991-09-09,2011-10-14 16:38:47 EDT
105638738,0854910,,MICHAELIS TRUCKING INC.,ANSCHUTZ RANCH WELL W29-04 NW14 NW4 SEC29 T4N-RBE,COALVILLE,UT,84325,A,0000,N,S,1389,000000,A,A,,B,X,,,,,,,P.O. BOX 1187,EVANSTON,WY,82930,,5,1991-12-04,,1991-12-04,1992-01-10,2011-10-14 16:38:47 EDT
105802730,0855610,,"VETCO GRAY, INC.",109 A PASTURE DRIVE,EVANSTON,WY,82930,A,0000,N,S,1389,000000,A,A,,N,,,,,,,,12221NORTH HOUSTON ROSSLYN,HOUSTON,TX,77086,N037    000003399,1,1988-01-16,2006-10-25,1988-01-18,1988-01-20,2011-10-14 16:38:47 EDT
105802748,0855610,,CANNON OIL & GAS WELL SERVICE,JD #3 RIG #10,EVANSTON,WY,82930,A,0000,N,S,1389,000000,A,A,,B,,,,,,,,348 TURRET DRIVE,ROCK SPRINGS,WY,82901,,9,1988-01-16,,1988-01-18,1988-01-20,2011-10-14 16:38:47 EDT
105802755,0855610,,DOUBLE JACK TESTING & SERVICES INC,JD #3 RIG #10,EVANSTON,WY,82930,A,0000,N,S,1389,000000,A,A,,N,,,,,,,,P.O. BOX 2097,EVANSTON,WY,82930,N037    000003400,1,1988-01-16,2007-12-10,1988-01-18,1988-01-20,2011-10-14 16:38:47 EDT
105806020,0855610,,D.L. CHEMICAL CO.,S18 T34N RG8W,DOUGLAS,WY,82633,A,0000,N,S,1389,000000,A,A,,B,,,,,,,,P.O. BOX 767,DOUGLAS,WY,82633,,1,1987-06-12,,1987-06-13,1987-06-15,2011-10-14 16:38:47 EDT
105812036,0855610,,"FRONTIER WELL SERVICE, INC.",5 MILES SOUTHEAST OF BILL,BILL,WY,82631,A,0000,Y,S,1389,000000,A,A,,B,,,,,,,,P.O. BOX 1090,CASPER,WY,82602,,3,1986-07-29,,1986-07-29,1986-08-12,2011-10-14 16:38:47 EDT
105862114,1050210,,ALASKA PETROLEUM CONTRACTORS,MILE 12.5 K BEACH ROAD,KENAI,AK,99611,A,0000,N,S,1389,000000,A,A,,N,,,,,,,,,,,00000,,75,1996-03-13,,1996-03-13,1996-05-15,2011-10-14 16:38:47 EDT
105862122,1050210,,MARATHON OIL COMPANY,MILE 11 K-BEACH ROAD POB 1949,KENAI,AK,99611,A,0000,N,S,1311,000000,A,A,,N,,,,,,,,POBOX 196168,ANCHORAGE,AK,99519,,9,1996-03-13,,1996-03-13,1996-05-15,2011-10-14 16:38:47 EDT
105872402,1050210,,CAMCO PRODUCTS INC.,CAMCO - SPINE ROAD FACILITY,PRUDHOE BAY,AK,99734,A,0000,N,S,1389,000000,A,A,,N,,X,,,,,,POB 14484,HOUSTON,TX,77221,,150,1995-08-12,,1995-08-14,1995-10-23,2011-10-14 16:38:47 EDT
105924286,0522300,,"EASTERN WELL SURVEY, INC.",3300 OLD AIRPORT RD.,WOOSTER,OH,44691,A,0000,Y,S,1389,000000,A,B,,B,,,,,,,,,,,00000,,5,1989-11-22,,1990-01-05,1990-05-16,2011-10-14 16:38:47 EDT
106020704,0729700,,SARGENTS CASING PULLING SERV.,"3 MI W, 1 MI N",ELKHART,KS,67950,A,0000,N,S,1389,000000,A,B,,N,,,,,,,,P. O. BOX 506,LIBERAL,KS,67901,N135    000005655,3,1989-11-15,2008-05-08,1990-01-05,1990-04-05,2011-10-14 16:38:47 EDT
106023161,0729700,,BONANZA OIL CO.,205 10TH ST.,GREAT BEND,KS,67530,A,0000,N,S,1381,000000,A,A,,B,,,,,,,,P. O. BOX #103,ELLINWOOD,KS,67526,,1,1989-07-05,,1989-07-06,1989-07-06,2011-10-14 16:38:47 EDT
106028210,0729700,,"HEMBREE WELL SERVICE, INC.",APPROX. 2 MI. SOUTHEAST,HEALY,KS,67850,A,0000,N,S,1389,000000,A,B,,N,,,,,,,,302 E. SYCAMORE,NESS CITY,KS,67560,,14,1989-04-07,,1989-04-12,1989-05-19,2011-10-14 16:38:47 EDT
106028293,0729700,,STERLING DRILLING CO.,"L MILE NO., 3/4 MILE EAST JCT.HWYS - 50 & 19",BELPRE,KS,67519,A,0000,N,S,1311,000000,A,B,,B,,,,,,,,P. O. BOX 129,STERLING,KS,67579,,25,1989-05-19,,1989-05-24,1989-06-22,2011-10-14 16:38:47 EDT
106031339,0729700,,"A-C TRUCK SERVICE, INC.","6 MI. W., 1/2 MI. SOUTH",LIBERAL,KS,67901,A,0000,N,S,1389,000000,A,A,,N,,,,,,,,P.O. BOX 622,GREAT BEND,KS,67530,,7,1988-11-21,,1988-11-23,1988-11-23,2011-10-14 16:38:47 EDT
106059249,0932040,,EXXON CORPORATION,PLATFORM HERITAGE,THOUSAND OAKS,CA,91359,A,0000,N,S,1311,000000,A,B,,Y,,,,,,,,P.O. BOX 5025,THOUSAND OAKS,CA,91359,,265,1994-03-30,,1994-05-03,1995-02-23,2011-10-14 16:38:47 EDT
106224454,0418300,,"PROGRESSIVE OIL FIELD SERVICE, INC.",SOUTHEAST OF TUSCALOOSA,TUSCALOOSA,AL,35401,A,0000,N,S,1311,000000,A,B,,B,,,,,,,,P. O. BOX 4240,LAUREL,MS,39441,,5,1990-08-23,,1990-08-27,1990-09-28,2011-10-14 16:38:47 EDT
106233026,0418300,,"MATTHEWS, INC.",SOUTHEAST OF TUSCALOOSA,TUSCALOOSA,AL,35401,A,0000,Y,S,1311,000000,A,B,,N,X,,,,,,,P. O. BOX 1050,PRISTON,OK,74010,000000000,9,1990-11-16,,1990-11-26,1991-07-15,2011-10-14 16:38:47 EDT
106281686,0524700,,ARMSTRONG DRILLING INC.,ST. RT. 103 E. OF ST. RT. 19,BLOOMVILLE,OH,44818,A,0000,N,S,1381,000000,A,A,,N,,X,,,,,,116 NORTH BAUER RD.,WOOSTER,OH,44691,N154    000007857,39,1991-04-23,2008-07-17,1991-06-27,1998-03-09,2011-10-14 16:38:47 EDT
106357502,0931500,,"CUMMINGS VACUUM SERVICE, INC",NAVAL PETROLEUM RESERVE 28590 HWY 119,TUPMAN,CA,93276,A,0000,N,S,1389,000000,A,B,,B,,,,,,,,455-A KERN STREET,SHAFTER,CA,93263,,60,1988-07-26,,1988-08-02,1988-08-03,2011-10-14 16:38:47 EDT
106358740,0931500,,EXXON COMPANY USA,"HILL PROPERTY, SECTION 19, T28, R21E",MCKITTRICK,CA,93251,A,0000,N,S,1311,000000,A,B,,B,X,,,,,,,STAR ROUTE BOX 17,MCKITTRICK,CA,93251,,15,1988-07-12,,1988-07-13,1989-07-24,2011-10-14 16:38:47 EDT
106416076,0830500,,CAZA DRILLING COMPANY,20273 COUNTY RD. 19.5,FORT MORGAN,CO,80701,A,0000,Y,S,1381,000000,A,B,,N,,,,,,,,,,,00000,,24,1993-06-03,,1993-06-18,1993-07-23,2011-10-14 16:38:47 EDT
106559297,0524530,,PETCO PETROLEUM CORPORATION,MAMMIE TUCKER #4 SITE,ST ELMO,IL,62458,A,0000,N,S,1311,000000,A,B,,N,X,,,,,,,"RR #2, BOX 131",ST. ELMO,IL,62458,N159    000003920,60,1997-02-11,2008-01-15,1997-04-14,1997-12-29,2011-10-14 16:38:47 EDT
106586308,0729700,,S2 OIL COMPANY,"ON COUNTY RD. #4, 1 MI E. OF",HAMILTON,KS,66853,A,0000,N,S,1389,000000,A,D,C,N,,,,,,,,BOX 12,VIRGIL,KS,66870,,,1994-09-26,,,1994-09-26,2011-10-14 16:38:47 EDT
106589351,0729700,,"D & S MACHINE AND WELDING, INC.",9 MI W & 5 MI. S.,SCOTT CITY,KS,67871,A,0000,N,S,1389,000000,A,B,,N,,,,,,,,PO BOX 461,NESS CITY,KS,67871,,4,1995-07-19,,1996-01-11,1996-01-11,2011-10-14 16:38:47 EDT
106590250,0729700,,PATRICK WELL SERVICE,1029 E. OKLAHOMA,ULYSSES,KS,67880,A,0000,N,H,1389,000000,A,B,,N,,,,,,,,2007 W. 7TH,LIBERAL,KS,67905,,90,1995-03-16,,1995-09-14,1996-06-20,2011-10-14 16:38:47 EDT
106590987,0729700,,"PANHANDLE OILFIELD & SRVC. CO., INC.",221 COUNTRY ESTATES,LIBERAL,KS,67901,A,0000,N,S,1389,000000,A,B,,N,,,,,,,,PO BOX 1256,LIBERAL,KS,67901,,14,1995-03-14,,1995-05-16,1995-09-08,2011-10-14 16:38:47 EDT
106591340,0729700,,ZENITH DRILLING,"BLUEBELL RD., 14 MI E. OF",LIBERAL,KS,67901,A,0000,N,S,1381,000000,A,A,,N,,,,,,,,P.O. BOX 2766,LIBERAL,KS,67901,,12,1994-10-19,,1994-10-26,1995-02-23,2011-10-14 16:38:47 EDT
106602022,0636900,,JUMP OIL FIELD SERVICE,4729 JACKSBORO HWY. (SEITZ LEASE-GAINESVILLE),WICHITA FALLS,TX,76302,A,0000,N,S,1389,000000,A,B,,B,,,,,,,,,,,00000,,2,1990-03-20,,1990-03-20,1990-05-29,2011-10-14 16:38:47 EDT
106602667,0636900,,"TOMMY'S WELL SERVICE, INC.",2900 HWY. 16 S.,"GRAHAM,",TX,76046,A,0000,N,S,1389,000000,A,B,,N,,,,,,,,"6 MI. N. OF JEAN, TX ON FM 1768",YOUNG COUNTY,TX,76046,000000000,3,1990-05-15,,1990-05-18,1990-11-05,2011-10-14 16:38:47 EDT
106603350,0636900,,ORYX ENERGY COMPANY,3 1/2 MI. N. OF BRECKENRIDGE ON HWY. 183,BRECKENRIDGE,TX,76204,A,0000,N,S,1311,000000,A,B,,B,,X,,,,,,P. O. BOX 1778,BRECKENRIDGE,TX,76204,,28,1990-06-11,,1990-06-18,1990-07-27,2011-10-14 16:38:47 EDT
106620206,0729700,,WOODMAN-IANNITTI DRILLING CO.,"1 MI W, 2 1/2 MI S OF",SEWARD,KS,67577,A,0000,N,S,1389,000000,A,A,,B,,,,,,,,"1021 EISENHOWER, P.O. BOX 308",GREAT BEND,KS,67530,,16,1991-02-06,,1991-02-14,1991-04-30,2011-10-14 16:38:47 EDT
106621030,0729700,,"TURNCO DRILLING, INC.","FULLER INDUSTRIES, WESTPORT ADDITION",GREAT BEND,KS,67530,A,0000,N,S,1311,000000,A,B,,N,,,,,,,,3900 BROADWAY,GREAT BEND,KS,67530,,2,1992-04-29,,1992-05-08,1993-02-10,2011-10-14 16:38:47 EDT
106627771,0729700,,"SUPER OILWELL SERVICE, INC.",NW1/4 NW1/4 OF SECT 12 RANGE 11 TS 21 TREGO COUNTY,OGALLAH,KS,67656,A,0000,N,S,1389,000000,A,B,,B,,,,,,,,P.O. BOX 534,RUSSELL,KS,67665,,3,1991-04-16,,1991-04-19,1991-10-28,2011-10-14 16:38:47 EDT
106630569,0729700,,"FAIRCHILD EXPLORATION, INC.",3 MI N OF,ATTICA,KS,67009,A,0000,N,S,1389,000000,A,B,,N,,,,,,,,RT. 3,KINGMAN,KS,67009,,4,1992-03-20,,1992-03-31,1992-05-08,2011-10-14 16:38:47 EDT
106631716,0729700,,EMPHASIS OIL OPERATIONS,1-1/2 MI W & 1-1/2 MI N OF,PLAINVILLE,KS,67663,A,0000,N,S,1381,000000,A,B,,B,,,,,,,,P.O. BOX 506,RUSSELL,KS,67665,,5,1991-01-09,,1991-01-17,1991-05-15,2011-10-14 16:38:47 EDT
106645591,0627700,,"E AND H TRANSFER, INC.",1010 E. HANKS TRAIL,WOODWARD,OK,73802,A,0000,N,S,1389,000000,A,B,,N,,,,,,,,,,,00000,N131    000009061,40,1990-10-23,2008-05-19,1990-12-06,1991-01-17,2011-10-14 16:38:47 EDT
106646821,0627700,,THOMAS DRILLING COMPANY,"JUNCTION OF HWY. 64 & HWY. 14, 2 MI. W., 3 1/2 N.",ALVA,OK,73717,A,0000,N,S,1381,000000,A,B,,B,,,,,,,,P.O. BOX 400,DUNCAN,OK,73534,,2,1989-02-24,,1989-02-24,1989-10-10,2011-10-14 16:38:47 EDT
106646870,0627700,,DAVIDSON WELL SERVICE,"3 1/2 MI. S. OF I-40, 1/2 MI. W. OF DUSTIN RD.",HENRYETTA,OK,74437,A,0000,N,S,1389,000000,A,B,,B,,,,,,,,P.O. BOX 502,KIEFER,OK,74041,,3,1989-02-24,,1989-02-24,1989-12-13,2011-10-14 16:38:47 EDT
106648538,0627700,,ORYX ENERGY COMPANY,4 MI. W. & L L/2 MI. S. OF HWY. 82,CHICKASHA,OK,73018,A,0000,N,S,1389,000000,A,B,,B,,,,,,,,P.O. BOX 2880,DALLAS,TX,75221,,3100,1989-09-15,,1989-09-15,1990-01-02,2011-10-14 16:38:47 EDT
106654098,0627700,,"F W A DRILLING CO., INC.","5 MI EAST ON HWY 31, 1/2 MI NORTH",QUINTON,OK,74561,A,0000,N,S,1381,000000,A,B,,B,,,,,,,,P. O. BOX 850980,YUKON,OK,73085,,5,1990-07-20,,1990-08-01,1990-09-21,2011-10-14 16:38:47 EDT
106791742,0626300,,"PUMPJACK MASTERS, INC.",620 SUPERIOR RD.,WHITE OAK,TX,75693,A,0000,N,S,1389,000000,A,B,,N,,,,,,,,LOCKER PLANT RD. (ARCO OIL CO. LEASE),WHITE OAK,TX,75693,,14,1992-03-03,,1992-03-03,1992-08-04,2011-10-14 16:38:47 EDT
106793821,0626300,,"BO GRAY CASING CO., INC.",HIWGHWAY 315 S.,CARTHAGE,TX,75633,A,0000,Y,S,1381,000000,A,B,,N,,,,,,,,P.O. BOX 1770,JENA,LA,71342,N150    000009640,25,1991-02-14,,1991-02-21,1991-06-05,2011-10-14 16:38:47 EDT
106803570,0627400,,"ARNOLD PIPE INSPECTION & SUPPLY, INC.",UNIVERSITY WADDELL #325,CRANE,TX,79731,A,0000,Y,S,1389,000000,A,A,,B,,,,,,,,P. O. BOX 12238,ODESSA,TX,79768,,3,1989-11-14,,1989-11-17,1991-05-06,2011-10-14 16:38:47 EDT
106804438,0627400,,"ALLEN'S CASING CREWS, INC.","DAWSON 78 LEASE #5, RIG 9",CRANE,TX,79766,A,0000,N,S,1389,000000,A,A,,N,,,,,,,,RT 12 BOX 2960,ODESSA,TX,79766,N153    000004560,4,1989-10-18,2008-05-22,1989-10-19,1993-05-19,2011-10-14 16:38:47 EDT
106804834,0627400,,NUTRO PRODUCTS CORP,H.L.BROWN WINTER LEASE NO.2,MONAHANS,TX,79756,A,0000,N,S,1389,000000,A,A,,B,X,,,,,,,P. O. BOX 21187,HOUSTON,TX,77226,,2,1989-10-03,,1989-10-04,1989-11-16,2011-10-14 16:38:47 EDT
106807407,0627400,,"R. V. TOOL, INC.",PEGASUS ELLENBURGER #13-3 (UNIT #106),MIDLAND,TX,79702,A,0000,N,S,1389,000000,A,A,,B,,,,,,,,3801 MANKIN ROAD,ODESSA,TX,79764,,1,1989-08-22,,1989-08-22,1989-12-06,2011-10-14 16:38:47 EDT
106809064,0627400,,"SMALL FISHING & RENTAL, INC.",14 MI NW RANKIN,RANKIN,TX,79778,A,0000,Y,S,1389,000000,A,B,,N,,,,,,,,P. O. BOX 204,BIG SPRING,TX,79720,,50,1993-09-01,,1993-09-01,1993-11-08,2011-10-14 16:38:47 EDT
106809700,0627400,,BASIN SALES & SERVICE,15 MILES SOUTHEAST OF MIDLAND,MIDLAND,TX,79702,A,0000,N,S,1389,000000,A,B,,N,,,,,,,,209 W WASHINGTON,MIDLAND,TX,79702,N153    000003977,8,1989-05-09,2008-05-22,1989-05-10,1989-08-28,2011-10-14 16:38:47 EDT
106811243,0627400,,"DRAMCO WELL SERVICING, INC.","20 MILES SOUTH OF MCCAMEY OFF FM11, RIG #2",MCCAMEY,TX,79752,A,0000,Y,S,1381,000000,A,B,,B,,,,,,,,P.O. BOX 1216,MCCAMEY,TX,79752,,4,1989-03-23,,1989-07-21,1989-10-25,2011-10-14 16:38:47 EDT
106851629,0626600,,"SCHAEFER WELL SERVICE, INC.","DINGLE #2 WELL SITE 1 MILE W. OF JONES CREEK, TX",JONES CREEK,TX,77541,A,0000,N,S,1381,000000,A,A,,B,,X,,,,,,P.O. BOX 3218,VICTORIA,TX,77093,,9,1988-12-12,,1988-12-28,1989-05-15,2011-10-14 16:38:47 EDT
106852627,0626600,,B & D WELL SERVICE,1 MILE SOUTH OF FM 1942,MT. BELVIEW,TX,77580,A,0000,N,S,1389,000000,A,A,,N,,,,,,,,P.O. BOX 1240,GRAHAM,TX,76046,000000000,3,1988-09-26,,1988-10-04,1988-10-20,2011-10-14 16:38:47 EDT
106909724,0213600,,"RAMCO DRILLING, INC.","MURTY #1 LEASE, ROUTE 5",PORTLAND,NY,14769,A,0000,N,S,1381,000000,A,A,,N,,,,,,,,111 WEST SECOND STREET,JAMESTOWN,NY,14701,N134    000009213,12,1989-11-07,2007-12-06,1989-11-07,1991-03-07,2011-10-14 16:38:47 EDT
107008583,0418600,,"MURPHY OIL USA, INC.",490 MILITARY ROAD,MOUNT VERNON,AL,36560,A,0000,N,S,1311,000000,A,A,,N,X,,,,,,,200 PEACH STREET,DORADO,AR,71730,N036    000002738,3,1991-07-01,2008-01-31,1991-07-01,1991-09-26,2011-10-14 16:38:47 EDT
107012395,0418600,,CHESLEY PRUET DRILLING COMPANY,OFF HIGHWAY 84,EVERGREEN,AL,36401,A,0000,N,S,1382,000000,A,A,,N,,,,,,,,P.O. BOX 447,LAUREL,MS,39441,,20,1993-02-09,,1993-02-09,1993-08-03,2011-10-14 16:38:47 EDT
107097362,0419400,,"TRIPLE S WELL SERVICE, INC.",CLARANCE LOTT DRIVE,BASSFIELD,MS,39421,A,0000,N,S,1389,000000,A,B,,N,,,,,,,,P. O. BOX 625,COLUMBIA,MS,39426,,5,1996-04-28,,1996-06-11,1997-04-11,2011-10-14 16:38:47 EDT
107117632,0830300,,CENTENNIAL WELL SERVICE,"SORUM #1, SE NW SECT. 13, T163N, R91W, 2 MILES N.",FLAXTON,ND,58737,A,0000,N,S,1389,000000,A,A,,N,X,,,,,,,BOX 203,COLUMBUS,ND,58727,,3,1994-01-04,,1994-01-04,1994-06-07,2011-10-14 16:38:47 EDT
107117657,0830300,,"POOL COMPANY, INC.","SE SE SECTION 4, T151N, R96W, 2 MILES NORTH",KEENE,ND,58847,A,0000,N,S,1389,000000,A,A,,N,X,,,,,,,P.O. BOX 4271,HOUSTON,TX,77210,,3,1994-01-06,,1994-01-07,1995-03-06,2011-10-14 16:38:47 EDT
107120644,0830300,,WESTERN OIL WELL SERVICE COMPANY,T144N/R98W/SECTION 23 - BILLINGS COUNTY,FAIRFIELD,ND,58627,A,0000,Y,S,1389,000000,A,A,,N,X,,,,,,,BOX 1835,DICKINSON,ND,58601,,11,1993-03-29,,1993-03-31,1993-10-14,2011-10-14 16:38:47 EDT
107216293,0830100,,"WEST GAS, INC.",5 MILES EAST OF RAPELJE,RAPELJE,MT,59067,A,0000,N,S,1381,000000,A,B,,N,,,,,,,,"1200 TRAVIS, SUITE 325",HOUSTON,TX,77002,,2,1992-04-17,,1992-06-22,1994-01-13,2011-10-14 16:38:47 EDT
107295578,1032100,,PARKER DRILLING COMPANY,"PLATFORM BRUCE, COOK INLET",KENAI,AK,99611,A,0000,N,S,1381,000000,A,B,,B,,,,,,,,P.O. BOX 112070,ANCHORAGE,AK,99511,,9,1989-09-19,,1989-09-20,1989-11-29,2011-10-14 16:38:47 EDT
107295586,1032100,,AMOCO PRODUCTION COMPANY,"PLATFORM BRUCE, COOK INLET",KENAI,AK,99611,A,0000,N,S,1381,000000,A,B,,B,,,,,,,,P.O. BOX 100779,ANCHORAGE,AK,99510,,3,1989-09-19,,1989-09-21,1989-09-28,2011-10-14 16:38:47 EDT
107365058,0626700,,"FURGO GEOSCIENCES, INC.",TAYLOR BAYOU,PORT ARTHUR,TX,77640,A,0000,N,S,1389,000000,A,B,,N,X,,,,,,,P.O. BOX 740010,HOUSTON,TX,77274,N010    000001668,44,1993-02-01,,1993-02-02,1993-04-06,2011-10-14 16:38:47 EDT
107370413,0626700,,"FWA DRILLING CO., INC.","WEST OF MADISONVILLE, TX ON DRILLING LEASE",MADISONVILLE,TX,77864,A,0000,N,S,1382,000000,A,B,,N,,,,,,,,P. O. BOX 419,WICHITA FALLS,TX,76307,N010    000000074,9,1991-08-15,,1992-01-30,1992-06-18,2011-10-14 16:38:47 EDT
107402950,0627400,,CAMPANA PETROLEUM CO.,"READ A LEASE, WELL #6 HOWARD CITY. 5 MI NE OF CITY",COHOMA,TX,79701,A,0000,N,S,1389,000000,A,B,,N,,,,,,,,303 W WALL STREET  SUITE 513,MIDLAND,TX,79701,N153    000005708,3,1991-01-04,2008-04-15,1991-01-16,1991-08-08,2011-10-14 16:38:47 EDT
107403370,0627400,,A & Z CONSTRUCTION CO,PHILLIPS DUPREE LEASE A NO.1 OFF HWY 83,WELCH,TX,79377,A,0000,N,S,1389,000000,A,A,,N,,,,,,,,1109 N 11TH STREET,LAMESA,TX,79331,N153    000005658,2,1990-11-21,2008-04-15,1990-11-21,1991-01-30,2011-10-14 16:38:47 EDT
107404287,0627400,,"LEAMCO-RUTHCO DIV HIGHLAND PUMP CO., INC.",200 PILOT RD,MIDLAND,TX,79711,A,0000,N,S,1389,000000,A,B,,B,,,,,,,,P. O. BOX 60050,MIDLAND,TX,79711,,10,1991-02-12,,1991-02-14,1991-06-27,2011-10-14 16:38:47 EDT
107406431,0627400,,"FWA DRILLING CO., INC.",BRUAN #2 (10 MI OUT OF MIDLAND),MIDLAND,TX,79702,A,0000,Y,S,1381,000000,A,B,,N,,,,,,,,P.O. BOX 1966,MIDLAND,TX,79702,N153    000006578,255,1992-05-12,2008-05-30,1992-05-15,1993-03-15,2011-10-14 16:38:47 EDT
107406704,0627400,,WAYNE MOORE WELL SERVICE COMPANY,MCLAUGHLIN LEASE #10 MARYNEAL,MARYNEAL,TX,79535,A,0000,N,S,1389,000000,A,A,,N,,,,,,,,P.O. BOX  1801,ABILENE,TX,79604,,5,1992-05-21,,1992-05-22,1992-12-02,2011-10-14 16:38:47 EDT
107407777,0627400,,R & J DRILLING CO.,12 MI NW OF COLO. CITY MILLS STRAIN UNIT WELL #508,IRA,TX,79512,A,0000,Y,S,1381,000000,A,A,,N,,,,,,,,2406 GOOD SHEPHERD,BROWNWOOD,TX,76801,,6,1992-08-06,,1992-08-06,1993-04-21,2011-10-14 16:38:47 EDT
107407785,0627400,,TRANS TERRA CORP INTERNATIONAL,P.O. BOX 2814,PAMPA,TX,79066,A,0000,Y,S,1389,000000,A,A,,N,,,,,,,,,,,00000,N153    000006823,6,1992-11-17,2008-04-08,1992-11-17,1993-06-09,2011-10-14 16:38:47 EDT
107408593,0627400,,"R.I.C. OIL & GAS COMPANY, INC.","E.J. MOORE LEASE NCT TRACT #1, WELL 19, FM1059",SKELLYTOWN,TX,79080,A,0000,N,S,1389,000000,A,A,,N,,,,,,,,401 S. CEDAR,BORGER,TX,79008,,3,1994-05-09,,1994-05-09,1994-08-04,2011-10-14 16:38:47 EDT
107408866,0627400,,MALCO TRUCKING,2800 W. 42ND ST.,ODESSA,TX,79764,A,0000,Y,H,1389,000000,A,B,,N,,,,,,,,P.O. BOX 14787,ODESSA,TX,79768,N153    000007594,27,1994-02-14,2008-04-10,1994-02-16,1994-11-04,2011-10-14 16:38:47 EDT
107410052,0627400,,"DIXIE ELECTRIC, INC.",1601 SOUTH SLAUGHTER,SUNDOWN,TX,79374,A,0000,Y,S,1389,000000,A,A,,N,,,,,,,,P. O. BOX 240,SUNDOWN,TX,79372,N153    000006328,10,1991-12-23,2008-05-29,1991-12-23,1992-03-16,2011-10-14 16:38:47 EDT
107432809,0626000,,CLUBB TESTING SERVICES INC.,HWY. 59 NORTH 2 MILES OF,FREER,TX,78357,A,0000,N,S,1389,000000,A,B,,N,,,,,,,,P.O. BOX 4609,CORPUS CHRISTI,TX,78469,,3,1993-03-29,,1993-04-01,1994-03-11,2011-10-14 16:38:47 EDT
107487696,0626700,,KEY ENERGY SERVICES,P.O.BOX 11310,COLLEGE STATION,TX,77842,A,0000,Y,S,1389,000000,A,B,,N,,,,,,,,,,,00000,N010    000009719,10,1997-04-23,,1997-04-23,2002-01-22,2011-10-14 16:38:47 EDT
107497125,0627700,,B & H CONSTRUCTION,1/4 MI. S. OF SHAWNEE LAKE RD. & GADDY INTERSECTIO,SHAWNEE,OK,74801,A,0000,N,S,1389,000000,A,B,,N,,,,,,,,RT. 1  BOX 78-D,WASHINGTON,OK,73093,N131    000009959,4,1991-04-02,2008-04-24,1991-04-03,1991-07-19,2011-10-14 16:38:47 EDT
107498719,0627700,,ANSON GAS CORPORATION,"3.5 MI E, 2 MI S GAINES CREEK 1-2 LOCATION",HARTSHORNE,OK,74547,A,0000,N,S,1381,000000,A,B,,N,,,,,,,,P. O. BOX 24060,OKLAHOMA CITY,OK,73124,N131    000010368,22,1991-06-11,2008-04-14,1991-07-02,1992-02-14,2011-10-14 16:38:47 EDT
107498925,0627700,,"BRIGGETT, INC.",HWY 19 & HWY 81 WEST,CHICKASHA,OK,73018,A,0000,N,S,1389,000000,A,B,,N,,,,,,,,"RT. 1, BOX 131",NINNEKAH,OK,73067,N131    000011859,25,1992-05-01,2005-02-24,1992-05-01,1992-09-17,2011-10-14 16:38:47 EDT
107499824,0627700,,"OAK RESOURCES, INC.","3 1/4 MI.N., 3/4 MI. E.",HENNEPIN,OK,73046,A,0000,N,S,1311,000000,A,B,,B,,,,,,,,"4515 S. YALE, SUITE C",TULSA,OK,74135,,2,1990-12-18,,1990-12-20,1991-04-01,2011-10-14 16:38:47 EDT
107500167,0627700,,ACTION PETROLEUM SERVICES CORPORATION,"3 1/4 MILE NORTH, 3/4 MILE EAST",HENNEPIN,OK,73046,A,0000,N,S,1389,000000,A,B,,N,,,,,,,,"MURRY RT., BOX 22B",ARDMORE,OK,73401,,1,1990-12-20,,1990-12-25,1991-12-12,2011-10-14 16:38:47 EDT
107500928,0627700,,ACTION PETROLEUM SERVICES CORPORATION,"3 1/4 MILE NORTH, 3/4 MILE EAST",HENNEPIN,OK,73046,A,0000,N,H,1389,000000,A,B,,N,,,,,,,,"MURRY RT., BOX 22B",ARDMORE,OK,73401,N131    000009358,1,1990-12-20,2008-04-02,1990-12-20,1992-01-29,2011-10-14 16:38:47 EDT
107504102,0627700,,"MIDWAY RENTAL SERVICE, INC DBA/MANGUM OILFIELD","5 MI E, 1 MI S, 1/2 MI W",BEAVER,OK,73932,A,0000,N,H,1389,000000,A,B,,B,,,,,,,,P. O. BOX 971,WOODWARD,OK,73802,,13,1990-08-22,,1990-08-23,1991-01-11,2011-10-14 16:38:47 EDT
107505703,0627700,,"TRIAD DRILLING, INC.","5 MI W, 3 MI S",LAVERNE,OK,73843,A,0000,N,S,1381,000000,A,B,,B,,,,,,,,301 N. 48TH STREET,WOODWARD,OK,73801,,13,1990-09-21,,1990-09-21,1991-03-13,2011-10-14 16:38:47 EDT
107506933,0627700,,TWENTY ELEVEN CORP.,127 E. 6TH STREET,ADA,OK,74820,A,0000,N,S,1389,000000,A,A,,B,,,,,,,,P. O. BOX 1943,ADA,OK,74820,,2,1990-10-31,,1990-10-31,1992-08-14,2011-10-14 16:38:47 EDT
107507188,0627700,,UNIT DRILLING COMPANY,10 MI N OFF HWY 64,GUYMON,OK,73942,A,0000,N,S,1381,000000,A,B,,N,X,,,,,,,P. O. BOX 702500,TULSA,OK,74170,,100,1992-02-20,,1992-02-20,1993-07-30,2011-10-14 16:38:47 EDT
107520181,0626000,,COPANO COMPANY,4 1/2 MI E OF REFUGIO ON FM 774,REFUGIO,TX,78377,A,0000,Y,S,1311,000000,A,A,,B,X,,,,,,,"RT. 1, BOX 96 C",REFUGIO,TX,78377,,1,1989-06-22,,1989-09-25,1989-10-06,2011-10-14 16:38:47 EDT
107520199,0626000,,THE NORDAN TRUST,4 1/2 MI E OF REFUGIO ON FM 774,REFUGIO,TX,78377,A,0000,Y,S,1389,000000,A,A,,B,X,,,,,,,"RT. 1, BOX 96 C",REFUGIO,TX,78377,,30,1989-06-22,,1989-09-21,1989-10-27,2011-10-14 16:38:47 EDT
107520793,0627700,,COLORADO INTERSTATE GAS COMPANY,3 MI NE OF KEYES,KEYES,OK,73947,A,0000,N,S,1311,000000,A,B,,N,,,,,,,,P. O. BOX 1087,COLORADO SPRINGS,CO,80944,N131    000010701,3,1991-09-23,2008-05-15,1991-09-26,1992-03-13,2011-10-14 16:38:47 EDT
107520827,0627700,,JONES DRILLING CORPORATION,"L MI E, 3 MI N ON HWY 59A",LINDSEY,OK,73052,A,0000,N,S,1381,000000,A,B,,N,,,,,,,,P. O. BOX 1185,DUNCAN,OK,73533,,14,1991-10-16,,1991-10-18,1992-07-30,2011-10-14 16:38:47 EDT
107521536,0627700,,"WALTERS WELL SERVICE, INC.","HWY 65 & HWY 7 6 MI E, 1 MI N",LAWTON,OK,73501,A,0000,N,S,1389,000000,A,B,,N,,,,,,,,P. O. BOX 467,WALTERS,OK,73572,,9,1991-09-24,,1991-09-24,1992-10-14,2011-10-14 16:38:47 EDT
107522468,0627700,,UNITED DRILLING COMPANY,"3 MI N, 3 MI W HWY 81",EL RENO,OK,73036,A,0000,N,S,1381,000000,A,B,,N,,,,,,,,"1601 NW EXPRESSWAY, SUITE 1700",OKLAHOMA CITY,OK,73118,,17,1991-09-11,,1991-09-11,1992-09-09,2011-10-14 16:38:47 EDT
107530453,0627700,,UNIT DRILLING COMPANY,9 MILES EAST OF JCT HWY 283 & L.L. MALES BLVD.,CHEYENNE,OK,73628,A,0000,N,S,1381,000000,A,B,,N,,,,,,,,PO BOX 702500,TULSA,OK,74170,,9,1994-06-15,,1994-06-17,1994-09-07,2011-10-14 16:38:47 EDT
107572901,0627100,,"EVANS DRILLING CO., INC.",1 MILE SOUTH OF,ALIX,AR,72820,A,0000,Y,S,1381,000000,A,B,,N,,,,,,,,P. O. BOX 751,POTEAU,OK,74953,,5,1992-02-18,,1992-02-18,1992-06-01,2011-10-14 16:38:47 EDT
107612996,0626700,,"ACME TRUCK LINE, INC.",LOFFLAND RIG #3,VIDOR,TX,77661,A,0000,N,S,1389,000000,A,B,,N,,,,,,,,P.O.BOX 183,HARVEY,LA,70059,N010    000000490,60,1992-02-12,,1992-02-20,1992-02-20,2011-10-14 16:38:47 EDT
107613127,0626700,,HAMCO WELDING & GENEERAL CONSTRUCTION,"MC FADDEN WILDLIFE REFUGE, JEFFERSON COUNTY",JEFFERSON,TX,77655,A,0000,N,S,1389,000000,A,B,,B,,X,,,,,,P.O. BOX 230,SOUR LAKE,TX,77658,,5,1991-10-22,,1991-10-23,1991-12-23,2011-10-14 16:38:47 EDT
107621823,0626600,,"SEIFERT WELDING & CONSTRUCTION, INC.",CHEVRON USA-MOORES ORCHARD FIELD,ORCHARD,TX,77001,A,0000,N,H,1389,000000,A,B,,B,,,,,,,,P.O.BOX 247(FM 3156),BAY CITY,TX,77404,,25,1991-03-07,,1991-03-11,1991-04-08,2011-10-14 16:38:47 EDT
107623720,0626700,,OTIS ENGINEERING CORPORATION,JEFFERSON COUNTY OFF FM 365,BEAUMONT,TX,77705,A,0000,N,S,1389,000000,A,B,,N,X,,,,,,,4406 REX RD.,FRIENDSWOOD,TX,77546,,6,1990-02-24,,1990-03-31,1992-09-01,2011-10-14 16:38:47 EDT
107629305,0625700,,POOL COMPANY,19-1-24 HOMER NACHOCOCH SAND UNIT,HOMER,LA,71040,A,0000,Y,S,1389,000000,A,A,,B,,,,,,,,P. O. BOX 4271,HOUSTON,TX,77210,,38,1990-04-09,,1990-04-10,1990-04-26,2011-10-14 16:38:47 EDT
107631079,0625700,,"RELIANCE WELL SERVICE, INC.","UNIONVILLE OIL FIELD, RICHARDS 30 ALT WELL",DUBACH,LA,71235,A,0000,N,H,1381,000000,A,B,,N,,,,,,,,P.O. BOX 787,MAGNOLIA,AR,71754,N099    000018880,7,1994-07-21,2008-01-21,1994-07-21,1995-01-09,2011-10-14 16:38:47 EDT
107632853,0625700,,"CRAIN BROTHERS, INC.",MARSH - ALKALI PITCH,HACKBERRY,LA,70645,A,0000,N,S,1389,000000,A,B,,N,,,,,,,,PO BOX 118,GRAND CHENIER,LA,70643,,160,1993-11-24,,1994-01-03,1994-02-24,2011-10-14 16:38:47 EDT
107704926,0627100,,"OWEN CONTRACTING CO., INC.",2 MILES EAST OF LEWISVILLE,LEWISVILLE,AR,71845,A,0000,Y,S,1389,000000,A,B,,N,,,,,,,,413 COLUMBIA 13,MAGNOLIA,AR,71753,,9,1993-02-10,,1993-03-18,1993-09-29,2011-10-14 16:38:47 EDT
107712507,0627400,,RILEY DRILLING COMPANY,1101 S. MAIN,BIG SPRING,TX,79721,A,0000,Y,S,1381,000000,A,A,,N,,,,,,,,P.O. BOX 1306,BIG SPRING,TX,79721,,20,1994-06-14,,1994-06-15,1994-09-19,2011-10-14 16:38:47 EDT
107714222,0627400,,LOCKHART GEOPHYSICAL COMPANY,S OF HWY 15 & W OF HWY 136,GRUVER,TX,79040,A,0000,Y,S,1382,000000,A,A,,N,,,,,,,,"370 17TH STREET, SUITE 3690",DENVER,CO,80202,,15,1994-11-22,,1994-11-23,1995-07-17,2011-10-14 16:38:47 EDT
107714867,0627400,,MIDESSA DRILLING COMPANY,"ANDREWS CTY,RIG 2 FSAU 59 FULLERTON FIELD",ANDREWS,TX,79714,A,0000,N,S,1311,000000,A,B,,N,,,,,,,,P.O. BOX 60366,MIDLAND,TX,79711,,60,1994-11-28,,1994-11-29,1995-02-14,2011-10-14 16:38:47 EDT
107852212,0855610,,"L & L OILWELL SERVICE, INC.",PAT GARRET RANCH,LINCH,WY,82640,A,0000,Y,S,1389,000000,A,A,,B,X,,,,,,,P.O. BOX 42,LINCH,WY,82640,,10,1988-12-20,,1988-12-21,1989-04-10,2011-10-14 16:38:47 EDT
107856114,0855610,,"KISSACK'S, INC.",PRONG CREEK FACILITY,MOORCROFT,WY,82721,A,0000,N,S,1389,000000,A,A,,B,X,,,,,,,P.O. BOX 9,ROZET,WY,82727,,50,1989-03-08,,1989-03-09,1989-04-19,2011-10-14 16:38:47 EDT
107857880,0855610,,KR WELL SERVICE INC,"JD #6, RIG #1",GILLETTE,WY,82716,A,0000,N,S,1389,000000,A,A,,N,,,,,,,,P.O. BOX 73,ROZET,WY,82727,N037    000005005,7,1989-09-25,2008-01-15,1989-09-26,1990-01-02,2011-10-14 16:38:47 EDT
107864852,0855610,,NORTHERN GEOPHYSICAL OF AMERICA INC,7 MI. N. OF RIVERTON,RIVERTON,WY,82501,A,0000,Y,H,1382,000000,A,A,,N,,,,X,,,,P.O. BOX 1416,RIVERTON,WY,82501,N037    000008926,38,1995-01-04,2008-01-23,1995-01-05,1995-01-20,2011-10-14 16:38:47 EDT
107865511,0855610,,NORTON DRILLING COMPANY,13 MI. S. OF MTN. VIEW,MTN. VIEW,WY,82939,A,0000,Y,S,1381,000000,A,A,,N,X,,,,,,,P.O. BOX 1298,GREEN RIVER,WY,82935,N037    000005435,22,1990-04-10,2008-01-23,1990-04-11,1990-08-06,2011-10-14 16:38:47 EDT
107866691,0855610,,AMOCO PRODUCTION COMPANY,ANSCHUTZ RANCH INJECTION FACILITY,EVANSTON,WY,82930,A,0000,Y,S,1311,000000,A,A,,B,,,,,,,,P.O. BOX 829,EVANSTON,WY,82930,,500,1989-10-26,,1989-11-03,1991-10-08,2011-10-14 16:38:47 EDT
107872954,0855610,,CHEVRON USA INC,"WELL #11-8A, PAINTER RESERVOIR UNIT",EVANSTON,WY,82931,A,0000,Y,S,1311,000000,A,A,,N,X,,,,,,,P.O. BOX 599,DENVER,CO,80201,N037    000006835,125,1991-06-14,2007-11-30,1991-06-15,1991-08-07,2011-10-14 16:38:47 EDT
107874653,0855610,,DOUBLE JACK TESTING & SERVICES INC,"JD #3, CEPO UNIT 44-9",ROCK SPRINGS,WY,82901,A,0000,Y,S,1389,000000,A,A,,B,,X,,,,,,P.O. BOX 2097,EVANSTON,WY,82930,,21,1992-03-23,,1992-03-23,1992-08-03,2011-10-14 16:38:47 EDT
107875585,0855610,,D A B OILFIELD SERVICES INC,"MOBIL OILFIELD, LU RANCH",MEETEETSE,WY,82433,A,0000,Y,S,1389,000000,A,A,,N,X,,,,,,,1054 WEST RIVER ROAD,WORLAND,WY,82401,N037    000007945,9,1992-07-17,2007-12-10,1992-07-18,1992-12-07,2011-10-14 16:38:47 EDT
107924250,0551800,,"F. D. MCCRARY OPERATOR, INC.","R. R. 2, BOX 236",PETERSBURG,IN,47567,A,0000,N,H,1311,000000,A,B,,B,,,,X,,,,,,,00000,,9,1989-10-19,,1989-10-19,1990-10-02,2011-10-14 16:38:47 EDT
108496993,0653510,,"FIFTY-FIVE WELL SERVICING, INC.",DK #3 LOCATION - 10 MILES SOUTH OF HOBBS,HOBBS,NM,88240,A,0000,Y,S,1389,000000,A,A,,B,,,,,,,,120 WEST GUM,LOVINGTON,NM,88260,,36,1989-04-06,,1989-04-07,1990-01-10,2011-10-14 16:38:47 EDT
108498908,0653510,,"MATADOR CASING SERVICES, INC.",THORNBUSH FEDERAL #1,LOCO HILLS,NM,88255,A,0000,Y,S,1389,000000,A,B,,B,,,,,,,,P. O. DRAWER 1328,ARTESIA,NM,88211,,20,1990-02-21,,1990-02-22,1990-07-20,2011-10-14 16:38:47 EDT
108502394,0653510,,PERMIAN SERVICING COMPANY,8600 LOVINGTON HIGHWAY,HOBBS,NM,88240,A,0000,Y,S,1389,000000,A,B,,B,,,,,,,,,,,00000,,60,1990-05-23,,1990-05-23,1990-11-20,2011-10-14 16:38:47 EDT
108503640,0653510,,FORESTER PUMPING COMPANY,"SECTION 24 T81S, R32E",LOCO HILLS,NM,88255,A,0000,N,S,1389,000000,A,B,,B,,,,,,,,DRAWER W,ARTESIA,NM,88210,,3,1990-09-24,,1990-09-24,1991-05-16,2011-10-14 16:38:47 EDT
108504606,0653510,,ENRON OIL TRADING & TRANSPORTATION COMPANY,"MARALO OIL, BILBREY ""34"" FED #1 SEC 34 T215, R32E",HOBBS,NM,88240,A,0000,Y,S,1389,000000,A,A,,N,,,,,,,,P. O. BOX 2297,MIDLAND,TX,79702,,50,1991-11-06,,1991-11-06,1992-08-04,2011-10-14 16:38:47 EDT
108505017,0653510,,BENNETT - CATHY INC.,CANAL AND NORTH LOOP ROAD,CARLSBAD,NM,88220,A,0000,Y,S,1389,000000,A,B,,B,,,,,,,,P. O. BOX 1784,HOBBS,NM,88240,,9,1991-07-16,,1991-07-16,1992-01-16,2011-10-14 16:38:47 EDT
108506080,0653510,,ALLENS CASING CREW,PETERSON RIG 5 WELL NO 1 KELIN FEE,LOVINGTON,NM,88260,A,0000,N,S,1389,000000,A,A,,N,,X,,,,,,7706 ISSACS,HOBBS,NM,88240,,5,1995-03-15,,1995-04-25,1995-07-28,2011-10-14 16:38:47 EDT
108507286,0653510,,NORTON DRILLING COMPANY,3 MILES NE OF LOCO HILLS,ARTESIA,NM,88211,A,0000,Y,S,1381,000000,A,A,,N,,,,,,,,5211 BROWNFIELD HWY SUITE 230,LUBBOCK,TX,79407,N023    000006240,14,1995-04-28,2007-11-28,1995-06-06,1995-10-10,2011-10-14 16:38:47 EDT
108507468,0653510,,"KODIAK OIL FIELD SERVICE, INC.",WEST OF AZTEC OFF HWY 550,FARMINGTON,NM,87499,A,0000,Y,S,1389,000000,A,B,,N,,,,,,,,PO BOX 6738,FARMINGTON,NM,87499,,5,1995-05-24,,1995-05-24,1995-06-22,2011-10-14 16:38:47 EDT
108509092,0653510,,BENSON-MONTIN-GREER DRILLING CORP.,"LLAVES, SECT 50 T, 25N RANGE 1E",LLAVES,NM,87030,A,0000,Y,S,1389,000000,A,A,,N,X,,,,,,,501 AIRPORT DR. SUITE 221,FARMINGTON,NM,87401,,10,1995-09-05,,1995-09-06,1996-01-08,2011-10-14 16:38:47 EDT
108512179,0653510,,LOCKE PUMPING SERVICE,1519 MAIN STREET,EUNICE,NM,88231,A,0000,Y,S,1389,000000,A,A,,B,,,,,,,,P. O. BOX 636,EUNICE,NM,88231,,13,1990-04-09,,1990-04-10,1990-07-27,2011-10-14 16:38:47 EDT
108513078,0653510,,FOUR CORNERS DRILLING,5651 HIGHWAY 64,FARMINGTON,NM,87499,A,0000,Y,S,1381,000000,A,B,,N,,,,,,,,P. O. BOX 1067,FARMINGTON,NM,87499,,75,1991-06-12,,1991-06-12,1992-03-09,2011-10-14 16:38:47 EDT
108513086,0653510,,B J SERVICES,3220 BLOOMFIELD HIGHWAY,FARMINGTON,NM,87499,A,0000,Y,S,1389,000000,A,B,,N,,,,,,,,P. O. BOX 47,FARMINGTON,NM,87499,,20,1991-06-12,,1991-06-12,1991-12-18,2011-10-14 16:38:47 EDT
108513508,0653510,,CIMMARON OILFIELD SERVICE,"ROAD J19, 4.9 MILES EAST OF HIGHWAY 537",LINDRETH,NM,07499,A,0000,Y,S,1389,000000,A,B,,B,,,,,,,,P. O. BOX 3235,FARMINGTON,NM,87499,,60,1991-07-15,,1991-07-16,1992-01-14,2011-10-14 16:38:47 EDT
108516501,1050210,,POOL ARCTIC ALASKA,"YUKON GOLD #1, RIG 4",PRUDHOE BAY,AK,99734,A,0000,N,S,1381,000000,A,B,,N,,X,,,,,,,,,00000,,150,1994-01-14,,1994-01-14,1994-02-09,2011-10-14 16:38:47 EDT
108532169,1050210,,ALASKA PETROLEUM CONTRACTORS INCORPORATED,DRILL SITE L-5,PRUDHOE BAY,AK,99519,A,0000,Y,S,1389,000000,A,A,,B,,,,,,,,6000 C ST. SUITE C P.O. BOX 190747,ANCHORAGE,AK,99519,,734,1990-12-10,,1990-12-16,1991-02-13,2011-10-14 16:38:47 EDT
108547795,1050210,,ALASKA PETROLEUM CONTRACTORS INC,CRAZY HORSE PAD,DEADHORSE,AK,99734,A,0000,N,S,1389,000000,A,B,,B,,X,,,,,,"6000 C ST., SUITE C, P.O. BOX 190747",ANCHORAGE,AK,99519,,260,1990-03-21,,1990-03-22,1990-03-22,2011-10-14 16:38:47 EDT
108547803,1050210,,NATCHIQ INC,DEADHORSE,DEADHORSE,AK,99734,A,0000,N,S,1389,000000,A,A,,B,,X,,,,,,"6000 C STREET, SUITE B",ANCHORAGE,AK,99518,,50,1990-03-22,,1990-03-22,1990-03-22,2011-10-14 16:38:47 EDT
108737537,0627700,,BRISCOE DRILLING,5 1/2 MI N. 3 MI W. OF ERICK,ERICK,OK,73645,A,0000,N,S,1381,000000,A,B,,N,,,,,,,,406 N. MAIN,KINGFISHER,OK,73750,N131    000013828,13,1993-07-07,2008-05-14,1993-07-08,1993-11-03,2011-10-14 16:38:47 EDT
108738246,0627700,,WEATHERFORD INTERNATIONAL,"5.25.MI. W ON HWY 47, 2.25 MI. S/SW & 1 MI. E OF",CHEYENNE,OK,73628,A,0000,N,S,1389,000000,A,B,,N,,,,,,,,P. O. BOX 27608,HOUSTON,TX,77227,,5,1993-08-26,,1993-08-28,1994-09-07,2011-10-14 16:38:47 EDT
108738253,0627700,,BONRAY DRILLING CORPORATION,"5.25.MI. W. ON HWY 47, 2.25 MI. S/SW & 1 MI. E ON",CHEYENNE,OK,73628,A,0000,N,S,1381,000000,A,B,,N,,,,,,,,4701 N. E. 23RD,OKLAHOMA CITY,OK,73121,N131    000014067,15,1993-08-26,2008-05-14,1993-08-26,1994-02-07,2011-10-14 16:38:47 EDT
108738840,0627700,,TRIGG DRILLING COMPANY,"BONRAY RIG #31, 5 1/4 MI. W. ON HWY 47",CHEYENNE,OK,73628,A,0000,N,S,1311,000000,A,B,,N,X,,,,,,,BOX 18805,OKLAHOMA CITY,OK,73154,,1,1993-08-26,,1993-09-09,1995-10-03,2011-10-14 16:38:47 EDT
108738873,0627700,,HIGHFILL OIL CO. INC.,7 MI. WEST OF CHELSEA,CHELSEA,OK,74016,A,0000,N,S,1389,000000,A,B,,N,,,,,,,,P. O. BOX 2595,CLAREMORE,OK,74018,,2,1993-10-06,,1993-10-26,1996-06-10,2011-10-14 16:38:47 EDT
108740119,0627700,,"RATLIFF CITY TRUCKING, INC.",MOBILE MCDANIEL VALENTINE LEASE,MAYSVILLE,OK,73057,A,0000,N,S,1389,000000,A,B,,N,,,,,,,,"RT 1, BOX 24",RATLIFF CITY,OK,73081,,19,1993-01-05,,1993-01-06,1993-09-13,2011-10-14 16:38:47 EDT
108741661,0627700,,"TESTERS, INC.",2701 S. HAINDL,ELK CITY,OK,73644,A,0000,N,S,1389,000000,A,B,,N,,,,,,,,1661 EXCHANGE AVE,OKLAHOMA CITY,OK,73108,,2,1992-11-13,,1992-11-13,1992-12-21,2011-10-14 16:38:47 EDT
108741679,0627700,,"FRANKS TONG SERVICE, INC.","6 1/2 MI N, 3 MI W",ELK CITY,OK,73644,A,0000,N,S,1389,000000,A,B,,N,,,,,,,,P. O. BOX 94580,OKLAHOMA CITY,OK,73143,,7,1992-11-13,,1992-12-14,1992-12-21,2011-10-14 16:38:47 EDT
108741802,0627700,,"CONTINENTAL RESOURCES, INC.",HWY 412 & IMO RD,ENID,OK,73501,A,0000,N,S,1311,000000,A,B,,N,,,,,,,,P. O. BOX 10549,ENID,OK,73706,,1,1992-09-10,,1992-09-13,1992-12-08,2011-10-14 16:38:47 EDT
108742321,0627700,,STRIDE WELL SERVICE,"2 MI W, 3 1/2 MI S, 1/8 MI W",ENID,OK,73706,A,0000,N,S,1389,000000,A,B,,N,,X,,,,,,P. O. BOX 10539,ENID,OK,73706,,4,1992-09-10,,1992-09-11,1993-01-14,2011-10-14 16:38:47 EDT
108743295,0627700,,WILSON ELECTRIC,25 WILDWOOD ACRES,STILLWATER,OK,74074,A,0000,N,S,1311,000000,A,B,,N,,,,,,,,"RT 7, 25 WILDWOOD ACRES",STILLWATER,OK,74075,,2,1992-09-10,,1992-09-11,1993-01-05,2011-10-14 16:38:47 EDT
108744004,0627700,,BONRAY DRILLING CORPORATION,4701 N. E. 23RD STREET,OKLAHOMA CITY,OK,73121,A,0000,N,S,1381,000000,A,B,,N,,,,,,,,,,,00000,N131    000012487,100,1992-08-19,2008-05-14,1992-08-21,1992-12-28,2011-10-14 16:38:47 EDT
108758376,0626000,,DUNN SERVICE INC.,STAR ROUTE BOX 57,MEYERSVILLE,TX,77974,A,0000,N,S,1389,000000,A,A,,B,,X,,,,,,,,,00000,,8,1991-07-12,,1991-07-12,1992-05-14,2011-10-14 16:38:47 EDT
108760364,0626000,,AIR EQUIPMENT RENTAL INC.,"MYLA BAKER #11, 4 MI W HWY 59, 2 MI N FM 624",TILDEN,TX,78072,A,0000,Y,S,1389,000000,A,A,,B,,,,,,,,RT. 9 BOX 147R,VICTORIA,TX,77901,,3,1991-12-20,,1991-12-20,1992-03-20,2011-10-14 16:38:47 EDT
108760430,0626000,,TESORO EXPLORATION & PRODUCTION CO.,"4 MI S. OF HWY 83, FALCON STATE PARK",ZAPATA,TX,78076,A,0000,N,S,1381,000000,A,A,,B,,,,,,,,8700 TESORO DR.,SAN ANTONIO,TX,78217,,2,1991-12-17,,1991-12-17,1992-02-24,2011-10-14 16:38:47 EDT
108763582,0625400,,"ALCORN WELL SERVICE, INC.",3 MI. NORTH OF GIDDINGS ON HWY 141,GIDDINGS,TX,78942,A,0000,N,S,1389,000000,A,B,,N,,,,,,,,P.O. BOX 3187,VICTORIA,TX,77903,,5,1992-01-14,,1992-01-21,1996-03-26,2011-10-14 16:38:47 EDT
108766940,0625700,,"OWENS WELL SERVICING, INC.",CADDO PINE ISLAND FIELD,OIL CITY,LA,71061,A,0000,N,S,1389,000000,A,B,,B,,,,,,,,PO DRAWER 1160,OIL CITY,LA,71061,,9,1991-11-14,,1991-11-20,1991-12-17,2011-10-14 16:38:47 EDT
108862632,0627700,,"KOCH GATHERING SYSTEMS, INC.",HWY 3 AND EW 120,SEMINOLE,OK,74868,A,0000,N,S,1311,000000,A,B,,N,,,,,,,,301 S. KENNEDY,SHAWNEE,OK,74801,,35,1992-04-15,,1992-04-17,1992-11-12,2011-10-14 16:38:47 EDT
108866237,0627700,,"WARD DRILLING COMPANY, INC.",JUNCTION HWY 44 & 55,SENTINEL,OK,73664,A,0000,N,S,1381,000000,A,B,,N,,,,,,,,P. O. BOX 3370,ENID,OK,73702,,15,1995-07-24,,1995-07-24,1995-10-02,2011-10-14 16:38:47 EDT
108866757,0627700,,"BEST OILFIELD SERVICE, INC.",3 1/2 EAST OF HWY 99,PRAGUE,OK,74864,A,0000,N,S,1381,000000,A,B,,N,,,,,,,,PO BOX 1108,EL RENO,OK,73036,N131    000017287,15,1995-07-31,2008-04-24,1995-08-01,1995-11-28,2011-10-14 16:38:47 EDT
108869710,0627700,,"WESTERN NATURAL RESOURCES, INC.","1120 N. W. 63RD STREET, SUITE 210",OKLAHOMA CITY,OK,73111,A,0000,N,S,1311,000000,A,B,,N,,,,,,,,,,,00000,,4,1996-02-09,,1996-02-09,1996-03-25,2011-10-14 16:38:47 EDT
108870692,0627700,,GRAHAM-MICHAELIS CORPORATION,"5 1/2 MI W, 1 1/2 MI N",KINGFISHER,OK,73750,A,0000,N,S,1311,000000,A,B,,N,,X,,,,,,,,,00000,N131    000018167,1,1996-04-12,2008-06-26,1996-04-17,1997-06-06,2011-10-14 16:38:47 EDT
108871419,0627700,,"MARTIN TANK TRUCK/CASING PULLING, INC.",1 MI EAST & 1 1/2 MI S,CRINER,OK,73031,A,0000,N,S,1389,000000,A,B,,N,,,,,,,,P. O. BOX 383,CUSHING,OK,74023,,4,1996-03-08,,1996-03-08,1996-07-02,2011-10-14 16:38:47 EDT
108871443,0627700,,HAMM AND PHILLIPS SERVICE COMPANY,1 MI EAST & 1 1/2 MI S,CRINER,OK,73031,A,0000,N,S,1389,000000,A,B,,N,,,,,,,,3401 I-35,MOORE,OK,73160,,14,1996-03-11,,1996-03-11,1996-10-17,2011-10-14 16:38:47 EDT
108917543,0636900,,ASHTOLA DRILLING CO. LIMITED,TH CHERRY HOMES WELL #4,4 MI NW OF WIZARD WELLS,TX,76046,A,0000,N,S,1381,000000,A,B,,N,,,,,,,,RT 2 BOX 750,GRAHAM,TX,79105,,17,1994-03-29,,1994-04-05,1994-05-25,2011-10-14 16:38:47 EDT
108923699,0636900,,"ACE TRANSPORTATION, INC.",4 MI. E. OF FM 1364,FAIRFIELD,TX,75840,A,0000,N,S,1389,000000,A,B,,N,,,,,,,,P.O. BOX 91714,LAFAYETTE,LA,70509,N142    000007885,12,1994-11-21,,1994-11-21,1995-03-20,2011-10-14 16:38:47 EDT
109060236,0627700,,"GREGORY RIG SERVICE & SALES, INC.",5517 S. W. 59TH ST.,OKLAHOMA CITY,OK,73121,A,0000,N,S,1389,000000,A,B,,N,,,,,,,,,,,00000,,11,1993-04-27,,1993-05-04,1993-06-30,2011-10-14 16:38:47 EDT
109064923,0627700,,CHARLES O. PIERCE TRUCKING CO.,"5 MILES WEST, 3 MILES NORTH",HOMINY,OK,74035,A,0000,N,S,1389,000000,A,B,,N,,,,,,,,PO BOX 417,HOMINY,OK,74035,N131    000015462,2,1994-07-01,2008-05-16,1994-07-13,1995-05-02,2011-10-14 16:38:47 EDT
109064931,0627700,,NADEL & GUSSMAN OIL COMPANY,"5 MILES WEST, 2 1/2 MILES NORTH",HOMINY,OK,74035,A,0000,N,S,1311,000000,A,B,,N,,,,,,,,3200 FIRST TOWER,TUSLA,OK,74035,,2,1994-07-01,,1994-07-12,1995-02-08,2011-10-14 16:38:47 EDT
109066076,0627700,,NADEL GUSSMAN OIL COMPANY,"5 MILES WEST, 2.5 MILES NORTH",HOMINY,OK,74035,A,0000,N,H,1311,000000,A,B,,N,,,,,,,,3200 FIRST TOWER,TULSA,OK,74103,,2,1994-07-01,,1994-07-12,1994-11-01,2011-10-14 16:38:47 EDT
109066084,0627700,,CHARLES O. PIERCE TRUCKING CO.,"5 MILES WEST, 3 MILES NORTH",HOMINY,OK,74035,A,0000,N,H,1389,000000,A,B,,N,,,,,,,,PO BOX 417,HOMINY,OK,74035,,2,1994-07-01,,1994-07-13,1994-11-09,2011-10-14 16:38:47 EDT
109067298,0627700,,GOOBER DRILLING CORP.,"3 1/2 EAST, 3 1/2 SOUTH",PADEN,OK,74860,A,0000,N,S,1381,000000,A,B,,N,,,,,,,,4905 SOUTH PERKINS ROAD,STILLWATER,OK,74074,N131    000015995,13,1994-10-17,2008-06-27,1994-10-17,1995-06-01,2011-10-14 16:38:47 EDT
109068627,0627700,,K & K RAT HOLES DRILLING,GRADY CO. .9 M W HWY19 + 1.7 M NW OLD19,BRADLEY,OK,73011,A,0000,N,S,1389,000000,A,B,,N,,,,,,,,3328 GERALDINE DR.,OKLAHOMA CITY,OK,73112,,2,1995-08-01,,1995-08-02,1995-08-30,2011-10-14 16:38:47 EDT
109068783,0627700,,SOONER DRILLING COMPANY,SECTION 1-6N-4E,ST LOUIS,OK,74866,A,0000,N,S,1382,000000,A,B,,N,,,,,,,,PO BOX 56,KONAWA,OK,74849,,12,1994-09-13,,1994-09-13,1995-02-23,2011-10-14 16:38:47 EDT
109103630,0626300,,"JDW SERVICES, INC.",405 RIVERSIDE DRIVE,GLADEWATER,TX,75647,A,0000,N,S,1389,000000,A,A,,N,,,,,,,,P.O. BOX 1523,GLADEWATER,TX,75647,,68,1993-11-23,,1993-11-24,1994-04-07,2011-10-14 16:38:47 EDT
109254409,0419400,,"SMITH BROTHERS, INC.",POOLE CREEK ROAD,LAUREL,MS,39440,A,0000,N,S,1381,000000,A,A,,N,,,,,,,,,,,00000,,4,1995-12-07,,1995-12-13,1996-03-19,2011-10-14 16:38:47 EDT
109323691,0728900,,"OIL FIELD PIPE & SUPPLY, INC.",1001 OAK STREET,KIMBALL,NE,69145,A,0000,N,S,1389,000000,A,B,,N,X,,,,,,,,,,00000,,8,1994-07-23,,1994-07-23,1994-11-02,2011-10-14 16:38:47 EDT
109450551,0626600,,WESTBAY CONTRACTING CORPORATION,4 MI. SO. FM 770,RAYWOOD,TX,77582,A,0000,N,S,1389,000000,A,A,,N,,X,,,,,,"2500 WILCREST, SUITE 600",HOUSTON,TX,77042,,1000,1993-03-03,,1993-03-04,1993-12-10,2011-10-14 16:38:47 EDT
109568576,0830600,,CONSOLIDATED OIL & GAS,"BROWN 32-6-10 #1, COUNTY RD. 988",LAPLATA,CO,81301,A,0000,N,H,1389,000000,A,B,,N,,,,,,,,410 17TH STREET,DENVER,CO,80224,,10,1994-09-06,,1994-11-22,1994-12-27,2011-10-14 16:38:47 EDT
109891473,0215000,,INTERSTATE INDUSTRIAL CORP.,510 KINGSLAND AVENUE,BROOKLYN,NY,11222,A,0000,N,S,1389,000000,A,B,,Y,,X,,,,,,348 NEW COUNTY ROAD,SECAUCUS,NJ,07094,,8,1990-08-21,,1990-10-01,1991-10-23,2011-10-14 16:38:47 EDT
110039393,0636900,,PATTERSON DRILLING COMPANY LP,4500 LAMESA HIGHWAY,SNYDER,TX,79550,A,0000,Y,S,1381,213111,A,B,,N,,,,,,,,P.O. BOX 1416,SNYDER,TX,79550,N142    000012301,13,2001-04-16,,2001-09-18,2003-04-30,2011-10-14 16:38:47 EDT
110042017,0636900,,"FINNELL OIL SERVICES, INC.",P.O. DRAWER Z,WICHITA FALLS,TX,76308,A,0000,N,S,1381,000000,A,B,,N,,,,,,,,,,,00000,,7,1996-07-09,,1996-07-31,1996-08-19,2011-10-14 16:38:47 EDT
110121118,0418300,,"WELDTEC, INC.",CLEMENTS ROAD,COTTONDALE,AL,35453,A,0000,N,S,1389,000000,A,B,,N,,,,,,,,P. O. BOX 731,LAUREL,MS,39441,000000000,5,1991-10-22,,1991-10-22,1991-12-12,2011-10-14 16:38:47 EDT
110123379,0418300,,BLACK WARRIOR DRILLING & COMPLETION,"DOGWOOD TRACE OFF HWY 11 NEAR VANCE,AL",COTTONDALE,AL,35453,A,0000,N,S,1389,000000,A,A,,N,X,,,,,,,10921 TAURUS RD,COTTONDALE,AL,35453,000000000,66,1991-10-24,,1991-10-30,1992-01-27,2011-10-14 16:38:47 EDT
110313905,0626600,,SUPREME WELL SERVICE,"RT. 1, BOX 34",NORTH ZULCH,TX,77872,A,0000,N,S,1311,000000,A,B,,B,X,,,,,,,P.O. BOX 9137,COLLEGE STATION,TX,77840,,10,1990-03-21,,1990-03-27,1990-06-13,2011-10-14 16:38:47 EDT
110325339,0627400,,"CLINT HURT & ASSOCIATES, INC.",RIG #12 MERCHANTS 4802-RIG 12,BIG LAKE,TX,76932,A,0000,Y,S,1381,000000,A,A,,N,,,,,,,,107 NO. N STREET,MIDLAND,TX,79701,N153    000007951,45,1994-10-03,2008-06-03,1994-10-04,1995-01-18,2011-10-14 16:38:47 EDT
110325628,0627400,,"MOBIL EXPLORATION & PRODUCING U.S., INC. PEGAS PRO",12201 W. FM1787,MIDKIFF,TX,79755,A,0000,Y,S,1311,000000,A,A,,Y,X,,,,,,,P.O. BOX 633,MIDLAND,TX,79702,N153    000008492,20,1995-11-13,2008-06-04,1995-11-13,1996-03-06,2011-10-14 16:38:47 EDT
110326170,0627400,,PLAINS PLUGGING & WELL SERVICE INC,22 MI NW OF MIAMI TX,MIAMI,TX,79059,A,0000,Y,S,1389,000000,A,A,,N,X,,,,,,,1000 INDUSTRIAL BLVD,BORGER,TX,79007,,4,1996-02-01,,1996-02-02,1997-12-03,2011-10-14 16:38:47 EDT
110326352,0627400,,J. C. WELLS DRILLING CO.,"20 MILES S OF POST, 3-4 MILES E OF 84",JUSTICEBURG,TX,79330,A,0000,Y,S,1381,000000,A,A,,N,,,,,,,,313 OLD LUBBOCK HWY,SNYDER,TX,79549,N153    000008568,4,1996-01-12,,1996-01-12,2000-10-26,2011-10-14 16:38:47 EDT
110326360,0627400,,FWA DRILLING,35 MI SE MIDLAND 7 MI E MIDKIFF 2 MI E FM2401/1379,BIG LAKE,TX,76132,A,0000,Y,S,1381,000000,A,B,,N,,,,,,,,P.O. BOX 1966,"MIDLAND,",TX,76301,,135,1995-12-19,,1995-12-19,1996-02-29,2011-10-14 16:38:47 EDT
110326659,0627400,,"GOTCHER CABLE SERVICE, INC",12115 W. CR 128,MIDLAND,TX,79702,A,0000,Y,S,1389,000000,A,A,,N,,,,,,,,P.O. BOX 2182,ODESSA,TX,79760,,2,1996-01-03,,1996-01-03,1996-08-09,2011-10-14 16:38:47 EDT
110326667,0627400,,"LIQUID TRANSPORT, INC.","HWY 180, EAST",SEMINOLE,TX,79360,A,0000,Y,S,1389,000000,A,A,,N,,,,,,,,P.O. BOX 361,SEMINOLE,TX,79360,,19,1996-01-02,,1996-01-02,1996-08-09,2011-10-14 16:38:47 EDT
110327160,0627400,,BIG TEX CRUDE OIL COMPANY,5809 SANTA FE,ABILENE,TX,79605,A,0000,N,S,1389,000000,A,B,,N,,,,,,,,,,,00000,N153    000009751,10,1998-10-08,,1998-10-21,1999-05-11,2011-10-14 16:38:47 EDT
110327236,0627400,,PIONEER EXPLORATION CO. INC.,BILLY HANKS A#30 LEASE RIG #1,NOLAN,TX,79537,A,0000,Y,S,1382,000000,A,B,,N,X,,,,,,,"15603 KUYKENDAHL, STE 221",HOUSTON,TX,77090,,19,1997-06-06,,1997-06-11,1997-10-29,2011-10-14 16:38:47 EDT
110327491,0627400,,"YALE E. KEY, INC.","HWY 461, 3 MI. E. OF HWY. 87",FORSAN,TX,79733,A,0000,Y,S,1389,000000,A,B,,N,,,,,,,,P. O. BOX 584A,FORSAN,TX,79733,,50,1995-04-14,,1995-04-18,1995-06-20,2011-10-14 16:38:47 EDT
110343035,0625700,,"VAN PORTABLE WELL TESTING, INC.","HWY. 146 & 145 CHATHAM, LA.",CHATHAM,LA,71273,A,0000,N,S,1389,000000,A,B,,N,,,,,,,,P.O. BOX 1809,RUSTON,LA,71273,,6,1994-09-14,,1994-09-14,1995-04-13,2011-10-14 16:38:47 EDT
110343118,0625700,,RINGER OILFIELD SERVICE,H-LEASE PIPEYARD - OLLA FIELD,TULLOS,LA,71479,A,0000,Y,S,1382,000000,A,B,,N,,,,,,,,PO BOX 131,TULLOS,LA,71479,N099    000012813,7,1994-09-21,,1994-09-28,1995-09-19,2011-10-14 16:38:47 EDT
110345048,0625700,,PAW DRILLING & WELL SERVICE,"22 MILES S. OF JENNINGS, LA. & ANDRUS COVE",JENNINGS,LA,70546,A,0000,N,S,1389,000000,A,B,,N,,,,,,,,101 GILBERT RD.,LAFAYETTE,LA,70501,N099    000012270,24,1994-06-01,,1994-06-09,1994-06-09,2011-10-14 16:38:47 EDT
110346053,0625700,,PRIDE PETROLEUM SERVICES,"LA. HWY. 10, 6 MILES SOUTH OF MORGANZA, LA.",MORGANZA,LA,70759,A,0000,N,S,1381,000000,A,B,,N,,,,,,,,P.O. BOX 90288,LAFAYETTE,LA,70509,,12,1995-07-17,,1995-07-25,1995-11-06,2011-10-14 16:38:47 EDT
110363488,0636900,,M N D DRILLING CORPORATION,8 MILES E OF DECATUR,DECATUR,TX,76234,A,0000,N,S,1381,000000,A,A,,N,,,,,,,,POST OFFICE BOX 248,BRIDGEPORT,TX,76026,,12,1993-01-11,2014-07-29,1993-01-12,1994-05-25,2014-08-01 01:01:50 EDT
110364635,0636900,,HALLIBURTON SERVICES,"1 MI S. OF FM 384, 6 MI W OF U.S. 83",WINTERS,TX,79567,A,0000,N,S,1389,000000,A,B,,N,,,,,,,,2701 INDUSTRIAL BLVD.,ABILENE,TX,79605,,59,1992-07-02,,1992-07-07,1992-10-08,2011-10-14 16:38:47 EDT
110370533,0636900,,"3-R SERVICES, INC.",2 MI. N.E. OF ORAN,ORAN,TX,76056,A,0000,Y,S,1389,000000,A,B,,N,,,,,,,,P.O. BOX 175 - 706 S. MAIN,JACKSBORO,TX,76458,,4,1993-11-09,,1993-11-10,1994-01-21,2011-10-14 16:38:47 EDT
110383437,0625400,,UNION PACIFIC RESOURCES CO.,2 MILES WEST OF COUNTY RD 216,DEANVILLE,TX,77852,A,0000,N,S,1389,000000,A,B,,B,,,,,,,,,,,00000,,44,1991-02-19,,1991-02-20,1991-12-16,2011-10-14 16:38:47 EDT
110392883,0626000,,"PENROD DRILLING CORP., RIG #22",3 MI N ON FM 649 FROM FM 3073,HEBBRONVILLE,TX,78361,A,0000,N,S,1381,000000,A,A,,N,,,,,,,,P. O. BOX 3710,ALICE,TX,78333,N168    000004771,17,1990-09-10,,1990-09-11,1991-03-14,2011-10-14 16:38:47 EDT
110392917,0626000,,"GRAYWOLF DRILLING CO., RIG #14","10 MI W OF IH35 ON HUGO RD, ALICE WRIGHT LEASE #1",DILLEY,TX,78017,A,0000,N,S,1381,000000,A,A,,B,,,,,,,,1307 S. FIELDSPAN ROAD,DUSON,LA,70529,,17,1990-10-04,,1990-10-04,1990-12-20,2011-10-14 16:38:47 EDT
110392941,0626000,,POOL COMPANY,"2 MI E ON MANGUM RD. FROM FM 1582,JOHNSON LEASE #1",PEARSALL,TX,78061,A,0000,N,S,1389,000000,A,A,,B,,,,,,,,P.O. BOX 1006,PEARSALL,TX,78061,,3,1990-10-26,,1990-10-26,1991-03-14,2011-10-14 16:38:47 EDT
110393154,0626000,,"AIR EQUIPMENT RENTAL, INC.",FM 299 ONE MI W OF HWY 281,ALICE,TX,78333,A,0000,Y,S,1389,000000,A,A,,B,,,,,,,,P. O. BOX 3470,ALICE,TX,78333,,4,1991-02-05,,1991-02-05,1991-12-03,2011-10-14 16:38:47 EDT
110394574,0626000,,TRI COASTAL CONTRACTORS,7 MI PIERCE RANCH ROAD,PIERCE,TX,77467,A,0000,N,S,1389,000000,A,B,,N,,,,,,,,20430 EASTEX FREEWAY,HUMBLE,TX,77338,N168    000005162,2,1991-02-19,,1991-02-20,1991-08-29,2011-10-14 16:38:47 EDT
110394806,0626000,,AMERICAN CONSTRUCTION CO.,"FM 581, 6 MI. SW OF PEARSALL, TX",PEARSALL,TX,78061,A,0000,N,S,1389,000000,A,B,,N,,,,,,,,P.O. BOX 663,PEARSALL,TX,78061,,9,1990-06-06,2011-01-05,1990-06-07,2011-01-05,2011-10-14 16:38:47 EDT
110400546,0626000,,"WELL TECH INC., RIG #159",FM 419 2 MI. S. OF MCCOY,MCCOY,TX,78053,A,0000,Y,S,1389,000000,A,B,,N,,,,,,,,2011 HWY 97 W,JOURDANTON,TX,78026,,41,1992-01-28,,1992-06-10,1993-05-10,2011-10-14 16:38:47 EDT
110401908,0627400,,"ALLEN'S CASING CREWS, INC.","WINKLER COUNTY, NEAR KERMIT, TX",ODESSA,TX,79766,A,0000,Y,S,1389,000000,A,A,,N,,,,,,,,1625 SOUTH REGAL AVENUE,ODESSA,TX,79766,N153    000006121,14,1991-07-30,2008-05-22,1991-07-31,1992-08-13,2011-10-14 16:38:47 EDT
110402450,0627400,,CACTUS DRILLING CO.,"16 MILES SW OF ANDREWS, TX  RIG 70",ANDREWS,TX,79714,A,0000,N,S,1381,000000,A,A,,B,,,,,,,,P. O. DRAWER 2800,MIDLAND,TX,79702,,4,1990-02-08,,1990-02-08,1990-06-06,2011-10-14 16:38:47 EDT
110404365,0627400,,"FWA DRILLING CO., INC.",1100 SOUTH COUNTY ROAD 1127,MIDLAND,TX,79706,A,0000,N,S,1381,000000,A,B,,N,,,,,,,,640 N. LOOP 250 W,MIDLAND,TX,79702,N153    000006834,2,1992-11-19,2008-05-30,1992-11-20,1993-03-23,2011-10-14 16:38:47 EDT
110406097,0627400,,ROBINSON DRILLING COMPANY,"OFF HWY 87, 2 1/2 MILES SO. LAMESA",BIG SPRING,TX,79720,A,0000,N,S,1381,000000,A,A,,N,,,,,,,,P. O. BOX 311,BIG SPRING,TX,79720,,4,1991-11-19,,1991-11-19,1992-05-25,2011-10-14 16:38:47 EDT
110406154,0627400,,WRIGHT WELL SERVICE,925 S AVE F,ODESSA,TX,79760,A,0000,N,S,1389,000000,A,B,,B,,,,,,,,,,,00000,,4,1991-11-20,,1991-11-20,1992-02-04,2011-10-14 16:38:47 EDT
110406931,0627400,,CHARLES E. BEARDEN DRILLING CORP.,OFF FM1263,OLD GLORY,TX,79540,A,0000,N,H,1381,000000,A,B,,N,,,,,,,,P.O. BOX JEBCO,WICHITA FALLS,TX,76307,N153    000006375,12,1992-01-21,2008-05-29,1992-02-05,1992-10-08,2011-10-14 16:38:47 EDT
110407400,0627400,,"CAPSTAR DRILLING (BRAZEAL, INC. DBA)",EAST OF CRANE TEXAS OFF HWY 385,CRANE,TX,79731,A,0000,Y,S,1381,000000,A,A,,N,,,,,,,,P. O. BOX 589,ALLEN,TX,75002,,45,1992-03-20,,1992-03-20,1993-05-19,2011-10-14 16:38:47 EDT
110407962,0627400,,"SELECT EMPLOYEES SERVICE, INC.",3205 KERMIT HWY   SUITE 1,ODESSA,TX,79764,A,0000,N,S,1389,000000,A,B,,B,,,,,,,,,,,00000,,2,1990-08-13,,1990-08-13,1990-10-22,2011-10-14 16:38:47 EDT
110408671,0627400,,"LEE TRANSPORTS, INC.",N. SLAUGHTER,SUNDOWN,TX,79372,A,0000,Y,S,1389,000000,A,B,,N,,,,,,,,,,,00000,N153    000006184,15,1991-09-11,2008-04-15,1991-09-11,1992-02-12,2011-10-14 16:38:47 EDT
110409240,0627400,,"KOCH SERVICES,INC",OFF HWY 385,ANDREWS,TX,79714,A,0000,Y,S,1389,000000,A,A,,N,,,,,,,,2162 COMMERCE DR,MIDLAND,TX,79703,,20,1992-10-03,,1992-10-03,1993-12-08,2011-10-14 16:38:47 EDT
110409752,0627400,,"STAFF LEASE ASSOCIATES, INC.","8 MILES NORTHEAST OF SPUR, TX    RIG 4",SPUR,TX,79370,A,0000,N,S,1381,000000,A,A,,N,,,,,,,,P. O. BOX 3234,ABILENE,TX,79604,N153    000005515,4,1990-09-05,2008-04-08,1990-09-07,1991-01-09,2011-10-14 16:38:47 EDT
110409794,0627400,,"SOJOURNER DRILLING/ATS, INC.","8 MILES NW OFF HWY 261  SPUR,TX",SPUR,TX,65601,A,0000,N,S,1381,000000,A,B,,N,,,,,,,,P. O. BOX 3234,ABILENE,TX,79604,N153    000005182,4,1990-09-12,2008-04-08,1990-09-12,1990-12-04,2011-10-14 16:38:47 EDT
110410339,0627400,,CLINT HURT & ASSOCIATES INC.,ONEHALF MILES NO. OF GREENWOOD SCHOOL,GREENWOOD,TX,76246,A,0000,Y,S,1381,000000,A,A,,N,,,,,,,,P. O. BOX 1973,MIDLAND,TX,79702,N153    000006373,61,1992-01-22,2008-05-28,1992-01-23,1992-06-05,2011-10-14 16:38:47 EDT
110411014,0627400,,BAKER SERVICE TOOLS DIVISION,6 MILES EAST OFF HWY 302,KERMIT,TX,79745,A,0000,N,S,1389,000000,A,A,,N,X,,,,,,,9100 EMMOTT RD,HOUSTON,TX,77240,N153    000005230,6,1990-06-05,2008-04-15,1990-06-06,1990-06-06,2011-10-14 16:38:47 EDT
110411527,0627400,,"RED DEVIL OIL SERVICING CO., INC.",AMOCO LEVELLAND UNIT WELL 635,LEVELLAND,TX,79336,A,0000,Y,S,1389,000000,A,A,,B,,,,,,,,P. O. BOX 572,LEVELLAND,TX,79336,,36,1990-05-15,,1990-05-18,1990-09-14,2011-10-14 16:38:47 EDT
110412236,0627400,,TINSLEY & SON DRILLING CORP.,"RIG 5, SEVEN MI. NE ON HWY 302",MENTONE,TX,79745,A,0000,Y,S,1381,000000,A,A,,N,,,,,,,,8510 WEST I-20,ODESSA,TX,79766,,7,1991-07-25,,1991-07-26,1993-01-04,2011-10-14 16:38:47 EDT
110412459,0627400,,"TMBR/SHARP DRILLING, INC.",OFF FM 2052,LAMESA,TX,79331,A,0000,Y,S,1381,000000,A,A,,N,,,,,,,,4607 W. INDUSTRIAL,MIDLAND,TX,79703,,13,1992-09-28,,1992-09-29,1993-03-25,2011-10-14 16:38:47 EDT
110413804,0627400,,"ANDERSON BASE COMPANY, INC.",906 W. 69TH ST.,ODESSA,TX,79764,A,0000,Y,S,1389,000000,A,B,,Y,,,,,,,,,,,00000,,14,1994-02-17,,1994-02-18,1994-05-03,2011-10-14 16:38:47 EDT
110414299,0625700,,S. H. LOE OIL CORPORATION,HWY 84,W. TULLOS,LA,71479,A,0000,Y,S,1311,000000,A,A,,B,,,,,,,,,,,00000,,50,1990-12-20,,1990-12-20,1991-02-28,2011-10-14 16:38:47 EDT
110419165,0625700,,"GULF COAST WELL TESTERS, INC.",315 MECCA ST.,LAFAYETTE,LA,70508,A,0000,Y,S,1389,000000,A,A,,B,,,,,,,,,,,00000,,15,1990-10-01,,1990-10-02,1990-12-03,2011-10-14 16:38:47 EDT
110419868,0625700,,"MOSLEY WELL SERVICE, INC.",3 MILES S. OF ADA,ADA,LA,71037,A,0000,N,S,1389,000000,A,B,,B,,,,,,,,POB 879,HAUGHTON,LA,71037,,90,1990-08-30,,1990-09-06,1990-12-19,2011-10-14 16:38:47 EDT
110421856,0625700,,"MALLORD WORKOVER & DRILLING, INC.","IRISH BEND ROAD, PORT OF IBERIA",NEW IBERIA,LA,70560,A,0000,Y,S,1381,000000,A,B,,B,,,,,,,,P. O. DRAWER 51498,LAFAYETTE,LA,70505,,15,1990-05-07,,1990-05-08,1990-06-12,2011-10-14 16:38:47 EDT
110533627,0625400,,"TREY TRUCKS, INC.",814 N. DIVIDE,ELDORADO,TX,76936,A,0000,N,S,1389,000000,A,B,,N,,,,,,,,P.O. BOX 1117,CRANE,TX,79731,,6,1991-04-08,,1991-04-09,1991-05-10,2011-10-14 16:38:47 EDT
110565256,0932030,,"VECO DRILLING, INC.","UNOCAL OIL PLATFORM, 9 MILES OFF COAST",VENTURA,CA,93001,A,0000,N,S,1381,000000,A,B,,B,X,,,,,,,325 ROCKLITE RD,VENTURA,CA,93021,,60,1993-01-13,,1993-01-15,1993-02-12,2011-10-14 16:38:47 EDT
110689924,0552652,,U & I TANK RENTALS INC.,SW 1/4 SECTION 17 GOODAR TWP. OGEMAW CO.,LUPTON,MI,48635,A,0000,N,S,1389,000000,A,B,,B,X,,,,,,,5216 VALLEY ROAD N.W.,RAPID CITY,MI,49676,,5,1989-11-17,,1989-11-21,1990-03-07,2011-10-14 16:38:47 EDT
110689965,0552652,,PETRO STAR ENERGY,231 LAKE ST,TRAVERSE CITY,MI,49685,A,0000,N,S,1381,000000,A,B,,N,X,,,,,,,PO BOX 2410,TRAVERSE CITY,MI,49685,,20,1989-11-15,,1989-11-21,1993-05-11,2011-10-14 16:38:47 EDT
110690666,0552652,,A T W INC,4725 N ISABELLA RD,ROSEBUSH,MI,48878,A,0000,N,S,1389,000000,A,B,,N,X,,,,,,,P O BOX 365,MT. PLEASANT,MI,48858,N176    000003123,8,1990-01-30,,1990-03-23,1990-09-20,2011-10-14 16:38:47 EDT
110718921,0552652,,TERRA ENERGY LTD,1000 JOHNSON RD,MANCELONA,MI,49659,A,0000,N,S,1389,000000,A,B,,N,X,,,,,,,1503 N GARFIELD,TRAVERSE CITY,MI,49684,,45,1991-02-27,,1991-04-09,1991-10-04,2011-10-14 16:38:47 EDT
110719564,0552652,,L AND D HOTSHOT INC.,1000 JOHNSON ROAD,MANCELONA,MI,49659,A,0000,N,S,1389,000000,A,B,,B,X,,,,,,,P.O. BOX 1087,KALKASKA,MI,49646,,11,1991-02-04,,1991-04-09,1991-10-22,2011-10-14 16:38:47 EDT
110767852,0552652,,FRONTIER EXPLORATION INC,SECTION 23 T31 N R4E HILLMAN TWP,HILLMAN,MI,49746,A,0000,N,S,1389,000000,A,B,,N,X,,,,,,,277 SEALEY RD,KALKASKA,MI,49646,N176    000005563,50,1990-10-02,2008-04-16,1990-10-10,1992-07-25,2011-10-14 16:38:47 EDT
110775731,0552652,,MCLACHLAN DRILLING COMPANY,"S.W. CORNER, SEC. 19, ALLIS TWP., PRESQUE ISLE CO.",ATLANTA,MI,49709,A,0000,N,S,1381,000000,A,B,,B,X,,,,,,,"P.O. BOX 548, 815 W. SEVENTH STREET",EVART,MI,49631,,5,1990-03-14,,1990-03-15,1990-05-10,2011-10-14 16:38:47 EDT
110798311,0552652,,BRONSON PRODUCTION INC,309 SEELEY RD,KALKASKA,MI,49646,A,0000,N,S,1381,000000,A,B,,N,X,,,,,,,PO BOX 999,KALKASKA,MI,49646,,43,1990-09-14,,1990-09-17,1990-10-30,2011-10-14 16:38:47 EDT
110798915,0552652,,BACH OIL FIELD SERVICES,M-72 AND M-66,KALKASKA,MI,49646,A,0000,N,S,1381,000000,A,B,,B,X,,,,,,,P.O. BOX 568,KALAKASKA,MI,49646,,29,1990-04-24,,1990-04-24,1990-04-24,2011-10-14 16:38:47 EDT
110798923,0552652,,CONTRACT COMPRESSION INC,305 E PARK DR,KALKASKA,MI,49646,A,0000,N,S,1381,000000,A,B,,N,X,,,,,,,,,,00000,N176    000003475,11,1990-04-23,,1990-04-25,1990-09-18,2011-10-14 16:38:47 EDT
110798931,0552652,,TERRA ENERGY LTD,4-6 SWD CHARLTON P#4146 SEC 6 T29N R1W,CHARLTON TWP OTSEGO CNTY,MI,49684,A,0000,N,S,1389,000000,A,B,,N,X,,,,,,,1503 N GARFIELD RD,TRAVERSE CITY,MI,49684,N176    000003476,37,1990-04-25,,1990-04-25,1990-07-02,2011-10-14 16:38:47 EDT
110814738,0552652,,WEST BAY EXPLORATION CO,10850 TRAVERSE HWY,TRAVERSE CITY,MI,49684,A,0000,N,S,1381,000000,A,B,,N,X,,,,,,,,,,00000,N176    000012473,10,1993-01-22,,1993-03-22,1993-03-23,2011-10-14 16:38:47 EDT
110817764,0552652,,S AND S OIL FIELD SERVICE,R#4 - 4305 WEST AUSABLE TRAIL,GRAYLING,MI,49738,A,0000,N,S,1389,000000,A,B,,N,X,,,,,,,,,,00000,,3,1992-01-30,,1992-03-13,1993-07-15,2011-10-14 16:38:47 EDT
110870664,0552652,,RAINBOW MGMT INC,SOUTH END OF EVERGREEN RD,GAYLORD,MI,49735,A,0000,N,S,1389,000000,A,B,,N,X,,,,,,,3124 LOGAN VALLEY RD P O BOX 1604,TRAVERSE CITY,MI,49685,,1,1990-11-19,,1990-11-21,1996-02-08,2011-10-14 16:38:47 EDT
110883345,0552652,,GREWE & CO,6565 M 37 S,KINGSLEY,MI,49649,A,0000,N,S,1389,000000,A,B,,N,X,,,,,,,,,,00000,,20,1993-01-25,,1993-01-26,1993-08-05,2011-10-14 16:38:47 EDT
110883352,0552652,,BRONSON PRODUCTION INC,309 SEELEY RD,KALKASKA,MI,49646,A,0000,N,S,1381,000000,A,B,,N,X,,,,,,,PO BOX 999,KALKASKA,MI,49646,,50,1993-01-25,,1993-01-26,1993-05-13,2011-10-14 16:38:47 EDT
111445136,1055310,,AAA PUMP & DRILLING,411 SMELTER RD,GOLD BAR,WA,98256,A,0000,N,S,1381,000000,A,A,,B,,,,,,,,,,,00000,,2,1991-02-20,,1991-02-21,1991-10-15,2011-10-14 16:38:47 EDT
111448361,1055310,,BURLINGTON NORTHERN RAILROAD,BRIDGE: 1 MILE EAST OF 139TH ST NE,OSO,WA,98223,A,0000,N,S,1311,000000,A,D,I,A,,,,,,,,2900 BOND,EVERETT,WA,98201,,,1990-12-07,,1990-12-07,1990-12-07,2011-10-14 16:38:47 EDT
111458048,1055350,,FINLEY DRILLING CO INC,CROWN JEWEL PROJECT BUCKHORN MNT,CHESAW,WA,98844,A,0000,N,S,1381,000000,A,B,,B,,,,,,,,PO BOX 391,RATON,NM,87740,,11,1991-12-03,,1991-12-16,1992-03-10,2011-10-14 16:38:47 EDT
111516613,1055330,,R & R DRILLING INC,12110 24TH ST E,PUYALLUP,WA,98372,A,0000,N,S,1381,000000,A,A,,N,,,,,,,,,,,00000,,5,1990-01-17,,1990-02-22,1990-10-19,2011-10-14 16:38:47 EDT
111751509,0950641,,"COOPER AND BRAIN OIL CO., INC.",10200 JEFFERSON BLVD,CULVER CITY,CA,90230,A,0000,N,S,1389,000000,A,A,,N,,X,,,,,,"655 E. ""D"" ST.",WILMINGTON,CA,90748,,4,1991-11-18,,1991-12-06,1994-12-01,2011-10-14 16:38:47 EDT
111774691,0950612,,KINGS OIL TOOLS,"MOBIL OIL LEASE CORP, SARGEANTS CANYON RD",SAN ARDO,CA,93450,A,0000,N,S,1311,000000,A,A,,N,,,,,,,,P.O. BOX 441,SAN ARDO,CA,93450,,15,1993-08-10,,1993-08-10,1994-03-30,2011-10-14 16:38:47 EDT
111882221,0950622,,WELL TECH CORP.,HIGHWAY 12,FAIRFIELD,CA,94533,A,0000,N,S,1389,000000,A,D,C,A,,,,,,,,4101 WELLTECH WAY,BAKERSFIELD,CA,93308,,,1991-01-16,,1991-01-23,1991-01-23,2011-10-14 16:38:47 EDT
111886818,0950622,,"BLUE SKY DRILLING COMPANY, INC.",302 RIVER ROAD,RIO VISTA,CA,94571,A,0000,N,S,1381,000000,A,B,,B,,,,,,,,P.O. BOX 846,RIO VISTA,CA,94571,,40,1992-12-08,,1992-12-08,1993-01-15,2011-10-14 16:38:47 EDT
111897732,0950623,,TIM YOUNG SERVICE CO.,OFF CARNACK RD.,KNIGHTS LANDING,CA,95645,A,0000,N,S,1381,000000,A,B,,B,,,,,,,,P. O. BOX 370,RIO LINDA,CA,95673,,16,1991-01-04,,1991-01-04,1991-06-17,2011-10-14 16:38:47 EDT
111907739,0950623,,PAUL GRAHAM DRILLING & SERVICE CO.,"TUDOR RD., E. OF RECLAMATION RD.",SUTTER,CA,95982,A,0000,N,S,1381,000000,A,D,A,N,,,,,,,,P. O. BOX 669,RIO VISTA,CA,94571,N077    000009772,,1992-11-06,2008-01-31,1992-11-06,1992-11-17,2011-10-14 16:38:47 EDT
111916862,0950624,,HEXADYE DRILLING CORP.,MCDONALD ISLAND ABOUT 12 MILE OFF HWY.4,STOCKTON,CA,95205,A,0000,N,S,1381,000000,A,B,,B,,,,,,,,,,,00000,,8,1991-09-06,,1991-09-06,1993-03-23,2011-10-14 16:38:47 EDT
111921318,0950624,,WELL-TECH INC.,HIGHWAY 395 AND HIGHWAY 203,MAMMOTH LAKES,CA,93546,A,0000,N,S,1389,000000,A,B,,B,,,,,,,,4101 WELLTECH WAY,BAKERSFIELD,CA,93308,,5,1991-07-03,,1991-07-03,1991-07-31,2011-10-14 16:38:47 EDT
111926697,0950625,,K.M. SCRIVNER,256 E POLK,COALINGA,CA,93210,A,0000,N,H,1382,000000,A,B,,B,,,,,,,,,,,00000,,50,1990-08-28,,1990-11-02,1990-12-13,2011-10-14 16:38:47 EDT
111932240,0950625,,KERN BACKHOE SERVICE,P.O. BOX 5337,BAKERSFIELD,CA,93388,A,0000,N,S,1389,000000,A,A,,B,,,,,,,,,,,00000,,14,1991-11-01,,1991-11-01,1992-01-03,2011-10-14 16:38:47 EDT
111941035,0950626,,COASTAL CASING AND TUBING SERVICE,3232 H STREET,BAKERSFIELD,CA,93301,A,0000,N,S,1389,000000,A,B,,B,,,,,,,,3700 CHESTER AVE,BAKERSFIELD,CA,93301,,5,1990-07-06,,1990-08-02,1991-07-23,2011-10-14 16:38:47 EDT
111941282,0950626,,GARY DILLING COMPANY,7001 FRUITVALE EXTENSION,BAKERSFIELD,CA,93308,A,0000,N,S,1381,000000,A,B,,N,,,,,,,,,,,00000,,85,1990-07-24,,1990-08-01,1994-04-08,2011-10-14 16:38:47 EDT
111941753,0950626,,"J & G TOOL COMPANY, INC.",2543 SO. UNION AVE.,BAKERSFIELD,CA,93307,A,0000,N,S,1389,000000,A,B,,B,,,,,,,,,,,00000,,6,1990-08-16,,1990-09-05,1994-12-16,2011-10-14 16:38:47 EDT
111941845,0950626,,RICHARDSON & JOHNSON,HIGHWAY 33 AND KERN STREET,MARICOPA,CA,93252,A,0000,N,S,1389,000000,A,B,,B,,,,,,,,,,,00000,,1,1990-08-30,,1990-08-31,1990-08-31,2011-10-14 16:38:47 EDT
111941852,0950626,,WESTERN WELL SERVICE,518 MAIN STREET,TAFT,CA,93268,A,0000,N,S,1389,000000,A,B,,B,,,,,,,,,,,00000,,110,1990-08-27,,1990-09-26,1994-12-16,2011-10-14 16:38:47 EDT
111941878,0950626,,MMI SERVICES,6400 PRICE WAY,BAKERSFIELD,CA,93308,A,0000,N,S,1389,000000,A,B,,B,,,,,,,,,,,00000,,66,1990-08-29,,1990-10-03,1994-12-16,2011-10-14 16:38:47 EDT
111942314,0950626,,GARY DILLING COMPANY,7001 FRUITVALE EXTENSION,BAKERSFIELD,CA,93308,A,0000,N,S,1381,000000,A,B,,N,,,,,,,,,,,00000,,400,1990-09-14,,1990-10-09,1993-08-13,2011-10-14 16:38:47 EDT
111942421,0950626,,"WESTERN WELL SERVICE, INC.","SEC.15, 31S, R22, MDM, WELL 419, HWY. 33",TAFT,CA,93268,A,0000,N,S,1389,000000,A,B,,B,,,,,,,,P. O. BOX 1405,TAFT,CA,93268,,135,1990-10-09,,1990-11-01,1991-02-21,2011-10-14 16:38:47 EDT
111942579,0950626,,"PRIDE PETROLEUM SERVICES, INC.",18850 ORANGEBELT HIGHWAY,BAKERSFIELD,CA,93303,A,0000,N,S,1389,000000,A,B,,N,,,,,,,,P. O. BOX 1893,BAKERSFIELD,CA,93303,,650,1990-11-09,,1990-12-11,1991-10-10,2011-10-14 16:38:47 EDT
111942595,0950626,,GARY DRILLING,7001 FRUITVALE EXTENSION,BAKERSFIELD,CA,93308,A,0000,N,S,1381,000000,A,B,,B,,,,,,,,,,,00000,,5,1990-11-05,,1990-12-12,1994-12-16,2011-10-14 16:38:47 EDT
111942637,0950626,,GOLDEN STATE DRILLING CO.,3312 FRUITVALE AVE.,BAKERSFIELD,CA,93308,A,0000,N,S,1381,000000,A,B,,B,,,,,,,,,,,00000,,160,1990-11-21,,1990-12-18,1991-02-25,2011-10-14 16:38:47 EDT
111942645,0950626,,GENERAL PRODUCTION,HIGHWAY 33 & HENRY ROAD,TAFT,CA,93268,A,0000,N,S,1389,000000,A,B,,B,,,,,,,,P. O. BOX 344,TAFT,CA,93268,,3,1990-11-26,,1990-12-12,1994-12-16,2011-10-14 16:38:47 EDT
111942777,0950626,,HYLTON DRILLING COMPANY,7700 DOWNING AVE.,BAKERSFIELD,CA,93380,A,0000,N,S,1311,000000,A,B,,N,,,,,,,,P. O. BOX 80898,BAKERSFIELD,CA,93380,,5,1990-12-13,,1991-02-01,1994-12-16,2011-10-14 16:38:47 EDT
111942926,0950626,,ADVANCED PRODUCTION SERVICE,2525 MONTE CRISTO RD.,BAKERSFIELD,CA,93308,A,0000,N,S,1389,000000,A,D,B,,,,,,,,,,,,00000,,,1991-01-02,,1991-01-02,1991-01-11,2011-10-14 16:38:47 EDT
111942934,0950626,,ADVANCED PRODUCTION SERVICES,2525 MONTE CRISTO,BAKERSFIELD,CA,93308,A,0000,N,S,1389,000000,A,D,B,B,,,,,,,,,,,00000,,,1991-01-10,,1991-01-10,1991-01-11,2011-10-14 16:38:47 EDT
111943429,0950626,,GOLDEN STATE DRILLING CO.,3312 FRUITVALE AVE.,BAKERSFIELD,CA,93308,A,0000,N,S,1381,000000,A,A,,N,,,,,,,,,,,00000,,160,1991-02-19,,1991-02-20,1993-08-13,2011-10-14 16:38:47 EDT
111943551,0950626,,"GRAYSON SERVICE, INC.",7306 PEMBROKE AVE.,BAKERSFIELD,CA,93308,A,0000,N,S,1389,000000,A,B,,N,,,,,,,,,,,00000,,5,1991-02-21,,1991-04-02,1992-06-03,2011-10-14 16:38:47 EDT
111943734,0950626,,SHERIDAN DRILLING,"SECTION 29, TOWNSHIP 28S, RANGE 21E",MCKITTRICK,CA,93251,A,0000,N,S,1381,000000,A,B,,B,,,,,,,,PO BOX 1851,BAKERSFIELD,CA,93303,,4,1991-03-15,,1991-05-16,1991-07-19,2011-10-14 16:38:47 EDT
111943924,0950626,,POOL WELL SERVICE,7515 ROSEDALE HWY,BAKERSFIELD,CA,93308,A,0000,N,S,1389,000000,A,B,,B,,,,,,,,,,,00000,,200,1991-10-17,,1992-03-12,1992-04-24,2011-10-14 16:38:47 EDT
111944906,0950625,,CULLIVAN PUMPING SERVICE,HERMOSA RD.& COMMANCHE,EDISON,CA,93220,A,0000,N,S,1389,000000,A,B,,N,,,,,,,,P.O. BOX 1714,BAKERSFIELD,CA,93302,,5,1997-09-10,,1997-09-11,1998-02-23,2011-10-14 16:38:47 EDT
111944930,0950625,,"POOL CALIFORNIA ENERGY SERVICE, INC.",KERN RIVER TEXACO LEASE RIG # 1169,OILDALE,CA,93308,A,0000,N,S,1381,000000,A,B,,N,,,,,,,,7515 ROSEDALE HWY,BAKERSFIELD,CA,93308,,250,1997-08-28,,1997-11-25,1997-11-25,2011-10-14 16:38:47 EDT
111945192,0950626,,PRUETT INDSUTRIES,8915 ROSEDALE HWY,BAKERSFIELD,CA,93308,A,0000,N,S,1389,000000,A,A,,B,,,,,,,,,,,00000,,18,1991-04-30,,1991-05-08,1996-03-29,2011-10-14 16:38:47 EDT
111945291,0950626,,ICO TUBULAR SERVICE,2757 CHERRY AVE.,LONG BEACH,CA,90806,A,0000,N,S,1389,000000,A,D,A,B,,,,,,,,,,,00000,,,1991-05-14,,1991-05-14,1991-05-14,2011-10-14 16:38:47 EDT
111945390,0950626,,"KEN SMALL CONSTRUCTION, INC.",5024 AIRPORT DRIVE,BAKERSFIELD,CA,93308,A,0000,N,S,1389,000000,A,B,,N,,,,,,,,,,,00000,,10,1991-05-06,,1991-06-03,1994-12-16,2011-10-14 16:38:47 EDT
111945424,0950626,,GENERAL PRODUCTION SERVICE,"CHEVRON USA, WELL #544D, SECTION 26B",TAFT,CA,93268,A,0000,N,S,1389,000000,A,B,,B,,,,,,,,P. O. BOX 344,TAFT,CA,93268,,65,1991-05-14,,1991-05-16,1991-07-19,2011-10-14 16:38:47 EDT
111945457,0950626,,CLEVELAND DRILLING,4000 ALLEN ROAD,BAKERSFIELD,CA,93312,A,0000,N,S,1381,000000,A,B,,B,,,,,,,,,,,00000,,16,1991-05-17,,1991-05-17,1994-12-16,2011-10-14 16:38:47 EDT
111945564,0950626,,"LLOYD'S LEASE SERVICE, INC.","SANTA FE LEASE, SECTION 22G,CROCKER SPRINGS RD.",FELLOWS,CA,93224,A,0000,N,S,1389,000000,A,B,,B,,,,,,,,P. O. BOX 1064,TAFT,CA,93268,,1,1991-05-21,,1991-06-12,1991-07-19,2011-10-14 16:38:47 EDT
111945994,0950626,,POOL WELL SERVICE,7515 ROSEDALE HWY,BAKERSFIELD,CA,93308,A,0000,N,S,1389,000000,A,B,,B,,,,,,,,,,,00000,,200,1991-10-17,,1992-03-18,1994-12-16,2011-10-14 16:38:47 EDT
111946166,0950626,,LAFRENZ MECHANICAL,SANTA FE ENERGY - BELRIDGE LEASE,MCKITTRICK,CA,93251,A,0000,N,S,1389,000000,A,A,,B,,,,,,,,P. O. BOX 9254,BAKERSFIELD,CA,93389,,8,1991-11-13,,1991-11-18,1992-01-31,2011-10-14 16:38:47 EDT
111946174,0950626,,HOMCO INTERNATIONAL,3701 FRUITVALE AVE.,BAKERSFIELD,CA,93308,A,0000,N,S,1389,000000,A,B,,N,,,,,,,,,,,00000,,32,1991-11-18,,1991-12-03,1994-12-16,2011-10-14 16:38:47 EDT
111946380,0950626,,"TOTAL ENERGY SERVICES, INC.","SECTION 31, TOWNSHIP 295, RANGE 21E",MCKITTRICK,CA,93251,A,0000,N,S,1389,000000,A,B,,N,,,,,,,,4004 SOUTH ENOS LANE,BAKERSFIELD,CA,93312,,3,1991-12-03,,1991-12-05,1993-12-01,2011-10-14 16:38:47 EDT
111946802,0950626,,GARY DRILLING,7001 FRUITVALE EXTENSION,BAKERSFIELD,CA,93308,A,0000,N,S,1381,000000,A,B,,B,,,,,,,,,,,00000,,15,1992-05-05,,1992-06-22,1994-12-16,2011-10-14 16:38:47 EDT
111946828,0950626,,CALIFORNIA PRODUCTION SERVICE,19030 JAMES ROAD,BAKERSFIELD,CA,93308,A,0000,N,S,1389,000000,A,B,,N,,,,,,,,,,,00000,,250,1992-05-12,,1992-06-01,1994-12-16,2011-10-14 16:38:47 EDT
111946877,0950626,,"PRIDE PETROLEUM SERVICES, INC.",18850 ORANGEBELT HIGHWAY,BAKERSFIELD,CA,93303,A,0000,N,S,1389,000000,A,B,,N,,,,,,,,P. O. BOX 1893,BAKERSFIELD,CA,93303,,5,1992-05-14,,1992-06-26,1994-12-16,2011-10-14 16:38:47 EDT
111947198,0950626,,NABORS LOFFLAND DRILLING COMPANY,RIG #5 WELL #152-B-7,CHINA LAKE,CA,93542,A,0000,N,S,1381,000000,A,B,,N,,,,,,,,P.O. BOX 418,BAKERSFIELD,CA,93302,,110,1992-06-05,,1992-06-05,1993-12-01,2011-10-14 16:38:47 EDT
111947719,0950626,,RENT-A-HAND SERVICES,RIG 18 CHEVRON LEASE IN CYMRIC,MCFARLAND,CA,93250,A,0000,N,S,1389,000000,A,B,,N,,,,,,,,3624 PIERCE RD SU 19,BAKERSFIELD,CA,93308,,1,1992-12-03,,1993-02-19,1993-04-05,2011-10-14 16:38:47 EDT
111947800,0950626,,"C.J.S. ELECTRIC, INC.",MOBILE LEASE HWY 33,MARICOPA,CA,93252,A,0000,N,S,1389,000000,A,B,,N,,,,,,,,PO BOX K,TAFT,CA,93268,,28,1993-03-24,,1993-03-31,1993-03-31,2011-10-14 16:38:47 EDT
111947883,0950626,,"PRIDE PETROLEUM SERVICES, INC.",18850 ORANGEBELT HIGHWAY,BAKERSFIELD,CA,93303,A,0000,N,S,1389,000000,A,B,,N,,,,,,,,P. O. BOX 1893,BAKERSFIELD,CA,93303,,3,1993-04-07,,1993-04-15,1993-04-15,2011-10-14 16:38:47 EDT
111948006,0950626,,"SLICKLINE, INC.",NAVAL RESERVE CENTER,TUPMAN,CA,93276,A,0000,N,S,1389,000000,A,B,,N,,,,,,,,3015 STEAM COURT,BAKERSFIELD,CA,93308,,8,1993-04-21,,1993-06-24,1994-12-16,2011-10-14 16:38:47 EDT
111948154,0950626,,WEST COAST PIPING INSPECTION,32798 LERDO HWY,BAKERSFIELD,CA,93308,A,0000,N,S,1389,000000,A,B,,N,,,,,,,,,,,00000,,22,1993-05-19,,1993-06-22,1994-12-16,2011-10-14 16:38:47 EDT
111948667,0950626,,HALLIBURTON RESERVOIR SERVICES,ARCO YOWLUMNI 38X-3 LOCATION,MARICOPA,CA,93252,A,0000,N,S,1389,000000,A,D,A,,,,,,,,,275 QUAIL COURT,SANTA PAULA,CA,93060,,,1993-07-01,,1993-07-01,1993-08-16,2011-10-14 16:38:47 EDT
111949079,0950626,,MCFARLAND ENERGY,19263 PANAMA LANE,BAKERSFIELD,CA,93311,A,0000,N,S,1381,000000,A,B,,N,,,,,,,,1436 LOCAL RD,FELLOWS,CA,93224,,6,1993-08-25,,1993-10-13,1994-12-16,2011-10-14 16:38:47 EDT
111949087,0950626,,CLEVELAND DRILLING,4000 ALLEN ROAD,BAKERSFIELD,CA,93312,A,0000,N,S,1381,000000,A,B,,N,,,,,,,,,,,00000,,3,1993-08-27,,1993-12-07,1994-12-16,2011-10-14 16:38:47 EDT
111949186,0950626,,POOL WELL SERVICE,MOBILE LEASE,LOST HILLS,CA,93249,A,0000,N,S,1389,000000,A,B,,N,,,,,,,,7515 ROSEDALE HIGHWAY,BAKERSFIELD,CA,93308,,3,1993-09-14,,1994-01-27,1997-03-31,2011-10-14 16:38:47 EDT
111949434,0950626,,ATLANTIC OIL COMPANY,7146 VINELAND ROAD,BAKERSFIELD,CA,93307,A,0000,N,S,1381,000000,A,B,,N,,,,,,,,,,,00000,,4,1993-11-01,,1993-11-22,1994-03-24,2011-10-14 16:38:47 EDT
111949541,0950626,,TOTAL ENERGY SERVICES,TISDEL WELL #43-22,BAKERSFIELD,CA,93308,A,0000,N,S,1389,000000,A,B,,N,,,,,,,,4004 SO. ENOS LANE,BAKERSFIELD,CA,93312,,3,1993-12-03,,1993-12-28,1994-12-16,2011-10-14 16:38:47 EDT
111949574,0950626,,"CUMMINGS VACUUM SERVICE, INC",SWEPI PALOMA FIELD WELL #3835,BAKERSFIELD,CA,93311,A,0000,N,S,1389,000000,A,B,,N,,,,,,,,5221 OFFICE PARK DRIVE SUITE 300,BAKERSFIELD,CA,93309,,1,1993-12-17,,1994-02-01,1994-02-15,2011-10-14 16:38:47 EDT
111949582,0950626,,PRIDE PETROLEUM SERVICES,SWEPI PALOMA FIELD WELL #3835,BAKERSFIELD,CA,93311,A,0000,N,S,1389,000000,A,B,,N,,,,,,,,18850 ORANGEBELT HWY,BAKERSFIELD,CA,93308,,4,1993-12-17,,1994-02-01,1994-02-15,2011-10-14 16:38:47 EDT
111949673,0950626,,TEXACO E&P,YMK LEASE WELL #1 KERN RIVER FIELD,OILDALE,CA,93308,A,0000,N,S,1381,000000,A,B,,N,,,,,,,,PO BOX 5197X,BAKERSFIELD,CA,93388,,3,1994-01-12,2011-01-05,1994-02-10,2011-01-05,2011-10-14 16:38:47 EDT
111949830,0950626,,PRIDE PETROLEUM SERVICES,"SWEPI, MT POSO WELL #538",BAKERSFIELD,CA,93308,A,0000,N,S,1389,000000,A,B,,N,,,,,,,,18550 ORANGEBELT HWY.,BAKERSFIELD,CA,93308,,3,1994-01-31,,1994-02-15,1994-04-20,2011-10-14 16:38:47 EDT
111949905,0950626,,PARCO DRILLING,NPR-1  WELL #934-29R,ELK HILLS,CA,93309,A,0000,N,S,1381,000000,A,B,,N,,,,,,,,5401 BUSINESS PARK SOUTH  SU 206,BAKERSFIELD,CA,93309,,5,1994-02-08,,1994-06-02,1994-07-09,2011-10-14 16:38:47 EDT
111950002,0950626,,ARCO OIL AND GAS,2 MILES WEST OF HWY 43 ON HWY 119,BAKERSFIELD,CA,93302,A,0000,N,S,1381,000000,A,B,,N,,,,,,,,P.O. BOX 147,BAKERSFIELD,CA,93302,,50,1994-02-23,,1994-03-23,1994-12-16,2011-10-14 16:38:47 EDT
111950218,0950626,,"TOTAL OILFIELD SERVICES, INC.",ARCO SECTION 12 LEASE,TAFT,CA,93268,A,0000,N,S,1389,000000,A,B,,N,,,,,,,,2811 FRUITVALE AVE.,BAKERSFIELD,CA,93389,,3,1994-04-19,,1994-05-04,1994-07-09,2011-10-14 16:38:47 EDT
111950226,0950626,,PRIDE PETROLEUM SERVICES,"BECHTEL PETROLEUM, ELK HILLS",BAKERSFIELD,CA,93308,A,0000,N,S,1389,000000,A,B,,N,,,,,,,,18850 ORANGEBELT HWY,BAKERSFIELD,CA,93308,,3,1994-04-20,,1994-06-29,1997-03-31,2011-10-14 16:38:47 EDT
111951158,0950625,,PROVAC,SANTA FE ENERGY RES. KING ELLIS LEASE,SOUTH BELRIDGE,CA,93268,A,0000,N,S,1389,000000,A,B,,N,,,,,,,,P. O. BOX 153,TAFT,CA,93268,,1,1994-09-20,,1995-01-04,1995-02-14,2011-10-14 16:38:47 EDT
111951836,0950625,,CALIFORNIA PRODUCTION SERVICE,"KERN RIVER OIL FIELD, TEXACO LEASE, WELL#41-CORTEZ",BAKERSFIELD,CA,93308,A,0000,N,S,1389,000000,A,B,,N,,,,,,,,1954 JAMES ROAD,BAKERSFIELD,CA,93308,,3,1995-01-24,,1995-05-03,1995-06-19,2011-10-14 16:38:47 EDT
111952081,0950626,,GARY DRILLING,"ARCO LEASE, MIDWAY SUNSET OILFIELD",MARICOPA,CA,93252,A,0000,N,S,1381,000000,A,B,,N,,,,,,,,7001 CHARITY AVENUE,BAKERSFIELD,CA,93308,,4,1994-05-06,,1994-05-23,1994-07-09,2011-10-14 16:38:47 EDT
111955159,0950625,,POOL CALIFORNIA ENERGY SERVICE,SANTA FE ENERGY,FELLOWS,CA,93224,A,0000,N,S,1389,000000,A,B,,N,,,,,,,,7515 ROSEDALE HIGHWAY,BAKERSFIELD,CA,93308,,3,1995-09-29,,1996-01-17,1996-01-17,2011-10-14 16:38:47 EDT
111955530,0950625,,PRIDE PETROLEUM,TEXACO LEASE,BAKERSFIELD,CA,93309,A,0000,N,S,1389,000000,A,B,,N,,,,,,,,18350 ORANGE BELT HIGHWAY,BAKERSFIELD,CA,93308,,3,1995-10-26,,1996-01-16,1996-01-16,2011-10-14 16:38:47 EDT
111960266,0950623,,GARY DRILLING,RIG #14,YUBA CITY,CA,95991,A,0000,N,S,1389,000000,A,A,,B,,,,,,,,P. O. BOX 5218,BAKERSFIELD,CA,93388,,13,1991-11-22,,1991-11-22,1992-02-03,2011-10-14 16:38:47 EDT
111967451,0950623,,PAUL GRAHAM DRILLING,RECLAMATION ROAD NEAR PELGER,ROBBINS,CA,95676,A,0000,N,S,1381,000000,A,B,,N,,,,,,,,P.O. BOX 669,RIO VISTA,CA,94571,,12,1995-03-21,,1995-03-21,1995-06-19,2011-10-14 16:38:47 EDT
111967550,0950623,,PAUL GRAHAM DRILLING,"REISCHI, N. MERIDIAN ROAD",MERIDIAN,CA,95957,A,0000,N,S,1381,000000,A,A,,N,,,,,,,,P.O. BOX 669,RIO VISTA,CA,94571,,13,1995-08-22,,1995-08-24,1997-04-23,2011-10-14 16:38:47 EDT
111970059,0950623,,GARY DRILLING,OFF OSWALD & BOLTON ROADS,YUBA CITY,CA,95991,A,0000,N,S,1389,000000,A,A,,B,,,,,,,,7001 FRUITVALE EXTENSION,BAKERSFIELD,CA,93308,,18,1991-11-22,,1991-11-22,1992-02-05,2011-10-14 16:38:47 EDT
111978060,0950631,,CHEVRON USA INC,1300 S BEACH BLVD,LA HABRA,CA,90633,A,0000,N,S,1311,000000,A,A,,B,X,,,,,,,,,,00000,,15,1991-03-20,,1991-03-20,1991-03-22,2011-10-14 16:38:47 EDT
111979126,0950631,,TOTAL ENERGY SERVICES,4004 S ENOS LN,BAKERSFIELD,CA,93312,A,0000,N,S,1381,000000,A,D,C,N,,,,,,,,6631 ELLIS,HUNTINGTON BEACH,CA,92648,,,1991-10-16,,1992-04-17,1992-08-10,2011-10-14 16:38:47 EDT
111981221,0950631,,OIL WELL SERVICES,1531 BREA CANYON RD.,BREA,CA,92621,A,0000,N,S,1389,000000,A,A,,B,,,,,,,,1241 E. BURNETT,LONG BEACH,CA,92621,,5,1991-07-25,,1991-07-26,1991-08-06,2011-10-14 16:38:47 EDT
112009758,0950632,,C & L DRILLING INC,7001 GENTRY RD,CALIPATRIA,CA,92233,A,0000,N,S,1381,000000,A,B,,Y,,X,,,,,,1303 W BAUGHMAN,BRAWLEY,CA,92227,,25,1991-07-26,,1992-01-05,1992-03-31,2011-10-14 16:38:47 EDT
112016282,0950625,,BROOKS OILFIELD SERVICE,KERN RIVER OIL FIELDS,BAKERSFIELD,CA,93308,A,0000,N,S,1389,000000,A,B,,N,,,,,,,,2900 WEAR STREET,BAKERSFIELD,CA,93308,,15,1996-07-15,,1996-09-18,1997-08-08,2011-10-14 16:38:47 EDT
112017363,0950625,,BELLAIRE OIL COMPANY,TS 28S - R27E - SEC 15,BAKERSFIELD,CA,93308,A,0000,N,S,1311,000000,A,B,,N,,,,,,,,1601 SKYWAY DRIVE,BAKERSFIELD,CA,93308,N068    000015861,12,1999-12-31,,2000-03-27,2001-02-09,2011-10-14 16:38:47 EDT
112067764,0950633,,FOOTHILL ENGINEERING CO,1010 PACIFIC AVE,CORONA,CA,91719,A,0000,N,S,1381,000000,A,A,,N,,,,,,,,905 E 3RD ST,CORONA,CA,91719,,39,1992-01-28,,1992-03-31,1993-01-28,2011-10-14 16:38:47 EDT
112068259,0950634,,"GSI OF CALIFORNIA, INC",13539 E FOSTER RD,SANTA FE SPRINGS,CA,90670,A,0000,N,S,1389,000000,A,A,,B,,,,,,,,,,,00000,,9,1991-11-22,,1991-11-22,1991-11-27,2011-10-14 16:38:47 EDT
112077185,0950635,,SIGNAL WELL SERVICE,3307 EAST 19TH STREET,LONG BEACH,CA,90804,A,0000,N,S,1389,000000,A,B,,B,,,,,,,,,,,00000,,83,1990-07-11,,1990-09-11,1990-09-17,2011-10-14 16:38:47 EDT
112078704,0950635,,CBI NA-CON INC.,3700 W. 190TH STREET,TORRANCE,CA,90509,A,0000,N,S,1389,000000,A,B,,B,,,,,,,,11001 ETIWANDA AVE.  P.O.BOX 2500,FONTANA,CA,92335,,800,1990-07-26,,1990-09-05,1990-09-07,2011-10-14 16:38:47 EDT
112079819,0950635,,"FINLEY OIL WELL SERVICE, INC.",2945 JUNIPERO,SIGNAL HILL,CA,90745,A,0000,N,S,1382,000000,A,A,,B,,X,,,,,,,,,00000,,5,1990-10-05,,1990-11-05,1990-11-15,2011-10-14 16:38:47 EDT
112082284,0950635,,REPUBLIC DRILLING CO.,800 HARBOR SERVICE DR.,LONG BEACH,CA,90802,A,0000,N,S,1381,000000,A,A,,B,,X,,,,,,,,,00000,,15,1990-09-28,,1990-10-05,1990-11-15,2011-10-14 16:38:47 EDT
112118609,0950641,,STOCKER RESOURCES INC,5640 S. FAIRFAX AVE.,LOS ANGELES,CA,90056,A,0000,N,S,1311,000000,A,B,,N,X,,,,,,,1353 S. SPAULDING AVE.,LOS ANGELES,CA,90019,N090    000006801,6,1991-09-30,2008-01-18,1991-11-27,1994-06-29,2011-10-14 16:38:47 EDT
112121066,0950626,,NABORS LOFFLAND DRILLING COMPANY,RIG #57 WELL 0LM6820 COSO JUNCTION RD,LITTLE LAKE,CA,93542,A,0000,N,S,1381,000000,A,B,,B,,,,,,,,P.O. BOX 418,BAKERSFIELD,CA,93308,,88,1991-10-04,,1991-11-04,1994-12-16,2011-10-14 16:38:47 EDT
112121272,0950626,,CLEVELAND DRILLING,4000 ALLEN ROAD,BAKERSFIELD,CA,93312,A,0000,N,S,1381,000000,A,B,,N,,,,,,,,,,,00000,,20,1992-07-02,,1992-08-04,1992-10-13,2011-10-14 16:38:47 EDT
112121454,0950626,,"TEXACO EXPLORATION & PRODUCTION, INC.",1546 CHINA GRADE LOOP,BAKERSFIELD,CA,93388,A,0000,N,S,1311,000000,A,B,,N,,,,,,,,PO BOX 5997X,BAKERSFIELD,CA,93388,,500,1992-09-16,,1993-01-27,1994-12-16,2011-10-14 16:38:47 EDT
112121611,0950626,,GOLDEN STATE DRILLING CO.,3312 FRUITVALE AVE.,BAKERSFIELD,CA,93308,A,0000,N,S,1381,000000,A,B,,N,,,,,,,,,,,00000,,4,1992-10-06,,1993-01-19,1994-12-16,2011-10-14 16:38:47 EDT
112121785,0950626,,BOLLER WELL SERVICE,SEC 31 T28S R28E  KERN RIVER FIELD,BAKERSFIELD,CA,93308,A,0000,N,S,1389,000000,A,B,,B,,,,,,,,3212 OLYMPIC DRIVE,BAKERSFIELD,CA,93308,,3,1991-09-09,,1991-09-12,1991-09-18,2011-10-14 16:38:47 EDT
112121801,0950626,,NABORS LOFFLAND DRILLING COMPANY,RIG #57 WELL 0LM6820 COSO JUNCTION RD,LITTLE LAKE,CA,93542,A,0000,N,S,1381,000000,A,A,,N,,,,,,,,P.O. BOX 418,BAKERSFIELD,CA,93308,,88,1991-09-10,,1991-09-23,1994-12-16,2011-10-14 16:38:47 EDT
112122023,0950626,,MCFARLAND ENERGY,19263 PANAMA LANE,BAKERSFIELD,CA,93311,A,0000,N,S,1381,000000,A,B,,B,,,,,,,,1436 LOCAL RD,FELLOWS,CA,93224,,2,1991-09-26,,1991-10-10,1994-12-16,2011-10-14 16:38:47 EDT
112122049,0950626,,BILL  MUNDY EQUIPMENT,ONE MILE WEST OF NORD RD ON KRANANBURG AVE,BAKERSFIELD,CA,93312,A,0000,N,S,1389,000000,A,B,,N,,,,,,,,1730 CALLOWAY,BAKERSFIELD,CA,93312,,4,1991-10-03,,1991-11-27,1992-03-04,2011-10-14 16:38:47 EDT
112122593,0950626,,CLEVELAND DRILLING,APPROXIMATELY 1/2 MI S. OF W. MINERALS RD,MARICOPA,CA,93312,A,0000,N,S,1381,000000,A,B,,B,,,,,,,,4000 ALLEN ROAD,BAKERSFIELD,CA,93312,,16,1991-07-01,,1991-07-03,1994-04-08,2011-10-14 16:38:47 EDT
112122858,0950626,,PRIDE PETROLEUM,MOBILE OIL LEASE HWY 33 & KERTO RD,BAKERSFIELD,CA,93308,A,0000,N,S,1389,000000,A,B,,N,,,,,,,,,,,00000,,200,1992-03-10,,1992-04-06,1992-05-12,2011-10-14 16:38:47 EDT
112123542,0950626,,W & S SERVICES,30197 RIVERSIDE AVENUE,SHAFTER,CA,93263,A,0000,N,S,1389,000000,A,B,,N,,,,,,,,,,,00000,,8,1992-01-02,,1992-01-03,1994-12-16,2011-10-14 16:38:47 EDT
112123591,0950626,,COASTAL CASING AND TUBING SERVICE,3232 H STREET,BAKERSFIELD,CA,93301,A,0000,N,S,1389,000000,A,B,,N,,,,,,,,3700 CHESTER AVE,BAKERSFIELD,CA,93301,,5,1992-01-07,,1992-02-24,1994-12-16,2011-10-14 16:38:47 EDT
112123609,0950626,,MMI SERVICES,6400 PRICE WAY,BAKERSFIELD,CA,93308,A,0000,N,S,1389,000000,A,B,,B,,,,,,,,,,,00000,,105,1992-01-10,,1992-02-24,1994-12-16,2011-10-14 16:38:47 EDT
112123690,0950626,,"PRIDE PETROLEUM SERVICES, INC.",18850 ORANGEBELT HIGHWAY,BAKERSFIELD,CA,93303,A,0000,N,S,1389,000000,A,B,,N,,,,,,,,P. O. BOX 1893,BAKERSFIELD,CA,93303,,4,1992-01-15,,1992-02-11,1994-12-16,2011-10-14 16:38:47 EDT
112123708,0950626,,"PRIDE PETROLEUM SERVICES, INC.",18850 ORANGEBELT HIGHWAY,BAKERSFIELD,CA,93303,A,0000,N,S,1389,000000,A,B,,N,,,,,,,,P. O. BOX 1893,BAKERSFIELD,CA,93303,,5,1992-05-19,,1992-06-23,1993-08-05,2011-10-14 16:38:47 EDT
112124300,0950626,,"TEXACO EXPLORATION & PRODUCTION, INC.","SECTION 32, TOWNSHIP 285, RANGE 28E",BAKERSFIELD,CA,93308,A,0000,N,S,1381,000000,A,B,,B,,,,,,,,P. O. BOX 5197 X,BAKERSFIELD,CA,93388,,200,1991-07-11,,1991-11-05,1992-01-31,2011-10-14 16:38:47 EDT
112124664,0950626,,THE INDUSTRIAL COMPANY  (TIC),3124 PATTON WAY,BAKERSFIELD,CA,93308,A,0000,N,S,1389,000000,A,B,,N,,,,,,,,,,,00000,,150,1991-07-16,,1991-09-17,1994-12-16,2011-10-14 16:38:47 EDT
112124730,0950626,,TEXACO U S A,"SECTION 15, TOWNSHIP 31S, RANGE 22E",FELLOWS,CA,93224,A,0000,N,S,1311,000000,A,B,,B,,,,,,,,26251 HIGHWAY 33,FELLOWS,CA,93224,,3,1991-07-18,,1991-08-09,1991-10-10,2011-10-14 16:38:47 EDT
112125083,0950626,,"KEN SMALL CONSTRUCTION, INC.",5024 AIRPORT DRIVE,BAKERSFIELD,CA,93308,A,0000,N,S,1389,000000,A,B,,N,,,,,,,,,,,00000,,3,1991-08-12,,1991-09-27,1992-03-05,2011-10-14 16:38:47 EDT
112125125,0950626,,COASTAL CASING & TUBING,"WELL #358, SECTION 345",ELK HILLS,CA,93308,A,0000,N,S,1389,000000,A,B,,N,,,,,,,,3700 CHESTER AVE,BAKERSFIELD,CA,93301,,5,1991-08-19,,1991-09-22,1994-12-16,2011-10-14 16:38:47 EDT
112125885,0950626,,"NORMAN WIRELINE, INC.","SECT 2, TOWNSHIP 29S, R21 E",MCKITTRICK,CA,03251,A,0000,N,S,1389,000000,A,A,,B,,,,,,,,3504 STANDARD #10,BAKERSFIELD,CA,93308,,1,1991-04-05,,1991-04-24,1991-11-07,2011-10-14 16:38:47 EDT
112125893,0950626,,PRIDE PETROLEUM SERVICES,"SEC 2, TOWNSHIP 29S, R 21 E",MCKITTRICK,CA,93251,A,0000,N,S,1389,000000,A,B,,B,,,,,,,,1050 WOOD ST,TAFT,CA,93268,,5,1991-04-05,,1991-04-05,1994-12-16,2011-10-14 16:38:47 EDT
112127345,0950635,,FOSS ENVIRONMENTAL,BERTH D-47 PIER D,LONG BEACH,CA,90802,A,0000,N,S,1389,000000,A,B,,N,,,,,,,,7440 W MARGINAL WAY SOUTH,SEATTLE,WA,98108,,75,1993-08-17,,1993-08-17,1994-02-10,2011-10-14 16:38:47 EDT
112129721,0950635,,ENVIROPUR WEST CORPORATION,1835 E 29TH ST,SIGNAL HILL,CA,90806,A,0000,N,S,1311,000000,A,A,,N,X,,,,,,,2651 E WALNUT ST,SIGNAL HILL,CA,90806,N056    000009416,160,1995-02-07,2010-09-29,1995-05-04,2010-09-01,2011-10-14 16:38:47 EDT
112130927,0950635,,POOL COMPANY,1850 E 33RD ST,LONG BEACH,CA,90801,A,0000,N,S,1389,000000,A,B,,N,,,,,,,,,,,00000,N056    000007855,50,1993-01-12,2008-03-03,1993-01-25,1993-01-25,2011-10-14 16:38:47 EDT
112131107,0950635,,"SUNDE COMPANY, INC.","KRAEMER LEASE, VISTA ST. AND ROSE DR.",PLACENTIA,CA,92670,A,0000,N,S,1389,000000,A,B,,N,,,,,,,,1444 E HILL ST,LONG BEACH,CA,90806,,26,1993-05-05,,1993-06-22,1994-02-10,2011-10-14 16:38:47 EDT
112131479,0950635,,THUMS,ISLAND GRISM,LONG BEACH,CA,90802,A,0000,N,S,1311,000000,A,B,,N,,,,,,,,300 OCEANGATE STE 200,LONG BEACH,CA,90802,,200,1994-03-04,,1994-04-15,1995-07-19,2011-10-14 16:38:47 EDT
112134564,0950635,,SIGNAL HILL PETROLEUM,19TH ST AND REDONDO AVE,LONG BEACH,CA,90806,A,0000,N,S,1389,000000,A,B,,N,X,,,,,,,2700 COMBELLACK DR,SIGNAL HILL,CA,90806,,32,1992-11-17,,1992-12-11,1994-02-10,2011-10-14 16:38:47 EDT
112135934,0950635,,CALIFORNIA PRODUCTION SERVICE,19431 S SANTA FE AV,RANCHO DOMINGUEZ,CA,90221,A,0000,N,S,1389,000000,A,B,,B,X,,,,,,,,,,00000,,15,1992-03-31,,1992-04-22,1992-04-22,2011-10-14 16:38:47 EDT
112163167,0950642,,PENNZOIL,3430 E. 26TH ST.,VERNON,CA,90023,A,0000,N,S,1311,000000,A,B,,B,X,,,,,,,,,,00000,,37,1992-09-24,,1993-01-06,1993-01-15,2011-10-14 16:38:47 EDT
112167788,0950643,,"CALIFORNIA OILFIELD MAINTENANCE, INC.",25121 N. SIERRA HWY.,NEWHALL,CA,91351,A,0000,N,S,1389,000000,A,B,,B,X,,,,,,,P.O. BOX 696,NEWHALL,CA,91322,,55,1990-07-31,,1990-09-05,1990-09-17,2011-10-14 16:38:47 EDT
112180328,0950643,,OILWELL SERVICE COMPANY,PLACERITA CYN - HWY 14,NEWHALL,CA,91321,A,0000,N,S,1381,000000,A,B,,N,,,,,,,,3501 FRUITVALE AVE.,BAKERSFIELD,CA,93308,N078    000023408,50,1997-02-19,2006-10-17,1997-05-23,1998-06-12,2011-10-14 16:38:47 EDT
112211339,0950645,,ENGEL & GRAY INC,3602 HARRIS GRADE RD.,LOMPOC,CA,93436,A,0000,N,S,1389,000000,A,B,,Y,,,,,,,,,,,00000,N071    000003671,2,1991-03-07,2008-02-13,1991-03-08,1992-10-30,2011-10-14 16:38:47 EDT
112216221,0950645,,STREAM ENERGY INC.,PERKINS RD.,NEW CUYAMA,CA,93254,A,0000,N,S,1311,000000,A,B,,N,X,,,,,,,P.O. BOX 179,CUYAMA,CA,93254,,14,1990-11-08,,1990-11-08,1995-07-27,2011-10-14 16:38:47 EDT
112216817,0950645,,TEXACO USA,VENTURA AVE. LEASE,VENTURA,CA,93001,A,0000,N,S,1311,000000,A,B,,Y,,,,,,,,133 W. SANTA CLARA ST.,VENTURA,CA,93001,,70,1990-12-10,,1991-01-14,1991-01-14,2011-10-14 16:38:47 EDT
112216841,0950645,,VAN CONSTRUCTION CO.,"TEXACO LEASE, VENTURA AVE.",VENTURA,CA,90001,A,0000,N,S,1389,000000,A,A,,N,,,,,,,,1585 LIRIO AVE.,SATICOY,CA,93004,,40,1990-12-17,,1991-01-14,1991-01-15,2011-10-14 16:38:47 EDT
112218466,0950645,,"VENTURA PETROLEUM SERVICES, INC.",736 MISSION ROCK RD.,SANTA PAULA,CA,93060,A,0000,N,S,1389,000000,A,A,,B,,,,,,,,P.O. BOX 6812,SANTA PAULA,CA,93060,,50,1990-10-15,,1990-12-17,1991-02-07,2011-10-14 16:38:47 EDT
112218854,0950645,,HOMCO INC.,1224 E. SANTA CLARA ST.,SANTA PAULA,CA,93060,A,0000,N,S,1389,000000,A,B,,N,,,,,,,,,,,00000,,6,1992-11-16,,1993-02-08,1993-03-29,2011-10-14 16:38:47 EDT
112221494,0950645,,"CALIFORNIA PRODUCTION SERVICE, INC.","SHELL LEASE, NORTH VENTURA AVE.",VENTURA,CA,93001,A,0000,N,S,1381,000000,A,B,,B,,,,,,,,2567 N. VENTURA AVE.,VENTURA,CA,93002,,125,1992-04-06,,1992-04-23,1992-04-23,2011-10-14 16:38:47 EDT
112221569,0950645,,"WELL TECH, INC.",UNION SUGAR 5-71 STA. MARIA VALLEY OILFIELD,SANTA MARIA,CA,93454,A,0000,N,S,1381,000000,A,B,,B,,,,,,,,2850 SANTA MARIA WAY,SANTA MARIA,CA,93454,,2,1991-06-20,,1991-09-03,1992-06-01,2011-10-14 16:38:47 EDT
112223516,0950645,,"PRIDE PETROLEUM SERVICES, INC.",SANTA FE ENERGY RINCON LEASE,VENTURA,CA,93001,A,0000,N,S,1389,000000,A,B,,A,,,,,,,,"P.O. BOX 1893, 18850 ORANGEBELT HWY",BAKERSFIELD,CA,93303,,75,1991-05-14,,1991-08-28,1991-08-29,2011-10-14 16:38:47 EDT
112224605,0950645,,POOL COMPANY,275 QUAIL COURT,SANTA PAULA,CA,93060,A,0000,N,S,1381,000000,A,B,,N,,,,,,,,,,,00000,,45,1991-01-14,,1991-02-20,1991-04-01,2011-10-14 16:38:47 EDT
112229216,0950644,,BEYLIK DRILLING INC.,PROCTOR & 7TH,INDUSTRY,CA,91744,A,0000,N,S,1381,000000,A,A,,N,,,,,,,,1920 MAIN STREET #210,IRVINE,CA,92714,N087    000010526,3,1995-05-12,2008-02-21,1995-05-13,1996-05-14,2011-10-14 16:38:47 EDT
112229448,0950644,,BEYLIK DRILLING INC.,PROCTOR & 7TH,INDUSTRY,CA,91744,A,0000,N,S,1381,000000,A,A,,N,,,,,,,,1920 MAIN STREET #210,IRVINE,CA,92714,,3,1995-05-24,,1995-05-24,1995-05-24,2011-10-14 16:38:47 EDT
113325211,0830300,,L. D. SCOGGINS,10 MILES EAST,DICKINSON,ND,58601,A,0000,Y,S,1389,000000,A,A,,N,,,,,,,,RR #2,WILLISTON,ND,58801,,1,1996-02-21,,1996-02-21,1996-02-27,2011-10-14 16:38:47 EDT
113333298,0830300,,"NABORS DRILLING USA, INC.",EIGHT MILES SW OF TIOGA,TIOGA,ND,58852,A,0000,Y,S,1381,000000,A,A,,N,X,,,,,,,P.O. BOX 2396,WILLISTON,ND,58801,N169    000005470,20,1998-01-05,,1998-01-06,2000-06-05,2011-10-14 16:38:47 EDT
114088073,0213600,,ARROW OIL FIELD SERVICE DIV. CANTON OIL & GAS CO,60 NICHOLES AVENUE,WESTFIELD,NY,14787,A,0000,N,S,1389,000000,A,B,,N,,,,,,,,,,,00000,,5,1995-06-29,,1995-06-29,1995-10-27,2011-10-14 16:38:47 EDT
114498280,0454712,,MATRIX SERVICE MIDCONTINENT INC,5 MAIN STREET,NASHVILLE,TN,37219,A,0000,N,S,1389,000000,A,A,,N,X,,,,,,,10701 E. UTE,TULSA,OK,74116,N125    000022042,300,1992-07-09,2008-03-14,1993-01-07,1994-01-21,2011-10-14 16:38:47 EDT
114613367,0855610,,CANNON OIL & GAS WELL SERVICE,"JD #3, RIG #11/3B, PAINTER RESERVOIR UNIT",EVANSTON,WY,82931,A,0000,Y,H,1311,000000,A,A,,N,,,,X,,,,P.O. BOX 2086,ROCK SPRINGS,WY,82931,N037    000008210,20,1993-01-30,,1993-01-31,1993-04-19,2011-10-14 16:38:47 EDT
114614274,0855610,,CHAMPION WELL SERVICE INC,1/4 MI S OF HWY 50 ON BELL RD,GILLETTE,WY,82716,A,0000,N,S,1389,000000,A,A,,N,X,,,,,,,P.O. BOX 4222,GILLETTE,WY,82717,N037    000008534,7,1993-11-19,2007-11-30,1993-11-19,1994-05-18,2011-10-14 16:38:47 EDT
114614530,0855610,,FRONTIER WELL SERVICE INC,"NE OF DOUGLAS, WALKER CREEK RD, COUNTY RD 43",DOUGLAS,WY,82633,A,0000,Y,S,1389,000000,A,A,,N,X,,,,,,,PO BOX 1090,CASPER,WY,82602,N037    000008670,25,1994-04-04,2007-12-21,1994-04-05,1994-07-19,2011-10-14 16:38:47 EDT
114616535,0855610,,SST ENERGY CORPORATION,"JD#3, RIG#56",GRANGER,WY,82934,A,0000,N,S,1381,000000,A,A,,N,X,,,,,,,8901 WEST YELLOWSTONE,CASPER,WY,82604,,175,1992-07-08,,1992-07-09,1993-01-04,2011-10-14 16:38:47 EDT
114617665,0855610,,H B & R INC,I-80 WEST OF GRANGER EXIT,GRANGER,WY,82934,A,0000,N,S,1389,000000,A,A,,N,X,,,,,,,53-21ST WEST,DICKINSON,ND,58601,N037    000008632,95,1993-12-09,2008-01-07,1993-12-11,1994-07-11,2011-10-14 16:38:47 EDT
114617939,0855610,,NOWCAN SERVICES,"JD #9, ENRON'S NORTH LABARGE UNIT #55-17",BIG PINEY,WY,83113,A,0000,Y,S,1389,000000,A,A,,N,X,,,,,,,P.O. BOX 1086,ROCK SPRINGS,WY,82901,N037    000008608,25,1994-02-06,2008-01-23,1994-02-09,1994-04-19,2011-10-14 16:38:47 EDT
114618861,0855610,,KCS MOUNTAIN RESOURCES INC,"JD 5, SEC. 28, T50N, R92W",MANDERSON,WY,82432,A,0000,Y,S,1311,000000,A,B,,N,X,,,,,,,P. O. BOX 78,WORLAND,WY,82401,N037    000010111,35,1997-11-15,2008-01-15,1997-12-18,1998-05-05,2011-10-14 16:38:47 EDT
114619265,0855610,,EIDEN CONSTRUCTION LLC,"UNIT 15,SEC36,SE,NW,T29N,R113W",BIG PINEY,WY,83113,A,0000,N,S,1389,000000,A,A,,N,X,,,,,,,PO BOX 4280,MARBLETON,WY,83113,N037    000008457,15,1993-09-02,2007-12-14,1993-09-03,1994-01-10,2011-10-14 16:38:47 EDT
114619380,0855610,,"NORTH STAR OIL FIELD SERVICE, INC.",220 BLAKE AVENUE,LA BARGE,WY,83123,A,0000,Y,S,1389,000000,A,A,,N,X,,,,,,,P.O. BOX 147,LA BARGE,WY,83123,,9,1993-10-23,,1993-10-23,1994-01-26,2011-10-14 16:38:47 EDT
114619711,0855610,,"WIND CREEK SERVICES, INC.","JD #6, RIG #2",MOORCROFT,WY,82721,A,0000,Y,S,1389,000000,A,A,,N,X,,,,,,,P.O. BOX 312,MOORCROFT,WY,82721,,3,1994-11-28,,1994-11-29,1996-02-15,2011-10-14 16:38:47 EDT
114623150,0855610,,POLK DRILLING COMPANY,"JD #9, KOEHLER DRAW 1 FED. MKM",JEFFREY CITY,WY,82310,A,0000,N,S,1311,000000,A,A,,B,X,,,,,,,22 QUAIL DR.,RIVERTON,WY,82501,,1,1991-01-16,,1991-01-16,1991-04-18,2011-10-14 16:38:47 EDT
114624489,0855610,,RHS OPERATING INC,"JD #2, RIG #1",HANNA,WY,82327,A,0000,N,S,1389,000000,A,A,,N,X,,,,,,,P.O. BOX 592,EASTLAND,TX,76448,N037    000005968,3,1990-09-27,2008-02-01,1990-10-03,1992-04-17,2011-10-14 16:38:47 EDT
114626286,0855610,,RON'S CONTRACT PUMPING SERVICE,"JD #6, VI BAR RANCH CORP. #1",MOORCROFT,WY,82721,A,0000,N,S,1389,000000,A,A,,B,X,,,,,,,P.O. BOX 710,MOORCROFT,WY,82721,,1,1990-10-29,,1990-10-31,1991-01-29,2011-10-14 16:38:47 EDT
114628183,0855610,,NABORS DRILLING USA LP,DEAD MAN ROAD 7.8 MILES NW OF D RD,MOORCROFT,WY,82721,A,0000,Y,S,1381,213111,A,A,,N,X,,,,,,,6500 WEST ZERO ROAD,CASPER,WY,82604,N037    000009855,500,1997-03-06,2009-02-05,1997-03-06,1997-10-27,2011-10-14 16:38:47 EDT
114628332,0855610,,NOWCAM SERVICES,MARY DRAW FEDERAL #F34-26G WELL SITE,BILL,WY,82631,A,0000,Y,S,1389,000000,A,A,,N,X,,,,,,,P.O. BOX 309,MILLS,WY,82644,N037    000006301,15,1991-01-31,2008-01-23,1991-02-02,1991-04-15,2011-10-14 16:38:47 EDT
114632516,0855610,,KOBBE CONSTRUCTION,16 MI. N. ON HWY 295,POWELL,WY,82435,A,0000,N,S,1389,000000,A,A,,B,X,,,,,,,535 E. 7TH,POWELL,WY,82435,,15,1991-11-17,,1991-11-19,1992-04-08,2011-10-14 16:38:47 EDT
114633357,0855610,,TRUE DRILLING LLC,"JD #3, RIG #23",KEMMERER,WY,83101,A,0000,Y,S,1381,000000,A,A,,N,X,,,,,,,895 W. RIVER CROSS ROADS,CASPER,WY,82601,N037    000007517,80,1991-12-01,2008-02-14,1991-12-01,1992-03-13,2011-10-14 16:38:47 EDT
114638034,0855610,,"ENSERCH EXPLORATION, INC.","JD #8, RIG #16",DOUGLAS,WY,82633,A,0000,Y,S,1311,000000,A,A,,N,X,,,,,,,"301 S. HARWOOD, STE 760 WEST",DALLAS,TX,75201,,1,1994-07-19,,1994-07-20,1994-12-19,2011-10-14 16:38:47 EDT
114639792,0855610,,ECONOSERVICE INC,"JD #6, RIG #62",NEWCASTLE,WY,82701,A,0000,Y,S,1389,000000,A,A,,N,X,,,,,,,P.O. BOX 3560,CASPER,WY,82602,N037    000008720,3,1994-05-25,2007-12-14,1994-05-26,1994-07-18,2011-10-14 16:38:47 EDT
114639925,0855610,,CYCLONE DRILLING INC,5800 MOHAN,GILLETTE,WY,82716,A,0000,Y,S,1389,000000,A,A,,N,X,,,,,,,P.O. BOX 908,GILLETTE,WY,82716,N037    000007621,75,1994-07-02,2007-11-30,1994-07-02,1994-10-10,2011-10-14 16:38:47 EDT
114779820,0552652,,"VAN COL OIL COMPANY, INC.",SECTION #21 - T24N - R1E,ROSE CITY,MI,48654,A,0000,N,S,1389,000000,A,B,,B,X,,,,,,,,,,00000,,1,1991-08-07,,1991-08-08,1991-10-28,2011-10-14 16:38:47 EDT
114809486,0552652,,S & I OIL FIELD SERVICES INC,3828 S BLUE STAR DR,TRAVERSE CITY,MI,49684,A,0000,N,S,1389,000000,A,D,C,N,X,,,,,,,P O BOX 280,GRAWN,MI,49637,N176    000014574,1,1994-06-28,,1994-06-28,1994-07-12,2011-10-14 16:38:47 EDT
114864895,0552652,,BIGARD DRILLING CO,1315 N MISSION,MT PLEASANT,MI,48858,A,0000,N,S,1381,000000,A,B,,N,X,,,,,,,,,,00000,,17,1994-04-15,,1994-04-21,1994-06-14,2011-10-14 16:38:47 EDT
114864911,0552652,,BRONSON PRODUCTION INC,309 SEELEY RD,KALKASKA,MI,49646,A,0000,N,S,1381,000000,A,B,,N,X,,,,,,,PO BOX 999,KALKASKA,MI,49646,,60,1994-04-06,,1994-05-02,1995-01-09,2011-10-14 16:38:47 EDT
114936081,0552652,,MIKE'S STEAMER SERVICE,355 SEELEY ROAD,KALKASKA,MI,49648,A,0000,N,S,1389,000000,A,B,,N,X,,,,,,,P.O. BOX 1260,KALKASKA,MI,49648,,36,1992-06-22,,1992-06-22,1992-08-11,2011-10-14 16:38:47 EDT
114938699,0552652,,GOODALE ENTERPRISE,O 21 FENNESSEY SW,GRAND RAPIDS,MI,49503,A,0000,N,S,1311,000000,A,B,,N,X,,,,,,,,,,00000,N176    000011743,15,1992-09-28,,1992-10-02,1993-01-12,2011-10-14 16:38:47 EDT
115084899,0751910,,HALLIBURTON ENERGY SERVICES,2761 PORT NEAL CIRCLE,SIOUX CITY,IA,51102,A,0000,N,S,1389,000000,A,B,,N,,X,,,,,,"4000 NORTH BIG SPRINGS, SUITE 200",MIDLAND,TX,79705,N084    000014161,10,1997-02-26,2004-06-28,1997-02-28,1997-05-30,2011-10-14 16:38:47 EDT
115138513,0653510,,J C WELL SERVICE,SEC 28 T29N R12W,FARMINGTON,NM,87402,A,0000,N,S,1389,000000,A,B,,N,,,,,,,,P. O. BOX 51,FARMINGTON,NM,87402,,8,1993-10-21,,1993-10-22,1994-02-18,2011-10-14 16:38:47 EDT
115140477,0653510,,PETERSON DRILLING,PETERSON RIG #5,LOVINGTON,NM,88240,A,0000,N,S,1381,000000,A,A,,N,,X,,,,,,909 BELL PLACE,HOBBS,NM,88240,,4,1995-04-18,,1995-04-18,1995-05-12,2011-10-14 16:38:47 EDT
115140733,0653510,,EUNICE WELL SERVICE,SHINNERY NM STATE D #4,BUCKEYE,NM,88241,A,0000,Y,S,1389,000000,A,B,,N,,,,,,,,320 N. TURNER,HOBBS,NM,88240,N023    000015235,45,1994-11-01,2008-05-22,1994-12-14,1995-02-13,2011-10-14 16:38:47 EDT
115142176,0653510,,TEXACO,DAGER DRAW TANK BATTERY,ARTESIA,NM,88211,A,0000,Y,H,1389,000000,A,A,,N,,,,,,,,DAGER DRAW TANK BATTERY,ARTESIA,NM,88210,N023    000005742,3,1994-10-03,2012-12-12,1994-12-21,1995-01-06,2012-12-14 02:25:54 EST
115153025,0653510,,AMOCO EXPLOR. AND PROD. SAN JUAN OPERATIONS CENTER,200 AMOCO COURT,FARMINGTON,NM,87401,A,0000,Y,S,1311,000000,A,B,,N,,,,,,,,,,,00000,,159,1996-05-06,,1996-05-08,1996-07-25,2011-10-14 16:38:47 EDT
115153363,0653510,,BIG A WELL SERVICE,700 S. TUCKER AVE.,FARMINGTON,NM,87401,A,0000,N,S,1381,000000,A,B,,N,,,,,,,,PO DRAWER 3337,FARMINGTON,NM,87499,,230,1996-05-15,,1996-05-17,1996-07-24,2011-10-14 16:38:47 EDT
115556292,0625400,,H & K OIL FIELDS SERVICES INC.,RIEGEL #1,CALDWELL,TX,77836,A,0000,N,H,1381,000000,A,B,,B,,,,,,,,P.O. BOX 566,CALDWELL,TX,77836,,32,1990-08-27,,1990-08-30,1990-12-18,2011-10-14 16:38:47 EDT
115556326,0625400,,SEISMOGRAPH SERVICE CORPORATION,BROWN LEASE OFF COUNTY RD #481,GONZALES,TX,78629,A,0000,N,S,1382,000000,A,A,,B,X,,,,,,,"8323 SW FREEWAY, STE 101",HOUSTON,TX,77074,,5,1991-02-15,,1991-02-19,1991-04-04,2011-10-14 16:38:47 EDT
116002635,0728900,,"STEWART CONSTRUCTION, INC.",6 MILES SOUTH OF PALISADE,PALISADE,NE,69040,A,0000,N,H,1389,000000,A,B,,N,,,,,,,,P.O. BOX 673,MCCOOK,NE,69001,,4,1996-02-29,,1996-08-01,1997-12-31,2011-10-14 16:38:47 EDT
116037409,0317500,,UNION DRILLING COMPANY,3117 WASHINGTON PIKE,"BRIDGEVILLE,",PA,15017,A,0000,N,H,1381,000000,A,B,,N,,,,,,,,,,,00000,N091    000011700,4,1992-06-04,2008-10-08,1992-11-16,1994-07-25,2011-10-14 16:38:47 EDT
116044900,0317500,,S.W. JACK DRILLING COMPANY,"MILLER NO. 001, RD 1, PARKS TOWNSHIP/ARMSTRONG CO.",VANDERGRIFT,PA,15690,A,0000,N,S,1381,000000,A,B,,B,,,,,,,,"43 S. 9TH STREET, P.O. BOX 697",INDIANA,PA,15701,,11,1991-11-12,,1991-12-17,1992-01-24,2011-10-14 16:38:47 EDT
116240433,0316400,,AJAX PIPE LINE COMPANY,2043 WILSON STREET,DUNBAR,WV,25064,A,0000,N,S,1311,000000,A,A,,N,,,,,,,,PO BOX 6190,CHARLESTON,WV,25362,,7,1994-08-15,,1994-10-17,1995-04-20,2011-10-14 16:38:47 EDT
116256017,0626700,,"KVAERNER NATIONAL, INC.",2680 GREENBUSCH ROAD,KATY,TX,77494,A,0000,N,S,1389,000000,A,B,,N,,,,,,,,1255 N. POST OAK ROAD,HOUSTON,TX,77055,,2,1994-06-16,,1994-10-21,1995-03-10,2011-10-14 16:38:47 EDT
116256462,0626700,,"WESTERN GAS RESOURCES STORAGE, INC.",2680 GREENBUSCH ROAD,KATY,TX,77494,A,0000,N,S,1381,000000,A,A,,N,,,,,,,,,,,00000,N010    000003342,33,1994-06-20,,1994-10-21,1995-01-11,2011-10-14 16:38:47 EDT
116256470,0626700,,"WILLIAM SOUTHWEST DRILLING COMPANY, INC.",2680 GREENBUSCH ROAD,KATY,TX,77494,A,0000,N,S,1381,000000,A,B,,N,,,,,,,,P.O.BOX 260735,CORPUS CHRISTI,TX,78426,,17,1994-06-20,,1994-11-02,1995-03-10,2011-10-14 16:38:47 EDT
116266560,0626700,,DSTJ CORPORATION,3368 STEINHAGEN ROAD,BEAUMONT,TX,77705,A,0000,N,S,1311,000000,A,B,,N,,X,,,,,,269 PARISH STREET,MONTGOMERY,TX,77356,,8,1997-07-02,,1997-07-08,1998-03-06,2011-10-14 16:38:47 EDT
116267691,0626700,,"GREAT GUNS, INC.",GILBERT WOODS FIELD,FANNETT,TX,77705,A,0000,Y,S,1389,000000,A,B,,N,,X,,,,,,P.O. BOX 1027,SOUR LAKE,TX,77659,,12,1997-07-08,,1997-07-08,1998-05-05,2011-10-14 16:38:47 EDT
116276353,0316400,,"ANGUS ENERGY, INCORPORATED",BBQ RUN,GLENVILLE,WV,26351,A,0000,N,S,1389,000000,A,B,,N,,,,,,,,P.O. BOX 178,GLENVILLE,WV,26351,,9,1996-02-20,,1996-03-19,1997-02-03,2011-10-14 16:38:47 EDT
116317504,0626300,,"BROOKS WELL SERVICING, INC.",2406 HWY 135 N,KILGORE,TX,75662,A,0000,Y,S,1389,000000,A,B,,N,,,,,,,,,,,00000,,30,1996-08-23,,1996-08-23,1997-02-12,2011-10-14 16:38:47 EDT
116399189,0626000,,R & R OILFIELD SERVICES,7619 UP RIVER RD,CORPUS CHRISTI,TX,78409,A,0000,N,S,1389,000000,A,B,,N,,,,,,,,,,,00000,N168    000013325,40,1995-10-04,2008-04-03,1995-10-04,1996-02-01,2011-10-14 16:38:47 EDT
116402074,0626000,,TRANS TEXAS GAS CORPORATION,HWY. 359,LAREDO,TX,78067,A,0000,Y,S,1381,000000,A,B,,N,,,,,,,,P. O. BOX 1908,LAREDO,TX,78043,N168    000009769,10,1996-02-06,,1996-02-07,1996-08-15,2011-10-14 16:38:47 EDT
116402355,0626000,,TRANS TEXAS GAS CORPORATION,"HEIRS #3, HWY. 83, 28 MI. SOUTH OF",ZAPATA,TX,78076,A,0000,Y,S,1381,000000,A,A,,N,,,,,,,,P. O. BOX 1908,LAREDO,TX,78043,N168    000009793,460,1996-02-15,,1996-02-16,1996-11-20,2011-10-14 16:38:47 EDT
116440009,0418300,,J B HUBBERT DBA J B OIL FIELD SERVICE,HWY 49,VERNON,AL,35592,A,0000,Y,S,1389,000000,A,B,,N,,,,,,,,P.O. BOX 1368,VERNON,AL,35592,,2,1995-07-26,,1995-11-29,1996-02-28,2011-10-14 16:38:47 EDT
116489709,0627100,,WHITING PETROLEUM,"MAGNOLIA FIELD, SNACKOVER POOL UNIT",MAGNOLIA,AR,71753,A,0000,N,S,1382,000000,A,B,,N,X,,,,,,,"1700 BROADWAY, SUITE 2300",DENVER,CO,80290,,8,1998-02-25,,1998-02-25,1998-08-06,2011-10-14 16:38:47 EDT
116493685,0316400,,"WARREN DRILLING COMPANY, INC.",ARMSTRONG CREEK,POWELLTON,WV,25161,A,0000,N,S,1381,000000,A,A,,N,,,,,,,,BOX 103,DEXTER CITY,OH,45727,N127    000013332,12,2000-10-09,,2000-10-19,2001-05-22,2011-10-14 16:38:47 EDT
116523382,0316400,,S.W. JACK DRILLING,CROOK #1,PULLMAN,WV,26512,A,0000,Y,S,1381,000000,A,A,,N,,X,,,,,,POST OFFICE BOX 48,BUCKHANNON,WV,26201,N127    000011670,115,1998-09-24,,1998-12-21,1999-05-13,2011-10-14 16:38:47 EDT
117895052,0830100,,SCHLUMBERGER GECO-PRAKLA,STATION 5373 LINE 1283 NEPS CIRCLE 3D,RICHEY,MT,59259,A,0000,N,S,1382,000000,A,B,,N,,,,,,,,"9900 W INTERSTATE 20, SUITE 104",MIDLAND,TX,79706,,42,1997-11-18,,1997-11-18,1997-11-18,2011-10-14 16:38:47 EDT
117897413,0830100,,"D & D OILFIELD SERVICE, INC.",4232 SH ELOB S.E. OF BAKER,BAKER,MT,59313,A,0000,N,H,1389,000000,A,A,,N,,,,,,,,PO BOX 482,BAKER,MT,59313,,4,1997-03-10,,1997-04-11,1997-05-22,2011-10-14 16:38:47 EDT
119508422,0625400,,"PATTERSON ENERGY, INC.",COUNTY ROAD 262,CALDWELL,TX,77836,A,0000,N,S,1381,000000,A,B,,N,X,,,,,,,P.O. DRAWER 1416,SNYDER,TX,79549,,15,1991-07-30,,1991-08-02,1992-06-03,2011-10-14 16:38:47 EDT
119508687,0625400,,"LACY WELL SERVICE, INC.","VICTORY #2, N. COUNTY RD 334",CALDWELL,TX,77836,A,0000,N,S,1389,000000,A,A,,N,,,,,,,,P.O. BOX 5639,WHARTON,TX,77805,,5,1991-04-24,,1991-04-26,1993-02-03,2011-10-14 16:38:47 EDT
119638708,0950612,,"ROBERT HEELEY, INC.",SARGEANT CAYNON ROAD,SAN ARDO,CA,93450,A,0000,N,S,1389,000000,A,A,,N,,,,,,,,PO BOX 3620,PASO ROBLES,CA,93447,N069    000016519,15,1999-09-20,2007-06-18,1999-09-23,2007-06-18,2011-10-14 16:38:47 EDT
119691855,0950612,,"WESTERN DRILLING, INC",ALVARDO AVENUE (AERA OIL FIELD #49),SAN ARDO,CA,93450,A,0000,N,S,1381,213111,A,B,,N,,,,,,,,P O BOX 1405,TAFT,CA,93268,N069    000021431,5,2004-10-08,2006-08-08,2004-10-29,2004-10-29,2011-10-14 16:38:47 EDT
119717700,0950612,,KINGS OIL TOOLS,"MOBIL OIL LEASE CORP, SARGEANTS CANYON RD",SAN ARDO,CA,93450,A,0000,N,S,1311,000000,A,B,,N,,,,,,,,P.O. BOX 441,SAN ARDO,CA,93450,N069    000009512,12,1995-09-07,2008-03-18,1995-09-08,1995-09-21,2011-10-14 16:38:47 EDT
119754125,0950621,,PAUL GRAHAM DRILLING & SERVICE CO,WALNUT BAYOU LANE,WINTERS,CA,95694,A,0000,N,S,1381,000000,A,B,,N,,,,,,,,P.O.BOX 669,RIO VISTA,CA,94571,N092    000010149,4,1992-06-26,2008-04-21,1992-11-16,1992-11-16,2011-10-14 16:38:47 EDT
119763696,0950625,,GARY DRILLING,"MIDWAY SUNSET FIELD, RIG #9, S28 T12N R24W",MARICOPA,CA,93252,A,0000,N,S,1381,000000,A,B,,N,,,,,,,,7001 CHARITY AVENUE,BAKERSFIELD,CA,93308,,4,1995-07-13,,1995-11-06,1996-01-16,2011-10-14 16:38:47 EDT
119790962,0950664,,AERA ENERGY LLC,59231 MAIN CAMP RD,MC KITTRICK,CA,93251,A,0000,N,S,1311,211111,A,B,,Y,X,,,,,,,,,,00000,N056    000016587,6,2008-11-21,2009-02-02,2008-12-23,2008-12-29,2011-10-14 16:38:47 EDT
119791507,0950624,,WEST HAZ MAT DRILLING,211 GRAND STREET,MODESTO,CA,95350,A,0000,N,S,1389,000000,A,B,,N,,,,,,,,1016 EAST KATELLA AVE,ANAHEIM,CA,95742,,14,1994-01-07,2016-06-03,1994-01-20,2011-01-05,2016-06-30 01:10:52 EDT
119832459,0950664,,GOLDEN STATE DRILLING,1958 CHINA GRADE LOOP,BAKERSFIELD,CA,93308,A,0000,N,S,1381,213111,A,B,,N,X,,,,,,,3500 FRUITVALE AVE,BAKERSFIELD,CA,93308,N056    000016429,300,2008-08-05,2008-10-17,2008-10-10,2008-10-10,2011-10-14 16:38:47 EDT
119869139,0950642,,SUNDE COMPANY OIL WELLS,17810 CENTRAL AVE.,COMPTON,CA,90220,A,0000,N,S,1381,000000,A,B,,N,,,,,,,,1444 E. HILL STREET,LONG BEACH,CA,90806,N062    000009858,1,1995-02-15,2007-05-14,1995-02-28,2007-05-12,2011-10-14 16:38:47 EDT
119880995,0950631,,UNOCAL,OLINDA OIL FIELD,BREA,CA,92621,A,0000,N,S,1381,000000,A,A,,Y,,,,,,,,9645 SO. SANTA FE SPRINGS RD.,SANTA FE SPRINGS,CA,90670,N085    000009130,13,1993-08-02,,1993-08-13,2003-05-12,2011-10-14 16:38:47 EDT
119903680,0950645,,CLARK ENGINEERING,3055 PAL COAST HWY.,VENTURA,CA,93004,A,0000,N,S,1311,000000,A,B,,N,X,,,,,,,2235 N. VENTURA AVE.,OXNARD,CA,93001,,36,1995-06-15,,1995-06-20,1996-10-16,2011-10-14 16:38:47 EDT
119904530,0950645,,VINTAGE PETROLEUM,19424 S. MOUNTAIN RD.,SANTA PAULA,CA,93060,A,0000,N,S,1311,000000,A,B,,N,,,,,,,,555 W. PACIFIC COAST HWY.,VENTURA,CA,91001,,9,1995-05-12,,1995-05-16,1996-07-17,2011-10-14 16:38:47 EDT
119906519,0950645,,"CALIFORNIA PRODUCTION SERVICE, INC.","SHELL OIL CO. LEASE, TAYLOR LEASE, WELL NO. 644",VENTURA,CA,93002,A,0000,N,S,1311,000000,A,B,,N,,,,,,,,2567 N. VENTURA AVENUE,VENTURA,CA,93002,,3,1994-06-22,,1994-09-07,1995-08-28,2011-10-14 16:38:47 EDT
119907400,0950645,,"PRIDE PETROLEUM SERVICE COMPANY, INC.","OIL RIG 423, VINTAGE C10A, HWY 101 AND SEACLIFF",VENTURA,CA,93001,A,0000,N,H,1311,000000,A,B,,N,,,,,,,,18850 ORANGEBELT HWY.,BAKERSFIELD,CA,93303,N071    000009949,250,1994-08-10,2007-05-23,1994-08-11,2007-05-23,2011-10-14 16:38:47 EDT
119914141,0950645,,CALIFORNIA PRODUCTION SERVICE INC.,3055 PACIFIC COAST HWY.,VENTURA,CA,93003,A,0000,N,S,1311,000000,A,B,,N,,,,,,,,2567 N. VENTURA AVE.,VENTURA,CA,93002,,100,1992-09-21,,1992-09-25,1993-01-26,2011-10-14 16:38:47 EDT
119914687,0950645,,CALIFORNIA PRODUCTION SERVICE,"OIL FIELD, TAYLOR LEASE AREA",VENTURA,CA,93309,A,0000,N,S,1311,000000,A,B,,N,X,,,,,,,"1001 TOWER WAY, SUITE 110",BAKERSFIELD,CA,93309,N071    000008778,3,1993-05-24,2008-02-04,1993-06-24,1995-07-24,2011-10-14 16:38:47 EDT
119940518,0950643,,PACIFIC INSPECTION,2910 WEAR ST.,BAKERSFIELD,CA,93308,A,0000,N,S,1389,000000,A,B,,N,,,,,,,,3003 FAIRHAVEN DR.,BAKERSFIELD,CA,93308,N078    000025249,30,1999-09-15,,1999-12-22,1999-12-30,2011-10-14 16:38:47 EDT
119941557,0950643,,KEY ENERGY SERVICES INC.,RIG 409 AERA BELRIDGE PATRINO WELL #MR41K,MCKITTRICK,CA,93251,A,0000,N,S,1389,000000,A,B,,N,,,,,,,,18835 HWY. 65,BAKERSFIELD,CA,93308,N078    000026066,3,2000-05-22,2006-10-31,2000-08-15,2006-10-27,2011-10-14 16:38:47 EDT
119941573,0950643,,CUMMINGS VACUUM SERVICE INC.,"TEXACO LEASE, NEAR 222 MIXING PAD",FELLOWS,CA,93224,A,0000,N,S,1389,000000,A,B,,N,,,,,,,,1300 ROBERTS LANE,BAKERSFIELD,CA,93308,N078    000026070,1,2000-05-24,2006-10-26,2000-08-22,2006-10-25,2011-10-14 16:38:47 EDT
119941789,0950643,,NABORS DRILLING USA INC.,RIG 479 - ELK HILLS,TUPMAN,CA,93276,A,0000,N,S,1381,000000,A,B,,N,,,,,,,,3919 ROSEDALE HWY.,BAKERSFIELD,CA,93308,N078    000026305,9,2000-08-14,,2000-11-16,2002-11-13,2011-10-14 16:38:47 EDT
119941797,0950643,,TRC OPERATING COMPANY INC.,26407 HWY. 33,FELLOWS,CA,93224,A,0000,N,S,1311,000000,A,A,,N,,,,,,,,P.O. BOX 227,TAFT,CA,93268,N078    000026306,1,2000-08-16,,2000-11-17,2001-03-21,2011-10-14 16:38:47 EDT
119941821,0950643,,AERA ENERGY LLC,"AERA ENERGY LLC, METSON LEASE, SECT. 24T11N/R23W",MARICOPA,CA,93252,A,0000,N,S,1381,000000,A,A,,N,,,,,,,,29235 HWY. 33,MARICOPA,CA,93252,N078    000026308,1,2000-09-20,,2000-11-21,2000-12-13,2011-10-14 16:38:47 EDT
119941854,0950643,,TORCH RIG SERVICES,6810 DOWNING AVE.,BAKERSFIELD,CA,93308,A,0000,N,S,1389,000000,A,B,,N,,,,,,,,,,,00000,N078    000026199,3,2000-10-02,2008-01-28,2001-03-15,2001-03-19,2011-10-14 16:38:47 EDT
119941896,0950643,,WESTERN DRILLING DBA WESTERN WELL SERVICE,"RIG 42 SENECA OIL, CHEROKEE LEASE",FELLOWS,CA,93224,A,0000,N,S,1389,000000,A,A,,N,,,,,,,,P.O. BOX 1405,TAFT,CA,93268,N078    000026328,3,2000-10-18,,2001-01-16,2001-04-10,2011-10-14 16:38:47 EDT
119942027,0950643,,KVS TRANSPORTATION INC.,"AERA ENERGY L.L.C., BELRIDGE AREA",MCKITTRICK,CA,93251,A,0000,N,S,1389,000000,A,A,,N,,,,,,,,P.O. BOX 5295,BAKERSFIELD,CA,93388,N078    000026407,1,2000-12-12,,2001-03-28,2002-03-13,2011-10-14 16:38:47 EDT
119942068,0950643,,CENTRAL VALLEY TONG SERVICE,"WELL L3H, N PALM/MCCOMBS RD.",WASCO,CA,93280,A,0000,N,S,1389,000000,A,B,,N,,,,,,,,P.O. BOX 562,BUTTONWILLOW,CA,93206,N078    000026414,5,2000-12-28,,2001-05-08,2001-05-23,2011-10-14 16:38:47 EDT
119942142,0950643,,GARY DRILLING COMPANY,RIG 11-ENRON OIL & GAS PURPLE TIGER LEASE WELL 5-,WASCO,CA,93280,A,0000,N,S,1381,000000,A,B,,N,,,,,,,,7001 CHARITY AVENUE,BAKERSFIELD,CA,93308,N078    000026501,6,2001-01-18,,2001-04-20,2001-04-30,2011-10-14 16:38:47 EDT
119942381,0950643,,GENERAL PRODUCTION SERVICE INC.,1333 KERN STREET,TAFT,CA,93268,A,0000,N,S,1389,000000,A,B,,N,,,,,,,,P.O. BOX 344,TAFT,CA,93268,N078    000026869,5,2001-04-04,,2001-06-27,2002-11-15,2011-10-14 16:38:47 EDT
119942423,0950643,,KEY ENERGY SERVICES INC.,"RIG 406 AREA ENERGY WELL 7502A-2, BELRIDGE",MCKITTRICK,CA,93251,A,0000,N,S,1389,000000,A,B,,N,,,,,,,,18835 HWY. 65,BAKERSFIELD,CA,93308,N078    000026881,4,2001-04-23,2006-11-16,2001-07-03,2006-11-07,2011-10-14 16:38:47 EDT
119942498,0950643,,LUFKIN INDUSTRIES INC.,2500 PARKER LANE,BAKERSFIELD,CA,93308,A,0000,N,S,1389,000000,A,B,,N,,,,,,,,,,,00000,N078    000026725,70,2001-05-07,,2001-06-20,2001-08-20,2011-10-14 16:38:47 EDT
119942803,0950643,,ALLOY CONSTRUCTION,701 GARDNER FIELD ROAD,TAFT,CA,93268,A,0000,N,S,1389,000000,A,B,,N,,,,,,,,P.O. BOX 661,TAFT,CA,93268,N078    000027002,4,2001-08-22,,2001-10-29,2002-04-15,2011-10-14 16:38:47 EDT
119943611,0950643,,NABORS DRILLING,ELK HILLS,TAFT,CA,93305,A,0000,N,S,1382,000000,A,B,,N,,,,,,,,3919 ROSEDALE HWY.,BAKERSFIELD,CA,93308,N078    000025751,250,2000-05-10,,2000-09-01,2002-04-15,2011-10-14 16:38:47 EDT
119950798,0950633,,SOUTHWEST PUMP & DRILLING,85820 AVE 52,COACHELLA,CA,92236,A,0000,N,S,1381,213111,A,A,,N,,,,,,,,53381 HWY 111,COACHELLA,CA,92236,N088    000018897,22,2002-08-27,2011-04-08,2003-02-18,2003-02-18,2011-10-14 16:38:47 EDT
119974814,0950625,,GARY DRILLING COMPANY,"SECTION 3, TOWNSHIP 29S, RANGE 28E",BAKERSFIELD,CA,93306,A,0000,N,S,1381,000000,A,B,,N,,,,,,,,7001 CHARITY AVE.,BAKERSFIELD,CA,93308,,356,1998-01-26,,1998-02-02,1998-11-20,2011-10-14 16:38:47 EDT
119975043,0950625,,K.M. SCRIVNER,256 E POLK,COALINGA,CA,93210,A,0000,N,S,1389,000000,A,B,,N,,,,,,,,,,,00000,N068    000000894,65,1998-03-24,2007-11-28,1998-04-16,1999-09-23,2011-10-14 16:38:47 EDT
119975050,0950625,,J E MERIT CONSTRUCTORS INC,39405 S DERRICK,COALINGA,CA,93210,A,0000,N,S,1389,000000,A,B,,N,,,,,,,,5201 CALIFORNIA AVE #320,BAKERSFIELD,CA,93309,,40,1998-03-23,,1998-04-09,1998-09-23,2011-10-14 16:38:47 EDT
119975563,0950625,,CHAPARRAL PETROLEUM,TS 28S RD 27E S10,BAKERSFIELD,CA,93308,A,0000,N,S,1311,000000,A,D,B,,,,,,,,,134 E. NORRIS RD,BAKERSFIELD,CA,93308,,,1998-08-21,,1998-08-21,1998-08-28,2011-10-14 16:38:47 EDT
119979243,0950625,,GRAYSON SERVICE INC,VINELAND RD & RED BANK,BAKERSFIELD,CA,93307,A,0000,N,S,1389,000000,A,B,,N,,,,,,,,4004 S ENOS LN,BAKERSFIELD,CA,93312,N068    000016404,50,2000-12-05,,2000-12-06,2001-03-07,2011-10-14 16:38:47 EDT
119994408,0950632,,ANDERSON DRILLING,NAVAJO RD & LAKE MURRAY BLVD.,SAN DIEGO,CA,92119,A,0000,N,S,1381,000000,A,D,C,,,,,,,,,,,,00000,,,1993-07-27,,1993-07-27,1993-08-05,2011-10-14 16:38:47 EDT
120035555,0950641,,POOL ENERGY SERVICES,1325 SO BROADWAY,LOS ANGELES,CA,90015,A,0000,N,S,1389,000000,A,B,,N,,X,,,,,,19431 S. SANTA FE,RANCHO DOMINGUEZ,CA,93309,N090    000013856,250,1995-12-26,2005-10-24,1996-12-29,1997-06-03,2011-10-14 16:38:47 EDT
120043336,0950641,,"UNOCAL ENERGY RESOURCES, INC.",1371 W. JEFFERSON BLVD.,LOS ANGELES,CA,90007,A,0000,N,S,1311,000000,A,B,,Y,X,,,,,,,,,,00000,,25,1993-09-09,,1993-09-15,1993-11-30,2011-10-14 16:38:47 EDT
120054440,0950643,,GREKA ENERGY,5200 DOMINION RD.,SANTA MARIA,CA,93455,A,0000,N,S,1311,211111,A,B,,N,,,,,,,,1601 SINTON RD.,SANTA MARIA,CA,93458,N078    000030145,12,2004-06-18,2013-03-15,2004-07-06,,2013-03-19 01:00:18 EDT
120062146,0950645,,GRAYSON SERVICES,"OIL DERRIK, RIG 11, CHEVRON LEASE, CYMRIC",MCKITRRICK,CA,93312,A,0000,N,S,1389,000000,A,B,,N,,,,,,,,4004 SO. ENOS LANE,BAKERSFIELD,CA,93312,,7,1996-03-05,,1996-03-06,1996-10-16,2011-10-14 16:38:47 EDT
120062187,0950645,,"PRIDE PETROLEUM SERVICES, INC.","BERRY HOLDING CO., BIG TEN #85, RIG. NO. 405",TAFT,CA,93268,A,0000,N,S,1389,000000,A,B,,N,,,,,,,,P. O. BOX 1893,BAKERSFIELD,CA,93303,,200,1996-03-11,,1996-03-11,1996-03-11,2011-10-14 16:38:47 EDT
120062310,0950645,,"POOL CALIFORNIA ENERGY SERVICES, INC.","RIG 348, MOBIL, WELL 8041",LOST HILLS,CA,93308,A,0000,N,S,1389,000000,A,B,,N,,,,,,,,7515 ROSEDALE HWY.  ATTN:  BILL STEERS,BAKERSFIELD,CA,93308,N071    000011167,4,1996-04-08,,1996-04-22,2000-07-10,2011-10-14 16:38:47 EDT
120062757,0950645,,WESTERN WELL SERVICE,"HOLMES WESTERN OIL CORP., CIENAGA CYN-FED. LEASE 2",MARICOPA,CA,93268,A,0000,N,S,1389,000000,A,A,,N,,,,,,,,P. O. BOX 1405,TAFT,CA,93268,,22,1995-09-27,,1995-10-06,1995-11-01,2011-10-14 16:38:47 EDT
120062914,0950645,,GARY DRILLING COMPANY,SANTA FE ENERGY-SEC 23 F SHALE RD.,FELLOWS,CA,93308,A,0000,N,S,1381,000000,A,B,,N,,,,,,,,7001 CHARITY AVE.,BAKERSFIELD,CA,93308,N071    000010998,234,1995-12-06,2008-02-18,1995-12-28,1996-01-02,2011-10-14 16:38:47 EDT
120062930,0950645,,"PRIDE PETROLEUM SERVICES, INC.","CAL RESOURCES, RIG 448, SEC. 18, WELL 57DR18",BAKERSFIELD,CA,90000,A,0000,N,S,1389,000000,A,B,,N,,,,,,,,P. O. BOX 1893,BAKERSFIELD,CA,93303,,200,1995-12-12,,1996-01-11,1996-01-17,2011-10-14 16:38:47 EDT
120062989,0950645,,POOL CALIFORNIA ENERGY SERVICES,"3130-3 MOBIL BEL RIDGE, MOBIL LEASE",BAKERSFIELD,CA,93308,A,0000,N,S,1389,000000,A,B,,N,,,,,,,,7515 ROSEDALE HWY.,BAKERSFIELD,CA,93308,,296,1996-01-08,,1996-02-01,1998-10-29,2011-10-14 16:38:47 EDT
120062997,0950645,,TIGER WIRELINE SERVICE INC.,"WOLF PETROLEUM, WHITE WOLF PROSPECT LEASE",MARICOPA,CA,90000,A,0000,N,S,1389,000000,A,B,,N,,,,,,,,P. O. BOX 5436,BAKERSFIELD,CA,93388,N071    000010956,15,1996-01-10,2010-09-21,1996-01-17,2010-09-13,2011-10-14 16:38:47 EDT
120066899,0950645,,VINTAGE PETROLEUM,5555 PACIFIC COAST HIGHWAY,VENTURA,CA,90000,A,0000,N,S,1311,000000,A,A,,N,,,,,,,,,,,00000,,9,1995-02-23,,1995-03-04,1996-04-17,2011-10-14 16:38:47 EDT
120074877,0950643,,ARCO OIL & GAS CO.,25121 NORTH SIERRA HWY.,SANTA CLARITA,CA,91321,A,0000,N,S,1311,000000,A,B,,Y,,,,,,,,,,,00000,N078    000022081,17,1995-08-14,2010-09-23,1996-02-09,2010-09-13,2011-10-14 16:38:47 EDT
120087796,0950645,,CHEVRON U.S.A. PRODUCTION CO.,"21429 LOST HILLS RD., 36W-C OIL LEASE",MCKITTRICK,CA,93251,A,0000,N,S,1389,000000,A,B,,N,,,,,,,,P.O. BOX 1392,BAKERSFIELD,CA,93307,N071    000011516,60,1996-08-19,2006-09-06,1996-08-20,1998-03-11,2011-10-14 16:38:47 EDT
120113774,0950635,,BUCKS TESTING SERVICE INC,ANAHEIM BLVD HENRY FORD AVE,WILMINGTON,CA,90744,A,0000,N,S,1389,000000,A,B,,N,,,,,,,,2698 ST LOUIS AVE,SIGNAL HILL,CA,90806,,9,1992-07-21,,1992-08-25,1994-02-10,2011-10-14 16:38:47 EDT
120115126,0950635,,THUMS,ISLAND GRISM,LONG BEACH,CA,90802,A,0000,N,S,1311,000000,A,B,,N,,,,,,,,300 OCEANGATE STE 200,LONG BEACH,CA,90802,,287,1993-05-21,,1993-09-29,1994-02-10,2011-10-14 16:38:47 EDT
120122312,0950635,,ECOLOGY CONTROL INDUSTRIES,19500 NORMANDIE AVE,TORRANCE,CA,90502,A,0000,N,S,1311,000000,A,A,,N,X,,,,,,,,,,00000,N056    000010596,7,1997-04-18,2010-11-09,1997-04-30,1998-02-23,2011-10-14 16:38:47 EDT
120123849,0950635,,POOL CALIFORNIA ENERGY SERVICE,TIDELANDS 100 BLOCK OF PICO,LONG BEACH,CA,90801,A,0000,N,S,1389,000000,A,B,,N,,,,,,,,19431 S SANTA FE AV,RANCHO DOMINGUEZ,CA,90221,N056    000010486,1200,1997-04-24,2010-05-04,1997-08-07,1999-05-13,2011-10-14 16:38:47 EDT
120128616,0950635,,KELT OIL AND GAS COMPANY,3520 TORRANCE BL,TORRANCE,CA,90503,A,0000,N,S,1382,000000,A,B,,N,,,,,,,,2850 MONTEREY ST,TORRANCE,CA,90503,N056    000008660,22,1994-02-08,,1994-02-08,1995-07-19,2011-10-14 16:38:47 EDT
120128657,0950635,,TIGER CASTE HOLE SERVICES INC,2625 DAWSON AVE,SIGNAL HILL,CA,90806,A,0000,N,S,1389,000000,A,B,,N,,X,,,,,,,,,00000,,2,1994-03-02,,1994-03-02,1995-07-19,2011-10-14 16:38:47 EDT
120129416,0950635,,OIL WELL SERVICE CO,CENTRAL AND VICTORIA,CARSON,CA,90746,A,0000,N,S,1389,000000,A,A,,N,,,,,,,,1241 E BURNETT,SIGNAL HILL,CA,90806,N056    000009295,44,1994-12-07,2010-09-29,1995-02-27,1995-11-15,2011-10-14 16:38:47 EDT
120134457,0950632,,C & L DRILLING INC,7001 GENTRY RD,CALIPATRIA,CA,92233,A,0000,N,S,1381,000000,A,B,,N,,,,,,,,1303 W BAUGHMAN,BRAWLEY,CA,92227,N064    000005164,6,1995-10-30,2010-09-27,1995-11-01,2010-09-13,2011-10-14 16:38:47 EDT
120137526,0950632,,C & L DRILLING,LINDSEY RD,CALIPATRIA,CA,92233,A,0000,N,S,1381,000000,A,B,,N,,,,,,,,1303 W BAUGHMAN RD,BRAWLEY,CA,92227,,6,1998-09-01,,1998-09-04,1998-09-04,2011-10-14 16:38:47 EDT
120144159,0950621,,PAUL GRAHAM DRILLING & SERVICE CO,PEAR ORCHARD HWY 160,WALNUT GROVE,CA,95899,A,0000,N,S,1381,213111,A,B,,N,,,,,,,,P.O. BOX 669,RIO VISTA,CA,94571,N092    000022032,57,2002-11-07,2009-06-26,2003-03-20,2008-09-23,2011-10-14 16:38:47 EDT
120144167,0950621,,AMERICAN INTERNATIONAL MFG. CO.,1230 FORTNA AVE.,WOODLAND,CA,95776,A,0000,N,S,7699,213111,A,B,,N,X,,,,,,,,,,00000,N092    000021983,27,2002-11-08,2006-08-18,2003-01-09,2005-07-11,2011-10-14 16:38:47 EDT
120144969,0950621,,HEXADYNE DRILLING CORP.,HWY. 160 & RD. Y,BUTTE CITY,CA,95912,A,0000,N,S,1381,213111,A,B,,Y,,X,,,,,,7087 EDDY RD.,ARBUCKLE,CA,95912,N092    000022270,120,2003-01-24,,2003-01-24,2003-03-19,2011-10-14 16:38:47 EDT
120145834,0950625,,CAZA DRILLING,NW CORNER OF MT WHITNEY & BLYTHE,RIVERDALE,CA,93656,A,0000,N,S,1381,213111,A,B,,N,,,,,,,,7001 CHARITY AVE,BAKERSFIELD,CA,93308,N068    000018065,175,2002-11-08,2007-06-29,2003-02-28,2007-06-29,2011-10-14 16:38:47 EDT
120145875,0950625,,COSO OPERATING CO,#3 GILL STATION RD,LITTLE LAKE,CA,93247,A,0000,N,S,1381,213111,A,B,,N,,,,,,,,P O BOX 1690,INYOKERN,CA,93527,N068    000018080,97,2002-11-18,2006-07-06,2003-01-21,2006-07-06,2011-10-14 16:38:47 EDT
120148960,0950625,,GENERAL PRODUCTION SERVICES,MALAGA & RED BANK RD,BAKERSFIELD,CA,93307,A,0000,N,S,1382,213112,A,D,I,N,,,,,,,,P O BOX 344,TAFT,CA,93268,N068    000021129,100,2007-09-18,2014-05-22,2007-09-18,2007-09-18,2014-05-26 01:01:17 EDT
120172291,0950623,,PAUL GRAHAM DRILLING & SERVICE CO.,"CO. ROAD 9, 1/2 MILE EAST OF 6TH AVE.",ORLAND,CA,95963,A,0000,N,S,1381,000000,A,A,,N,,,,,,,,P.O. BOX 669,RIO VISTA,CA,94571,,12,1996-04-15,,1996-04-15,1997-11-08,2011-10-14 16:38:47 EDT
120207691,0950621,,PAUL GRAHAM DRILLING & SERVICE CO,GRIMES-ARBUCKLE RD 1 MI W OF GRIMES,GRIMES,CA,95950,A,0000,N,S,1381,213111,A,B,,N,,,,,,,,PO BOX 669,RIO VISTA,CA,94571,N092    000028938,100,2006-12-20,2015-12-07,2007-01-31,2009-02-05,2015-12-10 01:00:26 EST
120211214,0950625,,"CHEVRON PIPELINE, INC.",N. ON I5 & NE HWY 41,LEMOORE,CA,93245,A,0000,N,S,1311,000000,A,B,,N,,,,,,,,5080 CALIFORNIA AVENUE,BAKERSFIELD,CA,93309,,35,1995-05-16,,1995-06-30,1996-06-26,2011-10-14 16:38:47 EDT
120214853,0950625,,POOL WELL SERVICES CO,CHEVRON TEXACO KERN RIVER FIELD,BAKERSFIELD,CA,93308,A,0000,N,S,1389,213112,A,B,,N,,,,,,,,7515 ROSEDALE HWY,BAKERSFIELD,CA,93308,N068    000018248,1200,2003-04-03,,2003-06-26,2003-07-03,2011-10-14 16:38:47 EDT
120274378,0950632,,MALCOLM DRILLING CO INC,2125 LA MIRADA DR,VISTA,CA,92083,A,0000,N,S,1381,000000,A,B,,N,,,,,,,,,,,00000,N064    000014499,45,1999-08-18,2010-07-30,1999-08-25,2008-08-24,2011-10-14 16:38:47 EDT
120301593,0950635,,OIL WELL SERVICES CO,CALIFORNIA AND PATTERSON (BERNSTEIN LEASE),SIGNAL HILL,CA,90806,A,0000,N,S,1311,000000,A,A,,N,,,,,,,,1241 EAST BURNETT ST,LONG BEACH,CA,90806,N056    000011571,41,1999-03-27,2010-05-04,1999-08-16,2001-10-31,2011-10-14 16:38:47 EDT
120307178,0950635,,KENAI DRILLING LTD,WELL NO UP879 WILMINGTON OIL FIELD,LONG BEACH,CA,90802,A,0000,N,S,1381,000000,A,A,,N,,,,,,,,P O BOX 2248,ORCUTT,CA,93457,N056    000012035,17,2000-05-02,2015-04-07,2000-06-09,2006-09-04,2015-04-10 01:00:47 EDT
120310867,0950643,,GREG DILLING AND TESTING,18344 SOLEDAD CANYON RD.,CANYON COUNTRY,CA,91351,A,0000,N,S,1381,213111,A,B,,N,,,,,,,,2726 WALNUT AVE.,SIGNAL HILL,CA,90755,N078    000029853,100,2004-04-27,2004-10-07,2004-09-14,2004-09-14,2011-10-14 16:38:47 EDT
120312913,0950643,,CAZA DRILLING (CALIFORNIA) INC.,STEWART AVE. & TAPIA CYN. RD.,SAUGUS,CA,91350,A,0000,N,S,1381,213111,A,A,,N,,,,,,,,7001 CHARITY AVENUE,BAKERSFIELD,CA,93308,N078    000028435,100,2002-11-16,2007-01-29,2003-05-15,2007-01-24,2011-10-14 16:38:47 EDT
120314695,0950643,,GREKA ENERGY,5025 BLACK RD.,SANTA MARIA,CA,93454,A,0000,N,S,1381,213111,A,B,,N,,,,,,,,6527 DOMINION RD.,SANTA MARIA,CA,93454,N078    000030493,300,2004-10-12,2005-12-07,2004-10-12,2005-03-08,2011-10-14 16:38:47 EDT
120321047,0950643,,KENAI DRILLING LTD.,WELL 27-13-BUENA VISTA RD. & PACHECO RD.,BAKERSFIELD,CA,93312,A,0000,N,S,1381,213111,A,A,,N,,,,,,,,2701 PATTON WAY,BAKERSFIELD,CA,93308,N078    000029674,6,2004-01-13,2004-09-02,2004-06-15,2004-07-14,2011-10-14 16:38:47 EDT
120321120,0950643,,UNIVERSAL COMPRESSION INC.,3333 GIBSON STREET,BAKERSFIELD,CA,93308,A,0000,N,S,1389,237120,A,B,,N,,,,,,,,,,,00000,N078    000029732,34,2004-02-04,2004-08-13,2004-07-12,2004-07-15,2011-10-14 16:38:47 EDT
120321518,0950625,,TURBO MECHANICAL,31500 POND RD,DELANO,CA,93215,A,0000,N,S,1389,213112,A,B,,N,,,,,,,,515 MCPHEE RD SOUTHWEST,OLYMPIA,WA,98502,N068    000018902,7,2004-03-26,2009-06-09,2004-05-07,2009-06-09,2011-10-14 16:38:47 EDT
120328687,0950625,,KERN PRODUCTION SERVICE,MONTE CRISTO ROAD,BAKERSFIELD,CA,93380,A,0000,N,S,1389,000000,A,B,,N,,,,,,,,P.O. BOX 80716,BAKERSFIELD,CA,93380,,40,1997-01-14,,1997-01-14,1997-09-24,2011-10-14 16:38:47 EDT
121318109,0627400,,"R & H WELL SERVICE, INC.","RIG #77 NEAR WINK, TX",WINK,TX,79789,A,0000,Y,S,1389,000000,A,A,,N,,,,,,,,P.O. BOX 60910,MIDLAND,TX,79711,,35,1996-03-11,,1996-03-11,1996-08-09,2011-10-14 16:38:47 EDT
121320758,0627400,,"4 C CONSTRUCTION DBA MICHAEL CISNEROS, INC.",2906 WEST SEALY,MONAHANS,TX,79756,A,0000,Y,S,1389,000000,A,B,,N,,,,,,,,P.O. BOX 1169,MONAHANS,TX,79756,N153    000009520,13,1998-03-18,,1998-07-02,1999-04-09,2011-10-14 16:38:47 EDT
121913974,0522500,,"MKE PRODUCING, INC",28108 KEENE TOWNSHIP ROAD,COSHOCTON,OH,43812,A,0000,N,S,1381,000000,A,B,,N,,,,,,,,"P.O, BOX 112",MINERAL CITY,OH,44656,,5,1997-03-31,,1997-03-31,1998-06-18,2011-10-14 16:38:47 EDT
121978399,0524700,,HYDROCHEM INDUSTRIAL SERVICES INC.,1819 WOODVILLE RD.,OREGON,OH,43616,A,0000,N,S,1389,000000,A,A,,N,X,,,,,,,6210 ROTHWAY,HOUSTON,TX,77040,N154    000012983,6,1995-08-02,2007-11-01,1995-12-12,1997-02-20,2011-10-14 16:38:47 EDT
122163942,0336000,,"C.J. MORRIS & SONS, INC.",308 B ALLEGHENY NATIONAL FOREST,BRADFORD,PA,16701,A,0000,N,S,1381,000000,A,A,,N,X,,,,,,,"STAR ROUTE 2, BOX 87",BRADFORD,PA,16701,,8,1995-10-05,,1995-11-05,1996-07-16,2011-10-14 16:38:47 EDT
122174881,0336000,,I.L GEER AND SONS,"R.D. #1, BOX 1382G",CLARENDON,PA,16313,A,0000,N,S,1389,213112,A,A,,N,,,,,,,,"R.D. #1, BOX 1382G",CLARENDON,PA,16313,N021    000006229,15,2004-01-27,2004-07-20,2004-04-09,2004-06-02,2011-10-14 16:38:47 EDT
122175920,0626300,,SCHNEIDER DRILLING CORP,202 COUNTY RD 330,TYLER,TX,75712,A,0000,N,S,1381,000000,A,B,,N,X,,,,,,,P. O. BOX 4399,TYLER,TX,75712,,57,1997-10-15,,1997-10-23,1998-10-29,2011-10-14 16:38:47 EDT
122181027,0626300,,KEY ENERGY SERVICE,2609 HIGHWAY 42 NORTH,KILGORE,TX,75662,A,0000,N,S,1389,000000,A,B,,N,,,,,,,,,,,00000,N150    000022770,53,2000-10-17,,2001-04-11,2002-03-15,2011-10-14 16:38:47 EDT
122185200,0626300,,GREY WOLF HOLDINGS COMPANY,RIG #646 OFF RUSK COUNTY RD. 2219,TATUM,TX,75691,A,0000,N,S,1381,000000,A,B,,N,,,,,,,,"333 TEXAS STREET, SUITE 925",SHREVEPORT,LA,71101,N150    000022275,7,2000-04-28,,2000-07-10,2001-04-05,2011-10-14 16:38:47 EDT
122262819,0626600,,"LANCO WELL SERVICE, INC.",FM 943 AT THE COUNTY LINE,LIVINGSTON,TX,77351,A,0000,N,H,1389,000000,A,B,,N,,,,,,,,P.O. BOX 10346,CORPUS CHRISTI,TX,78460,N145    000015541,12,1995-08-29,,1995-08-29,2000-06-02,2011-10-14 16:38:47 EDT
122263288,0626600,,"NABORS DRILLING USA, INC.",CARTER F 12 FM 2500 5MI N. OFF 190 E.,LIVINGSTON,TX,77351,A,0000,N,S,1381,000000,A,B,,N,,,,,,,,515 WEST GREENS RD. # 1000,HOUSTON,TX,77067,,22,1996-04-15,,1996-04-30,1997-04-07,2011-10-14 16:38:47 EDT
122263353,0626600,,"ICO, INC.",9015 SHELDON ROAD,HOUSTON,TX,77530,A,0000,N,S,1389,000000,A,B,,N,,,,,,,,,,,00000,N145    000016043,170,1996-05-16,,1996-05-20,1997-06-11,2011-10-14 16:38:47 EDT
123386310,0627400,,"HACK DRILLING CO., INC.",4802 S. TREADAWAY BLVD,ABILENE,TX,79608,A,0000,Y,S,1381,000000,A,B,,N,,,,,,,,,,,00000,N153    000009352,125,1997-10-14,2008-06-03,1997-11-04,2000-03-14,2011-10-14 16:38:47 EDT
123386559,0627400,,"PRIDE WELL SERVICE, INC.",822 BRILLHART,PERRYTON,TX,79070,A,0000,Y,S,1389,000000,A,A,,N,X,,,,,,,,,,00000,N153    000009761,26,1998-11-04,2005-11-30,1998-11-06,1999-06-03,2011-10-14 16:38:47 EDT
123387227,0627400,,DRUM TRANSPORT,5512 CEDAR CREEK DRIVE,SNYDER,TX,79549,A,0000,Y,H,1389,000000,A,B,,N,,,,,,,,,,,00000,N153    000008563,10,1996-01-05,,1996-01-05,2000-03-23,2011-10-14 16:38:47 EDT
123387664,0627400,,SIERRA WELL SERVICE,2 1/2 MILES W. ON HWY 180,SEMINOLE,TX,79360,A,0000,Y,S,1389,000000,A,A,,N,,,,,,,,P.O. BOX 425,SEMINOLE,TX,79360,N153    000010083,29,1999-11-17,,1999-11-18,2000-01-07,2011-10-14 16:38:47 EDT
123397457,0636900,,"UNITED CRANE, INC.","3 MILES W. HWY. 164, NABORS DRILLING RIG 411",BUFFALO,TX,75831,A,0000,Y,S,1389,000000,A,B,,N,,,,,,,,5855 KELLEY ST.,HOUSTON,TX,77026,,4,1997-07-18,,1997-07-18,1997-10-31,2011-10-14 16:38:47 EDT
123398794,0636900,,SMALLEY DRILLING & TRUCKING CO.,160 FM 1084,ALBANY,TX,76430,A,0000,Y,S,1381,213111,A,B,,N,,,,,,,,P.O. BOX 386,ALBANY,TX,76430,N142    000013812,48,2003-03-10,,2003-08-18,2003-09-11,2011-10-14 16:38:47 EDT
123398992,0636900,,PATTERSON-UTI DRILLING CO.,FM 730 & COUNTY RD 4181,DECATUR,TX,76234,A,0000,Y,S,1381,213111,A,B,,N,,,,,,,,P.O. BOX 1416,SNYDER,TX,79550,N142    000013369,16,2002-09-25,,2002-11-25,2002-11-25,2011-10-14 16:38:47 EDT
123411415,0627400,,LLOYD'S ROUSTABOUT SERVICES,"10 MI SW OFF COUNTY RD 395, SAWYER LEASE WELL #4",SNYDER,TX,79549,A,0000,Y,S,1389,000000,A,A,,N,,,,,,,,901 23RD ST,SNYDER,TX,79549,,2,1993-01-28,,1993-02-01,1994-08-03,2011-10-14 16:38:47 EDT
123412769,0627400,,E.D. WALTON CONSTRUCTION CO.,"15 MI WEST OF COAHOMA, TX",COAHOMA,TX,79511,A,0000,Y,S,1389,000000,A,B,,N,,,,,,,,P. O. BOX 206,SNYDER,TX,79549,N153    000007155,150,1993-05-17,2008-05-30,1993-05-27,1993-08-24,2011-10-14 16:38:47 EDT
123412819,0627400,,ROLLING PLAINS WELL SERVICE,100 BIRCH STREET,KNOX CITY,TX,79529,A,0000,Y,S,1389,000000,A,A,,N,,,,,,,,,,,00000,,46,1994-12-13,,1994-12-14,1995-02-14,2011-10-14 16:38:47 EDT
123412900,0627400,,"C & S TRANSPORTS, INC.",HALL 1-C SALT WATER DISPOSAL WELL OFF HWY 40. 7 MI,SHAMROCK,TX,79079,A,0000,Y,S,1389,000000,A,A,,N,,,,,,,,823 SOUTH PINE,ERICK,OK,73645,,4,1994-07-13,,1994-07-13,1994-08-22,2011-10-14 16:38:47 EDT
123412918,0627400,,YALE E. KEY DBA BONNER/HOFFMAN,413 N. W. 11TH,SEMINOLE,TX,79360,A,0000,Y,S,1389,000000,A,A,,N,,,,,,,,P.O. BOX 10627,MIDLAND,TX,79702,,100,1995-02-21,,1995-02-21,1995-07-14,2011-10-14 16:38:47 EDT
123413155,0627400,,"PRIDE PETROLEUM SERVICES, INC.","12MI W ON HWY 115 & 3MI N OFF HWY 115, WELL #4-16",PATRICIA,TX,79331,A,0000,Y,S,1389,000000,A,A,,N,,,,,,,,P.O. BOX 909,LOVINGTON,NM,88260,,22,1994-06-24,,1994-06-29,1994-09-28,2011-10-14 16:38:47 EDT
123413437,0627400,,COPAN CORP.,"COMBS A #196 WELL, PANHANDLE GREY FIELD",GREY COUNTY,TX,79065,A,0000,Y,H,1389,000000,A,B,,N,,,,,,,,101 DOYLE,PAMPA,TX,79065,,3,1993-11-09,,1993-11-10,1994-08-25,2011-10-14 16:38:47 EDT
123413742,0627400,,"CHAPARRAL ENERGY, INC.",10701 N. BROADWAY EXTENSION,ORLA,TX,79770,A,0000,Y,S,1389,000000,A,A,,N,,,,,,,,10701 N. BROADWAY EXTENSION,OKLAHOMA CITY,OK,73114,,4,1993-09-09,,1993-09-09,1995-12-06,2011-10-14 16:38:47 EDT
123413965,0627400,,CHARLES E. BEARDEN DRILLING CORP.,HIGHWY 83 4.5 MI SOUTH OF ASPERMONT (RIG 5),ASPERMONT,TX,79502,A,0000,Y,S,1381,000000,A,A,,N,,,,,,,,P.O.BOX JEBCO,WICHITA FALLS,TX,76307,,5,1993-09-02,,1993-09-02,1994-01-05,2011-10-14 16:38:47 EDT
123415598,0627400,,"HALIBURTON SERVICES, INC.",6155 WEST MURPHY ST.,ODESSA,TX,79763,A,0000,N,S,1389,000000,A,B,,N,,,,,,,,DRAWER 3746,ODESSA,TX,79763,,111,1992-09-15,,1992-09-15,1993-03-09,2011-10-14 16:38:47 EDT
123417347,0627400,,CHEVRON USA,104 WEST 6TH STREET,SUNDOWN,TX,79372,A,0000,Y,S,1389,000000,A,B,,N,,,,,,,,P.O. BOX 1150,MIDLAND,TX,79702,,9,1993-12-30,,1993-12-30,1995-03-14,2011-10-14 16:38:47 EDT
123417362,0627400,,ARCO OIL & GAS CO.,10 MILES N.W. OFF HWY 1601,CRANE,TX,79731,A,0000,Y,S,1311,000000,A,B,,Y,,,,,,,,H C  65 BOX 55,CRANE,TX,79731,N153    000007339,120,1993-09-17,2008-05-22,1993-09-17,1994-09-19,2011-10-14 16:38:47 EDT
123417479,0627400,,SKEETER-MACHEN WELL SERVICE,20 MILES S.E. OFF HWY 349,MIDLAND,TX,79701,A,0000,Y,S,1389,000000,A,A,,N,,,,,,,,P.O.DRAWER 10627,MIDLAND,TX,79701,,4,1993-03-10,,1993-03-17,1993-08-04,2011-10-14 16:38:47 EDT
123426843,0625400,,"DRILLERS, INC. RIG #12","COUNTY RD 748, 12 MI S. OF GROESBECK",GROESBECK,TX,76642,A,0000,N,S,1381,000000,A,B,,N,,,,,,,,9407 HWY 157,HAUGHTON,LA,71037,,13,1993-08-26,,1993-10-07,1994-02-28,2011-10-14 16:38:47 EDT
123430043,0625400,,ADCOR-NICKLOS DRILLING COMPANY,CR 136  1/2/ MI FROM CR 136,LEDBETTER,TX,78946,A,0000,N,S,1381,000000,A,B,,N,,,,,,,,2727 ALLEN PARKWAY STE 1535,HOUSTON,TX,78429,,6,1994-07-27,,1994-08-15,1994-10-03,2011-10-14 16:38:47 EDT
123430282,0625400,,"TORCH OPERATING CO., INC.",3/4 MI NORTH OF LA GRANGE,LA GRANGE,TX,78945,A,0000,N,S,1381,000000,A,B,,N,,,,,,,,"1221 LAMAR, SUITE 1600",HOUSTON,TX,77010,,2,1993-04-05,,1993-04-07,1993-05-18,2011-10-14 16:38:47 EDT
123431025,0625400,,"PATTERSON DRILLING CO., INC.",TEXAS TWO STEP - 20 MI S OF GONZALES,GONZALES,TX,78629,A,0000,N,S,1381,000000,A,B,,N,,,,,,,,P.O. DRAWER 1416,SNYDER,TX,79549,N122    000008740,17,1993-02-09,,1993-02-10,1994-09-21,2011-10-14 16:38:47 EDT
123431884,0625400,,CRESCENT EXPLORATION CO INC,2 MI SOUTH OF CR111 ON CR 116,DEANVILLE,TX,78752,A,0000,Y,S,1389,000000,A,B,,N,,,,,,,,P O BOX 566,CALDWELL,TX,77836,,5,1993-11-01,,1993-11-01,1994-04-15,2011-10-14 16:38:47 EDT
123433971,0625400,,HODGES TRUCKING  CO. INC.,#78 COOK STREET,CALDWELL,TX,77836,A,0000,Y,S,1389,000000,A,B,,N,,,,,,,,820 INDUSTRIAL BLVD.,BRYAN,TX,77806,,20,1993-12-07,,1993-12-20,1994-10-17,2011-10-14 16:38:47 EDT
123470270,0625700,,"THERRAL STORY WELL SERVICE, INC.",HWY. ALT 2,HAYNESVILLE,LA,71038,A,0000,N,H,1389,000000,A,B,,N,,,,,,,,HWY. 82 EAST,MAGNOLIA,AR,71754,,70,1997-10-08,,1997-10-10,1998-04-06,2011-10-14 16:38:47 EDT
123480022,0625400,,GREY WOLF DRILLING COMPANY,RIG #18 NEAR FM 390 & FM 50 INTERSECTION,INDEPENDENCE,TX,77833,A,0000,N,S,1381,000000,A,B,,N,,,,,,,,"1980 POST OAK BLVD., STE 1150",HOUSTON,TX,77056,,17,1995-11-13,2004-11-29,1995-11-14,1996-05-29,2011-10-14 16:38:47 EDT
123482366,0625400,,"DRILLING MEASUREMENTS, INC.",HWY 1647,DIME BOX,TX,78942,A,0000,N,S,1389,000000,A,B,,N,,,,,,,,118 THRUWAY PARK,BROUSSARD,LA,70518,,5,1996-07-14,,1996-07-23,1996-07-23,2011-10-14 16:38:47 EDT
123540726,0625400,,TEXOIL SERVICES,FRIEMEL #1-H LEASE,LA GRANGE,TX,78945,A,0000,N,S,1389,000000,A,B,,N,,,,,,,,P.O. BOX 146,PLUM,TX,78952,,3,1993-05-10,,1993-05-11,1994-03-03,2011-10-14 16:38:47 EDT
123543142,0625400,,"W.B. HINTON DRILLING CO., INC.",.25 MILES EAST OF FM 2838,MEXIA,TX,76667,A,0000,N,S,1381,000000,A,A,,N,,X,,,,,,1805 N. JEFFERSON ST.,MOUNT PLEASANT,TX,75455,,13,1993-12-07,,1993-12-08,1994-02-15,2011-10-14 16:38:47 EDT
123545592,0625400,,GERALD RAY MOSS,C.R. 227A,SNOOK,TX,77878,A,0000,N,S,1389,000000,A,D,B,N,,,,,,,,803 WATER VIEW,MANSFIELD,TX,76063,,1,1994-01-24,,1994-01-24,1994-01-24,2011-10-14 16:38:47 EDT
123551319,0625400,,"LACY WELL SERVICE, INC.",PEACH CREEK CUTOFF AT TEXAS HWY 6,COLLEGE STATION,TX,77840,A,0000,N,S,1389,000000,A,B,,N,,,,,,,,PO BOX 5639,BRYAN,TX,77805,,25,1994-06-07,,1994-06-08,1994-07-15,2011-10-14 16:38:47 EDT
123555807,0626600,,SARATOGA ENERGY CORPORATION,1/4 MI ON FM 770 NORTH,BATSON,TX,77519,A,0000,N,S,1382,000000,A,B,,N,,,,,,,,"2020 N. LOOP W, SUITE 105",HOUSTON,TX,77018,N145    000011942,6,1995-06-20,,1995-06-20,1995-08-16,2011-10-14 16:38:47 EDT
123558363,0626600,,MOORE PRODUCTIONS SERVICES,NAVASOTA RIVER BOTTOM,IOLA,TX,77868,A,0000,Y,S,1389,000000,A,B,,N,,,,,,,,P.O. BOX 20  .,KURTEN,TX,77862,N145    000014523,9,1994-06-02,2006-04-11,1994-06-08,2000-04-07,2011-10-14 16:38:47 EDT
123579567,0625400,,"TETRA APPLIED TECHNOLOGIES, INC.","SUSANNA LEASE WELL #1,1/4 MI SE FM976 OFF HWY 365",CALDWELL,TX,77836,A,0000,N,S,1389,000000,A,B,,N,,,,,,,,P.O. BOX 73087,HOUSTON,TX,77273,,5,1994-06-03,,1994-06-08,1994-09-21,2011-10-14 16:38:47 EDT
123583601,0625400,,DALE MEYER TRUCKING COMPANY,HARGRAVE 22 NO. 1,PANDALE,TX,78837,A,0000,N,S,1389,000000,A,B,,N,,,,,,,,P. O. BOX 3548,ODESSA,TX,79760,,13,1995-07-13,,1995-07-13,1996-05-29,2011-10-14 16:38:47 EDT
123588899,0625400,,"TERMINAL TECHNOLOGIES, INC.",9011 JOHNNY MORRIS ROAD,AUSTIN,TX,78724,A,0000,Y,H,1389,000000,A,B,,N,,,,,,,,3620 KENNESAW NORTH INDUSTRIAL PARKWAY,KENNESAW,GA,30060,,25,1994-11-12,,1994-11-16,1996-04-04,2011-10-14 16:38:47 EDT
123627440,0626700,,"TETRA APPLIED TECHNOLOGIES, INC.",FM 563 & C.R.133N,LIBERTY,TX,77514,A,0000,N,S,1389,000000,A,B,,N,,X,,,,,,P O BOX 73087,HOUSTON,TX,77471,N010    000008637,20,1999-04-14,,1999-04-23,1999-10-07,2011-10-14 16:38:47 EDT
123970121,0551800,,COX WELL SERVICE,(ROSS OIL WELL LEASE) ST RD 64 EAST RD 850 EAST,FRANCISCO,IN,47649,A,0000,N,S,1381,000000,A,A,,N,X,,,,,,,ATTN JERRY W COX R 1 BOX 302,FRANCISCO,IN,47649,,3,1993-03-29,,1993-03-30,1994-06-16,2011-10-14 16:38:47 EDT
124078130,1050210,,ALASKA CLEAN SEAS,ACS ANNEX SPINE ROAD,PRUDHOE BAY,AK,99734,A,0000,N,S,1389,000000,A,B,,N,,,,,,,,"12350 INDUSTRY WAY, SUITE 200",ANCHORAGE,AK,99519,,25,1994-04-15,,1994-04-15,1995-05-15,2011-10-14 16:38:47 EDT
124384835,0552652,,KALKASKA CONSTRUCTION INC,4255 N CLARE AVE,HARRISON,MI,48625,A,0000,N,S,1389,000000,A,B,,N,X,,,,,,,,,,00000,,13,1994-02-04,,1994-02-08,1994-02-22,2011-10-14 16:38:47 EDT
124384843,0552652,,AMOCO PRODUCTION CO,1100 PROUGH RD,KALKASKA,MI,49646,A,0000,N,S,1382,000000,A,B,,N,X,,,,,,,,,,00000,N176    000014112,10,1994-02-04,,1994-02-09,1997-09-27,2011-10-14 16:38:47 EDT
124619586,0854910,,COLORADO WELL SERVICE,SECTION 10 12 SOUTH RANGE 10 EAST,CASTLE GATE,UT,84501,A,0000,N,S,1389,000000,A,B,,N,X,,,,,,,2603 EAST MAIN,RANGELY,CO,81648,N018    000007196,4,1993-09-16,2010-07-21,1993-09-24,1994-12-15,2011-10-14 16:38:47 EDT
124621681,0854910,,MICHAELIS TRUCKING INC.,4 MILES WEST OF ANSCHUTES AMOCO PLANT,COALVILLE,UT,84017,A,0000,N,S,1311,000000,A,B,,N,,,,,,,,P.O. BOX 1187,EVANSTON,WY,82930,,3,1993-10-27,,1993-11-03,1993-11-03,2011-10-14 16:38:47 EDT
124631581,0854910,,UNION DRILLING #17,MONUMENT FEDERAL #42-115,MYTON,UT,84052,A,0000,N,S,1381,000000,A,A,,N,X,,,,,,,2985 WEST 1820 SOUTH,VERNAL,UT,84078,,9,1994-06-29,,1994-06-29,1995-06-15,2011-10-14 16:38:47 EDT
124636440,0854910,,SUNRISE HOT OIL SERVICE,CEDAR RIM 17 OIL WELL,DUCHESNE,UT,84066,A,0000,N,H,1389,000000,A,B,,N,,,,X,,,,P.O. BOX 1807,ROOSEVELT,UT,84066,,1,1994-09-26,,1994-09-26,1994-09-26,2011-10-14 16:38:47 EDT
125096602,0552652,,BECKMAN PRODUCTION SERVICES INC,4400 N CLARE AVE,HARRISON,MI,48625,A,0000,N,S,1389,000000,A,B,,N,X,,,,,,,PO BOX 670,KALKASKA,MI,49649,,160,1995-10-24,,1995-10-24,1995-11-14,2011-10-14 16:38:47 EDT
125096693,0552652,,C H & P DRILLING COMPANY - RIG #7,954 BUSINESS PARK DRIVE,TRAVERSE CITY,MI,49686,A,0000,N,S,1381,000000,A,B,,N,X,,,,,,,P.O. BOX 1809,TRAVERSE CITY,MI,49684,,13,1995-11-17,,1995-11-21,1997-12-29,2011-10-14 16:38:47 EDT
125181875,0855610,,"MILLER ENTERPRISES, INC.",6 1/2 MILES SW OF MANVILLE,MANVILLE,WY,82227,A,0000,Y,S,1389,000000,A,B,,N,X,,,,,,,P. O. BOX 333,LANCE CREEK,WY,82222,N037    000010798,5,1999-06-22,,1999-06-23,2000-11-02,2011-10-14 16:38:47 EDT
125200568,0855610,,REG'S WELL SERVICE INC,"HI-LIGHT FIELD, SECTION 27, T46N, R71W,",GILLETTE,WY,82716,A,0000,N,S,1389,000000,A,B,,N,,,,,,,,P.O. 2766,GILLETTE,WY,82716,N037    000010029,8,1997-07-28,2008-02-04,1997-07-30,1998-04-06,2011-10-14 16:38:47 EDT
125201087,0855610,,NOVOTNY ROUSTABOUT SERVICE INC,MADDEN DEEP UNIT 1,LOST CABIN,WY,82642,A,0000,Y,S,1389,000000,A,B,,N,,X,,,,,,#2 SUNNY TERRACE,RIVERTON,WY,82501,N037    000010364,9,1998-09-11,2008-01-23,1998-11-04,1998-11-04,2011-10-14 16:38:47 EDT
125202887,0855610,,CUDD PRESSURE CONTROL INC,WALTMAN 29 SW4/NW4/SECT.31/T37N/R86W,ARMINTO,WY,82630,A,0000,Y,S,1389,000000,A,A,,N,,,,,,,,371 BLAIRTOWN ROAD,ROCK SPRINGS,WY,82901,N037    000010894,3,1999-06-20,2007-11-30,1999-06-20,2000-06-01,2011-10-14 16:38:47 EDT
125202895,0855610,,CHEVRON NORTH AMERICA EXPLORATION AND PRODUCTION,WALTMAN 29 CAVE GULCH SW2/NW4/SECT31/T37N/R86W,ARMINTO,WY,82630,A,0000,Y,S,1311,000000,A,A,,N,,,,,,,,1013 CHEYENNE,EVANSTON,WY,82930,N037    000010895,3,1999-06-20,,1999-06-20,1999-06-20,2011-10-14 16:38:47 EDT
125202903,0855610,,WICKERSHAM CONSULTING LLC,WALTMAN 29 CAVE GULCH SW4/NW4/SECT31/T37N/R86W,ARMINTO,WY,82630,A,0000,Y,S,1389,000000,A,A,,N,,,,,,,,BOX 371,ROCK SPRINGS,WY,82901,N037    000010897,1,1999-06-20,,1999-06-20,1999-06-20,2011-10-14 16:38:47 EDT
125202911,0855610,,HALLIBURTON ENERGY SERVICES INC,WALTMAN 29 CAVE GULCH SW4/NW4/SECT 31/T37N/R86W,ARMINTO,WY,82630,A,0000,Y,S,1389,000000,A,A,,N,,,,,,,,PO BOX 1510,EVANSVILLE,WY,82636,N037    000010899,2,1999-06-20,2009-07-14,1999-06-20,1999-06-20,2011-10-14 16:38:47 EDT
125202929,0855610,,NORWARD ENERGY SERVICES,WALTMAN 29 CAVE GULCH SW4/NW4/SEC.31/T37N/R86W,ARMINTO,WY,82630,A,0000,Y,S,1389,000000,A,A,,N,,,,,,,,37 BEGONIA,CASPER,WY,82601,N037    000010900,2,1999-06-20,,1999-06-20,1999-06-20,2011-10-14 16:38:47 EDT
125204552,0855610,,KCS MOUNTAIN RESOURCES INC,"JD 5, SEC. 28, T50N, R92W",MANDERSON,WY,82432,A,0000,Y,S,1311,000000,A,B,,N,X,,,,,,,P. O. BOX 78,WORLAND,WY,82401,N037    000010111,240,1998-01-06,2008-01-15,1998-01-08,1998-07-20,2011-10-14 16:38:47 EDT
125482935,0950615,,NABORS DRILLING USA,WELL R-1514 SOCRATES MINE ROAD,MIDDLETOWN,CA,95461,A,0000,N,H,1381,213111,A,B,,N,,,,,X,,,3919 ROSEDALE HWY,BAKERSFIELD,CA,93308,N055    000020390,300,2011-09-08,2013-05-03,2011-12-27,2013-04-12,2013-05-07 02:07:39 EDT
125505974,0950615,,JACKSON EQUIPMENT CO.,"FLORIDA POWER & LIGHT SITE, GEYSERS, 74-21",MIDDLETOWN,CA,95461,A,0000,N,S,1381,000000,A,B,,N,,X,,,,,,P.O. BOX 669,MIDDLETOWN,CA,95461,N055    000011943,30,1998-03-02,2008-01-22,1998-05-22,1998-08-21,2011-10-14 16:38:47 EDT
125508804,0950615,,JACKSON EQUIPMENT CO,CAL PINE WELL #4 GEYSERS,MIDDLETOWN,CA,95461,A,0000,N,S,1381,000000,A,B,,N,,X,,,,,,P O BOX 669,MIDDLETOWN,CA,95461,,30,1998-01-22,,1998-05-22,1998-09-10,2011-10-14 16:38:47 EDT
125537647,0950615,,KENAI DRILLING LIMITED,GEYSERS ROAD DRILL SITE,CLOVERDALE,CA,95425,A,0000,N,S,1381,213111,A,B,,N,,X,,,,,,2701 PATTON WAY,BAKERSFIELD,CA,93308,N055    000017714,240,2007-03-14,2008-10-24,2007-06-08,2008-10-17,2011-10-14 16:38:47 EDT
125577882,0950612,,P C MECHANICAL,TEXACO - SAN ARDO OIL FIELD,SAN ARDO,CA,93450,A,0000,N,S,1311,000000,A,D,C,,,,,,,,,904 W BETTERAVIA ROAD,SANTA MARIA,CA,93456,N069    000015761,,1999-01-20,,1999-01-20,1999-02-14,2011-10-14 16:38:47 EDT
125674390,0950623,,HEXADYNE DRILLING CORP,DREXELER ROAD,MERIDIAN,CA,95957,A,0000,N,S,1381,000000,A,A,,Y,,,,,,,,P.O. BOX 1239,WOODLAND,CA,95776,,9,1998-02-05,,1998-02-05,1998-02-05,2011-10-14 16:38:47 EDT
125721274,0950625,,KERN PRODUCTION SERVICE,CHEVRON FIELD,BAKERSFIELD,CA,93308,A,0000,N,S,1389,213112,A,B,,N,,,,,,,,5347 N CHESTER AVE,BAKERSFIELD,CA,93308,N068    000019515,10,2005-09-19,2016-03-09,2005-09-21,2007-12-31,2016-03-12 02:22:45 EST
125750463,0950622,,"CAZA DRILLING CALIFORNIA, INC.",2 MILES SOUTH OF RIO VISTA BRIDGE,RIO VISTA,CA,94571,A,0000,N,S,1381,000000,A,B,,N,,,,,,,,"1801 BROADWAY, STE. 360/POB 17805",DENVER,CO,80217,N067    000018669,5,2001-06-06,2006-07-18,2001-07-20,2003-05-30,2011-10-14 16:38:47 EDT
125750539,0950622,,PAUL GRAHAM DRILLING & SERVICE CO,SHILOH ROAD & LITTLE HONKER BAY RD,RIO VISTA,CA,94571,A,0000,N,S,1381,000000,A,B,,N,,,,,,,,P.O. BOX 669,RIO VISTA,CA,94571,N067    000018770,80,2001-07-25,,2001-10-01,2001-12-31,2011-10-14 16:38:47 EDT
125754093,0950622,,"CLEAR HEART DRILLING, INC.",PT. MULOTE,RICHMOND,CA,94801,A,0000,Y,S,1381,213111,A,B,,N,,,,,,,,483 W. COLLEGE AVENUE,SANTA ROSA,CA,95401,N067    000020138,2,2003-11-26,2008-01-24,2003-11-26,2003-12-05,2011-10-14 16:38:47 EDT
125763482,0950663,,ENSIGN WELL SERVICES INC.,I-5 & COUNTY ROAD 7,ORLAND,CA,95963,A,0000,Y,H,1381,213111,A,B,,N,,,,,,,,P.O. BOX 17805,DENVER,CO,80217,N067    000022936,19,2008-07-24,2010-03-22,2008-09-30,2009-11-15,2011-10-14 16:38:47 EDT
125822262,0950621,,ENSIGN UNITED STATES DRILLING (CALIFORNIA) INC,"CO RD 68, 2.5 MILES W/O I-5",WILLOWS,CA,95988,A,0000,N,S,1381,213111,A,B,,N,X,,,,,,,P.O. BOX 17805,DENVER,CO,80217,N092    000031675,25,2008-06-07,2011-05-04,2008-06-07,2011-05-04,2011-10-14 16:38:47 EDT
125829739,0950621,,AA PRODUCTION SERVICES INC,3974 HWY 45,HAMILTON CITY,CA,95951,A,0000,N,S,1389,213112,A,B,,N,,X,,,,,,433 SECOND ST STE 103,WOODLAND,CA,95695,N092    000026136,40,2005-04-13,2008-08-29,2005-04-13,2007-07-02,2011-10-14 16:38:47 EDT
125843599,0950622,,HENNINGS BROS. DRILLING CO. INC.,PALM AND 4TH ST,DELHI,CA,95356,A,0000,N,S,1381,000000,A,B,,N,,,,,,,,3525 PELENDALE AVE,MODESTO,CA,95356,N067    000018071,8,2001-01-12,,2001-03-20,2001-11-19,2011-10-14 16:38:47 EDT
125851998,0950621,,WESTERN GEOPHYSICAL,"YOLO BYPASS, 200 YDS. WEST OF ROAD 124",WEST SACRAMENTO,CA,95616,A,0000,N,S,1382,000000,A,B,,N,,,,,,,,1238 ALICE ST. STE. B,WOODLAND,CA,95776,N092    000016194,40,1998-06-02,2009-05-13,1998-08-13,2001-02-28,2011-10-14 16:38:47 EDT
125867341,0950622,,PAUL GRAHAM DRILLING & SERVICES COMPANY,FAIRVIEW/SAN JOSE AVE.,BRENTWOOD,CA,94513,A,0000,N,S,1381,000000,A,B,,N,,,,,,,,680 RIVER ROAD/P.O. BOX 669,RIO VISTA,CA,94571,N067    000015898,5,1999-01-07,,1999-02-01,2003-08-08,2011-10-14 16:38:47 EDT
125873778,0950635,,ENSIGN UNITED STATES DRILLING INC,710 FWY AND PICO ST,LONG BEACH,CA,90803,A,0000,N,S,1311,211111,A,B,,N,,,,,,,,7001 CHARITY ST,BAKERSFIELD,CA,93305,N056    000018198,400,2012-06-29,2013-12-03,2012-11-09,2013-09-07,2013-12-06 01:02:07 EST
125876912,0950635,,TIDELANDS OIL PRODUCTION COMPANY,PIER T AND OCEAN BLVD,TERMINAL ISLAND,CA,90731,A,0000,N,S,1381,213111,A,B,,N,,,,,,,,301 E. OCEAN BLVD,LONG BEACH,CA,90801,N056    000016603,100,2008-12-04,2015-04-07,2009-04-16,2009-04-16,2015-04-10 01:00:47 EDT
125876961,0950664,,NABOR WELL SERVICES CO,RIG 1126 AERA ENERGY BOLIVAR LSE WELL 1L MOCAL RD,FELLOWS,CA,93224,A,0000,N,S,1389,213112,A,B,,N,X,,,,,,,7515 ROSEDALE HIGHWAY,BAKERSFIELD,CA,93008,N056    000016607,90,2009-01-06,2009-07-06,2009-02-03,2009-02-19,2011-10-14 16:38:47 EDT
125876987,0950664,,NABORS WELL SERVICES,LOST HILLS RD.,RIG 1516 AREA ENERGY LOST HILL,CA,93249,A,0000,N,S,1389,213112,A,B,,N,X,,,,,,,7515 ROSEDALE HWY.,BAKERSFIELD,CA,93008,N056    000016620,90,2009-01-06,2009-02-18,2009-02-03,2009-02-18,2011-10-14 16:38:47 EDT
125877035,0950664,,HALLIBURTON ENERGY SERVICES,CHEVRON CYMRIC LEASE WELL 1Y #2012B,MCKITTRICK,CA,93251,A,0000,N,S,1389,213112,A,B,,N,X,,,,,,,34722 7TH STANDARD RD,BAKERSFIELD,CA,93314,N056    000016726,300,2009-04-01,2011-06-13,2009-06-01,2010-06-30,2011-10-14 16:38:47 EDT
125877043,0950664,,OIL WELL SERVICE COMPANY,RIG 58 1/2 MILE E SCHALLOCK & COPUS RDS,BAKERSFIELD,CA,93311,A,0000,N,S,1389,213112,A,B,,N,X,,,,,,,10255 ENOS LN,SHAFTER,CA,93263,N056    000016729,55,2009-04-02,2011-06-13,2009-06-11,2011-05-04,2011-10-14 16:38:47 EDT
125877068,0950664,,EXCALIBER WELL SERVICES CORP,CRIMSON RECOVERY TAFT HWY & MIDWAY RD,TAFT,CA,93263,A,0000,N,S,1389,213112,A,B,,N,,,,,,,,20301 STOCKDALE HWY,BAKERSFIELD,CA,93314,N056    000016734,147,2009-04-21,2009-11-25,2009-06-22,2009-11-05,2011-10-14 16:38:47 EDT
125877076,0950664,,T S LEASING OPERATIONS INC,1/4 MILE EAST OF EDISON RD & PANAMA LANE,EDISON,CA,93220,A,0000,N,S,1389,213112,A,B,,N,X,,,,,,,7208 SAINT ANDREWS DR,BAKERSFIELD,CA,93309,N056    000016802,2,2009-05-26,2009-08-20,2009-08-17,2009-08-17,2011-10-14 16:38:47 EDT
125877084,0950664,,HELMERICH AND PAYNE INTRNL DRILLING COMPANY,RIG 348 WELL 365X 29R ELK HILLS LEASE,TUPMAN,CA,93276,A,0000,N,S,1381,213111,A,B,,N,X,,,,,,,13052 ENOS LANE,SHAFTER,CA,93263,N056    000016790,130,2009-06-09,2009-07-06,2009-07-01,2009-07-03,2011-10-14 16:38:47 EDT
125877712,0950664,,C AND H TESTING SERVICE LLC,6624 PRICE WAY LONGBOW LSE WELL 2-7 KERN FRONT,BAKERSFIELD,CA,93308,A,0000,N,S,1389,213112,A,B,,N,X,,,,,,,6624 PRICE WAY LONGBOW LSE WELL 2-7 KERN FRONT,BAKERSFIELD,CA,93308,N056    000016955,29,2009-10-05,2011-01-04,2009-10-26,,2011-10-14 16:38:47 EDT
125889949,0950625,,CAPCO/JOVIAN ENERGY,8850 PALADINO DR,BAKERSFIELD,CA,93306,A,0000,N,S,1311,211111,A,B,,N,,,,,,,,12241 NEWPORT AVE #221,SANTA ANA,CA,92705,N068    000018574,4,2003-08-08,2007-04-19,2003-09-30,2007-04-19,2011-10-14 16:38:47 EDT
125903468,0950631,,POOL CALIFORNIA ENERGY SERVICES,OIL PLATFORM ETHEL,SEAL BEACH,CA,90740,A,0000,N,S,1381,000000,A,B,,N,,,,,,,,19431 S SANTA FE AVE,RANCHO DOMINGUEZ,CA,90221,N085    000011489,10,1996-01-18,,1996-01-18,2003-05-12,2011-10-14 16:38:47 EDT
125914069,0950664,,NABORS WELL SERVICES CO,WELL 8 24W 1 MILE WEST LOKERN RD AND HWY 33,MC KITTRICK,CA,93251,A,0000,N,S,1389,213112,A,B,,N,,X,,,,,,7515 ROSEDALE HWY,BAKERSFIELD,CA,93308,N056    000016241,90,2008-04-09,2015-11-05,2008-06-02,2014-11-14,2015-11-09 01:01:49 EST
125914085,0950664,,GOLDEN STATE DRILLING,AERA EGY BELRIDGE LSE WELL 7099F2 HWY 33 LOST HILL,MCKITTRICK,CA,93251,A,0000,N,H,1381,213111,A,B,,N,,,,,,,,3500 FRUITVALE AVE,BAKERSFIELD,CA,93308,N056    000016286,300,2008-05-09,2010-02-17,2008-06-26,2009-11-05,2011-10-14 16:38:47 EDT
125914093,0950664,,KEY ENERGY SERVICES,CHEVRON MIDWAY LEASE WELL MIDOIL RD,FELLOWS,CA,93224,A,0000,N,S,1389,213112,A,B,,N,X,,,,,,,5080 CALIFORNIA AVE SUITE 150,BAKERSFIELD,CA,93309,N056    000016311,75,2008-05-20,2016-06-10,2008-07-02,2009-03-13,2016-06-30 01:10:52 EDT
125914127,0950664,,KEY ENERGY SERVICE IND,NEAR HWY 33 & CONTRACTORS RD,MCKITTRICK,CA,93251,A,0000,N,S,1389,213112,A,B,,N,X,,,,,,,5080 CALIFORNIA AVE STE 150,BAKERSFIELD,CA,93309,N056    000016396,150,2008-07-14,2009-05-28,2008-07-31,2008-09-12,2011-10-14 16:38:47 EDT
125914341,0950643,,EXXON MOBIL PRODUCTION COMPANY,200 YARDS W OF HWY. 33 & CONTRACTORS ROAD,MCKITTRICK,CA,93251,A,0000,N,S,1311,211111,A,D,I,Y,,,,,,,,18271 HWY. 33,MCKITTRICK,CA,93251,N078    000031015,7,2004-11-24,2005-02-10,2004-11-24,2004-12-01,2011-10-14 16:38:47 EDT
125915124,0950664,,GENERAL PRODUCTION SERVICE INC,NORTHEAST CORNER OF MALAGA & REDBANK RD,EDISON,CA,93220,A,0000,N,S,1389,213112,A,B,,N,X,,,,,,,PO BOX 344,TAFT,CA,93268,N056    000015753,180,2007-05-07,2016-03-14,2007-07-11,2008-03-28,2016-03-17 01:04:30 EDT
125915298,0950664,,HALLIBURTON ENERGY SERVICES,MCKITTRICK FEE 409 LEASE FRANCO WESTERN RD RIG 46,MCKITTRICK,CA,93251,A,0000,N,S,1389,213112,A,B,,N,X,,,,,,,34722 7TH STANDARD RD,BAKERSFIELD,CA,93314,N056    000015986,350,2007-10-19,2016-06-10,2008-01-11,2009-03-25,2016-06-30 01:10:52 EDT
125915322,0950664,,PALMER TANK & CONSTRUCTION INC,1 MILE NE OF ROSEDALE HWY & SUPERIOR RD,BAKERSFIELD,CA,93314,A,0000,N,S,1389,237120,A,B,,N,,,,,,,,2464 S UNION AVE,BAKERSFIELD,CA,93307,N056    000016034,18,2007-11-21,2009-09-08,2008-01-28,2008-02-19,2011-10-14 16:38:47 EDT
125915363,950664,,IRWIN INDUSTRIES INC,EXXON MOBIL HILL PROP 18271 HWY 33,MC KITTRICK,CA,92351,A,,N,S,1389,237120,A,B,,Y,X,,,,,,,325 ROCKLITE RD,VENTURA,CA,93001,N056    000016153,20,2008-02-11,2019-08-26,2008-03-27,2008-10-24,2019-08-28 00:22:41 EDT
125915371,0950664,,JACOBS FIELD SERVICES NORTH AMERICA,15255 LOST HILLS RD,LOST HILLS,CA,93249,A,0000,N,S,1389,237120,A,B,,N,,X,,,,,,5201 CALIFORNIA AVE STE 320,BAKERSFIELD,CA,93309,N056    000016180,75,2008-03-04,2008-11-04,2008-04-21,2008-10-29,2011-10-14 16:38:47 EDT
126009497,0950632,,WELCH & HOWELL INC,1547 DOGWOOD RD,EL CAJON,CA,92243,A,0000,N,S,1381,000000,A,B,,N,,X,,,,,,P O BOX,EL CENTRO,CA,92244,N064    000014771,9,1999-11-19,,1999-11-19,1999-11-29,2011-10-14 16:38:47 EDT
126026442,0950643,,KEY ENERGY SERVICES INC,28590 HWY. 119-OCCIDENTAL PETROLEUM WELL #22-37S,TUTMAN,CA,93276,A,0000,N,S,1381,000000,A,B,,N,,,,,,,,18835 HWY. 65,BAKERSFIELD,CA,93308,N078    000025844,450,2000-06-09,2008-03-18,2000-07-24,2000-09-06,2011-10-14 16:38:47 EDT
126026673,0950645,,KENAI DRILLING LIMITED,MONTE CRISTO SECTION 16,LOST HILLS,CA,93249,A,0000,N,S,1389,000000,A,B,,N,,,,,,,,P O BOX 2248,ORCUTT,CA,93457,N071    000013087,4,1998-08-20,2008-02-21,1998-11-12,1999-02-18,2011-10-14 16:38:47 EDT
126028331,0950643,,R.L. MORTON ENGINEERING,11390 HWY. 166,BAKERSFIELD,CA,93308,A,0000,N,S,1381,000000,A,B,,N,,,,,,,,27506 HWY. 119,VALLEY ACRES,CA,93368,N078    000024945,95,1999-04-30,,1999-08-03,1999-08-10,2011-10-14 16:38:47 EDT
126031277,0950643,,KBA ENGINEERING LLC,2157 MOHAWK ST.,BAKERSFIELD,CA,93308,A,0000,N,S,1389,000000,A,B,,N,,,,,,,,P.O. BOX 1200,BAKERSFIELD,CA,93302,N078    000029507,3,2001-08-31,2008-03-18,2001-08-31,2001-12-19,2011-10-14 16:38:47 EDT
126031715,0950643,,FISHER-KLOSTERMAN INC.,2572 SOUTH UNION AVENUE,BAKERSFIELD,CA,93307,A,0000,N,S,1389,000000,A,B,,N,,,,,,,,,,,00000,N078    000027209,15,2001-10-11,,2002-02-05,2002-02-22,2011-10-14 16:38:47 EDT
126031756,0950643,,CENTRAL VALLEY TONG SERVICE,"NABORS RIG 476-CHECK POINT 11 NORTH, ELK HILLS",TUPMAN,CA,93276,A,0000,N,S,1389,000000,A,B,,N,,,,,,,,P.O. BOX 562,BUTTONWILLOW,CA,93206,N078    000027204,5,2001-10-19,2004-09-03,2002-03-19,2002-11-13,2011-10-14 16:38:47 EDT
126031905,0950643,,TRC OPERATING COMPANY INC.,"MIDWAY PREMIER LEASE,WELL MP-9-8,SECTION 27,T29S,",MCKITTRICK,CA,93251,A,0000,N,S,1311,000000,A,A,,N,,,,,,,,P.O. BOX 227,TAFT,CA,93268,N078    000027398,13,2002-01-16,2006-11-16,2002-04-24,2002-11-20,2011-10-14 16:38:47 EDT
126032044,0950643,,CAZA DRILLING (CALIFORNIA) CO.,7001 CHARITY AVENUE,BAKERSFIELD,CA,93308,A,0000,N,S,1381,000000,A,B,,N,,,,,,,,,,,00000,N078    000028619,160,2002-06-03,2008-03-11,2002-10-09,2007-04-16,2011-10-14 16:38:47 EDT
126032093,950643,,EOTT ENERGY CORP.,9224 TUPMAN RD.,TUPMAN,CA,93276,A,,N,S,1389,213112,A,B,,N,,,,,,,,333 COMMERCE WAY,TAFT,CA,93268,N078    000028461,37,2002-06-12,2018-02-02,2002-11-25,2017-04-25,2018-02-06 18:35:17 EST
126032176,0950643,,COOPER'S INC.,1515 KERN STREET,TAFT,CA,93268,A,0000,N,S,1389,000000,A,B,,N,,,,,,,,P.O. BOX 0507,TAFT,CA,93268,N078    000028056,2,2002-07-23,2006-11-16,2003-01-03,2006-06-24,2011-10-14 16:38:47 EDT
126033968,0950643,,KEY ENERGY SERVICES INC.,18835 HIGHWAY 65,BAKERSFIELD,CA,93308,A,0000,N,S,1389,000000,A,B,,N,,,,,,,,,,,00000,N078    000027393,3,2002-01-23,2012-06-15,2002-06-19,2005-04-26,2012-06-19 02:44:25 EDT
126034099,0950643,,"GOLDEN STATE DRILLING, INC.",3500 FRUITVALE AVE.,BAKERSFIELD,CA,93308,A,0000,N,S,1381,000000,A,A,,N,,,,,,,,,,,00000,N078    000027477,10,2002-03-05,2008-03-18,2002-08-09,2002-11-13,2011-10-14 16:38:47 EDT
126034156,0950643,,"SOLI-BOND, INC.",4204 AMOUR AVENUE,BAKERSFIELD,CA,93308,A,0000,N,S,1389,000000,A,B,,N,,,,,,,,,,,00000,N078    000027594,16,2002-03-27,2008-04-09,2002-09-09,2006-06-28,2011-10-14 16:38:47 EDT
126034271,0950643,,"WESTERN DRILLING, INC.",518 MAIN STREET,TAFT,CA,93268,A,0000,N,S,1381,000000,A,B,,N,,,,,,,,P.O. BOX 1405,TAFT,CA,93268,N078    000027688,5,2002-04-24,,2002-10-08,2002-10-11,2011-10-14 16:38:47 EDT
126034297,0950643,,CALPI INC.,7141 DOWNING AVENUE,BAKERSFIELD,CA,93308,A,0000,N,S,1389,000000,A,B,,N,,,,,,,,P.O. BOX 6278,BAKERSFIELD,CA,93386,N078    000027755,8,2002-04-30,2006-06-26,2002-09-20,2006-06-24,2011-10-14 16:38:47 EDT
126034321,0950643,,ONYX INDUSTRIAL SERVICES INC.,34790 LENCIONI AVENUE,BAKERSFIELD,CA,93308,A,0000,N,S,1389,000000,A,B,,N,,,,,,,,,,,00000,N078    000028334,19,2002-05-01,2006-07-03,2002-10-11,2006-06-28,2011-10-14 16:38:47 EDT
126034610,0950643,,WESTERN DRILLING INC.,4300 MIDWAY RD.,TAFT,CA,93268,A,0000,N,S,1381,213111,A,B,,N,,,,,,,,P.O. BOX 1405,TAFT,CA,93268,N078    000029181,6,2003-07-31,2004-08-18,2003-12-12,2003-12-30,2011-10-14 16:38:47 EDT
126034628,0950643,,PAUL PETERS CONSTRUCTION INC.,415 KING STREET,MARICOPA,CA,93252,A,0000,N,S,1389,237120,A,B,,N,,,,,,,,,,,00000,N078    000029182,20,2003-07-31,2004-08-18,2003-08-11,2003-12-30,2011-10-14 16:38:47 EDT
126034636,0950643,,GIBBS CONSTRUCTION COMPANY,"SEC 15, T 27S, R 19E",LOST HILLS,CA,93249,A,0000,N,S,1389,213112,A,A,,N,,,,,,,,P.O. BOX 659,TAFT,CA,93268,N078    000029205,14,2003-08-04,2006-07-10,2004-01-26,2006-07-01,2011-10-14 16:38:47 EDT
126034685,0950643,,AERA ENERGY LLC,10000 MING AVENUE,BAKERSFIELD,CA,93311,A,0000,N,S,1311,211111,A,B,,N,,,,,,,,P.O. BOX 11164,BAKERSFIELD,CA,93389,N078    000029362,550,2003-09-23,2007-01-12,2004-02-26,2007-01-11,2011-10-14 16:38:47 EDT
126034701,0950643,,POOL WELL SERVICES CO.,7515 ROSEDALE HWY.,BAKERSFIELD,CA,93308,A,0000,N,S,1389,213112,A,B,,N,,,,,,,,,,,00000,N078    000028483,3,2003-10-01,2004-04-13,2004-03-05,2004-03-15,2011-10-14 16:38:47 EDT
126034826,0950643,,WESTERN DRILLING INC.,4300 MIDWAY RD.,TAFT,CA,93268,A,0000,N,S,1389,213112,A,B,,N,,,,,,,,P.O. BOX 1405,TAFT,CA,93268,N078    000029181,3,2003-12-12,2004-05-14,2004-05-04,2004-05-06,2011-10-14 16:38:47 EDT
126034834,0950643,,KEY ENERGY SERVICES INC.,18835 HIGHWAY 65,BAKERSFIELD,CA,93308,A,0000,N,S,1389,213112,A,B,,N,,,,,,,,,,,00000,N078    000027393,5,2004-06-29,2012-06-15,2004-11-19,2006-07-03,2012-06-19 02:44:25 EDT
126034933,0950643,,J E MERIT CONSTRUCTORS INC,5201 CALIFORNIA AVE. #320,BAKERSFIELD,CA,93309,A,0000,N,S,1389,486110,A,B,,N,,,,,,,,,,,00000,N078    000029822,2,2004-03-23,2004-10-13,2004-09-08,2004-09-10,2011-10-14 16:38:47 EDT
126034990,0950643,,ELCO INC,4315 YEAGER WAY,BAKERSFIELD,CA,93313,A,0000,N,S,1389,238910,A,B,,N,,,,,,,,,,,00000,N078    000029859,75,2004-04-22,2013-02-12,2004-09-23,2007-12-31,2013-02-14 02:38:07 EST
126035070,0950643,,AERA ENERGY LLC,29235 HWY. 33,MARICOPA,CA,93252,A,0000,N,S,1311,211111,A,B,,N,,,,,,,,,,,00000,N078    000030048,1,2004-06-24,2006-07-19,2004-10-27,2004-11-04,2011-10-14 16:38:47 EDT
126035245,0950643,,KVS TRANSPORTATION INC.,OXY ELK HILLS WELL 3-8R STEVENS,TUPMAN,CA,93276,A,0000,N,S,1389,213112,A,B,,N,,,,,,,,P.O. BOX 5295,BAKESFIELD,CA,93388,N078    000030352,230,2004-06-30,2005-03-08,2004-12-02,2004-12-13,2011-10-14 16:38:47 EDT
126035286,0950643,,GENE WATSON CONSTRUCTION,801 KERN STREET,TAFT,CA,93268,A,0000,N,S,1389,213112,A,B,,N,,,,,,,,,,,00000,N078    000030405,2,2004-08-10,2006-07-10,2004-12-22,2006-07-03,2011-10-14 16:38:47 EDT
126035336,0950643,,KENAI DRILLING LTD.,2701 PATTON WAY,BAKERSFIELD,CA,93308,A,0000,N,S,1381,213111,A,D,I,,,,,,,,,,,,00000,N078    000030463,,2004-08-27,2004-12-15,2004-08-27,2004-12-13,2011-10-14 16:38:47 EDT
126060763,0950641,,BFGW/MANLEY OIL CO,1319 COLTON,LOS ANGELES,CA,90026,A,0000,N,S,1311,211111,A,B,,N,,,,,,,,410 N. CENTER STREET,LOS ANGELES,CA,90012,N090    000018613,4,2001-01-30,2009-08-06,2001-06-11,2003-01-15,2011-10-14 16:38:47 EDT
126063676,0950641,,IRWIN INDUSTRIES INC,324 W. EL SEGUNDO BLVD.,EL SEGUNDO,CA,90245,A,0000,N,S,1389,213112,A,B,,Y,,X,,,,,,1580 W. CARSON ST,LONG BEACH,CA,90810,N090    000020163,112,2004-07-28,2007-12-21,2004-12-17,2006-11-08,2011-10-14 16:38:47 EDT
126065515,0950642,,COMMERCE NATURAL RESOURCES,5901 TRUIMPH,COMMERCE,CA,90040,A,0000,N,H,1311,000000,A,B,,N,,,,,,,,,,,00000,N062    000014330,4,1999-01-12,,1999-05-20,1999-11-06,2011-10-14 16:38:47 EDT
126069913,0950641,,ADVANCED PRESSURE SYSTEMS,10460 W. PICO BL.,LOS ANGELES,CA,90064,A,0000,N,H,1389,000000,A,B,,N,,,,,,,,247 E. GARFIELD AVE.,POMONA,CA,91767,N090    000019296,4,2001-09-21,2009-08-06,2002-02-25,2002-03-31,2011-10-14 16:38:47 EDT
126097146,0950641,,MMI SERVICES,O'DEA WELL #11 138TH/BROADWAY,LOS ANGELES,CA,90061,A,0000,N,S,1382,000000,A,B,,N,,X,,,,,,3033 CALIFORNIA AVENUE,SIGNAL HILL,CA,90806,N090    000017229,24,1999-08-16,,1999-10-07,2000-02-11,2011-10-14 16:38:47 EDT
126098755,0950641,,POOL WELL SERVICES,1371 W JEFFERSON BLVD,LOS ANGELES,CA,90221,A,0000,N,S,1389,000000,A,B,,N,X,,,,,,,19431 S SANTA FE,COMPTON,CA,90221,N090    000019432,5,2001-11-07,2010-09-24,2001-11-09,2010-09-13,2011-10-14 16:38:47 EDT
126139633,0950645,,REGODA CO. DBA ADOBE CO.,ARROW LEAF,VENTURA,CA,93003,A,0000,N,S,1382,000000,A,B,,N,,X,,,,,,1730 N. VENTURA AVE.,VENTURA,CA,93301,N071    000013320,35,1998-12-29,2006-10-25,1998-12-31,2000-06-21,2011-10-14 16:38:47 EDT
126139906,0950645,,POOL ENERGY SERVICES,STEWART WELL # 14,SANTA PAULA,CA,93060,A,0000,N,S,1311,000000,A,B,,N,X,,,,,,,2567 VENTURA AVE.,VENTURA,CA,93002,N071    000013275,550,1998-12-07,,1998-12-08,1999-02-18,2011-10-14 16:38:47 EDT
126144179,0950645,,POOL CALIFORNIA ENERGY,RICE RANCH RD.,SANTA MARIA,CA,93455,A,0000,N,S,1389,000000,A,B,,N,,,,,,,,5749 DOMINION RD,SANTA MARIA,CA,93455,N071    000014363,25,2000-03-28,2007-09-17,2000-03-31,2007-08-21,2011-10-14 16:38:47 EDT
126145358,0950645,,VENOCO INC,7979 HOLLISTER AVE.,GOLETA,CA,93117,A,0000,N,H,1311,000000,A,B,,N,,,,,,,,PO BOX 8540,GOLETA,CA,93118,N071    000014087,20,1999-12-07,2006-08-31,2000-03-13,2001-04-30,2011-10-14 16:38:47 EDT
126146208,0950645,,RMR INC,3851 TELEPHONE RD,SANTA MARIA,CA,93454,A,0000,N,H,1311,000000,A,B,,N,,,,,,,,P.O. BOX 1715,SANTA MARIA,CA,93456,N071    000015107,50,1999-11-04,,2000-04-25,2000-05-04,2011-10-14 16:38:47 EDT
126148972,0950641,,NABORS WELL SERVICES CO,1325 S. BROADWAY,LOS ANGELES,CA,90015,A,0000,N,S,1389,213112,A,B,,N,X,,,,,,,19431 S. SANTA FE AVE.,RANCHO DOMINGUEZ,CA,90221,N090    000024076,100,2005-08-05,2008-11-26,2006-01-03,2006-01-03,2011-10-14 16:38:47 EDT
126151661,0950641,,PLAINS EXPLORATION & PRODUCTION COMPANY,2126 W. ADAMS BLVD.,LOS ANGELES,CA,90007,A,0000,N,S,1311,211111,A,B,,N,,,,,,,,5640 S. FAIRFAX AVE.,LOS ANGELES,CA,90056,N090    000024373,2,2005-10-31,2006-09-21,2006-04-13,2006-07-21,2011-10-14 16:38:47 EDT
126154608,0950641,,CAZA DRILLING,9101 W. PICO BLVD.,LOS ANGELES,CA,90035,A,0000,N,S,1311,211111,A,B,,Y,,,,,,,,P.O. BOX 17805,DENVER,CO,80217,N090    000022665,8,2004-06-17,2009-03-26,2004-11-15,2007-09-27,2011-10-14 16:38:47 EDT
126182047,0950643,,PACIFIC OPERATORS OFFSHORE,7459 PACIFIC COAST HWY,VENTURA CO.,CA,93001,A,0000,N,S,1382,213112,A,B,,N,X,,,,,,,"205 E CARRILLO ST., # 200",SANTA BARBARA,CA,93101,N078    000030055,50,2004-06-03,2004-09-20,2004-06-04,2004-07-15,2011-10-14 16:38:47 EDT
126182237,0950643,,WEATHERFORD OIL COMPANY,300 W STANLEY AV,VENTURA,CA,93001,A,0000,N,S,1311,211111,A,B,,N,X,,,,,,,,,,00000,N078    000030610,118,2004-10-01,2006-07-10,2004-12-28,2006-07-08,2011-10-14 16:38:47 EDT
126182401,0950643,,MATRIX SERVICES,17100 CALLE MARIPOSA REINA,GAVIOTA,CA,93117,A,0000,N,S,1389,237120,A,B,,N,X,,,,,,,500 W COLLINS AV,ORANGE,CA,92867,N078    000030991,8,2005-01-05,2005-07-19,2005-05-24,2005-07-06,2011-10-14 16:38:47 EDT
126185057,0950643,,LABOR READY,12801 TAMPA AVE.,NORTHRIDGE,CA,91326,A,0000,N,S,1311,000000,A,B,,N,,,,,,,,24225 SAN TAMPA RD,NEWHALL,CA,91321,N078    000027086,5,2001-12-07,,2001-12-13,2001-12-13,2011-10-14 16:38:47 EDT
126187160,0950625,,K S INDUSTRIES,KERN RIVER CHERON FIELD,BAKERSFIELD,CA,93301,A,0000,N,S,1389,213112,A,B,,N,,,,,,,,6205 DISTRICT BLVD,BAKERSFIELD,CA,93313,N068    000023901,1600,2010-06-27,2012-08-03,2010-06-28,2010-06-28,2012-08-07 03:02:29 EDT
126188887,0950643,,GOLDEN STATE DRILLING INC.,AERA ENERGY-BELRIDGE LEASE-WELL 575 Q 1-33,MCKITTRICK,CA,93251,A,0000,N,S,1381,213111,A,A,,N,,,,,,,,3500 FRUITVALE AVENUE,BAKERSFIELD,CA,93308,N078    000028233,5,2002-08-30,2006-06-14,2002-12-16,2005-07-07,2011-10-14 16:38:47 EDT
126188937,0950643,,PROCESS INSTRUMENTS,"1400 EASTON DRIVE, SUITE 113",BAKERSFIELD,CA,93309,A,0000,N,S,1389,000000,A,B,,N,,,,,,,,,,,00000,N078    000028346,6,2002-10-15,2006-07-03,2002-10-22,2006-06-28,2011-10-14 16:38:47 EDT
126188978,0950643,,OIL WELL SERVICE CO.,"HWY 166 & SHORT ROAD,LEUTHULTZ LEASE,WELL #23",MARICOPA,CA,93252,A,0000,N,S,1389,213112,A,B,,N,,,,,,,,1241 EAST BURNETT ST.,SIGNAL HILL,CA,90755,N078    000028365,50,2002-10-22,2005-06-29,2003-02-05,2004-08-18,2011-10-14 16:38:47 EDT
126189109,0950643,,POOL WELL SERVICES CO.,7515 ROSEDALE HWY.,BAKERSFIELD,CA,93308,A,0000,N,S,1389,213112,A,B,,N,,,,,,,,,,,00000,N078    000028483,700,2002-12-03,2005-01-14,2003-04-24,2005-01-11,2011-10-14 16:38:47 EDT
126189117,0950643,,KEY ENERGY SERVICES INC.,18835 HIGHWAY 65,BAKERSFIELD,CA,93308,A,0000,N,S,1389,213112,A,B,,N,,,,,,,,,,,00000,N078    000027393,4,2002-12-03,2012-06-15,2003-05-01,2003-05-06,2012-06-19 02:44:25 EDT
126189133,0950643,,"GOLDEN STATE DRILLING, INC.",3500 FRUITVALE AVE.,BAKERSFIELD,CA,93308,A,0000,N,S,1381,213111,A,B,,N,,,,,,,,,,,00000,N078    000027477,180,2003-01-14,2008-03-18,2003-06-19,2006-06-28,2011-10-14 16:38:47 EDT
126189182,0950643,,WEST COAST CASING SERVICE,5566 STANDARD ST.,BAKERSFIELD,CA,93308,A,0000,N,S,1389,213112,A,B,,N,,,,,,,,,,,00000,N078    000028622,9,2003-01-23,2006-10-26,2003-07-10,2006-10-21,2011-10-14 16:38:47 EDT
126189190,0950643,,POOLWELL SERVICES CO.,7515 ROSEDALE HWY.,BAKERSFIELD,CA,93308,A,0000,N,S,1389,213112,A,B,,N,,,,,,,,,,,00000,N078    000028618,3,2003-01-30,,2003-07-14,2003-07-22,2011-10-14 16:38:47 EDT
126189208,0950643,,CAZA DRILLING (CALIFORNIA) CO.,7001 CHARITY AVENUE,BAKERSFIELD,CA,93308,A,0000,N,S,1381,213111,A,B,,N,,,,,,,,,,,00000,N078    000028619,6,2003-01-28,,2003-07-22,2003-07-22,2011-10-14 16:38:47 EDT
126189224,0950643,,SOUTHWEST CONTRACTORS,2311 BASIC SCHOOL ROAD,MARICOPA,CA,93252,A,0000,N,S,1389,237120,A,B,,N,,,,,,,,3235 UNICORN ROAD,BAKERSFIELD,CA,93308,N078    000028642,90,2003-02-03,2006-07-03,2003-07-23,2006-07-01,2011-10-14 16:38:47 EDT
126189240,0950643,,NABORS DRILLING USA LP,RIG 473-OCCIDENTAL OF ELK HILLS WELL 324-XH-28R,TUPMAN,CA,93276,A,0000,N,S,1381,213111,A,B,,N,,,,,,,,3919 ROSEDALE HWY.,BAKERSFIELD,CA,93308,N078    000028648,10,2003-02-05,2008-07-21,2003-07-28,2008-07-21,2011-10-14 16:38:47 EDT
126189281,0950643,,OIL WELL SERVICE CO.,"HWY 166 & SHORT ROAD,LEUTHULTZ LEASE,WELL #23",MARICOPA,CA,93252,A,0000,N,S,1389,213112,A,B,,N,,,,,,,,1241 EAST BURNETT ST.,SIGNAL HILL,CA,90755,N078    000028365,48,2003-02-25,2008-02-29,2003-08-11,2005-07-06,2011-10-14 16:38:47 EDT
126189331,0950643,,SOUTHWEST CONTRACTORS,.3 MILE S AND .4 MILE E OF ROWLEE RD. & KIMBERLINE,WASCO,CA,93280,A,0000,N,S,1389,237120,A,A,,N,,,,,,,,3235 UNICORN RD.,BAKERSFIELD,CA,93308,N078    000028763,3,2003-03-25,2006-07-10,2003-08-27,2006-07-01,2011-10-14 16:38:47 EDT
126189430,0950643,,VALLEY WASTE DISPOSAL CO.,"1400 EASTON DRIVE, SUITE 139 B",BAKERSFIELD,CA,93309,A,0000,N,S,1389,213112,A,B,,N,,,,,,,,,,,00000,N078    000028878,12,2003-04-24,2006-07-10,2003-09-24,2006-07-01,2011-10-14 16:38:47 EDT
126189620,0950625,,POOL WELL SERVICES CO,1546 CHINA GRADE LOOP,BAKERSFIELD,CA,93308,A,0000,N,S,1389,213112,A,B,,N,,,,,,,,7515 ROSEDALE HWY,BAKERSFIELD,CA,93308,N068    000007615,1100,2002-07-24,,2002-11-08,2002-12-20,2011-10-14 16:38:47 EDT
126189711,0950625,,KINGS OIL TOOLS,DERRICK & PALMER,COALINGA,CA,93210,A,0000,N,S,1311,211111,A,B,,N,,,,,,,,,,,00000,N068    000020865,46,2007-04-26,2007-06-14,2007-04-26,2007-04-26,2011-10-14 16:38:47 EDT
126196401,0950641,,KEY ENERGY SERVICES INC,"5640 S. FAIRFAX AVE., VIC-1-635",LOS ANGELES,CA,90056,A,0000,N,S,1389,213112,A,A,,N,X,,,,,,,18835 HWY. 65,BAKERSFIELD,CA,93308,N090    000022962,500,2004-10-05,2013-03-29,2005-02-24,2005-12-31,2013-04-02 01:00:22 EDT
126205756,0950645,,PRIDE PETROLEUM SERVICES,BECHTEL WELL# 315-31S RIG 320,TUPMAN,CA,93276,A,0000,N,S,1389,000000,A,B,,N,,,,,,,,P.O. BOX 1893,BAKERSFIELD,CA,93303,,6,1997-01-30,,1997-02-28,1998-07-14,2011-10-14 16:38:47 EDT
126205806,0950645,,POOL CALIFORNIA ENERGY SERVICES INC.,MONTEREY RESOURCES WELL 47-36 FEE #118,FELLOWS,CA,93224,A,0000,N,S,1389,000000,A,B,,N,,,,,,,,7515 ROSEDALE HWY.,BAKERSFIELD,CA,93808,,3,1997-02-13,,1997-03-14,1997-10-31,2011-10-14 16:38:47 EDT
126205830,0950645,,WESTERN DRILLING INC.,MOBILE OIL MOCO WELL 696 RIG348,MARICOPA,CA,93252,A,0000,N,S,1381,000000,A,A,,N,,,,,,,,P.O. BOX 1405,TAFT,CA,93268,N071    000011838,5,1997-02-20,2006-10-20,1997-03-19,1997-08-28,2011-10-14 16:38:47 EDT
126205863,0950645,,KEN SMALL CONSTRUCTION INC,MOBIL OIL - 1 MI E OF HOLLOWAY & 2 MI N OF GP RD,LOST HILLS,CA,93249,A,0000,N,S,1389,000000,A,B,,N,,,,,,,,5024 AIRPORT DR,BAKERSFIELD,CA,93308,,3,1997-02-27,,1997-03-26,1997-08-13,2011-10-14 16:38:47 EDT
126205996,0950645,,"GEO DRILLING FLUIDS, INC.","SANTA FE ENERGY, WELL 428, SEC. 27",FELLOWS,CA,93224,A,0000,N,S,1389,000000,A,B,,N,,,,,,,,1431 UNION AVENUE,BAKERSFIELD,CA,93305,N071    000011448,2,1996-05-29,2006-09-07,1996-07-03,1997-08-07,2011-10-14 16:38:47 EDT
126206135,0950645,,"PRIDE PETROLEUM SERVICES, INC.","RIG 350, BECHTEL WELL 32102G",TUPMAN,CA,93276,A,0000,N,S,1389,000000,A,B,,N,,,,,,,,P. O. BOX 1893,BAKERSFIELD,CA,93303,,5,1996-06-24,,1996-08-14,1996-09-18,2011-10-14 16:38:47 EDT
126206143,0950645,,SNOW WELL SERVICE,"MOBIL OIL CORP., FINLEY WELL 245",FELLOWS,CA,93224,A,0000,N,S,1389,000000,A,B,,N,,,,,,,,2545 ADELAIDE,PASO ROBLES,CA,93446,N071    000011306,4,1996-06-24,2006-10-20,1996-06-26,1997-08-21,2011-10-14 16:38:47 EDT
126206531,0950645,,GRAYSON SERVICES,"CRIMSON LEASE, BETWEEN 49 AND I-5",SANTA PAULA,CA,90000,A,0000,N,S,1389,000000,A,B,,N,,,,,,,,4004 S. ENOS LANE,BAKERSFIELD,CA,93312,N071    000011453,6,1996-10-22,2006-09-07,1996-11-26,2000-05-23,2011-10-14 16:38:47 EDT
126206572,0950645,,HALLADOR PRODUCTION COMPANY,HWY 166 & PERKINS RD.,NEW CUYAMAD,CA,93254,A,0000,N,S,1311,000000,A,B,,N,,,,,,,,P.O. BOX 179,NEW CUYAMA,CA,93254,N071    000011489,20,1996-10-31,2006-09-07,1996-11-27,1997-08-08,2011-10-14 16:38:47 EDT
126206606,0950645,,"SANTA FE ENERGY RESOURCES, INC.",STATION 222,FELLOWS,CA,93224,A,0000,N,S,1311,000000,A,B,,Y,,,,,,,,P.O. BOX H,FELLOWS,CA,93224,N071    000011590,20,1996-11-14,,1996-12-13,1998-09-02,2011-10-14 16:38:47 EDT
126206648,0950645,,PACIFIC INSPECTORS CO.,3003 FAIRHAVEN DR. # C,BAKERSFIELD,CA,93308,A,0000,N,S,1389,000000,A,B,,N,,,,,,,,,,,00000,,19,1996-12-05,,1996-12-20,1997-08-19,2011-10-14 16:38:47 EDT
126206796,0950645,,GARY DRILLING CO.,BELL RIDGE OIL FIELD,BAKERSFIELD,CA,93308,A,0000,N,S,1381,000000,A,B,,N,,,,,,,,7001 CHARITY AVE.,BAKERSFIELD,CA,93308,N071    000011682,5,1997-01-15,2008-02-18,1997-02-14,1997-02-21,2011-10-14 16:38:47 EDT
126207992,0950645,,GARY DRILLING,PALMER & CAT CANYON RD.,SISQUOC,CA,93454,A,0000,N,S,1381,000000,A,B,,N,,,,,,,,7001 CHARITY AVE.,BAKERSFIELD,CA,93456,N071    000012038,8,1997-05-27,2008-02-18,1997-06-04,1997-10-28,2011-10-14 16:38:47 EDT
126208677,0950645,,WESTERN DRILLING,"RIG #48 MCFARLAND ENERGY, INC., STAR LEASE",FELLOWS,CA,93224,A,0000,N,S,1381,000000,A,B,,N,,,,,,,,P.O. BOX 1405,TAFT,CA,93268,N071    000011909,5,1997-04-04,2006-10-20,1997-04-29,1997-08-28,2011-10-14 16:38:47 EDT
126208867,0950645,,PAR 4 EQUIPMENT,"TEXACO WELL I-116, SEC 15,T275,R21E",LOST HILLS,CA,93249,A,0000,N,S,1389,000000,A,B,,N,,,,,,,,3231 BRITTAN STREET,BAKERSFIELD,CA,93308,N071    000012018,2,1997-05-14,2006-08-29,1997-07-03,2006-08-28,2011-10-14 16:38:47 EDT
126209063,0950645,,J.P. OIL COMPANY,8 MILES W NEW CUYAMA & N OF HWY 166,NEW CUYAMA,CA,93254,A,0000,N,S,1311,000000,A,B,,N,,,,,,,,22034 ROSEDALE HWY,BAKERSFIELD,CA,93312,,12,1997-07-02,,1997-07-11,1997-10-03,2011-10-14 16:38:47 EDT
126209113,0950645,,MMI SERVICES,RIG #30 NATIONAL LEASE,TAFT,CA,93268,A,0000,N,S,1381,000000,A,A,,N,,,,,,,,6400 PRICE WAY,BAKERSFIELD,CA,93308,N071    000012144,5,1997-07-15,2006-10-25,1997-09-19,1999-10-14,2011-10-14 16:38:47 EDT
126209204,0950645,,TEXACO/GENERAL PRODUCTION SERVICE INC,TEXACO E & P - WELL 3-3,SHAFTER,CA,93263,A,0000,N,S,1389,000000,A,B,,N,,,,,,,,P O BOX 344,TAFT,CA,93268,,5,1997-08-04,,1997-10-01,1998-01-15,2011-10-14 16:38:47 EDT
126209303,0950645,,GARY DRILLING COMPANY,"RIG 9,WELL CATFISH #302-H,BERRY PETROLEUM CO",MARICOPA,CA,93252,A,0000,N,S,1381,000000,A,B,,N,,,,,,,,7001 CHARITY AVENUE,BAKERSFIELD,CA,93308,,5,1997-09-04,,1997-10-29,1998-01-21,2011-10-14 16:38:47 EDT
126209345,0950645,,JERRY MELTON & SONS CONSTRUCTION,CHEVRON CYMRIC-1Y TULARE STEAM PLANT,MCKITTRICK,CA,93251,A,0000,N,S,1389,000000,A,A,,N,,,,,,,,218 G.P. AVENUE,TAFT,CA,93268,N071    000012209,3,1997-10-01,2006-10-25,1998-01-08,1998-06-08,2011-10-14 16:38:47 EDT
126209444,0950645,,"ENTERPRISE DRILLING FLUIDS, INC.",7700 DOWNING AVENUE,BAKERSFIELD,CA,93308,A,0000,N,S,1389,000000,A,B,,N,,,,,,,,P.O. BOX 10207,BAKERSFIELD,CA,93389,,2,1997-10-28,,1997-12-30,1998-03-18,2011-10-14 16:38:47 EDT
126209451,0950645,,GARY DRILLING COMPANY,"RIG 15, BERRY PETROLEUM, TANNEHILL LEASE",MARICOPA,CA,93252,A,0000,N,S,1381,000000,A,B,,N,,,,,,,,7001 CHARITY AVENUE,BAKERSFIELD,CA,93308,,5,1997-10-29,,1998-02-19,1998-03-02,2011-10-14 16:38:47 EDT
126209600,0950645,,PYRAMID OIL COMPANY,WELL PIKE #4-SEC 28-T325/R24E,MARICOPA,CA,93252,A,0000,N,S,1311,000000,A,B,,N,,,,,,,,P.O. BOX 832,BAKERSFIELD,CA,93302,N071    000012330,2,1998-01-08,2006-10-25,1998-03-06,1998-06-08,2011-10-14 16:38:47 EDT
126209634,0950645,,"J.E. MERITT CONSTRUCTION, INC","5201 CALIFORNIA AVE, SUITE 320",BAKERSFIELD,CA,93309,A,0000,N,S,1389,000000,A,D,I,N,,,,,,,,,,,00000,,13,1998-01-12,,1998-01-12,1998-01-21,2011-10-14 16:38:47 EDT
126209642,0950645,,I C O,POOL RIG #746 AERA WELL #112-4-LH #1,LOST HILLS,CA,93249,A,0000,N,S,1389,000000,A,B,,N,,,,,,,,4621 BURR STREET,BAKERSFIELD,CA,93308,N071    000012430,10,1998-01-13,2006-10-25,1998-03-13,2000-09-22,2011-10-14 16:38:47 EDT
126209709,0950645,,GARY DRILLING COMPANY,7001 CHARITY AVE.,BAKERSFIELD,CA,93308,A,0000,N,S,1381,000000,A,B,,N,,,,,,,,,,,00000,N071    000012457,36,1998-02-02,2008-02-18,1998-04-15,1998-07-14,2011-10-14 16:38:47 EDT
126209717,0950645,,GARY DRILLING COMPANY,RIG 14 - TEXACO LEASE,LOST HILLS,CA,93249,A,0000,N,S,1381,000000,A,B,,N,,,,,,,,7001 CHARITY AVENUE,BAKERSFIELD,CA,83008,N071    000012521,5,1998-02-02,,1998-04-14,1999-05-10,2011-10-14 16:38:47 EDT
126209733,0950645,,DAWSON PRODUCTION SERVICES,ARCO SOUTH COLES LEVEE-WELL 52-11,TUPMAN,CA,93276,A,0000,N,S,1389,000000,A,B,,N,,,,,,,,P O BOX 81687,BAKERSFIELD,CA,93380,,3,1998-02-09,,1998-02-17,1998-07-10,2011-10-14 16:38:47 EDT
126209808,0950645,,GOLDEN STATE DRILLING INC,RIG 18 CYMRIC WELL #7214,MCKITTRICK,CA,93251,A,0000,N,S,1381,000000,A,B,,N,,,,,,,,3500 FRUITVALL AVE,BAKERSFIELD,CA,93008,,5,1998-03-03,,1998-04-17,1998-04-24,2011-10-14 16:38:47 EDT
126209816,0950645,,"GOLDEN STATE DRILLING, INC.",RIG 12 CHEVRON LEASE 25 HILL,TAFT,CA,93268,A,0000,N,S,1381,000000,A,B,,N,,,,,,,,3500 FRUITVALE AVENUE,BAKERSFIELD,CA,93308,,5,1998-03-03,,1998-04-17,1998-07-14,2011-10-14 16:38:47 EDT
126209865,0950645,,"CALPI, INC.",TORCH OPERATING CO-BREMER LEASE-GENERATOR #11,FELLOWS,CA,93224,A,0000,N,S,1389,000000,A,B,,N,,,,,,,,P O BOX 6278,BAKERSFIELD,CA,93302,,3,1998-03-18,,1998-03-20,1998-07-10,2011-10-14 16:38:47 EDT
126209907,0950645,,WILLIAM E MASHBURN & SONS TRUCKING,1423 KERN STREET,TAFT,CA,93268,A,0000,N,S,1389,000000,A,B,,N,,,,,,,,P.O. BOX 415,BUTTONWILLOW,CA,93206,N071    000012573,1,1998-03-23,2006-10-25,1998-03-27,1998-06-08,2011-10-14 16:38:47 EDT
126210467,0950645,,HALLIBURTON ENERGY,SCHOOL CANYON RD.,VENTURA,CA,93001,A,0000,N,H,1311,000000,A,B,,N,,,,,,,,P.O. BOX 80118,BAKERSFIELD,CA,93380,N071    000011911,3,1997-03-28,2006-10-25,1997-07-01,1998-04-17,2011-10-14 16:38:47 EDT
126213016,0950645,,GOLDEN STATE DRILLING INC,"RIG 12, SECTION 26C",TAFT,CA,93268,A,0000,N,S,1381,000000,A,B,,N,,,,,,,,3500 FRUITVALE AVENUE,BAKERSFIELD,CA,93308,N071    000012686,5,1998-04-17,,1998-08-13,1998-12-16,2011-10-14 16:38:47 EDT
126213073,0950645,,POOL CALIFORNIA ENERGY SVCS. INC.,RIG #1072 - TEXACO WELL #G - 1311,FELLOWS,CA,93224,A,0000,N,S,1381,000000,A,B,,N,,,,,,,,7515 ROSEDALE HWY  ATTN: MR. BILL STEERS,BAKERSFIELD,CA,93308,N071    000012760,5,1998-05-01,2006-10-25,1998-10-19,2000-05-23,2011-10-14 16:38:47 EDT
126213149,0950645,,DAWSON PRODUCTION SERVICES,RIG 316 - AERA LEASE,MARICOPA,CA,93252,A,0000,N,S,1389,000000,A,B,,N,,,,,,,,P O BOX 81687,BAKERSFIELD,CA,93380,N071    000012651,1,1998-06-03,,1998-08-13,1999-09-20,2011-10-14 16:38:47 EDT
126213321,0950645,,POOL CALIFORNIA ENERGY SERVICES INC,SECTION 11-AERA WELL #5111,MCKITTRICK,CA,93251,A,0000,N,S,1389,000000,A,B,,N,,,,,,,,7515 ROSEDALE HWY   ATTN: BILL STEERS,BAKERSFIELD,CA,93308,N071    000012800,3,1998-09-28,2006-10-25,1998-11-03,2000-02-24,2011-10-14 16:38:47 EDT
126213362,0950645,,OIL WELL SERVICE,LOST HILLS RD AND HWY 46,BAKERSFIELD,CA,93008,A,0000,N,S,1389,000000,A,B,,N,,,,,,,,3501 FRUITVALE AVENUE,BAKERSFIELD,CA,93308,N071    000012818,4,1998-10-08,,1998-11-17,2000-01-05,2011-10-14 16:38:47 EDT
126213388,0950645,,MMI SERVICES,6400 PRICE WAY,BAKERSFIELD,CA,93308,A,0000,N,S,1389,000000,A,B,,N,,,,,,,,,,,00000,000000000,3,1998-10-19,,1998-12-18,1999-01-06,2011-10-14 16:38:47 EDT
126213453,0950645,,WESTERN WELL SERVICE,"TORCH WELPORT LEASE, WELL 20R",MCKITTRICK,CA,93251,A,0000,N,S,1389,000000,A,B,,N,,,,,,,,P O BOX 1405,TAFT,CA,93268,N071    000012965,3,1998-11-19,2006-10-25,1998-12-29,2000-10-20,2011-10-14 16:38:47 EDT
126213487,0950643,,KEY ENERGY SERVICES INC,RIG 422 OCCIDENTAL ELK HILLS WELL #338H-33X,TUPMAN,CA,93276,A,0000,N,S,1389,000000,A,B,,N,,,,,,,,18850 ORANGEBELT HWY.,BAKERSFIELD,CA,93308,N078    000024995,3,1998-11-24,2008-03-18,1999-05-20,1999-05-25,2011-10-14 16:38:47 EDT
126213511,0950645,,"NABORS DRILLING USA, INC.","RIG 472, OXY, ELK HILLS",TUPMAN,CA,93276,A,0000,N,S,1381,000000,A,B,,N,,,,,,,,3919 ROSEDALE HWY,BAKERSFIELD,CA,93308,N071    000012978,5,1998-12-10,2006-10-25,1999-01-05,2000-06-21,2011-10-14 16:38:47 EDT
126213529,0950645,,"NABORS DRILLING USA, INC.","RIG 496, OXY, ELK HILLS",TUPMAN,CA,93276,A,0000,N,S,1311,000000,A,B,,N,,,,,,,,3919 ROSEDALE HWY,BAKERSFIELD,CA,93308,N071    000013024,8,1998-12-10,2006-10-25,1999-01-05,2000-06-21,2011-10-14 16:38:47 EDT
126213537,0950645,,BROWN & ROOT ENERGY SERVICES,"OXY, ELK HILLS",TUPMAN,CA,93276,A,0000,N,S,1389,000000,A,B,,N,,,,,,,,3701 FRUITVALE AVENUE,BAKERSFIELD,CA,93308,N071    000012979,2,1998-12-15,2006-10-20,1999-01-04,1999-10-14,2011-10-14 16:38:47 EDT
126213636,0950643,,KVS TRANSPORTATION INC.,1/4 N OF 7TH STANDARD RD-E SIDE OF HWY 33,MCKITTRICK,CA,93251,A,0000,N,S,1389,000000,A,B,,N,,,,,,,,P.O. BOX 5295,BAKERSFIELD,CA,93388,N078    000024938,2,1999-01-14,,1999-04-26,1999-05-03,2011-10-14 16:38:47 EDT
126213867,0950643,,MORTON ENGINEERING & CONSTRUCTION INC,27506 HIGHWAY 119,TAFT,CA,93268,A,0000,N,S,1389,000000,A,B,,N,,,,,,,,P.O. BOX N,TAFT,CA,93268,N078    000035891,30,1999-03-03,2008-03-27,1999-04-22,1999-06-15,2011-10-14 16:38:47 EDT
126214410,0950643,,GENERAL PRODUCTION SERVICE INC.,26871 HENRY RD.,FELLOWS,CA,93224,A,0000,N,S,1389,000000,A,B,,N,,,,,,,,P.O. BOX 344,TAFT,CA,93268,N078    000025491,3,1999-10-21,2006-10-26,1999-12-02,2000-11-07,2011-10-14 16:38:47 EDT
126214436,0950643,,"KEY ENERGY SERVICES, INC.","BERRY PETROLEUM, PLACERITA CANYON",VALENCIA,CA,91355,A,0000,N,S,1389,000000,A,B,,N,,,,,,,,18850 ORANGEBELT HWY.,BAKERSFIELD,CA,93308,N078    000025511,20,1999-10-26,,1999-12-14,2001-03-05,2011-10-14 16:38:47 EDT
126214444,0950643,,KEY ENERGY SERVICES INC.,RIG #439 OCCIDENTAL OF ELK HILLS-WELL 21-BG,TUPMAN,CA,93276,A,0000,N,S,1389,000000,A,B,,N,,,,,,,,18850 ORANGEBELT HWY.,BAKERSFIELD,CA,93308,N078    000025515,5,1999-10-26,2006-10-26,1999-12-14,2006-10-23,2011-10-14 16:38:47 EDT
126214469,0950643,,GARY DRILLING CO.,RIG D11-ASPEN EXPLORATION-BRANT LEASE,BAKERSFIELD,CA,93312,A,0000,N,S,1381,000000,A,B,,N,,,,,,,,7001 CHARITY AVENUE,BAKERSFIELD,CA,93308,N078    000025603,5,1999-11-02,,2000-02-17,2000-02-22,2011-10-14 16:38:47 EDT
126214527,0950643,,"GOLDEN STATE DRILLING, INC.",3500 FRUITVALE AVE.,BAKERSFIELD,CA,93308,A,0000,N,S,1381,000000,A,B,,N,,,,,,,,,,,00000,N078    000027477,5,1999-11-29,2008-03-18,2000-01-03,2000-01-06,2011-10-14 16:38:47 EDT
126214576,0950643,,KEY ENERGY SERVICES INC.,RIG #1165 BERRY PETROLEUM WELL BBO #120,MARICOPA,CA,93252,A,0000,N,S,1389,000000,A,B,,N,,,,,,,,18835 HWY. 65,BAKERSFIELD,CA,93308,N078    000025837,4,1999-12-15,,2000-05-22,2001-03-09,2011-10-14 16:38:47 EDT
126214584,0950643,,KEY ENERGY SERVICES INC.,"RIG #451 OCCIDENTAL ELK HILLS, WELL #356X-5G",TUPMAN,CA,93276,A,0000,N,S,1389,000000,A,B,,N,,,,,,,,18835 HWY. 65,BAKERSFIELD,CA,93308,N078    000025836,4,1999-12-15,,2000-05-22,2001-05-31,2011-10-14 16:38:47 EDT
126215169,0950645,,IRWIN INDUSTRIES,325 ROCKLITE RD.,VENTURA,CA,93001,A,0000,N,S,1311,000000,A,B,,N,X,,,,,,,,,,00000,N071    000012461,50,1997-11-26,2008-02-18,1997-11-26,1998-11-03,2011-10-14 16:38:47 EDT
126219344,0950641,,"SIGNET TESTING LABS, INC.",807 WEST 168TH STREET,LOS ANGELES,CA,90247,A,0000,N,S,1389,000000,A,B,,N,,,,,,,,6 HUTTON CENTRE DRIVE SUITE 700,SANTA ANA,CA,92707,N090    000017349,3,1999-10-01,,1999-11-17,1999-11-17,2011-10-14 16:38:47 EDT
126765437,0854910,,UNION DRILLING #17,MYTON,MYTON,UT,84052,A,0000,N,S,1381,000000,A,A,,N,X,,,,,,,420 BOULEVARD OF THE ALLIES,PITTSBURGH,PA,15219,,9,1996-12-12,,1997-01-03,1997-01-03,2011-10-14 16:38:47 EDT
126780741,0854910,,TEMPLE WELL SERVICE,PENNZOIL WELL LAMICQ-URRITY #4-17A2,ROOSEVELT,UT,84066,A,0000,N,S,1389,000000,A,A,,N,,X,,,,,,P O BOX 765,VERNAL,UT,84078,,4,1997-11-12,,1997-11-19,1998-09-28,2011-10-14 16:38:47 EDT
126782812,0854910,,DOWELL SCHLUMBERGER,JESSON WELL 1-17A4,ALTONAH,UT,84002,A,0000,N,S,1389,000000,A,B,,N,X,,,,,,,1170 E MAIN,VERNAL,UT,84078,,16,1998-01-08,,1998-01-08,1998-01-08,2011-10-14 16:38:47 EDT
126785419,0854910,,INLAND PRODUCTION COMPANY,PLEASANT VALLEY AKAN FEDERAL #23-6,DUCHESNE,UT,84021,A,0000,N,S,1311,000000,A,A,,N,X,,,,,,,P O BOX 1446,ROOSEVELT,UT,84053,N018    000011647,64,1998-03-20,,1998-03-20,1999-03-20,2011-10-14 16:38:47 EDT
126791110,0854910,,AZTEC WELL SERVICING CO.,CHAPITA WELLS UNIT 547-2F,UINTAH COUNTY,UT,84078,A,0000,N,S,1311,000000,A,A,,N,X,,,,,,,P O BOX 100,AZTEC,NM,87410,N018    000012055,17,1998-08-03,,1998-08-03,1999-08-01,2011-10-14 16:38:47 EDT
126791847,0854910,,BARRETT RESOURCES,120Z-2 COYOTE BASIN,ROOSEVELT,UT,84066,A,0000,N,S,1311,000000,A,B,,N,,X,,,,,,30 W 425 S,ROOSEVELT,UT,84066,N018    000012076,3,1998-08-20,,1998-08-20,1999-08-21,2011-10-14 16:38:47 EDT
126805043,0854910,,POOL ENERGY SERVICES CO.,COASTAL OIL & GAS LEASE:  OURAY 5-67,ROOSEVELT,UT,84066,A,0000,N,S,1381,000000,A,A,,N,X,,,,,,,P O BOX 1515,ROOSEVELT,UT,84066,N018    000013143,4,1999-07-02,,1999-07-02,2003-12-04,2011-10-14 16:38:47 EDT
127198455,0552652,,BIGARD & HUGGARD DRILLING INC.,SW NW SE SEC 36 26N 12W GREEN LAKE TWP,INTERLOCKEN,MI,49643,A,0000,N,S,1381,000000,A,B,,N,X,,,,,,,5580 VENTURE WAY,MT PLEASANT,MI,48858,N176    000029001,58,2002-02-15,,2002-03-08,2002-06-24,2011-10-14 16:38:47 EDT
214690778,0522000,,ROBERT W MCDANIEL CO,FIRST AND SEARS STREETS,Dayton,OH,45402,,0000,,S,1389,000000,A,A,,B,,,,,,,,,,,00000,,1,1979-11-01,,1979-11-01,1984-03-10,2011-10-14 16:38:47 EDT
214787632,0522300,,POMINEX INC,10731 WEST SOUTH RANGE ROAD,Greenford,OH,44422,,0000,,S,1311,000000,A,B,,B,,,,,,,,,,,00000,,12,1980-06-17,,1980-07-14,1980-08-21,2011-10-14 16:38:47 EDT
214814261,0522300,,PEP DRILLING CO,WEBSTER ROAD,Ashtabula,OH,44047,,0000,,S,1381,000000,A,B,,B,,,,,,,,,,,00000,,55,1974-10-23,,1974-10-23,1976-05-17,2011-10-14 16:38:47 EDT
214877235,0522300,,PERKINS DRILLING INC,MINSKI-KREPA WELL NO 1 LIMERID,Ravenna,OH,44266,,0000,,S,1381,000000,A,B,,B,,,,,,,,,,,00000,,103,1977-07-20,,1977-07-27,1977-09-30,2011-10-14 16:38:47 EDT
214877516,0522300,,PERKINS DRILLING INC,FLINT WELL NO 2094 DRILLING RI,Southington,OH,44470,,0000,,S,1381,000000,A,B,,B,,,,,,,,,,,00000,,117,1978-02-08,,1978-02-21,1978-08-04,2011-10-14 16:38:47 EDT
214877656,0522300,,PERKINS DRILLING INC,RIG NO 1 BODANZAK WELL 2166 SR,Southington,OH,44470,,0000,,S,1381,000000,A,B,,B,,,,,,,,,,,00000,,117,1978-06-26,,1978-07-19,1979-05-03,2011-10-14 16:38:47 EDT
214877664,0522300,,MILLER RESOURCES INC,YALE RD KARAS WELL 2 RIG 1 POR,Deerfield,OH,44411,,0000,,S,1381,000000,A,A,,B,,,,,,,,,,,00000,,13,1978-06-29,,1978-07-13,1979-05-03,2011-10-14 16:38:47 EDT
214877722,0522300,,MILLER RESOURCES INC,9700 W RESERVE RD JOHNSON WELL,Canfield,OH,44514,,0000,,S,1381,000000,A,B,,B,,,,,,,,,,,00000,,43,1978-12-22,,1979-02-07,1979-05-03,2011-10-14 16:38:47 EDT
214879769,0522300,,NUCORP ENERGY CO,1373 DODGEVILLE RD CUNNINGHAM,Rome,OH,44066,,0000,,S,1389,000000,A,A,,B,,,,,,,,,,,00000,,6,1981-07-17,,1981-07-31,1982-08-31,2011-10-14 16:38:47 EDT
214905887,0522300,,CANTON-OIL-WELL,4223 LINCOLN EAST,East Canton,OH,44730,,0000,,S,1389,000000,A,B,,B,,,,,,,,,,,00000,,57,1976-02-03,,1976-02-03,1976-06-10,2011-10-14 16:38:47 EDT
214949133,0522300,,PERKINS & SUMMERS DRILLING INC,DIEHL ROAD MILE WEST OF ROUTE,Boardman,OH,44146,,0000,,S,1381,000000,A,A,,B,,,,,,,,,,,00000,,85,1976-08-04,,1976-08-12,1976-09-08,2011-10-14 16:38:47 EDT
214950131,0522300,,DELTA STATES OIL INC,ORIEL ROBERTS ROAD & ROUTE #11,Youngstown,OH,44505,,0000,,S,1381,000000,A,B,,B,,,,,,,,,,,00000,,130,1977-11-29,,1977-12-16,1978-07-21,2011-10-14 16:38:47 EDT
215026717,0522500,,MID-AMERICAN CONTRACTING INC,STATE HIGHWAY ROUTE 7,Reno,OH,45773,,0000,,S,1389,000000,A,B,,B,,,,,,,,,,,00000,,7,1979-08-22,,1979-08-28,1982-06-25,2011-10-14 16:38:47 EDT
215031253,0522500,,EDCO DRILLING & PRODUCING INC,SNYDER 1 A TOWNSHIP RD 28,Warsaw,OH,43844,,0000,,S,1389,000000,A,B,,B,,,,,,,,,,,00000,,2,1982-09-24,,1982-10-06,1983-10-27,2011-10-14 16:38:47 EDT
215072273,0522500,,GO WIRELINE SERVICES,COUNTY ROAD 82 FEARING TWP SE,Marietta,OH,45750,,0000,,S,1389,000000,A,B,,B,,,,,,,,,,,00000,,1700,1979-08-15,,1979-08-16,1980-09-11,2011-10-14 16:38:47 EDT
215072281,0522500,,COURT PETROLEUM CO INC,COUNTY RD 82 FEARING TWP SECT,Marietta,OH,45750,,0000,,S,1311,000000,A,A,,B,,,,,,,,,,,00000,,1,1979-08-15,,1979-08-15,1981-04-17,2011-10-14 16:38:47 EDT
215085846,0522500,,HOPEWELL OIL & GAS DEVELOPME,BEARFIELD TOWNSHIP ROAD 203,Crooksville,OH,43731,,0000,,S,1389,000000,A,A,,B,,,,,,,,,,,00000,,7,1980-09-24,,1980-09-24,1981-01-14,2011-10-14 16:38:47 EDT
215094194,0522500,,UNGER DRILLING CO,LAKELAND HILLS,Zanesville,OH,43830,,0000,,S,1381,000000,A,A,,B,,,,,,,,,,,00000,,24,1976-08-16,,1976-08-16,1978-03-03,2011-10-14 16:38:47 EDT
215094921,0522500,,AZTEC OIL OF OHIO INC,WELL NO #1 WILLIAM FORTNER FAR,Zanesville,OH,43701,,0000,,S,1381,000000,A,B,,B,,,,,,,,,,,00000,,35,1981-01-13,,1981-01-22,1981-04-09,2011-10-14 16:38:47 EDT
215097205,0522500,,EDCO DRILLING AN PRODUCING INC,HEDRICK NO 2 WELL PERRY TWP,Warsaw,OH,43844,,0000,,S,1381,000000,A,B,,B,,,,,,,,,,,00000,,13,1983-03-12,,1983-03-22,1983-10-19,2011-10-14 16:38:47 EDT
215098104,0522500,,MID ATLANTIC OIL CO RIG 4,CHAPMAN UNIT WELL 1 TWP RD 108,Belle Valley,OH,43717,,0000,,S,1381,000000,A,B,,B,,,,,,,,,,,00000,,4,1983-12-12,,1983-12-12,1983-12-23,2011-10-14 16:38:47 EDT
215141953,0522500,,BELL DRILLING & PRODUCING CO,STATE ROUTE 216,Murray City,OH,43144,,0000,,S,1381,000000,A,A,,B,,,,,,,,,,,00000,,3,1981-10-08,,1981-10-08,1982-01-04,2011-10-14 16:38:47 EDT
215152117,0522500,,JOHNSON DRILLING CO,CLARK TOWNSHIP ROAD 49,Warsaw,OH,43844,,0000,,S,1381,000000,A,B,,B,,,,,,,,,,,00000,,11,1978-09-26,,1978-09-28,1979-02-26,2011-10-14 16:38:47 EDT
215152133,0522500,,ARMSTRONG DRILLING INC,PIRL ORR FARM RT2 KIMBOLTON OH,Kimbolton,OH,43749,,0000,,S,1381,000000,A,B,,B,,,,,,,,,,,00000,,165,1978-10-05,,1978-10-20,1979-02-05,2011-10-14 16:38:47 EDT
215152158,0522500,,PERKINS DRILLING INC,CECIL LAWRENCE FARM CENTER TWP,Mcconnelsville,OH,44852,,0000,,S,1381,000000,A,B,,B,,,,,,,,,,,00000,,60,1978-10-25,,1978-11-03,1979-09-24,2011-10-14 16:38:47 EDT
215152331,0522500,,JOHN UNGER DRILLING INC,GANT PARKS OHIO POWER NO 1 WEL,Caldwell,OH,43724,,0000,,S,1381,000000,A,B,,B,,,,,,,,,,,00000,,28,1978-12-19,,1978-12-23,1979-02-26,2011-10-14 16:38:47 EDT
215153271,0522500,,L B JACKSON CO,PAUL SMITH #3 WELL WASHINGTON,Marietta,OH,45750,,0000,,S,1381,000000,A,B,,B,,,,,,,,,,,00000,,30,1979-10-02,,1979-10-03,1979-12-04,2011-10-14 16:38:47 EDT
215153420,0522500,,ARMSTRONG DRILLING INC,L AND C HUCK UNIT #1 WELL MORG,Mcconnelsville,OH,43756,,0000,,S,1381,000000,A,B,,B,,,,,,,,,,,00000,,165,1979-11-20,,1979-11-21,1980-10-07,2011-10-14 16:38:47 EDT
215206574,0551800,,CLEFF OIL PRODUCERS INC,OATSVILLE RD R R 4,Petersburg,IN,47567,,0000,,S,1381,000000,A,A,,B,,,,,,,,,,,00000,,7,1982-12-06,,1982-12-13,1983-08-19,2011-10-14 16:38:47 EDT
215206657,0551800,,BEEHILL DRILLING CO INC,1018 LINCOLN AVE,Evansville,IN,47714,,0000,,S,1381,000000,A,B,,B,,,,,,,,,,,00000,,13,1983-02-16,,1983-02-28,1983-04-15,2011-10-14 16:38:47 EDT
215206871,0551800,,BEEHILL DRILLING CO INC,1018 LINCOLN AVE,Evansville,IN,47704,,0000,,S,1311,000000,A,B,,B,,,,,,,,,,,00000,,13,1982-06-01,,1982-06-08,1983-08-11,2011-10-14 16:38:47 EDT
215324948,0523100,,WEST DRILLING CO,WARNER ROWE LEASE WELL 2,Bloomfield,IN,47424,,0000,,S,1381,000000,A,B,,B,,,,,,,,,,,00000,,20,1972-07-26,,1972-07-26,1984-03-10,2011-10-14 16:38:47 EDT
217424167,0728500,,FRY'S TANK SERVICE INC,210 EIGHTH STREET,Claflin,KS,67401,,0000,,S,1389,000000,A,A,,B,,,,,,,,,,,00000,,1,1973-08-17,,1973-08-17,1979-01-26,2011-10-14 16:38:47 EDT
217424886,0728500,,LEBEN DRILLING INC,111 WEST DOUGLAS,Wichita,KS,67202,,0000,,S,1381,000000,A,A,,B,,,,,,,,,,,00000,,60,1973-02-28,,1973-02-28,1984-03-10,2011-10-14 16:38:47 EDT
217479849,0729700,,GENE'S OILFIELD SERVICE,SOUTH HIGHWAY US 283,Ness City,KS,67560,,0000,,S,1389,000000,A,A,,B,,,,,,,,,,,00000,,5,1975-04-23,,1975-04-23,1975-05-07,2011-10-14 16:38:47 EDT
217483791,0729700,,EDCO DRILLING CO,5 MILES NORTH OF WHITEWATER KS,Whitewater,KS,67154,,0000,,S,1381,000000,A,B,,B,,,,,,,,,,,00000,,39,1980-01-22,,1980-01-24,1984-03-10,2011-10-14 16:38:47 EDT
217485465,0729700,,DUNBAR & SONS OIL ENTERPRISES,5 1/2 MI E OF DEXTER KANSAS,Dexter,KS,67038,,0000,,S,1311,000000,A,B,,B,,,,,,,,,,,00000,,9,1982-12-22,,1983-01-07,1983-02-23,2011-10-14 16:38:47 EDT
217486026,0729700,,RANGE OIL CO INC,5 MI S OF POTWIN KANSAS,Potwin,KS,67123,,0000,,S,1382,000000,A,B,,B,,,,,,,,,,,00000,,47,1984-01-04,,1984-01-09,1984-01-13,2011-10-14 16:38:47 EDT
217487313,0729700,,C & K CONSTRUCTION D/B/A JOHN,11 MILES N 2 1/2 MILES E & 1/2,Liberal,KS,67901,,0000,,S,1389,000000,A,B,,B,,,,,,,,,,,00000,,22,1979-01-09,,1979-01-10,1979-02-09,2011-10-14 16:38:47 EDT
217493840,0729700,,JOHN CHRIS HAWTHORNE,2 MI N SYLLARDS ON HAWTHORNE,Eureka,KS,67045,,0000,,S,1389,000000,A,A,,B,,,,,,,,,,,00000,,1,1982-10-20,,1982-10-21,1982-11-30,2011-10-14 16:38:47 EDT
217501451,0729700,,KEWANEE OIL CO,9 MILES SE OF MEDICINE LODGE K,Medicine Lodge,KS,67104,,0000,,S,1311,000000,A,A,,B,,,,,,,,,,,00000,,5,1977-04-05,,1977-04-06,1977-04-20,2011-10-14 16:38:47 EDT
217502343,0729700,,PIPE PULLERS INC,5 MILES SE OF SHARON KS,Sharon,KS,67138,,0000,,S,1389,000000,A,B,,B,,,,,,,,,,,00000,,5,1978-04-19,,1978-05-09,1978-05-30,2011-10-14 16:38:47 EDT
217504653,0729700,,PIONEER DRILLING CO INC,6 MILES EAST OF STOCKTON SO SI,Stockton,KS,67669,,0000,,S,1381,000000,A,B,,B,,,,,,,,,,,00000,,52,1981-05-06,,1981-05-06,1981-06-19,2011-10-14 16:38:47 EDT
217505155,0729700,,EMPHASIS OIL OPERATIONS,TWO & ONE HALF MILES SOUTH,Bazine,KS,67516,,0000,,S,1381,000000,A,A,,B,,,,,,,,,,,00000,,109,1981-11-05,,1981-11-06,1982-01-04,2011-10-14 16:38:47 EDT
217505171,0729700,,CYCLONE WELL SERVICE INC,ONE MILE WEST OF,Canton,KS,67428,,0000,,S,1389,000000,A,A,,B,,,,,,,,,,,00000,,9,1981-11-27,,1981-12-02,1981-12-29,2011-10-14 16:38:47 EDT
217505403,0729700,,FRANCIS CASING CREWS,TEN MILES W & ONE SOUTH,Stockton,KS,67669,,0000,,S,1389,000000,A,A,,B,,,,,,,,,,,00000,,30,1982-01-12,,1982-01-15,1983-01-12,2011-10-14 16:38:47 EDT
217505411,0729700,,THUNDERBIRD DRILLING INC,TEN MILE W & ONE MILE SOUTH,Stockton,KS,67669,,0000,,S,1311,000000,A,A,,B,,,,,,,,,,,00000,,45,1982-01-12,,1982-01-15,1982-08-12,2011-10-14 16:38:47 EDT
217506138,0729700,,MONTGOMERY EXPLORATION INC,FOUR MILES SOUTH,Codell,KS,67630,,0000,,S,1381,000000,A,A,,B,,,,,,,,,,,00000,,19,1982-05-18,,1982-05-19,1983-01-18,2011-10-14 16:38:47 EDT
217509579,0729700,,3-D TANK SERVICE INC,FRONT STREET & WICHITA,Russell,KS,67665,,0000,,S,1389,000000,A,B,,B,,,,,,,,,,,00000,,15,1984-01-06,,1984-01-06,1984-02-27,2011-10-14 16:38:47 EDT
217516806,0729700,,DNB INC,6 MILES NORTHWEST ON BURDETT G,Burdett,KS,67523,,0000,,S,1381,000000,A,A,,B,,,,,,,,,,,00000,,15,1977-10-20,,1977-10-26,1984-03-10,2011-10-14 16:38:47 EDT
217518059,0729700,,DA MAC DRILLING INC,11 MILE NORTH OF SUBLETTE KS,Sublette,KS,67877,,0000,,S,1381,000000,A,A,,B,,,,,,,,,,,00000,,8,1976-10-28,,1976-10-29,1984-03-10,2011-10-14 16:38:47 EDT
217518190,0729700,,EDCO DRILLING CO,4 MILE EAST 5 MILE SOUTH OF LA,Gridley,KS,66855,,0000,,S,1381,000000,A,A,,B,,,,,,,,,,,00000,,23,1976-11-29,,1976-11-29,1976-12-15,2011-10-14 16:38:47 EDT
217519446,0729700,,MINDENHALL DRILLING CO,5 MILE NORTH 3 MILE EAST OF SA,Sabetha,KS,66534,,0000,,S,1381,000000,A,A,,B,,,,,,,,,,,00000,,4,1977-10-05,,1977-10-05,1978-01-24,2011-10-14 16:38:47 EDT
217519990,0729700,,B & N DRILLING CO,2 MILE EAST 1 MILE SOUTH,Ellinwood,KS,67526,,0000,,S,1381,000000,A,B,,B,,,,,,,,,,,00000,,50,1978-07-10,,1978-07-11,1978-07-25,2011-10-14 16:38:47 EDT
217520063,0729700,,LAYTON OIL CO,OIL FIELD 6 MILE NE JCT 75 & 1,Independence,KS,67301,,0000,,S,1311,000000,A,A,,B,,,,,,,,,,,00000,,175,1978-08-07,,1978-08-07,1978-08-24,2011-10-14 16:38:47 EDT
217521343,0729700,,OSTROM WELL SERVICE INC,6 MILE SOUTH 4 MILE WEST,Logan,KS,67646,,0000,,S,1389,000000,A,B,,B,,,,,,,,,,,00000,,22,1979-11-05,,1979-11-06,1980-04-14,2011-10-14 16:38:47 EDT
217521640,0729700,,WHITE & ELLIS DRILLING INC,2 MILE NORTH 1 MILE WEST,Augusta,KS,67010,,0000,,S,1381,000000,A,A,,B,,,,,,,,,,,00000,,95,1980-02-07,,1980-02-07,1981-02-05,2011-10-14 16:38:47 EDT
217523240,0729700,,SUN BURST ENERGY INC,3 MILE EAST HALF MILE NORTH,Hardtner,KS,67057,,0000,,S,1381,000000,A,B,,B,,,,,,,,,,,00000,,21,1981-06-03,,1981-06-04,1981-06-11,2011-10-14 16:38:47 EDT
217523950,0729700,,ALLEN DRILLING CO,1 MILE SOUTH & 1 MILE WEST,Holyrood,KS,67450,,0000,,S,1381,000000,A,B,,B,,,,,,,,,,,00000,,75,1982-04-20,,1982-04-21,1982-05-04,2011-10-14 16:38:47 EDT
217531227,0729700,,PATRICK WELL SERVICE INC,MARTINEZ WELL AZ 9 MILE NW LIB,Liberal,KS,67941,,0000,,H,1389,000000,A,A,,B,,,,,,,,,,,00000,,28,1975-10-07,,1975-10-08,1975-12-03,2011-10-14 16:38:47 EDT
217535020,0729700,,RAY LAW OIL PRODUCTS,1520 EAST GORDON,Mcpherson,KS,67460,,0000,,S,1311,000000,A,A,,B,,,,,,,,,,,00000,,2,1974-04-22,,1974-04-22,1984-03-10,2011-10-14 16:38:47 EDT
217552033,0729700,,CHIEF DRILLING CO INC,5 MILES SOUTH 2 1/2 MILES WEST,Oakley,KS,67748,,0000,,S,1381,000000,A,A,,B,,,,,,,,,,,00000,,12,1976-01-05,,1976-01-07,1976-01-20,2011-10-14 16:38:47 EDT
217552207,0729700,,SHIELDS DRILLING CO INC,8 MILES W ON HIGHWAY 281 POLCY,Russell,KS,67665,,0000,,S,1381,000000,A,A,,B,,,,,,,,,,,00000,,12,1976-02-04,,1976-02-05,1976-08-19,2011-10-14 16:38:47 EDT
217552900,0729700,,PRATT WELL DRILLING SERVICE IN,6 MILES SOUTHWEST,Medicine Lodge,KS,67104,,0000,,S,1381,000000,A,A,,B,,,,,,,,,,,00000,,3,1976-07-20,,1976-07-21,1976-09-17,2011-10-14 16:38:47 EDT
217556604,0729700,,SLAWSON DRILLING CO INC,8 MI SO & 1 1/2 MI EAST,Clearwater,KS,67026,,0000,,S,1381,000000,A,A,,B,,,,,,,,,,,00000,,175,1981-11-17,,1981-11-19,1982-11-16,2011-10-14 16:38:47 EDT
217556687,0729700,,UNION DRILLING CO INC,8 MILES EAST 1 MILE NORTH,Larned,KS,67550,,0000,,S,1381,000000,A,A,,B,,,,,,,,,,,00000,,34,1982-01-11,,1982-02-08,1982-03-04,2011-10-14 16:38:47 EDT
217556695,0729700,,SUPERIOR TESTERS INC,8 MILE EAST 1 MILE NORTH,Larned,KS,67550,,0000,,S,1389,000000,A,A,,B,,,,,,,,,,,00000,,7,1982-01-11,,1982-02-08,1982-02-10,2011-10-14 16:38:47 EDT
217561885,0729700,,HALLIBURTON SERVICES,2 MILES EAST 3/4 MILE NORTH,Harper,KS,67040,,0000,Y,S,1389,000000,A,A,,B,,,,,,,,,,,00000,,9,1980-05-09,,1980-05-09,1981-05-07,2011-10-14 16:38:47 EDT
217697325,0830100,,E LINE OILFIELD SERVICES,BURLINGTON NORTHERN SITE,Cut Bank,MT,59427,,0000,,S,1389,000000,A,B,,B,,,,,,,,,,,00000,,13,1978-11-21,,1978-11-21,1979-04-09,2011-10-14 16:38:47 EDT
217697747,0830100,,CIRCLE T DRILLING CO INC,STATE 923 SEC 16-23N-54 E,Sidney,MT,59270,,0000,,S,1381,000000,A,B,,B,,,,,,,,,,,00000,,400,1979-05-09,,1979-05-09,1980-12-16,2011-10-14 16:38:47 EDT
217698372,0830100,,NICOR DRILLING CO,SEC 16 T 31 N 59E RIG 17,Medicine Lake,MT,59247,,0000,,S,1381,000000,A,B,,B,,,,,,,,,,,00000,,44,1979-12-06,,1979-12-06,1980-10-16,2011-10-14 16:38:47 EDT
217698745,0830100,,N L WELL SERVICE,SW NW SECTION 28T 33N R58E SHE,Dagmar,MT,59219,,0000,,S,1311,000000,A,B,,B,,,,,,,,,,,00000,,45,1980-07-07,,1980-07-18,1980-08-27,2011-10-14 16:38:47 EDT
217699115,0830100,,HELMERICH & PAYNE INC,SEC 28 36N 48E 3MI NE OF SCOBE,Scobey,MT,59263,,0000,,S,1381,000000,A,A,,B,,,,,,,,,,,00000,,22,1981-02-03,,1981-02-13,1981-05-22,2011-10-14 16:38:47 EDT
217699149,0830100,,WILLISTON INDUSTRIAL SUPPLY CO,SEC 28 36N 3MI NE OF SCOBEY,Scobey,MT,59263,,0000,,S,1389,000000,A,B,,B,,,,,,,,,,,00000,,150,1981-02-03,,1981-02-13,1981-10-16,2011-10-14 16:38:47 EDT
217700459,0830100,,GENERAL WELL SERVICES INC,FED 11-18 SO CHINDOK RTE 6,Cut Bank,MT,59427,,0000,,S,1381,000000,A,B,,B,,,,,,,,,,,00000,,50,1980-07-22,,1980-07-23,1980-12-16,2011-10-14 16:38:47 EDT
217700871,0830100,,L P ANDERSON CONTRACTOR INC,SHELL PIPE YARD,Glendive,MT,59330,,0000,,S,1389,000000,A,B,,B,,,,,,,,,,,00000,,65,1980-11-06,,1980-11-06,1980-11-13,2011-10-14 16:38:47 EDT
217701010,0830100,,G G CONSOLIDATED GEOREX GEOPHI,MAGAZINE AREA,Choteau,MT,59422,,0000,,S,1382,000000,A,B,,B,,,,,,,,,,,00000,,50,1981-03-09,,1981-03-09,1981-03-13,2011-10-14 16:38:47 EDT
217701390,0830100,,CONSOLIDATED GEOREY GEOPHYSICS,EAST 1 MI HWY 221 CHOTEAU,Choteau,MT,59422,,0000,,S,1382,000000,A,B,,B,,,,,,,,,,,00000,,1000,1981-07-06,,1981-07-21,1981-08-07,2011-10-14 16:38:47 EDT
217702133,0830100,,BALTIC DRILLING LTD,7N 10W SEC 2 MONTANA STATE,Deer Lodge,MT,59722,,0000,,S,1381,000000,A,B,,B,,,,,,,,,,,00000,,21,1982-08-03,,1982-10-29,1983-01-21,2011-10-14 16:38:47 EDT
217703065,0830100,,MONTANA POWER CO,CUT BANK CAMP NORTH HWY 213,Cut Bank,MT,59427,,0000,,S,1311,000000,A,B,,A,,,,,,,,,,,00000,,4,1983-08-23,,1983-09-28,1984-02-29,2011-10-14 16:38:47 EDT
217716323,0830100,,BOMAC EXPLORATION CO,1-1/4 MILES SOUTH,Peerless,MT,59253,,0000,,S,1382,000000,A,A,,B,,,,,,,,,,,00000,,13,1973-05-30,,1973-05-30,1984-03-10,2011-10-14 16:38:47 EDT
217721307,0830100,,WILLIAMSON TRUCKING,SIDNEY INDUSTRIAL PARK,Sidney,MT,59270,,0000,Y,H,1389,000000,A,A,,B,,,,,,,,,,,00000,,9,1981-02-02,,1981-02-06,1981-04-17,2011-10-14 16:38:47 EDT
217721844,0830100,,ARROW ROUSTABOUT SERVICE INC,TRACK 22A BELLE CREEK FIELD,Broadus,MT,59317,,0000,Y,H,1389,000000,A,B,,B,,,,,,,,,,,00000,,3,1982-12-02,,1982-12-02,1984-03-22,2011-10-14 16:38:47 EDT
217730274,0830100,,TRUE DRILLING CO RIG #4,3 MILES NORTHWEST OF MELSTONE,Melstone,MT,59054,,0000,Y,S,1381,000000,A,B,,B,,,,,,,,,,,00000,,13,1978-02-27,,1978-02-27,1979-08-03,2011-10-14 16:38:47 EDT
217730563,0830100,,SHELL OIL CO,CABIN CREEK OIL FIELD 25 MI NW,Baker,MT,59313,,0000,Y,S,1311,000000,A,B,,B,,,,,,,,,,,00000,,15,1978-06-07,,1978-06-07,1978-07-26,2011-10-14 16:38:47 EDT
217732734,0830100,,SIMMONS DRILLING INC RIG#36,STANFORD # 1,Melstone,MT,59054,,0000,,S,1381,000000,A,B,,B,,,,,,,,,,,00000,,17,1982-02-04,,1982-02-23,1982-05-07,2011-10-14 16:38:47 EDT
217739994,0830100,,B&G ROUSTABOUT SERVICE INC,MONTANA FED 24-1 11 MILES SW O,Culbertson,MT,59218,,0000,,S,1389,000000,A,B,,B,,,,,,,,,,,00000,,12,1976-04-22,,1976-04-22,1976-05-19,2011-10-14 16:38:47 EDT
217754175,0830100,,SIMMONS DRILLING INC,25 MILES NORTH OF CUT BANK,Cut Bank,MT,59427,,0000,,S,1381,000000,A,B,,B,,,,,,,,,,,00000,,15,1983-08-29,,1983-08-30,1983-09-06,2011-10-14 16:38:47 EDT
217755552,0830100,,LYNES INC,SECTION 27 T 30 NR 56E,Froid,MT,59226,,0000,,H,1389,000000,A,B,,B,,,,,,,,,,,00000,,5,1981-05-22,,1981-06-22,1982-01-18,2011-10-14 16:38:47 EDT
217757632,0830100,,BOMAC EXPLORATION CO,1-1/4 MILES SOUTH OF PEERLESS,Peerless,MT,59253,,0000,,S,1382,000000,A,A,,B,,,,,,,,,,,00000,,13,1973-05-09,,1973-05-09,1984-03-10,2011-10-14 16:38:47 EDT
217768431,0830100,,K B DRILLING CO RIG #1,5 MILES NORTHWEST,Havre,MT,59501,,0000,,S,1381,000000,A,B,,B,,,,,,,,,,,00000,,27,1978-11-06,,1978-11-06,1981-02-13,2011-10-14 16:38:47 EDT
217768944,0830100,,UNIVERSAL DRILLING CO RIG,1400FNL 1300FEL 9 32N 56E,Medicine Lake,MT,59247,,0000,,S,1381,000000,A,B,,B,,,,,,,,,,,00000,,20,1979-06-14,,1979-06-14,1980-11-24,2011-10-14 16:38:47 EDT
217768951,0830100,,BLACKBURN DRILLING CO,WELL 13 SEC26 T25 R24E,Laurel,MT,59044,,0000,,S,1381,000000,A,B,,B,,,,,,,,,,,00000,,28,1979-06-16,,1979-06-16,1980-07-16,2011-10-14 16:38:47 EDT
217770619,0830100,,DUAL DRILLING CO RIG #27,SEC-27 TWP-30W R56E,Froid,MT,59226,,0000,,S,1381,000000,A,A,,B,,,,,,,,,,,00000,,20,1981-05-19,,1981-06-23,1981-10-15,2011-10-14 16:38:47 EDT
217770783,0830100,,SCORPION WELL SERVICE INC,WELL 18003,Cut Bank,MT,59427,,0000,,S,1389,000000,A,A,,B,,,,,,,,,,,00000,,10,1981-08-04,,1981-08-04,1981-10-15,2011-10-14 16:38:47 EDT
217770957,0830100,,FULTON PRODUCING CO,JOE FEY RANCH SUNBURST A SAND,Whitlash,MT,59545,,0000,,S,1311,000000,A,B,,B,,,,,,,,,,,00000,,8,1981-10-19,,1981-11-13,1981-11-23,2011-10-14 16:38:47 EDT
217771906,0830100,,BUTTE GAS & OIL CO,KEG COULEE UNIT 8 MI NORTH,Melstone,MT,59054,,0000,,S,1389,000000,A,B,,B,,,,,,,,,,,00000,,4,1982-07-15,,1982-08-04,1982-08-16,2011-10-14 16:38:47 EDT
217777531,0830100,,LOFFLAND BROTHERS CO DRIL,5-7 MI EAST & 3-3 MI SOUTH OF,Belfry,MT,59008,,0000,,S,1381,000000,A,A,,B,,,,,,,,,,,00000,,21,1975-09-26,,1975-09-26,1976-05-27,2011-10-14 16:38:47 EDT
217786649,0830300,,UNIVERSAL DRILLING CO,SECTION 10-TOWNSHIP 146N-RANGE,Grassy Butte,ND,58634,,0000,,S,1381,000000,A,B,,B,,,,,,,,,,,00000,,150,1978-08-23,,1978-08-23,1981-06-05,2011-10-14 16:38:47 EDT
217787621,0830300,,MATADOR SERVICE INC,SUGAR BUTTE #1 30 MILES NE OF,Watford City,ND,58854,,0000,,S,1381,000000,A,B,,B,,,,,,,,,,,00000,,45,1979-07-31,,1979-07-31,1984-03-10,2011-10-14 16:38:47 EDT
217787647,0830300,,WESTERN CO OF NORTH A,SUGAR BUTTE #1 30 MILES NE OF,Watford City,ND,58854,,0000,,S,1381,000000,A,B,,B,,,,,,,,,,,00000,,35,1979-07-31,,1979-07-31,1984-03-10,2011-10-14 16:38:47 EDT
217787886,0830300,,SILVER STATE SEISMOGRAPH SERVI,4 1/2 MILES EAST OF REGAN JUNC,Regan,ND,58477,,0000,,S,1382,000000,A,B,,B,,,,,,,,,,,00000,,50,1979-09-18,,1979-09-18,1979-10-26,2011-10-14 16:38:47 EDT
217790575,0830300,,TOM BROWN INC,RIG 28 ELLIS FEDERAL 1 5 5MI,Williston,ND,58801,,0000,,S,1381,000000,A,B,,B,,,,,,,,,,,00000,,500,1981-07-20,,1981-08-18,1981-08-19,2011-10-14 16:38:47 EDT
217790583,0830300,,REPUBLIC DRILLING & SERVICE IN,FEDERAL 11 9 RIG 1 6 HALF NW,Grassy Butte,ND,58634,,0000,,S,1381,000000,A,B,,B,,,,,,,,,,,00000,,225,1981-07-21,,1981-08-20,1981-08-20,2011-10-14 16:38:47 EDT
217796994,0830300,,CARDINAL DRILLING,LITTLE KNIFE FIELD,Killdeer,ND,58640,,0000,,S,1381,000000,A,A,,B,,,,,,,,,,,00000,,4,1977-11-13,,1977-11-13,1984-03-10,2011-10-14 16:38:47 EDT
217797240,0830300,,WESTERN GRAPHYRICAL CO OF AMER,SOUTH HIGHWAY 37,Parshall,ND,58770,,0000,,S,1382,000000,A,B,,B,,,,,,,,,,,00000,,7000,1978-05-30,,1978-06-01,1978-07-18,2011-10-14 16:38:47 EDT
217797364,0830300,,TIGER DRILLING CO INC,SIEGURDSON 1124 RIG 19,Watford City,ND,58854,,0000,,S,1381,000000,A,B,,B,,,,,,,,,,,00000,,100,1978-09-01,,1978-09-06,1979-03-09,2011-10-14 16:38:47 EDT
217800846,0830300,,BURRIS DRILLING CO,LUPTAK 23 21 SEC 31 T141N R99W,Belfield,ND,58622,,0000,,S,1381,000000,A,B,,B,,,,,,,,,,,00000,,21,1982-04-29,,1982-05-11,1982-06-07,2011-10-14 16:38:47 EDT
217800853,0830300,,RATLIFF DRILLING CO,FEDERAL 3-28 SEC 28 T142N R100,Belfield,ND,58622,,0000,,S,1381,000000,A,B,,B,,,,,,,,,,,00000,,21,1982-05-04,,1982-05-28,1982-09-24,2011-10-14 16:38:47 EDT
217800861,0830300,,CARDINAL DRILLING CO,LONE BUTTE 5-7 SEC7 T147N R97W,Killdeer,ND,58640,,0000,,S,1381,000000,A,B,,B,,,,,,,,,,,00000,,21,1982-05-12,,1982-05-28,1982-06-28,2011-10-14 16:38:47 EDT
217803543,0830300,,ABERNATHEY & SONS DRILLING,TOWNSHIP 141 N SECTION 96 W,Dickinson,ND,58601,,0000,Y,S,1382,000000,A,B,,B,,,,,,,,,,,00000,,4,1982-06-01,,1982-06-24,1982-06-24,2011-10-14 16:38:47 EDT
217803782,0830300,,AMERICAN BELL INC,LONE BUTTE FEDERAL B-1 SEC 19,Killdeer,ND,58640,,0000,,H,1311,000000,A,B,,B,,,,,,,,,,,00000,,6,1983-02-11,,1983-03-17,1983-03-22,2011-10-14 16:38:47 EDT
217804038,0830300,,FLINT ENGINEERING & CONST CO,7 MILES N OF ARNEGARD,Arnegard,ND,58835,,0000,,S,1389,000000,A,B,,B,,,,,,,,,,,00000,,40,1983-03-03,,1983-04-08,1983-04-18,2011-10-14 16:38:47 EDT
217804046,0830300,,TEXACO INC,7 MILES N OF ARNEGARD,Arnegard,ND,58835,,0000,,S,1311,000000,A,B,,B,,,,,,,,,,,00000,,2,1983-03-15,,1983-04-12,1983-04-18,2011-10-14 16:38:47 EDT
217804053,0830300,,CUDD PRESSURE CONTROL INC,7 MILES N OF ARNEGARD,Arnegard,ND,58835,,0000,,S,1389,000000,A,B,,B,,,,,,,,,,,00000,,5,1983-03-23,,1983-04-08,1983-04-18,2011-10-14 16:38:47 EDT
217806603,0830300,,BOMAC DRILLING,SEC 33 T144 R98 A-3 BARLOW,Fairfield,ND,58627,,0000,,S,1381,000000,A,A,,B,,,,,,,,,,,00000,,20,1980-07-07,,1980-07-30,1983-09-01,2011-10-14 16:38:47 EDT
217806728,0830300,,TRG DRILLING CORP BOMAC,RIG 45 SEC 29 T142N R101N NO 1,Belfield,ND,58622,,0000,,S,1381,000000,A,A,,B,,,,,,,,,,,00000,,20,1980-11-21,,1980-12-04,1980-12-10,2011-10-14 16:38:47 EDT
217806801,0830300,,HELMERICK & PAYNE INTERNATION,RIG 88 SLOCUM SEC 7 T148N R89W,Berthold,ND,58718,,0000,,S,1381,000000,A,A,,B,,,,,,,,,,,00000,,20,1981-02-13,,1981-03-13,1981-03-16,2011-10-14 16:38:47 EDT
217806827,0830300,,CARDINAL DRILLING CO,RIG 10 S24 T143N R101W,Medora,ND,58645,,0000,,S,1381,000000,A,A,,B,,,,,,,,,,,00000,,20,1981-03-18,,1981-03-20,1981-03-24,2011-10-14 16:38:47 EDT
217806843,0830300,,ROCKY MOUNTAIN GEOPHYSICAL INC,5 MILES SW OF SCRANTON,Scranton,ND,58653,,0000,,S,1382,000000,A,B,,B,,,,,,,,,,,00000,,12,1981-03-31,,1981-04-13,1981-05-08,2011-10-14 16:38:47 EDT
217806850,0830300,,TRG DRILLING BOMAC DIV RIG 54,O J ANDERSON 4 SEC 30 T151N R7,Keene,ND,58847,,0000,,S,1381,000000,A,A,,B,,,,,,,,,,,00000,,20,1981-04-26,,1981-05-01,1981-05-11,2011-10-14 16:38:47 EDT
217806934,0830300,,NL WELL SERVICE NL INDUSTRIES,SEC 13 T149N R98W JOHNSRUD 1-3,Watford City,ND,58854,,0000,,S,1389,000000,A,B,,B,,,,,,,,,,,00000,,4,1982-02-25,,1982-03-05,1982-03-05,2011-10-14 16:38:47 EDT
217812346,0830300,,TIGER OIL CO,NELSON 21 29 1 1/2 MILES WEST,Tioga,ND,58852,,0000,,S,1311,000000,A,A,,B,,,,,,,,,,,00000,,2,1976-12-14,,1976-12-15,1977-01-14,2011-10-14 16:38:47 EDT
217812544,0830300,,DARENCO INC,1 MILE EAST,Lignite,ND,58752,,0000,,S,1311,000000,A,A,,B,,,,,,,,,,,00000,,12,1977-03-09,,1977-03-09,1977-05-03,2011-10-14 16:38:47 EDT
217813054,0830300,,MOUNTAIN STATES DRILLING CO,MOODY'S AUTO REPAIR HIGHWAY 85,Williston,ND,58801,,0000,,S,1382,000000,A,A,,B,,,,,,,,,,,00000,,3,1977-09-15,,1977-09-15,1977-10-27,2011-10-14 16:38:47 EDT
217813161,0830300,,BOB'S OIL FIELD SERVICE,OIL WELL NUMBER F 29 1,Watford City,ND,58854,,0000,,S,1389,000000,A,A,,B,,,,,,,,,,,00000,,2,1977-11-28,,1977-11-28,1978-03-07,2011-10-14 16:38:47 EDT
217813245,0830300,,HEISER GARAGE & CONSTRUCTION,LITTLE KNIFE OIL FIELD LIND 1-,Grassy Butte,ND,58634,,0000,,S,1389,000000,A,A,,B,,,,,,,,,,,00000,,18,1977-12-19,,1977-12-19,1978-02-01,2011-10-14 16:38:47 EDT
217813427,0830300,,WILLISTON TANK RENTAL INC,HWY 2 AND 851 NORTH,Williston,ND,58801,,0000,,S,1389,000000,A,A,,B,,,,,,,,,,,00000,,18,1980-07-07,,1980-07-08,1980-08-22,2011-10-14 16:38:47 EDT
217823327,0830500,,ADVANCED MONITORING SYSTEMS IN,2800 INDUSTRIAL LANE,Broomfield,CO,80020,,0000,,S,1389,000000,A,B,,B,,,,,,,,,,,00000,,8,1980-12-11,,1980-12-17,1981-03-10,2011-10-14 16:38:47 EDT
217828771,0830500,,MORAN BROTHERS INC,RIG 31 SOUTHWEST OF GREEN RIVE,Green River,WY,82935,,0000,,S,1381,000000,A,A,,B,,,,,,,,,,,00000,,20,1974-02-21,,1974-02-21,1984-03-10,2011-10-14 16:38:47 EDT
217828847,0830500,,MILCHEM INC,RIG 31 SOUTHWEST OF GREEN RIVE,Green River,WY,82935,,0000,,S,1381,000000,A,B,,B,,,,,,,,,,,00000,,6,1974-03-14,,1974-03-14,1984-03-10,2011-10-14 16:38:47 EDT
217830504,0830500,,DELTA DRILLING CO,PO BOX 81,Casper,WY,82601,,0000,,S,1381,000000,A,A,,B,,,,,,,,,,,00000,,16,1973-01-18,,1973-01-18,1984-03-10,2011-10-14 16:38:47 EDT
217830850,0830500,,TOLTEK DRILLING CO,340 DENVER CLUB BUILDING,Denver,CO,80202,,0000,,S,1381,000000,A,A,,B,,,,,,,,,,,00000,,13,1973-03-20,,1973-03-20,1984-03-10,2011-10-14 16:38:47 EDT
217831296,0830500,,ALLISON DRILLING CO,1275 SHERMAN ST,Denver,CO,80203,,0000,,S,1381,000000,A,A,,B,,,,,,,,,,,00000,,15,1973-05-29,,1973-05-29,1984-03-10,2011-10-14 16:38:47 EDT
217845015,0830500,,DELTA DRILLING CO,BOX 1486,Glenrock,WY,82637,,0000,,S,1381,000000,A,A,,B,,,,,,,,,,,00000,,15,1973-12-11,,1973-12-11,1984-03-10,2011-10-14 16:38:47 EDT
217845031,0830500,,MORAN BROTHERS INC,45 MILES SOUTHWEST,Center,CO,82935,,0000,,S,1381,000000,A,A,,B,,,,,,,,,,,00000,,15,1973-12-13,,1973-12-13,1984-03-10,2011-10-14 16:38:47 EDT
217846534,0830500,,EXETER DRILLING CO,30 MILES SOUTHSOUTHWEST,Gillette,WY,82716,,0000,,S,1381,000000,A,A,,B,,,,,,,,,,,00000,,21,1974-08-12,,1974-08-12,1984-03-10,2011-10-14 16:38:47 EDT
217846765,0830500,,THUNDER BASIN OIL SERVICE INC,POST OFFICE BOX 51,Newcastle,WY,82501,,0000,,S,1389,000000,A,B,,B,,,,,,,,,,,00000,,3,1974-10-09,,1974-10-09,1984-03-10,2011-10-14 16:38:47 EDT
217847482,0830500,,KANSAS - NEBRASKA NATURAL GAS,NORTH COUNTY ROAD 385,Wray,CO,80758,,0000,,S,1311,000000,A,B,,B,,,,,,,,,,,00000,,500,1979-06-11,,1979-06-14,1979-07-24,2011-10-14 16:38:47 EDT
217847953,0830500,,EMPIRE DRILLING,COUNTY ROAD EAST RIG 7,Roggen,CO,90652,,0000,,S,1381,000000,A,A,,B,,,,,,,,,,,00000,,12,1980-02-25,,1980-03-03,1981-01-29,2011-10-14 16:38:47 EDT
217849876,0830500,,ORBIT DRILLING CO,NIWGT ROAD AND WELD CTT ROAD 1,Longmont,CO,80501,,0000,,S,1381,000000,A,B,,B,,,,,,,,,,,00000,,3,1982-08-16,,1982-08-17,1982-08-23,2011-10-14 16:38:47 EDT
217850932,0830500,,FOUR CORNERS DRILLING CO,FAUCET GULTCH ROAD RIG 6,Bayfield,CO,81122,,0000,,S,1381,000000,A,B,,B,,,,,,,,,,,00000,,4,1983-07-11,,1983-07-14,1983-08-25,2011-10-14 16:38:47 EDT
217855238,0830500,,CENTRILIFT INC,421 WEST MAIN,Rangely,CO,81648,,0000,,S,1389,000000,A,A,,B,,,,,,,,,,,00000,,18,1979-05-03,,1979-05-25,1979-07-18,2011-10-14 16:38:47 EDT
217855444,0830500,,COLEMAN DRILLING CO RIG #,15 MILES SOUTH OF DURANGO COLO,Durango,CO,81301,,0000,Y,S,1381,000000,A,B,,B,,,,,,,,,,,00000,,50,1979-12-18,,1979-12-18,1980-12-09,2011-10-14 16:38:47 EDT
217855519,0830500,,R L MANNING CO RIG #23,SECTION 36-TOWNSHIP 2N-RANGE 1,Rangely,CO,81648,,0000,Y,S,1381,000000,A,A,,B,,,,,,,,,,,00000,,21,1980-04-22,,1980-04-22,1982-08-27,2011-10-14 16:38:47 EDT
217855683,0830500,,EMPIRE DRILLING CO,SECT-1 TWNSHP 44N R15W SAN MIG,Naturita,CO,81422,,0000,Y,S,1381,000000,A,B,,B,,,,,,,,,,,00000,,16,1980-08-20,,1980-08-20,1982-09-10,2011-10-14 16:38:47 EDT
217859420,0830500,,DREILING DRILLING INC,BREZZE BASIN ROAD,Hayden,CO,81639,,0000,,S,1381,000000,A,A,,B,,,,,,,,,,,00000,,15,1973-12-19,,1973-12-19,1984-03-10,2011-10-14 16:38:47 EDT
217863687,0830500,,DELTA DRILLING CO INC,PO BOX 81,Casper,WY,82601,,0000,,S,1381,000000,A,B,,B,,,,,,,,,,,00000,,18,1973-12-19,,1973-12-19,1984-03-10,2011-10-14 16:38:47 EDT
217864388,0830500,,POOL CO,GILLETTE PO BOX 596,Canon City,CO,81435,,0000,,S,1389,000000,A,A,,B,,,,,,,,,,,00000,,3,1974-02-07,,1974-02-07,1984-03-10,2011-10-14 16:38:47 EDT
217864453,0830500,,EXETER DRILLING & EXPLORATION,POLO RANCH 1,Cheyenne,WY,82001,,0000,,S,1389,000000,A,A,,B,,,,,,,,,,,00000,,12,1974-02-12,,1974-02-12,1984-03-10,2011-10-14 16:38:47 EDT
217871912,0830500,,PROVINENT RESOURCES INC,GAS WELL YOUNG 11 27 5 102 26,Gunnison,CO,80014,,0000,Y,S,1311,000000,A,B,,B,,,,,,,,,,,00000,,11,1978-10-11,,1978-10-11,1978-12-13,2011-10-14 16:38:47 EDT
217874221,0830500,,HALLIBURTON SERVICES,2075 NORTH 55TH ST,Boulder,CO,80301,,0000,,H,1389,000000,A,B,,B,,,,,,,,,,,00000,,45,1982-08-25,,1982-09-24,1982-11-05,2011-10-14 16:38:47 EDT
217895895,0830500,,NICOR DRILLING CO,5901/2 ROAD 25,Grand Junction,CO,81501,,0000,Y,S,1381,000000,A,B,,B,,,,,,,,,,,00000,,180,1981-06-16,,1981-06-22,1981-06-25,2011-10-14 16:38:47 EDT
217896042,0830500,,DUCO INC,SECTION 20 TOWNSHIP 2 RANGE102,Rangely,CO,81648,,0000,Y,S,1389,000000,A,B,,B,,,,,,,,,,,00000,,19,1981-12-23,,1981-12-31,1982-03-03,2011-10-14 16:38:47 EDT
217896059,0830500,,NICOR DRILLING INC,SEC 14 RNG 8N TWNSP 87W 15 MI,Hayden,CO,81639,,0000,Y,S,1381,000000,A,B,,B,,,,,,,,,,,00000,,200,1982-01-12,,1982-03-30,1982-12-07,2011-10-14 16:38:47 EDT
217896943,0830500,,EXETER DRILLING CO INC,165 MILES SOUTH OF 65 MILES WE,Wray,CO,80758,,0000,,S,1381,000000,A,A,,B,,,,,,,,,,,00000,,24,1979-02-07,,1979-03-19,1980-07-24,2011-10-14 16:38:47 EDT
217896950,0830500,,GEOSOURCE INC,18 MILES NORTH WEST OF BURLING,Burlington,CO,80807,,0000,,S,1382,000000,A,A,,B,,,,,,,,,,,00000,,27,1979-02-15,,1979-02-15,1984-03-10,2011-10-14 16:38:47 EDT
217897578,0830500,,TIMCA RESOURCES LIMITED,ROAD 37 ROUTE 4,Sterling,CO,80751,,0000,,S,1389,000000,A,A,,B,,,,,,,,,,,00000,,4,1980-04-09,,1980-04-24,1980-06-23,2011-10-14 16:38:47 EDT
217897586,0830500,,GRIFFIN OIL FIELD SALVAGE,12681 COUNTY ROAD 14 1/2,Fort Lupton,CO,80621,,0000,,S,1389,000000,A,A,,B,,,,,,,,,,,00000,,6,1980-04-24,,1980-05-12,1980-10-02,2011-10-14 16:38:47 EDT
217902980,0830500,,FARNSWORTH-KAIS,SKULL CREEK NEWCASTLE SAND UNI,Newcastle,WY,82701,,0000,,S,1311,000000,A,B,,B,,,,,,,,,,,00000,,24,1974-10-22,,1974-10-22,1974-11-29,2011-10-14 16:38:47 EDT
217908508,0830500,,APOLLO DRILLING & EXPLORATION,POWELL UNIT II WELL NO 1,Bill,WY,82716,,0000,,S,1381,000000,A,B,,B,,,,,,,,,,,00000,,24,1975-01-08,,1975-01-09,1975-02-25,2011-10-14 16:38:47 EDT
217911239,0830500,,LOFFLAND BROTHERS,SECTION SESW SECE TOWNSHIP 8S,De Beque,CO,81630,,0000,,S,1381,000000,A,B,,B,,,,,,,,,,,00000,,300,1981-06-09,,1981-06-30,1981-07-24,2011-10-14 16:38:47 EDT
217913458,0830700,,PEASE BROTHERS INC,MAIN INTERSECTION,Neola,UT,84053,,0000,,S,1382,000000,A,A,,B,,,,,,,,,,,00000,,4,1973-05-11,,1973-05-11,1984-03-10,2011-10-14 16:38:47 EDT
217913557,0830700,,MORAN BROTHERS INC,RIG 35 NORTHEAST OF DUCHESNE,Duchesne,UT,84021,,0000,,S,1381,000000,A,A,,B,,,,,,,,,,,00000,,21,1973-05-17,,1973-05-17,1984-03-10,2011-10-14 16:38:47 EDT
217921287,0830700,,BYRON JACKSON INC,BOX 968,Roosevelt,UT,84066,,0000,,S,1389,000000,A,A,,B,,,,,,,,,,,00000,,20,1972-09-24,,1972-09-24,1984-03-10,2011-10-14 16:38:47 EDT
217961630,0837600,,CHALLENGER WELL SERVICING INC,RIG 19 21 MILES WEST OF BUFFAL,Buffalo,SD,57720,,0000,,S,1389,000000,A,B,,B,,,,,,,,,,,00000,,10,1981-09-01,,1981-09-10,1981-10-13,2011-10-14 16:38:47 EDT
217977123,0854910,,RENANT SERVICE CO,SECTION 20 TOWNSHIP 4N RANGE,Coalville,UT,84017,,0000,,S,1389,000000,A,A,,B,,,,,,,,,,,00000,,5,1982-10-22,,1982-10-22,1984-03-22,2011-10-14 16:38:47 EDT
217977453,0854910,,CHASE DRILLING CO,6 MILES N OF ROOSEVELT,Roosevelt,UT,84066,,0000,,S,1381,000000,A,A,,B,,,,,,,,,,,00000,,15,1983-03-01,,1983-03-05,1983-06-02,2011-10-14 16:38:47 EDT
217977461,0854910,,R W JONES TRUCKING,6 MILES N OF ROOSEVELT,Roosevelt,UT,84066,,0000,,S,1389,000000,A,A,,B,,,,,,,,,,,00000,,6,1983-03-01,,1983-03-02,1983-06-15,2011-10-14 16:38:47 EDT
217978808,0854910,,HELIDRILL INC,APPR 5 MILES NW OF SAGE CREEK,Randolph,UT,84064,,0000,Y,S,1382,000000,A,A,,B,,,,,,,,,,,00000,,13,1982-03-29,,1982-03-29,1983-01-24,2011-10-14 16:38:47 EDT
217979707,0854910,,J W GIBSON WELL SERVICE INC,536 T12S R16E GETTY OIL RESERV,Sunnyside,UT,84539,,0000,,S,1389,000000,A,A,,B,,,,,,,,,,,00000,,45,1982-08-18,,1982-08-25,1982-08-26,2011-10-14 16:38:47 EDT
217979814,0854910,,TEXAS EASTERN DEVELOPMENTS INC,S 11 T 165 R 12E GRASSY TRAIL,Dragerton,UT,84520,,0000,,S,1381,000000,A,B,,B,,,,,,,,,,,00000,,22,1983-11-30,,1983-12-01,1983-12-01,2011-10-14 16:38:47 EDT
217980424,0854910,,COLORADO WELL SERVICE RIG #78,SEC 26 R 10E T 14S TOMADAKIS,Price,UT,84501,,0000,,S,1381,000000,A,A,,B,,,,,,,,,,,00000,,34,1982-12-15,,1982-12-15,1984-03-22,2011-10-14 16:38:47 EDT
217981950,0854910,,TRANSCONTINENTAI,T3S R2W SEC2 WASHBURN WELL 1 2,Roosevelt,UT,84066,,0000,,S,1381,000000,A,A,,B,,,,,,,,,,,00000,,21,1983-08-25,,1983-08-25,1984-01-13,2011-10-14 16:38:47 EDT
217996115,0854910,,H S & D SERVICE INC,ANSHUTZ EAST 458 D-2 529 T4N R,Coalville,UT,84107,,0000,,S,1389,000000,A,A,,B,,,,,,,,,,,00000,,5,1982-07-14,,1982-07-15,1982-07-21,2011-10-14 16:38:47 EDT
217996966,0854910,,PRIDE OILWELL SERVICE,AMERICAN QUASER WELL 4-125,Coalville,UT,84017,,0000,Y,S,1389,000000,A,A,,B,,,,,,,,,,,00000,,5,1984-01-07,2016-07-27,1984-01-09,2016-07-01,2016-08-05 01:04:37 EDT
217998111,0854910,,MOUNTAIN FUEL SUPPLY CO,ANSHUTZ WEST ISLAND RONCH BL,Coalville,UT,84017,,0000,,S,1311,000000,A,A,,B,,,,,,,,,,,00000,,12,1982-04-19,,1982-04-21,1983-01-28,2011-10-14 16:38:47 EDT
217998145,0854910,,NORCO DRILLING SERVICES,MONUMENT BUTTE FEDERAL 143,Myton,UT,84052,,0000,Y,S,1389,000000,A,A,,B,,,,,,,,,,,00000,,3,1983-03-26,,1983-03-29,1984-01-20,2011-10-14 16:38:47 EDT
217998517,0854910,,GOMOCHE WELL SERVICE INC,MAPCO LEASE RIVERBED,Myton,UT,84052,,0000,,S,1389,000000,A,A,,B,,,,,,,,,,,00000,,5,1982-05-20,,1982-05-20,1982-05-25,2011-10-14 16:38:47 EDT
218003804,0854910,,ENERGY SERVS DRILLING CO RIG 2,SEC 31 TS 37 SR 24E,Blanding,UT,84511,,0000,,S,1381,000000,A,A,,B,,,,,,,,,,,00000,,4,1983-12-22,,1983-12-22,1984-03-30,2011-10-14 16:38:47 EDT
218009199,0855610,,BELCO DEVELOPMENT CORP,18 MILES S SW OF BIGPINEY,,WY,82925,,0000,,S,1311,000000,A,A,,B,,,,,,,,,,,00000,,79,1983-08-11,,1983-10-07,1983-11-29,2011-10-14 16:38:47 EDT
218013126,0855610,,K G ROUSTABOUT SERVICES,SEC 2 T51N R 76 W 38 M N W,,WY,82725,,0000,,S,1389,000000,A,A,,B,,,,,,,,,,,00000,,70,1983-03-31,,,1983-07-25,2011-10-14 16:38:47 EDT
218015568,0855610,,KISSACK & BELMONT WELL SERVICE,NE SE SEC 2 T52N R70W N OF ROZ,,WY,82727,,0000,,S,1389,000000,A,A,,B,,,,,,,,,,,00000,,7,1983-09-08,,1983-10-13,1983-12-05,2011-10-14 16:38:47 EDT
218016178,0855610,,GRAY TOOL CO,CAMPBELL COUNTY,,WY,82725,,0000,,S,1389,000000,A,A,,B,,,,,,,,,,,00000,,9,1983-09-03,,1983-09-03,1983-11-01,2011-10-14 16:38:47 EDT
218094597,0951510,,ENERCO INC,91-390 KAUHI STREET,Ewa Beach,HI,96706,,0000,,H,1311,000000,A,B,,A,,,,,,,,,,,00000,,50,1983-08-12,,,1983-08-16,2011-10-14 16:38:47 EDT
218144491,0937700,,HERCULES WELL SERVICE CO,10110 NORWALK BOULEVARD,Santa Fe Springs,CA,90670,,0000,,S,1389,000000,A,A,,B,,,,,,,,,,,00000,,3,1972-11-21,,1972-11-21,1984-03-10,2011-10-14 16:38:47 EDT
218212595,0953210,,PENROD DRILLING CO,TOANO FEDERAL NO 1,Wells,NV,89835,,0000,,S,1381,000000,A,B,,B,,,,,,,,,,,00000,,22,1984-01-25,,1984-01-25,1984-01-31,2011-10-14 16:38:47 EDT
218260776,0931800,,ROY V ALSOP & SON,1508 ABBOTT STREET,Salinas,CA,93901,,0000,,S,1381,000000,A,B,,B,,,,,,,,,,,00000,,14,1973-06-08,,1973-06-08,1984-03-10,2011-10-14 16:38:47 EDT
218272888,0931800,,WESTERN GEOPHYSICAL CO OF,COUNTY ROAD 32A 1 2 MILE EAST,Davis,CA,95616,,0000,,S,1382,000000,A,B,,B,,,,,,,,,,,00000,,12,1973-06-20,,1973-06-20,1984-03-10,2011-10-14 16:38:47 EDT
218273258,0931800,,BEELINE DRILLING CO,DRILL RIG 4 MCDONALD TRACT,Stockton,CA,95204,,0000,,S,1381,000000,A,B,,B,,,,,,,,,,,00000,,17,1973-10-29,,1973-10-29,1984-03-10,2011-10-14 16:38:47 EDT
218274579,1032100,,SHELL OIL CO,SHELL PLATFORM A MGS FIELD COO,Kenai,AK,99611,,0000,,S,1311,000000,A,A,,B,,,,,,,,,,,00000,,20,1978-05-24,,1978-05-25,1984-03-10,2011-10-14 16:38:47 EDT
218276087,1032100,,PARKER DRILLING CO,GP ANNA,Kenai,AK,99611,,0000,,S,1381,000000,A,B,,B,,,,,,,,,,,00000,,254,1976-04-08,,1976-04-08,1984-03-10,2011-10-14 16:38:47 EDT
218278208,1032100,,BRINKERHOFF DRILLING CO INC,KAVIK UNIT NO 2,Anchorage,AK,99501,,0000,,S,1381,000000,A,A,,B,,,,,,,,,,,00000,,16,1973-04-17,,1973-04-17,1984-03-10,2011-10-14 16:38:47 EDT
218282796,1032100,,ATLANTIC RICHFIELD CO,KING SALMON PLATFORM COOK INLE,Kenai,AK,99611,,0000,,S,1311,000000,A,A,,B,,,,,,,,,,,00000,,12,1976-04-11,,1976-04-14,1984-03-10,2011-10-14 16:38:47 EDT
218283869,1032100,,PARKER DRILLING CO,KING SALMON PLATFORM,Kenai,AK,99611,,0000,Y,S,1381,000000,A,B,,B,,,,,,,,,,,00000,,3000,1978-06-08,,1978-06-08,1984-03-10,2011-10-14 16:38:47 EDT
218284073,1032100,,MARATHON OIL COMPANY,DOLLY VARDEN PLATFORM,Kenai,AK,99611,,0000,,S,1311,000000,A,B,,A,,,X,,,,,,,,00000,,36,1982-12-22,,1983-03-17,1983-03-31,2011-10-14 16:38:47 EDT
218284149,1032100,,GEOPHYSICAL SERVICE INC,GSI PARTY 1182 CAMP,Prudhoe Bay,AK,99701,,0000,,S,1382,000000,A,B,,B,,,,,,,,,,,00000,,474,1983-03-21,,1983-03-22,1983-03-22,2011-10-14 16:38:47 EDT
218361855,1050210,,PARKER DRILLING INC,PINGUT PAD RIG 191,Prudhoe Bay,AK,99701,,0000,,S,1381,000000,A,A,,B,,,,,,,,,,,00000,,165,1983-06-24,,1983-07-29,1983-09-15,2011-10-14 16:38:47 EDT
218363711,1050210,,SOHIO CONST CO,GATHERING CENTER II,Prudhoe Bay,AK,99734,,0000,,S,1311,000000,A,B,,B,,,,,,,,,,,00000,,6,1983-11-30,,1983-11-30,1983-11-30,2011-10-14 16:38:47 EDT
218372282,1050210,,WADE OILFIELD SERVICE CO,MILE 13 KIEL SUBDIVISION,Kenai,AK,99611,,0000,,S,1389,000000,A,B,,B,,,,,,,,,,,00000,,45,1983-04-05,,1983-04-06,1983-04-27,2011-10-14 16:38:47 EDT
218373215,1050210,,KODIAK OILFIELD HAULERS INC,PRUDHOE BAY BASE CAMP,Prudhoe Bay,AK,99734,,0000,,H,1389,000000,A,B,,A,,,,,,,,,,,00000,,160,1983-03-15,,1983-03-30,1984-01-26,2011-10-14 16:38:47 EDT
218373868,1050210,,ARCO ALASKA INC,WOLF LAKE FIELD WELL 1,Soldotna,AK,99669,,0000,,H,1311,000000,A,B,,B,,,,,,,,,,,00000,,4,1983-03-31,,1983-05-06,1984-04-16,2011-10-14 16:38:47 EDT
218373876,1050210,,GEO VANN INC,WOLF LAKE FIELD WELL 1,Soldotna,AK,99669,,0000,,H,1389,000000,A,B,,B,,,,,,,,,,,00000,,2,1983-03-31,,1983-05-03,1984-03-22,2011-10-14 16:38:47 EDT
218373884,1050210,,NORALCO INTERNATIONAL CORP,WOLF LAKE FIELD WELL 1,Soldotna,AK,99669,,0000,,H,1389,000000,A,B,,B,,,,,,,,,,,00000,,4,1983-03-31,2016-06-03,1983-05-04,1985-03-08,2016-06-30 01:10:52 EDT
218373892,1050210,,ROWAN DRILLING,WOLF LAKE FIELD WELL 1,Soldotna,AK,99669,,0000,,H,1381,000000,A,B,,B,,,,,,,,,,,00000,,9,1983-03-31,2016-06-03,1983-05-04,1984-06-08,2016-06-30 01:10:52 EDT
300041696,0653510,,NABORS DRILLING USA INC,BENNETT WELL #1 S10-TWA22-5R-R26E,CARLSBAD,NM,88220,A,0000,Y,S,1381,000000,A,B,,N,,,,,,,,2500 W OREAGON,ODESSA,TX,79764,N023    000008101,18,1996-08-14,2007-11-28,1996-09-24,1997-02-18,2011-10-14 16:38:47 EDT
300041720,0653510,,PETERSON DRILLING,S OF ARTESIA,ARTESIA,NM,88210,A,0000,Y,S,1381,000000,A,B,,N,,,,,,,,PO BOX 10686,MIDLAND,TX,79702,N023    000008081,250,1996-08-09,2007-11-21,1996-08-13,1996-12-23,2011-10-14 16:38:47 EDT
300041845,0653510,,MACK ENERGY CORPORATON,"SCHLEY FED.#1 (SECT.29,T17S,R29E)(SECTION 29, T175",ARTESIA,NM,88211,A,0000,Y,S,1389,000000,A,B,,N,,,,,,,,PO BOX 960,ARTESIA,NM,88210,N023    000008110,12,1996-09-09,2007-11-29,1996-09-10,1996-10-03,2011-10-14 16:38:47 EDT
300041860,0653510,,WELDON'S ROUSTABOUT SERVICE,35 MILES SW OF LOVINGTON,LOVINGTON,NM,88260,A,0000,Y,S,1389,000000,A,B,,N,,,,,,,,606 SO. COMMERCIAL ST.,LOVINGTON,NM,88260,,12,1996-09-11,,1996-09-24,1997-01-24,2011-10-14 16:38:47 EDT
300041985,0653510,,HALLIBURTON ENERGY SERVICES,ST RT 8 FOUR MILES S.,BUCKEYE,NM,88264,A,0000,Y,S,1389,000000,A,B,,N,,,,,,,,5801 LOVINGTON HWY,HOBBS,NM,88240,N023    000008120,211,1996-09-20,2008-03-19,1996-10-11,1997-01-24,2011-10-14 16:38:47 EDT
300042405,0653510,,WILLIAMS EXPLORATION AND PRODUCTION,721 SOUTH MAIN,AZTEC,NM,87410,A,0000,N,S,1389,000000,A,B,,N,,,,,,,,PO BOX 640,AZTEC,NM,87410,N023    000008157,250,1996-10-08,2008-04-09,1996-10-09,1997-01-10,2011-10-14 16:38:47 EDT
300042736,0653510,,NABORS DRILLING USA INC,MM 123 HWY 82 E,ARTESIA,NM,88210,A,0000,Y,S,1381,000000,A,B,,N,,,,,,,,2500 W OREGON,ODESSA,TX,79764,N023    000008181,16,1996-10-22,2007-11-28,1996-10-24,1996-12-23,2011-10-14 16:38:47 EDT
300043551,0653510,,DA&S OIL WELL SERVICING,"MEYER B-4 UNIT G, SEC 4, T21, R36E",HOBBS,NM,88241,A,0000,N,S,1389,000000,A,A,,N,,,,,,,,5208 LOVINGTON HIGHWAY,HOBBS,NM,88240,,174,1996-12-10,,1997-02-11,1997-02-19,2011-10-14 16:38:47 EDT
300044393,0653510,,STEVENSON & ROACH,303 E. LOGAN AVE.,ARTESIA,NM,88210,A,0000,N,S,1389,000000,A,A,,N,,,,,,,,,,,00000,N023    000011326,40,1997-02-07,2007-11-14,1997-03-31,1997-10-29,2011-10-14 16:38:47 EDT
300181989,0626000,,"PADRE DRILLING COMPANY, INC. RIG #8","CHARBA #1, COUNTY RD. 34, 5-1/2 MILES SOUTH OF",ROBSTOWN,TX,78380,A,0000,Y,S,1381,000000,A,A,,N,,,,,,,,P. O. BOX 9925,CORPUS CHRISTI,TX,78469,N168    000009965,16,1996-06-17,,1996-06-18,1996-11-01,2011-10-14 16:38:47 EDT
300182441,0626000,,PIONEER DRILLING CO. RIG #2,"S.MCCOLL RD.,MCALLEN FIELDWIDE UNIT #29ST",MCALLEN,TX,78501,A,0000,Y,S,1381,000000,A,A,,N,,,,,,,,P. O. BOX 2963,CORPUS CHRISTI,TX,78403,N168    000010025,18,1996-07-08,,1996-07-09,1997-02-27,2011-10-14 16:38:47 EDT
300184371,0626000,,"BROTHERS WELL SERVICE, INC. RIG #12",5 MILES SE FM 2853,BLESSING,TX,77419,A,0000,Y,S,1389,000000,A,A,,N,,,,,,,,P. O. BOX 1540,EL CAMPO,TX,77437,N168    000010287,5,1996-11-15,,1996-11-15,1997-08-04,2011-10-14 16:38:47 EDT
300184397,0626000,,"WESTERN ATLAS LOGGING SERVICES, INC.",L.O. RAMIREZ #4 ROLETA FIELD,ZAPATA,TX,78076,A,0000,N,S,1389,000000,A,A,,N,,,,,,,,10205 WESTHEIMER,HOUSTON,TX,77251,,5,1996-11-19,,1996-11-21,1997-05-02,2011-10-14 16:38:47 EDT
300185139,0626000,,FLOURNOY DRILLING COMPANY RIG #1,TEN MILES NORTHEAST ON TX HWY 16,ZAPATA,TX,78076,A,0000,Y,S,1381,000000,A,B,,N,,,,,,,,1907 EAST MAIN STREET,ALICE,TX,78332,N168    000010380,20,1997-01-07,,1997-01-08,1997-07-01,2011-10-14 16:38:47 EDT
300186509,0626000,,TETRA TECHNOLOGIES INC. RIG # 460,FM 2725 RED FISH BAY STATE TRACT 423 #12,ARANSAS PASS,TX,78336,A,0000,N,S,1389,000000,A,A,,N,X,,,,,,,P. O. BOX 73087,HOUSTON,TX,77273,N168    000010581,5,1997-04-08,,1997-04-09,1998-02-04,2011-10-14 16:38:47 EDT
300188729,0626000,,"NABORS DRILLING USA, INC., RIG #16",THIRTY (30) MILES WEST ON FM 766,GONZALES,TX,78629,A,0000,Y,S,1381,000000,A,A,,N,,,,,,,,P. O. BOX 4629,VICTORIA,TX,77903,N168    000010881,17,1997-09-09,,1997-09-09,1998-12-15,2011-10-14 16:38:47 EDT
300389525,0625700,,"FRANK'S CASING CREW & RENTAL TOOLS, INC.",KEY RIG 73,LIVONIA,LA,70755,A,0000,Y,S,1389,000000,A,B,,N,X,,,,,,,PO BOX 51729,LAFAYETTE,LA,70505,N099    000019023,400,1996-07-03,2008-01-16,1996-07-03,1996-08-30,2011-10-14 16:38:47 EDT
300390903,0625700,,TCB MARINE,HWY 23 S.,VENICE,LA,70091,A,0000,Y,S,1389,000000,A,B,,N,,,,,,,,P.O. BOX 1011,BURAS,LA,70041,N099    000014688,12,1996-08-20,2011-01-05,1996-08-20,2011-01-05,2011-10-14 16:38:47 EDT
300393691,0625700,,"GREY WOLF DRILLING COMPANY, LP",3MILES EAST OF HWY 532 ON PEACH TREE RD.,DUBBERLY,LA,71024,A,0000,N,S,1381,000000,A,B,,N,,,,,,,,"333 TEXAS, SUITE 925",SHREVEPORT,LA,71101,N099    000018153,22,1997-02-04,2008-01-17,1997-02-05,1997-06-02,2011-10-14 16:38:47 EDT
300394426,0625700,,"SHOALMIRE OIL WELL CEMENTING, INC.",RADIO STATION RD. & HWY 84,MANSFIELD,LA,71052,A,0000,N,S,1389,000000,A,B,,N,,,,,,,,POB 835,MANSFIELD,LA,71052,,10,1997-03-18,,1997-03-18,1997-05-19,2011-10-14 16:38:47 EDT
300395241,0625700,,GREY WOLF DRILLING COMPANY,"6 MILES NW OF KAPLAN, NE OF DOGWOOD RD",KAPLAN,LA,70548,A,0000,N,S,1381,000000,A,B,,N,,,,,,,,254 STANFORD RD,EUNICE,LA,70535,N099    000015559,425,1997-04-23,2005-01-03,1997-04-24,1997-08-01,2011-10-14 16:38:47 EDT
300396504,0625700,,"MALLARD BAY DRILLING, INC.",OCS WATER - OFFSHORE PLATFORM W/ARCO,LAFAYETTE,LA,70506,A,0000,N,S,1381,000000,A,B,,N,,,,,,,,POB 51498,LAFAYETTE,LA,70506,N099    000006700,1000,1997-06-19,2008-01-17,1997-06-24,2004-07-02,2011-10-14 16:38:47 EDT
300397692,0625700,,"PREMIERE, INC.",5524 VETERANS MEM. HWY,ERATH,LA,70533,A,0000,Y,S,1389,000000,A,B,,N,,,,,,,,615 N. LANDRY DRIVE,NEW IBERIA,LA,70560,,190,1997-09-22,,1997-10-03,1998-08-11,2011-10-14 16:38:47 EDT
300429149,0625400,,WCS OIL & GAS CORPORATION,HWY 1647,DIME BOX,TX,78942,A,0000,N,S,1311,000000,A,B,,N,,,,,,,,P O BOX 1109,GIDDINGS,TX,78942,,1,1996-07-14,,1996-07-17,1997-01-08,2011-10-14 16:38:47 EDT
300430816,0625400,,"HACK DRILLING CO. ,INC.","LEDBETTER #1, OFF HWY 87, 9.7 MI EAST OF EDEN",EDEN,TX,76837,A,0000,N,S,1381,000000,A,B,,N,,,,,,,,P. O. BOX 5108,ABILENE,TX,79608,N122    000015142,13,1997-02-27,2010-08-23,1997-05-19,1997-06-26,2011-10-14 16:38:47 EDT
300438348,0625400,,M. D. VACUUM EQUIPMENT CO.,207 CACTUS ST,GIDDINGS,TX,78942,A,0000,N,S,1389,000000,A,B,,N,,,,,,,,P. O. BOX 66,GIDDINGS,TX,78942,N122    000016542,1,1998-08-15,,1998-08-15,2000-07-11,2011-10-14 16:38:47 EDT
300450582,454712,,COREXCO USA INC,RED RIVER,CLARKSVILLE,TN,37040,A,,N,S,1389,,A,B,,N,,X,,,,,,2113 ENTERPRISE DRIVE,MOUNT PLEASANT,MI,48858,N125    000028635,5,1996-08-14,2019-06-11,1996-08-14,2019-06-11,2019-06-14 00:23:19 EDT
300474418,0627700,,THOMAS DRILLING CO.,"ON HWY 7, 1.5 MI. W OF HWY 81",DUNCAN,OK,73531,A,0000,N,S,1381,000000,A,B,,N,,,,,,,,PO BOX 400,DUNCAN,OK,73534,,17,1997-01-14,,1997-01-14,1997-04-03,2011-10-14 16:38:47 EDT
300474657,0627700,,WELLTECH MID-CONTINENT,12.5 MILES WEST OF FAIRVIEW OK 73737,FAIRVIEW,OK,73737,A,0000,N,S,1389,000000,A,B,,N,,,,,,,,3801 VALLEY PARK DRIVE,EL RENO,OK,73036,N131    000019874,30,1997-04-15,,1997-04-23,2000-08-09,2011-10-14 16:38:47 EDT
300474855,0627700,,MARSAU ENTERPRISES,"7 MI NORTH, 1 1/2 MI EAST",BILLINGS,OK,73701,A,0000,N,S,1389,000000,A,B,,N,,X,,,,,,514 E. HACKBERRY,ENID,OK,73701,N131    000020040,35,1997-05-27,,1997-05-27,1997-08-20,2011-10-14 16:38:47 EDT
300478997,0627700,,NEW PROSPECT DRILLING,P O BOX 729,MCALESTER,OK,74302,A,0000,N,S,1381,000000,A,B,,N,X,,,,,,,P O BOX 729,GREENWOOD,AR,73936,,18,1997-08-04,,1997-08-05,1998-08-07,2011-10-14 16:38:47 EDT
300510989,0636900,,"UNITED ENERGEX, INC.",517 SPUR 490,EASTLAND,TX,76437,A,0000,N,S,1389,000000,A,B,,N,,,,,,,,,,,00000,,22,1996-10-31,,1996-11-01,1996-12-05,2011-10-14 16:38:47 EDT
300511052,0636900,,ENERGY SERVICE COMPANY OF BOWIE INC.,PIONEER RD & PIONEER PKWY,RHOME,TX,76078,A,0000,Y,S,1381,000000,A,B,,N,,,,,,,,P.O. BOX 1300,BOWIE,TX,76230,N142    000009441,70,1996-12-20,2009-01-13,1996-12-20,1997-05-02,2011-10-14 16:38:47 EDT
300512662,0636900,,"HALLIBURTON ENERGY SERVICES, INC.","5 MILES SE OF BLACKWELL, TEXAS",BLACKWELL,TX,79506,A,0000,Y,S,1389,000000,A,B,,N,,,,,,,,2701 INDUSTRIAL BLVD.,ABILENE,TX,79605,,50,1997-04-22,,1997-04-30,1997-07-21,2011-10-14 16:38:47 EDT
300515061,0636900,,"RENEGADE CASING CREWS, INC.",4 MI E OF RHOME,RHOME,TX,76078,A,0000,Y,S,1389,000000,A,A,,N,,,,,,,,P.O. BOX 118,JACKSBORO,TX,76458,,6,1997-10-08,,1997-11-13,1997-11-14,2011-10-14 16:38:47 EDT
300515087,0636900,,"SMITH OIL FIELD & ENVIRONMENTAL SERVICES, INC.",1905 CHICO HIGHWAY,BRIDGEPORT,TX,76426,A,0000,Y,S,1389,000000,A,B,,N,,,,,,,,P.O. BOX 562,BRIDGEPORT,TX,76426,,17,1997-10-14,,1997-10-16,1997-10-22,2011-10-14 16:38:47 EDT
300517919,0636900,,MITCHELL ENERGY CORPORATION,"ROUTE 3, BOX 100",BRIDGEPORT,TX,76426,A,0000,N,S,1381,000000,A,B,,N,,,,,,,,,,,00000,N142    000010335,1200,1998-05-12,,1998-08-14,1998-09-08,2011-10-14 16:38:47 EDT
300517927,0636900,,ENERGY SERVICE COMPANY OF BOWIE INC.,PIONEER RD & PIONEER PKWY,RHOME,TX,76078,A,0000,N,S,1389,000000,A,B,,N,,,,,,,,P.O. BOX 1300,BOWIE,TX,76230,N142    000009441,70,1998-05-08,2009-01-13,1998-08-14,1998-09-08,2011-10-14 16:38:47 EDT
300572526,0627400,,"FANNIE LEE MITCHELL OF TEXAS, INC.",FULLERTON OIL FIELD CFU 13-37,ANDREWS,TX,79714,A,0000,Y,S,1389,000000,A,B,,N,X,,,,,,,PO BOX 1594,LEVELLAND,TX,79336,N153    000008733,20,1996-07-19,2008-05-30,1996-07-19,1997-05-12,2011-10-14 16:38:47 EDT
300572674,0627400,,POOL CO TEXAS INC,7.2 MI N OF US HWY 84 ON THE WEST SIDE OF TX 208,SNYDER,TX,79549,A,0000,Y,S,1389,000000,A,B,,N,X,,,,,,,PO BOX 889,SNYDER,TX,79549,N153    000008819,95,1996-08-15,2008-04-10,1996-08-15,1996-12-17,2011-10-14 16:38:47 EDT
300573094,0627400,,POOL COMPANY (TEXAS) LTD,"6-8 MILES N. E. OF KERMIT, TX",KERMIT,TX,79745,A,0000,Y,S,1389,000000,A,B,,N,,,,,,,,P.O. BOX 1508,ANDREWS,TX,79714,N153    000009039,300,1997-01-07,2010-08-30,1997-01-07,1997-03-19,2011-10-14 16:38:47 EDT
300573425,0627400,,PATTERSON DRILLING,"OFF FM1232, 3MI WEST OF TX18, WINKLER COUNTY",WINK,TX,79783,A,0000,Y,S,1381,000000,A,B,,N,,,,,,,,P.O. DRAWER 1416,SNYDER,TX,79550,N153    000009072,4,1997-03-04,2010-08-30,1997-03-05,1998-05-22,2011-10-14 16:38:47 EDT
300573540,0627400,,"CIRCLE III SERVICES, INC.",400 E. 2ND STREET,IRAAN,TX,79744,A,0000,Y,S,1389,000000,A,B,,N,,,,,,,,,,,00000,N153    000009106,20,1997-04-02,2008-05-28,1997-04-02,1997-06-10,2011-10-14 16:38:47 EDT
300573896,0627400,,LEONARD HUDSON DRILLING CO. INC.,17 MI N/NW OF MIAMI TX FLOWERS B LEASE #4-3,MIAMI,TX,79059,A,0000,Y,S,1381,000000,A,B,,N,X,,,,,,,PO BOX 1876,PAMPA,TX,79065,N153    000009188,140,1997-06-03,2010-08-30,1997-06-05,1997-10-02,2011-10-14 16:38:47 EDT
300574266,0627400,,"FWA DRILLING CO., INC.","30 MILES S.E. OF MIDLAND, TX",MIDLAND,TX,79706,A,0000,Y,S,1381,000000,A,B,,N,X,,,,,,,PO BOX 1966,MIDLAND,TX,79702,N153    000009266,5,1997-07-24,2008-05-30,1997-07-30,1999-05-07,2011-10-14 16:38:47 EDT
300574308,0627400,,PENZOIL EXPLORATION & PRODUCTION CO,DUGGAN SLAUGHTER LEASE,WHITEFACE,TX,79379,A,0000,Y,S,1311,000000,A,B,,N,X,,,,,,,PO BOX 1150,SUNDOWN,TX,79372,N153    000009282,7,1997-08-06,2010-08-30,1997-08-06,1997-09-25,2011-10-14 16:38:47 EDT
300574779,0627400,,POOL COMPANY LTD OF TEXAS,"DENVER UNIT, WELL #8518",DENVER CITY,TX,79323,A,0000,N,S,1389,000000,A,B,,N,,,,,,,,P.O. BOX 60910,MIDLAND,TX,79711,N153    000009361,150,1997-11-20,,1997-11-20,1997-11-21,2011-10-14 16:38:47 EDT
300575305,0627400,,"COUGAR DRILLING COMPANY, INC.",20 MI E OF FT. STOCKTON,FORT STOCKTON,TX,79735,A,0000,Y,S,1381,000000,A,B,,N,X,,,,,,,"16800 GREENSPOINT PARK, STE 225N",HOUSTON,TX,77060,N153    000009468,17,1998-02-02,,1998-02-02,2000-01-18,2011-10-14 16:38:47 EDT
300575313,0627400,,DALE MEYER TRUCKING COMPANY,20 MI E OF FT. STOCKTON,FT. STOCKTON,TX,79735,A,0000,Y,S,1389,000000,A,B,,N,X,,,,,,,P.O. BOX 3548,ODESSA,TX,79760,N153    000009522,6,1998-02-02,,1998-02-04,1999-01-12,2011-10-14 16:38:47 EDT
300575321,0627400,,"CHEVRON, U.S.A., PRODUCTION, CO.",20 MI. E. OF FT. STOCKTON,FORT STOCKTON,TX,79735,A,0000,Y,S,1389,000000,A,B,,N,X,,,,,,,P. O. BOX 1150,MIDLAND,TX,79702,,1,1998-02-02,,1998-02-02,1998-04-02,2011-10-14 16:38:47 EDT
300575693,0627400,,GRIMMETT BROS. INC.,"ENRON WELL #701, HOLT LEASE, SOUTH OF CR 8000",ANDREWS,TX,79714,A,0000,Y,S,1389,000000,A,B,,N,,,,,,,,P.O. BOX 919,SNYDER,TX,79550,N153    000009550,14,1998-05-05,2008-06-03,1998-05-06,1998-09-23,2011-10-14 16:38:47 EDT
300576642,0627400,,"PIONEER NATURAL RESOURCES USA, INC.",SHACKELFORD SPRAYBERRY UNIT WELL #7504A,MIDLAND CO.,TX,79706,A,0000,Y,S,1311,000000,A,B,,N,X,,,,,,,4815 E. HWY 80,MIDLAND,TX,79706,N153    000009764,80,1998-11-12,,1998-11-18,1998-12-15,2011-10-14 16:38:47 EDT
300576816,0627400,,POOL COMPANY TEXAS LTD.,"LEASE 18910, WELL DENVER UNIT 8523 WC",DENVER CITY,TX,79323,A,0000,Y,S,1389,000000,A,B,,N,,,,,,,,P.O. BOX 60910,MIDLAND,TX,79711,N153    000009805,7,1999-01-08,,1999-01-14,2003-03-31,2011-10-14 16:38:47 EDT
300576857,0627400,,"LEONARD HUDSON DRILLING CO., INC.",CHRISTIE-TIPPS #4-25,MIAMI,TX,79059,A,0000,Y,S,1311,000000,A,B,,N,X,,,,,,,P.O. BOX 1876,PAMPA,TX,79066,N153    000009817,11,1999-01-20,2008-06-04,1999-01-21,1999-06-28,2011-10-14 16:38:47 EDT
300577293,0627400,,WEST TEXAS ENERGY SERVICES,4 MILES N ON FM 1609,IRA,TX,79527,A,0000,Y,S,1381,000000,A,B,,N,,,,,,,,P.O.BOX 1870,BIG SPRING,TX,79721,N153    000009892,30,1999-04-20,,1999-04-20,2000-01-18,2011-10-14 16:38:47 EDT
300578945,0627400,,WEST TEXAS ENERGY SERVICE LLC,2422 N. ANDERSON RD,BIG SPRING,TX,79720,A,0000,Y,S,1389,000000,A,B,,N,,,,,,,,PO BOX 1870,BIG SPRING,TX,79721,N153    000010124,13,2000-01-31,,2000-02-02,2000-03-09,2011-10-14 16:38:47 EDT
300579117,0627400,,"B & E ROUSTABOUT, INC.",107 HOOSER RD,BIG SPRING,TX,79720,A,0000,Y,H,1389,000000,A,B,,N,,,,,,,,P.O. BOX 3582,BIG SPRING,TX,79721,N153    000010137,19,2000-02-04,2009-03-25,2000-02-04,2000-03-24,2011-10-14 16:38:47 EDT
300580107,0627400,,UTI DRILLING,LONNIE RAY B#4,MIDLAND,TX,79702,A,0000,N,H,1311,000000,A,B,,N,,,,,,,,640 N. LOOP 250 W,MIDLAND,TX,79702,N153    000010271,800,2000-05-30,,2000-05-31,2001-04-16,2011-10-14 16:38:47 EDT
300580818,0627400,,REEF CHEMICAL COMPANY INC.,2559 W IH-20,ODESSA,TX,79766,A,0000,Y,S,1389,000000,A,A,,N,,,,,,,,,,,00000,N153    000010358,103,2000-08-02,2008-02-22,2000-08-03,2001-01-30,2011-10-14 16:38:47 EDT
300581121,0627400,,PATTERSON DRILLING COMPANY LP,JONES 11 #2H,DENVER CITY,TX,79323,A,0000,N,S,1381,213111,A,B,,N,X,,,,,,,PO BOX 1416,SNYDER,TX,79550,N153    000010408,12,2000-09-02,,2000-09-02,2001-07-24,2011-10-14 16:38:47 EDT
300581352,0627400,,KENT OHLHAUSEN DBA OHLHAUSEN OIL COMPANY,726 FM 89,ABILENE,TX,79606,A,0000,N,S,1389,000000,A,B,,N,,,,,,,,,,,00000,N153    000010445,1,2000-10-16,,2000-10-23,2000-11-17,2011-10-14 16:38:47 EDT
300611316,0524530,,M & M PUMP & SUPPLY INC.,307 SE 1ST STREET,CLAY CITY,IL,62824,A,0000,N,S,1389,000000,A,B,,N,,,,,,,,P.O. BOX 525,CLAY CITY,IL,62824,N159    000005048,65,2000-05-31,,2000-06-26,2000-08-17,2011-10-14 16:38:47 EDT
300706579,0855610,,CAZA DRILLING INC,HOGBACK 64X-25G,BIG PINNEY,WY,83113,A,0000,N,S,1381,000000,A,B,,N,,X,,,,,,P. O. BOX 17805,DENVER,CO,80217,N037    000010350,500,1998-09-08,2007-11-30,1998-09-09,1998-12-23,2011-10-14 16:38:47 EDT
300706587,0855610,,MOBIL EXPORATION AND PRODUCING US,HOGBACK 64X-25G,BIG PINNEY,WY,83113,A,0000,N,S,1382,000000,A,B,,N,,X,,,,,,12450 GREENS POINT DRIVE,HOUSTON,TX,77060,,1000,1998-09-08,,1998-09-08,1998-09-08,2011-10-14 16:38:47 EDT
300708740,0855610,,CBM DRILLING,"RIG #404,SEC.16,T48N,R77W",BUFFALO,WY,82834,A,0000,Y,S,1311,000000,A,B,,N,,,,,,,,950 STAFFORD STREET,CASPER,WY,82609,N037    000010639,13,1999-03-18,,1999-04-08,1999-08-19,2011-10-14 16:38:47 EDT
300709896,0855610,,CANNON OIL & GAS WELL SERVICE INC,"WALTMAN 29, CAVE GULCH, SW4/NW4/SEC 31/T37N/R86W",ARMINTO,WY,82630,A,0000,Y,S,1389,000000,A,B,,N,,,,,,,,P. O. BOX 2086,ROCK SPRINGS,WY,82902,N037    000010797,28,1999-06-20,2007-12-05,1999-06-20,2000-03-16,2011-10-14 16:38:47 EDT
300712411,0855610,,SWACO,5675 WEST YELLOWSTONE HIGHWAY,CASPER,WY,82604,A,0000,N,S,1389,000000,A,A,,N,,,,,,,,P.O BOX 42842,HOUSTON,TX,77242,N037    000011385,1700,2000-06-02,2008-02-12,2000-07-11,2001-02-21,2011-10-14 16:38:47 EDT
300712510,0855610,,A-1 DRILLING INC,"SE NE, SEC,4-T47N-R73W",GILLETTE,WY,82718,A,0000,N,S,1381,000000,A,B,,N,,,,,,,,1200 SHIPWHEEL LANE,GILLETTE,WY,82716,N037    000011179,18,2000-03-05,2008-09-29,2000-03-05,2001-03-02,2011-10-14 16:38:47 EDT
300712528,0855610,,INDEPENDENT PRODUCTION COMPANY INC,"SE NE, SEC,4-47N-R73W",GILLETTE,WY,82732,A,0000,N,S,1381,000000,A,B,,N,,,,,,,,2901 FREN  ST #A,GILLETTE,WY,82732,N037    000011180,6,2000-03-05,2008-01-09,2000-03-05,2000-03-05,2011-10-14 16:38:47 EDT
300754884,0950635,,VECO DRILLING INC,ISLAND FREEMAN,LONG BEACH,CA,90802,A,0000,N,S,1381,000000,A,B,,N,,,,,,,,P O BOX 1248,LONG BEACH,CA,90801,N056    000010404,65,1997-07-21,2010-07-12,1997-08-07,2000-03-22,2011-10-14 16:38:47 EDT
300758935,0950635,,NABORS DRILLING USA INC,ON RIG 232 ON PLATFORM EVA,HUNTINGTON BEACH,CA,92648,A,0000,N,S,1381,000000,A,B,,N,,,,,,,,3919 ROSEDALE HWY,BAKERSFIELD,CA,93308,N056    000012017,24,2000-05-23,2010-05-04,2000-07-20,2003-01-16,2011-10-14 16:38:47 EDT
300790391,0950632,,MARTIN PUMP AND EQUIPMENT COMPANY,500 SOUTH N ST,IMPERIAL,CA,92251,A,0000,N,S,1389,000000,A,B,,N,,,,,,,,"500 SOUTH ""N"" ST",IMPERIAL,CA,92251,N064    000018058,10,2002-06-03,2013-04-10,2002-10-11,2003-10-02,2013-04-12 02:12:15 EDT
300793171,0950632,,BRIAN SIMPSON (PROPERTY OWNER),11296 MARGURITE CANYON RD,LAKESIDE,CA,92040,A,0000,N,S,2131,213111,A,A,,N,,,,,,,,,,,00000,N064    000019129,1,2003-02-27,2010-07-30,2003-03-05,2003-03-17,2011-10-14 16:38:47 EDT
300798618,0950625,,WELLCO SERVICES INC,8105-B S LASSEN,SAN JOAQUIN,CA,93660,A,0000,N,S,1389,000000,A,B,,N,,,,,,,,,,,00000,N068    000015704,13,1999-12-30,,2000-01-11,2001-02-09,2011-10-14 16:38:47 EDT
300807179,0950645,,GRAYSON SERVICES,RINCON ISLAND,VENTURA,CA,93003,A,0000,N,S,1311,000000,A,B,,N,,,,,,,,4004 S. ENOS LANE,BAKERSFIELD,CA,93312,N071    000013193,4,1998-10-09,2008-02-18,1998-10-09,1998-10-14,2011-10-14 16:38:47 EDT
300808607,0950645,,KENAI DRILLING LIMITED,3500 TELEPHONE ROAD,SANTA MARIA,CA,93455,A,0000,N,S,1381,000000,A,A,,N,,,,,,,,P.O. BOX 2248,ORCUTTA,CA,93457,N071    000014360,4,1999-12-29,,1999-12-29,2000-07-12,2011-10-14 16:38:47 EDT
300808623,0950645,,BAKER HUGHES OIL COMPANY,1404 FLEET ST,VENTURA,CA,93003,A,0000,N,S,1389,000000,A,A,,N,,,,,,,,,,,00000,N071    000014231,12,2000-01-08,,2000-01-08,2001-11-07,2011-10-14 16:38:47 EDT
300809647,0950645,,VENOCO OIL,5675 CARPINTERIA AVE.,CARPINTERIA,CA,93101,A,0000,N,S,1382,000000,A,B,,N,,,,,,,,,,,00000,N071    000014821,15,2000-11-27,,2000-11-27,2000-11-27,2011-10-14 16:38:47 EDT
300813003,0950645,,GREKA ENERGY,1660 STINTON RD,SANTA MARIA,CA,93455,A,0000,N,H,1381,000000,A,B,,N,,,,,,,,2801 B SANTA MARIA WAY,SANTA MARIA,CA,93455,N071    000016116,60,2002-04-18,2006-09-05,2002-05-07,2006-09-01,2011-10-14 16:38:47 EDT
300828498,0950643,,OIL WELL SERVICE CO.,"HWY 166 & SHORT ROAD,LEUTHULTZ LEASE,WELL #23",MARICOPA,CA,93252,A,0000,N,S,1389,213112,A,B,,N,,,,,,,,1241 EAST BURNETT ST.,SIGNAL HILL,CA,90755,N078    000028365,52,2004-12-31,2013-02-12,2005-06-28,2007-12-31,2013-02-14 02:38:07 EST
300829074,0950643,,CONTINENTAL LABOR RESOURCES INC,ESOZ PIPELINE-SECTION 22,BAKERSFIELD,CA,93309,A,0000,N,S,1311,211111,A,A,,N,,X,,,,,,900 MOHAWK ST SUITE 120,BAKERSFIELD,CA,93309,N078    000030762,300,2005-03-29,2005-10-27,2005-04-27,2005-05-04,2011-10-14 16:38:47 EDT
300829264,0950643,,CAZA DRILLING (CALIFORNIA) INC.,HPSI4H MIDWAY SUNSET FIELD 25449 HWY 33,FELLOWS,CA,93224,A,0000,N,S,1381,213111,A,B,,N,,,,,,,,7001 CHARITY AVE.,BAKERSFIELD,CA,93308,N078    000031396,5,2005-04-09,2008-03-06,2005-04-14,2005-10-07,2011-10-14 16:38:47 EDT
300829413,0950643,,KEY ENERGY SERVICES INC,28590 HWY. 119,VALLEY ACRES,CA,93268,A,0000,N,S,1389,213112,A,B,,N,,,,,,,,18835 HIGHWAY 65,BAKERSFIELD,CA,93308,N078    000027391,100,2005-04-20,2008-03-21,2005-09-15,2008-03-19,2011-10-14 16:38:47 EDT
300829850,0950643,,"KEY ENERGY SERVICES - CALIFORNIA, INC",HIGHWAY 33 BETWEEN HWY. 46 & LOKERN RD.,BAKERSFIELD,CA,93308,A,0000,N,S,1389,213112,A,B,,N,,,,,,,,18835 HIGHWAY 65,BAKERSFIELD,CA,93308,N078    000031561,200,2005-06-03,2005-11-04,2005-11-04,2005-11-04,2011-10-14 16:38:47 EDT
300829868,0950643,,KEY ENERGY SERVICES - CALIFORNIA INC.,28700 HOVEY HILLS RD.,TAFT,CA,93268,A,0000,N,S,1389,213112,A,B,,N,,,,,,,,18835 HIGHWAY 65,BAKERSFIELD,CA,93308,N078    000031594,200,2005-06-03,2006-03-27,2005-11-08,2005-11-08,2011-10-14 16:38:47 EDT
300830163,0950643,,KELLOGG BROWN & ROOT,28590 HIGHWAY 119,TUPMAN,CA,93276,A,0000,N,S,1311,211111,A,B,,N,,,,,,,,,,,00000,N078    000031480,350,2005-06-22,2008-03-04,2005-10-01,2005-10-01,2011-10-14 16:38:47 EDT
300830932,0950643,,"ROBERT HEELY CONSTRUCTION, INC.",1 CONTRACTORS ROAD,MCKITTRICK,CA,93251,A,0000,N,S,1389,237120,A,A,,N,X,,,,,,,P.O. BOX 3620,PASO ROBLES,CA,93447,N078    000031908,75,2005-08-17,2008-06-20,2006-01-19,2008-06-20,2011-10-14 16:38:47 EDT
300832292,0950643,,GREKA ENERGY,1527 ZACA STATION,LOS OLIVOS,CA,93449,A,0000,N,H,1381,213111,A,B,,N,,,,,,,,6527 DOMINION RD.,SANTA MARIA,CA,93454,N078    000032577,220,2005-12-12,2008-07-10,2006-05-31,2008-07-10,2011-10-14 16:38:47 EDT
300832664,0950643,,WEATHERFORD U.S.L.P.,2815 FRUITVALE,BAKERSFIELD,CA,93308,A,0000,N,S,1389,213112,A,A,,N,X,,,,,,,,,,00000,N078    000032626,61,2006-01-17,2016-06-20,2006-05-25,2008-12-31,2016-06-30 01:10:52 EDT
300832938,0950643,,WESTERN DRILLING,RIG #68,TAFT,CA,93268,A,0000,N,S,1381,213111,A,B,,N,,,,,,,,4300 MIDWAY RD.,TAFT,CA,93268,N078    000032617,100,2006-02-17,2007-04-02,2006-06-16,2007-04-02,2011-10-14 16:38:47 EDT
300833134,0950643,,JACOBS FIELD SERVICES NORTH AMERICA,15255 LOST HILLS ROAD,LOST HILLS,CA,93249,A,0000,N,S,1389,213112,A,A,,N,,X,,,,,,"5201 CALIFORNIA AVE., SUITE 320",BAKERSFIELD,CA,93309,N078    000032688,89,2006-03-07,2008-05-16,2006-06-30,2008-03-27,2011-10-14 16:38:47 EDT
300833381,0950643,,ANTERRA ENERGY SERVICES,1933 E. WOOLEY RD,OXNARD,CA,93030,A,0000,N,S,1311,211111,A,B,,N,,,,,,,,,,,00000,N078    000032864,17,2006-03-27,2008-09-01,2006-07-24,2008-08-29,2011-10-14 16:38:47 EDT
300833670,0950643,,KENAI DRILLING LIMITED,CROCKER SPRINGS RD. & W. OF TAFT,FELLOWS,CA,93224,A,0000,N,S,1381,213111,A,B,,N,,X,,,,,,2701 PATTON WAY,BAKERSFIELD,CA,93308,N078    000033056,6,2006-04-13,2013-02-12,2006-09-05,2008-12-31,2013-02-14 02:38:07 EST
300833944,0950643,,"JACOBS FIELD SERVICES, NORTH AMERICA",45255 LOST HILLS ROAD,LOST HILLS,CA,93251,A,0000,N,S,1389,213112,A,B,,N,,,,,,,,5201 CALIFORNIA AVENUE #320,BAKERSFIELD,CA,93309,N078    000033001,300,2006-04-05,2009-03-12,2006-09-15,2009-03-11,2011-10-14 16:38:47 EDT
300833951,0950643,,"NORMAN WIRELINE SERVICES, INC.",600 SHELL RD.,VENTURA,CA,93001,A,0000,N,S,1389,213112,A,B,,N,,,,,,,,1301 JAMES RD.,BAKERSFIELD,CA,93308,N078    000032798,20,2006-04-05,2014-07-18,2006-07-17,2008-12-28,2014-07-21 01:01:12 EDT
300834538,0950643,,DWAYNES ENGINEERING AND CONSTRUCTION,HWY 33 AND 7TH STANDARD ROAD,MCKITTRICK,CA,93217,A,0000,N,S,1389,238910,A,B,,N,,,,,,,,3655 ADDIE AVENUE,MCKITTRICK,CA,93251,N078    000033408,156,2006-06-19,2008-12-04,2006-12-15,2008-12-03,2011-10-14 16:38:47 EDT
300834868,0950643,,KENAI DRILLING LTD.,"KERN FRONT FIELD, SECT. 11",BAKERSFIELD,CA,93308,A,0000,N,S,1382,213112,A,B,,N,,,,,,,,2701 PATTON WAY,BAKERSFIELD,CA,93308,N078    000032822,240,2006-02-07,2008-03-11,2006-04-25,2006-04-25,2011-10-14 16:38:47 EDT
300839826,0950613,,COVENANT AVIATION SECURITY,"TERMINAL 1 CHECK POINT C, SFIA",SAN FRANCISCO,CA,94128,A,0000,N,S,1381,213111,A,B,,Y,,,,,,,,245 SO. SPRUCE AVENUE,SO. SAN FRANCISCO,CA,94080,N079    000012398,1300,2003-07-17,,2003-09-11,2004-01-31,2011-10-14 16:38:47 EDT
301010799,0729700,,BERENTZ DRILLING COMPANY INC.,7 MILES W. OF EUREKA ON K-54,EUREKA,KS,66045,A,0000,N,S,1382,000000,A,A,,N,,,,,,,,P.O.BOX 782228,WICHITA,KS,67278,N135    000010445,6,1997-10-03,,1998-04-02,2001-10-29,2011-10-14 16:38:47 EDT
301032868,0419400,,"SOUTHERN OILFIELD SERVICES, INC.","ALBAN ROAD, MURCO DRILLING RIG #22",VICKSBURG,MS,39180,A,0000,N,S,1311,000000,A,A,,N,X,,,,,,,P. O. BOX 129,SANDERSVILLE,MS,39477,,5,1997-08-18,,1997-08-22,1997-10-31,2011-10-14 16:38:47 EDT
301033957,0419400,,WELL DATA SERVICES,HIGHWAY 587,MORGANTOWN,MS,39484,A,0000,N,S,1382,000000,A,A,,N,X,,,,,,,1107 MIKES PLACE,MILTON,FL,32570,,2,1997-12-09,,1997-12-10,1998-01-30,2011-10-14 16:38:47 EDT
301307476,0626600,,"NABORS DRILLING USA, INC","RIG 725 ON HWY 980, ELLIS UNIT (4 MILES)",HUNTSVILLE,TX,77340,A,0000,Y,S,1381,000000,A,B,,N,,,,,,,,515 WEST GREENS ROAD,HOUSTON,TX,77067,,10,1997-03-27,,1997-04-01,1998-03-27,2011-10-14 16:38:47 EDT
301307641,0626600,,"BAYARD DRILLING TECHNOLOGY, INC.","HWY 90 SOUTH, 1/2 MILES SOUTH OF ROANS PRAIRIE",GRIMES COUNTY,TX,77868,A,0000,Y,S,1311,000000,A,B,,N,,,,,,,,"4005 NORTHWEST EXPRESSWAY, SUITE 400",OKLAHOMA CITY,OK,73116,,50,1997-04-23,,1997-05-30,1997-07-28,2011-10-14 16:38:47 EDT
301312138,0626600,,BUSINESS STAFFING INC.,"812 WEST DALLAS, SUITE 100",CONROE,TX,77301,A,0000,Y,S,1311,000000,A,B,,N,X,,,,,,,,,,00000,,20,1998-04-06,,1998-05-19,1998-06-16,2011-10-14 16:38:47 EDT
301313235,0626600,,"MERIT OILFIELD SERVICES, LTD.",HIGHWAY 1004 & WISEBLUFF ROAD,BUNA,TX,77612,A,0000,N,S,1389,000000,A,B,,N,,,,,,,,P.O. BOX 1858,BUNA,TX,77612,N145    000017433,4,1998-08-28,2010-12-20,1998-09-25,1999-03-05,2011-10-14 16:38:47 EDT
301313813,0626600,,"DELTA SEABOARD WELL SERVICES, INC.",1/4 MILE FROM FM 3454,RIVERSIDE,TX,77367,A,0000,Y,S,1389,000000,A,B,,N,,,,,,,,1800 AUGUSTA # 212,HOUSTON,TX,77057,N145    000017526,65,1998-11-03,,1999-02-16,1999-03-05,2011-10-14 16:38:47 EDT
301318614,0213900,,ALLSTATE POWER VAC,MANTUA GROVE RD,WEST DEPTFORD,NJ,08096,A,0000,N,S,1389,000000,A,B,,N,,,,,,,,"10 INDUSTRIAL HIGHWAY BLDG ""J"" MAILSTOP 9",LESTER,PA,19113,,3,1997-12-01,,1998-01-27,1998-07-21,2011-10-14 16:38:47 EDT
301325353,0950612,,SALINAS PUMP COMPANY,772 VERTIN AVENUE,SALINAS,CA,93901,A,0000,N,S,1381,213111,A,B,,N,,,,,,,,,,,00000,N069    000018542,2,2005-10-21,2008-04-08,2006-01-24,2007-07-31,2011-10-14 16:38:47 EDT
301570214,0627410,,"EPOCH WELL SERVICES, INC.","9 MILES N. OF ORLA, TX. HWY 285 ON CO. 452",ORLAFIELD,TX,79745,A,0000,Y,S,1389,000000,A,B,,N,,,,,,,,2527 SOUTH COUNCIL ROAD,OKLAHOMA CITY,OK,73128,N034    000001919,2,2000-12-11,,2000-12-12,2002-02-19,2011-10-14 16:38:47 EDT
301872859,0627700,,HAMM & PHILLIPS SERVICE COMPANY,"4 MILES W. OF POCASSET, OK",POCASSET,OK,73079,A,0000,Y,S,1389,000000,A,B,,N,,,,,,,,PO BOX 3907 (SITE: 1614 EAST WILLOW),ENID,OK,73703,N131    000020828,1,1997-12-11,,1997-12-11,1998-04-09,2011-10-14 16:38:47 EDT
301875514,0627700,,"L. G. MCLENNAN DRILLING COMPANY, INC.",2-3 MILES NW OF #99 & CR5305,WYNONA,OK,74084,A,0000,N,S,1381,000000,A,B,,N,,,,,,,,P.O. BOX 6,NOWATA,OK,74048,N131    000021087,5,1998-02-25,,1998-05-05,1999-04-06,2011-10-14 16:38:47 EDT
301878849,0627700,,"FREEZE TECHNOLOGY INTERNATIONAL, INC.","1/2 MI. E OF HWY 53 & HWY 77, LAZY S RANCH",SPRINGER,OK,73458,A,0000,N,H,1389,000000,A,B,,N,,,,,,,,P.O. BOX 2329,AMARILLO,TX,79105,N131    000021869,25,1998-09-01,,1998-09-01,2000-10-16,2011-10-14 16:38:47 EDT
301878864,0627700,,"FREEZE TECHNOLOGY INTERNATIONAL, INC.","1/2 MI. E OF HWY 53 & HWY 77, LAZY S RANCH",SPRINGER,OK,73458,A,0000,N,S,1389,000000,A,B,,N,,,,,,,,P.O. BOX 2329,AMARILLO,TX,79105,N131    000021869,25,1998-09-01,,1998-09-01,2000-10-05,2011-10-14 16:38:47 EDT
301971610,0653510,,RAM OIL WELL SERVICE,W OF CARLSBAD INDIAN BASIN F#1,CARLSBAD,NM,88220,A,0000,N,S,1389,000000,A,A,,N,,X,,,,,,PO BOX 697,HOBBS,NM,88240,N023    000009096,290,1998-01-13,2007-11-21,1998-01-14,1998-06-21,2011-10-14 16:38:47 EDT
301973194,0653510,,GANDY CORPORATION,GPM BLOCK 19,EUNICE,NM,88231,A,0000,Y,S,1389,000000,A,B,,N,,,,,,,,PO BOX 827,TATUM,NM,88267,N023    000009273,64,1998-04-14,,1998-04-15,1998-10-06,2011-10-14 16:38:47 EDT
301973210,0653510,,"GILBERT'S LEASE SERVICE, INC.","LG & E NATURAL GAS TANK, JUST OFF BOUNDS ROAD",LOVING,NM,88256,A,0000,Y,S,1389,000000,A,B,,N,,,,,,,,PO BOX 1597,LOVINGTON,NM,88260,N023    000007863,58,1998-04-23,,1998-04-24,1998-10-05,2011-10-14 16:38:47 EDT
301989380,0625700,,GREY WOLF DRILLING COMPANY,"6 MILES NW OF KAPLAN, NE OF DOGWOOD RD",KAPLAN,LA,70548,A,0000,Y,S,1311,000000,A,B,,N,X,,,,,,,254 STANFORD RD,EUNICE,LA,70535,N099    000015559,3000,1998-03-11,,1998-03-11,1999-08-09,2011-10-14 16:38:47 EDT
301989463,0625700,,SONAT EXPLORATION COMPANY,"WELL EM 22-1, OFF HWY. 113",PITKIN,LA,70656,A,0000,N,S,1389,000000,A,B,,N,,,,,,,,P.O. BOX 1513,HOUSTON,TX,77251,N099    000016389,750,1998-03-05,2016-06-03,1998-04-08,2011-01-05,2016-06-30 01:10:52 EDT
301989471,0625700,,"QUANTUM PRODUCTION SERVICES, INC.",WELL EM 22-1 OFF HWY 113,PITKIN,LA,70656,A,0000,N,S,1389,000000,A,B,,N,,,,,,,,P.O. BOX 97,HESSMER,LA,71341,N099    000016362,10,1998-03-05,,1998-04-17,1998-12-10,2011-10-14 16:38:47 EDT
301992699,0625700,,S.H.LOE OIL CORP,NEBO-HEMPHILL FIELD SHAPIRO #1 WK F RB SU29,JENA,LA,71352,A,0000,Y,S,1381,000000,A,B,,N,X,,,,,,,"PO BOX 248, HWY 84 W",TULLIS,LA,71479,N099    000016898,2,1998-09-16,,1998-09-16,1999-04-05,2011-10-14 16:38:47 EDT
301993309,0625700,,SONAT EXPLORATION COMPANY,OTTO CUMMINS NO.2 ALTERNATE WELL,BRYCELAND,LA,71014,A,0000,Y,S,1311,000000,A,B,,N,X,,,,,,,P.O. BOX 1513,HOUSTON,TX,77251,N099    000017024,1,1998-10-26,2005-12-14,1999-04-22,2001-06-18,2011-10-14 16:38:47 EDT
302096433,0626000,,"TRACE VENTURES EXPLORATION, INC.","LINE 19, STATION 182/183",KENEDY,TX,78119,A,0000,N,S,1382,000000,A,A,,N,,,,,,,,"4500 W. ILLINOIS, SUITE 118",MIDLAND,TX,79703,N168    000011313,40,1998-04-02,,1998-04-02,1998-04-03,2011-10-14 16:38:47 EDT
302097779,0626000,,"NABORS DRILLING USA, INC. RIG #322",0.4 MI. WEST OF ENTRANCE TO FALCON STATE PARK,FALCON HEIGHTS,TX,78545,A,0000,N,H,1381,000000,A,B,,N,,,,,,,,"515 W. GREENS RD., STE 1000",HOUSTON,TX,77067,N168    000011404,17,1998-06-17,,1998-08-13,1999-12-03,2011-10-14 16:38:47 EDT
302098876,0626000,,FERGUSON BEAUREGARD/LOGIC CONTROL,2906 SPECIALITY DR.,TYLER,TX,75707,A,0000,N,H,1389,000000,A,B,,N,,,,,,,,P. O. BOX 130158,TYLER,TX,75713,N168    000011625,35,1998-08-31,,1998-09-16,1999-12-30,2011-10-14 16:38:47 EDT
302100979,0626000,,"J & R VALLEY OILFIELD SERVICES, INC.","GARCIA LEASE WELL #5, 3.5 MI W OF FM 2221 & 7MI RD",EDINBURG,TX,78539,A,0000,N,S,1389,000000,A,A,,N,X,,,,,,,P.O. BOX 311,MISSION,TX,78573,N168    000011903,1,1999-04-09,2004-04-30,1999-04-27,2000-06-27,2011-10-14 16:38:47 EDT
302103064,0626000,,QUALITY CONTROLS & EQUIPMENT INC RIG NUMBER 5,5151 HIGHWAY 35 NORTH,ROCKPORT,TX,78382,A,0000,N,S,1389,000000,A,A,,N,,,,,,,,4654 BALDWIN BOULEVARD,CORPUS CHRISTI,TX,78408,N168    000012193,5,1999-11-19,2008-03-25,1999-11-19,2002-08-12,2011-10-14 16:38:47 EDT
302264718,0653510,,"A-PLUS WELL SERVICE, INC.",3107 BLOOMFIELD HWY,FARMINGTON,NM,87565,A,0000,Y,S,1389,000000,A,B,,N,,X,,,,,,P.O. BOX 1979,FARMINGTON,NM,87499,N023    000009646,23,1998-09-24,,1998-09-25,2000-01-11,2011-10-14 16:38:47 EDT
302272968,0653510,,POOL ENERGY SERVICES COMPANY,5208 LOVINGTON HWY,HOBBS,NM,88240,A,0000,Y,S,1382,000000,A,A,,N,,,,,,,,,,,00000,N023    000010578,27,2000-03-30,2007-11-14,2000-03-30,2000-07-11,2011-10-14 16:38:47 EDT
302383260,0627700,,CITATION OIL & GAS CORP.,4 1/2 MILES W. ON TEXAS ST.,HEALDTON,OK,73438,A,0000,N,S,1311,000000,A,B,,N,X,,,,,,,8223 WILLOW PL. SOUTH,HOUSTON,TX,77070,N131    000022820,32,1999-07-30,,1999-07-30,2000-11-03,2011-10-14 16:38:47 EDT
302385224,0627700,,PATTERSON DRILLING COMPANY,5 MI. W OF LINDSAY (5MI W & .75MI N OF ERIN SPRNGS,LINDSAY,OK,73052,A,0000,Y,S,1381,213111,A,B,,N,X,,,,,,,P.O. BOX 1416,SNYDER,TX,79550,N131    000022988,25,1999-09-08,2010-10-06,1999-09-08,1999-11-17,2011-10-14 16:38:47 EDT
302385315,0627700,,POOL COMPANY TEXAS LTD,5 MILES NW OF CITY,ALBION,OK,74521,A,0000,N,S,1389,000000,A,B,,N,,,,,,,,"3613 NW 56TH STREET, SUITE 220",OKLAHOMA CITY,OK,73112,N131    000023028,170,1999-09-20,,1999-09-24,2000-08-23,2011-10-14 16:38:47 EDT
302385505,0627700,,OKLAND OIL COMPANY,3 MILES NE PURCELL,PURCELL,OK,73080,A,0000,Y,S,1311,000000,A,B,,N,,,,,,,,110 N. ROBINSON,OKLAHOMA CITY,OK,73102,N131    000023079,17,1999-10-01,,1999-10-01,2000-03-15,2011-10-14 16:38:47 EDT
302385737,0627700,,"NABORS DRILLING USA, INC.","3 MI E, 2 MI S OF MOUNTAIN VIEW, IDA MAE #358",MOUNTAIN VIEW,OK,73062,A,0000,N,S,1381,000000,A,B,,N,,,,,,,,10100 NW 10TH ST,OKLAHOMA CITY,OK,73127,N131    000023339,15,1999-12-14,2010-10-06,1999-12-22,2000-06-14,2011-10-14 16:38:47 EDT
302386107,0627700,,BIG MAC TANK TRUCKS INC.,HWY 69 SOUTH BYPASS,MCALESTER,OK,74501,A,0000,N,S,1389,000000,A,B,,N,,,,,,,,PO BOX 612,MCALESTER,OK,74502,N131    000023206,45,1999-11-15,,1999-11-15,2000-03-09,2011-10-14 16:38:47 EDT
302387287,0627700,,MERCER SEISMIC EXPLORATION,22 MILES N.E OFF HWY 31,MCALESTER,OK,74502,A,0000,N,S,1382,000000,A,B,,N,,,,,,,,P.O. BOX 387,TALOGA,OK,73667,N131    000023359,7,1999-12-20,,1999-12-23,2000-05-11,2011-10-14 16:38:47 EDT
302387451,0627700,,"WEATHERFORD U.S., LP.",3.5 MILES SW OF CITY,PURCELL,OK,73080,A,0000,N,S,1389,000000,A,B,,N,,,,,,,,6525 N. MERIDIAN AVE.,OKLAHOMA CITY,OK,73116,N131    000023396,3,2000-01-10,,2000-01-11,2000-03-31,2011-10-14 16:38:47 EDT
302387618,0627700,,"HIGH PLAINS WIRELINE SERVICES, INC.",3.5 MI NORTH ON HWY 30,SWEETWATER,OK,73666,A,0000,N,S,1389,000000,A,B,,N,,,,,,,,P.O. BOX 1091,ELK CITY,OK,73648,N131    000023427,2,2000-01-13,,2000-01-14,2000-09-27,2011-10-14 16:38:47 EDT
302388517,0627700,,C & W CONSTRUCTION,"15 MILES NORTH, .25 MILES EAST",SHATTUCK,OK,73858,A,0000,N,S,1389,000000,A,B,,N,,,,,,,,PO BOX 784,BEAVER,OK,73932,N131    000023550,1,2000-03-14,,2000-03-15,2001-02-12,2011-10-14 16:38:47 EDT
302393772,0419400,,"RAPAD OIL FIELD SERVICES, INC.","MASONITE WELL #13601, JOHN DENNIS ROAD",CLARA,MS,39324,A,0000,N,S,1389,000000,A,B,,N,,,,,,,,P. O. BOX 4240,LAUREL,MS,39441,N147    000014180,5,1999-08-29,,1999-08-29,1999-11-30,2011-10-14 16:38:47 EDT
302395918,0419400,,"COASTAL PETROLEUM SERVICES, INC.",OFF TERRY CREEK ROAD,MAGNOLIA,MS,39652,A,0000,Y,S,1389,000000,A,A,,N,,,,,,,,P. O. BOX 922,NATCHEZ,MS,39121,N147    000014461,15,2000-03-31,,2000-04-06,2001-11-30,2011-10-14 16:38:47 EDT
302511126,0522300,,D P OPERATING CO.,2ND OIL WELL ON N. SIDE OF CALLA RD. W. OF SR 534,YOSHEN TOWNSHIP,OH,45122,A,0000,Y,S,1311,000000,A,B,,N,,,,,,,,19220 US ROUTE 62,BELOIT,OH,44609,N162    000022186,11,2000-01-03,,2000-01-14,2000-02-29,2011-10-14 16:38:47 EDT
302574447,0626600,,COMET WELL SERVICES INC.,FM 1372,MADISONVILLE,TX,77864,A,0000,Y,S,1389,000000,A,B,,N,,,,,,,,34826 BUTLER RD.,CONROE,TX,77305,N145    000018553,4,2000-07-21,,2000-07-24,2001-06-29,2011-10-14 16:38:47 EDT
302574850,0626600,,"CAMEL WELL SERVICE, INC.","SARATOGA OILFIELD, (HARDIN COUNTY)",SARATOGA,TX,77575,A,0000,N,S,1389,000000,A,B,,N,,,,,,,,1409 MINGLEWOOD ROAD,LIBERTY,TX,77575,N145    000018613,5,2000-08-31,,2000-08-31,2000-12-20,2011-10-14 16:38:47 EDT
302658448,0636900,,JONES DRILLING CORPORATION,"SCHOOL FIELD #2, 3 1/2 MI S.W",KRUM,TX,76249,A,0000,Y,S,1381,000000,A,B,,N,,X,,,,,,P.O. BOX 128,BRIDGEPORT,TX,76426,N142    000011331,150,2000-01-21,,2000-02-28,2000-03-01,2011-10-14 16:38:47 EDT
302662820,0636900,,"NABORS DRILLING USA, INC.",NABORS RIG DRIVE #309,FAIRFIELD,TX,75840,A,0000,Y,S,1381,000000,A,B,,N,,,,,,,,P.O. BOX 392,KILGORE,TX,75663,N142    000012092,20,2000-11-27,,2001-02-06,2002-01-03,2011-10-14 16:38:47 EDT
302662994,0636900,,PATTERSON DRILLING COMPANY LP,8850 JIM BAKER RD,JUSTIN,TX,76247,A,0000,Y,S,1381,000000,A,B,,N,,,,,,,,P.O.BOX 1416,SNYDER,TX,79550,N142    000012131,4,2001-01-11,,2001-01-18,2001-01-18,2011-10-14 16:38:47 EDT
302741731,0452110,,SCHLUMBERGER DOWELL,RT 777 BETWEEN (STONE COAL AREA),PRESTONSBURG,KY,44444,A,0000,N,S,1389,000000,A,B,,N,X,,,,,,,HWY 114 WEST,PRESTONBURG,KY,41653,N020    000034498,35,1999-07-15,,1999-07-16,1999-07-27,2011-10-14 16:38:47 EDT
302747910,0452110,,UMI-LLC,6000 AULL ROAD,KNOTTSVILLE,KY,42366,A,0000,N,S,1381,213111,A,B,,N,,X,,,,,,P O BOX 400,HUNTINGBURG,IN,47542,N020    000035253,55,2000-03-08,2012-12-27,2000-03-09,2012-12-15,2012-12-30 04:29:49 EST
302765698,0830500,,"KEY ROCKY MOUNTAIN, INC.",WELD COUNTY-SEC20-1N-67W,FT. LUPTON,CO,80621,A,0000,Y,S,1389,000000,A,A,,N,,,,,,,,"159 N. WOLCOTT, SUITE 360",CASPER,WY,82601,N025    000022533,4,1999-06-26,,1999-12-09,2000-09-12,2011-10-14 16:38:47 EDT
303078042,0625700,,"GREAT SOUTHERN OIL & GAS CO., INC.","HWY 190, ONE MILE EAST OF PORT BARRE",PORT BARRE,LA,70577,A,0000,N,S,1389,000000,A,B,,N,,,,,,,,P.O. BOX 52707,LAFAYETTE,LA,70501,N099    000017753,5,1999-11-05,,1999-11-05,2000-01-06,2011-10-14 16:38:47 EDT
303078828,0625700,,"TIGER WELL SERVICE, INC.",2 MILES SE OF I-10 OFF HWY 108,WESTLAKE,LA,70669,A,0000,N,S,1389,000000,A,B,,N,,,,,,,,617 HWY 90,VINTON,LA,70668,N099    000017878,21,2000-01-20,,2000-01-23,2000-05-22,2011-10-14 16:38:47 EDT
303079628,0625700,,OMNI ENERGY SERVICES CORP.,"CAMP EDGWEOOD RD, 4 MIL EAST",DE QUINCY,LA,70633,A,0000,N,S,1382,000000,A,A,,N,,X,,,,,,4500 NE EVANGILINE THRUWAY,CARENCRO,LA,70520,N099    000017937,465,2000-02-14,2009-08-19,2000-03-24,2001-11-29,2011-10-14 16:38:47 EDT
303081228,0625700,,"DAN BLOCKER CONSULTING, INC.",3MILES EAST OF HWY 532 ON PEACH TREE RD.,DUBBERLY,LA,71024,A,0000,N,S,1389,000000,A,B,,N,,,,,,,,"1127 JUDSON RD, SUITE 242",LONGVIEW,TX,75601,N099    000018173,3,2000-05-24,,2000-05-25,2000-06-05,2011-10-14 16:38:47 EDT
303081574,0625700,,APACHE CORPORATION,"J.W. ADKINS A-1 WELL, SHONGALOO OIL FIELD",SHONGALOO,LA,71072,A,0000,N,S,1389,000000,A,B,,N,,,,,,,,2000 POST OAK BLVD SUITE 100,HOUSTON,TX,77056,N099    000018202,5,2000-06-22,,2000-06-23,2001-03-09,2011-10-14 16:38:47 EDT
303082176,0625700,,ATHENA CONSTRUCTION,1105 LEVEE ROAD,MORGAN CITY,LA,70381,A,0000,N,S,1389,000000,A,A,,N,X,,,,,,,,,,00000,N099    000018301,48,2000-08-18,,2001-01-16,2001-02-26,2011-10-14 16:38:47 EDT
303082424,0625700,,"CAJUN WELL SEVICE, INC.",BAYOU BLUE O&G FIELD,GROSSE TETE,LA,70740,A,0000,Y,S,1389,000000,A,B,,N,,,,,,,,1088 BERGERON RIGS RD,BREAUX BRIDGE,LA,70517,N099    000018343,32,2000-09-29,,2000-10-03,2002-01-04,2011-10-14 16:38:47 EDT
303082564,0625700,,"NABORS DRILLING USA INC, GULF COAST DIVISION","PINE PRAIRIE FIELD, CLM WELL #23, RIG #206",PINE PRAIRIE,LA,70576,A,0000,Y,S,1381,000000,A,B,,N,,,,,,,,1710 LA HWY 89,YOUNGSVILLE,LA,70592,N099    000020609,440,2000-10-15,2008-01-11,2000-10-17,2002-01-01,2011-10-14 16:38:47 EDT
303083323,0625700,,MONCLA WELL SERVICE,"HWY. 380, 4 MILES WEST OF LAKE ARTHUR,LA",LAKE ARTHUR,LA,70549,A,0000,N,S,1389,000000,A,B,,N,,,,,,,,321 RENAUD DR.,LAFAYETTE,LA,70507,N099    000018494,5,2000-12-20,2009-08-19,2000-12-27,2006-09-06,2011-10-14 16:38:47 EDT
303083331,0625700,,GULF SOUTH DRILLING LLC,POINT AU CHIEN WILDLIFE MGMT AREA,MONTEGUT,LA,70377,A,0000,N,S,1381,000000,A,B,,N,,,,,,,,106 S PRESIDENT ST STE 410,JACKSON,MS,39201,N099    000018469,14,2000-12-11,2007-04-10,2000-12-12,2007-02-20,2011-10-14 16:38:47 EDT
303083604,0625700,,"ASTEROID DRILLING CO., LLC",321 TRAVERSE ST,LAFAYETTE,LA,70503,A,0000,Y,S,1381,000000,A,B,,N,X,,,,,,,,,,00000,N099    000018532,10,2001-01-19,2004-12-22,2001-01-23,2003-06-19,2011-10-14 16:38:47 EDT
303084834,0625700,,DOWNHOLE EXPLOSIVE TECHNOLOGY INC,"POTASH COMMON TANK BATTERY #1, BACK LEVEE CANAL",POINTE A LA HACHE,LA,70082,A,0000,Y,S,1382,000000,A,B,,N,,,,,,,,625 FRANKLIN AVE,GRETNA,LA,70053,N099    000018669,6,2001-03-19,2007-01-23,2001-07-17,2004-06-03,2011-10-14 16:38:47 EDT
303161640,0452110,,RENOVARDE ENERGY RESOURCE INC,3616 ABNER FLAT ROAD,BEATTYVILLE,KY,41311,A,0000,N,H,1311,211111,A,B,,N,,,,,X,,,142 LUCAS RD,PRIMROSE,KY,41311,N020    000036213,5,2001-01-12,2006-01-13,2001-04-06,2001-05-17,2011-10-14 16:38:47 EDT
303401376,0653510,,MOUNTAIN AIR DRILLING SERVICES,"23 MILES E OF BLANCO, 10 S OF HWY 64",NAVAJO DAM,NM,87419,A,0000,N,S,1389,000000,A,A,,N,,,,,,,,PO BOX 55367,GRAND JUNCTION,CO,81505,N023    000010760,38,2000-08-08,2008-04-03,2000-08-09,2000-12-08,2011-10-14 16:38:47 EDT
303402721,0653510,,TRIPLE P WELL SERVICE INC,HWY 371 BETWEEN FARMINGTON & CROWNPOINT,FARMINGTON,NM,87401,A,0000,N,S,1389,000000,A,A,,N,,X,,,,,,1200 MISSION AVE,FARMINGTON,NM,87401,N023    000010873,30,2000-10-31,2008-05-06,2001-01-08,2001-03-02,2011-10-14 16:38:47 EDT
303404149,0653510,,LUCKY SERVICES,"W. HWY 82, S. MM 165",LOVINGTON,NM,88260,A,0000,Y,S,1389,000000,A,B,,N,,,,,,,,P.O. BOX 610,HOBBS,NM,88241,N023    000011097,40,2001-04-03,2008-03-27,2001-04-05,2001-06-21,2011-10-14 16:38:47 EDT
303404487,0653510,,TMBR/SHARP DRILLING,SEC 24 TOWNSHIP 20 S RANGE 26 E EDDY C,CARLSBAD,NM,88221,A,0000,N,S,1381,000000,A,B,,N,,,,,,,,PO DRAWER 10970,MIDLAND,TX,79703,N023    000011117,320,2001-04-13,2008-05-06,2001-04-17,2001-10-29,2011-10-14 16:38:47 EDT
303405427,0653510,,PATTERSON UTI DRILLING COMPANY,KCS MEDALLION SHUGART 19 W#3,LOCO HILLS,NM,88255,A,0000,N,S,1381,213111,A,B,,N,,,,,,,,PO BOX 1416,SNYDER,TX,79550,N023    000011217,7000,2001-05-30,2007-11-14,2001-05-30,2002-02-15,2011-10-14 16:38:47 EDT
303406524,0653510,,CHAMPION INC.,"LEA COUNTY, STATE RD 176, HAT MESA RD.",JAL,NM,88241,A,0000,Y,S,1311,000000,A,A,,N,,,,,,,,902 W. RICHEY AVE.,ARTESIA,NM,88210,N023    000011377,4,2001-08-01,,2001-08-01,2002-04-07,2011-10-14 16:38:47 EDT
303406896,0653510,,MCVAY DRILLING COMPANY,401 E BENDER AVE,HOBBS,NM,88240,A,0000,Y,S,1311,000000,A,B,,N,,,,,,,,PO BOX 924,HOBBS,NM,88240,N023    000011404,80,2001-08-21,2007-12-27,2001-08-22,2002-03-01,2011-10-14 16:38:47 EDT
303407415,0653510,,TIM SNELSON PUMPING SERVICE,"M.K. STEWART #8, 1340' FSL & 330' FEL, UNIT 1, SEC",JAL,NM,88252,A,0000,N,S,1389,000000,A,A,,N,X,,,,,,,7903 WEST COUNTY ROAD 116,MIDLAND,TX,79706,N023    000011461,8,2001-10-02,,2001-12-07,2002-08-22,2011-10-14 16:38:47 EDT
303408694,0653510,,THREE RIVERS TRUCKING,603 E. MURRAY DR,FARMINGTON,NM,87041,A,0000,Y,S,1389,000000,A,B,,N,,,,,,,,P.O. BOX 2728,FARMINGTON,NM,87499,N023    000011607,31,2002-01-31,,2002-02-01,2002-07-13,2011-10-14 16:38:47 EDT
303412530,0625400,,"GLOBE WELL SERVICE,INC.",SHANNON A #10 LEASE OIL RIG,OZONA,TX,76903,A,0000,Y,H,1389,000000,A,B,,N,,,,,,,,101 MISSISSIPPI,BIG LAKE,TX,76932,N122    000018075,55,2000-04-26,,2000-04-27,2000-11-02,2011-10-14 16:38:47 EDT
303413157,0625400,,"LILLY CONSTRUCTION, INC.",1 MI WEST ELDORADO OFF HWY 190,ELDORADO,TX,76936,A,0000,N,S,1389,000000,A,B,,N,,,,,,,,P.O. BOX 1567,OZONA,TX,76943,N122    000018134,2,2000-05-13,,2000-05-16,2000-06-23,2011-10-14 16:38:47 EDT
303413512,0625400,,"AQUILA MACHINE & SERVICE, INC.",MAYERS RANCH #2,SAN ANGELO,TX,76902,A,0000,N,S,1389,000000,A,B,,N,,,,,,,,PO BOX 966,BIG LAKE,TX,76932,N122    000018193,9,2000-06-12,,2000-06-14,2000-08-08,2011-10-14 16:38:47 EDT
303416978,0625400,,CLEERE DRILLING COMPANY,1808 NORTH BELL ST,SAN ANGELO,TX,76903,A,0000,N,S,1381,000000,A,B,,N,,,,,,,,P.O. BOX 5891,SAN ANGELO,TX,76902,N122    000018508,20,2000-09-19,,2000-09-20,2000-10-31,2011-10-14 16:38:47 EDT
303419212,0625400,,B. R. KIDD TRUCKING CO. INC.,WELL #21,LULING,TX,78648,A,0000,N,S,1389,000000,A,B,,N,,,,,,,,P.O. BOX 962,LULING,TX,78648,N122    000018899,2,2001-02-19,,2001-02-19,2001-05-07,2011-10-14 16:38:47 EDT
303609499,0854910,,HALLIBURTON ENERGY SERVICES,1085 E MAIN,VERNAL,UT,84078,A,0000,N,S,1389,000000,A,B,,N,X,,,,,,,P O BOX 369,ROCK SPRINGS,WY,82902,N018    000014457,136,2000-08-23,2008-03-25,2000-08-24,2000-12-12,2011-10-14 16:38:47 EDT
303609507,0854910,,FMC FLUID CONTROL,1085 E MAIN,VERNAL,UT,84078,A,0000,N,S,1389,000000,A,B,,N,X,,,,,,,2825 W WASHINGTON,STEPHENVILLE,TX,76401,N018    000014456,2,2000-08-23,,2000-08-24,2000-12-07,2011-10-14 16:38:47 EDT
303613160,0854910,,E O G RESOURCES INC,OLD SQUAW'S CROSSING II UNIT 108-27,OURAY,UT,84066,A,0000,N,S,1311,000000,A,A,,N,X,,,,,,,P O BOX 1815,VERNAL,UT,84078,N018    000014852,11,2000-12-19,,2001-01-18,2001-01-18,2011-10-14 16:38:47 EDT
303613202,0854910,,DENILE SMUIN,OLD SQUAW'S CROSSING,OURAY,UT,84066,A,0000,N,S,1389,000000,A,A,,N,X,,,,,,,1799 NORTH 300 WEST,VERNAL,UT,84078,N018    000017212,2,2000-12-19,,2001-03-21,2001-06-29,2011-10-14 16:38:47 EDT
303642003,0627700,,P.W. DRILLING LLC,"OFF HWY 81,8 MI. N OF CITY",MEDFORD,OK,73759,A,0000,N,S,1381,000000,A,B,,N,,,,,,,,P.O. BOX 320,CRESCENT,OK,73028,N131    000024657,8,2001-03-16,,2001-03-20,2002-02-28,2011-10-14 16:38:47 EDT
303645188,0627700,,UNIT DRILLING COMPANY,"HW 81, 4 MI. E, 4 MI. N",RUSH SPRINGS,OK,73082,A,0000,N,H,1311,000000,A,B,,N,,,,,,,,7101 SW 29TH STREET,OKLAHOMA CITY,OK,73179,N131    000025191,22,2001-08-02,,2001-08-03,2001-10-23,2011-10-14 16:38:47 EDT
303645238,0627700,,BRAY PAINTING COMPANY INC.,HWY 81 TO HWY 7 WEST ON 7-2MILES N 1 MI WEST 3/4,MARLOW,OK,73055,A,0000,N,H,1389,000000,A,B,,N,,,,,,,,P.O. BOX 632,HEALDTON,OK,73438,N131    000025208,7,2001-08-07,,2001-08-07,2001-10-16,2011-10-14 16:38:47 EDT
303645535,0627700,,"GLENN SUPPLY COMPANY, INC.",FORSTER #1 LEASE,MCALESTER,OK,74443,A,0000,N,S,1389,000000,A,B,,N,,,,,,,,"1601 S. MAIN, SUITE 206",TULSA,OK,74403,N131    000025231,4,2001-08-15,,2001-11-07,2002-01-15,2011-10-14 16:38:47 EDT
303660674,0855610,,E & J WELL SERVICE INC,N OF GRANGER NEAR SHUTE CREEK,GRANGER,WY,82934,A,0000,Y,S,1389,000000,A,A,,N,,,,,,,,P. O. BOX 835,LYMAN,WY,82937,N037    000011632,2,2000-10-27,2007-12-14,2000-10-27,2002-01-08,2011-10-14 16:38:47 EDT
303662050,0855610,,TRUE DRILLING LLC,MESA 07-07V,WAMSUTTER,WY,82336,A,0000,Y,S,1311,000000,A,A,,N,,,,,,,,895 RIVER CROSS RD,CASPER,WY,82601,N037    000011760,400,2001-01-20,2008-02-14,2001-01-20,2001-04-23,2011-10-14 16:38:47 EDT
303662514,0855610,,CONTINENTAL INDUSTRIES LC,CENTRAL HILIGHT FIELD,GILLETTE,WY,82718,A,0000,N,S,1389,000000,A,A,,N,,X,,,,,,PO BOX 656,CASPER,WY,82601,N037    000011676,24,2000-11-22,2007-12-03,2000-11-22,2001-03-23,2011-10-14 16:38:47 EDT
303662522,0855610,,RIM OPERATING INC,CENTRAL HILIGHT FIELD,GILLETTE,WY,82718,A,0000,N,S,1389,000000,A,A,,N,,X,,,,,,5 INVERNESS DR. EAST,ENGLEWOOD,CO,80112,N037    000011677,30,2000-11-22,2008-02-06,2000-11-22,2000-11-22,2011-10-14 16:38:47 EDT
303663314,0855610,,SCHLUMBERGER TECHNOLOGY CORPORATION,STUD HORSE BUTTE 8-24,PINEDALE,WY,82941,A,0000,N,S,1389,000000,A,A,,N,,,,,,,,6090 GREENWOOD PLAZA,ENGLEWOOD,CO,80111,N037    000011997,15,2001-06-12,2008-02-12,2001-06-13,2001-11-26,2011-10-14 16:38:47 EDT
303664098,0855610,,TNT BACKHOE & ROUSTABOUT SERVICE,NORTH OF SAVERY,SAVERY,WY,82332,A,0000,Y,S,1389,000000,A,B,,N,,X,,,,,,P. O. BOX 30,SAVERY,WY,82332,N037    000011766,5,2001-01-30,,2001-01-30,2001-04-16,2011-10-14 16:38:47 EDT
303664791,0855610,,R & L METHANE & WATER WELL SERVICE LLC,NE NW 31-53-73,GILLETTE,WY,82718,A,0000,Y,S,1381,000000,A,B,,N,,X,,,,,,PO BOX 3817,GILLETTE,WY,82717,N037    000011892,11,2001-04-30,2008-02-06,2001-04-30,2002-11-22,2011-10-14 16:38:47 EDT
303665376,0855610,,TRUE DRILLING LLC,10 MILES SOUTH OF PINEDALE.,PINEDALE,WY,82941,A,0000,Y,S,1311,000000,A,A,,N,,,,,,,,DRAWER 2360,CASPER,WY,82602,N037    000011999,200,2001-06-25,2008-02-14,2001-07-18,2001-07-18,2011-10-14 16:38:47 EDT
303666093,0855610,,HALLIBURTON ENERGY SERVICES INC,BIGHORN 7-34,LYSITE,WY,82642,A,0000,Y,S,1389,000000,A,A,,N,,,,,,,,6900 NUGGET RD,EVANSVILLE,WY,82636,N037    000012040,100,2001-07-13,2009-07-14,2001-07-13,2002-03-07,2011-10-14 16:38:47 EDT
303666713,0855610,,SPLICER CABLE SERVICE & SUPPLY INC,751 WEST 57TH STREET,CASPER,WY,82601,A,0000,Y,S,1389,000000,A,B,,N,,,,,,,,P.O. BOX 50928,CASPER,WY,82605,N037    000011602,8,2001-09-15,2008-02-12,2001-09-15,2001-10-10,2011-10-14 16:38:47 EDT
303666820,0855610,,J & R WELL SERVICE INC,HOWELL WELL NO. 11WC2,MIDWEST,WY,82643,A,0000,Y,S,1389,000000,A,B,,N,,,,,,,,P.O. BOX 262,POWELL,WY,82435,N037    000012133,63,2001-09-15,2008-01-14,2001-09-15,2001-10-10,2011-10-14 16:38:47 EDT
303667208,0855610,,HIGH COUNTRY CONSTRUCTION INC,STEAMBOAT BUTTE OIL FIELD,KINNEAR,WY,82516,A,0000,Y,S,1389,000000,A,A,,N,,X,,,,,,P. O. BOX 930,LANDER,WY,82520,N037    000012151,45,2001-09-28,2008-01-07,2001-09-29,2002-01-11,2011-10-14 16:38:47 EDT
303668537,0855610,,CENTRAL VALLEY TONGS,"RIG # H&P 179, WELL #MESA 12-28 NEAR BOULDER",BOULDER,WY,82923,A,0000,Y,S,1381,213111,A,A,,N,,,,,,,,P. O. BOX 1611,EVANSTON,WY,82930,N037    000012588,9,2002-08-07,2004-11-18,2002-08-07,2004-07-27,2011-10-14 16:38:47 EDT
303677884,0830500,,"KEY ENERGY SERVICES, INC.",NE/4 SEC. 36-1N-67W,FORT LUPTON,CO,80621,A,0000,Y,S,1389,000000,A,B,,N,,,,,,,,"159 N. WOLCOTT, SUITE 360",CASPER,WY,82601,N025    000025045,4,2001-07-11,,2001-12-18,2002-07-22,2011-10-14 16:38:47 EDT
303679336,0830500,,BAKER OIL & TOOL,NE CORNER SECTION 10,RIFLE,CO,81650,A,0000,N,S,1389,000000,A,A,,N,,,,,,,,P. O. BOX 640,MILLS,WY,82644,N025    000025276,1,2001-09-17,,2001-12-13,2002-01-29,2011-10-14 16:38:47 EDT
303681043,0626000,,"PIONEER NATURAL RESOURCES USA, INC.","SEVEN (7) MILES NORTH OF RUNGE, TX ON HWY 72",NORDHEIM,TX,78141,A,0000,N,S,1311,000000,A,A,,N,,,,,,,,5205 NORTH O'CONNOR BOULEVARD,IRVING,TX,75039,N168    000012625,5,2000-08-09,2005-04-27,2001-02-01,2002-03-07,2011-10-14 16:38:47 EDT
303684377,0626000,,"BILL H. PEARL PRODUCTIONS, INC.",WELL 3-U MAYO B & C LEASE COUNTY ROAD 631,TAFT,TX,78390,A,0000,N,S,1311,000000,A,A,,N,,,,,,,,11005 TIMBERGROVE STREET,CORPUS CHRISTI,TX,78410,N168    000013064,1,2001-05-17,,2001-05-17,2001-10-01,2011-10-14 16:38:47 EDT
303684385,0626000,,"CORPUS CHRISTI DRILLING & WORKOVER, L.L.C. RIG 14",1.7 MI WEST OF TEXAS HWY 136,GREGORY,TX,78359,A,0000,N,S,1381,000000,A,A,,N,,,,,,,,311 SARATOGA BOULEVARD,CORPUS CHRISTI,TX,78417,N168    000013057,12,2001-05-17,2005-04-27,2001-05-18,2002-09-19,2011-10-14 16:38:47 EDT
303684807,0626000,,GREY WOLF DRILLING COMPANY L.P. RIG #519,FM 1203 EAST & CR 903 1 MI.,GEORGE WEST,TX,78022,A,0000,N,S,1381,000000,A,A,,N,X,,,,,,,"10370 RICHMOND AVE., SUITE 600",HOUSTON,TX,77042,N168    000013113,9,2001-06-07,2005-05-03,2001-06-07,2002-11-26,2011-10-14 16:38:47 EDT
303685077,0626000,,"KEY ENERGY SERVICES, INC.",HWY 16 & PARITA RD.,JOURDANTON,TX,78026,A,0000,N,S,1381,000000,A,A,,N,,,,,,,,6 DESTA DR STE 4400,MIDLAND,TX,79705,N168    000013165,4,2001-07-06,2004-08-26,2001-07-23,2001-07-30,2011-10-14 16:38:47 EDT
303685085,0626000,,CORPUS CHRISTI DRILLING & WORKOVER L.L.C.,"RIG #1, BRAMAN WELL #1, OFF N. LOOP 463",VICTORIA,TX,77901,A,0000,Y,S,1381,000000,A,A,,N,,,,,,,,311 SARATOGA BLVD,CORPUS CHRISTI,TX,78417,N168    000013168,10,2001-07-07,2005-04-27,2001-07-09,2002-02-01,2011-10-14 16:38:47 EDT
303685374,0626000,,"CUDD PRESSURE CONTROL, INC.",1420 HWY 44 EAST,ROBSTOWN,TX,78380,A,0000,N,S,1389,000000,A,B,,N,,,,,,,,PO BOX 10405,CORPUS CHRISTI,TX,78460,N168    000013195,65,2001-08-03,,2001-10-09,2002-07-09,2011-10-14 16:38:47 EDT
303688196,0626000,,GREY WOLF DRILLING COMPANY L.P. RIG 865,CR 3169 E. SAN YGNACIO,SAN YGNACIO,TX,78067,A,0000,N,S,1381,000000,A,B,,N,X,,,,,,,1907 E. MAIN,ALICE,TX,78332,N168    000013581,15,2002-04-01,2005-05-03,2002-05-31,2005-02-08,2011-10-14 16:38:47 EDT
303688584,0626000,,EASTERN OIL WELL SERVICE COMPANY,"GRAHAM WELL #1, 1 MI N CR 343 & FM 534",GEORGE WEST,TX,78022,A,0000,N,S,1389,000000,A,A,,N,,,,,,,,PO BOX 797,CARRIZO SPRINGS,TX,78834,N168    000013644,5,2002-04-25,2004-08-12,2002-04-25,2003-08-08,2011-10-14 16:38:47 EDT
303688824,0626000,,HELMERICH & PAYNE INTERNATIONAL DRILLING CO. INC.,"R. CRANDALL #3, 4.9MI W. CR 14 & FM 530 S.",HALLETTSVILLE,TX,77964,A,0000,Y,S,1381,000000,A,A,,N,,,,,,,,PO BOX 95969,TULSA,OK,73143,N168    000013683,7,2002-05-08,2006-06-22,2002-06-11,2002-11-26,2011-10-14 16:38:47 EDT
303690036,0626000,,"TANNER CONSTRUCTION COMPANY OF TEXAS, INC.",HWY 60 (5 TO 6 MILES) SOUTH OF BAY CITY,BAY CITY,TX,77414,A,0000,Y,S,1389,238910,A,A,,N,X,,,,,,,P. O. BOX 1248,GANADO,TX,77962,N168    000013823,30,2002-07-12,2009-04-17,2003-01-07,2003-02-12,2011-10-14 16:38:47 EDT
303697049,1050210,,INLET DRILLING ALASKA INCORPORATION,"KENAI GAS FIELD, PAD 417",KENAI,AK,99611,A,0000,Y,S,1381,000000,A,A,,N,,,,,,,,210 NORTH WILLOW,KENAI,AK,99611,N065    000012881,85,2001-05-26,,2001-05-26,2001-08-17,2011-10-14 16:38:47 EDT
303701569,1050210,,NABORS ALASKA DRILLING INCORPORATED,"PSI PAD,WELL 6, RIG 27",PRUDHOE BAY,AK,99734,A,0000,Y,S,1381,000000,A,B,,N,,,,,,,,"2525 ""C"" STREET, SUITE 200",ANCHORAGE,AK,99503,N065    000013355,400,2002-06-18,2004-05-27,2002-06-19,2004-02-04,2011-10-14 16:38:47 EDT
303702328,1050210,,BP EXPLORATION ALASKA INCORPORATED,"A PAD, OIL WELL A-22",PRUDHOE BAY,AK,99734,A,0000,Y,H,1311,211111,A,B,,Y,,,,,,,,"DAVE MCCALLISTER,BP HEALTH & SAFETY MGR,POB 196612",ANCHORAGE,AK,99519,N065    000013437,100,2002-08-17,2005-03-24,2002-08-20,2003-02-25,2011-10-14 16:38:47 EDT
303800015,0729700,,PRATT  WELL SERVICE,VULCAN CHEMICAL,WICHITA,KS,67215,A,0000,Y,S,1381,213111,A,B,,N,,,,,,,,P.O.BOX 847,PRATT,KS,67124,N135    000016122,51,2001-07-27,2008-04-28,2001-11-30,2003-01-06,2011-10-14 16:38:47 EDT
303909352,0626300,,AAA CRANE SERVICE,TIDWELL ST.,TYLER,TX,75708,A,0000,Y,H,1382,000000,A,B,,N,,,,,,,,405 NORTH MAIN ST.,LINDALE,TX,75771,N150    000023113,1,2001-03-17,,2001-03-18,2001-05-16,2011-10-14 16:38:47 EDT
304086796,0521700,,BIGARD & HUGGARD DRILLING INC.,5611 S. 12000W. ROAD,HERSCHER,IL,60941,A,0000,N,S,1381,000000,A,A,,N,,,,,,,,5580 VENTURE WAY,MT. PLEASANT,MI,48858,N161    000009019,5,2001-09-10,,2002-01-25,2002-01-25,2011-10-14 16:38:47 EDT
304114200,0627400,,SERVICE DRILLING SOUTHWEST LLC,"RIG #12,SECTION 900,BLK-43,H&TC,LIPSCOMB COUNTY,TX",LIPSCOMB,TX,79056,A,0000,Y,S,1389,000000,A,B,,N,,,,,,,,PO BOX 5320,BORGER,TX,79008,N153    000010615,169,2001-03-12,2004-09-16,2001-05-10,2001-06-05,2011-10-14 16:38:47 EDT
304114242,0627400,,WEST TEXAS ROUSTABOUTS,CHI OPERATING CO. LEASE UL18-19 #1,PYOTE,TX,79777,A,0000,N,S,1389,000000,A,B,,N,,,,,,,,P.O. BOX 10054,MIDLAND,TX,79702,N153    000010647,20,2001-04-11,,2001-04-11,2001-10-09,2011-10-14 16:38:47 EDT
304115108,0627400,,"PRODUCTION FISHING & RENTAL TOOLS, INC.",WILLARD UNIT 6,DENVER CITY,TX,79323,A,0000,N,S,1389,000000,A,B,,N,X,,,,,,,P. O. BOX 720,DENVER CITY,TX,79323,N153    000010762,29,2001-07-09,,2001-07-09,2001-12-28,2011-10-14 16:38:47 EDT
304115603,0627400,,POOL WELL SERVICES CO.,NORTH HWY 214,DENVER CITY,TX,79323,A,0000,N,S,1389,000000,A,B,,N,,,,,,,,P. O. BOX 60910,MIDLAND,TX,79711,N153    000010811,80,2001-07-27,,2001-07-27,2002-12-31,2011-10-14 16:38:47 EDT
304116023,0627400,,"JIM HILLARD TRUCKING, INC.",LEFORS  STATION 4728,LEFORS,TX,79054,A,0000,Y,S,1389,000000,A,A,,N,X,,,,,,,PO BOX 2142,PAMPA,TX,79066,N153    000010859,4,2001-08-15,,2001-10-12,2001-10-12,2011-10-14 16:38:47 EDT
304116353,0627400,,"WESTEX WELL SERVICES, LP",NORTH COWDEN UNIT #96,ODESSA,TX,79401,A,0000,Y,S,1389,000000,A,A,,N,,,,,,,,P O BOX 1270,MIDLAND,TX,79702,N153    000010934,60,2001-10-10,,2001-10-11,2002-04-15,2011-10-14 16:38:47 EDT
304116577,0627400,,"KEY ENERGY SERVICES, INC.",GIBSON 6-11 LEASE 10 MI NE OF DENVER CITY,DENVER CITY,TX,79323,A,0000,Y,S,1311,000000,A,A,,N,,,,,,,,"6 DESTA DR., STE 4400",MIDLAND,TX,79705,N153    000011135,100,2001-11-13,2008-06-04,2001-11-13,2003-01-03,2011-10-14 16:38:47 EDT
304116668,0627400,,PATTERSON-UTI DRILLING COMPANY,1-20 & FM 1788 / FM 1787,MIDLAND,TX,79706,A,0000,Y,S,1381,213111,A,B,,N,,,,,,,,P.O. BOX 1416,SNYDER,TX,79550,N153    000010991,30,2001-11-23,2004-08-02,2001-11-24,2001-12-26,2011-10-14 16:38:47 EDT
304116890,0627400,,SERVICE DRILLING SOUTHWEST L.L.C.,"BILLY JARVIS LEASE #3, 6 MI. S. CANADIAN, TX",CANADIAN,TX,79014,A,0000,Y,S,1311,000000,A,A,,N,X,,,,,,,PO BOX 5320,BORGER,TX,79008,N153    000011030,15,2001-12-17,,2001-12-18,2002-01-24,2011-10-14 16:38:47 EDT
304119936,0627400,,"FIVE STAR CONSOLIDATED CO., LTD.",WILLARD UNIT 6,DENVER CITY,TX,79323,A,0000,N,S,1389,000000,A,A,,N,,,,,,,,PO BOX 1506,DENVER CITY,TX,79323,N153    000008619,140,2002-10-01,,2002-10-04,2003-05-27,2011-10-14 16:38:47 EDT
304121049,0627400,,SCHLUMBERGER OILFIELD SERVICES,"2 1/2 MILES NW OF COYANOSA, OFF FM 1776",COYANOSA,TX,79730,A,0000,N,S,1389,213112,A,A,,N,,,,,,,,500 W. TEXAS AVE. SUITE 500,MIDLAND,TX,79701,N153    000011538,4,2003-01-09,,2003-01-10,2003-07-31,2011-10-14 16:38:47 EDT
304121437,0627400,,NCX INC,6201 CIG ROAD,MASTERSON,TX,79058,A,0000,Y,S,1389,213112,A,B,,N,,,,,,,,PO BOX 10233,AMARILLO,TX,79116,N153    000011576,3,2003-03-04,,2003-03-05,2004-03-16,2011-10-14 16:38:47 EDT
304123987,0627400,,"JOHNSON INDUSTRIES, INC.",SHACKLEFORD SPRAYBERRY PUMPING UNIT 7504A,MIDKIFF,TX,79760,A,0000,N,S,1389,213112,A,A,,N,,,,,,,,PO BOX 231,ODESSA,TX,79760,N153    000011782,39,2003-09-14,2008-06-04,2003-09-16,2004-04-01,2011-10-14 16:38:47 EDT
304208275,0830300,,"STRIDE WELL SERVICE, INC.",1 MILE N. 1/2 MILE E. OF MT STATE LINE ON HWY 12,MARMARTH,ND,58643,A,0000,N,S,1381,213111,A,A,,N,X,,,,,,,P.O. BOX 3505,ENID,OK,73702,N169    000008307,145,2003-05-01,,2003-05-01,2003-07-02,2011-10-14 16:38:47 EDT
304208507,0830300,,STEMEN DRILLING,340 FIRST AVENUE,BURLINGTON,ND,58722,A,0000,N,S,1389,213112,A,B,,N,,,,,,,,P.O. BOX 127,BURLINGTON,ND,58722,N169    000008369,1,2003-06-09,2006-02-16,2003-06-09,2003-08-11,2011-10-14 16:38:47 EDT
304267552,0636900,,"S & T WELL SERVICE, INC.","15 MILES NORTH OF CADDO, TX ON PARK RD. 33",CADDO,TX,76429,A,0000,N,S,1389,000000,A,B,,N,,,,,,,,P.O. BOX  1197,GRAHAM,TX,76450,N142    000012644,4,2001-09-14,,2001-10-03,2001-12-14,2011-10-14 16:38:47 EDT
304267677,0636900,,MARATHON OIL COMPANY,801 SOUTH I-45,FAIRFIELD,TX,75840,A,0000,Y,S,1311,000000,A,B,,N,,,,,,,,5555 SAN FELIPE,HOUSTON,TX,77253,N142    000012667,26,2001-10-02,,2002-01-07,2002-01-10,2011-10-14 16:38:47 EDT
304270283,0636900,,PATTERSON-UTI DRILLING COMPANY,NEAR INTERSECTION OF HWY.380 AND HWY.156,DENTON,TX,76249,A,0000,Y,S,1381,000000,A,B,,N,,,,,,,,P.O. BOX 1416,SNYDER,TX,79549,N142    000013136,3500,2002-05-06,,2002-05-29,2002-06-12,2011-10-14 16:38:47 EDT
304271166,0636900,,"CHEYENNE DRILLING, INC.","0.5 MILES E. OF FM 3443 2.5 MILES S. OF RHOME, TX",RHOME,TX,76078,A,0000,Y,S,1381,000000,A,B,,N,,,,,,,,500 MAIN ST.  SUITE 110,FORT WORTH,TX,76102,N142    000013268,13,2002-08-12,2008-03-25,2002-08-20,2002-09-23,2011-10-14 16:38:47 EDT
304310972,0419400,,"T. K. STANLEY, INC.",215 BURNT BRIDGE ROAD,LAUREL,MS,39440,A,0000,N,S,1389,000000,A,A,,N,,X,,,,,,P.O. BOX 31,WAYNESBORO,MS,39367,N147    000015167,282,2001-08-29,,2002-02-27,2002-12-02,2011-10-14 16:38:47 EDT
304385198,0625400,,"CHANCE TOOL CO., INC.","MCMULLAN ANF-1 #5, ANADARKO LEASE",OZONA,TX,76943,A,0000,N,S,1389,000000,A,A,,N,,,,,,,,P.O. DRAWER J,KERMIT,TX,79745,N122    000019278,1,2001-06-18,,2001-06-19,2001-07-18,2011-10-14 16:38:47 EDT
304390297,0625400,,TEXOIL SERVICES,FM 154,PLUM,TX,78952,A,0000,N,S,1389,000000,A,B,,N,,,,,,,,P.O. BOX 146,PLUM,TX,78952,N122    000020228,5,2002-05-18,,2002-05-18,2003-03-06,2011-10-14 16:38:47 EDT
304390719,0625400,,AQUILA GAS PIPELINE,7307 NORTH US HWY 77,LA GRANGE,TX,78945,A,0000,N,S,1311,000000,A,B,,N,,,,,,,,"800 EAST SONTERRA BLVD., STE 400",SAN ANTONIO,TX,78258,N122    000020293,4,2002-06-13,2008-12-29,2002-06-14,2002-08-05,2011-10-14 16:38:47 EDT
304391303,0625400,,"STEWART PETROLEUM TESTERS, INC.",NIXON LAKE RD,BURTON,TX,77835,A,0000,N,S,1389,000000,A,B,,N,,,,,,,,POB 826,BRENHAM,TX,77833,N122    000020392,20,2002-07-30,,2002-07-31,2002-10-01,2011-10-14 16:38:47 EDT
304391667,0625400,,"INLAND ENVIRON. & REMEDIATION, L.P.",6258 HWY. 71,ALTAIR,TX,70441,A,0000,Y,S,1389,000000,A,B,,N,,X,,,,,,19365 FM 2252 # 1,GARDEN RIDGE,TX,78266,N122    000020436,16,2002-08-12,2009-03-20,2002-08-13,2003-01-03,2011-10-14 16:38:47 EDT
304393747,0625400,,"POOL COMPANY TEXAS, LTD.",OGDEN RESOURCES MCFARLANE #1,COLLEGE STATION,TX,77840,A,0000,N,S,1381,000000,A,B,,N,,,,,,,,"515 WEST GREENS ROAD, SUITE 1000",HOUSTON,TX,77067,N122    000020741,5,2002-12-07,2008-01-15,2002-12-08,2003-09-30,2011-10-14 16:38:47 EDT
304397276,0830100,,"SUN WELL SERVICE, INC.",4 MILES EAST OF MEDICINE LAKE,MEDICIAN LAKE,MT,59254,A,0000,Y,S,1389,000000,A,B,,N,,,,,,,,P.O. BOX 2356,WILLISTON,ND,58802,N033    000007497,3,2001-12-28,,2002-02-21,2002-11-07,2011-10-14 16:38:47 EDT
304412273,0854910,,BASIN SWABBING & OIL SERVICE,ODERKIRK SPRINGS LOCATION #3-36-8-17,DUCHESNE,UT,84021,A,0000,N,S,1381,000000,A,A,,N,,X,,,,,,RT 1 BOX 2876,ROOSEVELT,UT,84066,N018    000016047,5,2001-10-10,,2001-12-13,2001-12-13,2011-10-14 16:38:47 EDT
304471030,0625700,,"RELIANCE WELL SERVICE, INC.","UNIONVILLE OIL FIELD, RICHARDS 30 ALT WELL",DUBACH,LA,71235,A,0000,Y,S,1381,000000,A,B,,N,,,,,,,,P.O. BOX 787,MAGNOLIA,AR,71754,N099    000018880,13,2001-06-14,,2001-06-15,2002-10-02,2011-10-14 16:38:47 EDT
304471527,0625700,,PRODUCTION SYSTEMS INC,"POTASH COMMON TANK BATTERY #1, BACK LEVEE CANAL",27INTE-A-LA-HACHE,LA,70082,A,0000,Y,S,1389,000000,A,B,,N,,,,,,,,#1 SECURITY BLVD.,HOUMA,LA,70360,N099    000018955,6,2001-03-19,2006-12-22,2001-07-17,2001-10-12,2011-10-14 16:38:47 EDT
304472798,0625700,,RANDALL SERVICE INC.,12951 LA. HWY. 1,OIL CITY,LA,71061,A,0000,Y,S,1381,000000,A,B,,N,,,,,,,,P.O. BOX 896,OIL CITY,LA,71061,N099    000019106,24,2001-08-31,,2001-09-06,2002-03-25,2011-10-14 16:38:47 EDT
304473614,0625700,,HELMERICH & PAYNE INTERNATIONAL DRILLING CO.,"H&P 226,",KEITHVILLE,LA,71047,A,0000,Y,S,1381,000000,A,B,,N,,,,,,,,2984 INDUSTRIAL DRIVE,TAYLOR,TX,75708,N099    000019568,1250,2001-10-11,2010-04-06,2001-10-12,2003-10-06,2011-10-14 16:38:47 EDT
304473960,0625700,,SUPERIOR ENERGY SERVICES,DEER ISLAND BAYOU,SOUTH OF MORGAN CITY,LA,70058,A,0000,N,S,1389,000000,A,B,,N,,,X,,,,,1105 PETERS RD,HARVEY,LA,70058,N099    000019275,1500,2001-11-03,,2001-11-03,2002-04-30,2011-10-14 16:38:47 EDT
304474174,0625700,,"JAMES DRILLING CO., INC.",5549 HWY 167 N,WINNFIELD,LA,71483,A,0000,N,S,1381,000000,A,B,,N,,,,,,,,,,,00000,N099    000019294,15,2001-11-16,,2001-11-21,2002-06-03,2011-10-14 16:38:47 EDT
304474984,0625700,,N R BROUSSARD LANDING INC.,FALCON RIG 41,BALDWIN,LA,70514,A,0000,Y,S,1389,000000,A,B,,N,,,,,,,,25817 LA. HWY 333,ABBEVILLE,LA,70510,N099    000019460,40,2002-02-11,,2002-02-20,2002-02-20,2011-10-14 16:38:47 EDT
304475015,0625700,,"GREY WOLF DRILLING COMPANY, LP",3MILES EAST OF HWY 532 ON PEACH TREE RD.,DUBBERLY,LA,71024,A,0000,Y,S,1381,000000,A,B,,N,,,,,,,,"333 TEXAS, SUITE 925",SHREVEPORT,LA,71101,N099    000018153,25,2002-02-13,2008-01-17,2002-02-27,2002-03-28,2011-10-14 16:38:47 EDT
304478811,0625700,,PETRO-HUNT LLC,"GRAND BAYOU FIELD, RAYMOS INVESTMENT WELL #1",PIERRE PART,LA,70339,A,0000,Y,S,1311,211111,A,B,,N,,,,,,,,"1601 ELM ST, STE 3900",DALLAS,TX,75201,N099    000019950,500,2002-08-19,2004-09-14,2002-08-21,2003-06-24,2011-10-14 16:38:47 EDT
304478837,0625700,,TETRA TECHNOLOGIES INC,"GRAND BAYOU FIELD, RAYMOS INVESTMENT WELL #1",PIERRE PART,LA,70339,A,0000,Y,S,1382,213112,A,B,,N,,,,,,,,309 DICKSON RD,HOUMA,LA,70363,N099    000019953,1300,2002-08-19,2004-09-14,2002-08-21,2002-12-30,2011-10-14 16:38:47 EDT
304478845,0625700,,SETTOON INC,HWY 70,PIERRE PART,LA,70339,A,0000,N,S,1389,213112,A,B,,N,,,,,,,,"1081 HWY 70, LOT A",PIERRE PART,LA,70339,N099    000019955,150,2002-08-19,2004-09-14,2002-08-21,2002-12-30,2011-10-14 16:38:47 EDT
304503980,0626600,,HALLIBURTON ENERGY SERVICES INC.,"WELL VICINITY OF BUFFALO, TX",BUFFALO,TX,75831,A,0000,N,S,1389,000000,A,B,,N,,,,,,,,PO BOX 4574,HOUSTON,TX,77072,N145    000019201,12,2001-07-19,,2001-11-28,2002-06-28,2011-10-14 16:38:47 EDT
304506124,0626600,,ENERGY RESOURCES INVESTMENT CORP,GULF HANNAH B AREA,DAISETTA,TX,77575,A,0000,N,S,1389,000000,A,B,,N,,,,,,,,P.O. BOX 6597,HOUSTON,TX,77265,N145    000019504,4,2001-12-13,2014-07-29,2002-03-26,2002-10-11,2014-08-01 01:01:50 EDT
304508039,0626600,,PATTERSON UTI DRILLING,LEON COUNTY,BUFFALO,TX,75831,A,0000,N,S,1382,000000,A,B,,N,,,,,,,,P.O. BOX 1416,SNYDER,TX,79550,N145    000019789,4000,2002-05-29,,2002-05-30,2002-10-25,2011-10-14 16:38:47 EDT
304511512,0626600,,TUBOSCOPE,9015 SHELDON ROAD,HOUSTON,TX,77049,A,0000,N,S,1389,213112,A,B,,N,,,,,,,,,,,00000,N145    000020168,166,2003-01-08,,2003-03-18,2003-03-18,2011-10-14 16:38:47 EDT
304573439,0626700,,C & S WELL SERVICE,7900 POWERLINE ROAD,RICHMOND,TX,77469,A,0000,N,H,1381,213111,A,B,,N,,,,,,,,PO BOX 4316,VICTORIA,TX,77903,N010    000011248,100,2002-08-07,2007-07-03,2002-09-10,2002-11-18,2011-10-14 16:38:47 EDT
304576234,0626700,,BLSR OPERATING LTD,11160 FM 521,ROSHARON,TX,77583,A,0000,N,H,1389,213112,A,A,,N,,,,,,,,,,,00000,N010    000011608,17,2003-01-14,2007-11-14,2003-04-25,2003-07-17,2011-10-14 16:38:47 EDT
304576358,0626700,,T&L ENVIRONMENTAL SERVICES,11160 FM 521,ROSHARON,TX,77583,A,0000,N,S,1389,213112,A,B,,N,,,,,,,,427 EAST SOUTH STREET,ALVIN,TX,77512,N010    000011607,50,2003-01-14,2008-11-28,2003-05-05,2003-07-03,2011-10-14 16:38:47 EDT
304705320,0452110,,EQUITABLE PRODUCTION CO,18213 E. BIG CREEK RD,SIDNEY,KY,41564,A,0000,N,S,1311,211111,A,B,,N,,X,,,,,,P.O. BOX 158,PIKEVILLE,KY,41501,N020    000037670,1,2002-01-16,2006-01-13,2002-01-25,2002-01-25,2011-10-14 16:38:47 EDT
304836091,0418600,,LATEX PETROLEUM CORPORATION,UNION TOWN ROAD,TENSAW,AL,36579,A,0000,N,S,1311,211111,A,A,,N,,,,,,,,110 CYPRESS STATION DRIVE SUITE 220,HOUSTON,TX,77090,N036    000009115,7,2002-01-03,2014-07-30,2002-07-01,2002-08-30,2014-08-02 02:12:45 EDT
304840580,0552652,,TRAVERSE CITY WELL SERVICING INC,QUICKSILVER RIG USA 320,KALKASKA,MI,49646,A,0000,N,S,1381,213111,A,B,,N,X,,,,,,,PO BOX 2157,TRAVERSE CITY,MI,49685,N176    000032345,10,2003-10-15,2016-06-03,2003-11-23,2004-05-27,2016-06-30 01:10:52 EDT
304881303,0552652,,KEY ENERGY,"ST OTSEGO LAKE 1-24 WELL, SECTION 24, T29N-R2W","OTSEGO LAKE TWP, OTSEGO CO",MI,49078,A,0000,N,S,1389,213112,A,B,,N,X,,,,,,,4030 COLUMBUS DR,KALKASKA,MI,49646,N176    000031210,90,2002-11-21,2016-06-03,2003-06-11,2006-03-13,2016-06-30 01:10:52 EDT
304961014,0627700,,DAN D. DRILLING CO.,SH-11 & SH-74 SOUTH OF LAMONT,LAMONT,OK,74643,A,0000,N,S,1381,000000,A,B,,N,X,,,,,,,P O BOX 158,LAMONT,OK,74643,N131    000025703,4,2002-02-04,2008-06-25,2002-02-05,2002-02-05,2011-10-14 16:38:47 EDT
304961899,0627700,,DUKE ENERGY FIELD SERVICES,STRAIGHT COMPRESSOR STATION,GUYMON,OK,73942,A,0000,N,S,1389,000000,A,B,,N,X,,,,,,,"370 17TH. ST., SUITE 900",DENVER,CO,80202,N131    000025821,6,2002-03-07,,2002-03-13,2003-04-10,2011-10-14 16:38:47 EDT
304964018,0627700,,UNIT DRILLING COMPANY RIG #8,SECTION 2-2 NORTH/9 WEST KIOCHE 1-2,MARLOW,OK,73055,A,0000,N,H,1311,000000,A,B,,N,,,,,,,,7101 SW 29TH STREET,"OKLAHOMA CITY,",OK,73179,N131    000026252,18,2002-07-12,,2002-07-23,2003-03-10,2011-10-14 16:38:47 EDT
304966633,0627700,,S G ROYALTY LLC,"1/2 N, 1/4 W OF 135TH & GORE",LAWTON,OK,73501,A,0000,N,S,1389,213112,A,B,,N,,,,,,,,19402  SPRUCE BOUGH LN.,HUMBLE,TX,77346,N131    000026687,1,2002-11-13,,2002-11-13,2002-11-15,2011-10-14 16:38:47 EDT
304967565,0627700,,MORGAN WELL SERVICE,820 NORTH 29TH,CHICKASHA,OK,73018,A,0000,N,S,1389,213112,A,B,,N,,,,,,,,P.O. BOX 666,PRAGUE,OK,74864,N131    000026859,20,2002-12-20,,2003-01-08,2003-04-02,2011-10-14 16:38:47 EDT
304968548,0627700,,"KEY ENERGY SERVICES, INC.",HWY 7 WEST,COUNTYLINE,OK,73425,A,0000,N,S,1389,213112,A,B,,N,,,,,,,,PO BOX 26,COUNTYLINE,OK,73425,N131    000027045,50,2003-03-07,2004-03-29,2003-03-07,2004-03-29,2011-10-14 16:38:47 EDT
304981160,0830500,,HAYES PETROLEUM,MILE MARKER 41 ON HWY 139,RANGELY,CO,81648,A,0000,N,S,1381,213111,A,A,,N,,,,,,,,226 1/2 E.MAIN,RANGELY,CO,81648,N025    000026490,9,2002-10-02,,2002-10-02,2003-04-23,2011-10-14 16:38:47 EDT
304982648,0830500,,CAZA DRILLING INC.,"CR 20 & 25, NWSE SEC 13 T2N R67W",PLATTEVILLE,CO,80651,A,0000,Y,S,1381,213111,A,A,,N,,,,,,,,P.O. BOX 17850,DENVER,CO,80217,N025    000026627,5,2002-11-18,2004-03-29,2003-02-14,2004-02-17,2011-10-14 16:38:47 EDT
305023269,0729700,,K E SNYDER,1810 REFINERY ROAD,EL DORADO,KS,66042,A,0000,Y,S,1389,000000,A,B,,N,,,,,,,,PO BOX 107,HAMILTON,KS,66853,N135    000016479,6,2001-12-27,,2002-02-06,2002-05-22,2011-10-14 16:38:47 EDT
305028441,0729700,,"CHITO'S WELL SERVICE, LLC",800 NORTH OAK,STOCKTON,KS,67669,A,0000,N,S,1389,213112,A,A,,N,,,,,,,,1312 S. WASHINGTON,PLAINVILLE,KS,67665,N135    000017013,14,2002-07-12,2008-05-05,2002-09-30,2002-12-02,2011-10-14 16:38:47 EDT
305029282,0729700,,BIRK PETROLEUM,14300 JACKSON ROAD,ERIE,KS,66733,A,0000,N,S,1389,000000,A,B,,N,X,,,,,,,302 S. 16TH,BURLINGTON,KS,66839,N135    000017103,5,2002-08-08,2004-05-24,2002-09-11,2004-05-24,2011-10-14 16:38:47 EDT
305031411,0729700,,ANADARKO PETROLEUM CORP.,1 MILE WEST OF ROAD F ON ROAD O 1/4 MILE NORTH,LIBERAL,KS,67901,A,0000,N,S,1311,211111,A,B,,N,,,,,,,,PO BOX 1330,HOUSTON,TX,77251,N135    000010898,34,2002-12-04,,2002-12-13,2003-09-25,2011-10-14 16:38:47 EDT
305237547,0653510,,"BANTA OILFIELD SERVICE, INC.",5 MILES EAST OF LOVINGTON,LOVINGTON,NM,88260,A,0000,Y,S,1389,213112,A,B,,N,,,,,,,,PO BOX 1706,"HOBBS, NM",NM,88241,N023    000012232,69,2002-10-28,,2002-10-29,2003-04-15,2011-10-14 16:38:47 EDT
305237968,0653510,,L & M DRILLING,10 BILCO RD,ARTESIA,NM,88210,A,0000,Y,S,1381,213111,A,B,,N,,,,,,,,,,,00000,N023    000012299,38,2002-11-18,,2002-11-20,2003-03-17,2011-10-14 16:38:47 EDT
305241978,0653510,,AZTEC WELL SERVICING,20 MILES E. OF GOBERNODOR,DULCE,NM,87528,A,0000,Y,S,1381,213111,A,B,,N,,,,,,,,900 S. MAIN ST,AZTEC,NM,87410,N023    000012732,300,2003-09-15,2008-02-27,2003-09-17,2004-07-29,2011-10-14 16:38:47 EDT
305242414,0653510,,AZTEC WELL SERVICING,900 S. MAIN,AZTEC,NM,87410,A,0000,N,S,1381,213111,A,B,,N,,,,,,,,P. O. BOX 100,AZTEC,NM,87410,N023    000004241,350,2003-10-10,2007-10-25,2003-10-10,2004-07-29,2011-10-14 16:38:47 EDT
305355869,0950637,,POOL WELL SERVICES CO,12515 HONOLULU TERRACE,WHITTIER,CA,90601,A,0000,N,S,1389,213112,A,B,,N,,,,,,,,19431 S SANTA FE AVE,RANCHO DOMIGUEZ,CA,90221,N085    000021272,5,2005-05-19,2014-12-19,2005-08-01,2014-12-18,2014-12-22 01:01:10 EST
305394637,0854910,,RHODES PUMP SALES & SERVICE,"1 MI S OF MEADOW, ON HIWAY 91",MEADOW,UT,84631,A,0000,N,S,1381,000000,A,A,,N,,X,,,,,,465 S 300 W,FILLMORE,UT,84631,N018    000016490,2,2002-05-31,,2002-06-07,2002-12-30,2011-10-14 16:38:47 EDT
305394652,0854910,,GENERAL WELL SERVICE,"NBU 348, SECT 11, T10S, R 22 E",VERNAL,UT,84078,A,0000,N,S,1389,000000,A,A,,N,X,,,,,,,2388 W 2000 S,ROOSEVELT,UT,84066,N018    000016415,13,2002-06-04,,2002-06-05,2002-09-09,2011-10-14 16:38:47 EDT
305402414,0854910,,BASIC ENERGY SERVICES,CANYON WALKER HOLLOW #15,ROOSEVELT,UT,84066,A,0000,N,S,1389,213112,A,A,,N,X,,,,,,,"1510 W. CANAL CT., SUITE 1500",LITTLETON,CO,84120,N018    000017761,78,2004-02-04,2004-09-09,2004-03-29,2004-08-10,2011-10-14 16:38:47 EDT
305461360,0626300,,Q PRODUCTION SERVICES DBA Q V SERVICES,3 TECH ENERGY SITE,BECKVILLE,TX,75802,A,0000,N,S,1381,213111,A,B,,N,X,,,,,,,5425 WEST OAK,PALLESTINE,TX,75802,N150    000024462,135,2002-07-16,,2002-12-30,2002-12-30,2011-10-14 16:38:47 EDT
305463986,0626300,,"KIRVARD, INC.",COUNTY ROAD 3153,DE BERRY,TX,75639,A,0000,N,S,1381,213111,A,B,,N,,,,,,,,254 PRIVATE RD. 7153,DE BERRY,TX,75639,N150    000024942,10,2003-01-06,,2003-01-06,2003-01-09,2011-10-14 16:38:47 EDT
305467425,0626300,,SIGNAL WELL SERVICES,FM 2012 & FM 918,KILGORE,TX,75662,A,0000,Y,S,1389,213112,A,B,,N,,,,,,,,"1100 STONE RD, STE 130",KILGORE,TX,75662,N150    000025539,29,2003-08-21,,2003-08-21,2003-10-16,2011-10-14 16:38:47 EDT
305469736,0626300,,UNIT DRILLING CO.,UNIT #320 OFF CR 2142,TROUP,TX,75789,A,0000,N,S,1311,211111,A,B,,N,,,,,,,,"7130 S. LEWIS, SUITE 1000",TULSA,OK,74136,N150    000025941,1000,2004-01-28,2010-08-13,2004-01-28,2010-08-12,2011-10-14 16:38:47 EDT
305473696,0950635,,TIDELANDS OIL PRODUCTION CO,WELL #E-49 PIER S,LONG BEACH,CA,90801,A,0000,N,S,1389,213112,A,B,,Y,,,,,,,,301 E OCEAN BLVD STE 300,LONG BEACH,CA,90801,N056    000008902,77,2003-07-31,2011-01-14,2003-12-15,2004-02-23,2011-10-14 16:38:47 EDT
305478455,0950635,,WEATHERFORD,PACIFIC COAST HWY/GOLDENWEST STREET,HUNTINGTON BEACH,CA,92648,A,0000,N,S,1381,213111,A,B,,Y,,,,,,,,19468 CREEK ROAD,BAKERSFIELD,CA,93312,N056    000014698,99,2005-04-15,2010-09-28,2005-07-28,2010-09-13,2011-10-14 16:38:47 EDT
305478760,0950635,,JOHN A THOMAS CRANE & TRUCKING COMPANY,18851 STEWART STREET,HUNTINGTON BEACH,CA,92648,A,0000,N,S,1311,211111,A,B,,N,,,,,,,,,,,00000,N056    000014784,15,2005-06-14,2005-09-21,2005-07-28,2005-09-21,2011-10-14 16:38:47 EDT
305491797,0316400,,"DEAN DECKER & SON, INC.",WELL # 6332 SITE,WESTON,WV,26452,A,0000,Y,S,1381,213111,A,A,,N,X,,,,,,,11565 STATE  ROUTE 676,VINCENT,OH,45784,N127    000016036,15,2004-03-09,2005-03-08,2004-03-10,2004-06-23,2011-10-14 16:38:47 EDT
305491953,0316400,,TRIAD RESOURCES INC,JAMES PHILIP WELL SITE,OVAPA,WV,25150,A,0000,N,S,1311,211111,A,D,I,N,,,,,,,,PO BOX 430,RENO,OH,45773,N127    000015950,5,2004-02-18,,,2004-02-24,2011-10-14 16:38:47 EDT
305651465,0855610,,MERIT ENERGY COMPANY,2553 HAMILTON DOME ROAD,HAMILTON DOME,WY,82427,A,0000,Y,S,1311,211111,A,B,,N,,,,,,,,13727 NOEL ROAD SUITE 500,DALLAS,TX,75240,N037    000012805,15,2002-12-19,2006-06-08,2002-12-20,2003-03-20,2011-10-14 16:38:47 EDT
305653305,0855610,,MERIT ENERGY COMPANY,SEC26-T40N-R74W,GLENROCK,WY,82637,A,0000,N,S,1311,211111,A,B,,N,X,,,,,,,PO BOX 159,GILLETTE,WY,82716,N037    000013041,23,2003-04-07,2008-01-18,2003-05-27,2003-05-27,2011-10-14 16:38:47 EDT
305655276,0855610,,BILL'S HYDRAULIC SPECIALIST SERVICE,HIGHLAND FLATS FEDERAL #34-34,DOUGLAS,WY,82633,A,0000,Y,S,1389,213112,A,B,,N,,,,,,,,PO BOX 1364,GILLETTE,WY,82717,N037    000013287,5,2003-07-18,2004-11-09,2003-08-12,2004-10-08,2011-10-14 16:38:47 EDT
305656019,0855610,,KOBBE CONSTRUCTION,1044 ROAD 6,POWELL,WY,82435,A,0000,N,S,1389,213112,A,A,,N,,X,,,,,,PO BOX 1025,POWELL,WY,82435,N037    000013385,15,2003-09-09,,2003-09-10,2004-01-21,2011-10-14 16:38:47 EDT
305656720,0855610,,PATTERSON-UTI DRILLING COMPANY LLC,SEC 35 T22N R115W,KEMMERER,WY,83101,A,0000,Y,S,1381,213111,A,B,,N,,X,,,,,,1250 EAST HWY 40,VERNAL,UT,84078,N037    000013599,2500,2004-01-05,2008-01-25,2004-01-07,2005-01-14,2011-10-14 16:38:47 EDT
305657637,0855610,,SWABBCO,RED DESERT 1-33,WAMSUTTER,WY,82336,A,0000,Y,S,1389,213112,A,A,,N,,,,,,,,P.O. BOX 828,RANGELY,CO,81648,N037    000014022,8,2004-06-06,2005-01-11,2004-06-16,2005-01-06,2011-10-14 16:38:47 EDT
305658395,0855610,,"MAVERICK COIL TUBING SERVICES, LLC",LSU #111 OFF MTN RD.,BAIROIL,WY,82322,A,0000,Y,S,1389,213112,A,B,,N,,,,,,,,174 HENRY ROAD,FORT MORGAN,CO,80701,N037    000013628,5,2004-02-11,2004-07-12,2004-02-11,2004-07-12,2011-10-14 16:38:47 EDT
305658403,0855610,,BARTLETT OILFIELD SERVICE INC,"LSU #111, OFF MTN. ROAD",BAIROIL,WY,82322,A,0000,Y,S,1389,213112,A,B,,N,,,,,,,,PO BOX 43,BAIROIL,WY,82322,N037    000013633,11,2004-02-11,2007-11-29,2004-02-11,2004-06-14,2011-10-14 16:38:47 EDT
305757767,1050210,,APC NATCHIQ INCORPORATED,KUPARUK ALASKA,PRUDHOE BAY,AK,99734,A,0000,N,S,1389,213112,A,B,,N,,,,,,,,P.O. BOX 190747,ANCHORAGE,AK,99519,N065    000013666,632,2003-03-27,,2003-03-27,2003-10-02,2011-10-14 16:38:47 EDT
305757858,1050210,,NABORS ALASKA DRILLING INCORPORATED,MILE 151 STIRLING HIGHWAY,ANCHOR POINT,AK,99556,A,0000,N,S,1381,213111,A,B,,N,,,,,,,,2525 C STREET STE 200,ANCHORAGE,AK,99503,N065    000013674,400,2003-04-01,,2003-04-02,2003-05-05,2011-10-14 16:38:47 EDT
305760746,1050210,,INLET DRILLING ALASKA INCORPORTED,CANNERY LOOP GAS UNIT,KENAI,AK,99611,A,0000,N,S,1381,213111,A,A,,N,,,,,,,,210 NORTH WILLOW STREET,KENAI,AK,99611,N065    000013983,40,2003-10-22,2004-04-13,2003-10-22,2004-04-09,2011-10-14 16:38:47 EDT
305818346,0627100,,STEPHENS PRODUCTION COMPANY,"HENDERSON # 5, 7 MILES N.",CHARLESTON,AR,72341,A,0000,N,S,1381,213111,A,B,,N,X,,,,,,,P.O. BOX 2407,FORT SMITH,AR,72902,N128    000014315,130,2002-08-28,2004-12-21,2003-02-03,2003-04-02,2011-10-14 16:38:47 EDT
305898637,0626000,,"FRANK'S CASING CREW & RENTAL TOOLS, INC.",6605 LEOPARD ST.,CORPUS CHRISTI,TX,78409,A,0000,Y,S,1389,213112,A,A,,N,,,,,,,,"11700 OLD KATY ROAD, SUITE 300",HOUSTON,TX,77079,N168    000014122,90,2002-10-22,,2002-10-24,2003-03-28,2011-10-14 16:38:47 EDT
305898728,0626000,,"PARCHMAN OILFIELD SERVICES, LTD.",EAST SANTA FE RANCH A-2 TOM EAST FIELD BROOKS COUN,ENCINO,TX,78353,A,0000,Y,S,1389,213112,A,A,,N,,,,,,,,P. O. BOX 1638,EDINBURG,TX,78540,N168    000014131,6,2002-10-29,2004-08-12,2002-11-14,2003-12-29,2011-10-14 16:38:47 EDT
305925687,0627100,,FOUR R LEASING LLC,124 OUACHITA ROAD  513,SMACKOVER,AR,71762,A,0000,Y,S,1389,213112,A,B,,N,,,,,,,,124 OUACHITA  513,SMACKOVER,AR,71762,N128    000014574,9,2003-02-04,,2003-02-04,2003-08-11,2011-10-14 16:38:47 EDT
305957532,0625700,,BLR COMPANIES,106 CUTLASS LOUP,RAYNE,LA,70578,A,0000,Y,S,1389,213112,A,B,,N,,,,,,,,P O BOX 259,DUSON,LA,70529,N099    000020343,42,2003-02-27,2004-04-12,2003-02-27,2003-06-16,2011-10-14 16:38:47 EDT
305958027,0625700,,"DBL DRILLING, INC.",GILLIS ENGLISH BAYOU FIELD,MOSS BLUFF,LA,70611,A,0000,Y,S,1381,213111,A,B,,N,,,,,,,,P.O. BOX 51433,LAFAYETTE,LA,70505,N099    000020415,24,2003-04-01,,2003-04-01,2003-07-09,2011-10-14 16:38:47 EDT
305958290,0625700,,"ROWAN COMPANIES, INC. - RIG #54",5 MILES EASR OF MANSFIELD,MANSFIELD,LA,71052,A,0000,Y,S,1311,211111,A,B,,N,,,,,,,,2800 POST OAK BLVD SUITE 5450,HOUSTON,TX,77056,N099    000020375,15,2003-03-20,2010-03-31,2003-03-20,2003-09-20,2011-10-14 16:38:47 EDT
305960858,0625700,,TRANSOCEAN OFFSHORE DEEPWATER DRILLING INC,926 DEGRAVELLE ROAD,AMELIA,LA,70340,A,0000,Y,S,1389,213112,A,B,,N,,,,,,,,1311 BROADFIELD BLVD STE 400,HOUSTON,TX,77084,N099    000020742,34,2003-08-29,,2003-08-29,2003-11-05,2011-10-14 16:38:47 EDT
305961609,0625700,,51 OIL OPERATING CO. LLC,BAYOU CHOCTAW FIELD,PLAQUEMINE,LA,70764,A,0000,Y,S,1389,213112,A,B,,N,,,,,,,,P.O. BOX 51828,LAFAYETTE,LA,70505,N099    000020822,5,2003-10-23,2006-04-10,2003-10-23,2004-08-16,2011-10-14 16:38:47 EDT
306135989,0418600,,"PALMER PETROLEUM, INC.",NORTH MONROEVILLE FIELD-WIDE OIL UNIT,MONROEVILLE,AL,36462,A,0000,N,S,1382,213112,A,A,,N,,,,,,,,401 EDWARDS STREET SUITE 1400,SHREVEPORT,LA,71101,N036    000009837,30,2003-04-22,,2003-04-22,2003-09-02,2011-10-14 16:38:47 EDT
306170523,0729700,,"TOWN OIL COMPANY, INC.",1934 N. 250 ROAD,BALDWIN CITY,KS,66006,A,0000,N,S,1381,213111,A,A,,N,,,,,,,,16205 W. 287 STREET,PAOLA,KS,66071,N135    000018194,25,2003-08-15,2008-04-29,2003-11-07,2004-10-18,2011-10-14 16:38:47 EDT
306173287,0729700,,GLACIER PETROLEUM,615 OVERLAND PARK,EMPORIA,KS,66801,A,0000,N,S,1389,213112,A,B,,N,,,,,,,,PO BOX 577,EMPORIA,KS,66801,N135    000018566,6,2004-01-02,2008-05-05,2004-01-07,2004-03-23,2011-10-14 16:38:47 EDT
306201146,0636900,,"TEXAS INTERSTATE DRILLING COMPANY, LP",BREEZY RD. & PLAINVIEW RD,KRUM,TX,76201,A,0000,Y,S,1381,213111,A,B,,N,,,,,,,,4600 GREENVILLE AVENUE SUITE 300,DALLAS,TX,75206,N142    000013880,5,2003-04-03,,2003-04-30,2003-07-09,2011-10-14 16:38:47 EDT
306202128,0636900,,FELDERHOFF BROTHERS DRILLING,0.5 MILES N. OF E. PEDEN RD IN TARRANT COUNTY,FORT WORTH,TX,76179,A,0000,Y,S,1381,213111,A,B,,N,,,,,,,,P.O.BOX 1299,GAINESVILLE,TX,76241,N142    000014007,10,2003-07-02,2005-10-21,2003-07-23,2003-09-03,2011-10-14 16:38:47 EDT
306202946,0636900,,"TURNCO, INC.",BURKETT INDUSTRIAL PARK,GRAHAM,TX,76450,A,0000,Y,S,1381,213111,A,B,,N,,X,,,,,,505 5TH STREET,GRAHAM,TX,76450,N142    000014164,30,2003-09-15,,2003-09-24,2003-09-24,2011-10-14 16:38:47 EDT
306204256,0636900,,PATTERSON UTI DRILLING CO.,.3 MILES ON WAKEFIELD RD.,PONDER,TX,76259,A,0000,N,S,1381,213111,A,B,,N,,,,,,,,P.O. BOX 1416,SNYDER,TX,79550,N142    000014357,16,2003-11-25,2004-11-01,2003-11-25,2004-02-13,2011-10-14 16:38:47 EDT
306204264,0636900,,"REPUBLIC ENERGY DRILLING, LLC",8123 HILLTOP RD 1 MILE EAST OF FM 2181,ARGYLE,TX,76226,A,0000,Y,S,1311,211111,A,B,,N,,,,,,,,1012 N. MASCH BRANCH RD/P.O.BOX 2057,DENTON,TX,76202,N142    000014360,60,2003-11-26,2004-07-13,2003-11-28,2003-12-05,2011-10-14 16:38:47 EDT
306207366,0636900,,PATTERSON DRILLING - UTI RIG #99,COUNTY ROAD 4651 1.2 MILE OFF FM 3433,RHOME,TX,76078,A,0000,Y,S,1381,213111,A,B,,N,,,,,,,,P.O. BOX 1416,SNYDER,TX,79550,N142    000014851,10,2004-07-29,2008-11-10,2004-08-11,2006-01-22,2011-10-14 16:38:47 EDT
306207689,0636900,,CUDD PUMPING SERVICE,1800 MAIN ST,TEAGUE,TX,75860,A,0000,N,H,1389,213112,A,D,I,N,,,,,,,,,,,00000,N142    000014930,,2004-09-09,2004-09-14,2004-09-09,2004-09-13,2011-10-14 16:38:47 EDT
306358953,0950625,,CASE COMPANY INC,GILL RANCH,FIREBAUGH,CA,93622,A,0000,N,S,1389,213112,A,B,,N,,,,,,,,7010 W CERINI,RIVERDALE,CA,93656,N068    000019539,16,2005-06-17,2005-09-19,2005-06-17,2005-06-17,2011-10-14 16:38:47 EDT
306360074,950625,,WELLPRO INC,18803 HWY 65,BAKERSFIELD,CA,93308,A,,N,S,1389,213112,A,B,,N,,,,,,,,18803 HWY 65,BAKERSFIELD,CA,93308,N068    000019807,50,2005-10-13,2019-02-22,2005-10-13,2019-02-05,2019-02-26 00:17:43 EST
306364456,0950625,,KENAI DRILLING LIMITED,"TEJON FIELD, WELL #22-34",BAKERSFIELD,CA,93308,A,0000,N,S,1381,213111,A,B,,N,,,,,,,,2701 PATTON WAY,BAKERSFIELD,CA,93308,N068    000020707,320,2006-10-19,2010-08-06,2006-10-19,2010-04-07,2011-10-14 16:38:47 EDT
306369679,0830500,,S&R OILFIELD CONSTRUCTION,3 MILES N.E. OF STRASBURG ROAD AND 88TH AVE.,STRASBURG,CO,80136,A,0000,Y,S,1389,213112,A,A,,N,,,,,,,,615 EUCLID,FORT MORGAN,CO,80701,N025    000027210,3,2003-05-13,,2003-10-30,2003-10-30,2011-10-14 16:38:47 EDT
306372442,0830500,,BRAVO SERVICES TOTAL INC,WCR18 & WCR25,FORT LUPTON,CO,80621,A,0000,N,S,1389,213112,A,B,,N,,,,,,,,15119 NANCY AVENUE,FORT LUPTON,CO,80621,N025    000027636,3,2003-04-01,2006-05-30,2003-09-11,2005-01-27,2011-10-14 16:38:47 EDT
306454117,0336000,,"D & L ENERGY, INC","RT. 58 N, JEFFERY MEALY, WELL#2",JAMESTOWN,PA,16134,A,0000,N,S,1381,213111,A,B,,N,,,,,,,,2761 SALT SPRINGS RD.,YOUNGSTOWN,OH,44509,N021    000008279,1,2004-05-19,2016-07-12,,2016-03-16,2016-07-15 01:04:55 EDT
306474453,0626700,,TODCO,"GALVESTON BAY, 1/2 MILE WEST OF APRIL FOOL'S POINT",TEXAS CITY,TX,77590,A,0000,N,S,1389,213112,A,B,,N,,,,,,,,2000 WEST SAM HOUSTON PARKWAY SOUTH,HOUSTON,TX,77042,N010    000011930,22,2003-06-19,2016-06-03,2003-06-20,2004-07-15,2016-06-30 01:10:52 EDT
306544461,0522500,,"PAUL A GRIM,INC.",15104 STATE ROUTE 328,LOGAN,OH,43138,A,0000,N,S,1389,213112,A,D,I,N,,,,,,,,,,,00000,N146    000018662,1,2004-02-02,2004-06-17,,2004-02-02,2011-10-14 16:38:47 EDT
306570714,0626600,,PREMIUM VALVE SERVICES,GRISSLY #2 FARRAR FIELD,JEWETT,TX,75846,A,0000,N,S,1389,238910,A,B,,N,X,,,,,,,16220 I-10 E,CHANNELVIEW,TX,77530,N145    000021365,22,2004-09-14,2005-01-11,2004-09-14,2004-12-15,2011-10-14 16:38:47 EDT
306572736,0626600,,"PREMIER,INC.",1.9 MILE WEST OF FM 770N,DAISETTA,TX,77533,A,0000,N,S,1321,211112,A,B,,N,,,,,,,,615 N LANDRY DR.,NEW IBERIA,LA,70563,N145    000021609,164,2005-01-24,2006-06-05,2005-01-24,2006-06-05,2011-10-14 16:38:47 EDT
306615295,0854910,,INTERMOUNTAIN PHOENIX SURVEYS INC.,15 MILES SW OF MYTON,MYTON,UT,84052,A,0000,N,S,1389,238910,A,D,I,N,X,,,,,,,1645 S. 2000 W.,ROOSEVELT,UT,84066,N018    000018251,5,2004-07-19,2004-07-20,,2004-07-19,2011-10-14 16:38:47 EDT
306617655,0854910,,PATTERSON-UTI DRILLING CO,"45 MILES SOUTH OF OURAY, UTE TRIBE 1322-1319",OURAY,UT,84026,A,0000,N,S,1381,213111,A,B,,N,X,,,,,,,PO BOX 1416,SNYDER,TX,79550,N018    000018605,425,2005-01-14,2008-03-03,2005-04-15,2006-10-02,2011-10-14 16:38:47 EDT
306618786,0854910,,UNION DRILLING,INTREPID POTASH MINES,MOAB,UT,84532,A,0000,Y,S,1381,213111,A,B,,N,X,,,,,,,S. PITTSBURG TECH. PARK 3117 WASH. PIKE,BRIDGEVILLE,PA,15017,N018    000018793,80,2005-02-26,2005-09-16,2005-02-26,2005-06-15,2011-10-14 16:38:47 EDT
306620436,0854910,,NABORS DRILLING,APPROXIMATELY 26 MILES  S.E. OF MYTON,MYTON,UT,84052,A,0000,N,S,1389,213112,A,B,,N,X,,,,,,,601 B WEST 2ND,RIFLE,CO,81650,N018    000019112,22,2005-05-11,2010-10-05,2005-06-15,2010-09-30,2011-10-14 16:38:47 EDT
306637018,0627700,,"ALEXANDER DRILLING, INC.",2.6 MILES S.E. OFF HWY 31 & RAIL ROCK RD.,BOKOSHE,OK,74930,A,0000,N,S,1311,211111,A,B,,N,X,,,,,,,P.O. BOX 6162,FT. SMITH,AR,72096,N131    000027310,15,2003-05-24,,2003-06-10,2003-08-11,2011-10-14 16:38:47 EDT
306639279,0627700,,"SHEBESTER-BECHTEL, INC.","1.5 MILES WEST OF CARNEY, OK",CARNEY,OK,74382,A,0000,N,S,1389,213112,A,B,,N,,,,,,,,P.O. BOX 311,BLACKWELL,OK,74631,N131    000027671,4,2003-08-19,2008-01-17,2003-08-19,2004-03-22,2011-10-14 16:38:47 EDT
306645342,0627700,,"STRATA DRILLING, LLC","3 MILES W.HWY 152, 1 MILE N.",BINGER,OK,73009,A,0000,N,S,1381,213111,A,A,,N,,,,,,,,"3801 N.W. 63RD, SUITE 230",OKLAHOMA CITY,OK,73116,N131    000028643,22,2004-05-28,2004-12-10,2004-06-08,2004-09-16,2011-10-14 16:38:47 EDT
306645854,0627700,,THOMAS DRILLING CO.,6.6 MILES W. OF DUNCAN ON HWY 7,DUNCAN,OK,73534,A,0000,N,S,1381,213111,A,B,,N,,,,,,,,P.O. BOX 400,DUNCAN,OK,73534,N131    000028751,4,2004-07-06,2005-05-06,2004-11-24,2004-12-28,2011-10-14 16:38:47 EDT
306646274,0627700,,BASIC ENERGY SERVICES,4 MILES SOUTH ON HWY 76 AND 3.3 MILES WEST,LINDSAY,OK,73052,A,0000,N,S,1389,213112,A,B,,N,,,,,,,,P.O. BOX 129,LINDSAY,OK,73052,N131    000028839,32,2004-07-29,2005-03-24,2004-07-30,2004-10-13,2011-10-14 16:38:47 EDT
306646639,0627700,,PATTERSON-UTI DRILLING COMPANY,SEC 3-6N-9W,CHICKASHA,OK,73018,A,0000,N,S,1381,213111,A,B,,N,,,,,,,,PO BOX 1416,SNYDER,TX,79550,N131    000028890,5,2004-08-12,2013-08-27,2004-08-12,2006-08-04,2013-08-29 02:11:31 EDT
306657719,0419400,,"RAPAD DRILLING & WELL SERVICE, INC.",RG ROGERS ROAD,PRENTISS,MS,39474,A,0000,N,S,1389,213112,A,A,,N,,,,,,,,217 WEST CAPITOL STREET,JACKSON,MS,39201,N147    000017045,5,2004-12-01,2008-05-02,2004-12-02,2005-05-12,2011-10-14 16:38:47 EDT
306658014,0419400,,"D & D DRILLING AND EXPLORATION, INC.",YELLOW CREEK FIELD,WAYNESBORO,MS,39367,A,0000,N,S,1381,213111,A,A,,N,,,,,,,,P. O. BOX 1634,FERRIDAY,LA,71334,N147    000017087,6,2004-12-28,2005-04-15,2004-12-28,2005-04-14,2011-10-14 16:38:47 EDT
306755380,0627100,,GEOPHYSICAL LAND SERVICE,BODCAW CREEK,STAMPS,AR,71860,A,0000,N,S,1382,541360,A,B,,N,,,,,,,,6645 HWY 190 E.,LIVINGSTON,TX,77351,N128    000014954,30,2003-07-16,,2003-07-18,2003-08-04,2011-10-14 16:38:47 EDT
306755950,0626000,,GREY WOLF DRILLING COMPANY L.P. RIG 517,BLOOMBERG # 22 STARR CO. XAVIER ZAMORA SURVEY A699,SULLIVAN CITY,TX,78595,A,0000,Y,S,1381,213111,A,A,,N,,,,,,,,10370 RICHMAND AVE. SUITE 600,HOUSTON,TX,77042,N168    000014634,23,2003-07-14,2007-08-28,2003-07-23,2005-03-15,2011-10-14 16:38:47 EDT
306841354,0626000,,DIAMONDBACK DRILLING INC,"PETTY RANCH, WELL #11-8",CARRIZO SPRINGS,TX,78834,A,0000,Y,S,1381,213111,A,A,,N,,,,,,,,"8700 CROWNHILL BLVD, STE 705",SAN ANTONIO,TX,78209,N168    000014699,17,2003-08-04,2004-03-26,2003-08-06,2004-02-17,2011-10-14 16:38:47 EDT
306841420,0626000,,"P & S PERFORATORS, INC.",ONE & ONE-HALF (1 1/2) MILES EAST ON TX HWY 185,BLOOMINGTON,TX,77951,A,0000,Y,S,1389,213112,A,A,,N,,,,,,,,P. O. BOX 3215,VICTORIA,TX,77901,N168    000014703,2,2003-08-07,2005-02-04,2003-08-08,2004-11-10,2011-10-14 16:38:47 EDT
307002519,0627400,,POOL COMPANY TEXAS LTD.,"TRIAD ENERGY, EN WOODS LEASE WELL #13",ECTOR COUNTY,TX,79765,A,0000,N,S,1389,213112,A,B,,N,,,,,,,,P.O. BOX 51670,MIDLAND,TX,79710,N153    000011783,900,2003-09-22,2004-10-27,2003-09-22,2004-05-14,2011-10-14 16:38:47 EDT
307002568,0627400,,SERVICE DRILLING SOUTHWEST LLC,"RIG #12,SECTION 900,BLK-43,H&TC,LIPSCOMB COUNTY,TX",LIPSCOMB,TX,79056,A,0000,N,S,1311,211111,A,B,,N,,,,,,,,PO BOX 5320,BORGER,TX,79008,N153    000010615,186,2003-09-15,2005-01-28,2003-09-17,2005-01-28,2011-10-14 16:38:47 EDT
307002576,0627400,,"DAVE'S TUBING, TESTING AND HOT OIL SERVICE, INC.","SLATER #1, 3 MILES N. OF BIG SPRING",BIG SPRING,TX,79721,A,0000,N,S,1389,213112,A,B,,N,,,,,,,,P.O. BOX 3129,BIG SPRING,TX,79721,N153    000011786,15,2003-09-25,2004-07-06,2003-09-25,2004-07-06,2011-10-14 16:38:47 EDT
307002824,0627400,,PATTERSON-UTI DRILLING COMPANY,1-20 & FM 1788 / FM 1787,MIDLAND,TX,79706,A,0000,N,S,1381,213111,A,A,,N,,,,,,,,P.O. BOX 1416,SNYDER,TX,79550,N153    000010991,2121,2003-11-03,2004-09-10,2003-11-10,2004-09-10,2011-10-14 16:38:47 EDT
307003038,0627400,,"PATTERSON-UTI DRILLING COMPANY, LP","ABRAHAM 3-15 LEASE, 15 MI NW CANADIAN",CANADIAN,TX,79014,A,0000,N,S,1381,213111,A,A,,N,,,,,,,,P.O. BOX 1416,SNYDER,TX,79550,N153    000012050,25,2004-01-16,2004-12-22,2004-01-16,2004-12-20,2011-10-14 16:38:47 EDT
307003541,0627400,,PATTERSON-UTI DRILLING COMPANY,SECTION 10 BLOCK D-11 HELEN #7,SUNDOWN,TX,79372,A,0000,N,S,1381,213111,A,A,,N,,,,,,,,P.O. BOX 1416,SNYDER,TX,79372,N153    000012049,5,2004-02-12,2005-03-08,2004-08-10,2004-11-02,2011-10-14 16:38:47 EDT
307004259,0627400,,"TETRA APPLIED TECHNOLOGIES, LP DBA TETRA PIPE SALE",3209 W. INDUSTRIAL ST.,MIDLAND,TX,79702,A,0000,N,S,1389,213112,A,A,,N,,,,,,,,P.O. BOX 2517,MIDLAND,TX,79702,N153    000012010,11,2004-04-14,2005-07-05,2004-04-29,2005-07-05,2011-10-14 16:38:47 EDT
307005454,0627400,,ROBINSON DRILLING,2 MILE W RANKIN ON HWY 67,RANKIN,TX,79778,A,0000,N,S,1381,213111,A,B,,N,,,,,,,,607 MAIN ST.,BIG SPRING,TX,79721,N153    000012168,80,2004-08-09,2005-03-08,2004-08-09,2004-10-26,2011-10-14 16:38:47 EDT
307005751,0627400,,"ACME ENERGY SERVICES, INC. DBA BIG DOG DRILLING",2 MI. S OF FM 1492 & 1787,RANKIN,TX,79778,A,0000,N,S,1381,213111,A,A,,N,,,,,,,,"110 MARIENFELD, SUITE 200",MIDLAND,TX,79701,N153    000012204,310,2004-09-02,2010-12-15,2005-02-24,2010-12-15,2011-10-14 16:38:47 EDT
307006619,0627400,,BASIC ENERGY SERVICES,385 & FLOREY PARK,ANDREWS,TX,79714,A,0000,Y,S,1389,213112,A,B,,N,,,,,,,,PO BOX 1548,ANDREWS,TX,79714,N153    000012309,50,2004-11-16,2008-05-22,2005-01-27,2005-05-18,2011-10-14 16:38:47 EDT
307006999,0627400,,"ACME ENERGY SERVICES, INC. DBA BIG DOG DRILLING",CR 308,RANKIN,TX,79778,A,0000,N,S,1381,213111,A,A,,N,,,,,,,,110 N MARIENFELD SUITE 200,MIDLAND,TX,79701,N153    000012366,310,2005-01-09,2008-05-21,2005-01-12,2006-09-27,2011-10-14 16:38:47 EDT
307008433,0627400,,D-J'S WELL SERVICE AND ROUSTABOUT INC,"RILEY G LEASE, 10 M NW STINNETT",STINNETT,TX,79083,A,0000,Y,S,1389,213112,A,A,,N,,,,,,,,PO BOX 1130,BORGER,TX,79008,N153    000012638,50,2005-06-22,2006-08-03,2005-06-23,2006-08-03,2011-10-14 16:38:47 EDT
307008540,0627400,,"L & G PUMPING UNIT SERVICE, INC.",I-10 & FT. STOCKTON/SIXMILE DRAW LEASE WELL #1-4,FORT STOCKTON,TX,79735,A,0000,N,S,1389,213112,A,B,,N,,,,,,,,2000 RANKIN HWY,MIDLAND,TX,79701,N153    000012608,5,2005-05-25,2006-02-16,2005-05-25,2006-01-06,2011-10-14 16:38:47 EDT
307010611,0627400,,"MASON BROTHERS CONSTRUCTION, INC.",10 MILES FROM POST ON HWY 84,POST,TX,79356,A,0000,N,S,1389,213112,A,B,,N,,,,,,,,PO BOX 417,POST,TX,79356,N153    000012858,22,2006-01-13,2006-05-24,2006-01-14,2006-01-30,2011-10-14 16:38:47 EDT
307030262,0950632,,BAJA EXPLORATION,1477 ROSS ROAD,BARD,CA,92222,A,0000,N,S,1381,213111,A,B,,N,,,,,,,,235 W WASHINGTON STE H,ESCONDIDO,CA,92025,N064    000022071,2,2005-04-25,2010-09-27,2005-05-11,2010-09-13,2011-10-14 16:38:47 EDT
307050005,0626000,,J & R VALLEY OILFIELD SERVICES INC,"VAL VERDE & TRENTON RD, 1/2 MILE E",SAN CARLOS,TX,78539,A,0000,N,S,1389,213112,A,B,,N,X,,,,,,,P.O. BOX 310,MISSION,TX,78573,N168    000014886,5,2003-10-30,2005-04-12,2003-11-19,2005-02-03,2011-10-14 16:38:47 EDT
307070516,0316400,,"FALCON DRILLING COMPANY, LLC.",ROUTE 18,ALMA,WV,26320,A,0000,Y,S,1381,213111,A,A,,N,,,,,,,,1120 ROUTE 119 N.,INDIANA,PA,15701,N127    000017462,5,2005-10-20,2006-06-16,2005-12-09,2006-06-08,2011-10-14 16:38:47 EDT
307073338,0316400,,VIKING WELL SERVICE,"RT 65, WELL #506963",MATEWAN,WV,25678,A,0000,N,S,1389,213112,A,A,,N,,,,,,,,8113 SISSONVILLE DR.,SISSONVILLE,WV,25320,N127    000017468,23,2005-10-24,2008-04-28,2005-11-28,2006-01-23,2011-10-14 16:38:47 EDT
307073395,0316400,,S.W. JACK DRILLING COMPANY,"YAWKEY WELL #99, GARRETS FORK ROAD",CHAPMANVILLE,WV,25508,A,0000,N,S,1381,213111,A,A,,N,,,,,,,,P.O. BOX 697,INDIANA,PA,15701,N127    000017487,13,2005-11-02,2008-04-28,2005-12-06,2007-09-14,2011-10-14 16:38:47 EDT
307121509,0653510,,EUNICE WELL SERVICE,S 34 T 235 R 32 E,EUNICE,NM,88231,A,0000,Y,S,1389,213112,A,A,,N,,,,,,,,PO BOX 880,EUNICE,NM,88231,N023    000012940,66,2004-02-03,2008-02-28,2004-02-04,2004-05-18,2011-10-14 16:38:47 EDT
307125062,0653510,,DRAKE WELL SERVICE,US ROUTE 550 AND DUTCHMAN HILL ROAD,AZTEC,NM,87410,A,0000,N,S,1389,213112,A,A,,N,,X,,,,,,607 W.PINON,FARMINGTON,NM,87402,N023    000013274,47,2004-06-25,2005-02-02,2004-06-25,2005-02-01,2011-10-14 16:38:47 EDT
307153635,0418600,,"GRAND ISLE SHIPYARD, INC.",18838 HWY 3235,GALLIANO,LA,70354,A,0000,Y,S,1389,213112,A,B,,N,,X,,,,,,,,,00000,N036    000010446,650,2004-05-24,2004-12-09,2004-10-12,2004-12-02,2011-10-14 16:38:47 EDT
307179572,0950644,,ALLENCO,1400 N. MONTEBELLO BLVD.,MONTEBELLO,CA,90640,A,0000,N,S,1389,213112,A,B,,N,,,,,,,,2109 GUNDRY AVE,SIGNAL HILL,CA,90755,N087    000020545,42,2005-11-22,2010-05-27,2006-05-09,2008-01-18,2011-10-14 16:38:47 EDT
307246306,0627410,,"LARIAT SERVICES, INC.",RIG #4 APPROX. 70 MILES N. VAN HORN,VAN HORN,TX,79855,A,0000,N,S,1381,213111,A,A,,N,,,,,,,,1012 S. HWY. 285,FORT STOCKTON,TX,79735,N034    000003230,20,2006-02-12,2007-10-31,2006-02-12,2006-08-22,2011-10-14 16:38:47 EDT
307246876,0627410,,"LARIAT SERVICES, INC.",WEST RANCH 6-30 RIG #2,FORT STOCKTON,TX,79735,A,0000,N,S,1381,213111,A,A,,N,,,,,,,,PO BOX 60977,ODESSA,TX,79765,N034    000003258,1100,2006-05-01,2007-01-18,2006-08-23,2006-09-15,2011-10-14 16:38:47 EDT
307430116,0627100,,SEAGULL OPERATING CO.,5MI.N.OF STRONG ON HWY.275,STRONG,AR,71765,A,0000,N,S,1389,213112,A,B,,N,,,,,,,,416 TRAVIS ST.SUITE 1215,SHREVEPORT,LA,71101,N128    000015572,6,2004-04-08,2005-03-14,2004-04-12,2004-05-17,2011-10-14 16:38:47 EDT
307484105,0626300,,SIGNAL WELL SERVICE,HWY 1252,KILGORE,TX,75662,A,0000,Y,S,1389,213112,A,B,,N,X,,,,,,,,,,00000,N150    000025493,30,2004-04-13,2007-11-19,2004-04-13,2004-09-29,2011-10-14 16:38:47 EDT
307486035,0626300,,TRINITY SERVICES,756 AKIN ROAD,WASKOM,TX,75692,A,0000,Y,S,1389,213112,A,B,,N,,,,,,,,18149 US HWY 80 EAST,WASKOM,TX,75692,N150    000026506,18,2004-08-06,2007-02-06,2004-08-09,2005-04-13,2011-10-14 16:38:47 EDT
307486985,0626300,,GREY WOLF DRILLING,FM 320,DE BERRY,TX,75639,A,0000,Y,S,1381,213111,A,B,,N,X,,,,,,,"10370 RICHMOND AVE., STE. 600",HOUSTON,TX,77042,N150    000026655,11,2004-10-06,2011-12-20,2004-10-07,2005-10-28,2011-12-22 01:00:33 EST
307487512,0626300,,"TESCO SERVICES,INC. D/B/A BO GRAY CASING",FM 2163,ARP,TX,75789,A,0000,N,S,1389,213112,A,B,,N,X,,,,,,,2299 STATE HWY 315,CARTHAGE,TX,75633,N150    000026778,5,2004-11-29,2007-02-06,2005-03-21,2005-11-02,2011-10-14 16:38:47 EDT
307489153,0626300,,"PEAK USA ENERGY SERVICES, LTD","5 MI. W OF CITY, OFF FM 124 & CR 257",BECKVILLE,TX,75631,A,0000,N,S,1389,238910,A,B,,N,,,,,,,,"515 WEST GREENS RD., SUITE 1000",HOUSTON,TX,77067,N150    000027071,7,2005-02-22,2006-10-17,2005-02-23,2006-10-17,2011-10-14 16:38:47 EDT
307489161,0626300,,MERCER WELL SERVICE,ONE MILE SOUTH ON CO. RD 1997,WOODLAWN,TX,75694,A,0000,N,S,1389,213112,A,B,,N,,,,,,,,2310 INDUSTRIAL BLVD,KILGORE,TX,75662,N150    000027050,6,2005-03-03,2011-12-20,2005-03-03,2005-10-12,2011-12-22 01:00:33 EST
307489435,0626300,,"T K STANLEY, INC.","1 MILE EAST OF ARP, TEXAS, OFF FM 2112",ARP,TX,75750,A,0000,N,S,1389,213112,A,B,,N,X,,,,,,,P.O. BOX 31,WAYNESBORO,MS,39367,N150    000027073,8,2005-03-08,2011-12-20,2005-03-08,2005-11-16,2011-12-22 01:00:33 EST
307493304,0626300,,MARTEX DRILLING,THOMPSON WELL #11,LAKEPORT,TX,75667,A,0000,N,S,1311,211111,A,B,,N,X,,,,,,,100 CARLILE CIR,"MARSHALL,",TX,75672,N150    000027746,7,2005-12-27,2006-11-02,2006-01-25,2006-06-12,2011-10-14 16:38:47 EDT
307522235,0830500,,UNION DRILLING INC.,FIGURE FOUR #8016B,RIFLE,CO,81650,A,0000,N,S,1381,213111,A,A,,N,,,,,,,,3117 WASHINGTON PIKE,BRIDGEVILLE,PA,15017,N025    000028786,500,2004-06-01,2007-07-16,2004-09-28,2004-10-28,2011-10-14 16:38:47 EDT
307524439,0830500,,WOLVERINE DRILLING INC.,SW 1/4 NE 1/4 SEC 14 TWSHP 7S RANGE 93W,RIFLE,CO,81650,A,0000,Y,S,1381,213111,A,A,,N,,,,,,,,P.O. BOX 842,KENMARE,ND,58746,N025    000029059,5,2004-08-14,2005-07-08,2005-01-21,2005-06-13,2011-10-14 16:38:47 EDT
307565366,0452110,,"MYERS COMPLETION, INC.","WELL KP-464, RTE 550",BULAN,KY,41722,A,0000,N,S,1311,211111,A,B,,N,,X,,,,,,2131 OLD COUNTRY GARAGE RD,HELENWOOD,TN,37755,N020    000044506,3,2004-08-12,2013-05-15,2004-09-09,2004-09-15,2013-05-17 02:05:15 EDT
307594135,0625700,,GREIG FILTERS INC,"KF STEWART #1, STELLA FIELD, WALKER RD",BELLE CHASSE,LA,70037,A,0000,Y,S,1389,213112,A,B,,N,,,,,,,,PO BOX 91675,LAFAYETTE,LA,70509,N099    000021426,1,2004-05-05,2004-10-26,2004-05-06,2004-09-20,2011-10-14 16:38:47 EDT
307596643,0625700,,K&L CONTRACTORS INC,3 MI EAST OF LA 155/542 JCT ON S SIDE OF LA 155,VERNON,LA,71227,A,0000,Y,S,1389,238910,A,B,,N,,,,,,,,1173 CR 1092,CENTER,TX,75935,N099    000021816,21,2004-09-27,2006-08-30,2004-09-28,2005-06-06,2011-10-14 16:38:47 EDT
307598268,0625700,,"SHAMROCK DRILLING COMPANY, INC","SHAMROCK RIG #1, PARISH LINE ROAD",KINDER,LA,70648,A,0000,N,S,1381,213111,A,A,,N,,,,,,,,118 LOWER WOODVILLE ROAD,NATCHEZ,MS,39120,N099    000022010,20,2004-12-10,2007-06-18,2005-01-14,2005-05-16,2011-10-14 16:38:47 EDT
307601070,0625700,,PRECISION ENERGY,J.D. SAMPLE #4,LOGANSPORT,LA,71049,A,0000,N,S,1389,213112,A,B,,N,,,,,,,,363 N. SAM HOUSTON PKWY. EAST SUITE 1700,HOUSTON,TX,77060,N099    000022215,20000,2005-03-01,2005-07-07,2005-03-01,2005-06-02,2011-10-14 16:38:47 EDT
307602524,0625700,,BAKER ENERGY,GIBSON HUMPHREY PRODUCTION FACILITIES,GIBSON,LA,70356,A,0000,N,S,1389,213112,A,B,,N,,,,,,,,1024 AMBASSADOR CAFFERY PKWY SUITE 200,LAFAYETTE,LA,70503,N099    000022432,5387,2005-05-23,2006-07-26,2005-07-07,2005-07-28,2011-10-14 16:38:47 EDT
307632307,0214700,,"ATLANTIC WELLS, INC.",STARFIRE COURT,HEWLETT,NY,11557,A,0000,N,S,1389,238910,A,B,,N,,,,,,,,58 FAIRFIELD LANE,HUNTINGTON STATION,NY,11746,N107    000015726,3,2005-09-08,2006-02-07,2006-02-07,2006-02-07,2011-10-14 16:38:47 EDT
307708479,0626000,,"TETRA APPLIED TECHNOLOGIES, LP","NOVIAN, A.F.GAS UNIT #1, WELL NO.2, ID NO.179128",EDNA,TX,77957,A,0000,N,S,1389,213112,A,A,,N,,,,,,,,P.O. BOX 73087,HOUSTON,TX,77273,N168    000015353,5,2004-07-16,2013-04-10,2004-07-17,2005-07-27,2013-04-12 02:12:15 EDT
307810747,0855610,,NABORS DRILLING USA LP,SE 1/4 NE 1/4 SEC32 T33N R109W,BOULDER,WY,82923,A,0000,N,S,1381,213111,A,B,,N,,X,,,,,,6500 WEST ZERO ROAD,CASPER,WY,82604,N037    000013991,5000,2004-07-24,2009-04-06,2004-07-25,2006-05-22,2011-10-14 16:38:47 EDT
307811638,0855610,,CYCLONE DRILLING INC,NORTH OF ROCK SPRINGS WEST OF HWY 191,BOULDER,WY,82923,A,0000,Y,H,1381,213111,A,B,,N,,,,,,,,P.O. BOX 908,GILLETTE,WY,82717,N037    000014006,400,2004-08-03,2007-11-30,2004-08-03,2006-03-08,2011-10-14 16:38:47 EDT
307813261,0855610,,TRUE DRILLING LLC,BAXTER FEDERAL 32-22,WAMSUTTER,WY,82336,A,0000,Y,S,1381,213111,A,B,,N,,,,,,,,P.O. BOX 2360,CASPER,WY,82602,N037    000014233,6,2004-12-23,2008-09-17,2005-01-20,2006-02-15,2011-10-14 16:38:47 EDT
307814426,0855610,,TYVO LLC,NE SW SEC 22 T44N R75W,GILLETTE,WY,82717,A,0000,N,H,1381,213111,A,A,,N,,,,,,,,"201 LAKEWAY, SUITE 1000",GILLETTE,WY,82718,N037    000014356,22,2005-02-22,2008-02-13,2005-02-24,2005-06-09,2011-10-14 16:38:47 EDT
307815050,0855610,,PATTERSON-UTI DRILLING COMPANY LLC,MESA 7A-35D 5 MILES NW OF BOULDER,BOULDER,WY,82923,A,0000,Y,S,1381,213111,A,B,,N,,,,,,,,PO BOX 1416,SNYDER,TX,79550,N037    000014939,4000,2006-02-16,2007-07-05,2006-02-16,2006-07-03,2011-10-14 16:38:47 EDT
307816330,0855610,,NABORS DRILLING USA LP,"SEC28, T25N, R96W",WAMSUTTER,WY,82336,A,0000,Y,S,1381,213111,A,B,,N,,,,,,,,515 WEST GREENS ROAD,HUSTON,TX,77067,N037    000015092,7200,2006-03-31,2007-02-14,2006-04-01,2006-10-06,2011-10-14 16:38:47 EDT
307817502,0855610,,ENSIGN OPSCO ENERGY INDUSTRIES USA,8-12 MILES WEST OF HWY 191 ON LUMAN ROAD,PINEDALE,WY,82941,A,0000,Y,S,1389,213112,A,A,,N,,,,,,,,P O BOX 1563,PINEDALE,WY,82941,N037    000015586,90,2006-11-01,2007-08-22,2006-11-01,2007-08-22,2011-10-14 16:38:47 EDT
307817874,0855610,,CUDD PRESSURE CONTROL INC,BP EIGHT MILE WELL 11-5,WAMSUTTER,WY,82336,A,0000,Y,S,1389,213112,A,B,,N,,,,,,,,15015 VICKERY DRIVE,HOUSTON,TX,77032,N037    000014747,50,2005-09-05,2007-11-30,2005-09-06,2006-01-31,2011-10-14 16:38:47 EDT
307818161,0855610,,CHAPMAN CONTRACTING,"ANADARKO WAREHOUSE, COUNTY RD 131",MIDWEST,WY,82643,A,0000,N,S,1389,213112,A,A,,N,,,,,,,,P O BOX 467,EDGERTON,WY,82635,N037    000014779,39,2005-09-29,2009-03-06,2005-09-29,2006-01-19,2011-10-14 16:38:47 EDT
307818229,0855610,,DHS DRILLING COMPANY,13 MILES WEST OF FARSON WY,FARSON,WY,82932,A,0000,Y,S,1381,213111,A,A,,N,X,,,,,,,,,,00000,N037    000014806,100,2005-10-15,2009-02-23,2005-10-15,2006-12-06,2011-10-14 16:38:47 EDT
307818336,0855610,,GREY WOLF DRILLING COMPANY LP,BOULDER 15-18 (RIG 821),BOULDER,WY,82923,A,0000,Y,S,1381,213111,A,A,,N,,,,,,,,10370 RICHMOND AVENUE; STE 600,HOUSTON,TX,77042,N037    000014815,23,2005-10-31,2008-01-02,2005-11-01,2006-06-12,2011-10-14 16:38:47 EDT
307818575,0855610,,CYCLONE DRILLING INC,"RIG #18, NORTH JONAH FIELD, SOUTH OF HWY 351",BIG PINEY,WY,83113,A,0000,Y,S,1381,213111,A,B,,N,,,,,,,,PO BOX 908,GILLETTE,WY,82717,N037    000014862,500,2005-12-13,2009-01-13,2005-12-14,2006-12-06,2011-10-14 16:38:47 EDT
307949297,0625410,,BLESSING OIL & GAS COMPANY,"3 MILES FROM FASHING TX,OFF 2924",FASHING,TX,78118,A,0000,Y,S,1389,237120,A,A,,N,X,,,,,,,"413 S MEADOW LN, P.O.BOX 1597",EL CAMP0,TX,77437,N122    000022468,13,2004-10-22,2005-05-05,2005-02-16,2005-05-05,2011-10-14 16:38:47 EDT
307949669,0625400,,TOM BROWN INC.,LELAND SHROEDER WELL #1,FRANKLIN,TX,77856,A,0000,N,S,1389,213112,A,B,,N,,,,,,,,14001 N DALLAS PKWY,DALLAS,TX,75240,N122    000022161,1000,2004-06-09,2005-02-01,2004-06-10,2005-02-01,2011-10-14 16:38:47 EDT
307953521,0625400,,RINGO DRILLING CO. INC.,HWY 87 NORTH,CARLSBAD,TX,76934,A,0000,N,S,1381,213111,A,B,,N,,,,,,,,P.O. BOX 400,TYE,TX,79563,N122    000023041,9,2005-06-13,2008-08-08,2005-06-13,2005-08-10,2011-10-14 16:38:47 EDT
307953927,0625400,,DIAMOND P. LEASE & WELL SERVICE INC.,9692 CO. RD 132,DIME BOX,TX,77853,A,0000,N,S,1389,213112,A,B,,N,,,,,,,,POB 203,DIME BOX,TX,77853,N122    000023094,90,2005-06-30,2011-05-13,2005-06-30,2006-02-03,2011-10-14 16:38:47 EDT
307956466,0625410,,"WILEY LEASE CO., LTD DBA TROJAN VAC","ATASCOSA COUNTY, GOSSET RD. WENDE WELL SITE",PLEASANTON,TX,78011,A,0000,N,S,1381,213111,A,A,,N,X,,,,,,,P.O. BOX 395,CHARLOTTE,TX,78011,N122    000023392,1,2005-10-24,2006-08-03,2005-10-24,2006-08-02,2011-10-14 16:38:47 EDT
308010628,0317500,,"WHIPSTOCK NATURAL GAS SERVICE, INC.",SVEDA # 4 GAS WELL,FAYETTE CITY,PA,15438,A,0000,N,S,1381,213111,A,B,,N,,,,,,,,1020 FRANKLIN RD.,CLYMER,PA,15728,N091    000027066,218,2006-02-14,2009-12-10,2006-03-22,2006-08-16,2011-10-14 16:38:47 EDT
308057678,0522300,,"W. POL CONTRACTING, INC.",11360 PEKIN ROAD,NEWBURY,OH,44065,A,0000,N,S,1389,213112,A,A,,N,,,,,,,,4188 STATE ROUTE 14,RAVENNA,OH,44426,N162    000029134,7,2004-08-17,2005-12-14,2004-10-27,2005-08-15,2011-10-14 16:38:47 EDT
308060623,0627700,,"SEISMIC DRILLING SERVICES, LLC","ARBUCKLE MTS, 7 MI. SW OF CITY",DAVIS,OK,73030,A,0000,N,S,1382,213112,A,B,,N,,,,,,,,"1437 S. BOULDER, STE 930",TULSA,OK,74119,N131    000029249,8,2004-12-06,2005-03-22,2004-12-08,2005-02-18,2011-10-14 16:38:47 EDT
308060979,0627700,,TGC INDUSTRIES DBA TIDELAND GEOPHYSICAL,"I-35 S,WEST OF DAVIS,EXIT 55,WEST ON HWY 7, 5-7MI",DAVIS,OK,73030,A,0000,N,S,1382,541360,A,B,,N,,,,,,,,1304 SUMMIT AVE,PLANO,TX,75074,N131    000029314,35,2004-12-29,2005-05-13,2004-12-29,2005-05-13,2011-10-14 16:38:47 EDT
308062736,0627700,,LAMAMCO DRILLING COMPANY,NE OF JCT RD 4302 & STATE HWY 18,SHIDLER,OK,74652,A,0000,N,S,1311,211111,A,B,,N,X,,,,,,,4444 E. 146TH N.,SKIATOOK,OK,74070,N131    000029676,4,2005-04-15,2007-08-06,2005-09-20,2005-11-10,2011-10-14 16:38:47 EDT
308063825,0627700,,"APACHE PRODUCTION SERVICES, LLC","CS 2780 & CR 1450, WEST .2MI AND SOUTH .13MI",CEMENT,OK,73017,A,0000,N,S,1389,213112,A,B,,N,,,,,,,,"6 NE 63RD, SUITE 300",OKLAHOMA CITY,OK,73105,N131    000029848,5,2005-05-26,2005-10-14,2005-06-01,2005-10-14,2011-10-14 16:38:47 EDT
308063858,0627700,,"SABER DRILLING COMPANY, INC.","NS 413, 1/4 MI. SOUTH OF HWY 9",EUFAULA,OK,74432,A,0000,N,S,1381,213111,A,B,,N,,,,,,,,1501 N. HARVEY RD.,SEMINOLE,OK,74868,N131    000029855,5,2005-06-01,2005-09-19,2005-06-01,2005-09-19,2011-10-14 16:38:47 EDT
308065507,0627700,,COMPLETE ENERGY SERVICES,2-3/4 MILES WEST OF BINGER,BINGER,OK,73009,A,0000,N,S,1389,213112,A,B,,N,,,,,,,,P.O. BOX 3907,ENID,OK,73702,N131    000030223,25,2005-08-24,2006-02-08,2005-08-25,2006-02-08,2011-10-14 16:38:47 EDT
308066174,0627700,,THE ROSEL COMPANY,"11 MILES N.,2 MILES E.,1/2 MILE N. OF FOUR CORNERS",GUYMON,OK,73942,A,0000,N,S,1389,213112,A,B,,N,,,,,,,,302 S CLAY AVE.,LIBERAL,KS,67901,N131    000030318,2,2005-09-14,2006-03-08,2005-09-29,2006-03-08,2011-10-14 16:38:47 EDT
308066877,0627700,,"ARKOMA MACHINE & FISHING TOOLS, INC.","2 MILES NORTH, 9 MILES WEST OF CITY",MCALESTER,OK,74501,A,0000,N,S,1389,213112,A,B,,N,,,,,,,,5546 WHEELER AVENUE,FT SMITH,AR,72901,N131    000030443,45,2005-10-13,2006-03-09,2005-10-13,2006-03-08,2011-10-14 16:38:47 EDT
308067768,0627700,,UNITED DRILLING,SEC.5 16N 11W NORTH OF PRISON,WATONGA,OK,73772,A,0000,N,S,1381,213111,A,B,,N,,,,,,,,1312 E. WILLOW,ENID,OK,73701,N131    000030632,6,2005-12-22,2005-12-29,2005-12-22,2005-12-23,2011-10-14 16:38:47 EDT
308080738,0626000,,ARROW DRILLING COMPANY INC,"RIG #9, VOLEP #1, KRAKER MARTIN",NURSERY,TX,77976,A,0000,Y,S,1381,213111,A,A,,N,,,,,,,,PO BOX 505,BENAVIDES,TX,78341,N168    000015512,15,2004-10-12,2006-03-16,2004-10-14,2005-03-30,2011-10-14 16:38:47 EDT
308082882,0452110,,"MOUNTAIN RIDGE, LLC",HWY 2011 RIGHT FORK STRAIGHT CREEK,STONEY FORK,KY,40988,A,0000,N,S,1381,213111,A,B,,N,,X,,,,,,76 OLD 25E,BARBOURVILLE,KY,40906,N020    000044701,12,2004-09-13,2006-01-26,2004-10-22,2005-08-29,2011-10-14 16:38:47 EDT
308283654,0830300,,NORTHWEST ROUSTABOUTS,"11 MILES EAST, 3 MILES NORTH",CROSBY,ND,58730,A,0000,N,S,1389,213112,A,A,,N,,,,,,,,P.O. BOX 84,MCGREGOR,ND,58755,N169    000009396,2,2004-11-29,2005-04-04,2004-11-29,2005-04-04,2011-10-14 16:38:47 EDT
308304328,0830100,,"GREEN OIL & FIELD SERVICE, INC.",12 E. & 2 N. OF MELSTONE,MELSTONE,MT,59054,A,0000,N,S,1389,213112,A,A,,N,,,,,,,,PO BOX 416,ROUNDUP,MT,59072,N033    000010030,5,2006-04-13,2007-02-08,2006-06-02,2006-07-13,2011-10-14 16:38:47 EDT
308306299,0830100,,"GRANT GEOPHYSICAL, INC.",4 MILES N OF WILSALL ON 89 NORTH,LIVINGSTON,MT,59047,A,0000,N,S,1382,213112,A,B,,N,,,,,,,,14521 OLD KATY ROAD SUITE 100,HOUSTON,TX,77079,N033    000010305,140,2006-09-01,2007-11-09,2006-11-02,2006-12-07,2011-10-14 16:38:47 EDT
308307891,0830100,,PIONEER DRILLING,30 MILES WEST OF FAIRVIEW OFF HWY 201 RD 317,SIDNEY,MT,59270,A,0000,N,S,1311,211111,A,A,,N,,,,,,,,P.O BOX 2507,WILLISTON,ND,58801,N033    000010522,100,2007-02-16,2007-12-05,2007-05-02,2007-08-30,2011-10-14 16:38:47 EDT
308310770,0626000,,"TONG SPECIALTY, LLC","FM 72 NEAR PAWNEE,KUENSTER #1",PAWNEE,TX,78145,A,0000,N,S,1389,213112,A,B,,N,,,,,,,,2500 BUSINESS 281 NORTH,ALICE,TX,78332,N168    000015650,7,2004-12-28,2005-12-29,2005-04-26,2005-12-22,2011-10-14 16:38:47 EDT
308322015,0626700,,ROWAN DRILLING COMPANY,RIG # 31,NEDERLAND,TX,77627,A,0000,N,S,1381,213111,A,B,,N,,,,,,,,9300 TELEPHONE ROAD,HOUSTON,TX,77075,N010    000014130,55,2006-06-30,2016-06-09,2006-12-19,2007-11-02,2016-06-30 01:10:52 EDT
308462571,0627100,,THORNTON DRILLING CO.,OFF HYW 96 N.ON GRAVEL RD.,CECIL,AR,72949,A,0000,N,S,1311,211111,A,B,,N,,,,,,,,P.O. BOX 811,POCOLA,OK,74902,N128    000016183,280,2005-01-24,2008-10-28,2005-02-10,2005-04-01,2011-10-14 16:38:47 EDT
308469196,0626000,,SPARKMAN WELL SERVICE DBA AMERICAN PUMP & TRUCKING,"TANK BATTERY, MCFADDEN RANCH",MCFADDIN,TX,77973,A,0000,Y,S,1389,213112,A,A,,N,,,,,,,,P.O. BOX 112,VICTORIA,TX,77902,N168    000015712,2,2005-02-09,2013-04-10,2005-06-28,2005-10-13,2013-04-12 02:12:15 EDT
308469394,0626000,,"BILLY'S LEASE SERVICE, INC DBA JONES & ALLEN","ALLEN RANCH, CR 19 SUTTLE LEASE NUMBER 1",SHERIDAN,TX,77475,A,0000,N,S,1389,213112,A,A,,N,,,,,,,,P.O. BOX 389,GENADO,TX,77962,N168    000015745,4,2005-03-04,2008-05-02,2005-03-09,2005-08-29,2011-10-14 16:38:47 EDT
308497098,0522300,,ROSE RUN DRILLING INC.,SUNNIT ST. 100 YARDS N. OF OLIVE ST.,NILES,OH,44446,A,0000,N,S,1381,213111,A,A,,N,,,,,,,,P.O. BOX DRAW 280,HILLSDALE,MI,49242,N162    000029683,17,2004-12-20,2016-06-03,2005-03-16,2006-02-21,2016-06-30 01:10:52 EDT
308530690,0626000,,PREMIUM WELL DRILLING INC DBA TEXAS STAR MACHINE,6316 OLD GOLIAD ROAD,GOLIAD,TX,77963,A,0000,N,S,1389,213112,A,A,,N,,,,,,,,1109 BENSDALE ROAD,PLEASANTON,TX,78064,N168    000016044,2,2005-04-01,2008-10-24,2005-04-01,2005-08-29,2011-10-14 16:38:47 EDT
308530849,0626000,,"BLACK CREEK DRILLING, INC.","0.5 MILES ON COUNTY ROAD 389, SOUTH OF",HALLETTSVILLE,TX,77964,A,0000,Y,S,1381,213111,A,B,,N,,,,,,,,P.O. BOX 520,COLUMBUS,TX,78934,N168    000015799,38,2005-04-14,2006-03-28,2005-04-15,2006-03-24,2011-10-14 16:38:47 EDT
308540301,1050210,,ARCTIC SLOPE ENERGY SERVICES,"MPU J PAD, BP WELL HEAD, MILNE POINT",PRUDHOE BAY,AK,99734,A,0000,N,S,1389,213112,A,B,,N,,X,,,,,,300 C STREET SUITE 701,ANCHORAGE,AK,99503,N065    000015606,300,2006-11-15,2007-02-14,2006-11-16,2007-02-09,2011-10-14 16:38:47 EDT
308590181,0626600,,L.C. SMITH PRODUCTION,34826 BUTLER ROAD,CONROE,TX,77301,A,0000,N,H,1389,213112,A,B,,N,,,,,,,,P.O. BOX 1552,CONROE,TX,77305,N145    000022240,5,2006-01-26,2007-04-26,2006-04-06,2007-04-24,2011-10-14 16:38:47 EDT
308590801,0626600,,"T.K. STANLEY, INC.",1746 5 MILES DOWN CR 4300,WOODVILLE,TX,75979,A,0000,Y,S,1389,237120,A,B,,N,X,,,,,,,8931 SOUTH US 79,PALESTINE,TX,75801,N145    000022324,4,2006-02-19,2006-08-17,2006-02-21,2006-07-05,2011-10-14 16:38:47 EDT
308591965,0626600,,"KMC OILTOOLS, INC.",H&P RIG 118 HWY 112,NEWTON,TX,75966,A,0000,N,S,1389,213112,A,B,,N,,,,,,,,521 N. SAM HOUSTON PKWY E. STE 300,HOUSTON,TX,77060,N145    000022474,1,2006-04-28,2006-10-04,2006-07-27,2006-07-27,2011-10-14 16:38:47 EDT
308637834,0729700,,MCPHERSON DRILLING,4 MILES N. OF SYCAMORE,SYCAMORE,KS,67363,A,0000,N,S,1381,213111,A,D,I,N,,,,,,,,P.O. BOX 97,SYCAMORE,KS,67363,N135    000020254,3,2005-06-02,2005-10-19,2005-10-17,2005-10-17,2011-10-14 16:38:47 EDT
308645480,0636900,,"I.E. MILLER SERVICES, LP",F.M. 730 5 MILES SOUTH OF HWY. 114,BOYD,TX,76023,A,0000,Y,S,1389,213112,A,B,,N,,,,,,,,P.O. DRAWER 472,EUNICE,LA,70535,N142    000015301,11,2005-02-24,2005-04-22,2005-02-24,2005-04-01,2011-10-14 16:38:47 EDT
308646074,0636900,,"TRACE ENERGY SERVICES, INC.",PANTHER BRANCH RD AT FM 51,TOLAR,TX,76476,A,0000,Y,S,1382,541360,A,B,,N,,,,,,,,"4500 W. ILLINOIS, SUITE 118",MIDLAND,TX,79703,N142    000015402,45,2005-04-15,2005-08-02,2005-04-15,2005-06-06,2011-10-14 16:38:47 EDT
308646165,0636900,,"PATTERSON-UTI ENERGY, INC.",ABOUT 2 MILES ON CR 2513 OFF HWY 380,DECATUR,TX,76234,A,0000,Y,S,1381,213111,A,B,,N,,,,,,,,P.O. BOX 1416,SNYDER,TX,79550,N142    000015409,3058,2005-04-20,2008-11-10,2005-04-20,2005-07-05,2011-10-14 16:38:47 EDT
308648260,0636900,,WALKER OIL FIELD ELECTRIC,"2 MILES NORTH OF WHITESBORO, TX. ON HWY. 377",WHITESBORO,TX,76273,A,0000,Y,S,1389,213112,A,B,,N,,X,,,,,,3109 E. HWY. 82,GAINSVILLE,TX,76240,N142    000015720,3,2005-09-01,2005-10-26,2005-09-09,2005-10-12,2011-10-14 16:38:47 EDT
308648633,0636900,,"FRAC TECH SERVICES, LLC",7498 MOSIER VIEW CT.,FORT WORTH,TX,76118,A,0000,N,S,1389,213112,A,B,,N,,,,,,,,16858 IH20,CISCO,TX,76437,N142    000015750,105,2005-09-14,2011-09-23,2005-09-15,2006-10-12,2011-10-14 16:38:47 EDT
308648955,0636900,,FELDERHOFF BROTHERS DRILLING,0.5 MILES N. OF E. PEDEN RD IN TARRANT COUNTY,FORT WORTH,TX,76179,A,0000,N,S,1381,213111,A,B,,N,,,,,,,,P.O.BOX 1299,GAINESVILLE,TX,76241,N142    000014007,17,2005-10-14,2007-02-21,2005-10-19,2006-02-16,2011-10-14 16:38:47 EDT
308650365,0636900,,DOUBLE J PIPE AND SUPPLY,INTERSECTION CR 162 & CR 152,WAYLAND,TX,76424,A,0000,N,S,1389,213112,A,A,,N,,,,,,,,P.O. BOX 370,BRECKENRIDGE,TX,76424,N142    000016011,13,2006-02-15,2007-02-21,2006-04-05,2006-07-17,2011-10-14 16:38:47 EDT
308651959,0636900,,"T.K. STANLEY, INC.","NEAR 1350 CONSOLATION DR. 2.5 MILES SW OF BROCK,TX",BROCK,TX,76087,A,0000,Y,S,1389,213112,A,B,,N,,,,,,,,5200 BLUE MOUND RD,FORT WORTH,TX,76106,N142    000016200,830,2006-05-08,2008-11-10,2006-05-10,2006-12-12,2011-10-14 16:38:47 EDT
308653542,0636900,,DAWSON GEOPHYSICAL COMPANY,OFF HWY.4 SMITH-DEWITT LEASE,PALO PINTO,TX,76484,A,0000,Y,S,1382,541360,A,B,,N,,,,,,,,"508 WEST WALL, SUITE 800",MIDLAND,TX,79701,N142    000016406,830,2006-07-01,2006-11-13,2006-07-01,2006-11-13,2011-10-14 16:38:47 EDT
308653617,0636900,,"CHEYENNE DRILLING, INC.","0.5 MILES E. OF FM 3443 2.5 MILES S. OF RHOME, TX",RHOME,TX,76078,A,0000,Y,S,1381,213111,A,B,,N,,,,,,,,500 MAIN ST.  SUITE 110,FORT WORTH,TX,76102,N142    000013268,5,2006-07-14,2008-03-25,2006-07-14,2006-10-27,2011-10-14 16:38:47 EDT
308654748,0636900,,COY'S WELL SERVICE,FM 604 & CR 150,ALBANY,TX,76340,A,0000,Y,S,1389,213112,A,B,,N,,,,,,,,P.O. BOX 261,MERKEL,TX,79536,N142    000016575,3,2006-07-18,2008-11-06,2006-11-07,2008-08-11,2011-10-14 16:38:47 EDT
308656842,0636900,,O'RYAN OIL & GAS,1/4 MILE N ON BROOKSHIRE RD.,POWELL,TX,75153,A,0000,Y,H,1389,213112,A,B,,N,,,,,,,,1 MISSION BLVD.,ODESSA,TX,79765,N142    000016684,30,2006-11-06,2008-05-29,2007-01-24,2007-06-04,2011-10-14 16:38:47 EDT
308662097,0626000,,WEATHERFORD CPS,1440 COUNTY ROAD 344,ALICE,TX,78332,A,0000,N,S,1389,213112,A,A,,N,,,,,,,,,,,00000,N168    000015857,45,2005-04-28,2016-06-03,2005-08-04,2005-09-21,2016-06-30 01:10:52 EDT
308768357,0419400,,"T. K. STANLEY, INC.",6739 HIGHWAY 184 WEST,WAYNESBORO,MS,39367,A,0000,N,S,1389,213112,A,A,,N,,,,,,,,P. O. BOX 31,WAYNESBORO,MS,39367,N147    000007303,170,2005-07-15,2007-05-14,2005-07-18,2006-04-26,2011-10-14 16:38:47 EDT
308770890,0419400,,"STRINGER'S OILFIELD SERVICE, INC.",77E SMITH COUNTY ROAD,RALEIGH,MS,39153,A,0000,N,H,1389,213112,A,B,,N,,,,X,,,,P. O. BOX 323,COLUMBIA,MS,39425,N147    000017780,4,2006-06-05,2007-01-19,2006-08-25,2006-09-29,2011-10-14 16:38:47 EDT
308773738,0419400,,RADZEWICZ OPERATING CORPORATION,CARTHAGE POINT ROAD,NATCHEZ,MS,39120,A,0000,N,S,1389,213112,A,A,,N,,,,,,,,655 HIGHWAY 61 SOUTH,NATCHEZ,MS,39120,N147    000018149,1,2007-01-05,2007-07-05,2007-01-05,2007-07-02,2011-10-14 16:38:47 EDT
308775659,0419400,,WORKOVER SPECIALTIES LLC,HWY 28 BETWEEN MIZE & TAYLORSVILLE,TAYLORSVILLE,MS,39168,A,0000,Y,S,1381,213111,A,A,,N,,,,,,,,1130 COOLIDGE BLVD.,LAFAYETTE,LA,70503,N147    000018227,6,2007-05-02,2007-12-21,2007-05-04,2007-12-14,2011-10-14 16:38:47 EDT
309000990,0830500,,UNION DRILLING INC.,"EUREKA UNIT, RIG 47",RIO BLANCO,CO,81650,A,0000,Y,S,1381,213111,A,B,,N,,,,,,,,"OLD ROUTE 33 WEST, MUDLICK ROAD",BUCKHANNON,WV,26201,N025    000030451,5,2005-11-07,2007-02-01,2005-11-08,2005-11-08,2011-10-14 16:38:47 EDT
309001188,0830500,,PATTERSON- UTI DRILLING CO.,"RIG #6, WILSON 24-25",JOHNSTOWN,CO,80534,A,0000,Y,S,1381,213111,A,B,,N,,,,,,,,PO BOX 1416,SNYDER,TX,79549,N025    000030515,6,2005-11-25,2007-05-29,2006-03-09,2006-05-05,2011-10-14 16:38:47 EDT
309002335,0830500,,"CALFRAC WELL SERVICES, LTD.",WELD CR 45 AND 70,EATON,CO,80615,A,0000,N,S,1389,213112,A,B,,N,,,,,,,,1901 MAIN STREET,PLATTEVILLE,CO,80651,N025    000030677,52,2006-01-25,2008-04-08,2006-06-03,2007-06-12,2011-10-14 16:38:47 EDT
309080646,0625700,,"COIL TUBING SERVICE, LLC",814 ST. ETIENNE RD.,BROUSSARD,LA,70518,A,0000,Y,S,1389,213112,A,B,,N,,,,,,,,,,,00000,N099    000022656,146,2005-08-19,2009-10-30,2005-08-19,2009-10-30,2011-10-14 16:38:47 EDT
309084556,0625700,,H & R WATER WELL DRILLING & SERVICE INC,ELLIOT RD.,LAKE CHARLES,LA,70607,A,0000,Y,S,1389,213112,A,B,,N,,,,,,,,4529 WEST QUAIL HOLLOW LANE,LAKE CHARLES,LA,70607,N099    000023068,3,2006-02-24,2006-06-14,2006-02-27,2006-06-02,2011-10-14 16:38:47 EDT
309085389,0625700,,COLE'S CONSTRUCTION CREWS INC,3650 CALIGON RD,MORGANZA,LA,70759,A,0000,Y,S,1389,213112,A,B,,N,,,,,,,,2571 CYPRESS ISLAND HWY,ST MARTINSVILLE,LA,70582,N099    000023202,3,2006-04-07,2007-01-15,2006-04-11,2006-05-11,2011-10-14 16:38:47 EDT
309086700,0625700,,CENTRAL INDUSTRIES INC,"E BELL CITY FIELD, SWEETLAKE L&O WELL #C7",BELL CITY,LA,70630,A,0000,Y,S,1389,213112,A,B,,N,,,,,,,,PO BOX 1380,SCOTT,LA,70583,N099    000023355,5,2006-05-17,2006-12-13,2006-05-18,2006-11-13,2011-10-14 16:38:47 EDT
309087419,0625700,,PRODUCTION MANAGEMENT INDUSTRIES,GRAND ISLE PLATFORM 9 (OFF SHORE 6-12 MILES),GRAND ISLE,LA,70358,A,0000,Y,S,1389,213112,A,D,I,N,,,,,,,,3703 S. LEWIS STREET,NEW IBERIA,LA,70560,N099    000023452,2,2006-07-10,2006-08-30,2006-07-17,2006-07-17,2011-10-14 16:38:47 EDT
309137552,0626000,,ENTERPRISE PRODUCTS OPERATING L.P.,"1202 FM 649 N., THOMPSOVILLE GAS PROCESSING PLANT",MIRANDO CITY,TX,78369,A,0000,N,S,1321,211112,A,A,,N,,,,,,,,2727 N. LOOP WEST,HOUSTON,TX,77008,N168    000015911,12,2005-06-10,2007-08-31,2005-11-10,2005-12-20,2011-10-14 16:38:47 EDT
309137891,0626000,,"SCORPION EXPLORATION AND PRODUCTION, INC.","N. HWY 183, 5 MI S OF CUERO",MEYERSVILLE,TX,77954,A,0000,N,S,1389,213112,A,A,,N,,,,,,,,PO BOX 643,BENAVIDES,TX,78341,N168    000016047,5,2005-07-20,2013-04-10,2006-01-11,2007-07-27,2013-04-12 02:12:15 EDT
309141190,0627100,,"NABORS DRILLING USA, LP",HWY 95 AT LOST CORNER RD,CLEVELAND,AR,72030,A,0000,N,S,1381,213111,A,B,,N,,,,,,,,"515 WEST GREENS RD., SUITE 1000",HOUSTON,TX,77067,N128    000016602,12,2005-08-13,2010-11-05,2005-08-13,2006-10-24,2011-10-14 16:38:47 EDT
309162378,0854910,,CRAIG'S ROUSTABOUT SERVICE,BRUNDAGE CANYON,15 MILES SOUTH OF DUCHESNE,UT,84021,A,0000,N,S,1389,213112,A,B,,N,X,,,,,,,7580 E 6000 S,JENSEN,UT,84035,N018    000019267,23,2005-07-18,2006-01-25,2005-07-18,2005-11-15,2011-10-14 16:38:47 EDT
309164861,0854910,,PATTERSON-UTI DRILLING CO,RIG 51 SE VERNAL (REDWASH),VERNAL,UT,84078,A,0000,N,S,1381,213111,A,B,,N,X,,,,,,,1120 E 1500 S,VERNAL,UT,84078,N018    000019595,25,2005-11-01,2010-10-13,2005-11-01,2006-09-26,2011-10-14 16:38:47 EDT
309164887,0854910,,NABORS DRILLING USA INC.,BIG PACK 31-34 (20 MILES SOUTH OF OURAY),OURAY,UT,84078,A,0000,N,S,1381,213111,A,A,,N,X,,,,,,,1145 16 RD.,FRUITA,CO,81521,N018    000019576,22,2005-10-19,2007-09-12,2006-01-18,2006-11-15,2011-10-14 16:38:47 EDT
309165587,0854910,,UNIT DRILLING CO,NEAR DUCHESNE CITY UP INDIAN CANYON,DUCHESNE,UT,84021,A,0000,N,S,1381,213111,A,B,,N,X,,,,,,,PO BOX 702500,TULSA,OK,74170,N018    000019679,22,2005-11-21,2008-03-18,2005-12-21,2006-10-31,2011-10-14 16:38:47 EDT
309165595,0854910,,UNIT DRILLING CO,TWIST CANYON 16-1,SALINA,UT,84654,A,0000,N,S,1381,213111,A,B,,N,X,,,,,,,7130 S. LEWIS SUITE 1000,TULSA,OK,74136,N018    000019698,49,2005-11-23,2008-03-18,2006-03-08,2006-10-05,2011-10-14 16:38:47 EDT
309166460,0854910,,PATTERSON-UTI DRILLING CO,RIG 52 WV 16G3-8-21 UINTAH COUNTY,OURAY,UT,84066,A,0000,N,S,1381,213111,A,A,,N,X,,,,,,,1250 E. HWY 40,VERNAL,UT,84078,N018    000019795,22,2006-01-19,2008-03-03,2006-01-19,2006-10-02,2011-10-14 16:38:47 EDT
309169753,0854910,,DHS DRILLING COMPANY,ANADARKO PETROLEUM - ARD 10-27,SUMMIT COUNTY,UT,84017,A,0000,Y,S,1311,211111,A,B,,N,X,,,,,,,PO BOX 277/1813 COLEMAN CIR.,CASPER,WY,82602,N018    000020295,300,2006-06-09,2006-12-20,2006-10-31,2006-12-18,2011-10-14 16:38:47 EDT
309170280,0854910,,MARMC TRANSPORTATION,CHAPITA WELLS UNIT 86622 APPROX 42 MILES SOUTH OF,VERNAL,UT,84078,A,0000,N,S,1389,237120,A,B,,N,X,,,,,,,PO BOX 656,MILLS,WY,82644,N018    000020335,6,2006-06-27,2006-09-14,2006-08-15,2006-09-08,2011-10-14 16:38:47 EDT
309172609,0854910,,PATTERSON-UTI DRILLING CO,RIG 51 ROCKHOUSE 10-23-23-32,VERNAL,UT,84078,A,0000,N,S,1381,213111,A,B,,N,X,,,,,,,1250 E. HWY 40,VERNAL,UT,84078,N018    000020570,220,2006-09-21,2008-03-03,2006-09-21,2006-09-21,2011-10-14 16:38:47 EDT
309289197,0524530,,"SHAKESPEARE OIL CO., INC.","4 MI E OF ALTAMONT ON RT 40, 1/4 MI S ON N 700 ST",ALTAMONT,IL,62411,A,0000,N,S,1311,211111,A,D,I,N,,,,,,,,202 WEST MAIN STREET,SALEM,IL,62881,N159    000007545,33,2007-08-21,2007-10-11,,2007-10-11,2011-10-14 16:38:47 EDT
309290203,0524530,,TMZ OIL TREATING & TANK TRUCK SERVICE,"MINE #24 ROAD, SOUTH OF LICATA",BENTON,IL,62812,A,0000,Y,H,1389,213112,A,B,,N,,,,,,,,#9 EASTWOOD DRIVE,MCLEANSBORO,IL,62859,N159    000007736,4,2008-01-25,2010-02-11,2008-05-28,2010-02-10,2011-10-14 16:38:47 EDT
309292183,0524530,,FRENCH CREEK COMPANY,1450 W & W MAIN STREET,CROSSVILLE,IL,62827,A,0000,N,S,1311,211111,A,B,,N,,,,,,,,RR #1 P.O. BOX 406,GRAYVILLE,IL,62844,N159    000008045,3,2008-10-29,2016-06-10,2009-03-09,2009-11-18,2016-06-30 01:10:52 EDT
309292191,0524530,,"BULLDOG WELL SERVICES, INC.",1450 W & W MAIN STREET,CROSSVILLE,IL,62827,A,0000,N,S,1389,238910,A,A,,N,,,,,,,,109 S COURT STREET,GRAYVILLE,IL,62844,N159    000008049,3,2008-10-29,2016-06-10,2009-03-13,2011-12-19,2016-06-30 01:10:52 EDT
309329761,0653510,,TRIPLE P OIL FIELD SERVICES,MCKAY MANNA LEASE #1 RIG #4,FARMINGTON,NM,87401,A,0000,Y,S,1389,213112,A,A,,N,,,,,,,,PO BOX 15182,FARMINGTON,NM,87401,N023    000014145,5,2005-08-31,2007-11-16,2005-09-01,2006-03-14,2011-10-14 16:38:47 EDT
309336428,0336000,,OPEN FLOW GAS SUPPLY CORPORATION,"MCKEAN COUNTY, NORWICH TOWNSHIP, OFG #35",COLEGROVE,PA,16724,A,0000,N,S,1389,237120,A,B,,N,,,,,,,,"90 BEAVER DRIVE, SUITE 110B, P.O. BOX J",DUBOIS,PA,15801,N021    000009415,7,2006-11-28,2007-06-06,2007-02-23,2007-06-05,2011-10-14 16:38:47 EDT
309339638,0336000,,"L & S WELL SERVICE, INC.","EDWARDS RHODE #1, JEFFERSON CNTY, KNOX TWP",KNOX DALE,PA,15847,A,0000,N,S,1389,238910,A,B,,N,,,,,,,,3822 PIKE ROAD,PUNXSUTAWNEY,PA,15767,N021    000009810,19,2007-10-03,2008-10-08,2007-10-04,2008-02-28,2011-10-14 16:38:47 EDT
309343721,0626000,,PARCHMAN OILFIELD SERVICES,"MRS. S.K. EAST B #71, ROWAN RIG # 41",SARITA,TX,78385,A,0000,N,H,1389,213112,A,A,,N,,,,,,,,P.O. BOX 1638,EDINBURG,TX,78385,N168    000016257,176,2005-10-18,2007-07-25,2005-10-21,2005-12-22,2011-10-14 16:38:47 EDT
309381614,0215800,,"UNION DRILLING, INC.",BAKER HILL ROAD,WATKINS GLEN,NY,14891,A,0000,N,S,1381,213111,A,A,,N,,,,,,,,"ROUTE 33, WEST MUDLICK ROAD",BUCHANON,WV,26701,N173    000018819,1400,2006-05-12,2008-07-28,2006-08-02,2008-07-25,2011-10-14 16:38:47 EDT
309448892,0524700,,MULLINS WELL SERVICE,2706 C.R. 159,CARDINGTON,OH,43315,A,0000,Y,S,1389,213112,A,D,I,N,,,,,,,,1596 C.R. #25,CARDINTON,OH,43315,N154    000022148,2,2007-08-13,2007-08-24,2007-08-22,2007-08-24,2011-10-14 16:38:47 EDT
309475994,0316400,,"HALL DRILLING, LLC",BEAN HOLLOW,WEST UNION,WV,26456,A,0000,Y,H,1381,213111,A,A,,N,,,,X,,,,PO BOX 249,ELLENBORO,WV,26346,N127    000018640,32,2007-06-14,2007-11-09,2007-07-18,2007-09-27,2011-10-14 16:38:47 EDT
309478444,0316400,,"COX'S WELL SERVICE, LLC",WELL SITE 14115,WHARTON,WV,25208,A,0000,N,S,1381,213111,A,A,,N,,,,,,,,P.O. BOX 547,SPENCER,WV,25276,N127    000018949,3,2007-12-04,2016-06-10,2008-01-16,2008-06-05,2016-06-30 01:10:52 EDT
309494078,0855610,,PIONEER DRILLING SERVICES LTD,"RIG #41, STUD HORSE BUTTE 58-20; SUBLETTE COUNTY",BOULDER,WY,82923,A,0000,Y,S,1381,213111,A,B,,N,,,,,,,,1250 NE LOOP 410 SUITE 1000,SAN ANTONIO,TX,78209,N037    000015062,22,2006-04-27,2008-01-25,2006-04-28,2007-02-27,2011-10-14 16:38:47 EDT
309496297,0855610,,HAWKEYE WELL SERVICE LLC,"SEC11,T33N, R77W",GLENROCK,WY,82637,A,0000,Y,S,1389,213112,A,A,,N,,,,,,,,327 2ND AVE SW,CUT BANK,MT,59427,N037    000015404,7,2006-11-01,2007-10-11,2006-11-01,2007-04-27,2011-10-14 16:38:47 EDT
309497014,0855610,,NORTHSTATE CORP.,771 LANE 9,POWELL,WY,82435,A,0000,Y,S,1389,213112,A,B,,N,,,,,,,,P.O. BOX 627,POWELL,WY,82435,N037    000006455,33,2006-12-11,2007-04-20,2006-12-12,2007-03-05,2011-10-14 16:38:47 EDT
309497824,0855610,,SST ENERGY CORPORATION,"SEC.31,T31N,R109W - RIG #56",PINEDALE,WY,82941,A,0000,N,S,1381,213111,A,B,,N,,,,,,,,8901 YELLOWSTONE HIGHWAY,CASPER,WY,82904,N037    000015673,325,2007-02-20,2007-08-08,2007-02-21,2007-08-06,2011-10-14 16:38:47 EDT
309499127,0855610,,"RANGE BARNHART DRILLING, LLC",12557 HIGHWAY 26,RIVERTON,WY,82501,A,0000,Y,H,1311,211111,A,B,,N,,,,,,,,P.O. BOX 1638,RIVERTON,WY,82501,N037    000015720,28,2007-06-30,2008-11-20,2007-06-30,2008-04-08,2011-10-14 16:38:47 EDT
309501146,0855610,,TRECOBY SERVICES LLC,NENW SEC 3 T52N R75W,GILLETTE,WY,82717,A,0000,N,S,1389,213112,A,A,,N,,,,,,,,P O BOX 5106,GILLETTE,WY,82717,N037    000016013,9,2008-01-02,2008-06-03,2008-01-03,2008-05-21,2011-10-14 16:38:47 EDT
309501872,0855610,,"MISTER WELL SERVICE, INC.",SEC 27 T44N R77W,KAYCEE,WY,82639,A,0000,Y,S,1389,213112,A,B,,N,,,,,,,,606 NORTH PLAINS DRIVE,GILLETTE,WY,82716,N037    000016086,15,2008-02-19,2012-10-15,2008-02-21,2008-09-08,2012-10-17 02:31:40 EDT
309508224,0653510,,GANDY CORP,ARTESIA HWY,LOVINGTON,NM,88260,A,0000,Y,S,1389,213112,A,A,,N,,,,,,,,WEST STAR ROUTE,LOVINGTON,NM,88260,N023    000014335,96,2005-12-12,2006-03-31,2005-12-12,2006-03-30,2011-10-14 16:38:47 EDT
309508976,0653510,,HURRICANE AIR AND WELL SERVICE,HWY 574 NEAR THE 7.5 MILE MARKER,AZTEC,NM,87410,A,0000,N,S,1389,213112,A,B,,N,,,,,,,,PO BOX 389,FARMINGTON,NM,87499,N023    000014465,40,2006-01-23,2006-03-29,2006-01-23,2006-03-29,2011-10-14 16:38:47 EDT
309539062,0626300,,"LANGSTON DRILLING CO., LTD, LLP",FM 1794 W. FROM HWY. 59 N.,CARTHAGE,TX,75633,A,0000,N,S,1381,213111,A,B,,N,,,,,,,,P.O. BOX 1860,WASKOM,TX,75692,N150    000028190,13,2006-06-30,2010-08-11,2006-06-30,2010-08-11,2011-10-14 16:38:47 EDT
309542603,0626300,,"INNOVATIVE ENERGY SERVICES, INC.",CR 1200,BOGATA,TX,75417,A,0000,Y,H,1389,213112,A,B,,N,,,,,,,,18000 GROACHKE ROAD BLDG A1,HOUSTON,TX,77084,N150    000028671,5,2007-02-13,2011-12-15,2007-03-28,2007-08-28,2011-12-17 02:42:54 EST
309544559,0626300,,SUPERIOR ENERGY SERVICES,PANOLA CR 3150,DE BERRY,TX,75639,A,0000,Y,H,1389,213112,A,B,,N,,,,,,,,3645 E LOOP DR,LONGVIEW,TX,75602,N150    000028915,40,2007-06-21,2007-10-17,2007-10-15,2007-10-16,2011-10-14 16:38:47 EDT
309545283,0626300,,MERCER WELL SERVICE RIG #30,RIG #30 LAIRD CRIM WELL #3,KILGORE,TX,75662,A,0000,N,S,1389,213112,A,B,,N,X,,,,,,,2310 INDUSTRIAL BLVD.,KILGORE,TX,75662,N150    000029013,82,2007-08-15,2011-12-14,2007-08-16,2007-12-04,2011-12-16 01:00:30 EST
309545333,0626300,,NABORS WELL SERVICES RIG #721,CR 161,CLAYTON,TX,75637,A,0000,N,S,1381,213111,A,B,,N,X,,,,,,,"404 AMBASSADOR ROW,",LONGVIEW,TX,75604,N150    000029026,70,2007-08-21,2010-10-28,2007-08-22,2008-04-09,2011-10-14 16:38:47 EDT
309550408,0830300,,AMERICAN CASING & EQUIPMENT,7335 98TH STREET NW,FLAXTON,ND,58737,A,0000,N,S,1389,213112,A,A,,N,,,,,,,,2721 WEST FRONT STREET,WILLISTON,ND,58801,N169    000010132,15,2006-01-30,2006-07-26,2006-02-02,2006-07-26,2011-10-14 16:38:47 EDT
309578417,0626300,,PIONEER DRILLING RIG#22,CR 483,JOINERVILLE,TX,75658,A,0000,N,S,1311,211111,A,B,,N,X,,,,,,,1409 KILGORE DR410 - SUITE 1000,HENDERSON,TX,75653,N150    000029523,20,2008-05-19,2008-12-23,2008-05-20,2008-09-26,2011-10-14 16:38:47 EDT
309638385,0454714,,RUSTY'S WELL SERVICES LLC,1031 WOODLAND CIRCLE,CROSSVILLE,TN,38571,A,0000,Y,S,1381,213111,A,B,,N,X,,,,,,,,,,00000,N125    000044292,22,2006-02-17,2006-05-16,2006-02-17,2006-05-16,2011-10-14 16:38:47 EDT
309671857,0626000,,"PATTERSON-UTI DRILLING CO., RIG NUMBER 128","PIERCE ESTATES C-245, CR 444, WHARTON COUNTY, TX",PIERCE,TX,77467,A,0000,N,S,1381,213111,A,B,,N,,,,,,,,4510 LAMESA HWY/POST OFFICE BOX 1416,SYNDER,TX,79550,N168    000016476,12,2006-01-27,2009-01-09,2006-05-18,2007-11-08,2011-10-14 16:38:47 EDT
309754273,0625410,,TEXAS ENERGY SERVICE,124 SOUTH HIGHWAY 163,OZONA,TX,76943,A,0000,N,S,1389,213112,A,B,,N,,,,,,,,PO BOX 2108,ALICE,TX,78333,N122    000024105,300,2006-08-28,2007-02-20,2006-08-28,2007-02-20,2011-10-14 16:38:47 EDT
309755932,0625400,,SON-TEX RAT HOLE SERVICE,1612 NORTH I-10 SERVICE ROAD,SONORA,TX,76950,A,0000,N,S,1389,238910,A,A,,N,,,,,,,,P.O. BOX 1552,SONORA,TX,76950,N122    000024322,5,2006-11-28,2009-04-15,2006-11-29,2007-06-21,2011-10-14 16:38:47 EDT
309781482,0626000,,ELITE OILFIELD SRVCS INC. DBA ELITE SERVICES INC.,COLETOVILLE RD,VICTORIA,TX,77901,A,0000,N,S,1389,237120,A,B,,N,,,,,,,,PO BOX 101,GANADO,TX,77962,N168    000016624,10,2006-03-24,2013-04-10,2006-03-24,2006-06-23,2013-04-12 02:12:15 EDT
309783884,0627700,,GOOBER DRILLING CORP - RIG #20,"3.5 MILES SOUTH ON HWY 8, HWY 62",ANADARKO,OK,73005,A,0000,N,S,1381,213111,A,A,,N,,,,,,,,P.O. BOX 549,STILLWATER,OK,74076,N131    000030926,22,2006-03-03,2008-10-29,2006-03-03,2006-12-13,2011-10-14 16:38:47 EDT
309786689,0627700,,PATTERSON-UTI DRILLING COMPANY,"1 & 7/10 MILES SW OF HINTON, OK",HINTON,OK,73047,A,0000,N,S,1381,213111,A,A,,N,,,,,,,,P.O. BOX 1416,SNYDER,TX,79550,N131    000031380,22,2006-07-07,2016-06-10,2007-01-05,2007-09-10,2016-06-30 01:10:52 EDT
309787133,0627700,,"EAGLE ENERGY SERVICES, INC.","RIG #27, SW1/4 SEC-5N-13 ECM",HOOKER,OK,73945,A,0000,N,S,1389,213112,A,B,,N,,,,,,,,P.O. BOX 1597,LIBERAL,KS,67905,N131    000031471,6,2006-07-28,2006-12-29,2006-07-29,2006-10-26,2011-10-14 16:38:47 EDT
309789675,0627700,,H2S SAFETY PLUS INCORPORATED,S.W OFF 270 & SW 1050,WILBURTON,OK,74578,A,0000,Y,S,1389,213112,A,B,,N,X,,,,,,,RT 2 BOX 73,SULPHUR,OK,73086,N131    000031891,50,2006-11-18,2008-03-10,2006-11-22,2007-03-08,2011-10-14 16:38:47 EDT
309791788,0627700,,"K & W WELL SERVICE, INC.",5.2 MI EAST OF PRAGUE ON HWY 62 & THEN NORTH 3 MI,PRAGUE,OK,74864,A,0000,N,S,1381,213111,A,B,,N,,,,,,,,P.O. BOX 511,CUSHING,OK,74023,N131    000032195,4,2007-02-23,2011-01-03,2007-02-23,2007-11-06,2011-10-14 16:38:47 EDT
309868347,0355110,,"NOAH HORN WELL DRILLING, INC.","WELL #R37G, OFF CLIFTON FORK ROAD",WHITEWOOD,VA,24657,A,0000,N,S,1381,213111,A,B,,N,X,,,,,,,P. O. BOX 269,VANSANT,VA,24656,N017    000079067,7,2006-04-07,2016-01-27,2006-08-10,2006-09-13,2016-01-30 02:18:51 EST
309880169,0653510,,HALLIBURTON ENERGY SERVICES,15 T29N R9W,FARMINGTON,NM,87402,A,0000,Y,S,1389,213112,A,A,,N,,,,,,,,4109 EAST MAIN,FARMINGTON,NM,87402,N023    000014588,30,2006-01-31,2008-05-20,2006-01-31,2006-07-12,2011-10-14 16:38:47 EDT
309883734,0729700,,"WW DRILLING, LLC","JOHNSON WELL 1-8, WILDCAT FIELD",UTICA,KS,67584,A,0000,N,S,1381,213111,A,A,,N,,,,,,,,233 4TH ST,WAKEENEY,KS,67672,N135    000021265,12,2006-03-29,2008-05-05,2006-06-20,2006-08-16,2011-10-14 16:38:47 EDT
309885333,0729700,,TREMO CORPORATION,978 COYOTE RD,TORONTO,KS,66777,A,0000,N,S,1311,211111,A,D,I,N,,,,,,,,,,,00000,N135    000023963,,2006-05-24,2008-04-22,2006-05-25,2006-05-25,2011-10-14 16:38:47 EDT
309887651,0729700,,JIM OSBORN DBA OSBORN ENERGY LLC,24309 MISSION BELLEVIEW ROAD,BUCYRUS,KS,66013,A,0000,N,S,1311,211111,A,A,,N,,,,,,,,7380 W. 161ST STREET,STILLWELL,KS,66085,N135    000021740,12,2006-07-25,2008-05-02,2006-10-06,2007-10-22,2011-10-14 16:38:47 EDT
309891745,0729700,,"KLIMA WELL SERVICE, INC.",SE OF SE 50 ROAD & SE 90 AVENUE,ELLINWOOD,KS,67526,A,0000,Y,S,1389,213112,A,B,,N,,,,,,,,P.O. BOX 48,GREAT BEND,KS,67530,N135    000010870,21,2006-12-28,2008-11-12,2006-12-29,2008-10-16,2011-10-14 16:38:47 EDT
309905206,0950635,,ENSIGN UNITED STATES DRILLING CALIFORNIA INC.,THUMS ISLAND (WELL #C520RDI,LONG BEACH,CA,90801,A,0000,N,S,1381,213111,A,B,,N,,,,,,,,P O BOX 17805,DENVER,CO,80217,N056    000015520,22,2007-03-13,2015-04-07,2007-04-12,2008-11-05,2015-04-10 01:00:47 EDT
309908473,0950664,,MMI SERVICES,2113 COWLES STREET,LONG BEACH,CA,90804,A,0000,N,S,1382,213112,A,B,,N,,X,,,,,,6400 PRICE WAY,BAKERSFIELD,CA,93308,N056    000016179,4,2008-02-29,2014-11-18,2008-04-23,2014-11-14,2014-11-21 01:01:47 EST
309911550,0950664,,WEATHERFORD INTERNATIONAL LTD,201 HALLOCK DR,SANTA PAULA,CA,93060,A,0000,N,H,1389,213112,A,B,,N,,,,,,,,201 HALLOCK DR,SANTA PAULA,CA,93060,N056    000016559,48,2008-11-04,2014-11-18,2008-11-26,2014-11-14,2014-11-21 01:01:47 EST
309911592,0950664,,NABORS WELL SERVICES CO,3055 W PACIFIC COAST HWY,VENTURA,CA,93001,A,0000,N,S,1389,213112,A,B,,N,,,,,,,,2567 VENTURA AVE,VENTURA,CA,93001,N056    000016563,9,2008-11-06,2009-01-22,2009-01-20,2009-01-20,2011-10-14 16:38:47 EDT
309911816,0950635,,"OIL WELL SERVICE, INC",OCEAN BLVD & PIER T,TERMINAL ISLAND,CA,90731,A,0000,N,S,1389,213112,A,B,,N,,,,,,,,1241 E. BURNETT ST,SIGNAL HILL,CA,90755,N056    000016602,4,2008-12-08,2011-01-03,2009-04-22,2010-05-04,2011-10-14 16:38:47 EDT
309912574,0950635,,OIL WELL SERVICE CO,1241 E BURNETT ST,SIGNAL HILL,CA,90755,A,0000,N,S,1389,213112,A,B,,N,,,,,,,,,,,00000,N056    000013313,4,2009-03-23,2015-04-09,2009-05-20,2009-10-05,2015-04-13 01:01:24 EDT
309913465,0950664,,OIL WELL SERVICES CO,S  ENOS LN  AND PANAMA LN,BAKERSFIELD,CA,93314,A,0000,N,S,1311,211111,A,D,I,N,,,,,,,,10255 ENOS LN,SHAFTER,CA,93263,N056    000016833,1,2009-06-29,2009-09-01,,2009-06-29,2011-10-14 16:38:47 EDT
309913580,0830300,,CYCLONE DRILLING,GRIZZLY WELL #13-6H MCKENZIE COUNTY,ALEXANDER,ND,58831,A,0000,N,S,1381,213111,A,A,,N,,,,,,,,P.O. BOX 908,GILLETTE,WY,82717,N169    000010256,600,2006-04-05,2006-07-26,2006-04-05,2006-07-26,2011-10-14 16:38:47 EDT
309918902,0950664,,MATRIX SERVICE INC,324 W EL SEGUNDO BL,EL SEGUNDO,CA,90245,A,0000,N,S,1389,213112,A,B,,N,,,,,,,,500 W COLLINS AVE,ORANGE,CA,92867,N056    000017002,15,2009-11-10,2015-10-23,2010-02-16,2011-02-25,2015-10-26 01:01:46 EDT
309918936,0950664,,BAKER HUGHES INC.,29235 HIGHWAY 33,MARICOPA,CA,93252,A,0000,N,H,1311,211111,A,B,,N,,,,,,,,4550 CALIFORNIA AVE. SUITE 400,BAKERSFIELD,CA,93307,N056    000017019,250,2009-11-05,2010-02-09,2010-02-09,2010-02-09,2011-10-14 16:38:47 EDT
310017025,0627400,,"TETRA PRODUCTION TESTING SERVICES, L.P.","SECTION 4, BLK 20, UNIVERSITY NO 20-4 NO. 1",MENTONE,TX,79754,A,0000,Y,S,1389,213112,A,A,,N,,,,,,,,4401 N-I35 STE 207,DENTON,TX,76207,N153    000013049,2000,2006-06-25,2007-09-11,2006-06-25,2007-08-31,2011-10-14 16:38:47 EDT
310017249,0627400,,"PATTERSON-UTI DRILLING COMPANY, LP, LLLP",HWY 302 & 115,KERMIT,TX,79745,A,0000,N,S,1311,211111,A,A,,N,,,,,,,,PO BOX 1416,SNYDER,TX,79550,N153    000012875,9700,2006-07-10,2007-10-09,2006-07-14,2007-10-09,2011-10-14 16:38:47 EDT
310017322,0627400,,J.W. RESOURCES INC.,"GAYLA LEASE, WELL #2, 6 MI. NORTH ON US 287",DUMAS,TX,79029,A,0000,N,S,1311,211111,A,A,,N,X,,,,,,,P.O. BOX 52100,AMARILLO,TX,79159,N153    000013085,16,2006-07-13,2007-06-26,2006-12-05,2007-06-26,2011-10-14 16:38:47 EDT
310017371,0627400,,G & L TOOLS DIVISION OF BASIC ENERGY SERVICES,2249 S. TREADWAY,ABILENE,TX,79602,A,0000,N,S,1389,213112,A,B,,N,,,,,,,,P.O. BOX 3418,ABILENE,TX,79604,N153    000013094,6,2006-07-11,2007-02-20,2006-07-13,2007-01-09,2011-10-14 16:38:47 EDT
310035555,0626000,,PATTERSON-UTI DRILLING CO LP LLLP RIG 135,"EL NINO FELIZ RANCH, MUNOZ #14, 14 MI N OF",ZAPATA,TX,78076,A,0000,N,S,1381,213111,A,A,,N,,,,,,,,PO BOX 1416,SNYDER,TX,79550,N168    000016781,12,2006-06-08,2008-10-24,2006-06-16,2007-11-09,2011-10-14 16:38:47 EDT
310167697,0627100,,"WASHITA VALLEY ENTERPRISES, INC.",HIGHWAY 37 AND JACKSON COUNTY RD. 164,MCCRORY,AR,72101,A,0000,Y,S,1389,213112,A,B,,N,,,,,,,,5707 SOUTH EASTERN AVE.,OKLAHOMA CITY,OK,73129,N128    000017438,200,2006-09-14,2009-06-29,2007-02-08,2007-03-09,2011-10-14 16:38:47 EDT
310191382,0830300,,"ENERGY SYSTEMS INDUSTRIAL, INC.","NE, NW SECTION 23 142 NORTH & 102 WEST",FAIRFIELD,ND,58627,A,0000,N,S,1389,213112,A,A,,N,,,,,,,,2267 SIMS STREET,DICKINSON,ND,58601,N169    000010499,5,2006-08-17,2006-11-30,2006-08-17,2006-11-30,2011-10-14 16:38:47 EDT
310193164,0950643,,"KENAI DRILLING LIMITED, DBA KENAI DRILLING",ELK HILLS OCCIDENTAL CHECKPOINT 8.7,ELK HILLS,CA,93276,A,0000,N,S,1381,213111,A,B,,N,,,,,,,,2701 PATTON WAY,BAKERSFIELD,CA,93308,N078    000033555,62,2006-07-13,2007-02-23,2006-10-15,2007-02-22,2011-10-14 16:38:47 EDT
310193420,0950643,,"JERRY MELTON & SONS CONSTRUCTION, INC.",E OF LOST HILLS 4 MILE NORTH OF LERDO,LOST HILLS,CA,91355,A,0000,N,S,1389,237120,A,B,,N,,,,,,,,100 JAMESON LANE,TAFT,CA,93268,N078    000033621,55,2006-08-01,2007-01-29,2007-01-27,2007-01-27,2011-10-14 16:38:47 EDT
310195664,0950643,,J & N TRUCKING AND LOWBED SERVICES,4445 FOXEN CANYON RD,SANTA MARIA,CA,93454,A,0000,N,S,1389,213112,A,B,,N,,,,,,,,"2311 ""C"" S. OAKLEY ST.",SANTA MARIA,CA,93454,N078    000034348,3,2006-12-28,2008-12-04,2007-04-23,2008-12-03,2011-10-14 16:38:47 EDT
310195953,0950643,,KEY ENERGY SERVICES INC,28590 HWY. 119,VALLEY ACRES,CA,93268,A,0000,N,S,1389,213112,A,B,,N,,,,,,,,18835 HIGHWAY 65,BAKERSFIELD,CA,93308,N078    000027391,700,2007-01-24,2008-03-18,2007-06-19,2007-06-19,2011-10-14 16:38:47 EDT
310196399,0950643,,GENE WATSON CONSTRUCTION,300 YDS. S. OF FELLOWS & 100 YDS. W. OF FELLOWS,FELLOWS,CA,93224,A,0000,N,S,1389,213112,A,B,,N,,,,,,,,801 KERN ST.,TAFT,CA,93268,N078    000034572,575,2007-03-15,2007-05-21,2007-05-14,2007-05-21,2011-10-14 16:38:47 EDT
310197231,0950643,,OIL WELL SERVICE CO.,WELL # CLA 34-33 NO. COLE LEVY,TUPMAN,CA,93263,A,0000,N,S,1389,213112,A,B,,N,,,,,,,,10255 ENOS LANE,SHAFTER,CA,93263,N078    000034778,60,2007-05-24,2009-01-14,2007-07-31,2009-01-13,2011-10-14 16:38:47 EDT
310199021,0950643,,BUENA GEOTECHNICAL SERVICES LLC,3850 RAMADA DR STE A,PASO ROBLES,CA,93446,A,0000,N,S,1382,541360,A,B,,N,,,,,,,,P. O. BOX 2857,ATASCADERO,CA,93423,N078    000035094,14,2007-10-09,2009-07-08,2007-10-22,2009-07-07,2011-10-14 16:38:47 EDT
310199096,0950643,,WESTERN WELL SERVICE,MCKITTRICK FEE 409 NEAR FRANCO WESTERN RD,MCKITTRICK,CA,93314,A,0000,N,S,1389,213112,A,B,,N,,,,,,,,4300 MIDWAY RD.,TAFT,CA,93268,N078    000035320,60,2007-10-17,2008-04-11,2007-10-22,2007-10-22,2011-10-14 16:38:47 EDT
310199567,0950643,,NABORS WELL SERVICE,"SECTION 21S 32S 23E 1 MILE S, SW MID OIL RD.",BAKERSFIELD,CA,93308,A,0000,N,S,1389,213112,A,B,,N,,,,,,,,7515 ROSEDALE HWY.,BAKERSFIELD,CA,93308,N078    000035399,1200,2007-12-10,2008-06-06,2008-04-01,2008-06-04,2011-10-14 16:38:47 EDT
310201561,0950643,,"ENSIGN UNITED STATES DRILLING, INC.",422' NLY ALONG W. SECT LINE 616' ELY,MCKITTRICK,CA,93251,A,0000,N,H,1311,211111,A,B,,N,,,,,,,,7001 CHARITY AVE.,BAKERSFIELD,CA,93308,N078    000036170,400,2008-05-17,2011-12-02,2008-10-08,2009-10-28,2011-12-05 01:01:50 EST
310201637,0950643,,HELMERICH & PAYNE INTERNATIONAL DRILLING CO.,ELK HILLS,KERN COUNTY,CA,93268,A,0000,N,S,1381,213111,A,B,,N,,,,,,,,"2221 STURGIS RD., STE. D",OXNARD,CA,93030,N078    000036110,161,2008-05-21,2013-02-12,2008-05-21,2008-12-31,2013-02-14 02:38:07 EST
310223805,0627400,,"PATTERSON UTI DRILLING COMPANY, LP","MARGARET BOWDLE 42 LEASE, WELL #3, RIG#655",KERMIT,TX,79745,A,0000,N,S,1381,213111,A,B,,N,,,,,,,,4510 LAMESA HIGHWAY,SNYDER,TX,79549,N153    000013149,22,2006-08-30,2007-01-08,2006-08-31,2007-01-08,2011-10-14 16:38:47 EDT
310223847,0627400,,"BOOM DRILLING, LLC",CR T & CR 1454,HIGGINS,TX,79046,A,0000,N,S,1311,211111,A,A,,N,,,,,,,,P.O. BOX 1087,WOODWARD,OK,73802,N153    000013155,350,2006-09-06,2007-03-10,2006-09-08,2007-03-06,2011-10-14 16:38:47 EDT
310223862,0627400,,"YALE E KEY INC., DBA KEY ENERGY SERVICES",5 MILES SO. OF MIDLAND ON HWY 349,MIDLAND,TX,79706,A,0000,N,S,1389,213112,A,A,,N,,,,,,,,5347 W 42ND,ODESSA,TX,79764,N153    000012833,2600,2006-09-14,2007-02-22,2006-09-15,2007-02-22,2011-10-14 16:38:47 EDT
310245196,0625700,,BACQUE' AND ASSOCIATES INC,3650 CALIGON RD,MORGANZA,LA,70759,A,0000,Y,S,1389,213112,A,B,,N,,,,,,,,2132 QUAIL OAK DR,BATON ROUGE,LA,70808,N099    000023596,1,2006-04-07,2008-01-09,2006-04-11,2006-10-06,2011-10-14 16:38:47 EDT
310246236,0625700,,"U S LIQUIDS OF LA., L.P.",BATEMAN ISLAND DOCK & BAYOU BOEF,MORGAN CITY,LA,70380,A,0000,Y,S,1389,213112,A,B,,N,,,,,,,,11079 TRIANGLE SHELL RD.,JENNINGS,LA,70546,N099    000023683,5,2006-10-23,2008-02-01,2006-10-24,2007-08-02,2011-10-14 16:38:47 EDT
310253612,0625700,,"TSWS, INC.",SAMSON RIG # 3,BENTON,LA,71006,A,0000,N,S,1381,213111,A,A,,N,,,,,,,,POB 1885,MAGNOLIA,LA,71754,N099    000024554,22,2007-09-04,2008-06-13,2007-09-05,2007-10-17,2011-10-14 16:38:47 EDT
310257860,0626700,,"CURTIS & SON VACUUM SERVICES, INC.",OFF HIGHWAY 93,BEAUMONT,TX,77703,A,0000,N,S,1389,213112,A,B,,N,,,,,,,,P.O. BOX 77575-0767,LIBERTY,TX,77575,N010    000014293,21,2006-08-31,2008-11-28,2006-10-19,2007-09-18,2011-10-14 16:38:47 EDT
310266366,0626700,,"FRANK'S CASING CREW & RENTAL TOOLS, INC.","GALVESTON BLOCK 151, WELL #6",GALVESTON,TX,77518,A,0000,Y,S,1389,213112,A,B,,N,,,,,,,,700 E VEROT SCHOOL ROAD,LAFAYETTE,LA,70508,N010    000015344,8,2008-01-28,2016-06-10,2008-02-07,2009-02-26,2016-06-30 01:10:52 EDT
310300090,0627400,,"H & H VALVE SERVICE, INC.",3842 N. SLATOR AVE.,ODESSA,TX,79764,A,0000,Y,S,1389,213112,A,A,,N,,,,,,,,P.O. BOX 69854,ODESSA,TX,79769,N153    000012070,59,2006-10-05,2008-04-21,2006-10-08,2007-04-17,2011-10-14 16:38:47 EDT
310301106,0653510,,KEY ENERGY SERVICES,RR SIMS #6,EUNICE,NM,88231,A,0000,Y,S,1389,213112,A,A,,N,X,,,,,,,1301 MCKINNEY ST.,HOUSTON,TX,77010,N023    000015304,3,2006-09-05,2007-02-26,2006-09-07,2007-02-23,2011-10-14 16:38:47 EDT
310301445,0653510,,"MAYO MARRS CASING PULLING, INC.","ROCK DAISY COUNTY ROAD, FOSTER AN#1",ARTESIA,NM,88210,A,0000,Y,S,1389,213112,A,A,,N,,,,,,,,P.O BOX 862,KERMIT,TX,79745,N023    000015084,5,2006-10-05,2007-10-01,2006-10-05,2007-09-06,2011-10-14 16:38:47 EDT
310409479,0950621,,"ENSIGN UNITED STATES DRILLING (CALIFORNIA), INC.",1710 COPAY RD (GEORGE REED UNIT 13),CORNING,CA,96021,A,0000,N,S,1381,213111,A,B,,N,,,,,,,,PO BOX 17805,DENVER,CO,80217,N092    000028574,500,2006-10-05,2008-12-30,2006-10-12,2008-03-03,2011-10-14 16:38:47 EDT
310439500,0636900,,SHEKINAH OIL FIELD SERVICE,809 CR 340,RANGER,TX,76470,A,0000,Y,S,1389,213112,A,B,,N,,,,,,,,315 NORTHEAST LANE P.O.BOX 452,ALBANY,TX,76430,N142    000016950,2,2007-04-10,2007-06-22,2007-04-10,2007-06-22,2011-10-14 16:38:47 EDT
310440250,0636900,,"XTO ENERGY, INC.",NEAR FM 200 AT CR 1236,CLEBURNE,TX,76033,A,0000,Y,S,1311,211111,A,B,,N,,,,,,,,810 HOUSTON ST.,FORT WORTH,TX,76102,N142    000016994,10,2007-05-02,2007-09-10,2007-06-06,2007-09-05,2011-10-14 16:38:47 EDT
310440433,0636900,,"UNIT TEXAS DRILLING, LLC",OFF CR 151,STEWARDS MILL,TX,75859,A,0000,Y,S,1381,213111,A,B,,N,,,,,,,,1029 ATASCOCITA RD,HUMBLE,TX,77396,N142    000017055,20,2007-05-22,2007-10-12,2007-05-22,2007-10-04,2011-10-14 16:38:47 EDT
310440631,0636900,,CRESTWOOD MIDSTREAM PARTNERS LP,2400 CR 326,CLEBURNE,TX,76033,A,0000,N,S,4922,211111,A,B,,N,,,,,,,,"801 CHERRY ST, SUITE 3700, UNIT 19",FORT WORTH,TX,76102,N142    000017086,500,2007-05-29,2010-10-20,2007-11-19,2007-12-17,2011-10-14 16:38:47 EDT
310440649,0636900,,GREY WOLF DRILLING CO.,FM 1187 & OAK GROVE RD.,FORT WORTH,TX,76028,A,0000,N,S,1381,213111,A,B,,N,,,,,,,,10370 RICHMOND AVE.,HOUSTON,TX,77042,N142    000017087,4000,2007-05-21,2008-11-10,2007-08-13,2008-04-01,2011-10-14 16:38:47 EDT
310440714,0636900,,"SWANSON OIL FIELD SERVICES,INC. RIG #7","HWY 287, TWO MILES S. OF DECATUR, OFF OF CR 4219",DECATUR,TX,76234,A,0000,Y,S,1381,213111,A,B,,N,,,,,,,,P. O. BOX 272,ELECTRA,TX,76360,N142    000017095,30,2007-06-15,2007-10-12,2007-06-15,2007-09-11,2011-10-14 16:38:47 EDT
310440920,0636900,,"UNITED ENERGEX, INC.",517 SPUR 490,CISCO,TX,76437,A,0000,N,S,1389,213112,A,B,,N,,,,,,,,,,,00000,N142    000017090,40,2007-06-14,2009-01-07,2007-07-11,2007-07-11,2011-10-14 16:38:47 EDT
310446828,0636900,,PREMIUM WELL DRILLING,ASHTON #1,BALLINGER,TX,76821,A,0000,N,S,1381,213111,A,B,,N,,,,,,,,P.O. BOX 99,PLEASANTON,TX,78064,N142    000017740,120,2008-03-11,2009-01-07,2008-08-21,2008-11-06,2011-10-14 16:38:47 EDT
310453360,0854910,,MILES WELL SERVICE,NBU 922-32D,VERNAL,UT,84078,A,0000,N,S,1389,213112,A,A,,N,X,,,,,,,940 S 1500 E,VERNAL,UT,84078,N018    000021034,12,2006-12-04,2007-03-01,2007-01-11,2007-02-07,2011-10-14 16:38:47 EDT
310455225,0854910,,CALIBER CASING SERVICE,ROCKHOUSE 11-23-24-02,VERNAL,UT,84078,A,0000,N,S,1389,213112,A,A,,N,X,,,,,,,1067 E 500 S,VERNAL,UT,84078,N018    000021359,9,2007-04-06,2007-07-09,2007-05-14,2007-07-03,2011-10-14 16:38:47 EDT
310456579,0854910,,INTEGRATED PRODUCTION SERVICES,PETERS POINT 6 35D 12 16,PRICE,UT,84501,A,0000,N,S,1389,213112,A,A,,N,X,,,,,,,11019 HWY 789,RIVERTON,WY,82501,N018    000021592,20,2007-08-03,2009-10-06,2007-10-05,2007-12-10,2011-10-14 16:38:47 EDT
310457262,0854910,,ANADARKO PETROLEUM SERVICES,BRIDGE COMPRESSOR STATION,VERNAL,UT,84078,A,0000,N,S,1311,211111,A,B,,N,X,,,,,,,1368 S 1200 E,VERNAL,UT,84078,N018    000021780,3,2007-09-11,2007-12-10,2007-10-17,2007-11-26,2011-10-14 16:38:47 EDT
310458690,0854910,,BLACK GOLD EQUIPMENT & LEASING LLC,555 SAND HILL RD,WASHINGTON,UT,84780,A,0000,Y,S,1381,213111,A,B,,N,,X,,,,,,590 E ST.GEORGE BLVD,ST.GEORGE,UT,84770,N018    000022038,5,2007-12-21,2010-03-10,2007-12-21,2010-03-09,2011-10-14 16:38:47 EDT
310458716,0854910,,UNIT DRILLING CO,UNIT RIG 109 WELL #TU3-35-7-21,VERNAL,UT,84078,A,0000,N,S,1381,213111,A,B,,N,X,,,,,,,7130 S LEWIS STE 1000,TULSA,OK,74136,N018    000022037,26,2007-12-31,2009-06-08,2008-01-24,2009-05-21,2011-10-14 16:38:47 EDT
310459383,0854910,,XTO ENERGY,RIVERBEND UNIT 16-16E,OURAY,UT,84066,A,0000,N,S,1311,211111,A,B,,N,X,,,,,,,PO BOX 1360,ROOSEVELT,UT,84066,N018    000022155,57,2008-02-19,2008-05-07,2008-02-19,2008-05-01,2011-10-14 16:38:47 EDT
310459490,0854910,,PEAK WELL SERVICE,215 B3 BODRERO,BLUE BELL,UT,84007,A,0000,N,S,1389,213112,A,B,,N,,X,,,,,,P.O. BOX 551,VERNAL,UT,84078,N018    000022170,15,2008-02-26,2008-04-29,2008-02-26,2008-04-01,2011-10-14 16:38:47 EDT
310460514,0854910,,TRISTAR CONSTRUCTORS INC,40 MILES SW OF VERNAL,VERNAL,UT,84078,A,0000,N,S,1381,213111,A,B,,N,X,,,,,,,107 MEADOW DR,EVANSTON,WY,82930,N018    000022368,9,2008-05-04,2008-05-27,2008-05-07,2008-05-22,2011-10-14 16:38:47 EDT
310460878,0854910,,RN INDUSTRIES TRUCKING INC,NEWFIELD PRODUCTION CO UTE TRIBAL 7-23-4-1,VERNAL,UT,84078,A,0000,N,S,1389,213112,A,A,,N,X,,,,,,,244 W HWY 40,ROOSEVELT,UT,84066,N018    000022426,200,2008-05-21,2008-09-23,2008-07-29,2008-09-15,2011-10-14 16:38:47 EDT
310462114,0653510,,EUNICE WELL SERVICE,SHINNERY NM STATE D #4,BUCKEYE,NM,88241,A,0000,N,S,1389,213112,A,A,,N,,,,,,,,320 N. TURNER,HOBBS,NM,88240,N023    000015235,85,2006-12-22,2008-05-22,2006-12-22,2007-07-09,2011-10-14 16:38:47 EDT
310463310,0830500,,"EASY STREET CRANE SERVICE, INC.",4 MI PAST LOGAN'S WASH RD OFF CTY RD 204,PARACHUTE,CO,81635,A,0000,N,S,1389,213112,A,A,,N,,,,,,,,1600 CR 259,RIFLE,CO,81650,N025    000031523,18,2006-11-07,2008-02-11,2007-01-23,2008-01-30,2011-10-14 16:38:47 EDT
310463401,0830500,,"LEED ENERGY SERVICES, INC",RIG 721 AT WELD CR 59 AND 62,GILL,CO,80624,A,0000,N,S,1389,213112,A,A,,N,,,,,,,,P.O. BOX 329,FORT LUPTON,CO,80621,N025    000031547,5,2006-11-17,2008-01-17,2007-04-11,2007-06-26,2011-10-14 16:38:47 EDT
310463526,0830500,,"SCHNEIDER ENERGY SERVICES, INC.","WEBB 11-04 NESW SEC. 4 T10S R95W, MESA CTY",COLLBRAN,CO,81624,A,0000,N,S,1389,237120,A,A,,N,,,,,,,,14400 HWY 34,FORT MORGAN,CO,80701,N025    000031567,3,2006-11-28,2008-12-19,2007-05-17,2007-07-18,2011-10-14 16:38:47 EDT
310468103,0830500,,LEED ENERGY SERVICES,NEAR WCR 46 AND 29,GILCREST,CO,80623,A,0000,N,S,1389,213112,A,A,,N,,,,,,,,3770 PURITAN WAY UNIT J,FREDERICK,CO,80516,N025    000032289,4,2007-07-25,2008-06-16,2007-12-20,2008-06-13,2011-10-14 16:38:47 EDT
310468111,0830500,,"J AND E ENTERPRISES, INC.",COUNTY RD 352,RIFLE,CO,81650,A,0000,N,S,1321,211112,A,D,I,N,,,,,,,,234 TIMBERLINE LANE,PRINCETON,LA,71067,N025    000032259,,2007-07-20,2008-01-02,2007-07-20,2007-07-20,2011-10-14 16:38:47 EDT
310468996,0830500,,CENTERFIRE TRUCKING,BOPCO L.P.YCF 3-45-1,MEEKER,CO,81641,A,0000,Y,S,1389,238910,A,A,,N,,,,,,,,7696 W. MOUNTAIN DELL DR,VERNAL,UT,84078,N025    000032423,2,2007-08-20,2008-02-20,2008-01-29,2008-01-30,2011-10-14 16:38:47 EDT
310470075,0830500,,BRATTON MECHANICAL AND WELDING,RIG #907,PARACHUTE,CO,81635,A,0000,N,S,1389,213112,A,B,,N,,,,,,,,2815 CHUPIK ST,ROSENBERG,TX,77471,N025    000032573,1,2007-10-05,2016-06-10,2007-10-05,2009-03-24,2016-06-30 01:10:52 EDT
310472410,0830500,,"PATTERSON-UTI ENERGY, INC. RIG #184",19370 U.S. HWY 85,GILCREST,CO,80623,A,0000,N,S,1381,213111,A,B,,N,,,,,,,,P.O. BOX 1416,SNYDER,TX,79550,N025    000033036,1000,2008-03-27,2009-06-04,2008-04-29,2009-06-04,2011-10-14 16:38:47 EDT
310553052,0950624,,ENSIGN UNITED STATES DRILLING (CALIFORNIA) INC,"RIG #587 JORDAN WELL #7, 26 MILES WEST OF LODI",LODI,CA,95240,A,0000,N,H,1382,213112,A,B,,N,,,,,,,,7001 CHARITY AVENUE,BAKERFIELD,CA,93308,N077    000019371,100,2008-08-05,2008-09-25,2008-08-20,2008-08-21,2011-10-14 16:38:47 EDT
310568100,0627400,,LANTERN DRILLING CO. SUBSIDIARY OF FOREST OIL CORP,RIG #10,WHEELER,TX,79096,A,0000,N,S,1311,211111,A,B,,N,,,,,,,,1101 EAST POOL,ODESSA,TX,79766,N153    000012928,160,2006-12-06,2008-04-21,2006-12-08,2007-04-23,2011-10-14 16:38:47 EDT
310568209,0627400,,NOMAC DRILLING LLC,FM 2124,ALLISON,TX,79003,A,0000,Y,S,1311,211111,A,A,,N,,,,,,,,3700 RADIO ROAD,EL RENO,OK,73036,N153    000013274,50,2006-12-27,2009-12-01,2006-12-27,2007-06-22,2011-10-14 16:38:47 EDT
310588405,0830600,,RICWAY ROUSTABOUT & WATER SERVICE,11991 HWY 12,WESTON,CO,81091,A,0000,Y,S,1381,213111,A,A,,N,,,,,,,,P.O. BOX 705,LA VETA,CO,81055,N115    000015978,4,2007-02-28,2009-03-05,2007-08-13,2008-02-25,2011-10-14 16:38:47 EDT
310595103,0830600,,SANTA CLARA LLC,N37.08.24.1/W104.55.27.2,WESTON,CO,81091,A,0000,N,S,1389,213112,A,B,,N,,,,,,,,600 CNTY RD 314,WALSENBURG,CO,81089,N115    000016858,45,2008-01-30,2008-04-14,2008-01-30,2008-04-14,2011-10-14 16:38:47 EDT
310621396,0418600,,"EAGLE GEOPHYSICAL ONSHORE, INC.",BRICKYARD LAKE,STOCKTON,AL,36579,A,0000,N,S,1382,213112,A,B,,N,,,,,,,,"908 TOWN & COUNTRY BLVD., SUITE 400",HOUSTON,TX,77024,N036    000013202,70,2008-05-20,2010-05-11,2008-05-20,2009-03-26,2011-10-14 16:38:47 EDT
310649272,0653510,,BEARCAT DRILLING LLC,5424 US HWY 64,FARMINGTON,NM,87401,A,0000,Y,S,1389,213112,A,A,,N,,,,,,,,,,,00000,N023    000015309,110,2007-02-02,2008-02-27,2007-02-05,2007-09-05,2011-10-14 16:38:47 EDT
310690417,0627400,,"PATTERSON-UTI DRILLING COMPANY, LP",MAURICE CAMPBELL LEASE WELL #1,FLOYDADA,TX,79235,A,0000,Y,S,1381,213111,A,A,,N,,,,,,,,P.O. BOX 1416,SNYDER,TX,79550,N153    000013361,9500,2007-04-09,2008-04-21,2007-04-13,2008-02-19,2011-10-14 16:38:47 EDT
310691852,0627400,,"EXPRESS ENERGY SERVICES, INC.",SOUTH HWY 349,MIDLAND,TX,79406,A,0000,Y,S,1381,213111,A,A,,N,,,,,,,,2258 N. MERCURY,ODESSA,TX,79763,N153    000013415,100,2007-05-24,2008-08-14,2007-05-25,2007-09-19,2011-10-14 16:38:47 EDT
310729694,0626600,,OMNI ENERGY SERVICES CORP. - DRILLING DIVISION,PR 4055 OFF CR 490,LEONA,TX,75850,A,0000,N,S,1382,541360,A,B,,N,,,,,,,,P. O. BOX 3761,LAFAYETTE,LA,70502,N145    000022996,990,2007-02-03,2016-06-10,2007-03-21,2009-01-08,2016-06-30 01:10:52 EDT
310754288,0215800,,"GAS FIELD SPECIALISTS, INC",7535 EAGLE VALLEY ROAD,SAVONA,NY,14879,A,0000,N,S,1389,213112,A,A,,N,,,,,,,,1171 STATE ROUTE 44,SHINGLEHOUSE,PA,16748,N173    000020072,6,2008-03-11,2008-10-30,2008-08-19,2008-10-17,2011-10-14 16:38:47 EDT
310773940,0729700,,"BEREDCO, INC.","WELL #3, SEC 20, TWP 31",WILMORE,KS,67155,A,0000,N,S,1381,213111,A,B,,N,,,,,,,,"2601 NW EXPRESSWAY, SUITE 1100E",OKLAHOMA CITY,OK,73112,N135    000022460,15,2007-02-15,2007-05-04,2007-02-15,2007-05-04,2011-10-14 16:38:47 EDT
310794417,0626000,,UNISON DRILLING INC.,"BRISCOE RANCH, BRISCOE ""A"", WEBB COUNTY",CATARINA,TX,78836,A,0000,N,S,1381,213111,A,A,,N,,,,,,,,PO BOX 715,DEVINE,TX,78016,N168    000017334,8,2007-02-21,2007-07-23,2007-06-21,2007-07-20,2011-10-14 16:38:47 EDT
310815683,0950632,,SDG & E,CANON FIELD,CARLSBAD,CA,92008,A,0000,N,S,1321,211112,A,B,,Y,,,,,,,,8306 CENTURY PARK COURT,SAN DIEGO,CA,92123,N064    000026999,100,2008-03-27,2013-04-17,2008-04-21,2008-11-12,2013-04-19 02:06:03 EDT
310825849,0950625,,KEY ENERGY SERVICES,W PALMER AVE & DERRICK AVE,COALINGA,CA,93210,A,0000,N,S,1389,213112,A,B,,N,,,,,,,,5080 CALIFORNIA AVE # 150,BAKERSFIELD,CA,93309,N068    000022044,100,2008-05-30,2013-03-04,2008-09-26,2013-03-04,2013-03-06 02:50:48 EST
310856547,1050210,,MISTRAS GROUP INCORPORATED,"WEST DOCK ROAD, NGI PAD, WELL 8.",PRUDHOE BAY,AK,99734,A,0000,N,S,1389,213112,A,B,,Y,,X,,,,,,"16441 SPACE CENTER BLVD, SUITE C-100",HOUSTON,TX,77058,N065    000016702,89,2009-11-19,2010-06-10,2010-03-03,2010-06-02,2011-10-14 16:38:47 EDT
310895123,0626600,,"TORQUED-UP OILFIELD PRODUCTION SERVICES, LP",GRAY HEIRS #1,GARRISON,TX,75946,A,0000,N,S,1389,213112,A,B,,N,,,,,,,,P.O. BOX 1046,HENDERSON,TX,75653,N145    000023092,3,2007-03-26,2007-06-14,2007-03-26,2007-03-26,2011-10-14 16:38:47 EDT
310984323,0830300,,"PETROLEUM EXPERIENCE, INC.",8 MILES NORTHWEST OF PARSHALL,PARSHALL,ND,58770,A,0000,N,S,1381,213111,A,A,,N,,,,,,,,P.O. BOX 2436,WILLISTON,ND,58802,N169    000010992,40,2007-05-29,2008-01-16,2007-08-21,2008-01-16,2011-10-14 16:38:47 EDT
310997549,0627700,,"BRONCO DRILLING CO., RIG #9",O'NEAL FARMS 1-19H,SEMINOLE,OK,74868,A,0000,N,S,1381,213111,A,B,,N,,,,,,,,2024 N. HWY 81,DUNCAN,OK,73533,N131    000032392,5,2007-04-13,2008-05-19,2007-05-23,2007-07-19,2011-10-14 16:38:47 EDT
310999867,0627700,,"SANQUIP, LLC","E/2 SE,E/2 W/2 SE NE:& SE SW NE SEC 15-T3C-R5W",LOCO,OK,73442,A,0000,N,S,1311,211111,A,B,,N,,,,,,,,P.O. BOX 705,OKLAHOMA CITY,OK,73101,N131    000032801,3,2007-08-03,2008-01-14,2007-08-03,2008-01-11,2011-10-14 16:38:47 EDT
311000251,0627700,,SOUTHWEST OILFIELD CONSTRUCTION COMPANY,NE/4 SECTION 10-14N-5W,PIEDMONT,OK,73078,A,0000,N,S,1381,213111,A,B,,N,,,,,,,,P O BOX 376,KINGFISHER,OK,73750,N131    000032872,4,2007-08-23,2008-09-23,2007-08-25,2008-01-11,2011-10-14 16:38:47 EDT
311001325,0627700,,"CACTUS DRILLING COMPANY, LLC",THUNDER RIDGE 1-11,SENTINEL,OK,73664,A,0000,Y,S,1381,213111,A,B,,N,X,,,,,,,P.O. BOX 270848,OKLAHOMA CITY,OK,73137,N131    000033070,1500,2007-10-16,2010-12-02,2008-01-15,2008-03-06,2011-10-14 16:38:47 EDT
311001341,0627700,,UNIT DRILLING COMPANY,"BESUZIUS 1-5, RIG #10",EUFAULA,OK,74432,A,0000,N,S,1381,213111,A,B,,N,,,,,,,,P.O. BOX 720500,TULSA,OK,74133,N131    000033077,6,2007-10-18,2008-01-04,2007-10-19,2008-01-02,2011-10-14 16:38:47 EDT
311001648,0627700,,"BEST WELL SERVICE, LLC",SLOWDOWN #1 WELL SITE,PRAGUE,OK,74864,A,0000,Y,S,1389,213112,A,B,,N,X,,,,,,,P.O. BOX 528,PRAGUE,OK,74864,N131    000033131,9,2007-10-29,2008-10-14,2008-02-21,2008-04-29,2011-10-14 16:38:47 EDT
311002687,0627700,,GATOR PETROLEUM SERVICES,26531 OLD HWY. 18,TECUMSEH,OK,74873,A,0000,N,S,1389,237120,A,B,,N,,X,,,,,,,,,00000,N131    000033311,3,2008-01-14,2008-03-17,2008-01-14,2008-01-14,2011-10-14 16:38:47 EDT
311004618,0627700,,CAMARGO JACK'S BACKHOE SERVICE,"2.2 MI. W OF HWY 183 ON LENORA RD., 2.5 MI. NW",TALOGA,OK,73667,A,0000,N,S,1389,213112,A,B,,N,,,,,,,,HWY 34,CAMARGO,OK,73835,N131    000033592,5,2008-03-18,2008-06-12,2008-03-19,2008-06-11,2011-10-14 16:38:47 EDT
311006605,0627700,,BOOMER WELL SERVICE,WHITE 3-1,WOODWARD,OK,73802,A,0000,Y,S,1389,213112,A,B,,N,X,,,,,,,P.O. BOX 608,WOODWARD,OK,73802,N131    000033929,75,2008-05-29,2010-01-04,2008-10-21,2010-01-04,2011-10-14 16:38:47 EDT
311064588,0653510,,TRIPLE S TRUCKING,SAN JUAN 28-7 UNIT 184,AZTEC,NM,87410,A,0000,Y,S,1389,213112,A,A,,N,,,,,,,,P.O. BOX 100,AZTEC,NM,87410,N023    000015610,144,2007-04-30,2007-08-30,2007-05-01,2007-08-30,2011-10-14 16:38:47 EDT
311065957,0626000,,"VENTEX OIL & GAS, INC.",MILE 3.5 NORTH PEDRO MARTINEZ ROAD,MERCEDES,TX,78504,A,0000,Y,S,1311,211111,A,D,I,N,,,,,,,,3500 OAK LAWN STREET SUITE 720,DALLAS,TX,75219,N168    000017579,,2007-05-18,2013-04-09,2007-05-18,2007-05-18,2013-04-11 02:04:12 EDT
311067292,0950663,,PAUL GRAHAM DRILLING,1357 DREXLER ROAD,MERIDIAN,CA,95957,A,0000,N,S,1321,211112,A,B,,N,,,,,,,,680 RIVER ROAD,RIO VISTA,CA,94957,N067    000022326,30,2007-08-28,2010-04-21,2007-11-01,2009-01-12,2011-10-14 16:38:47 EDT
311070932,0950663,,ENSIGN UNITED STATES DRILLING (CALIFORNIA) INC.,9000 TISDALE ROAD,MERIDIAN,CA,95957,A,0000,N,S,1381,213111,A,B,,N,,,,,,,,P.O. BOX 17805,DENVER,CO,80217,N067    000022988,2500,2008-09-30,2011-05-25,2008-12-17,2010-08-01,2011-10-14 16:38:47 EDT
311071930,0950663,,"KEY ENERGY SERVICES, INC.",CHEVRON LEASE ORRADRE WELL #J13-A,SAN ARDO,CA,93450,A,0000,N,S,1381,213111,A,B,,N,,,,,,,,"5080 CAIFORNIA AVEUE, SUITE 150",BAKERSFIELD,CA,93309,N067    000023279,900,2009-02-05,2012-07-26,2009-05-28,2012-03-01,2012-08-07 03:02:29 EDT
311075725,0950663,,ENSIGN UNITED STATES DRILLING,HWY 162,COLUSA,CA,95932,A,0000,N,S,1381,213111,A,B,,N,,,,,,,,7001 CHARITY AVENUE,BAKERSFIELD,CA,93308,N067    000023858,24,2010-02-11,2010-11-12,2010-06-03,2010-06-07,2011-10-14 16:38:47 EDT
311087308,0418800,,"YOUNGQUIST BROTHERS, INC",33100 TAMIAMI TRAIL RACOON POINT # 2,OCHOPEE,FL,34141,A,0000,N,S,1381,213111,A,A,,N,,,,,,,,15465 PINE ROAD,FT. MYERS,FL,33908,N140    000029127,20,2007-11-19,2009-04-15,2008-05-09,2008-05-21,2011-10-14 16:38:47 EDT
311107171,0418300,,"CAPSTONE DRILLING, INC",15574 HWY 216,BROOKWOOD,AL,35444,A,0000,N,S,1381,213111,A,A,,N,,,,,,,,PO BOX 485,BROOKWOOD,AL,35444,N119    000025337,5,2007-08-04,2008-09-29,2007-12-26,2008-05-01,2011-10-14 16:38:47 EDT
311121982,0626000,,HELMERICH & PAYNE INTER. DRILLING CO. RIG #118,3.8 MILES SE OF FREER,FREER,TX,78025,A,0000,N,S,1381,213111,A,A,,N,,,,,,,,1437 S BOULDER AVENUE,TULSA,OK,74119,N168    000017652,5700,2007-06-18,2016-06-10,2007-08-14,2008-08-28,2016-06-30 01:10:52 EDT
311130546,0627400,,"ADOBE DRILLING SERVICES, LLC","RAWHIDE RIG, DORCUS 1906, UPTON COUNTY, 30 MILES S",ODESSA,TX,79764,A,0000,Y,S,1311,211111,A,B,,N,,,,,,,,8124 SPRAGUE RD.,ODESSA,TX,79764,N153    000013484,5,2007-07-16,2009-02-18,2007-07-17,2007-12-28,2011-10-14 16:38:47 EDT
311130579,0627400,,"ACME ENERGY SERVICES, INC. DBA BIG DOG DRILLING",LOST DUCHMAN #1,STANTON,TX,79782,A,0000,Y,S,1381,213111,A,A,,N,,,,,,,,7500 W. HIGHWAY 80,MIDLAND,TX,79706,N153    000010524,500,2007-07-20,2009-03-13,2007-12-18,,2011-10-14 16:38:47 EDT
311130678,0627400,,QUELL PETROLEUM SER.INC.DBA MONAHANS NIPPLE-UP SER,"LEASE MB MCKNIGHT, RIG JB HUNT #3, CRANE COUNTY",MONAHANS,TX,79756,A,0000,Y,S,1389,213112,A,B,,N,,,,,,,,P.O. BOX 1552,MONAHANS,TX,79756,N153    000013510,65,2007-08-10,2007-11-28,2007-08-13,2007-11-21,2011-10-14 16:38:47 EDT
311130751,0627400,,"CAPSTAR DRILLING, L.P.",RIG #12,ODESSA,TX,79764,A,0000,N,S,1381,213111,A,A,,N,,,,,,,,P.O. BOX 13678,ODESSA,TX,79768,N153    000013518,16,2007-08-21,2008-04-21,2007-08-23,2007-10-19,2011-10-14 16:38:47 EDT
311130868,0627400,,"NORTH PERMIAN WELL SERVICE, L.L.C.",7 MILES WEST OF WHITEFACE SOUTH OF HWY 125,WHITEFACE,TX,79379,A,0000,N,S,1389,213112,A,A,,N,,,,,,,,P.O. BOX 697,SUNDOWN,TX,79372,N153    000013538,29,2007-09-06,2007-12-04,2007-09-06,2007-12-04,2011-10-14 16:38:47 EDT
311216816,0830100,,PRECISION DRILLING OILFIELD SERVICES,RIG #289 S 14 T 24 N R 56 EAST,SIDNEY,MT,59270,A,0000,Y,S,1381,213111,A,B,,N,,,,,,,,11011 RICHMOND AVE. SUITE 130,HOUSTON,TX,77042,N033    000011434,6000,2008-12-01,2009-01-15,2008-12-02,2009-01-14,2011-10-14 16:38:47 EDT
311307573,0627400,,"WEST TEXAS ENERGY SERVICES, LLC","RIG 2, WILDHOUSE 21 #5",BIG SPRING,TX,79721,A,0000,Y,S,1381,213111,A,A,,N,X,,,,,,,PO BOX 1870,BIG SPRING,TX,79721,N153    000013564,17,2007-09-17,2010-05-26,2007-09-18,2008-01-14,2011-10-14 16:38:47 EDT
311307748,0627400,,BJ CHEMICAL SERVICES,1 MILE SOUTHWEST OF I-20 AND FM 1601,PENWELL,TX,79776,A,0000,N,S,1389,213112,A,A,,N,,,,,,,,12201 W. COUNTY ROAD 128,MIDLAND,TX,79706,N153    000013593,35,2007-11-13,2009-03-16,2008-05-07,2009-03-12,2011-10-14 16:38:47 EDT
311307797,0627400,,HALLIBURTON ENERGY SERVICES,DORA ROBERTS DEVONIAN UNIT 3401,MIDLAND,TX,79706,A,0000,Y,S,1389,213112,A,A,,N,,,,,,,,6155 W MURPHY STREET,ODESSA,TX,79763,N153    000013601,99999,2007-11-21,2008-06-13,2008-05-12,2008-06-13,2011-10-14 16:38:47 EDT
311307938,0627400,,"CUDD PUMPING SERVICES, INC.","WELL 3-34, BRITT RANCH, N. FM 592",WHEELER,TX,79096,A,0000,N,H,1389,213112,A,B,,N,,,,,,,,P.O. BOX 1332,SEMINOLE,OK,74818,N153    000008610,40,2008-01-07,2008-06-17,2008-01-08,2008-03-26,2011-10-14 16:38:47 EDT
311312219,0625400,,"RAY'S CRANE SERVICE, INC.",FM 1644,FRANKLIN,TX,77856,A,0000,N,S,1389,213112,A,A,,N,,,,,,,,3848 HWY 77 NORTH,LA GRANGE,TX,78945,N122    000025626,3,2008-03-01,2008-10-29,2008-03-02,2008-05-09,2011-10-14 16:38:47 EDT
311323075,0317500,,"GENE D. YOST & SON, INC.","WELL 234, SPRINGER 13, GOSLIN ROAD",JEFFERSON,PA,15344,A,0000,Y,S,1381,213111,A,A,,N,,,,,,,,313 STEELE HILL ROAD,MT. MORRIS,PA,15349,N091    000028814,200,2007-12-04,2011-09-02,2007-12-06,2008-03-24,2011-10-14 16:38:47 EDT
311359806,0627400,,UNK,UNK,WICKETT,TX,79788,A,0000,N,S,1389,213112,A,D,I,,,,,,,,,16110 N WESTERN AVE,GARDENDALE,TX,79758,N153    000013585,,2007-10-20,2008-02-11,2007-10-20,2007-10-20,2011-10-14 16:38:47 EDT
311411524,0419400,,SHAMROCK DRILLING INC.,1176 HILT FORNEA ROAD,POPLARVILLE,MS,39470,A,0000,N,S,1381,213111,A,A,,N,,,,,,,,"118 LOWER WOODVILLE ROAD, SUITE 2",NATCHEZ,MS,39120,N147    000018771,10,2007-09-13,2008-03-18,2007-09-18,2008-03-17,2011-10-14 16:38:47 EDT
311474639,0830300,,EAGLE WELL SERVICE,1 MILE NORTH AND 1 MILE WEST OF TOWN,FLAXTON,ND,58737,A,0000,N,S,1389,213112,A,B,,N,,,,,,,,P.O. BOX 853,KENMARE,ND,58746,N169    000010086,80,2007-10-05,2008-06-18,2007-10-05,2008-06-17,2011-10-14 16:38:47 EDT
311498356,0653510,,UNITED DRILLING,MILE MARKER 17 HWY 529,HOBBS,NM,88240,A,0000,Y,S,1381,213111,A,A,,N,,,,,,,,PO BOX 2488,ROSWELL,NM,88202,N023    000015974,110,2007-10-16,2011-03-15,2007-10-17,2010-11-08,2011-10-14 16:38:47 EDT
311523609,0625700,,SANDIA DRILLING CO LLC,HWY 1 NORTH,CASPIANA,LA,71115,A,0000,Y,S,1381,213111,A,B,,N,,,,,,,,820 GARRETT DRIVE,BOSSIER CITY,LA,71111,N099    000025097,200,2008-04-16,2008-08-15,2008-04-16,2008-07-23,2011-10-14 16:38:47 EDT
311525745,0625700,,A & T WELL SERVICE INC,"LAKE FAUSSE PT FIELD, JRH PROVOST WELL #6",LOREAUVILLE,LA,70552,A,0000,Y,S,1389,213112,A,A,,N,,,,,,,,1094 BERGERON RIGS RD,BREAUX BRIDGE,LA,70517,N099    000025356,30,2008-08-14,2010-07-16,2008-08-20,2009-03-31,2011-10-14 16:38:47 EDT
311527410,0625700,,"D & D DRILLING CO. & EXPLORATION, INC.",TENSAS FARMS F5,SAINT JOSEPH,LA,71366,A,0000,Y,S,1381,213111,A,B,,N,,,,,,,,5610 HWY 84,FERRIDAY,LA,71334,N099    000025487,106,2008-09-18,2009-12-07,2008-09-18,2009-11-04,2011-10-14 16:38:47 EDT
311528111,0625700,,"FRAN OIL, INC.",OIL DRILLING RIG (OFF HWY 371 - WEBSTER PARISH),SPRINGHILL,LA,71075,A,0000,Y,S,1381,213111,A,B,,N,,,,,,,,981 MARTHAVILLE RD.,MANY,LA,71449,N099    000025597,12,2008-10-30,2010-02-01,2008-10-30,2009-04-20,2011-10-14 16:38:47 EDT
311528269,0625700,,HOOKUP AND PIPELINE CONSTRUCTION INC,RAMAH RD,GROSSE TETE,LA,70517,A,0000,Y,S,1389,213112,A,B,,N,,,,,,,,2028 ATCHAFALAYA RIVER HWY,BREAUX BRIDGE,LA,70517,N099    000025611,11,2008-11-18,2009-10-30,2008-11-18,2009-03-30,2011-10-14 16:38:47 EDT
311528608,0625700,,AXXIS DRILLING,DELTA FARM LAKE 25 MIN SOUTH OF LAROSE,LAROSE,LA,70373,A,0000,Y,S,1389,213112,A,B,,N,,,X,,,,,1015 N CRUSE AVE,BROUSSARD,LA,70518,N099    000025648,390,2008-12-08,2010-03-23,2008-12-15,2009-11-30,2011-10-14 16:38:47 EDT
311529432,0625700,,L & C TESTING INC,TWIN OAKS RD,CASPIANA,LA,71115,A,0000,Y,S,1389,213112,A,B,,N,,,,,,,,1016 FRANCAIS DR,SHREVEPORT,LA,71118,N099    000025730,5,2009-02-06,2009-07-07,2009-03-13,2009-03-13,2011-10-14 16:38:47 EDT
311529978,0625700,,UNITED OILFIELD SERVICES,HWY 12 ACROSS FROM PILGRIMS REST RD.,DEQUINCY,LA,70633,A,0000,Y,S,1389,213112,A,B,,N,,,,,,,,P.0. DRAW 408,DEQUINCY,LA,70633,N099    000025812,14,2009-03-17,2010-02-01,2009-04-10,2009-05-28,2011-10-14 16:38:47 EDT
311536874,0830300,,HI-LINE TRUCKING,DANIELSON 432 SITE,CARTWRIGHT,ND,58838,A,0000,N,S,1389,237120,A,B,,N,,,,,,,,P.O. BOX 1066,SIDNEY,MT,59270,N169    000011316,15,2008-01-03,2008-09-22,2008-01-03,2008-09-22,2011-10-14 16:38:47 EDT
311566020,0627400,,MATLOCK DRILLING,12505 W CR 125,ODESSA,TX,79765,A,0000,N,S,1311,211111,A,A,,N,,,,,,,,P.O. BOX 60308,MIDLAND,TX,79711,N153    000013427,12,2008-03-13,2010-09-02,2008-08-08,2008-08-08,2011-10-14 16:38:47 EDT
311566079,0627400,,"PERMIAN BASIN WELL SERVICE, LLC",JORDAN SAN ANDRES UNIT A-6,PENWELL,TX,79776,A,0000,Y,S,1389,213112,A,A,,N,,,,,,,,P.O. BOX 1602,ANDREWS,TX,79714,N153    000013721,31,2008-03-25,2009-02-23,2008-03-28,2009-02-20,2011-10-14 16:38:47 EDT
311570048,0653510,,MESA WELL SERVICES,"NORTH MONUMENT GREYBURG, SAN ANDRES UNIT #1904",MONUMENT,NM,88265,A,0000,N,S,1389,213112,A,A,,N,,,,,,,,PO BOX 1620,HOBBS,NM,88241,N023    000013807,174,2007-11-26,2008-06-18,2007-11-26,2008-06-18,2011-10-14 16:38:47 EDT
311570063,0653510,,WELL TO WEB,STATE 647 WELL NO. 125 NE SEC 23,ARTESIA,NM,88210,A,0000,N,S,1389,213112,A,A,,N,,,,,,,,801 S. MAIN,ANDREWS,TX,79714,N023    000016052,18,2007-11-28,2008-12-09,2007-11-28,2008-12-10,2011-10-14 16:38:47 EDT
311570071,0653510,,DCP MIDSTREAM,N32.23028 W104.27273 OFF CR763,CARLSBAD,NM,88220,A,0000,Y,S,1389,213112,A,B,,N,,,,,,,,"370 17TH STREET, SUITE 2500",DENVER,CO,80202,N023    000016056,40,2007-12-04,2008-07-30,2007-12-12,2008-07-28,2011-10-14 16:38:47 EDT
311656060,0950612,,MAGGIORA BROTHERS DRILLING INC.,LIME KILN RD.,HOLLISTER,CA,95023,A,0000,N,S,1381,213111,A,B,,Y,,,,,,,,595 AIRPORT BLVD.,WATSONVILLE,CA,95076,N069    000024289,65,2008-06-02,2008-07-15,2008-06-26,2008-07-07,2011-10-14 16:38:47 EDT
311677306,0316400,,"WHIPSTOCK NATIONAL GAS SERVICES, LLC",HART WELL #20,JACKSONBURG,WV,26377,A,0000,N,H,1381,213111,A,A,,N,,,,,,,,13646 ROUTE 403 HWY NORTH,CLYMER,PA,15728,N127    000019022,13,2008-01-07,2010-03-11,2008-01-07,2008-06-05,2011-10-14 16:38:47 EDT
311678676,0316400,,S.W. JACK DRILLING COMPANY,"RIG #12, RT 4",ROCK CAVE,WV,26234,A,0000,Y,H,1381,213111,A,A,,N,,,,X,,,,P.O. BOX 697,INDIANA,PA,15701,N127    000017757,17,2008-04-17,2010-04-30,2008-07-24,2009-06-15,2011-10-14 16:38:47 EDT
311679963,0316400,,"PONCOVE, INC.",171 BOLT ROAD,GLEN DANIEL,WV,25844,A,0000,N,S,1389,213112,A,A,,N,,,,,,,,PO BOX 159,GLEN DANIEL,WV,25844,N127    000019856,21,2009-03-03,2011-04-21,2009-03-10,2009-08-14,2011-10-14 16:38:47 EDT
311686992,0316400,,"NOMAC DRILLING, LLC",RIG 241,LITTLETON,WV,26581,A,0000,N,S,1381,213111,A,A,,N,,,,,,,,171 LOCUS AVENUE EXTENSION,MT. MORRIS,PA,15349,N127    000020087,21,2009-05-20,2010-10-08,2009-05-21,2010-06-30,2011-10-14 16:38:47 EDT
311787444,0729700,,"MURFIN DRILLING COMPANY, INC.",SOUTH OF GREAT BEND ON 20TH AVE,GREAT BEND,KS,67530,A,0000,N,S,1381,213111,A,A,,N,,,,,,,,250 N. WATER,WICHITA,KS,67202,N135    000023862,150,2008-03-27,2009-02-25,2008-05-27,2008-08-21,2011-10-14 16:38:47 EDT
311792485,0729700,,UNITED SERVICE LIMITED,"WELL 1-29 SEC 29, TWP 34 R 30",PLAINS,KS,67869,A,0000,N,S,1389,213112,A,A,,N,,,,,,,,4325 OIL PATCH DR.,WOODWARD,OK,73801,N135    000024473,3,2008-09-10,2009-11-24,2008-09-11,2009-11-23,2011-10-14 16:38:47 EDT
311803746,0418600,,"T. K. STANLEY, INC.",HPU 3-3 #2 DRILL SITE,CREOLA,AL,36525,A,0000,N,S,1389,213112,A,A,,N,,,,,,,,PO BOX 31,WAYNESBORO,MS,39567,N036    000013093,4,2008-04-21,2008-11-06,2008-07-02,2008-11-06,2011-10-14 16:38:47 EDT
311834931,0522500,,THE ROUSTABOUT,10907 PLEASANT VALLEY RD.,FRAZEYSBURG,OH,43821,A,0000,N,S,1389,213112,A,D,I,N,,,,,,,,,,,00000,N146    000022119,,2008-05-30,2008-06-09,2008-06-03,2008-06-03,2011-10-14 16:38:47 EDT
311868582,0950621,,"HALLIBURTON ENERGY SERVICES, INC.",WELL IN FIELD OFF HWY 45,GRIMES,CA,95950,A,0000,N,S,1389,213112,A,B,,N,,,,,,,,34722 7TH STANDARD RD,BAKERSFIELD,CA,93314,N092    000032941,100,2009-03-25,2013-01-10,2009-06-17,2013-01-10,2013-01-12 01:00:26 EST
311872568,0336000,,"DEVONIAN RESOURCES, INC.","SPRAGUE WINGARD #10, WARSAW TWP, JEFFERSON CNTY",BROOKVILLE,PA,15825,A,0000,Y,S,1389,213112,A,A,,N,,,,,,,,RT. 36 NORTH,PLEASANTVILLE,PA,16341,N021    000010224,38,2008-12-23,2010-09-17,2009-04-17,2010-03-05,2011-10-14 16:38:47 EDT
311874374,0336000,,"R & B ENTERPRISES USA, INC.",22189 HIGHWAY 98,CONNEAUTVILLE,PA,16405,A,0000,N,S,1382,541360,A,A,,N,,,,,,,,1868 COUNTY ROAD 150,MILLERSBURG,OH,44654,N021    000010411,14,2009-06-18,2009-12-10,2009-07-30,2009-12-10,2011-10-14 16:38:47 EDT
311879183,0336000,,"HOWARD DRILLING, LLC","KILHOFFER #27, NEAR 1001 RASSELAS RD.",WILCOX,PA,15870,A,0000,N,S,1381,213111,A,B,,N,,,,,,,,11 BRIDGE STREET,MT JEWETT,PA,16740,N021    000010859,20,2010-10-12,2012-03-19,2011-03-04,2012-03-16,2012-03-21 01:00:35 EDT
311880728,0336000,,BAKER HUGHES,660 LONG VIEW RD.,FAIRMOUNT CITY,PA,16224,A,0000,N,H,1389,213112,A,B,,N,,,,X,,,,,,,00000,N021    000010985,169,2011-05-02,2011-05-13,2011-05-10,2011-05-10,2011-10-14 16:38:47 EDT
311883953,0627400,,C. C. FORBES COMPANY,RIG #109 BENJAMIN #4 WARD COUNTY,PYOTE,TX,79777,A,0000,Y,S,1381,213111,A,B,,N,,,,,,,,P. O. BOX 250,ALICE,TX,78333,N153    000013832,200,2008-05-19,2010-11-19,2008-05-19,2008-12-01,2011-10-14 16:38:47 EDT
311899249,0626600,,"NABORS DRILLING USA, INC.","COUNTY ROAD 442, LP RIG 623",RIDGE,TX,77871,A,0000,N,S,1381,213111,A,B,,N,,,,,,,,515 GREENS RD.,HOUSTON,TX,77067,N145    000023739,8,2008-03-22,2016-06-10,2008-04-10,2009-07-14,2016-06-30 01:10:52 EDT
311903090,0830500,,"MOUNTAIN WEST OIL FIELD SERVICE & SUPPLIES, INC.",STUART GULCH RD,MEEKER,CO,81641,A,0000,N,S,1389,213112,A,B,,N,,,,,,,,18845 1500 E. HWY 40,VERNAL,UT,84078,N025    000033107,1,2008-04-22,2008-09-23,2008-04-22,2008-09-22,2011-10-14 16:38:47 EDT
311904494,0830500,,"STERLING CONSTRUCTION MANAGEMENT, LLC",LOGAN COUNTY RD 4 & HIGHWAY 6,MERINO,CO,80741,A,0000,N,S,1389,237120,A,A,,N,,,,,,,,"PO BOX 792-3158 BARON LANE, SUITE ""E""",RIFLE,CO,81650,N025    000033293,10,2008-06-11,2009-07-30,2008-09-09,2009-07-23,2011-10-14 16:38:47 EDT
311907836,0830500,,HALLIBURTON ENERGY SERVICES INC.,LEVERICH 31-13B,RIFLE,CO,80202,A,0000,N,S,1389,213112,A,B,,N,,,,,,,,3199 D ROAD,GRAND JUNCTION,CO,81504,N025    000033710,10000,2008-09-09,2009-07-20,2009-02-10,2009-06-25,2011-10-14 16:38:47 EDT
311908081,0830500,,TRI-STATE TRUCKING,WHEELER GULCH,PARACHUTE,CO,81635,A,0000,N,S,1389,213112,A,A,,N,,,,,,,,PO BOX 789,VERNAL,UT,84078,N025    000033759,35,2008-09-29,2008-11-07,2008-09-30,2008-11-07,2011-10-14 16:38:47 EDT
311908628,0830500,,"ENSIGN UNITED STATES DRILLING, INC.",BUCKCHERRY USX AA 3-024,GILL,CO,80624,A,0000,N,S,1381,213111,A,B,,N,,,,,,,,P.O. BOX 17805,DENVER,CO,80217,N025    000033853,10,2008-10-31,2016-06-10,2009-01-07,2011-01-26,2016-06-30 01:10:52 EDT
311945067,0636900,,NOMAC DRILLING CORPORATION,3300 BLOCK ST.FRANCIS VILLAGE RD.,CROWLEY,TX,76036,A,0000,Y,S,1381,213111,A,B,,N,,,,,,,,P.O. BOX 54366,OKLAHOMA CITY,OK,73154,N142    000017915,20,2008-06-15,2011-06-24,2008-06-15,2008-06-25,2011-10-14 16:38:47 EDT
311945109,0636900,,SWAN OIL FIELD SERVICES,"FM 1189, ERATH COUNTY",MORGAN MILL,TX,76401,A,0000,N,S,1389,213112,A,B,,N,,,,,,,,P.O. BOX 66,JACKSBORO,TX,76458,N142    000017927,366,2008-06-18,2008-10-21,2008-09-12,2008-10-21,2011-10-14 16:38:47 EDT
311945851,0636900,,FELDERHOF DRILLING CO.,"3623 CR 530B, WELL WMA #3H",BURLESON,TX,76028,A,0000,N,S,1381,213111,A,B,,N,,,,,,,,1266 S. MAIN STREET,JACKSBORO,TX,76458,N142    000018020,7,2008-07-29,2009-03-31,2008-07-29,2008-12-24,2011-10-14 16:38:47 EDT
311946966,0636900,,"L & R TANK TRUCKS,INC.",3262 HWY. 59 NORTH,BOWIE,TX,76230,A,0000,N,S,1389,213112,A,B,,N,,,,,,,,P. O. BOX 62,BOWIE,TX,76230,N142    000018197,42,2008-09-22,2009-02-09,2009-01-05,2009-02-02,2011-10-14 16:38:47 EDT
311951271,0636900,,STALLION OILFIELD SERVICES,2801 HWY 171 NORTH,CLEBURNE,TX,76033,A,0000,N,S,1389,213112,A,B,,N,,,,,,,,3400 FM 1434,CLEBURNE,TX,76033,N142    000018444,100,2009-08-17,2010-07-29,2010-02-03,2010-07-29,2011-10-14 16:38:47 EDT
311969307,0626000,,"PREMIUM WELL DRILLING INC, RIG #9","FM 186, 5 MI SW OF",CARRIZO SPRINGS,TX,78834,A,0000,Y,S,1381,213111,A,A,,N,,,,,,,,PO BOX 99,PLEASANTON,TX,78064,N168    000148334,5,2008-05-08,2014-06-04,2008-11-05,2008-12-23,2014-06-07 02:11:55 EDT
312126394,0626300,,ENBRIDGE G & P (EAST TEXAS) LP,1359 CR 2471,DOUGLASSVILLE,TX,75560,A,0000,N,H,1311,211111,A,B,,N,,,,,,,,"1100 LOUISIANA, SUITE 3300",HOUSTON,TX,77002,N150    000030671,12,2010-01-10,2012-03-28,2010-07-02,2012-01-24,2012-03-30 01:00:32 EDT
312155849,0627400,,"SUPERIOR WELL SERVICES, INC.","HUBERT RANCH, WELL #54",SHAMROCK,TX,79079,A,0000,N,S,1389,213112,A,A,,N,,,,,,,,"1380 RT. 286, SUITE 121",INDIANA,PA,15701,N153    000013868,25,2008-06-02,2008-10-27,2008-06-04,2008-10-24,2011-10-14 16:38:47 EDT
312174360,0830300,,"CYCLONE DRILLING, INC.","RIG #20, 5202 HIGHWAY 8",STANLEY,ND,58784,A,0000,N,S,1381,213111,A,A,,N,,,,,,,,BOX 908,GILLETTE,WY,82717,N169    000011547,600,2008-05-16,2010-11-10,2008-05-21,2010-11-10,2011-10-14 16:38:47 EDT
312199284,0855610,,RANGE DRILLING,LAKE CREEK #20 SEC 20 T43N-R91W RIG#3,THERMOPOLIS,WY,82443,A,0000,Y,S,1381,213111,A,B,,N,,,,,,,,P.O. BOX 1638,RIVERTON,WY,82501,N037    000016341,50,2008-06-23,2012-10-15,2008-06-23,2009-01-23,2012-10-17 02:31:40 EDT
312199292,0855610,,NABORS DRILLING USA LP,"SEC 8, T33N, R109W",PINEDALE,WY,82941,A,0000,Y,S,1381,213111,A,B,,N,,,,,,,,6500 WEST ZERO ROAD,CASPER,WY,82604,N037    000016342,500,2008-06-24,2012-10-15,2008-06-25,2009-09-04,2012-10-17 02:31:40 EDT
312201403,0855610,,UNIT DRILLING COMPANY,"RIG 329, SEC 19, T32N, R 109 W",PINEDALE,WY,82941,A,0000,Y,S,1381,213111,A,B,,N,,X,,,,,,PO BOX 702500,TULSA,OK,74170,N037    000016638,1000,2009-01-07,2012-10-15,2009-01-07,2009-09-14,2012-10-17 02:31:40 EDT
312238629,0627400,,UNIT DRILLING COMPANY,RIG #134,WHEELER,TX,79096,A,0000,N,S,1381,213111,A,A,,N,,,,,,,,"7130 SOUTH LEWIS, SUITE 1000",TULSA,OK,74136,N153    000013916,20,2008-07-29,2009-09-08,2008-11-25,2009-09-08,2011-10-14 16:38:47 EDT
312271166,1055340,,DHS DRILLING,LATITUDE 45.96570389 LONGITUDE  120.113339394,BICKLETON,WA,99322,A,0000,N,S,1381,213111,A,B,,N,,,,,,,,ATTN: ANDREW M SCHAUER 600 17TH ST. SUITE 2700,DENVER,CO,80202,N096    000160526,13,2008-07-25,2008-10-02,2008-09-22,2008-09-22,2011-10-14 16:38:47 EDT
312376320,0627700,,"PERMIAN WELL SERVICE, INC.",ALINE BLACKTOP WEST TO RD 430,ALINE,OK,73716,A,0000,N,S,1381,213111,A,B,,N,,,,,,,,S. MAIN STREET,RINGWOOD,OK,73768,N131    000034136,5,2008-07-21,2008-12-24,2008-07-21,2008-12-24,2011-10-14 16:38:47 EDT
312376791,0627700,,RED OAK PRODUCTIONS,17967 PRUE ROAD,OSAGE,OK,77777,A,0000,Y,S,1389,213112,A,A,,N,X,,,,,,,17967 PRUE ROAD,OSAGE,OK,77777,N131    000034202,5,2008-08-13,2009-01-14,2008-08-14,2009-01-14,2011-10-14 16:38:47 EDT
312376908,0627700,,J & C CASING PULLERS & PLUGGING LLC,403 N HARMON ROAD,CUSHING,OK,74023,A,0000,Y,S,1389,213112,A,B,,N,X,,,,,,,,,,00000,N131    000034259,6,2008-08-27,2009-04-09,2009-02-06,2009-04-02,2011-10-14 16:38:47 EDT
312376924,0627700,,"KRUMME OIL COMPANY, LLP",210 E 9TH ST.,BRISTOW,OK,74010,A,0000,Y,S,1311,211111,A,B,,N,X,,,,,,,P.O. BOX 749,BRISTOW,OK,74010,N131    000034272,14,2008-08-27,2009-11-06,2008-08-28,2009-03-30,2011-10-14 16:38:47 EDT
312377062,0627700,,UNIT DRILLING COMPANY,SW NW SW SE SEC. 5-9N-19W WASHITA COUNTY,BURNS FLAT,OK,73624,A,0000,N,S,1381,213111,A,B,,N,,,,,,,,P.O. BOX 702500,TULSA,OK,74170,N131    000034204,4,2008-08-13,2009-02-06,2008-08-13,2009-01-26,2011-10-14 16:38:47 EDT
312377179,0627700,,KLEEN OILFIELD SERVICES CO.,HWY 7 & PINTO ROAD,VELMA,OK,73491,A,0000,N,S,1311,211111,A,B,,N,,,,,,,,PO BOX 178,VELMA,OK,73491,N131    000034291,2,2008-09-05,2008-11-20,2008-09-05,2008-11-20,2011-10-14 16:38:47 EDT
312379035,0627700,,WEATHERFORD INTERNATIONAL,"LINDA 1-24 WELL, SEC 24-5N-6W",ALEX,OK,73002,A,0000,N,S,1389,213112,A,B,,N,,,,,,,,6525 N MERIDIAN,OKLAHOMA CITY,OK,73112,N131    000034505,2,2008-09-26,2009-06-03,2008-09-26,2009-06-02,2011-10-14 16:38:47 EDT
312379118,0627700,,"SOONER COMPLETIONS, INC.",HWY 51 BTWN HENNESSEY AND OKEENE,SHAWNEE,OK,74801,A,0000,N,S,1389,213112,A,B,,N,,,,,,,,P.O. BOX 37,SHAWNEE,OK,74801,N131    000034557,6,2008-10-21,2011-07-13,2008-11-28,2008-11-28,2011-10-14 16:38:47 EDT
312379662,0627700,,"3 D WELL SERVICE, INC.",6 MILES E OF BRAMAN ON BENDER RD; SMITHGRELL 7-4,BRAMAN,OK,74632,A,0000,N,S,1389,213112,A,B,,N,,,,,,,,PO BOX 158,LAMONT,OK,74643,N131    000034638,17,2008-11-21,2009-05-22,2008-11-21,2009-05-22,2011-10-14 16:38:47 EDT
312386253,0627400,,LUCKY 7 EXPRESS,"HWY 137 7 MILES N. OF BIG LAKE, TX",BIG LAKE,TX,79632,A,0000,N,S,1389,213112,A,B,,N,X,,,,,,,715 N CLAY,MIDLAND,TX,79701,N153    000013974,3,2008-09-17,2011-01-05,2008-09-17,2011-01-05,2011-10-14 16:38:47 EDT
312386790,0626000,,ELITE MOWING & BRUSH SERVICES,HWY 59,EDNA,TX,77957,A,0000,N,S,1389,237120,A,B,,N,,,,,,,,PO BOX 354,GANADO,TX,77962,N168    000018518,3,2008-07-09,2009-01-12,2008-07-09,2008-07-10,2011-10-14 16:38:47 EDT
312404098,0854910,,PIONEER DRILLING SERVICES LTD,BONANZA 1023-1H,VERNAL,UT,84078,A,0000,N,S,1381,213111,A,A,,N,X,,,,,,,656 W 1500 S PO BOX 1510,VERNAL,UT,84078,N018    000022741,22,2008-07-22,2008-10-13,2008-07-22,2008-10-01,2011-10-14 16:38:47 EDT
312406200,0854910,,WESTERN WELLSITE SERVICES LLC,N 49 DEGREES 53.213 W 109 DEGREES 17.325,VERNAL,UT,84078,A,0000,N,S,1389,213112,A,B,,N,X,,,,,,,17509 COUNTY RD 14,FORT MORGAN,CO,80701,N018    000023234,5,2008-11-20,2009-02-02,2008-11-20,2008-11-20,2011-10-14 16:38:47 EDT
312407844,0854910,,NEWFIELD EXPLORATION CO,10530 S COUNTY RD,MYTON,UT,84053,A,0000,N,S,1381,213111,A,B,,N,X,,,,,,,ROUTE 3 BOX 3630,MYTON,UT,84052,N018    000023451,298,2009-03-05,2009-06-24,2009-03-05,2009-04-23,2011-10-14 16:38:47 EDT
312409253,0854910,,WESTERN WELL SERVICE INC,FEDERAL 8-20-8-16 MONUMENT BUTTE,MYTON,UT,84052,A,0000,N,S,1389,237120,A,B,,N,X,,,,,,,2253 W 1680 S,ROOSEVELT,UT,84066,N018    000023820,17,2009-05-27,2009-06-15,2009-05-27,2009-05-27,2011-10-14 16:38:47 EDT
312412232,0854910,,WELL PLUGGERS INC,N 39 DEG 26.685 W 109 DEG 20.060,MOAB,UT,84532,A,0000,N,S,1381,213111,A,B,,N,X,,,,,,,P O BOX 304,LOMA,CO,81524,N018    000024346,5,2009-10-26,2010-11-04,2009-10-26,2010-01-20,2011-10-14 16:38:47 EDT
312412588,0854910,,CLEAR CREEK CBM LLC,9200 W 15800 S,GOSHEN,UT,84633,A,0000,N,S,1321,211112,A,B,,N,X,,,,,,,15 S 200 E,FERRON,UT,84523,N018    000024378,42,2009-11-13,2010-03-22,2010-02-02,2010-02-02,2011-10-14 16:38:47 EDT
312429343,0950643,,"ROBERT HEELY CONSTRUCTION, L.P.",1821 PRICE RD.,SAN LUIS OBISPO,CA,93401,A,0000,N,S,1389,213112,A,B,,N,,,,,,,,2919 UNION SUITE #B,PASO ROBLES,CA,93446,N078    000036751,13,2008-09-29,2009-10-08,2009-01-23,2009-10-02,2011-10-14 16:38:47 EDT
312429848,0950643,,"GEO DRILLING FLUIDS, INC.","SEC. 7, TWNSHIP 29S, RGE 22E, WELL#99-7",MCKITTRICK,CA,93251,A,0000,N,S,1389,213112,A,B,,N,,,,,,,,1431 UNION AVE.,BAKERSFIELD,CA,93305,N078    000036850,55,2008-11-04,2009-03-12,2009-02-03,2009-03-11,2011-10-14 16:38:47 EDT
312430358,0950643,,C.L. KNOX DBA ADVANCED INDUSTRIAL SERVICES,12888 HOLLOWAY RD.,LOST HILLS,CA,93249,A,0000,N,S,1389,213112,A,B,,N,,,,,,,,6701 MCDIVITT STE. A,BAKERSFIELD,CA,93313,N078    000037127,85,2008-12-29,2009-05-15,2008-12-29,2009-05-15,2011-10-14 16:38:47 EDT
312433022,0950643,,"DOLE ENTERPRISES, INC.",12728 ALLEN LANE,BAKERSFIELD,CA,93312,A,0000,N,S,1311,211111,A,B,,N,,,,,,,,12850 ALLEN LANE,BAKERSFIELD,CA,93312,N078    000037935,8,2009-07-25,2010-03-30,2009-09-08,2009-12-03,2011-10-14 16:38:47 EDT
312473523,0627400,,PIONEER NATURAL RESOURCES,SHACKELFORD 24-F,MIDKIFF,TX,79755,A,0000,N,S,1321,211112,A,A,,N,,,,,,,,4815 E HWY 80,MIDLAND,TX,79706,N153    000014034,220,2008-11-09,2011-05-16,2008-11-26,2011-05-16,2011-10-14 16:38:47 EDT
312496920,0653510,,KEY ENERGY SERVICES,#8 COUNTY ROAD 3720,FARMINGTON,NM,87410,A,0000,N,S,1389,213112,A,A,,N,,,,,,,,P.O. BOX 900,FARMINGTON,NM,87410,N023    000016573,40,2008-08-04,2008-12-16,2008-08-04,2008-12-15,2011-10-14 16:38:47 EDT
312532492,0418300,,BROOKWOOD OIL FIELD SERVICE,JWR 14-15-3,BROOKWOOD,AL,35444,A,0000,N,S,1381,213111,A,A,,N,,,,,,,,P.O. BOX 35,BROOKWOOD,AL,35444,N119    000026263,4,2008-10-06,2009-03-24,2008-12-09,2009-03-23,2011-10-14 16:38:47 EDT
312586241,0454714,,MILLER DRILLING TN LLC,3651 BAKER HIGHWAY,HUNTSVILLE,TN,37756,A,0000,Y,S,1389,213112,A,B,,N,X,,,,,,,PO BOX 130,HUNTSVILLE,TN,37756,N125    000049398,25,2008-10-13,2009-02-03,2008-10-13,2009-01-30,2011-10-14 16:38:47 EDT
312602089,0627400,,L & M DRILLING INC. DBA MATTLOCK DRILLING LP,WEYMAN 23 #2,GARDEN CITY,TX,79739,A,0000,Y,S,1381,213111,A,A,,N,,,,,,,,PO BOX 60308,MIDLAND,TX,79711,N153    000014128,45,2009-03-18,2014-07-29,2009-03-23,2009-10-07,2014-08-01 01:01:50 EDT
312602345,0627400,,CAPSTAR DRILLING LP,KEYSTONE EDWARDS 3 #1,ODESSA,TX,79765,A,0000,Y,S,1381,213111,A,A,,N,,,,,,,,8901 N CTY RD WEST,ODESSA,TX,79764,N153    000014170,75,2009-05-09,2009-07-07,2009-05-15,2009-07-07,2011-10-14 16:38:47 EDT
312602378,0627400,,"CUDE OILFIELD CONTRACTORS, INC.",NORTH OF FM 33,CANADIAN,TX,79014,A,0000,N,S,1389,238910,A,A,,N,,,,,,,,"2202 TIMBERLOCK PLACE, SUITE 201",THE WOODLANDS,TX,77340,N153    000014172,6,2009-05-13,2010-01-05,2009-05-14,2009-12-31,2011-10-14 16:38:47 EDT
312602493,0627400,,"EXXCEL WELL SERVICE, INC.",CR 1040 & HWY 307,GREENWOOD,TX,79246,A,0000,Y,S,1389,213112,A,A,,N,,,,,,,,2905 E I-20,MIDLAND,TX,79702,N153    000011416,100,2009-06-24,2011-02-03,2009-06-30,2011-02-02,2011-10-14 16:38:47 EDT
312603137,0653510,,B J SERVICES,HEATON COM 100S 32-31N-11W,AZTEC,NM,87410,A,0000,Y,S,1389,213112,A,A,,N,,,,,,,,11211 FM 2920,TOMBALL,TX,77375,N023    000012305,30,2008-09-15,2009-01-21,2008-09-18,2009-01-20,2011-10-14 16:38:47 EDT
312803570,0729700,,COWBOY PUMPING UNIT SALES & REPAIR,"SEC 9, TWP 35, R 5",BLUFF CITY,KS,67018,A,0000,N,S,1389,213112,A,B,,N,,,,,,,,"P.O. BOX 698, 522 N. MAIN ST.",HENNESSEY,OK,73742,N135    000025877,3,2009-09-25,2009-12-01,2009-10-13,2009-11-30,2011-10-14 16:38:47 EDT
312846975,0625400,,MEYER ENERGY DRILLING SERVICES,1 KAMAS RD & OIL FIELD RD.,BRENHAM,TX,77833,A,0000,N,S,1381,213111,A,B,,N,,,,,,,,POB 160,ROCK ISLAND,TX,77470,N122    000026480,5,2009-01-06,2016-06-10,2009-01-06,2010-02-17,2016-06-30 01:10:52 EDT
312848989,0625400,,"EXPRESS ENERGY SERVICES, INC.",JAMES CEMETERY ROAD,FRANKLIN,TX,77856,A,0000,N,S,1389,213112,A,A,,N,,,,,,,,3200 SW FREEWAY #2000,HOUSTON,TX,77027,N122    000026795,4,2009-04-22,2016-06-10,2009-10-06,2011-01-05,2016-06-30 01:10:52 EDT
312852189,0625410,,"L&J ROUSTABOUT, INC",1025 & 395,BATESVILLE,TX,78829,A,0000,N,S,1389,237120,A,A,,N,,,,,,,,201 NEAL,COTULLA,TX,78014,N122    000027257,4,2009-07-29,2010-02-12,2009-07-29,2010-01-25,2011-10-14 16:38:47 EDT
312852312,0625410,,TIJERINA WELDING,395 & 1025,BATESVILLE,TX,78829,A,0000,N,S,1389,213112,A,A,,N,,,,,,,,15650 S. IH 35,DILLEY,TX,78017,N122    000067275,4,2009-07-16,2016-07-06,2009-07-16,2015-12-07,2016-07-09 02:48:15 EDT
312868516,0627400,,H & B WATERHAULERS,3201 4TH STREET,STERLING CITY,TX,76951,A,0000,Y,S,1389,213112,A,B,,N,,,,,,,,,,,00000,N153    000014203,9,2009-06-29,2010-04-13,2009-06-30,2010-04-12,2011-10-14 16:38:47 EDT
312868920,0627400,,"HARRIS RATHOLE SERVICE, L.P.",13 MILES S OF MIDLAND ON HWY 349,MIDLAND,TX,79701,A,0000,N,S,1389,238910,A,B,,N,,,,,,,,P. O. BOX 5442,"MIDLAND,",TX,79704,N153    000005622,18,2009-10-21,2010-02-16,2009-12-22,2010-02-16,2011-10-14 16:38:47 EDT
312910250,0950625,,PCL INDUSTRIAL SERVICES,1500 S UNION AVE,BAKERSFIELD,CA,93307,A,0000,N,S,1389,237120,A,B,,N,,,,,,,,1500 S UNION AVE,BAKERSFIELD,CA,93307,N068    000019984,300,2009-06-09,2016-04-21,2009-06-09,2010-12-31,2016-04-25 01:02:14 EDT
312910573,0950625,,ADVANCED CLEAN UP TECHNOLOGIES,1546 CHINA GRADE LOOP,BAKERSFIELD,CA,93308,A,0000,N,H,1389,213112,A,B,,N,,,,,,,,4548 WESLEY LANE,BAKERSFIELD,CA,93308,N068    000023105,40,2009-07-01,2009-12-22,2009-12-14,2009-12-21,2011-10-14 16:38:47 EDT
312911498,0950625,,EXCALIBUR WELL SERVICE CORP,MERCED AVE & HWY 65,BAKERSFIELD,CA,93308,A,0000,N,S,1381,213111,A,B,,N,,,,,,,,20301 STOCKDALE HWY,BAKERSFIELD,CA,93314,N068    000022899,120,2009-08-12,2016-06-10,2009-08-12,2011-06-03,2016-06-30 01:10:52 EDT
312966104,0830300,,"PETRO-HUNT, LLC",3.5 MILES NE OF TOWN,RAY,ND,58849,A,0000,N,S,1311,211111,A,A,,N,,,,,,,,1601 ELM STREET SUITE 3400,DALLAS,TX,75201,N169    000011961,20,2009-03-02,2010-11-09,2009-07-09,2010-11-09,2011-10-14 16:38:47 EDT
313012072,0524530,,MARK E. MILAM DBA PERFORMANCE PLUS CONSULTING,15879 ROUTE 1,MT CARMEL,IL,62863,A,0000,N,S,1381,213111,A,B,,N,,,,,,,,PO BOX 847,MT CARMEL,IL,62863,N159    000008235,8,2009-05-20,2016-06-10,2009-07-24,2009-09-25,2016-06-30 01:10:52 EDT
313026486,0625700,,"SCANDRILL, INC.",205 HALL RD,LOGANSPORT,LA,71049,A,0000,Y,S,1381,213111,A,B,,N,,,,,,,,"11777 KATY FREEWAY, SUITE 470",HOUSTON,TX,77079,N099    000026339,11,2009-09-15,2010-03-02,2009-09-16,2010-03-02,2011-10-14 16:38:47 EDT
313027757,0625700,,SILER OPERATIONS LLC,SUMNER 25-13-14 H-1 GAS WELL,GRAND CANE,LA,71032,A,0000,Y,S,1389,213112,A,B,,N,,,,,,,,"409 N HENDERSON, PO BOX 26",BULLARD,TX,75757,N099    000026497,3,2009-11-19,2012-04-04,2009-12-04,2012-01-23,2012-04-06 01:00:38 EDT
313028326,0625700,,"CHESAPEAKE OPERATING, INC",USA-MM-NORTH COMPRESSOR STATION. E.RANGE/TEXAS RD.,HAUGHTON,LA,71037,A,0000,Y,S,1311,211111,A,B,,N,,,,,,,,3365 SLIGO ROAD,HAUGHTON,LA,71037,N099    000026660,50,2010-01-07,2012-04-04,2010-01-15,2010-08-30,2012-04-06 01:00:38 EDT
313029316,0625700,,"TRINIDAD DRILLING USA, RIG 101","END OF GRAHAM RD, N OF KEITHVILLE LA",KEITHVILLE,LA,71047,A,0000,Y,S,1381,213111,A,B,,N,,,,,,,,"401 MARKET ST, STE 1150",SHREVEPORT,LA,71101,N099    000026673,11,2010-03-01,2012-04-04,2010-03-02,2012-04-04,2012-04-06 01:00:38 EDT
313030025,0625700,,UNIT TEXAS DRILLING LLC,LOUISIANA HIGHWAY 31,OPELOUSAS,LA,70570,A,0000,N,S,1381,213111,A,A,,N,,,,,,,,1029 ATASCOCITA RD,HUMBLE,TX,77396,N099    000026764,2000,2010-04-13,2012-04-04,2010-04-13,2010-09-08,2012-04-06 01:00:38 EDT
313030595,0625700,,COASTAL DRILLING CO. LLC,COAST RIG # 21 LOG 91-10-48.47 W LAT 29-31-32.05 N,NEW IBERIA,LA,70560,A,0000,N,S,1381,213111,A,A,,N,,,,,,,,5319 PORT ROAD,NEW IBERIA,LA,70560,N099    000026854,29,2010-06-02,2012-04-04,2010-06-08,2010-09-29,2012-04-06 01:00:38 EDT
313043077,0830300,,PEAK USA ENERGY SERVICES,71ST AVENUE NW & 48TH STREET NW,PARSHALL,ND,58770,A,0000,Y,S,1389,237120,A,B,,N,,,,,,,,515 WEST GREEN ROAD SUITE #600,HOUSTON,TX,77067,N169    000012003,10,2009-04-16,2010-05-10,2009-04-17,2010-04-22,2011-10-14 16:38:47 EDT
313061061,0653510,,"MESA WELL SERVICE, L.P.",DARK CANYON,CARLSBAD,NM,88220,A,0000,N,S,1389,213112,A,A,,N,X,,,,,,,PO BOX 1620,HOBBS,NM,88241,N023    000017015,125,2009-03-09,2010-07-09,2009-03-11,2010-02-18,2011-10-14 16:38:47 EDT
313071755,0626000,,NABORS DRILLING USA LP RIG 776,SAM HOUSTON PARKWAY,PHARR,TX,78577,A,0000,N,S,1381,213111,A,B,,N,,,,,,,,"515 W GREENS ROAD, SUITE 1000",HOUSTON,TX,77067,N168    000019134,26,2009-04-14,2016-06-10,2009-09-21,2011-04-27,2016-06-30 01:10:52 EDT
313123127,0627510,,NOMAC DRILLING LLC,"18 MILES N. 0N 283, FLOWERS CCSL #9H",MIAMI,TX,79059,A,0000,Y,S,1311,211111,A,B,,N,,,,,,,,3400 S. RADIO RD,EL RENO,OK,73036,N153    000014289,6,2009-11-22,2011-03-25,2009-11-23,2011-03-25,2011-10-14 16:38:47 EDT
313123366,0627510,,"SHERIDAN PRODUCTION, LLC",400 RANCH ROAD 33,BIG SPRING,TX,79720,A,0000,N,H,1311,211111,A,B,,N,,,,,,,,,,,00000,N153    000014324,20,2010-01-12,2016-06-10,2010-01-13,2010-06-17,2016-06-30 01:10:52 EDT
313123432,0627510,,ARENA DRILLING CO.,"RIG 10, THORNBERRY 5A #5",ANDREWS,TX,79714,A,0000,Y,S,1381,213111,A,B,,N,,,,,,,,1600 W BROADWAY,ANDREWS,TX,79714,N153    000014333,47,2010-01-20,2010-11-16,2010-01-22,2010-05-17,2011-10-14 16:38:47 EDT
313151029,0522500,,"CHIPCO, LLC",SKULLFORK RD AND GINGER RD,LONDONDERRY,OH,45647,A,0000,N,S,1381,213111,A,B,,N,,,,,,,,2805 MARLO DRIVE,ZANESVILLE,OH,43701,N146    000023120,5,2009-09-11,2013-03-01,2009-09-11,2013-02-19,2013-03-05 01:01:33 EST
313363913,0355110,,GASCO DRILLING INC,OFF STATE ROUTE 660 (SITE #VC 531305,NORA,VA,24272,A,0000,N,S,1381,213111,A,B,,N,X,,,,,,,P O BOX 330,CEDAR BLUFF,VA,24609,N017    000092406,3,2009-09-29,2010-03-09,2010-03-08,2010-03-08,2011-10-14 16:38:47 EDT
313373722,0316400,,"UNION DRILLING, INC.",WITZGALL WELL 2H,MOUNDSVILLE,WV,26662,A,0000,N,S,1381,213111,A,A,,N,,,,,,,,999 FRANKLIN ROAD,JACKSON CENTER,PA,16133,N127    000021308,266,2010-06-07,2011-09-22,2010-06-17,2011-09-22,2011-10-14 16:38:47 EDT
313386575,0950647,,ENSIGN UNITED STATES DRILLING (CALIFORNIA) INC.,7001 CHARITY AVENUE,BAKERSFIELD,CA,93308,A,0000,N,S,1381,213111,A,A,,N,,,,,,,,,,,00000,N062    000024832,1000,2012-07-26,2013-05-14,2012-12-04,2013-03-24,2013-05-16 02:04:25 EDT
313387185,0950647,,KEY ENERGY SERVICE INC,LEASE NO WWD3 SECTION 27 HWY 33,MCKITTRICK,CA,93251,A,0000,N,H,1381,213111,A,B,,N,,,,,,,,5080 CALIFORNIA AVE SUITE 150,BAKERSFIELD,CA,93309,N062    000024980,1123,2012-08-08,2014-11-07,2013-01-28,2014-11-06,2014-11-10 01:01:09 EST
313387581,0950647,,KEY ENERGY SERVICES INC,OCCIDENTAL OIL CO WELL #34SW-11G,TUPMAN,CA,93276,A,0000,N,S,1381,213111,A,B,,N,,,,,,,,5080 CALIFORNIA AVE,BAKERSFIELD,CA,93309,N062    000025084,1123,2012-09-05,2014-08-04,2013-02-19,2014-08-04,2014-08-07 01:01:31 EDT
313388076,0950647,,"SOUTHERN SIERRA GENERAL ENGINEERING, INC.",877 OLEANDER RD,TAFT,CA,93268,A,0000,N,S,1389,237120,A,B,,N,,,,,,,,P. O. BOX 1113,TAFT,CA,93268,N062    000025194,60,2012-11-09,2013-07-19,2013-02-22,,2013-07-22 01:01:25 EDT
313388233,0950647,,ENSIGN U. S. DRILLING (CALIF.) INC.,"PXP WELL #513-10, SEC 9 29S 21E DELFERN RD.",MCKITTRICK,CA,93251,A,0000,N,S,1381,213111,A,B,,N,,,,,,,,7001 CHARITY AVE,BAKERSFIELD,CA,93308,N062    000025282,700,2013-01-09,2014-11-06,2013-04-16,2014-11-06,2014-11-10 01:01:09 EST
313388316,0950647,,"WEATHERFORD ARTIFICIAL LIFT SYSTEMS, INC.",21728 ROSEDALE HWY,BAKERSFIELD,CA,93314,A,0000,N,H,1389,213112,A,B,,N,,,,,,,,,,,00000,N062    000025236,150,2013-02-01,2013-04-22,2013-04-19,2013-04-19,2013-04-24 02:04:18 EDT
313388548,0950647,,TNG ENERGY SERVICES,3505 STANDARD ST,BAKERSFIELD,CA,93308,A,0000,N,S,1389,213112,A,B,,N,,,,,,,,,,,00000,N062    000025318,14,2013-03-15,2014-03-20,2013-06-27,2014-03-19,2014-03-24 01:01:10 EDT
313388779,950647,,BELLAIRE OIL CO.,2485 JAMES RD,BAKERSFIELD,CA,93308,A,,N,S,1311,211111,A,B,,N,,,,,,,,17435 HWY 65,BAKERSFIELD,CA,93308,N062    000025368,20,2013-04-12,2019-03-08,2013-09-03,2019-02-05,2019-03-13 00:21:40 EDT
313388795,0950647,,"ENSIGN UNITED STATES DRILLING (CALIFORNIA), INC.",EXXON-HILL LEASE-84BR ENSIGN RIG 504,LOST HILLS,CA,93268,A,0000,N,S,1381,213111,A,B,,N,,,,,,,,7001 CHARITY AVE,BAKERSFIELD,CA,93308,N062    000025418,700,2013-04-23,2015-09-09,2013-07-01,2015-09-08,2015-09-12 02:24:04 EDT
313501819,0627500,,WAYNE'S WELDING SERVICE,MONROE 34-172-1H,MONAHANS,TX,79756,A,0000,N,S,1389,213112,A,A,,N,,,,,,,,P O BOX 74,MONAHANS,TX,79756,N034    000004799,10,2011-09-21,2012-03-02,2011-09-21,2012-03-02,2012-03-06 01:02:20 EST
313502346,0627500,,"RINGO DRILLING I,L.P.",RIG #18-REEVES COUNTY,PECOS,TX,79772,A,0000,N,S,1381,213111,A,A,,N,,,,,,,,P.O.BOX 368,TYE,TX,79563,N034    000004870,18,2011-10-28,2012-07-25,2011-10-28,2012-07-20,2012-08-07 03:02:29 EDT
313514671,0950633,,JESMAR CONSTRUCTION INC,4733 E PALM CYN,PALM SPRINGS,CA,92264,A,0000,N,S,1381,213111,A,B,,N,,X,,,,,,2528 N OAKMONT AVE,SANTA ANA,CA,92706,N088    000031089,3,2011-10-21,2016-05-16,2012-02-27,2012-09-17,2016-05-19 01:05:49 EDT
313619512,0627510,,"ROBINSON DRILLING OF TEXAS, LTD.",RIG #3 & HWY 158 & FM 1788,MIDLAND,TX,79701,A,0000,N,S,1381,213111,A,B,,N,X,,,,,,,1200 FM 700,BIG SPRING,TX,79720,N153    000014390,5,2010-04-01,2010-11-08,2010-09-17,2010-11-08,2011-10-14 16:38:47 EDT
313619629,0627510,,"PATTERSON - UTI DRILLING COMPANY, LP","RIG # 196, SHERROD UNIT 2327",MIDKIFF,TX,79755,A,0000,N,S,1381,213111,A,B,,N,,,,,,,,PO BOX 1416,SNYDER,TX,79550,N153    000012475,250,2010-05-05,2011-10-05,2010-05-06,2011-10-03,2011-10-18 01:02:07 EDT
313619678,0627510,,"ROBINSON DRILLING OF TEXAS, LTD","RIG 21,HALFF ESTATE 20 #15, UPTON COUNTY",RANKIN,TX,79778,A,0000,Y,S,1311,211111,A,B,,N,,,,,,,,PO BOX 331,BIG SPRING,TX,79720,N153    000013647,21,2010-05-12,2010-10-13,2010-05-14,2010-10-13,2011-10-14 16:38:47 EDT
313636227,0626000,,"COASTAL DRILLING LAND COMPANY LLC, RIG #2",AUGUSTA-KENTON #4 SUR-H&GN A76 SEC 163 WEBB CO,ENCINAL,TX,78019,A,0000,N,S,1381,213111,A,B,,N,,,,,,,,311 SARATOGA BLVD,CORPUS CHRISTI,TX,78417,N168    000019440,9,2009-09-02,2010-04-13,2009-09-03,2010-04-09,2011-10-14 16:38:47 EDT
313636250,0626000,,"CRISP CONTRACTORS, INC.",BRISCOE RANCH,COTULLA,TX,78014,A,0000,N,S,1389,238910,A,B,,N,,X,,,,,,PO BOX 174,COTULLA,TX,78014,N168    000019439,11,2009-09-09,2016-06-10,2009-11-13,2010-02-05,2016-06-30 01:10:52 EDT
313639320,0950664,,CHEVRON USA,1546 CHINA GRADE LOOP,BAKERSFIELD,CA,93308,A,0000,N,S,1311,211111,A,B,,Y,,,,,,,,,,,00000,N056    000017051,190,2009-12-15,2010-03-23,2010-03-18,2010-03-18,2011-10-14 16:38:47 EDT
313639734,0950664,,KEY ENERGY SERVICES CALIFORNIA INC,OCCIDENTAL OF ELK HILLS,BAKERSFIELD,CA,93309,A,0000,N,S,1389,213112,A,B,,N,X,,,,,,,5080 CALIFORNIA AVE #150,BAKERSFIELD,CA,93309,N056    000017167,800,2010-02-17,2016-06-10,2010-08-03,2012-12-28,2016-06-30 01:10:52 EDT
313640542,0950664,,NABORS WELL SERVICES,7515 ROSEDALE HWY,BAKERSFIELD,CA,93308,A,0000,N,S,1389,213112,A,B,,N,,,,,,,,,,,00000,N056    000017257,300,2010-06-01,2014-10-14,2010-10-07,2012-09-24,2014-10-20 01:01:12 EDT
313640559,0950635,,ENSIGN UNITED STATES DRILLING INC,7001 CHARITY AVE,BAKERSFIELD,CA,93308,A,0000,N,S,1311,211111,A,B,,N,,,,,,,,,,,00000,N056    000017154,6,2010-06-02,2010-12-07,2010-08-25,2010-08-31,2011-10-14 16:38:47 EDT
313641482,0950664,,HALLIBUTON ENERGY SERVICES,OCCIDENTAL OF ELK HILLS,TUPMAN,CA,93276,A,0000,N,S,1311,211111,A,B,,N,X,,,,,,,34722 7TH STANDARD RD,BAKERSFIELD,CA,93314,N056    000017406,520,2010-09-01,2011-12-20,2010-09-01,2011-12-13,2011-12-22 01:00:33 EST
313641565,0950664,,WELL ANALYSIS CORP,"OCCIDENTAL OF ELK HILLS, WELL 19R-653",MC KITTRICK,CA,93251,A,0000,N,S,1389,213112,A,B,,N,X,,,,,,,5500 WOODMERE DR,BAKERSFIELD,CA,93390,N056    000017424,62,2010-09-22,2010-10-26,2010-10-26,2010-10-26,2011-10-14 16:38:47 EDT
313641664,0950664,,JACOBS ENGINEERING,TEMBLOR THERMAL AREA 1Y GS 15,MC KITTRICK,CA,93251,A,0000,N,S,1389,213112,A,B,,N,X,,,,,,,26251 HIGHWAY 33,FELLOWS,CA,93224,N056    000017543,60,2010-10-04,2011-01-11,2010-12-17,2010-12-17,2011-10-14 16:38:47 EDT
313641730,0950664,,HELMRICH & PAYNE,ELK HILLS LEASE,MC KITTRICK,CA,93251,A,0000,N,S,1381,213111,A,B,,N,,,,,,,,10360 ENOS LANE,SHATER,CA,92363,N056    000017458,100,2010-10-20,2010-12-09,2010-12-07,2010-12-07,2011-10-14 16:38:47 EDT
313642274,0950664,,BALLARD OIL CO.,24265 HIGHWAY 166,MARICOPA,CA,93252,A,0000,N,S,1389,213112,A,B,,N,,,,,,,,P.O. BOX 82513,BAKERSFIELD,CA,93308,N056    000017564,5,2011-02-02,2011-05-03,2011-02-09,2011-04-11,2011-10-14 16:38:47 EDT
313646309,0950635,,KENAI DRILLING CO,"WARREN OIL LEASE, 825 E. ANAHEIM ST.",WILMINGTON,CA,90744,A,0000,N,S,1381,213111,A,B,,N,,,,,,,,2651 PATTON WAY,BAKERSFIELD,CA,93308,N056    000018275,9,2012-08-29,2014-11-25,2013-01-17,2014-08-09,2014-11-28 01:00:28 EST
313646747,0950635,,C W INDUSTRIES INC,1735 SANTA FE AVE,LONG BEACH,CA,90813,A,0000,N,S,1389,237120,A,B,,N,,,,,,,,,,,00000,N056    000018495,90,2012-11-01,2013-03-21,2013-03-12,2013-03-15,2013-03-23 04:19:51 EDT
313687840,0627700,,"CACTUS DRILLING, LLC",1301 MERRITT RD,ELK CITY,OK,73644,A,0000,Y,S,1381,213111,A,B,,N,,,,,,,,621 N. MORGAN RD,OKLAHOMA CITY,OK,73127,N131    000036198,6,2009-11-18,2010-12-02,2009-11-19,2010-06-08,2011-10-14 16:38:47 EDT
313688780,0627700,,"TOMCAT DRILLING, LLC","2 MILES SE OF AMES, OK ON E0530 RD",AMES,OK,73718,A,0000,N,S,1381,213111,A,B,,N,,,,,,,,"8301 E. 21ST ST. N., STE 360",WICHITA,KS,67206,N131    000036357,4,2009-12-26,2011-05-26,2010-01-15,2010-07-09,2011-10-14 16:38:47 EDT
313688855,0627700,,"FORREST DRILLING COMPANY, LLC",ROCKWELL AT NW 27TH ST.,BETHANY,OK,73008,A,0000,Y,S,1381,213111,A,B,,N,,,,,,,,"521 W. WILSHIRE, STE. 130",OKLAHOMA CITY,OK,73116,N131    000036364,6,2010-01-01,2011-09-08,2010-01-01,2010-05-21,2011-10-14 16:38:47 EDT
313689812,0627700,,ELCO OIL LLC,5 MI S OF HWY 16 & DENTONVILLE RD,BEGGS,OK,74421,A,0000,N,S,1311,211111,A,B,,N,,,,,,,,"1800 S. BALTIMORE, #900",TULSA,OK,74119,N131    000036535,5,2010-02-18,2010-06-08,2010-05-14,2010-06-08,2011-10-14 16:38:47 EDT
313693020,0627700,,KAL DRILLING RIG 2,RISING 1-30H,CRESCENT,OK,73028,A,0000,Y,S,1381,213111,A,A,,N,,,,,,,,11500 SOUTH MERIDIAN,OKLAHOMA CITY,OK,73173,N131    000037048,28,2010-06-28,2010-12-15,2010-06-28,2010-10-01,2011-10-14 16:38:47 EDT
313694390,0627700,,LONE STAR SERVICES LLC,"KEENAN 2-26 WELL, SEC 26, 4N, 13E",GUYMON,OK,73942,A,0000,N,H,1389,213112,A,B,,N,,,,,,,,P.O.BOX 499,LIBERAL,KS,67905,N131    000037289,2,2010-08-27,2012-04-30,2010-08-27,2011-02-07,2012-05-02 02:43:25 EDT
313694499,0627700,,JOHN JAMES,410 N. SECOND STREET,KIEFER,OK,74041,A,0000,N,S,1311,211111,A,B,,N,,,,,,,,12131 N. 108TH E. AVE,COLLINSVILLE,OK,74021,N131    000037279,2,2010-08-25,2013-05-21,2010-09-21,2011-01-03,2013-05-23 02:06:01 EDT
313694622,0627700,,CHAPARRAL ENERGY,"SEC 30-11N-19W, RIG #88",CLINTON,OK,73601,A,0000,Y,S,1381,213111,A,B,,N,,,,,,,,701 CEDAR LAKE BLVD,OKLAHOMA CITY,OK,73114,N131    000037301,85,2010-08-31,2011-12-15,2010-08-31,2010-11-22,2011-12-17 02:42:54 EST
313734352,0626000,,CRISP CONTRACTORS INC,CAMARON LANE & FM 624,COTULLA,TX,78014,A,0000,N,S,1389,238910,A,B,,N,,,,,,,,PO BOX 174,COTULLA,TX,78014,N168    000019541,5,2009-11-06,2016-06-10,2009-11-10,2010-01-08,2016-06-30 01:10:52 EDT
313890261,0626600,,KEEN ENERGY SERVICES,COUNTY RD. 411 3 MI. S OF HWY 21,NACOGDOCHES,TX,75961,A,0000,N,H,1381,213111,A,A,,N,,,,X,,,,P. O. BOX 549,STILLWATER,OK,74076,N145    000024820,350,2009-11-19,2010-07-09,2009-12-10,2009-12-10,2011-10-14 16:38:47 EDT
314015504,0627510,,NICK THOMAS INC,3 MI NE OF DARROUZETT,DARROUZETT,TX,79024,A,0000,N,S,1389,238910,A,A,,N,,,,,,,,10612 YS HWY 60,CANADIAN,TX,79014,N153    000014453,35,2010-06-09,2010-11-01,2010-10-21,2010-10-28,2011-10-14 16:38:47 EDT
314015512,0627510,,UNIT DRILLING CO.,CR 28,WHEELER,TX,79096,A,0000,N,S,1311,211111,A,B,,N,,,,,,,,P.O. BOX 702500,TULSA,OK,74170,N153    000012939,30,2010-06-11,2012-02-02,2010-10-28,2012-02-02,2012-02-04 02:42:24 EST
314029398,0729700,,WESTERN SALES,1/2 MILE NORTH OF OLD 40 ON 3RD,BUNKER HILL,KS,67626,A,0000,N,S,1389,213112,A,B,,N,,,,,,,,4098 193RD,BUNKERHILL,KS,67626,N135    000027023,1,2010-08-23,2014-01-10,2010-10-15,2013-03-04,2014-01-13 01:01:11 EST
314076092,0830300,,"ERICKSON CONTRACT SURVEYING, INC.",3 MILES NORTH OF BEACH,BEACH,ND,58621,A,0000,N,S,1382,541360,A,B,,N,,,,,,,,333 TENTH AVENUE SE,SIDNEY,MT,59270,N169    000012564,40,2010-03-08,2010-06-04,2010-03-08,2010-06-04,2011-10-14 16:38:47 EDT
314107467,0317500,,NORTHEAST ENERGY MANAGEMENT INC.,"RICH HILL ROAD, MURRY HEIRS #6",CHESWICK,PA,15024,A,0000,Y,S,1381,213111,A,A,,N,,,,,,,,2018 SOUTH 6TH STREET,INDIANA,PA,15701,N091    000031390,185,2010-07-23,2013-07-25,2011-01-06,2011-11-15,2013-07-27 03:59:40 EDT
314108119,0317500,,HELMERICK & PAYNE INTERNATIONAL DRILLING CO.,HOPKINS RUN ROAD,SYCAMORE,PA,15364,A,0000,N,S,1311,211111,A,B,,N,,,,,,,,1437 SOUTH BOULDER AVE.,TULSA,OK,74119,N091    000031098,11,2010-04-25,2014-01-24,2010-04-27,2010-07-01,2014-01-27 01:01:12 EST
314110404,0317500,,WEST PENN ENERGY SERVICES LLC,865 PENNSYLVANIA 210,SHELOCTA,PA,15774,A,0000,Y,S,1311,211111,A,A,,N,,,,,,,,4257 GIBSONIA ROAD,GIBSONIA,PA,15044,N091    000031682,110,2010-12-09,2016-06-10,2010-12-10,2011-04-28,2016-06-30 01:10:52 EDT
314154840,0317700,,NOMAC DRILLING INC,FARR 2H NOMAC RIG #14,TOWANDA TOWNSHIP,PA,18848,A,0000,N,S,1381,213111,A,A,,N,,,,,,,,171 LOCUST AVENUE,MOUNT MORRIS,PA,15349,N157    000019008,13,2010-03-12,2011-03-24,2010-04-20,2011-03-23,2011-10-14 16:38:47 EDT
314156084,0317700,,CALIBER OIL FIELD SERVICES,DEPALOA/RIG 61,DIMOCK,PA,18816,A,0000,N,S,1389,213112,A,A,,N,,,,,,,,10811 SR 29,MONTROSE,PA,18801,N157    000019130,2,2010-05-11,2011-03-24,2010-05-11,2011-03-23,2011-10-14 16:38:47 EDT
314160847,0317700,,PATTERSON UTI DRILLING CO LLC,120 ELSROY HILL ROAD JOAN CLARKE 1H RIG #261,SHUNK,PA,17768,A,0000,N,S,1381,213111,A,A,,N,,,,,,,,450 GEARS RD STE 500,HOUSTON,TX,77067,N157    000019744,11,2011-01-14,2011-10-18,2011-03-22,2011-10-18,2011-10-20 01:00:30 EDT
314161266,0317700,,WEST PENN ENERGY SERVICES LLC,BUTTON HOLLOW RD.,GALETON,PA,16922,A,0000,N,S,1389,237120,A,A,,N,,,,,,,,4257 GIBSONIA RD.,GIBSONIA,PA,15044,N157    000019808,1,2011-02-02,2011-03-29,2011-03-09,2011-03-28,2011-10-14 16:38:47 EDT
314164419,0317700,,ONDA-LAY PIPE,TOWNER HILL ROAD,ROME,PA,18837,A,0000,N,S,1389,237120,A,A,,N,,,,,,,,2329 SOUTH MAIN STREET,MANSFIELD,PA,16933,N157    000020269,5,2011-07-29,2011-09-08,2011-08-29,2011-09-01,2011-10-14 16:38:47 EDT
314179524,0626300,,NABORS DRILLING USA LP RIG #FO3,CR 382,HENDERSON,TX,75652,A,0000,N,S,1381,213111,A,B,,N,X,,,,,,,"515 WEST GREENS RD, SUITE 1000",HOUSTON,TX,77067,N150    000031234,8,2010-10-26,2011-09-30,2010-10-26,2011-09-29,2011-10-14 16:38:47 EDT
314187667,0854910,,PATTERSON-UTI DRILLING COMPANY LLC,LAT 39.134376 LONG 111.727783,GUNNISON,UT,84634,A,0000,N,S,1381,213111,A,B,,N,X,,,,,,,1509 HWY 6 & 50,FRUITA,CO,81521,N018    000024623,26,2010-04-19,2010-05-10,2010-04-20,2010-04-20,2011-10-14 16:38:47 EDT
314188830,0854910,,TRUE DRILLING LLC,N 40 DEGREES 2.28 MIN W 109 DEGREES 21.71.MIN,BONANZA,UT,84008,A,0000,N,S,1381,213111,A,A,,N,X,,,,,,,P O DRAWER 2360,CASPER,WY,82602,N018    000024736,25,2010-06-14,2011-02-02,2010-06-24,2010-08-04,2011-10-14 16:38:47 EDT
314189085,0854910,,PEAK WELL SERVICE LLC,N 40 DEGREES 25.175' W 110 DEGREES 07.863',NEOLA,UT,84053,A,0000,N,S,1389,213112,A,A,,N,X,,,,,,,724 W LAGOON ST.,ROSSEVELT,UT,84066,N018    000024760,15,2010-06-29,2010-10-18,2010-06-29,2010-09-27,2011-10-14 16:38:47 EDT
314189259,0854910,,GARY'S INSULATION INC,N 40 DEGREES 09.144' W 110 DEGREES 31.850,DUCHESNE,UT,84021,A,0000,N,S,1389,238910,A,A,,N,,X,,,,,,3418 WEST HWY 40,ROOSEVELT,UT,84066,N018    000024774,14,2010-07-01,2010-11-10,2010-07-01,2010-09-20,2011-10-14 16:38:47 EDT
314189390,0854910,,MONUMENT WELL SERVICE,BONANZA 1023-J NW SE SEC 9 10S-23E,BONANZA,UT,84008,A,0000,N,S,1381,213111,A,B,,N,X,,,,,,,2531 W 1600 S,ROOSEVELT,UT,84066,N018    000024791,25,2010-07-12,2010-12-13,2010-09-27,2010-12-01,2011-10-14 16:38:47 EDT
314189697,0854910,,PIONEER DRILLING SERVICES INC,LAT 39.5918.49 LONG 109.2752.017 W,VERNAL,UT,84078,A,0000,N,S,1381,213111,A,B,,N,,X,,,,,,1250 NE LOOP 410 STE 100,SAN ANTONIO,TX,78209,N018    000024819,47,2010-07-26,2010-09-07,2010-07-26,2010-07-26,2011-10-14 16:38:47 EDT
314190026,0854910,,PIPE RENEWAL SERVICE MGMT INC,5750 S 5500 E,VERNAL,UT,84078,A,0000,N,S,1389,213112,A,B,,N,X,,,,,,,,,,00000,N018    000024852,24,2010-08-04,2013-10-11,2010-09-20,2010-10-25,2013-10-14 01:00:25 EDT
314190950,0854910,,CAPSTAR DRILLING,N 40 DEGREES 07.371 W 110 DEGREES 12.470,MYTON,UT,84052,A,0000,N,S,1381,213111,A,A,,N,,,,,,,,P O BOX 2440,CASPER,WY,82608,N018    000024950,32,2010-09-21,2013-03-27,2010-10-27,2011-03-18,2013-03-30 03:54:19 EDT
314197476,0626000,,WIRELINE CONTROL SYSTEMS,915 COMMERCE ST,ALICE,TX,78332,A,0000,N,S,1389,213112,A,A,,N,,,,,,,,5033 US HWY 90 EAST,BROUSSARD,LA,70518,N168    000019806,78,2010-03-03,2011-10-28,2010-03-04,2010-08-17,2011-10-31 01:01:46 EDT
314273772,0636900,,ORTOWSKI CONSTRUCTION,175 CR 131,GAINESVILLE,TX,76240,A,0000,N,S,1389,213112,A,B,,N,,,,,,,,,,,00000,N142    000019522,43,2010-05-14,2010-11-16,2010-10-20,2010-11-16,2011-10-14 16:38:47 EDT
314273962,0636900,,"UNIT TEXAS DRILLING, LLC",2504 WOODRUFF,CLEBURNE,TX,76033,A,0000,N,S,1381,213111,A,B,,N,,,,,,,,111 BAKER CUTOFF ROAD,WEATHERFORD,TX,76087,N142    000019557,5,2010-06-01,2010-10-07,2010-06-03,2010-09-28,2011-10-14 16:38:47 EDT
314273996,0636900,,EXPRESS ENERGY SERVICES,PATTERSON RIG 310,AZLE,TX,76020,A,0000,N,S,1389,213112,A,B,,N,,,,,,,,9800 RICHMOND,HOUSTON,TX,77042,N142    000019563,6,2010-06-03,2013-01-09,2010-07-16,2010-09-09,2013-01-11 02:27:46 EST
314274556,0636900,,TRINIDAD DRILLING L.P.,5700 U.S. 287 HIGHWAY,ARLINGTON,TX,76010,A,0000,N,S,1381,213111,A,B,,N,,,,,,,,4948 E. HWY. 199,SPRINGTOWN,TX,76082,N142    000019665,155,2010-07-13,2012-09-13,2010-07-18,2011-07-21,2012-09-15 04:20:17 EDT
314275264,0636900,,KCR ENERGY,2588 FM ROAD 209 EAST,WOODSON,TX,76491,A,0000,N,S,1381,213111,A,B,,N,,,,,,,,P.O. BOX 639,FATE,TX,75132,N142    000019806,8,2010-09-16,2011-02-11,2010-10-21,2011-01-04,2011-10-14 16:38:47 EDT
314277039,0636900,,KEY ENERGY SERVICES,FAIRWAY RESOURCES RENFRO #14,BOYD,TX,76023,A,0000,N,S,1381,213111,A,B,,N,,,,,,,,"1301 MCKINNEY ST., STE. 1800",HOUSTON,TX,77010,N142    000020060,13,2011-01-19,2012-08-28,2011-04-25,2012-04-17,2012-08-30 03:44:14 EDT
314277062,0636900,,"HAMMER CONSTRUCTION, INC.",4999 BOAT CLUB RD.,FORT WORTH,TX,76135,A,0000,N,S,1389,238910,A,B,,N,,,,,,,,3234 S. HWY 101,BRIDGEPORT,TX,76426,N142    000720059,50,2011-01-19,2015-04-09,2011-01-20,2015-02-09,2015-04-13 01:01:24 EDT
314313958,0830100,,NABORS WELL SERVICES CO.,5 WEST SEC 8 TOWNSHIP 23N RANGE 55 EAST,LAMBERT,MT,59243,A,0000,N,H,1389,213112,A,B,,N,,,,,,,,"1500 POLY DRIVE, SUITE 201",BILLINGS,MT,59102,N033    000422385,273,2010-07-09,2014-05-13,2010-08-20,2010-08-20,2014-05-16 01:01:31 EDT
314324393,0950663,,ENSIGN UNITED STATES DRILLING OF CALIFORNIA,PASS & WEST BUTTE ROAD,YUBA CITY,CA,95993,A,0000,N,H,1321,211112,A,B,,N,,,,,,,,"1700 BROADWAY ST., STE. 777",DENVER,CO,80290,N067    000024172,450,2010-08-16,2011-01-13,2010-11-05,2010-11-05,2011-10-14 16:38:47 EDT
314327925,0950663,,PAUL GRAHAM DRILLING,HWY 45 & BUSTER ROAD,GRIMES,CA,94571,A,0000,N,S,1381,213111,A,B,,N,,,,,,,,2500 AIRPORT ROAD,RIO VISTA,CA,94571,N067    000024666,130,2011-07-19,2013-03-01,2011-10-20,2012-08-09,2013-03-05 01:01:33 EST
314343997,0627510,,BASIC ENERGY SERVICES,"RIG #17, 5 MILES W OF KNOTT, MARTIN COUNTY,",KNOTT,TX,79748,A,0000,Y,S,1389,213112,A,B,,N,,,,,,,,408 W. WALL STREET,MIDLAND,TX,79701,N153    000014543,106,2010-08-19,2011-10-25,2010-08-20,2011-05-09,2011-10-28 01:00:34 EDT
314344136,0627510,,"J. B. HUNT GAS & OIL DRILLING, LLC","RIG #5, NEAL 604, UPTON COUNTY, TX.",RANKIN,TX,79778,A,0000,N,S,1311,211111,A,B,,N,,,,,,,,8518 B N. COUNTY ROAD WEST,ODESSA,TX,79764,N153    000014571,5,2010-09-20,2011-11-30,2010-09-22,2011-11-30,2011-12-02 01:00:34 EST
314352154,0215800,,"BRADEN DRILLING, LLC","NYS ROUTE 80, CHIULLI #160",SMYRNA,NY,13464,A,0000,N,S,1381,213111,A,A,,N,,X,,,,,,P.O. BOX 547,BUCKHANNON,WV,26201,N173    000021895,6,2011-05-02,2014-01-02,2011-07-26,2013-12-31,2014-01-06 01:01:06 EST
314356486,0830300,,CHAPMAN TRUCKING,3 MILES WEST OF 76TH AVENUE ON 34TH STREET,PARSHALL,ND,58770,A,0000,N,S,1389,213112,A,A,,N,,,,,,,,P.O. BOX 277,CASPER,WY,82602,N169    000012654,35,2010-05-13,2011-03-07,2010-05-13,2010-12-23,2011-10-14 16:38:47 EDT
314454679,0626000,,SELECT ENERGY SERVICES LLC DBA CACTUS LEASE SVCS,SAN AMBROSIA D-1 COMPRESSOR STATION,CATARINA,TX,78280,A,0000,N,S,1389,237120,A,B,,N,,,,,,,,"1000 CENTRAL PARKWAY N, SUITE 270",SAN ANTONIO,TX,78232,N168    000020009,5,2010-06-15,2011-05-12,2010-06-15,2011-01-12,2011-10-14 16:38:47 EDT
314489030,0627100,,SAXON DRILLING L.P. RIG 140,STROUD 09-13 #6-34H27,DAMASCUS,AR,72039,A,0000,N,S,1381,213111,A,B,,N,,,,,,,,1500 MUSEUM RD. STE. 105,CONWAY,AR,72032,N128    000019638,11,2010-05-18,2012-08-27,2010-05-18,2011-07-07,2012-08-29 03:19:03 EDT
314489642,0653510,,"UNION DRILLING, INC.",T175 R34 E1384 FSL130FWZ,LOVINGTON,NM,88260,A,0000,Y,S,1381,213111,A,A,,N,,,,,,,,4725 LOOP 322,ABILENE,TX,79602,N023    000017970,11,2010-05-05,2010-11-30,2010-05-05,2010-11-30,2011-10-14 16:38:47 EDT
314506353,0855610,,BUCK CREEK FREIGHT INC,FEDERAL 23-6,LUSK,WY,82225,A,0000,Y,S,1389,213112,A,B,,N,,,,,,,,255 WASSERBURGER RD,LUSK,WY,82225,N037    000017571,4,2010-07-21,2013-08-14,2010-07-22,2010-11-15,2013-08-16 02:17:15 EDT
314507328,0855610,,UNIT DRILLING COMPANY,"MESA 8C2-19 RE RIG 322, S19,T32N,R109W",BOULDER,WY,82923,A,0000,Y,S,1381,213111,A,B,,N,,X,,,,,,P.O. BOX 702500,TULSA,OK,74170,N037    000017702,225,2011-01-06,2015-06-15,2011-01-06,2015-06-15,2015-06-18 01:02:08 EDT
314507468,0855610,,SST ENERGY CORPORATION,"SEC-32, TOWNSHIP 36N, RANGE 70W",DOUGLAS,WY,82633,A,0000,Y,S,1381,213111,A,B,,N,,,,,,,,8901 WEST YELLOWSTONE,CASPER,WY,82604,N037    000017722,220,2011-02-17,2012-10-15,2011-04-18,2012-01-06,2012-10-17 02:31:40 EDT
314508870,0855610,,WILD WEST CONSTRUCTION LLC,BLACK ISLAND FEDERAL 44-18X,GLENROCK,WY,82637,A,0000,Y,S,1389,213112,A,B,,N,,X,,,,,,PO BOX 1917,GLENROCK,WY,82637,N037    000017957,4,2011-08-30,2013-03-25,2011-09-02,2013-01-04,2013-03-30 03:54:19 EDT
314511569,0855610,,BAKER PETROLITE COOPERATION,3416 MID WAY RD,CASPER,WY,82601,A,0000,Y,S,1389,213112,A,B,,N,X,,,,,,,2301 OIL CANTO COURT,HOUSTON,TX,77073,N037    000018338,75000,2012-08-17,2013-10-21,2012-08-17,2013-10-21,2013-10-23 11:05:07 EDT
314512179,0855610,,HALLIBURTON ENERGY SERVICES INC,1801 WEST BLAIRTOWN ROAD,ROCK SPRINGS,WY,82901,A,0000,Y,S,1389,213112,A,B,,N,,X,,,,,,,,,00000,N037    000018453,1700,2012-12-20,2014-03-21,2012-12-21,2014-02-06,2014-03-24 01:01:10 EDT
314513094,0855610,,WINCHESTER WELL SERVICE,41-12N WELL 1692,RAWLINS,WY,82301,A,0000,Y,S,1389,213112,A,B,,N,X,,,,,,,700 WINCHESTER ROAD,WORLAND,WY,82401,N037    000018590,6,2013-05-16,2014-09-11,2013-05-16,2014-09-11,2014-09-15 01:01:19 EDT
314513862,0855610,,S & BS OILFIELD & EXCAVATING,2571 BLACK MOUNTAIN ROAD,THERMOPOLIS,WY,82443,A,0000,N,S,1389,213112,A,A,,N,,,,,,,,1180 HWY 20 NORTH,THERMOPOLIS,WY,82443,N037    000018706,4,2013-07-31,2014-10-15,2013-07-31,2014-09-29,2014-10-20 01:01:12 EDT
314514340,0855610,,REBEL TESTING INC,1711 ECHETA,GILLETTE,WY,82716,A,0000,Y,S,1389,213112,A,B,,N,X,,,,,,,PO BOX 296,GILLETTE,WY,82717,N037    000018783,20,2013-09-23,2015-02-13,2013-09-23,2014-07-01,2015-02-19 01:00:28 EST
314515099,0855610,,ENCANA OIL AND GAS USA INC.,ANTELOPE 91-29H CDP,BOULDER,WY,82923,A,0000,Y,S,1311,211111,A,A,,N,,X,,,,,,BOX 2060,PINEDALE,WY,82941,N037    000018886,1500,2013-11-23,2015-12-01,2013-11-23,2015-11-27,2015-12-04 01:03:46 EST
314515107,0855610,,ASAP CONSTRUCTION INC,ANTELOPE 91-29H,BOULDER,WY,82923,A,0000,Y,S,1389,238910,A,A,,N,,X,,,,,,PO BOX 278,BOULDER,WY,82923,N037    000018887,18,2013-11-23,2015-05-22,2013-11-23,2015-02-24,2015-05-25 01:01:14 EDT
314515370,0855610,,CYCLONE TRUCKING INC,MARY'S DRAW 0406-0805H,DOUGLAS,WY,82633,A,0000,Y,S,1389,213112,A,B,,N,,X,,,,,,"PO BOX 908, 5800 MOHAN RD.",GILLETTE,WY,82717,N037    000018929,45,2014-02-15,2014-08-07,2014-02-16,2014-08-07,2014-08-11 01:01:15 EDT
314532177,0950621,,SJA INC DBA ANDERSON DRILLING,6920 AIRPORT BLVD,SACRAMENTO,CA,95837,A,0000,N,S,1381,213111,A,B,,N,,,,,,,,10303 CHANNEL RD,LAKESIDE,CA,92040,N092    000034893,200,2010-08-18,2011-01-05,2010-12-29,2011-01-04,2011-10-14 16:38:47 EDT
314579483,0626000,,LEWIS PETRO PROPERTIES INC,"HWY 44 E, 0.8 MI W OF IH-35",ENCINAL,TX,78019,A,0000,N,S,1311,211111,A,A,,N,,,,,,,,PO BOX 419,ENCINAL,TX,78019,N168    000019896,100,2010-06-21,2011-02-02,2010-09-21,2011-01-11,2011-10-14 16:38:47 EDT
314703893,0627510,,BIG LAKE SERVICES,2.5 MI WEST OF HWY 349 ON CTY RD 107,RANKIN,TX,79778,A,0000,N,S,1389,213112,A,A,,N,,,,,,,,P.O. BOX 10494,MIDLAND,TX,79702,N153    000014650,4,2010-12-02,2012-04-17,2010-12-02,2012-04-16,2012-04-19 01:00:33 EDT
314703950,0627510,,"BRONCO DRILLING CO., INC.","RIG #62, J.R. FLOWERS, 2-#5, HEMPHILL COUNTY,",CANADIAN,TX,79014,A,0000,N,S,1381,213111,A,B,,N,X,,,,,,,16217 N. MAY,EDMOND,OK,73013,N153    000014655,23,2010-12-14,2011-08-15,2010-12-15,2011-08-15,2011-10-14 16:38:47 EDT
314766692,0625700,,"SOUTHERN MUD LOGGING, INC.",BRONCO RIG #25,RINGGOLD,LA,71068,A,0000,N,S,1389,213112,A,A,,N,,,,,,,,104 OZONE ST.,W. MONROE,LA,71291,N099    000027138,2,2010-07-13,2011-01-12,2010-07-15,2010-11-15,2011-10-14 16:38:47 EDT
314766759,0625700,,"NABORS WELL SERVICES, LTD.",624 TOBY MOUNTON RD.,DUSON,LA,70529,A,0000,Y,S,1381,213111,A,B,,N,,,,,,,,,,,00000,N099    539777152,5,2010-09-07,2015-01-05,2011-02-09,2014-12-12,2015-01-08 01:01:51 EST
314767674,0625700,,BASIC ENERGY SERVICES,3716 HWY 155,QUITMAN,LA,71268,A,0000,Y,S,1389,213112,A,B,,N,,,,,,,,4308 HWY 42 NORTH,KILGORE,TX,75662,N099    000027289,6,2010-11-17,2012-04-03,2011-05-06,2011-05-06,2012-04-05 01:07:59 EDT
314767781,0625700,,"GROSSE TETE WELL SERVICE, INC.",STATE LEASE 18067,LAKE SALVADOR,LA,70394,A,0000,N,S,1389,213112,A,B,,N,,,,,,,,77925 MCBAY ROAD,GROSSE TETE,LA,70740,N099    000027306,25,2010-12-02,2011-07-15,2011-01-31,2011-07-15,2011-10-14 16:38:47 EDT
314769597,625700,,"ESTIS WELL SERVICE, LLC",RIG #23 FROG LAKE FIELD,BAYOU SORREL,LA,70764,A,,N,S,1381,213111,A,A,,N,,,,,,,,1414 GRAND PRAIRIE RD.,NEW IBERIA,LA,70560,N099    539777520,6,2011-03-10,2018-11-05,2011-03-11,2015-01-01,2018-11-08 00:05:20 EST
314769852,0625700,,"HILCORP ENERGY, INC.",OFF LA 167 BETWEEN LAFAYETTE AND MAURICE LA,LAFAYETTE,LA,70506,A,0000,N,S,1381,213111,A,A,,N,,,,,,,,1201 LOUISIANA ST.,HOUSTON,TX,77002,N099    000027557,616,2011-03-31,2011-10-19,2011-04-01,2011-10-19,2011-10-22 02:38:10 EDT
314771247,0625700,,"TALCO MIDSTREAM ASSETS LTD, DBA TGGT HOLDINGS LLC",140 YEARWOOD RD,SHREVEPORT,LA,71101,A,0000,Y,S,1321,211112,A,B,,N,,,,,,,,12377 MERRIT DRIVE,DALLAS,TX,75251,N099    000027721,26,2011-05-29,2012-09-18,2011-06-10,2012-05-09,2012-09-20 02:35:17 EDT
314771270,0625700,,FESCO LTD.,8034 HWY 84,MANSFIELD,LA,71052,A,0000,Y,H,1389,213112,A,A,,N,,,,,,,,,,,00000,N099    000027735,7,2011-06-15,2011-08-02,2011-06-15,2011-06-17,2011-10-14 16:38:47 EDT
314779273,0627510,,TRINIDAD DRILLING LP,"RIG 204, CTY RD 125",GARDEN CITY,TX,79739,A,0000,Y,S,1381,213111,A,A,,N,,,,,,,,4948 E HWY 199,SPRINGTOWN,TX,76082,N153    000014724,400,2011-02-08,2014-07-29,2011-02-08,2012-02-21,2014-08-01 01:01:50 EDT
314779331,0627510,,HELMERICH & PAYNE INTERNATIONAL DRILLING CO,RIG #303,MIDLAND,TX,79701,A,0000,Y,S,1381,213111,A,A,,N,,,,,,,,1437 S. BOULDER AVE,TULSA,OK,74119,N153    000014736,12,2011-02-22,2011-08-26,2011-08-01,2011-08-26,2011-10-14 16:38:47 EDT
314779422,0627510,,"5J OILFIELD SERVICES, LLC","RIG #14, SH 349, MABEE RANCH LEASE #1703",STANTON,TX,79782,A,0000,N,S,1389,213112,A,A,,N,,,,,,,,4090 N. US HIGHWAY 79,PALESTINE,TX,75801,N153    000014756,6,2011-03-12,2011-09-29,2011-03-13,2011-09-29,2011-10-14 16:38:47 EDT
314822289,0950643,,"MMI SERVICES, INC.","6527 DOMINION RD., UNITED CAL #118",SANTA MARIA,CA,93454,A,0000,N,S,1381,213111,A,B,,N,,,,,,,,6400 PRICE WAY,BAKERSFIELD,CA,93308,N078    000039339,185,2010-09-23,2011-12-20,2010-12-09,2011-12-09,2011-12-22 01:00:33 EST
314823808,0950643,,"NABORS DRILLING USA, LP","WELL #SJSM2H-E VINTAGE PRODUCTION, RIG 475",SHAFTER,CA,93263,A,0000,N,S,1381,213111,A,B,,N,,,,,,,,3919 ROSEDALE HWY.,BAKERSFIELD,CA,93308,N078    000039945,190,2011-03-11,2013-04-26,2011-07-26,2013-04-08,2013-04-30 02:04:36 EDT
314824087,0950643,,"WEATHERFORD U.S., LIMITED PARTNERSHIP","SKYLINE RD., OFF OF HWY. 119, WELL 333-19R",TUPMAN,CA,93276,A,0000,N,S,1389,213112,A,A,,N,,,,,,,,2815 FRUITVALE AVENUE,BAKERSFIELD,CA,93308,N078    000040006,50000,2011-04-14,2013-07-30,2011-04-14,2013-07-29,2013-08-01 02:11:31 EDT
314824319,0950643,,SCHLUMBERGER CORP.,WELL #622A-14Z ELK HILLS PROPERTY,TUPMAN,CA,93276,A,0000,N,S,1389,213112,A,B,,N,,,,,,,,6120 SNOW ROAD,BAKERSFIELD,CA,93308,N078    000040088,160,2011-05-04,2011-09-20,2011-08-10,2011-08-28,2011-10-14 16:38:47 EDT
314824343,0950643,,"N.T.S., INC.",OCCIDENTAL PETROLEUM LEASE SITE 1-7R STV,TUPMAN,CA,93276,A,0000,N,S,1382,213112,A,B,,N,,,,,,,,8200 STOCKDALE HWY. ST. M10-306,BAKERSFIELD,CA,93311,N078    000040149,600,2011-05-06,2012-07-03,2011-08-04,2012-02-23,2012-07-05 01:00:36 EDT
314824681,0950643,,ENSIGN WELL SERVICES,3055 W. PACIFIC COAST HWY,VENTURA,CA,93001,A,0000,N,S,1381,213111,A,B,,N,,,,,,,,7001 CHARITY AVE.,BAKERSFIELD,CA,93308,N078    000040198,2100,2011-06-02,2016-05-27,2011-11-18,2012-04-25,2016-06-30 01:10:52 EDT
314824905,0950643,,CHEVRON NORTH AMERICAN EXPLORATION & PRODUCTION CO,"SEC.21 S. TWNSHIP 32, RANGE 23 E. GAGE SITE 15",TAFT,CA,93268,A,0000,N,S,1382,213112,A,B,,N,,,,,,,,26251 HWY. 33,FELLOWS,CA,93268,N078    000040320,140,2011-06-21,2011-12-20,2011-08-16,2011-08-16,2011-12-22 01:00:33 EST
314825118,0950643,,ENSIGN U.S. DRILLING CA DBA ENSIGN WELL SVC CALIF,OCCIDENTAL FIELD 384X 25R CHECK PT. 6N,TUPMAN,CA,93268,A,0000,N,S,1381,213111,A,B,,N,,,,,,,,7001 CHARITY AVE.,BAKERSFIELD,CA,93308,N078    000040254,150,2011-06-29,2012-02-15,2011-11-07,2012-02-14,2012-02-17 01:00:39 EST
314825811,0950643,,"TRC, LLC, INC.","BURCH 8R2, SEC 22 T32 S. R23E",TAFT,CA,93268,A,0000,N,S,1311,211111,A,B,,N,,,,,,,,4300 MIDWAY RD.,TAFT,CA,93268,N078    000040574,20,2011-08-08,2011-08-18,2011-08-16,2011-08-16,2011-10-14 16:38:47 EDT
314825829,0950643,,ALLOY CONSTRUCTION,"BURCH 8R2, SEC 22 T 32 S R23E",TAFT,CA,93268,A,0000,N,S,1389,237120,A,B,,N,,,,,,,,701 COMMERCE CT,TAFT,CA,93268,N078    000040575,18,2011-08-08,2011-08-18,2011-08-16,2011-08-16,2011-10-14 16:38:47 EDT
314825837,0950643,,"GENE WATSON CONST., A CALIF., LP","BURCH 8R2, SEC 22 T32 S R23E",TAFT,CA,93268,A,0000,N,S,1389,237120,A,B,,N,,,,,,,,801 KERN ST.,TAFT,CA,93268,N078    000040576,600,2011-08-08,2011-10-21,2011-08-16,2011-08-16,2011-10-25 01:00:27 EDT
314826330,0950643,,"SOUTHERN SIERRA GEN. ENGINEERING, INC.",877 OLEANDER RD.,TAFT,CA,93268,A,0000,N,S,1389,213112,A,B,,N,,,,,,,,P.O. BOX 1113,TAFT,CA,93268,N078    000040705,35,2011-08-30,2012-07-03,2012-01-04,2012-02-23,2012-07-05 01:00:36 EDT
314826835,0950643,,KENAI DRILLING LIMITED,"RIG 17, AERA ENERGY LEASE AT SCHOOL CANYON RD.",VENTURA,CA,93001,A,0000,N,S,1381,213111,A,B,,N,,,,,,,,2701 PATTON WAY,BAKERSFIELD,CA,93308,N078    000040830,250,2011-09-26,2015-10-29,2012-03-05,2015-10-28,2015-11-02 01:02:05 EST
314827734,0950643,,W.R. GARRETSON,WILLIAMS FEE 183 6085 CAT CANYON RD.,SANTA MARIA,CA,93454,A,0000,N,S,1389,213112,A,B,,N,,,,,,,,1665 W. BETTERVIA RD.,SANTA MARIA,CA,93454,N078    000041108,45,2011-12-08,2012-02-23,2012-02-22,2012-02-22,2012-02-25 02:42:49 EST
314828641,0950646,,GENE WATSON CONSTRUCTION,SHAFTER & MERCED RD. VINTAGE PROD SEC 3T28SR25E,SHAFTER,CA,93263,A,0000,N,S,1389,237120,A,B,,N,,,,,,,,501 KERN ST.,TAFT,CA,93268,N078    000041498,700,2012-03-16,2012-11-01,2012-04-29,2012-04-29,2012-11-03 04:29:31 EDT
314829276,0950646,,"KEY ENERGY SERVICES, INC.",.4 MILES W. OF ENTRANCE 24 MIDOIL RD,FELLOWS,CA,93224,A,0000,N,S,1381,213111,A,B,,N,,,,,,,,"5080 CALIF. AVE., SUITE 150",BAKERSFIELD,CA,93309,N078    000041663,117,2012-04-20,2012-11-01,2012-05-21,2012-05-21,2012-11-03 04:29:31 EDT
314831603,0950643,,"ENSIGN UNITED STATES DRILLING CALIFORNIA, INC.","DRILLING RIG.WELL#.TORREY 116, 5 MILES S ON 23,126",FILLMORE,CA,93015,A,0000,N,S,1381,213111,A,B,,N,,,,,,,,7001 CHARITY AVE.,BAKERSFIELD,CA,93308,N078    000042133,20,2012-08-08,2013-01-07,2012-12-26,2012-12-26,2013-01-11 02:27:46 EST
314831827,0950643,,E & B NATURAL RESOURCES MANAGEMENT CORP,SOUTH CUYAMA UNIT WELL 14-36,NEW CUYAMA,CA,93254,A,0000,N,H,1311,211111,A,B,,N,,,,,,,,1848 PERKINS RD,NEW CUYAMA CA 93254,CA,93254,N078    000042228,35,2012-08-21,2013-10-04,2012-12-13,2013-10-04,2013-10-07 01:00:24 EDT
314929670,0627700,,UNIT DRILLING COMPANY,"CR 1080, 1.8 MILES E. OF HWY 34",ELK CTIY,OK,73644,A,0000,N,S,1311,211111,A,B,,N,,,,,,,,P.O. BOX 702500,TULSA,OK,74170,N131    000035413,5,2011-01-22,2012-10-19,2011-01-22,2012-10-19,2012-10-22 01:01:10 EDT
314932757,0627700,,BASIC ENERGY SERVICE,"NADU 27-12, SEC 5-1S-4W, STEPHENS CTY",VELMA,OK,73149,A,0000,N,S,1389,213112,A,B,,N,,,,,,,,820 SOUTH MUSTANG ROAD,YUKON,OK,73099,N131    000038148,4,2011-05-25,2012-10-24,2011-05-25,2012-10-23,2012-10-26 02:42:41 EDT
314933250,0627700,,ADA ENERGY SERVICES LLC,"DRILLING RIG #3, NEAR CR 1650",STONEWALL,OK,74871,A,0000,N,S,1381,213111,A,B,,N,,,,,,,,6211 W. N.W. HIGHWAY # 256,DALLAS,TX,75225,N131    000038251,5,2011-06-27,2013-02-08,2011-06-30,2013-02-07,2013-02-12 02:39:52 EST
314933813,0627700,,"WILSON SALT WATER DISPOSAL, INC.",5133 S. DILLARD ROAD,WILSON,OK,73463,A,0000,N,S,1389,213112,A,B,,N,,,,,,,,P.O. BOX 258,WILSON,OK,73463,N131    000038405,2,2011-08-01,2012-03-28,2011-08-08,2012-03-02,2012-03-30 01:00:32 EDT
314934894,0627700,,"FULL THROTTLE OIL FIELD SERVICES, INC.",TICER WELL #2,WILSON,OK,73463,A,0000,N,S,1389,213112,A,B,,N,,,,,,,,1350 RECK ROAD,WILSON,OK,73463,N131    000038576,1,2011-09-09,2011-12-14,2011-09-09,2011-12-14,2011-12-16 01:00:30 EST
314936048,0627700,,"BIG GIANT DRILLING, LLC",ZETA 1-15H WELL SITE,ELDORADO,OK,73537,A,0000,N,S,1381,213111,A,B,,N,,,,,,,,706 W. MAIN,ARCHER CITY,TX,76351,N131    000038715,6,2011-10-14,2012-11-01,2011-10-14,2012-04-09,2012-11-03 04:29:31 EDT
314936295,0627700,,TOMCAT DRILLING RIG #3,COUNTY LINE #1-2 SWD,BILLINGS,OK,74630,A,0000,Y,H,1381,213111,A,B,,N,,,,,,,,8301 EAST 21ST N. SUITE 360,WICHITA,KS,67206,N131    000038773,12,2011-11-01,2012-03-14,2012-01-17,2012-03-14,2012-03-16 01:00:31 EDT
314936386,0627700,,"HORIZON ENERGY SERVICES, LLC","6 MILES S. OF FORAKER, OK",FORAKER,OK,74652,A,0000,N,S,1381,213111,A,B,,N,,,,,,,,115 E. 80TH STREET,STILLWATER,OK,74074,N131    000038799,5,2011-11-07,2012-11-01,2011-11-08,2012-04-11,2012-11-03 04:29:31 EDT
314936477,0627700,,"GORE NITROGEN PUMPING SERVICE, LLC",916 N. ELM,SEILING,OK,73663,A,0000,N,S,1389,213112,A,B,,N,,,,,,,,,,,00000,N131    000038804,40,2011-11-11,2012-03-07,2011-11-16,2012-03-06,2012-03-09 01:00:31 EST
314944059,0454714,,L & D WELL SERVICES INC,0.5 MI WEST OF MOORE ROAD,BRICEVILLE,TN,37710,A,0000,N,S,1389,213112,A,A,,N,,X,,,,,,P O BOX 1192,VANSANT,VA,24656,N125    000052832,74,2010-09-24,2011-04-21,2010-09-24,2011-04-19,2011-10-14 16:38:47 EDT
315002394,0830300,,CYCLONE DRILLING,"CYCLONE RIG #31, LAWRENCE 2-13H",MCGREGOR,ND,58755,A,0000,N,S,1381,213111,A,B,,N,,,,,,,,P.O. BOX 908,GILLETTE,WY,82716,N169    000013009,600,2011-01-10,2011-06-15,2011-01-10,2011-03-15,2011-10-14 16:38:47 EDT
315069450,0950625,,KVS TRANSPORTATION,1546 CHINA GRADE LOOP,BAKERSFIELD,CA,93308,A,0000,N,S,1389,213112,A,B,,N,,,,,,,,3752 ALLEN RD,BAKERSFIELD,CA,93314,N068    000024698,470,2011-06-01,2011-08-11,2011-08-09,2011-08-10,2011-10-14 16:38:47 EDT
315069955,0950625,,"KEY ENERGY SERVICES CALIFORNIA, INC.",ROUND MOUNTAIN RD & GRANITE RD,BAKERSFIELD,CA,93308,A,0000,N,H,1381,213111,A,B,,N,,,,,,,,"5080 CALIFORNIA AVE., STE 150",BAKERSFIELD,CA,93309,N068    000024735,6,2011-06-23,2011-07-06,2011-06-24,2011-06-27,2011-10-14 16:38:47 EDT
315098566,0626000,,"BLOWOUT TOOLS, INC.",FM HWY 2987 TO FANNIN OAKS DRIVE,FANNIN,TX,77963,A,0000,N,S,1389,213112,A,A,,N,,,,,,,,DRILL TECHNOLOGY CENTER 2202 OIL CENTER COURT,HOUSTON,TX,77073,N168    000020400,10,2010-10-30,2016-06-10,2011-04-07,2013-01-31,2016-06-30 01:10:52 EDT
315116327,0627510,,"BANDERA DRILLING CO., INC.","RIG 1, WELL WODC-765",DENVER CITY,TX,79323,A,0000,Y,S,1381,213111,A,A,,N,,,,,,,,809 T & P LANE,ABILENE,TX,79602,N153    000014810,120,2011-04-15,2011-09-15,2011-04-15,2011-09-15,2011-10-14 16:38:47 EDT
315175794,0953210,,DHS DRILLING CO.,STORMY CANYON EAST OF ROUTE 305,BATTLE MOUNTAIN,NV,89820,A,0000,N,S,1381,213111,A,D,I,N,X,,,,,,,"370 17TH STREET, STE 4300",DENVER,CO,80202,N050    000016925,,2011-03-03,2011-03-30,2011-03-04,2011-03-04,2011-10-14 16:38:47 EDT
315178491,0626000,,"PATTERSON-UTI DRILLING CO., LLC",8.2 MI WEST OF COTULLA,COTULLA,TX,78014,A,0000,N,S,1381,213111,A,A,,N,,,,,,,,"450 GEARS ROAD, STE. 500",HOUSTON,TX,77067,N168    000020516,13,2010-11-27,2016-06-10,2011-05-06,2013-05-17,2016-06-30 01:10:52 EDT
315232918,0626000,,ORION DRILLING COMPANY LLC ALTAIR RIG #7,8-H BRISCOE RANCH,CATARINA,TX,78836,A,0000,N,S,1381,213111,A,A,,N,,,,,,,,674 FLATO RD,CORPUS CHRISTI,TX,78405,N168    000020724,21,2011-04-02,2016-06-10,2011-04-02,2011-11-21,2016-06-30 01:10:52 EDT
315258582,0626600,,"T. K. STANLEY, INC.","LAT: 30 06' 34.11103"" - LONG: 94 16' 34.79731""",BEAUMONT,TX,77713,A,0000,N,S,1389,238910,A,B,,N,,,,,,,,"6739 HWY 184 , PO BOX 31",WAYNESBORO,MS,39367,N145    000025834,4,2011-03-20,2011-08-24,2011-03-20,2011-08-24,2011-10-14 16:38:47 EDT
315277392,0627100,,ARKLAHOMA PIPELINE INC.,980 AIRPORT RD.,OZARK,AR,72949,A,0000,Y,S,1389,237120,A,B,,N,,,,,,,,4332 DORA RD.,VAN BUREN,AR,72956,N128    000020374,31,2011-04-20,2011-08-17,2011-07-21,2011-08-17,2011-10-14 16:38:47 EDT
315277541,0627510,,"ROBINSON DRILLING OF TEXAS, LTD.","RIG 3, TRUITT WOODS #1",LAMESA,TX,79331,A,0000,Y,S,1381,213111,A,A,,N,,,,,,,,607 S. MAIN,BIG SPRING,TX,79720,N153    000014857,350,2011-06-11,2014-07-29,2011-06-15,2011-12-02,2014-08-01 01:01:50 EDT
315277624,0627510,,"ACME ENERGY SERVICES INC., DBA BIG DOG DRILLING","RIG 17, PECK A #4R",MIDLAND,TX,79701,A,0000,Y,S,1381,213111,A,B,,N,,,,,,,,7500 W HWY 80,MIDLAND,TX,79706,N153    000014881,650,2011-06-25,2012-01-18,2011-06-28,2011-11-22,2012-01-20 01:00:32 EST
315277665,0627510,,BASIC ENERGY SERVICES,"RIG 1290,  W BRAHANEY WELL #67",PLAINS,TX,79355,A,0000,Y,S,1389,213112,A,A,,N,,,,,,,,,ODESSA,TX,00000,N153    000014899,50,2011-07-25,2012-01-24,2011-07-27,2011-12-22,2012-01-26 01:00:32 EST
315277848,0627510,,"TITAN DRILLING, LLC",NPDF 22-1,CHANNING,TX,79018,A,0000,N,S,1381,213111,A,A,,N,,,,,,,,4100 OKLAHOMA AVE.,WOODWARD,OK,73801,N153    000014949,12,2011-09-02,2014-07-29,2011-09-02,2012-10-31,2014-08-01 01:01:50 EDT
315300103,0653510,,"REECO WELL SERVICES, INC.",API 30-02532918,LOVINGTON,NM,88260,A,0000,N,S,1389,213112,A,A,,N,,,,,,,,P.O. BOX 1234,HOBBS,NM,88241,N023    000018682,4,2011-03-10,2012-02-29,2011-07-21,2012-02-09,2012-03-02 01:00:33 EST
315302588,0419400,,"T. K. STANLEY, INC.","HERRING 20-15, #1 WELL SITE; BUFORD GANDY ROAD",WAYNESBORO,MS,39367,A,0000,N,S,1389,213112,A,A,,N,,,,,,,,P.O. BOX 31,WAYNESBORO,MS,39367,N147    000021422,333,2011-04-26,2016-06-10,2011-05-05,2011-11-04,2016-06-30 01:10:52 EDT
315340554,0950632,,KENAI DRILLING LTD,HWY 111/MCDONALD RD,NILAND,CA,92257,A,0000,N,H,1381,213111,A,B,,N,,,,,,,,2651 PATTON WAY,BAKERSFIELD,CA,93308,N064    000030648,200,2011-06-08,2011-07-18,2011-06-23,2011-07-15,2011-10-14 16:38:47 EDT
315367946,0626000,,D&B RENTAL SERVICE,"HWY 119, 4 MI NW OF",YORKTOWN,TX,78164,A,0000,Y,S,1389,213112,A,A,,N,,,,,,,,1800 FM 237,YORKTOWN,TX,78164,N168    000020786,3,2011-05-11,2016-06-10,2011-05-12,2011-10-12,2016-06-30 01:10:52 EDT
315488957,0626000,,"PREVAIL ENERGY, INCORPORATED",229 NAVAL AIR STATION DR,CORPUS CHRISTI,TX,78418,A,0000,N,S,1381,213111,A,B,,N,,,,,,,,5210 RIVER OAKS,CORPUS CHRISTI,TX,78413,N168    000020847,3,2011-06-06,2013-02-27,2011-09-07,2013-01-16,2013-03-01 02:48:51 EST
315510123,0653510,,PATTERSON UTI DRILLING COMPANY,SE OF CARLSBAD,CARLSBAD,NM,88220,A,0000,N,S,1381,213111,A,A,,N,,,,,,,,9915 WEST INDUSTRIAL,MIDLAND,TX,79706,N023    000013430,8000,2011-07-11,2013-12-09,2011-07-12,2013-10-24,2013-12-12 01:01:24 EST
315533729,0950631,,RS SWARINGEN TRACTOR SERVICE,1080 W.17TH ST.,COSTA MESA,CA,92626,A,0000,N,S,1382,213112,A,B,,N,,,,,,,,,,,00000,N085    000029458,6,2013-07-10,2014-06-18,2013-11-20,2013-12-14,2014-06-21 02:09:46 EDT
315557454,0627510,,RYAN DRILLING DBA O'RYAN DRILLING,"8.4 MILES E. OF ODONNELL, CR 2053, HENLEY #1, RIG",ODONNELL,TX,79351,A,0000,Y,S,1381,213111,A,B,,N,X,,,,,,,P.O. BOX 14821,ODESSA,TX,79765,N153    000015070,22,2011-12-16,2014-07-29,2012-04-24,2012-07-09,2014-08-01 01:01:50 EDT
315560946,0317500,,"TARGET DRILLING, INC.","1342 NORTH LIBERTY STREET, DAVID E. KING DD 20",WAYNESBURG,PA,15370,A,0000,Y,S,1381,213111,A,B,,N,,,,,,,,1112 GLACIER DRIVE,SMITHTON,PA,15479,N091    000032328,15,2011-07-22,2014-02-19,2011-10-24,2013-12-03,2014-02-22 01:04:21 EST
315610428,0626600,,FESCO LTD,WELL BP BLACKSTONE A470 UNIT #1,NEWTON,TX,75966,A,0000,N,S,1389,238910,A,B,,N,,,,,,,,2205 WEST FLORIDA ST.,BEAUMONT,TX,77705,N145    000026095,905,2011-06-27,2011-12-16,2011-06-28,2011-11-04,2011-12-20 01:00:33 EST
315625079,0625500,,"RINGO DRILLING I, L.P.",TEXAS RT 163 & RT 190 RIG #17,OZONA,TX,79563,A,0000,N,S,1381,213111,A,B,,N,,,,,,,,104 SPINKS ROAD,TYE,TX,79563,N122    000030073,18,2011-06-02,2012-11-06,2011-06-03,2012-04-04,2012-11-08 02:40:22 EST
315628073,0625500,,"T&K SERVICES, INC.",3011 RM 864,SONORA,TX,76950,A,0000,N,S,1389,213112,A,B,,N,,,,,,,,PO BOX 67,CHRISTOVAL,TX,76925,N122    000029965,24,2011-10-05,2012-08-09,2011-10-05,2012-03-26,2012-08-11 03:26:42 EDT
315714832,0627510,,GREAT WHITE PRESSURE PUMPING,"LYNDA 41, #2",GARDEN CITY,TX,79739,A,0000,N,S,1389,213112,A,A,,N,,,,,,,,"14201 CALIBER DR., SUITE 300",OKLAHOMA CITY,OK,73134,N153    000015143,15,2012-02-07,2013-01-11,2012-02-10,2013-01-11,2013-01-15 04:25:57 EST
315714907,0627510,,ELITE PIPELINE SERVICES INC.,MCAFEE PUMP STATION,ODESSA,TX,79764,A,0000,Y,S,1389,213112,A,B,,N,,,,,,,,1714 E. BUS. I-20,COLORADO CITY,TX,79512,N153    000785167,4,2012-03-01,2014-07-29,2012-03-02,2013-12-26,2014-08-01 01:01:50 EDT
315721936,0626700,,NABORS WELL SERVICES COMPANY,HWY 124 SOUTH& HWY 87,HIGH ISLAND,TX,77623,A,0000,N,S,1389,213112,A,B,,N,,,,,,,,515 WEST GREENS ROAD,HOUSTON,TX,77067,N010    000018676,200,2011-08-09,2016-06-10,2011-08-09,2012-11-08,2016-06-30 01:10:52 EDT
315765735,0336000,,PATTERSON-UTI DRILLING COMPANY LLC,"SENECA WELL #50996, TIONESTA A, PATTERSON RIG 340",TIONESTA,PA,16353,A,0000,N,S,1381,213111,A,A,,N,,,,,,,,"450 GEARS ROAD, SUITE 500",HOUSTON,TX,77067,N021    000011297,11,2012-04-05,2013-07-09,2012-09-17,2012-10-01,2013-07-11 02:10:03 EDT
315783597,0626600,,BHB OPERATING INC,10200 BATSON OILFIELD RD,BATSON,TX,77519,A,0000,N,S,1381,213111,A,B,,N,,,,,,,,8207 HUDSON AVE STE B,LUBBOCK,TX,79423,N145    000026229,5,2011-08-12,2016-06-10,2011-08-12,2012-01-18,2016-06-30 01:10:52 EDT
315785105,0626000,,"PATTERSON-UTI DRILLING CO., LLC RIG #531",OFF FM 1433,CARRIZO SPRINGS,TX,78834,A,0000,N,S,1381,213111,A,A,,N,,,,,,,,"450 GEARS RD., SUITE 500",HOUSTON,TX,77067,N168    000021000,5,2011-08-16,2016-06-10,2011-08-16,2012-12-19,2016-06-30 01:10:52 EDT
315799106,0317700,,HIGHLANDS DRILLING LLC,HUNTERS LANE PAD RIG 4,WELLSBORO,PA,16901,A,0000,N,S,1381,213111,A,A,,N,,,,,,,,"900 VIRGINIA STREET EAST, SIXTH FLOOR",CHARLESTON,WV,25301,N157    000020566,10,2011-12-11,2012-05-30,2011-12-30,2012-05-29,2012-06-01 01:00:32 EDT
315841296,0653510,,HALLIBURTON ENERGY SERVICES,ORACLE 21 FEDERAL #4H,CARLSBAD,NM,88220,A,0000,N,S,1389,213112,A,A,,N,,,,,,,,5801 N LOVINGTON HWY,HOBBS,NM,88260,N023    000019078,25,2011-09-20,2012-06-12,2011-09-22,2012-06-11,2012-06-14 02:44:39 EDT
315912972,0626000,,LIBERTY SWABBING INC.,EP GARCIA #1,RAYMONDVILLE,TX,78580,A,0000,N,S,1389,213112,A,A,,N,,,,,,,,3401 CARSNER STREET,VICTORIA,TX,77901,N168    000021096,2,2011-09-09,2013-09-13,2011-09-10,2012-04-10,2013-09-16 01:01:20 EDT
316032176,0626000,,"PIONEER EFS MIDSTREAM, L.L.C.",CENTRAL GATHERING POINT 71,KENEDY,TX,78119,A,0000,Y,S,1321,211112,A,B,,N,,,,,,,,"5205 NORTH O'CONNOR BLVD, SUITE 200",IRVING,TX,75039,N168    000021465,4,2011-11-05,2016-06-10,2012-04-19,2013-06-12,2016-06-30 01:10:52 EDT
316044163,0636900,,"TNT ENERGY, INC.",3618 COUNTY ROAD 239,RISING STAR,TX,76471,A,0000,N,S,1389,213112,A,B,,N,,,,,,,,250 FM 1849,BROWNWOOD,TX,76801,N142    000020837,4,2011-12-09,2012-06-13,2012-01-17,2012-06-13,2012-06-15 02:44:12 EDT
316046051,0636900,,HALCON RESOURCES CORPORATION DBA W.G. OPERATING,SECOND BYWATERS LEASE,ELECTRA,TX,76360,A,0000,N,S,1389,213112,A,B,,N,,,,,,,,612 W. FRONT,ELECTRA,TX,76360,N142    000021069,100,2012-04-04,2014-07-29,2012-04-19,2013-08-06,2014-08-01 01:01:50 EDT
316093632,0626300,,ENERGY DRILLING COMPANY,"OFF CR 995, 5 MILES WEST OF ATLANTA",ATLANTA,TX,75551,A,0000,N,S,1311,211111,A,B,,N,X,,,,,,,P. O. BOX 907,NATCHEZ,MS,39120,N150    000032130,215,2012-01-20,2012-08-08,2012-02-07,2012-08-08,2012-08-10 03:21:57 EDT
316237411,0627700,,"LOGAN EL DORADO DRILLING COMPANY, LLC",BOX 1-5H WELL SITE,CRESCENT,OK,73028,A,0000,N,S,1381,213111,A,B,,N,,,,,,,,"1218 W. WILLOW RD., SUITE B",ENID,OK,73703,N131    000039006,5,2012-01-23,2012-09-19,2012-01-23,2012-09-18,2012-09-21 02:36:35 EDT
316237684,0627700,,PISTOL DRILLING,4420 ANDERSON RD.,WOODWARD,OK,73801,A,0000,Y,S,1311,211111,A,B,,N,,,,,,,,,,,00000,N131    000038591,150,2012-02-03,2013-08-01,2012-02-17,2012-07-26,2013-08-03 04:00:01 EDT
316283076,0626000,,"AIR EQUIPMENT RENTAL, INC","FM RD 791, MCMULLEN COUNTY, PEELER RANCH WELL #4",TILDEN,TX,78072,A,0000,N,S,1389,238910,A,A,,N,,,,,,,,P O BOX 3470,ALICE,TX,78333,N168    000021373,40,2012-01-23,2016-06-10,2012-01-25,2012-08-28,2016-06-30 01:10:52 EDT
316283118,0626000,,TUBAL-CAIN HYDRAULIC SOLUTIONS INC,GALVAN RANCH A359H,LAREDO,TX,78040,A,0000,N,S,1389,213112,A,B,,Y,,,,,,,,"706 HONEA EGYPT RD, STE A",MAGNOLIA,TX,77354,N168    000021392,1,2012-01-11,2012-08-03,2012-03-21,2012-08-02,2012-08-07 03:02:29 EDT
316525641,0653510,,"WIGGLE TAILS OIL FIELD SERVICE, INC.",API30-D45-07891 LEASE #SF 080247-A,BLOOMFIELD,NM,87413,A,0000,Y,S,1389,213112,A,B,,N,,,,,,,,42 CR 3628,AZTEZ,NM,87410,N023    000019805,4,2012-08-22,2013-01-28,2012-12-14,2013-01-28,2013-01-30 02:35:07 EST
316528603,0653510,,"CLOSED LOOP SPECIALTIES, LLC","EAGLE 35E FEDERAL #20, EDDY COUNTY",RIVERSIDE,NM,88210,A,0000,N,S,1389,213112,A,A,,N,,,,,,,,PO BOX 2076,CARLSBAD,NM,88221,N023    000019947,32,2012-11-19,2013-05-03,2012-11-20,2013-05-03,2013-05-07 02:07:39 EDT
316668623,950643,,KEY ENERGY SERVICE LLC,"3429 SHELL RD., HARTMAN WELL",VENTURA,CA,93001,A,,N,S,1389,213112,A,B,,N,,,,,,,,3587 N. VENTURA AVE.,VENTURA,CA,93001,N078    000042562,1500,2012-12-12,2019-05-23,2013-05-21,2019-05-21,2019-05-29 00:20:47 EDT
316670330,950643,,NABORS COMPLETION & PRODUCTION SERVICES CO.,3382 N. VENTURA AVE.,VENTURA,CA,93001,A,,N,S,1389,213112,A,B,,N,,,,,,,,2567 N. VENTURA AVE.,VENTURA,CA,93001,N078    000043343,1300,2013-06-21,2019-01-08,2013-09-30,2014-07-08,2019-01-11 00:22:38 EST
316671031,0950643,,"CONSTRUCTION SPECIALTY SERVICES, INC.",6085 CANYON RD.,SANTA MARIA,CA,93454,A,0000,N,S,1382,213112,A,B,,N,,,,,,,,4550 BUCK OWENS BLVD.,BAKERSFIELD,CA,93308,N078    000043270,80,2013-09-04,2014-05-15,2013-11-08,2014-05-14,2014-05-19 01:01:16 EDT
316671544,950643,,"KEY ENERGY SERVICES CALIFORNIA, INC.",6850 CAT CANYON RD.,SANTA MARIA,CA,93454,A,,N,S,1381,213111,A,B,,N,,,,,,,,5880 CALIFORNIA AVE.,BAKERSFIELD,CA,93309,N078    000043788,1300,2013-10-13,2017-03-29,2014-02-24,,2017-04-03 01:01:44 EDT
316672443,0950643,,"WEATHERFORD ARTIFICAL LIFT SYSTEMS, INC.","3382 N. VENTURA AVE., HARTMAN #42, AREA LEASE",VENTURA,CA,93001,A,0000,N,S,1389,213112,A,B,,N,,,,,,,,325 ROCKLITE RD.,VENTURA,CA,93001,N078    000044145,600,2014-01-10,2016-06-03,2014-04-15,2016-06-01,2016-06-30 01:10:52 EDT
316673151,950643,,PACIFIC OPERATORS OFFSHORE LLC,7459 W. PACIFIC COAST HIGHWAY,MALIBU,CA,90265,A,,N,S,1311,211111,A,B,,N,,,,,,,,"1145 EUGENIA PLACE, STE. 200",CARPINTERIA,CA,93013,N078    000044328,4,2014-03-06,2017-09-13,2014-08-06,2017-08-24,2017-09-18 01:08:22 EDT
316774496,0653510,,"MESA WELL SERVICE,L.P.",GR STATE #1,JAL,NM,88252,A,0000,Y,S,1389,213112,A,B,,N,,,,,,,,PO BOX 1620,HOBBS,NM,88241,N023    000020035,180,2013-01-11,2013-07-01,2013-01-15,2013-07-01,2013-07-03 02:06:08 EDT
316774843,0653510,,SOUTHWEST TRANSPORTATION LLC,1523 SOUTH 1ST STREET,ARTESIA,NM,88210,A,0000,Y,S,1389,213112,A,B,,N,,,,,,,,,,,00000,N023    000020148,2,2013-03-01,2013-09-24,2013-03-02,2013-09-24,2013-09-26 02:10:16 EDT
316901768,1050210,,CH2MHILL INC,ENI FACILITIES OLIKTOK POINT,DEADHORSE,AK,99734,A,0000,N,S,1389,237120,A,B,,N,,X,,,,,,949 EAST 36TH AVE. SUITE 500,ANCHORAGE,AK,99508,N065    000018608,500,2014-09-29,2016-06-10,2014-09-29,2014-11-26,2016-06-30 01:10:52 EDT
316901776,1050210,,"ENI PETROLEUM, INC.",NOC PAD OLIKTOK POINT OPERATIONS,DEADHORSE,AK,99734,A,0000,N,S,1311,211111,A,B,,N,,,,,,,,"3800 CENTERPOINT DR., SUITE 300",ANCHORAGE,AK,99503,N065    000018609,130,2014-09-29,2015-09-08,2014-09-29,2015-04-07,2015-09-11 01:03:21 EDT
316928597,0854910,,FRONTIER DRILLING LLC,N 39 DEGREES 31.331 W 110 DEGREES 44.277,WELLINGTON,UT,84542,A,0000,N,S,1311,211111,A,A,,N,,,,,,,,2685 W 2000 S,ROOSEVELT,UT,84066,N018    000026834,60,2013-03-18,2013-07-19,2013-03-18,2013-07-15,2013-07-22 01:01:25 EDT
316976653,653510,,BATTLE ENERGY SERVICES,ANTARES 23 FEDREAL 4,CARLSBAD,NM,88220,A,,Y,S,1381,213111,A,B,,N,,,,,,,,"1315 EAST AVENUE D, PO BOX 7",LOVINGTON,NM,88260,N023    000020282,53,2013-05-24,2018-03-26,2013-08-05,2018-03-19,2018-03-29 03:51:20 EDT
316976695,0653510,,WILBANKS TRUCKING INC,NM 128 AND WIPP ACCESS ROAD,CARLSBAD,NM,88220,A,0000,Y,S,1389,213112,A,A,,N,,,,,,,,PO BOX 1390,ARTESIA,NM,88211,N023    000020244,20,2013-06-04,2013-12-09,2013-06-06,2013-12-03,2013-12-12 01:01:24 EST
316980499,0950647,,"WEATHERFORD ARTIFICIAL LIFT SYSTEMS, INC.",OCCIDENTAL ELK HILLS WELL #357-29R,TUPMAN,CA,93276,A,0000,N,S,1389,213112,A,B,,N,,,,,,,,P.O. BOX 31,SANTA PAULA,CA,93061,N062    000025713,60,2013-08-06,2015-03-13,2013-12-02,2015-03-13,2015-03-18 01:00:30 EDT
316980861,0950647,,"KB OIL & GAS, INC.",8962 WEST LOKERN RD,MCKITTRICK,CA,93251,A,0000,N,S,1311,211111,A,B,,N,,,,,,,,3201 BERSHIRE RD,BAKERSFIELD,CA,93313,N062    000026091,4,2014-02-18,2014-05-12,2014-05-12,2014-05-12,2014-05-15 01:01:29 EDT
316981067,0950647,,"CHEVRON U.S.A., INC.",36W STEAM PLANT T2 SPENT LIQUOR TANK,MCKITTRICK,CA,93251,A,0000,N,H,1311,211111,A,B,,Y,,,,,,,,3646 WEST REWARD RD,MCKITTRICK,CA,93251,N062    000025899,175,2013-10-24,2014-12-12,2013-12-13,2013-12-13,2014-12-17 01:01:52 EST
316981398,950647,,"SHAR-CRAFT, INC.",115 S BEECH AVE,SHAFTER,CA,93263,A,,N,S,1389,213112,A,B,,N,X,,,,,,,1103 33RD ST.,BAKERSFIELD,CA,93301,N062    000026003,12,2014-01-07,2019-01-09,2014-06-17,2018-02-22,2019-01-14 00:23:14 EST
316981448,0950647,,"OCCIDENTAL OF ELK HILLS, INC.",28590 HIGHWAY 119,TUPMAN,CA,93276,A,0000,N,H,1311,211111,A,B,,N,,,,,,,,10800 STOCKDALE HWY,BAKERSFIELD,CA,93311,N062    000026280,600,2014-02-10,2014-06-19,2014-05-07,2014-06-19,2014-06-23 01:01:14 EDT
316981745,0950647,,NABORS COMPLETION & PRODUCTION SERVICES CO,MCKITTRICK OILFIELDS NEAR LOKERN RD,MCKITTRICK,CA,93251,A,0000,N,S,1389,213112,A,B,,N,,,,,,,,7515 ROSEDALE HWY,BAKERSFIELD,CA,93308,N062    000026159,1200,2014-03-28,2014-09-26,2014-09-26,2014-09-26,2014-09-29 01:01:17 EDT
316982156,0950647,,ENSIGN UNITED STATES DRILLING (CALIFORNIA) INC.,REWARD RD AND HIGHWAY 33,MCKITTRICK,CA,93251,A,0000,N,S,1381,213111,A,B,,N,,,,,,,,7001 CHARITY AVE,BAKERSFIELD,CA,93308,N062    000026301,23,2014-06-04,2015-12-21,2014-09-09,2015-12-21,2015-12-24 01:00:25 EST
316982206,0950647,,CHEVRON U.S.A. INC.,3646 WEST REWARD RD,MCKITRICK,CA,93251,A,0000,N,H,1311,211111,A,B,,N,,,,,,,,,,,00000,N062    000026349,180,2014-06-18,2014-11-03,2014-10-30,2014-10-30,2014-11-06 01:02:47 EST
316982214,0950647,,NABORS COMPLETION & PRODUCTION SERVICES CO.,A ST AND KITTY LITTER RD,TAFT,CA,93268,A,0000,N,S,1389,213112,A,B,,N,,,,,,,,7515 ROSEDALE HWY,BAKERSFIELD,CA,93308,N062    000026336,10,2014-06-23,2015-12-18,2014-10-23,2015-11-18,2015-12-23 01:00:25 EST
316982222,950647,,"KEY ENERGY SERVICES, LLC",ELK HILLS RD & SKYLINE RD,TUPMAN,CA,93276,A,,N,S,1389,213112,A,B,,N,,,,,,,,"5080 CALIFORNIA AVE, SUITE 150",BAKERSFIELD,CA,93276,N062    000026358,97,2014-06-30,2018-03-06,2014-11-21,2016-08-01,2018-03-14 15:18:52 EDT
316982271,950647,,"VERTICAL TANK, INC.",3131 WEAR STREET,BAKERSFIELD,CA,93308,A,,N,S,1389,213112,A,B,,N,,,,,,,,7253 DOWNING AVENUE,BAKERSFIELD,CA,93308,N062    000026283,11,2014-05-23,2017-05-12,2014-11-10,2017-05-03,2017-05-16 01:00:33 EDT
316982503,950647,,"HDB LTD, LIMITED PARTNERSHIP",8921 DE SWAN COURT,BAKERSFIELD,CA,93314,A,,N,H,1389,213112,A,B,,N,,,,,,,,34779 LENCIONI AVE,BAKERSFIELD,CA,93308,N062    000026334,125,2014-06-17,2019-01-09,2014-12-10,2016-05-12,2019-01-14 00:23:14 EST
316982537,0950647,,PAUL GRAHAM DRILLING AND SERVICE CO.,1/2 MI N OF LERDO HWY & POLE LINE RD,LOST HILLS,CA,93249,A,0000,N,H,1381,213111,A,B,,N,,,,,,,,2500 AIRPORT DRIVE RD,RIO VISTA,CA,94571,N062    000026371,5,2014-06-26,2014-12-02,2014-11-21,2014-11-26,2014-12-05 01:01:38 EST
316982651,950647,,"KEY ENERGY SERVICES, LLC",NE OF HWY 46 / BROWN MATERIAL RD,LOST HILLS,CA,93249,A,,N,S,1381,213111,A,B,,N,,,,,,,,"5080 CALIFORNIA AVE, SUITE 150",BAKERSFIELD,CA,93309,N062    000026429,5,2014-07-17,2018-03-19,2014-12-24,2016-10-07,2018-03-26 19:05:58 EDT
316982750,950647,,"NTS, INC.",6.5 MI SE OF S. GRANITE RD & ROUND MOUNTAIN RD.,BAKERSFIELD,CA,93308,A,,N,S,1389,237120,A,B,,N,,,,,,,,8200 STOCKDALE HWY STE M10-306,BAKERSFIELD,CA,93311,N062    000026549,27,2014-09-08,2017-05-19,2015-02-06,2015-12-23,2017-05-24 01:01:26 EDT
316983386,950647,,"IRWIN INDUSTRIES, INC.",12888 HOLLOWAY ROAD,LOST HILLS,CA,93249,A,,N,H,1389,237120,A,B,,Y,,,,,,,,1580 W. CARSON ST.,LONG BEACH,CA,90810,N062    000026561,10,2014-09-17,2017-03-24,2015-02-24,2017-03-23,2017-03-28 01:00:33 EDT
317109403,0653510,,5 J OILFIELD SERVICES LLC,SR 128 MILE MARKER 19,JAL,NM,88252,A,0000,N,S,1389,213112,A,B,,N,,,,,,,,4090 N. HIGHWAY 79,PALESTINE,TX,75801,N023    000020384,475,2013-08-09,2013-12-09,2013-08-09,2013-11-21,2013-12-12 01:01:24 EST
317190767,0950664,,WARREN RESOURCES,1920 E PACIFIC COAST HIGHWAY,WILMINGTON,CA,90744,A,0000,N,S,1311,211111,A,B,,N,,,,,,,,100 OCEANGATE  STE 950,LONG BEACH,CA,90802,N056    000019666,25,2014-09-17,2015-12-23,2014-10-03,2015-12-21,2015-12-26 02:19:14 EST
317249209,0950621,,RANDY CRINER DBA CACHE CREEK DRILLING,18240 CR 86,ESPARTO,CA,95627,A,0000,N,S,1381,213111,A,B,,N,,,,,,,,16855 CR 85B,ESPARTO,CA,95627,N092    000039964,7,2014-02-20,2014-06-02,2014-05-30,2014-06-02,2014-06-05 01:01:29 EDT
317463271,0653510,,PATRON SERVICES LLC,"HWY 82, EAST OF ARTESIA",ARTESIA,NM,88210,A,0000,Y,S,1389,213112,A,A,,N,,,,,,,,P. O. BOX 999,LOVINGTON,NM,88260,N023    000020686,3,2014-02-03,2014-09-26,2014-02-04,2014-09-25,2014-09-29 01:01:17 EDT
317555837,0855610,,PDR ENTERPRISES INC,10 MILES UP BRIDGER PASS RD. ESBY WELL #13,RAWLINS,WY,82301,A,0000,N,S,1389,213112,A,D,B,N,X,,,,,,,501 E.CEDAR ST.,RAWLINS,WY,82301,N037    000019150,1,2014-09-03,2016-03-09,,2014-09-03,2016-03-12 02:22:45 EST
317555993,855610,,WESTERN HYDROVAC INC.,13 SLEEPY HOLLOW DR.,MARBLETON,WY,83113,A,,N,S,1389,213112,A,B,,N,,,,,,,,PO BOX 366,BIG PINEY,WY,83113,N037    000019176,8,2014-09-24,2018-12-03,2015-01-07,2018-11-05,2018-12-11 10:23:07 EST
317600658,0653510,,AMERICAN SAFETY SERVICES INC.,"CADILLAC STATE #7, EDDY COUNTY",LOCO HILLS,NM,88255,A,0000,Y,S,1389,213112,A,A,,N,,,,,,,,PO BOX 12874,ODESSA,TX,79768,N023    000020899,80,2014-05-02,2015-02-18,2014-07-03,2015-02-18,2015-02-21 02:13:07 EST
317643526,0452110,,SKAGGS ENERGY INC,2682 HWY 1715,LOUISA,KY,41230,A,0000,N,S,1311,211111,A,B,,N,X,,,,,,,PO BOX 1415,LOUISA,KY,41230,N020    000067137,1,2015-02-23,2015-11-20,2015-03-06,2015-03-06,2015-11-23 01:01:45 EST
317751402,0950612,,KINGS OIL TOOLS,"1 MILE UP DEAD MANS GULCH, LEFT ON RIG 4 ACCESS",SAN ARDO,CA,93446,A,0000,N,S,1381,213111,A,B,,N,,,,,,,,2235 SPRING ST.,PASO ROBLES,CA,93446,N069    000029933,13,2014-07-28,2016-02-25,2014-12-15,2015-01-06,2016-02-29 01:02:27 EST
317757516,0653510,,"DIVERSIFIED FIELD SERVICES,INC.",BETWEEN ARTESIA AND CARLSBAD,ARTESIA,NM,88210,A,0000,Y,S,1389,213112,A,B,,N,,,,,,,,315 S. LEECH ST.,HOBBS,NM,88240,N023    000020936,160,2014-07-31,2015-06-16,2015-01-29,2015-06-01,2015-06-19 01:02:17 EDT
317757631,0653510,,"STARK TRANSPORTATION, PIPELINE, AND OILFIELD SER",BETWEEN CARLSBAD AND ARTESIA,ARTESIA,NM,88210,A,0000,Y,S,1389,213112,A,B,,N,,,,,,,,19806 MUESCHKE RD,TOMBALL,TX,77377,N023    000021057,15,2014-08-01,2015-02-02,2015-01-26,2015-02-02,2015-02-05 01:00:22 EST
317856078,0653510,,TRIPLE P OIL FIELD SERVICES,RIG #9,AZTEC,NM,87410,A,0000,N,S,1389,213112,A,B,,N,,,,,,,,PO BOX 6690,FARMINGTON,NM,87499,N023    000021127,4,2014-09-05,2015-03-06,2014-09-05,2015-03-05,2015-03-17 01:01:16 EDT
317889301,0454510,,LE BELL CONSTRUCTION COMPANY INC,LEWIS DRIVE,BELTON,SC,29627,A,0000,N,S,1389,237120,A,B,,N,X,,,,,,,1226 COUNTY ROAD #11,HEFLIN,AL,36264,N019    000072670,16,2014-12-12,2015-04-13,2015-04-09,2015-04-13,2015-04-16 01:00:50 EDT
317940294,0453710,,"APPALACHIAN PIPELINE CONTRACTORS, LLP",ONE MILE FROM 3824 US HIGHWAY 264 E,GREENVILLE,NC,27834,A,0000,N,S,1389,237120,A,D,I,,,X,,,,,,208 SHIVEL DRIVE,HENDERSONVILLE,TN,37075,N016    000144708,,2014-11-17,2014-11-24,,2014-11-17,2014-11-27 01:00:27 EST
339767436,0626000,,SOUTHERN TECHNICAL CONTROL,NAYLOR JONES16-1H,FOWLERTON,TX,78021,A,,N,S,,213112,A,D,I,B,,,,,,,,8128 LEOPARD ST,CORPUS CHRISTI,TX,78409,HOST_EST_KEY_VALUE,0,2014-05-14,2015-12-05,2014-05-14,,2015-12-06 01:02:41 EST
339962805,0950647,,"RANDY'S TRUCKING, INC.",2.5 MI W OF HWY 33 ON HOVEY HILLS RD,MARICOPA,CA,93252,A,,N,S,,213112,A,B,I,B,,,,,,,,1050 WOOD ST,TAFT,CA,93268,HOST_EST_KEY_VALUE,89,2014-09-23,2026-01-31,2015-01-15,2015-02-02,2026-02-01 00:22:03 EST
339982340,0950647,,BAKER HUGHES INC.,CHEVRON MIDWAY-SUNSET OIL LEASE,FELLOWS,CA,93224,A,,N,S,,213112,A,B,I,B,,,,,,,,3901 FANUCCHI WAY,SHAFTER,CA,93263,HOST_EST_KEY_VALUE,22000,2014-10-17,2026-01-31,2015-03-23,2018-08-07,2026-02-01 00:22:03 EST
339998130,0552652,,MERIT ENERGY CO,13750 LONE TREE RD,HARTLAND,MI,48353,A,,N,H,,211111,A,B,I,B,,,,,,,,1080 PROUGH,KALKASKA,MI,49646,HOST_EST_KEY_VALUE,4,2014-11-05,2026-01-31,2014-12-03,2015-02-17,2026-02-01 00:22:03 EST
340012590,0950621,,"SULLIVAN DRILLING, INC.",6888 HARRINGTON AVENUE,ARBUCKLE,CA,95912,A,,N,S,,213111,A,B,I,B,,,,,,,,PO BOX 1227,ORLAND,CA,95963,HOST_EST_KEY_VALUE,30,2014-10-17,2026-01-31,2015-02-04,2016-03-25,2026-02-01 00:22:03 EST
340026533,0950643,,NATIONAL OILWELL VARCO LP,106 E. SANTA MARIA ST.,SANTA PAULA,CA,93060,A,,N,S,,211111,A,B,I,B,,,,,,,,106 E. SANTA MARIA ST.,SANTA PAULA,CA,93060,HOST_EST_KEY_VALUE,13,2014-10-15,2026-01-31,2015-03-09,2017-10-31,2026-02-01 00:22:03 EST
340037308,0855610,,MATRIX OIL FIELD SERVICES LLC,"WILLIAMS 1-33 NW NE SEC. 33, T34N R68W",DOUGLAS,WY,82633,A,,Y,S,,211111,A,B,I,B,,,,,,,,PO BOX 1340,DOUGLAS,WY,82633,HOST_EST_KEY_VALUE,30,2014-10-27,2026-01-31,2014-10-27,2016-08-30,2026-02-01 00:22:03 EST
340042803,0950647,,"KEY ENERGY SERVICES, LLC",KERN RIVER OILFIELD 1546 CHINA GRADE LOOP,BAKERSFIELD,CA,93308,A,,N,S,,213112,A,B,I,B,,,,,,,,"5080 CALIFORNIA AVE, SUITE 150",BAKERSFIELD,CA,93309,HOST_EST_KEY_VALUE,4,2014-10-15,2026-01-31,2015-03-20,2016-11-10,2026-02-01 00:22:03 EST
340071851,0552652,,JORDAN DEVELOPMENT LLC,1503 GARFIELD RD N,TRAVERSE CITY,MI,49686,A,,N,H,,213112,A,B,I,B,,,,,,,,1503 GARFIELD RD N,TRAVERSE CITY,MI,49686,HOST_EST_KEY_VALUE,2,2015-04-10,2026-01-31,2015-06-17,2015-10-07,2026-02-01 00:22:03 EST
340081405,0950672,,TIC - THE INDUSTRIAL COMPANY,13 CANYON ROAD,SANTA PAULA,CA,93060,A,,N,S,,211111,A,B,I,B,,,,,,,,1550 JAMES ROAD,BAKERSFIELD,CA,93308,HOST_EST_KEY_VALUE,150,2014-11-13,2026-01-31,2015-03-11,2016-08-23,2026-02-01 00:22:03 EST
340095439,0950631,,"SO CAL HOLDING, LLC","20101 GOLDENWEST ST., HUNTINGTON BEACH",LONG BEACH,CA,90802,A,,N,S,,211111,A,B,I,B,,,,,,,,"111 WEST OCEAN BLVD., SUITE# 800",LONG BEACH,CA,90802,HOST_EST_KEY_VALUE,53,2014-11-19,2026-01-31,2015-02-13,2015-02-13,2026-02-01 00:22:03 EST
340326495,0950643,,RINCON ISLAND LIMITED PARTNERSHIP,5750 W. PACIFIC COAST HIGHWAY,VENTURA,CA,93001,A,,N,S,,213112,A,B,I,B,,,,,,,,5750 W. PACIFIC COAST HIGHWAY,VENTURA,CA,93001,HOST_EST_KEY_VALUE,8,2015-02-03,2026-01-31,2015-05-22,2016-03-11,2026-02-01 00:22:04 EST
340462951,0950672,,SIGNAL HILL PETROLEUM,2633 CHERRY AVE,SIGNAL HILL,CA,90755,A,,N,S,,211111,A,B,I,B,,,,,,,,2633 CHERRY AVE,SIGNAL HILL,CA,90755,HOST_EST_KEY_VALUE,124,2015-03-13,2026-01-31,2015-07-16,2016-06-06,2026-02-01 00:22:04 EST
340468222,0653510,,WARRIOR ENERGY SERVICES,"MESQUITE SWD 3Y, SR 128, CR 1",JAL,NM,88252,A,,N,S,,213112,A,B,I,B,,,,,,,,1727 NORTHWEST COUNTY ROAD,HOBBS,NM,88240,HOST_EST_KEY_VALUE,25,2015-03-13,2026-01-31,2015-05-20,2015-09-09,2026-02-01 00:22:04 EST
340481654,0950611,,CLEAN ENERGY FUELS,511 TUNNEL RD.,SAN FRANCISCO,CA,94134,A,,N,S,,213112,A,B,I,B,,,,,,,,4675 MCCARTHUR CT. STE. 800,NEWPORT BEACH,CA,92660,HOST_EST_KEY_VALUE,1,2015-03-23,2026-01-31,2015-05-27,2015-06-02,2026-02-01 00:22:04 EST
340554708,0854910,,MILLENNIUM OILFIELD SERVICES LLC,TRUNK LINE A,MONTEZUMA CREEK,UT,84534,A,,N,S,,213112,A,B,I,B,,,,,,,,10 FOOTHILL DR,MONTEZUMA CREEK,UT,84534,HOST_EST_KEY_VALUE,25,2015-03-23,2026-01-31,2015-03-23,2015-10-07,2026-02-01 00:22:04 EST
340610971,0950647,,OIL WELL SERVICE COMPANY,"ROUND MOUNTAIN RD., 7 MI E OF GRANITE RD.",BAKERSFIELD,CA,93308,A,,N,H,,213112,A,B,I,B,,,,,,,,10840 NORWALK BLVD,SANTA FE SPRINGS,CA,90670,HOST_EST_KEY_VALUE,16,2015-05-06,2026-01-31,2015-10-21,2016-12-28,2026-02-01 00:22:04 EST
340647692,0950647,,"BARBOUR WELL, INC.",29128 TAUUSIG AVE.,WASCO,CA,93280,A,,N,S,,213112,A,B,I,B,,,,,,,,260 SUNPAC AVE STE. A,HENDERSON,NV,89011,HOST_EST_KEY_VALUE,28,2015-05-21,2026-01-31,2015-10-19,2017-08-07,2026-02-01 00:22:04 EST
340884782,0855610,,"LEGEND SERVICES, INC.",ROUSH FED NO. 1-2TH,WRIGHT,WY,82732,A,,N,S,,213112,A,B,I,B,,,,,,,,PO BOX 146,ROCK SPRINGS,WY,82901,HOST_EST_KEY_VALUE,38,2015-08-21,2026-01-31,2015-12-02,2017-11-20,2026-02-01 00:22:05 EST
340911908,0950621,,CA TRANSPORTATION - OFFICE OF DRILLING SERVICES,HWY 49 & AMERICAN RIVER,COLOMA,CA,95613,C,,N,S,,213111,A,B,I,A,,,,,,,,5900 FOLSOM BLVD. #MS 5,SACRAMENTO,CA,95819,HOST_EST_KEY_VALUE,101,2015-09-11,2026-01-31,2015-12-04,2015-12-29,2026-02-01 00:22:05 EST
341064236,0950615,,MICKELSON ENTERPRISES INC,6600 NOBLE RD,SONOMA,CA,95476,A,,N,S,,213111,A,B,I,B,,,,,,,,PO BOX 2689,PETALUMA,CA,94953,HOST_EST_KEY_VALUE,20,2015-11-18,2026-01-31,2015-12-15,2015-12-15,2026-02-01 00:22:05 EST
341160893,0950643,,NTS INC.,TEMPLIN HIGHWAY AND GOLDEN STATE HIGHWAY,CASTAIC,CA,91310,A,,N,S,,213112,A,B,I,B,,,,,,,,8200 STOCKDALE HWY #M10-306,BAKERSFIELD,CA,93311,HOST_EST_KEY_VALUE,275,2016-01-07,2026-01-31,2016-04-08,2017-08-18,2026-02-01 00:22:05 EST
341178267,0950641,,ALLIANCE DIVERSIFIED INCL,1410 N. TANAGER WAY,LOS ANGELES,CA,90069,A,,N,S,,213111,A,B,I,B,,,,,,,,665 OPPER ST.,ESCONDIDO,CA,92029,HOST_EST_KEY_VALUE,5,2016-01-13,2026-01-31,2016-03-11,2017-02-02,2026-02-01 00:22:05 EST
341239325,0854910,,"STRAIGHT SHOT OILFIELD SERVICES, INC","WASATCH 10 SW 1/4, NE 1/4, SEC. 21, T1S, R1E, 1864 FNL X 2183 FEL",WHITEROCKS,UT,84085,A,,N,S,,213112,A,B,I,B,,,,,,,,6583 N 6000 W,ROOSEVELT,UT,84066,HOST_EST_KEY_VALUE,9,2016-02-09,2026-01-31,2016-03-31,2016-04-22,2026-02-01 00:22:06 EST
341323996,0854910,,SPIT FIRE HOT OILING INC.,6814 W 7625 S,MYTON,UT,84052,A,,N,S,,213112,A,B,I,B,,,,,,,,6814 W 7625 S,MYTON,UT,84052,HOST_EST_KEY_VALUE,2,2016-03-15,2026-01-31,2016-03-16,2016-06-09,2026-02-01 00:22:06 EST
341458776,0950632,,LAYNE CHRISTENSEN COMPANY,368 4TH AVE,CHULA VISTA,CA,91910,A,,N,S,,213111,A,B,I,B,,,,,,,,1717 W PARK AVE,REDLANDS,CA,92373,HOST_EST_KEY_VALUE,2000,2016-05-09,2026-01-31,2016-08-22,2018-11-05,2026-02-01 00:22:06 EST
341692556,0950647,,"RANDY'S TRUCKING, INC.","FRANCO WESTERN RD, 5 MI N OF REWARD RD",MC KITTRICK,CA,93251,A,,N,S,,213112,A,B,I,B,,,,,,,,1050 WOOD ST,TAFT,CA,93268,HOST_EST_KEY_VALUE,40,2016-08-19,2026-01-31,2017-01-18,2018-05-21,2026-02-01 00:22:07 EST
341797561,0854910,,PEAK WELL SERVICE,OIL WELL ULT934-3-1E,FORT DUCHESNE,UT,84026,A,,N,S,,213112,A,B,I,B,,,,,,,,2927 WEST HIGHWAY 40,ROOSEVELT,UT,84066,HOST_EST_KEY_VALUE,64,2016-09-23,2026-01-31,2016-10-06,2017-02-02,2026-02-01 00:22:08 EST
341797934,0950647,,E & B NATURAL RESOURCES MANAGEMENT CORPORATION,"LERDO HWY, EAST OF HWY 65",BAKERSFIELD,CA,93308,A,,N,S,,213112,A,B,I,B,,,,,,,,34740 MERCED AVENUE,BAKERSFIELD,CA,93308,HOST_EST_KEY_VALUE,70,2016-09-27,2026-01-31,2017-02-03,2017-02-03,2026-02-01 00:22:08 EST
341842284,1055360,,"WA317942363 - ENVIRONMENTAL WEST EXPLORATION, INC.",MIDNITE MINE 6534 WELLPININT RD,WELLPINIT,WA,99040,A,,N,S,,213111,A,B,I,B,,,,,,,,PO BOX 11095,SPOKANE,WA,99211,HOST_EST_KEY_VALUE,2,2016-09-21,2026-01-31,2016-11-17,2019-10-09,2026-02-01 00:22:08 EST
341978195,0950631,,HELLMAN PROPERTIES,1 PACIFIC COAST HIGHWAY,SEAL BEACH,CA,90740,A,,N,S,,211111,A,B,I,B,,,,,,,,P.O. BOX 2398,SEAL BEACH,CA,90740,HOST_EST_KEY_VALUE,50,2016-12-15,2026-01-31,2017-03-15,2017-03-16,2026-02-01 00:22:08 EST
342000890,0950643,,"ENSIGN UNITED STATES DRILLING (CALIFORNIA), INC.",26835 PICO CANYON RD,VALENCIA,CA,91355,A,,N,S,,213111,A,B,I,B,,,,,,,,3701 FRUITVALE AVE.,BAKERSFIELD,CA,93308,HOST_EST_KEY_VALUE,129,2016-12-29,2026-01-31,2017-06-01,2018-09-06,2026-02-01 00:22:08 EST
342003647,0950643,,ENSIGN DRILLING,PLATFORM IRENE GPS N 35.36.66 W 120.43.85 1211 CITATION COURT (HELIPAD),SANTA MARIA,CA,93455,A,,N,S,,213111,A,D,I,B,,,,,,,,7001 CHARITY AVENUE,BAKERSFIELD,CA,93308,HOST_EST_KEY_VALUE,5,2016-12-22,2026-01-31,,2017-01-10,2026-02-01 00:22:08 EST
342032323,0854910,,ACTION HOT OIL INC,DOUG CHASEL 4-7-B2,BLUEBELL,UT,84007,A,,N,S,,213112,A,B,I,B,,,,,,,,105 N. 4250 E.,ROOSEVELT,UT,84066,HOST_EST_KEY_VALUE,11,2017-01-13,2026-01-31,2017-02-07,2017-02-07,2026-02-01 00:22:08 EST
342264314,0950647,,"ENSIGN UNITED STATES DRILLING (CALIFORNIA), INC.","SKYLINE RD, 2.5 MI EAST OF RESERVE RD.",TUPMAN,CA,93276,A,,N,S,,213111,A,B,I,B,,,,,,,,3701 FRUITVALE AVE,BAKERSFIELD,CA,93308,HOST_EST_KEY_VALUE,130,2017-04-21,2026-01-31,2017-06-26,2017-06-26,2026-02-01 00:22:09 EST
342533999,0950647,,KENAI DRILLING LIMITED,GILL STATION COSO RD AND CINDER RD,OLANCHA,CA,93549,A,,N,S,,213111,A,B,I,B,,,,,,,,2651 PATTON WAY,BAKERSFIELD,CA,93308,HOST_EST_KEY_VALUE,5,2017-08-11,2026-01-31,2017-12-12,2019-08-16,2026-02-01 00:22:09 EST
342544236,0950643,,KEY ENGERGY SERVICES,890 MISSION ROCK RD,SANTA PAULA,CA,93060,A,,N,S,,213112,A,B,I,B,,,,,,,,"5080 CALIFORNIA AVE., STE. 150",BAKERSFIELD,CA,93309,HOST_EST_KEY_VALUE,390,2017-08-11,2026-01-31,2018-02-02,2020-02-13,2026-02-01 00:22:09 EST
342560083,0950612,,"KEY ENERGY SERVICES, LLC",66575 SARGENTS RD. WELL C3X,SAN ARDO,CA,93450,A,,N,S,,213112,A,B,I,B,,,,,,,,18835 HIGHWAY 65,BAKERSFIELD,CA,93308,HOST_EST_KEY_VALUE,5,2017-08-17,2026-01-31,2018-02-06,2019-11-04,2026-02-01 00:22:09 EST
342594223,0950647,,"KS INDUSTRIES, LP",CONTRACTORS RD. AND HWY 33,LOST HILLS,CA,93249,A,,N,H,,213112,A,B,I,B,,,,,,,,5024 AIRPORT DR.,BAKERSFIELD,CA,93308,HOST_EST_KEY_VALUE,110,2017-08-28,2026-01-31,2018-01-29,2018-01-29,2026-02-01 00:22:09 EST
342709250,0950624,,ETHOS ENERGY FIELD SERVICES,LAKE DON PEDRO DAM 10201 BOND FLAT RD.,LA GRANGE,CA,95329,A,,N,S,,213112,A,B,I,B,,,,,,,,2485 COURAGE DRIVE,FAIRFIELD,CA,94533,HOST_EST_KEY_VALUE,11,2017-10-17,2026-01-31,2018-01-04,2019-01-28,2026-02-01 00:22:10 EST
342720745,0950647,,"ENSIGN UNITED STATES DRILLING (CALIFORNIA), INC.",JAMES RD. AND OILFIELD RD.,BAKERSFIELD,CA,93308,A,,N,H,,213111,A,B,I,B,,,,,,,,7001 CHARITY AVE.,BAKERSFIELD,CA,93308,HOST_EST_KEY_VALUE,250,2017-10-24,2026-01-31,2018-04-06,2018-04-06,2026-02-01 00:22:10 EST
342755345,0854910,,"BROADSPECTRUM DOWNSTREAM SERVICES, INC.",SALT LAKE REFINERY HDN FIN FAN,NORTH SALT LAKE,UT,84054,A,,N,S,,213112,A,B,I,B,,,,,,,,16941 KEEGAN AVE,CARSON,CA,90746,HOST_EST_KEY_VALUE,52,2017-11-02,2026-01-31,2017-11-20,2018-01-18,2026-02-01 00:22:10 EST
342806338,0950641,,"YELLOW JACKET DRILLING SERVICES, LLC",STEWART ST. AT OLYMPIC BLVD.,SANTA MONICA,CA,90404,A,,N,S,,213111,A,B,I,B,,,,,,,,9460 LUCAS RANCH RD,RANCHO CUCAMONGA,CA,91730,HOST_EST_KEY_VALUE,105,2018-02-12,2026-01-31,2018-02-12,2018-12-07,2026-02-01 00:22:10 EST
342815586,0950625,,ENSIGN UNITED STATES DRILLING,8 MI. WEST OF HIGHWAY 5 AND 269,AVENAL,CA,93204,A,,N,S,,213111,A,B,I,B,,,,,,,,7001 CHARITY AVE,BAKERSFIELD,CA,93308,HOST_EST_KEY_VALUE,1000,2017-12-07,2026-01-31,2018-04-26,2019-12-13,2026-02-01 00:22:10 EST
342860434,0950643,,SULLIVAN OILFIELD SERVICES INC.,890 MISSION ROCK RC,SANTA PAULA,CA,93060,A,,N,S,,213112,A,B,I,B,,,,,,,,279 MANZANITA AVE,VENTURA,CA,93001,HOST_EST_KEY_VALUE,2,2017-10-13,2026-01-31,2018-02-02,2019-02-21,2026-02-01 00:22:10 EST
342862992,0950647,,APPLIED TECHNOLOGIES ASSOCIATES,5785 ADELAIDA ROAD,PASO ROBLES,CA,93446,A,,N,S,,213111,A,B,I,B,,,,,,,,3025 BUENA VISTA DRIVE,PASO ROBLES,CA,93446,HOST_EST_KEY_VALUE,235,2018-01-03,2026-01-31,2018-05-17,2018-09-21,2026-02-01 00:22:10 EST
343092268,0950615,,PAUL GRAHAM DRILLING AND SERVICE CO.,2500 AIRPORT RD,RIO VISTA,CA,94571,A,,N,S,,213111,A,B,I,B,,,,,,,,P.O. BOX 669,RIO VISTA,CA,94571,HOST_EST_KEY_VALUE,3,2018-04-17,2026-01-31,2018-07-25,2018-12-03,2026-02-01 00:22:10 EST
343098547,0950633,,"DT TANKS, INC.",2809 S. WILLOW AVENUE,BLOOMINGTON,CA,92316,A,,N,S,,213112,A,B,I,B,,,,,,,,2809 S. WILLOW AVENUE,BLOOMINGTON,CA,92316,HOST_EST_KEY_VALUE,9,2018-04-19,2026-01-31,2018-08-30,2020-07-02,2026-02-01 00:22:10 EST
343206264,0854910,,TOPS WELL SERVICES LLC,N. 40.22333 W. 109.59792,ROOSEVELT,UT,84066,A,,N,S,,213112,A,B,I,B,,,,,,,,2160 S. 1500 E.,VERNAL,UT,84078,HOST_EST_KEY_VALUE,79,2018-06-05,2026-01-31,2018-06-05,2018-06-05,2026-02-01 00:22:11 EST
343213070,0950632,,PAUL GRAHAM DRILLING & SERVICE CO,AT INTERSECTION N OF MCDONALDS RD & W OF DAVIS ROAD,CALIPATRIA,CA,92233,A,,N,S,,213111,A,B,I,B,,,,,,,,2500 AIRPORT RD,RIO VISTA,CA,94571,HOST_EST_KEY_VALUE,8,2018-06-04,2026-01-31,2018-11-14,2019-10-30,2026-02-01 00:22:11 EST
343278032,0950647,,"C&J ENERGY SERVICES, INC.","FRANCO WESTERN RD, 2.5 MI NORTH OF REWARD RD.",MC KITTRICK,CA,93251,A,,N,S,,213111,A,B,I,B,,,,,,,,7515 ROSEDALE HWY,BAKERSFIELD,CA,93308,HOST_EST_KEY_VALUE,250,2018-07-06,2026-01-31,2018-11-20,2021-03-15,2026-02-01 00:22:11 EST
343327300,0950647,,"PRO-VAC, INC.",CONTRACTORS RD AND JACK JONES BLVD,MC KITTRICK,CA,93251,A,,N,H,,213112,A,B,I,B,,,,,,,,P.O. BOX 153,TAFT,CA,93268,HOST_EST_KEY_VALUE,4,2018-07-18,2026-01-31,2018-12-10,2018-12-10,2026-02-01 00:22:11 EST
343338893,0950647,,"GOLDEN STATE DRILLING, INC.",HOLLOWAY RD. & HWY. 46,LOST HILLS,CA,93249,A,,N,S,,213111,A,B,I,B,,,,,,,,3500 FRUITVALE AVE.,BAKERSFIELD,CA,93308,HOST_EST_KEY_VALUE,101,2018-07-27,2026-01-31,2019-01-11,2019-01-11,2026-02-01 00:22:11 EST
343360202,0950647,,"WESTERN WIRELINE, INC.","HONOLULU RD, 3.3 MI E OF AIRPORT RD.",TAFT,CA,93268,A,,N,S,,213112,A,B,I,B,,,,,,,,4000 ALKEN STREET,BAKERSFIELD,CA,93308,HOST_EST_KEY_VALUE,42,2018-08-08,2026-01-31,2018-12-03,2018-12-03,2026-02-01 00:22:11 EST
343429718,0950647,,"HVI CAT CANYON, INC.",16880 N. HIGHWAY 33,LOST HILLS,CA,93249,A,,N,S,,211111,A,B,I,B,,,,,,,,1700 SINTON RD,SANTA MARIA,CA,93458,HOST_EST_KEY_VALUE,6,2018-08-30,2026-01-31,2019-02-22,2019-07-26,2026-02-01 00:22:11 EST
343439584,0854910,,PETROTEQ OIL RECOVERY LLC,8498 S BONANZA HWY,VERNAL,UT,84078,A,,N,S,,213112,A,B,I,B,,,,,,,,15165 VENTURA BLVD,SHERMAN OAKS,CA,91403,HOST_EST_KEY_VALUE,13,2018-08-22,2026-01-31,2018-08-22,2018-08-22,2026-02-01 00:22:11 EST
343584587,0950615,,JAYME R. ZEMANSKY,30 RIDGE AVENUE,MILL VALLEY,CA,94941,A,,N,S,,213111,A,B,I,B,,,,,,,,214 OHIO AVENUE,RICHMOND,CA,94804,HOST_EST_KEY_VALUE,10,2018-11-06,2026-01-31,2019-04-25,2024-06-10,2026-02-01 00:22:12 EST
343695334,0854910,,AKITA DRILLING USA CORP,RIG COORD - N 40.2875 W -110.026,ROOSEVELT,UT,84066,A,,N,S,,213111,A,B,I,B,,,,,,,,3109 35TH AVE SUITE B-101,GREELEY,CO,80634,HOST_EST_KEY_VALUE,22,2019-01-03,2026-01-31,2019-02-19,2019-02-19,2026-02-01 00:22:12 EST
343699633,0950625,,ENSIGN UNITED STATES DRILLING (CALIFORNIA) INC.,1 MILE WEST OF 43040 JACALITOS CREEK ROAD,COALINGA,CA,93210,A,,N,S,,213111,A,B,I,B,,,,,,,,7001 CHARITY AVENUE,BAKERSFIELD,CA,93308,HOST_EST_KEY_VALUE,7,2019-01-09,2026-01-31,2019-05-17,2019-05-29,2026-02-01 00:22:12 EST
343834727,0854910,,FULL PEN WELDING AND INSPECTION INC.,4368 EAST 4700 SOUTH,VERNAL,UT,84078,A,,N,S,,213112,A,B,I,B,,,,,,,,4368 EAST 4700 SOUTH,VERNAL,UT,84078,HOST_EST_KEY_VALUE,10,2019-03-07,2026-01-31,2019-03-07,2019-04-19,2026-02-01 00:22:12 EST
343853305,0950647,,EXCALIBUR WELL SERVICES CORPORATION,HWY 65 AND MERCED AVE.,SHAFTER,CA,93263,A,,N,S,,213112,A,B,I,B,,,,,,,,22034 ROSEDALE HWY.,BAKERSFIELD,CA,93314,HOST_EST_KEY_VALUE,150,2019-03-15,2026-01-31,2019-08-29,2020-04-14,2026-02-01 00:22:12 EST
343945374,0950647,,"MMI SERVICES, INC.",ELK HILLS,TUPMAN,CA,93276,A,,N,S,,213112,A,B,I,B,,,,,,,,4042 PATTON WAY,BAKERSFIELD,CA,93308,HOST_EST_KEY_VALUE,4,2019-04-19,2026-01-31,2019-07-22,2019-07-22,2026-02-01 00:22:12 EST
344057179,0854910,,BERRY PETROLEUM COMPANY LLC,UTE TRIBAL 1524R,DUCHESNE,UT,84021,A,,N,S,,211111,A,B,I,B,,,,,,,,4028 WEST 4000 SOUTH,ROOSEVELT,UT,84066,HOST_EST_KEY_VALUE,52,2019-06-05,2026-01-31,2019-06-05,2019-06-12,2026-02-01 00:22:13 EST
344278197,0950631,,MARTINI DRILLING CORP.,26891 LA ALAMEDA,MISSION VIEJO,CA,92691,A,,N,H,,213111,A,B,I,B,,,,,,,,12141 MARINERS WAY,GARDEN GROVE,CA,92843,HOST_EST_KEY_VALUE,4,2019-08-30,2026-01-31,2019-12-17,2022-03-22,2026-02-01 00:22:16 EST
344309489,0950647,,"HALLIBURTON ENERGY SERVICES, INC.",34722 7TH STANDARD RD.,BAKERSFIELD,CA,93314,A,,N,S,,213112,A,B,I,B,,,,,,,,3000 N SAM HOUSTON PKWY. E,HOUSTON,TX,77032,HOST_EST_KEY_VALUE,380,2019-09-11,2026-01-31,2020-01-28,2020-01-28,2026-02-01 00:22:16 EST
344332614,0950673,,PAUL GRAHAM DRILLING AND SERVICES,"HWY 12, 3 MILES EAST OF HWY 160",RIO VISTA,CA,94571,A,,N,S,,213111,A,B,I,B,,,,,,,,2500 AIRPORT ROAD,RIO VISTA,CA,94571,HOST_EST_KEY_VALUE,150,2019-09-24,2026-01-31,2020-03-18,2021-04-02,2026-02-01 00:22:16 EST
344410980,0950643,,"RIVAL WELL SERVICING, INC.",BRADY PARKWAY,SANTA CLARITA,CA,91310,A,,N,S,,213112,A,B,I,B,,,,,,,,P.O. BOX 12620,BAKERSFIELD,CA,93389,HOST_EST_KEY_VALUE,20,2019-10-28,2026-01-31,2020-04-17,2020-04-17,2026-02-01 00:22:17 EST
344416144,0950615,,PACIFIC COAST DRILLING COMPANY INC.,6000 HWY 1,BODEGA BAY,CA,94923,A,,N,S,,213111,A,B,I,A,,,,,,,,364 BELLEVUE AVENUE,SANTA ROSA,CA,95407,HOST_EST_KEY_VALUE,33,2019-10-28,2026-01-31,2020-04-08,2020-05-11,2026-02-01 00:22:17 EST
344420401,0950647,,OIL WELL SERVICE COMPANY,PANAMA LN. & S. ENOS LN.,BAKERSFIELD,CA,93311,A,,N,S,,213112,A,B,I,B,,,,,,,,10840 NORWALK BLVD,SANTA FE SPRINGS,CA,90670,HOST_EST_KEY_VALUE,30,2019-10-25,2026-01-31,2020-04-09,2020-10-01,2026-02-01 00:22:17 EST
344496385,0950647,,CAMERON INTERNATIONAL CORPORATION,4315 YEAGER WAY,BAKERSFIELD,CA,93313,A,,N,S,,213112,A,B,I,B,,,,,,,,4315 YEAGER WAY,BAKERSFIELD,CA,93313,HOST_EST_KEY_VALUE,70,2019-12-09,2026-01-31,2020-04-13,2020-06-04,2026-02-01 00:22:17 EST
344509088,0950625,,BIG BORE DRILLING INC.,2562 E. BERCH AVE.,CLOVIS,CA,93611,A,,N,S,,213111,A,B,I,B,,,,,,,,1522 W PINE ST,FRESNO,CA,93728,HOST_EST_KEY_VALUE,9,2019-12-11,2026-01-31,2020-04-24,2020-06-10,2026-02-01 00:22:17 EST
344559281,0950643,,"CRUX SUBSURFACE, INC.",CASTAIC PYRAMID DAM,SANTA CLARITA,CA,91384,A,,N,S,,213111,A,B,I,B,,,,,,,,4308 N. BARKER ROAD,SPOKANE VALLEY,WA,99027,HOST_EST_KEY_VALUE,6,2020-01-09,2026-01-31,2020-05-19,2023-03-07,2026-02-01 00:22:17 EST
344580238,0950647,,KENAI DRILLING LIMITED,28590 HWY. 119,TUPMAN,CA,93276,A,,N,S,,213111,A,B,I,B,,,,,,,,2651 PATTON WAY,BAKERSFIELD,CA,93308,HOST_EST_KEY_VALUE,200,2020-01-23,2026-01-31,2020-07-08,2020-07-31,2026-02-01 00:22:17 EST
344633664,0854910,,JACAM CHEMICALS 2013 LLC,2813 W 2600 S,ROOSEVELT,UT,84066,A,,Y,H,,213112,A,B,I,B,,,,,,,,205 S BROADWAY P.O. BOX 96,STERLING,KS,67579,HOST_EST_KEY_VALUE,7,2020-02-14,2026-01-31,2020-02-14,2020-03-30,2026-02-01 00:22:17 EST
344749643,0950643,,"SANTA MARIA ENERGY, LLC",7980 E. SAN ANTONIO RD.,SANTA MARIA,CA,93455,A,,N,S,,211111,A,B,I,B,,,,,,,,7980 E. SAN ANTONIO RD.,SANTA MARIA,CA,93455,HOST_EST_KEY_VALUE,11,2020-05-12,2026-01-31,2020-09-24,2020-12-30,2026-02-01 00:22:17 EST
344942560,0950625,,ARTHUR ORUM WELL DRILLING,AVE 104 AND 80 SOUTH,TIPTON,CA,93272,A,,N,S,,213111,A,B,I,B,,,,,,,,14870 SOUTH EAST AVE.,FRESNO,CA,93725,HOST_EST_KEY_VALUE,25,2020-09-17,2026-01-31,2021-03-02,2022-03-08,2026-02-01 00:22:18 EST
344942602,0950625,,ARTHUR ORUM WELL DRILLING,AVE 104 AND 80 SOUTH,TIPTON,CA,93272,A,,N,S,,213111,A,B,I,B,,,,,,,,14870 SOUTH EAST AVE.,FRESNO,CA,93725,HOST_EST_KEY_VALUE,25,2020-09-24,2021-06-11,,,2021-06-12 03:14:21 EDT
344997788,0854910,,EXTREME WIRELINE INC,WELL SITE,SCOFIELD,UT,84526,A,,N,S,,213112,A,B,I,B,,,,,,,,PO BOX 150,VERNAL,UT,84078,HOST_EST_KEY_VALUE,3,2020-10-26,2026-01-31,2020-11-18,2021-01-13,2026-02-01 00:22:18 EST
345004451,0950673,,"KEY ENERGY SERVICES, LLC","WELL #88 - HACIENDA AG RANCH, NEVIS AVE AND FAYRIDGE ROAD",MC FARLAND,CA,93250,A,,N,S,,213112,A,B,I,B,,,,,,,,18835 HIGHWAY 65,BAKERSFIELD,CA,93308,HOST_EST_KEY_VALUE,156,2020-11-02,2026-01-31,2021-01-29,2024-11-26,2026-02-01 00:22:18 EST
345107700,0950673,,"MMI SERVICES, INC.",24118 ROUND MOUNTAIN RD. (WELL #750 - MOC JEWETT 3 LEASE),BAKERSFIELD,CA,93308,A,,N,S,,213112,A,B,I,B,,,,,,,,4042 PATTON WAY,BAKERSFIELD,CA,93308,HOST_EST_KEY_VALUE,109,2021-01-20,2026-01-31,2021-04-13,2022-12-02,2026-02-01 00:22:18 EST
345109474,0950673,,"KEY ENERGY SERVICES, LLC",18835 HIGHWAY 65,BAKERSFIELD,CA,93308,A,,N,H,,213112,A,B,I,B,,,,,,,,18835 HIGHWAY 65,BAKERSFIELD,CA,93308,HOST_EST_KEY_VALUE,156,2021-01-21,2026-01-31,2021-02-16,2021-02-16,2026-02-01 00:22:18 EST
345126189,0950673,,EXCALIBUR WELL SERVICES CORPORATION,LOST HILLS RD. AND RESOURCE ST. SENECA RESOURCE WELL SITE (T27S - R21E - SEC 26),LOST HILLS,CA,93249,A,,N,S,,213112,A,B,I,B,,,,,,,,22034 ROSEDALE HWY.,BAKERSFIELD,CA,93314,HOST_EST_KEY_VALUE,85,2021-02-01,2026-01-31,2021-06-15,2022-09-02,2026-02-01 00:22:18 EST
345146955,0950673,,CHEVRON U.S.A. INC.,1546 CHINA GRADE  LOOP,BAKERSFIELD,CA,93308,A,,N,H,,211111,A,D,I,B,,,,,,,,9525 CAMINO MEDIA,BAKERSFIELD,CA,93311,HOST_EST_KEY_VALUE,700,2021-02-12,2026-01-31,,2021-02-12,2026-02-01 00:22:18 EST
345176564,0854910,,"MIDWEST COOLING TOWERS, INC",333 WEST CENTER STREET,NORTH SALT LAKE,UT,84054,A,,N,S,,213112,A,B,I,B,,,,,,,,1156 E HIGHWAY 19,CHICKASHA,OK,73018,HOST_EST_KEY_VALUE,80,2021-03-01,2026-01-31,2021-03-23,2021-04-21,2026-02-01 00:22:18 EST
345256093,0950673,,"TOTAL-WESTERN, INC.",24118 ROUND MOUNTAIN RD,BAKERSFIELD,CA,93308,A,,N,S,,213112,A,B,I,B,,,,,,,,2811 FRUITVALE AVE,BAKERSFIELD,CA,93308,HOST_EST_KEY_VALUE,141,2021-04-16,2026-01-31,2021-08-25,2025-11-13,2026-02-01 00:22:18 EST
345284731,0950633,,SOUTHWEST CONTRACTORS INC.,FORT CADY & CENTER RD.,NEWBERRY SPRINGS,CA,92365,A,,N,S,,213112,A,B,I,B,,,,,,,,3235 UNICORN ROAD,BAKERSFIELD,CA,93308,HOST_EST_KEY_VALUE,150,2021-04-15,2026-01-31,2021-06-30,2021-08-09,2026-02-01 00:22:18 EST
345297071,0854910,,ELEMENT TECHNICAL SERVICES LLC,LAT 40.141596  LONG 109.992495,MYTON,UT,84052,A,,Y,S,,211120,A,B,I,B,,,,,,,,675 HERDFORD LN.,CASPER,WY,82609,HOST_EST_KEY_VALUE,14,2021-05-05,2026-01-31,2021-05-05,2021-06-23,2026-02-01 00:22:19 EST
345315766,0950615,,PAUL GRAHAM DRILLING AND SERVICE CO.,2500 AIRPORT RD,RIO VISTA,CA,94571,A,,N,S,,213111,A,B,I,B,,,,,,,,P O BOX 669,RIO VISTA,CA,94571,HOST_EST_KEY_VALUE,100,2021-05-18,2026-01-31,2021-10-27,2021-11-15,2026-02-01 00:22:19 EST
345323554,0950673,,"GENERAL PRODUCTION SERVICE OF CALIFORNIA, INC.",1 MILE SOUTH OF TUPMAN RD AND N ACCESS RD WELL 73N-36S ELK HILLS LEASE,TUPMAN,CA,93276,A,,N,S,,213112,A,B,I,B,,,,,,,,1333 KERN STREET,TAFT,CA,93268,HOST_EST_KEY_VALUE,500,2021-05-21,2026-01-31,2021-10-12,2021-12-27,2026-02-01 00:22:19 EST
345465470,0653510,,CREEK PIPE COMPANY LLC,"HWY 128, MM. 41. YADA A SLOT #1 SITE",JAL,NM,88252,A,,N,S,,213112,A,B,I,B,,,,,,,,PO BOX 61008,MIDLAND,TX,79711,HOST_EST_KEY_VALUE,145,2021-08-05,2026-01-31,2021-08-06,2022-04-12,2026-02-01 00:22:19 EST
345492235,0854910,,MAJOR DRILLING AMERICA INC,"SITE #EN009 MERCUR, UT",FAIRFIELD,UT,84013,A,,N,S,,213111,A,B,I,B,,,,,,,,2200 S 4000 W,SALT LAKE CITY,UT,84120,HOST_EST_KEY_VALUE,75,2021-08-23,2026-01-31,2021-09-17,2021-10-15,2026-02-01 00:22:19 EST
345497747,0855610,,CYCLONE DRILLING INC,"RIG 36 9 MILES WEST ON NORTH HIGHLAND LOOP, TAKE EXIT MILE MARKER 22 ON HWY 59",DOUGLAS,WY,82633,A,,N,S,,213111,A,B,I,B,,,,,,,,P.O. BOX 908,GILLETTE,WY,82717,HOST_EST_KEY_VALUE,14,2021-08-02,2026-01-31,2021-08-02,2022-02-02,2026-02-01 00:22:19 EST
345575906,0950641,,PACIFIC PETROLEUM CALIFORNIA INC,8141 GULANA AVE.,PLAYA DEL REY,CA,90293,A,,N,S,,213111,A,B,I,B,,,,,,,,1615 BETTERAVIA ROAD,SANTA MARIA,CA,93454,HOST_EST_KEY_VALUE,10,2021-10-27,2026-01-31,2022-02-16,2022-04-06,2026-02-01 00:22:19 EST
345616866,0950635,,SOUTHERN CALIFORNIA GAS,2023 PULLMAN LN,REDONDO BEACH,CA,90278,A,,N,S,,213112,A,B,I,A,,,,,,,,555 WEST FIFTH ST.,LOS ANGELES,CA,90013,HOST_EST_KEY_VALUE,37,2021-11-03,2026-01-31,2021-11-24,2024-05-02,2026-02-01 00:22:19 EST
345661920,0653510,,BLACK GOLD ENERGY SERVICES LLC,"GOODWIND 30 STATE 01, WELLSITE SOUTH OF CARLSBAD HWY OFF MADDUX RD",HOBBS,NM,88240,A,,N,S,,213111,A,B,I,B,,,,,,,,2822 CARINO DR,HOBBS,NM,88240,HOST_EST_KEY_VALUE,21,2021-11-23,2026-01-31,2021-12-01,,2026-02-01 00:22:19 EST
345683502,0950673,,EXCALIBUR WELL SERVICES CORPORATION,NORTH OF HWY. 166 AND 0.4 MILES WEST OF BRUMMETT WAY,MARICOPA,CA,93252,A,,N,S,,213112,A,B,I,B,,,,,,,,22034 ROSEDALE HWY.,BAKERSFIELD,CA,93314,HOST_EST_KEY_VALUE,66,2021-12-10,2026-01-31,2022-04-19,2022-09-02,2026-02-01 00:22:19 EST
345686810,0950647,,"KINGS OIL TOOLS, INC.",28400 HOVY HILLS RD.,MARICOPA,CA,93252,A,,N,S,,213111,A,B,I,B,,,,,,,,2235 SPRING ST,PASO ROBLES,CA,93446,HOST_EST_KEY_VALUE,5,2021-12-15,2026-01-31,2022-01-06,2022-01-06,2026-02-01 00:22:19 EST
345697726,0950673,,CHEVRON U.S.A. INC.,1546 S. CHINA GRADE LOOP,BAKERSFIELD,CA,93308,A,,N,H,,211120,A,B,I,A,,,,,,,,9525 CAMINO MEDIA,BAKERSFIELD,CA,93311,HOST_EST_KEY_VALUE,41,2021-12-21,2026-01-31,2022-02-18,2022-02-18,2026-02-01 00:22:19 EST
345734362,0950673,,CHEVRON U.S.A. INC.,1546 S. CHINA GRADE LOOP,BAKERSFIELD,CA,93308,A,,N,H,,211120,A,B,I,A,,,,,,,,9525 CAMINO MEDIA,BAKERSFIELD,CA,93311,HOST_EST_KEY_VALUE,250,2022-01-19,2026-01-31,2022-02-18,2022-02-18,2026-02-01 00:22:20 EST
345734800,0854910,,"CYCLONE DRILLING, INC.",ORION PAD LAT 40.194678 DEG LONG-109.397747 DEG,VERNAL,UT,84079,A,,N,S,,213111,A,B,I,B,,,,,,,,P.O. BOX 908,GILLETTE,WY,82718,HOST_EST_KEY_VALUE,26,2022-01-19,2026-01-31,2022-02-18,2022-04-05,2026-02-01 00:22:20 EST
345754386,0950673,,MACPHERSON OIL COMPANY LLC,24118 ROUND MOUNTAIN RD,BAKERSFIELD,CA,93308,A,,N,S,,213112,A,B,I,B,,,,,,,,24118 ROUND MOUNTAIN RD,BAKERSFIELD,CA,93308,HOST_EST_KEY_VALUE,43,2022-01-31,2026-01-31,2022-06-07,2023-11-16,2026-02-01 00:22:20 EST
345770770,0854910,,"FINLEY RESOURCES, INC.",978 N CRESCENT ROAD,ROOSEVELT,UT,84066,A,,N,S,,211120,A,B,I,B,,,,,,,,975 NORTH CRESCENT ROAD,ROOSEVELT,UT,84066,HOST_EST_KEY_VALUE,140,2022-02-08,2026-01-31,2022-02-08,2022-05-10,2026-02-01 00:22:20 EST
345782635,0854910,,"WHITE MOUNTAIN OPERATING, LLC",39.5271667 NORTH 111.5956388 WEST NORTH OF 100 SOUTH 17200 NORTH,MORONI,UT,84646,A,,N,S,,213111,A,B,I,B,,,,,,,,43 INDUSTRIAL SITE EXT RD,PINEDALE,WY,82941,HOST_EST_KEY_VALUE,9,2022-02-11,2026-01-31,2022-03-01,2022-02-11,2026-02-01 00:22:20 EST
345854640,0854910,,PEAK WELL SERVICE,WELL UTE TRIBAL 7-9D-54,ROOSEVELT,UT,84066,A,,N,S,,213112,A,B,I,B,,,,,,,,PO BOX 643,ROOSEVELT,UT,84066,HOST_EST_KEY_VALUE,5,2022-03-11,2026-01-31,2022-03-11,2022-07-06,2026-02-01 00:22:20 EST
345856751,0854910,,BMW HOT OIL INC.,4333 WEST 3000 SOUTH,ROOSEVELT,UT,84066,A,,N,H,,213112,A,B,I,B,,,,,,,,4333 WEST 3000 SOUTH,ROOSEVELT,UT,84066,HOST_EST_KEY_VALUE,5,2022-03-23,2026-01-31,2022-03-23,2022-06-01,2026-02-01 00:22:20 EST
345900765,0653510,,STONEHAM DRILLING,UNKNOWN,LOCO HILLS,NM,88255,A,,N,S,,213111,A,D,C,B,,,,,,,,999 18TH ST SUITE 3000,DENVER,CO,80202,HOST_EST_KEY_VALUE,0,2022-04-07,2026-01-31,2022-04-07,2022-07-20,2026-02-01 00:22:20 EST
345906697,0950647,,"APPLIED TECHNOLOGIES ASSOCIATES, INC.",3034 PROPELLER DRIVE,PASO ROBLES,CA,93446,A,,N,S,,213111,A,B,I,B,,,,,,,,3025 BUENA VISTA DRIVE,PASO ROBLES,CA,93446,HOST_EST_KEY_VALUE,158,2022-04-19,2026-01-31,2022-07-12,2022-08-05,2026-02-01 00:22:20 EST
345914444,0950673,,"BERRY PETROLEUM  COMPANY, LLC","OILFIELD LEASE 21Z WELL M-24; (35.3033, -119.6083)",MC KITTRICK,CA,93251,A,,N,S,,211120,A,B,I,B,,,,,,,,25072 CA-33,FELLOWS,CA,93224,HOST_EST_KEY_VALUE,42,2022-04-23,2026-01-31,2022-09-09,2022-11-17,2026-02-01 00:22:20 EST
346066962,0950673,,EXCALIBUR WELL SERVICES CORPORATION,1.1 MILES NORTH OF TRUMAN AVE. AND  0.2 MILES WEST OF LOST HILLS RD SENTINEL PEAK RESOURCES LEASE: TISDALE  WELL:74-22,LOST HILLS,CA,93249,A,,N,S,,213112,A,B,I,B,,,,,,,,22034 ROSEDALE HWY.,BAKERSFIELD,CA,93314,HOST_EST_KEY_VALUE,100,2022-07-08,2026-01-31,2022-10-12,2022-11-07,2026-02-01 00:22:20 EST
346275597,0854910,,MILES WELL SERVICE INC.,FINLEY WELL LOCATION #USA 9-16A-8-20,RANDLETT,UT,84063,A,,N,S,,213111,A,B,I,B,,,,,,,,2284 WEST 2000 SOUTH,ROOSEVELT,UT,84066,HOST_EST_KEY_VALUE,5,2022-10-11,2026-01-31,2022-11-11,2022-11-11,2026-02-01 00:22:21 EST
346299977,0950674,,RIVAL WELL SERVICES INCORPORATED,16802 CARBON CANYON RD.,BREA,CA,92823,A,,N,S,,213111,A,B,I,B,,,,,,,,P.O. BOX 12620,BAKERSFIELD,CA,93389,HOST_EST_KEY_VALUE,6,2022-10-24,2026-01-31,2023-04-04,2024-04-02,2026-02-01 00:22:21 EST
346372071,0950673,,"MMI SERVICES, INC.",LOT BEHIND 4646 CALIFORNIA AVE. E&B WELL KERNLAND #5,BAKERSFIELD,CA,93309,A,,N,S,,213112,A,B,I,B,,,,,,,,4042 PATTON WAY,BAKERSFIELD,CA,93308,HOST_EST_KEY_VALUE,210,2022-12-02,2026-01-31,2023-05-25,,2026-02-01 00:22:21 EST
346608094,0854910,,K B'S INSULATION & OIL FIELD,"BASTIAN TRIBAL, 15-23-14-3-1W-H1",ROOSEVELT,UT,84066,A,,N,S,,213112,A,B,I,B,,,,,,,,3902 EAST HIGHWAY 40,ROOSEVELT,UT,84066,HOST_EST_KEY_VALUE,2,2023-04-04,2026-01-31,2023-04-04,2023-07-11,2026-02-01 00:22:22 EST
346707565,0854910,,BACKDRAFT OILFIELD SERVICES,WOMACK 7-8 SWD,ROOSEVELT,UT,84066,A,,N,S,,213112,A,B,I,B,,,,,,,,1314 SOUTH 2300 WEST,ROOSEVELT,UT,84066,HOST_EST_KEY_VALUE,8,2023-05-17,2026-01-31,2023-05-17,2023-06-14,2026-02-01 00:22:22 EST
346769326,0950674,,HELLMAN PROPERTIES,1 PACIFIC COAST HIGHWAY,SEAL BEACH,CA,90740,A,,N,S,,213111,A,B,I,B,,,,,,,,P.O. BOX 2398,SEAL BEACH,CA,90740,HOST_EST_KEY_VALUE,12,2023-06-15,2026-01-31,2023-06-15,2024-02-26,2026-02-01 00:22:22 EST
346798713,0653510,,"BERRY BROS. GENERAL CONTRACTORS, INC.","32.00536  -103.82577, EDDY COUNTY",MALAGA,NM,88263,A,,N,S,,213112,A,B,I,B,,,,,,,,P.O. BOX 253,BERWICK,LA,70342,HOST_EST_KEY_VALUE,20,2023-06-27,2026-01-31,2023-06-27,2023-11-08,2026-02-01 00:22:22 EST
346907561,0950671,,"PROCESS INSTRUMENTS, INC",8802 SCOBEE ST SUITE 100,BAKERSFIELD,CA,93311,A,,N,S,,213112,A,B,I,B,,,,,,,,8802 SCOBEE ST SUITE 100,BAKERSFIELD,CA,93311,HOST_EST_KEY_VALUE,40,2023-08-11,2026-01-31,2024-01-04,2025-01-02,2026-02-01 00:22:22 EST
347188393,0950674,,EXCALIBUR WELL SERVICES CORPORATION,5733 W. PICO BLVD.,LOS ANGELES,CA,90035,A,,N,S,,213112,A,B,I,B,,,,,,,,22034 ROSEDALE HWY.,BAKERSFIELD,CA,93314,HOST_EST_KEY_VALUE,4,2024-01-02,2026-01-31,2024-05-20,2024-12-30,2026-02-01 00:22:23 EST
347234114,0653510,,HELMERICH & PAYNE IDC,"(LATITUDE: 32?15?36.02? LONGITUDE: 103?41?12.74?),  LEA COUNTY",JAL,NM,88252,A,,N,S,,213111,A,B,I,B,,,,,,,,7951 E. I-20,MIDLAND,TX,79705,HOST_EST_KEY_VALUE,1000,2024-01-12,2026-01-31,2024-01-12,2024-06-12,2026-02-01 00:22:23 EST
347259731,0653510,,"TRIONZ, LLC","ATTICUS STATE COM 521-H WELL SITE,  32.07975N 104.14403W, EDDY COUNTY",MALAGA,NM,88263,A,,N,S,,213111,A,B,I,B,,,,,,,,PO BOX 423,ARTESIA,NM,88210,HOST_EST_KEY_VALUE,27,2024-02-05,2026-01-31,2024-02-05,2025-11-20,2026-02-01 00:22:23 EST
347311599,0950672,,"SYNERGY OIL & GAS, LLC",6433 EAST 2ND STREET,LONG BEACH,CA,90803,A,,N,S,,213111,A,B,I,B,,,,,,,,6433 EAST 2ND STREET,LONG BEACH,CA,90803,HOST_EST_KEY_VALUE,20,2024-02-27,2026-01-31,2024-08-19,2024-11-04,2026-02-01 00:22:23 EST
347325342,0854910,,HOWCROFT FIELD SERVICES,1040 EAST 1500 SOUTH,NAPLES,UT,84078,A,,N,S,,213112,A,B,I,B,,,,,,,,1040 EAST 1500 SOUTH,NAPLES,UT,84078,HOST_EST_KEY_VALUE,22,2024-02-28,2026-01-31,2024-02-28,2024-04-30,2026-02-01 00:22:23 EST
347425845,0950643,,"STREAMLINE INNOVATIONS, INC.",29201 HENRY MAYO DRIVE,CASTAIC,CA,91384,A,,N,S,,213112,A,B,I,B,,,,,,,,"777 EAST SONTERRA BOULEVARD, SUITE 200",SAN ANTONIO,TX,78258,HOST_EST_KEY_VALUE,3,2024-03-01,2026-01-31,2024-08-22,,2026-02-01 00:22:23 EST
347491672,0855610,,NORTH SILO RESOURCES,"NORTH SILO RESOURCES HARDING RANCH PAD 9 41.449529, -104.423017",CHEYENNE,WY,82001,A,,N,S,,213111,A,D,I,B,,,,,,,,1416 CAMPBELL RD # 208,HOUSTON,TX,77055,HOST_EST_KEY_VALUE,2,2024-05-17,2026-01-31,2024-05-17,2024-05-17,2026-02-01 00:22:24 EST
347514846,0854910,,PEAK WELL SERVICE,UTE TRIBAL 18-02C,DUCHESNE,UT,84021,A,,Y,S,,213112,A,B,I,B,,,,,,,,288 NORTH 3500 EAST,BALLARD,UT,84066,HOST_EST_KEY_VALUE,6,2024-05-24,2026-01-31,2024-05-24,2024-08-27,2026-02-01 00:22:24 EST
347550394,0653510,,BEDROCK PETROLEUM CONSULTANTS LLC,"(32?14'17.9""N 103?39'57.6""W), LEA COUNTY, NM",JAL,NM,88252,A,,N,S,,213112,A,D,A,B,,,,,,,,800 GESSNER ROAD SUITE 800,HOUSTON,TX,77024,HOST_EST_KEY_VALUE,0,2024-05-30,2026-01-31,2024-05-30,2024-11-20,2026-02-01 00:22:24 EST
347587743,0950613,,APPLIED MATERIALS INC,974 E ARQUES AVE,SUNNYVALE,CA,94085,A,,N,S,,213112,A,B,I,B,,,,,,,,3050 BOWERS AVENUE,SANTA CLARA,CA,95054,HOST_EST_KEY_VALUE,101,2024-06-28,2026-01-31,2024-12-20,2024-12-26,2026-02-01 00:22:24 EST
347666836,0950643,,ABC LIOVIN DRILLING INC,3901 MESA SCHOOL RD,SOMIS,CA,93066,A,,N,S,,213111,A,B,I,B,,,,,,,,1180 EAST BURNETT STREET,SIGNAL HILL,CA,90755,HOST_EST_KEY_VALUE,68,2024-08-05,2026-01-31,2024-10-02,,2026-02-01 00:22:24 EST
347673493,0854910,,CAPSTAR DRILLING,20 MINUTES FROM VERNAL (40. 15. 358. NORTH - 109. 41. 39.6 WEST),VERNAL,UT,84078,A,,N,S,,213111,A,B,I,B,,,,,,,,1910 NORTH LOOP AVENUE,CASPER,WY,82601,HOST_EST_KEY_VALUE,14,2024-08-07,2026-01-31,2024-08-07,2025-07-18,2026-02-01 00:22:24 EST
347707465,0854910,,BMW HOT OIL INC.,MYTON AREA LAT 40.201123 LONG 109.985378,MYTON,UT,84052,A,,N,S,,213112,A,B,I,B,,,,,,,,4323 WEST 3000 SOUTH,ROOSEVELT,UT,84066,HOST_EST_KEY_VALUE,1,2024-08-21,2026-01-31,2024-08-21,2025-01-09,2026-02-01 00:22:24 EST
347708679,0854910,,PEAK WELL SERVICE,"MYTON AREA.  LAT 40.201123, LONG -109.985378",MYTON,UT,84052,A,,N,S,,213112,A,B,I,B,,,,,,,,288 NORTH 3500 EAST,BALLARD,UT,84066,HOST_EST_KEY_VALUE,4,2024-08-21,2026-01-31,2024-08-21,2024-09-06,2026-02-01 00:22:24 EST
347714057,0854910,,MAVERIK LOGISTICS,MYTON AREA LAT 40.201123 LONG 109.985378,MYTON,UT,84052,A,,N,S,,211120,A,B,I,B,,,,,,,,1682 WEST 1500 SOUTH,WOODS CROSS,UT,84087,HOST_EST_KEY_VALUE,1,2024-08-21,2026-01-31,2024-08-21,2024-10-08,2026-02-01 00:22:24 EST
347714255,0854910,,"UINTA WAX OPERATING, LLC.",MYTON AREA LAT 40.201123 LONG 109.985378,MYTON,UT,84052,A,,Y,S,,211120,A,B,I,B,,,,,,,,978 PRESENT ROAD,ROOSEVELT,UT,84066,HOST_EST_KEY_VALUE,2,2024-08-21,2026-01-31,2024-08-21,2024-09-26,2026-02-01 00:22:24 EST
347746695,0950621,,J.RICE ENTERPRISES INC,7471 REESE RD.,SACRAMENTO,CA,95828,A,,N,S,,211130,A,B,I,B,,,,,,,,PO BOX 3040,ROCKLIN,CA,95677,HOST_EST_KEY_VALUE,8,2024-09-10,2026-01-31,2025-03-06,2025-06-09,2026-02-01 00:22:24 EST
347784456,0950673,,"MMI SERVICES, INC.","D&D ""A"" WELL NO. 48 - CHEVRON KERN RIVER, GATE 1 ON CHINA GRADE LOOP (GPS 35.4734, -119.0041)",BAKERSFIELD,CA,93308,A,,N,S,,213112,A,B,I,B,,,,,,,,4042 PATTON WAY,BAKERSFIELD,CA,93308,HOST_EST_KEY_VALUE,390,2024-09-30,2026-01-31,2025-03-12,,2026-02-01 00:22:24 EST
347892986,0950631,,EXCALIBUR WELL SERVICES CORPORATION,510 S. JEFFERSON ST.,PLACENTIA,CA,92870,A,,N,S,,213112,A,B,I,B,,,,,,,,22034 ROSEDALE HIGHWAY,BAKERSFIELD,CA,93314,HOST_EST_KEY_VALUE,94,2024-11-05,2026-01-31,2025-04-14,2025-04-28,2026-02-01 00:22:25 EST
348010695,0355118,,ENBRIDGE (US) INC,"BIG CREEK RD, PIPELINE ROW CROSSING",RICHLANDS,VA,24641,A,,N,S,,213111,A,B,I,B,,,,,,,,915 NORTH ELDRIDGE PARKWAY,HOUSTON,TX,77079,HOST_EST_KEY_VALUE,50,2025-01-31,2026-01-31,2025-02-04,2025-03-07,2026-02-01 00:22:25 EST
348061656,0950671,,BELLAIRE OIL COMPANY,2485 JAMES RD.,BAKERSFIELD,CA,93308,A,,N,S,,211120,A,B,I,B,,,,,,,,1601 SKYWAY DR #215,BAKERSFIELD,CA,93308,HOST_EST_KEY_VALUE,16,2025-02-25,2026-01-31,2025-05-16,,2026-02-01 00:22:25 EST
348299975,0950671,,"C&J WELL SERVICES, LLC",25072 CA-33 (N 35?15.2317' W 119?34.6119'),FELLOWS,CA,93224,A,,N,H,,213112,A,B,I,B,,,,,,,,"3752 ALLEN RD, BAKERSFIELD, CA 93314",BAKERSFIELD,CA,93312,HOST_EST_KEY_VALUE,141,2025-06-10,2026-01-31,2025-11-21,,2026-02-01 00:22:25 EST
348310301,0950642,,ELITE AUTOMATION & ELECTRICAL SERVICES INC.,12720 TELEGRAPH RD.,SANTA FE SPRINGS,CA,90670,A,,N,S,,213112,A,B,I,B,,,,,,,,3553 LANDCO DR SUITE B,BAKERSFIELD,CA,93308,HOST_EST_KEY_VALUE,32,2025-06-13,2026-01-31,2025-11-18,,2026-02-01 00:22:25 EST
348360942,1050210,,ASRC ENERGY SERVICES,"DRILL SITE 1-2 MODULE, KUPARUK RIVER",PRUDHOE BAY,AK,99734,A,,N,S,,213111,A,C,I,B,,,,,,,,3900 C STREET SUITE 701,ANCHORAGE,AK,99503,HOST_EST_KEY_VALUE,50,2025-07-09,2026-01-31,2025-07-09,2025-10-30,2026-02-01 00:22:26 EST
348433046,0653510,,AEGIS CHEMICAL SOLUTIONS,"32.087389,-103.564550",JAL,NM,88252,A,,N,S,,213112,A,B,I,B,,,,,,,,6003 WEST COUNTY ROAD 123,MIDLAND,TX,79706,HOST_EST_KEY_VALUE,3,2025-08-07,2026-01-31,2025-08-08,,2026-02-01 00:22:26 EST
348491408,0653510,,AUREUS ENERGY SERVICES INC,"32.113130, -103.304896, LEA COUNTY",JAL,NM,88252,A,,N,S,,213112,A,B,I,B,,,,,,,,11200 WEST COUNTY ROAD 72,MIDLAND,TX,79707,HOST_EST_KEY_VALUE,165,2025-09-09,2026-01-31,2025-09-09,,2026-02-01 00:22:26 EST
348512906,0950671,,"C&J WELL SERVICES, LLC","SKYLINE ROAD, CHECK POINT 13.5, WELL 355-19R 35? 18? 15.78? N, 119? 32? 33.43? W",TUPMAN,CA,93276,A,,N,S,,213112,A,B,I,B,,,,,,,,"3752 ALLEN RD, BAKERSFIELD, CA 93314",BAKERSFIELD,CA,93312,HOST_EST_KEY_VALUE,86,2025-09-18,2026-01-31,,,2026-02-01 00:22:26 EST
348513078,0950671,,CALIFORNIA RESOURCES CORPORATION,"SKYLINE ROAD, CHECK POINT 13.5, WELL 355-19R 35?18?15.78? N, 119?32?33.43? W",TUPMAN,CA,93276,A,,N,S,,213112,A,B,I,B,,,,,,,,9600 MING AVENUE,BAKERSFIELD,CA,93311,HOST_EST_KEY_VALUE,650,2025-09-18,2026-01-31,,,2026-02-01 00:22:26 EST
348531716,0950682,,KINGS OIL TOOLS INC.,190 E. TRUMAN AVE,COALINGA,CA,93210,A,,N,S,,213112,A,B,I,B,,,,,,,,190 E. TRUMAN AVE,COALINGA,CA,93210,HOST_EST_KEY_VALUE,19,2025-09-29,2026-01-31,2026-01-16,2026-01-22,2026-02-01 00:22:26 EST
348648288,0950621,,"SULLIVAN DRILLING, INC.",SACHREITER RD AND SYCAMORE SLOUGH RD,ARBUCKLE,CA,95912,A,,N,S,,213111,A,B,I,B,,,,,,,,PO BOX 1227,ORLAND,CA,95963,HOST_EST_KEY_VALUE,4,2025-12-17,2026-01-31,,,2026-02-01 00:22:26 EST
348702697,0854910,,K & B CONTRACTING LLC,9449 SR 88,RANDLETT,UT,84063,A,,N,S,,213112,A,B,I,B,,,,,,,,280 SOUTH 2303 WEST,ROOSEVELT,UT,84066,HOST_EST_KEY_VALUE,1,2026-01-16,2026-01-31,2026-01-16,,2026-02-01 00:22:26 EST
