$MeshFormat
2.2 0 8
$EndMeshFormat
$PhysicalNames
1
2 1 "Rhino->WAMIT_file_export_(mesh)"
$EndPhysicalNames
$Nodes
988
1 -3.370409966 -1.605890036 2.466919899
2 -4.101079941 -1.730559945 2.441869974
3 -3.164119959 -2.081559896 2.47458005
4 -4.410150051 1.44291997 2.43114996
5 -4.060910225 1.166339993 2.44336009
6 -3.727390051 1.418599963 2.454979897
7 -1.731830001 -1.725149989 2.524610043
8 -1.446390033 -0.7521899939 2.534539938
9 -1.84800005 -1.252529979 2.520550013
10 -0.8753299713 -0.400180012 2.554549932
11 -1.283679962 -0.1438200027 2.540149927
12 -4.97382021 0.3256799877 2.411439896
13 -4.506690025 0.410409987 2.427730083
14 -4.347809792 0.8070200086 2.433340073
15 -4.568069935 -0.06154000014 2.425479889
16 -4.727660179 -1.047350049 2.42001009
17 -4.467879772 -0.5680699944 2.429130077
18 -4.267839909 -0.9501000047 2.436039925
19 -3.944930077 -1.30103004 2.447309971
20 -2.768549919 -1.644799948 2.488379955
21 -0.9803500175 0.7367699742 2.55092001
22 -1.229560018 1.190670013 2.542200089
23 -1.518829942 0.8429499865 2.532350063
24 -1.322430015 0.335649997 2.538929939
25 -3.428519964 2.001719952 2.465450048
26 -2.27670002 -1.989429951 2.505539894
27 -1.907130003 1.276610017 2.518569946
28 -2.289570093 -1.533630013 2.505079985
29 -4.454730034 -1.418910027 2.429529905
30 -3.35165 1.569059968 2.468110085
31 -2.836390018 1.630839944 2.486099958
32 -2.050990105 1.876459956 2.513550043
33 -2.32156992 1.512840033 2.504070044
34 -2.790299892 -1.656499982 2.337510109
35 -2.302589893 -1.532619953 2.354510069
36 -1.903910041 -1.305140018 2.368499994
37 -1.481559992 -0.8338400126 2.383780003
38 -1.286049962 -0.2050800025 2.390049934
39 -1.325260043 0.4280200005 2.388489962
40 -1.643300056 1.027310014 2.377490044
41 -2.1322999 1.435449958 2.360349894
42 -2.684010029 1.61255002 2.341289997
43 -3.20065999 1.606080055 2.323210001
44 -3.646120071 1.456550002 2.307719946
45 -4.076650143 1.158640027 2.292720079
46 -4.442379951 0.6124799848 2.279530048
47 -4.561800003 0.003770000068 2.275710106
48 -4.497449875 -0.4467000067 2.277960062
49 -4.342689991 -0.8264799714 2.283269882
50 -4.010660172 -1.244109988 2.295000076
51 -3.470839977 -1.569910049 2.3134799
52 -3.940160036 1.806040049 2.448649883
53 -5.001080036 -0.1597300023 2.410520077
54 -4.639309883 1.156049967 2.423140049
55 -0.8570500016 0.2108899951 2.5552001
56 -4.843880177 0.7900300026 2.416039944
57 -1.579779983 1.577669978 2.53098011
58 -2.447149992 2.00970006 2.499959946
59 -2.948400021 2.070980072 2.481739998
60 -3.664249897 -1.955469966 2.457190037
61 -1.314669967 -1.332620025 2.538990021
62 -1.073150039 -0.9572200179 2.547660112
63 -4.902609825 -0.6408100128 2.414089918
64 -2.66899991 -2.075289965 2.491970062
65 -4.984869957 -0.2876900136 2.103729963
66 -4.835969925 -0.8142399788 2.120480061
67 -4.634109974 -1.183590055 2.123769999
68 -4.382329941 -1.491080046 2.13579011
69 -3.957279921 -1.820050001 2.146389961
70 -3.455049992 -2.026730061 2.165420055
71 -2.985179901 -2.09559989 2.182670116
72 -2.464020014 -2.051719904 2.201459885
73 -1.961310029 -1.865120053 2.219010115
74 -1.633059978 -1.655069947 2.231630087
75 -1.332900047 -1.371189952 2.240580082
76 -1.092069983 -1.018139958 2.252419949
77 -0.9324700236 -0.6572399735 2.253930092
78 -0.8357800245 -0.1938299984 2.25763011
79 -0.8453199863 0.2202399969 2.253959894
80 -0.9293100238 0.63173002 2.253509998
81 -1.137310028 1.072170019 2.2493999
82 -1.420670033 1.442450047 2.237349987
83 -1.79745996 1.744070053 2.233769894
84 -2.306619883 1.986289978 2.202860117
85 -2.854700089 2.074110031 2.181410074
86 -3.291100025 2.033230066 2.177860022
87 -3.66899991 1.928429961 2.159950018
88 -4.109779835 1.694859982 2.147059917
89 -4.502649784 1.341400027 2.122009993
90 -4.677939892 1.088529944 2.127690077
91 -4.879240036 0.6775100231 2.118079901
92 -4.985280037 0.1939300001 2.117189884
93 -4.822850227 -0.08323000371 2.266880035
94 -4.776659966 0.3887099922 2.268239975
95 -1.133530021 -0.6881099939 2.39560008
96 -1.381870031 -1.135130048 2.386699915
97 -4.323900223 -1.301800013 2.283979893
98 -4.682970047 -0.7580699921 2.271689892
99 -4.636000156 0.8194500208 2.273169994
100 -1.177549958 0.7650099993 2.393949986
101 -1.043889999 0.3178800046 2.398580074
102 -1.017799973 -0.1402799934 2.399450064
103 -3.049860001 -1.923830032 2.328350067
104 -3.840039968 -1.689710021 2.30114007
105 -4.366149902 1.221989989 2.28260994
106 -1.663329959 -1.447350025 2.376889944
107 -3.979510069 1.573140025 2.29618001
108 -3.455549955 1.818989992 2.314480066
109 -2.921040058 1.894070029 2.333080053
110 -2.422209978 1.827450037 2.350579977
111 -2.172519922 -1.776219964 2.358870029
112 -1.824779987 1.557209969 2.371649981
113 -1.425899982 1.167950034 2.385240078
114 -5.442230225 1.22942996 -0.8223699927
115 -5.535540104 0.8903499842 -0.9888700247
116 -5.537660122 1.240389943 -0.410100013
117 -5.440559864 0.8870900273 1.213569999
118 -5.536870003 1.077180028 0.7974399924
119 -5.537630081 0.5194600224 1.222730041
120 -5.366919994 0.1186200008 1.640259981
121 -5.279220104 0.5473200083 1.685150027
122 -5.537330151 -0.01954000071 1.33099997
123 -5.406400204 -0.8632699847 1.327190042
124 -5.537409782 -0.39447999 1.276649952
125 -5.537469864 -0.9263799787 0.9765099883
126 -5.376070023 -1.294630051 0.9939799905
127 -5.537690163 -1.28410995 0.4090099931
128 -5.410130024 -1.243950009 -0.9319300056
129 -5.537799835 -1.290549994 -0.3836700022
130 -5.537509918 -0.8922899961 -0.9703299999
131 -5.354340076 -0.3598400056 -1.609869957
132 -5.537479877 -0.5266900063 -1.194959998
133 -5.53674984 0.101379998 -1.323619962
134 -5.372809887 -1.548769951 -0.5059599876
135 -5.368420124 -0.9569299817 -1.315019965
136 -5.244840145 -1.686669946 0.7043200135
137 -5.318130016 1.598160028 -0.5456600189
138 -5.355010033 1.63527 0.0117499996
139 -5.537469864 1.305369973 0.1249200031
140 -5.270259857 -0.3701899946 1.754780054
141 -5.178530216 -0.7860599756 1.734179974
142 -5.245709896 1.590489984 0.8442900181
143 -5.442979813 1.419749975 0.4423500001
144 -5.316609859 0.7016500235 -1.533740044
145 -5.205629826 0.2747499943 -1.821359992
146 -5.537270069 0.4973100126 -1.211130023
147 -5.252110004 1.724869967 0.4315100014
148 -5.207849979 -1.504359961 -1.095049977
149 -5.136519909 1.907379985 -0.2617299855
150 -5.119729996 -1.976660013 -0.1290799975
151 -5.399650097 -1.586259961 0.0958499983
152 -4.977809906 -1.985170007 -0.782130003
153 -5.12251997 -0.475609988 -1.887429953
154 -5.15955019 -1.052719951 -1.595810056
155 -4.970230103 2.107480049 0.1527100056
156 -5.020510197 0.8338999748 -1.883380055
157 -5.190030098 1.148010015 -1.451679945
158 -5.02755022 1.719470024 1.137199998
159 -4.899350166 2.068579912 0.7136300206
160 -5.252200127 1.258270025 1.271810055
161 -4.912559986 1.412960052 1.669029951
162 -4.861279964 -2.192150116 0.5106800199
163 -5.175600052 -1.884340048 0.240899995
164 -5.101439953 -1.574509978 1.229159951
165 -4.73032999 -1.79689002 1.526160002
166 -4.885179996 -1.347139955 1.77760005
167 -5.182509899 -1.176059961 1.491969943
168 -4.660190105 -2.415030003 -0.0609799996
169 -4.902589798 -0.9491400123 -1.967540026
170 -4.678569794 0.7562199831 -2.237010002
171 -4.865049839 0.3235000074 -2.180310011
172 -4.867189884 -2.191649914 -0.4144200087
173 -4.883150101 -1.962599993 1.03489995
174 -4.755569935 -1.355250001 -1.880959988
175 -4.917870045 -1.559030056 -1.518919945
176 -4.617670059 2.414710045 -0.005779999774
177 -4.866079807 2.17227006 -0.3952400088
178 -4.728750229 1.910380006 1.342049956
179 -4.747620106 -0.3912700117 -2.28441
180 -4.544529915 -0.6984000206 -2.369740009
181 -4.712500095 0.01126000006 -2.333930016
182 -5.053780079 -0.02693999931 -2.018399954
183 -4.649909973 1.242370009 -2.039829969
184 -4.64786005 -2.285020113 0.7822399735
185 -4.532440186 2.256500006 1.025470018
186 -4.399340153 -1.729869962 1.922250032
187 -4.576099873 -2.194619894 1.138010025
188 -4.41478014 -2.054169893 1.561660051
189 -4.538589954 2.415280104 0.5360599756
190 -4.498010159 -1.175719976 -2.214629889
191 -4.396120071 2.551889896 0.2201399952
192 -4.306069851 -0.1515700072 -2.612479925
193 -4.469820023 0.3438999951 -2.488169909
194 -4.171160221 -2.561660051 0.8999999762
195 -4.066420078 2.439630032 1.247650027
196 -4.146450043 2.567780018 0.8229100108
197 -4.368569851 2.191099882 1.369320035
198 -4.052330017 -2.129509926 1.772819996
199 -4.035309792 -2.466200113 1.288079977
200 -4.035449982 0.2651099861 -2.730149984
201 -4.227890015 -1.045369983 -2.449779987
202 -4.102019787 -0.65546 -2.636369944
203 -4.032649994 2.132889986 1.751199961
204 -3.688679934 2.456830025 1.508049965
205 -4.458399773 1.805189967 1.785920024
206 -3.775110006 2.676719904 0.9775900245
207 -4.246409893 0.6997100115 -2.549580097
208 -3.764839888 0.5221300125 -2.796390057
209 -3.719409943 -2.302649975 1.758030057
210 -3.677979946 -2.741750002 0.9474499822
211 -3.81656003 -2.807790041 0.5636799932
212 -3.423340082 -2.691410065 1.256229997
213 -3.536689997 -0.03092000075 -2.918339968
214 -3.166009903 -0.42148 -2.953680038
215 -3.724329948 -0.5961999893 -2.798759937
216 -3.950370073 -0.2358099967 -2.771899939
217 -3.562799931 2.173870087 1.942710042
218 -3.269619942 2.467689991 1.663810015
219 -3.350120068 2.698810101 1.202299953
220 -3.554610014 -0.8866299987 -2.779910088
221 -3.153079987 -0.8523200154 -2.860820055
222 -3.031939983 0.1768099964 -2.981189966
223 -3.239979982 0.5105100274 -2.925780058
224 -3.289779902 -2.385740042 1.808320045
225 -2.908279896 2.444880009 1.752629995
226 -2.886100054 2.726929903 1.260920048
227 -2.725130081 -0.296600014 -2.979830027
228 -2.734869957 -2.464570045 1.757300019
229 -3.072180033 -2.561789989 1.594980001
230 -2.71687007 0.823300004 -2.876899958
231 -2.569469929 0.4673300087 -2.945219994
232 -2.545749903 2.784519911 1.082499981
233 -2.738110065 2.913069963 0.7301700115
234 -2.845799923 -2.788710117 1.180060029
235 -2.375689983 -2.640559912 1.400760055
236 -2.703190088 -0.866590023 -2.8743999
237 -2.287290096 -2.359910011 1.817880034
238 -2.431750059 2.281510115 1.920009971
239 -2.370310068 -2.817589998 0.9882699847
240 -2.768160105 -2.934890032 0.7262399793
241 -2.251270056 2.532939911 1.514889956
242 -2.170730114 2.744630098 1.005499959
243 -2.195960045 2.869839907 0.6046000123
244 -2.026789904 0.5230600238 -2.832779884
245 -2.074929953 0.1576599926 -2.891710043
246 -2.565439939 0.09207999706 -2.980880022
247 -1.961130023 -2.618769884 1.247979999
248 -2.070600033 -2.879110098 0.5583299994
249 -1.613770008 -2.661170006 0.7433000207
250 -1.730469942 -2.249629974 1.690760016
251 -1.769160032 2.655469894 0.896329999
252 -1.858139992 2.800970078 0.4584699869
253 -1.743090034 2.434550047 1.388440013
254 -1.968969941 -2.134239912 1.954699993
255 -2.260989904 0.8961499929 -2.798219919
256 -1.757799983 1.036949992 -2.601959944
257 -1.665940046 0.7634699941 -2.644269943
258 -1.581969976 -1.90023005 1.98913002
259 -2.189199924 -0.5720199943 -2.874069929
260 -2.22555995 -0.2047699988 -2.925260067
261 -1.712970018 -0.2927899957 -2.763459921
262 -1.687710047 -0.7059900165 -2.676490068
263 -1.223080039 0.4882900119 -2.479670048
264 -1.57348001 0.1952500045 -2.712899923
265 -1.474789977 -2.391740084 1.265319943
266 -1.462110043 1.967800021 1.818189979
267 -1.93114996 2.158940077 1.883769989
268 -1.411129951 2.565119982 0.6078699827
269 -1.433500051 2.650099993 0.1742600054
270 -1.311249971 2.233230114 1.306339979
271 -1.198680043 2.348429918 0.9200999737
272 -1.266139984 -1.928349972 1.720170021
273 -1.36500001 -0.4047600031 -2.579380035
274 -1.022650003 -2.137269974 1.146440029
275 -1.265570045 -2.488320112 0.6802999973
276 -1.154549956 -1.46844995 2.040630102
277 -1.62401998 -2.753669977 0.3301700056
278 -1.065819979 -0.1105199978 -2.418900013
279 -1.299780011 -2.602109909 0.03878999874
280 -1.102300048 -2.450139999 0.2987599969
281 -0.9658300281 2.32310009 0.3528099954
282 -1.487830043 -1.185680032 -2.428359985
283 -1.063279986 -0.633589983 -2.335890055
284 -0.8679800034 -0.9568300247 -2.056849957
285 -1.187070012 -1.365370035 -2.112689972
286 -1.201850057 0.9153599739 -2.336139917
287 -0.8813899755 1.084900022 -1.991140008
288 -0.8061599731 0.5720400214 -2.126650095
289 -0.8631899953 0.1248999983 -2.250849962
290 -0.8752300143 1.924499989 1.211259961
291 -1.14399004 1.927350044 1.564180017
292 -0.8096399903 1.623559952 1.513170004
293 -1.083570004 1.523309946 1.916659951
294 -0.815500021 -2.179169893 0.5528699756
295 -0.6815800071 1.098780036 1.802819967
296 -0.6279399991 -0.8897699714 1.857560039
297 -0.7517099977 -1.167260051 1.848060012
298 -0.8030499816 2.04734993 0.8172199726
299 -0.9034699798 -1.705229998 1.58257997
300 -0.5600600243 -1.363350034 1.442980051
301 -0.5620300174 -1.388120055 -1.400480032
302 -0.8360800147 -1.860440016 -1.286649942
303 -0.9690899849 -1.576629996 -1.757019997
304 -0.7894899845 -1.255169988 -1.799739957
305 -0.8135799766 -2.237309933 -0.02091999911
306 -0.512040019 -1.906669974 0.266959995
307 -0.6428999901 -0.3890900016 -2.017390013
308 -1.105829954 -2.465420008 -0.2159900069
309 -0.9418600202 -2.288269997 -0.5304099917
310 -0.6046599746 -2.002409935 -0.3162299991
311 -0.6117299795 -1.689360023 1.140370011
312 -0.8154299855 2.209330082 -0.1043199971
313 -0.534070015 1.927459955 0.0198400002
314 -0.5815700293 1.894430041 -0.5655800104
315 -0.9052199721 2.214930058 -0.6061499715
316 -0.5496199727 -0.4647299945 1.914960027
317 -0.8525400162 -2.103919983 -0.8556900024
318 -0.6078199744 -1.88925004 -0.7283700109
319 -0.5982199907 1.519490004 -1.283220053
320 -0.5936499834 1.159649968 -1.61638999
321 -0.9075700045 1.64349997 -1.606520057
322 -0.8288000226 1.940809965 -1.101789951
323 -0.5767199993 1.908239961 0.4898799956
324 -0.5557100177 1.688300014 0.9979500175
325 -0.5677700043 -1.815870047 0.8110399842
326 -0.5499699712 0.6158599854 -1.839640021
327 -0.5582900047 0.08643999696 -1.945979953
328 -0.3498399854 -1.444509983 -0.9004899859
329 -0.5666099787 -0.9303100109 -1.732049942
330 -0.3244700134 -1.019379973 -1.30490005
331 -0.3346199989 1.490120053 -0.7478600144
332 -0.5245000124 1.277909994 1.433390021
333 -0.285679996 1.314689994 0.9426699877
334 -0.3547700047 -0.5035899878 1.629559994
335 -0.3278700113 0.03553000093 1.683449984
336 -0.5498099923 0.05183000118 1.961910009
337 -0.3194000125 1.099259973 -1.205539942
338 -0.3482399881 0.6125900149 1.575999975
339 -0.5988199711 0.5903499722 1.934190035
340 -0.294389993 -0.8397200108 1.409980059
341 -0.325120002 -1.520670056 0.7088599801
342 -0.292750001 -1.628579974 -0.1318999976
343 -0.2924799919 -1.540159941 -0.525759995
344 -0.3422400057 1.594900012 0.4873400033
345 -0.3222999871 0.6537299752 -1.507249951
346 -0.3340399861 0.0908100009 -1.651780009
347 -0.3295699954 1.651530027 -0.05824000016
348 -0.3184899986 -1.222280025 1.133520007
349 -0.2853499949 -1.608579993 0.2604199946
350 -0.3254899979 -0.4461300075 -1.59552002
351 -3.684760094 2.817389965 0.6155700088
352 -4.113649845 2.684479952 0.4218299985
353 -4.986609936 1.910249949 -0.8503400087
354 -4.976260185 1.653229952 -1.296949983
355 -5.19615984 1.488590002 -1.10484004
356 -4.3832798 1.086979985 -2.32449007
357 -4.053790092 0.9615399837 -2.562930107
358 -3.701869965 0.8785700202 -2.728440046
359 -3.306999922 0.8349699974 -2.839099884
360 -1.327880025 1.238129973 -2.270349979
361 -1.101519942 1.410709977 -1.993020058
362 -3.931090117 -0.9529799819 -2.627439976
363 -4.990369797 -1.753180027 -1.172000051
364 -4.270009995 -2.654439926 0.3299899995
365 -3.290009975 -2.91050005 0.7141500115
366 -2.368629932 -2.915849924 0.6601799726
367 -1.939910054 -1.002339959 -2.685280085
368 -2.296410084 -0.9169700146 -2.806119919
369 -5.153510094 0.9468200207 1.679280043
370 -4.858399868 1.443009973 -1.684440017
371 -3.270519972 2.891380072 0.7042400241
372 -1.121330023 2.452179909 -0.1890500039
373 -0.292140007 0.9868599772 1.288759947
374 -0.2464600056 1.600679994 0.1142999977
375 -0.2369100004 0.5611299872 1.521780014
376 -0.2288600057 -1.337159991 -0.9033300281
377 -0.2428800017 -0.3918400109 1.579929948
378 -0.2379299998 1.514129996 0.5191299915
379 -0.2219299972 -1.491140008 0.6483500004
380 -0.2274499983 0.0611499995 -1.589750051
381 -0.2449699938 0.4264500141 -1.539530039
382 -0.2259500027 0.08149000257 1.616600037
383 -0.2343800068 1.400349975 -0.763289988
384 -0.2112199962 1.551679969 -0.3424400091
385 -0.2084300071 -1.212880015 1.086140037
386 -0.2196200043 -0.9252399802 -1.32525003
387 -0.2059399933 1.115730047 -1.129029989
388 -0.2100200057 -0.3441799879 -1.561730027
389 -0.2027200013 0.8261899948 -1.354609966
390 0.0002300000051 1.551290035 -0.3611800075
391 0.0002500000119 1.39910996 -0.7478200197
392 0.0001999999949 1.589650035 0.1337299943
393 0.0002500000119 1.486279964 0.5945000052
394 0.0002500000119 1.260929942 0.9891700149
395 0.0002800000075 0.9866200089 1.268190026
396 0.0002800000075 0.6094700098 1.495239973
397 0.0002699999895 0.216839999 1.598709941
398 0.0002099999983 -0.3511100113 1.595890045
399 0.0002500000119 -0.9491000175 1.320739985
400 0.0002500000119 -1.301110029 0.9745399952
401 0.0003199999919 -1.555439949 0.4772599936
402 0.0002600000007 -1.618899941 -0.07502999902
403 0.0002500000119 -1.525740027 -0.5228899717
404 0.0002200000017 -1.310170054 -0.9445499778
405 0.0002500000119 -0.9257400036 -1.30862999
406 0.0002899999963 -0.4736599922 -1.530079961
407 0.0002300000051 0.0252299998 -1.592329979
408 0.0002600000007 0.4330999851 -1.529459953
409 0.0002399999939 0.7971000075 -1.371340036
410 0.0001999999949 1.134600043 -1.116770029
411 0.0002200000017 -0.4502499998 -0.9056100249
412 0.0003000000142 0.1548500061 -0.9982100129
413 0.0002699999895 -0.8037499785 -0.6096100211
414 0.0002899999963 0.674660027 -0.7270299792
415 0.0002500000119 0.3040600121 0.9908599854
416 0.0002800000075 0.8037499785 0.609589994
417 0.0003399999987 0.9994999766 0.1272500008
418 0.0002200000017 0.9198799729 -0.3736799955
419 0.0004299999855 -0.3510099947 0.9680100083
420 -3.999999899e-05 -0.8931800127 0.5560799837
421 0.000159999996 -1.025089979 -0.143930003
422 -0.05965999886 0.6639299989 -0.7606800199
423 -0.059799999 -0.3726199865 -0.9419000149
424 -0.05973999947 -0.820110023 -0.6053299904
425 -0.05982000008 -0.9484999776 0.4415900111
426 -0.05984000117 -0.4917399883 0.9064900279
427 -0.05978000164 -0.09252999723 1.013810039
428 -0.05987999961 0.451759994 0.9239000082
429 -0.06047999859 0.9368299842 0.3970699906
430 -0.05976999924 0.9604700208 -0.2578400075
431 -0.05984999985 -1.007990003 -0.1499100029
432 -0.05982999876 0.1457300037 -0.9820799828
433 -0.06177999824 -0.4219900072 -1.472659945
434 -0.0609799996 -0.755490005 -1.332440019
435 -0.06247000024 0.08524999768 -1.531669974
436 -0.06109999865 1.424679995 -0.5652400255
437 -0.06109999865 0.726180017 -1.349799991
438 -0.06111999974 1.502310038 0.3172299862
439 -0.0604000017 -1.387300014 -0.679889977
440 -0.06390000135 -1.534469962 -0.2433699965
441 -0.06100999936 -1.538679957 0.190139994
442 -0.06075999886 -0.6309900284 1.421149969
443 -0.06202000007 -0.2395299971 1.539409995
444 -0.06064999849 -1.269430041 0.9023299813
445 -0.06168999895 0.3894099891 1.513829947
446 -0.06024999917 1.14673996 1.02410996
447 -5.53757 0.2328100055 -0.7150800228
448 -5.537340164 -0.6730499864 -0.3788099885
449 -5.537559986 -0.2822600007 -0.7062500119
450 -5.537489891 0.5974900126 -0.4386399984
451 -5.537640095 0.282099992 0.7264800072
452 -5.537690163 -0.3277899921 0.7289999723
453 -5.537439823 -0.7681699991 -0.02577999979
454 -5.537519932 0.7505499721 -0.02778000012
455 -5.537479877 0.6450200081 0.3941900134
456 -5.537479877 -0.700699985 0.3383699954
457 -5.457449913 0.4969399869 -0.5522000194
458 -5.457489967 0.7699199915 -0.04430999979
459 -5.45649004 0.05443999916 -0.7502599955
460 -5.457520008 -0.4102900028 -0.6364399791
461 -5.457300186 -0.7465299964 -0.2239799947
462 -5.457749844 -0.7049599886 0.3603599966
463 -5.45746994 -0.3685599864 0.6834800243
464 -5.457079887 0.1195299998 0.7697600126
465 -5.457419872 0.5794699788 0.4962700009
466 -5.457069874 -1.237130046 -0.1103999987
467 -5.456260204 -0.9511299729 -0.7712100148
468 -5.457729816 -0.4621799886 -1.129969954
469 -5.457779884 0.8870700002 0.8455399871
470 -5.45761013 1.185909986 0.2080799937
471 -5.457479954 0.1960500032 -1.180099964
472 -5.457300186 1.092129946 -0.5400300026
473 -5.457680225 0.2489700019 1.196089983
474 -5.456470013 -0.2377299964 1.215190053
475 -5.457149982 -0.7555599809 0.9746000171
476 -5.457499981 0.6839200258 -0.9801200032
477 -5.457520008 -1.087520003 0.5773800015
478 -0.08771000057 1.337409973 0.7623299956
479 -0.09548000246 -0.988319993 1.215829968
480 -0.09465000033 0.8840699792 1.269309998
481 -0.08152999729 1.159019947 -0.9903200269
482 -0.09352000058 -1.131539941 -1.063670039
483 -0.08474999666 1.524950027 -0.1061900035
484 -0.0848999992 -1.460800052 0.5480399728
485 -0.3075099885 1.421329975 -0.5775799751
486 -0.3006699979 1.225839972 -0.9119499922
487 -0.3187299967 0.9315000176 -1.217869997
488 -0.290199995 0.4503999949 -1.468230009
489 -0.3417800069 -0.07186999917 -1.53955996
490 -0.298330009 -0.5389099717 -1.444620013
491 -0.2949199975 -0.8830400109 -1.261860013
492 -0.2886300087 -1.147459984 -1.036299944
493 -0.2977899909 -1.369189978 -0.7287799716
494 -0.3285399973 -1.506760001 -0.4008800089
495 -0.2918800116 -1.558580041 -0.01171000022
496 -0.2735199928 -1.514430046 0.3836399913
497 -0.3355799913 -1.401260018 0.6998100281
498 -0.3047800064 -1.214140058 0.986890018
499 -0.3321700096 -0.8453599811 1.327679992
500 -0.3378100097 -0.3354200125 1.533859968
501 -0.2897099853 0.04681999981 1.556959987
502 -0.3009200096 0.7762699723 1.342319965
503 -0.3244200051 1.090250015 1.10552001
504 -0.3227699995 1.370700002 0.7214400172
505 -0.3014099896 1.506829977 0.2963399887
506 -0.2865999937 1.532469988 -0.09522999823
507 -0.2874299884 0.4313600063 1.494420052
508 -0.4275299907 -1.587550044 0.325789988
509 -0.4248200059 1.548380017 -0.3669199944
510 -0.4194299877 1.581750035 0.1823199987
511 -0.4202800095 0.1318700016 1.605059981
512 -0.4218200147 -1.270709991 -0.967410028
513 -0.4353300035 -0.8904299736 -1.341070056
514 -0.4391100109 -1.608530045 -0.289169997
515 -0.4378600121 -1.467880011 -0.6676300168
516 -0.4570899904 1.109210014 -1.173840046
517 -0.4508000016 -1.415599942 0.8340200186
518 -0.4531300068 1.408339977 0.8146100044
519 -0.4343500137 -0.4016000032 -1.545600057
520 -0.4691599905 -0.003719999921 -1.635669947
521 -0.4547899961 -1.030840039 1.289880037
522 -0.4499599934 1.054239988 1.239560008
523 -0.4399600029 0.6539000273 1.484869957
524 -0.4599899948 -0.2225099951 1.638520002
525 -0.4605700076 -0.5846499801 1.542320013
526 -0.430460006 0.3450100124 -1.547060013
527 -0.4253799915 0.6721500158 -1.436310053
528 -0.4557900131 1.389240026 -0.8167899847
529 -4.968229771 2.264130116 -0.8406400084
530 -4.996260166 2.006079912 -1.285740018
531 -4.776820183 2.545559883 -0.36699
532 -4.479710102 2.768429995 -0.001279999968
533 -4.10337019 2.949399948 0.2858400047
534 -3.693069935 3.067840099 0.4624300003
535 -3.276129961 3.141720057 0.5613999963
536 -2.847199917 3.16685009 0.5748500228
537 -2.40328002 3.149310112 0.5127999783
538 -1.823279977 3.04689002 0.295419991
539 -1.318729997 2.839679956 -0.09917999804
540 -1.036509991 2.618860006 -0.5008500218
541 -0.9076499939 2.436249971 -0.8263499737
542 -0.8447899818 2.231169939 -1.185799956
543 -0.9087600112 1.907089949 -1.740300059
544 -1.164100051 1.626549959 -2.210799932
545 -1.545629978 1.385589957 -2.603219986
546 -2.097039938 1.194980025 -2.893219948
547 -2.574350119 1.112990022 -3.002389908
548 -3.069329977 1.08209002 -3.020819902
549 -3.609790087 1.123810053 -2.910959959
550 -4.136179924 1.239879966 -2.673000097
551 -4.556739807 1.434880018 -2.305840015
552 -4.765379906 1.589419961 -2.023940086
553 -4.933680058 1.796020031 -1.653939962
554 -4.998579979 -1.978109956 -1.378739953
555 -4.835140228 -1.68524003 -1.897230029
556 -4.55189991 -1.451730013 -2.321480036
557 -4.182519913 -1.287410021 -2.63180995
558 -3.80340004 -1.18264997 -2.839720011
559 -3.354609966 -1.121610045 -2.977200031
560 -2.756900072 -1.11638999 -3.027610064
561 -2.189990044 -1.200870037 -2.921070099
562 -1.791100025 -1.315250039 -2.750349998
563 -1.358279943 -1.511749983 -2.440740108
564 -1.030490041 -1.778939962 -2.000699997
565 -0.8978800178 -1.983809948 -1.655110002
566 -0.8432400227 -2.202739954 -1.279870033
567 -0.9327499866 -2.527179956 -0.7117800117
568 -1.253679991 -2.82682991 -0.1702699959
569 -1.66257 -3.017379999 0.1887599975
570 -2.056600094 -3.122760057 0.3983800113
571 -2.559279919 -3.190579891 0.5498800278
572 -3.164680004 -3.178709984 0.5726699829
573 -3.757230043 -3.083960056 0.4486500025
574 -4.262499809 -2.907520056 0.179670006
575 -4.585710049 -2.725919962 -0.112060003
576 -4.833839893 -2.506580114 -0.474819988
577 -4.972849846 -2.266629934 -0.8806800246
578 -1.626809955 -1.688429952 -2.115770102
579 -1.311910033 -2.351429939 -0.9895700216
580 -3.059220076 1.30377996 -2.637629986
581 -2.674710035 2.951709986 0.190200001
582 -3.290380001 2.914510012 0.1687899977
583 -3.860039949 2.779819965 -0.02487999946
584 -2.579489946 1.334769964 -2.617389917
585 -3.64835 1.363919973 -2.492460012
586 -1.612370014 2.671080112 -0.3696399927
587 -1.369300008 2.431129932 -0.8027999997
588 -2.093389988 1.439779997 -2.469360113
589 -4.412749767 1.728989959 -1.80614996
590 -1.576390028 1.685700059 -2.079459906
591 -1.329290032 1.983629942 -1.580809951
592 -4.548989773 1.974760056 -1.371180058
593 -4.297440052 2.534080029 -0.4199000001
594 -4.530930042 2.263989925 -0.8713200092
595 -2.090339899 2.8589499 -0.01147999987
596 -1.283660054 2.224459887 -1.166689992
597 -4.097809792 1.517400026 -2.194859982
598 -1.320299983 1.837489963 -1.534229994
599 -1.285189986 2.127820015 -1.033849955
600 -1.594190001 1.551599979 -2.010299921
601 -2.0136199 1.33434999 -2.357769966
602 -2.526070118 1.211519957 -2.534539938
603 -3.10374999 1.169059992 -2.568229914
604 -3.638750076 1.23921001 -2.408669949
605 -4.007289886 1.349370003 -2.192059994
606 -4.355800152 1.55174005 -1.816810012
607 -4.531400204 1.80016005 -1.374600053
608 -4.543749809 2.097790003 -0.8591099977
609 -4.283390045 2.419199944 -0.3200500011
610 -3.892090082 2.625910044 0.01107000001
611 -3.474600077 2.752180099 0.2011300027
612 -2.795660019 2.8253901 0.2800799906
613 -2.077579975 2.733700037 0.07096000016
614 -1.601699948 2.527829885 -0.3186500072
615 -1.374989986 2.317600012 -0.6989300251
616 -2.489010096 2.946019888 0.4677000046
617 -3.489049911 2.897900105 0.4526199996
618 -4.790589809 2.121890068 -0.7993400097
619 -4.819069862 1.870110035 -1.233369946
620 -4.562510014 2.434730053 -0.2733199894
621 -4.712749958 1.62033999 -1.673779964
622 -3.488539934 1.071480036 -2.709739923
623 -3.063369989 1.04113996 -2.791949987
624 -2.413290024 1.088549972 -2.755130053
625 -1.811390042 1.252509952 -2.513309956
626 -1.368399978 1.485139966 -2.141639948
627 -1.109189987 1.753479958 -1.694740057
628 -1.130710006 2.378819942 -0.6099200249
629 -1.414929986 2.634569883 -0.1475600004
630 -1.903489947 2.834670067 0.2337400019
631 -4.128680229 2.698570013 0.1534399986
632 -4.409699917 1.351029992 -2.16140008
633 -1.007509947 2.069259882 -1.155689955
634 -3.913850069 1.152040005 -2.540489912
635 -0.756550014 0.3409799933 -1.961109996
636 -0.787620008 -0.03971999884 -2.027849913
637 -0.6554499865 1.136489987 -1.486770034
638 -0.7099999785 1.528079987 -1.191679955
639 -0.7221999764 1.76346004 -0.8311700225
640 -0.638100028 1.512529969 1.100739956
641 -0.6573299766 1.765840054 0.6497200131
642 -0.6411899924 0.5952600241 1.784270048
643 -0.9576699734 0.9602299929 1.97826004
644 -0.7099400163 1.155410051 1.587200046
645 -0.6008200049 -1.024960041 1.532670021
646 -0.864380002 -1.023499966 1.862779975
647 -0.7699199915 -0.6387699842 1.933380008
648 -0.6038200259 -1.350960016 1.254160047
649 -0.6456900239 -1.881160021 0.2369199991
650 -0.7482200265 -1.88617003 0.7008900046
651 -0.8356900215 -2.072710037 -0.327459991
652 -0.715200007 -1.800320029 -0.7851499915
653 -0.7496899962 -1.602120042 -1.204869986
654 -0.6804699898 -1.21160996 -1.48608005
655 -0.7099300027 -1.667240024 1.049059987
656 -0.790199995 0.8270300031 -1.847929955
657 -0.7097399831 -0.8400899768 -1.758069992
658 -0.7196199894 -0.411650002 -1.905619979
659 -0.6975499988 -0.1996899992 1.943789959
660 -0.884920001 2.064729929 -0.4554699957
661 -0.9930999875 1.733809948 1.393569946
662 -0.9489700198 1.986819983 0.9108899832
663 -0.9546099901 -1.533579946 1.601079941
664 -0.8490800261 0.3716399968 2.075050116
665 -1.021440029 1.791839957 -1.318750024
666 -0.9819899797 1.406780005 -1.690000057
667 -0.9968900084 -0.5472499728 -2.151390076
668 -1.020720005 -1.924849987 1.199470043
669 -0.9078599811 -2.143140078 0.2847500145
670 -0.962109983 -1.355900049 -1.720589995
671 -1.085229993 -1.680420041 -1.555050015
672 -1.061239958 -1.066059947 -2.006609917
673 -1.038840055 -0.3603000045 2.244260073
674 -1.015439987 0.2306600064 2.243969917
675 -1.118430018 0.8845900297 -2.136490107
676 -1.152549982 0.3339500129 -2.305259943
677 -1.13617003 -2.342459917 -0.07942999899
678 -1.027570009 2.063159943 -0.8488600254
679 -1.441300035 1.297930002 -2.153460026
680 -1.006719947 -1.896989942 -1.179029942
681 -1.044129968 -2.119290113 -0.7986299992
682 -1.172330022 -1.243630052 2.023799896
683 -1.250990033 -0.1944800019 -2.395319939
684 -1.285709977 2.331480026 0.6885799766
685 -1.103510022 2.287630081 0.1620199978
686 -0.8337600231 2.045619965 0.3272399902
687 -1.201110005 -0.8502600193 2.241070032
688 -1.241520047 2.379300117 -0.2980400026
689 -1.367939949 -0.6136599779 -2.39470005
690 -1.352900028 -0.979550004 -2.268399954
691 -1.256100059 1.270930052 2.05656004
692 -1.618489981 1.61056006 2.067379951
693 -1.316609979 1.757640004 1.722149968
694 -1.026299953 1.371880054 1.779639959
695 -1.443429947 -1.632680058 1.961050034
696 -1.201830029 -2.28512001 0.7288600206
697 -1.434010029 -2.268589973 1.148390055
698 -1.408769965 2.172830105 1.248980045
699 -1.425279975 0.4822100103 -2.452709913
700 -1.585119963 0.04098000005 -2.594069958
701 -1.464959979 2.508869886 0.3276999891
702 -1.599179983 2.592509985 0.1033399999
703 -1.189069986 0.806219995 2.238810062
704 -1.565209985 1.341830015 2.2228899
705 -1.197379947 -2.369329929 0.3059999943
706 -1.447379947 -2.547869921 -0.03088000044
707 -1.691920042 -1.477579951 2.217809916
708 -1.420709968 -1.192469954 2.229010105
709 -1.453840017 -1.320989966 -2.150470018
710 -1.229719996 -1.49090004 -1.873039961
711 -1.634420037 -2.594290018 0.496450007
712 -1.643919945 -2.488359928 0.8917300105
713 -1.572710037 0.8879799843 -2.419879913
714 -1.792449951 -0.6137700081 -2.62300992
715 -1.763030052 -1.158789992 -2.408430099
716 -1.83039999 0.4865399897 -2.647579908
717 -1.643169999 2.481650114 0.8378099799
718 -2.025939941 2.738409996 0.3865700066
719 -1.801069975 2.42633009 1.152459979
720 -1.981960058 -2.521970034 1.166779995
721 -1.994709969 -2.308589935 1.560889959
722 -1.446609974 -2.003930092 1.57644999
723 -1.850980043 -1.969040036 1.898720026
724 -1.986739993 1.053910017 -2.540649891
725 -1.978860021 -2.750699997 0.3596299887
726 -2.098860025 -2.69581008 0.7842699885
727 -2.095570087 1.711740017 2.203880072
728 -2.160429955 -1.766240001 2.208930016
729 -2.185169935 2.675420046 0.8517100215
730 -2.041100025 -0.02562000044 -2.762579918
731 -2.264960051 2.514410019 1.291319966
732 -1.876929998 1.975960016 1.879109979
733 -2.241869926 0.5786200166 -2.746259928
734 -2.364559889 -0.3007200062 -2.824909925
735 -2.276720047 0.2385500073 -2.806570053
736 -2.270800114 2.278460026 1.673069954
737 -2.410840034 2.024580002 2.013679981
738 -2.595279932 -2.844049931 0.5564500093
739 -2.515929937 -2.676939964 1.077739954
740 -2.480319977 -2.494669914 1.438300014
741 -2.642980099 0.4851799905 -2.825299978
742 -2.582809925 0.9353399873 -2.706140041
743 -2.816430092 -1.903699994 2.210619926
744 -2.526649952 -2.213649988 1.867560029
745 -2.700769901 2.339849949 1.685979962
746 -2.884740114 2.582690001 1.287889957
747 -2.585589886 2.707590103 0.9409899712
748 -2.892729998 -2.537760019 1.41869998
749 -3.124300003 -2.236000061 1.832069993
750 -2.430639982 -0.702279985 -2.758290052
751 -2.83927989 -0.4192999899 -2.846519947
752 -2.924629927 2.141390085 1.935299993
753 -3.019690037 -2.727930069 0.9900699854
754 -2.713769913 1.889070034 2.182480097
755 -2.718440056 0.05835999921 -2.871210098
756 -3.113539934 0.5312799811 -2.81592989
757 -3.072760105 0.9090399742 -2.709300041
758 -3.408299923 2.35323 1.581339955
759 -3.201080084 -0.1121599972 -2.851099968
760 -3.501640081 0.2549000084 -2.786380053
761 -3.175610065 -2.82246995 0.5720900297
762 -3.345279932 1.846750021 2.161930084
763 -3.348309994 -0.6477800012 -2.759360075
764 -3.395859957 -0.976279974 -2.662990093
765 -2.832740068 -0.970870018 -2.722949982
766 -3.378400087 2.028189898 1.985030055
767 -3.339920044 2.609730005 1.106480002
768 -3.086649895 2.827850103 0.5648199916
769 -3.556829929 2.668489933 0.8001800179
770 -3.403179884 -1.846619964 2.18659997
771 -3.665810108 -2.011699915 1.932150006
772 -3.423890114 -2.410249949 1.52572
773 -3.440799952 -2.686419964 0.9284200072
774 -3.669250011 -0.1547899991 -2.749229908
775 -3.801029921 -0.548699975 -2.65831995
776 -3.577810049 -2.759299994 0.4866000116
777 -3.805939913 -2.624089956 0.7720999718
778 -3.49887991 0.9343900084 -2.631230116
779 -3.711270094 0.5929300189 -2.670259953
780 -3.829890013 2.466130018 1.116880059
781 -3.803469896 2.051520109 1.783439994
782 -3.8427701 -1.029080033 -2.492000103
783 -3.830820084 1.656020045 2.15508008
784 -3.77064991 -2.453089952 1.242759943
785 -3.985399961 1.038689971 -2.424540043
786 -4.167870045 0.6699100137 -2.458800077
787 -3.994489908 2.554650068 0.6526899934
788 -4.051350117 -2.127079964 1.566650033
789 -3.741810083 2.696490049 0.4370299876
790 -3.993000031 2.246190071 1.389299989
791 -4.126719952 0.2641099989 -2.56062007
792 -3.971940041 -1.601420045 2.13696003
793 -4.13504982 -1.718729973 1.946259975
794 -4.136360168 1.813449979 1.829380035
795 -4.269710064 2.004129887 1.506659985
796 -4.22081995 -2.47349 0.6213700175
797 -4.211359978 -2.329930067 1.06400001
798 -4.154910088 -0.6830899715 -2.470540047
799 -4.248779774 -1.161759973 -2.228729963
800 -4.13451004 1.449499965 2.132730007
801 -4.410240173 1.461439967 1.936759949
802 -4.161489964 2.541670084 0.1969600022
803 -4.38519001 2.399610043 0.357919991
804 -4.428979874 -1.68730998 1.753440022
805 -4.653470039 1.982059956 1.046309948
806 -4.335130215 2.283970118 0.9336699843
807 -4.556869984 -1.987730026 1.238919973
808 -4.16877985 -0.1027100012 -2.549329996
809 -4.462389946 -0.4385100007 -2.339129925
810 -4.608359814 1.572110057 1.657809973
811 -4.551620007 0.57348001 -2.235510111
812 -4.572669983 0.09080000222 -2.291270018
813 -4.562329769 -2.225470066 0.6944100261
814 -4.694859982 2.136830091 0.5397700071
815 -4.736289978 2.161220074 0.06241999939
816 -4.448249817 2.378259897 -0.06235000119
817 -4.283810139 -2.509949923 0.09995000064
818 -4.546309948 -2.323930025 -0.1970999986
819 -4.580930233 -2.309380054 0.2010899931
820 -4.583509922 -1.375319958 -1.835579991
821 -4.535870075 -0.9742599726 -2.117569923
822 -4.362909794 1.204040051 -2.123470068
823 -4.755559921 1.000839949 -1.897400022
824 -4.417789936 1.154029965 2.124480009
825 -4.827559948 0.977240026 1.866140008
826 -4.93404007 -1.522469997 1.323269963
827 -4.666309834 2.178989887 -0.3950699866
828 -4.656839848 -0.7750800252 2.114550114
829 -4.391429901 -1.22239995 2.127899885
830 -4.697319984 -1.217550039 1.866060019
831 -5.059850216 -1.001960039 1.573220015
832 -4.949140072 -0.5955399871 1.901110053
833 -4.932030201 -1.991099954 0.2803399861
834 -4.891640186 -0.2494200021 -2.006040096
835 -4.874390125 0.158950001 -2.029690027
836 -4.86785984 -1.878600001 0.8694300056
837 -4.619510174 1.389009953 -1.766909957
838 -4.754240036 1.561750054 -1.460190058
839 -5.009049892 1.101179957 -1.538579941
840 -4.985889912 0.4465000033 1.885210037
841 -5.138830185 0.8101599813 1.552129984
842 -4.701230049 0.6547799706 2.113339901
843 -4.94674015 1.920210004 -0.3842900097
844 -5.020339966 1.876410007 0.03556999937
845 -4.97770977 1.346459985 1.397920012
846 -5.01789999 -0.02338000014 1.904170036
847 -5.244719982 0.2165499926 1.593109965
848 -4.812039852 0.1064800024 2.11006999
849 -4.810359955 1.74285996 -1.142639995
850 -4.794760227 1.957340002 -0.7676600218
851 -5.014279842 1.69461 -0.814710021
852 -5.037330151 1.597790003 0.963169992
853 -4.959090233 1.874819994 0.5457999706
854 -4.72066021 1.75019002 1.309010029
855 -4.792540073 -0.3350900114 2.109489918
856 -4.758890152 -2.088809967 -0.6005899906
857 -4.815229893 -1.82791996 -1.044739962
858 -5.05892992 -1.63409996 -0.8809400201
859 -5.179259777 -1.598680019 0.6159600019
860 -5.163000107 -0.5347399712 -1.624740005
861 -5.221340179 -0.8686199784 -1.376260042
862 -4.892039776 -1.111909986 -1.698760033
863 -4.77737999 -0.6928799748 -2.013370037
864 -5.103950024 0.5049800277 -1.702499986
865 -4.829209805 0.5687400103 -1.992980003
866 -5.142099857 1.357730031 -1.068019986
867 -4.767839909 -1.614330053 -1.422049999
868 -5.143449783 -1.223559976 -1.239560008
869 -5.163859844 -1.701719999 -0.2899700105
870 -5.295030117 -1.515159965 0.2332600057
871 -4.843150139 -2.077539921 -0.1869699955
872 -5.251190186 -1.229629993 1.040130019
873 -5.231440067 1.580739975 0.2781600058
874 -5.250150204 1.097219944 1.155320048
875 -5.256770134 -0.01226000022 -1.570479989
876 -5.280179977 1.518900037 -0.1649799943
877 -5.282040119 0.5583000183 -1.415339947
878 -5.373620033 0.5385400057 1.27531004
879 -5.284080029 1.385499954 0.6483200192
880 -5.266429901 1.443889976 -0.5518500209
881 -5.273489952 -0.6614999771 1.429219961
882 -5.241950035 -0.171540007 1.597149968
883 -5.321129799 -1.310960054 -0.6889899969
884 -5.292809963 0.9013900161 -1.201490045
885 -1.143509984 -2.291990042 -0.4891600013
886 -3.936680079 -2.662440062 0.3393999934
887 -2.453969955 2.816509962 0.4861800075
888 -2.227149963 -1.020140052 -2.623970032
889 -1.781780005 2.218990088 1.518650055
890 -1.169980049 1.53046 -1.762349963
891 -0.8253700137 2.056989908 -0.1060599983
892 -4.56182003 -2.143009901 -1.123550057
893 -4.455200195 -2.407399893 -0.6728900075
894 -4.320119858 -1.682199955 -1.938429952
895 -4.508739948 -1.888859987 -1.567440033
896 -4.007959843 -1.497599959 -2.279779911
897 -3.417700052 -1.350450039 -2.576410055
898 -1.381890059 -1.916589975 -1.73803997
899 -4.112919807 -2.689440012 -0.2090300024
900 -1.495530009 -2.607079983 -0.5339900255
901 -1.966860056 -2.853319883 -0.07457000017
902 -1.918859959 -1.534919977 -2.361200094
903 -1.289170027 -2.145809889 -1.347200036
904 -2.3245399 -1.404119968 -2.559520006
905 -2.799629927 -1.337900043 -2.641010046
906 -3.594249964 -2.882730007 0.09013999999
907 -3.036149979 -2.969549894 0.2014800012
908 -2.512919903 -2.958889961 0.1464599967
909 -2.526000023 -1.233620048 -2.539789915
910 -3.158790112 -1.200489998 -2.553469896
911 -1.992949963 -1.37270999 -2.336800098
912 -1.68599999 -1.519490004 -2.104039907
913 -1.443899989 -1.706019998 -1.797829986
914 -1.273409963 -2.006829977 -1.288609982
915 -1.339720011 -2.289030075 -0.7954599857
916 -1.589140058 -2.551460028 -0.3229300082
917 -2.108669996 -2.763299942 0.07980000228
918 -2.70991993 -2.845540047 0.2649799883
919 -3.262099981 -2.812700033 0.2457499951
920 -3.744630098 -2.707809925 0.09807000309
921 -4.154650211 -2.523070097 -0.1935600042
922 -4.400929928 -2.332639933 -0.5059499741
923 -4.545569897 -2.076319933 -0.939890027
924 -4.51718998 -1.761330009 -1.487910032
925 -4.263480186 -1.514230013 -1.933099985
926 -3.974940062 -1.362419963 -2.216029882
927 -3.608829975 -1.257660031 -2.423180103
928 -4.225299835 -1.291479945 -2.321660042
929 -4.540979862 -1.471220016 -1.988260031
930 -4.746150017 -1.698379993 -1.58047998
931 -3.863140106 -1.164420009 -2.566900015
932 -4.754539967 -2.217430115 -0.6810600162
933 -1.060310006 -2.311029911 -0.7770699859
934 -1.021649957 -2.015510082 -1.291450024
935 -1.087129951 -1.81419003 -1.635460019
936 -1.265359998 -1.597730041 -1.997859955
937 -1.361269951 -2.621819973 -0.2177300006
938 -1.642570019 -1.349750042 -2.401230097
939 -3.406610012 -1.085080028 -2.736360073
940 -4.529799938 -2.488539934 -0.2275000066
941 -4.828229904 -1.958089948 -1.125040054
942 -1.830749989 -2.841690063 0.1955499947
943 -4.095049858 -2.737780094 0.1739300042
944 -2.148089886 -1.173740029 -2.670650005
945 -2.757019997 -1.075559974 -2.799550056
946 -3.658829927 -2.876569986 0.3840599954
947 -3.091259956 -2.971649885 0.5086200237
948 -2.39831996 -2.955630064 0.4330100119
949 -2.440129995 2.894750118 0.4569500089
950 -3.061249971 2.907330036 0.5205900073
951 -3.39508009 2.865580082 0.4723800123
952 -3.394309998 2.796469927 0.5120599866
953 -2.774209976 2.53715992 0.01819000021
954 -2.75545001 2.62229991 0.005810000002
955 -3.059859991 2.602499962 -0.004459999967
956 -3.093689919 2.552979946 0.06934999675
957 -2.812619925 2.692179918 0.2944700122
958 -3.031120062 2.682630062 0.2896499932
959 -2.938580036 2.588999987 0.1070400029
960 -2.755899906 2.699419975 0.1711699963
961 -2.944149971 2.800040007 0.3495000005
962 -3.077539921 2.705339909 0.1995200068
963 -2.437829971 -1.080739975 -2.730139971
964 -3.038000107 -1.032840014 -2.772249937
965 -3.392080069 -1.056839943 -2.705270052
966 -2.437390089 -1.018129945 -2.680099964
967 -2.774699926 -1.281450033 -2.198620081
968 -2.764359951 -1.332540035 -2.273999929
969 -3.021929979 -1.33818996 -2.244050026
970 -3.093669891 -1.246909976 -2.237440109
971 -3.04557991 -1.122509956 -2.456180096
972 -2.825289965 -1.190799952 -2.349829912
973 -2.846430063 -1.093400002 -2.526420116
974 -3.009639978 -1.126399994 -2.595880032
975 -2.742019892 -1.176900029 -2.535150051
976 -2.434619904 -1.858579993 2.310440063
977 -3.397380114 -1.86631 2.275150061
978 -2.43640995 -1.845389962 2.230259895
979 -2.77470994 -1.292099953 2.218650103
980 -2.755650043 -1.324259996 2.298540115
981 -3.045870066 -1.311069965 2.294719934
982 -3.093660116 -1.344699979 2.206739902
983 -3.031100035 -1.600319982 2.208869934
984 -2.833830118 -1.636710048 2.214449883
985 -2.896389961 -1.376209974 2.220959902
986 -2.728990078 -1.483970046 2.292589903
987 -3.096110106 -1.517650008 2.27937007
988 -2.909329891 -1.732370019 2.287260056
$EndNodes
$Elements
3354
1 2 2 1 1 1 2 3
2 2 2 1 1 1 3 3
3 2 2 1 1 4 5 6
4 2 2 1 1 4 6 6
5 2 2 1 1 7 8 9
6 2 2 1 1 7 9 9
7 2 2 1 1 10 11 8
8 2 2 1 1 10 8 8
9 2 2 1 1 12 13 14
10 2 2 1 1 12 14 14
11 2 2 1 1 12 15 13
12 2 2 1 1 12 13 13
13 2 2 1 1 7 10 8
14 2 2 1 1 7 8 8
15 2 2 1 1 15 12 16
16 2 2 1 1 15 16 16
17 2 2 1 1 16 17 15
18 2 2 1 1 16 15 15
19 2 2 1 1 18 17 16
20 2 2 1 1 18 16 16
21 2 2 1 1 1 19 2
22 2 2 1 1 1 2 2
23 2 2 1 1 20 1 3
24 2 2 1 1 20 3 3
25 2 2 1 1 21 22 23
26 2 2 1 1 21 23 24
27 2 2 1 1 25 4 6
28 2 2 1 1 25 6 6
29 2 2 1 1 4 12 14
30 2 2 1 1 4 14 14
31 2 2 1 1 20 3 26
32 2 2 1 1 20 26 26
33 2 2 1 1 24 11 21
34 2 2 1 1 24 21 21
35 2 2 1 1 22 27 23
36 2 2 1 1 22 23 23
37 2 2 1 1 14 5 4
38 2 2 1 1 14 4 4
39 2 2 1 1 19 18 2
40 2 2 1 1 19 2 2
41 2 2 1 1 26 7 28
42 2 2 1 1 26 28 28
43 2 2 1 1 7 9 28
44 2 2 1 1 7 28 28
45 2 2 1 1 16 29 2
46 2 2 1 1 16 2 18
47 2 2 1 1 11 10 21
48 2 2 1 1 11 21 21
49 2 2 1 1 25 30 31
50 2 2 1 1 25 31 31
51 2 2 1 1 28 20 26
52 2 2 1 1 28 26 26
53 2 2 1 1 6 30 25
54 2 2 1 1 6 25 25
55 2 2 1 1 32 31 33
56 2 2 1 1 32 33 33
57 2 2 1 1 32 33 27
58 2 2 1 1 32 27 27
59 2 2 1 1 31 32 25
60 2 2 1 1 31 25 25
61 2 2 1 1 27 22 32
62 2 2 1 1 27 32 32
63 2 2 1 1 34 20 28
64 2 2 1 1 34 28 35
65 2 2 1 1 36 35 28
66 2 2 1 1 36 28 28
67 2 2 1 1 37 36 9
68 2 2 1 1 37 9 9
69 2 2 1 1 38 37 8
70 2 2 1 1 38 8 8
71 2 2 1 1 39 38 11
72 2 2 1 1 39 11 11
73 2 2 1 1 40 39 23
74 2 2 1 1 40 23 23
75 2 2 1 1 41 40 27
76 2 2 1 1 41 27 27
77 2 2 1 1 42 41 33
78 2 2 1 1 42 33 33
79 2 2 1 1 43 42 31
80 2 2 1 1 43 31 31
81 2 2 1 1 44 43 30
82 2 2 1 1 44 30 30
83 2 2 1 1 45 44 6
84 2 2 1 1 45 6 6
85 2 2 1 1 46 45 14
86 2 2 1 1 46 14 14
87 2 2 1 1 47 46 13
88 2 2 1 1 47 13 13
89 2 2 1 1 48 47 15
90 2 2 1 1 48 15 15
91 2 2 1 1 49 48 17
92 2 2 1 1 49 17 17
93 2 2 1 1 50 49 18
94 2 2 1 1 50 18 18
95 2 2 1 1 51 50 19
96 2 2 1 1 51 19 19
97 2 2 1 1 34 51 1
98 2 2 1 1 34 1 1
99 2 2 1 1 1 20 34
100 2 2 1 1 1 34 34
101 2 2 1 1 19 1 51
102 2 2 1 1 19 51 51
103 2 2 1 1 18 19 50
104 2 2 1 1 18 50 50
105 2 2 1 1 17 18 49
106 2 2 1 1 17 49 49
107 2 2 1 1 15 17 48
108 2 2 1 1 15 48 48
109 2 2 1 1 13 15 47
110 2 2 1 1 13 47 47
111 2 2 1 1 14 13 46
112 2 2 1 1 14 46 46
113 2 2 1 1 5 14 45
114 2 2 1 1 5 45 45
115 2 2 1 1 6 5 45
116 2 2 1 1 6 45 45
117 2 2 1 1 30 6 44
118 2 2 1 1 30 44 44
119 2 2 1 1 31 30 43
120 2 2 1 1 31 43 43
121 2 2 1 1 33 31 42
122 2 2 1 1 33 42 42
123 2 2 1 1 27 33 41
124 2 2 1 1 27 41 41
125 2 2 1 1 23 27 40
126 2 2 1 1 23 40 40
127 2 2 1 1 24 23 39
128 2 2 1 1 24 39 39
129 2 2 1 1 11 24 39
130 2 2 1 1 11 39 39
131 2 2 1 1 8 11 38
132 2 2 1 1 8 38 38
133 2 2 1 1 9 8 37
134 2 2 1 1 9 37 37
135 2 2 1 1 28 9 36
136 2 2 1 1 28 36 36
137 2 2 1 1 52 4 25
138 2 2 1 1 52 25 25
139 2 2 1 1 53 16 12
140 2 2 1 1 53 12 12
141 2 2 1 1 54 12 4
142 2 2 1 1 54 4 4
143 2 2 1 1 55 21 10
144 2 2 1 1 55 10 10
145 2 2 1 1 54 56 12
146 2 2 1 1 54 12 12
147 2 2 1 1 32 22 57
148 2 2 1 1 32 57 57
149 2 2 1 1 58 59 32
150 2 2 1 1 58 32 32
151 2 2 1 1 3 2 60
152 2 2 1 1 3 60 60
153 2 2 1 1 61 62 10
154 2 2 1 1 61 10 10
155 2 2 1 1 16 53 63
156 2 2 1 1 16 63 63
157 2 2 1 1 25 32 59
158 2 2 1 1 25 59 59
159 2 2 1 1 3 64 26
160 2 2 1 1 3 26 26
161 2 2 1 1 10 7 61
162 2 2 1 1 10 61 61
163 2 2 1 1 63 53 65
164 2 2 1 1 63 65 65
165 2 2 1 1 66 16 63
166 2 2 1 1 66 63 63
167 2 2 1 1 29 16 67
168 2 2 1 1 29 67 67
169 2 2 1 1 29 67 68
170 2 2 1 1 29 68 68
171 2 2 1 1 68 2 29
172 2 2 1 1 68 29 29
173 2 2 1 1 2 68 69
174 2 2 1 1 2 69 69
175 2 2 1 1 60 2 69
176 2 2 1 1 60 69 69
177 2 2 1 1 60 69 70
178 2 2 1 1 60 70 70
179 2 2 1 1 70 3 60
180 2 2 1 1 70 60 60
181 2 2 1 1 3 70 71
182 2 2 1 1 3 71 71
183 2 2 1 1 64 3 71
184 2 2 1 1 64 71 71
185 2 2 1 1 64 71 72
186 2 2 1 1 64 72 72
187 2 2 1 1 72 26 64
188 2 2 1 1 72 64 64
189 2 2 1 1 26 72 73
190 2 2 1 1 26 73 73
191 2 2 1 1 73 7 26
192 2 2 1 1 73 26 26
193 2 2 1 1 7 73 74
194 2 2 1 1 7 74 74
195 2 2 1 1 75 61 7
196 2 2 1 1 75 7 74
197 2 2 1 1 76 62 61
198 2 2 1 1 76 61 75
199 2 2 1 1 10 62 77
200 2 2 1 1 10 77 77
201 2 2 1 1 10 77 78
202 2 2 1 1 10 78 78
203 2 2 1 1 78 55 10
204 2 2 1 1 78 10 10
205 2 2 1 1 55 79 80
206 2 2 1 1 55 80 80
207 2 2 1 1 80 21 55
208 2 2 1 1 80 55 55
209 2 2 1 1 21 80 81
210 2 2 1 1 21 81 81
211 2 2 1 1 81 22 21
212 2 2 1 1 81 21 21
213 2 2 1 1 57 22 82
214 2 2 1 1 57 82 82
215 2 2 1 1 32 57 83
216 2 2 1 1 32 83 83
217 2 2 1 1 83 84 32
218 2 2 1 1 83 32 32
219 2 2 1 1 84 58 32
220 2 2 1 1 84 32 32
221 2 2 1 1 85 59 58
222 2 2 1 1 85 58 58
223 2 2 1 1 86 25 59
224 2 2 1 1 86 59 59
225 2 2 1 1 86 87 25
226 2 2 1 1 86 25 25
227 2 2 1 1 52 25 87
228 2 2 1 1 52 87 87
229 2 2 1 1 4 52 88
230 2 2 1 1 4 88 88
231 2 2 1 1 4 89 90
232 2 2 1 1 4 90 90
233 2 2 1 1 90 54 4
234 2 2 1 1 90 4 4
235 2 2 1 1 56 54 90
236 2 2 1 1 56 90 90
237 2 2 1 1 90 91 56
238 2 2 1 1 90 56 56
239 2 2 1 1 91 12 56
240 2 2 1 1 91 56 56
241 2 2 1 1 91 92 12
242 2 2 1 1 91 12 12
243 2 2 1 1 92 53 12
244 2 2 1 1 92 12 12
245 2 2 1 1 92 65 53
246 2 2 1 1 92 53 53
247 2 2 1 1 88 89 4
248 2 2 1 1 88 4 4
249 2 2 1 1 87 88 52
250 2 2 1 1 87 52 52
251 2 2 1 1 85 86 59
252 2 2 1 1 85 59 59
253 2 2 1 1 84 85 58
254 2 2 1 1 84 58 58
255 2 2 1 1 82 83 57
256 2 2 1 1 82 57 57
257 2 2 1 1 81 82 22
258 2 2 1 1 81 22 22
259 2 2 1 1 78 79 55
260 2 2 1 1 78 55 55
261 2 2 1 1 76 77 62
262 2 2 1 1 76 62 62
263 2 2 1 1 66 67 16
264 2 2 1 1 66 16 16
265 2 2 1 1 65 66 63
266 2 2 1 1 65 63 63
267 2 2 1 1 93 94 47
268 2 2 1 1 93 47 47
269 2 2 1 1 46 47 94
270 2 2 1 1 46 94 94
271 2 2 1 1 95 96 37
272 2 2 1 1 95 37 37
273 2 2 1 1 97 49 50
274 2 2 1 1 97 50 50
275 2 2 1 1 97 98 49
276 2 2 1 1 97 49 49
277 2 2 1 1 46 94 99
278 2 2 1 1 46 99 99
279 2 2 1 1 100 39 40
280 2 2 1 1 100 40 40
281 2 2 1 1 99 45 46
282 2 2 1 1 99 46 46
283 2 2 1 1 39 100 101
284 2 2 1 1 39 101 101
285 2 2 1 1 39 101 102
286 2 2 1 1 39 102 38
287 2 2 1 1 103 104 51
288 2 2 1 1 103 51 51
289 2 2 1 1 93 47 48
290 2 2 1 1 93 48 48
291 2 2 1 1 45 99 105
292 2 2 1 1 45 105 105
293 2 2 1 1 37 96 106
294 2 2 1 1 37 106 36
295 2 2 1 1 104 97 50
296 2 2 1 1 104 50 50
297 2 2 1 1 45 105 107
298 2 2 1 1 45 107 107
299 2 2 1 1 44 45 107
300 2 2 1 1 44 107 107
301 2 2 1 1 108 109 43
302 2 2 1 1 108 43 43
303 2 2 1 1 109 42 43
304 2 2 1 1 109 43 43
305 2 2 1 1 109 110 42
306 2 2 1 1 109 42 42
307 2 2 1 1 37 38 95
308 2 2 1 1 37 95 95
309 2 2 1 1 36 106 111
310 2 2 1 1 36 111 111
311 2 2 1 1 35 36 111
312 2 2 1 1 35 111 111
313 2 2 1 1 110 112 41
314 2 2 1 1 110 41 41
315 2 2 1 1 40 113 100
316 2 2 1 1 40 100 100
317 2 2 1 1 50 51 104
318 2 2 1 1 50 104 104
319 2 2 1 1 48 98 93
320 2 2 1 1 48 93 93
321 2 2 1 1 107 108 44
322 2 2 1 1 107 44 44
323 2 2 1 1 110 41 42
324 2 2 1 1 110 42 42
325 2 2 1 1 103 51 34
326 2 2 1 1 103 34 34
327 2 2 1 1 40 41 112
328 2 2 1 1 40 112 112
329 2 2 1 1 48 49 98
330 2 2 1 1 48 98 98
331 2 2 1 1 43 44 108
332 2 2 1 1 43 108 108
333 2 2 1 1 38 102 95
334 2 2 1 1 38 95 95
335 2 2 1 1 40 112 113
336 2 2 1 1 40 113 113
337 2 2 1 1 34 111 103
338 2 2 1 1 34 103 103
339 2 2 1 1 34 35 111
340 2 2 1 1 34 111 111
341 2 2 1 1 114 115 116
342 2 2 1 1 114 116 116
343 2 2 1 1 117 118 119
344 2 2 1 1 117 119 119
345 2 2 1 1 120 121 119
346 2 2 1 1 120 119 122
347 2 2 1 1 123 124 125
348 2 2 1 1 123 125 125
349 2 2 1 1 126 125 127
350 2 2 1 1 126 127 127
351 2 2 1 1 128 129 130
352 2 2 1 1 128 130 130
353 2 2 1 1 131 132 133
354 2 2 1 1 131 133 133
355 2 2 1 1 134 129 128
356 2 2 1 1 134 128 128
357 2 2 1 1 135 132 131
358 2 2 1 1 135 131 131
359 2 2 1 1 126 127 136
360 2 2 1 1 126 136 136
361 2 2 1 1 114 116 137
362 2 2 1 1 114 137 137
363 2 2 1 1 138 137 116
364 2 2 1 1 138 116 139
365 2 2 1 1 140 120 122
366 2 2 1 1 140 122 124
367 2 2 1 1 123 141 140
368 2 2 1 1 123 140 124
369 2 2 1 1 142 143 118
370 2 2 1 1 142 118 118
371 2 2 1 1 144 145 133
372 2 2 1 1 144 133 146
373 2 2 1 1 144 146 115
374 2 2 1 1 144 115 115
375 2 2 1 1 126 123 125
376 2 2 1 1 126 125 125
377 2 2 1 1 147 143 142
378 2 2 1 1 147 142 142
379 2 2 1 1 148 134 128
380 2 2 1 1 148 128 128
381 2 2 1 1 149 137 138
382 2 2 1 1 149 138 138
383 2 2 1 1 148 128 135
384 2 2 1 1 148 135 135
385 2 2 1 1 150 151 134
386 2 2 1 1 150 134 134
387 2 2 1 1 152 134 148
388 2 2 1 1 152 148 148
389 2 2 1 1 131 153 154
390 2 2 1 1 131 154 135
391 2 2 1 1 155 149 138
392 2 2 1 1 155 138 147
393 2 2 1 1 140 65 92
394 2 2 1 1 140 92 120
395 2 2 1 1 156 144 157
396 2 2 1 1 156 157 157
397 2 2 1 1 142 158 159
398 2 2 1 1 142 159 147
399 2 2 1 1 158 160 161
400 2 2 1 1 158 161 161
401 2 2 1 1 162 136 163
402 2 2 1 1 162 163 163
403 2 2 1 1 164 165 166
404 2 2 1 1 164 166 167
405 2 2 1 1 150 168 162
406 2 2 1 1 150 162 163
407 2 2 1 1 169 154 153
408 2 2 1 1 169 153 153
409 2 2 1 1 156 170 171
410 2 2 1 1 156 171 145
411 2 2 1 1 66 65 140
412 2 2 1 1 66 140 141
413 2 2 1 1 150 134 152
414 2 2 1 1 150 152 172
415 2 2 1 1 173 136 162
416 2 2 1 1 173 162 162
417 2 2 1 1 174 175 154
418 2 2 1 1 174 154 169
419 2 2 1 1 155 176 177
420 2 2 1 1 155 177 149
421 2 2 1 1 165 164 173
422 2 2 1 1 165 173 173
423 2 2 1 1 166 67 66
424 2 2 1 1 166 66 141
425 2 2 1 1 178 158 161
426 2 2 1 1 178 161 161
427 2 2 1 1 169 153 179
428 2 2 1 1 169 179 180
429 2 2 1 1 181 182 171
430 2 2 1 1 181 171 171
431 2 2 1 1 170 156 183
432 2 2 1 1 170 183 183
433 2 2 1 1 184 173 162
434 2 2 1 1 184 162 162
435 2 2 1 1 159 158 178
436 2 2 1 1 159 178 185
437 2 2 1 1 186 68 166
438 2 2 1 1 186 166 165
439 2 2 1 1 165 173 187
440 2 2 1 1 165 187 188
441 2 2 1 1 189 159 185
442 2 2 1 1 189 185 185
443 2 2 1 1 190 169 180
444 2 2 1 1 190 180 180
445 2 2 1 1 191 176 189
446 2 2 1 1 191 189 189
447 2 2 1 1 192 181 193
448 2 2 1 1 192 193 193
449 2 2 1 1 188 186 165
450 2 2 1 1 188 165 165
451 2 2 1 1 194 187 184
452 2 2 1 1 194 184 184
453 2 2 1 1 195 196 185
454 2 2 1 1 195 185 197
455 2 2 1 1 198 69 186
456 2 2 1 1 198 186 188
457 2 2 1 1 199 188 187
458 2 2 1 1 199 187 194
459 2 2 1 1 200 192 193
460 2 2 1 1 200 193 193
461 2 2 1 1 201 180 202
462 2 2 1 1 201 202 202
463 2 2 1 1 203 204 195
464 2 2 1 1 203 195 197
465 2 2 1 1 88 87 203
466 2 2 1 1 88 203 205
467 2 2 1 1 206 196 195
468 2 2 1 1 206 195 195
469 2 2 1 1 200 207 208
470 2 2 1 1 200 208 208
471 2 2 1 1 209 198 199
472 2 2 1 1 209 199 199
473 2 2 1 1 210 194 211
474 2 2 1 1 210 211 211
475 2 2 1 1 212 199 210
476 2 2 1 1 212 210 210
477 2 2 1 1 213 214 215
478 2 2 1 1 213 215 216
479 2 2 1 1 204 203 217
480 2 2 1 1 204 217 218
481 2 2 1 1 206 195 204
482 2 2 1 1 206 204 219
483 2 2 1 1 220 215 214
484 2 2 1 1 220 214 221
485 2 2 1 1 222 213 223
486 2 2 1 1 222 223 223
487 2 2 1 1 71 70 224
488 2 2 1 1 71 224 224
489 2 2 1 1 218 225 226
490 2 2 1 1 218 226 219
491 2 2 1 1 225 218 86
492 2 2 1 1 225 86 85
493 2 2 1 1 214 213 222
494 2 2 1 1 214 222 227
495 2 2 1 1 228 224 229
496 2 2 1 1 228 229 229
497 2 2 1 1 223 230 231
498 2 2 1 1 223 231 222
499 2 2 1 1 232 233 226
500 2 2 1 1 232 226 226
501 2 2 1 1 234 235 228
502 2 2 1 1 234 228 229
503 2 2 1 1 236 221 214
504 2 2 1 1 236 214 227
505 2 2 1 1 228 237 72
506 2 2 1 1 228 72 71
507 2 2 1 1 84 238 85
508 2 2 1 1 84 85 85
509 2 2 1 1 239 234 240
510 2 2 1 1 239 240 240
511 2 2 1 1 241 232 226
512 2 2 1 1 241 226 225
513 2 2 1 1 241 225 238
514 2 2 1 1 241 238 238
515 2 2 1 1 232 242 243
516 2 2 1 1 232 243 233
517 2 2 1 1 231 244 245
518 2 2 1 1 231 245 246
519 2 2 1 1 241 242 232
520 2 2 1 1 241 232 232
521 2 2 1 1 247 235 239
522 2 2 1 1 247 239 239
523 2 2 1 1 248 249 247
524 2 2 1 1 248 247 239
525 2 2 1 1 247 250 237
526 2 2 1 1 247 237 235
527 2 2 1 1 251 252 243
528 2 2 1 1 251 243 242
529 2 2 1 1 253 251 242
530 2 2 1 1 253 242 241
531 2 2 1 1 72 237 254
532 2 2 1 1 72 254 73
533 2 2 1 1 250 254 237
534 2 2 1 1 250 237 237
535 2 2 1 1 244 255 256
536 2 2 1 1 244 256 257
537 2 2 1 1 258 73 254
538 2 2 1 1 258 254 254
539 2 2 1 1 259 260 261
540 2 2 1 1 259 261 262
541 2 2 1 1 258 254 250
542 2 2 1 1 258 250 250
543 2 2 1 1 257 263 264
544 2 2 1 1 257 264 244
545 2 2 1 1 265 250 247
546 2 2 1 1 265 247 247
547 2 2 1 1 266 267 83
548 2 2 1 1 266 83 83
549 2 2 1 1 268 269 252
550 2 2 1 1 268 252 252
551 2 2 1 1 253 270 271
552 2 2 1 1 253 271 251
553 2 2 1 1 272 258 250
554 2 2 1 1 272 250 250
555 2 2 1 1 273 262 261
556 2 2 1 1 273 261 261
557 2 2 1 1 265 274 272
558 2 2 1 1 265 272 250
559 2 2 1 1 275 265 249
560 2 2 1 1 275 249 249
561 2 2 1 1 273 261 264
562 2 2 1 1 273 264 264
563 2 2 1 1 258 272 276
564 2 2 1 1 258 276 74
565 2 2 1 1 275 249 277
566 2 2 1 1 275 277 277
567 2 2 1 1 278 273 264
568 2 2 1 1 278 264 263
569 2 2 1 1 277 279 280
570 2 2 1 1 277 280 275
571 2 2 1 1 281 269 268
572 2 2 1 1 281 268 268
573 2 2 1 1 274 265 275
574 2 2 1 1 274 275 275
575 2 2 1 1 282 283 284
576 2 2 1 1 282 284 285
577 2 2 1 1 286 287 288
578 2 2 1 1 286 288 263
579 2 2 1 1 289 278 263
580 2 2 1 1 289 263 263
581 2 2 1 1 290 270 291
582 2 2 1 1 290 291 291
583 2 2 1 1 292 291 293
584 2 2 1 1 292 293 293
585 2 2 1 1 294 275 280
586 2 2 1 1 294 280 280
587 2 2 1 1 295 293 81
588 2 2 1 1 295 81 81
589 2 2 1 1 296 77 76
590 2 2 1 1 296 76 297
591 2 2 1 1 271 270 290
592 2 2 1 1 271 290 298
593 2 2 1 1 299 300 297
594 2 2 1 1 299 297 276
595 2 2 1 1 301 302 303
596 2 2 1 1 301 303 304
597 2 2 1 1 304 285 284
598 2 2 1 1 304 284 284
599 2 2 1 1 289 263 288
600 2 2 1 1 289 288 288
601 2 2 1 1 305 306 294
602 2 2 1 1 305 294 280
603 2 2 1 1 278 289 307
604 2 2 1 1 278 307 283
605 2 2 1 1 305 308 309
606 2 2 1 1 305 309 310
607 2 2 1 1 298 281 271
608 2 2 1 1 298 271 271
609 2 2 1 1 311 299 274
610 2 2 1 1 311 274 274
611 2 2 1 1 284 283 307
612 2 2 1 1 284 307 307
613 2 2 1 1 312 313 314
614 2 2 1 1 312 314 315
615 2 2 1 1 316 78 77
616 2 2 1 1 316 77 77
617 2 2 1 1 309 317 318
618 2 2 1 1 309 318 310
619 2 2 1 1 319 320 321
620 2 2 1 1 319 321 321
621 2 2 1 1 314 322 315
622 2 2 1 1 314 315 315
623 2 2 1 1 281 323 313
624 2 2 1 1 281 313 312
625 2 2 1 1 323 281 298
626 2 2 1 1 323 298 298
627 2 2 1 1 324 298 290
628 2 2 1 1 324 290 290
629 2 2 1 1 325 311 274
630 2 2 1 1 325 274 294
631 2 2 1 1 288 326 327
632 2 2 1 1 288 327 289
633 2 2 1 1 326 288 287
634 2 2 1 1 326 287 320
635 2 2 1 1 324 290 292
636 2 2 1 1 324 292 292
637 2 2 1 1 300 299 311
638 2 2 1 1 300 311 311
639 2 2 1 1 302 301 328
640 2 2 1 1 302 328 318
641 2 2 1 1 329 330 301
642 2 2 1 1 329 301 304
643 2 2 1 1 331 319 322
644 2 2 1 1 331 322 314
645 2 2 1 1 324 292 332
646 2 2 1 1 324 332 333
647 2 2 1 1 316 334 335
648 2 2 1 1 316 335 336
649 2 2 1 1 337 320 319
650 2 2 1 1 337 319 319
651 2 2 1 1 335 338 339
652 2 2 1 1 335 339 336
653 2 2 1 1 296 297 300
654 2 2 1 1 296 300 340
655 2 2 1 1 341 311 325
656 2 2 1 1 341 325 325
657 2 2 1 1 306 305 310
658 2 2 1 1 306 310 342
659 2 2 1 1 343 342 310
660 2 2 1 1 343 310 318
661 2 2 1 1 324 333 344
662 2 2 1 1 324 344 323
663 2 2 1 1 326 345 346
664 2 2 1 1 326 346 327
665 2 2 1 1 347 331 314
666 2 2 1 1 347 314 314
667 2 2 1 1 348 300 311
668 2 2 1 1 348 311 341
669 2 2 1 1 342 349 306
670 2 2 1 1 342 306 306
671 2 2 1 1 350 330 329
672 2 2 1 1 350 329 329
673 2 2 1 1 329 284 307
674 2 2 1 1 329 307 350
675 2 2 1 1 307 327 346
676 2 2 1 1 307 346 350
677 2 2 1 1 196 206 351
678 2 2 1 1 196 351 352
679 2 2 1 1 353 354 355
680 2 2 1 1 353 355 355
681 2 2 1 1 207 356 357
682 2 2 1 1 207 357 357
683 2 2 1 1 358 208 207
684 2 2 1 1 358 207 357
685 2 2 1 1 359 223 208
686 2 2 1 1 359 208 358
687 2 2 1 1 223 359 230
688 2 2 1 1 223 230 230
689 2 2 1 1 286 257 256
690 2 2 1 1 286 256 360
691 2 2 1 1 287 286 360
692 2 2 1 1 287 360 361
693 2 2 1 1 321 320 287
694 2 2 1 1 321 287 361
695 2 2 1 1 321 322 319
696 2 2 1 1 321 319 319
697 2 2 1 1 362 202 215
698 2 2 1 1 362 215 220
699 2 2 1 1 190 180 201
700 2 2 1 1 190 201 201
701 2 2 1 1 363 152 148
702 2 2 1 1 363 148 148
703 2 2 1 1 194 364 211
704 2 2 1 1 194 211 211
705 2 2 1 1 365 240 234
706 2 2 1 1 365 234 212
707 2 2 1 1 239 240 366
708 2 2 1 1 239 366 366
709 2 2 1 1 248 239 366
710 2 2 1 1 248 366 366
711 2 2 1 1 277 249 248
712 2 2 1 1 277 248 248
713 2 2 1 1 308 305 280
714 2 2 1 1 308 280 279
715 2 2 1 1 262 282 367
716 2 2 1 1 262 367 367
717 2 2 1 1 367 259 262
718 2 2 1 1 367 262 262
719 2 2 1 1 259 367 368
720 2 2 1 1 259 368 368
721 2 2 1 1 259 368 236
722 2 2 1 1 259 236 236
723 2 2 1 1 224 228 71
724 2 2 1 1 224 71 71
725 2 2 1 1 69 198 209
726 2 2 1 1 69 209 70
727 2 2 1 1 91 369 121
728 2 2 1 1 91 121 121
729 2 2 1 1 89 205 161
730 2 2 1 1 89 161 90
731 2 2 1 1 217 87 86
732 2 2 1 1 217 86 86
733 2 2 1 1 85 238 225
734 2 2 1 1 85 225 225
735 2 2 1 1 83 267 84
736 2 2 1 1 83 84 84
737 2 2 1 1 82 293 266
738 2 2 1 1 82 266 83
739 2 2 1 1 82 81 293
740 2 2 1 1 82 293 293
741 2 2 1 1 80 339 295
742 2 2 1 1 80 295 81
743 2 2 1 1 79 336 339
744 2 2 1 1 79 339 80
745 2 2 1 1 79 78 336
746 2 2 1 1 79 336 336
747 2 2 1 1 258 74 73
748 2 2 1 1 258 73 73
749 2 2 1 1 75 74 276
750 2 2 1 1 75 276 276
751 2 2 1 1 76 75 276
752 2 2 1 1 76 276 276
753 2 2 1 1 88 205 89
754 2 2 1 1 88 89 89
755 2 2 1 1 67 166 68
756 2 2 1 1 67 68 68
757 2 2 1 1 69 68 186
758 2 2 1 1 69 186 186
759 2 2 1 1 303 285 304
760 2 2 1 1 303 304 304
761 2 2 1 1 302 318 317
762 2 2 1 1 302 317 317
763 2 2 1 1 365 210 211
764 2 2 1 1 365 211 211
765 2 2 1 1 172 168 150
766 2 2 1 1 172 150 150
767 2 2 1 1 363 148 175
768 2 2 1 1 363 175 175
769 2 2 1 1 362 201 202
770 2 2 1 1 362 202 202
771 2 2 1 1 230 255 231
772 2 2 1 1 230 231 231
773 2 2 1 1 370 157 355
774 2 2 1 1 370 355 354
775 2 2 1 1 353 137 149
776 2 2 1 1 353 149 177
777 2 2 1 1 189 196 352
778 2 2 1 1 189 352 191
779 2 2 1 1 206 219 371
780 2 2 1 1 206 371 351
781 2 2 1 1 315 372 312
782 2 2 1 1 315 312 312
783 2 2 1 1 301 330 328
784 2 2 1 1 301 328 328
785 2 2 1 1 341 325 306
786 2 2 1 1 341 306 349
787 2 2 1 1 300 348 340
788 2 2 1 1 300 340 340
789 2 2 1 1 316 296 340
790 2 2 1 1 316 340 334
791 2 2 1 1 373 332 295
792 2 2 1 1 373 295 338
793 2 2 1 1 332 373 333
794 2 2 1 1 332 333 333
795 2 2 1 1 344 347 313
796 2 2 1 1 344 313 323
797 2 2 1 1 347 314 313
798 2 2 1 1 347 313 313
799 2 2 1 1 319 331 337
800 2 2 1 1 319 337 337
801 2 2 1 1 345 320 337
802 2 2 1 1 345 337 337
803 2 2 1 1 318 328 343
804 2 2 1 1 318 343 343
805 2 2 1 1 339 338 295
806 2 2 1 1 339 295 295
807 2 2 1 1 326 320 345
808 2 2 1 1 326 345 345
809 2 2 1 1 294 306 325
810 2 2 1 1 294 325 325
811 2 2 1 1 292 293 295
812 2 2 1 1 292 295 332
813 2 2 1 1 78 316 336
814 2 2 1 1 78 336 336
815 2 2 1 1 298 324 323
816 2 2 1 1 298 323 323
817 2 2 1 1 289 327 307
818 2 2 1 1 289 307 307
819 2 2 1 1 77 296 316
820 2 2 1 1 77 316 316
821 2 2 1 1 284 329 304
822 2 2 1 1 284 304 304
823 2 2 1 1 291 292 290
824 2 2 1 1 291 290 290
825 2 2 1 1 276 297 76
826 2 2 1 1 276 76 76
827 2 2 1 1 372 281 312
828 2 2 1 1 372 312 312
829 2 2 1 1 275 294 274
830 2 2 1 1 275 274 274
831 2 2 1 1 274 299 272
832 2 2 1 1 274 272 272
833 2 2 1 1 272 299 276
834 2 2 1 1 272 276 276
835 2 2 1 1 269 281 372
836 2 2 1 1 269 372 372
837 2 2 1 1 273 278 283
838 2 2 1 1 273 283 283
839 2 2 1 1 268 271 281
840 2 2 1 1 268 281 281
841 2 2 1 1 282 262 273
842 2 2 1 1 282 273 283
843 2 2 1 1 266 293 291
844 2 2 1 1 266 291 291
845 2 2 1 1 266 291 270
846 2 2 1 1 266 270 270
847 2 2 1 1 257 286 263
848 2 2 1 1 257 263 263
849 2 2 1 1 251 271 268
850 2 2 1 1 251 268 268
851 2 2 1 1 253 267 266
852 2 2 1 1 253 266 270
853 2 2 1 1 252 251 268
854 2 2 1 1 252 268 268
855 2 2 1 1 247 249 265
856 2 2 1 1 247 265 265
857 2 2 1 1 261 260 245
858 2 2 1 1 261 245 264
859 2 2 1 1 244 264 245
860 2 2 1 1 244 245 245
861 2 2 1 1 241 238 267
862 2 2 1 1 241 267 253
863 2 2 1 1 238 84 267
864 2 2 1 1 238 267 267
865 2 2 1 1 246 245 260
866 2 2 1 1 246 260 260
867 2 2 1 1 231 255 244
868 2 2 1 1 231 244 244
869 2 2 1 1 228 235 237
870 2 2 1 1 228 237 237
871 2 2 1 1 259 236 227
872 2 2 1 1 259 227 260
873 2 2 1 1 234 239 235
874 2 2 1 1 234 235 235
875 2 2 1 1 227 246 260
876 2 2 1 1 227 260 260
877 2 2 1 1 222 231 246
878 2 2 1 1 222 246 246
879 2 2 1 1 222 246 227
880 2 2 1 1 222 227 227
881 2 2 1 1 371 219 226
882 2 2 1 1 371 226 233
883 2 2 1 1 212 234 229
884 2 2 1 1 212 229 229
885 2 2 1 1 217 86 218
886 2 2 1 1 217 218 218
887 2 2 1 1 212 229 224
888 2 2 1 1 212 224 224
889 2 2 1 1 204 218 219
890 2 2 1 1 204 219 219
891 2 2 1 1 209 224 70
892 2 2 1 1 209 70 70
893 2 2 1 1 210 365 212
894 2 2 1 1 210 212 212
895 2 2 1 1 209 199 212
896 2 2 1 1 209 212 224
897 2 2 1 1 208 223 213
898 2 2 1 1 208 213 213
899 2 2 1 1 203 87 217
900 2 2 1 1 203 217 217
901 2 2 1 1 200 208 213
902 2 2 1 1 200 213 213
903 2 2 1 1 200 213 216
904 2 2 1 1 200 216 216
905 2 2 1 1 194 210 199
906 2 2 1 1 194 199 199
907 2 2 1 1 202 216 215
908 2 2 1 1 202 215 215
909 2 2 1 1 192 200 216
910 2 2 1 1 192 216 216
911 2 2 1 1 192 216 202
912 2 2 1 1 192 202 202
913 2 2 1 1 188 199 198
914 2 2 1 1 188 198 198
915 2 2 1 1 197 178 205
916 2 2 1 1 197 205 203
917 2 2 1 1 193 207 200
918 2 2 1 1 193 200 200
919 2 2 1 1 180 179 192
920 2 2 1 1 180 192 202
921 2 2 1 1 185 196 189
922 2 2 1 1 185 189 189
923 2 2 1 1 184 364 194
924 2 2 1 1 184 194 194
925 2 2 1 1 207 193 170
926 2 2 1 1 207 170 356
927 2 2 1 1 364 184 162
928 2 2 1 1 364 162 168
929 2 2 1 1 181 192 179
930 2 2 1 1 181 179 179
931 2 2 1 1 178 197 185
932 2 2 1 1 178 185 185
933 2 2 1 1 183 356 170
934 2 2 1 1 183 170 170
935 2 2 1 1 171 193 181
936 2 2 1 1 171 181 181
937 2 2 1 1 169 190 174
938 2 2 1 1 169 174 174
939 2 2 1 1 155 159 189
940 2 2 1 1 155 189 176
941 2 2 1 1 171 170 193
942 2 2 1 1 171 193 193
943 2 2 1 1 173 184 187
944 2 2 1 1 173 187 187
945 2 2 1 1 161 205 178
946 2 2 1 1 161 178 178
947 2 2 1 1 156 157 370
948 2 2 1 1 156 370 183
949 2 2 1 1 182 181 179
950 2 2 1 1 182 179 179
951 2 2 1 1 90 161 369
952 2 2 1 1 90 369 91
953 2 2 1 1 182 179 153
954 2 2 1 1 182 153 153
955 2 2 1 1 136 173 164
956 2 2 1 1 136 164 164
957 2 2 1 1 121 120 92
958 2 2 1 1 121 92 91
959 2 2 1 1 148 135 154
960 2 2 1 1 148 154 175
961 2 2 1 1 145 171 182
962 2 2 1 1 145 182 182
963 2 2 1 1 167 166 141
964 2 2 1 1 167 141 141
965 2 2 1 1 355 114 137
966 2 2 1 1 355 137 353
967 2 2 1 1 369 161 160
968 2 2 1 1 369 160 160
969 2 2 1 1 147 159 155
970 2 2 1 1 147 155 155
971 2 2 1 1 144 156 145
972 2 2 1 1 144 145 145
973 2 2 1 1 160 158 142
974 2 2 1 1 160 142 142
975 2 2 1 1 131 182 153
976 2 2 1 1 131 153 153
977 2 2 1 1 131 133 145
978 2 2 1 1 131 145 182
979 2 2 1 1 167 123 126
980 2 2 1 1 167 126 164
981 2 2 1 1 136 127 151
982 2 2 1 1 136 151 163
983 2 2 1 1 126 136 164
984 2 2 1 1 126 164 164
985 2 2 1 1 123 167 141
986 2 2 1 1 123 141 141
987 2 2 1 1 115 114 355
988 2 2 1 1 115 355 157
989 2 2 1 1 151 150 163
990 2 2 1 1 151 163 163
991 2 2 1 1 118 160 142
992 2 2 1 1 118 142 142
993 2 2 1 1 115 157 144
994 2 2 1 1 115 144 144
995 2 2 1 1 138 139 143
996 2 2 1 1 138 143 147
997 2 2 1 1 117 369 160
998 2 2 1 1 117 160 160
999 2 2 1 1 117 119 121
1000 2 2 1 1 117 121 369
1001 2 2 1 1 117 160 118
1002 2 2 1 1 117 118 118
1003 2 2 1 1 129 134 151
1004 2 2 1 1 129 151 151
1005 2 2 1 1 130 135 128
1006 2 2 1 1 130 128 128
1007 2 2 1 1 118 143 139
1008 2 2 1 1 118 139 139
1009 2 2 1 1 130 132 135
1010 2 2 1 1 130 135 135
1011 2 2 1 1 127 129 151
1012 2 2 1 1 127 151 151
1013 2 2 1 1 347 344 374
1014 2 2 1 1 347 374 374
1015 2 2 1 1 373 338 375
1016 2 2 1 1 373 375 375
1017 2 2 1 1 343 328 376
1018 2 2 1 1 343 376 376
1019 2 2 1 1 335 334 377
1020 2 2 1 1 335 377 377
1021 2 2 1 1 344 333 378
1022 2 2 1 1 344 378 378
1023 2 2 1 1 341 349 379
1024 2 2 1 1 341 379 379
1025 2 2 1 1 374 344 378
1026 2 2 1 1 374 378 378
1027 2 2 1 1 350 346 380
1028 2 2 1 1 350 380 380
1029 2 2 1 1 346 345 381
1030 2 2 1 1 346 381 381
1031 2 2 1 1 375 335 382
1032 2 2 1 1 375 382 382
1033 2 2 1 1 383 331 384
1034 2 2 1 1 383 384 384
1035 2 2 1 1 331 347 384
1036 2 2 1 1 331 384 384
1037 2 2 1 1 340 348 385
1038 2 2 1 1 340 385 385
1039 2 2 1 1 376 330 386
1040 2 2 1 1 376 386 386
1041 2 2 1 1 330 350 386
1042 2 2 1 1 330 386 386
1043 2 2 1 1 384 347 374
1044 2 2 1 1 384 374 374
1045 2 2 1 1 348 341 385
1046 2 2 1 1 348 385 385
1047 2 2 1 1 337 331 387
1048 2 2 1 1 337 387 387
1049 2 2 1 1 386 350 388
1050 2 2 1 1 386 388 388
1051 2 2 1 1 383 387 331
1052 2 2 1 1 383 331 331
1053 2 2 1 1 387 389 337
1054 2 2 1 1 387 337 337
1055 2 2 1 1 380 388 350
1056 2 2 1 1 380 350 350
1057 2 2 1 1 379 385 341
1058 2 2 1 1 379 341 341
1059 2 2 1 1 337 389 345
1060 2 2 1 1 337 345 345
1061 2 2 1 1 389 381 345
1062 2 2 1 1 389 345 345
1063 2 2 1 1 381 380 346
1064 2 2 1 1 381 346 346
1065 2 2 1 1 330 376 328
1066 2 2 1 1 330 328 328
1067 2 2 1 1 335 375 338
1068 2 2 1 1 335 338 338
1069 2 2 1 1 377 382 335
1070 2 2 1 1 377 335 335
1071 2 2 1 1 340 377 334
1072 2 2 1 1 340 334 334
1073 2 2 1 1 383 384 390
1074 2 2 1 1 383 390 391
1075 2 2 1 1 374 392 390
1076 2 2 1 1 374 390 384
1077 2 2 1 1 374 378 393
1078 2 2 1 1 374 393 392
1079 2 2 1 1 393 378 333
1080 2 2 1 1 393 333 333
1081 2 2 1 1 394 393 333
1082 2 2 1 1 394 333 333
1083 2 2 1 1 394 333 373
1084 2 2 1 1 394 373 395
1085 2 2 1 1 373 375 396
1086 2 2 1 1 373 396 395
1087 2 2 1 1 397 396 375
1088 2 2 1 1 397 375 375
1089 2 2 1 1 397 375 382
1090 2 2 1 1 397 382 382
1091 2 2 1 1 398 397 382
1092 2 2 1 1 398 382 382
1093 2 2 1 1 340 399 398
1094 2 2 1 1 340 398 398
1095 2 2 1 1 385 400 399
1096 2 2 1 1 385 399 399
1097 2 2 1 1 400 385 379
1098 2 2 1 1 400 379 379
1099 2 2 1 1 379 401 400
1100 2 2 1 1 379 400 400
1101 2 2 1 1 402 401 349
1102 2 2 1 1 402 349 349
1103 2 2 1 1 342 343 403
1104 2 2 1 1 342 403 402
1105 2 2 1 1 343 376 404
1106 2 2 1 1 343 404 403
1107 2 2 1 1 405 404 386
1108 2 2 1 1 405 386 386
1109 2 2 1 1 386 406 405
1110 2 2 1 1 386 405 405
1111 2 2 1 1 388 407 406
1112 2 2 1 1 388 406 406
1113 2 2 1 1 407 380 381
1114 2 2 1 1 407 381 408
1115 2 2 1 1 381 389 409
1116 2 2 1 1 381 409 408
1117 2 2 1 1 389 387 410
1118 2 2 1 1 389 410 409
1119 2 2 1 1 410 387 383
1120 2 2 1 1 410 383 383
1121 2 2 1 1 391 410 383
1122 2 2 1 1 391 383 383
1123 2 2 1 1 388 380 407
1124 2 2 1 1 388 407 407
1125 2 2 1 1 386 388 406
1126 2 2 1 1 386 406 406
1127 2 2 1 1 376 386 404
1128 2 2 1 1 376 404 404
1129 2 2 1 1 349 342 402
1130 2 2 1 1 349 402 402
1131 2 2 1 1 379 349 401
1132 2 2 1 1 379 401 401
1133 2 2 1 1 340 385 399
1134 2 2 1 1 340 399 399
1135 2 2 1 1 377 340 398
1136 2 2 1 1 377 398 398
1137 2 2 1 1 382 377 398
1138 2 2 1 1 382 398 398
1139 2 2 1 1 405 406 411
1140 2 2 1 1 405 411 411
1141 2 2 1 1 406 407 412
1142 2 2 1 1 406 412 411
1143 2 2 1 1 413 404 405
1144 2 2 1 1 413 405 411
1145 2 2 1 1 409 410 414
1146 2 2 1 1 409 414 414
1147 2 2 1 1 415 416 395
1148 2 2 1 1 415 395 396
1149 2 2 1 1 392 393 417
1150 2 2 1 1 392 417 417
1151 2 2 1 1 418 391 390
1152 2 2 1 1 418 390 390
1153 2 2 1 1 396 397 415
1154 2 2 1 1 396 415 415
1155 2 2 1 1 398 419 415
1156 2 2 1 1 398 415 397
1157 2 2 1 1 400 401 420
1158 2 2 1 1 400 420 420
1159 2 2 1 1 401 402 421
1160 2 2 1 1 401 421 420
1161 2 2 1 1 412 407 408
1162 2 2 1 1 412 408 408
1163 2 2 1 1 393 394 416
1164 2 2 1 1 393 416 417
1165 2 2 1 1 419 398 399
1166 2 2 1 1 419 399 399
1167 2 2 1 1 399 400 420
1168 2 2 1 1 399 420 419
1169 2 2 1 1 412 408 409
1170 2 2 1 1 412 409 414
1171 2 2 1 1 391 418 414
1172 2 2 1 1 391 414 410
1173 2 2 1 1 402 403 421
1174 2 2 1 1 402 421 421
1175 2 2 1 1 390 392 417
1176 2 2 1 1 390 417 418
1177 2 2 1 1 394 395 416
1178 2 2 1 1 394 416 416
1179 2 2 1 1 403 404 413
1180 2 2 1 1 403 413 421
1181 2 2 1 1 414 418 422
1182 2 2 1 1 414 422 422
1183 2 2 1 1 412 414 422
1184 2 2 1 1 412 422 422
1185 2 2 1 1 411 412 423
1186 2 2 1 1 411 423 423
1187 2 2 1 1 413 411 424
1188 2 2 1 1 413 424 424
1189 2 2 1 1 421 413 424
1190 2 2 1 1 421 424 424
1191 2 2 1 1 420 421 425
1192 2 2 1 1 420 425 425
1193 2 2 1 1 419 420 426
1194 2 2 1 1 419 426 426
1195 2 2 1 1 415 419 427
1196 2 2 1 1 415 427 427
1197 2 2 1 1 416 415 428
1198 2 2 1 1 416 428 428
1199 2 2 1 1 417 416 429
1200 2 2 1 1 417 429 429
1201 2 2 1 1 418 417 430
1202 2 2 1 1 418 430 430
1203 2 2 1 1 430 422 418
1204 2 2 1 1 430 418 418
1205 2 2 1 1 429 430 417
1206 2 2 1 1 429 417 417
1207 2 2 1 1 428 429 416
1208 2 2 1 1 428 416 416
1209 2 2 1 1 427 428 415
1210 2 2 1 1 427 415 415
1211 2 2 1 1 426 427 419
1212 2 2 1 1 426 419 419
1213 2 2 1 1 425 426 420
1214 2 2 1 1 425 420 420
1215 2 2 1 1 431 425 421
1216 2 2 1 1 431 421 421
1217 2 2 1 1 424 431 421
1218 2 2 1 1 424 421 421
1219 2 2 1 1 423 424 411
1220 2 2 1 1 423 411 411
1221 2 2 1 1 432 423 412
1222 2 2 1 1 432 412 412
1223 2 2 1 1 422 432 412
1224 2 2 1 1 422 412 412
1225 2 2 1 1 433 434 423
1226 2 2 1 1 433 423 423
1227 2 2 1 1 435 433 423
1228 2 2 1 1 435 423 432
1229 2 2 1 1 424 423 434
1230 2 2 1 1 424 434 434
1231 2 2 1 1 422 430 436
1232 2 2 1 1 422 436 436
1233 2 2 1 1 436 437 422
1234 2 2 1 1 436 422 422
1235 2 2 1 1 432 422 437
1236 2 2 1 1 432 437 435
1237 2 2 1 1 438 436 430
1238 2 2 1 1 438 430 430
1239 2 2 1 1 439 440 431
1240 2 2 1 1 439 431 424
1241 2 2 1 1 434 439 424
1242 2 2 1 1 434 424 424
1243 2 2 1 1 430 429 438
1244 2 2 1 1 430 438 438
1245 2 2 1 1 440 441 431
1246 2 2 1 1 440 431 431
1247 2 2 1 1 425 431 441
1248 2 2 1 1 425 441 441
1249 2 2 1 1 426 442 443
1250 2 2 1 1 426 443 427
1251 2 2 1 1 425 444 442
1252 2 2 1 1 425 442 426
1253 2 2 1 1 427 443 445
1254 2 2 1 1 427 445 428
1255 2 2 1 1 429 428 446
1256 2 2 1 1 429 446 446
1257 2 2 1 1 445 446 428
1258 2 2 1 1 445 428 428
1259 2 2 1 1 441 444 425
1260 2 2 1 1 441 425 425
1261 2 2 1 1 429 446 438
1262 2 2 1 1 429 438 438
1263 2 2 1 1 447 146 133
1264 2 2 1 1 447 133 133
1265 2 2 1 1 130 448 449
1266 2 2 1 1 130 449 132
1267 2 2 1 1 115 146 447
1268 2 2 1 1 115 447 450
1269 2 2 1 1 133 132 449
1270 2 2 1 1 133 449 447
1271 2 2 1 1 116 115 450
1272 2 2 1 1 116 450 450
1273 2 2 1 1 122 451 452
1274 2 2 1 1 122 452 124
1275 2 2 1 1 451 122 119
1276 2 2 1 1 451 119 119
1277 2 2 1 1 453 129 127
1278 2 2 1 1 453 127 127
1279 2 2 1 1 116 450 454
1280 2 2 1 1 116 454 454
1281 2 2 1 1 130 129 448
1282 2 2 1 1 130 448 448
1283 2 2 1 1 453 448 129
1284 2 2 1 1 453 129 129
1285 2 2 1 1 455 118 139
1286 2 2 1 1 455 139 454
1287 2 2 1 1 452 125 124
1288 2 2 1 1 452 124 124
1289 2 2 1 1 451 119 118
1290 2 2 1 1 451 118 455
1291 2 2 1 1 456 127 125
1292 2 2 1 1 456 125 452
1293 2 2 1 1 139 116 454
1294 2 2 1 1 139 454 454
1295 2 2 1 1 127 456 453
1296 2 2 1 1 127 453 453
1297 2 2 1 1 457 458 450
1298 2 2 1 1 457 450 450
1299 2 2 1 1 459 457 447
1300 2 2 1 1 459 447 447
1301 2 2 1 1 460 459 449
1302 2 2 1 1 460 449 449
1303 2 2 1 1 461 460 448
1304 2 2 1 1 461 448 448
1305 2 2 1 1 462 461 453
1306 2 2 1 1 462 453 453
1307 2 2 1 1 463 462 452
1308 2 2 1 1 463 452 452
1309 2 2 1 1 464 463 452
1310 2 2 1 1 464 452 452
1311 2 2 1 1 465 464 451
1312 2 2 1 1 465 451 451
1313 2 2 1 1 458 465 455
1314 2 2 1 1 458 455 455
1315 2 2 1 1 454 450 458
1316 2 2 1 1 454 458 458
1317 2 2 1 1 455 454 458
1318 2 2 1 1 455 458 458
1319 2 2 1 1 451 455 465
1320 2 2 1 1 451 465 465
1321 2 2 1 1 452 451 464
1322 2 2 1 1 452 464 464
1323 2 2 1 1 456 452 462
1324 2 2 1 1 456 462 462
1325 2 2 1 1 453 456 462
1326 2 2 1 1 453 462 462
1327 2 2 1 1 448 453 461
1328 2 2 1 1 448 461 461
1329 2 2 1 1 449 448 460
1330 2 2 1 1 449 460 460
1331 2 2 1 1 447 449 459
1332 2 2 1 1 447 459 459
1333 2 2 1 1 450 447 457
1334 2 2 1 1 450 457 457
1335 2 2 1 1 461 466 467
1336 2 2 1 1 461 467 467
1337 2 2 1 1 459 460 468
1338 2 2 1 1 459 468 468
1339 2 2 1 1 469 465 458
1340 2 2 1 1 469 458 470
1341 2 2 1 1 468 471 459
1342 2 2 1 1 468 459 459
1343 2 2 1 1 458 472 470
1344 2 2 1 1 458 470 470
1345 2 2 1 1 469 473 464
1346 2 2 1 1 469 464 465
1347 2 2 1 1 474 475 463
1348 2 2 1 1 474 463 463
1349 2 2 1 1 460 461 467
1350 2 2 1 1 460 467 467
1351 2 2 1 1 471 476 457
1352 2 2 1 1 471 457 459
1353 2 2 1 1 457 476 472
1354 2 2 1 1 457 472 472
1355 2 2 1 1 474 463 464
1356 2 2 1 1 474 464 473
1357 2 2 1 1 475 477 462
1358 2 2 1 1 475 462 463
1359 2 2 1 1 458 457 472
1360 2 2 1 1 458 472 472
1361 2 2 1 1 462 477 466
1362 2 2 1 1 462 466 461
1363 2 2 1 1 467 468 460
1364 2 2 1 1 467 460 460
1365 2 2 1 1 438 446 478
1366 2 2 1 1 438 478 478
1367 2 2 1 1 442 444 479
1368 2 2 1 1 442 479 479
1369 2 2 1 1 445 480 446
1370 2 2 1 1 445 446 446
1371 2 2 1 1 436 481 437
1372 2 2 1 1 436 437 437
1373 2 2 1 1 434 482 439
1374 2 2 1 1 434 439 439
1375 2 2 1 1 438 483 436
1376 2 2 1 1 438 436 436
1377 2 2 1 1 441 484 444
1378 2 2 1 1 441 444 444
1379 2 2 1 1 436 485 486
1380 2 2 1 1 436 486 486
1381 2 2 1 1 486 481 436
1382 2 2 1 1 486 436 436
1383 2 2 1 1 486 487 481
1384 2 2 1 1 486 481 481
1385 2 2 1 1 437 481 487
1386 2 2 1 1 437 487 487
1387 2 2 1 1 487 488 437
1388 2 2 1 1 487 437 437
1389 2 2 1 1 488 435 437
1390 2 2 1 1 488 437 437
1391 2 2 1 1 488 489 435
1392 2 2 1 1 488 435 435
1393 2 2 1 1 489 433 435
1394 2 2 1 1 489 435 435
1395 2 2 1 1 489 490 433
1396 2 2 1 1 489 433 433
1397 2 2 1 1 490 434 433
1398 2 2 1 1 490 433 433
1399 2 2 1 1 490 491 434
1400 2 2 1 1 490 434 434
1401 2 2 1 1 482 434 491
1402 2 2 1 1 482 491 491
1403 2 2 1 1 482 491 492
1404 2 2 1 1 482 492 492
1405 2 2 1 1 482 492 493
1406 2 2 1 1 482 493 493
1407 2 2 1 1 439 482 493
1408 2 2 1 1 439 493 493
1409 2 2 1 1 439 493 494
1410 2 2 1 1 439 494 494
1411 2 2 1 1 440 439 494
1412 2 2 1 1 440 494 494
1413 2 2 1 1 440 494 495
1414 2 2 1 1 440 495 495
1415 2 2 1 1 441 440 495
1416 2 2 1 1 441 495 495
1417 2 2 1 1 495 496 441
1418 2 2 1 1 495 441 441
1419 2 2 1 1 496 484 441
1420 2 2 1 1 496 441 441
1421 2 2 1 1 484 496 497
1422 2 2 1 1 484 497 497
1423 2 2 1 1 444 484 497
1424 2 2 1 1 444 497 497
1425 2 2 1 1 444 497 498
1426 2 2 1 1 444 498 498
1427 2 2 1 1 479 444 498
1428 2 2 1 1 479 498 498
1429 2 2 1 1 499 442 479
1430 2 2 1 1 499 479 479
1431 2 2 1 1 500 443 442
1432 2 2 1 1 500 442 442
1433 2 2 1 1 500 501 443
1434 2 2 1 1 500 443 443
1435 2 2 1 1 501 445 443
1436 2 2 1 1 501 443 443
1437 2 2 1 1 502 480 445
1438 2 2 1 1 502 445 445
1439 2 2 1 1 503 446 480
1440 2 2 1 1 503 480 480
1441 2 2 1 1 503 504 478
1442 2 2 1 1 503 478 446
1443 2 2 1 1 504 438 478
1444 2 2 1 1 504 478 478
1445 2 2 1 1 504 505 438
1446 2 2 1 1 504 438 438
1447 2 2 1 1 506 483 438
1448 2 2 1 1 506 438 505
1449 2 2 1 1 506 485 436
1450 2 2 1 1 506 436 483
1451 2 2 1 1 502 503 480
1452 2 2 1 1 502 480 480
1453 2 2 1 1 445 507 502
1454 2 2 1 1 445 502 502
1455 2 2 1 1 445 501 507
1456 2 2 1 1 445 507 507
1457 2 2 1 1 499 500 442
1458 2 2 1 1 499 442 442
1459 2 2 1 1 498 499 479
1460 2 2 1 1 498 479 479
1461 2 2 1 1 508 496 495
1462 2 2 1 1 508 495 495
1463 2 2 1 1 509 485 506
1464 2 2 1 1 509 506 506
1465 2 2 1 1 510 506 505
1466 2 2 1 1 510 505 505
1467 2 2 1 1 511 501 500
1468 2 2 1 1 511 500 500
1469 2 2 1 1 512 493 492
1470 2 2 1 1 512 492 492
1471 2 2 1 1 513 492 491
1472 2 2 1 1 513 491 491
1473 2 2 1 1 513 491 490
1474 2 2 1 1 513 490 490
1475 2 2 1 1 514 495 494
1476 2 2 1 1 514 494 494
1477 2 2 1 1 515 493 512
1478 2 2 1 1 515 512 512
1479 2 2 1 1 516 487 486
1480 2 2 1 1 516 486 486
1481 2 2 1 1 517 498 497
1482 2 2 1 1 517 497 497
1483 2 2 1 1 518 505 504
1484 2 2 1 1 518 504 504
1485 2 2 1 1 513 490 519
1486 2 2 1 1 513 519 519
1487 2 2 1 1 520 490 489
1488 2 2 1 1 520 489 489
1489 2 2 1 1 521 499 498
1490 2 2 1 1 521 498 498
1491 2 2 1 1 514 494 515
1492 2 2 1 1 514 515 515
1493 2 2 1 1 517 497 508
1494 2 2 1 1 517 508 508
1495 2 2 1 1 522 503 523
1496 2 2 1 1 522 523 523
1497 2 2 1 1 524 500 525
1498 2 2 1 1 524 525 525
1499 2 2 1 1 526 520 489
1500 2 2 1 1 526 489 489
1501 2 2 1 1 499 521 525
1502 2 2 1 1 499 525 525
1503 2 2 1 1 500 524 511
1504 2 2 1 1 500 511 511
1505 2 2 1 1 487 516 527
1506 2 2 1 1 487 527 527
1507 2 2 1 1 485 528 516
1508 2 2 1 1 485 516 516
1509 2 2 1 1 498 517 521
1510 2 2 1 1 498 521 521
1511 2 2 1 1 499 525 500
1512 2 2 1 1 499 500 500
1513 2 2 1 1 503 522 518
1514 2 2 1 1 503 518 518
1515 2 2 1 1 503 518 504
1516 2 2 1 1 503 504 504
1517 2 2 1 1 485 509 528
1518 2 2 1 1 485 528 528
1519 2 2 1 1 490 520 519
1520 2 2 1 1 490 519 519
1521 2 2 1 1 505 518 510
1522 2 2 1 1 505 510 510
1523 2 2 1 1 493 515 494
1524 2 2 1 1 493 494 494
1525 2 2 1 1 502 523 503
1526 2 2 1 1 502 503 503
1527 2 2 1 1 495 514 508
1528 2 2 1 1 495 508 508
1529 2 2 1 1 486 485 516
1530 2 2 1 1 486 516 516
1531 2 2 1 1 488 526 489
1532 2 2 1 1 488 489 489
1533 2 2 1 1 488 487 527
1534 2 2 1 1 488 527 527
1535 2 2 1 1 488 527 526
1536 2 2 1 1 488 526 526
1537 2 2 1 1 492 513 512
1538 2 2 1 1 492 512 512
1539 2 2 1 1 496 508 497
1540 2 2 1 1 496 497 497
1541 2 2 1 1 507 511 523
1542 2 2 1 1 507 523 523
1543 2 2 1 1 507 523 502
1544 2 2 1 1 507 502 502
1545 2 2 1 1 501 511 507
1546 2 2 1 1 501 507 507
1547 2 2 1 1 506 510 509
1548 2 2 1 1 506 509 509
1549 2 2 1 1 353 529 530
1550 2 2 1 1 353 530 530
1551 2 2 1 1 531 529 177
1552 2 2 1 1 531 177 177
1553 2 2 1 1 176 532 531
1554 2 2 1 1 176 531 531
1555 2 2 1 1 532 176 191
1556 2 2 1 1 532 191 191
1557 2 2 1 1 191 533 532
1558 2 2 1 1 191 532 532
1559 2 2 1 1 533 352 351
1560 2 2 1 1 533 351 534
1561 2 2 1 1 351 371 535
1562 2 2 1 1 351 535 534
1563 2 2 1 1 535 371 233
1564 2 2 1 1 535 233 536
1565 2 2 1 1 537 536 233
1566 2 2 1 1 537 233 233
1567 2 2 1 1 243 538 537
1568 2 2 1 1 243 537 537
1569 2 2 1 1 538 252 269
1570 2 2 1 1 538 269 269
1571 2 2 1 1 539 538 269
1572 2 2 1 1 539 269 269
1573 2 2 1 1 539 269 372
1574 2 2 1 1 539 372 372
1575 2 2 1 1 540 539 372
1576 2 2 1 1 540 372 372
1577 2 2 1 1 541 540 315
1578 2 2 1 1 541 315 315
1579 2 2 1 1 315 322 542
1580 2 2 1 1 315 542 541
1581 2 2 1 1 543 542 322
1582 2 2 1 1 543 322 322
1583 2 2 1 1 322 321 543
1584 2 2 1 1 322 543 543
1585 2 2 1 1 361 544 543
1586 2 2 1 1 361 543 543
1587 2 2 1 1 360 545 544
1588 2 2 1 1 360 544 544
1589 2 2 1 1 546 545 256
1590 2 2 1 1 546 256 256
1591 2 2 1 1 546 256 255
1592 2 2 1 1 546 255 255
1593 2 2 1 1 546 255 230
1594 2 2 1 1 546 230 230
1595 2 2 1 1 230 547 546
1596 2 2 1 1 230 546 546
1597 2 2 1 1 230 548 547
1598 2 2 1 1 230 547 547
1599 2 2 1 1 549 548 359
1600 2 2 1 1 549 359 359
1601 2 2 1 1 359 358 549
1602 2 2 1 1 359 549 549
1603 2 2 1 1 358 550 549
1604 2 2 1 1 358 549 549
1605 2 2 1 1 550 358 357
1606 2 2 1 1 550 357 357
1607 2 2 1 1 550 357 356
1608 2 2 1 1 550 356 356
1609 2 2 1 1 356 551 550
1610 2 2 1 1 356 550 550
1611 2 2 1 1 183 552 551
1612 2 2 1 1 183 551 551
1613 2 2 1 1 370 553 552
1614 2 2 1 1 370 552 552
1615 2 2 1 1 354 530 553
1616 2 2 1 1 354 553 553
1617 2 2 1 1 530 354 353
1618 2 2 1 1 530 353 353
1619 2 2 1 1 370 354 553
1620 2 2 1 1 370 553 553
1621 2 2 1 1 183 370 552
1622 2 2 1 1 183 552 552
1623 2 2 1 1 356 183 551
1624 2 2 1 1 356 551 551
1625 2 2 1 1 230 359 548
1626 2 2 1 1 230 548 548
1627 2 2 1 1 360 256 545
1628 2 2 1 1 360 545 545
1629 2 2 1 1 361 360 544
1630 2 2 1 1 361 544 544
1631 2 2 1 1 321 361 543
1632 2 2 1 1 321 543 543
1633 2 2 1 1 372 315 540
1634 2 2 1 1 372 540 540
1635 2 2 1 1 243 252 538
1636 2 2 1 1 243 538 538
1637 2 2 1 1 233 243 537
1638 2 2 1 1 233 537 537
1639 2 2 1 1 191 352 533
1640 2 2 1 1 191 533 533
1641 2 2 1 1 177 176 531
1642 2 2 1 1 177 531 531
1643 2 2 1 1 353 177 529
1644 2 2 1 1 353 529 529
1645 2 2 1 1 554 363 175
1646 2 2 1 1 554 175 175
1647 2 2 1 1 555 554 175
1648 2 2 1 1 555 175 175
1649 2 2 1 1 555 175 174
1650 2 2 1 1 555 174 174
1651 2 2 1 1 174 556 555
1652 2 2 1 1 174 555 555
1653 2 2 1 1 556 174 190
1654 2 2 1 1 556 190 190
1655 2 2 1 1 556 190 201
1656 2 2 1 1 556 201 557
1657 2 2 1 1 557 201 362
1658 2 2 1 1 557 362 362
1659 2 2 1 1 362 558 557
1660 2 2 1 1 362 557 557
1661 2 2 1 1 362 220 558
1662 2 2 1 1 362 558 558
1663 2 2 1 1 559 558 220
1664 2 2 1 1 559 220 220
1665 2 2 1 1 559 220 221
1666 2 2 1 1 559 221 221
1667 2 2 1 1 221 560 559
1668 2 2 1 1 221 559 559
1669 2 2 1 1 368 561 560
1670 2 2 1 1 368 560 560
1671 2 2 1 1 561 368 367
1672 2 2 1 1 561 367 367
1673 2 2 1 1 562 561 367
1674 2 2 1 1 562 367 367
1675 2 2 1 1 563 562 282
1676 2 2 1 1 563 282 282
1677 2 2 1 1 285 564 563
1678 2 2 1 1 285 563 563
1679 2 2 1 1 564 285 303
1680 2 2 1 1 564 303 303
1681 2 2 1 1 303 565 564
1682 2 2 1 1 303 564 564
1683 2 2 1 1 302 566 565
1684 2 2 1 1 302 565 565
1685 2 2 1 1 566 302 317
1686 2 2 1 1 566 317 317
1687 2 2 1 1 317 567 566
1688 2 2 1 1 317 566 566
1689 2 2 1 1 309 308 567
1690 2 2 1 1 309 567 567
1691 2 2 1 1 308 568 567
1692 2 2 1 1 308 567 567
1693 2 2 1 1 308 279 568
1694 2 2 1 1 308 568 568
1695 2 2 1 1 568 279 277
1696 2 2 1 1 568 277 569
1697 2 2 1 1 277 248 570
1698 2 2 1 1 277 570 569
1699 2 2 1 1 248 366 571
1700 2 2 1 1 248 571 570
1701 2 2 1 1 240 572 571
1702 2 2 1 1 240 571 571
1703 2 2 1 1 572 240 365
1704 2 2 1 1 572 365 365
1705 2 2 1 1 365 573 572
1706 2 2 1 1 365 572 572
1707 2 2 1 1 364 574 573
1708 2 2 1 1 364 573 211
1709 2 2 1 1 575 574 364
1710 2 2 1 1 575 364 364
1711 2 2 1 1 575 364 168
1712 2 2 1 1 575 168 168
1713 2 2 1 1 168 576 575
1714 2 2 1 1 168 575 575
1715 2 2 1 1 576 168 172
1716 2 2 1 1 576 172 172
1717 2 2 1 1 172 577 576
1718 2 2 1 1 172 576 576
1719 2 2 1 1 577 172 152
1720 2 2 1 1 577 152 152
1721 2 2 1 1 152 363 554
1722 2 2 1 1 152 554 577
1723 2 2 1 1 365 211 573
1724 2 2 1 1 365 573 573
1725 2 2 1 1 366 240 571
1726 2 2 1 1 366 571 571
1727 2 2 1 1 317 309 567
1728 2 2 1 1 317 567 567
1729 2 2 1 1 303 302 565
1730 2 2 1 1 303 565 565
1731 2 2 1 1 282 285 563
1732 2 2 1 1 282 563 563
1733 2 2 1 1 367 282 562
1734 2 2 1 1 367 562 562
1735 2 2 1 1 236 368 560
1736 2 2 1 1 236 560 560
1737 2 2 1 1 221 236 560
1738 2 2 1 1 221 560 560
1739 2 2 1 1 554 555 577
1740 2 2 1 1 554 577 577
1741 2 2 1 1 561 562 563
1742 2 2 1 1 561 563 563
1743 2 2 1 1 565 578 563
1744 2 2 1 1 565 563 564
1745 2 2 1 1 567 579 565
1746 2 2 1 1 567 565 566
1747 2 2 1 1 576 577 574
1748 2 2 1 1 576 574 574
1749 2 2 1 1 561 563 560
1750 2 2 1 1 561 560 560
1751 2 2 1 1 574 575 576
1752 2 2 1 1 574 576 576
1753 2 2 1 1 558 556 557
1754 2 2 1 1 558 557 557
1755 2 2 1 1 570 568 569
1756 2 2 1 1 570 569 569
1757 2 2 1 1 574 572 573
1758 2 2 1 1 574 573 573
1759 2 2 1 1 572 570 571
1760 2 2 1 1 572 571 571
1761 2 2 1 1 560 558 559
1762 2 2 1 1 560 559 559
1763 2 2 1 1 537 538 536
1764 2 2 1 1 537 536 536
1765 2 2 1 1 531 532 529
1766 2 2 1 1 531 529 529
1767 2 2 1 1 535 536 534
1768 2 2 1 1 535 534 534
1769 2 2 1 1 534 532 533
1770 2 2 1 1 534 533 533
1771 2 2 1 1 539 540 538
1772 2 2 1 1 539 538 538
1773 2 2 1 1 546 544 545
1774 2 2 1 1 546 545 545
1775 2 2 1 1 541 542 540
1776 2 2 1 1 541 540 540
1777 2 2 1 1 551 553 550
1778 2 2 1 1 551 550 550
1779 2 2 1 1 529 553 530
1780 2 2 1 1 529 530 530
1781 2 2 1 1 550 580 548
1782 2 2 1 1 550 548 549
1783 2 2 1 1 546 547 548
1784 2 2 1 1 546 548 548
1785 2 2 1 1 544 542 543
1786 2 2 1 1 544 543 543
1787 2 2 1 1 553 551 552
1788 2 2 1 1 553 552 552
1789 2 2 1 1 534 536 581
1790 2 2 1 1 534 581 582
1791 2 2 1 1 534 582 583
1792 2 2 1 1 534 583 583
1793 2 2 1 1 546 548 580
1794 2 2 1 1 546 580 584
1795 2 2 1 1 550 585 580
1796 2 2 1 1 550 580 580
1797 2 2 1 1 583 532 534
1798 2 2 1 1 583 534 534
1799 2 2 1 1 536 538 581
1800 2 2 1 1 536 581 581
1801 2 2 1 1 538 540 586
1802 2 2 1 1 538 586 586
1803 2 2 1 1 540 587 586
1804 2 2 1 1 540 586 586
1805 2 2 1 1 546 584 588
1806 2 2 1 1 546 588 588
1807 2 2 1 1 550 553 589
1808 2 2 1 1 550 589 589
1809 2 2 1 1 544 590 591
1810 2 2 1 1 544 591 591
1811 2 2 1 1 553 529 592
1812 2 2 1 1 553 592 592
1813 2 2 1 1 529 593 594
1814 2 2 1 1 529 594 594
1815 2 2 1 1 586 595 538
1816 2 2 1 1 586 538 538
1817 2 2 1 1 583 593 532
1818 2 2 1 1 583 532 532
1819 2 2 1 1 596 587 540
1820 2 2 1 1 596 540 542
1821 2 2 1 1 542 591 596
1822 2 2 1 1 542 596 596
1823 2 2 1 1 542 544 591
1824 2 2 1 1 542 591 591
1825 2 2 1 1 588 544 546
1826 2 2 1 1 588 546 546
1827 2 2 1 1 589 597 550
1828 2 2 1 1 589 550 550
1829 2 2 1 1 595 581 538
1830 2 2 1 1 595 538 538
1831 2 2 1 1 588 590 544
1832 2 2 1 1 588 544 544
1833 2 2 1 1 597 585 550
1834 2 2 1 1 597 550 550
1835 2 2 1 1 553 592 589
1836 2 2 1 1 553 589 589
1837 2 2 1 1 593 529 532
1838 2 2 1 1 593 532 532
1839 2 2 1 1 594 592 529
1840 2 2 1 1 594 529 529
1841 2 2 1 1 598 599 596
1842 2 2 1 1 598 596 596
1843 2 2 1 1 600 598 590
1844 2 2 1 1 600 590 590
1845 2 2 1 1 601 600 590
1846 2 2 1 1 601 590 590
1847 2 2 1 1 602 601 588
1848 2 2 1 1 602 588 588
1849 2 2 1 1 603 602 584
1850 2 2 1 1 603 584 584
1851 2 2 1 1 604 603 585
1852 2 2 1 1 604 585 585
1853 2 2 1 1 605 604 585
1854 2 2 1 1 605 585 585
1855 2 2 1 1 606 605 597
1856 2 2 1 1 606 597 597
1857 2 2 1 1 607 606 589
1858 2 2 1 1 607 589 589
1859 2 2 1 1 608 607 592
1860 2 2 1 1 608 592 592
1861 2 2 1 1 609 608 594
1862 2 2 1 1 609 594 594
1863 2 2 1 1 610 609 583
1864 2 2 1 1 610 583 583
1865 2 2 1 1 611 610 583
1866 2 2 1 1 611 583 583
1867 2 2 1 1 612 611 582
1868 2 2 1 1 612 582 582
1869 2 2 1 1 613 612 581
1870 2 2 1 1 613 581 581
1871 2 2 1 1 614 613 586
1872 2 2 1 1 614 586 586
1873 2 2 1 1 615 614 586
1874 2 2 1 1 615 586 586
1875 2 2 1 1 599 615 587
1876 2 2 1 1 599 587 587
1877 2 2 1 1 587 596 599
1878 2 2 1 1 587 599 599
1879 2 2 1 1 586 587 615
1880 2 2 1 1 586 615 615
1881 2 2 1 1 595 586 613
1882 2 2 1 1 595 613 613
1883 2 2 1 1 581 595 613
1884 2 2 1 1 581 613 613
1885 2 2 1 1 582 581 612
1886 2 2 1 1 582 612 612
1887 2 2 1 1 583 582 611
1888 2 2 1 1 583 611 611
1889 2 2 1 1 593 583 609
1890 2 2 1 1 593 609 609
1891 2 2 1 1 594 593 609
1892 2 2 1 1 594 609 609
1893 2 2 1 1 592 594 608
1894 2 2 1 1 592 608 608
1895 2 2 1 1 589 592 607
1896 2 2 1 1 589 607 607
1897 2 2 1 1 597 589 606
1898 2 2 1 1 597 606 606
1899 2 2 1 1 585 597 605
1900 2 2 1 1 585 605 605
1901 2 2 1 1 580 585 603
1902 2 2 1 1 580 603 603
1903 2 2 1 1 584 580 603
1904 2 2 1 1 584 603 603
1905 2 2 1 1 588 584 602
1906 2 2 1 1 588 602 602
1907 2 2 1 1 590 588 601
1908 2 2 1 1 590 601 601
1909 2 2 1 1 591 590 598
1910 2 2 1 1 591 598 598
1911 2 2 1 1 596 591 598
1912 2 2 1 1 596 598 598
1913 2 2 1 1 616 617 612
1914 2 2 1 1 616 612 612
1915 2 2 1 1 608 618 619
1916 2 2 1 1 608 619 619
1917 2 2 1 1 608 620 618
1918 2 2 1 1 608 618 618
1919 2 2 1 1 607 619 621
1920 2 2 1 1 607 621 621
1921 2 2 1 1 606 607 621
1922 2 2 1 1 606 621 621
1923 2 2 1 1 612 613 616
1924 2 2 1 1 612 616 616
1925 2 2 1 1 607 608 619
1926 2 2 1 1 607 619 619
1927 2 2 1 1 622 623 603
1928 2 2 1 1 622 603 603
1929 2 2 1 1 624 602 603
1930 2 2 1 1 624 603 623
1931 2 2 1 1 624 625 601
1932 2 2 1 1 624 601 601
1933 2 2 1 1 626 627 598
1934 2 2 1 1 626 598 600
1935 2 2 1 1 614 615 628
1936 2 2 1 1 614 628 628
1937 2 2 1 1 614 628 629
1938 2 2 1 1 614 629 629
1939 2 2 1 1 629 630 613
1940 2 2 1 1 629 613 614
1941 2 2 1 1 630 616 613
1942 2 2 1 1 630 613 613
1943 2 2 1 1 617 610 611
1944 2 2 1 1 617 611 611
1945 2 2 1 1 622 603 604
1946 2 2 1 1 622 604 604
1947 2 2 1 1 631 609 610
1948 2 2 1 1 631 610 610
1949 2 2 1 1 631 620 609
1950 2 2 1 1 631 609 609
1951 2 2 1 1 632 605 606
1952 2 2 1 1 632 606 606
1953 2 2 1 1 633 628 599
1954 2 2 1 1 633 599 599
1955 2 2 1 1 611 612 617
1956 2 2 1 1 611 617 617
1957 2 2 1 1 632 634 605
1958 2 2 1 1 632 605 605
1959 2 2 1 1 624 601 602
1960 2 2 1 1 624 602 602
1961 2 2 1 1 615 599 628
1962 2 2 1 1 615 628 628
1963 2 2 1 1 604 634 622
1964 2 2 1 1 604 622 622
1965 2 2 1 1 600 601 625
1966 2 2 1 1 600 625 626
1967 2 2 1 1 606 621 632
1968 2 2 1 1 606 632 632
1969 2 2 1 1 604 605 634
1970 2 2 1 1 604 634 634
1971 2 2 1 1 608 609 620
1972 2 2 1 1 608 620 620
1973 2 2 1 1 610 617 631
1974 2 2 1 1 610 631 631
1975 2 2 1 1 598 627 633
1976 2 2 1 1 598 633 633
1977 2 2 1 1 599 598 633
1978 2 2 1 1 599 633 633
1979 2 2 1 1 520 526 635
1980 2 2 1 1 520 635 636
1981 2 2 1 1 527 516 637
1982 2 2 1 1 527 637 637
1983 2 2 1 1 516 638 637
1984 2 2 1 1 516 637 637
1985 2 2 1 1 528 509 639
1986 2 2 1 1 528 639 639
1987 2 2 1 1 518 640 641
1988 2 2 1 1 518 641 641
1989 2 2 1 1 642 643 644
1990 2 2 1 1 642 644 523
1991 2 2 1 1 523 511 642
1992 2 2 1 1 523 642 642
1993 2 2 1 1 645 646 647
1994 2 2 1 1 645 647 525
1995 2 2 1 1 525 521 645
1996 2 2 1 1 525 645 645
1997 2 2 1 1 521 517 648
1998 2 2 1 1 521 648 648
1999 2 2 1 1 508 649 650
2000 2 2 1 1 508 650 650
2001 2 2 1 1 514 651 649
2002 2 2 1 1 514 649 508
2003 2 2 1 1 514 515 652
2004 2 2 1 1 514 652 652
2005 2 2 1 1 515 512 653
2006 2 2 1 1 515 653 652
2007 2 2 1 1 512 513 654
2008 2 2 1 1 512 654 653
2009 2 2 1 1 655 517 650
2010 2 2 1 1 655 650 650
2011 2 2 1 1 526 527 656
2012 2 2 1 1 526 656 635
2013 2 2 1 1 654 513 657
2014 2 2 1 1 654 657 657
2015 2 2 1 1 519 520 636
2016 2 2 1 1 519 636 658
2017 2 2 1 1 524 525 647
2018 2 2 1 1 524 647 659
2019 2 2 1 1 527 637 656
2020 2 2 1 1 527 656 656
2021 2 2 1 1 639 509 660
2022 2 2 1 1 639 660 660
2023 2 2 1 1 640 661 662
2024 2 2 1 1 640 662 641
2025 2 2 1 1 663 646 645
2026 2 2 1 1 663 645 648
2027 2 2 1 1 511 659 664
2028 2 2 1 1 511 664 642
2029 2 2 1 1 638 665 666
2030 2 2 1 1 638 666 637
2031 2 2 1 1 514 652 651
2032 2 2 1 1 514 651 651
2033 2 2 1 1 656 637 666
2034 2 2 1 1 656 666 666
2035 2 2 1 1 658 636 667
2036 2 2 1 1 658 667 667
2037 2 2 1 1 655 650 668
2038 2 2 1 1 655 668 668
2039 2 2 1 1 650 649 669
2040 2 2 1 1 650 669 669
2041 2 2 1 1 670 671 653
2042 2 2 1 1 670 653 654
2043 2 2 1 1 667 672 657
2044 2 2 1 1 667 657 658
2045 2 2 1 1 673 659 647
2046 2 2 1 1 673 647 647
2047 2 2 1 1 659 673 674
2048 2 2 1 1 659 674 664
2049 2 2 1 1 657 672 670
2050 2 2 1 1 657 670 654
2051 2 2 1 1 675 676 635
2052 2 2 1 1 675 635 656
2053 2 2 1 1 669 651 677
2054 2 2 1 1 669 677 677
2055 2 2 1 1 639 678 665
2056 2 2 1 1 639 665 638
2057 2 2 1 1 666 679 675
2058 2 2 1 1 666 675 656
2059 2 2 1 1 680 681 652
2060 2 2 1 1 680 652 653
2061 2 2 1 1 636 635 676
2062 2 2 1 1 636 676 676
2063 2 2 1 1 646 663 682
2064 2 2 1 1 646 682 682
2065 2 2 1 1 683 636 676
2066 2 2 1 1 683 676 676
2067 2 2 1 1 684 685 686
2068 2 2 1 1 684 686 662
2069 2 2 1 1 687 646 682
2070 2 2 1 1 687 682 682
2071 2 2 1 1 678 660 688
2072 2 2 1 1 678 688 688
2073 2 2 1 1 667 689 690
2074 2 2 1 1 667 690 672
2075 2 2 1 1 691 692 693
2076 2 2 1 1 691 693 694
2077 2 2 1 1 682 663 695
2078 2 2 1 1 682 695 695
2079 2 2 1 1 668 696 697
2080 2 2 1 1 668 697 697
2081 2 2 1 1 662 661 698
2082 2 2 1 1 662 698 698
2083 2 2 1 1 676 699 700
2084 2 2 1 1 676 700 683
2085 2 2 1 1 701 702 688
2086 2 2 1 1 701 688 685
2087 2 2 1 1 684 662 698
2088 2 2 1 1 684 698 698
2089 2 2 1 1 691 703 704
2090 2 2 1 1 691 704 704
2091 2 2 1 1 705 677 706
2092 2 2 1 1 705 706 706
2093 2 2 1 1 695 707 708
2094 2 2 1 1 695 708 682
2095 2 2 1 1 709 710 672
2096 2 2 1 1 709 672 690
2097 2 2 1 1 711 712 696
2098 2 2 1 1 711 696 705
2099 2 2 1 1 699 676 675
2100 2 2 1 1 699 675 713
2101 2 2 1 1 697 696 712
2102 2 2 1 1 697 712 712
2103 2 2 1 1 683 700 714
2104 2 2 1 1 683 714 689
2105 2 2 1 1 714 715 690
2106 2 2 1 1 714 690 689
2107 2 2 1 1 700 699 716
2108 2 2 1 1 700 716 716
2109 2 2 1 1 701 684 717
2110 2 2 1 1 701 717 717
2111 2 2 1 1 702 701 718
2112 2 2 1 1 702 718 718
2113 2 2 1 1 717 698 719
2114 2 2 1 1 717 719 719
2115 2 2 1 1 697 712 720
2116 2 2 1 1 697 720 720
2117 2 2 1 1 697 720 721
2118 2 2 1 1 697 721 722
2119 2 2 1 1 723 722 721
2120 2 2 1 1 723 721 721
2121 2 2 1 1 716 713 724
2122 2 2 1 1 716 724 724
2123 2 2 1 1 711 725 726
2124 2 2 1 1 711 726 712
2125 2 2 1 1 692 704 727
2126 2 2 1 1 692 727 727
2127 2 2 1 1 707 695 723
2128 2 2 1 1 707 723 728
2129 2 2 1 1 717 719 729
2130 2 2 1 1 717 729 729
2131 2 2 1 1 714 700 730
2132 2 2 1 1 714 730 730
2133 2 2 1 1 729 719 731
2134 2 2 1 1 729 731 731
2135 2 2 1 1 732 692 727
2136 2 2 1 1 732 727 727
2137 2 2 1 1 716 724 733
2138 2 2 1 1 716 733 733
2139 2 2 1 1 714 730 734
2140 2 2 1 1 714 734 734
2141 2 2 1 1 730 700 716
2142 2 2 1 1 730 716 735
2143 2 2 1 1 736 732 737
2144 2 2 1 1 736 737 737
2145 2 2 1 1 726 725 738
2146 2 2 1 1 726 738 738
2147 2 2 1 1 720 739 740
2148 2 2 1 1 720 740 721
2149 2 2 1 1 720 726 739
2150 2 2 1 1 720 739 739
2151 2 2 1 1 735 733 741
2152 2 2 1 1 735 741 741
2153 2 2 1 1 741 733 742
2154 2 2 1 1 741 742 742
2155 2 2 1 1 743 728 744
2156 2 2 1 1 743 744 744
2157 2 2 1 1 731 736 745
2158 2 2 1 1 731 745 745
2159 2 2 1 1 731 745 746
2160 2 2 1 1 731 746 747
2161 2 2 1 1 748 749 744
2162 2 2 1 1 748 744 740
2163 2 2 1 1 750 734 751
2164 2 2 1 1 750 751 751
2165 2 2 1 1 745 736 737
2166 2 2 1 1 745 737 752
2167 2 2 1 1 739 738 753
2168 2 2 1 1 739 753 753
2169 2 2 1 1 737 754 752
2170 2 2 1 1 737 752 752
2171 2 2 1 1 755 741 756
2172 2 2 1 1 755 756 756
2173 2 2 1 1 742 757 756
2174 2 2 1 1 742 756 741
2175 2 2 1 1 743 744 749
2176 2 2 1 1 743 749 749
2177 2 2 1 1 745 752 758
2178 2 2 1 1 745 758 746
2179 2 2 1 1 751 755 759
2180 2 2 1 1 751 759 759
2181 2 2 1 1 756 760 759
2182 2 2 1 1 756 759 755
2183 2 2 1 1 753 738 761
2184 2 2 1 1 753 761 761
2185 2 2 1 1 752 754 762
2186 2 2 1 1 752 762 762
2187 2 2 1 1 763 764 765
2188 2 2 1 1 763 765 751
2189 2 2 1 1 752 762 766
2190 2 2 1 1 752 766 766
2191 2 2 1 1 763 751 759
2192 2 2 1 1 763 759 759
2193 2 2 1 1 767 746 758
2194 2 2 1 1 767 758 758
2195 2 2 1 1 768 767 769
2196 2 2 1 1 768 769 769
2197 2 2 1 1 770 749 771
2198 2 2 1 1 770 771 771
2199 2 2 1 1 772 748 753
2200 2 2 1 1 772 753 773
2201 2 2 1 1 774 775 763
2202 2 2 1 1 774 763 759
2203 2 2 1 1 776 777 773
2204 2 2 1 1 776 773 761
2205 2 2 1 1 774 759 760
2206 2 2 1 1 774 760 760
2207 2 2 1 1 756 778 779
2208 2 2 1 1 756 779 760
2209 2 2 1 1 767 758 780
2210 2 2 1 1 767 780 780
2211 2 2 1 1 769 767 780
2212 2 2 1 1 769 780 780
2213 2 2 1 1 758 766 781
2214 2 2 1 1 758 781 781
2215 2 2 1 1 775 782 764
2216 2 2 1 1 775 764 763
2217 2 2 1 1 766 762 783
2218 2 2 1 1 766 783 781
2219 2 2 1 1 784 773 777
2220 2 2 1 1 784 777 777
2221 2 2 1 1 785 786 779
2222 2 2 1 1 785 779 778
2223 2 2 1 1 769 780 787
2224 2 2 1 1 769 787 787
2225 2 2 1 1 772 784 788
2226 2 2 1 1 772 788 771
2227 2 2 1 1 789 769 787
2228 2 2 1 1 789 787 787
2229 2 2 1 1 758 781 790
2230 2 2 1 1 758 790 790
2231 2 2 1 1 760 779 791
2232 2 2 1 1 760 791 774
2233 2 2 1 1 791 779 786
2234 2 2 1 1 791 786 786
2235 2 2 1 1 792 771 793
2236 2 2 1 1 792 793 793
2237 2 2 1 1 781 794 795
2238 2 2 1 1 781 795 790
2239 2 2 1 1 777 796 797
2240 2 2 1 1 777 797 784
2241 2 2 1 1 782 775 798
2242 2 2 1 1 782 798 798
2243 2 2 1 1 782 798 799
2244 2 2 1 1 782 799 799
2245 2 2 1 1 783 800 801
2246 2 2 1 1 783 801 794
2247 2 2 1 1 802 787 803
2248 2 2 1 1 802 803 803
2249 2 2 1 1 793 788 804
2250 2 2 1 1 793 804 804
2251 2 2 1 1 795 805 806
2252 2 2 1 1 795 806 790
2253 2 2 1 1 788 797 807
2254 2 2 1 1 788 807 807
2255 2 2 1 1 798 808 809
2256 2 2 1 1 798 809 809
2257 2 2 1 1 795 794 810
2258 2 2 1 1 795 810 810
2259 2 2 1 1 804 788 807
2260 2 2 1 1 804 807 807
2261 2 2 1 1 811 812 791
2262 2 2 1 1 811 791 786
2263 2 2 1 1 797 796 813
2264 2 2 1 1 797 813 813
2265 2 2 1 1 808 791 812
2266 2 2 1 1 808 812 812
2267 2 2 1 1 803 787 806
2268 2 2 1 1 803 806 814
2269 2 2 1 1 809 808 812
2270 2 2 1 1 809 812 812
2271 2 2 1 1 803 814 815
2272 2 2 1 1 803 815 816
2273 2 2 1 1 817 818 819
2274 2 2 1 1 817 819 819
2275 2 2 1 1 820 799 821
2276 2 2 1 1 820 821 821
2277 2 2 1 1 811 786 822
2278 2 2 1 1 811 822 823
2279 2 2 1 1 801 824 825
2280 2 2 1 1 801 825 825
2281 2 2 1 1 804 807 826
2282 2 2 1 1 804 826 826
2283 2 2 1 1 827 816 815
2284 2 2 1 1 827 815 815
2285 2 2 1 1 828 829 830
2286 2 2 1 1 828 830 830
2287 2 2 1 1 830 831 832
2288 2 2 1 1 830 832 828
2289 2 2 1 1 813 819 833
2290 2 2 1 1 813 833 833
2291 2 2 1 1 834 812 835
2292 2 2 1 1 834 835 835
2293 2 2 1 1 807 797 813
2294 2 2 1 1 807 813 836
2295 2 2 1 1 837 838 839
2296 2 2 1 1 837 839 823
2297 2 2 1 1 830 804 826
2298 2 2 1 1 830 826 826
2299 2 2 1 1 836 813 833
2300 2 2 1 1 836 833 833
2301 2 2 1 1 840 841 825
2302 2 2 1 1 840 825 842
2303 2 2 1 1 843 827 815
2304 2 2 1 1 843 815 844
2305 2 2 1 1 810 801 825
2306 2 2 1 1 810 825 845
2307 2 2 1 1 846 847 840
2308 2 2 1 1 846 840 848
2309 2 2 1 1 849 850 851
2310 2 2 1 1 849 851 851
2311 2 2 1 1 805 852 853
2312 2 2 1 1 805 853 814
2313 2 2 1 1 854 810 845
2314 2 2 1 1 854 845 845
2315 2 2 1 1 848 855 846
2316 2 2 1 1 848 846 846
2317 2 2 1 1 856 857 858
2318 2 2 1 1 856 858 858
2319 2 2 1 1 850 843 851
2320 2 2 1 1 850 851 851
2321 2 2 1 1 836 833 859
2322 2 2 1 1 836 859 859
2323 2 2 1 1 860 861 862
2324 2 2 1 1 860 862 863
2325 2 2 1 1 823 839 864
2326 2 2 1 1 823 864 865
2327 2 2 1 1 838 849 866
2328 2 2 1 1 838 866 839
2329 2 2 1 1 867 868 858
2330 2 2 1 1 867 858 857
2331 2 2 1 1 867 862 868
2332 2 2 1 1 867 868 868
2333 2 2 1 1 852 854 845
2334 2 2 1 1 852 845 845
2335 2 2 1 1 869 870 833
2336 2 2 1 1 869 833 871
2337 2 2 1 1 835 865 864
2338 2 2 1 1 835 864 864
2339 2 2 1 1 859 872 826
2340 2 2 1 1 859 826 836
2341 2 2 1 1 844 853 873
2342 2 2 1 1 844 873 873
2343 2 2 1 1 852 845 874
2344 2 2 1 1 852 874 874
2345 2 2 1 1 875 834 835
2346 2 2 1 1 875 835 864
2347 2 2 1 1 843 844 876
2348 2 2 1 1 843 876 876
2349 2 2 1 1 845 841 874
2350 2 2 1 1 845 874 874
2351 2 2 1 1 864 839 877
2352 2 2 1 1 864 877 877
2353 2 2 1 1 847 878 841
2354 2 2 1 1 847 841 840
2355 2 2 1 1 853 852 879
2356 2 2 1 1 853 879 873
2357 2 2 1 1 859 833 870
2358 2 2 1 1 859 870 870
2359 2 2 1 1 860 834 875
2360 2 2 1 1 860 875 875
2361 2 2 1 1 866 851 880
2362 2 2 1 1 866 880 880
2363 2 2 1 1 832 881 882
2364 2 2 1 1 832 882 846
2365 2 2 1 1 831 826 872
2366 2 2 1 1 831 872 872
2367 2 2 1 1 876 844 873
2368 2 2 1 1 876 873 873
2369 2 2 1 1 870 869 466
2370 2 2 1 1 870 466 466
2371 2 2 1 1 847 846 882
2372 2 2 1 1 847 882 882
2373 2 2 1 1 869 858 883
2374 2 2 1 1 869 883 883
2375 2 2 1 1 881 831 872
2376 2 2 1 1 881 872 475
2377 2 2 1 1 883 868 467
2378 2 2 1 1 883 467 467
2379 2 2 1 1 474 473 847
2380 2 2 1 1 474 847 882
2381 2 2 1 1 859 870 477
2382 2 2 1 1 859 477 872
2383 2 2 1 1 861 860 468
2384 2 2 1 1 861 468 468
2385 2 2 1 1 875 864 877
2386 2 2 1 1 875 877 471
2387 2 2 1 1 876 873 470
2388 2 2 1 1 876 470 470
2389 2 2 1 1 467 868 861
2390 2 2 1 1 467 861 468
2391 2 2 1 1 877 884 476
2392 2 2 1 1 877 476 476
2393 2 2 1 1 880 876 472
2394 2 2 1 1 880 472 472
2395 2 2 1 1 860 875 468
2396 2 2 1 1 860 468 468
2397 2 2 1 1 470 879 469
2398 2 2 1 1 470 469 469
2399 2 2 1 1 477 870 466
2400 2 2 1 1 477 466 466
2401 2 2 1 1 468 875 471
2402 2 2 1 1 468 471 471
2403 2 2 1 1 756 757 778
2404 2 2 1 1 756 778 778
2405 2 2 1 1 822 837 823
2406 2 2 1 1 822 823 823
2407 2 2 1 1 787 802 789
2408 2 2 1 1 787 789 789
2409 2 2 1 1 885 706 677
2410 2 2 1 1 885 677 677
2411 2 2 1 1 711 706 725
2412 2 2 1 1 711 725 725
2413 2 2 1 1 682 708 687
2414 2 2 1 1 682 687 687
2415 2 2 1 1 840 842 848
2416 2 2 1 1 840 848 848
2417 2 2 1 1 855 828 832
2418 2 2 1 1 855 832 832
2419 2 2 1 1 727 754 737
2420 2 2 1 1 727 737 737
2421 2 2 1 1 856 871 818
2422 2 2 1 1 856 818 818
2423 2 2 1 1 710 671 670
2424 2 2 1 1 710 670 670
2425 2 2 1 1 715 709 690
2426 2 2 1 1 715 690 690
2427 2 2 1 1 473 469 878
2428 2 2 1 1 473 878 878
2429 2 2 1 1 475 474 881
2430 2 2 1 1 475 881 881
2431 2 2 1 1 470 472 876
2432 2 2 1 1 470 876 876
2433 2 2 1 1 476 471 877
2434 2 2 1 1 476 877 877
2435 2 2 1 1 467 466 883
2436 2 2 1 1 467 883 883
2437 2 2 1 1 884 866 472
2438 2 2 1 1 884 472 476
2439 2 2 1 1 847 473 878
2440 2 2 1 1 847 878 878
2441 2 2 1 1 477 475 872
2442 2 2 1 1 477 872 872
2443 2 2 1 1 879 852 874
2444 2 2 1 1 879 874 469
2445 2 2 1 1 879 470 873
2446 2 2 1 1 879 873 873
2447 2 2 1 1 883 466 869
2448 2 2 1 1 883 869 869
2449 2 2 1 1 874 841 878
2450 2 2 1 1 874 878 469
2451 2 2 1 1 880 472 866
2452 2 2 1 1 880 866 866
2453 2 2 1 1 881 474 882
2454 2 2 1 1 881 882 882
2455 2 2 1 1 868 883 858
2456 2 2 1 1 868 858 858
2457 2 2 1 1 880 851 843
2458 2 2 1 1 880 843 876
2459 2 2 1 1 884 877 839
2460 2 2 1 1 884 839 839
2461 2 2 1 1 866 884 839
2462 2 2 1 1 866 839 839
2463 2 2 1 1 831 881 832
2464 2 2 1 1 831 832 832
2465 2 2 1 1 861 868 862
2466 2 2 1 1 861 862 862
2467 2 2 1 1 869 871 856
2468 2 2 1 1 869 856 858
2469 2 2 1 1 834 860 863
2470 2 2 1 1 834 863 863
2471 2 2 1 1 841 845 825
2472 2 2 1 1 841 825 825
2473 2 2 1 1 815 814 853
2474 2 2 1 1 815 853 844
2475 2 2 1 1 826 831 830
2476 2 2 1 1 826 830 830
2477 2 2 1 1 854 852 805
2478 2 2 1 1 854 805 805
2479 2 2 1 1 851 866 849
2480 2 2 1 1 851 849 849
2481 2 2 1 1 836 826 807
2482 2 2 1 1 836 807 807
2483 2 2 1 1 832 846 855
2484 2 2 1 1 832 855 855
2485 2 2 1 1 819 818 871
2486 2 2 1 1 819 871 833
2487 2 2 1 1 862 820 821
2488 2 2 1 1 862 821 863
2489 2 2 1 1 843 850 827
2490 2 2 1 1 843 827 827
2491 2 2 1 1 835 812 811
2492 2 2 1 1 835 811 865
2493 2 2 1 1 862 867 820
2494 2 2 1 1 862 820 820
2495 2 2 1 1 834 863 809
2496 2 2 1 1 834 809 809
2497 2 2 1 1 823 865 811
2498 2 2 1 1 823 811 811
2499 2 2 1 1 812 834 809
2500 2 2 1 1 812 809 809
2501 2 2 1 1 805 814 806
2502 2 2 1 1 805 806 806
2503 2 2 1 1 809 863 821
2504 2 2 1 1 809 821 821
2505 2 2 1 1 842 825 824
2506 2 2 1 1 842 824 824
2507 2 2 1 1 810 854 795
2508 2 2 1 1 810 795 795
2509 2 2 1 1 854 805 795
2510 2 2 1 1 854 795 795
2511 2 2 1 1 796 817 819
2512 2 2 1 1 796 819 813
2513 2 2 1 1 821 799 798
2514 2 2 1 1 821 798 809
2515 2 2 1 1 829 793 804
2516 2 2 1 1 829 804 830
2517 2 2 1 1 801 810 794
2518 2 2 1 1 801 794 794
2519 2 2 1 1 824 801 800
2520 2 2 1 1 824 800 800
2521 2 2 1 1 803 816 802
2522 2 2 1 1 803 802 802
2523 2 2 1 1 822 786 785
2524 2 2 1 1 822 785 785
2525 2 2 1 1 817 796 886
2526 2 2 1 1 817 886 886
2527 2 2 1 1 793 829 792
2528 2 2 1 1 793 792 792
2529 2 2 1 1 790 806 780
2530 2 2 1 1 790 780 780
2531 2 2 1 1 780 806 787
2532 2 2 1 1 780 787 787
2533 2 2 1 1 775 774 808
2534 2 2 1 1 775 808 798
2535 2 2 1 1 784 797 788
2536 2 2 1 1 784 788 788
2537 2 2 1 1 788 793 771
2538 2 2 1 1 788 771 771
2539 2 2 1 1 791 808 774
2540 2 2 1 1 791 774 774
2541 2 2 1 1 886 796 777
2542 2 2 1 1 886 777 777
2543 2 2 1 1 783 794 781
2544 2 2 1 1 783 781 781
2545 2 2 1 1 758 790 780
2546 2 2 1 1 758 780 780
2547 2 2 1 1 886 777 776
2548 2 2 1 1 886 776 776
2549 2 2 1 1 771 792 770
2550 2 2 1 1 771 770 770
2551 2 2 1 1 773 784 772
2552 2 2 1 1 773 772 772
2553 2 2 1 1 772 771 749
2554 2 2 1 1 772 749 749
2555 2 2 1 1 768 769 789
2556 2 2 1 1 768 789 789
2557 2 2 1 1 761 773 753
2558 2 2 1 1 761 753 753
2559 2 2 1 1 766 758 752
2560 2 2 1 1 766 752 752
2561 2 2 1 1 768 747 746
2562 2 2 1 1 768 746 767
2563 2 2 1 1 772 749 748
2564 2 2 1 1 772 748 748
2565 2 2 1 1 749 770 743
2566 2 2 1 1 749 743 743
2567 2 2 1 1 755 751 734
2568 2 2 1 1 755 734 734
2569 2 2 1 1 748 740 739
2570 2 2 1 1 748 739 753
2571 2 2 1 1 751 765 750
2572 2 2 1 1 751 750 750
2573 2 2 1 1 747 768 887
2574 2 2 1 1 747 887 887
2575 2 2 1 1 750 765 888
2576 2 2 1 1 750 888 888
2577 2 2 1 1 747 887 729
2578 2 2 1 1 747 729 729
2579 2 2 1 1 729 887 718
2580 2 2 1 1 729 718 718
2581 2 2 1 1 731 747 729
2582 2 2 1 1 731 729 729
2583 2 2 1 1 741 755 735
2584 2 2 1 1 741 735 735
2585 2 2 1 1 734 730 735
2586 2 2 1 1 734 735 755
2587 2 2 1 1 738 739 726
2588 2 2 1 1 738 726 726
2589 2 2 1 1 740 744 721
2590 2 2 1 1 740 721 721
2591 2 2 1 1 742 733 724
2592 2 2 1 1 742 724 724
2593 2 2 1 1 734 750 714
2594 2 2 1 1 734 714 714
2595 2 2 1 1 750 888 714
2596 2 2 1 1 750 714 714
2597 2 2 1 1 744 728 723
2598 2 2 1 1 744 723 721
2599 2 2 1 1 727 737 732
2600 2 2 1 1 727 732 732
2601 2 2 1 1 731 719 889
2602 2 2 1 1 731 889 736
2603 2 2 1 1 733 735 716
2604 2 2 1 1 733 716 716
2605 2 2 1 1 714 888 715
2606 2 2 1 1 714 715 715
2607 2 2 1 1 732 736 889
2608 2 2 1 1 732 889 889
2609 2 2 1 1 726 720 712
2610 2 2 1 1 726 712 712
2611 2 2 1 1 718 701 717
2612 2 2 1 1 718 717 729
2613 2 2 1 1 679 724 713
2614 2 2 1 1 679 713 713
2615 2 2 1 1 889 719 698
2616 2 2 1 1 889 698 698
2617 2 2 1 1 889 698 693
2618 2 2 1 1 889 693 732
2619 2 2 1 1 713 716 699
2620 2 2 1 1 713 699 699
2621 2 2 1 1 692 732 693
2622 2 2 1 1 692 693 693
2623 2 2 1 1 722 723 695
2624 2 2 1 1 722 695 695
2625 2 2 1 1 706 711 705
2626 2 2 1 1 706 705 705
2627 2 2 1 1 698 717 684
2628 2 2 1 1 698 684 684
2629 2 2 1 1 679 713 675
2630 2 2 1 1 679 675 675
2631 2 2 1 1 704 692 691
2632 2 2 1 1 704 691 691
2633 2 2 1 1 697 722 668
2634 2 2 1 1 697 668 668
2635 2 2 1 1 693 698 661
2636 2 2 1 1 693 661 661
2637 2 2 1 1 683 689 667
2638 2 2 1 1 683 667 667
2639 2 2 1 1 684 701 685
2640 2 2 1 1 684 685 685
2641 2 2 1 1 663 668 722
2642 2 2 1 1 663 722 695
2643 2 2 1 1 703 691 643
2644 2 2 1 1 703 643 643
2645 2 2 1 1 885 677 651
2646 2 2 1 1 885 651 651
2647 2 2 1 1 890 679 666
2648 2 2 1 1 890 666 666
2649 2 2 1 1 643 691 694
2650 2 2 1 1 643 694 694
2651 2 2 1 1 647 646 687
2652 2 2 1 1 647 687 673
2653 2 2 1 1 665 890 666
2654 2 2 1 1 665 666 666
2655 2 2 1 1 672 710 670
2656 2 2 1 1 672 670 670
2657 2 2 1 1 681 885 651
2658 2 2 1 1 681 651 651
2659 2 2 1 1 677 705 669
2660 2 2 1 1 677 669 669
2661 2 2 1 1 694 693 661
2662 2 2 1 1 694 661 661
2663 2 2 1 1 636 683 667
2664 2 2 1 1 636 667 667
2665 2 2 1 1 705 696 669
2666 2 2 1 1 705 669 669
2667 2 2 1 1 669 696 650
2668 2 2 1 1 669 650 650
2669 2 2 1 1 688 660 891
2670 2 2 1 1 688 891 685
2671 2 2 1 1 671 680 653
2672 2 2 1 1 671 653 653
2673 2 2 1 1 674 703 664
2674 2 2 1 1 674 664 664
2675 2 2 1 1 650 696 668
2676 2 2 1 1 650 668 668
2677 2 2 1 1 643 642 664
2678 2 2 1 1 643 664 703
2679 2 2 1 1 661 640 644
2680 2 2 1 1 661 644 694
2681 2 2 1 1 686 685 891
2682 2 2 1 1 686 891 891
2683 2 2 1 1 652 681 651
2684 2 2 1 1 652 651 651
2685 2 2 1 1 643 694 644
2686 2 2 1 1 643 644 644
2687 2 2 1 1 660 678 639
2688 2 2 1 1 660 639 639
2689 2 2 1 1 663 648 655
2690 2 2 1 1 663 655 668
2691 2 2 1 1 651 669 649
2692 2 2 1 1 651 649 649
2693 2 2 1 1 662 686 641
2694 2 2 1 1 662 641 641
2695 2 2 1 1 509 510 891
2696 2 2 1 1 509 891 660
2697 2 2 1 1 641 686 510
2698 2 2 1 1 641 510 510
2699 2 2 1 1 686 891 510
2700 2 2 1 1 686 510 510
2701 2 2 1 1 657 513 519
2702 2 2 1 1 657 519 658
2703 2 2 1 1 655 648 517
2704 2 2 1 1 655 517 517
2705 2 2 1 1 644 640 522
2706 2 2 1 1 644 522 522
2707 2 2 1 1 659 511 524
2708 2 2 1 1 659 524 524
2709 2 2 1 1 522 640 518
2710 2 2 1 1 522 518 518
2711 2 2 1 1 639 638 528
2712 2 2 1 1 639 528 528
2713 2 2 1 1 650 517 508
2714 2 2 1 1 650 508 508
2715 2 2 1 1 648 645 521
2716 2 2 1 1 648 521 521
2717 2 2 1 1 644 522 523
2718 2 2 1 1 644 523 523
2719 2 2 1 1 641 510 518
2720 2 2 1 1 641 518 518
2721 2 2 1 1 638 516 528
2722 2 2 1 1 638 528 528
2723 2 2 1 1 892 893 577
2724 2 2 1 1 892 577 577
2725 2 2 1 1 556 894 895
2726 2 2 1 1 556 895 555
2727 2 2 1 1 556 558 896
2728 2 2 1 1 556 896 896
2729 2 2 1 1 897 558 560
2730 2 2 1 1 897 560 560
2731 2 2 1 1 898 578 565
2732 2 2 1 1 898 565 565
2733 2 2 1 1 574 893 899
2734 2 2 1 1 574 899 899
2735 2 2 1 1 574 577 893
2736 2 2 1 1 574 893 893
2737 2 2 1 1 900 579 567
2738 2 2 1 1 900 567 567
2739 2 2 1 1 568 901 900
2740 2 2 1 1 568 900 900
2741 2 2 1 1 577 555 895
2742 2 2 1 1 577 895 895
2743 2 2 1 1 896 894 556
2744 2 2 1 1 896 556 556
2745 2 2 1 1 578 902 563
2746 2 2 1 1 578 563 563
2747 2 2 1 1 579 903 565
2748 2 2 1 1 579 565 565
2749 2 2 1 1 900 567 568
2750 2 2 1 1 900 568 568
2751 2 2 1 1 558 897 896
2752 2 2 1 1 558 896 896
2753 2 2 1 1 903 898 565
2754 2 2 1 1 903 565 565
2755 2 2 1 1 895 892 577
2756 2 2 1 1 895 577 577
2757 2 2 1 1 904 905 560
2758 2 2 1 1 904 560 560
2759 2 2 1 1 902 904 563
2760 2 2 1 1 902 563 563
2761 2 2 1 1 899 906 574
2762 2 2 1 1 899 574 574
2763 2 2 1 1 905 897 560
2764 2 2 1 1 905 560 560
2765 2 2 1 1 568 570 901
2766 2 2 1 1 568 901 901
2767 2 2 1 1 572 907 908
2768 2 2 1 1 572 908 908
2769 2 2 1 1 906 907 572
2770 2 2 1 1 906 572 572
2771 2 2 1 1 906 572 574
2772 2 2 1 1 906 574 574
2773 2 2 1 1 904 560 563
2774 2 2 1 1 904 563 563
2775 2 2 1 1 908 901 570
2776 2 2 1 1 908 570 570
2777 2 2 1 1 908 570 572
2778 2 2 1 1 908 572 572
2779 2 2 1 1 909 910 905
2780 2 2 1 1 909 905 905
2781 2 2 1 1 911 909 904
2782 2 2 1 1 911 904 904
2783 2 2 1 1 912 911 902
2784 2 2 1 1 912 902 902
2785 2 2 1 1 913 912 578
2786 2 2 1 1 913 578 578
2787 2 2 1 1 914 913 898
2788 2 2 1 1 914 898 898
2789 2 2 1 1 915 914 579
2790 2 2 1 1 915 579 579
2791 2 2 1 1 916 915 900
2792 2 2 1 1 916 900 900
2793 2 2 1 1 917 916 901
2794 2 2 1 1 917 901 901
2795 2 2 1 1 918 917 908
2796 2 2 1 1 918 908 908
2797 2 2 1 1 919 918 907
2798 2 2 1 1 919 907 907
2799 2 2 1 1 920 919 906
2800 2 2 1 1 920 906 906
2801 2 2 1 1 921 920 899
2802 2 2 1 1 921 899 899
2803 2 2 1 1 922 921 899
2804 2 2 1 1 922 899 899
2805 2 2 1 1 923 922 893
2806 2 2 1 1 923 893 893
2807 2 2 1 1 924 923 892
2808 2 2 1 1 924 892 892
2809 2 2 1 1 925 924 894
2810 2 2 1 1 925 894 894
2811 2 2 1 1 926 925 896
2812 2 2 1 1 926 896 896
2813 2 2 1 1 927 926 896
2814 2 2 1 1 927 896 896
2815 2 2 1 1 910 927 897
2816 2 2 1 1 910 897 897
2817 2 2 1 1 897 905 910
2818 2 2 1 1 897 910 910
2819 2 2 1 1 896 897 927
2820 2 2 1 1 896 927 927
2821 2 2 1 1 894 896 925
2822 2 2 1 1 894 925 925
2823 2 2 1 1 895 894 924
2824 2 2 1 1 895 924 924
2825 2 2 1 1 892 895 924
2826 2 2 1 1 892 924 924
2827 2 2 1 1 893 892 923
2828 2 2 1 1 893 923 923
2829 2 2 1 1 899 893 922
2830 2 2 1 1 899 922 922
2831 2 2 1 1 906 899 920
2832 2 2 1 1 906 920 920
2833 2 2 1 1 907 906 919
2834 2 2 1 1 907 919 919
2835 2 2 1 1 908 907 918
2836 2 2 1 1 908 918 918
2837 2 2 1 1 901 908 917
2838 2 2 1 1 901 917 917
2839 2 2 1 1 900 901 916
2840 2 2 1 1 900 916 916
2841 2 2 1 1 579 900 915
2842 2 2 1 1 579 915 915
2843 2 2 1 1 903 579 914
2844 2 2 1 1 903 914 914
2845 2 2 1 1 898 903 914
2846 2 2 1 1 898 914 914
2847 2 2 1 1 578 898 913
2848 2 2 1 1 578 913 913
2849 2 2 1 1 902 578 912
2850 2 2 1 1 902 912 912
2851 2 2 1 1 904 902 911
2852 2 2 1 1 904 911 911
2853 2 2 1 1 905 904 909
2854 2 2 1 1 905 909 909
2855 2 2 1 1 928 925 926
2856 2 2 1 1 928 926 926
2857 2 2 1 1 925 928 929
2858 2 2 1 1 925 929 929
2859 2 2 1 1 929 930 924
2860 2 2 1 1 929 924 925
2861 2 2 1 1 926 931 928
2862 2 2 1 1 926 928 928
2863 2 2 1 1 932 922 923
2864 2 2 1 1 932 923 923
2865 2 2 1 1 933 934 914
2866 2 2 1 1 933 914 915
2867 2 2 1 1 913 935 936
2868 2 2 1 1 913 936 936
2869 2 2 1 1 933 915 916
2870 2 2 1 1 933 916 937
2871 2 2 1 1 913 914 935
2872 2 2 1 1 913 935 935
2873 2 2 1 1 912 913 936
2874 2 2 1 1 912 936 936
2875 2 2 1 1 911 912 938
2876 2 2 1 1 911 938 938
2877 2 2 1 1 927 910 939
2878 2 2 1 1 927 939 939
2879 2 2 1 1 932 940 922
2880 2 2 1 1 932 922 922
2881 2 2 1 1 924 930 941
2882 2 2 1 1 924 941 941
2883 2 2 1 1 942 916 917
2884 2 2 1 1 942 917 917
2885 2 2 1 1 914 934 935
2886 2 2 1 1 914 935 935
2887 2 2 1 1 912 936 938
2888 2 2 1 1 912 938 938
2889 2 2 1 1 923 924 941
2890 2 2 1 1 923 941 941
2891 2 2 1 1 941 932 923
2892 2 2 1 1 941 923 923
2893 2 2 1 1 940 921 922
2894 2 2 1 1 940 922 922
2895 2 2 1 1 940 943 921
2896 2 2 1 1 940 921 921
2897 2 2 1 1 938 944 911
2898 2 2 1 1 938 911 911
2899 2 2 1 1 909 911 944
2900 2 2 1 1 909 944 944
2901 2 2 1 1 944 945 909
2902 2 2 1 1 944 909 909
2903 2 2 1 1 927 939 931
2904 2 2 1 1 927 931 931
2905 2 2 1 1 943 920 921
2906 2 2 1 1 943 921 921
2907 2 2 1 1 926 927 931
2908 2 2 1 1 926 931 931
2909 2 2 1 1 920 946 947
2910 2 2 1 1 920 947 919
2911 2 2 1 1 910 945 939
2912 2 2 1 1 910 939 939
2913 2 2 1 1 947 948 918
2914 2 2 1 1 947 918 918
2915 2 2 1 1 916 942 937
2916 2 2 1 1 916 937 937
2917 2 2 1 1 920 943 946
2918 2 2 1 1 920 946 946
2919 2 2 1 1 918 919 947
2920 2 2 1 1 918 947 947
2921 2 2 1 1 917 918 948
2922 2 2 1 1 917 948 948
2923 2 2 1 1 948 942 917
2924 2 2 1 1 948 917 917
2925 2 2 1 1 910 909 945
2926 2 2 1 1 910 945 945
2927 2 2 1 1 890 665 627
2928 2 2 1 1 890 627 627
2929 2 2 1 1 679 890 626
2930 2 2 1 1 679 626 626
2931 2 2 1 1 626 625 679
2932 2 2 1 1 626 679 679
2933 2 2 1 1 724 679 625
2934 2 2 1 1 724 625 625
2935 2 2 1 1 757 742 623
2936 2 2 1 1 757 623 623
2937 2 2 1 1 623 622 778
2938 2 2 1 1 623 778 757
2939 2 2 1 1 622 634 778
2940 2 2 1 1 622 778 778
2941 2 2 1 1 785 778 634
2942 2 2 1 1 785 634 634
2943 2 2 1 1 822 785 632
2944 2 2 1 1 822 632 632
2945 2 2 1 1 632 837 822
2946 2 2 1 1 632 822 822
2947 2 2 1 1 837 632 621
2948 2 2 1 1 837 621 621
2949 2 2 1 1 838 837 621
2950 2 2 1 1 838 621 621
2951 2 2 1 1 619 849 838
2952 2 2 1 1 619 838 838
2953 2 2 1 1 850 619 618
2954 2 2 1 1 850 618 618
2955 2 2 1 1 827 850 618
2956 2 2 1 1 827 618 618
2957 2 2 1 1 827 618 620
2958 2 2 1 1 827 620 620
2959 2 2 1 1 816 827 620
2960 2 2 1 1 816 620 620
2961 2 2 1 1 802 816 631
2962 2 2 1 1 802 631 631
2963 2 2 1 1 789 802 631
2964 2 2 1 1 789 631 631
2965 2 2 1 1 631 617 789
2966 2 2 1 1 631 789 789
2967 2 2 1 1 616 630 718
2968 2 2 1 1 616 718 718
2969 2 2 1 1 702 718 630
2970 2 2 1 1 702 630 630
2971 2 2 1 1 629 688 702
2972 2 2 1 1 629 702 702
2973 2 2 1 1 678 688 628
2974 2 2 1 1 678 628 628
2975 2 2 1 1 665 678 633
2976 2 2 1 1 665 633 633
2977 2 2 1 1 949 950 616
2978 2 2 1 1 949 616 616
2979 2 2 1 1 950 951 617
2980 2 2 1 1 950 617 617
2981 2 2 1 1 789 617 951
2982 2 2 1 1 789 951 951
2983 2 2 1 1 951 952 789
2984 2 2 1 1 951 789 789
2985 2 2 1 1 768 789 952
2986 2 2 1 1 768 952 952
2987 2 2 1 1 949 616 718
2988 2 2 1 1 949 718 718
2989 2 2 1 1 617 616 950
2990 2 2 1 1 617 950 950
2991 2 2 1 1 628 633 678
2992 2 2 1 1 628 678 678
2993 2 2 1 1 629 628 688
2994 2 2 1 1 629 688 688
2995 2 2 1 1 630 629 702
2996 2 2 1 1 630 702 702
2997 2 2 1 1 620 631 816
2998 2 2 1 1 620 816 816
2999 2 2 1 1 850 849 619
3000 2 2 1 1 850 619 619
3001 2 2 1 1 621 619 838
3002 2 2 1 1 621 838 838
3003 2 2 1 1 634 632 785
3004 2 2 1 1 634 785 785
3005 2 2 1 1 624 623 742
3006 2 2 1 1 624 742 742
3007 2 2 1 1 742 724 624
3008 2 2 1 1 742 624 624
3009 2 2 1 1 625 624 724
3010 2 2 1 1 625 724 724
3011 2 2 1 1 627 626 890
3012 2 2 1 1 627 890 890
3013 2 2 1 1 633 627 665
3014 2 2 1 1 633 665 665
3015 2 2 1 1 718 887 949
3016 2 2 1 1 718 949 949
3017 2 2 1 1 949 887 953
3018 2 2 1 1 949 953 954
3019 2 2 1 1 955 953 956
3020 2 2 1 1 955 956 956
3021 2 2 1 1 953 955 954
3022 2 2 1 1 953 954 954
3023 2 2 1 1 951 955 956
3024 2 2 1 1 951 956 956
3025 2 2 1 1 956 952 951
3026 2 2 1 1 956 951 951
3027 2 2 1 1 957 887 768
3028 2 2 1 1 957 768 768
3029 2 2 1 1 952 956 958
3030 2 2 1 1 952 958 958
3031 2 2 1 1 953 887 957
3032 2 2 1 1 953 957 957
3033 2 2 1 1 953 957 959
3034 2 2 1 1 953 959 959
3035 2 2 1 1 959 958 956
3036 2 2 1 1 959 956 956
3037 2 2 1 1 768 958 957
3038 2 2 1 1 768 957 957
3039 2 2 1 1 959 956 953
3040 2 2 1 1 959 953 953
3041 2 2 1 1 768 952 958
3042 2 2 1 1 768 958 958
3043 2 2 1 1 949 954 960
3044 2 2 1 1 949 960 960
3045 2 2 1 1 951 950 961
3046 2 2 1 1 951 961 962
3047 2 2 1 1 954 955 960
3048 2 2 1 1 954 960 960
3049 2 2 1 1 955 959 960
3050 2 2 1 1 955 960 960
3051 2 2 1 1 950 949 960
3052 2 2 1 1 950 960 960
3053 2 2 1 1 960 961 950
3054 2 2 1 1 960 950 950
3055 2 2 1 1 955 962 959
3056 2 2 1 1 955 959 959
3057 2 2 1 1 962 955 951
3058 2 2 1 1 962 951 951
3059 2 2 1 1 959 957 960
3060 2 2 1 1 959 960 960
3061 2 2 1 1 958 959 962
3062 2 2 1 1 958 962 962
3063 2 2 1 1 957 958 961
3064 2 2 1 1 957 961 961
3065 2 2 1 1 961 960 957
3066 2 2 1 1 961 957 957
3067 2 2 1 1 962 961 958
3068 2 2 1 1 962 958 958
3069 2 2 1 1 933 885 681
3070 2 2 1 1 933 681 681
3071 2 2 1 1 706 885 937
3072 2 2 1 1 706 937 937
3073 2 2 1 1 937 942 706
3074 2 2 1 1 937 706 706
3075 2 2 1 1 725 942 948
3076 2 2 1 1 725 948 948
3077 2 2 1 1 738 725 948
3078 2 2 1 1 738 948 948
3079 2 2 1 1 948 947 738
3080 2 2 1 1 948 738 738
3081 2 2 1 1 761 738 947
3082 2 2 1 1 761 947 947
3083 2 2 1 1 776 947 946
3084 2 2 1 1 776 946 946
3085 2 2 1 1 886 776 946
3086 2 2 1 1 886 946 946
3087 2 2 1 1 817 886 943
3088 2 2 1 1 817 943 943
3089 2 2 1 1 940 818 817
3090 2 2 1 1 940 817 817
3091 2 2 1 1 856 818 940
3092 2 2 1 1 856 940 940
3093 2 2 1 1 856 940 932
3094 2 2 1 1 856 932 932
3095 2 2 1 1 856 932 941
3096 2 2 1 1 856 941 941
3097 2 2 1 1 857 856 941
3098 2 2 1 1 857 941 941
3099 2 2 1 1 867 857 941
3100 2 2 1 1 867 941 941
3101 2 2 1 1 941 930 867
3102 2 2 1 1 941 867 867
3103 2 2 1 1 820 867 930
3104 2 2 1 1 820 930 930
3105 2 2 1 1 799 820 929
3106 2 2 1 1 799 929 929
3107 2 2 1 1 799 929 928
3108 2 2 1 1 799 928 928
3109 2 2 1 1 931 782 799
3110 2 2 1 1 931 799 928
3111 2 2 1 1 931 939 764
3112 2 2 1 1 931 764 782
3113 2 2 1 1 944 715 888
3114 2 2 1 1 944 888 888
3115 2 2 1 1 715 944 938
3116 2 2 1 1 715 938 938
3117 2 2 1 1 938 709 715
3118 2 2 1 1 938 715 715
3119 2 2 1 1 710 709 936
3120 2 2 1 1 710 936 936
3121 2 2 1 1 935 934 680
3122 2 2 1 1 935 680 671
3123 2 2 1 1 963 964 945
3124 2 2 1 1 963 945 945
3125 2 2 1 1 964 965 939
3126 2 2 1 1 964 939 939
3127 2 2 1 1 764 939 965
3128 2 2 1 1 764 965 965
3129 2 2 1 1 963 944 888
3130 2 2 1 1 963 888 888
3131 2 2 1 1 888 765 966
3132 2 2 1 1 888 966 966
3133 2 2 1 1 939 945 964
3134 2 2 1 1 939 964 964
3135 2 2 1 1 945 944 963
3136 2 2 1 1 945 963 963
3137 2 2 1 1 671 710 935
3138 2 2 1 1 671 935 935
3139 2 2 1 1 936 935 710
3140 2 2 1 1 936 710 710
3141 2 2 1 1 938 936 709
3142 2 2 1 1 938 709 709
3143 2 2 1 1 930 929 820
3144 2 2 1 1 930 820 820
3145 2 2 1 1 943 940 817
3146 2 2 1 1 943 817 817
3147 2 2 1 1 946 943 886
3148 2 2 1 1 946 886 886
3149 2 2 1 1 776 761 947
3150 2 2 1 1 776 947 947
3151 2 2 1 1 725 706 942
3152 2 2 1 1 725 942 942
3153 2 2 1 1 933 937 885
3154 2 2 1 1 933 885 885
3155 2 2 1 1 681 680 933
3156 2 2 1 1 681 933 933
3157 2 2 1 1 934 933 680
3158 2 2 1 1 934 680 680
3159 2 2 1 1 888 966 963
3160 2 2 1 1 888 963 963
3161 2 2 1 1 963 966 967
3162 2 2 1 1 963 967 968
3163 2 2 1 1 969 967 970
3164 2 2 1 1 969 970 970
3165 2 2 1 1 967 969 968
3166 2 2 1 1 967 968 968
3167 2 2 1 1 965 969 970
3168 2 2 1 1 965 970 970
3169 2 2 1 1 970 764 965
3170 2 2 1 1 970 965 965
3171 2 2 1 1 764 970 971
3172 2 2 1 1 764 971 971
3173 2 2 1 1 967 966 972
3174 2 2 1 1 967 972 972
3175 2 2 1 1 973 972 966
3176 2 2 1 1 973 966 966
3177 2 2 1 1 765 764 971
3178 2 2 1 1 765 971 971
3179 2 2 1 1 972 970 967
3180 2 2 1 1 972 967 967
3181 2 2 1 1 973 966 765
3182 2 2 1 1 973 765 765
3183 2 2 1 1 765 971 973
3184 2 2 1 1 765 973 973
3185 2 2 1 1 970 972 971
3186 2 2 1 1 970 971 971
3187 2 2 1 1 974 969 965
3188 2 2 1 1 974 965 965
3189 2 2 1 1 965 964 974
3190 2 2 1 1 965 974 974
3191 2 2 1 1 964 963 974
3192 2 2 1 1 964 974 974
3193 2 2 1 1 963 975 974
3194 2 2 1 1 963 974 974
3195 2 2 1 1 968 975 963
3196 2 2 1 1 968 963 963
3197 2 2 1 1 975 968 972
3198 2 2 1 1 975 972 972
3199 2 2 1 1 975 973 974
3200 2 2 1 1 975 974 974
3201 2 2 1 1 971 972 969
3202 2 2 1 1 971 969 969
3203 2 2 1 1 973 971 974
3204 2 2 1 1 973 974 974
3205 2 2 1 1 969 974 971
3206 2 2 1 1 969 971 971
3207 2 2 1 1 975 972 973
3208 2 2 1 1 975 973 973
3209 2 2 1 1 968 969 972
3210 2 2 1 1 968 972 972
3211 2 2 1 1 674 102 101
3212 2 2 1 1 674 101 101
3213 2 2 1 1 101 100 674
3214 2 2 1 1 101 674 674
3215 2 2 1 1 703 674 100
3216 2 2 1 1 703 100 100
3217 2 2 1 1 703 100 113
3218 2 2 1 1 703 113 113
3219 2 2 1 1 113 704 703
3220 2 2 1 1 113 703 703
3221 2 2 1 1 113 112 704
3222 2 2 1 1 113 704 704
3223 2 2 1 1 727 704 112
3224 2 2 1 1 727 112 112
3225 2 2 1 1 727 112 110
3226 2 2 1 1 727 110 110
3227 2 2 1 1 754 727 110
3228 2 2 1 1 754 110 110
3229 2 2 1 1 110 109 754
3230 2 2 1 1 110 754 754
3231 2 2 1 1 762 754 109
3232 2 2 1 1 762 109 109
3233 2 2 1 1 109 108 762
3234 2 2 1 1 109 762 762
3235 2 2 1 1 783 762 108
3236 2 2 1 1 783 108 108
3237 2 2 1 1 108 107 783
3238 2 2 1 1 108 783 783
3239 2 2 1 1 800 783 107
3240 2 2 1 1 800 107 107
3241 2 2 1 1 800 107 105
3242 2 2 1 1 800 105 105
3243 2 2 1 1 824 800 105
3244 2 2 1 1 824 105 105
3245 2 2 1 1 824 105 99
3246 2 2 1 1 824 99 99
3247 2 2 1 1 99 842 824
3248 2 2 1 1 99 824 824
3249 2 2 1 1 94 848 842
3250 2 2 1 1 94 842 842
3251 2 2 1 1 848 94 93
3252 2 2 1 1 848 93 93
3253 2 2 1 1 855 93 98
3254 2 2 1 1 855 98 98
3255 2 2 1 1 98 828 855
3256 2 2 1 1 98 855 855
3257 2 2 1 1 829 828 98
3258 2 2 1 1 829 98 98
3259 2 2 1 1 792 829 97
3260 2 2 1 1 792 97 97
3261 2 2 1 1 792 97 104
3262 2 2 1 1 792 104 104
3263 2 2 1 1 770 792 104
3264 2 2 1 1 770 104 104
3265 2 2 1 1 707 728 111
3266 2 2 1 1 707 111 111
3267 2 2 1 1 708 707 106
3268 2 2 1 1 708 106 106
3269 2 2 1 1 687 96 95
3270 2 2 1 1 687 95 95
3271 2 2 1 1 673 687 95
3272 2 2 1 1 673 95 95
3273 2 2 1 1 674 673 102
3274 2 2 1 1 674 102 102
3275 2 2 1 1 976 977 103
3276 2 2 1 1 976 103 103
3277 2 2 1 1 770 104 977
3278 2 2 1 1 770 977 977
3279 2 2 1 1 728 743 978
3280 2 2 1 1 728 978 978
3281 2 2 1 1 976 111 728
3282 2 2 1 1 976 728 728
3283 2 2 1 1 104 103 977
3284 2 2 1 1 104 977 977
3285 2 2 1 1 103 111 976
3286 2 2 1 1 103 976 976
3287 2 2 1 1 95 102 673
3288 2 2 1 1 95 673 673
3289 2 2 1 1 687 708 96
3290 2 2 1 1 687 96 96
3291 2 2 1 1 106 96 708
3292 2 2 1 1 106 708 708
3293 2 2 1 1 111 106 707
3294 2 2 1 1 111 707 707
3295 2 2 1 1 98 97 829
3296 2 2 1 1 98 829 829
3297 2 2 1 1 855 848 93
3298 2 2 1 1 855 93 93
3299 2 2 1 1 99 94 842
3300 2 2 1 1 99 842 842
3301 2 2 1 1 728 978 976
3302 2 2 1 1 728 976 976
3303 2 2 1 1 976 978 979
3304 2 2 1 1 976 979 980
3305 2 2 1 1 981 979 982
3306 2 2 1 1 981 982 982
3307 2 2 1 1 979 981 980
3308 2 2 1 1 979 980 980
3309 2 2 1 1 982 770 977
3310 2 2 1 1 982 977 977
3311 2 2 1 1 977 981 982
3312 2 2 1 1 977 982 982
3313 2 2 1 1 770 982 983
3314 2 2 1 1 770 983 983
3315 2 2 1 1 979 978 984
3316 2 2 1 1 979 984 984
3317 2 2 1 1 984 978 743
3318 2 2 1 1 984 743 743
3319 2 2 1 1 985 982 979
3320 2 2 1 1 985 979 979
3321 2 2 1 1 982 985 983
3322 2 2 1 1 982 983 983
3323 2 2 1 1 984 985 979
3324 2 2 1 1 984 979 979
3325 2 2 1 1 743 983 984
3326 2 2 1 1 743 984 984
3327 2 2 1 1 743 770 983
3328 2 2 1 1 743 983 983
3329 2 2 1 1 976 980 986
3330 2 2 1 1 976 986 986
3331 2 2 1 1 987 981 977
3332 2 2 1 1 987 977 977
3333 2 2 1 1 986 988 976
3334 2 2 1 1 986 976 976
3335 2 2 1 1 977 988 987
3336 2 2 1 1 977 987 987
3337 2 2 1 1 977 976 988
3338 2 2 1 1 977 988 988
3339 2 2 1 1 981 986 980
3340 2 2 1 1 981 980 980
3341 2 2 1 1 986 981 985
3342 2 2 1 1 986 985 985
3343 2 2 1 1 987 985 981
3344 2 2 1 1 987 981 981
3345 2 2 1 1 985 984 986
3346 2 2 1 1 985 986 986
3347 2 2 1 1 983 985 987
3348 2 2 1 1 983 987 987
3349 2 2 1 1 984 983 988
3350 2 2 1 1 984 988 988
3351 2 2 1 1 988 986 984
3352 2 2 1 1 988 984 984
3353 2 2 1 1 987 988 983
3354 2 2 1 1 987 983 983
$EndElements
