$MeshFormat
2.2 0 8
$EndMeshFormat
$PhysicalNames
1
2 1 "Rhino->WAMIT_file_export_(mesh)"
$EndPhysicalNames
$Nodes
1851
1 -1.368020058 -2.092489958 0
2 -1.14823997 -2.220710039 0
3 -1.14823997 -2.220710039 0.937409997
4 -0.920239985 -2.324470043 0.937409997
5 -0.920239985 -2.324470043 0
6 -0.6879000068 -2.40350008 0.937409997
7 -0.6879000068 -2.40350008 0
8 -0.4549100101 -2.458260059 0.937409997
9 -0.4549100101 -2.458260059 0
10 -0.2246399969 -2.489890099 0.937409997
11 -0.2246399969 -2.489890099 0
12 0 -2.5 0.937409997
13 0 -2.5 0
14 0.2246399969 -2.489890099 0.937409997
15 0.2246399969 -2.489890099 0
16 0.2246399969 -2.489890099 1.874830008
17 0 -2.5 1.874830008
18 0.4549100101 -2.458260059 0.937409997
19 0.4549100101 -2.458260059 0
20 0.4549100101 -2.458260059 1.874830008
21 0.6879000068 -2.40350008 0.937409997
22 0.6879000068 -2.40350008 0
23 0.6879000068 -2.40350008 1.874830008
24 0.920239985 -2.324470043 0.937409997
25 0.920239985 -2.324470043 0
26 0.920239985 -2.324470043 1.874830008
27 1.14823997 -2.220710039 0.937409997
28 1.14823997 -2.220710039 0
29 1.14823997 -2.220710039 1.874830008
30 1.368020058 -2.092489958 0.937409997
31 1.368020058 -2.092489958 0
32 1.368020058 -2.092489958 1.874830008
33 1.575749993 -1.940879941 0.937409997
34 1.575749993 -1.940879941 0
35 1.575749993 -1.940879941 1.874830008
36 1.575749993 -1.940879941 2.812239885
37 1.767770052 -1.767770052 0.937409997
38 1.767770052 -1.767770052 0
39 1.767770052 -1.767770052 1.874830008
40 1.767770052 -1.767770052 2.812239885
41 1.940879941 -1.575749993 0.937409997
42 1.940879941 -1.575749993 0
43 1.940879941 -1.575749993 1.874830008
44 1.940879941 -1.575749993 2.812239885
45 2.092489958 -1.368020058 0.937409997
46 2.092489958 -1.368020058 0
47 2.092489958 -1.368020058 1.874830008
48 2.092489958 -1.368020058 2.812239885
49 2.220710039 -1.14823997 0.937409997
50 2.220710039 -1.14823997 0
51 2.220710039 -1.14823997 1.874830008
52 2.220710039 -1.14823997 2.812239885
53 2.324470043 -0.920239985 0.937409997
54 2.324470043 -0.920239985 0
55 2.324470043 -0.920239985 1.874830008
56 2.324470043 -0.920239985 2.812239885
57 2.40350008 -0.6879000068 0.937409997
58 2.40350008 -0.6879000068 0
59 2.40350008 -0.6879000068 1.874830008
60 2.40350008 -0.6879000068 2.812239885
61 2.458260059 -0.4549100101 0.937409997
62 2.458260059 -0.4549100101 0
63 2.458260059 -0.4549100101 1.874830008
64 2.458260059 -0.4549100101 2.812239885
65 2.489890099 -0.2246399969 0.937409997
66 2.489890099 -0.2246399969 0
67 2.489890099 -0.2246399969 1.874830008
68 2.489890099 -0.2246399969 2.812239885
69 2.5 -0 0.937409997
70 2.5 -0 0
71 2.5 -0 1.874830008
72 2.5 -0 2.812239885
73 2.489890099 0.2246399969 0.937409997
74 2.489890099 0.2246399969 0
75 2.489890099 0.2246399969 1.874830008
76 2.489890099 0.2246399969 2.812239885
77 2.458260059 0.4549100101 0.937409997
78 2.458260059 0.4549100101 0
79 2.458260059 0.4549100101 1.874830008
80 2.458260059 0.4549100101 2.812239885
81 2.40350008 0.6879000068 0.937409997
82 2.40350008 0.6879000068 0
83 2.40350008 0.6879000068 1.874830008
84 2.40350008 0.6879000068 2.812239885
85 2.324470043 0.920239985 0.937409997
86 2.324470043 0.920239985 0
87 2.324470043 0.920239985 1.874830008
88 2.324470043 0.920239985 2.812239885
89 2.220710039 1.14823997 0.937409997
90 2.220710039 1.14823997 0
91 2.220710039 1.14823997 1.874830008
92 2.220710039 1.14823997 2.812239885
93 2.092489958 1.368020058 0.937409997
94 2.092489958 1.368020058 0
95 2.092489958 1.368020058 1.874830008
96 2.092489958 1.368020058 2.812239885
97 1.940879941 1.575749993 0.937409997
98 1.940879941 1.575749993 0
99 1.940879941 1.575749993 1.874830008
100 1.940879941 1.575749993 2.812239885
101 1.767770052 1.767770052 0.937409997
102 1.767770052 1.767770052 0
103 1.767770052 1.767770052 1.874830008
104 1.767770052 1.767770052 2.812239885
105 1.575749993 1.940879941 0.937409997
106 1.575749993 1.940879941 0
107 1.575749993 1.940879941 1.874830008
108 1.575749993 1.940879941 2.812239885
109 1.368020058 2.092489958 0.937409997
110 1.368020058 2.092489958 0
111 1.368020058 2.092489958 1.874830008
112 1.14823997 2.220710039 0.937409997
113 1.14823997 2.220710039 0
114 1.14823997 2.220710039 1.874830008
115 0.920239985 2.324470043 0.937409997
116 0.920239985 2.324470043 0
117 0.920239985 2.324470043 1.874830008
118 0.6879000068 2.40350008 0.937409997
119 0.6879000068 2.40350008 0
120 0.6879000068 2.40350008 1.874830008
121 0.4549100101 2.458260059 0.937409997
122 0.4549100101 2.458260059 0
123 0.4549100101 2.458260059 1.874830008
124 0.2246399969 2.489890099 0.937409997
125 0.2246399969 2.489890099 0
126 0.2246399969 2.489890099 1.874830008
127 0 2.5 0.937409997
128 0 2.5 0
129 0 2.5 1.874830008
130 -0.2246399969 2.489890099 0.937409997
131 -0.2246399969 2.489890099 0
132 -0.4549100101 2.458260059 0.937409997
133 -0.4549100101 2.458260059 0
134 -0.6879000068 2.40350008 0.937409997
135 -0.6879000068 2.40350008 0
136 -0.920239985 2.324470043 0.937409997
137 -0.920239985 2.324470043 0
138 -1.14823997 2.220710039 0.937409997
139 -1.14823997 2.220710039 0
140 -1.368020058 2.092489958 0
141 -2.5 0 0.2758400142
142 -2.5 0 0
143 -2.489890099 -0.2246399969 0
144 -2.447999954 -0.5072399974 0.3119600117
145 -2.458260059 -0.4549100101 0
146 -2.40350008 -0.6879000068 0
147 -2.486809969 -0.256460011 0.2849999964
148 -2.297930002 -0.9846299887 0.4162200093
149 -2.324470043 -0.920239985 0
150 -2.220710039 -1.14823997 0
151 -2.065279961 -1.408759952 0.5778599977
152 -2.092489958 -1.368020058 0
153 -1.940879941 -1.575749993 0
154 -2.190710068 -1.20449996 0.4907200038
155 -2.384670019 -0.7505499721 0.3559600115
156 -1.923640013 -1.596740007 0.6762700081
157 -1.767770052 -1.767770052 0
158 -1.767770052 -1.767770052 0.7845600247
159 -1.575749993 -1.940879941 0
160 -1.576429963 -1.940340042 0.9175000191
161 -1.372370005 -2.089639902 1.059270024
162 -0.7069000006 -2.397979975 1.521620035
163 -0.9354299903 -2.318399906 1.362840056
164 -1.157930017 -2.215660095 1.208260059
165 -0.4736799896 -2.45472002 1.683650017
166 -0.237470001 -2.488689899 1.847759962
167 0 -2.5 2.01274991
168 0.237470001 -2.488689899 2.177730083
169 0.4736799896 -2.45472002 2.341840029
170 0.9354299903 -2.318399906 2.662650108
171 0.7069000006 -2.397979975 2.50387001
172 1.157930017 -2.215660095 2.817229986
173 1.372370005 -2.089639902 2.966219902
174 1.576429963 -1.940340042 3.107990026
175 1.923640013 -1.596740007 3.349220037
176 2.190710068 -1.20449996 3.534770012
177 2.065279961 -1.408759952 3.447629929
178 2.384670019 -0.7505499721 3.669529915
179 2.486809969 -0.256460011 3.740499973
180 2.447999954 -0.5072399974 3.713530064
181 2.297930002 -0.9846299887 3.609270096
182 1.767770052 -1.767770052 3.24093008
183 2.5 -0 3.749660015
184 -0.4736799896 2.45472002 1.683650017
185 -1.576429963 1.940340042 0.9175000191
186 -1.575749993 1.940879941 0
187 -1.767770052 1.767770052 0
188 -1.767770052 1.767770052 0.7845600247
189 -1.372370005 2.089639902 1.059270024
190 -0.9354299903 2.318399906 1.362840056
191 -0.7069000006 2.397979975 1.521620035
192 -0.237470001 2.488689899 1.847759962
193 -1.157930017 2.215660095 1.208260059
194 -2.065279961 1.408759952 0.5778599977
195 -1.940879941 1.575749993 0
196 -2.092489958 1.368020058 0
197 -2.297930002 0.9846299887 0.4162200093
198 -2.220710039 1.14823997 0
199 -2.324470043 0.920239985 0
200 -2.190710068 1.20449996 0.4907200038
201 -2.447999954 0.5072399974 0.3119600117
202 -2.40350008 0.6879000068 0
203 -2.458260059 0.4549100101 0
204 -2.489890099 0.2246399969 0
205 -2.486809969 0.256460011 0.2849999964
206 -2.384670019 0.7505499721 0.3559600115
207 -1.923640013 1.596740007 0.6762700081
208 2.486809969 0.256460011 3.740499973
209 2.447999954 0.5072399974 3.713530064
210 2.297930002 0.9846299887 3.609270096
211 2.065279961 1.408759952 3.447629929
212 2.190710068 1.20449996 3.534770012
213 2.384670019 0.7505499721 3.669529915
214 1.767770052 1.767770052 3.24093008
215 1.923640013 1.596740007 3.349220037
216 1.157930017 2.215660095 2.817229986
217 0.7069000006 2.397979975 2.50387001
218 0.9354299903 2.318399906 2.662650108
219 0.237470001 2.488689899 2.177730083
220 0 2.5 2.01274991
221 0.4736799896 2.45472002 2.341840029
222 1.576429963 1.940340042 3.107990026
223 1.372370005 2.089639902 2.966219902
224 0.5 0.5 0
225 0.5 1.5 0
226 1.5 1.5 0
227 1.5 0.5 0
228 0.5 -0.5 0
229 1.5 -0.5 0
230 0.5 -1.5 0
231 1.5 -1.5 0
232 -0.5 0.5 0
233 -0.5 1.5 0
234 -0.5 -0.5 0
235 -0.5 -1.5 0
236 -1.5 0.5 0
237 -1.5 1.5 0
238 -1.5 -0.5 0
239 -1.5 -1.5 0
240 -3.158080101 1.842519999 1.90478003
241 -3.140710115 1.850000024 2.070100069
242 -2.892080069 1.850000024 2.043970108
243 -2.909450054 1.842519999 1.87864995
244 -3.175889969 1.819110036 1.735309958
245 -2.927259922 1.819110036 1.709179997
246 -3.193919897 1.778589964 1.563850045
247 -2.945290089 1.778589964 1.537719965
248 -3.211889982 1.720110059 1.392860055
249 -2.963259935 1.720110059 1.366719961
250 -3.229520082 1.643329978 1.225059986
251 -2.980890036 1.643329978 1.198930025
252 -3.246530056 1.54843998 1.063310027
253 -2.997889996 1.54843998 1.037179947
254 -3.262589931 1.436249971 0.9104400277
255 -3.013959885 1.436249971 0.8843100071
256 -3.277450085 1.308150053 0.769119978
257 -3.028820038 1.308150053 0.7429900169
258 -3.290839911 1.166049957 0.6417199969
259 -3.042210102 1.166049957 0.6155800223
260 -3.302560091 1.01233995 0.5301399827
261 -3.053930044 1.01233995 0.5040100217
262 -3.312479973 0.8496999741 0.4357799888
263 -3.063849926 0.8496999741 0.4096499979
264 -3.320509911 0.6809800267 0.3594200015
265 -3.071880102 0.6809800267 0.3332799971
266 -3.326620102 0.5090399981 0.3012599945
267 -3.077990055 0.5090399981 0.2751199901
268 -3.3308599 0.3366299868 0.2609499991
269 -3.082230091 0.3366299868 0.2348199934
270 -3.333300114 0.1662299931 0.237680003
271 -3.084670067 0.1662299931 0.2115499973
272 -3.334079981 -0 0.2302400023
273 -3.085449934 -0 0.2040999979
274 -3.333300114 -0.1662299931 0.237680003
275 -3.084670067 -0.1662299931 0.2115499973
276 -3.3308599 -0.3366299868 0.2609499991
277 -3.082230091 -0.3366299868 0.2348199934
278 -3.326620102 -0.5090399981 0.3012599945
279 -3.077990055 -0.5090399981 0.2751199901
280 -3.320509911 -0.6809800267 0.3594200015
281 -3.071880102 -0.6809800267 0.3332799971
282 -3.312479973 -0.8496999741 0.4357799888
283 -3.063849926 -0.8496999741 0.4096499979
284 -3.302560091 -1.01233995 0.5301399827
285 -3.053930044 -1.01233995 0.5040100217
286 -3.290839911 -1.166049957 0.6417199969
287 -3.042210102 -1.166049957 0.6155800223
288 -3.277450085 -1.308150053 0.769119978
289 -3.028820038 -1.308150053 0.7429900169
290 -3.262589931 -1.436249971 0.9104400277
291 -3.013959885 -1.436249971 0.8843100071
292 -3.246530056 -1.54843998 1.063310027
293 -2.997889996 -1.54843998 1.037179947
294 -3.229520082 -1.643329978 1.225059986
295 -2.980890036 -1.643329978 1.198930025
296 -3.211889982 -1.720110059 1.392860055
297 -2.963259935 -1.720110059 1.366719961
298 -3.193919897 -1.778589964 1.563850045
299 -2.945290089 -1.778589964 1.537719965
300 -3.175889969 -1.819110036 1.735309958
301 -2.927259922 -1.819110036 1.709179997
302 -3.158080101 -1.842519999 1.90478003
303 -2.909450054 -1.842519999 1.87864995
304 -3.140710115 -1.850000024 2.070100069
305 -2.892080069 -1.850000024 2.043970108
306 -3.123330116 -1.842519999 2.235419989
307 -2.874700069 -1.842519999 2.209290028
308 -3.10552001 -1.819110036 2.40489006
309 -2.856889963 -1.819110036 2.378760099
310 -3.087500095 -1.778589964 2.576359987
311 -2.838870049 -1.778589964 2.550220013
312 -3.06953001 -1.720110059 2.747349977
313 -2.820899963 -1.720110059 2.721210003
314 -3.051889896 -1.643329978 2.915139914
315 -2.803260088 -1.643329978 2.889009953
316 -3.034889936 -1.54843998 3.076889992
317 -2.78625989 -1.54843998 3.050760031
318 -3.018820047 -1.436249971 3.229769945
319 -2.770190001 -1.436249971 3.203629971
320 -3.003969908 -1.308150053 3.371079922
321 -2.755340099 -1.308150053 3.344949961
322 -2.990580082 -1.166049957 3.498490095
323 -2.741950035 -1.166049957 3.472349882
324 -2.978849888 -1.01233995 3.610059977
325 -2.730220079 -1.01233995 3.583930016
326 -2.968930006 -0.8496999741 3.70442009
327 -2.720299959 -0.8496999741 3.67828989
328 -2.960910082 -0.6809800267 3.780790091
329 -2.712280035 -0.6809800267 3.754650116
330 -2.954790115 -0.5090399981 3.838949919
331 -2.706160069 -0.5090399981 3.812809944
332 -2.950560093 -0.3366299868 3.87925005
333 -2.701930046 -0.3366299868 3.853120089
334 -2.948110104 -0.1662299931 3.902519941
335 -2.699480057 -0.1662299931 3.87638998
336 -2.947329998 -0 3.909970045
337 -2.698699951 -0 3.883840084
338 -2.948110104 0.1662299931 3.902519941
339 -2.699480057 0.1662299931 3.87638998
340 -2.950560093 0.3366299868 3.87925005
341 -2.701930046 0.3366299868 3.853120089
342 -2.954790115 0.5090399981 3.838949919
343 -2.706160069 0.5090399981 3.812809944
344 -2.960910082 0.6809800267 3.780790091
345 -2.712280035 0.6809800267 3.754650116
346 -2.968930006 0.8496999741 3.70442009
347 -2.720299959 0.8496999741 3.67828989
348 -2.978849888 1.01233995 3.610059977
349 -2.730220079 1.01233995 3.583930016
350 -2.990580082 1.166049957 3.498490095
351 -2.741950035 1.166049957 3.472349882
352 -3.003969908 1.308150053 3.371079922
353 -2.755340099 1.308150053 3.344949961
354 -3.018820047 1.436249971 3.229769945
355 -2.770190001 1.436249971 3.203629971
356 -3.034889936 1.54843998 3.076889992
357 -2.78625989 1.54843998 3.050760031
358 -3.051889896 1.643329978 2.915139914
359 -2.803260088 1.643329978 2.889009953
360 -3.06953001 1.720110059 2.747349977
361 -2.820899963 1.720110059 2.721210003
362 -3.087500095 1.778589964 2.576359987
363 -2.838870049 1.778589964 2.550220013
364 -3.10552001 1.819110036 2.40489006
365 -2.856889963 1.819110036 2.378760099
366 -3.123330116 1.842519999 2.235419989
367 -2.874700069 1.842519999 2.209290028
368 -2.806279898 -1.255489945 2.860290051
369 -2.820060015 -1.332430005 2.729140043
370 -2.793250084 -1.164530039 2.984240055
371 -2.781209946 -1.060660005 3.098819971
372 -2.770349979 -0.9454500079 3.202120066
373 -2.863549948 -1.47495997 2.315419912
374 -2.877990007 -1.493929982 2.178009987
375 -2.848929882 -1.442100048 2.454449892
376 -2.834359884 -1.394680023 2.593090057
377 -2.892080069 -1.5 2.043970108
378 -2.752799988 -0.6889399886 3.369100094
379 -2.746289968 -0.5521399975 3.431010008
380 -2.735919952 -0.1347800046 3.529720068
381 -2.741339922 -0.4127399921 3.478169918
382 -2.735280037 -0 3.535749912
383 -2.760839939 -0.82081002 3.292589903
384 -2.737900019 -0.2729400098 3.510849953
385 -2.920609951 -1.47495997 1.772519946
386 -2.935220003 -1.442100048 1.633489966
387 -2.906169891 -1.493929982 1.909929991
388 -2.949790001 -1.394680023 1.494850039
389 -2.977880001 -1.255489945 1.227650046
390 -2.99090004 -1.164530039 1.103700042
391 -2.964090109 -1.332430005 1.358800054
392 -3.002949953 -1.060660005 0.9891200066
393 -3.013799906 -0.9454500079 0.8858199716
394 -3.023309946 -0.82081002 0.7953500152
395 -3.037859917 -0.5521399975 0.6569300294
396 -3.031349897 -0.6889399886 0.718840003
397 -3.042819977 -0.4127399921 0.60977
398 -3.048239946 -0.1347800046 0.5582200289
399 -3.046250105 -0.2729400098 0.5770900249
400 -3.048870087 -0 0.5521900058
401 -2.735919952 0.1347800046 3.529720068
402 -2.737900019 0.2729400098 3.510849953
403 -2.741339922 0.4127399921 3.478169918
404 -2.746289968 0.5521399975 3.431010008
405 -2.752799988 0.6889399886 3.369100094
406 -2.760839939 0.82081002 3.292589903
407 -2.770349979 0.9454500079 3.202120066
408 -2.781209946 1.060660005 3.098819971
409 -2.793250084 1.164530039 2.984240055
410 -2.806279898 1.255489945 2.860290051
411 -2.820060015 1.332430005 2.729140043
412 -2.834359884 1.394680023 2.593090057
413 -2.848929882 1.442100048 2.454449892
414 -2.863549948 1.47495997 2.315419912
415 -2.877990007 1.493929982 2.178009987
416 -2.892080069 1.5 2.043970108
417 -2.906169891 1.493929982 1.909929991
418 -3.037859917 0.5521399975 0.6569300294
419 -3.042819977 0.4127399921 0.60977
420 -3.046250105 0.2729400098 0.5770900249
421 -3.048239946 0.1347800046 0.5582200289
422 -3.013799906 0.9454500079 0.8858199716
423 -3.023309946 0.82081002 0.7953500152
424 -3.031349897 0.6889399886 0.718840003
425 -3.002949953 1.060660005 0.9891200066
426 -2.920609951 1.47495997 1.772519946
427 -2.935220003 1.442100048 1.633489966
428 -2.949790001 1.394680023 1.494850039
429 -2.964090109 1.332430005 1.358800054
430 -2.977880001 1.255489945 1.227650046
431 -2.99090004 1.164530039 1.103700042
432 -3.054909945 -1.255489945 2.886420012
433 -3.068690062 -1.332430005 2.755270004
434 -3.029839993 -1.060660005 3.124949932
435 -3.041879892 -1.164530039 3.010370016
436 -3.018980026 -0.9454500079 3.228250027
437 -3.112179995 -1.47495997 2.341550112
438 -3.097559929 -1.442100048 2.480580091
439 -3.082989931 -1.394680023 2.619220018
440 -3.126620054 -1.493929982 2.204139948
441 -3.140710115 -1.5 2.070100069
442 -2.994920015 -0.5521399975 3.457139969
443 -3.001430035 -0.6889399886 3.395230055
444 -2.983910084 -0 3.561880112
445 -2.986530066 -0.2729400098 3.536979914
446 -2.984549999 -0.1347800046 3.555850029
447 -3.009469986 -0.82081002 3.318720102
448 -2.989969969 -0.4127399921 3.504300117
449 -3.169239998 -1.47495997 1.798650026
450 -3.18385005 -1.442100048 1.659629941
451 -3.154799938 -1.493929982 1.936059952
452 -3.198420048 -1.394680023 1.52098
453 -3.226510048 -1.255489945 1.253780007
454 -3.239530087 -1.164530039 1.129830003
455 -3.212719917 -1.332430005 1.384930015
456 -3.25158 -1.060660005 1.015249968
457 -3.262429953 -0.9454500079 0.9119499922
458 -3.271939993 -0.82081002 0.8214899898
459 -3.286489964 -0.5521399975 0.6830599904
460 -3.279979944 -0.6889399886 0.7449700236
461 -3.291450024 -0.4127399921 0.6359000206
462 -3.294879913 -0.2729400098 0.603219986
463 -3.296869993 -0.1347800046 0.5843499899
464 -3.297499895 -0 0.5783200264
465 -2.986530066 0.2729400098 3.536979914
466 -2.984549999 0.1347800046 3.555850029
467 -2.989969969 0.4127399921 3.504300117
468 -2.994920015 0.5521399975 3.457139969
469 -3.001430035 0.6889399886 3.395230055
470 -3.009469986 0.82081002 3.318720102
471 -3.029839993 1.060660005 3.124949932
472 -3.018980026 0.9454500079 3.228250027
473 -3.041879892 1.164530039 3.010370016
474 -3.068690062 1.332430005 2.755270004
475 -3.054909945 1.255489945 2.886420012
476 -3.082989931 1.394680023 2.619220018
477 -3.112179995 1.47495997 2.341550112
478 -3.097559929 1.442100048 2.480580091
479 -3.140710115 1.5 2.070100069
480 -3.126620054 1.493929982 2.204139948
481 -3.291450024 0.4127399921 0.6359000206
482 -3.286489964 0.5521399975 0.6830599904
483 -3.296869993 0.1347800046 0.5843499899
484 -3.294879913 0.2729400098 0.603219986
485 -3.262429953 0.9454500079 0.9119499922
486 -3.271939993 0.82081002 0.8214899898
487 -3.279979944 0.6889399886 0.7449700236
488 -3.25158 1.060660005 1.015249968
489 -3.169239998 1.47495997 1.798650026
490 -3.154799938 1.493929982 1.936059952
491 -3.198420048 1.394680023 1.52098
492 -3.18385005 1.442100048 1.659629941
493 -3.212719917 1.332430005 1.384930015
494 -3.239530087 1.164530039 1.129830003
495 -3.226510048 1.255489945 1.253780007
496 -4.70720005 0.2546699941 4.834700108
497 -4.705890179 -0 4.847139835
498 -4.74007988 -0 4.07325983
499 -4.741000175 0.1788800061 4.064519882
500 -4.673389912 0.330460012 5.604879856
501 -4.671689987 -0 5.621029854
502 -4.639579773 0.40625 6.375070095
503 -4.637499809 -0 6.394909859
504 -4.605780125 0.482039988 7.145249844
505 -4.603300095 -0 7.168799877
506 -4.711110115 0.5068899989 4.79749012
507 -4.743750095 0.3560400009 4.038380146
508 -4.678460121 0.6577399969 5.556600094
509 -4.645820141 0.8085799813 6.315710068
510 -4.613180161 0.9594299793 7.074820042
511 -4.717579842 0.7542200089 4.735879898
512 -4.748300076 0.5297700167 3.995100021
513 -4.686870098 0.9786800146 5.476650238
514 -4.656149864 1.203130007 6.217420101
515 -4.625440121 1.427590013 6.958199978
516 -4.726560116 0.9943000078 4.65045023
517 -4.754600048 0.6984000206 3.935100079
518 -4.698520184 1.290189981 5.365799904
519 -4.670479774 1.586089969 6.081150055
520 -4.642429829 1.881989956 6.796500206
521 -4.737959862 1.224789977 4.542029858
522 -4.762609959 0.8603000045 3.858939886
523 -4.713309765 1.589290023 5.225110054
524 -4.688650131 1.953780055 5.908199787
525 -4.664000034 2.318269968 6.591279984
526 -4.75165987 1.443490028 4.411660194
527 -4.772230148 1.01391995 3.767369986
528 -4.731080055 1.873070002 5.055950165
529 -4.710509777 2.302649975 5.700240135
530 -4.689939976 2.732229948 6.344530106
531 -4.767539978 1.648290038 4.26060009
532 -4.783380032 1.157770038 3.661269903
533 -4.751689911 2.138819933 4.859940052
534 -4.735839844 2.629349947 5.45927
535 -4.719989777 3.119869947 6.058609962
536 -4.785429955 1.837219954 4.090310097
537 -4.795959949 1.290470004 3.541650057
538 -4.774909973 2.383970022 4.638959885
539 -4.764389992 2.930720091 5.187620163
540 -4.75387001 3.477469921 5.736279964
541 -4.805180073 2.008450031 3.902420044
542 -4.809830189 1.410740018 3.40967989
543 -4.80053997 2.606159925 4.395160198
544 -4.795889854 3.203870058 4.887899876
545 -4.791250229 3.801579952 5.38064003
546 -4.826590061 2.160340071 3.698740005
547 -4.824860096 1.517429948 3.266609907
548 -4.828320026 2.803250074 4.130869865
549 -4.830039978 3.446160078 4.562990189
550 -4.831769943 4.089069843 4.995120049
551 -4.849450111 2.291429996 3.481240034
552 -4.840919971 1.609509945 3.113840103
553 -4.857979774 2.973350048 3.848639965
554 -4.866509914 3.6552701 4.216030121
555 -4.875040054 4.337190151 4.583429813
556 -4.873539925 2.400439978 3.252000093
557 -4.857840061 1.686079979 2.952820063
558 -4.889239788 3.11480999 3.551179886
559 -4.904940128 3.829169989 3.850359917
560 -4.920639992 4.543529987 4.149539948
561 -4.898640156 2.486340046 3.013250113
562 -4.875470161 1.746420026 2.78512001
563 -4.921800137 3.22626996 3.241369963
564 -4.944970131 3.966200113 3.469500065
565 -4.968140125 4.706120014 3.697619915
566 -4.924489975 2.548300028 2.767260075
567 -4.893630028 1.789929986 2.612339973
568 -4.955349922 3.306659937 2.922189951
569 -4.986209869 4.065020084 3.077110052
570 -5.017069817 4.823390007 3.232029915
571 -4.950860023 2.585710049 2.516429901
572 -4.912149906 1.816210032 2.436150074
573 -4.989560127 3.355210066 2.596699953
574 -5.028269768 4.124710083 2.676980019
575 -5.066979885 4.894199848 2.757250071
576 -4.977479935 2.59822011 2.263149977
577 -4.930850029 1.825000048 2.258249998
578 -5.024099827 3.371439934 2.268049955
579 -5.070730209 4.144659996 2.272959948
580 -5.117360115 4.917880058 2.277859926
581 -5.004099846 2.585710049 2.009880066
582 -4.949540138 1.816210032 2.080349922
583 -5.058650017 3.355210066 1.939409971
584 -5.113200188 4.124710083 1.868929982
585 -5.167749882 4.894199848 1.798460007
586 -5.030459881 2.548300028 1.759039998
587 -4.968060017 1.789929986 1.904160023
588 -5.092860222 3.306659937 1.613919973
589 -5.155250072 4.065020084 1.468799949
590 -5.217649937 4.823390007 1.323680043
591 -5.056310177 2.486340046 1.513059974
592 -4.986219883 1.746420026 1.731389999
593 -5.126399994 3.22626996 1.294739962
594 -5.196499825 3.966200113 1.076410055
595 -5.266590118 4.706120014 0.8580899835
596 -5.081409931 2.400439978 1.274299979
597 -5.003849983 1.686079979 1.563680053
598 -5.158969879 3.11480999 0.9849299788
599 -5.236529827 3.829169989 0.6955500245
600 -5.314080238 4.543529987 0.4061700106
601 -5.105500221 2.291429996 1.045070052
602 -5.020770073 1.609509945 1.402670026
603 -5.190229893 2.973350048 0.6874700189
604 -5.274960041 3.6552701 0.3298799992
605 -5.359690189 4.337190151 -0.02772000059
606 -5.128359795 2.160340071 0.8275700212
607 -5.036829948 1.517429948 1.24988997
608 -5.219890118 2.803250074 0.4052399993
609 -5.311429977 3.446160078 -0.01707999967
610 -5.402959824 4.089069843 -0.439410001
611 -5.149769783 2.008450031 0.6238899827
612 -5.051869869 1.410740018 1.106830001
613 -5.247670174 2.606159925 0.1409499943
614 -5.345580101 3.203870058 -0.341989994
615 -5.443480015 3.801579952 -0.8249300122
616 -5.169519901 1.837219954 0.4359999895
617 -5.065740108 1.290470004 0.974849999
618 -5.273300171 2.383970022 -0.1028600037
619 -5.377079964 2.930720091 -0.6417099833
620 -5.480860233 3.477469921 -1.180559993
621 -5.187419891 1.648290038 0.2657000124
622 -5.078310013 1.157770038 0.8552399874
623 -5.296520233 2.138819933 -0.3238300085
624 -5.405630112 2.629349947 -0.9133599997
625 -5.51473999 3.119869947 -1.502889991
626 -5.203289986 1.443490028 0.1146500036
627 -5.089459896 1.01391995 0.7491300106
628 -5.317120075 1.873070002 -0.5198400021
629 -5.430960178 2.302649975 -1.154330015
630 -5.544789791 2.732229948 -1.788810015
631 -5.216989994 1.224789977 -0.01572000049
632 -5.099090099 0.8603000045 0.6575599909
633 -5.334899902 1.589290023 -0.6890000105
634 -5.452809811 1.953780055 -1.362290025
635 -5.570720196 2.318269968 -2.035569906
636 -5.228390217 0.9943000078 -0.1241400018
637 -5.107089996 0.6984000206 0.5814099908
638 -5.34968996 1.290189981 -0.8296899796
639 -5.470990181 1.586089969 -1.535240054
640 -5.592289925 1.881989956 -2.24078989
641 -5.237370014 0.7542200089 -0.2095700055
642 -5.113399982 0.5297700167 0.5213999748
643 -5.361340046 0.9786800146 -0.9405400157
644 -5.485310078 1.203130007 -1.671509981
645 -5.609290123 1.427590013 -2.402479887
646 -5.243840218 0.5068899989 -0.2711800039
647 -5.117949963 0.3560400009 0.4781300128
648 -5.369740009 0.6577399969 -1.02049005
649 -5.495639801 0.8085799813 -1.769799948
650 -5.62154007 0.9594299793 -2.519109964
651 -5.247759819 0.2546699941 -0.3083899915
652 -5.120689869 0.1788800061 0.4519900084
653 -5.374820232 0.330460012 -1.068770051
654 -5.501880169 0.40625 -1.829149961
655 -5.628950119 0.482039988 -2.589540005
656 -5.249060154 -0 -0.3208299875
657 -5.121610165 -0 0.4432500005
658 -5.376520157 -0 -1.084920049
659 -5.503970146 -0 -1.848999977
660 -5.631420135 -0 -2.613090038
661 -5.247759819 -0.2546699941 -0.3083899915
662 -5.120689869 -0.1788800061 0.4519900084
663 -5.374820232 -0.330460012 -1.068770051
664 -5.501880169 -0.40625 -1.829149961
665 -5.628950119 -0.482039988 -2.589540005
666 -5.243840218 -0.5068899989 -0.2711800039
667 -5.117949963 -0.3560400009 0.4781300128
668 -5.369740009 -0.6577399969 -1.02049005
669 -5.495639801 -0.8085799813 -1.769799948
670 -5.62154007 -0.9594299793 -2.519109964
671 -5.237370014 -0.7542200089 -0.2095700055
672 -5.113399982 -0.5297700167 0.5213999748
673 -5.361340046 -0.9786800146 -0.9405400157
674 -5.485310078 -1.203130007 -1.671509981
675 -5.609290123 -1.427590013 -2.402479887
676 -5.228390217 -0.9943000078 -0.1241400018
677 -5.107089996 -0.6984000206 0.5814099908
678 -5.34968996 -1.290189981 -0.8296899796
679 -5.470990181 -1.586089969 -1.535240054
680 -5.592289925 -1.881989956 -2.24078989
681 -5.216989994 -1.224789977 -0.01572000049
682 -5.099090099 -0.8603000045 0.6575599909
683 -5.334899902 -1.589290023 -0.6890000105
684 -5.452809811 -1.953780055 -1.362290025
685 -5.570720196 -2.318269968 -2.035569906
686 -5.203289986 -1.443490028 0.1146500036
687 -5.089459896 -1.01391995 0.7491300106
688 -5.317120075 -1.873070002 -0.5198400021
689 -5.430960178 -2.302649975 -1.154330015
690 -5.544789791 -2.732229948 -1.788810015
691 -5.187419891 -1.648290038 0.2657000124
692 -5.078310013 -1.157770038 0.8552399874
693 -5.296520233 -2.138819933 -0.3238300085
694 -5.405630112 -2.629349947 -0.9133599997
695 -5.51473999 -3.119869947 -1.502889991
696 -5.169519901 -1.837219954 0.4359999895
697 -5.065740108 -1.290470004 0.974849999
698 -5.273300171 -2.383970022 -0.1028600037
699 -5.377079964 -2.930720091 -0.6417099833
700 -5.480860233 -3.477469921 -1.180559993
701 -5.149769783 -2.008450031 0.6238899827
702 -5.051869869 -1.410740018 1.106830001
703 -5.247670174 -2.606159925 0.1409499943
704 -5.345580101 -3.203870058 -0.341989994
705 -5.443480015 -3.801579952 -0.8249300122
706 -5.128359795 -2.160340071 0.8275700212
707 -5.036829948 -1.517429948 1.24988997
708 -5.219890118 -2.803250074 0.4052399993
709 -5.311429977 -3.446160078 -0.01707999967
710 -5.402959824 -4.089069843 -0.439410001
711 -5.105500221 -2.291429996 1.045070052
712 -5.020770073 -1.609509945 1.402670026
713 -5.190229893 -2.973350048 0.6874700189
714 -5.274960041 -3.6552701 0.3298799992
715 -5.359690189 -4.337190151 -0.02772000059
716 -5.081409931 -2.400439978 1.274299979
717 -5.003849983 -1.686079979 1.563680053
718 -5.158969879 -3.11480999 0.9849299788
719 -5.236529827 -3.829169989 0.6955500245
720 -5.314080238 -4.543529987 0.4061700106
721 -5.056310177 -2.486340046 1.513059974
722 -4.986219883 -1.746420026 1.731389999
723 -5.126399994 -3.22626996 1.294739962
724 -5.196499825 -3.966200113 1.076410055
725 -5.266590118 -4.706120014 0.8580899835
726 -5.030459881 -2.548300028 1.759039998
727 -4.968060017 -1.789929986 1.904160023
728 -5.092860222 -3.306659937 1.613919973
729 -5.155250072 -4.065020084 1.468799949
730 -5.217649937 -4.823390007 1.323680043
731 -5.004099846 -2.585710049 2.009880066
732 -4.949540138 -1.816210032 2.080349922
733 -5.058650017 -3.355210066 1.939409971
734 -5.113200188 -4.124710083 1.868929982
735 -5.167749882 -4.894199848 1.798460007
736 -4.977479935 -2.59822011 2.263149977
737 -4.930850029 -1.825000048 2.258249998
738 -5.024099827 -3.371439934 2.268049955
739 -5.070730209 -4.144659996 2.272959948
740 -5.117360115 -4.917880058 2.277859926
741 -4.950860023 -2.585710049 2.516429901
742 -4.912149906 -1.816210032 2.436150074
743 -4.989560127 -3.355210066 2.596699953
744 -5.028269768 -4.124710083 2.676980019
745 -5.066979885 -4.894199848 2.757250071
746 -4.924489975 -2.548300028 2.767260075
747 -4.893630028 -1.789929986 2.612339973
748 -4.955349922 -3.306659937 2.922189951
749 -4.986209869 -4.065020084 3.077110052
750 -5.017069817 -4.823390007 3.232029915
751 -4.898640156 -2.486340046 3.013250113
752 -4.875470161 -1.746420026 2.78512001
753 -4.921800137 -3.22626996 3.241369963
754 -4.944970131 -3.966200113 3.469500065
755 -4.968140125 -4.706120014 3.697619915
756 -4.873539925 -2.400439978 3.252000093
757 -4.857840061 -1.686079979 2.952820063
758 -4.889239788 -3.11480999 3.551179886
759 -4.904940128 -3.829169989 3.850359917
760 -4.920639992 -4.543529987 4.149539948
761 -4.849450111 -2.291429996 3.481240034
762 -4.840919971 -1.609509945 3.113840103
763 -4.857979774 -2.973350048 3.848639965
764 -4.866509914 -3.6552701 4.216030121
765 -4.875040054 -4.337190151 4.583429813
766 -4.826590061 -2.160340071 3.698740005
767 -4.824860096 -1.517429948 3.266609907
768 -4.828320026 -2.803250074 4.130869865
769 -4.830039978 -3.446160078 4.562990189
770 -4.831769943 -4.089069843 4.995120049
771 -4.805180073 -2.008450031 3.902420044
772 -4.809830189 -1.410740018 3.40967989
773 -4.80053997 -2.606159925 4.395160198
774 -4.795889854 -3.203870058 4.887899876
775 -4.791250229 -3.801579952 5.38064003
776 -4.785429955 -1.837219954 4.090310097
777 -4.795959949 -1.290470004 3.541650057
778 -4.774909973 -2.383970022 4.638959885
779 -4.764389992 -2.930720091 5.187620163
780 -4.75387001 -3.477469921 5.736279964
781 -4.767539978 -1.648290038 4.26060009
782 -4.783380032 -1.157770038 3.661269903
783 -4.751689911 -2.138819933 4.859940052
784 -4.735839844 -2.629349947 5.45927
785 -4.719989777 -3.119869947 6.058609962
786 -4.75165987 -1.443490028 4.411660194
787 -4.772230148 -1.01391995 3.767369986
788 -4.731080055 -1.873070002 5.055950165
789 -4.710509777 -2.302649975 5.700240135
790 -4.689939976 -2.732229948 6.344530106
791 -4.737959862 -1.224789977 4.542029858
792 -4.762609959 -0.8603000045 3.858939886
793 -4.713309765 -1.589290023 5.225110054
794 -4.688650131 -1.953780055 5.908199787
795 -4.664000034 -2.318269968 6.591279984
796 -4.726560116 -0.9943000078 4.65045023
797 -4.754600048 -0.6984000206 3.935100079
798 -4.698520184 -1.290189981 5.365799904
799 -4.670479774 -1.586089969 6.081150055
800 -4.642429829 -1.881989956 6.796500206
801 -4.717579842 -0.7542200089 4.735879898
802 -4.748300076 -0.5297700167 3.995100021
803 -4.686870098 -0.9786800146 5.476650238
804 -4.656149864 -1.203130007 6.217420101
805 -4.625440121 -1.427590013 6.958199978
806 -4.711110115 -0.5068899989 4.79749012
807 -4.743750095 -0.3560400009 4.038380146
808 -4.678460121 -0.6577399969 5.556600094
809 -4.645820141 -0.8085799813 6.315710068
810 -4.613180161 -0.9594299793 7.074820042
811 -4.70720005 -0.2546699941 4.834700108
812 -4.741000175 -0.1788800061 4.064519882
813 -4.673389912 -0.330460012 5.604879856
814 -4.639579773 -0.40625 6.375070095
815 -4.605780125 -0.482039988 7.145249844
816 -5.287179947 0.482039988 7.216869831
817 -5.284699917 -0 7.240419865
818 -5.968570232 0.482039988 7.288479805
819 -5.966100216 -0 7.312039852
820 -6.649970055 0.482039988 7.360099792
821 -6.647490025 -0 7.383649826
822 -5.294579983 0.9594299793 7.146440029
823 -5.975969791 0.9594299793 7.218060017
824 -6.65737009 0.9594299793 7.289669991
825 -5.306839943 1.427590013 7.029819965
826 -5.988230228 1.427590013 7.101429939
827 -6.669630051 1.427590013 7.173049927
828 -5.323830128 1.881989956 6.868120193
829 -6.00522995 1.881989956 6.939730167
830 -6.686620235 1.881989956 7.011350155
831 -5.345399857 2.318269968 6.662899971
832 -6.026800156 2.318269968 6.734519958
833 -6.708189964 2.318269968 6.806139946
834 -5.371339798 2.732229948 6.416140079
835 -6.052730083 2.732229948 6.487760067
836 -6.734129906 2.732229948 6.559380054
837 -5.401390076 3.119869947 6.130219936
838 -6.082779884 3.119869947 6.201839924
839 -6.764180183 3.119869947 6.273459911
840 -5.435259819 3.477469921 5.807889938
841 -6.116660118 3.477469921 5.879509926
842 -6.79805994 3.477469921 5.951129913
843 -5.472640038 3.801579952 5.452260017
844 -6.15403986 3.801579952 5.523869991
845 -6.835440159 3.801579952 5.595489979
846 -5.513160229 4.089069843 5.066740036
847 -6.194560051 4.089069843 5.13835001
848 -6.875959873 4.089069843 5.209969997
849 -5.556429863 4.337190151 4.655049801
850 -6.237830162 4.337190151 4.726669788
851 -6.919229984 4.337190151 4.798279762
852 -5.602039814 4.543529987 4.221159935
853 -6.283430099 4.543529987 4.292769909
854 -6.964829922 4.543529987 4.364389896
855 -5.649539948 4.706120014 3.769239902
856 -6.330930233 4.706120014 3.84085989
857 -7.012330055 4.706120014 3.912480116
858 -5.698470116 4.823390007 3.303649902
859 -6.379869938 4.823390007 3.37526989
860 -7.061260223 4.823390007 3.446890116
861 -5.748370171 4.894199848 2.828870058
862 -6.429769993 4.894199848 2.900490046
863 -7.111169815 4.894199848 2.972110033
864 -5.798759937 4.917880058 2.3494699
865 -6.480160236 4.917880058 2.421089888
866 -7.161550045 4.917880058 2.492710114
867 -5.849150181 4.894199848 1.870079994
868 -6.530539989 4.894199848 1.941699982
869 -7.211939812 4.894199848 2.013309956
870 -5.899050236 4.823390007 1.395300031
871 -6.580440044 4.823390007 1.466920018
872 -7.261839867 4.823390007 1.538529992
873 -5.947979927 4.706120014 0.929709971
874 -6.629380226 4.706120014 1.001330018
875 -7.310780048 4.706120014 1.072939992
876 -5.995480061 4.543529987 0.4777899981
877 -6.676879883 4.543529987 0.5494099855
878 -7.358270168 4.543529987 0.621029973
879 -6.041079998 4.337190151 0.04390000179
880 -6.72247982 4.337190151 0.1155200005
881 -7.403880119 4.337190151 0.1871300042
882 -6.084350109 4.089069843 -0.3677900136
883 -6.765749931 4.089069843 -0.2961699963
884 -7.44715023 4.089069843 -0.2245499939
885 -6.124869823 3.801579952 -0.7533100247
886 -6.806270123 3.801579952 -0.6816899776
887 -7.487669945 3.801579952 -0.6100699902
888 -6.162250042 3.477469921 -1.108950019
889 -6.843649864 3.477469921 -1.037330031
890 -7.525050163 3.477469921 -0.9657099843
891 -6.196129799 3.119869947 -1.431280017
892 -6.877530098 3.119869947 -1.359660029
893 -7.55892992 3.119869947 -1.288040042
894 -6.226180077 2.732229948 -1.717200041
895 -6.907579899 2.732229948 -1.645580053
896 -7.588980198 2.732229948 -1.573959947
897 -6.252120018 2.318269968 -1.963950038
898 -6.93351984 2.318269968 -1.892339945
899 -7.614910126 2.318269968 -1.820719957
900 -6.273690224 1.881989956 -2.169169903
901 -6.955080032 1.881989956 -2.097549915
902 -7.636479855 1.881989956 -2.025929928
903 -6.290679932 1.427590013 -2.330869913
904 -6.972080231 1.427590013 -2.259249926
905 -7.653480053 1.427590013 -2.187629938
906 -6.302939892 0.9594299793 -2.447489977
907 -6.984340191 0.9594299793 -2.375869989
908 -7.66573 0.9594299793 -2.304260015
909 -6.310339928 0.482039988 -2.517920017
910 -6.991740227 0.482039988 -2.44630003
911 -7.673140049 0.482039988 -2.374680042
912 -6.312819958 -0 -2.541470051
913 -6.994209766 -0 -2.469850063
914 -7.675610065 -0 -2.398230076
915 -6.310339928 -0.482039988 -2.517920017
916 -6.991740227 -0.482039988 -2.44630003
917 -7.673140049 -0.482039988 -2.374680042
918 -6.302939892 -0.9594299793 -2.447489977
919 -6.984340191 -0.9594299793 -2.375869989
920 -7.66573 -0.9594299793 -2.304260015
921 -6.290679932 -1.427590013 -2.330869913
922 -6.972080231 -1.427590013 -2.259249926
923 -7.653480053 -1.427590013 -2.187629938
924 -6.273690224 -1.881989956 -2.169169903
925 -6.955080032 -1.881989956 -2.097549915
926 -7.636479855 -1.881989956 -2.025929928
927 -6.252120018 -2.318269968 -1.963950038
928 -6.93351984 -2.318269968 -1.892339945
929 -7.614910126 -2.318269968 -1.820719957
930 -6.226180077 -2.732229948 -1.717200041
931 -6.907579899 -2.732229948 -1.645580053
932 -7.588980198 -2.732229948 -1.573959947
933 -6.196129799 -3.119869947 -1.431280017
934 -6.877530098 -3.119869947 -1.359660029
935 -7.55892992 -3.119869947 -1.288040042
936 -6.162250042 -3.477469921 -1.108950019
937 -6.843649864 -3.477469921 -1.037330031
938 -7.525050163 -3.477469921 -0.9657099843
939 -6.124869823 -3.801579952 -0.7533100247
940 -6.806270123 -3.801579952 -0.6816899776
941 -7.487669945 -3.801579952 -0.6100699902
942 -6.084350109 -4.089069843 -0.3677900136
943 -6.765749931 -4.089069843 -0.2961699963
944 -7.44715023 -4.089069843 -0.2245499939
945 -6.041079998 -4.337190151 0.04390000179
946 -6.72247982 -4.337190151 0.1155200005
947 -7.403880119 -4.337190151 0.1871300042
948 -5.995480061 -4.543529987 0.4777899981
949 -6.676879883 -4.543529987 0.5494099855
950 -7.358270168 -4.543529987 0.621029973
951 -5.947979927 -4.706120014 0.929709971
952 -6.629380226 -4.706120014 1.001330018
953 -7.310780048 -4.706120014 1.072939992
954 -5.899050236 -4.823390007 1.395300031
955 -6.580440044 -4.823390007 1.466920018
956 -7.261839867 -4.823390007 1.538529992
957 -5.849150181 -4.894199848 1.870079994
958 -6.530539989 -4.894199848 1.941699982
959 -7.211939812 -4.894199848 2.013309956
960 -5.798759937 -4.917880058 2.3494699
961 -6.480160236 -4.917880058 2.421089888
962 -7.161550045 -4.917880058 2.492710114
963 -5.748370171 -4.894199848 2.828870058
964 -6.429769993 -4.894199848 2.900490046
965 -7.111169815 -4.894199848 2.972110033
966 -5.698470116 -4.823390007 3.303649902
967 -6.379869938 -4.823390007 3.37526989
968 -7.061260223 -4.823390007 3.446890116
969 -5.649539948 -4.706120014 3.769239902
970 -6.330930233 -4.706120014 3.84085989
971 -7.012330055 -4.706120014 3.912480116
972 -5.602039814 -4.543529987 4.221159935
973 -6.283430099 -4.543529987 4.292769909
974 -6.964829922 -4.543529987 4.364389896
975 -5.556429863 -4.337190151 4.655049801
976 -6.237830162 -4.337190151 4.726669788
977 -6.919229984 -4.337190151 4.798279762
978 -5.513160229 -4.089069843 5.066740036
979 -6.194560051 -4.089069843 5.13835001
980 -6.875959873 -4.089069843 5.209969997
981 -5.472640038 -3.801579952 5.452260017
982 -6.15403986 -3.801579952 5.523869991
983 -6.835440159 -3.801579952 5.595489979
984 -5.435259819 -3.477469921 5.807889938
985 -6.116660118 -3.477469921 5.879509926
986 -6.79805994 -3.477469921 5.951129913
987 -5.401390076 -3.119869947 6.130219936
988 -6.082779884 -3.119869947 6.201839924
989 -6.764180183 -3.119869947 6.273459911
990 -5.371339798 -2.732229948 6.416140079
991 -6.052730083 -2.732229948 6.487760067
992 -6.734129906 -2.732229948 6.559380054
993 -5.345399857 -2.318269968 6.662899971
994 -6.026800156 -2.318269968 6.734519958
995 -6.708189964 -2.318269968 6.806139946
996 -5.323830128 -1.881989956 6.868120193
997 -6.00522995 -1.881989956 6.939730167
998 -6.686620235 -1.881989956 7.011350155
999 -5.306839943 -1.427590013 7.029819965
1000 -5.988230228 -1.427590013 7.101429939
1001 -6.669630051 -1.427590013 7.173049927
1002 -5.294579983 -0.9594299793 7.146440029
1003 -5.975969791 -0.9594299793 7.218060017
1004 -6.65737009 -0.9594299793 7.289669991
1005 -5.287179947 -0.482039988 7.216869831
1006 -5.968570232 -0.482039988 7.288479805
1007 -6.649970055 -0.482039988 7.360099792
1008 -6.768710136 0.3952200115 6.486269951
1009 -6.766679764 -0 6.505579948
1010 -6.887450218 0.3084099889 5.612440109
1011 -6.88586998 -0 5.627510071
1012 -7.006199837 0.2215899974 4.738609791
1013 -7.005060196 -0 4.74943018
1014 -7.124939919 0.1347700059 3.864779949
1015 -7.124249935 -0 3.871360064
1016 -6.774779797 0.7866399884 6.428530216
1017 -6.89218998 0.6138399839 5.567379951
1018 -7.009600163 0.4410400093 4.706230164
1019 -7.127009869 0.2682499886 3.845089912
1020 -6.784830093 1.170480013 6.332910061
1021 -6.900030136 0.9133599997 5.492760181
1022 -7.015230179 0.65625 4.652619839
1023 -7.130430222 0.3991400003 3.812479973
1024 -6.798759937 1.543040037 6.200329781
1025 -6.91091013 1.204089999 5.389309883
1026 -7.023049831 0.8651400208 4.578289986
1027 -7.13519001 0.5261899829 3.767270088
1028 -6.816450119 1.900750041 6.032080173
1029 -6.924709797 1.483219981 5.258019924
1030 -7.032959938 1.065700054 4.483950138
1031 -7.141220093 0.6481699944 3.709889889
1032 -6.837709904 2.240149975 5.829760075
1033 -6.941299915 1.748070002 5.100140095
1034 -7.044879913 1.255990028 4.370520115
1035 -7.148469925 0.7639099956 3.640899897
1036 -6.862349987 2.557980061 5.595339775
1037 -6.960529804 1.996080041 4.917210102
1038 -7.058700085 1.434190035 4.239089966
1039 -7.156869888 0.8722900152 3.560960054
1040 -6.890130043 2.851170063 5.331059933
1041 -6.982200146 2.224869967 4.710979939
1042 -7.074269772 1.598569989 4.090909958
1043 -7.166339874 0.9722700119 3.470839977
1044 -6.920780182 3.116899967 5.039470196
1045 -7.006120205 2.432229996 4.483449936
1046 -7.091450214 1.747560024 3.927429914
1047 -7.176790237 1.062890053 3.371409893
1048 -6.953999996 3.352619886 4.723380089
1049 -7.032040119 2.61616993 4.236800194
1050 -7.110079765 1.879719973 3.750210047
1051 -7.188119888 1.143270016 3.2636199
1052 -6.989480019 3.556050062 4.385839939
1053 -7.059720039 2.774909973 3.973400116
1054 -7.129970074 1.993780017 3.560960054
1055 -7.200220108 1.212640047 3.148509979
1056 -7.026869774 3.725229979 4.030089855
1057 -7.088900089 2.90692997 3.695800066
1058 -7.150939941 2.088629961 3.361500025
1059 -7.21296978 1.270329952 3.027199984
1060 -7.065810204 3.858540058 3.659569979
1061 -7.119289875 3.010960102 3.40666008
1062 -7.172770023 2.163379908 3.153759956
1063 -7.226250172 1.315790057 2.900850058
1064 -7.105929852 3.95468998 3.277829885
1065 -7.150599957 3.085979939 3.108779907
1066 -7.195270061 2.217279911 2.939729929
1067 -7.239930153 1.348580003 2.770669937
1068 -7.146850109 4.012750149 2.888560057
1069 -7.182529926 3.131289959 2.805020094
1070 -7.21821022 2.249840021 2.721470118
1071 -7.253890038 1.368379951 2.637929916
1072 -7.188159943 4.032159805 2.495510101
1073 -7.214759827 3.146440029 2.498300076
1074 -7.241370201 2.260720015 2.501100063
1075 -7.267970085 1.375 2.503890038
1076 -7.229469776 4.012750149 2.102449894
1077 -7.247000217 3.131289959 2.191590071
1078 -7.264530182 2.249840021 2.280719995
1079 -7.282060146 1.368379951 2.369859934
1080 -7.27038002 3.95468998 1.713179946
1081 -7.278930187 3.085979939 1.887820005
1082 -7.287469864 2.217279911 2.062469959
1083 -7.296010017 1.348580003 2.237119913
1084 -7.310510159 3.858540058 1.331439972
1085 -7.310239792 3.010960102 1.589939952
1086 -7.309969902 2.163379908 1.848440051
1087 -7.309689999 1.315790057 2.106940031
1088 -7.349450111 3.725229979 0.9609199762
1089 -7.340620041 2.90692997 1.300809979
1090 -7.331799984 2.088629961 1.640699983
1091 -7.322969913 1.270329952 1.980589986
1092 -7.386839867 3.556050062 0.6051700115
1093 -7.369800091 2.774909973 1.023200035
1094 -7.352759838 1.993780017 1.441239953
1095 -7.335730076 1.212640047 1.859269977
1096 -7.422319889 3.352619886 0.2676300108
1097 -7.397490025 2.61616993 0.7598099709
1098 -7.372650146 1.879719973 1.251989961
1099 -7.347819805 1.143270016 1.74416995
1100 -7.45554018 3.116899967 -0.04845999926
1101 -7.423409939 2.432229996 0.5131599903
1102 -7.391280174 1.747560024 1.074769974
1103 -7.359149933 1.062890053 1.636379957
1104 -7.486189842 2.851170063 -0.3400500119
1105 -7.447319984 2.224869967 0.2856200039
1106 -7.40846014 1.598569989 0.9112799764
1107 -7.369599819 0.9722700119 1.536949992
1108 -7.513959885 2.557980061 -0.6043199897
1109 -7.468999863 1.996080041 0.07938999683
1110 -7.424039841 1.434190035 0.763109982
1111 -7.379079819 0.8722900152 1.446830034
1112 -7.538599968 2.240149975 -0.8387500048
1113 -7.488230228 1.748070002 -0.1035400033
1114 -7.437849998 1.255990028 0.6316699982
1115 -7.387479782 0.7639099956 1.366889954
1116 -7.559869766 1.900750041 -1.041059971
1117 -7.50481987 1.483219981 -0.2614099979
1118 -7.449769974 1.065700054 0.518239975
1119 -7.394730091 0.6481699944 1.297899961
1120 -7.577549934 1.543040037 -1.209319949
1121 -7.518620014 1.204089999 -0.3927100003
1122 -7.459690094 0.8651400208 0.423909992
1123 -7.400760174 0.5261899829 1.24052
1124 -7.591479778 1.170480013 -1.341899991
1125 -7.529489994 0.9133599997 -0.4961600006
1126 -7.46750021 0.65625 0.3495700061
1127 -7.405509949 0.3991400003 1.195309997
1128 -7.601530075 0.7866399884 -1.437520027
1129 -7.537340164 0.6138399839 -0.5707799792
1130 -7.473139763 0.4410400093 0.2959600091
1131 -7.408939838 0.2682499886 1.162700057
1132 -7.607600212 0.3952200115 -1.49526
1133 -7.542069912 0.3084099889 -0.6158400178
1134 -7.476540089 0.2215899974 0.263590008
1135 -7.411009789 0.1347700059 1.14301002
1136 -7.609630108 -0 -1.514569998
1137 -7.543660164 -0 -0.6309000254
1138 -7.477680206 -0 0.2527599931
1139 -7.411699772 -0 1.136430025
1140 -7.607600212 -0.3952200115 -1.49526
1141 -7.542069912 -0.3084099889 -0.6158400178
1142 -7.476540089 -0.2215899974 0.263590008
1143 -7.411009789 -0.1347700059 1.14301002
1144 -7.601530075 -0.7866399884 -1.437520027
1145 -7.537340164 -0.6138399839 -0.5707799792
1146 -7.473139763 -0.4410400093 0.2959600091
1147 -7.408939838 -0.2682499886 1.162700057
1148 -7.591479778 -1.170480013 -1.341899991
1149 -7.529489994 -0.9133599997 -0.4961600006
1150 -7.46750021 -0.65625 0.3495700061
1151 -7.405509949 -0.3991400003 1.195309997
1152 -7.577549934 -1.543040037 -1.209319949
1153 -7.518620014 -1.204089999 -0.3927100003
1154 -7.459690094 -0.8651400208 0.423909992
1155 -7.400760174 -0.5261899829 1.24052
1156 -7.559869766 -1.900750041 -1.041059971
1157 -7.50481987 -1.483219981 -0.2614099979
1158 -7.449769974 -1.065700054 0.518239975
1159 -7.394730091 -0.6481699944 1.297899961
1160 -7.538599968 -2.240149975 -0.8387500048
1161 -7.488230228 -1.748070002 -0.1035400033
1162 -7.437849998 -1.255990028 0.6316699982
1163 -7.387479782 -0.7639099956 1.366889954
1164 -7.513959885 -2.557980061 -0.6043199897
1165 -7.468999863 -1.996080041 0.07938999683
1166 -7.424039841 -1.434190035 0.763109982
1167 -7.379079819 -0.8722900152 1.446830034
1168 -7.486189842 -2.851170063 -0.3400500119
1169 -7.447319984 -2.224869967 0.2856200039
1170 -7.40846014 -1.598569989 0.9112799764
1171 -7.369599819 -0.9722700119 1.536949992
1172 -7.45554018 -3.116899967 -0.04845999926
1173 -7.423409939 -2.432229996 0.5131599903
1174 -7.391280174 -1.747560024 1.074769974
1175 -7.359149933 -1.062890053 1.636379957
1176 -7.422319889 -3.352619886 0.2676300108
1177 -7.397490025 -2.61616993 0.7598099709
1178 -7.372650146 -1.879719973 1.251989961
1179 -7.347819805 -1.143270016 1.74416995
1180 -7.386839867 -3.556050062 0.6051700115
1181 -7.369800091 -2.774909973 1.023200035
1182 -7.352759838 -1.993780017 1.441239953
1183 -7.335730076 -1.212640047 1.859269977
1184 -7.349450111 -3.725229979 0.9609199762
1185 -7.340620041 -2.90692997 1.300809979
1186 -7.331799984 -2.088629961 1.640699983
1187 -7.322969913 -1.270329952 1.980589986
1188 -7.310510159 -3.858540058 1.331439972
1189 -7.310239792 -3.010960102 1.589939952
1190 -7.309969902 -2.163379908 1.848440051
1191 -7.309689999 -1.315790057 2.106940031
1192 -7.27038002 -3.95468998 1.713179946
1193 -7.278930187 -3.085979939 1.887820005
1194 -7.287469864 -2.217279911 2.062469959
1195 -7.296010017 -1.348580003 2.237119913
1196 -7.229469776 -4.012750149 2.102449894
1197 -7.247000217 -3.131289959 2.191590071
1198 -7.264530182 -2.249840021 2.280719995
1199 -7.282060146 -1.368379951 2.369859934
1200 -7.188159943 -4.032159805 2.495510101
1201 -7.214759827 -3.146440029 2.498300076
1202 -7.241370201 -2.260720015 2.501100063
1203 -7.267970085 -1.375 2.503890038
1204 -7.146850109 -4.012750149 2.888560057
1205 -7.182529926 -3.131289959 2.805020094
1206 -7.21821022 -2.249840021 2.721470118
1207 -7.253890038 -1.368379951 2.637929916
1208 -7.105929852 -3.95468998 3.277829885
1209 -7.150599957 -3.085979939 3.108779907
1210 -7.195270061 -2.217279911 2.939729929
1211 -7.239930153 -1.348580003 2.770669937
1212 -7.065810204 -3.858540058 3.659569979
1213 -7.119289875 -3.010960102 3.40666008
1214 -7.172770023 -2.163379908 3.153759956
1215 -7.226250172 -1.315790057 2.900850058
1216 -7.026869774 -3.725229979 4.030089855
1217 -7.088900089 -2.90692997 3.695800066
1218 -7.150939941 -2.088629961 3.361500025
1219 -7.21296978 -1.270329952 3.027199984
1220 -6.989480019 -3.556050062 4.385839939
1221 -7.059720039 -2.774909973 3.973400116
1222 -7.129970074 -1.993780017 3.560960054
1223 -7.200220108 -1.212640047 3.148509979
1224 -6.953999996 -3.352619886 4.723380089
1225 -7.032040119 -2.61616993 4.236800194
1226 -7.110079765 -1.879719973 3.750210047
1227 -7.188119888 -1.143270016 3.2636199
1228 -6.920780182 -3.116899967 5.039470196
1229 -7.006120205 -2.432229996 4.483449936
1230 -7.091450214 -1.747560024 3.927429914
1231 -7.176790237 -1.062890053 3.371409893
1232 -6.890130043 -2.851170063 5.331059933
1233 -6.982200146 -2.224869967 4.710979939
1234 -7.074269772 -1.598569989 4.090909958
1235 -7.166339874 -0.9722700119 3.470839977
1236 -6.862349987 -2.557980061 5.595339775
1237 -6.960529804 -1.996080041 4.917210102
1238 -7.058700085 -1.434190035 4.239089966
1239 -7.156869888 -0.8722900152 3.560960054
1240 -6.837709904 -2.240149975 5.829760075
1241 -6.941299915 -1.748070002 5.100140095
1242 -7.044879913 -1.255990028 4.370520115
1243 -7.148469925 -0.7639099956 3.640899897
1244 -6.816450119 -1.900750041 6.032080173
1245 -6.924709797 -1.483219981 5.258019924
1246 -7.032959938 -1.065700054 4.483950138
1247 -7.141220093 -0.6481699944 3.709889889
1248 -6.798759937 -1.543040037 6.200329781
1249 -6.91091013 -1.204089999 5.389309883
1250 -7.023049831 -0.8651400208 4.578289986
1251 -7.13519001 -0.5261899829 3.767270088
1252 -6.784830093 -1.170480013 6.332910061
1253 -6.900030136 -0.9133599997 5.492760181
1254 -7.015230179 -0.65625 4.652619839
1255 -7.130430222 -0.3991400003 3.812479973
1256 -6.774779797 -0.7866399884 6.428530216
1257 -6.89218998 -0.6138399839 5.567379951
1258 -7.009600163 -0.4410400093 4.706230164
1259 -7.127009869 -0.2682499886 3.845089912
1260 -6.768710136 -0.3952200115 6.486269951
1261 -6.887450218 -0.3084099889 5.612440109
1262 -7.006199837 -0.2215899974 4.738609791
1263 -7.124939919 -0.1347700059 3.864779949
1264 -5.005469799 -1.319210052 1.548239946
1265 -5.0136199 -1.644269943 1.470749974
1266 -5.038310051 -1.507889986 1.235829949
1267 -5.027150154 -1.183709979 1.34197998
1268 -5.046199799 -1.015920043 1.160709977
1269 -5.060599804 -1.337820053 1.023740053
1270 -4.981760025 -1.418730021 1.773869991
1271 -4.959280014 -1.804620028 1.98774004
1272 -4.930850029 -1.5 2.258249998
1273 -4.95664978 -1.47953999 2.012710094
1274 -4.987080097 -1.743919969 1.723270059
1275 -5.108419895 -0.6667500138 0.5687100291
1276 -5.074429989 -0.6025400162 0.8921200037
1277 -5.096049786 -0.9125000238 0.6864100099
1278 -5.087100029 -0.1238700002 0.7715700269
1279 -5.116829872 -0.4061000049 0.4887599945
1280 -5.121079922 -0.1363800019 0.4483299851
1281 -5.121079922 0.1363800019 0.4483299851
1282 -5.082839966 -0.3682299852 0.8121200204
1283 -5.07998991 -1.137869954 0.839230001
1284 -5.062109947 -0.8204200268 1.009379983
1285 -4.905039787 -1.47953999 2.503789902
1286 -4.874619961 -1.743919969 2.793230057
1287 -4.90241003 -1.804620028 2.528759956
1288 -4.879940033 -1.418730021 2.742630005
1289 -4.848080158 -1.644269943 3.045749903
1290 -4.856219769 -1.319210052 2.96826005
1291 -4.823390007 -1.507889986 3.280679941
1292 -4.801089764 -1.337820053 3.492769957
1293 -4.83453989 -1.183709979 3.174520016
1294 -4.815489769 -1.015920043 3.3557899
1295 -4.799580097 -0.8204200268 3.507119894
1296 -4.781700134 -1.137869954 3.677279949
1297 -4.787260056 -0.6025400162 3.624389887
1298 -4.765639782 -0.9125000238 3.830090046
1299 -4.778850079 -0.3682299852 3.704390049
1300 -4.753270149 -0.6667500138 3.947789907
1301 -4.740620136 -0.1363800019 4.068180084
1302 -4.744860172 -0.4061000049 4.027750015
1303 -4.774590015 -0.1238700002 3.744940042
1304 -4.740620136 0.1363800019 4.068180084
1305 -4.774590015 0.1238700002 3.744940042
1306 -5.116829872 0.4061000049 0.4887599945
1307 -5.087100029 0.1238700002 0.7715700269
1308 -5.108419895 0.6667500138 0.5687100291
1309 -5.082839966 0.3682299852 0.8121200204
1310 -5.096049786 0.9125000238 0.6864100099
1311 -5.074429989 0.6025400162 0.8921200037
1312 -5.046199799 1.015920043 1.160709977
1313 -5.062109947 0.8204200268 1.009379983
1314 -5.07998991 1.137869954 0.839230001
1315 -5.060599804 1.337820053 1.023740053
1316 -5.038310051 1.507889986 1.235829949
1317 -5.005469799 1.319210052 1.548239946
1318 -5.027150154 1.183709979 1.34197998
1319 -5.0136199 1.644269943 1.470749974
1320 -4.981760025 1.418730021 1.773869991
1321 -4.987080097 1.743919969 1.723270059
1322 -4.95664978 1.47953999 2.012710094
1323 -4.930850029 1.5 2.258249998
1324 -4.959280014 1.804620028 1.98774004
1325 -4.787260056 0.6025400162 3.624389887
1326 -4.753270149 0.6667500138 3.947789907
1327 -4.778850079 0.3682299852 3.704390049
1328 -4.781700134 1.137869954 3.677279949
1329 -4.799580097 0.8204200268 3.507119894
1330 -4.815489769 1.015920043 3.3557899
1331 -4.801089764 1.337820053 3.492769957
1332 -4.765639782 0.9125000238 3.830090046
1333 -4.744860172 0.4061000049 4.027750015
1334 -4.874619961 1.743919969 2.793230057
1335 -4.879940033 1.418730021 2.742630005
1336 -4.905039787 1.47953999 2.503789902
1337 -4.90241003 1.804620028 2.528759956
1338 -4.848080158 1.644269943 3.045749903
1339 -4.823390007 1.507889986 3.280679941
1340 -4.83453989 1.183709979 3.174520016
1341 -4.856219769 1.319210052 2.96826005
1342 -4.049870014 1.493929982 2.03012991
1343 -4.035779953 1.5 2.16418004
1344 -4.94494009 1.493929982 2.124209881
1345 -4.064310074 1.47495997 1.892729998
1346 -4.95938015 1.47495997 1.986799955
1347 -4.078919888 1.442100048 1.753700018
1348 -4.973989964 1.442100048 1.847779989
1349 -4.093490124 1.394680023 1.615059972
1350 -4.9885602 1.394680023 1.709139943
1351 -4.107789993 1.332430005 1.479009986
1352 -5.002860069 1.332430005 1.573089957
1353 -4.121580124 1.255489945 1.347859979
1354 -5.016640186 1.255489945 1.441930056
1355 -4.134600163 1.164530039 1.223909974
1356 -5.029669762 1.164530039 1.317980051
1357 -4.146649837 1.060660005 1.109330058
1358 -5.041719913 1.060660005 1.203400016
1359 -4.15749979 0.9454500079 1.006029963
1360 -5.052569866 0.9454500079 1.10010004
1361 -4.16700983 0.82081002 0.9155600071
1362 -5.062079906 0.82081002 1.009639978
1363 -4.175049782 0.6889399886 0.8390499949
1364 -5.070119858 0.6889399886 0.9331300259
1365 -4.18156004 0.5521399975 0.7771400213
1366 -5.076630116 0.5521399975 0.8712099791
1367 -4.1865201 0.4127399921 0.7299799919
1368 -5.081590176 0.4127399921 0.8240500093
1369 -4.189949989 0.2729400098 0.6973000169
1370 -5.085020065 0.2729400098 0.7913699746
1371 -4.191939831 0.1347800046 0.6784300208
1372 -5.087009907 0.1347800046 0.7724999785
1373 -4.19257021 -0 0.6723899841
1374 -5.087639809 -0 0.766470015
1375 -4.191939831 -0.1347800046 0.6784300208
1376 -5.087009907 -0.1347800046 0.7724999785
1377 -4.189949989 -0.2729400098 0.6973000169
1378 -5.085020065 -0.2729400098 0.7913699746
1379 -4.1865201 -0.4127399921 0.7299799919
1380 -5.081590176 -0.4127399921 0.8240500093
1381 -4.18156004 -0.5521399975 0.7771400213
1382 -5.076630116 -0.5521399975 0.8712099791
1383 -4.175049782 -0.6889399886 0.8390499949
1384 -5.070119858 -0.6889399886 0.9331300259
1385 -4.16700983 -0.82081002 0.9155600071
1386 -5.062079906 -0.82081002 1.009639978
1387 -4.15749979 -0.9454500079 1.006029963
1388 -5.052569866 -0.9454500079 1.10010004
1389 -4.146649837 -1.060660005 1.109330058
1390 -5.041719913 -1.060660005 1.203400016
1391 -4.134600163 -1.164530039 1.223909974
1392 -5.029669762 -1.164530039 1.317980051
1393 -4.121580124 -1.255489945 1.347859979
1394 -5.016640186 -1.255489945 1.441930056
1395 -4.107789993 -1.332430005 1.479009986
1396 -5.002860069 -1.332430005 1.573089957
1397 -4.093490124 -1.394680023 1.615059972
1398 -4.9885602 -1.394680023 1.709139943
1399 -4.078919888 -1.442100048 1.753700018
1400 -4.973989964 -1.442100048 1.847779989
1401 -4.064310074 -1.47495997 1.892729998
1402 -4.95938015 -1.47495997 1.986799955
1403 -4.049870014 -1.493929982 2.03012991
1404 -4.94494009 -1.493929982 2.124209881
1405 -4.035779953 -1.5 2.16418004
1406 -4.021689892 -1.493929982 2.298219919
1407 -4.916759968 -1.493929982 2.392299891
1408 -4.007249832 -1.47495997 2.435630083
1409 -4.902319908 -1.47495997 2.529700041
1410 -3.992630005 -1.442100048 2.574650049
1411 -4.887700081 -1.442100048 2.668730021
1412 -3.978060007 -1.394680023 2.713289976
1413 -4.873129845 -1.394680023 2.807369947
1414 -3.963759899 -1.332430005 2.849339962
1415 -4.858829975 -1.332430005 2.943419933
1416 -3.949980021 -1.255489945 2.980499983
1417 -4.845049858 -1.255489945 3.074569941
1418 -3.936949968 -1.164530039 3.104449987
1419 -4.832019806 -1.164530039 3.198519945
1420 -3.924910069 -1.060660005 3.219029903
1421 -4.819980145 -1.060660005 3.3131001
1422 -3.914050102 -0.9454500079 3.322329998
1423 -4.809120178 -0.9454500079 3.416399956
1424 -3.904540062 -0.82081002 3.41279006
1425 -4.799610138 -0.82081002 3.506870031
1426 -3.896500111 -0.6889399886 3.489300013
1427 -4.791570187 -0.6889399886 3.583379984
1428 -3.889990091 -0.5521399975 3.55121994
1429 -4.785059929 -0.5521399975 3.645299911
1430 -3.885040045 -0.4127399921 3.598380089
1431 -4.780109882 -0.4127399921 3.692450047
1432 -3.881599903 -0.2729400098 3.631059885
1433 -4.776669979 -0.2729400098 3.725130081
1434 -3.879620075 -0.1347800046 3.64993
1435 -4.774690151 -0.1347800046 3.743999958
1436 -3.878979921 -0 3.655960083
1437 -4.774050236 -0 3.750040054
1438 -3.879620075 0.1347800046 3.64993
1439 -4.774690151 0.1347800046 3.743999958
1440 -3.881599903 0.2729400098 3.631059885
1441 -4.776669979 0.2729400098 3.725130081
1442 -3.885040045 0.4127399921 3.598380089
1443 -4.780109882 0.4127399921 3.692450047
1444 -3.889990091 0.5521399975 3.55121994
1445 -4.785059929 0.5521399975 3.645299911
1446 -3.896500111 0.6889399886 3.489300013
1447 -4.791570187 0.6889399886 3.583379984
1448 -3.904540062 0.82081002 3.41279006
1449 -4.799610138 0.82081002 3.506870031
1450 -3.914050102 0.9454500079 3.322329998
1451 -4.809120178 0.9454500079 3.416399956
1452 -3.924910069 1.060660005 3.219029903
1453 -4.819980145 1.060660005 3.3131001
1454 -3.936949968 1.164530039 3.104449987
1455 -4.832019806 1.164530039 3.198519945
1456 -3.949980021 1.255489945 2.980499983
1457 -4.845049858 1.255489945 3.074569941
1458 -3.963759899 1.332430005 2.849339962
1459 -4.858829975 1.332430005 2.943419933
1460 -3.978060007 1.394680023 2.713289976
1461 -4.873129845 1.394680023 2.807369947
1462 -3.992630005 1.442100048 2.574650049
1463 -4.887700081 1.442100048 2.668730021
1464 -4.007249832 1.47495997 2.435630083
1465 -4.902319908 1.47495997 2.529700041
1466 -4.021689892 1.493929982 2.298219919
1467 -4.916759968 1.493929982 2.392299891
1468 -0.9062299728 -2.153680086 1.861320019
1469 -0.7230200171 -2.16663003 2.020550013
1470 -1.089020014 -2.121320009 1.702209949
1471 -1.269840002 -2.069279909 1.544620037
1472 -1.447110057 -1.997380018 1.389909983
1473 -1.619500041 -1.905369997 1.239259958
1474 -1.785240054 -1.793230057 1.094259977
1475 -1.94235003 -1.661149979 0.9566299915
1476 -2.088929892 -1.509410024 0.8280900121
1477 -2.207669973 -1.359889984 0.7238399982
1478 -2.314909935 -1.196490049 0.6295999885
1479 -2.409199953 -1.020059943 0.5466300249
1480 -2.489160061 -0.8314899802 0.4761900008
1481 -2.553319931 -0.6320000291 0.419569999
1482 -2.599760056 -0.4257799983 0.3784799874
1483 -2.627899885 -0.2145400047 0.3534399867
1484 -2.637219906 -0 0.3449200094
1485 -1.571079969 -1.886039972 1.874690056
1486 -1.446040034 -1.897189975 2.02835989
1487 -1.697620034 -1.85739994 1.71954
1488 -1.824200034 -1.810610056 1.564659953
1489 -1.949280024 -1.74526 1.411919951
1490 -2.071409941 -1.661139965 1.263080001
1491 -2.188869953 -1.558429956 1.120219946
1492 -2.299890041 -1.43769002 0.9854500294
1493 -2.40279007 -1.29974997 0.8607800007
1494 -2.485440016 -1.16486001 0.7608199716
1495 -2.559329987 -1.018859982 0.6716200113
1496 -2.623490095 -0.8630800247 0.5943199992
1497 -2.67711997 -0.6989499927 0.5298399925
1498 -2.719589949 -0.5276799798 0.4789400101
1499 -2.749969959 -0.3528800011 0.4426600039
1500 -2.768219948 -0.1764000058 0.4210599959
1501 -2.774430037 -0 0.4140099883
1502 -2.241139889 -1.66929996 1.888190031
1503 -2.169059992 -1.679159999 2.036159992
1504 -2.314440012 -1.643519998 1.737169981
1505 -2.387969971 -1.600800037 1.585160017
1506 -2.46062994 -1.54053998 1.434460044
1507 -2.531270027 -1.46250999 1.287439942
1508 -2.598649979 -1.36706996 1.146720052
1509 -2.661580086 -1.255100012 1.01485002
1510 -2.718960047 -1.128039956 0.8941699862
1511 -2.764219999 -1.004860044 0.7986599803
1512 -2.803859949 -0.8730099797 0.7147099972
1513 -2.837490082 -0.7342299819 0.6432200074
1514 -2.864860058 -0.5903599858 0.5847899914
1515 -2.885950089 -0.4425199926 0.5395200253
1516 -2.900619984 -0.293689996 0.507790029
1517 -2.909080029 -0.1456400007 0.489199996
1518 -2.911649942 -0 0.483099997
1519 -2.907030106 -1.493160009 1.901720047
1520 -2.922359943 -1.471750021 1.755800009
1521 -2.937870026 -1.434610009 1.608309984
1522 -2.953279972 -1.38101995 1.461699963
1523 -2.968319893 -1.310709953 1.318549991
1524 -2.982700109 -1.224040031 1.181699991
1525 -2.996140003 -1.121989965 1.053859949
1526 -3.008369923 -1.006100059 0.9375200272
1527 -3.017980099 -0.8939700127 0.8460699916
1528 -3.026360035 -0.7743499875 0.7663400173
1529 -3.033430099 -0.6491100192 0.6991000175
1530 -3.039139986 -0.5201399922 0.644749999
1531 -3.043519974 -0.3885299861 0.6031000018
1532 -3.046550035 -0.2569000125 0.5742300153
1533 -3.048310041 -0.1269000024 0.5575399995
1534 -2.627899885 0.2145400047 0.3534399867
1535 -2.599760056 0.4257799983 0.3784799874
1536 -2.553319931 0.6320000291 0.419569999
1537 -2.489160061 0.8314899802 0.4761900008
1538 -2.409199953 1.020059943 0.5466300249
1539 -2.314909935 1.196490049 0.6295999885
1540 -2.207669973 1.359889984 0.7238399982
1541 -2.088929892 1.509410024 0.8280900121
1542 -1.94235003 1.661149979 0.9566299915
1543 -1.785240054 1.793230057 1.094259977
1544 -1.619500041 1.905369997 1.239259958
1545 -1.447110057 1.997380018 1.389909983
1546 -1.269840002 2.069279909 1.544620037
1547 -1.089020014 2.121320009 1.702209949
1548 -0.9062299728 2.153680086 1.861320019
1549 -0.7230200171 2.16663003 2.020550013
1550 -2.768219948 0.1764000058 0.4210599959
1551 -2.749969959 0.3528800011 0.4426600039
1552 -2.719589949 0.5276799798 0.4789400101
1553 -2.67711997 0.6989499927 0.5298399925
1554 -2.623490095 0.8630800247 0.5943199992
1555 -2.559329987 1.018859982 0.6716200113
1556 -2.485440016 1.16486001 0.7608199716
1557 -2.40279007 1.29974997 0.8607800007
1558 -2.299890041 1.43769002 0.9854500294
1559 -2.188869953 1.558429956 1.120219946
1560 -2.071409941 1.661139965 1.263080001
1561 -1.949280024 1.74526 1.411919951
1562 -1.824200034 1.810610056 1.564659953
1563 -1.697620034 1.85739994 1.71954
1564 -1.571079969 1.886039972 1.874690056
1565 -1.446040034 1.897189975 2.02835989
1566 -2.909080029 0.1456400007 0.489199996
1567 -2.900619984 0.293689996 0.507790029
1568 -2.885950089 0.4425199926 0.5395200253
1569 -2.864860058 0.5903599858 0.5847899914
1570 -2.837490082 0.7342299819 0.6432200074
1571 -2.803859949 0.8730099797 0.7147099972
1572 -2.764219999 1.004860044 0.7986599803
1573 -2.718960047 1.128039956 0.8941699862
1574 -2.661580086 1.255100012 1.01485002
1575 -2.598649979 1.36706996 1.146720052
1576 -2.531270027 1.46250999 1.287439942
1577 -2.46062994 1.54053998 1.434460044
1578 -2.387969971 1.600800037 1.585160017
1579 -2.314440012 1.643519998 1.737169981
1580 -2.241139889 1.66929996 1.888190031
1581 -2.169059992 1.679159999 2.036159992
1582 -3.048310041 0.1269000024 0.5575399995
1583 -3.046550035 0.2569000125 0.5742300153
1584 -3.043519974 0.3885299861 0.6031000018
1585 -3.039139986 0.5201399922 0.644749999
1586 -3.033430099 0.6491100192 0.6991000175
1587 -3.026360035 0.7743499875 0.7663400173
1588 -3.017980099 0.8939700127 0.8460699916
1589 -3.008369923 1.006100059 0.9375200272
1590 -2.996140003 1.121989965 1.053859949
1591 -2.982700109 1.224040031 1.181699991
1592 -2.968319893 1.310709953 1.318549991
1593 -2.953279972 1.38101995 1.461699963
1594 -2.937870026 1.434610009 1.608309984
1595 -2.922359943 1.471750021 1.755800009
1596 -2.907030106 1.493160009 1.901720047
1597 -0.1545999944 2.311389923 2.178760052
1598 -0.3615100086 2.3245399 2.016649961
1599 0.05164000019 2.277489901 2.340189934
1600 0.2556400001 2.222700119 2.499690056
1601 0.4558500051 2.146919966 2.65605998
1602 0.651030004 2.049860001 2.808279991
1603 0.8393499851 1.931429982 2.954940081
1604 1.018759966 1.791700006 3.094389915
1605 1.18719995 1.630749941 3.225009918
1606 1.324640036 1.471670032 3.331290007
1607 1.449810028 1.297260046 3.427750111
1608 1.561020017 1.108199954 3.513040066
1609 1.656569958 0.905189991 3.585839987
1610 1.734629989 0.6894800067 3.644649982
1611 1.792729974 0.4655900002 3.687560081
1612 1.830010056 0.2352100015 3.713880062
1613 1.845589995 -0 3.722919941
1614 -0.5425500274 2.153680086 2.179820061
1615 -0.3621399999 2.121320009 2.338939905
1616 -0.1833299994 2.069279909 2.49657011
1617 -0.007679999806 1.997380018 2.65128994
1618 0.1634899974 1.905369997 2.801949978
1619 0.3283900023 1.793230057 2.946959972
1620 0.4850899875 1.661149979 3.084589958
1621 0.631640017 1.509410024 3.213140011
1622 0.7507100105 1.359889984 3.317379951
1623 0.8585900068 1.196490049 3.411619902
1624 0.9538300037 1.020059943 3.494570017
1625 1.035040021 0.8314899802 3.565000057
1626 1.10078001 0.6320000291 3.621599913
1627 1.149099946 0.4257799983 3.662669897
1628 1.179409981 0.2145400047 3.68769002
1629 1.191179991 -0 3.696180105
1630 -0.9296900034 2.012660027 2.180900097
1631 -1.084529996 2.024699926 2.024450064
1632 -0.7742699981 1.982229948 2.337970018
1633 -0.6198199987 1.932970047 2.494110107
1634 -0.4679299891 1.864599943 2.647710085
1635 -0.3200500011 1.776880026 2.797310114
1636 -0.1779599935 1.66989994 2.941129923
1637 -0.04355999827 1.544020057 3.077250004
1638 0.08134000003 1.399780035 3.203840017
1639 0.1820199937 1.258129954 3.305979967
1640 0.2723999918 1.104009986 3.397779942
1641 0.3512699902 0.9384899735 3.478029966
1642 0.4175400138 0.7627300024 3.545619965
1643 0.4701699913 0.5779399872 3.599509954
1644 0.5077599883 0.3880299926 3.638299942
1645 0.5300199986 0.1948000044 3.661659956
1646 0.5367699862 -0 3.669440031
1647 -1.31803 1.886039972 2.181989908
1648 -1.188860059 1.85739994 2.337120056
1649 -1.06001997 1.810610056 2.491970062
1650 -0.933070004 1.74526 2.644690037
1651 -0.8095099926 1.661139965 2.793519974
1652 -0.6910899878 1.558429956 2.936369896
1653 -0.5795699954 1.43769002 3.071130037
1654 -0.4766499996 1.29974997 3.195800066
1655 -0.3943699896 1.16486001 3.295759916
1656 -0.3212400079 1.018859982 3.38496995
1657 -0.2581799924 0.8630800247 3.462290049
1658 -0.2060099989 0.6989499927 3.52677989
1659 -0.1653400064 0.5276799798 3.5776999
1660 -0.1370600015 0.3528800011 3.614000082
1661 -0.1212000027 0.1764000058 3.635620117
1662 -0.1176400036 -0 3.642699957
1663 -1.708269954 1.772060037 2.183089972
1664 -1.807549953 1.78252995 2.032259941
1665 -1.607499957 1.744910002 2.336250067
1666 -1.506489992 1.700219989 2.489799976
1667 -1.406659961 1.637480021 2.641649961
1668 -1.309380054 1.556460023 2.789710045
1669 -1.216230035 1.457460046 2.931610107
1670 -1.128730059 1.341210008 3.065010071
1671 -1.048349977 1.20886004 3.18772006
1672 -0.9844400287 1.080019951 3.285459995
1673 -0.9279800057 0.9413599968 3.371989965
1674 -0.8796300292 0.7944599986 3.446320057
1675 -0.8399099708 0.6409699917 3.507659912
1676 -0.8090800047 0.4820899963 3.555619955
1677 -0.7876099944 0.3210900128 3.589479923
1678 -0.7753700018 0.1598200053 3.609460115
1679 -0.7720500231 -0 3.615969896
1680 -2.09980011 1.66929996 2.184170008
1681 -2.029050112 1.643519998 2.335220098
1682 -1.95776999 1.600800037 2.48725009
1683 -1.886999965 1.54053998 2.637969971
1684 -1.817819953 1.46250999 2.785000086
1685 -1.751449943 1.36706996 2.92572999
1686 -1.689039946 1.255100012 3.057610035
1687 -1.631680012 1.128039956 3.17828989
1688 -1.586030006 1.004860044 3.273799896
1689 -1.545600057 0.8730099797 3.357739925
1690 -1.510830045 0.7342299819 3.429209948
1691 -1.481979966 0.5903599858 3.48762989
1692 -1.459079981 0.4425199926 3.532880068
1693 -1.442319989 0.293689996 3.564589977
1694 -1.431550026 0.1456400007 3.58314991
1695 -1.426460028 -0 3.589230061
1696 -2.490560055 1.57664001 2.185230017
1697 -2.53057003 1.585510015 2.040070057
1698 -2.44949007 1.552549958 2.333889961
1699 -2.407890081 1.512150049 2.483959913
1700 -2.366379976 1.454730034 2.633009911
1701 -2.325619936 1.380059958 2.77850008
1702 -2.286329985 1.288540006 2.91760993
1703 -2.249200106 1.18114996 3.047679901
1704 -2.214869976 1.059460044 3.166229963
1705 -2.187299967 0.9418100119 3.259599924
1706 -2.162630081 0.8163099885 3.341200113
1707 -2.141060114 0.6848199964 3.410219908
1708 -2.12270999 0.5492600203 3.466209888
1709 -2.107520103 0.4106999934 3.50928998
1710 -2.095570087 0.2718600035 3.539279938
1711 -2.086740017 0.1344600022 3.556750059
1712 -2.080869913 -0 3.562489986
1713 -2.877130032 1.493160009 2.186219931
1714 -2.861789942 1.471750021 2.332139969
1715 -2.846290112 1.434610009 2.47961998
1716 -2.830879927 1.38101995 2.626240015
1717 -2.815829992 1.310709953 2.769390106
1718 -2.801450014 1.224040031 2.906239986
1719 -2.788009882 1.121989965 3.034080029
1720 -2.775779963 1.006100059 3.15041995
1721 -2.766170025 0.8939700127 3.241869926
1722 -2.757790089 0.7743499875 3.32159996
1723 -2.750730038 0.6491100192 3.38883996
1724 -2.745009899 0.5201399922 3.443190098
1725 -2.740629911 0.3885299861 3.484839916
1726 -2.737600088 0.2569000125 3.513710022
1727 -2.735850096 0.1269000024 3.530400038
1728 1.830010056 -0.2352100015 3.713880062
1729 1.792729974 -0.4655900002 3.687560081
1730 1.734629989 -0.6894800067 3.644649982
1731 1.656569958 -0.905189991 3.585839987
1732 1.561020017 -1.108199954 3.513040066
1733 1.449810028 -1.297260046 3.427750111
1734 1.324640036 -1.471670032 3.331290007
1735 1.18719995 -1.630749941 3.225009918
1736 1.018759966 -1.791700006 3.094389915
1737 0.8393499851 -1.931429982 2.954940081
1738 0.651030004 -2.049860001 2.808279991
1739 0.4558500051 -2.146919966 2.65605998
1740 0.2556400001 -2.222700119 2.499690056
1741 0.05164000019 -2.277489901 2.340189934
1742 -0.1545999944 -2.311389923 2.178760052
1743 -0.3615100086 -2.3245399 2.016649961
1744 1.179409981 -0.2145400047 3.68769002
1745 1.149099946 -0.4257799983 3.662669897
1746 1.10078001 -0.6320000291 3.621599913
1747 1.035040021 -0.8314899802 3.565000057
1748 0.9538300037 -1.020059943 3.494570017
1749 0.8585900068 -1.196490049 3.411619902
1750 0.7507100105 -1.359889984 3.317379951
1751 0.631640017 -1.509410024 3.213140011
1752 0.4850899875 -1.661149979 3.084589958
1753 0.3283900023 -1.793230057 2.946959972
1754 0.1634899974 -1.905369997 2.801949978
1755 -0.007679999806 -1.997380018 2.65128994
1756 -0.1833299994 -2.069279909 2.49657011
1757 -0.3621399999 -2.121320009 2.338939905
1758 -0.5425500274 -2.153680086 2.179820061
1759 0.5300199986 -0.1948000044 3.661659956
1760 0.5077599883 -0.3880299926 3.638299942
1761 0.4701699913 -0.5779399872 3.599509954
1762 0.4175400138 -0.7627300024 3.545619965
1763 0.3512699902 -0.9384899735 3.478029966
1764 0.2723999918 -1.104009986 3.397779942
1765 0.1820199937 -1.258129954 3.305979967
1766 0.08134000003 -1.399780035 3.203840017
1767 -0.04355999827 -1.544020057 3.077250004
1768 -0.1779599935 -1.66989994 2.941129923
1769 -0.3200500011 -1.776880026 2.797310114
1770 -0.4679299891 -1.864599943 2.647710085
1771 -0.6198199987 -1.932970047 2.494110107
1772 -0.7742699981 -1.982229948 2.337970018
1773 -0.9296900034 -2.012660027 2.180900097
1774 -1.084529996 -2.024699926 2.024450064
1775 -0.1212000027 -0.1764000058 3.635620117
1776 -0.1370600015 -0.3528800011 3.614000082
1777 -0.1653400064 -0.5276799798 3.5776999
1778 -0.2060099989 -0.6989499927 3.52677989
1779 -0.2581799924 -0.8630800247 3.462290049
1780 -0.3212400079 -1.018859982 3.38496995
1781 -0.3943699896 -1.16486001 3.295759916
1782 -0.4766499996 -1.29974997 3.195800066
1783 -0.5795699954 -1.43769002 3.071130037
1784 -0.6910899878 -1.558429956 2.936369896
1785 -0.8095099926 -1.661139965 2.793519974
1786 -0.933070004 -1.74526 2.644690037
1787 -1.06001997 -1.810610056 2.491970062
1788 -1.188860059 -1.85739994 2.337120056
1789 -1.31803 -1.886039972 2.181989908
1790 -0.7753700018 -0.1598200053 3.609460115
1791 -0.7876099944 -0.3210900128 3.589479923
1792 -0.8090800047 -0.4820899963 3.555619955
1793 -0.8399099708 -0.6409699917 3.507659912
1794 -0.8796300292 -0.7944599986 3.446320057
1795 -0.9279800057 -0.9413599968 3.371989965
1796 -0.9844400287 -1.080019951 3.285459995
1797 -1.048349977 -1.20886004 3.18772006
1798 -1.128730059 -1.341210008 3.065010071
1799 -1.216230035 -1.457460046 2.931610107
1800 -1.309380054 -1.556460023 2.789710045
1801 -1.406659961 -1.637480021 2.641649961
1802 -1.506489992 -1.700219989 2.489799976
1803 -1.607499957 -1.744910002 2.336250067
1804 -1.708269954 -1.772060037 2.183089972
1805 -1.807549953 -1.78252995 2.032259941
1806 -1.431550026 -0.1456400007 3.58314991
1807 -1.442319989 -0.293689996 3.564589977
1808 -1.459079981 -0.4425199926 3.532880068
1809 -1.481979966 -0.5903599858 3.48762989
1810 -1.510830045 -0.7342299819 3.429209948
1811 -1.545600057 -0.8730099797 3.357739925
1812 -1.586030006 -1.004860044 3.273799896
1813 -1.631680012 -1.128039956 3.17828989
1814 -1.689039946 -1.255100012 3.057610035
1815 -1.751449943 -1.36706996 2.92572999
1816 -1.817819953 -1.46250999 2.785000086
1817 -1.886999965 -1.54053998 2.637969971
1818 -1.95776999 -1.600800037 2.48725009
1819 -2.029050112 -1.643519998 2.335220098
1820 -2.09980011 -1.66929996 2.184170008
1821 -2.086740017 -0.1344600022 3.556750059
1822 -2.095570087 -0.2718600035 3.539279938
1823 -2.107520103 -0.4106999934 3.50928998
1824 -2.12270999 -0.5492600203 3.466209888
1825 -2.141060114 -0.6848199964 3.410219908
1826 -2.162630081 -0.8163099885 3.341200113
1827 -2.187299967 -0.9418100119 3.259599924
1828 -2.214869976 -1.059460044 3.166229963
1829 -2.249200106 -1.18114996 3.047679901
1830 -2.286329985 -1.288540006 2.91760993
1831 -2.325619936 -1.380059958 2.77850008
1832 -2.366379976 -1.454730034 2.633009911
1833 -2.407890081 -1.512150049 2.483959913
1834 -2.44949007 -1.552549958 2.333889961
1835 -2.490560055 -1.57664001 2.185230017
1836 -2.53057003 -1.585510015 2.040070057
1837 -2.735850096 -0.1269000024 3.530400038
1838 -2.737600088 -0.2569000125 3.513710022
1839 -2.740629911 -0.3885299861 3.484839916
1840 -2.745009899 -0.5201399922 3.443190098
1841 -2.750730038 -0.6491100192 3.38883996
1842 -2.757790089 -0.7743499875 3.32159996
1843 -2.766170025 -0.8939700127 3.241869926
1844 -2.775779963 -1.006100059 3.15041995
1845 -2.788009882 -1.121989965 3.034080029
1846 -2.801450014 -1.224040031 2.906239986
1847 -2.815829992 -1.310709953 2.769390106
1848 -2.830879927 -1.38101995 2.626240015
1849 -2.846290112 -1.434610009 2.47961998
1850 -2.861789942 -1.471750021 2.332139969
1851 -2.877130032 -1.493160009 2.186219931
$EndNodes
$Elements
3980
1 2 2 1 1 1 2 3
2 2 2 1 1 1 3 3
3 2 2 1 1 4 3 2
4 2 2 1 1 4 2 5
5 2 2 1 1 6 4 5
6 2 2 1 1 6 5 7
7 2 2 1 1 8 6 7
8 2 2 1 1 8 7 9
9 2 2 1 1 10 8 9
10 2 2 1 1 10 9 11
11 2 2 1 1 12 10 11
12 2 2 1 1 12 11 13
13 2 2 1 1 14 12 13
14 2 2 1 1 14 13 15
15 2 2 1 1 16 17 12
16 2 2 1 1 16 12 14
17 2 2 1 1 18 14 15
18 2 2 1 1 18 15 19
19 2 2 1 1 20 16 14
20 2 2 1 1 20 14 18
21 2 2 1 1 21 18 19
22 2 2 1 1 21 19 22
23 2 2 1 1 23 20 18
24 2 2 1 1 23 18 21
25 2 2 1 1 24 21 22
26 2 2 1 1 24 22 25
27 2 2 1 1 26 23 21
28 2 2 1 1 26 21 24
29 2 2 1 1 27 24 25
30 2 2 1 1 27 25 28
31 2 2 1 1 29 26 24
32 2 2 1 1 29 24 27
33 2 2 1 1 30 27 28
34 2 2 1 1 30 28 31
35 2 2 1 1 32 29 27
36 2 2 1 1 32 27 30
37 2 2 1 1 33 30 31
38 2 2 1 1 33 31 34
39 2 2 1 1 35 32 30
40 2 2 1 1 35 30 33
41 2 2 1 1 32 35 36
42 2 2 1 1 32 36 36
43 2 2 1 1 37 33 34
44 2 2 1 1 37 34 38
45 2 2 1 1 39 35 33
46 2 2 1 1 39 33 37
47 2 2 1 1 40 36 35
48 2 2 1 1 40 35 39
49 2 2 1 1 41 37 38
50 2 2 1 1 41 38 42
51 2 2 1 1 43 39 37
52 2 2 1 1 43 37 41
53 2 2 1 1 44 40 39
54 2 2 1 1 44 39 43
55 2 2 1 1 45 41 42
56 2 2 1 1 45 42 46
57 2 2 1 1 47 43 41
58 2 2 1 1 47 41 45
59 2 2 1 1 48 44 43
60 2 2 1 1 48 43 47
61 2 2 1 1 49 45 46
62 2 2 1 1 49 46 50
63 2 2 1 1 51 47 45
64 2 2 1 1 51 45 49
65 2 2 1 1 52 48 47
66 2 2 1 1 52 47 51
67 2 2 1 1 53 49 50
68 2 2 1 1 53 50 54
69 2 2 1 1 55 51 49
70 2 2 1 1 55 49 53
71 2 2 1 1 56 52 51
72 2 2 1 1 56 51 55
73 2 2 1 1 57 53 54
74 2 2 1 1 57 54 58
75 2 2 1 1 59 55 53
76 2 2 1 1 59 53 57
77 2 2 1 1 60 56 55
78 2 2 1 1 60 55 59
79 2 2 1 1 61 57 58
80 2 2 1 1 61 58 62
81 2 2 1 1 63 59 57
82 2 2 1 1 63 57 61
83 2 2 1 1 64 60 59
84 2 2 1 1 64 59 63
85 2 2 1 1 65 61 62
86 2 2 1 1 65 62 66
87 2 2 1 1 67 63 61
88 2 2 1 1 67 61 65
89 2 2 1 1 68 64 63
90 2 2 1 1 68 63 67
91 2 2 1 1 69 65 66
92 2 2 1 1 69 66 70
93 2 2 1 1 71 67 65
94 2 2 1 1 71 65 69
95 2 2 1 1 72 68 67
96 2 2 1 1 72 67 71
97 2 2 1 1 73 69 70
98 2 2 1 1 73 70 74
99 2 2 1 1 75 71 69
100 2 2 1 1 75 69 73
101 2 2 1 1 76 72 71
102 2 2 1 1 76 71 75
103 2 2 1 1 77 73 74
104 2 2 1 1 77 74 78
105 2 2 1 1 79 75 73
106 2 2 1 1 79 73 77
107 2 2 1 1 80 76 75
108 2 2 1 1 80 75 79
109 2 2 1 1 81 77 78
110 2 2 1 1 81 78 82
111 2 2 1 1 83 79 77
112 2 2 1 1 83 77 81
113 2 2 1 1 84 80 79
114 2 2 1 1 84 79 83
115 2 2 1 1 85 81 82
116 2 2 1 1 85 82 86
117 2 2 1 1 87 83 81
118 2 2 1 1 87 81 85
119 2 2 1 1 88 84 83
120 2 2 1 1 88 83 87
121 2 2 1 1 89 85 86
122 2 2 1 1 89 86 90
123 2 2 1 1 91 87 85
124 2 2 1 1 91 85 89
125 2 2 1 1 92 88 87
126 2 2 1 1 92 87 91
127 2 2 1 1 93 89 90
128 2 2 1 1 93 90 94
129 2 2 1 1 95 91 89
130 2 2 1 1 95 89 93
131 2 2 1 1 96 92 91
132 2 2 1 1 96 91 95
133 2 2 1 1 97 93 94
134 2 2 1 1 97 94 98
135 2 2 1 1 99 95 93
136 2 2 1 1 99 93 97
137 2 2 1 1 100 96 95
138 2 2 1 1 100 95 99
139 2 2 1 1 101 97 98
140 2 2 1 1 101 98 102
141 2 2 1 1 103 99 97
142 2 2 1 1 103 97 101
143 2 2 1 1 104 100 99
144 2 2 1 1 104 99 103
145 2 2 1 1 105 101 102
146 2 2 1 1 105 102 106
147 2 2 1 1 107 103 101
148 2 2 1 1 107 101 105
149 2 2 1 1 108 104 103
150 2 2 1 1 108 103 107
151 2 2 1 1 109 105 106
152 2 2 1 1 109 106 110
153 2 2 1 1 111 107 105
154 2 2 1 1 111 105 109
155 2 2 1 1 108 107 111
156 2 2 1 1 108 111 111
157 2 2 1 1 112 109 110
158 2 2 1 1 112 110 113
159 2 2 1 1 114 111 109
160 2 2 1 1 114 109 112
161 2 2 1 1 115 112 113
162 2 2 1 1 115 113 116
163 2 2 1 1 117 114 112
164 2 2 1 1 117 112 115
165 2 2 1 1 118 115 116
166 2 2 1 1 118 116 119
167 2 2 1 1 120 117 115
168 2 2 1 1 120 115 118
169 2 2 1 1 121 118 119
170 2 2 1 1 121 119 122
171 2 2 1 1 123 120 118
172 2 2 1 1 123 118 121
173 2 2 1 1 124 121 122
174 2 2 1 1 124 122 125
175 2 2 1 1 126 123 121
176 2 2 1 1 126 121 124
177 2 2 1 1 127 124 125
178 2 2 1 1 127 125 128
179 2 2 1 1 129 126 124
180 2 2 1 1 129 124 127
181 2 2 1 1 130 127 128
182 2 2 1 1 130 128 131
183 2 2 1 1 132 130 131
184 2 2 1 1 132 131 133
185 2 2 1 1 134 132 133
186 2 2 1 1 134 133 135
187 2 2 1 1 136 134 135
188 2 2 1 1 136 135 137
189 2 2 1 1 138 136 137
190 2 2 1 1 138 137 139
191 2 2 1 1 138 139 140
192 2 2 1 1 138 140 140
193 2 2 1 1 141 142 143
194 2 2 1 1 141 143 143
195 2 2 1 1 144 145 146
196 2 2 1 1 144 146 146
197 2 2 1 1 147 143 145
198 2 2 1 1 147 145 145
199 2 2 1 1 148 149 150
200 2 2 1 1 148 150 150
201 2 2 1 1 151 152 153
202 2 2 1 1 151 153 153
203 2 2 1 1 154 150 152
204 2 2 1 1 154 152 152
205 2 2 1 1 155 146 149
206 2 2 1 1 155 149 149
207 2 2 1 1 143 147 141
208 2 2 1 1 143 141 141
209 2 2 1 1 146 155 144
210 2 2 1 1 146 144 144
211 2 2 1 1 144 147 145
212 2 2 1 1 144 145 145
213 2 2 1 1 150 154 148
214 2 2 1 1 150 148 148
215 2 2 1 1 153 156 151
216 2 2 1 1 153 151 151
217 2 2 1 1 151 154 152
218 2 2 1 1 151 152 152
219 2 2 1 1 148 155 149
220 2 2 1 1 148 149 149
221 2 2 1 1 156 153 157
222 2 2 1 1 156 157 157
223 2 2 1 1 158 157 159
224 2 2 1 1 158 159 159
225 2 2 1 1 159 160 158
226 2 2 1 1 159 158 158
227 2 2 1 1 160 159 1
228 2 2 1 1 160 1 1
229 2 2 1 1 156 157 158
230 2 2 1 1 156 158 158
231 2 2 1 1 161 160 1
232 2 2 1 1 161 1 1
233 2 2 1 1 162 4 6
234 2 2 1 1 162 6 6
235 2 2 1 1 163 3 4
236 2 2 1 1 163 4 4
237 2 2 1 1 3 161 1
238 2 2 1 1 3 1 1
239 2 2 1 1 164 161 3
240 2 2 1 1 164 3 3
241 2 2 1 1 162 163 4
242 2 2 1 1 162 4 4
243 2 2 1 1 164 3 163
244 2 2 1 1 164 163 163
245 2 2 1 1 165 8 10
246 2 2 1 1 165 10 10
247 2 2 1 1 165 10 166
248 2 2 1 1 165 166 166
249 2 2 1 1 10 17 166
250 2 2 1 1 10 166 166
251 2 2 1 1 12 17 10
252 2 2 1 1 12 10 10
253 2 2 1 1 6 165 162
254 2 2 1 1 6 162 162
255 2 2 1 1 165 6 8
256 2 2 1 1 165 8 8
257 2 2 1 1 167 17 16
258 2 2 1 1 167 16 16
259 2 2 1 1 16 20 168
260 2 2 1 1 16 168 168
261 2 2 1 1 167 16 168
262 2 2 1 1 167 168 168
263 2 2 1 1 166 17 167
264 2 2 1 1 166 167 167
265 2 2 1 1 23 169 20
266 2 2 1 1 23 20 20
267 2 2 1 1 29 170 26
268 2 2 1 1 29 26 26
269 2 2 1 1 26 171 23
270 2 2 1 1 26 23 23
271 2 2 1 1 32 172 29
272 2 2 1 1 32 29 29
273 2 2 1 1 169 168 20
274 2 2 1 1 169 20 20
275 2 2 1 1 26 170 171
276 2 2 1 1 26 171 171
277 2 2 1 1 171 169 23
278 2 2 1 1 171 23 23
279 2 2 1 1 172 32 173
280 2 2 1 1 172 173 173
281 2 2 1 1 29 172 170
282 2 2 1 1 29 170 170
283 2 2 1 1 36 174 173
284 2 2 1 1 36 173 173
285 2 2 1 1 174 36 40
286 2 2 1 1 174 40 40
287 2 2 1 1 32 36 173
288 2 2 1 1 32 173 173
289 2 2 1 1 175 40 44
290 2 2 1 1 175 44 44
291 2 2 1 1 176 48 52
292 2 2 1 1 176 52 52
293 2 2 1 1 177 44 48
294 2 2 1 1 177 48 48
295 2 2 1 1 178 56 60
296 2 2 1 1 178 60 60
297 2 2 1 1 179 64 68
298 2 2 1 1 179 68 68
299 2 2 1 1 180 60 64
300 2 2 1 1 180 64 64
301 2 2 1 1 181 52 56
302 2 2 1 1 181 56 56
303 2 2 1 1 44 177 175
304 2 2 1 1 44 175 175
305 2 2 1 1 48 176 177
306 2 2 1 1 48 177 177
307 2 2 1 1 175 182 40
308 2 2 1 1 175 40 40
309 2 2 1 1 181 176 52
310 2 2 1 1 181 52 52
311 2 2 1 1 178 181 56
312 2 2 1 1 178 56 56
313 2 2 1 1 180 178 60
314 2 2 1 1 180 60 60
315 2 2 1 1 179 180 64
316 2 2 1 1 179 64 64
317 2 2 1 1 68 183 179
318 2 2 1 1 68 179 179
319 2 2 1 1 183 68 72
320 2 2 1 1 183 72 72
321 2 2 1 1 174 40 182
322 2 2 1 1 174 182 182
323 2 2 1 1 130 129 127
324 2 2 1 1 130 127 127
325 2 2 1 1 184 132 134
326 2 2 1 1 184 134 134
327 2 2 1 1 184 130 132
328 2 2 1 1 184 132 132
329 2 2 1 1 185 140 186
330 2 2 1 1 185 186 186
331 2 2 1 1 187 188 186
332 2 2 1 1 187 186 186
333 2 2 1 1 185 186 188
334 2 2 1 1 185 188 188
335 2 2 1 1 185 189 140
336 2 2 1 1 185 140 140
337 2 2 1 1 190 191 136
338 2 2 1 1 190 136 136
339 2 2 1 1 134 191 184
340 2 2 1 1 134 184 184
341 2 2 1 1 184 192 130
342 2 2 1 1 184 130 130
343 2 2 1 1 191 134 136
344 2 2 1 1 191 136 136
345 2 2 1 1 193 138 189
346 2 2 1 1 193 189 189
347 2 2 1 1 140 189 138
348 2 2 1 1 140 138 138
349 2 2 1 1 138 193 190
350 2 2 1 1 138 190 190
351 2 2 1 1 136 138 190
352 2 2 1 1 136 190 190
353 2 2 1 1 192 129 130
354 2 2 1 1 192 130 130
355 2 2 1 1 194 195 196
356 2 2 1 1 194 196 196
357 2 2 1 1 197 198 199
358 2 2 1 1 197 199 199
359 2 2 1 1 200 196 198
360 2 2 1 1 200 198 198
361 2 2 1 1 201 202 203
362 2 2 1 1 201 203 203
363 2 2 1 1 141 204 142
364 2 2 1 1 141 142 142
365 2 2 1 1 205 203 204
366 2 2 1 1 205 204 204
367 2 2 1 1 206 199 202
368 2 2 1 1 206 202 202
369 2 2 1 1 196 200 194
370 2 2 1 1 196 194 194
371 2 2 1 1 207 188 187
372 2 2 1 1 207 187 187
373 2 2 1 1 195 194 207
374 2 2 1 1 195 207 207
375 2 2 1 1 204 141 205
376 2 2 1 1 204 205 205
377 2 2 1 1 199 206 197
378 2 2 1 1 199 197 197
379 2 2 1 1 202 201 206
380 2 2 1 1 202 206 206
381 2 2 1 1 203 205 201
382 2 2 1 1 203 201 201
383 2 2 1 1 197 200 198
384 2 2 1 1 197 198 198
385 2 2 1 1 195 207 187
386 2 2 1 1 195 187 187
387 2 2 1 1 183 76 208
388 2 2 1 1 183 208 208
389 2 2 1 1 209 80 84
390 2 2 1 1 209 84 84
391 2 2 1 1 208 76 80
392 2 2 1 1 208 80 80
393 2 2 1 1 210 88 92
394 2 2 1 1 210 92 92
395 2 2 1 1 211 96 100
396 2 2 1 1 211 100 100
397 2 2 1 1 212 92 96
398 2 2 1 1 212 96 96
399 2 2 1 1 213 84 88
400 2 2 1 1 213 88 88
401 2 2 1 1 88 210 213
402 2 2 1 1 88 213 213
403 2 2 1 1 84 213 209
404 2 2 1 1 84 209 209
405 2 2 1 1 80 209 208
406 2 2 1 1 80 208 208
407 2 2 1 1 214 215 104
408 2 2 1 1 214 104 104
409 2 2 1 1 100 215 211
410 2 2 1 1 100 211 211
411 2 2 1 1 211 212 96
412 2 2 1 1 211 96 96
413 2 2 1 1 92 212 210
414 2 2 1 1 92 210 210
415 2 2 1 1 104 215 100
416 2 2 1 1 104 100 100
417 2 2 1 1 72 76 183
418 2 2 1 1 72 183 183
419 2 2 1 1 114 216 111
420 2 2 1 1 114 111 111
421 2 2 1 1 120 217 117
422 2 2 1 1 120 117 117
423 2 2 1 1 117 218 114
424 2 2 1 1 117 114 114
425 2 2 1 1 126 219 123
426 2 2 1 1 126 123 123
427 2 2 1 1 126 129 220
428 2 2 1 1 126 220 220
429 2 2 1 1 192 220 129
430 2 2 1 1 192 129 129
431 2 2 1 1 221 120 123
432 2 2 1 1 221 123 123
433 2 2 1 1 126 220 219
434 2 2 1 1 126 219 219
435 2 2 1 1 222 108 223
436 2 2 1 1 222 223 223
437 2 2 1 1 223 108 111
438 2 2 1 1 223 111 111
439 2 2 1 1 222 214 104
440 2 2 1 1 222 104 104
441 2 2 1 1 222 104 108
442 2 2 1 1 222 108 108
443 2 2 1 1 221 217 120
444 2 2 1 1 221 120 120
445 2 2 1 1 111 216 223
446 2 2 1 1 111 223 223
447 2 2 1 1 114 218 216
448 2 2 1 1 114 216 216
449 2 2 1 1 218 117 217
450 2 2 1 1 218 217 217
451 2 2 1 1 221 123 219
452 2 2 1 1 221 219 219
453 2 2 1 1 224 225 226
454 2 2 1 1 224 226 227
455 2 2 1 1 228 224 227
456 2 2 1 1 228 227 229
457 2 2 1 1 230 228 229
458 2 2 1 1 230 229 231
459 2 2 1 1 232 233 225
460 2 2 1 1 232 225 224
461 2 2 1 1 234 232 224
462 2 2 1 1 234 224 228
463 2 2 1 1 235 234 228
464 2 2 1 1 235 228 230
465 2 2 1 1 236 237 233
466 2 2 1 1 236 233 232
467 2 2 1 1 238 236 232
468 2 2 1 1 238 232 234
469 2 2 1 1 239 238 234
470 2 2 1 1 239 234 235
471 2 2 1 1 98 94 226
472 2 2 1 1 98 226 226
473 2 2 1 1 102 98 226
474 2 2 1 1 102 226 226
475 2 2 1 1 94 90 227
476 2 2 1 1 94 227 227
477 2 2 1 1 78 74 227
478 2 2 1 1 78 227 227
479 2 2 1 1 86 82 227
480 2 2 1 1 86 227 227
481 2 2 1 1 78 227 82
482 2 2 1 1 78 82 82
483 2 2 1 1 227 90 86
484 2 2 1 1 227 86 86
485 2 2 1 1 106 102 226
486 2 2 1 1 106 226 226
487 2 2 1 1 119 116 225
488 2 2 1 1 119 225 225
489 2 2 1 1 125 122 225
490 2 2 1 1 125 225 225
491 2 2 1 1 225 122 119
492 2 2 1 1 225 119 119
493 2 2 1 1 225 128 125
494 2 2 1 1 225 125 125
495 2 2 1 1 94 227 226
496 2 2 1 1 94 226 226
497 2 2 1 1 225 113 110
498 2 2 1 1 225 110 110
499 2 2 1 1 116 113 225
500 2 2 1 1 116 225 225
501 2 2 1 1 226 225 110
502 2 2 1 1 226 110 110
503 2 2 1 1 110 106 226
504 2 2 1 1 110 226 226
505 2 2 1 1 70 227 74
506 2 2 1 1 70 74 74
507 2 2 1 1 229 66 62
508 2 2 1 1 229 62 62
509 2 2 1 1 58 54 229
510 2 2 1 1 58 229 229
511 2 2 1 1 229 62 58
512 2 2 1 1 229 58 58
513 2 2 1 1 229 50 46
514 2 2 1 1 229 46 46
515 2 2 1 1 229 54 50
516 2 2 1 1 229 50 50
517 2 2 1 1 42 231 46
518 2 2 1 1 42 46 46
519 2 2 1 1 38 231 42
520 2 2 1 1 38 42 42
521 2 2 1 1 66 229 70
522 2 2 1 1 66 70 70
523 2 2 1 1 34 231 38
524 2 2 1 1 34 38 38
525 2 2 1 1 229 46 231
526 2 2 1 1 229 231 231
527 2 2 1 1 31 230 231
528 2 2 1 1 31 231 231
529 2 2 1 1 28 230 31
530 2 2 1 1 28 31 31
531 2 2 1 1 34 31 231
532 2 2 1 1 34 231 231
533 2 2 1 1 25 230 28
534 2 2 1 1 25 28 28
535 2 2 1 1 230 25 22
536 2 2 1 1 230 22 22
537 2 2 1 1 22 19 230
538 2 2 1 1 22 230 230
539 2 2 1 1 19 15 230
540 2 2 1 1 19 230 230
541 2 2 1 1 13 230 15
542 2 2 1 1 13 15 15
543 2 2 1 1 229 227 70
544 2 2 1 1 229 70 70
545 2 2 1 1 128 225 233
546 2 2 1 1 128 233 233
547 2 2 1 1 133 131 233
548 2 2 1 1 133 233 233
549 2 2 1 1 233 135 133
550 2 2 1 1 233 133 133
551 2 2 1 1 135 233 137
552 2 2 1 1 135 137 137
553 2 2 1 1 140 139 233
554 2 2 1 1 140 233 233
555 2 2 1 1 137 233 139
556 2 2 1 1 137 139 139
557 2 2 1 1 186 140 237
558 2 2 1 1 186 237 237
559 2 2 1 1 196 237 236
560 2 2 1 1 196 236 236
561 2 2 1 1 140 233 237
562 2 2 1 1 140 237 237
563 2 2 1 1 187 237 195
564 2 2 1 1 187 195 195
565 2 2 1 1 196 236 198
566 2 2 1 1 196 198 198
567 2 2 1 1 196 195 237
568 2 2 1 1 196 237 237
569 2 2 1 1 199 198 236
570 2 2 1 1 199 236 236
571 2 2 1 1 203 202 236
572 2 2 1 1 203 236 236
573 2 2 1 1 236 142 204
574 2 2 1 1 236 204 204
575 2 2 1 1 236 204 203
576 2 2 1 1 236 203 203
577 2 2 1 1 202 199 236
578 2 2 1 1 202 236 236
579 2 2 1 1 186 237 187
580 2 2 1 1 186 187 187
581 2 2 1 1 238 142 236
582 2 2 1 1 238 236 236
583 2 2 1 1 5 2 235
584 2 2 1 1 5 235 235
585 2 2 1 1 1 235 2
586 2 2 1 1 1 2 2
587 2 2 1 1 1 239 235
588 2 2 1 1 1 235 235
589 2 2 1 1 11 235 13
590 2 2 1 1 11 13 13
591 2 2 1 1 9 7 235
592 2 2 1 1 9 235 235
593 2 2 1 1 9 235 11
594 2 2 1 1 9 11 11
595 2 2 1 1 235 7 5
596 2 2 1 1 235 5 5
597 2 2 1 1 235 230 13
598 2 2 1 1 235 13 13
599 2 2 1 1 238 150 149
600 2 2 1 1 238 149 149
601 2 2 1 1 149 146 238
602 2 2 1 1 149 238 238
603 2 2 1 1 145 238 146
604 2 2 1 1 145 146 146
605 2 2 1 1 238 152 150
606 2 2 1 1 238 150 150
607 2 2 1 1 1 159 239
608 2 2 1 1 1 239 239
609 2 2 1 1 157 239 159
610 2 2 1 1 157 159 159
611 2 2 1 1 157 153 239
612 2 2 1 1 157 239 239
613 2 2 1 1 152 239 153
614 2 2 1 1 152 153 153
615 2 2 1 1 239 152 238
616 2 2 1 1 239 238 238
617 2 2 1 1 143 238 145
618 2 2 1 1 143 145 145
619 2 2 1 1 143 142 238
620 2 2 1 1 143 238 238
621 2 2 1 1 131 128 233
622 2 2 1 1 131 233 233
623 2 2 1 1 240 241 242
624 2 2 1 1 240 242 243
625 2 2 1 1 244 240 243
626 2 2 1 1 244 243 245
627 2 2 1 1 246 244 245
628 2 2 1 1 246 245 247
629 2 2 1 1 248 246 247
630 2 2 1 1 248 247 249
631 2 2 1 1 250 248 249
632 2 2 1 1 250 249 251
633 2 2 1 1 252 250 251
634 2 2 1 1 252 251 253
635 2 2 1 1 254 252 253
636 2 2 1 1 254 253 255
637 2 2 1 1 256 254 255
638 2 2 1 1 256 255 257
639 2 2 1 1 258 256 257
640 2 2 1 1 258 257 259
641 2 2 1 1 260 258 259
642 2 2 1 1 260 259 261
643 2 2 1 1 262 260 261
644 2 2 1 1 262 261 263
645 2 2 1 1 264 262 263
646 2 2 1 1 264 263 265
647 2 2 1 1 266 264 265
648 2 2 1 1 266 265 267
649 2 2 1 1 268 266 267
650 2 2 1 1 268 267 269
651 2 2 1 1 270 268 269
652 2 2 1 1 270 269 271
653 2 2 1 1 272 270 271
654 2 2 1 1 272 271 273
655 2 2 1 1 274 272 273
656 2 2 1 1 274 273 275
657 2 2 1 1 276 274 275
658 2 2 1 1 276 275 277
659 2 2 1 1 278 276 277
660 2 2 1 1 278 277 279
661 2 2 1 1 280 278 279
662 2 2 1 1 280 279 281
663 2 2 1 1 282 280 281
664 2 2 1 1 282 281 283
665 2 2 1 1 284 282 283
666 2 2 1 1 284 283 285
667 2 2 1 1 286 284 285
668 2 2 1 1 286 285 287
669 2 2 1 1 288 286 287
670 2 2 1 1 288 287 289
671 2 2 1 1 290 288 289
672 2 2 1 1 290 289 291
673 2 2 1 1 292 290 291
674 2 2 1 1 292 291 293
675 2 2 1 1 294 292 293
676 2 2 1 1 294 293 295
677 2 2 1 1 296 294 295
678 2 2 1 1 296 295 297
679 2 2 1 1 298 296 297
680 2 2 1 1 298 297 299
681 2 2 1 1 300 298 299
682 2 2 1 1 300 299 301
683 2 2 1 1 302 300 301
684 2 2 1 1 302 301 303
685 2 2 1 1 304 302 303
686 2 2 1 1 304 303 305
687 2 2 1 1 306 304 305
688 2 2 1 1 306 305 307
689 2 2 1 1 308 306 307
690 2 2 1 1 308 307 309
691 2 2 1 1 310 308 309
692 2 2 1 1 310 309 311
693 2 2 1 1 312 310 311
694 2 2 1 1 312 311 313
695 2 2 1 1 314 312 313
696 2 2 1 1 314 313 315
697 2 2 1 1 316 314 315
698 2 2 1 1 316 315 317
699 2 2 1 1 318 316 317
700 2 2 1 1 318 317 319
701 2 2 1 1 320 318 319
702 2 2 1 1 320 319 321
703 2 2 1 1 322 320 321
704 2 2 1 1 322 321 323
705 2 2 1 1 324 322 323
706 2 2 1 1 324 323 325
707 2 2 1 1 326 324 325
708 2 2 1 1 326 325 327
709 2 2 1 1 328 326 327
710 2 2 1 1 328 327 329
711 2 2 1 1 330 328 329
712 2 2 1 1 330 329 331
713 2 2 1 1 332 330 331
714 2 2 1 1 332 331 333
715 2 2 1 1 334 332 333
716 2 2 1 1 334 333 335
717 2 2 1 1 336 334 335
718 2 2 1 1 336 335 337
719 2 2 1 1 338 336 337
720 2 2 1 1 338 337 339
721 2 2 1 1 340 338 339
722 2 2 1 1 340 339 341
723 2 2 1 1 342 340 341
724 2 2 1 1 342 341 343
725 2 2 1 1 344 342 343
726 2 2 1 1 344 343 345
727 2 2 1 1 346 344 345
728 2 2 1 1 346 345 347
729 2 2 1 1 348 346 347
730 2 2 1 1 348 347 349
731 2 2 1 1 350 348 349
732 2 2 1 1 350 349 351
733 2 2 1 1 352 350 351
734 2 2 1 1 352 351 353
735 2 2 1 1 354 352 353
736 2 2 1 1 354 353 355
737 2 2 1 1 356 354 355
738 2 2 1 1 356 355 357
739 2 2 1 1 358 356 357
740 2 2 1 1 358 357 359
741 2 2 1 1 360 358 359
742 2 2 1 1 360 359 361
743 2 2 1 1 362 360 361
744 2 2 1 1 362 361 363
745 2 2 1 1 364 362 363
746 2 2 1 1 364 363 365
747 2 2 1 1 366 364 365
748 2 2 1 1 366 365 367
749 2 2 1 1 241 366 367
750 2 2 1 1 241 367 242
751 2 2 1 1 368 317 369
752 2 2 1 1 368 369 369
753 2 2 1 1 313 369 315
754 2 2 1 1 313 315 315
755 2 2 1 1 317 315 369
756 2 2 1 1 317 369 369
757 2 2 1 1 370 319 317
758 2 2 1 1 370 317 317
759 2 2 1 1 321 319 371
760 2 2 1 1 321 371 371
761 2 2 1 1 370 317 368
762 2 2 1 1 370 368 368
763 2 2 1 1 372 323 321
764 2 2 1 1 372 321 321
765 2 2 1 1 319 370 371
766 2 2 1 1 319 371 371
767 2 2 1 1 373 311 309
768 2 2 1 1 373 309 309
769 2 2 1 1 309 307 374
770 2 2 1 1 309 374 374
771 2 2 1 1 313 311 375
772 2 2 1 1 313 375 375
773 2 2 1 1 313 375 376
774 2 2 1 1 313 376 376
775 2 2 1 1 309 374 373
776 2 2 1 1 309 373 373
777 2 2 1 1 311 373 375
778 2 2 1 1 311 375 375
779 2 2 1 1 376 369 313
780 2 2 1 1 376 313 313
781 2 2 1 1 377 374 307
782 2 2 1 1 377 307 307
783 2 2 1 1 329 327 378
784 2 2 1 1 329 378 378
785 2 2 1 1 325 378 327
786 2 2 1 1 325 327 327
787 2 2 1 1 329 379 331
788 2 2 1 1 329 331 331
789 2 2 1 1 337 335 380
790 2 2 1 1 337 380 380
791 2 2 1 1 381 333 331
792 2 2 1 1 381 331 331
793 2 2 1 1 333 380 335
794 2 2 1 1 333 335 335
795 2 2 1 1 382 339 337
796 2 2 1 1 382 337 337
797 2 2 1 1 380 382 337
798 2 2 1 1 380 337 337
799 2 2 1 1 325 383 378
800 2 2 1 1 325 378 378
801 2 2 1 1 372 321 371
802 2 2 1 1 372 371 371
803 2 2 1 1 383 323 372
804 2 2 1 1 383 372 372
805 2 2 1 1 333 384 380
806 2 2 1 1 333 380 380
807 2 2 1 1 331 379 381
808 2 2 1 1 331 381 381
809 2 2 1 1 333 381 384
810 2 2 1 1 333 384 384
811 2 2 1 1 379 329 378
812 2 2 1 1 379 378 378
813 2 2 1 1 383 325 323
814 2 2 1 1 383 323 323
815 2 2 1 1 303 301 385
816 2 2 1 1 303 385 385
817 2 2 1 1 301 299 386
818 2 2 1 1 301 386 386
819 2 2 1 1 387 305 303
820 2 2 1 1 387 303 303
821 2 2 1 1 305 387 377
822 2 2 1 1 305 377 377
823 2 2 1 1 301 386 385
824 2 2 1 1 301 385 385
825 2 2 1 1 303 385 387
826 2 2 1 1 303 387 387
827 2 2 1 1 377 307 305
828 2 2 1 1 377 305 305
829 2 2 1 1 388 386 299
830 2 2 1 1 388 299 299
831 2 2 1 1 389 295 293
832 2 2 1 1 389 293 293
833 2 2 1 1 291 390 293
834 2 2 1 1 291 293 293
835 2 2 1 1 297 295 391
836 2 2 1 1 297 391 391
837 2 2 1 1 391 295 389
838 2 2 1 1 391 389 389
839 2 2 1 1 293 390 389
840 2 2 1 1 293 389 389
841 2 2 1 1 291 289 392
842 2 2 1 1 291 392 392
843 2 2 1 1 388 297 391
844 2 2 1 1 388 391 391
845 2 2 1 1 388 299 297
846 2 2 1 1 388 297 297
847 2 2 1 1 392 289 393
848 2 2 1 1 392 393 393
849 2 2 1 1 394 393 287
850 2 2 1 1 394 287 287
851 2 2 1 1 393 289 287
852 2 2 1 1 393 287 287
853 2 2 1 1 390 291 392
854 2 2 1 1 390 392 392
855 2 2 1 1 285 394 287
856 2 2 1 1 285 287 287
857 2 2 1 1 395 396 281
858 2 2 1 1 395 281 281
859 2 2 1 1 396 394 285
860 2 2 1 1 396 285 285
861 2 2 1 1 397 395 281
862 2 2 1 1 397 281 281
863 2 2 1 1 281 396 283
864 2 2 1 1 281 283 283
865 2 2 1 1 397 281 279
866 2 2 1 1 397 279 279
867 2 2 1 1 396 285 283
868 2 2 1 1 396 283 283
869 2 2 1 1 275 398 399
870 2 2 1 1 275 399 399
871 2 2 1 1 399 277 275
872 2 2 1 1 399 275 275
873 2 2 1 1 275 400 398
874 2 2 1 1 275 398 398
875 2 2 1 1 397 279 277
876 2 2 1 1 397 277 277
877 2 2 1 1 277 399 397
878 2 2 1 1 277 397 397
879 2 2 1 1 401 341 339
880 2 2 1 1 401 339 339
881 2 2 1 1 341 401 402
882 2 2 1 1 341 402 402
883 2 2 1 1 403 341 402
884 2 2 1 1 403 402 402
885 2 2 1 1 382 401 339
886 2 2 1 1 382 339 339
887 2 2 1 1 345 343 403
888 2 2 1 1 345 403 403
889 2 2 1 1 404 347 345
890 2 2 1 1 404 345 345
891 2 2 1 1 341 403 343
892 2 2 1 1 341 343 343
893 2 2 1 1 349 347 405
894 2 2 1 1 349 405 405
895 2 2 1 1 404 345 403
896 2 2 1 1 404 403 403
897 2 2 1 1 406 349 405
898 2 2 1 1 406 405 405
899 2 2 1 1 404 405 347
900 2 2 1 1 404 347 347
901 2 2 1 1 353 407 408
902 2 2 1 1 353 408 408
903 2 2 1 1 406 407 351
904 2 2 1 1 406 351 351
905 2 2 1 1 408 409 355
906 2 2 1 1 408 355 355
907 2 2 1 1 351 407 353
908 2 2 1 1 351 353 353
909 2 2 1 1 351 349 406
910 2 2 1 1 351 406 406
911 2 2 1 1 359 410 411
912 2 2 1 1 359 411 411
913 2 2 1 1 353 408 355
914 2 2 1 1 353 355 355
915 2 2 1 1 411 412 361
916 2 2 1 1 411 361 361
917 2 2 1 1 357 355 409
918 2 2 1 1 357 409 409
919 2 2 1 1 410 359 357
920 2 2 1 1 410 357 357
921 2 2 1 1 359 411 361
922 2 2 1 1 359 361 361
923 2 2 1 1 410 357 409
924 2 2 1 1 410 409 409
925 2 2 1 1 363 361 412
926 2 2 1 1 363 412 412
927 2 2 1 1 365 413 414
928 2 2 1 1 365 414 414
929 2 2 1 1 242 415 416
930 2 2 1 1 242 416 416
931 2 2 1 1 415 367 414
932 2 2 1 1 415 414 414
933 2 2 1 1 365 414 367
934 2 2 1 1 365 367 367
935 2 2 1 1 367 415 242
936 2 2 1 1 367 242 242
937 2 2 1 1 363 413 365
938 2 2 1 1 363 365 365
939 2 2 1 1 363 412 413
940 2 2 1 1 363 413 413
941 2 2 1 1 417 242 416
942 2 2 1 1 417 416 416
943 2 2 1 1 267 418 419
944 2 2 1 1 267 419 419
945 2 2 1 1 271 420 421
946 2 2 1 1 271 421 421
947 2 2 1 1 420 267 419
948 2 2 1 1 420 419 419
949 2 2 1 1 422 423 259
950 2 2 1 1 422 259 259
951 2 2 1 1 261 423 424
952 2 2 1 1 261 424 424
953 2 2 1 1 261 259 423
954 2 2 1 1 261 423 423
955 2 2 1 1 263 424 418
956 2 2 1 1 263 418 418
957 2 2 1 1 400 271 421
958 2 2 1 1 400 421 421
959 2 2 1 1 271 269 420
960 2 2 1 1 271 420 420
961 2 2 1 1 400 273 271
962 2 2 1 1 400 271 271
963 2 2 1 1 275 273 400
964 2 2 1 1 275 400 400
965 2 2 1 1 265 418 267
966 2 2 1 1 265 267 267
967 2 2 1 1 269 267 420
968 2 2 1 1 269 420 420
969 2 2 1 1 418 265 263
970 2 2 1 1 418 263 263
971 2 2 1 1 263 261 424
972 2 2 1 1 263 424 424
973 2 2 1 1 257 425 422
974 2 2 1 1 257 422 422
975 2 2 1 1 245 417 426
976 2 2 1 1 245 426 426
977 2 2 1 1 247 427 428
978 2 2 1 1 247 428 428
979 2 2 1 1 427 247 426
980 2 2 1 1 427 426 426
981 2 2 1 1 245 426 247
982 2 2 1 1 245 247 247
983 2 2 1 1 247 428 249
984 2 2 1 1 247 249 249
985 2 2 1 1 243 417 245
986 2 2 1 1 243 245 245
987 2 2 1 1 243 242 417
988 2 2 1 1 243 417 417
989 2 2 1 1 429 249 428
990 2 2 1 1 429 428 428
991 2 2 1 1 257 255 425
992 2 2 1 1 257 425 425
993 2 2 1 1 257 422 259
994 2 2 1 1 257 259 259
995 2 2 1 1 255 430 431
996 2 2 1 1 255 431 431
997 2 2 1 1 255 431 425
998 2 2 1 1 255 425 425
999 2 2 1 1 430 253 251
1000 2 2 1 1 430 251 251
1001 2 2 1 1 249 429 251
1002 2 2 1 1 249 251 251
1003 2 2 1 1 253 430 255
1004 2 2 1 1 253 255 255
1005 2 2 1 1 251 429 430
1006 2 2 1 1 251 430 430
1007 2 2 1 1 432 433 316
1008 2 2 1 1 432 316 316
1009 2 2 1 1 312 314 433
1010 2 2 1 1 312 433 433
1011 2 2 1 1 316 433 314
1012 2 2 1 1 316 314 314
1013 2 2 1 1 432 316 318
1014 2 2 1 1 432 318 318
1015 2 2 1 1 320 434 318
1016 2 2 1 1 320 318 318
1017 2 2 1 1 435 432 318
1018 2 2 1 1 435 318 318
1019 2 2 1 1 436 320 322
1020 2 2 1 1 436 322 322
1021 2 2 1 1 318 434 435
1022 2 2 1 1 318 435 435
1023 2 2 1 1 437 308 310
1024 2 2 1 1 437 310 310
1025 2 2 1 1 308 437 306
1026 2 2 1 1 308 306 306
1027 2 2 1 1 312 438 310
1028 2 2 1 1 312 310 310
1029 2 2 1 1 312 439 438
1030 2 2 1 1 312 438 438
1031 2 2 1 1 306 437 440
1032 2 2 1 1 306 440 440
1033 2 2 1 1 310 438 437
1034 2 2 1 1 310 437 437
1035 2 2 1 1 439 312 433
1036 2 2 1 1 439 433 433
1037 2 2 1 1 441 306 440
1038 2 2 1 1 441 440 440
1039 2 2 1 1 328 442 326
1040 2 2 1 1 328 326 326
1041 2 2 1 1 324 326 443
1042 2 2 1 1 324 443 443
1043 2 2 1 1 328 330 442
1044 2 2 1 1 328 442 442
1045 2 2 1 1 444 334 336
1046 2 2 1 1 444 336 336
1047 2 2 1 1 445 330 332
1048 2 2 1 1 445 332 332
1049 2 2 1 1 332 334 445
1050 2 2 1 1 332 445 445
1051 2 2 1 1 444 336 338
1052 2 2 1 1 444 338 338
1053 2 2 1 1 334 444 446
1054 2 2 1 1 334 446 446
1055 2 2 1 1 324 443 447
1056 2 2 1 1 324 447 447
1057 2 2 1 1 436 434 320
1058 2 2 1 1 436 320 320
1059 2 2 1 1 447 436 322
1060 2 2 1 1 447 322 322
1061 2 2 1 1 334 446 445
1062 2 2 1 1 334 445 445
1063 2 2 1 1 330 448 442
1064 2 2 1 1 330 442 442
1065 2 2 1 1 330 445 448
1066 2 2 1 1 330 448 448
1067 2 2 1 1 442 443 326
1068 2 2 1 1 442 326 326
1069 2 2 1 1 447 322 324
1070 2 2 1 1 447 324 324
1071 2 2 1 1 302 449 300
1072 2 2 1 1 302 300 300
1073 2 2 1 1 300 450 298
1074 2 2 1 1 300 298 298
1075 2 2 1 1 451 302 304
1076 2 2 1 1 451 304 304
1077 2 2 1 1 304 441 451
1078 2 2 1 1 304 451 451
1079 2 2 1 1 300 449 450
1080 2 2 1 1 300 450 450
1081 2 2 1 1 302 451 449
1082 2 2 1 1 302 449 449
1083 2 2 1 1 441 304 306
1084 2 2 1 1 441 306 306
1085 2 2 1 1 452 298 450
1086 2 2 1 1 452 450 450
1087 2 2 1 1 453 292 294
1088 2 2 1 1 453 294 294
1089 2 2 1 1 290 292 454
1090 2 2 1 1 290 454 454
1091 2 2 1 1 296 455 294
1092 2 2 1 1 296 294 294
1093 2 2 1 1 455 453 294
1094 2 2 1 1 455 294 294
1095 2 2 1 1 292 453 454
1096 2 2 1 1 292 454 454
1097 2 2 1 1 290 456 288
1098 2 2 1 1 290 288 288
1099 2 2 1 1 452 455 296
1100 2 2 1 1 452 296 296
1101 2 2 1 1 452 296 298
1102 2 2 1 1 452 298 298
1103 2 2 1 1 456 457 288
1104 2 2 1 1 456 288 288
1105 2 2 1 1 458 286 457
1106 2 2 1 1 458 457 457
1107 2 2 1 1 457 286 288
1108 2 2 1 1 457 288 288
1109 2 2 1 1 454 456 290
1110 2 2 1 1 454 290 290
1111 2 2 1 1 284 286 458
1112 2 2 1 1 284 458 458
1113 2 2 1 1 459 280 460
1114 2 2 1 1 459 460 460
1115 2 2 1 1 460 282 458
1116 2 2 1 1 460 458 458
1117 2 2 1 1 461 280 459
1118 2 2 1 1 461 459 459
1119 2 2 1 1 280 282 460
1120 2 2 1 1 280 460 460
1121 2 2 1 1 461 278 280
1122 2 2 1 1 461 280 280
1123 2 2 1 1 458 282 284
1124 2 2 1 1 458 284 284
1125 2 2 1 1 274 462 463
1126 2 2 1 1 274 463 463
1127 2 2 1 1 462 274 276
1128 2 2 1 1 462 276 276
1129 2 2 1 1 274 463 464
1130 2 2 1 1 274 464 464
1131 2 2 1 1 461 276 278
1132 2 2 1 1 461 278 278
1133 2 2 1 1 276 461 462
1134 2 2 1 1 276 462 462
1135 2 2 1 1 465 338 340
1136 2 2 1 1 465 340 340
1137 2 2 1 1 338 465 466
1138 2 2 1 1 338 466 466
1139 2 2 1 1 465 340 342
1140 2 2 1 1 465 342 342
1141 2 2 1 1 444 338 466
1142 2 2 1 1 444 466 466
1143 2 2 1 1 344 467 342
1144 2 2 1 1 344 342 342
1145 2 2 1 1 468 344 346
1146 2 2 1 1 468 346 346
1147 2 2 1 1 342 467 465
1148 2 2 1 1 342 465 465
1149 2 2 1 1 348 469 346
1150 2 2 1 1 348 346 346
1151 2 2 1 1 468 467 344
1152 2 2 1 1 468 344 344
1153 2 2 1 1 470 469 348
1154 2 2 1 1 470 348 348
1155 2 2 1 1 468 346 469
1156 2 2 1 1 468 469 469
1157 2 2 1 1 352 471 472
1158 2 2 1 1 352 472 472
1159 2 2 1 1 470 350 472
1160 2 2 1 1 470 472 472
1161 2 2 1 1 471 354 473
1162 2 2 1 1 471 473 473
1163 2 2 1 1 350 352 472
1164 2 2 1 1 350 472 472
1165 2 2 1 1 350 470 348
1166 2 2 1 1 350 348 348
1167 2 2 1 1 358 474 475
1168 2 2 1 1 358 475 475
1169 2 2 1 1 352 354 471
1170 2 2 1 1 352 471 471
1171 2 2 1 1 474 360 476
1172 2 2 1 1 474 476 476
1173 2 2 1 1 356 473 354
1174 2 2 1 1 356 354 354
1175 2 2 1 1 475 356 358
1176 2 2 1 1 475 358 358
1177 2 2 1 1 358 360 474
1178 2 2 1 1 358 474 474
1179 2 2 1 1 475 473 356
1180 2 2 1 1 475 356 356
1181 2 2 1 1 362 476 360
1182 2 2 1 1 362 360 360
1183 2 2 1 1 364 477 478
1184 2 2 1 1 364 478 478
1185 2 2 1 1 241 479 480
1186 2 2 1 1 241 480 480
1187 2 2 1 1 480 477 366
1188 2 2 1 1 480 366 366
1189 2 2 1 1 364 366 477
1190 2 2 1 1 364 477 477
1191 2 2 1 1 366 241 480
1192 2 2 1 1 366 480 480
1193 2 2 1 1 362 364 478
1194 2 2 1 1 362 478 478
1195 2 2 1 1 362 478 476
1196 2 2 1 1 362 476 476
1197 2 2 1 1 240 479 241
1198 2 2 1 1 240 241 241
1199 2 2 1 1 264 481 482
1200 2 2 1 1 264 482 482
1201 2 2 1 1 270 483 484
1202 2 2 1 1 270 484 484
1203 2 2 1 1 484 481 268
1204 2 2 1 1 484 268 268
1205 2 2 1 1 485 258 486
1206 2 2 1 1 485 486 486
1207 2 2 1 1 260 487 486
1208 2 2 1 1 260 486 486
1209 2 2 1 1 260 486 258
1210 2 2 1 1 260 258 258
1211 2 2 1 1 264 482 487
1212 2 2 1 1 264 487 487
1213 2 2 1 1 464 483 270
1214 2 2 1 1 464 270 270
1215 2 2 1 1 270 484 268
1216 2 2 1 1 270 268 268
1217 2 2 1 1 464 270 272
1218 2 2 1 1 464 272 272
1219 2 2 1 1 274 464 272
1220 2 2 1 1 274 272 272
1221 2 2 1 1 264 266 481
1222 2 2 1 1 264 481 481
1223 2 2 1 1 268 481 266
1224 2 2 1 1 268 266 266
1225 2 2 1 1 487 262 264
1226 2 2 1 1 487 264 264
1227 2 2 1 1 262 487 260
1228 2 2 1 1 262 260 260
1229 2 2 1 1 256 485 488
1230 2 2 1 1 256 488 488
1231 2 2 1 1 240 489 490
1232 2 2 1 1 240 490 490
1233 2 2 1 1 246 491 492
1234 2 2 1 1 246 492 492
1235 2 2 1 1 492 489 244
1236 2 2 1 1 492 244 244
1237 2 2 1 1 244 246 492
1238 2 2 1 1 244 492 492
1239 2 2 1 1 246 248 491
1240 2 2 1 1 246 491 491
1241 2 2 1 1 240 244 489
1242 2 2 1 1 240 489 489
1243 2 2 1 1 240 490 479
1244 2 2 1 1 240 479 479
1245 2 2 1 1 493 491 248
1246 2 2 1 1 493 248 248
1247 2 2 1 1 254 256 494
1248 2 2 1 1 254 494 494
1249 2 2 1 1 256 258 485
1250 2 2 1 1 256 485 485
1251 2 2 1 1 252 494 495
1252 2 2 1 1 252 495 495
1253 2 2 1 1 494 256 488
1254 2 2 1 1 494 488 488
1255 2 2 1 1 252 493 250
1256 2 2 1 1 252 250 250
1257 2 2 1 1 248 250 493
1258 2 2 1 1 248 493 493
1259 2 2 1 1 252 254 494
1260 2 2 1 1 252 494 494
1261 2 2 1 1 493 252 495
1262 2 2 1 1 493 495 495
1263 2 2 1 1 490 417 416
1264 2 2 1 1 490 416 479
1265 2 2 1 1 489 426 417
1266 2 2 1 1 489 417 490
1267 2 2 1 1 492 427 426
1268 2 2 1 1 492 426 489
1269 2 2 1 1 491 428 427
1270 2 2 1 1 491 427 492
1271 2 2 1 1 493 429 428
1272 2 2 1 1 493 428 491
1273 2 2 1 1 495 430 429
1274 2 2 1 1 495 429 493
1275 2 2 1 1 494 431 430
1276 2 2 1 1 494 430 495
1277 2 2 1 1 488 425 431
1278 2 2 1 1 488 431 494
1279 2 2 1 1 485 422 425
1280 2 2 1 1 485 425 488
1281 2 2 1 1 486 423 422
1282 2 2 1 1 486 422 485
1283 2 2 1 1 487 424 423
1284 2 2 1 1 487 423 486
1285 2 2 1 1 482 418 424
1286 2 2 1 1 482 424 487
1287 2 2 1 1 481 419 418
1288 2 2 1 1 481 418 482
1289 2 2 1 1 484 420 419
1290 2 2 1 1 484 419 481
1291 2 2 1 1 483 421 420
1292 2 2 1 1 483 420 484
1293 2 2 1 1 464 400 421
1294 2 2 1 1 464 421 483
1295 2 2 1 1 463 398 400
1296 2 2 1 1 463 400 464
1297 2 2 1 1 462 399 398
1298 2 2 1 1 462 398 463
1299 2 2 1 1 461 397 399
1300 2 2 1 1 461 399 462
1301 2 2 1 1 459 395 397
1302 2 2 1 1 459 397 461
1303 2 2 1 1 460 396 395
1304 2 2 1 1 460 395 459
1305 2 2 1 1 458 394 396
1306 2 2 1 1 458 396 460
1307 2 2 1 1 457 393 394
1308 2 2 1 1 457 394 458
1309 2 2 1 1 456 392 393
1310 2 2 1 1 456 393 457
1311 2 2 1 1 454 390 392
1312 2 2 1 1 454 392 456
1313 2 2 1 1 453 389 390
1314 2 2 1 1 453 390 454
1315 2 2 1 1 455 391 389
1316 2 2 1 1 455 389 453
1317 2 2 1 1 452 388 391
1318 2 2 1 1 452 391 455
1319 2 2 1 1 450 386 388
1320 2 2 1 1 450 388 452
1321 2 2 1 1 449 385 386
1322 2 2 1 1 449 386 450
1323 2 2 1 1 451 387 385
1324 2 2 1 1 451 385 449
1325 2 2 1 1 441 377 387
1326 2 2 1 1 441 387 451
1327 2 2 1 1 440 374 377
1328 2 2 1 1 440 377 441
1329 2 2 1 1 437 373 374
1330 2 2 1 1 437 374 440
1331 2 2 1 1 438 375 373
1332 2 2 1 1 438 373 437
1333 2 2 1 1 439 376 375
1334 2 2 1 1 439 375 438
1335 2 2 1 1 433 369 376
1336 2 2 1 1 433 376 439
1337 2 2 1 1 432 368 369
1338 2 2 1 1 432 369 433
1339 2 2 1 1 435 370 368
1340 2 2 1 1 435 368 432
1341 2 2 1 1 434 371 370
1342 2 2 1 1 434 370 435
1343 2 2 1 1 436 372 371
1344 2 2 1 1 436 371 434
1345 2 2 1 1 447 383 372
1346 2 2 1 1 447 372 436
1347 2 2 1 1 443 378 383
1348 2 2 1 1 443 383 447
1349 2 2 1 1 442 379 378
1350 2 2 1 1 442 378 443
1351 2 2 1 1 448 381 379
1352 2 2 1 1 448 379 442
1353 2 2 1 1 445 384 381
1354 2 2 1 1 445 381 448
1355 2 2 1 1 446 380 384
1356 2 2 1 1 446 384 445
1357 2 2 1 1 444 382 380
1358 2 2 1 1 444 380 446
1359 2 2 1 1 466 401 382
1360 2 2 1 1 466 382 444
1361 2 2 1 1 465 402 401
1362 2 2 1 1 465 401 466
1363 2 2 1 1 467 403 402
1364 2 2 1 1 467 402 465
1365 2 2 1 1 468 404 403
1366 2 2 1 1 468 403 467
1367 2 2 1 1 469 405 404
1368 2 2 1 1 469 404 468
1369 2 2 1 1 470 406 405
1370 2 2 1 1 470 405 469
1371 2 2 1 1 472 407 406
1372 2 2 1 1 472 406 470
1373 2 2 1 1 471 408 407
1374 2 2 1 1 471 407 472
1375 2 2 1 1 473 409 408
1376 2 2 1 1 473 408 471
1377 2 2 1 1 475 410 409
1378 2 2 1 1 475 409 473
1379 2 2 1 1 474 411 410
1380 2 2 1 1 474 410 475
1381 2 2 1 1 476 412 411
1382 2 2 1 1 476 411 474
1383 2 2 1 1 478 413 412
1384 2 2 1 1 478 412 476
1385 2 2 1 1 477 414 413
1386 2 2 1 1 477 413 478
1387 2 2 1 1 480 415 414
1388 2 2 1 1 480 414 477
1389 2 2 1 1 479 416 415
1390 2 2 1 1 479 415 480
1391 2 2 1 1 496 497 498
1392 2 2 1 1 496 498 499
1393 2 2 1 1 500 501 497
1394 2 2 1 1 500 497 496
1395 2 2 1 1 502 503 501
1396 2 2 1 1 502 501 500
1397 2 2 1 1 504 505 503
1398 2 2 1 1 504 503 502
1399 2 2 1 1 506 496 499
1400 2 2 1 1 506 499 507
1401 2 2 1 1 508 500 496
1402 2 2 1 1 508 496 506
1403 2 2 1 1 509 502 500
1404 2 2 1 1 509 500 508
1405 2 2 1 1 510 504 502
1406 2 2 1 1 510 502 509
1407 2 2 1 1 511 506 507
1408 2 2 1 1 511 507 512
1409 2 2 1 1 513 508 506
1410 2 2 1 1 513 506 511
1411 2 2 1 1 514 509 508
1412 2 2 1 1 514 508 513
1413 2 2 1 1 515 510 509
1414 2 2 1 1 515 509 514
1415 2 2 1 1 516 511 512
1416 2 2 1 1 516 512 517
1417 2 2 1 1 518 513 511
1418 2 2 1 1 518 511 516
1419 2 2 1 1 519 514 513
1420 2 2 1 1 519 513 518
1421 2 2 1 1 520 515 514
1422 2 2 1 1 520 514 519
1423 2 2 1 1 521 516 517
1424 2 2 1 1 521 517 522
1425 2 2 1 1 523 518 516
1426 2 2 1 1 523 516 521
1427 2 2 1 1 524 519 518
1428 2 2 1 1 524 518 523
1429 2 2 1 1 525 520 519
1430 2 2 1 1 525 519 524
1431 2 2 1 1 526 521 522
1432 2 2 1 1 526 522 527
1433 2 2 1 1 528 523 521
1434 2 2 1 1 528 521 526
1435 2 2 1 1 529 524 523
1436 2 2 1 1 529 523 528
1437 2 2 1 1 530 525 524
1438 2 2 1 1 530 524 529
1439 2 2 1 1 531 526 527
1440 2 2 1 1 531 527 532
1441 2 2 1 1 533 528 526
1442 2 2 1 1 533 526 531
1443 2 2 1 1 534 529 528
1444 2 2 1 1 534 528 533
1445 2 2 1 1 535 530 529
1446 2 2 1 1 535 529 534
1447 2 2 1 1 536 531 532
1448 2 2 1 1 536 532 537
1449 2 2 1 1 538 533 531
1450 2 2 1 1 538 531 536
1451 2 2 1 1 539 534 533
1452 2 2 1 1 539 533 538
1453 2 2 1 1 540 535 534
1454 2 2 1 1 540 534 539
1455 2 2 1 1 541 536 537
1456 2 2 1 1 541 537 542
1457 2 2 1 1 543 538 536
1458 2 2 1 1 543 536 541
1459 2 2 1 1 544 539 538
1460 2 2 1 1 544 538 543
1461 2 2 1 1 545 540 539
1462 2 2 1 1 545 539 544
1463 2 2 1 1 546 541 542
1464 2 2 1 1 546 542 547
1465 2 2 1 1 548 543 541
1466 2 2 1 1 548 541 546
1467 2 2 1 1 549 544 543
1468 2 2 1 1 549 543 548
1469 2 2 1 1 550 545 544
1470 2 2 1 1 550 544 549
1471 2 2 1 1 551 546 547
1472 2 2 1 1 551 547 552
1473 2 2 1 1 553 548 546
1474 2 2 1 1 553 546 551
1475 2 2 1 1 554 549 548
1476 2 2 1 1 554 548 553
1477 2 2 1 1 555 550 549
1478 2 2 1 1 555 549 554
1479 2 2 1 1 556 551 552
1480 2 2 1 1 556 552 557
1481 2 2 1 1 558 553 551
1482 2 2 1 1 558 551 556
1483 2 2 1 1 559 554 553
1484 2 2 1 1 559 553 558
1485 2 2 1 1 560 555 554
1486 2 2 1 1 560 554 559
1487 2 2 1 1 561 556 557
1488 2 2 1 1 561 557 562
1489 2 2 1 1 563 558 556
1490 2 2 1 1 563 556 561
1491 2 2 1 1 564 559 558
1492 2 2 1 1 564 558 563
1493 2 2 1 1 565 560 559
1494 2 2 1 1 565 559 564
1495 2 2 1 1 566 561 562
1496 2 2 1 1 566 562 567
1497 2 2 1 1 568 563 561
1498 2 2 1 1 568 561 566
1499 2 2 1 1 569 564 563
1500 2 2 1 1 569 563 568
1501 2 2 1 1 570 565 564
1502 2 2 1 1 570 564 569
1503 2 2 1 1 571 566 567
1504 2 2 1 1 571 567 572
1505 2 2 1 1 573 568 566
1506 2 2 1 1 573 566 571
1507 2 2 1 1 574 569 568
1508 2 2 1 1 574 568 573
1509 2 2 1 1 575 570 569
1510 2 2 1 1 575 569 574
1511 2 2 1 1 576 571 572
1512 2 2 1 1 576 572 577
1513 2 2 1 1 578 573 571
1514 2 2 1 1 578 571 576
1515 2 2 1 1 579 574 573
1516 2 2 1 1 579 573 578
1517 2 2 1 1 580 575 574
1518 2 2 1 1 580 574 579
1519 2 2 1 1 581 576 577
1520 2 2 1 1 581 577 582
1521 2 2 1 1 583 578 576
1522 2 2 1 1 583 576 581
1523 2 2 1 1 584 579 578
1524 2 2 1 1 584 578 583
1525 2 2 1 1 585 580 579
1526 2 2 1 1 585 579 584
1527 2 2 1 1 586 581 582
1528 2 2 1 1 586 582 587
1529 2 2 1 1 588 583 581
1530 2 2 1 1 588 581 586
1531 2 2 1 1 589 584 583
1532 2 2 1 1 589 583 588
1533 2 2 1 1 590 585 584
1534 2 2 1 1 590 584 589
1535 2 2 1 1 591 586 587
1536 2 2 1 1 591 587 592
1537 2 2 1 1 593 588 586
1538 2 2 1 1 593 586 591
1539 2 2 1 1 594 589 588
1540 2 2 1 1 594 588 593
1541 2 2 1 1 595 590 589
1542 2 2 1 1 595 589 594
1543 2 2 1 1 596 591 592
1544 2 2 1 1 596 592 597
1545 2 2 1 1 598 593 591
1546 2 2 1 1 598 591 596
1547 2 2 1 1 599 594 593
1548 2 2 1 1 599 593 598
1549 2 2 1 1 600 595 594
1550 2 2 1 1 600 594 599
1551 2 2 1 1 601 596 597
1552 2 2 1 1 601 597 602
1553 2 2 1 1 603 598 596
1554 2 2 1 1 603 596 601
1555 2 2 1 1 604 599 598
1556 2 2 1 1 604 598 603
1557 2 2 1 1 605 600 599
1558 2 2 1 1 605 599 604
1559 2 2 1 1 606 601 602
1560 2 2 1 1 606 602 607
1561 2 2 1 1 608 603 601
1562 2 2 1 1 608 601 606
1563 2 2 1 1 609 604 603
1564 2 2 1 1 609 603 608
1565 2 2 1 1 610 605 604
1566 2 2 1 1 610 604 609
1567 2 2 1 1 611 606 607
1568 2 2 1 1 611 607 612
1569 2 2 1 1 613 608 606
1570 2 2 1 1 613 606 611
1571 2 2 1 1 614 609 608
1572 2 2 1 1 614 608 613
1573 2 2 1 1 615 610 609
1574 2 2 1 1 615 609 614
1575 2 2 1 1 616 611 612
1576 2 2 1 1 616 612 617
1577 2 2 1 1 618 613 611
1578 2 2 1 1 618 611 616
1579 2 2 1 1 619 614 613
1580 2 2 1 1 619 613 618
1581 2 2 1 1 620 615 614
1582 2 2 1 1 620 614 619
1583 2 2 1 1 621 616 617
1584 2 2 1 1 621 617 622
1585 2 2 1 1 623 618 616
1586 2 2 1 1 623 616 621
1587 2 2 1 1 624 619 618
1588 2 2 1 1 624 618 623
1589 2 2 1 1 625 620 619
1590 2 2 1 1 625 619 624
1591 2 2 1 1 626 621 622
1592 2 2 1 1 626 622 627
1593 2 2 1 1 628 623 621
1594 2 2 1 1 628 621 626
1595 2 2 1 1 629 624 623
1596 2 2 1 1 629 623 628
1597 2 2 1 1 630 625 624
1598 2 2 1 1 630 624 629
1599 2 2 1 1 631 626 627
1600 2 2 1 1 631 627 632
1601 2 2 1 1 633 628 626
1602 2 2 1 1 633 626 631
1603 2 2 1 1 634 629 628
1604 2 2 1 1 634 628 633
1605 2 2 1 1 635 630 629
1606 2 2 1 1 635 629 634
1607 2 2 1 1 636 631 632
1608 2 2 1 1 636 632 637
1609 2 2 1 1 638 633 631
1610 2 2 1 1 638 631 636
1611 2 2 1 1 639 634 633
1612 2 2 1 1 639 633 638
1613 2 2 1 1 640 635 634
1614 2 2 1 1 640 634 639
1615 2 2 1 1 641 636 637
1616 2 2 1 1 641 637 642
1617 2 2 1 1 643 638 636
1618 2 2 1 1 643 636 641
1619 2 2 1 1 644 639 638
1620 2 2 1 1 644 638 643
1621 2 2 1 1 645 640 639
1622 2 2 1 1 645 639 644
1623 2 2 1 1 646 641 642
1624 2 2 1 1 646 642 647
1625 2 2 1 1 648 643 641
1626 2 2 1 1 648 641 646
1627 2 2 1 1 649 644 643
1628 2 2 1 1 649 643 648
1629 2 2 1 1 650 645 644
1630 2 2 1 1 650 644 649
1631 2 2 1 1 651 646 647
1632 2 2 1 1 651 647 652
1633 2 2 1 1 653 648 646
1634 2 2 1 1 653 646 651
1635 2 2 1 1 654 649 648
1636 2 2 1 1 654 648 653
1637 2 2 1 1 655 650 649
1638 2 2 1 1 655 649 654
1639 2 2 1 1 656 651 652
1640 2 2 1 1 656 652 657
1641 2 2 1 1 658 653 651
1642 2 2 1 1 658 651 656
1643 2 2 1 1 659 654 653
1644 2 2 1 1 659 653 658
1645 2 2 1 1 660 655 654
1646 2 2 1 1 660 654 659
1647 2 2 1 1 661 656 657
1648 2 2 1 1 661 657 662
1649 2 2 1 1 663 658 656
1650 2 2 1 1 663 656 661
1651 2 2 1 1 664 659 658
1652 2 2 1 1 664 658 663
1653 2 2 1 1 665 660 659
1654 2 2 1 1 665 659 664
1655 2 2 1 1 666 661 662
1656 2 2 1 1 666 662 667
1657 2 2 1 1 668 663 661
1658 2 2 1 1 668 661 666
1659 2 2 1 1 669 664 663
1660 2 2 1 1 669 663 668
1661 2 2 1 1 670 665 664
1662 2 2 1 1 670 664 669
1663 2 2 1 1 671 666 667
1664 2 2 1 1 671 667 672
1665 2 2 1 1 673 668 666
1666 2 2 1 1 673 666 671
1667 2 2 1 1 674 669 668
1668 2 2 1 1 674 668 673
1669 2 2 1 1 675 670 669
1670 2 2 1 1 675 669 674
1671 2 2 1 1 676 671 672
1672 2 2 1 1 676 672 677
1673 2 2 1 1 678 673 671
1674 2 2 1 1 678 671 676
1675 2 2 1 1 679 674 673
1676 2 2 1 1 679 673 678
1677 2 2 1 1 680 675 674
1678 2 2 1 1 680 674 679
1679 2 2 1 1 681 676 677
1680 2 2 1 1 681 677 682
1681 2 2 1 1 683 678 676
1682 2 2 1 1 683 676 681
1683 2 2 1 1 684 679 678
1684 2 2 1 1 684 678 683
1685 2 2 1 1 685 680 679
1686 2 2 1 1 685 679 684
1687 2 2 1 1 686 681 682
1688 2 2 1 1 686 682 687
1689 2 2 1 1 688 683 681
1690 2 2 1 1 688 681 686
1691 2 2 1 1 689 684 683
1692 2 2 1 1 689 683 688
1693 2 2 1 1 690 685 684
1694 2 2 1 1 690 684 689
1695 2 2 1 1 691 686 687
1696 2 2 1 1 691 687 692
1697 2 2 1 1 693 688 686
1698 2 2 1 1 693 686 691
1699 2 2 1 1 694 689 688
1700 2 2 1 1 694 688 693
1701 2 2 1 1 695 690 689
1702 2 2 1 1 695 689 694
1703 2 2 1 1 696 691 692
1704 2 2 1 1 696 692 697
1705 2 2 1 1 698 693 691
1706 2 2 1 1 698 691 696
1707 2 2 1 1 699 694 693
1708 2 2 1 1 699 693 698
1709 2 2 1 1 700 695 694
1710 2 2 1 1 700 694 699
1711 2 2 1 1 701 696 697
1712 2 2 1 1 701 697 702
1713 2 2 1 1 703 698 696
1714 2 2 1 1 703 696 701
1715 2 2 1 1 704 699 698
1716 2 2 1 1 704 698 703
1717 2 2 1 1 705 700 699
1718 2 2 1 1 705 699 704
1719 2 2 1 1 706 701 702
1720 2 2 1 1 706 702 707
1721 2 2 1 1 708 703 701
1722 2 2 1 1 708 701 706
1723 2 2 1 1 709 704 703
1724 2 2 1 1 709 703 708
1725 2 2 1 1 710 705 704
1726 2 2 1 1 710 704 709
1727 2 2 1 1 711 706 707
1728 2 2 1 1 711 707 712
1729 2 2 1 1 713 708 706
1730 2 2 1 1 713 706 711
1731 2 2 1 1 714 709 708
1732 2 2 1 1 714 708 713
1733 2 2 1 1 715 710 709
1734 2 2 1 1 715 709 714
1735 2 2 1 1 716 711 712
1736 2 2 1 1 716 712 717
1737 2 2 1 1 718 713 711
1738 2 2 1 1 718 711 716
1739 2 2 1 1 719 714 713
1740 2 2 1 1 719 713 718
1741 2 2 1 1 720 715 714
1742 2 2 1 1 720 714 719
1743 2 2 1 1 721 716 717
1744 2 2 1 1 721 717 722
1745 2 2 1 1 723 718 716
1746 2 2 1 1 723 716 721
1747 2 2 1 1 724 719 718
1748 2 2 1 1 724 718 723
1749 2 2 1 1 725 720 719
1750 2 2 1 1 725 719 724
1751 2 2 1 1 726 721 722
1752 2 2 1 1 726 722 727
1753 2 2 1 1 728 723 721
1754 2 2 1 1 728 721 726
1755 2 2 1 1 729 724 723
1756 2 2 1 1 729 723 728
1757 2 2 1 1 730 725 724
1758 2 2 1 1 730 724 729
1759 2 2 1 1 731 726 727
1760 2 2 1 1 731 727 732
1761 2 2 1 1 733 728 726
1762 2 2 1 1 733 726 731
1763 2 2 1 1 734 729 728
1764 2 2 1 1 734 728 733
1765 2 2 1 1 735 730 729
1766 2 2 1 1 735 729 734
1767 2 2 1 1 736 731 732
1768 2 2 1 1 736 732 737
1769 2 2 1 1 738 733 731
1770 2 2 1 1 738 731 736
1771 2 2 1 1 739 734 733
1772 2 2 1 1 739 733 738
1773 2 2 1 1 740 735 734
1774 2 2 1 1 740 734 739
1775 2 2 1 1 741 736 737
1776 2 2 1 1 741 737 742
1777 2 2 1 1 743 738 736
1778 2 2 1 1 743 736 741
1779 2 2 1 1 744 739 738
1780 2 2 1 1 744 738 743
1781 2 2 1 1 745 740 739
1782 2 2 1 1 745 739 744
1783 2 2 1 1 746 741 742
1784 2 2 1 1 746 742 747
1785 2 2 1 1 748 743 741
1786 2 2 1 1 748 741 746
1787 2 2 1 1 749 744 743
1788 2 2 1 1 749 743 748
1789 2 2 1 1 750 745 744
1790 2 2 1 1 750 744 749
1791 2 2 1 1 751 746 747
1792 2 2 1 1 751 747 752
1793 2 2 1 1 753 748 746
1794 2 2 1 1 753 746 751
1795 2 2 1 1 754 749 748
1796 2 2 1 1 754 748 753
1797 2 2 1 1 755 750 749
1798 2 2 1 1 755 749 754
1799 2 2 1 1 756 751 752
1800 2 2 1 1 756 752 757
1801 2 2 1 1 758 753 751
1802 2 2 1 1 758 751 756
1803 2 2 1 1 759 754 753
1804 2 2 1 1 759 753 758
1805 2 2 1 1 760 755 754
1806 2 2 1 1 760 754 759
1807 2 2 1 1 761 756 757
1808 2 2 1 1 761 757 762
1809 2 2 1 1 763 758 756
1810 2 2 1 1 763 756 761
1811 2 2 1 1 764 759 758
1812 2 2 1 1 764 758 763
1813 2 2 1 1 765 760 759
1814 2 2 1 1 765 759 764
1815 2 2 1 1 766 761 762
1816 2 2 1 1 766 762 767
1817 2 2 1 1 768 763 761
1818 2 2 1 1 768 761 766
1819 2 2 1 1 769 764 763
1820 2 2 1 1 769 763 768
1821 2 2 1 1 770 765 764
1822 2 2 1 1 770 764 769
1823 2 2 1 1 771 766 767
1824 2 2 1 1 771 767 772
1825 2 2 1 1 773 768 766
1826 2 2 1 1 773 766 771
1827 2 2 1 1 774 769 768
1828 2 2 1 1 774 768 773
1829 2 2 1 1 775 770 769
1830 2 2 1 1 775 769 774
1831 2 2 1 1 776 771 772
1832 2 2 1 1 776 772 777
1833 2 2 1 1 778 773 771
1834 2 2 1 1 778 771 776
1835 2 2 1 1 779 774 773
1836 2 2 1 1 779 773 778
1837 2 2 1 1 780 775 774
1838 2 2 1 1 780 774 779
1839 2 2 1 1 781 776 777
1840 2 2 1 1 781 777 782
1841 2 2 1 1 783 778 776
1842 2 2 1 1 783 776 781
1843 2 2 1 1 784 779 778
1844 2 2 1 1 784 778 783
1845 2 2 1 1 785 780 779
1846 2 2 1 1 785 779 784
1847 2 2 1 1 786 781 782
1848 2 2 1 1 786 782 787
1849 2 2 1 1 788 783 781
1850 2 2 1 1 788 781 786
1851 2 2 1 1 789 784 783
1852 2 2 1 1 789 783 788
1853 2 2 1 1 790 785 784
1854 2 2 1 1 790 784 789
1855 2 2 1 1 791 786 787
1856 2 2 1 1 791 787 792
1857 2 2 1 1 793 788 786
1858 2 2 1 1 793 786 791
1859 2 2 1 1 794 789 788
1860 2 2 1 1 794 788 793
1861 2 2 1 1 795 790 789
1862 2 2 1 1 795 789 794
1863 2 2 1 1 796 791 792
1864 2 2 1 1 796 792 797
1865 2 2 1 1 798 793 791
1866 2 2 1 1 798 791 796
1867 2 2 1 1 799 794 793
1868 2 2 1 1 799 793 798
1869 2 2 1 1 800 795 794
1870 2 2 1 1 800 794 799
1871 2 2 1 1 801 796 797
1872 2 2 1 1 801 797 802
1873 2 2 1 1 803 798 796
1874 2 2 1 1 803 796 801
1875 2 2 1 1 804 799 798
1876 2 2 1 1 804 798 803
1877 2 2 1 1 805 800 799
1878 2 2 1 1 805 799 804
1879 2 2 1 1 806 801 802
1880 2 2 1 1 806 802 807
1881 2 2 1 1 808 803 801
1882 2 2 1 1 808 801 806
1883 2 2 1 1 809 804 803
1884 2 2 1 1 809 803 808
1885 2 2 1 1 810 805 804
1886 2 2 1 1 810 804 809
1887 2 2 1 1 811 806 807
1888 2 2 1 1 811 807 812
1889 2 2 1 1 813 808 806
1890 2 2 1 1 813 806 811
1891 2 2 1 1 814 809 808
1892 2 2 1 1 814 808 813
1893 2 2 1 1 815 810 809
1894 2 2 1 1 815 809 814
1895 2 2 1 1 497 811 812
1896 2 2 1 1 497 812 498
1897 2 2 1 1 501 813 811
1898 2 2 1 1 501 811 497
1899 2 2 1 1 503 814 813
1900 2 2 1 1 503 813 501
1901 2 2 1 1 505 815 814
1902 2 2 1 1 505 814 503
1903 2 2 1 1 816 817 505
1904 2 2 1 1 816 505 504
1905 2 2 1 1 818 819 817
1906 2 2 1 1 818 817 816
1907 2 2 1 1 820 821 819
1908 2 2 1 1 820 819 818
1909 2 2 1 1 822 816 504
1910 2 2 1 1 822 504 510
1911 2 2 1 1 823 818 816
1912 2 2 1 1 823 816 822
1913 2 2 1 1 824 820 818
1914 2 2 1 1 824 818 823
1915 2 2 1 1 825 822 510
1916 2 2 1 1 825 510 515
1917 2 2 1 1 826 823 822
1918 2 2 1 1 826 822 825
1919 2 2 1 1 827 824 823
1920 2 2 1 1 827 823 826
1921 2 2 1 1 828 825 515
1922 2 2 1 1 828 515 520
1923 2 2 1 1 829 826 825
1924 2 2 1 1 829 825 828
1925 2 2 1 1 830 827 826
1926 2 2 1 1 830 826 829
1927 2 2 1 1 831 828 520
1928 2 2 1 1 831 520 525
1929 2 2 1 1 832 829 828
1930 2 2 1 1 832 828 831
1931 2 2 1 1 833 830 829
1932 2 2 1 1 833 829 832
1933 2 2 1 1 834 831 525
1934 2 2 1 1 834 525 530
1935 2 2 1 1 835 832 831
1936 2 2 1 1 835 831 834
1937 2 2 1 1 836 833 832
1938 2 2 1 1 836 832 835
1939 2 2 1 1 837 834 530
1940 2 2 1 1 837 530 535
1941 2 2 1 1 838 835 834
1942 2 2 1 1 838 834 837
1943 2 2 1 1 839 836 835
1944 2 2 1 1 839 835 838
1945 2 2 1 1 840 837 535
1946 2 2 1 1 840 535 540
1947 2 2 1 1 841 838 837
1948 2 2 1 1 841 837 840
1949 2 2 1 1 842 839 838
1950 2 2 1 1 842 838 841
1951 2 2 1 1 843 840 540
1952 2 2 1 1 843 540 545
1953 2 2 1 1 844 841 840
1954 2 2 1 1 844 840 843
1955 2 2 1 1 845 842 841
1956 2 2 1 1 845 841 844
1957 2 2 1 1 846 843 545
1958 2 2 1 1 846 545 550
1959 2 2 1 1 847 844 843
1960 2 2 1 1 847 843 846
1961 2 2 1 1 848 845 844
1962 2 2 1 1 848 844 847
1963 2 2 1 1 849 846 550
1964 2 2 1 1 849 550 555
1965 2 2 1 1 850 847 846
1966 2 2 1 1 850 846 849
1967 2 2 1 1 851 848 847
1968 2 2 1 1 851 847 850
1969 2 2 1 1 852 849 555
1970 2 2 1 1 852 555 560
1971 2 2 1 1 853 850 849
1972 2 2 1 1 853 849 852
1973 2 2 1 1 854 851 850
1974 2 2 1 1 854 850 853
1975 2 2 1 1 855 852 560
1976 2 2 1 1 855 560 565
1977 2 2 1 1 856 853 852
1978 2 2 1 1 856 852 855
1979 2 2 1 1 857 854 853
1980 2 2 1 1 857 853 856
1981 2 2 1 1 858 855 565
1982 2 2 1 1 858 565 570
1983 2 2 1 1 859 856 855
1984 2 2 1 1 859 855 858
1985 2 2 1 1 860 857 856
1986 2 2 1 1 860 856 859
1987 2 2 1 1 861 858 570
1988 2 2 1 1 861 570 575
1989 2 2 1 1 862 859 858
1990 2 2 1 1 862 858 861
1991 2 2 1 1 863 860 859
1992 2 2 1 1 863 859 862
1993 2 2 1 1 864 861 575
1994 2 2 1 1 864 575 580
1995 2 2 1 1 865 862 861
1996 2 2 1 1 865 861 864
1997 2 2 1 1 866 863 862
1998 2 2 1 1 866 862 865
1999 2 2 1 1 867 864 580
2000 2 2 1 1 867 580 585
2001 2 2 1 1 868 865 864
2002 2 2 1 1 868 864 867
2003 2 2 1 1 869 866 865
2004 2 2 1 1 869 865 868
2005 2 2 1 1 870 867 585
2006 2 2 1 1 870 585 590
2007 2 2 1 1 871 868 867
2008 2 2 1 1 871 867 870
2009 2 2 1 1 872 869 868
2010 2 2 1 1 872 868 871
2011 2 2 1 1 873 870 590
2012 2 2 1 1 873 590 595
2013 2 2 1 1 874 871 870
2014 2 2 1 1 874 870 873
2015 2 2 1 1 875 872 871
2016 2 2 1 1 875 871 874
2017 2 2 1 1 876 873 595
2018 2 2 1 1 876 595 600
2019 2 2 1 1 877 874 873
2020 2 2 1 1 877 873 876
2021 2 2 1 1 878 875 874
2022 2 2 1 1 878 874 877
2023 2 2 1 1 879 876 600
2024 2 2 1 1 879 600 605
2025 2 2 1 1 880 877 876
2026 2 2 1 1 880 876 879
2027 2 2 1 1 881 878 877
2028 2 2 1 1 881 877 880
2029 2 2 1 1 882 879 605
2030 2 2 1 1 882 605 610
2031 2 2 1 1 883 880 879
2032 2 2 1 1 883 879 882
2033 2 2 1 1 884 881 880
2034 2 2 1 1 884 880 883
2035 2 2 1 1 885 882 610
2036 2 2 1 1 885 610 615
2037 2 2 1 1 886 883 882
2038 2 2 1 1 886 882 885
2039 2 2 1 1 887 884 883
2040 2 2 1 1 887 883 886
2041 2 2 1 1 888 885 615
2042 2 2 1 1 888 615 620
2043 2 2 1 1 889 886 885
2044 2 2 1 1 889 885 888
2045 2 2 1 1 890 887 886
2046 2 2 1 1 890 886 889
2047 2 2 1 1 891 888 620
2048 2 2 1 1 891 620 625
2049 2 2 1 1 892 889 888
2050 2 2 1 1 892 888 891
2051 2 2 1 1 893 890 889
2052 2 2 1 1 893 889 892
2053 2 2 1 1 894 891 625
2054 2 2 1 1 894 625 630
2055 2 2 1 1 895 892 891
2056 2 2 1 1 895 891 894
2057 2 2 1 1 896 893 892
2058 2 2 1 1 896 892 895
2059 2 2 1 1 897 894 630
2060 2 2 1 1 897 630 635
2061 2 2 1 1 898 895 894
2062 2 2 1 1 898 894 897
2063 2 2 1 1 899 896 895
2064 2 2 1 1 899 895 898
2065 2 2 1 1 900 897 635
2066 2 2 1 1 900 635 640
2067 2 2 1 1 901 898 897
2068 2 2 1 1 901 897 900
2069 2 2 1 1 902 899 898
2070 2 2 1 1 902 898 901
2071 2 2 1 1 903 900 640
2072 2 2 1 1 903 640 645
2073 2 2 1 1 904 901 900
2074 2 2 1 1 904 900 903
2075 2 2 1 1 905 902 901
2076 2 2 1 1 905 901 904
2077 2 2 1 1 906 903 645
2078 2 2 1 1 906 645 650
2079 2 2 1 1 907 904 903
2080 2 2 1 1 907 903 906
2081 2 2 1 1 908 905 904
2082 2 2 1 1 908 904 907
2083 2 2 1 1 909 906 650
2084 2 2 1 1 909 650 655
2085 2 2 1 1 910 907 906
2086 2 2 1 1 910 906 909
2087 2 2 1 1 911 908 907
2088 2 2 1 1 911 907 910
2089 2 2 1 1 912 909 655
2090 2 2 1 1 912 655 660
2091 2 2 1 1 913 910 909
2092 2 2 1 1 913 909 912
2093 2 2 1 1 914 911 910
2094 2 2 1 1 914 910 913
2095 2 2 1 1 915 912 660
2096 2 2 1 1 915 660 665
2097 2 2 1 1 916 913 912
2098 2 2 1 1 916 912 915
2099 2 2 1 1 917 914 913
2100 2 2 1 1 917 913 916
2101 2 2 1 1 918 915 665
2102 2 2 1 1 918 665 670
2103 2 2 1 1 919 916 915
2104 2 2 1 1 919 915 918
2105 2 2 1 1 920 917 916
2106 2 2 1 1 920 916 919
2107 2 2 1 1 921 918 670
2108 2 2 1 1 921 670 675
2109 2 2 1 1 922 919 918
2110 2 2 1 1 922 918 921
2111 2 2 1 1 923 920 919
2112 2 2 1 1 923 919 922
2113 2 2 1 1 924 921 675
2114 2 2 1 1 924 675 680
2115 2 2 1 1 925 922 921
2116 2 2 1 1 925 921 924
2117 2 2 1 1 926 923 922
2118 2 2 1 1 926 922 925
2119 2 2 1 1 927 924 680
2120 2 2 1 1 927 680 685
2121 2 2 1 1 928 925 924
2122 2 2 1 1 928 924 927
2123 2 2 1 1 929 926 925
2124 2 2 1 1 929 925 928
2125 2 2 1 1 930 927 685
2126 2 2 1 1 930 685 690
2127 2 2 1 1 931 928 927
2128 2 2 1 1 931 927 930
2129 2 2 1 1 932 929 928
2130 2 2 1 1 932 928 931
2131 2 2 1 1 933 930 690
2132 2 2 1 1 933 690 695
2133 2 2 1 1 934 931 930
2134 2 2 1 1 934 930 933
2135 2 2 1 1 935 932 931
2136 2 2 1 1 935 931 934
2137 2 2 1 1 936 933 695
2138 2 2 1 1 936 695 700
2139 2 2 1 1 937 934 933
2140 2 2 1 1 937 933 936
2141 2 2 1 1 938 935 934
2142 2 2 1 1 938 934 937
2143 2 2 1 1 939 936 700
2144 2 2 1 1 939 700 705
2145 2 2 1 1 940 937 936
2146 2 2 1 1 940 936 939
2147 2 2 1 1 941 938 937
2148 2 2 1 1 941 937 940
2149 2 2 1 1 942 939 705
2150 2 2 1 1 942 705 710
2151 2 2 1 1 943 940 939
2152 2 2 1 1 943 939 942
2153 2 2 1 1 944 941 940
2154 2 2 1 1 944 940 943
2155 2 2 1 1 945 942 710
2156 2 2 1 1 945 710 715
2157 2 2 1 1 946 943 942
2158 2 2 1 1 946 942 945
2159 2 2 1 1 947 944 943
2160 2 2 1 1 947 943 946
2161 2 2 1 1 948 945 715
2162 2 2 1 1 948 715 720
2163 2 2 1 1 949 946 945
2164 2 2 1 1 949 945 948
2165 2 2 1 1 950 947 946
2166 2 2 1 1 950 946 949
2167 2 2 1 1 951 948 720
2168 2 2 1 1 951 720 725
2169 2 2 1 1 952 949 948
2170 2 2 1 1 952 948 951
2171 2 2 1 1 953 950 949
2172 2 2 1 1 953 949 952
2173 2 2 1 1 954 951 725
2174 2 2 1 1 954 725 730
2175 2 2 1 1 955 952 951
2176 2 2 1 1 955 951 954
2177 2 2 1 1 956 953 952
2178 2 2 1 1 956 952 955
2179 2 2 1 1 957 954 730
2180 2 2 1 1 957 730 735
2181 2 2 1 1 958 955 954
2182 2 2 1 1 958 954 957
2183 2 2 1 1 959 956 955
2184 2 2 1 1 959 955 958
2185 2 2 1 1 960 957 735
2186 2 2 1 1 960 735 740
2187 2 2 1 1 961 958 957
2188 2 2 1 1 961 957 960
2189 2 2 1 1 962 959 958
2190 2 2 1 1 962 958 961
2191 2 2 1 1 963 960 740
2192 2 2 1 1 963 740 745
2193 2 2 1 1 964 961 960
2194 2 2 1 1 964 960 963
2195 2 2 1 1 965 962 961
2196 2 2 1 1 965 961 964
2197 2 2 1 1 966 963 745
2198 2 2 1 1 966 745 750
2199 2 2 1 1 967 964 963
2200 2 2 1 1 967 963 966
2201 2 2 1 1 968 965 964
2202 2 2 1 1 968 964 967
2203 2 2 1 1 969 966 750
2204 2 2 1 1 969 750 755
2205 2 2 1 1 970 967 966
2206 2 2 1 1 970 966 969
2207 2 2 1 1 971 968 967
2208 2 2 1 1 971 967 970
2209 2 2 1 1 972 969 755
2210 2 2 1 1 972 755 760
2211 2 2 1 1 973 970 969
2212 2 2 1 1 973 969 972
2213 2 2 1 1 974 971 970
2214 2 2 1 1 974 970 973
2215 2 2 1 1 975 972 760
2216 2 2 1 1 975 760 765
2217 2 2 1 1 976 973 972
2218 2 2 1 1 976 972 975
2219 2 2 1 1 977 974 973
2220 2 2 1 1 977 973 976
2221 2 2 1 1 978 975 765
2222 2 2 1 1 978 765 770
2223 2 2 1 1 979 976 975
2224 2 2 1 1 979 975 978
2225 2 2 1 1 980 977 976
2226 2 2 1 1 980 976 979
2227 2 2 1 1 981 978 770
2228 2 2 1 1 981 770 775
2229 2 2 1 1 982 979 978
2230 2 2 1 1 982 978 981
2231 2 2 1 1 983 980 979
2232 2 2 1 1 983 979 982
2233 2 2 1 1 984 981 775
2234 2 2 1 1 984 775 780
2235 2 2 1 1 985 982 981
2236 2 2 1 1 985 981 984
2237 2 2 1 1 986 983 982
2238 2 2 1 1 986 982 985
2239 2 2 1 1 987 984 780
2240 2 2 1 1 987 780 785
2241 2 2 1 1 988 985 984
2242 2 2 1 1 988 984 987
2243 2 2 1 1 989 986 985
2244 2 2 1 1 989 985 988
2245 2 2 1 1 990 987 785
2246 2 2 1 1 990 785 790
2247 2 2 1 1 991 988 987
2248 2 2 1 1 991 987 990
2249 2 2 1 1 992 989 988
2250 2 2 1 1 992 988 991
2251 2 2 1 1 993 990 790
2252 2 2 1 1 993 790 795
2253 2 2 1 1 994 991 990
2254 2 2 1 1 994 990 993
2255 2 2 1 1 995 992 991
2256 2 2 1 1 995 991 994
2257 2 2 1 1 996 993 795
2258 2 2 1 1 996 795 800
2259 2 2 1 1 997 994 993
2260 2 2 1 1 997 993 996
2261 2 2 1 1 998 995 994
2262 2 2 1 1 998 994 997
2263 2 2 1 1 999 996 800
2264 2 2 1 1 999 800 805
2265 2 2 1 1 1000 997 996
2266 2 2 1 1 1000 996 999
2267 2 2 1 1 1001 998 997
2268 2 2 1 1 1001 997 1000
2269 2 2 1 1 1002 999 805
2270 2 2 1 1 1002 805 810
2271 2 2 1 1 1003 1000 999
2272 2 2 1 1 1003 999 1002
2273 2 2 1 1 1004 1001 1000
2274 2 2 1 1 1004 1000 1003
2275 2 2 1 1 1005 1002 810
2276 2 2 1 1 1005 810 815
2277 2 2 1 1 1006 1003 1002
2278 2 2 1 1 1006 1002 1005
2279 2 2 1 1 1007 1004 1003
2280 2 2 1 1 1007 1003 1006
2281 2 2 1 1 817 1005 815
2282 2 2 1 1 817 815 505
2283 2 2 1 1 819 1006 1005
2284 2 2 1 1 819 1005 817
2285 2 2 1 1 821 1007 1006
2286 2 2 1 1 821 1006 819
2287 2 2 1 1 1008 1009 821
2288 2 2 1 1 1008 821 820
2289 2 2 1 1 1010 1011 1009
2290 2 2 1 1 1010 1009 1008
2291 2 2 1 1 1012 1013 1011
2292 2 2 1 1 1012 1011 1010
2293 2 2 1 1 1014 1015 1013
2294 2 2 1 1 1014 1013 1012
2295 2 2 1 1 1016 1008 820
2296 2 2 1 1 1016 820 824
2297 2 2 1 1 1017 1010 1008
2298 2 2 1 1 1017 1008 1016
2299 2 2 1 1 1018 1012 1010
2300 2 2 1 1 1018 1010 1017
2301 2 2 1 1 1019 1014 1012
2302 2 2 1 1 1019 1012 1018
2303 2 2 1 1 1020 1016 824
2304 2 2 1 1 1020 824 827
2305 2 2 1 1 1021 1017 1016
2306 2 2 1 1 1021 1016 1020
2307 2 2 1 1 1022 1018 1017
2308 2 2 1 1 1022 1017 1021
2309 2 2 1 1 1023 1019 1018
2310 2 2 1 1 1023 1018 1022
2311 2 2 1 1 1024 1020 827
2312 2 2 1 1 1024 827 830
2313 2 2 1 1 1025 1021 1020
2314 2 2 1 1 1025 1020 1024
2315 2 2 1 1 1026 1022 1021
2316 2 2 1 1 1026 1021 1025
2317 2 2 1 1 1027 1023 1022
2318 2 2 1 1 1027 1022 1026
2319 2 2 1 1 1028 1024 830
2320 2 2 1 1 1028 830 833
2321 2 2 1 1 1029 1025 1024
2322 2 2 1 1 1029 1024 1028
2323 2 2 1 1 1030 1026 1025
2324 2 2 1 1 1030 1025 1029
2325 2 2 1 1 1031 1027 1026
2326 2 2 1 1 1031 1026 1030
2327 2 2 1 1 1032 1028 833
2328 2 2 1 1 1032 833 836
2329 2 2 1 1 1033 1029 1028
2330 2 2 1 1 1033 1028 1032
2331 2 2 1 1 1034 1030 1029
2332 2 2 1 1 1034 1029 1033
2333 2 2 1 1 1035 1031 1030
2334 2 2 1 1 1035 1030 1034
2335 2 2 1 1 1036 1032 836
2336 2 2 1 1 1036 836 839
2337 2 2 1 1 1037 1033 1032
2338 2 2 1 1 1037 1032 1036
2339 2 2 1 1 1038 1034 1033
2340 2 2 1 1 1038 1033 1037
2341 2 2 1 1 1039 1035 1034
2342 2 2 1 1 1039 1034 1038
2343 2 2 1 1 1040 1036 839
2344 2 2 1 1 1040 839 842
2345 2 2 1 1 1041 1037 1036
2346 2 2 1 1 1041 1036 1040
2347 2 2 1 1 1042 1038 1037
2348 2 2 1 1 1042 1037 1041
2349 2 2 1 1 1043 1039 1038
2350 2 2 1 1 1043 1038 1042
2351 2 2 1 1 1044 1040 842
2352 2 2 1 1 1044 842 845
2353 2 2 1 1 1045 1041 1040
2354 2 2 1 1 1045 1040 1044
2355 2 2 1 1 1046 1042 1041
2356 2 2 1 1 1046 1041 1045
2357 2 2 1 1 1047 1043 1042
2358 2 2 1 1 1047 1042 1046
2359 2 2 1 1 1048 1044 845
2360 2 2 1 1 1048 845 848
2361 2 2 1 1 1049 1045 1044
2362 2 2 1 1 1049 1044 1048
2363 2 2 1 1 1050 1046 1045
2364 2 2 1 1 1050 1045 1049
2365 2 2 1 1 1051 1047 1046
2366 2 2 1 1 1051 1046 1050
2367 2 2 1 1 1052 1048 848
2368 2 2 1 1 1052 848 851
2369 2 2 1 1 1053 1049 1048
2370 2 2 1 1 1053 1048 1052
2371 2 2 1 1 1054 1050 1049
2372 2 2 1 1 1054 1049 1053
2373 2 2 1 1 1055 1051 1050
2374 2 2 1 1 1055 1050 1054
2375 2 2 1 1 1056 1052 851
2376 2 2 1 1 1056 851 854
2377 2 2 1 1 1057 1053 1052
2378 2 2 1 1 1057 1052 1056
2379 2 2 1 1 1058 1054 1053
2380 2 2 1 1 1058 1053 1057
2381 2 2 1 1 1059 1055 1054
2382 2 2 1 1 1059 1054 1058
2383 2 2 1 1 1060 1056 854
2384 2 2 1 1 1060 854 857
2385 2 2 1 1 1061 1057 1056
2386 2 2 1 1 1061 1056 1060
2387 2 2 1 1 1062 1058 1057
2388 2 2 1 1 1062 1057 1061
2389 2 2 1 1 1063 1059 1058
2390 2 2 1 1 1063 1058 1062
2391 2 2 1 1 1064 1060 857
2392 2 2 1 1 1064 857 860
2393 2 2 1 1 1065 1061 1060
2394 2 2 1 1 1065 1060 1064
2395 2 2 1 1 1066 1062 1061
2396 2 2 1 1 1066 1061 1065
2397 2 2 1 1 1067 1063 1062
2398 2 2 1 1 1067 1062 1066
2399 2 2 1 1 1068 1064 860
2400 2 2 1 1 1068 860 863
2401 2 2 1 1 1069 1065 1064
2402 2 2 1 1 1069 1064 1068
2403 2 2 1 1 1070 1066 1065
2404 2 2 1 1 1070 1065 1069
2405 2 2 1 1 1071 1067 1066
2406 2 2 1 1 1071 1066 1070
2407 2 2 1 1 1072 1068 863
2408 2 2 1 1 1072 863 866
2409 2 2 1 1 1073 1069 1068
2410 2 2 1 1 1073 1068 1072
2411 2 2 1 1 1074 1070 1069
2412 2 2 1 1 1074 1069 1073
2413 2 2 1 1 1075 1071 1070
2414 2 2 1 1 1075 1070 1074
2415 2 2 1 1 1076 1072 866
2416 2 2 1 1 1076 866 869
2417 2 2 1 1 1077 1073 1072
2418 2 2 1 1 1077 1072 1076
2419 2 2 1 1 1078 1074 1073
2420 2 2 1 1 1078 1073 1077
2421 2 2 1 1 1079 1075 1074
2422 2 2 1 1 1079 1074 1078
2423 2 2 1 1 1080 1076 869
2424 2 2 1 1 1080 869 872
2425 2 2 1 1 1081 1077 1076
2426 2 2 1 1 1081 1076 1080
2427 2 2 1 1 1082 1078 1077
2428 2 2 1 1 1082 1077 1081
2429 2 2 1 1 1083 1079 1078
2430 2 2 1 1 1083 1078 1082
2431 2 2 1 1 1084 1080 872
2432 2 2 1 1 1084 872 875
2433 2 2 1 1 1085 1081 1080
2434 2 2 1 1 1085 1080 1084
2435 2 2 1 1 1086 1082 1081
2436 2 2 1 1 1086 1081 1085
2437 2 2 1 1 1087 1083 1082
2438 2 2 1 1 1087 1082 1086
2439 2 2 1 1 1088 1084 875
2440 2 2 1 1 1088 875 878
2441 2 2 1 1 1089 1085 1084
2442 2 2 1 1 1089 1084 1088
2443 2 2 1 1 1090 1086 1085
2444 2 2 1 1 1090 1085 1089
2445 2 2 1 1 1091 1087 1086
2446 2 2 1 1 1091 1086 1090
2447 2 2 1 1 1092 1088 878
2448 2 2 1 1 1092 878 881
2449 2 2 1 1 1093 1089 1088
2450 2 2 1 1 1093 1088 1092
2451 2 2 1 1 1094 1090 1089
2452 2 2 1 1 1094 1089 1093
2453 2 2 1 1 1095 1091 1090
2454 2 2 1 1 1095 1090 1094
2455 2 2 1 1 1096 1092 881
2456 2 2 1 1 1096 881 884
2457 2 2 1 1 1097 1093 1092
2458 2 2 1 1 1097 1092 1096
2459 2 2 1 1 1098 1094 1093
2460 2 2 1 1 1098 1093 1097
2461 2 2 1 1 1099 1095 1094
2462 2 2 1 1 1099 1094 1098
2463 2 2 1 1 1100 1096 884
2464 2 2 1 1 1100 884 887
2465 2 2 1 1 1101 1097 1096
2466 2 2 1 1 1101 1096 1100
2467 2 2 1 1 1102 1098 1097
2468 2 2 1 1 1102 1097 1101
2469 2 2 1 1 1103 1099 1098
2470 2 2 1 1 1103 1098 1102
2471 2 2 1 1 1104 1100 887
2472 2 2 1 1 1104 887 890
2473 2 2 1 1 1105 1101 1100
2474 2 2 1 1 1105 1100 1104
2475 2 2 1 1 1106 1102 1101
2476 2 2 1 1 1106 1101 1105
2477 2 2 1 1 1107 1103 1102
2478 2 2 1 1 1107 1102 1106
2479 2 2 1 1 1108 1104 890
2480 2 2 1 1 1108 890 893
2481 2 2 1 1 1109 1105 1104
2482 2 2 1 1 1109 1104 1108
2483 2 2 1 1 1110 1106 1105
2484 2 2 1 1 1110 1105 1109
2485 2 2 1 1 1111 1107 1106
2486 2 2 1 1 1111 1106 1110
2487 2 2 1 1 1112 1108 893
2488 2 2 1 1 1112 893 896
2489 2 2 1 1 1113 1109 1108
2490 2 2 1 1 1113 1108 1112
2491 2 2 1 1 1114 1110 1109
2492 2 2 1 1 1114 1109 1113
2493 2 2 1 1 1115 1111 1110
2494 2 2 1 1 1115 1110 1114
2495 2 2 1 1 1116 1112 896
2496 2 2 1 1 1116 896 899
2497 2 2 1 1 1117 1113 1112
2498 2 2 1 1 1117 1112 1116
2499 2 2 1 1 1118 1114 1113
2500 2 2 1 1 1118 1113 1117
2501 2 2 1 1 1119 1115 1114
2502 2 2 1 1 1119 1114 1118
2503 2 2 1 1 1120 1116 899
2504 2 2 1 1 1120 899 902
2505 2 2 1 1 1121 1117 1116
2506 2 2 1 1 1121 1116 1120
2507 2 2 1 1 1122 1118 1117
2508 2 2 1 1 1122 1117 1121
2509 2 2 1 1 1123 1119 1118
2510 2 2 1 1 1123 1118 1122
2511 2 2 1 1 1124 1120 902
2512 2 2 1 1 1124 902 905
2513 2 2 1 1 1125 1121 1120
2514 2 2 1 1 1125 1120 1124
2515 2 2 1 1 1126 1122 1121
2516 2 2 1 1 1126 1121 1125
2517 2 2 1 1 1127 1123 1122
2518 2 2 1 1 1127 1122 1126
2519 2 2 1 1 1128 1124 905
2520 2 2 1 1 1128 905 908
2521 2 2 1 1 1129 1125 1124
2522 2 2 1 1 1129 1124 1128
2523 2 2 1 1 1130 1126 1125
2524 2 2 1 1 1130 1125 1129
2525 2 2 1 1 1131 1127 1126
2526 2 2 1 1 1131 1126 1130
2527 2 2 1 1 1132 1128 908
2528 2 2 1 1 1132 908 911
2529 2 2 1 1 1133 1129 1128
2530 2 2 1 1 1133 1128 1132
2531 2 2 1 1 1134 1130 1129
2532 2 2 1 1 1134 1129 1133
2533 2 2 1 1 1135 1131 1130
2534 2 2 1 1 1135 1130 1134
2535 2 2 1 1 1136 1132 911
2536 2 2 1 1 1136 911 914
2537 2 2 1 1 1137 1133 1132
2538 2 2 1 1 1137 1132 1136
2539 2 2 1 1 1138 1134 1133
2540 2 2 1 1 1138 1133 1137
2541 2 2 1 1 1139 1135 1134
2542 2 2 1 1 1139 1134 1138
2543 2 2 1 1 1140 1136 914
2544 2 2 1 1 1140 914 917
2545 2 2 1 1 1141 1137 1136
2546 2 2 1 1 1141 1136 1140
2547 2 2 1 1 1142 1138 1137
2548 2 2 1 1 1142 1137 1141
2549 2 2 1 1 1143 1139 1138
2550 2 2 1 1 1143 1138 1142
2551 2 2 1 1 1144 1140 917
2552 2 2 1 1 1144 917 920
2553 2 2 1 1 1145 1141 1140
2554 2 2 1 1 1145 1140 1144
2555 2 2 1 1 1146 1142 1141
2556 2 2 1 1 1146 1141 1145
2557 2 2 1 1 1147 1143 1142
2558 2 2 1 1 1147 1142 1146
2559 2 2 1 1 1148 1144 920
2560 2 2 1 1 1148 920 923
2561 2 2 1 1 1149 1145 1144
2562 2 2 1 1 1149 1144 1148
2563 2 2 1 1 1150 1146 1145
2564 2 2 1 1 1150 1145 1149
2565 2 2 1 1 1151 1147 1146
2566 2 2 1 1 1151 1146 1150
2567 2 2 1 1 1152 1148 923
2568 2 2 1 1 1152 923 926
2569 2 2 1 1 1153 1149 1148
2570 2 2 1 1 1153 1148 1152
2571 2 2 1 1 1154 1150 1149
2572 2 2 1 1 1154 1149 1153
2573 2 2 1 1 1155 1151 1150
2574 2 2 1 1 1155 1150 1154
2575 2 2 1 1 1156 1152 926
2576 2 2 1 1 1156 926 929
2577 2 2 1 1 1157 1153 1152
2578 2 2 1 1 1157 1152 1156
2579 2 2 1 1 1158 1154 1153
2580 2 2 1 1 1158 1153 1157
2581 2 2 1 1 1159 1155 1154
2582 2 2 1 1 1159 1154 1158
2583 2 2 1 1 1160 1156 929
2584 2 2 1 1 1160 929 932
2585 2 2 1 1 1161 1157 1156
2586 2 2 1 1 1161 1156 1160
2587 2 2 1 1 1162 1158 1157
2588 2 2 1 1 1162 1157 1161
2589 2 2 1 1 1163 1159 1158
2590 2 2 1 1 1163 1158 1162
2591 2 2 1 1 1164 1160 932
2592 2 2 1 1 1164 932 935
2593 2 2 1 1 1165 1161 1160
2594 2 2 1 1 1165 1160 1164
2595 2 2 1 1 1166 1162 1161
2596 2 2 1 1 1166 1161 1165
2597 2 2 1 1 1167 1163 1162
2598 2 2 1 1 1167 1162 1166
2599 2 2 1 1 1168 1164 935
2600 2 2 1 1 1168 935 938
2601 2 2 1 1 1169 1165 1164
2602 2 2 1 1 1169 1164 1168
2603 2 2 1 1 1170 1166 1165
2604 2 2 1 1 1170 1165 1169
2605 2 2 1 1 1171 1167 1166
2606 2 2 1 1 1171 1166 1170
2607 2 2 1 1 1172 1168 938
2608 2 2 1 1 1172 938 941
2609 2 2 1 1 1173 1169 1168
2610 2 2 1 1 1173 1168 1172
2611 2 2 1 1 1174 1170 1169
2612 2 2 1 1 1174 1169 1173
2613 2 2 1 1 1175 1171 1170
2614 2 2 1 1 1175 1170 1174
2615 2 2 1 1 1176 1172 941
2616 2 2 1 1 1176 941 944
2617 2 2 1 1 1177 1173 1172
2618 2 2 1 1 1177 1172 1176
2619 2 2 1 1 1178 1174 1173
2620 2 2 1 1 1178 1173 1177
2621 2 2 1 1 1179 1175 1174
2622 2 2 1 1 1179 1174 1178
2623 2 2 1 1 1180 1176 944
2624 2 2 1 1 1180 944 947
2625 2 2 1 1 1181 1177 1176
2626 2 2 1 1 1181 1176 1180
2627 2 2 1 1 1182 1178 1177
2628 2 2 1 1 1182 1177 1181
2629 2 2 1 1 1183 1179 1178
2630 2 2 1 1 1183 1178 1182
2631 2 2 1 1 1184 1180 947
2632 2 2 1 1 1184 947 950
2633 2 2 1 1 1185 1181 1180
2634 2 2 1 1 1185 1180 1184
2635 2 2 1 1 1186 1182 1181
2636 2 2 1 1 1186 1181 1185
2637 2 2 1 1 1187 1183 1182
2638 2 2 1 1 1187 1182 1186
2639 2 2 1 1 1188 1184 950
2640 2 2 1 1 1188 950 953
2641 2 2 1 1 1189 1185 1184
2642 2 2 1 1 1189 1184 1188
2643 2 2 1 1 1190 1186 1185
2644 2 2 1 1 1190 1185 1189
2645 2 2 1 1 1191 1187 1186
2646 2 2 1 1 1191 1186 1190
2647 2 2 1 1 1192 1188 953
2648 2 2 1 1 1192 953 956
2649 2 2 1 1 1193 1189 1188
2650 2 2 1 1 1193 1188 1192
2651 2 2 1 1 1194 1190 1189
2652 2 2 1 1 1194 1189 1193
2653 2 2 1 1 1195 1191 1190
2654 2 2 1 1 1195 1190 1194
2655 2 2 1 1 1196 1192 956
2656 2 2 1 1 1196 956 959
2657 2 2 1 1 1197 1193 1192
2658 2 2 1 1 1197 1192 1196
2659 2 2 1 1 1198 1194 1193
2660 2 2 1 1 1198 1193 1197
2661 2 2 1 1 1199 1195 1194
2662 2 2 1 1 1199 1194 1198
2663 2 2 1 1 1200 1196 959
2664 2 2 1 1 1200 959 962
2665 2 2 1 1 1201 1197 1196
2666 2 2 1 1 1201 1196 1200
2667 2 2 1 1 1202 1198 1197
2668 2 2 1 1 1202 1197 1201
2669 2 2 1 1 1203 1199 1198
2670 2 2 1 1 1203 1198 1202
2671 2 2 1 1 1204 1200 962
2672 2 2 1 1 1204 962 965
2673 2 2 1 1 1205 1201 1200
2674 2 2 1 1 1205 1200 1204
2675 2 2 1 1 1206 1202 1201
2676 2 2 1 1 1206 1201 1205
2677 2 2 1 1 1207 1203 1202
2678 2 2 1 1 1207 1202 1206
2679 2 2 1 1 1208 1204 965
2680 2 2 1 1 1208 965 968
2681 2 2 1 1 1209 1205 1204
2682 2 2 1 1 1209 1204 1208
2683 2 2 1 1 1210 1206 1205
2684 2 2 1 1 1210 1205 1209
2685 2 2 1 1 1211 1207 1206
2686 2 2 1 1 1211 1206 1210
2687 2 2 1 1 1212 1208 968
2688 2 2 1 1 1212 968 971
2689 2 2 1 1 1213 1209 1208
2690 2 2 1 1 1213 1208 1212
2691 2 2 1 1 1214 1210 1209
2692 2 2 1 1 1214 1209 1213
2693 2 2 1 1 1215 1211 1210
2694 2 2 1 1 1215 1210 1214
2695 2 2 1 1 1216 1212 971
2696 2 2 1 1 1216 971 974
2697 2 2 1 1 1217 1213 1212
2698 2 2 1 1 1217 1212 1216
2699 2 2 1 1 1218 1214 1213
2700 2 2 1 1 1218 1213 1217
2701 2 2 1 1 1219 1215 1214
2702 2 2 1 1 1219 1214 1218
2703 2 2 1 1 1220 1216 974
2704 2 2 1 1 1220 974 977
2705 2 2 1 1 1221 1217 1216
2706 2 2 1 1 1221 1216 1220
2707 2 2 1 1 1222 1218 1217
2708 2 2 1 1 1222 1217 1221
2709 2 2 1 1 1223 1219 1218
2710 2 2 1 1 1223 1218 1222
2711 2 2 1 1 1224 1220 977
2712 2 2 1 1 1224 977 980
2713 2 2 1 1 1225 1221 1220
2714 2 2 1 1 1225 1220 1224
2715 2 2 1 1 1226 1222 1221
2716 2 2 1 1 1226 1221 1225
2717 2 2 1 1 1227 1223 1222
2718 2 2 1 1 1227 1222 1226
2719 2 2 1 1 1228 1224 980
2720 2 2 1 1 1228 980 983
2721 2 2 1 1 1229 1225 1224
2722 2 2 1 1 1229 1224 1228
2723 2 2 1 1 1230 1226 1225
2724 2 2 1 1 1230 1225 1229
2725 2 2 1 1 1231 1227 1226
2726 2 2 1 1 1231 1226 1230
2727 2 2 1 1 1232 1228 983
2728 2 2 1 1 1232 983 986
2729 2 2 1 1 1233 1229 1228
2730 2 2 1 1 1233 1228 1232
2731 2 2 1 1 1234 1230 1229
2732 2 2 1 1 1234 1229 1233
2733 2 2 1 1 1235 1231 1230
2734 2 2 1 1 1235 1230 1234
2735 2 2 1 1 1236 1232 986
2736 2 2 1 1 1236 986 989
2737 2 2 1 1 1237 1233 1232
2738 2 2 1 1 1237 1232 1236
2739 2 2 1 1 1238 1234 1233
2740 2 2 1 1 1238 1233 1237
2741 2 2 1 1 1239 1235 1234
2742 2 2 1 1 1239 1234 1238
2743 2 2 1 1 1240 1236 989
2744 2 2 1 1 1240 989 992
2745 2 2 1 1 1241 1237 1236
2746 2 2 1 1 1241 1236 1240
2747 2 2 1 1 1242 1238 1237
2748 2 2 1 1 1242 1237 1241
2749 2 2 1 1 1243 1239 1238
2750 2 2 1 1 1243 1238 1242
2751 2 2 1 1 1244 1240 992
2752 2 2 1 1 1244 992 995
2753 2 2 1 1 1245 1241 1240
2754 2 2 1 1 1245 1240 1244
2755 2 2 1 1 1246 1242 1241
2756 2 2 1 1 1246 1241 1245
2757 2 2 1 1 1247 1243 1242
2758 2 2 1 1 1247 1242 1246
2759 2 2 1 1 1248 1244 995
2760 2 2 1 1 1248 995 998
2761 2 2 1 1 1249 1245 1244
2762 2 2 1 1 1249 1244 1248
2763 2 2 1 1 1250 1246 1245
2764 2 2 1 1 1250 1245 1249
2765 2 2 1 1 1251 1247 1246
2766 2 2 1 1 1251 1246 1250
2767 2 2 1 1 1252 1248 998
2768 2 2 1 1 1252 998 1001
2769 2 2 1 1 1253 1249 1248
2770 2 2 1 1 1253 1248 1252
2771 2 2 1 1 1254 1250 1249
2772 2 2 1 1 1254 1249 1253
2773 2 2 1 1 1255 1251 1250
2774 2 2 1 1 1255 1250 1254
2775 2 2 1 1 1256 1252 1001
2776 2 2 1 1 1256 1001 1004
2777 2 2 1 1 1257 1253 1252
2778 2 2 1 1 1257 1252 1256
2779 2 2 1 1 1258 1254 1253
2780 2 2 1 1 1258 1253 1257
2781 2 2 1 1 1259 1255 1254
2782 2 2 1 1 1259 1254 1258
2783 2 2 1 1 1260 1256 1004
2784 2 2 1 1 1260 1004 1007
2785 2 2 1 1 1261 1257 1256
2786 2 2 1 1 1261 1256 1260
2787 2 2 1 1 1262 1258 1257
2788 2 2 1 1 1262 1257 1261
2789 2 2 1 1 1263 1259 1258
2790 2 2 1 1 1263 1258 1262
2791 2 2 1 1 1009 1260 1007
2792 2 2 1 1 1009 1007 821
2793 2 2 1 1 1011 1261 1260
2794 2 2 1 1 1011 1260 1009
2795 2 2 1 1 1013 1262 1261
2796 2 2 1 1 1013 1261 1011
2797 2 2 1 1 1015 1263 1262
2798 2 2 1 1 1015 1262 1013
2799 2 2 1 1 1264 1265 1266
2800 2 2 1 1 1264 1266 1266
2801 2 2 1 1 1266 1267 1264
2802 2 2 1 1 1266 1264 1264
2803 2 2 1 1 1268 1267 1269
2804 2 2 1 1 1268 1269 1269
2805 2 2 1 1 1269 1267 1266
2806 2 2 1 1 1269 1266 1266
2807 2 2 1 1 1270 1265 1264
2808 2 2 1 1 1270 1264 1264
2809 2 2 1 1 1271 1272 737
2810 2 2 1 1 1271 737 737
2811 2 2 1 1 1273 1274 1270
2812 2 2 1 1 1273 1270 1270
2813 2 2 1 1 1265 1270 1274
2814 2 2 1 1 1265 1274 1274
2815 2 2 1 1 1271 1274 1273
2816 2 2 1 1 1271 1273 1273
2817 2 2 1 1 1273 1272 1271
2818 2 2 1 1 1273 1271 1271
2819 2 2 1 1 1275 1276 1277
2820 2 2 1 1 1275 1277 1277
2821 2 2 1 1 1278 1279 1280
2822 2 2 1 1 1278 1280 1280
2823 2 2 1 1 1281 1278 1280
2824 2 2 1 1 1281 1280 1280
2825 2 2 1 1 1282 1275 1279
2826 2 2 1 1 1282 1279 1279
2827 2 2 1 1 1279 1278 1282
2828 2 2 1 1 1279 1282 1282
2829 2 2 1 1 1269 1283 1268
2830 2 2 1 1 1269 1268 1268
2831 2 2 1 1 1284 1268 1283
2832 2 2 1 1 1284 1283 1283
2833 2 2 1 1 1277 1284 1283
2834 2 2 1 1 1277 1283 1283
2835 2 2 1 1 1276 1284 1277
2836 2 2 1 1 1276 1277 1277
2837 2 2 1 1 1276 1275 1282
2838 2 2 1 1 1276 1282 1282
2839 2 2 1 1 1285 1286 1287
2840 2 2 1 1 1285 1287 1287
2841 2 2 1 1 1286 1285 1288
2842 2 2 1 1 1286 1288 1288
2843 2 2 1 1 1287 1272 1285
2844 2 2 1 1 1287 1285 1285
2845 2 2 1 1 1272 1287 737
2846 2 2 1 1 1272 737 737
2847 2 2 1 1 1289 1286 1288
2848 2 2 1 1 1289 1288 1288
2849 2 2 1 1 1290 1291 1289
2850 2 2 1 1 1290 1289 1289
2851 2 2 1 1 1292 1291 1293
2852 2 2 1 1 1292 1293 1293
2853 2 2 1 1 1290 1293 1291
2854 2 2 1 1 1290 1291 1291
2855 2 2 1 1 1294 1292 1293
2856 2 2 1 1 1294 1293 1293
2857 2 2 1 1 1290 1289 1288
2858 2 2 1 1 1290 1288 1288
2859 2 2 1 1 1295 1296 1294
2860 2 2 1 1 1295 1294 1294
2861 2 2 1 1 1292 1294 1296
2862 2 2 1 1 1292 1296 1296
2863 2 2 1 1 1297 1298 1295
2864 2 2 1 1 1297 1295 1295
2865 2 2 1 1 1298 1296 1295
2866 2 2 1 1 1298 1295 1295
2867 2 2 1 1 1299 1300 1297
2868 2 2 1 1 1299 1297 1297
2869 2 2 1 1 1300 1298 1297
2870 2 2 1 1 1300 1297 1297
2871 2 2 1 1 1301 1302 1303
2872 2 2 1 1 1301 1303 1303
2873 2 2 1 1 1299 1302 1300
2874 2 2 1 1 1299 1300 1300
2875 2 2 1 1 1304 1301 1303
2876 2 2 1 1 1304 1303 1305
2877 2 2 1 1 1299 1303 1302
2878 2 2 1 1 1299 1302 1302
2879 2 2 1 1 1306 1307 1281
2880 2 2 1 1 1306 1281 1281
2881 2 2 1 1 1278 1281 1307
2882 2 2 1 1 1278 1307 1307
2883 2 2 1 1 1308 1309 1306
2884 2 2 1 1 1308 1306 1306
2885 2 2 1 1 1307 1306 1309
2886 2 2 1 1 1307 1309 1309
2887 2 2 1 1 1310 1311 1308
2888 2 2 1 1 1310 1308 1308
2889 2 2 1 1 1311 1309 1308
2890 2 2 1 1 1311 1308 1308
2891 2 2 1 1 1312 1313 1314
2892 2 2 1 1 1312 1314 1314
2893 2 2 1 1 1310 1313 1311
2894 2 2 1 1 1310 1311 1311
2895 2 2 1 1 1315 1312 1314
2896 2 2 1 1 1315 1314 1314
2897 2 2 1 1 1310 1314 1313
2898 2 2 1 1 1310 1313 1313
2899 2 2 1 1 1316 1317 1318
2900 2 2 1 1 1316 1318 1318
2901 2 2 1 1 1317 1316 1319
2902 2 2 1 1 1317 1319 1319
2903 2 2 1 1 1315 1316 1318
2904 2 2 1 1 1315 1318 1318
2905 2 2 1 1 1315 1318 1312
2906 2 2 1 1 1315 1312 1312
2907 2 2 1 1 1320 1317 1319
2908 2 2 1 1 1320 1319 1319
2909 2 2 1 1 1321 1322 1320
2910 2 2 1 1 1321 1320 1320
2911 2 2 1 1 1323 1322 1324
2912 2 2 1 1 1323 1324 1324
2913 2 2 1 1 1321 1324 1322
2914 2 2 1 1 1321 1322 1322
2915 2 2 1 1 577 1323 1324
2916 2 2 1 1 577 1324 1324
2917 2 2 1 1 1321 1320 1319
2918 2 2 1 1 1321 1319 1319
2919 2 2 1 1 1325 1326 1327
2920 2 2 1 1 1325 1327 1327
2921 2 2 1 1 1328 1329 1330
2922 2 2 1 1 1328 1330 1330
2923 2 2 1 1 1331 1328 1330
2924 2 2 1 1 1331 1330 1330
2925 2 2 1 1 1332 1325 1329
2926 2 2 1 1 1332 1329 1329
2927 2 2 1 1 1329 1328 1332
2928 2 2 1 1 1329 1332 1332
2929 2 2 1 1 1333 1304 1305
2930 2 2 1 1 1333 1305 1305
2931 2 2 1 1 1305 1327 1333
2932 2 2 1 1 1305 1333 1333
2933 2 2 1 1 1333 1327 1326
2934 2 2 1 1 1333 1326 1326
2935 2 2 1 1 1326 1325 1332
2936 2 2 1 1 1326 1332 1332
2937 2 2 1 1 1334 1335 1336
2938 2 2 1 1 1334 1336 1336
2939 2 2 1 1 1334 1336 1337
2940 2 2 1 1 1334 1337 1337
2941 2 2 1 1 1337 1336 1323
2942 2 2 1 1 1337 1323 1323
2943 2 2 1 1 1337 1323 577
2944 2 2 1 1 1337 577 577
2945 2 2 1 1 1338 1335 1334
2946 2 2 1 1 1338 1334 1334
2947 2 2 1 1 1339 1340 1341
2948 2 2 1 1 1339 1341 1341
2949 2 2 1 1 1331 1340 1339
2950 2 2 1 1 1331 1339 1339
2951 2 2 1 1 1338 1339 1341
2952 2 2 1 1 1338 1341 1341
2953 2 2 1 1 1338 1341 1335
2954 2 2 1 1 1338 1335 1335
2955 2 2 1 1 1330 1340 1331
2956 2 2 1 1 1330 1331 1331
2957 2 2 1 1 1342 1343 479
2958 2 2 1 1 1342 479 490
2959 2 2 1 1 1344 1323 1343
2960 2 2 1 1 1344 1343 1342
2961 2 2 1 1 1345 1342 490
2962 2 2 1 1 1345 490 489
2963 2 2 1 1 1346 1344 1342
2964 2 2 1 1 1346 1342 1345
2965 2 2 1 1 1347 1345 489
2966 2 2 1 1 1347 489 492
2967 2 2 1 1 1348 1346 1345
2968 2 2 1 1 1348 1345 1347
2969 2 2 1 1 1349 1347 492
2970 2 2 1 1 1349 492 491
2971 2 2 1 1 1350 1348 1347
2972 2 2 1 1 1350 1347 1349
2973 2 2 1 1 1351 1349 491
2974 2 2 1 1 1351 491 493
2975 2 2 1 1 1352 1350 1349
2976 2 2 1 1 1352 1349 1351
2977 2 2 1 1 1353 1351 493
2978 2 2 1 1 1353 493 495
2979 2 2 1 1 1354 1352 1351
2980 2 2 1 1 1354 1351 1353
2981 2 2 1 1 1355 1353 495
2982 2 2 1 1 1355 495 494
2983 2 2 1 1 1356 1354 1353
2984 2 2 1 1 1356 1353 1355
2985 2 2 1 1 1357 1355 494
2986 2 2 1 1 1357 494 488
2987 2 2 1 1 1358 1356 1355
2988 2 2 1 1 1358 1355 1357
2989 2 2 1 1 1359 1357 488
2990 2 2 1 1 1359 488 485
2991 2 2 1 1 1360 1358 1357
2992 2 2 1 1 1360 1357 1359
2993 2 2 1 1 1361 1359 485
2994 2 2 1 1 1361 485 486
2995 2 2 1 1 1362 1360 1359
2996 2 2 1 1 1362 1359 1361
2997 2 2 1 1 1363 1361 486
2998 2 2 1 1 1363 486 487
2999 2 2 1 1 1364 1362 1361
3000 2 2 1 1 1364 1361 1363
3001 2 2 1 1 1365 1363 487
3002 2 2 1 1 1365 487 482
3003 2 2 1 1 1366 1364 1363
3004 2 2 1 1 1366 1363 1365
3005 2 2 1 1 1367 1365 482
3006 2 2 1 1 1367 482 481
3007 2 2 1 1 1368 1366 1365
3008 2 2 1 1 1368 1365 1367
3009 2 2 1 1 1369 1367 481
3010 2 2 1 1 1369 481 484
3011 2 2 1 1 1370 1368 1367
3012 2 2 1 1 1370 1367 1369
3013 2 2 1 1 1371 1369 484
3014 2 2 1 1 1371 484 483
3015 2 2 1 1 1372 1370 1369
3016 2 2 1 1 1372 1369 1371
3017 2 2 1 1 1373 1371 483
3018 2 2 1 1 1373 483 464
3019 2 2 1 1 1374 1372 1371
3020 2 2 1 1 1374 1371 1373
3021 2 2 1 1 1375 1373 464
3022 2 2 1 1 1375 464 463
3023 2 2 1 1 1376 1374 1373
3024 2 2 1 1 1376 1373 1375
3025 2 2 1 1 1377 1375 463
3026 2 2 1 1 1377 463 462
3027 2 2 1 1 1378 1376 1375
3028 2 2 1 1 1378 1375 1377
3029 2 2 1 1 1379 1377 462
3030 2 2 1 1 1379 462 461
3031 2 2 1 1 1380 1378 1377
3032 2 2 1 1 1380 1377 1379
3033 2 2 1 1 1381 1379 461
3034 2 2 1 1 1381 461 459
3035 2 2 1 1 1382 1380 1379
3036 2 2 1 1 1382 1379 1381
3037 2 2 1 1 1383 1381 459
3038 2 2 1 1 1383 459 460
3039 2 2 1 1 1384 1382 1381
3040 2 2 1 1 1384 1381 1383
3041 2 2 1 1 1385 1383 460
3042 2 2 1 1 1385 460 458
3043 2 2 1 1 1386 1384 1383
3044 2 2 1 1 1386 1383 1385
3045 2 2 1 1 1387 1385 458
3046 2 2 1 1 1387 458 457
3047 2 2 1 1 1388 1386 1385
3048 2 2 1 1 1388 1385 1387
3049 2 2 1 1 1389 1387 457
3050 2 2 1 1 1389 457 456
3051 2 2 1 1 1390 1388 1387
3052 2 2 1 1 1390 1387 1389
3053 2 2 1 1 1391 1389 456
3054 2 2 1 1 1391 456 454
3055 2 2 1 1 1392 1390 1389
3056 2 2 1 1 1392 1389 1391
3057 2 2 1 1 1393 1391 454
3058 2 2 1 1 1393 454 453
3059 2 2 1 1 1394 1392 1391
3060 2 2 1 1 1394 1391 1393
3061 2 2 1 1 1395 1393 453
3062 2 2 1 1 1395 453 455
3063 2 2 1 1 1396 1394 1393
3064 2 2 1 1 1396 1393 1395
3065 2 2 1 1 1397 1395 455
3066 2 2 1 1 1397 455 452
3067 2 2 1 1 1398 1396 1395
3068 2 2 1 1 1398 1395 1397
3069 2 2 1 1 1399 1397 452
3070 2 2 1 1 1399 452 450
3071 2 2 1 1 1400 1398 1397
3072 2 2 1 1 1400 1397 1399
3073 2 2 1 1 1401 1399 450
3074 2 2 1 1 1401 450 449
3075 2 2 1 1 1402 1400 1399
3076 2 2 1 1 1402 1399 1401
3077 2 2 1 1 1403 1401 449
3078 2 2 1 1 1403 449 451
3079 2 2 1 1 1404 1402 1401
3080 2 2 1 1 1404 1401 1403
3081 2 2 1 1 1405 1403 451
3082 2 2 1 1 1405 451 441
3083 2 2 1 1 1272 1404 1403
3084 2 2 1 1 1272 1403 1405
3085 2 2 1 1 1406 1405 441
3086 2 2 1 1 1406 441 440
3087 2 2 1 1 1407 1272 1405
3088 2 2 1 1 1407 1405 1406
3089 2 2 1 1 1408 1406 440
3090 2 2 1 1 1408 440 437
3091 2 2 1 1 1409 1407 1406
3092 2 2 1 1 1409 1406 1408
3093 2 2 1 1 1410 1408 437
3094 2 2 1 1 1410 437 438
3095 2 2 1 1 1411 1409 1408
3096 2 2 1 1 1411 1408 1410
3097 2 2 1 1 1412 1410 438
3098 2 2 1 1 1412 438 439
3099 2 2 1 1 1413 1411 1410
3100 2 2 1 1 1413 1410 1412
3101 2 2 1 1 1414 1412 439
3102 2 2 1 1 1414 439 433
3103 2 2 1 1 1415 1413 1412
3104 2 2 1 1 1415 1412 1414
3105 2 2 1 1 1416 1414 433
3106 2 2 1 1 1416 433 432
3107 2 2 1 1 1417 1415 1414
3108 2 2 1 1 1417 1414 1416
3109 2 2 1 1 1418 1416 432
3110 2 2 1 1 1418 432 435
3111 2 2 1 1 1419 1417 1416
3112 2 2 1 1 1419 1416 1418
3113 2 2 1 1 1420 1418 435
3114 2 2 1 1 1420 435 434
3115 2 2 1 1 1421 1419 1418
3116 2 2 1 1 1421 1418 1420
3117 2 2 1 1 1422 1420 434
3118 2 2 1 1 1422 434 436
3119 2 2 1 1 1423 1421 1420
3120 2 2 1 1 1423 1420 1422
3121 2 2 1 1 1424 1422 436
3122 2 2 1 1 1424 436 447
3123 2 2 1 1 1425 1423 1422
3124 2 2 1 1 1425 1422 1424
3125 2 2 1 1 1426 1424 447
3126 2 2 1 1 1426 447 443
3127 2 2 1 1 1427 1425 1424
3128 2 2 1 1 1427 1424 1426
3129 2 2 1 1 1428 1426 443
3130 2 2 1 1 1428 443 442
3131 2 2 1 1 1429 1427 1426
3132 2 2 1 1 1429 1426 1428
3133 2 2 1 1 1430 1428 442
3134 2 2 1 1 1430 442 448
3135 2 2 1 1 1431 1429 1428
3136 2 2 1 1 1431 1428 1430
3137 2 2 1 1 1432 1430 448
3138 2 2 1 1 1432 448 445
3139 2 2 1 1 1433 1431 1430
3140 2 2 1 1 1433 1430 1432
3141 2 2 1 1 1434 1432 445
3142 2 2 1 1 1434 445 446
3143 2 2 1 1 1435 1433 1432
3144 2 2 1 1 1435 1432 1434
3145 2 2 1 1 1436 1434 446
3146 2 2 1 1 1436 446 444
3147 2 2 1 1 1437 1435 1434
3148 2 2 1 1 1437 1434 1436
3149 2 2 1 1 1438 1436 444
3150 2 2 1 1 1438 444 466
3151 2 2 1 1 1439 1437 1436
3152 2 2 1 1 1439 1436 1438
3153 2 2 1 1 1440 1438 466
3154 2 2 1 1 1440 466 465
3155 2 2 1 1 1441 1439 1438
3156 2 2 1 1 1441 1438 1440
3157 2 2 1 1 1442 1440 465
3158 2 2 1 1 1442 465 467
3159 2 2 1 1 1443 1441 1440
3160 2 2 1 1 1443 1440 1442
3161 2 2 1 1 1444 1442 467
3162 2 2 1 1 1444 467 468
3163 2 2 1 1 1445 1443 1442
3164 2 2 1 1 1445 1442 1444
3165 2 2 1 1 1446 1444 468
3166 2 2 1 1 1446 468 469
3167 2 2 1 1 1447 1445 1444
3168 2 2 1 1 1447 1444 1446
3169 2 2 1 1 1448 1446 469
3170 2 2 1 1 1448 469 470
3171 2 2 1 1 1449 1447 1446
3172 2 2 1 1 1449 1446 1448
3173 2 2 1 1 1450 1448 470
3174 2 2 1 1 1450 470 472
3175 2 2 1 1 1451 1449 1448
3176 2 2 1 1 1451 1448 1450
3177 2 2 1 1 1452 1450 472
3178 2 2 1 1 1452 472 471
3179 2 2 1 1 1453 1451 1450
3180 2 2 1 1 1453 1450 1452
3181 2 2 1 1 1454 1452 471
3182 2 2 1 1 1454 471 473
3183 2 2 1 1 1455 1453 1452
3184 2 2 1 1 1455 1452 1454
3185 2 2 1 1 1456 1454 473
3186 2 2 1 1 1456 473 475
3187 2 2 1 1 1457 1455 1454
3188 2 2 1 1 1457 1454 1456
3189 2 2 1 1 1458 1456 475
3190 2 2 1 1 1458 475 474
3191 2 2 1 1 1459 1457 1456
3192 2 2 1 1 1459 1456 1458
3193 2 2 1 1 1460 1458 474
3194 2 2 1 1 1460 474 476
3195 2 2 1 1 1461 1459 1458
3196 2 2 1 1 1461 1458 1460
3197 2 2 1 1 1462 1460 476
3198 2 2 1 1 1462 476 478
3199 2 2 1 1 1463 1461 1460
3200 2 2 1 1 1463 1460 1462
3201 2 2 1 1 1464 1462 478
3202 2 2 1 1 1464 478 477
3203 2 2 1 1 1465 1463 1462
3204 2 2 1 1 1465 1462 1464
3205 2 2 1 1 1466 1464 477
3206 2 2 1 1 1466 477 480
3207 2 2 1 1 1467 1465 1464
3208 2 2 1 1 1467 1464 1466
3209 2 2 1 1 1343 1466 480
3210 2 2 1 1 1343 480 479
3211 2 2 1 1 1323 1467 1466
3212 2 2 1 1 1323 1466 1343
3213 2 2 1 1 1468 166 167
3214 2 2 1 1 1468 167 1469
3215 2 2 1 1 1470 165 166
3216 2 2 1 1 1470 166 1468
3217 2 2 1 1 1471 162 165
3218 2 2 1 1 1471 165 1470
3219 2 2 1 1 1472 163 162
3220 2 2 1 1 1472 162 1471
3221 2 2 1 1 1473 164 163
3222 2 2 1 1 1473 163 1472
3223 2 2 1 1 1474 161 164
3224 2 2 1 1 1474 164 1473
3225 2 2 1 1 1475 160 161
3226 2 2 1 1 1475 161 1474
3227 2 2 1 1 1476 158 160
3228 2 2 1 1 1476 160 1475
3229 2 2 1 1 1477 156 158
3230 2 2 1 1 1477 158 1476
3231 2 2 1 1 1478 151 156
3232 2 2 1 1 1478 156 1477
3233 2 2 1 1 1479 154 151
3234 2 2 1 1 1479 151 1478
3235 2 2 1 1 1480 148 154
3236 2 2 1 1 1480 154 1479
3237 2 2 1 1 1481 155 148
3238 2 2 1 1 1481 148 1480
3239 2 2 1 1 1482 144 155
3240 2 2 1 1 1482 155 1481
3241 2 2 1 1 1483 147 144
3242 2 2 1 1 1483 144 1482
3243 2 2 1 1 1484 141 147
3244 2 2 1 1 1484 147 1483
3245 2 2 1 1 1485 1468 1469
3246 2 2 1 1 1485 1469 1486
3247 2 2 1 1 1487 1470 1468
3248 2 2 1 1 1487 1468 1485
3249 2 2 1 1 1488 1471 1470
3250 2 2 1 1 1488 1470 1487
3251 2 2 1 1 1489 1472 1471
3252 2 2 1 1 1489 1471 1488
3253 2 2 1 1 1490 1473 1472
3254 2 2 1 1 1490 1472 1489
3255 2 2 1 1 1491 1474 1473
3256 2 2 1 1 1491 1473 1490
3257 2 2 1 1 1492 1475 1474
3258 2 2 1 1 1492 1474 1491
3259 2 2 1 1 1493 1476 1475
3260 2 2 1 1 1493 1475 1492
3261 2 2 1 1 1494 1477 1476
3262 2 2 1 1 1494 1476 1493
3263 2 2 1 1 1495 1478 1477
3264 2 2 1 1 1495 1477 1494
3265 2 2 1 1 1496 1479 1478
3266 2 2 1 1 1496 1478 1495
3267 2 2 1 1 1497 1480 1479
3268 2 2 1 1 1497 1479 1496
3269 2 2 1 1 1498 1481 1480
3270 2 2 1 1 1498 1480 1497
3271 2 2 1 1 1499 1482 1481
3272 2 2 1 1 1499 1481 1498
3273 2 2 1 1 1500 1483 1482
3274 2 2 1 1 1500 1482 1499
3275 2 2 1 1 1501 1484 1483
3276 2 2 1 1 1501 1483 1500
3277 2 2 1 1 1502 1485 1486
3278 2 2 1 1 1502 1486 1503
3279 2 2 1 1 1504 1487 1485
3280 2 2 1 1 1504 1485 1502
3281 2 2 1 1 1505 1488 1487
3282 2 2 1 1 1505 1487 1504
3283 2 2 1 1 1506 1489 1488
3284 2 2 1 1 1506 1488 1505
3285 2 2 1 1 1507 1490 1489
3286 2 2 1 1 1507 1489 1506
3287 2 2 1 1 1508 1491 1490
3288 2 2 1 1 1508 1490 1507
3289 2 2 1 1 1509 1492 1491
3290 2 2 1 1 1509 1491 1508
3291 2 2 1 1 1510 1493 1492
3292 2 2 1 1 1510 1492 1509
3293 2 2 1 1 1511 1494 1493
3294 2 2 1 1 1511 1493 1510
3295 2 2 1 1 1512 1495 1494
3296 2 2 1 1 1512 1494 1511
3297 2 2 1 1 1513 1496 1495
3298 2 2 1 1 1513 1495 1512
3299 2 2 1 1 1514 1497 1496
3300 2 2 1 1 1514 1496 1513
3301 2 2 1 1 1515 1498 1497
3302 2 2 1 1 1515 1497 1514
3303 2 2 1 1 1516 1499 1498
3304 2 2 1 1 1516 1498 1515
3305 2 2 1 1 1517 1500 1499
3306 2 2 1 1 1517 1499 1516
3307 2 2 1 1 1518 1501 1500
3308 2 2 1 1 1518 1500 1517
3309 2 2 1 1 1519 1502 1503
3310 2 2 1 1 1519 1503 377
3311 2 2 1 1 1520 1504 1502
3312 2 2 1 1 1520 1502 1519
3313 2 2 1 1 1521 1505 1504
3314 2 2 1 1 1521 1504 1520
3315 2 2 1 1 1522 1506 1505
3316 2 2 1 1 1522 1505 1521
3317 2 2 1 1 1523 1507 1506
3318 2 2 1 1 1523 1506 1522
3319 2 2 1 1 1524 1508 1507
3320 2 2 1 1 1524 1507 1523
3321 2 2 1 1 1525 1509 1508
3322 2 2 1 1 1525 1508 1524
3323 2 2 1 1 1526 1510 1509
3324 2 2 1 1 1526 1509 1525
3325 2 2 1 1 1527 1511 1510
3326 2 2 1 1 1527 1510 1526
3327 2 2 1 1 1528 1512 1511
3328 2 2 1 1 1528 1511 1527
3329 2 2 1 1 1529 1513 1512
3330 2 2 1 1 1529 1512 1528
3331 2 2 1 1 1530 1514 1513
3332 2 2 1 1 1530 1513 1529
3333 2 2 1 1 1531 1515 1514
3334 2 2 1 1 1531 1514 1530
3335 2 2 1 1 1532 1516 1515
3336 2 2 1 1 1532 1515 1531
3337 2 2 1 1 1533 1517 1516
3338 2 2 1 1 1533 1516 1532
3339 2 2 1 1 400 1518 1517
3340 2 2 1 1 400 1517 1533
3341 2 2 1 1 1534 205 141
3342 2 2 1 1 1534 141 1484
3343 2 2 1 1 1535 201 205
3344 2 2 1 1 1535 205 1534
3345 2 2 1 1 1536 206 201
3346 2 2 1 1 1536 201 1535
3347 2 2 1 1 1537 197 206
3348 2 2 1 1 1537 206 1536
3349 2 2 1 1 1538 200 197
3350 2 2 1 1 1538 197 1537
3351 2 2 1 1 1539 194 200
3352 2 2 1 1 1539 200 1538
3353 2 2 1 1 1540 207 194
3354 2 2 1 1 1540 194 1539
3355 2 2 1 1 1541 188 207
3356 2 2 1 1 1541 207 1540
3357 2 2 1 1 1542 185 188
3358 2 2 1 1 1542 188 1541
3359 2 2 1 1 1543 189 185
3360 2 2 1 1 1543 185 1542
3361 2 2 1 1 1544 193 189
3362 2 2 1 1 1544 189 1543
3363 2 2 1 1 1545 190 193
3364 2 2 1 1 1545 193 1544
3365 2 2 1 1 1546 191 190
3366 2 2 1 1 1546 190 1545
3367 2 2 1 1 1547 184 191
3368 2 2 1 1 1547 191 1546
3369 2 2 1 1 1548 192 184
3370 2 2 1 1 1548 184 1547
3371 2 2 1 1 1549 220 192
3372 2 2 1 1 1549 192 1548
3373 2 2 1 1 1550 1534 1484
3374 2 2 1 1 1550 1484 1501
3375 2 2 1 1 1551 1535 1534
3376 2 2 1 1 1551 1534 1550
3377 2 2 1 1 1552 1536 1535
3378 2 2 1 1 1552 1535 1551
3379 2 2 1 1 1553 1537 1536
3380 2 2 1 1 1553 1536 1552
3381 2 2 1 1 1554 1538 1537
3382 2 2 1 1 1554 1537 1553
3383 2 2 1 1 1555 1539 1538
3384 2 2 1 1 1555 1538 1554
3385 2 2 1 1 1556 1540 1539
3386 2 2 1 1 1556 1539 1555
3387 2 2 1 1 1557 1541 1540
3388 2 2 1 1 1557 1540 1556
3389 2 2 1 1 1558 1542 1541
3390 2 2 1 1 1558 1541 1557
3391 2 2 1 1 1559 1543 1542
3392 2 2 1 1 1559 1542 1558
3393 2 2 1 1 1560 1544 1543
3394 2 2 1 1 1560 1543 1559
3395 2 2 1 1 1561 1545 1544
3396 2 2 1 1 1561 1544 1560
3397 2 2 1 1 1562 1546 1545
3398 2 2 1 1 1562 1545 1561
3399 2 2 1 1 1563 1547 1546
3400 2 2 1 1 1563 1546 1562
3401 2 2 1 1 1564 1548 1547
3402 2 2 1 1 1564 1547 1563
3403 2 2 1 1 1565 1549 1548
3404 2 2 1 1 1565 1548 1564
3405 2 2 1 1 1566 1550 1501
3406 2 2 1 1 1566 1501 1518
3407 2 2 1 1 1567 1551 1550
3408 2 2 1 1 1567 1550 1566
3409 2 2 1 1 1568 1552 1551
3410 2 2 1 1 1568 1551 1567
3411 2 2 1 1 1569 1553 1552
3412 2 2 1 1 1569 1552 1568
3413 2 2 1 1 1570 1554 1553
3414 2 2 1 1 1570 1553 1569
3415 2 2 1 1 1571 1555 1554
3416 2 2 1 1 1571 1554 1570
3417 2 2 1 1 1572 1556 1555
3418 2 2 1 1 1572 1555 1571
3419 2 2 1 1 1573 1557 1556
3420 2 2 1 1 1573 1556 1572
3421 2 2 1 1 1574 1558 1557
3422 2 2 1 1 1574 1557 1573
3423 2 2 1 1 1575 1559 1558
3424 2 2 1 1 1575 1558 1574
3425 2 2 1 1 1576 1560 1559
3426 2 2 1 1 1576 1559 1575
3427 2 2 1 1 1577 1561 1560
3428 2 2 1 1 1577 1560 1576
3429 2 2 1 1 1578 1562 1561
3430 2 2 1 1 1578 1561 1577
3431 2 2 1 1 1579 1563 1562
3432 2 2 1 1 1579 1562 1578
3433 2 2 1 1 1580 1564 1563
3434 2 2 1 1 1580 1563 1579
3435 2 2 1 1 1581 1565 1564
3436 2 2 1 1 1581 1564 1580
3437 2 2 1 1 1582 1566 1518
3438 2 2 1 1 1582 1518 400
3439 2 2 1 1 1583 1567 1566
3440 2 2 1 1 1583 1566 1582
3441 2 2 1 1 1584 1568 1567
3442 2 2 1 1 1584 1567 1583
3443 2 2 1 1 1585 1569 1568
3444 2 2 1 1 1585 1568 1584
3445 2 2 1 1 1586 1570 1569
3446 2 2 1 1 1586 1569 1585
3447 2 2 1 1 1587 1571 1570
3448 2 2 1 1 1587 1570 1586
3449 2 2 1 1 1588 1572 1571
3450 2 2 1 1 1588 1571 1587
3451 2 2 1 1 1589 1573 1572
3452 2 2 1 1 1589 1572 1588
3453 2 2 1 1 1590 1574 1573
3454 2 2 1 1 1590 1573 1589
3455 2 2 1 1 1591 1575 1574
3456 2 2 1 1 1591 1574 1590
3457 2 2 1 1 1592 1576 1575
3458 2 2 1 1 1592 1575 1591
3459 2 2 1 1 1593 1577 1576
3460 2 2 1 1 1593 1576 1592
3461 2 2 1 1 1594 1578 1577
3462 2 2 1 1 1594 1577 1593
3463 2 2 1 1 1595 1579 1578
3464 2 2 1 1 1595 1578 1594
3465 2 2 1 1 1596 1580 1579
3466 2 2 1 1 1596 1579 1595
3467 2 2 1 1 416 1581 1580
3468 2 2 1 1 416 1580 1596
3469 2 2 1 1 1597 219 220
3470 2 2 1 1 1597 220 1598
3471 2 2 1 1 1599 221 219
3472 2 2 1 1 1599 219 1597
3473 2 2 1 1 1600 217 221
3474 2 2 1 1 1600 221 1599
3475 2 2 1 1 1601 218 217
3476 2 2 1 1 1601 217 1600
3477 2 2 1 1 1602 216 218
3478 2 2 1 1 1602 218 1601
3479 2 2 1 1 1603 223 216
3480 2 2 1 1 1603 216 1602
3481 2 2 1 1 1604 222 223
3482 2 2 1 1 1604 223 1603
3483 2 2 1 1 1605 214 222
3484 2 2 1 1 1605 222 1604
3485 2 2 1 1 1606 215 214
3486 2 2 1 1 1606 214 1605
3487 2 2 1 1 1607 211 215
3488 2 2 1 1 1607 215 1606
3489 2 2 1 1 1608 212 211
3490 2 2 1 1 1608 211 1607
3491 2 2 1 1 1609 210 212
3492 2 2 1 1 1609 212 1608
3493 2 2 1 1 1610 213 210
3494 2 2 1 1 1610 210 1609
3495 2 2 1 1 1611 209 213
3496 2 2 1 1 1611 213 1610
3497 2 2 1 1 1612 208 209
3498 2 2 1 1 1612 209 1611
3499 2 2 1 1 1613 183 208
3500 2 2 1 1 1613 208 1612
3501 2 2 1 1 1614 1597 1598
3502 2 2 1 1 1614 1598 1549
3503 2 2 1 1 1615 1599 1597
3504 2 2 1 1 1615 1597 1614
3505 2 2 1 1 1616 1600 1599
3506 2 2 1 1 1616 1599 1615
3507 2 2 1 1 1617 1601 1600
3508 2 2 1 1 1617 1600 1616
3509 2 2 1 1 1618 1602 1601
3510 2 2 1 1 1618 1601 1617
3511 2 2 1 1 1619 1603 1602
3512 2 2 1 1 1619 1602 1618
3513 2 2 1 1 1620 1604 1603
3514 2 2 1 1 1620 1603 1619
3515 2 2 1 1 1621 1605 1604
3516 2 2 1 1 1621 1604 1620
3517 2 2 1 1 1622 1606 1605
3518 2 2 1 1 1622 1605 1621
3519 2 2 1 1 1623 1607 1606
3520 2 2 1 1 1623 1606 1622
3521 2 2 1 1 1624 1608 1607
3522 2 2 1 1 1624 1607 1623
3523 2 2 1 1 1625 1609 1608
3524 2 2 1 1 1625 1608 1624
3525 2 2 1 1 1626 1610 1609
3526 2 2 1 1 1626 1609 1625
3527 2 2 1 1 1627 1611 1610
3528 2 2 1 1 1627 1610 1626
3529 2 2 1 1 1628 1612 1611
3530 2 2 1 1 1628 1611 1627
3531 2 2 1 1 1629 1613 1612
3532 2 2 1 1 1629 1612 1628
3533 2 2 1 1 1630 1614 1549
3534 2 2 1 1 1630 1549 1631
3535 2 2 1 1 1632 1615 1614
3536 2 2 1 1 1632 1614 1630
3537 2 2 1 1 1633 1616 1615
3538 2 2 1 1 1633 1615 1632
3539 2 2 1 1 1634 1617 1616
3540 2 2 1 1 1634 1616 1633
3541 2 2 1 1 1635 1618 1617
3542 2 2 1 1 1635 1617 1634
3543 2 2 1 1 1636 1619 1618
3544 2 2 1 1 1636 1618 1635
3545 2 2 1 1 1637 1620 1619
3546 2 2 1 1 1637 1619 1636
3547 2 2 1 1 1638 1621 1620
3548 2 2 1 1 1638 1620 1637
3549 2 2 1 1 1639 1622 1621
3550 2 2 1 1 1639 1621 1638
3551 2 2 1 1 1640 1623 1622
3552 2 2 1 1 1640 1622 1639
3553 2 2 1 1 1641 1624 1623
3554 2 2 1 1 1641 1623 1640
3555 2 2 1 1 1642 1625 1624
3556 2 2 1 1 1642 1624 1641
3557 2 2 1 1 1643 1626 1625
3558 2 2 1 1 1643 1625 1642
3559 2 2 1 1 1644 1627 1626
3560 2 2 1 1 1644 1626 1643
3561 2 2 1 1 1645 1628 1627
3562 2 2 1 1 1645 1627 1644
3563 2 2 1 1 1646 1629 1628
3564 2 2 1 1 1646 1628 1645
3565 2 2 1 1 1647 1630 1631
3566 2 2 1 1 1647 1631 1565
3567 2 2 1 1 1648 1632 1630
3568 2 2 1 1 1648 1630 1647
3569 2 2 1 1 1649 1633 1632
3570 2 2 1 1 1649 1632 1648
3571 2 2 1 1 1650 1634 1633
3572 2 2 1 1 1650 1633 1649
3573 2 2 1 1 1651 1635 1634
3574 2 2 1 1 1651 1634 1650
3575 2 2 1 1 1652 1636 1635
3576 2 2 1 1 1652 1635 1651
3577 2 2 1 1 1653 1637 1636
3578 2 2 1 1 1653 1636 1652
3579 2 2 1 1 1654 1638 1637
3580 2 2 1 1 1654 1637 1653
3581 2 2 1 1 1655 1639 1638
3582 2 2 1 1 1655 1638 1654
3583 2 2 1 1 1656 1640 1639
3584 2 2 1 1 1656 1639 1655
3585 2 2 1 1 1657 1641 1640
3586 2 2 1 1 1657 1640 1656
3587 2 2 1 1 1658 1642 1641
3588 2 2 1 1 1658 1641 1657
3589 2 2 1 1 1659 1643 1642
3590 2 2 1 1 1659 1642 1658
3591 2 2 1 1 1660 1644 1643
3592 2 2 1 1 1660 1643 1659
3593 2 2 1 1 1661 1645 1644
3594 2 2 1 1 1661 1644 1660
3595 2 2 1 1 1662 1646 1645
3596 2 2 1 1 1662 1645 1661
3597 2 2 1 1 1663 1647 1565
3598 2 2 1 1 1663 1565 1664
3599 2 2 1 1 1665 1648 1647
3600 2 2 1 1 1665 1647 1663
3601 2 2 1 1 1666 1649 1648
3602 2 2 1 1 1666 1648 1665
3603 2 2 1 1 1667 1650 1649
3604 2 2 1 1 1667 1649 1666
3605 2 2 1 1 1668 1651 1650
3606 2 2 1 1 1668 1650 1667
3607 2 2 1 1 1669 1652 1651
3608 2 2 1 1 1669 1651 1668
3609 2 2 1 1 1670 1653 1652
3610 2 2 1 1 1670 1652 1669
3611 2 2 1 1 1671 1654 1653
3612 2 2 1 1 1671 1653 1670
3613 2 2 1 1 1672 1655 1654
3614 2 2 1 1 1672 1654 1671
3615 2 2 1 1 1673 1656 1655
3616 2 2 1 1 1673 1655 1672
3617 2 2 1 1 1674 1657 1656
3618 2 2 1 1 1674 1656 1673
3619 2 2 1 1 1675 1658 1657
3620 2 2 1 1 1675 1657 1674
3621 2 2 1 1 1676 1659 1658
3622 2 2 1 1 1676 1658 1675
3623 2 2 1 1 1677 1660 1659
3624 2 2 1 1 1677 1659 1676
3625 2 2 1 1 1678 1661 1660
3626 2 2 1 1 1678 1660 1677
3627 2 2 1 1 1679 1662 1661
3628 2 2 1 1 1679 1661 1678
3629 2 2 1 1 1680 1663 1664
3630 2 2 1 1 1680 1664 1581
3631 2 2 1 1 1681 1665 1663
3632 2 2 1 1 1681 1663 1680
3633 2 2 1 1 1682 1666 1665
3634 2 2 1 1 1682 1665 1681
3635 2 2 1 1 1683 1667 1666
3636 2 2 1 1 1683 1666 1682
3637 2 2 1 1 1684 1668 1667
3638 2 2 1 1 1684 1667 1683
3639 2 2 1 1 1685 1669 1668
3640 2 2 1 1 1685 1668 1684
3641 2 2 1 1 1686 1670 1669
3642 2 2 1 1 1686 1669 1685
3643 2 2 1 1 1687 1671 1670
3644 2 2 1 1 1687 1670 1686
3645 2 2 1 1 1688 1672 1671
3646 2 2 1 1 1688 1671 1687
3647 2 2 1 1 1689 1673 1672
3648 2 2 1 1 1689 1672 1688
3649 2 2 1 1 1690 1674 1673
3650 2 2 1 1 1690 1673 1689
3651 2 2 1 1 1691 1675 1674
3652 2 2 1 1 1691 1674 1690
3653 2 2 1 1 1692 1676 1675
3654 2 2 1 1 1692 1675 1691
3655 2 2 1 1 1693 1677 1676
3656 2 2 1 1 1693 1676 1692
3657 2 2 1 1 1694 1678 1677
3658 2 2 1 1 1694 1677 1693
3659 2 2 1 1 1695 1679 1678
3660 2 2 1 1 1695 1678 1694
3661 2 2 1 1 1696 1680 1581
3662 2 2 1 1 1696 1581 1697
3663 2 2 1 1 1698 1681 1680
3664 2 2 1 1 1698 1680 1696
3665 2 2 1 1 1699 1682 1681
3666 2 2 1 1 1699 1681 1698
3667 2 2 1 1 1700 1683 1682
3668 2 2 1 1 1700 1682 1699
3669 2 2 1 1 1701 1684 1683
3670 2 2 1 1 1701 1683 1700
3671 2 2 1 1 1702 1685 1684
3672 2 2 1 1 1702 1684 1701
3673 2 2 1 1 1703 1686 1685
3674 2 2 1 1 1703 1685 1702
3675 2 2 1 1 1704 1687 1686
3676 2 2 1 1 1704 1686 1703
3677 2 2 1 1 1705 1688 1687
3678 2 2 1 1 1705 1687 1704
3679 2 2 1 1 1706 1689 1688
3680 2 2 1 1 1706 1688 1705
3681 2 2 1 1 1707 1690 1689
3682 2 2 1 1 1707 1689 1706
3683 2 2 1 1 1708 1691 1690
3684 2 2 1 1 1708 1690 1707
3685 2 2 1 1 1709 1692 1691
3686 2 2 1 1 1709 1691 1708
3687 2 2 1 1 1710 1693 1692
3688 2 2 1 1 1710 1692 1709
3689 2 2 1 1 1711 1694 1693
3690 2 2 1 1 1711 1693 1710
3691 2 2 1 1 1712 1695 1694
3692 2 2 1 1 1712 1694 1711
3693 2 2 1 1 1713 1696 1697
3694 2 2 1 1 1713 1697 416
3695 2 2 1 1 1714 1698 1696
3696 2 2 1 1 1714 1696 1713
3697 2 2 1 1 1715 1699 1698
3698 2 2 1 1 1715 1698 1714
3699 2 2 1 1 1716 1700 1699
3700 2 2 1 1 1716 1699 1715
3701 2 2 1 1 1717 1701 1700
3702 2 2 1 1 1717 1700 1716
3703 2 2 1 1 1718 1702 1701
3704 2 2 1 1 1718 1701 1717
3705 2 2 1 1 1719 1703 1702
3706 2 2 1 1 1719 1702 1718
3707 2 2 1 1 1720 1704 1703
3708 2 2 1 1 1720 1703 1719
3709 2 2 1 1 1721 1705 1704
3710 2 2 1 1 1721 1704 1720
3711 2 2 1 1 1722 1706 1705
3712 2 2 1 1 1722 1705 1721
3713 2 2 1 1 1723 1707 1706
3714 2 2 1 1 1723 1706 1722
3715 2 2 1 1 1724 1708 1707
3716 2 2 1 1 1724 1707 1723
3717 2 2 1 1 1725 1709 1708
3718 2 2 1 1 1725 1708 1724
3719 2 2 1 1 1726 1710 1709
3720 2 2 1 1 1726 1709 1725
3721 2 2 1 1 1727 1711 1710
3722 2 2 1 1 1727 1710 1726
3723 2 2 1 1 382 1712 1711
3724 2 2 1 1 382 1711 1727
3725 2 2 1 1 1728 179 183
3726 2 2 1 1 1728 183 1613
3727 2 2 1 1 1729 180 179
3728 2 2 1 1 1729 179 1728
3729 2 2 1 1 1730 178 180
3730 2 2 1 1 1730 180 1729
3731 2 2 1 1 1731 181 178
3732 2 2 1 1 1731 178 1730
3733 2 2 1 1 1732 176 181
3734 2 2 1 1 1732 181 1731
3735 2 2 1 1 1733 177 176
3736 2 2 1 1 1733 176 1732
3737 2 2 1 1 1734 175 177
3738 2 2 1 1 1734 177 1733
3739 2 2 1 1 1735 182 175
3740 2 2 1 1 1735 175 1734
3741 2 2 1 1 1736 174 182
3742 2 2 1 1 1736 182 1735
3743 2 2 1 1 1737 173 174
3744 2 2 1 1 1737 174 1736
3745 2 2 1 1 1738 172 173
3746 2 2 1 1 1738 173 1737
3747 2 2 1 1 1739 170 172
3748 2 2 1 1 1739 172 1738
3749 2 2 1 1 1740 171 170
3750 2 2 1 1 1740 170 1739
3751 2 2 1 1 1741 169 171
3752 2 2 1 1 1741 171 1740
3753 2 2 1 1 1742 168 169
3754 2 2 1 1 1742 169 1741
3755 2 2 1 1 1743 167 168
3756 2 2 1 1 1743 168 1742
3757 2 2 1 1 1744 1728 1613
3758 2 2 1 1 1744 1613 1629
3759 2 2 1 1 1745 1729 1728
3760 2 2 1 1 1745 1728 1744
3761 2 2 1 1 1746 1730 1729
3762 2 2 1 1 1746 1729 1745
3763 2 2 1 1 1747 1731 1730
3764 2 2 1 1 1747 1730 1746
3765 2 2 1 1 1748 1732 1731
3766 2 2 1 1 1748 1731 1747
3767 2 2 1 1 1749 1733 1732
3768 2 2 1 1 1749 1732 1748
3769 2 2 1 1 1750 1734 1733
3770 2 2 1 1 1750 1733 1749
3771 2 2 1 1 1751 1735 1734
3772 2 2 1 1 1751 1734 1750
3773 2 2 1 1 1752 1736 1735
3774 2 2 1 1 1752 1735 1751
3775 2 2 1 1 1753 1737 1736
3776 2 2 1 1 1753 1736 1752
3777 2 2 1 1 1754 1738 1737
3778 2 2 1 1 1754 1737 1753
3779 2 2 1 1 1755 1739 1738
3780 2 2 1 1 1755 1738 1754
3781 2 2 1 1 1756 1740 1739
3782 2 2 1 1 1756 1739 1755
3783 2 2 1 1 1757 1741 1740
3784 2 2 1 1 1757 1740 1756
3785 2 2 1 1 1758 1742 1741
3786 2 2 1 1 1758 1741 1757
3787 2 2 1 1 1469 1743 1742
3788 2 2 1 1 1469 1742 1758
3789 2 2 1 1 1759 1744 1629
3790 2 2 1 1 1759 1629 1646
3791 2 2 1 1 1760 1745 1744
3792 2 2 1 1 1760 1744 1759
3793 2 2 1 1 1761 1746 1745
3794 2 2 1 1 1761 1745 1760
3795 2 2 1 1 1762 1747 1746
3796 2 2 1 1 1762 1746 1761
3797 2 2 1 1 1763 1748 1747
3798 2 2 1 1 1763 1747 1762
3799 2 2 1 1 1764 1749 1748
3800 2 2 1 1 1764 1748 1763
3801 2 2 1 1 1765 1750 1749
3802 2 2 1 1 1765 1749 1764
3803 2 2 1 1 1766 1751 1750
3804 2 2 1 1 1766 1750 1765
3805 2 2 1 1 1767 1752 1751
3806 2 2 1 1 1767 1751 1766
3807 2 2 1 1 1768 1753 1752
3808 2 2 1 1 1768 1752 1767
3809 2 2 1 1 1769 1754 1753
3810 2 2 1 1 1769 1753 1768
3811 2 2 1 1 1770 1755 1754
3812 2 2 1 1 1770 1754 1769
3813 2 2 1 1 1771 1756 1755
3814 2 2 1 1 1771 1755 1770
3815 2 2 1 1 1772 1757 1756
3816 2 2 1 1 1772 1756 1771
3817 2 2 1 1 1773 1758 1757
3818 2 2 1 1 1773 1757 1772
3819 2 2 1 1 1774 1469 1758
3820 2 2 1 1 1774 1758 1773
3821 2 2 1 1 1775 1759 1646
3822 2 2 1 1 1775 1646 1662
3823 2 2 1 1 1776 1760 1759
3824 2 2 1 1 1776 1759 1775
3825 2 2 1 1 1777 1761 1760
3826 2 2 1 1 1777 1760 1776
3827 2 2 1 1 1778 1762 1761
3828 2 2 1 1 1778 1761 1777
3829 2 2 1 1 1779 1763 1762
3830 2 2 1 1 1779 1762 1778
3831 2 2 1 1 1780 1764 1763
3832 2 2 1 1 1780 1763 1779
3833 2 2 1 1 1781 1765 1764
3834 2 2 1 1 1781 1764 1780
3835 2 2 1 1 1782 1766 1765
3836 2 2 1 1 1782 1765 1781
3837 2 2 1 1 1783 1767 1766
3838 2 2 1 1 1783 1766 1782
3839 2 2 1 1 1784 1768 1767
3840 2 2 1 1 1784 1767 1783
3841 2 2 1 1 1785 1769 1768
3842 2 2 1 1 1785 1768 1784
3843 2 2 1 1 1786 1770 1769
3844 2 2 1 1 1786 1769 1785
3845 2 2 1 1 1787 1771 1770
3846 2 2 1 1 1787 1770 1786
3847 2 2 1 1 1788 1772 1771
3848 2 2 1 1 1788 1771 1787
3849 2 2 1 1 1789 1773 1772
3850 2 2 1 1 1789 1772 1788
3851 2 2 1 1 1486 1774 1773
3852 2 2 1 1 1486 1773 1789
3853 2 2 1 1 1790 1775 1662
3854 2 2 1 1 1790 1662 1679
3855 2 2 1 1 1791 1776 1775
3856 2 2 1 1 1791 1775 1790
3857 2 2 1 1 1792 1777 1776
3858 2 2 1 1 1792 1776 1791
3859 2 2 1 1 1793 1778 1777
3860 2 2 1 1 1793 1777 1792
3861 2 2 1 1 1794 1779 1778
3862 2 2 1 1 1794 1778 1793
3863 2 2 1 1 1795 1780 1779
3864 2 2 1 1 1795 1779 1794
3865 2 2 1 1 1796 1781 1780
3866 2 2 1 1 1796 1780 1795
3867 2 2 1 1 1797 1782 1781
3868 2 2 1 1 1797 1781 1796
3869 2 2 1 1 1798 1783 1782
3870 2 2 1 1 1798 1782 1797
3871 2 2 1 1 1799 1784 1783
3872 2 2 1 1 1799 1783 1798
3873 2 2 1 1 1800 1785 1784
3874 2 2 1 1 1800 1784 1799
3875 2 2 1 1 1801 1786 1785
3876 2 2 1 1 1801 1785 1800
3877 2 2 1 1 1802 1787 1786
3878 2 2 1 1 1802 1786 1801
3879 2 2 1 1 1803 1788 1787
3880 2 2 1 1 1803 1787 1802
3881 2 2 1 1 1804 1789 1788
3882 2 2 1 1 1804 1788 1803
3883 2 2 1 1 1805 1486 1789
3884 2 2 1 1 1805 1789 1804
3885 2 2 1 1 1806 1790 1679
3886 2 2 1 1 1806 1679 1695
3887 2 2 1 1 1807 1791 1790
3888 2 2 1 1 1807 1790 1806
3889 2 2 1 1 1808 1792 1791
3890 2 2 1 1 1808 1791 1807
3891 2 2 1 1 1809 1793 1792
3892 2 2 1 1 1809 1792 1808
3893 2 2 1 1 1810 1794 1793
3894 2 2 1 1 1810 1793 1809
3895 2 2 1 1 1811 1795 1794
3896 2 2 1 1 1811 1794 1810
3897 2 2 1 1 1812 1796 1795
3898 2 2 1 1 1812 1795 1811
3899 2 2 1 1 1813 1797 1796
3900 2 2 1 1 1813 1796 1812
3901 2 2 1 1 1814 1798 1797
3902 2 2 1 1 1814 1797 1813
3903 2 2 1 1 1815 1799 1798
3904 2 2 1 1 1815 1798 1814
3905 2 2 1 1 1816 1800 1799
3906 2 2 1 1 1816 1799 1815
3907 2 2 1 1 1817 1801 1800
3908 2 2 1 1 1817 1800 1816
3909 2 2 1 1 1818 1802 1801
3910 2 2 1 1 1818 1801 1817
3911 2 2 1 1 1819 1803 1802
3912 2 2 1 1 1819 1802 1818
3913 2 2 1 1 1820 1804 1803
3914 2 2 1 1 1820 1803 1819
3915 2 2 1 1 1503 1805 1804
3916 2 2 1 1 1503 1804 1820
3917 2 2 1 1 1821 1806 1695
3918 2 2 1 1 1821 1695 1712
3919 2 2 1 1 1822 1807 1806
3920 2 2 1 1 1822 1806 1821
3921 2 2 1 1 1823 1808 1807
3922 2 2 1 1 1823 1807 1822
3923 2 2 1 1 1824 1809 1808
3924 2 2 1 1 1824 1808 1823
3925 2 2 1 1 1825 1810 1809
3926 2 2 1 1 1825 1809 1824
3927 2 2 1 1 1826 1811 1810
3928 2 2 1 1 1826 1810 1825
3929 2 2 1 1 1827 1812 1811
3930 2 2 1 1 1827 1811 1826
3931 2 2 1 1 1828 1813 1812
3932 2 2 1 1 1828 1812 1827
3933 2 2 1 1 1829 1814 1813
3934 2 2 1 1 1829 1813 1828
3935 2 2 1 1 1830 1815 1814
3936 2 2 1 1 1830 1814 1829
3937 2 2 1 1 1831 1816 1815
3938 2 2 1 1 1831 1815 1830
3939 2 2 1 1 1832 1817 1816
3940 2 2 1 1 1832 1816 1831
3941 2 2 1 1 1833 1818 1817
3942 2 2 1 1 1833 1817 1832
3943 2 2 1 1 1834 1819 1818
3944 2 2 1 1 1834 1818 1833
3945 2 2 1 1 1835 1820 1819
3946 2 2 1 1 1835 1819 1834
3947 2 2 1 1 1836 1503 1820
3948 2 2 1 1 1836 1820 1835
3949 2 2 1 1 1837 1821 1712
3950 2 2 1 1 1837 1712 382
3951 2 2 1 1 1838 1822 1821
3952 2 2 1 1 1838 1821 1837
3953 2 2 1 1 1839 1823 1822
3954 2 2 1 1 1839 1822 1838
3955 2 2 1 1 1840 1824 1823
3956 2 2 1 1 1840 1823 1839
3957 2 2 1 1 1841 1825 1824
3958 2 2 1 1 1841 1824 1840
3959 2 2 1 1 1842 1826 1825
3960 2 2 1 1 1842 1825 1841
3961 2 2 1 1 1843 1827 1826
3962 2 2 1 1 1843 1826 1842
3963 2 2 1 1 1844 1828 1827
3964 2 2 1 1 1844 1827 1843
3965 2 2 1 1 1845 1829 1828
3966 2 2 1 1 1845 1828 1844
3967 2 2 1 1 1846 1830 1829
3968 2 2 1 1 1846 1829 1845
3969 2 2 1 1 1847 1831 1830
3970 2 2 1 1 1847 1830 1846
3971 2 2 1 1 1848 1832 1831
3972 2 2 1 1 1848 1831 1847
3973 2 2 1 1 1849 1833 1832
3974 2 2 1 1 1849 1832 1848
3975 2 2 1 1 1850 1834 1833
3976 2 2 1 1 1850 1833 1849
3977 2 2 1 1 1851 1835 1834
3978 2 2 1 1 1851 1834 1850
3979 2 2 1 1 377 1836 1835
3980 2 2 1 1 377 1835 1851
$EndElements
