$MeshFormat
2.2 0 8
$EndMeshFormat
$PhysicalNames
1
2 1 "Rhino->WAMIT_file_export_(mesh)"
$EndPhysicalNames
$Nodes
5109
1 -2.720240116 1.778429985 8.304349899
2 -3.021810055 1.196310043 8.304349899
3 -3.021810055 1.196310043 9.652170181
4 -2.720240116 1.778429985 9.652170181
5 -2.720240116 1.778429985 6.956520081
6 -3.021810055 1.196310043 6.956520081
7 -2.720240116 1.778429985 5.608699799
8 -3.021810055 1.196310043 5.608699799
9 -2.720240116 1.778429985 4.26086998
10 -3.021810055 1.196310043 4.26086998
11 -2.720240116 1.778429985 2.913039923
12 -3.021810055 1.196310043 2.913039923
13 -2.720240116 1.778429985 1.565219998
14 -3.021810055 1.196310043 1.565219998
15 -2.720240116 1.778429985 0.2173900008
16 -3.021810055 1.196310043 0.2173900008
17 -2.720240116 1.778429985 -1.130429983
18 -3.021810055 1.196310043 -1.130429983
19 -2.720240116 1.778429985 -2.47826004
20 -3.021810055 1.196310043 -2.47826004
21 -2.720240116 1.778429985 -3.826090097
22 -3.021810055 1.196310043 -3.826090097
23 -2.720240116 1.778429985 -5.173910141
24 -3.021810055 1.196310043 -5.173910141
25 -2.720240116 1.778429985 -6.52173996
26 -3.021810055 1.196310043 -6.52173996
27 -2.720240116 1.778429985 -7.869569778
28 -3.021810055 1.196310043 -7.869569778
29 -2.720240116 1.778429985 -9.21739006
30 -3.021810055 1.196310043 -9.21739006
31 -2.720240116 1.778429985 -10.56521988
32 -3.021810055 1.196310043 -10.56521988
33 -2.720240116 1.778429985 -11.91304016
34 -3.021810055 1.196310043 -11.91304016
35 -2.720240116 1.778429985 -13.26086998
36 -3.021810055 1.196310043 -13.26086998
37 -2.720240116 1.778429985 -14.6086998
38 -3.021810055 1.196310043 -14.6086998
39 -2.720240116 1.778429985 -15.95652008
40 -3.021810055 1.196310043 -15.95652008
41 -2.720240116 1.778429985 -17.3043499
42 -3.021810055 1.196310043 -17.3043499
43 -2.720240116 1.778429985 -18.65217018
44 -3.021810055 1.196310043 -18.65217018
45 -2.298099995 2.298099995 8.304349899
46 -2.298099995 2.298099995 9.652170181
47 -2.298099995 2.298099995 6.956520081
48 -2.298099995 2.298099995 5.608699799
49 -2.298099995 2.298099995 4.26086998
50 -2.298099995 2.298099995 2.913039923
51 -2.298099995 2.298099995 1.565219998
52 -2.298099995 2.298099995 0.2173900008
53 -2.298099995 2.298099995 -1.130429983
54 -2.298099995 2.298099995 -2.47826004
55 -2.298099995 2.298099995 -3.826090097
56 -2.298099995 2.298099995 -5.173910141
57 -2.298099995 2.298099995 -6.52173996
58 -2.298099995 2.298099995 -7.869569778
59 -2.298099995 2.298099995 -9.21739006
60 -2.298099995 2.298099995 -10.56521988
61 -2.298099995 2.298099995 -11.91304016
62 -2.298099995 2.298099995 -13.26086998
63 -2.298099995 2.298099995 -14.6086998
64 -2.298099995 2.298099995 -15.95652008
65 -2.298099995 2.298099995 -17.3043499
66 -2.298099995 2.298099995 -18.65217018
67 -1.778429985 2.720240116 8.304349899
68 -1.778429985 2.720240116 9.652170181
69 -1.778429985 2.720240116 6.956520081
70 -1.778429985 2.720240116 5.608699799
71 -1.778429985 2.720240116 4.26086998
72 -1.778429985 2.720240116 2.913039923
73 -1.778429985 2.720240116 1.565219998
74 -1.778429985 2.720240116 0.2173900008
75 -1.778429985 2.720240116 -1.130429983
76 -1.778429985 2.720240116 -2.47826004
77 -1.778429985 2.720240116 -3.826090097
78 -1.778429985 2.720240116 -5.173910141
79 -1.778429985 2.720240116 -6.52173996
80 -1.778429985 2.720240116 -7.869569778
81 -1.778429985 2.720240116 -9.21739006
82 -1.778429985 2.720240116 -10.56521988
83 -1.778429985 2.720240116 -11.91304016
84 -1.778429985 2.720240116 -13.26086998
85 -1.778429985 2.720240116 -14.6086998
86 -1.778429985 2.720240116 -15.95652008
87 -1.778429985 2.720240116 -17.3043499
88 -1.778429985 2.720240116 -18.65217018
89 -1.196310043 3.021810055 8.304349899
90 -1.196310043 3.021810055 9.652170181
91 -1.196310043 3.021810055 6.956520081
92 -1.196310043 3.021810055 5.608699799
93 -1.196310043 3.021810055 4.26086998
94 -1.196310043 3.021810055 2.913039923
95 -1.196310043 3.021810055 1.565219998
96 -1.196310043 3.021810055 0.2173900008
97 -1.196310043 3.021810055 -1.130429983
98 -1.196310043 3.021810055 -2.47826004
99 -1.196310043 3.021810055 -3.826090097
100 -1.196310043 3.021810055 -5.173910141
101 -1.196310043 3.021810055 -6.52173996
102 -1.196310043 3.021810055 -7.869569778
103 -1.196310043 3.021810055 -9.21739006
104 -1.196310043 3.021810055 -10.56521988
105 -1.196310043 3.021810055 -11.91304016
106 -1.196310043 3.021810055 -13.26086998
107 -1.196310043 3.021810055 -14.6086998
108 -1.196310043 3.021810055 -15.95652008
109 -1.196310043 3.021810055 -17.3043499
110 -1.196310043 3.021810055 -18.65217018
111 -0 3.25 8.304349899
112 -0 3.25 9.652170181
113 -0 3.25 6.956520081
114 -0 3.25 5.608699799
115 -0 3.25 4.26086998
116 -0 3.25 2.913039923
117 -0 3.25 1.565219998
118 -0 3.25 0.2173900008
119 -0 3.25 -1.130429983
120 -0 3.25 -2.47826004
121 -0 3.25 -3.826090097
122 -0 3.25 -5.173910141
123 -0 3.25 -6.52173996
124 -0 3.25 -7.869569778
125 -0 3.25 -9.21739006
126 -0 3.25 -10.56521988
127 -0 3.25 -11.91304016
128 -0 3.25 -13.26086998
129 -0 3.25 -14.6086998
130 -0 3.25 -15.95652008
131 -0 3.25 -17.3043499
132 -0 3.25 -18.65217018
133 1.196310043 3.021810055 8.304349899
134 1.196310043 3.021810055 9.652170181
135 1.196310043 3.021810055 6.956520081
136 1.196310043 3.021810055 5.608699799
137 1.196310043 3.021810055 4.26086998
138 1.196310043 3.021810055 2.913039923
139 1.196310043 3.021810055 1.565219998
140 1.196310043 3.021810055 0.2173900008
141 1.196310043 3.021810055 -1.130429983
142 1.196310043 3.021810055 -2.47826004
143 1.196310043 3.021810055 -3.826090097
144 1.196310043 3.021810055 -5.173910141
145 1.196310043 3.021810055 -6.52173996
146 1.196310043 3.021810055 -7.869569778
147 1.196310043 3.021810055 -9.21739006
148 1.196310043 3.021810055 -10.56521988
149 1.196310043 3.021810055 -11.91304016
150 1.196310043 3.021810055 -13.26086998
151 1.196310043 3.021810055 -14.6086998
152 1.196310043 3.021810055 -15.95652008
153 1.196310043 3.021810055 -17.3043499
154 1.196310043 3.021810055 -18.65217018
155 1.778429985 2.720240116 8.304349899
156 1.778429985 2.720240116 9.652170181
157 1.778429985 2.720240116 6.956520081
158 1.778429985 2.720240116 5.608699799
159 1.778429985 2.720240116 4.26086998
160 1.778429985 2.720240116 2.913039923
161 1.778429985 2.720240116 1.565219998
162 1.778429985 2.720240116 0.2173900008
163 1.778429985 2.720240116 -1.130429983
164 1.778429985 2.720240116 -2.47826004
165 1.778429985 2.720240116 -3.826090097
166 1.778429985 2.720240116 -5.173910141
167 1.778429985 2.720240116 -6.52173996
168 1.778429985 2.720240116 -7.869569778
169 1.778429985 2.720240116 -9.21739006
170 1.778429985 2.720240116 -10.56521988
171 1.778429985 2.720240116 -11.91304016
172 1.778429985 2.720240116 -13.26086998
173 1.778429985 2.720240116 -14.6086998
174 1.778429985 2.720240116 -15.95652008
175 1.778429985 2.720240116 -17.3043499
176 1.778429985 2.720240116 -18.65217018
177 2.298099995 2.298099995 8.304349899
178 2.298099995 2.298099995 9.652170181
179 2.298099995 2.298099995 6.956520081
180 2.298099995 2.298099995 5.608699799
181 2.298099995 2.298099995 4.26086998
182 2.298099995 2.298099995 2.913039923
183 2.298099995 2.298099995 1.565219998
184 2.298099995 2.298099995 0.2173900008
185 2.298099995 2.298099995 -1.130429983
186 2.298099995 2.298099995 -2.47826004
187 2.298099995 2.298099995 -3.826090097
188 2.298099995 2.298099995 -5.173910141
189 2.298099995 2.298099995 -6.52173996
190 2.298099995 2.298099995 -7.869569778
191 2.298099995 2.298099995 -9.21739006
192 2.298099995 2.298099995 -10.56521988
193 2.298099995 2.298099995 -11.91304016
194 2.298099995 2.298099995 -13.26086998
195 2.298099995 2.298099995 -14.6086998
196 2.298099995 2.298099995 -15.95652008
197 2.298099995 2.298099995 -17.3043499
198 2.298099995 2.298099995 -18.65217018
199 2.720240116 1.778429985 8.304349899
200 2.720240116 1.778429985 9.652170181
201 2.720240116 1.778429985 6.956520081
202 2.720240116 1.778429985 5.608699799
203 2.720240116 1.778429985 4.26086998
204 2.720240116 1.778429985 2.913039923
205 2.720240116 1.778429985 1.565219998
206 2.720240116 1.778429985 0.2173900008
207 2.720240116 1.778429985 -1.130429983
208 2.720240116 1.778429985 -2.47826004
209 2.720240116 1.778429985 -3.826090097
210 2.720240116 1.778429985 -5.173910141
211 2.720240116 1.778429985 -6.52173996
212 2.720240116 1.778429985 -7.869569778
213 2.720240116 1.778429985 -9.21739006
214 2.720240116 1.778429985 -10.56521988
215 2.720240116 1.778429985 -11.91304016
216 2.720240116 1.778429985 -13.26086998
217 2.720240116 1.778429985 -14.6086998
218 2.720240116 1.778429985 -15.95652008
219 2.720240116 1.778429985 -17.3043499
220 2.720240116 1.778429985 -18.65217018
221 3.021810055 1.196310043 8.304349899
222 3.021810055 1.196310043 9.652170181
223 3.021810055 1.196310043 6.956520081
224 3.021810055 1.196310043 5.608699799
225 3.021810055 1.196310043 4.26086998
226 3.021810055 1.196310043 2.913039923
227 3.021810055 1.196310043 1.565219998
228 3.021810055 1.196310043 0.2173900008
229 3.021810055 1.196310043 -1.130429983
230 3.021810055 1.196310043 -2.47826004
231 3.021810055 1.196310043 -3.826090097
232 3.021810055 1.196310043 -5.173910141
233 3.021810055 1.196310043 -6.52173996
234 3.021810055 1.196310043 -7.869569778
235 3.021810055 1.196310043 -9.21739006
236 3.021810055 1.196310043 -10.56521988
237 3.021810055 1.196310043 -11.91304016
238 3.021810055 1.196310043 -13.26086998
239 3.021810055 1.196310043 -14.6086998
240 3.021810055 1.196310043 -15.95652008
241 3.021810055 1.196310043 -17.3043499
242 3.021810055 1.196310043 -18.65217018
243 3.25 0 8.304349899
244 3.25 0 9.652170181
245 3.25 0 6.956520081
246 3.25 0 5.608699799
247 3.25 0 4.26086998
248 3.25 0 2.913039923
249 3.25 0 1.565219998
250 3.25 0 0.2173900008
251 3.25 0 -1.130429983
252 3.25 0 -2.47826004
253 3.25 0 -3.826090097
254 3.25 0 -5.173910141
255 3.25 0 -6.52173996
256 3.25 0 -7.869569778
257 3.25 0 -9.21739006
258 3.25 0 -10.56521988
259 3.25 0 -11.91304016
260 3.25 0 -13.26086998
261 3.25 0 -14.6086998
262 3.25 0 -15.95652008
263 3.25 0 -17.3043499
264 3.25 0 -18.65217018
265 -3.25 0 9.652170181
266 -3.25 0 11
267 -3.021810055 1.196310043 11
268 -3.25 0 6.956520081
269 -3.25 0 8.304349899
270 -3.25 0 5.608699799
271 -3.25 0 2.913039923
272 -3.25 0 4.26086998
273 -3.25 0 1.565219998
274 -3.25 0 -1.130429983
275 -3.25 0 0.2173900008
276 -3.25 0 -2.47826004
277 -2.720240116 1.778429985 11
278 -3.25 0 -3.826090097
279 -3.25 0 -5.173910141
280 -3.25 0 -7.869569778
281 -3.25 0 -6.52173996
282 -3.25 0 -9.21739006
283 -3.25 0 -11.91304016
284 -3.25 0 -10.56521988
285 -3.25 0 -13.26086998
286 -3.25 0 -15.95652008
287 -3.25 0 -14.6086998
288 -3.25 0 -17.3043499
289 -3.25 0 -20
290 -3.25 0 -18.65217018
291 -3.021810055 1.196310043 -20
292 -2.298099995 2.298099995 11
293 -1.196310043 3.021810055 11
294 -1.778429985 2.720240116 11
295 -0 3.25 11
296 1.196310043 3.021810055 11
297 1.778429985 2.720240116 11
298 2.298099995 2.298099995 11
299 3.021810055 1.196310043 11
300 2.720240116 1.778429985 11
301 3.25 0 11
302 -2.298099995 2.298099995 -20
303 -2.720240116 1.778429985 -20
304 -1.196310043 3.021810055 -20
305 -1.778429985 2.720240116 -20
306 -0 3.25 -20
307 1.196310043 3.021810055 -20
308 1.778429985 2.720240116 -20
309 2.298099995 2.298099995 -20
310 3.021810055 1.196310043 -20
311 2.720240116 1.778429985 -20
312 3.25 0 -20
313 -0.6499999762 1.083330035 11
314 -0.6499999762 2.166670084 11
315 -1.950000048 2.166670084 11
316 -1.950000048 1.083330035 11
317 0.6499999762 1.083330035 11
318 0.6499999762 2.166670084 11
319 1.950000048 1.083330035 11
320 1.950000048 2.166670084 11
321 -1.950000048 0 11
322 -0.6499999762 0 11
323 0.6499999762 0 11
324 1.950000048 0 11
325 -0.6499999762 1.083330035 -20
326 -1.950000048 1.083330035 -20
327 -1.950000048 2.166670084 -20
328 -0.6499999762 2.166670084 -20
329 0.6499999762 1.083330035 -20
330 0.6499999762 2.166670084 -20
331 1.950000048 1.083330035 -20
332 1.950000048 2.166670084 -20
333 -1.950000048 0 -20
334 -0.6499999762 0 -20
335 0.6499999762 0 -20
336 1.950000048 0 -20
337 -40.6696701 2.183559895 -16.39999962
338 -40.82146072 1.078250051 -16.39999962
339 -40.82146072 1.078250051 -15.19999981
340 -40.6696701 2.183559895 -15.19999981
341 -40.6696701 2.183559895 -17.60000038
342 -40.82146072 1.078250051 -17.60000038
343 -40.6696701 2.183559895 -18.79999924
344 -40.82146072 1.078250051 -18.79999924
345 -40.40679169 3.30189991 -16.39999962
346 -40.40679169 3.30189991 -15.19999981
347 -40.40679169 3.30189991 -17.60000038
348 -40.40679169 3.30189991 -18.79999924
349 -40.02745819 4.417140007 -16.39999962
350 -40.02745819 4.417140007 -15.19999981
351 -40.02745819 4.417140007 -17.60000038
352 -40.02745819 4.417140007 -18.79999924
353 -39.52941132 5.511539936 -16.39999962
354 -39.52941132 5.511539936 -15.19999981
355 -39.52941132 5.511539936 -17.60000038
356 -39.52941132 5.511539936 -18.79999924
357 -38.91394043 6.566520214 -16.39999962
358 -38.91394043 6.566520214 -15.19999981
359 -38.91394043 6.566520214 -17.60000038
360 -38.91394043 6.566520214 -18.79999924
361 -38.18624115 7.563580036 -16.39999962
362 -38.18624115 7.563580036 -15.19999981
363 -38.18624115 7.563580036 -17.60000038
364 -38.18624115 7.563580036 -18.79999924
365 -37.35528183 8.485280037 -16.39999962
366 -37.35528183 8.485280037 -15.19999981
367 -37.35528183 8.485280037 -17.60000038
368 -37.35528183 8.485280037 -18.79999924
369 -36.43357849 9.316240311 -16.39999962
370 -36.43357849 9.316240311 -15.19999981
371 -36.43357849 9.316240311 -17.60000038
372 -36.43357849 9.316240311 -18.79999924
373 -35.43651962 10.04395008 -16.39999962
374 -35.43651962 10.04395008 -15.19999981
375 -35.43651962 10.04395008 -17.60000038
376 -35.43651962 10.04395008 -18.79999924
377 -34.38153076 10.65941048 -16.39999962
378 -34.38153076 10.65941048 -15.19999981
379 -34.38153076 10.65941048 -17.60000038
380 -34.38153076 10.65941048 -18.79999924
381 -33.28713989 11.15746021 -16.39999962
382 -33.28713989 11.15746021 -15.19999981
383 -33.28713989 11.15746021 -17.60000038
384 -33.28713989 11.15746021 -18.79999924
385 -32.1719017 11.53678989 -16.39999962
386 -32.1719017 11.53678989 -15.19999981
387 -32.1719017 11.53678989 -17.60000038
388 -32.1719017 11.53678989 -18.79999924
389 -31.05356026 11.79965973 -16.39999962
390 -31.05356026 11.79965973 -15.19999981
391 -31.05356026 11.79965973 -17.60000038
392 -31.05356026 11.79965973 -18.79999924
393 -29.94824982 11.95145988 -16.39999962
394 -29.94824982 11.95145988 -15.19999981
395 -29.94824982 11.95145988 -17.60000038
396 -29.94824982 11.95145988 -18.79999924
397 -28.87000084 12 -16.39999962
398 -28.87000084 12 -15.19999981
399 -28.87000084 12 -17.60000038
400 -28.87000084 12 -18.79999924
401 -27.79174995 11.95145988 -16.39999962
402 -27.79174995 11.95145988 -15.19999981
403 -27.79174995 11.95145988 -17.60000038
404 -27.79174995 11.95145988 -18.79999924
405 -26.68643951 11.79965973 -16.39999962
406 -26.68643951 11.79965973 -15.19999981
407 -26.68643951 11.79965973 -17.60000038
408 -26.68643951 11.79965973 -18.79999924
409 -25.56809998 11.53678989 -16.39999962
410 -25.56809998 11.53678989 -15.19999981
411 -25.56809998 11.53678989 -17.60000038
412 -25.56809998 11.53678989 -18.79999924
413 -24.45285988 11.15746021 -16.39999962
414 -24.45285988 11.15746021 -15.19999981
415 -24.45285988 11.15746021 -17.60000038
416 -24.45285988 11.15746021 -18.79999924
417 -23.35847092 10.65941048 -16.39999962
418 -23.35847092 10.65941048 -15.19999981
419 -23.35847092 10.65941048 -17.60000038
420 -23.35847092 10.65941048 -18.79999924
421 -22.30348015 10.04395008 -16.39999962
422 -22.30348015 10.04395008 -15.19999981
423 -22.30348015 10.04395008 -17.60000038
424 -22.30348015 10.04395008 -18.79999924
425 -21.30641937 9.316240311 -16.39999962
426 -21.30641937 9.316240311 -15.19999981
427 -21.30641937 9.316240311 -17.60000038
428 -21.30641937 9.316240311 -18.79999924
429 -20.38471985 8.485280037 -16.39999962
430 -20.38471985 8.485280037 -15.19999981
431 -20.38471985 8.485280037 -17.60000038
432 -20.38471985 8.485280037 -18.79999924
433 -19.55376053 7.563580036 -16.39999962
434 -19.55376053 7.563580036 -15.19999981
435 -19.55376053 7.563580036 -17.60000038
436 -19.55376053 7.563580036 -18.79999924
437 -18.8260498 6.566520214 -16.39999962
438 -18.8260498 6.566520214 -15.19999981
439 -18.8260498 6.566520214 -17.60000038
440 -18.8260498 6.566520214 -18.79999924
441 -18.21059036 5.511539936 -16.39999962
442 -18.21059036 5.511539936 -15.19999981
443 -18.21059036 5.511539936 -17.60000038
444 -18.21059036 5.511539936 -18.79999924
445 -17.71253967 4.417140007 -16.39999962
446 -17.71253967 4.417140007 -15.19999981
447 -17.71253967 4.417140007 -17.60000038
448 -17.71253967 4.417140007 -18.79999924
449 -17.33320999 3.30189991 -16.39999962
450 -17.33320999 3.30189991 -15.19999981
451 -17.33320999 3.30189991 -17.60000038
452 -17.33320999 3.30189991 -18.79999924
453 -17.0703392 2.183559895 -16.39999962
454 -17.0703392 2.183559895 -15.19999981
455 -17.0703392 2.183559895 -17.60000038
456 -17.0703392 2.183559895 -18.79999924
457 -16.91853905 1.078250051 -16.39999962
458 -16.91853905 1.078250051 -15.19999981
459 -16.91853905 1.078250051 -17.60000038
460 -16.91853905 1.078250051 -18.79999924
461 -16.87000084 0 -16.39999962
462 -16.87000084 0 -15.19999981
463 -16.87000084 0 -17.60000038
464 -16.87000084 0 -18.79999924
465 -40.86999893 0 -15.19999981
466 -40.86999893 0 -14
467 -40.82146072 1.078250051 -14
468 -40.40679169 3.30189991 -14
469 -40.6696701 2.183559895 -14
470 -39.52941132 5.511539936 -14
471 -40.02745819 4.417140007 -14
472 -38.91394043 6.566520214 -14
473 -38.18624115 7.563580036 -14
474 -40.86999893 0 -16.39999962
475 -40.86999893 0 -17.60000038
476 -36.43357849 9.316240311 -14
477 -37.35528183 8.485280037 -14
478 -34.38153076 10.65941048 -14
479 -35.43651962 10.04395008 -14
480 -32.1719017 11.53678989 -14
481 -33.28713989 11.15746021 -14
482 -29.94824982 11.95145988 -14
483 -31.05356026 11.79965973 -14
484 -28.87000084 12 -14
485 -40.86999893 0 -18.79999924
486 -40.86999893 0 -20
487 -40.82146072 1.078250051 -20
488 -40.40679169 3.30189991 -20
489 -40.6696701 2.183559895 -20
490 -39.52941132 5.511539936 -20
491 -40.02745819 4.417140007 -20
492 -38.91394043 6.566520214 -20
493 -38.18624115 7.563580036 -20
494 -37.35528183 8.485280037 -20
495 -35.43651962 10.04395008 -20
496 -36.43357849 9.316240311 -20
497 -33.28713989 11.15746021 -20
498 -34.38153076 10.65941048 -20
499 -31.05356026 11.79965973 -20
500 -32.1719017 11.53678989 -20
501 -29.94824982 11.95145988 -20
502 -28.87000084 12 -20
503 -27.79174995 11.95145988 -14
504 -25.56809998 11.53678989 -14
505 -26.68643951 11.79965973 -14
506 -23.35847092 10.65941048 -14
507 -24.45285988 11.15746021 -14
508 -21.30641937 9.316240311 -14
509 -22.30348015 10.04395008 -14
510 -20.38471985 8.485280037 -14
511 -18.8260498 6.566520214 -14
512 -19.55376053 7.563580036 -14
513 -17.71253967 4.417140007 -14
514 -18.21059036 5.511539936 -14
515 -17.0703392 2.183559895 -14
516 -17.33320999 3.30189991 -14
517 -16.87000084 0 -14
518 -16.91853905 1.078250051 -14
519 -27.79174995 11.95145988 -20
520 -25.56809998 11.53678989 -20
521 -26.68643951 11.79965973 -20
522 -23.35847092 10.65941048 -20
523 -24.45285988 11.15746021 -20
524 -21.30641937 9.316240311 -20
525 -22.30348015 10.04395008 -20
526 -20.38471985 8.485280037 -20
527 -18.8260498 6.566520214 -20
528 -19.55376053 7.563580036 -20
529 -17.71253967 4.417140007 -20
530 -18.21059036 5.511539936 -20
531 -17.0703392 2.183559895 -20
532 -17.33320999 3.30189991 -20
533 -16.87000084 0 -20
534 -16.91853905 1.078250051 -20
535 -38.20333099 5.333330154 -14
536 -39.53667068 4 -14
537 -38.20333099 4 -14
538 -38.20333099 2.666670084 -14
539 -39.53667068 2.666670084 -14
540 -38.20333099 1.333330035 -14
541 -39.53667068 1.333330035 -14
542 -36.86999893 5.333330154 -14
543 -36.86999893 6.666669846 -14
544 -38.20333099 6.666669846 -14
545 -36.86999893 4 -14
546 -36.86999893 2.666670084 -14
547 -36.86999893 1.333330035 -14
548 -35.53667068 6.666669846 -14
549 -35.53667068 8 -14
550 -36.86999893 8 -14
551 -35.53667068 5.333330154 -14
552 -35.53667068 4 -14
553 -35.53667068 2.666670084 -14
554 -35.53667068 1.333330035 -14
555 -34.20333099 8 -14
556 -34.20333099 9.333330154 -14
557 -35.53667068 9.333330154 -14
558 -34.20333099 6.666669846 -14
559 -34.20333099 5.333330154 -14
560 -34.20333099 4 -14
561 -32.86999893 10.66666985 -14
562 -32.86999893 9.333330154 -14
563 -32.86999893 8 -14
564 -32.86999893 6.666669846 -14
565 -32.86999893 5.333330154 -14
566 -31.53667068 9.333330154 -14
567 -31.53667068 10.66666985 -14
568 -31.53667068 8 -14
569 -31.53667068 6.666669846 -14
570 -30.20332909 9.333330154 -14
571 -30.20332909 10.66666985 -14
572 -30.20332909 8 -14
573 -30.20332909 6.666669846 -14
574 -28.87000084 9.333330154 -14
575 -28.87000084 10.66666985 -14
576 -28.87000084 8 -14
577 -28.87000084 6.666669846 -14
578 -27.53667068 9.333330154 -14
579 -27.53667068 10.66666985 -14
580 -27.53667068 8 -14
581 -27.53667068 6.666669846 -14
582 -26.20332909 9.333330154 -14
583 -26.20332909 10.66666985 -14
584 -26.20332909 8 -14
585 -26.20332909 6.666669846 -14
586 -24.87000084 9.333330154 -14
587 -24.87000084 10.66666985 -14
588 -24.87000084 8 -14
589 -24.87000084 6.666669846 -14
590 -23.53667068 8 -14
591 -23.53667068 9.333330154 -14
592 -23.53667068 6.666669846 -14
593 -23.53667068 5.333330154 -14
594 -24.87000084 5.333330154 -14
595 -22.20332909 8 -14
596 -22.20332909 9.333330154 -14
597 -22.20332909 6.666669846 -14
598 -22.20332909 5.333330154 -14
599 -22.20332909 4 -14
600 -23.53667068 4 -14
601 -20.87000084 6.666669846 -14
602 -20.87000084 8 -14
603 -20.87000084 5.333330154 -14
604 -20.87000084 4 -14
605 -20.87000084 2.666670084 -14
606 -22.20332909 2.666670084 -14
607 -20.87000084 1.333330035 -14
608 -22.20332909 1.333330035 -14
609 -19.53667068 5.333330154 -14
610 -19.53667068 6.666669846 -14
611 -19.53667068 4 -14
612 -19.53667068 2.666670084 -14
613 -19.53667068 1.333330035 -14
614 -18.20332909 2.666670084 -14
615 -18.20332909 4 -14
616 -18.20332909 1.333330035 -14
617 -31.07856941 5.578730106 -14
618 -29.96178055 5.899829865 -14
619 -32.15325928 5.021969795 -14
620 -39.66999817 0 -14
621 -38.47000122 0 -14
622 -37.27000046 0 -14
623 -33.11264038 4.242640018 -14
624 -33.89197159 3.283260107 -14
625 -36.06999969 0 -14
626 -34.7698288 1.091779947 -14
627 -34.44873047 2.208570004 -14
628 -34.86999893 0 -14
629 -28.87000084 6 -14
630 -27.77821922 5.899829865 -14
631 -26.66143036 5.578730106 -14
632 -25.58674049 5.021969795 -14
633 -24.62735939 4.242640018 -14
634 -23.84803009 3.283260107 -14
635 -23.2912693 2.208570004 -14
636 -22.97016907 1.091779947 -14
637 -22.87000084 0 -14
638 -20.46999931 0 -14
639 -21.67000008 0 -14
640 -19.27000046 0 -14
641 -18.06999969 0 -14
642 -38.20333099 5.333330154 -20
643 -38.20333099 4 -20
644 -39.53667068 4 -20
645 -38.20333099 2.666670084 -20
646 -39.53667068 2.666670084 -20
647 -38.20333099 1.333330035 -20
648 -39.53667068 1.333330035 -20
649 -36.86999893 5.333330154 -20
650 -38.20333099 6.666669846 -20
651 -36.86999893 6.666669846 -20
652 -36.86999893 4 -20
653 -36.86999893 2.666670084 -20
654 -36.86999893 1.333330035 -20
655 -35.53667068 6.666669846 -20
656 -36.86999893 8 -20
657 -35.53667068 8 -20
658 -35.53667068 5.333330154 -20
659 -35.53667068 4 -20
660 -35.53667068 2.666670084 -20
661 -35.53667068 1.333330035 -20
662 -34.20333099 8 -20
663 -35.53667068 9.333330154 -20
664 -34.20333099 9.333330154 -20
665 -34.20333099 6.666669846 -20
666 -34.20333099 5.333330154 -20
667 -34.20333099 4 -20
668 -34.20333099 2.666670084 -20
669 -34.20333099 1.333330035 -20
670 -32.86999893 10.66666985 -20
671 -32.86999893 9.333330154 -20
672 -32.86999893 8 -20
673 -32.86999893 6.666669846 -20
674 -32.86999893 5.333330154 -20
675 -32.86999893 4 -20
676 -32.86999893 2.666670084 -20
677 -32.86999893 1.333330035 -20
678 -31.53667068 9.333330154 -20
679 -31.53667068 10.66666985 -20
680 -31.53667068 8 -20
681 -31.53667068 6.666669846 -20
682 -31.53667068 5.333330154 -20
683 -31.53667068 4 -20
684 -31.53667068 2.666670084 -20
685 -31.53667068 1.333330035 -20
686 -30.20332909 9.333330154 -20
687 -30.20332909 10.66666985 -20
688 -30.20332909 8 -20
689 -30.20332909 6.666669846 -20
690 -30.20332909 5.333330154 -20
691 -30.20332909 4 -20
692 -30.20332909 2.666670084 -20
693 -30.20332909 1.333330035 -20
694 -28.87000084 9.333330154 -20
695 -28.87000084 10.66666985 -20
696 -28.87000084 8 -20
697 -28.87000084 6.666669846 -20
698 -28.87000084 5.333330154 -20
699 -28.87000084 4 -20
700 -28.87000084 2.666670084 -20
701 -28.87000084 1.333330035 -20
702 -27.53667068 9.333330154 -20
703 -27.53667068 10.66666985 -20
704 -27.53667068 8 -20
705 -27.53667068 6.666669846 -20
706 -27.53667068 5.333330154 -20
707 -27.53667068 4 -20
708 -27.53667068 2.666670084 -20
709 -27.53667068 1.333330035 -20
710 -26.20332909 9.333330154 -20
711 -26.20332909 10.66666985 -20
712 -26.20332909 8 -20
713 -26.20332909 6.666669846 -20
714 -26.20332909 5.333330154 -20
715 -26.20332909 4 -20
716 -26.20332909 2.666670084 -20
717 -26.20332909 1.333330035 -20
718 -24.87000084 9.333330154 -20
719 -24.87000084 10.66666985 -20
720 -24.87000084 8 -20
721 -24.87000084 6.666669846 -20
722 -24.87000084 5.333330154 -20
723 -24.87000084 4 -20
724 -24.87000084 2.666670084 -20
725 -24.87000084 1.333330035 -20
726 -23.53667068 8 -20
727 -23.53667068 9.333330154 -20
728 -23.53667068 6.666669846 -20
729 -23.53667068 5.333330154 -20
730 -23.53667068 4 -20
731 -23.53667068 2.666670084 -20
732 -23.53667068 1.333330035 -20
733 -22.20332909 8 -20
734 -22.20332909 9.333330154 -20
735 -22.20332909 6.666669846 -20
736 -22.20332909 5.333330154 -20
737 -22.20332909 4 -20
738 -22.20332909 2.666670084 -20
739 -22.20332909 1.333330035 -20
740 -20.87000084 6.666669846 -20
741 -20.87000084 8 -20
742 -20.87000084 5.333330154 -20
743 -20.87000084 4 -20
744 -20.87000084 2.666670084 -20
745 -20.87000084 1.333330035 -20
746 -19.53667068 5.333330154 -20
747 -19.53667068 6.666669846 -20
748 -19.53667068 4 -20
749 -19.53667068 2.666670084 -20
750 -19.53667068 1.333330035 -20
751 -18.20332909 2.666670084 -20
752 -18.20332909 4 -20
753 -18.20332909 1.333330035 -20
754 -39.53667068 0 -20
755 -36.86999893 0 -20
756 -38.20333099 0 -20
757 -35.53667068 0 -20
758 -34.20333099 0 -20
759 -32.86999893 0 -20
760 -31.53667068 0 -20
761 -30.20332909 0 -20
762 -28.87000084 0 -20
763 -27.53667068 0 -20
764 -26.20332909 0 -20
765 -23.53667068 0 -20
766 -24.87000084 0 -20
767 -22.20332909 0 -20
768 -20.87000084 0 -20
769 -19.53667068 0 -20
770 -18.20332909 0 -20
771 -34.44873047 2.208570004 9.263159752
772 -34.7698288 1.091779947 9.263159752
773 -34.7698288 1.091779947 10.63158035
774 -34.44873047 2.208570004 10.63158035
775 -34.44873047 2.208570004 7.894740105
776 -34.7698288 1.091779947 7.894740105
777 -34.44873047 2.208570004 6.526319981
778 -34.7698288 1.091779947 6.526319981
779 -34.44873047 2.208570004 5.157889843
780 -34.7698288 1.091779947 5.157889843
781 -34.44873047 2.208570004 3.789469957
782 -34.7698288 1.091779947 3.789469957
783 -34.44873047 2.208570004 2.421050072
784 -34.7698288 1.091779947 2.421050072
785 -34.44873047 2.208570004 1.052629948
786 -34.7698288 1.091779947 1.052629948
787 -34.44873047 2.208570004 -0.3157899976
788 -34.7698288 1.091779947 -0.3157899976
789 -34.44873047 2.208570004 -1.684209943
790 -34.7698288 1.091779947 -1.684209943
791 -34.44873047 2.208570004 -3.052629948
792 -34.7698288 1.091779947 -3.052629948
793 -34.44873047 2.208570004 -4.421050072
794 -34.7698288 1.091779947 -4.421050072
795 -34.44873047 2.208570004 -5.789470196
796 -34.7698288 1.091779947 -5.789470196
797 -34.44873047 2.208570004 -7.157889843
798 -34.7698288 1.091779947 -7.157889843
799 -34.44873047 2.208570004 -8.526320457
800 -34.7698288 1.091779947 -8.526320457
801 -34.44873047 2.208570004 -9.894740105
802 -34.7698288 1.091779947 -9.894740105
803 -34.44873047 2.208570004 -11.26315975
804 -34.7698288 1.091779947 -11.26315975
805 -34.44873047 2.208570004 -12.63158035
806 -34.7698288 1.091779947 -12.63158035
807 -33.89197159 3.283260107 9.263159752
808 -33.89197159 3.283260107 10.63158035
809 -33.89197159 3.283260107 7.894740105
810 -33.89197159 3.283260107 6.526319981
811 -33.89197159 3.283260107 5.157889843
812 -33.89197159 3.283260107 3.789469957
813 -33.89197159 3.283260107 2.421050072
814 -33.89197159 3.283260107 1.052629948
815 -33.89197159 3.283260107 -0.3157899976
816 -33.89197159 3.283260107 -1.684209943
817 -33.89197159 3.283260107 -3.052629948
818 -33.89197159 3.283260107 -4.421050072
819 -33.89197159 3.283260107 -5.789470196
820 -33.89197159 3.283260107 -7.157889843
821 -33.89197159 3.283260107 -8.526320457
822 -33.89197159 3.283260107 -9.894740105
823 -33.89197159 3.283260107 -11.26315975
824 -33.89197159 3.283260107 -12.63158035
825 -33.11264038 4.242640018 9.263159752
826 -33.11264038 4.242640018 10.63158035
827 -33.11264038 4.242640018 7.894740105
828 -33.11264038 4.242640018 6.526319981
829 -33.11264038 4.242640018 5.157889843
830 -33.11264038 4.242640018 3.789469957
831 -33.11264038 4.242640018 2.421050072
832 -33.11264038 4.242640018 1.052629948
833 -33.11264038 4.242640018 -0.3157899976
834 -33.11264038 4.242640018 -1.684209943
835 -33.11264038 4.242640018 -3.052629948
836 -33.11264038 4.242640018 -4.421050072
837 -33.11264038 4.242640018 -5.789470196
838 -33.11264038 4.242640018 -7.157889843
839 -33.11264038 4.242640018 -8.526320457
840 -33.11264038 4.242640018 -9.894740105
841 -33.11264038 4.242640018 -11.26315975
842 -33.11264038 4.242640018 -12.63158035
843 -32.15325928 5.021969795 9.263159752
844 -32.15325928 5.021969795 10.63158035
845 -32.15325928 5.021969795 7.894740105
846 -32.15325928 5.021969795 6.526319981
847 -32.15325928 5.021969795 5.157889843
848 -32.15325928 5.021969795 3.789469957
849 -32.15325928 5.021969795 2.421050072
850 -32.15325928 5.021969795 1.052629948
851 -32.15325928 5.021969795 -0.3157899976
852 -32.15325928 5.021969795 -1.684209943
853 -32.15325928 5.021969795 -3.052629948
854 -32.15325928 5.021969795 -4.421050072
855 -32.15325928 5.021969795 -5.789470196
856 -32.15325928 5.021969795 -7.157889843
857 -32.15325928 5.021969795 -8.526320457
858 -32.15325928 5.021969795 -9.894740105
859 -32.15325928 5.021969795 -11.26315975
860 -32.15325928 5.021969795 -12.63158035
861 -31.07856941 5.578730106 9.263159752
862 -31.07856941 5.578730106 10.63158035
863 -31.07856941 5.578730106 7.894740105
864 -31.07856941 5.578730106 6.526319981
865 -31.07856941 5.578730106 5.157889843
866 -31.07856941 5.578730106 3.789469957
867 -31.07856941 5.578730106 2.421050072
868 -31.07856941 5.578730106 1.052629948
869 -31.07856941 5.578730106 -0.3157899976
870 -31.07856941 5.578730106 -1.684209943
871 -31.07856941 5.578730106 -3.052629948
872 -31.07856941 5.578730106 -4.421050072
873 -31.07856941 5.578730106 -5.789470196
874 -31.07856941 5.578730106 -7.157889843
875 -31.07856941 5.578730106 -8.526320457
876 -31.07856941 5.578730106 -9.894740105
877 -31.07856941 5.578730106 -11.26315975
878 -31.07856941 5.578730106 -12.63158035
879 -29.96178055 5.899829865 9.263159752
880 -29.96178055 5.899829865 10.63158035
881 -29.96178055 5.899829865 7.894740105
882 -29.96178055 5.899829865 6.526319981
883 -29.96178055 5.899829865 5.157889843
884 -29.96178055 5.899829865 3.789469957
885 -29.96178055 5.899829865 2.421050072
886 -29.96178055 5.899829865 1.052629948
887 -29.96178055 5.899829865 -0.3157899976
888 -29.96178055 5.899829865 -1.684209943
889 -29.96178055 5.899829865 -3.052629948
890 -29.96178055 5.899829865 -4.421050072
891 -29.96178055 5.899829865 -5.789470196
892 -29.96178055 5.899829865 -7.157889843
893 -29.96178055 5.899829865 -8.526320457
894 -29.96178055 5.899829865 -9.894740105
895 -29.96178055 5.899829865 -11.26315975
896 -29.96178055 5.899829865 -12.63158035
897 -28.87000084 6 9.263159752
898 -28.87000084 6 10.63158035
899 -28.87000084 6 7.894740105
900 -28.87000084 6 6.526319981
901 -28.87000084 6 5.157889843
902 -28.87000084 6 3.789469957
903 -28.87000084 6 2.421050072
904 -28.87000084 6 1.052629948
905 -28.87000084 6 -0.3157899976
906 -28.87000084 6 -1.684209943
907 -28.87000084 6 -3.052629948
908 -28.87000084 6 -4.421050072
909 -28.87000084 6 -5.789470196
910 -28.87000084 6 -7.157889843
911 -28.87000084 6 -8.526320457
912 -28.87000084 6 -9.894740105
913 -28.87000084 6 -11.26315975
914 -28.87000084 6 -12.63158035
915 -27.77821922 5.899829865 9.263159752
916 -27.77821922 5.899829865 10.63158035
917 -27.77821922 5.899829865 7.894740105
918 -27.77821922 5.899829865 6.526319981
919 -27.77821922 5.899829865 5.157889843
920 -27.77821922 5.899829865 3.789469957
921 -27.77821922 5.899829865 2.421050072
922 -27.77821922 5.899829865 1.052629948
923 -27.77821922 5.899829865 -0.3157899976
924 -27.77821922 5.899829865 -1.684209943
925 -27.77821922 5.899829865 -3.052629948
926 -27.77821922 5.899829865 -4.421050072
927 -27.77821922 5.899829865 -5.789470196
928 -27.77821922 5.899829865 -7.157889843
929 -27.77821922 5.899829865 -8.526320457
930 -27.77821922 5.899829865 -9.894740105
931 -27.77821922 5.899829865 -11.26315975
932 -27.77821922 5.899829865 -12.63158035
933 -26.66143036 5.578730106 9.263159752
934 -26.66143036 5.578730106 10.63158035
935 -26.66143036 5.578730106 7.894740105
936 -26.66143036 5.578730106 6.526319981
937 -26.66143036 5.578730106 5.157889843
938 -26.66143036 5.578730106 3.789469957
939 -26.66143036 5.578730106 2.421050072
940 -26.66143036 5.578730106 1.052629948
941 -26.66143036 5.578730106 -0.3157899976
942 -26.66143036 5.578730106 -1.684209943
943 -26.66143036 5.578730106 -3.052629948
944 -26.66143036 5.578730106 -4.421050072
945 -26.66143036 5.578730106 -5.789470196
946 -26.66143036 5.578730106 -7.157889843
947 -26.66143036 5.578730106 -8.526320457
948 -26.66143036 5.578730106 -9.894740105
949 -26.66143036 5.578730106 -11.26315975
950 -26.66143036 5.578730106 -12.63158035
951 -25.58674049 5.021969795 9.263159752
952 -25.58674049 5.021969795 10.63158035
953 -25.58674049 5.021969795 7.894740105
954 -25.58674049 5.021969795 6.526319981
955 -25.58674049 5.021969795 5.157889843
956 -25.58674049 5.021969795 3.789469957
957 -25.58674049 5.021969795 2.421050072
958 -25.58674049 5.021969795 1.052629948
959 -25.58674049 5.021969795 -0.3157899976
960 -25.58674049 5.021969795 -1.684209943
961 -25.58674049 5.021969795 -3.052629948
962 -25.58674049 5.021969795 -4.421050072
963 -25.58674049 5.021969795 -5.789470196
964 -25.58674049 5.021969795 -7.157889843
965 -25.58674049 5.021969795 -8.526320457
966 -25.58674049 5.021969795 -9.894740105
967 -25.58674049 5.021969795 -11.26315975
968 -25.58674049 5.021969795 -12.63158035
969 -24.62735939 4.242640018 9.263159752
970 -24.62735939 4.242640018 10.63158035
971 -24.62735939 4.242640018 7.894740105
972 -24.62735939 4.242640018 6.526319981
973 -24.62735939 4.242640018 5.157889843
974 -24.62735939 4.242640018 3.789469957
975 -24.62735939 4.242640018 2.421050072
976 -24.62735939 4.242640018 1.052629948
977 -24.62735939 4.242640018 -0.3157899976
978 -24.62735939 4.242640018 -1.684209943
979 -24.62735939 4.242640018 -3.052629948
980 -24.62735939 4.242640018 -4.421050072
981 -24.62735939 4.242640018 -5.789470196
982 -24.62735939 4.242640018 -7.157889843
983 -24.62735939 4.242640018 -8.526320457
984 -24.62735939 4.242640018 -9.894740105
985 -24.62735939 4.242640018 -11.26315975
986 -24.62735939 4.242640018 -12.63158035
987 -23.84803009 3.283260107 9.263159752
988 -23.84803009 3.283260107 10.63158035
989 -23.84803009 3.283260107 7.894740105
990 -23.84803009 3.283260107 6.526319981
991 -23.84803009 3.283260107 5.157889843
992 -23.84803009 3.283260107 3.789469957
993 -23.84803009 3.283260107 2.421050072
994 -23.84803009 3.283260107 1.052629948
995 -23.84803009 3.283260107 -0.3157899976
996 -23.84803009 3.283260107 -1.684209943
997 -23.84803009 3.283260107 -3.052629948
998 -23.84803009 3.283260107 -4.421050072
999 -23.84803009 3.283260107 -5.789470196
1000 -23.84803009 3.283260107 -7.157889843
1001 -23.84803009 3.283260107 -8.526320457
1002 -23.84803009 3.283260107 -9.894740105
1003 -23.84803009 3.283260107 -11.26315975
1004 -23.84803009 3.283260107 -12.63158035
1005 -23.2912693 2.208570004 9.263159752
1006 -23.2912693 2.208570004 10.63158035
1007 -23.2912693 2.208570004 7.894740105
1008 -23.2912693 2.208570004 6.526319981
1009 -23.2912693 2.208570004 5.157889843
1010 -23.2912693 2.208570004 3.789469957
1011 -23.2912693 2.208570004 2.421050072
1012 -23.2912693 2.208570004 1.052629948
1013 -23.2912693 2.208570004 -0.3157899976
1014 -23.2912693 2.208570004 -1.684209943
1015 -23.2912693 2.208570004 -3.052629948
1016 -23.2912693 2.208570004 -4.421050072
1017 -23.2912693 2.208570004 -5.789470196
1018 -23.2912693 2.208570004 -7.157889843
1019 -23.2912693 2.208570004 -8.526320457
1020 -23.2912693 2.208570004 -9.894740105
1021 -23.2912693 2.208570004 -11.26315975
1022 -23.2912693 2.208570004 -12.63158035
1023 -22.97016907 1.091779947 9.263159752
1024 -22.97016907 1.091779947 10.63158035
1025 -22.97016907 1.091779947 7.894740105
1026 -22.97016907 1.091779947 6.526319981
1027 -22.97016907 1.091779947 5.157889843
1028 -22.97016907 1.091779947 3.789469957
1029 -22.97016907 1.091779947 2.421050072
1030 -22.97016907 1.091779947 1.052629948
1031 -22.97016907 1.091779947 -0.3157899976
1032 -22.97016907 1.091779947 -1.684209943
1033 -22.97016907 1.091779947 -3.052629948
1034 -22.97016907 1.091779947 -4.421050072
1035 -22.97016907 1.091779947 -5.789470196
1036 -22.97016907 1.091779947 -7.157889843
1037 -22.97016907 1.091779947 -8.526320457
1038 -22.97016907 1.091779947 -9.894740105
1039 -22.97016907 1.091779947 -11.26315975
1040 -22.97016907 1.091779947 -12.63158035
1041 -22.87000084 0 9.263159752
1042 -22.87000084 0 10.63158035
1043 -22.87000084 0 7.894740105
1044 -22.87000084 0 6.526319981
1045 -22.87000084 0 5.157889843
1046 -22.87000084 0 3.789469957
1047 -22.87000084 0 2.421050072
1048 -22.87000084 0 1.052629948
1049 -22.87000084 0 -0.3157899976
1050 -22.87000084 0 -1.684209943
1051 -22.87000084 0 -3.052629948
1052 -22.87000084 0 -4.421050072
1053 -22.87000084 0 -5.789470196
1054 -22.87000084 0 -7.157889843
1055 -22.87000084 0 -8.526320457
1056 -22.87000084 0 -9.894740105
1057 -22.87000084 0 -11.26315975
1058 -22.87000084 0 -12.63158035
1059 -34.86999893 0 10.63158035
1060 -34.86999893 0 12
1061 -34.7698288 1.091779947 12
1062 -34.86999893 0 9.263159752
1063 -34.86999893 0 7.894740105
1064 -34.44873047 2.208570004 12
1065 -34.86999893 0 6.526319981
1066 -34.86999893 0 5.157889843
1067 -34.86999893 0 3.789469957
1068 -34.86999893 0 1.052629948
1069 -34.86999893 0 2.421050072
1070 -34.86999893 0 -0.3157899976
1071 -33.89197159 3.283260107 12
1072 -33.11264038 4.242640018 12
1073 -32.15325928 5.021969795 12
1074 -34.86999893 0 -3.052629948
1075 -34.86999893 0 -1.684209943
1076 -34.86999893 0 -4.421050072
1077 -34.86999893 0 -5.789470196
1078 -34.86999893 0 -7.157889843
1079 -34.86999893 0 -8.526320457
1080 -34.86999893 0 -9.894740105
1081 -34.86999893 0 -12.63158035
1082 -34.86999893 0 -11.26315975
1083 -31.07856941 5.578730106 12
1084 -29.96178055 5.899829865 12
1085 -28.87000084 6 12
1086 -27.77821922 5.899829865 12
1087 -26.66143036 5.578730106 12
1088 -24.62735939 4.242640018 12
1089 -25.58674049 5.021969795 12
1090 -23.84803009 3.283260107 12
1091 -22.97016907 1.091779947 12
1092 -23.2912693 2.208570004 12
1093 -22.87000084 0 12
1094 -32.20333099 2.400000095 12
1095 -32.20333099 3.599999905 12
1096 -33.53667068 3.599999905 12
1097 -33.53667068 2.400000095 12
1098 -32.20333099 1.200000048 12
1099 -33.53667068 1.200000048 12
1100 -30.87000084 4.800000191 12
1101 -30.87000084 3.599999905 12
1102 -30.87000084 2.400000095 12
1103 -30.87000084 1.200000048 12
1104 -29.53667068 3.599999905 12
1105 -29.53667068 4.800000191 12
1106 -29.53667068 2.400000095 12
1107 -29.53667068 1.200000048 12
1108 -28.20332909 3.599999905 12
1109 -28.20332909 4.800000191 12
1110 -28.20332909 2.400000095 12
1111 -28.20332909 1.200000048 12
1112 -26.87000084 3.599999905 12
1113 -26.87000084 4.800000191 12
1114 -26.87000084 2.400000095 12
1115 -26.87000084 1.200000048 12
1116 -25.53667068 3.599999905 12
1117 -25.53667068 2.400000095 12
1118 -25.53667068 1.200000048 12
1119 -24.20332909 1.200000048 12
1120 -24.20332909 2.400000095 12
1121 -33.53667068 0 12
1122 -32.20333099 0 12
1123 -30.87000084 0 12
1124 -29.53667068 0 12
1125 -28.20332909 0 12
1126 -26.87000084 0 12
1127 -25.53667068 0 12
1128 -24.20332909 0 12
1129 26.38146019 23.92174911 -16.39999962
1130 26.43000031 25 -16.39999962
1131 26.43000031 25 -15.19999981
1132 26.38146019 23.92174911 -15.19999981
1133 26.38146019 23.92174911 -17.60000038
1134 26.43000031 25 -17.60000038
1135 26.38146019 23.92174911 -18.79999924
1136 26.43000031 25 -18.79999924
1137 26.22966003 22.81644058 -16.39999962
1138 26.22966003 22.81644058 -15.19999981
1139 26.22966003 22.81644058 -17.60000038
1140 26.22966003 22.81644058 -18.79999924
1141 25.96678925 21.69809914 -16.39999962
1142 25.96678925 21.69809914 -15.19999981
1143 25.96678925 21.69809914 -17.60000038
1144 25.96678925 21.69809914 -18.79999924
1145 25.58745956 20.58286095 -16.39999962
1146 25.58745956 20.58286095 -15.19999981
1147 25.58745956 20.58286095 -17.60000038
1148 25.58745956 20.58286095 -18.79999924
1149 25.08941078 19.48846054 -16.39999962
1150 25.08941078 19.48846054 -15.19999981
1151 25.08941078 19.48846054 -17.60000038
1152 25.08941078 19.48846054 -18.79999924
1153 24.47394943 18.43347931 -16.39999962
1154 24.47394943 18.43347931 -15.19999981
1155 24.47394943 18.43347931 -17.60000038
1156 24.47394943 18.43347931 -18.79999924
1157 23.74624062 17.43642044 -16.39999962
1158 23.74624062 17.43642044 -15.19999981
1159 23.74624062 17.43642044 -17.60000038
1160 23.74624062 17.43642044 -18.79999924
1161 22.91527939 16.51472092 -16.39999962
1162 22.91527939 16.51472092 -15.19999981
1163 22.91527939 16.51472092 -17.60000038
1164 22.91527939 16.51472092 -18.79999924
1165 21.99357986 15.68375969 -16.39999962
1166 21.99357986 15.68375969 -15.19999981
1167 21.99357986 15.68375969 -17.60000038
1168 21.99357986 15.68375969 -18.79999924
1169 20.99651909 14.95604992 -16.39999962
1170 20.99651909 14.95604992 -15.19999981
1171 20.99651909 14.95604992 -17.60000038
1172 20.99651909 14.95604992 -18.79999924
1173 19.94153976 14.34058952 -16.39999962
1174 19.94153976 14.34058952 -15.19999981
1175 19.94153976 14.34058952 -17.60000038
1176 19.94153976 14.34058952 -18.79999924
1177 18.84713936 13.84253979 -16.39999962
1178 18.84713936 13.84253979 -15.19999981
1179 18.84713936 13.84253979 -17.60000038
1180 18.84713936 13.84253979 -18.79999924
1181 17.73189926 13.46321011 -16.39999962
1182 17.73189926 13.46321011 -15.19999981
1183 17.73189926 13.46321011 -17.60000038
1184 17.73189926 13.46321011 -18.79999924
1185 16.61355972 13.20034027 -16.39999962
1186 16.61355972 13.20034027 -15.19999981
1187 16.61355972 13.20034027 -17.60000038
1188 16.61355972 13.20034027 -18.79999924
1189 15.50825024 13.04854012 -16.39999962
1190 15.50825024 13.04854012 -15.19999981
1191 15.50825024 13.04854012 -17.60000038
1192 15.50825024 13.04854012 -18.79999924
1193 14.43000031 13 -16.39999962
1194 14.43000031 13 -15.19999981
1195 14.43000031 13 -17.60000038
1196 14.43000031 13 -18.79999924
1197 13.35175037 13.04854012 -16.39999962
1198 13.35175037 13.04854012 -15.19999981
1199 13.35175037 13.04854012 -17.60000038
1200 13.35175037 13.04854012 -18.79999924
1201 12.24643993 13.20034027 -16.39999962
1202 12.24643993 13.20034027 -15.19999981
1203 12.24643993 13.20034027 -17.60000038
1204 12.24643993 13.20034027 -18.79999924
1205 11.1281004 13.46321011 -16.39999962
1206 11.1281004 13.46321011 -15.19999981
1207 11.1281004 13.46321011 -17.60000038
1208 11.1281004 13.46321011 -18.79999924
1209 10.0128603 13.84253979 -16.39999962
1210 10.0128603 13.84253979 -15.19999981
1211 10.0128603 13.84253979 -17.60000038
1212 10.0128603 13.84253979 -18.79999924
1213 8.918459892 14.34058952 -16.39999962
1214 8.918459892 14.34058952 -15.19999981
1215 8.918459892 14.34058952 -17.60000038
1216 8.918459892 14.34058952 -18.79999924
1217 7.863480091 14.95604992 -16.39999962
1218 7.863480091 14.95604992 -15.19999981
1219 7.863480091 14.95604992 -17.60000038
1220 7.863480091 14.95604992 -18.79999924
1221 6.866419792 15.68375969 -16.39999962
1222 6.866419792 15.68375969 -15.19999981
1223 6.866419792 15.68375969 -17.60000038
1224 6.866419792 15.68375969 -18.79999924
1225 5.944719791 16.51472092 -16.39999962
1226 5.944719791 16.51472092 -15.19999981
1227 5.944719791 16.51472092 -17.60000038
1228 5.944719791 16.51472092 -18.79999924
1229 5.113759995 17.43642044 -16.39999962
1230 5.113759995 17.43642044 -15.19999981
1231 5.113759995 17.43642044 -17.60000038
1232 5.113759995 17.43642044 -18.79999924
1233 4.386050224 18.43347931 -16.39999962
1234 4.386050224 18.43347931 -15.19999981
1235 4.386050224 18.43347931 -17.60000038
1236 4.386050224 18.43347931 -18.79999924
1237 3.770590067 19.48846054 -16.39999962
1238 3.770590067 19.48846054 -15.19999981
1239 3.770590067 19.48846054 -17.60000038
1240 3.770590067 19.48846054 -18.79999924
1241 3.272540092 20.58286095 -16.39999962
1242 3.272540092 20.58286095 -15.19999981
1243 3.272540092 20.58286095 -17.60000038
1244 3.272540092 20.58286095 -18.79999924
1245 2.893209934 21.69809914 -16.39999962
1246 2.893209934 21.69809914 -15.19999981
1247 2.893209934 21.69809914 -17.60000038
1248 2.893209934 21.69809914 -18.79999924
1249 2.630340099 22.81644058 -16.39999962
1250 2.630340099 22.81644058 -15.19999981
1251 2.630340099 22.81644058 -17.60000038
1252 2.630340099 22.81644058 -18.79999924
1253 2.478539944 23.92174911 -16.39999962
1254 2.478539944 23.92174911 -15.19999981
1255 2.478539944 23.92174911 -17.60000038
1256 2.478539944 23.92174911 -18.79999924
1257 2.430000067 25 -16.39999962
1258 2.430000067 25 -15.19999981
1259 2.430000067 25 -17.60000038
1260 2.430000067 25 -18.79999924
1261 2.478539944 26.07825089 -16.39999962
1262 2.478539944 26.07825089 -15.19999981
1263 2.478539944 26.07825089 -17.60000038
1264 2.478539944 26.07825089 -18.79999924
1265 2.630340099 27.18355942 -16.39999962
1266 2.630340099 27.18355942 -15.19999981
1267 2.630340099 27.18355942 -17.60000038
1268 2.630340099 27.18355942 -18.79999924
1269 2.893209934 28.30190086 -16.39999962
1270 2.893209934 28.30190086 -15.19999981
1271 2.893209934 28.30190086 -17.60000038
1272 2.893209934 28.30190086 -18.79999924
1273 3.272540092 29.41713905 -16.39999962
1274 3.272540092 29.41713905 -15.19999981
1275 3.272540092 29.41713905 -17.60000038
1276 3.272540092 29.41713905 -18.79999924
1277 3.770590067 30.51153946 -16.39999962
1278 3.770590067 30.51153946 -15.19999981
1279 3.770590067 30.51153946 -17.60000038
1280 3.770590067 30.51153946 -18.79999924
1281 4.386050224 31.56652069 -16.39999962
1282 4.386050224 31.56652069 -15.19999981
1283 4.386050224 31.56652069 -17.60000038
1284 4.386050224 31.56652069 -18.79999924
1285 5.113759995 32.56357956 -16.39999962
1286 5.113759995 32.56357956 -15.19999981
1287 5.113759995 32.56357956 -17.60000038
1288 5.113759995 32.56357956 -18.79999924
1289 5.944719791 33.48527908 -16.39999962
1290 5.944719791 33.48527908 -15.19999981
1291 5.944719791 33.48527908 -17.60000038
1292 5.944719791 33.48527908 -18.79999924
1293 6.866419792 34.3162384 -16.39999962
1294 6.866419792 34.3162384 -15.19999981
1295 6.866419792 34.3162384 -17.60000038
1296 6.866419792 34.3162384 -18.79999924
1297 7.863480091 35.04394913 -16.39999962
1298 7.863480091 35.04394913 -15.19999981
1299 7.863480091 35.04394913 -17.60000038
1300 7.863480091 35.04394913 -18.79999924
1301 8.918459892 35.65940857 -16.39999962
1302 8.918459892 35.65940857 -15.19999981
1303 8.918459892 35.65940857 -17.60000038
1304 8.918459892 35.65940857 -18.79999924
1305 10.0128603 36.15745926 -16.39999962
1306 10.0128603 36.15745926 -15.19999981
1307 10.0128603 36.15745926 -17.60000038
1308 10.0128603 36.15745926 -18.79999924
1309 11.1281004 36.53678894 -16.39999962
1310 11.1281004 36.53678894 -15.19999981
1311 11.1281004 36.53678894 -17.60000038
1312 11.1281004 36.53678894 -18.79999924
1313 12.24643993 36.79965973 -16.39999962
1314 12.24643993 36.79965973 -15.19999981
1315 12.24643993 36.79965973 -17.60000038
1316 12.24643993 36.79965973 -18.79999924
1317 13.35175037 36.95146179 -16.39999962
1318 13.35175037 36.95146179 -15.19999981
1319 13.35175037 36.95146179 -17.60000038
1320 13.35175037 36.95146179 -18.79999924
1321 14.43000031 37 -16.39999962
1322 14.43000031 37 -15.19999981
1323 14.43000031 37 -17.60000038
1324 14.43000031 37 -18.79999924
1325 15.50825024 36.95146179 -16.39999962
1326 15.50825024 36.95146179 -15.19999981
1327 15.50825024 36.95146179 -17.60000038
1328 15.50825024 36.95146179 -18.79999924
1329 16.61355972 36.79965973 -16.39999962
1330 16.61355972 36.79965973 -15.19999981
1331 16.61355972 36.79965973 -17.60000038
1332 16.61355972 36.79965973 -18.79999924
1333 17.73189926 36.53678894 -16.39999962
1334 17.73189926 36.53678894 -15.19999981
1335 17.73189926 36.53678894 -17.60000038
1336 17.73189926 36.53678894 -18.79999924
1337 18.84713936 36.15745926 -16.39999962
1338 18.84713936 36.15745926 -15.19999981
1339 18.84713936 36.15745926 -17.60000038
1340 18.84713936 36.15745926 -18.79999924
1341 19.94153976 35.65940857 -16.39999962
1342 19.94153976 35.65940857 -15.19999981
1343 19.94153976 35.65940857 -17.60000038
1344 19.94153976 35.65940857 -18.79999924
1345 20.99651909 35.04394913 -16.39999962
1346 20.99651909 35.04394913 -15.19999981
1347 20.99651909 35.04394913 -17.60000038
1348 20.99651909 35.04394913 -18.79999924
1349 21.99357986 34.3162384 -16.39999962
1350 21.99357986 34.3162384 -15.19999981
1351 21.99357986 34.3162384 -17.60000038
1352 21.99357986 34.3162384 -18.79999924
1353 22.91527939 33.48527908 -16.39999962
1354 22.91527939 33.48527908 -15.19999981
1355 22.91527939 33.48527908 -17.60000038
1356 22.91527939 33.48527908 -18.79999924
1357 23.74624062 32.56357956 -16.39999962
1358 23.74624062 32.56357956 -15.19999981
1359 23.74624062 32.56357956 -17.60000038
1360 23.74624062 32.56357956 -18.79999924
1361 24.47394943 31.56652069 -16.39999962
1362 24.47394943 31.56652069 -15.19999981
1363 24.47394943 31.56652069 -17.60000038
1364 24.47394943 31.56652069 -18.79999924
1365 25.08941078 30.51153946 -16.39999962
1366 25.08941078 30.51153946 -15.19999981
1367 25.08941078 30.51153946 -17.60000038
1368 25.08941078 30.51153946 -18.79999924
1369 25.58745956 29.41713905 -16.39999962
1370 25.58745956 29.41713905 -15.19999981
1371 25.58745956 29.41713905 -17.60000038
1372 25.58745956 29.41713905 -18.79999924
1373 25.96678925 28.30190086 -16.39999962
1374 25.96678925 28.30190086 -15.19999981
1375 25.96678925 28.30190086 -17.60000038
1376 25.96678925 28.30190086 -18.79999924
1377 26.22966003 27.18355942 -16.39999962
1378 26.22966003 27.18355942 -15.19999981
1379 26.22966003 27.18355942 -17.60000038
1380 26.22966003 27.18355942 -18.79999924
1381 26.38146019 26.07825089 -16.39999962
1382 26.38146019 26.07825089 -15.19999981
1383 26.38146019 26.07825089 -17.60000038
1384 26.38146019 26.07825089 -18.79999924
1385 26.38146019 23.92174911 -14
1386 26.43000031 25 -14
1387 25.96678925 21.69809914 -14
1388 26.22966003 22.81644058 -14
1389 25.08941078 19.48846054 -14
1390 25.58745956 20.58286095 -14
1391 23.74624062 17.43642044 -14
1392 24.47394943 18.43347931 -14
1393 21.99357986 15.68375969 -14
1394 22.91527939 16.51472092 -14
1395 19.94153976 14.34058952 -14
1396 20.99651909 14.95604992 -14
1397 17.73189926 13.46321011 -14
1398 18.84713936 13.84253979 -14
1399 15.50825024 13.04854012 -14
1400 16.61355972 13.20034027 -14
1401 14.43000031 13 -14
1402 13.35175037 13.04854012 -14
1403 11.1281004 13.46321011 -14
1404 12.24643993 13.20034027 -14
1405 8.918459892 14.34058952 -14
1406 10.0128603 13.84253979 -14
1407 6.866419792 15.68375969 -14
1408 7.863480091 14.95604992 -14
1409 5.113759995 17.43642044 -14
1410 5.944719791 16.51472092 -14
1411 3.770590067 19.48846054 -14
1412 4.386050224 18.43347931 -14
1413 2.893209934 21.69809914 -14
1414 3.272540092 20.58286095 -14
1415 2.478539944 23.92174911 -14
1416 2.630340099 22.81644058 -14
1417 2.430000067 25 -14
1418 26.38146019 23.92174911 -20
1419 26.43000031 25 -20
1420 25.96678925 21.69809914 -20
1421 26.22966003 22.81644058 -20
1422 25.08941078 19.48846054 -20
1423 25.58745956 20.58286095 -20
1424 23.74624062 17.43642044 -20
1425 24.47394943 18.43347931 -20
1426 21.99357986 15.68375969 -20
1427 22.91527939 16.51472092 -20
1428 19.94153976 14.34058952 -20
1429 20.99651909 14.95604992 -20
1430 17.73189926 13.46321011 -20
1431 18.84713936 13.84253979 -20
1432 15.50825024 13.04854012 -20
1433 16.61355972 13.20034027 -20
1434 14.43000031 13 -20
1435 13.35175037 13.04854012 -20
1436 11.1281004 13.46321011 -20
1437 12.24643993 13.20034027 -20
1438 8.918459892 14.34058952 -20
1439 10.0128603 13.84253979 -20
1440 6.866419792 15.68375969 -20
1441 7.863480091 14.95604992 -20
1442 5.113759995 17.43642044 -20
1443 5.944719791 16.51472092 -20
1444 4.386050224 18.43347931 -20
1445 3.272540092 20.58286095 -20
1446 3.770590067 19.48846054 -20
1447 2.630340099 22.81644058 -20
1448 2.893209934 21.69809914 -20
1449 2.478539944 23.92174911 -20
1450 2.430000067 25 -20
1451 2.478539944 26.07825089 -14
1452 2.630340099 27.18355942 -14
1453 3.272540092 29.41713905 -14
1454 2.893209934 28.30190086 -14
1455 4.386050224 31.56652069 -14
1456 3.770590067 30.51153946 -14
1457 5.944719791 33.48527908 -14
1458 5.113759995 32.56357956 -14
1459 7.863480091 35.04394913 -14
1460 6.866419792 34.3162384 -14
1461 10.0128603 36.15745926 -14
1462 8.918459892 35.65940857 -14
1463 12.24643993 36.79965973 -14
1464 11.1281004 36.53678894 -14
1465 13.35175037 36.95146179 -14
1466 14.43000031 37 -14
1467 16.61355972 36.79965973 -14
1468 15.50825024 36.95146179 -14
1469 18.84713936 36.15745926 -14
1470 17.73189926 36.53678894 -14
1471 20.99651909 35.04394913 -14
1472 19.94153976 35.65940857 -14
1473 22.91527939 33.48527908 -14
1474 21.99357986 34.3162384 -14
1475 24.47394943 31.56652069 -14
1476 23.74624062 32.56357956 -14
1477 25.58745956 29.41713905 -14
1478 25.08941078 30.51153946 -14
1479 26.22966003 27.18355942 -14
1480 25.96678925 28.30190086 -14
1481 26.38146019 26.07825089 -14
1482 2.630340099 27.18355942 -20
1483 2.478539944 26.07825089 -20
1484 3.272540092 29.41713905 -20
1485 2.893209934 28.30190086 -20
1486 4.386050224 31.56652069 -20
1487 3.770590067 30.51153946 -20
1488 5.944719791 33.48527908 -20
1489 5.113759995 32.56357956 -20
1490 7.863480091 35.04394913 -20
1491 6.866419792 34.3162384 -20
1492 10.0128603 36.15745926 -20
1493 8.918459892 35.65940857 -20
1494 12.24643993 36.79965973 -20
1495 11.1281004 36.53678894 -20
1496 13.35175037 36.95146179 -20
1497 14.43000031 37 -20
1498 16.61355972 36.79965973 -20
1499 15.50825024 36.95146179 -20
1500 18.84713936 36.15745926 -20
1501 17.73189926 36.53678894 -20
1502 20.99651909 35.04394913 -20
1503 19.94153976 35.65940857 -20
1504 22.91527939 33.48527908 -20
1505 21.99357986 34.3162384 -20
1506 24.47394943 31.56652069 -20
1507 23.74624062 32.56357956 -20
1508 25.58745956 29.41713905 -20
1509 25.08941078 30.51153946 -20
1510 26.22966003 27.18355942 -20
1511 25.96678925 28.30190086 -20
1512 26.38146019 26.07825089 -20
1513 5.096670151 30.33333015 -14
1514 3.763329983 29 -14
1515 5.096670151 29 -14
1516 5.096670151 27.66666985 -14
1517 3.763329983 27.66666985 -14
1518 5.096670151 26.33333015 -14
1519 3.763329983 26.33333015 -14
1520 5.096670151 25 -14
1521 3.763329983 25 -14
1522 5.096670151 23.66666985 -14
1523 3.763329983 23.66666985 -14
1524 5.096670151 22.33333015 -14
1525 3.763329983 22.33333015 -14
1526 5.096670151 21 -14
1527 3.763329983 21 -14
1528 6.429999828 30.33333015 -14
1529 6.429999828 31.66666985 -14
1530 5.096670151 31.66666985 -14
1531 6.429999828 29 -14
1532 6.429999828 27.66666985 -14
1533 6.429999828 26.33333015 -14
1534 6.429999828 25 -14
1535 6.429999828 23.66666985 -14
1536 6.429999828 22.33333015 -14
1537 6.429999828 21 -14
1538 6.429999828 19.66666985 -14
1539 5.096670151 19.66666985 -14
1540 6.429999828 18.33333015 -14
1541 5.096670151 18.33333015 -14
1542 7.763329983 31.66666985 -14
1543 7.763329983 33 -14
1544 6.429999828 33 -14
1545 7.763329983 30.33333015 -14
1546 7.763329983 29 -14
1547 7.763329983 27.66666985 -14
1548 7.763329983 26.33333015 -14
1549 7.763329983 25 -14
1550 7.763329983 23.66666985 -14
1551 7.763329983 22.33333015 -14
1552 7.763329983 21 -14
1553 7.763329983 19.66666985 -14
1554 7.763329983 18.33333015 -14
1555 7.763329983 17 -14
1556 6.429999828 17 -14
1557 9.096670151 33 -14
1558 9.096670151 34.33332825 -14
1559 7.763329983 34.33332825 -14
1560 9.096670151 31.66666985 -14
1561 9.096670151 30.33333015 -14
1562 9.096670151 29 -14
1563 9.096670151 19.66666985 -14
1564 9.096670151 21 -14
1565 9.096670151 18.33333015 -14
1566 9.096670151 17 -14
1567 9.096670151 15.66666985 -14
1568 7.763329983 15.66666985 -14
1569 10.43000031 35.66667175 -14
1570 10.43000031 34.33332825 -14
1571 10.43000031 33 -14
1572 10.43000031 31.66666985 -14
1573 10.43000031 30.33333015 -14
1574 10.43000031 18.33333015 -14
1575 10.43000031 19.66666985 -14
1576 10.43000031 17 -14
1577 10.43000031 15.66666985 -14
1578 11.76333046 34.33332825 -14
1579 11.76333046 35.66667175 -14
1580 11.76333046 33 -14
1581 11.76333046 31.66666985 -14
1582 11.76333046 17 -14
1583 11.76333046 18.33333015 -14
1584 11.76333046 15.66666985 -14
1585 11.76333046 14.33333015 -14
1586 10.43000031 14.33333015 -14
1587 13.09667015 34.33332825 -14
1588 13.09667015 35.66667175 -14
1589 13.09667015 33 -14
1590 13.09667015 31.66666985 -14
1591 13.09667015 17 -14
1592 13.09667015 18.33333015 -14
1593 13.09667015 15.66666985 -14
1594 13.09667015 14.33333015 -14
1595 14.43000031 34.33332825 -14
1596 14.43000031 35.66667175 -14
1597 14.43000031 33 -14
1598 14.43000031 31.66666985 -14
1599 14.43000031 17 -14
1600 14.43000031 18.33333015 -14
1601 14.43000031 15.66666985 -14
1602 14.43000031 14.33333015 -14
1603 15.76333046 34.33332825 -14
1604 15.76333046 35.66667175 -14
1605 15.76333046 33 -14
1606 15.76333046 31.66666985 -14
1607 15.76333046 17 -14
1608 15.76333046 18.33333015 -14
1609 15.76333046 15.66666985 -14
1610 15.76333046 14.33333015 -14
1611 17.09667015 34.33332825 -14
1612 17.09667015 35.66667175 -14
1613 17.09667015 33 -14
1614 17.09667015 31.66666985 -14
1615 17.09667015 17 -14
1616 17.09667015 18.33333015 -14
1617 17.09667015 15.66666985 -14
1618 17.09667015 14.33333015 -14
1619 18.43000031 34.33332825 -14
1620 18.43000031 35.66667175 -14
1621 18.43000031 33 -14
1622 18.43000031 31.66666985 -14
1623 18.43000031 17 -14
1624 18.43000031 18.33333015 -14
1625 18.43000031 15.66666985 -14
1626 18.43000031 14.33333015 -14
1627 19.76333046 33 -14
1628 19.76333046 34.33332825 -14
1629 19.76333046 31.66666985 -14
1630 19.76333046 30.33333015 -14
1631 18.43000031 30.33333015 -14
1632 19.76333046 18.33333015 -14
1633 19.76333046 19.66666985 -14
1634 18.43000031 19.66666985 -14
1635 19.76333046 17 -14
1636 19.76333046 15.66666985 -14
1637 21.09667015 33 -14
1638 21.09667015 34.33332825 -14
1639 21.09667015 31.66666985 -14
1640 21.09667015 30.33333015 -14
1641 21.09667015 29 -14
1642 19.76333046 29 -14
1643 21.09667015 19.66666985 -14
1644 21.09667015 21 -14
1645 19.76333046 21 -14
1646 21.09667015 18.33333015 -14
1647 21.09667015 17 -14
1648 21.09667015 15.66666985 -14
1649 22.43000031 31.66666985 -14
1650 22.43000031 33 -14
1651 22.43000031 30.33333015 -14
1652 22.43000031 29 -14
1653 22.43000031 27.66666985 -14
1654 21.09667015 27.66666985 -14
1655 22.43000031 26.33333015 -14
1656 21.09667015 26.33333015 -14
1657 22.43000031 25 -14
1658 21.09667015 25 -14
1659 22.43000031 23.66666985 -14
1660 21.09667015 23.66666985 -14
1661 22.43000031 22.33333015 -14
1662 21.09667015 22.33333015 -14
1663 22.43000031 21 -14
1664 22.43000031 19.66666985 -14
1665 22.43000031 18.33333015 -14
1666 22.43000031 17 -14
1667 23.76333046 30.33333015 -14
1668 23.76333046 31.66666985 -14
1669 23.76333046 29 -14
1670 23.76333046 27.66666985 -14
1671 23.76333046 26.33333015 -14
1672 23.76333046 25 -14
1673 23.76333046 23.66666985 -14
1674 23.76333046 22.33333015 -14
1675 23.76333046 21 -14
1676 23.76333046 19.66666985 -14
1677 23.76333046 18.33333015 -14
1678 25.09667015 27.66666985 -14
1679 25.09667015 29 -14
1680 25.09667015 26.33333015 -14
1681 25.09667015 25 -14
1682 25.09667015 23.66666985 -14
1683 25.09667015 22.33333015 -14
1684 25.09667015 21 -14
1685 8.851269722 27.20857048 -14
1686 8.530170441 26.09177971 -14
1687 10.18735981 29.24263954 -14
1688 11.14673996 30.02197075 -14
1689 9.408029556 28.28326035 -14
1690 12.22142982 30.57872963 -14
1691 13.33821964 30.89982986 -14
1692 14.43000031 31 -14
1693 8.851269722 22.79142952 -14
1694 8.530170441 23.90822029 -14
1695 9.408029556 21.71673965 -14
1696 10.18735981 20.75736046 -14
1697 11.14673996 19.97802925 -14
1698 13.33821964 19.10017014 -14
1699 12.22142982 19.42127037 -14
1700 14.43000031 19 -14
1701 8.430000305 25 -14
1702 15.52178001 30.89982986 -14
1703 16.63857079 30.57872963 -14
1704 17.71326065 30.02197075 -14
1705 18.67263985 29.24263954 -14
1706 19.45196915 28.28326035 -14
1707 20.00872993 27.20857048 -14
1708 20.32983017 26.09177971 -14
1709 20.43000031 25 -14
1710 20.32983017 23.90822029 -14
1711 17.71326065 19.97802925 -14
1712 16.63857079 19.42127037 -14
1713 15.52178001 19.10017014 -14
1714 19.45196915 21.71673965 -14
1715 18.67263985 20.75736046 -14
1716 20.00872993 22.79142952 -14
1717 5.096670151 30.33333015 -20
1718 5.096670151 29 -20
1719 3.763329983 29 -20
1720 5.096670151 27.66666985 -20
1721 3.763329983 27.66666985 -20
1722 5.096670151 26.33333015 -20
1723 3.763329983 26.33333015 -20
1724 5.096670151 25 -20
1725 3.763329983 25 -20
1726 5.096670151 23.66666985 -20
1727 3.763329983 23.66666985 -20
1728 5.096670151 22.33333015 -20
1729 3.763329983 22.33333015 -20
1730 5.096670151 21 -20
1731 3.763329983 21 -20
1732 6.429999828 30.33333015 -20
1733 5.096670151 31.66666985 -20
1734 6.429999828 31.66666985 -20
1735 6.429999828 29 -20
1736 6.429999828 27.66666985 -20
1737 6.429999828 26.33333015 -20
1738 6.429999828 25 -20
1739 6.429999828 23.66666985 -20
1740 6.429999828 22.33333015 -20
1741 6.429999828 21 -20
1742 6.429999828 19.66666985 -20
1743 5.096670151 19.66666985 -20
1744 6.429999828 18.33333015 -20
1745 5.096670151 18.33333015 -20
1746 7.763329983 31.66666985 -20
1747 6.429999828 33 -20
1748 7.763329983 33 -20
1749 7.763329983 30.33333015 -20
1750 7.763329983 29 -20
1751 7.763329983 27.66666985 -20
1752 7.763329983 26.33333015 -20
1753 7.763329983 25 -20
1754 7.763329983 23.66666985 -20
1755 7.763329983 22.33333015 -20
1756 7.763329983 21 -20
1757 7.763329983 19.66666985 -20
1758 7.763329983 18.33333015 -20
1759 7.763329983 17 -20
1760 6.429999828 17 -20
1761 9.096670151 33 -20
1762 7.763329983 34.33332825 -20
1763 9.096670151 34.33332825 -20
1764 9.096670151 31.66666985 -20
1765 9.096670151 30.33333015 -20
1766 9.096670151 29 -20
1767 9.096670151 27.66666985 -20
1768 9.096670151 26.33333015 -20
1769 9.096670151 25 -20
1770 9.096670151 23.66666985 -20
1771 9.096670151 22.33333015 -20
1772 9.096670151 21 -20
1773 9.096670151 19.66666985 -20
1774 9.096670151 18.33333015 -20
1775 9.096670151 17 -20
1776 9.096670151 15.66666985 -20
1777 7.763329983 15.66666985 -20
1778 10.43000031 35.66667175 -20
1779 10.43000031 34.33332825 -20
1780 10.43000031 33 -20
1781 10.43000031 31.66666985 -20
1782 10.43000031 30.33333015 -20
1783 10.43000031 29 -20
1784 10.43000031 27.66666985 -20
1785 10.43000031 26.33333015 -20
1786 10.43000031 25 -20
1787 10.43000031 23.66666985 -20
1788 10.43000031 22.33333015 -20
1789 10.43000031 21 -20
1790 10.43000031 19.66666985 -20
1791 10.43000031 18.33333015 -20
1792 10.43000031 17 -20
1793 10.43000031 15.66666985 -20
1794 11.76333046 34.33332825 -20
1795 11.76333046 35.66667175 -20
1796 11.76333046 33 -20
1797 11.76333046 31.66666985 -20
1798 11.76333046 30.33333015 -20
1799 11.76333046 29 -20
1800 11.76333046 27.66666985 -20
1801 11.76333046 26.33333015 -20
1802 11.76333046 25 -20
1803 11.76333046 23.66666985 -20
1804 11.76333046 22.33333015 -20
1805 11.76333046 21 -20
1806 11.76333046 19.66666985 -20
1807 11.76333046 18.33333015 -20
1808 11.76333046 17 -20
1809 11.76333046 15.66666985 -20
1810 11.76333046 14.33333015 -20
1811 10.43000031 14.33333015 -20
1812 13.09667015 34.33332825 -20
1813 13.09667015 35.66667175 -20
1814 13.09667015 33 -20
1815 13.09667015 31.66666985 -20
1816 13.09667015 30.33333015 -20
1817 13.09667015 29 -20
1818 13.09667015 27.66666985 -20
1819 13.09667015 26.33333015 -20
1820 13.09667015 25 -20
1821 13.09667015 23.66666985 -20
1822 13.09667015 22.33333015 -20
1823 13.09667015 21 -20
1824 13.09667015 19.66666985 -20
1825 13.09667015 18.33333015 -20
1826 13.09667015 17 -20
1827 13.09667015 15.66666985 -20
1828 13.09667015 14.33333015 -20
1829 14.43000031 34.33332825 -20
1830 14.43000031 35.66667175 -20
1831 14.43000031 33 -20
1832 14.43000031 31.66666985 -20
1833 14.43000031 30.33333015 -20
1834 14.43000031 29 -20
1835 14.43000031 27.66666985 -20
1836 14.43000031 26.33333015 -20
1837 14.43000031 25 -20
1838 14.43000031 23.66666985 -20
1839 14.43000031 22.33333015 -20
1840 14.43000031 21 -20
1841 14.43000031 19.66666985 -20
1842 14.43000031 18.33333015 -20
1843 14.43000031 17 -20
1844 14.43000031 15.66666985 -20
1845 14.43000031 14.33333015 -20
1846 15.76333046 34.33332825 -20
1847 15.76333046 35.66667175 -20
1848 15.76333046 33 -20
1849 15.76333046 31.66666985 -20
1850 15.76333046 30.33333015 -20
1851 15.76333046 29 -20
1852 15.76333046 27.66666985 -20
1853 15.76333046 26.33333015 -20
1854 15.76333046 25 -20
1855 15.76333046 23.66666985 -20
1856 15.76333046 22.33333015 -20
1857 15.76333046 21 -20
1858 15.76333046 19.66666985 -20
1859 15.76333046 18.33333015 -20
1860 15.76333046 17 -20
1861 15.76333046 15.66666985 -20
1862 15.76333046 14.33333015 -20
1863 17.09667015 34.33332825 -20
1864 17.09667015 35.66667175 -20
1865 17.09667015 33 -20
1866 17.09667015 31.66666985 -20
1867 17.09667015 30.33333015 -20
1868 17.09667015 29 -20
1869 17.09667015 27.66666985 -20
1870 17.09667015 26.33333015 -20
1871 17.09667015 25 -20
1872 17.09667015 23.66666985 -20
1873 17.09667015 22.33333015 -20
1874 17.09667015 21 -20
1875 17.09667015 19.66666985 -20
1876 17.09667015 18.33333015 -20
1877 17.09667015 17 -20
1878 17.09667015 15.66666985 -20
1879 17.09667015 14.33333015 -20
1880 18.43000031 34.33332825 -20
1881 18.43000031 35.66667175 -20
1882 18.43000031 33 -20
1883 18.43000031 31.66666985 -20
1884 18.43000031 30.33333015 -20
1885 18.43000031 29 -20
1886 18.43000031 27.66666985 -20
1887 18.43000031 26.33333015 -20
1888 18.43000031 25 -20
1889 18.43000031 23.66666985 -20
1890 18.43000031 22.33333015 -20
1891 18.43000031 21 -20
1892 18.43000031 19.66666985 -20
1893 18.43000031 18.33333015 -20
1894 18.43000031 17 -20
1895 18.43000031 15.66666985 -20
1896 18.43000031 14.33333015 -20
1897 19.76333046 33 -20
1898 19.76333046 34.33332825 -20
1899 19.76333046 31.66666985 -20
1900 19.76333046 30.33333015 -20
1901 19.76333046 29 -20
1902 19.76333046 27.66666985 -20
1903 19.76333046 26.33333015 -20
1904 19.76333046 25 -20
1905 19.76333046 23.66666985 -20
1906 19.76333046 22.33333015 -20
1907 19.76333046 21 -20
1908 19.76333046 19.66666985 -20
1909 19.76333046 18.33333015 -20
1910 19.76333046 17 -20
1911 19.76333046 15.66666985 -20
1912 21.09667015 33 -20
1913 21.09667015 34.33332825 -20
1914 21.09667015 31.66666985 -20
1915 21.09667015 30.33333015 -20
1916 21.09667015 29 -20
1917 21.09667015 27.66666985 -20
1918 21.09667015 26.33333015 -20
1919 21.09667015 25 -20
1920 21.09667015 23.66666985 -20
1921 21.09667015 22.33333015 -20
1922 21.09667015 21 -20
1923 21.09667015 19.66666985 -20
1924 21.09667015 18.33333015 -20
1925 21.09667015 17 -20
1926 21.09667015 15.66666985 -20
1927 22.43000031 31.66666985 -20
1928 22.43000031 33 -20
1929 22.43000031 30.33333015 -20
1930 22.43000031 29 -20
1931 22.43000031 27.66666985 -20
1932 22.43000031 26.33333015 -20
1933 22.43000031 25 -20
1934 22.43000031 23.66666985 -20
1935 22.43000031 22.33333015 -20
1936 22.43000031 21 -20
1937 22.43000031 19.66666985 -20
1938 22.43000031 18.33333015 -20
1939 22.43000031 17 -20
1940 23.76333046 30.33333015 -20
1941 23.76333046 31.66666985 -20
1942 23.76333046 29 -20
1943 23.76333046 27.66666985 -20
1944 23.76333046 26.33333015 -20
1945 23.76333046 25 -20
1946 23.76333046 23.66666985 -20
1947 23.76333046 22.33333015 -20
1948 23.76333046 21 -20
1949 23.76333046 19.66666985 -20
1950 23.76333046 18.33333015 -20
1951 25.09667015 27.66666985 -20
1952 25.09667015 29 -20
1953 25.09667015 26.33333015 -20
1954 25.09667015 25 -20
1955 25.09667015 23.66666985 -20
1956 25.09667015 22.33333015 -20
1957 25.09667015 21 -20
1958 20.32983017 23.90822029 9.263159752
1959 20.43000031 25 9.263159752
1960 20.43000031 25 10.63158035
1961 20.32983017 23.90822029 10.63158035
1962 20.32983017 23.90822029 7.894740105
1963 20.43000031 25 7.894740105
1964 20.32983017 23.90822029 6.526319981
1965 20.43000031 25 6.526319981
1966 20.32983017 23.90822029 5.157889843
1967 20.43000031 25 5.157889843
1968 20.32983017 23.90822029 3.789469957
1969 20.43000031 25 3.789469957
1970 20.32983017 23.90822029 2.421050072
1971 20.43000031 25 2.421050072
1972 20.32983017 23.90822029 1.052629948
1973 20.43000031 25 1.052629948
1974 20.32983017 23.90822029 -0.3157899976
1975 20.43000031 25 -0.3157899976
1976 20.32983017 23.90822029 -1.684209943
1977 20.43000031 25 -1.684209943
1978 20.32983017 23.90822029 -3.052629948
1979 20.43000031 25 -3.052629948
1980 20.32983017 23.90822029 -4.421050072
1981 20.43000031 25 -4.421050072
1982 20.32983017 23.90822029 -5.789470196
1983 20.43000031 25 -5.789470196
1984 20.32983017 23.90822029 -7.157889843
1985 20.43000031 25 -7.157889843
1986 20.32983017 23.90822029 -8.526320457
1987 20.43000031 25 -8.526320457
1988 20.32983017 23.90822029 -9.894740105
1989 20.43000031 25 -9.894740105
1990 20.32983017 23.90822029 -11.26315975
1991 20.43000031 25 -11.26315975
1992 20.32983017 23.90822029 -12.63158035
1993 20.43000031 25 -12.63158035
1994 20.00872993 22.79142952 9.263159752
1995 20.00872993 22.79142952 10.63158035
1996 20.00872993 22.79142952 7.894740105
1997 20.00872993 22.79142952 6.526319981
1998 20.00872993 22.79142952 5.157889843
1999 20.00872993 22.79142952 3.789469957
2000 20.00872993 22.79142952 2.421050072
2001 20.00872993 22.79142952 1.052629948
2002 20.00872993 22.79142952 -0.3157899976
2003 20.00872993 22.79142952 -1.684209943
2004 20.00872993 22.79142952 -3.052629948
2005 20.00872993 22.79142952 -4.421050072
2006 20.00872993 22.79142952 -5.789470196
2007 20.00872993 22.79142952 -7.157889843
2008 20.00872993 22.79142952 -8.526320457
2009 20.00872993 22.79142952 -9.894740105
2010 20.00872993 22.79142952 -11.26315975
2011 20.00872993 22.79142952 -12.63158035
2012 19.45196915 21.71673965 9.263159752
2013 19.45196915 21.71673965 10.63158035
2014 19.45196915 21.71673965 7.894740105
2015 19.45196915 21.71673965 6.526319981
2016 19.45196915 21.71673965 5.157889843
2017 19.45196915 21.71673965 3.789469957
2018 19.45196915 21.71673965 2.421050072
2019 19.45196915 21.71673965 1.052629948
2020 19.45196915 21.71673965 -0.3157899976
2021 19.45196915 21.71673965 -1.684209943
2022 19.45196915 21.71673965 -3.052629948
2023 19.45196915 21.71673965 -4.421050072
2024 19.45196915 21.71673965 -5.789470196
2025 19.45196915 21.71673965 -7.157889843
2026 19.45196915 21.71673965 -8.526320457
2027 19.45196915 21.71673965 -9.894740105
2028 19.45196915 21.71673965 -11.26315975
2029 19.45196915 21.71673965 -12.63158035
2030 18.67263985 20.75736046 9.263159752
2031 18.67263985 20.75736046 10.63158035
2032 18.67263985 20.75736046 7.894740105
2033 18.67263985 20.75736046 6.526319981
2034 18.67263985 20.75736046 5.157889843
2035 18.67263985 20.75736046 3.789469957
2036 18.67263985 20.75736046 2.421050072
2037 18.67263985 20.75736046 1.052629948
2038 18.67263985 20.75736046 -0.3157899976
2039 18.67263985 20.75736046 -1.684209943
2040 18.67263985 20.75736046 -3.052629948
2041 18.67263985 20.75736046 -4.421050072
2042 18.67263985 20.75736046 -5.789470196
2043 18.67263985 20.75736046 -7.157889843
2044 18.67263985 20.75736046 -8.526320457
2045 18.67263985 20.75736046 -9.894740105
2046 18.67263985 20.75736046 -11.26315975
2047 18.67263985 20.75736046 -12.63158035
2048 17.71326065 19.97802925 9.263159752
2049 17.71326065 19.97802925 10.63158035
2050 17.71326065 19.97802925 7.894740105
2051 17.71326065 19.97802925 6.526319981
2052 17.71326065 19.97802925 5.157889843
2053 17.71326065 19.97802925 3.789469957
2054 17.71326065 19.97802925 2.421050072
2055 17.71326065 19.97802925 1.052629948
2056 17.71326065 19.97802925 -0.3157899976
2057 17.71326065 19.97802925 -1.684209943
2058 17.71326065 19.97802925 -3.052629948
2059 17.71326065 19.97802925 -4.421050072
2060 17.71326065 19.97802925 -5.789470196
2061 17.71326065 19.97802925 -7.157889843
2062 17.71326065 19.97802925 -8.526320457
2063 17.71326065 19.97802925 -9.894740105
2064 17.71326065 19.97802925 -11.26315975
2065 17.71326065 19.97802925 -12.63158035
2066 16.63857079 19.42127037 9.263159752
2067 16.63857079 19.42127037 10.63158035
2068 16.63857079 19.42127037 7.894740105
2069 16.63857079 19.42127037 6.526319981
2070 16.63857079 19.42127037 5.157889843
2071 16.63857079 19.42127037 3.789469957
2072 16.63857079 19.42127037 2.421050072
2073 16.63857079 19.42127037 1.052629948
2074 16.63857079 19.42127037 -0.3157899976
2075 16.63857079 19.42127037 -1.684209943
2076 16.63857079 19.42127037 -3.052629948
2077 16.63857079 19.42127037 -4.421050072
2078 16.63857079 19.42127037 -5.789470196
2079 16.63857079 19.42127037 -7.157889843
2080 16.63857079 19.42127037 -8.526320457
2081 16.63857079 19.42127037 -9.894740105
2082 16.63857079 19.42127037 -11.26315975
2083 16.63857079 19.42127037 -12.63158035
2084 15.52178001 19.10017014 9.263159752
2085 15.52178001 19.10017014 10.63158035
2086 15.52178001 19.10017014 7.894740105
2087 15.52178001 19.10017014 6.526319981
2088 15.52178001 19.10017014 5.157889843
2089 15.52178001 19.10017014 3.789469957
2090 15.52178001 19.10017014 2.421050072
2091 15.52178001 19.10017014 1.052629948
2092 15.52178001 19.10017014 -0.3157899976
2093 15.52178001 19.10017014 -1.684209943
2094 15.52178001 19.10017014 -3.052629948
2095 15.52178001 19.10017014 -4.421050072
2096 15.52178001 19.10017014 -5.789470196
2097 15.52178001 19.10017014 -7.157889843
2098 15.52178001 19.10017014 -8.526320457
2099 15.52178001 19.10017014 -9.894740105
2100 15.52178001 19.10017014 -11.26315975
2101 15.52178001 19.10017014 -12.63158035
2102 14.43000031 19 9.263159752
2103 14.43000031 19 10.63158035
2104 14.43000031 19 7.894740105
2105 14.43000031 19 6.526319981
2106 14.43000031 19 5.157889843
2107 14.43000031 19 3.789469957
2108 14.43000031 19 2.421050072
2109 14.43000031 19 1.052629948
2110 14.43000031 19 -0.3157899976
2111 14.43000031 19 -1.684209943
2112 14.43000031 19 -3.052629948
2113 14.43000031 19 -4.421050072
2114 14.43000031 19 -5.789470196
2115 14.43000031 19 -7.157889843
2116 14.43000031 19 -8.526320457
2117 14.43000031 19 -9.894740105
2118 14.43000031 19 -11.26315975
2119 14.43000031 19 -12.63158035
2120 13.33821964 19.10017014 9.263159752
2121 13.33821964 19.10017014 10.63158035
2122 13.33821964 19.10017014 7.894740105
2123 13.33821964 19.10017014 6.526319981
2124 13.33821964 19.10017014 5.157889843
2125 13.33821964 19.10017014 3.789469957
2126 13.33821964 19.10017014 2.421050072
2127 13.33821964 19.10017014 1.052629948
2128 13.33821964 19.10017014 -0.3157899976
2129 13.33821964 19.10017014 -1.684209943
2130 13.33821964 19.10017014 -3.052629948
2131 13.33821964 19.10017014 -4.421050072
2132 13.33821964 19.10017014 -5.789470196
2133 13.33821964 19.10017014 -7.157889843
2134 13.33821964 19.10017014 -8.526320457
2135 13.33821964 19.10017014 -9.894740105
2136 13.33821964 19.10017014 -11.26315975
2137 13.33821964 19.10017014 -12.63158035
2138 12.22142982 19.42127037 9.263159752
2139 12.22142982 19.42127037 10.63158035
2140 12.22142982 19.42127037 7.894740105
2141 12.22142982 19.42127037 6.526319981
2142 12.22142982 19.42127037 5.157889843
2143 12.22142982 19.42127037 3.789469957
2144 12.22142982 19.42127037 2.421050072
2145 12.22142982 19.42127037 1.052629948
2146 12.22142982 19.42127037 -0.3157899976
2147 12.22142982 19.42127037 -1.684209943
2148 12.22142982 19.42127037 -3.052629948
2149 12.22142982 19.42127037 -4.421050072
2150 12.22142982 19.42127037 -5.789470196
2151 12.22142982 19.42127037 -7.157889843
2152 12.22142982 19.42127037 -8.526320457
2153 12.22142982 19.42127037 -9.894740105
2154 12.22142982 19.42127037 -11.26315975
2155 12.22142982 19.42127037 -12.63158035
2156 11.14673996 19.97802925 9.263159752
2157 11.14673996 19.97802925 10.63158035
2158 11.14673996 19.97802925 7.894740105
2159 11.14673996 19.97802925 6.526319981
2160 11.14673996 19.97802925 5.157889843
2161 11.14673996 19.97802925 3.789469957
2162 11.14673996 19.97802925 2.421050072
2163 11.14673996 19.97802925 1.052629948
2164 11.14673996 19.97802925 -0.3157899976
2165 11.14673996 19.97802925 -1.684209943
2166 11.14673996 19.97802925 -3.052629948
2167 11.14673996 19.97802925 -4.421050072
2168 11.14673996 19.97802925 -5.789470196
2169 11.14673996 19.97802925 -7.157889843
2170 11.14673996 19.97802925 -8.526320457
2171 11.14673996 19.97802925 -9.894740105
2172 11.14673996 19.97802925 -11.26315975
2173 11.14673996 19.97802925 -12.63158035
2174 10.18735981 20.75736046 9.263159752
2175 10.18735981 20.75736046 10.63158035
2176 10.18735981 20.75736046 7.894740105
2177 10.18735981 20.75736046 6.526319981
2178 10.18735981 20.75736046 5.157889843
2179 10.18735981 20.75736046 3.789469957
2180 10.18735981 20.75736046 2.421050072
2181 10.18735981 20.75736046 1.052629948
2182 10.18735981 20.75736046 -0.3157899976
2183 10.18735981 20.75736046 -1.684209943
2184 10.18735981 20.75736046 -3.052629948
2185 10.18735981 20.75736046 -4.421050072
2186 10.18735981 20.75736046 -5.789470196
2187 10.18735981 20.75736046 -7.157889843
2188 10.18735981 20.75736046 -8.526320457
2189 10.18735981 20.75736046 -9.894740105
2190 10.18735981 20.75736046 -11.26315975
2191 10.18735981 20.75736046 -12.63158035
2192 9.408029556 21.71673965 9.263159752
2193 9.408029556 21.71673965 10.63158035
2194 9.408029556 21.71673965 7.894740105
2195 9.408029556 21.71673965 6.526319981
2196 9.408029556 21.71673965 5.157889843
2197 9.408029556 21.71673965 3.789469957
2198 9.408029556 21.71673965 2.421050072
2199 9.408029556 21.71673965 1.052629948
2200 9.408029556 21.71673965 -0.3157899976
2201 9.408029556 21.71673965 -1.684209943
2202 9.408029556 21.71673965 -3.052629948
2203 9.408029556 21.71673965 -4.421050072
2204 9.408029556 21.71673965 -5.789470196
2205 9.408029556 21.71673965 -7.157889843
2206 9.408029556 21.71673965 -8.526320457
2207 9.408029556 21.71673965 -9.894740105
2208 9.408029556 21.71673965 -11.26315975
2209 9.408029556 21.71673965 -12.63158035
2210 8.851269722 22.79142952 9.263159752
2211 8.851269722 22.79142952 10.63158035
2212 8.851269722 22.79142952 7.894740105
2213 8.851269722 22.79142952 6.526319981
2214 8.851269722 22.79142952 5.157889843
2215 8.851269722 22.79142952 3.789469957
2216 8.851269722 22.79142952 2.421050072
2217 8.851269722 22.79142952 1.052629948
2218 8.851269722 22.79142952 -0.3157899976
2219 8.851269722 22.79142952 -1.684209943
2220 8.851269722 22.79142952 -3.052629948
2221 8.851269722 22.79142952 -4.421050072
2222 8.851269722 22.79142952 -5.789470196
2223 8.851269722 22.79142952 -7.157889843
2224 8.851269722 22.79142952 -8.526320457
2225 8.851269722 22.79142952 -9.894740105
2226 8.851269722 22.79142952 -11.26315975
2227 8.851269722 22.79142952 -12.63158035
2228 8.530170441 23.90822029 9.263159752
2229 8.530170441 23.90822029 10.63158035
2230 8.530170441 23.90822029 7.894740105
2231 8.530170441 23.90822029 6.526319981
2232 8.530170441 23.90822029 5.157889843
2233 8.530170441 23.90822029 3.789469957
2234 8.530170441 23.90822029 2.421050072
2235 8.530170441 23.90822029 1.052629948
2236 8.530170441 23.90822029 -0.3157899976
2237 8.530170441 23.90822029 -1.684209943
2238 8.530170441 23.90822029 -3.052629948
2239 8.530170441 23.90822029 -4.421050072
2240 8.530170441 23.90822029 -5.789470196
2241 8.530170441 23.90822029 -7.157889843
2242 8.530170441 23.90822029 -8.526320457
2243 8.530170441 23.90822029 -9.894740105
2244 8.530170441 23.90822029 -11.26315975
2245 8.530170441 23.90822029 -12.63158035
2246 8.430000305 25 9.263159752
2247 8.430000305 25 10.63158035
2248 8.430000305 25 7.894740105
2249 8.430000305 25 6.526319981
2250 8.430000305 25 5.157889843
2251 8.430000305 25 3.789469957
2252 8.430000305 25 2.421050072
2253 8.430000305 25 1.052629948
2254 8.430000305 25 -0.3157899976
2255 8.430000305 25 -1.684209943
2256 8.430000305 25 -3.052629948
2257 8.430000305 25 -4.421050072
2258 8.430000305 25 -5.789470196
2259 8.430000305 25 -7.157889843
2260 8.430000305 25 -8.526320457
2261 8.430000305 25 -9.894740105
2262 8.430000305 25 -11.26315975
2263 8.430000305 25 -12.63158035
2264 8.530170441 26.09177971 9.263159752
2265 8.530170441 26.09177971 10.63158035
2266 8.530170441 26.09177971 7.894740105
2267 8.530170441 26.09177971 6.526319981
2268 8.530170441 26.09177971 5.157889843
2269 8.530170441 26.09177971 3.789469957
2270 8.530170441 26.09177971 2.421050072
2271 8.530170441 26.09177971 1.052629948
2272 8.530170441 26.09177971 -0.3157899976
2273 8.530170441 26.09177971 -1.684209943
2274 8.530170441 26.09177971 -3.052629948
2275 8.530170441 26.09177971 -4.421050072
2276 8.530170441 26.09177971 -5.789470196
2277 8.530170441 26.09177971 -7.157889843
2278 8.530170441 26.09177971 -8.526320457
2279 8.530170441 26.09177971 -9.894740105
2280 8.530170441 26.09177971 -11.26315975
2281 8.530170441 26.09177971 -12.63158035
2282 8.851269722 27.20857048 9.263159752
2283 8.851269722 27.20857048 10.63158035
2284 8.851269722 27.20857048 7.894740105
2285 8.851269722 27.20857048 6.526319981
2286 8.851269722 27.20857048 5.157889843
2287 8.851269722 27.20857048 3.789469957
2288 8.851269722 27.20857048 2.421050072
2289 8.851269722 27.20857048 1.052629948
2290 8.851269722 27.20857048 -0.3157899976
2291 8.851269722 27.20857048 -1.684209943
2292 8.851269722 27.20857048 -3.052629948
2293 8.851269722 27.20857048 -4.421050072
2294 8.851269722 27.20857048 -5.789470196
2295 8.851269722 27.20857048 -7.157889843
2296 8.851269722 27.20857048 -8.526320457
2297 8.851269722 27.20857048 -9.894740105
2298 8.851269722 27.20857048 -11.26315975
2299 8.851269722 27.20857048 -12.63158035
2300 9.408029556 28.28326035 9.263159752
2301 9.408029556 28.28326035 10.63158035
2302 9.408029556 28.28326035 7.894740105
2303 9.408029556 28.28326035 6.526319981
2304 9.408029556 28.28326035 5.157889843
2305 9.408029556 28.28326035 3.789469957
2306 9.408029556 28.28326035 2.421050072
2307 9.408029556 28.28326035 1.052629948
2308 9.408029556 28.28326035 -0.3157899976
2309 9.408029556 28.28326035 -1.684209943
2310 9.408029556 28.28326035 -3.052629948
2311 9.408029556 28.28326035 -4.421050072
2312 9.408029556 28.28326035 -5.789470196
2313 9.408029556 28.28326035 -7.157889843
2314 9.408029556 28.28326035 -8.526320457
2315 9.408029556 28.28326035 -9.894740105
2316 9.408029556 28.28326035 -11.26315975
2317 9.408029556 28.28326035 -12.63158035
2318 10.18735981 29.24263954 9.263159752
2319 10.18735981 29.24263954 10.63158035
2320 10.18735981 29.24263954 7.894740105
2321 10.18735981 29.24263954 6.526319981
2322 10.18735981 29.24263954 5.157889843
2323 10.18735981 29.24263954 3.789469957
2324 10.18735981 29.24263954 2.421050072
2325 10.18735981 29.24263954 1.052629948
2326 10.18735981 29.24263954 -0.3157899976
2327 10.18735981 29.24263954 -1.684209943
2328 10.18735981 29.24263954 -3.052629948
2329 10.18735981 29.24263954 -4.421050072
2330 10.18735981 29.24263954 -5.789470196
2331 10.18735981 29.24263954 -7.157889843
2332 10.18735981 29.24263954 -8.526320457
2333 10.18735981 29.24263954 -9.894740105
2334 10.18735981 29.24263954 -11.26315975
2335 10.18735981 29.24263954 -12.63158035
2336 11.14673996 30.02197075 9.263159752
2337 11.14673996 30.02197075 10.63158035
2338 11.14673996 30.02197075 7.894740105
2339 11.14673996 30.02197075 6.526319981
2340 11.14673996 30.02197075 5.157889843
2341 11.14673996 30.02197075 3.789469957
2342 11.14673996 30.02197075 2.421050072
2343 11.14673996 30.02197075 1.052629948
2344 11.14673996 30.02197075 -0.3157899976
2345 11.14673996 30.02197075 -1.684209943
2346 11.14673996 30.02197075 -3.052629948
2347 11.14673996 30.02197075 -4.421050072
2348 11.14673996 30.02197075 -5.789470196
2349 11.14673996 30.02197075 -7.157889843
2350 11.14673996 30.02197075 -8.526320457
2351 11.14673996 30.02197075 -9.894740105
2352 11.14673996 30.02197075 -11.26315975
2353 11.14673996 30.02197075 -12.63158035
2354 12.22142982 30.57872963 9.263159752
2355 12.22142982 30.57872963 10.63158035
2356 12.22142982 30.57872963 7.894740105
2357 12.22142982 30.57872963 6.526319981
2358 12.22142982 30.57872963 5.157889843
2359 12.22142982 30.57872963 3.789469957
2360 12.22142982 30.57872963 2.421050072
2361 12.22142982 30.57872963 1.052629948
2362 12.22142982 30.57872963 -0.3157899976
2363 12.22142982 30.57872963 -1.684209943
2364 12.22142982 30.57872963 -3.052629948
2365 12.22142982 30.57872963 -4.421050072
2366 12.22142982 30.57872963 -5.789470196
2367 12.22142982 30.57872963 -7.157889843
2368 12.22142982 30.57872963 -8.526320457
2369 12.22142982 30.57872963 -9.894740105
2370 12.22142982 30.57872963 -11.26315975
2371 12.22142982 30.57872963 -12.63158035
2372 13.33821964 30.89982986 9.263159752
2373 13.33821964 30.89982986 10.63158035
2374 13.33821964 30.89982986 7.894740105
2375 13.33821964 30.89982986 6.526319981
2376 13.33821964 30.89982986 5.157889843
2377 13.33821964 30.89982986 3.789469957
2378 13.33821964 30.89982986 2.421050072
2379 13.33821964 30.89982986 1.052629948
2380 13.33821964 30.89982986 -0.3157899976
2381 13.33821964 30.89982986 -1.684209943
2382 13.33821964 30.89982986 -3.052629948
2383 13.33821964 30.89982986 -4.421050072
2384 13.33821964 30.89982986 -5.789470196
2385 13.33821964 30.89982986 -7.157889843
2386 13.33821964 30.89982986 -8.526320457
2387 13.33821964 30.89982986 -9.894740105
2388 13.33821964 30.89982986 -11.26315975
2389 13.33821964 30.89982986 -12.63158035
2390 14.43000031 31 9.263159752
2391 14.43000031 31 10.63158035
2392 14.43000031 31 7.894740105
2393 14.43000031 31 6.526319981
2394 14.43000031 31 5.157889843
2395 14.43000031 31 3.789469957
2396 14.43000031 31 2.421050072
2397 14.43000031 31 1.052629948
2398 14.43000031 31 -0.3157899976
2399 14.43000031 31 -1.684209943
2400 14.43000031 31 -3.052629948
2401 14.43000031 31 -4.421050072
2402 14.43000031 31 -5.789470196
2403 14.43000031 31 -7.157889843
2404 14.43000031 31 -8.526320457
2405 14.43000031 31 -9.894740105
2406 14.43000031 31 -11.26315975
2407 14.43000031 31 -12.63158035
2408 15.52178001 30.89982986 9.263159752
2409 15.52178001 30.89982986 10.63158035
2410 15.52178001 30.89982986 7.894740105
2411 15.52178001 30.89982986 6.526319981
2412 15.52178001 30.89982986 5.157889843
2413 15.52178001 30.89982986 3.789469957
2414 15.52178001 30.89982986 2.421050072
2415 15.52178001 30.89982986 1.052629948
2416 15.52178001 30.89982986 -0.3157899976
2417 15.52178001 30.89982986 -1.684209943
2418 15.52178001 30.89982986 -3.052629948
2419 15.52178001 30.89982986 -4.421050072
2420 15.52178001 30.89982986 -5.789470196
2421 15.52178001 30.89982986 -7.157889843
2422 15.52178001 30.89982986 -8.526320457
2423 15.52178001 30.89982986 -9.894740105
2424 15.52178001 30.89982986 -11.26315975
2425 15.52178001 30.89982986 -12.63158035
2426 16.63857079 30.57872963 9.263159752
2427 16.63857079 30.57872963 10.63158035
2428 16.63857079 30.57872963 7.894740105
2429 16.63857079 30.57872963 6.526319981
2430 16.63857079 30.57872963 5.157889843
2431 16.63857079 30.57872963 3.789469957
2432 16.63857079 30.57872963 2.421050072
2433 16.63857079 30.57872963 1.052629948
2434 16.63857079 30.57872963 -0.3157899976
2435 16.63857079 30.57872963 -1.684209943
2436 16.63857079 30.57872963 -3.052629948
2437 16.63857079 30.57872963 -4.421050072
2438 16.63857079 30.57872963 -5.789470196
2439 16.63857079 30.57872963 -7.157889843
2440 16.63857079 30.57872963 -8.526320457
2441 16.63857079 30.57872963 -9.894740105
2442 16.63857079 30.57872963 -11.26315975
2443 16.63857079 30.57872963 -12.63158035
2444 17.71326065 30.02197075 9.263159752
2445 17.71326065 30.02197075 10.63158035
2446 17.71326065 30.02197075 7.894740105
2447 17.71326065 30.02197075 6.526319981
2448 17.71326065 30.02197075 5.157889843
2449 17.71326065 30.02197075 3.789469957
2450 17.71326065 30.02197075 2.421050072
2451 17.71326065 30.02197075 1.052629948
2452 17.71326065 30.02197075 -0.3157899976
2453 17.71326065 30.02197075 -1.684209943
2454 17.71326065 30.02197075 -3.052629948
2455 17.71326065 30.02197075 -4.421050072
2456 17.71326065 30.02197075 -5.789470196
2457 17.71326065 30.02197075 -7.157889843
2458 17.71326065 30.02197075 -8.526320457
2459 17.71326065 30.02197075 -9.894740105
2460 17.71326065 30.02197075 -11.26315975
2461 17.71326065 30.02197075 -12.63158035
2462 18.67263985 29.24263954 9.263159752
2463 18.67263985 29.24263954 10.63158035
2464 18.67263985 29.24263954 7.894740105
2465 18.67263985 29.24263954 6.526319981
2466 18.67263985 29.24263954 5.157889843
2467 18.67263985 29.24263954 3.789469957
2468 18.67263985 29.24263954 2.421050072
2469 18.67263985 29.24263954 1.052629948
2470 18.67263985 29.24263954 -0.3157899976
2471 18.67263985 29.24263954 -1.684209943
2472 18.67263985 29.24263954 -3.052629948
2473 18.67263985 29.24263954 -4.421050072
2474 18.67263985 29.24263954 -5.789470196
2475 18.67263985 29.24263954 -7.157889843
2476 18.67263985 29.24263954 -8.526320457
2477 18.67263985 29.24263954 -9.894740105
2478 18.67263985 29.24263954 -11.26315975
2479 18.67263985 29.24263954 -12.63158035
2480 19.45196915 28.28326035 9.263159752
2481 19.45196915 28.28326035 10.63158035
2482 19.45196915 28.28326035 7.894740105
2483 19.45196915 28.28326035 6.526319981
2484 19.45196915 28.28326035 5.157889843
2485 19.45196915 28.28326035 3.789469957
2486 19.45196915 28.28326035 2.421050072
2487 19.45196915 28.28326035 1.052629948
2488 19.45196915 28.28326035 -0.3157899976
2489 19.45196915 28.28326035 -1.684209943
2490 19.45196915 28.28326035 -3.052629948
2491 19.45196915 28.28326035 -4.421050072
2492 19.45196915 28.28326035 -5.789470196
2493 19.45196915 28.28326035 -7.157889843
2494 19.45196915 28.28326035 -8.526320457
2495 19.45196915 28.28326035 -9.894740105
2496 19.45196915 28.28326035 -11.26315975
2497 19.45196915 28.28326035 -12.63158035
2498 20.00872993 27.20857048 9.263159752
2499 20.00872993 27.20857048 10.63158035
2500 20.00872993 27.20857048 7.894740105
2501 20.00872993 27.20857048 6.526319981
2502 20.00872993 27.20857048 5.157889843
2503 20.00872993 27.20857048 3.789469957
2504 20.00872993 27.20857048 2.421050072
2505 20.00872993 27.20857048 1.052629948
2506 20.00872993 27.20857048 -0.3157899976
2507 20.00872993 27.20857048 -1.684209943
2508 20.00872993 27.20857048 -3.052629948
2509 20.00872993 27.20857048 -4.421050072
2510 20.00872993 27.20857048 -5.789470196
2511 20.00872993 27.20857048 -7.157889843
2512 20.00872993 27.20857048 -8.526320457
2513 20.00872993 27.20857048 -9.894740105
2514 20.00872993 27.20857048 -11.26315975
2515 20.00872993 27.20857048 -12.63158035
2516 20.32983017 26.09177971 9.263159752
2517 20.32983017 26.09177971 10.63158035
2518 20.32983017 26.09177971 7.894740105
2519 20.32983017 26.09177971 6.526319981
2520 20.32983017 26.09177971 5.157889843
2521 20.32983017 26.09177971 3.789469957
2522 20.32983017 26.09177971 2.421050072
2523 20.32983017 26.09177971 1.052629948
2524 20.32983017 26.09177971 -0.3157899976
2525 20.32983017 26.09177971 -1.684209943
2526 20.32983017 26.09177971 -3.052629948
2527 20.32983017 26.09177971 -4.421050072
2528 20.32983017 26.09177971 -5.789470196
2529 20.32983017 26.09177971 -7.157889843
2530 20.32983017 26.09177971 -8.526320457
2531 20.32983017 26.09177971 -9.894740105
2532 20.32983017 26.09177971 -11.26315975
2533 20.32983017 26.09177971 -12.63158035
2534 20.32983017 23.90822029 12
2535 20.43000031 25 12
2536 19.45196915 21.71673965 12
2537 20.00872993 22.79142952 12
2538 17.71326065 19.97802925 12
2539 18.67263985 20.75736046 12
2540 15.52178001 19.10017014 12
2541 16.63857079 19.42127037 12
2542 14.43000031 19 12
2543 13.33821964 19.10017014 12
2544 11.14673996 19.97802925 12
2545 12.22142982 19.42127037 12
2546 9.408029556 21.71673965 12
2547 10.18735981 20.75736046 12
2548 8.530170441 23.90822029 12
2549 8.851269722 22.79142952 12
2550 8.430000305 25 12
2551 8.530170441 26.09177971 12
2552 8.851269722 27.20857048 12
2553 10.18735981 29.24263954 12
2554 9.408029556 28.28326035 12
2555 12.22142982 30.57872963 12
2556 11.14673996 30.02197075 12
2557 13.33821964 30.89982986 12
2558 14.43000031 31 12
2559 16.63857079 30.57872963 12
2560 15.52178001 30.89982986 12
2561 18.67263985 29.24263954 12
2562 17.71326065 30.02197075 12
2563 20.00872993 27.20857048 12
2564 19.45196915 28.28326035 12
2565 20.32983017 26.09177971 12
2566 11.09667015 27 12
2567 11.09667015 28.33333015 12
2568 9.76333046 28.33333015 12
2569 9.76333046 27 12
2570 11.09667015 25.66666985 12
2571 9.76333046 25.66666985 12
2572 11.09667015 24.33333015 12
2573 9.76333046 24.33333015 12
2574 11.09667015 23 12
2575 9.76333046 23 12
2576 11.09667015 21.66666985 12
2577 9.76333046 21.66666985 12
2578 12.43000031 28.33333015 12
2579 12.43000031 29.66666985 12
2580 11.09667015 29.66666985 12
2581 12.43000031 27 12
2582 12.43000031 25.66666985 12
2583 12.43000031 24.33333015 12
2584 12.43000031 23 12
2585 12.43000031 21.66666985 12
2586 12.43000031 20.33333015 12
2587 11.09667015 20.33333015 12
2588 13.76333046 28.33333015 12
2589 13.76333046 29.66666985 12
2590 13.76333046 27 12
2591 13.76333046 25.66666985 12
2592 13.76333046 24.33333015 12
2593 13.76333046 23 12
2594 13.76333046 21.66666985 12
2595 13.76333046 20.33333015 12
2596 15.09667015 28.33333015 12
2597 15.09667015 29.66666985 12
2598 15.09667015 27 12
2599 15.09667015 25.66666985 12
2600 15.09667015 24.33333015 12
2601 15.09667015 23 12
2602 15.09667015 21.66666985 12
2603 15.09667015 20.33333015 12
2604 16.43000031 28.33333015 12
2605 16.43000031 29.66666985 12
2606 16.43000031 27 12
2607 16.43000031 25.66666985 12
2608 16.43000031 24.33333015 12
2609 16.43000031 23 12
2610 16.43000031 21.66666985 12
2611 16.43000031 20.33333015 12
2612 17.76333046 28.33333015 12
2613 17.76333046 29.66666985 12
2614 17.76333046 27 12
2615 17.76333046 25.66666985 12
2616 17.76333046 24.33333015 12
2617 17.76333046 23 12
2618 17.76333046 21.66666985 12
2619 17.76333046 20.33333015 12
2620 19.09667015 27 12
2621 19.09667015 28.33333015 12
2622 19.09667015 25.66666985 12
2623 19.09667015 24.33333015 12
2624 19.09667015 23 12
2625 19.09667015 21.66666985 12
2626 -2.720240116 -1.778429985 8.304349899
2627 -3.021810055 -1.196310043 8.304349899
2628 -3.021810055 -1.196310043 9.652170181
2629 -2.720240116 -1.778429985 9.652170181
2630 -2.720240116 -1.778429985 6.956520081
2631 -3.021810055 -1.196310043 6.956520081
2632 -2.720240116 -1.778429985 5.608699799
2633 -3.021810055 -1.196310043 5.608699799
2634 -2.720240116 -1.778429985 4.26086998
2635 -3.021810055 -1.196310043 4.26086998
2636 -2.720240116 -1.778429985 2.913039923
2637 -3.021810055 -1.196310043 2.913039923
2638 -2.720240116 -1.778429985 1.565219998
2639 -3.021810055 -1.196310043 1.565219998
2640 -2.720240116 -1.778429985 0.2173900008
2641 -3.021810055 -1.196310043 0.2173900008
2642 -2.720240116 -1.778429985 -1.130429983
2643 -3.021810055 -1.196310043 -1.130429983
2644 -2.720240116 -1.778429985 -2.47826004
2645 -3.021810055 -1.196310043 -2.47826004
2646 -2.720240116 -1.778429985 -3.826090097
2647 -3.021810055 -1.196310043 -3.826090097
2648 -2.720240116 -1.778429985 -5.173910141
2649 -3.021810055 -1.196310043 -5.173910141
2650 -2.720240116 -1.778429985 -6.52173996
2651 -3.021810055 -1.196310043 -6.52173996
2652 -2.720240116 -1.778429985 -7.869569778
2653 -3.021810055 -1.196310043 -7.869569778
2654 -2.720240116 -1.778429985 -9.21739006
2655 -3.021810055 -1.196310043 -9.21739006
2656 -2.720240116 -1.778429985 -10.56521988
2657 -3.021810055 -1.196310043 -10.56521988
2658 -2.720240116 -1.778429985 -11.91304016
2659 -3.021810055 -1.196310043 -11.91304016
2660 -2.720240116 -1.778429985 -13.26086998
2661 -3.021810055 -1.196310043 -13.26086998
2662 -2.720240116 -1.778429985 -14.6086998
2663 -3.021810055 -1.196310043 -14.6086998
2664 -2.720240116 -1.778429985 -15.95652008
2665 -3.021810055 -1.196310043 -15.95652008
2666 -2.720240116 -1.778429985 -17.3043499
2667 -3.021810055 -1.196310043 -17.3043499
2668 -2.720240116 -1.778429985 -18.65217018
2669 -3.021810055 -1.196310043 -18.65217018
2670 -2.298099995 -2.298099995 8.304349899
2671 -2.298099995 -2.298099995 9.652170181
2672 -2.298099995 -2.298099995 6.956520081
2673 -2.298099995 -2.298099995 5.608699799
2674 -2.298099995 -2.298099995 4.26086998
2675 -2.298099995 -2.298099995 2.913039923
2676 -2.298099995 -2.298099995 1.565219998
2677 -2.298099995 -2.298099995 0.2173900008
2678 -2.298099995 -2.298099995 -1.130429983
2679 -2.298099995 -2.298099995 -2.47826004
2680 -2.298099995 -2.298099995 -3.826090097
2681 -2.298099995 -2.298099995 -5.173910141
2682 -2.298099995 -2.298099995 -6.52173996
2683 -2.298099995 -2.298099995 -7.869569778
2684 -2.298099995 -2.298099995 -9.21739006
2685 -2.298099995 -2.298099995 -10.56521988
2686 -2.298099995 -2.298099995 -11.91304016
2687 -2.298099995 -2.298099995 -13.26086998
2688 -2.298099995 -2.298099995 -14.6086998
2689 -2.298099995 -2.298099995 -15.95652008
2690 -2.298099995 -2.298099995 -17.3043499
2691 -2.298099995 -2.298099995 -18.65217018
2692 -1.778429985 -2.720240116 8.304349899
2693 -1.778429985 -2.720240116 9.652170181
2694 -1.778429985 -2.720240116 6.956520081
2695 -1.778429985 -2.720240116 5.608699799
2696 -1.778429985 -2.720240116 4.26086998
2697 -1.778429985 -2.720240116 2.913039923
2698 -1.778429985 -2.720240116 1.565219998
2699 -1.778429985 -2.720240116 0.2173900008
2700 -1.778429985 -2.720240116 -1.130429983
2701 -1.778429985 -2.720240116 -2.47826004
2702 -1.778429985 -2.720240116 -3.826090097
2703 -1.778429985 -2.720240116 -5.173910141
2704 -1.778429985 -2.720240116 -6.52173996
2705 -1.778429985 -2.720240116 -7.869569778
2706 -1.778429985 -2.720240116 -9.21739006
2707 -1.778429985 -2.720240116 -10.56521988
2708 -1.778429985 -2.720240116 -11.91304016
2709 -1.778429985 -2.720240116 -13.26086998
2710 -1.778429985 -2.720240116 -14.6086998
2711 -1.778429985 -2.720240116 -15.95652008
2712 -1.778429985 -2.720240116 -17.3043499
2713 -1.778429985 -2.720240116 -18.65217018
2714 -1.196310043 -3.021810055 8.304349899
2715 -1.196310043 -3.021810055 9.652170181
2716 -1.196310043 -3.021810055 6.956520081
2717 -1.196310043 -3.021810055 5.608699799
2718 -1.196310043 -3.021810055 4.26086998
2719 -1.196310043 -3.021810055 2.913039923
2720 -1.196310043 -3.021810055 1.565219998
2721 -1.196310043 -3.021810055 0.2173900008
2722 -1.196310043 -3.021810055 -1.130429983
2723 -1.196310043 -3.021810055 -2.47826004
2724 -1.196310043 -3.021810055 -3.826090097
2725 -1.196310043 -3.021810055 -5.173910141
2726 -1.196310043 -3.021810055 -6.52173996
2727 -1.196310043 -3.021810055 -7.869569778
2728 -1.196310043 -3.021810055 -9.21739006
2729 -1.196310043 -3.021810055 -10.56521988
2730 -1.196310043 -3.021810055 -11.91304016
2731 -1.196310043 -3.021810055 -13.26086998
2732 -1.196310043 -3.021810055 -14.6086998
2733 -1.196310043 -3.021810055 -15.95652008
2734 -1.196310043 -3.021810055 -17.3043499
2735 -1.196310043 -3.021810055 -18.65217018
2736 -0 -3.25 8.304349899
2737 -0 -3.25 9.652170181
2738 -0 -3.25 6.956520081
2739 -0 -3.25 5.608699799
2740 -0 -3.25 4.26086998
2741 -0 -3.25 2.913039923
2742 -0 -3.25 1.565219998
2743 -0 -3.25 0.2173900008
2744 -0 -3.25 -1.130429983
2745 -0 -3.25 -2.47826004
2746 -0 -3.25 -3.826090097
2747 -0 -3.25 -5.173910141
2748 -0 -3.25 -6.52173996
2749 -0 -3.25 -7.869569778
2750 -0 -3.25 -9.21739006
2751 -0 -3.25 -10.56521988
2752 -0 -3.25 -11.91304016
2753 -0 -3.25 -13.26086998
2754 -0 -3.25 -14.6086998
2755 -0 -3.25 -15.95652008
2756 -0 -3.25 -17.3043499
2757 -0 -3.25 -18.65217018
2758 1.196310043 -3.021810055 8.304349899
2759 1.196310043 -3.021810055 9.652170181
2760 1.196310043 -3.021810055 6.956520081
2761 1.196310043 -3.021810055 5.608699799
2762 1.196310043 -3.021810055 4.26086998
2763 1.196310043 -3.021810055 2.913039923
2764 1.196310043 -3.021810055 1.565219998
2765 1.196310043 -3.021810055 0.2173900008
2766 1.196310043 -3.021810055 -1.130429983
2767 1.196310043 -3.021810055 -2.47826004
2768 1.196310043 -3.021810055 -3.826090097
2769 1.196310043 -3.021810055 -5.173910141
2770 1.196310043 -3.021810055 -6.52173996
2771 1.196310043 -3.021810055 -7.869569778
2772 1.196310043 -3.021810055 -9.21739006
2773 1.196310043 -3.021810055 -10.56521988
2774 1.196310043 -3.021810055 -11.91304016
2775 1.196310043 -3.021810055 -13.26086998
2776 1.196310043 -3.021810055 -14.6086998
2777 1.196310043 -3.021810055 -15.95652008
2778 1.196310043 -3.021810055 -17.3043499
2779 1.196310043 -3.021810055 -18.65217018
2780 1.778429985 -2.720240116 8.304349899
2781 1.778429985 -2.720240116 9.652170181
2782 1.778429985 -2.720240116 6.956520081
2783 1.778429985 -2.720240116 5.608699799
2784 1.778429985 -2.720240116 4.26086998
2785 1.778429985 -2.720240116 2.913039923
2786 1.778429985 -2.720240116 1.565219998
2787 1.778429985 -2.720240116 0.2173900008
2788 1.778429985 -2.720240116 -1.130429983
2789 1.778429985 -2.720240116 -2.47826004
2790 1.778429985 -2.720240116 -3.826090097
2791 1.778429985 -2.720240116 -5.173910141
2792 1.778429985 -2.720240116 -6.52173996
2793 1.778429985 -2.720240116 -7.869569778
2794 1.778429985 -2.720240116 -9.21739006
2795 1.778429985 -2.720240116 -10.56521988
2796 1.778429985 -2.720240116 -11.91304016
2797 1.778429985 -2.720240116 -13.26086998
2798 1.778429985 -2.720240116 -14.6086998
2799 1.778429985 -2.720240116 -15.95652008
2800 1.778429985 -2.720240116 -17.3043499
2801 1.778429985 -2.720240116 -18.65217018
2802 2.298099995 -2.298099995 8.304349899
2803 2.298099995 -2.298099995 9.652170181
2804 2.298099995 -2.298099995 6.956520081
2805 2.298099995 -2.298099995 5.608699799
2806 2.298099995 -2.298099995 4.26086998
2807 2.298099995 -2.298099995 2.913039923
2808 2.298099995 -2.298099995 1.565219998
2809 2.298099995 -2.298099995 0.2173900008
2810 2.298099995 -2.298099995 -1.130429983
2811 2.298099995 -2.298099995 -2.47826004
2812 2.298099995 -2.298099995 -3.826090097
2813 2.298099995 -2.298099995 -5.173910141
2814 2.298099995 -2.298099995 -6.52173996
2815 2.298099995 -2.298099995 -7.869569778
2816 2.298099995 -2.298099995 -9.21739006
2817 2.298099995 -2.298099995 -10.56521988
2818 2.298099995 -2.298099995 -11.91304016
2819 2.298099995 -2.298099995 -13.26086998
2820 2.298099995 -2.298099995 -14.6086998
2821 2.298099995 -2.298099995 -15.95652008
2822 2.298099995 -2.298099995 -17.3043499
2823 2.298099995 -2.298099995 -18.65217018
2824 2.720240116 -1.778429985 8.304349899
2825 2.720240116 -1.778429985 9.652170181
2826 2.720240116 -1.778429985 6.956520081
2827 2.720240116 -1.778429985 5.608699799
2828 2.720240116 -1.778429985 4.26086998
2829 2.720240116 -1.778429985 2.913039923
2830 2.720240116 -1.778429985 1.565219998
2831 2.720240116 -1.778429985 0.2173900008
2832 2.720240116 -1.778429985 -1.130429983
2833 2.720240116 -1.778429985 -2.47826004
2834 2.720240116 -1.778429985 -3.826090097
2835 2.720240116 -1.778429985 -5.173910141
2836 2.720240116 -1.778429985 -6.52173996
2837 2.720240116 -1.778429985 -7.869569778
2838 2.720240116 -1.778429985 -9.21739006
2839 2.720240116 -1.778429985 -10.56521988
2840 2.720240116 -1.778429985 -11.91304016
2841 2.720240116 -1.778429985 -13.26086998
2842 2.720240116 -1.778429985 -14.6086998
2843 2.720240116 -1.778429985 -15.95652008
2844 2.720240116 -1.778429985 -17.3043499
2845 2.720240116 -1.778429985 -18.65217018
2846 3.021810055 -1.196310043 8.304349899
2847 3.021810055 -1.196310043 9.652170181
2848 3.021810055 -1.196310043 6.956520081
2849 3.021810055 -1.196310043 5.608699799
2850 3.021810055 -1.196310043 4.26086998
2851 3.021810055 -1.196310043 2.913039923
2852 3.021810055 -1.196310043 1.565219998
2853 3.021810055 -1.196310043 0.2173900008
2854 3.021810055 -1.196310043 -1.130429983
2855 3.021810055 -1.196310043 -2.47826004
2856 3.021810055 -1.196310043 -3.826090097
2857 3.021810055 -1.196310043 -5.173910141
2858 3.021810055 -1.196310043 -6.52173996
2859 3.021810055 -1.196310043 -7.869569778
2860 3.021810055 -1.196310043 -9.21739006
2861 3.021810055 -1.196310043 -10.56521988
2862 3.021810055 -1.196310043 -11.91304016
2863 3.021810055 -1.196310043 -13.26086998
2864 3.021810055 -1.196310043 -14.6086998
2865 3.021810055 -1.196310043 -15.95652008
2866 3.021810055 -1.196310043 -17.3043499
2867 3.021810055 -1.196310043 -18.65217018
2868 -3.021810055 -1.196310043 11
2869 -2.720240116 -1.778429985 11
2870 -3.021810055 -1.196310043 -20
2871 -2.298099995 -2.298099995 11
2872 -1.196310043 -3.021810055 11
2873 -1.778429985 -2.720240116 11
2874 -0 -3.25 11
2875 1.196310043 -3.021810055 11
2876 1.778429985 -2.720240116 11
2877 2.298099995 -2.298099995 11
2878 3.021810055 -1.196310043 11
2879 2.720240116 -1.778429985 11
2880 -2.298099995 -2.298099995 -20
2881 -2.720240116 -1.778429985 -20
2882 -1.196310043 -3.021810055 -20
2883 -1.778429985 -2.720240116 -20
2884 -0 -3.25 -20
2885 1.196310043 -3.021810055 -20
2886 1.778429985 -2.720240116 -20
2887 2.298099995 -2.298099995 -20
2888 3.021810055 -1.196310043 -20
2889 2.720240116 -1.778429985 -20
2890 -0.6499999762 -1.083330035 11
2891 -0.6499999762 -2.166670084 11
2892 -1.950000048 -2.166670084 11
2893 -1.950000048 -1.083330035 11
2894 0.6499999762 -1.083330035 11
2895 0.6499999762 -2.166670084 11
2896 1.950000048 -1.083330035 11
2897 1.950000048 -2.166670084 11
2898 -0.6499999762 -1.083330035 -20
2899 -1.950000048 -1.083330035 -20
2900 -1.950000048 -2.166670084 -20
2901 -0.6499999762 -2.166670084 -20
2902 0.6499999762 -1.083330035 -20
2903 0.6499999762 -2.166670084 -20
2904 1.950000048 -1.083330035 -20
2905 1.950000048 -2.166670084 -20
2906 -40.6696701 -2.183559895 -16.39999962
2907 -40.82146072 -1.078250051 -16.39999962
2908 -40.82146072 -1.078250051 -15.19999981
2909 -40.6696701 -2.183559895 -15.19999981
2910 -40.6696701 -2.183559895 -17.60000038
2911 -40.82146072 -1.078250051 -17.60000038
2912 -40.6696701 -2.183559895 -18.79999924
2913 -40.82146072 -1.078250051 -18.79999924
2914 -40.40679169 -3.30189991 -16.39999962
2915 -40.40679169 -3.30189991 -15.19999981
2916 -40.40679169 -3.30189991 -17.60000038
2917 -40.40679169 -3.30189991 -18.79999924
2918 -40.02745819 -4.417140007 -16.39999962
2919 -40.02745819 -4.417140007 -15.19999981
2920 -40.02745819 -4.417140007 -17.60000038
2921 -40.02745819 -4.417140007 -18.79999924
2922 -39.52941132 -5.511539936 -16.39999962
2923 -39.52941132 -5.511539936 -15.19999981
2924 -39.52941132 -5.511539936 -17.60000038
2925 -39.52941132 -5.511539936 -18.79999924
2926 -38.91394043 -6.566520214 -16.39999962
2927 -38.91394043 -6.566520214 -15.19999981
2928 -38.91394043 -6.566520214 -17.60000038
2929 -38.91394043 -6.566520214 -18.79999924
2930 -38.18624115 -7.563580036 -16.39999962
2931 -38.18624115 -7.563580036 -15.19999981
2932 -38.18624115 -7.563580036 -17.60000038
2933 -38.18624115 -7.563580036 -18.79999924
2934 -37.35528183 -8.485280037 -16.39999962
2935 -37.35528183 -8.485280037 -15.19999981
2936 -37.35528183 -8.485280037 -17.60000038
2937 -37.35528183 -8.485280037 -18.79999924
2938 -36.43357849 -9.316240311 -16.39999962
2939 -36.43357849 -9.316240311 -15.19999981
2940 -36.43357849 -9.316240311 -17.60000038
2941 -36.43357849 -9.316240311 -18.79999924
2942 -35.43651962 -10.04395008 -16.39999962
2943 -35.43651962 -10.04395008 -15.19999981
2944 -35.43651962 -10.04395008 -17.60000038
2945 -35.43651962 -10.04395008 -18.79999924
2946 -34.38153076 -10.65941048 -16.39999962
2947 -34.38153076 -10.65941048 -15.19999981
2948 -34.38153076 -10.65941048 -17.60000038
2949 -34.38153076 -10.65941048 -18.79999924
2950 -33.28713989 -11.15746021 -16.39999962
2951 -33.28713989 -11.15746021 -15.19999981
2952 -33.28713989 -11.15746021 -17.60000038
2953 -33.28713989 -11.15746021 -18.79999924
2954 -32.1719017 -11.53678989 -16.39999962
2955 -32.1719017 -11.53678989 -15.19999981
2956 -32.1719017 -11.53678989 -17.60000038
2957 -32.1719017 -11.53678989 -18.79999924
2958 -31.05356026 -11.79965973 -16.39999962
2959 -31.05356026 -11.79965973 -15.19999981
2960 -31.05356026 -11.79965973 -17.60000038
2961 -31.05356026 -11.79965973 -18.79999924
2962 -29.94824982 -11.95145988 -16.39999962
2963 -29.94824982 -11.95145988 -15.19999981
2964 -29.94824982 -11.95145988 -17.60000038
2965 -29.94824982 -11.95145988 -18.79999924
2966 -28.87000084 -12 -16.39999962
2967 -28.87000084 -12 -15.19999981
2968 -28.87000084 -12 -17.60000038
2969 -28.87000084 -12 -18.79999924
2970 -27.79174995 -11.95145988 -16.39999962
2971 -27.79174995 -11.95145988 -15.19999981
2972 -27.79174995 -11.95145988 -17.60000038
2973 -27.79174995 -11.95145988 -18.79999924
2974 -26.68643951 -11.79965973 -16.39999962
2975 -26.68643951 -11.79965973 -15.19999981
2976 -26.68643951 -11.79965973 -17.60000038
2977 -26.68643951 -11.79965973 -18.79999924
2978 -25.56809998 -11.53678989 -16.39999962
2979 -25.56809998 -11.53678989 -15.19999981
2980 -25.56809998 -11.53678989 -17.60000038
2981 -25.56809998 -11.53678989 -18.79999924
2982 -24.45285988 -11.15746021 -16.39999962
2983 -24.45285988 -11.15746021 -15.19999981
2984 -24.45285988 -11.15746021 -17.60000038
2985 -24.45285988 -11.15746021 -18.79999924
2986 -23.35847092 -10.65941048 -16.39999962
2987 -23.35847092 -10.65941048 -15.19999981
2988 -23.35847092 -10.65941048 -17.60000038
2989 -23.35847092 -10.65941048 -18.79999924
2990 -22.30348015 -10.04395008 -16.39999962
2991 -22.30348015 -10.04395008 -15.19999981
2992 -22.30348015 -10.04395008 -17.60000038
2993 -22.30348015 -10.04395008 -18.79999924
2994 -21.30641937 -9.316240311 -16.39999962
2995 -21.30641937 -9.316240311 -15.19999981
2996 -21.30641937 -9.316240311 -17.60000038
2997 -21.30641937 -9.316240311 -18.79999924
2998 -20.38471985 -8.485280037 -16.39999962
2999 -20.38471985 -8.485280037 -15.19999981
3000 -20.38471985 -8.485280037 -17.60000038
3001 -20.38471985 -8.485280037 -18.79999924
3002 -19.55376053 -7.563580036 -16.39999962
3003 -19.55376053 -7.563580036 -15.19999981
3004 -19.55376053 -7.563580036 -17.60000038
3005 -19.55376053 -7.563580036 -18.79999924
3006 -18.8260498 -6.566520214 -16.39999962
3007 -18.8260498 -6.566520214 -15.19999981
3008 -18.8260498 -6.566520214 -17.60000038
3009 -18.8260498 -6.566520214 -18.79999924
3010 -18.21059036 -5.511539936 -16.39999962
3011 -18.21059036 -5.511539936 -15.19999981
3012 -18.21059036 -5.511539936 -17.60000038
3013 -18.21059036 -5.511539936 -18.79999924
3014 -17.71253967 -4.417140007 -16.39999962
3015 -17.71253967 -4.417140007 -15.19999981
3016 -17.71253967 -4.417140007 -17.60000038
3017 -17.71253967 -4.417140007 -18.79999924
3018 -17.33320999 -3.30189991 -16.39999962
3019 -17.33320999 -3.30189991 -15.19999981
3020 -17.33320999 -3.30189991 -17.60000038
3021 -17.33320999 -3.30189991 -18.79999924
3022 -17.0703392 -2.183559895 -16.39999962
3023 -17.0703392 -2.183559895 -15.19999981
3024 -17.0703392 -2.183559895 -17.60000038
3025 -17.0703392 -2.183559895 -18.79999924
3026 -16.91853905 -1.078250051 -16.39999962
3027 -16.91853905 -1.078250051 -15.19999981
3028 -16.91853905 -1.078250051 -17.60000038
3029 -16.91853905 -1.078250051 -18.79999924
3030 -40.82146072 -1.078250051 -14
3031 -40.40679169 -3.30189991 -14
3032 -40.6696701 -2.183559895 -14
3033 -39.52941132 -5.511539936 -14
3034 -40.02745819 -4.417140007 -14
3035 -38.91394043 -6.566520214 -14
3036 -38.18624115 -7.563580036 -14
3037 -36.43357849 -9.316240311 -14
3038 -37.35528183 -8.485280037 -14
3039 -34.38153076 -10.65941048 -14
3040 -35.43651962 -10.04395008 -14
3041 -32.1719017 -11.53678989 -14
3042 -33.28713989 -11.15746021 -14
3043 -29.94824982 -11.95145988 -14
3044 -31.05356026 -11.79965973 -14
3045 -28.87000084 -12 -14
3046 -40.82146072 -1.078250051 -20
3047 -40.40679169 -3.30189991 -20
3048 -40.6696701 -2.183559895 -20
3049 -39.52941132 -5.511539936 -20
3050 -40.02745819 -4.417140007 -20
3051 -38.91394043 -6.566520214 -20
3052 -38.18624115 -7.563580036 -20
3053 -37.35528183 -8.485280037 -20
3054 -35.43651962 -10.04395008 -20
3055 -36.43357849 -9.316240311 -20
3056 -33.28713989 -11.15746021 -20
3057 -34.38153076 -10.65941048 -20
3058 -31.05356026 -11.79965973 -20
3059 -32.1719017 -11.53678989 -20
3060 -29.94824982 -11.95145988 -20
3061 -28.87000084 -12 -20
3062 -27.79174995 -11.95145988 -14
3063 -25.56809998 -11.53678989 -14
3064 -26.68643951 -11.79965973 -14
3065 -23.35847092 -10.65941048 -14
3066 -24.45285988 -11.15746021 -14
3067 -21.30641937 -9.316240311 -14
3068 -22.30348015 -10.04395008 -14
3069 -20.38471985 -8.485280037 -14
3070 -18.8260498 -6.566520214 -14
3071 -19.55376053 -7.563580036 -14
3072 -17.71253967 -4.417140007 -14
3073 -18.21059036 -5.511539936 -14
3074 -17.0703392 -2.183559895 -14
3075 -17.33320999 -3.30189991 -14
3076 -16.91853905 -1.078250051 -14
3077 -27.79174995 -11.95145988 -20
3078 -25.56809998 -11.53678989 -20
3079 -26.68643951 -11.79965973 -20
3080 -23.35847092 -10.65941048 -20
3081 -24.45285988 -11.15746021 -20
3082 -21.30641937 -9.316240311 -20
3083 -22.30348015 -10.04395008 -20
3084 -20.38471985 -8.485280037 -20
3085 -18.8260498 -6.566520214 -20
3086 -19.55376053 -7.563580036 -20
3087 -17.71253967 -4.417140007 -20
3088 -18.21059036 -5.511539936 -20
3089 -17.0703392 -2.183559895 -20
3090 -17.33320999 -3.30189991 -20
3091 -16.91853905 -1.078250051 -20
3092 -38.20333099 -5.333330154 -14
3093 -39.53667068 -4 -14
3094 -38.20333099 -4 -14
3095 -38.20333099 -2.666670084 -14
3096 -39.53667068 -2.666670084 -14
3097 -38.20333099 -1.333330035 -14
3098 -39.53667068 -1.333330035 -14
3099 -36.86999893 -5.333330154 -14
3100 -36.86999893 -6.666669846 -14
3101 -38.20333099 -6.666669846 -14
3102 -36.86999893 -4 -14
3103 -36.86999893 -2.666670084 -14
3104 -36.86999893 -1.333330035 -14
3105 -35.53667068 -6.666669846 -14
3106 -35.53667068 -8 -14
3107 -36.86999893 -8 -14
3108 -35.53667068 -5.333330154 -14
3109 -35.53667068 -4 -14
3110 -35.53667068 -2.666670084 -14
3111 -35.53667068 -1.333330035 -14
3112 -34.20333099 -8 -14
3113 -34.20333099 -9.333330154 -14
3114 -35.53667068 -9.333330154 -14
3115 -34.20333099 -6.666669846 -14
3116 -34.20333099 -5.333330154 -14
3117 -34.20333099 -4 -14
3118 -32.86999893 -10.66666985 -14
3119 -32.86999893 -9.333330154 -14
3120 -32.86999893 -8 -14
3121 -32.86999893 -6.666669846 -14
3122 -32.86999893 -5.333330154 -14
3123 -31.53667068 -9.333330154 -14
3124 -31.53667068 -10.66666985 -14
3125 -31.53667068 -8 -14
3126 -31.53667068 -6.666669846 -14
3127 -30.20332909 -9.333330154 -14
3128 -30.20332909 -10.66666985 -14
3129 -30.20332909 -8 -14
3130 -30.20332909 -6.666669846 -14
3131 -28.87000084 -9.333330154 -14
3132 -28.87000084 -10.66666985 -14
3133 -28.87000084 -8 -14
3134 -28.87000084 -6.666669846 -14
3135 -27.53667068 -9.333330154 -14
3136 -27.53667068 -10.66666985 -14
3137 -27.53667068 -8 -14
3138 -27.53667068 -6.666669846 -14
3139 -26.20332909 -9.333330154 -14
3140 -26.20332909 -10.66666985 -14
3141 -26.20332909 -8 -14
3142 -26.20332909 -6.666669846 -14
3143 -24.87000084 -9.333330154 -14
3144 -24.87000084 -10.66666985 -14
3145 -24.87000084 -8 -14
3146 -24.87000084 -6.666669846 -14
3147 -23.53667068 -8 -14
3148 -23.53667068 -9.333330154 -14
3149 -23.53667068 -6.666669846 -14
3150 -23.53667068 -5.333330154 -14
3151 -24.87000084 -5.333330154 -14
3152 -22.20332909 -8 -14
3153 -22.20332909 -9.333330154 -14
3154 -22.20332909 -6.666669846 -14
3155 -22.20332909 -5.333330154 -14
3156 -22.20332909 -4 -14
3157 -23.53667068 -4 -14
3158 -20.87000084 -6.666669846 -14
3159 -20.87000084 -8 -14
3160 -20.87000084 -5.333330154 -14
3161 -20.87000084 -4 -14
3162 -20.87000084 -2.666670084 -14
3163 -22.20332909 -2.666670084 -14
3164 -20.87000084 -1.333330035 -14
3165 -22.20332909 -1.333330035 -14
3166 -19.53667068 -5.333330154 -14
3167 -19.53667068 -6.666669846 -14
3168 -19.53667068 -4 -14
3169 -19.53667068 -2.666670084 -14
3170 -19.53667068 -1.333330035 -14
3171 -18.20332909 -2.666670084 -14
3172 -18.20332909 -4 -14
3173 -18.20332909 -1.333330035 -14
3174 -31.07856941 -5.578730106 -14
3175 -29.96178055 -5.899829865 -14
3176 -32.15325928 -5.021969795 -14
3177 -33.11264038 -4.242640018 -14
3178 -33.89197159 -3.283260107 -14
3179 -34.7698288 -1.091779947 -14
3180 -34.44873047 -2.208570004 -14
3181 -28.87000084 -6 -14
3182 -27.77821922 -5.899829865 -14
3183 -26.66143036 -5.578730106 -14
3184 -25.58674049 -5.021969795 -14
3185 -24.62735939 -4.242640018 -14
3186 -23.84803009 -3.283260107 -14
3187 -23.2912693 -2.208570004 -14
3188 -22.97016907 -1.091779947 -14
3189 -38.20333099 -5.333330154 -20
3190 -38.20333099 -4 -20
3191 -39.53667068 -4 -20
3192 -38.20333099 -2.666670084 -20
3193 -39.53667068 -2.666670084 -20
3194 -38.20333099 -1.333330035 -20
3195 -39.53667068 -1.333330035 -20
3196 -36.86999893 -5.333330154 -20
3197 -38.20333099 -6.666669846 -20
3198 -36.86999893 -6.666669846 -20
3199 -36.86999893 -4 -20
3200 -36.86999893 -2.666670084 -20
3201 -36.86999893 -1.333330035 -20
3202 -35.53667068 -6.666669846 -20
3203 -36.86999893 -8 -20
3204 -35.53667068 -8 -20
3205 -35.53667068 -5.333330154 -20
3206 -35.53667068 -4 -20
3207 -35.53667068 -2.666670084 -20
3208 -35.53667068 -1.333330035 -20
3209 -34.20333099 -8 -20
3210 -35.53667068 -9.333330154 -20
3211 -34.20333099 -9.333330154 -20
3212 -34.20333099 -6.666669846 -20
3213 -34.20333099 -5.333330154 -20
3214 -34.20333099 -4 -20
3215 -34.20333099 -2.666670084 -20
3216 -34.20333099 -1.333330035 -20
3217 -32.86999893 -10.66666985 -20
3218 -32.86999893 -9.333330154 -20
3219 -32.86999893 -8 -20
3220 -32.86999893 -6.666669846 -20
3221 -32.86999893 -5.333330154 -20
3222 -32.86999893 -4 -20
3223 -32.86999893 -2.666670084 -20
3224 -32.86999893 -1.333330035 -20
3225 -31.53667068 -9.333330154 -20
3226 -31.53667068 -10.66666985 -20
3227 -31.53667068 -8 -20
3228 -31.53667068 -6.666669846 -20
3229 -31.53667068 -5.333330154 -20
3230 -31.53667068 -4 -20
3231 -31.53667068 -2.666670084 -20
3232 -31.53667068 -1.333330035 -20
3233 -30.20332909 -9.333330154 -20
3234 -30.20332909 -10.66666985 -20
3235 -30.20332909 -8 -20
3236 -30.20332909 -6.666669846 -20
3237 -30.20332909 -5.333330154 -20
3238 -30.20332909 -4 -20
3239 -30.20332909 -2.666670084 -20
3240 -30.20332909 -1.333330035 -20
3241 -28.87000084 -9.333330154 -20
3242 -28.87000084 -10.66666985 -20
3243 -28.87000084 -8 -20
3244 -28.87000084 -6.666669846 -20
3245 -28.87000084 -5.333330154 -20
3246 -28.87000084 -4 -20
3247 -28.87000084 -2.666670084 -20
3248 -28.87000084 -1.333330035 -20
3249 -27.53667068 -9.333330154 -20
3250 -27.53667068 -10.66666985 -20
3251 -27.53667068 -8 -20
3252 -27.53667068 -6.666669846 -20
3253 -27.53667068 -5.333330154 -20
3254 -27.53667068 -4 -20
3255 -27.53667068 -2.666670084 -20
3256 -27.53667068 -1.333330035 -20
3257 -26.20332909 -9.333330154 -20
3258 -26.20332909 -10.66666985 -20
3259 -26.20332909 -8 -20
3260 -26.20332909 -6.666669846 -20
3261 -26.20332909 -5.333330154 -20
3262 -26.20332909 -4 -20
3263 -26.20332909 -2.666670084 -20
3264 -26.20332909 -1.333330035 -20
3265 -24.87000084 -9.333330154 -20
3266 -24.87000084 -10.66666985 -20
3267 -24.87000084 -8 -20
3268 -24.87000084 -6.666669846 -20
3269 -24.87000084 -5.333330154 -20
3270 -24.87000084 -4 -20
3271 -24.87000084 -2.666670084 -20
3272 -24.87000084 -1.333330035 -20
3273 -23.53667068 -8 -20
3274 -23.53667068 -9.333330154 -20
3275 -23.53667068 -6.666669846 -20
3276 -23.53667068 -5.333330154 -20
3277 -23.53667068 -4 -20
3278 -23.53667068 -2.666670084 -20
3279 -23.53667068 -1.333330035 -20
3280 -22.20332909 -8 -20
3281 -22.20332909 -9.333330154 -20
3282 -22.20332909 -6.666669846 -20
3283 -22.20332909 -5.333330154 -20
3284 -22.20332909 -4 -20
3285 -22.20332909 -2.666670084 -20
3286 -22.20332909 -1.333330035 -20
3287 -20.87000084 -6.666669846 -20
3288 -20.87000084 -8 -20
3289 -20.87000084 -5.333330154 -20
3290 -20.87000084 -4 -20
3291 -20.87000084 -2.666670084 -20
3292 -20.87000084 -1.333330035 -20
3293 -19.53667068 -5.333330154 -20
3294 -19.53667068 -6.666669846 -20
3295 -19.53667068 -4 -20
3296 -19.53667068 -2.666670084 -20
3297 -19.53667068 -1.333330035 -20
3298 -18.20332909 -2.666670084 -20
3299 -18.20332909 -4 -20
3300 -18.20332909 -1.333330035 -20
3301 -34.44873047 -2.208570004 9.263159752
3302 -34.7698288 -1.091779947 9.263159752
3303 -34.7698288 -1.091779947 10.63158035
3304 -34.44873047 -2.208570004 10.63158035
3305 -34.44873047 -2.208570004 7.894740105
3306 -34.7698288 -1.091779947 7.894740105
3307 -34.44873047 -2.208570004 6.526319981
3308 -34.7698288 -1.091779947 6.526319981
3309 -34.44873047 -2.208570004 5.157889843
3310 -34.7698288 -1.091779947 5.157889843
3311 -34.44873047 -2.208570004 3.789469957
3312 -34.7698288 -1.091779947 3.789469957
3313 -34.44873047 -2.208570004 2.421050072
3314 -34.7698288 -1.091779947 2.421050072
3315 -34.44873047 -2.208570004 1.052629948
3316 -34.7698288 -1.091779947 1.052629948
3317 -34.44873047 -2.208570004 -0.3157899976
3318 -34.7698288 -1.091779947 -0.3157899976
3319 -34.44873047 -2.208570004 -1.684209943
3320 -34.7698288 -1.091779947 -1.684209943
3321 -34.44873047 -2.208570004 -3.052629948
3322 -34.7698288 -1.091779947 -3.052629948
3323 -34.44873047 -2.208570004 -4.421050072
3324 -34.7698288 -1.091779947 -4.421050072
3325 -34.44873047 -2.208570004 -5.789470196
3326 -34.7698288 -1.091779947 -5.789470196
3327 -34.44873047 -2.208570004 -7.157889843
3328 -34.7698288 -1.091779947 -7.157889843
3329 -34.44873047 -2.208570004 -8.526320457
3330 -34.7698288 -1.091779947 -8.526320457
3331 -34.44873047 -2.208570004 -9.894740105
3332 -34.7698288 -1.091779947 -9.894740105
3333 -34.44873047 -2.208570004 -11.26315975
3334 -34.7698288 -1.091779947 -11.26315975
3335 -34.44873047 -2.208570004 -12.63158035
3336 -34.7698288 -1.091779947 -12.63158035
3337 -33.89197159 -3.283260107 9.263159752
3338 -33.89197159 -3.283260107 10.63158035
3339 -33.89197159 -3.283260107 7.894740105
3340 -33.89197159 -3.283260107 6.526319981
3341 -33.89197159 -3.283260107 5.157889843
3342 -33.89197159 -3.283260107 3.789469957
3343 -33.89197159 -3.283260107 2.421050072
3344 -33.89197159 -3.283260107 1.052629948
3345 -33.89197159 -3.283260107 -0.3157899976
3346 -33.89197159 -3.283260107 -1.684209943
3347 -33.89197159 -3.283260107 -3.052629948
3348 -33.89197159 -3.283260107 -4.421050072
3349 -33.89197159 -3.283260107 -5.789470196
3350 -33.89197159 -3.283260107 -7.157889843
3351 -33.89197159 -3.283260107 -8.526320457
3352 -33.89197159 -3.283260107 -9.894740105
3353 -33.89197159 -3.283260107 -11.26315975
3354 -33.89197159 -3.283260107 -12.63158035
3355 -33.11264038 -4.242640018 9.263159752
3356 -33.11264038 -4.242640018 10.63158035
3357 -33.11264038 -4.242640018 7.894740105
3358 -33.11264038 -4.242640018 6.526319981
3359 -33.11264038 -4.242640018 5.157889843
3360 -33.11264038 -4.242640018 3.789469957
3361 -33.11264038 -4.242640018 2.421050072
3362 -33.11264038 -4.242640018 1.052629948
3363 -33.11264038 -4.242640018 -0.3157899976
3364 -33.11264038 -4.242640018 -1.684209943
3365 -33.11264038 -4.242640018 -3.052629948
3366 -33.11264038 -4.242640018 -4.421050072
3367 -33.11264038 -4.242640018 -5.789470196
3368 -33.11264038 -4.242640018 -7.157889843
3369 -33.11264038 -4.242640018 -8.526320457
3370 -33.11264038 -4.242640018 -9.894740105
3371 -33.11264038 -4.242640018 -11.26315975
3372 -33.11264038 -4.242640018 -12.63158035
3373 -32.15325928 -5.021969795 9.263159752
3374 -32.15325928 -5.021969795 10.63158035
3375 -32.15325928 -5.021969795 7.894740105
3376 -32.15325928 -5.021969795 6.526319981
3377 -32.15325928 -5.021969795 5.157889843
3378 -32.15325928 -5.021969795 3.789469957
3379 -32.15325928 -5.021969795 2.421050072
3380 -32.15325928 -5.021969795 1.052629948
3381 -32.15325928 -5.021969795 -0.3157899976
3382 -32.15325928 -5.021969795 -1.684209943
3383 -32.15325928 -5.021969795 -3.052629948
3384 -32.15325928 -5.021969795 -4.421050072
3385 -32.15325928 -5.021969795 -5.789470196
3386 -32.15325928 -5.021969795 -7.157889843
3387 -32.15325928 -5.021969795 -8.526320457
3388 -32.15325928 -5.021969795 -9.894740105
3389 -32.15325928 -5.021969795 -11.26315975
3390 -32.15325928 -5.021969795 -12.63158035
3391 -31.07856941 -5.578730106 9.263159752
3392 -31.07856941 -5.578730106 10.63158035
3393 -31.07856941 -5.578730106 7.894740105
3394 -31.07856941 -5.578730106 6.526319981
3395 -31.07856941 -5.578730106 5.157889843
3396 -31.07856941 -5.578730106 3.789469957
3397 -31.07856941 -5.578730106 2.421050072
3398 -31.07856941 -5.578730106 1.052629948
3399 -31.07856941 -5.578730106 -0.3157899976
3400 -31.07856941 -5.578730106 -1.684209943
3401 -31.07856941 -5.578730106 -3.052629948
3402 -31.07856941 -5.578730106 -4.421050072
3403 -31.07856941 -5.578730106 -5.789470196
3404 -31.07856941 -5.578730106 -7.157889843
3405 -31.07856941 -5.578730106 -8.526320457
3406 -31.07856941 -5.578730106 -9.894740105
3407 -31.07856941 -5.578730106 -11.26315975
3408 -31.07856941 -5.578730106 -12.63158035
3409 -29.96178055 -5.899829865 9.263159752
3410 -29.96178055 -5.899829865 10.63158035
3411 -29.96178055 -5.899829865 7.894740105
3412 -29.96178055 -5.899829865 6.526319981
3413 -29.96178055 -5.899829865 5.157889843
3414 -29.96178055 -5.899829865 3.789469957
3415 -29.96178055 -5.899829865 2.421050072
3416 -29.96178055 -5.899829865 1.052629948
3417 -29.96178055 -5.899829865 -0.3157899976
3418 -29.96178055 -5.899829865 -1.684209943
3419 -29.96178055 -5.899829865 -3.052629948
3420 -29.96178055 -5.899829865 -4.421050072
3421 -29.96178055 -5.899829865 -5.789470196
3422 -29.96178055 -5.899829865 -7.157889843
3423 -29.96178055 -5.899829865 -8.526320457
3424 -29.96178055 -5.899829865 -9.894740105
3425 -29.96178055 -5.899829865 -11.26315975
3426 -29.96178055 -5.899829865 -12.63158035
3427 -28.87000084 -6 9.263159752
3428 -28.87000084 -6 10.63158035
3429 -28.87000084 -6 7.894740105
3430 -28.87000084 -6 6.526319981
3431 -28.87000084 -6 5.157889843
3432 -28.87000084 -6 3.789469957
3433 -28.87000084 -6 2.421050072
3434 -28.87000084 -6 1.052629948
3435 -28.87000084 -6 -0.3157899976
3436 -28.87000084 -6 -1.684209943
3437 -28.87000084 -6 -3.052629948
3438 -28.87000084 -6 -4.421050072
3439 -28.87000084 -6 -5.789470196
3440 -28.87000084 -6 -7.157889843
3441 -28.87000084 -6 -8.526320457
3442 -28.87000084 -6 -9.894740105
3443 -28.87000084 -6 -11.26315975
3444 -28.87000084 -6 -12.63158035
3445 -27.77821922 -5.899829865 9.263159752
3446 -27.77821922 -5.899829865 10.63158035
3447 -27.77821922 -5.899829865 7.894740105
3448 -27.77821922 -5.899829865 6.526319981
3449 -27.77821922 -5.899829865 5.157889843
3450 -27.77821922 -5.899829865 3.789469957
3451 -27.77821922 -5.899829865 2.421050072
3452 -27.77821922 -5.899829865 1.052629948
3453 -27.77821922 -5.899829865 -0.3157899976
3454 -27.77821922 -5.899829865 -1.684209943
3455 -27.77821922 -5.899829865 -3.052629948
3456 -27.77821922 -5.899829865 -4.421050072
3457 -27.77821922 -5.899829865 -5.789470196
3458 -27.77821922 -5.899829865 -7.157889843
3459 -27.77821922 -5.899829865 -8.526320457
3460 -27.77821922 -5.899829865 -9.894740105
3461 -27.77821922 -5.899829865 -11.26315975
3462 -27.77821922 -5.899829865 -12.63158035
3463 -26.66143036 -5.578730106 9.263159752
3464 -26.66143036 -5.578730106 10.63158035
3465 -26.66143036 -5.578730106 7.894740105
3466 -26.66143036 -5.578730106 6.526319981
3467 -26.66143036 -5.578730106 5.157889843
3468 -26.66143036 -5.578730106 3.789469957
3469 -26.66143036 -5.578730106 2.421050072
3470 -26.66143036 -5.578730106 1.052629948
3471 -26.66143036 -5.578730106 -0.3157899976
3472 -26.66143036 -5.578730106 -1.684209943
3473 -26.66143036 -5.578730106 -3.052629948
3474 -26.66143036 -5.578730106 -4.421050072
3475 -26.66143036 -5.578730106 -5.789470196
3476 -26.66143036 -5.578730106 -7.157889843
3477 -26.66143036 -5.578730106 -8.526320457
3478 -26.66143036 -5.578730106 -9.894740105
3479 -26.66143036 -5.578730106 -11.26315975
3480 -26.66143036 -5.578730106 -12.63158035
3481 -25.58674049 -5.021969795 9.263159752
3482 -25.58674049 -5.021969795 10.63158035
3483 -25.58674049 -5.021969795 7.894740105
3484 -25.58674049 -5.021969795 6.526319981
3485 -25.58674049 -5.021969795 5.157889843
3486 -25.58674049 -5.021969795 3.789469957
3487 -25.58674049 -5.021969795 2.421050072
3488 -25.58674049 -5.021969795 1.052629948
3489 -25.58674049 -5.021969795 -0.3157899976
3490 -25.58674049 -5.021969795 -1.684209943
3491 -25.58674049 -5.021969795 -3.052629948
3492 -25.58674049 -5.021969795 -4.421050072
3493 -25.58674049 -5.021969795 -5.789470196
3494 -25.58674049 -5.021969795 -7.157889843
3495 -25.58674049 -5.021969795 -8.526320457
3496 -25.58674049 -5.021969795 -9.894740105
3497 -25.58674049 -5.021969795 -11.26315975
3498 -25.58674049 -5.021969795 -12.63158035
3499 -24.62735939 -4.242640018 9.263159752
3500 -24.62735939 -4.242640018 10.63158035
3501 -24.62735939 -4.242640018 7.894740105
3502 -24.62735939 -4.242640018 6.526319981
3503 -24.62735939 -4.242640018 5.157889843
3504 -24.62735939 -4.242640018 3.789469957
3505 -24.62735939 -4.242640018 2.421050072
3506 -24.62735939 -4.242640018 1.052629948
3507 -24.62735939 -4.242640018 -0.3157899976
3508 -24.62735939 -4.242640018 -1.684209943
3509 -24.62735939 -4.242640018 -3.052629948
3510 -24.62735939 -4.242640018 -4.421050072
3511 -24.62735939 -4.242640018 -5.789470196
3512 -24.62735939 -4.242640018 -7.157889843
3513 -24.62735939 -4.242640018 -8.526320457
3514 -24.62735939 -4.242640018 -9.894740105
3515 -24.62735939 -4.242640018 -11.26315975
3516 -24.62735939 -4.242640018 -12.63158035
3517 -23.84803009 -3.283260107 9.263159752
3518 -23.84803009 -3.283260107 10.63158035
3519 -23.84803009 -3.283260107 7.894740105
3520 -23.84803009 -3.283260107 6.526319981
3521 -23.84803009 -3.283260107 5.157889843
3522 -23.84803009 -3.283260107 3.789469957
3523 -23.84803009 -3.283260107 2.421050072
3524 -23.84803009 -3.283260107 1.052629948
3525 -23.84803009 -3.283260107 -0.3157899976
3526 -23.84803009 -3.283260107 -1.684209943
3527 -23.84803009 -3.283260107 -3.052629948
3528 -23.84803009 -3.283260107 -4.421050072
3529 -23.84803009 -3.283260107 -5.789470196
3530 -23.84803009 -3.283260107 -7.157889843
3531 -23.84803009 -3.283260107 -8.526320457
3532 -23.84803009 -3.283260107 -9.894740105
3533 -23.84803009 -3.283260107 -11.26315975
3534 -23.84803009 -3.283260107 -12.63158035
3535 -23.2912693 -2.208570004 9.263159752
3536 -23.2912693 -2.208570004 10.63158035
3537 -23.2912693 -2.208570004 7.894740105
3538 -23.2912693 -2.208570004 6.526319981
3539 -23.2912693 -2.208570004 5.157889843
3540 -23.2912693 -2.208570004 3.789469957
3541 -23.2912693 -2.208570004 2.421050072
3542 -23.2912693 -2.208570004 1.052629948
3543 -23.2912693 -2.208570004 -0.3157899976
3544 -23.2912693 -2.208570004 -1.684209943
3545 -23.2912693 -2.208570004 -3.052629948
3546 -23.2912693 -2.208570004 -4.421050072
3547 -23.2912693 -2.208570004 -5.789470196
3548 -23.2912693 -2.208570004 -7.157889843
3549 -23.2912693 -2.208570004 -8.526320457
3550 -23.2912693 -2.208570004 -9.894740105
3551 -23.2912693 -2.208570004 -11.26315975
3552 -23.2912693 -2.208570004 -12.63158035
3553 -22.97016907 -1.091779947 9.263159752
3554 -22.97016907 -1.091779947 10.63158035
3555 -22.97016907 -1.091779947 7.894740105
3556 -22.97016907 -1.091779947 6.526319981
3557 -22.97016907 -1.091779947 5.157889843
3558 -22.97016907 -1.091779947 3.789469957
3559 -22.97016907 -1.091779947 2.421050072
3560 -22.97016907 -1.091779947 1.052629948
3561 -22.97016907 -1.091779947 -0.3157899976
3562 -22.97016907 -1.091779947 -1.684209943
3563 -22.97016907 -1.091779947 -3.052629948
3564 -22.97016907 -1.091779947 -4.421050072
3565 -22.97016907 -1.091779947 -5.789470196
3566 -22.97016907 -1.091779947 -7.157889843
3567 -22.97016907 -1.091779947 -8.526320457
3568 -22.97016907 -1.091779947 -9.894740105
3569 -22.97016907 -1.091779947 -11.26315975
3570 -22.97016907 -1.091779947 -12.63158035
3571 -34.7698288 -1.091779947 12
3572 -34.44873047 -2.208570004 12
3573 -33.89197159 -3.283260107 12
3574 -33.11264038 -4.242640018 12
3575 -32.15325928 -5.021969795 12
3576 -31.07856941 -5.578730106 12
3577 -29.96178055 -5.899829865 12
3578 -28.87000084 -6 12
3579 -27.77821922 -5.899829865 12
3580 -26.66143036 -5.578730106 12
3581 -24.62735939 -4.242640018 12
3582 -25.58674049 -5.021969795 12
3583 -23.84803009 -3.283260107 12
3584 -22.97016907 -1.091779947 12
3585 -23.2912693 -2.208570004 12
3586 -32.20333099 -2.400000095 12
3587 -32.20333099 -3.599999905 12
3588 -33.53667068 -3.599999905 12
3589 -33.53667068 -2.400000095 12
3590 -32.20333099 -1.200000048 12
3591 -33.53667068 -1.200000048 12
3592 -30.87000084 -4.800000191 12
3593 -30.87000084 -3.599999905 12
3594 -30.87000084 -2.400000095 12
3595 -30.87000084 -1.200000048 12
3596 -29.53667068 -3.599999905 12
3597 -29.53667068 -4.800000191 12
3598 -29.53667068 -2.400000095 12
3599 -29.53667068 -1.200000048 12
3600 -28.20332909 -3.599999905 12
3601 -28.20332909 -4.800000191 12
3602 -28.20332909 -2.400000095 12
3603 -28.20332909 -1.200000048 12
3604 -26.87000084 -3.599999905 12
3605 -26.87000084 -4.800000191 12
3606 -26.87000084 -2.400000095 12
3607 -26.87000084 -1.200000048 12
3608 -25.53667068 -3.599999905 12
3609 -25.53667068 -2.400000095 12
3610 -25.53667068 -1.200000048 12
3611 -24.20332909 -1.200000048 12
3612 -24.20332909 -2.400000095 12
3613 26.38146019 -23.92174911 -16.39999962
3614 26.43000031 -25 -16.39999962
3615 26.43000031 -25 -15.19999981
3616 26.38146019 -23.92174911 -15.19999981
3617 26.38146019 -23.92174911 -17.60000038
3618 26.43000031 -25 -17.60000038
3619 26.38146019 -23.92174911 -18.79999924
3620 26.43000031 -25 -18.79999924
3621 26.22966003 -22.81644058 -16.39999962
3622 26.22966003 -22.81644058 -15.19999981
3623 26.22966003 -22.81644058 -17.60000038
3624 26.22966003 -22.81644058 -18.79999924
3625 25.96678925 -21.69809914 -16.39999962
3626 25.96678925 -21.69809914 -15.19999981
3627 25.96678925 -21.69809914 -17.60000038
3628 25.96678925 -21.69809914 -18.79999924
3629 25.58745956 -20.58286095 -16.39999962
3630 25.58745956 -20.58286095 -15.19999981
3631 25.58745956 -20.58286095 -17.60000038
3632 25.58745956 -20.58286095 -18.79999924
3633 25.08941078 -19.48846054 -16.39999962
3634 25.08941078 -19.48846054 -15.19999981
3635 25.08941078 -19.48846054 -17.60000038
3636 25.08941078 -19.48846054 -18.79999924
3637 24.47394943 -18.43347931 -16.39999962
3638 24.47394943 -18.43347931 -15.19999981
3639 24.47394943 -18.43347931 -17.60000038
3640 24.47394943 -18.43347931 -18.79999924
3641 23.74624062 -17.43642044 -16.39999962
3642 23.74624062 -17.43642044 -15.19999981
3643 23.74624062 -17.43642044 -17.60000038
3644 23.74624062 -17.43642044 -18.79999924
3645 22.91527939 -16.51472092 -16.39999962
3646 22.91527939 -16.51472092 -15.19999981
3647 22.91527939 -16.51472092 -17.60000038
3648 22.91527939 -16.51472092 -18.79999924
3649 21.99357986 -15.68375969 -16.39999962
3650 21.99357986 -15.68375969 -15.19999981
3651 21.99357986 -15.68375969 -17.60000038
3652 21.99357986 -15.68375969 -18.79999924
3653 20.99651909 -14.95604992 -16.39999962
3654 20.99651909 -14.95604992 -15.19999981
3655 20.99651909 -14.95604992 -17.60000038
3656 20.99651909 -14.95604992 -18.79999924
3657 19.94153976 -14.34058952 -16.39999962
3658 19.94153976 -14.34058952 -15.19999981
3659 19.94153976 -14.34058952 -17.60000038
3660 19.94153976 -14.34058952 -18.79999924
3661 18.84713936 -13.84253979 -16.39999962
3662 18.84713936 -13.84253979 -15.19999981
3663 18.84713936 -13.84253979 -17.60000038
3664 18.84713936 -13.84253979 -18.79999924
3665 17.73189926 -13.46321011 -16.39999962
3666 17.73189926 -13.46321011 -15.19999981
3667 17.73189926 -13.46321011 -17.60000038
3668 17.73189926 -13.46321011 -18.79999924
3669 16.61355972 -13.20034027 -16.39999962
3670 16.61355972 -13.20034027 -15.19999981
3671 16.61355972 -13.20034027 -17.60000038
3672 16.61355972 -13.20034027 -18.79999924
3673 15.50825024 -13.04854012 -16.39999962
3674 15.50825024 -13.04854012 -15.19999981
3675 15.50825024 -13.04854012 -17.60000038
3676 15.50825024 -13.04854012 -18.79999924
3677 14.43000031 -13 -16.39999962
3678 14.43000031 -13 -15.19999981
3679 14.43000031 -13 -17.60000038
3680 14.43000031 -13 -18.79999924
3681 13.35175037 -13.04854012 -16.39999962
3682 13.35175037 -13.04854012 -15.19999981
3683 13.35175037 -13.04854012 -17.60000038
3684 13.35175037 -13.04854012 -18.79999924
3685 12.24643993 -13.20034027 -16.39999962
3686 12.24643993 -13.20034027 -15.19999981
3687 12.24643993 -13.20034027 -17.60000038
3688 12.24643993 -13.20034027 -18.79999924
3689 11.1281004 -13.46321011 -16.39999962
3690 11.1281004 -13.46321011 -15.19999981
3691 11.1281004 -13.46321011 -17.60000038
3692 11.1281004 -13.46321011 -18.79999924
3693 10.0128603 -13.84253979 -16.39999962
3694 10.0128603 -13.84253979 -15.19999981
3695 10.0128603 -13.84253979 -17.60000038
3696 10.0128603 -13.84253979 -18.79999924
3697 8.918459892 -14.34058952 -16.39999962
3698 8.918459892 -14.34058952 -15.19999981
3699 8.918459892 -14.34058952 -17.60000038
3700 8.918459892 -14.34058952 -18.79999924
3701 7.863480091 -14.95604992 -16.39999962
3702 7.863480091 -14.95604992 -15.19999981
3703 7.863480091 -14.95604992 -17.60000038
3704 7.863480091 -14.95604992 -18.79999924
3705 6.866419792 -15.68375969 -16.39999962
3706 6.866419792 -15.68375969 -15.19999981
3707 6.866419792 -15.68375969 -17.60000038
3708 6.866419792 -15.68375969 -18.79999924
3709 5.944719791 -16.51472092 -16.39999962
3710 5.944719791 -16.51472092 -15.19999981
3711 5.944719791 -16.51472092 -17.60000038
3712 5.944719791 -16.51472092 -18.79999924
3713 5.113759995 -17.43642044 -16.39999962
3714 5.113759995 -17.43642044 -15.19999981
3715 5.113759995 -17.43642044 -17.60000038
3716 5.113759995 -17.43642044 -18.79999924
3717 4.386050224 -18.43347931 -16.39999962
3718 4.386050224 -18.43347931 -15.19999981
3719 4.386050224 -18.43347931 -17.60000038
3720 4.386050224 -18.43347931 -18.79999924
3721 3.770590067 -19.48846054 -16.39999962
3722 3.770590067 -19.48846054 -15.19999981
3723 3.770590067 -19.48846054 -17.60000038
3724 3.770590067 -19.48846054 -18.79999924
3725 3.272540092 -20.58286095 -16.39999962
3726 3.272540092 -20.58286095 -15.19999981
3727 3.272540092 -20.58286095 -17.60000038
3728 3.272540092 -20.58286095 -18.79999924
3729 2.893209934 -21.69809914 -16.39999962
3730 2.893209934 -21.69809914 -15.19999981
3731 2.893209934 -21.69809914 -17.60000038
3732 2.893209934 -21.69809914 -18.79999924
3733 2.630340099 -22.81644058 -16.39999962
3734 2.630340099 -22.81644058 -15.19999981
3735 2.630340099 -22.81644058 -17.60000038
3736 2.630340099 -22.81644058 -18.79999924
3737 2.478539944 -23.92174911 -16.39999962
3738 2.478539944 -23.92174911 -15.19999981
3739 2.478539944 -23.92174911 -17.60000038
3740 2.478539944 -23.92174911 -18.79999924
3741 2.430000067 -25 -16.39999962
3742 2.430000067 -25 -15.19999981
3743 2.430000067 -25 -17.60000038
3744 2.430000067 -25 -18.79999924
3745 2.478539944 -26.07825089 -16.39999962
3746 2.478539944 -26.07825089 -15.19999981
3747 2.478539944 -26.07825089 -17.60000038
3748 2.478539944 -26.07825089 -18.79999924
3749 2.630340099 -27.18355942 -16.39999962
3750 2.630340099 -27.18355942 -15.19999981
3751 2.630340099 -27.18355942 -17.60000038
3752 2.630340099 -27.18355942 -18.79999924
3753 2.893209934 -28.30190086 -16.39999962
3754 2.893209934 -28.30190086 -15.19999981
3755 2.893209934 -28.30190086 -17.60000038
3756 2.893209934 -28.30190086 -18.79999924
3757 3.272540092 -29.41713905 -16.39999962
3758 3.272540092 -29.41713905 -15.19999981
3759 3.272540092 -29.41713905 -17.60000038
3760 3.272540092 -29.41713905 -18.79999924
3761 3.770590067 -30.51153946 -16.39999962
3762 3.770590067 -30.51153946 -15.19999981
3763 3.770590067 -30.51153946 -17.60000038
3764 3.770590067 -30.51153946 -18.79999924
3765 4.386050224 -31.56652069 -16.39999962
3766 4.386050224 -31.56652069 -15.19999981
3767 4.386050224 -31.56652069 -17.60000038
3768 4.386050224 -31.56652069 -18.79999924
3769 5.113759995 -32.56357956 -16.39999962
3770 5.113759995 -32.56357956 -15.19999981
3771 5.113759995 -32.56357956 -17.60000038
3772 5.113759995 -32.56357956 -18.79999924
3773 5.944719791 -33.48527908 -16.39999962
3774 5.944719791 -33.48527908 -15.19999981
3775 5.944719791 -33.48527908 -17.60000038
3776 5.944719791 -33.48527908 -18.79999924
3777 6.866419792 -34.3162384 -16.39999962
3778 6.866419792 -34.3162384 -15.19999981
3779 6.866419792 -34.3162384 -17.60000038
3780 6.866419792 -34.3162384 -18.79999924
3781 7.863480091 -35.04394913 -16.39999962
3782 7.863480091 -35.04394913 -15.19999981
3783 7.863480091 -35.04394913 -17.60000038
3784 7.863480091 -35.04394913 -18.79999924
3785 8.918459892 -35.65940857 -16.39999962
3786 8.918459892 -35.65940857 -15.19999981
3787 8.918459892 -35.65940857 -17.60000038
3788 8.918459892 -35.65940857 -18.79999924
3789 10.0128603 -36.15745926 -16.39999962
3790 10.0128603 -36.15745926 -15.19999981
3791 10.0128603 -36.15745926 -17.60000038
3792 10.0128603 -36.15745926 -18.79999924
3793 11.1281004 -36.53678894 -16.39999962
3794 11.1281004 -36.53678894 -15.19999981
3795 11.1281004 -36.53678894 -17.60000038
3796 11.1281004 -36.53678894 -18.79999924
3797 12.24643993 -36.79965973 -16.39999962
3798 12.24643993 -36.79965973 -15.19999981
3799 12.24643993 -36.79965973 -17.60000038
3800 12.24643993 -36.79965973 -18.79999924
3801 13.35175037 -36.95146179 -16.39999962
3802 13.35175037 -36.95146179 -15.19999981
3803 13.35175037 -36.95146179 -17.60000038
3804 13.35175037 -36.95146179 -18.79999924
3805 14.43000031 -37 -16.39999962
3806 14.43000031 -37 -15.19999981
3807 14.43000031 -37 -17.60000038
3808 14.43000031 -37 -18.79999924
3809 15.50825024 -36.95146179 -16.39999962
3810 15.50825024 -36.95146179 -15.19999981
3811 15.50825024 -36.95146179 -17.60000038
3812 15.50825024 -36.95146179 -18.79999924
3813 16.61355972 -36.79965973 -16.39999962
3814 16.61355972 -36.79965973 -15.19999981
3815 16.61355972 -36.79965973 -17.60000038
3816 16.61355972 -36.79965973 -18.79999924
3817 17.73189926 -36.53678894 -16.39999962
3818 17.73189926 -36.53678894 -15.19999981
3819 17.73189926 -36.53678894 -17.60000038
3820 17.73189926 -36.53678894 -18.79999924
3821 18.84713936 -36.15745926 -16.39999962
3822 18.84713936 -36.15745926 -15.19999981
3823 18.84713936 -36.15745926 -17.60000038
3824 18.84713936 -36.15745926 -18.79999924
3825 19.94153976 -35.65940857 -16.39999962
3826 19.94153976 -35.65940857 -15.19999981
3827 19.94153976 -35.65940857 -17.60000038
3828 19.94153976 -35.65940857 -18.79999924
3829 20.99651909 -35.04394913 -16.39999962
3830 20.99651909 -35.04394913 -15.19999981
3831 20.99651909 -35.04394913 -17.60000038
3832 20.99651909 -35.04394913 -18.79999924
3833 21.99357986 -34.3162384 -16.39999962
3834 21.99357986 -34.3162384 -15.19999981
3835 21.99357986 -34.3162384 -17.60000038
3836 21.99357986 -34.3162384 -18.79999924
3837 22.91527939 -33.48527908 -16.39999962
3838 22.91527939 -33.48527908 -15.19999981
3839 22.91527939 -33.48527908 -17.60000038
3840 22.91527939 -33.48527908 -18.79999924
3841 23.74624062 -32.56357956 -16.39999962
3842 23.74624062 -32.56357956 -15.19999981
3843 23.74624062 -32.56357956 -17.60000038
3844 23.74624062 -32.56357956 -18.79999924
3845 24.47394943 -31.56652069 -16.39999962
3846 24.47394943 -31.56652069 -15.19999981
3847 24.47394943 -31.56652069 -17.60000038
3848 24.47394943 -31.56652069 -18.79999924
3849 25.08941078 -30.51153946 -16.39999962
3850 25.08941078 -30.51153946 -15.19999981
3851 25.08941078 -30.51153946 -17.60000038
3852 25.08941078 -30.51153946 -18.79999924
3853 25.58745956 -29.41713905 -16.39999962
3854 25.58745956 -29.41713905 -15.19999981
3855 25.58745956 -29.41713905 -17.60000038
3856 25.58745956 -29.41713905 -18.79999924
3857 25.96678925 -28.30190086 -16.39999962
3858 25.96678925 -28.30190086 -15.19999981
3859 25.96678925 -28.30190086 -17.60000038
3860 25.96678925 -28.30190086 -18.79999924
3861 26.22966003 -27.18355942 -16.39999962
3862 26.22966003 -27.18355942 -15.19999981
3863 26.22966003 -27.18355942 -17.60000038
3864 26.22966003 -27.18355942 -18.79999924
3865 26.38146019 -26.07825089 -16.39999962
3866 26.38146019 -26.07825089 -15.19999981
3867 26.38146019 -26.07825089 -17.60000038
3868 26.38146019 -26.07825089 -18.79999924
3869 26.38146019 -23.92174911 -14
3870 26.43000031 -25 -14
3871 25.96678925 -21.69809914 -14
3872 26.22966003 -22.81644058 -14
3873 25.08941078 -19.48846054 -14
3874 25.58745956 -20.58286095 -14
3875 23.74624062 -17.43642044 -14
3876 24.47394943 -18.43347931 -14
3877 21.99357986 -15.68375969 -14
3878 22.91527939 -16.51472092 -14
3879 19.94153976 -14.34058952 -14
3880 20.99651909 -14.95604992 -14
3881 17.73189926 -13.46321011 -14
3882 18.84713936 -13.84253979 -14
3883 15.50825024 -13.04854012 -14
3884 16.61355972 -13.20034027 -14
3885 14.43000031 -13 -14
3886 13.35175037 -13.04854012 -14
3887 11.1281004 -13.46321011 -14
3888 12.24643993 -13.20034027 -14
3889 8.918459892 -14.34058952 -14
3890 10.0128603 -13.84253979 -14
3891 6.866419792 -15.68375969 -14
3892 7.863480091 -14.95604992 -14
3893 5.113759995 -17.43642044 -14
3894 5.944719791 -16.51472092 -14
3895 3.770590067 -19.48846054 -14
3896 4.386050224 -18.43347931 -14
3897 2.893209934 -21.69809914 -14
3898 3.272540092 -20.58286095 -14
3899 2.478539944 -23.92174911 -14
3900 2.630340099 -22.81644058 -14
3901 2.430000067 -25 -14
3902 26.38146019 -23.92174911 -20
3903 26.43000031 -25 -20
3904 25.96678925 -21.69809914 -20
3905 26.22966003 -22.81644058 -20
3906 25.08941078 -19.48846054 -20
3907 25.58745956 -20.58286095 -20
3908 23.74624062 -17.43642044 -20
3909 24.47394943 -18.43347931 -20
3910 21.99357986 -15.68375969 -20
3911 22.91527939 -16.51472092 -20
3912 19.94153976 -14.34058952 -20
3913 20.99651909 -14.95604992 -20
3914 17.73189926 -13.46321011 -20
3915 18.84713936 -13.84253979 -20
3916 15.50825024 -13.04854012 -20
3917 16.61355972 -13.20034027 -20
3918 14.43000031 -13 -20
3919 13.35175037 -13.04854012 -20
3920 11.1281004 -13.46321011 -20
3921 12.24643993 -13.20034027 -20
3922 8.918459892 -14.34058952 -20
3923 10.0128603 -13.84253979 -20
3924 6.866419792 -15.68375969 -20
3925 7.863480091 -14.95604992 -20
3926 5.113759995 -17.43642044 -20
3927 5.944719791 -16.51472092 -20
3928 4.386050224 -18.43347931 -20
3929 3.272540092 -20.58286095 -20
3930 3.770590067 -19.48846054 -20
3931 2.630340099 -22.81644058 -20
3932 2.893209934 -21.69809914 -20
3933 2.478539944 -23.92174911 -20
3934 2.430000067 -25 -20
3935 2.478539944 -26.07825089 -14
3936 2.630340099 -27.18355942 -14
3937 3.272540092 -29.41713905 -14
3938 2.893209934 -28.30190086 -14
3939 4.386050224 -31.56652069 -14
3940 3.770590067 -30.51153946 -14
3941 5.944719791 -33.48527908 -14
3942 5.113759995 -32.56357956 -14
3943 7.863480091 -35.04394913 -14
3944 6.866419792 -34.3162384 -14
3945 10.0128603 -36.15745926 -14
3946 8.918459892 -35.65940857 -14
3947 12.24643993 -36.79965973 -14
3948 11.1281004 -36.53678894 -14
3949 13.35175037 -36.95146179 -14
3950 14.43000031 -37 -14
3951 16.61355972 -36.79965973 -14
3952 15.50825024 -36.95146179 -14
3953 18.84713936 -36.15745926 -14
3954 17.73189926 -36.53678894 -14
3955 20.99651909 -35.04394913 -14
3956 19.94153976 -35.65940857 -14
3957 22.91527939 -33.48527908 -14
3958 21.99357986 -34.3162384 -14
3959 24.47394943 -31.56652069 -14
3960 23.74624062 -32.56357956 -14
3961 25.58745956 -29.41713905 -14
3962 25.08941078 -30.51153946 -14
3963 26.22966003 -27.18355942 -14
3964 25.96678925 -28.30190086 -14
3965 26.38146019 -26.07825089 -14
3966 2.630340099 -27.18355942 -20
3967 2.478539944 -26.07825089 -20
3968 3.272540092 -29.41713905 -20
3969 2.893209934 -28.30190086 -20
3970 4.386050224 -31.56652069 -20
3971 3.770590067 -30.51153946 -20
3972 5.944719791 -33.48527908 -20
3973 5.113759995 -32.56357956 -20
3974 7.863480091 -35.04394913 -20
3975 6.866419792 -34.3162384 -20
3976 10.0128603 -36.15745926 -20
3977 8.918459892 -35.65940857 -20
3978 12.24643993 -36.79965973 -20
3979 11.1281004 -36.53678894 -20
3980 13.35175037 -36.95146179 -20
3981 14.43000031 -37 -20
3982 16.61355972 -36.79965973 -20
3983 15.50825024 -36.95146179 -20
3984 18.84713936 -36.15745926 -20
3985 17.73189926 -36.53678894 -20
3986 20.99651909 -35.04394913 -20
3987 19.94153976 -35.65940857 -20
3988 22.91527939 -33.48527908 -20
3989 21.99357986 -34.3162384 -20
3990 24.47394943 -31.56652069 -20
3991 23.74624062 -32.56357956 -20
3992 25.58745956 -29.41713905 -20
3993 25.08941078 -30.51153946 -20
3994 26.22966003 -27.18355942 -20
3995 25.96678925 -28.30190086 -20
3996 26.38146019 -26.07825089 -20
3997 5.096670151 -30.33333015 -14
3998 3.763329983 -29 -14
3999 5.096670151 -29 -14
4000 5.096670151 -27.66666985 -14
4001 3.763329983 -27.66666985 -14
4002 5.096670151 -26.33333015 -14
4003 3.763329983 -26.33333015 -14
4004 5.096670151 -25 -14
4005 3.763329983 -25 -14
4006 5.096670151 -23.66666985 -14
4007 3.763329983 -23.66666985 -14
4008 5.096670151 -22.33333015 -14
4009 3.763329983 -22.33333015 -14
4010 5.096670151 -21 -14
4011 3.763329983 -21 -14
4012 6.429999828 -30.33333015 -14
4013 6.429999828 -31.66666985 -14
4014 5.096670151 -31.66666985 -14
4015 6.429999828 -29 -14
4016 6.429999828 -27.66666985 -14
4017 6.429999828 -26.33333015 -14
4018 6.429999828 -25 -14
4019 6.429999828 -23.66666985 -14
4020 6.429999828 -22.33333015 -14
4021 6.429999828 -21 -14
4022 6.429999828 -19.66666985 -14
4023 5.096670151 -19.66666985 -14
4024 6.429999828 -18.33333015 -14
4025 5.096670151 -18.33333015 -14
4026 7.763329983 -31.66666985 -14
4027 7.763329983 -33 -14
4028 6.429999828 -33 -14
4029 7.763329983 -30.33333015 -14
4030 7.763329983 -29 -14
4031 7.763329983 -27.66666985 -14
4032 7.763329983 -26.33333015 -14
4033 7.763329983 -25 -14
4034 7.763329983 -23.66666985 -14
4035 7.763329983 -22.33333015 -14
4036 7.763329983 -21 -14
4037 7.763329983 -19.66666985 -14
4038 7.763329983 -18.33333015 -14
4039 7.763329983 -17 -14
4040 6.429999828 -17 -14
4041 9.096670151 -33 -14
4042 9.096670151 -34.33332825 -14
4043 7.763329983 -34.33332825 -14
4044 9.096670151 -31.66666985 -14
4045 9.096670151 -30.33333015 -14
4046 9.096670151 -29 -14
4047 9.096670151 -19.66666985 -14
4048 9.096670151 -21 -14
4049 9.096670151 -18.33333015 -14
4050 9.096670151 -17 -14
4051 9.096670151 -15.66666985 -14
4052 7.763329983 -15.66666985 -14
4053 10.43000031 -35.66667175 -14
4054 10.43000031 -34.33332825 -14
4055 10.43000031 -33 -14
4056 10.43000031 -31.66666985 -14
4057 10.43000031 -30.33333015 -14
4058 10.43000031 -18.33333015 -14
4059 10.43000031 -19.66666985 -14
4060 10.43000031 -17 -14
4061 10.43000031 -15.66666985 -14
4062 11.76333046 -34.33332825 -14
4063 11.76333046 -35.66667175 -14
4064 11.76333046 -33 -14
4065 11.76333046 -31.66666985 -14
4066 11.76333046 -17 -14
4067 11.76333046 -18.33333015 -14
4068 11.76333046 -15.66666985 -14
4069 11.76333046 -14.33333015 -14
4070 10.43000031 -14.33333015 -14
4071 13.09667015 -34.33332825 -14
4072 13.09667015 -35.66667175 -14
4073 13.09667015 -33 -14
4074 13.09667015 -31.66666985 -14
4075 13.09667015 -17 -14
4076 13.09667015 -18.33333015 -14
4077 13.09667015 -15.66666985 -14
4078 13.09667015 -14.33333015 -14
4079 14.43000031 -34.33332825 -14
4080 14.43000031 -35.66667175 -14
4081 14.43000031 -33 -14
4082 14.43000031 -31.66666985 -14
4083 14.43000031 -17 -14
4084 14.43000031 -18.33333015 -14
4085 14.43000031 -15.66666985 -14
4086 14.43000031 -14.33333015 -14
4087 15.76333046 -34.33332825 -14
4088 15.76333046 -35.66667175 -14
4089 15.76333046 -33 -14
4090 15.76333046 -31.66666985 -14
4091 15.76333046 -17 -14
4092 15.76333046 -18.33333015 -14
4093 15.76333046 -15.66666985 -14
4094 15.76333046 -14.33333015 -14
4095 17.09667015 -34.33332825 -14
4096 17.09667015 -35.66667175 -14
4097 17.09667015 -33 -14
4098 17.09667015 -31.66666985 -14
4099 17.09667015 -17 -14
4100 17.09667015 -18.33333015 -14
4101 17.09667015 -15.66666985 -14
4102 17.09667015 -14.33333015 -14
4103 18.43000031 -34.33332825 -14
4104 18.43000031 -35.66667175 -14
4105 18.43000031 -33 -14
4106 18.43000031 -31.66666985 -14
4107 18.43000031 -17 -14
4108 18.43000031 -18.33333015 -14
4109 18.43000031 -15.66666985 -14
4110 18.43000031 -14.33333015 -14
4111 19.76333046 -33 -14
4112 19.76333046 -34.33332825 -14
4113 19.76333046 -31.66666985 -14
4114 19.76333046 -30.33333015 -14
4115 18.43000031 -30.33333015 -14
4116 19.76333046 -18.33333015 -14
4117 19.76333046 -19.66666985 -14
4118 18.43000031 -19.66666985 -14
4119 19.76333046 -17 -14
4120 19.76333046 -15.66666985 -14
4121 21.09667015 -33 -14
4122 21.09667015 -34.33332825 -14
4123 21.09667015 -31.66666985 -14
4124 21.09667015 -30.33333015 -14
4125 21.09667015 -29 -14
4126 19.76333046 -29 -14
4127 21.09667015 -19.66666985 -14
4128 21.09667015 -21 -14
4129 19.76333046 -21 -14
4130 21.09667015 -18.33333015 -14
4131 21.09667015 -17 -14
4132 21.09667015 -15.66666985 -14
4133 22.43000031 -31.66666985 -14
4134 22.43000031 -33 -14
4135 22.43000031 -30.33333015 -14
4136 22.43000031 -29 -14
4137 22.43000031 -27.66666985 -14
4138 21.09667015 -27.66666985 -14
4139 22.43000031 -26.33333015 -14
4140 21.09667015 -26.33333015 -14
4141 22.43000031 -25 -14
4142 21.09667015 -25 -14
4143 22.43000031 -23.66666985 -14
4144 21.09667015 -23.66666985 -14
4145 22.43000031 -22.33333015 -14
4146 21.09667015 -22.33333015 -14
4147 22.43000031 -21 -14
4148 22.43000031 -19.66666985 -14
4149 22.43000031 -18.33333015 -14
4150 22.43000031 -17 -14
4151 23.76333046 -30.33333015 -14
4152 23.76333046 -31.66666985 -14
4153 23.76333046 -29 -14
4154 23.76333046 -27.66666985 -14
4155 23.76333046 -26.33333015 -14
4156 23.76333046 -25 -14
4157 23.76333046 -23.66666985 -14
4158 23.76333046 -22.33333015 -14
4159 23.76333046 -21 -14
4160 23.76333046 -19.66666985 -14
4161 23.76333046 -18.33333015 -14
4162 25.09667015 -27.66666985 -14
4163 25.09667015 -29 -14
4164 25.09667015 -26.33333015 -14
4165 25.09667015 -25 -14
4166 25.09667015 -23.66666985 -14
4167 25.09667015 -22.33333015 -14
4168 25.09667015 -21 -14
4169 8.851269722 -27.20857048 -14
4170 8.530170441 -26.09177971 -14
4171 10.18735981 -29.24263954 -14
4172 11.14673996 -30.02197075 -14
4173 9.408029556 -28.28326035 -14
4174 12.22142982 -30.57872963 -14
4175 13.33821964 -30.89982986 -14
4176 14.43000031 -31 -14
4177 8.851269722 -22.79142952 -14
4178 8.530170441 -23.90822029 -14
4179 9.408029556 -21.71673965 -14
4180 10.18735981 -20.75736046 -14
4181 11.14673996 -19.97802925 -14
4182 13.33821964 -19.10017014 -14
4183 12.22142982 -19.42127037 -14
4184 14.43000031 -19 -14
4185 8.430000305 -25 -14
4186 15.52178001 -30.89982986 -14
4187 16.63857079 -30.57872963 -14
4188 17.71326065 -30.02197075 -14
4189 18.67263985 -29.24263954 -14
4190 19.45196915 -28.28326035 -14
4191 20.00872993 -27.20857048 -14
4192 20.32983017 -26.09177971 -14
4193 20.43000031 -25 -14
4194 20.32983017 -23.90822029 -14
4195 17.71326065 -19.97802925 -14
4196 16.63857079 -19.42127037 -14
4197 15.52178001 -19.10017014 -14
4198 19.45196915 -21.71673965 -14
4199 18.67263985 -20.75736046 -14
4200 20.00872993 -22.79142952 -14
4201 5.096670151 -30.33333015 -20
4202 5.096670151 -29 -20
4203 3.763329983 -29 -20
4204 5.096670151 -27.66666985 -20
4205 3.763329983 -27.66666985 -20
4206 5.096670151 -26.33333015 -20
4207 3.763329983 -26.33333015 -20
4208 5.096670151 -25 -20
4209 3.763329983 -25 -20
4210 5.096670151 -23.66666985 -20
4211 3.763329983 -23.66666985 -20
4212 5.096670151 -22.33333015 -20
4213 3.763329983 -22.33333015 -20
4214 5.096670151 -21 -20
4215 3.763329983 -21 -20
4216 6.429999828 -30.33333015 -20
4217 5.096670151 -31.66666985 -20
4218 6.429999828 -31.66666985 -20
4219 6.429999828 -29 -20
4220 6.429999828 -27.66666985 -20
4221 6.429999828 -26.33333015 -20
4222 6.429999828 -25 -20
4223 6.429999828 -23.66666985 -20
4224 6.429999828 -22.33333015 -20
4225 6.429999828 -21 -20
4226 6.429999828 -19.66666985 -20
4227 5.096670151 -19.66666985 -20
4228 6.429999828 -18.33333015 -20
4229 5.096670151 -18.33333015 -20
4230 7.763329983 -31.66666985 -20
4231 6.429999828 -33 -20
4232 7.763329983 -33 -20
4233 7.763329983 -30.33333015 -20
4234 7.763329983 -29 -20
4235 7.763329983 -27.66666985 -20
4236 7.763329983 -26.33333015 -20
4237 7.763329983 -25 -20
4238 7.763329983 -23.66666985 -20
4239 7.763329983 -22.33333015 -20
4240 7.763329983 -21 -20
4241 7.763329983 -19.66666985 -20
4242 7.763329983 -18.33333015 -20
4243 7.763329983 -17 -20
4244 6.429999828 -17 -20
4245 9.096670151 -33 -20
4246 7.763329983 -34.33332825 -20
4247 9.096670151 -34.33332825 -20
4248 9.096670151 -31.66666985 -20
4249 9.096670151 -30.33333015 -20
4250 9.096670151 -29 -20
4251 9.096670151 -27.66666985 -20
4252 9.096670151 -26.33333015 -20
4253 9.096670151 -25 -20
4254 9.096670151 -23.66666985 -20
4255 9.096670151 -22.33333015 -20
4256 9.096670151 -21 -20
4257 9.096670151 -19.66666985 -20
4258 9.096670151 -18.33333015 -20
4259 9.096670151 -17 -20
4260 9.096670151 -15.66666985 -20
4261 7.763329983 -15.66666985 -20
4262 10.43000031 -35.66667175 -20
4263 10.43000031 -34.33332825 -20
4264 10.43000031 -33 -20
4265 10.43000031 -31.66666985 -20
4266 10.43000031 -30.33333015 -20
4267 10.43000031 -29 -20
4268 10.43000031 -27.66666985 -20
4269 10.43000031 -26.33333015 -20
4270 10.43000031 -25 -20
4271 10.43000031 -23.66666985 -20
4272 10.43000031 -22.33333015 -20
4273 10.43000031 -21 -20
4274 10.43000031 -19.66666985 -20
4275 10.43000031 -18.33333015 -20
4276 10.43000031 -17 -20
4277 10.43000031 -15.66666985 -20
4278 11.76333046 -34.33332825 -20
4279 11.76333046 -35.66667175 -20
4280 11.76333046 -33 -20
4281 11.76333046 -31.66666985 -20
4282 11.76333046 -30.33333015 -20
4283 11.76333046 -29 -20
4284 11.76333046 -27.66666985 -20
4285 11.76333046 -26.33333015 -20
4286 11.76333046 -25 -20
4287 11.76333046 -23.66666985 -20
4288 11.76333046 -22.33333015 -20
4289 11.76333046 -21 -20
4290 11.76333046 -19.66666985 -20
4291 11.76333046 -18.33333015 -20
4292 11.76333046 -17 -20
4293 11.76333046 -15.66666985 -20
4294 11.76333046 -14.33333015 -20
4295 10.43000031 -14.33333015 -20
4296 13.09667015 -34.33332825 -20
4297 13.09667015 -35.66667175 -20
4298 13.09667015 -33 -20
4299 13.09667015 -31.66666985 -20
4300 13.09667015 -30.33333015 -20
4301 13.09667015 -29 -20
4302 13.09667015 -27.66666985 -20
4303 13.09667015 -26.33333015 -20
4304 13.09667015 -25 -20
4305 13.09667015 -23.66666985 -20
4306 13.09667015 -22.33333015 -20
4307 13.09667015 -21 -20
4308 13.09667015 -19.66666985 -20
4309 13.09667015 -18.33333015 -20
4310 13.09667015 -17 -20
4311 13.09667015 -15.66666985 -20
4312 13.09667015 -14.33333015 -20
4313 14.43000031 -34.33332825 -20
4314 14.43000031 -35.66667175 -20
4315 14.43000031 -33 -20
4316 14.43000031 -31.66666985 -20
4317 14.43000031 -30.33333015 -20
4318 14.43000031 -29 -20
4319 14.43000031 -27.66666985 -20
4320 14.43000031 -26.33333015 -20
4321 14.43000031 -25 -20
4322 14.43000031 -23.66666985 -20
4323 14.43000031 -22.33333015 -20
4324 14.43000031 -21 -20
4325 14.43000031 -19.66666985 -20
4326 14.43000031 -18.33333015 -20
4327 14.43000031 -17 -20
4328 14.43000031 -15.66666985 -20
4329 14.43000031 -14.33333015 -20
4330 15.76333046 -34.33332825 -20
4331 15.76333046 -35.66667175 -20
4332 15.76333046 -33 -20
4333 15.76333046 -31.66666985 -20
4334 15.76333046 -30.33333015 -20
4335 15.76333046 -29 -20
4336 15.76333046 -27.66666985 -20
4337 15.76333046 -26.33333015 -20
4338 15.76333046 -25 -20
4339 15.76333046 -23.66666985 -20
4340 15.76333046 -22.33333015 -20
4341 15.76333046 -21 -20
4342 15.76333046 -19.66666985 -20
4343 15.76333046 -18.33333015 -20
4344 15.76333046 -17 -20
4345 15.76333046 -15.66666985 -20
4346 15.76333046 -14.33333015 -20
4347 17.09667015 -34.33332825 -20
4348 17.09667015 -35.66667175 -20
4349 17.09667015 -33 -20
4350 17.09667015 -31.66666985 -20
4351 17.09667015 -30.33333015 -20
4352 17.09667015 -29 -20
4353 17.09667015 -27.66666985 -20
4354 17.09667015 -26.33333015 -20
4355 17.09667015 -25 -20
4356 17.09667015 -23.66666985 -20
4357 17.09667015 -22.33333015 -20
4358 17.09667015 -21 -20
4359 17.09667015 -19.66666985 -20
4360 17.09667015 -18.33333015 -20
4361 17.09667015 -17 -20
4362 17.09667015 -15.66666985 -20
4363 17.09667015 -14.33333015 -20
4364 18.43000031 -34.33332825 -20
4365 18.43000031 -35.66667175 -20
4366 18.43000031 -33 -20
4367 18.43000031 -31.66666985 -20
4368 18.43000031 -30.33333015 -20
4369 18.43000031 -29 -20
4370 18.43000031 -27.66666985 -20
4371 18.43000031 -26.33333015 -20
4372 18.43000031 -25 -20
4373 18.43000031 -23.66666985 -20
4374 18.43000031 -22.33333015 -20
4375 18.43000031 -21 -20
4376 18.43000031 -19.66666985 -20
4377 18.43000031 -18.33333015 -20
4378 18.43000031 -17 -20
4379 18.43000031 -15.66666985 -20
4380 18.43000031 -14.33333015 -20
4381 19.76333046 -33 -20
4382 19.76333046 -34.33332825 -20
4383 19.76333046 -31.66666985 -20
4384 19.76333046 -30.33333015 -20
4385 19.76333046 -29 -20
4386 19.76333046 -27.66666985 -20
4387 19.76333046 -26.33333015 -20
4388 19.76333046 -25 -20
4389 19.76333046 -23.66666985 -20
4390 19.76333046 -22.33333015 -20
4391 19.76333046 -21 -20
4392 19.76333046 -19.66666985 -20
4393 19.76333046 -18.33333015 -20
4394 19.76333046 -17 -20
4395 19.76333046 -15.66666985 -20
4396 21.09667015 -33 -20
4397 21.09667015 -34.33332825 -20
4398 21.09667015 -31.66666985 -20
4399 21.09667015 -30.33333015 -20
4400 21.09667015 -29 -20
4401 21.09667015 -27.66666985 -20
4402 21.09667015 -26.33333015 -20
4403 21.09667015 -25 -20
4404 21.09667015 -23.66666985 -20
4405 21.09667015 -22.33333015 -20
4406 21.09667015 -21 -20
4407 21.09667015 -19.66666985 -20
4408 21.09667015 -18.33333015 -20
4409 21.09667015 -17 -20
4410 21.09667015 -15.66666985 -20
4411 22.43000031 -31.66666985 -20
4412 22.43000031 -33 -20
4413 22.43000031 -30.33333015 -20
4414 22.43000031 -29 -20
4415 22.43000031 -27.66666985 -20
4416 22.43000031 -26.33333015 -20
4417 22.43000031 -25 -20
4418 22.43000031 -23.66666985 -20
4419 22.43000031 -22.33333015 -20
4420 22.43000031 -21 -20
4421 22.43000031 -19.66666985 -20
4422 22.43000031 -18.33333015 -20
4423 22.43000031 -17 -20
4424 23.76333046 -30.33333015 -20
4425 23.76333046 -31.66666985 -20
4426 23.76333046 -29 -20
4427 23.76333046 -27.66666985 -20
4428 23.76333046 -26.33333015 -20
4429 23.76333046 -25 -20
4430 23.76333046 -23.66666985 -20
4431 23.76333046 -22.33333015 -20
4432 23.76333046 -21 -20
4433 23.76333046 -19.66666985 -20
4434 23.76333046 -18.33333015 -20
4435 25.09667015 -27.66666985 -20
4436 25.09667015 -29 -20
4437 25.09667015 -26.33333015 -20
4438 25.09667015 -25 -20
4439 25.09667015 -23.66666985 -20
4440 25.09667015 -22.33333015 -20
4441 25.09667015 -21 -20
4442 20.32983017 -23.90822029 9.263159752
4443 20.43000031 -25 9.263159752
4444 20.43000031 -25 10.63158035
4445 20.32983017 -23.90822029 10.63158035
4446 20.32983017 -23.90822029 7.894740105
4447 20.43000031 -25 7.894740105
4448 20.32983017 -23.90822029 6.526319981
4449 20.43000031 -25 6.526319981
4450 20.32983017 -23.90822029 5.157889843
4451 20.43000031 -25 5.157889843
4452 20.32983017 -23.90822029 3.789469957
4453 20.43000031 -25 3.789469957
4454 20.32983017 -23.90822029 2.421050072
4455 20.43000031 -25 2.421050072
4456 20.32983017 -23.90822029 1.052629948
4457 20.43000031 -25 1.052629948
4458 20.32983017 -23.90822029 -0.3157899976
4459 20.43000031 -25 -0.3157899976
4460 20.32983017 -23.90822029 -1.684209943
4461 20.43000031 -25 -1.684209943
4462 20.32983017 -23.90822029 -3.052629948
4463 20.43000031 -25 -3.052629948
4464 20.32983017 -23.90822029 -4.421050072
4465 20.43000031 -25 -4.421050072
4466 20.32983017 -23.90822029 -5.789470196
4467 20.43000031 -25 -5.789470196
4468 20.32983017 -23.90822029 -7.157889843
4469 20.43000031 -25 -7.157889843
4470 20.32983017 -23.90822029 -8.526320457
4471 20.43000031 -25 -8.526320457
4472 20.32983017 -23.90822029 -9.894740105
4473 20.43000031 -25 -9.894740105
4474 20.32983017 -23.90822029 -11.26315975
4475 20.43000031 -25 -11.26315975
4476 20.32983017 -23.90822029 -12.63158035
4477 20.43000031 -25 -12.63158035
4478 20.00872993 -22.79142952 9.263159752
4479 20.00872993 -22.79142952 10.63158035
4480 20.00872993 -22.79142952 7.894740105
4481 20.00872993 -22.79142952 6.526319981
4482 20.00872993 -22.79142952 5.157889843
4483 20.00872993 -22.79142952 3.789469957
4484 20.00872993 -22.79142952 2.421050072
4485 20.00872993 -22.79142952 1.052629948
4486 20.00872993 -22.79142952 -0.3157899976
4487 20.00872993 -22.79142952 -1.684209943
4488 20.00872993 -22.79142952 -3.052629948
4489 20.00872993 -22.79142952 -4.421050072
4490 20.00872993 -22.79142952 -5.789470196
4491 20.00872993 -22.79142952 -7.157889843
4492 20.00872993 -22.79142952 -8.526320457
4493 20.00872993 -22.79142952 -9.894740105
4494 20.00872993 -22.79142952 -11.26315975
4495 20.00872993 -22.79142952 -12.63158035
4496 19.45196915 -21.71673965 9.263159752
4497 19.45196915 -21.71673965 10.63158035
4498 19.45196915 -21.71673965 7.894740105
4499 19.45196915 -21.71673965 6.526319981
4500 19.45196915 -21.71673965 5.157889843
4501 19.45196915 -21.71673965 3.789469957
4502 19.45196915 -21.71673965 2.421050072
4503 19.45196915 -21.71673965 1.052629948
4504 19.45196915 -21.71673965 -0.3157899976
4505 19.45196915 -21.71673965 -1.684209943
4506 19.45196915 -21.71673965 -3.052629948
4507 19.45196915 -21.71673965 -4.421050072
4508 19.45196915 -21.71673965 -5.789470196
4509 19.45196915 -21.71673965 -7.157889843
4510 19.45196915 -21.71673965 -8.526320457
4511 19.45196915 -21.71673965 -9.894740105
4512 19.45196915 -21.71673965 -11.26315975
4513 19.45196915 -21.71673965 -12.63158035
4514 18.67263985 -20.75736046 9.263159752
4515 18.67263985 -20.75736046 10.63158035
4516 18.67263985 -20.75736046 7.894740105
4517 18.67263985 -20.75736046 6.526319981
4518 18.67263985 -20.75736046 5.157889843
4519 18.67263985 -20.75736046 3.789469957
4520 18.67263985 -20.75736046 2.421050072
4521 18.67263985 -20.75736046 1.052629948
4522 18.67263985 -20.75736046 -0.3157899976
4523 18.67263985 -20.75736046 -1.684209943
4524 18.67263985 -20.75736046 -3.052629948
4525 18.67263985 -20.75736046 -4.421050072
4526 18.67263985 -20.75736046 -5.789470196
4527 18.67263985 -20.75736046 -7.157889843
4528 18.67263985 -20.75736046 -8.526320457
4529 18.67263985 -20.75736046 -9.894740105
4530 18.67263985 -20.75736046 -11.26315975
4531 18.67263985 -20.75736046 -12.63158035
4532 17.71326065 -19.97802925 9.263159752
4533 17.71326065 -19.97802925 10.63158035
4534 17.71326065 -19.97802925 7.894740105
4535 17.71326065 -19.97802925 6.526319981
4536 17.71326065 -19.97802925 5.157889843
4537 17.71326065 -19.97802925 3.789469957
4538 17.71326065 -19.97802925 2.421050072
4539 17.71326065 -19.97802925 1.052629948
4540 17.71326065 -19.97802925 -0.3157899976
4541 17.71326065 -19.97802925 -1.684209943
4542 17.71326065 -19.97802925 -3.052629948
4543 17.71326065 -19.97802925 -4.421050072
4544 17.71326065 -19.97802925 -5.789470196
4545 17.71326065 -19.97802925 -7.157889843
4546 17.71326065 -19.97802925 -8.526320457
4547 17.71326065 -19.97802925 -9.894740105
4548 17.71326065 -19.97802925 -11.26315975
4549 17.71326065 -19.97802925 -12.63158035
4550 16.63857079 -19.42127037 9.263159752
4551 16.63857079 -19.42127037 10.63158035
4552 16.63857079 -19.42127037 7.894740105
4553 16.63857079 -19.42127037 6.526319981
4554 16.63857079 -19.42127037 5.157889843
4555 16.63857079 -19.42127037 3.789469957
4556 16.63857079 -19.42127037 2.421050072
4557 16.63857079 -19.42127037 1.052629948
4558 16.63857079 -19.42127037 -0.3157899976
4559 16.63857079 -19.42127037 -1.684209943
4560 16.63857079 -19.42127037 -3.052629948
4561 16.63857079 -19.42127037 -4.421050072
4562 16.63857079 -19.42127037 -5.789470196
4563 16.63857079 -19.42127037 -7.157889843
4564 16.63857079 -19.42127037 -8.526320457
4565 16.63857079 -19.42127037 -9.894740105
4566 16.63857079 -19.42127037 -11.26315975
4567 16.63857079 -19.42127037 -12.63158035
4568 15.52178001 -19.10017014 9.263159752
4569 15.52178001 -19.10017014 10.63158035
4570 15.52178001 -19.10017014 7.894740105
4571 15.52178001 -19.10017014 6.526319981
4572 15.52178001 -19.10017014 5.157889843
4573 15.52178001 -19.10017014 3.789469957
4574 15.52178001 -19.10017014 2.421050072
4575 15.52178001 -19.10017014 1.052629948
4576 15.52178001 -19.10017014 -0.3157899976
4577 15.52178001 -19.10017014 -1.684209943
4578 15.52178001 -19.10017014 -3.052629948
4579 15.52178001 -19.10017014 -4.421050072
4580 15.52178001 -19.10017014 -5.789470196
4581 15.52178001 -19.10017014 -7.157889843
4582 15.52178001 -19.10017014 -8.526320457
4583 15.52178001 -19.10017014 -9.894740105
4584 15.52178001 -19.10017014 -11.26315975
4585 15.52178001 -19.10017014 -12.63158035
4586 14.43000031 -19 9.263159752
4587 14.43000031 -19 10.63158035
4588 14.43000031 -19 7.894740105
4589 14.43000031 -19 6.526319981
4590 14.43000031 -19 5.157889843
4591 14.43000031 -19 3.789469957
4592 14.43000031 -19 2.421050072
4593 14.43000031 -19 1.052629948
4594 14.43000031 -19 -0.3157899976
4595 14.43000031 -19 -1.684209943
4596 14.43000031 -19 -3.052629948
4597 14.43000031 -19 -4.421050072
4598 14.43000031 -19 -5.789470196
4599 14.43000031 -19 -7.157889843
4600 14.43000031 -19 -8.526320457
4601 14.43000031 -19 -9.894740105
4602 14.43000031 -19 -11.26315975
4603 14.43000031 -19 -12.63158035
4604 13.33821964 -19.10017014 9.263159752
4605 13.33821964 -19.10017014 10.63158035
4606 13.33821964 -19.10017014 7.894740105
4607 13.33821964 -19.10017014 6.526319981
4608 13.33821964 -19.10017014 5.157889843
4609 13.33821964 -19.10017014 3.789469957
4610 13.33821964 -19.10017014 2.421050072
4611 13.33821964 -19.10017014 1.052629948
4612 13.33821964 -19.10017014 -0.3157899976
4613 13.33821964 -19.10017014 -1.684209943
4614 13.33821964 -19.10017014 -3.052629948
4615 13.33821964 -19.10017014 -4.421050072
4616 13.33821964 -19.10017014 -5.789470196
4617 13.33821964 -19.10017014 -7.157889843
4618 13.33821964 -19.10017014 -8.526320457
4619 13.33821964 -19.10017014 -9.894740105
4620 13.33821964 -19.10017014 -11.26315975
4621 13.33821964 -19.10017014 -12.63158035
4622 12.22142982 -19.42127037 9.263159752
4623 12.22142982 -19.42127037 10.63158035
4624 12.22142982 -19.42127037 7.894740105
4625 12.22142982 -19.42127037 6.526319981
4626 12.22142982 -19.42127037 5.157889843
4627 12.22142982 -19.42127037 3.789469957
4628 12.22142982 -19.42127037 2.421050072
4629 12.22142982 -19.42127037 1.052629948
4630 12.22142982 -19.42127037 -0.3157899976
4631 12.22142982 -19.42127037 -1.684209943
4632 12.22142982 -19.42127037 -3.052629948
4633 12.22142982 -19.42127037 -4.421050072
4634 12.22142982 -19.42127037 -5.789470196
4635 12.22142982 -19.42127037 -7.157889843
4636 12.22142982 -19.42127037 -8.526320457
4637 12.22142982 -19.42127037 -9.894740105
4638 12.22142982 -19.42127037 -11.26315975
4639 12.22142982 -19.42127037 -12.63158035
4640 11.14673996 -19.97802925 9.263159752
4641 11.14673996 -19.97802925 10.63158035
4642 11.14673996 -19.97802925 7.894740105
4643 11.14673996 -19.97802925 6.526319981
4644 11.14673996 -19.97802925 5.157889843
4645 11.14673996 -19.97802925 3.789469957
4646 11.14673996 -19.97802925 2.421050072
4647 11.14673996 -19.97802925 1.052629948
4648 11.14673996 -19.97802925 -0.3157899976
4649 11.14673996 -19.97802925 -1.684209943
4650 11.14673996 -19.97802925 -3.052629948
4651 11.14673996 -19.97802925 -4.421050072
4652 11.14673996 -19.97802925 -5.789470196
4653 11.14673996 -19.97802925 -7.157889843
4654 11.14673996 -19.97802925 -8.526320457
4655 11.14673996 -19.97802925 -9.894740105
4656 11.14673996 -19.97802925 -11.26315975
4657 11.14673996 -19.97802925 -12.63158035
4658 10.18735981 -20.75736046 9.263159752
4659 10.18735981 -20.75736046 10.63158035
4660 10.18735981 -20.75736046 7.894740105
4661 10.18735981 -20.75736046 6.526319981
4662 10.18735981 -20.75736046 5.157889843
4663 10.18735981 -20.75736046 3.789469957
4664 10.18735981 -20.75736046 2.421050072
4665 10.18735981 -20.75736046 1.052629948
4666 10.18735981 -20.75736046 -0.3157899976
4667 10.18735981 -20.75736046 -1.684209943
4668 10.18735981 -20.75736046 -3.052629948
4669 10.18735981 -20.75736046 -4.421050072
4670 10.18735981 -20.75736046 -5.789470196
4671 10.18735981 -20.75736046 -7.157889843
4672 10.18735981 -20.75736046 -8.526320457
4673 10.18735981 -20.75736046 -9.894740105
4674 10.18735981 -20.75736046 -11.26315975
4675 10.18735981 -20.75736046 -12.63158035
4676 9.408029556 -21.71673965 9.263159752
4677 9.408029556 -21.71673965 10.63158035
4678 9.408029556 -21.71673965 7.894740105
4679 9.408029556 -21.71673965 6.526319981
4680 9.408029556 -21.71673965 5.157889843
4681 9.408029556 -21.71673965 3.789469957
4682 9.408029556 -21.71673965 2.421050072
4683 9.408029556 -21.71673965 1.052629948
4684 9.408029556 -21.71673965 -0.3157899976
4685 9.408029556 -21.71673965 -1.684209943
4686 9.408029556 -21.71673965 -3.052629948
4687 9.408029556 -21.71673965 -4.421050072
4688 9.408029556 -21.71673965 -5.789470196
4689 9.408029556 -21.71673965 -7.157889843
4690 9.408029556 -21.71673965 -8.526320457
4691 9.408029556 -21.71673965 -9.894740105
4692 9.408029556 -21.71673965 -11.26315975
4693 9.408029556 -21.71673965 -12.63158035
4694 8.851269722 -22.79142952 9.263159752
4695 8.851269722 -22.79142952 10.63158035
4696 8.851269722 -22.79142952 7.894740105
4697 8.851269722 -22.79142952 6.526319981
4698 8.851269722 -22.79142952 5.157889843
4699 8.851269722 -22.79142952 3.789469957
4700 8.851269722 -22.79142952 2.421050072
4701 8.851269722 -22.79142952 1.052629948
4702 8.851269722 -22.79142952 -0.3157899976
4703 8.851269722 -22.79142952 -1.684209943
4704 8.851269722 -22.79142952 -3.052629948
4705 8.851269722 -22.79142952 -4.421050072
4706 8.851269722 -22.79142952 -5.789470196
4707 8.851269722 -22.79142952 -7.157889843
4708 8.851269722 -22.79142952 -8.526320457
4709 8.851269722 -22.79142952 -9.894740105
4710 8.851269722 -22.79142952 -11.26315975
4711 8.851269722 -22.79142952 -12.63158035
4712 8.530170441 -23.90822029 9.263159752
4713 8.530170441 -23.90822029 10.63158035
4714 8.530170441 -23.90822029 7.894740105
4715 8.530170441 -23.90822029 6.526319981
4716 8.530170441 -23.90822029 5.157889843
4717 8.530170441 -23.90822029 3.789469957
4718 8.530170441 -23.90822029 2.421050072
4719 8.530170441 -23.90822029 1.052629948
4720 8.530170441 -23.90822029 -0.3157899976
4721 8.530170441 -23.90822029 -1.684209943
4722 8.530170441 -23.90822029 -3.052629948
4723 8.530170441 -23.90822029 -4.421050072
4724 8.530170441 -23.90822029 -5.789470196
4725 8.530170441 -23.90822029 -7.157889843
4726 8.530170441 -23.90822029 -8.526320457
4727 8.530170441 -23.90822029 -9.894740105
4728 8.530170441 -23.90822029 -11.26315975
4729 8.530170441 -23.90822029 -12.63158035
4730 8.430000305 -25 9.263159752
4731 8.430000305 -25 10.63158035
4732 8.430000305 -25 7.894740105
4733 8.430000305 -25 6.526319981
4734 8.430000305 -25 5.157889843
4735 8.430000305 -25 3.789469957
4736 8.430000305 -25 2.421050072
4737 8.430000305 -25 1.052629948
4738 8.430000305 -25 -0.3157899976
4739 8.430000305 -25 -1.684209943
4740 8.430000305 -25 -3.052629948
4741 8.430000305 -25 -4.421050072
4742 8.430000305 -25 -5.789470196
4743 8.430000305 -25 -7.157889843
4744 8.430000305 -25 -8.526320457
4745 8.430000305 -25 -9.894740105
4746 8.430000305 -25 -11.26315975
4747 8.430000305 -25 -12.63158035
4748 8.530170441 -26.09177971 9.263159752
4749 8.530170441 -26.09177971 10.63158035
4750 8.530170441 -26.09177971 7.894740105
4751 8.530170441 -26.09177971 6.526319981
4752 8.530170441 -26.09177971 5.157889843
4753 8.530170441 -26.09177971 3.789469957
4754 8.530170441 -26.09177971 2.421050072
4755 8.530170441 -26.09177971 1.052629948
4756 8.530170441 -26.09177971 -0.3157899976
4757 8.530170441 -26.09177971 -1.684209943
4758 8.530170441 -26.09177971 -3.052629948
4759 8.530170441 -26.09177971 -4.421050072
4760 8.530170441 -26.09177971 -5.789470196
4761 8.530170441 -26.09177971 -7.157889843
4762 8.530170441 -26.09177971 -8.526320457
4763 8.530170441 -26.09177971 -9.894740105
4764 8.530170441 -26.09177971 -11.26315975
4765 8.530170441 -26.09177971 -12.63158035
4766 8.851269722 -27.20857048 9.263159752
4767 8.851269722 -27.20857048 10.63158035
4768 8.851269722 -27.20857048 7.894740105
4769 8.851269722 -27.20857048 6.526319981
4770 8.851269722 -27.20857048 5.157889843
4771 8.851269722 -27.20857048 3.789469957
4772 8.851269722 -27.20857048 2.421050072
4773 8.851269722 -27.20857048 1.052629948
4774 8.851269722 -27.20857048 -0.3157899976
4775 8.851269722 -27.20857048 -1.684209943
4776 8.851269722 -27.20857048 -3.052629948
4777 8.851269722 -27.20857048 -4.421050072
4778 8.851269722 -27.20857048 -5.789470196
4779 8.851269722 -27.20857048 -7.157889843
4780 8.851269722 -27.20857048 -8.526320457
4781 8.851269722 -27.20857048 -9.894740105
4782 8.851269722 -27.20857048 -11.26315975
4783 8.851269722 -27.20857048 -12.63158035
4784 9.408029556 -28.28326035 9.263159752
4785 9.408029556 -28.28326035 10.63158035
4786 9.408029556 -28.28326035 7.894740105
4787 9.408029556 -28.28326035 6.526319981
4788 9.408029556 -28.28326035 5.157889843
4789 9.408029556 -28.28326035 3.789469957
4790 9.408029556 -28.28326035 2.421050072
4791 9.408029556 -28.28326035 1.052629948
4792 9.408029556 -28.28326035 -0.3157899976
4793 9.408029556 -28.28326035 -1.684209943
4794 9.408029556 -28.28326035 -3.052629948
4795 9.408029556 -28.28326035 -4.421050072
4796 9.408029556 -28.28326035 -5.789470196
4797 9.408029556 -28.28326035 -7.157889843
4798 9.408029556 -28.28326035 -8.526320457
4799 9.408029556 -28.28326035 -9.894740105
4800 9.408029556 -28.28326035 -11.26315975
4801 9.408029556 -28.28326035 -12.63158035
4802 10.18735981 -29.24263954 9.263159752
4803 10.18735981 -29.24263954 10.63158035
4804 10.18735981 -29.24263954 7.894740105
4805 10.18735981 -29.24263954 6.526319981
4806 10.18735981 -29.24263954 5.157889843
4807 10.18735981 -29.24263954 3.789469957
4808 10.18735981 -29.24263954 2.421050072
4809 10.18735981 -29.24263954 1.052629948
4810 10.18735981 -29.24263954 -0.3157899976
4811 10.18735981 -29.24263954 -1.684209943
4812 10.18735981 -29.24263954 -3.052629948
4813 10.18735981 -29.24263954 -4.421050072
4814 10.18735981 -29.24263954 -5.789470196
4815 10.18735981 -29.24263954 -7.157889843
4816 10.18735981 -29.24263954 -8.526320457
4817 10.18735981 -29.24263954 -9.894740105
4818 10.18735981 -29.24263954 -11.26315975
4819 10.18735981 -29.24263954 -12.63158035
4820 11.14673996 -30.02197075 9.263159752
4821 11.14673996 -30.02197075 10.63158035
4822 11.14673996 -30.02197075 7.894740105
4823 11.14673996 -30.02197075 6.526319981
4824 11.14673996 -30.02197075 5.157889843
4825 11.14673996 -30.02197075 3.789469957
4826 11.14673996 -30.02197075 2.421050072
4827 11.14673996 -30.02197075 1.052629948
4828 11.14673996 -30.02197075 -0.3157899976
4829 11.14673996 -30.02197075 -1.684209943
4830 11.14673996 -30.02197075 -3.052629948
4831 11.14673996 -30.02197075 -4.421050072
4832 11.14673996 -30.02197075 -5.789470196
4833 11.14673996 -30.02197075 -7.157889843
4834 11.14673996 -30.02197075 -8.526320457
4835 11.14673996 -30.02197075 -9.894740105
4836 11.14673996 -30.02197075 -11.26315975
4837 11.14673996 -30.02197075 -12.63158035
4838 12.22142982 -30.57872963 9.263159752
4839 12.22142982 -30.57872963 10.63158035
4840 12.22142982 -30.57872963 7.894740105
4841 12.22142982 -30.57872963 6.526319981
4842 12.22142982 -30.57872963 5.157889843
4843 12.22142982 -30.57872963 3.789469957
4844 12.22142982 -30.57872963 2.421050072
4845 12.22142982 -30.57872963 1.052629948
4846 12.22142982 -30.57872963 -0.3157899976
4847 12.22142982 -30.57872963 -1.684209943
4848 12.22142982 -30.57872963 -3.052629948
4849 12.22142982 -30.57872963 -4.421050072
4850 12.22142982 -30.57872963 -5.789470196
4851 12.22142982 -30.57872963 -7.157889843
4852 12.22142982 -30.57872963 -8.526320457
4853 12.22142982 -30.57872963 -9.894740105
4854 12.22142982 -30.57872963 -11.26315975
4855 12.22142982 -30.57872963 -12.63158035
4856 13.33821964 -30.89982986 9.263159752
4857 13.33821964 -30.89982986 10.63158035
4858 13.33821964 -30.89982986 7.894740105
4859 13.33821964 -30.89982986 6.526319981
4860 13.33821964 -30.89982986 5.157889843
4861 13.33821964 -30.89982986 3.789469957
4862 13.33821964 -30.89982986 2.421050072
4863 13.33821964 -30.89982986 1.052629948
4864 13.33821964 -30.89982986 -0.3157899976
4865 13.33821964 -30.89982986 -1.684209943
4866 13.33821964 -30.89982986 -3.052629948
4867 13.33821964 -30.89982986 -4.421050072
4868 13.33821964 -30.89982986 -5.789470196
4869 13.33821964 -30.89982986 -7.157889843
4870 13.33821964 -30.89982986 -8.526320457
4871 13.33821964 -30.89982986 -9.894740105
4872 13.33821964 -30.89982986 -11.26315975
4873 13.33821964 -30.89982986 -12.63158035
4874 14.43000031 -31 9.263159752
4875 14.43000031 -31 10.63158035
4876 14.43000031 -31 7.894740105
4877 14.43000031 -31 6.526319981
4878 14.43000031 -31 5.157889843
4879 14.43000031 -31 3.789469957
4880 14.43000031 -31 2.421050072
4881 14.43000031 -31 1.052629948
4882 14.43000031 -31 -0.3157899976
4883 14.43000031 -31 -1.684209943
4884 14.43000031 -31 -3.052629948
4885 14.43000031 -31 -4.421050072
4886 14.43000031 -31 -5.789470196
4887 14.43000031 -31 -7.157889843
4888 14.43000031 -31 -8.526320457
4889 14.43000031 -31 -9.894740105
4890 14.43000031 -31 -11.26315975
4891 14.43000031 -31 -12.63158035
4892 15.52178001 -30.89982986 9.263159752
4893 15.52178001 -30.89982986 10.63158035
4894 15.52178001 -30.89982986 7.894740105
4895 15.52178001 -30.89982986 6.526319981
4896 15.52178001 -30.89982986 5.157889843
4897 15.52178001 -30.89982986 3.789469957
4898 15.52178001 -30.89982986 2.421050072
4899 15.52178001 -30.89982986 1.052629948
4900 15.52178001 -30.89982986 -0.3157899976
4901 15.52178001 -30.89982986 -1.684209943
4902 15.52178001 -30.89982986 -3.052629948
4903 15.52178001 -30.89982986 -4.421050072
4904 15.52178001 -30.89982986 -5.789470196
4905 15.52178001 -30.89982986 -7.157889843
4906 15.52178001 -30.89982986 -8.526320457
4907 15.52178001 -30.89982986 -9.894740105
4908 15.52178001 -30.89982986 -11.26315975
4909 15.52178001 -30.89982986 -12.63158035
4910 16.63857079 -30.57872963 9.263159752
4911 16.63857079 -30.57872963 10.63158035
4912 16.63857079 -30.57872963 7.894740105
4913 16.63857079 -30.57872963 6.526319981
4914 16.63857079 -30.57872963 5.157889843
4915 16.63857079 -30.57872963 3.789469957
4916 16.63857079 -30.57872963 2.421050072
4917 16.63857079 -30.57872963 1.052629948
4918 16.63857079 -30.57872963 -0.3157899976
4919 16.63857079 -30.57872963 -1.684209943
4920 16.63857079 -30.57872963 -3.052629948
4921 16.63857079 -30.57872963 -4.421050072
4922 16.63857079 -30.57872963 -5.789470196
4923 16.63857079 -30.57872963 -7.157889843
4924 16.63857079 -30.57872963 -8.526320457
4925 16.63857079 -30.57872963 -9.894740105
4926 16.63857079 -30.57872963 -11.26315975
4927 16.63857079 -30.57872963 -12.63158035
4928 17.71326065 -30.02197075 9.263159752
4929 17.71326065 -30.02197075 10.63158035
4930 17.71326065 -30.02197075 7.894740105
4931 17.71326065 -30.02197075 6.526319981
4932 17.71326065 -30.02197075 5.157889843
4933 17.71326065 -30.02197075 3.789469957
4934 17.71326065 -30.02197075 2.421050072
4935 17.71326065 -30.02197075 1.052629948
4936 17.71326065 -30.02197075 -0.3157899976
4937 17.71326065 -30.02197075 -1.684209943
4938 17.71326065 -30.02197075 -3.052629948
4939 17.71326065 -30.02197075 -4.421050072
4940 17.71326065 -30.02197075 -5.789470196
4941 17.71326065 -30.02197075 -7.157889843
4942 17.71326065 -30.02197075 -8.526320457
4943 17.71326065 -30.02197075 -9.894740105
4944 17.71326065 -30.02197075 -11.26315975
4945 17.71326065 -30.02197075 -12.63158035
4946 18.67263985 -29.24263954 9.263159752
4947 18.67263985 -29.24263954 10.63158035
4948 18.67263985 -29.24263954 7.894740105
4949 18.67263985 -29.24263954 6.526319981
4950 18.67263985 -29.24263954 5.157889843
4951 18.67263985 -29.24263954 3.789469957
4952 18.67263985 -29.24263954 2.421050072
4953 18.67263985 -29.24263954 1.052629948
4954 18.67263985 -29.24263954 -0.3157899976
4955 18.67263985 -29.24263954 -1.684209943
4956 18.67263985 -29.24263954 -3.052629948
4957 18.67263985 -29.24263954 -4.421050072
4958 18.67263985 -29.24263954 -5.789470196
4959 18.67263985 -29.24263954 -7.157889843
4960 18.67263985 -29.24263954 -8.526320457
4961 18.67263985 -29.24263954 -9.894740105
4962 18.67263985 -29.24263954 -11.26315975
4963 18.67263985 -29.24263954 -12.63158035
4964 19.45196915 -28.28326035 9.263159752
4965 19.45196915 -28.28326035 10.63158035
4966 19.45196915 -28.28326035 7.894740105
4967 19.45196915 -28.28326035 6.526319981
4968 19.45196915 -28.28326035 5.157889843
4969 19.45196915 -28.28326035 3.789469957
4970 19.45196915 -28.28326035 2.421050072
4971 19.45196915 -28.28326035 1.052629948
4972 19.45196915 -28.28326035 -0.3157899976
4973 19.45196915 -28.28326035 -1.684209943
4974 19.45196915 -28.28326035 -3.052629948
4975 19.45196915 -28.28326035 -4.421050072
4976 19.45196915 -28.28326035 -5.789470196
4977 19.45196915 -28.28326035 -7.157889843
4978 19.45196915 -28.28326035 -8.526320457
4979 19.45196915 -28.28326035 -9.894740105
4980 19.45196915 -28.28326035 -11.26315975
4981 19.45196915 -28.28326035 -12.63158035
4982 20.00872993 -27.20857048 9.263159752
4983 20.00872993 -27.20857048 10.63158035
4984 20.00872993 -27.20857048 7.894740105
4985 20.00872993 -27.20857048 6.526319981
4986 20.00872993 -27.20857048 5.157889843
4987 20.00872993 -27.20857048 3.789469957
4988 20.00872993 -27.20857048 2.421050072
4989 20.00872993 -27.20857048 1.052629948
4990 20.00872993 -27.20857048 -0.3157899976
4991 20.00872993 -27.20857048 -1.684209943
4992 20.00872993 -27.20857048 -3.052629948
4993 20.00872993 -27.20857048 -4.421050072
4994 20.00872993 -27.20857048 -5.789470196
4995 20.00872993 -27.20857048 -7.157889843
4996 20.00872993 -27.20857048 -8.526320457
4997 20.00872993 -27.20857048 -9.894740105
4998 20.00872993 -27.20857048 -11.26315975
4999 20.00872993 -27.20857048 -12.63158035
5000 20.32983017 -26.09177971 9.263159752
5001 20.32983017 -26.09177971 10.63158035
5002 20.32983017 -26.09177971 7.894740105
5003 20.32983017 -26.09177971 6.526319981
5004 20.32983017 -26.09177971 5.157889843
5005 20.32983017 -26.09177971 3.789469957
5006 20.32983017 -26.09177971 2.421050072
5007 20.32983017 -26.09177971 1.052629948
5008 20.32983017 -26.09177971 -0.3157899976
5009 20.32983017 -26.09177971 -1.684209943
5010 20.32983017 -26.09177971 -3.052629948
5011 20.32983017 -26.09177971 -4.421050072
5012 20.32983017 -26.09177971 -5.789470196
5013 20.32983017 -26.09177971 -7.157889843
5014 20.32983017 -26.09177971 -8.526320457
5015 20.32983017 -26.09177971 -9.894740105
5016 20.32983017 -26.09177971 -11.26315975
5017 20.32983017 -26.09177971 -12.63158035
5018 20.32983017 -23.90822029 12
5019 20.43000031 -25 12
5020 19.45196915 -21.71673965 12
5021 20.00872993 -22.79142952 12
5022 17.71326065 -19.97802925 12
5023 18.67263985 -20.75736046 12
5024 15.52178001 -19.10017014 12
5025 16.63857079 -19.42127037 12
5026 14.43000031 -19 12
5027 13.33821964 -19.10017014 12
5028 11.14673996 -19.97802925 12
5029 12.22142982 -19.42127037 12
5030 9.408029556 -21.71673965 12
5031 10.18735981 -20.75736046 12
5032 8.530170441 -23.90822029 12
5033 8.851269722 -22.79142952 12
5034 8.430000305 -25 12
5035 8.530170441 -26.09177971 12
5036 8.851269722 -27.20857048 12
5037 10.18735981 -29.24263954 12
5038 9.408029556 -28.28326035 12
5039 12.22142982 -30.57872963 12
5040 11.14673996 -30.02197075 12
5041 13.33821964 -30.89982986 12
5042 14.43000031 -31 12
5043 16.63857079 -30.57872963 12
5044 15.52178001 -30.89982986 12
5045 18.67263985 -29.24263954 12
5046 17.71326065 -30.02197075 12
5047 20.00872993 -27.20857048 12
5048 19.45196915 -28.28326035 12
5049 20.32983017 -26.09177971 12
5050 11.09667015 -27 12
5051 11.09667015 -28.33333015 12
5052 9.76333046 -28.33333015 12
5053 9.76333046 -27 12
5054 11.09667015 -25.66666985 12
5055 9.76333046 -25.66666985 12
5056 11.09667015 -24.33333015 12
5057 9.76333046 -24.33333015 12
5058 11.09667015 -23 12
5059 9.76333046 -23 12
5060 11.09667015 -21.66666985 12
5061 9.76333046 -21.66666985 12
5062 12.43000031 -28.33333015 12
5063 12.43000031 -29.66666985 12
5064 11.09667015 -29.66666985 12
5065 12.43000031 -27 12
5066 12.43000031 -25.66666985 12
5067 12.43000031 -24.33333015 12
5068 12.43000031 -23 12
5069 12.43000031 -21.66666985 12
5070 12.43000031 -20.33333015 12
5071 11.09667015 -20.33333015 12
5072 13.76333046 -28.33333015 12
5073 13.76333046 -29.66666985 12
5074 13.76333046 -27 12
5075 13.76333046 -25.66666985 12
5076 13.76333046 -24.33333015 12
5077 13.76333046 -23 12
5078 13.76333046 -21.66666985 12
5079 13.76333046 -20.33333015 12
5080 15.09667015 -28.33333015 12
5081 15.09667015 -29.66666985 12
5082 15.09667015 -27 12
5083 15.09667015 -25.66666985 12
5084 15.09667015 -24.33333015 12
5085 15.09667015 -23 12
5086 15.09667015 -21.66666985 12
5087 15.09667015 -20.33333015 12
5088 16.43000031 -28.33333015 12
5089 16.43000031 -29.66666985 12
5090 16.43000031 -27 12
5091 16.43000031 -25.66666985 12
5092 16.43000031 -24.33333015 12
5093 16.43000031 -23 12
5094 16.43000031 -21.66666985 12
5095 16.43000031 -20.33333015 12
5096 17.76333046 -28.33333015 12
5097 17.76333046 -29.66666985 12
5098 17.76333046 -27 12
5099 17.76333046 -25.66666985 12
5100 17.76333046 -24.33333015 12
5101 17.76333046 -23 12
5102 17.76333046 -21.66666985 12
5103 17.76333046 -20.33333015 12
5104 19.09667015 -27 12
5105 19.09667015 -28.33333015 12
5106 19.09667015 -25.66666985 12
5107 19.09667015 -24.33333015 12
5108 19.09667015 -23 12
5109 19.09667015 -21.66666985 12
$EndNodes
$Elements
11444
1 2 2 1 1 1 2 3
2 2 2 1 1 1 3 4
3 2 2 1 1 5 6 2
4 2 2 1 1 5 2 1
5 2 2 1 1 7 8 6
6 2 2 1 1 7 6 5
7 2 2 1 1 9 10 8
8 2 2 1 1 9 8 7
9 2 2 1 1 11 12 10
10 2 2 1 1 11 10 9
11 2 2 1 1 13 14 12
12 2 2 1 1 13 12 11
13 2 2 1 1 15 16 14
14 2 2 1 1 15 14 13
15 2 2 1 1 17 18 16
16 2 2 1 1 17 16 15
17 2 2 1 1 19 20 18
18 2 2 1 1 19 18 17
19 2 2 1 1 21 22 20
20 2 2 1 1 21 20 19
21 2 2 1 1 23 24 22
22 2 2 1 1 23 22 21
23 2 2 1 1 25 26 24
24 2 2 1 1 25 24 23
25 2 2 1 1 27 28 26
26 2 2 1 1 27 26 25
27 2 2 1 1 29 30 28
28 2 2 1 1 29 28 27
29 2 2 1 1 31 32 30
30 2 2 1 1 31 30 29
31 2 2 1 1 33 34 32
32 2 2 1 1 33 32 31
33 2 2 1 1 35 36 34
34 2 2 1 1 35 34 33
35 2 2 1 1 37 38 36
36 2 2 1 1 37 36 35
37 2 2 1 1 39 40 38
38 2 2 1 1 39 38 37
39 2 2 1 1 41 42 40
40 2 2 1 1 41 40 39
41 2 2 1 1 43 44 42
42 2 2 1 1 43 42 41
43 2 2 1 1 45 1 4
44 2 2 1 1 45 4 46
45 2 2 1 1 47 5 1
46 2 2 1 1 47 1 45
47 2 2 1 1 48 7 5
48 2 2 1 1 48 5 47
49 2 2 1 1 49 9 7
50 2 2 1 1 49 7 48
51 2 2 1 1 50 11 9
52 2 2 1 1 50 9 49
53 2 2 1 1 51 13 11
54 2 2 1 1 51 11 50
55 2 2 1 1 52 15 13
56 2 2 1 1 52 13 51
57 2 2 1 1 53 17 15
58 2 2 1 1 53 15 52
59 2 2 1 1 54 19 17
60 2 2 1 1 54 17 53
61 2 2 1 1 55 21 19
62 2 2 1 1 55 19 54
63 2 2 1 1 56 23 21
64 2 2 1 1 56 21 55
65 2 2 1 1 57 25 23
66 2 2 1 1 57 23 56
67 2 2 1 1 58 27 25
68 2 2 1 1 58 25 57
69 2 2 1 1 59 29 27
70 2 2 1 1 59 27 58
71 2 2 1 1 60 31 29
72 2 2 1 1 60 29 59
73 2 2 1 1 61 33 31
74 2 2 1 1 61 31 60
75 2 2 1 1 62 35 33
76 2 2 1 1 62 33 61
77 2 2 1 1 63 37 35
78 2 2 1 1 63 35 62
79 2 2 1 1 64 39 37
80 2 2 1 1 64 37 63
81 2 2 1 1 65 41 39
82 2 2 1 1 65 39 64
83 2 2 1 1 66 43 41
84 2 2 1 1 66 41 65
85 2 2 1 1 67 45 46
86 2 2 1 1 67 46 68
87 2 2 1 1 69 47 45
88 2 2 1 1 69 45 67
89 2 2 1 1 70 48 47
90 2 2 1 1 70 47 69
91 2 2 1 1 71 49 48
92 2 2 1 1 71 48 70
93 2 2 1 1 72 50 49
94 2 2 1 1 72 49 71
95 2 2 1 1 73 51 50
96 2 2 1 1 73 50 72
97 2 2 1 1 74 52 51
98 2 2 1 1 74 51 73
99 2 2 1 1 75 53 52
100 2 2 1 1 75 52 74
101 2 2 1 1 76 54 53
102 2 2 1 1 76 53 75
103 2 2 1 1 77 55 54
104 2 2 1 1 77 54 76
105 2 2 1 1 78 56 55
106 2 2 1 1 78 55 77
107 2 2 1 1 79 57 56
108 2 2 1 1 79 56 78
109 2 2 1 1 80 58 57
110 2 2 1 1 80 57 79
111 2 2 1 1 81 59 58
112 2 2 1 1 81 58 80
113 2 2 1 1 82 60 59
114 2 2 1 1 82 59 81
115 2 2 1 1 83 61 60
116 2 2 1 1 83 60 82
117 2 2 1 1 84 62 61
118 2 2 1 1 84 61 83
119 2 2 1 1 85 63 62
120 2 2 1 1 85 62 84
121 2 2 1 1 86 64 63
122 2 2 1 1 86 63 85
123 2 2 1 1 87 65 64
124 2 2 1 1 87 64 86
125 2 2 1 1 88 66 65
126 2 2 1 1 88 65 87
127 2 2 1 1 89 67 68
128 2 2 1 1 89 68 90
129 2 2 1 1 91 69 67
130 2 2 1 1 91 67 89
131 2 2 1 1 92 70 69
132 2 2 1 1 92 69 91
133 2 2 1 1 93 71 70
134 2 2 1 1 93 70 92
135 2 2 1 1 94 72 71
136 2 2 1 1 94 71 93
137 2 2 1 1 95 73 72
138 2 2 1 1 95 72 94
139 2 2 1 1 96 74 73
140 2 2 1 1 96 73 95
141 2 2 1 1 97 75 74
142 2 2 1 1 97 74 96
143 2 2 1 1 98 76 75
144 2 2 1 1 98 75 97
145 2 2 1 1 99 77 76
146 2 2 1 1 99 76 98
147 2 2 1 1 100 78 77
148 2 2 1 1 100 77 99
149 2 2 1 1 101 79 78
150 2 2 1 1 101 78 100
151 2 2 1 1 102 80 79
152 2 2 1 1 102 79 101
153 2 2 1 1 103 81 80
154 2 2 1 1 103 80 102
155 2 2 1 1 104 82 81
156 2 2 1 1 104 81 103
157 2 2 1 1 105 83 82
158 2 2 1 1 105 82 104
159 2 2 1 1 106 84 83
160 2 2 1 1 106 83 105
161 2 2 1 1 107 85 84
162 2 2 1 1 107 84 106
163 2 2 1 1 108 86 85
164 2 2 1 1 108 85 107
165 2 2 1 1 109 87 86
166 2 2 1 1 109 86 108
167 2 2 1 1 110 88 87
168 2 2 1 1 110 87 109
169 2 2 1 1 111 89 90
170 2 2 1 1 111 90 112
171 2 2 1 1 113 91 89
172 2 2 1 1 113 89 111
173 2 2 1 1 114 92 91
174 2 2 1 1 114 91 113
175 2 2 1 1 115 93 92
176 2 2 1 1 115 92 114
177 2 2 1 1 116 94 93
178 2 2 1 1 116 93 115
179 2 2 1 1 117 95 94
180 2 2 1 1 117 94 116
181 2 2 1 1 118 96 95
182 2 2 1 1 118 95 117
183 2 2 1 1 119 97 96
184 2 2 1 1 119 96 118
185 2 2 1 1 120 98 97
186 2 2 1 1 120 97 119
187 2 2 1 1 121 99 98
188 2 2 1 1 121 98 120
189 2 2 1 1 122 100 99
190 2 2 1 1 122 99 121
191 2 2 1 1 123 101 100
192 2 2 1 1 123 100 122
193 2 2 1 1 124 102 101
194 2 2 1 1 124 101 123
195 2 2 1 1 125 103 102
196 2 2 1 1 125 102 124
197 2 2 1 1 126 104 103
198 2 2 1 1 126 103 125
199 2 2 1 1 127 105 104
200 2 2 1 1 127 104 126
201 2 2 1 1 128 106 105
202 2 2 1 1 128 105 127
203 2 2 1 1 129 107 106
204 2 2 1 1 129 106 128
205 2 2 1 1 130 108 107
206 2 2 1 1 130 107 129
207 2 2 1 1 131 109 108
208 2 2 1 1 131 108 130
209 2 2 1 1 132 110 109
210 2 2 1 1 132 109 131
211 2 2 1 1 133 111 112
212 2 2 1 1 133 112 134
213 2 2 1 1 135 113 111
214 2 2 1 1 135 111 133
215 2 2 1 1 136 114 113
216 2 2 1 1 136 113 135
217 2 2 1 1 137 115 114
218 2 2 1 1 137 114 136
219 2 2 1 1 138 116 115
220 2 2 1 1 138 115 137
221 2 2 1 1 139 117 116
222 2 2 1 1 139 116 138
223 2 2 1 1 140 118 117
224 2 2 1 1 140 117 139
225 2 2 1 1 141 119 118
226 2 2 1 1 141 118 140
227 2 2 1 1 142 120 119
228 2 2 1 1 142 119 141
229 2 2 1 1 143 121 120
230 2 2 1 1 143 120 142
231 2 2 1 1 144 122 121
232 2 2 1 1 144 121 143
233 2 2 1 1 145 123 122
234 2 2 1 1 145 122 144
235 2 2 1 1 146 124 123
236 2 2 1 1 146 123 145
237 2 2 1 1 147 125 124
238 2 2 1 1 147 124 146
239 2 2 1 1 148 126 125
240 2 2 1 1 148 125 147
241 2 2 1 1 149 127 126
242 2 2 1 1 149 126 148
243 2 2 1 1 150 128 127
244 2 2 1 1 150 127 149
245 2 2 1 1 151 129 128
246 2 2 1 1 151 128 150
247 2 2 1 1 152 130 129
248 2 2 1 1 152 129 151
249 2 2 1 1 153 131 130
250 2 2 1 1 153 130 152
251 2 2 1 1 154 132 131
252 2 2 1 1 154 131 153
253 2 2 1 1 155 133 134
254 2 2 1 1 155 134 156
255 2 2 1 1 157 135 133
256 2 2 1 1 157 133 155
257 2 2 1 1 158 136 135
258 2 2 1 1 158 135 157
259 2 2 1 1 159 137 136
260 2 2 1 1 159 136 158
261 2 2 1 1 160 138 137
262 2 2 1 1 160 137 159
263 2 2 1 1 161 139 138
264 2 2 1 1 161 138 160
265 2 2 1 1 162 140 139
266 2 2 1 1 162 139 161
267 2 2 1 1 163 141 140
268 2 2 1 1 163 140 162
269 2 2 1 1 164 142 141
270 2 2 1 1 164 141 163
271 2 2 1 1 165 143 142
272 2 2 1 1 165 142 164
273 2 2 1 1 166 144 143
274 2 2 1 1 166 143 165
275 2 2 1 1 167 145 144
276 2 2 1 1 167 144 166
277 2 2 1 1 168 146 145
278 2 2 1 1 168 145 167
279 2 2 1 1 169 147 146
280 2 2 1 1 169 146 168
281 2 2 1 1 170 148 147
282 2 2 1 1 170 147 169
283 2 2 1 1 171 149 148
284 2 2 1 1 171 148 170
285 2 2 1 1 172 150 149
286 2 2 1 1 172 149 171
287 2 2 1 1 173 151 150
288 2 2 1 1 173 150 172
289 2 2 1 1 174 152 151
290 2 2 1 1 174 151 173
291 2 2 1 1 175 153 152
292 2 2 1 1 175 152 174
293 2 2 1 1 176 154 153
294 2 2 1 1 176 153 175
295 2 2 1 1 177 155 156
296 2 2 1 1 177 156 178
297 2 2 1 1 179 157 155
298 2 2 1 1 179 155 177
299 2 2 1 1 180 158 157
300 2 2 1 1 180 157 179
301 2 2 1 1 181 159 158
302 2 2 1 1 181 158 180
303 2 2 1 1 182 160 159
304 2 2 1 1 182 159 181
305 2 2 1 1 183 161 160
306 2 2 1 1 183 160 182
307 2 2 1 1 184 162 161
308 2 2 1 1 184 161 183
309 2 2 1 1 185 163 162
310 2 2 1 1 185 162 184
311 2 2 1 1 186 164 163
312 2 2 1 1 186 163 185
313 2 2 1 1 187 165 164
314 2 2 1 1 187 164 186
315 2 2 1 1 188 166 165
316 2 2 1 1 188 165 187
317 2 2 1 1 189 167 166
318 2 2 1 1 189 166 188
319 2 2 1 1 190 168 167
320 2 2 1 1 190 167 189
321 2 2 1 1 191 169 168
322 2 2 1 1 191 168 190
323 2 2 1 1 192 170 169
324 2 2 1 1 192 169 191
325 2 2 1 1 193 171 170
326 2 2 1 1 193 170 192
327 2 2 1 1 194 172 171
328 2 2 1 1 194 171 193
329 2 2 1 1 195 173 172
330 2 2 1 1 195 172 194
331 2 2 1 1 196 174 173
332 2 2 1 1 196 173 195
333 2 2 1 1 197 175 174
334 2 2 1 1 197 174 196
335 2 2 1 1 198 176 175
336 2 2 1 1 198 175 197
337 2 2 1 1 199 177 178
338 2 2 1 1 199 178 200
339 2 2 1 1 201 179 177
340 2 2 1 1 201 177 199
341 2 2 1 1 202 180 179
342 2 2 1 1 202 179 201
343 2 2 1 1 203 181 180
344 2 2 1 1 203 180 202
345 2 2 1 1 204 182 181
346 2 2 1 1 204 181 203
347 2 2 1 1 205 183 182
348 2 2 1 1 205 182 204
349 2 2 1 1 206 184 183
350 2 2 1 1 206 183 205
351 2 2 1 1 207 185 184
352 2 2 1 1 207 184 206
353 2 2 1 1 208 186 185
354 2 2 1 1 208 185 207
355 2 2 1 1 209 187 186
356 2 2 1 1 209 186 208
357 2 2 1 1 210 188 187
358 2 2 1 1 210 187 209
359 2 2 1 1 211 189 188
360 2 2 1 1 211 188 210
361 2 2 1 1 212 190 189
362 2 2 1 1 212 189 211
363 2 2 1 1 213 191 190
364 2 2 1 1 213 190 212
365 2 2 1 1 214 192 191
366 2 2 1 1 214 191 213
367 2 2 1 1 215 193 192
368 2 2 1 1 215 192 214
369 2 2 1 1 216 194 193
370 2 2 1 1 216 193 215
371 2 2 1 1 217 195 194
372 2 2 1 1 217 194 216
373 2 2 1 1 218 196 195
374 2 2 1 1 218 195 217
375 2 2 1 1 219 197 196
376 2 2 1 1 219 196 218
377 2 2 1 1 220 198 197
378 2 2 1 1 220 197 219
379 2 2 1 1 221 199 200
380 2 2 1 1 221 200 222
381 2 2 1 1 223 201 199
382 2 2 1 1 223 199 221
383 2 2 1 1 224 202 201
384 2 2 1 1 224 201 223
385 2 2 1 1 225 203 202
386 2 2 1 1 225 202 224
387 2 2 1 1 226 204 203
388 2 2 1 1 226 203 225
389 2 2 1 1 227 205 204
390 2 2 1 1 227 204 226
391 2 2 1 1 228 206 205
392 2 2 1 1 228 205 227
393 2 2 1 1 229 207 206
394 2 2 1 1 229 206 228
395 2 2 1 1 230 208 207
396 2 2 1 1 230 207 229
397 2 2 1 1 231 209 208
398 2 2 1 1 231 208 230
399 2 2 1 1 232 210 209
400 2 2 1 1 232 209 231
401 2 2 1 1 233 211 210
402 2 2 1 1 233 210 232
403 2 2 1 1 234 212 211
404 2 2 1 1 234 211 233
405 2 2 1 1 235 213 212
406 2 2 1 1 235 212 234
407 2 2 1 1 236 214 213
408 2 2 1 1 236 213 235
409 2 2 1 1 237 215 214
410 2 2 1 1 237 214 236
411 2 2 1 1 238 216 215
412 2 2 1 1 238 215 237
413 2 2 1 1 239 217 216
414 2 2 1 1 239 216 238
415 2 2 1 1 240 218 217
416 2 2 1 1 240 217 239
417 2 2 1 1 241 219 218
418 2 2 1 1 241 218 240
419 2 2 1 1 242 220 219
420 2 2 1 1 242 219 241
421 2 2 1 1 243 221 222
422 2 2 1 1 243 222 244
423 2 2 1 1 245 223 221
424 2 2 1 1 245 221 243
425 2 2 1 1 246 224 223
426 2 2 1 1 246 223 245
427 2 2 1 1 247 225 224
428 2 2 1 1 247 224 246
429 2 2 1 1 248 226 225
430 2 2 1 1 248 225 247
431 2 2 1 1 249 227 226
432 2 2 1 1 249 226 248
433 2 2 1 1 250 228 227
434 2 2 1 1 250 227 249
435 2 2 1 1 251 229 228
436 2 2 1 1 251 228 250
437 2 2 1 1 252 230 229
438 2 2 1 1 252 229 251
439 2 2 1 1 253 231 230
440 2 2 1 1 253 230 252
441 2 2 1 1 254 232 231
442 2 2 1 1 254 231 253
443 2 2 1 1 255 233 232
444 2 2 1 1 255 232 254
445 2 2 1 1 256 234 233
446 2 2 1 1 256 233 255
447 2 2 1 1 257 235 234
448 2 2 1 1 257 234 256
449 2 2 1 1 258 236 235
450 2 2 1 1 258 235 257
451 2 2 1 1 259 237 236
452 2 2 1 1 259 236 258
453 2 2 1 1 260 238 237
454 2 2 1 1 260 237 259
455 2 2 1 1 261 239 238
456 2 2 1 1 261 238 260
457 2 2 1 1 262 240 239
458 2 2 1 1 262 239 261
459 2 2 1 1 263 241 240
460 2 2 1 1 263 240 262
461 2 2 1 1 264 242 241
462 2 2 1 1 264 241 263
463 2 2 1 1 265 266 267
464 2 2 1 1 265 267 3
465 2 2 1 1 268 269 2
466 2 2 1 1 268 2 6
467 2 2 1 1 270 268 6
468 2 2 1 1 270 6 8
469 2 2 1 1 269 265 3
470 2 2 1 1 269 3 2
471 2 2 1 1 271 272 10
472 2 2 1 1 271 10 12
473 2 2 1 1 273 271 12
474 2 2 1 1 273 12 14
475 2 2 1 1 274 275 16
476 2 2 1 1 274 16 18
477 2 2 1 1 276 274 18
478 2 2 1 1 276 18 20
479 2 2 1 1 275 273 14
480 2 2 1 1 275 14 16
481 2 2 1 1 272 270 8
482 2 2 1 1 272 8 10
483 2 2 1 1 3 267 277
484 2 2 1 1 3 277 4
485 2 2 1 1 20 22 278
486 2 2 1 1 20 278 276
487 2 2 1 1 279 278 22
488 2 2 1 1 279 22 24
489 2 2 1 1 280 281 26
490 2 2 1 1 280 26 28
491 2 2 1 1 282 280 28
492 2 2 1 1 282 28 30
493 2 2 1 1 281 279 24
494 2 2 1 1 281 24 26
495 2 2 1 1 283 284 32
496 2 2 1 1 283 32 34
497 2 2 1 1 285 283 34
498 2 2 1 1 285 34 36
499 2 2 1 1 286 287 38
500 2 2 1 1 286 38 40
501 2 2 1 1 288 286 40
502 2 2 1 1 288 40 42
503 2 2 1 1 287 285 36
504 2 2 1 1 287 36 38
505 2 2 1 1 284 282 30
506 2 2 1 1 284 30 32
507 2 2 1 1 289 290 44
508 2 2 1 1 289 44 291
509 2 2 1 1 290 288 42
510 2 2 1 1 290 42 44
511 2 2 1 1 292 46 4
512 2 2 1 1 292 4 277
513 2 2 1 1 293 90 68
514 2 2 1 1 293 68 294
515 2 2 1 1 295 112 90
516 2 2 1 1 295 90 293
517 2 2 1 1 294 68 46
518 2 2 1 1 294 46 292
519 2 2 1 1 112 295 296
520 2 2 1 1 112 296 134
521 2 2 1 1 297 156 134
522 2 2 1 1 297 134 296
523 2 2 1 1 298 178 156
524 2 2 1 1 298 156 297
525 2 2 1 1 299 222 200
526 2 2 1 1 299 200 300
527 2 2 1 1 301 244 222
528 2 2 1 1 301 222 299
529 2 2 1 1 300 200 178
530 2 2 1 1 300 178 298
531 2 2 1 1 43 66 302
532 2 2 1 1 43 302 303
533 2 2 1 1 110 304 305
534 2 2 1 1 110 305 88
535 2 2 1 1 132 306 304
536 2 2 1 1 132 304 110
537 2 2 1 1 88 305 302
538 2 2 1 1 88 302 66
539 2 2 1 1 303 291 44
540 2 2 1 1 303 44 43
541 2 2 1 1 306 132 154
542 2 2 1 1 306 154 307
543 2 2 1 1 176 308 307
544 2 2 1 1 176 307 154
545 2 2 1 1 198 309 308
546 2 2 1 1 198 308 176
547 2 2 1 1 220 242 310
548 2 2 1 1 220 310 311
549 2 2 1 1 264 312 310
550 2 2 1 1 264 310 242
551 2 2 1 1 198 220 311
552 2 2 1 1 198 311 309
553 2 2 1 1 313 314 315
554 2 2 1 1 313 315 316
555 2 2 1 1 317 318 314
556 2 2 1 1 317 314 313
557 2 2 1 1 319 320 318
558 2 2 1 1 319 318 317
559 2 2 1 1 315 292 277
560 2 2 1 1 315 277 277
561 2 2 1 1 294 292 315
562 2 2 1 1 294 315 315
563 2 2 1 1 315 277 316
564 2 2 1 1 315 316 316
565 2 2 1 1 314 293 294
566 2 2 1 1 314 294 294
567 2 2 1 1 295 293 314
568 2 2 1 1 295 314 314
569 2 2 1 1 315 314 294
570 2 2 1 1 315 294 294
571 2 2 1 1 267 266 321
572 2 2 1 1 267 321 321
573 2 2 1 1 316 277 267
574 2 2 1 1 316 267 267
575 2 2 1 1 316 267 321
576 2 2 1 1 316 321 321
577 2 2 1 1 322 313 316
578 2 2 1 1 322 316 321
579 2 2 1 1 323 317 313
580 2 2 1 1 323 313 322
581 2 2 1 1 318 296 295
582 2 2 1 1 318 295 295
583 2 2 1 1 297 296 318
584 2 2 1 1 297 318 318
585 2 2 1 1 320 298 297
586 2 2 1 1 320 297 297
587 2 2 1 1 300 298 320
588 2 2 1 1 300 320 320
589 2 2 1 1 318 320 297
590 2 2 1 1 318 297 297
591 2 2 1 1 324 319 317
592 2 2 1 1 324 317 323
593 2 2 1 1 319 324 299
594 2 2 1 1 319 299 299
595 2 2 1 1 299 324 301
596 2 2 1 1 299 301 301
597 2 2 1 1 300 319 299
598 2 2 1 1 300 299 299
599 2 2 1 1 319 300 320
600 2 2 1 1 319 320 320
601 2 2 1 1 318 295 314
602 2 2 1 1 318 314 314
603 2 2 1 1 325 326 327
604 2 2 1 1 325 327 328
605 2 2 1 1 329 325 328
606 2 2 1 1 329 328 330
607 2 2 1 1 331 329 330
608 2 2 1 1 331 330 332
609 2 2 1 1 327 303 302
610 2 2 1 1 327 302 302
611 2 2 1 1 305 327 302
612 2 2 1 1 305 302 302
613 2 2 1 1 327 326 303
614 2 2 1 1 327 303 303
615 2 2 1 1 328 305 304
616 2 2 1 1 328 304 304
617 2 2 1 1 306 328 304
618 2 2 1 1 306 304 304
619 2 2 1 1 327 305 328
620 2 2 1 1 327 328 328
621 2 2 1 1 291 333 289
622 2 2 1 1 291 289 289
623 2 2 1 1 326 291 303
624 2 2 1 1 326 303 303
625 2 2 1 1 326 333 291
626 2 2 1 1 326 291 291
627 2 2 1 1 334 333 326
628 2 2 1 1 334 326 325
629 2 2 1 1 335 334 325
630 2 2 1 1 335 325 329
631 2 2 1 1 330 306 307
632 2 2 1 1 330 307 307
633 2 2 1 1 308 330 307
634 2 2 1 1 308 307 307
635 2 2 1 1 332 308 309
636 2 2 1 1 332 309 309
637 2 2 1 1 311 332 309
638 2 2 1 1 311 309 309
639 2 2 1 1 330 308 332
640 2 2 1 1 330 332 332
641 2 2 1 1 336 335 329
642 2 2 1 1 336 329 331
643 2 2 1 1 331 310 336
644 2 2 1 1 331 336 336
645 2 2 1 1 310 312 336
646 2 2 1 1 310 336 336
647 2 2 1 1 311 310 331
648 2 2 1 1 311 331 331
649 2 2 1 1 331 332 311
650 2 2 1 1 331 311 311
651 2 2 1 1 330 328 306
652 2 2 1 1 330 306 306
653 2 2 1 1 337 338 339
654 2 2 1 1 337 339 340
655 2 2 1 1 341 342 338
656 2 2 1 1 341 338 337
657 2 2 1 1 343 344 342
658 2 2 1 1 343 342 341
659 2 2 1 1 345 337 340
660 2 2 1 1 345 340 346
661 2 2 1 1 347 341 337
662 2 2 1 1 347 337 345
663 2 2 1 1 348 343 341
664 2 2 1 1 348 341 347
665 2 2 1 1 349 345 346
666 2 2 1 1 349 346 350
667 2 2 1 1 351 347 345
668 2 2 1 1 351 345 349
669 2 2 1 1 352 348 347
670 2 2 1 1 352 347 351
671 2 2 1 1 353 349 350
672 2 2 1 1 353 350 354
673 2 2 1 1 355 351 349
674 2 2 1 1 355 349 353
675 2 2 1 1 356 352 351
676 2 2 1 1 356 351 355
677 2 2 1 1 357 353 354
678 2 2 1 1 357 354 358
679 2 2 1 1 359 355 353
680 2 2 1 1 359 353 357
681 2 2 1 1 360 356 355
682 2 2 1 1 360 355 359
683 2 2 1 1 361 357 358
684 2 2 1 1 361 358 362
685 2 2 1 1 363 359 357
686 2 2 1 1 363 357 361
687 2 2 1 1 364 360 359
688 2 2 1 1 364 359 363
689 2 2 1 1 365 361 362
690 2 2 1 1 365 362 366
691 2 2 1 1 367 363 361
692 2 2 1 1 367 361 365
693 2 2 1 1 368 364 363
694 2 2 1 1 368 363 367
695 2 2 1 1 369 365 366
696 2 2 1 1 369 366 370
697 2 2 1 1 371 367 365
698 2 2 1 1 371 365 369
699 2 2 1 1 372 368 367
700 2 2 1 1 372 367 371
701 2 2 1 1 373 369 370
702 2 2 1 1 373 370 374
703 2 2 1 1 375 371 369
704 2 2 1 1 375 369 373
705 2 2 1 1 376 372 371
706 2 2 1 1 376 371 375
707 2 2 1 1 377 373 374
708 2 2 1 1 377 374 378
709 2 2 1 1 379 375 373
710 2 2 1 1 379 373 377
711 2 2 1 1 380 376 375
712 2 2 1 1 380 375 379
713 2 2 1 1 381 377 378
714 2 2 1 1 381 378 382
715 2 2 1 1 383 379 377
716 2 2 1 1 383 377 381
717 2 2 1 1 384 380 379
718 2 2 1 1 384 379 383
719 2 2 1 1 385 381 382
720 2 2 1 1 385 382 386
721 2 2 1 1 387 383 381
722 2 2 1 1 387 381 385
723 2 2 1 1 388 384 383
724 2 2 1 1 388 383 387
725 2 2 1 1 389 385 386
726 2 2 1 1 389 386 390
727 2 2 1 1 391 387 385
728 2 2 1 1 391 385 389
729 2 2 1 1 392 388 387
730 2 2 1 1 392 387 391
731 2 2 1 1 393 389 390
732 2 2 1 1 393 390 394
733 2 2 1 1 395 391 389
734 2 2 1 1 395 389 393
735 2 2 1 1 396 392 391
736 2 2 1 1 396 391 395
737 2 2 1 1 397 393 394
738 2 2 1 1 397 394 398
739 2 2 1 1 399 395 393
740 2 2 1 1 399 393 397
741 2 2 1 1 400 396 395
742 2 2 1 1 400 395 399
743 2 2 1 1 401 397 398
744 2 2 1 1 401 398 402
745 2 2 1 1 403 399 397
746 2 2 1 1 403 397 401
747 2 2 1 1 404 400 399
748 2 2 1 1 404 399 403
749 2 2 1 1 405 401 402
750 2 2 1 1 405 402 406
751 2 2 1 1 407 403 401
752 2 2 1 1 407 401 405
753 2 2 1 1 408 404 403
754 2 2 1 1 408 403 407
755 2 2 1 1 409 405 406
756 2 2 1 1 409 406 410
757 2 2 1 1 411 407 405
758 2 2 1 1 411 405 409
759 2 2 1 1 412 408 407
760 2 2 1 1 412 407 411
761 2 2 1 1 413 409 410
762 2 2 1 1 413 410 414
763 2 2 1 1 415 411 409
764 2 2 1 1 415 409 413
765 2 2 1 1 416 412 411
766 2 2 1 1 416 411 415
767 2 2 1 1 417 413 414
768 2 2 1 1 417 414 418
769 2 2 1 1 419 415 413
770 2 2 1 1 419 413 417
771 2 2 1 1 420 416 415
772 2 2 1 1 420 415 419
773 2 2 1 1 421 417 418
774 2 2 1 1 421 418 422
775 2 2 1 1 423 419 417
776 2 2 1 1 423 417 421
777 2 2 1 1 424 420 419
778 2 2 1 1 424 419 423
779 2 2 1 1 425 421 422
780 2 2 1 1 425 422 426
781 2 2 1 1 427 423 421
782 2 2 1 1 427 421 425
783 2 2 1 1 428 424 423
784 2 2 1 1 428 423 427
785 2 2 1 1 429 425 426
786 2 2 1 1 429 426 430
787 2 2 1 1 431 427 425
788 2 2 1 1 431 425 429
789 2 2 1 1 432 428 427
790 2 2 1 1 432 427 431
791 2 2 1 1 433 429 430
792 2 2 1 1 433 430 434
793 2 2 1 1 435 431 429
794 2 2 1 1 435 429 433
795 2 2 1 1 436 432 431
796 2 2 1 1 436 431 435
797 2 2 1 1 437 433 434
798 2 2 1 1 437 434 438
799 2 2 1 1 439 435 433
800 2 2 1 1 439 433 437
801 2 2 1 1 440 436 435
802 2 2 1 1 440 435 439
803 2 2 1 1 441 437 438
804 2 2 1 1 441 438 442
805 2 2 1 1 443 439 437
806 2 2 1 1 443 437 441
807 2 2 1 1 444 440 439
808 2 2 1 1 444 439 443
809 2 2 1 1 445 441 442
810 2 2 1 1 445 442 446
811 2 2 1 1 447 443 441
812 2 2 1 1 447 441 445
813 2 2 1 1 448 444 443
814 2 2 1 1 448 443 447
815 2 2 1 1 449 445 446
816 2 2 1 1 449 446 450
817 2 2 1 1 451 447 445
818 2 2 1 1 451 445 449
819 2 2 1 1 452 448 447
820 2 2 1 1 452 447 451
821 2 2 1 1 453 449 450
822 2 2 1 1 453 450 454
823 2 2 1 1 455 451 449
824 2 2 1 1 455 449 453
825 2 2 1 1 456 452 451
826 2 2 1 1 456 451 455
827 2 2 1 1 457 453 454
828 2 2 1 1 457 454 458
829 2 2 1 1 459 455 453
830 2 2 1 1 459 453 457
831 2 2 1 1 460 456 455
832 2 2 1 1 460 455 459
833 2 2 1 1 461 457 458
834 2 2 1 1 461 458 462
835 2 2 1 1 463 459 457
836 2 2 1 1 463 457 461
837 2 2 1 1 464 460 459
838 2 2 1 1 464 459 463
839 2 2 1 1 465 466 467
840 2 2 1 1 465 467 339
841 2 2 1 1 468 346 340
842 2 2 1 1 468 340 469
843 2 2 1 1 469 340 339
844 2 2 1 1 469 339 467
845 2 2 1 1 470 354 350
846 2 2 1 1 470 350 471
847 2 2 1 1 358 472 473
848 2 2 1 1 358 473 362
849 2 2 1 1 472 358 354
850 2 2 1 1 472 354 470
851 2 2 1 1 471 350 346
852 2 2 1 1 471 346 468
853 2 2 1 1 474 465 339
854 2 2 1 1 474 339 338
855 2 2 1 1 475 474 338
856 2 2 1 1 475 338 342
857 2 2 1 1 476 370 366
858 2 2 1 1 476 366 477
859 2 2 1 1 478 378 374
860 2 2 1 1 478 374 479
861 2 2 1 1 479 374 370
862 2 2 1 1 479 370 476
863 2 2 1 1 480 386 382
864 2 2 1 1 480 382 481
865 2 2 1 1 482 394 390
866 2 2 1 1 482 390 483
867 2 2 1 1 483 390 386
868 2 2 1 1 483 386 480
869 2 2 1 1 481 382 378
870 2 2 1 1 481 378 478
871 2 2 1 1 477 366 362
872 2 2 1 1 477 362 473
873 2 2 1 1 394 482 484
874 2 2 1 1 394 484 398
875 2 2 1 1 485 475 342
876 2 2 1 1 485 342 344
877 2 2 1 1 486 485 344
878 2 2 1 1 486 344 487
879 2 2 1 1 348 488 489
880 2 2 1 1 348 489 343
881 2 2 1 1 352 356 490
882 2 2 1 1 352 490 491
883 2 2 1 1 352 491 488
884 2 2 1 1 352 488 348
885 2 2 1 1 343 489 487
886 2 2 1 1 343 487 344
887 2 2 1 1 492 490 356
888 2 2 1 1 492 356 360
889 2 2 1 1 493 492 360
890 2 2 1 1 493 360 364
891 2 2 1 1 364 368 494
892 2 2 1 1 364 494 493
893 2 2 1 1 372 376 495
894 2 2 1 1 372 495 496
895 2 2 1 1 368 372 496
896 2 2 1 1 368 496 494
897 2 2 1 1 380 384 497
898 2 2 1 1 380 497 498
899 2 2 1 1 388 392 499
900 2 2 1 1 388 499 500
901 2 2 1 1 384 388 500
902 2 2 1 1 384 500 497
903 2 2 1 1 376 380 498
904 2 2 1 1 376 498 495
905 2 2 1 1 501 499 392
906 2 2 1 1 501 392 396
907 2 2 1 1 502 501 396
908 2 2 1 1 502 396 400
909 2 2 1 1 503 402 398
910 2 2 1 1 503 398 484
911 2 2 1 1 504 410 406
912 2 2 1 1 504 406 505
913 2 2 1 1 505 406 402
914 2 2 1 1 505 402 503
915 2 2 1 1 506 418 414
916 2 2 1 1 506 414 507
917 2 2 1 1 508 426 422
918 2 2 1 1 508 422 509
919 2 2 1 1 509 422 418
920 2 2 1 1 509 418 506
921 2 2 1 1 507 414 410
922 2 2 1 1 507 410 504
923 2 2 1 1 510 430 426
924 2 2 1 1 510 426 508
925 2 2 1 1 511 438 434
926 2 2 1 1 511 434 512
927 2 2 1 1 513 446 442
928 2 2 1 1 513 442 514
929 2 2 1 1 514 442 438
930 2 2 1 1 514 438 511
931 2 2 1 1 515 454 450
932 2 2 1 1 515 450 516
933 2 2 1 1 517 462 458
934 2 2 1 1 517 458 518
935 2 2 1 1 518 458 454
936 2 2 1 1 518 454 515
937 2 2 1 1 516 450 446
938 2 2 1 1 516 446 513
939 2 2 1 1 512 434 430
940 2 2 1 1 512 430 510
941 2 2 1 1 400 404 519
942 2 2 1 1 400 519 502
943 2 2 1 1 408 412 520
944 2 2 1 1 408 520 521
945 2 2 1 1 404 408 521
946 2 2 1 1 404 521 519
947 2 2 1 1 416 420 522
948 2 2 1 1 416 522 523
949 2 2 1 1 428 524 525
950 2 2 1 1 428 525 424
951 2 2 1 1 424 525 522
952 2 2 1 1 424 522 420
953 2 2 1 1 412 416 523
954 2 2 1 1 412 523 520
955 2 2 1 1 432 526 524
956 2 2 1 1 432 524 428
957 2 2 1 1 440 527 528
958 2 2 1 1 440 528 436
959 2 2 1 1 448 529 530
960 2 2 1 1 448 530 444
961 2 2 1 1 444 530 527
962 2 2 1 1 444 527 440
963 2 2 1 1 456 531 532
964 2 2 1 1 456 532 452
965 2 2 1 1 464 533 534
966 2 2 1 1 464 534 460
967 2 2 1 1 460 534 531
968 2 2 1 1 460 531 456
969 2 2 1 1 452 532 529
970 2 2 1 1 452 529 448
971 2 2 1 1 436 528 526
972 2 2 1 1 436 526 432
973 2 2 1 1 535 536 537
974 2 2 1 1 535 537 537
975 2 2 1 1 538 537 536
976 2 2 1 1 538 536 539
977 2 2 1 1 540 538 539
978 2 2 1 1 540 539 541
979 2 2 1 1 542 543 544
980 2 2 1 1 542 544 535
981 2 2 1 1 545 542 535
982 2 2 1 1 545 535 537
983 2 2 1 1 546 545 537
984 2 2 1 1 546 537 538
985 2 2 1 1 547 546 538
986 2 2 1 1 547 538 540
987 2 2 1 1 548 549 550
988 2 2 1 1 548 550 543
989 2 2 1 1 551 548 543
990 2 2 1 1 551 543 542
991 2 2 1 1 552 551 542
992 2 2 1 1 552 542 545
993 2 2 1 1 553 552 545
994 2 2 1 1 553 545 546
995 2 2 1 1 554 553 546
996 2 2 1 1 554 546 547
997 2 2 1 1 555 556 557
998 2 2 1 1 555 557 549
999 2 2 1 1 558 555 549
1000 2 2 1 1 558 549 548
1001 2 2 1 1 559 558 548
1002 2 2 1 1 559 548 551
1003 2 2 1 1 560 559 551
1004 2 2 1 1 560 551 552
1005 2 2 1 1 561 556 562
1006 2 2 1 1 561 562 562
1007 2 2 1 1 563 562 556
1008 2 2 1 1 563 556 555
1009 2 2 1 1 564 563 555
1010 2 2 1 1 564 555 558
1011 2 2 1 1 565 564 558
1012 2 2 1 1 565 558 559
1013 2 2 1 1 566 567 561
1014 2 2 1 1 566 561 562
1015 2 2 1 1 568 566 562
1016 2 2 1 1 568 562 563
1017 2 2 1 1 569 568 563
1018 2 2 1 1 569 563 564
1019 2 2 1 1 570 571 567
1020 2 2 1 1 570 567 566
1021 2 2 1 1 572 570 566
1022 2 2 1 1 572 566 568
1023 2 2 1 1 573 572 568
1024 2 2 1 1 573 568 569
1025 2 2 1 1 574 575 571
1026 2 2 1 1 574 571 570
1027 2 2 1 1 576 574 570
1028 2 2 1 1 576 570 572
1029 2 2 1 1 577 576 572
1030 2 2 1 1 577 572 573
1031 2 2 1 1 578 579 575
1032 2 2 1 1 578 575 574
1033 2 2 1 1 580 578 574
1034 2 2 1 1 580 574 576
1035 2 2 1 1 581 580 576
1036 2 2 1 1 581 576 577
1037 2 2 1 1 582 583 579
1038 2 2 1 1 582 579 578
1039 2 2 1 1 584 582 578
1040 2 2 1 1 584 578 580
1041 2 2 1 1 585 584 580
1042 2 2 1 1 585 580 581
1043 2 2 1 1 586 587 583
1044 2 2 1 1 586 583 582
1045 2 2 1 1 588 586 582
1046 2 2 1 1 588 582 584
1047 2 2 1 1 589 588 584
1048 2 2 1 1 589 584 585
1049 2 2 1 1 590 591 586
1050 2 2 1 1 590 586 588
1051 2 2 1 1 592 590 588
1052 2 2 1 1 592 588 589
1053 2 2 1 1 593 592 589
1054 2 2 1 1 593 589 594
1055 2 2 1 1 595 596 591
1056 2 2 1 1 595 591 590
1057 2 2 1 1 597 595 590
1058 2 2 1 1 597 590 592
1059 2 2 1 1 598 597 592
1060 2 2 1 1 598 592 593
1061 2 2 1 1 599 598 593
1062 2 2 1 1 599 593 600
1063 2 2 1 1 601 602 595
1064 2 2 1 1 601 595 597
1065 2 2 1 1 603 601 597
1066 2 2 1 1 603 597 598
1067 2 2 1 1 604 603 598
1068 2 2 1 1 604 598 599
1069 2 2 1 1 605 604 599
1070 2 2 1 1 605 599 606
1071 2 2 1 1 607 605 606
1072 2 2 1 1 607 606 608
1073 2 2 1 1 609 610 601
1074 2 2 1 1 609 601 603
1075 2 2 1 1 611 609 603
1076 2 2 1 1 611 603 604
1077 2 2 1 1 612 611 604
1078 2 2 1 1 612 604 605
1079 2 2 1 1 613 612 605
1080 2 2 1 1 613 605 607
1081 2 2 1 1 614 615 611
1082 2 2 1 1 614 611 612
1083 2 2 1 1 616 614 612
1084 2 2 1 1 616 612 613
1085 2 2 1 1 557 479 476
1086 2 2 1 1 557 476 476
1087 2 2 1 1 556 479 557
1088 2 2 1 1 556 557 557
1089 2 2 1 1 557 476 549
1090 2 2 1 1 557 549 549
1091 2 2 1 1 561 478 556
1092 2 2 1 1 561 556 556
1093 2 2 1 1 481 478 561
1094 2 2 1 1 481 561 561
1095 2 2 1 1 479 556 478
1096 2 2 1 1 479 478 478
1097 2 2 1 1 544 473 472
1098 2 2 1 1 544 472 472
1099 2 2 1 1 543 473 544
1100 2 2 1 1 543 544 544
1101 2 2 1 1 544 472 535
1102 2 2 1 1 544 535 535
1103 2 2 1 1 473 543 550
1104 2 2 1 1 473 550 550
1105 2 2 1 1 550 476 477
1106 2 2 1 1 550 477 477
1107 2 2 1 1 550 549 476
1108 2 2 1 1 550 476 476
1109 2 2 1 1 477 473 550
1110 2 2 1 1 477 550 550
1111 2 2 1 1 567 480 561
1112 2 2 1 1 567 561 561
1113 2 2 1 1 481 561 480
1114 2 2 1 1 481 480 480
1115 2 2 1 1 483 480 567
1116 2 2 1 1 483 567 567
1117 2 2 1 1 575 482 571
1118 2 2 1 1 575 571 571
1119 2 2 1 1 567 571 483
1120 2 2 1 1 567 483 483
1121 2 2 1 1 482 483 571
1122 2 2 1 1 482 571 571
1123 2 2 1 1 575 484 482
1124 2 2 1 1 575 482 482
1125 2 2 1 1 569 564 565
1126 2 2 1 1 569 565 565
1127 2 2 1 1 573 569 617
1128 2 2 1 1 573 617 617
1129 2 2 1 1 573 618 577
1130 2 2 1 1 573 577 577
1131 2 2 1 1 617 618 573
1132 2 2 1 1 617 573 573
1133 2 2 1 1 575 503 484
1134 2 2 1 1 575 484 484
1135 2 2 1 1 619 617 569
1136 2 2 1 1 619 569 569
1137 2 2 1 1 468 469 539
1138 2 2 1 1 468 539 539
1139 2 2 1 1 471 468 536
1140 2 2 1 1 471 536 536
1141 2 2 1 1 536 535 470
1142 2 2 1 1 536 470 470
1143 2 2 1 1 535 472 470
1144 2 2 1 1 535 470 470
1145 2 2 1 1 468 539 536
1146 2 2 1 1 468 536 536
1147 2 2 1 1 471 536 470
1148 2 2 1 1 471 470 470
1149 2 2 1 1 541 539 469
1150 2 2 1 1 541 469 469
1151 2 2 1 1 620 467 466
1152 2 2 1 1 620 466 466
1153 2 2 1 1 541 467 620
1154 2 2 1 1 541 620 620
1155 2 2 1 1 541 620 621
1156 2 2 1 1 541 621 540
1157 2 2 1 1 622 547 540
1158 2 2 1 1 622 540 621
1159 2 2 1 1 541 469 467
1160 2 2 1 1 541 467 467
1161 2 2 1 1 623 559 560
1162 2 2 1 1 623 560 560
1163 2 2 1 1 560 552 553
1164 2 2 1 1 560 553 553
1165 2 2 1 1 623 619 565
1166 2 2 1 1 623 565 565
1167 2 2 1 1 569 565 619
1168 2 2 1 1 569 619 619
1169 2 2 1 1 623 560 624
1170 2 2 1 1 623 624 624
1171 2 2 1 1 565 559 623
1172 2 2 1 1 565 623 623
1173 2 2 1 1 624 560 553
1174 2 2 1 1 624 553 553
1175 2 2 1 1 547 622 625
1176 2 2 1 1 547 625 554
1177 2 2 1 1 626 627 554
1178 2 2 1 1 626 554 554
1179 2 2 1 1 553 554 627
1180 2 2 1 1 553 627 627
1181 2 2 1 1 554 628 626
1182 2 2 1 1 554 626 626
1183 2 2 1 1 625 628 554
1184 2 2 1 1 625 554 554
1185 2 2 1 1 627 624 553
1186 2 2 1 1 627 553 553
1187 2 2 1 1 629 577 618
1188 2 2 1 1 629 618 618
1189 2 2 1 1 579 505 503
1190 2 2 1 1 579 503 503
1191 2 2 1 1 583 505 579
1192 2 2 1 1 583 579 579
1193 2 2 1 1 587 504 583
1194 2 2 1 1 587 583 583
1195 2 2 1 1 505 583 504
1196 2 2 1 1 505 504 504
1197 2 2 1 1 507 504 587
1198 2 2 1 1 507 587 587
1199 2 2 1 1 629 630 577
1200 2 2 1 1 629 577 577
1201 2 2 1 1 577 630 581
1202 2 2 1 1 577 581 581
1203 2 2 1 1 631 581 630
1204 2 2 1 1 631 630 630
1205 2 2 1 1 585 594 589
1206 2 2 1 1 585 589 589
1207 2 2 1 1 631 632 585
1208 2 2 1 1 631 585 585
1209 2 2 1 1 581 631 585
1210 2 2 1 1 581 585 585
1211 2 2 1 1 586 591 587
1212 2 2 1 1 586 587 587
1213 2 2 1 1 503 575 579
1214 2 2 1 1 503 579 579
1215 2 2 1 1 587 591 506
1216 2 2 1 1 587 506 506
1217 2 2 1 1 509 506 591
1218 2 2 1 1 509 591 591
1219 2 2 1 1 507 587 506
1220 2 2 1 1 507 506 506
1221 2 2 1 1 591 596 509
1222 2 2 1 1 591 509 509
1223 2 2 1 1 508 509 596
1224 2 2 1 1 508 596 596
1225 2 2 1 1 595 508 596
1226 2 2 1 1 595 596 596
1227 2 2 1 1 508 602 510
1228 2 2 1 1 508 510 510
1229 2 2 1 1 508 595 602
1230 2 2 1 1 508 602 602
1231 2 2 1 1 512 602 601
1232 2 2 1 1 512 601 601
1233 2 2 1 1 601 610 512
1234 2 2 1 1 601 512 512
1235 2 2 1 1 511 512 610
1236 2 2 1 1 511 610 610
1237 2 2 1 1 609 511 610
1238 2 2 1 1 609 610 610
1239 2 2 1 1 512 510 602
1240 2 2 1 1 512 602 602
1241 2 2 1 1 609 514 511
1242 2 2 1 1 609 511 511
1243 2 2 1 1 633 594 632
1244 2 2 1 1 633 632 632
1245 2 2 1 1 585 632 594
1246 2 2 1 1 585 594 594
1247 2 2 1 1 593 594 633
1248 2 2 1 1 593 633 633
1249 2 2 1 1 633 634 600
1250 2 2 1 1 633 600 600
1251 2 2 1 1 599 600 606
1252 2 2 1 1 599 606 606
1253 2 2 1 1 634 606 600
1254 2 2 1 1 634 600 600
1255 2 2 1 1 593 633 600
1256 2 2 1 1 593 600 600
1257 2 2 1 1 608 635 636
1258 2 2 1 1 608 636 636
1259 2 2 1 1 608 636 637
1260 2 2 1 1 608 637 637
1261 2 2 1 1 635 608 606
1262 2 2 1 1 635 606 606
1263 2 2 1 1 638 607 608
1264 2 2 1 1 638 608 639
1265 2 2 1 1 637 639 608
1266 2 2 1 1 637 608 608
1267 2 2 1 1 606 634 635
1268 2 2 1 1 606 635 635
1269 2 2 1 1 611 615 609
1270 2 2 1 1 611 609 609
1271 2 2 1 1 615 514 609
1272 2 2 1 1 615 609 609
1273 2 2 1 1 615 614 516
1274 2 2 1 1 615 516 516
1275 2 2 1 1 616 515 614
1276 2 2 1 1 616 614 614
1277 2 2 1 1 516 614 515
1278 2 2 1 1 516 515 515
1279 2 2 1 1 513 615 516
1280 2 2 1 1 513 516 516
1281 2 2 1 1 615 513 514
1282 2 2 1 1 615 514 514
1283 2 2 1 1 640 613 607
1284 2 2 1 1 640 607 638
1285 2 2 1 1 613 640 641
1286 2 2 1 1 613 641 616
1287 2 2 1 1 641 518 616
1288 2 2 1 1 641 616 616
1289 2 2 1 1 515 616 518
1290 2 2 1 1 515 518 518
1291 2 2 1 1 518 641 517
1292 2 2 1 1 518 517 517
1293 2 2 1 1 642 643 644
1294 2 2 1 1 642 644 644
1295 2 2 1 1 645 646 644
1296 2 2 1 1 645 644 643
1297 2 2 1 1 647 648 646
1298 2 2 1 1 647 646 645
1299 2 2 1 1 649 642 650
1300 2 2 1 1 649 650 651
1301 2 2 1 1 652 643 642
1302 2 2 1 1 652 642 649
1303 2 2 1 1 653 645 643
1304 2 2 1 1 653 643 652
1305 2 2 1 1 654 647 645
1306 2 2 1 1 654 645 653
1307 2 2 1 1 655 651 656
1308 2 2 1 1 655 656 657
1309 2 2 1 1 658 649 651
1310 2 2 1 1 658 651 655
1311 2 2 1 1 659 652 649
1312 2 2 1 1 659 649 658
1313 2 2 1 1 660 653 652
1314 2 2 1 1 660 652 659
1315 2 2 1 1 661 654 653
1316 2 2 1 1 661 653 660
1317 2 2 1 1 662 657 663
1318 2 2 1 1 662 663 664
1319 2 2 1 1 665 655 657
1320 2 2 1 1 665 657 662
1321 2 2 1 1 666 658 655
1322 2 2 1 1 666 655 665
1323 2 2 1 1 667 659 658
1324 2 2 1 1 667 658 666
1325 2 2 1 1 668 660 659
1326 2 2 1 1 668 659 667
1327 2 2 1 1 669 661 660
1328 2 2 1 1 669 660 668
1329 2 2 1 1 670 671 664
1330 2 2 1 1 670 664 664
1331 2 2 1 1 672 662 664
1332 2 2 1 1 672 664 671
1333 2 2 1 1 673 665 662
1334 2 2 1 1 673 662 672
1335 2 2 1 1 674 666 665
1336 2 2 1 1 674 665 673
1337 2 2 1 1 675 667 666
1338 2 2 1 1 675 666 674
1339 2 2 1 1 676 668 667
1340 2 2 1 1 676 667 675
1341 2 2 1 1 677 669 668
1342 2 2 1 1 677 668 676
1343 2 2 1 1 678 671 670
1344 2 2 1 1 678 670 679
1345 2 2 1 1 680 672 671
1346 2 2 1 1 680 671 678
1347 2 2 1 1 681 673 672
1348 2 2 1 1 681 672 680
1349 2 2 1 1 682 674 673
1350 2 2 1 1 682 673 681
1351 2 2 1 1 683 675 674
1352 2 2 1 1 683 674 682
1353 2 2 1 1 684 676 675
1354 2 2 1 1 684 675 683
1355 2 2 1 1 685 677 676
1356 2 2 1 1 685 676 684
1357 2 2 1 1 686 678 679
1358 2 2 1 1 686 679 687
1359 2 2 1 1 688 680 678
1360 2 2 1 1 688 678 686
1361 2 2 1 1 689 681 680
1362 2 2 1 1 689 680 688
1363 2 2 1 1 690 682 681
1364 2 2 1 1 690 681 689
1365 2 2 1 1 691 683 682
1366 2 2 1 1 691 682 690
1367 2 2 1 1 692 684 683
1368 2 2 1 1 692 683 691
1369 2 2 1 1 693 685 684
1370 2 2 1 1 693 684 692
1371 2 2 1 1 694 686 687
1372 2 2 1 1 694 687 695
1373 2 2 1 1 696 688 686
1374 2 2 1 1 696 686 694
1375 2 2 1 1 697 689 688
1376 2 2 1 1 697 688 696
1377 2 2 1 1 698 690 689
1378 2 2 1 1 698 689 697
1379 2 2 1 1 699 691 690
1380 2 2 1 1 699 690 698
1381 2 2 1 1 700 692 691
1382 2 2 1 1 700 691 699
1383 2 2 1 1 701 693 692
1384 2 2 1 1 701 692 700
1385 2 2 1 1 702 694 695
1386 2 2 1 1 702 695 703
1387 2 2 1 1 704 696 694
1388 2 2 1 1 704 694 702
1389 2 2 1 1 705 697 696
1390 2 2 1 1 705 696 704
1391 2 2 1 1 706 698 697
1392 2 2 1 1 706 697 705
1393 2 2 1 1 707 699 698
1394 2 2 1 1 707 698 706
1395 2 2 1 1 708 700 699
1396 2 2 1 1 708 699 707
1397 2 2 1 1 709 701 700
1398 2 2 1 1 709 700 708
1399 2 2 1 1 710 702 703
1400 2 2 1 1 710 703 711
1401 2 2 1 1 712 704 702
1402 2 2 1 1 712 702 710
1403 2 2 1 1 713 705 704
1404 2 2 1 1 713 704 712
1405 2 2 1 1 714 706 705
1406 2 2 1 1 714 705 713
1407 2 2 1 1 715 707 706
1408 2 2 1 1 715 706 714
1409 2 2 1 1 716 708 707
1410 2 2 1 1 716 707 715
1411 2 2 1 1 717 709 708
1412 2 2 1 1 717 708 716
1413 2 2 1 1 718 710 711
1414 2 2 1 1 718 711 719
1415 2 2 1 1 720 712 710
1416 2 2 1 1 720 710 718
1417 2 2 1 1 721 713 712
1418 2 2 1 1 721 712 720
1419 2 2 1 1 722 714 713
1420 2 2 1 1 722 713 721
1421 2 2 1 1 723 715 714
1422 2 2 1 1 723 714 722
1423 2 2 1 1 724 716 715
1424 2 2 1 1 724 715 723
1425 2 2 1 1 725 717 716
1426 2 2 1 1 725 716 724
1427 2 2 1 1 726 720 718
1428 2 2 1 1 726 718 727
1429 2 2 1 1 728 721 720
1430 2 2 1 1 728 720 726
1431 2 2 1 1 729 722 721
1432 2 2 1 1 729 721 728
1433 2 2 1 1 730 723 722
1434 2 2 1 1 730 722 729
1435 2 2 1 1 731 724 723
1436 2 2 1 1 731 723 730
1437 2 2 1 1 732 725 724
1438 2 2 1 1 732 724 731
1439 2 2 1 1 733 726 727
1440 2 2 1 1 733 727 734
1441 2 2 1 1 735 728 726
1442 2 2 1 1 735 726 733
1443 2 2 1 1 736 729 728
1444 2 2 1 1 736 728 735
1445 2 2 1 1 737 730 729
1446 2 2 1 1 737 729 736
1447 2 2 1 1 738 731 730
1448 2 2 1 1 738 730 737
1449 2 2 1 1 739 732 731
1450 2 2 1 1 739 731 738
1451 2 2 1 1 740 735 733
1452 2 2 1 1 740 733 741
1453 2 2 1 1 742 736 735
1454 2 2 1 1 742 735 740
1455 2 2 1 1 743 737 736
1456 2 2 1 1 743 736 742
1457 2 2 1 1 744 738 737
1458 2 2 1 1 744 737 743
1459 2 2 1 1 745 739 738
1460 2 2 1 1 745 738 744
1461 2 2 1 1 746 742 740
1462 2 2 1 1 746 740 747
1463 2 2 1 1 748 743 742
1464 2 2 1 1 748 742 746
1465 2 2 1 1 749 744 743
1466 2 2 1 1 749 743 748
1467 2 2 1 1 750 745 744
1468 2 2 1 1 750 744 749
1469 2 2 1 1 751 749 748
1470 2 2 1 1 751 748 752
1471 2 2 1 1 753 750 749
1472 2 2 1 1 753 749 751
1473 2 2 1 1 493 494 656
1474 2 2 1 1 493 656 656
1475 2 2 1 1 496 656 494
1476 2 2 1 1 496 494 494
1477 2 2 1 1 657 496 663
1478 2 2 1 1 657 663 663
1479 2 2 1 1 495 663 496
1480 2 2 1 1 495 496 496
1481 2 2 1 1 656 496 657
1482 2 2 1 1 656 657 657
1483 2 2 1 1 492 642 490
1484 2 2 1 1 492 490 490
1485 2 2 1 1 493 650 492
1486 2 2 1 1 493 492 492
1487 2 2 1 1 650 642 492
1488 2 2 1 1 650 492 492
1489 2 2 1 1 493 651 650
1490 2 2 1 1 493 650 650
1491 2 2 1 1 656 651 493
1492 2 2 1 1 656 493 493
1493 2 2 1 1 644 490 642
1494 2 2 1 1 644 642 642
1495 2 2 1 1 670 497 500
1496 2 2 1 1 670 500 500
1497 2 2 1 1 500 679 670
1498 2 2 1 1 500 670 670
1499 2 2 1 1 498 497 670
1500 2 2 1 1 498 670 670
1501 2 2 1 1 501 687 499
1502 2 2 1 1 501 499 499
1503 2 2 1 1 679 500 499
1504 2 2 1 1 679 499 499
1505 2 2 1 1 502 695 501
1506 2 2 1 1 502 501 501
1507 2 2 1 1 664 495 498
1508 2 2 1 1 664 498 498
1509 2 2 1 1 664 498 670
1510 2 2 1 1 664 670 670
1511 2 2 1 1 663 495 664
1512 2 2 1 1 663 664 664
1513 2 2 1 1 499 687 679
1514 2 2 1 1 499 679 679
1515 2 2 1 1 501 695 687
1516 2 2 1 1 501 687 687
1517 2 2 1 1 695 502 519
1518 2 2 1 1 695 519 519
1519 2 2 1 1 488 646 489
1520 2 2 1 1 488 489 489
1521 2 2 1 1 491 644 488
1522 2 2 1 1 491 488 488
1523 2 2 1 1 488 644 646
1524 2 2 1 1 488 646 646
1525 2 2 1 1 489 646 648
1526 2 2 1 1 489 648 648
1527 2 2 1 1 491 490 644
1528 2 2 1 1 491 644 644
1529 2 2 1 1 487 489 648
1530 2 2 1 1 487 648 648
1531 2 2 1 1 754 486 487
1532 2 2 1 1 754 487 487
1533 2 2 1 1 754 487 648
1534 2 2 1 1 754 648 648
1535 2 2 1 1 647 654 755
1536 2 2 1 1 647 755 756
1537 2 2 1 1 756 754 648
1538 2 2 1 1 756 648 647
1539 2 2 1 1 757 755 654
1540 2 2 1 1 757 654 661
1541 2 2 1 1 661 669 758
1542 2 2 1 1 661 758 757
1543 2 2 1 1 669 677 759
1544 2 2 1 1 669 759 758
1545 2 2 1 1 677 685 760
1546 2 2 1 1 677 760 759
1547 2 2 1 1 685 693 761
1548 2 2 1 1 685 761 760
1549 2 2 1 1 762 761 693
1550 2 2 1 1 762 693 701
1551 2 2 1 1 521 703 519
1552 2 2 1 1 521 519 519
1553 2 2 1 1 520 711 521
1554 2 2 1 1 520 521 521
1555 2 2 1 1 703 521 711
1556 2 2 1 1 703 711 711
1557 2 2 1 1 523 719 520
1558 2 2 1 1 523 520 520
1559 2 2 1 1 520 719 711
1560 2 2 1 1 520 711 711
1561 2 2 1 1 727 718 719
1562 2 2 1 1 727 719 719
1563 2 2 1 1 525 727 522
1564 2 2 1 1 525 522 522
1565 2 2 1 1 719 522 727
1566 2 2 1 1 719 727 727
1567 2 2 1 1 734 727 525
1568 2 2 1 1 734 525 525
1569 2 2 1 1 522 719 523
1570 2 2 1 1 522 523 523
1571 2 2 1 1 733 734 524
1572 2 2 1 1 733 524 524
1573 2 2 1 1 525 524 734
1574 2 2 1 1 525 734 734
1575 2 2 1 1 741 733 524
1576 2 2 1 1 741 524 524
1577 2 2 1 1 528 741 526
1578 2 2 1 1 528 526 526
1579 2 2 1 1 524 526 741
1580 2 2 1 1 524 741 741
1581 2 2 1 1 528 740 741
1582 2 2 1 1 528 741 741
1583 2 2 1 1 528 747 740
1584 2 2 1 1 528 740 740
1585 2 2 1 1 527 746 747
1586 2 2 1 1 527 747 747
1587 2 2 1 1 752 746 530
1588 2 2 1 1 752 530 530
1589 2 2 1 1 527 530 746
1590 2 2 1 1 527 746 746
1591 2 2 1 1 527 747 528
1592 2 2 1 1 527 528 528
1593 2 2 1 1 529 752 530
1594 2 2 1 1 529 530 530
1595 2 2 1 1 701 709 763
1596 2 2 1 1 701 763 762
1597 2 2 1 1 709 717 764
1598 2 2 1 1 709 764 763
1599 2 2 1 1 725 732 765
1600 2 2 1 1 725 765 766
1601 2 2 1 1 732 739 767
1602 2 2 1 1 732 767 765
1603 2 2 1 1 717 725 766
1604 2 2 1 1 717 766 764
1605 2 2 1 1 745 768 767
1606 2 2 1 1 745 767 739
1607 2 2 1 1 746 752 748
1608 2 2 1 1 746 748 748
1609 2 2 1 1 745 750 769
1610 2 2 1 1 745 769 768
1611 2 2 1 1 531 751 532
1612 2 2 1 1 531 532 532
1613 2 2 1 1 752 532 751
1614 2 2 1 1 752 751 751
1615 2 2 1 1 532 752 529
1616 2 2 1 1 532 529 529
1617 2 2 1 1 531 753 751
1618 2 2 1 1 531 751 751
1619 2 2 1 1 750 753 770
1620 2 2 1 1 750 770 769
1621 2 2 1 1 533 770 534
1622 2 2 1 1 533 534 534
1623 2 2 1 1 753 534 770
1624 2 2 1 1 753 770 770
1625 2 2 1 1 534 753 531
1626 2 2 1 1 534 531 531
1627 2 2 1 1 519 703 695
1628 2 2 1 1 519 695 695
1629 2 2 1 1 771 772 773
1630 2 2 1 1 771 773 774
1631 2 2 1 1 775 776 772
1632 2 2 1 1 775 772 771
1633 2 2 1 1 777 778 776
1634 2 2 1 1 777 776 775
1635 2 2 1 1 779 780 778
1636 2 2 1 1 779 778 777
1637 2 2 1 1 781 782 780
1638 2 2 1 1 781 780 779
1639 2 2 1 1 783 784 782
1640 2 2 1 1 783 782 781
1641 2 2 1 1 785 786 784
1642 2 2 1 1 785 784 783
1643 2 2 1 1 787 788 786
1644 2 2 1 1 787 786 785
1645 2 2 1 1 789 790 788
1646 2 2 1 1 789 788 787
1647 2 2 1 1 791 792 790
1648 2 2 1 1 791 790 789
1649 2 2 1 1 793 794 792
1650 2 2 1 1 793 792 791
1651 2 2 1 1 795 796 794
1652 2 2 1 1 795 794 793
1653 2 2 1 1 797 798 796
1654 2 2 1 1 797 796 795
1655 2 2 1 1 799 800 798
1656 2 2 1 1 799 798 797
1657 2 2 1 1 801 802 800
1658 2 2 1 1 801 800 799
1659 2 2 1 1 803 804 802
1660 2 2 1 1 803 802 801
1661 2 2 1 1 805 806 804
1662 2 2 1 1 805 804 803
1663 2 2 1 1 807 771 774
1664 2 2 1 1 807 774 808
1665 2 2 1 1 809 775 771
1666 2 2 1 1 809 771 807
1667 2 2 1 1 810 777 775
1668 2 2 1 1 810 775 809
1669 2 2 1 1 811 779 777
1670 2 2 1 1 811 777 810
1671 2 2 1 1 812 781 779
1672 2 2 1 1 812 779 811
1673 2 2 1 1 813 783 781
1674 2 2 1 1 813 781 812
1675 2 2 1 1 814 785 783
1676 2 2 1 1 814 783 813
1677 2 2 1 1 815 787 785
1678 2 2 1 1 815 785 814
1679 2 2 1 1 816 789 787
1680 2 2 1 1 816 787 815
1681 2 2 1 1 817 791 789
1682 2 2 1 1 817 789 816
1683 2 2 1 1 818 793 791
1684 2 2 1 1 818 791 817
1685 2 2 1 1 819 795 793
1686 2 2 1 1 819 793 818
1687 2 2 1 1 820 797 795
1688 2 2 1 1 820 795 819
1689 2 2 1 1 821 799 797
1690 2 2 1 1 821 797 820
1691 2 2 1 1 822 801 799
1692 2 2 1 1 822 799 821
1693 2 2 1 1 823 803 801
1694 2 2 1 1 823 801 822
1695 2 2 1 1 824 805 803
1696 2 2 1 1 824 803 823
1697 2 2 1 1 825 807 808
1698 2 2 1 1 825 808 826
1699 2 2 1 1 827 809 807
1700 2 2 1 1 827 807 825
1701 2 2 1 1 828 810 809
1702 2 2 1 1 828 809 827
1703 2 2 1 1 829 811 810
1704 2 2 1 1 829 810 828
1705 2 2 1 1 830 812 811
1706 2 2 1 1 830 811 829
1707 2 2 1 1 831 813 812
1708 2 2 1 1 831 812 830
1709 2 2 1 1 832 814 813
1710 2 2 1 1 832 813 831
1711 2 2 1 1 833 815 814
1712 2 2 1 1 833 814 832
1713 2 2 1 1 834 816 815
1714 2 2 1 1 834 815 833
1715 2 2 1 1 835 817 816
1716 2 2 1 1 835 816 834
1717 2 2 1 1 836 818 817
1718 2 2 1 1 836 817 835
1719 2 2 1 1 837 819 818
1720 2 2 1 1 837 818 836
1721 2 2 1 1 838 820 819
1722 2 2 1 1 838 819 837
1723 2 2 1 1 839 821 820
1724 2 2 1 1 839 820 838
1725 2 2 1 1 840 822 821
1726 2 2 1 1 840 821 839
1727 2 2 1 1 841 823 822
1728 2 2 1 1 841 822 840
1729 2 2 1 1 842 824 823
1730 2 2 1 1 842 823 841
1731 2 2 1 1 843 825 826
1732 2 2 1 1 843 826 844
1733 2 2 1 1 845 827 825
1734 2 2 1 1 845 825 843
1735 2 2 1 1 846 828 827
1736 2 2 1 1 846 827 845
1737 2 2 1 1 847 829 828
1738 2 2 1 1 847 828 846
1739 2 2 1 1 848 830 829
1740 2 2 1 1 848 829 847
1741 2 2 1 1 849 831 830
1742 2 2 1 1 849 830 848
1743 2 2 1 1 850 832 831
1744 2 2 1 1 850 831 849
1745 2 2 1 1 851 833 832
1746 2 2 1 1 851 832 850
1747 2 2 1 1 852 834 833
1748 2 2 1 1 852 833 851
1749 2 2 1 1 853 835 834
1750 2 2 1 1 853 834 852
1751 2 2 1 1 854 836 835
1752 2 2 1 1 854 835 853
1753 2 2 1 1 855 837 836
1754 2 2 1 1 855 836 854
1755 2 2 1 1 856 838 837
1756 2 2 1 1 856 837 855
1757 2 2 1 1 857 839 838
1758 2 2 1 1 857 838 856
1759 2 2 1 1 858 840 839
1760 2 2 1 1 858 839 857
1761 2 2 1 1 859 841 840
1762 2 2 1 1 859 840 858
1763 2 2 1 1 860 842 841
1764 2 2 1 1 860 841 859
1765 2 2 1 1 861 843 844
1766 2 2 1 1 861 844 862
1767 2 2 1 1 863 845 843
1768 2 2 1 1 863 843 861
1769 2 2 1 1 864 846 845
1770 2 2 1 1 864 845 863
1771 2 2 1 1 865 847 846
1772 2 2 1 1 865 846 864
1773 2 2 1 1 866 848 847
1774 2 2 1 1 866 847 865
1775 2 2 1 1 867 849 848
1776 2 2 1 1 867 848 866
1777 2 2 1 1 868 850 849
1778 2 2 1 1 868 849 867
1779 2 2 1 1 869 851 850
1780 2 2 1 1 869 850 868
1781 2 2 1 1 870 852 851
1782 2 2 1 1 870 851 869
1783 2 2 1 1 871 853 852
1784 2 2 1 1 871 852 870
1785 2 2 1 1 872 854 853
1786 2 2 1 1 872 853 871
1787 2 2 1 1 873 855 854
1788 2 2 1 1 873 854 872
1789 2 2 1 1 874 856 855
1790 2 2 1 1 874 855 873
1791 2 2 1 1 875 857 856
1792 2 2 1 1 875 856 874
1793 2 2 1 1 876 858 857
1794 2 2 1 1 876 857 875
1795 2 2 1 1 877 859 858
1796 2 2 1 1 877 858 876
1797 2 2 1 1 878 860 859
1798 2 2 1 1 878 859 877
1799 2 2 1 1 879 861 862
1800 2 2 1 1 879 862 880
1801 2 2 1 1 881 863 861
1802 2 2 1 1 881 861 879
1803 2 2 1 1 882 864 863
1804 2 2 1 1 882 863 881
1805 2 2 1 1 883 865 864
1806 2 2 1 1 883 864 882
1807 2 2 1 1 884 866 865
1808 2 2 1 1 884 865 883
1809 2 2 1 1 885 867 866
1810 2 2 1 1 885 866 884
1811 2 2 1 1 886 868 867
1812 2 2 1 1 886 867 885
1813 2 2 1 1 887 869 868
1814 2 2 1 1 887 868 886
1815 2 2 1 1 888 870 869
1816 2 2 1 1 888 869 887
1817 2 2 1 1 889 871 870
1818 2 2 1 1 889 870 888
1819 2 2 1 1 890 872 871
1820 2 2 1 1 890 871 889
1821 2 2 1 1 891 873 872
1822 2 2 1 1 891 872 890
1823 2 2 1 1 892 874 873
1824 2 2 1 1 892 873 891
1825 2 2 1 1 893 875 874
1826 2 2 1 1 893 874 892
1827 2 2 1 1 894 876 875
1828 2 2 1 1 894 875 893
1829 2 2 1 1 895 877 876
1830 2 2 1 1 895 876 894
1831 2 2 1 1 896 878 877
1832 2 2 1 1 896 877 895
1833 2 2 1 1 897 879 880
1834 2 2 1 1 897 880 898
1835 2 2 1 1 899 881 879
1836 2 2 1 1 899 879 897
1837 2 2 1 1 900 882 881
1838 2 2 1 1 900 881 899
1839 2 2 1 1 901 883 882
1840 2 2 1 1 901 882 900
1841 2 2 1 1 902 884 883
1842 2 2 1 1 902 883 901
1843 2 2 1 1 903 885 884
1844 2 2 1 1 903 884 902
1845 2 2 1 1 904 886 885
1846 2 2 1 1 904 885 903
1847 2 2 1 1 905 887 886
1848 2 2 1 1 905 886 904
1849 2 2 1 1 906 888 887
1850 2 2 1 1 906 887 905
1851 2 2 1 1 907 889 888
1852 2 2 1 1 907 888 906
1853 2 2 1 1 908 890 889
1854 2 2 1 1 908 889 907
1855 2 2 1 1 909 891 890
1856 2 2 1 1 909 890 908
1857 2 2 1 1 910 892 891
1858 2 2 1 1 910 891 909
1859 2 2 1 1 911 893 892
1860 2 2 1 1 911 892 910
1861 2 2 1 1 912 894 893
1862 2 2 1 1 912 893 911
1863 2 2 1 1 913 895 894
1864 2 2 1 1 913 894 912
1865 2 2 1 1 914 896 895
1866 2 2 1 1 914 895 913
1867 2 2 1 1 915 897 898
1868 2 2 1 1 915 898 916
1869 2 2 1 1 917 899 897
1870 2 2 1 1 917 897 915
1871 2 2 1 1 918 900 899
1872 2 2 1 1 918 899 917
1873 2 2 1 1 919 901 900
1874 2 2 1 1 919 900 918
1875 2 2 1 1 920 902 901
1876 2 2 1 1 920 901 919
1877 2 2 1 1 921 903 902
1878 2 2 1 1 921 902 920
1879 2 2 1 1 922 904 903
1880 2 2 1 1 922 903 921
1881 2 2 1 1 923 905 904
1882 2 2 1 1 923 904 922
1883 2 2 1 1 924 906 905
1884 2 2 1 1 924 905 923
1885 2 2 1 1 925 907 906
1886 2 2 1 1 925 906 924
1887 2 2 1 1 926 908 907
1888 2 2 1 1 926 907 925
1889 2 2 1 1 927 909 908
1890 2 2 1 1 927 908 926
1891 2 2 1 1 928 910 909
1892 2 2 1 1 928 909 927
1893 2 2 1 1 929 911 910
1894 2 2 1 1 929 910 928
1895 2 2 1 1 930 912 911
1896 2 2 1 1 930 911 929
1897 2 2 1 1 931 913 912
1898 2 2 1 1 931 912 930
1899 2 2 1 1 932 914 913
1900 2 2 1 1 932 913 931
1901 2 2 1 1 933 915 916
1902 2 2 1 1 933 916 934
1903 2 2 1 1 935 917 915
1904 2 2 1 1 935 915 933
1905 2 2 1 1 936 918 917
1906 2 2 1 1 936 917 935
1907 2 2 1 1 937 919 918
1908 2 2 1 1 937 918 936
1909 2 2 1 1 938 920 919
1910 2 2 1 1 938 919 937
1911 2 2 1 1 939 921 920
1912 2 2 1 1 939 920 938
1913 2 2 1 1 940 922 921
1914 2 2 1 1 940 921 939
1915 2 2 1 1 941 923 922
1916 2 2 1 1 941 922 940
1917 2 2 1 1 942 924 923
1918 2 2 1 1 942 923 941
1919 2 2 1 1 943 925 924
1920 2 2 1 1 943 924 942
1921 2 2 1 1 944 926 925
1922 2 2 1 1 944 925 943
1923 2 2 1 1 945 927 926
1924 2 2 1 1 945 926 944
1925 2 2 1 1 946 928 927
1926 2 2 1 1 946 927 945
1927 2 2 1 1 947 929 928
1928 2 2 1 1 947 928 946
1929 2 2 1 1 948 930 929
1930 2 2 1 1 948 929 947
1931 2 2 1 1 949 931 930
1932 2 2 1 1 949 930 948
1933 2 2 1 1 950 932 931
1934 2 2 1 1 950 931 949
1935 2 2 1 1 951 933 934
1936 2 2 1 1 951 934 952
1937 2 2 1 1 953 935 933
1938 2 2 1 1 953 933 951
1939 2 2 1 1 954 936 935
1940 2 2 1 1 954 935 953
1941 2 2 1 1 955 937 936
1942 2 2 1 1 955 936 954
1943 2 2 1 1 956 938 937
1944 2 2 1 1 956 937 955
1945 2 2 1 1 957 939 938
1946 2 2 1 1 957 938 956
1947 2 2 1 1 958 940 939
1948 2 2 1 1 958 939 957
1949 2 2 1 1 959 941 940
1950 2 2 1 1 959 940 958
1951 2 2 1 1 960 942 941
1952 2 2 1 1 960 941 959
1953 2 2 1 1 961 943 942
1954 2 2 1 1 961 942 960
1955 2 2 1 1 962 944 943
1956 2 2 1 1 962 943 961
1957 2 2 1 1 963 945 944
1958 2 2 1 1 963 944 962
1959 2 2 1 1 964 946 945
1960 2 2 1 1 964 945 963
1961 2 2 1 1 965 947 946
1962 2 2 1 1 965 946 964
1963 2 2 1 1 966 948 947
1964 2 2 1 1 966 947 965
1965 2 2 1 1 967 949 948
1966 2 2 1 1 967 948 966
1967 2 2 1 1 968 950 949
1968 2 2 1 1 968 949 967
1969 2 2 1 1 969 951 952
1970 2 2 1 1 969 952 970
1971 2 2 1 1 971 953 951
1972 2 2 1 1 971 951 969
1973 2 2 1 1 972 954 953
1974 2 2 1 1 972 953 971
1975 2 2 1 1 973 955 954
1976 2 2 1 1 973 954 972
1977 2 2 1 1 974 956 955
1978 2 2 1 1 974 955 973
1979 2 2 1 1 975 957 956
1980 2 2 1 1 975 956 974
1981 2 2 1 1 976 958 957
1982 2 2 1 1 976 957 975
1983 2 2 1 1 977 959 958
1984 2 2 1 1 977 958 976
1985 2 2 1 1 978 960 959
1986 2 2 1 1 978 959 977
1987 2 2 1 1 979 961 960
1988 2 2 1 1 979 960 978
1989 2 2 1 1 980 962 961
1990 2 2 1 1 980 961 979
1991 2 2 1 1 981 963 962
1992 2 2 1 1 981 962 980
1993 2 2 1 1 982 964 963
1994 2 2 1 1 982 963 981
1995 2 2 1 1 983 965 964
1996 2 2 1 1 983 964 982
1997 2 2 1 1 984 966 965
1998 2 2 1 1 984 965 983
1999 2 2 1 1 985 967 966
2000 2 2 1 1 985 966 984
2001 2 2 1 1 986 968 967
2002 2 2 1 1 986 967 985
2003 2 2 1 1 987 969 970
2004 2 2 1 1 987 970 988
2005 2 2 1 1 989 971 969
2006 2 2 1 1 989 969 987
2007 2 2 1 1 990 972 971
2008 2 2 1 1 990 971 989
2009 2 2 1 1 991 973 972
2010 2 2 1 1 991 972 990
2011 2 2 1 1 992 974 973
2012 2 2 1 1 992 973 991
2013 2 2 1 1 993 975 974
2014 2 2 1 1 993 974 992
2015 2 2 1 1 994 976 975
2016 2 2 1 1 994 975 993
2017 2 2 1 1 995 977 976
2018 2 2 1 1 995 976 994
2019 2 2 1 1 996 978 977
2020 2 2 1 1 996 977 995
2021 2 2 1 1 997 979 978
2022 2 2 1 1 997 978 996
2023 2 2 1 1 998 980 979
2024 2 2 1 1 998 979 997
2025 2 2 1 1 999 981 980
2026 2 2 1 1 999 980 998
2027 2 2 1 1 1000 982 981
2028 2 2 1 1 1000 981 999
2029 2 2 1 1 1001 983 982
2030 2 2 1 1 1001 982 1000
2031 2 2 1 1 1002 984 983
2032 2 2 1 1 1002 983 1001
2033 2 2 1 1 1003 985 984
2034 2 2 1 1 1003 984 1002
2035 2 2 1 1 1004 986 985
2036 2 2 1 1 1004 985 1003
2037 2 2 1 1 1005 987 988
2038 2 2 1 1 1005 988 1006
2039 2 2 1 1 1007 989 987
2040 2 2 1 1 1007 987 1005
2041 2 2 1 1 1008 990 989
2042 2 2 1 1 1008 989 1007
2043 2 2 1 1 1009 991 990
2044 2 2 1 1 1009 990 1008
2045 2 2 1 1 1010 992 991
2046 2 2 1 1 1010 991 1009
2047 2 2 1 1 1011 993 992
2048 2 2 1 1 1011 992 1010
2049 2 2 1 1 1012 994 993
2050 2 2 1 1 1012 993 1011
2051 2 2 1 1 1013 995 994
2052 2 2 1 1 1013 994 1012
2053 2 2 1 1 1014 996 995
2054 2 2 1 1 1014 995 1013
2055 2 2 1 1 1015 997 996
2056 2 2 1 1 1015 996 1014
2057 2 2 1 1 1016 998 997
2058 2 2 1 1 1016 997 1015
2059 2 2 1 1 1017 999 998
2060 2 2 1 1 1017 998 1016
2061 2 2 1 1 1018 1000 999
2062 2 2 1 1 1018 999 1017
2063 2 2 1 1 1019 1001 1000
2064 2 2 1 1 1019 1000 1018
2065 2 2 1 1 1020 1002 1001
2066 2 2 1 1 1020 1001 1019
2067 2 2 1 1 1021 1003 1002
2068 2 2 1 1 1021 1002 1020
2069 2 2 1 1 1022 1004 1003
2070 2 2 1 1 1022 1003 1021
2071 2 2 1 1 1023 1005 1006
2072 2 2 1 1 1023 1006 1024
2073 2 2 1 1 1025 1007 1005
2074 2 2 1 1 1025 1005 1023
2075 2 2 1 1 1026 1008 1007
2076 2 2 1 1 1026 1007 1025
2077 2 2 1 1 1027 1009 1008
2078 2 2 1 1 1027 1008 1026
2079 2 2 1 1 1028 1010 1009
2080 2 2 1 1 1028 1009 1027
2081 2 2 1 1 1029 1011 1010
2082 2 2 1 1 1029 1010 1028
2083 2 2 1 1 1030 1012 1011
2084 2 2 1 1 1030 1011 1029
2085 2 2 1 1 1031 1013 1012
2086 2 2 1 1 1031 1012 1030
2087 2 2 1 1 1032 1014 1013
2088 2 2 1 1 1032 1013 1031
2089 2 2 1 1 1033 1015 1014
2090 2 2 1 1 1033 1014 1032
2091 2 2 1 1 1034 1016 1015
2092 2 2 1 1 1034 1015 1033
2093 2 2 1 1 1035 1017 1016
2094 2 2 1 1 1035 1016 1034
2095 2 2 1 1 1036 1018 1017
2096 2 2 1 1 1036 1017 1035
2097 2 2 1 1 1037 1019 1018
2098 2 2 1 1 1037 1018 1036
2099 2 2 1 1 1038 1020 1019
2100 2 2 1 1 1038 1019 1037
2101 2 2 1 1 1039 1021 1020
2102 2 2 1 1 1039 1020 1038
2103 2 2 1 1 1040 1022 1021
2104 2 2 1 1 1040 1021 1039
2105 2 2 1 1 1041 1023 1024
2106 2 2 1 1 1041 1024 1042
2107 2 2 1 1 1043 1025 1023
2108 2 2 1 1 1043 1023 1041
2109 2 2 1 1 1044 1026 1025
2110 2 2 1 1 1044 1025 1043
2111 2 2 1 1 1045 1027 1026
2112 2 2 1 1 1045 1026 1044
2113 2 2 1 1 1046 1028 1027
2114 2 2 1 1 1046 1027 1045
2115 2 2 1 1 1047 1029 1028
2116 2 2 1 1 1047 1028 1046
2117 2 2 1 1 1048 1030 1029
2118 2 2 1 1 1048 1029 1047
2119 2 2 1 1 1049 1031 1030
2120 2 2 1 1 1049 1030 1048
2121 2 2 1 1 1050 1032 1031
2122 2 2 1 1 1050 1031 1049
2123 2 2 1 1 1051 1033 1032
2124 2 2 1 1 1051 1032 1050
2125 2 2 1 1 1052 1034 1033
2126 2 2 1 1 1052 1033 1051
2127 2 2 1 1 1053 1035 1034
2128 2 2 1 1 1053 1034 1052
2129 2 2 1 1 1054 1036 1035
2130 2 2 1 1 1054 1035 1053
2131 2 2 1 1 1055 1037 1036
2132 2 2 1 1 1055 1036 1054
2133 2 2 1 1 1056 1038 1037
2134 2 2 1 1 1056 1037 1055
2135 2 2 1 1 1057 1039 1038
2136 2 2 1 1 1057 1038 1056
2137 2 2 1 1 1058 1040 1039
2138 2 2 1 1 1058 1039 1057
2139 2 2 1 1 1059 1060 1061
2140 2 2 1 1 1059 1061 773
2141 2 2 1 1 1062 1059 773
2142 2 2 1 1 1062 773 772
2143 2 2 1 1 1063 1062 772
2144 2 2 1 1 1063 772 776
2145 2 2 1 1 773 1061 1064
2146 2 2 1 1 773 1064 774
2147 2 2 1 1 1065 1063 776
2148 2 2 1 1 1065 776 778
2149 2 2 1 1 1066 1065 778
2150 2 2 1 1 1066 778 780
2151 2 2 1 1 1067 1066 780
2152 2 2 1 1 1067 780 782
2153 2 2 1 1 1068 1069 784
2154 2 2 1 1 1068 784 786
2155 2 2 1 1 1070 1068 786
2156 2 2 1 1 1070 786 788
2157 2 2 1 1 1069 1067 782
2158 2 2 1 1 1069 782 784
2159 2 2 1 1 1064 1071 808
2160 2 2 1 1 1064 808 774
2161 2 2 1 1 826 808 1071
2162 2 2 1 1 826 1071 1072
2163 2 2 1 1 1072 1073 844
2164 2 2 1 1 1072 844 826
2165 2 2 1 1 1074 1075 790
2166 2 2 1 1 1074 790 792
2167 2 2 1 1 1076 1074 792
2168 2 2 1 1 1076 792 794
2169 2 2 1 1 1077 1076 794
2170 2 2 1 1 1077 794 796
2171 2 2 1 1 788 790 1075
2172 2 2 1 1 788 1075 1070
2173 2 2 1 1 1078 1077 796
2174 2 2 1 1 1078 796 798
2175 2 2 1 1 1079 1078 798
2176 2 2 1 1 1079 798 800
2177 2 2 1 1 1080 1079 800
2178 2 2 1 1 1080 800 802
2179 2 2 1 1 1081 1082 804
2180 2 2 1 1 1081 804 806
2181 2 2 1 1 628 1081 806
2182 2 2 1 1 628 806 626
2183 2 2 1 1 1082 1080 802
2184 2 2 1 1 1082 802 804
2185 2 2 1 1 626 806 805
2186 2 2 1 1 626 805 627
2187 2 2 1 1 824 624 627
2188 2 2 1 1 824 627 805
2189 2 2 1 1 624 824 842
2190 2 2 1 1 624 842 623
2191 2 2 1 1 1073 1083 862
2192 2 2 1 1 1073 862 844
2193 2 2 1 1 1083 1084 880
2194 2 2 1 1 1083 880 862
2195 2 2 1 1 1085 1086 916
2196 2 2 1 1 1085 916 898
2197 2 2 1 1 1086 1087 934
2198 2 2 1 1 1086 934 916
2199 2 2 1 1 1084 1085 898
2200 2 2 1 1 1084 898 880
2201 2 2 1 1 1088 970 952
2202 2 2 1 1 1088 952 1089
2203 2 2 1 1 1090 988 970
2204 2 2 1 1 1090 970 1088
2205 2 2 1 1 1091 1024 1006
2206 2 2 1 1 1091 1006 1092
2207 2 2 1 1 1093 1042 1024
2208 2 2 1 1 1093 1024 1091
2209 2 2 1 1 1092 1006 988
2210 2 2 1 1 1092 988 1090
2211 2 2 1 1 1089 952 934
2212 2 2 1 1 1089 934 1087
2213 2 2 1 1 878 617 619
2214 2 2 1 1 878 619 860
2215 2 2 1 1 896 618 617
2216 2 2 1 1 896 617 878
2217 2 2 1 1 932 630 629
2218 2 2 1 1 932 629 914
2219 2 2 1 1 630 932 950
2220 2 2 1 1 630 950 631
2221 2 2 1 1 914 629 618
2222 2 2 1 1 914 618 896
2223 2 2 1 1 860 619 623
2224 2 2 1 1 860 623 842
2225 2 2 1 1 986 633 632
2226 2 2 1 1 986 632 968
2227 2 2 1 1 1004 634 633
2228 2 2 1 1 1004 633 986
2229 2 2 1 1 1040 636 635
2230 2 2 1 1 1040 635 1022
2231 2 2 1 1 1058 637 636
2232 2 2 1 1 1058 636 1040
2233 2 2 1 1 1022 635 634
2234 2 2 1 1 1022 634 1004
2235 2 2 1 1 968 632 631
2236 2 2 1 1 968 631 950
2237 2 2 1 1 1094 1095 1096
2238 2 2 1 1 1094 1096 1097
2239 2 2 1 1 1098 1094 1097
2240 2 2 1 1 1098 1097 1099
2241 2 2 1 1 1100 1095 1101
2242 2 2 1 1 1100 1101 1101
2243 2 2 1 1 1102 1101 1095
2244 2 2 1 1 1102 1095 1094
2245 2 2 1 1 1103 1102 1094
2246 2 2 1 1 1103 1094 1098
2247 2 2 1 1 1104 1105 1100
2248 2 2 1 1 1104 1100 1101
2249 2 2 1 1 1106 1104 1101
2250 2 2 1 1 1106 1101 1102
2251 2 2 1 1 1107 1106 1102
2252 2 2 1 1 1107 1102 1103
2253 2 2 1 1 1108 1109 1105
2254 2 2 1 1 1108 1105 1104
2255 2 2 1 1 1110 1108 1104
2256 2 2 1 1 1110 1104 1106
2257 2 2 1 1 1111 1110 1106
2258 2 2 1 1 1111 1106 1107
2259 2 2 1 1 1112 1113 1109
2260 2 2 1 1 1112 1109 1108
2261 2 2 1 1 1114 1112 1108
2262 2 2 1 1 1114 1108 1110
2263 2 2 1 1 1115 1114 1110
2264 2 2 1 1 1115 1110 1111
2265 2 2 1 1 1116 1113 1112
2266 2 2 1 1 1116 1112 1112
2267 2 2 1 1 1117 1116 1112
2268 2 2 1 1 1117 1112 1114
2269 2 2 1 1 1118 1117 1114
2270 2 2 1 1 1118 1114 1115
2271 2 2 1 1 1119 1120 1117
2272 2 2 1 1 1119 1117 1118
2273 2 2 1 1 1095 1072 1096
2274 2 2 1 1 1095 1096 1096
2275 2 2 1 1 1071 1096 1072
2276 2 2 1 1 1071 1072 1072
2277 2 2 1 1 1071 1097 1096
2278 2 2 1 1 1071 1096 1096
2279 2 2 1 1 1064 1097 1071
2280 2 2 1 1 1064 1071 1071
2281 2 2 1 1 1095 1073 1072
2282 2 2 1 1 1095 1072 1072
2283 2 2 1 1 1100 1084 1083
2284 2 2 1 1 1100 1083 1083
2285 2 2 1 1 1073 1100 1083
2286 2 2 1 1 1073 1083 1083
2287 2 2 1 1 1105 1084 1100
2288 2 2 1 1 1105 1100 1100
2289 2 2 1 1 1095 1100 1073
2290 2 2 1 1 1095 1073 1073
2291 2 2 1 1 1105 1085 1084
2292 2 2 1 1 1105 1084 1084
2293 2 2 1 1 1061 1099 1064
2294 2 2 1 1 1061 1064 1064
2295 2 2 1 1 1099 1097 1064
2296 2 2 1 1 1099 1064 1064
2297 2 2 1 1 1121 1061 1060
2298 2 2 1 1 1121 1060 1060
2299 2 2 1 1 1099 1061 1121
2300 2 2 1 1 1099 1121 1121
2301 2 2 1 1 1122 1098 1099
2302 2 2 1 1 1122 1099 1121
2303 2 2 1 1 1098 1122 1123
2304 2 2 1 1 1098 1123 1103
2305 2 2 1 1 1103 1123 1124
2306 2 2 1 1 1103 1124 1107
2307 2 2 1 1 1125 1111 1107
2308 2 2 1 1 1125 1107 1124
2309 2 2 1 1 1109 1086 1085
2310 2 2 1 1 1109 1085 1085
2311 2 2 1 1 1109 1113 1086
2312 2 2 1 1 1109 1086 1086
2313 2 2 1 1 1087 1086 1113
2314 2 2 1 1 1087 1113 1113
2315 2 2 1 1 1089 1087 1113
2316 2 2 1 1 1089 1113 1113
2317 2 2 1 1 1116 1088 1089
2318 2 2 1 1 1116 1089 1089
2319 2 2 1 1 1090 1088 1116
2320 2 2 1 1 1090 1116 1116
2321 2 2 1 1 1117 1120 1116
2322 2 2 1 1 1117 1116 1116
2323 2 2 1 1 1090 1116 1120
2324 2 2 1 1 1090 1120 1120
2325 2 2 1 1 1092 1090 1120
2326 2 2 1 1 1092 1120 1120
2327 2 2 1 1 1089 1113 1116
2328 2 2 1 1 1089 1116 1116
2329 2 2 1 1 1111 1125 1126
2330 2 2 1 1 1111 1126 1115
2331 2 2 1 1 1126 1127 1118
2332 2 2 1 1 1126 1118 1115
2333 2 2 1 1 1091 1092 1119
2334 2 2 1 1 1091 1119 1119
2335 2 2 1 1 1118 1127 1128
2336 2 2 1 1 1118 1128 1119
2337 2 2 1 1 1128 1091 1119
2338 2 2 1 1 1128 1119 1119
2339 2 2 1 1 1091 1128 1093
2340 2 2 1 1 1091 1093 1093
2341 2 2 1 1 1092 1120 1119
2342 2 2 1 1 1092 1119 1119
2343 2 2 1 1 1109 1085 1105
2344 2 2 1 1 1109 1105 1105
2345 2 2 1 1 1129 1130 1131
2346 2 2 1 1 1129 1131 1132
2347 2 2 1 1 1133 1134 1130
2348 2 2 1 1 1133 1130 1129
2349 2 2 1 1 1135 1136 1134
2350 2 2 1 1 1135 1134 1133
2351 2 2 1 1 1137 1129 1132
2352 2 2 1 1 1137 1132 1138
2353 2 2 1 1 1139 1133 1129
2354 2 2 1 1 1139 1129 1137
2355 2 2 1 1 1140 1135 1133
2356 2 2 1 1 1140 1133 1139
2357 2 2 1 1 1141 1137 1138
2358 2 2 1 1 1141 1138 1142
2359 2 2 1 1 1143 1139 1137
2360 2 2 1 1 1143 1137 1141
2361 2 2 1 1 1144 1140 1139
2362 2 2 1 1 1144 1139 1143
2363 2 2 1 1 1145 1141 1142
2364 2 2 1 1 1145 1142 1146
2365 2 2 1 1 1147 1143 1141
2366 2 2 1 1 1147 1141 1145
2367 2 2 1 1 1148 1144 1143
2368 2 2 1 1 1148 1143 1147
2369 2 2 1 1 1149 1145 1146
2370 2 2 1 1 1149 1146 1150
2371 2 2 1 1 1151 1147 1145
2372 2 2 1 1 1151 1145 1149
2373 2 2 1 1 1152 1148 1147
2374 2 2 1 1 1152 1147 1151
2375 2 2 1 1 1153 1149 1150
2376 2 2 1 1 1153 1150 1154
2377 2 2 1 1 1155 1151 1149
2378 2 2 1 1 1155 1149 1153
2379 2 2 1 1 1156 1152 1151
2380 2 2 1 1 1156 1151 1155
2381 2 2 1 1 1157 1153 1154
2382 2 2 1 1 1157 1154 1158
2383 2 2 1 1 1159 1155 1153
2384 2 2 1 1 1159 1153 1157
2385 2 2 1 1 1160 1156 1155
2386 2 2 1 1 1160 1155 1159
2387 2 2 1 1 1161 1157 1158
2388 2 2 1 1 1161 1158 1162
2389 2 2 1 1 1163 1159 1157
2390 2 2 1 1 1163 1157 1161
2391 2 2 1 1 1164 1160 1159
2392 2 2 1 1 1164 1159 1163
2393 2 2 1 1 1165 1161 1162
2394 2 2 1 1 1165 1162 1166
2395 2 2 1 1 1167 1163 1161
2396 2 2 1 1 1167 1161 1165
2397 2 2 1 1 1168 1164 1163
2398 2 2 1 1 1168 1163 1167
2399 2 2 1 1 1169 1165 1166
2400 2 2 1 1 1169 1166 1170
2401 2 2 1 1 1171 1167 1165
2402 2 2 1 1 1171 1165 1169
2403 2 2 1 1 1172 1168 1167
2404 2 2 1 1 1172 1167 1171
2405 2 2 1 1 1173 1169 1170
2406 2 2 1 1 1173 1170 1174
2407 2 2 1 1 1175 1171 1169
2408 2 2 1 1 1175 1169 1173
2409 2 2 1 1 1176 1172 1171
2410 2 2 1 1 1176 1171 1175
2411 2 2 1 1 1177 1173 1174
2412 2 2 1 1 1177 1174 1178
2413 2 2 1 1 1179 1175 1173
2414 2 2 1 1 1179 1173 1177
2415 2 2 1 1 1180 1176 1175
2416 2 2 1 1 1180 1175 1179
2417 2 2 1 1 1181 1177 1178
2418 2 2 1 1 1181 1178 1182
2419 2 2 1 1 1183 1179 1177
2420 2 2 1 1 1183 1177 1181
2421 2 2 1 1 1184 1180 1179
2422 2 2 1 1 1184 1179 1183
2423 2 2 1 1 1185 1181 1182
2424 2 2 1 1 1185 1182 1186
2425 2 2 1 1 1187 1183 1181
2426 2 2 1 1 1187 1181 1185
2427 2 2 1 1 1188 1184 1183
2428 2 2 1 1 1188 1183 1187
2429 2 2 1 1 1189 1185 1186
2430 2 2 1 1 1189 1186 1190
2431 2 2 1 1 1191 1187 1185
2432 2 2 1 1 1191 1185 1189
2433 2 2 1 1 1192 1188 1187
2434 2 2 1 1 1192 1187 1191
2435 2 2 1 1 1193 1189 1190
2436 2 2 1 1 1193 1190 1194
2437 2 2 1 1 1195 1191 1189
2438 2 2 1 1 1195 1189 1193
2439 2 2 1 1 1196 1192 1191
2440 2 2 1 1 1196 1191 1195
2441 2 2 1 1 1197 1193 1194
2442 2 2 1 1 1197 1194 1198
2443 2 2 1 1 1199 1195 1193
2444 2 2 1 1 1199 1193 1197
2445 2 2 1 1 1200 1196 1195
2446 2 2 1 1 1200 1195 1199
2447 2 2 1 1 1201 1197 1198
2448 2 2 1 1 1201 1198 1202
2449 2 2 1 1 1203 1199 1197
2450 2 2 1 1 1203 1197 1201
2451 2 2 1 1 1204 1200 1199
2452 2 2 1 1 1204 1199 1203
2453 2 2 1 1 1205 1201 1202
2454 2 2 1 1 1205 1202 1206
2455 2 2 1 1 1207 1203 1201
2456 2 2 1 1 1207 1201 1205
2457 2 2 1 1 1208 1204 1203
2458 2 2 1 1 1208 1203 1207
2459 2 2 1 1 1209 1205 1206
2460 2 2 1 1 1209 1206 1210
2461 2 2 1 1 1211 1207 1205
2462 2 2 1 1 1211 1205 1209
2463 2 2 1 1 1212 1208 1207
2464 2 2 1 1 1212 1207 1211
2465 2 2 1 1 1213 1209 1210
2466 2 2 1 1 1213 1210 1214
2467 2 2 1 1 1215 1211 1209
2468 2 2 1 1 1215 1209 1213
2469 2 2 1 1 1216 1212 1211
2470 2 2 1 1 1216 1211 1215
2471 2 2 1 1 1217 1213 1214
2472 2 2 1 1 1217 1214 1218
2473 2 2 1 1 1219 1215 1213
2474 2 2 1 1 1219 1213 1217
2475 2 2 1 1 1220 1216 1215
2476 2 2 1 1 1220 1215 1219
2477 2 2 1 1 1221 1217 1218
2478 2 2 1 1 1221 1218 1222
2479 2 2 1 1 1223 1219 1217
2480 2 2 1 1 1223 1217 1221
2481 2 2 1 1 1224 1220 1219
2482 2 2 1 1 1224 1219 1223
2483 2 2 1 1 1225 1221 1222
2484 2 2 1 1 1225 1222 1226
2485 2 2 1 1 1227 1223 1221
2486 2 2 1 1 1227 1221 1225
2487 2 2 1 1 1228 1224 1223
2488 2 2 1 1 1228 1223 1227
2489 2 2 1 1 1229 1225 1226
2490 2 2 1 1 1229 1226 1230
2491 2 2 1 1 1231 1227 1225
2492 2 2 1 1 1231 1225 1229
2493 2 2 1 1 1232 1228 1227
2494 2 2 1 1 1232 1227 1231
2495 2 2 1 1 1233 1229 1230
2496 2 2 1 1 1233 1230 1234
2497 2 2 1 1 1235 1231 1229
2498 2 2 1 1 1235 1229 1233
2499 2 2 1 1 1236 1232 1231
2500 2 2 1 1 1236 1231 1235
2501 2 2 1 1 1237 1233 1234
2502 2 2 1 1 1237 1234 1238
2503 2 2 1 1 1239 1235 1233
2504 2 2 1 1 1239 1233 1237
2505 2 2 1 1 1240 1236 1235
2506 2 2 1 1 1240 1235 1239
2507 2 2 1 1 1241 1237 1238
2508 2 2 1 1 1241 1238 1242
2509 2 2 1 1 1243 1239 1237
2510 2 2 1 1 1243 1237 1241
2511 2 2 1 1 1244 1240 1239
2512 2 2 1 1 1244 1239 1243
2513 2 2 1 1 1245 1241 1242
2514 2 2 1 1 1245 1242 1246
2515 2 2 1 1 1247 1243 1241
2516 2 2 1 1 1247 1241 1245
2517 2 2 1 1 1248 1244 1243
2518 2 2 1 1 1248 1243 1247
2519 2 2 1 1 1249 1245 1246
2520 2 2 1 1 1249 1246 1250
2521 2 2 1 1 1251 1247 1245
2522 2 2 1 1 1251 1245 1249
2523 2 2 1 1 1252 1248 1247
2524 2 2 1 1 1252 1247 1251
2525 2 2 1 1 1253 1249 1250
2526 2 2 1 1 1253 1250 1254
2527 2 2 1 1 1255 1251 1249
2528 2 2 1 1 1255 1249 1253
2529 2 2 1 1 1256 1252 1251
2530 2 2 1 1 1256 1251 1255
2531 2 2 1 1 1257 1253 1254
2532 2 2 1 1 1257 1254 1258
2533 2 2 1 1 1259 1255 1253
2534 2 2 1 1 1259 1253 1257
2535 2 2 1 1 1260 1256 1255
2536 2 2 1 1 1260 1255 1259
2537 2 2 1 1 1261 1257 1258
2538 2 2 1 1 1261 1258 1262
2539 2 2 1 1 1263 1259 1257
2540 2 2 1 1 1263 1257 1261
2541 2 2 1 1 1264 1260 1259
2542 2 2 1 1 1264 1259 1263
2543 2 2 1 1 1265 1261 1262
2544 2 2 1 1 1265 1262 1266
2545 2 2 1 1 1267 1263 1261
2546 2 2 1 1 1267 1261 1265
2547 2 2 1 1 1268 1264 1263
2548 2 2 1 1 1268 1263 1267
2549 2 2 1 1 1269 1265 1266
2550 2 2 1 1 1269 1266 1270
2551 2 2 1 1 1271 1267 1265
2552 2 2 1 1 1271 1265 1269
2553 2 2 1 1 1272 1268 1267
2554 2 2 1 1 1272 1267 1271
2555 2 2 1 1 1273 1269 1270
2556 2 2 1 1 1273 1270 1274
2557 2 2 1 1 1275 1271 1269
2558 2 2 1 1 1275 1269 1273
2559 2 2 1 1 1276 1272 1271
2560 2 2 1 1 1276 1271 1275
2561 2 2 1 1 1277 1273 1274
2562 2 2 1 1 1277 1274 1278
2563 2 2 1 1 1279 1275 1273
2564 2 2 1 1 1279 1273 1277
2565 2 2 1 1 1280 1276 1275
2566 2 2 1 1 1280 1275 1279
2567 2 2 1 1 1281 1277 1278
2568 2 2 1 1 1281 1278 1282
2569 2 2 1 1 1283 1279 1277
2570 2 2 1 1 1283 1277 1281
2571 2 2 1 1 1284 1280 1279
2572 2 2 1 1 1284 1279 1283
2573 2 2 1 1 1285 1281 1282
2574 2 2 1 1 1285 1282 1286
2575 2 2 1 1 1287 1283 1281
2576 2 2 1 1 1287 1281 1285
2577 2 2 1 1 1288 1284 1283
2578 2 2 1 1 1288 1283 1287
2579 2 2 1 1 1289 1285 1286
2580 2 2 1 1 1289 1286 1290
2581 2 2 1 1 1291 1287 1285
2582 2 2 1 1 1291 1285 1289
2583 2 2 1 1 1292 1288 1287
2584 2 2 1 1 1292 1287 1291
2585 2 2 1 1 1293 1289 1290
2586 2 2 1 1 1293 1290 1294
2587 2 2 1 1 1295 1291 1289
2588 2 2 1 1 1295 1289 1293
2589 2 2 1 1 1296 1292 1291
2590 2 2 1 1 1296 1291 1295
2591 2 2 1 1 1297 1293 1294
2592 2 2 1 1 1297 1294 1298
2593 2 2 1 1 1299 1295 1293
2594 2 2 1 1 1299 1293 1297
2595 2 2 1 1 1300 1296 1295
2596 2 2 1 1 1300 1295 1299
2597 2 2 1 1 1301 1297 1298
2598 2 2 1 1 1301 1298 1302
2599 2 2 1 1 1303 1299 1297
2600 2 2 1 1 1303 1297 1301
2601 2 2 1 1 1304 1300 1299
2602 2 2 1 1 1304 1299 1303
2603 2 2 1 1 1305 1301 1302
2604 2 2 1 1 1305 1302 1306
2605 2 2 1 1 1307 1303 1301
2606 2 2 1 1 1307 1301 1305
2607 2 2 1 1 1308 1304 1303
2608 2 2 1 1 1308 1303 1307
2609 2 2 1 1 1309 1305 1306
2610 2 2 1 1 1309 1306 1310
2611 2 2 1 1 1311 1307 1305
2612 2 2 1 1 1311 1305 1309
2613 2 2 1 1 1312 1308 1307
2614 2 2 1 1 1312 1307 1311
2615 2 2 1 1 1313 1309 1310
2616 2 2 1 1 1313 1310 1314
2617 2 2 1 1 1315 1311 1309
2618 2 2 1 1 1315 1309 1313
2619 2 2 1 1 1316 1312 1311
2620 2 2 1 1 1316 1311 1315
2621 2 2 1 1 1317 1313 1314
2622 2 2 1 1 1317 1314 1318
2623 2 2 1 1 1319 1315 1313
2624 2 2 1 1 1319 1313 1317
2625 2 2 1 1 1320 1316 1315
2626 2 2 1 1 1320 1315 1319
2627 2 2 1 1 1321 1317 1318
2628 2 2 1 1 1321 1318 1322
2629 2 2 1 1 1323 1319 1317
2630 2 2 1 1 1323 1317 1321
2631 2 2 1 1 1324 1320 1319
2632 2 2 1 1 1324 1319 1323
2633 2 2 1 1 1325 1321 1322
2634 2 2 1 1 1325 1322 1326
2635 2 2 1 1 1327 1323 1321
2636 2 2 1 1 1327 1321 1325
2637 2 2 1 1 1328 1324 1323
2638 2 2 1 1 1328 1323 1327
2639 2 2 1 1 1329 1325 1326
2640 2 2 1 1 1329 1326 1330
2641 2 2 1 1 1331 1327 1325
2642 2 2 1 1 1331 1325 1329
2643 2 2 1 1 1332 1328 1327
2644 2 2 1 1 1332 1327 1331
2645 2 2 1 1 1333 1329 1330
2646 2 2 1 1 1333 1330 1334
2647 2 2 1 1 1335 1331 1329
2648 2 2 1 1 1335 1329 1333
2649 2 2 1 1 1336 1332 1331
2650 2 2 1 1 1336 1331 1335
2651 2 2 1 1 1337 1333 1334
2652 2 2 1 1 1337 1334 1338
2653 2 2 1 1 1339 1335 1333
2654 2 2 1 1 1339 1333 1337
2655 2 2 1 1 1340 1336 1335
2656 2 2 1 1 1340 1335 1339
2657 2 2 1 1 1341 1337 1338
2658 2 2 1 1 1341 1338 1342
2659 2 2 1 1 1343 1339 1337
2660 2 2 1 1 1343 1337 1341
2661 2 2 1 1 1344 1340 1339
2662 2 2 1 1 1344 1339 1343
2663 2 2 1 1 1345 1341 1342
2664 2 2 1 1 1345 1342 1346
2665 2 2 1 1 1347 1343 1341
2666 2 2 1 1 1347 1341 1345
2667 2 2 1 1 1348 1344 1343
2668 2 2 1 1 1348 1343 1347
2669 2 2 1 1 1349 1345 1346
2670 2 2 1 1 1349 1346 1350
2671 2 2 1 1 1351 1347 1345
2672 2 2 1 1 1351 1345 1349
2673 2 2 1 1 1352 1348 1347
2674 2 2 1 1 1352 1347 1351
2675 2 2 1 1 1353 1349 1350
2676 2 2 1 1 1353 1350 1354
2677 2 2 1 1 1355 1351 1349
2678 2 2 1 1 1355 1349 1353
2679 2 2 1 1 1356 1352 1351
2680 2 2 1 1 1356 1351 1355
2681 2 2 1 1 1357 1353 1354
2682 2 2 1 1 1357 1354 1358
2683 2 2 1 1 1359 1355 1353
2684 2 2 1 1 1359 1353 1357
2685 2 2 1 1 1360 1356 1355
2686 2 2 1 1 1360 1355 1359
2687 2 2 1 1 1361 1357 1358
2688 2 2 1 1 1361 1358 1362
2689 2 2 1 1 1363 1359 1357
2690 2 2 1 1 1363 1357 1361
2691 2 2 1 1 1364 1360 1359
2692 2 2 1 1 1364 1359 1363
2693 2 2 1 1 1365 1361 1362
2694 2 2 1 1 1365 1362 1366
2695 2 2 1 1 1367 1363 1361
2696 2 2 1 1 1367 1361 1365
2697 2 2 1 1 1368 1364 1363
2698 2 2 1 1 1368 1363 1367
2699 2 2 1 1 1369 1365 1366
2700 2 2 1 1 1369 1366 1370
2701 2 2 1 1 1371 1367 1365
2702 2 2 1 1 1371 1365 1369
2703 2 2 1 1 1372 1368 1367
2704 2 2 1 1 1372 1367 1371
2705 2 2 1 1 1373 1369 1370
2706 2 2 1 1 1373 1370 1374
2707 2 2 1 1 1375 1371 1369
2708 2 2 1 1 1375 1369 1373
2709 2 2 1 1 1376 1372 1371
2710 2 2 1 1 1376 1371 1375
2711 2 2 1 1 1377 1373 1374
2712 2 2 1 1 1377 1374 1378
2713 2 2 1 1 1379 1375 1373
2714 2 2 1 1 1379 1373 1377
2715 2 2 1 1 1380 1376 1375
2716 2 2 1 1 1380 1375 1379
2717 2 2 1 1 1381 1377 1378
2718 2 2 1 1 1381 1378 1382
2719 2 2 1 1 1383 1379 1377
2720 2 2 1 1 1383 1377 1381
2721 2 2 1 1 1384 1380 1379
2722 2 2 1 1 1384 1379 1383
2723 2 2 1 1 1130 1381 1382
2724 2 2 1 1 1130 1382 1131
2725 2 2 1 1 1134 1383 1381
2726 2 2 1 1 1134 1381 1130
2727 2 2 1 1 1136 1384 1383
2728 2 2 1 1 1136 1383 1134
2729 2 2 1 1 1385 1132 1131
2730 2 2 1 1 1385 1131 1386
2731 2 2 1 1 1387 1142 1138
2732 2 2 1 1 1387 1138 1388
2733 2 2 1 1 1388 1138 1132
2734 2 2 1 1 1388 1132 1385
2735 2 2 1 1 1389 1150 1146
2736 2 2 1 1 1389 1146 1390
2737 2 2 1 1 1391 1158 1154
2738 2 2 1 1 1391 1154 1392
2739 2 2 1 1 1392 1154 1150
2740 2 2 1 1 1392 1150 1389
2741 2 2 1 1 1390 1146 1142
2742 2 2 1 1 1390 1142 1387
2743 2 2 1 1 1393 1166 1162
2744 2 2 1 1 1393 1162 1394
2745 2 2 1 1 1395 1174 1170
2746 2 2 1 1 1395 1170 1396
2747 2 2 1 1 1396 1170 1166
2748 2 2 1 1 1396 1166 1393
2749 2 2 1 1 1397 1182 1178
2750 2 2 1 1 1397 1178 1398
2751 2 2 1 1 1399 1190 1186
2752 2 2 1 1 1399 1186 1400
2753 2 2 1 1 1400 1186 1182
2754 2 2 1 1 1400 1182 1397
2755 2 2 1 1 1398 1178 1174
2756 2 2 1 1 1398 1174 1395
2757 2 2 1 1 1394 1162 1158
2758 2 2 1 1 1394 1158 1391
2759 2 2 1 1 1190 1399 1401
2760 2 2 1 1 1190 1401 1194
2761 2 2 1 1 1402 1198 1194
2762 2 2 1 1 1402 1194 1401
2763 2 2 1 1 1403 1206 1202
2764 2 2 1 1 1403 1202 1404
2765 2 2 1 1 1404 1202 1198
2766 2 2 1 1 1404 1198 1402
2767 2 2 1 1 1405 1214 1210
2768 2 2 1 1 1405 1210 1406
2769 2 2 1 1 1407 1222 1218
2770 2 2 1 1 1407 1218 1408
2771 2 2 1 1 1408 1218 1214
2772 2 2 1 1 1408 1214 1405
2773 2 2 1 1 1406 1210 1206
2774 2 2 1 1 1406 1206 1403
2775 2 2 1 1 1409 1230 1226
2776 2 2 1 1 1409 1226 1410
2777 2 2 1 1 1411 1238 1234
2778 2 2 1 1 1411 1234 1412
2779 2 2 1 1 1412 1234 1230
2780 2 2 1 1 1412 1230 1409
2781 2 2 1 1 1413 1246 1242
2782 2 2 1 1 1413 1242 1414
2783 2 2 1 1 1415 1254 1250
2784 2 2 1 1 1415 1250 1416
2785 2 2 1 1 1416 1250 1246
2786 2 2 1 1 1416 1246 1413
2787 2 2 1 1 1414 1242 1238
2788 2 2 1 1 1414 1238 1411
2789 2 2 1 1 1410 1226 1222
2790 2 2 1 1 1410 1222 1407
2791 2 2 1 1 1417 1258 1254
2792 2 2 1 1 1417 1254 1415
2793 2 2 1 1 1135 1418 1419
2794 2 2 1 1 1135 1419 1136
2795 2 2 1 1 1144 1420 1421
2796 2 2 1 1 1144 1421 1140
2797 2 2 1 1 1140 1421 1418
2798 2 2 1 1 1140 1418 1135
2799 2 2 1 1 1152 1422 1423
2800 2 2 1 1 1152 1423 1148
2801 2 2 1 1 1160 1424 1425
2802 2 2 1 1 1160 1425 1156
2803 2 2 1 1 1156 1425 1422
2804 2 2 1 1 1156 1422 1152
2805 2 2 1 1 1148 1423 1420
2806 2 2 1 1 1148 1420 1144
2807 2 2 1 1 1168 1426 1427
2808 2 2 1 1 1168 1427 1164
2809 2 2 1 1 1176 1428 1429
2810 2 2 1 1 1176 1429 1172
2811 2 2 1 1 1172 1429 1426
2812 2 2 1 1 1172 1426 1168
2813 2 2 1 1 1184 1430 1431
2814 2 2 1 1 1184 1431 1180
2815 2 2 1 1 1192 1432 1433
2816 2 2 1 1 1192 1433 1188
2817 2 2 1 1 1188 1433 1430
2818 2 2 1 1 1188 1430 1184
2819 2 2 1 1 1180 1431 1428
2820 2 2 1 1 1180 1428 1176
2821 2 2 1 1 1164 1427 1424
2822 2 2 1 1 1164 1424 1160
2823 2 2 1 1 1432 1192 1196
2824 2 2 1 1 1432 1196 1434
2825 2 2 1 1 1200 1435 1434
2826 2 2 1 1 1200 1434 1196
2827 2 2 1 1 1208 1436 1437
2828 2 2 1 1 1208 1437 1204
2829 2 2 1 1 1204 1437 1435
2830 2 2 1 1 1204 1435 1200
2831 2 2 1 1 1216 1438 1439
2832 2 2 1 1 1216 1439 1212
2833 2 2 1 1 1224 1440 1441
2834 2 2 1 1 1224 1441 1220
2835 2 2 1 1 1220 1441 1438
2836 2 2 1 1 1220 1438 1216
2837 2 2 1 1 1212 1439 1436
2838 2 2 1 1 1212 1436 1208
2839 2 2 1 1 1232 1442 1443
2840 2 2 1 1 1232 1443 1228
2841 2 2 1 1 1236 1444 1442
2842 2 2 1 1 1236 1442 1232
2843 2 2 1 1 1244 1445 1446
2844 2 2 1 1 1244 1446 1240
2845 2 2 1 1 1252 1447 1448
2846 2 2 1 1 1252 1448 1248
2847 2 2 1 1 1248 1448 1445
2848 2 2 1 1 1248 1445 1244
2849 2 2 1 1 1240 1446 1444
2850 2 2 1 1 1240 1444 1236
2851 2 2 1 1 1228 1443 1440
2852 2 2 1 1 1228 1440 1224
2853 2 2 1 1 1256 1449 1447
2854 2 2 1 1 1256 1447 1252
2855 2 2 1 1 1449 1256 1260
2856 2 2 1 1 1449 1260 1450
2857 2 2 1 1 1258 1417 1451
2858 2 2 1 1 1258 1451 1262
2859 2 2 1 1 1452 1266 1262
2860 2 2 1 1 1452 1262 1451
2861 2 2 1 1 1453 1274 1270
2862 2 2 1 1 1453 1270 1454
2863 2 2 1 1 1454 1270 1266
2864 2 2 1 1 1454 1266 1452
2865 2 2 1 1 1455 1282 1278
2866 2 2 1 1 1455 1278 1456
2867 2 2 1 1 1457 1290 1286
2868 2 2 1 1 1457 1286 1458
2869 2 2 1 1 1458 1286 1282
2870 2 2 1 1 1458 1282 1455
2871 2 2 1 1 1456 1278 1274
2872 2 2 1 1 1456 1274 1453
2873 2 2 1 1 1459 1298 1294
2874 2 2 1 1 1459 1294 1460
2875 2 2 1 1 1461 1306 1302
2876 2 2 1 1 1461 1302 1462
2877 2 2 1 1 1462 1302 1298
2878 2 2 1 1 1462 1298 1459
2879 2 2 1 1 1463 1314 1310
2880 2 2 1 1 1463 1310 1464
2881 2 2 1 1 1318 1465 1466
2882 2 2 1 1 1318 1466 1322
2883 2 2 1 1 1465 1318 1314
2884 2 2 1 1 1465 1314 1463
2885 2 2 1 1 1464 1310 1306
2886 2 2 1 1 1464 1306 1461
2887 2 2 1 1 1460 1294 1290
2888 2 2 1 1 1460 1290 1457
2889 2 2 1 1 1467 1330 1326
2890 2 2 1 1 1467 1326 1468
2891 2 2 1 1 1469 1338 1334
2892 2 2 1 1 1469 1334 1470
2893 2 2 1 1 1470 1334 1330
2894 2 2 1 1 1470 1330 1467
2895 2 2 1 1 1471 1346 1342
2896 2 2 1 1 1471 1342 1472
2897 2 2 1 1 1473 1354 1350
2898 2 2 1 1 1473 1350 1474
2899 2 2 1 1 1474 1350 1346
2900 2 2 1 1 1474 1346 1471
2901 2 2 1 1 1472 1342 1338
2902 2 2 1 1 1472 1338 1469
2903 2 2 1 1 1475 1362 1358
2904 2 2 1 1 1475 1358 1476
2905 2 2 1 1 1477 1370 1366
2906 2 2 1 1 1477 1366 1478
2907 2 2 1 1 1478 1366 1362
2908 2 2 1 1 1478 1362 1475
2909 2 2 1 1 1479 1378 1374
2910 2 2 1 1 1479 1374 1480
2911 2 2 1 1 1386 1131 1382
2912 2 2 1 1 1386 1382 1481
2913 2 2 1 1 1481 1382 1378
2914 2 2 1 1 1481 1378 1479
2915 2 2 1 1 1480 1374 1370
2916 2 2 1 1 1480 1370 1477
2917 2 2 1 1 1476 1358 1354
2918 2 2 1 1 1476 1354 1473
2919 2 2 1 1 1468 1326 1322
2920 2 2 1 1 1468 1322 1466
2921 2 2 1 1 1268 1482 1483
2922 2 2 1 1 1268 1483 1264
2923 2 2 1 1 1276 1484 1485
2924 2 2 1 1 1276 1485 1272
2925 2 2 1 1 1272 1485 1482
2926 2 2 1 1 1272 1482 1268
2927 2 2 1 1 1284 1486 1487
2928 2 2 1 1 1284 1487 1280
2929 2 2 1 1 1292 1488 1489
2930 2 2 1 1 1292 1489 1288
2931 2 2 1 1 1288 1489 1486
2932 2 2 1 1 1288 1486 1284
2933 2 2 1 1 1280 1487 1484
2934 2 2 1 1 1280 1484 1276
2935 2 2 1 1 1300 1490 1491
2936 2 2 1 1 1300 1491 1296
2937 2 2 1 1 1308 1492 1493
2938 2 2 1 1 1308 1493 1304
2939 2 2 1 1 1304 1493 1490
2940 2 2 1 1 1304 1490 1300
2941 2 2 1 1 1316 1494 1495
2942 2 2 1 1 1316 1495 1312
2943 2 2 1 1 1496 1320 1324
2944 2 2 1 1 1496 1324 1497
2945 2 2 1 1 1320 1496 1494
2946 2 2 1 1 1320 1494 1316
2947 2 2 1 1 1312 1495 1492
2948 2 2 1 1 1312 1492 1308
2949 2 2 1 1 1296 1491 1488
2950 2 2 1 1 1296 1488 1292
2951 2 2 1 1 1264 1483 1450
2952 2 2 1 1 1264 1450 1260
2953 2 2 1 1 1332 1498 1499
2954 2 2 1 1 1332 1499 1328
2955 2 2 1 1 1340 1500 1501
2956 2 2 1 1 1340 1501 1336
2957 2 2 1 1 1336 1501 1498
2958 2 2 1 1 1336 1498 1332
2959 2 2 1 1 1348 1502 1503
2960 2 2 1 1 1348 1503 1344
2961 2 2 1 1 1356 1504 1505
2962 2 2 1 1 1356 1505 1352
2963 2 2 1 1 1352 1505 1502
2964 2 2 1 1 1352 1502 1348
2965 2 2 1 1 1344 1503 1500
2966 2 2 1 1 1344 1500 1340
2967 2 2 1 1 1364 1506 1507
2968 2 2 1 1 1364 1507 1360
2969 2 2 1 1 1372 1508 1509
2970 2 2 1 1 1372 1509 1368
2971 2 2 1 1 1368 1509 1506
2972 2 2 1 1 1368 1506 1364
2973 2 2 1 1 1380 1510 1511
2974 2 2 1 1 1380 1511 1376
2975 2 2 1 1 1136 1419 1512
2976 2 2 1 1 1136 1512 1384
2977 2 2 1 1 1384 1512 1510
2978 2 2 1 1 1384 1510 1380
2979 2 2 1 1 1376 1511 1508
2980 2 2 1 1 1376 1508 1372
2981 2 2 1 1 1360 1507 1504
2982 2 2 1 1 1360 1504 1356
2983 2 2 1 1 1328 1499 1497
2984 2 2 1 1 1328 1497 1324
2985 2 2 1 1 1513 1514 1515
2986 2 2 1 1 1513 1515 1515
2987 2 2 1 1 1516 1515 1514
2988 2 2 1 1 1516 1514 1517
2989 2 2 1 1 1518 1516 1517
2990 2 2 1 1 1518 1517 1519
2991 2 2 1 1 1520 1518 1519
2992 2 2 1 1 1520 1519 1521
2993 2 2 1 1 1522 1520 1521
2994 2 2 1 1 1522 1521 1523
2995 2 2 1 1 1524 1522 1523
2996 2 2 1 1 1524 1523 1525
2997 2 2 1 1 1526 1524 1525
2998 2 2 1 1 1526 1525 1527
2999 2 2 1 1 1528 1529 1530
3000 2 2 1 1 1528 1530 1513
3001 2 2 1 1 1531 1528 1513
3002 2 2 1 1 1531 1513 1515
3003 2 2 1 1 1532 1531 1515
3004 2 2 1 1 1532 1515 1516
3005 2 2 1 1 1533 1532 1516
3006 2 2 1 1 1533 1516 1518
3007 2 2 1 1 1534 1533 1518
3008 2 2 1 1 1534 1518 1520
3009 2 2 1 1 1535 1534 1520
3010 2 2 1 1 1535 1520 1522
3011 2 2 1 1 1536 1535 1522
3012 2 2 1 1 1536 1522 1524
3013 2 2 1 1 1537 1536 1524
3014 2 2 1 1 1537 1524 1526
3015 2 2 1 1 1538 1537 1526
3016 2 2 1 1 1538 1526 1539
3017 2 2 1 1 1540 1538 1539
3018 2 2 1 1 1540 1539 1541
3019 2 2 1 1 1542 1543 1544
3020 2 2 1 1 1542 1544 1529
3021 2 2 1 1 1545 1542 1529
3022 2 2 1 1 1545 1529 1528
3023 2 2 1 1 1546 1545 1528
3024 2 2 1 1 1546 1528 1531
3025 2 2 1 1 1547 1546 1531
3026 2 2 1 1 1547 1531 1532
3027 2 2 1 1 1548 1547 1532
3028 2 2 1 1 1548 1532 1533
3029 2 2 1 1 1549 1548 1533
3030 2 2 1 1 1549 1533 1534
3031 2 2 1 1 1550 1549 1534
3032 2 2 1 1 1550 1534 1535
3033 2 2 1 1 1551 1550 1535
3034 2 2 1 1 1551 1535 1536
3035 2 2 1 1 1552 1551 1536
3036 2 2 1 1 1552 1536 1537
3037 2 2 1 1 1553 1552 1537
3038 2 2 1 1 1553 1537 1538
3039 2 2 1 1 1554 1553 1538
3040 2 2 1 1 1554 1538 1540
3041 2 2 1 1 1555 1554 1540
3042 2 2 1 1 1555 1540 1556
3043 2 2 1 1 1557 1558 1559
3044 2 2 1 1 1557 1559 1543
3045 2 2 1 1 1560 1557 1543
3046 2 2 1 1 1560 1543 1542
3047 2 2 1 1 1561 1560 1542
3048 2 2 1 1 1561 1542 1545
3049 2 2 1 1 1562 1561 1545
3050 2 2 1 1 1562 1545 1546
3051 2 2 1 1 1563 1564 1552
3052 2 2 1 1 1563 1552 1553
3053 2 2 1 1 1565 1563 1553
3054 2 2 1 1 1565 1553 1554
3055 2 2 1 1 1566 1565 1554
3056 2 2 1 1 1566 1554 1555
3057 2 2 1 1 1567 1566 1555
3058 2 2 1 1 1567 1555 1568
3059 2 2 1 1 1569 1558 1570
3060 2 2 1 1 1569 1570 1570
3061 2 2 1 1 1571 1570 1558
3062 2 2 1 1 1571 1558 1557
3063 2 2 1 1 1572 1571 1557
3064 2 2 1 1 1572 1557 1560
3065 2 2 1 1 1573 1572 1560
3066 2 2 1 1 1573 1560 1561
3067 2 2 1 1 1574 1575 1563
3068 2 2 1 1 1574 1563 1565
3069 2 2 1 1 1576 1574 1565
3070 2 2 1 1 1576 1565 1566
3071 2 2 1 1 1577 1576 1566
3072 2 2 1 1 1577 1566 1567
3073 2 2 1 1 1578 1579 1569
3074 2 2 1 1 1578 1569 1570
3075 2 2 1 1 1580 1578 1570
3076 2 2 1 1 1580 1570 1571
3077 2 2 1 1 1581 1580 1571
3078 2 2 1 1 1581 1571 1572
3079 2 2 1 1 1582 1583 1574
3080 2 2 1 1 1582 1574 1576
3081 2 2 1 1 1584 1582 1576
3082 2 2 1 1 1584 1576 1577
3083 2 2 1 1 1585 1584 1577
3084 2 2 1 1 1585 1577 1586
3085 2 2 1 1 1587 1588 1579
3086 2 2 1 1 1587 1579 1578
3087 2 2 1 1 1589 1587 1578
3088 2 2 1 1 1589 1578 1580
3089 2 2 1 1 1590 1589 1580
3090 2 2 1 1 1590 1580 1581
3091 2 2 1 1 1591 1592 1583
3092 2 2 1 1 1591 1583 1582
3093 2 2 1 1 1593 1591 1582
3094 2 2 1 1 1593 1582 1584
3095 2 2 1 1 1594 1593 1584
3096 2 2 1 1 1594 1584 1585
3097 2 2 1 1 1595 1596 1588
3098 2 2 1 1 1595 1588 1587
3099 2 2 1 1 1597 1595 1587
3100 2 2 1 1 1597 1587 1589
3101 2 2 1 1 1598 1597 1589
3102 2 2 1 1 1598 1589 1590
3103 2 2 1 1 1599 1600 1592
3104 2 2 1 1 1599 1592 1591
3105 2 2 1 1 1601 1599 1591
3106 2 2 1 1 1601 1591 1593
3107 2 2 1 1 1602 1601 1593
3108 2 2 1 1 1602 1593 1594
3109 2 2 1 1 1603 1604 1596
3110 2 2 1 1 1603 1596 1595
3111 2 2 1 1 1605 1603 1595
3112 2 2 1 1 1605 1595 1597
3113 2 2 1 1 1606 1605 1597
3114 2 2 1 1 1606 1597 1598
3115 2 2 1 1 1607 1608 1600
3116 2 2 1 1 1607 1600 1599
3117 2 2 1 1 1609 1607 1599
3118 2 2 1 1 1609 1599 1601
3119 2 2 1 1 1610 1609 1601
3120 2 2 1 1 1610 1601 1602
3121 2 2 1 1 1611 1612 1604
3122 2 2 1 1 1611 1604 1603
3123 2 2 1 1 1613 1611 1603
3124 2 2 1 1 1613 1603 1605
3125 2 2 1 1 1614 1613 1605
3126 2 2 1 1 1614 1605 1606
3127 2 2 1 1 1615 1616 1608
3128 2 2 1 1 1615 1608 1607
3129 2 2 1 1 1617 1615 1607
3130 2 2 1 1 1617 1607 1609
3131 2 2 1 1 1618 1617 1609
3132 2 2 1 1 1618 1609 1610
3133 2 2 1 1 1619 1620 1612
3134 2 2 1 1 1619 1612 1611
3135 2 2 1 1 1621 1619 1611
3136 2 2 1 1 1621 1611 1613
3137 2 2 1 1 1622 1621 1613
3138 2 2 1 1 1622 1613 1614
3139 2 2 1 1 1623 1624 1616
3140 2 2 1 1 1623 1616 1615
3141 2 2 1 1 1625 1623 1615
3142 2 2 1 1 1625 1615 1617
3143 2 2 1 1 1626 1625 1617
3144 2 2 1 1 1626 1617 1618
3145 2 2 1 1 1627 1628 1619
3146 2 2 1 1 1627 1619 1621
3147 2 2 1 1 1629 1627 1621
3148 2 2 1 1 1629 1621 1622
3149 2 2 1 1 1630 1629 1622
3150 2 2 1 1 1630 1622 1631
3151 2 2 1 1 1632 1633 1634
3152 2 2 1 1 1632 1634 1624
3153 2 2 1 1 1635 1632 1624
3154 2 2 1 1 1635 1624 1623
3155 2 2 1 1 1636 1635 1623
3156 2 2 1 1 1636 1623 1625
3157 2 2 1 1 1637 1638 1628
3158 2 2 1 1 1637 1628 1627
3159 2 2 1 1 1639 1637 1627
3160 2 2 1 1 1639 1627 1629
3161 2 2 1 1 1640 1639 1629
3162 2 2 1 1 1640 1629 1630
3163 2 2 1 1 1641 1640 1630
3164 2 2 1 1 1641 1630 1642
3165 2 2 1 1 1643 1644 1645
3166 2 2 1 1 1643 1645 1633
3167 2 2 1 1 1646 1643 1633
3168 2 2 1 1 1646 1633 1632
3169 2 2 1 1 1647 1646 1632
3170 2 2 1 1 1647 1632 1635
3171 2 2 1 1 1648 1647 1635
3172 2 2 1 1 1648 1635 1636
3173 2 2 1 1 1649 1650 1637
3174 2 2 1 1 1649 1637 1639
3175 2 2 1 1 1651 1649 1639
3176 2 2 1 1 1651 1639 1640
3177 2 2 1 1 1652 1651 1640
3178 2 2 1 1 1652 1640 1641
3179 2 2 1 1 1653 1652 1641
3180 2 2 1 1 1653 1641 1654
3181 2 2 1 1 1655 1653 1654
3182 2 2 1 1 1655 1654 1656
3183 2 2 1 1 1657 1655 1656
3184 2 2 1 1 1657 1656 1658
3185 2 2 1 1 1659 1657 1658
3186 2 2 1 1 1659 1658 1660
3187 2 2 1 1 1661 1659 1660
3188 2 2 1 1 1661 1660 1662
3189 2 2 1 1 1663 1661 1662
3190 2 2 1 1 1663 1662 1644
3191 2 2 1 1 1664 1663 1644
3192 2 2 1 1 1664 1644 1643
3193 2 2 1 1 1665 1664 1643
3194 2 2 1 1 1665 1643 1646
3195 2 2 1 1 1666 1665 1646
3196 2 2 1 1 1666 1646 1647
3197 2 2 1 1 1667 1668 1649
3198 2 2 1 1 1667 1649 1651
3199 2 2 1 1 1669 1667 1651
3200 2 2 1 1 1669 1651 1652
3201 2 2 1 1 1670 1669 1652
3202 2 2 1 1 1670 1652 1653
3203 2 2 1 1 1671 1670 1653
3204 2 2 1 1 1671 1653 1655
3205 2 2 1 1 1672 1671 1655
3206 2 2 1 1 1672 1655 1657
3207 2 2 1 1 1673 1672 1657
3208 2 2 1 1 1673 1657 1659
3209 2 2 1 1 1674 1673 1659
3210 2 2 1 1 1674 1659 1661
3211 2 2 1 1 1675 1674 1661
3212 2 2 1 1 1675 1661 1663
3213 2 2 1 1 1676 1675 1663
3214 2 2 1 1 1676 1663 1664
3215 2 2 1 1 1677 1676 1664
3216 2 2 1 1 1677 1664 1665
3217 2 2 1 1 1678 1679 1669
3218 2 2 1 1 1678 1669 1670
3219 2 2 1 1 1680 1678 1670
3220 2 2 1 1 1680 1670 1671
3221 2 2 1 1 1681 1680 1671
3222 2 2 1 1 1681 1671 1672
3223 2 2 1 1 1682 1681 1672
3224 2 2 1 1 1682 1672 1673
3225 2 2 1 1 1683 1682 1673
3226 2 2 1 1 1683 1673 1674
3227 2 2 1 1 1684 1683 1674
3228 2 2 1 1 1684 1674 1675
3229 2 2 1 1 1458 1530 1529
3230 2 2 1 1 1458 1529 1529
3231 2 2 1 1 1455 1530 1458
3232 2 2 1 1 1455 1458 1458
3233 2 2 1 1 1513 1455 1456
3234 2 2 1 1 1513 1456 1456
3235 2 2 1 1 1530 1455 1513
3236 2 2 1 1 1530 1513 1513
3237 2 2 1 1 1514 1513 1456
3238 2 2 1 1 1514 1456 1456
3239 2 2 1 1 1457 1458 1544
3240 2 2 1 1 1457 1544 1544
3241 2 2 1 1 1559 1459 1460
3242 2 2 1 1 1559 1460 1460
3243 2 2 1 1 1543 1559 1460
3244 2 2 1 1 1543 1460 1460
3245 2 2 1 1 1460 1544 1543
3246 2 2 1 1 1460 1543 1543
3247 2 2 1 1 1458 1529 1544
3248 2 2 1 1 1458 1544 1544
3249 2 2 1 1 1457 1544 1460
3250 2 2 1 1 1457 1460 1460
3251 2 2 1 1 1514 1453 1454
3252 2 2 1 1 1514 1454 1454
3253 2 2 1 1 1514 1456 1453
3254 2 2 1 1 1514 1453 1453
3255 2 2 1 1 1517 1454 1452
3256 2 2 1 1 1517 1452 1452
3257 2 2 1 1 1452 1451 1519
3258 2 2 1 1 1452 1519 1519
3259 2 2 1 1 1451 1417 1521
3260 2 2 1 1 1451 1521 1521
3261 2 2 1 1 1454 1517 1514
3262 2 2 1 1 1454 1514 1514
3263 2 2 1 1 1547 1548 1685
3264 2 2 1 1 1547 1685 1685
3265 2 2 1 1 1548 1686 1685
3266 2 2 1 1 1548 1685 1685
3267 2 2 1 1 1521 1519 1451
3268 2 2 1 1 1521 1451 1451
3269 2 2 1 1 1546 1547 1562
3270 2 2 1 1 1546 1562 1562
3271 2 2 1 1 1452 1519 1517
3272 2 2 1 1 1452 1517 1517
3273 2 2 1 1 1686 1548 1549
3274 2 2 1 1 1686 1549 1549
3275 2 2 1 1 1459 1559 1558
3276 2 2 1 1 1459 1558 1558
3277 2 2 1 1 1569 1464 1461
3278 2 2 1 1 1569 1461 1461
3279 2 2 1 1 1462 1569 1461
3280 2 2 1 1 1462 1461 1461
3281 2 2 1 1 1462 1558 1569
3282 2 2 1 1 1462 1569 1569
3283 2 2 1 1 1579 1464 1569
3284 2 2 1 1 1579 1569 1569
3285 2 2 1 1 1465 1463 1588
3286 2 2 1 1 1465 1588 1588
3287 2 2 1 1 1466 1465 1596
3288 2 2 1 1 1466 1596 1596
3289 2 2 1 1 1463 1579 1588
3290 2 2 1 1 1463 1588 1588
3291 2 2 1 1 1465 1588 1596
3292 2 2 1 1 1465 1596 1596
3293 2 2 1 1 1596 1468 1466
3294 2 2 1 1 1596 1466 1466
3295 2 2 1 1 1464 1579 1463
3296 2 2 1 1 1464 1463 1463
3297 2 2 1 1 1687 1573 1561
3298 2 2 1 1 1687 1561 1561
3299 2 2 1 1 1688 1573 1687
3300 2 2 1 1 1688 1687 1687
3301 2 2 1 1 1562 1687 1561
3302 2 2 1 1 1562 1561 1561
3303 2 2 1 1 1685 1689 1547
3304 2 2 1 1 1685 1547 1547
3305 2 2 1 1 1689 1562 1547
3306 2 2 1 1 1689 1547 1547
3307 2 2 1 1 1687 1562 1689
3308 2 2 1 1 1687 1689 1689
3309 2 2 1 1 1690 1590 1581
3310 2 2 1 1 1690 1581 1581
3311 2 2 1 1 1691 1598 1590
3312 2 2 1 1 1691 1590 1590
3313 2 2 1 1 1581 1688 1690
3314 2 2 1 1 1581 1690 1690
3315 2 2 1 1 1598 1691 1692
3316 2 2 1 1 1598 1692 1692
3317 2 2 1 1 1691 1590 1690
3318 2 2 1 1 1691 1690 1690
3319 2 2 1 1 1573 1688 1581
3320 2 2 1 1 1573 1581 1581
3321 2 2 1 1 1573 1581 1572
3322 2 2 1 1 1573 1572 1572
3323 2 2 1 1 1558 1462 1459
3324 2 2 1 1 1558 1459 1459
3325 2 2 1 1 1523 1521 1415
3326 2 2 1 1 1523 1415 1415
3327 2 2 1 1 1417 1415 1521
3328 2 2 1 1 1417 1521 1521
3329 2 2 1 1 1416 1523 1415
3330 2 2 1 1 1416 1415 1415
3331 2 2 1 1 1413 1525 1416
3332 2 2 1 1 1413 1416 1416
3333 2 2 1 1 1523 1416 1525
3334 2 2 1 1 1523 1525 1525
3335 2 2 1 1 1527 1525 1413
3336 2 2 1 1 1527 1413 1413
3337 2 2 1 1 1550 1551 1693
3338 2 2 1 1 1550 1693 1693
3339 2 2 1 1 1551 1552 1564
3340 2 2 1 1 1551 1564 1564
3341 2 2 1 1 1539 1526 1527
3342 2 2 1 1 1539 1527 1527
3343 2 2 1 1 1414 1527 1413
3344 2 2 1 1 1414 1413 1413
3345 2 2 1 1 1414 1411 1527
3346 2 2 1 1 1414 1527 1527
3347 2 2 1 1 1539 1527 1411
3348 2 2 1 1 1539 1411 1411
3349 2 2 1 1 1412 1539 1411
3350 2 2 1 1 1412 1411 1411
3351 2 2 1 1 1409 1541 1412
3352 2 2 1 1 1409 1412 1412
3353 2 2 1 1 1539 1412 1541
3354 2 2 1 1 1539 1541 1541
3355 2 2 1 1 1541 1409 1540
3356 2 2 1 1 1541 1540 1540
3357 2 2 1 1 1407 1555 1556
3358 2 2 1 1 1407 1556 1556
3359 2 2 1 1 1409 1410 1556
3360 2 2 1 1 1409 1556 1556
3361 2 2 1 1 1407 1556 1410
3362 2 2 1 1 1407 1410 1410
3363 2 2 1 1 1407 1408 1568
3364 2 2 1 1 1407 1568 1568
3365 2 2 1 1 1568 1408 1567
3366 2 2 1 1 1568 1567 1567
3367 2 2 1 1 1407 1568 1555
3368 2 2 1 1 1407 1555 1555
3369 2 2 1 1 1540 1409 1556
3370 2 2 1 1 1540 1556 1556
3371 2 2 1 1 1694 1549 1550
3372 2 2 1 1 1694 1550 1550
3373 2 2 1 1 1693 1551 1695
3374 2 2 1 1 1693 1695 1695
3375 2 2 1 1 1550 1693 1694
3376 2 2 1 1 1550 1694 1694
3377 2 2 1 1 1696 1564 1563
3378 2 2 1 1 1696 1563 1563
3379 2 2 1 1 1695 1551 1564
3380 2 2 1 1 1695 1564 1564
3381 2 2 1 1 1695 1564 1696
3382 2 2 1 1 1695 1696 1696
3383 2 2 1 1 1575 1697 1696
3384 2 2 1 1 1575 1696 1696
3385 2 2 1 1 1697 1575 1583
3386 2 2 1 1 1697 1583 1583
3387 2 2 1 1 1563 1575 1696
3388 2 2 1 1 1563 1696 1696
3389 2 2 1 1 1600 1698 1592
3390 2 2 1 1 1600 1592 1592
3391 2 2 1 1 1699 1697 1583
3392 2 2 1 1 1699 1583 1583
3393 2 2 1 1 1699 1592 1698
3394 2 2 1 1 1699 1698 1698
3395 2 2 1 1 1586 1577 1567
3396 2 2 1 1 1586 1567 1567
3397 2 2 1 1 1406 1586 1405
3398 2 2 1 1 1406 1405 1405
3399 2 2 1 1 1567 1405 1586
3400 2 2 1 1 1567 1586 1586
3401 2 2 1 1 1403 1586 1406
3402 2 2 1 1 1403 1406 1406
3403 2 2 1 1 1567 1408 1405
3404 2 2 1 1 1567 1405 1405
3405 2 2 1 1 1699 1583 1592
3406 2 2 1 1 1699 1592 1592
3407 2 2 1 1 1586 1403 1585
3408 2 2 1 1 1586 1585 1585
3409 2 2 1 1 1404 1585 1403
3410 2 2 1 1 1404 1403 1403
3411 2 2 1 1 1404 1402 1594
3412 2 2 1 1 1404 1594 1594
3413 2 2 1 1 1404 1594 1585
3414 2 2 1 1 1404 1585 1585
3415 2 2 1 1 1402 1602 1594
3416 2 2 1 1 1402 1594 1594
3417 2 2 1 1 1583 1575 1574
3418 2 2 1 1 1583 1574 1574
3419 2 2 1 1 1698 1600 1700
3420 2 2 1 1 1698 1700 1700
3421 2 2 1 1 1701 1549 1694
3422 2 2 1 1 1701 1694 1694
3423 2 2 1 1 1701 1686 1549
3424 2 2 1 1 1701 1549 1549
3425 2 2 1 1 1702 1598 1692
3426 2 2 1 1 1702 1692 1692
3427 2 2 1 1 1604 1467 1468
3428 2 2 1 1 1604 1468 1468
3429 2 2 1 1 1612 1467 1604
3430 2 2 1 1 1612 1604 1604
3431 2 2 1 1 1703 1614 1606
3432 2 2 1 1 1703 1606 1606
3433 2 2 1 1 1612 1470 1467
3434 2 2 1 1 1612 1467 1467
3435 2 2 1 1 1702 1606 1598
3436 2 2 1 1 1702 1598 1598
3437 2 2 1 1 1620 1469 1470
3438 2 2 1 1 1620 1470 1470
3439 2 2 1 1 1472 1469 1620
3440 2 2 1 1 1472 1620 1620
3441 2 2 1 1 1619 1628 1620
3442 2 2 1 1 1619 1620 1620
3443 2 2 1 1 1472 1620 1628
3444 2 2 1 1 1472 1628 1628
3445 2 2 1 1 1470 1612 1620
3446 2 2 1 1 1470 1620 1620
3447 2 2 1 1 1702 1703 1606
3448 2 2 1 1 1702 1606 1606
3449 2 2 1 1 1614 1631 1622
3450 2 2 1 1 1614 1622 1622
3451 2 2 1 1 1703 1704 1614
3452 2 2 1 1 1703 1614 1614
3453 2 2 1 1 1705 1631 1704
3454 2 2 1 1 1705 1704 1704
3455 2 2 1 1 1631 1614 1704
3456 2 2 1 1 1631 1704 1704
3457 2 2 1 1 1631 1705 1630
3458 2 2 1 1 1631 1630 1630
3459 2 2 1 1 1706 1642 1705
3460 2 2 1 1 1706 1705 1705
3461 2 2 1 1 1630 1705 1642
3462 2 2 1 1 1630 1642 1642
3463 2 2 1 1 1706 1654 1642
3464 2 2 1 1 1706 1642 1642
3465 2 2 1 1 1654 1706 1707
3466 2 2 1 1 1654 1707 1707
3467 2 2 1 1 1707 1708 1656
3468 2 2 1 1 1707 1656 1656
3469 2 2 1 1 1708 1709 1658
3470 2 2 1 1 1708 1658 1658
3471 2 2 1 1 1628 1471 1472
3472 2 2 1 1 1628 1472 1472
3473 2 2 1 1 1638 1474 1471
3474 2 2 1 1 1638 1471 1471
3475 2 2 1 1 1637 1474 1638
3476 2 2 1 1 1637 1638 1638
3477 2 2 1 1 1474 1637 1650
3478 2 2 1 1 1474 1650 1650
3479 2 2 1 1 1476 1650 1649
3480 2 2 1 1 1476 1649 1649
3481 2 2 1 1 1650 1473 1474
3482 2 2 1 1 1650 1474 1474
3483 2 2 1 1 1649 1668 1476
3484 2 2 1 1 1649 1476 1476
3485 2 2 1 1 1475 1476 1668
3486 2 2 1 1 1475 1668 1668
3487 2 2 1 1 1478 1475 1667
3488 2 2 1 1 1478 1667 1667
3489 2 2 1 1 1668 1667 1475
3490 2 2 1 1 1668 1475 1475
3491 2 2 1 1 1679 1478 1667
3492 2 2 1 1 1679 1667 1667
3493 2 2 1 1 1476 1473 1650
3494 2 2 1 1 1476 1650 1650
3495 2 2 1 1 1679 1667 1669
3496 2 2 1 1 1679 1669 1669
3497 2 2 1 1 1654 1707 1656
3498 2 2 1 1 1654 1656 1656
3499 2 2 1 1 1656 1708 1658
3500 2 2 1 1 1656 1658 1658
3501 2 2 1 1 1641 1642 1654
3502 2 2 1 1 1641 1654 1654
3503 2 2 1 1 1678 1480 1679
3504 2 2 1 1 1678 1679 1679
3505 2 2 1 1 1477 1679 1480
3506 2 2 1 1 1477 1480 1480
3507 2 2 1 1 1479 1480 1678
3508 2 2 1 1 1479 1678 1678
3509 2 2 1 1 1481 1680 1681
3510 2 2 1 1 1481 1681 1681
3511 2 2 1 1 1680 1481 1479
3512 2 2 1 1 1680 1479 1479
3513 2 2 1 1 1479 1678 1680
3514 2 2 1 1 1479 1680 1680
3515 2 2 1 1 1386 1481 1681
3516 2 2 1 1 1386 1681 1681
3517 2 2 1 1 1478 1679 1477
3518 2 2 1 1 1478 1477 1477
3519 2 2 1 1 1638 1471 1628
3520 2 2 1 1 1638 1628 1628
3521 2 2 1 1 1710 1658 1709
3522 2 2 1 1 1710 1709 1709
3523 2 2 1 1 1616 1711 1712
3524 2 2 1 1 1616 1712 1712
3525 2 2 1 1 1608 1712 1713
3526 2 2 1 1 1608 1713 1713
3527 2 2 1 1 1713 1600 1608
3528 2 2 1 1 1713 1608 1608
3529 2 2 1 1 1712 1608 1616
3530 2 2 1 1 1712 1616 1616
3531 2 2 1 1 1616 1634 1711
3532 2 2 1 1 1616 1711 1711
3533 2 2 1 1 1662 1714 1645
3534 2 2 1 1 1662 1645 1645
3535 2 2 1 1 1715 1645 1714
3536 2 2 1 1 1715 1714 1714
3537 2 2 1 1 1633 1715 1634
3538 2 2 1 1 1633 1634 1634
3539 2 2 1 1 1711 1634 1715
3540 2 2 1 1 1711 1715 1715
3541 2 2 1 1 1645 1715 1633
3542 2 2 1 1 1645 1633 1633
3543 2 2 1 1 1624 1634 1616
3544 2 2 1 1 1624 1616 1616
3545 2 2 1 1 1600 1713 1700
3546 2 2 1 1 1600 1700 1700
3547 2 2 1 1 1399 1610 1602
3548 2 2 1 1 1399 1602 1602
3549 2 2 1 1 1400 1618 1610
3550 2 2 1 1 1400 1610 1610
3551 2 2 1 1 1401 1399 1602
3552 2 2 1 1 1401 1602 1602
3553 2 2 1 1 1400 1610 1399
3554 2 2 1 1 1400 1399 1399
3555 2 2 1 1 1400 1397 1618
3556 2 2 1 1 1400 1618 1618
3557 2 2 1 1 1402 1401 1602
3558 2 2 1 1 1402 1602 1602
3559 2 2 1 1 1626 1636 1625
3560 2 2 1 1 1626 1625 1625
3561 2 2 1 1 1398 1626 1397
3562 2 2 1 1 1398 1397 1397
3563 2 2 1 1 1626 1618 1397
3564 2 2 1 1 1626 1397 1397
3565 2 2 1 1 1626 1398 1395
3566 2 2 1 1 1626 1395 1395
3567 2 2 1 1 1395 1636 1626
3568 2 2 1 1 1395 1626 1626
3569 2 2 1 1 1396 1636 1395
3570 2 2 1 1 1396 1395 1395
3571 2 2 1 1 1714 1662 1716
3572 2 2 1 1 1714 1716 1716
3573 2 2 1 1 1658 1710 1660
3574 2 2 1 1 1658 1660 1660
3575 2 2 1 1 1716 1662 1660
3576 2 2 1 1 1716 1660 1660
3577 2 2 1 1 1662 1645 1644
3578 2 2 1 1 1662 1644 1644
3579 2 2 1 1 1388 1385 1682
3580 2 2 1 1 1388 1682 1682
3581 2 2 1 1 1683 1388 1682
3582 2 2 1 1 1683 1682 1682
3583 2 2 1 1 1684 1387 1683
3584 2 2 1 1 1684 1683 1683
3585 2 2 1 1 1388 1683 1387
3586 2 2 1 1 1388 1387 1387
3587 2 2 1 1 1390 1387 1684
3588 2 2 1 1 1390 1684 1684
3589 2 2 1 1 1385 1681 1682
3590 2 2 1 1 1385 1682 1682
3591 2 2 1 1 1386 1681 1385
3592 2 2 1 1 1386 1385 1385
3593 2 2 1 1 1676 1684 1675
3594 2 2 1 1 1676 1675 1675
3595 2 2 1 1 1391 1665 1666
3596 2 2 1 1 1391 1666 1666
3597 2 2 1 1 1393 1666 1647
3598 2 2 1 1 1393 1647 1647
3599 2 2 1 1 1393 1648 1396
3600 2 2 1 1 1393 1396 1396
3601 2 2 1 1 1648 1636 1396
3602 2 2 1 1 1648 1396 1396
3603 2 2 1 1 1647 1648 1393
3604 2 2 1 1 1647 1393 1393
3605 2 2 1 1 1393 1394 1666
3606 2 2 1 1 1393 1666 1666
3607 2 2 1 1 1676 1389 1684
3608 2 2 1 1 1676 1684 1684
3609 2 2 1 1 1390 1684 1389
3610 2 2 1 1 1390 1389 1389
3611 2 2 1 1 1392 1389 1676
3612 2 2 1 1 1392 1676 1676
3613 2 2 1 1 1391 1666 1394
3614 2 2 1 1 1391 1394 1394
3615 2 2 1 1 1391 1392 1677
3616 2 2 1 1 1391 1677 1677
3617 2 2 1 1 1676 1677 1392
3618 2 2 1 1 1676 1392 1392
3619 2 2 1 1 1665 1391 1677
3620 2 2 1 1 1665 1677 1677
3621 2 2 1 1 1710 1716 1660
3622 2 2 1 1 1710 1660 1660
3623 2 2 1 1 1604 1468 1596
3624 2 2 1 1 1604 1596 1596
3625 2 2 1 1 1717 1718 1719
3626 2 2 1 1 1717 1719 1719
3627 2 2 1 1 1720 1721 1719
3628 2 2 1 1 1720 1719 1718
3629 2 2 1 1 1722 1723 1721
3630 2 2 1 1 1722 1721 1720
3631 2 2 1 1 1724 1725 1723
3632 2 2 1 1 1724 1723 1722
3633 2 2 1 1 1726 1727 1725
3634 2 2 1 1 1726 1725 1724
3635 2 2 1 1 1728 1729 1727
3636 2 2 1 1 1728 1727 1726
3637 2 2 1 1 1730 1731 1729
3638 2 2 1 1 1730 1729 1728
3639 2 2 1 1 1732 1717 1733
3640 2 2 1 1 1732 1733 1734
3641 2 2 1 1 1735 1718 1717
3642 2 2 1 1 1735 1717 1732
3643 2 2 1 1 1736 1720 1718
3644 2 2 1 1 1736 1718 1735
3645 2 2 1 1 1737 1722 1720
3646 2 2 1 1 1737 1720 1736
3647 2 2 1 1 1738 1724 1722
3648 2 2 1 1 1738 1722 1737
3649 2 2 1 1 1739 1726 1724
3650 2 2 1 1 1739 1724 1738
3651 2 2 1 1 1740 1728 1726
3652 2 2 1 1 1740 1726 1739
3653 2 2 1 1 1741 1730 1728
3654 2 2 1 1 1741 1728 1740
3655 2 2 1 1 1742 1743 1730
3656 2 2 1 1 1742 1730 1741
3657 2 2 1 1 1744 1745 1743
3658 2 2 1 1 1744 1743 1742
3659 2 2 1 1 1746 1734 1747
3660 2 2 1 1 1746 1747 1748
3661 2 2 1 1 1749 1732 1734
3662 2 2 1 1 1749 1734 1746
3663 2 2 1 1 1750 1735 1732
3664 2 2 1 1 1750 1732 1749
3665 2 2 1 1 1751 1736 1735
3666 2 2 1 1 1751 1735 1750
3667 2 2 1 1 1752 1737 1736
3668 2 2 1 1 1752 1736 1751
3669 2 2 1 1 1753 1738 1737
3670 2 2 1 1 1753 1737 1752
3671 2 2 1 1 1754 1739 1738
3672 2 2 1 1 1754 1738 1753
3673 2 2 1 1 1755 1740 1739
3674 2 2 1 1 1755 1739 1754
3675 2 2 1 1 1756 1741 1740
3676 2 2 1 1 1756 1740 1755
3677 2 2 1 1 1757 1742 1741
3678 2 2 1 1 1757 1741 1756
3679 2 2 1 1 1758 1744 1742
3680 2 2 1 1 1758 1742 1757
3681 2 2 1 1 1759 1760 1744
3682 2 2 1 1 1759 1744 1758
3683 2 2 1 1 1761 1748 1762
3684 2 2 1 1 1761 1762 1763
3685 2 2 1 1 1764 1746 1748
3686 2 2 1 1 1764 1748 1761
3687 2 2 1 1 1765 1749 1746
3688 2 2 1 1 1765 1746 1764
3689 2 2 1 1 1766 1750 1749
3690 2 2 1 1 1766 1749 1765
3691 2 2 1 1 1767 1751 1750
3692 2 2 1 1 1767 1750 1766
3693 2 2 1 1 1768 1752 1751
3694 2 2 1 1 1768 1751 1767
3695 2 2 1 1 1769 1753 1752
3696 2 2 1 1 1769 1752 1768
3697 2 2 1 1 1770 1754 1753
3698 2 2 1 1 1770 1753 1769
3699 2 2 1 1 1771 1755 1754
3700 2 2 1 1 1771 1754 1770
3701 2 2 1 1 1772 1756 1755
3702 2 2 1 1 1772 1755 1771
3703 2 2 1 1 1773 1757 1756
3704 2 2 1 1 1773 1756 1772
3705 2 2 1 1 1774 1758 1757
3706 2 2 1 1 1774 1757 1773
3707 2 2 1 1 1775 1759 1758
3708 2 2 1 1 1775 1758 1774
3709 2 2 1 1 1776 1777 1759
3710 2 2 1 1 1776 1759 1775
3711 2 2 1 1 1778 1779 1763
3712 2 2 1 1 1778 1763 1763
3713 2 2 1 1 1780 1761 1763
3714 2 2 1 1 1780 1763 1779
3715 2 2 1 1 1781 1764 1761
3716 2 2 1 1 1781 1761 1780
3717 2 2 1 1 1782 1765 1764
3718 2 2 1 1 1782 1764 1781
3719 2 2 1 1 1783 1766 1765
3720 2 2 1 1 1783 1765 1782
3721 2 2 1 1 1784 1767 1766
3722 2 2 1 1 1784 1766 1783
3723 2 2 1 1 1785 1768 1767
3724 2 2 1 1 1785 1767 1784
3725 2 2 1 1 1786 1769 1768
3726 2 2 1 1 1786 1768 1785
3727 2 2 1 1 1787 1770 1769
3728 2 2 1 1 1787 1769 1786
3729 2 2 1 1 1788 1771 1770
3730 2 2 1 1 1788 1770 1787
3731 2 2 1 1 1789 1772 1771
3732 2 2 1 1 1789 1771 1788
3733 2 2 1 1 1790 1773 1772
3734 2 2 1 1 1790 1772 1789
3735 2 2 1 1 1791 1774 1773
3736 2 2 1 1 1791 1773 1790
3737 2 2 1 1 1792 1775 1774
3738 2 2 1 1 1792 1774 1791
3739 2 2 1 1 1793 1776 1775
3740 2 2 1 1 1793 1775 1792
3741 2 2 1 1 1794 1779 1778
3742 2 2 1 1 1794 1778 1795
3743 2 2 1 1 1796 1780 1779
3744 2 2 1 1 1796 1779 1794
3745 2 2 1 1 1797 1781 1780
3746 2 2 1 1 1797 1780 1796
3747 2 2 1 1 1798 1782 1781
3748 2 2 1 1 1798 1781 1797
3749 2 2 1 1 1799 1783 1782
3750 2 2 1 1 1799 1782 1798
3751 2 2 1 1 1800 1784 1783
3752 2 2 1 1 1800 1783 1799
3753 2 2 1 1 1801 1785 1784
3754 2 2 1 1 1801 1784 1800
3755 2 2 1 1 1802 1786 1785
3756 2 2 1 1 1802 1785 1801
3757 2 2 1 1 1803 1787 1786
3758 2 2 1 1 1803 1786 1802
3759 2 2 1 1 1804 1788 1787
3760 2 2 1 1 1804 1787 1803
3761 2 2 1 1 1805 1789 1788
3762 2 2 1 1 1805 1788 1804
3763 2 2 1 1 1806 1790 1789
3764 2 2 1 1 1806 1789 1805
3765 2 2 1 1 1807 1791 1790
3766 2 2 1 1 1807 1790 1806
3767 2 2 1 1 1808 1792 1791
3768 2 2 1 1 1808 1791 1807
3769 2 2 1 1 1809 1793 1792
3770 2 2 1 1 1809 1792 1808
3771 2 2 1 1 1810 1811 1793
3772 2 2 1 1 1810 1793 1809
3773 2 2 1 1 1812 1794 1795
3774 2 2 1 1 1812 1795 1813
3775 2 2 1 1 1814 1796 1794
3776 2 2 1 1 1814 1794 1812
3777 2 2 1 1 1815 1797 1796
3778 2 2 1 1 1815 1796 1814
3779 2 2 1 1 1816 1798 1797
3780 2 2 1 1 1816 1797 1815
3781 2 2 1 1 1817 1799 1798
3782 2 2 1 1 1817 1798 1816
3783 2 2 1 1 1818 1800 1799
3784 2 2 1 1 1818 1799 1817
3785 2 2 1 1 1819 1801 1800
3786 2 2 1 1 1819 1800 1818
3787 2 2 1 1 1820 1802 1801
3788 2 2 1 1 1820 1801 1819
3789 2 2 1 1 1821 1803 1802
3790 2 2 1 1 1821 1802 1820
3791 2 2 1 1 1822 1804 1803
3792 2 2 1 1 1822 1803 1821
3793 2 2 1 1 1823 1805 1804
3794 2 2 1 1 1823 1804 1822
3795 2 2 1 1 1824 1806 1805
3796 2 2 1 1 1824 1805 1823
3797 2 2 1 1 1825 1807 1806
3798 2 2 1 1 1825 1806 1824
3799 2 2 1 1 1826 1808 1807
3800 2 2 1 1 1826 1807 1825
3801 2 2 1 1 1827 1809 1808
3802 2 2 1 1 1827 1808 1826
3803 2 2 1 1 1828 1810 1809
3804 2 2 1 1 1828 1809 1827
3805 2 2 1 1 1829 1812 1813
3806 2 2 1 1 1829 1813 1830
3807 2 2 1 1 1831 1814 1812
3808 2 2 1 1 1831 1812 1829
3809 2 2 1 1 1832 1815 1814
3810 2 2 1 1 1832 1814 1831
3811 2 2 1 1 1833 1816 1815
3812 2 2 1 1 1833 1815 1832
3813 2 2 1 1 1834 1817 1816
3814 2 2 1 1 1834 1816 1833
3815 2 2 1 1 1835 1818 1817
3816 2 2 1 1 1835 1817 1834
3817 2 2 1 1 1836 1819 1818
3818 2 2 1 1 1836 1818 1835
3819 2 2 1 1 1837 1820 1819
3820 2 2 1 1 1837 1819 1836
3821 2 2 1 1 1838 1821 1820
3822 2 2 1 1 1838 1820 1837
3823 2 2 1 1 1839 1822 1821
3824 2 2 1 1 1839 1821 1838
3825 2 2 1 1 1840 1823 1822
3826 2 2 1 1 1840 1822 1839
3827 2 2 1 1 1841 1824 1823
3828 2 2 1 1 1841 1823 1840
3829 2 2 1 1 1842 1825 1824
3830 2 2 1 1 1842 1824 1841
3831 2 2 1 1 1843 1826 1825
3832 2 2 1 1 1843 1825 1842
3833 2 2 1 1 1844 1827 1826
3834 2 2 1 1 1844 1826 1843
3835 2 2 1 1 1845 1828 1827
3836 2 2 1 1 1845 1827 1844
3837 2 2 1 1 1846 1829 1830
3838 2 2 1 1 1846 1830 1847
3839 2 2 1 1 1848 1831 1829
3840 2 2 1 1 1848 1829 1846
3841 2 2 1 1 1849 1832 1831
3842 2 2 1 1 1849 1831 1848
3843 2 2 1 1 1850 1833 1832
3844 2 2 1 1 1850 1832 1849
3845 2 2 1 1 1851 1834 1833
3846 2 2 1 1 1851 1833 1850
3847 2 2 1 1 1852 1835 1834
3848 2 2 1 1 1852 1834 1851
3849 2 2 1 1 1853 1836 1835
3850 2 2 1 1 1853 1835 1852
3851 2 2 1 1 1854 1837 1836
3852 2 2 1 1 1854 1836 1853
3853 2 2 1 1 1855 1838 1837
3854 2 2 1 1 1855 1837 1854
3855 2 2 1 1 1856 1839 1838
3856 2 2 1 1 1856 1838 1855
3857 2 2 1 1 1857 1840 1839
3858 2 2 1 1 1857 1839 1856
3859 2 2 1 1 1858 1841 1840
3860 2 2 1 1 1858 1840 1857
3861 2 2 1 1 1859 1842 1841
3862 2 2 1 1 1859 1841 1858
3863 2 2 1 1 1860 1843 1842
3864 2 2 1 1 1860 1842 1859
3865 2 2 1 1 1861 1844 1843
3866 2 2 1 1 1861 1843 1860
3867 2 2 1 1 1862 1845 1844
3868 2 2 1 1 1862 1844 1861
3869 2 2 1 1 1863 1846 1847
3870 2 2 1 1 1863 1847 1864
3871 2 2 1 1 1865 1848 1846
3872 2 2 1 1 1865 1846 1863
3873 2 2 1 1 1866 1849 1848
3874 2 2 1 1 1866 1848 1865
3875 2 2 1 1 1867 1850 1849
3876 2 2 1 1 1867 1849 1866
3877 2 2 1 1 1868 1851 1850
3878 2 2 1 1 1868 1850 1867
3879 2 2 1 1 1869 1852 1851
3880 2 2 1 1 1869 1851 1868
3881 2 2 1 1 1870 1853 1852
3882 2 2 1 1 1870 1852 1869
3883 2 2 1 1 1871 1854 1853
3884 2 2 1 1 1871 1853 1870
3885 2 2 1 1 1872 1855 1854
3886 2 2 1 1 1872 1854 1871
3887 2 2 1 1 1873 1856 1855
3888 2 2 1 1 1873 1855 1872
3889 2 2 1 1 1874 1857 1856
3890 2 2 1 1 1874 1856 1873
3891 2 2 1 1 1875 1858 1857
3892 2 2 1 1 1875 1857 1874
3893 2 2 1 1 1876 1859 1858
3894 2 2 1 1 1876 1858 1875
3895 2 2 1 1 1877 1860 1859
3896 2 2 1 1 1877 1859 1876
3897 2 2 1 1 1878 1861 1860
3898 2 2 1 1 1878 1860 1877
3899 2 2 1 1 1879 1862 1861
3900 2 2 1 1 1879 1861 1878
3901 2 2 1 1 1880 1863 1864
3902 2 2 1 1 1880 1864 1881
3903 2 2 1 1 1882 1865 1863
3904 2 2 1 1 1882 1863 1880
3905 2 2 1 1 1883 1866 1865
3906 2 2 1 1 1883 1865 1882
3907 2 2 1 1 1884 1867 1866
3908 2 2 1 1 1884 1866 1883
3909 2 2 1 1 1885 1868 1867
3910 2 2 1 1 1885 1867 1884
3911 2 2 1 1 1886 1869 1868
3912 2 2 1 1 1886 1868 1885
3913 2 2 1 1 1887 1870 1869
3914 2 2 1 1 1887 1869 1886
3915 2 2 1 1 1888 1871 1870
3916 2 2 1 1 1888 1870 1887
3917 2 2 1 1 1889 1872 1871
3918 2 2 1 1 1889 1871 1888
3919 2 2 1 1 1890 1873 1872
3920 2 2 1 1 1890 1872 1889
3921 2 2 1 1 1891 1874 1873
3922 2 2 1 1 1891 1873 1890
3923 2 2 1 1 1892 1875 1874
3924 2 2 1 1 1892 1874 1891
3925 2 2 1 1 1893 1876 1875
3926 2 2 1 1 1893 1875 1892
3927 2 2 1 1 1894 1877 1876
3928 2 2 1 1 1894 1876 1893
3929 2 2 1 1 1895 1878 1877
3930 2 2 1 1 1895 1877 1894
3931 2 2 1 1 1896 1879 1878
3932 2 2 1 1 1896 1878 1895
3933 2 2 1 1 1897 1882 1880
3934 2 2 1 1 1897 1880 1898
3935 2 2 1 1 1899 1883 1882
3936 2 2 1 1 1899 1882 1897
3937 2 2 1 1 1900 1884 1883
3938 2 2 1 1 1900 1883 1899
3939 2 2 1 1 1901 1885 1884
3940 2 2 1 1 1901 1884 1900
3941 2 2 1 1 1902 1886 1885
3942 2 2 1 1 1902 1885 1901
3943 2 2 1 1 1903 1887 1886
3944 2 2 1 1 1903 1886 1902
3945 2 2 1 1 1904 1888 1887
3946 2 2 1 1 1904 1887 1903
3947 2 2 1 1 1905 1889 1888
3948 2 2 1 1 1905 1888 1904
3949 2 2 1 1 1906 1890 1889
3950 2 2 1 1 1906 1889 1905
3951 2 2 1 1 1907 1891 1890
3952 2 2 1 1 1907 1890 1906
3953 2 2 1 1 1908 1892 1891
3954 2 2 1 1 1908 1891 1907
3955 2 2 1 1 1909 1893 1892
3956 2 2 1 1 1909 1892 1908
3957 2 2 1 1 1910 1894 1893
3958 2 2 1 1 1910 1893 1909
3959 2 2 1 1 1911 1895 1894
3960 2 2 1 1 1911 1894 1910
3961 2 2 1 1 1912 1897 1898
3962 2 2 1 1 1912 1898 1913
3963 2 2 1 1 1914 1899 1897
3964 2 2 1 1 1914 1897 1912
3965 2 2 1 1 1915 1900 1899
3966 2 2 1 1 1915 1899 1914
3967 2 2 1 1 1916 1901 1900
3968 2 2 1 1 1916 1900 1915
3969 2 2 1 1 1917 1902 1901
3970 2 2 1 1 1917 1901 1916
3971 2 2 1 1 1918 1903 1902
3972 2 2 1 1 1918 1902 1917
3973 2 2 1 1 1919 1904 1903
3974 2 2 1 1 1919 1903 1918
3975 2 2 1 1 1920 1905 1904
3976 2 2 1 1 1920 1904 1919
3977 2 2 1 1 1921 1906 1905
3978 2 2 1 1 1921 1905 1920
3979 2 2 1 1 1922 1907 1906
3980 2 2 1 1 1922 1906 1921
3981 2 2 1 1 1923 1908 1907
3982 2 2 1 1 1923 1907 1922
3983 2 2 1 1 1924 1909 1908
3984 2 2 1 1 1924 1908 1923
3985 2 2 1 1 1925 1910 1909
3986 2 2 1 1 1925 1909 1924
3987 2 2 1 1 1926 1911 1910
3988 2 2 1 1 1926 1910 1925
3989 2 2 1 1 1927 1914 1912
3990 2 2 1 1 1927 1912 1928
3991 2 2 1 1 1929 1915 1914
3992 2 2 1 1 1929 1914 1927
3993 2 2 1 1 1930 1916 1915
3994 2 2 1 1 1930 1915 1929
3995 2 2 1 1 1931 1917 1916
3996 2 2 1 1 1931 1916 1930
3997 2 2 1 1 1932 1918 1917
3998 2 2 1 1 1932 1917 1931
3999 2 2 1 1 1933 1919 1918
4000 2 2 1 1 1933 1918 1932
4001 2 2 1 1 1934 1920 1919
4002 2 2 1 1 1934 1919 1933
4003 2 2 1 1 1935 1921 1920
4004 2 2 1 1 1935 1920 1934
4005 2 2 1 1 1936 1922 1921
4006 2 2 1 1 1936 1921 1935
4007 2 2 1 1 1937 1923 1922
4008 2 2 1 1 1937 1922 1936
4009 2 2 1 1 1938 1924 1923
4010 2 2 1 1 1938 1923 1937
4011 2 2 1 1 1939 1925 1924
4012 2 2 1 1 1939 1924 1938
4013 2 2 1 1 1940 1929 1927
4014 2 2 1 1 1940 1927 1941
4015 2 2 1 1 1942 1930 1929
4016 2 2 1 1 1942 1929 1940
4017 2 2 1 1 1943 1931 1930
4018 2 2 1 1 1943 1930 1942
4019 2 2 1 1 1944 1932 1931
4020 2 2 1 1 1944 1931 1943
4021 2 2 1 1 1945 1933 1932
4022 2 2 1 1 1945 1932 1944
4023 2 2 1 1 1946 1934 1933
4024 2 2 1 1 1946 1933 1945
4025 2 2 1 1 1947 1935 1934
4026 2 2 1 1 1947 1934 1946
4027 2 2 1 1 1948 1936 1935
4028 2 2 1 1 1948 1935 1947
4029 2 2 1 1 1949 1937 1936
4030 2 2 1 1 1949 1936 1948
4031 2 2 1 1 1950 1938 1937
4032 2 2 1 1 1950 1937 1949
4033 2 2 1 1 1951 1943 1942
4034 2 2 1 1 1951 1942 1952
4035 2 2 1 1 1953 1944 1943
4036 2 2 1 1 1953 1943 1951
4037 2 2 1 1 1954 1945 1944
4038 2 2 1 1 1954 1944 1953
4039 2 2 1 1 1955 1946 1945
4040 2 2 1 1 1955 1945 1954
4041 2 2 1 1 1956 1947 1946
4042 2 2 1 1 1956 1946 1955
4043 2 2 1 1 1957 1948 1947
4044 2 2 1 1 1957 1947 1956
4045 2 2 1 1 1486 1717 1487
4046 2 2 1 1 1486 1487 1487
4047 2 2 1 1 1489 1733 1486
4048 2 2 1 1 1489 1486 1486
4049 2 2 1 1 1733 1717 1486
4050 2 2 1 1 1733 1486 1486
4051 2 2 1 1 1489 1488 1747
4052 2 2 1 1 1489 1747 1747
4053 2 2 1 1 1491 1747 1488
4054 2 2 1 1 1491 1488 1488
4055 2 2 1 1 1733 1489 1734
4056 2 2 1 1 1733 1734 1734
4057 2 2 1 1 1719 1487 1717
4058 2 2 1 1 1719 1717 1717
4059 2 2 1 1 1723 1483 1482
4060 2 2 1 1 1723 1482 1482
4061 2 2 1 1 1450 1483 1725
4062 2 2 1 1 1450 1725 1725
4063 2 2 1 1 1485 1721 1482
4064 2 2 1 1 1485 1482 1482
4065 2 2 1 1 1485 1719 1721
4066 2 2 1 1 1485 1721 1721
4067 2 2 1 1 1487 1719 1484
4068 2 2 1 1 1487 1484 1484
4069 2 2 1 1 1721 1723 1482
4070 2 2 1 1 1721 1482 1482
4071 2 2 1 1 1719 1485 1484
4072 2 2 1 1 1719 1484 1484
4073 2 2 1 1 1483 1723 1725
4074 2 2 1 1 1483 1725 1725
4075 2 2 1 1 1489 1747 1734
4076 2 2 1 1 1489 1734 1734
4077 2 2 1 1 1778 1492 1495
4078 2 2 1 1 1778 1495 1495
4079 2 2 1 1 1495 1795 1778
4080 2 2 1 1 1495 1778 1778
4081 2 2 1 1 1795 1495 1494
4082 2 2 1 1 1795 1494 1494
4083 2 2 1 1 1493 1492 1778
4084 2 2 1 1 1493 1778 1778
4085 2 2 1 1 1830 1813 1496
4086 2 2 1 1 1830 1496 1496
4087 2 2 1 1 1795 1494 1813
4088 2 2 1 1 1795 1813 1813
4089 2 2 1 1 1496 1813 1494
4090 2 2 1 1 1496 1494 1494
4091 2 2 1 1 1830 1496 1497
4092 2 2 1 1 1830 1497 1497
4093 2 2 1 1 1748 1491 1762
4094 2 2 1 1 1748 1762 1762
4095 2 2 1 1 1490 1762 1491
4096 2 2 1 1 1490 1491 1491
4097 2 2 1 1 1491 1748 1747
4098 2 2 1 1 1491 1747 1747
4099 2 2 1 1 1493 1778 1763
4100 2 2 1 1 1493 1763 1763
4101 2 2 1 1 1762 1490 1763
4102 2 2 1 1 1762 1763 1763
4103 2 2 1 1 1493 1763 1490
4104 2 2 1 1 1493 1490 1490
4105 2 2 1 1 1830 1497 1499
4106 2 2 1 1 1830 1499 1499
4107 2 2 1 1 1727 1447 1449
4108 2 2 1 1 1727 1449 1449
4109 2 2 1 1 1450 1725 1449
4110 2 2 1 1 1450 1449 1449
4111 2 2 1 1 1447 1729 1448
4112 2 2 1 1 1447 1448 1448
4113 2 2 1 1 1725 1727 1449
4114 2 2 1 1 1725 1449 1449
4115 2 2 1 1 1447 1727 1729
4116 2 2 1 1 1447 1729 1729
4117 2 2 1 1 1743 1731 1730
4118 2 2 1 1 1743 1730 1730
4119 2 2 1 1 1448 1729 1731
4120 2 2 1 1 1448 1731 1731
4121 2 2 1 1 1445 1448 1731
4122 2 2 1 1 1445 1731 1731
4123 2 2 1 1 1445 1731 1446
4124 2 2 1 1 1445 1446 1446
4125 2 2 1 1 1743 1446 1731
4126 2 2 1 1 1743 1731 1731
4127 2 2 1 1 1743 1444 1446
4128 2 2 1 1 1743 1446 1446
4129 2 2 1 1 1444 1743 1745
4130 2 2 1 1 1444 1745 1745
4131 2 2 1 1 1442 1745 1744
4132 2 2 1 1 1442 1744 1744
4133 2 2 1 1 1442 1760 1443
4134 2 2 1 1 1442 1443 1443
4135 2 2 1 1 1760 1442 1744
4136 2 2 1 1 1760 1744 1744
4137 2 2 1 1 1444 1745 1442
4138 2 2 1 1 1444 1442 1442
4139 2 2 1 1 1440 1760 1759
4140 2 2 1 1 1440 1759 1759
4141 2 2 1 1 1441 1440 1777
4142 2 2 1 1 1441 1777 1777
4143 2 2 1 1 1759 1777 1440
4144 2 2 1 1 1759 1440 1440
4145 2 2 1 1 1443 1760 1440
4146 2 2 1 1 1443 1440 1440
4147 2 2 1 1 1811 1438 1776
4148 2 2 1 1 1811 1776 1776
4149 2 2 1 1 1776 1438 1441
4150 2 2 1 1 1776 1441 1441
4151 2 2 1 1 1811 1776 1793
4152 2 2 1 1 1811 1793 1793
4153 2 2 1 1 1777 1776 1441
4154 2 2 1 1 1777 1441 1441
4155 2 2 1 1 1436 1811 1810
4156 2 2 1 1 1436 1810 1810
4157 2 2 1 1 1811 1436 1439
4158 2 2 1 1 1811 1439 1439
4159 2 2 1 1 1436 1810 1437
4160 2 2 1 1 1436 1437 1437
4161 2 2 1 1 1438 1811 1439
4162 2 2 1 1 1438 1439 1439
4163 2 2 1 1 1435 1828 1845
4164 2 2 1 1 1435 1845 1845
4165 2 2 1 1 1828 1435 1437
4166 2 2 1 1 1828 1437 1437
4167 2 2 1 1 1435 1845 1434
4168 2 2 1 1 1435 1434 1434
4169 2 2 1 1 1810 1828 1437
4170 2 2 1 1 1810 1437 1437
4171 2 2 1 1 1847 1499 1498
4172 2 2 1 1 1847 1498 1498
4173 2 2 1 1 1864 1847 1498
4174 2 2 1 1 1864 1498 1498
4175 2 2 1 1 1881 1501 1500
4176 2 2 1 1 1881 1500 1500
4177 2 2 1 1 1501 1881 1864
4178 2 2 1 1 1501 1864 1864
4179 2 2 1 1 1881 1500 1503
4180 2 2 1 1 1881 1503 1503
4181 2 2 1 1 1498 1501 1864
4182 2 2 1 1 1498 1864 1864
4183 2 2 1 1 1898 1503 1502
4184 2 2 1 1 1898 1502 1502
4185 2 2 1 1 1898 1880 1881
4186 2 2 1 1 1898 1881 1881
4187 2 2 1 1 1898 1502 1913
4188 2 2 1 1 1898 1913 1913
4189 2 2 1 1 1503 1898 1881
4190 2 2 1 1 1503 1881 1881
4191 2 2 1 1 1912 1913 1505
4192 2 2 1 1 1912 1505 1505
4193 2 2 1 1 1502 1505 1913
4194 2 2 1 1 1502 1913 1913
4195 2 2 1 1 1505 1928 1912
4196 2 2 1 1 1505 1912 1912
4197 2 2 1 1 1928 1505 1504
4198 2 2 1 1 1928 1504 1504
4199 2 2 1 1 1928 1507 1927
4200 2 2 1 1 1928 1927 1927
4201 2 2 1 1 1507 1941 1927
4202 2 2 1 1 1507 1927 1927
4203 2 2 1 1 1941 1507 1506
4204 2 2 1 1 1941 1506 1506
4205 2 2 1 1 1504 1507 1928
4206 2 2 1 1 1504 1928 1928
4207 2 2 1 1 1940 1506 1509
4208 2 2 1 1 1940 1509 1509
4209 2 2 1 1 1508 1952 1509
4210 2 2 1 1 1508 1509 1509
4211 2 2 1 1 1940 1509 1952
4212 2 2 1 1 1940 1952 1952
4213 2 2 1 1 1941 1506 1940
4214 2 2 1 1 1941 1940 1940
4215 2 2 1 1 1940 1952 1942
4216 2 2 1 1 1940 1942 1942
4217 2 2 1 1 1510 1953 1951
4218 2 2 1 1 1510 1951 1951
4219 2 2 1 1 1951 1952 1511
4220 2 2 1 1 1951 1511 1511
4221 2 2 1 1 1510 1512 1953
4222 2 2 1 1 1510 1953 1953
4223 2 2 1 1 1419 1954 1512
4224 2 2 1 1 1419 1512 1512
4225 2 2 1 1 1512 1954 1953
4226 2 2 1 1 1512 1953 1953
4227 2 2 1 1 1511 1510 1951
4228 2 2 1 1 1511 1951 1951
4229 2 2 1 1 1511 1952 1508
4230 2 2 1 1 1511 1508 1508
4231 2 2 1 1 1911 1896 1895
4232 2 2 1 1 1911 1895 1895
4233 2 2 1 1 1911 1429 1428
4234 2 2 1 1 1911 1428 1428
4235 2 2 1 1 1429 1911 1926
4236 2 2 1 1 1429 1926 1926
4237 2 2 1 1 1428 1896 1911
4238 2 2 1 1 1428 1911 1911
4239 2 2 1 1 1939 1426 1925
4240 2 2 1 1 1939 1925 1925
4241 2 2 1 1 1429 1926 1426
4242 2 2 1 1 1429 1426 1426
4243 2 2 1 1 1925 1426 1926
4244 2 2 1 1 1925 1926 1926
4245 2 2 1 1 1432 1862 1433
4246 2 2 1 1 1432 1433 1433
4247 2 2 1 1 1879 1433 1862
4248 2 2 1 1 1879 1862 1862
4249 2 2 1 1 1432 1434 1845
4250 2 2 1 1 1432 1845 1845
4251 2 2 1 1 1432 1845 1862
4252 2 2 1 1 1432 1862 1862
4253 2 2 1 1 1430 1879 1896
4254 2 2 1 1 1430 1896 1896
4255 2 2 1 1 1896 1431 1430
4256 2 2 1 1 1896 1430 1430
4257 2 2 1 1 1431 1896 1428
4258 2 2 1 1 1431 1428 1428
4259 2 2 1 1 1433 1879 1430
4260 2 2 1 1 1433 1430 1430
4261 2 2 1 1 1421 1956 1955
4262 2 2 1 1 1421 1955 1955
4263 2 2 1 1 1949 1948 1957
4264 2 2 1 1 1949 1957 1957
4265 2 2 1 1 1957 1956 1420
4266 2 2 1 1 1957 1420 1420
4267 2 2 1 1 1955 1418 1421
4268 2 2 1 1 1955 1421 1421
4269 2 2 1 1 1421 1420 1956
4270 2 2 1 1 1421 1956 1956
4271 2 2 1 1 1955 1954 1418
4272 2 2 1 1 1955 1418 1418
4273 2 2 1 1 1418 1954 1419
4274 2 2 1 1 1418 1419 1419
4275 2 2 1 1 1423 1957 1420
4276 2 2 1 1 1423 1420 1420
4277 2 2 1 1 1424 1938 1950
4278 2 2 1 1 1424 1950 1950
4279 2 2 1 1 1939 1938 1424
4280 2 2 1 1 1939 1424 1424
4281 2 2 1 1 1426 1939 1427
4282 2 2 1 1 1426 1427 1427
4283 2 2 1 1 1424 1427 1939
4284 2 2 1 1 1424 1939 1939
4285 2 2 1 1 1422 1425 1949
4286 2 2 1 1 1422 1949 1949
4287 2 2 1 1 1424 1950 1425
4288 2 2 1 1 1424 1425 1425
4289 2 2 1 1 1425 1950 1949
4290 2 2 1 1 1425 1949 1949
4291 2 2 1 1 1422 1949 1957
4292 2 2 1 1 1422 1957 1957
4293 2 2 1 1 1422 1957 1423
4294 2 2 1 1 1422 1423 1423
4295 2 2 1 1 1499 1847 1830
4296 2 2 1 1 1499 1830 1830
4297 2 2 1 1 1958 1959 1960
4298 2 2 1 1 1958 1960 1961
4299 2 2 1 1 1962 1963 1959
4300 2 2 1 1 1962 1959 1958
4301 2 2 1 1 1964 1965 1963
4302 2 2 1 1 1964 1963 1962
4303 2 2 1 1 1966 1967 1965
4304 2 2 1 1 1966 1965 1964
4305 2 2 1 1 1968 1969 1967
4306 2 2 1 1 1968 1967 1966
4307 2 2 1 1 1970 1971 1969
4308 2 2 1 1 1970 1969 1968
4309 2 2 1 1 1972 1973 1971
4310 2 2 1 1 1972 1971 1970
4311 2 2 1 1 1974 1975 1973
4312 2 2 1 1 1974 1973 1972
4313 2 2 1 1 1976 1977 1975
4314 2 2 1 1 1976 1975 1974
4315 2 2 1 1 1978 1979 1977
4316 2 2 1 1 1978 1977 1976
4317 2 2 1 1 1980 1981 1979
4318 2 2 1 1 1980 1979 1978
4319 2 2 1 1 1982 1983 1981
4320 2 2 1 1 1982 1981 1980
4321 2 2 1 1 1984 1985 1983
4322 2 2 1 1 1984 1983 1982
4323 2 2 1 1 1986 1987 1985
4324 2 2 1 1 1986 1985 1984
4325 2 2 1 1 1988 1989 1987
4326 2 2 1 1 1988 1987 1986
4327 2 2 1 1 1990 1991 1989
4328 2 2 1 1 1990 1989 1988
4329 2 2 1 1 1992 1993 1991
4330 2 2 1 1 1992 1991 1990
4331 2 2 1 1 1994 1958 1961
4332 2 2 1 1 1994 1961 1995
4333 2 2 1 1 1996 1962 1958
4334 2 2 1 1 1996 1958 1994
4335 2 2 1 1 1997 1964 1962
4336 2 2 1 1 1997 1962 1996
4337 2 2 1 1 1998 1966 1964
4338 2 2 1 1 1998 1964 1997
4339 2 2 1 1 1999 1968 1966
4340 2 2 1 1 1999 1966 1998
4341 2 2 1 1 2000 1970 1968
4342 2 2 1 1 2000 1968 1999
4343 2 2 1 1 2001 1972 1970
4344 2 2 1 1 2001 1970 2000
4345 2 2 1 1 2002 1974 1972
4346 2 2 1 1 2002 1972 2001
4347 2 2 1 1 2003 1976 1974
4348 2 2 1 1 2003 1974 2002
4349 2 2 1 1 2004 1978 1976
4350 2 2 1 1 2004 1976 2003
4351 2 2 1 1 2005 1980 1978
4352 2 2 1 1 2005 1978 2004
4353 2 2 1 1 2006 1982 1980
4354 2 2 1 1 2006 1980 2005
4355 2 2 1 1 2007 1984 1982
4356 2 2 1 1 2007 1982 2006
4357 2 2 1 1 2008 1986 1984
4358 2 2 1 1 2008 1984 2007
4359 2 2 1 1 2009 1988 1986
4360 2 2 1 1 2009 1986 2008
4361 2 2 1 1 2010 1990 1988
4362 2 2 1 1 2010 1988 2009
4363 2 2 1 1 2011 1992 1990
4364 2 2 1 1 2011 1990 2010
4365 2 2 1 1 2012 1994 1995
4366 2 2 1 1 2012 1995 2013
4367 2 2 1 1 2014 1996 1994
4368 2 2 1 1 2014 1994 2012
4369 2 2 1 1 2015 1997 1996
4370 2 2 1 1 2015 1996 2014
4371 2 2 1 1 2016 1998 1997
4372 2 2 1 1 2016 1997 2015
4373 2 2 1 1 2017 1999 1998
4374 2 2 1 1 2017 1998 2016
4375 2 2 1 1 2018 2000 1999
4376 2 2 1 1 2018 1999 2017
4377 2 2 1 1 2019 2001 2000
4378 2 2 1 1 2019 2000 2018
4379 2 2 1 1 2020 2002 2001
4380 2 2 1 1 2020 2001 2019
4381 2 2 1 1 2021 2003 2002
4382 2 2 1 1 2021 2002 2020
4383 2 2 1 1 2022 2004 2003
4384 2 2 1 1 2022 2003 2021
4385 2 2 1 1 2023 2005 2004
4386 2 2 1 1 2023 2004 2022
4387 2 2 1 1 2024 2006 2005
4388 2 2 1 1 2024 2005 2023
4389 2 2 1 1 2025 2007 2006
4390 2 2 1 1 2025 2006 2024
4391 2 2 1 1 2026 2008 2007
4392 2 2 1 1 2026 2007 2025
4393 2 2 1 1 2027 2009 2008
4394 2 2 1 1 2027 2008 2026
4395 2 2 1 1 2028 2010 2009
4396 2 2 1 1 2028 2009 2027
4397 2 2 1 1 2029 2011 2010
4398 2 2 1 1 2029 2010 2028
4399 2 2 1 1 2030 2012 2013
4400 2 2 1 1 2030 2013 2031
4401 2 2 1 1 2032 2014 2012
4402 2 2 1 1 2032 2012 2030
4403 2 2 1 1 2033 2015 2014
4404 2 2 1 1 2033 2014 2032
4405 2 2 1 1 2034 2016 2015
4406 2 2 1 1 2034 2015 2033
4407 2 2 1 1 2035 2017 2016
4408 2 2 1 1 2035 2016 2034
4409 2 2 1 1 2036 2018 2017
4410 2 2 1 1 2036 2017 2035
4411 2 2 1 1 2037 2019 2018
4412 2 2 1 1 2037 2018 2036
4413 2 2 1 1 2038 2020 2019
4414 2 2 1 1 2038 2019 2037
4415 2 2 1 1 2039 2021 2020
4416 2 2 1 1 2039 2020 2038
4417 2 2 1 1 2040 2022 2021
4418 2 2 1 1 2040 2021 2039
4419 2 2 1 1 2041 2023 2022
4420 2 2 1 1 2041 2022 2040
4421 2 2 1 1 2042 2024 2023
4422 2 2 1 1 2042 2023 2041
4423 2 2 1 1 2043 2025 2024
4424 2 2 1 1 2043 2024 2042
4425 2 2 1 1 2044 2026 2025
4426 2 2 1 1 2044 2025 2043
4427 2 2 1 1 2045 2027 2026
4428 2 2 1 1 2045 2026 2044
4429 2 2 1 1 2046 2028 2027
4430 2 2 1 1 2046 2027 2045
4431 2 2 1 1 2047 2029 2028
4432 2 2 1 1 2047 2028 2046
4433 2 2 1 1 2048 2030 2031
4434 2 2 1 1 2048 2031 2049
4435 2 2 1 1 2050 2032 2030
4436 2 2 1 1 2050 2030 2048
4437 2 2 1 1 2051 2033 2032
4438 2 2 1 1 2051 2032 2050
4439 2 2 1 1 2052 2034 2033
4440 2 2 1 1 2052 2033 2051
4441 2 2 1 1 2053 2035 2034
4442 2 2 1 1 2053 2034 2052
4443 2 2 1 1 2054 2036 2035
4444 2 2 1 1 2054 2035 2053
4445 2 2 1 1 2055 2037 2036
4446 2 2 1 1 2055 2036 2054
4447 2 2 1 1 2056 2038 2037
4448 2 2 1 1 2056 2037 2055
4449 2 2 1 1 2057 2039 2038
4450 2 2 1 1 2057 2038 2056
4451 2 2 1 1 2058 2040 2039
4452 2 2 1 1 2058 2039 2057
4453 2 2 1 1 2059 2041 2040
4454 2 2 1 1 2059 2040 2058
4455 2 2 1 1 2060 2042 2041
4456 2 2 1 1 2060 2041 2059
4457 2 2 1 1 2061 2043 2042
4458 2 2 1 1 2061 2042 2060
4459 2 2 1 1 2062 2044 2043
4460 2 2 1 1 2062 2043 2061
4461 2 2 1 1 2063 2045 2044
4462 2 2 1 1 2063 2044 2062
4463 2 2 1 1 2064 2046 2045
4464 2 2 1 1 2064 2045 2063
4465 2 2 1 1 2065 2047 2046
4466 2 2 1 1 2065 2046 2064
4467 2 2 1 1 2066 2048 2049
4468 2 2 1 1 2066 2049 2067
4469 2 2 1 1 2068 2050 2048
4470 2 2 1 1 2068 2048 2066
4471 2 2 1 1 2069 2051 2050
4472 2 2 1 1 2069 2050 2068
4473 2 2 1 1 2070 2052 2051
4474 2 2 1 1 2070 2051 2069
4475 2 2 1 1 2071 2053 2052
4476 2 2 1 1 2071 2052 2070
4477 2 2 1 1 2072 2054 2053
4478 2 2 1 1 2072 2053 2071
4479 2 2 1 1 2073 2055 2054
4480 2 2 1 1 2073 2054 2072
4481 2 2 1 1 2074 2056 2055
4482 2 2 1 1 2074 2055 2073
4483 2 2 1 1 2075 2057 2056
4484 2 2 1 1 2075 2056 2074
4485 2 2 1 1 2076 2058 2057
4486 2 2 1 1 2076 2057 2075
4487 2 2 1 1 2077 2059 2058
4488 2 2 1 1 2077 2058 2076
4489 2 2 1 1 2078 2060 2059
4490 2 2 1 1 2078 2059 2077
4491 2 2 1 1 2079 2061 2060
4492 2 2 1 1 2079 2060 2078
4493 2 2 1 1 2080 2062 2061
4494 2 2 1 1 2080 2061 2079
4495 2 2 1 1 2081 2063 2062
4496 2 2 1 1 2081 2062 2080
4497 2 2 1 1 2082 2064 2063
4498 2 2 1 1 2082 2063 2081
4499 2 2 1 1 2083 2065 2064
4500 2 2 1 1 2083 2064 2082
4501 2 2 1 1 2084 2066 2067
4502 2 2 1 1 2084 2067 2085
4503 2 2 1 1 2086 2068 2066
4504 2 2 1 1 2086 2066 2084
4505 2 2 1 1 2087 2069 2068
4506 2 2 1 1 2087 2068 2086
4507 2 2 1 1 2088 2070 2069
4508 2 2 1 1 2088 2069 2087
4509 2 2 1 1 2089 2071 2070
4510 2 2 1 1 2089 2070 2088
4511 2 2 1 1 2090 2072 2071
4512 2 2 1 1 2090 2071 2089
4513 2 2 1 1 2091 2073 2072
4514 2 2 1 1 2091 2072 2090
4515 2 2 1 1 2092 2074 2073
4516 2 2 1 1 2092 2073 2091
4517 2 2 1 1 2093 2075 2074
4518 2 2 1 1 2093 2074 2092
4519 2 2 1 1 2094 2076 2075
4520 2 2 1 1 2094 2075 2093
4521 2 2 1 1 2095 2077 2076
4522 2 2 1 1 2095 2076 2094
4523 2 2 1 1 2096 2078 2077
4524 2 2 1 1 2096 2077 2095
4525 2 2 1 1 2097 2079 2078
4526 2 2 1 1 2097 2078 2096
4527 2 2 1 1 2098 2080 2079
4528 2 2 1 1 2098 2079 2097
4529 2 2 1 1 2099 2081 2080
4530 2 2 1 1 2099 2080 2098
4531 2 2 1 1 2100 2082 2081
4532 2 2 1 1 2100 2081 2099
4533 2 2 1 1 2101 2083 2082
4534 2 2 1 1 2101 2082 2100
4535 2 2 1 1 2102 2084 2085
4536 2 2 1 1 2102 2085 2103
4537 2 2 1 1 2104 2086 2084
4538 2 2 1 1 2104 2084 2102
4539 2 2 1 1 2105 2087 2086
4540 2 2 1 1 2105 2086 2104
4541 2 2 1 1 2106 2088 2087
4542 2 2 1 1 2106 2087 2105
4543 2 2 1 1 2107 2089 2088
4544 2 2 1 1 2107 2088 2106
4545 2 2 1 1 2108 2090 2089
4546 2 2 1 1 2108 2089 2107
4547 2 2 1 1 2109 2091 2090
4548 2 2 1 1 2109 2090 2108
4549 2 2 1 1 2110 2092 2091
4550 2 2 1 1 2110 2091 2109
4551 2 2 1 1 2111 2093 2092
4552 2 2 1 1 2111 2092 2110
4553 2 2 1 1 2112 2094 2093
4554 2 2 1 1 2112 2093 2111
4555 2 2 1 1 2113 2095 2094
4556 2 2 1 1 2113 2094 2112
4557 2 2 1 1 2114 2096 2095
4558 2 2 1 1 2114 2095 2113
4559 2 2 1 1 2115 2097 2096
4560 2 2 1 1 2115 2096 2114
4561 2 2 1 1 2116 2098 2097
4562 2 2 1 1 2116 2097 2115
4563 2 2 1 1 2117 2099 2098
4564 2 2 1 1 2117 2098 2116
4565 2 2 1 1 2118 2100 2099
4566 2 2 1 1 2118 2099 2117
4567 2 2 1 1 2119 2101 2100
4568 2 2 1 1 2119 2100 2118
4569 2 2 1 1 2120 2102 2103
4570 2 2 1 1 2120 2103 2121
4571 2 2 1 1 2122 2104 2102
4572 2 2 1 1 2122 2102 2120
4573 2 2 1 1 2123 2105 2104
4574 2 2 1 1 2123 2104 2122
4575 2 2 1 1 2124 2106 2105
4576 2 2 1 1 2124 2105 2123
4577 2 2 1 1 2125 2107 2106
4578 2 2 1 1 2125 2106 2124
4579 2 2 1 1 2126 2108 2107
4580 2 2 1 1 2126 2107 2125
4581 2 2 1 1 2127 2109 2108
4582 2 2 1 1 2127 2108 2126
4583 2 2 1 1 2128 2110 2109
4584 2 2 1 1 2128 2109 2127
4585 2 2 1 1 2129 2111 2110
4586 2 2 1 1 2129 2110 2128
4587 2 2 1 1 2130 2112 2111
4588 2 2 1 1 2130 2111 2129
4589 2 2 1 1 2131 2113 2112
4590 2 2 1 1 2131 2112 2130
4591 2 2 1 1 2132 2114 2113
4592 2 2 1 1 2132 2113 2131
4593 2 2 1 1 2133 2115 2114
4594 2 2 1 1 2133 2114 2132
4595 2 2 1 1 2134 2116 2115
4596 2 2 1 1 2134 2115 2133
4597 2 2 1 1 2135 2117 2116
4598 2 2 1 1 2135 2116 2134
4599 2 2 1 1 2136 2118 2117
4600 2 2 1 1 2136 2117 2135
4601 2 2 1 1 2137 2119 2118
4602 2 2 1 1 2137 2118 2136
4603 2 2 1 1 2138 2120 2121
4604 2 2 1 1 2138 2121 2139
4605 2 2 1 1 2140 2122 2120
4606 2 2 1 1 2140 2120 2138
4607 2 2 1 1 2141 2123 2122
4608 2 2 1 1 2141 2122 2140
4609 2 2 1 1 2142 2124 2123
4610 2 2 1 1 2142 2123 2141
4611 2 2 1 1 2143 2125 2124
4612 2 2 1 1 2143 2124 2142
4613 2 2 1 1 2144 2126 2125
4614 2 2 1 1 2144 2125 2143
4615 2 2 1 1 2145 2127 2126
4616 2 2 1 1 2145 2126 2144
4617 2 2 1 1 2146 2128 2127
4618 2 2 1 1 2146 2127 2145
4619 2 2 1 1 2147 2129 2128
4620 2 2 1 1 2147 2128 2146
4621 2 2 1 1 2148 2130 2129
4622 2 2 1 1 2148 2129 2147
4623 2 2 1 1 2149 2131 2130
4624 2 2 1 1 2149 2130 2148
4625 2 2 1 1 2150 2132 2131
4626 2 2 1 1 2150 2131 2149
4627 2 2 1 1 2151 2133 2132
4628 2 2 1 1 2151 2132 2150
4629 2 2 1 1 2152 2134 2133
4630 2 2 1 1 2152 2133 2151
4631 2 2 1 1 2153 2135 2134
4632 2 2 1 1 2153 2134 2152
4633 2 2 1 1 2154 2136 2135
4634 2 2 1 1 2154 2135 2153
4635 2 2 1 1 2155 2137 2136
4636 2 2 1 1 2155 2136 2154
4637 2 2 1 1 2156 2138 2139
4638 2 2 1 1 2156 2139 2157
4639 2 2 1 1 2158 2140 2138
4640 2 2 1 1 2158 2138 2156
4641 2 2 1 1 2159 2141 2140
4642 2 2 1 1 2159 2140 2158
4643 2 2 1 1 2160 2142 2141
4644 2 2 1 1 2160 2141 2159
4645 2 2 1 1 2161 2143 2142
4646 2 2 1 1 2161 2142 2160
4647 2 2 1 1 2162 2144 2143
4648 2 2 1 1 2162 2143 2161
4649 2 2 1 1 2163 2145 2144
4650 2 2 1 1 2163 2144 2162
4651 2 2 1 1 2164 2146 2145
4652 2 2 1 1 2164 2145 2163
4653 2 2 1 1 2165 2147 2146
4654 2 2 1 1 2165 2146 2164
4655 2 2 1 1 2166 2148 2147
4656 2 2 1 1 2166 2147 2165
4657 2 2 1 1 2167 2149 2148
4658 2 2 1 1 2167 2148 2166
4659 2 2 1 1 2168 2150 2149
4660 2 2 1 1 2168 2149 2167
4661 2 2 1 1 2169 2151 2150
4662 2 2 1 1 2169 2150 2168
4663 2 2 1 1 2170 2152 2151
4664 2 2 1 1 2170 2151 2169
4665 2 2 1 1 2171 2153 2152
4666 2 2 1 1 2171 2152 2170
4667 2 2 1 1 2172 2154 2153
4668 2 2 1 1 2172 2153 2171
4669 2 2 1 1 2173 2155 2154
4670 2 2 1 1 2173 2154 2172
4671 2 2 1 1 2174 2156 2157
4672 2 2 1 1 2174 2157 2175
4673 2 2 1 1 2176 2158 2156
4674 2 2 1 1 2176 2156 2174
4675 2 2 1 1 2177 2159 2158
4676 2 2 1 1 2177 2158 2176
4677 2 2 1 1 2178 2160 2159
4678 2 2 1 1 2178 2159 2177
4679 2 2 1 1 2179 2161 2160
4680 2 2 1 1 2179 2160 2178
4681 2 2 1 1 2180 2162 2161
4682 2 2 1 1 2180 2161 2179
4683 2 2 1 1 2181 2163 2162
4684 2 2 1 1 2181 2162 2180
4685 2 2 1 1 2182 2164 2163
4686 2 2 1 1 2182 2163 2181
4687 2 2 1 1 2183 2165 2164
4688 2 2 1 1 2183 2164 2182
4689 2 2 1 1 2184 2166 2165
4690 2 2 1 1 2184 2165 2183
4691 2 2 1 1 2185 2167 2166
4692 2 2 1 1 2185 2166 2184
4693 2 2 1 1 2186 2168 2167
4694 2 2 1 1 2186 2167 2185
4695 2 2 1 1 2187 2169 2168
4696 2 2 1 1 2187 2168 2186
4697 2 2 1 1 2188 2170 2169
4698 2 2 1 1 2188 2169 2187
4699 2 2 1 1 2189 2171 2170
4700 2 2 1 1 2189 2170 2188
4701 2 2 1 1 2190 2172 2171
4702 2 2 1 1 2190 2171 2189
4703 2 2 1 1 2191 2173 2172
4704 2 2 1 1 2191 2172 2190
4705 2 2 1 1 2192 2174 2175
4706 2 2 1 1 2192 2175 2193
4707 2 2 1 1 2194 2176 2174
4708 2 2 1 1 2194 2174 2192
4709 2 2 1 1 2195 2177 2176
4710 2 2 1 1 2195 2176 2194
4711 2 2 1 1 2196 2178 2177
4712 2 2 1 1 2196 2177 2195
4713 2 2 1 1 2197 2179 2178
4714 2 2 1 1 2197 2178 2196
4715 2 2 1 1 2198 2180 2179
4716 2 2 1 1 2198 2179 2197
4717 2 2 1 1 2199 2181 2180
4718 2 2 1 1 2199 2180 2198
4719 2 2 1 1 2200 2182 2181
4720 2 2 1 1 2200 2181 2199
4721 2 2 1 1 2201 2183 2182
4722 2 2 1 1 2201 2182 2200
4723 2 2 1 1 2202 2184 2183
4724 2 2 1 1 2202 2183 2201
4725 2 2 1 1 2203 2185 2184
4726 2 2 1 1 2203 2184 2202
4727 2 2 1 1 2204 2186 2185
4728 2 2 1 1 2204 2185 2203
4729 2 2 1 1 2205 2187 2186
4730 2 2 1 1 2205 2186 2204
4731 2 2 1 1 2206 2188 2187
4732 2 2 1 1 2206 2187 2205
4733 2 2 1 1 2207 2189 2188
4734 2 2 1 1 2207 2188 2206
4735 2 2 1 1 2208 2190 2189
4736 2 2 1 1 2208 2189 2207
4737 2 2 1 1 2209 2191 2190
4738 2 2 1 1 2209 2190 2208
4739 2 2 1 1 2210 2192 2193
4740 2 2 1 1 2210 2193 2211
4741 2 2 1 1 2212 2194 2192
4742 2 2 1 1 2212 2192 2210
4743 2 2 1 1 2213 2195 2194
4744 2 2 1 1 2213 2194 2212
4745 2 2 1 1 2214 2196 2195
4746 2 2 1 1 2214 2195 2213
4747 2 2 1 1 2215 2197 2196
4748 2 2 1 1 2215 2196 2214
4749 2 2 1 1 2216 2198 2197
4750 2 2 1 1 2216 2197 2215
4751 2 2 1 1 2217 2199 2198
4752 2 2 1 1 2217 2198 2216
4753 2 2 1 1 2218 2200 2199
4754 2 2 1 1 2218 2199 2217
4755 2 2 1 1 2219 2201 2200
4756 2 2 1 1 2219 2200 2218
4757 2 2 1 1 2220 2202 2201
4758 2 2 1 1 2220 2201 2219
4759 2 2 1 1 2221 2203 2202
4760 2 2 1 1 2221 2202 2220
4761 2 2 1 1 2222 2204 2203
4762 2 2 1 1 2222 2203 2221
4763 2 2 1 1 2223 2205 2204
4764 2 2 1 1 2223 2204 2222
4765 2 2 1 1 2224 2206 2205
4766 2 2 1 1 2224 2205 2223
4767 2 2 1 1 2225 2207 2206
4768 2 2 1 1 2225 2206 2224
4769 2 2 1 1 2226 2208 2207
4770 2 2 1 1 2226 2207 2225
4771 2 2 1 1 2227 2209 2208
4772 2 2 1 1 2227 2208 2226
4773 2 2 1 1 2228 2210 2211
4774 2 2 1 1 2228 2211 2229
4775 2 2 1 1 2230 2212 2210
4776 2 2 1 1 2230 2210 2228
4777 2 2 1 1 2231 2213 2212
4778 2 2 1 1 2231 2212 2230
4779 2 2 1 1 2232 2214 2213
4780 2 2 1 1 2232 2213 2231
4781 2 2 1 1 2233 2215 2214
4782 2 2 1 1 2233 2214 2232
4783 2 2 1 1 2234 2216 2215
4784 2 2 1 1 2234 2215 2233
4785 2 2 1 1 2235 2217 2216
4786 2 2 1 1 2235 2216 2234
4787 2 2 1 1 2236 2218 2217
4788 2 2 1 1 2236 2217 2235
4789 2 2 1 1 2237 2219 2218
4790 2 2 1 1 2237 2218 2236
4791 2 2 1 1 2238 2220 2219
4792 2 2 1 1 2238 2219 2237
4793 2 2 1 1 2239 2221 2220
4794 2 2 1 1 2239 2220 2238
4795 2 2 1 1 2240 2222 2221
4796 2 2 1 1 2240 2221 2239
4797 2 2 1 1 2241 2223 2222
4798 2 2 1 1 2241 2222 2240
4799 2 2 1 1 2242 2224 2223
4800 2 2 1 1 2242 2223 2241
4801 2 2 1 1 2243 2225 2224
4802 2 2 1 1 2243 2224 2242
4803 2 2 1 1 2244 2226 2225
4804 2 2 1 1 2244 2225 2243
4805 2 2 1 1 2245 2227 2226
4806 2 2 1 1 2245 2226 2244
4807 2 2 1 1 2246 2228 2229
4808 2 2 1 1 2246 2229 2247
4809 2 2 1 1 2248 2230 2228
4810 2 2 1 1 2248 2228 2246
4811 2 2 1 1 2249 2231 2230
4812 2 2 1 1 2249 2230 2248
4813 2 2 1 1 2250 2232 2231
4814 2 2 1 1 2250 2231 2249
4815 2 2 1 1 2251 2233 2232
4816 2 2 1 1 2251 2232 2250
4817 2 2 1 1 2252 2234 2233
4818 2 2 1 1 2252 2233 2251
4819 2 2 1 1 2253 2235 2234
4820 2 2 1 1 2253 2234 2252
4821 2 2 1 1 2254 2236 2235
4822 2 2 1 1 2254 2235 2253
4823 2 2 1 1 2255 2237 2236
4824 2 2 1 1 2255 2236 2254
4825 2 2 1 1 2256 2238 2237
4826 2 2 1 1 2256 2237 2255
4827 2 2 1 1 2257 2239 2238
4828 2 2 1 1 2257 2238 2256
4829 2 2 1 1 2258 2240 2239
4830 2 2 1 1 2258 2239 2257
4831 2 2 1 1 2259 2241 2240
4832 2 2 1 1 2259 2240 2258
4833 2 2 1 1 2260 2242 2241
4834 2 2 1 1 2260 2241 2259
4835 2 2 1 1 2261 2243 2242
4836 2 2 1 1 2261 2242 2260
4837 2 2 1 1 2262 2244 2243
4838 2 2 1 1 2262 2243 2261
4839 2 2 1 1 2263 2245 2244
4840 2 2 1 1 2263 2244 2262
4841 2 2 1 1 2264 2246 2247
4842 2 2 1 1 2264 2247 2265
4843 2 2 1 1 2266 2248 2246
4844 2 2 1 1 2266 2246 2264
4845 2 2 1 1 2267 2249 2248
4846 2 2 1 1 2267 2248 2266
4847 2 2 1 1 2268 2250 2249
4848 2 2 1 1 2268 2249 2267
4849 2 2 1 1 2269 2251 2250
4850 2 2 1 1 2269 2250 2268
4851 2 2 1 1 2270 2252 2251
4852 2 2 1 1 2270 2251 2269
4853 2 2 1 1 2271 2253 2252
4854 2 2 1 1 2271 2252 2270
4855 2 2 1 1 2272 2254 2253
4856 2 2 1 1 2272 2253 2271
4857 2 2 1 1 2273 2255 2254
4858 2 2 1 1 2273 2254 2272
4859 2 2 1 1 2274 2256 2255
4860 2 2 1 1 2274 2255 2273
4861 2 2 1 1 2275 2257 2256
4862 2 2 1 1 2275 2256 2274
4863 2 2 1 1 2276 2258 2257
4864 2 2 1 1 2276 2257 2275
4865 2 2 1 1 2277 2259 2258
4866 2 2 1 1 2277 2258 2276
4867 2 2 1 1 2278 2260 2259
4868 2 2 1 1 2278 2259 2277
4869 2 2 1 1 2279 2261 2260
4870 2 2 1 1 2279 2260 2278
4871 2 2 1 1 2280 2262 2261
4872 2 2 1 1 2280 2261 2279
4873 2 2 1 1 2281 2263 2262
4874 2 2 1 1 2281 2262 2280
4875 2 2 1 1 2282 2264 2265
4876 2 2 1 1 2282 2265 2283
4877 2 2 1 1 2284 2266 2264
4878 2 2 1 1 2284 2264 2282
4879 2 2 1 1 2285 2267 2266
4880 2 2 1 1 2285 2266 2284
4881 2 2 1 1 2286 2268 2267
4882 2 2 1 1 2286 2267 2285
4883 2 2 1 1 2287 2269 2268
4884 2 2 1 1 2287 2268 2286
4885 2 2 1 1 2288 2270 2269
4886 2 2 1 1 2288 2269 2287
4887 2 2 1 1 2289 2271 2270
4888 2 2 1 1 2289 2270 2288
4889 2 2 1 1 2290 2272 2271
4890 2 2 1 1 2290 2271 2289
4891 2 2 1 1 2291 2273 2272
4892 2 2 1 1 2291 2272 2290
4893 2 2 1 1 2292 2274 2273
4894 2 2 1 1 2292 2273 2291
4895 2 2 1 1 2293 2275 2274
4896 2 2 1 1 2293 2274 2292
4897 2 2 1 1 2294 2276 2275
4898 2 2 1 1 2294 2275 2293
4899 2 2 1 1 2295 2277 2276
4900 2 2 1 1 2295 2276 2294
4901 2 2 1 1 2296 2278 2277
4902 2 2 1 1 2296 2277 2295
4903 2 2 1 1 2297 2279 2278
4904 2 2 1 1 2297 2278 2296
4905 2 2 1 1 2298 2280 2279
4906 2 2 1 1 2298 2279 2297
4907 2 2 1 1 2299 2281 2280
4908 2 2 1 1 2299 2280 2298
4909 2 2 1 1 2300 2282 2283
4910 2 2 1 1 2300 2283 2301
4911 2 2 1 1 2302 2284 2282
4912 2 2 1 1 2302 2282 2300
4913 2 2 1 1 2303 2285 2284
4914 2 2 1 1 2303 2284 2302
4915 2 2 1 1 2304 2286 2285
4916 2 2 1 1 2304 2285 2303
4917 2 2 1 1 2305 2287 2286
4918 2 2 1 1 2305 2286 2304
4919 2 2 1 1 2306 2288 2287
4920 2 2 1 1 2306 2287 2305
4921 2 2 1 1 2307 2289 2288
4922 2 2 1 1 2307 2288 2306
4923 2 2 1 1 2308 2290 2289
4924 2 2 1 1 2308 2289 2307
4925 2 2 1 1 2309 2291 2290
4926 2 2 1 1 2309 2290 2308
4927 2 2 1 1 2310 2292 2291
4928 2 2 1 1 2310 2291 2309
4929 2 2 1 1 2311 2293 2292
4930 2 2 1 1 2311 2292 2310
4931 2 2 1 1 2312 2294 2293
4932 2 2 1 1 2312 2293 2311
4933 2 2 1 1 2313 2295 2294
4934 2 2 1 1 2313 2294 2312
4935 2 2 1 1 2314 2296 2295
4936 2 2 1 1 2314 2295 2313
4937 2 2 1 1 2315 2297 2296
4938 2 2 1 1 2315 2296 2314
4939 2 2 1 1 2316 2298 2297
4940 2 2 1 1 2316 2297 2315
4941 2 2 1 1 2317 2299 2298
4942 2 2 1 1 2317 2298 2316
4943 2 2 1 1 2318 2300 2301
4944 2 2 1 1 2318 2301 2319
4945 2 2 1 1 2320 2302 2300
4946 2 2 1 1 2320 2300 2318
4947 2 2 1 1 2321 2303 2302
4948 2 2 1 1 2321 2302 2320
4949 2 2 1 1 2322 2304 2303
4950 2 2 1 1 2322 2303 2321
4951 2 2 1 1 2323 2305 2304
4952 2 2 1 1 2323 2304 2322
4953 2 2 1 1 2324 2306 2305
4954 2 2 1 1 2324 2305 2323
4955 2 2 1 1 2325 2307 2306
4956 2 2 1 1 2325 2306 2324
4957 2 2 1 1 2326 2308 2307
4958 2 2 1 1 2326 2307 2325
4959 2 2 1 1 2327 2309 2308
4960 2 2 1 1 2327 2308 2326
4961 2 2 1 1 2328 2310 2309
4962 2 2 1 1 2328 2309 2327
4963 2 2 1 1 2329 2311 2310
4964 2 2 1 1 2329 2310 2328
4965 2 2 1 1 2330 2312 2311
4966 2 2 1 1 2330 2311 2329
4967 2 2 1 1 2331 2313 2312
4968 2 2 1 1 2331 2312 2330
4969 2 2 1 1 2332 2314 2313
4970 2 2 1 1 2332 2313 2331
4971 2 2 1 1 2333 2315 2314
4972 2 2 1 1 2333 2314 2332
4973 2 2 1 1 2334 2316 2315
4974 2 2 1 1 2334 2315 2333
4975 2 2 1 1 2335 2317 2316
4976 2 2 1 1 2335 2316 2334
4977 2 2 1 1 2336 2318 2319
4978 2 2 1 1 2336 2319 2337
4979 2 2 1 1 2338 2320 2318
4980 2 2 1 1 2338 2318 2336
4981 2 2 1 1 2339 2321 2320
4982 2 2 1 1 2339 2320 2338
4983 2 2 1 1 2340 2322 2321
4984 2 2 1 1 2340 2321 2339
4985 2 2 1 1 2341 2323 2322
4986 2 2 1 1 2341 2322 2340
4987 2 2 1 1 2342 2324 2323
4988 2 2 1 1 2342 2323 2341
4989 2 2 1 1 2343 2325 2324
4990 2 2 1 1 2343 2324 2342
4991 2 2 1 1 2344 2326 2325
4992 2 2 1 1 2344 2325 2343
4993 2 2 1 1 2345 2327 2326
4994 2 2 1 1 2345 2326 2344
4995 2 2 1 1 2346 2328 2327
4996 2 2 1 1 2346 2327 2345
4997 2 2 1 1 2347 2329 2328
4998 2 2 1 1 2347 2328 2346
4999 2 2 1 1 2348 2330 2329
5000 2 2 1 1 2348 2329 2347
5001 2 2 1 1 2349 2331 2330
5002 2 2 1 1 2349 2330 2348
5003 2 2 1 1 2350 2332 2331
5004 2 2 1 1 2350 2331 2349
5005 2 2 1 1 2351 2333 2332
5006 2 2 1 1 2351 2332 2350
5007 2 2 1 1 2352 2334 2333
5008 2 2 1 1 2352 2333 2351
5009 2 2 1 1 2353 2335 2334
5010 2 2 1 1 2353 2334 2352
5011 2 2 1 1 2354 2336 2337
5012 2 2 1 1 2354 2337 2355
5013 2 2 1 1 2356 2338 2336
5014 2 2 1 1 2356 2336 2354
5015 2 2 1 1 2357 2339 2338
5016 2 2 1 1 2357 2338 2356
5017 2 2 1 1 2358 2340 2339
5018 2 2 1 1 2358 2339 2357
5019 2 2 1 1 2359 2341 2340
5020 2 2 1 1 2359 2340 2358
5021 2 2 1 1 2360 2342 2341
5022 2 2 1 1 2360 2341 2359
5023 2 2 1 1 2361 2343 2342
5024 2 2 1 1 2361 2342 2360
5025 2 2 1 1 2362 2344 2343
5026 2 2 1 1 2362 2343 2361
5027 2 2 1 1 2363 2345 2344
5028 2 2 1 1 2363 2344 2362
5029 2 2 1 1 2364 2346 2345
5030 2 2 1 1 2364 2345 2363
5031 2 2 1 1 2365 2347 2346
5032 2 2 1 1 2365 2346 2364
5033 2 2 1 1 2366 2348 2347
5034 2 2 1 1 2366 2347 2365
5035 2 2 1 1 2367 2349 2348
5036 2 2 1 1 2367 2348 2366
5037 2 2 1 1 2368 2350 2349
5038 2 2 1 1 2368 2349 2367
5039 2 2 1 1 2369 2351 2350
5040 2 2 1 1 2369 2350 2368
5041 2 2 1 1 2370 2352 2351
5042 2 2 1 1 2370 2351 2369
5043 2 2 1 1 2371 2353 2352
5044 2 2 1 1 2371 2352 2370
5045 2 2 1 1 2372 2354 2355
5046 2 2 1 1 2372 2355 2373
5047 2 2 1 1 2374 2356 2354
5048 2 2 1 1 2374 2354 2372
5049 2 2 1 1 2375 2357 2356
5050 2 2 1 1 2375 2356 2374
5051 2 2 1 1 2376 2358 2357
5052 2 2 1 1 2376 2357 2375
5053 2 2 1 1 2377 2359 2358
5054 2 2 1 1 2377 2358 2376
5055 2 2 1 1 2378 2360 2359
5056 2 2 1 1 2378 2359 2377
5057 2 2 1 1 2379 2361 2360
5058 2 2 1 1 2379 2360 2378
5059 2 2 1 1 2380 2362 2361
5060 2 2 1 1 2380 2361 2379
5061 2 2 1 1 2381 2363 2362
5062 2 2 1 1 2381 2362 2380
5063 2 2 1 1 2382 2364 2363
5064 2 2 1 1 2382 2363 2381
5065 2 2 1 1 2383 2365 2364
5066 2 2 1 1 2383 2364 2382
5067 2 2 1 1 2384 2366 2365
5068 2 2 1 1 2384 2365 2383
5069 2 2 1 1 2385 2367 2366
5070 2 2 1 1 2385 2366 2384
5071 2 2 1 1 2386 2368 2367
5072 2 2 1 1 2386 2367 2385
5073 2 2 1 1 2387 2369 2368
5074 2 2 1 1 2387 2368 2386
5075 2 2 1 1 2388 2370 2369
5076 2 2 1 1 2388 2369 2387
5077 2 2 1 1 2389 2371 2370
5078 2 2 1 1 2389 2370 2388
5079 2 2 1 1 2390 2372 2373
5080 2 2 1 1 2390 2373 2391
5081 2 2 1 1 2392 2374 2372
5082 2 2 1 1 2392 2372 2390
5083 2 2 1 1 2393 2375 2374
5084 2 2 1 1 2393 2374 2392
5085 2 2 1 1 2394 2376 2375
5086 2 2 1 1 2394 2375 2393
5087 2 2 1 1 2395 2377 2376
5088 2 2 1 1 2395 2376 2394
5089 2 2 1 1 2396 2378 2377
5090 2 2 1 1 2396 2377 2395
5091 2 2 1 1 2397 2379 2378
5092 2 2 1 1 2397 2378 2396
5093 2 2 1 1 2398 2380 2379
5094 2 2 1 1 2398 2379 2397
5095 2 2 1 1 2399 2381 2380
5096 2 2 1 1 2399 2380 2398
5097 2 2 1 1 2400 2382 2381
5098 2 2 1 1 2400 2381 2399
5099 2 2 1 1 2401 2383 2382
5100 2 2 1 1 2401 2382 2400
5101 2 2 1 1 2402 2384 2383
5102 2 2 1 1 2402 2383 2401
5103 2 2 1 1 2403 2385 2384
5104 2 2 1 1 2403 2384 2402
5105 2 2 1 1 2404 2386 2385
5106 2 2 1 1 2404 2385 2403
5107 2 2 1 1 2405 2387 2386
5108 2 2 1 1 2405 2386 2404
5109 2 2 1 1 2406 2388 2387
5110 2 2 1 1 2406 2387 2405
5111 2 2 1 1 2407 2389 2388
5112 2 2 1 1 2407 2388 2406
5113 2 2 1 1 2408 2390 2391
5114 2 2 1 1 2408 2391 2409
5115 2 2 1 1 2410 2392 2390
5116 2 2 1 1 2410 2390 2408
5117 2 2 1 1 2411 2393 2392
5118 2 2 1 1 2411 2392 2410
5119 2 2 1 1 2412 2394 2393
5120 2 2 1 1 2412 2393 2411
5121 2 2 1 1 2413 2395 2394
5122 2 2 1 1 2413 2394 2412
5123 2 2 1 1 2414 2396 2395
5124 2 2 1 1 2414 2395 2413
5125 2 2 1 1 2415 2397 2396
5126 2 2 1 1 2415 2396 2414
5127 2 2 1 1 2416 2398 2397
5128 2 2 1 1 2416 2397 2415
5129 2 2 1 1 2417 2399 2398
5130 2 2 1 1 2417 2398 2416
5131 2 2 1 1 2418 2400 2399
5132 2 2 1 1 2418 2399 2417
5133 2 2 1 1 2419 2401 2400
5134 2 2 1 1 2419 2400 2418
5135 2 2 1 1 2420 2402 2401
5136 2 2 1 1 2420 2401 2419
5137 2 2 1 1 2421 2403 2402
5138 2 2 1 1 2421 2402 2420
5139 2 2 1 1 2422 2404 2403
5140 2 2 1 1 2422 2403 2421
5141 2 2 1 1 2423 2405 2404
5142 2 2 1 1 2423 2404 2422
5143 2 2 1 1 2424 2406 2405
5144 2 2 1 1 2424 2405 2423
5145 2 2 1 1 2425 2407 2406
5146 2 2 1 1 2425 2406 2424
5147 2 2 1 1 2426 2408 2409
5148 2 2 1 1 2426 2409 2427
5149 2 2 1 1 2428 2410 2408
5150 2 2 1 1 2428 2408 2426
5151 2 2 1 1 2429 2411 2410
5152 2 2 1 1 2429 2410 2428
5153 2 2 1 1 2430 2412 2411
5154 2 2 1 1 2430 2411 2429
5155 2 2 1 1 2431 2413 2412
5156 2 2 1 1 2431 2412 2430
5157 2 2 1 1 2432 2414 2413
5158 2 2 1 1 2432 2413 2431
5159 2 2 1 1 2433 2415 2414
5160 2 2 1 1 2433 2414 2432
5161 2 2 1 1 2434 2416 2415
5162 2 2 1 1 2434 2415 2433
5163 2 2 1 1 2435 2417 2416
5164 2 2 1 1 2435 2416 2434
5165 2 2 1 1 2436 2418 2417
5166 2 2 1 1 2436 2417 2435
5167 2 2 1 1 2437 2419 2418
5168 2 2 1 1 2437 2418 2436
5169 2 2 1 1 2438 2420 2419
5170 2 2 1 1 2438 2419 2437
5171 2 2 1 1 2439 2421 2420
5172 2 2 1 1 2439 2420 2438
5173 2 2 1 1 2440 2422 2421
5174 2 2 1 1 2440 2421 2439
5175 2 2 1 1 2441 2423 2422
5176 2 2 1 1 2441 2422 2440
5177 2 2 1 1 2442 2424 2423
5178 2 2 1 1 2442 2423 2441
5179 2 2 1 1 2443 2425 2424
5180 2 2 1 1 2443 2424 2442
5181 2 2 1 1 2444 2426 2427
5182 2 2 1 1 2444 2427 2445
5183 2 2 1 1 2446 2428 2426
5184 2 2 1 1 2446 2426 2444
5185 2 2 1 1 2447 2429 2428
5186 2 2 1 1 2447 2428 2446
5187 2 2 1 1 2448 2430 2429
5188 2 2 1 1 2448 2429 2447
5189 2 2 1 1 2449 2431 2430
5190 2 2 1 1 2449 2430 2448
5191 2 2 1 1 2450 2432 2431
5192 2 2 1 1 2450 2431 2449
5193 2 2 1 1 2451 2433 2432
5194 2 2 1 1 2451 2432 2450
5195 2 2 1 1 2452 2434 2433
5196 2 2 1 1 2452 2433 2451
5197 2 2 1 1 2453 2435 2434
5198 2 2 1 1 2453 2434 2452
5199 2 2 1 1 2454 2436 2435
5200 2 2 1 1 2454 2435 2453
5201 2 2 1 1 2455 2437 2436
5202 2 2 1 1 2455 2436 2454
5203 2 2 1 1 2456 2438 2437
5204 2 2 1 1 2456 2437 2455
5205 2 2 1 1 2457 2439 2438
5206 2 2 1 1 2457 2438 2456
5207 2 2 1 1 2458 2440 2439
5208 2 2 1 1 2458 2439 2457
5209 2 2 1 1 2459 2441 2440
5210 2 2 1 1 2459 2440 2458
5211 2 2 1 1 2460 2442 2441
5212 2 2 1 1 2460 2441 2459
5213 2 2 1 1 2461 2443 2442
5214 2 2 1 1 2461 2442 2460
5215 2 2 1 1 2462 2444 2445
5216 2 2 1 1 2462 2445 2463
5217 2 2 1 1 2464 2446 2444
5218 2 2 1 1 2464 2444 2462
5219 2 2 1 1 2465 2447 2446
5220 2 2 1 1 2465 2446 2464
5221 2 2 1 1 2466 2448 2447
5222 2 2 1 1 2466 2447 2465
5223 2 2 1 1 2467 2449 2448
5224 2 2 1 1 2467 2448 2466
5225 2 2 1 1 2468 2450 2449
5226 2 2 1 1 2468 2449 2467
5227 2 2 1 1 2469 2451 2450
5228 2 2 1 1 2469 2450 2468
5229 2 2 1 1 2470 2452 2451
5230 2 2 1 1 2470 2451 2469
5231 2 2 1 1 2471 2453 2452
5232 2 2 1 1 2471 2452 2470
5233 2 2 1 1 2472 2454 2453
5234 2 2 1 1 2472 2453 2471
5235 2 2 1 1 2473 2455 2454
5236 2 2 1 1 2473 2454 2472
5237 2 2 1 1 2474 2456 2455
5238 2 2 1 1 2474 2455 2473
5239 2 2 1 1 2475 2457 2456
5240 2 2 1 1 2475 2456 2474
5241 2 2 1 1 2476 2458 2457
5242 2 2 1 1 2476 2457 2475
5243 2 2 1 1 2477 2459 2458
5244 2 2 1 1 2477 2458 2476
5245 2 2 1 1 2478 2460 2459
5246 2 2 1 1 2478 2459 2477
5247 2 2 1 1 2479 2461 2460
5248 2 2 1 1 2479 2460 2478
5249 2 2 1 1 2480 2462 2463
5250 2 2 1 1 2480 2463 2481
5251 2 2 1 1 2482 2464 2462
5252 2 2 1 1 2482 2462 2480
5253 2 2 1 1 2483 2465 2464
5254 2 2 1 1 2483 2464 2482
5255 2 2 1 1 2484 2466 2465
5256 2 2 1 1 2484 2465 2483
5257 2 2 1 1 2485 2467 2466
5258 2 2 1 1 2485 2466 2484
5259 2 2 1 1 2486 2468 2467
5260 2 2 1 1 2486 2467 2485
5261 2 2 1 1 2487 2469 2468
5262 2 2 1 1 2487 2468 2486
5263 2 2 1 1 2488 2470 2469
5264 2 2 1 1 2488 2469 2487
5265 2 2 1 1 2489 2471 2470
5266 2 2 1 1 2489 2470 2488
5267 2 2 1 1 2490 2472 2471
5268 2 2 1 1 2490 2471 2489
5269 2 2 1 1 2491 2473 2472
5270 2 2 1 1 2491 2472 2490
5271 2 2 1 1 2492 2474 2473
5272 2 2 1 1 2492 2473 2491
5273 2 2 1 1 2493 2475 2474
5274 2 2 1 1 2493 2474 2492
5275 2 2 1 1 2494 2476 2475
5276 2 2 1 1 2494 2475 2493
5277 2 2 1 1 2495 2477 2476
5278 2 2 1 1 2495 2476 2494
5279 2 2 1 1 2496 2478 2477
5280 2 2 1 1 2496 2477 2495
5281 2 2 1 1 2497 2479 2478
5282 2 2 1 1 2497 2478 2496
5283 2 2 1 1 2498 2480 2481
5284 2 2 1 1 2498 2481 2499
5285 2 2 1 1 2500 2482 2480
5286 2 2 1 1 2500 2480 2498
5287 2 2 1 1 2501 2483 2482
5288 2 2 1 1 2501 2482 2500
5289 2 2 1 1 2502 2484 2483
5290 2 2 1 1 2502 2483 2501
5291 2 2 1 1 2503 2485 2484
5292 2 2 1 1 2503 2484 2502
5293 2 2 1 1 2504 2486 2485
5294 2 2 1 1 2504 2485 2503
5295 2 2 1 1 2505 2487 2486
5296 2 2 1 1 2505 2486 2504
5297 2 2 1 1 2506 2488 2487
5298 2 2 1 1 2506 2487 2505
5299 2 2 1 1 2507 2489 2488
5300 2 2 1 1 2507 2488 2506
5301 2 2 1 1 2508 2490 2489
5302 2 2 1 1 2508 2489 2507
5303 2 2 1 1 2509 2491 2490
5304 2 2 1 1 2509 2490 2508
5305 2 2 1 1 2510 2492 2491
5306 2 2 1 1 2510 2491 2509
5307 2 2 1 1 2511 2493 2492
5308 2 2 1 1 2511 2492 2510
5309 2 2 1 1 2512 2494 2493
5310 2 2 1 1 2512 2493 2511
5311 2 2 1 1 2513 2495 2494
5312 2 2 1 1 2513 2494 2512
5313 2 2 1 1 2514 2496 2495
5314 2 2 1 1 2514 2495 2513
5315 2 2 1 1 2515 2497 2496
5316 2 2 1 1 2515 2496 2514
5317 2 2 1 1 2516 2498 2499
5318 2 2 1 1 2516 2499 2517
5319 2 2 1 1 2518 2500 2498
5320 2 2 1 1 2518 2498 2516
5321 2 2 1 1 2519 2501 2500
5322 2 2 1 1 2519 2500 2518
5323 2 2 1 1 2520 2502 2501
5324 2 2 1 1 2520 2501 2519
5325 2 2 1 1 2521 2503 2502
5326 2 2 1 1 2521 2502 2520
5327 2 2 1 1 2522 2504 2503
5328 2 2 1 1 2522 2503 2521
5329 2 2 1 1 2523 2505 2504
5330 2 2 1 1 2523 2504 2522
5331 2 2 1 1 2524 2506 2505
5332 2 2 1 1 2524 2505 2523
5333 2 2 1 1 2525 2507 2506
5334 2 2 1 1 2525 2506 2524
5335 2 2 1 1 2526 2508 2507
5336 2 2 1 1 2526 2507 2525
5337 2 2 1 1 2527 2509 2508
5338 2 2 1 1 2527 2508 2526
5339 2 2 1 1 2528 2510 2509
5340 2 2 1 1 2528 2509 2527
5341 2 2 1 1 2529 2511 2510
5342 2 2 1 1 2529 2510 2528
5343 2 2 1 1 2530 2512 2511
5344 2 2 1 1 2530 2511 2529
5345 2 2 1 1 2531 2513 2512
5346 2 2 1 1 2531 2512 2530
5347 2 2 1 1 2532 2514 2513
5348 2 2 1 1 2532 2513 2531
5349 2 2 1 1 2533 2515 2514
5350 2 2 1 1 2533 2514 2532
5351 2 2 1 1 1959 2516 2517
5352 2 2 1 1 1959 2517 1960
5353 2 2 1 1 1963 2518 2516
5354 2 2 1 1 1963 2516 1959
5355 2 2 1 1 1965 2519 2518
5356 2 2 1 1 1965 2518 1963
5357 2 2 1 1 1967 2520 2519
5358 2 2 1 1 1967 2519 1965
5359 2 2 1 1 1969 2521 2520
5360 2 2 1 1 1969 2520 1967
5361 2 2 1 1 1971 2522 2521
5362 2 2 1 1 1971 2521 1969
5363 2 2 1 1 1973 2523 2522
5364 2 2 1 1 1973 2522 1971
5365 2 2 1 1 1975 2524 2523
5366 2 2 1 1 1975 2523 1973
5367 2 2 1 1 1977 2525 2524
5368 2 2 1 1 1977 2524 1975
5369 2 2 1 1 1979 2526 2525
5370 2 2 1 1 1979 2525 1977
5371 2 2 1 1 1981 2527 2526
5372 2 2 1 1 1981 2526 1979
5373 2 2 1 1 1983 2528 2527
5374 2 2 1 1 1983 2527 1981
5375 2 2 1 1 1985 2529 2528
5376 2 2 1 1 1985 2528 1983
5377 2 2 1 1 1987 2530 2529
5378 2 2 1 1 1987 2529 1985
5379 2 2 1 1 1989 2531 2530
5380 2 2 1 1 1989 2530 1987
5381 2 2 1 1 1991 2532 2531
5382 2 2 1 1 1991 2531 1989
5383 2 2 1 1 1993 2533 2532
5384 2 2 1 1 1993 2532 1991
5385 2 2 1 1 2534 1961 1960
5386 2 2 1 1 2534 1960 2535
5387 2 2 1 1 2536 2013 1995
5388 2 2 1 1 2536 1995 2537
5389 2 2 1 1 2537 1995 1961
5390 2 2 1 1 2537 1961 2534
5391 2 2 1 1 2538 2049 2031
5392 2 2 1 1 2538 2031 2539
5393 2 2 1 1 2540 2085 2067
5394 2 2 1 1 2540 2067 2541
5395 2 2 1 1 2541 2067 2049
5396 2 2 1 1 2541 2049 2538
5397 2 2 1 1 2539 2031 2013
5398 2 2 1 1 2539 2013 2536
5399 2 2 1 1 2085 2540 2542
5400 2 2 1 1 2085 2542 2103
5401 2 2 1 1 2543 2121 2103
5402 2 2 1 1 2543 2103 2542
5403 2 2 1 1 2544 2157 2139
5404 2 2 1 1 2544 2139 2545
5405 2 2 1 1 2545 2139 2121
5406 2 2 1 1 2545 2121 2543
5407 2 2 1 1 2546 2193 2175
5408 2 2 1 1 2546 2175 2547
5409 2 2 1 1 2548 2229 2211
5410 2 2 1 1 2548 2211 2549
5411 2 2 1 1 2549 2211 2193
5412 2 2 1 1 2549 2193 2546
5413 2 2 1 1 2547 2175 2157
5414 2 2 1 1 2547 2157 2544
5415 2 2 1 1 2550 2247 2229
5416 2 2 1 1 2550 2229 2548
5417 2 2 1 1 1992 1710 1709
5418 2 2 1 1 1992 1709 1993
5419 2 2 1 1 2029 1714 1716
5420 2 2 1 1 2029 1716 2011
5421 2 2 1 1 2011 1716 1710
5422 2 2 1 1 2011 1710 1992
5423 2 2 1 1 2065 1711 1715
5424 2 2 1 1 2065 1715 2047
5425 2 2 1 1 2101 1713 1712
5426 2 2 1 1 2101 1712 2083
5427 2 2 1 1 2083 1712 1711
5428 2 2 1 1 2083 1711 2065
5429 2 2 1 1 2047 1715 1714
5430 2 2 1 1 2047 1714 2029
5431 2 2 1 1 1713 2101 2119
5432 2 2 1 1 1713 2119 1700
5433 2 2 1 1 2137 1698 1700
5434 2 2 1 1 2137 1700 2119
5435 2 2 1 1 2173 1697 1699
5436 2 2 1 1 2173 1699 2155
5437 2 2 1 1 2155 1699 1698
5438 2 2 1 1 2155 1698 2137
5439 2 2 1 1 2227 1693 1695
5440 2 2 1 1 2227 1695 2209
5441 2 2 1 1 2209 1695 1696
5442 2 2 1 1 2209 1696 2191
5443 2 2 1 1 2191 1696 1697
5444 2 2 1 1 2191 1697 2173
5445 2 2 1 1 2245 1694 1693
5446 2 2 1 1 2245 1693 2227
5447 2 2 1 1 1694 2245 2263
5448 2 2 1 1 1694 2263 1701
5449 2 2 1 1 2247 2550 2551
5450 2 2 1 1 2247 2551 2265
5451 2 2 1 1 2552 2283 2265
5452 2 2 1 1 2552 2265 2551
5453 2 2 1 1 2553 2319 2301
5454 2 2 1 1 2553 2301 2554
5455 2 2 1 1 2554 2301 2283
5456 2 2 1 1 2554 2283 2552
5457 2 2 1 1 2555 2355 2337
5458 2 2 1 1 2555 2337 2556
5459 2 2 1 1 2373 2557 2558
5460 2 2 1 1 2373 2558 2391
5461 2 2 1 1 2557 2373 2355
5462 2 2 1 1 2557 2355 2555
5463 2 2 1 1 2556 2337 2319
5464 2 2 1 1 2556 2319 2553
5465 2 2 1 1 2559 2427 2409
5466 2 2 1 1 2559 2409 2560
5467 2 2 1 1 2561 2463 2445
5468 2 2 1 1 2561 2445 2562
5469 2 2 1 1 2562 2445 2427
5470 2 2 1 1 2562 2427 2559
5471 2 2 1 1 2563 2499 2481
5472 2 2 1 1 2563 2481 2564
5473 2 2 1 1 2535 1960 2517
5474 2 2 1 1 2535 2517 2565
5475 2 2 1 1 2565 2517 2499
5476 2 2 1 1 2565 2499 2563
5477 2 2 1 1 2564 2481 2463
5478 2 2 1 1 2564 2463 2561
5479 2 2 1 1 2560 2409 2391
5480 2 2 1 1 2560 2391 2558
5481 2 2 1 1 2299 1685 1686
5482 2 2 1 1 2299 1686 2281
5483 2 2 1 1 2335 1687 1689
5484 2 2 1 1 2335 1689 2317
5485 2 2 1 1 2317 1689 1685
5486 2 2 1 1 2317 1685 2299
5487 2 2 1 1 2371 1690 1688
5488 2 2 1 1 2371 1688 2353
5489 2 2 1 1 1691 2389 2407
5490 2 2 1 1 1691 2407 1692
5491 2 2 1 1 2389 1691 1690
5492 2 2 1 1 2389 1690 2371
5493 2 2 1 1 2353 1688 1687
5494 2 2 1 1 2353 1687 2335
5495 2 2 1 1 2281 1686 1701
5496 2 2 1 1 2281 1701 2263
5497 2 2 1 1 2443 1703 1702
5498 2 2 1 1 2443 1702 2425
5499 2 2 1 1 2479 1705 1704
5500 2 2 1 1 2479 1704 2461
5501 2 2 1 1 2461 1704 1703
5502 2 2 1 1 2461 1703 2443
5503 2 2 1 1 2515 1707 1706
5504 2 2 1 1 2515 1706 2497
5505 2 2 1 1 1993 1709 1708
5506 2 2 1 1 1993 1708 2533
5507 2 2 1 1 2533 1708 1707
5508 2 2 1 1 2533 1707 2515
5509 2 2 1 1 2497 1706 1705
5510 2 2 1 1 2497 1705 2479
5511 2 2 1 1 2425 1702 1692
5512 2 2 1 1 2425 1692 2407
5513 2 2 1 1 2566 2567 2568
5514 2 2 1 1 2566 2568 2569
5515 2 2 1 1 2570 2566 2569
5516 2 2 1 1 2570 2569 2571
5517 2 2 1 1 2572 2570 2571
5518 2 2 1 1 2572 2571 2573
5519 2 2 1 1 2574 2572 2573
5520 2 2 1 1 2574 2573 2575
5521 2 2 1 1 2576 2574 2575
5522 2 2 1 1 2576 2575 2577
5523 2 2 1 1 2578 2579 2580
5524 2 2 1 1 2578 2580 2567
5525 2 2 1 1 2581 2578 2567
5526 2 2 1 1 2581 2567 2566
5527 2 2 1 1 2582 2581 2566
5528 2 2 1 1 2582 2566 2570
5529 2 2 1 1 2583 2582 2570
5530 2 2 1 1 2583 2570 2572
5531 2 2 1 1 2584 2583 2572
5532 2 2 1 1 2584 2572 2574
5533 2 2 1 1 2585 2584 2574
5534 2 2 1 1 2585 2574 2576
5535 2 2 1 1 2586 2585 2576
5536 2 2 1 1 2586 2576 2587
5537 2 2 1 1 2588 2589 2579
5538 2 2 1 1 2588 2579 2578
5539 2 2 1 1 2590 2588 2578
5540 2 2 1 1 2590 2578 2581
5541 2 2 1 1 2591 2590 2581
5542 2 2 1 1 2591 2581 2582
5543 2 2 1 1 2592 2591 2582
5544 2 2 1 1 2592 2582 2583
5545 2 2 1 1 2593 2592 2583
5546 2 2 1 1 2593 2583 2584
5547 2 2 1 1 2594 2593 2584
5548 2 2 1 1 2594 2584 2585
5549 2 2 1 1 2595 2594 2585
5550 2 2 1 1 2595 2585 2586
5551 2 2 1 1 2596 2597 2589
5552 2 2 1 1 2596 2589 2588
5553 2 2 1 1 2598 2596 2588
5554 2 2 1 1 2598 2588 2590
5555 2 2 1 1 2599 2598 2590
5556 2 2 1 1 2599 2590 2591
5557 2 2 1 1 2600 2599 2591
5558 2 2 1 1 2600 2591 2592
5559 2 2 1 1 2601 2600 2592
5560 2 2 1 1 2601 2592 2593
5561 2 2 1 1 2602 2601 2593
5562 2 2 1 1 2602 2593 2594
5563 2 2 1 1 2603 2602 2594
5564 2 2 1 1 2603 2594 2595
5565 2 2 1 1 2604 2605 2597
5566 2 2 1 1 2604 2597 2596
5567 2 2 1 1 2606 2604 2596
5568 2 2 1 1 2606 2596 2598
5569 2 2 1 1 2607 2606 2598
5570 2 2 1 1 2607 2598 2599
5571 2 2 1 1 2608 2607 2599
5572 2 2 1 1 2608 2599 2600
5573 2 2 1 1 2609 2608 2600
5574 2 2 1 1 2609 2600 2601
5575 2 2 1 1 2610 2609 2601
5576 2 2 1 1 2610 2601 2602
5577 2 2 1 1 2611 2610 2602
5578 2 2 1 1 2611 2602 2603
5579 2 2 1 1 2612 2613 2605
5580 2 2 1 1 2612 2605 2604
5581 2 2 1 1 2614 2612 2604
5582 2 2 1 1 2614 2604 2606
5583 2 2 1 1 2615 2614 2606
5584 2 2 1 1 2615 2606 2607
5585 2 2 1 1 2616 2615 2607
5586 2 2 1 1 2616 2607 2608
5587 2 2 1 1 2617 2616 2608
5588 2 2 1 1 2617 2608 2609
5589 2 2 1 1 2618 2617 2609
5590 2 2 1 1 2618 2609 2610
5591 2 2 1 1 2619 2618 2610
5592 2 2 1 1 2619 2610 2611
5593 2 2 1 1 2620 2621 2612
5594 2 2 1 1 2620 2612 2614
5595 2 2 1 1 2622 2620 2614
5596 2 2 1 1 2622 2614 2615
5597 2 2 1 1 2623 2622 2615
5598 2 2 1 1 2623 2615 2616
5599 2 2 1 1 2624 2623 2616
5600 2 2 1 1 2624 2616 2617
5601 2 2 1 1 2625 2624 2617
5602 2 2 1 1 2625 2617 2618
5603 2 2 1 1 2568 2553 2554
5604 2 2 1 1 2568 2554 2554
5605 2 2 1 1 2569 2568 2554
5606 2 2 1 1 2569 2554 2554
5607 2 2 1 1 2569 2552 2551
5608 2 2 1 1 2569 2551 2551
5609 2 2 1 1 2551 2571 2569
5610 2 2 1 1 2551 2569 2569
5611 2 2 1 1 2569 2554 2552
5612 2 2 1 1 2569 2552 2552
5613 2 2 1 1 2550 2571 2551
5614 2 2 1 1 2550 2551 2551
5615 2 2 1 1 2553 2568 2567
5616 2 2 1 1 2553 2567 2567
5617 2 2 1 1 2555 2556 2579
5618 2 2 1 1 2555 2579 2579
5619 2 2 1 1 2557 2555 2579
5620 2 2 1 1 2557 2579 2579
5621 2 2 1 1 2558 2557 2589
5622 2 2 1 1 2558 2589 2589
5623 2 2 1 1 2553 2567 2580
5624 2 2 1 1 2553 2580 2580
5625 2 2 1 1 2557 2579 2589
5626 2 2 1 1 2557 2589 2589
5627 2 2 1 1 2579 2556 2580
5628 2 2 1 1 2579 2580 2580
5629 2 2 1 1 2553 2580 2556
5630 2 2 1 1 2553 2556 2556
5631 2 2 1 1 2548 2573 2550
5632 2 2 1 1 2548 2550 2550
5633 2 2 1 1 2571 2550 2573
5634 2 2 1 1 2571 2573 2573
5635 2 2 1 1 2575 2573 2548
5636 2 2 1 1 2575 2548 2548
5637 2 2 1 1 2575 2549 2546
5638 2 2 1 1 2575 2546 2546
5639 2 2 1 1 2546 2577 2575
5640 2 2 1 1 2546 2575 2575
5641 2 2 1 1 2575 2548 2549
5642 2 2 1 1 2575 2549 2549
5643 2 2 1 1 2547 2577 2546
5644 2 2 1 1 2547 2546 2546
5645 2 2 1 1 2587 2576 2547
5646 2 2 1 1 2587 2547 2547
5647 2 2 1 1 2577 2547 2576
5648 2 2 1 1 2577 2576 2576
5649 2 2 1 1 2544 2586 2587
5650 2 2 1 1 2544 2587 2587
5651 2 2 1 1 2544 2587 2547
5652 2 2 1 1 2544 2547 2547
5653 2 2 1 1 2545 2586 2544
5654 2 2 1 1 2545 2544 2544
5655 2 2 1 1 2542 2595 2543
5656 2 2 1 1 2542 2543 2543
5657 2 2 1 1 2586 2545 2543
5658 2 2 1 1 2586 2543 2543
5659 2 2 1 1 2586 2543 2595
5660 2 2 1 1 2586 2595 2595
5661 2 2 1 1 2597 2558 2589
5662 2 2 1 1 2597 2589 2589
5663 2 2 1 1 2559 2560 2605
5664 2 2 1 1 2559 2605 2605
5665 2 2 1 1 2562 2559 2605
5666 2 2 1 1 2562 2605 2605
5667 2 2 1 1 2560 2597 2605
5668 2 2 1 1 2560 2605 2605
5669 2 2 1 1 2561 2613 2612
5670 2 2 1 1 2561 2612 2612
5671 2 2 1 1 2613 2562 2605
5672 2 2 1 1 2613 2605 2605
5673 2 2 1 1 2613 2561 2562
5674 2 2 1 1 2613 2562 2562
5675 2 2 1 1 2558 2597 2560
5676 2 2 1 1 2558 2560 2560
5677 2 2 1 1 2564 2561 2621
5678 2 2 1 1 2564 2621 2621
5679 2 2 1 1 2620 2564 2621
5680 2 2 1 1 2620 2621 2621
5681 2 2 1 1 2563 2564 2620
5682 2 2 1 1 2563 2620 2620
5683 2 2 1 1 2565 2620 2622
5684 2 2 1 1 2565 2622 2622
5685 2 2 1 1 2622 2535 2565
5686 2 2 1 1 2622 2565 2565
5687 2 2 1 1 2565 2563 2620
5688 2 2 1 1 2565 2620 2620
5689 2 2 1 1 2623 2535 2622
5690 2 2 1 1 2623 2622 2622
5691 2 2 1 1 2621 2561 2612
5692 2 2 1 1 2621 2612 2612
5693 2 2 1 1 2619 2611 2538
5694 2 2 1 1 2619 2538 2538
5695 2 2 1 1 2540 2611 2603
5696 2 2 1 1 2540 2603 2603
5697 2 2 1 1 2540 2603 2542
5698 2 2 1 1 2540 2542 2542
5699 2 2 1 1 2611 2540 2541
5700 2 2 1 1 2611 2541 2541
5701 2 2 1 1 2611 2541 2538
5702 2 2 1 1 2611 2538 2538
5703 2 2 1 1 2603 2595 2542
5704 2 2 1 1 2603 2542 2542
5705 2 2 1 1 2534 2623 2624
5706 2 2 1 1 2534 2624 2624
5707 2 2 1 1 2624 2537 2534
5708 2 2 1 1 2624 2534 2534
5709 2 2 1 1 2534 2535 2623
5710 2 2 1 1 2534 2623 2623
5711 2 2 1 1 2536 2537 2624
5712 2 2 1 1 2536 2624 2624
5713 2 2 1 1 2538 2539 2619
5714 2 2 1 1 2538 2619 2619
5715 2 2 1 1 2539 2618 2619
5716 2 2 1 1 2539 2619 2619
5717 2 2 1 1 2539 2536 2625
5718 2 2 1 1 2539 2625 2625
5719 2 2 1 1 2624 2625 2536
5720 2 2 1 1 2624 2536 2536
5721 2 2 1 1 2618 2539 2625
5722 2 2 1 1 2618 2625 2625
5723 2 2 1 1 2628 2627 2626
5724 2 2 1 1 2629 2628 2626
5725 2 2 1 1 2627 2631 2630
5726 2 2 1 1 2626 2627 2630
5727 2 2 1 1 2631 2633 2632
5728 2 2 1 1 2630 2631 2632
5729 2 2 1 1 2633 2635 2634
5730 2 2 1 1 2632 2633 2634
5731 2 2 1 1 2635 2637 2636
5732 2 2 1 1 2634 2635 2636
5733 2 2 1 1 2637 2639 2638
5734 2 2 1 1 2636 2637 2638
5735 2 2 1 1 2639 2641 2640
5736 2 2 1 1 2638 2639 2640
5737 2 2 1 1 2641 2643 2642
5738 2 2 1 1 2640 2641 2642
5739 2 2 1 1 2643 2645 2644
5740 2 2 1 1 2642 2643 2644
5741 2 2 1 1 2645 2647 2646
5742 2 2 1 1 2644 2645 2646
5743 2 2 1 1 2647 2649 2648
5744 2 2 1 1 2646 2647 2648
5745 2 2 1 1 2649 2651 2650
5746 2 2 1 1 2648 2649 2650
5747 2 2 1 1 2651 2653 2652
5748 2 2 1 1 2650 2651 2652
5749 2 2 1 1 2653 2655 2654
5750 2 2 1 1 2652 2653 2654
5751 2 2 1 1 2655 2657 2656
5752 2 2 1 1 2654 2655 2656
5753 2 2 1 1 2657 2659 2658
5754 2 2 1 1 2656 2657 2658
5755 2 2 1 1 2659 2661 2660
5756 2 2 1 1 2658 2659 2660
5757 2 2 1 1 2661 2663 2662
5758 2 2 1 1 2660 2661 2662
5759 2 2 1 1 2663 2665 2664
5760 2 2 1 1 2662 2663 2664
5761 2 2 1 1 2665 2667 2666
5762 2 2 1 1 2664 2665 2666
5763 2 2 1 1 2667 2669 2668
5764 2 2 1 1 2666 2667 2668
5765 2 2 1 1 2629 2626 2670
5766 2 2 1 1 2671 2629 2670
5767 2 2 1 1 2626 2630 2672
5768 2 2 1 1 2670 2626 2672
5769 2 2 1 1 2630 2632 2673
5770 2 2 1 1 2672 2630 2673
5771 2 2 1 1 2632 2634 2674
5772 2 2 1 1 2673 2632 2674
5773 2 2 1 1 2634 2636 2675
5774 2 2 1 1 2674 2634 2675
5775 2 2 1 1 2636 2638 2676
5776 2 2 1 1 2675 2636 2676
5777 2 2 1 1 2638 2640 2677
5778 2 2 1 1 2676 2638 2677
5779 2 2 1 1 2640 2642 2678
5780 2 2 1 1 2677 2640 2678
5781 2 2 1 1 2642 2644 2679
5782 2 2 1 1 2678 2642 2679
5783 2 2 1 1 2644 2646 2680
5784 2 2 1 1 2679 2644 2680
5785 2 2 1 1 2646 2648 2681
5786 2 2 1 1 2680 2646 2681
5787 2 2 1 1 2648 2650 2682
5788 2 2 1 1 2681 2648 2682
5789 2 2 1 1 2650 2652 2683
5790 2 2 1 1 2682 2650 2683
5791 2 2 1 1 2652 2654 2684
5792 2 2 1 1 2683 2652 2684
5793 2 2 1 1 2654 2656 2685
5794 2 2 1 1 2684 2654 2685
5795 2 2 1 1 2656 2658 2686
5796 2 2 1 1 2685 2656 2686
5797 2 2 1 1 2658 2660 2687
5798 2 2 1 1 2686 2658 2687
5799 2 2 1 1 2660 2662 2688
5800 2 2 1 1 2687 2660 2688
5801 2 2 1 1 2662 2664 2689
5802 2 2 1 1 2688 2662 2689
5803 2 2 1 1 2664 2666 2690
5804 2 2 1 1 2689 2664 2690
5805 2 2 1 1 2666 2668 2691
5806 2 2 1 1 2690 2666 2691
5807 2 2 1 1 2671 2670 2692
5808 2 2 1 1 2693 2671 2692
5809 2 2 1 1 2670 2672 2694
5810 2 2 1 1 2692 2670 2694
5811 2 2 1 1 2672 2673 2695
5812 2 2 1 1 2694 2672 2695
5813 2 2 1 1 2673 2674 2696
5814 2 2 1 1 2695 2673 2696
5815 2 2 1 1 2674 2675 2697
5816 2 2 1 1 2696 2674 2697
5817 2 2 1 1 2675 2676 2698
5818 2 2 1 1 2697 2675 2698
5819 2 2 1 1 2676 2677 2699
5820 2 2 1 1 2698 2676 2699
5821 2 2 1 1 2677 2678 2700
5822 2 2 1 1 2699 2677 2700
5823 2 2 1 1 2678 2679 2701
5824 2 2 1 1 2700 2678 2701
5825 2 2 1 1 2679 2680 2702
5826 2 2 1 1 2701 2679 2702
5827 2 2 1 1 2680 2681 2703
5828 2 2 1 1 2702 2680 2703
5829 2 2 1 1 2681 2682 2704
5830 2 2 1 1 2703 2681 2704
5831 2 2 1 1 2682 2683 2705
5832 2 2 1 1 2704 2682 2705
5833 2 2 1 1 2683 2684 2706
5834 2 2 1 1 2705 2683 2706
5835 2 2 1 1 2684 2685 2707
5836 2 2 1 1 2706 2684 2707
5837 2 2 1 1 2685 2686 2708
5838 2 2 1 1 2707 2685 2708
5839 2 2 1 1 2686 2687 2709
5840 2 2 1 1 2708 2686 2709
5841 2 2 1 1 2687 2688 2710
5842 2 2 1 1 2709 2687 2710
5843 2 2 1 1 2688 2689 2711
5844 2 2 1 1 2710 2688 2711
5845 2 2 1 1 2689 2690 2712
5846 2 2 1 1 2711 2689 2712
5847 2 2 1 1 2690 2691 2713
5848 2 2 1 1 2712 2690 2713
5849 2 2 1 1 2693 2692 2714
5850 2 2 1 1 2715 2693 2714
5851 2 2 1 1 2692 2694 2716
5852 2 2 1 1 2714 2692 2716
5853 2 2 1 1 2694 2695 2717
5854 2 2 1 1 2716 2694 2717
5855 2 2 1 1 2695 2696 2718
5856 2 2 1 1 2717 2695 2718
5857 2 2 1 1 2696 2697 2719
5858 2 2 1 1 2718 2696 2719
5859 2 2 1 1 2697 2698 2720
5860 2 2 1 1 2719 2697 2720
5861 2 2 1 1 2698 2699 2721
5862 2 2 1 1 2720 2698 2721
5863 2 2 1 1 2699 2700 2722
5864 2 2 1 1 2721 2699 2722
5865 2 2 1 1 2700 2701 2723
5866 2 2 1 1 2722 2700 2723
5867 2 2 1 1 2701 2702 2724
5868 2 2 1 1 2723 2701 2724
5869 2 2 1 1 2702 2703 2725
5870 2 2 1 1 2724 2702 2725
5871 2 2 1 1 2703 2704 2726
5872 2 2 1 1 2725 2703 2726
5873 2 2 1 1 2704 2705 2727
5874 2 2 1 1 2726 2704 2727
5875 2 2 1 1 2705 2706 2728
5876 2 2 1 1 2727 2705 2728
5877 2 2 1 1 2706 2707 2729
5878 2 2 1 1 2728 2706 2729
5879 2 2 1 1 2707 2708 2730
5880 2 2 1 1 2729 2707 2730
5881 2 2 1 1 2708 2709 2731
5882 2 2 1 1 2730 2708 2731
5883 2 2 1 1 2709 2710 2732
5884 2 2 1 1 2731 2709 2732
5885 2 2 1 1 2710 2711 2733
5886 2 2 1 1 2732 2710 2733
5887 2 2 1 1 2711 2712 2734
5888 2 2 1 1 2733 2711 2734
5889 2 2 1 1 2712 2713 2735
5890 2 2 1 1 2734 2712 2735
5891 2 2 1 1 2715 2714 2736
5892 2 2 1 1 2737 2715 2736
5893 2 2 1 1 2714 2716 2738
5894 2 2 1 1 2736 2714 2738
5895 2 2 1 1 2716 2717 2739
5896 2 2 1 1 2738 2716 2739
5897 2 2 1 1 2717 2718 2740
5898 2 2 1 1 2739 2717 2740
5899 2 2 1 1 2718 2719 2741
5900 2 2 1 1 2740 2718 2741
5901 2 2 1 1 2719 2720 2742
5902 2 2 1 1 2741 2719 2742
5903 2 2 1 1 2720 2721 2743
5904 2 2 1 1 2742 2720 2743
5905 2 2 1 1 2721 2722 2744
5906 2 2 1 1 2743 2721 2744
5907 2 2 1 1 2722 2723 2745
5908 2 2 1 1 2744 2722 2745
5909 2 2 1 1 2723 2724 2746
5910 2 2 1 1 2745 2723 2746
5911 2 2 1 1 2724 2725 2747
5912 2 2 1 1 2746 2724 2747
5913 2 2 1 1 2725 2726 2748
5914 2 2 1 1 2747 2725 2748
5915 2 2 1 1 2726 2727 2749
5916 2 2 1 1 2748 2726 2749
5917 2 2 1 1 2727 2728 2750
5918 2 2 1 1 2749 2727 2750
5919 2 2 1 1 2728 2729 2751
5920 2 2 1 1 2750 2728 2751
5921 2 2 1 1 2729 2730 2752
5922 2 2 1 1 2751 2729 2752
5923 2 2 1 1 2730 2731 2753
5924 2 2 1 1 2752 2730 2753
5925 2 2 1 1 2731 2732 2754
5926 2 2 1 1 2753 2731 2754
5927 2 2 1 1 2732 2733 2755
5928 2 2 1 1 2754 2732 2755
5929 2 2 1 1 2733 2734 2756
5930 2 2 1 1 2755 2733 2756
5931 2 2 1 1 2734 2735 2757
5932 2 2 1 1 2756 2734 2757
5933 2 2 1 1 2737 2736 2758
5934 2 2 1 1 2759 2737 2758
5935 2 2 1 1 2736 2738 2760
5936 2 2 1 1 2758 2736 2760
5937 2 2 1 1 2738 2739 2761
5938 2 2 1 1 2760 2738 2761
5939 2 2 1 1 2739 2740 2762
5940 2 2 1 1 2761 2739 2762
5941 2 2 1 1 2740 2741 2763
5942 2 2 1 1 2762 2740 2763
5943 2 2 1 1 2741 2742 2764
5944 2 2 1 1 2763 2741 2764
5945 2 2 1 1 2742 2743 2765
5946 2 2 1 1 2764 2742 2765
5947 2 2 1 1 2743 2744 2766
5948 2 2 1 1 2765 2743 2766
5949 2 2 1 1 2744 2745 2767
5950 2 2 1 1 2766 2744 2767
5951 2 2 1 1 2745 2746 2768
5952 2 2 1 1 2767 2745 2768
5953 2 2 1 1 2746 2747 2769
5954 2 2 1 1 2768 2746 2769
5955 2 2 1 1 2747 2748 2770
5956 2 2 1 1 2769 2747 2770
5957 2 2 1 1 2748 2749 2771
5958 2 2 1 1 2770 2748 2771
5959 2 2 1 1 2749 2750 2772
5960 2 2 1 1 2771 2749 2772
5961 2 2 1 1 2750 2751 2773
5962 2 2 1 1 2772 2750 2773
5963 2 2 1 1 2751 2752 2774
5964 2 2 1 1 2773 2751 2774
5965 2 2 1 1 2752 2753 2775
5966 2 2 1 1 2774 2752 2775
5967 2 2 1 1 2753 2754 2776
5968 2 2 1 1 2775 2753 2776
5969 2 2 1 1 2754 2755 2777
5970 2 2 1 1 2776 2754 2777
5971 2 2 1 1 2755 2756 2778
5972 2 2 1 1 2777 2755 2778
5973 2 2 1 1 2756 2757 2779
5974 2 2 1 1 2778 2756 2779
5975 2 2 1 1 2759 2758 2780
5976 2 2 1 1 2781 2759 2780
5977 2 2 1 1 2758 2760 2782
5978 2 2 1 1 2780 2758 2782
5979 2 2 1 1 2760 2761 2783
5980 2 2 1 1 2782 2760 2783
5981 2 2 1 1 2761 2762 2784
5982 2 2 1 1 2783 2761 2784
5983 2 2 1 1 2762 2763 2785
5984 2 2 1 1 2784 2762 2785
5985 2 2 1 1 2763 2764 2786
5986 2 2 1 1 2785 2763 2786
5987 2 2 1 1 2764 2765 2787
5988 2 2 1 1 2786 2764 2787
5989 2 2 1 1 2765 2766 2788
5990 2 2 1 1 2787 2765 2788
5991 2 2 1 1 2766 2767 2789
5992 2 2 1 1 2788 2766 2789
5993 2 2 1 1 2767 2768 2790
5994 2 2 1 1 2789 2767 2790
5995 2 2 1 1 2768 2769 2791
5996 2 2 1 1 2790 2768 2791
5997 2 2 1 1 2769 2770 2792
5998 2 2 1 1 2791 2769 2792
5999 2 2 1 1 2770 2771 2793
6000 2 2 1 1 2792 2770 2793
6001 2 2 1 1 2771 2772 2794
6002 2 2 1 1 2793 2771 2794
6003 2 2 1 1 2772 2773 2795
6004 2 2 1 1 2794 2772 2795
6005 2 2 1 1 2773 2774 2796
6006 2 2 1 1 2795 2773 2796
6007 2 2 1 1 2774 2775 2797
6008 2 2 1 1 2796 2774 2797
6009 2 2 1 1 2775 2776 2798
6010 2 2 1 1 2797 2775 2798
6011 2 2 1 1 2776 2777 2799
6012 2 2 1 1 2798 2776 2799
6013 2 2 1 1 2777 2778 2800
6014 2 2 1 1 2799 2777 2800
6015 2 2 1 1 2778 2779 2801
6016 2 2 1 1 2800 2778 2801
6017 2 2 1 1 2781 2780 2802
6018 2 2 1 1 2803 2781 2802
6019 2 2 1 1 2780 2782 2804
6020 2 2 1 1 2802 2780 2804
6021 2 2 1 1 2782 2783 2805
6022 2 2 1 1 2804 2782 2805
6023 2 2 1 1 2783 2784 2806
6024 2 2 1 1 2805 2783 2806
6025 2 2 1 1 2784 2785 2807
6026 2 2 1 1 2806 2784 2807
6027 2 2 1 1 2785 2786 2808
6028 2 2 1 1 2807 2785 2808
6029 2 2 1 1 2786 2787 2809
6030 2 2 1 1 2808 2786 2809
6031 2 2 1 1 2787 2788 2810
6032 2 2 1 1 2809 2787 2810
6033 2 2 1 1 2788 2789 2811
6034 2 2 1 1 2810 2788 2811
6035 2 2 1 1 2789 2790 2812
6036 2 2 1 1 2811 2789 2812
6037 2 2 1 1 2790 2791 2813
6038 2 2 1 1 2812 2790 2813
6039 2 2 1 1 2791 2792 2814
6040 2 2 1 1 2813 2791 2814
6041 2 2 1 1 2792 2793 2815
6042 2 2 1 1 2814 2792 2815
6043 2 2 1 1 2793 2794 2816
6044 2 2 1 1 2815 2793 2816
6045 2 2 1 1 2794 2795 2817
6046 2 2 1 1 2816 2794 2817
6047 2 2 1 1 2795 2796 2818
6048 2 2 1 1 2817 2795 2818
6049 2 2 1 1 2796 2797 2819
6050 2 2 1 1 2818 2796 2819
6051 2 2 1 1 2797 2798 2820
6052 2 2 1 1 2819 2797 2820
6053 2 2 1 1 2798 2799 2821
6054 2 2 1 1 2820 2798 2821
6055 2 2 1 1 2799 2800 2822
6056 2 2 1 1 2821 2799 2822
6057 2 2 1 1 2800 2801 2823
6058 2 2 1 1 2822 2800 2823
6059 2 2 1 1 2803 2802 2824
6060 2 2 1 1 2825 2803 2824
6061 2 2 1 1 2802 2804 2826
6062 2 2 1 1 2824 2802 2826
6063 2 2 1 1 2804 2805 2827
6064 2 2 1 1 2826 2804 2827
6065 2 2 1 1 2805 2806 2828
6066 2 2 1 1 2827 2805 2828
6067 2 2 1 1 2806 2807 2829
6068 2 2 1 1 2828 2806 2829
6069 2 2 1 1 2807 2808 2830
6070 2 2 1 1 2829 2807 2830
6071 2 2 1 1 2808 2809 2831
6072 2 2 1 1 2830 2808 2831
6073 2 2 1 1 2809 2810 2832
6074 2 2 1 1 2831 2809 2832
6075 2 2 1 1 2810 2811 2833
6076 2 2 1 1 2832 2810 2833
6077 2 2 1 1 2811 2812 2834
6078 2 2 1 1 2833 2811 2834
6079 2 2 1 1 2812 2813 2835
6080 2 2 1 1 2834 2812 2835
6081 2 2 1 1 2813 2814 2836
6082 2 2 1 1 2835 2813 2836
6083 2 2 1 1 2814 2815 2837
6084 2 2 1 1 2836 2814 2837
6085 2 2 1 1 2815 2816 2838
6086 2 2 1 1 2837 2815 2838
6087 2 2 1 1 2816 2817 2839
6088 2 2 1 1 2838 2816 2839
6089 2 2 1 1 2817 2818 2840
6090 2 2 1 1 2839 2817 2840
6091 2 2 1 1 2818 2819 2841
6092 2 2 1 1 2840 2818 2841
6093 2 2 1 1 2819 2820 2842
6094 2 2 1 1 2841 2819 2842
6095 2 2 1 1 2820 2821 2843
6096 2 2 1 1 2842 2820 2843
6097 2 2 1 1 2821 2822 2844
6098 2 2 1 1 2843 2821 2844
6099 2 2 1 1 2822 2823 2845
6100 2 2 1 1 2844 2822 2845
6101 2 2 1 1 2825 2824 2846
6102 2 2 1 1 2847 2825 2846
6103 2 2 1 1 2824 2826 2848
6104 2 2 1 1 2846 2824 2848
6105 2 2 1 1 2826 2827 2849
6106 2 2 1 1 2848 2826 2849
6107 2 2 1 1 2827 2828 2850
6108 2 2 1 1 2849 2827 2850
6109 2 2 1 1 2828 2829 2851
6110 2 2 1 1 2850 2828 2851
6111 2 2 1 1 2829 2830 2852
6112 2 2 1 1 2851 2829 2852
6113 2 2 1 1 2830 2831 2853
6114 2 2 1 1 2852 2830 2853
6115 2 2 1 1 2831 2832 2854
6116 2 2 1 1 2853 2831 2854
6117 2 2 1 1 2832 2833 2855
6118 2 2 1 1 2854 2832 2855
6119 2 2 1 1 2833 2834 2856
6120 2 2 1 1 2855 2833 2856
6121 2 2 1 1 2834 2835 2857
6122 2 2 1 1 2856 2834 2857
6123 2 2 1 1 2835 2836 2858
6124 2 2 1 1 2857 2835 2858
6125 2 2 1 1 2836 2837 2859
6126 2 2 1 1 2858 2836 2859
6127 2 2 1 1 2837 2838 2860
6128 2 2 1 1 2859 2837 2860
6129 2 2 1 1 2838 2839 2861
6130 2 2 1 1 2860 2838 2861
6131 2 2 1 1 2839 2840 2862
6132 2 2 1 1 2861 2839 2862
6133 2 2 1 1 2840 2841 2863
6134 2 2 1 1 2862 2840 2863
6135 2 2 1 1 2841 2842 2864
6136 2 2 1 1 2863 2841 2864
6137 2 2 1 1 2842 2843 2865
6138 2 2 1 1 2864 2842 2865
6139 2 2 1 1 2843 2844 2866
6140 2 2 1 1 2865 2843 2866
6141 2 2 1 1 2844 2845 2867
6142 2 2 1 1 2866 2844 2867
6143 2 2 1 1 2847 2846 243
6144 2 2 1 1 244 2847 243
6145 2 2 1 1 2846 2848 245
6146 2 2 1 1 243 2846 245
6147 2 2 1 1 2848 2849 246
6148 2 2 1 1 245 2848 246
6149 2 2 1 1 2849 2850 247
6150 2 2 1 1 246 2849 247
6151 2 2 1 1 2850 2851 248
6152 2 2 1 1 247 2850 248
6153 2 2 1 1 2851 2852 249
6154 2 2 1 1 248 2851 249
6155 2 2 1 1 2852 2853 250
6156 2 2 1 1 249 2852 250
6157 2 2 1 1 2853 2854 251
6158 2 2 1 1 250 2853 251
6159 2 2 1 1 2854 2855 252
6160 2 2 1 1 251 2854 252
6161 2 2 1 1 2855 2856 253
6162 2 2 1 1 252 2855 253
6163 2 2 1 1 2856 2857 254
6164 2 2 1 1 253 2856 254
6165 2 2 1 1 2857 2858 255
6166 2 2 1 1 254 2857 255
6167 2 2 1 1 2858 2859 256
6168 2 2 1 1 255 2858 256
6169 2 2 1 1 2859 2860 257
6170 2 2 1 1 256 2859 257
6171 2 2 1 1 2860 2861 258
6172 2 2 1 1 257 2860 258
6173 2 2 1 1 2861 2862 259
6174 2 2 1 1 258 2861 259
6175 2 2 1 1 2862 2863 260
6176 2 2 1 1 259 2862 260
6177 2 2 1 1 2863 2864 261
6178 2 2 1 1 260 2863 261
6179 2 2 1 1 2864 2865 262
6180 2 2 1 1 261 2864 262
6181 2 2 1 1 2865 2866 263
6182 2 2 1 1 262 2865 263
6183 2 2 1 1 2866 2867 264
6184 2 2 1 1 263 2866 264
6185 2 2 1 1 2868 266 265
6186 2 2 1 1 2628 2868 265
6187 2 2 1 1 2627 269 268
6188 2 2 1 1 2631 2627 268
6189 2 2 1 1 2631 268 270
6190 2 2 1 1 2633 2631 270
6191 2 2 1 1 2628 265 269
6192 2 2 1 1 2627 2628 269
6193 2 2 1 1 2635 272 271
6194 2 2 1 1 2637 2635 271
6195 2 2 1 1 2637 271 273
6196 2 2 1 1 2639 2637 273
6197 2 2 1 1 2641 275 274
6198 2 2 1 1 2643 2641 274
6199 2 2 1 1 2643 274 276
6200 2 2 1 1 2645 2643 276
6201 2 2 1 1 2639 273 275
6202 2 2 1 1 2641 2639 275
6203 2 2 1 1 2633 270 272
6204 2 2 1 1 2635 2633 272
6205 2 2 1 1 2869 2868 2628
6206 2 2 1 1 2629 2869 2628
6207 2 2 1 1 278 2647 2645
6208 2 2 1 1 276 278 2645
6209 2 2 1 1 2647 278 279
6210 2 2 1 1 2649 2647 279
6211 2 2 1 1 2651 281 280
6212 2 2 1 1 2653 2651 280
6213 2 2 1 1 2653 280 282
6214 2 2 1 1 2655 2653 282
6215 2 2 1 1 2649 279 281
6216 2 2 1 1 2651 2649 281
6217 2 2 1 1 2657 284 283
6218 2 2 1 1 2659 2657 283
6219 2 2 1 1 2659 283 285
6220 2 2 1 1 2661 2659 285
6221 2 2 1 1 2663 287 286
6222 2 2 1 1 2665 2663 286
6223 2 2 1 1 2665 286 288
6224 2 2 1 1 2667 2665 288
6225 2 2 1 1 2661 285 287
6226 2 2 1 1 2663 2661 287
6227 2 2 1 1 2655 282 284
6228 2 2 1 1 2657 2655 284
6229 2 2 1 1 2669 290 289
6230 2 2 1 1 2870 2669 289
6231 2 2 1 1 2667 288 290
6232 2 2 1 1 2669 2667 290
6233 2 2 1 1 2629 2671 2871
6234 2 2 1 1 2869 2629 2871
6235 2 2 1 1 2693 2715 2872
6236 2 2 1 1 2873 2693 2872
6237 2 2 1 1 2715 2737 2874
6238 2 2 1 1 2872 2715 2874
6239 2 2 1 1 2671 2693 2873
6240 2 2 1 1 2871 2671 2873
6241 2 2 1 1 2875 2874 2737
6242 2 2 1 1 2759 2875 2737
6243 2 2 1 1 2759 2781 2876
6244 2 2 1 1 2875 2759 2876
6245 2 2 1 1 2781 2803 2877
6246 2 2 1 1 2876 2781 2877
6247 2 2 1 1 2825 2847 2878
6248 2 2 1 1 2879 2825 2878
6249 2 2 1 1 2847 244 301
6250 2 2 1 1 2878 2847 301
6251 2 2 1 1 2803 2825 2879
6252 2 2 1 1 2877 2803 2879
6253 2 2 1 1 2880 2691 2668
6254 2 2 1 1 2881 2880 2668
6255 2 2 1 1 2883 2882 2735
6256 2 2 1 1 2713 2883 2735
6257 2 2 1 1 2882 2884 2757
6258 2 2 1 1 2735 2882 2757
6259 2 2 1 1 2880 2883 2713
6260 2 2 1 1 2691 2880 2713
6261 2 2 1 1 2669 2870 2881
6262 2 2 1 1 2668 2669 2881
6263 2 2 1 1 2779 2757 2884
6264 2 2 1 1 2885 2779 2884
6265 2 2 1 1 2885 2886 2801
6266 2 2 1 1 2779 2885 2801
6267 2 2 1 1 2886 2887 2823
6268 2 2 1 1 2801 2886 2823
6269 2 2 1 1 2888 2867 2845
6270 2 2 1 1 2889 2888 2845
6271 2 2 1 1 2888 312 264
6272 2 2 1 1 2867 2888 264
6273 2 2 1 1 2889 2845 2823
6274 2 2 1 1 2887 2889 2823
6275 2 2 1 1 2892 2891 2890
6276 2 2 1 1 2893 2892 2890
6277 2 2 1 1 2891 2895 2894
6278 2 2 1 1 2890 2891 2894
6279 2 2 1 1 2895 2897 2896
6280 2 2 1 1 2894 2895 2896
6281 2 2 1 1 2869 2871 2892
6282 2 2 1 1 2869 2869 2892
6283 2 2 1 1 2892 2871 2873
6284 2 2 1 1 2892 2892 2873
6285 2 2 1 1 2893 2869 2892
6286 2 2 1 1 2893 2893 2892
6287 2 2 1 1 2873 2872 2891
6288 2 2 1 1 2873 2873 2891
6289 2 2 1 1 2891 2872 2874
6290 2 2 1 1 2891 2891 2874
6291 2 2 1 1 2873 2891 2892
6292 2 2 1 1 2873 2873 2892
6293 2 2 1 1 321 266 2868
6294 2 2 1 1 321 321 2868
6295 2 2 1 1 2868 2869 2893
6296 2 2 1 1 2868 2868 2893
6297 2 2 1 1 321 2868 2893
6298 2 2 1 1 321 321 2893
6299 2 2 1 1 2893 2890 322
6300 2 2 1 1 321 2893 322
6301 2 2 1 1 2890 2894 323
6302 2 2 1 1 322 2890 323
6303 2 2 1 1 2874 2875 2895
6304 2 2 1 1 2874 2874 2895
6305 2 2 1 1 2895 2875 2876
6306 2 2 1 1 2895 2895 2876
6307 2 2 1 1 2876 2877 2897
6308 2 2 1 1 2876 2876 2897
6309 2 2 1 1 2897 2877 2879
6310 2 2 1 1 2897 2897 2879
6311 2 2 1 1 2876 2897 2895
6312 2 2 1 1 2876 2876 2895
6313 2 2 1 1 2894 2896 324
6314 2 2 1 1 323 2894 324
6315 2 2 1 1 2878 324 2896
6316 2 2 1 1 2878 2878 2896
6317 2 2 1 1 301 324 2878
6318 2 2 1 1 301 301 2878
6319 2 2 1 1 2878 2896 2879
6320 2 2 1 1 2878 2878 2879
6321 2 2 1 1 2897 2879 2896
6322 2 2 1 1 2897 2897 2896
6323 2 2 1 1 2891 2874 2895
6324 2 2 1 1 2891 2891 2895
6325 2 2 1 1 2900 2899 2898
6326 2 2 1 1 2901 2900 2898
6327 2 2 1 1 2901 2898 2902
6328 2 2 1 1 2903 2901 2902
6329 2 2 1 1 2903 2902 2904
6330 2 2 1 1 2905 2903 2904
6331 2 2 1 1 2880 2881 2900
6332 2 2 1 1 2880 2880 2900
6333 2 2 1 1 2880 2900 2883
6334 2 2 1 1 2880 2880 2883
6335 2 2 1 1 2881 2899 2900
6336 2 2 1 1 2881 2881 2900
6337 2 2 1 1 2882 2883 2901
6338 2 2 1 1 2882 2882 2901
6339 2 2 1 1 2882 2901 2884
6340 2 2 1 1 2882 2882 2884
6341 2 2 1 1 2901 2883 2900
6342 2 2 1 1 2901 2901 2900
6343 2 2 1 1 289 333 2870
6344 2 2 1 1 289 289 2870
6345 2 2 1 1 2881 2870 2899
6346 2 2 1 1 2881 2881 2899
6347 2 2 1 1 2870 333 2899
6348 2 2 1 1 2870 2870 2899
6349 2 2 1 1 2899 333 334
6350 2 2 1 1 2898 2899 334
6351 2 2 1 1 2898 334 335
6352 2 2 1 1 2902 2898 335
6353 2 2 1 1 2885 2884 2903
6354 2 2 1 1 2885 2885 2903
6355 2 2 1 1 2885 2903 2886
6356 2 2 1 1 2885 2885 2886
6357 2 2 1 1 2887 2886 2905
6358 2 2 1 1 2887 2887 2905
6359 2 2 1 1 2887 2905 2889
6360 2 2 1 1 2887 2887 2889
6361 2 2 1 1 2905 2886 2903
6362 2 2 1 1 2905 2905 2903
6363 2 2 1 1 2902 335 336
6364 2 2 1 1 2904 2902 336
6365 2 2 1 1 336 2888 2904
6366 2 2 1 1 336 336 2904
6367 2 2 1 1 336 312 2888
6368 2 2 1 1 336 336 2888
6369 2 2 1 1 2904 2888 2889
6370 2 2 1 1 2904 2904 2889
6371 2 2 1 1 2889 2905 2904
6372 2 2 1 1 2889 2889 2904
6373 2 2 1 1 2884 2901 2903
6374 2 2 1 1 2884 2884 2903
6375 2 2 1 1 2908 2907 2906
6376 2 2 1 1 2909 2908 2906
6377 2 2 1 1 2907 2911 2910
6378 2 2 1 1 2906 2907 2910
6379 2 2 1 1 2911 2913 2912
6380 2 2 1 1 2910 2911 2912
6381 2 2 1 1 2909 2906 2914
6382 2 2 1 1 2915 2909 2914
6383 2 2 1 1 2906 2910 2916
6384 2 2 1 1 2914 2906 2916
6385 2 2 1 1 2910 2912 2917
6386 2 2 1 1 2916 2910 2917
6387 2 2 1 1 2915 2914 2918
6388 2 2 1 1 2919 2915 2918
6389 2 2 1 1 2914 2916 2920
6390 2 2 1 1 2918 2914 2920
6391 2 2 1 1 2916 2917 2921
6392 2 2 1 1 2920 2916 2921
6393 2 2 1 1 2919 2918 2922
6394 2 2 1 1 2923 2919 2922
6395 2 2 1 1 2918 2920 2924
6396 2 2 1 1 2922 2918 2924
6397 2 2 1 1 2920 2921 2925
6398 2 2 1 1 2924 2920 2925
6399 2 2 1 1 2923 2922 2926
6400 2 2 1 1 2927 2923 2926
6401 2 2 1 1 2922 2924 2928
6402 2 2 1 1 2926 2922 2928
6403 2 2 1 1 2924 2925 2929
6404 2 2 1 1 2928 2924 2929
6405 2 2 1 1 2927 2926 2930
6406 2 2 1 1 2931 2927 2930
6407 2 2 1 1 2926 2928 2932
6408 2 2 1 1 2930 2926 2932
6409 2 2 1 1 2928 2929 2933
6410 2 2 1 1 2932 2928 2933
6411 2 2 1 1 2931 2930 2934
6412 2 2 1 1 2935 2931 2934
6413 2 2 1 1 2930 2932 2936
6414 2 2 1 1 2934 2930 2936
6415 2 2 1 1 2932 2933 2937
6416 2 2 1 1 2936 2932 2937
6417 2 2 1 1 2935 2934 2938
6418 2 2 1 1 2939 2935 2938
6419 2 2 1 1 2934 2936 2940
6420 2 2 1 1 2938 2934 2940
6421 2 2 1 1 2936 2937 2941
6422 2 2 1 1 2940 2936 2941
6423 2 2 1 1 2939 2938 2942
6424 2 2 1 1 2943 2939 2942
6425 2 2 1 1 2938 2940 2944
6426 2 2 1 1 2942 2938 2944
6427 2 2 1 1 2940 2941 2945
6428 2 2 1 1 2944 2940 2945
6429 2 2 1 1 2943 2942 2946
6430 2 2 1 1 2947 2943 2946
6431 2 2 1 1 2942 2944 2948
6432 2 2 1 1 2946 2942 2948
6433 2 2 1 1 2944 2945 2949
6434 2 2 1 1 2948 2944 2949
6435 2 2 1 1 2947 2946 2950
6436 2 2 1 1 2951 2947 2950
6437 2 2 1 1 2946 2948 2952
6438 2 2 1 1 2950 2946 2952
6439 2 2 1 1 2948 2949 2953
6440 2 2 1 1 2952 2948 2953
6441 2 2 1 1 2951 2950 2954
6442 2 2 1 1 2955 2951 2954
6443 2 2 1 1 2950 2952 2956
6444 2 2 1 1 2954 2950 2956
6445 2 2 1 1 2952 2953 2957
6446 2 2 1 1 2956 2952 2957
6447 2 2 1 1 2955 2954 2958
6448 2 2 1 1 2959 2955 2958
6449 2 2 1 1 2954 2956 2960
6450 2 2 1 1 2958 2954 2960
6451 2 2 1 1 2956 2957 2961
6452 2 2 1 1 2960 2956 2961
6453 2 2 1 1 2959 2958 2962
6454 2 2 1 1 2963 2959 2962
6455 2 2 1 1 2958 2960 2964
6456 2 2 1 1 2962 2958 2964
6457 2 2 1 1 2960 2961 2965
6458 2 2 1 1 2964 2960 2965
6459 2 2 1 1 2963 2962 2966
6460 2 2 1 1 2967 2963 2966
6461 2 2 1 1 2962 2964 2968
6462 2 2 1 1 2966 2962 2968
6463 2 2 1 1 2964 2965 2969
6464 2 2 1 1 2968 2964 2969
6465 2 2 1 1 2967 2966 2970
6466 2 2 1 1 2971 2967 2970
6467 2 2 1 1 2966 2968 2972
6468 2 2 1 1 2970 2966 2972
6469 2 2 1 1 2968 2969 2973
6470 2 2 1 1 2972 2968 2973
6471 2 2 1 1 2971 2970 2974
6472 2 2 1 1 2975 2971 2974
6473 2 2 1 1 2970 2972 2976
6474 2 2 1 1 2974 2970 2976
6475 2 2 1 1 2972 2973 2977
6476 2 2 1 1 2976 2972 2977
6477 2 2 1 1 2975 2974 2978
6478 2 2 1 1 2979 2975 2978
6479 2 2 1 1 2974 2976 2980
6480 2 2 1 1 2978 2974 2980
6481 2 2 1 1 2976 2977 2981
6482 2 2 1 1 2980 2976 2981
6483 2 2 1 1 2979 2978 2982
6484 2 2 1 1 2983 2979 2982
6485 2 2 1 1 2978 2980 2984
6486 2 2 1 1 2982 2978 2984
6487 2 2 1 1 2980 2981 2985
6488 2 2 1 1 2984 2980 2985
6489 2 2 1 1 2983 2982 2986
6490 2 2 1 1 2987 2983 2986
6491 2 2 1 1 2982 2984 2988
6492 2 2 1 1 2986 2982 2988
6493 2 2 1 1 2984 2985 2989
6494 2 2 1 1 2988 2984 2989
6495 2 2 1 1 2987 2986 2990
6496 2 2 1 1 2991 2987 2990
6497 2 2 1 1 2986 2988 2992
6498 2 2 1 1 2990 2986 2992
6499 2 2 1 1 2988 2989 2993
6500 2 2 1 1 2992 2988 2993
6501 2 2 1 1 2991 2990 2994
6502 2 2 1 1 2995 2991 2994
6503 2 2 1 1 2990 2992 2996
6504 2 2 1 1 2994 2990 2996
6505 2 2 1 1 2992 2993 2997
6506 2 2 1 1 2996 2992 2997
6507 2 2 1 1 2995 2994 2998
6508 2 2 1 1 2999 2995 2998
6509 2 2 1 1 2994 2996 3000
6510 2 2 1 1 2998 2994 3000
6511 2 2 1 1 2996 2997 3001
6512 2 2 1 1 3000 2996 3001
6513 2 2 1 1 2999 2998 3002
6514 2 2 1 1 3003 2999 3002
6515 2 2 1 1 2998 3000 3004
6516 2 2 1 1 3002 2998 3004
6517 2 2 1 1 3000 3001 3005
6518 2 2 1 1 3004 3000 3005
6519 2 2 1 1 3003 3002 3006
6520 2 2 1 1 3007 3003 3006
6521 2 2 1 1 3002 3004 3008
6522 2 2 1 1 3006 3002 3008
6523 2 2 1 1 3004 3005 3009
6524 2 2 1 1 3008 3004 3009
6525 2 2 1 1 3007 3006 3010
6526 2 2 1 1 3011 3007 3010
6527 2 2 1 1 3006 3008 3012
6528 2 2 1 1 3010 3006 3012
6529 2 2 1 1 3008 3009 3013
6530 2 2 1 1 3012 3008 3013
6531 2 2 1 1 3011 3010 3014
6532 2 2 1 1 3015 3011 3014
6533 2 2 1 1 3010 3012 3016
6534 2 2 1 1 3014 3010 3016
6535 2 2 1 1 3012 3013 3017
6536 2 2 1 1 3016 3012 3017
6537 2 2 1 1 3015 3014 3018
6538 2 2 1 1 3019 3015 3018
6539 2 2 1 1 3014 3016 3020
6540 2 2 1 1 3018 3014 3020
6541 2 2 1 1 3016 3017 3021
6542 2 2 1 1 3020 3016 3021
6543 2 2 1 1 3019 3018 3022
6544 2 2 1 1 3023 3019 3022
6545 2 2 1 1 3018 3020 3024
6546 2 2 1 1 3022 3018 3024
6547 2 2 1 1 3020 3021 3025
6548 2 2 1 1 3024 3020 3025
6549 2 2 1 1 3023 3022 3026
6550 2 2 1 1 3027 3023 3026
6551 2 2 1 1 3022 3024 3028
6552 2 2 1 1 3026 3022 3028
6553 2 2 1 1 3024 3025 3029
6554 2 2 1 1 3028 3024 3029
6555 2 2 1 1 3027 3026 461
6556 2 2 1 1 462 3027 461
6557 2 2 1 1 3026 3028 463
6558 2 2 1 1 461 3026 463
6559 2 2 1 1 3028 3029 464
6560 2 2 1 1 463 3028 464
6561 2 2 1 1 3030 466 465
6562 2 2 1 1 2908 3030 465
6563 2 2 1 1 2909 2915 3031
6564 2 2 1 1 3032 2909 3031
6565 2 2 1 1 2908 2909 3032
6566 2 2 1 1 3030 2908 3032
6567 2 2 1 1 2919 2923 3033
6568 2 2 1 1 3034 2919 3033
6569 2 2 1 1 3036 3035 2927
6570 2 2 1 1 2931 3036 2927
6571 2 2 1 1 2923 2927 3035
6572 2 2 1 1 3033 2923 3035
6573 2 2 1 1 2915 2919 3034
6574 2 2 1 1 3031 2915 3034
6575 2 2 1 1 2908 465 474
6576 2 2 1 1 2907 2908 474
6577 2 2 1 1 2907 474 475
6578 2 2 1 1 2911 2907 475
6579 2 2 1 1 2935 2939 3037
6580 2 2 1 1 3038 2935 3037
6581 2 2 1 1 2943 2947 3039
6582 2 2 1 1 3040 2943 3039
6583 2 2 1 1 2939 2943 3040
6584 2 2 1 1 3037 2939 3040
6585 2 2 1 1 2951 2955 3041
6586 2 2 1 1 3042 2951 3041
6587 2 2 1 1 2959 2963 3043
6588 2 2 1 1 3044 2959 3043
6589 2 2 1 1 2955 2959 3044
6590 2 2 1 1 3041 2955 3044
6591 2 2 1 1 2947 2951 3042
6592 2 2 1 1 3039 2947 3042
6593 2 2 1 1 2931 2935 3038
6594 2 2 1 1 3036 2931 3038
6595 2 2 1 1 3045 3043 2963
6596 2 2 1 1 2967 3045 2963
6597 2 2 1 1 2911 475 485
6598 2 2 1 1 2913 2911 485
6599 2 2 1 1 2913 485 486
6600 2 2 1 1 3046 2913 486
6601 2 2 1 1 3048 3047 2917
6602 2 2 1 1 2912 3048 2917
6603 2 2 1 1 3049 2925 2921
6604 2 2 1 1 3050 3049 2921
6605 2 2 1 1 3047 3050 2921
6606 2 2 1 1 2917 3047 2921
6607 2 2 1 1 3046 3048 2912
6608 2 2 1 1 2913 3046 2912
6609 2 2 1 1 2925 3049 3051
6610 2 2 1 1 2929 2925 3051
6611 2 2 1 1 2929 3051 3052
6612 2 2 1 1 2933 2929 3052
6613 2 2 1 1 3053 2937 2933
6614 2 2 1 1 3052 3053 2933
6615 2 2 1 1 3054 2945 2941
6616 2 2 1 1 3055 3054 2941
6617 2 2 1 1 3055 2941 2937
6618 2 2 1 1 3053 3055 2937
6619 2 2 1 1 3056 2953 2949
6620 2 2 1 1 3057 3056 2949
6621 2 2 1 1 3058 2961 2957
6622 2 2 1 1 3059 3058 2957
6623 2 2 1 1 3059 2957 2953
6624 2 2 1 1 3056 3059 2953
6625 2 2 1 1 3057 2949 2945
6626 2 2 1 1 3054 3057 2945
6627 2 2 1 1 2961 3058 3060
6628 2 2 1 1 2965 2961 3060
6629 2 2 1 1 2965 3060 3061
6630 2 2 1 1 2969 2965 3061
6631 2 2 1 1 2967 2971 3062
6632 2 2 1 1 3045 2967 3062
6633 2 2 1 1 2975 2979 3063
6634 2 2 1 1 3064 2975 3063
6635 2 2 1 1 2971 2975 3064
6636 2 2 1 1 3062 2971 3064
6637 2 2 1 1 2983 2987 3065
6638 2 2 1 1 3066 2983 3065
6639 2 2 1 1 2991 2995 3067
6640 2 2 1 1 3068 2991 3067
6641 2 2 1 1 2987 2991 3068
6642 2 2 1 1 3065 2987 3068
6643 2 2 1 1 2979 2983 3066
6644 2 2 1 1 3063 2979 3066
6645 2 2 1 1 2995 2999 3069
6646 2 2 1 1 3067 2995 3069
6647 2 2 1 1 3003 3007 3070
6648 2 2 1 1 3071 3003 3070
6649 2 2 1 1 3011 3015 3072
6650 2 2 1 1 3073 3011 3072
6651 2 2 1 1 3007 3011 3073
6652 2 2 1 1 3070 3007 3073
6653 2 2 1 1 3019 3023 3074
6654 2 2 1 1 3075 3019 3074
6655 2 2 1 1 3027 462 517
6656 2 2 1 1 3076 3027 517
6657 2 2 1 1 3023 3027 3076
6658 2 2 1 1 3074 3023 3076
6659 2 2 1 1 3015 3019 3075
6660 2 2 1 1 3072 3015 3075
6661 2 2 1 1 2999 3003 3071
6662 2 2 1 1 3069 2999 3071
6663 2 2 1 1 3077 2973 2969
6664 2 2 1 1 3061 3077 2969
6665 2 2 1 1 3078 2981 2977
6666 2 2 1 1 3079 3078 2977
6667 2 2 1 1 3079 2977 2973
6668 2 2 1 1 3077 3079 2973
6669 2 2 1 1 3080 2989 2985
6670 2 2 1 1 3081 3080 2985
6671 2 2 1 1 3083 3082 2997
6672 2 2 1 1 2993 3083 2997
6673 2 2 1 1 3080 3083 2993
6674 2 2 1 1 2989 3080 2993
6675 2 2 1 1 3081 2985 2981
6676 2 2 1 1 3078 3081 2981
6677 2 2 1 1 3082 3084 3001
6678 2 2 1 1 2997 3082 3001
6679 2 2 1 1 3086 3085 3009
6680 2 2 1 1 3005 3086 3009
6681 2 2 1 1 3088 3087 3017
6682 2 2 1 1 3013 3088 3017
6683 2 2 1 1 3085 3088 3013
6684 2 2 1 1 3009 3085 3013
6685 2 2 1 1 3090 3089 3025
6686 2 2 1 1 3021 3090 3025
6687 2 2 1 1 3091 533 464
6688 2 2 1 1 3029 3091 464
6689 2 2 1 1 3089 3091 3029
6690 2 2 1 1 3025 3089 3029
6691 2 2 1 1 3087 3090 3021
6692 2 2 1 1 3017 3087 3021
6693 2 2 1 1 3084 3086 3005
6694 2 2 1 1 3001 3084 3005
6695 2 2 1 1 3094 3093 3092
6696 2 2 1 1 3094 3094 3092
6697 2 2 1 1 3093 3094 3095
6698 2 2 1 1 3096 3093 3095
6699 2 2 1 1 3096 3095 3097
6700 2 2 1 1 3098 3096 3097
6701 2 2 1 1 3101 3100 3099
6702 2 2 1 1 3092 3101 3099
6703 2 2 1 1 3092 3099 3102
6704 2 2 1 1 3094 3092 3102
6705 2 2 1 1 3094 3102 3103
6706 2 2 1 1 3095 3094 3103
6707 2 2 1 1 3095 3103 3104
6708 2 2 1 1 3097 3095 3104
6709 2 2 1 1 3107 3106 3105
6710 2 2 1 1 3100 3107 3105
6711 2 2 1 1 3100 3105 3108
6712 2 2 1 1 3099 3100 3108
6713 2 2 1 1 3099 3108 3109
6714 2 2 1 1 3102 3099 3109
6715 2 2 1 1 3102 3109 3110
6716 2 2 1 1 3103 3102 3110
6717 2 2 1 1 3103 3110 3111
6718 2 2 1 1 3104 3103 3111
6719 2 2 1 1 3114 3113 3112
6720 2 2 1 1 3106 3114 3112
6721 2 2 1 1 3106 3112 3115
6722 2 2 1 1 3105 3106 3115
6723 2 2 1 1 3105 3115 3116
6724 2 2 1 1 3108 3105 3116
6725 2 2 1 1 3108 3116 3117
6726 2 2 1 1 3109 3108 3117
6727 2 2 1 1 3119 3113 3118
6728 2 2 1 1 3119 3119 3118
6729 2 2 1 1 3113 3119 3120
6730 2 2 1 1 3112 3113 3120
6731 2 2 1 1 3112 3120 3121
6732 2 2 1 1 3115 3112 3121
6733 2 2 1 1 3115 3121 3122
6734 2 2 1 1 3116 3115 3122
6735 2 2 1 1 3118 3124 3123
6736 2 2 1 1 3119 3118 3123
6737 2 2 1 1 3119 3123 3125
6738 2 2 1 1 3120 3119 3125
6739 2 2 1 1 3120 3125 3126
6740 2 2 1 1 3121 3120 3126
6741 2 2 1 1 3124 3128 3127
6742 2 2 1 1 3123 3124 3127
6743 2 2 1 1 3123 3127 3129
6744 2 2 1 1 3125 3123 3129
6745 2 2 1 1 3125 3129 3130
6746 2 2 1 1 3126 3125 3130
6747 2 2 1 1 3128 3132 3131
6748 2 2 1 1 3127 3128 3131
6749 2 2 1 1 3127 3131 3133
6750 2 2 1 1 3129 3127 3133
6751 2 2 1 1 3129 3133 3134
6752 2 2 1 1 3130 3129 3134
6753 2 2 1 1 3132 3136 3135
6754 2 2 1 1 3131 3132 3135
6755 2 2 1 1 3131 3135 3137
6756 2 2 1 1 3133 3131 3137
6757 2 2 1 1 3133 3137 3138
6758 2 2 1 1 3134 3133 3138
6759 2 2 1 1 3136 3140 3139
6760 2 2 1 1 3135 3136 3139
6761 2 2 1 1 3135 3139 3141
6762 2 2 1 1 3137 3135 3141
6763 2 2 1 1 3137 3141 3142
6764 2 2 1 1 3138 3137 3142
6765 2 2 1 1 3140 3144 3143
6766 2 2 1 1 3139 3140 3143
6767 2 2 1 1 3139 3143 3145
6768 2 2 1 1 3141 3139 3145
6769 2 2 1 1 3141 3145 3146
6770 2 2 1 1 3142 3141 3146
6771 2 2 1 1 3143 3148 3147
6772 2 2 1 1 3145 3143 3147
6773 2 2 1 1 3145 3147 3149
6774 2 2 1 1 3146 3145 3149
6775 2 2 1 1 3146 3149 3150
6776 2 2 1 1 3151 3146 3150
6777 2 2 1 1 3148 3153 3152
6778 2 2 1 1 3147 3148 3152
6779 2 2 1 1 3147 3152 3154
6780 2 2 1 1 3149 3147 3154
6781 2 2 1 1 3149 3154 3155
6782 2 2 1 1 3150 3149 3155
6783 2 2 1 1 3150 3155 3156
6784 2 2 1 1 3157 3150 3156
6785 2 2 1 1 3152 3159 3158
6786 2 2 1 1 3154 3152 3158
6787 2 2 1 1 3154 3158 3160
6788 2 2 1 1 3155 3154 3160
6789 2 2 1 1 3155 3160 3161
6790 2 2 1 1 3156 3155 3161
6791 2 2 1 1 3156 3161 3162
6792 2 2 1 1 3163 3156 3162
6793 2 2 1 1 3163 3162 3164
6794 2 2 1 1 3165 3163 3164
6795 2 2 1 1 3158 3167 3166
6796 2 2 1 1 3160 3158 3166
6797 2 2 1 1 3160 3166 3168
6798 2 2 1 1 3161 3160 3168
6799 2 2 1 1 3161 3168 3169
6800 2 2 1 1 3162 3161 3169
6801 2 2 1 1 3162 3169 3170
6802 2 2 1 1 3164 3162 3170
6803 2 2 1 1 3168 3172 3171
6804 2 2 1 1 3169 3168 3171
6805 2 2 1 1 3169 3171 3173
6806 2 2 1 1 3170 3169 3173
6807 2 2 1 1 3037 3040 3114
6808 2 2 1 1 3037 3037 3114
6809 2 2 1 1 3114 3040 3113
6810 2 2 1 1 3114 3114 3113
6811 2 2 1 1 3106 3037 3114
6812 2 2 1 1 3106 3106 3114
6813 2 2 1 1 3113 3039 3118
6814 2 2 1 1 3113 3113 3118
6815 2 2 1 1 3118 3039 3042
6816 2 2 1 1 3118 3118 3042
6817 2 2 1 1 3039 3113 3040
6818 2 2 1 1 3039 3039 3040
6819 2 2 1 1 3035 3036 3101
6820 2 2 1 1 3035 3035 3101
6821 2 2 1 1 3101 3036 3100
6822 2 2 1 1 3101 3101 3100
6823 2 2 1 1 3092 3035 3101
6824 2 2 1 1 3092 3092 3101
6825 2 2 1 1 3107 3100 3036
6826 2 2 1 1 3107 3107 3036
6827 2 2 1 1 3038 3037 3107
6828 2 2 1 1 3038 3038 3107
6829 2 2 1 1 3037 3106 3107
6830 2 2 1 1 3037 3037 3107
6831 2 2 1 1 3107 3036 3038
6832 2 2 1 1 3107 3107 3038
6833 2 2 1 1 3118 3041 3124
6834 2 2 1 1 3118 3118 3124
6835 2 2 1 1 3041 3118 3042
6836 2 2 1 1 3041 3041 3042
6837 2 2 1 1 3124 3041 3044
6838 2 2 1 1 3124 3124 3044
6839 2 2 1 1 3128 3043 3132
6840 2 2 1 1 3128 3128 3132
6841 2 2 1 1 3044 3128 3124
6842 2 2 1 1 3044 3044 3124
6843 2 2 1 1 3128 3044 3043
6844 2 2 1 1 3128 3128 3043
6845 2 2 1 1 3043 3045 3132
6846 2 2 1 1 3043 3043 3132
6847 2 2 1 1 3122 3121 3126
6848 2 2 1 1 3122 3122 3126
6849 2 2 1 1 3174 3126 3130
6850 2 2 1 1 3174 3174 3130
6851 2 2 1 1 3134 3175 3130
6852 2 2 1 1 3134 3134 3130
6853 2 2 1 1 3130 3175 3174
6854 2 2 1 1 3130 3130 3174
6855 2 2 1 1 3045 3062 3132
6856 2 2 1 1 3045 3045 3132
6857 2 2 1 1 3126 3174 3176
6858 2 2 1 1 3126 3126 3176
6859 2 2 1 1 3096 3032 3031
6860 2 2 1 1 3096 3096 3031
6861 2 2 1 1 3093 3031 3034
6862 2 2 1 1 3093 3093 3034
6863 2 2 1 1 3033 3092 3093
6864 2 2 1 1 3033 3033 3093
6865 2 2 1 1 3033 3035 3092
6866 2 2 1 1 3033 3033 3092
6867 2 2 1 1 3093 3096 3031
6868 2 2 1 1 3093 3093 3031
6869 2 2 1 1 3033 3093 3034
6870 2 2 1 1 3033 3033 3034
6871 2 2 1 1 3032 3096 3098
6872 2 2 1 1 3032 3032 3098
6873 2 2 1 1 466 3030 620
6874 2 2 1 1 466 466 620
6875 2 2 1 1 620 3030 3098
6876 2 2 1 1 620 620 3098
6877 2 2 1 1 621 620 3098
6878 2 2 1 1 3097 621 3098
6879 2 2 1 1 3097 3104 622
6880 2 2 1 1 621 3097 622
6881 2 2 1 1 3030 3032 3098
6882 2 2 1 1 3030 3030 3098
6883 2 2 1 1 3117 3116 3177
6884 2 2 1 1 3117 3117 3177
6885 2 2 1 1 3110 3109 3117
6886 2 2 1 1 3110 3110 3117
6887 2 2 1 1 3122 3176 3177
6888 2 2 1 1 3122 3122 3177
6889 2 2 1 1 3176 3122 3126
6890 2 2 1 1 3176 3176 3126
6891 2 2 1 1 3178 3117 3177
6892 2 2 1 1 3178 3178 3177
6893 2 2 1 1 3177 3116 3122
6894 2 2 1 1 3177 3177 3122
6895 2 2 1 1 3110 3117 3178
6896 2 2 1 1 3110 3110 3178
6897 2 2 1 1 625 622 3104
6898 2 2 1 1 3111 625 3104
6899 2 2 1 1 3111 3180 3179
6900 2 2 1 1 3111 3111 3179
6901 2 2 1 1 3180 3111 3110
6902 2 2 1 1 3180 3180 3110
6903 2 2 1 1 3179 628 3111
6904 2 2 1 1 3179 3179 3111
6905 2 2 1 1 3111 628 625
6906 2 2 1 1 3111 3111 625
6907 2 2 1 1 3110 3178 3180
6908 2 2 1 1 3110 3110 3180
6909 2 2 1 1 3175 3134 3181
6910 2 2 1 1 3175 3175 3181
6911 2 2 1 1 3062 3064 3136
6912 2 2 1 1 3062 3062 3136
6913 2 2 1 1 3136 3064 3140
6914 2 2 1 1 3136 3136 3140
6915 2 2 1 1 3140 3063 3144
6916 2 2 1 1 3140 3140 3144
6917 2 2 1 1 3063 3140 3064
6918 2 2 1 1 3063 3063 3064
6919 2 2 1 1 3144 3063 3066
6920 2 2 1 1 3144 3144 3066
6921 2 2 1 1 3134 3182 3181
6922 2 2 1 1 3134 3134 3181
6923 2 2 1 1 3138 3182 3134
6924 2 2 1 1 3138 3138 3134
6925 2 2 1 1 3182 3138 3183
6926 2 2 1 1 3182 3182 3183
6927 2 2 1 1 3146 3151 3142
6928 2 2 1 1 3146 3146 3142
6929 2 2 1 1 3142 3184 3183
6930 2 2 1 1 3142 3142 3183
6931 2 2 1 1 3142 3183 3138
6932 2 2 1 1 3142 3142 3138
6933 2 2 1 1 3144 3148 3143
6934 2 2 1 1 3144 3144 3143
6935 2 2 1 1 3136 3132 3062
6936 2 2 1 1 3136 3136 3062
6937 2 2 1 1 3065 3148 3144
6938 2 2 1 1 3065 3065 3144
6939 2 2 1 1 3148 3065 3068
6940 2 2 1 1 3148 3148 3068
6941 2 2 1 1 3065 3144 3066
6942 2 2 1 1 3065 3065 3066
6943 2 2 1 1 3068 3153 3148
6944 2 2 1 1 3068 3068 3148
6945 2 2 1 1 3153 3068 3067
6946 2 2 1 1 3153 3153 3067
6947 2 2 1 1 3153 3067 3152
6948 2 2 1 1 3153 3153 3152
6949 2 2 1 1 3069 3159 3067
6950 2 2 1 1 3069 3069 3067
6951 2 2 1 1 3159 3152 3067
6952 2 2 1 1 3159 3159 3067
6953 2 2 1 1 3158 3159 3071
6954 2 2 1 1 3158 3158 3071
6955 2 2 1 1 3071 3167 3158
6956 2 2 1 1 3071 3071 3158
6957 2 2 1 1 3167 3071 3070
6958 2 2 1 1 3167 3167 3070
6959 2 2 1 1 3167 3070 3166
6960 2 2 1 1 3167 3167 3166
6961 2 2 1 1 3159 3069 3071
6962 2 2 1 1 3159 3159 3071
6963 2 2 1 1 3070 3073 3166
6964 2 2 1 1 3070 3070 3166
6965 2 2 1 1 3184 3151 3185
6966 2 2 1 1 3184 3184 3185
6967 2 2 1 1 3151 3184 3142
6968 2 2 1 1 3151 3151 3142
6969 2 2 1 1 3185 3151 3150
6970 2 2 1 1 3185 3185 3150
6971 2 2 1 1 3157 3186 3185
6972 2 2 1 1 3157 3157 3185
6973 2 2 1 1 3163 3157 3156
6974 2 2 1 1 3163 3163 3156
6975 2 2 1 1 3157 3163 3186
6976 2 2 1 1 3157 3157 3186
6977 2 2 1 1 3157 3185 3150
6978 2 2 1 1 3157 3157 3150
6979 2 2 1 1 3188 3187 3165
6980 2 2 1 1 3188 3188 3165
6981 2 2 1 1 637 3188 3165
6982 2 2 1 1 637 637 3165
6983 2 2 1 1 3163 3165 3187
6984 2 2 1 1 3163 3163 3187
6985 2 2 1 1 3165 3164 638
6986 2 2 1 1 639 3165 638
6987 2 2 1 1 3165 639 637
6988 2 2 1 1 3165 3165 637
6989 2 2 1 1 3187 3186 3163
6990 2 2 1 1 3187 3187 3163
6991 2 2 1 1 3166 3172 3168
6992 2 2 1 1 3166 3166 3168
6993 2 2 1 1 3166 3073 3172
6994 2 2 1 1 3166 3166 3172
6995 2 2 1 1 3075 3171 3172
6996 2 2 1 1 3075 3075 3172
6997 2 2 1 1 3171 3074 3173
6998 2 2 1 1 3171 3171 3173
6999 2 2 1 1 3074 3171 3075
7000 2 2 1 1 3074 3074 3075
7001 2 2 1 1 3075 3172 3072
7002 2 2 1 1 3075 3075 3072
7003 2 2 1 1 3073 3072 3172
7004 2 2 1 1 3073 3073 3172
7005 2 2 1 1 3164 3170 640
7006 2 2 1 1 638 3164 640
7007 2 2 1 1 641 640 3170
7008 2 2 1 1 3173 641 3170
7009 2 2 1 1 3173 3076 641
7010 2 2 1 1 3173 3173 641
7011 2 2 1 1 3076 3173 3074
7012 2 2 1 1 3076 3076 3074
7013 2 2 1 1 517 641 3076
7014 2 2 1 1 517 517 3076
7015 2 2 1 1 3191 3190 3189
7016 2 2 1 1 3191 3191 3189
7017 2 2 1 1 3191 3193 3192
7018 2 2 1 1 3190 3191 3192
7019 2 2 1 1 3193 3195 3194
7020 2 2 1 1 3192 3193 3194
7021 2 2 1 1 3197 3189 3196
7022 2 2 1 1 3198 3197 3196
7023 2 2 1 1 3189 3190 3199
7024 2 2 1 1 3196 3189 3199
7025 2 2 1 1 3190 3192 3200
7026 2 2 1 1 3199 3190 3200
7027 2 2 1 1 3192 3194 3201
7028 2 2 1 1 3200 3192 3201
7029 2 2 1 1 3203 3198 3202
7030 2 2 1 1 3204 3203 3202
7031 2 2 1 1 3198 3196 3205
7032 2 2 1 1 3202 3198 3205
7033 2 2 1 1 3196 3199 3206
7034 2 2 1 1 3205 3196 3206
7035 2 2 1 1 3199 3200 3207
7036 2 2 1 1 3206 3199 3207
7037 2 2 1 1 3200 3201 3208
7038 2 2 1 1 3207 3200 3208
7039 2 2 1 1 3210 3204 3209
7040 2 2 1 1 3211 3210 3209
7041 2 2 1 1 3204 3202 3212
7042 2 2 1 1 3209 3204 3212
7043 2 2 1 1 3202 3205 3213
7044 2 2 1 1 3212 3202 3213
7045 2 2 1 1 3205 3206 3214
7046 2 2 1 1 3213 3205 3214
7047 2 2 1 1 3206 3207 3215
7048 2 2 1 1 3214 3206 3215
7049 2 2 1 1 3207 3208 3216
7050 2 2 1 1 3215 3207 3216
7051 2 2 1 1 3211 3218 3217
7052 2 2 1 1 3211 3211 3217
7053 2 2 1 1 3211 3209 3219
7054 2 2 1 1 3218 3211 3219
7055 2 2 1 1 3209 3212 3220
7056 2 2 1 1 3219 3209 3220
7057 2 2 1 1 3212 3213 3221
7058 2 2 1 1 3220 3212 3221
7059 2 2 1 1 3213 3214 3222
7060 2 2 1 1 3221 3213 3222
7061 2 2 1 1 3214 3215 3223
7062 2 2 1 1 3222 3214 3223
7063 2 2 1 1 3215 3216 3224
7064 2 2 1 1 3223 3215 3224
7065 2 2 1 1 3217 3218 3225
7066 2 2 1 1 3226 3217 3225
7067 2 2 1 1 3218 3219 3227
7068 2 2 1 1 3225 3218 3227
7069 2 2 1 1 3219 3220 3228
7070 2 2 1 1 3227 3219 3228
7071 2 2 1 1 3220 3221 3229
7072 2 2 1 1 3228 3220 3229
7073 2 2 1 1 3221 3222 3230
7074 2 2 1 1 3229 3221 3230
7075 2 2 1 1 3222 3223 3231
7076 2 2 1 1 3230 3222 3231
7077 2 2 1 1 3223 3224 3232
7078 2 2 1 1 3231 3223 3232
7079 2 2 1 1 3226 3225 3233
7080 2 2 1 1 3234 3226 3233
7081 2 2 1 1 3225 3227 3235
7082 2 2 1 1 3233 3225 3235
7083 2 2 1 1 3227 3228 3236
7084 2 2 1 1 3235 3227 3236
7085 2 2 1 1 3228 3229 3237
7086 2 2 1 1 3236 3228 3237
7087 2 2 1 1 3229 3230 3238
7088 2 2 1 1 3237 3229 3238
7089 2 2 1 1 3230 3231 3239
7090 2 2 1 1 3238 3230 3239
7091 2 2 1 1 3231 3232 3240
7092 2 2 1 1 3239 3231 3240
7093 2 2 1 1 3234 3233 3241
7094 2 2 1 1 3242 3234 3241
7095 2 2 1 1 3233 3235 3243
7096 2 2 1 1 3241 3233 3243
7097 2 2 1 1 3235 3236 3244
7098 2 2 1 1 3243 3235 3244
7099 2 2 1 1 3236 3237 3245
7100 2 2 1 1 3244 3236 3245
7101 2 2 1 1 3237 3238 3246
7102 2 2 1 1 3245 3237 3246
7103 2 2 1 1 3238 3239 3247
7104 2 2 1 1 3246 3238 3247
7105 2 2 1 1 3239 3240 3248
7106 2 2 1 1 3247 3239 3248
7107 2 2 1 1 3242 3241 3249
7108 2 2 1 1 3250 3242 3249
7109 2 2 1 1 3241 3243 3251
7110 2 2 1 1 3249 3241 3251
7111 2 2 1 1 3243 3244 3252
7112 2 2 1 1 3251 3243 3252
7113 2 2 1 1 3244 3245 3253
7114 2 2 1 1 3252 3244 3253
7115 2 2 1 1 3245 3246 3254
7116 2 2 1 1 3253 3245 3254
7117 2 2 1 1 3246 3247 3255
7118 2 2 1 1 3254 3246 3255
7119 2 2 1 1 3247 3248 3256
7120 2 2 1 1 3255 3247 3256
7121 2 2 1 1 3250 3249 3257
7122 2 2 1 1 3258 3250 3257
7123 2 2 1 1 3249 3251 3259
7124 2 2 1 1 3257 3249 3259
7125 2 2 1 1 3251 3252 3260
7126 2 2 1 1 3259 3251 3260
7127 2 2 1 1 3252 3253 3261
7128 2 2 1 1 3260 3252 3261
7129 2 2 1 1 3253 3254 3262
7130 2 2 1 1 3261 3253 3262
7131 2 2 1 1 3254 3255 3263
7132 2 2 1 1 3262 3254 3263
7133 2 2 1 1 3255 3256 3264
7134 2 2 1 1 3263 3255 3264
7135 2 2 1 1 3258 3257 3265
7136 2 2 1 1 3266 3258 3265
7137 2 2 1 1 3257 3259 3267
7138 2 2 1 1 3265 3257 3267
7139 2 2 1 1 3259 3260 3268
7140 2 2 1 1 3267 3259 3268
7141 2 2 1 1 3260 3261 3269
7142 2 2 1 1 3268 3260 3269
7143 2 2 1 1 3261 3262 3270
7144 2 2 1 1 3269 3261 3270
7145 2 2 1 1 3262 3263 3271
7146 2 2 1 1 3270 3262 3271
7147 2 2 1 1 3263 3264 3272
7148 2 2 1 1 3271 3263 3272
7149 2 2 1 1 3265 3267 3273
7150 2 2 1 1 3274 3265 3273
7151 2 2 1 1 3267 3268 3275
7152 2 2 1 1 3273 3267 3275
7153 2 2 1 1 3268 3269 3276
7154 2 2 1 1 3275 3268 3276
7155 2 2 1 1 3269 3270 3277
7156 2 2 1 1 3276 3269 3277
7157 2 2 1 1 3270 3271 3278
7158 2 2 1 1 3277 3270 3278
7159 2 2 1 1 3271 3272 3279
7160 2 2 1 1 3278 3271 3279
7161 2 2 1 1 3274 3273 3280
7162 2 2 1 1 3281 3274 3280
7163 2 2 1 1 3273 3275 3282
7164 2 2 1 1 3280 3273 3282
7165 2 2 1 1 3275 3276 3283
7166 2 2 1 1 3282 3275 3283
7167 2 2 1 1 3276 3277 3284
7168 2 2 1 1 3283 3276 3284
7169 2 2 1 1 3277 3278 3285
7170 2 2 1 1 3284 3277 3285
7171 2 2 1 1 3278 3279 3286
7172 2 2 1 1 3285 3278 3286
7173 2 2 1 1 3280 3282 3287
7174 2 2 1 1 3288 3280 3287
7175 2 2 1 1 3282 3283 3289
7176 2 2 1 1 3287 3282 3289
7177 2 2 1 1 3283 3284 3290
7178 2 2 1 1 3289 3283 3290
7179 2 2 1 1 3284 3285 3291
7180 2 2 1 1 3290 3284 3291
7181 2 2 1 1 3285 3286 3292
7182 2 2 1 1 3291 3285 3292
7183 2 2 1 1 3287 3289 3293
7184 2 2 1 1 3294 3287 3293
7185 2 2 1 1 3289 3290 3295
7186 2 2 1 1 3293 3289 3295
7187 2 2 1 1 3290 3291 3296
7188 2 2 1 1 3295 3290 3296
7189 2 2 1 1 3291 3292 3297
7190 2 2 1 1 3296 3291 3297
7191 2 2 1 1 3295 3296 3298
7192 2 2 1 1 3299 3295 3298
7193 2 2 1 1 3296 3297 3300
7194 2 2 1 1 3298 3296 3300
7195 2 2 1 1 3203 3053 3052
7196 2 2 1 1 3203 3203 3052
7197 2 2 1 1 3053 3203 3055
7198 2 2 1 1 3053 3053 3055
7199 2 2 1 1 3210 3055 3204
7200 2 2 1 1 3210 3210 3204
7201 2 2 1 1 3055 3210 3054
7202 2 2 1 1 3055 3055 3054
7203 2 2 1 1 3204 3055 3203
7204 2 2 1 1 3204 3204 3203
7205 2 2 1 1 3049 3189 3051
7206 2 2 1 1 3049 3049 3051
7207 2 2 1 1 3051 3197 3052
7208 2 2 1 1 3051 3051 3052
7209 2 2 1 1 3051 3189 3197
7210 2 2 1 1 3051 3051 3197
7211 2 2 1 1 3197 3198 3052
7212 2 2 1 1 3197 3197 3052
7213 2 2 1 1 3052 3198 3203
7214 2 2 1 1 3052 3052 3203
7215 2 2 1 1 3189 3049 3191
7216 2 2 1 1 3189 3189 3191
7217 2 2 1 1 3059 3056 3217
7218 2 2 1 1 3059 3059 3217
7219 2 2 1 1 3217 3226 3059
7220 2 2 1 1 3217 3217 3059
7221 2 2 1 1 3217 3056 3057
7222 2 2 1 1 3217 3217 3057
7223 2 2 1 1 3058 3234 3060
7224 2 2 1 1 3058 3058 3060
7225 2 2 1 1 3058 3059 3226
7226 2 2 1 1 3058 3058 3226
7227 2 2 1 1 3060 3242 3061
7228 2 2 1 1 3060 3060 3061
7229 2 2 1 1 3057 3054 3211
7230 2 2 1 1 3057 3057 3211
7231 2 2 1 1 3217 3057 3211
7232 2 2 1 1 3217 3217 3211
7233 2 2 1 1 3211 3054 3210
7234 2 2 1 1 3211 3211 3210
7235 2 2 1 1 3226 3234 3058
7236 2 2 1 1 3226 3226 3058
7237 2 2 1 1 3234 3242 3060
7238 2 2 1 1 3234 3234 3060
7239 2 2 1 1 3077 3061 3242
7240 2 2 1 1 3077 3077 3242
7241 2 2 1 1 3048 3193 3047
7242 2 2 1 1 3048 3048 3047
7243 2 2 1 1 3047 3191 3050
7244 2 2 1 1 3047 3047 3050
7245 2 2 1 1 3193 3191 3047
7246 2 2 1 1 3193 3193 3047
7247 2 2 1 1 3195 3193 3048
7248 2 2 1 1 3195 3195 3048
7249 2 2 1 1 3191 3049 3050
7250 2 2 1 1 3191 3191 3050
7251 2 2 1 1 3195 3048 3046
7252 2 2 1 1 3195 3195 3046
7253 2 2 1 1 3046 486 754
7254 2 2 1 1 3046 3046 754
7255 2 2 1 1 3195 3046 754
7256 2 2 1 1 3195 3195 754
7257 2 2 1 1 755 3201 3194
7258 2 2 1 1 756 755 3194
7259 2 2 1 1 3195 754 756
7260 2 2 1 1 3194 3195 756
7261 2 2 1 1 3201 755 757
7262 2 2 1 1 3208 3201 757
7263 2 2 1 1 758 3216 3208
7264 2 2 1 1 757 758 3208
7265 2 2 1 1 759 3224 3216
7266 2 2 1 1 758 759 3216
7267 2 2 1 1 760 3232 3224
7268 2 2 1 1 759 760 3224
7269 2 2 1 1 761 3240 3232
7270 2 2 1 1 760 761 3232
7271 2 2 1 1 3240 761 762
7272 2 2 1 1 3248 3240 762
7273 2 2 1 1 3077 3250 3079
7274 2 2 1 1 3077 3077 3079
7275 2 2 1 1 3079 3258 3078
7276 2 2 1 1 3079 3079 3078
7277 2 2 1 1 3258 3079 3250
7278 2 2 1 1 3258 3258 3250
7279 2 2 1 1 3078 3266 3081
7280 2 2 1 1 3078 3078 3081
7281 2 2 1 1 3258 3266 3078
7282 2 2 1 1 3258 3258 3078
7283 2 2 1 1 3266 3265 3274
7284 2 2 1 1 3266 3266 3274
7285 2 2 1 1 3080 3274 3083
7286 2 2 1 1 3080 3080 3083
7287 2 2 1 1 3274 3080 3266
7288 2 2 1 1 3274 3274 3266
7289 2 2 1 1 3083 3274 3281
7290 2 2 1 1 3083 3083 3281
7291 2 2 1 1 3081 3266 3080
7292 2 2 1 1 3081 3081 3080
7293 2 2 1 1 3082 3281 3280
7294 2 2 1 1 3082 3082 3280
7295 2 2 1 1 3281 3082 3083
7296 2 2 1 1 3281 3281 3083
7297 2 2 1 1 3082 3280 3288
7298 2 2 1 1 3082 3082 3288
7299 2 2 1 1 3084 3288 3086
7300 2 2 1 1 3084 3084 3086
7301 2 2 1 1 3288 3084 3082
7302 2 2 1 1 3288 3288 3082
7303 2 2 1 1 3288 3287 3086
7304 2 2 1 1 3288 3288 3086
7305 2 2 1 1 3287 3294 3086
7306 2 2 1 1 3287 3287 3086
7307 2 2 1 1 3294 3293 3085
7308 2 2 1 1 3294 3294 3085
7309 2 2 1 1 3088 3293 3299
7310 2 2 1 1 3088 3088 3299
7311 2 2 1 1 3293 3088 3085
7312 2 2 1 1 3293 3293 3085
7313 2 2 1 1 3086 3294 3085
7314 2 2 1 1 3086 3086 3085
7315 2 2 1 1 3088 3299 3087
7316 2 2 1 1 3088 3088 3087
7317 2 2 1 1 763 3256 3248
7318 2 2 1 1 762 763 3248
7319 2 2 1 1 764 3264 3256
7320 2 2 1 1 763 764 3256
7321 2 2 1 1 765 3279 3272
7322 2 2 1 1 766 765 3272
7323 2 2 1 1 767 3286 3279
7324 2 2 1 1 765 767 3279
7325 2 2 1 1 766 3272 3264
7326 2 2 1 1 764 766 3264
7327 2 2 1 1 767 768 3292
7328 2 2 1 1 3286 767 3292
7329 2 2 1 1 3295 3299 3293
7330 2 2 1 1 3295 3295 3293
7331 2 2 1 1 769 3297 3292
7332 2 2 1 1 768 769 3292
7333 2 2 1 1 3090 3298 3089
7334 2 2 1 1 3090 3090 3089
7335 2 2 1 1 3298 3090 3299
7336 2 2 1 1 3298 3298 3299
7337 2 2 1 1 3087 3299 3090
7338 2 2 1 1 3087 3087 3090
7339 2 2 1 1 3298 3300 3089
7340 2 2 1 1 3298 3298 3089
7341 2 2 1 1 770 3300 3297
7342 2 2 1 1 769 770 3297
7343 2 2 1 1 3091 770 533
7344 2 2 1 1 3091 3091 533
7345 2 2 1 1 770 3091 3300
7346 2 2 1 1 770 770 3300
7347 2 2 1 1 3089 3300 3091
7348 2 2 1 1 3089 3089 3091
7349 2 2 1 1 3242 3250 3077
7350 2 2 1 1 3242 3242 3077
7351 2 2 1 1 3303 3302 3301
7352 2 2 1 1 3304 3303 3301
7353 2 2 1 1 3302 3306 3305
7354 2 2 1 1 3301 3302 3305
7355 2 2 1 1 3306 3308 3307
7356 2 2 1 1 3305 3306 3307
7357 2 2 1 1 3308 3310 3309
7358 2 2 1 1 3307 3308 3309
7359 2 2 1 1 3310 3312 3311
7360 2 2 1 1 3309 3310 3311
7361 2 2 1 1 3312 3314 3313
7362 2 2 1 1 3311 3312 3313
7363 2 2 1 1 3314 3316 3315
7364 2 2 1 1 3313 3314 3315
7365 2 2 1 1 3316 3318 3317
7366 2 2 1 1 3315 3316 3317
7367 2 2 1 1 3318 3320 3319
7368 2 2 1 1 3317 3318 3319
7369 2 2 1 1 3320 3322 3321
7370 2 2 1 1 3319 3320 3321
7371 2 2 1 1 3322 3324 3323
7372 2 2 1 1 3321 3322 3323
7373 2 2 1 1 3324 3326 3325
7374 2 2 1 1 3323 3324 3325
7375 2 2 1 1 3326 3328 3327
7376 2 2 1 1 3325 3326 3327
7377 2 2 1 1 3328 3330 3329
7378 2 2 1 1 3327 3328 3329
7379 2 2 1 1 3330 3332 3331
7380 2 2 1 1 3329 3330 3331
7381 2 2 1 1 3332 3334 3333
7382 2 2 1 1 3331 3332 3333
7383 2 2 1 1 3334 3336 3335
7384 2 2 1 1 3333 3334 3335
7385 2 2 1 1 3304 3301 3337
7386 2 2 1 1 3338 3304 3337
7387 2 2 1 1 3301 3305 3339
7388 2 2 1 1 3337 3301 3339
7389 2 2 1 1 3305 3307 3340
7390 2 2 1 1 3339 3305 3340
7391 2 2 1 1 3307 3309 3341
7392 2 2 1 1 3340 3307 3341
7393 2 2 1 1 3309 3311 3342
7394 2 2 1 1 3341 3309 3342
7395 2 2 1 1 3311 3313 3343
7396 2 2 1 1 3342 3311 3343
7397 2 2 1 1 3313 3315 3344
7398 2 2 1 1 3343 3313 3344
7399 2 2 1 1 3315 3317 3345
7400 2 2 1 1 3344 3315 3345
7401 2 2 1 1 3317 3319 3346
7402 2 2 1 1 3345 3317 3346
7403 2 2 1 1 3319 3321 3347
7404 2 2 1 1 3346 3319 3347
7405 2 2 1 1 3321 3323 3348
7406 2 2 1 1 3347 3321 3348
7407 2 2 1 1 3323 3325 3349
7408 2 2 1 1 3348 3323 3349
7409 2 2 1 1 3325 3327 3350
7410 2 2 1 1 3349 3325 3350
7411 2 2 1 1 3327 3329 3351
7412 2 2 1 1 3350 3327 3351
7413 2 2 1 1 3329 3331 3352
7414 2 2 1 1 3351 3329 3352
7415 2 2 1 1 3331 3333 3353
7416 2 2 1 1 3352 3331 3353
7417 2 2 1 1 3333 3335 3354
7418 2 2 1 1 3353 3333 3354
7419 2 2 1 1 3338 3337 3355
7420 2 2 1 1 3356 3338 3355
7421 2 2 1 1 3337 3339 3357
7422 2 2 1 1 3355 3337 3357
7423 2 2 1 1 3339 3340 3358
7424 2 2 1 1 3357 3339 3358
7425 2 2 1 1 3340 3341 3359
7426 2 2 1 1 3358 3340 3359
7427 2 2 1 1 3341 3342 3360
7428 2 2 1 1 3359 3341 3360
7429 2 2 1 1 3342 3343 3361
7430 2 2 1 1 3360 3342 3361
7431 2 2 1 1 3343 3344 3362
7432 2 2 1 1 3361 3343 3362
7433 2 2 1 1 3344 3345 3363
7434 2 2 1 1 3362 3344 3363
7435 2 2 1 1 3345 3346 3364
7436 2 2 1 1 3363 3345 3364
7437 2 2 1 1 3346 3347 3365
7438 2 2 1 1 3364 3346 3365
7439 2 2 1 1 3347 3348 3366
7440 2 2 1 1 3365 3347 3366
7441 2 2 1 1 3348 3349 3367
7442 2 2 1 1 3366 3348 3367
7443 2 2 1 1 3349 3350 3368
7444 2 2 1 1 3367 3349 3368
7445 2 2 1 1 3350 3351 3369
7446 2 2 1 1 3368 3350 3369
7447 2 2 1 1 3351 3352 3370
7448 2 2 1 1 3369 3351 3370
7449 2 2 1 1 3352 3353 3371
7450 2 2 1 1 3370 3352 3371
7451 2 2 1 1 3353 3354 3372
7452 2 2 1 1 3371 3353 3372
7453 2 2 1 1 3356 3355 3373
7454 2 2 1 1 3374 3356 3373
7455 2 2 1 1 3355 3357 3375
7456 2 2 1 1 3373 3355 3375
7457 2 2 1 1 3357 3358 3376
7458 2 2 1 1 3375 3357 3376
7459 2 2 1 1 3358 3359 3377
7460 2 2 1 1 3376 3358 3377
7461 2 2 1 1 3359 3360 3378
7462 2 2 1 1 3377 3359 3378
7463 2 2 1 1 3360 3361 3379
7464 2 2 1 1 3378 3360 3379
7465 2 2 1 1 3361 3362 3380
7466 2 2 1 1 3379 3361 3380
7467 2 2 1 1 3362 3363 3381
7468 2 2 1 1 3380 3362 3381
7469 2 2 1 1 3363 3364 3382
7470 2 2 1 1 3381 3363 3382
7471 2 2 1 1 3364 3365 3383
7472 2 2 1 1 3382 3364 3383
7473 2 2 1 1 3365 3366 3384
7474 2 2 1 1 3383 3365 3384
7475 2 2 1 1 3366 3367 3385
7476 2 2 1 1 3384 3366 3385
7477 2 2 1 1 3367 3368 3386
7478 2 2 1 1 3385 3367 3386
7479 2 2 1 1 3368 3369 3387
7480 2 2 1 1 3386 3368 3387
7481 2 2 1 1 3369 3370 3388
7482 2 2 1 1 3387 3369 3388
7483 2 2 1 1 3370 3371 3389
7484 2 2 1 1 3388 3370 3389
7485 2 2 1 1 3371 3372 3390
7486 2 2 1 1 3389 3371 3390
7487 2 2 1 1 3374 3373 3391
7488 2 2 1 1 3392 3374 3391
7489 2 2 1 1 3373 3375 3393
7490 2 2 1 1 3391 3373 3393
7491 2 2 1 1 3375 3376 3394
7492 2 2 1 1 3393 3375 3394
7493 2 2 1 1 3376 3377 3395
7494 2 2 1 1 3394 3376 3395
7495 2 2 1 1 3377 3378 3396
7496 2 2 1 1 3395 3377 3396
7497 2 2 1 1 3378 3379 3397
7498 2 2 1 1 3396 3378 3397
7499 2 2 1 1 3379 3380 3398
7500 2 2 1 1 3397 3379 3398
7501 2 2 1 1 3380 3381 3399
7502 2 2 1 1 3398 3380 3399
7503 2 2 1 1 3381 3382 3400
7504 2 2 1 1 3399 3381 3400
7505 2 2 1 1 3382 3383 3401
7506 2 2 1 1 3400 3382 3401
7507 2 2 1 1 3383 3384 3402
7508 2 2 1 1 3401 3383 3402
7509 2 2 1 1 3384 3385 3403
7510 2 2 1 1 3402 3384 3403
7511 2 2 1 1 3385 3386 3404
7512 2 2 1 1 3403 3385 3404
7513 2 2 1 1 3386 3387 3405
7514 2 2 1 1 3404 3386 3405
7515 2 2 1 1 3387 3388 3406
7516 2 2 1 1 3405 3387 3406
7517 2 2 1 1 3388 3389 3407
7518 2 2 1 1 3406 3388 3407
7519 2 2 1 1 3389 3390 3408
7520 2 2 1 1 3407 3389 3408
7521 2 2 1 1 3392 3391 3409
7522 2 2 1 1 3410 3392 3409
7523 2 2 1 1 3391 3393 3411
7524 2 2 1 1 3409 3391 3411
7525 2 2 1 1 3393 3394 3412
7526 2 2 1 1 3411 3393 3412
7527 2 2 1 1 3394 3395 3413
7528 2 2 1 1 3412 3394 3413
7529 2 2 1 1 3395 3396 3414
7530 2 2 1 1 3413 3395 3414
7531 2 2 1 1 3396 3397 3415
7532 2 2 1 1 3414 3396 3415
7533 2 2 1 1 3397 3398 3416
7534 2 2 1 1 3415 3397 3416
7535 2 2 1 1 3398 3399 3417
7536 2 2 1 1 3416 3398 3417
7537 2 2 1 1 3399 3400 3418
7538 2 2 1 1 3417 3399 3418
7539 2 2 1 1 3400 3401 3419
7540 2 2 1 1 3418 3400 3419
7541 2 2 1 1 3401 3402 3420
7542 2 2 1 1 3419 3401 3420
7543 2 2 1 1 3402 3403 3421
7544 2 2 1 1 3420 3402 3421
7545 2 2 1 1 3403 3404 3422
7546 2 2 1 1 3421 3403 3422
7547 2 2 1 1 3404 3405 3423
7548 2 2 1 1 3422 3404 3423
7549 2 2 1 1 3405 3406 3424
7550 2 2 1 1 3423 3405 3424
7551 2 2 1 1 3406 3407 3425
7552 2 2 1 1 3424 3406 3425
7553 2 2 1 1 3407 3408 3426
7554 2 2 1 1 3425 3407 3426
7555 2 2 1 1 3410 3409 3427
7556 2 2 1 1 3428 3410 3427
7557 2 2 1 1 3409 3411 3429
7558 2 2 1 1 3427 3409 3429
7559 2 2 1 1 3411 3412 3430
7560 2 2 1 1 3429 3411 3430
7561 2 2 1 1 3412 3413 3431
7562 2 2 1 1 3430 3412 3431
7563 2 2 1 1 3413 3414 3432
7564 2 2 1 1 3431 3413 3432
7565 2 2 1 1 3414 3415 3433
7566 2 2 1 1 3432 3414 3433
7567 2 2 1 1 3415 3416 3434
7568 2 2 1 1 3433 3415 3434
7569 2 2 1 1 3416 3417 3435
7570 2 2 1 1 3434 3416 3435
7571 2 2 1 1 3417 3418 3436
7572 2 2 1 1 3435 3417 3436
7573 2 2 1 1 3418 3419 3437
7574 2 2 1 1 3436 3418 3437
7575 2 2 1 1 3419 3420 3438
7576 2 2 1 1 3437 3419 3438
7577 2 2 1 1 3420 3421 3439
7578 2 2 1 1 3438 3420 3439
7579 2 2 1 1 3421 3422 3440
7580 2 2 1 1 3439 3421 3440
7581 2 2 1 1 3422 3423 3441
7582 2 2 1 1 3440 3422 3441
7583 2 2 1 1 3423 3424 3442
7584 2 2 1 1 3441 3423 3442
7585 2 2 1 1 3424 3425 3443
7586 2 2 1 1 3442 3424 3443
7587 2 2 1 1 3425 3426 3444
7588 2 2 1 1 3443 3425 3444
7589 2 2 1 1 3428 3427 3445
7590 2 2 1 1 3446 3428 3445
7591 2 2 1 1 3427 3429 3447
7592 2 2 1 1 3445 3427 3447
7593 2 2 1 1 3429 3430 3448
7594 2 2 1 1 3447 3429 3448
7595 2 2 1 1 3430 3431 3449
7596 2 2 1 1 3448 3430 3449
7597 2 2 1 1 3431 3432 3450
7598 2 2 1 1 3449 3431 3450
7599 2 2 1 1 3432 3433 3451
7600 2 2 1 1 3450 3432 3451
7601 2 2 1 1 3433 3434 3452
7602 2 2 1 1 3451 3433 3452
7603 2 2 1 1 3434 3435 3453
7604 2 2 1 1 3452 3434 3453
7605 2 2 1 1 3435 3436 3454
7606 2 2 1 1 3453 3435 3454
7607 2 2 1 1 3436 3437 3455
7608 2 2 1 1 3454 3436 3455
7609 2 2 1 1 3437 3438 3456
7610 2 2 1 1 3455 3437 3456
7611 2 2 1 1 3438 3439 3457
7612 2 2 1 1 3456 3438 3457
7613 2 2 1 1 3439 3440 3458
7614 2 2 1 1 3457 3439 3458
7615 2 2 1 1 3440 3441 3459
7616 2 2 1 1 3458 3440 3459
7617 2 2 1 1 3441 3442 3460
7618 2 2 1 1 3459 3441 3460
7619 2 2 1 1 3442 3443 3461
7620 2 2 1 1 3460 3442 3461
7621 2 2 1 1 3443 3444 3462
7622 2 2 1 1 3461 3443 3462
7623 2 2 1 1 3446 3445 3463
7624 2 2 1 1 3464 3446 3463
7625 2 2 1 1 3445 3447 3465
7626 2 2 1 1 3463 3445 3465
7627 2 2 1 1 3447 3448 3466
7628 2 2 1 1 3465 3447 3466
7629 2 2 1 1 3448 3449 3467
7630 2 2 1 1 3466 3448 3467
7631 2 2 1 1 3449 3450 3468
7632 2 2 1 1 3467 3449 3468
7633 2 2 1 1 3450 3451 3469
7634 2 2 1 1 3468 3450 3469
7635 2 2 1 1 3451 3452 3470
7636 2 2 1 1 3469 3451 3470
7637 2 2 1 1 3452 3453 3471
7638 2 2 1 1 3470 3452 3471
7639 2 2 1 1 3453 3454 3472
7640 2 2 1 1 3471 3453 3472
7641 2 2 1 1 3454 3455 3473
7642 2 2 1 1 3472 3454 3473
7643 2 2 1 1 3455 3456 3474
7644 2 2 1 1 3473 3455 3474
7645 2 2 1 1 3456 3457 3475
7646 2 2 1 1 3474 3456 3475
7647 2 2 1 1 3457 3458 3476
7648 2 2 1 1 3475 3457 3476
7649 2 2 1 1 3458 3459 3477
7650 2 2 1 1 3476 3458 3477
7651 2 2 1 1 3459 3460 3478
7652 2 2 1 1 3477 3459 3478
7653 2 2 1 1 3460 3461 3479
7654 2 2 1 1 3478 3460 3479
7655 2 2 1 1 3461 3462 3480
7656 2 2 1 1 3479 3461 3480
7657 2 2 1 1 3464 3463 3481
7658 2 2 1 1 3482 3464 3481
7659 2 2 1 1 3463 3465 3483
7660 2 2 1 1 3481 3463 3483
7661 2 2 1 1 3465 3466 3484
7662 2 2 1 1 3483 3465 3484
7663 2 2 1 1 3466 3467 3485
7664 2 2 1 1 3484 3466 3485
7665 2 2 1 1 3467 3468 3486
7666 2 2 1 1 3485 3467 3486
7667 2 2 1 1 3468 3469 3487
7668 2 2 1 1 3486 3468 3487
7669 2 2 1 1 3469 3470 3488
7670 2 2 1 1 3487 3469 3488
7671 2 2 1 1 3470 3471 3489
7672 2 2 1 1 3488 3470 3489
7673 2 2 1 1 3471 3472 3490
7674 2 2 1 1 3489 3471 3490
7675 2 2 1 1 3472 3473 3491
7676 2 2 1 1 3490 3472 3491
7677 2 2 1 1 3473 3474 3492
7678 2 2 1 1 3491 3473 3492
7679 2 2 1 1 3474 3475 3493
7680 2 2 1 1 3492 3474 3493
7681 2 2 1 1 3475 3476 3494
7682 2 2 1 1 3493 3475 3494
7683 2 2 1 1 3476 3477 3495
7684 2 2 1 1 3494 3476 3495
7685 2 2 1 1 3477 3478 3496
7686 2 2 1 1 3495 3477 3496
7687 2 2 1 1 3478 3479 3497
7688 2 2 1 1 3496 3478 3497
7689 2 2 1 1 3479 3480 3498
7690 2 2 1 1 3497 3479 3498
7691 2 2 1 1 3482 3481 3499
7692 2 2 1 1 3500 3482 3499
7693 2 2 1 1 3481 3483 3501
7694 2 2 1 1 3499 3481 3501
7695 2 2 1 1 3483 3484 3502
7696 2 2 1 1 3501 3483 3502
7697 2 2 1 1 3484 3485 3503
7698 2 2 1 1 3502 3484 3503
7699 2 2 1 1 3485 3486 3504
7700 2 2 1 1 3503 3485 3504
7701 2 2 1 1 3486 3487 3505
7702 2 2 1 1 3504 3486 3505
7703 2 2 1 1 3487 3488 3506
7704 2 2 1 1 3505 3487 3506
7705 2 2 1 1 3488 3489 3507
7706 2 2 1 1 3506 3488 3507
7707 2 2 1 1 3489 3490 3508
7708 2 2 1 1 3507 3489 3508
7709 2 2 1 1 3490 3491 3509
7710 2 2 1 1 3508 3490 3509
7711 2 2 1 1 3491 3492 3510
7712 2 2 1 1 3509 3491 3510
7713 2 2 1 1 3492 3493 3511
7714 2 2 1 1 3510 3492 3511
7715 2 2 1 1 3493 3494 3512
7716 2 2 1 1 3511 3493 3512
7717 2 2 1 1 3494 3495 3513
7718 2 2 1 1 3512 3494 3513
7719 2 2 1 1 3495 3496 3514
7720 2 2 1 1 3513 3495 3514
7721 2 2 1 1 3496 3497 3515
7722 2 2 1 1 3514 3496 3515
7723 2 2 1 1 3497 3498 3516
7724 2 2 1 1 3515 3497 3516
7725 2 2 1 1 3500 3499 3517
7726 2 2 1 1 3518 3500 3517
7727 2 2 1 1 3499 3501 3519
7728 2 2 1 1 3517 3499 3519
7729 2 2 1 1 3501 3502 3520
7730 2 2 1 1 3519 3501 3520
7731 2 2 1 1 3502 3503 3521
7732 2 2 1 1 3520 3502 3521
7733 2 2 1 1 3503 3504 3522
7734 2 2 1 1 3521 3503 3522
7735 2 2 1 1 3504 3505 3523
7736 2 2 1 1 3522 3504 3523
7737 2 2 1 1 3505 3506 3524
7738 2 2 1 1 3523 3505 3524
7739 2 2 1 1 3506 3507 3525
7740 2 2 1 1 3524 3506 3525
7741 2 2 1 1 3507 3508 3526
7742 2 2 1 1 3525 3507 3526
7743 2 2 1 1 3508 3509 3527
7744 2 2 1 1 3526 3508 3527
7745 2 2 1 1 3509 3510 3528
7746 2 2 1 1 3527 3509 3528
7747 2 2 1 1 3510 3511 3529
7748 2 2 1 1 3528 3510 3529
7749 2 2 1 1 3511 3512 3530
7750 2 2 1 1 3529 3511 3530
7751 2 2 1 1 3512 3513 3531
7752 2 2 1 1 3530 3512 3531
7753 2 2 1 1 3513 3514 3532
7754 2 2 1 1 3531 3513 3532
7755 2 2 1 1 3514 3515 3533
7756 2 2 1 1 3532 3514 3533
7757 2 2 1 1 3515 3516 3534
7758 2 2 1 1 3533 3515 3534
7759 2 2 1 1 3518 3517 3535
7760 2 2 1 1 3536 3518 3535
7761 2 2 1 1 3517 3519 3537
7762 2 2 1 1 3535 3517 3537
7763 2 2 1 1 3519 3520 3538
7764 2 2 1 1 3537 3519 3538
7765 2 2 1 1 3520 3521 3539
7766 2 2 1 1 3538 3520 3539
7767 2 2 1 1 3521 3522 3540
7768 2 2 1 1 3539 3521 3540
7769 2 2 1 1 3522 3523 3541
7770 2 2 1 1 3540 3522 3541
7771 2 2 1 1 3523 3524 3542
7772 2 2 1 1 3541 3523 3542
7773 2 2 1 1 3524 3525 3543
7774 2 2 1 1 3542 3524 3543
7775 2 2 1 1 3525 3526 3544
7776 2 2 1 1 3543 3525 3544
7777 2 2 1 1 3526 3527 3545
7778 2 2 1 1 3544 3526 3545
7779 2 2 1 1 3527 3528 3546
7780 2 2 1 1 3545 3527 3546
7781 2 2 1 1 3528 3529 3547
7782 2 2 1 1 3546 3528 3547
7783 2 2 1 1 3529 3530 3548
7784 2 2 1 1 3547 3529 3548
7785 2 2 1 1 3530 3531 3549
7786 2 2 1 1 3548 3530 3549
7787 2 2 1 1 3531 3532 3550
7788 2 2 1 1 3549 3531 3550
7789 2 2 1 1 3532 3533 3551
7790 2 2 1 1 3550 3532 3551
7791 2 2 1 1 3533 3534 3552
7792 2 2 1 1 3551 3533 3552
7793 2 2 1 1 3536 3535 3553
7794 2 2 1 1 3554 3536 3553
7795 2 2 1 1 3535 3537 3555
7796 2 2 1 1 3553 3535 3555
7797 2 2 1 1 3537 3538 3556
7798 2 2 1 1 3555 3537 3556
7799 2 2 1 1 3538 3539 3557
7800 2 2 1 1 3556 3538 3557
7801 2 2 1 1 3539 3540 3558
7802 2 2 1 1 3557 3539 3558
7803 2 2 1 1 3540 3541 3559
7804 2 2 1 1 3558 3540 3559
7805 2 2 1 1 3541 3542 3560
7806 2 2 1 1 3559 3541 3560
7807 2 2 1 1 3542 3543 3561
7808 2 2 1 1 3560 3542 3561
7809 2 2 1 1 3543 3544 3562
7810 2 2 1 1 3561 3543 3562
7811 2 2 1 1 3544 3545 3563
7812 2 2 1 1 3562 3544 3563
7813 2 2 1 1 3545 3546 3564
7814 2 2 1 1 3563 3545 3564
7815 2 2 1 1 3546 3547 3565
7816 2 2 1 1 3564 3546 3565
7817 2 2 1 1 3547 3548 3566
7818 2 2 1 1 3565 3547 3566
7819 2 2 1 1 3548 3549 3567
7820 2 2 1 1 3566 3548 3567
7821 2 2 1 1 3549 3550 3568
7822 2 2 1 1 3567 3549 3568
7823 2 2 1 1 3550 3551 3569
7824 2 2 1 1 3568 3550 3569
7825 2 2 1 1 3551 3552 3570
7826 2 2 1 1 3569 3551 3570
7827 2 2 1 1 3554 3553 1041
7828 2 2 1 1 1042 3554 1041
7829 2 2 1 1 3553 3555 1043
7830 2 2 1 1 1041 3553 1043
7831 2 2 1 1 3555 3556 1044
7832 2 2 1 1 1043 3555 1044
7833 2 2 1 1 3556 3557 1045
7834 2 2 1 1 1044 3556 1045
7835 2 2 1 1 3557 3558 1046
7836 2 2 1 1 1045 3557 1046
7837 2 2 1 1 3558 3559 1047
7838 2 2 1 1 1046 3558 1047
7839 2 2 1 1 3559 3560 1048
7840 2 2 1 1 1047 3559 1048
7841 2 2 1 1 3560 3561 1049
7842 2 2 1 1 1048 3560 1049
7843 2 2 1 1 3561 3562 1050
7844 2 2 1 1 1049 3561 1050
7845 2 2 1 1 3562 3563 1051
7846 2 2 1 1 1050 3562 1051
7847 2 2 1 1 3563 3564 1052
7848 2 2 1 1 1051 3563 1052
7849 2 2 1 1 3564 3565 1053
7850 2 2 1 1 1052 3564 1053
7851 2 2 1 1 3565 3566 1054
7852 2 2 1 1 1053 3565 1054
7853 2 2 1 1 3566 3567 1055
7854 2 2 1 1 1054 3566 1055
7855 2 2 1 1 3567 3568 1056
7856 2 2 1 1 1055 3567 1056
7857 2 2 1 1 3568 3569 1057
7858 2 2 1 1 1056 3568 1057
7859 2 2 1 1 3569 3570 1058
7860 2 2 1 1 1057 3569 1058
7861 2 2 1 1 3571 1060 1059
7862 2 2 1 1 3303 3571 1059
7863 2 2 1 1 3303 1059 1062
7864 2 2 1 1 3302 3303 1062
7865 2 2 1 1 3302 1062 1063
7866 2 2 1 1 3306 3302 1063
7867 2 2 1 1 3572 3571 3303
7868 2 2 1 1 3304 3572 3303
7869 2 2 1 1 3306 1063 1065
7870 2 2 1 1 3308 3306 1065
7871 2 2 1 1 3308 1065 1066
7872 2 2 1 1 3310 3308 1066
7873 2 2 1 1 3310 1066 1067
7874 2 2 1 1 3312 3310 1067
7875 2 2 1 1 3314 1069 1068
7876 2 2 1 1 3316 3314 1068
7877 2 2 1 1 3316 1068 1070
7878 2 2 1 1 3318 3316 1070
7879 2 2 1 1 3312 1067 1069
7880 2 2 1 1 3314 3312 1069
7881 2 2 1 1 3338 3573 3572
7882 2 2 1 1 3304 3338 3572
7883 2 2 1 1 3573 3338 3356
7884 2 2 1 1 3574 3573 3356
7885 2 2 1 1 3374 3575 3574
7886 2 2 1 1 3356 3374 3574
7887 2 2 1 1 3320 1075 1074
7888 2 2 1 1 3322 3320 1074
7889 2 2 1 1 3322 1074 1076
7890 2 2 1 1 3324 3322 1076
7891 2 2 1 1 3324 1076 1077
7892 2 2 1 1 3326 3324 1077
7893 2 2 1 1 1075 3320 3318
7894 2 2 1 1 1070 1075 3318
7895 2 2 1 1 3326 1077 1078
7896 2 2 1 1 3328 3326 1078
7897 2 2 1 1 3328 1078 1079
7898 2 2 1 1 3330 3328 1079
7899 2 2 1 1 3330 1079 1080
7900 2 2 1 1 3332 3330 1080
7901 2 2 1 1 3334 1082 1081
7902 2 2 1 1 3336 3334 1081
7903 2 2 1 1 3336 1081 628
7904 2 2 1 1 3179 3336 628
7905 2 2 1 1 3332 1080 1082
7906 2 2 1 1 3334 3332 1082
7907 2 2 1 1 3335 3336 3179
7908 2 2 1 1 3180 3335 3179
7909 2 2 1 1 3180 3178 3354
7910 2 2 1 1 3335 3180 3354
7911 2 2 1 1 3372 3354 3178
7912 2 2 1 1 3177 3372 3178
7913 2 2 1 1 3392 3576 3575
7914 2 2 1 1 3374 3392 3575
7915 2 2 1 1 3410 3577 3576
7916 2 2 1 1 3392 3410 3576
7917 2 2 1 1 3446 3579 3578
7918 2 2 1 1 3428 3446 3578
7919 2 2 1 1 3464 3580 3579
7920 2 2 1 1 3446 3464 3579
7921 2 2 1 1 3428 3578 3577
7922 2 2 1 1 3410 3428 3577
7923 2 2 1 1 3482 3500 3581
7924 2 2 1 1 3582 3482 3581
7925 2 2 1 1 3500 3518 3583
7926 2 2 1 1 3581 3500 3583
7927 2 2 1 1 3536 3554 3584
7928 2 2 1 1 3585 3536 3584
7929 2 2 1 1 3554 1042 1093
7930 2 2 1 1 3584 3554 1093
7931 2 2 1 1 3518 3536 3585
7932 2 2 1 1 3583 3518 3585
7933 2 2 1 1 3464 3482 3582
7934 2 2 1 1 3580 3464 3582
7935 2 2 1 1 3176 3174 3408
7936 2 2 1 1 3390 3176 3408
7937 2 2 1 1 3174 3175 3426
7938 2 2 1 1 3408 3174 3426
7939 2 2 1 1 3181 3182 3462
7940 2 2 1 1 3444 3181 3462
7941 2 2 1 1 3480 3462 3182
7942 2 2 1 1 3183 3480 3182
7943 2 2 1 1 3175 3181 3444
7944 2 2 1 1 3426 3175 3444
7945 2 2 1 1 3177 3176 3390
7946 2 2 1 1 3372 3177 3390
7947 2 2 1 1 3184 3185 3516
7948 2 2 1 1 3498 3184 3516
7949 2 2 1 1 3185 3186 3534
7950 2 2 1 1 3516 3185 3534
7951 2 2 1 1 3187 3188 3570
7952 2 2 1 1 3552 3187 3570
7953 2 2 1 1 3188 637 1058
7954 2 2 1 1 3570 3188 1058
7955 2 2 1 1 3186 3187 3552
7956 2 2 1 1 3534 3186 3552
7957 2 2 1 1 3183 3184 3498
7958 2 2 1 1 3480 3183 3498
7959 2 2 1 1 3588 3587 3586
7960 2 2 1 1 3589 3588 3586
7961 2 2 1 1 3589 3586 3590
7962 2 2 1 1 3591 3589 3590
7963 2 2 1 1 3593 3587 3592
7964 2 2 1 1 3593 3593 3592
7965 2 2 1 1 3587 3593 3594
7966 2 2 1 1 3586 3587 3594
7967 2 2 1 1 3586 3594 3595
7968 2 2 1 1 3590 3586 3595
7969 2 2 1 1 3592 3597 3596
7970 2 2 1 1 3593 3592 3596
7971 2 2 1 1 3593 3596 3598
7972 2 2 1 1 3594 3593 3598
7973 2 2 1 1 3594 3598 3599
7974 2 2 1 1 3595 3594 3599
7975 2 2 1 1 3597 3601 3600
7976 2 2 1 1 3596 3597 3600
7977 2 2 1 1 3596 3600 3602
7978 2 2 1 1 3598 3596 3602
7979 2 2 1 1 3598 3602 3603
7980 2 2 1 1 3599 3598 3603
7981 2 2 1 1 3601 3605 3604
7982 2 2 1 1 3600 3601 3604
7983 2 2 1 1 3600 3604 3606
7984 2 2 1 1 3602 3600 3606
7985 2 2 1 1 3602 3606 3607
7986 2 2 1 1 3603 3602 3607
7987 2 2 1 1 3604 3605 3608
7988 2 2 1 1 3604 3604 3608
7989 2 2 1 1 3604 3608 3609
7990 2 2 1 1 3606 3604 3609
7991 2 2 1 1 3606 3609 3610
7992 2 2 1 1 3607 3606 3610
7993 2 2 1 1 3609 3612 3611
7994 2 2 1 1 3610 3609 3611
7995 2 2 1 1 3588 3574 3587
7996 2 2 1 1 3588 3588 3587
7997 2 2 1 1 3574 3588 3573
7998 2 2 1 1 3574 3574 3573
7999 2 2 1 1 3588 3589 3573
8000 2 2 1 1 3588 3588 3573
8001 2 2 1 1 3573 3589 3572
8002 2 2 1 1 3573 3573 3572
8003 2 2 1 1 3574 3575 3587
8004 2 2 1 1 3574 3574 3587
8005 2 2 1 1 3576 3577 3592
8006 2 2 1 1 3576 3576 3592
8007 2 2 1 1 3576 3592 3575
8008 2 2 1 1 3576 3576 3575
8009 2 2 1 1 3592 3577 3597
8010 2 2 1 1 3592 3592 3597
8011 2 2 1 1 3575 3592 3587
8012 2 2 1 1 3575 3575 3587
8013 2 2 1 1 3577 3578 3597
8014 2 2 1 1 3577 3577 3597
8015 2 2 1 1 3572 3591 3571
8016 2 2 1 1 3572 3572 3571
8017 2 2 1 1 3572 3589 3591
8018 2 2 1 1 3572 3572 3591
8019 2 2 1 1 1060 3571 1121
8020 2 2 1 1 1060 1060 1121
8021 2 2 1 1 1121 3571 3591
8022 2 2 1 1 1121 1121 3591
8023 2 2 1 1 3591 3590 1122
8024 2 2 1 1 1121 3591 1122
8025 2 2 1 1 1123 1122 3590
8026 2 2 1 1 3595 1123 3590
8027 2 2 1 1 1124 1123 3595
8028 2 2 1 1 3599 1124 3595
8029 2 2 1 1 3599 3603 1125
8030 2 2 1 1 1124 3599 1125
8031 2 2 1 1 3578 3579 3601
8032 2 2 1 1 3578 3578 3601
8033 2 2 1 1 3579 3605 3601
8034 2 2 1 1 3579 3579 3601
8035 2 2 1 1 3605 3579 3580
8036 2 2 1 1 3605 3605 3580
8037 2 2 1 1 3605 3580 3582
8038 2 2 1 1 3605 3605 3582
8039 2 2 1 1 3582 3581 3608
8040 2 2 1 1 3582 3582 3608
8041 2 2 1 1 3608 3581 3583
8042 2 2 1 1 3608 3608 3583
8043 2 2 1 1 3608 3612 3609
8044 2 2 1 1 3608 3608 3609
8045 2 2 1 1 3612 3608 3583
8046 2 2 1 1 3612 3612 3583
8047 2 2 1 1 3612 3583 3585
8048 2 2 1 1 3612 3612 3585
8049 2 2 1 1 3608 3605 3582
8050 2 2 1 1 3608 3608 3582
8051 2 2 1 1 1126 1125 3603
8052 2 2 1 1 3607 1126 3603
8053 2 2 1 1 3610 1127 1126
8054 2 2 1 1 3607 3610 1126
8055 2 2 1 1 3611 3585 3584
8056 2 2 1 1 3611 3611 3584
8057 2 2 1 1 1128 1127 3610
8058 2 2 1 1 3611 1128 3610
8059 2 2 1 1 3611 3584 1128
8060 2 2 1 1 3611 3611 1128
8061 2 2 1 1 1093 1128 3584
8062 2 2 1 1 1093 1093 3584
8063 2 2 1 1 3611 3612 3585
8064 2 2 1 1 3611 3611 3585
8065 2 2 1 1 3597 3578 3601
8066 2 2 1 1 3597 3597 3601
8067 2 2 1 1 3615 3614 3613
8068 2 2 1 1 3616 3615 3613
8069 2 2 1 1 3614 3618 3617
8070 2 2 1 1 3613 3614 3617
8071 2 2 1 1 3618 3620 3619
8072 2 2 1 1 3617 3618 3619
8073 2 2 1 1 3616 3613 3621
8074 2 2 1 1 3622 3616 3621
8075 2 2 1 1 3613 3617 3623
8076 2 2 1 1 3621 3613 3623
8077 2 2 1 1 3617 3619 3624
8078 2 2 1 1 3623 3617 3624
8079 2 2 1 1 3622 3621 3625
8080 2 2 1 1 3626 3622 3625
8081 2 2 1 1 3621 3623 3627
8082 2 2 1 1 3625 3621 3627
8083 2 2 1 1 3623 3624 3628
8084 2 2 1 1 3627 3623 3628
8085 2 2 1 1 3626 3625 3629
8086 2 2 1 1 3630 3626 3629
8087 2 2 1 1 3625 3627 3631
8088 2 2 1 1 3629 3625 3631
8089 2 2 1 1 3627 3628 3632
8090 2 2 1 1 3631 3627 3632
8091 2 2 1 1 3630 3629 3633
8092 2 2 1 1 3634 3630 3633
8093 2 2 1 1 3629 3631 3635
8094 2 2 1 1 3633 3629 3635
8095 2 2 1 1 3631 3632 3636
8096 2 2 1 1 3635 3631 3636
8097 2 2 1 1 3634 3633 3637
8098 2 2 1 1 3638 3634 3637
8099 2 2 1 1 3633 3635 3639
8100 2 2 1 1 3637 3633 3639
8101 2 2 1 1 3635 3636 3640
8102 2 2 1 1 3639 3635 3640
8103 2 2 1 1 3638 3637 3641
8104 2 2 1 1 3642 3638 3641
8105 2 2 1 1 3637 3639 3643
8106 2 2 1 1 3641 3637 3643
8107 2 2 1 1 3639 3640 3644
8108 2 2 1 1 3643 3639 3644
8109 2 2 1 1 3642 3641 3645
8110 2 2 1 1 3646 3642 3645
8111 2 2 1 1 3641 3643 3647
8112 2 2 1 1 3645 3641 3647
8113 2 2 1 1 3643 3644 3648
8114 2 2 1 1 3647 3643 3648
8115 2 2 1 1 3646 3645 3649
8116 2 2 1 1 3650 3646 3649
8117 2 2 1 1 3645 3647 3651
8118 2 2 1 1 3649 3645 3651
8119 2 2 1 1 3647 3648 3652
8120 2 2 1 1 3651 3647 3652
8121 2 2 1 1 3650 3649 3653
8122 2 2 1 1 3654 3650 3653
8123 2 2 1 1 3649 3651 3655
8124 2 2 1 1 3653 3649 3655
8125 2 2 1 1 3651 3652 3656
8126 2 2 1 1 3655 3651 3656
8127 2 2 1 1 3654 3653 3657
8128 2 2 1 1 3658 3654 3657
8129 2 2 1 1 3653 3655 3659
8130 2 2 1 1 3657 3653 3659
8131 2 2 1 1 3655 3656 3660
8132 2 2 1 1 3659 3655 3660
8133 2 2 1 1 3658 3657 3661
8134 2 2 1 1 3662 3658 3661
8135 2 2 1 1 3657 3659 3663
8136 2 2 1 1 3661 3657 3663
8137 2 2 1 1 3659 3660 3664
8138 2 2 1 1 3663 3659 3664
8139 2 2 1 1 3662 3661 3665
8140 2 2 1 1 3666 3662 3665
8141 2 2 1 1 3661 3663 3667
8142 2 2 1 1 3665 3661 3667
8143 2 2 1 1 3663 3664 3668
8144 2 2 1 1 3667 3663 3668
8145 2 2 1 1 3666 3665 3669
8146 2 2 1 1 3670 3666 3669
8147 2 2 1 1 3665 3667 3671
8148 2 2 1 1 3669 3665 3671
8149 2 2 1 1 3667 3668 3672
8150 2 2 1 1 3671 3667 3672
8151 2 2 1 1 3670 3669 3673
8152 2 2 1 1 3674 3670 3673
8153 2 2 1 1 3669 3671 3675
8154 2 2 1 1 3673 3669 3675
8155 2 2 1 1 3671 3672 3676
8156 2 2 1 1 3675 3671 3676
8157 2 2 1 1 3674 3673 3677
8158 2 2 1 1 3678 3674 3677
8159 2 2 1 1 3673 3675 3679
8160 2 2 1 1 3677 3673 3679
8161 2 2 1 1 3675 3676 3680
8162 2 2 1 1 3679 3675 3680
8163 2 2 1 1 3678 3677 3681
8164 2 2 1 1 3682 3678 3681
8165 2 2 1 1 3677 3679 3683
8166 2 2 1 1 3681 3677 3683
8167 2 2 1 1 3679 3680 3684
8168 2 2 1 1 3683 3679 3684
8169 2 2 1 1 3682 3681 3685
8170 2 2 1 1 3686 3682 3685
8171 2 2 1 1 3681 3683 3687
8172 2 2 1 1 3685 3681 3687
8173 2 2 1 1 3683 3684 3688
8174 2 2 1 1 3687 3683 3688
8175 2 2 1 1 3686 3685 3689
8176 2 2 1 1 3690 3686 3689
8177 2 2 1 1 3685 3687 3691
8178 2 2 1 1 3689 3685 3691
8179 2 2 1 1 3687 3688 3692
8180 2 2 1 1 3691 3687 3692
8181 2 2 1 1 3690 3689 3693
8182 2 2 1 1 3694 3690 3693
8183 2 2 1 1 3689 3691 3695
8184 2 2 1 1 3693 3689 3695
8185 2 2 1 1 3691 3692 3696
8186 2 2 1 1 3695 3691 3696
8187 2 2 1 1 3694 3693 3697
8188 2 2 1 1 3698 3694 3697
8189 2 2 1 1 3693 3695 3699
8190 2 2 1 1 3697 3693 3699
8191 2 2 1 1 3695 3696 3700
8192 2 2 1 1 3699 3695 3700
8193 2 2 1 1 3698 3697 3701
8194 2 2 1 1 3702 3698 3701
8195 2 2 1 1 3697 3699 3703
8196 2 2 1 1 3701 3697 3703
8197 2 2 1 1 3699 3700 3704
8198 2 2 1 1 3703 3699 3704
8199 2 2 1 1 3702 3701 3705
8200 2 2 1 1 3706 3702 3705
8201 2 2 1 1 3701 3703 3707
8202 2 2 1 1 3705 3701 3707
8203 2 2 1 1 3703 3704 3708
8204 2 2 1 1 3707 3703 3708
8205 2 2 1 1 3706 3705 3709
8206 2 2 1 1 3710 3706 3709
8207 2 2 1 1 3705 3707 3711
8208 2 2 1 1 3709 3705 3711
8209 2 2 1 1 3707 3708 3712
8210 2 2 1 1 3711 3707 3712
8211 2 2 1 1 3710 3709 3713
8212 2 2 1 1 3714 3710 3713
8213 2 2 1 1 3709 3711 3715
8214 2 2 1 1 3713 3709 3715
8215 2 2 1 1 3711 3712 3716
8216 2 2 1 1 3715 3711 3716
8217 2 2 1 1 3714 3713 3717
8218 2 2 1 1 3718 3714 3717
8219 2 2 1 1 3713 3715 3719
8220 2 2 1 1 3717 3713 3719
8221 2 2 1 1 3715 3716 3720
8222 2 2 1 1 3719 3715 3720
8223 2 2 1 1 3718 3717 3721
8224 2 2 1 1 3722 3718 3721
8225 2 2 1 1 3717 3719 3723
8226 2 2 1 1 3721 3717 3723
8227 2 2 1 1 3719 3720 3724
8228 2 2 1 1 3723 3719 3724
8229 2 2 1 1 3722 3721 3725
8230 2 2 1 1 3726 3722 3725
8231 2 2 1 1 3721 3723 3727
8232 2 2 1 1 3725 3721 3727
8233 2 2 1 1 3723 3724 3728
8234 2 2 1 1 3727 3723 3728
8235 2 2 1 1 3726 3725 3729
8236 2 2 1 1 3730 3726 3729
8237 2 2 1 1 3725 3727 3731
8238 2 2 1 1 3729 3725 3731
8239 2 2 1 1 3727 3728 3732
8240 2 2 1 1 3731 3727 3732
8241 2 2 1 1 3730 3729 3733
8242 2 2 1 1 3734 3730 3733
8243 2 2 1 1 3729 3731 3735
8244 2 2 1 1 3733 3729 3735
8245 2 2 1 1 3731 3732 3736
8246 2 2 1 1 3735 3731 3736
8247 2 2 1 1 3734 3733 3737
8248 2 2 1 1 3738 3734 3737
8249 2 2 1 1 3733 3735 3739
8250 2 2 1 1 3737 3733 3739
8251 2 2 1 1 3735 3736 3740
8252 2 2 1 1 3739 3735 3740
8253 2 2 1 1 3738 3737 3741
8254 2 2 1 1 3742 3738 3741
8255 2 2 1 1 3737 3739 3743
8256 2 2 1 1 3741 3737 3743
8257 2 2 1 1 3739 3740 3744
8258 2 2 1 1 3743 3739 3744
8259 2 2 1 1 3742 3741 3745
8260 2 2 1 1 3746 3742 3745
8261 2 2 1 1 3741 3743 3747
8262 2 2 1 1 3745 3741 3747
8263 2 2 1 1 3743 3744 3748
8264 2 2 1 1 3747 3743 3748
8265 2 2 1 1 3746 3745 3749
8266 2 2 1 1 3750 3746 3749
8267 2 2 1 1 3745 3747 3751
8268 2 2 1 1 3749 3745 3751
8269 2 2 1 1 3747 3748 3752
8270 2 2 1 1 3751 3747 3752
8271 2 2 1 1 3750 3749 3753
8272 2 2 1 1 3754 3750 3753
8273 2 2 1 1 3749 3751 3755
8274 2 2 1 1 3753 3749 3755
8275 2 2 1 1 3751 3752 3756
8276 2 2 1 1 3755 3751 3756
8277 2 2 1 1 3754 3753 3757
8278 2 2 1 1 3758 3754 3757
8279 2 2 1 1 3753 3755 3759
8280 2 2 1 1 3757 3753 3759
8281 2 2 1 1 3755 3756 3760
8282 2 2 1 1 3759 3755 3760
8283 2 2 1 1 3758 3757 3761
8284 2 2 1 1 3762 3758 3761
8285 2 2 1 1 3757 3759 3763
8286 2 2 1 1 3761 3757 3763
8287 2 2 1 1 3759 3760 3764
8288 2 2 1 1 3763 3759 3764
8289 2 2 1 1 3762 3761 3765
8290 2 2 1 1 3766 3762 3765
8291 2 2 1 1 3761 3763 3767
8292 2 2 1 1 3765 3761 3767
8293 2 2 1 1 3763 3764 3768
8294 2 2 1 1 3767 3763 3768
8295 2 2 1 1 3766 3765 3769
8296 2 2 1 1 3770 3766 3769
8297 2 2 1 1 3765 3767 3771
8298 2 2 1 1 3769 3765 3771
8299 2 2 1 1 3767 3768 3772
8300 2 2 1 1 3771 3767 3772
8301 2 2 1 1 3770 3769 3773
8302 2 2 1 1 3774 3770 3773
8303 2 2 1 1 3769 3771 3775
8304 2 2 1 1 3773 3769 3775
8305 2 2 1 1 3771 3772 3776
8306 2 2 1 1 3775 3771 3776
8307 2 2 1 1 3774 3773 3777
8308 2 2 1 1 3778 3774 3777
8309 2 2 1 1 3773 3775 3779
8310 2 2 1 1 3777 3773 3779
8311 2 2 1 1 3775 3776 3780
8312 2 2 1 1 3779 3775 3780
8313 2 2 1 1 3778 3777 3781
8314 2 2 1 1 3782 3778 3781
8315 2 2 1 1 3777 3779 3783
8316 2 2 1 1 3781 3777 3783
8317 2 2 1 1 3779 3780 3784
8318 2 2 1 1 3783 3779 3784
8319 2 2 1 1 3782 3781 3785
8320 2 2 1 1 3786 3782 3785
8321 2 2 1 1 3781 3783 3787
8322 2 2 1 1 3785 3781 3787
8323 2 2 1 1 3783 3784 3788
8324 2 2 1 1 3787 3783 3788
8325 2 2 1 1 3786 3785 3789
8326 2 2 1 1 3790 3786 3789
8327 2 2 1 1 3785 3787 3791
8328 2 2 1 1 3789 3785 3791
8329 2 2 1 1 3787 3788 3792
8330 2 2 1 1 3791 3787 3792
8331 2 2 1 1 3790 3789 3793
8332 2 2 1 1 3794 3790 3793
8333 2 2 1 1 3789 3791 3795
8334 2 2 1 1 3793 3789 3795
8335 2 2 1 1 3791 3792 3796
8336 2 2 1 1 3795 3791 3796
8337 2 2 1 1 3794 3793 3797
8338 2 2 1 1 3798 3794 3797
8339 2 2 1 1 3793 3795 3799
8340 2 2 1 1 3797 3793 3799
8341 2 2 1 1 3795 3796 3800
8342 2 2 1 1 3799 3795 3800
8343 2 2 1 1 3798 3797 3801
8344 2 2 1 1 3802 3798 3801
8345 2 2 1 1 3797 3799 3803
8346 2 2 1 1 3801 3797 3803
8347 2 2 1 1 3799 3800 3804
8348 2 2 1 1 3803 3799 3804
8349 2 2 1 1 3802 3801 3805
8350 2 2 1 1 3806 3802 3805
8351 2 2 1 1 3801 3803 3807
8352 2 2 1 1 3805 3801 3807
8353 2 2 1 1 3803 3804 3808
8354 2 2 1 1 3807 3803 3808
8355 2 2 1 1 3806 3805 3809
8356 2 2 1 1 3810 3806 3809
8357 2 2 1 1 3805 3807 3811
8358 2 2 1 1 3809 3805 3811
8359 2 2 1 1 3807 3808 3812
8360 2 2 1 1 3811 3807 3812
8361 2 2 1 1 3810 3809 3813
8362 2 2 1 1 3814 3810 3813
8363 2 2 1 1 3809 3811 3815
8364 2 2 1 1 3813 3809 3815
8365 2 2 1 1 3811 3812 3816
8366 2 2 1 1 3815 3811 3816
8367 2 2 1 1 3814 3813 3817
8368 2 2 1 1 3818 3814 3817
8369 2 2 1 1 3813 3815 3819
8370 2 2 1 1 3817 3813 3819
8371 2 2 1 1 3815 3816 3820
8372 2 2 1 1 3819 3815 3820
8373 2 2 1 1 3818 3817 3821
8374 2 2 1 1 3822 3818 3821
8375 2 2 1 1 3817 3819 3823
8376 2 2 1 1 3821 3817 3823
8377 2 2 1 1 3819 3820 3824
8378 2 2 1 1 3823 3819 3824
8379 2 2 1 1 3822 3821 3825
8380 2 2 1 1 3826 3822 3825
8381 2 2 1 1 3821 3823 3827
8382 2 2 1 1 3825 3821 3827
8383 2 2 1 1 3823 3824 3828
8384 2 2 1 1 3827 3823 3828
8385 2 2 1 1 3826 3825 3829
8386 2 2 1 1 3830 3826 3829
8387 2 2 1 1 3825 3827 3831
8388 2 2 1 1 3829 3825 3831
8389 2 2 1 1 3827 3828 3832
8390 2 2 1 1 3831 3827 3832
8391 2 2 1 1 3830 3829 3833
8392 2 2 1 1 3834 3830 3833
8393 2 2 1 1 3829 3831 3835
8394 2 2 1 1 3833 3829 3835
8395 2 2 1 1 3831 3832 3836
8396 2 2 1 1 3835 3831 3836
8397 2 2 1 1 3834 3833 3837
8398 2 2 1 1 3838 3834 3837
8399 2 2 1 1 3833 3835 3839
8400 2 2 1 1 3837 3833 3839
8401 2 2 1 1 3835 3836 3840
8402 2 2 1 1 3839 3835 3840
8403 2 2 1 1 3838 3837 3841
8404 2 2 1 1 3842 3838 3841
8405 2 2 1 1 3837 3839 3843
8406 2 2 1 1 3841 3837 3843
8407 2 2 1 1 3839 3840 3844
8408 2 2 1 1 3843 3839 3844
8409 2 2 1 1 3842 3841 3845
8410 2 2 1 1 3846 3842 3845
8411 2 2 1 1 3841 3843 3847
8412 2 2 1 1 3845 3841 3847
8413 2 2 1 1 3843 3844 3848
8414 2 2 1 1 3847 3843 3848
8415 2 2 1 1 3846 3845 3849
8416 2 2 1 1 3850 3846 3849
8417 2 2 1 1 3845 3847 3851
8418 2 2 1 1 3849 3845 3851
8419 2 2 1 1 3847 3848 3852
8420 2 2 1 1 3851 3847 3852
8421 2 2 1 1 3850 3849 3853
8422 2 2 1 1 3854 3850 3853
8423 2 2 1 1 3849 3851 3855
8424 2 2 1 1 3853 3849 3855
8425 2 2 1 1 3851 3852 3856
8426 2 2 1 1 3855 3851 3856
8427 2 2 1 1 3854 3853 3857
8428 2 2 1 1 3858 3854 3857
8429 2 2 1 1 3853 3855 3859
8430 2 2 1 1 3857 3853 3859
8431 2 2 1 1 3855 3856 3860
8432 2 2 1 1 3859 3855 3860
8433 2 2 1 1 3858 3857 3861
8434 2 2 1 1 3862 3858 3861
8435 2 2 1 1 3857 3859 3863
8436 2 2 1 1 3861 3857 3863
8437 2 2 1 1 3859 3860 3864
8438 2 2 1 1 3863 3859 3864
8439 2 2 1 1 3862 3861 3865
8440 2 2 1 1 3866 3862 3865
8441 2 2 1 1 3861 3863 3867
8442 2 2 1 1 3865 3861 3867
8443 2 2 1 1 3863 3864 3868
8444 2 2 1 1 3867 3863 3868
8445 2 2 1 1 3866 3865 3614
8446 2 2 1 1 3615 3866 3614
8447 2 2 1 1 3865 3867 3618
8448 2 2 1 1 3614 3865 3618
8449 2 2 1 1 3867 3868 3620
8450 2 2 1 1 3618 3867 3620
8451 2 2 1 1 3615 3616 3869
8452 2 2 1 1 3870 3615 3869
8453 2 2 1 1 3622 3626 3871
8454 2 2 1 1 3872 3622 3871
8455 2 2 1 1 3616 3622 3872
8456 2 2 1 1 3869 3616 3872
8457 2 2 1 1 3630 3634 3873
8458 2 2 1 1 3874 3630 3873
8459 2 2 1 1 3638 3642 3875
8460 2 2 1 1 3876 3638 3875
8461 2 2 1 1 3634 3638 3876
8462 2 2 1 1 3873 3634 3876
8463 2 2 1 1 3626 3630 3874
8464 2 2 1 1 3871 3626 3874
8465 2 2 1 1 3646 3650 3877
8466 2 2 1 1 3878 3646 3877
8467 2 2 1 1 3654 3658 3879
8468 2 2 1 1 3880 3654 3879
8469 2 2 1 1 3650 3654 3880
8470 2 2 1 1 3877 3650 3880
8471 2 2 1 1 3662 3666 3881
8472 2 2 1 1 3882 3662 3881
8473 2 2 1 1 3670 3674 3883
8474 2 2 1 1 3884 3670 3883
8475 2 2 1 1 3666 3670 3884
8476 2 2 1 1 3881 3666 3884
8477 2 2 1 1 3658 3662 3882
8478 2 2 1 1 3879 3658 3882
8479 2 2 1 1 3642 3646 3878
8480 2 2 1 1 3875 3642 3878
8481 2 2 1 1 3885 3883 3674
8482 2 2 1 1 3678 3885 3674
8483 2 2 1 1 3678 3682 3886
8484 2 2 1 1 3885 3678 3886
8485 2 2 1 1 3686 3690 3887
8486 2 2 1 1 3888 3686 3887
8487 2 2 1 1 3682 3686 3888
8488 2 2 1 1 3886 3682 3888
8489 2 2 1 1 3694 3698 3889
8490 2 2 1 1 3890 3694 3889
8491 2 2 1 1 3702 3706 3891
8492 2 2 1 1 3892 3702 3891
8493 2 2 1 1 3698 3702 3892
8494 2 2 1 1 3889 3698 3892
8495 2 2 1 1 3690 3694 3890
8496 2 2 1 1 3887 3690 3890
8497 2 2 1 1 3710 3714 3893
8498 2 2 1 1 3894 3710 3893
8499 2 2 1 1 3718 3722 3895
8500 2 2 1 1 3896 3718 3895
8501 2 2 1 1 3714 3718 3896
8502 2 2 1 1 3893 3714 3896
8503 2 2 1 1 3726 3730 3897
8504 2 2 1 1 3898 3726 3897
8505 2 2 1 1 3734 3738 3899
8506 2 2 1 1 3900 3734 3899
8507 2 2 1 1 3730 3734 3900
8508 2 2 1 1 3897 3730 3900
8509 2 2 1 1 3722 3726 3898
8510 2 2 1 1 3895 3722 3898
8511 2 2 1 1 3706 3710 3894
8512 2 2 1 1 3891 3706 3894
8513 2 2 1 1 3738 3742 3901
8514 2 2 1 1 3899 3738 3901
8515 2 2 1 1 3903 3902 3619
8516 2 2 1 1 3620 3903 3619
8517 2 2 1 1 3905 3904 3628
8518 2 2 1 1 3624 3905 3628
8519 2 2 1 1 3902 3905 3624
8520 2 2 1 1 3619 3902 3624
8521 2 2 1 1 3907 3906 3636
8522 2 2 1 1 3632 3907 3636
8523 2 2 1 1 3909 3908 3644
8524 2 2 1 1 3640 3909 3644
8525 2 2 1 1 3906 3909 3640
8526 2 2 1 1 3636 3906 3640
8527 2 2 1 1 3904 3907 3632
8528 2 2 1 1 3628 3904 3632
8529 2 2 1 1 3911 3910 3652
8530 2 2 1 1 3648 3911 3652
8531 2 2 1 1 3913 3912 3660
8532 2 2 1 1 3656 3913 3660
8533 2 2 1 1 3910 3913 3656
8534 2 2 1 1 3652 3910 3656
8535 2 2 1 1 3915 3914 3668
8536 2 2 1 1 3664 3915 3668
8537 2 2 1 1 3917 3916 3676
8538 2 2 1 1 3672 3917 3676
8539 2 2 1 1 3914 3917 3672
8540 2 2 1 1 3668 3914 3672
8541 2 2 1 1 3912 3915 3664
8542 2 2 1 1 3660 3912 3664
8543 2 2 1 1 3908 3911 3648
8544 2 2 1 1 3644 3908 3648
8545 2 2 1 1 3680 3676 3916
8546 2 2 1 1 3918 3680 3916
8547 2 2 1 1 3918 3919 3684
8548 2 2 1 1 3680 3918 3684
8549 2 2 1 1 3921 3920 3692
8550 2 2 1 1 3688 3921 3692
8551 2 2 1 1 3919 3921 3688
8552 2 2 1 1 3684 3919 3688
8553 2 2 1 1 3923 3922 3700
8554 2 2 1 1 3696 3923 3700
8555 2 2 1 1 3925 3924 3708
8556 2 2 1 1 3704 3925 3708
8557 2 2 1 1 3922 3925 3704
8558 2 2 1 1 3700 3922 3704
8559 2 2 1 1 3920 3923 3696
8560 2 2 1 1 3692 3920 3696
8561 2 2 1 1 3927 3926 3716
8562 2 2 1 1 3712 3927 3716
8563 2 2 1 1 3926 3928 3720
8564 2 2 1 1 3716 3926 3720
8565 2 2 1 1 3930 3929 3728
8566 2 2 1 1 3724 3930 3728
8567 2 2 1 1 3932 3931 3736
8568 2 2 1 1 3732 3932 3736
8569 2 2 1 1 3929 3932 3732
8570 2 2 1 1 3728 3929 3732
8571 2 2 1 1 3928 3930 3724
8572 2 2 1 1 3720 3928 3724
8573 2 2 1 1 3924 3927 3712
8574 2 2 1 1 3708 3924 3712
8575 2 2 1 1 3931 3933 3740
8576 2 2 1 1 3736 3931 3740
8577 2 2 1 1 3744 3740 3933
8578 2 2 1 1 3934 3744 3933
8579 2 2 1 1 3935 3901 3742
8580 2 2 1 1 3746 3935 3742
8581 2 2 1 1 3746 3750 3936
8582 2 2 1 1 3935 3746 3936
8583 2 2 1 1 3754 3758 3937
8584 2 2 1 1 3938 3754 3937
8585 2 2 1 1 3750 3754 3938
8586 2 2 1 1 3936 3750 3938
8587 2 2 1 1 3762 3766 3939
8588 2 2 1 1 3940 3762 3939
8589 2 2 1 1 3770 3774 3941
8590 2 2 1 1 3942 3770 3941
8591 2 2 1 1 3766 3770 3942
8592 2 2 1 1 3939 3766 3942
8593 2 2 1 1 3758 3762 3940
8594 2 2 1 1 3937 3758 3940
8595 2 2 1 1 3778 3782 3943
8596 2 2 1 1 3944 3778 3943
8597 2 2 1 1 3786 3790 3945
8598 2 2 1 1 3946 3786 3945
8599 2 2 1 1 3782 3786 3946
8600 2 2 1 1 3943 3782 3946
8601 2 2 1 1 3794 3798 3947
8602 2 2 1 1 3948 3794 3947
8603 2 2 1 1 3950 3949 3802
8604 2 2 1 1 3806 3950 3802
8605 2 2 1 1 3798 3802 3949
8606 2 2 1 1 3947 3798 3949
8607 2 2 1 1 3790 3794 3948
8608 2 2 1 1 3945 3790 3948
8609 2 2 1 1 3774 3778 3944
8610 2 2 1 1 3941 3774 3944
8611 2 2 1 1 3810 3814 3951
8612 2 2 1 1 3952 3810 3951
8613 2 2 1 1 3818 3822 3953
8614 2 2 1 1 3954 3818 3953
8615 2 2 1 1 3814 3818 3954
8616 2 2 1 1 3951 3814 3954
8617 2 2 1 1 3826 3830 3955
8618 2 2 1 1 3956 3826 3955
8619 2 2 1 1 3834 3838 3957
8620 2 2 1 1 3958 3834 3957
8621 2 2 1 1 3830 3834 3958
8622 2 2 1 1 3955 3830 3958
8623 2 2 1 1 3822 3826 3956
8624 2 2 1 1 3953 3822 3956
8625 2 2 1 1 3842 3846 3959
8626 2 2 1 1 3960 3842 3959
8627 2 2 1 1 3850 3854 3961
8628 2 2 1 1 3962 3850 3961
8629 2 2 1 1 3846 3850 3962
8630 2 2 1 1 3959 3846 3962
8631 2 2 1 1 3858 3862 3963
8632 2 2 1 1 3964 3858 3963
8633 2 2 1 1 3866 3615 3870
8634 2 2 1 1 3965 3866 3870
8635 2 2 1 1 3862 3866 3965
8636 2 2 1 1 3963 3862 3965
8637 2 2 1 1 3854 3858 3964
8638 2 2 1 1 3961 3854 3964
8639 2 2 1 1 3838 3842 3960
8640 2 2 1 1 3957 3838 3960
8641 2 2 1 1 3806 3810 3952
8642 2 2 1 1 3950 3806 3952
8643 2 2 1 1 3967 3966 3752
8644 2 2 1 1 3748 3967 3752
8645 2 2 1 1 3969 3968 3760
8646 2 2 1 1 3756 3969 3760
8647 2 2 1 1 3966 3969 3756
8648 2 2 1 1 3752 3966 3756
8649 2 2 1 1 3971 3970 3768
8650 2 2 1 1 3764 3971 3768
8651 2 2 1 1 3973 3972 3776
8652 2 2 1 1 3772 3973 3776
8653 2 2 1 1 3970 3973 3772
8654 2 2 1 1 3768 3970 3772
8655 2 2 1 1 3968 3971 3764
8656 2 2 1 1 3760 3968 3764
8657 2 2 1 1 3975 3974 3784
8658 2 2 1 1 3780 3975 3784
8659 2 2 1 1 3977 3976 3792
8660 2 2 1 1 3788 3977 3792
8661 2 2 1 1 3974 3977 3788
8662 2 2 1 1 3784 3974 3788
8663 2 2 1 1 3979 3978 3800
8664 2 2 1 1 3796 3979 3800
8665 2 2 1 1 3808 3804 3980
8666 2 2 1 1 3981 3808 3980
8667 2 2 1 1 3978 3980 3804
8668 2 2 1 1 3800 3978 3804
8669 2 2 1 1 3976 3979 3796
8670 2 2 1 1 3792 3976 3796
8671 2 2 1 1 3972 3975 3780
8672 2 2 1 1 3776 3972 3780
8673 2 2 1 1 3934 3967 3748
8674 2 2 1 1 3744 3934 3748
8675 2 2 1 1 3983 3982 3816
8676 2 2 1 1 3812 3983 3816
8677 2 2 1 1 3985 3984 3824
8678 2 2 1 1 3820 3985 3824
8679 2 2 1 1 3982 3985 3820
8680 2 2 1 1 3816 3982 3820
8681 2 2 1 1 3987 3986 3832
8682 2 2 1 1 3828 3987 3832
8683 2 2 1 1 3989 3988 3840
8684 2 2 1 1 3836 3989 3840
8685 2 2 1 1 3986 3989 3836
8686 2 2 1 1 3832 3986 3836
8687 2 2 1 1 3984 3987 3828
8688 2 2 1 1 3824 3984 3828
8689 2 2 1 1 3991 3990 3848
8690 2 2 1 1 3844 3991 3848
8691 2 2 1 1 3993 3992 3856
8692 2 2 1 1 3852 3993 3856
8693 2 2 1 1 3990 3993 3852
8694 2 2 1 1 3848 3990 3852
8695 2 2 1 1 3995 3994 3864
8696 2 2 1 1 3860 3995 3864
8697 2 2 1 1 3996 3903 3620
8698 2 2 1 1 3868 3996 3620
8699 2 2 1 1 3994 3996 3868
8700 2 2 1 1 3864 3994 3868
8701 2 2 1 1 3992 3995 3860
8702 2 2 1 1 3856 3992 3860
8703 2 2 1 1 3988 3991 3844
8704 2 2 1 1 3840 3988 3844
8705 2 2 1 1 3981 3983 3812
8706 2 2 1 1 3808 3981 3812
8707 2 2 1 1 3999 3998 3997
8708 2 2 1 1 3999 3999 3997
8709 2 2 1 1 3998 3999 4000
8710 2 2 1 1 4001 3998 4000
8711 2 2 1 1 4001 4000 4002
8712 2 2 1 1 4003 4001 4002
8713 2 2 1 1 4003 4002 4004
8714 2 2 1 1 4005 4003 4004
8715 2 2 1 1 4005 4004 4006
8716 2 2 1 1 4007 4005 4006
8717 2 2 1 1 4007 4006 4008
8718 2 2 1 1 4009 4007 4008
8719 2 2 1 1 4009 4008 4010
8720 2 2 1 1 4011 4009 4010
8721 2 2 1 1 4014 4013 4012
8722 2 2 1 1 3997 4014 4012
8723 2 2 1 1 3997 4012 4015
8724 2 2 1 1 3999 3997 4015
8725 2 2 1 1 3999 4015 4016
8726 2 2 1 1 4000 3999 4016
8727 2 2 1 1 4000 4016 4017
8728 2 2 1 1 4002 4000 4017
8729 2 2 1 1 4002 4017 4018
8730 2 2 1 1 4004 4002 4018
8731 2 2 1 1 4004 4018 4019
8732 2 2 1 1 4006 4004 4019
8733 2 2 1 1 4006 4019 4020
8734 2 2 1 1 4008 4006 4020
8735 2 2 1 1 4008 4020 4021
8736 2 2 1 1 4010 4008 4021
8737 2 2 1 1 4010 4021 4022
8738 2 2 1 1 4023 4010 4022
8739 2 2 1 1 4023 4022 4024
8740 2 2 1 1 4025 4023 4024
8741 2 2 1 1 4028 4027 4026
8742 2 2 1 1 4013 4028 4026
8743 2 2 1 1 4013 4026 4029
8744 2 2 1 1 4012 4013 4029
8745 2 2 1 1 4012 4029 4030
8746 2 2 1 1 4015 4012 4030
8747 2 2 1 1 4015 4030 4031
8748 2 2 1 1 4016 4015 4031
8749 2 2 1 1 4016 4031 4032
8750 2 2 1 1 4017 4016 4032
8751 2 2 1 1 4017 4032 4033
8752 2 2 1 1 4018 4017 4033
8753 2 2 1 1 4018 4033 4034
8754 2 2 1 1 4019 4018 4034
8755 2 2 1 1 4019 4034 4035
8756 2 2 1 1 4020 4019 4035
8757 2 2 1 1 4020 4035 4036
8758 2 2 1 1 4021 4020 4036
8759 2 2 1 1 4021 4036 4037
8760 2 2 1 1 4022 4021 4037
8761 2 2 1 1 4022 4037 4038
8762 2 2 1 1 4024 4022 4038
8763 2 2 1 1 4024 4038 4039
8764 2 2 1 1 4040 4024 4039
8765 2 2 1 1 4043 4042 4041
8766 2 2 1 1 4027 4043 4041
8767 2 2 1 1 4027 4041 4044
8768 2 2 1 1 4026 4027 4044
8769 2 2 1 1 4026 4044 4045
8770 2 2 1 1 4029 4026 4045
8771 2 2 1 1 4029 4045 4046
8772 2 2 1 1 4030 4029 4046
8773 2 2 1 1 4036 4048 4047
8774 2 2 1 1 4037 4036 4047
8775 2 2 1 1 4037 4047 4049
8776 2 2 1 1 4038 4037 4049
8777 2 2 1 1 4038 4049 4050
8778 2 2 1 1 4039 4038 4050
8779 2 2 1 1 4039 4050 4051
8780 2 2 1 1 4052 4039 4051
8781 2 2 1 1 4054 4042 4053
8782 2 2 1 1 4054 4054 4053
8783 2 2 1 1 4042 4054 4055
8784 2 2 1 1 4041 4042 4055
8785 2 2 1 1 4041 4055 4056
8786 2 2 1 1 4044 4041 4056
8787 2 2 1 1 4044 4056 4057
8788 2 2 1 1 4045 4044 4057
8789 2 2 1 1 4047 4059 4058
8790 2 2 1 1 4049 4047 4058
8791 2 2 1 1 4049 4058 4060
8792 2 2 1 1 4050 4049 4060
8793 2 2 1 1 4050 4060 4061
8794 2 2 1 1 4051 4050 4061
8795 2 2 1 1 4053 4063 4062
8796 2 2 1 1 4054 4053 4062
8797 2 2 1 1 4054 4062 4064
8798 2 2 1 1 4055 4054 4064
8799 2 2 1 1 4055 4064 4065
8800 2 2 1 1 4056 4055 4065
8801 2 2 1 1 4058 4067 4066
8802 2 2 1 1 4060 4058 4066
8803 2 2 1 1 4060 4066 4068
8804 2 2 1 1 4061 4060 4068
8805 2 2 1 1 4061 4068 4069
8806 2 2 1 1 4070 4061 4069
8807 2 2 1 1 4063 4072 4071
8808 2 2 1 1 4062 4063 4071
8809 2 2 1 1 4062 4071 4073
8810 2 2 1 1 4064 4062 4073
8811 2 2 1 1 4064 4073 4074
8812 2 2 1 1 4065 4064 4074
8813 2 2 1 1 4067 4076 4075
8814 2 2 1 1 4066 4067 4075
8815 2 2 1 1 4066 4075 4077
8816 2 2 1 1 4068 4066 4077
8817 2 2 1 1 4068 4077 4078
8818 2 2 1 1 4069 4068 4078
8819 2 2 1 1 4072 4080 4079
8820 2 2 1 1 4071 4072 4079
8821 2 2 1 1 4071 4079 4081
8822 2 2 1 1 4073 4071 4081
8823 2 2 1 1 4073 4081 4082
8824 2 2 1 1 4074 4073 4082
8825 2 2 1 1 4076 4084 4083
8826 2 2 1 1 4075 4076 4083
8827 2 2 1 1 4075 4083 4085
8828 2 2 1 1 4077 4075 4085
8829 2 2 1 1 4077 4085 4086
8830 2 2 1 1 4078 4077 4086
8831 2 2 1 1 4080 4088 4087
8832 2 2 1 1 4079 4080 4087
8833 2 2 1 1 4079 4087 4089
8834 2 2 1 1 4081 4079 4089
8835 2 2 1 1 4081 4089 4090
8836 2 2 1 1 4082 4081 4090
8837 2 2 1 1 4084 4092 4091
8838 2 2 1 1 4083 4084 4091
8839 2 2 1 1 4083 4091 4093
8840 2 2 1 1 4085 4083 4093
8841 2 2 1 1 4085 4093 4094
8842 2 2 1 1 4086 4085 4094
8843 2 2 1 1 4088 4096 4095
8844 2 2 1 1 4087 4088 4095
8845 2 2 1 1 4087 4095 4097
8846 2 2 1 1 4089 4087 4097
8847 2 2 1 1 4089 4097 4098
8848 2 2 1 1 4090 4089 4098
8849 2 2 1 1 4092 4100 4099
8850 2 2 1 1 4091 4092 4099
8851 2 2 1 1 4091 4099 4101
8852 2 2 1 1 4093 4091 4101
8853 2 2 1 1 4093 4101 4102
8854 2 2 1 1 4094 4093 4102
8855 2 2 1 1 4096 4104 4103
8856 2 2 1 1 4095 4096 4103
8857 2 2 1 1 4095 4103 4105
8858 2 2 1 1 4097 4095 4105
8859 2 2 1 1 4097 4105 4106
8860 2 2 1 1 4098 4097 4106
8861 2 2 1 1 4100 4108 4107
8862 2 2 1 1 4099 4100 4107
8863 2 2 1 1 4099 4107 4109
8864 2 2 1 1 4101 4099 4109
8865 2 2 1 1 4101 4109 4110
8866 2 2 1 1 4102 4101 4110
8867 2 2 1 1 4103 4112 4111
8868 2 2 1 1 4105 4103 4111
8869 2 2 1 1 4105 4111 4113
8870 2 2 1 1 4106 4105 4113
8871 2 2 1 1 4106 4113 4114
8872 2 2 1 1 4115 4106 4114
8873 2 2 1 1 4118 4117 4116
8874 2 2 1 1 4108 4118 4116
8875 2 2 1 1 4108 4116 4119
8876 2 2 1 1 4107 4108 4119
8877 2 2 1 1 4107 4119 4120
8878 2 2 1 1 4109 4107 4120
8879 2 2 1 1 4112 4122 4121
8880 2 2 1 1 4111 4112 4121
8881 2 2 1 1 4111 4121 4123
8882 2 2 1 1 4113 4111 4123
8883 2 2 1 1 4113 4123 4124
8884 2 2 1 1 4114 4113 4124
8885 2 2 1 1 4114 4124 4125
8886 2 2 1 1 4126 4114 4125
8887 2 2 1 1 4129 4128 4127
8888 2 2 1 1 4117 4129 4127
8889 2 2 1 1 4117 4127 4130
8890 2 2 1 1 4116 4117 4130
8891 2 2 1 1 4116 4130 4131
8892 2 2 1 1 4119 4116 4131
8893 2 2 1 1 4119 4131 4132
8894 2 2 1 1 4120 4119 4132
8895 2 2 1 1 4121 4134 4133
8896 2 2 1 1 4123 4121 4133
8897 2 2 1 1 4123 4133 4135
8898 2 2 1 1 4124 4123 4135
8899 2 2 1 1 4124 4135 4136
8900 2 2 1 1 4125 4124 4136
8901 2 2 1 1 4125 4136 4137
8902 2 2 1 1 4138 4125 4137
8903 2 2 1 1 4138 4137 4139
8904 2 2 1 1 4140 4138 4139
8905 2 2 1 1 4140 4139 4141
8906 2 2 1 1 4142 4140 4141
8907 2 2 1 1 4142 4141 4143
8908 2 2 1 1 4144 4142 4143
8909 2 2 1 1 4144 4143 4145
8910 2 2 1 1 4146 4144 4145
8911 2 2 1 1 4146 4145 4147
8912 2 2 1 1 4128 4146 4147
8913 2 2 1 1 4128 4147 4148
8914 2 2 1 1 4127 4128 4148
8915 2 2 1 1 4127 4148 4149
8916 2 2 1 1 4130 4127 4149
8917 2 2 1 1 4130 4149 4150
8918 2 2 1 1 4131 4130 4150
8919 2 2 1 1 4133 4152 4151
8920 2 2 1 1 4135 4133 4151
8921 2 2 1 1 4135 4151 4153
8922 2 2 1 1 4136 4135 4153
8923 2 2 1 1 4136 4153 4154
8924 2 2 1 1 4137 4136 4154
8925 2 2 1 1 4137 4154 4155
8926 2 2 1 1 4139 4137 4155
8927 2 2 1 1 4139 4155 4156
8928 2 2 1 1 4141 4139 4156
8929 2 2 1 1 4141 4156 4157
8930 2 2 1 1 4143 4141 4157
8931 2 2 1 1 4143 4157 4158
8932 2 2 1 1 4145 4143 4158
8933 2 2 1 1 4145 4158 4159
8934 2 2 1 1 4147 4145 4159
8935 2 2 1 1 4147 4159 4160
8936 2 2 1 1 4148 4147 4160
8937 2 2 1 1 4148 4160 4161
8938 2 2 1 1 4149 4148 4161
8939 2 2 1 1 4153 4163 4162
8940 2 2 1 1 4154 4153 4162
8941 2 2 1 1 4154 4162 4164
8942 2 2 1 1 4155 4154 4164
8943 2 2 1 1 4155 4164 4165
8944 2 2 1 1 4156 4155 4165
8945 2 2 1 1 4156 4165 4166
8946 2 2 1 1 4157 4156 4166
8947 2 2 1 1 4157 4166 4167
8948 2 2 1 1 4158 4157 4167
8949 2 2 1 1 4158 4167 4168
8950 2 2 1 1 4159 4158 4168
8951 2 2 1 1 4013 4014 3942
8952 2 2 1 1 4013 4013 3942
8953 2 2 1 1 3942 4014 3939
8954 2 2 1 1 3942 3942 3939
8955 2 2 1 1 3940 3939 3997
8956 2 2 1 1 3940 3940 3997
8957 2 2 1 1 3997 3939 4014
8958 2 2 1 1 3997 3997 4014
8959 2 2 1 1 3940 3997 3998
8960 2 2 1 1 3940 3940 3998
8961 2 2 1 1 4028 3942 3941
8962 2 2 1 1 4028 4028 3941
8963 2 2 1 1 3944 3943 4043
8964 2 2 1 1 3944 3944 4043
8965 2 2 1 1 3944 4043 4027
8966 2 2 1 1 3944 3944 4027
8967 2 2 1 1 4027 4028 3944
8968 2 2 1 1 4027 4027 3944
8969 2 2 1 1 4028 4013 3942
8970 2 2 1 1 4028 4028 3942
8971 2 2 1 1 3944 4028 3941
8972 2 2 1 1 3944 3944 3941
8973 2 2 1 1 3938 3937 3998
8974 2 2 1 1 3938 3938 3998
8975 2 2 1 1 3937 3940 3998
8976 2 2 1 1 3937 3937 3998
8977 2 2 1 1 3936 3938 4001
8978 2 2 1 1 3936 3936 4001
8979 2 2 1 1 4003 3935 3936
8980 2 2 1 1 4003 4003 3936
8981 2 2 1 1 4005 3901 3935
8982 2 2 1 1 4005 4005 3935
8983 2 2 1 1 3998 4001 3938
8984 2 2 1 1 3998 3998 3938
8985 2 2 1 1 4169 4032 4031
8986 2 2 1 1 4169 4169 4031
8987 2 2 1 1 4169 4170 4032
8988 2 2 1 1 4169 4169 4032
8989 2 2 1 1 3935 4003 4005
8990 2 2 1 1 3935 3935 4005
8991 2 2 1 1 4046 4031 4030
8992 2 2 1 1 4046 4046 4030
8993 2 2 1 1 4001 4003 3936
8994 2 2 1 1 4001 4001 3936
8995 2 2 1 1 4033 4032 4170
8996 2 2 1 1 4033 4033 4170
8997 2 2 1 1 4042 4043 3943
8998 2 2 1 1 4042 4042 3943
8999 2 2 1 1 3945 3948 4053
9000 2 2 1 1 3945 3945 4053
9001 2 2 1 1 3945 4053 3946
9002 2 2 1 1 3945 3945 3946
9003 2 2 1 1 4053 4042 3946
9004 2 2 1 1 4053 4053 3946
9005 2 2 1 1 4053 3948 4063
9006 2 2 1 1 4053 4053 4063
9007 2 2 1 1 4072 3947 3949
9008 2 2 1 1 4072 4072 3949
9009 2 2 1 1 4080 3949 3950
9010 2 2 1 1 4080 4080 3950
9011 2 2 1 1 4072 4063 3947
9012 2 2 1 1 4072 4072 3947
9013 2 2 1 1 4080 4072 3949
9014 2 2 1 1 4080 4080 3949
9015 2 2 1 1 3950 3952 4080
9016 2 2 1 1 3950 3950 4080
9017 2 2 1 1 3947 4063 3948
9018 2 2 1 1 3947 3947 3948
9019 2 2 1 1 4045 4057 4171
9020 2 2 1 1 4045 4045 4171
9021 2 2 1 1 4171 4057 4172
9022 2 2 1 1 4171 4171 4172
9023 2 2 1 1 4045 4171 4046
9024 2 2 1 1 4045 4045 4046
9025 2 2 1 1 4031 4173 4169
9026 2 2 1 1 4031 4031 4169
9027 2 2 1 1 4031 4046 4173
9028 2 2 1 1 4031 4031 4173
9029 2 2 1 1 4173 4046 4171
9030 2 2 1 1 4173 4173 4171
9031 2 2 1 1 4065 4074 4174
9032 2 2 1 1 4065 4065 4174
9033 2 2 1 1 4074 4082 4175
9034 2 2 1 1 4074 4074 4175
9035 2 2 1 1 4174 4172 4065
9036 2 2 1 1 4174 4174 4065
9037 2 2 1 1 4176 4175 4082
9038 2 2 1 1 4176 4176 4082
9039 2 2 1 1 4174 4074 4175
9040 2 2 1 1 4174 4174 4175
9041 2 2 1 1 4065 4172 4057
9042 2 2 1 1 4065 4065 4057
9043 2 2 1 1 4056 4065 4057
9044 2 2 1 1 4056 4056 4057
9045 2 2 1 1 3943 3946 4042
9046 2 2 1 1 3943 3943 4042
9047 2 2 1 1 3899 4005 4007
9048 2 2 1 1 3899 3899 4007
9049 2 2 1 1 4005 3899 3901
9050 2 2 1 1 4005 4005 3901
9051 2 2 1 1 3899 4007 3900
9052 2 2 1 1 3899 3899 3900
9053 2 2 1 1 3900 4009 3897
9054 2 2 1 1 3900 3900 3897
9055 2 2 1 1 4009 3900 4007
9056 2 2 1 1 4009 4009 4007
9057 2 2 1 1 3897 4009 4011
9058 2 2 1 1 3897 3897 4011
9059 2 2 1 1 4177 4035 4034
9060 2 2 1 1 4177 4177 4034
9061 2 2 1 1 4048 4036 4035
9062 2 2 1 1 4048 4048 4035
9063 2 2 1 1 4011 4010 4023
9064 2 2 1 1 4011 4011 4023
9065 2 2 1 1 3897 4011 3898
9066 2 2 1 1 3897 3897 3898
9067 2 2 1 1 4011 3895 3898
9068 2 2 1 1 4011 4011 3898
9069 2 2 1 1 3895 4011 4023
9070 2 2 1 1 3895 3895 4023
9071 2 2 1 1 3895 4023 3896
9072 2 2 1 1 3895 3895 3896
9073 2 2 1 1 3896 4025 3893
9074 2 2 1 1 3896 3896 3893
9075 2 2 1 1 4025 3896 4023
9076 2 2 1 1 4025 4025 4023
9077 2 2 1 1 4024 3893 4025
9078 2 2 1 1 4024 4024 4025
9079 2 2 1 1 4040 4039 3891
9080 2 2 1 1 4040 4040 3891
9081 2 2 1 1 4040 3894 3893
9082 2 2 1 1 4040 4040 3893
9083 2 2 1 1 3894 4040 3891
9084 2 2 1 1 3894 3894 3891
9085 2 2 1 1 4052 3892 3891
9086 2 2 1 1 4052 4052 3891
9087 2 2 1 1 4051 3892 4052
9088 2 2 1 1 4051 4051 4052
9089 2 2 1 1 4039 4052 3891
9090 2 2 1 1 4039 4039 3891
9091 2 2 1 1 4040 3893 4024
9092 2 2 1 1 4040 4040 4024
9093 2 2 1 1 4034 4033 4178
9094 2 2 1 1 4034 4034 4178
9095 2 2 1 1 4179 4035 4177
9096 2 2 1 1 4179 4179 4177
9097 2 2 1 1 4178 4177 4034
9098 2 2 1 1 4178 4178 4034
9099 2 2 1 1 4047 4048 4180
9100 2 2 1 1 4047 4047 4180
9101 2 2 1 1 4048 4035 4179
9102 2 2 1 1 4048 4048 4179
9103 2 2 1 1 4180 4048 4179
9104 2 2 1 1 4180 4180 4179
9105 2 2 1 1 4180 4181 4059
9106 2 2 1 1 4180 4180 4059
9107 2 2 1 1 4067 4059 4181
9108 2 2 1 1 4067 4067 4181
9109 2 2 1 1 4180 4059 4047
9110 2 2 1 1 4180 4180 4047
9111 2 2 1 1 4076 4182 4084
9112 2 2 1 1 4076 4076 4084
9113 2 2 1 1 4067 4181 4183
9114 2 2 1 1 4067 4067 4183
9115 2 2 1 1 4182 4076 4183
9116 2 2 1 1 4182 4182 4183
9117 2 2 1 1 4051 4061 4070
9118 2 2 1 1 4051 4051 4070
9119 2 2 1 1 3889 4070 3890
9120 2 2 1 1 3889 3889 3890
9121 2 2 1 1 4070 3889 4051
9122 2 2 1 1 4070 4070 4051
9123 2 2 1 1 3890 4070 3887
9124 2 2 1 1 3890 3890 3887
9125 2 2 1 1 3889 3892 4051
9126 2 2 1 1 3889 3889 4051
9127 2 2 1 1 4076 4067 4183
9128 2 2 1 1 4076 4076 4183
9129 2 2 1 1 4069 3887 4070
9130 2 2 1 1 4069 4069 4070
9131 2 2 1 1 3887 4069 3888
9132 2 2 1 1 3887 3887 3888
9133 2 2 1 1 4078 3886 3888
9134 2 2 1 1 4078 4078 3888
9135 2 2 1 1 4069 4078 3888
9136 2 2 1 1 4069 4069 3888
9137 2 2 1 1 4078 4086 3886
9138 2 2 1 1 4078 4078 3886
9139 2 2 1 1 4058 4059 4067
9140 2 2 1 1 4058 4058 4067
9141 2 2 1 1 4184 4084 4182
9142 2 2 1 1 4184 4184 4182
9143 2 2 1 1 4178 4033 4185
9144 2 2 1 1 4178 4178 4185
9145 2 2 1 1 4033 4170 4185
9146 2 2 1 1 4033 4033 4185
9147 2 2 1 1 4176 4082 4186
9148 2 2 1 1 4176 4176 4186
9149 2 2 1 1 3952 3951 4088
9150 2 2 1 1 3952 3952 4088
9151 2 2 1 1 4088 3951 4096
9152 2 2 1 1 4088 4088 4096
9153 2 2 1 1 4090 4098 4187
9154 2 2 1 1 4090 4090 4187
9155 2 2 1 1 3951 3954 4096
9156 2 2 1 1 3951 3951 4096
9157 2 2 1 1 4082 4090 4186
9158 2 2 1 1 4082 4082 4186
9159 2 2 1 1 3954 3953 4104
9160 2 2 1 1 3954 3954 4104
9161 2 2 1 1 4104 3953 3956
9162 2 2 1 1 4104 4104 3956
9163 2 2 1 1 4104 4112 4103
9164 2 2 1 1 4104 4104 4103
9165 2 2 1 1 4112 4104 3956
9166 2 2 1 1 4112 4112 3956
9167 2 2 1 1 4104 4096 3954
9168 2 2 1 1 4104 4104 3954
9169 2 2 1 1 4090 4187 4186
9170 2 2 1 1 4090 4090 4186
9171 2 2 1 1 4106 4115 4098
9172 2 2 1 1 4106 4106 4098
9173 2 2 1 1 4098 4188 4187
9174 2 2 1 1 4098 4098 4187
9175 2 2 1 1 4188 4115 4189
9176 2 2 1 1 4188 4188 4189
9177 2 2 1 1 4188 4098 4115
9178 2 2 1 1 4188 4188 4115
9179 2 2 1 1 4114 4189 4115
9180 2 2 1 1 4114 4114 4115
9181 2 2 1 1 4189 4126 4190
9182 2 2 1 1 4189 4189 4190
9183 2 2 1 1 4126 4189 4114
9184 2 2 1 1 4126 4126 4114
9185 2 2 1 1 4126 4138 4190
9186 2 2 1 1 4126 4126 4190
9187 2 2 1 1 4191 4190 4138
9188 2 2 1 1 4191 4191 4138
9189 2 2 1 1 4140 4192 4191
9190 2 2 1 1 4140 4140 4191
9191 2 2 1 1 4142 4193 4192
9192 2 2 1 1 4142 4142 4192
9193 2 2 1 1 3956 3955 4112
9194 2 2 1 1 3956 3956 4112
9195 2 2 1 1 3955 3958 4122
9196 2 2 1 1 3955 3955 4122
9197 2 2 1 1 4122 3958 4121
9198 2 2 1 1 4122 4122 4121
9199 2 2 1 1 4134 4121 3958
9200 2 2 1 1 4134 4134 3958
9201 2 2 1 1 4133 4134 3960
9202 2 2 1 1 4133 4133 3960
9203 2 2 1 1 3958 3957 4134
9204 2 2 1 1 3958 3958 4134
9205 2 2 1 1 3960 4152 4133
9206 2 2 1 1 3960 3960 4133
9207 2 2 1 1 4152 3960 3959
9208 2 2 1 1 4152 4152 3959
9209 2 2 1 1 4151 3959 3962
9210 2 2 1 1 4151 4151 3962
9211 2 2 1 1 3959 4151 4152
9212 2 2 1 1 3959 3959 4152
9213 2 2 1 1 4151 3962 4163
9214 2 2 1 1 4151 4151 4163
9215 2 2 1 1 4134 3957 3960
9216 2 2 1 1 4134 4134 3960
9217 2 2 1 1 4153 4151 4163
9218 2 2 1 1 4153 4153 4163
9219 2 2 1 1 4140 4191 4138
9220 2 2 1 1 4140 4140 4138
9221 2 2 1 1 4142 4192 4140
9222 2 2 1 1 4142 4142 4140
9223 2 2 1 1 4138 4126 4125
9224 2 2 1 1 4138 4138 4125
9225 2 2 1 1 4163 3964 4162
9226 2 2 1 1 4163 4163 4162
9227 2 2 1 1 3964 4163 3961
9228 2 2 1 1 3964 3964 3961
9229 2 2 1 1 4162 3964 3963
9230 2 2 1 1 4162 4162 3963
9231 2 2 1 1 4165 4164 3965
9232 2 2 1 1 4165 4165 3965
9233 2 2 1 1 3963 3965 4164
9234 2 2 1 1 3963 3963 4164
9235 2 2 1 1 4164 4162 3963
9236 2 2 1 1 4164 4164 3963
9237 2 2 1 1 4165 3965 3870
9238 2 2 1 1 4165 4165 3870
9239 2 2 1 1 3961 4163 3962
9240 2 2 1 1 3961 3961 3962
9241 2 2 1 1 4112 3955 4122
9242 2 2 1 1 4112 4112 4122
9243 2 2 1 1 4193 4142 4194
9244 2 2 1 1 4193 4193 4194
9245 2 2 1 1 4196 4195 4100
9246 2 2 1 1 4196 4196 4100
9247 2 2 1 1 4197 4196 4092
9248 2 2 1 1 4197 4197 4092
9249 2 2 1 1 4092 4084 4197
9250 2 2 1 1 4092 4092 4197
9251 2 2 1 1 4100 4092 4196
9252 2 2 1 1 4100 4100 4196
9253 2 2 1 1 4195 4118 4100
9254 2 2 1 1 4195 4195 4100
9255 2 2 1 1 4129 4198 4146
9256 2 2 1 1 4129 4129 4146
9257 2 2 1 1 4198 4129 4199
9258 2 2 1 1 4198 4198 4199
9259 2 2 1 1 4118 4199 4117
9260 2 2 1 1 4118 4118 4117
9261 2 2 1 1 4199 4118 4195
9262 2 2 1 1 4199 4199 4195
9263 2 2 1 1 4117 4199 4129
9264 2 2 1 1 4117 4117 4129
9265 2 2 1 1 4100 4118 4108
9266 2 2 1 1 4100 4100 4108
9267 2 2 1 1 4184 4197 4084
9268 2 2 1 1 4184 4184 4084
9269 2 2 1 1 4086 4094 3883
9270 2 2 1 1 4086 4086 3883
9271 2 2 1 1 4094 4102 3884
9272 2 2 1 1 4094 4094 3884
9273 2 2 1 1 4086 3883 3885
9274 2 2 1 1 4086 4086 3885
9275 2 2 1 1 3883 4094 3884
9276 2 2 1 1 3883 3883 3884
9277 2 2 1 1 4102 3881 3884
9278 2 2 1 1 4102 4102 3884
9279 2 2 1 1 4086 3885 3886
9280 2 2 1 1 4086 4086 3886
9281 2 2 1 1 4109 4120 4110
9282 2 2 1 1 4109 4109 4110
9283 2 2 1 1 3881 4110 3882
9284 2 2 1 1 3881 3881 3882
9285 2 2 1 1 3881 4102 4110
9286 2 2 1 1 3881 3881 4110
9287 2 2 1 1 3879 3882 4110
9288 2 2 1 1 3879 3879 4110
9289 2 2 1 1 4110 4120 3879
9290 2 2 1 1 4110 4110 3879
9291 2 2 1 1 3879 4120 3880
9292 2 2 1 1 3879 3879 3880
9293 2 2 1 1 4200 4146 4198
9294 2 2 1 1 4200 4200 4198
9295 2 2 1 1 4144 4194 4142
9296 2 2 1 1 4144 4144 4142
9297 2 2 1 1 4144 4146 4200
9298 2 2 1 1 4144 4144 4200
9299 2 2 1 1 4128 4129 4146
9300 2 2 1 1 4128 4128 4146
9301 2 2 1 1 4166 3869 3872
9302 2 2 1 1 4166 4166 3872
9303 2 2 1 1 4166 3872 4167
9304 2 2 1 1 4166 4166 4167
9305 2 2 1 1 4167 3871 4168
9306 2 2 1 1 4167 4167 4168
9307 2 2 1 1 3871 4167 3872
9308 2 2 1 1 3871 3871 3872
9309 2 2 1 1 4168 3871 3874
9310 2 2 1 1 4168 4168 3874
9311 2 2 1 1 4166 4165 3869
9312 2 2 1 1 4166 4166 3869
9313 2 2 1 1 3869 4165 3870
9314 2 2 1 1 3869 3869 3870
9315 2 2 1 1 4159 4168 4160
9316 2 2 1 1 4159 4159 4160
9317 2 2 1 1 4150 4149 3875
9318 2 2 1 1 4150 4150 3875
9319 2 2 1 1 4131 4150 3877
9320 2 2 1 1 4131 4131 3877
9321 2 2 1 1 3880 4132 3877
9322 2 2 1 1 3880 3880 3877
9323 2 2 1 1 3880 4120 4132
9324 2 2 1 1 3880 3880 4132
9325 2 2 1 1 3877 4132 4131
9326 2 2 1 1 3877 3877 4131
9327 2 2 1 1 4150 3878 3877
9328 2 2 1 1 4150 4150 3877
9329 2 2 1 1 4168 3873 4160
9330 2 2 1 1 4168 4168 4160
9331 2 2 1 1 3873 4168 3874
9332 2 2 1 1 3873 3873 3874
9333 2 2 1 1 4160 3873 3876
9334 2 2 1 1 4160 4160 3876
9335 2 2 1 1 3878 4150 3875
9336 2 2 1 1 3878 3878 3875
9337 2 2 1 1 4161 3876 3875
9338 2 2 1 1 4161 4161 3875
9339 2 2 1 1 3876 4161 4160
9340 2 2 1 1 3876 3876 4160
9341 2 2 1 1 4161 3875 4149
9342 2 2 1 1 4161 4161 4149
9343 2 2 1 1 4144 4200 4194
9344 2 2 1 1 4144 4144 4194
9345 2 2 1 1 4080 3952 4088
9346 2 2 1 1 4080 4080 4088
9347 2 2 1 1 4203 4202 4201
9348 2 2 1 1 4203 4203 4201
9349 2 2 1 1 4203 4205 4204
9350 2 2 1 1 4202 4203 4204
9351 2 2 1 1 4205 4207 4206
9352 2 2 1 1 4204 4205 4206
9353 2 2 1 1 4207 4209 4208
9354 2 2 1 1 4206 4207 4208
9355 2 2 1 1 4209 4211 4210
9356 2 2 1 1 4208 4209 4210
9357 2 2 1 1 4211 4213 4212
9358 2 2 1 1 4210 4211 4212
9359 2 2 1 1 4213 4215 4214
9360 2 2 1 1 4212 4213 4214
9361 2 2 1 1 4217 4201 4216
9362 2 2 1 1 4218 4217 4216
9363 2 2 1 1 4201 4202 4219
9364 2 2 1 1 4216 4201 4219
9365 2 2 1 1 4202 4204 4220
9366 2 2 1 1 4219 4202 4220
9367 2 2 1 1 4204 4206 4221
9368 2 2 1 1 4220 4204 4221
9369 2 2 1 1 4206 4208 4222
9370 2 2 1 1 4221 4206 4222
9371 2 2 1 1 4208 4210 4223
9372 2 2 1 1 4222 4208 4223
9373 2 2 1 1 4210 4212 4224
9374 2 2 1 1 4223 4210 4224
9375 2 2 1 1 4212 4214 4225
9376 2 2 1 1 4224 4212 4225
9377 2 2 1 1 4214 4227 4226
9378 2 2 1 1 4225 4214 4226
9379 2 2 1 1 4227 4229 4228
9380 2 2 1 1 4226 4227 4228
9381 2 2 1 1 4231 4218 4230
9382 2 2 1 1 4232 4231 4230
9383 2 2 1 1 4218 4216 4233
9384 2 2 1 1 4230 4218 4233
9385 2 2 1 1 4216 4219 4234
9386 2 2 1 1 4233 4216 4234
9387 2 2 1 1 4219 4220 4235
9388 2 2 1 1 4234 4219 4235
9389 2 2 1 1 4220 4221 4236
9390 2 2 1 1 4235 4220 4236
9391 2 2 1 1 4221 4222 4237
9392 2 2 1 1 4236 4221 4237
9393 2 2 1 1 4222 4223 4238
9394 2 2 1 1 4237 4222 4238
9395 2 2 1 1 4223 4224 4239
9396 2 2 1 1 4238 4223 4239
9397 2 2 1 1 4224 4225 4240
9398 2 2 1 1 4239 4224 4240
9399 2 2 1 1 4225 4226 4241
9400 2 2 1 1 4240 4225 4241
9401 2 2 1 1 4226 4228 4242
9402 2 2 1 1 4241 4226 4242
9403 2 2 1 1 4228 4244 4243
9404 2 2 1 1 4242 4228 4243
9405 2 2 1 1 4246 4232 4245
9406 2 2 1 1 4247 4246 4245
9407 2 2 1 1 4232 4230 4248
9408 2 2 1 1 4245 4232 4248
9409 2 2 1 1 4230 4233 4249
9410 2 2 1 1 4248 4230 4249
9411 2 2 1 1 4233 4234 4250
9412 2 2 1 1 4249 4233 4250
9413 2 2 1 1 4234 4235 4251
9414 2 2 1 1 4250 4234 4251
9415 2 2 1 1 4235 4236 4252
9416 2 2 1 1 4251 4235 4252
9417 2 2 1 1 4236 4237 4253
9418 2 2 1 1 4252 4236 4253
9419 2 2 1 1 4237 4238 4254
9420 2 2 1 1 4253 4237 4254
9421 2 2 1 1 4238 4239 4255
9422 2 2 1 1 4254 4238 4255
9423 2 2 1 1 4239 4240 4256
9424 2 2 1 1 4255 4239 4256
9425 2 2 1 1 4240 4241 4257
9426 2 2 1 1 4256 4240 4257
9427 2 2 1 1 4241 4242 4258
9428 2 2 1 1 4257 4241 4258
9429 2 2 1 1 4242 4243 4259
9430 2 2 1 1 4258 4242 4259
9431 2 2 1 1 4243 4261 4260
9432 2 2 1 1 4259 4243 4260
9433 2 2 1 1 4247 4263 4262
9434 2 2 1 1 4247 4247 4262
9435 2 2 1 1 4247 4245 4264
9436 2 2 1 1 4263 4247 4264
9437 2 2 1 1 4245 4248 4265
9438 2 2 1 1 4264 4245 4265
9439 2 2 1 1 4248 4249 4266
9440 2 2 1 1 4265 4248 4266
9441 2 2 1 1 4249 4250 4267
9442 2 2 1 1 4266 4249 4267
9443 2 2 1 1 4250 4251 4268
9444 2 2 1 1 4267 4250 4268
9445 2 2 1 1 4251 4252 4269
9446 2 2 1 1 4268 4251 4269
9447 2 2 1 1 4252 4253 4270
9448 2 2 1 1 4269 4252 4270
9449 2 2 1 1 4253 4254 4271
9450 2 2 1 1 4270 4253 4271
9451 2 2 1 1 4254 4255 4272
9452 2 2 1 1 4271 4254 4272
9453 2 2 1 1 4255 4256 4273
9454 2 2 1 1 4272 4255 4273
9455 2 2 1 1 4256 4257 4274
9456 2 2 1 1 4273 4256 4274
9457 2 2 1 1 4257 4258 4275
9458 2 2 1 1 4274 4257 4275
9459 2 2 1 1 4258 4259 4276
9460 2 2 1 1 4275 4258 4276
9461 2 2 1 1 4259 4260 4277
9462 2 2 1 1 4276 4259 4277
9463 2 2 1 1 4262 4263 4278
9464 2 2 1 1 4279 4262 4278
9465 2 2 1 1 4263 4264 4280
9466 2 2 1 1 4278 4263 4280
9467 2 2 1 1 4264 4265 4281
9468 2 2 1 1 4280 4264 4281
9469 2 2 1 1 4265 4266 4282
9470 2 2 1 1 4281 4265 4282
9471 2 2 1 1 4266 4267 4283
9472 2 2 1 1 4282 4266 4283
9473 2 2 1 1 4267 4268 4284
9474 2 2 1 1 4283 4267 4284
9475 2 2 1 1 4268 4269 4285
9476 2 2 1 1 4284 4268 4285
9477 2 2 1 1 4269 4270 4286
9478 2 2 1 1 4285 4269 4286
9479 2 2 1 1 4270 4271 4287
9480 2 2 1 1 4286 4270 4287
9481 2 2 1 1 4271 4272 4288
9482 2 2 1 1 4287 4271 4288
9483 2 2 1 1 4272 4273 4289
9484 2 2 1 1 4288 4272 4289
9485 2 2 1 1 4273 4274 4290
9486 2 2 1 1 4289 4273 4290
9487 2 2 1 1 4274 4275 4291
9488 2 2 1 1 4290 4274 4291
9489 2 2 1 1 4275 4276 4292
9490 2 2 1 1 4291 4275 4292
9491 2 2 1 1 4276 4277 4293
9492 2 2 1 1 4292 4276 4293
9493 2 2 1 1 4277 4295 4294
9494 2 2 1 1 4293 4277 4294
9495 2 2 1 1 4279 4278 4296
9496 2 2 1 1 4297 4279 4296
9497 2 2 1 1 4278 4280 4298
9498 2 2 1 1 4296 4278 4298
9499 2 2 1 1 4280 4281 4299
9500 2 2 1 1 4298 4280 4299
9501 2 2 1 1 4281 4282 4300
9502 2 2 1 1 4299 4281 4300
9503 2 2 1 1 4282 4283 4301
9504 2 2 1 1 4300 4282 4301
9505 2 2 1 1 4283 4284 4302
9506 2 2 1 1 4301 4283 4302
9507 2 2 1 1 4284 4285 4303
9508 2 2 1 1 4302 4284 4303
9509 2 2 1 1 4285 4286 4304
9510 2 2 1 1 4303 4285 4304
9511 2 2 1 1 4286 4287 4305
9512 2 2 1 1 4304 4286 4305
9513 2 2 1 1 4287 4288 4306
9514 2 2 1 1 4305 4287 4306
9515 2 2 1 1 4288 4289 4307
9516 2 2 1 1 4306 4288 4307
9517 2 2 1 1 4289 4290 4308
9518 2 2 1 1 4307 4289 4308
9519 2 2 1 1 4290 4291 4309
9520 2 2 1 1 4308 4290 4309
9521 2 2 1 1 4291 4292 4310
9522 2 2 1 1 4309 4291 4310
9523 2 2 1 1 4292 4293 4311
9524 2 2 1 1 4310 4292 4311
9525 2 2 1 1 4293 4294 4312
9526 2 2 1 1 4311 4293 4312
9527 2 2 1 1 4297 4296 4313
9528 2 2 1 1 4314 4297 4313
9529 2 2 1 1 4296 4298 4315
9530 2 2 1 1 4313 4296 4315
9531 2 2 1 1 4298 4299 4316
9532 2 2 1 1 4315 4298 4316
9533 2 2 1 1 4299 4300 4317
9534 2 2 1 1 4316 4299 4317
9535 2 2 1 1 4300 4301 4318
9536 2 2 1 1 4317 4300 4318
9537 2 2 1 1 4301 4302 4319
9538 2 2 1 1 4318 4301 4319
9539 2 2 1 1 4302 4303 4320
9540 2 2 1 1 4319 4302 4320
9541 2 2 1 1 4303 4304 4321
9542 2 2 1 1 4320 4303 4321
9543 2 2 1 1 4304 4305 4322
9544 2 2 1 1 4321 4304 4322
9545 2 2 1 1 4305 4306 4323
9546 2 2 1 1 4322 4305 4323
9547 2 2 1 1 4306 4307 4324
9548 2 2 1 1 4323 4306 4324
9549 2 2 1 1 4307 4308 4325
9550 2 2 1 1 4324 4307 4325
9551 2 2 1 1 4308 4309 4326
9552 2 2 1 1 4325 4308 4326
9553 2 2 1 1 4309 4310 4327
9554 2 2 1 1 4326 4309 4327
9555 2 2 1 1 4310 4311 4328
9556 2 2 1 1 4327 4310 4328
9557 2 2 1 1 4311 4312 4329
9558 2 2 1 1 4328 4311 4329
9559 2 2 1 1 4314 4313 4330
9560 2 2 1 1 4331 4314 4330
9561 2 2 1 1 4313 4315 4332
9562 2 2 1 1 4330 4313 4332
9563 2 2 1 1 4315 4316 4333
9564 2 2 1 1 4332 4315 4333
9565 2 2 1 1 4316 4317 4334
9566 2 2 1 1 4333 4316 4334
9567 2 2 1 1 4317 4318 4335
9568 2 2 1 1 4334 4317 4335
9569 2 2 1 1 4318 4319 4336
9570 2 2 1 1 4335 4318 4336
9571 2 2 1 1 4319 4320 4337
9572 2 2 1 1 4336 4319 4337
9573 2 2 1 1 4320 4321 4338
9574 2 2 1 1 4337 4320 4338
9575 2 2 1 1 4321 4322 4339
9576 2 2 1 1 4338 4321 4339
9577 2 2 1 1 4322 4323 4340
9578 2 2 1 1 4339 4322 4340
9579 2 2 1 1 4323 4324 4341
9580 2 2 1 1 4340 4323 4341
9581 2 2 1 1 4324 4325 4342
9582 2 2 1 1 4341 4324 4342
9583 2 2 1 1 4325 4326 4343
9584 2 2 1 1 4342 4325 4343
9585 2 2 1 1 4326 4327 4344
9586 2 2 1 1 4343 4326 4344
9587 2 2 1 1 4327 4328 4345
9588 2 2 1 1 4344 4327 4345
9589 2 2 1 1 4328 4329 4346
9590 2 2 1 1 4345 4328 4346
9591 2 2 1 1 4331 4330 4347
9592 2 2 1 1 4348 4331 4347
9593 2 2 1 1 4330 4332 4349
9594 2 2 1 1 4347 4330 4349
9595 2 2 1 1 4332 4333 4350
9596 2 2 1 1 4349 4332 4350
9597 2 2 1 1 4333 4334 4351
9598 2 2 1 1 4350 4333 4351
9599 2 2 1 1 4334 4335 4352
9600 2 2 1 1 4351 4334 4352
9601 2 2 1 1 4335 4336 4353
9602 2 2 1 1 4352 4335 4353
9603 2 2 1 1 4336 4337 4354
9604 2 2 1 1 4353 4336 4354
9605 2 2 1 1 4337 4338 4355
9606 2 2 1 1 4354 4337 4355
9607 2 2 1 1 4338 4339 4356
9608 2 2 1 1 4355 4338 4356
9609 2 2 1 1 4339 4340 4357
9610 2 2 1 1 4356 4339 4357
9611 2 2 1 1 4340 4341 4358
9612 2 2 1 1 4357 4340 4358
9613 2 2 1 1 4341 4342 4359
9614 2 2 1 1 4358 4341 4359
9615 2 2 1 1 4342 4343 4360
9616 2 2 1 1 4359 4342 4360
9617 2 2 1 1 4343 4344 4361
9618 2 2 1 1 4360 4343 4361
9619 2 2 1 1 4344 4345 4362
9620 2 2 1 1 4361 4344 4362
9621 2 2 1 1 4345 4346 4363
9622 2 2 1 1 4362 4345 4363
9623 2 2 1 1 4348 4347 4364
9624 2 2 1 1 4365 4348 4364
9625 2 2 1 1 4347 4349 4366
9626 2 2 1 1 4364 4347 4366
9627 2 2 1 1 4349 4350 4367
9628 2 2 1 1 4366 4349 4367
9629 2 2 1 1 4350 4351 4368
9630 2 2 1 1 4367 4350 4368
9631 2 2 1 1 4351 4352 4369
9632 2 2 1 1 4368 4351 4369
9633 2 2 1 1 4352 4353 4370
9634 2 2 1 1 4369 4352 4370
9635 2 2 1 1 4353 4354 4371
9636 2 2 1 1 4370 4353 4371
9637 2 2 1 1 4354 4355 4372
9638 2 2 1 1 4371 4354 4372
9639 2 2 1 1 4355 4356 4373
9640 2 2 1 1 4372 4355 4373
9641 2 2 1 1 4356 4357 4374
9642 2 2 1 1 4373 4356 4374
9643 2 2 1 1 4357 4358 4375
9644 2 2 1 1 4374 4357 4375
9645 2 2 1 1 4358 4359 4376
9646 2 2 1 1 4375 4358 4376
9647 2 2 1 1 4359 4360 4377
9648 2 2 1 1 4376 4359 4377
9649 2 2 1 1 4360 4361 4378
9650 2 2 1 1 4377 4360 4378
9651 2 2 1 1 4361 4362 4379
9652 2 2 1 1 4378 4361 4379
9653 2 2 1 1 4362 4363 4380
9654 2 2 1 1 4379 4362 4380
9655 2 2 1 1 4364 4366 4381
9656 2 2 1 1 4382 4364 4381
9657 2 2 1 1 4366 4367 4383
9658 2 2 1 1 4381 4366 4383
9659 2 2 1 1 4367 4368 4384
9660 2 2 1 1 4383 4367 4384
9661 2 2 1 1 4368 4369 4385
9662 2 2 1 1 4384 4368 4385
9663 2 2 1 1 4369 4370 4386
9664 2 2 1 1 4385 4369 4386
9665 2 2 1 1 4370 4371 4387
9666 2 2 1 1 4386 4370 4387
9667 2 2 1 1 4371 4372 4388
9668 2 2 1 1 4387 4371 4388
9669 2 2 1 1 4372 4373 4389
9670 2 2 1 1 4388 4372 4389
9671 2 2 1 1 4373 4374 4390
9672 2 2 1 1 4389 4373 4390
9673 2 2 1 1 4374 4375 4391
9674 2 2 1 1 4390 4374 4391
9675 2 2 1 1 4375 4376 4392
9676 2 2 1 1 4391 4375 4392
9677 2 2 1 1 4376 4377 4393
9678 2 2 1 1 4392 4376 4393
9679 2 2 1 1 4377 4378 4394
9680 2 2 1 1 4393 4377 4394
9681 2 2 1 1 4378 4379 4395
9682 2 2 1 1 4394 4378 4395
9683 2 2 1 1 4382 4381 4396
9684 2 2 1 1 4397 4382 4396
9685 2 2 1 1 4381 4383 4398
9686 2 2 1 1 4396 4381 4398
9687 2 2 1 1 4383 4384 4399
9688 2 2 1 1 4398 4383 4399
9689 2 2 1 1 4384 4385 4400
9690 2 2 1 1 4399 4384 4400
9691 2 2 1 1 4385 4386 4401
9692 2 2 1 1 4400 4385 4401
9693 2 2 1 1 4386 4387 4402
9694 2 2 1 1 4401 4386 4402
9695 2 2 1 1 4387 4388 4403
9696 2 2 1 1 4402 4387 4403
9697 2 2 1 1 4388 4389 4404
9698 2 2 1 1 4403 4388 4404
9699 2 2 1 1 4389 4390 4405
9700 2 2 1 1 4404 4389 4405
9701 2 2 1 1 4390 4391 4406
9702 2 2 1 1 4405 4390 4406
9703 2 2 1 1 4391 4392 4407
9704 2 2 1 1 4406 4391 4407
9705 2 2 1 1 4392 4393 4408
9706 2 2 1 1 4407 4392 4408
9707 2 2 1 1 4393 4394 4409
9708 2 2 1 1 4408 4393 4409
9709 2 2 1 1 4394 4395 4410
9710 2 2 1 1 4409 4394 4410
9711 2 2 1 1 4396 4398 4411
9712 2 2 1 1 4412 4396 4411
9713 2 2 1 1 4398 4399 4413
9714 2 2 1 1 4411 4398 4413
9715 2 2 1 1 4399 4400 4414
9716 2 2 1 1 4413 4399 4414
9717 2 2 1 1 4400 4401 4415
9718 2 2 1 1 4414 4400 4415
9719 2 2 1 1 4401 4402 4416
9720 2 2 1 1 4415 4401 4416
9721 2 2 1 1 4402 4403 4417
9722 2 2 1 1 4416 4402 4417
9723 2 2 1 1 4403 4404 4418
9724 2 2 1 1 4417 4403 4418
9725 2 2 1 1 4404 4405 4419
9726 2 2 1 1 4418 4404 4419
9727 2 2 1 1 4405 4406 4420
9728 2 2 1 1 4419 4405 4420
9729 2 2 1 1 4406 4407 4421
9730 2 2 1 1 4420 4406 4421
9731 2 2 1 1 4407 4408 4422
9732 2 2 1 1 4421 4407 4422
9733 2 2 1 1 4408 4409 4423
9734 2 2 1 1 4422 4408 4423
9735 2 2 1 1 4411 4413 4424
9736 2 2 1 1 4425 4411 4424
9737 2 2 1 1 4413 4414 4426
9738 2 2 1 1 4424 4413 4426
9739 2 2 1 1 4414 4415 4427
9740 2 2 1 1 4426 4414 4427
9741 2 2 1 1 4415 4416 4428
9742 2 2 1 1 4427 4415 4428
9743 2 2 1 1 4416 4417 4429
9744 2 2 1 1 4428 4416 4429
9745 2 2 1 1 4417 4418 4430
9746 2 2 1 1 4429 4417 4430
9747 2 2 1 1 4418 4419 4431
9748 2 2 1 1 4430 4418 4431
9749 2 2 1 1 4419 4420 4432
9750 2 2 1 1 4431 4419 4432
9751 2 2 1 1 4420 4421 4433
9752 2 2 1 1 4432 4420 4433
9753 2 2 1 1 4421 4422 4434
9754 2 2 1 1 4433 4421 4434
9755 2 2 1 1 4426 4427 4435
9756 2 2 1 1 4436 4426 4435
9757 2 2 1 1 4427 4428 4437
9758 2 2 1 1 4435 4427 4437
9759 2 2 1 1 4428 4429 4438
9760 2 2 1 1 4437 4428 4438
9761 2 2 1 1 4429 4430 4439
9762 2 2 1 1 4438 4429 4439
9763 2 2 1 1 4430 4431 4440
9764 2 2 1 1 4439 4430 4440
9765 2 2 1 1 4431 4432 4441
9766 2 2 1 1 4440 4431 4441
9767 2 2 1 1 3971 4201 3970
9768 2 2 1 1 3971 3971 3970
9769 2 2 1 1 3970 4217 3973
9770 2 2 1 1 3970 3970 3973
9771 2 2 1 1 3970 4201 4217
9772 2 2 1 1 3970 3970 4217
9773 2 2 1 1 4231 3972 3973
9774 2 2 1 1 4231 4231 3973
9775 2 2 1 1 3972 4231 3975
9776 2 2 1 1 3972 3972 3975
9777 2 2 1 1 4218 3973 4217
9778 2 2 1 1 4218 4218 4217
9779 2 2 1 1 4201 3971 4203
9780 2 2 1 1 4201 4201 4203
9781 2 2 1 1 3966 3967 4207
9782 2 2 1 1 3966 3966 4207
9783 2 2 1 1 4209 3967 3934
9784 2 2 1 1 4209 4209 3934
9785 2 2 1 1 3966 4205 3969
9786 2 2 1 1 3966 3966 3969
9787 2 2 1 1 4205 4203 3969
9788 2 2 1 1 4205 4205 3969
9789 2 2 1 1 3968 4203 3971
9790 2 2 1 1 3968 3968 3971
9791 2 2 1 1 3966 4207 4205
9792 2 2 1 1 3966 3966 4205
9793 2 2 1 1 3968 3969 4203
9794 2 2 1 1 3968 3968 4203
9795 2 2 1 1 4209 4207 3967
9796 2 2 1 1 4209 4209 3967
9797 2 2 1 1 4218 4231 3973
9798 2 2 1 1 4218 4218 3973
9799 2 2 1 1 3979 3976 4262
9800 2 2 1 1 3979 3979 4262
9801 2 2 1 1 4262 4279 3979
9802 2 2 1 1 4262 4262 3979
9803 2 2 1 1 3978 3979 4279
9804 2 2 1 1 3978 3978 4279
9805 2 2 1 1 4262 3976 3977
9806 2 2 1 1 4262 4262 3977
9807 2 2 1 1 3980 4297 4314
9808 2 2 1 1 3980 3980 4314
9809 2 2 1 1 4297 3978 4279
9810 2 2 1 1 4297 4297 4279
9811 2 2 1 1 3978 4297 3980
9812 2 2 1 1 3978 3978 3980
9813 2 2 1 1 3981 3980 4314
9814 2 2 1 1 3981 3981 4314
9815 2 2 1 1 4246 3975 4232
9816 2 2 1 1 4246 4246 4232
9817 2 2 1 1 3975 4246 3974
9818 2 2 1 1 3975 3975 3974
9819 2 2 1 1 4231 4232 3975
9820 2 2 1 1 4231 4231 3975
9821 2 2 1 1 4247 4262 3977
9822 2 2 1 1 4247 4247 3977
9823 2 2 1 1 4247 3974 4246
9824 2 2 1 1 4247 4247 4246
9825 2 2 1 1 3974 4247 3977
9826 2 2 1 1 3974 3974 3977
9827 2 2 1 1 3983 3981 4314
9828 2 2 1 1 3983 3983 4314
9829 2 2 1 1 3933 3931 4211
9830 2 2 1 1 3933 3933 4211
9831 2 2 1 1 3933 4209 3934
9832 2 2 1 1 3933 3933 3934
9833 2 2 1 1 3932 4213 3931
9834 2 2 1 1 3932 3932 3931
9835 2 2 1 1 3933 4211 4209
9836 2 2 1 1 3933 3933 4209
9837 2 2 1 1 4213 4211 3931
9838 2 2 1 1 4213 4213 3931
9839 2 2 1 1 4214 4215 4227
9840 2 2 1 1 4214 4214 4227
9841 2 2 1 1 4215 4213 3932
9842 2 2 1 1 4215 4215 3932
9843 2 2 1 1 4215 3932 3929
9844 2 2 1 1 4215 4215 3929
9845 2 2 1 1 3930 4215 3929
9846 2 2 1 1 3930 3930 3929
9847 2 2 1 1 4215 3930 4227
9848 2 2 1 1 4215 4215 4227
9849 2 2 1 1 3930 3928 4227
9850 2 2 1 1 3930 3930 4227
9851 2 2 1 1 4229 4227 3928
9852 2 2 1 1 4229 4229 3928
9853 2 2 1 1 4228 4229 3926
9854 2 2 1 1 4228 4228 3926
9855 2 2 1 1 3927 4244 3926
9856 2 2 1 1 3927 3927 3926
9857 2 2 1 1 4228 3926 4244
9858 2 2 1 1 4228 4228 4244
9859 2 2 1 1 3926 4229 3928
9860 2 2 1 1 3926 3926 3928
9861 2 2 1 1 4243 4244 3924
9862 2 2 1 1 4243 4243 3924
9863 2 2 1 1 4261 3924 3925
9864 2 2 1 1 4261 4261 3925
9865 2 2 1 1 3924 4261 4243
9866 2 2 1 1 3924 3924 4243
9867 2 2 1 1 3924 4244 3927
9868 2 2 1 1 3924 3924 3927
9869 2 2 1 1 4260 3922 4295
9870 2 2 1 1 4260 4260 4295
9871 2 2 1 1 3925 3922 4260
9872 2 2 1 1 3925 3925 4260
9873 2 2 1 1 4277 4260 4295
9874 2 2 1 1 4277 4277 4295
9875 2 2 1 1 3925 4260 4261
9876 2 2 1 1 3925 3925 4261
9877 2 2 1 1 4294 4295 3920
9878 2 2 1 1 4294 4294 3920
9879 2 2 1 1 3923 3920 4295
9880 2 2 1 1 3923 3923 4295
9881 2 2 1 1 3921 4294 3920
9882 2 2 1 1 3921 3921 3920
9883 2 2 1 1 3923 4295 3922
9884 2 2 1 1 3923 3923 3922
9885 2 2 1 1 4329 4312 3919
9886 2 2 1 1 4329 4329 3919
9887 2 2 1 1 3921 3919 4312
9888 2 2 1 1 3921 3921 4312
9889 2 2 1 1 3918 4329 3919
9890 2 2 1 1 3918 3918 3919
9891 2 2 1 1 3921 4312 4294
9892 2 2 1 1 3921 3921 4294
9893 2 2 1 1 3982 3983 4331
9894 2 2 1 1 3982 3982 4331
9895 2 2 1 1 3982 4331 4348
9896 2 2 1 1 3982 3982 4348
9897 2 2 1 1 3984 3985 4365
9898 2 2 1 1 3984 3984 4365
9899 2 2 1 1 4348 4365 3985
9900 2 2 1 1 4348 4348 3985
9901 2 2 1 1 3987 3984 4365
9902 2 2 1 1 3987 3987 4365
9903 2 2 1 1 4348 3985 3982
9904 2 2 1 1 4348 4348 3982
9905 2 2 1 1 3986 3987 4382
9906 2 2 1 1 3986 3986 4382
9907 2 2 1 1 4365 4364 4382
9908 2 2 1 1 4365 4365 4382
9909 2 2 1 1 4397 3986 4382
9910 2 2 1 1 4397 4397 4382
9911 2 2 1 1 4365 4382 3987
9912 2 2 1 1 4365 4365 3987
9913 2 2 1 1 3989 4397 4396
9914 2 2 1 1 3989 3989 4396
9915 2 2 1 1 4397 3989 3986
9916 2 2 1 1 4397 4397 3986
9917 2 2 1 1 4396 4412 3989
9918 2 2 1 1 4396 4396 3989
9919 2 2 1 1 3988 3989 4412
9920 2 2 1 1 3988 3988 4412
9921 2 2 1 1 4411 3991 4412
9922 2 2 1 1 4411 4411 4412
9923 2 2 1 1 4411 4425 3991
9924 2 2 1 1 4411 4411 3991
9925 2 2 1 1 3990 3991 4425
9926 2 2 1 1 3990 3990 4425
9927 2 2 1 1 4412 3991 3988
9928 2 2 1 1 4412 4412 3988
9929 2 2 1 1 3993 3990 4424
9930 2 2 1 1 3993 3993 4424
9931 2 2 1 1 3993 4436 3992
9932 2 2 1 1 3993 3993 3992
9933 2 2 1 1 4436 3993 4424
9934 2 2 1 1 4436 4436 4424
9935 2 2 1 1 4424 3990 4425
9936 2 2 1 1 4424 4424 4425
9937 2 2 1 1 4426 4436 4424
9938 2 2 1 1 4426 4426 4424
9939 2 2 1 1 4435 4437 3994
9940 2 2 1 1 4435 4435 3994
9941 2 2 1 1 3995 4436 4435
9942 2 2 1 1 3995 3995 4435
9943 2 2 1 1 4437 3996 3994
9944 2 2 1 1 4437 4437 3994
9945 2 2 1 1 3996 4438 3903
9946 2 2 1 1 3996 3996 3903
9947 2 2 1 1 4437 4438 3996
9948 2 2 1 1 4437 4437 3996
9949 2 2 1 1 4435 3994 3995
9950 2 2 1 1 4435 4435 3995
9951 2 2 1 1 3992 4436 3995
9952 2 2 1 1 3992 3992 3995
9953 2 2 1 1 4379 4380 4395
9954 2 2 1 1 4379 4379 4395
9955 2 2 1 1 3912 3913 4395
9956 2 2 1 1 3912 3912 4395
9957 2 2 1 1 4410 4395 3913
9958 2 2 1 1 4410 4410 3913
9959 2 2 1 1 4395 4380 3912
9960 2 2 1 1 4395 4395 3912
9961 2 2 1 1 4409 3910 4423
9962 2 2 1 1 4409 4409 4423
9963 2 2 1 1 3910 4410 3913
9964 2 2 1 1 3910 3910 3913
9965 2 2 1 1 4410 3910 4409
9966 2 2 1 1 4410 4410 4409
9967 2 2 1 1 3917 4346 3916
9968 2 2 1 1 3917 3917 3916
9969 2 2 1 1 4346 3917 4363
9970 2 2 1 1 4346 4346 4363
9971 2 2 1 1 4329 3918 3916
9972 2 2 1 1 4329 4329 3916
9973 2 2 1 1 4346 4329 3916
9974 2 2 1 1 4346 4346 3916
9975 2 2 1 1 4380 4363 3914
9976 2 2 1 1 4380 4380 3914
9977 2 2 1 1 3914 3915 4380
9978 2 2 1 1 3914 3914 4380
9979 2 2 1 1 3912 4380 3915
9980 2 2 1 1 3912 3912 3915
9981 2 2 1 1 3914 4363 3917
9982 2 2 1 1 3914 3914 3917
9983 2 2 1 1 4439 4440 3905
9984 2 2 1 1 4439 4439 3905
9985 2 2 1 1 4441 4432 4433
9986 2 2 1 1 4441 4441 4433
9987 2 2 1 1 3904 4440 4441
9988 2 2 1 1 3904 3904 4441
9989 2 2 1 1 3905 3902 4439
9990 2 2 1 1 3905 3905 4439
9991 2 2 1 1 4440 3904 3905
9992 2 2 1 1 4440 4440 3905
9993 2 2 1 1 3902 4438 4439
9994 2 2 1 1 3902 3902 4439
9995 2 2 1 1 3903 4438 3902
9996 2 2 1 1 3903 3903 3902
9997 2 2 1 1 3904 4441 3907
9998 2 2 1 1 3904 3904 3907
9999 2 2 1 1 4434 4422 3908
10000 2 2 1 1 4434 4434 3908
10001 2 2 1 1 3908 4422 4423
10002 2 2 1 1 3908 3908 4423
10003 2 2 1 1 3911 4423 3910
10004 2 2 1 1 3911 3911 3910
10005 2 2 1 1 4423 3911 3908
10006 2 2 1 1 4423 4423 3908
10007 2 2 1 1 4433 3909 3906
10008 2 2 1 1 4433 4433 3906
10009 2 2 1 1 3909 4434 3908
10010 2 2 1 1 3909 3909 3908
10011 2 2 1 1 4433 4434 3909
10012 2 2 1 1 4433 4433 3909
10013 2 2 1 1 4441 4433 3906
10014 2 2 1 1 4441 4441 3906
10015 2 2 1 1 3907 4441 3906
10016 2 2 1 1 3907 3907 3906
10017 2 2 1 1 4314 4331 3983
10018 2 2 1 1 4314 4314 3983
10019 2 2 1 1 4444 4443 4442
10020 2 2 1 1 4445 4444 4442
10021 2 2 1 1 4443 4447 4446
10022 2 2 1 1 4442 4443 4446
10023 2 2 1 1 4447 4449 4448
10024 2 2 1 1 4446 4447 4448
10025 2 2 1 1 4449 4451 4450
10026 2 2 1 1 4448 4449 4450
10027 2 2 1 1 4451 4453 4452
10028 2 2 1 1 4450 4451 4452
10029 2 2 1 1 4453 4455 4454
10030 2 2 1 1 4452 4453 4454
10031 2 2 1 1 4455 4457 4456
10032 2 2 1 1 4454 4455 4456
10033 2 2 1 1 4457 4459 4458
10034 2 2 1 1 4456 4457 4458
10035 2 2 1 1 4459 4461 4460
10036 2 2 1 1 4458 4459 4460
10037 2 2 1 1 4461 4463 4462
10038 2 2 1 1 4460 4461 4462
10039 2 2 1 1 4463 4465 4464
10040 2 2 1 1 4462 4463 4464
10041 2 2 1 1 4465 4467 4466
10042 2 2 1 1 4464 4465 4466
10043 2 2 1 1 4467 4469 4468
10044 2 2 1 1 4466 4467 4468
10045 2 2 1 1 4469 4471 4470
10046 2 2 1 1 4468 4469 4470
10047 2 2 1 1 4471 4473 4472
10048 2 2 1 1 4470 4471 4472
10049 2 2 1 1 4473 4475 4474
10050 2 2 1 1 4472 4473 4474
10051 2 2 1 1 4475 4477 4476
10052 2 2 1 1 4474 4475 4476
10053 2 2 1 1 4445 4442 4478
10054 2 2 1 1 4479 4445 4478
10055 2 2 1 1 4442 4446 4480
10056 2 2 1 1 4478 4442 4480
10057 2 2 1 1 4446 4448 4481
10058 2 2 1 1 4480 4446 4481
10059 2 2 1 1 4448 4450 4482
10060 2 2 1 1 4481 4448 4482
10061 2 2 1 1 4450 4452 4483
10062 2 2 1 1 4482 4450 4483
10063 2 2 1 1 4452 4454 4484
10064 2 2 1 1 4483 4452 4484
10065 2 2 1 1 4454 4456 4485
10066 2 2 1 1 4484 4454 4485
10067 2 2 1 1 4456 4458 4486
10068 2 2 1 1 4485 4456 4486
10069 2 2 1 1 4458 4460 4487
10070 2 2 1 1 4486 4458 4487
10071 2 2 1 1 4460 4462 4488
10072 2 2 1 1 4487 4460 4488
10073 2 2 1 1 4462 4464 4489
10074 2 2 1 1 4488 4462 4489
10075 2 2 1 1 4464 4466 4490
10076 2 2 1 1 4489 4464 4490
10077 2 2 1 1 4466 4468 4491
10078 2 2 1 1 4490 4466 4491
10079 2 2 1 1 4468 4470 4492
10080 2 2 1 1 4491 4468 4492
10081 2 2 1 1 4470 4472 4493
10082 2 2 1 1 4492 4470 4493
10083 2 2 1 1 4472 4474 4494
10084 2 2 1 1 4493 4472 4494
10085 2 2 1 1 4474 4476 4495
10086 2 2 1 1 4494 4474 4495
10087 2 2 1 1 4479 4478 4496
10088 2 2 1 1 4497 4479 4496
10089 2 2 1 1 4478 4480 4498
10090 2 2 1 1 4496 4478 4498
10091 2 2 1 1 4480 4481 4499
10092 2 2 1 1 4498 4480 4499
10093 2 2 1 1 4481 4482 4500
10094 2 2 1 1 4499 4481 4500
10095 2 2 1 1 4482 4483 4501
10096 2 2 1 1 4500 4482 4501
10097 2 2 1 1 4483 4484 4502
10098 2 2 1 1 4501 4483 4502
10099 2 2 1 1 4484 4485 4503
10100 2 2 1 1 4502 4484 4503
10101 2 2 1 1 4485 4486 4504
10102 2 2 1 1 4503 4485 4504
10103 2 2 1 1 4486 4487 4505
10104 2 2 1 1 4504 4486 4505
10105 2 2 1 1 4487 4488 4506
10106 2 2 1 1 4505 4487 4506
10107 2 2 1 1 4488 4489 4507
10108 2 2 1 1 4506 4488 4507
10109 2 2 1 1 4489 4490 4508
10110 2 2 1 1 4507 4489 4508
10111 2 2 1 1 4490 4491 4509
10112 2 2 1 1 4508 4490 4509
10113 2 2 1 1 4491 4492 4510
10114 2 2 1 1 4509 4491 4510
10115 2 2 1 1 4492 4493 4511
10116 2 2 1 1 4510 4492 4511
10117 2 2 1 1 4493 4494 4512
10118 2 2 1 1 4511 4493 4512
10119 2 2 1 1 4494 4495 4513
10120 2 2 1 1 4512 4494 4513
10121 2 2 1 1 4497 4496 4514
10122 2 2 1 1 4515 4497 4514
10123 2 2 1 1 4496 4498 4516
10124 2 2 1 1 4514 4496 4516
10125 2 2 1 1 4498 4499 4517
10126 2 2 1 1 4516 4498 4517
10127 2 2 1 1 4499 4500 4518
10128 2 2 1 1 4517 4499 4518
10129 2 2 1 1 4500 4501 4519
10130 2 2 1 1 4518 4500 4519
10131 2 2 1 1 4501 4502 4520
10132 2 2 1 1 4519 4501 4520
10133 2 2 1 1 4502 4503 4521
10134 2 2 1 1 4520 4502 4521
10135 2 2 1 1 4503 4504 4522
10136 2 2 1 1 4521 4503 4522
10137 2 2 1 1 4504 4505 4523
10138 2 2 1 1 4522 4504 4523
10139 2 2 1 1 4505 4506 4524
10140 2 2 1 1 4523 4505 4524
10141 2 2 1 1 4506 4507 4525
10142 2 2 1 1 4524 4506 4525
10143 2 2 1 1 4507 4508 4526
10144 2 2 1 1 4525 4507 4526
10145 2 2 1 1 4508 4509 4527
10146 2 2 1 1 4526 4508 4527
10147 2 2 1 1 4509 4510 4528
10148 2 2 1 1 4527 4509 4528
10149 2 2 1 1 4510 4511 4529
10150 2 2 1 1 4528 4510 4529
10151 2 2 1 1 4511 4512 4530
10152 2 2 1 1 4529 4511 4530
10153 2 2 1 1 4512 4513 4531
10154 2 2 1 1 4530 4512 4531
10155 2 2 1 1 4515 4514 4532
10156 2 2 1 1 4533 4515 4532
10157 2 2 1 1 4514 4516 4534
10158 2 2 1 1 4532 4514 4534
10159 2 2 1 1 4516 4517 4535
10160 2 2 1 1 4534 4516 4535
10161 2 2 1 1 4517 4518 4536
10162 2 2 1 1 4535 4517 4536
10163 2 2 1 1 4518 4519 4537
10164 2 2 1 1 4536 4518 4537
10165 2 2 1 1 4519 4520 4538
10166 2 2 1 1 4537 4519 4538
10167 2 2 1 1 4520 4521 4539
10168 2 2 1 1 4538 4520 4539
10169 2 2 1 1 4521 4522 4540
10170 2 2 1 1 4539 4521 4540
10171 2 2 1 1 4522 4523 4541
10172 2 2 1 1 4540 4522 4541
10173 2 2 1 1 4523 4524 4542
10174 2 2 1 1 4541 4523 4542
10175 2 2 1 1 4524 4525 4543
10176 2 2 1 1 4542 4524 4543
10177 2 2 1 1 4525 4526 4544
10178 2 2 1 1 4543 4525 4544
10179 2 2 1 1 4526 4527 4545
10180 2 2 1 1 4544 4526 4545
10181 2 2 1 1 4527 4528 4546
10182 2 2 1 1 4545 4527 4546
10183 2 2 1 1 4528 4529 4547
10184 2 2 1 1 4546 4528 4547
10185 2 2 1 1 4529 4530 4548
10186 2 2 1 1 4547 4529 4548
10187 2 2 1 1 4530 4531 4549
10188 2 2 1 1 4548 4530 4549
10189 2 2 1 1 4533 4532 4550
10190 2 2 1 1 4551 4533 4550
10191 2 2 1 1 4532 4534 4552
10192 2 2 1 1 4550 4532 4552
10193 2 2 1 1 4534 4535 4553
10194 2 2 1 1 4552 4534 4553
10195 2 2 1 1 4535 4536 4554
10196 2 2 1 1 4553 4535 4554
10197 2 2 1 1 4536 4537 4555
10198 2 2 1 1 4554 4536 4555
10199 2 2 1 1 4537 4538 4556
10200 2 2 1 1 4555 4537 4556
10201 2 2 1 1 4538 4539 4557
10202 2 2 1 1 4556 4538 4557
10203 2 2 1 1 4539 4540 4558
10204 2 2 1 1 4557 4539 4558
10205 2 2 1 1 4540 4541 4559
10206 2 2 1 1 4558 4540 4559
10207 2 2 1 1 4541 4542 4560
10208 2 2 1 1 4559 4541 4560
10209 2 2 1 1 4542 4543 4561
10210 2 2 1 1 4560 4542 4561
10211 2 2 1 1 4543 4544 4562
10212 2 2 1 1 4561 4543 4562
10213 2 2 1 1 4544 4545 4563
10214 2 2 1 1 4562 4544 4563
10215 2 2 1 1 4545 4546 4564
10216 2 2 1 1 4563 4545 4564
10217 2 2 1 1 4546 4547 4565
10218 2 2 1 1 4564 4546 4565
10219 2 2 1 1 4547 4548 4566
10220 2 2 1 1 4565 4547 4566
10221 2 2 1 1 4548 4549 4567
10222 2 2 1 1 4566 4548 4567
10223 2 2 1 1 4551 4550 4568
10224 2 2 1 1 4569 4551 4568
10225 2 2 1 1 4550 4552 4570
10226 2 2 1 1 4568 4550 4570
10227 2 2 1 1 4552 4553 4571
10228 2 2 1 1 4570 4552 4571
10229 2 2 1 1 4553 4554 4572
10230 2 2 1 1 4571 4553 4572
10231 2 2 1 1 4554 4555 4573
10232 2 2 1 1 4572 4554 4573
10233 2 2 1 1 4555 4556 4574
10234 2 2 1 1 4573 4555 4574
10235 2 2 1 1 4556 4557 4575
10236 2 2 1 1 4574 4556 4575
10237 2 2 1 1 4557 4558 4576
10238 2 2 1 1 4575 4557 4576
10239 2 2 1 1 4558 4559 4577
10240 2 2 1 1 4576 4558 4577
10241 2 2 1 1 4559 4560 4578
10242 2 2 1 1 4577 4559 4578
10243 2 2 1 1 4560 4561 4579
10244 2 2 1 1 4578 4560 4579
10245 2 2 1 1 4561 4562 4580
10246 2 2 1 1 4579 4561 4580
10247 2 2 1 1 4562 4563 4581
10248 2 2 1 1 4580 4562 4581
10249 2 2 1 1 4563 4564 4582
10250 2 2 1 1 4581 4563 4582
10251 2 2 1 1 4564 4565 4583
10252 2 2 1 1 4582 4564 4583
10253 2 2 1 1 4565 4566 4584
10254 2 2 1 1 4583 4565 4584
10255 2 2 1 1 4566 4567 4585
10256 2 2 1 1 4584 4566 4585
10257 2 2 1 1 4569 4568 4586
10258 2 2 1 1 4587 4569 4586
10259 2 2 1 1 4568 4570 4588
10260 2 2 1 1 4586 4568 4588
10261 2 2 1 1 4570 4571 4589
10262 2 2 1 1 4588 4570 4589
10263 2 2 1 1 4571 4572 4590
10264 2 2 1 1 4589 4571 4590
10265 2 2 1 1 4572 4573 4591
10266 2 2 1 1 4590 4572 4591
10267 2 2 1 1 4573 4574 4592
10268 2 2 1 1 4591 4573 4592
10269 2 2 1 1 4574 4575 4593
10270 2 2 1 1 4592 4574 4593
10271 2 2 1 1 4575 4576 4594
10272 2 2 1 1 4593 4575 4594
10273 2 2 1 1 4576 4577 4595
10274 2 2 1 1 4594 4576 4595
10275 2 2 1 1 4577 4578 4596
10276 2 2 1 1 4595 4577 4596
10277 2 2 1 1 4578 4579 4597
10278 2 2 1 1 4596 4578 4597
10279 2 2 1 1 4579 4580 4598
10280 2 2 1 1 4597 4579 4598
10281 2 2 1 1 4580 4581 4599
10282 2 2 1 1 4598 4580 4599
10283 2 2 1 1 4581 4582 4600
10284 2 2 1 1 4599 4581 4600
10285 2 2 1 1 4582 4583 4601
10286 2 2 1 1 4600 4582 4601
10287 2 2 1 1 4583 4584 4602
10288 2 2 1 1 4601 4583 4602
10289 2 2 1 1 4584 4585 4603
10290 2 2 1 1 4602 4584 4603
10291 2 2 1 1 4587 4586 4604
10292 2 2 1 1 4605 4587 4604
10293 2 2 1 1 4586 4588 4606
10294 2 2 1 1 4604 4586 4606
10295 2 2 1 1 4588 4589 4607
10296 2 2 1 1 4606 4588 4607
10297 2 2 1 1 4589 4590 4608
10298 2 2 1 1 4607 4589 4608
10299 2 2 1 1 4590 4591 4609
10300 2 2 1 1 4608 4590 4609
10301 2 2 1 1 4591 4592 4610
10302 2 2 1 1 4609 4591 4610
10303 2 2 1 1 4592 4593 4611
10304 2 2 1 1 4610 4592 4611
10305 2 2 1 1 4593 4594 4612
10306 2 2 1 1 4611 4593 4612
10307 2 2 1 1 4594 4595 4613
10308 2 2 1 1 4612 4594 4613
10309 2 2 1 1 4595 4596 4614
10310 2 2 1 1 4613 4595 4614
10311 2 2 1 1 4596 4597 4615
10312 2 2 1 1 4614 4596 4615
10313 2 2 1 1 4597 4598 4616
10314 2 2 1 1 4615 4597 4616
10315 2 2 1 1 4598 4599 4617
10316 2 2 1 1 4616 4598 4617
10317 2 2 1 1 4599 4600 4618
10318 2 2 1 1 4617 4599 4618
10319 2 2 1 1 4600 4601 4619
10320 2 2 1 1 4618 4600 4619
10321 2 2 1 1 4601 4602 4620
10322 2 2 1 1 4619 4601 4620
10323 2 2 1 1 4602 4603 4621
10324 2 2 1 1 4620 4602 4621
10325 2 2 1 1 4605 4604 4622
10326 2 2 1 1 4623 4605 4622
10327 2 2 1 1 4604 4606 4624
10328 2 2 1 1 4622 4604 4624
10329 2 2 1 1 4606 4607 4625
10330 2 2 1 1 4624 4606 4625
10331 2 2 1 1 4607 4608 4626
10332 2 2 1 1 4625 4607 4626
10333 2 2 1 1 4608 4609 4627
10334 2 2 1 1 4626 4608 4627
10335 2 2 1 1 4609 4610 4628
10336 2 2 1 1 4627 4609 4628
10337 2 2 1 1 4610 4611 4629
10338 2 2 1 1 4628 4610 4629
10339 2 2 1 1 4611 4612 4630
10340 2 2 1 1 4629 4611 4630
10341 2 2 1 1 4612 4613 4631
10342 2 2 1 1 4630 4612 4631
10343 2 2 1 1 4613 4614 4632
10344 2 2 1 1 4631 4613 4632
10345 2 2 1 1 4614 4615 4633
10346 2 2 1 1 4632 4614 4633
10347 2 2 1 1 4615 4616 4634
10348 2 2 1 1 4633 4615 4634
10349 2 2 1 1 4616 4617 4635
10350 2 2 1 1 4634 4616 4635
10351 2 2 1 1 4617 4618 4636
10352 2 2 1 1 4635 4617 4636
10353 2 2 1 1 4618 4619 4637
10354 2 2 1 1 4636 4618 4637
10355 2 2 1 1 4619 4620 4638
10356 2 2 1 1 4637 4619 4638
10357 2 2 1 1 4620 4621 4639
10358 2 2 1 1 4638 4620 4639
10359 2 2 1 1 4623 4622 4640
10360 2 2 1 1 4641 4623 4640
10361 2 2 1 1 4622 4624 4642
10362 2 2 1 1 4640 4622 4642
10363 2 2 1 1 4624 4625 4643
10364 2 2 1 1 4642 4624 4643
10365 2 2 1 1 4625 4626 4644
10366 2 2 1 1 4643 4625 4644
10367 2 2 1 1 4626 4627 4645
10368 2 2 1 1 4644 4626 4645
10369 2 2 1 1 4627 4628 4646
10370 2 2 1 1 4645 4627 4646
10371 2 2 1 1 4628 4629 4647
10372 2 2 1 1 4646 4628 4647
10373 2 2 1 1 4629 4630 4648
10374 2 2 1 1 4647 4629 4648
10375 2 2 1 1 4630 4631 4649
10376 2 2 1 1 4648 4630 4649
10377 2 2 1 1 4631 4632 4650
10378 2 2 1 1 4649 4631 4650
10379 2 2 1 1 4632 4633 4651
10380 2 2 1 1 4650 4632 4651
10381 2 2 1 1 4633 4634 4652
10382 2 2 1 1 4651 4633 4652
10383 2 2 1 1 4634 4635 4653
10384 2 2 1 1 4652 4634 4653
10385 2 2 1 1 4635 4636 4654
10386 2 2 1 1 4653 4635 4654
10387 2 2 1 1 4636 4637 4655
10388 2 2 1 1 4654 4636 4655
10389 2 2 1 1 4637 4638 4656
10390 2 2 1 1 4655 4637 4656
10391 2 2 1 1 4638 4639 4657
10392 2 2 1 1 4656 4638 4657
10393 2 2 1 1 4641 4640 4658
10394 2 2 1 1 4659 4641 4658
10395 2 2 1 1 4640 4642 4660
10396 2 2 1 1 4658 4640 4660
10397 2 2 1 1 4642 4643 4661
10398 2 2 1 1 4660 4642 4661
10399 2 2 1 1 4643 4644 4662
10400 2 2 1 1 4661 4643 4662
10401 2 2 1 1 4644 4645 4663
10402 2 2 1 1 4662 4644 4663
10403 2 2 1 1 4645 4646 4664
10404 2 2 1 1 4663 4645 4664
10405 2 2 1 1 4646 4647 4665
10406 2 2 1 1 4664 4646 4665
10407 2 2 1 1 4647 4648 4666
10408 2 2 1 1 4665 4647 4666
10409 2 2 1 1 4648 4649 4667
10410 2 2 1 1 4666 4648 4667
10411 2 2 1 1 4649 4650 4668
10412 2 2 1 1 4667 4649 4668
10413 2 2 1 1 4650 4651 4669
10414 2 2 1 1 4668 4650 4669
10415 2 2 1 1 4651 4652 4670
10416 2 2 1 1 4669 4651 4670
10417 2 2 1 1 4652 4653 4671
10418 2 2 1 1 4670 4652 4671
10419 2 2 1 1 4653 4654 4672
10420 2 2 1 1 4671 4653 4672
10421 2 2 1 1 4654 4655 4673
10422 2 2 1 1 4672 4654 4673
10423 2 2 1 1 4655 4656 4674
10424 2 2 1 1 4673 4655 4674
10425 2 2 1 1 4656 4657 4675
10426 2 2 1 1 4674 4656 4675
10427 2 2 1 1 4659 4658 4676
10428 2 2 1 1 4677 4659 4676
10429 2 2 1 1 4658 4660 4678
10430 2 2 1 1 4676 4658 4678
10431 2 2 1 1 4660 4661 4679
10432 2 2 1 1 4678 4660 4679
10433 2 2 1 1 4661 4662 4680
10434 2 2 1 1 4679 4661 4680
10435 2 2 1 1 4662 4663 4681
10436 2 2 1 1 4680 4662 4681
10437 2 2 1 1 4663 4664 4682
10438 2 2 1 1 4681 4663 4682
10439 2 2 1 1 4664 4665 4683
10440 2 2 1 1 4682 4664 4683
10441 2 2 1 1 4665 4666 4684
10442 2 2 1 1 4683 4665 4684
10443 2 2 1 1 4666 4667 4685
10444 2 2 1 1 4684 4666 4685
10445 2 2 1 1 4667 4668 4686
10446 2 2 1 1 4685 4667 4686
10447 2 2 1 1 4668 4669 4687
10448 2 2 1 1 4686 4668 4687
10449 2 2 1 1 4669 4670 4688
10450 2 2 1 1 4687 4669 4688
10451 2 2 1 1 4670 4671 4689
10452 2 2 1 1 4688 4670 4689
10453 2 2 1 1 4671 4672 4690
10454 2 2 1 1 4689 4671 4690
10455 2 2 1 1 4672 4673 4691
10456 2 2 1 1 4690 4672 4691
10457 2 2 1 1 4673 4674 4692
10458 2 2 1 1 4691 4673 4692
10459 2 2 1 1 4674 4675 4693
10460 2 2 1 1 4692 4674 4693
10461 2 2 1 1 4677 4676 4694
10462 2 2 1 1 4695 4677 4694
10463 2 2 1 1 4676 4678 4696
10464 2 2 1 1 4694 4676 4696
10465 2 2 1 1 4678 4679 4697
10466 2 2 1 1 4696 4678 4697
10467 2 2 1 1 4679 4680 4698
10468 2 2 1 1 4697 4679 4698
10469 2 2 1 1 4680 4681 4699
10470 2 2 1 1 4698 4680 4699
10471 2 2 1 1 4681 4682 4700
10472 2 2 1 1 4699 4681 4700
10473 2 2 1 1 4682 4683 4701
10474 2 2 1 1 4700 4682 4701
10475 2 2 1 1 4683 4684 4702
10476 2 2 1 1 4701 4683 4702
10477 2 2 1 1 4684 4685 4703
10478 2 2 1 1 4702 4684 4703
10479 2 2 1 1 4685 4686 4704
10480 2 2 1 1 4703 4685 4704
10481 2 2 1 1 4686 4687 4705
10482 2 2 1 1 4704 4686 4705
10483 2 2 1 1 4687 4688 4706
10484 2 2 1 1 4705 4687 4706
10485 2 2 1 1 4688 4689 4707
10486 2 2 1 1 4706 4688 4707
10487 2 2 1 1 4689 4690 4708
10488 2 2 1 1 4707 4689 4708
10489 2 2 1 1 4690 4691 4709
10490 2 2 1 1 4708 4690 4709
10491 2 2 1 1 4691 4692 4710
10492 2 2 1 1 4709 4691 4710
10493 2 2 1 1 4692 4693 4711
10494 2 2 1 1 4710 4692 4711
10495 2 2 1 1 4695 4694 4712
10496 2 2 1 1 4713 4695 4712
10497 2 2 1 1 4694 4696 4714
10498 2 2 1 1 4712 4694 4714
10499 2 2 1 1 4696 4697 4715
10500 2 2 1 1 4714 4696 4715
10501 2 2 1 1 4697 4698 4716
10502 2 2 1 1 4715 4697 4716
10503 2 2 1 1 4698 4699 4717
10504 2 2 1 1 4716 4698 4717
10505 2 2 1 1 4699 4700 4718
10506 2 2 1 1 4717 4699 4718
10507 2 2 1 1 4700 4701 4719
10508 2 2 1 1 4718 4700 4719
10509 2 2 1 1 4701 4702 4720
10510 2 2 1 1 4719 4701 4720
10511 2 2 1 1 4702 4703 4721
10512 2 2 1 1 4720 4702 4721
10513 2 2 1 1 4703 4704 4722
10514 2 2 1 1 4721 4703 4722
10515 2 2 1 1 4704 4705 4723
10516 2 2 1 1 4722 4704 4723
10517 2 2 1 1 4705 4706 4724
10518 2 2 1 1 4723 4705 4724
10519 2 2 1 1 4706 4707 4725
10520 2 2 1 1 4724 4706 4725
10521 2 2 1 1 4707 4708 4726
10522 2 2 1 1 4725 4707 4726
10523 2 2 1 1 4708 4709 4727
10524 2 2 1 1 4726 4708 4727
10525 2 2 1 1 4709 4710 4728
10526 2 2 1 1 4727 4709 4728
10527 2 2 1 1 4710 4711 4729
10528 2 2 1 1 4728 4710 4729
10529 2 2 1 1 4713 4712 4730
10530 2 2 1 1 4731 4713 4730
10531 2 2 1 1 4712 4714 4732
10532 2 2 1 1 4730 4712 4732
10533 2 2 1 1 4714 4715 4733
10534 2 2 1 1 4732 4714 4733
10535 2 2 1 1 4715 4716 4734
10536 2 2 1 1 4733 4715 4734
10537 2 2 1 1 4716 4717 4735
10538 2 2 1 1 4734 4716 4735
10539 2 2 1 1 4717 4718 4736
10540 2 2 1 1 4735 4717 4736
10541 2 2 1 1 4718 4719 4737
10542 2 2 1 1 4736 4718 4737
10543 2 2 1 1 4719 4720 4738
10544 2 2 1 1 4737 4719 4738
10545 2 2 1 1 4720 4721 4739
10546 2 2 1 1 4738 4720 4739
10547 2 2 1 1 4721 4722 4740
10548 2 2 1 1 4739 4721 4740
10549 2 2 1 1 4722 4723 4741
10550 2 2 1 1 4740 4722 4741
10551 2 2 1 1 4723 4724 4742
10552 2 2 1 1 4741 4723 4742
10553 2 2 1 1 4724 4725 4743
10554 2 2 1 1 4742 4724 4743
10555 2 2 1 1 4725 4726 4744
10556 2 2 1 1 4743 4725 4744
10557 2 2 1 1 4726 4727 4745
10558 2 2 1 1 4744 4726 4745
10559 2 2 1 1 4727 4728 4746
10560 2 2 1 1 4745 4727 4746
10561 2 2 1 1 4728 4729 4747
10562 2 2 1 1 4746 4728 4747
10563 2 2 1 1 4731 4730 4748
10564 2 2 1 1 4749 4731 4748
10565 2 2 1 1 4730 4732 4750
10566 2 2 1 1 4748 4730 4750
10567 2 2 1 1 4732 4733 4751
10568 2 2 1 1 4750 4732 4751
10569 2 2 1 1 4733 4734 4752
10570 2 2 1 1 4751 4733 4752
10571 2 2 1 1 4734 4735 4753
10572 2 2 1 1 4752 4734 4753
10573 2 2 1 1 4735 4736 4754
10574 2 2 1 1 4753 4735 4754
10575 2 2 1 1 4736 4737 4755
10576 2 2 1 1 4754 4736 4755
10577 2 2 1 1 4737 4738 4756
10578 2 2 1 1 4755 4737 4756
10579 2 2 1 1 4738 4739 4757
10580 2 2 1 1 4756 4738 4757
10581 2 2 1 1 4739 4740 4758
10582 2 2 1 1 4757 4739 4758
10583 2 2 1 1 4740 4741 4759
10584 2 2 1 1 4758 4740 4759
10585 2 2 1 1 4741 4742 4760
10586 2 2 1 1 4759 4741 4760
10587 2 2 1 1 4742 4743 4761
10588 2 2 1 1 4760 4742 4761
10589 2 2 1 1 4743 4744 4762
10590 2 2 1 1 4761 4743 4762
10591 2 2 1 1 4744 4745 4763
10592 2 2 1 1 4762 4744 4763
10593 2 2 1 1 4745 4746 4764
10594 2 2 1 1 4763 4745 4764
10595 2 2 1 1 4746 4747 4765
10596 2 2 1 1 4764 4746 4765
10597 2 2 1 1 4749 4748 4766
10598 2 2 1 1 4767 4749 4766
10599 2 2 1 1 4748 4750 4768
10600 2 2 1 1 4766 4748 4768
10601 2 2 1 1 4750 4751 4769
10602 2 2 1 1 4768 4750 4769
10603 2 2 1 1 4751 4752 4770
10604 2 2 1 1 4769 4751 4770
10605 2 2 1 1 4752 4753 4771
10606 2 2 1 1 4770 4752 4771
10607 2 2 1 1 4753 4754 4772
10608 2 2 1 1 4771 4753 4772
10609 2 2 1 1 4754 4755 4773
10610 2 2 1 1 4772 4754 4773
10611 2 2 1 1 4755 4756 4774
10612 2 2 1 1 4773 4755 4774
10613 2 2 1 1 4756 4757 4775
10614 2 2 1 1 4774 4756 4775
10615 2 2 1 1 4757 4758 4776
10616 2 2 1 1 4775 4757 4776
10617 2 2 1 1 4758 4759 4777
10618 2 2 1 1 4776 4758 4777
10619 2 2 1 1 4759 4760 4778
10620 2 2 1 1 4777 4759 4778
10621 2 2 1 1 4760 4761 4779
10622 2 2 1 1 4778 4760 4779
10623 2 2 1 1 4761 4762 4780
10624 2 2 1 1 4779 4761 4780
10625 2 2 1 1 4762 4763 4781
10626 2 2 1 1 4780 4762 4781
10627 2 2 1 1 4763 4764 4782
10628 2 2 1 1 4781 4763 4782
10629 2 2 1 1 4764 4765 4783
10630 2 2 1 1 4782 4764 4783
10631 2 2 1 1 4767 4766 4784
10632 2 2 1 1 4785 4767 4784
10633 2 2 1 1 4766 4768 4786
10634 2 2 1 1 4784 4766 4786
10635 2 2 1 1 4768 4769 4787
10636 2 2 1 1 4786 4768 4787
10637 2 2 1 1 4769 4770 4788
10638 2 2 1 1 4787 4769 4788
10639 2 2 1 1 4770 4771 4789
10640 2 2 1 1 4788 4770 4789
10641 2 2 1 1 4771 4772 4790
10642 2 2 1 1 4789 4771 4790
10643 2 2 1 1 4772 4773 4791
10644 2 2 1 1 4790 4772 4791
10645 2 2 1 1 4773 4774 4792
10646 2 2 1 1 4791 4773 4792
10647 2 2 1 1 4774 4775 4793
10648 2 2 1 1 4792 4774 4793
10649 2 2 1 1 4775 4776 4794
10650 2 2 1 1 4793 4775 4794
10651 2 2 1 1 4776 4777 4795
10652 2 2 1 1 4794 4776 4795
10653 2 2 1 1 4777 4778 4796
10654 2 2 1 1 4795 4777 4796
10655 2 2 1 1 4778 4779 4797
10656 2 2 1 1 4796 4778 4797
10657 2 2 1 1 4779 4780 4798
10658 2 2 1 1 4797 4779 4798
10659 2 2 1 1 4780 4781 4799
10660 2 2 1 1 4798 4780 4799
10661 2 2 1 1 4781 4782 4800
10662 2 2 1 1 4799 4781 4800
10663 2 2 1 1 4782 4783 4801
10664 2 2 1 1 4800 4782 4801
10665 2 2 1 1 4785 4784 4802
10666 2 2 1 1 4803 4785 4802
10667 2 2 1 1 4784 4786 4804
10668 2 2 1 1 4802 4784 4804
10669 2 2 1 1 4786 4787 4805
10670 2 2 1 1 4804 4786 4805
10671 2 2 1 1 4787 4788 4806
10672 2 2 1 1 4805 4787 4806
10673 2 2 1 1 4788 4789 4807
10674 2 2 1 1 4806 4788 4807
10675 2 2 1 1 4789 4790 4808
10676 2 2 1 1 4807 4789 4808
10677 2 2 1 1 4790 4791 4809
10678 2 2 1 1 4808 4790 4809
10679 2 2 1 1 4791 4792 4810
10680 2 2 1 1 4809 4791 4810
10681 2 2 1 1 4792 4793 4811
10682 2 2 1 1 4810 4792 4811
10683 2 2 1 1 4793 4794 4812
10684 2 2 1 1 4811 4793 4812
10685 2 2 1 1 4794 4795 4813
10686 2 2 1 1 4812 4794 4813
10687 2 2 1 1 4795 4796 4814
10688 2 2 1 1 4813 4795 4814
10689 2 2 1 1 4796 4797 4815
10690 2 2 1 1 4814 4796 4815
10691 2 2 1 1 4797 4798 4816
10692 2 2 1 1 4815 4797 4816
10693 2 2 1 1 4798 4799 4817
10694 2 2 1 1 4816 4798 4817
10695 2 2 1 1 4799 4800 4818
10696 2 2 1 1 4817 4799 4818
10697 2 2 1 1 4800 4801 4819
10698 2 2 1 1 4818 4800 4819
10699 2 2 1 1 4803 4802 4820
10700 2 2 1 1 4821 4803 4820
10701 2 2 1 1 4802 4804 4822
10702 2 2 1 1 4820 4802 4822
10703 2 2 1 1 4804 4805 4823
10704 2 2 1 1 4822 4804 4823
10705 2 2 1 1 4805 4806 4824
10706 2 2 1 1 4823 4805 4824
10707 2 2 1 1 4806 4807 4825
10708 2 2 1 1 4824 4806 4825
10709 2 2 1 1 4807 4808 4826
10710 2 2 1 1 4825 4807 4826
10711 2 2 1 1 4808 4809 4827
10712 2 2 1 1 4826 4808 4827
10713 2 2 1 1 4809 4810 4828
10714 2 2 1 1 4827 4809 4828
10715 2 2 1 1 4810 4811 4829
10716 2 2 1 1 4828 4810 4829
10717 2 2 1 1 4811 4812 4830
10718 2 2 1 1 4829 4811 4830
10719 2 2 1 1 4812 4813 4831
10720 2 2 1 1 4830 4812 4831
10721 2 2 1 1 4813 4814 4832
10722 2 2 1 1 4831 4813 4832
10723 2 2 1 1 4814 4815 4833
10724 2 2 1 1 4832 4814 4833
10725 2 2 1 1 4815 4816 4834
10726 2 2 1 1 4833 4815 4834
10727 2 2 1 1 4816 4817 4835
10728 2 2 1 1 4834 4816 4835
10729 2 2 1 1 4817 4818 4836
10730 2 2 1 1 4835 4817 4836
10731 2 2 1 1 4818 4819 4837
10732 2 2 1 1 4836 4818 4837
10733 2 2 1 1 4821 4820 4838
10734 2 2 1 1 4839 4821 4838
10735 2 2 1 1 4820 4822 4840
10736 2 2 1 1 4838 4820 4840
10737 2 2 1 1 4822 4823 4841
10738 2 2 1 1 4840 4822 4841
10739 2 2 1 1 4823 4824 4842
10740 2 2 1 1 4841 4823 4842
10741 2 2 1 1 4824 4825 4843
10742 2 2 1 1 4842 4824 4843
10743 2 2 1 1 4825 4826 4844
10744 2 2 1 1 4843 4825 4844
10745 2 2 1 1 4826 4827 4845
10746 2 2 1 1 4844 4826 4845
10747 2 2 1 1 4827 4828 4846
10748 2 2 1 1 4845 4827 4846
10749 2 2 1 1 4828 4829 4847
10750 2 2 1 1 4846 4828 4847
10751 2 2 1 1 4829 4830 4848
10752 2 2 1 1 4847 4829 4848
10753 2 2 1 1 4830 4831 4849
10754 2 2 1 1 4848 4830 4849
10755 2 2 1 1 4831 4832 4850
10756 2 2 1 1 4849 4831 4850
10757 2 2 1 1 4832 4833 4851
10758 2 2 1 1 4850 4832 4851
10759 2 2 1 1 4833 4834 4852
10760 2 2 1 1 4851 4833 4852
10761 2 2 1 1 4834 4835 4853
10762 2 2 1 1 4852 4834 4853
10763 2 2 1 1 4835 4836 4854
10764 2 2 1 1 4853 4835 4854
10765 2 2 1 1 4836 4837 4855
10766 2 2 1 1 4854 4836 4855
10767 2 2 1 1 4839 4838 4856
10768 2 2 1 1 4857 4839 4856
10769 2 2 1 1 4838 4840 4858
10770 2 2 1 1 4856 4838 4858
10771 2 2 1 1 4840 4841 4859
10772 2 2 1 1 4858 4840 4859
10773 2 2 1 1 4841 4842 4860
10774 2 2 1 1 4859 4841 4860
10775 2 2 1 1 4842 4843 4861
10776 2 2 1 1 4860 4842 4861
10777 2 2 1 1 4843 4844 4862
10778 2 2 1 1 4861 4843 4862
10779 2 2 1 1 4844 4845 4863
10780 2 2 1 1 4862 4844 4863
10781 2 2 1 1 4845 4846 4864
10782 2 2 1 1 4863 4845 4864
10783 2 2 1 1 4846 4847 4865
10784 2 2 1 1 4864 4846 4865
10785 2 2 1 1 4847 4848 4866
10786 2 2 1 1 4865 4847 4866
10787 2 2 1 1 4848 4849 4867
10788 2 2 1 1 4866 4848 4867
10789 2 2 1 1 4849 4850 4868
10790 2 2 1 1 4867 4849 4868
10791 2 2 1 1 4850 4851 4869
10792 2 2 1 1 4868 4850 4869
10793 2 2 1 1 4851 4852 4870
10794 2 2 1 1 4869 4851 4870
10795 2 2 1 1 4852 4853 4871
10796 2 2 1 1 4870 4852 4871
10797 2 2 1 1 4853 4854 4872
10798 2 2 1 1 4871 4853 4872
10799 2 2 1 1 4854 4855 4873
10800 2 2 1 1 4872 4854 4873
10801 2 2 1 1 4857 4856 4874
10802 2 2 1 1 4875 4857 4874
10803 2 2 1 1 4856 4858 4876
10804 2 2 1 1 4874 4856 4876
10805 2 2 1 1 4858 4859 4877
10806 2 2 1 1 4876 4858 4877
10807 2 2 1 1 4859 4860 4878
10808 2 2 1 1 4877 4859 4878
10809 2 2 1 1 4860 4861 4879
10810 2 2 1 1 4878 4860 4879
10811 2 2 1 1 4861 4862 4880
10812 2 2 1 1 4879 4861 4880
10813 2 2 1 1 4862 4863 4881
10814 2 2 1 1 4880 4862 4881
10815 2 2 1 1 4863 4864 4882
10816 2 2 1 1 4881 4863 4882
10817 2 2 1 1 4864 4865 4883
10818 2 2 1 1 4882 4864 4883
10819 2 2 1 1 4865 4866 4884
10820 2 2 1 1 4883 4865 4884
10821 2 2 1 1 4866 4867 4885
10822 2 2 1 1 4884 4866 4885
10823 2 2 1 1 4867 4868 4886
10824 2 2 1 1 4885 4867 4886
10825 2 2 1 1 4868 4869 4887
10826 2 2 1 1 4886 4868 4887
10827 2 2 1 1 4869 4870 4888
10828 2 2 1 1 4887 4869 4888
10829 2 2 1 1 4870 4871 4889
10830 2 2 1 1 4888 4870 4889
10831 2 2 1 1 4871 4872 4890
10832 2 2 1 1 4889 4871 4890
10833 2 2 1 1 4872 4873 4891
10834 2 2 1 1 4890 4872 4891
10835 2 2 1 1 4875 4874 4892
10836 2 2 1 1 4893 4875 4892
10837 2 2 1 1 4874 4876 4894
10838 2 2 1 1 4892 4874 4894
10839 2 2 1 1 4876 4877 4895
10840 2 2 1 1 4894 4876 4895
10841 2 2 1 1 4877 4878 4896
10842 2 2 1 1 4895 4877 4896
10843 2 2 1 1 4878 4879 4897
10844 2 2 1 1 4896 4878 4897
10845 2 2 1 1 4879 4880 4898
10846 2 2 1 1 4897 4879 4898
10847 2 2 1 1 4880 4881 4899
10848 2 2 1 1 4898 4880 4899
10849 2 2 1 1 4881 4882 4900
10850 2 2 1 1 4899 4881 4900
10851 2 2 1 1 4882 4883 4901
10852 2 2 1 1 4900 4882 4901
10853 2 2 1 1 4883 4884 4902
10854 2 2 1 1 4901 4883 4902
10855 2 2 1 1 4884 4885 4903
10856 2 2 1 1 4902 4884 4903
10857 2 2 1 1 4885 4886 4904
10858 2 2 1 1 4903 4885 4904
10859 2 2 1 1 4886 4887 4905
10860 2 2 1 1 4904 4886 4905
10861 2 2 1 1 4887 4888 4906
10862 2 2 1 1 4905 4887 4906
10863 2 2 1 1 4888 4889 4907
10864 2 2 1 1 4906 4888 4907
10865 2 2 1 1 4889 4890 4908
10866 2 2 1 1 4907 4889 4908
10867 2 2 1 1 4890 4891 4909
10868 2 2 1 1 4908 4890 4909
10869 2 2 1 1 4893 4892 4910
10870 2 2 1 1 4911 4893 4910
10871 2 2 1 1 4892 4894 4912
10872 2 2 1 1 4910 4892 4912
10873 2 2 1 1 4894 4895 4913
10874 2 2 1 1 4912 4894 4913
10875 2 2 1 1 4895 4896 4914
10876 2 2 1 1 4913 4895 4914
10877 2 2 1 1 4896 4897 4915
10878 2 2 1 1 4914 4896 4915
10879 2 2 1 1 4897 4898 4916
10880 2 2 1 1 4915 4897 4916
10881 2 2 1 1 4898 4899 4917
10882 2 2 1 1 4916 4898 4917
10883 2 2 1 1 4899 4900 4918
10884 2 2 1 1 4917 4899 4918
10885 2 2 1 1 4900 4901 4919
10886 2 2 1 1 4918 4900 4919
10887 2 2 1 1 4901 4902 4920
10888 2 2 1 1 4919 4901 4920
10889 2 2 1 1 4902 4903 4921
10890 2 2 1 1 4920 4902 4921
10891 2 2 1 1 4903 4904 4922
10892 2 2 1 1 4921 4903 4922
10893 2 2 1 1 4904 4905 4923
10894 2 2 1 1 4922 4904 4923
10895 2 2 1 1 4905 4906 4924
10896 2 2 1 1 4923 4905 4924
10897 2 2 1 1 4906 4907 4925
10898 2 2 1 1 4924 4906 4925
10899 2 2 1 1 4907 4908 4926
10900 2 2 1 1 4925 4907 4926
10901 2 2 1 1 4908 4909 4927
10902 2 2 1 1 4926 4908 4927
10903 2 2 1 1 4911 4910 4928
10904 2 2 1 1 4929 4911 4928
10905 2 2 1 1 4910 4912 4930
10906 2 2 1 1 4928 4910 4930
10907 2 2 1 1 4912 4913 4931
10908 2 2 1 1 4930 4912 4931
10909 2 2 1 1 4913 4914 4932
10910 2 2 1 1 4931 4913 4932
10911 2 2 1 1 4914 4915 4933
10912 2 2 1 1 4932 4914 4933
10913 2 2 1 1 4915 4916 4934
10914 2 2 1 1 4933 4915 4934
10915 2 2 1 1 4916 4917 4935
10916 2 2 1 1 4934 4916 4935
10917 2 2 1 1 4917 4918 4936
10918 2 2 1 1 4935 4917 4936
10919 2 2 1 1 4918 4919 4937
10920 2 2 1 1 4936 4918 4937
10921 2 2 1 1 4919 4920 4938
10922 2 2 1 1 4937 4919 4938
10923 2 2 1 1 4920 4921 4939
10924 2 2 1 1 4938 4920 4939
10925 2 2 1 1 4921 4922 4940
10926 2 2 1 1 4939 4921 4940
10927 2 2 1 1 4922 4923 4941
10928 2 2 1 1 4940 4922 4941
10929 2 2 1 1 4923 4924 4942
10930 2 2 1 1 4941 4923 4942
10931 2 2 1 1 4924 4925 4943
10932 2 2 1 1 4942 4924 4943
10933 2 2 1 1 4925 4926 4944
10934 2 2 1 1 4943 4925 4944
10935 2 2 1 1 4926 4927 4945
10936 2 2 1 1 4944 4926 4945
10937 2 2 1 1 4929 4928 4946
10938 2 2 1 1 4947 4929 4946
10939 2 2 1 1 4928 4930 4948
10940 2 2 1 1 4946 4928 4948
10941 2 2 1 1 4930 4931 4949
10942 2 2 1 1 4948 4930 4949
10943 2 2 1 1 4931 4932 4950
10944 2 2 1 1 4949 4931 4950
10945 2 2 1 1 4932 4933 4951
10946 2 2 1 1 4950 4932 4951
10947 2 2 1 1 4933 4934 4952
10948 2 2 1 1 4951 4933 4952
10949 2 2 1 1 4934 4935 4953
10950 2 2 1 1 4952 4934 4953
10951 2 2 1 1 4935 4936 4954
10952 2 2 1 1 4953 4935 4954
10953 2 2 1 1 4936 4937 4955
10954 2 2 1 1 4954 4936 4955
10955 2 2 1 1 4937 4938 4956
10956 2 2 1 1 4955 4937 4956
10957 2 2 1 1 4938 4939 4957
10958 2 2 1 1 4956 4938 4957
10959 2 2 1 1 4939 4940 4958
10960 2 2 1 1 4957 4939 4958
10961 2 2 1 1 4940 4941 4959
10962 2 2 1 1 4958 4940 4959
10963 2 2 1 1 4941 4942 4960
10964 2 2 1 1 4959 4941 4960
10965 2 2 1 1 4942 4943 4961
10966 2 2 1 1 4960 4942 4961
10967 2 2 1 1 4943 4944 4962
10968 2 2 1 1 4961 4943 4962
10969 2 2 1 1 4944 4945 4963
10970 2 2 1 1 4962 4944 4963
10971 2 2 1 1 4947 4946 4964
10972 2 2 1 1 4965 4947 4964
10973 2 2 1 1 4946 4948 4966
10974 2 2 1 1 4964 4946 4966
10975 2 2 1 1 4948 4949 4967
10976 2 2 1 1 4966 4948 4967
10977 2 2 1 1 4949 4950 4968
10978 2 2 1 1 4967 4949 4968
10979 2 2 1 1 4950 4951 4969
10980 2 2 1 1 4968 4950 4969
10981 2 2 1 1 4951 4952 4970
10982 2 2 1 1 4969 4951 4970
10983 2 2 1 1 4952 4953 4971
10984 2 2 1 1 4970 4952 4971
10985 2 2 1 1 4953 4954 4972
10986 2 2 1 1 4971 4953 4972
10987 2 2 1 1 4954 4955 4973
10988 2 2 1 1 4972 4954 4973
10989 2 2 1 1 4955 4956 4974
10990 2 2 1 1 4973 4955 4974
10991 2 2 1 1 4956 4957 4975
10992 2 2 1 1 4974 4956 4975
10993 2 2 1 1 4957 4958 4976
10994 2 2 1 1 4975 4957 4976
10995 2 2 1 1 4958 4959 4977
10996 2 2 1 1 4976 4958 4977
10997 2 2 1 1 4959 4960 4978
10998 2 2 1 1 4977 4959 4978
10999 2 2 1 1 4960 4961 4979
11000 2 2 1 1 4978 4960 4979
11001 2 2 1 1 4961 4962 4980
11002 2 2 1 1 4979 4961 4980
11003 2 2 1 1 4962 4963 4981
11004 2 2 1 1 4980 4962 4981
11005 2 2 1 1 4965 4964 4982
11006 2 2 1 1 4983 4965 4982
11007 2 2 1 1 4964 4966 4984
11008 2 2 1 1 4982 4964 4984
11009 2 2 1 1 4966 4967 4985
11010 2 2 1 1 4984 4966 4985
11011 2 2 1 1 4967 4968 4986
11012 2 2 1 1 4985 4967 4986
11013 2 2 1 1 4968 4969 4987
11014 2 2 1 1 4986 4968 4987
11015 2 2 1 1 4969 4970 4988
11016 2 2 1 1 4987 4969 4988
11017 2 2 1 1 4970 4971 4989
11018 2 2 1 1 4988 4970 4989
11019 2 2 1 1 4971 4972 4990
11020 2 2 1 1 4989 4971 4990
11021 2 2 1 1 4972 4973 4991
11022 2 2 1 1 4990 4972 4991
11023 2 2 1 1 4973 4974 4992
11024 2 2 1 1 4991 4973 4992
11025 2 2 1 1 4974 4975 4993
11026 2 2 1 1 4992 4974 4993
11027 2 2 1 1 4975 4976 4994
11028 2 2 1 1 4993 4975 4994
11029 2 2 1 1 4976 4977 4995
11030 2 2 1 1 4994 4976 4995
11031 2 2 1 1 4977 4978 4996
11032 2 2 1 1 4995 4977 4996
11033 2 2 1 1 4978 4979 4997
11034 2 2 1 1 4996 4978 4997
11035 2 2 1 1 4979 4980 4998
11036 2 2 1 1 4997 4979 4998
11037 2 2 1 1 4980 4981 4999
11038 2 2 1 1 4998 4980 4999
11039 2 2 1 1 4983 4982 5000
11040 2 2 1 1 5001 4983 5000
11041 2 2 1 1 4982 4984 5002
11042 2 2 1 1 5000 4982 5002
11043 2 2 1 1 4984 4985 5003
11044 2 2 1 1 5002 4984 5003
11045 2 2 1 1 4985 4986 5004
11046 2 2 1 1 5003 4985 5004
11047 2 2 1 1 4986 4987 5005
11048 2 2 1 1 5004 4986 5005
11049 2 2 1 1 4987 4988 5006
11050 2 2 1 1 5005 4987 5006
11051 2 2 1 1 4988 4989 5007
11052 2 2 1 1 5006 4988 5007
11053 2 2 1 1 4989 4990 5008
11054 2 2 1 1 5007 4989 5008
11055 2 2 1 1 4990 4991 5009
11056 2 2 1 1 5008 4990 5009
11057 2 2 1 1 4991 4992 5010
11058 2 2 1 1 5009 4991 5010
11059 2 2 1 1 4992 4993 5011
11060 2 2 1 1 5010 4992 5011
11061 2 2 1 1 4993 4994 5012
11062 2 2 1 1 5011 4993 5012
11063 2 2 1 1 4994 4995 5013
11064 2 2 1 1 5012 4994 5013
11065 2 2 1 1 4995 4996 5014
11066 2 2 1 1 5013 4995 5014
11067 2 2 1 1 4996 4997 5015
11068 2 2 1 1 5014 4996 5015
11069 2 2 1 1 4997 4998 5016
11070 2 2 1 1 5015 4997 5016
11071 2 2 1 1 4998 4999 5017
11072 2 2 1 1 5016 4998 5017
11073 2 2 1 1 5001 5000 4443
11074 2 2 1 1 4444 5001 4443
11075 2 2 1 1 5000 5002 4447
11076 2 2 1 1 4443 5000 4447
11077 2 2 1 1 5002 5003 4449
11078 2 2 1 1 4447 5002 4449
11079 2 2 1 1 5003 5004 4451
11080 2 2 1 1 4449 5003 4451
11081 2 2 1 1 5004 5005 4453
11082 2 2 1 1 4451 5004 4453
11083 2 2 1 1 5005 5006 4455
11084 2 2 1 1 4453 5005 4455
11085 2 2 1 1 5006 5007 4457
11086 2 2 1 1 4455 5006 4457
11087 2 2 1 1 5007 5008 4459
11088 2 2 1 1 4457 5007 4459
11089 2 2 1 1 5008 5009 4461
11090 2 2 1 1 4459 5008 4461
11091 2 2 1 1 5009 5010 4463
11092 2 2 1 1 4461 5009 4463
11093 2 2 1 1 5010 5011 4465
11094 2 2 1 1 4463 5010 4465
11095 2 2 1 1 5011 5012 4467
11096 2 2 1 1 4465 5011 4467
11097 2 2 1 1 5012 5013 4469
11098 2 2 1 1 4467 5012 4469
11099 2 2 1 1 5013 5014 4471
11100 2 2 1 1 4469 5013 4471
11101 2 2 1 1 5014 5015 4473
11102 2 2 1 1 4471 5014 4473
11103 2 2 1 1 5015 5016 4475
11104 2 2 1 1 4473 5015 4475
11105 2 2 1 1 5016 5017 4477
11106 2 2 1 1 4475 5016 4477
11107 2 2 1 1 4444 4445 5018
11108 2 2 1 1 5019 4444 5018
11109 2 2 1 1 4479 4497 5020
11110 2 2 1 1 5021 4479 5020
11111 2 2 1 1 4445 4479 5021
11112 2 2 1 1 5018 4445 5021
11113 2 2 1 1 4515 4533 5022
11114 2 2 1 1 5023 4515 5022
11115 2 2 1 1 4551 4569 5024
11116 2 2 1 1 5025 4551 5024
11117 2 2 1 1 4533 4551 5025
11118 2 2 1 1 5022 4533 5025
11119 2 2 1 1 4497 4515 5023
11120 2 2 1 1 5020 4497 5023
11121 2 2 1 1 5026 5024 4569
11122 2 2 1 1 4587 5026 4569
11123 2 2 1 1 4587 4605 5027
11124 2 2 1 1 5026 4587 5027
11125 2 2 1 1 4623 4641 5028
11126 2 2 1 1 5029 4623 5028
11127 2 2 1 1 4605 4623 5029
11128 2 2 1 1 5027 4605 5029
11129 2 2 1 1 4659 4677 5030
11130 2 2 1 1 5031 4659 5030
11131 2 2 1 1 4695 4713 5032
11132 2 2 1 1 5033 4695 5032
11133 2 2 1 1 4677 4695 5033
11134 2 2 1 1 5030 4677 5033
11135 2 2 1 1 4641 4659 5031
11136 2 2 1 1 5028 4641 5031
11137 2 2 1 1 4713 4731 5034
11138 2 2 1 1 5032 4713 5034
11139 2 2 1 1 4193 4194 4476
11140 2 2 1 1 4477 4193 4476
11141 2 2 1 1 4200 4198 4513
11142 2 2 1 1 4495 4200 4513
11143 2 2 1 1 4194 4200 4495
11144 2 2 1 1 4476 4194 4495
11145 2 2 1 1 4199 4195 4549
11146 2 2 1 1 4531 4199 4549
11147 2 2 1 1 4196 4197 4585
11148 2 2 1 1 4567 4196 4585
11149 2 2 1 1 4195 4196 4567
11150 2 2 1 1 4549 4195 4567
11151 2 2 1 1 4198 4199 4531
11152 2 2 1 1 4513 4198 4531
11153 2 2 1 1 4603 4585 4197
11154 2 2 1 1 4184 4603 4197
11155 2 2 1 1 4184 4182 4621
11156 2 2 1 1 4603 4184 4621
11157 2 2 1 1 4183 4181 4657
11158 2 2 1 1 4639 4183 4657
11159 2 2 1 1 4182 4183 4639
11160 2 2 1 1 4621 4182 4639
11161 2 2 1 1 4179 4177 4711
11162 2 2 1 1 4693 4179 4711
11163 2 2 1 1 4180 4179 4693
11164 2 2 1 1 4675 4180 4693
11165 2 2 1 1 4181 4180 4675
11166 2 2 1 1 4657 4181 4675
11167 2 2 1 1 4177 4178 4729
11168 2 2 1 1 4711 4177 4729
11169 2 2 1 1 4747 4729 4178
11170 2 2 1 1 4185 4747 4178
11171 2 2 1 1 5035 5034 4731
11172 2 2 1 1 4749 5035 4731
11173 2 2 1 1 4749 4767 5036
11174 2 2 1 1 5035 4749 5036
11175 2 2 1 1 4785 4803 5037
11176 2 2 1 1 5038 4785 5037
11177 2 2 1 1 4767 4785 5038
11178 2 2 1 1 5036 4767 5038
11179 2 2 1 1 4821 4839 5039
11180 2 2 1 1 5040 4821 5039
11181 2 2 1 1 5042 5041 4857
11182 2 2 1 1 4875 5042 4857
11183 2 2 1 1 4839 4857 5041
11184 2 2 1 1 5039 4839 5041
11185 2 2 1 1 4803 4821 5040
11186 2 2 1 1 5037 4803 5040
11187 2 2 1 1 4893 4911 5043
11188 2 2 1 1 5044 4893 5043
11189 2 2 1 1 4929 4947 5045
11190 2 2 1 1 5046 4929 5045
11191 2 2 1 1 4911 4929 5046
11192 2 2 1 1 5043 4911 5046
11193 2 2 1 1 4965 4983 5047
11194 2 2 1 1 5048 4965 5047
11195 2 2 1 1 5001 4444 5019
11196 2 2 1 1 5049 5001 5019
11197 2 2 1 1 4983 5001 5049
11198 2 2 1 1 5047 4983 5049
11199 2 2 1 1 4947 4965 5048
11200 2 2 1 1 5045 4947 5048
11201 2 2 1 1 4875 4893 5044
11202 2 2 1 1 5042 4875 5044
11203 2 2 1 1 4170 4169 4783
11204 2 2 1 1 4765 4170 4783
11205 2 2 1 1 4173 4171 4819
11206 2 2 1 1 4801 4173 4819
11207 2 2 1 1 4169 4173 4801
11208 2 2 1 1 4783 4169 4801
11209 2 2 1 1 4172 4174 4855
11210 2 2 1 1 4837 4172 4855
11211 2 2 1 1 4891 4873 4175
11212 2 2 1 1 4176 4891 4175
11213 2 2 1 1 4174 4175 4873
11214 2 2 1 1 4855 4174 4873
11215 2 2 1 1 4171 4172 4837
11216 2 2 1 1 4819 4171 4837
11217 2 2 1 1 4185 4170 4765
11218 2 2 1 1 4747 4185 4765
11219 2 2 1 1 4186 4187 4927
11220 2 2 1 1 4909 4186 4927
11221 2 2 1 1 4188 4189 4963
11222 2 2 1 1 4945 4188 4963
11223 2 2 1 1 4187 4188 4945
11224 2 2 1 1 4927 4187 4945
11225 2 2 1 1 4190 4191 4999
11226 2 2 1 1 4981 4190 4999
11227 2 2 1 1 4192 4193 4477
11228 2 2 1 1 5017 4192 4477
11229 2 2 1 1 4191 4192 5017
11230 2 2 1 1 4999 4191 5017
11231 2 2 1 1 4189 4190 4981
11232 2 2 1 1 4963 4189 4981
11233 2 2 1 1 4176 4186 4909
11234 2 2 1 1 4891 4176 4909
11235 2 2 1 1 5052 5051 5050
11236 2 2 1 1 5053 5052 5050
11237 2 2 1 1 5053 5050 5054
11238 2 2 1 1 5055 5053 5054
11239 2 2 1 1 5055 5054 5056
11240 2 2 1 1 5057 5055 5056
11241 2 2 1 1 5057 5056 5058
11242 2 2 1 1 5059 5057 5058
11243 2 2 1 1 5059 5058 5060
11244 2 2 1 1 5061 5059 5060
11245 2 2 1 1 5064 5063 5062
11246 2 2 1 1 5051 5064 5062
11247 2 2 1 1 5051 5062 5065
11248 2 2 1 1 5050 5051 5065
11249 2 2 1 1 5050 5065 5066
11250 2 2 1 1 5054 5050 5066
11251 2 2 1 1 5054 5066 5067
11252 2 2 1 1 5056 5054 5067
11253 2 2 1 1 5056 5067 5068
11254 2 2 1 1 5058 5056 5068
11255 2 2 1 1 5058 5068 5069
11256 2 2 1 1 5060 5058 5069
11257 2 2 1 1 5060 5069 5070
11258 2 2 1 1 5071 5060 5070
11259 2 2 1 1 5063 5073 5072
11260 2 2 1 1 5062 5063 5072
11261 2 2 1 1 5062 5072 5074
11262 2 2 1 1 5065 5062 5074
11263 2 2 1 1 5065 5074 5075
11264 2 2 1 1 5066 5065 5075
11265 2 2 1 1 5066 5075 5076
11266 2 2 1 1 5067 5066 5076
11267 2 2 1 1 5067 5076 5077
11268 2 2 1 1 5068 5067 5077
11269 2 2 1 1 5068 5077 5078
11270 2 2 1 1 5069 5068 5078
11271 2 2 1 1 5069 5078 5079
11272 2 2 1 1 5070 5069 5079
11273 2 2 1 1 5073 5081 5080
11274 2 2 1 1 5072 5073 5080
11275 2 2 1 1 5072 5080 5082
11276 2 2 1 1 5074 5072 5082
11277 2 2 1 1 5074 5082 5083
11278 2 2 1 1 5075 5074 5083
11279 2 2 1 1 5075 5083 5084
11280 2 2 1 1 5076 5075 5084
11281 2 2 1 1 5076 5084 5085
11282 2 2 1 1 5077 5076 5085
11283 2 2 1 1 5077 5085 5086
11284 2 2 1 1 5078 5077 5086
11285 2 2 1 1 5078 5086 5087
11286 2 2 1 1 5079 5078 5087
11287 2 2 1 1 5081 5089 5088
11288 2 2 1 1 5080 5081 5088
11289 2 2 1 1 5080 5088 5090
11290 2 2 1 1 5082 5080 5090
11291 2 2 1 1 5082 5090 5091
11292 2 2 1 1 5083 5082 5091
11293 2 2 1 1 5083 5091 5092
11294 2 2 1 1 5084 5083 5092
11295 2 2 1 1 5084 5092 5093
11296 2 2 1 1 5085 5084 5093
11297 2 2 1 1 5085 5093 5094
11298 2 2 1 1 5086 5085 5094
11299 2 2 1 1 5086 5094 5095
11300 2 2 1 1 5087 5086 5095
11301 2 2 1 1 5089 5097 5096
11302 2 2 1 1 5088 5089 5096
11303 2 2 1 1 5088 5096 5098
11304 2 2 1 1 5090 5088 5098
11305 2 2 1 1 5090 5098 5099
11306 2 2 1 1 5091 5090 5099
11307 2 2 1 1 5091 5099 5100
11308 2 2 1 1 5092 5091 5100
11309 2 2 1 1 5092 5100 5101
11310 2 2 1 1 5093 5092 5101
11311 2 2 1 1 5093 5101 5102
11312 2 2 1 1 5094 5093 5102
11313 2 2 1 1 5094 5102 5103
11314 2 2 1 1 5095 5094 5103
11315 2 2 1 1 5096 5105 5104
11316 2 2 1 1 5098 5096 5104
11317 2 2 1 1 5098 5104 5106
11318 2 2 1 1 5099 5098 5106
11319 2 2 1 1 5099 5106 5107
11320 2 2 1 1 5100 5099 5107
11321 2 2 1 1 5100 5107 5108
11322 2 2 1 1 5101 5100 5108
11323 2 2 1 1 5101 5108 5109
11324 2 2 1 1 5102 5101 5109
11325 2 2 1 1 5038 5037 5052
11326 2 2 1 1 5038 5038 5052
11327 2 2 1 1 5038 5052 5053
11328 2 2 1 1 5038 5038 5053
11329 2 2 1 1 5035 5036 5053
11330 2 2 1 1 5035 5035 5053
11331 2 2 1 1 5053 5055 5035
11332 2 2 1 1 5053 5053 5035
11333 2 2 1 1 5036 5038 5053
11334 2 2 1 1 5036 5036 5053
11335 2 2 1 1 5035 5055 5034
11336 2 2 1 1 5035 5035 5034
11337 2 2 1 1 5051 5052 5037
11338 2 2 1 1 5051 5051 5037
11339 2 2 1 1 5063 5040 5039
11340 2 2 1 1 5063 5063 5039
11341 2 2 1 1 5063 5039 5041
11342 2 2 1 1 5063 5063 5041
11343 2 2 1 1 5073 5041 5042
11344 2 2 1 1 5073 5073 5042
11345 2 2 1 1 5064 5051 5037
11346 2 2 1 1 5064 5064 5037
11347 2 2 1 1 5073 5063 5041
11348 2 2 1 1 5073 5073 5041
11349 2 2 1 1 5064 5040 5063
11350 2 2 1 1 5064 5064 5063
11351 2 2 1 1 5040 5064 5037
11352 2 2 1 1 5040 5040 5037
11353 2 2 1 1 5034 5057 5032
11354 2 2 1 1 5034 5034 5032
11355 2 2 1 1 5057 5034 5055
11356 2 2 1 1 5057 5057 5055
11357 2 2 1 1 5032 5057 5059
11358 2 2 1 1 5032 5032 5059
11359 2 2 1 1 5030 5033 5059
11360 2 2 1 1 5030 5030 5059
11361 2 2 1 1 5059 5061 5030
11362 2 2 1 1 5059 5059 5030
11363 2 2 1 1 5033 5032 5059
11364 2 2 1 1 5033 5033 5059
11365 2 2 1 1 5030 5061 5031
11366 2 2 1 1 5030 5030 5031
11367 2 2 1 1 5031 5060 5071
11368 2 2 1 1 5031 5031 5071
11369 2 2 1 1 5060 5031 5061
11370 2 2 1 1 5060 5060 5061
11371 2 2 1 1 5071 5070 5028
11372 2 2 1 1 5071 5071 5028
11373 2 2 1 1 5031 5071 5028
11374 2 2 1 1 5031 5031 5028
11375 2 2 1 1 5028 5070 5029
11376 2 2 1 1 5028 5028 5029
11377 2 2 1 1 5027 5079 5026
11378 2 2 1 1 5027 5027 5026
11379 2 2 1 1 5027 5029 5070
11380 2 2 1 1 5027 5027 5070
11381 2 2 1 1 5079 5027 5070
11382 2 2 1 1 5079 5079 5070
11383 2 2 1 1 5073 5042 5081
11384 2 2 1 1 5073 5073 5081
11385 2 2 1 1 5089 5044 5043
11386 2 2 1 1 5089 5089 5043
11387 2 2 1 1 5089 5043 5046
11388 2 2 1 1 5089 5089 5046
11389 2 2 1 1 5089 5081 5044
11390 2 2 1 1 5089 5089 5044
11391 2 2 1 1 5096 5097 5045
11392 2 2 1 1 5096 5096 5045
11393 2 2 1 1 5089 5046 5097
11394 2 2 1 1 5089 5089 5097
11395 2 2 1 1 5046 5045 5097
11396 2 2 1 1 5046 5046 5097
11397 2 2 1 1 5044 5081 5042
11398 2 2 1 1 5044 5044 5042
11399 2 2 1 1 5105 5045 5048
11400 2 2 1 1 5105 5105 5048
11401 2 2 1 1 5105 5048 5104
11402 2 2 1 1 5105 5105 5104
11403 2 2 1 1 5104 5048 5047
11404 2 2 1 1 5104 5104 5047
11405 2 2 1 1 5106 5104 5049
11406 2 2 1 1 5106 5106 5049
11407 2 2 1 1 5049 5019 5106
11408 2 2 1 1 5049 5049 5106
11409 2 2 1 1 5104 5047 5049
11410 2 2 1 1 5104 5104 5049
11411 2 2 1 1 5106 5019 5107
11412 2 2 1 1 5106 5106 5107
11413 2 2 1 1 5096 5045 5105
11414 2 2 1 1 5096 5096 5105
11415 2 2 1 1 5022 5095 5103
11416 2 2 1 1 5022 5022 5103
11417 2 2 1 1 5087 5095 5024
11418 2 2 1 1 5087 5087 5024
11419 2 2 1 1 5026 5087 5024
11420 2 2 1 1 5026 5026 5024
11421 2 2 1 1 5025 5024 5095
11422 2 2 1 1 5025 5025 5095
11423 2 2 1 1 5022 5025 5095
11424 2 2 1 1 5022 5022 5095
11425 2 2 1 1 5026 5079 5087
11426 2 2 1 1 5026 5026 5087
11427 2 2 1 1 5108 5107 5018
11428 2 2 1 1 5108 5108 5018
11429 2 2 1 1 5018 5021 5108
11430 2 2 1 1 5018 5018 5108
11431 2 2 1 1 5107 5019 5018
11432 2 2 1 1 5107 5107 5018
11433 2 2 1 1 5108 5021 5020
11434 2 2 1 1 5108 5108 5020
11435 2 2 1 1 5103 5023 5022
11436 2 2 1 1 5103 5103 5022
11437 2 2 1 1 5103 5102 5023
11438 2 2 1 1 5103 5103 5023
11439 2 2 1 1 5109 5020 5023
11440 2 2 1 1 5109 5109 5023
11441 2 2 1 1 5020 5109 5108
11442 2 2 1 1 5020 5020 5108
11443 2 2 1 1 5109 5023 5102
11444 2 2 1 1 5109 5109 5102
$EndElements
