PROJECT,OPERATOR,FID_YEAR,TOTAL_CAPEX_USD_MM,DEVELOPMENT_TYPE,WELL_COUNT,STAGE,SHARE_MID,COST_MID_USD_MM,COST_LOW_USD_MM,COST_HIGH_USD_MM,PROVENANCE,METHOD
Atlantis (Phase 1),BP,2002,2000.0,new_host_semi,,host,0.2700,540.0,360.0,720.0,allocated,"Top-down back-allocation of a disclosed $2,000MM total. Shares: ASSUMED prior for new_host_semi. no well-count tilt (well count not disclosed). Rationale: Semi-submersible FPU (GOM Anchor/Whale class). Fewer wells than an FPSO development; host is a major but not dominant share."
Atlantis (Phase 1),BP,2002,2000.0,new_host_semi,,drill,0.2600,520.0,340.0,700.0,allocated,"Top-down back-allocation of a disclosed $2,000MM total. Shares: ASSUMED prior for new_host_semi. no well-count tilt (well count not disclosed). Rationale: Semi-submersible FPU (GOM Anchor/Whale class). Fewer wells than an FPSO development; host is a major but not dominant share."
Atlantis (Phase 1),BP,2002,2000.0,new_host_semi,,surf,0.2200,440.0,280.0,600.0,allocated,"Top-down back-allocation of a disclosed $2,000MM total. Shares: ASSUMED prior for new_host_semi. no well-count tilt (well count not disclosed). Rationale: Semi-submersible FPU (GOM Anchor/Whale class). Fewer wells than an FPSO development; host is a major but not dominant share."
Atlantis (Phase 1),BP,2002,2000.0,new_host_semi,,complete,0.1300,260.0,160.0,360.0,allocated,"Top-down back-allocation of a disclosed $2,000MM total. Shares: ASSUMED prior for new_host_semi. no well-count tilt (well count not disclosed). Rationale: Semi-submersible FPU (GOM Anchor/Whale class). Fewer wells than an FPSO development; host is a major but not dominant share."
Atlantis (Phase 1),BP,2002,2000.0,new_host_semi,,install,0.0700,140.0,60.0,220.0,allocated,"Top-down back-allocation of a disclosed $2,000MM total. Shares: ASSUMED prior for new_host_semi. no well-count tilt (well count not disclosed). Rationale: Semi-submersible FPU (GOM Anchor/Whale class). Fewer wells than an FPSO development; host is a major but not dominant share."
Atlantis (Phase 1),BP,2002,2000.0,new_host_semi,,hookup,0.0500,100.0,40.0,160.0,allocated,"Top-down back-allocation of a disclosed $2,000MM total. Shares: ASSUMED prior for new_host_semi. no well-count tilt (well count not disclosed). Rationale: Semi-submersible FPU (GOM Anchor/Whale class). Fewer wells than an FPSO development; host is a major but not dominant share."
Kikeh,Murphy Oil (80%),2004,1900.0,new_host_fpso,,host,0.3000,570.0,380.0,760.0,allocated,"Top-down back-allocation of a disclosed $1,900MM total. Shares: ASSUMED prior for new_host_fpso. no well-count tilt (well count not disclosed). Rationale: FPSO hull+topsides is the single largest line item. Well counts are high (15-30 on a Guyana-class development) but each well is a smaller share of a very large total."
Kikeh,Murphy Oil (80%),2004,1900.0,new_host_fpso,,surf,0.2400,456.0,304.0,608.0,allocated,"Top-down back-allocation of a disclosed $1,900MM total. Shares: ASSUMED prior for new_host_fpso. no well-count tilt (well count not disclosed). Rationale: FPSO hull+topsides is the single largest line item. Well counts are high (15-30 on a Guyana-class development) but each well is a smaller share of a very large total."
Kikeh,Murphy Oil (80%),2004,1900.0,new_host_fpso,,drill,0.2200,418.0,266.0,570.0,allocated,"Top-down back-allocation of a disclosed $1,900MM total. Shares: ASSUMED prior for new_host_fpso. no well-count tilt (well count not disclosed). Rationale: FPSO hull+topsides is the single largest line item. Well counts are high (15-30 on a Guyana-class development) but each well is a smaller share of a very large total."
Kikeh,Murphy Oil (80%),2004,1900.0,new_host_fpso,,complete,0.1100,209.0,114.0,304.0,allocated,"Top-down back-allocation of a disclosed $1,900MM total. Shares: ASSUMED prior for new_host_fpso. no well-count tilt (well count not disclosed). Rationale: FPSO hull+topsides is the single largest line item. Well counts are high (15-30 on a Guyana-class development) but each well is a smaller share of a very large total."
Kikeh,Murphy Oil (80%),2004,1900.0,new_host_fpso,,install,0.0800,152.0,76.0,228.0,allocated,"Top-down back-allocation of a disclosed $1,900MM total. Shares: ASSUMED prior for new_host_fpso. no well-count tilt (well count not disclosed). Rationale: FPSO hull+topsides is the single largest line item. Well counts are high (15-30 on a Guyana-class development) but each well is a smaller share of a very large total."
Kikeh,Murphy Oil (80%),2004,1900.0,new_host_fpso,,hookup,0.0500,95.0,38.0,152.0,allocated,"Top-down back-allocation of a disclosed $1,900MM total. Shares: ASSUMED prior for new_host_fpso. no well-count tilt (well count not disclosed). Rationale: FPSO hull+topsides is the single largest line item. Well counts are high (15-30 on a Guyana-class development) but each well is a smaller share of a very large total."
Tahiti (Phase 1),Chevron,2005,2700.0,new_host_spar,6,host,0.2947,795.8,552.8,1038.8,allocated,"Top-down back-allocation of a disclosed $2,700MM total. Shares: ASSUMED prior for new_host_spar. drill+complete shares tilted x0.88 for 6 wells vs a reference 8 for new_host_spar (sub-linear, factor 0.5). Rationale: Spar host; often dry-tree, which shifts cost from SURF toward the host and the (platform-drilled) wells."
Tahiti (Phase 1),Chevron,2005,2700.0,new_host_spar,6,drill,0.2487,671.4,428.4,914.4,allocated,"Top-down back-allocation of a disclosed $2,700MM total. Shares: ASSUMED prior for new_host_spar. drill+complete shares tilted x0.88 for 6 wells vs a reference 8 for new_host_spar (sub-linear, factor 0.5). Rationale: Spar host; often dry-tree, which shifts cost from SURF toward the host and the (platform-drilled) wells."
Tahiti (Phase 1),Chevron,2005,2700.0,new_host_spar,6,surf,0.2105,568.4,379.4,757.4,allocated,"Top-down back-allocation of a disclosed $2,700MM total. Shares: ASSUMED prior for new_host_spar. drill+complete shares tilted x0.88 for 6 wells vs a reference 8 for new_host_spar (sub-linear, factor 0.5). Rationale: Spar host; often dry-tree, which shifts cost from SURF toward the host and the (platform-drilled) wells."
Tahiti (Phase 1),Chevron,2005,2700.0,new_host_spar,6,complete,0.1197,323.3,188.3,458.3,allocated,"Top-down back-allocation of a disclosed $2,700MM total. Shares: ASSUMED prior for new_host_spar. drill+complete shares tilted x0.88 for 6 wells vs a reference 8 for new_host_spar (sub-linear, factor 0.5). Rationale: Spar host; often dry-tree, which shifts cost from SURF toward the host and the (platform-drilled) wells."
Tahiti (Phase 1),Chevron,2005,2700.0,new_host_spar,6,install,0.0737,198.9,90.9,306.9,allocated,"Top-down back-allocation of a disclosed $2,700MM total. Shares: ASSUMED prior for new_host_spar. drill+complete shares tilted x0.88 for 6 wells vs a reference 8 for new_host_spar (sub-linear, factor 0.5). Rationale: Spar host; often dry-tree, which shifts cost from SURF toward the host and the (platform-drilled) wells."
Tahiti (Phase 1),Chevron,2005,2700.0,new_host_spar,6,hookup,0.0526,142.1,61.1,223.1,allocated,"Top-down back-allocation of a disclosed $2,700MM total. Shares: ASSUMED prior for new_host_spar. drill+complete shares tilted x0.88 for 6 wells vs a reference 8 for new_host_spar (sub-linear, factor 0.5). Rationale: Spar host; often dry-tree, which shifts cost from SURF toward the host and the (platform-drilled) wells."
Frade (BC-4),"Chevron (op, 51.7%)",2006,2400.0,new_host_fpso,19,host,0.2973,713.5,473.5,953.5,allocated,"Top-down back-allocation of a disclosed $2,400MM total. Shares: ASSUMED prior for new_host_fpso. drill+complete shares tilted x1.03 for 19 wells vs a reference 18 for new_host_fpso (sub-linear, factor 0.5). Rationale: FPSO hull+topsides is the single largest line item. Well counts are high (15-30 on a Guyana-class development) but each well is a smaller share of a very large total."
Frade (BC-4),"Chevron (op, 51.7%)",2006,2400.0,new_host_fpso,19,surf,0.2378,570.8,378.8,762.8,allocated,"Top-down back-allocation of a disclosed $2,400MM total. Shares: ASSUMED prior for new_host_fpso. drill+complete shares tilted x1.03 for 19 wells vs a reference 18 for new_host_fpso (sub-linear, factor 0.5). Rationale: FPSO hull+topsides is the single largest line item. Well counts are high (15-30 on a Guyana-class development) but each well is a smaller share of a very large total."
Frade (BC-4),"Chevron (op, 51.7%)",2006,2400.0,new_host_fpso,19,drill,0.2241,537.7,345.7,729.7,allocated,"Top-down back-allocation of a disclosed $2,400MM total. Shares: ASSUMED prior for new_host_fpso. drill+complete shares tilted x1.03 for 19 wells vs a reference 18 for new_host_fpso (sub-linear, factor 0.5). Rationale: FPSO hull+topsides is the single largest line item. Well counts are high (15-30 on a Guyana-class development) but each well is a smaller share of a very large total."
Frade (BC-4),"Chevron (op, 51.7%)",2006,2400.0,new_host_fpso,19,complete,0.1120,268.9,148.9,388.9,allocated,"Top-down back-allocation of a disclosed $2,400MM total. Shares: ASSUMED prior for new_host_fpso. drill+complete shares tilted x1.03 for 19 wells vs a reference 18 for new_host_fpso (sub-linear, factor 0.5). Rationale: FPSO hull+topsides is the single largest line item. Well counts are high (15-30 on a Guyana-class development) but each well is a smaller share of a very large total."
Frade (BC-4),"Chevron (op, 51.7%)",2006,2400.0,new_host_fpso,19,install,0.0793,190.3,94.3,286.3,allocated,"Top-down back-allocation of a disclosed $2,400MM total. Shares: ASSUMED prior for new_host_fpso. drill+complete shares tilted x1.03 for 19 wells vs a reference 18 for new_host_fpso (sub-linear, factor 0.5). Rationale: FPSO hull+topsides is the single largest line item. Well counts are high (15-30 on a Guyana-class development) but each well is a smaller share of a very large total."
Frade (BC-4),"Chevron (op, 51.7%)",2006,2400.0,new_host_fpso,19,hookup,0.0495,118.9,46.9,190.9,allocated,"Top-down back-allocation of a disclosed $2,400MM total. Shares: ASSUMED prior for new_host_fpso. drill+complete shares tilted x1.03 for 19 wells vs a reference 18 for new_host_fpso (sub-linear, factor 0.5). Rationale: FPSO hull+topsides is the single largest line item. Well counts are high (15-30 on a Guyana-class development) but each well is a smaller share of a very large total."
Shenzi,BHP Billiton,2006,4400.0,new_host_tlp,15,drill,0.3303,1453.4,1057.4,1849.4,allocated,"Top-down back-allocation of a disclosed $4,400MM total. Shares: ASSUMED prior for new_host_tlp. drill+complete shares tilted x1.44 for 15 wells vs a reference 8 for new_host_tlp (sub-linear, factor 0.5). Rationale: TLP host, typically dry-tree. Similar structure to a spar."
Shenzi,BHP Billiton,2006,4400.0,new_host_tlp,15,host,0.2468,1086.0,690.0,1482.0,allocated,"Top-down back-allocation of a disclosed $4,400MM total. Shares: ASSUMED prior for new_host_tlp. drill+complete shares tilted x1.44 for 15 wells vs a reference 8 for new_host_tlp (sub-linear, factor 0.5). Rationale: TLP host, typically dry-tree. Similar structure to a spar."
Shenzi,BHP Billiton,2006,4400.0,new_host_tlp,15,surf,0.1617,711.5,403.5,1019.5,allocated,"Top-down back-allocation of a disclosed $4,400MM total. Shares: ASSUMED prior for new_host_tlp. drill+complete shares tilted x1.44 for 15 wells vs a reference 8 for new_host_tlp (sub-linear, factor 0.5). Rationale: TLP host, typically dry-tree. Similar structure to a spar."
Shenzi,BHP Billiton,2006,4400.0,new_host_tlp,15,complete,0.1590,699.8,479.8,919.8,allocated,"Top-down back-allocation of a disclosed $4,400MM total. Shares: ASSUMED prior for new_host_tlp. drill+complete shares tilted x1.44 for 15 wells vs a reference 8 for new_host_tlp (sub-linear, factor 0.5). Rationale: TLP host, typically dry-tree. Similar structure to a spar."
Shenzi,BHP Billiton,2006,4400.0,new_host_tlp,15,install,0.0596,262.1,86.1,438.1,allocated,"Top-down back-allocation of a disclosed $4,400MM total. Shares: ASSUMED prior for new_host_tlp. drill+complete shares tilted x1.44 for 15 wells vs a reference 8 for new_host_tlp (sub-linear, factor 0.5). Rationale: TLP host, typically dry-tree. Similar structure to a spar."
Shenzi,BHP Billiton,2006,4400.0,new_host_tlp,15,hookup,0.0426,187.2,55.2,319.2,allocated,"Top-down back-allocation of a disclosed $4,400MM total. Shares: ASSUMED prior for new_host_tlp. drill+complete shares tilted x1.44 for 15 wells vs a reference 8 for new_host_tlp (sub-linear, factor 0.5). Rationale: TLP host, typically dry-tree. Similar structure to a spar."
Jubilee Phase 1,Tullow (unit operator) / Kosmos (technical dev operator),2009,3300.0,new_host_fpso,17,host,0.3028,999.2,669.2,1329.2,allocated,"Top-down back-allocation of a disclosed $3,300MM total. Shares: ASSUMED prior for new_host_fpso. drill+complete shares tilted x0.97 for 17 wells vs a reference 18 for new_host_fpso (sub-linear, factor 0.5). Rationale: FPSO hull+topsides is the single largest line item. Well counts are high (15-30 on a Guyana-class development) but each well is a smaller share of a very large total."
Jubilee Phase 1,Tullow (unit operator) / Kosmos (technical dev operator),2009,3300.0,new_host_fpso,17,surf,0.2422,799.3,535.3,1063.3,allocated,"Top-down back-allocation of a disclosed $3,300MM total. Shares: ASSUMED prior for new_host_fpso. drill+complete shares tilted x0.97 for 17 wells vs a reference 18 for new_host_fpso (sub-linear, factor 0.5). Rationale: FPSO hull+topsides is the single largest line item. Well counts are high (15-30 on a Guyana-class development) but each well is a smaller share of a very large total."
Jubilee Phase 1,Tullow (unit operator) / Kosmos (technical dev operator),2009,3300.0,new_host_fpso,17,drill,0.2159,712.4,448.4,976.4,allocated,"Top-down back-allocation of a disclosed $3,300MM total. Shares: ASSUMED prior for new_host_fpso. drill+complete shares tilted x0.97 for 17 wells vs a reference 18 for new_host_fpso (sub-linear, factor 0.5). Rationale: FPSO hull+topsides is the single largest line item. Well counts are high (15-30 on a Guyana-class development) but each well is a smaller share of a very large total."
Jubilee Phase 1,Tullow (unit operator) / Kosmos (technical dev operator),2009,3300.0,new_host_fpso,17,complete,0.1079,356.2,191.2,521.2,allocated,"Top-down back-allocation of a disclosed $3,300MM total. Shares: ASSUMED prior for new_host_fpso. drill+complete shares tilted x0.97 for 17 wells vs a reference 18 for new_host_fpso (sub-linear, factor 0.5). Rationale: FPSO hull+topsides is the single largest line item. Well counts are high (15-30 on a Guyana-class development) but each well is a smaller share of a very large total."
Jubilee Phase 1,Tullow (unit operator) / Kosmos (technical dev operator),2009,3300.0,new_host_fpso,17,install,0.0807,266.4,134.4,398.4,allocated,"Top-down back-allocation of a disclosed $3,300MM total. Shares: ASSUMED prior for new_host_fpso. drill+complete shares tilted x0.97 for 17 wells vs a reference 18 for new_host_fpso (sub-linear, factor 0.5). Rationale: FPSO hull+topsides is the single largest line item. Well counts are high (15-30 on a Guyana-class development) but each well is a smaller share of a very large total."
Jubilee Phase 1,Tullow (unit operator) / Kosmos (technical dev operator),2009,3300.0,new_host_fpso,17,hookup,0.0505,166.5,67.5,265.5,allocated,"Top-down back-allocation of a disclosed $3,300MM total. Shares: ASSUMED prior for new_host_fpso. drill+complete shares tilted x0.97 for 17 wells vs a reference 18 for new_host_fpso (sub-linear, factor 0.5). Rationale: FPSO hull+topsides is the single largest line item. Well counts are high (15-30 on a Guyana-class development) but each well is a smaller share of a very large total."
Big Foot,Chevron,2010,4000.0,new_host_tlp,,host,0.2900,1160.0,800.0,1520.0,allocated,"Top-down back-allocation of a disclosed $4,000MM total. Shares: ASSUMED prior for new_host_tlp. no well-count tilt (well count not disclosed). Rationale: TLP host, typically dry-tree. Similar structure to a spar."
Big Foot,Chevron,2010,4000.0,new_host_tlp,,drill,0.2700,1080.0,720.0,1440.0,allocated,"Top-down back-allocation of a disclosed $4,000MM total. Shares: ASSUMED prior for new_host_tlp. no well-count tilt (well count not disclosed). Rationale: TLP host, typically dry-tree. Similar structure to a spar."
Big Foot,Chevron,2010,4000.0,new_host_tlp,,surf,0.1900,760.0,480.0,1040.0,allocated,"Top-down back-allocation of a disclosed $4,000MM total. Shares: ASSUMED prior for new_host_tlp. no well-count tilt (well count not disclosed). Rationale: TLP host, typically dry-tree. Similar structure to a spar."
Big Foot,Chevron,2010,4000.0,new_host_tlp,,complete,0.1300,520.0,320.0,720.0,allocated,"Top-down back-allocation of a disclosed $4,000MM total. Shares: ASSUMED prior for new_host_tlp. no well-count tilt (well count not disclosed). Rationale: TLP host, typically dry-tree. Similar structure to a spar."
Big Foot,Chevron,2010,4000.0,new_host_tlp,,install,0.0700,280.0,120.0,440.0,allocated,"Top-down back-allocation of a disclosed $4,000MM total. Shares: ASSUMED prior for new_host_tlp. no well-count tilt (well count not disclosed). Rationale: TLP host, typically dry-tree. Similar structure to a spar."
Big Foot,Chevron,2010,4000.0,new_host_tlp,,hookup,0.0500,200.0,80.0,320.0,allocated,"Top-down back-allocation of a disclosed $4,000MM total. Shares: ASSUMED prior for new_host_tlp. no well-count tilt (well count not disclosed). Rationale: TLP host, typically dry-tree. Similar structure to a spar."
Jack/St. Malo (initial phase),Chevron,2010,7500.0,new_host_semi,,host,0.2700,2025.0,1350.0,2700.0,allocated,"Top-down back-allocation of a disclosed $7,500MM total. Shares: ASSUMED prior for new_host_semi. no well-count tilt (well count not disclosed). Rationale: Semi-submersible FPU (GOM Anchor/Whale class). Fewer wells than an FPSO development; host is a major but not dominant share."
Jack/St. Malo (initial phase),Chevron,2010,7500.0,new_host_semi,,drill,0.2600,1950.0,1275.0,2625.0,allocated,"Top-down back-allocation of a disclosed $7,500MM total. Shares: ASSUMED prior for new_host_semi. no well-count tilt (well count not disclosed). Rationale: Semi-submersible FPU (GOM Anchor/Whale class). Fewer wells than an FPSO development; host is a major but not dominant share."
Jack/St. Malo (initial phase),Chevron,2010,7500.0,new_host_semi,,surf,0.2200,1650.0,1050.0,2250.0,allocated,"Top-down back-allocation of a disclosed $7,500MM total. Shares: ASSUMED prior for new_host_semi. no well-count tilt (well count not disclosed). Rationale: Semi-submersible FPU (GOM Anchor/Whale class). Fewer wells than an FPSO development; host is a major but not dominant share."
Jack/St. Malo (initial phase),Chevron,2010,7500.0,new_host_semi,,complete,0.1300,975.0,600.0,1350.0,allocated,"Top-down back-allocation of a disclosed $7,500MM total. Shares: ASSUMED prior for new_host_semi. no well-count tilt (well count not disclosed). Rationale: Semi-submersible FPU (GOM Anchor/Whale class). Fewer wells than an FPSO development; host is a major but not dominant share."
Jack/St. Malo (initial phase),Chevron,2010,7500.0,new_host_semi,,install,0.0700,525.0,225.0,825.0,allocated,"Top-down back-allocation of a disclosed $7,500MM total. Shares: ASSUMED prior for new_host_semi. no well-count tilt (well count not disclosed). Rationale: Semi-submersible FPU (GOM Anchor/Whale class). Fewer wells than an FPSO development; host is a major but not dominant share."
Jack/St. Malo (initial phase),Chevron,2010,7500.0,new_host_semi,,hookup,0.0500,375.0,150.0,600.0,allocated,"Top-down back-allocation of a disclosed $7,500MM total. Shares: ASSUMED prior for new_host_semi. no well-count tilt (well count not disclosed). Rationale: Semi-submersible FPU (GOM Anchor/Whale class). Fewer wells than an FPSO development; host is a major but not dominant share."
Papa-Terra (BC-20),"Petrobras (op, 62.5%) / Chevron (37.5%)",2010,5200.0,new_host_tlp,,host,0.2900,1508.0,1040.0,1976.0,allocated,"Top-down back-allocation of a disclosed $5,200MM total. Shares: ASSUMED prior for new_host_tlp. no well-count tilt (well count not disclosed). Rationale: TLP host, typically dry-tree. Similar structure to a spar."
Papa-Terra (BC-20),"Petrobras (op, 62.5%) / Chevron (37.5%)",2010,5200.0,new_host_tlp,,drill,0.2700,1404.0,936.0,1872.0,allocated,"Top-down back-allocation of a disclosed $5,200MM total. Shares: ASSUMED prior for new_host_tlp. no well-count tilt (well count not disclosed). Rationale: TLP host, typically dry-tree. Similar structure to a spar."
Papa-Terra (BC-20),"Petrobras (op, 62.5%) / Chevron (37.5%)",2010,5200.0,new_host_tlp,,surf,0.1900,988.0,624.0,1352.0,allocated,"Top-down back-allocation of a disclosed $5,200MM total. Shares: ASSUMED prior for new_host_tlp. no well-count tilt (well count not disclosed). Rationale: TLP host, typically dry-tree. Similar structure to a spar."
Papa-Terra (BC-20),"Petrobras (op, 62.5%) / Chevron (37.5%)",2010,5200.0,new_host_tlp,,complete,0.1300,676.0,416.0,936.0,allocated,"Top-down back-allocation of a disclosed $5,200MM total. Shares: ASSUMED prior for new_host_tlp. no well-count tilt (well count not disclosed). Rationale: TLP host, typically dry-tree. Similar structure to a spar."
Papa-Terra (BC-20),"Petrobras (op, 62.5%) / Chevron (37.5%)",2010,5200.0,new_host_tlp,,install,0.0700,364.0,156.0,572.0,allocated,"Top-down back-allocation of a disclosed $5,200MM total. Shares: ASSUMED prior for new_host_tlp. no well-count tilt (well count not disclosed). Rationale: TLP host, typically dry-tree. Similar structure to a spar."
Papa-Terra (BC-20),"Petrobras (op, 62.5%) / Chevron (37.5%)",2010,5200.0,new_host_tlp,,hookup,0.0500,260.0,104.0,416.0,allocated,"Top-down back-allocation of a disclosed $5,200MM total. Shares: ASSUMED prior for new_host_tlp. no well-count tilt (well count not disclosed). Rationale: TLP host, typically dry-tree. Similar structure to a spar."
Tamar (Phase 1),Noble Energy,2010,3000.0,new_host_fixed,5,host,0.3799,1139.7,839.7,1439.7,allocated,"Top-down back-allocation of a disclosed $3,000MM total. Shares: ASSUMED prior for new_host_fixed. drill+complete shares tilted x0.71 for 5 wells vs a reference 12 for new_host_fixed (sub-linear, factor 0.5). Rationale: Fixed steel jacket / gravity-base platform (Clair Ridge, Tyra, Johan Sverdrup P2 class). Relative to a floater: HOST and INSTALL take a larger share (heavy jacket fabrication and a heavy-lift install campaign), while SURF takes less — wells are frequently drilled from the platform itself rather than tied back subsea, so there is less flowline and no riser/mooring system to buy."
Tamar (Phase 1),Noble Energy,2010,3000.0,new_host_fixed,5,drill,0.1899,569.8,329.8,809.8,allocated,"Top-down back-allocation of a disclosed $3,000MM total. Shares: ASSUMED prior for new_host_fixed. drill+complete shares tilted x0.71 for 5 wells vs a reference 12 for new_host_fixed (sub-linear, factor 0.5). Rationale: Fixed steel jacket / gravity-base platform (Clair Ridge, Tyra, Johan Sverdrup P2 class). Relative to a floater: HOST and INSTALL take a larger share (heavy jacket fabrication and a heavy-lift install campaign), while SURF takes less — wells are frequently drilled from the platform itself rather than tied back subsea, so there is less flowline and no riser/mooring system to buy."
Tamar (Phase 1),Noble Energy,2010,3000.0,new_host_fixed,5,surf,0.1564,469.3,289.3,649.3,allocated,"Top-down back-allocation of a disclosed $3,000MM total. Shares: ASSUMED prior for new_host_fixed. drill+complete shares tilted x0.71 for 5 wells vs a reference 12 for new_host_fixed (sub-linear, factor 0.5). Rationale: Fixed steel jacket / gravity-base platform (Clair Ridge, Tyra, Johan Sverdrup P2 class). Relative to a floater: HOST and INSTALL take a larger share (heavy jacket fabrication and a heavy-lift install campaign), while SURF takes less — wells are frequently drilled from the platform itself rather than tied back subsea, so there is less flowline and no riser/mooring system to buy."
Tamar (Phase 1),Noble Energy,2010,3000.0,new_host_fixed,5,install,0.1117,335.2,185.2,485.2,allocated,"Top-down back-allocation of a disclosed $3,000MM total. Shares: ASSUMED prior for new_host_fixed. drill+complete shares tilted x0.71 for 5 wells vs a reference 12 for new_host_fixed (sub-linear, factor 0.5). Rationale: Fixed steel jacket / gravity-base platform (Clair Ridge, Tyra, Johan Sverdrup P2 class). Relative to a floater: HOST and INSTALL take a larger share (heavy jacket fabrication and a heavy-lift install campaign), while SURF takes less — wells are frequently drilled from the platform itself rather than tied back subsea, so there is less flowline and no riser/mooring system to buy."
Tamar (Phase 1),Noble Energy,2010,3000.0,new_host_fixed,5,complete,0.0950,284.9,134.9,434.9,allocated,"Top-down back-allocation of a disclosed $3,000MM total. Shares: ASSUMED prior for new_host_fixed. drill+complete shares tilted x0.71 for 5 wells vs a reference 12 for new_host_fixed (sub-linear, factor 0.5). Rationale: Fixed steel jacket / gravity-base platform (Clair Ridge, Tyra, Johan Sverdrup P2 class). Relative to a floater: HOST and INSTALL take a larger share (heavy jacket fabrication and a heavy-lift install campaign), while SURF takes less — wells are frequently drilled from the platform itself rather than tied back subsea, so there is less flowline and no riser/mooring system to buy."
Tamar (Phase 1),Noble Energy,2010,3000.0,new_host_fixed,5,hookup,0.0670,201.1,111.1,291.1,allocated,"Top-down back-allocation of a disclosed $3,000MM total. Shares: ASSUMED prior for new_host_fixed. drill+complete shares tilted x0.71 for 5 wells vs a reference 12 for new_host_fixed (sub-linear, factor 0.5). Rationale: Fixed steel jacket / gravity-base platform (Clair Ridge, Tyra, Johan Sverdrup P2 class). Relative to a floater: HOST and INSTALL take a larger share (heavy jacket fabrication and a heavy-lift install campaign), while SURF takes less — wells are frequently drilled from the platform itself rather than tied back subsea, so there is less flowline and no riser/mooring system to buy."
Golden Eagle Area,Nexen,2011,3300.0,new_host_fixed,20,host,0.3036,1001.8,671.8,1331.8,allocated,"Top-down back-allocation of a disclosed $3,300MM total. Shares: ASSUMED prior for new_host_fixed. drill+complete shares tilted x1.33 for 20 wells vs a reference 12 for new_host_fixed (sub-linear, factor 0.5). Rationale: Fixed steel jacket / gravity-base platform (Clair Ridge, Tyra, Johan Sverdrup P2 class). Relative to a floater: HOST and INSTALL take a larger share (heavy jacket fabrication and a heavy-lift install campaign), while SURF takes less — wells are frequently drilled from the platform itself rather than tied back subsea, so there is less flowline and no riser/mooring system to buy."
Golden Eagle Area,Nexen,2011,3300.0,new_host_fixed,20,drill,0.2857,942.9,678.9,1206.9,allocated,"Top-down back-allocation of a disclosed $3,300MM total. Shares: ASSUMED prior for new_host_fixed. drill+complete shares tilted x1.33 for 20 wells vs a reference 12 for new_host_fixed (sub-linear, factor 0.5). Rationale: Fixed steel jacket / gravity-base platform (Clair Ridge, Tyra, Johan Sverdrup P2 class). Relative to a floater: HOST and INSTALL take a larger share (heavy jacket fabrication and a heavy-lift install campaign), while SURF takes less — wells are frequently drilled from the platform itself rather than tied back subsea, so there is less flowline and no riser/mooring system to buy."
Golden Eagle Area,Nexen,2011,3300.0,new_host_fixed,20,complete,0.1429,471.4,306.4,636.4,allocated,"Top-down back-allocation of a disclosed $3,300MM total. Shares: ASSUMED prior for new_host_fixed. drill+complete shares tilted x1.33 for 20 wells vs a reference 12 for new_host_fixed (sub-linear, factor 0.5). Rationale: Fixed steel jacket / gravity-base platform (Clair Ridge, Tyra, Johan Sverdrup P2 class). Relative to a floater: HOST and INSTALL take a larger share (heavy jacket fabrication and a heavy-lift install campaign), while SURF takes less — wells are frequently drilled from the platform itself rather than tied back subsea, so there is less flowline and no riser/mooring system to buy."
Golden Eagle Area,Nexen,2011,3300.0,new_host_fixed,20,surf,0.1250,412.5,214.5,610.5,allocated,"Top-down back-allocation of a disclosed $3,300MM total. Shares: ASSUMED prior for new_host_fixed. drill+complete shares tilted x1.33 for 20 wells vs a reference 12 for new_host_fixed (sub-linear, factor 0.5). Rationale: Fixed steel jacket / gravity-base platform (Clair Ridge, Tyra, Johan Sverdrup P2 class). Relative to a floater: HOST and INSTALL take a larger share (heavy jacket fabrication and a heavy-lift install campaign), while SURF takes less — wells are frequently drilled from the platform itself rather than tied back subsea, so there is less flowline and no riser/mooring system to buy."
Golden Eagle Area,Nexen,2011,3300.0,new_host_fixed,20,install,0.0893,294.6,129.6,459.6,allocated,"Top-down back-allocation of a disclosed $3,300MM total. Shares: ASSUMED prior for new_host_fixed. drill+complete shares tilted x1.33 for 20 wells vs a reference 12 for new_host_fixed (sub-linear, factor 0.5). Rationale: Fixed steel jacket / gravity-base platform (Clair Ridge, Tyra, Johan Sverdrup P2 class). Relative to a floater: HOST and INSTALL take a larger share (heavy jacket fabrication and a heavy-lift install campaign), while SURF takes less — wells are frequently drilled from the platform itself rather than tied back subsea, so there is less flowline and no riser/mooring system to buy."
Golden Eagle Area,Nexen,2011,3300.0,new_host_fixed,20,hookup,0.0536,176.8,77.8,275.8,allocated,"Top-down back-allocation of a disclosed $3,300MM total. Shares: ASSUMED prior for new_host_fixed. drill+complete shares tilted x1.33 for 20 wells vs a reference 12 for new_host_fixed (sub-linear, factor 0.5). Rationale: Fixed steel jacket / gravity-base platform (Clair Ridge, Tyra, Johan Sverdrup P2 class). Relative to a floater: HOST and INSTALL take a larger share (heavy jacket fabrication and a heavy-lift install campaign), while SURF takes less — wells are frequently drilled from the platform itself rather than tied back subsea, so there is less flowline and no riser/mooring system to buy."
Tubular Bells,Hess,2011,2300.0,new_host_spar,5,host,0.3027,696.2,489.2,903.2,allocated,"Top-down back-allocation of a disclosed $2,300MM total. Shares: ASSUMED prior for new_host_spar. drill+complete shares tilted x0.81 for 5 wells vs a reference 8 for new_host_spar (sub-linear, factor 0.5). Rationale: Spar host; often dry-tree, which shifts cost from SURF toward the host and the (platform-drilled) wells."
Tubular Bells,Hess,2011,2300.0,new_host_spar,5,drill,0.2372,545.5,338.5,752.5,allocated,"Top-down back-allocation of a disclosed $2,300MM total. Shares: ASSUMED prior for new_host_spar. drill+complete shares tilted x0.81 for 5 wells vs a reference 8 for new_host_spar (sub-linear, factor 0.5). Rationale: Spar host; often dry-tree, which shifts cost from SURF toward the host and the (platform-drilled) wells."
Tubular Bells,Hess,2011,2300.0,new_host_spar,5,surf,0.2162,497.3,336.3,658.3,allocated,"Top-down back-allocation of a disclosed $2,300MM total. Shares: ASSUMED prior for new_host_spar. drill+complete shares tilted x0.81 for 5 wells vs a reference 8 for new_host_spar (sub-linear, factor 0.5). Rationale: Spar host; often dry-tree, which shifts cost from SURF toward the host and the (platform-drilled) wells."
Tubular Bells,Hess,2011,2300.0,new_host_spar,5,complete,0.1142,262.6,147.6,377.6,allocated,"Top-down back-allocation of a disclosed $2,300MM total. Shares: ASSUMED prior for new_host_spar. drill+complete shares tilted x0.81 for 5 wells vs a reference 8 for new_host_spar (sub-linear, factor 0.5). Rationale: Spar host; often dry-tree, which shifts cost from SURF toward the host and the (platform-drilled) wells."
Tubular Bells,Hess,2011,2300.0,new_host_spar,5,install,0.0757,174.1,82.1,266.1,allocated,"Top-down back-allocation of a disclosed $2,300MM total. Shares: ASSUMED prior for new_host_spar. drill+complete shares tilted x0.81 for 5 wells vs a reference 8 for new_host_spar (sub-linear, factor 0.5). Rationale: Spar host; often dry-tree, which shifts cost from SURF toward the host and the (platform-drilled) wells."
Tubular Bells,Hess,2011,2300.0,new_host_spar,5,hookup,0.0541,124.3,55.3,193.3,allocated,"Top-down back-allocation of a disclosed $2,300MM total. Shares: ASSUMED prior for new_host_spar. drill+complete shares tilted x0.81 for 5 wells vs a reference 8 for new_host_spar (sub-linear, factor 0.5). Rationale: Spar host; often dry-tree, which shifts cost from SURF toward the host and the (platform-drilled) wells."
Mariner,Statoil (now Equinor),2012,7000.0,new_host_fixed,,host,0.3400,2380.0,1680.0,3080.0,allocated,"Top-down back-allocation of a disclosed $7,000MM total. Shares: ASSUMED prior for new_host_fixed. no well-count tilt (well count not disclosed). Rationale: Fixed steel jacket / gravity-base platform (Clair Ridge, Tyra, Johan Sverdrup P2 class). Relative to a floater: HOST and INSTALL take a larger share (heavy jacket fabrication and a heavy-lift install campaign), while SURF takes less — wells are frequently drilled from the platform itself rather than tied back subsea, so there is less flowline and no riser/mooring system to buy."
Mariner,Statoil (now Equinor),2012,7000.0,new_host_fixed,,drill,0.2400,1680.0,1120.0,2240.0,allocated,"Top-down back-allocation of a disclosed $7,000MM total. Shares: ASSUMED prior for new_host_fixed. no well-count tilt (well count not disclosed). Rationale: Fixed steel jacket / gravity-base platform (Clair Ridge, Tyra, Johan Sverdrup P2 class). Relative to a floater: HOST and INSTALL take a larger share (heavy jacket fabrication and a heavy-lift install campaign), while SURF takes less — wells are frequently drilled from the platform itself rather than tied back subsea, so there is less flowline and no riser/mooring system to buy."
Mariner,Statoil (now Equinor),2012,7000.0,new_host_fixed,,surf,0.1400,980.0,560.0,1400.0,allocated,"Top-down back-allocation of a disclosed $7,000MM total. Shares: ASSUMED prior for new_host_fixed. no well-count tilt (well count not disclosed). Rationale: Fixed steel jacket / gravity-base platform (Clair Ridge, Tyra, Johan Sverdrup P2 class). Relative to a floater: HOST and INSTALL take a larger share (heavy jacket fabrication and a heavy-lift install campaign), while SURF takes less — wells are frequently drilled from the platform itself rather than tied back subsea, so there is less flowline and no riser/mooring system to buy."
Mariner,Statoil (now Equinor),2012,7000.0,new_host_fixed,,complete,0.1200,840.0,490.0,1190.0,allocated,"Top-down back-allocation of a disclosed $7,000MM total. Shares: ASSUMED prior for new_host_fixed. no well-count tilt (well count not disclosed). Rationale: Fixed steel jacket / gravity-base platform (Clair Ridge, Tyra, Johan Sverdrup P2 class). Relative to a floater: HOST and INSTALL take a larger share (heavy jacket fabrication and a heavy-lift install campaign), while SURF takes less — wells are frequently drilled from the platform itself rather than tied back subsea, so there is less flowline and no riser/mooring system to buy."
Mariner,Statoil (now Equinor),2012,7000.0,new_host_fixed,,install,0.1000,700.0,350.0,1050.0,allocated,"Top-down back-allocation of a disclosed $7,000MM total. Shares: ASSUMED prior for new_host_fixed. no well-count tilt (well count not disclosed). Rationale: Fixed steel jacket / gravity-base platform (Clair Ridge, Tyra, Johan Sverdrup P2 class). Relative to a floater: HOST and INSTALL take a larger share (heavy jacket fabrication and a heavy-lift install campaign), while SURF takes less — wells are frequently drilled from the platform itself rather than tied back subsea, so there is less flowline and no riser/mooring system to buy."
Mariner,Statoil (now Equinor),2012,7000.0,new_host_fixed,,hookup,0.0600,420.0,210.0,630.0,allocated,"Top-down back-allocation of a disclosed $7,000MM total. Shares: ASSUMED prior for new_host_fixed. no well-count tilt (well count not disclosed). Rationale: Fixed steel jacket / gravity-base platform (Clair Ridge, Tyra, Johan Sverdrup P2 class). Relative to a floater: HOST and INSTALL take a larger share (heavy jacket fabrication and a heavy-lift install campaign), while SURF takes less — wells are frequently drilled from the platform itself rather than tied back subsea, so there is less flowline and no riser/mooring system to buy."
Martin Linge (ex-Hild),Total (Equinor operator from 2018),2012,4200.0,new_host_fixed,,host,0.3400,1428.0,1008.0,1848.0,allocated,"Top-down back-allocation of a disclosed $4,200MM total. Shares: ASSUMED prior for new_host_fixed. no well-count tilt (well count not disclosed). Rationale: Fixed steel jacket / gravity-base platform (Clair Ridge, Tyra, Johan Sverdrup P2 class). Relative to a floater: HOST and INSTALL take a larger share (heavy jacket fabrication and a heavy-lift install campaign), while SURF takes less — wells are frequently drilled from the platform itself rather than tied back subsea, so there is less flowline and no riser/mooring system to buy."
Martin Linge (ex-Hild),Total (Equinor operator from 2018),2012,4200.0,new_host_fixed,,drill,0.2400,1008.0,672.0,1344.0,allocated,"Top-down back-allocation of a disclosed $4,200MM total. Shares: ASSUMED prior for new_host_fixed. no well-count tilt (well count not disclosed). Rationale: Fixed steel jacket / gravity-base platform (Clair Ridge, Tyra, Johan Sverdrup P2 class). Relative to a floater: HOST and INSTALL take a larger share (heavy jacket fabrication and a heavy-lift install campaign), while SURF takes less — wells are frequently drilled from the platform itself rather than tied back subsea, so there is less flowline and no riser/mooring system to buy."
Martin Linge (ex-Hild),Total (Equinor operator from 2018),2012,4200.0,new_host_fixed,,surf,0.1400,588.0,336.0,840.0,allocated,"Top-down back-allocation of a disclosed $4,200MM total. Shares: ASSUMED prior for new_host_fixed. no well-count tilt (well count not disclosed). Rationale: Fixed steel jacket / gravity-base platform (Clair Ridge, Tyra, Johan Sverdrup P2 class). Relative to a floater: HOST and INSTALL take a larger share (heavy jacket fabrication and a heavy-lift install campaign), while SURF takes less — wells are frequently drilled from the platform itself rather than tied back subsea, so there is less flowline and no riser/mooring system to buy."
Martin Linge (ex-Hild),Total (Equinor operator from 2018),2012,4200.0,new_host_fixed,,complete,0.1200,504.0,294.0,714.0,allocated,"Top-down back-allocation of a disclosed $4,200MM total. Shares: ASSUMED prior for new_host_fixed. no well-count tilt (well count not disclosed). Rationale: Fixed steel jacket / gravity-base platform (Clair Ridge, Tyra, Johan Sverdrup P2 class). Relative to a floater: HOST and INSTALL take a larger share (heavy jacket fabrication and a heavy-lift install campaign), while SURF takes less — wells are frequently drilled from the platform itself rather than tied back subsea, so there is less flowline and no riser/mooring system to buy."
Martin Linge (ex-Hild),Total (Equinor operator from 2018),2012,4200.0,new_host_fixed,,install,0.1000,420.0,210.0,630.0,allocated,"Top-down back-allocation of a disclosed $4,200MM total. Shares: ASSUMED prior for new_host_fixed. no well-count tilt (well count not disclosed). Rationale: Fixed steel jacket / gravity-base platform (Clair Ridge, Tyra, Johan Sverdrup P2 class). Relative to a floater: HOST and INSTALL take a larger share (heavy jacket fabrication and a heavy-lift install campaign), while SURF takes less — wells are frequently drilled from the platform itself rather than tied back subsea, so there is less flowline and no riser/mooring system to buy."
Martin Linge (ex-Hild),Total (Equinor operator from 2018),2012,4200.0,new_host_fixed,,hookup,0.0600,252.0,126.0,378.0,allocated,"Top-down back-allocation of a disclosed $4,200MM total. Shares: ASSUMED prior for new_host_fixed. no well-count tilt (well count not disclosed). Rationale: Fixed steel jacket / gravity-base platform (Clair Ridge, Tyra, Johan Sverdrup P2 class). Relative to a floater: HOST and INSTALL take a larger share (heavy jacket fabrication and a heavy-lift install campaign), while SURF takes less — wells are frequently drilled from the platform itself rather than tied back subsea, so there is less flowline and no riser/mooring system to buy."
Julia (initial phase),ExxonMobil,2013,4000.0,subsea_tieback,6,drill,0.3778,1511.1,1111.1,1911.1,allocated,"Top-down back-allocation of a disclosed $4,000MM total. Shares: ASSUMED prior for subsea_tieback. drill+complete shares tilted x1.25 for 6 wells vs a reference 4 for subsea_tieback (sub-linear, factor 0.5). Rationale: Tieback reuses an existing host, so HOST is near-zero (brownfield tie-in mods only). Wells + SURF carry the project. SURF share is high because the flowline/umbilical run to the host is the defining scope of a tieback."
Julia (initial phase),ExxonMobil,2013,4000.0,subsea_tieback,6,surf,0.2667,1066.7,706.7,1426.7,allocated,"Top-down back-allocation of a disclosed $4,000MM total. Shares: ASSUMED prior for subsea_tieback. drill+complete shares tilted x1.25 for 6 wells vs a reference 4 for subsea_tieback (sub-linear, factor 0.5). Rationale: Tieback reuses an existing host, so HOST is near-zero (brownfield tie-in mods only). Wells + SURF carry the project. SURF share is high because the flowline/umbilical run to the host is the defining scope of a tieback."
Julia (initial phase),ExxonMobil,2013,4000.0,subsea_tieback,6,complete,0.1778,711.1,471.1,951.1,allocated,"Top-down back-allocation of a disclosed $4,000MM total. Shares: ASSUMED prior for subsea_tieback. drill+complete shares tilted x1.25 for 6 wells vs a reference 4 for subsea_tieback (sub-linear, factor 0.5). Rationale: Tieback reuses an existing host, so HOST is near-zero (brownfield tie-in mods only). Wells + SURF carry the project. SURF share is high because the flowline/umbilical run to the host is the defining scope of a tieback."
Julia (initial phase),ExxonMobil,2013,4000.0,subsea_tieback,6,install,0.0978,391.1,191.1,591.1,allocated,"Top-down back-allocation of a disclosed $4,000MM total. Shares: ASSUMED prior for subsea_tieback. drill+complete shares tilted x1.25 for 6 wells vs a reference 4 for subsea_tieback (sub-linear, factor 0.5). Rationale: Tieback reuses an existing host, so HOST is near-zero (brownfield tie-in mods only). Wells + SURF carry the project. SURF share is high because the flowline/umbilical run to the host is the defining scope of a tieback."
Julia (initial phase),ExxonMobil,2013,4000.0,subsea_tieback,6,hookup,0.0444,177.8,57.8,297.8,allocated,"Top-down back-allocation of a disclosed $4,000MM total. Shares: ASSUMED prior for subsea_tieback. drill+complete shares tilted x1.25 for 6 wells vs a reference 4 for subsea_tieback (sub-linear, factor 0.5). Rationale: Tieback reuses an existing host, so HOST is near-zero (brownfield tie-in mods only). Wells + SURF carry the project. SURF share is high because the flowline/umbilical run to the host is the defining scope of a tieback."
Julia (initial phase),ExxonMobil,2013,4000.0,subsea_tieback,6,host,0.0356,142.2,0.0,302.2,allocated,"Top-down back-allocation of a disclosed $4,000MM total. Shares: ASSUMED prior for subsea_tieback. drill+complete shares tilted x1.25 for 6 wells vs a reference 4 for subsea_tieback (sub-linear, factor 0.5). Rationale: Tieback reuses an existing host, so HOST is near-zero (brownfield tie-in mods only). Wells + SURF carry the project. SURF share is high because the flowline/umbilical run to the host is the defining scope of a tieback."
Kraken,EnQuest,2013,3200.0,new_host_fpso,25,host,0.2819,902.1,582.1,1222.1,allocated,"Top-down back-allocation of a disclosed $3,200MM total. Shares: ASSUMED prior for new_host_fpso. drill+complete shares tilted x1.19 for 25 wells vs a reference 18 for new_host_fpso (sub-linear, factor 0.5). Rationale: FPSO hull+topsides is the single largest line item. Well counts are high (15-30 on a Guyana-class development) but each well is a smaller share of a very large total."
Kraken,EnQuest,2013,3200.0,new_host_fpso,25,drill,0.2469,790.2,534.2,1046.2,allocated,"Top-down back-allocation of a disclosed $3,200MM total. Shares: ASSUMED prior for new_host_fpso. drill+complete shares tilted x1.19 for 25 wells vs a reference 18 for new_host_fpso (sub-linear, factor 0.5). Rationale: FPSO hull+topsides is the single largest line item. Well counts are high (15-30 on a Guyana-class development) but each well is a smaller share of a very large total."
Kraken,EnQuest,2013,3200.0,new_host_fpso,25,surf,0.2255,721.7,465.7,977.7,allocated,"Top-down back-allocation of a disclosed $3,200MM total. Shares: ASSUMED prior for new_host_fpso. drill+complete shares tilted x1.19 for 25 wells vs a reference 18 for new_host_fpso (sub-linear, factor 0.5). Rationale: FPSO hull+topsides is the single largest line item. Well counts are high (15-30 on a Guyana-class development) but each well is a smaller share of a very large total."
Kraken,EnQuest,2013,3200.0,new_host_fpso,25,complete,0.1235,395.1,235.1,555.1,allocated,"Top-down back-allocation of a disclosed $3,200MM total. Shares: ASSUMED prior for new_host_fpso. drill+complete shares tilted x1.19 for 25 wells vs a reference 18 for new_host_fpso (sub-linear, factor 0.5). Rationale: FPSO hull+topsides is the single largest line item. Well counts are high (15-30 on a Guyana-class development) but each well is a smaller share of a very large total."
Kraken,EnQuest,2013,3200.0,new_host_fpso,25,install,0.0752,240.6,112.6,368.6,allocated,"Top-down back-allocation of a disclosed $3,200MM total. Shares: ASSUMED prior for new_host_fpso. drill+complete shares tilted x1.19 for 25 wells vs a reference 18 for new_host_fpso (sub-linear, factor 0.5). Rationale: FPSO hull+topsides is the single largest line item. Well counts are high (15-30 on a Guyana-class development) but each well is a smaller share of a very large total."
Kraken,EnQuest,2013,3200.0,new_host_fpso,25,hookup,0.0470,150.4,54.4,246.4,allocated,"Top-down back-allocation of a disclosed $3,200MM total. Shares: ASSUMED prior for new_host_fpso. drill+complete shares tilted x1.19 for 25 wells vs a reference 18 for new_host_fpso (sub-linear, factor 0.5). Rationale: FPSO hull+topsides is the single largest line item. Well counts are high (15-30 on a Guyana-class development) but each well is a smaller share of a very large total."
Mafumeira Sul,Chevron (CABGOC),2013,5600.0,new_host_fixed,50,drill,0.3354,1878.3,1430.3,2326.3,allocated,"Top-down back-allocation of a disclosed $5,600MM total. Shares: ASSUMED prior for new_host_fixed. drill+complete shares tilted x1.80 for 50 wells vs a reference 12 for new_host_fixed (sub-linear, factor 0.5). Rationale: Fixed steel jacket / gravity-base platform (Clair Ridge, Tyra, Johan Sverdrup P2 class). Relative to a floater: HOST and INSTALL take a larger share (heavy jacket fabrication and a heavy-lift install campaign), while SURF takes less — wells are frequently drilled from the platform itself rather than tied back subsea, so there is less flowline and no riser/mooring system to buy."
Mafumeira Sul,Chevron (CABGOC),2013,5600.0,new_host_fixed,50,host,0.2640,1478.3,918.3,2038.3,allocated,"Top-down back-allocation of a disclosed $5,600MM total. Shares: ASSUMED prior for new_host_fixed. drill+complete shares tilted x1.80 for 50 wells vs a reference 12 for new_host_fixed (sub-linear, factor 0.5). Rationale: Fixed steel jacket / gravity-base platform (Clair Ridge, Tyra, Johan Sverdrup P2 class). Relative to a floater: HOST and INSTALL take a larger share (heavy jacket fabrication and a heavy-lift install campaign), while SURF takes less — wells are frequently drilled from the platform itself rather than tied back subsea, so there is less flowline and no riser/mooring system to buy."
Mafumeira Sul,Chevron (CABGOC),2013,5600.0,new_host_fixed,50,complete,0.1677,939.1,659.1,1219.1,allocated,"Top-down back-allocation of a disclosed $5,600MM total. Shares: ASSUMED prior for new_host_fixed. drill+complete shares tilted x1.80 for 50 wells vs a reference 12 for new_host_fixed (sub-linear, factor 0.5). Rationale: Fixed steel jacket / gravity-base platform (Clair Ridge, Tyra, Johan Sverdrup P2 class). Relative to a floater: HOST and INSTALL take a larger share (heavy jacket fabrication and a heavy-lift install campaign), while SURF takes less — wells are frequently drilled from the platform itself rather than tied back subsea, so there is less flowline and no riser/mooring system to buy."
Mafumeira Sul,Chevron (CABGOC),2013,5600.0,new_host_fixed,50,surf,0.1087,608.7,272.7,944.7,allocated,"Top-down back-allocation of a disclosed $5,600MM total. Shares: ASSUMED prior for new_host_fixed. drill+complete shares tilted x1.80 for 50 wells vs a reference 12 for new_host_fixed (sub-linear, factor 0.5). Rationale: Fixed steel jacket / gravity-base platform (Clair Ridge, Tyra, Johan Sverdrup P2 class). Relative to a floater: HOST and INSTALL take a larger share (heavy jacket fabrication and a heavy-lift install campaign), while SURF takes less — wells are frequently drilled from the platform itself rather than tied back subsea, so there is less flowline and no riser/mooring system to buy."
Mafumeira Sul,Chevron (CABGOC),2013,5600.0,new_host_fixed,50,install,0.0776,434.8,154.8,714.8,allocated,"Top-down back-allocation of a disclosed $5,600MM total. Shares: ASSUMED prior for new_host_fixed. drill+complete shares tilted x1.80 for 50 wells vs a reference 12 for new_host_fixed (sub-linear, factor 0.5). Rationale: Fixed steel jacket / gravity-base platform (Clair Ridge, Tyra, Johan Sverdrup P2 class). Relative to a floater: HOST and INSTALL take a larger share (heavy jacket fabrication and a heavy-lift install campaign), while SURF takes less — wells are frequently drilled from the platform itself rather than tied back subsea, so there is less flowline and no riser/mooring system to buy."
Mafumeira Sul,Chevron (CABGOC),2013,5600.0,new_host_fixed,50,hookup,0.0466,260.9,92.9,428.9,allocated,"Top-down back-allocation of a disclosed $5,600MM total. Shares: ASSUMED prior for new_host_fixed. drill+complete shares tilted x1.80 for 50 wells vs a reference 12 for new_host_fixed (sub-linear, factor 0.5). Rationale: Fixed steel jacket / gravity-base platform (Clair Ridge, Tyra, Johan Sverdrup P2 class). Relative to a floater: HOST and INSTALL take a larger share (heavy jacket fabrication and a heavy-lift install campaign), while SURF takes less — wells are frequently drilled from the platform itself rather than tied back subsea, so there is less flowline and no riser/mooring system to buy."
Moho Nord (incl. Phase 1bis),Total,2013,10000.0,new_host_tlp,45,drill,0.3682,3681.8,2781.8,4581.8,allocated,"Top-down back-allocation of a disclosed $10,000MM total. Shares: ASSUMED prior for new_host_tlp. drill+complete shares tilted x1.80 for 45 wells vs a reference 8 for new_host_tlp (sub-linear, factor 0.5). Rationale: TLP host, typically dry-tree. Similar structure to a spar."
Moho Nord (incl. Phase 1bis),Total,2013,10000.0,new_host_tlp,45,host,0.2197,2197.0,1297.0,3097.0,allocated,"Top-down back-allocation of a disclosed $10,000MM total. Shares: ASSUMED prior for new_host_tlp. drill+complete shares tilted x1.80 for 45 wells vs a reference 8 for new_host_tlp (sub-linear, factor 0.5). Rationale: TLP host, typically dry-tree. Similar structure to a spar."
Moho Nord (incl. Phase 1bis),Total,2013,10000.0,new_host_tlp,45,complete,0.1773,1772.7,1272.7,2272.7,allocated,"Top-down back-allocation of a disclosed $10,000MM total. Shares: ASSUMED prior for new_host_tlp. drill+complete shares tilted x1.80 for 45 wells vs a reference 8 for new_host_tlp (sub-linear, factor 0.5). Rationale: TLP host, typically dry-tree. Similar structure to a spar."
Moho Nord (incl. Phase 1bis),Total,2013,10000.0,new_host_tlp,45,surf,0.1439,1439.4,739.4,2139.4,allocated,"Top-down back-allocation of a disclosed $10,000MM total. Shares: ASSUMED prior for new_host_tlp. drill+complete shares tilted x1.80 for 45 wells vs a reference 8 for new_host_tlp (sub-linear, factor 0.5). Rationale: TLP host, typically dry-tree. Similar structure to a spar."
Moho Nord (incl. Phase 1bis),Total,2013,10000.0,new_host_tlp,45,install,0.0530,530.3,130.3,930.3,allocated,"Top-down back-allocation of a disclosed $10,000MM total. Shares: ASSUMED prior for new_host_tlp. drill+complete shares tilted x1.80 for 45 wells vs a reference 8 for new_host_tlp (sub-linear, factor 0.5). Rationale: TLP host, typically dry-tree. Similar structure to a spar."
Moho Nord (incl. Phase 1bis),Total,2013,10000.0,new_host_tlp,45,hookup,0.0379,378.8,78.8,678.8,allocated,"Top-down back-allocation of a disclosed $10,000MM total. Shares: ASSUMED prior for new_host_tlp. drill+complete shares tilted x1.80 for 45 wells vs a reference 8 for new_host_tlp (sub-linear, factor 0.5). Rationale: TLP host, typically dry-tree. Similar structure to a spar."
TEN (Tweneboa-Enyenra-Ntomme),Tullow Oil,2013,4000.0,new_host_fpso,24,host,0.2844,1137.4,737.4,1537.4,allocated,"Top-down back-allocation of a disclosed $4,000MM total. Shares: ASSUMED prior for new_host_fpso. drill+complete shares tilted x1.17 for 24 wells vs a reference 18 for new_host_fpso (sub-linear, factor 0.5). Rationale: FPSO hull+topsides is the single largest line item. Well counts are high (15-30 on a Guyana-class development) but each well is a smaller share of a very large total."
TEN (Tweneboa-Enyenra-Ntomme),Tullow Oil,2013,4000.0,new_host_fpso,24,drill,0.2433,973.1,653.1,1293.1,allocated,"Top-down back-allocation of a disclosed $4,000MM total. Shares: ASSUMED prior for new_host_fpso. drill+complete shares tilted x1.17 for 24 wells vs a reference 18 for new_host_fpso (sub-linear, factor 0.5). Rationale: FPSO hull+topsides is the single largest line item. Well counts are high (15-30 on a Guyana-class development) but each well is a smaller share of a very large total."
TEN (Tweneboa-Enyenra-Ntomme),Tullow Oil,2013,4000.0,new_host_fpso,24,surf,0.2275,910.0,590.0,1230.0,allocated,"Top-down back-allocation of a disclosed $4,000MM total. Shares: ASSUMED prior for new_host_fpso. drill+complete shares tilted x1.17 for 24 wells vs a reference 18 for new_host_fpso (sub-linear, factor 0.5). Rationale: FPSO hull+topsides is the single largest line item. Well counts are high (15-30 on a Guyana-class development) but each well is a smaller share of a very large total."
TEN (Tweneboa-Enyenra-Ntomme),Tullow Oil,2013,4000.0,new_host_fpso,24,complete,0.1216,486.6,286.6,686.6,allocated,"Top-down back-allocation of a disclosed $4,000MM total. Shares: ASSUMED prior for new_host_fpso. drill+complete shares tilted x1.17 for 24 wells vs a reference 18 for new_host_fpso (sub-linear, factor 0.5). Rationale: FPSO hull+topsides is the single largest line item. Well counts are high (15-30 on a Guyana-class development) but each well is a smaller share of a very large total."
TEN (Tweneboa-Enyenra-Ntomme),Tullow Oil,2013,4000.0,new_host_fpso,24,install,0.0758,303.3,143.3,463.3,allocated,"Top-down back-allocation of a disclosed $4,000MM total. Shares: ASSUMED prior for new_host_fpso. drill+complete shares tilted x1.17 for 24 wells vs a reference 18 for new_host_fpso (sub-linear, factor 0.5). Rationale: FPSO hull+topsides is the single largest line item. Well counts are high (15-30 on a Guyana-class development) but each well is a smaller share of a very large total."
TEN (Tweneboa-Enyenra-Ntomme),Tullow Oil,2013,4000.0,new_host_fpso,24,hookup,0.0474,189.6,69.6,309.6,allocated,"Top-down back-allocation of a disclosed $4,000MM total. Shares: ASSUMED prior for new_host_fpso. drill+complete shares tilted x1.17 for 24 wells vs a reference 18 for new_host_fpso (sub-linear, factor 0.5). Rationale: FPSO hull+topsides is the single largest line item. Well counts are high (15-30 on a Guyana-class development) but each well is a smaller share of a very large total."
Kaombo,Total,2014,16000.0,new_host_fpso,59,drill,0.3133,5012.7,3732.7,6292.7,allocated,"Top-down back-allocation of a disclosed $16,000MM total. Shares: ASSUMED prior for new_host_fpso. drill+complete shares tilted x1.80 for 59 wells vs a reference 18 for new_host_fpso (sub-linear, factor 0.5). Rationale: FPSO hull+topsides is the single largest line item. Well counts are high (15-30 on a Guyana-class development) but each well is a smaller share of a very large total."
Kaombo,Total,2014,16000.0,new_host_fpso,59,host,0.2373,3797.5,2197.5,5397.5,allocated,"Top-down back-allocation of a disclosed $16,000MM total. Shares: ASSUMED prior for new_host_fpso. drill+complete shares tilted x1.80 for 59 wells vs a reference 18 for new_host_fpso (sub-linear, factor 0.5). Rationale: FPSO hull+topsides is the single largest line item. Well counts are high (15-30 on a Guyana-class development) but each well is a smaller share of a very large total."
Kaombo,Total,2014,16000.0,new_host_fpso,59,surf,0.1899,3038.0,1758.0,4318.0,allocated,"Top-down back-allocation of a disclosed $16,000MM total. Shares: ASSUMED prior for new_host_fpso. drill+complete shares tilted x1.80 for 59 wells vs a reference 18 for new_host_fpso (sub-linear, factor 0.5). Rationale: FPSO hull+topsides is the single largest line item. Well counts are high (15-30 on a Guyana-class development) but each well is a smaller share of a very large total."
Kaombo,Total,2014,16000.0,new_host_fpso,59,complete,0.1566,2506.3,1706.3,3306.3,allocated,"Top-down back-allocation of a disclosed $16,000MM total. Shares: ASSUMED prior for new_host_fpso. drill+complete shares tilted x1.80 for 59 wells vs a reference 18 for new_host_fpso (sub-linear, factor 0.5). Rationale: FPSO hull+topsides is the single largest line item. Well counts are high (15-30 on a Guyana-class development) but each well is a smaller share of a very large total."
Kaombo,Total,2014,16000.0,new_host_fpso,59,install,0.0633,1012.7,372.7,1652.7,allocated,"Top-down back-allocation of a disclosed $16,000MM total. Shares: ASSUMED prior for new_host_fpso. drill+complete shares tilted x1.80 for 59 wells vs a reference 18 for new_host_fpso (sub-linear, factor 0.5). Rationale: FPSO hull+topsides is the single largest line item. Well counts are high (15-30 on a Guyana-class development) but each well is a smaller share of a very large total."
Kaombo,Total,2014,16000.0,new_host_fpso,59,hookup,0.0396,632.9,152.9,1112.9,allocated,"Top-down back-allocation of a disclosed $16,000MM total. Shares: ASSUMED prior for new_host_fpso. drill+complete shares tilted x1.80 for 59 wells vs a reference 18 for new_host_fpso (sub-linear, factor 0.5). Rationale: FPSO hull+topsides is the single largest line item. Well counts are high (15-30 on a Guyana-class development) but each well is a smaller share of a very large total."
Peregrino Phase 2,Statoil (now Equinor),2014,3500.0,new_host_fixed,21,host,0.2996,1048.5,698.5,1398.5,allocated,"Top-down back-allocation of a disclosed $3,500MM total. Shares: ASSUMED prior for new_host_fixed. drill+complete shares tilted x1.38 for 21 wells vs a reference 12 for new_host_fixed (sub-linear, factor 0.5). Rationale: Fixed steel jacket / gravity-base platform (Clair Ridge, Tyra, Johan Sverdrup P2 class). Relative to a floater: HOST and INSTALL take a larger share (heavy jacket fabrication and a heavy-lift install campaign), while SURF takes less — wells are frequently drilled from the platform itself rather than tied back subsea, so there is less flowline and no riser/mooring system to buy."
Peregrino Phase 2,Statoil (now Equinor),2014,3500.0,new_host_fixed,21,drill,0.2907,1017.6,737.6,1297.6,allocated,"Top-down back-allocation of a disclosed $3,500MM total. Shares: ASSUMED prior for new_host_fixed. drill+complete shares tilted x1.38 for 21 wells vs a reference 12 for new_host_fixed (sub-linear, factor 0.5). Rationale: Fixed steel jacket / gravity-base platform (Clair Ridge, Tyra, Johan Sverdrup P2 class). Relative to a floater: HOST and INSTALL take a larger share (heavy jacket fabrication and a heavy-lift install campaign), while SURF takes less — wells are frequently drilled from the platform itself rather than tied back subsea, so there is less flowline and no riser/mooring system to buy."
Peregrino Phase 2,Statoil (now Equinor),2014,3500.0,new_host_fixed,21,complete,0.1454,508.8,333.8,683.8,allocated,"Top-down back-allocation of a disclosed $3,500MM total. Shares: ASSUMED prior for new_host_fixed. drill+complete shares tilted x1.38 for 21 wells vs a reference 12 for new_host_fixed (sub-linear, factor 0.5). Rationale: Fixed steel jacket / gravity-base platform (Clair Ridge, Tyra, Johan Sverdrup P2 class). Relative to a floater: HOST and INSTALL take a larger share (heavy jacket fabrication and a heavy-lift install campaign), while SURF takes less — wells are frequently drilled from the platform itself rather than tied back subsea, so there is less flowline and no riser/mooring system to buy."
Peregrino Phase 2,Statoil (now Equinor),2014,3500.0,new_host_fixed,21,surf,0.1233,431.7,221.7,641.7,allocated,"Top-down back-allocation of a disclosed $3,500MM total. Shares: ASSUMED prior for new_host_fixed. drill+complete shares tilted x1.38 for 21 wells vs a reference 12 for new_host_fixed (sub-linear, factor 0.5). Rationale: Fixed steel jacket / gravity-base platform (Clair Ridge, Tyra, Johan Sverdrup P2 class). Relative to a floater: HOST and INSTALL take a larger share (heavy jacket fabrication and a heavy-lift install campaign), while SURF takes less — wells are frequently drilled from the platform itself rather than tied back subsea, so there is less flowline and no riser/mooring system to buy."
Peregrino Phase 2,Statoil (now Equinor),2014,3500.0,new_host_fixed,21,install,0.0881,308.4,133.4,483.4,allocated,"Top-down back-allocation of a disclosed $3,500MM total. Shares: ASSUMED prior for new_host_fixed. drill+complete shares tilted x1.38 for 21 wells vs a reference 12 for new_host_fixed (sub-linear, factor 0.5). Rationale: Fixed steel jacket / gravity-base platform (Clair Ridge, Tyra, Johan Sverdrup P2 class). Relative to a floater: HOST and INSTALL take a larger share (heavy jacket fabrication and a heavy-lift install campaign), while SURF takes less — wells are frequently drilled from the platform itself rather than tied back subsea, so there is less flowline and no riser/mooring system to buy."
Peregrino Phase 2,Statoil (now Equinor),2014,3500.0,new_host_fixed,21,hookup,0.0529,185.0,80.0,290.0,allocated,"Top-down back-allocation of a disclosed $3,500MM total. Shares: ASSUMED prior for new_host_fixed. drill+complete shares tilted x1.38 for 21 wells vs a reference 12 for new_host_fixed (sub-linear, factor 0.5). Rationale: Fixed steel jacket / gravity-base platform (Clair Ridge, Tyra, Johan Sverdrup P2 class). Relative to a floater: HOST and INSTALL take a larger share (heavy jacket fabrication and a heavy-lift install campaign), while SURF takes less — wells are frequently drilled from the platform itself rather than tied back subsea, so there is less flowline and no riser/mooring system to buy."
Stampede,Hess,2014,6000.0,new_host_tlp,10,drill,0.2893,1735.7,1195.7,2275.7,allocated,"Top-down back-allocation of a disclosed $6,000MM total. Shares: ASSUMED prior for new_host_tlp. drill+complete shares tilted x1.12 for 10 wells vs a reference 8 for new_host_tlp (sub-linear, factor 0.5). Rationale: TLP host, typically dry-tree. Similar structure to a spar."
Stampede,Hess,2014,6000.0,new_host_tlp,10,host,0.2762,1657.1,1117.1,2197.1,allocated,"Top-down back-allocation of a disclosed $6,000MM total. Shares: ASSUMED prior for new_host_tlp. drill+complete shares tilted x1.12 for 10 wells vs a reference 8 for new_host_tlp (sub-linear, factor 0.5). Rationale: TLP host, typically dry-tree. Similar structure to a spar."
Stampede,Hess,2014,6000.0,new_host_tlp,10,surf,0.1810,1085.7,665.7,1505.7,allocated,"Top-down back-allocation of a disclosed $6,000MM total. Shares: ASSUMED prior for new_host_tlp. drill+complete shares tilted x1.12 for 10 wells vs a reference 8 for new_host_tlp (sub-linear, factor 0.5). Rationale: TLP host, typically dry-tree. Similar structure to a spar."
Stampede,Hess,2014,6000.0,new_host_tlp,10,complete,0.1393,835.7,535.7,1135.7,allocated,"Top-down back-allocation of a disclosed $6,000MM total. Shares: ASSUMED prior for new_host_tlp. drill+complete shares tilted x1.12 for 10 wells vs a reference 8 for new_host_tlp (sub-linear, factor 0.5). Rationale: TLP host, typically dry-tree. Similar structure to a spar."
Stampede,Hess,2014,6000.0,new_host_tlp,10,install,0.0667,400.0,160.0,640.0,allocated,"Top-down back-allocation of a disclosed $6,000MM total. Shares: ASSUMED prior for new_host_tlp. drill+complete shares tilted x1.12 for 10 wells vs a reference 8 for new_host_tlp (sub-linear, factor 0.5). Rationale: TLP host, typically dry-tree. Similar structure to a spar."
Stampede,Hess,2014,6000.0,new_host_tlp,10,hookup,0.0476,285.7,105.7,465.7,allocated,"Top-down back-allocation of a disclosed $6,000MM total. Shares: ASSUMED prior for new_host_tlp. drill+complete shares tilted x1.12 for 10 wells vs a reference 8 for new_host_tlp (sub-linear, factor 0.5). Rationale: TLP host, typically dry-tree. Similar structure to a spar."
Culzean,Maersk Oil (Total operator from 2018),2015,4500.0,new_host_fixed,,host,0.3400,1530.0,1080.0,1980.0,allocated,"Top-down back-allocation of a disclosed $4,500MM total. Shares: ASSUMED prior for new_host_fixed. no well-count tilt (well count not disclosed). Rationale: Fixed steel jacket / gravity-base platform (Clair Ridge, Tyra, Johan Sverdrup P2 class). Relative to a floater: HOST and INSTALL take a larger share (heavy jacket fabrication and a heavy-lift install campaign), while SURF takes less — wells are frequently drilled from the platform itself rather than tied back subsea, so there is less flowline and no riser/mooring system to buy."
Culzean,Maersk Oil (Total operator from 2018),2015,4500.0,new_host_fixed,,drill,0.2400,1080.0,720.0,1440.0,allocated,"Top-down back-allocation of a disclosed $4,500MM total. Shares: ASSUMED prior for new_host_fixed. no well-count tilt (well count not disclosed). Rationale: Fixed steel jacket / gravity-base platform (Clair Ridge, Tyra, Johan Sverdrup P2 class). Relative to a floater: HOST and INSTALL take a larger share (heavy jacket fabrication and a heavy-lift install campaign), while SURF takes less — wells are frequently drilled from the platform itself rather than tied back subsea, so there is less flowline and no riser/mooring system to buy."
Culzean,Maersk Oil (Total operator from 2018),2015,4500.0,new_host_fixed,,surf,0.1400,630.0,360.0,900.0,allocated,"Top-down back-allocation of a disclosed $4,500MM total. Shares: ASSUMED prior for new_host_fixed. no well-count tilt (well count not disclosed). Rationale: Fixed steel jacket / gravity-base platform (Clair Ridge, Tyra, Johan Sverdrup P2 class). Relative to a floater: HOST and INSTALL take a larger share (heavy jacket fabrication and a heavy-lift install campaign), while SURF takes less — wells are frequently drilled from the platform itself rather than tied back subsea, so there is less flowline and no riser/mooring system to buy."
Culzean,Maersk Oil (Total operator from 2018),2015,4500.0,new_host_fixed,,complete,0.1200,540.0,315.0,765.0,allocated,"Top-down back-allocation of a disclosed $4,500MM total. Shares: ASSUMED prior for new_host_fixed. no well-count tilt (well count not disclosed). Rationale: Fixed steel jacket / gravity-base platform (Clair Ridge, Tyra, Johan Sverdrup P2 class). Relative to a floater: HOST and INSTALL take a larger share (heavy jacket fabrication and a heavy-lift install campaign), while SURF takes less — wells are frequently drilled from the platform itself rather than tied back subsea, so there is less flowline and no riser/mooring system to buy."
Culzean,Maersk Oil (Total operator from 2018),2015,4500.0,new_host_fixed,,install,0.1000,450.0,225.0,675.0,allocated,"Top-down back-allocation of a disclosed $4,500MM total. Shares: ASSUMED prior for new_host_fixed. no well-count tilt (well count not disclosed). Rationale: Fixed steel jacket / gravity-base platform (Clair Ridge, Tyra, Johan Sverdrup P2 class). Relative to a floater: HOST and INSTALL take a larger share (heavy jacket fabrication and a heavy-lift install campaign), while SURF takes less — wells are frequently drilled from the platform itself rather than tied back subsea, so there is less flowline and no riser/mooring system to buy."
Culzean,Maersk Oil (Total operator from 2018),2015,4500.0,new_host_fixed,,hookup,0.0600,270.0,135.0,405.0,allocated,"Top-down back-allocation of a disclosed $4,500MM total. Shares: ASSUMED prior for new_host_fixed. no well-count tilt (well count not disclosed). Rationale: Fixed steel jacket / gravity-base platform (Clair Ridge, Tyra, Johan Sverdrup P2 class). Relative to a floater: HOST and INSTALL take a larger share (heavy jacket fabrication and a heavy-lift install campaign), while SURF takes less — wells are frequently drilled from the platform itself rather than tied back subsea, so there is less flowline and no riser/mooring system to buy."
Greater Enfield,Woodside,2016,1900.0,subsea_tieback,,drill,0.3400,646.0,456.0,836.0,allocated,"Top-down back-allocation of a disclosed $1,900MM total. Shares: ASSUMED prior for subsea_tieback. no well-count tilt (well count not disclosed). Rationale: Tieback reuses an existing host, so HOST is near-zero (brownfield tie-in mods only). Wells + SURF carry the project. SURF share is high because the flowline/umbilical run to the host is the defining scope of a tieback."
Greater Enfield,Woodside,2016,1900.0,subsea_tieback,,surf,0.3000,570.0,399.0,741.0,allocated,"Top-down back-allocation of a disclosed $1,900MM total. Shares: ASSUMED prior for subsea_tieback. no well-count tilt (well count not disclosed). Rationale: Tieback reuses an existing host, so HOST is near-zero (brownfield tie-in mods only). Wells + SURF carry the project. SURF share is high because the flowline/umbilical run to the host is the defining scope of a tieback."
Greater Enfield,Woodside,2016,1900.0,subsea_tieback,,complete,0.1600,304.0,190.0,418.0,allocated,"Top-down back-allocation of a disclosed $1,900MM total. Shares: ASSUMED prior for subsea_tieback. no well-count tilt (well count not disclosed). Rationale: Tieback reuses an existing host, so HOST is near-zero (brownfield tie-in mods only). Wells + SURF carry the project. SURF share is high because the flowline/umbilical run to the host is the defining scope of a tieback."
Greater Enfield,Woodside,2016,1900.0,subsea_tieback,,install,0.1100,209.0,114.0,304.0,allocated,"Top-down back-allocation of a disclosed $1,900MM total. Shares: ASSUMED prior for subsea_tieback. no well-count tilt (well count not disclosed). Rationale: Tieback reuses an existing host, so HOST is near-zero (brownfield tie-in mods only). Wells + SURF carry the project. SURF share is high because the flowline/umbilical run to the host is the defining scope of a tieback."
Greater Enfield,Woodside,2016,1900.0,subsea_tieback,,hookup,0.0500,95.0,38.0,152.0,allocated,"Top-down back-allocation of a disclosed $1,900MM total. Shares: ASSUMED prior for subsea_tieback. no well-count tilt (well count not disclosed). Rationale: Tieback reuses an existing host, so HOST is near-zero (brownfield tie-in mods only). Wells + SURF carry the project. SURF share is high because the flowline/umbilical run to the host is the defining scope of a tieback."
Greater Enfield,Woodside,2016,1900.0,subsea_tieback,,host,0.0400,76.0,0.0,152.0,allocated,"Top-down back-allocation of a disclosed $1,900MM total. Shares: ASSUMED prior for subsea_tieback. no well-count tilt (well count not disclosed). Rationale: Tieback reuses an existing host, so HOST is near-zero (brownfield tie-in mods only). Wells + SURF carry the project. SURF share is high because the flowline/umbilical run to the host is the defining scope of a tieback."
KG-DWN-98/2 Cluster-2,ONGC,2016,5076.4,new_host_fpso,35,drill,0.2802,1422.5,1016.4,1828.6,allocated,"Top-down back-allocation of a disclosed $5,076MM total. Shares: ASSUMED prior for new_host_fpso. drill+complete shares tilted x1.47 for 35 wells vs a reference 18 for new_host_fpso (sub-linear, factor 0.5). Rationale: FPSO hull+topsides is the single largest line item. Well counts are high (15-30 on a Guyana-class development) but each well is a smaller share of a very large total."
KG-DWN-98/2 Cluster-2,ONGC,2016,5076.4,new_host_fpso,35,host,0.2596,1317.6,810.0,1825.2,allocated,"Top-down back-allocation of a disclosed $5,076MM total. Shares: ASSUMED prior for new_host_fpso. drill+complete shares tilted x1.47 for 35 wells vs a reference 18 for new_host_fpso (sub-linear, factor 0.5). Rationale: FPSO hull+topsides is the single largest line item. Well counts are high (15-30 on a Guyana-class development) but each well is a smaller share of a very large total."
KG-DWN-98/2 Cluster-2,ONGC,2016,5076.4,new_host_fpso,35,surf,0.2076,1054.1,648.0,1460.2,allocated,"Top-down back-allocation of a disclosed $5,076MM total. Shares: ASSUMED prior for new_host_fpso. drill+complete shares tilted x1.47 for 35 wells vs a reference 18 for new_host_fpso (sub-linear, factor 0.5). Rationale: FPSO hull+topsides is the single largest line item. Well counts are high (15-30 on a Guyana-class development) but each well is a smaller share of a very large total."
KG-DWN-98/2 Cluster-2,ONGC,2016,5076.4,new_host_fpso,35,complete,0.1401,711.3,457.4,965.1,allocated,"Top-down back-allocation of a disclosed $5,076MM total. Shares: ASSUMED prior for new_host_fpso. drill+complete shares tilted x1.47 for 35 wells vs a reference 18 for new_host_fpso (sub-linear, factor 0.5). Rationale: FPSO hull+topsides is the single largest line item. Well counts are high (15-30 on a Guyana-class development) but each well is a smaller share of a very large total."
KG-DWN-98/2 Cluster-2,ONGC,2016,5076.4,new_host_fpso,35,install,0.0692,351.4,148.3,554.4,allocated,"Top-down back-allocation of a disclosed $5,076MM total. Shares: ASSUMED prior for new_host_fpso. drill+complete shares tilted x1.47 for 35 wells vs a reference 18 for new_host_fpso (sub-linear, factor 0.5). Rationale: FPSO hull+topsides is the single largest line item. Well counts are high (15-30 on a Guyana-class development) but each well is a smaller share of a very large total."
KG-DWN-98/2 Cluster-2,ONGC,2016,5076.4,new_host_fpso,35,hookup,0.0433,219.6,67.3,371.9,allocated,"Top-down back-allocation of a disclosed $5,076MM total. Shares: ASSUMED prior for new_host_fpso. drill+complete shares tilted x1.47 for 35 wells vs a reference 18 for new_host_fpso (sub-linear, factor 0.5). Rationale: FPSO hull+topsides is the single largest line item. Well counts are high (15-30 on a Guyana-class development) but each well is a smaller share of a very large total."
Mad Dog Phase 2 (Argos),BP,2016,9000.0,new_host_semi,22,drill,0.3567,3210.4,2400.4,4020.4,allocated,"Top-down back-allocation of a disclosed $9,000MM total. Shares: ASSUMED prior for new_host_semi. drill+complete shares tilted x1.80 for 22 wells vs a reference 8 for new_host_semi (sub-linear, factor 0.5). Rationale: Semi-submersible FPU (GOM Anchor/Whale class). Fewer wells than an FPSO development; host is a major but not dominant share."
Mad Dog Phase 2 (Argos),BP,2016,9000.0,new_host_semi,22,host,0.2058,1852.1,1042.1,2662.1,allocated,"Top-down back-allocation of a disclosed $9,000MM total. Shares: ASSUMED prior for new_host_semi. drill+complete shares tilted x1.80 for 22 wells vs a reference 8 for new_host_semi (sub-linear, factor 0.5). Rationale: Semi-submersible FPU (GOM Anchor/Whale class). Fewer wells than an FPSO development; host is a major but not dominant share."
Mad Dog Phase 2 (Argos),BP,2016,9000.0,new_host_semi,22,complete,0.1784,1605.2,1155.2,2055.2,allocated,"Top-down back-allocation of a disclosed $9,000MM total. Shares: ASSUMED prior for new_host_semi. drill+complete shares tilted x1.80 for 22 wells vs a reference 8 for new_host_semi (sub-linear, factor 0.5). Rationale: Semi-submersible FPU (GOM Anchor/Whale class). Fewer wells than an FPSO development; host is a major but not dominant share."
Mad Dog Phase 2 (Argos),BP,2016,9000.0,new_host_semi,22,surf,0.1677,1509.1,789.1,2229.1,allocated,"Top-down back-allocation of a disclosed $9,000MM total. Shares: ASSUMED prior for new_host_semi. drill+complete shares tilted x1.80 for 22 wells vs a reference 8 for new_host_semi (sub-linear, factor 0.5). Rationale: Semi-submersible FPU (GOM Anchor/Whale class). Fewer wells than an FPSO development; host is a major but not dominant share."
Mad Dog Phase 2 (Argos),BP,2016,9000.0,new_host_semi,22,install,0.0534,480.2,120.2,840.2,allocated,"Top-down back-allocation of a disclosed $9,000MM total. Shares: ASSUMED prior for new_host_semi. drill+complete shares tilted x1.80 for 22 wells vs a reference 8 for new_host_semi (sub-linear, factor 0.5). Rationale: Semi-submersible FPU (GOM Anchor/Whale class). Fewer wells than an FPSO development; host is a major but not dominant share."
Mad Dog Phase 2 (Argos),BP,2016,9000.0,new_host_semi,22,hookup,0.0381,343.0,73.0,613.0,allocated,"Top-down back-allocation of a disclosed $9,000MM total. Shares: ASSUMED prior for new_host_semi. drill+complete shares tilted x1.80 for 22 wells vs a reference 8 for new_host_semi (sub-linear, factor 0.5). Rationale: Semi-submersible FPU (GOM Anchor/Whale class). Fewer wells than an FPSO development; host is a major but not dominant share."
Coral South FLNG,Eni,2017,7000.0,new_host_fpso,6,host,0.3371,2359.6,1659.6,3059.6,allocated,"Top-down back-allocation of a disclosed $7,000MM total. Shares: ASSUMED prior for new_host_fpso. drill+complete shares tilted x0.67 for 6 wells vs a reference 18 for new_host_fpso (sub-linear, factor 0.5). Rationale: FPSO hull+topsides is the single largest line item. Well counts are high (15-30 on a Guyana-class development) but each well is a smaller share of a very large total."
Coral South FLNG,Eni,2017,7000.0,new_host_fpso,6,surf,0.2697,1887.6,1327.6,2447.6,allocated,"Top-down back-allocation of a disclosed $7,000MM total. Shares: ASSUMED prior for new_host_fpso. drill+complete shares tilted x0.67 for 6 wells vs a reference 18 for new_host_fpso (sub-linear, factor 0.5). Rationale: FPSO hull+topsides is the single largest line item. Well counts are high (15-30 on a Guyana-class development) but each well is a smaller share of a very large total."
Coral South FLNG,Eni,2017,7000.0,new_host_fpso,6,drill,0.1648,1153.6,593.6,1713.6,allocated,"Top-down back-allocation of a disclosed $7,000MM total. Shares: ASSUMED prior for new_host_fpso. drill+complete shares tilted x0.67 for 6 wells vs a reference 18 for new_host_fpso (sub-linear, factor 0.5). Rationale: FPSO hull+topsides is the single largest line item. Well counts are high (15-30 on a Guyana-class development) but each well is a smaller share of a very large total."
Coral South FLNG,Eni,2017,7000.0,new_host_fpso,6,install,0.0899,629.2,349.2,909.2,allocated,"Top-down back-allocation of a disclosed $7,000MM total. Shares: ASSUMED prior for new_host_fpso. drill+complete shares tilted x0.67 for 6 wells vs a reference 18 for new_host_fpso (sub-linear, factor 0.5). Rationale: FPSO hull+topsides is the single largest line item. Well counts are high (15-30 on a Guyana-class development) but each well is a smaller share of a very large total."
Coral South FLNG,Eni,2017,7000.0,new_host_fpso,6,complete,0.0824,576.8,226.8,926.8,allocated,"Top-down back-allocation of a disclosed $7,000MM total. Shares: ASSUMED prior for new_host_fpso. drill+complete shares tilted x0.67 for 6 wells vs a reference 18 for new_host_fpso (sub-linear, factor 0.5). Rationale: FPSO hull+topsides is the single largest line item. Well counts are high (15-30 on a Guyana-class development) but each well is a smaller share of a very large total."
Coral South FLNG,Eni,2017,7000.0,new_host_fpso,6,hookup,0.0562,393.3,183.3,603.3,allocated,"Top-down back-allocation of a disclosed $7,000MM total. Shares: ASSUMED prior for new_host_fpso. drill+complete shares tilted x0.67 for 6 wells vs a reference 18 for new_host_fpso (sub-linear, factor 0.5). Rationale: FPSO hull+topsides is the single largest line item. Well counts are high (15-30 on a Guyana-class development) but each well is a smaller share of a very large total."
KG-D6 integrated (R-Cluster + Satellites + MJ),Reliance Industries (op) + bp,2017,5000.0,subsea_tieback,,drill,0.3400,1700.0,1200.0,2200.0,allocated,"Top-down back-allocation of a disclosed $5,000MM total. Shares: ASSUMED prior for subsea_tieback. no well-count tilt (well count not disclosed). Rationale: Tieback reuses an existing host, so HOST is near-zero (brownfield tie-in mods only). Wells + SURF carry the project. SURF share is high because the flowline/umbilical run to the host is the defining scope of a tieback."
KG-D6 integrated (R-Cluster + Satellites + MJ),Reliance Industries (op) + bp,2017,5000.0,subsea_tieback,,surf,0.3000,1500.0,1050.0,1950.0,allocated,"Top-down back-allocation of a disclosed $5,000MM total. Shares: ASSUMED prior for subsea_tieback. no well-count tilt (well count not disclosed). Rationale: Tieback reuses an existing host, so HOST is near-zero (brownfield tie-in mods only). Wells + SURF carry the project. SURF share is high because the flowline/umbilical run to the host is the defining scope of a tieback."
KG-D6 integrated (R-Cluster + Satellites + MJ),Reliance Industries (op) + bp,2017,5000.0,subsea_tieback,,complete,0.1600,800.0,500.0,1100.0,allocated,"Top-down back-allocation of a disclosed $5,000MM total. Shares: ASSUMED prior for subsea_tieback. no well-count tilt (well count not disclosed). Rationale: Tieback reuses an existing host, so HOST is near-zero (brownfield tie-in mods only). Wells + SURF carry the project. SURF share is high because the flowline/umbilical run to the host is the defining scope of a tieback."
KG-D6 integrated (R-Cluster + Satellites + MJ),Reliance Industries (op) + bp,2017,5000.0,subsea_tieback,,install,0.1100,550.0,300.0,800.0,allocated,"Top-down back-allocation of a disclosed $5,000MM total. Shares: ASSUMED prior for subsea_tieback. no well-count tilt (well count not disclosed). Rationale: Tieback reuses an existing host, so HOST is near-zero (brownfield tie-in mods only). Wells + SURF carry the project. SURF share is high because the flowline/umbilical run to the host is the defining scope of a tieback."
KG-D6 integrated (R-Cluster + Satellites + MJ),Reliance Industries (op) + bp,2017,5000.0,subsea_tieback,,hookup,0.0500,250.0,100.0,400.0,allocated,"Top-down back-allocation of a disclosed $5,000MM total. Shares: ASSUMED prior for subsea_tieback. no well-count tilt (well count not disclosed). Rationale: Tieback reuses an existing host, so HOST is near-zero (brownfield tie-in mods only). Wells + SURF carry the project. SURF share is high because the flowline/umbilical run to the host is the defining scope of a tieback."
KG-D6 integrated (R-Cluster + Satellites + MJ),Reliance Industries (op) + bp,2017,5000.0,subsea_tieback,,host,0.0400,200.0,0.0,400.0,allocated,"Top-down back-allocation of a disclosed $5,000MM total. Shares: ASSUMED prior for subsea_tieback. no well-count tilt (well count not disclosed). Rationale: Tieback reuses an existing host, so HOST is near-zero (brownfield tie-in mods only). Wells + SURF carry the project. SURF share is high because the flowline/umbilical run to the host is the defining scope of a tieback."
Leviathan Phase 1,Noble Energy (now Chevron),2017,3750.0,new_host_fixed,4,host,0.3864,1448.9,1073.9,1823.9,allocated,"Top-down back-allocation of a disclosed $3,750MM total. Shares: ASSUMED prior for new_host_fixed. drill+complete shares tilted x0.67 for 4 wells vs a reference 12 for new_host_fixed (sub-linear, factor 0.5). Rationale: Fixed steel jacket / gravity-base platform (Clair Ridge, Tyra, Johan Sverdrup P2 class). Relative to a floater: HOST and INSTALL take a larger share (heavy jacket fabrication and a heavy-lift install campaign), while SURF takes less — wells are frequently drilled from the platform itself rather than tied back subsea, so there is less flowline and no riser/mooring system to buy."
Leviathan Phase 1,Noble Energy (now Chevron),2017,3750.0,new_host_fixed,4,drill,0.1818,681.8,381.8,981.8,allocated,"Top-down back-allocation of a disclosed $3,750MM total. Shares: ASSUMED prior for new_host_fixed. drill+complete shares tilted x0.67 for 4 wells vs a reference 12 for new_host_fixed (sub-linear, factor 0.5). Rationale: Fixed steel jacket / gravity-base platform (Clair Ridge, Tyra, Johan Sverdrup P2 class). Relative to a floater: HOST and INSTALL take a larger share (heavy jacket fabrication and a heavy-lift install campaign), while SURF takes less — wells are frequently drilled from the platform itself rather than tied back subsea, so there is less flowline and no riser/mooring system to buy."
Leviathan Phase 1,Noble Energy (now Chevron),2017,3750.0,new_host_fixed,4,surf,0.1591,596.6,371.6,821.6,allocated,"Top-down back-allocation of a disclosed $3,750MM total. Shares: ASSUMED prior for new_host_fixed. drill+complete shares tilted x0.67 for 4 wells vs a reference 12 for new_host_fixed (sub-linear, factor 0.5). Rationale: Fixed steel jacket / gravity-base platform (Clair Ridge, Tyra, Johan Sverdrup P2 class). Relative to a floater: HOST and INSTALL take a larger share (heavy jacket fabrication and a heavy-lift install campaign), while SURF takes less — wells are frequently drilled from the platform itself rather than tied back subsea, so there is less flowline and no riser/mooring system to buy."
Leviathan Phase 1,Noble Energy (now Chevron),2017,3750.0,new_host_fixed,4,install,0.1136,426.1,238.6,613.6,allocated,"Top-down back-allocation of a disclosed $3,750MM total. Shares: ASSUMED prior for new_host_fixed. drill+complete shares tilted x0.67 for 4 wells vs a reference 12 for new_host_fixed (sub-linear, factor 0.5). Rationale: Fixed steel jacket / gravity-base platform (Clair Ridge, Tyra, Johan Sverdrup P2 class). Relative to a floater: HOST and INSTALL take a larger share (heavy jacket fabrication and a heavy-lift install campaign), while SURF takes less — wells are frequently drilled from the platform itself rather than tied back subsea, so there is less flowline and no riser/mooring system to buy."
Leviathan Phase 1,Noble Energy (now Chevron),2017,3750.0,new_host_fixed,4,complete,0.0909,340.9,153.4,528.4,allocated,"Top-down back-allocation of a disclosed $3,750MM total. Shares: ASSUMED prior for new_host_fixed. drill+complete shares tilted x0.67 for 4 wells vs a reference 12 for new_host_fixed (sub-linear, factor 0.5). Rationale: Fixed steel jacket / gravity-base platform (Clair Ridge, Tyra, Johan Sverdrup P2 class). Relative to a floater: HOST and INSTALL take a larger share (heavy jacket fabrication and a heavy-lift install campaign), while SURF takes less — wells are frequently drilled from the platform itself rather than tied back subsea, so there is less flowline and no riser/mooring system to buy."
Leviathan Phase 1,Noble Energy (now Chevron),2017,3750.0,new_host_fixed,4,hookup,0.0682,255.7,143.2,368.2,allocated,"Top-down back-allocation of a disclosed $3,750MM total. Shares: ASSUMED prior for new_host_fixed. drill+complete shares tilted x0.67 for 4 wells vs a reference 12 for new_host_fixed (sub-linear, factor 0.5). Rationale: Fixed steel jacket / gravity-base platform (Clair Ridge, Tyra, Johan Sverdrup P2 class). Relative to a floater: HOST and INSTALL take a larger share (heavy jacket fabrication and a heavy-lift install campaign), while SURF takes less — wells are frequently drilled from the platform itself rather than tied back subsea, so there is less flowline and no riser/mooring system to buy."
Liza Phase 1,ExxonMobil,2017,4400.0,new_host_fpso,17,host,0.3028,1332.2,892.2,1772.2,allocated,"Top-down back-allocation of a disclosed $4,400MM total. Shares: ASSUMED prior for new_host_fpso. drill+complete shares tilted x0.97 for 17 wells vs a reference 18 for new_host_fpso (sub-linear, factor 0.5). Rationale: FPSO hull+topsides is the single largest line item. Well counts are high (15-30 on a Guyana-class development) but each well is a smaller share of a very large total."
Liza Phase 1,ExxonMobil,2017,4400.0,new_host_fpso,17,surf,0.2422,1065.8,713.8,1417.8,allocated,"Top-down back-allocation of a disclosed $4,400MM total. Shares: ASSUMED prior for new_host_fpso. drill+complete shares tilted x0.97 for 17 wells vs a reference 18 for new_host_fpso (sub-linear, factor 0.5). Rationale: FPSO hull+topsides is the single largest line item. Well counts are high (15-30 on a Guyana-class development) but each well is a smaller share of a very large total."
Liza Phase 1,ExxonMobil,2017,4400.0,new_host_fpso,17,drill,0.2159,949.8,597.8,1301.8,allocated,"Top-down back-allocation of a disclosed $4,400MM total. Shares: ASSUMED prior for new_host_fpso. drill+complete shares tilted x0.97 for 17 wells vs a reference 18 for new_host_fpso (sub-linear, factor 0.5). Rationale: FPSO hull+topsides is the single largest line item. Well counts are high (15-30 on a Guyana-class development) but each well is a smaller share of a very large total."
Liza Phase 1,ExxonMobil,2017,4400.0,new_host_fpso,17,complete,0.1079,474.9,254.9,694.9,allocated,"Top-down back-allocation of a disclosed $4,400MM total. Shares: ASSUMED prior for new_host_fpso. drill+complete shares tilted x0.97 for 17 wells vs a reference 18 for new_host_fpso (sub-linear, factor 0.5). Rationale: FPSO hull+topsides is the single largest line item. Well counts are high (15-30 on a Guyana-class development) but each well is a smaller share of a very large total."
Liza Phase 1,ExxonMobil,2017,4400.0,new_host_fpso,17,install,0.0807,355.3,179.3,531.3,allocated,"Top-down back-allocation of a disclosed $4,400MM total. Shares: ASSUMED prior for new_host_fpso. drill+complete shares tilted x0.97 for 17 wells vs a reference 18 for new_host_fpso (sub-linear, factor 0.5). Rationale: FPSO hull+topsides is the single largest line item. Well counts are high (15-30 on a Guyana-class development) but each well is a smaller share of a very large total."
Liza Phase 1,ExxonMobil,2017,4400.0,new_host_fpso,17,hookup,0.0505,222.0,90.0,354.0,allocated,"Top-down back-allocation of a disclosed $4,400MM total. Shares: ASSUMED prior for new_host_fpso. drill+complete shares tilted x0.97 for 17 wells vs a reference 18 for new_host_fpso (sub-linear, factor 0.5). Rationale: FPSO hull+topsides is the single largest line item. Well counts are high (15-30 on a Guyana-class development) but each well is a smaller share of a very large total."
Tyra Redevelopment,TotalEnergies,2017,3400.0,new_host_fixed,,host,0.3400,1156.0,816.0,1496.0,allocated,"Top-down back-allocation of a disclosed $3,400MM total. Shares: ASSUMED prior for new_host_fixed. no well-count tilt (well count not disclosed). Rationale: Fixed steel jacket / gravity-base platform (Clair Ridge, Tyra, Johan Sverdrup P2 class). Relative to a floater: HOST and INSTALL take a larger share (heavy jacket fabrication and a heavy-lift install campaign), while SURF takes less — wells are frequently drilled from the platform itself rather than tied back subsea, so there is less flowline and no riser/mooring system to buy."
Tyra Redevelopment,TotalEnergies,2017,3400.0,new_host_fixed,,drill,0.2400,816.0,544.0,1088.0,allocated,"Top-down back-allocation of a disclosed $3,400MM total. Shares: ASSUMED prior for new_host_fixed. no well-count tilt (well count not disclosed). Rationale: Fixed steel jacket / gravity-base platform (Clair Ridge, Tyra, Johan Sverdrup P2 class). Relative to a floater: HOST and INSTALL take a larger share (heavy jacket fabrication and a heavy-lift install campaign), while SURF takes less — wells are frequently drilled from the platform itself rather than tied back subsea, so there is less flowline and no riser/mooring system to buy."
Tyra Redevelopment,TotalEnergies,2017,3400.0,new_host_fixed,,surf,0.1400,476.0,272.0,680.0,allocated,"Top-down back-allocation of a disclosed $3,400MM total. Shares: ASSUMED prior for new_host_fixed. no well-count tilt (well count not disclosed). Rationale: Fixed steel jacket / gravity-base platform (Clair Ridge, Tyra, Johan Sverdrup P2 class). Relative to a floater: HOST and INSTALL take a larger share (heavy jacket fabrication and a heavy-lift install campaign), while SURF takes less — wells are frequently drilled from the platform itself rather than tied back subsea, so there is less flowline and no riser/mooring system to buy."
Tyra Redevelopment,TotalEnergies,2017,3400.0,new_host_fixed,,complete,0.1200,408.0,238.0,578.0,allocated,"Top-down back-allocation of a disclosed $3,400MM total. Shares: ASSUMED prior for new_host_fixed. no well-count tilt (well count not disclosed). Rationale: Fixed steel jacket / gravity-base platform (Clair Ridge, Tyra, Johan Sverdrup P2 class). Relative to a floater: HOST and INSTALL take a larger share (heavy jacket fabrication and a heavy-lift install campaign), while SURF takes less — wells are frequently drilled from the platform itself rather than tied back subsea, so there is less flowline and no riser/mooring system to buy."
Tyra Redevelopment,TotalEnergies,2017,3400.0,new_host_fixed,,install,0.1000,340.0,170.0,510.0,allocated,"Top-down back-allocation of a disclosed $3,400MM total. Shares: ASSUMED prior for new_host_fixed. no well-count tilt (well count not disclosed). Rationale: Fixed steel jacket / gravity-base platform (Clair Ridge, Tyra, Johan Sverdrup P2 class). Relative to a floater: HOST and INSTALL take a larger share (heavy jacket fabrication and a heavy-lift install campaign), while SURF takes less — wells are frequently drilled from the platform itself rather than tied back subsea, so there is less flowline and no riser/mooring system to buy."
Tyra Redevelopment,TotalEnergies,2017,3400.0,new_host_fixed,,hookup,0.0600,204.0,102.0,306.0,allocated,"Top-down back-allocation of a disclosed $3,400MM total. Shares: ASSUMED prior for new_host_fixed. no well-count tilt (well count not disclosed). Rationale: Fixed steel jacket / gravity-base platform (Clair Ridge, Tyra, Johan Sverdrup P2 class). Relative to a floater: HOST and INSTALL take a larger share (heavy jacket fabrication and a heavy-lift install campaign), while SURF takes less — wells are frequently drilled from the platform itself rather than tied back subsea, so there is less flowline and no riser/mooring system to buy."
Karish & Tanin,Energean,2018,1600.0,new_host_fpso,3,host,0.3478,556.5,396.5,716.5,allocated,"Top-down back-allocation of a disclosed $1,600MM total. Shares: ASSUMED prior for new_host_fpso. drill+complete shares tilted x0.58 for 3 wells vs a reference 18 for new_host_fpso (sub-linear, factor 0.5). Rationale: FPSO hull+topsides is the single largest line item. Well counts are high (15-30 on a Guyana-class development) but each well is a smaller share of a very large total."
Karish & Tanin,Energean,2018,1600.0,new_host_fpso,3,surf,0.2783,445.2,317.2,573.2,allocated,"Top-down back-allocation of a disclosed $1,600MM total. Shares: ASSUMED prior for new_host_fpso. drill+complete shares tilted x0.58 for 3 wells vs a reference 18 for new_host_fpso (sub-linear, factor 0.5). Rationale: FPSO hull+topsides is the single largest line item. Well counts are high (15-30 on a Guyana-class development) but each well is a smaller share of a very large total."
Karish & Tanin,Energean,2018,1600.0,new_host_fpso,3,drill,0.1488,238.1,110.1,366.1,allocated,"Top-down back-allocation of a disclosed $1,600MM total. Shares: ASSUMED prior for new_host_fpso. drill+complete shares tilted x0.58 for 3 wells vs a reference 18 for new_host_fpso (sub-linear, factor 0.5). Rationale: FPSO hull+topsides is the single largest line item. Well counts are high (15-30 on a Guyana-class development) but each well is a smaller share of a very large total."
Karish & Tanin,Energean,2018,1600.0,new_host_fpso,3,install,0.0928,148.4,84.4,212.4,allocated,"Top-down back-allocation of a disclosed $1,600MM total. Shares: ASSUMED prior for new_host_fpso. drill+complete shares tilted x0.58 for 3 wells vs a reference 18 for new_host_fpso (sub-linear, factor 0.5). Rationale: FPSO hull+topsides is the single largest line item. Well counts are high (15-30 on a Guyana-class development) but each well is a smaller share of a very large total."
Karish & Tanin,Energean,2018,1600.0,new_host_fpso,3,complete,0.0744,119.0,39.0,199.0,allocated,"Top-down back-allocation of a disclosed $1,600MM total. Shares: ASSUMED prior for new_host_fpso. drill+complete shares tilted x0.58 for 3 wells vs a reference 18 for new_host_fpso (sub-linear, factor 0.5). Rationale: FPSO hull+topsides is the single largest line item. Well counts are high (15-30 on a Guyana-class development) but each well is a smaller share of a very large total."
Karish & Tanin,Energean,2018,1600.0,new_host_fpso,3,hookup,0.0580,92.8,44.8,140.8,allocated,"Top-down back-allocation of a disclosed $1,600MM total. Shares: ASSUMED prior for new_host_fpso. drill+complete shares tilted x0.58 for 3 wells vs a reference 18 for new_host_fpso (sub-linear, factor 0.5). Rationale: FPSO hull+topsides is the single largest line item. Well counts are high (15-30 on a Guyana-class development) but each well is a smaller share of a very large total."
Zinia Phase 2,Total,2018,1200.0,subsea_tieback,9,drill,0.4210,505.1,385.1,625.1,allocated,"Top-down back-allocation of a disclosed $1,200MM total. Shares: ASSUMED prior for subsea_tieback. drill+complete shares tilted x1.62 for 9 wells vs a reference 4 for subsea_tieback (sub-linear, factor 0.5). Rationale: Tieback reuses an existing host, so HOST is near-zero (brownfield tie-in mods only). Wells + SURF carry the project. SURF share is high because the flowline/umbilical run to the host is the defining scope of a tieback."
Zinia Phase 2,Total,2018,1200.0,subsea_tieback,9,surf,0.2286,274.3,166.3,382.3,allocated,"Top-down back-allocation of a disclosed $1,200MM total. Shares: ASSUMED prior for subsea_tieback. drill+complete shares tilted x1.62 for 9 wells vs a reference 4 for subsea_tieback (sub-linear, factor 0.5). Rationale: Tieback reuses an existing host, so HOST is near-zero (brownfield tie-in mods only). Wells + SURF carry the project. SURF share is high because the flowline/umbilical run to the host is the defining scope of a tieback."
Zinia Phase 2,Total,2018,1200.0,subsea_tieback,9,complete,0.1981,237.7,165.7,309.7,allocated,"Top-down back-allocation of a disclosed $1,200MM total. Shares: ASSUMED prior for subsea_tieback. drill+complete shares tilted x1.62 for 9 wells vs a reference 4 for subsea_tieback (sub-linear, factor 0.5). Rationale: Tieback reuses an existing host, so HOST is near-zero (brownfield tie-in mods only). Wells + SURF carry the project. SURF share is high because the flowline/umbilical run to the host is the defining scope of a tieback."
Zinia Phase 2,Total,2018,1200.0,subsea_tieback,9,install,0.0838,100.6,40.6,160.6,allocated,"Top-down back-allocation of a disclosed $1,200MM total. Shares: ASSUMED prior for subsea_tieback. drill+complete shares tilted x1.62 for 9 wells vs a reference 4 for subsea_tieback (sub-linear, factor 0.5). Rationale: Tieback reuses an existing host, so HOST is near-zero (brownfield tie-in mods only). Wells + SURF carry the project. SURF share is high because the flowline/umbilical run to the host is the defining scope of a tieback."
Zinia Phase 2,Total,2018,1200.0,subsea_tieback,9,hookup,0.0381,45.7,9.7,81.7,allocated,"Top-down back-allocation of a disclosed $1,200MM total. Shares: ASSUMED prior for subsea_tieback. drill+complete shares tilted x1.62 for 9 wells vs a reference 4 for subsea_tieback (sub-linear, factor 0.5). Rationale: Tieback reuses an existing host, so HOST is near-zero (brownfield tie-in mods only). Wells + SURF carry the project. SURF share is high because the flowline/umbilical run to the host is the defining scope of a tieback."
Zinia Phase 2,Total,2018,1200.0,subsea_tieback,9,host,0.0305,36.6,0.0,84.6,allocated,"Top-down back-allocation of a disclosed $1,200MM total. Shares: ASSUMED prior for subsea_tieback. drill+complete shares tilted x1.62 for 9 wells vs a reference 4 for subsea_tieback (sub-linear, factor 0.5). Rationale: Tieback reuses an existing host, so HOST is near-zero (brownfield tie-in mods only). Wells + SURF carry the project. SURF share is high because the flowline/umbilical run to the host is the defining scope of a tieback."
Anchor,Chevron,2019,5700.0,new_host_semi,7,host,0.2767,1577.5,1064.5,2090.5,allocated,"Top-down back-allocation of a disclosed $5,700MM total. Shares: ASSUMED prior for new_host_semi. drill+complete shares tilted x0.94 for 7 wells vs a reference 8 for new_host_semi (sub-linear, factor 0.5). Rationale: Semi-submersible FPU (GOM Anchor/Whale class). Fewer wells than an FPSO development; host is a major but not dominant share."
Anchor,Chevron,2019,5700.0,new_host_semi,7,drill,0.2498,1424.1,911.1,1937.1,allocated,"Top-down back-allocation of a disclosed $5,700MM total. Shares: ASSUMED prior for new_host_semi. drill+complete shares tilted x0.94 for 7 wells vs a reference 8 for new_host_semi (sub-linear, factor 0.5). Rationale: Semi-submersible FPU (GOM Anchor/Whale class). Fewer wells than an FPSO development; host is a major but not dominant share."
Anchor,Chevron,2019,5700.0,new_host_semi,7,surf,0.2255,1285.3,829.3,1741.3,allocated,"Top-down back-allocation of a disclosed $5,700MM total. Shares: ASSUMED prior for new_host_semi. drill+complete shares tilted x0.94 for 7 wells vs a reference 8 for new_host_semi (sub-linear, factor 0.5). Rationale: Semi-submersible FPU (GOM Anchor/Whale class). Fewer wells than an FPSO development; host is a major but not dominant share."
Anchor,Chevron,2019,5700.0,new_host_semi,7,complete,0.1249,712.0,427.0,997.0,allocated,"Top-down back-allocation of a disclosed $5,700MM total. Shares: ASSUMED prior for new_host_semi. drill+complete shares tilted x0.94 for 7 wells vs a reference 8 for new_host_semi (sub-linear, factor 0.5). Rationale: Semi-submersible FPU (GOM Anchor/Whale class). Fewer wells than an FPSO development; host is a major but not dominant share."
Anchor,Chevron,2019,5700.0,new_host_semi,7,install,0.0717,409.0,181.0,637.0,allocated,"Top-down back-allocation of a disclosed $5,700MM total. Shares: ASSUMED prior for new_host_semi. drill+complete shares tilted x0.94 for 7 wells vs a reference 8 for new_host_semi (sub-linear, factor 0.5). Rationale: Semi-submersible FPU (GOM Anchor/Whale class). Fewer wells than an FPSO development; host is a major but not dominant share."
Anchor,Chevron,2019,5700.0,new_host_semi,7,hookup,0.0512,292.1,121.1,463.1,allocated,"Top-down back-allocation of a disclosed $5,700MM total. Shares: ASSUMED prior for new_host_semi. drill+complete shares tilted x0.94 for 7 wells vs a reference 8 for new_host_semi (sub-linear, factor 0.5). Rationale: Semi-submersible FPU (GOM Anchor/Whale class). Fewer wells than an FPSO development; host is a major but not dominant share."
Atlantis Phase 3,BP,2019,1300.0,subsea_tieback,8,drill,0.4080,530.4,400.4,660.4,allocated,"Top-down back-allocation of a disclosed $1,300MM total. Shares: ASSUMED prior for subsea_tieback. drill+complete shares tilted x1.50 for 8 wells vs a reference 4 for subsea_tieback (sub-linear, factor 0.5). Rationale: Tieback reuses an existing host, so HOST is near-zero (brownfield tie-in mods only). Wells + SURF carry the project. SURF share is high because the flowline/umbilical run to the host is the defining scope of a tieback."
Atlantis Phase 3,BP,2019,1300.0,subsea_tieback,8,surf,0.2400,312.0,195.0,429.0,allocated,"Top-down back-allocation of a disclosed $1,300MM total. Shares: ASSUMED prior for subsea_tieback. drill+complete shares tilted x1.50 for 8 wells vs a reference 4 for subsea_tieback (sub-linear, factor 0.5). Rationale: Tieback reuses an existing host, so HOST is near-zero (brownfield tie-in mods only). Wells + SURF carry the project. SURF share is high because the flowline/umbilical run to the host is the defining scope of a tieback."
Atlantis Phase 3,BP,2019,1300.0,subsea_tieback,8,complete,0.1920,249.6,171.6,327.6,allocated,"Top-down back-allocation of a disclosed $1,300MM total. Shares: ASSUMED prior for subsea_tieback. drill+complete shares tilted x1.50 for 8 wells vs a reference 4 for subsea_tieback (sub-linear, factor 0.5). Rationale: Tieback reuses an existing host, so HOST is near-zero (brownfield tie-in mods only). Wells + SURF carry the project. SURF share is high because the flowline/umbilical run to the host is the defining scope of a tieback."
Atlantis Phase 3,BP,2019,1300.0,subsea_tieback,8,install,0.0880,114.4,49.4,179.4,allocated,"Top-down back-allocation of a disclosed $1,300MM total. Shares: ASSUMED prior for subsea_tieback. drill+complete shares tilted x1.50 for 8 wells vs a reference 4 for subsea_tieback (sub-linear, factor 0.5). Rationale: Tieback reuses an existing host, so HOST is near-zero (brownfield tie-in mods only). Wells + SURF carry the project. SURF share is high because the flowline/umbilical run to the host is the defining scope of a tieback."
Atlantis Phase 3,BP,2019,1300.0,subsea_tieback,8,hookup,0.0400,52.0,13.0,91.0,allocated,"Top-down back-allocation of a disclosed $1,300MM total. Shares: ASSUMED prior for subsea_tieback. drill+complete shares tilted x1.50 for 8 wells vs a reference 4 for subsea_tieback (sub-linear, factor 0.5). Rationale: Tieback reuses an existing host, so HOST is near-zero (brownfield tie-in mods only). Wells + SURF carry the project. SURF share is high because the flowline/umbilical run to the host is the defining scope of a tieback."
Atlantis Phase 3,BP,2019,1300.0,subsea_tieback,8,host,0.0320,41.6,0.0,93.6,allocated,"Top-down back-allocation of a disclosed $1,300MM total. Shares: ASSUMED prior for subsea_tieback. drill+complete shares tilted x1.50 for 8 wells vs a reference 4 for subsea_tieback (sub-linear, factor 0.5). Rationale: Tieback reuses an existing host, so HOST is near-zero (brownfield tie-in mods only). Wells + SURF carry the project. SURF share is high because the flowline/umbilical run to the host is the defining scope of a tieback."
Azeri Central East (ACG),BP,2019,6000.0,new_host_fixed,,host,0.3400,2040.0,1440.0,2640.0,allocated,"Top-down back-allocation of a disclosed $6,000MM total. Shares: ASSUMED prior for new_host_fixed. no well-count tilt (well count not disclosed). Rationale: Fixed steel jacket / gravity-base platform (Clair Ridge, Tyra, Johan Sverdrup P2 class). Relative to a floater: HOST and INSTALL take a larger share (heavy jacket fabrication and a heavy-lift install campaign), while SURF takes less — wells are frequently drilled from the platform itself rather than tied back subsea, so there is less flowline and no riser/mooring system to buy."
Azeri Central East (ACG),BP,2019,6000.0,new_host_fixed,,drill,0.2400,1440.0,960.0,1920.0,allocated,"Top-down back-allocation of a disclosed $6,000MM total. Shares: ASSUMED prior for new_host_fixed. no well-count tilt (well count not disclosed). Rationale: Fixed steel jacket / gravity-base platform (Clair Ridge, Tyra, Johan Sverdrup P2 class). Relative to a floater: HOST and INSTALL take a larger share (heavy jacket fabrication and a heavy-lift install campaign), while SURF takes less — wells are frequently drilled from the platform itself rather than tied back subsea, so there is less flowline and no riser/mooring system to buy."
Azeri Central East (ACG),BP,2019,6000.0,new_host_fixed,,surf,0.1400,840.0,480.0,1200.0,allocated,"Top-down back-allocation of a disclosed $6,000MM total. Shares: ASSUMED prior for new_host_fixed. no well-count tilt (well count not disclosed). Rationale: Fixed steel jacket / gravity-base platform (Clair Ridge, Tyra, Johan Sverdrup P2 class). Relative to a floater: HOST and INSTALL take a larger share (heavy jacket fabrication and a heavy-lift install campaign), while SURF takes less — wells are frequently drilled from the platform itself rather than tied back subsea, so there is less flowline and no riser/mooring system to buy."
Azeri Central East (ACG),BP,2019,6000.0,new_host_fixed,,complete,0.1200,720.0,420.0,1020.0,allocated,"Top-down back-allocation of a disclosed $6,000MM total. Shares: ASSUMED prior for new_host_fixed. no well-count tilt (well count not disclosed). Rationale: Fixed steel jacket / gravity-base platform (Clair Ridge, Tyra, Johan Sverdrup P2 class). Relative to a floater: HOST and INSTALL take a larger share (heavy jacket fabrication and a heavy-lift install campaign), while SURF takes less — wells are frequently drilled from the platform itself rather than tied back subsea, so there is less flowline and no riser/mooring system to buy."
Azeri Central East (ACG),BP,2019,6000.0,new_host_fixed,,install,0.1000,600.0,300.0,900.0,allocated,"Top-down back-allocation of a disclosed $6,000MM total. Shares: ASSUMED prior for new_host_fixed. no well-count tilt (well count not disclosed). Rationale: Fixed steel jacket / gravity-base platform (Clair Ridge, Tyra, Johan Sverdrup P2 class). Relative to a floater: HOST and INSTALL take a larger share (heavy jacket fabrication and a heavy-lift install campaign), while SURF takes less — wells are frequently drilled from the platform itself rather than tied back subsea, so there is less flowline and no riser/mooring system to buy."
Azeri Central East (ACG),BP,2019,6000.0,new_host_fixed,,hookup,0.0600,360.0,180.0,540.0,allocated,"Top-down back-allocation of a disclosed $6,000MM total. Shares: ASSUMED prior for new_host_fixed. no well-count tilt (well count not disclosed). Rationale: Fixed steel jacket / gravity-base platform (Clair Ridge, Tyra, Johan Sverdrup P2 class). Relative to a floater: HOST and INSTALL take a larger share (heavy jacket fabrication and a heavy-lift install campaign), while SURF takes less — wells are frequently drilled from the platform itself rather than tied back subsea, so there is less flowline and no riser/mooring system to buy."
Liza Phase 2,ExxonMobil,2019,6000.0,new_host_fpso,30,host,0.2703,1621.6,1021.6,2221.6,allocated,"Top-down back-allocation of a disclosed $6,000MM total. Shares: ASSUMED prior for new_host_fpso. drill+complete shares tilted x1.33 for 30 wells vs a reference 18 for new_host_fpso (sub-linear, factor 0.5). Rationale: FPSO hull+topsides is the single largest line item. Well counts are high (15-30 on a Guyana-class development) but each well is a smaller share of a very large total."
Liza Phase 2,ExxonMobil,2019,6000.0,new_host_fpso,30,drill,0.2643,1585.6,1105.6,2065.6,allocated,"Top-down back-allocation of a disclosed $6,000MM total. Shares: ASSUMED prior for new_host_fpso. drill+complete shares tilted x1.33 for 30 wells vs a reference 18 for new_host_fpso (sub-linear, factor 0.5). Rationale: FPSO hull+topsides is the single largest line item. Well counts are high (15-30 on a Guyana-class development) but each well is a smaller share of a very large total."
Liza Phase 2,ExxonMobil,2019,6000.0,new_host_fpso,30,surf,0.2162,1297.3,817.3,1777.3,allocated,"Top-down back-allocation of a disclosed $6,000MM total. Shares: ASSUMED prior for new_host_fpso. drill+complete shares tilted x1.33 for 30 wells vs a reference 18 for new_host_fpso (sub-linear, factor 0.5). Rationale: FPSO hull+topsides is the single largest line item. Well counts are high (15-30 on a Guyana-class development) but each well is a smaller share of a very large total."
Liza Phase 2,ExxonMobil,2019,6000.0,new_host_fpso,30,complete,0.1321,792.8,492.8,1092.8,allocated,"Top-down back-allocation of a disclosed $6,000MM total. Shares: ASSUMED prior for new_host_fpso. drill+complete shares tilted x1.33 for 30 wells vs a reference 18 for new_host_fpso (sub-linear, factor 0.5). Rationale: FPSO hull+topsides is the single largest line item. Well counts are high (15-30 on a Guyana-class development) but each well is a smaller share of a very large total."
Liza Phase 2,ExxonMobil,2019,6000.0,new_host_fpso,30,install,0.0721,432.4,192.4,672.4,allocated,"Top-down back-allocation of a disclosed $6,000MM total. Shares: ASSUMED prior for new_host_fpso. drill+complete shares tilted x1.33 for 30 wells vs a reference 18 for new_host_fpso (sub-linear, factor 0.5). Rationale: FPSO hull+topsides is the single largest line item. Well counts are high (15-30 on a Guyana-class development) but each well is a smaller share of a very large total."
Liza Phase 2,ExxonMobil,2019,6000.0,new_host_fpso,30,hookup,0.0450,270.3,90.3,450.3,allocated,"Top-down back-allocation of a disclosed $6,000MM total. Shares: ASSUMED prior for new_host_fpso. drill+complete shares tilted x1.33 for 30 wells vs a reference 18 for new_host_fpso (sub-linear, factor 0.5). Rationale: FPSO hull+topsides is the single largest line item. Well counts are high (15-30 on a Guyana-class development) but each well is a smaller share of a very large total."
Payara,ExxonMobil,2020,9000.0,new_host_fpso,41,drill,0.2978,2680.0,1960.0,3400.0,allocated,"Top-down back-allocation of a disclosed $9,000MM total. Shares: ASSUMED prior for new_host_fpso. drill+complete shares tilted x1.64 for 41 wells vs a reference 18 for new_host_fpso (sub-linear, factor 0.5). Rationale: FPSO hull+topsides is the single largest line item. Well counts are high (15-30 on a Guyana-class development) but each well is a smaller share of a very large total."
Payara,ExxonMobil,2020,9000.0,new_host_fpso,41,host,0.2478,2229.9,1329.9,3129.9,allocated,"Top-down back-allocation of a disclosed $9,000MM total. Shares: ASSUMED prior for new_host_fpso. drill+complete shares tilted x1.64 for 41 wells vs a reference 18 for new_host_fpso (sub-linear, factor 0.5). Rationale: FPSO hull+topsides is the single largest line item. Well counts are high (15-30 on a Guyana-class development) but each well is a smaller share of a very large total."
Payara,ExxonMobil,2020,9000.0,new_host_fpso,41,surf,0.1982,1783.9,1063.9,2503.9,allocated,"Top-down back-allocation of a disclosed $9,000MM total. Shares: ASSUMED prior for new_host_fpso. drill+complete shares tilted x1.64 for 41 wells vs a reference 18 for new_host_fpso (sub-linear, factor 0.5). Rationale: FPSO hull+topsides is the single largest line item. Well counts are high (15-30 on a Guyana-class development) but each well is a smaller share of a very large total."
Payara,ExxonMobil,2020,9000.0,new_host_fpso,41,complete,0.1489,1340.0,890.0,1790.0,allocated,"Top-down back-allocation of a disclosed $9,000MM total. Shares: ASSUMED prior for new_host_fpso. drill+complete shares tilted x1.64 for 41 wells vs a reference 18 for new_host_fpso (sub-linear, factor 0.5). Rationale: FPSO hull+topsides is the single largest line item. Well counts are high (15-30 on a Guyana-class development) but each well is a smaller share of a very large total."
Payara,ExxonMobil,2020,9000.0,new_host_fpso,41,install,0.0661,594.6,234.6,954.6,allocated,"Top-down back-allocation of a disclosed $9,000MM total. Shares: ASSUMED prior for new_host_fpso. drill+complete shares tilted x1.64 for 41 wells vs a reference 18 for new_host_fpso (sub-linear, factor 0.5). Rationale: FPSO hull+topsides is the single largest line item. Well counts are high (15-30 on a Guyana-class development) but each well is a smaller share of a very large total."
Payara,ExxonMobil,2020,9000.0,new_host_fpso,41,hookup,0.0413,371.6,101.6,641.6,allocated,"Top-down back-allocation of a disclosed $9,000MM total. Shares: ASSUMED prior for new_host_fpso. drill+complete shares tilted x1.64 for 41 wells vs a reference 18 for new_host_fpso (sub-linear, factor 0.5). Rationale: FPSO hull+topsides is the single largest line item. Well counts are high (15-30 on a Guyana-class development) but each well is a smaller share of a very large total."
Sangomar Phase 1,Woodside,2020,4200.0,new_host_fpso,,host,0.3000,1260.0,840.0,1680.0,allocated,"Top-down back-allocation of a disclosed $4,200MM total. Shares: ASSUMED prior for new_host_fpso. no well-count tilt (well count not disclosed). Rationale: FPSO hull+topsides is the single largest line item. Well counts are high (15-30 on a Guyana-class development) but each well is a smaller share of a very large total."
Sangomar Phase 1,Woodside,2020,4200.0,new_host_fpso,,surf,0.2400,1008.0,672.0,1344.0,allocated,"Top-down back-allocation of a disclosed $4,200MM total. Shares: ASSUMED prior for new_host_fpso. no well-count tilt (well count not disclosed). Rationale: FPSO hull+topsides is the single largest line item. Well counts are high (15-30 on a Guyana-class development) but each well is a smaller share of a very large total."
Sangomar Phase 1,Woodside,2020,4200.0,new_host_fpso,,drill,0.2200,924.0,588.0,1260.0,allocated,"Top-down back-allocation of a disclosed $4,200MM total. Shares: ASSUMED prior for new_host_fpso. no well-count tilt (well count not disclosed). Rationale: FPSO hull+topsides is the single largest line item. Well counts are high (15-30 on a Guyana-class development) but each well is a smaller share of a very large total."
Sangomar Phase 1,Woodside,2020,4200.0,new_host_fpso,,complete,0.1100,462.0,252.0,672.0,allocated,"Top-down back-allocation of a disclosed $4,200MM total. Shares: ASSUMED prior for new_host_fpso. no well-count tilt (well count not disclosed). Rationale: FPSO hull+topsides is the single largest line item. Well counts are high (15-30 on a Guyana-class development) but each well is a smaller share of a very large total."
Sangomar Phase 1,Woodside,2020,4200.0,new_host_fpso,,install,0.0800,336.0,168.0,504.0,allocated,"Top-down back-allocation of a disclosed $4,200MM total. Shares: ASSUMED prior for new_host_fpso. no well-count tilt (well count not disclosed). Rationale: FPSO hull+topsides is the single largest line item. Well counts are high (15-30 on a Guyana-class development) but each well is a smaller share of a very large total."
Sangomar Phase 1,Woodside,2020,4200.0,new_host_fpso,,hookup,0.0500,210.0,84.0,336.0,allocated,"Top-down back-allocation of a disclosed $4,200MM total. Shares: ASSUMED prior for new_host_fpso. no well-count tilt (well count not disclosed). Rationale: FPSO hull+topsides is the single largest line item. Well counts are high (15-30 on a Guyana-class development) but each well is a smaller share of a very large total."
Bacalhau Phase 1,Equinor,2021,8000.0,new_host_fpso,19,host,0.2973,2378.2,1578.2,3178.2,allocated,"Top-down back-allocation of a disclosed $8,000MM total. Shares: ASSUMED prior for new_host_fpso. drill+complete shares tilted x1.03 for 19 wells vs a reference 18 for new_host_fpso (sub-linear, factor 0.5). Rationale: FPSO hull+topsides is the single largest line item. Well counts are high (15-30 on a Guyana-class development) but each well is a smaller share of a very large total."
Bacalhau Phase 1,Equinor,2021,8000.0,new_host_fpso,19,surf,0.2378,1902.6,1262.6,2542.6,allocated,"Top-down back-allocation of a disclosed $8,000MM total. Shares: ASSUMED prior for new_host_fpso. drill+complete shares tilted x1.03 for 19 wells vs a reference 18 for new_host_fpso (sub-linear, factor 0.5). Rationale: FPSO hull+topsides is the single largest line item. Well counts are high (15-30 on a Guyana-class development) but each well is a smaller share of a very large total."
Bacalhau Phase 1,Equinor,2021,8000.0,new_host_fpso,19,drill,0.2241,1792.5,1152.5,2432.5,allocated,"Top-down back-allocation of a disclosed $8,000MM total. Shares: ASSUMED prior for new_host_fpso. drill+complete shares tilted x1.03 for 19 wells vs a reference 18 for new_host_fpso (sub-linear, factor 0.5). Rationale: FPSO hull+topsides is the single largest line item. Well counts are high (15-30 on a Guyana-class development) but each well is a smaller share of a very large total."
Bacalhau Phase 1,Equinor,2021,8000.0,new_host_fpso,19,complete,0.1120,896.2,496.2,1296.2,allocated,"Top-down back-allocation of a disclosed $8,000MM total. Shares: ASSUMED prior for new_host_fpso. drill+complete shares tilted x1.03 for 19 wells vs a reference 18 for new_host_fpso (sub-linear, factor 0.5). Rationale: FPSO hull+topsides is the single largest line item. Well counts are high (15-30 on a Guyana-class development) but each well is a smaller share of a very large total."
Bacalhau Phase 1,Equinor,2021,8000.0,new_host_fpso,19,install,0.0793,634.2,314.2,954.2,allocated,"Top-down back-allocation of a disclosed $8,000MM total. Shares: ASSUMED prior for new_host_fpso. drill+complete shares tilted x1.03 for 19 wells vs a reference 18 for new_host_fpso (sub-linear, factor 0.5). Rationale: FPSO hull+topsides is the single largest line item. Well counts are high (15-30 on a Guyana-class development) but each well is a smaller share of a very large total."
Bacalhau Phase 1,Equinor,2021,8000.0,new_host_fpso,19,hookup,0.0495,396.4,156.4,636.4,allocated,"Top-down back-allocation of a disclosed $8,000MM total. Shares: ASSUMED prior for new_host_fpso. drill+complete shares tilted x1.03 for 19 wells vs a reference 18 for new_host_fpso (sub-linear, factor 0.5). Rationale: FPSO hull+topsides is the single largest line item. Well counts are high (15-30 on a Guyana-class development) but each well is a smaller share of a very large total."
Barossa,Santos,2021,3600.0,new_host_fpso,,host,0.3000,1080.0,720.0,1440.0,allocated,"Top-down back-allocation of a disclosed $3,600MM total. Shares: ASSUMED prior for new_host_fpso. no well-count tilt (well count not disclosed). Rationale: FPSO hull+topsides is the single largest line item. Well counts are high (15-30 on a Guyana-class development) but each well is a smaller share of a very large total."
Barossa,Santos,2021,3600.0,new_host_fpso,,surf,0.2400,864.0,576.0,1152.0,allocated,"Top-down back-allocation of a disclosed $3,600MM total. Shares: ASSUMED prior for new_host_fpso. no well-count tilt (well count not disclosed). Rationale: FPSO hull+topsides is the single largest line item. Well counts are high (15-30 on a Guyana-class development) but each well is a smaller share of a very large total."
Barossa,Santos,2021,3600.0,new_host_fpso,,drill,0.2200,792.0,504.0,1080.0,allocated,"Top-down back-allocation of a disclosed $3,600MM total. Shares: ASSUMED prior for new_host_fpso. no well-count tilt (well count not disclosed). Rationale: FPSO hull+topsides is the single largest line item. Well counts are high (15-30 on a Guyana-class development) but each well is a smaller share of a very large total."
Barossa,Santos,2021,3600.0,new_host_fpso,,complete,0.1100,396.0,216.0,576.0,allocated,"Top-down back-allocation of a disclosed $3,600MM total. Shares: ASSUMED prior for new_host_fpso. no well-count tilt (well count not disclosed). Rationale: FPSO hull+topsides is the single largest line item. Well counts are high (15-30 on a Guyana-class development) but each well is a smaller share of a very large total."
Barossa,Santos,2021,3600.0,new_host_fpso,,install,0.0800,288.0,144.0,432.0,allocated,"Top-down back-allocation of a disclosed $3,600MM total. Shares: ASSUMED prior for new_host_fpso. no well-count tilt (well count not disclosed). Rationale: FPSO hull+topsides is the single largest line item. Well counts are high (15-30 on a Guyana-class development) but each well is a smaller share of a very large total."
Barossa,Santos,2021,3600.0,new_host_fpso,,hookup,0.0500,180.0,72.0,288.0,allocated,"Top-down back-allocation of a disclosed $3,600MM total. Shares: ASSUMED prior for new_host_fpso. no well-count tilt (well count not disclosed). Rationale: FPSO hull+topsides is the single largest line item. Well counts are high (15-30 on a Guyana-class development) but each well is a smaller share of a very large total."
Shenandoah,Beacon Offshore Energy,2021,1800.0,new_host_semi,4,host,0.2992,538.5,376.5,700.5,allocated,"Top-down back-allocation of a disclosed $1,800MM total. Shares: ASSUMED prior for new_host_semi. drill+complete shares tilted x0.75 for 4 wells vs a reference 8 for new_host_semi (sub-linear, factor 0.5). Rationale: Semi-submersible FPU (GOM Anchor/Whale class). Fewer wells than an FPSO development; host is a major but not dominant share."
Shenandoah,Beacon Offshore Energy,2021,1800.0,new_host_semi,4,surf,0.2438,438.8,294.8,582.8,allocated,"Top-down back-allocation of a disclosed $1,800MM total. Shares: ASSUMED prior for new_host_semi. drill+complete shares tilted x0.75 for 4 wells vs a reference 8 for new_host_semi (sub-linear, factor 0.5). Rationale: Semi-submersible FPU (GOM Anchor/Whale class). Fewer wells than an FPSO development; host is a major but not dominant share."
Shenandoah,Beacon Offshore Energy,2021,1800.0,new_host_semi,4,drill,0.2161,388.9,226.9,550.9,allocated,"Top-down back-allocation of a disclosed $1,800MM total. Shares: ASSUMED prior for new_host_semi. drill+complete shares tilted x0.75 for 4 wells vs a reference 8 for new_host_semi (sub-linear, factor 0.5). Rationale: Semi-submersible FPU (GOM Anchor/Whale class). Fewer wells than an FPSO development; host is a major but not dominant share."
Shenandoah,Beacon Offshore Energy,2021,1800.0,new_host_semi,4,complete,0.1080,194.5,104.5,284.5,allocated,"Top-down back-allocation of a disclosed $1,800MM total. Shares: ASSUMED prior for new_host_semi. drill+complete shares tilted x0.75 for 4 wells vs a reference 8 for new_host_semi (sub-linear, factor 0.5). Rationale: Semi-submersible FPU (GOM Anchor/Whale class). Fewer wells than an FPSO development; host is a major but not dominant share."
Shenandoah,Beacon Offshore Energy,2021,1800.0,new_host_semi,4,install,0.0776,139.6,67.6,211.6,allocated,"Top-down back-allocation of a disclosed $1,800MM total. Shares: ASSUMED prior for new_host_semi. drill+complete shares tilted x0.75 for 4 wells vs a reference 8 for new_host_semi (sub-linear, factor 0.5). Rationale: Semi-submersible FPU (GOM Anchor/Whale class). Fewer wells than an FPSO development; host is a major but not dominant share."
Shenandoah,Beacon Offshore Energy,2021,1800.0,new_host_semi,4,hookup,0.0554,99.7,45.7,153.7,allocated,"Top-down back-allocation of a disclosed $1,800MM total. Shares: ASSUMED prior for new_host_semi. drill+complete shares tilted x0.75 for 4 wells vs a reference 8 for new_host_semi (sub-linear, factor 0.5). Rationale: Semi-submersible FPU (GOM Anchor/Whale class). Fewer wells than an FPSO development; host is a major but not dominant share."
Shenzi North,BHP (now Woodside),2021,544.0,subsea_tieback,2,surf,0.3429,186.5,137.6,235.5,allocated,"Top-down back-allocation of a disclosed $544MM total. Shares: ASSUMED prior for subsea_tieback. drill+complete shares tilted x0.75 for 2 wells vs a reference 4 for subsea_tieback (sub-linear, factor 0.5). Rationale: Tieback reuses an existing host, so HOST is near-zero (brownfield tie-in mods only). Wells + SURF carry the project. SURF share is high because the flowline/umbilical run to the host is the defining scope of a tieback."
Shenzi North,BHP (now Woodside),2021,544.0,subsea_tieback,2,drill,0.2914,158.5,104.1,212.9,allocated,"Top-down back-allocation of a disclosed $544MM total. Shares: ASSUMED prior for subsea_tieback. drill+complete shares tilted x0.75 for 2 wells vs a reference 4 for subsea_tieback (sub-linear, factor 0.5). Rationale: Tieback reuses an existing host, so HOST is near-zero (brownfield tie-in mods only). Wells + SURF carry the project. SURF share is high because the flowline/umbilical run to the host is the defining scope of a tieback."
Shenzi North,BHP (now Woodside),2021,544.0,subsea_tieback,2,complete,0.1371,74.6,42.0,107.2,allocated,"Top-down back-allocation of a disclosed $544MM total. Shares: ASSUMED prior for subsea_tieback. drill+complete shares tilted x0.75 for 2 wells vs a reference 4 for subsea_tieback (sub-linear, factor 0.5). Rationale: Tieback reuses an existing host, so HOST is near-zero (brownfield tie-in mods only). Wells + SURF carry the project. SURF share is high because the flowline/umbilical run to the host is the defining scope of a tieback."
Shenzi North,BHP (now Woodside),2021,544.0,subsea_tieback,2,install,0.1257,68.4,41.2,95.6,allocated,"Top-down back-allocation of a disclosed $544MM total. Shares: ASSUMED prior for subsea_tieback. drill+complete shares tilted x0.75 for 2 wells vs a reference 4 for subsea_tieback (sub-linear, factor 0.5). Rationale: Tieback reuses an existing host, so HOST is near-zero (brownfield tie-in mods only). Wells + SURF carry the project. SURF share is high because the flowline/umbilical run to the host is the defining scope of a tieback."
Shenzi North,BHP (now Woodside),2021,544.0,subsea_tieback,2,hookup,0.0571,31.1,14.8,47.4,allocated,"Top-down back-allocation of a disclosed $544MM total. Shares: ASSUMED prior for subsea_tieback. drill+complete shares tilted x0.75 for 2 wells vs a reference 4 for subsea_tieback (sub-linear, factor 0.5). Rationale: Tieback reuses an existing host, so HOST is near-zero (brownfield tie-in mods only). Wells + SURF carry the project. SURF share is high because the flowline/umbilical run to the host is the defining scope of a tieback."
Shenzi North,BHP (now Woodside),2021,544.0,subsea_tieback,2,host,0.0457,24.9,3.1,46.6,allocated,"Top-down back-allocation of a disclosed $544MM total. Shares: ASSUMED prior for subsea_tieback. drill+complete shares tilted x0.75 for 2 wells vs a reference 4 for subsea_tieback (sub-linear, factor 0.5). Rationale: Tieback reuses an existing host, so HOST is near-zero (brownfield tie-in mods only). Wells + SURF carry the project. SURF share is high because the flowline/umbilical run to the host is the defining scope of a tieback."
Atlanta Full Field (Definitive System),"Enauta (100%, now Brava Energia)",2022,1200.0,new_host_fpso,6,host,0.3371,404.5,284.5,524.5,allocated,"Top-down back-allocation of a disclosed $1,200MM total. Shares: ASSUMED prior for new_host_fpso. drill+complete shares tilted x0.67 for 6 wells vs a reference 18 for new_host_fpso (sub-linear, factor 0.5). Rationale: FPSO hull+topsides is the single largest line item. Well counts are high (15-30 on a Guyana-class development) but each well is a smaller share of a very large total."
Atlanta Full Field (Definitive System),"Enauta (100%, now Brava Energia)",2022,1200.0,new_host_fpso,6,surf,0.2697,323.6,227.6,419.6,allocated,"Top-down back-allocation of a disclosed $1,200MM total. Shares: ASSUMED prior for new_host_fpso. drill+complete shares tilted x0.67 for 6 wells vs a reference 18 for new_host_fpso (sub-linear, factor 0.5). Rationale: FPSO hull+topsides is the single largest line item. Well counts are high (15-30 on a Guyana-class development) but each well is a smaller share of a very large total."
Atlanta Full Field (Definitive System),"Enauta (100%, now Brava Energia)",2022,1200.0,new_host_fpso,6,drill,0.1648,197.8,101.8,293.8,allocated,"Top-down back-allocation of a disclosed $1,200MM total. Shares: ASSUMED prior for new_host_fpso. drill+complete shares tilted x0.67 for 6 wells vs a reference 18 for new_host_fpso (sub-linear, factor 0.5). Rationale: FPSO hull+topsides is the single largest line item. Well counts are high (15-30 on a Guyana-class development) but each well is a smaller share of a very large total."
Atlanta Full Field (Definitive System),"Enauta (100%, now Brava Energia)",2022,1200.0,new_host_fpso,6,install,0.0899,107.9,59.9,155.9,allocated,"Top-down back-allocation of a disclosed $1,200MM total. Shares: ASSUMED prior for new_host_fpso. drill+complete shares tilted x0.67 for 6 wells vs a reference 18 for new_host_fpso (sub-linear, factor 0.5). Rationale: FPSO hull+topsides is the single largest line item. Well counts are high (15-30 on a Guyana-class development) but each well is a smaller share of a very large total."
Atlanta Full Field (Definitive System),"Enauta (100%, now Brava Energia)",2022,1200.0,new_host_fpso,6,complete,0.0824,98.9,38.9,158.9,allocated,"Top-down back-allocation of a disclosed $1,200MM total. Shares: ASSUMED prior for new_host_fpso. drill+complete shares tilted x0.67 for 6 wells vs a reference 18 for new_host_fpso (sub-linear, factor 0.5). Rationale: FPSO hull+topsides is the single largest line item. Well counts are high (15-30 on a Guyana-class development) but each well is a smaller share of a very large total."
Atlanta Full Field (Definitive System),"Enauta (100%, now Brava Energia)",2022,1200.0,new_host_fpso,6,hookup,0.0562,67.4,31.4,103.4,allocated,"Top-down back-allocation of a disclosed $1,200MM total. Shares: ASSUMED prior for new_host_fpso. drill+complete shares tilted x0.67 for 6 wells vs a reference 18 for new_host_fpso (sub-linear, factor 0.5). Rationale: FPSO hull+topsides is the single largest line item. Well counts are high (15-30 on a Guyana-class development) but each well is a smaller share of a very large total."
Baleine (Phases 1-3 programme),Eni,2022,10000.0,new_host_fpso,,host,0.3000,3000.0,2000.0,4000.0,allocated,"Top-down back-allocation of a disclosed $10,000MM total. Shares: ASSUMED prior for new_host_fpso. no well-count tilt (well count not disclosed). Rationale: FPSO hull+topsides is the single largest line item. Well counts are high (15-30 on a Guyana-class development) but each well is a smaller share of a very large total."
Baleine (Phases 1-3 programme),Eni,2022,10000.0,new_host_fpso,,surf,0.2400,2400.0,1600.0,3200.0,allocated,"Top-down back-allocation of a disclosed $10,000MM total. Shares: ASSUMED prior for new_host_fpso. no well-count tilt (well count not disclosed). Rationale: FPSO hull+topsides is the single largest line item. Well counts are high (15-30 on a Guyana-class development) but each well is a smaller share of a very large total."
Baleine (Phases 1-3 programme),Eni,2022,10000.0,new_host_fpso,,drill,0.2200,2200.0,1400.0,3000.0,allocated,"Top-down back-allocation of a disclosed $10,000MM total. Shares: ASSUMED prior for new_host_fpso. no well-count tilt (well count not disclosed). Rationale: FPSO hull+topsides is the single largest line item. Well counts are high (15-30 on a Guyana-class development) but each well is a smaller share of a very large total."
Baleine (Phases 1-3 programme),Eni,2022,10000.0,new_host_fpso,,complete,0.1100,1100.0,600.0,1600.0,allocated,"Top-down back-allocation of a disclosed $10,000MM total. Shares: ASSUMED prior for new_host_fpso. no well-count tilt (well count not disclosed). Rationale: FPSO hull+topsides is the single largest line item. Well counts are high (15-30 on a Guyana-class development) but each well is a smaller share of a very large total."
Baleine (Phases 1-3 programme),Eni,2022,10000.0,new_host_fpso,,install,0.0800,800.0,400.0,1200.0,allocated,"Top-down back-allocation of a disclosed $10,000MM total. Shares: ASSUMED prior for new_host_fpso. no well-count tilt (well count not disclosed). Rationale: FPSO hull+topsides is the single largest line item. Well counts are high (15-30 on a Guyana-class development) but each well is a smaller share of a very large total."
Baleine (Phases 1-3 programme),Eni,2022,10000.0,new_host_fpso,,hookup,0.0500,500.0,200.0,800.0,allocated,"Top-down back-allocation of a disclosed $10,000MM total. Shares: ASSUMED prior for new_host_fpso. no well-count tilt (well count not disclosed). Rationale: FPSO hull+topsides is the single largest line item. Well counts are high (15-30 on a Guyana-class development) but each well is a smaller share of a very large total."
Ballymore,Chevron,2022,1600.0,subsea_tieback,3,surf,0.3200,512.0,368.0,656.0,allocated,"Top-down back-allocation of a disclosed $1,600MM total. Shares: ASSUMED prior for subsea_tieback. drill+complete shares tilted x0.88 for 3 wells vs a reference 4 for subsea_tieback (sub-linear, factor 0.5). Rationale: Tieback reuses an existing host, so HOST is near-zero (brownfield tie-in mods only). Wells + SURF carry the project. SURF share is high because the flowline/umbilical run to the host is the defining scope of a tieback."
Ballymore,Chevron,2022,1600.0,subsea_tieback,3,drill,0.3173,507.7,347.7,667.7,allocated,"Top-down back-allocation of a disclosed $1,600MM total. Shares: ASSUMED prior for subsea_tieback. drill+complete shares tilted x0.88 for 3 wells vs a reference 4 for subsea_tieback (sub-linear, factor 0.5). Rationale: Tieback reuses an existing host, so HOST is near-zero (brownfield tie-in mods only). Wells + SURF carry the project. SURF share is high because the flowline/umbilical run to the host is the defining scope of a tieback."
Ballymore,Chevron,2022,1600.0,subsea_tieback,3,complete,0.1493,238.9,142.9,334.9,allocated,"Top-down back-allocation of a disclosed $1,600MM total. Shares: ASSUMED prior for subsea_tieback. drill+complete shares tilted x0.88 for 3 wells vs a reference 4 for subsea_tieback (sub-linear, factor 0.5). Rationale: Tieback reuses an existing host, so HOST is near-zero (brownfield tie-in mods only). Wells + SURF carry the project. SURF share is high because the flowline/umbilical run to the host is the defining scope of a tieback."
Ballymore,Chevron,2022,1600.0,subsea_tieback,3,install,0.1173,187.7,107.7,267.7,allocated,"Top-down back-allocation of a disclosed $1,600MM total. Shares: ASSUMED prior for subsea_tieback. drill+complete shares tilted x0.88 for 3 wells vs a reference 4 for subsea_tieback (sub-linear, factor 0.5). Rationale: Tieback reuses an existing host, so HOST is near-zero (brownfield tie-in mods only). Wells + SURF carry the project. SURF share is high because the flowline/umbilical run to the host is the defining scope of a tieback."
Ballymore,Chevron,2022,1600.0,subsea_tieback,3,hookup,0.0533,85.3,37.3,133.3,allocated,"Top-down back-allocation of a disclosed $1,600MM total. Shares: ASSUMED prior for subsea_tieback. drill+complete shares tilted x0.88 for 3 wells vs a reference 4 for subsea_tieback (sub-linear, factor 0.5). Rationale: Tieback reuses an existing host, so HOST is near-zero (brownfield tie-in mods only). Wells + SURF carry the project. SURF share is high because the flowline/umbilical run to the host is the defining scope of a tieback."
Ballymore,Chevron,2022,1600.0,subsea_tieback,3,host,0.0427,68.3,4.3,132.3,allocated,"Top-down back-allocation of a disclosed $1,600MM total. Shares: ASSUMED prior for subsea_tieback. drill+complete shares tilted x0.88 for 3 wells vs a reference 4 for subsea_tieback (sub-linear, factor 0.5). Rationale: Tieback reuses an existing host, so HOST is near-zero (brownfield tie-in mods only). Wells + SURF carry the project. SURF share is high because the flowline/umbilical run to the host is the defining scope of a tieback."
Yellowtail,ExxonMobil,2022,10000.0,new_host_fpso,51,drill,0.3133,3132.9,2332.9,3932.9,allocated,"Top-down back-allocation of a disclosed $10,000MM total. Shares: ASSUMED prior for new_host_fpso. drill+complete shares tilted x1.80 for 51 wells vs a reference 18 for new_host_fpso (sub-linear, factor 0.5). Rationale: FPSO hull+topsides is the single largest line item. Well counts are high (15-30 on a Guyana-class development) but each well is a smaller share of a very large total."
Yellowtail,ExxonMobil,2022,10000.0,new_host_fpso,51,host,0.2373,2373.4,1373.4,3373.4,allocated,"Top-down back-allocation of a disclosed $10,000MM total. Shares: ASSUMED prior for new_host_fpso. drill+complete shares tilted x1.80 for 51 wells vs a reference 18 for new_host_fpso (sub-linear, factor 0.5). Rationale: FPSO hull+topsides is the single largest line item. Well counts are high (15-30 on a Guyana-class development) but each well is a smaller share of a very large total."
Yellowtail,ExxonMobil,2022,10000.0,new_host_fpso,51,surf,0.1899,1898.7,1098.7,2698.7,allocated,"Top-down back-allocation of a disclosed $10,000MM total. Shares: ASSUMED prior for new_host_fpso. drill+complete shares tilted x1.80 for 51 wells vs a reference 18 for new_host_fpso (sub-linear, factor 0.5). Rationale: FPSO hull+topsides is the single largest line item. Well counts are high (15-30 on a Guyana-class development) but each well is a smaller share of a very large total."
Yellowtail,ExxonMobil,2022,10000.0,new_host_fpso,51,complete,0.1566,1566.5,1066.5,2066.5,allocated,"Top-down back-allocation of a disclosed $10,000MM total. Shares: ASSUMED prior for new_host_fpso. drill+complete shares tilted x1.80 for 51 wells vs a reference 18 for new_host_fpso (sub-linear, factor 0.5). Rationale: FPSO hull+topsides is the single largest line item. Well counts are high (15-30 on a Guyana-class development) but each well is a smaller share of a very large total."
Yellowtail,ExxonMobil,2022,10000.0,new_host_fpso,51,install,0.0633,632.9,232.9,1032.9,allocated,"Top-down back-allocation of a disclosed $10,000MM total. Shares: ASSUMED prior for new_host_fpso. drill+complete shares tilted x1.80 for 51 wells vs a reference 18 for new_host_fpso (sub-linear, factor 0.5). Rationale: FPSO hull+topsides is the single largest line item. Well counts are high (15-30 on a Guyana-class development) but each well is a smaller share of a very large total."
Yellowtail,ExxonMobil,2022,10000.0,new_host_fpso,51,hookup,0.0396,395.6,95.6,695.6,allocated,"Top-down back-allocation of a disclosed $10,000MM total. Shares: ASSUMED prior for new_host_fpso. drill+complete shares tilted x1.80 for 51 wells vs a reference 18 for new_host_fpso (sub-linear, factor 0.5). Rationale: FPSO hull+topsides is the single largest line item. Well counts are high (15-30 on a Guyana-class development) but each well is a smaller share of a very large total."
BM-C-33 (Raia Manta/Raia Pintada),Equinor,2023,9000.0,new_host_fpso,,host,0.3000,2700.0,1800.0,3600.0,allocated,"Top-down back-allocation of a disclosed $9,000MM total. Shares: ASSUMED prior for new_host_fpso. no well-count tilt (well count not disclosed). Rationale: FPSO hull+topsides is the single largest line item. Well counts are high (15-30 on a Guyana-class development) but each well is a smaller share of a very large total."
BM-C-33 (Raia Manta/Raia Pintada),Equinor,2023,9000.0,new_host_fpso,,surf,0.2400,2160.0,1440.0,2880.0,allocated,"Top-down back-allocation of a disclosed $9,000MM total. Shares: ASSUMED prior for new_host_fpso. no well-count tilt (well count not disclosed). Rationale: FPSO hull+topsides is the single largest line item. Well counts are high (15-30 on a Guyana-class development) but each well is a smaller share of a very large total."
BM-C-33 (Raia Manta/Raia Pintada),Equinor,2023,9000.0,new_host_fpso,,drill,0.2200,1980.0,1260.0,2700.0,allocated,"Top-down back-allocation of a disclosed $9,000MM total. Shares: ASSUMED prior for new_host_fpso. no well-count tilt (well count not disclosed). Rationale: FPSO hull+topsides is the single largest line item. Well counts are high (15-30 on a Guyana-class development) but each well is a smaller share of a very large total."
BM-C-33 (Raia Manta/Raia Pintada),Equinor,2023,9000.0,new_host_fpso,,complete,0.1100,990.0,540.0,1440.0,allocated,"Top-down back-allocation of a disclosed $9,000MM total. Shares: ASSUMED prior for new_host_fpso. no well-count tilt (well count not disclosed). Rationale: FPSO hull+topsides is the single largest line item. Well counts are high (15-30 on a Guyana-class development) but each well is a smaller share of a very large total."
BM-C-33 (Raia Manta/Raia Pintada),Equinor,2023,9000.0,new_host_fpso,,install,0.0800,720.0,360.0,1080.0,allocated,"Top-down back-allocation of a disclosed $9,000MM total. Shares: ASSUMED prior for new_host_fpso. no well-count tilt (well count not disclosed). Rationale: FPSO hull+topsides is the single largest line item. Well counts are high (15-30 on a Guyana-class development) but each well is a smaller share of a very large total."
BM-C-33 (Raia Manta/Raia Pintada),Equinor,2023,9000.0,new_host_fpso,,hookup,0.0500,450.0,180.0,720.0,allocated,"Top-down back-allocation of a disclosed $9,000MM total. Shares: ASSUMED prior for new_host_fpso. no well-count tilt (well count not disclosed). Rationale: FPSO hull+topsides is the single largest line item. Well counts are high (15-30 on a Guyana-class development) but each well is a smaller share of a very large total."
Rosebank Phase 1,Equinor,2023,3800.0,new_host_fpso,7,host,0.3336,1267.8,887.8,1647.8,allocated,"Top-down back-allocation of a disclosed $3,800MM total. Shares: ASSUMED prior for new_host_fpso. drill+complete shares tilted x0.69 for 7 wells vs a reference 18 for new_host_fpso (sub-linear, factor 0.5). Rationale: FPSO hull+topsides is the single largest line item. Well counts are high (15-30 on a Guyana-class development) but each well is a smaller share of a very large total."
Rosebank Phase 1,Equinor,2023,3800.0,new_host_fpso,7,surf,0.2669,1014.3,710.3,1318.3,allocated,"Top-down back-allocation of a disclosed $3,800MM total. Shares: ASSUMED prior for new_host_fpso. drill+complete shares tilted x0.69 for 7 wells vs a reference 18 for new_host_fpso (sub-linear, factor 0.5). Rationale: FPSO hull+topsides is the single largest line item. Well counts are high (15-30 on a Guyana-class development) but each well is a smaller share of a very large total."
Rosebank Phase 1,Equinor,2023,3800.0,new_host_fpso,7,drill,0.1699,645.7,341.7,949.7,allocated,"Top-down back-allocation of a disclosed $3,800MM total. Shares: ASSUMED prior for new_host_fpso. drill+complete shares tilted x0.69 for 7 wells vs a reference 18 for new_host_fpso (sub-linear, factor 0.5). Rationale: FPSO hull+topsides is the single largest line item. Well counts are high (15-30 on a Guyana-class development) but each well is a smaller share of a very large total."
Rosebank Phase 1,Equinor,2023,3800.0,new_host_fpso,7,install,0.0890,338.1,186.1,490.1,allocated,"Top-down back-allocation of a disclosed $3,800MM total. Shares: ASSUMED prior for new_host_fpso. drill+complete shares tilted x0.69 for 7 wells vs a reference 18 for new_host_fpso (sub-linear, factor 0.5). Rationale: FPSO hull+topsides is the single largest line item. Well counts are high (15-30 on a Guyana-class development) but each well is a smaller share of a very large total."
Rosebank Phase 1,Equinor,2023,3800.0,new_host_fpso,7,complete,0.0850,322.8,132.8,512.8,allocated,"Top-down back-allocation of a disclosed $3,800MM total. Shares: ASSUMED prior for new_host_fpso. drill+complete shares tilted x0.69 for 7 wells vs a reference 18 for new_host_fpso (sub-linear, factor 0.5). Rationale: FPSO hull+topsides is the single largest line item. Well counts are high (15-30 on a Guyana-class development) but each well is a smaller share of a very large total."
Rosebank Phase 1,Equinor,2023,3800.0,new_host_fpso,7,hookup,0.0556,211.3,97.3,325.3,allocated,"Top-down back-allocation of a disclosed $3,800MM total. Shares: ASSUMED prior for new_host_fpso. drill+complete shares tilted x0.69 for 7 wells vs a reference 18 for new_host_fpso (sub-linear, factor 0.5). Rationale: FPSO hull+topsides is the single largest line item. Well counts are high (15-30 on a Guyana-class development) but each well is a smaller share of a very large total."
Trion,Woodside (60%) / Pemex (40%),2023,7200.0,new_host_semi,24,drill,0.3567,2568.3,1920.3,3216.3,allocated,"Top-down back-allocation of a disclosed $7,200MM total. Shares: ASSUMED prior for new_host_semi. drill+complete shares tilted x1.80 for 24 wells vs a reference 8 for new_host_semi (sub-linear, factor 0.5). Rationale: Semi-submersible FPU (GOM Anchor/Whale class). Fewer wells than an FPSO development; host is a major but not dominant share."
Trion,Woodside (60%) / Pemex (40%),2023,7200.0,new_host_semi,24,host,0.2058,1481.7,833.7,2129.7,allocated,"Top-down back-allocation of a disclosed $7,200MM total. Shares: ASSUMED prior for new_host_semi. drill+complete shares tilted x1.80 for 24 wells vs a reference 8 for new_host_semi (sub-linear, factor 0.5). Rationale: Semi-submersible FPU (GOM Anchor/Whale class). Fewer wells than an FPSO development; host is a major but not dominant share."
Trion,Woodside (60%) / Pemex (40%),2023,7200.0,new_host_semi,24,complete,0.1784,1284.1,924.1,1644.1,allocated,"Top-down back-allocation of a disclosed $7,200MM total. Shares: ASSUMED prior for new_host_semi. drill+complete shares tilted x1.80 for 24 wells vs a reference 8 for new_host_semi (sub-linear, factor 0.5). Rationale: Semi-submersible FPU (GOM Anchor/Whale class). Fewer wells than an FPSO development; host is a major but not dominant share."
Trion,Woodside (60%) / Pemex (40%),2023,7200.0,new_host_semi,24,surf,0.1677,1207.3,631.3,1783.3,allocated,"Top-down back-allocation of a disclosed $7,200MM total. Shares: ASSUMED prior for new_host_semi. drill+complete shares tilted x1.80 for 24 wells vs a reference 8 for new_host_semi (sub-linear, factor 0.5). Rationale: Semi-submersible FPU (GOM Anchor/Whale class). Fewer wells than an FPSO development; host is a major but not dominant share."
Trion,Woodside (60%) / Pemex (40%),2023,7200.0,new_host_semi,24,install,0.0534,384.1,96.1,672.1,allocated,"Top-down back-allocation of a disclosed $7,200MM total. Shares: ASSUMED prior for new_host_semi. drill+complete shares tilted x1.80 for 24 wells vs a reference 8 for new_host_semi (sub-linear, factor 0.5). Rationale: Semi-submersible FPU (GOM Anchor/Whale class). Fewer wells than an FPSO development; host is a major but not dominant share."
Trion,Woodside (60%) / Pemex (40%),2023,7200.0,new_host_semi,24,hookup,0.0381,274.4,58.4,490.4,allocated,"Top-down back-allocation of a disclosed $7,200MM total. Shares: ASSUMED prior for new_host_semi. drill+complete shares tilted x1.80 for 24 wells vs a reference 8 for new_host_semi (sub-linear, factor 0.5). Rationale: Semi-submersible FPU (GOM Anchor/Whale class). Fewer wells than an FPSO development; host is a major but not dominant share."
Uaru,ExxonMobil,2023,12700.0,new_host_fpso,44,drill,0.3060,3885.8,2869.8,4901.8,allocated,"Top-down back-allocation of a disclosed $12,700MM total. Shares: ASSUMED prior for new_host_fpso. drill+complete shares tilted x1.72 for 44 wells vs a reference 18 for new_host_fpso (sub-linear, factor 0.5). Rationale: FPSO hull+topsides is the single largest line item. Well counts are high (15-30 on a Guyana-class development) but each well is a smaller share of a very large total."
Uaru,ExxonMobil,2023,12700.0,new_host_fpso,44,host,0.2423,3076.7,1806.7,4346.7,allocated,"Top-down back-allocation of a disclosed $12,700MM total. Shares: ASSUMED prior for new_host_fpso. drill+complete shares tilted x1.72 for 44 wells vs a reference 18 for new_host_fpso (sub-linear, factor 0.5). Rationale: FPSO hull+topsides is the single largest line item. Well counts are high (15-30 on a Guyana-class development) but each well is a smaller share of a very large total."
Uaru,ExxonMobil,2023,12700.0,new_host_fpso,44,surf,0.1938,2461.4,1445.4,3477.4,allocated,"Top-down back-allocation of a disclosed $12,700MM total. Shares: ASSUMED prior for new_host_fpso. drill+complete shares tilted x1.72 for 44 wells vs a reference 18 for new_host_fpso (sub-linear, factor 0.5). Rationale: FPSO hull+topsides is the single largest line item. Well counts are high (15-30 on a Guyana-class development) but each well is a smaller share of a very large total."
Uaru,ExxonMobil,2023,12700.0,new_host_fpso,44,complete,0.1530,1942.9,1307.9,2577.9,allocated,"Top-down back-allocation of a disclosed $12,700MM total. Shares: ASSUMED prior for new_host_fpso. drill+complete shares tilted x1.72 for 44 wells vs a reference 18 for new_host_fpso (sub-linear, factor 0.5). Rationale: FPSO hull+topsides is the single largest line item. Well counts are high (15-30 on a Guyana-class development) but each well is a smaller share of a very large total."
Uaru,ExxonMobil,2023,12700.0,new_host_fpso,44,install,0.0646,820.5,312.5,1328.5,allocated,"Top-down back-allocation of a disclosed $12,700MM total. Shares: ASSUMED prior for new_host_fpso. drill+complete shares tilted x1.72 for 44 wells vs a reference 18 for new_host_fpso (sub-linear, factor 0.5). Rationale: FPSO hull+topsides is the single largest line item. Well counts are high (15-30 on a Guyana-class development) but each well is a smaller share of a very large total."
Uaru,ExxonMobil,2023,12700.0,new_host_fpso,44,hookup,0.0404,512.8,131.8,893.8,allocated,"Top-down back-allocation of a disclosed $12,700MM total. Shares: ASSUMED prior for new_host_fpso. drill+complete shares tilted x1.72 for 44 wells vs a reference 18 for new_host_fpso (sub-linear, factor 0.5). Rationale: FPSO hull+topsides is the single largest line item. Well counts are high (15-30 on a Guyana-class development) but each well is a smaller share of a very large total."
GranMorgu (Block 58),TotalEnergies,2024,10500.0,new_host_fpso,,host,0.3000,3150.0,2100.0,4200.0,allocated,"Top-down back-allocation of a disclosed $10,500MM total. Shares: ASSUMED prior for new_host_fpso. no well-count tilt (well count not disclosed). Rationale: FPSO hull+topsides is the single largest line item. Well counts are high (15-30 on a Guyana-class development) but each well is a smaller share of a very large total."
GranMorgu (Block 58),TotalEnergies,2024,10500.0,new_host_fpso,,surf,0.2400,2520.0,1680.0,3360.0,allocated,"Top-down back-allocation of a disclosed $10,500MM total. Shares: ASSUMED prior for new_host_fpso. no well-count tilt (well count not disclosed). Rationale: FPSO hull+topsides is the single largest line item. Well counts are high (15-30 on a Guyana-class development) but each well is a smaller share of a very large total."
GranMorgu (Block 58),TotalEnergies,2024,10500.0,new_host_fpso,,drill,0.2200,2310.0,1470.0,3150.0,allocated,"Top-down back-allocation of a disclosed $10,500MM total. Shares: ASSUMED prior for new_host_fpso. no well-count tilt (well count not disclosed). Rationale: FPSO hull+topsides is the single largest line item. Well counts are high (15-30 on a Guyana-class development) but each well is a smaller share of a very large total."
GranMorgu (Block 58),TotalEnergies,2024,10500.0,new_host_fpso,,complete,0.1100,1155.0,630.0,1680.0,allocated,"Top-down back-allocation of a disclosed $10,500MM total. Shares: ASSUMED prior for new_host_fpso. no well-count tilt (well count not disclosed). Rationale: FPSO hull+topsides is the single largest line item. Well counts are high (15-30 on a Guyana-class development) but each well is a smaller share of a very large total."
GranMorgu (Block 58),TotalEnergies,2024,10500.0,new_host_fpso,,install,0.0800,840.0,420.0,1260.0,allocated,"Top-down back-allocation of a disclosed $10,500MM total. Shares: ASSUMED prior for new_host_fpso. no well-count tilt (well count not disclosed). Rationale: FPSO hull+topsides is the single largest line item. Well counts are high (15-30 on a Guyana-class development) but each well is a smaller share of a very large total."
GranMorgu (Block 58),TotalEnergies,2024,10500.0,new_host_fpso,,hookup,0.0500,525.0,210.0,840.0,allocated,"Top-down back-allocation of a disclosed $10,500MM total. Shares: ASSUMED prior for new_host_fpso. no well-count tilt (well count not disclosed). Rationale: FPSO hull+topsides is the single largest line item. Well counts are high (15-30 on a Guyana-class development) but each well is a smaller share of a very large total."
Kaminho (Cameia & Golfinho),TotalEnergies,2024,6000.0,new_host_fpso,,host,0.3000,1800.0,1200.0,2400.0,allocated,"Top-down back-allocation of a disclosed $6,000MM total. Shares: ASSUMED prior for new_host_fpso. no well-count tilt (well count not disclosed). Rationale: FPSO hull+topsides is the single largest line item. Well counts are high (15-30 on a Guyana-class development) but each well is a smaller share of a very large total."
Kaminho (Cameia & Golfinho),TotalEnergies,2024,6000.0,new_host_fpso,,surf,0.2400,1440.0,960.0,1920.0,allocated,"Top-down back-allocation of a disclosed $6,000MM total. Shares: ASSUMED prior for new_host_fpso. no well-count tilt (well count not disclosed). Rationale: FPSO hull+topsides is the single largest line item. Well counts are high (15-30 on a Guyana-class development) but each well is a smaller share of a very large total."
Kaminho (Cameia & Golfinho),TotalEnergies,2024,6000.0,new_host_fpso,,drill,0.2200,1320.0,840.0,1800.0,allocated,"Top-down back-allocation of a disclosed $6,000MM total. Shares: ASSUMED prior for new_host_fpso. no well-count tilt (well count not disclosed). Rationale: FPSO hull+topsides is the single largest line item. Well counts are high (15-30 on a Guyana-class development) but each well is a smaller share of a very large total."
Kaminho (Cameia & Golfinho),TotalEnergies,2024,6000.0,new_host_fpso,,complete,0.1100,660.0,360.0,960.0,allocated,"Top-down back-allocation of a disclosed $6,000MM total. Shares: ASSUMED prior for new_host_fpso. no well-count tilt (well count not disclosed). Rationale: FPSO hull+topsides is the single largest line item. Well counts are high (15-30 on a Guyana-class development) but each well is a smaller share of a very large total."
Kaminho (Cameia & Golfinho),TotalEnergies,2024,6000.0,new_host_fpso,,install,0.0800,480.0,240.0,720.0,allocated,"Top-down back-allocation of a disclosed $6,000MM total. Shares: ASSUMED prior for new_host_fpso. no well-count tilt (well count not disclosed). Rationale: FPSO hull+topsides is the single largest line item. Well counts are high (15-30 on a Guyana-class development) but each well is a smaller share of a very large total."
Kaminho (Cameia & Golfinho),TotalEnergies,2024,6000.0,new_host_fpso,,hookup,0.0500,300.0,120.0,480.0,allocated,"Top-down back-allocation of a disclosed $6,000MM total. Shares: ASSUMED prior for new_host_fpso. no well-count tilt (well count not disclosed). Rationale: FPSO hull+topsides is the single largest line item. Well counts are high (15-30 on a Guyana-class development) but each well is a smaller share of a very large total."
Kaskida,BP,2024,5000.0,new_host_semi,6,host,0.2838,1419.2,969.2,1869.2,allocated,"Top-down back-allocation of a disclosed $5,000MM total. Shares: ASSUMED prior for new_host_semi. drill+complete shares tilted x0.88 for 6 wells vs a reference 8 for new_host_semi (sub-linear, factor 0.5). Rationale: Semi-submersible FPU (GOM Anchor/Whale class). Fewer wells than an FPSO development; host is a major but not dominant share."
Kaskida,BP,2024,5000.0,new_host_semi,6,drill,0.2392,1195.8,745.8,1645.8,allocated,"Top-down back-allocation of a disclosed $5,000MM total. Shares: ASSUMED prior for new_host_semi. drill+complete shares tilted x0.88 for 6 wells vs a reference 8 for new_host_semi (sub-linear, factor 0.5). Rationale: Semi-submersible FPU (GOM Anchor/Whale class). Fewer wells than an FPSO development; host is a major but not dominant share."
Kaskida,BP,2024,5000.0,new_host_semi,6,surf,0.2313,1156.4,756.4,1556.4,allocated,"Top-down back-allocation of a disclosed $5,000MM total. Shares: ASSUMED prior for new_host_semi. drill+complete shares tilted x0.88 for 6 wells vs a reference 8 for new_host_semi (sub-linear, factor 0.5). Rationale: Semi-submersible FPU (GOM Anchor/Whale class). Fewer wells than an FPSO development; host is a major but not dominant share."
Kaskida,BP,2024,5000.0,new_host_semi,6,complete,0.1196,597.9,347.9,847.9,allocated,"Top-down back-allocation of a disclosed $5,000MM total. Shares: ASSUMED prior for new_host_semi. drill+complete shares tilted x0.88 for 6 wells vs a reference 8 for new_host_semi (sub-linear, factor 0.5). Rationale: Semi-submersible FPU (GOM Anchor/Whale class). Fewer wells than an FPSO development; host is a major but not dominant share."
Kaskida,BP,2024,5000.0,new_host_semi,6,install,0.0736,367.9,167.9,567.9,allocated,"Top-down back-allocation of a disclosed $5,000MM total. Shares: ASSUMED prior for new_host_semi. drill+complete shares tilted x0.88 for 6 wells vs a reference 8 for new_host_semi (sub-linear, factor 0.5). Rationale: Semi-submersible FPU (GOM Anchor/Whale class). Fewer wells than an FPSO development; host is a major but not dominant share."
Kaskida,BP,2024,5000.0,new_host_semi,6,hookup,0.0526,262.8,112.8,412.8,allocated,"Top-down back-allocation of a disclosed $5,000MM total. Shares: ASSUMED prior for new_host_semi. drill+complete shares tilted x0.88 for 6 wells vs a reference 8 for new_host_semi (sub-linear, factor 0.5). Rationale: Semi-submersible FPU (GOM Anchor/Whale class). Fewer wells than an FPSO development; host is a major but not dominant share."
Whiptail,ExxonMobil,2024,12700.0,new_host_fpso,48,drill,0.3133,3978.8,2962.8,4994.8,allocated,"Top-down back-allocation of a disclosed $12,700MM total. Shares: ASSUMED prior for new_host_fpso. drill+complete shares tilted x1.80 for 48 wells vs a reference 18 for new_host_fpso (sub-linear, factor 0.5). Rationale: FPSO hull+topsides is the single largest line item. Well counts are high (15-30 on a Guyana-class development) but each well is a smaller share of a very large total."
Whiptail,ExxonMobil,2024,12700.0,new_host_fpso,48,host,0.2373,3014.2,1744.2,4284.2,allocated,"Top-down back-allocation of a disclosed $12,700MM total. Shares: ASSUMED prior for new_host_fpso. drill+complete shares tilted x1.80 for 48 wells vs a reference 18 for new_host_fpso (sub-linear, factor 0.5). Rationale: FPSO hull+topsides is the single largest line item. Well counts are high (15-30 on a Guyana-class development) but each well is a smaller share of a very large total."
Whiptail,ExxonMobil,2024,12700.0,new_host_fpso,48,surf,0.1899,2411.4,1395.4,3427.4,allocated,"Top-down back-allocation of a disclosed $12,700MM total. Shares: ASSUMED prior for new_host_fpso. drill+complete shares tilted x1.80 for 48 wells vs a reference 18 for new_host_fpso (sub-linear, factor 0.5). Rationale: FPSO hull+topsides is the single largest line item. Well counts are high (15-30 on a Guyana-class development) but each well is a smaller share of a very large total."
Whiptail,ExxonMobil,2024,12700.0,new_host_fpso,48,complete,0.1566,1989.4,1354.4,2624.4,allocated,"Top-down back-allocation of a disclosed $12,700MM total. Shares: ASSUMED prior for new_host_fpso. drill+complete shares tilted x1.80 for 48 wells vs a reference 18 for new_host_fpso (sub-linear, factor 0.5). Rationale: FPSO hull+topsides is the single largest line item. Well counts are high (15-30 on a Guyana-class development) but each well is a smaller share of a very large total."
Whiptail,ExxonMobil,2024,12700.0,new_host_fpso,48,install,0.0633,803.8,295.8,1311.8,allocated,"Top-down back-allocation of a disclosed $12,700MM total. Shares: ASSUMED prior for new_host_fpso. drill+complete shares tilted x1.80 for 48 wells vs a reference 18 for new_host_fpso (sub-linear, factor 0.5). Rationale: FPSO hull+topsides is the single largest line item. Well counts are high (15-30 on a Guyana-class development) but each well is a smaller share of a very large total."
Whiptail,ExxonMobil,2024,12700.0,new_host_fpso,48,hookup,0.0396,502.4,121.4,883.4,allocated,"Top-down back-allocation of a disclosed $12,700MM total. Shares: ASSUMED prior for new_host_fpso. drill+complete shares tilted x1.80 for 48 wells vs a reference 18 for new_host_fpso (sub-linear, factor 0.5). Rationale: FPSO hull+topsides is the single largest line item. Well counts are high (15-30 on a Guyana-class development) but each well is a smaller share of a very large total."
Coral North FLNG,Eni,2025,7200.0,new_host_fpso,,host,0.3000,2160.0,1440.0,2880.0,allocated,"Top-down back-allocation of a disclosed $7,200MM total. Shares: ASSUMED prior for new_host_fpso. no well-count tilt (well count not disclosed). Rationale: FPSO hull+topsides is the single largest line item. Well counts are high (15-30 on a Guyana-class development) but each well is a smaller share of a very large total."
Coral North FLNG,Eni,2025,7200.0,new_host_fpso,,surf,0.2400,1728.0,1152.0,2304.0,allocated,"Top-down back-allocation of a disclosed $7,200MM total. Shares: ASSUMED prior for new_host_fpso. no well-count tilt (well count not disclosed). Rationale: FPSO hull+topsides is the single largest line item. Well counts are high (15-30 on a Guyana-class development) but each well is a smaller share of a very large total."
Coral North FLNG,Eni,2025,7200.0,new_host_fpso,,drill,0.2200,1584.0,1008.0,2160.0,allocated,"Top-down back-allocation of a disclosed $7,200MM total. Shares: ASSUMED prior for new_host_fpso. no well-count tilt (well count not disclosed). Rationale: FPSO hull+topsides is the single largest line item. Well counts are high (15-30 on a Guyana-class development) but each well is a smaller share of a very large total."
Coral North FLNG,Eni,2025,7200.0,new_host_fpso,,complete,0.1100,792.0,432.0,1152.0,allocated,"Top-down back-allocation of a disclosed $7,200MM total. Shares: ASSUMED prior for new_host_fpso. no well-count tilt (well count not disclosed). Rationale: FPSO hull+topsides is the single largest line item. Well counts are high (15-30 on a Guyana-class development) but each well is a smaller share of a very large total."
Coral North FLNG,Eni,2025,7200.0,new_host_fpso,,install,0.0800,576.0,288.0,864.0,allocated,"Top-down back-allocation of a disclosed $7,200MM total. Shares: ASSUMED prior for new_host_fpso. no well-count tilt (well count not disclosed). Rationale: FPSO hull+topsides is the single largest line item. Well counts are high (15-30 on a Guyana-class development) but each well is a smaller share of a very large total."
Coral North FLNG,Eni,2025,7200.0,new_host_fpso,,hookup,0.0500,360.0,144.0,576.0,allocated,"Top-down back-allocation of a disclosed $7,200MM total. Shares: ASSUMED prior for new_host_fpso. no well-count tilt (well count not disclosed). Rationale: FPSO hull+topsides is the single largest line item. Well counts are high (15-30 on a Guyana-class development) but each well is a smaller share of a very large total."
Hammerhead,ExxonMobil,2025,6800.0,new_host_fpso,18,host,0.3000,2040.0,1360.0,2720.0,allocated,"Top-down back-allocation of a disclosed $6,800MM total. Shares: ASSUMED prior for new_host_fpso. drill+complete shares tilted x1.00 for 18 wells vs a reference 18 for new_host_fpso (sub-linear, factor 0.5). Rationale: FPSO hull+topsides is the single largest line item. Well counts are high (15-30 on a Guyana-class development) but each well is a smaller share of a very large total."
Hammerhead,ExxonMobil,2025,6800.0,new_host_fpso,18,surf,0.2400,1632.0,1088.0,2176.0,allocated,"Top-down back-allocation of a disclosed $6,800MM total. Shares: ASSUMED prior for new_host_fpso. drill+complete shares tilted x1.00 for 18 wells vs a reference 18 for new_host_fpso (sub-linear, factor 0.5). Rationale: FPSO hull+topsides is the single largest line item. Well counts are high (15-30 on a Guyana-class development) but each well is a smaller share of a very large total."
Hammerhead,ExxonMobil,2025,6800.0,new_host_fpso,18,drill,0.2200,1496.0,952.0,2040.0,allocated,"Top-down back-allocation of a disclosed $6,800MM total. Shares: ASSUMED prior for new_host_fpso. drill+complete shares tilted x1.00 for 18 wells vs a reference 18 for new_host_fpso (sub-linear, factor 0.5). Rationale: FPSO hull+topsides is the single largest line item. Well counts are high (15-30 on a Guyana-class development) but each well is a smaller share of a very large total."
Hammerhead,ExxonMobil,2025,6800.0,new_host_fpso,18,complete,0.1100,748.0,408.0,1088.0,allocated,"Top-down back-allocation of a disclosed $6,800MM total. Shares: ASSUMED prior for new_host_fpso. drill+complete shares tilted x1.00 for 18 wells vs a reference 18 for new_host_fpso (sub-linear, factor 0.5). Rationale: FPSO hull+topsides is the single largest line item. Well counts are high (15-30 on a Guyana-class development) but each well is a smaller share of a very large total."
Hammerhead,ExxonMobil,2025,6800.0,new_host_fpso,18,install,0.0800,544.0,272.0,816.0,allocated,"Top-down back-allocation of a disclosed $6,800MM total. Shares: ASSUMED prior for new_host_fpso. drill+complete shares tilted x1.00 for 18 wells vs a reference 18 for new_host_fpso (sub-linear, factor 0.5). Rationale: FPSO hull+topsides is the single largest line item. Well counts are high (15-30 on a Guyana-class development) but each well is a smaller share of a very large total."
Hammerhead,ExxonMobil,2025,6800.0,new_host_fpso,18,hookup,0.0500,340.0,136.0,544.0,allocated,"Top-down back-allocation of a disclosed $6,800MM total. Shares: ASSUMED prior for new_host_fpso. drill+complete shares tilted x1.00 for 18 wells vs a reference 18 for new_host_fpso (sub-linear, factor 0.5). Rationale: FPSO hull+topsides is the single largest line item. Well counts are high (15-30 on a Guyana-class development) but each well is a smaller share of a very large total."
Maromba,BW Energy (100%),2025,1500.0,new_host_fpso,12,host,0.3175,476.2,326.2,626.2,allocated,"Top-down back-allocation of a disclosed $1,500MM total. Shares: ASSUMED prior for new_host_fpso. drill+complete shares tilted x0.83 for 12 wells vs a reference 18 for new_host_fpso (sub-linear, factor 0.5). Rationale: FPSO hull+topsides is the single largest line item. Well counts are high (15-30 on a Guyana-class development) but each well is a smaller share of a very large total."
Maromba,BW Energy (100%),2025,1500.0,new_host_fpso,12,surf,0.2540,381.0,261.0,501.0,allocated,"Top-down back-allocation of a disclosed $1,500MM total. Shares: ASSUMED prior for new_host_fpso. drill+complete shares tilted x0.83 for 12 wells vs a reference 18 for new_host_fpso (sub-linear, factor 0.5). Rationale: FPSO hull+topsides is the single largest line item. Well counts are high (15-30 on a Guyana-class development) but each well is a smaller share of a very large total."
Maromba,BW Energy (100%),2025,1500.0,new_host_fpso,12,drill,0.1940,291.0,171.0,411.0,allocated,"Top-down back-allocation of a disclosed $1,500MM total. Shares: ASSUMED prior for new_host_fpso. drill+complete shares tilted x0.83 for 12 wells vs a reference 18 for new_host_fpso (sub-linear, factor 0.5). Rationale: FPSO hull+topsides is the single largest line item. Well counts are high (15-30 on a Guyana-class development) but each well is a smaller share of a very large total."
Maromba,BW Energy (100%),2025,1500.0,new_host_fpso,12,complete,0.0970,145.5,70.5,220.5,allocated,"Top-down back-allocation of a disclosed $1,500MM total. Shares: ASSUMED prior for new_host_fpso. drill+complete shares tilted x0.83 for 12 wells vs a reference 18 for new_host_fpso (sub-linear, factor 0.5). Rationale: FPSO hull+topsides is the single largest line item. Well counts are high (15-30 on a Guyana-class development) but each well is a smaller share of a very large total."
Maromba,BW Energy (100%),2025,1500.0,new_host_fpso,12,install,0.0847,127.0,67.0,187.0,allocated,"Top-down back-allocation of a disclosed $1,500MM total. Shares: ASSUMED prior for new_host_fpso. drill+complete shares tilted x0.83 for 12 wells vs a reference 18 for new_host_fpso (sub-linear, factor 0.5). Rationale: FPSO hull+topsides is the single largest line item. Well counts are high (15-30 on a Guyana-class development) but each well is a smaller share of a very large total."
Maromba,BW Energy (100%),2025,1500.0,new_host_fpso,12,hookup,0.0529,79.4,34.4,124.4,allocated,"Top-down back-allocation of a disclosed $1,500MM total. Shares: ASSUMED prior for new_host_fpso. drill+complete shares tilted x0.83 for 12 wells vs a reference 18 for new_host_fpso (sub-linear, factor 0.5). Rationale: FPSO hull+topsides is the single largest line item. Well counts are high (15-30 on a Guyana-class development) but each well is a smaller share of a very large total."
Tiber-Guadalupe,BP,2025,5000.0,new_host_semi,8,host,0.2700,1350.0,900.0,1800.0,allocated,"Top-down back-allocation of a disclosed $5,000MM total. Shares: ASSUMED prior for new_host_semi. drill+complete shares tilted x1.00 for 8 wells vs a reference 8 for new_host_semi (sub-linear, factor 0.5). Rationale: Semi-submersible FPU (GOM Anchor/Whale class). Fewer wells than an FPSO development; host is a major but not dominant share."
Tiber-Guadalupe,BP,2025,5000.0,new_host_semi,8,drill,0.2600,1300.0,850.0,1750.0,allocated,"Top-down back-allocation of a disclosed $5,000MM total. Shares: ASSUMED prior for new_host_semi. drill+complete shares tilted x1.00 for 8 wells vs a reference 8 for new_host_semi (sub-linear, factor 0.5). Rationale: Semi-submersible FPU (GOM Anchor/Whale class). Fewer wells than an FPSO development; host is a major but not dominant share."
Tiber-Guadalupe,BP,2025,5000.0,new_host_semi,8,surf,0.2200,1100.0,700.0,1500.0,allocated,"Top-down back-allocation of a disclosed $5,000MM total. Shares: ASSUMED prior for new_host_semi. drill+complete shares tilted x1.00 for 8 wells vs a reference 8 for new_host_semi (sub-linear, factor 0.5). Rationale: Semi-submersible FPU (GOM Anchor/Whale class). Fewer wells than an FPSO development; host is a major but not dominant share."
Tiber-Guadalupe,BP,2025,5000.0,new_host_semi,8,complete,0.1300,650.0,400.0,900.0,allocated,"Top-down back-allocation of a disclosed $5,000MM total. Shares: ASSUMED prior for new_host_semi. drill+complete shares tilted x1.00 for 8 wells vs a reference 8 for new_host_semi (sub-linear, factor 0.5). Rationale: Semi-submersible FPU (GOM Anchor/Whale class). Fewer wells than an FPSO development; host is a major but not dominant share."
Tiber-Guadalupe,BP,2025,5000.0,new_host_semi,8,install,0.0700,350.0,150.0,550.0,allocated,"Top-down back-allocation of a disclosed $5,000MM total. Shares: ASSUMED prior for new_host_semi. drill+complete shares tilted x1.00 for 8 wells vs a reference 8 for new_host_semi (sub-linear, factor 0.5). Rationale: Semi-submersible FPU (GOM Anchor/Whale class). Fewer wells than an FPSO development; host is a major but not dominant share."
Tiber-Guadalupe,BP,2025,5000.0,new_host_semi,8,hookup,0.0500,250.0,100.0,400.0,allocated,"Top-down back-allocation of a disclosed $5,000MM total. Shares: ASSUMED prior for new_host_semi. drill+complete shares tilted x1.00 for 8 wells vs a reference 8 for new_host_semi (sub-linear, factor 0.5). Rationale: Semi-submersible FPU (GOM Anchor/Whale class). Fewer wells than an FPSO development; host is a major but not dominant share."
