$MeshFormat
2.2 0 8
$EndMeshFormat
$PhysicalNames
1
2 1 "OrcaWave_auto-generated_control_surface_mesh_for_Main_column"
$EndPhysicalNames
$Nodes
1562
1 -6.25 -6.168519974 -23
2 -6.25 -5.219510078 -23
3 -5.288459778 -5.219510078 -23
4 -5.288459778 -6.168519974 -23
5 -4.326920033 -5.219510078 -23
6 -4.326920033 -6.168519974 -23
7 -3.365380049 -5.219510078 -23
8 -3.365380049 -6.168519974 -23
9 -2.403850079 -5.219510078 -23
10 -2.403850079 -6.168519974 -23
11 -1.442309976 -5.219510078 -23
12 -1.442309976 -6.168519974 -23
13 -0.4807699919 -5.219510078 -23
14 -0.4807699919 -6.168519974 -23
15 0.4807699919 -5.219510078 -23
16 0.4807699919 -6.168519974 -23
17 1.442309976 -5.219510078 -23
18 1.442309976 -6.168519974 -23
19 2.403850079 -5.219510078 -23
20 2.403850079 -6.168519974 -23
21 3.365380049 -5.219510078 -23
22 3.365380049 -6.168519974 -23
23 4.326920033 -5.219510078 -23
24 4.326920033 -6.168519974 -23
25 5.288459778 -5.219510078 -23
26 5.288459778 -6.168519974 -23
27 6.25 -5.219510078 -23
28 6.25 -6.168519974 -23
29 -6.25 -4.270510197 -23
30 -5.288459778 -4.270510197 -23
31 -4.326920033 -4.270510197 -23
32 -3.365380049 -4.270510197 -23
33 -2.403850079 -4.270510197 -23
34 -1.442309976 -4.270510197 -23
35 -0.4807699919 -4.270510197 -23
36 0.4807699919 -4.270510197 -23
37 1.442309976 -4.270510197 -23
38 2.403850079 -4.270510197 -23
39 3.365380049 -4.270510197 -23
40 4.326920033 -4.270510197 -23
41 5.288459778 -4.270510197 -23
42 6.25 -4.270510197 -23
43 -6.25 -3.321510077 -23
44 -5.288459778 -3.321510077 -23
45 -4.326920033 -3.321510077 -23
46 -3.365380049 -3.321510077 -23
47 -2.403850079 -3.321510077 -23
48 -1.442309976 -3.321510077 -23
49 -0.4807699919 -3.321510077 -23
50 0.4807699919 -3.321510077 -23
51 1.442309976 -3.321510077 -23
52 2.403850079 -3.321510077 -23
53 3.365380049 -3.321510077 -23
54 4.326920033 -3.321510077 -23
55 5.288459778 -3.321510077 -23
56 6.25 -3.321510077 -23
57 -6.25 -2.372509956 -23
58 -5.288459778 -2.372509956 -23
59 -4.326920033 -2.372509956 -23
60 -3.365380049 -2.372509956 -23
61 -2.403850079 -2.372509956 -23
62 -1.442309976 -2.372509956 -23
63 -0.4807699919 -2.372509956 -23
64 0.4807699919 -2.372509956 -23
65 1.442309976 -2.372509956 -23
66 2.403850079 -2.372509956 -23
67 3.365380049 -2.372509956 -23
68 4.326920033 -2.372509956 -23
69 5.288459778 -2.372509956 -23
70 6.25 -2.372509956 -23
71 -6.25 -1.423499942 -23
72 -5.288459778 -1.423499942 -23
73 -4.326920033 -1.423499942 -23
74 -3.365380049 -1.423499942 -23
75 -2.403850079 -1.423499942 -23
76 -1.442309976 -1.423499942 -23
77 -0.4807699919 -1.423499942 -23
78 0.4807699919 -1.423499942 -23
79 1.442309976 -1.423499942 -23
80 2.403850079 -1.423499942 -23
81 3.365380049 -1.423499942 -23
82 4.326920033 -1.423499942 -23
83 5.288459778 -1.423499942 -23
84 6.25 -1.423499942 -23
85 -6.25 -0.4745000005 -23
86 -5.288459778 -0.4745000005 -23
87 -4.326920033 -0.4745000005 -23
88 -3.365380049 -0.4745000005 -23
89 -2.403850079 -0.4745000005 -23
90 -1.442309976 -0.4745000005 -23
91 -0.4807699919 -0.4745000005 -23
92 0.4807699919 -0.4745000005 -23
93 1.442309976 -0.4745000005 -23
94 2.403850079 -0.4745000005 -23
95 3.365380049 -0.4745000005 -23
96 4.326920033 -0.4745000005 -23
97 5.288459778 -0.4745000005 -23
98 6.25 -0.4745000005 -23
99 -6.25 0.4745000005 -23
100 -5.288459778 0.4745000005 -23
101 -4.326920033 0.4745000005 -23
102 -3.365380049 0.4745000005 -23
103 -2.403850079 0.4745000005 -23
104 -1.442309976 0.4745000005 -23
105 -0.4807699919 0.4745000005 -23
106 0.4807699919 0.4745000005 -23
107 1.442309976 0.4745000005 -23
108 2.403850079 0.4745000005 -23
109 3.365380049 0.4745000005 -23
110 4.326920033 0.4745000005 -23
111 5.288459778 0.4745000005 -23
112 6.25 0.4745000005 -23
113 -6.25 1.423499942 -23
114 -5.288459778 1.423499942 -23
115 -4.326920033 1.423499942 -23
116 -3.365380049 1.423499942 -23
117 -2.403850079 1.423499942 -23
118 -1.442309976 1.423499942 -23
119 -0.4807699919 1.423499942 -23
120 0.4807699919 1.423499942 -23
121 1.442309976 1.423499942 -23
122 2.403850079 1.423499942 -23
123 3.365380049 1.423499942 -23
124 4.326920033 1.423499942 -23
125 5.288459778 1.423499942 -23
126 6.25 1.423499942 -23
127 -6.25 2.372509956 -23
128 -5.288459778 2.372509956 -23
129 -4.326920033 2.372509956 -23
130 -3.365380049 2.372509956 -23
131 -2.403850079 2.372509956 -23
132 -1.442309976 2.372509956 -23
133 -0.4807699919 2.372509956 -23
134 0.4807699919 2.372509956 -23
135 1.442309976 2.372509956 -23
136 2.403850079 2.372509956 -23
137 3.365380049 2.372509956 -23
138 4.326920033 2.372509956 -23
139 5.288459778 2.372509956 -23
140 6.25 2.372509956 -23
141 -6.25 3.321510077 -23
142 -5.288459778 3.321510077 -23
143 -4.326920033 3.321510077 -23
144 -3.365380049 3.321510077 -23
145 -2.403850079 3.321510077 -23
146 -1.442309976 3.321510077 -23
147 -0.4807699919 3.321510077 -23
148 0.4807699919 3.321510077 -23
149 1.442309976 3.321510077 -23
150 2.403850079 3.321510077 -23
151 3.365380049 3.321510077 -23
152 4.326920033 3.321510077 -23
153 5.288459778 3.321510077 -23
154 6.25 3.321510077 -23
155 -6.25 4.270510197 -23
156 -5.288459778 4.270510197 -23
157 -4.326920033 4.270510197 -23
158 -3.365380049 4.270510197 -23
159 -2.403850079 4.270510197 -23
160 -1.442309976 4.270510197 -23
161 -0.4807699919 4.270510197 -23
162 0.4807699919 4.270510197 -23
163 1.442309976 4.270510197 -23
164 2.403850079 4.270510197 -23
165 3.365380049 4.270510197 -23
166 4.326920033 4.270510197 -23
167 5.288459778 4.270510197 -23
168 6.25 4.270510197 -23
169 -6.25 5.219510078 -23
170 -5.288459778 5.219510078 -23
171 -4.326920033 5.219510078 -23
172 -3.365380049 5.219510078 -23
173 -2.403850079 5.219510078 -23
174 -1.442309976 5.219510078 -23
175 -0.4807699919 5.219510078 -23
176 0.4807699919 5.219510078 -23
177 1.442309976 5.219510078 -23
178 2.403850079 5.219510078 -23
179 3.365380049 5.219510078 -23
180 4.326920033 5.219510078 -23
181 5.288459778 5.219510078 -23
182 6.25 5.219510078 -23
183 -6.25 6.168519974 -23
184 -5.288459778 6.168519974 -23
185 -4.326920033 6.168519974 -23
186 -3.365380049 6.168519974 -23
187 -2.403850079 6.168519974 -23
188 -1.442309976 6.168519974 -23
189 -0.4807699919 6.168519974 -23
190 0.4807699919 6.168519974 -23
191 1.442309976 6.168519974 -23
192 2.403850079 6.168519974 -23
193 3.365380049 6.168519974 -23
194 4.326920033 6.168519974 -23
195 5.288459778 6.168519974 -23
196 6.25 6.168519974 -23
197 6.25 -5.219510078 -22
198 6.25 -6.168519974 -22
199 6.25 -5.219510078 -21
200 6.25 -6.168519974 -21
201 6.25 -5.219510078 -20
202 6.25 -6.168519974 -20
203 6.25 -5.219510078 -19
204 6.25 -6.168519974 -19
205 6.25 -5.219510078 -18
206 6.25 -6.168519974 -18
207 6.25 -5.219510078 -17
208 6.25 -6.168519974 -17
209 6.25 -5.219510078 -16
210 6.25 -6.168519974 -16
211 6.25 -5.219510078 -15
212 6.25 -6.168519974 -15
213 6.25 -5.219510078 -14
214 6.25 -6.168519974 -14
215 6.25 -5.219510078 -13
216 6.25 -6.168519974 -13
217 6.25 -5.219510078 -12
218 6.25 -6.168519974 -12
219 6.25 -5.219510078 -11
220 6.25 -6.168519974 -11
221 6.25 -5.219510078 -10
222 6.25 -6.168519974 -10
223 6.25 -5.219510078 -9
224 6.25 -6.168519974 -9
225 6.25 -5.219510078 -8
226 6.25 -6.168519974 -8
227 6.25 -5.219510078 -7
228 6.25 -6.168519974 -7
229 6.25 -5.219510078 -6
230 6.25 -6.168519974 -6
231 6.25 -5.219510078 -5
232 6.25 -6.168519974 -5
233 6.25 -5.219510078 -4
234 6.25 -6.168519974 -4
235 6.25 -5.219510078 -3
236 6.25 -6.168519974 -3
237 6.25 -5.219510078 -2
238 6.25 -6.168519974 -2
239 6.25 -5.219510078 -1
240 6.25 -6.168519974 -1
241 6.25 -5.219510078 0
242 6.25 -6.168519974 0
243 6.25 -4.270510197 -22
244 6.25 -4.270510197 -21
245 6.25 -4.270510197 -20
246 6.25 -4.270510197 -19
247 6.25 -4.270510197 -18
248 6.25 -4.270510197 -17
249 6.25 -4.270510197 -16
250 6.25 -4.270510197 -15
251 6.25 -4.270510197 -14
252 6.25 -4.270510197 -13
253 6.25 -4.270510197 -12
254 6.25 -4.270510197 -11
255 6.25 -4.270510197 -10
256 6.25 -4.270510197 -9
257 6.25 -4.270510197 -8
258 6.25 -4.270510197 -7
259 6.25 -4.270510197 -6
260 6.25 -4.270510197 -5
261 6.25 -4.270510197 -4
262 6.25 -4.270510197 -3
263 6.25 -4.270510197 -2
264 6.25 -4.270510197 -1
265 6.25 -4.270510197 0
266 6.25 -3.321510077 -22
267 6.25 -3.321510077 -21
268 6.25 -3.321510077 -20
269 6.25 -3.321510077 -19
270 6.25 -3.321510077 -18
271 6.25 -3.321510077 -17
272 6.25 -3.321510077 -16
273 6.25 -3.321510077 -15
274 6.25 -3.321510077 -14
275 6.25 -3.321510077 -13
276 6.25 -3.321510077 -12
277 6.25 -3.321510077 -11
278 6.25 -3.321510077 -10
279 6.25 -3.321510077 -9
280 6.25 -3.321510077 -8
281 6.25 -3.321510077 -7
282 6.25 -3.321510077 -6
283 6.25 -3.321510077 -5
284 6.25 -3.321510077 -4
285 6.25 -3.321510077 -3
286 6.25 -3.321510077 -2
287 6.25 -3.321510077 -1
288 6.25 -3.321510077 0
289 6.25 -2.372509956 -22
290 6.25 -2.372509956 -21
291 6.25 -2.372509956 -20
292 6.25 -2.372509956 -19
293 6.25 -2.372509956 -18
294 6.25 -2.372509956 -17
295 6.25 -2.372509956 -16
296 6.25 -2.372509956 -15
297 6.25 -2.372509956 -14
298 6.25 -2.372509956 -13
299 6.25 -2.372509956 -12
300 6.25 -2.372509956 -11
301 6.25 -2.372509956 -10
302 6.25 -2.372509956 -9
303 6.25 -2.372509956 -8
304 6.25 -2.372509956 -7
305 6.25 -2.372509956 -6
306 6.25 -2.372509956 -5
307 6.25 -2.372509956 -4
308 6.25 -2.372509956 -3
309 6.25 -2.372509956 -2
310 6.25 -2.372509956 -1
311 6.25 -2.372509956 0
312 6.25 -1.423499942 -22
313 6.25 -1.423499942 -21
314 6.25 -1.423499942 -20
315 6.25 -1.423499942 -19
316 6.25 -1.423499942 -18
317 6.25 -1.423499942 -17
318 6.25 -1.423499942 -16
319 6.25 -1.423499942 -15
320 6.25 -1.423499942 -14
321 6.25 -1.423499942 -13
322 6.25 -1.423499942 -12
323 6.25 -1.423499942 -11
324 6.25 -1.423499942 -10
325 6.25 -1.423499942 -9
326 6.25 -1.423499942 -8
327 6.25 -1.423499942 -7
328 6.25 -1.423499942 -6
329 6.25 -1.423499942 -5
330 6.25 -1.423499942 -4
331 6.25 -1.423499942 -3
332 6.25 -1.423499942 -2
333 6.25 -1.423499942 -1
334 6.25 -1.423499942 0
335 6.25 -0.4745000005 -22
336 6.25 -0.4745000005 -21
337 6.25 -0.4745000005 -20
338 6.25 -0.4745000005 -19
339 6.25 -0.4745000005 -18
340 6.25 -0.4745000005 -17
341 6.25 -0.4745000005 -16
342 6.25 -0.4745000005 -15
343 6.25 -0.4745000005 -14
344 6.25 -0.4745000005 -13
345 6.25 -0.4745000005 -12
346 6.25 -0.4745000005 -11
347 6.25 -0.4745000005 -10
348 6.25 -0.4745000005 -9
349 6.25 -0.4745000005 -8
350 6.25 -0.4745000005 -7
351 6.25 -0.4745000005 -6
352 6.25 -0.4745000005 -5
353 6.25 -0.4745000005 -4
354 6.25 -0.4745000005 -3
355 6.25 -0.4745000005 -2
356 6.25 -0.4745000005 -1
357 6.25 -0.4745000005 0
358 6.25 0.4745000005 -22
359 6.25 0.4745000005 -21
360 6.25 0.4745000005 -20
361 6.25 0.4745000005 -19
362 6.25 0.4745000005 -18
363 6.25 0.4745000005 -17
364 6.25 0.4745000005 -16
365 6.25 0.4745000005 -15
366 6.25 0.4745000005 -14
367 6.25 0.4745000005 -13
368 6.25 0.4745000005 -12
369 6.25 0.4745000005 -11
370 6.25 0.4745000005 -10
371 6.25 0.4745000005 -9
372 6.25 0.4745000005 -8
373 6.25 0.4745000005 -7
374 6.25 0.4745000005 -6
375 6.25 0.4745000005 -5
376 6.25 0.4745000005 -4
377 6.25 0.4745000005 -3
378 6.25 0.4745000005 -2
379 6.25 0.4745000005 -1
380 6.25 0.4745000005 0
381 6.25 1.423499942 -22
382 6.25 1.423499942 -21
383 6.25 1.423499942 -20
384 6.25 1.423499942 -19
385 6.25 1.423499942 -18
386 6.25 1.423499942 -17
387 6.25 1.423499942 -16
388 6.25 1.423499942 -15
389 6.25 1.423499942 -14
390 6.25 1.423499942 -13
391 6.25 1.423499942 -12
392 6.25 1.423499942 -11
393 6.25 1.423499942 -10
394 6.25 1.423499942 -9
395 6.25 1.423499942 -8
396 6.25 1.423499942 -7
397 6.25 1.423499942 -6
398 6.25 1.423499942 -5
399 6.25 1.423499942 -4
400 6.25 1.423499942 -3
401 6.25 1.423499942 -2
402 6.25 1.423499942 -1
403 6.25 1.423499942 0
404 6.25 2.372509956 -22
405 6.25 2.372509956 -21
406 6.25 2.372509956 -20
407 6.25 2.372509956 -19
408 6.25 2.372509956 -18
409 6.25 2.372509956 -17
410 6.25 2.372509956 -16
411 6.25 2.372509956 -15
412 6.25 2.372509956 -14
413 6.25 2.372509956 -13
414 6.25 2.372509956 -12
415 6.25 2.372509956 -11
416 6.25 2.372509956 -10
417 6.25 2.372509956 -9
418 6.25 2.372509956 -8
419 6.25 2.372509956 -7
420 6.25 2.372509956 -6
421 6.25 2.372509956 -5
422 6.25 2.372509956 -4
423 6.25 2.372509956 -3
424 6.25 2.372509956 -2
425 6.25 2.372509956 -1
426 6.25 2.372509956 0
427 6.25 3.321510077 -22
428 6.25 3.321510077 -21
429 6.25 3.321510077 -20
430 6.25 3.321510077 -19
431 6.25 3.321510077 -18
432 6.25 3.321510077 -17
433 6.25 3.321510077 -16
434 6.25 3.321510077 -15
435 6.25 3.321510077 -14
436 6.25 3.321510077 -13
437 6.25 3.321510077 -12
438 6.25 3.321510077 -11
439 6.25 3.321510077 -10
440 6.25 3.321510077 -9
441 6.25 3.321510077 -8
442 6.25 3.321510077 -7
443 6.25 3.321510077 -6
444 6.25 3.321510077 -5
445 6.25 3.321510077 -4
446 6.25 3.321510077 -3
447 6.25 3.321510077 -2
448 6.25 3.321510077 -1
449 6.25 3.321510077 0
450 6.25 4.270510197 -22
451 6.25 4.270510197 -21
452 6.25 4.270510197 -20
453 6.25 4.270510197 -19
454 6.25 4.270510197 -18
455 6.25 4.270510197 -17
456 6.25 4.270510197 -16
457 6.25 4.270510197 -15
458 6.25 4.270510197 -14
459 6.25 4.270510197 -13
460 6.25 4.270510197 -12
461 6.25 4.270510197 -11
462 6.25 4.270510197 -10
463 6.25 4.270510197 -9
464 6.25 4.270510197 -8
465 6.25 4.270510197 -7
466 6.25 4.270510197 -6
467 6.25 4.270510197 -5
468 6.25 4.270510197 -4
469 6.25 4.270510197 -3
470 6.25 4.270510197 -2
471 6.25 4.270510197 -1
472 6.25 4.270510197 0
473 6.25 5.219510078 -22
474 6.25 5.219510078 -21
475 6.25 5.219510078 -20
476 6.25 5.219510078 -19
477 6.25 5.219510078 -18
478 6.25 5.219510078 -17
479 6.25 5.219510078 -16
480 6.25 5.219510078 -15
481 6.25 5.219510078 -14
482 6.25 5.219510078 -13
483 6.25 5.219510078 -12
484 6.25 5.219510078 -11
485 6.25 5.219510078 -10
486 6.25 5.219510078 -9
487 6.25 5.219510078 -8
488 6.25 5.219510078 -7
489 6.25 5.219510078 -6
490 6.25 5.219510078 -5
491 6.25 5.219510078 -4
492 6.25 5.219510078 -3
493 6.25 5.219510078 -2
494 6.25 5.219510078 -1
495 6.25 5.219510078 0
496 6.25 6.168519974 -22
497 6.25 6.168519974 -21
498 6.25 6.168519974 -20
499 6.25 6.168519974 -19
500 6.25 6.168519974 -18
501 6.25 6.168519974 -17
502 6.25 6.168519974 -16
503 6.25 6.168519974 -15
504 6.25 6.168519974 -14
505 6.25 6.168519974 -13
506 6.25 6.168519974 -12
507 6.25 6.168519974 -11
508 6.25 6.168519974 -10
509 6.25 6.168519974 -9
510 6.25 6.168519974 -8
511 6.25 6.168519974 -7
512 6.25 6.168519974 -6
513 6.25 6.168519974 -5
514 6.25 6.168519974 -4
515 6.25 6.168519974 -3
516 6.25 6.168519974 -2
517 6.25 6.168519974 -1
518 6.25 6.168519974 0
519 -6.25 -6.168519974 -22
520 -6.25 -5.219510078 -22
521 -6.25 -4.270510197 -22
522 -6.25 -3.321510077 -22
523 -6.25 -2.372509956 -22
524 -6.25 -1.423499942 -22
525 -6.25 -0.4745000005 -22
526 -6.25 0.4745000005 -22
527 -6.25 1.423499942 -22
528 -6.25 2.372509956 -22
529 -6.25 3.321510077 -22
530 -6.25 4.270510197 -22
531 -6.25 5.219510078 -22
532 -6.25 6.168519974 -22
533 -6.25 -6.168519974 -21
534 -6.25 -5.219510078 -21
535 -6.25 -4.270510197 -21
536 -6.25 -3.321510077 -21
537 -6.25 -2.372509956 -21
538 -6.25 -1.423499942 -21
539 -6.25 -0.4745000005 -21
540 -6.25 0.4745000005 -21
541 -6.25 1.423499942 -21
542 -6.25 2.372509956 -21
543 -6.25 3.321510077 -21
544 -6.25 4.270510197 -21
545 -6.25 5.219510078 -21
546 -6.25 6.168519974 -21
547 -6.25 -6.168519974 -20
548 -6.25 -5.219510078 -20
549 -6.25 -4.270510197 -20
550 -6.25 -3.321510077 -20
551 -6.25 -2.372509956 -20
552 -6.25 -1.423499942 -20
553 -6.25 -0.4745000005 -20
554 -6.25 0.4745000005 -20
555 -6.25 1.423499942 -20
556 -6.25 2.372509956 -20
557 -6.25 3.321510077 -20
558 -6.25 4.270510197 -20
559 -6.25 5.219510078 -20
560 -6.25 6.168519974 -20
561 -6.25 -6.168519974 -19
562 -6.25 -5.219510078 -19
563 -6.25 -4.270510197 -19
564 -6.25 -3.321510077 -19
565 -6.25 -2.372509956 -19
566 -6.25 -1.423499942 -19
567 -6.25 -0.4745000005 -19
568 -6.25 0.4745000005 -19
569 -6.25 1.423499942 -19
570 -6.25 2.372509956 -19
571 -6.25 3.321510077 -19
572 -6.25 4.270510197 -19
573 -6.25 5.219510078 -19
574 -6.25 6.168519974 -19
575 -6.25 -6.168519974 -18
576 -6.25 -5.219510078 -18
577 -6.25 -4.270510197 -18
578 -6.25 -3.321510077 -18
579 -6.25 -2.372509956 -18
580 -6.25 -1.423499942 -18
581 -6.25 -0.4745000005 -18
582 -6.25 0.4745000005 -18
583 -6.25 1.423499942 -18
584 -6.25 2.372509956 -18
585 -6.25 3.321510077 -18
586 -6.25 4.270510197 -18
587 -6.25 5.219510078 -18
588 -6.25 6.168519974 -18
589 -6.25 -6.168519974 -17
590 -6.25 -5.219510078 -17
591 -6.25 -4.270510197 -17
592 -6.25 -3.321510077 -17
593 -6.25 -2.372509956 -17
594 -6.25 -1.423499942 -17
595 -6.25 -0.4745000005 -17
596 -6.25 0.4745000005 -17
597 -6.25 1.423499942 -17
598 -6.25 2.372509956 -17
599 -6.25 3.321510077 -17
600 -6.25 4.270510197 -17
601 -6.25 5.219510078 -17
602 -6.25 6.168519974 -17
603 -6.25 -6.168519974 -16
604 -6.25 -5.219510078 -16
605 -6.25 -4.270510197 -16
606 -6.25 -3.321510077 -16
607 -6.25 -2.372509956 -16
608 -6.25 -1.423499942 -16
609 -6.25 -0.4745000005 -16
610 -6.25 0.4745000005 -16
611 -6.25 1.423499942 -16
612 -6.25 2.372509956 -16
613 -6.25 3.321510077 -16
614 -6.25 4.270510197 -16
615 -6.25 5.219510078 -16
616 -6.25 6.168519974 -16
617 -6.25 -6.168519974 -15
618 -6.25 -5.219510078 -15
619 -6.25 -4.270510197 -15
620 -6.25 -3.321510077 -15
621 -6.25 -2.372509956 -15
622 -6.25 -1.423499942 -15
623 -6.25 -0.4745000005 -15
624 -6.25 0.4745000005 -15
625 -6.25 1.423499942 -15
626 -6.25 2.372509956 -15
627 -6.25 3.321510077 -15
628 -6.25 4.270510197 -15
629 -6.25 5.219510078 -15
630 -6.25 6.168519974 -15
631 -6.25 -6.168519974 -14
632 -6.25 -5.219510078 -14
633 -6.25 -4.270510197 -14
634 -6.25 -3.321510077 -14
635 -6.25 -2.372509956 -14
636 -6.25 -1.423499942 -14
637 -6.25 -0.4745000005 -14
638 -6.25 0.4745000005 -14
639 -6.25 1.423499942 -14
640 -6.25 2.372509956 -14
641 -6.25 3.321510077 -14
642 -6.25 4.270510197 -14
643 -6.25 5.219510078 -14
644 -6.25 6.168519974 -14
645 -6.25 -6.168519974 -13
646 -6.25 -5.219510078 -13
647 -6.25 -4.270510197 -13
648 -6.25 -3.321510077 -13
649 -6.25 -2.372509956 -13
650 -6.25 -1.423499942 -13
651 -6.25 -0.4745000005 -13
652 -6.25 0.4745000005 -13
653 -6.25 1.423499942 -13
654 -6.25 2.372509956 -13
655 -6.25 3.321510077 -13
656 -6.25 4.270510197 -13
657 -6.25 5.219510078 -13
658 -6.25 6.168519974 -13
659 -6.25 -6.168519974 -12
660 -6.25 -5.219510078 -12
661 -6.25 -4.270510197 -12
662 -6.25 -3.321510077 -12
663 -6.25 -2.372509956 -12
664 -6.25 -1.423499942 -12
665 -6.25 -0.4745000005 -12
666 -6.25 0.4745000005 -12
667 -6.25 1.423499942 -12
668 -6.25 2.372509956 -12
669 -6.25 3.321510077 -12
670 -6.25 4.270510197 -12
671 -6.25 5.219510078 -12
672 -6.25 6.168519974 -12
673 -6.25 -6.168519974 -11
674 -6.25 -5.219510078 -11
675 -6.25 -4.270510197 -11
676 -6.25 -3.321510077 -11
677 -6.25 -2.372509956 -11
678 -6.25 -1.423499942 -11
679 -6.25 -0.4745000005 -11
680 -6.25 0.4745000005 -11
681 -6.25 1.423499942 -11
682 -6.25 2.372509956 -11
683 -6.25 3.321510077 -11
684 -6.25 4.270510197 -11
685 -6.25 5.219510078 -11
686 -6.25 6.168519974 -11
687 -6.25 -6.168519974 -10
688 -6.25 -5.219510078 -10
689 -6.25 -4.270510197 -10
690 -6.25 -3.321510077 -10
691 -6.25 -2.372509956 -10
692 -6.25 -1.423499942 -10
693 -6.25 -0.4745000005 -10
694 -6.25 0.4745000005 -10
695 -6.25 1.423499942 -10
696 -6.25 2.372509956 -10
697 -6.25 3.321510077 -10
698 -6.25 4.270510197 -10
699 -6.25 5.219510078 -10
700 -6.25 6.168519974 -10
701 -6.25 -6.168519974 -9
702 -6.25 -5.219510078 -9
703 -6.25 -4.270510197 -9
704 -6.25 -3.321510077 -9
705 -6.25 -2.372509956 -9
706 -6.25 -1.423499942 -9
707 -6.25 -0.4745000005 -9
708 -6.25 0.4745000005 -9
709 -6.25 1.423499942 -9
710 -6.25 2.372509956 -9
711 -6.25 3.321510077 -9
712 -6.25 4.270510197 -9
713 -6.25 5.219510078 -9
714 -6.25 6.168519974 -9
715 -6.25 -6.168519974 -8
716 -6.25 -5.219510078 -8
717 -6.25 -4.270510197 -8
718 -6.25 -3.321510077 -8
719 -6.25 -2.372509956 -8
720 -6.25 -1.423499942 -8
721 -6.25 -0.4745000005 -8
722 -6.25 0.4745000005 -8
723 -6.25 1.423499942 -8
724 -6.25 2.372509956 -8
725 -6.25 3.321510077 -8
726 -6.25 4.270510197 -8
727 -6.25 5.219510078 -8
728 -6.25 6.168519974 -8
729 -6.25 -6.168519974 -7
730 -6.25 -5.219510078 -7
731 -6.25 -4.270510197 -7
732 -6.25 -3.321510077 -7
733 -6.25 -2.372509956 -7
734 -6.25 -1.423499942 -7
735 -6.25 -0.4745000005 -7
736 -6.25 0.4745000005 -7
737 -6.25 1.423499942 -7
738 -6.25 2.372509956 -7
739 -6.25 3.321510077 -7
740 -6.25 4.270510197 -7
741 -6.25 5.219510078 -7
742 -6.25 6.168519974 -7
743 -6.25 -6.168519974 -6
744 -6.25 -5.219510078 -6
745 -6.25 -4.270510197 -6
746 -6.25 -3.321510077 -6
747 -6.25 -2.372509956 -6
748 -6.25 -1.423499942 -6
749 -6.25 -0.4745000005 -6
750 -6.25 0.4745000005 -6
751 -6.25 1.423499942 -6
752 -6.25 2.372509956 -6
753 -6.25 3.321510077 -6
754 -6.25 4.270510197 -6
755 -6.25 5.219510078 -6
756 -6.25 6.168519974 -6
757 -6.25 -6.168519974 -5
758 -6.25 -5.219510078 -5
759 -6.25 -4.270510197 -5
760 -6.25 -3.321510077 -5
761 -6.25 -2.372509956 -5
762 -6.25 -1.423499942 -5
763 -6.25 -0.4745000005 -5
764 -6.25 0.4745000005 -5
765 -6.25 1.423499942 -5
766 -6.25 2.372509956 -5
767 -6.25 3.321510077 -5
768 -6.25 4.270510197 -5
769 -6.25 5.219510078 -5
770 -6.25 6.168519974 -5
771 -6.25 -6.168519974 -4
772 -6.25 -5.219510078 -4
773 -6.25 -4.270510197 -4
774 -6.25 -3.321510077 -4
775 -6.25 -2.372509956 -4
776 -6.25 -1.423499942 -4
777 -6.25 -0.4745000005 -4
778 -6.25 0.4745000005 -4
779 -6.25 1.423499942 -4
780 -6.25 2.372509956 -4
781 -6.25 3.321510077 -4
782 -6.25 4.270510197 -4
783 -6.25 5.219510078 -4
784 -6.25 6.168519974 -4
785 -6.25 -6.168519974 -3
786 -6.25 -5.219510078 -3
787 -6.25 -4.270510197 -3
788 -6.25 -3.321510077 -3
789 -6.25 -2.372509956 -3
790 -6.25 -1.423499942 -3
791 -6.25 -0.4745000005 -3
792 -6.25 0.4745000005 -3
793 -6.25 1.423499942 -3
794 -6.25 2.372509956 -3
795 -6.25 3.321510077 -3
796 -6.25 4.270510197 -3
797 -6.25 5.219510078 -3
798 -6.25 6.168519974 -3
799 -6.25 -6.168519974 -2
800 -6.25 -5.219510078 -2
801 -6.25 -4.270510197 -2
802 -6.25 -3.321510077 -2
803 -6.25 -2.372509956 -2
804 -6.25 -1.423499942 -2
805 -6.25 -0.4745000005 -2
806 -6.25 0.4745000005 -2
807 -6.25 1.423499942 -2
808 -6.25 2.372509956 -2
809 -6.25 3.321510077 -2
810 -6.25 4.270510197 -2
811 -6.25 5.219510078 -2
812 -6.25 6.168519974 -2
813 -6.25 -6.168519974 -1
814 -6.25 -5.219510078 -1
815 -6.25 -4.270510197 -1
816 -6.25 -3.321510077 -1
817 -6.25 -2.372509956 -1
818 -6.25 -1.423499942 -1
819 -6.25 -0.4745000005 -1
820 -6.25 0.4745000005 -1
821 -6.25 1.423499942 -1
822 -6.25 2.372509956 -1
823 -6.25 3.321510077 -1
824 -6.25 4.270510197 -1
825 -6.25 5.219510078 -1
826 -6.25 6.168519974 -1
827 -6.25 -6.168519974 0
828 -6.25 -5.219510078 0
829 -6.25 -4.270510197 0
830 -6.25 -3.321510077 0
831 -6.25 -2.372509956 0
832 -6.25 -1.423499942 0
833 -6.25 -0.4745000005 0
834 -6.25 0.4745000005 0
835 -6.25 1.423499942 0
836 -6.25 2.372509956 0
837 -6.25 3.321510077 0
838 -6.25 4.270510197 0
839 -6.25 5.219510078 0
840 -6.25 6.168519974 0
841 -5.288459778 6.168519974 -22
842 -4.326920033 6.168519974 -22
843 -3.365380049 6.168519974 -22
844 -2.403850079 6.168519974 -22
845 -1.442309976 6.168519974 -22
846 -0.4807699919 6.168519974 -22
847 0.4807699919 6.168519974 -22
848 1.442309976 6.168519974 -22
849 2.403850079 6.168519974 -22
850 3.365380049 6.168519974 -22
851 4.326920033 6.168519974 -22
852 5.288459778 6.168519974 -22
853 -5.288459778 6.168519974 -21
854 -4.326920033 6.168519974 -21
855 -3.365380049 6.168519974 -21
856 -2.403850079 6.168519974 -21
857 -1.442309976 6.168519974 -21
858 -0.4807699919 6.168519974 -21
859 0.4807699919 6.168519974 -21
860 1.442309976 6.168519974 -21
861 2.403850079 6.168519974 -21
862 3.365380049 6.168519974 -21
863 4.326920033 6.168519974 -21
864 5.288459778 6.168519974 -21
865 -5.288459778 6.168519974 -20
866 -4.326920033 6.168519974 -20
867 -3.365380049 6.168519974 -20
868 -2.403850079 6.168519974 -20
869 -1.442309976 6.168519974 -20
870 -0.4807699919 6.168519974 -20
871 0.4807699919 6.168519974 -20
872 1.442309976 6.168519974 -20
873 2.403850079 6.168519974 -20
874 3.365380049 6.168519974 -20
875 4.326920033 6.168519974 -20
876 5.288459778 6.168519974 -20
877 -5.288459778 6.168519974 -19
878 -4.326920033 6.168519974 -19
879 -3.365380049 6.168519974 -19
880 -2.403850079 6.168519974 -19
881 -1.442309976 6.168519974 -19
882 -0.4807699919 6.168519974 -19
883 0.4807699919 6.168519974 -19
884 1.442309976 6.168519974 -19
885 2.403850079 6.168519974 -19
886 3.365380049 6.168519974 -19
887 4.326920033 6.168519974 -19
888 5.288459778 6.168519974 -19
889 -5.288459778 6.168519974 -18
890 -4.326920033 6.168519974 -18
891 -3.365380049 6.168519974 -18
892 -2.403850079 6.168519974 -18
893 -1.442309976 6.168519974 -18
894 -0.4807699919 6.168519974 -18
895 0.4807699919 6.168519974 -18
896 1.442309976 6.168519974 -18
897 2.403850079 6.168519974 -18
898 3.365380049 6.168519974 -18
899 4.326920033 6.168519974 -18
900 5.288459778 6.168519974 -18
901 -5.288459778 6.168519974 -17
902 -4.326920033 6.168519974 -17
903 -3.365380049 6.168519974 -17
904 -2.403850079 6.168519974 -17
905 -1.442309976 6.168519974 -17
906 -0.4807699919 6.168519974 -17
907 0.4807699919 6.168519974 -17
908 1.442309976 6.168519974 -17
909 2.403850079 6.168519974 -17
910 3.365380049 6.168519974 -17
911 4.326920033 6.168519974 -17
912 5.288459778 6.168519974 -17
913 -5.288459778 6.168519974 -16
914 -4.326920033 6.168519974 -16
915 -3.365380049 6.168519974 -16
916 -2.403850079 6.168519974 -16
917 -1.442309976 6.168519974 -16
918 -0.4807699919 6.168519974 -16
919 0.4807699919 6.168519974 -16
920 1.442309976 6.168519974 -16
921 2.403850079 6.168519974 -16
922 3.365380049 6.168519974 -16
923 4.326920033 6.168519974 -16
924 5.288459778 6.168519974 -16
925 -5.288459778 6.168519974 -15
926 -4.326920033 6.168519974 -15
927 -3.365380049 6.168519974 -15
928 -2.403850079 6.168519974 -15
929 -1.442309976 6.168519974 -15
930 -0.4807699919 6.168519974 -15
931 0.4807699919 6.168519974 -15
932 1.442309976 6.168519974 -15
933 2.403850079 6.168519974 -15
934 3.365380049 6.168519974 -15
935 4.326920033 6.168519974 -15
936 5.288459778 6.168519974 -15
937 -5.288459778 6.168519974 -14
938 -4.326920033 6.168519974 -14
939 -3.365380049 6.168519974 -14
940 -2.403850079 6.168519974 -14
941 -1.442309976 6.168519974 -14
942 -0.4807699919 6.168519974 -14
943 0.4807699919 6.168519974 -14
944 1.442309976 6.168519974 -14
945 2.403850079 6.168519974 -14
946 3.365380049 6.168519974 -14
947 4.326920033 6.168519974 -14
948 5.288459778 6.168519974 -14
949 -5.288459778 6.168519974 -13
950 -4.326920033 6.168519974 -13
951 -3.365380049 6.168519974 -13
952 -2.403850079 6.168519974 -13
953 -1.442309976 6.168519974 -13
954 -0.4807699919 6.168519974 -13
955 0.4807699919 6.168519974 -13
956 1.442309976 6.168519974 -13
957 2.403850079 6.168519974 -13
958 3.365380049 6.168519974 -13
959 4.326920033 6.168519974 -13
960 5.288459778 6.168519974 -13
961 -5.288459778 6.168519974 -12
962 -4.326920033 6.168519974 -12
963 -3.365380049 6.168519974 -12
964 -2.403850079 6.168519974 -12
965 -1.442309976 6.168519974 -12
966 -0.4807699919 6.168519974 -12
967 0.4807699919 6.168519974 -12
968 1.442309976 6.168519974 -12
969 2.403850079 6.168519974 -12
970 3.365380049 6.168519974 -12
971 4.326920033 6.168519974 -12
972 5.288459778 6.168519974 -12
973 -5.288459778 6.168519974 -11
974 -4.326920033 6.168519974 -11
975 -3.365380049 6.168519974 -11
976 -2.403850079 6.168519974 -11
977 -1.442309976 6.168519974 -11
978 -0.4807699919 6.168519974 -11
979 0.4807699919 6.168519974 -11
980 1.442309976 6.168519974 -11
981 2.403850079 6.168519974 -11
982 3.365380049 6.168519974 -11
983 4.326920033 6.168519974 -11
984 5.288459778 6.168519974 -11
985 -5.288459778 6.168519974 -10
986 -4.326920033 6.168519974 -10
987 -3.365380049 6.168519974 -10
988 -2.403850079 6.168519974 -10
989 -1.442309976 6.168519974 -10
990 -0.4807699919 6.168519974 -10
991 0.4807699919 6.168519974 -10
992 1.442309976 6.168519974 -10
993 2.403850079 6.168519974 -10
994 3.365380049 6.168519974 -10
995 4.326920033 6.168519974 -10
996 5.288459778 6.168519974 -10
997 -5.288459778 6.168519974 -9
998 -4.326920033 6.168519974 -9
999 -3.365380049 6.168519974 -9
1000 -2.403850079 6.168519974 -9
1001 -1.442309976 6.168519974 -9
1002 -0.4807699919 6.168519974 -9
1003 0.4807699919 6.168519974 -9
1004 1.442309976 6.168519974 -9
1005 2.403850079 6.168519974 -9
1006 3.365380049 6.168519974 -9
1007 4.326920033 6.168519974 -9
1008 5.288459778 6.168519974 -9
1009 -5.288459778 6.168519974 -8
1010 -4.326920033 6.168519974 -8
1011 -3.365380049 6.168519974 -8
1012 -2.403850079 6.168519974 -8
1013 -1.442309976 6.168519974 -8
1014 -0.4807699919 6.168519974 -8
1015 0.4807699919 6.168519974 -8
1016 1.442309976 6.168519974 -8
1017 2.403850079 6.168519974 -8
1018 3.365380049 6.168519974 -8
1019 4.326920033 6.168519974 -8
1020 5.288459778 6.168519974 -8
1021 -5.288459778 6.168519974 -7
1022 -4.326920033 6.168519974 -7
1023 -3.365380049 6.168519974 -7
1024 -2.403850079 6.168519974 -7
1025 -1.442309976 6.168519974 -7
1026 -0.4807699919 6.168519974 -7
1027 0.4807699919 6.168519974 -7
1028 1.442309976 6.168519974 -7
1029 2.403850079 6.168519974 -7
1030 3.365380049 6.168519974 -7
1031 4.326920033 6.168519974 -7
1032 5.288459778 6.168519974 -7
1033 -5.288459778 6.168519974 -6
1034 -4.326920033 6.168519974 -6
1035 -3.365380049 6.168519974 -6
1036 -2.403850079 6.168519974 -6
1037 -1.442309976 6.168519974 -6
1038 -0.4807699919 6.168519974 -6
1039 0.4807699919 6.168519974 -6
1040 1.442309976 6.168519974 -6
1041 2.403850079 6.168519974 -6
1042 3.365380049 6.168519974 -6
1043 4.326920033 6.168519974 -6
1044 5.288459778 6.168519974 -6
1045 -5.288459778 6.168519974 -5
1046 -4.326920033 6.168519974 -5
1047 -3.365380049 6.168519974 -5
1048 -2.403850079 6.168519974 -5
1049 -1.442309976 6.168519974 -5
1050 -0.4807699919 6.168519974 -5
1051 0.4807699919 6.168519974 -5
1052 1.442309976 6.168519974 -5
1053 2.403850079 6.168519974 -5
1054 3.365380049 6.168519974 -5
1055 4.326920033 6.168519974 -5
1056 5.288459778 6.168519974 -5
1057 -5.288459778 6.168519974 -4
1058 -4.326920033 6.168519974 -4
1059 -3.365380049 6.168519974 -4
1060 -2.403850079 6.168519974 -4
1061 -1.442309976 6.168519974 -4
1062 -0.4807699919 6.168519974 -4
1063 0.4807699919 6.168519974 -4
1064 1.442309976 6.168519974 -4
1065 2.403850079 6.168519974 -4
1066 3.365380049 6.168519974 -4
1067 4.326920033 6.168519974 -4
1068 5.288459778 6.168519974 -4
1069 -5.288459778 6.168519974 -3
1070 -4.326920033 6.168519974 -3
1071 -3.365380049 6.168519974 -3
1072 -2.403850079 6.168519974 -3
1073 -1.442309976 6.168519974 -3
1074 -0.4807699919 6.168519974 -3
1075 0.4807699919 6.168519974 -3
1076 1.442309976 6.168519974 -3
1077 2.403850079 6.168519974 -3
1078 3.365380049 6.168519974 -3
1079 4.326920033 6.168519974 -3
1080 5.288459778 6.168519974 -3
1081 -5.288459778 6.168519974 -2
1082 -4.326920033 6.168519974 -2
1083 -3.365380049 6.168519974 -2
1084 -2.403850079 6.168519974 -2
1085 -1.442309976 6.168519974 -2
1086 -0.4807699919 6.168519974 -2
1087 0.4807699919 6.168519974 -2
1088 1.442309976 6.168519974 -2
1089 2.403850079 6.168519974 -2
1090 3.365380049 6.168519974 -2
1091 4.326920033 6.168519974 -2
1092 5.288459778 6.168519974 -2
1093 -5.288459778 6.168519974 -1
1094 -4.326920033 6.168519974 -1
1095 -3.365380049 6.168519974 -1
1096 -2.403850079 6.168519974 -1
1097 -1.442309976 6.168519974 -1
1098 -0.4807699919 6.168519974 -1
1099 0.4807699919 6.168519974 -1
1100 1.442309976 6.168519974 -1
1101 2.403850079 6.168519974 -1
1102 3.365380049 6.168519974 -1
1103 4.326920033 6.168519974 -1
1104 5.288459778 6.168519974 -1
1105 -5.288459778 6.168519974 0
1106 -4.326920033 6.168519974 0
1107 -3.365380049 6.168519974 0
1108 -2.403850079 6.168519974 0
1109 -1.442309976 6.168519974 0
1110 -0.4807699919 6.168519974 0
1111 0.4807699919 6.168519974 0
1112 1.442309976 6.168519974 0
1113 2.403850079 6.168519974 0
1114 3.365380049 6.168519974 0
1115 4.326920033 6.168519974 0
1116 5.288459778 6.168519974 0
1117 -5.288459778 -6.168519974 -22
1118 -5.288459778 -6.168519974 -21
1119 -5.288459778 -6.168519974 -20
1120 -5.288459778 -6.168519974 -19
1121 -5.288459778 -6.168519974 -18
1122 -5.288459778 -6.168519974 -17
1123 -5.288459778 -6.168519974 -16
1124 -5.288459778 -6.168519974 -15
1125 -5.288459778 -6.168519974 -14
1126 -5.288459778 -6.168519974 -13
1127 -5.288459778 -6.168519974 -12
1128 -5.288459778 -6.168519974 -11
1129 -5.288459778 -6.168519974 -10
1130 -5.288459778 -6.168519974 -9
1131 -5.288459778 -6.168519974 -8
1132 -5.288459778 -6.168519974 -7
1133 -5.288459778 -6.168519974 -6
1134 -5.288459778 -6.168519974 -5
1135 -5.288459778 -6.168519974 -4
1136 -5.288459778 -6.168519974 -3
1137 -5.288459778 -6.168519974 -2
1138 -5.288459778 -6.168519974 -1
1139 -5.288459778 -6.168519974 0
1140 -4.326920033 -6.168519974 -22
1141 -4.326920033 -6.168519974 -21
1142 -4.326920033 -6.168519974 -20
1143 -4.326920033 -6.168519974 -19
1144 -4.326920033 -6.168519974 -18
1145 -4.326920033 -6.168519974 -17
1146 -4.326920033 -6.168519974 -16
1147 -4.326920033 -6.168519974 -15
1148 -4.326920033 -6.168519974 -14
1149 -4.326920033 -6.168519974 -13
1150 -4.326920033 -6.168519974 -12
1151 -4.326920033 -6.168519974 -11
1152 -4.326920033 -6.168519974 -10
1153 -4.326920033 -6.168519974 -9
1154 -4.326920033 -6.168519974 -8
1155 -4.326920033 -6.168519974 -7
1156 -4.326920033 -6.168519974 -6
1157 -4.326920033 -6.168519974 -5
1158 -4.326920033 -6.168519974 -4
1159 -4.326920033 -6.168519974 -3
1160 -4.326920033 -6.168519974 -2
1161 -4.326920033 -6.168519974 -1
1162 -4.326920033 -6.168519974 0
1163 -3.365380049 -6.168519974 -22
1164 -3.365380049 -6.168519974 -21
1165 -3.365380049 -6.168519974 -20
1166 -3.365380049 -6.168519974 -19
1167 -3.365380049 -6.168519974 -18
1168 -3.365380049 -6.168519974 -17
1169 -3.365380049 -6.168519974 -16
1170 -3.365380049 -6.168519974 -15
1171 -3.365380049 -6.168519974 -14
1172 -3.365380049 -6.168519974 -13
1173 -3.365380049 -6.168519974 -12
1174 -3.365380049 -6.168519974 -11
1175 -3.365380049 -6.168519974 -10
1176 -3.365380049 -6.168519974 -9
1177 -3.365380049 -6.168519974 -8
1178 -3.365380049 -6.168519974 -7
1179 -3.365380049 -6.168519974 -6
1180 -3.365380049 -6.168519974 -5
1181 -3.365380049 -6.168519974 -4
1182 -3.365380049 -6.168519974 -3
1183 -3.365380049 -6.168519974 -2
1184 -3.365380049 -6.168519974 -1
1185 -3.365380049 -6.168519974 0
1186 -2.403850079 -6.168519974 -22
1187 -2.403850079 -6.168519974 -21
1188 -2.403850079 -6.168519974 -20
1189 -2.403850079 -6.168519974 -19
1190 -2.403850079 -6.168519974 -18
1191 -2.403850079 -6.168519974 -17
1192 -2.403850079 -6.168519974 -16
1193 -2.403850079 -6.168519974 -15
1194 -2.403850079 -6.168519974 -14
1195 -2.403850079 -6.168519974 -13
1196 -2.403850079 -6.168519974 -12
1197 -2.403850079 -6.168519974 -11
1198 -2.403850079 -6.168519974 -10
1199 -2.403850079 -6.168519974 -9
1200 -2.403850079 -6.168519974 -8
1201 -2.403850079 -6.168519974 -7
1202 -2.403850079 -6.168519974 -6
1203 -2.403850079 -6.168519974 -5
1204 -2.403850079 -6.168519974 -4
1205 -2.403850079 -6.168519974 -3
1206 -2.403850079 -6.168519974 -2
1207 -2.403850079 -6.168519974 -1
1208 -2.403850079 -6.168519974 0
1209 -1.442309976 -6.168519974 -22
1210 -1.442309976 -6.168519974 -21
1211 -1.442309976 -6.168519974 -20
1212 -1.442309976 -6.168519974 -19
1213 -1.442309976 -6.168519974 -18
1214 -1.442309976 -6.168519974 -17
1215 -1.442309976 -6.168519974 -16
1216 -1.442309976 -6.168519974 -15
1217 -1.442309976 -6.168519974 -14
1218 -1.442309976 -6.168519974 -13
1219 -1.442309976 -6.168519974 -12
1220 -1.442309976 -6.168519974 -11
1221 -1.442309976 -6.168519974 -10
1222 -1.442309976 -6.168519974 -9
1223 -1.442309976 -6.168519974 -8
1224 -1.442309976 -6.168519974 -7
1225 -1.442309976 -6.168519974 -6
1226 -1.442309976 -6.168519974 -5
1227 -1.442309976 -6.168519974 -4
1228 -1.442309976 -6.168519974 -3
1229 -1.442309976 -6.168519974 -2
1230 -1.442309976 -6.168519974 -1
1231 -1.442309976 -6.168519974 0
1232 -0.4807699919 -6.168519974 -22
1233 -0.4807699919 -6.168519974 -21
1234 -0.4807699919 -6.168519974 -20
1235 -0.4807699919 -6.168519974 -19
1236 -0.4807699919 -6.168519974 -18
1237 -0.4807699919 -6.168519974 -17
1238 -0.4807699919 -6.168519974 -16
1239 -0.4807699919 -6.168519974 -15
1240 -0.4807699919 -6.168519974 -14
1241 -0.4807699919 -6.168519974 -13
1242 -0.4807699919 -6.168519974 -12
1243 -0.4807699919 -6.168519974 -11
1244 -0.4807699919 -6.168519974 -10
1245 -0.4807699919 -6.168519974 -9
1246 -0.4807699919 -6.168519974 -8
1247 -0.4807699919 -6.168519974 -7
1248 -0.4807699919 -6.168519974 -6
1249 -0.4807699919 -6.168519974 -5
1250 -0.4807699919 -6.168519974 -4
1251 -0.4807699919 -6.168519974 -3
1252 -0.4807699919 -6.168519974 -2
1253 -0.4807699919 -6.168519974 -1
1254 -0.4807699919 -6.168519974 0
1255 0.4807699919 -6.168519974 -22
1256 0.4807699919 -6.168519974 -21
1257 0.4807699919 -6.168519974 -20
1258 0.4807699919 -6.168519974 -19
1259 0.4807699919 -6.168519974 -18
1260 0.4807699919 -6.168519974 -17
1261 0.4807699919 -6.168519974 -16
1262 0.4807699919 -6.168519974 -15
1263 0.4807699919 -6.168519974 -14
1264 0.4807699919 -6.168519974 -13
1265 0.4807699919 -6.168519974 -12
1266 0.4807699919 -6.168519974 -11
1267 0.4807699919 -6.168519974 -10
1268 0.4807699919 -6.168519974 -9
1269 0.4807699919 -6.168519974 -8
1270 0.4807699919 -6.168519974 -7
1271 0.4807699919 -6.168519974 -6
1272 0.4807699919 -6.168519974 -5
1273 0.4807699919 -6.168519974 -4
1274 0.4807699919 -6.168519974 -3
1275 0.4807699919 -6.168519974 -2
1276 0.4807699919 -6.168519974 -1
1277 0.4807699919 -6.168519974 0
1278 1.442309976 -6.168519974 -22
1279 1.442309976 -6.168519974 -21
1280 1.442309976 -6.168519974 -20
1281 1.442309976 -6.168519974 -19
1282 1.442309976 -6.168519974 -18
1283 1.442309976 -6.168519974 -17
1284 1.442309976 -6.168519974 -16
1285 1.442309976 -6.168519974 -15
1286 1.442309976 -6.168519974 -14
1287 1.442309976 -6.168519974 -13
1288 1.442309976 -6.168519974 -12
1289 1.442309976 -6.168519974 -11
1290 1.442309976 -6.168519974 -10
1291 1.442309976 -6.168519974 -9
1292 1.442309976 -6.168519974 -8
1293 1.442309976 -6.168519974 -7
1294 1.442309976 -6.168519974 -6
1295 1.442309976 -6.168519974 -5
1296 1.442309976 -6.168519974 -4
1297 1.442309976 -6.168519974 -3
1298 1.442309976 -6.168519974 -2
1299 1.442309976 -6.168519974 -1
1300 1.442309976 -6.168519974 0
1301 2.403850079 -6.168519974 -22
1302 2.403850079 -6.168519974 -21
1303 2.403850079 -6.168519974 -20
1304 2.403850079 -6.168519974 -19
1305 2.403850079 -6.168519974 -18
1306 2.403850079 -6.168519974 -17
1307 2.403850079 -6.168519974 -16
1308 2.403850079 -6.168519974 -15
1309 2.403850079 -6.168519974 -14
1310 2.403850079 -6.168519974 -13
1311 2.403850079 -6.168519974 -12
1312 2.403850079 -6.168519974 -11
1313 2.403850079 -6.168519974 -10
1314 2.403850079 -6.168519974 -9
1315 2.403850079 -6.168519974 -8
1316 2.403850079 -6.168519974 -7
1317 2.403850079 -6.168519974 -6
1318 2.403850079 -6.168519974 -5
1319 2.403850079 -6.168519974 -4
1320 2.403850079 -6.168519974 -3
1321 2.403850079 -6.168519974 -2
1322 2.403850079 -6.168519974 -1
1323 2.403850079 -6.168519974 0
1324 3.365380049 -6.168519974 -22
1325 3.365380049 -6.168519974 -21
1326 3.365380049 -6.168519974 -20
1327 3.365380049 -6.168519974 -19
1328 3.365380049 -6.168519974 -18
1329 3.365380049 -6.168519974 -17
1330 3.365380049 -6.168519974 -16
1331 3.365380049 -6.168519974 -15
1332 3.365380049 -6.168519974 -14
1333 3.365380049 -6.168519974 -13
1334 3.365380049 -6.168519974 -12
1335 3.365380049 -6.168519974 -11
1336 3.365380049 -6.168519974 -10
1337 3.365380049 -6.168519974 -9
1338 3.365380049 -6.168519974 -8
1339 3.365380049 -6.168519974 -7
1340 3.365380049 -6.168519974 -6
1341 3.365380049 -6.168519974 -5
1342 3.365380049 -6.168519974 -4
1343 3.365380049 -6.168519974 -3
1344 3.365380049 -6.168519974 -2
1345 3.365380049 -6.168519974 -1
1346 3.365380049 -6.168519974 0
1347 4.326920033 -6.168519974 -22
1348 4.326920033 -6.168519974 -21
1349 4.326920033 -6.168519974 -20
1350 4.326920033 -6.168519974 -19
1351 4.326920033 -6.168519974 -18
1352 4.326920033 -6.168519974 -17
1353 4.326920033 -6.168519974 -16
1354 4.326920033 -6.168519974 -15
1355 4.326920033 -6.168519974 -14
1356 4.326920033 -6.168519974 -13
1357 4.326920033 -6.168519974 -12
1358 4.326920033 -6.168519974 -11
1359 4.326920033 -6.168519974 -10
1360 4.326920033 -6.168519974 -9
1361 4.326920033 -6.168519974 -8
1362 4.326920033 -6.168519974 -7
1363 4.326920033 -6.168519974 -6
1364 4.326920033 -6.168519974 -5
1365 4.326920033 -6.168519974 -4
1366 4.326920033 -6.168519974 -3
1367 4.326920033 -6.168519974 -2
1368 4.326920033 -6.168519974 -1
1369 4.326920033 -6.168519974 0
1370 5.288459778 -6.168519974 -22
1371 5.288459778 -6.168519974 -21
1372 5.288459778 -6.168519974 -20
1373 5.288459778 -6.168519974 -19
1374 5.288459778 -6.168519974 -18
1375 5.288459778 -6.168519974 -17
1376 5.288459778 -6.168519974 -16
1377 5.288459778 -6.168519974 -15
1378 5.288459778 -6.168519974 -14
1379 5.288459778 -6.168519974 -13
1380 5.288459778 -6.168519974 -12
1381 5.288459778 -6.168519974 -11
1382 5.288459778 -6.168519974 -10
1383 5.288459778 -6.168519974 -9
1384 5.288459778 -6.168519974 -8
1385 5.288459778 -6.168519974 -7
1386 5.288459778 -6.168519974 -6
1387 5.288459778 -6.168519974 -5
1388 5.288459778 -6.168519974 -4
1389 5.288459778 -6.168519974 -3
1390 5.288459778 -6.168519974 -2
1391 5.288459778 -6.168519974 -1
1392 5.288459778 -6.168519974 0
1393 -5.357140064 6.168519974 0
1394 -6.25 5.28730011 0
1395 -6.25 -5.28730011 0
1396 -5.357140064 -6.168519974 0
1397 5.357140064 -6.168519974 0
1398 6.25 -5.28730011 0
1399 6.25 5.28730011 0
1400 5.357140064 6.168519974 0
1401 -5.288459778 -5.219510078 0
1402 -4.326920033 -5.219510078 0
1403 -4.464290142 -6.168519974 0
1404 4.464290142 6.168519974 0
1405 5.288459778 5.219510078 0
1406 4.326920033 5.219510078 0
1407 -5.288459778 3.321510077 0
1408 -5.288459778 4.270510197 0
1409 -6.25 3.524869919 0
1410 -5.288459778 5.219510078 0
1411 5.288459778 -4.270510197 0
1412 5.288459778 -5.219510078 0
1413 6.25 -4.406079769 0
1414 -6.25 -4.406079769 0
1415 -3.571429968 -6.168519974 0
1416 -6.25 4.406079769 0
1417 5.288459778 -3.321510077 0
1418 6.25 -3.524869919 0
1419 5.288459778 2.372509956 0
1420 6.25 2.643650055 0
1421 5.288459778 3.321510077 0
1422 2.678570032 6.168519974 0
1423 1.785709977 6.168519974 0
1424 2.403850079 5.219510078 0
1425 -6.25 2.643650055 0
1426 -6.25 1.762429953 0
1427 -5.288459778 2.372509956 0
1428 -3.365380049 -5.219510078 0
1429 -2.678570032 -6.168519974 0
1430 -1.785709977 -6.168519974 0
1431 -2.403850079 -5.219510078 0
1432 -5.288459778 -0.4745000005 0
1433 -5.288459778 0.4745000005 0
1434 -6.25 0 0
1435 -4.464290142 6.168519974 0
1436 -4.326920033 5.219510078 0
1437 -3.571429968 6.168519974 0
1438 3.571429968 -6.168519974 0
1439 4.464290142 -6.168519974 0
1440 4.326920033 -5.219510078 0
1441 -1.442309976 -5.219510078 0
1442 3.571429968 6.168519974 0
1443 6.25 4.406079769 0
1444 5.288459778 4.270510197 0
1445 6.25 1.762429953 0
1446 5.288459778 1.423499942 0
1447 5.288459778 -0.4745000005 0
1448 6.25 0 0
1449 5.288459778 0.4745000005 0
1450 3.365380049 -1.423499942 0
1451 3.365380049 -0.4745000005 0
1452 2.928149939 -1.41012001 0
1453 5.288459778 -1.423499942 0
1454 6.25 -0.8812199831 0
1455 3.365380049 -5.219510078 0
1456 2.678570032 -6.168519974 0
1457 -5.288459778 -2.372509956 0
1458 -6.25 -2.643650055 0
1459 -5.288459778 -3.321510077 0
1460 0.4807699919 -5.219510078 0
1461 -0.4807699919 -5.219510078 0
1462 0 -6.168519974 0
1463 -5.288459778 1.423499942 0
1464 -6.25 0.8812199831 0
1465 -1.785709977 6.168519974 0
1466 -2.678570032 6.168519974 0
1467 -2.403850079 5.219510078 0
1468 -5.288459778 -1.423499942 0
1469 -6.25 -1.762429953 0
1470 0.8928599954 -6.168519974 0
1471 -1.442309976 5.219510078 0
1472 -2.403850079 4.270510197 0
1473 -1.442309976 4.270510197 0
1474 0.7231900096 3.168519974 0
1475 0.4807699919 4.270510197 0
1476 -0.7231900096 3.168519974 0
1477 1.442309976 -5.219510078 0
1478 1.785709977 -6.168519974 0
1479 -1.442309976 -4.270510197 0
1480 -0.4807699919 -4.270510197 0
1481 -0.7231900096 -3.168519974 0
1482 -6.25 -0.8812199831 0
1483 -3.365380049 5.219510078 0
1484 3.365380049 3.321510077 0
1485 2.403850079 3.321510077 0
1486 3.365380049 2.372509956 0
1487 1.442309976 4.270510197 0
1488 1.442309976 5.219510078 0
1489 0.8928599954 6.168519974 0
1490 0 6.168519974 0
1491 0.4807699919 5.219510078 0
1492 6.25 0.8812199831 0
1493 3.25 0 0
1494 3.365380049 0.4745000005 0
1495 2.928149939 1.41012001 0
1496 6.25 3.524869919 0
1497 5.288459778 -2.372509956 0
1498 6.25 -2.643650055 0
1499 -0.4807699919 5.219510078 0
1500 1.442309976 3.321510077 0
1501 2.026340008 2.54095006 0
1502 -0.8928599954 -6.168519974 0
1503 -2.403850079 -3.321510077 0
1504 -1.442309976 -3.321510077 0
1505 -2.026340008 -2.54095006 0
1506 4.326920033 -0.4745000005 0
1507 4.326920033 0.4745000005 0
1508 3.365380049 -2.372509956 0
1509 6.25 -1.762429953 0
1510 -1.442309976 3.321510077 0
1511 -6.25 -3.524869919 0
1512 -5.288459778 -4.270510197 0
1513 -3.365380049 3.321510077 0
1514 -3.365380049 2.372509956 0
1515 -2.403850079 3.321510077 0
1516 -2.928149939 1.41012001 0
1517 -2.026340008 2.54095006 0
1518 -3.25 0 0
1519 -3.365380049 0.4745000005 0
1520 3.365380049 5.219510078 0
1521 -4.326920033 2.372509956 0
1522 -4.326920033 3.321510077 0
1523 -4.326920033 0.4745000005 0
1524 -0.4807699919 4.270510197 0
1525 -0.8928599954 6.168519974 0
1526 4.326920033 -2.372509956 0
1527 4.326920033 -3.321510077 0
1528 0.7231900096 -3.168519974 0
1529 3.365380049 1.423499942 0
1530 4.326920033 -1.423499942 0
1531 -2.928149939 -1.41012001 0
1532 -3.365380049 -2.372509956 0
1533 -3.365380049 1.423499942 0
1534 2.026340008 -2.54095006 0
1535 1.442309976 -3.321510077 0
1536 -4.326920033 -2.372509956 0
1537 -4.326920033 -1.423499942 0
1538 3.365380049 -3.321510077 0
1539 2.403850079 -4.270510197 0
1540 2.403850079 -5.219510078 0
1541 3.365380049 -4.270510197 0
1542 2.403850079 -3.321510077 0
1543 -4.326920033 1.423499942 0
1544 4.326920033 1.423499942 0
1545 -3.365380049 -1.423499942 0
1546 4.326920033 -4.270510197 0
1547 1.442309976 -4.270510197 0
1548 0.4807699919 -4.270510197 0
1549 -3.365380049 -0.4745000005 0
1550 -4.326920033 -0.4745000005 0
1551 2.403850079 4.270510197 0
1552 3.365380049 4.270510197 0
1553 -4.326920033 4.270510197 0
1554 -3.365380049 4.270510197 0
1555 -4.326920033 -3.321510077 0
1556 -3.365380049 -3.321510077 0
1557 -4.326920033 -4.270510197 0
1558 -2.403850079 -4.270510197 0
1559 4.326920033 4.270510197 0
1560 4.326920033 3.321510077 0
1561 -3.365380049 -4.270510197 0
1562 4.326920033 2.372509956 0
$EndNodes
$Elements
3158
1 2 2 1 1 1 2 3
2 2 2 1 1 1 3 4
3 2 2 1 1 4 3 5
4 2 2 1 1 4 5 6
5 2 2 1 1 6 5 7
6 2 2 1 1 6 7 8
7 2 2 1 1 8 7 9
8 2 2 1 1 8 9 10
9 2 2 1 1 10 9 11
10 2 2 1 1 10 11 12
11 2 2 1 1 12 11 13
12 2 2 1 1 12 13 14
13 2 2 1 1 14 13 15
14 2 2 1 1 14 15 16
15 2 2 1 1 16 15 17
16 2 2 1 1 16 17 18
17 2 2 1 1 18 17 19
18 2 2 1 1 18 19 20
19 2 2 1 1 20 19 21
20 2 2 1 1 20 21 22
21 2 2 1 1 22 21 23
22 2 2 1 1 22 23 24
23 2 2 1 1 24 23 25
24 2 2 1 1 24 25 26
25 2 2 1 1 26 25 27
26 2 2 1 1 26 27 28
27 2 2 1 1 2 29 30
28 2 2 1 1 2 30 3
29 2 2 1 1 3 30 31
30 2 2 1 1 3 31 5
31 2 2 1 1 5 31 32
32 2 2 1 1 5 32 7
33 2 2 1 1 7 32 33
34 2 2 1 1 7 33 9
35 2 2 1 1 9 33 34
36 2 2 1 1 9 34 11
37 2 2 1 1 11 34 35
38 2 2 1 1 11 35 13
39 2 2 1 1 13 35 36
40 2 2 1 1 13 36 15
41 2 2 1 1 15 36 37
42 2 2 1 1 15 37 17
43 2 2 1 1 17 37 38
44 2 2 1 1 17 38 19
45 2 2 1 1 19 38 39
46 2 2 1 1 19 39 21
47 2 2 1 1 21 39 40
48 2 2 1 1 21 40 23
49 2 2 1 1 23 40 41
50 2 2 1 1 23 41 25
51 2 2 1 1 25 41 42
52 2 2 1 1 25 42 27
53 2 2 1 1 29 43 44
54 2 2 1 1 29 44 30
55 2 2 1 1 30 44 45
56 2 2 1 1 30 45 31
57 2 2 1 1 31 45 46
58 2 2 1 1 31 46 32
59 2 2 1 1 32 46 47
60 2 2 1 1 32 47 33
61 2 2 1 1 33 47 48
62 2 2 1 1 33 48 34
63 2 2 1 1 34 48 49
64 2 2 1 1 34 49 35
65 2 2 1 1 35 49 50
66 2 2 1 1 35 50 36
67 2 2 1 1 36 50 51
68 2 2 1 1 36 51 37
69 2 2 1 1 37 51 52
70 2 2 1 1 37 52 38
71 2 2 1 1 38 52 53
72 2 2 1 1 38 53 39
73 2 2 1 1 39 53 54
74 2 2 1 1 39 54 40
75 2 2 1 1 40 54 55
76 2 2 1 1 40 55 41
77 2 2 1 1 41 55 56
78 2 2 1 1 41 56 42
79 2 2 1 1 43 57 58
80 2 2 1 1 43 58 44
81 2 2 1 1 44 58 59
82 2 2 1 1 44 59 45
83 2 2 1 1 45 59 60
84 2 2 1 1 45 60 46
85 2 2 1 1 46 60 61
86 2 2 1 1 46 61 47
87 2 2 1 1 47 61 62
88 2 2 1 1 47 62 48
89 2 2 1 1 48 62 63
90 2 2 1 1 48 63 49
91 2 2 1 1 49 63 64
92 2 2 1 1 49 64 50
93 2 2 1 1 50 64 65
94 2 2 1 1 50 65 51
95 2 2 1 1 51 65 66
96 2 2 1 1 51 66 52
97 2 2 1 1 52 66 67
98 2 2 1 1 52 67 53
99 2 2 1 1 53 67 68
100 2 2 1 1 53 68 54
101 2 2 1 1 54 68 69
102 2 2 1 1 54 69 55
103 2 2 1 1 55 69 70
104 2 2 1 1 55 70 56
105 2 2 1 1 57 71 72
106 2 2 1 1 57 72 58
107 2 2 1 1 58 72 73
108 2 2 1 1 58 73 59
109 2 2 1 1 59 73 74
110 2 2 1 1 59 74 60
111 2 2 1 1 60 74 75
112 2 2 1 1 60 75 61
113 2 2 1 1 61 75 76
114 2 2 1 1 61 76 62
115 2 2 1 1 62 76 77
116 2 2 1 1 62 77 63
117 2 2 1 1 63 77 78
118 2 2 1 1 63 78 64
119 2 2 1 1 64 78 79
120 2 2 1 1 64 79 65
121 2 2 1 1 65 79 80
122 2 2 1 1 65 80 66
123 2 2 1 1 66 80 81
124 2 2 1 1 66 81 67
125 2 2 1 1 67 81 82
126 2 2 1 1 67 82 68
127 2 2 1 1 68 82 83
128 2 2 1 1 68 83 69
129 2 2 1 1 69 83 84
130 2 2 1 1 69 84 70
131 2 2 1 1 71 85 86
132 2 2 1 1 71 86 72
133 2 2 1 1 72 86 87
134 2 2 1 1 72 87 73
135 2 2 1 1 73 87 88
136 2 2 1 1 73 88 74
137 2 2 1 1 74 88 89
138 2 2 1 1 74 89 75
139 2 2 1 1 75 89 90
140 2 2 1 1 75 90 76
141 2 2 1 1 76 90 91
142 2 2 1 1 76 91 77
143 2 2 1 1 77 91 92
144 2 2 1 1 77 92 78
145 2 2 1 1 78 92 93
146 2 2 1 1 78 93 79
147 2 2 1 1 79 93 94
148 2 2 1 1 79 94 80
149 2 2 1 1 80 94 95
150 2 2 1 1 80 95 81
151 2 2 1 1 81 95 96
152 2 2 1 1 81 96 82
153 2 2 1 1 82 96 97
154 2 2 1 1 82 97 83
155 2 2 1 1 83 97 98
156 2 2 1 1 83 98 84
157 2 2 1 1 85 99 100
158 2 2 1 1 85 100 86
159 2 2 1 1 86 100 101
160 2 2 1 1 86 101 87
161 2 2 1 1 87 101 102
162 2 2 1 1 87 102 88
163 2 2 1 1 88 102 103
164 2 2 1 1 88 103 89
165 2 2 1 1 89 103 104
166 2 2 1 1 89 104 90
167 2 2 1 1 90 104 105
168 2 2 1 1 90 105 91
169 2 2 1 1 91 105 106
170 2 2 1 1 91 106 92
171 2 2 1 1 92 106 107
172 2 2 1 1 92 107 93
173 2 2 1 1 93 107 108
174 2 2 1 1 93 108 94
175 2 2 1 1 94 108 109
176 2 2 1 1 94 109 95
177 2 2 1 1 95 109 110
178 2 2 1 1 95 110 96
179 2 2 1 1 96 110 111
180 2 2 1 1 96 111 97
181 2 2 1 1 97 111 112
182 2 2 1 1 97 112 98
183 2 2 1 1 99 113 114
184 2 2 1 1 99 114 100
185 2 2 1 1 100 114 115
186 2 2 1 1 100 115 101
187 2 2 1 1 101 115 116
188 2 2 1 1 101 116 102
189 2 2 1 1 102 116 117
190 2 2 1 1 102 117 103
191 2 2 1 1 103 117 118
192 2 2 1 1 103 118 104
193 2 2 1 1 104 118 119
194 2 2 1 1 104 119 105
195 2 2 1 1 105 119 120
196 2 2 1 1 105 120 106
197 2 2 1 1 106 120 121
198 2 2 1 1 106 121 107
199 2 2 1 1 107 121 122
200 2 2 1 1 107 122 108
201 2 2 1 1 108 122 123
202 2 2 1 1 108 123 109
203 2 2 1 1 109 123 124
204 2 2 1 1 109 124 110
205 2 2 1 1 110 124 125
206 2 2 1 1 110 125 111
207 2 2 1 1 111 125 126
208 2 2 1 1 111 126 112
209 2 2 1 1 113 127 128
210 2 2 1 1 113 128 114
211 2 2 1 1 114 128 129
212 2 2 1 1 114 129 115
213 2 2 1 1 115 129 130
214 2 2 1 1 115 130 116
215 2 2 1 1 116 130 131
216 2 2 1 1 116 131 117
217 2 2 1 1 117 131 132
218 2 2 1 1 117 132 118
219 2 2 1 1 118 132 133
220 2 2 1 1 118 133 119
221 2 2 1 1 119 133 134
222 2 2 1 1 119 134 120
223 2 2 1 1 120 134 135
224 2 2 1 1 120 135 121
225 2 2 1 1 121 135 136
226 2 2 1 1 121 136 122
227 2 2 1 1 122 136 137
228 2 2 1 1 122 137 123
229 2 2 1 1 123 137 138
230 2 2 1 1 123 138 124
231 2 2 1 1 124 138 139
232 2 2 1 1 124 139 125
233 2 2 1 1 125 139 140
234 2 2 1 1 125 140 126
235 2 2 1 1 127 141 142
236 2 2 1 1 127 142 128
237 2 2 1 1 128 142 143
238 2 2 1 1 128 143 129
239 2 2 1 1 129 143 144
240 2 2 1 1 129 144 130
241 2 2 1 1 130 144 145
242 2 2 1 1 130 145 131
243 2 2 1 1 131 145 146
244 2 2 1 1 131 146 132
245 2 2 1 1 132 146 147
246 2 2 1 1 132 147 133
247 2 2 1 1 133 147 148
248 2 2 1 1 133 148 134
249 2 2 1 1 134 148 149
250 2 2 1 1 134 149 135
251 2 2 1 1 135 149 150
252 2 2 1 1 135 150 136
253 2 2 1 1 136 150 151
254 2 2 1 1 136 151 137
255 2 2 1 1 137 151 152
256 2 2 1 1 137 152 138
257 2 2 1 1 138 152 153
258 2 2 1 1 138 153 139
259 2 2 1 1 139 153 154
260 2 2 1 1 139 154 140
261 2 2 1 1 141 155 156
262 2 2 1 1 141 156 142
263 2 2 1 1 142 156 157
264 2 2 1 1 142 157 143
265 2 2 1 1 143 157 158
266 2 2 1 1 143 158 144
267 2 2 1 1 144 158 159
268 2 2 1 1 144 159 145
269 2 2 1 1 145 159 160
270 2 2 1 1 145 160 146
271 2 2 1 1 146 160 161
272 2 2 1 1 146 161 147
273 2 2 1 1 147 161 162
274 2 2 1 1 147 162 148
275 2 2 1 1 148 162 163
276 2 2 1 1 148 163 149
277 2 2 1 1 149 163 164
278 2 2 1 1 149 164 150
279 2 2 1 1 150 164 165
280 2 2 1 1 150 165 151
281 2 2 1 1 151 165 166
282 2 2 1 1 151 166 152
283 2 2 1 1 152 166 167
284 2 2 1 1 152 167 153
285 2 2 1 1 153 167 168
286 2 2 1 1 153 168 154
287 2 2 1 1 155 169 170
288 2 2 1 1 155 170 156
289 2 2 1 1 156 170 171
290 2 2 1 1 156 171 157
291 2 2 1 1 157 171 172
292 2 2 1 1 157 172 158
293 2 2 1 1 158 172 173
294 2 2 1 1 158 173 159
295 2 2 1 1 159 173 174
296 2 2 1 1 159 174 160
297 2 2 1 1 160 174 175
298 2 2 1 1 160 175 161
299 2 2 1 1 161 175 176
300 2 2 1 1 161 176 162
301 2 2 1 1 162 176 177
302 2 2 1 1 162 177 163
303 2 2 1 1 163 177 178
304 2 2 1 1 163 178 164
305 2 2 1 1 164 178 179
306 2 2 1 1 164 179 165
307 2 2 1 1 165 179 180
308 2 2 1 1 165 180 166
309 2 2 1 1 166 180 181
310 2 2 1 1 166 181 167
311 2 2 1 1 167 181 182
312 2 2 1 1 167 182 168
313 2 2 1 1 169 183 184
314 2 2 1 1 169 184 170
315 2 2 1 1 170 184 185
316 2 2 1 1 170 185 171
317 2 2 1 1 171 185 186
318 2 2 1 1 171 186 172
319 2 2 1 1 172 186 187
320 2 2 1 1 172 187 173
321 2 2 1 1 173 187 188
322 2 2 1 1 173 188 174
323 2 2 1 1 174 188 189
324 2 2 1 1 174 189 175
325 2 2 1 1 175 189 190
326 2 2 1 1 175 190 176
327 2 2 1 1 176 190 191
328 2 2 1 1 176 191 177
329 2 2 1 1 177 191 192
330 2 2 1 1 177 192 178
331 2 2 1 1 178 192 193
332 2 2 1 1 178 193 179
333 2 2 1 1 179 193 194
334 2 2 1 1 179 194 180
335 2 2 1 1 180 194 195
336 2 2 1 1 180 195 181
337 2 2 1 1 181 195 196
338 2 2 1 1 181 196 182
339 2 2 1 1 28 27 197
340 2 2 1 1 28 197 198
341 2 2 1 1 198 197 199
342 2 2 1 1 198 199 200
343 2 2 1 1 200 199 201
344 2 2 1 1 200 201 202
345 2 2 1 1 202 201 203
346 2 2 1 1 202 203 204
347 2 2 1 1 204 203 205
348 2 2 1 1 204 205 206
349 2 2 1 1 206 205 207
350 2 2 1 1 206 207 208
351 2 2 1 1 208 207 209
352 2 2 1 1 208 209 210
353 2 2 1 1 210 209 211
354 2 2 1 1 210 211 212
355 2 2 1 1 212 211 213
356 2 2 1 1 212 213 214
357 2 2 1 1 214 213 215
358 2 2 1 1 214 215 216
359 2 2 1 1 216 215 217
360 2 2 1 1 216 217 218
361 2 2 1 1 218 217 219
362 2 2 1 1 218 219 220
363 2 2 1 1 220 219 221
364 2 2 1 1 220 221 222
365 2 2 1 1 222 221 223
366 2 2 1 1 222 223 224
367 2 2 1 1 224 223 225
368 2 2 1 1 224 225 226
369 2 2 1 1 226 225 227
370 2 2 1 1 226 227 228
371 2 2 1 1 228 227 229
372 2 2 1 1 228 229 230
373 2 2 1 1 230 229 231
374 2 2 1 1 230 231 232
375 2 2 1 1 232 231 233
376 2 2 1 1 232 233 234
377 2 2 1 1 234 233 235
378 2 2 1 1 234 235 236
379 2 2 1 1 236 235 237
380 2 2 1 1 236 237 238
381 2 2 1 1 238 237 239
382 2 2 1 1 238 239 240
383 2 2 1 1 240 239 241
384 2 2 1 1 240 241 242
385 2 2 1 1 27 42 243
386 2 2 1 1 27 243 197
387 2 2 1 1 197 243 244
388 2 2 1 1 197 244 199
389 2 2 1 1 199 244 245
390 2 2 1 1 199 245 201
391 2 2 1 1 201 245 246
392 2 2 1 1 201 246 203
393 2 2 1 1 203 246 247
394 2 2 1 1 203 247 205
395 2 2 1 1 205 247 248
396 2 2 1 1 205 248 207
397 2 2 1 1 207 248 249
398 2 2 1 1 207 249 209
399 2 2 1 1 209 249 250
400 2 2 1 1 209 250 211
401 2 2 1 1 211 250 251
402 2 2 1 1 211 251 213
403 2 2 1 1 213 251 252
404 2 2 1 1 213 252 215
405 2 2 1 1 215 252 253
406 2 2 1 1 215 253 217
407 2 2 1 1 217 253 254
408 2 2 1 1 217 254 219
409 2 2 1 1 219 254 255
410 2 2 1 1 219 255 221
411 2 2 1 1 221 255 256
412 2 2 1 1 221 256 223
413 2 2 1 1 223 256 257
414 2 2 1 1 223 257 225
415 2 2 1 1 225 257 258
416 2 2 1 1 225 258 227
417 2 2 1 1 227 258 259
418 2 2 1 1 227 259 229
419 2 2 1 1 229 259 260
420 2 2 1 1 229 260 231
421 2 2 1 1 231 260 261
422 2 2 1 1 231 261 233
423 2 2 1 1 233 261 262
424 2 2 1 1 233 262 235
425 2 2 1 1 235 262 263
426 2 2 1 1 235 263 237
427 2 2 1 1 237 263 264
428 2 2 1 1 237 264 239
429 2 2 1 1 239 264 265
430 2 2 1 1 239 265 241
431 2 2 1 1 42 56 266
432 2 2 1 1 42 266 243
433 2 2 1 1 243 266 267
434 2 2 1 1 243 267 244
435 2 2 1 1 244 267 268
436 2 2 1 1 244 268 245
437 2 2 1 1 245 268 269
438 2 2 1 1 245 269 246
439 2 2 1 1 246 269 270
440 2 2 1 1 246 270 247
441 2 2 1 1 247 270 271
442 2 2 1 1 247 271 248
443 2 2 1 1 248 271 272
444 2 2 1 1 248 272 249
445 2 2 1 1 249 272 273
446 2 2 1 1 249 273 250
447 2 2 1 1 250 273 274
448 2 2 1 1 250 274 251
449 2 2 1 1 251 274 275
450 2 2 1 1 251 275 252
451 2 2 1 1 252 275 276
452 2 2 1 1 252 276 253
453 2 2 1 1 253 276 277
454 2 2 1 1 253 277 254
455 2 2 1 1 254 277 278
456 2 2 1 1 254 278 255
457 2 2 1 1 255 278 279
458 2 2 1 1 255 279 256
459 2 2 1 1 256 279 280
460 2 2 1 1 256 280 257
461 2 2 1 1 257 280 281
462 2 2 1 1 257 281 258
463 2 2 1 1 258 281 282
464 2 2 1 1 258 282 259
465 2 2 1 1 259 282 283
466 2 2 1 1 259 283 260
467 2 2 1 1 260 283 284
468 2 2 1 1 260 284 261
469 2 2 1 1 261 284 285
470 2 2 1 1 261 285 262
471 2 2 1 1 262 285 286
472 2 2 1 1 262 286 263
473 2 2 1 1 263 286 287
474 2 2 1 1 263 287 264
475 2 2 1 1 264 287 288
476 2 2 1 1 264 288 265
477 2 2 1 1 56 70 289
478 2 2 1 1 56 289 266
479 2 2 1 1 266 289 290
480 2 2 1 1 266 290 267
481 2 2 1 1 267 290 291
482 2 2 1 1 267 291 268
483 2 2 1 1 268 291 292
484 2 2 1 1 268 292 269
485 2 2 1 1 269 292 293
486 2 2 1 1 269 293 270
487 2 2 1 1 270 293 294
488 2 2 1 1 270 294 271
489 2 2 1 1 271 294 295
490 2 2 1 1 271 295 272
491 2 2 1 1 272 295 296
492 2 2 1 1 272 296 273
493 2 2 1 1 273 296 297
494 2 2 1 1 273 297 274
495 2 2 1 1 274 297 298
496 2 2 1 1 274 298 275
497 2 2 1 1 275 298 299
498 2 2 1 1 275 299 276
499 2 2 1 1 276 299 300
500 2 2 1 1 276 300 277
501 2 2 1 1 277 300 301
502 2 2 1 1 277 301 278
503 2 2 1 1 278 301 302
504 2 2 1 1 278 302 279
505 2 2 1 1 279 302 303
506 2 2 1 1 279 303 280
507 2 2 1 1 280 303 304
508 2 2 1 1 280 304 281
509 2 2 1 1 281 304 305
510 2 2 1 1 281 305 282
511 2 2 1 1 282 305 306
512 2 2 1 1 282 306 283
513 2 2 1 1 283 306 307
514 2 2 1 1 283 307 284
515 2 2 1 1 284 307 308
516 2 2 1 1 284 308 285
517 2 2 1 1 285 308 309
518 2 2 1 1 285 309 286
519 2 2 1 1 286 309 310
520 2 2 1 1 286 310 287
521 2 2 1 1 287 310 311
522 2 2 1 1 287 311 288
523 2 2 1 1 70 84 312
524 2 2 1 1 70 312 289
525 2 2 1 1 289 312 313
526 2 2 1 1 289 313 290
527 2 2 1 1 290 313 314
528 2 2 1 1 290 314 291
529 2 2 1 1 291 314 315
530 2 2 1 1 291 315 292
531 2 2 1 1 292 315 316
532 2 2 1 1 292 316 293
533 2 2 1 1 293 316 317
534 2 2 1 1 293 317 294
535 2 2 1 1 294 317 318
536 2 2 1 1 294 318 295
537 2 2 1 1 295 318 319
538 2 2 1 1 295 319 296
539 2 2 1 1 296 319 320
540 2 2 1 1 296 320 297
541 2 2 1 1 297 320 321
542 2 2 1 1 297 321 298
543 2 2 1 1 298 321 322
544 2 2 1 1 298 322 299
545 2 2 1 1 299 322 323
546 2 2 1 1 299 323 300
547 2 2 1 1 300 323 324
548 2 2 1 1 300 324 301
549 2 2 1 1 301 324 325
550 2 2 1 1 301 325 302
551 2 2 1 1 302 325 326
552 2 2 1 1 302 326 303
553 2 2 1 1 303 326 327
554 2 2 1 1 303 327 304
555 2 2 1 1 304 327 328
556 2 2 1 1 304 328 305
557 2 2 1 1 305 328 329
558 2 2 1 1 305 329 306
559 2 2 1 1 306 329 330
560 2 2 1 1 306 330 307
561 2 2 1 1 307 330 331
562 2 2 1 1 307 331 308
563 2 2 1 1 308 331 332
564 2 2 1 1 308 332 309
565 2 2 1 1 309 332 333
566 2 2 1 1 309 333 310
567 2 2 1 1 310 333 334
568 2 2 1 1 310 334 311
569 2 2 1 1 84 98 335
570 2 2 1 1 84 335 312
571 2 2 1 1 312 335 336
572 2 2 1 1 312 336 313
573 2 2 1 1 313 336 337
574 2 2 1 1 313 337 314
575 2 2 1 1 314 337 338
576 2 2 1 1 314 338 315
577 2 2 1 1 315 338 339
578 2 2 1 1 315 339 316
579 2 2 1 1 316 339 340
580 2 2 1 1 316 340 317
581 2 2 1 1 317 340 341
582 2 2 1 1 317 341 318
583 2 2 1 1 318 341 342
584 2 2 1 1 318 342 319
585 2 2 1 1 319 342 343
586 2 2 1 1 319 343 320
587 2 2 1 1 320 343 344
588 2 2 1 1 320 344 321
589 2 2 1 1 321 344 345
590 2 2 1 1 321 345 322
591 2 2 1 1 322 345 346
592 2 2 1 1 322 346 323
593 2 2 1 1 323 346 347
594 2 2 1 1 323 347 324
595 2 2 1 1 324 347 348
596 2 2 1 1 324 348 325
597 2 2 1 1 325 348 349
598 2 2 1 1 325 349 326
599 2 2 1 1 326 349 350
600 2 2 1 1 326 350 327
601 2 2 1 1 327 350 351
602 2 2 1 1 327 351 328
603 2 2 1 1 328 351 352
604 2 2 1 1 328 352 329
605 2 2 1 1 329 352 353
606 2 2 1 1 329 353 330
607 2 2 1 1 330 353 354
608 2 2 1 1 330 354 331
609 2 2 1 1 331 354 355
610 2 2 1 1 331 355 332
611 2 2 1 1 332 355 356
612 2 2 1 1 332 356 333
613 2 2 1 1 333 356 357
614 2 2 1 1 333 357 334
615 2 2 1 1 98 112 358
616 2 2 1 1 98 358 335
617 2 2 1 1 335 358 359
618 2 2 1 1 335 359 336
619 2 2 1 1 336 359 360
620 2 2 1 1 336 360 337
621 2 2 1 1 337 360 361
622 2 2 1 1 337 361 338
623 2 2 1 1 338 361 362
624 2 2 1 1 338 362 339
625 2 2 1 1 339 362 363
626 2 2 1 1 339 363 340
627 2 2 1 1 340 363 364
628 2 2 1 1 340 364 341
629 2 2 1 1 341 364 365
630 2 2 1 1 341 365 342
631 2 2 1 1 342 365 366
632 2 2 1 1 342 366 343
633 2 2 1 1 343 366 367
634 2 2 1 1 343 367 344
635 2 2 1 1 344 367 368
636 2 2 1 1 344 368 345
637 2 2 1 1 345 368 369
638 2 2 1 1 345 369 346
639 2 2 1 1 346 369 370
640 2 2 1 1 346 370 347
641 2 2 1 1 347 370 371
642 2 2 1 1 347 371 348
643 2 2 1 1 348 371 372
644 2 2 1 1 348 372 349
645 2 2 1 1 349 372 373
646 2 2 1 1 349 373 350
647 2 2 1 1 350 373 374
648 2 2 1 1 350 374 351
649 2 2 1 1 351 374 375
650 2 2 1 1 351 375 352
651 2 2 1 1 352 375 376
652 2 2 1 1 352 376 353
653 2 2 1 1 353 376 377
654 2 2 1 1 353 377 354
655 2 2 1 1 354 377 378
656 2 2 1 1 354 378 355
657 2 2 1 1 355 378 379
658 2 2 1 1 355 379 356
659 2 2 1 1 356 379 380
660 2 2 1 1 356 380 357
661 2 2 1 1 112 126 381
662 2 2 1 1 112 381 358
663 2 2 1 1 358 381 382
664 2 2 1 1 358 382 359
665 2 2 1 1 359 382 383
666 2 2 1 1 359 383 360
667 2 2 1 1 360 383 384
668 2 2 1 1 360 384 361
669 2 2 1 1 361 384 385
670 2 2 1 1 361 385 362
671 2 2 1 1 362 385 386
672 2 2 1 1 362 386 363
673 2 2 1 1 363 386 387
674 2 2 1 1 363 387 364
675 2 2 1 1 364 387 388
676 2 2 1 1 364 388 365
677 2 2 1 1 365 388 389
678 2 2 1 1 365 389 366
679 2 2 1 1 366 389 390
680 2 2 1 1 366 390 367
681 2 2 1 1 367 390 391
682 2 2 1 1 367 391 368
683 2 2 1 1 368 391 392
684 2 2 1 1 368 392 369
685 2 2 1 1 369 392 393
686 2 2 1 1 369 393 370
687 2 2 1 1 370 393 394
688 2 2 1 1 370 394 371
689 2 2 1 1 371 394 395
690 2 2 1 1 371 395 372
691 2 2 1 1 372 395 396
692 2 2 1 1 372 396 373
693 2 2 1 1 373 396 397
694 2 2 1 1 373 397 374
695 2 2 1 1 374 397 398
696 2 2 1 1 374 398 375
697 2 2 1 1 375 398 399
698 2 2 1 1 375 399 376
699 2 2 1 1 376 399 400
700 2 2 1 1 376 400 377
701 2 2 1 1 377 400 401
702 2 2 1 1 377 401 378
703 2 2 1 1 378 401 402
704 2 2 1 1 378 402 379
705 2 2 1 1 379 402 403
706 2 2 1 1 379 403 380
707 2 2 1 1 126 140 404
708 2 2 1 1 126 404 381
709 2 2 1 1 381 404 405
710 2 2 1 1 381 405 382
711 2 2 1 1 382 405 406
712 2 2 1 1 382 406 383
713 2 2 1 1 383 406 407
714 2 2 1 1 383 407 384
715 2 2 1 1 384 407 408
716 2 2 1 1 384 408 385
717 2 2 1 1 385 408 409
718 2 2 1 1 385 409 386
719 2 2 1 1 386 409 410
720 2 2 1 1 386 410 387
721 2 2 1 1 387 410 411
722 2 2 1 1 387 411 388
723 2 2 1 1 388 411 412
724 2 2 1 1 388 412 389
725 2 2 1 1 389 412 413
726 2 2 1 1 389 413 390
727 2 2 1 1 390 413 414
728 2 2 1 1 390 414 391
729 2 2 1 1 391 414 415
730 2 2 1 1 391 415 392
731 2 2 1 1 392 415 416
732 2 2 1 1 392 416 393
733 2 2 1 1 393 416 417
734 2 2 1 1 393 417 394
735 2 2 1 1 394 417 418
736 2 2 1 1 394 418 395
737 2 2 1 1 395 418 419
738 2 2 1 1 395 419 396
739 2 2 1 1 396 419 420
740 2 2 1 1 396 420 397
741 2 2 1 1 397 420 421
742 2 2 1 1 397 421 398
743 2 2 1 1 398 421 422
744 2 2 1 1 398 422 399
745 2 2 1 1 399 422 423
746 2 2 1 1 399 423 400
747 2 2 1 1 400 423 424
748 2 2 1 1 400 424 401
749 2 2 1 1 401 424 425
750 2 2 1 1 401 425 402
751 2 2 1 1 402 425 426
752 2 2 1 1 402 426 403
753 2 2 1 1 140 154 427
754 2 2 1 1 140 427 404
755 2 2 1 1 404 427 428
756 2 2 1 1 404 428 405
757 2 2 1 1 405 428 429
758 2 2 1 1 405 429 406
759 2 2 1 1 406 429 430
760 2 2 1 1 406 430 407
761 2 2 1 1 407 430 431
762 2 2 1 1 407 431 408
763 2 2 1 1 408 431 432
764 2 2 1 1 408 432 409
765 2 2 1 1 409 432 433
766 2 2 1 1 409 433 410
767 2 2 1 1 410 433 434
768 2 2 1 1 410 434 411
769 2 2 1 1 411 434 435
770 2 2 1 1 411 435 412
771 2 2 1 1 412 435 436
772 2 2 1 1 412 436 413
773 2 2 1 1 413 436 437
774 2 2 1 1 413 437 414
775 2 2 1 1 414 437 438
776 2 2 1 1 414 438 415
777 2 2 1 1 415 438 439
778 2 2 1 1 415 439 416
779 2 2 1 1 416 439 440
780 2 2 1 1 416 440 417
781 2 2 1 1 417 440 441
782 2 2 1 1 417 441 418
783 2 2 1 1 418 441 442
784 2 2 1 1 418 442 419
785 2 2 1 1 419 442 443
786 2 2 1 1 419 443 420
787 2 2 1 1 420 443 444
788 2 2 1 1 420 444 421
789 2 2 1 1 421 444 445
790 2 2 1 1 421 445 422
791 2 2 1 1 422 445 446
792 2 2 1 1 422 446 423
793 2 2 1 1 423 446 447
794 2 2 1 1 423 447 424
795 2 2 1 1 424 447 448
796 2 2 1 1 424 448 425
797 2 2 1 1 425 448 449
798 2 2 1 1 425 449 426
799 2 2 1 1 154 168 450
800 2 2 1 1 154 450 427
801 2 2 1 1 427 450 451
802 2 2 1 1 427 451 428
803 2 2 1 1 428 451 452
804 2 2 1 1 428 452 429
805 2 2 1 1 429 452 453
806 2 2 1 1 429 453 430
807 2 2 1 1 430 453 454
808 2 2 1 1 430 454 431
809 2 2 1 1 431 454 455
810 2 2 1 1 431 455 432
811 2 2 1 1 432 455 456
812 2 2 1 1 432 456 433
813 2 2 1 1 433 456 457
814 2 2 1 1 433 457 434
815 2 2 1 1 434 457 458
816 2 2 1 1 434 458 435
817 2 2 1 1 435 458 459
818 2 2 1 1 435 459 436
819 2 2 1 1 436 459 460
820 2 2 1 1 436 460 437
821 2 2 1 1 437 460 461
822 2 2 1 1 437 461 438
823 2 2 1 1 438 461 462
824 2 2 1 1 438 462 439
825 2 2 1 1 439 462 463
826 2 2 1 1 439 463 440
827 2 2 1 1 440 463 464
828 2 2 1 1 440 464 441
829 2 2 1 1 441 464 465
830 2 2 1 1 441 465 442
831 2 2 1 1 442 465 466
832 2 2 1 1 442 466 443
833 2 2 1 1 443 466 467
834 2 2 1 1 443 467 444
835 2 2 1 1 444 467 468
836 2 2 1 1 444 468 445
837 2 2 1 1 445 468 469
838 2 2 1 1 445 469 446
839 2 2 1 1 446 469 470
840 2 2 1 1 446 470 447
841 2 2 1 1 447 470 471
842 2 2 1 1 447 471 448
843 2 2 1 1 448 471 472
844 2 2 1 1 448 472 449
845 2 2 1 1 168 182 473
846 2 2 1 1 168 473 450
847 2 2 1 1 450 473 474
848 2 2 1 1 450 474 451
849 2 2 1 1 451 474 475
850 2 2 1 1 451 475 452
851 2 2 1 1 452 475 476
852 2 2 1 1 452 476 453
853 2 2 1 1 453 476 477
854 2 2 1 1 453 477 454
855 2 2 1 1 454 477 478
856 2 2 1 1 454 478 455
857 2 2 1 1 455 478 479
858 2 2 1 1 455 479 456
859 2 2 1 1 456 479 480
860 2 2 1 1 456 480 457
861 2 2 1 1 457 480 481
862 2 2 1 1 457 481 458
863 2 2 1 1 458 481 482
864 2 2 1 1 458 482 459
865 2 2 1 1 459 482 483
866 2 2 1 1 459 483 460
867 2 2 1 1 460 483 484
868 2 2 1 1 460 484 461
869 2 2 1 1 461 484 485
870 2 2 1 1 461 485 462
871 2 2 1 1 462 485 486
872 2 2 1 1 462 486 463
873 2 2 1 1 463 486 487
874 2 2 1 1 463 487 464
875 2 2 1 1 464 487 488
876 2 2 1 1 464 488 465
877 2 2 1 1 465 488 489
878 2 2 1 1 465 489 466
879 2 2 1 1 466 489 490
880 2 2 1 1 466 490 467
881 2 2 1 1 467 490 491
882 2 2 1 1 467 491 468
883 2 2 1 1 468 491 492
884 2 2 1 1 468 492 469
885 2 2 1 1 469 492 493
886 2 2 1 1 469 493 470
887 2 2 1 1 470 493 494
888 2 2 1 1 470 494 471
889 2 2 1 1 471 494 495
890 2 2 1 1 471 495 472
891 2 2 1 1 182 196 496
892 2 2 1 1 182 496 473
893 2 2 1 1 473 496 497
894 2 2 1 1 473 497 474
895 2 2 1 1 474 497 498
896 2 2 1 1 474 498 475
897 2 2 1 1 475 498 499
898 2 2 1 1 475 499 476
899 2 2 1 1 476 499 500
900 2 2 1 1 476 500 477
901 2 2 1 1 477 500 501
902 2 2 1 1 477 501 478
903 2 2 1 1 478 501 502
904 2 2 1 1 478 502 479
905 2 2 1 1 479 502 503
906 2 2 1 1 479 503 480
907 2 2 1 1 480 503 504
908 2 2 1 1 480 504 481
909 2 2 1 1 481 504 505
910 2 2 1 1 481 505 482
911 2 2 1 1 482 505 506
912 2 2 1 1 482 506 483
913 2 2 1 1 483 506 507
914 2 2 1 1 483 507 484
915 2 2 1 1 484 507 508
916 2 2 1 1 484 508 485
917 2 2 1 1 485 508 509
918 2 2 1 1 485 509 486
919 2 2 1 1 486 509 510
920 2 2 1 1 486 510 487
921 2 2 1 1 487 510 511
922 2 2 1 1 487 511 488
923 2 2 1 1 488 511 512
924 2 2 1 1 488 512 489
925 2 2 1 1 489 512 513
926 2 2 1 1 489 513 490
927 2 2 1 1 490 513 514
928 2 2 1 1 490 514 491
929 2 2 1 1 491 514 515
930 2 2 1 1 491 515 492
931 2 2 1 1 492 515 516
932 2 2 1 1 492 516 493
933 2 2 1 1 493 516 517
934 2 2 1 1 493 517 494
935 2 2 1 1 494 517 518
936 2 2 1 1 494 518 495
937 2 2 1 1 1 519 520
938 2 2 1 1 1 520 2
939 2 2 1 1 2 520 521
940 2 2 1 1 2 521 29
941 2 2 1 1 29 521 522
942 2 2 1 1 29 522 43
943 2 2 1 1 43 522 523
944 2 2 1 1 43 523 57
945 2 2 1 1 57 523 524
946 2 2 1 1 57 524 71
947 2 2 1 1 71 524 525
948 2 2 1 1 71 525 85
949 2 2 1 1 85 525 526
950 2 2 1 1 85 526 99
951 2 2 1 1 99 526 527
952 2 2 1 1 99 527 113
953 2 2 1 1 113 527 528
954 2 2 1 1 113 528 127
955 2 2 1 1 127 528 529
956 2 2 1 1 127 529 141
957 2 2 1 1 141 529 530
958 2 2 1 1 141 530 155
959 2 2 1 1 155 530 531
960 2 2 1 1 155 531 169
961 2 2 1 1 169 531 532
962 2 2 1 1 169 532 183
963 2 2 1 1 519 533 534
964 2 2 1 1 519 534 520
965 2 2 1 1 520 534 535
966 2 2 1 1 520 535 521
967 2 2 1 1 521 535 536
968 2 2 1 1 521 536 522
969 2 2 1 1 522 536 537
970 2 2 1 1 522 537 523
971 2 2 1 1 523 537 538
972 2 2 1 1 523 538 524
973 2 2 1 1 524 538 539
974 2 2 1 1 524 539 525
975 2 2 1 1 525 539 540
976 2 2 1 1 525 540 526
977 2 2 1 1 526 540 541
978 2 2 1 1 526 541 527
979 2 2 1 1 527 541 542
980 2 2 1 1 527 542 528
981 2 2 1 1 528 542 543
982 2 2 1 1 528 543 529
983 2 2 1 1 529 543 544
984 2 2 1 1 529 544 530
985 2 2 1 1 530 544 545
986 2 2 1 1 530 545 531
987 2 2 1 1 531 545 546
988 2 2 1 1 531 546 532
989 2 2 1 1 533 547 548
990 2 2 1 1 533 548 534
991 2 2 1 1 534 548 549
992 2 2 1 1 534 549 535
993 2 2 1 1 535 549 550
994 2 2 1 1 535 550 536
995 2 2 1 1 536 550 551
996 2 2 1 1 536 551 537
997 2 2 1 1 537 551 552
998 2 2 1 1 537 552 538
999 2 2 1 1 538 552 553
1000 2 2 1 1 538 553 539
1001 2 2 1 1 539 553 554
1002 2 2 1 1 539 554 540
1003 2 2 1 1 540 554 555
1004 2 2 1 1 540 555 541
1005 2 2 1 1 541 555 556
1006 2 2 1 1 541 556 542
1007 2 2 1 1 542 556 557
1008 2 2 1 1 542 557 543
1009 2 2 1 1 543 557 558
1010 2 2 1 1 543 558 544
1011 2 2 1 1 544 558 559
1012 2 2 1 1 544 559 545
1013 2 2 1 1 545 559 560
1014 2 2 1 1 545 560 546
1015 2 2 1 1 547 561 562
1016 2 2 1 1 547 562 548
1017 2 2 1 1 548 562 563
1018 2 2 1 1 548 563 549
1019 2 2 1 1 549 563 564
1020 2 2 1 1 549 564 550
1021 2 2 1 1 550 564 565
1022 2 2 1 1 550 565 551
1023 2 2 1 1 551 565 566
1024 2 2 1 1 551 566 552
1025 2 2 1 1 552 566 567
1026 2 2 1 1 552 567 553
1027 2 2 1 1 553 567 568
1028 2 2 1 1 553 568 554
1029 2 2 1 1 554 568 569
1030 2 2 1 1 554 569 555
1031 2 2 1 1 555 569 570
1032 2 2 1 1 555 570 556
1033 2 2 1 1 556 570 571
1034 2 2 1 1 556 571 557
1035 2 2 1 1 557 571 572
1036 2 2 1 1 557 572 558
1037 2 2 1 1 558 572 573
1038 2 2 1 1 558 573 559
1039 2 2 1 1 559 573 574
1040 2 2 1 1 559 574 560
1041 2 2 1 1 561 575 576
1042 2 2 1 1 561 576 562
1043 2 2 1 1 562 576 577
1044 2 2 1 1 562 577 563
1045 2 2 1 1 563 577 578
1046 2 2 1 1 563 578 564
1047 2 2 1 1 564 578 579
1048 2 2 1 1 564 579 565
1049 2 2 1 1 565 579 580
1050 2 2 1 1 565 580 566
1051 2 2 1 1 566 580 581
1052 2 2 1 1 566 581 567
1053 2 2 1 1 567 581 582
1054 2 2 1 1 567 582 568
1055 2 2 1 1 568 582 583
1056 2 2 1 1 568 583 569
1057 2 2 1 1 569 583 584
1058 2 2 1 1 569 584 570
1059 2 2 1 1 570 584 585
1060 2 2 1 1 570 585 571
1061 2 2 1 1 571 585 586
1062 2 2 1 1 571 586 572
1063 2 2 1 1 572 586 587
1064 2 2 1 1 572 587 573
1065 2 2 1 1 573 587 588
1066 2 2 1 1 573 588 574
1067 2 2 1 1 575 589 590
1068 2 2 1 1 575 590 576
1069 2 2 1 1 576 590 591
1070 2 2 1 1 576 591 577
1071 2 2 1 1 577 591 592
1072 2 2 1 1 577 592 578
1073 2 2 1 1 578 592 593
1074 2 2 1 1 578 593 579
1075 2 2 1 1 579 593 594
1076 2 2 1 1 579 594 580
1077 2 2 1 1 580 594 595
1078 2 2 1 1 580 595 581
1079 2 2 1 1 581 595 596
1080 2 2 1 1 581 596 582
1081 2 2 1 1 582 596 597
1082 2 2 1 1 582 597 583
1083 2 2 1 1 583 597 598
1084 2 2 1 1 583 598 584
1085 2 2 1 1 584 598 599
1086 2 2 1 1 584 599 585
1087 2 2 1 1 585 599 600
1088 2 2 1 1 585 600 586
1089 2 2 1 1 586 600 601
1090 2 2 1 1 586 601 587
1091 2 2 1 1 587 601 602
1092 2 2 1 1 587 602 588
1093 2 2 1 1 589 603 604
1094 2 2 1 1 589 604 590
1095 2 2 1 1 590 604 605
1096 2 2 1 1 590 605 591
1097 2 2 1 1 591 605 606
1098 2 2 1 1 591 606 592
1099 2 2 1 1 592 606 607
1100 2 2 1 1 592 607 593
1101 2 2 1 1 593 607 608
1102 2 2 1 1 593 608 594
1103 2 2 1 1 594 608 609
1104 2 2 1 1 594 609 595
1105 2 2 1 1 595 609 610
1106 2 2 1 1 595 610 596
1107 2 2 1 1 596 610 611
1108 2 2 1 1 596 611 597
1109 2 2 1 1 597 611 612
1110 2 2 1 1 597 612 598
1111 2 2 1 1 598 612 613
1112 2 2 1 1 598 613 599
1113 2 2 1 1 599 613 614
1114 2 2 1 1 599 614 600
1115 2 2 1 1 600 614 615
1116 2 2 1 1 600 615 601
1117 2 2 1 1 601 615 616
1118 2 2 1 1 601 616 602
1119 2 2 1 1 603 617 618
1120 2 2 1 1 603 618 604
1121 2 2 1 1 604 618 619
1122 2 2 1 1 604 619 605
1123 2 2 1 1 605 619 620
1124 2 2 1 1 605 620 606
1125 2 2 1 1 606 620 621
1126 2 2 1 1 606 621 607
1127 2 2 1 1 607 621 622
1128 2 2 1 1 607 622 608
1129 2 2 1 1 608 622 623
1130 2 2 1 1 608 623 609
1131 2 2 1 1 609 623 624
1132 2 2 1 1 609 624 610
1133 2 2 1 1 610 624 625
1134 2 2 1 1 610 625 611
1135 2 2 1 1 611 625 626
1136 2 2 1 1 611 626 612
1137 2 2 1 1 612 626 627
1138 2 2 1 1 612 627 613
1139 2 2 1 1 613 627 628
1140 2 2 1 1 613 628 614
1141 2 2 1 1 614 628 629
1142 2 2 1 1 614 629 615
1143 2 2 1 1 615 629 630
1144 2 2 1 1 615 630 616
1145 2 2 1 1 617 631 632
1146 2 2 1 1 617 632 618
1147 2 2 1 1 618 632 633
1148 2 2 1 1 618 633 619
1149 2 2 1 1 619 633 634
1150 2 2 1 1 619 634 620
1151 2 2 1 1 620 634 635
1152 2 2 1 1 620 635 621
1153 2 2 1 1 621 635 636
1154 2 2 1 1 621 636 622
1155 2 2 1 1 622 636 637
1156 2 2 1 1 622 637 623
1157 2 2 1 1 623 637 638
1158 2 2 1 1 623 638 624
1159 2 2 1 1 624 638 639
1160 2 2 1 1 624 639 625
1161 2 2 1 1 625 639 640
1162 2 2 1 1 625 640 626
1163 2 2 1 1 626 640 641
1164 2 2 1 1 626 641 627
1165 2 2 1 1 627 641 642
1166 2 2 1 1 627 642 628
1167 2 2 1 1 628 642 643
1168 2 2 1 1 628 643 629
1169 2 2 1 1 629 643 644
1170 2 2 1 1 629 644 630
1171 2 2 1 1 631 645 646
1172 2 2 1 1 631 646 632
1173 2 2 1 1 632 646 647
1174 2 2 1 1 632 647 633
1175 2 2 1 1 633 647 648
1176 2 2 1 1 633 648 634
1177 2 2 1 1 634 648 649
1178 2 2 1 1 634 649 635
1179 2 2 1 1 635 649 650
1180 2 2 1 1 635 650 636
1181 2 2 1 1 636 650 651
1182 2 2 1 1 636 651 637
1183 2 2 1 1 637 651 652
1184 2 2 1 1 637 652 638
1185 2 2 1 1 638 652 653
1186 2 2 1 1 638 653 639
1187 2 2 1 1 639 653 654
1188 2 2 1 1 639 654 640
1189 2 2 1 1 640 654 655
1190 2 2 1 1 640 655 641
1191 2 2 1 1 641 655 656
1192 2 2 1 1 641 656 642
1193 2 2 1 1 642 656 657
1194 2 2 1 1 642 657 643
1195 2 2 1 1 643 657 658
1196 2 2 1 1 643 658 644
1197 2 2 1 1 645 659 660
1198 2 2 1 1 645 660 646
1199 2 2 1 1 646 660 661
1200 2 2 1 1 646 661 647
1201 2 2 1 1 647 661 662
1202 2 2 1 1 647 662 648
1203 2 2 1 1 648 662 663
1204 2 2 1 1 648 663 649
1205 2 2 1 1 649 663 664
1206 2 2 1 1 649 664 650
1207 2 2 1 1 650 664 665
1208 2 2 1 1 650 665 651
1209 2 2 1 1 651 665 666
1210 2 2 1 1 651 666 652
1211 2 2 1 1 652 666 667
1212 2 2 1 1 652 667 653
1213 2 2 1 1 653 667 668
1214 2 2 1 1 653 668 654
1215 2 2 1 1 654 668 669
1216 2 2 1 1 654 669 655
1217 2 2 1 1 655 669 670
1218 2 2 1 1 655 670 656
1219 2 2 1 1 656 670 671
1220 2 2 1 1 656 671 657
1221 2 2 1 1 657 671 672
1222 2 2 1 1 657 672 658
1223 2 2 1 1 659 673 674
1224 2 2 1 1 659 674 660
1225 2 2 1 1 660 674 675
1226 2 2 1 1 660 675 661
1227 2 2 1 1 661 675 676
1228 2 2 1 1 661 676 662
1229 2 2 1 1 662 676 677
1230 2 2 1 1 662 677 663
1231 2 2 1 1 663 677 678
1232 2 2 1 1 663 678 664
1233 2 2 1 1 664 678 679
1234 2 2 1 1 664 679 665
1235 2 2 1 1 665 679 680
1236 2 2 1 1 665 680 666
1237 2 2 1 1 666 680 681
1238 2 2 1 1 666 681 667
1239 2 2 1 1 667 681 682
1240 2 2 1 1 667 682 668
1241 2 2 1 1 668 682 683
1242 2 2 1 1 668 683 669
1243 2 2 1 1 669 683 684
1244 2 2 1 1 669 684 670
1245 2 2 1 1 670 684 685
1246 2 2 1 1 670 685 671
1247 2 2 1 1 671 685 686
1248 2 2 1 1 671 686 672
1249 2 2 1 1 673 687 688
1250 2 2 1 1 673 688 674
1251 2 2 1 1 674 688 689
1252 2 2 1 1 674 689 675
1253 2 2 1 1 675 689 690
1254 2 2 1 1 675 690 676
1255 2 2 1 1 676 690 691
1256 2 2 1 1 676 691 677
1257 2 2 1 1 677 691 692
1258 2 2 1 1 677 692 678
1259 2 2 1 1 678 692 693
1260 2 2 1 1 678 693 679
1261 2 2 1 1 679 693 694
1262 2 2 1 1 679 694 680
1263 2 2 1 1 680 694 695
1264 2 2 1 1 680 695 681
1265 2 2 1 1 681 695 696
1266 2 2 1 1 681 696 682
1267 2 2 1 1 682 696 697
1268 2 2 1 1 682 697 683
1269 2 2 1 1 683 697 698
1270 2 2 1 1 683 698 684
1271 2 2 1 1 684 698 699
1272 2 2 1 1 684 699 685
1273 2 2 1 1 685 699 700
1274 2 2 1 1 685 700 686
1275 2 2 1 1 687 701 702
1276 2 2 1 1 687 702 688
1277 2 2 1 1 688 702 703
1278 2 2 1 1 688 703 689
1279 2 2 1 1 689 703 704
1280 2 2 1 1 689 704 690
1281 2 2 1 1 690 704 705
1282 2 2 1 1 690 705 691
1283 2 2 1 1 691 705 706
1284 2 2 1 1 691 706 692
1285 2 2 1 1 692 706 707
1286 2 2 1 1 692 707 693
1287 2 2 1 1 693 707 708
1288 2 2 1 1 693 708 694
1289 2 2 1 1 694 708 709
1290 2 2 1 1 694 709 695
1291 2 2 1 1 695 709 710
1292 2 2 1 1 695 710 696
1293 2 2 1 1 696 710 711
1294 2 2 1 1 696 711 697
1295 2 2 1 1 697 711 712
1296 2 2 1 1 697 712 698
1297 2 2 1 1 698 712 713
1298 2 2 1 1 698 713 699
1299 2 2 1 1 699 713 714
1300 2 2 1 1 699 714 700
1301 2 2 1 1 701 715 716
1302 2 2 1 1 701 716 702
1303 2 2 1 1 702 716 717
1304 2 2 1 1 702 717 703
1305 2 2 1 1 703 717 718
1306 2 2 1 1 703 718 704
1307 2 2 1 1 704 718 719
1308 2 2 1 1 704 719 705
1309 2 2 1 1 705 719 720
1310 2 2 1 1 705 720 706
1311 2 2 1 1 706 720 721
1312 2 2 1 1 706 721 707
1313 2 2 1 1 707 721 722
1314 2 2 1 1 707 722 708
1315 2 2 1 1 708 722 723
1316 2 2 1 1 708 723 709
1317 2 2 1 1 709 723 724
1318 2 2 1 1 709 724 710
1319 2 2 1 1 710 724 725
1320 2 2 1 1 710 725 711
1321 2 2 1 1 711 725 726
1322 2 2 1 1 711 726 712
1323 2 2 1 1 712 726 727
1324 2 2 1 1 712 727 713
1325 2 2 1 1 713 727 728
1326 2 2 1 1 713 728 714
1327 2 2 1 1 715 729 730
1328 2 2 1 1 715 730 716
1329 2 2 1 1 716 730 731
1330 2 2 1 1 716 731 717
1331 2 2 1 1 717 731 732
1332 2 2 1 1 717 732 718
1333 2 2 1 1 718 732 733
1334 2 2 1 1 718 733 719
1335 2 2 1 1 719 733 734
1336 2 2 1 1 719 734 720
1337 2 2 1 1 720 734 735
1338 2 2 1 1 720 735 721
1339 2 2 1 1 721 735 736
1340 2 2 1 1 721 736 722
1341 2 2 1 1 722 736 737
1342 2 2 1 1 722 737 723
1343 2 2 1 1 723 737 738
1344 2 2 1 1 723 738 724
1345 2 2 1 1 724 738 739
1346 2 2 1 1 724 739 725
1347 2 2 1 1 725 739 740
1348 2 2 1 1 725 740 726
1349 2 2 1 1 726 740 741
1350 2 2 1 1 726 741 727
1351 2 2 1 1 727 741 742
1352 2 2 1 1 727 742 728
1353 2 2 1 1 729 743 744
1354 2 2 1 1 729 744 730
1355 2 2 1 1 730 744 745
1356 2 2 1 1 730 745 731
1357 2 2 1 1 731 745 746
1358 2 2 1 1 731 746 732
1359 2 2 1 1 732 746 747
1360 2 2 1 1 732 747 733
1361 2 2 1 1 733 747 748
1362 2 2 1 1 733 748 734
1363 2 2 1 1 734 748 749
1364 2 2 1 1 734 749 735
1365 2 2 1 1 735 749 750
1366 2 2 1 1 735 750 736
1367 2 2 1 1 736 750 751
1368 2 2 1 1 736 751 737
1369 2 2 1 1 737 751 752
1370 2 2 1 1 737 752 738
1371 2 2 1 1 738 752 753
1372 2 2 1 1 738 753 739
1373 2 2 1 1 739 753 754
1374 2 2 1 1 739 754 740
1375 2 2 1 1 740 754 755
1376 2 2 1 1 740 755 741
1377 2 2 1 1 741 755 756
1378 2 2 1 1 741 756 742
1379 2 2 1 1 743 757 758
1380 2 2 1 1 743 758 744
1381 2 2 1 1 744 758 759
1382 2 2 1 1 744 759 745
1383 2 2 1 1 745 759 760
1384 2 2 1 1 745 760 746
1385 2 2 1 1 746 760 761
1386 2 2 1 1 746 761 747
1387 2 2 1 1 747 761 762
1388 2 2 1 1 747 762 748
1389 2 2 1 1 748 762 763
1390 2 2 1 1 748 763 749
1391 2 2 1 1 749 763 764
1392 2 2 1 1 749 764 750
1393 2 2 1 1 750 764 765
1394 2 2 1 1 750 765 751
1395 2 2 1 1 751 765 766
1396 2 2 1 1 751 766 752
1397 2 2 1 1 752 766 767
1398 2 2 1 1 752 767 753
1399 2 2 1 1 753 767 768
1400 2 2 1 1 753 768 754
1401 2 2 1 1 754 768 769
1402 2 2 1 1 754 769 755
1403 2 2 1 1 755 769 770
1404 2 2 1 1 755 770 756
1405 2 2 1 1 757 771 772
1406 2 2 1 1 757 772 758
1407 2 2 1 1 758 772 773
1408 2 2 1 1 758 773 759
1409 2 2 1 1 759 773 774
1410 2 2 1 1 759 774 760
1411 2 2 1 1 760 774 775
1412 2 2 1 1 760 775 761
1413 2 2 1 1 761 775 776
1414 2 2 1 1 761 776 762
1415 2 2 1 1 762 776 777
1416 2 2 1 1 762 777 763
1417 2 2 1 1 763 777 778
1418 2 2 1 1 763 778 764
1419 2 2 1 1 764 778 779
1420 2 2 1 1 764 779 765
1421 2 2 1 1 765 779 780
1422 2 2 1 1 765 780 766
1423 2 2 1 1 766 780 781
1424 2 2 1 1 766 781 767
1425 2 2 1 1 767 781 782
1426 2 2 1 1 767 782 768
1427 2 2 1 1 768 782 783
1428 2 2 1 1 768 783 769
1429 2 2 1 1 769 783 784
1430 2 2 1 1 769 784 770
1431 2 2 1 1 771 785 786
1432 2 2 1 1 771 786 772
1433 2 2 1 1 772 786 787
1434 2 2 1 1 772 787 773
1435 2 2 1 1 773 787 788
1436 2 2 1 1 773 788 774
1437 2 2 1 1 774 788 789
1438 2 2 1 1 774 789 775
1439 2 2 1 1 775 789 790
1440 2 2 1 1 775 790 776
1441 2 2 1 1 776 790 791
1442 2 2 1 1 776 791 777
1443 2 2 1 1 777 791 792
1444 2 2 1 1 777 792 778
1445 2 2 1 1 778 792 793
1446 2 2 1 1 778 793 779
1447 2 2 1 1 779 793 794
1448 2 2 1 1 779 794 780
1449 2 2 1 1 780 794 795
1450 2 2 1 1 780 795 781
1451 2 2 1 1 781 795 796
1452 2 2 1 1 781 796 782
1453 2 2 1 1 782 796 797
1454 2 2 1 1 782 797 783
1455 2 2 1 1 783 797 798
1456 2 2 1 1 783 798 784
1457 2 2 1 1 785 799 800
1458 2 2 1 1 785 800 786
1459 2 2 1 1 786 800 801
1460 2 2 1 1 786 801 787
1461 2 2 1 1 787 801 802
1462 2 2 1 1 787 802 788
1463 2 2 1 1 788 802 803
1464 2 2 1 1 788 803 789
1465 2 2 1 1 789 803 804
1466 2 2 1 1 789 804 790
1467 2 2 1 1 790 804 805
1468 2 2 1 1 790 805 791
1469 2 2 1 1 791 805 806
1470 2 2 1 1 791 806 792
1471 2 2 1 1 792 806 807
1472 2 2 1 1 792 807 793
1473 2 2 1 1 793 807 808
1474 2 2 1 1 793 808 794
1475 2 2 1 1 794 808 809
1476 2 2 1 1 794 809 795
1477 2 2 1 1 795 809 810
1478 2 2 1 1 795 810 796
1479 2 2 1 1 796 810 811
1480 2 2 1 1 796 811 797
1481 2 2 1 1 797 811 812
1482 2 2 1 1 797 812 798
1483 2 2 1 1 799 813 814
1484 2 2 1 1 799 814 800
1485 2 2 1 1 800 814 815
1486 2 2 1 1 800 815 801
1487 2 2 1 1 801 815 816
1488 2 2 1 1 801 816 802
1489 2 2 1 1 802 816 817
1490 2 2 1 1 802 817 803
1491 2 2 1 1 803 817 818
1492 2 2 1 1 803 818 804
1493 2 2 1 1 804 818 819
1494 2 2 1 1 804 819 805
1495 2 2 1 1 805 819 820
1496 2 2 1 1 805 820 806
1497 2 2 1 1 806 820 821
1498 2 2 1 1 806 821 807
1499 2 2 1 1 807 821 822
1500 2 2 1 1 807 822 808
1501 2 2 1 1 808 822 823
1502 2 2 1 1 808 823 809
1503 2 2 1 1 809 823 824
1504 2 2 1 1 809 824 810
1505 2 2 1 1 810 824 825
1506 2 2 1 1 810 825 811
1507 2 2 1 1 811 825 826
1508 2 2 1 1 811 826 812
1509 2 2 1 1 813 827 828
1510 2 2 1 1 813 828 814
1511 2 2 1 1 814 828 829
1512 2 2 1 1 814 829 815
1513 2 2 1 1 815 829 830
1514 2 2 1 1 815 830 816
1515 2 2 1 1 816 830 831
1516 2 2 1 1 816 831 817
1517 2 2 1 1 817 831 832
1518 2 2 1 1 817 832 818
1519 2 2 1 1 818 832 833
1520 2 2 1 1 818 833 819
1521 2 2 1 1 819 833 834
1522 2 2 1 1 819 834 820
1523 2 2 1 1 820 834 835
1524 2 2 1 1 820 835 821
1525 2 2 1 1 821 835 836
1526 2 2 1 1 821 836 822
1527 2 2 1 1 822 836 837
1528 2 2 1 1 822 837 823
1529 2 2 1 1 823 837 838
1530 2 2 1 1 823 838 824
1531 2 2 1 1 824 838 839
1532 2 2 1 1 824 839 825
1533 2 2 1 1 825 839 840
1534 2 2 1 1 825 840 826
1535 2 2 1 1 183 532 841
1536 2 2 1 1 183 841 184
1537 2 2 1 1 184 841 842
1538 2 2 1 1 184 842 185
1539 2 2 1 1 185 842 843
1540 2 2 1 1 185 843 186
1541 2 2 1 1 186 843 844
1542 2 2 1 1 186 844 187
1543 2 2 1 1 187 844 845
1544 2 2 1 1 187 845 188
1545 2 2 1 1 188 845 846
1546 2 2 1 1 188 846 189
1547 2 2 1 1 189 846 847
1548 2 2 1 1 189 847 190
1549 2 2 1 1 190 847 848
1550 2 2 1 1 190 848 191
1551 2 2 1 1 191 848 849
1552 2 2 1 1 191 849 192
1553 2 2 1 1 192 849 850
1554 2 2 1 1 192 850 193
1555 2 2 1 1 193 850 851
1556 2 2 1 1 193 851 194
1557 2 2 1 1 194 851 852
1558 2 2 1 1 194 852 195
1559 2 2 1 1 195 852 496
1560 2 2 1 1 195 496 196
1561 2 2 1 1 532 546 853
1562 2 2 1 1 532 853 841
1563 2 2 1 1 841 853 854
1564 2 2 1 1 841 854 842
1565 2 2 1 1 842 854 855
1566 2 2 1 1 842 855 843
1567 2 2 1 1 843 855 856
1568 2 2 1 1 843 856 844
1569 2 2 1 1 844 856 857
1570 2 2 1 1 844 857 845
1571 2 2 1 1 845 857 858
1572 2 2 1 1 845 858 846
1573 2 2 1 1 846 858 859
1574 2 2 1 1 846 859 847
1575 2 2 1 1 847 859 860
1576 2 2 1 1 847 860 848
1577 2 2 1 1 848 860 861
1578 2 2 1 1 848 861 849
1579 2 2 1 1 849 861 862
1580 2 2 1 1 849 862 850
1581 2 2 1 1 850 862 863
1582 2 2 1 1 850 863 851
1583 2 2 1 1 851 863 864
1584 2 2 1 1 851 864 852
1585 2 2 1 1 852 864 497
1586 2 2 1 1 852 497 496
1587 2 2 1 1 546 560 865
1588 2 2 1 1 546 865 853
1589 2 2 1 1 853 865 866
1590 2 2 1 1 853 866 854
1591 2 2 1 1 854 866 867
1592 2 2 1 1 854 867 855
1593 2 2 1 1 855 867 868
1594 2 2 1 1 855 868 856
1595 2 2 1 1 856 868 869
1596 2 2 1 1 856 869 857
1597 2 2 1 1 857 869 870
1598 2 2 1 1 857 870 858
1599 2 2 1 1 858 870 871
1600 2 2 1 1 858 871 859
1601 2 2 1 1 859 871 872
1602 2 2 1 1 859 872 860
1603 2 2 1 1 860 872 873
1604 2 2 1 1 860 873 861
1605 2 2 1 1 861 873 874
1606 2 2 1 1 861 874 862
1607 2 2 1 1 862 874 875
1608 2 2 1 1 862 875 863
1609 2 2 1 1 863 875 876
1610 2 2 1 1 863 876 864
1611 2 2 1 1 864 876 498
1612 2 2 1 1 864 498 497
1613 2 2 1 1 560 574 877
1614 2 2 1 1 560 877 865
1615 2 2 1 1 865 877 878
1616 2 2 1 1 865 878 866
1617 2 2 1 1 866 878 879
1618 2 2 1 1 866 879 867
1619 2 2 1 1 867 879 880
1620 2 2 1 1 867 880 868
1621 2 2 1 1 868 880 881
1622 2 2 1 1 868 881 869
1623 2 2 1 1 869 881 882
1624 2 2 1 1 869 882 870
1625 2 2 1 1 870 882 883
1626 2 2 1 1 870 883 871
1627 2 2 1 1 871 883 884
1628 2 2 1 1 871 884 872
1629 2 2 1 1 872 884 885
1630 2 2 1 1 872 885 873
1631 2 2 1 1 873 885 886
1632 2 2 1 1 873 886 874
1633 2 2 1 1 874 886 887
1634 2 2 1 1 874 887 875
1635 2 2 1 1 875 887 888
1636 2 2 1 1 875 888 876
1637 2 2 1 1 876 888 499
1638 2 2 1 1 876 499 498
1639 2 2 1 1 574 588 889
1640 2 2 1 1 574 889 877
1641 2 2 1 1 877 889 890
1642 2 2 1 1 877 890 878
1643 2 2 1 1 878 890 891
1644 2 2 1 1 878 891 879
1645 2 2 1 1 879 891 892
1646 2 2 1 1 879 892 880
1647 2 2 1 1 880 892 893
1648 2 2 1 1 880 893 881
1649 2 2 1 1 881 893 894
1650 2 2 1 1 881 894 882
1651 2 2 1 1 882 894 895
1652 2 2 1 1 882 895 883
1653 2 2 1 1 883 895 896
1654 2 2 1 1 883 896 884
1655 2 2 1 1 884 896 897
1656 2 2 1 1 884 897 885
1657 2 2 1 1 885 897 898
1658 2 2 1 1 885 898 886
1659 2 2 1 1 886 898 899
1660 2 2 1 1 886 899 887
1661 2 2 1 1 887 899 900
1662 2 2 1 1 887 900 888
1663 2 2 1 1 888 900 500
1664 2 2 1 1 888 500 499
1665 2 2 1 1 588 602 901
1666 2 2 1 1 588 901 889
1667 2 2 1 1 889 901 902
1668 2 2 1 1 889 902 890
1669 2 2 1 1 890 902 903
1670 2 2 1 1 890 903 891
1671 2 2 1 1 891 903 904
1672 2 2 1 1 891 904 892
1673 2 2 1 1 892 904 905
1674 2 2 1 1 892 905 893
1675 2 2 1 1 893 905 906
1676 2 2 1 1 893 906 894
1677 2 2 1 1 894 906 907
1678 2 2 1 1 894 907 895
1679 2 2 1 1 895 907 908
1680 2 2 1 1 895 908 896
1681 2 2 1 1 896 908 909
1682 2 2 1 1 896 909 897
1683 2 2 1 1 897 909 910
1684 2 2 1 1 897 910 898
1685 2 2 1 1 898 910 911
1686 2 2 1 1 898 911 899
1687 2 2 1 1 899 911 912
1688 2 2 1 1 899 912 900
1689 2 2 1 1 900 912 501
1690 2 2 1 1 900 501 500
1691 2 2 1 1 602 616 913
1692 2 2 1 1 602 913 901
1693 2 2 1 1 901 913 914
1694 2 2 1 1 901 914 902
1695 2 2 1 1 902 914 915
1696 2 2 1 1 902 915 903
1697 2 2 1 1 903 915 916
1698 2 2 1 1 903 916 904
1699 2 2 1 1 904 916 917
1700 2 2 1 1 904 917 905
1701 2 2 1 1 905 917 918
1702 2 2 1 1 905 918 906
1703 2 2 1 1 906 918 919
1704 2 2 1 1 906 919 907
1705 2 2 1 1 907 919 920
1706 2 2 1 1 907 920 908
1707 2 2 1 1 908 920 921
1708 2 2 1 1 908 921 909
1709 2 2 1 1 909 921 922
1710 2 2 1 1 909 922 910
1711 2 2 1 1 910 922 923
1712 2 2 1 1 910 923 911
1713 2 2 1 1 911 923 924
1714 2 2 1 1 911 924 912
1715 2 2 1 1 912 924 502
1716 2 2 1 1 912 502 501
1717 2 2 1 1 616 630 925
1718 2 2 1 1 616 925 913
1719 2 2 1 1 913 925 926
1720 2 2 1 1 913 926 914
1721 2 2 1 1 914 926 927
1722 2 2 1 1 914 927 915
1723 2 2 1 1 915 927 928
1724 2 2 1 1 915 928 916
1725 2 2 1 1 916 928 929
1726 2 2 1 1 916 929 917
1727 2 2 1 1 917 929 930
1728 2 2 1 1 917 930 918
1729 2 2 1 1 918 930 931
1730 2 2 1 1 918 931 919
1731 2 2 1 1 919 931 932
1732 2 2 1 1 919 932 920
1733 2 2 1 1 920 932 933
1734 2 2 1 1 920 933 921
1735 2 2 1 1 921 933 934
1736 2 2 1 1 921 934 922
1737 2 2 1 1 922 934 935
1738 2 2 1 1 922 935 923
1739 2 2 1 1 923 935 936
1740 2 2 1 1 923 936 924
1741 2 2 1 1 924 936 503
1742 2 2 1 1 924 503 502
1743 2 2 1 1 630 644 937
1744 2 2 1 1 630 937 925
1745 2 2 1 1 925 937 938
1746 2 2 1 1 925 938 926
1747 2 2 1 1 926 938 939
1748 2 2 1 1 926 939 927
1749 2 2 1 1 927 939 940
1750 2 2 1 1 927 940 928
1751 2 2 1 1 928 940 941
1752 2 2 1 1 928 941 929
1753 2 2 1 1 929 941 942
1754 2 2 1 1 929 942 930
1755 2 2 1 1 930 942 943
1756 2 2 1 1 930 943 931
1757 2 2 1 1 931 943 944
1758 2 2 1 1 931 944 932
1759 2 2 1 1 932 944 945
1760 2 2 1 1 932 945 933
1761 2 2 1 1 933 945 946
1762 2 2 1 1 933 946 934
1763 2 2 1 1 934 946 947
1764 2 2 1 1 934 947 935
1765 2 2 1 1 935 947 948
1766 2 2 1 1 935 948 936
1767 2 2 1 1 936 948 504
1768 2 2 1 1 936 504 503
1769 2 2 1 1 644 658 949
1770 2 2 1 1 644 949 937
1771 2 2 1 1 937 949 950
1772 2 2 1 1 937 950 938
1773 2 2 1 1 938 950 951
1774 2 2 1 1 938 951 939
1775 2 2 1 1 939 951 952
1776 2 2 1 1 939 952 940
1777 2 2 1 1 940 952 953
1778 2 2 1 1 940 953 941
1779 2 2 1 1 941 953 954
1780 2 2 1 1 941 954 942
1781 2 2 1 1 942 954 955
1782 2 2 1 1 942 955 943
1783 2 2 1 1 943 955 956
1784 2 2 1 1 943 956 944
1785 2 2 1 1 944 956 957
1786 2 2 1 1 944 957 945
1787 2 2 1 1 945 957 958
1788 2 2 1 1 945 958 946
1789 2 2 1 1 946 958 959
1790 2 2 1 1 946 959 947
1791 2 2 1 1 947 959 960
1792 2 2 1 1 947 960 948
1793 2 2 1 1 948 960 505
1794 2 2 1 1 948 505 504
1795 2 2 1 1 658 672 961
1796 2 2 1 1 658 961 949
1797 2 2 1 1 949 961 962
1798 2 2 1 1 949 962 950
1799 2 2 1 1 950 962 963
1800 2 2 1 1 950 963 951
1801 2 2 1 1 951 963 964
1802 2 2 1 1 951 964 952
1803 2 2 1 1 952 964 965
1804 2 2 1 1 952 965 953
1805 2 2 1 1 953 965 966
1806 2 2 1 1 953 966 954
1807 2 2 1 1 954 966 967
1808 2 2 1 1 954 967 955
1809 2 2 1 1 955 967 968
1810 2 2 1 1 955 968 956
1811 2 2 1 1 956 968 969
1812 2 2 1 1 956 969 957
1813 2 2 1 1 957 969 970
1814 2 2 1 1 957 970 958
1815 2 2 1 1 958 970 971
1816 2 2 1 1 958 971 959
1817 2 2 1 1 959 971 972
1818 2 2 1 1 959 972 960
1819 2 2 1 1 960 972 506
1820 2 2 1 1 960 506 505
1821 2 2 1 1 672 686 973
1822 2 2 1 1 672 973 961
1823 2 2 1 1 961 973 974
1824 2 2 1 1 961 974 962
1825 2 2 1 1 962 974 975
1826 2 2 1 1 962 975 963
1827 2 2 1 1 963 975 976
1828 2 2 1 1 963 976 964
1829 2 2 1 1 964 976 977
1830 2 2 1 1 964 977 965
1831 2 2 1 1 965 977 978
1832 2 2 1 1 965 978 966
1833 2 2 1 1 966 978 979
1834 2 2 1 1 966 979 967
1835 2 2 1 1 967 979 980
1836 2 2 1 1 967 980 968
1837 2 2 1 1 968 980 981
1838 2 2 1 1 968 981 969
1839 2 2 1 1 969 981 982
1840 2 2 1 1 969 982 970
1841 2 2 1 1 970 982 983
1842 2 2 1 1 970 983 971
1843 2 2 1 1 971 983 984
1844 2 2 1 1 971 984 972
1845 2 2 1 1 972 984 507
1846 2 2 1 1 972 507 506
1847 2 2 1 1 686 700 985
1848 2 2 1 1 686 985 973
1849 2 2 1 1 973 985 986
1850 2 2 1 1 973 986 974
1851 2 2 1 1 974 986 987
1852 2 2 1 1 974 987 975
1853 2 2 1 1 975 987 988
1854 2 2 1 1 975 988 976
1855 2 2 1 1 976 988 989
1856 2 2 1 1 976 989 977
1857 2 2 1 1 977 989 990
1858 2 2 1 1 977 990 978
1859 2 2 1 1 978 990 991
1860 2 2 1 1 978 991 979
1861 2 2 1 1 979 991 992
1862 2 2 1 1 979 992 980
1863 2 2 1 1 980 992 993
1864 2 2 1 1 980 993 981
1865 2 2 1 1 981 993 994
1866 2 2 1 1 981 994 982
1867 2 2 1 1 982 994 995
1868 2 2 1 1 982 995 983
1869 2 2 1 1 983 995 996
1870 2 2 1 1 983 996 984
1871 2 2 1 1 984 996 508
1872 2 2 1 1 984 508 507
1873 2 2 1 1 700 714 997
1874 2 2 1 1 700 997 985
1875 2 2 1 1 985 997 998
1876 2 2 1 1 985 998 986
1877 2 2 1 1 986 998 999
1878 2 2 1 1 986 999 987
1879 2 2 1 1 987 999 1000
1880 2 2 1 1 987 1000 988
1881 2 2 1 1 988 1000 1001
1882 2 2 1 1 988 1001 989
1883 2 2 1 1 989 1001 1002
1884 2 2 1 1 989 1002 990
1885 2 2 1 1 990 1002 1003
1886 2 2 1 1 990 1003 991
1887 2 2 1 1 991 1003 1004
1888 2 2 1 1 991 1004 992
1889 2 2 1 1 992 1004 1005
1890 2 2 1 1 992 1005 993
1891 2 2 1 1 993 1005 1006
1892 2 2 1 1 993 1006 994
1893 2 2 1 1 994 1006 1007
1894 2 2 1 1 994 1007 995
1895 2 2 1 1 995 1007 1008
1896 2 2 1 1 995 1008 996
1897 2 2 1 1 996 1008 509
1898 2 2 1 1 996 509 508
1899 2 2 1 1 714 728 1009
1900 2 2 1 1 714 1009 997
1901 2 2 1 1 997 1009 1010
1902 2 2 1 1 997 1010 998
1903 2 2 1 1 998 1010 1011
1904 2 2 1 1 998 1011 999
1905 2 2 1 1 999 1011 1012
1906 2 2 1 1 999 1012 1000
1907 2 2 1 1 1000 1012 1013
1908 2 2 1 1 1000 1013 1001
1909 2 2 1 1 1001 1013 1014
1910 2 2 1 1 1001 1014 1002
1911 2 2 1 1 1002 1014 1015
1912 2 2 1 1 1002 1015 1003
1913 2 2 1 1 1003 1015 1016
1914 2 2 1 1 1003 1016 1004
1915 2 2 1 1 1004 1016 1017
1916 2 2 1 1 1004 1017 1005
1917 2 2 1 1 1005 1017 1018
1918 2 2 1 1 1005 1018 1006
1919 2 2 1 1 1006 1018 1019
1920 2 2 1 1 1006 1019 1007
1921 2 2 1 1 1007 1019 1020
1922 2 2 1 1 1007 1020 1008
1923 2 2 1 1 1008 1020 510
1924 2 2 1 1 1008 510 509
1925 2 2 1 1 728 742 1021
1926 2 2 1 1 728 1021 1009
1927 2 2 1 1 1009 1021 1022
1928 2 2 1 1 1009 1022 1010
1929 2 2 1 1 1010 1022 1023
1930 2 2 1 1 1010 1023 1011
1931 2 2 1 1 1011 1023 1024
1932 2 2 1 1 1011 1024 1012
1933 2 2 1 1 1012 1024 1025
1934 2 2 1 1 1012 1025 1013
1935 2 2 1 1 1013 1025 1026
1936 2 2 1 1 1013 1026 1014
1937 2 2 1 1 1014 1026 1027
1938 2 2 1 1 1014 1027 1015
1939 2 2 1 1 1015 1027 1028
1940 2 2 1 1 1015 1028 1016
1941 2 2 1 1 1016 1028 1029
1942 2 2 1 1 1016 1029 1017
1943 2 2 1 1 1017 1029 1030
1944 2 2 1 1 1017 1030 1018
1945 2 2 1 1 1018 1030 1031
1946 2 2 1 1 1018 1031 1019
1947 2 2 1 1 1019 1031 1032
1948 2 2 1 1 1019 1032 1020
1949 2 2 1 1 1020 1032 511
1950 2 2 1 1 1020 511 510
1951 2 2 1 1 742 756 1033
1952 2 2 1 1 742 1033 1021
1953 2 2 1 1 1021 1033 1034
1954 2 2 1 1 1021 1034 1022
1955 2 2 1 1 1022 1034 1035
1956 2 2 1 1 1022 1035 1023
1957 2 2 1 1 1023 1035 1036
1958 2 2 1 1 1023 1036 1024
1959 2 2 1 1 1024 1036 1037
1960 2 2 1 1 1024 1037 1025
1961 2 2 1 1 1025 1037 1038
1962 2 2 1 1 1025 1038 1026
1963 2 2 1 1 1026 1038 1039
1964 2 2 1 1 1026 1039 1027
1965 2 2 1 1 1027 1039 1040
1966 2 2 1 1 1027 1040 1028
1967 2 2 1 1 1028 1040 1041
1968 2 2 1 1 1028 1041 1029
1969 2 2 1 1 1029 1041 1042
1970 2 2 1 1 1029 1042 1030
1971 2 2 1 1 1030 1042 1043
1972 2 2 1 1 1030 1043 1031
1973 2 2 1 1 1031 1043 1044
1974 2 2 1 1 1031 1044 1032
1975 2 2 1 1 1032 1044 512
1976 2 2 1 1 1032 512 511
1977 2 2 1 1 756 770 1045
1978 2 2 1 1 756 1045 1033
1979 2 2 1 1 1033 1045 1046
1980 2 2 1 1 1033 1046 1034
1981 2 2 1 1 1034 1046 1047
1982 2 2 1 1 1034 1047 1035
1983 2 2 1 1 1035 1047 1048
1984 2 2 1 1 1035 1048 1036
1985 2 2 1 1 1036 1048 1049
1986 2 2 1 1 1036 1049 1037
1987 2 2 1 1 1037 1049 1050
1988 2 2 1 1 1037 1050 1038
1989 2 2 1 1 1038 1050 1051
1990 2 2 1 1 1038 1051 1039
1991 2 2 1 1 1039 1051 1052
1992 2 2 1 1 1039 1052 1040
1993 2 2 1 1 1040 1052 1053
1994 2 2 1 1 1040 1053 1041
1995 2 2 1 1 1041 1053 1054
1996 2 2 1 1 1041 1054 1042
1997 2 2 1 1 1042 1054 1055
1998 2 2 1 1 1042 1055 1043
1999 2 2 1 1 1043 1055 1056
2000 2 2 1 1 1043 1056 1044
2001 2 2 1 1 1044 1056 513
2002 2 2 1 1 1044 513 512
2003 2 2 1 1 770 784 1057
2004 2 2 1 1 770 1057 1045
2005 2 2 1 1 1045 1057 1058
2006 2 2 1 1 1045 1058 1046
2007 2 2 1 1 1046 1058 1059
2008 2 2 1 1 1046 1059 1047
2009 2 2 1 1 1047 1059 1060
2010 2 2 1 1 1047 1060 1048
2011 2 2 1 1 1048 1060 1061
2012 2 2 1 1 1048 1061 1049
2013 2 2 1 1 1049 1061 1062
2014 2 2 1 1 1049 1062 1050
2015 2 2 1 1 1050 1062 1063
2016 2 2 1 1 1050 1063 1051
2017 2 2 1 1 1051 1063 1064
2018 2 2 1 1 1051 1064 1052
2019 2 2 1 1 1052 1064 1065
2020 2 2 1 1 1052 1065 1053
2021 2 2 1 1 1053 1065 1066
2022 2 2 1 1 1053 1066 1054
2023 2 2 1 1 1054 1066 1067
2024 2 2 1 1 1054 1067 1055
2025 2 2 1 1 1055 1067 1068
2026 2 2 1 1 1055 1068 1056
2027 2 2 1 1 1056 1068 514
2028 2 2 1 1 1056 514 513
2029 2 2 1 1 784 798 1069
2030 2 2 1 1 784 1069 1057
2031 2 2 1 1 1057 1069 1070
2032 2 2 1 1 1057 1070 1058
2033 2 2 1 1 1058 1070 1071
2034 2 2 1 1 1058 1071 1059
2035 2 2 1 1 1059 1071 1072
2036 2 2 1 1 1059 1072 1060
2037 2 2 1 1 1060 1072 1073
2038 2 2 1 1 1060 1073 1061
2039 2 2 1 1 1061 1073 1074
2040 2 2 1 1 1061 1074 1062
2041 2 2 1 1 1062 1074 1075
2042 2 2 1 1 1062 1075 1063
2043 2 2 1 1 1063 1075 1076
2044 2 2 1 1 1063 1076 1064
2045 2 2 1 1 1064 1076 1077
2046 2 2 1 1 1064 1077 1065
2047 2 2 1 1 1065 1077 1078
2048 2 2 1 1 1065 1078 1066
2049 2 2 1 1 1066 1078 1079
2050 2 2 1 1 1066 1079 1067
2051 2 2 1 1 1067 1079 1080
2052 2 2 1 1 1067 1080 1068
2053 2 2 1 1 1068 1080 515
2054 2 2 1 1 1068 515 514
2055 2 2 1 1 798 812 1081
2056 2 2 1 1 798 1081 1069
2057 2 2 1 1 1069 1081 1082
2058 2 2 1 1 1069 1082 1070
2059 2 2 1 1 1070 1082 1083
2060 2 2 1 1 1070 1083 1071
2061 2 2 1 1 1071 1083 1084
2062 2 2 1 1 1071 1084 1072
2063 2 2 1 1 1072 1084 1085
2064 2 2 1 1 1072 1085 1073
2065 2 2 1 1 1073 1085 1086
2066 2 2 1 1 1073 1086 1074
2067 2 2 1 1 1074 1086 1087
2068 2 2 1 1 1074 1087 1075
2069 2 2 1 1 1075 1087 1088
2070 2 2 1 1 1075 1088 1076
2071 2 2 1 1 1076 1088 1089
2072 2 2 1 1 1076 1089 1077
2073 2 2 1 1 1077 1089 1090
2074 2 2 1 1 1077 1090 1078
2075 2 2 1 1 1078 1090 1091
2076 2 2 1 1 1078 1091 1079
2077 2 2 1 1 1079 1091 1092
2078 2 2 1 1 1079 1092 1080
2079 2 2 1 1 1080 1092 516
2080 2 2 1 1 1080 516 515
2081 2 2 1 1 812 826 1093
2082 2 2 1 1 812 1093 1081
2083 2 2 1 1 1081 1093 1094
2084 2 2 1 1 1081 1094 1082
2085 2 2 1 1 1082 1094 1095
2086 2 2 1 1 1082 1095 1083
2087 2 2 1 1 1083 1095 1096
2088 2 2 1 1 1083 1096 1084
2089 2 2 1 1 1084 1096 1097
2090 2 2 1 1 1084 1097 1085
2091 2 2 1 1 1085 1097 1098
2092 2 2 1 1 1085 1098 1086
2093 2 2 1 1 1086 1098 1099
2094 2 2 1 1 1086 1099 1087
2095 2 2 1 1 1087 1099 1100
2096 2 2 1 1 1087 1100 1088
2097 2 2 1 1 1088 1100 1101
2098 2 2 1 1 1088 1101 1089
2099 2 2 1 1 1089 1101 1102
2100 2 2 1 1 1089 1102 1090
2101 2 2 1 1 1090 1102 1103
2102 2 2 1 1 1090 1103 1091
2103 2 2 1 1 1091 1103 1104
2104 2 2 1 1 1091 1104 1092
2105 2 2 1 1 1092 1104 517
2106 2 2 1 1 1092 517 516
2107 2 2 1 1 826 840 1105
2108 2 2 1 1 826 1105 1093
2109 2 2 1 1 1093 1105 1106
2110 2 2 1 1 1093 1106 1094
2111 2 2 1 1 1094 1106 1107
2112 2 2 1 1 1094 1107 1095
2113 2 2 1 1 1095 1107 1108
2114 2 2 1 1 1095 1108 1096
2115 2 2 1 1 1096 1108 1109
2116 2 2 1 1 1096 1109 1097
2117 2 2 1 1 1097 1109 1110
2118 2 2 1 1 1097 1110 1098
2119 2 2 1 1 1098 1110 1111
2120 2 2 1 1 1098 1111 1099
2121 2 2 1 1 1099 1111 1112
2122 2 2 1 1 1099 1112 1100
2123 2 2 1 1 1100 1112 1113
2124 2 2 1 1 1100 1113 1101
2125 2 2 1 1 1101 1113 1114
2126 2 2 1 1 1101 1114 1102
2127 2 2 1 1 1102 1114 1115
2128 2 2 1 1 1102 1115 1103
2129 2 2 1 1 1103 1115 1116
2130 2 2 1 1 1103 1116 1104
2131 2 2 1 1 1104 1116 518
2132 2 2 1 1 1104 518 517
2133 2 2 1 1 1 4 1117
2134 2 2 1 1 1 1117 519
2135 2 2 1 1 519 1117 1118
2136 2 2 1 1 519 1118 533
2137 2 2 1 1 533 1118 1119
2138 2 2 1 1 533 1119 547
2139 2 2 1 1 547 1119 1120
2140 2 2 1 1 547 1120 561
2141 2 2 1 1 561 1120 1121
2142 2 2 1 1 561 1121 575
2143 2 2 1 1 575 1121 1122
2144 2 2 1 1 575 1122 589
2145 2 2 1 1 589 1122 1123
2146 2 2 1 1 589 1123 603
2147 2 2 1 1 603 1123 1124
2148 2 2 1 1 603 1124 617
2149 2 2 1 1 617 1124 1125
2150 2 2 1 1 617 1125 631
2151 2 2 1 1 631 1125 1126
2152 2 2 1 1 631 1126 645
2153 2 2 1 1 645 1126 1127
2154 2 2 1 1 645 1127 659
2155 2 2 1 1 659 1127 1128
2156 2 2 1 1 659 1128 673
2157 2 2 1 1 673 1128 1129
2158 2 2 1 1 673 1129 687
2159 2 2 1 1 687 1129 1130
2160 2 2 1 1 687 1130 701
2161 2 2 1 1 701 1130 1131
2162 2 2 1 1 701 1131 715
2163 2 2 1 1 715 1131 1132
2164 2 2 1 1 715 1132 729
2165 2 2 1 1 729 1132 1133
2166 2 2 1 1 729 1133 743
2167 2 2 1 1 743 1133 1134
2168 2 2 1 1 743 1134 757
2169 2 2 1 1 757 1134 1135
2170 2 2 1 1 757 1135 771
2171 2 2 1 1 771 1135 1136
2172 2 2 1 1 771 1136 785
2173 2 2 1 1 785 1136 1137
2174 2 2 1 1 785 1137 799
2175 2 2 1 1 799 1137 1138
2176 2 2 1 1 799 1138 813
2177 2 2 1 1 813 1138 1139
2178 2 2 1 1 813 1139 827
2179 2 2 1 1 4 6 1140
2180 2 2 1 1 4 1140 1117
2181 2 2 1 1 1117 1140 1141
2182 2 2 1 1 1117 1141 1118
2183 2 2 1 1 1118 1141 1142
2184 2 2 1 1 1118 1142 1119
2185 2 2 1 1 1119 1142 1143
2186 2 2 1 1 1119 1143 1120
2187 2 2 1 1 1120 1143 1144
2188 2 2 1 1 1120 1144 1121
2189 2 2 1 1 1121 1144 1145
2190 2 2 1 1 1121 1145 1122
2191 2 2 1 1 1122 1145 1146
2192 2 2 1 1 1122 1146 1123
2193 2 2 1 1 1123 1146 1147
2194 2 2 1 1 1123 1147 1124
2195 2 2 1 1 1124 1147 1148
2196 2 2 1 1 1124 1148 1125
2197 2 2 1 1 1125 1148 1149
2198 2 2 1 1 1125 1149 1126
2199 2 2 1 1 1126 1149 1150
2200 2 2 1 1 1126 1150 1127
2201 2 2 1 1 1127 1150 1151
2202 2 2 1 1 1127 1151 1128
2203 2 2 1 1 1128 1151 1152
2204 2 2 1 1 1128 1152 1129
2205 2 2 1 1 1129 1152 1153
2206 2 2 1 1 1129 1153 1130
2207 2 2 1 1 1130 1153 1154
2208 2 2 1 1 1130 1154 1131
2209 2 2 1 1 1131 1154 1155
2210 2 2 1 1 1131 1155 1132
2211 2 2 1 1 1132 1155 1156
2212 2 2 1 1 1132 1156 1133
2213 2 2 1 1 1133 1156 1157
2214 2 2 1 1 1133 1157 1134
2215 2 2 1 1 1134 1157 1158
2216 2 2 1 1 1134 1158 1135
2217 2 2 1 1 1135 1158 1159
2218 2 2 1 1 1135 1159 1136
2219 2 2 1 1 1136 1159 1160
2220 2 2 1 1 1136 1160 1137
2221 2 2 1 1 1137 1160 1161
2222 2 2 1 1 1137 1161 1138
2223 2 2 1 1 1138 1161 1162
2224 2 2 1 1 1138 1162 1139
2225 2 2 1 1 6 8 1163
2226 2 2 1 1 6 1163 1140
2227 2 2 1 1 1140 1163 1164
2228 2 2 1 1 1140 1164 1141
2229 2 2 1 1 1141 1164 1165
2230 2 2 1 1 1141 1165 1142
2231 2 2 1 1 1142 1165 1166
2232 2 2 1 1 1142 1166 1143
2233 2 2 1 1 1143 1166 1167
2234 2 2 1 1 1143 1167 1144
2235 2 2 1 1 1144 1167 1168
2236 2 2 1 1 1144 1168 1145
2237 2 2 1 1 1145 1168 1169
2238 2 2 1 1 1145 1169 1146
2239 2 2 1 1 1146 1169 1170
2240 2 2 1 1 1146 1170 1147
2241 2 2 1 1 1147 1170 1171
2242 2 2 1 1 1147 1171 1148
2243 2 2 1 1 1148 1171 1172
2244 2 2 1 1 1148 1172 1149
2245 2 2 1 1 1149 1172 1173
2246 2 2 1 1 1149 1173 1150
2247 2 2 1 1 1150 1173 1174
2248 2 2 1 1 1150 1174 1151
2249 2 2 1 1 1151 1174 1175
2250 2 2 1 1 1151 1175 1152
2251 2 2 1 1 1152 1175 1176
2252 2 2 1 1 1152 1176 1153
2253 2 2 1 1 1153 1176 1177
2254 2 2 1 1 1153 1177 1154
2255 2 2 1 1 1154 1177 1178
2256 2 2 1 1 1154 1178 1155
2257 2 2 1 1 1155 1178 1179
2258 2 2 1 1 1155 1179 1156
2259 2 2 1 1 1156 1179 1180
2260 2 2 1 1 1156 1180 1157
2261 2 2 1 1 1157 1180 1181
2262 2 2 1 1 1157 1181 1158
2263 2 2 1 1 1158 1181 1182
2264 2 2 1 1 1158 1182 1159
2265 2 2 1 1 1159 1182 1183
2266 2 2 1 1 1159 1183 1160
2267 2 2 1 1 1160 1183 1184
2268 2 2 1 1 1160 1184 1161
2269 2 2 1 1 1161 1184 1185
2270 2 2 1 1 1161 1185 1162
2271 2 2 1 1 8 10 1186
2272 2 2 1 1 8 1186 1163
2273 2 2 1 1 1163 1186 1187
2274 2 2 1 1 1163 1187 1164
2275 2 2 1 1 1164 1187 1188
2276 2 2 1 1 1164 1188 1165
2277 2 2 1 1 1165 1188 1189
2278 2 2 1 1 1165 1189 1166
2279 2 2 1 1 1166 1189 1190
2280 2 2 1 1 1166 1190 1167
2281 2 2 1 1 1167 1190 1191
2282 2 2 1 1 1167 1191 1168
2283 2 2 1 1 1168 1191 1192
2284 2 2 1 1 1168 1192 1169
2285 2 2 1 1 1169 1192 1193
2286 2 2 1 1 1169 1193 1170
2287 2 2 1 1 1170 1193 1194
2288 2 2 1 1 1170 1194 1171
2289 2 2 1 1 1171 1194 1195
2290 2 2 1 1 1171 1195 1172
2291 2 2 1 1 1172 1195 1196
2292 2 2 1 1 1172 1196 1173
2293 2 2 1 1 1173 1196 1197
2294 2 2 1 1 1173 1197 1174
2295 2 2 1 1 1174 1197 1198
2296 2 2 1 1 1174 1198 1175
2297 2 2 1 1 1175 1198 1199
2298 2 2 1 1 1175 1199 1176
2299 2 2 1 1 1176 1199 1200
2300 2 2 1 1 1176 1200 1177
2301 2 2 1 1 1177 1200 1201
2302 2 2 1 1 1177 1201 1178
2303 2 2 1 1 1178 1201 1202
2304 2 2 1 1 1178 1202 1179
2305 2 2 1 1 1179 1202 1203
2306 2 2 1 1 1179 1203 1180
2307 2 2 1 1 1180 1203 1204
2308 2 2 1 1 1180 1204 1181
2309 2 2 1 1 1181 1204 1205
2310 2 2 1 1 1181 1205 1182
2311 2 2 1 1 1182 1205 1206
2312 2 2 1 1 1182 1206 1183
2313 2 2 1 1 1183 1206 1207
2314 2 2 1 1 1183 1207 1184
2315 2 2 1 1 1184 1207 1208
2316 2 2 1 1 1184 1208 1185
2317 2 2 1 1 10 12 1209
2318 2 2 1 1 10 1209 1186
2319 2 2 1 1 1186 1209 1210
2320 2 2 1 1 1186 1210 1187
2321 2 2 1 1 1187 1210 1211
2322 2 2 1 1 1187 1211 1188
2323 2 2 1 1 1188 1211 1212
2324 2 2 1 1 1188 1212 1189
2325 2 2 1 1 1189 1212 1213
2326 2 2 1 1 1189 1213 1190
2327 2 2 1 1 1190 1213 1214
2328 2 2 1 1 1190 1214 1191
2329 2 2 1 1 1191 1214 1215
2330 2 2 1 1 1191 1215 1192
2331 2 2 1 1 1192 1215 1216
2332 2 2 1 1 1192 1216 1193
2333 2 2 1 1 1193 1216 1217
2334 2 2 1 1 1193 1217 1194
2335 2 2 1 1 1194 1217 1218
2336 2 2 1 1 1194 1218 1195
2337 2 2 1 1 1195 1218 1219
2338 2 2 1 1 1195 1219 1196
2339 2 2 1 1 1196 1219 1220
2340 2 2 1 1 1196 1220 1197
2341 2 2 1 1 1197 1220 1221
2342 2 2 1 1 1197 1221 1198
2343 2 2 1 1 1198 1221 1222
2344 2 2 1 1 1198 1222 1199
2345 2 2 1 1 1199 1222 1223
2346 2 2 1 1 1199 1223 1200
2347 2 2 1 1 1200 1223 1224
2348 2 2 1 1 1200 1224 1201
2349 2 2 1 1 1201 1224 1225
2350 2 2 1 1 1201 1225 1202
2351 2 2 1 1 1202 1225 1226
2352 2 2 1 1 1202 1226 1203
2353 2 2 1 1 1203 1226 1227
2354 2 2 1 1 1203 1227 1204
2355 2 2 1 1 1204 1227 1228
2356 2 2 1 1 1204 1228 1205
2357 2 2 1 1 1205 1228 1229
2358 2 2 1 1 1205 1229 1206
2359 2 2 1 1 1206 1229 1230
2360 2 2 1 1 1206 1230 1207
2361 2 2 1 1 1207 1230 1231
2362 2 2 1 1 1207 1231 1208
2363 2 2 1 1 12 14 1232
2364 2 2 1 1 12 1232 1209
2365 2 2 1 1 1209 1232 1233
2366 2 2 1 1 1209 1233 1210
2367 2 2 1 1 1210 1233 1234
2368 2 2 1 1 1210 1234 1211
2369 2 2 1 1 1211 1234 1235
2370 2 2 1 1 1211 1235 1212
2371 2 2 1 1 1212 1235 1236
2372 2 2 1 1 1212 1236 1213
2373 2 2 1 1 1213 1236 1237
2374 2 2 1 1 1213 1237 1214
2375 2 2 1 1 1214 1237 1238
2376 2 2 1 1 1214 1238 1215
2377 2 2 1 1 1215 1238 1239
2378 2 2 1 1 1215 1239 1216
2379 2 2 1 1 1216 1239 1240
2380 2 2 1 1 1216 1240 1217
2381 2 2 1 1 1217 1240 1241
2382 2 2 1 1 1217 1241 1218
2383 2 2 1 1 1218 1241 1242
2384 2 2 1 1 1218 1242 1219
2385 2 2 1 1 1219 1242 1243
2386 2 2 1 1 1219 1243 1220
2387 2 2 1 1 1220 1243 1244
2388 2 2 1 1 1220 1244 1221
2389 2 2 1 1 1221 1244 1245
2390 2 2 1 1 1221 1245 1222
2391 2 2 1 1 1222 1245 1246
2392 2 2 1 1 1222 1246 1223
2393 2 2 1 1 1223 1246 1247
2394 2 2 1 1 1223 1247 1224
2395 2 2 1 1 1224 1247 1248
2396 2 2 1 1 1224 1248 1225
2397 2 2 1 1 1225 1248 1249
2398 2 2 1 1 1225 1249 1226
2399 2 2 1 1 1226 1249 1250
2400 2 2 1 1 1226 1250 1227
2401 2 2 1 1 1227 1250 1251
2402 2 2 1 1 1227 1251 1228
2403 2 2 1 1 1228 1251 1252
2404 2 2 1 1 1228 1252 1229
2405 2 2 1 1 1229 1252 1253
2406 2 2 1 1 1229 1253 1230
2407 2 2 1 1 1230 1253 1254
2408 2 2 1 1 1230 1254 1231
2409 2 2 1 1 14 16 1255
2410 2 2 1 1 14 1255 1232
2411 2 2 1 1 1232 1255 1256
2412 2 2 1 1 1232 1256 1233
2413 2 2 1 1 1233 1256 1257
2414 2 2 1 1 1233 1257 1234
2415 2 2 1 1 1234 1257 1258
2416 2 2 1 1 1234 1258 1235
2417 2 2 1 1 1235 1258 1259
2418 2 2 1 1 1235 1259 1236
2419 2 2 1 1 1236 1259 1260
2420 2 2 1 1 1236 1260 1237
2421 2 2 1 1 1237 1260 1261
2422 2 2 1 1 1237 1261 1238
2423 2 2 1 1 1238 1261 1262
2424 2 2 1 1 1238 1262 1239
2425 2 2 1 1 1239 1262 1263
2426 2 2 1 1 1239 1263 1240
2427 2 2 1 1 1240 1263 1264
2428 2 2 1 1 1240 1264 1241
2429 2 2 1 1 1241 1264 1265
2430 2 2 1 1 1241 1265 1242
2431 2 2 1 1 1242 1265 1266
2432 2 2 1 1 1242 1266 1243
2433 2 2 1 1 1243 1266 1267
2434 2 2 1 1 1243 1267 1244
2435 2 2 1 1 1244 1267 1268
2436 2 2 1 1 1244 1268 1245
2437 2 2 1 1 1245 1268 1269
2438 2 2 1 1 1245 1269 1246
2439 2 2 1 1 1246 1269 1270
2440 2 2 1 1 1246 1270 1247
2441 2 2 1 1 1247 1270 1271
2442 2 2 1 1 1247 1271 1248
2443 2 2 1 1 1248 1271 1272
2444 2 2 1 1 1248 1272 1249
2445 2 2 1 1 1249 1272 1273
2446 2 2 1 1 1249 1273 1250
2447 2 2 1 1 1250 1273 1274
2448 2 2 1 1 1250 1274 1251
2449 2 2 1 1 1251 1274 1275
2450 2 2 1 1 1251 1275 1252
2451 2 2 1 1 1252 1275 1276
2452 2 2 1 1 1252 1276 1253
2453 2 2 1 1 1253 1276 1277
2454 2 2 1 1 1253 1277 1254
2455 2 2 1 1 16 18 1278
2456 2 2 1 1 16 1278 1255
2457 2 2 1 1 1255 1278 1279
2458 2 2 1 1 1255 1279 1256
2459 2 2 1 1 1256 1279 1280
2460 2 2 1 1 1256 1280 1257
2461 2 2 1 1 1257 1280 1281
2462 2 2 1 1 1257 1281 1258
2463 2 2 1 1 1258 1281 1282
2464 2 2 1 1 1258 1282 1259
2465 2 2 1 1 1259 1282 1283
2466 2 2 1 1 1259 1283 1260
2467 2 2 1 1 1260 1283 1284
2468 2 2 1 1 1260 1284 1261
2469 2 2 1 1 1261 1284 1285
2470 2 2 1 1 1261 1285 1262
2471 2 2 1 1 1262 1285 1286
2472 2 2 1 1 1262 1286 1263
2473 2 2 1 1 1263 1286 1287
2474 2 2 1 1 1263 1287 1264
2475 2 2 1 1 1264 1287 1288
2476 2 2 1 1 1264 1288 1265
2477 2 2 1 1 1265 1288 1289
2478 2 2 1 1 1265 1289 1266
2479 2 2 1 1 1266 1289 1290
2480 2 2 1 1 1266 1290 1267
2481 2 2 1 1 1267 1290 1291
2482 2 2 1 1 1267 1291 1268
2483 2 2 1 1 1268 1291 1292
2484 2 2 1 1 1268 1292 1269
2485 2 2 1 1 1269 1292 1293
2486 2 2 1 1 1269 1293 1270
2487 2 2 1 1 1270 1293 1294
2488 2 2 1 1 1270 1294 1271
2489 2 2 1 1 1271 1294 1295
2490 2 2 1 1 1271 1295 1272
2491 2 2 1 1 1272 1295 1296
2492 2 2 1 1 1272 1296 1273
2493 2 2 1 1 1273 1296 1297
2494 2 2 1 1 1273 1297 1274
2495 2 2 1 1 1274 1297 1298
2496 2 2 1 1 1274 1298 1275
2497 2 2 1 1 1275 1298 1299
2498 2 2 1 1 1275 1299 1276
2499 2 2 1 1 1276 1299 1300
2500 2 2 1 1 1276 1300 1277
2501 2 2 1 1 18 20 1301
2502 2 2 1 1 18 1301 1278
2503 2 2 1 1 1278 1301 1302
2504 2 2 1 1 1278 1302 1279
2505 2 2 1 1 1279 1302 1303
2506 2 2 1 1 1279 1303 1280
2507 2 2 1 1 1280 1303 1304
2508 2 2 1 1 1280 1304 1281
2509 2 2 1 1 1281 1304 1305
2510 2 2 1 1 1281 1305 1282
2511 2 2 1 1 1282 1305 1306
2512 2 2 1 1 1282 1306 1283
2513 2 2 1 1 1283 1306 1307
2514 2 2 1 1 1283 1307 1284
2515 2 2 1 1 1284 1307 1308
2516 2 2 1 1 1284 1308 1285
2517 2 2 1 1 1285 1308 1309
2518 2 2 1 1 1285 1309 1286
2519 2 2 1 1 1286 1309 1310
2520 2 2 1 1 1286 1310 1287
2521 2 2 1 1 1287 1310 1311
2522 2 2 1 1 1287 1311 1288
2523 2 2 1 1 1288 1311 1312
2524 2 2 1 1 1288 1312 1289
2525 2 2 1 1 1289 1312 1313
2526 2 2 1 1 1289 1313 1290
2527 2 2 1 1 1290 1313 1314
2528 2 2 1 1 1290 1314 1291
2529 2 2 1 1 1291 1314 1315
2530 2 2 1 1 1291 1315 1292
2531 2 2 1 1 1292 1315 1316
2532 2 2 1 1 1292 1316 1293
2533 2 2 1 1 1293 1316 1317
2534 2 2 1 1 1293 1317 1294
2535 2 2 1 1 1294 1317 1318
2536 2 2 1 1 1294 1318 1295
2537 2 2 1 1 1295 1318 1319
2538 2 2 1 1 1295 1319 1296
2539 2 2 1 1 1296 1319 1320
2540 2 2 1 1 1296 1320 1297
2541 2 2 1 1 1297 1320 1321
2542 2 2 1 1 1297 1321 1298
2543 2 2 1 1 1298 1321 1322
2544 2 2 1 1 1298 1322 1299
2545 2 2 1 1 1299 1322 1323
2546 2 2 1 1 1299 1323 1300
2547 2 2 1 1 20 22 1324
2548 2 2 1 1 20 1324 1301
2549 2 2 1 1 1301 1324 1325
2550 2 2 1 1 1301 1325 1302
2551 2 2 1 1 1302 1325 1326
2552 2 2 1 1 1302 1326 1303
2553 2 2 1 1 1303 1326 1327
2554 2 2 1 1 1303 1327 1304
2555 2 2 1 1 1304 1327 1328
2556 2 2 1 1 1304 1328 1305
2557 2 2 1 1 1305 1328 1329
2558 2 2 1 1 1305 1329 1306
2559 2 2 1 1 1306 1329 1330
2560 2 2 1 1 1306 1330 1307
2561 2 2 1 1 1307 1330 1331
2562 2 2 1 1 1307 1331 1308
2563 2 2 1 1 1308 1331 1332
2564 2 2 1 1 1308 1332 1309
2565 2 2 1 1 1309 1332 1333
2566 2 2 1 1 1309 1333 1310
2567 2 2 1 1 1310 1333 1334
2568 2 2 1 1 1310 1334 1311
2569 2 2 1 1 1311 1334 1335
2570 2 2 1 1 1311 1335 1312
2571 2 2 1 1 1312 1335 1336
2572 2 2 1 1 1312 1336 1313
2573 2 2 1 1 1313 1336 1337
2574 2 2 1 1 1313 1337 1314
2575 2 2 1 1 1314 1337 1338
2576 2 2 1 1 1314 1338 1315
2577 2 2 1 1 1315 1338 1339
2578 2 2 1 1 1315 1339 1316
2579 2 2 1 1 1316 1339 1340
2580 2 2 1 1 1316 1340 1317
2581 2 2 1 1 1317 1340 1341
2582 2 2 1 1 1317 1341 1318
2583 2 2 1 1 1318 1341 1342
2584 2 2 1 1 1318 1342 1319
2585 2 2 1 1 1319 1342 1343
2586 2 2 1 1 1319 1343 1320
2587 2 2 1 1 1320 1343 1344
2588 2 2 1 1 1320 1344 1321
2589 2 2 1 1 1321 1344 1345
2590 2 2 1 1 1321 1345 1322
2591 2 2 1 1 1322 1345 1346
2592 2 2 1 1 1322 1346 1323
2593 2 2 1 1 22 24 1347
2594 2 2 1 1 22 1347 1324
2595 2 2 1 1 1324 1347 1348
2596 2 2 1 1 1324 1348 1325
2597 2 2 1 1 1325 1348 1349
2598 2 2 1 1 1325 1349 1326
2599 2 2 1 1 1326 1349 1350
2600 2 2 1 1 1326 1350 1327
2601 2 2 1 1 1327 1350 1351
2602 2 2 1 1 1327 1351 1328
2603 2 2 1 1 1328 1351 1352
2604 2 2 1 1 1328 1352 1329
2605 2 2 1 1 1329 1352 1353
2606 2 2 1 1 1329 1353 1330
2607 2 2 1 1 1330 1353 1354
2608 2 2 1 1 1330 1354 1331
2609 2 2 1 1 1331 1354 1355
2610 2 2 1 1 1331 1355 1332
2611 2 2 1 1 1332 1355 1356
2612 2 2 1 1 1332 1356 1333
2613 2 2 1 1 1333 1356 1357
2614 2 2 1 1 1333 1357 1334
2615 2 2 1 1 1334 1357 1358
2616 2 2 1 1 1334 1358 1335
2617 2 2 1 1 1335 1358 1359
2618 2 2 1 1 1335 1359 1336
2619 2 2 1 1 1336 1359 1360
2620 2 2 1 1 1336 1360 1337
2621 2 2 1 1 1337 1360 1361
2622 2 2 1 1 1337 1361 1338
2623 2 2 1 1 1338 1361 1362
2624 2 2 1 1 1338 1362 1339
2625 2 2 1 1 1339 1362 1363
2626 2 2 1 1 1339 1363 1340
2627 2 2 1 1 1340 1363 1364
2628 2 2 1 1 1340 1364 1341
2629 2 2 1 1 1341 1364 1365
2630 2 2 1 1 1341 1365 1342
2631 2 2 1 1 1342 1365 1366
2632 2 2 1 1 1342 1366 1343
2633 2 2 1 1 1343 1366 1367
2634 2 2 1 1 1343 1367 1344
2635 2 2 1 1 1344 1367 1368
2636 2 2 1 1 1344 1368 1345
2637 2 2 1 1 1345 1368 1369
2638 2 2 1 1 1345 1369 1346
2639 2 2 1 1 24 26 1370
2640 2 2 1 1 24 1370 1347
2641 2 2 1 1 1347 1370 1371
2642 2 2 1 1 1347 1371 1348
2643 2 2 1 1 1348 1371 1372
2644 2 2 1 1 1348 1372 1349
2645 2 2 1 1 1349 1372 1373
2646 2 2 1 1 1349 1373 1350
2647 2 2 1 1 1350 1373 1374
2648 2 2 1 1 1350 1374 1351
2649 2 2 1 1 1351 1374 1375
2650 2 2 1 1 1351 1375 1352
2651 2 2 1 1 1352 1375 1376
2652 2 2 1 1 1352 1376 1353
2653 2 2 1 1 1353 1376 1377
2654 2 2 1 1 1353 1377 1354
2655 2 2 1 1 1354 1377 1378
2656 2 2 1 1 1354 1378 1355
2657 2 2 1 1 1355 1378 1379
2658 2 2 1 1 1355 1379 1356
2659 2 2 1 1 1356 1379 1380
2660 2 2 1 1 1356 1380 1357
2661 2 2 1 1 1357 1380 1381
2662 2 2 1 1 1357 1381 1358
2663 2 2 1 1 1358 1381 1382
2664 2 2 1 1 1358 1382 1359
2665 2 2 1 1 1359 1382 1383
2666 2 2 1 1 1359 1383 1360
2667 2 2 1 1 1360 1383 1384
2668 2 2 1 1 1360 1384 1361
2669 2 2 1 1 1361 1384 1385
2670 2 2 1 1 1361 1385 1362
2671 2 2 1 1 1362 1385 1386
2672 2 2 1 1 1362 1386 1363
2673 2 2 1 1 1363 1386 1387
2674 2 2 1 1 1363 1387 1364
2675 2 2 1 1 1364 1387 1388
2676 2 2 1 1 1364 1388 1365
2677 2 2 1 1 1365 1388 1389
2678 2 2 1 1 1365 1389 1366
2679 2 2 1 1 1366 1389 1390
2680 2 2 1 1 1366 1390 1367
2681 2 2 1 1 1367 1390 1391
2682 2 2 1 1 1367 1391 1368
2683 2 2 1 1 1368 1391 1392
2684 2 2 1 1 1368 1392 1369
2685 2 2 1 1 26 28 198
2686 2 2 1 1 26 198 1370
2687 2 2 1 1 1370 198 200
2688 2 2 1 1 1370 200 1371
2689 2 2 1 1 1371 200 202
2690 2 2 1 1 1371 202 1372
2691 2 2 1 1 1372 202 204
2692 2 2 1 1 1372 204 1373
2693 2 2 1 1 1373 204 206
2694 2 2 1 1 1373 206 1374
2695 2 2 1 1 1374 206 208
2696 2 2 1 1 1374 208 1375
2697 2 2 1 1 1375 208 210
2698 2 2 1 1 1375 210 1376
2699 2 2 1 1 1376 210 212
2700 2 2 1 1 1376 212 1377
2701 2 2 1 1 1377 212 214
2702 2 2 1 1 1377 214 1378
2703 2 2 1 1 1378 214 216
2704 2 2 1 1 1378 216 1379
2705 2 2 1 1 1379 216 218
2706 2 2 1 1 1379 218 1380
2707 2 2 1 1 1380 218 220
2708 2 2 1 1 1380 220 1381
2709 2 2 1 1 1381 220 222
2710 2 2 1 1 1381 222 1382
2711 2 2 1 1 1382 222 224
2712 2 2 1 1 1382 224 1383
2713 2 2 1 1 1383 224 226
2714 2 2 1 1 1383 226 1384
2715 2 2 1 1 1384 226 228
2716 2 2 1 1 1384 228 1385
2717 2 2 1 1 1385 228 230
2718 2 2 1 1 1385 230 1386
2719 2 2 1 1 1386 230 232
2720 2 2 1 1 1386 232 1387
2721 2 2 1 1 1387 232 234
2722 2 2 1 1 1387 234 1388
2723 2 2 1 1 1388 234 236
2724 2 2 1 1 1388 236 1389
2725 2 2 1 1 1389 236 238
2726 2 2 1 1 1389 238 1390
2727 2 2 1 1 1390 238 240
2728 2 2 1 1 1390 240 1391
2729 2 2 1 1 1391 240 242
2730 2 2 1 1 1391 242 1392
2731 2 2 1 1 1393 840 1394
2732 2 2 1 1 1393 1394 1394
2733 2 2 1 1 1395 827 1396
2734 2 2 1 1 1395 1396 1396
2735 2 2 1 1 1397 242 1398
2736 2 2 1 1 1397 1398 1398
2737 2 2 1 1 1399 518 1400
2738 2 2 1 1 1399 1400 1400
2739 2 2 1 1 1396 1401 1395
2740 2 2 1 1 1396 1395 1395
2741 2 2 1 1 1402 1401 1403
2742 2 2 1 1 1402 1403 1403
2743 2 2 1 1 1400 1404 1405
2744 2 2 1 1 1400 1405 1405
2745 2 2 1 1 1404 1406 1405
2746 2 2 1 1 1404 1405 1405
2747 2 2 1 1 1407 1408 1409
2748 2 2 1 1 1407 1409 1409
2749 2 2 1 1 1394 1410 1393
2750 2 2 1 1 1394 1393 1393
2751 2 2 1 1 1411 1412 1413
2752 2 2 1 1 1411 1413 1413
2753 2 2 1 1 1398 1413 1412
2754 2 2 1 1 1398 1412 1412
2755 2 2 1 1 1395 1401 1414
2756 2 2 1 1 1395 1414 1414
2757 2 2 1 1 1415 1402 1403
2758 2 2 1 1 1415 1403 1403
2759 2 2 1 1 1410 1416 1408
2760 2 2 1 1 1410 1408 1408
2761 2 2 1 1 1417 1411 1418
2762 2 2 1 1 1417 1418 1418
2763 2 2 1 1 1419 1420 1421
2764 2 2 1 1 1419 1421 1421
2765 2 2 1 1 1422 1423 1424
2766 2 2 1 1 1422 1424 1424
2767 2 2 1 1 1425 1426 1427
2768 2 2 1 1 1425 1427 1427
2769 2 2 1 1 1428 1402 1415
2770 2 2 1 1 1428 1415 1415
2771 2 2 1 1 1429 1430 1431
2772 2 2 1 1 1429 1431 1431
2773 2 2 1 1 1432 1433 1434
2774 2 2 1 1 1432 1434 1434
2775 2 2 1 1 1435 1436 1437
2776 2 2 1 1 1435 1437 1437
2777 2 2 1 1 1438 1439 1440
2778 2 2 1 1 1438 1440 1440
2779 2 2 1 1 1441 1431 1430
2780 2 2 1 1 1441 1430 1430
2781 2 2 1 1 1404 1442 1406
2782 2 2 1 1 1404 1406 1406
2783 2 2 1 1 1443 1405 1444
2784 2 2 1 1 1443 1444 1444
2785 2 2 1 1 1420 1419 1445
2786 2 2 1 1 1420 1445 1445
2787 2 2 1 1 1419 1446 1445
2788 2 2 1 1 1419 1445 1445
2789 2 2 1 1 1447 1448 1449
2790 2 2 1 1 1447 1449 1449
2791 2 2 1 1 1450 1451 1452
2792 2 2 1 1 1450 1452 1452
2793 2 2 1 1 1447 1453 1454
2794 2 2 1 1 1447 1454 1454
2795 2 2 1 1 1438 1455 1456
2796 2 2 1 1 1438 1456 1456
2797 2 2 1 1 1457 1458 1459
2798 2 2 1 1 1457 1459 1459
2799 2 2 1 1 1460 1461 1462
2800 2 2 1 1 1460 1462 1462
2801 2 2 1 1 1433 1463 1464
2802 2 2 1 1 1433 1464 1464
2803 2 2 1 1 1465 1466 1467
2804 2 2 1 1 1465 1467 1467
2805 2 2 1 1 1468 1469 1457
2806 2 2 1 1 1468 1457 1457
2807 2 2 1 1 1470 1460 1462
2808 2 2 1 1 1470 1462 1462
2809 2 2 1 1 1471 1467 1472
2810 2 2 1 1 1471 1472 1473
2811 2 2 1 1 1474 1475 1476
2812 2 2 1 1 1474 1476 1476
2813 2 2 1 1 1460 1470 1477
2814 2 2 1 1 1460 1477 1477
2815 2 2 1 1 1478 1477 1470
2816 2 2 1 1 1478 1470 1470
2817 2 2 1 1 1479 1480 1481
2818 2 2 1 1 1479 1481 1481
2819 2 2 1 1 1482 1469 1468
2820 2 2 1 1 1482 1468 1468
2821 2 2 1 1 1468 1432 1482
2822 2 2 1 1 1468 1482 1482
2823 2 2 1 1 1467 1466 1483
2824 2 2 1 1 1467 1483 1483
2825 2 2 1 1 1484 1485 1486
2826 2 2 1 1 1484 1486 1486
2827 2 2 1 1 1487 1475 1474
2828 2 2 1 1 1487 1474 1474
2829 2 2 1 1 1488 1424 1423
2830 2 2 1 1 1488 1423 1423
2831 2 2 1 1 1489 1490 1491
2832 2 2 1 1 1489 1491 1491
2833 2 2 1 1 1492 1449 1448
2834 2 2 1 1 1492 1448 1448
2835 2 2 1 1 1493 1494 1495
2836 2 2 1 1 1493 1495 1495
2837 2 2 1 1 1496 1421 1420
2838 2 2 1 1 1496 1420 1420
2839 2 2 1 1 1497 1417 1498
2840 2 2 1 1 1497 1498 1498
2841 2 2 1 1 1491 1490 1499
2842 2 2 1 1 1491 1499 1499
2843 2 2 1 1 1485 1500 1501
2844 2 2 1 1 1485 1501 1501
2845 2 2 1 1 1397 1412 1439
2846 2 2 1 1 1397 1439 1439
2847 2 2 1 1 1461 1441 1502
2848 2 2 1 1 1461 1502 1502
2849 2 2 1 1 1503 1504 1505
2850 2 2 1 1 1503 1505 1505
2851 2 2 1 1 1506 1507 1493
2852 2 2 1 1 1506 1493 1493
2853 2 2 1 1 1508 1450 1452
2854 2 2 1 1 1508 1452 1452
2855 2 2 1 1 1498 1509 1497
2856 2 2 1 1 1498 1497 1497
2857 2 2 1 1 1437 1483 1466
2858 2 2 1 1 1437 1466 1466
2859 2 2 1 1 1476 1473 1510
2860 2 2 1 1 1476 1510 1510
2861 2 2 1 1 1511 1414 1512
2862 2 2 1 1 1511 1512 1512
2863 2 2 1 1 1513 1514 1515
2864 2 2 1 1 1513 1515 1515
2865 2 2 1 1 1427 1407 1425
2866 2 2 1 1 1427 1425 1425
2867 2 2 1 1 1479 1481 1504
2868 2 2 1 1 1479 1504 1504
2869 2 2 1 1 1431 1428 1429
2870 2 2 1 1 1431 1429 1429
2871 2 2 1 1 1393 1410 1435
2872 2 2 1 1 1393 1435 1435
2873 2 2 1 1 1516 1517 1514
2874 2 2 1 1 1516 1514 1514
2875 2 2 1 1 1476 1510 1517
2876 2 2 1 1 1476 1517 1517
2877 2 2 1 1 1426 1463 1427
2878 2 2 1 1 1426 1427 1427
2879 2 2 1 1 1518 1516 1519
2880 2 2 1 1 1518 1519 1519
2881 2 2 1 1 1424 1520 1422
2882 2 2 1 1 1424 1422 1422
2883 2 2 1 1 1436 1435 1410
2884 2 2 1 1 1436 1410 1410
2885 2 2 1 1 1394 1416 1410
2886 2 2 1 1 1394 1410 1410
2887 2 2 1 1 1521 1522 1407
2888 2 2 1 1 1521 1407 1427
2889 2 2 1 1 1458 1457 1469
2890 2 2 1 1 1458 1469 1469
2891 2 2 1 1 1519 1523 1518
2892 2 2 1 1 1519 1518 1518
2893 2 2 1 1 1524 1473 1476
2894 2 2 1 1 1524 1476 1476
2895 2 2 1 1 1525 1465 1471
2896 2 2 1 1 1525 1471 1471
2897 2 2 1 1 1453 1497 1509
2898 2 2 1 1 1453 1509 1509
2899 2 2 1 1 1526 1527 1417
2900 2 2 1 1 1526 1417 1497
2901 2 2 1 1 1399 1405 1443
2902 2 2 1 1 1399 1443 1443
2903 2 2 1 1 1528 1481 1480
2904 2 2 1 1 1528 1480 1480
2905 2 2 1 1 1524 1476 1475
2906 2 2 1 1 1524 1475 1475
2907 2 2 1 1 1492 1445 1446
2908 2 2 1 1 1492 1446 1446
2909 2 2 1 1 1529 1495 1494
2910 2 2 1 1 1529 1494 1494
2911 2 2 1 1 1440 1439 1412
2912 2 2 1 1 1440 1412 1412
2913 2 2 1 1 1413 1418 1411
2914 2 2 1 1 1413 1411 1411
2915 2 2 1 1 1454 1448 1447
2916 2 2 1 1 1454 1447 1447
2917 2 2 1 1 1506 1530 1453
2918 2 2 1 1 1506 1453 1447
2919 2 2 1 1 1512 1414 1401
2920 2 2 1 1 1512 1401 1401
2921 2 2 1 1 1531 1532 1505
2922 2 2 1 1 1531 1505 1505
2923 2 2 1 1 1481 1505 1504
2924 2 2 1 1 1481 1504 1504
2925 2 2 1 1 1516 1533 1519
2926 2 2 1 1 1516 1519 1519
2927 2 2 1 1 1511 1459 1458
2928 2 2 1 1 1511 1458 1458
2929 2 2 1 1 1503 1505 1532
2930 2 2 1 1 1503 1532 1532
2931 2 2 1 1 1534 1528 1535
2932 2 2 1 1 1534 1535 1535
2933 2 2 1 1 1536 1537 1468
2934 2 2 1 1 1536 1468 1457
2935 2 2 1 1 1527 1526 1508
2936 2 2 1 1 1527 1508 1538
2937 2 2 1 1 1539 1540 1455
2938 2 2 1 1 1539 1455 1541
2939 2 2 1 1 1534 1542 1508
2940 2 2 1 1 1534 1508 1508
2941 2 2 1 1 1517 1515 1514
2942 2 2 1 1 1517 1514 1514
2943 2 2 1 1 1533 1543 1523
2944 2 2 1 1 1533 1523 1519
2945 2 2 1 1 1418 1498 1417
2946 2 2 1 1 1418 1417 1417
2947 2 2 1 1 1493 1507 1494
2948 2 2 1 1 1493 1494 1494
2949 2 2 1 1 1494 1507 1544
2950 2 2 1 1 1494 1544 1529
2951 2 2 1 1 1532 1531 1545
2952 2 2 1 1 1532 1545 1545
2953 2 2 1 1 1534 1535 1542
2954 2 2 1 1 1534 1542 1542
2955 2 2 1 1 1538 1541 1546
2956 2 2 1 1 1538 1546 1527
2957 2 2 1 1 1491 1488 1489
2958 2 2 1 1 1491 1489 1489
2959 2 2 1 1 1426 1464 1463
2960 2 2 1 1 1426 1463 1463
2961 2 2 1 1 1535 1528 1547
2962 2 2 1 1 1535 1547 1547
2963 2 2 1 1 1480 1479 1441
2964 2 2 1 1 1480 1441 1461
2965 2 2 1 1 1528 1480 1548
2966 2 2 1 1 1528 1548 1548
2967 2 2 1 1 1478 1456 1540
2968 2 2 1 1 1478 1540 1540
2969 2 2 1 1 1434 1482 1432
2970 2 2 1 1 1434 1432 1432
2971 2 2 1 1 1537 1545 1549
2972 2 2 1 1 1537 1549 1550
2973 2 2 1 1 1551 1552 1520
2974 2 2 1 1 1551 1520 1424
2975 2 2 1 1 1484 1552 1551
2976 2 2 1 1 1484 1551 1485
2977 2 2 1 1 1416 1409 1408
2978 2 2 1 1 1416 1408 1408
2979 2 2 1 1 1553 1436 1410
2980 2 2 1 1 1553 1410 1408
2981 2 2 1 1 1493 1452 1451
2982 2 2 1 1 1493 1451 1451
2983 2 2 1 1 1516 1514 1533
2984 2 2 1 1 1516 1533 1533
2985 2 2 1 1 1533 1514 1521
2986 2 2 1 1 1533 1521 1543
2987 2 2 1 1 1399 1400 1405
2988 2 2 1 1 1399 1405 1405
2989 2 2 1 1 1459 1511 1512
2990 2 2 1 1 1459 1512 1512
2991 2 2 1 1 1553 1522 1513
2992 2 2 1 1 1553 1513 1554
2993 2 2 1 1 1554 1513 1515
2994 2 2 1 1 1554 1515 1472
2995 2 2 1 1 1550 1523 1433
2996 2 2 1 1 1550 1433 1432
2997 2 2 1 1 1536 1555 1556
2998 2 2 1 1 1536 1556 1532
2999 2 2 1 1 1555 1459 1512
3000 2 2 1 1 1555 1512 1557
3001 2 2 1 1 1550 1518 1523
3002 2 2 1 1 1550 1523 1523
3003 2 2 1 1 1550 1432 1468
3004 2 2 1 1 1550 1468 1537
3005 2 2 1 1 1558 1479 1504
3006 2 2 1 1 1558 1504 1503
3007 2 2 1 1 1496 1443 1444
3008 2 2 1 1 1496 1444 1444
3009 2 2 1 1 1518 1549 1531
3010 2 2 1 1 1518 1531 1531
3011 2 2 1 1 1495 1486 1501
3012 2 2 1 1 1495 1501 1501
3013 2 2 1 1 1477 1478 1540
3014 2 2 1 1 1477 1540 1540
3015 2 2 1 1 1547 1477 1540
3016 2 2 1 1 1547 1540 1539
3017 2 2 1 1 1544 1507 1449
3018 2 2 1 1 1544 1449 1446
3019 2 2 1 1 1525 1499 1490
3020 2 2 1 1 1525 1490 1490
3021 2 2 1 1 1396 1403 1401
3022 2 2 1 1 1396 1401 1401
3023 2 2 1 1 1401 1402 1557
3024 2 2 1 1 1401 1557 1512
3025 2 2 1 1 1442 1520 1406
3026 2 2 1 1 1442 1406 1406
3027 2 2 1 1 1406 1559 1444
3028 2 2 1 1 1406 1444 1405
3029 2 2 1 1 1501 1486 1485
3030 2 2 1 1 1501 1485 1485
3031 2 2 1 1 1552 1484 1560
3032 2 2 1 1 1552 1560 1559
3033 2 2 1 1 1548 1547 1528
3034 2 2 1 1 1548 1528 1528
3035 2 2 1 1 1521 1514 1513
3036 2 2 1 1 1521 1513 1522
3037 2 2 1 1 1521 1427 1463
3038 2 2 1 1 1521 1463 1543
3039 2 2 1 1 1415 1429 1428
3040 2 2 1 1 1415 1428 1428
3041 2 2 1 1 1402 1428 1561
3042 2 2 1 1 1402 1561 1557
3043 2 2 1 1 1520 1552 1559
3044 2 2 1 1 1520 1559 1406
3045 2 2 1 1 1442 1422 1520
3046 2 2 1 1 1442 1520 1520
3047 2 2 1 1 1502 1462 1461
3048 2 2 1 1 1502 1461 1461
3049 2 2 1 1 1461 1460 1548
3050 2 2 1 1 1461 1548 1480
3051 2 2 1 1 1486 1495 1529
3052 2 2 1 1 1486 1529 1529
3053 2 2 1 1 1562 1544 1446
3054 2 2 1 1 1562 1446 1419
3055 2 2 1 1 1464 1434 1433
3056 2 2 1 1 1464 1433 1433
3057 2 2 1 1 1433 1523 1543
3058 2 2 1 1 1433 1543 1463
3059 2 2 1 1 1465 1467 1471
3060 2 2 1 1 1465 1471 1471
3061 2 2 1 1 1473 1524 1499
3062 2 2 1 1 1473 1499 1471
3063 2 2 1 1 1437 1436 1483
3064 2 2 1 1 1437 1483 1483
3065 2 2 1 1 1483 1554 1472
3066 2 2 1 1 1483 1472 1467
3067 2 2 1 1 1430 1502 1441
3068 2 2 1 1 1430 1441 1441
3069 2 2 1 1 1441 1479 1558
3070 2 2 1 1 1441 1558 1431
3071 2 2 1 1 1542 1539 1541
3072 2 2 1 1 1542 1541 1538
3073 2 2 1 1 1538 1508 1542
3074 2 2 1 1 1538 1542 1542
3075 2 2 1 1 1451 1450 1530
3076 2 2 1 1 1451 1530 1506
3077 2 2 1 1 1506 1493 1451
3078 2 2 1 1 1506 1451 1451
3079 2 2 1 1 1452 1534 1508
3080 2 2 1 1 1452 1508 1508
3081 2 2 1 1 1508 1526 1530
3082 2 2 1 1 1508 1530 1450
3083 2 2 1 1 1547 1548 1460
3084 2 2 1 1 1547 1460 1477
3085 2 2 1 1 1547 1539 1542
3086 2 2 1 1 1547 1542 1535
3087 2 2 1 1 1474 1501 1500
3088 2 2 1 1 1474 1500 1500
3089 2 2 1 1 1488 1491 1475
3090 2 2 1 1 1488 1475 1487
3091 2 2 1 1 1561 1428 1431
3092 2 2 1 1 1561 1431 1558
3093 2 2 1 1 1556 1561 1558
3094 2 2 1 1 1556 1558 1503
3095 2 2 1 1 1553 1554 1483
3096 2 2 1 1 1553 1483 1436
3097 2 2 1 1 1500 1485 1551
3098 2 2 1 1 1500 1551 1487
3099 2 2 1 1 1487 1474 1500
3100 2 2 1 1 1487 1500 1500
3101 2 2 1 1 1499 1525 1471
3102 2 2 1 1 1499 1471 1471
3103 2 2 1 1 1499 1524 1475
3104 2 2 1 1 1499 1475 1491
3105 2 2 1 1 1510 1473 1472
3106 2 2 1 1 1510 1472 1515
3107 2 2 1 1 1515 1517 1510
3108 2 2 1 1 1515 1510 1510
3109 2 2 1 1 1536 1532 1545
3110 2 2 1 1 1536 1545 1537
3111 2 2 1 1 1536 1457 1459
3112 2 2 1 1 1536 1459 1555
3113 2 2 1 1 1509 1454 1453
3114 2 2 1 1 1509 1453 1453
3115 2 2 1 1 1453 1530 1526
3116 2 2 1 1 1453 1526 1497
3117 2 2 1 1 1556 1503 1532
3118 2 2 1 1 1556 1532 1532
3119 2 2 1 1 1556 1555 1557
3120 2 2 1 1 1556 1557 1561
3121 2 2 1 1 1397 1398 1412
3122 2 2 1 1 1397 1412 1412
3123 2 2 1 1 1412 1411 1546
3124 2 2 1 1 1412 1546 1440
3125 2 2 1 1 1484 1486 1562
3126 2 2 1 1 1484 1562 1560
3127 2 2 1 1 1421 1444 1559
3128 2 2 1 1 1421 1559 1560
3129 2 2 1 1 1562 1486 1529
3130 2 2 1 1 1562 1529 1544
3131 2 2 1 1 1449 1492 1446
3132 2 2 1 1 1449 1446 1446
3133 2 2 1 1 1449 1507 1506
3134 2 2 1 1 1449 1506 1447
3135 2 2 1 1 1545 1531 1549
3136 2 2 1 1 1545 1549 1549
3137 2 2 1 1 1518 1550 1549
3138 2 2 1 1 1518 1549 1549
3139 2 2 1 1 1409 1425 1407
3140 2 2 1 1 1409 1407 1407
3141 2 2 1 1 1407 1522 1553
3142 2 2 1 1 1407 1553 1408
3143 2 2 1 1 1540 1456 1455
3144 2 2 1 1 1540 1455 1455
3145 2 2 1 1 1438 1440 1455
3146 2 2 1 1 1438 1455 1455
3147 2 2 1 1 1423 1489 1488
3148 2 2 1 1 1423 1488 1488
3149 2 2 1 1 1488 1487 1551
3150 2 2 1 1 1488 1551 1424
3151 2 2 1 1 1421 1496 1444
3152 2 2 1 1 1421 1444 1444
3153 2 2 1 1 1421 1560 1562
3154 2 2 1 1 1421 1562 1419
3155 2 2 1 1 1546 1411 1417
3156 2 2 1 1 1546 1417 1527
3157 2 2 1 1 1546 1541 1455
3158 2 2 1 1 1546 1455 1440
$EndElements
