$MeshFormat
2.2 0 8
$EndMeshFormat
$PhysicalNames
1
2 1 "OrcaWave_auto-generated_control_surface_mesh_for_Aft_offset_column"
$EndPhysicalNames
$Nodes
4674
1 -15 -14.95899963 -23
2 -15 -13.96170044 -23
3 -14.0323 -13.96170044 -23
4 -14.0323 -14.95899963 -23
5 -13.06449986 -13.96170044 -23
6 -13.06449986 -14.95899963 -23
7 -12.09679985 -13.96170044 -23
8 -12.09679985 -14.95899963 -23
9 -11.12899971 -13.96170044 -23
10 -11.12899971 -14.95899963 -23
11 -10.16129971 -13.96170044 -23
12 -10.16129971 -14.95899963 -23
13 -9.19355011 -13.96170044 -23
14 -9.19355011 -14.95899963 -23
15 -8.225810051 -13.96170044 -23
16 -8.225810051 -14.95899963 -23
17 -7.258059978 -13.96170044 -23
18 -7.258059978 -14.95899963 -23
19 -6.29031992 -13.96170044 -23
20 -6.29031992 -14.95899963 -23
21 -5.322579861 -13.96170044 -23
22 -5.322579861 -14.95899963 -23
23 -4.354839802 -13.96170044 -23
24 -4.354839802 -14.95899963 -23
25 -3.387099981 -13.96170044 -23
26 -3.387099981 -14.95899963 -23
27 -2.419349909 -13.96170044 -23
28 -2.419349909 -14.95899963 -23
29 -1.451609969 -13.96170044 -23
30 -1.451609969 -14.95899963 -23
31 -0.4838699996 -13.96170044 -23
32 -0.4838699996 -14.95899963 -23
33 0.4838699996 -13.96170044 -23
34 0.4838699996 -14.95899963 -23
35 1.451609969 -13.96170044 -23
36 1.451609969 -14.95899963 -23
37 2.419349909 -13.96170044 -23
38 2.419349909 -14.95899963 -23
39 3.387099981 -13.96170044 -23
40 3.387099981 -14.95899963 -23
41 4.354839802 -13.96170044 -23
42 4.354839802 -14.95899963 -23
43 5.322579861 -13.96170044 -23
44 5.322579861 -14.95899963 -23
45 6.29031992 -13.96170044 -23
46 6.29031992 -14.95899963 -23
47 7.258059978 -13.96170044 -23
48 7.258059978 -14.95899963 -23
49 8.225810051 -13.96170044 -23
50 8.225810051 -14.95899963 -23
51 9.19355011 -13.96170044 -23
52 9.19355011 -14.95899963 -23
53 10.16129971 -13.96170044 -23
54 10.16129971 -14.95899963 -23
55 11.12899971 -13.96170044 -23
56 11.12899971 -14.95899963 -23
57 12.09679985 -13.96170044 -23
58 12.09679985 -14.95899963 -23
59 13.06449986 -13.96170044 -23
60 13.06449986 -14.95899963 -23
61 14.0323 -13.96170044 -23
62 14.0323 -14.95899963 -23
63 15 -13.96170044 -23
64 15 -14.95899963 -23
65 -15 -12.96450043 -23
66 -14.0323 -12.96450043 -23
67 -13.06449986 -12.96450043 -23
68 -12.09679985 -12.96450043 -23
69 -11.12899971 -12.96450043 -23
70 -10.16129971 -12.96450043 -23
71 -9.19355011 -12.96450043 -23
72 -8.225810051 -12.96450043 -23
73 -7.258059978 -12.96450043 -23
74 -6.29031992 -12.96450043 -23
75 -5.322579861 -12.96450043 -23
76 -4.354839802 -12.96450043 -23
77 -3.387099981 -12.96450043 -23
78 -2.419349909 -12.96450043 -23
79 -1.451609969 -12.96450043 -23
80 -0.4838699996 -12.96450043 -23
81 0.4838699996 -12.96450043 -23
82 1.451609969 -12.96450043 -23
83 2.419349909 -12.96450043 -23
84 3.387099981 -12.96450043 -23
85 4.354839802 -12.96450043 -23
86 5.322579861 -12.96450043 -23
87 6.29031992 -12.96450043 -23
88 7.258059978 -12.96450043 -23
89 8.225810051 -12.96450043 -23
90 9.19355011 -12.96450043 -23
91 10.16129971 -12.96450043 -23
92 11.12899971 -12.96450043 -23
93 12.09679985 -12.96450043 -23
94 13.06449986 -12.96450043 -23
95 14.0323 -12.96450043 -23
96 15 -12.96450043 -23
97 -15 -11.96720028 -23
98 -14.0323 -11.96720028 -23
99 -13.06449986 -11.96720028 -23
100 -12.09679985 -11.96720028 -23
101 -11.12899971 -11.96720028 -23
102 -10.16129971 -11.96720028 -23
103 -9.19355011 -11.96720028 -23
104 -8.225810051 -11.96720028 -23
105 -7.258059978 -11.96720028 -23
106 -6.29031992 -11.96720028 -23
107 -5.322579861 -11.96720028 -23
108 -4.354839802 -11.96720028 -23
109 -3.387099981 -11.96720028 -23
110 -2.419349909 -11.96720028 -23
111 -1.451609969 -11.96720028 -23
112 -0.4838699996 -11.96720028 -23
113 0.4838699996 -11.96720028 -23
114 1.451609969 -11.96720028 -23
115 2.419349909 -11.96720028 -23
116 3.387099981 -11.96720028 -23
117 4.354839802 -11.96720028 -23
118 5.322579861 -11.96720028 -23
119 6.29031992 -11.96720028 -23
120 7.258059978 -11.96720028 -23
121 8.225810051 -11.96720028 -23
122 9.19355011 -11.96720028 -23
123 10.16129971 -11.96720028 -23
124 11.12899971 -11.96720028 -23
125 12.09679985 -11.96720028 -23
126 13.06449986 -11.96720028 -23
127 14.0323 -11.96720028 -23
128 15 -11.96720028 -23
129 -15 -10.96990013 -23
130 -14.0323 -10.96990013 -23
131 -13.06449986 -10.96990013 -23
132 -12.09679985 -10.96990013 -23
133 -11.12899971 -10.96990013 -23
134 -10.16129971 -10.96990013 -23
135 -9.19355011 -10.96990013 -23
136 -8.225810051 -10.96990013 -23
137 -7.258059978 -10.96990013 -23
138 -6.29031992 -10.96990013 -23
139 -5.322579861 -10.96990013 -23
140 -4.354839802 -10.96990013 -23
141 -3.387099981 -10.96990013 -23
142 -2.419349909 -10.96990013 -23
143 -1.451609969 -10.96990013 -23
144 -0.4838699996 -10.96990013 -23
145 0.4838699996 -10.96990013 -23
146 1.451609969 -10.96990013 -23
147 2.419349909 -10.96990013 -23
148 3.387099981 -10.96990013 -23
149 4.354839802 -10.96990013 -23
150 5.322579861 -10.96990013 -23
151 6.29031992 -10.96990013 -23
152 7.258059978 -10.96990013 -23
153 8.225810051 -10.96990013 -23
154 9.19355011 -10.96990013 -23
155 10.16129971 -10.96990013 -23
156 11.12899971 -10.96990013 -23
157 12.09679985 -10.96990013 -23
158 13.06449986 -10.96990013 -23
159 14.0323 -10.96990013 -23
160 15 -10.96990013 -23
161 -15 -9.972680092 -23
162 -14.0323 -9.972680092 -23
163 -13.06449986 -9.972680092 -23
164 -12.09679985 -9.972680092 -23
165 -11.12899971 -9.972680092 -23
166 -10.16129971 -9.972680092 -23
167 -9.19355011 -9.972680092 -23
168 -8.225810051 -9.972680092 -23
169 -7.258059978 -9.972680092 -23
170 -6.29031992 -9.972680092 -23
171 -5.322579861 -9.972680092 -23
172 -4.354839802 -9.972680092 -23
173 -3.387099981 -9.972680092 -23
174 -2.419349909 -9.972680092 -23
175 -1.451609969 -9.972680092 -23
176 -0.4838699996 -9.972680092 -23
177 0.4838699996 -9.972680092 -23
178 1.451609969 -9.972680092 -23
179 2.419349909 -9.972680092 -23
180 3.387099981 -9.972680092 -23
181 4.354839802 -9.972680092 -23
182 5.322579861 -9.972680092 -23
183 6.29031992 -9.972680092 -23
184 7.258059978 -9.972680092 -23
185 8.225810051 -9.972680092 -23
186 9.19355011 -9.972680092 -23
187 10.16129971 -9.972680092 -23
188 11.12899971 -9.972680092 -23
189 12.09679985 -9.972680092 -23
190 13.06449986 -9.972680092 -23
191 14.0323 -9.972680092 -23
192 15 -9.972680092 -23
193 -15 -8.975410461 -23
194 -14.0323 -8.975410461 -23
195 -13.06449986 -8.975410461 -23
196 -12.09679985 -8.975410461 -23
197 -11.12899971 -8.975410461 -23
198 -10.16129971 -8.975410461 -23
199 -9.19355011 -8.975410461 -23
200 -8.225810051 -8.975410461 -23
201 -7.258059978 -8.975410461 -23
202 -6.29031992 -8.975410461 -23
203 -5.322579861 -8.975410461 -23
204 -4.354839802 -8.975410461 -23
205 -3.387099981 -8.975410461 -23
206 -2.419349909 -8.975410461 -23
207 -1.451609969 -8.975410461 -23
208 -0.4838699996 -8.975410461 -23
209 0.4838699996 -8.975410461 -23
210 1.451609969 -8.975410461 -23
211 2.419349909 -8.975410461 -23
212 3.387099981 -8.975410461 -23
213 4.354839802 -8.975410461 -23
214 5.322579861 -8.975410461 -23
215 6.29031992 -8.975410461 -23
216 7.258059978 -8.975410461 -23
217 8.225810051 -8.975410461 -23
218 9.19355011 -8.975410461 -23
219 10.16129971 -8.975410461 -23
220 11.12899971 -8.975410461 -23
221 12.09679985 -8.975410461 -23
222 13.06449986 -8.975410461 -23
223 14.0323 -8.975410461 -23
224 15 -8.975410461 -23
225 -15 -7.978139877 -23
226 -14.0323 -7.978139877 -23
227 -13.06449986 -7.978139877 -23
228 -12.09679985 -7.978139877 -23
229 -11.12899971 -7.978139877 -23
230 -10.16129971 -7.978139877 -23
231 -9.19355011 -7.978139877 -23
232 -8.225810051 -7.978139877 -23
233 -7.258059978 -7.978139877 -23
234 -6.29031992 -7.978139877 -23
235 -5.322579861 -7.978139877 -23
236 -4.354839802 -7.978139877 -23
237 -3.387099981 -7.978139877 -23
238 -2.419349909 -7.978139877 -23
239 -1.451609969 -7.978139877 -23
240 -0.4838699996 -7.978139877 -23
241 0.4838699996 -7.978139877 -23
242 1.451609969 -7.978139877 -23
243 2.419349909 -7.978139877 -23
244 3.387099981 -7.978139877 -23
245 4.354839802 -7.978139877 -23
246 5.322579861 -7.978139877 -23
247 6.29031992 -7.978139877 -23
248 7.258059978 -7.978139877 -23
249 8.225810051 -7.978139877 -23
250 9.19355011 -7.978139877 -23
251 10.16129971 -7.978139877 -23
252 11.12899971 -7.978139877 -23
253 12.09679985 -7.978139877 -23
254 13.06449986 -7.978139877 -23
255 14.0323 -7.978139877 -23
256 15 -7.978139877 -23
257 -15 -6.98086977 -23
258 -14.0323 -6.98086977 -23
259 -13.06449986 -6.98086977 -23
260 -12.09679985 -6.98086977 -23
261 -11.12899971 -6.98086977 -23
262 -10.16129971 -6.98086977 -23
263 -9.19355011 -6.98086977 -23
264 -8.225810051 -6.98086977 -23
265 -7.258059978 -6.98086977 -23
266 -6.29031992 -6.98086977 -23
267 -5.322579861 -6.98086977 -23
268 -4.354839802 -6.98086977 -23
269 -3.387099981 -6.98086977 -23
270 -2.419349909 -6.98086977 -23
271 -1.451609969 -6.98086977 -23
272 -0.4838699996 -6.98086977 -23
273 0.4838699996 -6.98086977 -23
274 1.451609969 -6.98086977 -23
275 2.419349909 -6.98086977 -23
276 3.387099981 -6.98086977 -23
277 4.354839802 -6.98086977 -23
278 5.322579861 -6.98086977 -23
279 6.29031992 -6.98086977 -23
280 7.258059978 -6.98086977 -23
281 8.225810051 -6.98086977 -23
282 9.19355011 -6.98086977 -23
283 10.16129971 -6.98086977 -23
284 11.12899971 -6.98086977 -23
285 12.09679985 -6.98086977 -23
286 13.06449986 -6.98086977 -23
287 14.0323 -6.98086977 -23
288 15 -6.98086977 -23
289 -15 -5.983610153 -23
290 -14.0323 -5.983610153 -23
291 -13.06449986 -5.983610153 -23
292 -12.09679985 -5.983610153 -23
293 -11.12899971 -5.983610153 -23
294 -10.16129971 -5.983610153 -23
295 -9.19355011 -5.983610153 -23
296 -8.225810051 -5.983610153 -23
297 -7.258059978 -5.983610153 -23
298 -6.29031992 -5.983610153 -23
299 -5.322579861 -5.983610153 -23
300 -4.354839802 -5.983610153 -23
301 -3.387099981 -5.983610153 -23
302 -2.419349909 -5.983610153 -23
303 -1.451609969 -5.983610153 -23
304 -0.4838699996 -5.983610153 -23
305 0.4838699996 -5.983610153 -23
306 1.451609969 -5.983610153 -23
307 2.419349909 -5.983610153 -23
308 3.387099981 -5.983610153 -23
309 4.354839802 -5.983610153 -23
310 5.322579861 -5.983610153 -23
311 6.29031992 -5.983610153 -23
312 7.258059978 -5.983610153 -23
313 8.225810051 -5.983610153 -23
314 9.19355011 -5.983610153 -23
315 10.16129971 -5.983610153 -23
316 11.12899971 -5.983610153 -23
317 12.09679985 -5.983610153 -23
318 13.06449986 -5.983610153 -23
319 14.0323 -5.983610153 -23
320 15 -5.983610153 -23
321 -15 -4.986340046 -23
322 -14.0323 -4.986340046 -23
323 -13.06449986 -4.986340046 -23
324 -12.09679985 -4.986340046 -23
325 -11.12899971 -4.986340046 -23
326 -10.16129971 -4.986340046 -23
327 -9.19355011 -4.986340046 -23
328 -8.225810051 -4.986340046 -23
329 -7.258059978 -4.986340046 -23
330 -6.29031992 -4.986340046 -23
331 -5.322579861 -4.986340046 -23
332 -4.354839802 -4.986340046 -23
333 -3.387099981 -4.986340046 -23
334 -2.419349909 -4.986340046 -23
335 -1.451609969 -4.986340046 -23
336 -0.4838699996 -4.986340046 -23
337 0.4838699996 -4.986340046 -23
338 1.451609969 -4.986340046 -23
339 2.419349909 -4.986340046 -23
340 3.387099981 -4.986340046 -23
341 4.354839802 -4.986340046 -23
342 5.322579861 -4.986340046 -23
343 6.29031992 -4.986340046 -23
344 7.258059978 -4.986340046 -23
345 8.225810051 -4.986340046 -23
346 9.19355011 -4.986340046 -23
347 10.16129971 -4.986340046 -23
348 11.12899971 -4.986340046 -23
349 12.09679985 -4.986340046 -23
350 13.06449986 -4.986340046 -23
351 14.0323 -4.986340046 -23
352 15 -4.986340046 -23
353 -15 -3.989069939 -23
354 -14.0323 -3.989069939 -23
355 -13.06449986 -3.989069939 -23
356 -12.09679985 -3.989069939 -23
357 -11.12899971 -3.989069939 -23
358 -10.16129971 -3.989069939 -23
359 -9.19355011 -3.989069939 -23
360 -8.225810051 -3.989069939 -23
361 -7.258059978 -3.989069939 -23
362 -6.29031992 -3.989069939 -23
363 -5.322579861 -3.989069939 -23
364 -4.354839802 -3.989069939 -23
365 -3.387099981 -3.989069939 -23
366 -2.419349909 -3.989069939 -23
367 -1.451609969 -3.989069939 -23
368 -0.4838699996 -3.989069939 -23
369 0.4838699996 -3.989069939 -23
370 1.451609969 -3.989069939 -23
371 2.419349909 -3.989069939 -23
372 3.387099981 -3.989069939 -23
373 4.354839802 -3.989069939 -23
374 5.322579861 -3.989069939 -23
375 6.29031992 -3.989069939 -23
376 7.258059978 -3.989069939 -23
377 8.225810051 -3.989069939 -23
378 9.19355011 -3.989069939 -23
379 10.16129971 -3.989069939 -23
380 11.12899971 -3.989069939 -23
381 12.09679985 -3.989069939 -23
382 13.06449986 -3.989069939 -23
383 14.0323 -3.989069939 -23
384 15 -3.989069939 -23
385 -15 -2.99180007 -23
386 -14.0323 -2.99180007 -23
387 -13.06449986 -2.99180007 -23
388 -12.09679985 -2.99180007 -23
389 -11.12899971 -2.99180007 -23
390 -10.16129971 -2.99180007 -23
391 -9.19355011 -2.99180007 -23
392 -8.225810051 -2.99180007 -23
393 -7.258059978 -2.99180007 -23
394 -6.29031992 -2.99180007 -23
395 -5.322579861 -2.99180007 -23
396 -4.354839802 -2.99180007 -23
397 -3.387099981 -2.99180007 -23
398 -2.419349909 -2.99180007 -23
399 -1.451609969 -2.99180007 -23
400 -0.4838699996 -2.99180007 -23
401 0.4838699996 -2.99180007 -23
402 1.451609969 -2.99180007 -23
403 2.419349909 -2.99180007 -23
404 3.387099981 -2.99180007 -23
405 4.354839802 -2.99180007 -23
406 5.322579861 -2.99180007 -23
407 6.29031992 -2.99180007 -23
408 7.258059978 -2.99180007 -23
409 8.225810051 -2.99180007 -23
410 9.19355011 -2.99180007 -23
411 10.16129971 -2.99180007 -23
412 11.12899971 -2.99180007 -23
413 12.09679985 -2.99180007 -23
414 13.06449986 -2.99180007 -23
415 14.0323 -2.99180007 -23
416 15 -2.99180007 -23
417 -15 -1.994539976 -23
418 -14.0323 -1.994539976 -23
419 -13.06449986 -1.994539976 -23
420 -12.09679985 -1.994539976 -23
421 -11.12899971 -1.994539976 -23
422 -10.16129971 -1.994539976 -23
423 -9.19355011 -1.994539976 -23
424 -8.225810051 -1.994539976 -23
425 -7.258059978 -1.994539976 -23
426 -6.29031992 -1.994539976 -23
427 -5.322579861 -1.994539976 -23
428 -4.354839802 -1.994539976 -23
429 -3.387099981 -1.994539976 -23
430 -2.419349909 -1.994539976 -23
431 -1.451609969 -1.994539976 -23
432 -0.4838699996 -1.994539976 -23
433 0.4838699996 -1.994539976 -23
434 1.451609969 -1.994539976 -23
435 2.419349909 -1.994539976 -23
436 3.387099981 -1.994539976 -23
437 4.354839802 -1.994539976 -23
438 5.322579861 -1.994539976 -23
439 6.29031992 -1.994539976 -23
440 7.258059978 -1.994539976 -23
441 8.225810051 -1.994539976 -23
442 9.19355011 -1.994539976 -23
443 10.16129971 -1.994539976 -23
444 11.12899971 -1.994539976 -23
445 12.09679985 -1.994539976 -23
446 13.06449986 -1.994539976 -23
447 14.0323 -1.994539976 -23
448 15 -1.994539976 -23
449 -15 -0.9972699881 -23
450 -14.0323 -0.9972699881 -23
451 -13.06449986 -0.9972699881 -23
452 -12.09679985 -0.9972699881 -23
453 -11.12899971 -0.9972699881 -23
454 -10.16129971 -0.9972699881 -23
455 -9.19355011 -0.9972699881 -23
456 -8.225810051 -0.9972699881 -23
457 -7.258059978 -0.9972699881 -23
458 -6.29031992 -0.9972699881 -23
459 -5.322579861 -0.9972699881 -23
460 -4.354839802 -0.9972699881 -23
461 -3.387099981 -0.9972699881 -23
462 -2.419349909 -0.9972699881 -23
463 -1.451609969 -0.9972699881 -23
464 -0.4838699996 -0.9972699881 -23
465 0.4838699996 -0.9972699881 -23
466 1.451609969 -0.9972699881 -23
467 2.419349909 -0.9972699881 -23
468 3.387099981 -0.9972699881 -23
469 4.354839802 -0.9972699881 -23
470 5.322579861 -0.9972699881 -23
471 6.29031992 -0.9972699881 -23
472 7.258059978 -0.9972699881 -23
473 8.225810051 -0.9972699881 -23
474 9.19355011 -0.9972699881 -23
475 10.16129971 -0.9972699881 -23
476 11.12899971 -0.9972699881 -23
477 12.09679985 -0.9972699881 -23
478 13.06449986 -0.9972699881 -23
479 14.0323 -0.9972699881 -23
480 15 -0.9972699881 -23
481 -15 0 -23
482 -14.0323 0 -23
483 -13.06449986 0 -23
484 -12.09679985 0 -23
485 -11.12899971 0 -23
486 -10.16129971 0 -23
487 -9.19355011 0 -23
488 -8.225810051 0 -23
489 -7.258059978 0 -23
490 -6.29031992 0 -23
491 -5.322579861 0 -23
492 -4.354839802 0 -23
493 -3.387099981 0 -23
494 -2.419349909 0 -23
495 -1.451609969 0 -23
496 -0.4838699996 0 -23
497 0.4838699996 0 -23
498 1.451609969 0 -23
499 2.419349909 0 -23
500 3.387099981 0 -23
501 4.354839802 0 -23
502 5.322579861 0 -23
503 6.29031992 0 -23
504 7.258059978 0 -23
505 8.225810051 0 -23
506 9.19355011 0 -23
507 10.16129971 0 -23
508 11.12899971 0 -23
509 12.09679985 0 -23
510 13.06449986 0 -23
511 14.0323 0 -23
512 15 0 -23
513 -15 0.9972699881 -23
514 -14.0323 0.9972699881 -23
515 -13.06449986 0.9972699881 -23
516 -12.09679985 0.9972699881 -23
517 -11.12899971 0.9972699881 -23
518 -10.16129971 0.9972699881 -23
519 -9.19355011 0.9972699881 -23
520 -8.225810051 0.9972699881 -23
521 -7.258059978 0.9972699881 -23
522 -6.29031992 0.9972699881 -23
523 -5.322579861 0.9972699881 -23
524 -4.354839802 0.9972699881 -23
525 -3.387099981 0.9972699881 -23
526 -2.419349909 0.9972699881 -23
527 -1.451609969 0.9972699881 -23
528 -0.4838699996 0.9972699881 -23
529 0.4838699996 0.9972699881 -23
530 1.451609969 0.9972699881 -23
531 2.419349909 0.9972699881 -23
532 3.387099981 0.9972699881 -23
533 4.354839802 0.9972699881 -23
534 5.322579861 0.9972699881 -23
535 6.29031992 0.9972699881 -23
536 7.258059978 0.9972699881 -23
537 8.225810051 0.9972699881 -23
538 9.19355011 0.9972699881 -23
539 10.16129971 0.9972699881 -23
540 11.12899971 0.9972699881 -23
541 12.09679985 0.9972699881 -23
542 13.06449986 0.9972699881 -23
543 14.0323 0.9972699881 -23
544 15 0.9972699881 -23
545 -15 1.994539976 -23
546 -14.0323 1.994539976 -23
547 -13.06449986 1.994539976 -23
548 -12.09679985 1.994539976 -23
549 -11.12899971 1.994539976 -23
550 -10.16129971 1.994539976 -23
551 -9.19355011 1.994539976 -23
552 -8.225810051 1.994539976 -23
553 -7.258059978 1.994539976 -23
554 -6.29031992 1.994539976 -23
555 -5.322579861 1.994539976 -23
556 -4.354839802 1.994539976 -23
557 -3.387099981 1.994539976 -23
558 -2.419349909 1.994539976 -23
559 -1.451609969 1.994539976 -23
560 -0.4838699996 1.994539976 -23
561 0.4838699996 1.994539976 -23
562 1.451609969 1.994539976 -23
563 2.419349909 1.994539976 -23
564 3.387099981 1.994539976 -23
565 4.354839802 1.994539976 -23
566 5.322579861 1.994539976 -23
567 6.29031992 1.994539976 -23
568 7.258059978 1.994539976 -23
569 8.225810051 1.994539976 -23
570 9.19355011 1.994539976 -23
571 10.16129971 1.994539976 -23
572 11.12899971 1.994539976 -23
573 12.09679985 1.994539976 -23
574 13.06449986 1.994539976 -23
575 14.0323 1.994539976 -23
576 15 1.994539976 -23
577 -15 2.99180007 -23
578 -14.0323 2.99180007 -23
579 -13.06449986 2.99180007 -23
580 -12.09679985 2.99180007 -23
581 -11.12899971 2.99180007 -23
582 -10.16129971 2.99180007 -23
583 -9.19355011 2.99180007 -23
584 -8.225810051 2.99180007 -23
585 -7.258059978 2.99180007 -23
586 -6.29031992 2.99180007 -23
587 -5.322579861 2.99180007 -23
588 -4.354839802 2.99180007 -23
589 -3.387099981 2.99180007 -23
590 -2.419349909 2.99180007 -23
591 -1.451609969 2.99180007 -23
592 -0.4838699996 2.99180007 -23
593 0.4838699996 2.99180007 -23
594 1.451609969 2.99180007 -23
595 2.419349909 2.99180007 -23
596 3.387099981 2.99180007 -23
597 4.354839802 2.99180007 -23
598 5.322579861 2.99180007 -23
599 6.29031992 2.99180007 -23
600 7.258059978 2.99180007 -23
601 8.225810051 2.99180007 -23
602 9.19355011 2.99180007 -23
603 10.16129971 2.99180007 -23
604 11.12899971 2.99180007 -23
605 12.09679985 2.99180007 -23
606 13.06449986 2.99180007 -23
607 14.0323 2.99180007 -23
608 15 2.99180007 -23
609 -15 3.989069939 -23
610 -14.0323 3.989069939 -23
611 -13.06449986 3.989069939 -23
612 -12.09679985 3.989069939 -23
613 -11.12899971 3.989069939 -23
614 -10.16129971 3.989069939 -23
615 -9.19355011 3.989069939 -23
616 -8.225810051 3.989069939 -23
617 -7.258059978 3.989069939 -23
618 -6.29031992 3.989069939 -23
619 -5.322579861 3.989069939 -23
620 -4.354839802 3.989069939 -23
621 -3.387099981 3.989069939 -23
622 -2.419349909 3.989069939 -23
623 -1.451609969 3.989069939 -23
624 -0.4838699996 3.989069939 -23
625 0.4838699996 3.989069939 -23
626 1.451609969 3.989069939 -23
627 2.419349909 3.989069939 -23
628 3.387099981 3.989069939 -23
629 4.354839802 3.989069939 -23
630 5.322579861 3.989069939 -23
631 6.29031992 3.989069939 -23
632 7.258059978 3.989069939 -23
633 8.225810051 3.989069939 -23
634 9.19355011 3.989069939 -23
635 10.16129971 3.989069939 -23
636 11.12899971 3.989069939 -23
637 12.09679985 3.989069939 -23
638 13.06449986 3.989069939 -23
639 14.0323 3.989069939 -23
640 15 3.989069939 -23
641 -15 4.986340046 -23
642 -14.0323 4.986340046 -23
643 -13.06449986 4.986340046 -23
644 -12.09679985 4.986340046 -23
645 -11.12899971 4.986340046 -23
646 -10.16129971 4.986340046 -23
647 -9.19355011 4.986340046 -23
648 -8.225810051 4.986340046 -23
649 -7.258059978 4.986340046 -23
650 -6.29031992 4.986340046 -23
651 -5.322579861 4.986340046 -23
652 -4.354839802 4.986340046 -23
653 -3.387099981 4.986340046 -23
654 -2.419349909 4.986340046 -23
655 -1.451609969 4.986340046 -23
656 -0.4838699996 4.986340046 -23
657 0.4838699996 4.986340046 -23
658 1.451609969 4.986340046 -23
659 2.419349909 4.986340046 -23
660 3.387099981 4.986340046 -23
661 4.354839802 4.986340046 -23
662 5.322579861 4.986340046 -23
663 6.29031992 4.986340046 -23
664 7.258059978 4.986340046 -23
665 8.225810051 4.986340046 -23
666 9.19355011 4.986340046 -23
667 10.16129971 4.986340046 -23
668 11.12899971 4.986340046 -23
669 12.09679985 4.986340046 -23
670 13.06449986 4.986340046 -23
671 14.0323 4.986340046 -23
672 15 4.986340046 -23
673 -15 5.983610153 -23
674 -14.0323 5.983610153 -23
675 -13.06449986 5.983610153 -23
676 -12.09679985 5.983610153 -23
677 -11.12899971 5.983610153 -23
678 -10.16129971 5.983610153 -23
679 -9.19355011 5.983610153 -23
680 -8.225810051 5.983610153 -23
681 -7.258059978 5.983610153 -23
682 -6.29031992 5.983610153 -23
683 -5.322579861 5.983610153 -23
684 -4.354839802 5.983610153 -23
685 -3.387099981 5.983610153 -23
686 -2.419349909 5.983610153 -23
687 -1.451609969 5.983610153 -23
688 -0.4838699996 5.983610153 -23
689 0.4838699996 5.983610153 -23
690 1.451609969 5.983610153 -23
691 2.419349909 5.983610153 -23
692 3.387099981 5.983610153 -23
693 4.354839802 5.983610153 -23
694 5.322579861 5.983610153 -23
695 6.29031992 5.983610153 -23
696 7.258059978 5.983610153 -23
697 8.225810051 5.983610153 -23
698 9.19355011 5.983610153 -23
699 10.16129971 5.983610153 -23
700 11.12899971 5.983610153 -23
701 12.09679985 5.983610153 -23
702 13.06449986 5.983610153 -23
703 14.0323 5.983610153 -23
704 15 5.983610153 -23
705 -15 6.98086977 -23
706 -14.0323 6.98086977 -23
707 -13.06449986 6.98086977 -23
708 -12.09679985 6.98086977 -23
709 -11.12899971 6.98086977 -23
710 -10.16129971 6.98086977 -23
711 -9.19355011 6.98086977 -23
712 -8.225810051 6.98086977 -23
713 -7.258059978 6.98086977 -23
714 -6.29031992 6.98086977 -23
715 -5.322579861 6.98086977 -23
716 -4.354839802 6.98086977 -23
717 -3.387099981 6.98086977 -23
718 -2.419349909 6.98086977 -23
719 -1.451609969 6.98086977 -23
720 -0.4838699996 6.98086977 -23
721 0.4838699996 6.98086977 -23
722 1.451609969 6.98086977 -23
723 2.419349909 6.98086977 -23
724 3.387099981 6.98086977 -23
725 4.354839802 6.98086977 -23
726 5.322579861 6.98086977 -23
727 6.29031992 6.98086977 -23
728 7.258059978 6.98086977 -23
729 8.225810051 6.98086977 -23
730 9.19355011 6.98086977 -23
731 10.16129971 6.98086977 -23
732 11.12899971 6.98086977 -23
733 12.09679985 6.98086977 -23
734 13.06449986 6.98086977 -23
735 14.0323 6.98086977 -23
736 15 6.98086977 -23
737 -15 7.978139877 -23
738 -14.0323 7.978139877 -23
739 -13.06449986 7.978139877 -23
740 -12.09679985 7.978139877 -23
741 -11.12899971 7.978139877 -23
742 -10.16129971 7.978139877 -23
743 -9.19355011 7.978139877 -23
744 -8.225810051 7.978139877 -23
745 -7.258059978 7.978139877 -23
746 -6.29031992 7.978139877 -23
747 -5.322579861 7.978139877 -23
748 -4.354839802 7.978139877 -23
749 -3.387099981 7.978139877 -23
750 -2.419349909 7.978139877 -23
751 -1.451609969 7.978139877 -23
752 -0.4838699996 7.978139877 -23
753 0.4838699996 7.978139877 -23
754 1.451609969 7.978139877 -23
755 2.419349909 7.978139877 -23
756 3.387099981 7.978139877 -23
757 4.354839802 7.978139877 -23
758 5.322579861 7.978139877 -23
759 6.29031992 7.978139877 -23
760 7.258059978 7.978139877 -23
761 8.225810051 7.978139877 -23
762 9.19355011 7.978139877 -23
763 10.16129971 7.978139877 -23
764 11.12899971 7.978139877 -23
765 12.09679985 7.978139877 -23
766 13.06449986 7.978139877 -23
767 14.0323 7.978139877 -23
768 15 7.978139877 -23
769 -15 8.975410461 -23
770 -14.0323 8.975410461 -23
771 -13.06449986 8.975410461 -23
772 -12.09679985 8.975410461 -23
773 -11.12899971 8.975410461 -23
774 -10.16129971 8.975410461 -23
775 -9.19355011 8.975410461 -23
776 -8.225810051 8.975410461 -23
777 -7.258059978 8.975410461 -23
778 -6.29031992 8.975410461 -23
779 -5.322579861 8.975410461 -23
780 -4.354839802 8.975410461 -23
781 -3.387099981 8.975410461 -23
782 -2.419349909 8.975410461 -23
783 -1.451609969 8.975410461 -23
784 -0.4838699996 8.975410461 -23
785 0.4838699996 8.975410461 -23
786 1.451609969 8.975410461 -23
787 2.419349909 8.975410461 -23
788 3.387099981 8.975410461 -23
789 4.354839802 8.975410461 -23
790 5.322579861 8.975410461 -23
791 6.29031992 8.975410461 -23
792 7.258059978 8.975410461 -23
793 8.225810051 8.975410461 -23
794 9.19355011 8.975410461 -23
795 10.16129971 8.975410461 -23
796 11.12899971 8.975410461 -23
797 12.09679985 8.975410461 -23
798 13.06449986 8.975410461 -23
799 14.0323 8.975410461 -23
800 15 8.975410461 -23
801 -15 9.972680092 -23
802 -14.0323 9.972680092 -23
803 -13.06449986 9.972680092 -23
804 -12.09679985 9.972680092 -23
805 -11.12899971 9.972680092 -23
806 -10.16129971 9.972680092 -23
807 -9.19355011 9.972680092 -23
808 -8.225810051 9.972680092 -23
809 -7.258059978 9.972680092 -23
810 -6.29031992 9.972680092 -23
811 -5.322579861 9.972680092 -23
812 -4.354839802 9.972680092 -23
813 -3.387099981 9.972680092 -23
814 -2.419349909 9.972680092 -23
815 -1.451609969 9.972680092 -23
816 -0.4838699996 9.972680092 -23
817 0.4838699996 9.972680092 -23
818 1.451609969 9.972680092 -23
819 2.419349909 9.972680092 -23
820 3.387099981 9.972680092 -23
821 4.354839802 9.972680092 -23
822 5.322579861 9.972680092 -23
823 6.29031992 9.972680092 -23
824 7.258059978 9.972680092 -23
825 8.225810051 9.972680092 -23
826 9.19355011 9.972680092 -23
827 10.16129971 9.972680092 -23
828 11.12899971 9.972680092 -23
829 12.09679985 9.972680092 -23
830 13.06449986 9.972680092 -23
831 14.0323 9.972680092 -23
832 15 9.972680092 -23
833 -15 10.96990013 -23
834 -14.0323 10.96990013 -23
835 -13.06449986 10.96990013 -23
836 -12.09679985 10.96990013 -23
837 -11.12899971 10.96990013 -23
838 -10.16129971 10.96990013 -23
839 -9.19355011 10.96990013 -23
840 -8.225810051 10.96990013 -23
841 -7.258059978 10.96990013 -23
842 -6.29031992 10.96990013 -23
843 -5.322579861 10.96990013 -23
844 -4.354839802 10.96990013 -23
845 -3.387099981 10.96990013 -23
846 -2.419349909 10.96990013 -23
847 -1.451609969 10.96990013 -23
848 -0.4838699996 10.96990013 -23
849 0.4838699996 10.96990013 -23
850 1.451609969 10.96990013 -23
851 2.419349909 10.96990013 -23
852 3.387099981 10.96990013 -23
853 4.354839802 10.96990013 -23
854 5.322579861 10.96990013 -23
855 6.29031992 10.96990013 -23
856 7.258059978 10.96990013 -23
857 8.225810051 10.96990013 -23
858 9.19355011 10.96990013 -23
859 10.16129971 10.96990013 -23
860 11.12899971 10.96990013 -23
861 12.09679985 10.96990013 -23
862 13.06449986 10.96990013 -23
863 14.0323 10.96990013 -23
864 15 10.96990013 -23
865 -15 11.96720028 -23
866 -14.0323 11.96720028 -23
867 -13.06449986 11.96720028 -23
868 -12.09679985 11.96720028 -23
869 -11.12899971 11.96720028 -23
870 -10.16129971 11.96720028 -23
871 -9.19355011 11.96720028 -23
872 -8.225810051 11.96720028 -23
873 -7.258059978 11.96720028 -23
874 -6.29031992 11.96720028 -23
875 -5.322579861 11.96720028 -23
876 -4.354839802 11.96720028 -23
877 -3.387099981 11.96720028 -23
878 -2.419349909 11.96720028 -23
879 -1.451609969 11.96720028 -23
880 -0.4838699996 11.96720028 -23
881 0.4838699996 11.96720028 -23
882 1.451609969 11.96720028 -23
883 2.419349909 11.96720028 -23
884 3.387099981 11.96720028 -23
885 4.354839802 11.96720028 -23
886 5.322579861 11.96720028 -23
887 6.29031992 11.96720028 -23
888 7.258059978 11.96720028 -23
889 8.225810051 11.96720028 -23
890 9.19355011 11.96720028 -23
891 10.16129971 11.96720028 -23
892 11.12899971 11.96720028 -23
893 12.09679985 11.96720028 -23
894 13.06449986 11.96720028 -23
895 14.0323 11.96720028 -23
896 15 11.96720028 -23
897 -15 12.96450043 -23
898 -14.0323 12.96450043 -23
899 -13.06449986 12.96450043 -23
900 -12.09679985 12.96450043 -23
901 -11.12899971 12.96450043 -23
902 -10.16129971 12.96450043 -23
903 -9.19355011 12.96450043 -23
904 -8.225810051 12.96450043 -23
905 -7.258059978 12.96450043 -23
906 -6.29031992 12.96450043 -23
907 -5.322579861 12.96450043 -23
908 -4.354839802 12.96450043 -23
909 -3.387099981 12.96450043 -23
910 -2.419349909 12.96450043 -23
911 -1.451609969 12.96450043 -23
912 -0.4838699996 12.96450043 -23
913 0.4838699996 12.96450043 -23
914 1.451609969 12.96450043 -23
915 2.419349909 12.96450043 -23
916 3.387099981 12.96450043 -23
917 4.354839802 12.96450043 -23
918 5.322579861 12.96450043 -23
919 6.29031992 12.96450043 -23
920 7.258059978 12.96450043 -23
921 8.225810051 12.96450043 -23
922 9.19355011 12.96450043 -23
923 10.16129971 12.96450043 -23
924 11.12899971 12.96450043 -23
925 12.09679985 12.96450043 -23
926 13.06449986 12.96450043 -23
927 14.0323 12.96450043 -23
928 15 12.96450043 -23
929 -15 13.96170044 -23
930 -14.0323 13.96170044 -23
931 -13.06449986 13.96170044 -23
932 -12.09679985 13.96170044 -23
933 -11.12899971 13.96170044 -23
934 -10.16129971 13.96170044 -23
935 -9.19355011 13.96170044 -23
936 -8.225810051 13.96170044 -23
937 -7.258059978 13.96170044 -23
938 -6.29031992 13.96170044 -23
939 -5.322579861 13.96170044 -23
940 -4.354839802 13.96170044 -23
941 -3.387099981 13.96170044 -23
942 -2.419349909 13.96170044 -23
943 -1.451609969 13.96170044 -23
944 -0.4838699996 13.96170044 -23
945 0.4838699996 13.96170044 -23
946 1.451609969 13.96170044 -23
947 2.419349909 13.96170044 -23
948 3.387099981 13.96170044 -23
949 4.354839802 13.96170044 -23
950 5.322579861 13.96170044 -23
951 6.29031992 13.96170044 -23
952 7.258059978 13.96170044 -23
953 8.225810051 13.96170044 -23
954 9.19355011 13.96170044 -23
955 10.16129971 13.96170044 -23
956 11.12899971 13.96170044 -23
957 12.09679985 13.96170044 -23
958 13.06449986 13.96170044 -23
959 14.0323 13.96170044 -23
960 15 13.96170044 -23
961 -15 14.95899963 -23
962 -14.0323 14.95899963 -23
963 -13.06449986 14.95899963 -23
964 -12.09679985 14.95899963 -23
965 -11.12899971 14.95899963 -23
966 -10.16129971 14.95899963 -23
967 -9.19355011 14.95899963 -23
968 -8.225810051 14.95899963 -23
969 -7.258059978 14.95899963 -23
970 -6.29031992 14.95899963 -23
971 -5.322579861 14.95899963 -23
972 -4.354839802 14.95899963 -23
973 -3.387099981 14.95899963 -23
974 -2.419349909 14.95899963 -23
975 -1.451609969 14.95899963 -23
976 -0.4838699996 14.95899963 -23
977 0.4838699996 14.95899963 -23
978 1.451609969 14.95899963 -23
979 2.419349909 14.95899963 -23
980 3.387099981 14.95899963 -23
981 4.354839802 14.95899963 -23
982 5.322579861 14.95899963 -23
983 6.29031992 14.95899963 -23
984 7.258059978 14.95899963 -23
985 8.225810051 14.95899963 -23
986 9.19355011 14.95899963 -23
987 10.16129971 14.95899963 -23
988 11.12899971 14.95899963 -23
989 12.09679985 14.95899963 -23
990 13.06449986 14.95899963 -23
991 14.0323 14.95899963 -23
992 15 14.95899963 -23
993 15 -13.96170044 -22
994 15 -14.95899963 -22
995 15 -13.96170044 -21
996 15 -14.95899963 -21
997 15 -13.96170044 -20
998 15 -14.95899963 -20
999 15 -13.96170044 -19
1000 15 -14.95899963 -19
1001 15 -13.96170044 -18
1002 15 -14.95899963 -18
1003 15 -13.96170044 -17
1004 15 -14.95899963 -17
1005 15 -13.96170044 -16
1006 15 -14.95899963 -16
1007 15 -13.96170044 -15
1008 15 -14.95899963 -15
1009 15 -13.96170044 -14
1010 15 -14.95899963 -14
1011 15 -13.96170044 -13
1012 15 -14.95899963 -13
1013 15 -13.96170044 -12
1014 15 -14.95899963 -12
1015 15 -13.96170044 -11
1016 15 -14.95899963 -11
1017 15 -13.96170044 -10
1018 15 -14.95899963 -10
1019 15 -13.96170044 -9
1020 15 -14.95899963 -9
1021 15 -13.96170044 -8
1022 15 -14.95899963 -8
1023 15 -13.96170044 -7
1024 15 -14.95899963 -7
1025 15 -13.96170044 -6
1026 15 -14.95899963 -6
1027 15 -13.96170044 -5
1028 15 -14.95899963 -5
1029 15 -13.96170044 -4
1030 15 -14.95899963 -4
1031 15 -13.96170044 -3
1032 15 -14.95899963 -3
1033 15 -13.96170044 -2
1034 15 -14.95899963 -2
1035 15 -13.96170044 -1
1036 15 -14.95899963 -1
1037 15 -13.96170044 0
1038 15 -14.95899963 0
1039 15 -12.96450043 -22
1040 15 -12.96450043 -21
1041 15 -12.96450043 -20
1042 15 -12.96450043 -19
1043 15 -12.96450043 -18
1044 15 -12.96450043 -17
1045 15 -12.96450043 -16
1046 15 -12.96450043 -15
1047 15 -12.96450043 -14
1048 15 -12.96450043 -13
1049 15 -12.96450043 -12
1050 15 -12.96450043 -11
1051 15 -12.96450043 -10
1052 15 -12.96450043 -9
1053 15 -12.96450043 -8
1054 15 -12.96450043 -7
1055 15 -12.96450043 -6
1056 15 -12.96450043 -5
1057 15 -12.96450043 -4
1058 15 -12.96450043 -3
1059 15 -12.96450043 -2
1060 15 -12.96450043 -1
1061 15 -12.96450043 0
1062 15 -11.96720028 -22
1063 15 -11.96720028 -21
1064 15 -11.96720028 -20
1065 15 -11.96720028 -19
1066 15 -11.96720028 -18
1067 15 -11.96720028 -17
1068 15 -11.96720028 -16
1069 15 -11.96720028 -15
1070 15 -11.96720028 -14
1071 15 -11.96720028 -13
1072 15 -11.96720028 -12
1073 15 -11.96720028 -11
1074 15 -11.96720028 -10
1075 15 -11.96720028 -9
1076 15 -11.96720028 -8
1077 15 -11.96720028 -7
1078 15 -11.96720028 -6
1079 15 -11.96720028 -5
1080 15 -11.96720028 -4
1081 15 -11.96720028 -3
1082 15 -11.96720028 -2
1083 15 -11.96720028 -1
1084 15 -11.96720028 0
1085 15 -10.96990013 -22
1086 15 -10.96990013 -21
1087 15 -10.96990013 -20
1088 15 -10.96990013 -19
1089 15 -10.96990013 -18
1090 15 -10.96990013 -17
1091 15 -10.96990013 -16
1092 15 -10.96990013 -15
1093 15 -10.96990013 -14
1094 15 -10.96990013 -13
1095 15 -10.96990013 -12
1096 15 -10.96990013 -11
1097 15 -10.96990013 -10
1098 15 -10.96990013 -9
1099 15 -10.96990013 -8
1100 15 -10.96990013 -7
1101 15 -10.96990013 -6
1102 15 -10.96990013 -5
1103 15 -10.96990013 -4
1104 15 -10.96990013 -3
1105 15 -10.96990013 -2
1106 15 -10.96990013 -1
1107 15 -10.96990013 0
1108 15 -9.972680092 -22
1109 15 -9.972680092 -21
1110 15 -9.972680092 -20
1111 15 -9.972680092 -19
1112 15 -9.972680092 -18
1113 15 -9.972680092 -17
1114 15 -9.972680092 -16
1115 15 -9.972680092 -15
1116 15 -9.972680092 -14
1117 15 -9.972680092 -13
1118 15 -9.972680092 -12
1119 15 -9.972680092 -11
1120 15 -9.972680092 -10
1121 15 -9.972680092 -9
1122 15 -9.972680092 -8
1123 15 -9.972680092 -7
1124 15 -9.972680092 -6
1125 15 -9.972680092 -5
1126 15 -9.972680092 -4
1127 15 -9.972680092 -3
1128 15 -9.972680092 -2
1129 15 -9.972680092 -1
1130 15 -9.972680092 0
1131 15 -8.975410461 -22
1132 15 -8.975410461 -21
1133 15 -8.975410461 -20
1134 15 -8.975410461 -19
1135 15 -8.975410461 -18
1136 15 -8.975410461 -17
1137 15 -8.975410461 -16
1138 15 -8.975410461 -15
1139 15 -8.975410461 -14
1140 15 -8.975410461 -13
1141 15 -8.975410461 -12
1142 15 -8.975410461 -11
1143 15 -8.975410461 -10
1144 15 -8.975410461 -9
1145 15 -8.975410461 -8
1146 15 -8.975410461 -7
1147 15 -8.975410461 -6
1148 15 -8.975410461 -5
1149 15 -8.975410461 -4
1150 15 -8.975410461 -3
1151 15 -8.975410461 -2
1152 15 -8.975410461 -1
1153 15 -8.975410461 0
1154 15 -7.978139877 -22
1155 15 -7.978139877 -21
1156 15 -7.978139877 -20
1157 15 -7.978139877 -19
1158 15 -7.978139877 -18
1159 15 -7.978139877 -17
1160 15 -7.978139877 -16
1161 15 -7.978139877 -15
1162 15 -7.978139877 -14
1163 15 -7.978139877 -13
1164 15 -7.978139877 -12
1165 15 -7.978139877 -11
1166 15 -7.978139877 -10
1167 15 -7.978139877 -9
1168 15 -7.978139877 -8
1169 15 -7.978139877 -7
1170 15 -7.978139877 -6
1171 15 -7.978139877 -5
1172 15 -7.978139877 -4
1173 15 -7.978139877 -3
1174 15 -7.978139877 -2
1175 15 -7.978139877 -1
1176 15 -7.978139877 0
1177 15 -6.98086977 -22
1178 15 -6.98086977 -21
1179 15 -6.98086977 -20
1180 15 -6.98086977 -19
1181 15 -6.98086977 -18
1182 15 -6.98086977 -17
1183 15 -6.98086977 -16
1184 15 -6.98086977 -15
1185 15 -6.98086977 -14
1186 15 -6.98086977 -13
1187 15 -6.98086977 -12
1188 15 -6.98086977 -11
1189 15 -6.98086977 -10
1190 15 -6.98086977 -9
1191 15 -6.98086977 -8
1192 15 -6.98086977 -7
1193 15 -6.98086977 -6
1194 15 -6.98086977 -5
1195 15 -6.98086977 -4
1196 15 -6.98086977 -3
1197 15 -6.98086977 -2
1198 15 -6.98086977 -1
1199 15 -6.98086977 0
1200 15 -5.983610153 -22
1201 15 -5.983610153 -21
1202 15 -5.983610153 -20
1203 15 -5.983610153 -19
1204 15 -5.983610153 -18
1205 15 -5.983610153 -17
1206 15 -5.983610153 -16
1207 15 -5.983610153 -15
1208 15 -5.983610153 -14
1209 15 -5.983610153 -13
1210 15 -5.983610153 -12
1211 15 -5.983610153 -11
1212 15 -5.983610153 -10
1213 15 -5.983610153 -9
1214 15 -5.983610153 -8
1215 15 -5.983610153 -7
1216 15 -5.983610153 -6
1217 15 -5.983610153 -5
1218 15 -5.983610153 -4
1219 15 -5.983610153 -3
1220 15 -5.983610153 -2
1221 15 -5.983610153 -1
1222 15 -5.983610153 0
1223 15 -4.986340046 -22
1224 15 -4.986340046 -21
1225 15 -4.986340046 -20
1226 15 -4.986340046 -19
1227 15 -4.986340046 -18
1228 15 -4.986340046 -17
1229 15 -4.986340046 -16
1230 15 -4.986340046 -15
1231 15 -4.986340046 -14
1232 15 -4.986340046 -13
1233 15 -4.986340046 -12
1234 15 -4.986340046 -11
1235 15 -4.986340046 -10
1236 15 -4.986340046 -9
1237 15 -4.986340046 -8
1238 15 -4.986340046 -7
1239 15 -4.986340046 -6
1240 15 -4.986340046 -5
1241 15 -4.986340046 -4
1242 15 -4.986340046 -3
1243 15 -4.986340046 -2
1244 15 -4.986340046 -1
1245 15 -4.986340046 0
1246 15 -3.989069939 -22
1247 15 -3.989069939 -21
1248 15 -3.989069939 -20
1249 15 -3.989069939 -19
1250 15 -3.989069939 -18
1251 15 -3.989069939 -17
1252 15 -3.989069939 -16
1253 15 -3.989069939 -15
1254 15 -3.989069939 -14
1255 15 -3.989069939 -13
1256 15 -3.989069939 -12
1257 15 -3.989069939 -11
1258 15 -3.989069939 -10
1259 15 -3.989069939 -9
1260 15 -3.989069939 -8
1261 15 -3.989069939 -7
1262 15 -3.989069939 -6
1263 15 -3.989069939 -5
1264 15 -3.989069939 -4
1265 15 -3.989069939 -3
1266 15 -3.989069939 -2
1267 15 -3.989069939 -1
1268 15 -3.989069939 0
1269 15 -2.99180007 -22
1270 15 -2.99180007 -21
1271 15 -2.99180007 -20
1272 15 -2.99180007 -19
1273 15 -2.99180007 -18
1274 15 -2.99180007 -17
1275 15 -2.99180007 -16
1276 15 -2.99180007 -15
1277 15 -2.99180007 -14
1278 15 -2.99180007 -13
1279 15 -2.99180007 -12
1280 15 -2.99180007 -11
1281 15 -2.99180007 -10
1282 15 -2.99180007 -9
1283 15 -2.99180007 -8
1284 15 -2.99180007 -7
1285 15 -2.99180007 -6
1286 15 -2.99180007 -5
1287 15 -2.99180007 -4
1288 15 -2.99180007 -3
1289 15 -2.99180007 -2
1290 15 -2.99180007 -1
1291 15 -2.99180007 0
1292 15 -1.994539976 -22
1293 15 -1.994539976 -21
1294 15 -1.994539976 -20
1295 15 -1.994539976 -19
1296 15 -1.994539976 -18
1297 15 -1.994539976 -17
1298 15 -1.994539976 -16
1299 15 -1.994539976 -15
1300 15 -1.994539976 -14
1301 15 -1.994539976 -13
1302 15 -1.994539976 -12
1303 15 -1.994539976 -11
1304 15 -1.994539976 -10
1305 15 -1.994539976 -9
1306 15 -1.994539976 -8
1307 15 -1.994539976 -7
1308 15 -1.994539976 -6
1309 15 -1.994539976 -5
1310 15 -1.994539976 -4
1311 15 -1.994539976 -3
1312 15 -1.994539976 -2
1313 15 -1.994539976 -1
1314 15 -1.994539976 0
1315 15 -0.9972699881 -22
1316 15 -0.9972699881 -21
1317 15 -0.9972699881 -20
1318 15 -0.9972699881 -19
1319 15 -0.9972699881 -18
1320 15 -0.9972699881 -17
1321 15 -0.9972699881 -16
1322 15 -0.9972699881 -15
1323 15 -0.9972699881 -14
1324 15 -0.9972699881 -13
1325 15 -0.9972699881 -12
1326 15 -0.9972699881 -11
1327 15 -0.9972699881 -10
1328 15 -0.9972699881 -9
1329 15 -0.9972699881 -8
1330 15 -0.9972699881 -7
1331 15 -0.9972699881 -6
1332 15 -0.9972699881 -5
1333 15 -0.9972699881 -4
1334 15 -0.9972699881 -3
1335 15 -0.9972699881 -2
1336 15 -0.9972699881 -1
1337 15 -0.9972699881 0
1338 15 0 -22
1339 15 0 -21
1340 15 0 -20
1341 15 0 -19
1342 15 0 -18
1343 15 0 -17
1344 15 0 -16
1345 15 0 -15
1346 15 0 -14
1347 15 0 -13
1348 15 0 -12
1349 15 0 -11
1350 15 0 -10
1351 15 0 -9
1352 15 0 -8
1353 15 0 -7
1354 15 0 -6
1355 15 0 -5
1356 15 0 -4
1357 15 0 -3
1358 15 0 -2
1359 15 0 -1
1360 15 0 0
1361 15 0.9972699881 -22
1362 15 0.9972699881 -21
1363 15 0.9972699881 -20
1364 15 0.9972699881 -19
1365 15 0.9972699881 -18
1366 15 0.9972699881 -17
1367 15 0.9972699881 -16
1368 15 0.9972699881 -15
1369 15 0.9972699881 -14
1370 15 0.9972699881 -13
1371 15 0.9972699881 -12
1372 15 0.9972699881 -11
1373 15 0.9972699881 -10
1374 15 0.9972699881 -9
1375 15 0.9972699881 -8
1376 15 0.9972699881 -7
1377 15 0.9972699881 -6
1378 15 0.9972699881 -5
1379 15 0.9972699881 -4
1380 15 0.9972699881 -3
1381 15 0.9972699881 -2
1382 15 0.9972699881 -1
1383 15 0.9972699881 0
1384 15 1.994539976 -22
1385 15 1.994539976 -21
1386 15 1.994539976 -20
1387 15 1.994539976 -19
1388 15 1.994539976 -18
1389 15 1.994539976 -17
1390 15 1.994539976 -16
1391 15 1.994539976 -15
1392 15 1.994539976 -14
1393 15 1.994539976 -13
1394 15 1.994539976 -12
1395 15 1.994539976 -11
1396 15 1.994539976 -10
1397 15 1.994539976 -9
1398 15 1.994539976 -8
1399 15 1.994539976 -7
1400 15 1.994539976 -6
1401 15 1.994539976 -5
1402 15 1.994539976 -4
1403 15 1.994539976 -3
1404 15 1.994539976 -2
1405 15 1.994539976 -1
1406 15 1.994539976 0
1407 15 2.99180007 -22
1408 15 2.99180007 -21
1409 15 2.99180007 -20
1410 15 2.99180007 -19
1411 15 2.99180007 -18
1412 15 2.99180007 -17
1413 15 2.99180007 -16
1414 15 2.99180007 -15
1415 15 2.99180007 -14
1416 15 2.99180007 -13
1417 15 2.99180007 -12
1418 15 2.99180007 -11
1419 15 2.99180007 -10
1420 15 2.99180007 -9
1421 15 2.99180007 -8
1422 15 2.99180007 -7
1423 15 2.99180007 -6
1424 15 2.99180007 -5
1425 15 2.99180007 -4
1426 15 2.99180007 -3
1427 15 2.99180007 -2
1428 15 2.99180007 -1
1429 15 2.99180007 0
1430 15 3.989069939 -22
1431 15 3.989069939 -21
1432 15 3.989069939 -20
1433 15 3.989069939 -19
1434 15 3.989069939 -18
1435 15 3.989069939 -17
1436 15 3.989069939 -16
1437 15 3.989069939 -15
1438 15 3.989069939 -14
1439 15 3.989069939 -13
1440 15 3.989069939 -12
1441 15 3.989069939 -11
1442 15 3.989069939 -10
1443 15 3.989069939 -9
1444 15 3.989069939 -8
1445 15 3.989069939 -7
1446 15 3.989069939 -6
1447 15 3.989069939 -5
1448 15 3.989069939 -4
1449 15 3.989069939 -3
1450 15 3.989069939 -2
1451 15 3.989069939 -1
1452 15 3.989069939 0
1453 15 4.986340046 -22
1454 15 4.986340046 -21
1455 15 4.986340046 -20
1456 15 4.986340046 -19
1457 15 4.986340046 -18
1458 15 4.986340046 -17
1459 15 4.986340046 -16
1460 15 4.986340046 -15
1461 15 4.986340046 -14
1462 15 4.986340046 -13
1463 15 4.986340046 -12
1464 15 4.986340046 -11
1465 15 4.986340046 -10
1466 15 4.986340046 -9
1467 15 4.986340046 -8
1468 15 4.986340046 -7
1469 15 4.986340046 -6
1470 15 4.986340046 -5
1471 15 4.986340046 -4
1472 15 4.986340046 -3
1473 15 4.986340046 -2
1474 15 4.986340046 -1
1475 15 4.986340046 0
1476 15 5.983610153 -22
1477 15 5.983610153 -21
1478 15 5.983610153 -20
1479 15 5.983610153 -19
1480 15 5.983610153 -18
1481 15 5.983610153 -17
1482 15 5.983610153 -16
1483 15 5.983610153 -15
1484 15 5.983610153 -14
1485 15 5.983610153 -13
1486 15 5.983610153 -12
1487 15 5.983610153 -11
1488 15 5.983610153 -10
1489 15 5.983610153 -9
1490 15 5.983610153 -8
1491 15 5.983610153 -7
1492 15 5.983610153 -6
1493 15 5.983610153 -5
1494 15 5.983610153 -4
1495 15 5.983610153 -3
1496 15 5.983610153 -2
1497 15 5.983610153 -1
1498 15 5.983610153 0
1499 15 6.98086977 -22
1500 15 6.98086977 -21
1501 15 6.98086977 -20
1502 15 6.98086977 -19
1503 15 6.98086977 -18
1504 15 6.98086977 -17
1505 15 6.98086977 -16
1506 15 6.98086977 -15
1507 15 6.98086977 -14
1508 15 6.98086977 -13
1509 15 6.98086977 -12
1510 15 6.98086977 -11
1511 15 6.98086977 -10
1512 15 6.98086977 -9
1513 15 6.98086977 -8
1514 15 6.98086977 -7
1515 15 6.98086977 -6
1516 15 6.98086977 -5
1517 15 6.98086977 -4
1518 15 6.98086977 -3
1519 15 6.98086977 -2
1520 15 6.98086977 -1
1521 15 6.98086977 0
1522 15 7.978139877 -22
1523 15 7.978139877 -21
1524 15 7.978139877 -20
1525 15 7.978139877 -19
1526 15 7.978139877 -18
1527 15 7.978139877 -17
1528 15 7.978139877 -16
1529 15 7.978139877 -15
1530 15 7.978139877 -14
1531 15 7.978139877 -13
1532 15 7.978139877 -12
1533 15 7.978139877 -11
1534 15 7.978139877 -10
1535 15 7.978139877 -9
1536 15 7.978139877 -8
1537 15 7.978139877 -7
1538 15 7.978139877 -6
1539 15 7.978139877 -5
1540 15 7.978139877 -4
1541 15 7.978139877 -3
1542 15 7.978139877 -2
1543 15 7.978139877 -1
1544 15 7.978139877 0
1545 15 8.975410461 -22
1546 15 8.975410461 -21
1547 15 8.975410461 -20
1548 15 8.975410461 -19
1549 15 8.975410461 -18
1550 15 8.975410461 -17
1551 15 8.975410461 -16
1552 15 8.975410461 -15
1553 15 8.975410461 -14
1554 15 8.975410461 -13
1555 15 8.975410461 -12
1556 15 8.975410461 -11
1557 15 8.975410461 -10
1558 15 8.975410461 -9
1559 15 8.975410461 -8
1560 15 8.975410461 -7
1561 15 8.975410461 -6
1562 15 8.975410461 -5
1563 15 8.975410461 -4
1564 15 8.975410461 -3
1565 15 8.975410461 -2
1566 15 8.975410461 -1
1567 15 8.975410461 0
1568 15 9.972680092 -22
1569 15 9.972680092 -21
1570 15 9.972680092 -20
1571 15 9.972680092 -19
1572 15 9.972680092 -18
1573 15 9.972680092 -17
1574 15 9.972680092 -16
1575 15 9.972680092 -15
1576 15 9.972680092 -14
1577 15 9.972680092 -13
1578 15 9.972680092 -12
1579 15 9.972680092 -11
1580 15 9.972680092 -10
1581 15 9.972680092 -9
1582 15 9.972680092 -8
1583 15 9.972680092 -7
1584 15 9.972680092 -6
1585 15 9.972680092 -5
1586 15 9.972680092 -4
1587 15 9.972680092 -3
1588 15 9.972680092 -2
1589 15 9.972680092 -1
1590 15 9.972680092 0
1591 15 10.96990013 -22
1592 15 10.96990013 -21
1593 15 10.96990013 -20
1594 15 10.96990013 -19
1595 15 10.96990013 -18
1596 15 10.96990013 -17
1597 15 10.96990013 -16
1598 15 10.96990013 -15
1599 15 10.96990013 -14
1600 15 10.96990013 -13
1601 15 10.96990013 -12
1602 15 10.96990013 -11
1603 15 10.96990013 -10
1604 15 10.96990013 -9
1605 15 10.96990013 -8
1606 15 10.96990013 -7
1607 15 10.96990013 -6
1608 15 10.96990013 -5
1609 15 10.96990013 -4
1610 15 10.96990013 -3
1611 15 10.96990013 -2
1612 15 10.96990013 -1
1613 15 10.96990013 0
1614 15 11.96720028 -22
1615 15 11.96720028 -21
1616 15 11.96720028 -20
1617 15 11.96720028 -19
1618 15 11.96720028 -18
1619 15 11.96720028 -17
1620 15 11.96720028 -16
1621 15 11.96720028 -15
1622 15 11.96720028 -14
1623 15 11.96720028 -13
1624 15 11.96720028 -12
1625 15 11.96720028 -11
1626 15 11.96720028 -10
1627 15 11.96720028 -9
1628 15 11.96720028 -8
1629 15 11.96720028 -7
1630 15 11.96720028 -6
1631 15 11.96720028 -5
1632 15 11.96720028 -4
1633 15 11.96720028 -3
1634 15 11.96720028 -2
1635 15 11.96720028 -1
1636 15 11.96720028 0
1637 15 12.96450043 -22
1638 15 12.96450043 -21
1639 15 12.96450043 -20
1640 15 12.96450043 -19
1641 15 12.96450043 -18
1642 15 12.96450043 -17
1643 15 12.96450043 -16
1644 15 12.96450043 -15
1645 15 12.96450043 -14
1646 15 12.96450043 -13
1647 15 12.96450043 -12
1648 15 12.96450043 -11
1649 15 12.96450043 -10
1650 15 12.96450043 -9
1651 15 12.96450043 -8
1652 15 12.96450043 -7
1653 15 12.96450043 -6
1654 15 12.96450043 -5
1655 15 12.96450043 -4
1656 15 12.96450043 -3
1657 15 12.96450043 -2
1658 15 12.96450043 -1
1659 15 12.96450043 0
1660 15 13.96170044 -22
1661 15 13.96170044 -21
1662 15 13.96170044 -20
1663 15 13.96170044 -19
1664 15 13.96170044 -18
1665 15 13.96170044 -17
1666 15 13.96170044 -16
1667 15 13.96170044 -15
1668 15 13.96170044 -14
1669 15 13.96170044 -13
1670 15 13.96170044 -12
1671 15 13.96170044 -11
1672 15 13.96170044 -10
1673 15 13.96170044 -9
1674 15 13.96170044 -8
1675 15 13.96170044 -7
1676 15 13.96170044 -6
1677 15 13.96170044 -5
1678 15 13.96170044 -4
1679 15 13.96170044 -3
1680 15 13.96170044 -2
1681 15 13.96170044 -1
1682 15 13.96170044 0
1683 15 14.95899963 -22
1684 15 14.95899963 -21
1685 15 14.95899963 -20
1686 15 14.95899963 -19
1687 15 14.95899963 -18
1688 15 14.95899963 -17
1689 15 14.95899963 -16
1690 15 14.95899963 -15
1691 15 14.95899963 -14
1692 15 14.95899963 -13
1693 15 14.95899963 -12
1694 15 14.95899963 -11
1695 15 14.95899963 -10
1696 15 14.95899963 -9
1697 15 14.95899963 -8
1698 15 14.95899963 -7
1699 15 14.95899963 -6
1700 15 14.95899963 -5
1701 15 14.95899963 -4
1702 15 14.95899963 -3
1703 15 14.95899963 -2
1704 15 14.95899963 -1
1705 15 14.95899963 0
1706 -15 -14.95899963 -22
1707 -15 -13.96170044 -22
1708 -15 -12.96450043 -22
1709 -15 -11.96720028 -22
1710 -15 -10.96990013 -22
1711 -15 -9.972680092 -22
1712 -15 -8.975410461 -22
1713 -15 -7.978139877 -22
1714 -15 -6.98086977 -22
1715 -15 -5.983610153 -22
1716 -15 -4.986340046 -22
1717 -15 -3.989069939 -22
1718 -15 -2.99180007 -22
1719 -15 -1.994539976 -22
1720 -15 -0.9972699881 -22
1721 -15 0 -22
1722 -15 0.9972699881 -22
1723 -15 1.994539976 -22
1724 -15 2.99180007 -22
1725 -15 3.989069939 -22
1726 -15 4.986340046 -22
1727 -15 5.983610153 -22
1728 -15 6.98086977 -22
1729 -15 7.978139877 -22
1730 -15 8.975410461 -22
1731 -15 9.972680092 -22
1732 -15 10.96990013 -22
1733 -15 11.96720028 -22
1734 -15 12.96450043 -22
1735 -15 13.96170044 -22
1736 -15 14.95899963 -22
1737 -15 -14.95899963 -21
1738 -15 -13.96170044 -21
1739 -15 -12.96450043 -21
1740 -15 -11.96720028 -21
1741 -15 -10.96990013 -21
1742 -15 -9.972680092 -21
1743 -15 -8.975410461 -21
1744 -15 -7.978139877 -21
1745 -15 -6.98086977 -21
1746 -15 -5.983610153 -21
1747 -15 -4.986340046 -21
1748 -15 -3.989069939 -21
1749 -15 -2.99180007 -21
1750 -15 -1.994539976 -21
1751 -15 -0.9972699881 -21
1752 -15 0 -21
1753 -15 0.9972699881 -21
1754 -15 1.994539976 -21
1755 -15 2.99180007 -21
1756 -15 3.989069939 -21
1757 -15 4.986340046 -21
1758 -15 5.983610153 -21
1759 -15 6.98086977 -21
1760 -15 7.978139877 -21
1761 -15 8.975410461 -21
1762 -15 9.972680092 -21
1763 -15 10.96990013 -21
1764 -15 11.96720028 -21
1765 -15 12.96450043 -21
1766 -15 13.96170044 -21
1767 -15 14.95899963 -21
1768 -15 -14.95899963 -20
1769 -15 -13.96170044 -20
1770 -15 -12.96450043 -20
1771 -15 -11.96720028 -20
1772 -15 -10.96990013 -20
1773 -15 -9.972680092 -20
1774 -15 -8.975410461 -20
1775 -15 -7.978139877 -20
1776 -15 -6.98086977 -20
1777 -15 -5.983610153 -20
1778 -15 -4.986340046 -20
1779 -15 -3.989069939 -20
1780 -15 -2.99180007 -20
1781 -15 -1.994539976 -20
1782 -15 -0.9972699881 -20
1783 -15 0 -20
1784 -15 0.9972699881 -20
1785 -15 1.994539976 -20
1786 -15 2.99180007 -20
1787 -15 3.989069939 -20
1788 -15 4.986340046 -20
1789 -15 5.983610153 -20
1790 -15 6.98086977 -20
1791 -15 7.978139877 -20
1792 -15 8.975410461 -20
1793 -15 9.972680092 -20
1794 -15 10.96990013 -20
1795 -15 11.96720028 -20
1796 -15 12.96450043 -20
1797 -15 13.96170044 -20
1798 -15 14.95899963 -20
1799 -15 -14.95899963 -19
1800 -15 -13.96170044 -19
1801 -15 -12.96450043 -19
1802 -15 -11.96720028 -19
1803 -15 -10.96990013 -19
1804 -15 -9.972680092 -19
1805 -15 -8.975410461 -19
1806 -15 -7.978139877 -19
1807 -15 -6.98086977 -19
1808 -15 -5.983610153 -19
1809 -15 -4.986340046 -19
1810 -15 -3.989069939 -19
1811 -15 -2.99180007 -19
1812 -15 -1.994539976 -19
1813 -15 -0.9972699881 -19
1814 -15 0 -19
1815 -15 0.9972699881 -19
1816 -15 1.994539976 -19
1817 -15 2.99180007 -19
1818 -15 3.989069939 -19
1819 -15 4.986340046 -19
1820 -15 5.983610153 -19
1821 -15 6.98086977 -19
1822 -15 7.978139877 -19
1823 -15 8.975410461 -19
1824 -15 9.972680092 -19
1825 -15 10.96990013 -19
1826 -15 11.96720028 -19
1827 -15 12.96450043 -19
1828 -15 13.96170044 -19
1829 -15 14.95899963 -19
1830 -15 -14.95899963 -18
1831 -15 -13.96170044 -18
1832 -15 -12.96450043 -18
1833 -15 -11.96720028 -18
1834 -15 -10.96990013 -18
1835 -15 -9.972680092 -18
1836 -15 -8.975410461 -18
1837 -15 -7.978139877 -18
1838 -15 -6.98086977 -18
1839 -15 -5.983610153 -18
1840 -15 -4.986340046 -18
1841 -15 -3.989069939 -18
1842 -15 -2.99180007 -18
1843 -15 -1.994539976 -18
1844 -15 -0.9972699881 -18
1845 -15 0 -18
1846 -15 0.9972699881 -18
1847 -15 1.994539976 -18
1848 -15 2.99180007 -18
1849 -15 3.989069939 -18
1850 -15 4.986340046 -18
1851 -15 5.983610153 -18
1852 -15 6.98086977 -18
1853 -15 7.978139877 -18
1854 -15 8.975410461 -18
1855 -15 9.972680092 -18
1856 -15 10.96990013 -18
1857 -15 11.96720028 -18
1858 -15 12.96450043 -18
1859 -15 13.96170044 -18
1860 -15 14.95899963 -18
1861 -15 -14.95899963 -17
1862 -15 -13.96170044 -17
1863 -15 -12.96450043 -17
1864 -15 -11.96720028 -17
1865 -15 -10.96990013 -17
1866 -15 -9.972680092 -17
1867 -15 -8.975410461 -17
1868 -15 -7.978139877 -17
1869 -15 -6.98086977 -17
1870 -15 -5.983610153 -17
1871 -15 -4.986340046 -17
1872 -15 -3.989069939 -17
1873 -15 -2.99180007 -17
1874 -15 -1.994539976 -17
1875 -15 -0.9972699881 -17
1876 -15 0 -17
1877 -15 0.9972699881 -17
1878 -15 1.994539976 -17
1879 -15 2.99180007 -17
1880 -15 3.989069939 -17
1881 -15 4.986340046 -17
1882 -15 5.983610153 -17
1883 -15 6.98086977 -17
1884 -15 7.978139877 -17
1885 -15 8.975410461 -17
1886 -15 9.972680092 -17
1887 -15 10.96990013 -17
1888 -15 11.96720028 -17
1889 -15 12.96450043 -17
1890 -15 13.96170044 -17
1891 -15 14.95899963 -17
1892 -15 -14.95899963 -16
1893 -15 -13.96170044 -16
1894 -15 -12.96450043 -16
1895 -15 -11.96720028 -16
1896 -15 -10.96990013 -16
1897 -15 -9.972680092 -16
1898 -15 -8.975410461 -16
1899 -15 -7.978139877 -16
1900 -15 -6.98086977 -16
1901 -15 -5.983610153 -16
1902 -15 -4.986340046 -16
1903 -15 -3.989069939 -16
1904 -15 -2.99180007 -16
1905 -15 -1.994539976 -16
1906 -15 -0.9972699881 -16
1907 -15 0 -16
1908 -15 0.9972699881 -16
1909 -15 1.994539976 -16
1910 -15 2.99180007 -16
1911 -15 3.989069939 -16
1912 -15 4.986340046 -16
1913 -15 5.983610153 -16
1914 -15 6.98086977 -16
1915 -15 7.978139877 -16
1916 -15 8.975410461 -16
1917 -15 9.972680092 -16
1918 -15 10.96990013 -16
1919 -15 11.96720028 -16
1920 -15 12.96450043 -16
1921 -15 13.96170044 -16
1922 -15 14.95899963 -16
1923 -15 -14.95899963 -15
1924 -15 -13.96170044 -15
1925 -15 -12.96450043 -15
1926 -15 -11.96720028 -15
1927 -15 -10.96990013 -15
1928 -15 -9.972680092 -15
1929 -15 -8.975410461 -15
1930 -15 -7.978139877 -15
1931 -15 -6.98086977 -15
1932 -15 -5.983610153 -15
1933 -15 -4.986340046 -15
1934 -15 -3.989069939 -15
1935 -15 -2.99180007 -15
1936 -15 -1.994539976 -15
1937 -15 -0.9972699881 -15
1938 -15 0 -15
1939 -15 0.9972699881 -15
1940 -15 1.994539976 -15
1941 -15 2.99180007 -15
1942 -15 3.989069939 -15
1943 -15 4.986340046 -15
1944 -15 5.983610153 -15
1945 -15 6.98086977 -15
1946 -15 7.978139877 -15
1947 -15 8.975410461 -15
1948 -15 9.972680092 -15
1949 -15 10.96990013 -15
1950 -15 11.96720028 -15
1951 -15 12.96450043 -15
1952 -15 13.96170044 -15
1953 -15 14.95899963 -15
1954 -15 -14.95899963 -14
1955 -15 -13.96170044 -14
1956 -15 -12.96450043 -14
1957 -15 -11.96720028 -14
1958 -15 -10.96990013 -14
1959 -15 -9.972680092 -14
1960 -15 -8.975410461 -14
1961 -15 -7.978139877 -14
1962 -15 -6.98086977 -14
1963 -15 -5.983610153 -14
1964 -15 -4.986340046 -14
1965 -15 -3.989069939 -14
1966 -15 -2.99180007 -14
1967 -15 -1.994539976 -14
1968 -15 -0.9972699881 -14
1969 -15 0 -14
1970 -15 0.9972699881 -14
1971 -15 1.994539976 -14
1972 -15 2.99180007 -14
1973 -15 3.989069939 -14
1974 -15 4.986340046 -14
1975 -15 5.983610153 -14
1976 -15 6.98086977 -14
1977 -15 7.978139877 -14
1978 -15 8.975410461 -14
1979 -15 9.972680092 -14
1980 -15 10.96990013 -14
1981 -15 11.96720028 -14
1982 -15 12.96450043 -14
1983 -15 13.96170044 -14
1984 -15 14.95899963 -14
1985 -15 -14.95899963 -13
1986 -15 -13.96170044 -13
1987 -15 -12.96450043 -13
1988 -15 -11.96720028 -13
1989 -15 -10.96990013 -13
1990 -15 -9.972680092 -13
1991 -15 -8.975410461 -13
1992 -15 -7.978139877 -13
1993 -15 -6.98086977 -13
1994 -15 -5.983610153 -13
1995 -15 -4.986340046 -13
1996 -15 -3.989069939 -13
1997 -15 -2.99180007 -13
1998 -15 -1.994539976 -13
1999 -15 -0.9972699881 -13
2000 -15 0 -13
2001 -15 0.9972699881 -13
2002 -15 1.994539976 -13
2003 -15 2.99180007 -13
2004 -15 3.989069939 -13
2005 -15 4.986340046 -13
2006 -15 5.983610153 -13
2007 -15 6.98086977 -13
2008 -15 7.978139877 -13
2009 -15 8.975410461 -13
2010 -15 9.972680092 -13
2011 -15 10.96990013 -13
2012 -15 11.96720028 -13
2013 -15 12.96450043 -13
2014 -15 13.96170044 -13
2015 -15 14.95899963 -13
2016 -15 -14.95899963 -12
2017 -15 -13.96170044 -12
2018 -15 -12.96450043 -12
2019 -15 -11.96720028 -12
2020 -15 -10.96990013 -12
2021 -15 -9.972680092 -12
2022 -15 -8.975410461 -12
2023 -15 -7.978139877 -12
2024 -15 -6.98086977 -12
2025 -15 -5.983610153 -12
2026 -15 -4.986340046 -12
2027 -15 -3.989069939 -12
2028 -15 -2.99180007 -12
2029 -15 -1.994539976 -12
2030 -15 -0.9972699881 -12
2031 -15 0 -12
2032 -15 0.9972699881 -12
2033 -15 1.994539976 -12
2034 -15 2.99180007 -12
2035 -15 3.989069939 -12
2036 -15 4.986340046 -12
2037 -15 5.983610153 -12
2038 -15 6.98086977 -12
2039 -15 7.978139877 -12
2040 -15 8.975410461 -12
2041 -15 9.972680092 -12
2042 -15 10.96990013 -12
2043 -15 11.96720028 -12
2044 -15 12.96450043 -12
2045 -15 13.96170044 -12
2046 -15 14.95899963 -12
2047 -15 -14.95899963 -11
2048 -15 -13.96170044 -11
2049 -15 -12.96450043 -11
2050 -15 -11.96720028 -11
2051 -15 -10.96990013 -11
2052 -15 -9.972680092 -11
2053 -15 -8.975410461 -11
2054 -15 -7.978139877 -11
2055 -15 -6.98086977 -11
2056 -15 -5.983610153 -11
2057 -15 -4.986340046 -11
2058 -15 -3.989069939 -11
2059 -15 -2.99180007 -11
2060 -15 -1.994539976 -11
2061 -15 -0.9972699881 -11
2062 -15 0 -11
2063 -15 0.9972699881 -11
2064 -15 1.994539976 -11
2065 -15 2.99180007 -11
2066 -15 3.989069939 -11
2067 -15 4.986340046 -11
2068 -15 5.983610153 -11
2069 -15 6.98086977 -11
2070 -15 7.978139877 -11
2071 -15 8.975410461 -11
2072 -15 9.972680092 -11
2073 -15 10.96990013 -11
2074 -15 11.96720028 -11
2075 -15 12.96450043 -11
2076 -15 13.96170044 -11
2077 -15 14.95899963 -11
2078 -15 -14.95899963 -10
2079 -15 -13.96170044 -10
2080 -15 -12.96450043 -10
2081 -15 -11.96720028 -10
2082 -15 -10.96990013 -10
2083 -15 -9.972680092 -10
2084 -15 -8.975410461 -10
2085 -15 -7.978139877 -10
2086 -15 -6.98086977 -10
2087 -15 -5.983610153 -10
2088 -15 -4.986340046 -10
2089 -15 -3.989069939 -10
2090 -15 -2.99180007 -10
2091 -15 -1.994539976 -10
2092 -15 -0.9972699881 -10
2093 -15 0 -10
2094 -15 0.9972699881 -10
2095 -15 1.994539976 -10
2096 -15 2.99180007 -10
2097 -15 3.989069939 -10
2098 -15 4.986340046 -10
2099 -15 5.983610153 -10
2100 -15 6.98086977 -10
2101 -15 7.978139877 -10
2102 -15 8.975410461 -10
2103 -15 9.972680092 -10
2104 -15 10.96990013 -10
2105 -15 11.96720028 -10
2106 -15 12.96450043 -10
2107 -15 13.96170044 -10
2108 -15 14.95899963 -10
2109 -15 -14.95899963 -9
2110 -15 -13.96170044 -9
2111 -15 -12.96450043 -9
2112 -15 -11.96720028 -9
2113 -15 -10.96990013 -9
2114 -15 -9.972680092 -9
2115 -15 -8.975410461 -9
2116 -15 -7.978139877 -9
2117 -15 -6.98086977 -9
2118 -15 -5.983610153 -9
2119 -15 -4.986340046 -9
2120 -15 -3.989069939 -9
2121 -15 -2.99180007 -9
2122 -15 -1.994539976 -9
2123 -15 -0.9972699881 -9
2124 -15 0 -9
2125 -15 0.9972699881 -9
2126 -15 1.994539976 -9
2127 -15 2.99180007 -9
2128 -15 3.989069939 -9
2129 -15 4.986340046 -9
2130 -15 5.983610153 -9
2131 -15 6.98086977 -9
2132 -15 7.978139877 -9
2133 -15 8.975410461 -9
2134 -15 9.972680092 -9
2135 -15 10.96990013 -9
2136 -15 11.96720028 -9
2137 -15 12.96450043 -9
2138 -15 13.96170044 -9
2139 -15 14.95899963 -9
2140 -15 -14.95899963 -8
2141 -15 -13.96170044 -8
2142 -15 -12.96450043 -8
2143 -15 -11.96720028 -8
2144 -15 -10.96990013 -8
2145 -15 -9.972680092 -8
2146 -15 -8.975410461 -8
2147 -15 -7.978139877 -8
2148 -15 -6.98086977 -8
2149 -15 -5.983610153 -8
2150 -15 -4.986340046 -8
2151 -15 -3.989069939 -8
2152 -15 -2.99180007 -8
2153 -15 -1.994539976 -8
2154 -15 -0.9972699881 -8
2155 -15 0 -8
2156 -15 0.9972699881 -8
2157 -15 1.994539976 -8
2158 -15 2.99180007 -8
2159 -15 3.989069939 -8
2160 -15 4.986340046 -8
2161 -15 5.983610153 -8
2162 -15 6.98086977 -8
2163 -15 7.978139877 -8
2164 -15 8.975410461 -8
2165 -15 9.972680092 -8
2166 -15 10.96990013 -8
2167 -15 11.96720028 -8
2168 -15 12.96450043 -8
2169 -15 13.96170044 -8
2170 -15 14.95899963 -8
2171 -15 -14.95899963 -7
2172 -15 -13.96170044 -7
2173 -15 -12.96450043 -7
2174 -15 -11.96720028 -7
2175 -15 -10.96990013 -7
2176 -15 -9.972680092 -7
2177 -15 -8.975410461 -7
2178 -15 -7.978139877 -7
2179 -15 -6.98086977 -7
2180 -15 -5.983610153 -7
2181 -15 -4.986340046 -7
2182 -15 -3.989069939 -7
2183 -15 -2.99180007 -7
2184 -15 -1.994539976 -7
2185 -15 -0.9972699881 -7
2186 -15 0 -7
2187 -15 0.9972699881 -7
2188 -15 1.994539976 -7
2189 -15 2.99180007 -7
2190 -15 3.989069939 -7
2191 -15 4.986340046 -7
2192 -15 5.983610153 -7
2193 -15 6.98086977 -7
2194 -15 7.978139877 -7
2195 -15 8.975410461 -7
2196 -15 9.972680092 -7
2197 -15 10.96990013 -7
2198 -15 11.96720028 -7
2199 -15 12.96450043 -7
2200 -15 13.96170044 -7
2201 -15 14.95899963 -7
2202 -15 -14.95899963 -6
2203 -15 -13.96170044 -6
2204 -15 -12.96450043 -6
2205 -15 -11.96720028 -6
2206 -15 -10.96990013 -6
2207 -15 -9.972680092 -6
2208 -15 -8.975410461 -6
2209 -15 -7.978139877 -6
2210 -15 -6.98086977 -6
2211 -15 -5.983610153 -6
2212 -15 -4.986340046 -6
2213 -15 -3.989069939 -6
2214 -15 -2.99180007 -6
2215 -15 -1.994539976 -6
2216 -15 -0.9972699881 -6
2217 -15 0 -6
2218 -15 0.9972699881 -6
2219 -15 1.994539976 -6
2220 -15 2.99180007 -6
2221 -15 3.989069939 -6
2222 -15 4.986340046 -6
2223 -15 5.983610153 -6
2224 -15 6.98086977 -6
2225 -15 7.978139877 -6
2226 -15 8.975410461 -6
2227 -15 9.972680092 -6
2228 -15 10.96990013 -6
2229 -15 11.96720028 -6
2230 -15 12.96450043 -6
2231 -15 13.96170044 -6
2232 -15 14.95899963 -6
2233 -15 -14.95899963 -5
2234 -15 -13.96170044 -5
2235 -15 -12.96450043 -5
2236 -15 -11.96720028 -5
2237 -15 -10.96990013 -5
2238 -15 -9.972680092 -5
2239 -15 -8.975410461 -5
2240 -15 -7.978139877 -5
2241 -15 -6.98086977 -5
2242 -15 -5.983610153 -5
2243 -15 -4.986340046 -5
2244 -15 -3.989069939 -5
2245 -15 -2.99180007 -5
2246 -15 -1.994539976 -5
2247 -15 -0.9972699881 -5
2248 -15 0 -5
2249 -15 0.9972699881 -5
2250 -15 1.994539976 -5
2251 -15 2.99180007 -5
2252 -15 3.989069939 -5
2253 -15 4.986340046 -5
2254 -15 5.983610153 -5
2255 -15 6.98086977 -5
2256 -15 7.978139877 -5
2257 -15 8.975410461 -5
2258 -15 9.972680092 -5
2259 -15 10.96990013 -5
2260 -15 11.96720028 -5
2261 -15 12.96450043 -5
2262 -15 13.96170044 -5
2263 -15 14.95899963 -5
2264 -15 -14.95899963 -4
2265 -15 -13.96170044 -4
2266 -15 -12.96450043 -4
2267 -15 -11.96720028 -4
2268 -15 -10.96990013 -4
2269 -15 -9.972680092 -4
2270 -15 -8.975410461 -4
2271 -15 -7.978139877 -4
2272 -15 -6.98086977 -4
2273 -15 -5.983610153 -4
2274 -15 -4.986340046 -4
2275 -15 -3.989069939 -4
2276 -15 -2.99180007 -4
2277 -15 -1.994539976 -4
2278 -15 -0.9972699881 -4
2279 -15 0 -4
2280 -15 0.9972699881 -4
2281 -15 1.994539976 -4
2282 -15 2.99180007 -4
2283 -15 3.989069939 -4
2284 -15 4.986340046 -4
2285 -15 5.983610153 -4
2286 -15 6.98086977 -4
2287 -15 7.978139877 -4
2288 -15 8.975410461 -4
2289 -15 9.972680092 -4
2290 -15 10.96990013 -4
2291 -15 11.96720028 -4
2292 -15 12.96450043 -4
2293 -15 13.96170044 -4
2294 -15 14.95899963 -4
2295 -15 -14.95899963 -3
2296 -15 -13.96170044 -3
2297 -15 -12.96450043 -3
2298 -15 -11.96720028 -3
2299 -15 -10.96990013 -3
2300 -15 -9.972680092 -3
2301 -15 -8.975410461 -3
2302 -15 -7.978139877 -3
2303 -15 -6.98086977 -3
2304 -15 -5.983610153 -3
2305 -15 -4.986340046 -3
2306 -15 -3.989069939 -3
2307 -15 -2.99180007 -3
2308 -15 -1.994539976 -3
2309 -15 -0.9972699881 -3
2310 -15 0 -3
2311 -15 0.9972699881 -3
2312 -15 1.994539976 -3
2313 -15 2.99180007 -3
2314 -15 3.989069939 -3
2315 -15 4.986340046 -3
2316 -15 5.983610153 -3
2317 -15 6.98086977 -3
2318 -15 7.978139877 -3
2319 -15 8.975410461 -3
2320 -15 9.972680092 -3
2321 -15 10.96990013 -3
2322 -15 11.96720028 -3
2323 -15 12.96450043 -3
2324 -15 13.96170044 -3
2325 -15 14.95899963 -3
2326 -15 -14.95899963 -2
2327 -15 -13.96170044 -2
2328 -15 -12.96450043 -2
2329 -15 -11.96720028 -2
2330 -15 -10.96990013 -2
2331 -15 -9.972680092 -2
2332 -15 -8.975410461 -2
2333 -15 -7.978139877 -2
2334 -15 -6.98086977 -2
2335 -15 -5.983610153 -2
2336 -15 -4.986340046 -2
2337 -15 -3.989069939 -2
2338 -15 -2.99180007 -2
2339 -15 -1.994539976 -2
2340 -15 -0.9972699881 -2
2341 -15 0 -2
2342 -15 0.9972699881 -2
2343 -15 1.994539976 -2
2344 -15 2.99180007 -2
2345 -15 3.989069939 -2
2346 -15 4.986340046 -2
2347 -15 5.983610153 -2
2348 -15 6.98086977 -2
2349 -15 7.978139877 -2
2350 -15 8.975410461 -2
2351 -15 9.972680092 -2
2352 -15 10.96990013 -2
2353 -15 11.96720028 -2
2354 -15 12.96450043 -2
2355 -15 13.96170044 -2
2356 -15 14.95899963 -2
2357 -15 -14.95899963 -1
2358 -15 -13.96170044 -1
2359 -15 -12.96450043 -1
2360 -15 -11.96720028 -1
2361 -15 -10.96990013 -1
2362 -15 -9.972680092 -1
2363 -15 -8.975410461 -1
2364 -15 -7.978139877 -1
2365 -15 -6.98086977 -1
2366 -15 -5.983610153 -1
2367 -15 -4.986340046 -1
2368 -15 -3.989069939 -1
2369 -15 -2.99180007 -1
2370 -15 -1.994539976 -1
2371 -15 -0.9972699881 -1
2372 -15 0 -1
2373 -15 0.9972699881 -1
2374 -15 1.994539976 -1
2375 -15 2.99180007 -1
2376 -15 3.989069939 -1
2377 -15 4.986340046 -1
2378 -15 5.983610153 -1
2379 -15 6.98086977 -1
2380 -15 7.978139877 -1
2381 -15 8.975410461 -1
2382 -15 9.972680092 -1
2383 -15 10.96990013 -1
2384 -15 11.96720028 -1
2385 -15 12.96450043 -1
2386 -15 13.96170044 -1
2387 -15 14.95899963 -1
2388 -15 -14.95899963 0
2389 -15 -13.96170044 0
2390 -15 -12.96450043 0
2391 -15 -11.96720028 0
2392 -15 -10.96990013 0
2393 -15 -9.972680092 0
2394 -15 -8.975410461 0
2395 -15 -7.978139877 0
2396 -15 -6.98086977 0
2397 -15 -5.983610153 0
2398 -15 -4.986340046 0
2399 -15 -3.989069939 0
2400 -15 -2.99180007 0
2401 -15 -1.994539976 0
2402 -15 -0.9972699881 0
2403 -15 0 0
2404 -15 0.9972699881 0
2405 -15 1.994539976 0
2406 -15 2.99180007 0
2407 -15 3.989069939 0
2408 -15 4.986340046 0
2409 -15 5.983610153 0
2410 -15 6.98086977 0
2411 -15 7.978139877 0
2412 -15 8.975410461 0
2413 -15 9.972680092 0
2414 -15 10.96990013 0
2415 -15 11.96720028 0
2416 -15 12.96450043 0
2417 -15 13.96170044 0
2418 -15 14.95899963 0
2419 -14.0323 14.95899963 -22
2420 -13.06449986 14.95899963 -22
2421 -12.09679985 14.95899963 -22
2422 -11.12899971 14.95899963 -22
2423 -10.16129971 14.95899963 -22
2424 -9.19355011 14.95899963 -22
2425 -8.225810051 14.95899963 -22
2426 -7.258059978 14.95899963 -22
2427 -6.29031992 14.95899963 -22
2428 -5.322579861 14.95899963 -22
2429 -4.354839802 14.95899963 -22
2430 -3.387099981 14.95899963 -22
2431 -2.419349909 14.95899963 -22
2432 -1.451609969 14.95899963 -22
2433 -0.4838699996 14.95899963 -22
2434 0.4838699996 14.95899963 -22
2435 1.451609969 14.95899963 -22
2436 2.419349909 14.95899963 -22
2437 3.387099981 14.95899963 -22
2438 4.354839802 14.95899963 -22
2439 5.322579861 14.95899963 -22
2440 6.29031992 14.95899963 -22
2441 7.258059978 14.95899963 -22
2442 8.225810051 14.95899963 -22
2443 9.19355011 14.95899963 -22
2444 10.16129971 14.95899963 -22
2445 11.12899971 14.95899963 -22
2446 12.09679985 14.95899963 -22
2447 13.06449986 14.95899963 -22
2448 14.0323 14.95899963 -22
2449 -14.0323 14.95899963 -21
2450 -13.06449986 14.95899963 -21
2451 -12.09679985 14.95899963 -21
2452 -11.12899971 14.95899963 -21
2453 -10.16129971 14.95899963 -21
2454 -9.19355011 14.95899963 -21
2455 -8.225810051 14.95899963 -21
2456 -7.258059978 14.95899963 -21
2457 -6.29031992 14.95899963 -21
2458 -5.322579861 14.95899963 -21
2459 -4.354839802 14.95899963 -21
2460 -3.387099981 14.95899963 -21
2461 -2.419349909 14.95899963 -21
2462 -1.451609969 14.95899963 -21
2463 -0.4838699996 14.95899963 -21
2464 0.4838699996 14.95899963 -21
2465 1.451609969 14.95899963 -21
2466 2.419349909 14.95899963 -21
2467 3.387099981 14.95899963 -21
2468 4.354839802 14.95899963 -21
2469 5.322579861 14.95899963 -21
2470 6.29031992 14.95899963 -21
2471 7.258059978 14.95899963 -21
2472 8.225810051 14.95899963 -21
2473 9.19355011 14.95899963 -21
2474 10.16129971 14.95899963 -21
2475 11.12899971 14.95899963 -21
2476 12.09679985 14.95899963 -21
2477 13.06449986 14.95899963 -21
2478 14.0323 14.95899963 -21
2479 -14.0323 14.95899963 -20
2480 -13.06449986 14.95899963 -20
2481 -12.09679985 14.95899963 -20
2482 -11.12899971 14.95899963 -20
2483 -10.16129971 14.95899963 -20
2484 -9.19355011 14.95899963 -20
2485 -8.225810051 14.95899963 -20
2486 -7.258059978 14.95899963 -20
2487 -6.29031992 14.95899963 -20
2488 -5.322579861 14.95899963 -20
2489 -4.354839802 14.95899963 -20
2490 -3.387099981 14.95899963 -20
2491 -2.419349909 14.95899963 -20
2492 -1.451609969 14.95899963 -20
2493 -0.4838699996 14.95899963 -20
2494 0.4838699996 14.95899963 -20
2495 1.451609969 14.95899963 -20
2496 2.419349909 14.95899963 -20
2497 3.387099981 14.95899963 -20
2498 4.354839802 14.95899963 -20
2499 5.322579861 14.95899963 -20
2500 6.29031992 14.95899963 -20
2501 7.258059978 14.95899963 -20
2502 8.225810051 14.95899963 -20
2503 9.19355011 14.95899963 -20
2504 10.16129971 14.95899963 -20
2505 11.12899971 14.95899963 -20
2506 12.09679985 14.95899963 -20
2507 13.06449986 14.95899963 -20
2508 14.0323 14.95899963 -20
2509 -14.0323 14.95899963 -19
2510 -13.06449986 14.95899963 -19
2511 -12.09679985 14.95899963 -19
2512 -11.12899971 14.95899963 -19
2513 -10.16129971 14.95899963 -19
2514 -9.19355011 14.95899963 -19
2515 -8.225810051 14.95899963 -19
2516 -7.258059978 14.95899963 -19
2517 -6.29031992 14.95899963 -19
2518 -5.322579861 14.95899963 -19
2519 -4.354839802 14.95899963 -19
2520 -3.387099981 14.95899963 -19
2521 -2.419349909 14.95899963 -19
2522 -1.451609969 14.95899963 -19
2523 -0.4838699996 14.95899963 -19
2524 0.4838699996 14.95899963 -19
2525 1.451609969 14.95899963 -19
2526 2.419349909 14.95899963 -19
2527 3.387099981 14.95899963 -19
2528 4.354839802 14.95899963 -19
2529 5.322579861 14.95899963 -19
2530 6.29031992 14.95899963 -19
2531 7.258059978 14.95899963 -19
2532 8.225810051 14.95899963 -19
2533 9.19355011 14.95899963 -19
2534 10.16129971 14.95899963 -19
2535 11.12899971 14.95899963 -19
2536 12.09679985 14.95899963 -19
2537 13.06449986 14.95899963 -19
2538 14.0323 14.95899963 -19
2539 -14.0323 14.95899963 -18
2540 -13.06449986 14.95899963 -18
2541 -12.09679985 14.95899963 -18
2542 -11.12899971 14.95899963 -18
2543 -10.16129971 14.95899963 -18
2544 -9.19355011 14.95899963 -18
2545 -8.225810051 14.95899963 -18
2546 -7.258059978 14.95899963 -18
2547 -6.29031992 14.95899963 -18
2548 -5.322579861 14.95899963 -18
2549 -4.354839802 14.95899963 -18
2550 -3.387099981 14.95899963 -18
2551 -2.419349909 14.95899963 -18
2552 -1.451609969 14.95899963 -18
2553 -0.4838699996 14.95899963 -18
2554 0.4838699996 14.95899963 -18
2555 1.451609969 14.95899963 -18
2556 2.419349909 14.95899963 -18
2557 3.387099981 14.95899963 -18
2558 4.354839802 14.95899963 -18
2559 5.322579861 14.95899963 -18
2560 6.29031992 14.95899963 -18
2561 7.258059978 14.95899963 -18
2562 8.225810051 14.95899963 -18
2563 9.19355011 14.95899963 -18
2564 10.16129971 14.95899963 -18
2565 11.12899971 14.95899963 -18
2566 12.09679985 14.95899963 -18
2567 13.06449986 14.95899963 -18
2568 14.0323 14.95899963 -18
2569 -14.0323 14.95899963 -17
2570 -13.06449986 14.95899963 -17
2571 -12.09679985 14.95899963 -17
2572 -11.12899971 14.95899963 -17
2573 -10.16129971 14.95899963 -17
2574 -9.19355011 14.95899963 -17
2575 -8.225810051 14.95899963 -17
2576 -7.258059978 14.95899963 -17
2577 -6.29031992 14.95899963 -17
2578 -5.322579861 14.95899963 -17
2579 -4.354839802 14.95899963 -17
2580 -3.387099981 14.95899963 -17
2581 -2.419349909 14.95899963 -17
2582 -1.451609969 14.95899963 -17
2583 -0.4838699996 14.95899963 -17
2584 0.4838699996 14.95899963 -17
2585 1.451609969 14.95899963 -17
2586 2.419349909 14.95899963 -17
2587 3.387099981 14.95899963 -17
2588 4.354839802 14.95899963 -17
2589 5.322579861 14.95899963 -17
2590 6.29031992 14.95899963 -17
2591 7.258059978 14.95899963 -17
2592 8.225810051 14.95899963 -17
2593 9.19355011 14.95899963 -17
2594 10.16129971 14.95899963 -17
2595 11.12899971 14.95899963 -17
2596 12.09679985 14.95899963 -17
2597 13.06449986 14.95899963 -17
2598 14.0323 14.95899963 -17
2599 -14.0323 14.95899963 -16
2600 -13.06449986 14.95899963 -16
2601 -12.09679985 14.95899963 -16
2602 -11.12899971 14.95899963 -16
2603 -10.16129971 14.95899963 -16
2604 -9.19355011 14.95899963 -16
2605 -8.225810051 14.95899963 -16
2606 -7.258059978 14.95899963 -16
2607 -6.29031992 14.95899963 -16
2608 -5.322579861 14.95899963 -16
2609 -4.354839802 14.95899963 -16
2610 -3.387099981 14.95899963 -16
2611 -2.419349909 14.95899963 -16
2612 -1.451609969 14.95899963 -16
2613 -0.4838699996 14.95899963 -16
2614 0.4838699996 14.95899963 -16
2615 1.451609969 14.95899963 -16
2616 2.419349909 14.95899963 -16
2617 3.387099981 14.95899963 -16
2618 4.354839802 14.95899963 -16
2619 5.322579861 14.95899963 -16
2620 6.29031992 14.95899963 -16
2621 7.258059978 14.95899963 -16
2622 8.225810051 14.95899963 -16
2623 9.19355011 14.95899963 -16
2624 10.16129971 14.95899963 -16
2625 11.12899971 14.95899963 -16
2626 12.09679985 14.95899963 -16
2627 13.06449986 14.95899963 -16
2628 14.0323 14.95899963 -16
2629 -14.0323 14.95899963 -15
2630 -13.06449986 14.95899963 -15
2631 -12.09679985 14.95899963 -15
2632 -11.12899971 14.95899963 -15
2633 -10.16129971 14.95899963 -15
2634 -9.19355011 14.95899963 -15
2635 -8.225810051 14.95899963 -15
2636 -7.258059978 14.95899963 -15
2637 -6.29031992 14.95899963 -15
2638 -5.322579861 14.95899963 -15
2639 -4.354839802 14.95899963 -15
2640 -3.387099981 14.95899963 -15
2641 -2.419349909 14.95899963 -15
2642 -1.451609969 14.95899963 -15
2643 -0.4838699996 14.95899963 -15
2644 0.4838699996 14.95899963 -15
2645 1.451609969 14.95899963 -15
2646 2.419349909 14.95899963 -15
2647 3.387099981 14.95899963 -15
2648 4.354839802 14.95899963 -15
2649 5.322579861 14.95899963 -15
2650 6.29031992 14.95899963 -15
2651 7.258059978 14.95899963 -15
2652 8.225810051 14.95899963 -15
2653 9.19355011 14.95899963 -15
2654 10.16129971 14.95899963 -15
2655 11.12899971 14.95899963 -15
2656 12.09679985 14.95899963 -15
2657 13.06449986 14.95899963 -15
2658 14.0323 14.95899963 -15
2659 -14.0323 14.95899963 -14
2660 -13.06449986 14.95899963 -14
2661 -12.09679985 14.95899963 -14
2662 -11.12899971 14.95899963 -14
2663 -10.16129971 14.95899963 -14
2664 -9.19355011 14.95899963 -14
2665 -8.225810051 14.95899963 -14
2666 -7.258059978 14.95899963 -14
2667 -6.29031992 14.95899963 -14
2668 -5.322579861 14.95899963 -14
2669 -4.354839802 14.95899963 -14
2670 -3.387099981 14.95899963 -14
2671 -2.419349909 14.95899963 -14
2672 -1.451609969 14.95899963 -14
2673 -0.4838699996 14.95899963 -14
2674 0.4838699996 14.95899963 -14
2675 1.451609969 14.95899963 -14
2676 2.419349909 14.95899963 -14
2677 3.387099981 14.95899963 -14
2678 4.354839802 14.95899963 -14
2679 5.322579861 14.95899963 -14
2680 6.29031992 14.95899963 -14
2681 7.258059978 14.95899963 -14
2682 8.225810051 14.95899963 -14
2683 9.19355011 14.95899963 -14
2684 10.16129971 14.95899963 -14
2685 11.12899971 14.95899963 -14
2686 12.09679985 14.95899963 -14
2687 13.06449986 14.95899963 -14
2688 14.0323 14.95899963 -14
2689 -14.0323 14.95899963 -13
2690 -13.06449986 14.95899963 -13
2691 -12.09679985 14.95899963 -13
2692 -11.12899971 14.95899963 -13
2693 -10.16129971 14.95899963 -13
2694 -9.19355011 14.95899963 -13
2695 -8.225810051 14.95899963 -13
2696 -7.258059978 14.95899963 -13
2697 -6.29031992 14.95899963 -13
2698 -5.322579861 14.95899963 -13
2699 -4.354839802 14.95899963 -13
2700 -3.387099981 14.95899963 -13
2701 -2.419349909 14.95899963 -13
2702 -1.451609969 14.95899963 -13
2703 -0.4838699996 14.95899963 -13
2704 0.4838699996 14.95899963 -13
2705 1.451609969 14.95899963 -13
2706 2.419349909 14.95899963 -13
2707 3.387099981 14.95899963 -13
2708 4.354839802 14.95899963 -13
2709 5.322579861 14.95899963 -13
2710 6.29031992 14.95899963 -13
2711 7.258059978 14.95899963 -13
2712 8.225810051 14.95899963 -13
2713 9.19355011 14.95899963 -13
2714 10.16129971 14.95899963 -13
2715 11.12899971 14.95899963 -13
2716 12.09679985 14.95899963 -13
2717 13.06449986 14.95899963 -13
2718 14.0323 14.95899963 -13
2719 -14.0323 14.95899963 -12
2720 -13.06449986 14.95899963 -12
2721 -12.09679985 14.95899963 -12
2722 -11.12899971 14.95899963 -12
2723 -10.16129971 14.95899963 -12
2724 -9.19355011 14.95899963 -12
2725 -8.225810051 14.95899963 -12
2726 -7.258059978 14.95899963 -12
2727 -6.29031992 14.95899963 -12
2728 -5.322579861 14.95899963 -12
2729 -4.354839802 14.95899963 -12
2730 -3.387099981 14.95899963 -12
2731 -2.419349909 14.95899963 -12
2732 -1.451609969 14.95899963 -12
2733 -0.4838699996 14.95899963 -12
2734 0.4838699996 14.95899963 -12
2735 1.451609969 14.95899963 -12
2736 2.419349909 14.95899963 -12
2737 3.387099981 14.95899963 -12
2738 4.354839802 14.95899963 -12
2739 5.322579861 14.95899963 -12
2740 6.29031992 14.95899963 -12
2741 7.258059978 14.95899963 -12
2742 8.225810051 14.95899963 -12
2743 9.19355011 14.95899963 -12
2744 10.16129971 14.95899963 -12
2745 11.12899971 14.95899963 -12
2746 12.09679985 14.95899963 -12
2747 13.06449986 14.95899963 -12
2748 14.0323 14.95899963 -12
2749 -14.0323 14.95899963 -11
2750 -13.06449986 14.95899963 -11
2751 -12.09679985 14.95899963 -11
2752 -11.12899971 14.95899963 -11
2753 -10.16129971 14.95899963 -11
2754 -9.19355011 14.95899963 -11
2755 -8.225810051 14.95899963 -11
2756 -7.258059978 14.95899963 -11
2757 -6.29031992 14.95899963 -11
2758 -5.322579861 14.95899963 -11
2759 -4.354839802 14.95899963 -11
2760 -3.387099981 14.95899963 -11
2761 -2.419349909 14.95899963 -11
2762 -1.451609969 14.95899963 -11
2763 -0.4838699996 14.95899963 -11
2764 0.4838699996 14.95899963 -11
2765 1.451609969 14.95899963 -11
2766 2.419349909 14.95899963 -11
2767 3.387099981 14.95899963 -11
2768 4.354839802 14.95899963 -11
2769 5.322579861 14.95899963 -11
2770 6.29031992 14.95899963 -11
2771 7.258059978 14.95899963 -11
2772 8.225810051 14.95899963 -11
2773 9.19355011 14.95899963 -11
2774 10.16129971 14.95899963 -11
2775 11.12899971 14.95899963 -11
2776 12.09679985 14.95899963 -11
2777 13.06449986 14.95899963 -11
2778 14.0323 14.95899963 -11
2779 -14.0323 14.95899963 -10
2780 -13.06449986 14.95899963 -10
2781 -12.09679985 14.95899963 -10
2782 -11.12899971 14.95899963 -10
2783 -10.16129971 14.95899963 -10
2784 -9.19355011 14.95899963 -10
2785 -8.225810051 14.95899963 -10
2786 -7.258059978 14.95899963 -10
2787 -6.29031992 14.95899963 -10
2788 -5.322579861 14.95899963 -10
2789 -4.354839802 14.95899963 -10
2790 -3.387099981 14.95899963 -10
2791 -2.419349909 14.95899963 -10
2792 -1.451609969 14.95899963 -10
2793 -0.4838699996 14.95899963 -10
2794 0.4838699996 14.95899963 -10
2795 1.451609969 14.95899963 -10
2796 2.419349909 14.95899963 -10
2797 3.387099981 14.95899963 -10
2798 4.354839802 14.95899963 -10
2799 5.322579861 14.95899963 -10
2800 6.29031992 14.95899963 -10
2801 7.258059978 14.95899963 -10
2802 8.225810051 14.95899963 -10
2803 9.19355011 14.95899963 -10
2804 10.16129971 14.95899963 -10
2805 11.12899971 14.95899963 -10
2806 12.09679985 14.95899963 -10
2807 13.06449986 14.95899963 -10
2808 14.0323 14.95899963 -10
2809 -14.0323 14.95899963 -9
2810 -13.06449986 14.95899963 -9
2811 -12.09679985 14.95899963 -9
2812 -11.12899971 14.95899963 -9
2813 -10.16129971 14.95899963 -9
2814 -9.19355011 14.95899963 -9
2815 -8.225810051 14.95899963 -9
2816 -7.258059978 14.95899963 -9
2817 -6.29031992 14.95899963 -9
2818 -5.322579861 14.95899963 -9
2819 -4.354839802 14.95899963 -9
2820 -3.387099981 14.95899963 -9
2821 -2.419349909 14.95899963 -9
2822 -1.451609969 14.95899963 -9
2823 -0.4838699996 14.95899963 -9
2824 0.4838699996 14.95899963 -9
2825 1.451609969 14.95899963 -9
2826 2.419349909 14.95899963 -9
2827 3.387099981 14.95899963 -9
2828 4.354839802 14.95899963 -9
2829 5.322579861 14.95899963 -9
2830 6.29031992 14.95899963 -9
2831 7.258059978 14.95899963 -9
2832 8.225810051 14.95899963 -9
2833 9.19355011 14.95899963 -9
2834 10.16129971 14.95899963 -9
2835 11.12899971 14.95899963 -9
2836 12.09679985 14.95899963 -9
2837 13.06449986 14.95899963 -9
2838 14.0323 14.95899963 -9
2839 -14.0323 14.95899963 -8
2840 -13.06449986 14.95899963 -8
2841 -12.09679985 14.95899963 -8
2842 -11.12899971 14.95899963 -8
2843 -10.16129971 14.95899963 -8
2844 -9.19355011 14.95899963 -8
2845 -8.225810051 14.95899963 -8
2846 -7.258059978 14.95899963 -8
2847 -6.29031992 14.95899963 -8
2848 -5.322579861 14.95899963 -8
2849 -4.354839802 14.95899963 -8
2850 -3.387099981 14.95899963 -8
2851 -2.419349909 14.95899963 -8
2852 -1.451609969 14.95899963 -8
2853 -0.4838699996 14.95899963 -8
2854 0.4838699996 14.95899963 -8
2855 1.451609969 14.95899963 -8
2856 2.419349909 14.95899963 -8
2857 3.387099981 14.95899963 -8
2858 4.354839802 14.95899963 -8
2859 5.322579861 14.95899963 -8
2860 6.29031992 14.95899963 -8
2861 7.258059978 14.95899963 -8
2862 8.225810051 14.95899963 -8
2863 9.19355011 14.95899963 -8
2864 10.16129971 14.95899963 -8
2865 11.12899971 14.95899963 -8
2866 12.09679985 14.95899963 -8
2867 13.06449986 14.95899963 -8
2868 14.0323 14.95899963 -8
2869 -14.0323 14.95899963 -7
2870 -13.06449986 14.95899963 -7
2871 -12.09679985 14.95899963 -7
2872 -11.12899971 14.95899963 -7
2873 -10.16129971 14.95899963 -7
2874 -9.19355011 14.95899963 -7
2875 -8.225810051 14.95899963 -7
2876 -7.258059978 14.95899963 -7
2877 -6.29031992 14.95899963 -7
2878 -5.322579861 14.95899963 -7
2879 -4.354839802 14.95899963 -7
2880 -3.387099981 14.95899963 -7
2881 -2.419349909 14.95899963 -7
2882 -1.451609969 14.95899963 -7
2883 -0.4838699996 14.95899963 -7
2884 0.4838699996 14.95899963 -7
2885 1.451609969 14.95899963 -7
2886 2.419349909 14.95899963 -7
2887 3.387099981 14.95899963 -7
2888 4.354839802 14.95899963 -7
2889 5.322579861 14.95899963 -7
2890 6.29031992 14.95899963 -7
2891 7.258059978 14.95899963 -7
2892 8.225810051 14.95899963 -7
2893 9.19355011 14.95899963 -7
2894 10.16129971 14.95899963 -7
2895 11.12899971 14.95899963 -7
2896 12.09679985 14.95899963 -7
2897 13.06449986 14.95899963 -7
2898 14.0323 14.95899963 -7
2899 -14.0323 14.95899963 -6
2900 -13.06449986 14.95899963 -6
2901 -12.09679985 14.95899963 -6
2902 -11.12899971 14.95899963 -6
2903 -10.16129971 14.95899963 -6
2904 -9.19355011 14.95899963 -6
2905 -8.225810051 14.95899963 -6
2906 -7.258059978 14.95899963 -6
2907 -6.29031992 14.95899963 -6
2908 -5.322579861 14.95899963 -6
2909 -4.354839802 14.95899963 -6
2910 -3.387099981 14.95899963 -6
2911 -2.419349909 14.95899963 -6
2912 -1.451609969 14.95899963 -6
2913 -0.4838699996 14.95899963 -6
2914 0.4838699996 14.95899963 -6
2915 1.451609969 14.95899963 -6
2916 2.419349909 14.95899963 -6
2917 3.387099981 14.95899963 -6
2918 4.354839802 14.95899963 -6
2919 5.322579861 14.95899963 -6
2920 6.29031992 14.95899963 -6
2921 7.258059978 14.95899963 -6
2922 8.225810051 14.95899963 -6
2923 9.19355011 14.95899963 -6
2924 10.16129971 14.95899963 -6
2925 11.12899971 14.95899963 -6
2926 12.09679985 14.95899963 -6
2927 13.06449986 14.95899963 -6
2928 14.0323 14.95899963 -6
2929 -14.0323 14.95899963 -5
2930 -13.06449986 14.95899963 -5
2931 -12.09679985 14.95899963 -5
2932 -11.12899971 14.95899963 -5
2933 -10.16129971 14.95899963 -5
2934 -9.19355011 14.95899963 -5
2935 -8.225810051 14.95899963 -5
2936 -7.258059978 14.95899963 -5
2937 -6.29031992 14.95899963 -5
2938 -5.322579861 14.95899963 -5
2939 -4.354839802 14.95899963 -5
2940 -3.387099981 14.95899963 -5
2941 -2.419349909 14.95899963 -5
2942 -1.451609969 14.95899963 -5
2943 -0.4838699996 14.95899963 -5
2944 0.4838699996 14.95899963 -5
2945 1.451609969 14.95899963 -5
2946 2.419349909 14.95899963 -5
2947 3.387099981 14.95899963 -5
2948 4.354839802 14.95899963 -5
2949 5.322579861 14.95899963 -5
2950 6.29031992 14.95899963 -5
2951 7.258059978 14.95899963 -5
2952 8.225810051 14.95899963 -5
2953 9.19355011 14.95899963 -5
2954 10.16129971 14.95899963 -5
2955 11.12899971 14.95899963 -5
2956 12.09679985 14.95899963 -5
2957 13.06449986 14.95899963 -5
2958 14.0323 14.95899963 -5
2959 -14.0323 14.95899963 -4
2960 -13.06449986 14.95899963 -4
2961 -12.09679985 14.95899963 -4
2962 -11.12899971 14.95899963 -4
2963 -10.16129971 14.95899963 -4
2964 -9.19355011 14.95899963 -4
2965 -8.225810051 14.95899963 -4
2966 -7.258059978 14.95899963 -4
2967 -6.29031992 14.95899963 -4
2968 -5.322579861 14.95899963 -4
2969 -4.354839802 14.95899963 -4
2970 -3.387099981 14.95899963 -4
2971 -2.419349909 14.95899963 -4
2972 -1.451609969 14.95899963 -4
2973 -0.4838699996 14.95899963 -4
2974 0.4838699996 14.95899963 -4
2975 1.451609969 14.95899963 -4
2976 2.419349909 14.95899963 -4
2977 3.387099981 14.95899963 -4
2978 4.354839802 14.95899963 -4
2979 5.322579861 14.95899963 -4
2980 6.29031992 14.95899963 -4
2981 7.258059978 14.95899963 -4
2982 8.225810051 14.95899963 -4
2983 9.19355011 14.95899963 -4
2984 10.16129971 14.95899963 -4
2985 11.12899971 14.95899963 -4
2986 12.09679985 14.95899963 -4
2987 13.06449986 14.95899963 -4
2988 14.0323 14.95899963 -4
2989 -14.0323 14.95899963 -3
2990 -13.06449986 14.95899963 -3
2991 -12.09679985 14.95899963 -3
2992 -11.12899971 14.95899963 -3
2993 -10.16129971 14.95899963 -3
2994 -9.19355011 14.95899963 -3
2995 -8.225810051 14.95899963 -3
2996 -7.258059978 14.95899963 -3
2997 -6.29031992 14.95899963 -3
2998 -5.322579861 14.95899963 -3
2999 -4.354839802 14.95899963 -3
3000 -3.387099981 14.95899963 -3
3001 -2.419349909 14.95899963 -3
3002 -1.451609969 14.95899963 -3
3003 -0.4838699996 14.95899963 -3
3004 0.4838699996 14.95899963 -3
3005 1.451609969 14.95899963 -3
3006 2.419349909 14.95899963 -3
3007 3.387099981 14.95899963 -3
3008 4.354839802 14.95899963 -3
3009 5.322579861 14.95899963 -3
3010 6.29031992 14.95899963 -3
3011 7.258059978 14.95899963 -3
3012 8.225810051 14.95899963 -3
3013 9.19355011 14.95899963 -3
3014 10.16129971 14.95899963 -3
3015 11.12899971 14.95899963 -3
3016 12.09679985 14.95899963 -3
3017 13.06449986 14.95899963 -3
3018 14.0323 14.95899963 -3
3019 -14.0323 14.95899963 -2
3020 -13.06449986 14.95899963 -2
3021 -12.09679985 14.95899963 -2
3022 -11.12899971 14.95899963 -2
3023 -10.16129971 14.95899963 -2
3024 -9.19355011 14.95899963 -2
3025 -8.225810051 14.95899963 -2
3026 -7.258059978 14.95899963 -2
3027 -6.29031992 14.95899963 -2
3028 -5.322579861 14.95899963 -2
3029 -4.354839802 14.95899963 -2
3030 -3.387099981 14.95899963 -2
3031 -2.419349909 14.95899963 -2
3032 -1.451609969 14.95899963 -2
3033 -0.4838699996 14.95899963 -2
3034 0.4838699996 14.95899963 -2
3035 1.451609969 14.95899963 -2
3036 2.419349909 14.95899963 -2
3037 3.387099981 14.95899963 -2
3038 4.354839802 14.95899963 -2
3039 5.322579861 14.95899963 -2
3040 6.29031992 14.95899963 -2
3041 7.258059978 14.95899963 -2
3042 8.225810051 14.95899963 -2
3043 9.19355011 14.95899963 -2
3044 10.16129971 14.95899963 -2
3045 11.12899971 14.95899963 -2
3046 12.09679985 14.95899963 -2
3047 13.06449986 14.95899963 -2
3048 14.0323 14.95899963 -2
3049 -14.0323 14.95899963 -1
3050 -13.06449986 14.95899963 -1
3051 -12.09679985 14.95899963 -1
3052 -11.12899971 14.95899963 -1
3053 -10.16129971 14.95899963 -1
3054 -9.19355011 14.95899963 -1
3055 -8.225810051 14.95899963 -1
3056 -7.258059978 14.95899963 -1
3057 -6.29031992 14.95899963 -1
3058 -5.322579861 14.95899963 -1
3059 -4.354839802 14.95899963 -1
3060 -3.387099981 14.95899963 -1
3061 -2.419349909 14.95899963 -1
3062 -1.451609969 14.95899963 -1
3063 -0.4838699996 14.95899963 -1
3064 0.4838699996 14.95899963 -1
3065 1.451609969 14.95899963 -1
3066 2.419349909 14.95899963 -1
3067 3.387099981 14.95899963 -1
3068 4.354839802 14.95899963 -1
3069 5.322579861 14.95899963 -1
3070 6.29031992 14.95899963 -1
3071 7.258059978 14.95899963 -1
3072 8.225810051 14.95899963 -1
3073 9.19355011 14.95899963 -1
3074 10.16129971 14.95899963 -1
3075 11.12899971 14.95899963 -1
3076 12.09679985 14.95899963 -1
3077 13.06449986 14.95899963 -1
3078 14.0323 14.95899963 -1
3079 -14.0323 14.95899963 0
3080 -13.06449986 14.95899963 0
3081 -12.09679985 14.95899963 0
3082 -11.12899971 14.95899963 0
3083 -10.16129971 14.95899963 0
3084 -9.19355011 14.95899963 0
3085 -8.225810051 14.95899963 0
3086 -7.258059978 14.95899963 0
3087 -6.29031992 14.95899963 0
3088 -5.322579861 14.95899963 0
3089 -4.354839802 14.95899963 0
3090 -3.387099981 14.95899963 0
3091 -2.419349909 14.95899963 0
3092 -1.451609969 14.95899963 0
3093 -0.4838699996 14.95899963 0
3094 0.4838699996 14.95899963 0
3095 1.451609969 14.95899963 0
3096 2.419349909 14.95899963 0
3097 3.387099981 14.95899963 0
3098 4.354839802 14.95899963 0
3099 5.322579861 14.95899963 0
3100 6.29031992 14.95899963 0
3101 7.258059978 14.95899963 0
3102 8.225810051 14.95899963 0
3103 9.19355011 14.95899963 0
3104 10.16129971 14.95899963 0
3105 11.12899971 14.95899963 0
3106 12.09679985 14.95899963 0
3107 13.06449986 14.95899963 0
3108 14.0323 14.95899963 0
3109 -14.0323 -14.95899963 -22
3110 -14.0323 -14.95899963 -21
3111 -14.0323 -14.95899963 -20
3112 -14.0323 -14.95899963 -19
3113 -14.0323 -14.95899963 -18
3114 -14.0323 -14.95899963 -17
3115 -14.0323 -14.95899963 -16
3116 -14.0323 -14.95899963 -15
3117 -14.0323 -14.95899963 -14
3118 -14.0323 -14.95899963 -13
3119 -14.0323 -14.95899963 -12
3120 -14.0323 -14.95899963 -11
3121 -14.0323 -14.95899963 -10
3122 -14.0323 -14.95899963 -9
3123 -14.0323 -14.95899963 -8
3124 -14.0323 -14.95899963 -7
3125 -14.0323 -14.95899963 -6
3126 -14.0323 -14.95899963 -5
3127 -14.0323 -14.95899963 -4
3128 -14.0323 -14.95899963 -3
3129 -14.0323 -14.95899963 -2
3130 -14.0323 -14.95899963 -1
3131 -14.0323 -14.95899963 0
3132 -13.06449986 -14.95899963 -22
3133 -13.06449986 -14.95899963 -21
3134 -13.06449986 -14.95899963 -20
3135 -13.06449986 -14.95899963 -19
3136 -13.06449986 -14.95899963 -18
3137 -13.06449986 -14.95899963 -17
3138 -13.06449986 -14.95899963 -16
3139 -13.06449986 -14.95899963 -15
3140 -13.06449986 -14.95899963 -14
3141 -13.06449986 -14.95899963 -13
3142 -13.06449986 -14.95899963 -12
3143 -13.06449986 -14.95899963 -11
3144 -13.06449986 -14.95899963 -10
3145 -13.06449986 -14.95899963 -9
3146 -13.06449986 -14.95899963 -8
3147 -13.06449986 -14.95899963 -7
3148 -13.06449986 -14.95899963 -6
3149 -13.06449986 -14.95899963 -5
3150 -13.06449986 -14.95899963 -4
3151 -13.06449986 -14.95899963 -3
3152 -13.06449986 -14.95899963 -2
3153 -13.06449986 -14.95899963 -1
3154 -13.06449986 -14.95899963 0
3155 -12.09679985 -14.95899963 -22
3156 -12.09679985 -14.95899963 -21
3157 -12.09679985 -14.95899963 -20
3158 -12.09679985 -14.95899963 -19
3159 -12.09679985 -14.95899963 -18
3160 -12.09679985 -14.95899963 -17
3161 -12.09679985 -14.95899963 -16
3162 -12.09679985 -14.95899963 -15
3163 -12.09679985 -14.95899963 -14
3164 -12.09679985 -14.95899963 -13
3165 -12.09679985 -14.95899963 -12
3166 -12.09679985 -14.95899963 -11
3167 -12.09679985 -14.95899963 -10
3168 -12.09679985 -14.95899963 -9
3169 -12.09679985 -14.95899963 -8
3170 -12.09679985 -14.95899963 -7
3171 -12.09679985 -14.95899963 -6
3172 -12.09679985 -14.95899963 -5
3173 -12.09679985 -14.95899963 -4
3174 -12.09679985 -14.95899963 -3
3175 -12.09679985 -14.95899963 -2
3176 -12.09679985 -14.95899963 -1
3177 -12.09679985 -14.95899963 0
3178 -11.12899971 -14.95899963 -22
3179 -11.12899971 -14.95899963 -21
3180 -11.12899971 -14.95899963 -20
3181 -11.12899971 -14.95899963 -19
3182 -11.12899971 -14.95899963 -18
3183 -11.12899971 -14.95899963 -17
3184 -11.12899971 -14.95899963 -16
3185 -11.12899971 -14.95899963 -15
3186 -11.12899971 -14.95899963 -14
3187 -11.12899971 -14.95899963 -13
3188 -11.12899971 -14.95899963 -12
3189 -11.12899971 -14.95899963 -11
3190 -11.12899971 -14.95899963 -10
3191 -11.12899971 -14.95899963 -9
3192 -11.12899971 -14.95899963 -8
3193 -11.12899971 -14.95899963 -7
3194 -11.12899971 -14.95899963 -6
3195 -11.12899971 -14.95899963 -5
3196 -11.12899971 -14.95899963 -4
3197 -11.12899971 -14.95899963 -3
3198 -11.12899971 -14.95899963 -2
3199 -11.12899971 -14.95899963 -1
3200 -11.12899971 -14.95899963 0
3201 -10.16129971 -14.95899963 -22
3202 -10.16129971 -14.95899963 -21
3203 -10.16129971 -14.95899963 -20
3204 -10.16129971 -14.95899963 -19
3205 -10.16129971 -14.95899963 -18
3206 -10.16129971 -14.95899963 -17
3207 -10.16129971 -14.95899963 -16
3208 -10.16129971 -14.95899963 -15
3209 -10.16129971 -14.95899963 -14
3210 -10.16129971 -14.95899963 -13
3211 -10.16129971 -14.95899963 -12
3212 -10.16129971 -14.95899963 -11
3213 -10.16129971 -14.95899963 -10
3214 -10.16129971 -14.95899963 -9
3215 -10.16129971 -14.95899963 -8
3216 -10.16129971 -14.95899963 -7
3217 -10.16129971 -14.95899963 -6
3218 -10.16129971 -14.95899963 -5
3219 -10.16129971 -14.95899963 -4
3220 -10.16129971 -14.95899963 -3
3221 -10.16129971 -14.95899963 -2
3222 -10.16129971 -14.95899963 -1
3223 -10.16129971 -14.95899963 0
3224 -9.19355011 -14.95899963 -22
3225 -9.19355011 -14.95899963 -21
3226 -9.19355011 -14.95899963 -20
3227 -9.19355011 -14.95899963 -19
3228 -9.19355011 -14.95899963 -18
3229 -9.19355011 -14.95899963 -17
3230 -9.19355011 -14.95899963 -16
3231 -9.19355011 -14.95899963 -15
3232 -9.19355011 -14.95899963 -14
3233 -9.19355011 -14.95899963 -13
3234 -9.19355011 -14.95899963 -12
3235 -9.19355011 -14.95899963 -11
3236 -9.19355011 -14.95899963 -10
3237 -9.19355011 -14.95899963 -9
3238 -9.19355011 -14.95899963 -8
3239 -9.19355011 -14.95899963 -7
3240 -9.19355011 -14.95899963 -6
3241 -9.19355011 -14.95899963 -5
3242 -9.19355011 -14.95899963 -4
3243 -9.19355011 -14.95899963 -3
3244 -9.19355011 -14.95899963 -2
3245 -9.19355011 -14.95899963 -1
3246 -9.19355011 -14.95899963 0
3247 -8.225810051 -14.95899963 -22
3248 -8.225810051 -14.95899963 -21
3249 -8.225810051 -14.95899963 -20
3250 -8.225810051 -14.95899963 -19
3251 -8.225810051 -14.95899963 -18
3252 -8.225810051 -14.95899963 -17
3253 -8.225810051 -14.95899963 -16
3254 -8.225810051 -14.95899963 -15
3255 -8.225810051 -14.95899963 -14
3256 -8.225810051 -14.95899963 -13
3257 -8.225810051 -14.95899963 -12
3258 -8.225810051 -14.95899963 -11
3259 -8.225810051 -14.95899963 -10
3260 -8.225810051 -14.95899963 -9
3261 -8.225810051 -14.95899963 -8
3262 -8.225810051 -14.95899963 -7
3263 -8.225810051 -14.95899963 -6
3264 -8.225810051 -14.95899963 -5
3265 -8.225810051 -14.95899963 -4
3266 -8.225810051 -14.95899963 -3
3267 -8.225810051 -14.95899963 -2
3268 -8.225810051 -14.95899963 -1
3269 -8.225810051 -14.95899963 0
3270 -7.258059978 -14.95899963 -22
3271 -7.258059978 -14.95899963 -21
3272 -7.258059978 -14.95899963 -20
3273 -7.258059978 -14.95899963 -19
3274 -7.258059978 -14.95899963 -18
3275 -7.258059978 -14.95899963 -17
3276 -7.258059978 -14.95899963 -16
3277 -7.258059978 -14.95899963 -15
3278 -7.258059978 -14.95899963 -14
3279 -7.258059978 -14.95899963 -13
3280 -7.258059978 -14.95899963 -12
3281 -7.258059978 -14.95899963 -11
3282 -7.258059978 -14.95899963 -10
3283 -7.258059978 -14.95899963 -9
3284 -7.258059978 -14.95899963 -8
3285 -7.258059978 -14.95899963 -7
3286 -7.258059978 -14.95899963 -6
3287 -7.258059978 -14.95899963 -5
3288 -7.258059978 -14.95899963 -4
3289 -7.258059978 -14.95899963 -3
3290 -7.258059978 -14.95899963 -2
3291 -7.258059978 -14.95899963 -1
3292 -7.258059978 -14.95899963 0
3293 -6.29031992 -14.95899963 -22
3294 -6.29031992 -14.95899963 -21
3295 -6.29031992 -14.95899963 -20
3296 -6.29031992 -14.95899963 -19
3297 -6.29031992 -14.95899963 -18
3298 -6.29031992 -14.95899963 -17
3299 -6.29031992 -14.95899963 -16
3300 -6.29031992 -14.95899963 -15
3301 -6.29031992 -14.95899963 -14
3302 -6.29031992 -14.95899963 -13
3303 -6.29031992 -14.95899963 -12
3304 -6.29031992 -14.95899963 -11
3305 -6.29031992 -14.95899963 -10
3306 -6.29031992 -14.95899963 -9
3307 -6.29031992 -14.95899963 -8
3308 -6.29031992 -14.95899963 -7
3309 -6.29031992 -14.95899963 -6
3310 -6.29031992 -14.95899963 -5
3311 -6.29031992 -14.95899963 -4
3312 -6.29031992 -14.95899963 -3
3313 -6.29031992 -14.95899963 -2
3314 -6.29031992 -14.95899963 -1
3315 -6.29031992 -14.95899963 0
3316 -5.322579861 -14.95899963 -22
3317 -5.322579861 -14.95899963 -21
3318 -5.322579861 -14.95899963 -20
3319 -5.322579861 -14.95899963 -19
3320 -5.322579861 -14.95899963 -18
3321 -5.322579861 -14.95899963 -17
3322 -5.322579861 -14.95899963 -16
3323 -5.322579861 -14.95899963 -15
3324 -5.322579861 -14.95899963 -14
3325 -5.322579861 -14.95899963 -13
3326 -5.322579861 -14.95899963 -12
3327 -5.322579861 -14.95899963 -11
3328 -5.322579861 -14.95899963 -10
3329 -5.322579861 -14.95899963 -9
3330 -5.322579861 -14.95899963 -8
3331 -5.322579861 -14.95899963 -7
3332 -5.322579861 -14.95899963 -6
3333 -5.322579861 -14.95899963 -5
3334 -5.322579861 -14.95899963 -4
3335 -5.322579861 -14.95899963 -3
3336 -5.322579861 -14.95899963 -2
3337 -5.322579861 -14.95899963 -1
3338 -5.322579861 -14.95899963 0
3339 -4.354839802 -14.95899963 -22
3340 -4.354839802 -14.95899963 -21
3341 -4.354839802 -14.95899963 -20
3342 -4.354839802 -14.95899963 -19
3343 -4.354839802 -14.95899963 -18
3344 -4.354839802 -14.95899963 -17
3345 -4.354839802 -14.95899963 -16
3346 -4.354839802 -14.95899963 -15
3347 -4.354839802 -14.95899963 -14
3348 -4.354839802 -14.95899963 -13
3349 -4.354839802 -14.95899963 -12
3350 -4.354839802 -14.95899963 -11
3351 -4.354839802 -14.95899963 -10
3352 -4.354839802 -14.95899963 -9
3353 -4.354839802 -14.95899963 -8
3354 -4.354839802 -14.95899963 -7
3355 -4.354839802 -14.95899963 -6
3356 -4.354839802 -14.95899963 -5
3357 -4.354839802 -14.95899963 -4
3358 -4.354839802 -14.95899963 -3
3359 -4.354839802 -14.95899963 -2
3360 -4.354839802 -14.95899963 -1
3361 -4.354839802 -14.95899963 0
3362 -3.387099981 -14.95899963 -22
3363 -3.387099981 -14.95899963 -21
3364 -3.387099981 -14.95899963 -20
3365 -3.387099981 -14.95899963 -19
3366 -3.387099981 -14.95899963 -18
3367 -3.387099981 -14.95899963 -17
3368 -3.387099981 -14.95899963 -16
3369 -3.387099981 -14.95899963 -15
3370 -3.387099981 -14.95899963 -14
3371 -3.387099981 -14.95899963 -13
3372 -3.387099981 -14.95899963 -12
3373 -3.387099981 -14.95899963 -11
3374 -3.387099981 -14.95899963 -10
3375 -3.387099981 -14.95899963 -9
3376 -3.387099981 -14.95899963 -8
3377 -3.387099981 -14.95899963 -7
3378 -3.387099981 -14.95899963 -6
3379 -3.387099981 -14.95899963 -5
3380 -3.387099981 -14.95899963 -4
3381 -3.387099981 -14.95899963 -3
3382 -3.387099981 -14.95899963 -2
3383 -3.387099981 -14.95899963 -1
3384 -3.387099981 -14.95899963 0
3385 -2.419349909 -14.95899963 -22
3386 -2.419349909 -14.95899963 -21
3387 -2.419349909 -14.95899963 -20
3388 -2.419349909 -14.95899963 -19
3389 -2.419349909 -14.95899963 -18
3390 -2.419349909 -14.95899963 -17
3391 -2.419349909 -14.95899963 -16
3392 -2.419349909 -14.95899963 -15
3393 -2.419349909 -14.95899963 -14
3394 -2.419349909 -14.95899963 -13
3395 -2.419349909 -14.95899963 -12
3396 -2.419349909 -14.95899963 -11
3397 -2.419349909 -14.95899963 -10
3398 -2.419349909 -14.95899963 -9
3399 -2.419349909 -14.95899963 -8
3400 -2.419349909 -14.95899963 -7
3401 -2.419349909 -14.95899963 -6
3402 -2.419349909 -14.95899963 -5
3403 -2.419349909 -14.95899963 -4
3404 -2.419349909 -14.95899963 -3
3405 -2.419349909 -14.95899963 -2
3406 -2.419349909 -14.95899963 -1
3407 -2.419349909 -14.95899963 0
3408 -1.451609969 -14.95899963 -22
3409 -1.451609969 -14.95899963 -21
3410 -1.451609969 -14.95899963 -20
3411 -1.451609969 -14.95899963 -19
3412 -1.451609969 -14.95899963 -18
3413 -1.451609969 -14.95899963 -17
3414 -1.451609969 -14.95899963 -16
3415 -1.451609969 -14.95899963 -15
3416 -1.451609969 -14.95899963 -14
3417 -1.451609969 -14.95899963 -13
3418 -1.451609969 -14.95899963 -12
3419 -1.451609969 -14.95899963 -11
3420 -1.451609969 -14.95899963 -10
3421 -1.451609969 -14.95899963 -9
3422 -1.451609969 -14.95899963 -8
3423 -1.451609969 -14.95899963 -7
3424 -1.451609969 -14.95899963 -6
3425 -1.451609969 -14.95899963 -5
3426 -1.451609969 -14.95899963 -4
3427 -1.451609969 -14.95899963 -3
3428 -1.451609969 -14.95899963 -2
3429 -1.451609969 -14.95899963 -1
3430 -1.451609969 -14.95899963 0
3431 -0.4838699996 -14.95899963 -22
3432 -0.4838699996 -14.95899963 -21
3433 -0.4838699996 -14.95899963 -20
3434 -0.4838699996 -14.95899963 -19
3435 -0.4838699996 -14.95899963 -18
3436 -0.4838699996 -14.95899963 -17
3437 -0.4838699996 -14.95899963 -16
3438 -0.4838699996 -14.95899963 -15
3439 -0.4838699996 -14.95899963 -14
3440 -0.4838699996 -14.95899963 -13
3441 -0.4838699996 -14.95899963 -12
3442 -0.4838699996 -14.95899963 -11
3443 -0.4838699996 -14.95899963 -10
3444 -0.4838699996 -14.95899963 -9
3445 -0.4838699996 -14.95899963 -8
3446 -0.4838699996 -14.95899963 -7
3447 -0.4838699996 -14.95899963 -6
3448 -0.4838699996 -14.95899963 -5
3449 -0.4838699996 -14.95899963 -4
3450 -0.4838699996 -14.95899963 -3
3451 -0.4838699996 -14.95899963 -2
3452 -0.4838699996 -14.95899963 -1
3453 -0.4838699996 -14.95899963 0
3454 0.4838699996 -14.95899963 -22
3455 0.4838699996 -14.95899963 -21
3456 0.4838699996 -14.95899963 -20
3457 0.4838699996 -14.95899963 -19
3458 0.4838699996 -14.95899963 -18
3459 0.4838699996 -14.95899963 -17
3460 0.4838699996 -14.95899963 -16
3461 0.4838699996 -14.95899963 -15
3462 0.4838699996 -14.95899963 -14
3463 0.4838699996 -14.95899963 -13
3464 0.4838699996 -14.95899963 -12
3465 0.4838699996 -14.95899963 -11
3466 0.4838699996 -14.95899963 -10
3467 0.4838699996 -14.95899963 -9
3468 0.4838699996 -14.95899963 -8
3469 0.4838699996 -14.95899963 -7
3470 0.4838699996 -14.95899963 -6
3471 0.4838699996 -14.95899963 -5
3472 0.4838699996 -14.95899963 -4
3473 0.4838699996 -14.95899963 -3
3474 0.4838699996 -14.95899963 -2
3475 0.4838699996 -14.95899963 -1
3476 0.4838699996 -14.95899963 0
3477 1.451609969 -14.95899963 -22
3478 1.451609969 -14.95899963 -21
3479 1.451609969 -14.95899963 -20
3480 1.451609969 -14.95899963 -19
3481 1.451609969 -14.95899963 -18
3482 1.451609969 -14.95899963 -17
3483 1.451609969 -14.95899963 -16
3484 1.451609969 -14.95899963 -15
3485 1.451609969 -14.95899963 -14
3486 1.451609969 -14.95899963 -13
3487 1.451609969 -14.95899963 -12
3488 1.451609969 -14.95899963 -11
3489 1.451609969 -14.95899963 -10
3490 1.451609969 -14.95899963 -9
3491 1.451609969 -14.95899963 -8
3492 1.451609969 -14.95899963 -7
3493 1.451609969 -14.95899963 -6
3494 1.451609969 -14.95899963 -5
3495 1.451609969 -14.95899963 -4
3496 1.451609969 -14.95899963 -3
3497 1.451609969 -14.95899963 -2
3498 1.451609969 -14.95899963 -1
3499 1.451609969 -14.95899963 0
3500 2.419349909 -14.95899963 -22
3501 2.419349909 -14.95899963 -21
3502 2.419349909 -14.95899963 -20
3503 2.419349909 -14.95899963 -19
3504 2.419349909 -14.95899963 -18
3505 2.419349909 -14.95899963 -17
3506 2.419349909 -14.95899963 -16
3507 2.419349909 -14.95899963 -15
3508 2.419349909 -14.95899963 -14
3509 2.419349909 -14.95899963 -13
3510 2.419349909 -14.95899963 -12
3511 2.419349909 -14.95899963 -11
3512 2.419349909 -14.95899963 -10
3513 2.419349909 -14.95899963 -9
3514 2.419349909 -14.95899963 -8
3515 2.419349909 -14.95899963 -7
3516 2.419349909 -14.95899963 -6
3517 2.419349909 -14.95899963 -5
3518 2.419349909 -14.95899963 -4
3519 2.419349909 -14.95899963 -3
3520 2.419349909 -14.95899963 -2
3521 2.419349909 -14.95899963 -1
3522 2.419349909 -14.95899963 0
3523 3.387099981 -14.95899963 -22
3524 3.387099981 -14.95899963 -21
3525 3.387099981 -14.95899963 -20
3526 3.387099981 -14.95899963 -19
3527 3.387099981 -14.95899963 -18
3528 3.387099981 -14.95899963 -17
3529 3.387099981 -14.95899963 -16
3530 3.387099981 -14.95899963 -15
3531 3.387099981 -14.95899963 -14
3532 3.387099981 -14.95899963 -13
3533 3.387099981 -14.95899963 -12
3534 3.387099981 -14.95899963 -11
3535 3.387099981 -14.95899963 -10
3536 3.387099981 -14.95899963 -9
3537 3.387099981 -14.95899963 -8
3538 3.387099981 -14.95899963 -7
3539 3.387099981 -14.95899963 -6
3540 3.387099981 -14.95899963 -5
3541 3.387099981 -14.95899963 -4
3542 3.387099981 -14.95899963 -3
3543 3.387099981 -14.95899963 -2
3544 3.387099981 -14.95899963 -1
3545 3.387099981 -14.95899963 0
3546 4.354839802 -14.95899963 -22
3547 4.354839802 -14.95899963 -21
3548 4.354839802 -14.95899963 -20
3549 4.354839802 -14.95899963 -19
3550 4.354839802 -14.95899963 -18
3551 4.354839802 -14.95899963 -17
3552 4.354839802 -14.95899963 -16
3553 4.354839802 -14.95899963 -15
3554 4.354839802 -14.95899963 -14
3555 4.354839802 -14.95899963 -13
3556 4.354839802 -14.95899963 -12
3557 4.354839802 -14.95899963 -11
3558 4.354839802 -14.95899963 -10
3559 4.354839802 -14.95899963 -9
3560 4.354839802 -14.95899963 -8
3561 4.354839802 -14.95899963 -7
3562 4.354839802 -14.95899963 -6
3563 4.354839802 -14.95899963 -5
3564 4.354839802 -14.95899963 -4
3565 4.354839802 -14.95899963 -3
3566 4.354839802 -14.95899963 -2
3567 4.354839802 -14.95899963 -1
3568 4.354839802 -14.95899963 0
3569 5.322579861 -14.95899963 -22
3570 5.322579861 -14.95899963 -21
3571 5.322579861 -14.95899963 -20
3572 5.322579861 -14.95899963 -19
3573 5.322579861 -14.95899963 -18
3574 5.322579861 -14.95899963 -17
3575 5.322579861 -14.95899963 -16
3576 5.322579861 -14.95899963 -15
3577 5.322579861 -14.95899963 -14
3578 5.322579861 -14.95899963 -13
3579 5.322579861 -14.95899963 -12
3580 5.322579861 -14.95899963 -11
3581 5.322579861 -14.95899963 -10
3582 5.322579861 -14.95899963 -9
3583 5.322579861 -14.95899963 -8
3584 5.322579861 -14.95899963 -7
3585 5.322579861 -14.95899963 -6
3586 5.322579861 -14.95899963 -5
3587 5.322579861 -14.95899963 -4
3588 5.322579861 -14.95899963 -3
3589 5.322579861 -14.95899963 -2
3590 5.322579861 -14.95899963 -1
3591 5.322579861 -14.95899963 0
3592 6.29031992 -14.95899963 -22
3593 6.29031992 -14.95899963 -21
3594 6.29031992 -14.95899963 -20
3595 6.29031992 -14.95899963 -19
3596 6.29031992 -14.95899963 -18
3597 6.29031992 -14.95899963 -17
3598 6.29031992 -14.95899963 -16
3599 6.29031992 -14.95899963 -15
3600 6.29031992 -14.95899963 -14
3601 6.29031992 -14.95899963 -13
3602 6.29031992 -14.95899963 -12
3603 6.29031992 -14.95899963 -11
3604 6.29031992 -14.95899963 -10
3605 6.29031992 -14.95899963 -9
3606 6.29031992 -14.95899963 -8
3607 6.29031992 -14.95899963 -7
3608 6.29031992 -14.95899963 -6
3609 6.29031992 -14.95899963 -5
3610 6.29031992 -14.95899963 -4
3611 6.29031992 -14.95899963 -3
3612 6.29031992 -14.95899963 -2
3613 6.29031992 -14.95899963 -1
3614 6.29031992 -14.95899963 0
3615 7.258059978 -14.95899963 -22
3616 7.258059978 -14.95899963 -21
3617 7.258059978 -14.95899963 -20
3618 7.258059978 -14.95899963 -19
3619 7.258059978 -14.95899963 -18
3620 7.258059978 -14.95899963 -17
3621 7.258059978 -14.95899963 -16
3622 7.258059978 -14.95899963 -15
3623 7.258059978 -14.95899963 -14
3624 7.258059978 -14.95899963 -13
3625 7.258059978 -14.95899963 -12
3626 7.258059978 -14.95899963 -11
3627 7.258059978 -14.95899963 -10
3628 7.258059978 -14.95899963 -9
3629 7.258059978 -14.95899963 -8
3630 7.258059978 -14.95899963 -7
3631 7.258059978 -14.95899963 -6
3632 7.258059978 -14.95899963 -5
3633 7.258059978 -14.95899963 -4
3634 7.258059978 -14.95899963 -3
3635 7.258059978 -14.95899963 -2
3636 7.258059978 -14.95899963 -1
3637 7.258059978 -14.95899963 0
3638 8.225810051 -14.95899963 -22
3639 8.225810051 -14.95899963 -21
3640 8.225810051 -14.95899963 -20
3641 8.225810051 -14.95899963 -19
3642 8.225810051 -14.95899963 -18
3643 8.225810051 -14.95899963 -17
3644 8.225810051 -14.95899963 -16
3645 8.225810051 -14.95899963 -15
3646 8.225810051 -14.95899963 -14
3647 8.225810051 -14.95899963 -13
3648 8.225810051 -14.95899963 -12
3649 8.225810051 -14.95899963 -11
3650 8.225810051 -14.95899963 -10
3651 8.225810051 -14.95899963 -9
3652 8.225810051 -14.95899963 -8
3653 8.225810051 -14.95899963 -7
3654 8.225810051 -14.95899963 -6
3655 8.225810051 -14.95899963 -5
3656 8.225810051 -14.95899963 -4
3657 8.225810051 -14.95899963 -3
3658 8.225810051 -14.95899963 -2
3659 8.225810051 -14.95899963 -1
3660 8.225810051 -14.95899963 0
3661 9.19355011 -14.95899963 -22
3662 9.19355011 -14.95899963 -21
3663 9.19355011 -14.95899963 -20
3664 9.19355011 -14.95899963 -19
3665 9.19355011 -14.95899963 -18
3666 9.19355011 -14.95899963 -17
3667 9.19355011 -14.95899963 -16
3668 9.19355011 -14.95899963 -15
3669 9.19355011 -14.95899963 -14
3670 9.19355011 -14.95899963 -13
3671 9.19355011 -14.95899963 -12
3672 9.19355011 -14.95899963 -11
3673 9.19355011 -14.95899963 -10
3674 9.19355011 -14.95899963 -9
3675 9.19355011 -14.95899963 -8
3676 9.19355011 -14.95899963 -7
3677 9.19355011 -14.95899963 -6
3678 9.19355011 -14.95899963 -5
3679 9.19355011 -14.95899963 -4
3680 9.19355011 -14.95899963 -3
3681 9.19355011 -14.95899963 -2
3682 9.19355011 -14.95899963 -1
3683 9.19355011 -14.95899963 0
3684 10.16129971 -14.95899963 -22
3685 10.16129971 -14.95899963 -21
3686 10.16129971 -14.95899963 -20
3687 10.16129971 -14.95899963 -19
3688 10.16129971 -14.95899963 -18
3689 10.16129971 -14.95899963 -17
3690 10.16129971 -14.95899963 -16
3691 10.16129971 -14.95899963 -15
3692 10.16129971 -14.95899963 -14
3693 10.16129971 -14.95899963 -13
3694 10.16129971 -14.95899963 -12
3695 10.16129971 -14.95899963 -11
3696 10.16129971 -14.95899963 -10
3697 10.16129971 -14.95899963 -9
3698 10.16129971 -14.95899963 -8
3699 10.16129971 -14.95899963 -7
3700 10.16129971 -14.95899963 -6
3701 10.16129971 -14.95899963 -5
3702 10.16129971 -14.95899963 -4
3703 10.16129971 -14.95899963 -3
3704 10.16129971 -14.95899963 -2
3705 10.16129971 -14.95899963 -1
3706 10.16129971 -14.95899963 0
3707 11.12899971 -14.95899963 -22
3708 11.12899971 -14.95899963 -21
3709 11.12899971 -14.95899963 -20
3710 11.12899971 -14.95899963 -19
3711 11.12899971 -14.95899963 -18
3712 11.12899971 -14.95899963 -17
3713 11.12899971 -14.95899963 -16
3714 11.12899971 -14.95899963 -15
3715 11.12899971 -14.95899963 -14
3716 11.12899971 -14.95899963 -13
3717 11.12899971 -14.95899963 -12
3718 11.12899971 -14.95899963 -11
3719 11.12899971 -14.95899963 -10
3720 11.12899971 -14.95899963 -9
3721 11.12899971 -14.95899963 -8
3722 11.12899971 -14.95899963 -7
3723 11.12899971 -14.95899963 -6
3724 11.12899971 -14.95899963 -5
3725 11.12899971 -14.95899963 -4
3726 11.12899971 -14.95899963 -3
3727 11.12899971 -14.95899963 -2
3728 11.12899971 -14.95899963 -1
3729 11.12899971 -14.95899963 0
3730 12.09679985 -14.95899963 -22
3731 12.09679985 -14.95899963 -21
3732 12.09679985 -14.95899963 -20
3733 12.09679985 -14.95899963 -19
3734 12.09679985 -14.95899963 -18
3735 12.09679985 -14.95899963 -17
3736 12.09679985 -14.95899963 -16
3737 12.09679985 -14.95899963 -15
3738 12.09679985 -14.95899963 -14
3739 12.09679985 -14.95899963 -13
3740 12.09679985 -14.95899963 -12
3741 12.09679985 -14.95899963 -11
3742 12.09679985 -14.95899963 -10
3743 12.09679985 -14.95899963 -9
3744 12.09679985 -14.95899963 -8
3745 12.09679985 -14.95899963 -7
3746 12.09679985 -14.95899963 -6
3747 12.09679985 -14.95899963 -5
3748 12.09679985 -14.95899963 -4
3749 12.09679985 -14.95899963 -3
3750 12.09679985 -14.95899963 -2
3751 12.09679985 -14.95899963 -1
3752 12.09679985 -14.95899963 0
3753 13.06449986 -14.95899963 -22
3754 13.06449986 -14.95899963 -21
3755 13.06449986 -14.95899963 -20
3756 13.06449986 -14.95899963 -19
3757 13.06449986 -14.95899963 -18
3758 13.06449986 -14.95899963 -17
3759 13.06449986 -14.95899963 -16
3760 13.06449986 -14.95899963 -15
3761 13.06449986 -14.95899963 -14
3762 13.06449986 -14.95899963 -13
3763 13.06449986 -14.95899963 -12
3764 13.06449986 -14.95899963 -11
3765 13.06449986 -14.95899963 -10
3766 13.06449986 -14.95899963 -9
3767 13.06449986 -14.95899963 -8
3768 13.06449986 -14.95899963 -7
3769 13.06449986 -14.95899963 -6
3770 13.06449986 -14.95899963 -5
3771 13.06449986 -14.95899963 -4
3772 13.06449986 -14.95899963 -3
3773 13.06449986 -14.95899963 -2
3774 13.06449986 -14.95899963 -1
3775 13.06449986 -14.95899963 0
3776 14.0323 -14.95899963 -22
3777 14.0323 -14.95899963 -21
3778 14.0323 -14.95899963 -20
3779 14.0323 -14.95899963 -19
3780 14.0323 -14.95899963 -18
3781 14.0323 -14.95899963 -17
3782 14.0323 -14.95899963 -16
3783 14.0323 -14.95899963 -15
3784 14.0323 -14.95899963 -14
3785 14.0323 -14.95899963 -13
3786 14.0323 -14.95899963 -12
3787 14.0323 -14.95899963 -11
3788 14.0323 -14.95899963 -10
3789 14.0323 -14.95899963 -9
3790 14.0323 -14.95899963 -8
3791 14.0323 -14.95899963 -7
3792 14.0323 -14.95899963 -6
3793 14.0323 -14.95899963 -5
3794 14.0323 -14.95899963 -4
3795 14.0323 -14.95899963 -3
3796 14.0323 -14.95899963 -2
3797 14.0323 -14.95899963 -1
3798 14.0323 -14.95899963 0
3799 -14.0625 -14.95899963 0
3800 -14.0323 -13.9939003 0
3801 14.0625 14.95899963 0
3802 14.0323 13.9939003 0
3803 -14.0323 13.9939003 0
3804 14.0323 -13.9939003 0
3805 -14.0323 13.02880001 0
3806 13.06449986 -13.9939003 0
3807 13.125 -14.95899963 0
3808 14.0323 -12.06369972 0
3809 14.0323 -13.02880001 0
3810 -13.06449986 -13.9939003 0
3811 -13.125 -14.95899963 0
3812 13.125 14.95899963 0
3813 13.06449986 13.9939003 0
3814 -14.0323 12.06369972 0
3815 -12.1875 -14.95899963 0
3816 -14.0323 11.09860039 0
3817 -14.0323 10.1335001 0
3818 -13.06449986 10.1335001 0
3819 -13.06449986 11.09860039 0
3820 -13.06449986 -13.02880001 0
3821 -14.0323 -13.02880001 0
3822 14.0323 -11.09860039 0
3823 14.0323 -10.1335001 0
3824 -14.0323 9.168430328 0
3825 -11.25 14.95899963 0
3826 -11.12899971 13.9939003 0
3827 -10.3125 14.95899963 0
3828 -10.16129971 13.9939003 0
3829 14.0323 -8.20333004 0
3830 -8.225810051 -13.9939003 0
3831 -9.19355011 -13.9939003 0
3832 -8.4375 -14.95899963 0
3833 -14.0323 -12.06369972 0
3834 -9.375 14.95899963 0
3835 -4.063690186 4.414340019 0
3836 -4.354839802 5.308040142 0
3837 -5.322579861 4.342939854 0
3838 11.25 -14.95899963 0
3839 11.12899971 -13.9939003 0
3840 10.3125 -14.95899963 0
3841 1.451609969 -6.27312994 0
3842 2.419349909 -6.27312994 0
3843 1.472910047 -5.816400051 0
3844 -7.5 -14.95899963 0
3845 -14.0323 -11.09860039 0
3846 -14.0323 6.27312994 0
3847 -14.0323 5.308040142 0
3848 14.0323 -3.377840042 0
3849 -14.0323 -10.1335001 0
3850 -14.0323 -9.168430328 0
3851 -5.322579861 -13.9939003 0
3852 -6.29031992 -13.9939003 0
3853 -5.625 -14.95899963 0
3854 -6.29031992 13.9939003 0
3855 -6.5625 14.95899963 0
3856 -7.258059978 13.9939003 0
3857 -4.6875 -14.95899963 0
3858 -14.0323 -8.20333004 0
3859 11.12899971 13.9939003 0
3860 12.09679985 13.9939003 0
3861 11.25 14.95899963 0
3862 10.3125 14.95899963 0
3863 9.375 14.95899963 0
3864 10.16129971 13.9939003 0
3865 9.19355011 13.9939003 0
3866 7.5 14.95899963 0
3867 8.225810051 13.9939003 0
3868 8.4375 14.95899963 0
3869 -7.5 14.95899963 0
3870 -2.419349909 -13.9939003 0
3871 -3.387099981 -13.9939003 0
3872 -2.8125 -14.95899963 0
3873 -14.0323 -7.238230228 0
3874 14.0323 -1.447649956 0
3875 -5.625 14.95899963 0
3876 10.16129971 -13.9939003 0
3877 9.375 -14.95899963 0
3878 -1.875 -14.95899963 0
3879 -0.9375 -14.95899963 0
3880 -1.451609969 -13.9939003 0
3881 -14.0323 0.4825499952 0
3882 -14.0323 1.447649956 0
3883 5.674900055 -1.948199987 0
3884 5.27684021 -2.855679989 0
3885 6.29031992 -2.412739992 0
3886 -0.4838699996 -13.9939003 0
3887 -14.0323 -0.4825499952 0
3888 14.0323 1.447649956 0
3889 14.0323 13.02880001 0
3890 14.0323 12.06369972 0
3891 6.5625 14.95899963 0
3892 6.29031992 13.9939003 0
3893 7.258059978 13.9939003 0
3894 14.0323 7.238230228 0
3895 14.0323 6.27312994 0
3896 14.0323 5.308040142 0
3897 14.0323 4.342939854 0
3898 14.0323 3.377840042 0
3899 14.0323 2.412739992 0
3900 13.06449986 3.377840042 0
3901 13.06449986 2.412739992 0
3902 8.4375 -14.95899963 0
3903 8.225810051 -13.9939003 0
3904 7.5 -14.95899963 0
3905 -6 0 0
3906 -6.29031992 0.4825499952 0
3907 -6.29031992 -0.4825499952 0
3908 -5.918169975 0.9875699878 0
3909 -5.674900055 1.948199987 0
3910 -6.29031992 1.447649956 0
3911 -4.6875 14.95899963 0
3912 -4.354839802 13.9939003 0
3913 -3.75 14.95899963 0
3914 -14.0323 -5.308040142 0
3915 -14.0323 -4.342939854 0
3916 -0.4838699996 13.9939003 0
3917 -0.9375 14.95899963 0
3918 -1.451609969 13.9939003 0
3919 3.387099981 -13.9939003 0
3920 2.419349909 -13.9939003 0
3921 2.8125 -14.95899963 0
3922 -3.387099981 13.9939003 0
3923 -2.419349909 13.9939003 0
3924 -2.8125 14.95899963 0
3925 2.410170078 5.494639874 0
3926 2.419349909 6.27312994 0
3927 1.472910047 5.816400051 0
3928 0 14.95899963 0
3929 6 0 0
3930 5.918169975 -0.9875699878 0
3931 6.29031992 -0.4825499952 0
3932 5.27684021 2.855679989 0
3933 5.322579861 3.377840042 0
3934 4.734839916 3.685280085 0
3935 3.281689882 5.022999763 0
3936 4.063690186 4.414340019 0
3937 3.387099981 5.308040142 0
3938 0.4838699996 13.9939003 0
3939 1.451609969 13.9939003 0
3940 0.9375 14.95899963 0
3941 -1.472910047 5.816400051 0
3942 -1.451609969 6.27312994 0
3943 -2.419349909 6.27312994 0
3944 -0.4838699996 6.27312994 0
3945 -0.495480001 5.97950983 0
3946 -14.0323 -3.377840042 0
3947 -13.06449986 -3.377840042 0
3948 -13.06449986 -4.342939854 0
3949 -12.09679985 -4.342939854 0
3950 -12.09679985 -3.377840042 0
3951 -5.322579861 -3.377840042 0
3952 -5.27684021 -2.855679989 0
3953 -6.29031992 -3.377840042 0
3954 -6.29031992 -2.412739992 0
3955 -4.734839916 -3.685280085 0
3956 -5.322579861 -4.342939854 0
3957 -4.063690186 -4.414340019 0
3958 -3.281689882 -5.022999763 0
3959 -3.387099981 -5.308040142 0
3960 -2.410170078 -5.494639874 0
3961 7.258059978 -13.9939003 0
3962 6.5625 -14.95899963 0
3963 -5.322579861 -5.308040142 0
3964 -4.354839802 -5.308040142 0
3965 -7.258059978 -13.9939003 0
3966 -3.387099981 6.27312994 0
3967 -2.410170078 5.494639874 0
3968 -9.19355011 13.9939003 0
3969 -8.4375 14.95899963 0
3970 14.0323 -7.238230228 0
3971 14.0323 -6.27312994 0
3972 3.387099981 -6.27312994 0
3973 3.387099981 -5.308040142 0
3974 2.410170078 -5.494639874 0
3975 9.19355011 -13.9939003 0
3976 -4.354839802 -13.9939003 0
3977 -3.75 -14.95899963 0
3978 5.322579861 4.342939854 0
3979 14.0323 11.09860039 0
3980 14.0323 10.1335001 0
3981 5.674900055 1.948199987 0
3982 6.29031992 2.412739992 0
3983 -8.225810051 13.9939003 0
3984 -13.06449986 13.9939003 0
3985 -13.06449986 13.02880001 0
3986 -12.09679985 13.02880001 0
3987 -12.09679985 13.9939003 0
3988 6.29031992 3.377840042 0
3989 3.387099981 13.9939003 0
3990 4.354839802 13.9939003 0
3991 3.75 14.95899963 0
3992 -14.0323 8.20333004 0
3993 -14.0323 7.238230228 0
3994 0.4838699996 -13.9939003 0
3995 0.9375 -14.95899963 0
3996 1.451609969 -13.9939003 0
3997 3.75 -14.95899963 0
3998 4.354839802 -13.9939003 0
3999 5.322579861 -13.9939003 0
4000 5.625 -14.95899963 0
4001 6.29031992 -13.9939003 0
4002 -5.918169975 -0.9875699878 0
4003 -6.29031992 -1.447649956 0
4004 -5.674900055 -1.948199987 0
4005 -3.281689882 5.022999763 0
4006 -3.387099981 5.308040142 0
4007 -14.0625 14.95899963 0
4008 -13.125 14.95899963 0
4009 14.0323 9.168430328 0
4010 14.0323 8.20333004 0
4011 5.918169975 0.9875699878 0
4012 6.29031992 1.447649956 0
4013 12.09679985 5.308040142 0
4014 12.09679985 4.342939854 0
4015 13.06449986 4.342939854 0
4016 13.06449986 5.308040142 0
4017 13.06449986 -13.02880001 0
4018 12.09679985 -13.02880001 0
4019 12.09679985 -13.9939003 0
4020 12.1875 -14.95899963 0
4021 6.29031992 -1.447649956 0
4022 -5.322579861 -12.06369972 0
4023 -5.322579861 -13.02880001 0
4024 -4.354839802 -13.02880001 0
4025 -4.354839802 -12.06369972 0
4026 -14.0323 4.342939854 0
4027 6.29031992 -3.377840042 0
4028 4.354839802 -5.308040142 0
4029 5.322579861 -4.342939854 0
4030 4.063690186 -4.414340019 0
4031 14.0323 -0.4825499952 0
4032 14.0323 -9.168430328 0
4033 -12.09679985 -6.27312994 0
4034 -12.09679985 -5.308040142 0
4035 -13.06449986 -5.308040142 0
4036 -13.06449986 -6.27312994 0
4037 -5.322579861 13.9939003 0
4038 -10.16129971 -13.9939003 0
4039 -9.375 -14.95899963 0
4040 3.281689882 -5.022999763 0
4041 -9.19355011 4.342939854 0
4042 -9.19355011 3.377840042 0
4043 -8.225810051 3.377840042 0
4044 -8.225810051 4.342939854 0
4045 -4.734839916 3.685280085 0
4046 -12.09679985 -13.9939003 0
4047 -11.25 -14.95899963 0
4048 -14.0323 -2.412739992 0
4049 -14.0323 -1.447649956 0
4050 0 -14.95899963 0
4051 14.0323 -2.412739992 0
4052 -10.3125 -14.95899963 0
4053 -11.12899971 -13.9939003 0
4054 2.419349909 13.9939003 0
4055 1.875 14.95899963 0
4056 2.419349909 8.20333004 0
4057 2.419349909 7.238230228 0
4058 3.387099981 7.238230228 0
4059 3.387099981 8.20333004 0
4060 -0.4838699996 -11.09860039 0
4061 -0.4838699996 -10.1335001 0
4062 -1.451609969 -10.1335001 0
4063 -1.451609969 -11.09860039 0
4064 -2.419349909 -13.02880001 0
4065 -2.419349909 -12.06369972 0
4066 -3.387099981 -12.06369972 0
4067 -3.387099981 -13.02880001 0
4068 12.1875 14.95899963 0
4069 -6.5625 -14.95899963 0
4070 1.451609969 6.27312994 0
4071 -12.09679985 11.09860039 0
4072 -12.09679985 12.06369972 0
4073 -13.06449986 12.06369972 0
4074 0.495480001 -5.97950983 0
4075 -6.29031992 3.377840042 0
4076 -6.29031992 2.412739992 0
4077 -5.27684021 2.855679989 0
4078 -12.09679985 2.412739992 0
4079 -12.09679985 3.377840042 0
4080 -13.06449986 3.377840042 0
4081 -13.06449986 2.412739992 0
4082 -14.0323 2.412739992 0
4083 14.0323 -4.342939854 0
4084 -9.19355011 -10.1335001 0
4085 -9.19355011 -9.168430328 0
4086 -10.16129971 -9.168430328 0
4087 -10.16129971 -10.1335001 0
4088 -1.875 14.95899963 0
4089 -8.225810051 9.168430328 0
4090 -9.19355011 9.168430328 0
4091 -9.19355011 8.20333004 0
4092 -8.225810051 8.20333004 0
4093 2.8125 14.95899963 0
4094 0.4838699996 13.02880001 0
4095 -0.4838699996 13.02880001 0
4096 1.451609969 13.02880001 0
4097 1.451609969 12.06369972 0
4098 2.419349909 12.06369972 0
4099 2.419349909 13.02880001 0
4100 -2.419349909 -6.27312994 0
4101 -1.472910047 -5.816400051 0
4102 2.419349909 9.168430328 0
4103 1.451609969 9.168430328 0
4104 1.451609969 8.20333004 0
4105 -12.1875 14.95899963 0
4106 -11.12899971 13.02880001 0
4107 -11.12899971 12.06369972 0
4108 -10.16129971 12.06369972 0
4109 -10.16129971 13.02880001 0
4110 11.12899971 -13.02880001 0
4111 -9.19355011 -1.447649956 0
4112 -9.19355011 -2.412739992 0
4113 -8.225810051 -2.412739992 0
4114 -8.225810051 -1.447649956 0
4115 -12.09679985 9.168430328 0
4116 -12.09679985 10.1335001 0
4117 -13.06449986 9.168430328 0
4118 -8.225810051 -6.27312994 0
4119 -8.225810051 -7.238230228 0
4120 -7.258059978 -7.238230228 0
4121 -7.258059978 -6.27312994 0
4122 -1.451609969 8.20333004 0
4123 -1.451609969 9.168430328 0
4124 -2.419349909 9.168430328 0
4125 -2.419349909 8.20333004 0
4126 -1.451609969 10.1335001 0
4127 -1.451609969 11.09860039 0
4128 -2.419349909 11.09860039 0
4129 -2.419349909 10.1335001 0
4130 -2.419349909 -7.238230228 0
4131 -1.451609969 -7.238230228 0
4132 -1.451609969 -6.27312994 0
4133 -13.06449986 6.27312994 0
4134 -13.06449986 7.238230228 0
4135 -5.322579861 3.377840042 0
4136 -7.258059978 3.377840042 0
4137 -7.258059978 4.342939854 0
4138 12.09679985 3.377840042 0
4139 5.322579861 -3.377840042 0
4140 6.29031992 -4.342939854 0
4141 4.734839916 -3.685280085 0
4142 0.4838699996 11.09860039 0
4143 0.4838699996 12.06369972 0
4144 -0.4838699996 12.06369972 0
4145 -0.4838699996 11.09860039 0
4146 7.258059978 2.412739992 0
4147 7.258059978 3.377840042 0
4148 3.387099981 10.1335001 0
4149 3.387099981 9.168430328 0
4150 4.354839802 9.168430328 0
4151 4.354839802 10.1335001 0
4152 5.322579861 13.9939003 0
4153 4.6875 14.95899963 0
4154 -1.451609969 13.02880001 0
4155 -2.419349909 13.02880001 0
4156 8.225810051 13.02880001 0
4157 9.19355011 13.02880001 0
4158 -11.12899971 0.4825499952 0
4159 -11.12899971 1.447649956 0
4160 -12.09679985 1.447649956 0
4161 -12.09679985 0.4825499952 0
4162 6.29031992 -10.1335001 0
4163 6.29031992 -9.168430328 0
4164 5.322579861 -9.168430328 0
4165 5.322579861 -10.1335001 0
4166 11.12899971 6.27312994 0
4167 11.12899971 5.308040142 0
4168 12.09679985 6.27312994 0
4169 1.451609969 11.09860039 0
4170 1.451609969 10.1335001 0
4171 2.419349909 10.1335001 0
4172 2.419349909 11.09860039 0
4173 12.09679985 7.238230228 0
4174 11.12899971 7.238230228 0
4175 -10.16129971 -4.342939854 0
4176 -10.16129971 -3.377840042 0
4177 -11.12899971 -3.377840042 0
4178 -11.12899971 -4.342939854 0
4179 6.29031992 -8.20333004 0
4180 5.322579861 -8.20333004 0
4181 12.09679985 -10.1335001 0
4182 12.09679985 -11.09860039 0
4183 13.06449986 -11.09860039 0
4184 13.06449986 -10.1335001 0
4185 0.4838699996 10.1335001 0
4186 -0.4838699996 -6.27312994 0
4187 -0.495480001 -5.97950983 0
4188 -6.29031992 -8.20333004 0
4189 -5.322579861 -8.20333004 0
4190 -5.322579861 -7.238230228 0
4191 -6.29031992 -7.238230228 0
4192 3.387099981 -9.168430328 0
4193 3.387099981 -10.1335001 0
4194 4.354839802 -10.1335001 0
4195 4.354839802 -9.168430328 0
4196 -13.06449986 8.20333004 0
4197 14.0323 0.4825499952 0
4198 12.09679985 -4.342939854 0
4199 12.09679985 -5.308040142 0
4200 13.06449986 -5.308040142 0
4201 13.06449986 -4.342939854 0
4202 14.0323 -5.308040142 0
4203 -1.451609969 -8.20333004 0
4204 -0.4838699996 -8.20333004 0
4205 -0.4838699996 -7.238230228 0
4206 -1.451609969 -9.168430328 0
4207 -0.4838699996 -9.168430328 0
4208 -5.322579861 -10.1335001 0
4209 -5.322579861 -11.09860039 0
4210 -4.354839802 -11.09860039 0
4211 -4.354839802 -10.1335001 0
4212 10.16129971 6.27312994 0
4213 10.16129971 5.308040142 0
4214 -9.19355011 -13.02880001 0
4215 -8.225810051 -13.02880001 0
4216 -6.29031992 13.02880001 0
4217 -5.322579861 13.02880001 0
4218 10.16129971 -4.342939854 0
4219 10.16129971 -5.308040142 0
4220 11.12899971 -5.308040142 0
4221 11.12899971 -4.342939854 0
4222 9.19355011 1.447649956 0
4223 9.19355011 0.4825499952 0
4224 10.16129971 0.4825499952 0
4225 10.16129971 1.447649956 0
4226 4.354839802 13.02880001 0
4227 3.387099981 13.02880001 0
4228 11.12899971 -1.447649956 0
4229 11.12899971 -0.4825499952 0
4230 10.16129971 -0.4825499952 0
4231 10.16129971 -1.447649956 0
4232 -3.387099981 11.09860039 0
4233 -4.354839802 11.09860039 0
4234 -4.354839802 10.1335001 0
4235 -3.387099981 10.1335001 0
4236 13.06449986 1.447649956 0
4237 12.09679985 2.412739992 0
4238 12.09679985 1.447649956 0
4239 7.258059978 -10.1335001 0
4240 7.258059978 -9.168430328 0
4241 8.225810051 -10.1335001 0
4242 8.225810051 -9.168430328 0
4243 -4.354839802 -6.27312994 0
4244 -3.387099981 -6.27312994 0
4245 3.387099981 12.06369972 0
4246 4.354839802 12.06369972 0
4247 5.322579861 13.02880001 0
4248 5.322579861 12.06369972 0
4249 0.495480001 5.97950983 0
4250 -13.06449986 -0.4825499952 0
4251 -13.06449986 -1.447649956 0
4252 -12.09679985 -1.447649956 0
4253 -12.09679985 -0.4825499952 0
4254 -8.225810051 12.06369972 0
4255 -7.258059978 12.06369972 0
4256 -7.258059978 13.02880001 0
4257 -8.225810051 13.02880001 0
4258 -12.09679985 -13.02880001 0
4259 -11.12899971 -13.02880001 0
4260 -11.12899971 -12.06369972 0
4261 -12.09679985 -12.06369972 0
4262 -6.29031992 -6.27312994 0
4263 -6.29031992 -5.308040142 0
4264 -7.258059978 -5.308040142 0
4265 -4.354839802 13.02880001 0
4266 -3.387099981 13.02880001 0
4267 -11.12899971 -5.308040142 0
4268 -3.387099981 12.06369972 0
4269 -4.354839802 12.06369972 0
4270 -5.322579861 12.06369972 0
4271 -5.322579861 11.09860039 0
4272 -13.06449986 1.447649956 0
4273 5.625 14.95899963 0
4274 0.4838699996 -6.27312994 0
4275 8.225810051 -8.20333004 0
4276 7.258059978 -8.20333004 0
4277 8.225810051 -7.238230228 0
4278 7.258059978 -7.238230228 0
4279 0.4838699996 9.168430328 0
4280 0.4838699996 8.20333004 0
4281 -0.4838699996 9.168430328 0
4282 -0.4838699996 8.20333004 0
4283 -3.387099981 -11.09860039 0
4284 1.875 -14.95899963 0
4285 4.354839802 -11.09860039 0
4286 3.387099981 -11.09860039 0
4287 9.19355011 -2.412739992 0
4288 9.19355011 -1.447649956 0
4289 8.225810051 -1.447649956 0
4290 8.225810051 -2.412739992 0
4291 4.6875 -14.95899963 0
4292 -8.225810051 2.412739992 0
4293 -7.258059978 2.412739992 0
4294 -7.258059978 1.447649956 0
4295 3.387099981 -13.02880001 0
4296 2.419349909 -13.02880001 0
4297 7.258059978 8.20333004 0
4298 6.29031992 8.20333004 0
4299 6.29031992 7.238230228 0
4300 7.258059978 7.238230228 0
4301 -4.354839802 7.238230228 0
4302 -4.354839802 6.27312994 0
4303 -3.387099981 7.238230228 0
4304 -2.419349909 7.238230228 0
4305 -3.387099981 8.20333004 0
4306 -2.419349909 -8.20333004 0
4307 -2.419349909 -9.168430328 0
4308 -9.19355011 -12.06369972 0
4309 -8.225810051 -12.06369972 0
4310 -10.16129971 9.168430328 0
4311 -10.16129971 8.20333004 0
4312 9.19355011 -0.4825499952 0
4313 8.225810051 -0.4825499952 0
4314 -11.12899971 -1.447649956 0
4315 -11.12899971 -0.4825499952 0
4316 -3.387099981 -10.1335001 0
4317 12.09679985 -8.20333004 0
4318 12.09679985 -9.168430328 0
4319 13.06449986 -9.168430328 0
4320 13.06449986 -8.20333004 0
4321 13.06449986 7.238230228 0
4322 13.06449986 6.27312994 0
4323 2.419349909 -11.09860039 0
4324 2.419349909 -12.06369972 0
4325 3.387099981 -12.06369972 0
4326 1.451609969 -12.06369972 0
4327 1.451609969 -13.02880001 0
4328 8.225810051 -4.342939854 0
4329 8.225810051 -3.377840042 0
4330 7.258059978 -3.377840042 0
4331 7.258059978 -4.342939854 0
4332 11.12899971 13.02880001 0
4333 10.16129971 13.02880001 0
4334 -3.387099981 9.168430328 0
4335 3.387099981 11.09860039 0
4336 9.19355011 -10.1335001 0
4337 9.19355011 -9.168430328 0
4338 8.225810051 0.4825499952 0
4339 8.225810051 1.447649956 0
4340 7.258059978 1.447649956 0
4341 7.258059978 0.4825499952 0
4342 12.09679985 -1.447649956 0
4343 12.09679985 -0.4825499952 0
4344 13.06449986 0.4825499952 0
4345 7.258059978 12.06369972 0
4346 7.258059978 13.02880001 0
4347 6.29031992 13.02880001 0
4348 6.29031992 12.06369972 0
4349 7.258059978 10.1335001 0
4350 7.258059978 11.09860039 0
4351 6.29031992 11.09860039 0
4352 6.29031992 10.1335001 0
4353 6.29031992 9.168430328 0
4354 7.258059978 9.168430328 0
4355 -11.12899971 11.09860039 0
4356 -10.16129971 10.1335001 0
4357 -11.12899971 10.1335001 0
4358 -11.12899971 9.168430328 0
4359 -11.12899971 -7.238230228 0
4360 -11.12899971 -6.27312994 0
4361 -12.09679985 -7.238230228 0
4362 -10.16129971 -13.02880001 0
4363 11.12899971 2.412739992 0
4364 11.12899971 3.377840042 0
4365 10.16129971 3.377840042 0
4366 10.16129971 2.412739992 0
4367 11.12899971 0.4825499952 0
4368 11.12899971 1.447649956 0
4369 7.258059978 -11.09860039 0
4370 8.225810051 -11.09860039 0
4371 9.19355011 -11.09860039 0
4372 10.16129971 -11.09860039 0
4373 10.16129971 -10.1335001 0
4374 6.29031992 0.4825499952 0
4375 7.258059978 -0.4825499952 0
4376 6.29031992 -11.09860039 0
4377 13.06449986 -1.447649956 0
4378 13.06449986 -0.4825499952 0
4379 -3.387099981 -8.20333004 0
4380 -3.387099981 -7.238230228 0
4381 -4.354839802 -7.238230228 0
4382 -4.354839802 -8.20333004 0
4383 7.258059978 -2.412739992 0
4384 7.258059978 -1.447649956 0
4385 -2.419349909 -10.1335001 0
4386 -2.419349909 -11.09860039 0
4387 -11.12899971 -10.1335001 0
4388 -11.12899971 -9.168430328 0
4389 -12.09679985 -9.168430328 0
4390 -12.09679985 -10.1335001 0
4391 -4.354839802 9.168430328 0
4392 -4.354839802 8.20333004 0
4393 -5.322579861 7.238230228 0
4394 -5.322579861 6.27312994 0
4395 -1.451609969 12.06369972 0
4396 0.4838699996 -7.238230228 0
4397 1.451609969 -7.238230228 0
4398 -7.258059978 -2.412739992 0
4399 -7.258059978 -3.377840042 0
4400 -6.29031992 -4.342939854 0
4401 -7.258059978 -4.342939854 0
4402 0.4838699996 7.238230228 0
4403 1.451609969 7.238230228 0
4404 0.4838699996 -11.09860039 0
4405 0.4838699996 -12.06369972 0
4406 1.451609969 -11.09860039 0
4407 -11.12899971 8.20333004 0
4408 -12.09679985 8.20333004 0
4409 -8.225810051 -11.09860039 0
4410 -8.225810051 -10.1335001 0
4411 -9.19355011 -11.09860039 0
4412 -10.16129971 -11.09860039 0
4413 -11.12899971 -11.09860039 0
4414 13.06449986 -3.377840042 0
4415 12.09679985 0.4825499952 0
4416 10.16129971 12.06369972 0
4417 11.12899971 12.06369972 0
4418 12.09679985 13.02880001 0
4419 12.09679985 12.06369972 0
4420 2.419349909 -7.238230228 0
4421 11.12899971 4.342939854 0
4422 -13.06449986 -12.06369972 0
4423 -13.06449986 -11.09860039 0
4424 7.258059978 -13.02880001 0
4425 7.258059978 -12.06369972 0
4426 6.29031992 -12.06369972 0
4427 6.29031992 -13.02880001 0
4428 8.225810051 -12.06369972 0
4429 8.225810051 -13.02880001 0
4430 9.19355011 -13.02880001 0
4431 9.19355011 -12.06369972 0
4432 -6.29031992 4.342939854 0
4433 -5.322579861 10.1335001 0
4434 -6.29031992 11.09860039 0
4435 -6.29031992 10.1335001 0
4436 3.387099981 6.27312994 0
4437 4.354839802 7.238230228 0
4438 4.354839802 8.20333004 0
4439 -10.16129971 -1.447649956 0
4440 -10.16129971 -2.412739992 0
4441 -10.16129971 1.447649956 0
4442 -10.16129971 2.412739992 0
4443 -11.12899971 2.412739992 0
4444 -3.387099981 -9.168430328 0
4445 -14.0323 3.377840042 0
4446 -13.06449986 5.308040142 0
4447 -7.258059978 -8.20333004 0
4448 -13.06449986 0.4825499952 0
4449 8.225810051 -6.27312994 0
4450 9.19355011 -7.238230228 0
4451 9.19355011 -6.27312994 0
4452 9.19355011 -4.342939854 0
4453 9.19355011 -5.308040142 0
4454 6.29031992 -7.238230228 0
4455 -0.4838699996 10.1335001 0
4456 0.4838699996 -9.168430328 0
4457 0.4838699996 -10.1335001 0
4458 9.19355011 2.412739992 0
4459 13.06449986 -7.238230228 0
4460 -9.19355011 -4.342939854 0
4461 -9.19355011 -3.377840042 0
4462 -8.225810051 -5.308040142 0
4463 -9.19355011 -5.308040142 0
4464 -9.19355011 -6.27312994 0
4465 8.225810051 11.09860039 0
4466 8.225810051 10.1335001 0
4467 9.19355011 10.1335001 0
4468 9.19355011 11.09860039 0
4469 9.19355011 12.06369972 0
4470 10.16129971 11.09860039 0
4471 -8.225810051 -8.20333004 0
4472 -8.225810051 -9.168430328 0
4473 -7.258059978 -9.168430328 0
4474 12.09679985 11.09860039 0
4475 11.12899971 11.09860039 0
4476 11.12899971 10.1335001 0
4477 11.12899971 9.168430328 0
4478 12.09679985 9.168430328 0
4479 12.09679985 10.1335001 0
4480 11.12899971 -2.412739992 0
4481 10.16129971 -2.412739992 0
4482 -11.12899971 4.342939854 0
4483 -11.12899971 3.377840042 0
4484 -10.16129971 3.377840042 0
4485 -10.16129971 4.342939854 0
4486 5.322579861 -12.06369972 0
4487 5.322579861 -13.02880001 0
4488 -7.258059978 0.4825499952 0
4489 -2.419349909 12.06369972 0
4490 12.09679985 -12.06369972 0
4491 11.12899971 -11.09860039 0
4492 11.12899971 -12.06369972 0
4493 11.12899971 -9.168430328 0
4494 11.12899971 -10.1335001 0
4495 -10.16129971 5.308040142 0
4496 -11.12899971 5.308040142 0
4497 0.4838699996 6.27312994 0
4498 -0.4838699996 7.238230228 0
4499 7.258059978 4.342939854 0
4500 8.225810051 3.377840042 0
4501 8.225810051 4.342939854 0
4502 8.225810051 2.412739992 0
4503 12.09679985 -6.27312994 0
4504 13.06449986 -6.27312994 0
4505 5.322579861 8.20333004 0
4506 5.322579861 9.168430328 0
4507 11.12899971 8.20333004 0
4508 12.09679985 8.20333004 0
4509 -6.29031992 12.06369972 0
4510 -1.451609969 -12.06369972 0
4511 -0.4838699996 -12.06369972 0
4512 0.4838699996 -13.02880001 0
4513 -0.4838699996 -13.02880001 0
4514 -1.451609969 -13.02880001 0
4515 11.12899971 -3.377840042 0
4516 12.09679985 -3.377840042 0
4517 12.09679985 -2.412739992 0
4518 8.225810051 5.308040142 0
4519 9.19355011 4.342939854 0
4520 9.19355011 5.308040142 0
4521 -5.322579861 -6.27312994 0
4522 10.16129971 -3.377840042 0
4523 9.19355011 -3.377840042 0
4524 -14.0323 -6.27312994 0
4525 10.16129971 -9.168430328 0
4526 -9.19355011 12.06369972 0
4527 -9.19355011 13.02880001 0
4528 14.0625 -14.95899963 0
4529 -5.322579861 9.168430328 0
4530 -8.225810051 5.308040142 0
4531 -8.225810051 6.27312994 0
4532 -9.19355011 6.27312994 0
4533 -9.19355011 5.308040142 0
4534 -13.06449986 -2.412739992 0
4535 -5.322579861 8.20333004 0
4536 -8.225810051 -4.342939854 0
4537 -12.09679985 4.342939854 0
4538 -13.06449986 4.342939854 0
4539 5.322579861 -11.09860039 0
4540 5.322579861 11.09860039 0
4541 5.322579861 10.1335001 0
4542 -7.258059978 5.308040142 0
4543 2.419349909 -8.20333004 0
4544 1.451609969 -8.20333004 0
4545 1.451609969 -9.168430328 0
4546 2.419349909 -9.168430328 0
4547 -6.29031992 7.238230228 0
4548 -6.29031992 6.27312994 0
4549 -7.258059978 6.27312994 0
4550 -6.29031992 5.308040142 0
4551 -10.16129971 11.09860039 0
4552 11.12899971 -6.27312994 0
4553 11.12899971 -7.238230228 0
4554 11.12899971 -8.20333004 0
4555 12.09679985 -7.238230228 0
4556 -6.29031992 9.168430328 0
4557 -6.29031992 8.20333004 0
4558 13.06449986 13.02880001 0
4559 -12.09679985 7.238230228 0
4560 -12.09679985 6.27312994 0
4561 4.354839802 11.09860039 0
4562 -11.12899971 7.238230228 0
4563 4.354839802 -8.20333004 0
4564 -10.16129971 -12.06369972 0
4565 -6.29031992 -13.02880001 0
4566 -12.09679985 -2.412739992 0
4567 -11.12899971 -2.412739992 0
4568 10.16129971 -8.20333004 0
4569 10.16129971 -7.238230228 0
4570 9.19355011 -8.20333004 0
4571 -9.19355011 -0.4825499952 0
4572 -8.225810051 -0.4825499952 0
4573 -10.16129971 -0.4825499952 0
4574 -10.16129971 0.4825499952 0
4575 9.19355011 7.238230228 0
4576 9.19355011 6.27312994 0
4577 10.16129971 7.238230228 0
4578 8.225810051 7.238230228 0
4579 8.225810051 8.20333004 0
4580 8.225810051 9.168430328 0
4581 6.29031992 -5.308040142 0
4582 7.258059978 -5.308040142 0
4583 -1.451609969 7.238230228 0
4584 -7.258059978 9.168430328 0
4585 -7.258059978 10.1335001 0
4586 4.354839802 -12.06369972 0
4587 4.354839802 -13.02880001 0
4588 -10.16129971 -5.308040142 0
4589 -10.16129971 -6.27312994 0
4590 -9.19355011 10.1335001 0
4591 -9.19355011 2.412739992 0
4592 -8.225810051 1.447649956 0
4593 -8.225810051 0.4825499952 0
4594 -9.19355011 1.447649956 0
4595 -9.19355011 0.4825499952 0
4596 -7.258059978 8.20333004 0
4597 -7.258059978 7.238230228 0
4598 -8.225810051 7.238230228 0
4599 -13.06449986 -8.20333004 0
4600 -13.06449986 -9.168430328 0
4601 -12.09679985 -8.20333004 0
4602 -13.06449986 -10.1335001 0
4603 -7.258059978 -13.02880001 0
4604 -7.258059978 -0.4825499952 0
4605 -7.258059978 -1.447649956 0
4606 4.354839802 5.308040142 0
4607 6.29031992 6.27312994 0
4608 5.322579861 7.238230228 0
4609 5.322579861 6.27312994 0
4610 2.419349909 -10.1335001 0
4611 1.451609969 -10.1335001 0
4612 -11.12899971 -8.20333004 0
4613 -10.16129971 -8.20333004 0
4614 8.225810051 12.06369972 0
4615 -12.09679985 -11.09860039 0
4616 -7.258059978 11.09860039 0
4617 -8.225810051 11.09860039 0
4618 4.354839802 6.27312994 0
4619 13.06449986 -2.412739992 0
4620 -10.16129971 -7.238230228 0
4621 -9.19355011 -7.238230228 0
4622 -9.19355011 11.09860039 0
4623 5.322579861 5.308040142 0
4624 4.354839802 -7.238230228 0
4625 3.387099981 -7.238230228 0
4626 3.387099981 -8.20333004 0
4627 -13.06449986 -7.238230228 0
4628 10.16129971 -13.02880001 0
4629 10.16129971 -12.06369972 0
4630 10.16129971 -6.27312994 0
4631 10.16129971 9.168430328 0
4632 10.16129971 8.20333004 0
4633 -5.322579861 5.308040142 0
4634 -9.19355011 -8.20333004 0
4635 0.4838699996 -8.20333004 0
4636 5.322579861 -5.308040142 0
4637 5.322579861 -6.27312994 0
4638 6.29031992 -6.27312994 0
4639 9.19355011 3.377840042 0
4640 10.16129971 4.342939854 0
4641 -9.19355011 7.238230228 0
4642 -6.29031992 -9.168430328 0
4643 -5.322579861 -9.168430328 0
4644 -6.29031992 -10.1335001 0
4645 -7.258059978 -10.1335001 0
4646 8.225810051 -5.308040142 0
4647 -11.12899971 6.27312994 0
4648 -10.16129971 7.238230228 0
4649 10.16129971 10.1335001 0
4650 -4.354839802 -9.168430328 0
4651 9.19355011 9.168430328 0
4652 7.258059978 -6.27312994 0
4653 -12.09679985 5.308040142 0
4654 -10.16129971 6.27312994 0
4655 13.06449986 -12.06369972 0
4656 13.06449986 12.06369972 0
4657 4.354839802 -6.27312994 0
4658 -8.225810051 -3.377840042 0
4659 9.19355011 8.20333004 0
4660 6.29031992 4.342939854 0
4661 -6.29031992 -11.09860039 0
4662 -6.29031992 -12.06369972 0
4663 -7.258059978 -12.06369972 0
4664 8.225810051 6.27312994 0
4665 -7.258059978 -11.09860039 0
4666 6.29031992 5.308040142 0
4667 7.258059978 5.308040142 0
4668 7.258059978 6.27312994 0
4669 13.06449986 8.20333004 0
4670 5.322579861 -7.238230228 0
4671 13.06449986 11.09860039 0
4672 13.06449986 10.1335001 0
4673 -8.225810051 10.1335001 0
4674 13.06449986 9.168430328 0
$EndNodes
$Elements
9516
1 2 2 1 1 1 2 3
2 2 2 1 1 1 3 4
3 2 2 1 1 4 3 5
4 2 2 1 1 4 5 6
5 2 2 1 1 6 5 7
6 2 2 1 1 6 7 8
7 2 2 1 1 8 7 9
8 2 2 1 1 8 9 10
9 2 2 1 1 10 9 11
10 2 2 1 1 10 11 12
11 2 2 1 1 12 11 13
12 2 2 1 1 12 13 14
13 2 2 1 1 14 13 15
14 2 2 1 1 14 15 16
15 2 2 1 1 16 15 17
16 2 2 1 1 16 17 18
17 2 2 1 1 18 17 19
18 2 2 1 1 18 19 20
19 2 2 1 1 20 19 21
20 2 2 1 1 20 21 22
21 2 2 1 1 22 21 23
22 2 2 1 1 22 23 24
23 2 2 1 1 24 23 25
24 2 2 1 1 24 25 26
25 2 2 1 1 26 25 27
26 2 2 1 1 26 27 28
27 2 2 1 1 28 27 29
28 2 2 1 1 28 29 30
29 2 2 1 1 30 29 31
30 2 2 1 1 30 31 32
31 2 2 1 1 32 31 33
32 2 2 1 1 32 33 34
33 2 2 1 1 34 33 35
34 2 2 1 1 34 35 36
35 2 2 1 1 36 35 37
36 2 2 1 1 36 37 38
37 2 2 1 1 38 37 39
38 2 2 1 1 38 39 40
39 2 2 1 1 40 39 41
40 2 2 1 1 40 41 42
41 2 2 1 1 42 41 43
42 2 2 1 1 42 43 44
43 2 2 1 1 44 43 45
44 2 2 1 1 44 45 46
45 2 2 1 1 46 45 47
46 2 2 1 1 46 47 48
47 2 2 1 1 48 47 49
48 2 2 1 1 48 49 50
49 2 2 1 1 50 49 51
50 2 2 1 1 50 51 52
51 2 2 1 1 52 51 53
52 2 2 1 1 52 53 54
53 2 2 1 1 54 53 55
54 2 2 1 1 54 55 56
55 2 2 1 1 56 55 57
56 2 2 1 1 56 57 58
57 2 2 1 1 58 57 59
58 2 2 1 1 58 59 60
59 2 2 1 1 60 59 61
60 2 2 1 1 60 61 62
61 2 2 1 1 62 61 63
62 2 2 1 1 62 63 64
63 2 2 1 1 2 65 66
64 2 2 1 1 2 66 3
65 2 2 1 1 3 66 67
66 2 2 1 1 3 67 5
67 2 2 1 1 5 67 68
68 2 2 1 1 5 68 7
69 2 2 1 1 7 68 69
70 2 2 1 1 7 69 9
71 2 2 1 1 9 69 70
72 2 2 1 1 9 70 11
73 2 2 1 1 11 70 71
74 2 2 1 1 11 71 13
75 2 2 1 1 13 71 72
76 2 2 1 1 13 72 15
77 2 2 1 1 15 72 73
78 2 2 1 1 15 73 17
79 2 2 1 1 17 73 74
80 2 2 1 1 17 74 19
81 2 2 1 1 19 74 75
82 2 2 1 1 19 75 21
83 2 2 1 1 21 75 76
84 2 2 1 1 21 76 23
85 2 2 1 1 23 76 77
86 2 2 1 1 23 77 25
87 2 2 1 1 25 77 78
88 2 2 1 1 25 78 27
89 2 2 1 1 27 78 79
90 2 2 1 1 27 79 29
91 2 2 1 1 29 79 80
92 2 2 1 1 29 80 31
93 2 2 1 1 31 80 81
94 2 2 1 1 31 81 33
95 2 2 1 1 33 81 82
96 2 2 1 1 33 82 35
97 2 2 1 1 35 82 83
98 2 2 1 1 35 83 37
99 2 2 1 1 37 83 84
100 2 2 1 1 37 84 39
101 2 2 1 1 39 84 85
102 2 2 1 1 39 85 41
103 2 2 1 1 41 85 86
104 2 2 1 1 41 86 43
105 2 2 1 1 43 86 87
106 2 2 1 1 43 87 45
107 2 2 1 1 45 87 88
108 2 2 1 1 45 88 47
109 2 2 1 1 47 88 89
110 2 2 1 1 47 89 49
111 2 2 1 1 49 89 90
112 2 2 1 1 49 90 51
113 2 2 1 1 51 90 91
114 2 2 1 1 51 91 53
115 2 2 1 1 53 91 92
116 2 2 1 1 53 92 55
117 2 2 1 1 55 92 93
118 2 2 1 1 55 93 57
119 2 2 1 1 57 93 94
120 2 2 1 1 57 94 59
121 2 2 1 1 59 94 95
122 2 2 1 1 59 95 61
123 2 2 1 1 61 95 96
124 2 2 1 1 61 96 63
125 2 2 1 1 65 97 98
126 2 2 1 1 65 98 66
127 2 2 1 1 66 98 99
128 2 2 1 1 66 99 67
129 2 2 1 1 67 99 100
130 2 2 1 1 67 100 68
131 2 2 1 1 68 100 101
132 2 2 1 1 68 101 69
133 2 2 1 1 69 101 102
134 2 2 1 1 69 102 70
135 2 2 1 1 70 102 103
136 2 2 1 1 70 103 71
137 2 2 1 1 71 103 104
138 2 2 1 1 71 104 72
139 2 2 1 1 72 104 105
140 2 2 1 1 72 105 73
141 2 2 1 1 73 105 106
142 2 2 1 1 73 106 74
143 2 2 1 1 74 106 107
144 2 2 1 1 74 107 75
145 2 2 1 1 75 107 108
146 2 2 1 1 75 108 76
147 2 2 1 1 76 108 109
148 2 2 1 1 76 109 77
149 2 2 1 1 77 109 110
150 2 2 1 1 77 110 78
151 2 2 1 1 78 110 111
152 2 2 1 1 78 111 79
153 2 2 1 1 79 111 112
154 2 2 1 1 79 112 80
155 2 2 1 1 80 112 113
156 2 2 1 1 80 113 81
157 2 2 1 1 81 113 114
158 2 2 1 1 81 114 82
159 2 2 1 1 82 114 115
160 2 2 1 1 82 115 83
161 2 2 1 1 83 115 116
162 2 2 1 1 83 116 84
163 2 2 1 1 84 116 117
164 2 2 1 1 84 117 85
165 2 2 1 1 85 117 118
166 2 2 1 1 85 118 86
167 2 2 1 1 86 118 119
168 2 2 1 1 86 119 87
169 2 2 1 1 87 119 120
170 2 2 1 1 87 120 88
171 2 2 1 1 88 120 121
172 2 2 1 1 88 121 89
173 2 2 1 1 89 121 122
174 2 2 1 1 89 122 90
175 2 2 1 1 90 122 123
176 2 2 1 1 90 123 91
177 2 2 1 1 91 123 124
178 2 2 1 1 91 124 92
179 2 2 1 1 92 124 125
180 2 2 1 1 92 125 93
181 2 2 1 1 93 125 126
182 2 2 1 1 93 126 94
183 2 2 1 1 94 126 127
184 2 2 1 1 94 127 95
185 2 2 1 1 95 127 128
186 2 2 1 1 95 128 96
187 2 2 1 1 97 129 130
188 2 2 1 1 97 130 98
189 2 2 1 1 98 130 131
190 2 2 1 1 98 131 99
191 2 2 1 1 99 131 132
192 2 2 1 1 99 132 100
193 2 2 1 1 100 132 133
194 2 2 1 1 100 133 101
195 2 2 1 1 101 133 134
196 2 2 1 1 101 134 102
197 2 2 1 1 102 134 135
198 2 2 1 1 102 135 103
199 2 2 1 1 103 135 136
200 2 2 1 1 103 136 104
201 2 2 1 1 104 136 137
202 2 2 1 1 104 137 105
203 2 2 1 1 105 137 138
204 2 2 1 1 105 138 106
205 2 2 1 1 106 138 139
206 2 2 1 1 106 139 107
207 2 2 1 1 107 139 140
208 2 2 1 1 107 140 108
209 2 2 1 1 108 140 141
210 2 2 1 1 108 141 109
211 2 2 1 1 109 141 142
212 2 2 1 1 109 142 110
213 2 2 1 1 110 142 143
214 2 2 1 1 110 143 111
215 2 2 1 1 111 143 144
216 2 2 1 1 111 144 112
217 2 2 1 1 112 144 145
218 2 2 1 1 112 145 113
219 2 2 1 1 113 145 146
220 2 2 1 1 113 146 114
221 2 2 1 1 114 146 147
222 2 2 1 1 114 147 115
223 2 2 1 1 115 147 148
224 2 2 1 1 115 148 116
225 2 2 1 1 116 148 149
226 2 2 1 1 116 149 117
227 2 2 1 1 117 149 150
228 2 2 1 1 117 150 118
229 2 2 1 1 118 150 151
230 2 2 1 1 118 151 119
231 2 2 1 1 119 151 152
232 2 2 1 1 119 152 120
233 2 2 1 1 120 152 153
234 2 2 1 1 120 153 121
235 2 2 1 1 121 153 154
236 2 2 1 1 121 154 122
237 2 2 1 1 122 154 155
238 2 2 1 1 122 155 123
239 2 2 1 1 123 155 156
240 2 2 1 1 123 156 124
241 2 2 1 1 124 156 157
242 2 2 1 1 124 157 125
243 2 2 1 1 125 157 158
244 2 2 1 1 125 158 126
245 2 2 1 1 126 158 159
246 2 2 1 1 126 159 127
247 2 2 1 1 127 159 160
248 2 2 1 1 127 160 128
249 2 2 1 1 129 161 162
250 2 2 1 1 129 162 130
251 2 2 1 1 130 162 163
252 2 2 1 1 130 163 131
253 2 2 1 1 131 163 164
254 2 2 1 1 131 164 132
255 2 2 1 1 132 164 165
256 2 2 1 1 132 165 133
257 2 2 1 1 133 165 166
258 2 2 1 1 133 166 134
259 2 2 1 1 134 166 167
260 2 2 1 1 134 167 135
261 2 2 1 1 135 167 168
262 2 2 1 1 135 168 136
263 2 2 1 1 136 168 169
264 2 2 1 1 136 169 137
265 2 2 1 1 137 169 170
266 2 2 1 1 137 170 138
267 2 2 1 1 138 170 171
268 2 2 1 1 138 171 139
269 2 2 1 1 139 171 172
270 2 2 1 1 139 172 140
271 2 2 1 1 140 172 173
272 2 2 1 1 140 173 141
273 2 2 1 1 141 173 174
274 2 2 1 1 141 174 142
275 2 2 1 1 142 174 175
276 2 2 1 1 142 175 143
277 2 2 1 1 143 175 176
278 2 2 1 1 143 176 144
279 2 2 1 1 144 176 177
280 2 2 1 1 144 177 145
281 2 2 1 1 145 177 178
282 2 2 1 1 145 178 146
283 2 2 1 1 146 178 179
284 2 2 1 1 146 179 147
285 2 2 1 1 147 179 180
286 2 2 1 1 147 180 148
287 2 2 1 1 148 180 181
288 2 2 1 1 148 181 149
289 2 2 1 1 149 181 182
290 2 2 1 1 149 182 150
291 2 2 1 1 150 182 183
292 2 2 1 1 150 183 151
293 2 2 1 1 151 183 184
294 2 2 1 1 151 184 152
295 2 2 1 1 152 184 185
296 2 2 1 1 152 185 153
297 2 2 1 1 153 185 186
298 2 2 1 1 153 186 154
299 2 2 1 1 154 186 187
300 2 2 1 1 154 187 155
301 2 2 1 1 155 187 188
302 2 2 1 1 155 188 156
303 2 2 1 1 156 188 189
304 2 2 1 1 156 189 157
305 2 2 1 1 157 189 190
306 2 2 1 1 157 190 158
307 2 2 1 1 158 190 191
308 2 2 1 1 158 191 159
309 2 2 1 1 159 191 192
310 2 2 1 1 159 192 160
311 2 2 1 1 161 193 194
312 2 2 1 1 161 194 162
313 2 2 1 1 162 194 195
314 2 2 1 1 162 195 163
315 2 2 1 1 163 195 196
316 2 2 1 1 163 196 164
317 2 2 1 1 164 196 197
318 2 2 1 1 164 197 165
319 2 2 1 1 165 197 198
320 2 2 1 1 165 198 166
321 2 2 1 1 166 198 199
322 2 2 1 1 166 199 167
323 2 2 1 1 167 199 200
324 2 2 1 1 167 200 168
325 2 2 1 1 168 200 201
326 2 2 1 1 168 201 169
327 2 2 1 1 169 201 202
328 2 2 1 1 169 202 170
329 2 2 1 1 170 202 203
330 2 2 1 1 170 203 171
331 2 2 1 1 171 203 204
332 2 2 1 1 171 204 172
333 2 2 1 1 172 204 205
334 2 2 1 1 172 205 173
335 2 2 1 1 173 205 206
336 2 2 1 1 173 206 174
337 2 2 1 1 174 206 207
338 2 2 1 1 174 207 175
339 2 2 1 1 175 207 208
340 2 2 1 1 175 208 176
341 2 2 1 1 176 208 209
342 2 2 1 1 176 209 177
343 2 2 1 1 177 209 210
344 2 2 1 1 177 210 178
345 2 2 1 1 178 210 211
346 2 2 1 1 178 211 179
347 2 2 1 1 179 211 212
348 2 2 1 1 179 212 180
349 2 2 1 1 180 212 213
350 2 2 1 1 180 213 181
351 2 2 1 1 181 213 214
352 2 2 1 1 181 214 182
353 2 2 1 1 182 214 215
354 2 2 1 1 182 215 183
355 2 2 1 1 183 215 216
356 2 2 1 1 183 216 184
357 2 2 1 1 184 216 217
358 2 2 1 1 184 217 185
359 2 2 1 1 185 217 218
360 2 2 1 1 185 218 186
361 2 2 1 1 186 218 219
362 2 2 1 1 186 219 187
363 2 2 1 1 187 219 220
364 2 2 1 1 187 220 188
365 2 2 1 1 188 220 221
366 2 2 1 1 188 221 189
367 2 2 1 1 189 221 222
368 2 2 1 1 189 222 190
369 2 2 1 1 190 222 223
370 2 2 1 1 190 223 191
371 2 2 1 1 191 223 224
372 2 2 1 1 191 224 192
373 2 2 1 1 193 225 226
374 2 2 1 1 193 226 194
375 2 2 1 1 194 226 227
376 2 2 1 1 194 227 195
377 2 2 1 1 195 227 228
378 2 2 1 1 195 228 196
379 2 2 1 1 196 228 229
380 2 2 1 1 196 229 197
381 2 2 1 1 197 229 230
382 2 2 1 1 197 230 198
383 2 2 1 1 198 230 231
384 2 2 1 1 198 231 199
385 2 2 1 1 199 231 232
386 2 2 1 1 199 232 200
387 2 2 1 1 200 232 233
388 2 2 1 1 200 233 201
389 2 2 1 1 201 233 234
390 2 2 1 1 201 234 202
391 2 2 1 1 202 234 235
392 2 2 1 1 202 235 203
393 2 2 1 1 203 235 236
394 2 2 1 1 203 236 204
395 2 2 1 1 204 236 237
396 2 2 1 1 204 237 205
397 2 2 1 1 205 237 238
398 2 2 1 1 205 238 206
399 2 2 1 1 206 238 239
400 2 2 1 1 206 239 207
401 2 2 1 1 207 239 240
402 2 2 1 1 207 240 208
403 2 2 1 1 208 240 241
404 2 2 1 1 208 241 209
405 2 2 1 1 209 241 242
406 2 2 1 1 209 242 210
407 2 2 1 1 210 242 243
408 2 2 1 1 210 243 211
409 2 2 1 1 211 243 244
410 2 2 1 1 211 244 212
411 2 2 1 1 212 244 245
412 2 2 1 1 212 245 213
413 2 2 1 1 213 245 246
414 2 2 1 1 213 246 214
415 2 2 1 1 214 246 247
416 2 2 1 1 214 247 215
417 2 2 1 1 215 247 248
418 2 2 1 1 215 248 216
419 2 2 1 1 216 248 249
420 2 2 1 1 216 249 217
421 2 2 1 1 217 249 250
422 2 2 1 1 217 250 218
423 2 2 1 1 218 250 251
424 2 2 1 1 218 251 219
425 2 2 1 1 219 251 252
426 2 2 1 1 219 252 220
427 2 2 1 1 220 252 253
428 2 2 1 1 220 253 221
429 2 2 1 1 221 253 254
430 2 2 1 1 221 254 222
431 2 2 1 1 222 254 255
432 2 2 1 1 222 255 223
433 2 2 1 1 223 255 256
434 2 2 1 1 223 256 224
435 2 2 1 1 225 257 258
436 2 2 1 1 225 258 226
437 2 2 1 1 226 258 259
438 2 2 1 1 226 259 227
439 2 2 1 1 227 259 260
440 2 2 1 1 227 260 228
441 2 2 1 1 228 260 261
442 2 2 1 1 228 261 229
443 2 2 1 1 229 261 262
444 2 2 1 1 229 262 230
445 2 2 1 1 230 262 263
446 2 2 1 1 230 263 231
447 2 2 1 1 231 263 264
448 2 2 1 1 231 264 232
449 2 2 1 1 232 264 265
450 2 2 1 1 232 265 233
451 2 2 1 1 233 265 266
452 2 2 1 1 233 266 234
453 2 2 1 1 234 266 267
454 2 2 1 1 234 267 235
455 2 2 1 1 235 267 268
456 2 2 1 1 235 268 236
457 2 2 1 1 236 268 269
458 2 2 1 1 236 269 237
459 2 2 1 1 237 269 270
460 2 2 1 1 237 270 238
461 2 2 1 1 238 270 271
462 2 2 1 1 238 271 239
463 2 2 1 1 239 271 272
464 2 2 1 1 239 272 240
465 2 2 1 1 240 272 273
466 2 2 1 1 240 273 241
467 2 2 1 1 241 273 274
468 2 2 1 1 241 274 242
469 2 2 1 1 242 274 275
470 2 2 1 1 242 275 243
471 2 2 1 1 243 275 276
472 2 2 1 1 243 276 244
473 2 2 1 1 244 276 277
474 2 2 1 1 244 277 245
475 2 2 1 1 245 277 278
476 2 2 1 1 245 278 246
477 2 2 1 1 246 278 279
478 2 2 1 1 246 279 247
479 2 2 1 1 247 279 280
480 2 2 1 1 247 280 248
481 2 2 1 1 248 280 281
482 2 2 1 1 248 281 249
483 2 2 1 1 249 281 282
484 2 2 1 1 249 282 250
485 2 2 1 1 250 282 283
486 2 2 1 1 250 283 251
487 2 2 1 1 251 283 284
488 2 2 1 1 251 284 252
489 2 2 1 1 252 284 285
490 2 2 1 1 252 285 253
491 2 2 1 1 253 285 286
492 2 2 1 1 253 286 254
493 2 2 1 1 254 286 287
494 2 2 1 1 254 287 255
495 2 2 1 1 255 287 288
496 2 2 1 1 255 288 256
497 2 2 1 1 257 289 290
498 2 2 1 1 257 290 258
499 2 2 1 1 258 290 291
500 2 2 1 1 258 291 259
501 2 2 1 1 259 291 292
502 2 2 1 1 259 292 260
503 2 2 1 1 260 292 293
504 2 2 1 1 260 293 261
505 2 2 1 1 261 293 294
506 2 2 1 1 261 294 262
507 2 2 1 1 262 294 295
508 2 2 1 1 262 295 263
509 2 2 1 1 263 295 296
510 2 2 1 1 263 296 264
511 2 2 1 1 264 296 297
512 2 2 1 1 264 297 265
513 2 2 1 1 265 297 298
514 2 2 1 1 265 298 266
515 2 2 1 1 266 298 299
516 2 2 1 1 266 299 267
517 2 2 1 1 267 299 300
518 2 2 1 1 267 300 268
519 2 2 1 1 268 300 301
520 2 2 1 1 268 301 269
521 2 2 1 1 269 301 302
522 2 2 1 1 269 302 270
523 2 2 1 1 270 302 303
524 2 2 1 1 270 303 271
525 2 2 1 1 271 303 304
526 2 2 1 1 271 304 272
527 2 2 1 1 272 304 305
528 2 2 1 1 272 305 273
529 2 2 1 1 273 305 306
530 2 2 1 1 273 306 274
531 2 2 1 1 274 306 307
532 2 2 1 1 274 307 275
533 2 2 1 1 275 307 308
534 2 2 1 1 275 308 276
535 2 2 1 1 276 308 309
536 2 2 1 1 276 309 277
537 2 2 1 1 277 309 310
538 2 2 1 1 277 310 278
539 2 2 1 1 278 310 311
540 2 2 1 1 278 311 279
541 2 2 1 1 279 311 312
542 2 2 1 1 279 312 280
543 2 2 1 1 280 312 313
544 2 2 1 1 280 313 281
545 2 2 1 1 281 313 314
546 2 2 1 1 281 314 282
547 2 2 1 1 282 314 315
548 2 2 1 1 282 315 283
549 2 2 1 1 283 315 316
550 2 2 1 1 283 316 284
551 2 2 1 1 284 316 317
552 2 2 1 1 284 317 285
553 2 2 1 1 285 317 318
554 2 2 1 1 285 318 286
555 2 2 1 1 286 318 319
556 2 2 1 1 286 319 287
557 2 2 1 1 287 319 320
558 2 2 1 1 287 320 288
559 2 2 1 1 289 321 322
560 2 2 1 1 289 322 290
561 2 2 1 1 290 322 323
562 2 2 1 1 290 323 291
563 2 2 1 1 291 323 324
564 2 2 1 1 291 324 292
565 2 2 1 1 292 324 325
566 2 2 1 1 292 325 293
567 2 2 1 1 293 325 326
568 2 2 1 1 293 326 294
569 2 2 1 1 294 326 327
570 2 2 1 1 294 327 295
571 2 2 1 1 295 327 328
572 2 2 1 1 295 328 296
573 2 2 1 1 296 328 329
574 2 2 1 1 296 329 297
575 2 2 1 1 297 329 330
576 2 2 1 1 297 330 298
577 2 2 1 1 298 330 331
578 2 2 1 1 298 331 299
579 2 2 1 1 299 331 332
580 2 2 1 1 299 332 300
581 2 2 1 1 300 332 333
582 2 2 1 1 300 333 301
583 2 2 1 1 301 333 334
584 2 2 1 1 301 334 302
585 2 2 1 1 302 334 335
586 2 2 1 1 302 335 303
587 2 2 1 1 303 335 336
588 2 2 1 1 303 336 304
589 2 2 1 1 304 336 337
590 2 2 1 1 304 337 305
591 2 2 1 1 305 337 338
592 2 2 1 1 305 338 306
593 2 2 1 1 306 338 339
594 2 2 1 1 306 339 307
595 2 2 1 1 307 339 340
596 2 2 1 1 307 340 308
597 2 2 1 1 308 340 341
598 2 2 1 1 308 341 309
599 2 2 1 1 309 341 342
600 2 2 1 1 309 342 310
601 2 2 1 1 310 342 343
602 2 2 1 1 310 343 311
603 2 2 1 1 311 343 344
604 2 2 1 1 311 344 312
605 2 2 1 1 312 344 345
606 2 2 1 1 312 345 313
607 2 2 1 1 313 345 346
608 2 2 1 1 313 346 314
609 2 2 1 1 314 346 347
610 2 2 1 1 314 347 315
611 2 2 1 1 315 347 348
612 2 2 1 1 315 348 316
613 2 2 1 1 316 348 349
614 2 2 1 1 316 349 317
615 2 2 1 1 317 349 350
616 2 2 1 1 317 350 318
617 2 2 1 1 318 350 351
618 2 2 1 1 318 351 319
619 2 2 1 1 319 351 352
620 2 2 1 1 319 352 320
621 2 2 1 1 321 353 354
622 2 2 1 1 321 354 322
623 2 2 1 1 322 354 355
624 2 2 1 1 322 355 323
625 2 2 1 1 323 355 356
626 2 2 1 1 323 356 324
627 2 2 1 1 324 356 357
628 2 2 1 1 324 357 325
629 2 2 1 1 325 357 358
630 2 2 1 1 325 358 326
631 2 2 1 1 326 358 359
632 2 2 1 1 326 359 327
633 2 2 1 1 327 359 360
634 2 2 1 1 327 360 328
635 2 2 1 1 328 360 361
636 2 2 1 1 328 361 329
637 2 2 1 1 329 361 362
638 2 2 1 1 329 362 330
639 2 2 1 1 330 362 363
640 2 2 1 1 330 363 331
641 2 2 1 1 331 363 364
642 2 2 1 1 331 364 332
643 2 2 1 1 332 364 365
644 2 2 1 1 332 365 333
645 2 2 1 1 333 365 366
646 2 2 1 1 333 366 334
647 2 2 1 1 334 366 367
648 2 2 1 1 334 367 335
649 2 2 1 1 335 367 368
650 2 2 1 1 335 368 336
651 2 2 1 1 336 368 369
652 2 2 1 1 336 369 337
653 2 2 1 1 337 369 370
654 2 2 1 1 337 370 338
655 2 2 1 1 338 370 371
656 2 2 1 1 338 371 339
657 2 2 1 1 339 371 372
658 2 2 1 1 339 372 340
659 2 2 1 1 340 372 373
660 2 2 1 1 340 373 341
661 2 2 1 1 341 373 374
662 2 2 1 1 341 374 342
663 2 2 1 1 342 374 375
664 2 2 1 1 342 375 343
665 2 2 1 1 343 375 376
666 2 2 1 1 343 376 344
667 2 2 1 1 344 376 377
668 2 2 1 1 344 377 345
669 2 2 1 1 345 377 378
670 2 2 1 1 345 378 346
671 2 2 1 1 346 378 379
672 2 2 1 1 346 379 347
673 2 2 1 1 347 379 380
674 2 2 1 1 347 380 348
675 2 2 1 1 348 380 381
676 2 2 1 1 348 381 349
677 2 2 1 1 349 381 382
678 2 2 1 1 349 382 350
679 2 2 1 1 350 382 383
680 2 2 1 1 350 383 351
681 2 2 1 1 351 383 384
682 2 2 1 1 351 384 352
683 2 2 1 1 353 385 386
684 2 2 1 1 353 386 354
685 2 2 1 1 354 386 387
686 2 2 1 1 354 387 355
687 2 2 1 1 355 387 388
688 2 2 1 1 355 388 356
689 2 2 1 1 356 388 389
690 2 2 1 1 356 389 357
691 2 2 1 1 357 389 390
692 2 2 1 1 357 390 358
693 2 2 1 1 358 390 391
694 2 2 1 1 358 391 359
695 2 2 1 1 359 391 392
696 2 2 1 1 359 392 360
697 2 2 1 1 360 392 393
698 2 2 1 1 360 393 361
699 2 2 1 1 361 393 394
700 2 2 1 1 361 394 362
701 2 2 1 1 362 394 395
702 2 2 1 1 362 395 363
703 2 2 1 1 363 395 396
704 2 2 1 1 363 396 364
705 2 2 1 1 364 396 397
706 2 2 1 1 364 397 365
707 2 2 1 1 365 397 398
708 2 2 1 1 365 398 366
709 2 2 1 1 366 398 399
710 2 2 1 1 366 399 367
711 2 2 1 1 367 399 400
712 2 2 1 1 367 400 368
713 2 2 1 1 368 400 401
714 2 2 1 1 368 401 369
715 2 2 1 1 369 401 402
716 2 2 1 1 369 402 370
717 2 2 1 1 370 402 403
718 2 2 1 1 370 403 371
719 2 2 1 1 371 403 404
720 2 2 1 1 371 404 372
721 2 2 1 1 372 404 405
722 2 2 1 1 372 405 373
723 2 2 1 1 373 405 406
724 2 2 1 1 373 406 374
725 2 2 1 1 374 406 407
726 2 2 1 1 374 407 375
727 2 2 1 1 375 407 408
728 2 2 1 1 375 408 376
729 2 2 1 1 376 408 409
730 2 2 1 1 376 409 377
731 2 2 1 1 377 409 410
732 2 2 1 1 377 410 378
733 2 2 1 1 378 410 411
734 2 2 1 1 378 411 379
735 2 2 1 1 379 411 412
736 2 2 1 1 379 412 380
737 2 2 1 1 380 412 413
738 2 2 1 1 380 413 381
739 2 2 1 1 381 413 414
740 2 2 1 1 381 414 382
741 2 2 1 1 382 414 415
742 2 2 1 1 382 415 383
743 2 2 1 1 383 415 416
744 2 2 1 1 383 416 384
745 2 2 1 1 385 417 418
746 2 2 1 1 385 418 386
747 2 2 1 1 386 418 419
748 2 2 1 1 386 419 387
749 2 2 1 1 387 419 420
750 2 2 1 1 387 420 388
751 2 2 1 1 388 420 421
752 2 2 1 1 388 421 389
753 2 2 1 1 389 421 422
754 2 2 1 1 389 422 390
755 2 2 1 1 390 422 423
756 2 2 1 1 390 423 391
757 2 2 1 1 391 423 424
758 2 2 1 1 391 424 392
759 2 2 1 1 392 424 425
760 2 2 1 1 392 425 393
761 2 2 1 1 393 425 426
762 2 2 1 1 393 426 394
763 2 2 1 1 394 426 427
764 2 2 1 1 394 427 395
765 2 2 1 1 395 427 428
766 2 2 1 1 395 428 396
767 2 2 1 1 396 428 429
768 2 2 1 1 396 429 397
769 2 2 1 1 397 429 430
770 2 2 1 1 397 430 398
771 2 2 1 1 398 430 431
772 2 2 1 1 398 431 399
773 2 2 1 1 399 431 432
774 2 2 1 1 399 432 400
775 2 2 1 1 400 432 433
776 2 2 1 1 400 433 401
777 2 2 1 1 401 433 434
778 2 2 1 1 401 434 402
779 2 2 1 1 402 434 435
780 2 2 1 1 402 435 403
781 2 2 1 1 403 435 436
782 2 2 1 1 403 436 404
783 2 2 1 1 404 436 437
784 2 2 1 1 404 437 405
785 2 2 1 1 405 437 438
786 2 2 1 1 405 438 406
787 2 2 1 1 406 438 439
788 2 2 1 1 406 439 407
789 2 2 1 1 407 439 440
790 2 2 1 1 407 440 408
791 2 2 1 1 408 440 441
792 2 2 1 1 408 441 409
793 2 2 1 1 409 441 442
794 2 2 1 1 409 442 410
795 2 2 1 1 410 442 443
796 2 2 1 1 410 443 411
797 2 2 1 1 411 443 444
798 2 2 1 1 411 444 412
799 2 2 1 1 412 444 445
800 2 2 1 1 412 445 413
801 2 2 1 1 413 445 446
802 2 2 1 1 413 446 414
803 2 2 1 1 414 446 447
804 2 2 1 1 414 447 415
805 2 2 1 1 415 447 448
806 2 2 1 1 415 448 416
807 2 2 1 1 417 449 450
808 2 2 1 1 417 450 418
809 2 2 1 1 418 450 451
810 2 2 1 1 418 451 419
811 2 2 1 1 419 451 452
812 2 2 1 1 419 452 420
813 2 2 1 1 420 452 453
814 2 2 1 1 420 453 421
815 2 2 1 1 421 453 454
816 2 2 1 1 421 454 422
817 2 2 1 1 422 454 455
818 2 2 1 1 422 455 423
819 2 2 1 1 423 455 456
820 2 2 1 1 423 456 424
821 2 2 1 1 424 456 457
822 2 2 1 1 424 457 425
823 2 2 1 1 425 457 458
824 2 2 1 1 425 458 426
825 2 2 1 1 426 458 459
826 2 2 1 1 426 459 427
827 2 2 1 1 427 459 460
828 2 2 1 1 427 460 428
829 2 2 1 1 428 460 461
830 2 2 1 1 428 461 429
831 2 2 1 1 429 461 462
832 2 2 1 1 429 462 430
833 2 2 1 1 430 462 463
834 2 2 1 1 430 463 431
835 2 2 1 1 431 463 464
836 2 2 1 1 431 464 432
837 2 2 1 1 432 464 465
838 2 2 1 1 432 465 433
839 2 2 1 1 433 465 466
840 2 2 1 1 433 466 434
841 2 2 1 1 434 466 467
842 2 2 1 1 434 467 435
843 2 2 1 1 435 467 468
844 2 2 1 1 435 468 436
845 2 2 1 1 436 468 469
846 2 2 1 1 436 469 437
847 2 2 1 1 437 469 470
848 2 2 1 1 437 470 438
849 2 2 1 1 438 470 471
850 2 2 1 1 438 471 439
851 2 2 1 1 439 471 472
852 2 2 1 1 439 472 440
853 2 2 1 1 440 472 473
854 2 2 1 1 440 473 441
855 2 2 1 1 441 473 474
856 2 2 1 1 441 474 442
857 2 2 1 1 442 474 475
858 2 2 1 1 442 475 443
859 2 2 1 1 443 475 476
860 2 2 1 1 443 476 444
861 2 2 1 1 444 476 477
862 2 2 1 1 444 477 445
863 2 2 1 1 445 477 478
864 2 2 1 1 445 478 446
865 2 2 1 1 446 478 479
866 2 2 1 1 446 479 447
867 2 2 1 1 447 479 480
868 2 2 1 1 447 480 448
869 2 2 1 1 449 481 482
870 2 2 1 1 449 482 450
871 2 2 1 1 450 482 483
872 2 2 1 1 450 483 451
873 2 2 1 1 451 483 484
874 2 2 1 1 451 484 452
875 2 2 1 1 452 484 485
876 2 2 1 1 452 485 453
877 2 2 1 1 453 485 486
878 2 2 1 1 453 486 454
879 2 2 1 1 454 486 487
880 2 2 1 1 454 487 455
881 2 2 1 1 455 487 488
882 2 2 1 1 455 488 456
883 2 2 1 1 456 488 489
884 2 2 1 1 456 489 457
885 2 2 1 1 457 489 490
886 2 2 1 1 457 490 458
887 2 2 1 1 458 490 491
888 2 2 1 1 458 491 459
889 2 2 1 1 459 491 492
890 2 2 1 1 459 492 460
891 2 2 1 1 460 492 493
892 2 2 1 1 460 493 461
893 2 2 1 1 461 493 494
894 2 2 1 1 461 494 462
895 2 2 1 1 462 494 495
896 2 2 1 1 462 495 463
897 2 2 1 1 463 495 496
898 2 2 1 1 463 496 464
899 2 2 1 1 464 496 497
900 2 2 1 1 464 497 465
901 2 2 1 1 465 497 498
902 2 2 1 1 465 498 466
903 2 2 1 1 466 498 499
904 2 2 1 1 466 499 467
905 2 2 1 1 467 499 500
906 2 2 1 1 467 500 468
907 2 2 1 1 468 500 501
908 2 2 1 1 468 501 469
909 2 2 1 1 469 501 502
910 2 2 1 1 469 502 470
911 2 2 1 1 470 502 503
912 2 2 1 1 470 503 471
913 2 2 1 1 471 503 504
914 2 2 1 1 471 504 472
915 2 2 1 1 472 504 505
916 2 2 1 1 472 505 473
917 2 2 1 1 473 505 506
918 2 2 1 1 473 506 474
919 2 2 1 1 474 506 507
920 2 2 1 1 474 507 475
921 2 2 1 1 475 507 508
922 2 2 1 1 475 508 476
923 2 2 1 1 476 508 509
924 2 2 1 1 476 509 477
925 2 2 1 1 477 509 510
926 2 2 1 1 477 510 478
927 2 2 1 1 478 510 511
928 2 2 1 1 478 511 479
929 2 2 1 1 479 511 512
930 2 2 1 1 479 512 480
931 2 2 1 1 481 513 514
932 2 2 1 1 481 514 482
933 2 2 1 1 482 514 515
934 2 2 1 1 482 515 483
935 2 2 1 1 483 515 516
936 2 2 1 1 483 516 484
937 2 2 1 1 484 516 517
938 2 2 1 1 484 517 485
939 2 2 1 1 485 517 518
940 2 2 1 1 485 518 486
941 2 2 1 1 486 518 519
942 2 2 1 1 486 519 487
943 2 2 1 1 487 519 520
944 2 2 1 1 487 520 488
945 2 2 1 1 488 520 521
946 2 2 1 1 488 521 489
947 2 2 1 1 489 521 522
948 2 2 1 1 489 522 490
949 2 2 1 1 490 522 523
950 2 2 1 1 490 523 491
951 2 2 1 1 491 523 524
952 2 2 1 1 491 524 492
953 2 2 1 1 492 524 525
954 2 2 1 1 492 525 493
955 2 2 1 1 493 525 526
956 2 2 1 1 493 526 494
957 2 2 1 1 494 526 527
958 2 2 1 1 494 527 495
959 2 2 1 1 495 527 528
960 2 2 1 1 495 528 496
961 2 2 1 1 496 528 529
962 2 2 1 1 496 529 497
963 2 2 1 1 497 529 530
964 2 2 1 1 497 530 498
965 2 2 1 1 498 530 531
966 2 2 1 1 498 531 499
967 2 2 1 1 499 531 532
968 2 2 1 1 499 532 500
969 2 2 1 1 500 532 533
970 2 2 1 1 500 533 501
971 2 2 1 1 501 533 534
972 2 2 1 1 501 534 502
973 2 2 1 1 502 534 535
974 2 2 1 1 502 535 503
975 2 2 1 1 503 535 536
976 2 2 1 1 503 536 504
977 2 2 1 1 504 536 537
978 2 2 1 1 504 537 505
979 2 2 1 1 505 537 538
980 2 2 1 1 505 538 506
981 2 2 1 1 506 538 539
982 2 2 1 1 506 539 507
983 2 2 1 1 507 539 540
984 2 2 1 1 507 540 508
985 2 2 1 1 508 540 541
986 2 2 1 1 508 541 509
987 2 2 1 1 509 541 542
988 2 2 1 1 509 542 510
989 2 2 1 1 510 542 543
990 2 2 1 1 510 543 511
991 2 2 1 1 511 543 544
992 2 2 1 1 511 544 512
993 2 2 1 1 513 545 546
994 2 2 1 1 513 546 514
995 2 2 1 1 514 546 547
996 2 2 1 1 514 547 515
997 2 2 1 1 515 547 548
998 2 2 1 1 515 548 516
999 2 2 1 1 516 548 549
1000 2 2 1 1 516 549 517
1001 2 2 1 1 517 549 550
1002 2 2 1 1 517 550 518
1003 2 2 1 1 518 550 551
1004 2 2 1 1 518 551 519
1005 2 2 1 1 519 551 552
1006 2 2 1 1 519 552 520
1007 2 2 1 1 520 552 553
1008 2 2 1 1 520 553 521
1009 2 2 1 1 521 553 554
1010 2 2 1 1 521 554 522
1011 2 2 1 1 522 554 555
1012 2 2 1 1 522 555 523
1013 2 2 1 1 523 555 556
1014 2 2 1 1 523 556 524
1015 2 2 1 1 524 556 557
1016 2 2 1 1 524 557 525
1017 2 2 1 1 525 557 558
1018 2 2 1 1 525 558 526
1019 2 2 1 1 526 558 559
1020 2 2 1 1 526 559 527
1021 2 2 1 1 527 559 560
1022 2 2 1 1 527 560 528
1023 2 2 1 1 528 560 561
1024 2 2 1 1 528 561 529
1025 2 2 1 1 529 561 562
1026 2 2 1 1 529 562 530
1027 2 2 1 1 530 562 563
1028 2 2 1 1 530 563 531
1029 2 2 1 1 531 563 564
1030 2 2 1 1 531 564 532
1031 2 2 1 1 532 564 565
1032 2 2 1 1 532 565 533
1033 2 2 1 1 533 565 566
1034 2 2 1 1 533 566 534
1035 2 2 1 1 534 566 567
1036 2 2 1 1 534 567 535
1037 2 2 1 1 535 567 568
1038 2 2 1 1 535 568 536
1039 2 2 1 1 536 568 569
1040 2 2 1 1 536 569 537
1041 2 2 1 1 537 569 570
1042 2 2 1 1 537 570 538
1043 2 2 1 1 538 570 571
1044 2 2 1 1 538 571 539
1045 2 2 1 1 539 571 572
1046 2 2 1 1 539 572 540
1047 2 2 1 1 540 572 573
1048 2 2 1 1 540 573 541
1049 2 2 1 1 541 573 574
1050 2 2 1 1 541 574 542
1051 2 2 1 1 542 574 575
1052 2 2 1 1 542 575 543
1053 2 2 1 1 543 575 576
1054 2 2 1 1 543 576 544
1055 2 2 1 1 545 577 578
1056 2 2 1 1 545 578 546
1057 2 2 1 1 546 578 579
1058 2 2 1 1 546 579 547
1059 2 2 1 1 547 579 580
1060 2 2 1 1 547 580 548
1061 2 2 1 1 548 580 581
1062 2 2 1 1 548 581 549
1063 2 2 1 1 549 581 582
1064 2 2 1 1 549 582 550
1065 2 2 1 1 550 582 583
1066 2 2 1 1 550 583 551
1067 2 2 1 1 551 583 584
1068 2 2 1 1 551 584 552
1069 2 2 1 1 552 584 585
1070 2 2 1 1 552 585 553
1071 2 2 1 1 553 585 586
1072 2 2 1 1 553 586 554
1073 2 2 1 1 554 586 587
1074 2 2 1 1 554 587 555
1075 2 2 1 1 555 587 588
1076 2 2 1 1 555 588 556
1077 2 2 1 1 556 588 589
1078 2 2 1 1 556 589 557
1079 2 2 1 1 557 589 590
1080 2 2 1 1 557 590 558
1081 2 2 1 1 558 590 591
1082 2 2 1 1 558 591 559
1083 2 2 1 1 559 591 592
1084 2 2 1 1 559 592 560
1085 2 2 1 1 560 592 593
1086 2 2 1 1 560 593 561
1087 2 2 1 1 561 593 594
1088 2 2 1 1 561 594 562
1089 2 2 1 1 562 594 595
1090 2 2 1 1 562 595 563
1091 2 2 1 1 563 595 596
1092 2 2 1 1 563 596 564
1093 2 2 1 1 564 596 597
1094 2 2 1 1 564 597 565
1095 2 2 1 1 565 597 598
1096 2 2 1 1 565 598 566
1097 2 2 1 1 566 598 599
1098 2 2 1 1 566 599 567
1099 2 2 1 1 567 599 600
1100 2 2 1 1 567 600 568
1101 2 2 1 1 568 600 601
1102 2 2 1 1 568 601 569
1103 2 2 1 1 569 601 602
1104 2 2 1 1 569 602 570
1105 2 2 1 1 570 602 603
1106 2 2 1 1 570 603 571
1107 2 2 1 1 571 603 604
1108 2 2 1 1 571 604 572
1109 2 2 1 1 572 604 605
1110 2 2 1 1 572 605 573
1111 2 2 1 1 573 605 606
1112 2 2 1 1 573 606 574
1113 2 2 1 1 574 606 607
1114 2 2 1 1 574 607 575
1115 2 2 1 1 575 607 608
1116 2 2 1 1 575 608 576
1117 2 2 1 1 577 609 610
1118 2 2 1 1 577 610 578
1119 2 2 1 1 578 610 611
1120 2 2 1 1 578 611 579
1121 2 2 1 1 579 611 612
1122 2 2 1 1 579 612 580
1123 2 2 1 1 580 612 613
1124 2 2 1 1 580 613 581
1125 2 2 1 1 581 613 614
1126 2 2 1 1 581 614 582
1127 2 2 1 1 582 614 615
1128 2 2 1 1 582 615 583
1129 2 2 1 1 583 615 616
1130 2 2 1 1 583 616 584
1131 2 2 1 1 584 616 617
1132 2 2 1 1 584 617 585
1133 2 2 1 1 585 617 618
1134 2 2 1 1 585 618 586
1135 2 2 1 1 586 618 619
1136 2 2 1 1 586 619 587
1137 2 2 1 1 587 619 620
1138 2 2 1 1 587 620 588
1139 2 2 1 1 588 620 621
1140 2 2 1 1 588 621 589
1141 2 2 1 1 589 621 622
1142 2 2 1 1 589 622 590
1143 2 2 1 1 590 622 623
1144 2 2 1 1 590 623 591
1145 2 2 1 1 591 623 624
1146 2 2 1 1 591 624 592
1147 2 2 1 1 592 624 625
1148 2 2 1 1 592 625 593
1149 2 2 1 1 593 625 626
1150 2 2 1 1 593 626 594
1151 2 2 1 1 594 626 627
1152 2 2 1 1 594 627 595
1153 2 2 1 1 595 627 628
1154 2 2 1 1 595 628 596
1155 2 2 1 1 596 628 629
1156 2 2 1 1 596 629 597
1157 2 2 1 1 597 629 630
1158 2 2 1 1 597 630 598
1159 2 2 1 1 598 630 631
1160 2 2 1 1 598 631 599
1161 2 2 1 1 599 631 632
1162 2 2 1 1 599 632 600
1163 2 2 1 1 600 632 633
1164 2 2 1 1 600 633 601
1165 2 2 1 1 601 633 634
1166 2 2 1 1 601 634 602
1167 2 2 1 1 602 634 635
1168 2 2 1 1 602 635 603
1169 2 2 1 1 603 635 636
1170 2 2 1 1 603 636 604
1171 2 2 1 1 604 636 637
1172 2 2 1 1 604 637 605
1173 2 2 1 1 605 637 638
1174 2 2 1 1 605 638 606
1175 2 2 1 1 606 638 639
1176 2 2 1 1 606 639 607
1177 2 2 1 1 607 639 640
1178 2 2 1 1 607 640 608
1179 2 2 1 1 609 641 642
1180 2 2 1 1 609 642 610
1181 2 2 1 1 610 642 643
1182 2 2 1 1 610 643 611
1183 2 2 1 1 611 643 644
1184 2 2 1 1 611 644 612
1185 2 2 1 1 612 644 645
1186 2 2 1 1 612 645 613
1187 2 2 1 1 613 645 646
1188 2 2 1 1 613 646 614
1189 2 2 1 1 614 646 647
1190 2 2 1 1 614 647 615
1191 2 2 1 1 615 647 648
1192 2 2 1 1 615 648 616
1193 2 2 1 1 616 648 649
1194 2 2 1 1 616 649 617
1195 2 2 1 1 617 649 650
1196 2 2 1 1 617 650 618
1197 2 2 1 1 618 650 651
1198 2 2 1 1 618 651 619
1199 2 2 1 1 619 651 652
1200 2 2 1 1 619 652 620
1201 2 2 1 1 620 652 653
1202 2 2 1 1 620 653 621
1203 2 2 1 1 621 653 654
1204 2 2 1 1 621 654 622
1205 2 2 1 1 622 654 655
1206 2 2 1 1 622 655 623
1207 2 2 1 1 623 655 656
1208 2 2 1 1 623 656 624
1209 2 2 1 1 624 656 657
1210 2 2 1 1 624 657 625
1211 2 2 1 1 625 657 658
1212 2 2 1 1 625 658 626
1213 2 2 1 1 626 658 659
1214 2 2 1 1 626 659 627
1215 2 2 1 1 627 659 660
1216 2 2 1 1 627 660 628
1217 2 2 1 1 628 660 661
1218 2 2 1 1 628 661 629
1219 2 2 1 1 629 661 662
1220 2 2 1 1 629 662 630
1221 2 2 1 1 630 662 663
1222 2 2 1 1 630 663 631
1223 2 2 1 1 631 663 664
1224 2 2 1 1 631 664 632
1225 2 2 1 1 632 664 665
1226 2 2 1 1 632 665 633
1227 2 2 1 1 633 665 666
1228 2 2 1 1 633 666 634
1229 2 2 1 1 634 666 667
1230 2 2 1 1 634 667 635
1231 2 2 1 1 635 667 668
1232 2 2 1 1 635 668 636
1233 2 2 1 1 636 668 669
1234 2 2 1 1 636 669 637
1235 2 2 1 1 637 669 670
1236 2 2 1 1 637 670 638
1237 2 2 1 1 638 670 671
1238 2 2 1 1 638 671 639
1239 2 2 1 1 639 671 672
1240 2 2 1 1 639 672 640
1241 2 2 1 1 641 673 674
1242 2 2 1 1 641 674 642
1243 2 2 1 1 642 674 675
1244 2 2 1 1 642 675 643
1245 2 2 1 1 643 675 676
1246 2 2 1 1 643 676 644
1247 2 2 1 1 644 676 677
1248 2 2 1 1 644 677 645
1249 2 2 1 1 645 677 678
1250 2 2 1 1 645 678 646
1251 2 2 1 1 646 678 679
1252 2 2 1 1 646 679 647
1253 2 2 1 1 647 679 680
1254 2 2 1 1 647 680 648
1255 2 2 1 1 648 680 681
1256 2 2 1 1 648 681 649
1257 2 2 1 1 649 681 682
1258 2 2 1 1 649 682 650
1259 2 2 1 1 650 682 683
1260 2 2 1 1 650 683 651
1261 2 2 1 1 651 683 684
1262 2 2 1 1 651 684 652
1263 2 2 1 1 652 684 685
1264 2 2 1 1 652 685 653
1265 2 2 1 1 653 685 686
1266 2 2 1 1 653 686 654
1267 2 2 1 1 654 686 687
1268 2 2 1 1 654 687 655
1269 2 2 1 1 655 687 688
1270 2 2 1 1 655 688 656
1271 2 2 1 1 656 688 689
1272 2 2 1 1 656 689 657
1273 2 2 1 1 657 689 690
1274 2 2 1 1 657 690 658
1275 2 2 1 1 658 690 691
1276 2 2 1 1 658 691 659
1277 2 2 1 1 659 691 692
1278 2 2 1 1 659 692 660
1279 2 2 1 1 660 692 693
1280 2 2 1 1 660 693 661
1281 2 2 1 1 661 693 694
1282 2 2 1 1 661 694 662
1283 2 2 1 1 662 694 695
1284 2 2 1 1 662 695 663
1285 2 2 1 1 663 695 696
1286 2 2 1 1 663 696 664
1287 2 2 1 1 664 696 697
1288 2 2 1 1 664 697 665
1289 2 2 1 1 665 697 698
1290 2 2 1 1 665 698 666
1291 2 2 1 1 666 698 699
1292 2 2 1 1 666 699 667
1293 2 2 1 1 667 699 700
1294 2 2 1 1 667 700 668
1295 2 2 1 1 668 700 701
1296 2 2 1 1 668 701 669
1297 2 2 1 1 669 701 702
1298 2 2 1 1 669 702 670
1299 2 2 1 1 670 702 703
1300 2 2 1 1 670 703 671
1301 2 2 1 1 671 703 704
1302 2 2 1 1 671 704 672
1303 2 2 1 1 673 705 706
1304 2 2 1 1 673 706 674
1305 2 2 1 1 674 706 707
1306 2 2 1 1 674 707 675
1307 2 2 1 1 675 707 708
1308 2 2 1 1 675 708 676
1309 2 2 1 1 676 708 709
1310 2 2 1 1 676 709 677
1311 2 2 1 1 677 709 710
1312 2 2 1 1 677 710 678
1313 2 2 1 1 678 710 711
1314 2 2 1 1 678 711 679
1315 2 2 1 1 679 711 712
1316 2 2 1 1 679 712 680
1317 2 2 1 1 680 712 713
1318 2 2 1 1 680 713 681
1319 2 2 1 1 681 713 714
1320 2 2 1 1 681 714 682
1321 2 2 1 1 682 714 715
1322 2 2 1 1 682 715 683
1323 2 2 1 1 683 715 716
1324 2 2 1 1 683 716 684
1325 2 2 1 1 684 716 717
1326 2 2 1 1 684 717 685
1327 2 2 1 1 685 717 718
1328 2 2 1 1 685 718 686
1329 2 2 1 1 686 718 719
1330 2 2 1 1 686 719 687
1331 2 2 1 1 687 719 720
1332 2 2 1 1 687 720 688
1333 2 2 1 1 688 720 721
1334 2 2 1 1 688 721 689
1335 2 2 1 1 689 721 722
1336 2 2 1 1 689 722 690
1337 2 2 1 1 690 722 723
1338 2 2 1 1 690 723 691
1339 2 2 1 1 691 723 724
1340 2 2 1 1 691 724 692
1341 2 2 1 1 692 724 725
1342 2 2 1 1 692 725 693
1343 2 2 1 1 693 725 726
1344 2 2 1 1 693 726 694
1345 2 2 1 1 694 726 727
1346 2 2 1 1 694 727 695
1347 2 2 1 1 695 727 728
1348 2 2 1 1 695 728 696
1349 2 2 1 1 696 728 729
1350 2 2 1 1 696 729 697
1351 2 2 1 1 697 729 730
1352 2 2 1 1 697 730 698
1353 2 2 1 1 698 730 731
1354 2 2 1 1 698 731 699
1355 2 2 1 1 699 731 732
1356 2 2 1 1 699 732 700
1357 2 2 1 1 700 732 733
1358 2 2 1 1 700 733 701
1359 2 2 1 1 701 733 734
1360 2 2 1 1 701 734 702
1361 2 2 1 1 702 734 735
1362 2 2 1 1 702 735 703
1363 2 2 1 1 703 735 736
1364 2 2 1 1 703 736 704
1365 2 2 1 1 705 737 738
1366 2 2 1 1 705 738 706
1367 2 2 1 1 706 738 739
1368 2 2 1 1 706 739 707
1369 2 2 1 1 707 739 740
1370 2 2 1 1 707 740 708
1371 2 2 1 1 708 740 741
1372 2 2 1 1 708 741 709
1373 2 2 1 1 709 741 742
1374 2 2 1 1 709 742 710
1375 2 2 1 1 710 742 743
1376 2 2 1 1 710 743 711
1377 2 2 1 1 711 743 744
1378 2 2 1 1 711 744 712
1379 2 2 1 1 712 744 745
1380 2 2 1 1 712 745 713
1381 2 2 1 1 713 745 746
1382 2 2 1 1 713 746 714
1383 2 2 1 1 714 746 747
1384 2 2 1 1 714 747 715
1385 2 2 1 1 715 747 748
1386 2 2 1 1 715 748 716
1387 2 2 1 1 716 748 749
1388 2 2 1 1 716 749 717
1389 2 2 1 1 717 749 750
1390 2 2 1 1 717 750 718
1391 2 2 1 1 718 750 751
1392 2 2 1 1 718 751 719
1393 2 2 1 1 719 751 752
1394 2 2 1 1 719 752 720
1395 2 2 1 1 720 752 753
1396 2 2 1 1 720 753 721
1397 2 2 1 1 721 753 754
1398 2 2 1 1 721 754 722
1399 2 2 1 1 722 754 755
1400 2 2 1 1 722 755 723
1401 2 2 1 1 723 755 756
1402 2 2 1 1 723 756 724
1403 2 2 1 1 724 756 757
1404 2 2 1 1 724 757 725
1405 2 2 1 1 725 757 758
1406 2 2 1 1 725 758 726
1407 2 2 1 1 726 758 759
1408 2 2 1 1 726 759 727
1409 2 2 1 1 727 759 760
1410 2 2 1 1 727 760 728
1411 2 2 1 1 728 760 761
1412 2 2 1 1 728 761 729
1413 2 2 1 1 729 761 762
1414 2 2 1 1 729 762 730
1415 2 2 1 1 730 762 763
1416 2 2 1 1 730 763 731
1417 2 2 1 1 731 763 764
1418 2 2 1 1 731 764 732
1419 2 2 1 1 732 764 765
1420 2 2 1 1 732 765 733
1421 2 2 1 1 733 765 766
1422 2 2 1 1 733 766 734
1423 2 2 1 1 734 766 767
1424 2 2 1 1 734 767 735
1425 2 2 1 1 735 767 768
1426 2 2 1 1 735 768 736
1427 2 2 1 1 737 769 770
1428 2 2 1 1 737 770 738
1429 2 2 1 1 738 770 771
1430 2 2 1 1 738 771 739
1431 2 2 1 1 739 771 772
1432 2 2 1 1 739 772 740
1433 2 2 1 1 740 772 773
1434 2 2 1 1 740 773 741
1435 2 2 1 1 741 773 774
1436 2 2 1 1 741 774 742
1437 2 2 1 1 742 774 775
1438 2 2 1 1 742 775 743
1439 2 2 1 1 743 775 776
1440 2 2 1 1 743 776 744
1441 2 2 1 1 744 776 777
1442 2 2 1 1 744 777 745
1443 2 2 1 1 745 777 778
1444 2 2 1 1 745 778 746
1445 2 2 1 1 746 778 779
1446 2 2 1 1 746 779 747
1447 2 2 1 1 747 779 780
1448 2 2 1 1 747 780 748
1449 2 2 1 1 748 780 781
1450 2 2 1 1 748 781 749
1451 2 2 1 1 749 781 782
1452 2 2 1 1 749 782 750
1453 2 2 1 1 750 782 783
1454 2 2 1 1 750 783 751
1455 2 2 1 1 751 783 784
1456 2 2 1 1 751 784 752
1457 2 2 1 1 752 784 785
1458 2 2 1 1 752 785 753
1459 2 2 1 1 753 785 786
1460 2 2 1 1 753 786 754
1461 2 2 1 1 754 786 787
1462 2 2 1 1 754 787 755
1463 2 2 1 1 755 787 788
1464 2 2 1 1 755 788 756
1465 2 2 1 1 756 788 789
1466 2 2 1 1 756 789 757
1467 2 2 1 1 757 789 790
1468 2 2 1 1 757 790 758
1469 2 2 1 1 758 790 791
1470 2 2 1 1 758 791 759
1471 2 2 1 1 759 791 792
1472 2 2 1 1 759 792 760
1473 2 2 1 1 760 792 793
1474 2 2 1 1 760 793 761
1475 2 2 1 1 761 793 794
1476 2 2 1 1 761 794 762
1477 2 2 1 1 762 794 795
1478 2 2 1 1 762 795 763
1479 2 2 1 1 763 795 796
1480 2 2 1 1 763 796 764
1481 2 2 1 1 764 796 797
1482 2 2 1 1 764 797 765
1483 2 2 1 1 765 797 798
1484 2 2 1 1 765 798 766
1485 2 2 1 1 766 798 799
1486 2 2 1 1 766 799 767
1487 2 2 1 1 767 799 800
1488 2 2 1 1 767 800 768
1489 2 2 1 1 769 801 802
1490 2 2 1 1 769 802 770
1491 2 2 1 1 770 802 803
1492 2 2 1 1 770 803 771
1493 2 2 1 1 771 803 804
1494 2 2 1 1 771 804 772
1495 2 2 1 1 772 804 805
1496 2 2 1 1 772 805 773
1497 2 2 1 1 773 805 806
1498 2 2 1 1 773 806 774
1499 2 2 1 1 774 806 807
1500 2 2 1 1 774 807 775
1501 2 2 1 1 775 807 808
1502 2 2 1 1 775 808 776
1503 2 2 1 1 776 808 809
1504 2 2 1 1 776 809 777
1505 2 2 1 1 777 809 810
1506 2 2 1 1 777 810 778
1507 2 2 1 1 778 810 811
1508 2 2 1 1 778 811 779
1509 2 2 1 1 779 811 812
1510 2 2 1 1 779 812 780
1511 2 2 1 1 780 812 813
1512 2 2 1 1 780 813 781
1513 2 2 1 1 781 813 814
1514 2 2 1 1 781 814 782
1515 2 2 1 1 782 814 815
1516 2 2 1 1 782 815 783
1517 2 2 1 1 783 815 816
1518 2 2 1 1 783 816 784
1519 2 2 1 1 784 816 817
1520 2 2 1 1 784 817 785
1521 2 2 1 1 785 817 818
1522 2 2 1 1 785 818 786
1523 2 2 1 1 786 818 819
1524 2 2 1 1 786 819 787
1525 2 2 1 1 787 819 820
1526 2 2 1 1 787 820 788
1527 2 2 1 1 788 820 821
1528 2 2 1 1 788 821 789
1529 2 2 1 1 789 821 822
1530 2 2 1 1 789 822 790
1531 2 2 1 1 790 822 823
1532 2 2 1 1 790 823 791
1533 2 2 1 1 791 823 824
1534 2 2 1 1 791 824 792
1535 2 2 1 1 792 824 825
1536 2 2 1 1 792 825 793
1537 2 2 1 1 793 825 826
1538 2 2 1 1 793 826 794
1539 2 2 1 1 794 826 827
1540 2 2 1 1 794 827 795
1541 2 2 1 1 795 827 828
1542 2 2 1 1 795 828 796
1543 2 2 1 1 796 828 829
1544 2 2 1 1 796 829 797
1545 2 2 1 1 797 829 830
1546 2 2 1 1 797 830 798
1547 2 2 1 1 798 830 831
1548 2 2 1 1 798 831 799
1549 2 2 1 1 799 831 832
1550 2 2 1 1 799 832 800
1551 2 2 1 1 801 833 834
1552 2 2 1 1 801 834 802
1553 2 2 1 1 802 834 835
1554 2 2 1 1 802 835 803
1555 2 2 1 1 803 835 836
1556 2 2 1 1 803 836 804
1557 2 2 1 1 804 836 837
1558 2 2 1 1 804 837 805
1559 2 2 1 1 805 837 838
1560 2 2 1 1 805 838 806
1561 2 2 1 1 806 838 839
1562 2 2 1 1 806 839 807
1563 2 2 1 1 807 839 840
1564 2 2 1 1 807 840 808
1565 2 2 1 1 808 840 841
1566 2 2 1 1 808 841 809
1567 2 2 1 1 809 841 842
1568 2 2 1 1 809 842 810
1569 2 2 1 1 810 842 843
1570 2 2 1 1 810 843 811
1571 2 2 1 1 811 843 844
1572 2 2 1 1 811 844 812
1573 2 2 1 1 812 844 845
1574 2 2 1 1 812 845 813
1575 2 2 1 1 813 845 846
1576 2 2 1 1 813 846 814
1577 2 2 1 1 814 846 847
1578 2 2 1 1 814 847 815
1579 2 2 1 1 815 847 848
1580 2 2 1 1 815 848 816
1581 2 2 1 1 816 848 849
1582 2 2 1 1 816 849 817
1583 2 2 1 1 817 849 850
1584 2 2 1 1 817 850 818
1585 2 2 1 1 818 850 851
1586 2 2 1 1 818 851 819
1587 2 2 1 1 819 851 852
1588 2 2 1 1 819 852 820
1589 2 2 1 1 820 852 853
1590 2 2 1 1 820 853 821
1591 2 2 1 1 821 853 854
1592 2 2 1 1 821 854 822
1593 2 2 1 1 822 854 855
1594 2 2 1 1 822 855 823
1595 2 2 1 1 823 855 856
1596 2 2 1 1 823 856 824
1597 2 2 1 1 824 856 857
1598 2 2 1 1 824 857 825
1599 2 2 1 1 825 857 858
1600 2 2 1 1 825 858 826
1601 2 2 1 1 826 858 859
1602 2 2 1 1 826 859 827
1603 2 2 1 1 827 859 860
1604 2 2 1 1 827 860 828
1605 2 2 1 1 828 860 861
1606 2 2 1 1 828 861 829
1607 2 2 1 1 829 861 862
1608 2 2 1 1 829 862 830
1609 2 2 1 1 830 862 863
1610 2 2 1 1 830 863 831
1611 2 2 1 1 831 863 864
1612 2 2 1 1 831 864 832
1613 2 2 1 1 833 865 866
1614 2 2 1 1 833 866 834
1615 2 2 1 1 834 866 867
1616 2 2 1 1 834 867 835
1617 2 2 1 1 835 867 868
1618 2 2 1 1 835 868 836
1619 2 2 1 1 836 868 869
1620 2 2 1 1 836 869 837
1621 2 2 1 1 837 869 870
1622 2 2 1 1 837 870 838
1623 2 2 1 1 838 870 871
1624 2 2 1 1 838 871 839
1625 2 2 1 1 839 871 872
1626 2 2 1 1 839 872 840
1627 2 2 1 1 840 872 873
1628 2 2 1 1 840 873 841
1629 2 2 1 1 841 873 874
1630 2 2 1 1 841 874 842
1631 2 2 1 1 842 874 875
1632 2 2 1 1 842 875 843
1633 2 2 1 1 843 875 876
1634 2 2 1 1 843 876 844
1635 2 2 1 1 844 876 877
1636 2 2 1 1 844 877 845
1637 2 2 1 1 845 877 878
1638 2 2 1 1 845 878 846
1639 2 2 1 1 846 878 879
1640 2 2 1 1 846 879 847
1641 2 2 1 1 847 879 880
1642 2 2 1 1 847 880 848
1643 2 2 1 1 848 880 881
1644 2 2 1 1 848 881 849
1645 2 2 1 1 849 881 882
1646 2 2 1 1 849 882 850
1647 2 2 1 1 850 882 883
1648 2 2 1 1 850 883 851
1649 2 2 1 1 851 883 884
1650 2 2 1 1 851 884 852
1651 2 2 1 1 852 884 885
1652 2 2 1 1 852 885 853
1653 2 2 1 1 853 885 886
1654 2 2 1 1 853 886 854
1655 2 2 1 1 854 886 887
1656 2 2 1 1 854 887 855
1657 2 2 1 1 855 887 888
1658 2 2 1 1 855 888 856
1659 2 2 1 1 856 888 889
1660 2 2 1 1 856 889 857
1661 2 2 1 1 857 889 890
1662 2 2 1 1 857 890 858
1663 2 2 1 1 858 890 891
1664 2 2 1 1 858 891 859
1665 2 2 1 1 859 891 892
1666 2 2 1 1 859 892 860
1667 2 2 1 1 860 892 893
1668 2 2 1 1 860 893 861
1669 2 2 1 1 861 893 894
1670 2 2 1 1 861 894 862
1671 2 2 1 1 862 894 895
1672 2 2 1 1 862 895 863
1673 2 2 1 1 863 895 896
1674 2 2 1 1 863 896 864
1675 2 2 1 1 865 897 898
1676 2 2 1 1 865 898 866
1677 2 2 1 1 866 898 899
1678 2 2 1 1 866 899 867
1679 2 2 1 1 867 899 900
1680 2 2 1 1 867 900 868
1681 2 2 1 1 868 900 901
1682 2 2 1 1 868 901 869
1683 2 2 1 1 869 901 902
1684 2 2 1 1 869 902 870
1685 2 2 1 1 870 902 903
1686 2 2 1 1 870 903 871
1687 2 2 1 1 871 903 904
1688 2 2 1 1 871 904 872
1689 2 2 1 1 872 904 905
1690 2 2 1 1 872 905 873
1691 2 2 1 1 873 905 906
1692 2 2 1 1 873 906 874
1693 2 2 1 1 874 906 907
1694 2 2 1 1 874 907 875
1695 2 2 1 1 875 907 908
1696 2 2 1 1 875 908 876
1697 2 2 1 1 876 908 909
1698 2 2 1 1 876 909 877
1699 2 2 1 1 877 909 910
1700 2 2 1 1 877 910 878
1701 2 2 1 1 878 910 911
1702 2 2 1 1 878 911 879
1703 2 2 1 1 879 911 912
1704 2 2 1 1 879 912 880
1705 2 2 1 1 880 912 913
1706 2 2 1 1 880 913 881
1707 2 2 1 1 881 913 914
1708 2 2 1 1 881 914 882
1709 2 2 1 1 882 914 915
1710 2 2 1 1 882 915 883
1711 2 2 1 1 883 915 916
1712 2 2 1 1 883 916 884
1713 2 2 1 1 884 916 917
1714 2 2 1 1 884 917 885
1715 2 2 1 1 885 917 918
1716 2 2 1 1 885 918 886
1717 2 2 1 1 886 918 919
1718 2 2 1 1 886 919 887
1719 2 2 1 1 887 919 920
1720 2 2 1 1 887 920 888
1721 2 2 1 1 888 920 921
1722 2 2 1 1 888 921 889
1723 2 2 1 1 889 921 922
1724 2 2 1 1 889 922 890
1725 2 2 1 1 890 922 923
1726 2 2 1 1 890 923 891
1727 2 2 1 1 891 923 924
1728 2 2 1 1 891 924 892
1729 2 2 1 1 892 924 925
1730 2 2 1 1 892 925 893
1731 2 2 1 1 893 925 926
1732 2 2 1 1 893 926 894
1733 2 2 1 1 894 926 927
1734 2 2 1 1 894 927 895
1735 2 2 1 1 895 927 928
1736 2 2 1 1 895 928 896
1737 2 2 1 1 897 929 930
1738 2 2 1 1 897 930 898
1739 2 2 1 1 898 930 931
1740 2 2 1 1 898 931 899
1741 2 2 1 1 899 931 932
1742 2 2 1 1 899 932 900
1743 2 2 1 1 900 932 933
1744 2 2 1 1 900 933 901
1745 2 2 1 1 901 933 934
1746 2 2 1 1 901 934 902
1747 2 2 1 1 902 934 935
1748 2 2 1 1 902 935 903
1749 2 2 1 1 903 935 936
1750 2 2 1 1 903 936 904
1751 2 2 1 1 904 936 937
1752 2 2 1 1 904 937 905
1753 2 2 1 1 905 937 938
1754 2 2 1 1 905 938 906
1755 2 2 1 1 906 938 939
1756 2 2 1 1 906 939 907
1757 2 2 1 1 907 939 940
1758 2 2 1 1 907 940 908
1759 2 2 1 1 908 940 941
1760 2 2 1 1 908 941 909
1761 2 2 1 1 909 941 942
1762 2 2 1 1 909 942 910
1763 2 2 1 1 910 942 943
1764 2 2 1 1 910 943 911
1765 2 2 1 1 911 943 944
1766 2 2 1 1 911 944 912
1767 2 2 1 1 912 944 945
1768 2 2 1 1 912 945 913
1769 2 2 1 1 913 945 946
1770 2 2 1 1 913 946 914
1771 2 2 1 1 914 946 947
1772 2 2 1 1 914 947 915
1773 2 2 1 1 915 947 948
1774 2 2 1 1 915 948 916
1775 2 2 1 1 916 948 949
1776 2 2 1 1 916 949 917
1777 2 2 1 1 917 949 950
1778 2 2 1 1 917 950 918
1779 2 2 1 1 918 950 951
1780 2 2 1 1 918 951 919
1781 2 2 1 1 919 951 952
1782 2 2 1 1 919 952 920
1783 2 2 1 1 920 952 953
1784 2 2 1 1 920 953 921
1785 2 2 1 1 921 953 954
1786 2 2 1 1 921 954 922
1787 2 2 1 1 922 954 955
1788 2 2 1 1 922 955 923
1789 2 2 1 1 923 955 956
1790 2 2 1 1 923 956 924
1791 2 2 1 1 924 956 957
1792 2 2 1 1 924 957 925
1793 2 2 1 1 925 957 958
1794 2 2 1 1 925 958 926
1795 2 2 1 1 926 958 959
1796 2 2 1 1 926 959 927
1797 2 2 1 1 927 959 960
1798 2 2 1 1 927 960 928
1799 2 2 1 1 929 961 962
1800 2 2 1 1 929 962 930
1801 2 2 1 1 930 962 963
1802 2 2 1 1 930 963 931
1803 2 2 1 1 931 963 964
1804 2 2 1 1 931 964 932
1805 2 2 1 1 932 964 965
1806 2 2 1 1 932 965 933
1807 2 2 1 1 933 965 966
1808 2 2 1 1 933 966 934
1809 2 2 1 1 934 966 967
1810 2 2 1 1 934 967 935
1811 2 2 1 1 935 967 968
1812 2 2 1 1 935 968 936
1813 2 2 1 1 936 968 969
1814 2 2 1 1 936 969 937
1815 2 2 1 1 937 969 970
1816 2 2 1 1 937 970 938
1817 2 2 1 1 938 970 971
1818 2 2 1 1 938 971 939
1819 2 2 1 1 939 971 972
1820 2 2 1 1 939 972 940
1821 2 2 1 1 940 972 973
1822 2 2 1 1 940 973 941
1823 2 2 1 1 941 973 974
1824 2 2 1 1 941 974 942
1825 2 2 1 1 942 974 975
1826 2 2 1 1 942 975 943
1827 2 2 1 1 943 975 976
1828 2 2 1 1 943 976 944
1829 2 2 1 1 944 976 977
1830 2 2 1 1 944 977 945
1831 2 2 1 1 945 977 978
1832 2 2 1 1 945 978 946
1833 2 2 1 1 946 978 979
1834 2 2 1 1 946 979 947
1835 2 2 1 1 947 979 980
1836 2 2 1 1 947 980 948
1837 2 2 1 1 948 980 981
1838 2 2 1 1 948 981 949
1839 2 2 1 1 949 981 982
1840 2 2 1 1 949 982 950
1841 2 2 1 1 950 982 983
1842 2 2 1 1 950 983 951
1843 2 2 1 1 951 983 984
1844 2 2 1 1 951 984 952
1845 2 2 1 1 952 984 985
1846 2 2 1 1 952 985 953
1847 2 2 1 1 953 985 986
1848 2 2 1 1 953 986 954
1849 2 2 1 1 954 986 987
1850 2 2 1 1 954 987 955
1851 2 2 1 1 955 987 988
1852 2 2 1 1 955 988 956
1853 2 2 1 1 956 988 989
1854 2 2 1 1 956 989 957
1855 2 2 1 1 957 989 990
1856 2 2 1 1 957 990 958
1857 2 2 1 1 958 990 991
1858 2 2 1 1 958 991 959
1859 2 2 1 1 959 991 992
1860 2 2 1 1 959 992 960
1861 2 2 1 1 64 63 993
1862 2 2 1 1 64 993 994
1863 2 2 1 1 994 993 995
1864 2 2 1 1 994 995 996
1865 2 2 1 1 996 995 997
1866 2 2 1 1 996 997 998
1867 2 2 1 1 998 997 999
1868 2 2 1 1 998 999 1000
1869 2 2 1 1 1000 999 1001
1870 2 2 1 1 1000 1001 1002
1871 2 2 1 1 1002 1001 1003
1872 2 2 1 1 1002 1003 1004
1873 2 2 1 1 1004 1003 1005
1874 2 2 1 1 1004 1005 1006
1875 2 2 1 1 1006 1005 1007
1876 2 2 1 1 1006 1007 1008
1877 2 2 1 1 1008 1007 1009
1878 2 2 1 1 1008 1009 1010
1879 2 2 1 1 1010 1009 1011
1880 2 2 1 1 1010 1011 1012
1881 2 2 1 1 1012 1011 1013
1882 2 2 1 1 1012 1013 1014
1883 2 2 1 1 1014 1013 1015
1884 2 2 1 1 1014 1015 1016
1885 2 2 1 1 1016 1015 1017
1886 2 2 1 1 1016 1017 1018
1887 2 2 1 1 1018 1017 1019
1888 2 2 1 1 1018 1019 1020
1889 2 2 1 1 1020 1019 1021
1890 2 2 1 1 1020 1021 1022
1891 2 2 1 1 1022 1021 1023
1892 2 2 1 1 1022 1023 1024
1893 2 2 1 1 1024 1023 1025
1894 2 2 1 1 1024 1025 1026
1895 2 2 1 1 1026 1025 1027
1896 2 2 1 1 1026 1027 1028
1897 2 2 1 1 1028 1027 1029
1898 2 2 1 1 1028 1029 1030
1899 2 2 1 1 1030 1029 1031
1900 2 2 1 1 1030 1031 1032
1901 2 2 1 1 1032 1031 1033
1902 2 2 1 1 1032 1033 1034
1903 2 2 1 1 1034 1033 1035
1904 2 2 1 1 1034 1035 1036
1905 2 2 1 1 1036 1035 1037
1906 2 2 1 1 1036 1037 1038
1907 2 2 1 1 63 96 1039
1908 2 2 1 1 63 1039 993
1909 2 2 1 1 993 1039 1040
1910 2 2 1 1 993 1040 995
1911 2 2 1 1 995 1040 1041
1912 2 2 1 1 995 1041 997
1913 2 2 1 1 997 1041 1042
1914 2 2 1 1 997 1042 999
1915 2 2 1 1 999 1042 1043
1916 2 2 1 1 999 1043 1001
1917 2 2 1 1 1001 1043 1044
1918 2 2 1 1 1001 1044 1003
1919 2 2 1 1 1003 1044 1045
1920 2 2 1 1 1003 1045 1005
1921 2 2 1 1 1005 1045 1046
1922 2 2 1 1 1005 1046 1007
1923 2 2 1 1 1007 1046 1047
1924 2 2 1 1 1007 1047 1009
1925 2 2 1 1 1009 1047 1048
1926 2 2 1 1 1009 1048 1011
1927 2 2 1 1 1011 1048 1049
1928 2 2 1 1 1011 1049 1013
1929 2 2 1 1 1013 1049 1050
1930 2 2 1 1 1013 1050 1015
1931 2 2 1 1 1015 1050 1051
1932 2 2 1 1 1015 1051 1017
1933 2 2 1 1 1017 1051 1052
1934 2 2 1 1 1017 1052 1019
1935 2 2 1 1 1019 1052 1053
1936 2 2 1 1 1019 1053 1021
1937 2 2 1 1 1021 1053 1054
1938 2 2 1 1 1021 1054 1023
1939 2 2 1 1 1023 1054 1055
1940 2 2 1 1 1023 1055 1025
1941 2 2 1 1 1025 1055 1056
1942 2 2 1 1 1025 1056 1027
1943 2 2 1 1 1027 1056 1057
1944 2 2 1 1 1027 1057 1029
1945 2 2 1 1 1029 1057 1058
1946 2 2 1 1 1029 1058 1031
1947 2 2 1 1 1031 1058 1059
1948 2 2 1 1 1031 1059 1033
1949 2 2 1 1 1033 1059 1060
1950 2 2 1 1 1033 1060 1035
1951 2 2 1 1 1035 1060 1061
1952 2 2 1 1 1035 1061 1037
1953 2 2 1 1 96 128 1062
1954 2 2 1 1 96 1062 1039
1955 2 2 1 1 1039 1062 1063
1956 2 2 1 1 1039 1063 1040
1957 2 2 1 1 1040 1063 1064
1958 2 2 1 1 1040 1064 1041
1959 2 2 1 1 1041 1064 1065
1960 2 2 1 1 1041 1065 1042
1961 2 2 1 1 1042 1065 1066
1962 2 2 1 1 1042 1066 1043
1963 2 2 1 1 1043 1066 1067
1964 2 2 1 1 1043 1067 1044
1965 2 2 1 1 1044 1067 1068
1966 2 2 1 1 1044 1068 1045
1967 2 2 1 1 1045 1068 1069
1968 2 2 1 1 1045 1069 1046
1969 2 2 1 1 1046 1069 1070
1970 2 2 1 1 1046 1070 1047
1971 2 2 1 1 1047 1070 1071
1972 2 2 1 1 1047 1071 1048
1973 2 2 1 1 1048 1071 1072
1974 2 2 1 1 1048 1072 1049
1975 2 2 1 1 1049 1072 1073
1976 2 2 1 1 1049 1073 1050
1977 2 2 1 1 1050 1073 1074
1978 2 2 1 1 1050 1074 1051
1979 2 2 1 1 1051 1074 1075
1980 2 2 1 1 1051 1075 1052
1981 2 2 1 1 1052 1075 1076
1982 2 2 1 1 1052 1076 1053
1983 2 2 1 1 1053 1076 1077
1984 2 2 1 1 1053 1077 1054
1985 2 2 1 1 1054 1077 1078
1986 2 2 1 1 1054 1078 1055
1987 2 2 1 1 1055 1078 1079
1988 2 2 1 1 1055 1079 1056
1989 2 2 1 1 1056 1079 1080
1990 2 2 1 1 1056 1080 1057
1991 2 2 1 1 1057 1080 1081
1992 2 2 1 1 1057 1081 1058
1993 2 2 1 1 1058 1081 1082
1994 2 2 1 1 1058 1082 1059
1995 2 2 1 1 1059 1082 1083
1996 2 2 1 1 1059 1083 1060
1997 2 2 1 1 1060 1083 1084
1998 2 2 1 1 1060 1084 1061
1999 2 2 1 1 128 160 1085
2000 2 2 1 1 128 1085 1062
2001 2 2 1 1 1062 1085 1086
2002 2 2 1 1 1062 1086 1063
2003 2 2 1 1 1063 1086 1087
2004 2 2 1 1 1063 1087 1064
2005 2 2 1 1 1064 1087 1088
2006 2 2 1 1 1064 1088 1065
2007 2 2 1 1 1065 1088 1089
2008 2 2 1 1 1065 1089 1066
2009 2 2 1 1 1066 1089 1090
2010 2 2 1 1 1066 1090 1067
2011 2 2 1 1 1067 1090 1091
2012 2 2 1 1 1067 1091 1068
2013 2 2 1 1 1068 1091 1092
2014 2 2 1 1 1068 1092 1069
2015 2 2 1 1 1069 1092 1093
2016 2 2 1 1 1069 1093 1070
2017 2 2 1 1 1070 1093 1094
2018 2 2 1 1 1070 1094 1071
2019 2 2 1 1 1071 1094 1095
2020 2 2 1 1 1071 1095 1072
2021 2 2 1 1 1072 1095 1096
2022 2 2 1 1 1072 1096 1073
2023 2 2 1 1 1073 1096 1097
2024 2 2 1 1 1073 1097 1074
2025 2 2 1 1 1074 1097 1098
2026 2 2 1 1 1074 1098 1075
2027 2 2 1 1 1075 1098 1099
2028 2 2 1 1 1075 1099 1076
2029 2 2 1 1 1076 1099 1100
2030 2 2 1 1 1076 1100 1077
2031 2 2 1 1 1077 1100 1101
2032 2 2 1 1 1077 1101 1078
2033 2 2 1 1 1078 1101 1102
2034 2 2 1 1 1078 1102 1079
2035 2 2 1 1 1079 1102 1103
2036 2 2 1 1 1079 1103 1080
2037 2 2 1 1 1080 1103 1104
2038 2 2 1 1 1080 1104 1081
2039 2 2 1 1 1081 1104 1105
2040 2 2 1 1 1081 1105 1082
2041 2 2 1 1 1082 1105 1106
2042 2 2 1 1 1082 1106 1083
2043 2 2 1 1 1083 1106 1107
2044 2 2 1 1 1083 1107 1084
2045 2 2 1 1 160 192 1108
2046 2 2 1 1 160 1108 1085
2047 2 2 1 1 1085 1108 1109
2048 2 2 1 1 1085 1109 1086
2049 2 2 1 1 1086 1109 1110
2050 2 2 1 1 1086 1110 1087
2051 2 2 1 1 1087 1110 1111
2052 2 2 1 1 1087 1111 1088
2053 2 2 1 1 1088 1111 1112
2054 2 2 1 1 1088 1112 1089
2055 2 2 1 1 1089 1112 1113
2056 2 2 1 1 1089 1113 1090
2057 2 2 1 1 1090 1113 1114
2058 2 2 1 1 1090 1114 1091
2059 2 2 1 1 1091 1114 1115
2060 2 2 1 1 1091 1115 1092
2061 2 2 1 1 1092 1115 1116
2062 2 2 1 1 1092 1116 1093
2063 2 2 1 1 1093 1116 1117
2064 2 2 1 1 1093 1117 1094
2065 2 2 1 1 1094 1117 1118
2066 2 2 1 1 1094 1118 1095
2067 2 2 1 1 1095 1118 1119
2068 2 2 1 1 1095 1119 1096
2069 2 2 1 1 1096 1119 1120
2070 2 2 1 1 1096 1120 1097
2071 2 2 1 1 1097 1120 1121
2072 2 2 1 1 1097 1121 1098
2073 2 2 1 1 1098 1121 1122
2074 2 2 1 1 1098 1122 1099
2075 2 2 1 1 1099 1122 1123
2076 2 2 1 1 1099 1123 1100
2077 2 2 1 1 1100 1123 1124
2078 2 2 1 1 1100 1124 1101
2079 2 2 1 1 1101 1124 1125
2080 2 2 1 1 1101 1125 1102
2081 2 2 1 1 1102 1125 1126
2082 2 2 1 1 1102 1126 1103
2083 2 2 1 1 1103 1126 1127
2084 2 2 1 1 1103 1127 1104
2085 2 2 1 1 1104 1127 1128
2086 2 2 1 1 1104 1128 1105
2087 2 2 1 1 1105 1128 1129
2088 2 2 1 1 1105 1129 1106
2089 2 2 1 1 1106 1129 1130
2090 2 2 1 1 1106 1130 1107
2091 2 2 1 1 192 224 1131
2092 2 2 1 1 192 1131 1108
2093 2 2 1 1 1108 1131 1132
2094 2 2 1 1 1108 1132 1109
2095 2 2 1 1 1109 1132 1133
2096 2 2 1 1 1109 1133 1110
2097 2 2 1 1 1110 1133 1134
2098 2 2 1 1 1110 1134 1111
2099 2 2 1 1 1111 1134 1135
2100 2 2 1 1 1111 1135 1112
2101 2 2 1 1 1112 1135 1136
2102 2 2 1 1 1112 1136 1113
2103 2 2 1 1 1113 1136 1137
2104 2 2 1 1 1113 1137 1114
2105 2 2 1 1 1114 1137 1138
2106 2 2 1 1 1114 1138 1115
2107 2 2 1 1 1115 1138 1139
2108 2 2 1 1 1115 1139 1116
2109 2 2 1 1 1116 1139 1140
2110 2 2 1 1 1116 1140 1117
2111 2 2 1 1 1117 1140 1141
2112 2 2 1 1 1117 1141 1118
2113 2 2 1 1 1118 1141 1142
2114 2 2 1 1 1118 1142 1119
2115 2 2 1 1 1119 1142 1143
2116 2 2 1 1 1119 1143 1120
2117 2 2 1 1 1120 1143 1144
2118 2 2 1 1 1120 1144 1121
2119 2 2 1 1 1121 1144 1145
2120 2 2 1 1 1121 1145 1122
2121 2 2 1 1 1122 1145 1146
2122 2 2 1 1 1122 1146 1123
2123 2 2 1 1 1123 1146 1147
2124 2 2 1 1 1123 1147 1124
2125 2 2 1 1 1124 1147 1148
2126 2 2 1 1 1124 1148 1125
2127 2 2 1 1 1125 1148 1149
2128 2 2 1 1 1125 1149 1126
2129 2 2 1 1 1126 1149 1150
2130 2 2 1 1 1126 1150 1127
2131 2 2 1 1 1127 1150 1151
2132 2 2 1 1 1127 1151 1128
2133 2 2 1 1 1128 1151 1152
2134 2 2 1 1 1128 1152 1129
2135 2 2 1 1 1129 1152 1153
2136 2 2 1 1 1129 1153 1130
2137 2 2 1 1 224 256 1154
2138 2 2 1 1 224 1154 1131
2139 2 2 1 1 1131 1154 1155
2140 2 2 1 1 1131 1155 1132
2141 2 2 1 1 1132 1155 1156
2142 2 2 1 1 1132 1156 1133
2143 2 2 1 1 1133 1156 1157
2144 2 2 1 1 1133 1157 1134
2145 2 2 1 1 1134 1157 1158
2146 2 2 1 1 1134 1158 1135
2147 2 2 1 1 1135 1158 1159
2148 2 2 1 1 1135 1159 1136
2149 2 2 1 1 1136 1159 1160
2150 2 2 1 1 1136 1160 1137
2151 2 2 1 1 1137 1160 1161
2152 2 2 1 1 1137 1161 1138
2153 2 2 1 1 1138 1161 1162
2154 2 2 1 1 1138 1162 1139
2155 2 2 1 1 1139 1162 1163
2156 2 2 1 1 1139 1163 1140
2157 2 2 1 1 1140 1163 1164
2158 2 2 1 1 1140 1164 1141
2159 2 2 1 1 1141 1164 1165
2160 2 2 1 1 1141 1165 1142
2161 2 2 1 1 1142 1165 1166
2162 2 2 1 1 1142 1166 1143
2163 2 2 1 1 1143 1166 1167
2164 2 2 1 1 1143 1167 1144
2165 2 2 1 1 1144 1167 1168
2166 2 2 1 1 1144 1168 1145
2167 2 2 1 1 1145 1168 1169
2168 2 2 1 1 1145 1169 1146
2169 2 2 1 1 1146 1169 1170
2170 2 2 1 1 1146 1170 1147
2171 2 2 1 1 1147 1170 1171
2172 2 2 1 1 1147 1171 1148
2173 2 2 1 1 1148 1171 1172
2174 2 2 1 1 1148 1172 1149
2175 2 2 1 1 1149 1172 1173
2176 2 2 1 1 1149 1173 1150
2177 2 2 1 1 1150 1173 1174
2178 2 2 1 1 1150 1174 1151
2179 2 2 1 1 1151 1174 1175
2180 2 2 1 1 1151 1175 1152
2181 2 2 1 1 1152 1175 1176
2182 2 2 1 1 1152 1176 1153
2183 2 2 1 1 256 288 1177
2184 2 2 1 1 256 1177 1154
2185 2 2 1 1 1154 1177 1178
2186 2 2 1 1 1154 1178 1155
2187 2 2 1 1 1155 1178 1179
2188 2 2 1 1 1155 1179 1156
2189 2 2 1 1 1156 1179 1180
2190 2 2 1 1 1156 1180 1157
2191 2 2 1 1 1157 1180 1181
2192 2 2 1 1 1157 1181 1158
2193 2 2 1 1 1158 1181 1182
2194 2 2 1 1 1158 1182 1159
2195 2 2 1 1 1159 1182 1183
2196 2 2 1 1 1159 1183 1160
2197 2 2 1 1 1160 1183 1184
2198 2 2 1 1 1160 1184 1161
2199 2 2 1 1 1161 1184 1185
2200 2 2 1 1 1161 1185 1162
2201 2 2 1 1 1162 1185 1186
2202 2 2 1 1 1162 1186 1163
2203 2 2 1 1 1163 1186 1187
2204 2 2 1 1 1163 1187 1164
2205 2 2 1 1 1164 1187 1188
2206 2 2 1 1 1164 1188 1165
2207 2 2 1 1 1165 1188 1189
2208 2 2 1 1 1165 1189 1166
2209 2 2 1 1 1166 1189 1190
2210 2 2 1 1 1166 1190 1167
2211 2 2 1 1 1167 1190 1191
2212 2 2 1 1 1167 1191 1168
2213 2 2 1 1 1168 1191 1192
2214 2 2 1 1 1168 1192 1169
2215 2 2 1 1 1169 1192 1193
2216 2 2 1 1 1169 1193 1170
2217 2 2 1 1 1170 1193 1194
2218 2 2 1 1 1170 1194 1171
2219 2 2 1 1 1171 1194 1195
2220 2 2 1 1 1171 1195 1172
2221 2 2 1 1 1172 1195 1196
2222 2 2 1 1 1172 1196 1173
2223 2 2 1 1 1173 1196 1197
2224 2 2 1 1 1173 1197 1174
2225 2 2 1 1 1174 1197 1198
2226 2 2 1 1 1174 1198 1175
2227 2 2 1 1 1175 1198 1199
2228 2 2 1 1 1175 1199 1176
2229 2 2 1 1 288 320 1200
2230 2 2 1 1 288 1200 1177
2231 2 2 1 1 1177 1200 1201
2232 2 2 1 1 1177 1201 1178
2233 2 2 1 1 1178 1201 1202
2234 2 2 1 1 1178 1202 1179
2235 2 2 1 1 1179 1202 1203
2236 2 2 1 1 1179 1203 1180
2237 2 2 1 1 1180 1203 1204
2238 2 2 1 1 1180 1204 1181
2239 2 2 1 1 1181 1204 1205
2240 2 2 1 1 1181 1205 1182
2241 2 2 1 1 1182 1205 1206
2242 2 2 1 1 1182 1206 1183
2243 2 2 1 1 1183 1206 1207
2244 2 2 1 1 1183 1207 1184
2245 2 2 1 1 1184 1207 1208
2246 2 2 1 1 1184 1208 1185
2247 2 2 1 1 1185 1208 1209
2248 2 2 1 1 1185 1209 1186
2249 2 2 1 1 1186 1209 1210
2250 2 2 1 1 1186 1210 1187
2251 2 2 1 1 1187 1210 1211
2252 2 2 1 1 1187 1211 1188
2253 2 2 1 1 1188 1211 1212
2254 2 2 1 1 1188 1212 1189
2255 2 2 1 1 1189 1212 1213
2256 2 2 1 1 1189 1213 1190
2257 2 2 1 1 1190 1213 1214
2258 2 2 1 1 1190 1214 1191
2259 2 2 1 1 1191 1214 1215
2260 2 2 1 1 1191 1215 1192
2261 2 2 1 1 1192 1215 1216
2262 2 2 1 1 1192 1216 1193
2263 2 2 1 1 1193 1216 1217
2264 2 2 1 1 1193 1217 1194
2265 2 2 1 1 1194 1217 1218
2266 2 2 1 1 1194 1218 1195
2267 2 2 1 1 1195 1218 1219
2268 2 2 1 1 1195 1219 1196
2269 2 2 1 1 1196 1219 1220
2270 2 2 1 1 1196 1220 1197
2271 2 2 1 1 1197 1220 1221
2272 2 2 1 1 1197 1221 1198
2273 2 2 1 1 1198 1221 1222
2274 2 2 1 1 1198 1222 1199
2275 2 2 1 1 320 352 1223
2276 2 2 1 1 320 1223 1200
2277 2 2 1 1 1200 1223 1224
2278 2 2 1 1 1200 1224 1201
2279 2 2 1 1 1201 1224 1225
2280 2 2 1 1 1201 1225 1202
2281 2 2 1 1 1202 1225 1226
2282 2 2 1 1 1202 1226 1203
2283 2 2 1 1 1203 1226 1227
2284 2 2 1 1 1203 1227 1204
2285 2 2 1 1 1204 1227 1228
2286 2 2 1 1 1204 1228 1205
2287 2 2 1 1 1205 1228 1229
2288 2 2 1 1 1205 1229 1206
2289 2 2 1 1 1206 1229 1230
2290 2 2 1 1 1206 1230 1207
2291 2 2 1 1 1207 1230 1231
2292 2 2 1 1 1207 1231 1208
2293 2 2 1 1 1208 1231 1232
2294 2 2 1 1 1208 1232 1209
2295 2 2 1 1 1209 1232 1233
2296 2 2 1 1 1209 1233 1210
2297 2 2 1 1 1210 1233 1234
2298 2 2 1 1 1210 1234 1211
2299 2 2 1 1 1211 1234 1235
2300 2 2 1 1 1211 1235 1212
2301 2 2 1 1 1212 1235 1236
2302 2 2 1 1 1212 1236 1213
2303 2 2 1 1 1213 1236 1237
2304 2 2 1 1 1213 1237 1214
2305 2 2 1 1 1214 1237 1238
2306 2 2 1 1 1214 1238 1215
2307 2 2 1 1 1215 1238 1239
2308 2 2 1 1 1215 1239 1216
2309 2 2 1 1 1216 1239 1240
2310 2 2 1 1 1216 1240 1217
2311 2 2 1 1 1217 1240 1241
2312 2 2 1 1 1217 1241 1218
2313 2 2 1 1 1218 1241 1242
2314 2 2 1 1 1218 1242 1219
2315 2 2 1 1 1219 1242 1243
2316 2 2 1 1 1219 1243 1220
2317 2 2 1 1 1220 1243 1244
2318 2 2 1 1 1220 1244 1221
2319 2 2 1 1 1221 1244 1245
2320 2 2 1 1 1221 1245 1222
2321 2 2 1 1 352 384 1246
2322 2 2 1 1 352 1246 1223
2323 2 2 1 1 1223 1246 1247
2324 2 2 1 1 1223 1247 1224
2325 2 2 1 1 1224 1247 1248
2326 2 2 1 1 1224 1248 1225
2327 2 2 1 1 1225 1248 1249
2328 2 2 1 1 1225 1249 1226
2329 2 2 1 1 1226 1249 1250
2330 2 2 1 1 1226 1250 1227
2331 2 2 1 1 1227 1250 1251
2332 2 2 1 1 1227 1251 1228
2333 2 2 1 1 1228 1251 1252
2334 2 2 1 1 1228 1252 1229
2335 2 2 1 1 1229 1252 1253
2336 2 2 1 1 1229 1253 1230
2337 2 2 1 1 1230 1253 1254
2338 2 2 1 1 1230 1254 1231
2339 2 2 1 1 1231 1254 1255
2340 2 2 1 1 1231 1255 1232
2341 2 2 1 1 1232 1255 1256
2342 2 2 1 1 1232 1256 1233
2343 2 2 1 1 1233 1256 1257
2344 2 2 1 1 1233 1257 1234
2345 2 2 1 1 1234 1257 1258
2346 2 2 1 1 1234 1258 1235
2347 2 2 1 1 1235 1258 1259
2348 2 2 1 1 1235 1259 1236
2349 2 2 1 1 1236 1259 1260
2350 2 2 1 1 1236 1260 1237
2351 2 2 1 1 1237 1260 1261
2352 2 2 1 1 1237 1261 1238
2353 2 2 1 1 1238 1261 1262
2354 2 2 1 1 1238 1262 1239
2355 2 2 1 1 1239 1262 1263
2356 2 2 1 1 1239 1263 1240
2357 2 2 1 1 1240 1263 1264
2358 2 2 1 1 1240 1264 1241
2359 2 2 1 1 1241 1264 1265
2360 2 2 1 1 1241 1265 1242
2361 2 2 1 1 1242 1265 1266
2362 2 2 1 1 1242 1266 1243
2363 2 2 1 1 1243 1266 1267
2364 2 2 1 1 1243 1267 1244
2365 2 2 1 1 1244 1267 1268
2366 2 2 1 1 1244 1268 1245
2367 2 2 1 1 384 416 1269
2368 2 2 1 1 384 1269 1246
2369 2 2 1 1 1246 1269 1270
2370 2 2 1 1 1246 1270 1247
2371 2 2 1 1 1247 1270 1271
2372 2 2 1 1 1247 1271 1248
2373 2 2 1 1 1248 1271 1272
2374 2 2 1 1 1248 1272 1249
2375 2 2 1 1 1249 1272 1273
2376 2 2 1 1 1249 1273 1250
2377 2 2 1 1 1250 1273 1274
2378 2 2 1 1 1250 1274 1251
2379 2 2 1 1 1251 1274 1275
2380 2 2 1 1 1251 1275 1252
2381 2 2 1 1 1252 1275 1276
2382 2 2 1 1 1252 1276 1253
2383 2 2 1 1 1253 1276 1277
2384 2 2 1 1 1253 1277 1254
2385 2 2 1 1 1254 1277 1278
2386 2 2 1 1 1254 1278 1255
2387 2 2 1 1 1255 1278 1279
2388 2 2 1 1 1255 1279 1256
2389 2 2 1 1 1256 1279 1280
2390 2 2 1 1 1256 1280 1257
2391 2 2 1 1 1257 1280 1281
2392 2 2 1 1 1257 1281 1258
2393 2 2 1 1 1258 1281 1282
2394 2 2 1 1 1258 1282 1259
2395 2 2 1 1 1259 1282 1283
2396 2 2 1 1 1259 1283 1260
2397 2 2 1 1 1260 1283 1284
2398 2 2 1 1 1260 1284 1261
2399 2 2 1 1 1261 1284 1285
2400 2 2 1 1 1261 1285 1262
2401 2 2 1 1 1262 1285 1286
2402 2 2 1 1 1262 1286 1263
2403 2 2 1 1 1263 1286 1287
2404 2 2 1 1 1263 1287 1264
2405 2 2 1 1 1264 1287 1288
2406 2 2 1 1 1264 1288 1265
2407 2 2 1 1 1265 1288 1289
2408 2 2 1 1 1265 1289 1266
2409 2 2 1 1 1266 1289 1290
2410 2 2 1 1 1266 1290 1267
2411 2 2 1 1 1267 1290 1291
2412 2 2 1 1 1267 1291 1268
2413 2 2 1 1 416 448 1292
2414 2 2 1 1 416 1292 1269
2415 2 2 1 1 1269 1292 1293
2416 2 2 1 1 1269 1293 1270
2417 2 2 1 1 1270 1293 1294
2418 2 2 1 1 1270 1294 1271
2419 2 2 1 1 1271 1294 1295
2420 2 2 1 1 1271 1295 1272
2421 2 2 1 1 1272 1295 1296
2422 2 2 1 1 1272 1296 1273
2423 2 2 1 1 1273 1296 1297
2424 2 2 1 1 1273 1297 1274
2425 2 2 1 1 1274 1297 1298
2426 2 2 1 1 1274 1298 1275
2427 2 2 1 1 1275 1298 1299
2428 2 2 1 1 1275 1299 1276
2429 2 2 1 1 1276 1299 1300
2430 2 2 1 1 1276 1300 1277
2431 2 2 1 1 1277 1300 1301
2432 2 2 1 1 1277 1301 1278
2433 2 2 1 1 1278 1301 1302
2434 2 2 1 1 1278 1302 1279
2435 2 2 1 1 1279 1302 1303
2436 2 2 1 1 1279 1303 1280
2437 2 2 1 1 1280 1303 1304
2438 2 2 1 1 1280 1304 1281
2439 2 2 1 1 1281 1304 1305
2440 2 2 1 1 1281 1305 1282
2441 2 2 1 1 1282 1305 1306
2442 2 2 1 1 1282 1306 1283
2443 2 2 1 1 1283 1306 1307
2444 2 2 1 1 1283 1307 1284
2445 2 2 1 1 1284 1307 1308
2446 2 2 1 1 1284 1308 1285
2447 2 2 1 1 1285 1308 1309
2448 2 2 1 1 1285 1309 1286
2449 2 2 1 1 1286 1309 1310
2450 2 2 1 1 1286 1310 1287
2451 2 2 1 1 1287 1310 1311
2452 2 2 1 1 1287 1311 1288
2453 2 2 1 1 1288 1311 1312
2454 2 2 1 1 1288 1312 1289
2455 2 2 1 1 1289 1312 1313
2456 2 2 1 1 1289 1313 1290
2457 2 2 1 1 1290 1313 1314
2458 2 2 1 1 1290 1314 1291
2459 2 2 1 1 448 480 1315
2460 2 2 1 1 448 1315 1292
2461 2 2 1 1 1292 1315 1316
2462 2 2 1 1 1292 1316 1293
2463 2 2 1 1 1293 1316 1317
2464 2 2 1 1 1293 1317 1294
2465 2 2 1 1 1294 1317 1318
2466 2 2 1 1 1294 1318 1295
2467 2 2 1 1 1295 1318 1319
2468 2 2 1 1 1295 1319 1296
2469 2 2 1 1 1296 1319 1320
2470 2 2 1 1 1296 1320 1297
2471 2 2 1 1 1297 1320 1321
2472 2 2 1 1 1297 1321 1298
2473 2 2 1 1 1298 1321 1322
2474 2 2 1 1 1298 1322 1299
2475 2 2 1 1 1299 1322 1323
2476 2 2 1 1 1299 1323 1300
2477 2 2 1 1 1300 1323 1324
2478 2 2 1 1 1300 1324 1301
2479 2 2 1 1 1301 1324 1325
2480 2 2 1 1 1301 1325 1302
2481 2 2 1 1 1302 1325 1326
2482 2 2 1 1 1302 1326 1303
2483 2 2 1 1 1303 1326 1327
2484 2 2 1 1 1303 1327 1304
2485 2 2 1 1 1304 1327 1328
2486 2 2 1 1 1304 1328 1305
2487 2 2 1 1 1305 1328 1329
2488 2 2 1 1 1305 1329 1306
2489 2 2 1 1 1306 1329 1330
2490 2 2 1 1 1306 1330 1307
2491 2 2 1 1 1307 1330 1331
2492 2 2 1 1 1307 1331 1308
2493 2 2 1 1 1308 1331 1332
2494 2 2 1 1 1308 1332 1309
2495 2 2 1 1 1309 1332 1333
2496 2 2 1 1 1309 1333 1310
2497 2 2 1 1 1310 1333 1334
2498 2 2 1 1 1310 1334 1311
2499 2 2 1 1 1311 1334 1335
2500 2 2 1 1 1311 1335 1312
2501 2 2 1 1 1312 1335 1336
2502 2 2 1 1 1312 1336 1313
2503 2 2 1 1 1313 1336 1337
2504 2 2 1 1 1313 1337 1314
2505 2 2 1 1 480 512 1338
2506 2 2 1 1 480 1338 1315
2507 2 2 1 1 1315 1338 1339
2508 2 2 1 1 1315 1339 1316
2509 2 2 1 1 1316 1339 1340
2510 2 2 1 1 1316 1340 1317
2511 2 2 1 1 1317 1340 1341
2512 2 2 1 1 1317 1341 1318
2513 2 2 1 1 1318 1341 1342
2514 2 2 1 1 1318 1342 1319
2515 2 2 1 1 1319 1342 1343
2516 2 2 1 1 1319 1343 1320
2517 2 2 1 1 1320 1343 1344
2518 2 2 1 1 1320 1344 1321
2519 2 2 1 1 1321 1344 1345
2520 2 2 1 1 1321 1345 1322
2521 2 2 1 1 1322 1345 1346
2522 2 2 1 1 1322 1346 1323
2523 2 2 1 1 1323 1346 1347
2524 2 2 1 1 1323 1347 1324
2525 2 2 1 1 1324 1347 1348
2526 2 2 1 1 1324 1348 1325
2527 2 2 1 1 1325 1348 1349
2528 2 2 1 1 1325 1349 1326
2529 2 2 1 1 1326 1349 1350
2530 2 2 1 1 1326 1350 1327
2531 2 2 1 1 1327 1350 1351
2532 2 2 1 1 1327 1351 1328
2533 2 2 1 1 1328 1351 1352
2534 2 2 1 1 1328 1352 1329
2535 2 2 1 1 1329 1352 1353
2536 2 2 1 1 1329 1353 1330
2537 2 2 1 1 1330 1353 1354
2538 2 2 1 1 1330 1354 1331
2539 2 2 1 1 1331 1354 1355
2540 2 2 1 1 1331 1355 1332
2541 2 2 1 1 1332 1355 1356
2542 2 2 1 1 1332 1356 1333
2543 2 2 1 1 1333 1356 1357
2544 2 2 1 1 1333 1357 1334
2545 2 2 1 1 1334 1357 1358
2546 2 2 1 1 1334 1358 1335
2547 2 2 1 1 1335 1358 1359
2548 2 2 1 1 1335 1359 1336
2549 2 2 1 1 1336 1359 1360
2550 2 2 1 1 1336 1360 1337
2551 2 2 1 1 512 544 1361
2552 2 2 1 1 512 1361 1338
2553 2 2 1 1 1338 1361 1362
2554 2 2 1 1 1338 1362 1339
2555 2 2 1 1 1339 1362 1363
2556 2 2 1 1 1339 1363 1340
2557 2 2 1 1 1340 1363 1364
2558 2 2 1 1 1340 1364 1341
2559 2 2 1 1 1341 1364 1365
2560 2 2 1 1 1341 1365 1342
2561 2 2 1 1 1342 1365 1366
2562 2 2 1 1 1342 1366 1343
2563 2 2 1 1 1343 1366 1367
2564 2 2 1 1 1343 1367 1344
2565 2 2 1 1 1344 1367 1368
2566 2 2 1 1 1344 1368 1345
2567 2 2 1 1 1345 1368 1369
2568 2 2 1 1 1345 1369 1346
2569 2 2 1 1 1346 1369 1370
2570 2 2 1 1 1346 1370 1347
2571 2 2 1 1 1347 1370 1371
2572 2 2 1 1 1347 1371 1348
2573 2 2 1 1 1348 1371 1372
2574 2 2 1 1 1348 1372 1349
2575 2 2 1 1 1349 1372 1373
2576 2 2 1 1 1349 1373 1350
2577 2 2 1 1 1350 1373 1374
2578 2 2 1 1 1350 1374 1351
2579 2 2 1 1 1351 1374 1375
2580 2 2 1 1 1351 1375 1352
2581 2 2 1 1 1352 1375 1376
2582 2 2 1 1 1352 1376 1353
2583 2 2 1 1 1353 1376 1377
2584 2 2 1 1 1353 1377 1354
2585 2 2 1 1 1354 1377 1378
2586 2 2 1 1 1354 1378 1355
2587 2 2 1 1 1355 1378 1379
2588 2 2 1 1 1355 1379 1356
2589 2 2 1 1 1356 1379 1380
2590 2 2 1 1 1356 1380 1357
2591 2 2 1 1 1357 1380 1381
2592 2 2 1 1 1357 1381 1358
2593 2 2 1 1 1358 1381 1382
2594 2 2 1 1 1358 1382 1359
2595 2 2 1 1 1359 1382 1383
2596 2 2 1 1 1359 1383 1360
2597 2 2 1 1 544 576 1384
2598 2 2 1 1 544 1384 1361
2599 2 2 1 1 1361 1384 1385
2600 2 2 1 1 1361 1385 1362
2601 2 2 1 1 1362 1385 1386
2602 2 2 1 1 1362 1386 1363
2603 2 2 1 1 1363 1386 1387
2604 2 2 1 1 1363 1387 1364
2605 2 2 1 1 1364 1387 1388
2606 2 2 1 1 1364 1388 1365
2607 2 2 1 1 1365 1388 1389
2608 2 2 1 1 1365 1389 1366
2609 2 2 1 1 1366 1389 1390
2610 2 2 1 1 1366 1390 1367
2611 2 2 1 1 1367 1390 1391
2612 2 2 1 1 1367 1391 1368
2613 2 2 1 1 1368 1391 1392
2614 2 2 1 1 1368 1392 1369
2615 2 2 1 1 1369 1392 1393
2616 2 2 1 1 1369 1393 1370
2617 2 2 1 1 1370 1393 1394
2618 2 2 1 1 1370 1394 1371
2619 2 2 1 1 1371 1394 1395
2620 2 2 1 1 1371 1395 1372
2621 2 2 1 1 1372 1395 1396
2622 2 2 1 1 1372 1396 1373
2623 2 2 1 1 1373 1396 1397
2624 2 2 1 1 1373 1397 1374
2625 2 2 1 1 1374 1397 1398
2626 2 2 1 1 1374 1398 1375
2627 2 2 1 1 1375 1398 1399
2628 2 2 1 1 1375 1399 1376
2629 2 2 1 1 1376 1399 1400
2630 2 2 1 1 1376 1400 1377
2631 2 2 1 1 1377 1400 1401
2632 2 2 1 1 1377 1401 1378
2633 2 2 1 1 1378 1401 1402
2634 2 2 1 1 1378 1402 1379
2635 2 2 1 1 1379 1402 1403
2636 2 2 1 1 1379 1403 1380
2637 2 2 1 1 1380 1403 1404
2638 2 2 1 1 1380 1404 1381
2639 2 2 1 1 1381 1404 1405
2640 2 2 1 1 1381 1405 1382
2641 2 2 1 1 1382 1405 1406
2642 2 2 1 1 1382 1406 1383
2643 2 2 1 1 576 608 1407
2644 2 2 1 1 576 1407 1384
2645 2 2 1 1 1384 1407 1408
2646 2 2 1 1 1384 1408 1385
2647 2 2 1 1 1385 1408 1409
2648 2 2 1 1 1385 1409 1386
2649 2 2 1 1 1386 1409 1410
2650 2 2 1 1 1386 1410 1387
2651 2 2 1 1 1387 1410 1411
2652 2 2 1 1 1387 1411 1388
2653 2 2 1 1 1388 1411 1412
2654 2 2 1 1 1388 1412 1389
2655 2 2 1 1 1389 1412 1413
2656 2 2 1 1 1389 1413 1390
2657 2 2 1 1 1390 1413 1414
2658 2 2 1 1 1390 1414 1391
2659 2 2 1 1 1391 1414 1415
2660 2 2 1 1 1391 1415 1392
2661 2 2 1 1 1392 1415 1416
2662 2 2 1 1 1392 1416 1393
2663 2 2 1 1 1393 1416 1417
2664 2 2 1 1 1393 1417 1394
2665 2 2 1 1 1394 1417 1418
2666 2 2 1 1 1394 1418 1395
2667 2 2 1 1 1395 1418 1419
2668 2 2 1 1 1395 1419 1396
2669 2 2 1 1 1396 1419 1420
2670 2 2 1 1 1396 1420 1397
2671 2 2 1 1 1397 1420 1421
2672 2 2 1 1 1397 1421 1398
2673 2 2 1 1 1398 1421 1422
2674 2 2 1 1 1398 1422 1399
2675 2 2 1 1 1399 1422 1423
2676 2 2 1 1 1399 1423 1400
2677 2 2 1 1 1400 1423 1424
2678 2 2 1 1 1400 1424 1401
2679 2 2 1 1 1401 1424 1425
2680 2 2 1 1 1401 1425 1402
2681 2 2 1 1 1402 1425 1426
2682 2 2 1 1 1402 1426 1403
2683 2 2 1 1 1403 1426 1427
2684 2 2 1 1 1403 1427 1404
2685 2 2 1 1 1404 1427 1428
2686 2 2 1 1 1404 1428 1405
2687 2 2 1 1 1405 1428 1429
2688 2 2 1 1 1405 1429 1406
2689 2 2 1 1 608 640 1430
2690 2 2 1 1 608 1430 1407
2691 2 2 1 1 1407 1430 1431
2692 2 2 1 1 1407 1431 1408
2693 2 2 1 1 1408 1431 1432
2694 2 2 1 1 1408 1432 1409
2695 2 2 1 1 1409 1432 1433
2696 2 2 1 1 1409 1433 1410
2697 2 2 1 1 1410 1433 1434
2698 2 2 1 1 1410 1434 1411
2699 2 2 1 1 1411 1434 1435
2700 2 2 1 1 1411 1435 1412
2701 2 2 1 1 1412 1435 1436
2702 2 2 1 1 1412 1436 1413
2703 2 2 1 1 1413 1436 1437
2704 2 2 1 1 1413 1437 1414
2705 2 2 1 1 1414 1437 1438
2706 2 2 1 1 1414 1438 1415
2707 2 2 1 1 1415 1438 1439
2708 2 2 1 1 1415 1439 1416
2709 2 2 1 1 1416 1439 1440
2710 2 2 1 1 1416 1440 1417
2711 2 2 1 1 1417 1440 1441
2712 2 2 1 1 1417 1441 1418
2713 2 2 1 1 1418 1441 1442
2714 2 2 1 1 1418 1442 1419
2715 2 2 1 1 1419 1442 1443
2716 2 2 1 1 1419 1443 1420
2717 2 2 1 1 1420 1443 1444
2718 2 2 1 1 1420 1444 1421
2719 2 2 1 1 1421 1444 1445
2720 2 2 1 1 1421 1445 1422
2721 2 2 1 1 1422 1445 1446
2722 2 2 1 1 1422 1446 1423
2723 2 2 1 1 1423 1446 1447
2724 2 2 1 1 1423 1447 1424
2725 2 2 1 1 1424 1447 1448
2726 2 2 1 1 1424 1448 1425
2727 2 2 1 1 1425 1448 1449
2728 2 2 1 1 1425 1449 1426
2729 2 2 1 1 1426 1449 1450
2730 2 2 1 1 1426 1450 1427
2731 2 2 1 1 1427 1450 1451
2732 2 2 1 1 1427 1451 1428
2733 2 2 1 1 1428 1451 1452
2734 2 2 1 1 1428 1452 1429
2735 2 2 1 1 640 672 1453
2736 2 2 1 1 640 1453 1430
2737 2 2 1 1 1430 1453 1454
2738 2 2 1 1 1430 1454 1431
2739 2 2 1 1 1431 1454 1455
2740 2 2 1 1 1431 1455 1432
2741 2 2 1 1 1432 1455 1456
2742 2 2 1 1 1432 1456 1433
2743 2 2 1 1 1433 1456 1457
2744 2 2 1 1 1433 1457 1434
2745 2 2 1 1 1434 1457 1458
2746 2 2 1 1 1434 1458 1435
2747 2 2 1 1 1435 1458 1459
2748 2 2 1 1 1435 1459 1436
2749 2 2 1 1 1436 1459 1460
2750 2 2 1 1 1436 1460 1437
2751 2 2 1 1 1437 1460 1461
2752 2 2 1 1 1437 1461 1438
2753 2 2 1 1 1438 1461 1462
2754 2 2 1 1 1438 1462 1439
2755 2 2 1 1 1439 1462 1463
2756 2 2 1 1 1439 1463 1440
2757 2 2 1 1 1440 1463 1464
2758 2 2 1 1 1440 1464 1441
2759 2 2 1 1 1441 1464 1465
2760 2 2 1 1 1441 1465 1442
2761 2 2 1 1 1442 1465 1466
2762 2 2 1 1 1442 1466 1443
2763 2 2 1 1 1443 1466 1467
2764 2 2 1 1 1443 1467 1444
2765 2 2 1 1 1444 1467 1468
2766 2 2 1 1 1444 1468 1445
2767 2 2 1 1 1445 1468 1469
2768 2 2 1 1 1445 1469 1446
2769 2 2 1 1 1446 1469 1470
2770 2 2 1 1 1446 1470 1447
2771 2 2 1 1 1447 1470 1471
2772 2 2 1 1 1447 1471 1448
2773 2 2 1 1 1448 1471 1472
2774 2 2 1 1 1448 1472 1449
2775 2 2 1 1 1449 1472 1473
2776 2 2 1 1 1449 1473 1450
2777 2 2 1 1 1450 1473 1474
2778 2 2 1 1 1450 1474 1451
2779 2 2 1 1 1451 1474 1475
2780 2 2 1 1 1451 1475 1452
2781 2 2 1 1 672 704 1476
2782 2 2 1 1 672 1476 1453
2783 2 2 1 1 1453 1476 1477
2784 2 2 1 1 1453 1477 1454
2785 2 2 1 1 1454 1477 1478
2786 2 2 1 1 1454 1478 1455
2787 2 2 1 1 1455 1478 1479
2788 2 2 1 1 1455 1479 1456
2789 2 2 1 1 1456 1479 1480
2790 2 2 1 1 1456 1480 1457
2791 2 2 1 1 1457 1480 1481
2792 2 2 1 1 1457 1481 1458
2793 2 2 1 1 1458 1481 1482
2794 2 2 1 1 1458 1482 1459
2795 2 2 1 1 1459 1482 1483
2796 2 2 1 1 1459 1483 1460
2797 2 2 1 1 1460 1483 1484
2798 2 2 1 1 1460 1484 1461
2799 2 2 1 1 1461 1484 1485
2800 2 2 1 1 1461 1485 1462
2801 2 2 1 1 1462 1485 1486
2802 2 2 1 1 1462 1486 1463
2803 2 2 1 1 1463 1486 1487
2804 2 2 1 1 1463 1487 1464
2805 2 2 1 1 1464 1487 1488
2806 2 2 1 1 1464 1488 1465
2807 2 2 1 1 1465 1488 1489
2808 2 2 1 1 1465 1489 1466
2809 2 2 1 1 1466 1489 1490
2810 2 2 1 1 1466 1490 1467
2811 2 2 1 1 1467 1490 1491
2812 2 2 1 1 1467 1491 1468
2813 2 2 1 1 1468 1491 1492
2814 2 2 1 1 1468 1492 1469
2815 2 2 1 1 1469 1492 1493
2816 2 2 1 1 1469 1493 1470
2817 2 2 1 1 1470 1493 1494
2818 2 2 1 1 1470 1494 1471
2819 2 2 1 1 1471 1494 1495
2820 2 2 1 1 1471 1495 1472
2821 2 2 1 1 1472 1495 1496
2822 2 2 1 1 1472 1496 1473
2823 2 2 1 1 1473 1496 1497
2824 2 2 1 1 1473 1497 1474
2825 2 2 1 1 1474 1497 1498
2826 2 2 1 1 1474 1498 1475
2827 2 2 1 1 704 736 1499
2828 2 2 1 1 704 1499 1476
2829 2 2 1 1 1476 1499 1500
2830 2 2 1 1 1476 1500 1477
2831 2 2 1 1 1477 1500 1501
2832 2 2 1 1 1477 1501 1478
2833 2 2 1 1 1478 1501 1502
2834 2 2 1 1 1478 1502 1479
2835 2 2 1 1 1479 1502 1503
2836 2 2 1 1 1479 1503 1480
2837 2 2 1 1 1480 1503 1504
2838 2 2 1 1 1480 1504 1481
2839 2 2 1 1 1481 1504 1505
2840 2 2 1 1 1481 1505 1482
2841 2 2 1 1 1482 1505 1506
2842 2 2 1 1 1482 1506 1483
2843 2 2 1 1 1483 1506 1507
2844 2 2 1 1 1483 1507 1484
2845 2 2 1 1 1484 1507 1508
2846 2 2 1 1 1484 1508 1485
2847 2 2 1 1 1485 1508 1509
2848 2 2 1 1 1485 1509 1486
2849 2 2 1 1 1486 1509 1510
2850 2 2 1 1 1486 1510 1487
2851 2 2 1 1 1487 1510 1511
2852 2 2 1 1 1487 1511 1488
2853 2 2 1 1 1488 1511 1512
2854 2 2 1 1 1488 1512 1489
2855 2 2 1 1 1489 1512 1513
2856 2 2 1 1 1489 1513 1490
2857 2 2 1 1 1490 1513 1514
2858 2 2 1 1 1490 1514 1491
2859 2 2 1 1 1491 1514 1515
2860 2 2 1 1 1491 1515 1492
2861 2 2 1 1 1492 1515 1516
2862 2 2 1 1 1492 1516 1493
2863 2 2 1 1 1493 1516 1517
2864 2 2 1 1 1493 1517 1494
2865 2 2 1 1 1494 1517 1518
2866 2 2 1 1 1494 1518 1495
2867 2 2 1 1 1495 1518 1519
2868 2 2 1 1 1495 1519 1496
2869 2 2 1 1 1496 1519 1520
2870 2 2 1 1 1496 1520 1497
2871 2 2 1 1 1497 1520 1521
2872 2 2 1 1 1497 1521 1498
2873 2 2 1 1 736 768 1522
2874 2 2 1 1 736 1522 1499
2875 2 2 1 1 1499 1522 1523
2876 2 2 1 1 1499 1523 1500
2877 2 2 1 1 1500 1523 1524
2878 2 2 1 1 1500 1524 1501
2879 2 2 1 1 1501 1524 1525
2880 2 2 1 1 1501 1525 1502
2881 2 2 1 1 1502 1525 1526
2882 2 2 1 1 1502 1526 1503
2883 2 2 1 1 1503 1526 1527
2884 2 2 1 1 1503 1527 1504
2885 2 2 1 1 1504 1527 1528
2886 2 2 1 1 1504 1528 1505
2887 2 2 1 1 1505 1528 1529
2888 2 2 1 1 1505 1529 1506
2889 2 2 1 1 1506 1529 1530
2890 2 2 1 1 1506 1530 1507
2891 2 2 1 1 1507 1530 1531
2892 2 2 1 1 1507 1531 1508
2893 2 2 1 1 1508 1531 1532
2894 2 2 1 1 1508 1532 1509
2895 2 2 1 1 1509 1532 1533
2896 2 2 1 1 1509 1533 1510
2897 2 2 1 1 1510 1533 1534
2898 2 2 1 1 1510 1534 1511
2899 2 2 1 1 1511 1534 1535
2900 2 2 1 1 1511 1535 1512
2901 2 2 1 1 1512 1535 1536
2902 2 2 1 1 1512 1536 1513
2903 2 2 1 1 1513 1536 1537
2904 2 2 1 1 1513 1537 1514
2905 2 2 1 1 1514 1537 1538
2906 2 2 1 1 1514 1538 1515
2907 2 2 1 1 1515 1538 1539
2908 2 2 1 1 1515 1539 1516
2909 2 2 1 1 1516 1539 1540
2910 2 2 1 1 1516 1540 1517
2911 2 2 1 1 1517 1540 1541
2912 2 2 1 1 1517 1541 1518
2913 2 2 1 1 1518 1541 1542
2914 2 2 1 1 1518 1542 1519
2915 2 2 1 1 1519 1542 1543
2916 2 2 1 1 1519 1543 1520
2917 2 2 1 1 1520 1543 1544
2918 2 2 1 1 1520 1544 1521
2919 2 2 1 1 768 800 1545
2920 2 2 1 1 768 1545 1522
2921 2 2 1 1 1522 1545 1546
2922 2 2 1 1 1522 1546 1523
2923 2 2 1 1 1523 1546 1547
2924 2 2 1 1 1523 1547 1524
2925 2 2 1 1 1524 1547 1548
2926 2 2 1 1 1524 1548 1525
2927 2 2 1 1 1525 1548 1549
2928 2 2 1 1 1525 1549 1526
2929 2 2 1 1 1526 1549 1550
2930 2 2 1 1 1526 1550 1527
2931 2 2 1 1 1527 1550 1551
2932 2 2 1 1 1527 1551 1528
2933 2 2 1 1 1528 1551 1552
2934 2 2 1 1 1528 1552 1529
2935 2 2 1 1 1529 1552 1553
2936 2 2 1 1 1529 1553 1530
2937 2 2 1 1 1530 1553 1554
2938 2 2 1 1 1530 1554 1531
2939 2 2 1 1 1531 1554 1555
2940 2 2 1 1 1531 1555 1532
2941 2 2 1 1 1532 1555 1556
2942 2 2 1 1 1532 1556 1533
2943 2 2 1 1 1533 1556 1557
2944 2 2 1 1 1533 1557 1534
2945 2 2 1 1 1534 1557 1558
2946 2 2 1 1 1534 1558 1535
2947 2 2 1 1 1535 1558 1559
2948 2 2 1 1 1535 1559 1536
2949 2 2 1 1 1536 1559 1560
2950 2 2 1 1 1536 1560 1537
2951 2 2 1 1 1537 1560 1561
2952 2 2 1 1 1537 1561 1538
2953 2 2 1 1 1538 1561 1562
2954 2 2 1 1 1538 1562 1539
2955 2 2 1 1 1539 1562 1563
2956 2 2 1 1 1539 1563 1540
2957 2 2 1 1 1540 1563 1564
2958 2 2 1 1 1540 1564 1541
2959 2 2 1 1 1541 1564 1565
2960 2 2 1 1 1541 1565 1542
2961 2 2 1 1 1542 1565 1566
2962 2 2 1 1 1542 1566 1543
2963 2 2 1 1 1543 1566 1567
2964 2 2 1 1 1543 1567 1544
2965 2 2 1 1 800 832 1568
2966 2 2 1 1 800 1568 1545
2967 2 2 1 1 1545 1568 1569
2968 2 2 1 1 1545 1569 1546
2969 2 2 1 1 1546 1569 1570
2970 2 2 1 1 1546 1570 1547
2971 2 2 1 1 1547 1570 1571
2972 2 2 1 1 1547 1571 1548
2973 2 2 1 1 1548 1571 1572
2974 2 2 1 1 1548 1572 1549
2975 2 2 1 1 1549 1572 1573
2976 2 2 1 1 1549 1573 1550
2977 2 2 1 1 1550 1573 1574
2978 2 2 1 1 1550 1574 1551
2979 2 2 1 1 1551 1574 1575
2980 2 2 1 1 1551 1575 1552
2981 2 2 1 1 1552 1575 1576
2982 2 2 1 1 1552 1576 1553
2983 2 2 1 1 1553 1576 1577
2984 2 2 1 1 1553 1577 1554
2985 2 2 1 1 1554 1577 1578
2986 2 2 1 1 1554 1578 1555
2987 2 2 1 1 1555 1578 1579
2988 2 2 1 1 1555 1579 1556
2989 2 2 1 1 1556 1579 1580
2990 2 2 1 1 1556 1580 1557
2991 2 2 1 1 1557 1580 1581
2992 2 2 1 1 1557 1581 1558
2993 2 2 1 1 1558 1581 1582
2994 2 2 1 1 1558 1582 1559
2995 2 2 1 1 1559 1582 1583
2996 2 2 1 1 1559 1583 1560
2997 2 2 1 1 1560 1583 1584
2998 2 2 1 1 1560 1584 1561
2999 2 2 1 1 1561 1584 1585
3000 2 2 1 1 1561 1585 1562
3001 2 2 1 1 1562 1585 1586
3002 2 2 1 1 1562 1586 1563
3003 2 2 1 1 1563 1586 1587
3004 2 2 1 1 1563 1587 1564
3005 2 2 1 1 1564 1587 1588
3006 2 2 1 1 1564 1588 1565
3007 2 2 1 1 1565 1588 1589
3008 2 2 1 1 1565 1589 1566
3009 2 2 1 1 1566 1589 1590
3010 2 2 1 1 1566 1590 1567
3011 2 2 1 1 832 864 1591
3012 2 2 1 1 832 1591 1568
3013 2 2 1 1 1568 1591 1592
3014 2 2 1 1 1568 1592 1569
3015 2 2 1 1 1569 1592 1593
3016 2 2 1 1 1569 1593 1570
3017 2 2 1 1 1570 1593 1594
3018 2 2 1 1 1570 1594 1571
3019 2 2 1 1 1571 1594 1595
3020 2 2 1 1 1571 1595 1572
3021 2 2 1 1 1572 1595 1596
3022 2 2 1 1 1572 1596 1573
3023 2 2 1 1 1573 1596 1597
3024 2 2 1 1 1573 1597 1574
3025 2 2 1 1 1574 1597 1598
3026 2 2 1 1 1574 1598 1575
3027 2 2 1 1 1575 1598 1599
3028 2 2 1 1 1575 1599 1576
3029 2 2 1 1 1576 1599 1600
3030 2 2 1 1 1576 1600 1577
3031 2 2 1 1 1577 1600 1601
3032 2 2 1 1 1577 1601 1578
3033 2 2 1 1 1578 1601 1602
3034 2 2 1 1 1578 1602 1579
3035 2 2 1 1 1579 1602 1603
3036 2 2 1 1 1579 1603 1580
3037 2 2 1 1 1580 1603 1604
3038 2 2 1 1 1580 1604 1581
3039 2 2 1 1 1581 1604 1605
3040 2 2 1 1 1581 1605 1582
3041 2 2 1 1 1582 1605 1606
3042 2 2 1 1 1582 1606 1583
3043 2 2 1 1 1583 1606 1607
3044 2 2 1 1 1583 1607 1584
3045 2 2 1 1 1584 1607 1608
3046 2 2 1 1 1584 1608 1585
3047 2 2 1 1 1585 1608 1609
3048 2 2 1 1 1585 1609 1586
3049 2 2 1 1 1586 1609 1610
3050 2 2 1 1 1586 1610 1587
3051 2 2 1 1 1587 1610 1611
3052 2 2 1 1 1587 1611 1588
3053 2 2 1 1 1588 1611 1612
3054 2 2 1 1 1588 1612 1589
3055 2 2 1 1 1589 1612 1613
3056 2 2 1 1 1589 1613 1590
3057 2 2 1 1 864 896 1614
3058 2 2 1 1 864 1614 1591
3059 2 2 1 1 1591 1614 1615
3060 2 2 1 1 1591 1615 1592
3061 2 2 1 1 1592 1615 1616
3062 2 2 1 1 1592 1616 1593
3063 2 2 1 1 1593 1616 1617
3064 2 2 1 1 1593 1617 1594
3065 2 2 1 1 1594 1617 1618
3066 2 2 1 1 1594 1618 1595
3067 2 2 1 1 1595 1618 1619
3068 2 2 1 1 1595 1619 1596
3069 2 2 1 1 1596 1619 1620
3070 2 2 1 1 1596 1620 1597
3071 2 2 1 1 1597 1620 1621
3072 2 2 1 1 1597 1621 1598
3073 2 2 1 1 1598 1621 1622
3074 2 2 1 1 1598 1622 1599
3075 2 2 1 1 1599 1622 1623
3076 2 2 1 1 1599 1623 1600
3077 2 2 1 1 1600 1623 1624
3078 2 2 1 1 1600 1624 1601
3079 2 2 1 1 1601 1624 1625
3080 2 2 1 1 1601 1625 1602
3081 2 2 1 1 1602 1625 1626
3082 2 2 1 1 1602 1626 1603
3083 2 2 1 1 1603 1626 1627
3084 2 2 1 1 1603 1627 1604
3085 2 2 1 1 1604 1627 1628
3086 2 2 1 1 1604 1628 1605
3087 2 2 1 1 1605 1628 1629
3088 2 2 1 1 1605 1629 1606
3089 2 2 1 1 1606 1629 1630
3090 2 2 1 1 1606 1630 1607
3091 2 2 1 1 1607 1630 1631
3092 2 2 1 1 1607 1631 1608
3093 2 2 1 1 1608 1631 1632
3094 2 2 1 1 1608 1632 1609
3095 2 2 1 1 1609 1632 1633
3096 2 2 1 1 1609 1633 1610
3097 2 2 1 1 1610 1633 1634
3098 2 2 1 1 1610 1634 1611
3099 2 2 1 1 1611 1634 1635
3100 2 2 1 1 1611 1635 1612
3101 2 2 1 1 1612 1635 1636
3102 2 2 1 1 1612 1636 1613
3103 2 2 1 1 896 928 1637
3104 2 2 1 1 896 1637 1614
3105 2 2 1 1 1614 1637 1638
3106 2 2 1 1 1614 1638 1615
3107 2 2 1 1 1615 1638 1639
3108 2 2 1 1 1615 1639 1616
3109 2 2 1 1 1616 1639 1640
3110 2 2 1 1 1616 1640 1617
3111 2 2 1 1 1617 1640 1641
3112 2 2 1 1 1617 1641 1618
3113 2 2 1 1 1618 1641 1642
3114 2 2 1 1 1618 1642 1619
3115 2 2 1 1 1619 1642 1643
3116 2 2 1 1 1619 1643 1620
3117 2 2 1 1 1620 1643 1644
3118 2 2 1 1 1620 1644 1621
3119 2 2 1 1 1621 1644 1645
3120 2 2 1 1 1621 1645 1622
3121 2 2 1 1 1622 1645 1646
3122 2 2 1 1 1622 1646 1623
3123 2 2 1 1 1623 1646 1647
3124 2 2 1 1 1623 1647 1624
3125 2 2 1 1 1624 1647 1648
3126 2 2 1 1 1624 1648 1625
3127 2 2 1 1 1625 1648 1649
3128 2 2 1 1 1625 1649 1626
3129 2 2 1 1 1626 1649 1650
3130 2 2 1 1 1626 1650 1627
3131 2 2 1 1 1627 1650 1651
3132 2 2 1 1 1627 1651 1628
3133 2 2 1 1 1628 1651 1652
3134 2 2 1 1 1628 1652 1629
3135 2 2 1 1 1629 1652 1653
3136 2 2 1 1 1629 1653 1630
3137 2 2 1 1 1630 1653 1654
3138 2 2 1 1 1630 1654 1631
3139 2 2 1 1 1631 1654 1655
3140 2 2 1 1 1631 1655 1632
3141 2 2 1 1 1632 1655 1656
3142 2 2 1 1 1632 1656 1633
3143 2 2 1 1 1633 1656 1657
3144 2 2 1 1 1633 1657 1634
3145 2 2 1 1 1634 1657 1658
3146 2 2 1 1 1634 1658 1635
3147 2 2 1 1 1635 1658 1659
3148 2 2 1 1 1635 1659 1636
3149 2 2 1 1 928 960 1660
3150 2 2 1 1 928 1660 1637
3151 2 2 1 1 1637 1660 1661
3152 2 2 1 1 1637 1661 1638
3153 2 2 1 1 1638 1661 1662
3154 2 2 1 1 1638 1662 1639
3155 2 2 1 1 1639 1662 1663
3156 2 2 1 1 1639 1663 1640
3157 2 2 1 1 1640 1663 1664
3158 2 2 1 1 1640 1664 1641
3159 2 2 1 1 1641 1664 1665
3160 2 2 1 1 1641 1665 1642
3161 2 2 1 1 1642 1665 1666
3162 2 2 1 1 1642 1666 1643
3163 2 2 1 1 1643 1666 1667
3164 2 2 1 1 1643 1667 1644
3165 2 2 1 1 1644 1667 1668
3166 2 2 1 1 1644 1668 1645
3167 2 2 1 1 1645 1668 1669
3168 2 2 1 1 1645 1669 1646
3169 2 2 1 1 1646 1669 1670
3170 2 2 1 1 1646 1670 1647
3171 2 2 1 1 1647 1670 1671
3172 2 2 1 1 1647 1671 1648
3173 2 2 1 1 1648 1671 1672
3174 2 2 1 1 1648 1672 1649
3175 2 2 1 1 1649 1672 1673
3176 2 2 1 1 1649 1673 1650
3177 2 2 1 1 1650 1673 1674
3178 2 2 1 1 1650 1674 1651
3179 2 2 1 1 1651 1674 1675
3180 2 2 1 1 1651 1675 1652
3181 2 2 1 1 1652 1675 1676
3182 2 2 1 1 1652 1676 1653
3183 2 2 1 1 1653 1676 1677
3184 2 2 1 1 1653 1677 1654
3185 2 2 1 1 1654 1677 1678
3186 2 2 1 1 1654 1678 1655
3187 2 2 1 1 1655 1678 1679
3188 2 2 1 1 1655 1679 1656
3189 2 2 1 1 1656 1679 1680
3190 2 2 1 1 1656 1680 1657
3191 2 2 1 1 1657 1680 1681
3192 2 2 1 1 1657 1681 1658
3193 2 2 1 1 1658 1681 1682
3194 2 2 1 1 1658 1682 1659
3195 2 2 1 1 960 992 1683
3196 2 2 1 1 960 1683 1660
3197 2 2 1 1 1660 1683 1684
3198 2 2 1 1 1660 1684 1661
3199 2 2 1 1 1661 1684 1685
3200 2 2 1 1 1661 1685 1662
3201 2 2 1 1 1662 1685 1686
3202 2 2 1 1 1662 1686 1663
3203 2 2 1 1 1663 1686 1687
3204 2 2 1 1 1663 1687 1664
3205 2 2 1 1 1664 1687 1688
3206 2 2 1 1 1664 1688 1665
3207 2 2 1 1 1665 1688 1689
3208 2 2 1 1 1665 1689 1666
3209 2 2 1 1 1666 1689 1690
3210 2 2 1 1 1666 1690 1667
3211 2 2 1 1 1667 1690 1691
3212 2 2 1 1 1667 1691 1668
3213 2 2 1 1 1668 1691 1692
3214 2 2 1 1 1668 1692 1669
3215 2 2 1 1 1669 1692 1693
3216 2 2 1 1 1669 1693 1670
3217 2 2 1 1 1670 1693 1694
3218 2 2 1 1 1670 1694 1671
3219 2 2 1 1 1671 1694 1695
3220 2 2 1 1 1671 1695 1672
3221 2 2 1 1 1672 1695 1696
3222 2 2 1 1 1672 1696 1673
3223 2 2 1 1 1673 1696 1697
3224 2 2 1 1 1673 1697 1674
3225 2 2 1 1 1674 1697 1698
3226 2 2 1 1 1674 1698 1675
3227 2 2 1 1 1675 1698 1699
3228 2 2 1 1 1675 1699 1676
3229 2 2 1 1 1676 1699 1700
3230 2 2 1 1 1676 1700 1677
3231 2 2 1 1 1677 1700 1701
3232 2 2 1 1 1677 1701 1678
3233 2 2 1 1 1678 1701 1702
3234 2 2 1 1 1678 1702 1679
3235 2 2 1 1 1679 1702 1703
3236 2 2 1 1 1679 1703 1680
3237 2 2 1 1 1680 1703 1704
3238 2 2 1 1 1680 1704 1681
3239 2 2 1 1 1681 1704 1705
3240 2 2 1 1 1681 1705 1682
3241 2 2 1 1 1 1706 1707
3242 2 2 1 1 1 1707 2
3243 2 2 1 1 2 1707 1708
3244 2 2 1 1 2 1708 65
3245 2 2 1 1 65 1708 1709
3246 2 2 1 1 65 1709 97
3247 2 2 1 1 97 1709 1710
3248 2 2 1 1 97 1710 129
3249 2 2 1 1 129 1710 1711
3250 2 2 1 1 129 1711 161
3251 2 2 1 1 161 1711 1712
3252 2 2 1 1 161 1712 193
3253 2 2 1 1 193 1712 1713
3254 2 2 1 1 193 1713 225
3255 2 2 1 1 225 1713 1714
3256 2 2 1 1 225 1714 257
3257 2 2 1 1 257 1714 1715
3258 2 2 1 1 257 1715 289
3259 2 2 1 1 289 1715 1716
3260 2 2 1 1 289 1716 321
3261 2 2 1 1 321 1716 1717
3262 2 2 1 1 321 1717 353
3263 2 2 1 1 353 1717 1718
3264 2 2 1 1 353 1718 385
3265 2 2 1 1 385 1718 1719
3266 2 2 1 1 385 1719 417
3267 2 2 1 1 417 1719 1720
3268 2 2 1 1 417 1720 449
3269 2 2 1 1 449 1720 1721
3270 2 2 1 1 449 1721 481
3271 2 2 1 1 481 1721 1722
3272 2 2 1 1 481 1722 513
3273 2 2 1 1 513 1722 1723
3274 2 2 1 1 513 1723 545
3275 2 2 1 1 545 1723 1724
3276 2 2 1 1 545 1724 577
3277 2 2 1 1 577 1724 1725
3278 2 2 1 1 577 1725 609
3279 2 2 1 1 609 1725 1726
3280 2 2 1 1 609 1726 641
3281 2 2 1 1 641 1726 1727
3282 2 2 1 1 641 1727 673
3283 2 2 1 1 673 1727 1728
3284 2 2 1 1 673 1728 705
3285 2 2 1 1 705 1728 1729
3286 2 2 1 1 705 1729 737
3287 2 2 1 1 737 1729 1730
3288 2 2 1 1 737 1730 769
3289 2 2 1 1 769 1730 1731
3290 2 2 1 1 769 1731 801
3291 2 2 1 1 801 1731 1732
3292 2 2 1 1 801 1732 833
3293 2 2 1 1 833 1732 1733
3294 2 2 1 1 833 1733 865
3295 2 2 1 1 865 1733 1734
3296 2 2 1 1 865 1734 897
3297 2 2 1 1 897 1734 1735
3298 2 2 1 1 897 1735 929
3299 2 2 1 1 929 1735 1736
3300 2 2 1 1 929 1736 961
3301 2 2 1 1 1706 1737 1738
3302 2 2 1 1 1706 1738 1707
3303 2 2 1 1 1707 1738 1739
3304 2 2 1 1 1707 1739 1708
3305 2 2 1 1 1708 1739 1740
3306 2 2 1 1 1708 1740 1709
3307 2 2 1 1 1709 1740 1741
3308 2 2 1 1 1709 1741 1710
3309 2 2 1 1 1710 1741 1742
3310 2 2 1 1 1710 1742 1711
3311 2 2 1 1 1711 1742 1743
3312 2 2 1 1 1711 1743 1712
3313 2 2 1 1 1712 1743 1744
3314 2 2 1 1 1712 1744 1713
3315 2 2 1 1 1713 1744 1745
3316 2 2 1 1 1713 1745 1714
3317 2 2 1 1 1714 1745 1746
3318 2 2 1 1 1714 1746 1715
3319 2 2 1 1 1715 1746 1747
3320 2 2 1 1 1715 1747 1716
3321 2 2 1 1 1716 1747 1748
3322 2 2 1 1 1716 1748 1717
3323 2 2 1 1 1717 1748 1749
3324 2 2 1 1 1717 1749 1718
3325 2 2 1 1 1718 1749 1750
3326 2 2 1 1 1718 1750 1719
3327 2 2 1 1 1719 1750 1751
3328 2 2 1 1 1719 1751 1720
3329 2 2 1 1 1720 1751 1752
3330 2 2 1 1 1720 1752 1721
3331 2 2 1 1 1721 1752 1753
3332 2 2 1 1 1721 1753 1722
3333 2 2 1 1 1722 1753 1754
3334 2 2 1 1 1722 1754 1723
3335 2 2 1 1 1723 1754 1755
3336 2 2 1 1 1723 1755 1724
3337 2 2 1 1 1724 1755 1756
3338 2 2 1 1 1724 1756 1725
3339 2 2 1 1 1725 1756 1757
3340 2 2 1 1 1725 1757 1726
3341 2 2 1 1 1726 1757 1758
3342 2 2 1 1 1726 1758 1727
3343 2 2 1 1 1727 1758 1759
3344 2 2 1 1 1727 1759 1728
3345 2 2 1 1 1728 1759 1760
3346 2 2 1 1 1728 1760 1729
3347 2 2 1 1 1729 1760 1761
3348 2 2 1 1 1729 1761 1730
3349 2 2 1 1 1730 1761 1762
3350 2 2 1 1 1730 1762 1731
3351 2 2 1 1 1731 1762 1763
3352 2 2 1 1 1731 1763 1732
3353 2 2 1 1 1732 1763 1764
3354 2 2 1 1 1732 1764 1733
3355 2 2 1 1 1733 1764 1765
3356 2 2 1 1 1733 1765 1734
3357 2 2 1 1 1734 1765 1766
3358 2 2 1 1 1734 1766 1735
3359 2 2 1 1 1735 1766 1767
3360 2 2 1 1 1735 1767 1736
3361 2 2 1 1 1737 1768 1769
3362 2 2 1 1 1737 1769 1738
3363 2 2 1 1 1738 1769 1770
3364 2 2 1 1 1738 1770 1739
3365 2 2 1 1 1739 1770 1771
3366 2 2 1 1 1739 1771 1740
3367 2 2 1 1 1740 1771 1772
3368 2 2 1 1 1740 1772 1741
3369 2 2 1 1 1741 1772 1773
3370 2 2 1 1 1741 1773 1742
3371 2 2 1 1 1742 1773 1774
3372 2 2 1 1 1742 1774 1743
3373 2 2 1 1 1743 1774 1775
3374 2 2 1 1 1743 1775 1744
3375 2 2 1 1 1744 1775 1776
3376 2 2 1 1 1744 1776 1745
3377 2 2 1 1 1745 1776 1777
3378 2 2 1 1 1745 1777 1746
3379 2 2 1 1 1746 1777 1778
3380 2 2 1 1 1746 1778 1747
3381 2 2 1 1 1747 1778 1779
3382 2 2 1 1 1747 1779 1748
3383 2 2 1 1 1748 1779 1780
3384 2 2 1 1 1748 1780 1749
3385 2 2 1 1 1749 1780 1781
3386 2 2 1 1 1749 1781 1750
3387 2 2 1 1 1750 1781 1782
3388 2 2 1 1 1750 1782 1751
3389 2 2 1 1 1751 1782 1783
3390 2 2 1 1 1751 1783 1752
3391 2 2 1 1 1752 1783 1784
3392 2 2 1 1 1752 1784 1753
3393 2 2 1 1 1753 1784 1785
3394 2 2 1 1 1753 1785 1754
3395 2 2 1 1 1754 1785 1786
3396 2 2 1 1 1754 1786 1755
3397 2 2 1 1 1755 1786 1787
3398 2 2 1 1 1755 1787 1756
3399 2 2 1 1 1756 1787 1788
3400 2 2 1 1 1756 1788 1757
3401 2 2 1 1 1757 1788 1789
3402 2 2 1 1 1757 1789 1758
3403 2 2 1 1 1758 1789 1790
3404 2 2 1 1 1758 1790 1759
3405 2 2 1 1 1759 1790 1791
3406 2 2 1 1 1759 1791 1760
3407 2 2 1 1 1760 1791 1792
3408 2 2 1 1 1760 1792 1761
3409 2 2 1 1 1761 1792 1793
3410 2 2 1 1 1761 1793 1762
3411 2 2 1 1 1762 1793 1794
3412 2 2 1 1 1762 1794 1763
3413 2 2 1 1 1763 1794 1795
3414 2 2 1 1 1763 1795 1764
3415 2 2 1 1 1764 1795 1796
3416 2 2 1 1 1764 1796 1765
3417 2 2 1 1 1765 1796 1797
3418 2 2 1 1 1765 1797 1766
3419 2 2 1 1 1766 1797 1798
3420 2 2 1 1 1766 1798 1767
3421 2 2 1 1 1768 1799 1800
3422 2 2 1 1 1768 1800 1769
3423 2 2 1 1 1769 1800 1801
3424 2 2 1 1 1769 1801 1770
3425 2 2 1 1 1770 1801 1802
3426 2 2 1 1 1770 1802 1771
3427 2 2 1 1 1771 1802 1803
3428 2 2 1 1 1771 1803 1772
3429 2 2 1 1 1772 1803 1804
3430 2 2 1 1 1772 1804 1773
3431 2 2 1 1 1773 1804 1805
3432 2 2 1 1 1773 1805 1774
3433 2 2 1 1 1774 1805 1806
3434 2 2 1 1 1774 1806 1775
3435 2 2 1 1 1775 1806 1807
3436 2 2 1 1 1775 1807 1776
3437 2 2 1 1 1776 1807 1808
3438 2 2 1 1 1776 1808 1777
3439 2 2 1 1 1777 1808 1809
3440 2 2 1 1 1777 1809 1778
3441 2 2 1 1 1778 1809 1810
3442 2 2 1 1 1778 1810 1779
3443 2 2 1 1 1779 1810 1811
3444 2 2 1 1 1779 1811 1780
3445 2 2 1 1 1780 1811 1812
3446 2 2 1 1 1780 1812 1781
3447 2 2 1 1 1781 1812 1813
3448 2 2 1 1 1781 1813 1782
3449 2 2 1 1 1782 1813 1814
3450 2 2 1 1 1782 1814 1783
3451 2 2 1 1 1783 1814 1815
3452 2 2 1 1 1783 1815 1784
3453 2 2 1 1 1784 1815 1816
3454 2 2 1 1 1784 1816 1785
3455 2 2 1 1 1785 1816 1817
3456 2 2 1 1 1785 1817 1786
3457 2 2 1 1 1786 1817 1818
3458 2 2 1 1 1786 1818 1787
3459 2 2 1 1 1787 1818 1819
3460 2 2 1 1 1787 1819 1788
3461 2 2 1 1 1788 1819 1820
3462 2 2 1 1 1788 1820 1789
3463 2 2 1 1 1789 1820 1821
3464 2 2 1 1 1789 1821 1790
3465 2 2 1 1 1790 1821 1822
3466 2 2 1 1 1790 1822 1791
3467 2 2 1 1 1791 1822 1823
3468 2 2 1 1 1791 1823 1792
3469 2 2 1 1 1792 1823 1824
3470 2 2 1 1 1792 1824 1793
3471 2 2 1 1 1793 1824 1825
3472 2 2 1 1 1793 1825 1794
3473 2 2 1 1 1794 1825 1826
3474 2 2 1 1 1794 1826 1795
3475 2 2 1 1 1795 1826 1827
3476 2 2 1 1 1795 1827 1796
3477 2 2 1 1 1796 1827 1828
3478 2 2 1 1 1796 1828 1797
3479 2 2 1 1 1797 1828 1829
3480 2 2 1 1 1797 1829 1798
3481 2 2 1 1 1799 1830 1831
3482 2 2 1 1 1799 1831 1800
3483 2 2 1 1 1800 1831 1832
3484 2 2 1 1 1800 1832 1801
3485 2 2 1 1 1801 1832 1833
3486 2 2 1 1 1801 1833 1802
3487 2 2 1 1 1802 1833 1834
3488 2 2 1 1 1802 1834 1803
3489 2 2 1 1 1803 1834 1835
3490 2 2 1 1 1803 1835 1804
3491 2 2 1 1 1804 1835 1836
3492 2 2 1 1 1804 1836 1805
3493 2 2 1 1 1805 1836 1837
3494 2 2 1 1 1805 1837 1806
3495 2 2 1 1 1806 1837 1838
3496 2 2 1 1 1806 1838 1807
3497 2 2 1 1 1807 1838 1839
3498 2 2 1 1 1807 1839 1808
3499 2 2 1 1 1808 1839 1840
3500 2 2 1 1 1808 1840 1809
3501 2 2 1 1 1809 1840 1841
3502 2 2 1 1 1809 1841 1810
3503 2 2 1 1 1810 1841 1842
3504 2 2 1 1 1810 1842 1811
3505 2 2 1 1 1811 1842 1843
3506 2 2 1 1 1811 1843 1812
3507 2 2 1 1 1812 1843 1844
3508 2 2 1 1 1812 1844 1813
3509 2 2 1 1 1813 1844 1845
3510 2 2 1 1 1813 1845 1814
3511 2 2 1 1 1814 1845 1846
3512 2 2 1 1 1814 1846 1815
3513 2 2 1 1 1815 1846 1847
3514 2 2 1 1 1815 1847 1816
3515 2 2 1 1 1816 1847 1848
3516 2 2 1 1 1816 1848 1817
3517 2 2 1 1 1817 1848 1849
3518 2 2 1 1 1817 1849 1818
3519 2 2 1 1 1818 1849 1850
3520 2 2 1 1 1818 1850 1819
3521 2 2 1 1 1819 1850 1851
3522 2 2 1 1 1819 1851 1820
3523 2 2 1 1 1820 1851 1852
3524 2 2 1 1 1820 1852 1821
3525 2 2 1 1 1821 1852 1853
3526 2 2 1 1 1821 1853 1822
3527 2 2 1 1 1822 1853 1854
3528 2 2 1 1 1822 1854 1823
3529 2 2 1 1 1823 1854 1855
3530 2 2 1 1 1823 1855 1824
3531 2 2 1 1 1824 1855 1856
3532 2 2 1 1 1824 1856 1825
3533 2 2 1 1 1825 1856 1857
3534 2 2 1 1 1825 1857 1826
3535 2 2 1 1 1826 1857 1858
3536 2 2 1 1 1826 1858 1827
3537 2 2 1 1 1827 1858 1859
3538 2 2 1 1 1827 1859 1828
3539 2 2 1 1 1828 1859 1860
3540 2 2 1 1 1828 1860 1829
3541 2 2 1 1 1830 1861 1862
3542 2 2 1 1 1830 1862 1831
3543 2 2 1 1 1831 1862 1863
3544 2 2 1 1 1831 1863 1832
3545 2 2 1 1 1832 1863 1864
3546 2 2 1 1 1832 1864 1833
3547 2 2 1 1 1833 1864 1865
3548 2 2 1 1 1833 1865 1834
3549 2 2 1 1 1834 1865 1866
3550 2 2 1 1 1834 1866 1835
3551 2 2 1 1 1835 1866 1867
3552 2 2 1 1 1835 1867 1836
3553 2 2 1 1 1836 1867 1868
3554 2 2 1 1 1836 1868 1837
3555 2 2 1 1 1837 1868 1869
3556 2 2 1 1 1837 1869 1838
3557 2 2 1 1 1838 1869 1870
3558 2 2 1 1 1838 1870 1839
3559 2 2 1 1 1839 1870 1871
3560 2 2 1 1 1839 1871 1840
3561 2 2 1 1 1840 1871 1872
3562 2 2 1 1 1840 1872 1841
3563 2 2 1 1 1841 1872 1873
3564 2 2 1 1 1841 1873 1842
3565 2 2 1 1 1842 1873 1874
3566 2 2 1 1 1842 1874 1843
3567 2 2 1 1 1843 1874 1875
3568 2 2 1 1 1843 1875 1844
3569 2 2 1 1 1844 1875 1876
3570 2 2 1 1 1844 1876 1845
3571 2 2 1 1 1845 1876 1877
3572 2 2 1 1 1845 1877 1846
3573 2 2 1 1 1846 1877 1878
3574 2 2 1 1 1846 1878 1847
3575 2 2 1 1 1847 1878 1879
3576 2 2 1 1 1847 1879 1848
3577 2 2 1 1 1848 1879 1880
3578 2 2 1 1 1848 1880 1849
3579 2 2 1 1 1849 1880 1881
3580 2 2 1 1 1849 1881 1850
3581 2 2 1 1 1850 1881 1882
3582 2 2 1 1 1850 1882 1851
3583 2 2 1 1 1851 1882 1883
3584 2 2 1 1 1851 1883 1852
3585 2 2 1 1 1852 1883 1884
3586 2 2 1 1 1852 1884 1853
3587 2 2 1 1 1853 1884 1885
3588 2 2 1 1 1853 1885 1854
3589 2 2 1 1 1854 1885 1886
3590 2 2 1 1 1854 1886 1855
3591 2 2 1 1 1855 1886 1887
3592 2 2 1 1 1855 1887 1856
3593 2 2 1 1 1856 1887 1888
3594 2 2 1 1 1856 1888 1857
3595 2 2 1 1 1857 1888 1889
3596 2 2 1 1 1857 1889 1858
3597 2 2 1 1 1858 1889 1890
3598 2 2 1 1 1858 1890 1859
3599 2 2 1 1 1859 1890 1891
3600 2 2 1 1 1859 1891 1860
3601 2 2 1 1 1861 1892 1893
3602 2 2 1 1 1861 1893 1862
3603 2 2 1 1 1862 1893 1894
3604 2 2 1 1 1862 1894 1863
3605 2 2 1 1 1863 1894 1895
3606 2 2 1 1 1863 1895 1864
3607 2 2 1 1 1864 1895 1896
3608 2 2 1 1 1864 1896 1865
3609 2 2 1 1 1865 1896 1897
3610 2 2 1 1 1865 1897 1866
3611 2 2 1 1 1866 1897 1898
3612 2 2 1 1 1866 1898 1867
3613 2 2 1 1 1867 1898 1899
3614 2 2 1 1 1867 1899 1868
3615 2 2 1 1 1868 1899 1900
3616 2 2 1 1 1868 1900 1869
3617 2 2 1 1 1869 1900 1901
3618 2 2 1 1 1869 1901 1870
3619 2 2 1 1 1870 1901 1902
3620 2 2 1 1 1870 1902 1871
3621 2 2 1 1 1871 1902 1903
3622 2 2 1 1 1871 1903 1872
3623 2 2 1 1 1872 1903 1904
3624 2 2 1 1 1872 1904 1873
3625 2 2 1 1 1873 1904 1905
3626 2 2 1 1 1873 1905 1874
3627 2 2 1 1 1874 1905 1906
3628 2 2 1 1 1874 1906 1875
3629 2 2 1 1 1875 1906 1907
3630 2 2 1 1 1875 1907 1876
3631 2 2 1 1 1876 1907 1908
3632 2 2 1 1 1876 1908 1877
3633 2 2 1 1 1877 1908 1909
3634 2 2 1 1 1877 1909 1878
3635 2 2 1 1 1878 1909 1910
3636 2 2 1 1 1878 1910 1879
3637 2 2 1 1 1879 1910 1911
3638 2 2 1 1 1879 1911 1880
3639 2 2 1 1 1880 1911 1912
3640 2 2 1 1 1880 1912 1881
3641 2 2 1 1 1881 1912 1913
3642 2 2 1 1 1881 1913 1882
3643 2 2 1 1 1882 1913 1914
3644 2 2 1 1 1882 1914 1883
3645 2 2 1 1 1883 1914 1915
3646 2 2 1 1 1883 1915 1884
3647 2 2 1 1 1884 1915 1916
3648 2 2 1 1 1884 1916 1885
3649 2 2 1 1 1885 1916 1917
3650 2 2 1 1 1885 1917 1886
3651 2 2 1 1 1886 1917 1918
3652 2 2 1 1 1886 1918 1887
3653 2 2 1 1 1887 1918 1919
3654 2 2 1 1 1887 1919 1888
3655 2 2 1 1 1888 1919 1920
3656 2 2 1 1 1888 1920 1889
3657 2 2 1 1 1889 1920 1921
3658 2 2 1 1 1889 1921 1890
3659 2 2 1 1 1890 1921 1922
3660 2 2 1 1 1890 1922 1891
3661 2 2 1 1 1892 1923 1924
3662 2 2 1 1 1892 1924 1893
3663 2 2 1 1 1893 1924 1925
3664 2 2 1 1 1893 1925 1894
3665 2 2 1 1 1894 1925 1926
3666 2 2 1 1 1894 1926 1895
3667 2 2 1 1 1895 1926 1927
3668 2 2 1 1 1895 1927 1896
3669 2 2 1 1 1896 1927 1928
3670 2 2 1 1 1896 1928 1897
3671 2 2 1 1 1897 1928 1929
3672 2 2 1 1 1897 1929 1898
3673 2 2 1 1 1898 1929 1930
3674 2 2 1 1 1898 1930 1899
3675 2 2 1 1 1899 1930 1931
3676 2 2 1 1 1899 1931 1900
3677 2 2 1 1 1900 1931 1932
3678 2 2 1 1 1900 1932 1901
3679 2 2 1 1 1901 1932 1933
3680 2 2 1 1 1901 1933 1902
3681 2 2 1 1 1902 1933 1934
3682 2 2 1 1 1902 1934 1903
3683 2 2 1 1 1903 1934 1935
3684 2 2 1 1 1903 1935 1904
3685 2 2 1 1 1904 1935 1936
3686 2 2 1 1 1904 1936 1905
3687 2 2 1 1 1905 1936 1937
3688 2 2 1 1 1905 1937 1906
3689 2 2 1 1 1906 1937 1938
3690 2 2 1 1 1906 1938 1907
3691 2 2 1 1 1907 1938 1939
3692 2 2 1 1 1907 1939 1908
3693 2 2 1 1 1908 1939 1940
3694 2 2 1 1 1908 1940 1909
3695 2 2 1 1 1909 1940 1941
3696 2 2 1 1 1909 1941 1910
3697 2 2 1 1 1910 1941 1942
3698 2 2 1 1 1910 1942 1911
3699 2 2 1 1 1911 1942 1943
3700 2 2 1 1 1911 1943 1912
3701 2 2 1 1 1912 1943 1944
3702 2 2 1 1 1912 1944 1913
3703 2 2 1 1 1913 1944 1945
3704 2 2 1 1 1913 1945 1914
3705 2 2 1 1 1914 1945 1946
3706 2 2 1 1 1914 1946 1915
3707 2 2 1 1 1915 1946 1947
3708 2 2 1 1 1915 1947 1916
3709 2 2 1 1 1916 1947 1948
3710 2 2 1 1 1916 1948 1917
3711 2 2 1 1 1917 1948 1949
3712 2 2 1 1 1917 1949 1918
3713 2 2 1 1 1918 1949 1950
3714 2 2 1 1 1918 1950 1919
3715 2 2 1 1 1919 1950 1951
3716 2 2 1 1 1919 1951 1920
3717 2 2 1 1 1920 1951 1952
3718 2 2 1 1 1920 1952 1921
3719 2 2 1 1 1921 1952 1953
3720 2 2 1 1 1921 1953 1922
3721 2 2 1 1 1923 1954 1955
3722 2 2 1 1 1923 1955 1924
3723 2 2 1 1 1924 1955 1956
3724 2 2 1 1 1924 1956 1925
3725 2 2 1 1 1925 1956 1957
3726 2 2 1 1 1925 1957 1926
3727 2 2 1 1 1926 1957 1958
3728 2 2 1 1 1926 1958 1927
3729 2 2 1 1 1927 1958 1959
3730 2 2 1 1 1927 1959 1928
3731 2 2 1 1 1928 1959 1960
3732 2 2 1 1 1928 1960 1929
3733 2 2 1 1 1929 1960 1961
3734 2 2 1 1 1929 1961 1930
3735 2 2 1 1 1930 1961 1962
3736 2 2 1 1 1930 1962 1931
3737 2 2 1 1 1931 1962 1963
3738 2 2 1 1 1931 1963 1932
3739 2 2 1 1 1932 1963 1964
3740 2 2 1 1 1932 1964 1933
3741 2 2 1 1 1933 1964 1965
3742 2 2 1 1 1933 1965 1934
3743 2 2 1 1 1934 1965 1966
3744 2 2 1 1 1934 1966 1935
3745 2 2 1 1 1935 1966 1967
3746 2 2 1 1 1935 1967 1936
3747 2 2 1 1 1936 1967 1968
3748 2 2 1 1 1936 1968 1937
3749 2 2 1 1 1937 1968 1969
3750 2 2 1 1 1937 1969 1938
3751 2 2 1 1 1938 1969 1970
3752 2 2 1 1 1938 1970 1939
3753 2 2 1 1 1939 1970 1971
3754 2 2 1 1 1939 1971 1940
3755 2 2 1 1 1940 1971 1972
3756 2 2 1 1 1940 1972 1941
3757 2 2 1 1 1941 1972 1973
3758 2 2 1 1 1941 1973 1942
3759 2 2 1 1 1942 1973 1974
3760 2 2 1 1 1942 1974 1943
3761 2 2 1 1 1943 1974 1975
3762 2 2 1 1 1943 1975 1944
3763 2 2 1 1 1944 1975 1976
3764 2 2 1 1 1944 1976 1945
3765 2 2 1 1 1945 1976 1977
3766 2 2 1 1 1945 1977 1946
3767 2 2 1 1 1946 1977 1978
3768 2 2 1 1 1946 1978 1947
3769 2 2 1 1 1947 1978 1979
3770 2 2 1 1 1947 1979 1948
3771 2 2 1 1 1948 1979 1980
3772 2 2 1 1 1948 1980 1949
3773 2 2 1 1 1949 1980 1981
3774 2 2 1 1 1949 1981 1950
3775 2 2 1 1 1950 1981 1982
3776 2 2 1 1 1950 1982 1951
3777 2 2 1 1 1951 1982 1983
3778 2 2 1 1 1951 1983 1952
3779 2 2 1 1 1952 1983 1984
3780 2 2 1 1 1952 1984 1953
3781 2 2 1 1 1954 1985 1986
3782 2 2 1 1 1954 1986 1955
3783 2 2 1 1 1955 1986 1987
3784 2 2 1 1 1955 1987 1956
3785 2 2 1 1 1956 1987 1988
3786 2 2 1 1 1956 1988 1957
3787 2 2 1 1 1957 1988 1989
3788 2 2 1 1 1957 1989 1958
3789 2 2 1 1 1958 1989 1990
3790 2 2 1 1 1958 1990 1959
3791 2 2 1 1 1959 1990 1991
3792 2 2 1 1 1959 1991 1960
3793 2 2 1 1 1960 1991 1992
3794 2 2 1 1 1960 1992 1961
3795 2 2 1 1 1961 1992 1993
3796 2 2 1 1 1961 1993 1962
3797 2 2 1 1 1962 1993 1994
3798 2 2 1 1 1962 1994 1963
3799 2 2 1 1 1963 1994 1995
3800 2 2 1 1 1963 1995 1964
3801 2 2 1 1 1964 1995 1996
3802 2 2 1 1 1964 1996 1965
3803 2 2 1 1 1965 1996 1997
3804 2 2 1 1 1965 1997 1966
3805 2 2 1 1 1966 1997 1998
3806 2 2 1 1 1966 1998 1967
3807 2 2 1 1 1967 1998 1999
3808 2 2 1 1 1967 1999 1968
3809 2 2 1 1 1968 1999 2000
3810 2 2 1 1 1968 2000 1969
3811 2 2 1 1 1969 2000 2001
3812 2 2 1 1 1969 2001 1970
3813 2 2 1 1 1970 2001 2002
3814 2 2 1 1 1970 2002 1971
3815 2 2 1 1 1971 2002 2003
3816 2 2 1 1 1971 2003 1972
3817 2 2 1 1 1972 2003 2004
3818 2 2 1 1 1972 2004 1973
3819 2 2 1 1 1973 2004 2005
3820 2 2 1 1 1973 2005 1974
3821 2 2 1 1 1974 2005 2006
3822 2 2 1 1 1974 2006 1975
3823 2 2 1 1 1975 2006 2007
3824 2 2 1 1 1975 2007 1976
3825 2 2 1 1 1976 2007 2008
3826 2 2 1 1 1976 2008 1977
3827 2 2 1 1 1977 2008 2009
3828 2 2 1 1 1977 2009 1978
3829 2 2 1 1 1978 2009 2010
3830 2 2 1 1 1978 2010 1979
3831 2 2 1 1 1979 2010 2011
3832 2 2 1 1 1979 2011 1980
3833 2 2 1 1 1980 2011 2012
3834 2 2 1 1 1980 2012 1981
3835 2 2 1 1 1981 2012 2013
3836 2 2 1 1 1981 2013 1982
3837 2 2 1 1 1982 2013 2014
3838 2 2 1 1 1982 2014 1983
3839 2 2 1 1 1983 2014 2015
3840 2 2 1 1 1983 2015 1984
3841 2 2 1 1 1985 2016 2017
3842 2 2 1 1 1985 2017 1986
3843 2 2 1 1 1986 2017 2018
3844 2 2 1 1 1986 2018 1987
3845 2 2 1 1 1987 2018 2019
3846 2 2 1 1 1987 2019 1988
3847 2 2 1 1 1988 2019 2020
3848 2 2 1 1 1988 2020 1989
3849 2 2 1 1 1989 2020 2021
3850 2 2 1 1 1989 2021 1990
3851 2 2 1 1 1990 2021 2022
3852 2 2 1 1 1990 2022 1991
3853 2 2 1 1 1991 2022 2023
3854 2 2 1 1 1991 2023 1992
3855 2 2 1 1 1992 2023 2024
3856 2 2 1 1 1992 2024 1993
3857 2 2 1 1 1993 2024 2025
3858 2 2 1 1 1993 2025 1994
3859 2 2 1 1 1994 2025 2026
3860 2 2 1 1 1994 2026 1995
3861 2 2 1 1 1995 2026 2027
3862 2 2 1 1 1995 2027 1996
3863 2 2 1 1 1996 2027 2028
3864 2 2 1 1 1996 2028 1997
3865 2 2 1 1 1997 2028 2029
3866 2 2 1 1 1997 2029 1998
3867 2 2 1 1 1998 2029 2030
3868 2 2 1 1 1998 2030 1999
3869 2 2 1 1 1999 2030 2031
3870 2 2 1 1 1999 2031 2000
3871 2 2 1 1 2000 2031 2032
3872 2 2 1 1 2000 2032 2001
3873 2 2 1 1 2001 2032 2033
3874 2 2 1 1 2001 2033 2002
3875 2 2 1 1 2002 2033 2034
3876 2 2 1 1 2002 2034 2003
3877 2 2 1 1 2003 2034 2035
3878 2 2 1 1 2003 2035 2004
3879 2 2 1 1 2004 2035 2036
3880 2 2 1 1 2004 2036 2005
3881 2 2 1 1 2005 2036 2037
3882 2 2 1 1 2005 2037 2006
3883 2 2 1 1 2006 2037 2038
3884 2 2 1 1 2006 2038 2007
3885 2 2 1 1 2007 2038 2039
3886 2 2 1 1 2007 2039 2008
3887 2 2 1 1 2008 2039 2040
3888 2 2 1 1 2008 2040 2009
3889 2 2 1 1 2009 2040 2041
3890 2 2 1 1 2009 2041 2010
3891 2 2 1 1 2010 2041 2042
3892 2 2 1 1 2010 2042 2011
3893 2 2 1 1 2011 2042 2043
3894 2 2 1 1 2011 2043 2012
3895 2 2 1 1 2012 2043 2044
3896 2 2 1 1 2012 2044 2013
3897 2 2 1 1 2013 2044 2045
3898 2 2 1 1 2013 2045 2014
3899 2 2 1 1 2014 2045 2046
3900 2 2 1 1 2014 2046 2015
3901 2 2 1 1 2016 2047 2048
3902 2 2 1 1 2016 2048 2017
3903 2 2 1 1 2017 2048 2049
3904 2 2 1 1 2017 2049 2018
3905 2 2 1 1 2018 2049 2050
3906 2 2 1 1 2018 2050 2019
3907 2 2 1 1 2019 2050 2051
3908 2 2 1 1 2019 2051 2020
3909 2 2 1 1 2020 2051 2052
3910 2 2 1 1 2020 2052 2021
3911 2 2 1 1 2021 2052 2053
3912 2 2 1 1 2021 2053 2022
3913 2 2 1 1 2022 2053 2054
3914 2 2 1 1 2022 2054 2023
3915 2 2 1 1 2023 2054 2055
3916 2 2 1 1 2023 2055 2024
3917 2 2 1 1 2024 2055 2056
3918 2 2 1 1 2024 2056 2025
3919 2 2 1 1 2025 2056 2057
3920 2 2 1 1 2025 2057 2026
3921 2 2 1 1 2026 2057 2058
3922 2 2 1 1 2026 2058 2027
3923 2 2 1 1 2027 2058 2059
3924 2 2 1 1 2027 2059 2028
3925 2 2 1 1 2028 2059 2060
3926 2 2 1 1 2028 2060 2029
3927 2 2 1 1 2029 2060 2061
3928 2 2 1 1 2029 2061 2030
3929 2 2 1 1 2030 2061 2062
3930 2 2 1 1 2030 2062 2031
3931 2 2 1 1 2031 2062 2063
3932 2 2 1 1 2031 2063 2032
3933 2 2 1 1 2032 2063 2064
3934 2 2 1 1 2032 2064 2033
3935 2 2 1 1 2033 2064 2065
3936 2 2 1 1 2033 2065 2034
3937 2 2 1 1 2034 2065 2066
3938 2 2 1 1 2034 2066 2035
3939 2 2 1 1 2035 2066 2067
3940 2 2 1 1 2035 2067 2036
3941 2 2 1 1 2036 2067 2068
3942 2 2 1 1 2036 2068 2037
3943 2 2 1 1 2037 2068 2069
3944 2 2 1 1 2037 2069 2038
3945 2 2 1 1 2038 2069 2070
3946 2 2 1 1 2038 2070 2039
3947 2 2 1 1 2039 2070 2071
3948 2 2 1 1 2039 2071 2040
3949 2 2 1 1 2040 2071 2072
3950 2 2 1 1 2040 2072 2041
3951 2 2 1 1 2041 2072 2073
3952 2 2 1 1 2041 2073 2042
3953 2 2 1 1 2042 2073 2074
3954 2 2 1 1 2042 2074 2043
3955 2 2 1 1 2043 2074 2075
3956 2 2 1 1 2043 2075 2044
3957 2 2 1 1 2044 2075 2076
3958 2 2 1 1 2044 2076 2045
3959 2 2 1 1 2045 2076 2077
3960 2 2 1 1 2045 2077 2046
3961 2 2 1 1 2047 2078 2079
3962 2 2 1 1 2047 2079 2048
3963 2 2 1 1 2048 2079 2080
3964 2 2 1 1 2048 2080 2049
3965 2 2 1 1 2049 2080 2081
3966 2 2 1 1 2049 2081 2050
3967 2 2 1 1 2050 2081 2082
3968 2 2 1 1 2050 2082 2051
3969 2 2 1 1 2051 2082 2083
3970 2 2 1 1 2051 2083 2052
3971 2 2 1 1 2052 2083 2084
3972 2 2 1 1 2052 2084 2053
3973 2 2 1 1 2053 2084 2085
3974 2 2 1 1 2053 2085 2054
3975 2 2 1 1 2054 2085 2086
3976 2 2 1 1 2054 2086 2055
3977 2 2 1 1 2055 2086 2087
3978 2 2 1 1 2055 2087 2056
3979 2 2 1 1 2056 2087 2088
3980 2 2 1 1 2056 2088 2057
3981 2 2 1 1 2057 2088 2089
3982 2 2 1 1 2057 2089 2058
3983 2 2 1 1 2058 2089 2090
3984 2 2 1 1 2058 2090 2059
3985 2 2 1 1 2059 2090 2091
3986 2 2 1 1 2059 2091 2060
3987 2 2 1 1 2060 2091 2092
3988 2 2 1 1 2060 2092 2061
3989 2 2 1 1 2061 2092 2093
3990 2 2 1 1 2061 2093 2062
3991 2 2 1 1 2062 2093 2094
3992 2 2 1 1 2062 2094 2063
3993 2 2 1 1 2063 2094 2095
3994 2 2 1 1 2063 2095 2064
3995 2 2 1 1 2064 2095 2096
3996 2 2 1 1 2064 2096 2065
3997 2 2 1 1 2065 2096 2097
3998 2 2 1 1 2065 2097 2066
3999 2 2 1 1 2066 2097 2098
4000 2 2 1 1 2066 2098 2067
4001 2 2 1 1 2067 2098 2099
4002 2 2 1 1 2067 2099 2068
4003 2 2 1 1 2068 2099 2100
4004 2 2 1 1 2068 2100 2069
4005 2 2 1 1 2069 2100 2101
4006 2 2 1 1 2069 2101 2070
4007 2 2 1 1 2070 2101 2102
4008 2 2 1 1 2070 2102 2071
4009 2 2 1 1 2071 2102 2103
4010 2 2 1 1 2071 2103 2072
4011 2 2 1 1 2072 2103 2104
4012 2 2 1 1 2072 2104 2073
4013 2 2 1 1 2073 2104 2105
4014 2 2 1 1 2073 2105 2074
4015 2 2 1 1 2074 2105 2106
4016 2 2 1 1 2074 2106 2075
4017 2 2 1 1 2075 2106 2107
4018 2 2 1 1 2075 2107 2076
4019 2 2 1 1 2076 2107 2108
4020 2 2 1 1 2076 2108 2077
4021 2 2 1 1 2078 2109 2110
4022 2 2 1 1 2078 2110 2079
4023 2 2 1 1 2079 2110 2111
4024 2 2 1 1 2079 2111 2080
4025 2 2 1 1 2080 2111 2112
4026 2 2 1 1 2080 2112 2081
4027 2 2 1 1 2081 2112 2113
4028 2 2 1 1 2081 2113 2082
4029 2 2 1 1 2082 2113 2114
4030 2 2 1 1 2082 2114 2083
4031 2 2 1 1 2083 2114 2115
4032 2 2 1 1 2083 2115 2084
4033 2 2 1 1 2084 2115 2116
4034 2 2 1 1 2084 2116 2085
4035 2 2 1 1 2085 2116 2117
4036 2 2 1 1 2085 2117 2086
4037 2 2 1 1 2086 2117 2118
4038 2 2 1 1 2086 2118 2087
4039 2 2 1 1 2087 2118 2119
4040 2 2 1 1 2087 2119 2088
4041 2 2 1 1 2088 2119 2120
4042 2 2 1 1 2088 2120 2089
4043 2 2 1 1 2089 2120 2121
4044 2 2 1 1 2089 2121 2090
4045 2 2 1 1 2090 2121 2122
4046 2 2 1 1 2090 2122 2091
4047 2 2 1 1 2091 2122 2123
4048 2 2 1 1 2091 2123 2092
4049 2 2 1 1 2092 2123 2124
4050 2 2 1 1 2092 2124 2093
4051 2 2 1 1 2093 2124 2125
4052 2 2 1 1 2093 2125 2094
4053 2 2 1 1 2094 2125 2126
4054 2 2 1 1 2094 2126 2095
4055 2 2 1 1 2095 2126 2127
4056 2 2 1 1 2095 2127 2096
4057 2 2 1 1 2096 2127 2128
4058 2 2 1 1 2096 2128 2097
4059 2 2 1 1 2097 2128 2129
4060 2 2 1 1 2097 2129 2098
4061 2 2 1 1 2098 2129 2130
4062 2 2 1 1 2098 2130 2099
4063 2 2 1 1 2099 2130 2131
4064 2 2 1 1 2099 2131 2100
4065 2 2 1 1 2100 2131 2132
4066 2 2 1 1 2100 2132 2101
4067 2 2 1 1 2101 2132 2133
4068 2 2 1 1 2101 2133 2102
4069 2 2 1 1 2102 2133 2134
4070 2 2 1 1 2102 2134 2103
4071 2 2 1 1 2103 2134 2135
4072 2 2 1 1 2103 2135 2104
4073 2 2 1 1 2104 2135 2136
4074 2 2 1 1 2104 2136 2105
4075 2 2 1 1 2105 2136 2137
4076 2 2 1 1 2105 2137 2106
4077 2 2 1 1 2106 2137 2138
4078 2 2 1 1 2106 2138 2107
4079 2 2 1 1 2107 2138 2139
4080 2 2 1 1 2107 2139 2108
4081 2 2 1 1 2109 2140 2141
4082 2 2 1 1 2109 2141 2110
4083 2 2 1 1 2110 2141 2142
4084 2 2 1 1 2110 2142 2111
4085 2 2 1 1 2111 2142 2143
4086 2 2 1 1 2111 2143 2112
4087 2 2 1 1 2112 2143 2144
4088 2 2 1 1 2112 2144 2113
4089 2 2 1 1 2113 2144 2145
4090 2 2 1 1 2113 2145 2114
4091 2 2 1 1 2114 2145 2146
4092 2 2 1 1 2114 2146 2115
4093 2 2 1 1 2115 2146 2147
4094 2 2 1 1 2115 2147 2116
4095 2 2 1 1 2116 2147 2148
4096 2 2 1 1 2116 2148 2117
4097 2 2 1 1 2117 2148 2149
4098 2 2 1 1 2117 2149 2118
4099 2 2 1 1 2118 2149 2150
4100 2 2 1 1 2118 2150 2119
4101 2 2 1 1 2119 2150 2151
4102 2 2 1 1 2119 2151 2120
4103 2 2 1 1 2120 2151 2152
4104 2 2 1 1 2120 2152 2121
4105 2 2 1 1 2121 2152 2153
4106 2 2 1 1 2121 2153 2122
4107 2 2 1 1 2122 2153 2154
4108 2 2 1 1 2122 2154 2123
4109 2 2 1 1 2123 2154 2155
4110 2 2 1 1 2123 2155 2124
4111 2 2 1 1 2124 2155 2156
4112 2 2 1 1 2124 2156 2125
4113 2 2 1 1 2125 2156 2157
4114 2 2 1 1 2125 2157 2126
4115 2 2 1 1 2126 2157 2158
4116 2 2 1 1 2126 2158 2127
4117 2 2 1 1 2127 2158 2159
4118 2 2 1 1 2127 2159 2128
4119 2 2 1 1 2128 2159 2160
4120 2 2 1 1 2128 2160 2129
4121 2 2 1 1 2129 2160 2161
4122 2 2 1 1 2129 2161 2130
4123 2 2 1 1 2130 2161 2162
4124 2 2 1 1 2130 2162 2131
4125 2 2 1 1 2131 2162 2163
4126 2 2 1 1 2131 2163 2132
4127 2 2 1 1 2132 2163 2164
4128 2 2 1 1 2132 2164 2133
4129 2 2 1 1 2133 2164 2165
4130 2 2 1 1 2133 2165 2134
4131 2 2 1 1 2134 2165 2166
4132 2 2 1 1 2134 2166 2135
4133 2 2 1 1 2135 2166 2167
4134 2 2 1 1 2135 2167 2136
4135 2 2 1 1 2136 2167 2168
4136 2 2 1 1 2136 2168 2137
4137 2 2 1 1 2137 2168 2169
4138 2 2 1 1 2137 2169 2138
4139 2 2 1 1 2138 2169 2170
4140 2 2 1 1 2138 2170 2139
4141 2 2 1 1 2140 2171 2172
4142 2 2 1 1 2140 2172 2141
4143 2 2 1 1 2141 2172 2173
4144 2 2 1 1 2141 2173 2142
4145 2 2 1 1 2142 2173 2174
4146 2 2 1 1 2142 2174 2143
4147 2 2 1 1 2143 2174 2175
4148 2 2 1 1 2143 2175 2144
4149 2 2 1 1 2144 2175 2176
4150 2 2 1 1 2144 2176 2145
4151 2 2 1 1 2145 2176 2177
4152 2 2 1 1 2145 2177 2146
4153 2 2 1 1 2146 2177 2178
4154 2 2 1 1 2146 2178 2147
4155 2 2 1 1 2147 2178 2179
4156 2 2 1 1 2147 2179 2148
4157 2 2 1 1 2148 2179 2180
4158 2 2 1 1 2148 2180 2149
4159 2 2 1 1 2149 2180 2181
4160 2 2 1 1 2149 2181 2150
4161 2 2 1 1 2150 2181 2182
4162 2 2 1 1 2150 2182 2151
4163 2 2 1 1 2151 2182 2183
4164 2 2 1 1 2151 2183 2152
4165 2 2 1 1 2152 2183 2184
4166 2 2 1 1 2152 2184 2153
4167 2 2 1 1 2153 2184 2185
4168 2 2 1 1 2153 2185 2154
4169 2 2 1 1 2154 2185 2186
4170 2 2 1 1 2154 2186 2155
4171 2 2 1 1 2155 2186 2187
4172 2 2 1 1 2155 2187 2156
4173 2 2 1 1 2156 2187 2188
4174 2 2 1 1 2156 2188 2157
4175 2 2 1 1 2157 2188 2189
4176 2 2 1 1 2157 2189 2158
4177 2 2 1 1 2158 2189 2190
4178 2 2 1 1 2158 2190 2159
4179 2 2 1 1 2159 2190 2191
4180 2 2 1 1 2159 2191 2160
4181 2 2 1 1 2160 2191 2192
4182 2 2 1 1 2160 2192 2161
4183 2 2 1 1 2161 2192 2193
4184 2 2 1 1 2161 2193 2162
4185 2 2 1 1 2162 2193 2194
4186 2 2 1 1 2162 2194 2163
4187 2 2 1 1 2163 2194 2195
4188 2 2 1 1 2163 2195 2164
4189 2 2 1 1 2164 2195 2196
4190 2 2 1 1 2164 2196 2165
4191 2 2 1 1 2165 2196 2197
4192 2 2 1 1 2165 2197 2166
4193 2 2 1 1 2166 2197 2198
4194 2 2 1 1 2166 2198 2167
4195 2 2 1 1 2167 2198 2199
4196 2 2 1 1 2167 2199 2168
4197 2 2 1 1 2168 2199 2200
4198 2 2 1 1 2168 2200 2169
4199 2 2 1 1 2169 2200 2201
4200 2 2 1 1 2169 2201 2170
4201 2 2 1 1 2171 2202 2203
4202 2 2 1 1 2171 2203 2172
4203 2 2 1 1 2172 2203 2204
4204 2 2 1 1 2172 2204 2173
4205 2 2 1 1 2173 2204 2205
4206 2 2 1 1 2173 2205 2174
4207 2 2 1 1 2174 2205 2206
4208 2 2 1 1 2174 2206 2175
4209 2 2 1 1 2175 2206 2207
4210 2 2 1 1 2175 2207 2176
4211 2 2 1 1 2176 2207 2208
4212 2 2 1 1 2176 2208 2177
4213 2 2 1 1 2177 2208 2209
4214 2 2 1 1 2177 2209 2178
4215 2 2 1 1 2178 2209 2210
4216 2 2 1 1 2178 2210 2179
4217 2 2 1 1 2179 2210 2211
4218 2 2 1 1 2179 2211 2180
4219 2 2 1 1 2180 2211 2212
4220 2 2 1 1 2180 2212 2181
4221 2 2 1 1 2181 2212 2213
4222 2 2 1 1 2181 2213 2182
4223 2 2 1 1 2182 2213 2214
4224 2 2 1 1 2182 2214 2183
4225 2 2 1 1 2183 2214 2215
4226 2 2 1 1 2183 2215 2184
4227 2 2 1 1 2184 2215 2216
4228 2 2 1 1 2184 2216 2185
4229 2 2 1 1 2185 2216 2217
4230 2 2 1 1 2185 2217 2186
4231 2 2 1 1 2186 2217 2218
4232 2 2 1 1 2186 2218 2187
4233 2 2 1 1 2187 2218 2219
4234 2 2 1 1 2187 2219 2188
4235 2 2 1 1 2188 2219 2220
4236 2 2 1 1 2188 2220 2189
4237 2 2 1 1 2189 2220 2221
4238 2 2 1 1 2189 2221 2190
4239 2 2 1 1 2190 2221 2222
4240 2 2 1 1 2190 2222 2191
4241 2 2 1 1 2191 2222 2223
4242 2 2 1 1 2191 2223 2192
4243 2 2 1 1 2192 2223 2224
4244 2 2 1 1 2192 2224 2193
4245 2 2 1 1 2193 2224 2225
4246 2 2 1 1 2193 2225 2194
4247 2 2 1 1 2194 2225 2226
4248 2 2 1 1 2194 2226 2195
4249 2 2 1 1 2195 2226 2227
4250 2 2 1 1 2195 2227 2196
4251 2 2 1 1 2196 2227 2228
4252 2 2 1 1 2196 2228 2197
4253 2 2 1 1 2197 2228 2229
4254 2 2 1 1 2197 2229 2198
4255 2 2 1 1 2198 2229 2230
4256 2 2 1 1 2198 2230 2199
4257 2 2 1 1 2199 2230 2231
4258 2 2 1 1 2199 2231 2200
4259 2 2 1 1 2200 2231 2232
4260 2 2 1 1 2200 2232 2201
4261 2 2 1 1 2202 2233 2234
4262 2 2 1 1 2202 2234 2203
4263 2 2 1 1 2203 2234 2235
4264 2 2 1 1 2203 2235 2204
4265 2 2 1 1 2204 2235 2236
4266 2 2 1 1 2204 2236 2205
4267 2 2 1 1 2205 2236 2237
4268 2 2 1 1 2205 2237 2206
4269 2 2 1 1 2206 2237 2238
4270 2 2 1 1 2206 2238 2207
4271 2 2 1 1 2207 2238 2239
4272 2 2 1 1 2207 2239 2208
4273 2 2 1 1 2208 2239 2240
4274 2 2 1 1 2208 2240 2209
4275 2 2 1 1 2209 2240 2241
4276 2 2 1 1 2209 2241 2210
4277 2 2 1 1 2210 2241 2242
4278 2 2 1 1 2210 2242 2211
4279 2 2 1 1 2211 2242 2243
4280 2 2 1 1 2211 2243 2212
4281 2 2 1 1 2212 2243 2244
4282 2 2 1 1 2212 2244 2213
4283 2 2 1 1 2213 2244 2245
4284 2 2 1 1 2213 2245 2214
4285 2 2 1 1 2214 2245 2246
4286 2 2 1 1 2214 2246 2215
4287 2 2 1 1 2215 2246 2247
4288 2 2 1 1 2215 2247 2216
4289 2 2 1 1 2216 2247 2248
4290 2 2 1 1 2216 2248 2217
4291 2 2 1 1 2217 2248 2249
4292 2 2 1 1 2217 2249 2218
4293 2 2 1 1 2218 2249 2250
4294 2 2 1 1 2218 2250 2219
4295 2 2 1 1 2219 2250 2251
4296 2 2 1 1 2219 2251 2220
4297 2 2 1 1 2220 2251 2252
4298 2 2 1 1 2220 2252 2221
4299 2 2 1 1 2221 2252 2253
4300 2 2 1 1 2221 2253 2222
4301 2 2 1 1 2222 2253 2254
4302 2 2 1 1 2222 2254 2223
4303 2 2 1 1 2223 2254 2255
4304 2 2 1 1 2223 2255 2224
4305 2 2 1 1 2224 2255 2256
4306 2 2 1 1 2224 2256 2225
4307 2 2 1 1 2225 2256 2257
4308 2 2 1 1 2225 2257 2226
4309 2 2 1 1 2226 2257 2258
4310 2 2 1 1 2226 2258 2227
4311 2 2 1 1 2227 2258 2259
4312 2 2 1 1 2227 2259 2228
4313 2 2 1 1 2228 2259 2260
4314 2 2 1 1 2228 2260 2229
4315 2 2 1 1 2229 2260 2261
4316 2 2 1 1 2229 2261 2230
4317 2 2 1 1 2230 2261 2262
4318 2 2 1 1 2230 2262 2231
4319 2 2 1 1 2231 2262 2263
4320 2 2 1 1 2231 2263 2232
4321 2 2 1 1 2233 2264 2265
4322 2 2 1 1 2233 2265 2234
4323 2 2 1 1 2234 2265 2266
4324 2 2 1 1 2234 2266 2235
4325 2 2 1 1 2235 2266 2267
4326 2 2 1 1 2235 2267 2236
4327 2 2 1 1 2236 2267 2268
4328 2 2 1 1 2236 2268 2237
4329 2 2 1 1 2237 2268 2269
4330 2 2 1 1 2237 2269 2238
4331 2 2 1 1 2238 2269 2270
4332 2 2 1 1 2238 2270 2239
4333 2 2 1 1 2239 2270 2271
4334 2 2 1 1 2239 2271 2240
4335 2 2 1 1 2240 2271 2272
4336 2 2 1 1 2240 2272 2241
4337 2 2 1 1 2241 2272 2273
4338 2 2 1 1 2241 2273 2242
4339 2 2 1 1 2242 2273 2274
4340 2 2 1 1 2242 2274 2243
4341 2 2 1 1 2243 2274 2275
4342 2 2 1 1 2243 2275 2244
4343 2 2 1 1 2244 2275 2276
4344 2 2 1 1 2244 2276 2245
4345 2 2 1 1 2245 2276 2277
4346 2 2 1 1 2245 2277 2246
4347 2 2 1 1 2246 2277 2278
4348 2 2 1 1 2246 2278 2247
4349 2 2 1 1 2247 2278 2279
4350 2 2 1 1 2247 2279 2248
4351 2 2 1 1 2248 2279 2280
4352 2 2 1 1 2248 2280 2249
4353 2 2 1 1 2249 2280 2281
4354 2 2 1 1 2249 2281 2250
4355 2 2 1 1 2250 2281 2282
4356 2 2 1 1 2250 2282 2251
4357 2 2 1 1 2251 2282 2283
4358 2 2 1 1 2251 2283 2252
4359 2 2 1 1 2252 2283 2284
4360 2 2 1 1 2252 2284 2253
4361 2 2 1 1 2253 2284 2285
4362 2 2 1 1 2253 2285 2254
4363 2 2 1 1 2254 2285 2286
4364 2 2 1 1 2254 2286 2255
4365 2 2 1 1 2255 2286 2287
4366 2 2 1 1 2255 2287 2256
4367 2 2 1 1 2256 2287 2288
4368 2 2 1 1 2256 2288 2257
4369 2 2 1 1 2257 2288 2289
4370 2 2 1 1 2257 2289 2258
4371 2 2 1 1 2258 2289 2290
4372 2 2 1 1 2258 2290 2259
4373 2 2 1 1 2259 2290 2291
4374 2 2 1 1 2259 2291 2260
4375 2 2 1 1 2260 2291 2292
4376 2 2 1 1 2260 2292 2261
4377 2 2 1 1 2261 2292 2293
4378 2 2 1 1 2261 2293 2262
4379 2 2 1 1 2262 2293 2294
4380 2 2 1 1 2262 2294 2263
4381 2 2 1 1 2264 2295 2296
4382 2 2 1 1 2264 2296 2265
4383 2 2 1 1 2265 2296 2297
4384 2 2 1 1 2265 2297 2266
4385 2 2 1 1 2266 2297 2298
4386 2 2 1 1 2266 2298 2267
4387 2 2 1 1 2267 2298 2299
4388 2 2 1 1 2267 2299 2268
4389 2 2 1 1 2268 2299 2300
4390 2 2 1 1 2268 2300 2269
4391 2 2 1 1 2269 2300 2301
4392 2 2 1 1 2269 2301 2270
4393 2 2 1 1 2270 2301 2302
4394 2 2 1 1 2270 2302 2271
4395 2 2 1 1 2271 2302 2303
4396 2 2 1 1 2271 2303 2272
4397 2 2 1 1 2272 2303 2304
4398 2 2 1 1 2272 2304 2273
4399 2 2 1 1 2273 2304 2305
4400 2 2 1 1 2273 2305 2274
4401 2 2 1 1 2274 2305 2306
4402 2 2 1 1 2274 2306 2275
4403 2 2 1 1 2275 2306 2307
4404 2 2 1 1 2275 2307 2276
4405 2 2 1 1 2276 2307 2308
4406 2 2 1 1 2276 2308 2277
4407 2 2 1 1 2277 2308 2309
4408 2 2 1 1 2277 2309 2278
4409 2 2 1 1 2278 2309 2310
4410 2 2 1 1 2278 2310 2279
4411 2 2 1 1 2279 2310 2311
4412 2 2 1 1 2279 2311 2280
4413 2 2 1 1 2280 2311 2312
4414 2 2 1 1 2280 2312 2281
4415 2 2 1 1 2281 2312 2313
4416 2 2 1 1 2281 2313 2282
4417 2 2 1 1 2282 2313 2314
4418 2 2 1 1 2282 2314 2283
4419 2 2 1 1 2283 2314 2315
4420 2 2 1 1 2283 2315 2284
4421 2 2 1 1 2284 2315 2316
4422 2 2 1 1 2284 2316 2285
4423 2 2 1 1 2285 2316 2317
4424 2 2 1 1 2285 2317 2286
4425 2 2 1 1 2286 2317 2318
4426 2 2 1 1 2286 2318 2287
4427 2 2 1 1 2287 2318 2319
4428 2 2 1 1 2287 2319 2288
4429 2 2 1 1 2288 2319 2320
4430 2 2 1 1 2288 2320 2289
4431 2 2 1 1 2289 2320 2321
4432 2 2 1 1 2289 2321 2290
4433 2 2 1 1 2290 2321 2322
4434 2 2 1 1 2290 2322 2291
4435 2 2 1 1 2291 2322 2323
4436 2 2 1 1 2291 2323 2292
4437 2 2 1 1 2292 2323 2324
4438 2 2 1 1 2292 2324 2293
4439 2 2 1 1 2293 2324 2325
4440 2 2 1 1 2293 2325 2294
4441 2 2 1 1 2295 2326 2327
4442 2 2 1 1 2295 2327 2296
4443 2 2 1 1 2296 2327 2328
4444 2 2 1 1 2296 2328 2297
4445 2 2 1 1 2297 2328 2329
4446 2 2 1 1 2297 2329 2298
4447 2 2 1 1 2298 2329 2330
4448 2 2 1 1 2298 2330 2299
4449 2 2 1 1 2299 2330 2331
4450 2 2 1 1 2299 2331 2300
4451 2 2 1 1 2300 2331 2332
4452 2 2 1 1 2300 2332 2301
4453 2 2 1 1 2301 2332 2333
4454 2 2 1 1 2301 2333 2302
4455 2 2 1 1 2302 2333 2334
4456 2 2 1 1 2302 2334 2303
4457 2 2 1 1 2303 2334 2335
4458 2 2 1 1 2303 2335 2304
4459 2 2 1 1 2304 2335 2336
4460 2 2 1 1 2304 2336 2305
4461 2 2 1 1 2305 2336 2337
4462 2 2 1 1 2305 2337 2306
4463 2 2 1 1 2306 2337 2338
4464 2 2 1 1 2306 2338 2307
4465 2 2 1 1 2307 2338 2339
4466 2 2 1 1 2307 2339 2308
4467 2 2 1 1 2308 2339 2340
4468 2 2 1 1 2308 2340 2309
4469 2 2 1 1 2309 2340 2341
4470 2 2 1 1 2309 2341 2310
4471 2 2 1 1 2310 2341 2342
4472 2 2 1 1 2310 2342 2311
4473 2 2 1 1 2311 2342 2343
4474 2 2 1 1 2311 2343 2312
4475 2 2 1 1 2312 2343 2344
4476 2 2 1 1 2312 2344 2313
4477 2 2 1 1 2313 2344 2345
4478 2 2 1 1 2313 2345 2314
4479 2 2 1 1 2314 2345 2346
4480 2 2 1 1 2314 2346 2315
4481 2 2 1 1 2315 2346 2347
4482 2 2 1 1 2315 2347 2316
4483 2 2 1 1 2316 2347 2348
4484 2 2 1 1 2316 2348 2317
4485 2 2 1 1 2317 2348 2349
4486 2 2 1 1 2317 2349 2318
4487 2 2 1 1 2318 2349 2350
4488 2 2 1 1 2318 2350 2319
4489 2 2 1 1 2319 2350 2351
4490 2 2 1 1 2319 2351 2320
4491 2 2 1 1 2320 2351 2352
4492 2 2 1 1 2320 2352 2321
4493 2 2 1 1 2321 2352 2353
4494 2 2 1 1 2321 2353 2322
4495 2 2 1 1 2322 2353 2354
4496 2 2 1 1 2322 2354 2323
4497 2 2 1 1 2323 2354 2355
4498 2 2 1 1 2323 2355 2324
4499 2 2 1 1 2324 2355 2356
4500 2 2 1 1 2324 2356 2325
4501 2 2 1 1 2326 2357 2358
4502 2 2 1 1 2326 2358 2327
4503 2 2 1 1 2327 2358 2359
4504 2 2 1 1 2327 2359 2328
4505 2 2 1 1 2328 2359 2360
4506 2 2 1 1 2328 2360 2329
4507 2 2 1 1 2329 2360 2361
4508 2 2 1 1 2329 2361 2330
4509 2 2 1 1 2330 2361 2362
4510 2 2 1 1 2330 2362 2331
4511 2 2 1 1 2331 2362 2363
4512 2 2 1 1 2331 2363 2332
4513 2 2 1 1 2332 2363 2364
4514 2 2 1 1 2332 2364 2333
4515 2 2 1 1 2333 2364 2365
4516 2 2 1 1 2333 2365 2334
4517 2 2 1 1 2334 2365 2366
4518 2 2 1 1 2334 2366 2335
4519 2 2 1 1 2335 2366 2367
4520 2 2 1 1 2335 2367 2336
4521 2 2 1 1 2336 2367 2368
4522 2 2 1 1 2336 2368 2337
4523 2 2 1 1 2337 2368 2369
4524 2 2 1 1 2337 2369 2338
4525 2 2 1 1 2338 2369 2370
4526 2 2 1 1 2338 2370 2339
4527 2 2 1 1 2339 2370 2371
4528 2 2 1 1 2339 2371 2340
4529 2 2 1 1 2340 2371 2372
4530 2 2 1 1 2340 2372 2341
4531 2 2 1 1 2341 2372 2373
4532 2 2 1 1 2341 2373 2342
4533 2 2 1 1 2342 2373 2374
4534 2 2 1 1 2342 2374 2343
4535 2 2 1 1 2343 2374 2375
4536 2 2 1 1 2343 2375 2344
4537 2 2 1 1 2344 2375 2376
4538 2 2 1 1 2344 2376 2345
4539 2 2 1 1 2345 2376 2377
4540 2 2 1 1 2345 2377 2346
4541 2 2 1 1 2346 2377 2378
4542 2 2 1 1 2346 2378 2347
4543 2 2 1 1 2347 2378 2379
4544 2 2 1 1 2347 2379 2348
4545 2 2 1 1 2348 2379 2380
4546 2 2 1 1 2348 2380 2349
4547 2 2 1 1 2349 2380 2381
4548 2 2 1 1 2349 2381 2350
4549 2 2 1 1 2350 2381 2382
4550 2 2 1 1 2350 2382 2351
4551 2 2 1 1 2351 2382 2383
4552 2 2 1 1 2351 2383 2352
4553 2 2 1 1 2352 2383 2384
4554 2 2 1 1 2352 2384 2353
4555 2 2 1 1 2353 2384 2385
4556 2 2 1 1 2353 2385 2354
4557 2 2 1 1 2354 2385 2386
4558 2 2 1 1 2354 2386 2355
4559 2 2 1 1 2355 2386 2387
4560 2 2 1 1 2355 2387 2356
4561 2 2 1 1 2357 2388 2389
4562 2 2 1 1 2357 2389 2358
4563 2 2 1 1 2358 2389 2390
4564 2 2 1 1 2358 2390 2359
4565 2 2 1 1 2359 2390 2391
4566 2 2 1 1 2359 2391 2360
4567 2 2 1 1 2360 2391 2392
4568 2 2 1 1 2360 2392 2361
4569 2 2 1 1 2361 2392 2393
4570 2 2 1 1 2361 2393 2362
4571 2 2 1 1 2362 2393 2394
4572 2 2 1 1 2362 2394 2363
4573 2 2 1 1 2363 2394 2395
4574 2 2 1 1 2363 2395 2364
4575 2 2 1 1 2364 2395 2396
4576 2 2 1 1 2364 2396 2365
4577 2 2 1 1 2365 2396 2397
4578 2 2 1 1 2365 2397 2366
4579 2 2 1 1 2366 2397 2398
4580 2 2 1 1 2366 2398 2367
4581 2 2 1 1 2367 2398 2399
4582 2 2 1 1 2367 2399 2368
4583 2 2 1 1 2368 2399 2400
4584 2 2 1 1 2368 2400 2369
4585 2 2 1 1 2369 2400 2401
4586 2 2 1 1 2369 2401 2370
4587 2 2 1 1 2370 2401 2402
4588 2 2 1 1 2370 2402 2371
4589 2 2 1 1 2371 2402 2403
4590 2 2 1 1 2371 2403 2372
4591 2 2 1 1 2372 2403 2404
4592 2 2 1 1 2372 2404 2373
4593 2 2 1 1 2373 2404 2405
4594 2 2 1 1 2373 2405 2374
4595 2 2 1 1 2374 2405 2406
4596 2 2 1 1 2374 2406 2375
4597 2 2 1 1 2375 2406 2407
4598 2 2 1 1 2375 2407 2376
4599 2 2 1 1 2376 2407 2408
4600 2 2 1 1 2376 2408 2377
4601 2 2 1 1 2377 2408 2409
4602 2 2 1 1 2377 2409 2378
4603 2 2 1 1 2378 2409 2410
4604 2 2 1 1 2378 2410 2379
4605 2 2 1 1 2379 2410 2411
4606 2 2 1 1 2379 2411 2380
4607 2 2 1 1 2380 2411 2412
4608 2 2 1 1 2380 2412 2381
4609 2 2 1 1 2381 2412 2413
4610 2 2 1 1 2381 2413 2382
4611 2 2 1 1 2382 2413 2414
4612 2 2 1 1 2382 2414 2383
4613 2 2 1 1 2383 2414 2415
4614 2 2 1 1 2383 2415 2384
4615 2 2 1 1 2384 2415 2416
4616 2 2 1 1 2384 2416 2385
4617 2 2 1 1 2385 2416 2417
4618 2 2 1 1 2385 2417 2386
4619 2 2 1 1 2386 2417 2418
4620 2 2 1 1 2386 2418 2387
4621 2 2 1 1 961 1736 2419
4622 2 2 1 1 961 2419 962
4623 2 2 1 1 962 2419 2420
4624 2 2 1 1 962 2420 963
4625 2 2 1 1 963 2420 2421
4626 2 2 1 1 963 2421 964
4627 2 2 1 1 964 2421 2422
4628 2 2 1 1 964 2422 965
4629 2 2 1 1 965 2422 2423
4630 2 2 1 1 965 2423 966
4631 2 2 1 1 966 2423 2424
4632 2 2 1 1 966 2424 967
4633 2 2 1 1 967 2424 2425
4634 2 2 1 1 967 2425 968
4635 2 2 1 1 968 2425 2426
4636 2 2 1 1 968 2426 969
4637 2 2 1 1 969 2426 2427
4638 2 2 1 1 969 2427 970
4639 2 2 1 1 970 2427 2428
4640 2 2 1 1 970 2428 971
4641 2 2 1 1 971 2428 2429
4642 2 2 1 1 971 2429 972
4643 2 2 1 1 972 2429 2430
4644 2 2 1 1 972 2430 973
4645 2 2 1 1 973 2430 2431
4646 2 2 1 1 973 2431 974
4647 2 2 1 1 974 2431 2432
4648 2 2 1 1 974 2432 975
4649 2 2 1 1 975 2432 2433
4650 2 2 1 1 975 2433 976
4651 2 2 1 1 976 2433 2434
4652 2 2 1 1 976 2434 977
4653 2 2 1 1 977 2434 2435
4654 2 2 1 1 977 2435 978
4655 2 2 1 1 978 2435 2436
4656 2 2 1 1 978 2436 979
4657 2 2 1 1 979 2436 2437
4658 2 2 1 1 979 2437 980
4659 2 2 1 1 980 2437 2438
4660 2 2 1 1 980 2438 981
4661 2 2 1 1 981 2438 2439
4662 2 2 1 1 981 2439 982
4663 2 2 1 1 982 2439 2440
4664 2 2 1 1 982 2440 983
4665 2 2 1 1 983 2440 2441
4666 2 2 1 1 983 2441 984
4667 2 2 1 1 984 2441 2442
4668 2 2 1 1 984 2442 985
4669 2 2 1 1 985 2442 2443
4670 2 2 1 1 985 2443 986
4671 2 2 1 1 986 2443 2444
4672 2 2 1 1 986 2444 987
4673 2 2 1 1 987 2444 2445
4674 2 2 1 1 987 2445 988
4675 2 2 1 1 988 2445 2446
4676 2 2 1 1 988 2446 989
4677 2 2 1 1 989 2446 2447
4678 2 2 1 1 989 2447 990
4679 2 2 1 1 990 2447 2448
4680 2 2 1 1 990 2448 991
4681 2 2 1 1 991 2448 1683
4682 2 2 1 1 991 1683 992
4683 2 2 1 1 1736 1767 2449
4684 2 2 1 1 1736 2449 2419
4685 2 2 1 1 2419 2449 2450
4686 2 2 1 1 2419 2450 2420
4687 2 2 1 1 2420 2450 2451
4688 2 2 1 1 2420 2451 2421
4689 2 2 1 1 2421 2451 2452
4690 2 2 1 1 2421 2452 2422
4691 2 2 1 1 2422 2452 2453
4692 2 2 1 1 2422 2453 2423
4693 2 2 1 1 2423 2453 2454
4694 2 2 1 1 2423 2454 2424
4695 2 2 1 1 2424 2454 2455
4696 2 2 1 1 2424 2455 2425
4697 2 2 1 1 2425 2455 2456
4698 2 2 1 1 2425 2456 2426
4699 2 2 1 1 2426 2456 2457
4700 2 2 1 1 2426 2457 2427
4701 2 2 1 1 2427 2457 2458
4702 2 2 1 1 2427 2458 2428
4703 2 2 1 1 2428 2458 2459
4704 2 2 1 1 2428 2459 2429
4705 2 2 1 1 2429 2459 2460
4706 2 2 1 1 2429 2460 2430
4707 2 2 1 1 2430 2460 2461
4708 2 2 1 1 2430 2461 2431
4709 2 2 1 1 2431 2461 2462
4710 2 2 1 1 2431 2462 2432
4711 2 2 1 1 2432 2462 2463
4712 2 2 1 1 2432 2463 2433
4713 2 2 1 1 2433 2463 2464
4714 2 2 1 1 2433 2464 2434
4715 2 2 1 1 2434 2464 2465
4716 2 2 1 1 2434 2465 2435
4717 2 2 1 1 2435 2465 2466
4718 2 2 1 1 2435 2466 2436
4719 2 2 1 1 2436 2466 2467
4720 2 2 1 1 2436 2467 2437
4721 2 2 1 1 2437 2467 2468
4722 2 2 1 1 2437 2468 2438
4723 2 2 1 1 2438 2468 2469
4724 2 2 1 1 2438 2469 2439
4725 2 2 1 1 2439 2469 2470
4726 2 2 1 1 2439 2470 2440
4727 2 2 1 1 2440 2470 2471
4728 2 2 1 1 2440 2471 2441
4729 2 2 1 1 2441 2471 2472
4730 2 2 1 1 2441 2472 2442
4731 2 2 1 1 2442 2472 2473
4732 2 2 1 1 2442 2473 2443
4733 2 2 1 1 2443 2473 2474
4734 2 2 1 1 2443 2474 2444
4735 2 2 1 1 2444 2474 2475
4736 2 2 1 1 2444 2475 2445
4737 2 2 1 1 2445 2475 2476
4738 2 2 1 1 2445 2476 2446
4739 2 2 1 1 2446 2476 2477
4740 2 2 1 1 2446 2477 2447
4741 2 2 1 1 2447 2477 2478
4742 2 2 1 1 2447 2478 2448
4743 2 2 1 1 2448 2478 1684
4744 2 2 1 1 2448 1684 1683
4745 2 2 1 1 1767 1798 2479
4746 2 2 1 1 1767 2479 2449
4747 2 2 1 1 2449 2479 2480
4748 2 2 1 1 2449 2480 2450
4749 2 2 1 1 2450 2480 2481
4750 2 2 1 1 2450 2481 2451
4751 2 2 1 1 2451 2481 2482
4752 2 2 1 1 2451 2482 2452
4753 2 2 1 1 2452 2482 2483
4754 2 2 1 1 2452 2483 2453
4755 2 2 1 1 2453 2483 2484
4756 2 2 1 1 2453 2484 2454
4757 2 2 1 1 2454 2484 2485
4758 2 2 1 1 2454 2485 2455
4759 2 2 1 1 2455 2485 2486
4760 2 2 1 1 2455 2486 2456
4761 2 2 1 1 2456 2486 2487
4762 2 2 1 1 2456 2487 2457
4763 2 2 1 1 2457 2487 2488
4764 2 2 1 1 2457 2488 2458
4765 2 2 1 1 2458 2488 2489
4766 2 2 1 1 2458 2489 2459
4767 2 2 1 1 2459 2489 2490
4768 2 2 1 1 2459 2490 2460
4769 2 2 1 1 2460 2490 2491
4770 2 2 1 1 2460 2491 2461
4771 2 2 1 1 2461 2491 2492
4772 2 2 1 1 2461 2492 2462
4773 2 2 1 1 2462 2492 2493
4774 2 2 1 1 2462 2493 2463
4775 2 2 1 1 2463 2493 2494
4776 2 2 1 1 2463 2494 2464
4777 2 2 1 1 2464 2494 2495
4778 2 2 1 1 2464 2495 2465
4779 2 2 1 1 2465 2495 2496
4780 2 2 1 1 2465 2496 2466
4781 2 2 1 1 2466 2496 2497
4782 2 2 1 1 2466 2497 2467
4783 2 2 1 1 2467 2497 2498
4784 2 2 1 1 2467 2498 2468
4785 2 2 1 1 2468 2498 2499
4786 2 2 1 1 2468 2499 2469
4787 2 2 1 1 2469 2499 2500
4788 2 2 1 1 2469 2500 2470
4789 2 2 1 1 2470 2500 2501
4790 2 2 1 1 2470 2501 2471
4791 2 2 1 1 2471 2501 2502
4792 2 2 1 1 2471 2502 2472
4793 2 2 1 1 2472 2502 2503
4794 2 2 1 1 2472 2503 2473
4795 2 2 1 1 2473 2503 2504
4796 2 2 1 1 2473 2504 2474
4797 2 2 1 1 2474 2504 2505
4798 2 2 1 1 2474 2505 2475
4799 2 2 1 1 2475 2505 2506
4800 2 2 1 1 2475 2506 2476
4801 2 2 1 1 2476 2506 2507
4802 2 2 1 1 2476 2507 2477
4803 2 2 1 1 2477 2507 2508
4804 2 2 1 1 2477 2508 2478
4805 2 2 1 1 2478 2508 1685
4806 2 2 1 1 2478 1685 1684
4807 2 2 1 1 1798 1829 2509
4808 2 2 1 1 1798 2509 2479
4809 2 2 1 1 2479 2509 2510
4810 2 2 1 1 2479 2510 2480
4811 2 2 1 1 2480 2510 2511
4812 2 2 1 1 2480 2511 2481
4813 2 2 1 1 2481 2511 2512
4814 2 2 1 1 2481 2512 2482
4815 2 2 1 1 2482 2512 2513
4816 2 2 1 1 2482 2513 2483
4817 2 2 1 1 2483 2513 2514
4818 2 2 1 1 2483 2514 2484
4819 2 2 1 1 2484 2514 2515
4820 2 2 1 1 2484 2515 2485
4821 2 2 1 1 2485 2515 2516
4822 2 2 1 1 2485 2516 2486
4823 2 2 1 1 2486 2516 2517
4824 2 2 1 1 2486 2517 2487
4825 2 2 1 1 2487 2517 2518
4826 2 2 1 1 2487 2518 2488
4827 2 2 1 1 2488 2518 2519
4828 2 2 1 1 2488 2519 2489
4829 2 2 1 1 2489 2519 2520
4830 2 2 1 1 2489 2520 2490
4831 2 2 1 1 2490 2520 2521
4832 2 2 1 1 2490 2521 2491
4833 2 2 1 1 2491 2521 2522
4834 2 2 1 1 2491 2522 2492
4835 2 2 1 1 2492 2522 2523
4836 2 2 1 1 2492 2523 2493
4837 2 2 1 1 2493 2523 2524
4838 2 2 1 1 2493 2524 2494
4839 2 2 1 1 2494 2524 2525
4840 2 2 1 1 2494 2525 2495
4841 2 2 1 1 2495 2525 2526
4842 2 2 1 1 2495 2526 2496
4843 2 2 1 1 2496 2526 2527
4844 2 2 1 1 2496 2527 2497
4845 2 2 1 1 2497 2527 2528
4846 2 2 1 1 2497 2528 2498
4847 2 2 1 1 2498 2528 2529
4848 2 2 1 1 2498 2529 2499
4849 2 2 1 1 2499 2529 2530
4850 2 2 1 1 2499 2530 2500
4851 2 2 1 1 2500 2530 2531
4852 2 2 1 1 2500 2531 2501
4853 2 2 1 1 2501 2531 2532
4854 2 2 1 1 2501 2532 2502
4855 2 2 1 1 2502 2532 2533
4856 2 2 1 1 2502 2533 2503
4857 2 2 1 1 2503 2533 2534
4858 2 2 1 1 2503 2534 2504
4859 2 2 1 1 2504 2534 2535
4860 2 2 1 1 2504 2535 2505
4861 2 2 1 1 2505 2535 2536
4862 2 2 1 1 2505 2536 2506
4863 2 2 1 1 2506 2536 2537
4864 2 2 1 1 2506 2537 2507
4865 2 2 1 1 2507 2537 2538
4866 2 2 1 1 2507 2538 2508
4867 2 2 1 1 2508 2538 1686
4868 2 2 1 1 2508 1686 1685
4869 2 2 1 1 1829 1860 2539
4870 2 2 1 1 1829 2539 2509
4871 2 2 1 1 2509 2539 2540
4872 2 2 1 1 2509 2540 2510
4873 2 2 1 1 2510 2540 2541
4874 2 2 1 1 2510 2541 2511
4875 2 2 1 1 2511 2541 2542
4876 2 2 1 1 2511 2542 2512
4877 2 2 1 1 2512 2542 2543
4878 2 2 1 1 2512 2543 2513
4879 2 2 1 1 2513 2543 2544
4880 2 2 1 1 2513 2544 2514
4881 2 2 1 1 2514 2544 2545
4882 2 2 1 1 2514 2545 2515
4883 2 2 1 1 2515 2545 2546
4884 2 2 1 1 2515 2546 2516
4885 2 2 1 1 2516 2546 2547
4886 2 2 1 1 2516 2547 2517
4887 2 2 1 1 2517 2547 2548
4888 2 2 1 1 2517 2548 2518
4889 2 2 1 1 2518 2548 2549
4890 2 2 1 1 2518 2549 2519
4891 2 2 1 1 2519 2549 2550
4892 2 2 1 1 2519 2550 2520
4893 2 2 1 1 2520 2550 2551
4894 2 2 1 1 2520 2551 2521
4895 2 2 1 1 2521 2551 2552
4896 2 2 1 1 2521 2552 2522
4897 2 2 1 1 2522 2552 2553
4898 2 2 1 1 2522 2553 2523
4899 2 2 1 1 2523 2553 2554
4900 2 2 1 1 2523 2554 2524
4901 2 2 1 1 2524 2554 2555
4902 2 2 1 1 2524 2555 2525
4903 2 2 1 1 2525 2555 2556
4904 2 2 1 1 2525 2556 2526
4905 2 2 1 1 2526 2556 2557
4906 2 2 1 1 2526 2557 2527
4907 2 2 1 1 2527 2557 2558
4908 2 2 1 1 2527 2558 2528
4909 2 2 1 1 2528 2558 2559
4910 2 2 1 1 2528 2559 2529
4911 2 2 1 1 2529 2559 2560
4912 2 2 1 1 2529 2560 2530
4913 2 2 1 1 2530 2560 2561
4914 2 2 1 1 2530 2561 2531
4915 2 2 1 1 2531 2561 2562
4916 2 2 1 1 2531 2562 2532
4917 2 2 1 1 2532 2562 2563
4918 2 2 1 1 2532 2563 2533
4919 2 2 1 1 2533 2563 2564
4920 2 2 1 1 2533 2564 2534
4921 2 2 1 1 2534 2564 2565
4922 2 2 1 1 2534 2565 2535
4923 2 2 1 1 2535 2565 2566
4924 2 2 1 1 2535 2566 2536
4925 2 2 1 1 2536 2566 2567
4926 2 2 1 1 2536 2567 2537
4927 2 2 1 1 2537 2567 2568
4928 2 2 1 1 2537 2568 2538
4929 2 2 1 1 2538 2568 1687
4930 2 2 1 1 2538 1687 1686
4931 2 2 1 1 1860 1891 2569
4932 2 2 1 1 1860 2569 2539
4933 2 2 1 1 2539 2569 2570
4934 2 2 1 1 2539 2570 2540
4935 2 2 1 1 2540 2570 2571
4936 2 2 1 1 2540 2571 2541
4937 2 2 1 1 2541 2571 2572
4938 2 2 1 1 2541 2572 2542
4939 2 2 1 1 2542 2572 2573
4940 2 2 1 1 2542 2573 2543
4941 2 2 1 1 2543 2573 2574
4942 2 2 1 1 2543 2574 2544
4943 2 2 1 1 2544 2574 2575
4944 2 2 1 1 2544 2575 2545
4945 2 2 1 1 2545 2575 2576
4946 2 2 1 1 2545 2576 2546
4947 2 2 1 1 2546 2576 2577
4948 2 2 1 1 2546 2577 2547
4949 2 2 1 1 2547 2577 2578
4950 2 2 1 1 2547 2578 2548
4951 2 2 1 1 2548 2578 2579
4952 2 2 1 1 2548 2579 2549
4953 2 2 1 1 2549 2579 2580
4954 2 2 1 1 2549 2580 2550
4955 2 2 1 1 2550 2580 2581
4956 2 2 1 1 2550 2581 2551
4957 2 2 1 1 2551 2581 2582
4958 2 2 1 1 2551 2582 2552
4959 2 2 1 1 2552 2582 2583
4960 2 2 1 1 2552 2583 2553
4961 2 2 1 1 2553 2583 2584
4962 2 2 1 1 2553 2584 2554
4963 2 2 1 1 2554 2584 2585
4964 2 2 1 1 2554 2585 2555
4965 2 2 1 1 2555 2585 2586
4966 2 2 1 1 2555 2586 2556
4967 2 2 1 1 2556 2586 2587
4968 2 2 1 1 2556 2587 2557
4969 2 2 1 1 2557 2587 2588
4970 2 2 1 1 2557 2588 2558
4971 2 2 1 1 2558 2588 2589
4972 2 2 1 1 2558 2589 2559
4973 2 2 1 1 2559 2589 2590
4974 2 2 1 1 2559 2590 2560
4975 2 2 1 1 2560 2590 2591
4976 2 2 1 1 2560 2591 2561
4977 2 2 1 1 2561 2591 2592
4978 2 2 1 1 2561 2592 2562
4979 2 2 1 1 2562 2592 2593
4980 2 2 1 1 2562 2593 2563
4981 2 2 1 1 2563 2593 2594
4982 2 2 1 1 2563 2594 2564
4983 2 2 1 1 2564 2594 2595
4984 2 2 1 1 2564 2595 2565
4985 2 2 1 1 2565 2595 2596
4986 2 2 1 1 2565 2596 2566
4987 2 2 1 1 2566 2596 2597
4988 2 2 1 1 2566 2597 2567
4989 2 2 1 1 2567 2597 2598
4990 2 2 1 1 2567 2598 2568
4991 2 2 1 1 2568 2598 1688
4992 2 2 1 1 2568 1688 1687
4993 2 2 1 1 1891 1922 2599
4994 2 2 1 1 1891 2599 2569
4995 2 2 1 1 2569 2599 2600
4996 2 2 1 1 2569 2600 2570
4997 2 2 1 1 2570 2600 2601
4998 2 2 1 1 2570 2601 2571
4999 2 2 1 1 2571 2601 2602
5000 2 2 1 1 2571 2602 2572
5001 2 2 1 1 2572 2602 2603
5002 2 2 1 1 2572 2603 2573
5003 2 2 1 1 2573 2603 2604
5004 2 2 1 1 2573 2604 2574
5005 2 2 1 1 2574 2604 2605
5006 2 2 1 1 2574 2605 2575
5007 2 2 1 1 2575 2605 2606
5008 2 2 1 1 2575 2606 2576
5009 2 2 1 1 2576 2606 2607
5010 2 2 1 1 2576 2607 2577
5011 2 2 1 1 2577 2607 2608
5012 2 2 1 1 2577 2608 2578
5013 2 2 1 1 2578 2608 2609
5014 2 2 1 1 2578 2609 2579
5015 2 2 1 1 2579 2609 2610
5016 2 2 1 1 2579 2610 2580
5017 2 2 1 1 2580 2610 2611
5018 2 2 1 1 2580 2611 2581
5019 2 2 1 1 2581 2611 2612
5020 2 2 1 1 2581 2612 2582
5021 2 2 1 1 2582 2612 2613
5022 2 2 1 1 2582 2613 2583
5023 2 2 1 1 2583 2613 2614
5024 2 2 1 1 2583 2614 2584
5025 2 2 1 1 2584 2614 2615
5026 2 2 1 1 2584 2615 2585
5027 2 2 1 1 2585 2615 2616
5028 2 2 1 1 2585 2616 2586
5029 2 2 1 1 2586 2616 2617
5030 2 2 1 1 2586 2617 2587
5031 2 2 1 1 2587 2617 2618
5032 2 2 1 1 2587 2618 2588
5033 2 2 1 1 2588 2618 2619
5034 2 2 1 1 2588 2619 2589
5035 2 2 1 1 2589 2619 2620
5036 2 2 1 1 2589 2620 2590
5037 2 2 1 1 2590 2620 2621
5038 2 2 1 1 2590 2621 2591
5039 2 2 1 1 2591 2621 2622
5040 2 2 1 1 2591 2622 2592
5041 2 2 1 1 2592 2622 2623
5042 2 2 1 1 2592 2623 2593
5043 2 2 1 1 2593 2623 2624
5044 2 2 1 1 2593 2624 2594
5045 2 2 1 1 2594 2624 2625
5046 2 2 1 1 2594 2625 2595
5047 2 2 1 1 2595 2625 2626
5048 2 2 1 1 2595 2626 2596
5049 2 2 1 1 2596 2626 2627
5050 2 2 1 1 2596 2627 2597
5051 2 2 1 1 2597 2627 2628
5052 2 2 1 1 2597 2628 2598
5053 2 2 1 1 2598 2628 1689
5054 2 2 1 1 2598 1689 1688
5055 2 2 1 1 1922 1953 2629
5056 2 2 1 1 1922 2629 2599
5057 2 2 1 1 2599 2629 2630
5058 2 2 1 1 2599 2630 2600
5059 2 2 1 1 2600 2630 2631
5060 2 2 1 1 2600 2631 2601
5061 2 2 1 1 2601 2631 2632
5062 2 2 1 1 2601 2632 2602
5063 2 2 1 1 2602 2632 2633
5064 2 2 1 1 2602 2633 2603
5065 2 2 1 1 2603 2633 2634
5066 2 2 1 1 2603 2634 2604
5067 2 2 1 1 2604 2634 2635
5068 2 2 1 1 2604 2635 2605
5069 2 2 1 1 2605 2635 2636
5070 2 2 1 1 2605 2636 2606
5071 2 2 1 1 2606 2636 2637
5072 2 2 1 1 2606 2637 2607
5073 2 2 1 1 2607 2637 2638
5074 2 2 1 1 2607 2638 2608
5075 2 2 1 1 2608 2638 2639
5076 2 2 1 1 2608 2639 2609
5077 2 2 1 1 2609 2639 2640
5078 2 2 1 1 2609 2640 2610
5079 2 2 1 1 2610 2640 2641
5080 2 2 1 1 2610 2641 2611
5081 2 2 1 1 2611 2641 2642
5082 2 2 1 1 2611 2642 2612
5083 2 2 1 1 2612 2642 2643
5084 2 2 1 1 2612 2643 2613
5085 2 2 1 1 2613 2643 2644
5086 2 2 1 1 2613 2644 2614
5087 2 2 1 1 2614 2644 2645
5088 2 2 1 1 2614 2645 2615
5089 2 2 1 1 2615 2645 2646
5090 2 2 1 1 2615 2646 2616
5091 2 2 1 1 2616 2646 2647
5092 2 2 1 1 2616 2647 2617
5093 2 2 1 1 2617 2647 2648
5094 2 2 1 1 2617 2648 2618
5095 2 2 1 1 2618 2648 2649
5096 2 2 1 1 2618 2649 2619
5097 2 2 1 1 2619 2649 2650
5098 2 2 1 1 2619 2650 2620
5099 2 2 1 1 2620 2650 2651
5100 2 2 1 1 2620 2651 2621
5101 2 2 1 1 2621 2651 2652
5102 2 2 1 1 2621 2652 2622
5103 2 2 1 1 2622 2652 2653
5104 2 2 1 1 2622 2653 2623
5105 2 2 1 1 2623 2653 2654
5106 2 2 1 1 2623 2654 2624
5107 2 2 1 1 2624 2654 2655
5108 2 2 1 1 2624 2655 2625
5109 2 2 1 1 2625 2655 2656
5110 2 2 1 1 2625 2656 2626
5111 2 2 1 1 2626 2656 2657
5112 2 2 1 1 2626 2657 2627
5113 2 2 1 1 2627 2657 2658
5114 2 2 1 1 2627 2658 2628
5115 2 2 1 1 2628 2658 1690
5116 2 2 1 1 2628 1690 1689
5117 2 2 1 1 1953 1984 2659
5118 2 2 1 1 1953 2659 2629
5119 2 2 1 1 2629 2659 2660
5120 2 2 1 1 2629 2660 2630
5121 2 2 1 1 2630 2660 2661
5122 2 2 1 1 2630 2661 2631
5123 2 2 1 1 2631 2661 2662
5124 2 2 1 1 2631 2662 2632
5125 2 2 1 1 2632 2662 2663
5126 2 2 1 1 2632 2663 2633
5127 2 2 1 1 2633 2663 2664
5128 2 2 1 1 2633 2664 2634
5129 2 2 1 1 2634 2664 2665
5130 2 2 1 1 2634 2665 2635
5131 2 2 1 1 2635 2665 2666
5132 2 2 1 1 2635 2666 2636
5133 2 2 1 1 2636 2666 2667
5134 2 2 1 1 2636 2667 2637
5135 2 2 1 1 2637 2667 2668
5136 2 2 1 1 2637 2668 2638
5137 2 2 1 1 2638 2668 2669
5138 2 2 1 1 2638 2669 2639
5139 2 2 1 1 2639 2669 2670
5140 2 2 1 1 2639 2670 2640
5141 2 2 1 1 2640 2670 2671
5142 2 2 1 1 2640 2671 2641
5143 2 2 1 1 2641 2671 2672
5144 2 2 1 1 2641 2672 2642
5145 2 2 1 1 2642 2672 2673
5146 2 2 1 1 2642 2673 2643
5147 2 2 1 1 2643 2673 2674
5148 2 2 1 1 2643 2674 2644
5149 2 2 1 1 2644 2674 2675
5150 2 2 1 1 2644 2675 2645
5151 2 2 1 1 2645 2675 2676
5152 2 2 1 1 2645 2676 2646
5153 2 2 1 1 2646 2676 2677
5154 2 2 1 1 2646 2677 2647
5155 2 2 1 1 2647 2677 2678
5156 2 2 1 1 2647 2678 2648
5157 2 2 1 1 2648 2678 2679
5158 2 2 1 1 2648 2679 2649
5159 2 2 1 1 2649 2679 2680
5160 2 2 1 1 2649 2680 2650
5161 2 2 1 1 2650 2680 2681
5162 2 2 1 1 2650 2681 2651
5163 2 2 1 1 2651 2681 2682
5164 2 2 1 1 2651 2682 2652
5165 2 2 1 1 2652 2682 2683
5166 2 2 1 1 2652 2683 2653
5167 2 2 1 1 2653 2683 2684
5168 2 2 1 1 2653 2684 2654
5169 2 2 1 1 2654 2684 2685
5170 2 2 1 1 2654 2685 2655
5171 2 2 1 1 2655 2685 2686
5172 2 2 1 1 2655 2686 2656
5173 2 2 1 1 2656 2686 2687
5174 2 2 1 1 2656 2687 2657
5175 2 2 1 1 2657 2687 2688
5176 2 2 1 1 2657 2688 2658
5177 2 2 1 1 2658 2688 1691
5178 2 2 1 1 2658 1691 1690
5179 2 2 1 1 1984 2015 2689
5180 2 2 1 1 1984 2689 2659
5181 2 2 1 1 2659 2689 2690
5182 2 2 1 1 2659 2690 2660
5183 2 2 1 1 2660 2690 2691
5184 2 2 1 1 2660 2691 2661
5185 2 2 1 1 2661 2691 2692
5186 2 2 1 1 2661 2692 2662
5187 2 2 1 1 2662 2692 2693
5188 2 2 1 1 2662 2693 2663
5189 2 2 1 1 2663 2693 2694
5190 2 2 1 1 2663 2694 2664
5191 2 2 1 1 2664 2694 2695
5192 2 2 1 1 2664 2695 2665
5193 2 2 1 1 2665 2695 2696
5194 2 2 1 1 2665 2696 2666
5195 2 2 1 1 2666 2696 2697
5196 2 2 1 1 2666 2697 2667
5197 2 2 1 1 2667 2697 2698
5198 2 2 1 1 2667 2698 2668
5199 2 2 1 1 2668 2698 2699
5200 2 2 1 1 2668 2699 2669
5201 2 2 1 1 2669 2699 2700
5202 2 2 1 1 2669 2700 2670
5203 2 2 1 1 2670 2700 2701
5204 2 2 1 1 2670 2701 2671
5205 2 2 1 1 2671 2701 2702
5206 2 2 1 1 2671 2702 2672
5207 2 2 1 1 2672 2702 2703
5208 2 2 1 1 2672 2703 2673
5209 2 2 1 1 2673 2703 2704
5210 2 2 1 1 2673 2704 2674
5211 2 2 1 1 2674 2704 2705
5212 2 2 1 1 2674 2705 2675
5213 2 2 1 1 2675 2705 2706
5214 2 2 1 1 2675 2706 2676
5215 2 2 1 1 2676 2706 2707
5216 2 2 1 1 2676 2707 2677
5217 2 2 1 1 2677 2707 2708
5218 2 2 1 1 2677 2708 2678
5219 2 2 1 1 2678 2708 2709
5220 2 2 1 1 2678 2709 2679
5221 2 2 1 1 2679 2709 2710
5222 2 2 1 1 2679 2710 2680
5223 2 2 1 1 2680 2710 2711
5224 2 2 1 1 2680 2711 2681
5225 2 2 1 1 2681 2711 2712
5226 2 2 1 1 2681 2712 2682
5227 2 2 1 1 2682 2712 2713
5228 2 2 1 1 2682 2713 2683
5229 2 2 1 1 2683 2713 2714
5230 2 2 1 1 2683 2714 2684
5231 2 2 1 1 2684 2714 2715
5232 2 2 1 1 2684 2715 2685
5233 2 2 1 1 2685 2715 2716
5234 2 2 1 1 2685 2716 2686
5235 2 2 1 1 2686 2716 2717
5236 2 2 1 1 2686 2717 2687
5237 2 2 1 1 2687 2717 2718
5238 2 2 1 1 2687 2718 2688
5239 2 2 1 1 2688 2718 1692
5240 2 2 1 1 2688 1692 1691
5241 2 2 1 1 2015 2046 2719
5242 2 2 1 1 2015 2719 2689
5243 2 2 1 1 2689 2719 2720
5244 2 2 1 1 2689 2720 2690
5245 2 2 1 1 2690 2720 2721
5246 2 2 1 1 2690 2721 2691
5247 2 2 1 1 2691 2721 2722
5248 2 2 1 1 2691 2722 2692
5249 2 2 1 1 2692 2722 2723
5250 2 2 1 1 2692 2723 2693
5251 2 2 1 1 2693 2723 2724
5252 2 2 1 1 2693 2724 2694
5253 2 2 1 1 2694 2724 2725
5254 2 2 1 1 2694 2725 2695
5255 2 2 1 1 2695 2725 2726
5256 2 2 1 1 2695 2726 2696
5257 2 2 1 1 2696 2726 2727
5258 2 2 1 1 2696 2727 2697
5259 2 2 1 1 2697 2727 2728
5260 2 2 1 1 2697 2728 2698
5261 2 2 1 1 2698 2728 2729
5262 2 2 1 1 2698 2729 2699
5263 2 2 1 1 2699 2729 2730
5264 2 2 1 1 2699 2730 2700
5265 2 2 1 1 2700 2730 2731
5266 2 2 1 1 2700 2731 2701
5267 2 2 1 1 2701 2731 2732
5268 2 2 1 1 2701 2732 2702
5269 2 2 1 1 2702 2732 2733
5270 2 2 1 1 2702 2733 2703
5271 2 2 1 1 2703 2733 2734
5272 2 2 1 1 2703 2734 2704
5273 2 2 1 1 2704 2734 2735
5274 2 2 1 1 2704 2735 2705
5275 2 2 1 1 2705 2735 2736
5276 2 2 1 1 2705 2736 2706
5277 2 2 1 1 2706 2736 2737
5278 2 2 1 1 2706 2737 2707
5279 2 2 1 1 2707 2737 2738
5280 2 2 1 1 2707 2738 2708
5281 2 2 1 1 2708 2738 2739
5282 2 2 1 1 2708 2739 2709
5283 2 2 1 1 2709 2739 2740
5284 2 2 1 1 2709 2740 2710
5285 2 2 1 1 2710 2740 2741
5286 2 2 1 1 2710 2741 2711
5287 2 2 1 1 2711 2741 2742
5288 2 2 1 1 2711 2742 2712
5289 2 2 1 1 2712 2742 2743
5290 2 2 1 1 2712 2743 2713
5291 2 2 1 1 2713 2743 2744
5292 2 2 1 1 2713 2744 2714
5293 2 2 1 1 2714 2744 2745
5294 2 2 1 1 2714 2745 2715
5295 2 2 1 1 2715 2745 2746
5296 2 2 1 1 2715 2746 2716
5297 2 2 1 1 2716 2746 2747
5298 2 2 1 1 2716 2747 2717
5299 2 2 1 1 2717 2747 2748
5300 2 2 1 1 2717 2748 2718
5301 2 2 1 1 2718 2748 1693
5302 2 2 1 1 2718 1693 1692
5303 2 2 1 1 2046 2077 2749
5304 2 2 1 1 2046 2749 2719
5305 2 2 1 1 2719 2749 2750
5306 2 2 1 1 2719 2750 2720
5307 2 2 1 1 2720 2750 2751
5308 2 2 1 1 2720 2751 2721
5309 2 2 1 1 2721 2751 2752
5310 2 2 1 1 2721 2752 2722
5311 2 2 1 1 2722 2752 2753
5312 2 2 1 1 2722 2753 2723
5313 2 2 1 1 2723 2753 2754
5314 2 2 1 1 2723 2754 2724
5315 2 2 1 1 2724 2754 2755
5316 2 2 1 1 2724 2755 2725
5317 2 2 1 1 2725 2755 2756
5318 2 2 1 1 2725 2756 2726
5319 2 2 1 1 2726 2756 2757
5320 2 2 1 1 2726 2757 2727
5321 2 2 1 1 2727 2757 2758
5322 2 2 1 1 2727 2758 2728
5323 2 2 1 1 2728 2758 2759
5324 2 2 1 1 2728 2759 2729
5325 2 2 1 1 2729 2759 2760
5326 2 2 1 1 2729 2760 2730
5327 2 2 1 1 2730 2760 2761
5328 2 2 1 1 2730 2761 2731
5329 2 2 1 1 2731 2761 2762
5330 2 2 1 1 2731 2762 2732
5331 2 2 1 1 2732 2762 2763
5332 2 2 1 1 2732 2763 2733
5333 2 2 1 1 2733 2763 2764
5334 2 2 1 1 2733 2764 2734
5335 2 2 1 1 2734 2764 2765
5336 2 2 1 1 2734 2765 2735
5337 2 2 1 1 2735 2765 2766
5338 2 2 1 1 2735 2766 2736
5339 2 2 1 1 2736 2766 2767
5340 2 2 1 1 2736 2767 2737
5341 2 2 1 1 2737 2767 2768
5342 2 2 1 1 2737 2768 2738
5343 2 2 1 1 2738 2768 2769
5344 2 2 1 1 2738 2769 2739
5345 2 2 1 1 2739 2769 2770
5346 2 2 1 1 2739 2770 2740
5347 2 2 1 1 2740 2770 2771
5348 2 2 1 1 2740 2771 2741
5349 2 2 1 1 2741 2771 2772
5350 2 2 1 1 2741 2772 2742
5351 2 2 1 1 2742 2772 2773
5352 2 2 1 1 2742 2773 2743
5353 2 2 1 1 2743 2773 2774
5354 2 2 1 1 2743 2774 2744
5355 2 2 1 1 2744 2774 2775
5356 2 2 1 1 2744 2775 2745
5357 2 2 1 1 2745 2775 2776
5358 2 2 1 1 2745 2776 2746
5359 2 2 1 1 2746 2776 2777
5360 2 2 1 1 2746 2777 2747
5361 2 2 1 1 2747 2777 2778
5362 2 2 1 1 2747 2778 2748
5363 2 2 1 1 2748 2778 1694
5364 2 2 1 1 2748 1694 1693
5365 2 2 1 1 2077 2108 2779
5366 2 2 1 1 2077 2779 2749
5367 2 2 1 1 2749 2779 2780
5368 2 2 1 1 2749 2780 2750
5369 2 2 1 1 2750 2780 2781
5370 2 2 1 1 2750 2781 2751
5371 2 2 1 1 2751 2781 2782
5372 2 2 1 1 2751 2782 2752
5373 2 2 1 1 2752 2782 2783
5374 2 2 1 1 2752 2783 2753
5375 2 2 1 1 2753 2783 2784
5376 2 2 1 1 2753 2784 2754
5377 2 2 1 1 2754 2784 2785
5378 2 2 1 1 2754 2785 2755
5379 2 2 1 1 2755 2785 2786
5380 2 2 1 1 2755 2786 2756
5381 2 2 1 1 2756 2786 2787
5382 2 2 1 1 2756 2787 2757
5383 2 2 1 1 2757 2787 2788
5384 2 2 1 1 2757 2788 2758
5385 2 2 1 1 2758 2788 2789
5386 2 2 1 1 2758 2789 2759
5387 2 2 1 1 2759 2789 2790
5388 2 2 1 1 2759 2790 2760
5389 2 2 1 1 2760 2790 2791
5390 2 2 1 1 2760 2791 2761
5391 2 2 1 1 2761 2791 2792
5392 2 2 1 1 2761 2792 2762
5393 2 2 1 1 2762 2792 2793
5394 2 2 1 1 2762 2793 2763
5395 2 2 1 1 2763 2793 2794
5396 2 2 1 1 2763 2794 2764
5397 2 2 1 1 2764 2794 2795
5398 2 2 1 1 2764 2795 2765
5399 2 2 1 1 2765 2795 2796
5400 2 2 1 1 2765 2796 2766
5401 2 2 1 1 2766 2796 2797
5402 2 2 1 1 2766 2797 2767
5403 2 2 1 1 2767 2797 2798
5404 2 2 1 1 2767 2798 2768
5405 2 2 1 1 2768 2798 2799
5406 2 2 1 1 2768 2799 2769
5407 2 2 1 1 2769 2799 2800
5408 2 2 1 1 2769 2800 2770
5409 2 2 1 1 2770 2800 2801
5410 2 2 1 1 2770 2801 2771
5411 2 2 1 1 2771 2801 2802
5412 2 2 1 1 2771 2802 2772
5413 2 2 1 1 2772 2802 2803
5414 2 2 1 1 2772 2803 2773
5415 2 2 1 1 2773 2803 2804
5416 2 2 1 1 2773 2804 2774
5417 2 2 1 1 2774 2804 2805
5418 2 2 1 1 2774 2805 2775
5419 2 2 1 1 2775 2805 2806
5420 2 2 1 1 2775 2806 2776
5421 2 2 1 1 2776 2806 2807
5422 2 2 1 1 2776 2807 2777
5423 2 2 1 1 2777 2807 2808
5424 2 2 1 1 2777 2808 2778
5425 2 2 1 1 2778 2808 1695
5426 2 2 1 1 2778 1695 1694
5427 2 2 1 1 2108 2139 2809
5428 2 2 1 1 2108 2809 2779
5429 2 2 1 1 2779 2809 2810
5430 2 2 1 1 2779 2810 2780
5431 2 2 1 1 2780 2810 2811
5432 2 2 1 1 2780 2811 2781
5433 2 2 1 1 2781 2811 2812
5434 2 2 1 1 2781 2812 2782
5435 2 2 1 1 2782 2812 2813
5436 2 2 1 1 2782 2813 2783
5437 2 2 1 1 2783 2813 2814
5438 2 2 1 1 2783 2814 2784
5439 2 2 1 1 2784 2814 2815
5440 2 2 1 1 2784 2815 2785
5441 2 2 1 1 2785 2815 2816
5442 2 2 1 1 2785 2816 2786
5443 2 2 1 1 2786 2816 2817
5444 2 2 1 1 2786 2817 2787
5445 2 2 1 1 2787 2817 2818
5446 2 2 1 1 2787 2818 2788
5447 2 2 1 1 2788 2818 2819
5448 2 2 1 1 2788 2819 2789
5449 2 2 1 1 2789 2819 2820
5450 2 2 1 1 2789 2820 2790
5451 2 2 1 1 2790 2820 2821
5452 2 2 1 1 2790 2821 2791
5453 2 2 1 1 2791 2821 2822
5454 2 2 1 1 2791 2822 2792
5455 2 2 1 1 2792 2822 2823
5456 2 2 1 1 2792 2823 2793
5457 2 2 1 1 2793 2823 2824
5458 2 2 1 1 2793 2824 2794
5459 2 2 1 1 2794 2824 2825
5460 2 2 1 1 2794 2825 2795
5461 2 2 1 1 2795 2825 2826
5462 2 2 1 1 2795 2826 2796
5463 2 2 1 1 2796 2826 2827
5464 2 2 1 1 2796 2827 2797
5465 2 2 1 1 2797 2827 2828
5466 2 2 1 1 2797 2828 2798
5467 2 2 1 1 2798 2828 2829
5468 2 2 1 1 2798 2829 2799
5469 2 2 1 1 2799 2829 2830
5470 2 2 1 1 2799 2830 2800
5471 2 2 1 1 2800 2830 2831
5472 2 2 1 1 2800 2831 2801
5473 2 2 1 1 2801 2831 2832
5474 2 2 1 1 2801 2832 2802
5475 2 2 1 1 2802 2832 2833
5476 2 2 1 1 2802 2833 2803
5477 2 2 1 1 2803 2833 2834
5478 2 2 1 1 2803 2834 2804
5479 2 2 1 1 2804 2834 2835
5480 2 2 1 1 2804 2835 2805
5481 2 2 1 1 2805 2835 2836
5482 2 2 1 1 2805 2836 2806
5483 2 2 1 1 2806 2836 2837
5484 2 2 1 1 2806 2837 2807
5485 2 2 1 1 2807 2837 2838
5486 2 2 1 1 2807 2838 2808
5487 2 2 1 1 2808 2838 1696
5488 2 2 1 1 2808 1696 1695
5489 2 2 1 1 2139 2170 2839
5490 2 2 1 1 2139 2839 2809
5491 2 2 1 1 2809 2839 2840
5492 2 2 1 1 2809 2840 2810
5493 2 2 1 1 2810 2840 2841
5494 2 2 1 1 2810 2841 2811
5495 2 2 1 1 2811 2841 2842
5496 2 2 1 1 2811 2842 2812
5497 2 2 1 1 2812 2842 2843
5498 2 2 1 1 2812 2843 2813
5499 2 2 1 1 2813 2843 2844
5500 2 2 1 1 2813 2844 2814
5501 2 2 1 1 2814 2844 2845
5502 2 2 1 1 2814 2845 2815
5503 2 2 1 1 2815 2845 2846
5504 2 2 1 1 2815 2846 2816
5505 2 2 1 1 2816 2846 2847
5506 2 2 1 1 2816 2847 2817
5507 2 2 1 1 2817 2847 2848
5508 2 2 1 1 2817 2848 2818
5509 2 2 1 1 2818 2848 2849
5510 2 2 1 1 2818 2849 2819
5511 2 2 1 1 2819 2849 2850
5512 2 2 1 1 2819 2850 2820
5513 2 2 1 1 2820 2850 2851
5514 2 2 1 1 2820 2851 2821
5515 2 2 1 1 2821 2851 2852
5516 2 2 1 1 2821 2852 2822
5517 2 2 1 1 2822 2852 2853
5518 2 2 1 1 2822 2853 2823
5519 2 2 1 1 2823 2853 2854
5520 2 2 1 1 2823 2854 2824
5521 2 2 1 1 2824 2854 2855
5522 2 2 1 1 2824 2855 2825
5523 2 2 1 1 2825 2855 2856
5524 2 2 1 1 2825 2856 2826
5525 2 2 1 1 2826 2856 2857
5526 2 2 1 1 2826 2857 2827
5527 2 2 1 1 2827 2857 2858
5528 2 2 1 1 2827 2858 2828
5529 2 2 1 1 2828 2858 2859
5530 2 2 1 1 2828 2859 2829
5531 2 2 1 1 2829 2859 2860
5532 2 2 1 1 2829 2860 2830
5533 2 2 1 1 2830 2860 2861
5534 2 2 1 1 2830 2861 2831
5535 2 2 1 1 2831 2861 2862
5536 2 2 1 1 2831 2862 2832
5537 2 2 1 1 2832 2862 2863
5538 2 2 1 1 2832 2863 2833
5539 2 2 1 1 2833 2863 2864
5540 2 2 1 1 2833 2864 2834
5541 2 2 1 1 2834 2864 2865
5542 2 2 1 1 2834 2865 2835
5543 2 2 1 1 2835 2865 2866
5544 2 2 1 1 2835 2866 2836
5545 2 2 1 1 2836 2866 2867
5546 2 2 1 1 2836 2867 2837
5547 2 2 1 1 2837 2867 2868
5548 2 2 1 1 2837 2868 2838
5549 2 2 1 1 2838 2868 1697
5550 2 2 1 1 2838 1697 1696
5551 2 2 1 1 2170 2201 2869
5552 2 2 1 1 2170 2869 2839
5553 2 2 1 1 2839 2869 2870
5554 2 2 1 1 2839 2870 2840
5555 2 2 1 1 2840 2870 2871
5556 2 2 1 1 2840 2871 2841
5557 2 2 1 1 2841 2871 2872
5558 2 2 1 1 2841 2872 2842
5559 2 2 1 1 2842 2872 2873
5560 2 2 1 1 2842 2873 2843
5561 2 2 1 1 2843 2873 2874
5562 2 2 1 1 2843 2874 2844
5563 2 2 1 1 2844 2874 2875
5564 2 2 1 1 2844 2875 2845
5565 2 2 1 1 2845 2875 2876
5566 2 2 1 1 2845 2876 2846
5567 2 2 1 1 2846 2876 2877
5568 2 2 1 1 2846 2877 2847
5569 2 2 1 1 2847 2877 2878
5570 2 2 1 1 2847 2878 2848
5571 2 2 1 1 2848 2878 2879
5572 2 2 1 1 2848 2879 2849
5573 2 2 1 1 2849 2879 2880
5574 2 2 1 1 2849 2880 2850
5575 2 2 1 1 2850 2880 2881
5576 2 2 1 1 2850 2881 2851
5577 2 2 1 1 2851 2881 2882
5578 2 2 1 1 2851 2882 2852
5579 2 2 1 1 2852 2882 2883
5580 2 2 1 1 2852 2883 2853
5581 2 2 1 1 2853 2883 2884
5582 2 2 1 1 2853 2884 2854
5583 2 2 1 1 2854 2884 2885
5584 2 2 1 1 2854 2885 2855
5585 2 2 1 1 2855 2885 2886
5586 2 2 1 1 2855 2886 2856
5587 2 2 1 1 2856 2886 2887
5588 2 2 1 1 2856 2887 2857
5589 2 2 1 1 2857 2887 2888
5590 2 2 1 1 2857 2888 2858
5591 2 2 1 1 2858 2888 2889
5592 2 2 1 1 2858 2889 2859
5593 2 2 1 1 2859 2889 2890
5594 2 2 1 1 2859 2890 2860
5595 2 2 1 1 2860 2890 2891
5596 2 2 1 1 2860 2891 2861
5597 2 2 1 1 2861 2891 2892
5598 2 2 1 1 2861 2892 2862
5599 2 2 1 1 2862 2892 2893
5600 2 2 1 1 2862 2893 2863
5601 2 2 1 1 2863 2893 2894
5602 2 2 1 1 2863 2894 2864
5603 2 2 1 1 2864 2894 2895
5604 2 2 1 1 2864 2895 2865
5605 2 2 1 1 2865 2895 2896
5606 2 2 1 1 2865 2896 2866
5607 2 2 1 1 2866 2896 2897
5608 2 2 1 1 2866 2897 2867
5609 2 2 1 1 2867 2897 2898
5610 2 2 1 1 2867 2898 2868
5611 2 2 1 1 2868 2898 1698
5612 2 2 1 1 2868 1698 1697
5613 2 2 1 1 2201 2232 2899
5614 2 2 1 1 2201 2899 2869
5615 2 2 1 1 2869 2899 2900
5616 2 2 1 1 2869 2900 2870
5617 2 2 1 1 2870 2900 2901
5618 2 2 1 1 2870 2901 2871
5619 2 2 1 1 2871 2901 2902
5620 2 2 1 1 2871 2902 2872
5621 2 2 1 1 2872 2902 2903
5622 2 2 1 1 2872 2903 2873
5623 2 2 1 1 2873 2903 2904
5624 2 2 1 1 2873 2904 2874
5625 2 2 1 1 2874 2904 2905
5626 2 2 1 1 2874 2905 2875
5627 2 2 1 1 2875 2905 2906
5628 2 2 1 1 2875 2906 2876
5629 2 2 1 1 2876 2906 2907
5630 2 2 1 1 2876 2907 2877
5631 2 2 1 1 2877 2907 2908
5632 2 2 1 1 2877 2908 2878
5633 2 2 1 1 2878 2908 2909
5634 2 2 1 1 2878 2909 2879
5635 2 2 1 1 2879 2909 2910
5636 2 2 1 1 2879 2910 2880
5637 2 2 1 1 2880 2910 2911
5638 2 2 1 1 2880 2911 2881
5639 2 2 1 1 2881 2911 2912
5640 2 2 1 1 2881 2912 2882
5641 2 2 1 1 2882 2912 2913
5642 2 2 1 1 2882 2913 2883
5643 2 2 1 1 2883 2913 2914
5644 2 2 1 1 2883 2914 2884
5645 2 2 1 1 2884 2914 2915
5646 2 2 1 1 2884 2915 2885
5647 2 2 1 1 2885 2915 2916
5648 2 2 1 1 2885 2916 2886
5649 2 2 1 1 2886 2916 2917
5650 2 2 1 1 2886 2917 2887
5651 2 2 1 1 2887 2917 2918
5652 2 2 1 1 2887 2918 2888
5653 2 2 1 1 2888 2918 2919
5654 2 2 1 1 2888 2919 2889
5655 2 2 1 1 2889 2919 2920
5656 2 2 1 1 2889 2920 2890
5657 2 2 1 1 2890 2920 2921
5658 2 2 1 1 2890 2921 2891
5659 2 2 1 1 2891 2921 2922
5660 2 2 1 1 2891 2922 2892
5661 2 2 1 1 2892 2922 2923
5662 2 2 1 1 2892 2923 2893
5663 2 2 1 1 2893 2923 2924
5664 2 2 1 1 2893 2924 2894
5665 2 2 1 1 2894 2924 2925
5666 2 2 1 1 2894 2925 2895
5667 2 2 1 1 2895 2925 2926
5668 2 2 1 1 2895 2926 2896
5669 2 2 1 1 2896 2926 2927
5670 2 2 1 1 2896 2927 2897
5671 2 2 1 1 2897 2927 2928
5672 2 2 1 1 2897 2928 2898
5673 2 2 1 1 2898 2928 1699
5674 2 2 1 1 2898 1699 1698
5675 2 2 1 1 2232 2263 2929
5676 2 2 1 1 2232 2929 2899
5677 2 2 1 1 2899 2929 2930
5678 2 2 1 1 2899 2930 2900
5679 2 2 1 1 2900 2930 2931
5680 2 2 1 1 2900 2931 2901
5681 2 2 1 1 2901 2931 2932
5682 2 2 1 1 2901 2932 2902
5683 2 2 1 1 2902 2932 2933
5684 2 2 1 1 2902 2933 2903
5685 2 2 1 1 2903 2933 2934
5686 2 2 1 1 2903 2934 2904
5687 2 2 1 1 2904 2934 2935
5688 2 2 1 1 2904 2935 2905
5689 2 2 1 1 2905 2935 2936
5690 2 2 1 1 2905 2936 2906
5691 2 2 1 1 2906 2936 2937
5692 2 2 1 1 2906 2937 2907
5693 2 2 1 1 2907 2937 2938
5694 2 2 1 1 2907 2938 2908
5695 2 2 1 1 2908 2938 2939
5696 2 2 1 1 2908 2939 2909
5697 2 2 1 1 2909 2939 2940
5698 2 2 1 1 2909 2940 2910
5699 2 2 1 1 2910 2940 2941
5700 2 2 1 1 2910 2941 2911
5701 2 2 1 1 2911 2941 2942
5702 2 2 1 1 2911 2942 2912
5703 2 2 1 1 2912 2942 2943
5704 2 2 1 1 2912 2943 2913
5705 2 2 1 1 2913 2943 2944
5706 2 2 1 1 2913 2944 2914
5707 2 2 1 1 2914 2944 2945
5708 2 2 1 1 2914 2945 2915
5709 2 2 1 1 2915 2945 2946
5710 2 2 1 1 2915 2946 2916
5711 2 2 1 1 2916 2946 2947
5712 2 2 1 1 2916 2947 2917
5713 2 2 1 1 2917 2947 2948
5714 2 2 1 1 2917 2948 2918
5715 2 2 1 1 2918 2948 2949
5716 2 2 1 1 2918 2949 2919
5717 2 2 1 1 2919 2949 2950
5718 2 2 1 1 2919 2950 2920
5719 2 2 1 1 2920 2950 2951
5720 2 2 1 1 2920 2951 2921
5721 2 2 1 1 2921 2951 2952
5722 2 2 1 1 2921 2952 2922
5723 2 2 1 1 2922 2952 2953
5724 2 2 1 1 2922 2953 2923
5725 2 2 1 1 2923 2953 2954
5726 2 2 1 1 2923 2954 2924
5727 2 2 1 1 2924 2954 2955
5728 2 2 1 1 2924 2955 2925
5729 2 2 1 1 2925 2955 2956
5730 2 2 1 1 2925 2956 2926
5731 2 2 1 1 2926 2956 2957
5732 2 2 1 1 2926 2957 2927
5733 2 2 1 1 2927 2957 2958
5734 2 2 1 1 2927 2958 2928
5735 2 2 1 1 2928 2958 1700
5736 2 2 1 1 2928 1700 1699
5737 2 2 1 1 2263 2294 2959
5738 2 2 1 1 2263 2959 2929
5739 2 2 1 1 2929 2959 2960
5740 2 2 1 1 2929 2960 2930
5741 2 2 1 1 2930 2960 2961
5742 2 2 1 1 2930 2961 2931
5743 2 2 1 1 2931 2961 2962
5744 2 2 1 1 2931 2962 2932
5745 2 2 1 1 2932 2962 2963
5746 2 2 1 1 2932 2963 2933
5747 2 2 1 1 2933 2963 2964
5748 2 2 1 1 2933 2964 2934
5749 2 2 1 1 2934 2964 2965
5750 2 2 1 1 2934 2965 2935
5751 2 2 1 1 2935 2965 2966
5752 2 2 1 1 2935 2966 2936
5753 2 2 1 1 2936 2966 2967
5754 2 2 1 1 2936 2967 2937
5755 2 2 1 1 2937 2967 2968
5756 2 2 1 1 2937 2968 2938
5757 2 2 1 1 2938 2968 2969
5758 2 2 1 1 2938 2969 2939
5759 2 2 1 1 2939 2969 2970
5760 2 2 1 1 2939 2970 2940
5761 2 2 1 1 2940 2970 2971
5762 2 2 1 1 2940 2971 2941
5763 2 2 1 1 2941 2971 2972
5764 2 2 1 1 2941 2972 2942
5765 2 2 1 1 2942 2972 2973
5766 2 2 1 1 2942 2973 2943
5767 2 2 1 1 2943 2973 2974
5768 2 2 1 1 2943 2974 2944
5769 2 2 1 1 2944 2974 2975
5770 2 2 1 1 2944 2975 2945
5771 2 2 1 1 2945 2975 2976
5772 2 2 1 1 2945 2976 2946
5773 2 2 1 1 2946 2976 2977
5774 2 2 1 1 2946 2977 2947
5775 2 2 1 1 2947 2977 2978
5776 2 2 1 1 2947 2978 2948
5777 2 2 1 1 2948 2978 2979
5778 2 2 1 1 2948 2979 2949
5779 2 2 1 1 2949 2979 2980
5780 2 2 1 1 2949 2980 2950
5781 2 2 1 1 2950 2980 2981
5782 2 2 1 1 2950 2981 2951
5783 2 2 1 1 2951 2981 2982
5784 2 2 1 1 2951 2982 2952
5785 2 2 1 1 2952 2982 2983
5786 2 2 1 1 2952 2983 2953
5787 2 2 1 1 2953 2983 2984
5788 2 2 1 1 2953 2984 2954
5789 2 2 1 1 2954 2984 2985
5790 2 2 1 1 2954 2985 2955
5791 2 2 1 1 2955 2985 2986
5792 2 2 1 1 2955 2986 2956
5793 2 2 1 1 2956 2986 2987
5794 2 2 1 1 2956 2987 2957
5795 2 2 1 1 2957 2987 2988
5796 2 2 1 1 2957 2988 2958
5797 2 2 1 1 2958 2988 1701
5798 2 2 1 1 2958 1701 1700
5799 2 2 1 1 2294 2325 2989
5800 2 2 1 1 2294 2989 2959
5801 2 2 1 1 2959 2989 2990
5802 2 2 1 1 2959 2990 2960
5803 2 2 1 1 2960 2990 2991
5804 2 2 1 1 2960 2991 2961
5805 2 2 1 1 2961 2991 2992
5806 2 2 1 1 2961 2992 2962
5807 2 2 1 1 2962 2992 2993
5808 2 2 1 1 2962 2993 2963
5809 2 2 1 1 2963 2993 2994
5810 2 2 1 1 2963 2994 2964
5811 2 2 1 1 2964 2994 2995
5812 2 2 1 1 2964 2995 2965
5813 2 2 1 1 2965 2995 2996
5814 2 2 1 1 2965 2996 2966
5815 2 2 1 1 2966 2996 2997
5816 2 2 1 1 2966 2997 2967
5817 2 2 1 1 2967 2997 2998
5818 2 2 1 1 2967 2998 2968
5819 2 2 1 1 2968 2998 2999
5820 2 2 1 1 2968 2999 2969
5821 2 2 1 1 2969 2999 3000
5822 2 2 1 1 2969 3000 2970
5823 2 2 1 1 2970 3000 3001
5824 2 2 1 1 2970 3001 2971
5825 2 2 1 1 2971 3001 3002
5826 2 2 1 1 2971 3002 2972
5827 2 2 1 1 2972 3002 3003
5828 2 2 1 1 2972 3003 2973
5829 2 2 1 1 2973 3003 3004
5830 2 2 1 1 2973 3004 2974
5831 2 2 1 1 2974 3004 3005
5832 2 2 1 1 2974 3005 2975
5833 2 2 1 1 2975 3005 3006
5834 2 2 1 1 2975 3006 2976
5835 2 2 1 1 2976 3006 3007
5836 2 2 1 1 2976 3007 2977
5837 2 2 1 1 2977 3007 3008
5838 2 2 1 1 2977 3008 2978
5839 2 2 1 1 2978 3008 3009
5840 2 2 1 1 2978 3009 2979
5841 2 2 1 1 2979 3009 3010
5842 2 2 1 1 2979 3010 2980
5843 2 2 1 1 2980 3010 3011
5844 2 2 1 1 2980 3011 2981
5845 2 2 1 1 2981 3011 3012
5846 2 2 1 1 2981 3012 2982
5847 2 2 1 1 2982 3012 3013
5848 2 2 1 1 2982 3013 2983
5849 2 2 1 1 2983 3013 3014
5850 2 2 1 1 2983 3014 2984
5851 2 2 1 1 2984 3014 3015
5852 2 2 1 1 2984 3015 2985
5853 2 2 1 1 2985 3015 3016
5854 2 2 1 1 2985 3016 2986
5855 2 2 1 1 2986 3016 3017
5856 2 2 1 1 2986 3017 2987
5857 2 2 1 1 2987 3017 3018
5858 2 2 1 1 2987 3018 2988
5859 2 2 1 1 2988 3018 1702
5860 2 2 1 1 2988 1702 1701
5861 2 2 1 1 2325 2356 3019
5862 2 2 1 1 2325 3019 2989
5863 2 2 1 1 2989 3019 3020
5864 2 2 1 1 2989 3020 2990
5865 2 2 1 1 2990 3020 3021
5866 2 2 1 1 2990 3021 2991
5867 2 2 1 1 2991 3021 3022
5868 2 2 1 1 2991 3022 2992
5869 2 2 1 1 2992 3022 3023
5870 2 2 1 1 2992 3023 2993
5871 2 2 1 1 2993 3023 3024
5872 2 2 1 1 2993 3024 2994
5873 2 2 1 1 2994 3024 3025
5874 2 2 1 1 2994 3025 2995
5875 2 2 1 1 2995 3025 3026
5876 2 2 1 1 2995 3026 2996
5877 2 2 1 1 2996 3026 3027
5878 2 2 1 1 2996 3027 2997
5879 2 2 1 1 2997 3027 3028
5880 2 2 1 1 2997 3028 2998
5881 2 2 1 1 2998 3028 3029
5882 2 2 1 1 2998 3029 2999
5883 2 2 1 1 2999 3029 3030
5884 2 2 1 1 2999 3030 3000
5885 2 2 1 1 3000 3030 3031
5886 2 2 1 1 3000 3031 3001
5887 2 2 1 1 3001 3031 3032
5888 2 2 1 1 3001 3032 3002
5889 2 2 1 1 3002 3032 3033
5890 2 2 1 1 3002 3033 3003
5891 2 2 1 1 3003 3033 3034
5892 2 2 1 1 3003 3034 3004
5893 2 2 1 1 3004 3034 3035
5894 2 2 1 1 3004 3035 3005
5895 2 2 1 1 3005 3035 3036
5896 2 2 1 1 3005 3036 3006
5897 2 2 1 1 3006 3036 3037
5898 2 2 1 1 3006 3037 3007
5899 2 2 1 1 3007 3037 3038
5900 2 2 1 1 3007 3038 3008
5901 2 2 1 1 3008 3038 3039
5902 2 2 1 1 3008 3039 3009
5903 2 2 1 1 3009 3039 3040
5904 2 2 1 1 3009 3040 3010
5905 2 2 1 1 3010 3040 3041
5906 2 2 1 1 3010 3041 3011
5907 2 2 1 1 3011 3041 3042
5908 2 2 1 1 3011 3042 3012
5909 2 2 1 1 3012 3042 3043
5910 2 2 1 1 3012 3043 3013
5911 2 2 1 1 3013 3043 3044
5912 2 2 1 1 3013 3044 3014
5913 2 2 1 1 3014 3044 3045
5914 2 2 1 1 3014 3045 3015
5915 2 2 1 1 3015 3045 3046
5916 2 2 1 1 3015 3046 3016
5917 2 2 1 1 3016 3046 3047
5918 2 2 1 1 3016 3047 3017
5919 2 2 1 1 3017 3047 3048
5920 2 2 1 1 3017 3048 3018
5921 2 2 1 1 3018 3048 1703
5922 2 2 1 1 3018 1703 1702
5923 2 2 1 1 2356 2387 3049
5924 2 2 1 1 2356 3049 3019
5925 2 2 1 1 3019 3049 3050
5926 2 2 1 1 3019 3050 3020
5927 2 2 1 1 3020 3050 3051
5928 2 2 1 1 3020 3051 3021
5929 2 2 1 1 3021 3051 3052
5930 2 2 1 1 3021 3052 3022
5931 2 2 1 1 3022 3052 3053
5932 2 2 1 1 3022 3053 3023
5933 2 2 1 1 3023 3053 3054
5934 2 2 1 1 3023 3054 3024
5935 2 2 1 1 3024 3054 3055
5936 2 2 1 1 3024 3055 3025
5937 2 2 1 1 3025 3055 3056
5938 2 2 1 1 3025 3056 3026
5939 2 2 1 1 3026 3056 3057
5940 2 2 1 1 3026 3057 3027
5941 2 2 1 1 3027 3057 3058
5942 2 2 1 1 3027 3058 3028
5943 2 2 1 1 3028 3058 3059
5944 2 2 1 1 3028 3059 3029
5945 2 2 1 1 3029 3059 3060
5946 2 2 1 1 3029 3060 3030
5947 2 2 1 1 3030 3060 3061
5948 2 2 1 1 3030 3061 3031
5949 2 2 1 1 3031 3061 3062
5950 2 2 1 1 3031 3062 3032
5951 2 2 1 1 3032 3062 3063
5952 2 2 1 1 3032 3063 3033
5953 2 2 1 1 3033 3063 3064
5954 2 2 1 1 3033 3064 3034
5955 2 2 1 1 3034 3064 3065
5956 2 2 1 1 3034 3065 3035
5957 2 2 1 1 3035 3065 3066
5958 2 2 1 1 3035 3066 3036
5959 2 2 1 1 3036 3066 3067
5960 2 2 1 1 3036 3067 3037
5961 2 2 1 1 3037 3067 3068
5962 2 2 1 1 3037 3068 3038
5963 2 2 1 1 3038 3068 3069
5964 2 2 1 1 3038 3069 3039
5965 2 2 1 1 3039 3069 3070
5966 2 2 1 1 3039 3070 3040
5967 2 2 1 1 3040 3070 3071
5968 2 2 1 1 3040 3071 3041
5969 2 2 1 1 3041 3071 3072
5970 2 2 1 1 3041 3072 3042
5971 2 2 1 1 3042 3072 3073
5972 2 2 1 1 3042 3073 3043
5973 2 2 1 1 3043 3073 3074
5974 2 2 1 1 3043 3074 3044
5975 2 2 1 1 3044 3074 3075
5976 2 2 1 1 3044 3075 3045
5977 2 2 1 1 3045 3075 3076
5978 2 2 1 1 3045 3076 3046
5979 2 2 1 1 3046 3076 3077
5980 2 2 1 1 3046 3077 3047
5981 2 2 1 1 3047 3077 3078
5982 2 2 1 1 3047 3078 3048
5983 2 2 1 1 3048 3078 1704
5984 2 2 1 1 3048 1704 1703
5985 2 2 1 1 2387 2418 3079
5986 2 2 1 1 2387 3079 3049
5987 2 2 1 1 3049 3079 3080
5988 2 2 1 1 3049 3080 3050
5989 2 2 1 1 3050 3080 3081
5990 2 2 1 1 3050 3081 3051
5991 2 2 1 1 3051 3081 3082
5992 2 2 1 1 3051 3082 3052
5993 2 2 1 1 3052 3082 3083
5994 2 2 1 1 3052 3083 3053
5995 2 2 1 1 3053 3083 3084
5996 2 2 1 1 3053 3084 3054
5997 2 2 1 1 3054 3084 3085
5998 2 2 1 1 3054 3085 3055
5999 2 2 1 1 3055 3085 3086
6000 2 2 1 1 3055 3086 3056
6001 2 2 1 1 3056 3086 3087
6002 2 2 1 1 3056 3087 3057
6003 2 2 1 1 3057 3087 3088
6004 2 2 1 1 3057 3088 3058
6005 2 2 1 1 3058 3088 3089
6006 2 2 1 1 3058 3089 3059
6007 2 2 1 1 3059 3089 3090
6008 2 2 1 1 3059 3090 3060
6009 2 2 1 1 3060 3090 3091
6010 2 2 1 1 3060 3091 3061
6011 2 2 1 1 3061 3091 3092
6012 2 2 1 1 3061 3092 3062
6013 2 2 1 1 3062 3092 3093
6014 2 2 1 1 3062 3093 3063
6015 2 2 1 1 3063 3093 3094
6016 2 2 1 1 3063 3094 3064
6017 2 2 1 1 3064 3094 3095
6018 2 2 1 1 3064 3095 3065
6019 2 2 1 1 3065 3095 3096
6020 2 2 1 1 3065 3096 3066
6021 2 2 1 1 3066 3096 3097
6022 2 2 1 1 3066 3097 3067
6023 2 2 1 1 3067 3097 3098
6024 2 2 1 1 3067 3098 3068
6025 2 2 1 1 3068 3098 3099
6026 2 2 1 1 3068 3099 3069
6027 2 2 1 1 3069 3099 3100
6028 2 2 1 1 3069 3100 3070
6029 2 2 1 1 3070 3100 3101
6030 2 2 1 1 3070 3101 3071
6031 2 2 1 1 3071 3101 3102
6032 2 2 1 1 3071 3102 3072
6033 2 2 1 1 3072 3102 3103
6034 2 2 1 1 3072 3103 3073
6035 2 2 1 1 3073 3103 3104
6036 2 2 1 1 3073 3104 3074
6037 2 2 1 1 3074 3104 3105
6038 2 2 1 1 3074 3105 3075
6039 2 2 1 1 3075 3105 3106
6040 2 2 1 1 3075 3106 3076
6041 2 2 1 1 3076 3106 3107
6042 2 2 1 1 3076 3107 3077
6043 2 2 1 1 3077 3107 3108
6044 2 2 1 1 3077 3108 3078
6045 2 2 1 1 3078 3108 1705
6046 2 2 1 1 3078 1705 1704
6047 2 2 1 1 1 4 3109
6048 2 2 1 1 1 3109 1706
6049 2 2 1 1 1706 3109 3110
6050 2 2 1 1 1706 3110 1737
6051 2 2 1 1 1737 3110 3111
6052 2 2 1 1 1737 3111 1768
6053 2 2 1 1 1768 3111 3112
6054 2 2 1 1 1768 3112 1799
6055 2 2 1 1 1799 3112 3113
6056 2 2 1 1 1799 3113 1830
6057 2 2 1 1 1830 3113 3114
6058 2 2 1 1 1830 3114 1861
6059 2 2 1 1 1861 3114 3115
6060 2 2 1 1 1861 3115 1892
6061 2 2 1 1 1892 3115 3116
6062 2 2 1 1 1892 3116 1923
6063 2 2 1 1 1923 3116 3117
6064 2 2 1 1 1923 3117 1954
6065 2 2 1 1 1954 3117 3118
6066 2 2 1 1 1954 3118 1985
6067 2 2 1 1 1985 3118 3119
6068 2 2 1 1 1985 3119 2016
6069 2 2 1 1 2016 3119 3120
6070 2 2 1 1 2016 3120 2047
6071 2 2 1 1 2047 3120 3121
6072 2 2 1 1 2047 3121 2078
6073 2 2 1 1 2078 3121 3122
6074 2 2 1 1 2078 3122 2109
6075 2 2 1 1 2109 3122 3123
6076 2 2 1 1 2109 3123 2140
6077 2 2 1 1 2140 3123 3124
6078 2 2 1 1 2140 3124 2171
6079 2 2 1 1 2171 3124 3125
6080 2 2 1 1 2171 3125 2202
6081 2 2 1 1 2202 3125 3126
6082 2 2 1 1 2202 3126 2233
6083 2 2 1 1 2233 3126 3127
6084 2 2 1 1 2233 3127 2264
6085 2 2 1 1 2264 3127 3128
6086 2 2 1 1 2264 3128 2295
6087 2 2 1 1 2295 3128 3129
6088 2 2 1 1 2295 3129 2326
6089 2 2 1 1 2326 3129 3130
6090 2 2 1 1 2326 3130 2357
6091 2 2 1 1 2357 3130 3131
6092 2 2 1 1 2357 3131 2388
6093 2 2 1 1 4 6 3132
6094 2 2 1 1 4 3132 3109
6095 2 2 1 1 3109 3132 3133
6096 2 2 1 1 3109 3133 3110
6097 2 2 1 1 3110 3133 3134
6098 2 2 1 1 3110 3134 3111
6099 2 2 1 1 3111 3134 3135
6100 2 2 1 1 3111 3135 3112
6101 2 2 1 1 3112 3135 3136
6102 2 2 1 1 3112 3136 3113
6103 2 2 1 1 3113 3136 3137
6104 2 2 1 1 3113 3137 3114
6105 2 2 1 1 3114 3137 3138
6106 2 2 1 1 3114 3138 3115
6107 2 2 1 1 3115 3138 3139
6108 2 2 1 1 3115 3139 3116
6109 2 2 1 1 3116 3139 3140
6110 2 2 1 1 3116 3140 3117
6111 2 2 1 1 3117 3140 3141
6112 2 2 1 1 3117 3141 3118
6113 2 2 1 1 3118 3141 3142
6114 2 2 1 1 3118 3142 3119
6115 2 2 1 1 3119 3142 3143
6116 2 2 1 1 3119 3143 3120
6117 2 2 1 1 3120 3143 3144
6118 2 2 1 1 3120 3144 3121
6119 2 2 1 1 3121 3144 3145
6120 2 2 1 1 3121 3145 3122
6121 2 2 1 1 3122 3145 3146
6122 2 2 1 1 3122 3146 3123
6123 2 2 1 1 3123 3146 3147
6124 2 2 1 1 3123 3147 3124
6125 2 2 1 1 3124 3147 3148
6126 2 2 1 1 3124 3148 3125
6127 2 2 1 1 3125 3148 3149
6128 2 2 1 1 3125 3149 3126
6129 2 2 1 1 3126 3149 3150
6130 2 2 1 1 3126 3150 3127
6131 2 2 1 1 3127 3150 3151
6132 2 2 1 1 3127 3151 3128
6133 2 2 1 1 3128 3151 3152
6134 2 2 1 1 3128 3152 3129
6135 2 2 1 1 3129 3152 3153
6136 2 2 1 1 3129 3153 3130
6137 2 2 1 1 3130 3153 3154
6138 2 2 1 1 3130 3154 3131
6139 2 2 1 1 6 8 3155
6140 2 2 1 1 6 3155 3132
6141 2 2 1 1 3132 3155 3156
6142 2 2 1 1 3132 3156 3133
6143 2 2 1 1 3133 3156 3157
6144 2 2 1 1 3133 3157 3134
6145 2 2 1 1 3134 3157 3158
6146 2 2 1 1 3134 3158 3135
6147 2 2 1 1 3135 3158 3159
6148 2 2 1 1 3135 3159 3136
6149 2 2 1 1 3136 3159 3160
6150 2 2 1 1 3136 3160 3137
6151 2 2 1 1 3137 3160 3161
6152 2 2 1 1 3137 3161 3138
6153 2 2 1 1 3138 3161 3162
6154 2 2 1 1 3138 3162 3139
6155 2 2 1 1 3139 3162 3163
6156 2 2 1 1 3139 3163 3140
6157 2 2 1 1 3140 3163 3164
6158 2 2 1 1 3140 3164 3141
6159 2 2 1 1 3141 3164 3165
6160 2 2 1 1 3141 3165 3142
6161 2 2 1 1 3142 3165 3166
6162 2 2 1 1 3142 3166 3143
6163 2 2 1 1 3143 3166 3167
6164 2 2 1 1 3143 3167 3144
6165 2 2 1 1 3144 3167 3168
6166 2 2 1 1 3144 3168 3145
6167 2 2 1 1 3145 3168 3169
6168 2 2 1 1 3145 3169 3146
6169 2 2 1 1 3146 3169 3170
6170 2 2 1 1 3146 3170 3147
6171 2 2 1 1 3147 3170 3171
6172 2 2 1 1 3147 3171 3148
6173 2 2 1 1 3148 3171 3172
6174 2 2 1 1 3148 3172 3149
6175 2 2 1 1 3149 3172 3173
6176 2 2 1 1 3149 3173 3150
6177 2 2 1 1 3150 3173 3174
6178 2 2 1 1 3150 3174 3151
6179 2 2 1 1 3151 3174 3175
6180 2 2 1 1 3151 3175 3152
6181 2 2 1 1 3152 3175 3176
6182 2 2 1 1 3152 3176 3153
6183 2 2 1 1 3153 3176 3177
6184 2 2 1 1 3153 3177 3154
6185 2 2 1 1 8 10 3178
6186 2 2 1 1 8 3178 3155
6187 2 2 1 1 3155 3178 3179
6188 2 2 1 1 3155 3179 3156
6189 2 2 1 1 3156 3179 3180
6190 2 2 1 1 3156 3180 3157
6191 2 2 1 1 3157 3180 3181
6192 2 2 1 1 3157 3181 3158
6193 2 2 1 1 3158 3181 3182
6194 2 2 1 1 3158 3182 3159
6195 2 2 1 1 3159 3182 3183
6196 2 2 1 1 3159 3183 3160
6197 2 2 1 1 3160 3183 3184
6198 2 2 1 1 3160 3184 3161
6199 2 2 1 1 3161 3184 3185
6200 2 2 1 1 3161 3185 3162
6201 2 2 1 1 3162 3185 3186
6202 2 2 1 1 3162 3186 3163
6203 2 2 1 1 3163 3186 3187
6204 2 2 1 1 3163 3187 3164
6205 2 2 1 1 3164 3187 3188
6206 2 2 1 1 3164 3188 3165
6207 2 2 1 1 3165 3188 3189
6208 2 2 1 1 3165 3189 3166
6209 2 2 1 1 3166 3189 3190
6210 2 2 1 1 3166 3190 3167
6211 2 2 1 1 3167 3190 3191
6212 2 2 1 1 3167 3191 3168
6213 2 2 1 1 3168 3191 3192
6214 2 2 1 1 3168 3192 3169
6215 2 2 1 1 3169 3192 3193
6216 2 2 1 1 3169 3193 3170
6217 2 2 1 1 3170 3193 3194
6218 2 2 1 1 3170 3194 3171
6219 2 2 1 1 3171 3194 3195
6220 2 2 1 1 3171 3195 3172
6221 2 2 1 1 3172 3195 3196
6222 2 2 1 1 3172 3196 3173
6223 2 2 1 1 3173 3196 3197
6224 2 2 1 1 3173 3197 3174
6225 2 2 1 1 3174 3197 3198
6226 2 2 1 1 3174 3198 3175
6227 2 2 1 1 3175 3198 3199
6228 2 2 1 1 3175 3199 3176
6229 2 2 1 1 3176 3199 3200
6230 2 2 1 1 3176 3200 3177
6231 2 2 1 1 10 12 3201
6232 2 2 1 1 10 3201 3178
6233 2 2 1 1 3178 3201 3202
6234 2 2 1 1 3178 3202 3179
6235 2 2 1 1 3179 3202 3203
6236 2 2 1 1 3179 3203 3180
6237 2 2 1 1 3180 3203 3204
6238 2 2 1 1 3180 3204 3181
6239 2 2 1 1 3181 3204 3205
6240 2 2 1 1 3181 3205 3182
6241 2 2 1 1 3182 3205 3206
6242 2 2 1 1 3182 3206 3183
6243 2 2 1 1 3183 3206 3207
6244 2 2 1 1 3183 3207 3184
6245 2 2 1 1 3184 3207 3208
6246 2 2 1 1 3184 3208 3185
6247 2 2 1 1 3185 3208 3209
6248 2 2 1 1 3185 3209 3186
6249 2 2 1 1 3186 3209 3210
6250 2 2 1 1 3186 3210 3187
6251 2 2 1 1 3187 3210 3211
6252 2 2 1 1 3187 3211 3188
6253 2 2 1 1 3188 3211 3212
6254 2 2 1 1 3188 3212 3189
6255 2 2 1 1 3189 3212 3213
6256 2 2 1 1 3189 3213 3190
6257 2 2 1 1 3190 3213 3214
6258 2 2 1 1 3190 3214 3191
6259 2 2 1 1 3191 3214 3215
6260 2 2 1 1 3191 3215 3192
6261 2 2 1 1 3192 3215 3216
6262 2 2 1 1 3192 3216 3193
6263 2 2 1 1 3193 3216 3217
6264 2 2 1 1 3193 3217 3194
6265 2 2 1 1 3194 3217 3218
6266 2 2 1 1 3194 3218 3195
6267 2 2 1 1 3195 3218 3219
6268 2 2 1 1 3195 3219 3196
6269 2 2 1 1 3196 3219 3220
6270 2 2 1 1 3196 3220 3197
6271 2 2 1 1 3197 3220 3221
6272 2 2 1 1 3197 3221 3198
6273 2 2 1 1 3198 3221 3222
6274 2 2 1 1 3198 3222 3199
6275 2 2 1 1 3199 3222 3223
6276 2 2 1 1 3199 3223 3200
6277 2 2 1 1 12 14 3224
6278 2 2 1 1 12 3224 3201
6279 2 2 1 1 3201 3224 3225
6280 2 2 1 1 3201 3225 3202
6281 2 2 1 1 3202 3225 3226
6282 2 2 1 1 3202 3226 3203
6283 2 2 1 1 3203 3226 3227
6284 2 2 1 1 3203 3227 3204
6285 2 2 1 1 3204 3227 3228
6286 2 2 1 1 3204 3228 3205
6287 2 2 1 1 3205 3228 3229
6288 2 2 1 1 3205 3229 3206
6289 2 2 1 1 3206 3229 3230
6290 2 2 1 1 3206 3230 3207
6291 2 2 1 1 3207 3230 3231
6292 2 2 1 1 3207 3231 3208
6293 2 2 1 1 3208 3231 3232
6294 2 2 1 1 3208 3232 3209
6295 2 2 1 1 3209 3232 3233
6296 2 2 1 1 3209 3233 3210
6297 2 2 1 1 3210 3233 3234
6298 2 2 1 1 3210 3234 3211
6299 2 2 1 1 3211 3234 3235
6300 2 2 1 1 3211 3235 3212
6301 2 2 1 1 3212 3235 3236
6302 2 2 1 1 3212 3236 3213
6303 2 2 1 1 3213 3236 3237
6304 2 2 1 1 3213 3237 3214
6305 2 2 1 1 3214 3237 3238
6306 2 2 1 1 3214 3238 3215
6307 2 2 1 1 3215 3238 3239
6308 2 2 1 1 3215 3239 3216
6309 2 2 1 1 3216 3239 3240
6310 2 2 1 1 3216 3240 3217
6311 2 2 1 1 3217 3240 3241
6312 2 2 1 1 3217 3241 3218
6313 2 2 1 1 3218 3241 3242
6314 2 2 1 1 3218 3242 3219
6315 2 2 1 1 3219 3242 3243
6316 2 2 1 1 3219 3243 3220
6317 2 2 1 1 3220 3243 3244
6318 2 2 1 1 3220 3244 3221
6319 2 2 1 1 3221 3244 3245
6320 2 2 1 1 3221 3245 3222
6321 2 2 1 1 3222 3245 3246
6322 2 2 1 1 3222 3246 3223
6323 2 2 1 1 14 16 3247
6324 2 2 1 1 14 3247 3224
6325 2 2 1 1 3224 3247 3248
6326 2 2 1 1 3224 3248 3225
6327 2 2 1 1 3225 3248 3249
6328 2 2 1 1 3225 3249 3226
6329 2 2 1 1 3226 3249 3250
6330 2 2 1 1 3226 3250 3227
6331 2 2 1 1 3227 3250 3251
6332 2 2 1 1 3227 3251 3228
6333 2 2 1 1 3228 3251 3252
6334 2 2 1 1 3228 3252 3229
6335 2 2 1 1 3229 3252 3253
6336 2 2 1 1 3229 3253 3230
6337 2 2 1 1 3230 3253 3254
6338 2 2 1 1 3230 3254 3231
6339 2 2 1 1 3231 3254 3255
6340 2 2 1 1 3231 3255 3232
6341 2 2 1 1 3232 3255 3256
6342 2 2 1 1 3232 3256 3233
6343 2 2 1 1 3233 3256 3257
6344 2 2 1 1 3233 3257 3234
6345 2 2 1 1 3234 3257 3258
6346 2 2 1 1 3234 3258 3235
6347 2 2 1 1 3235 3258 3259
6348 2 2 1 1 3235 3259 3236
6349 2 2 1 1 3236 3259 3260
6350 2 2 1 1 3236 3260 3237
6351 2 2 1 1 3237 3260 3261
6352 2 2 1 1 3237 3261 3238
6353 2 2 1 1 3238 3261 3262
6354 2 2 1 1 3238 3262 3239
6355 2 2 1 1 3239 3262 3263
6356 2 2 1 1 3239 3263 3240
6357 2 2 1 1 3240 3263 3264
6358 2 2 1 1 3240 3264 3241
6359 2 2 1 1 3241 3264 3265
6360 2 2 1 1 3241 3265 3242
6361 2 2 1 1 3242 3265 3266
6362 2 2 1 1 3242 3266 3243
6363 2 2 1 1 3243 3266 3267
6364 2 2 1 1 3243 3267 3244
6365 2 2 1 1 3244 3267 3268
6366 2 2 1 1 3244 3268 3245
6367 2 2 1 1 3245 3268 3269
6368 2 2 1 1 3245 3269 3246
6369 2 2 1 1 16 18 3270
6370 2 2 1 1 16 3270 3247
6371 2 2 1 1 3247 3270 3271
6372 2 2 1 1 3247 3271 3248
6373 2 2 1 1 3248 3271 3272
6374 2 2 1 1 3248 3272 3249
6375 2 2 1 1 3249 3272 3273
6376 2 2 1 1 3249 3273 3250
6377 2 2 1 1 3250 3273 3274
6378 2 2 1 1 3250 3274 3251
6379 2 2 1 1 3251 3274 3275
6380 2 2 1 1 3251 3275 3252
6381 2 2 1 1 3252 3275 3276
6382 2 2 1 1 3252 3276 3253
6383 2 2 1 1 3253 3276 3277
6384 2 2 1 1 3253 3277 3254
6385 2 2 1 1 3254 3277 3278
6386 2 2 1 1 3254 3278 3255
6387 2 2 1 1 3255 3278 3279
6388 2 2 1 1 3255 3279 3256
6389 2 2 1 1 3256 3279 3280
6390 2 2 1 1 3256 3280 3257
6391 2 2 1 1 3257 3280 3281
6392 2 2 1 1 3257 3281 3258
6393 2 2 1 1 3258 3281 3282
6394 2 2 1 1 3258 3282 3259
6395 2 2 1 1 3259 3282 3283
6396 2 2 1 1 3259 3283 3260
6397 2 2 1 1 3260 3283 3284
6398 2 2 1 1 3260 3284 3261
6399 2 2 1 1 3261 3284 3285
6400 2 2 1 1 3261 3285 3262
6401 2 2 1 1 3262 3285 3286
6402 2 2 1 1 3262 3286 3263
6403 2 2 1 1 3263 3286 3287
6404 2 2 1 1 3263 3287 3264
6405 2 2 1 1 3264 3287 3288
6406 2 2 1 1 3264 3288 3265
6407 2 2 1 1 3265 3288 3289
6408 2 2 1 1 3265 3289 3266
6409 2 2 1 1 3266 3289 3290
6410 2 2 1 1 3266 3290 3267
6411 2 2 1 1 3267 3290 3291
6412 2 2 1 1 3267 3291 3268
6413 2 2 1 1 3268 3291 3292
6414 2 2 1 1 3268 3292 3269
6415 2 2 1 1 18 20 3293
6416 2 2 1 1 18 3293 3270
6417 2 2 1 1 3270 3293 3294
6418 2 2 1 1 3270 3294 3271
6419 2 2 1 1 3271 3294 3295
6420 2 2 1 1 3271 3295 3272
6421 2 2 1 1 3272 3295 3296
6422 2 2 1 1 3272 3296 3273
6423 2 2 1 1 3273 3296 3297
6424 2 2 1 1 3273 3297 3274
6425 2 2 1 1 3274 3297 3298
6426 2 2 1 1 3274 3298 3275
6427 2 2 1 1 3275 3298 3299
6428 2 2 1 1 3275 3299 3276
6429 2 2 1 1 3276 3299 3300
6430 2 2 1 1 3276 3300 3277
6431 2 2 1 1 3277 3300 3301
6432 2 2 1 1 3277 3301 3278
6433 2 2 1 1 3278 3301 3302
6434 2 2 1 1 3278 3302 3279
6435 2 2 1 1 3279 3302 3303
6436 2 2 1 1 3279 3303 3280
6437 2 2 1 1 3280 3303 3304
6438 2 2 1 1 3280 3304 3281
6439 2 2 1 1 3281 3304 3305
6440 2 2 1 1 3281 3305 3282
6441 2 2 1 1 3282 3305 3306
6442 2 2 1 1 3282 3306 3283
6443 2 2 1 1 3283 3306 3307
6444 2 2 1 1 3283 3307 3284
6445 2 2 1 1 3284 3307 3308
6446 2 2 1 1 3284 3308 3285
6447 2 2 1 1 3285 3308 3309
6448 2 2 1 1 3285 3309 3286
6449 2 2 1 1 3286 3309 3310
6450 2 2 1 1 3286 3310 3287
6451 2 2 1 1 3287 3310 3311
6452 2 2 1 1 3287 3311 3288
6453 2 2 1 1 3288 3311 3312
6454 2 2 1 1 3288 3312 3289
6455 2 2 1 1 3289 3312 3313
6456 2 2 1 1 3289 3313 3290
6457 2 2 1 1 3290 3313 3314
6458 2 2 1 1 3290 3314 3291
6459 2 2 1 1 3291 3314 3315
6460 2 2 1 1 3291 3315 3292
6461 2 2 1 1 20 22 3316
6462 2 2 1 1 20 3316 3293
6463 2 2 1 1 3293 3316 3317
6464 2 2 1 1 3293 3317 3294
6465 2 2 1 1 3294 3317 3318
6466 2 2 1 1 3294 3318 3295
6467 2 2 1 1 3295 3318 3319
6468 2 2 1 1 3295 3319 3296
6469 2 2 1 1 3296 3319 3320
6470 2 2 1 1 3296 3320 3297
6471 2 2 1 1 3297 3320 3321
6472 2 2 1 1 3297 3321 3298
6473 2 2 1 1 3298 3321 3322
6474 2 2 1 1 3298 3322 3299
6475 2 2 1 1 3299 3322 3323
6476 2 2 1 1 3299 3323 3300
6477 2 2 1 1 3300 3323 3324
6478 2 2 1 1 3300 3324 3301
6479 2 2 1 1 3301 3324 3325
6480 2 2 1 1 3301 3325 3302
6481 2 2 1 1 3302 3325 3326
6482 2 2 1 1 3302 3326 3303
6483 2 2 1 1 3303 3326 3327
6484 2 2 1 1 3303 3327 3304
6485 2 2 1 1 3304 3327 3328
6486 2 2 1 1 3304 3328 3305
6487 2 2 1 1 3305 3328 3329
6488 2 2 1 1 3305 3329 3306
6489 2 2 1 1 3306 3329 3330
6490 2 2 1 1 3306 3330 3307
6491 2 2 1 1 3307 3330 3331
6492 2 2 1 1 3307 3331 3308
6493 2 2 1 1 3308 3331 3332
6494 2 2 1 1 3308 3332 3309
6495 2 2 1 1 3309 3332 3333
6496 2 2 1 1 3309 3333 3310
6497 2 2 1 1 3310 3333 3334
6498 2 2 1 1 3310 3334 3311
6499 2 2 1 1 3311 3334 3335
6500 2 2 1 1 3311 3335 3312
6501 2 2 1 1 3312 3335 3336
6502 2 2 1 1 3312 3336 3313
6503 2 2 1 1 3313 3336 3337
6504 2 2 1 1 3313 3337 3314
6505 2 2 1 1 3314 3337 3338
6506 2 2 1 1 3314 3338 3315
6507 2 2 1 1 22 24 3339
6508 2 2 1 1 22 3339 3316
6509 2 2 1 1 3316 3339 3340
6510 2 2 1 1 3316 3340 3317
6511 2 2 1 1 3317 3340 3341
6512 2 2 1 1 3317 3341 3318
6513 2 2 1 1 3318 3341 3342
6514 2 2 1 1 3318 3342 3319
6515 2 2 1 1 3319 3342 3343
6516 2 2 1 1 3319 3343 3320
6517 2 2 1 1 3320 3343 3344
6518 2 2 1 1 3320 3344 3321
6519 2 2 1 1 3321 3344 3345
6520 2 2 1 1 3321 3345 3322
6521 2 2 1 1 3322 3345 3346
6522 2 2 1 1 3322 3346 3323
6523 2 2 1 1 3323 3346 3347
6524 2 2 1 1 3323 3347 3324
6525 2 2 1 1 3324 3347 3348
6526 2 2 1 1 3324 3348 3325
6527 2 2 1 1 3325 3348 3349
6528 2 2 1 1 3325 3349 3326
6529 2 2 1 1 3326 3349 3350
6530 2 2 1 1 3326 3350 3327
6531 2 2 1 1 3327 3350 3351
6532 2 2 1 1 3327 3351 3328
6533 2 2 1 1 3328 3351 3352
6534 2 2 1 1 3328 3352 3329
6535 2 2 1 1 3329 3352 3353
6536 2 2 1 1 3329 3353 3330
6537 2 2 1 1 3330 3353 3354
6538 2 2 1 1 3330 3354 3331
6539 2 2 1 1 3331 3354 3355
6540 2 2 1 1 3331 3355 3332
6541 2 2 1 1 3332 3355 3356
6542 2 2 1 1 3332 3356 3333
6543 2 2 1 1 3333 3356 3357
6544 2 2 1 1 3333 3357 3334
6545 2 2 1 1 3334 3357 3358
6546 2 2 1 1 3334 3358 3335
6547 2 2 1 1 3335 3358 3359
6548 2 2 1 1 3335 3359 3336
6549 2 2 1 1 3336 3359 3360
6550 2 2 1 1 3336 3360 3337
6551 2 2 1 1 3337 3360 3361
6552 2 2 1 1 3337 3361 3338
6553 2 2 1 1 24 26 3362
6554 2 2 1 1 24 3362 3339
6555 2 2 1 1 3339 3362 3363
6556 2 2 1 1 3339 3363 3340
6557 2 2 1 1 3340 3363 3364
6558 2 2 1 1 3340 3364 3341
6559 2 2 1 1 3341 3364 3365
6560 2 2 1 1 3341 3365 3342
6561 2 2 1 1 3342 3365 3366
6562 2 2 1 1 3342 3366 3343
6563 2 2 1 1 3343 3366 3367
6564 2 2 1 1 3343 3367 3344
6565 2 2 1 1 3344 3367 3368
6566 2 2 1 1 3344 3368 3345
6567 2 2 1 1 3345 3368 3369
6568 2 2 1 1 3345 3369 3346
6569 2 2 1 1 3346 3369 3370
6570 2 2 1 1 3346 3370 3347
6571 2 2 1 1 3347 3370 3371
6572 2 2 1 1 3347 3371 3348
6573 2 2 1 1 3348 3371 3372
6574 2 2 1 1 3348 3372 3349
6575 2 2 1 1 3349 3372 3373
6576 2 2 1 1 3349 3373 3350
6577 2 2 1 1 3350 3373 3374
6578 2 2 1 1 3350 3374 3351
6579 2 2 1 1 3351 3374 3375
6580 2 2 1 1 3351 3375 3352
6581 2 2 1 1 3352 3375 3376
6582 2 2 1 1 3352 3376 3353
6583 2 2 1 1 3353 3376 3377
6584 2 2 1 1 3353 3377 3354
6585 2 2 1 1 3354 3377 3378
6586 2 2 1 1 3354 3378 3355
6587 2 2 1 1 3355 3378 3379
6588 2 2 1 1 3355 3379 3356
6589 2 2 1 1 3356 3379 3380
6590 2 2 1 1 3356 3380 3357
6591 2 2 1 1 3357 3380 3381
6592 2 2 1 1 3357 3381 3358
6593 2 2 1 1 3358 3381 3382
6594 2 2 1 1 3358 3382 3359
6595 2 2 1 1 3359 3382 3383
6596 2 2 1 1 3359 3383 3360
6597 2 2 1 1 3360 3383 3384
6598 2 2 1 1 3360 3384 3361
6599 2 2 1 1 26 28 3385
6600 2 2 1 1 26 3385 3362
6601 2 2 1 1 3362 3385 3386
6602 2 2 1 1 3362 3386 3363
6603 2 2 1 1 3363 3386 3387
6604 2 2 1 1 3363 3387 3364
6605 2 2 1 1 3364 3387 3388
6606 2 2 1 1 3364 3388 3365
6607 2 2 1 1 3365 3388 3389
6608 2 2 1 1 3365 3389 3366
6609 2 2 1 1 3366 3389 3390
6610 2 2 1 1 3366 3390 3367
6611 2 2 1 1 3367 3390 3391
6612 2 2 1 1 3367 3391 3368
6613 2 2 1 1 3368 3391 3392
6614 2 2 1 1 3368 3392 3369
6615 2 2 1 1 3369 3392 3393
6616 2 2 1 1 3369 3393 3370
6617 2 2 1 1 3370 3393 3394
6618 2 2 1 1 3370 3394 3371
6619 2 2 1 1 3371 3394 3395
6620 2 2 1 1 3371 3395 3372
6621 2 2 1 1 3372 3395 3396
6622 2 2 1 1 3372 3396 3373
6623 2 2 1 1 3373 3396 3397
6624 2 2 1 1 3373 3397 3374
6625 2 2 1 1 3374 3397 3398
6626 2 2 1 1 3374 3398 3375
6627 2 2 1 1 3375 3398 3399
6628 2 2 1 1 3375 3399 3376
6629 2 2 1 1 3376 3399 3400
6630 2 2 1 1 3376 3400 3377
6631 2 2 1 1 3377 3400 3401
6632 2 2 1 1 3377 3401 3378
6633 2 2 1 1 3378 3401 3402
6634 2 2 1 1 3378 3402 3379
6635 2 2 1 1 3379 3402 3403
6636 2 2 1 1 3379 3403 3380
6637 2 2 1 1 3380 3403 3404
6638 2 2 1 1 3380 3404 3381
6639 2 2 1 1 3381 3404 3405
6640 2 2 1 1 3381 3405 3382
6641 2 2 1 1 3382 3405 3406
6642 2 2 1 1 3382 3406 3383
6643 2 2 1 1 3383 3406 3407
6644 2 2 1 1 3383 3407 3384
6645 2 2 1 1 28 30 3408
6646 2 2 1 1 28 3408 3385
6647 2 2 1 1 3385 3408 3409
6648 2 2 1 1 3385 3409 3386
6649 2 2 1 1 3386 3409 3410
6650 2 2 1 1 3386 3410 3387
6651 2 2 1 1 3387 3410 3411
6652 2 2 1 1 3387 3411 3388
6653 2 2 1 1 3388 3411 3412
6654 2 2 1 1 3388 3412 3389
6655 2 2 1 1 3389 3412 3413
6656 2 2 1 1 3389 3413 3390
6657 2 2 1 1 3390 3413 3414
6658 2 2 1 1 3390 3414 3391
6659 2 2 1 1 3391 3414 3415
6660 2 2 1 1 3391 3415 3392
6661 2 2 1 1 3392 3415 3416
6662 2 2 1 1 3392 3416 3393
6663 2 2 1 1 3393 3416 3417
6664 2 2 1 1 3393 3417 3394
6665 2 2 1 1 3394 3417 3418
6666 2 2 1 1 3394 3418 3395
6667 2 2 1 1 3395 3418 3419
6668 2 2 1 1 3395 3419 3396
6669 2 2 1 1 3396 3419 3420
6670 2 2 1 1 3396 3420 3397
6671 2 2 1 1 3397 3420 3421
6672 2 2 1 1 3397 3421 3398
6673 2 2 1 1 3398 3421 3422
6674 2 2 1 1 3398 3422 3399
6675 2 2 1 1 3399 3422 3423
6676 2 2 1 1 3399 3423 3400
6677 2 2 1 1 3400 3423 3424
6678 2 2 1 1 3400 3424 3401
6679 2 2 1 1 3401 3424 3425
6680 2 2 1 1 3401 3425 3402
6681 2 2 1 1 3402 3425 3426
6682 2 2 1 1 3402 3426 3403
6683 2 2 1 1 3403 3426 3427
6684 2 2 1 1 3403 3427 3404
6685 2 2 1 1 3404 3427 3428
6686 2 2 1 1 3404 3428 3405
6687 2 2 1 1 3405 3428 3429
6688 2 2 1 1 3405 3429 3406
6689 2 2 1 1 3406 3429 3430
6690 2 2 1 1 3406 3430 3407
6691 2 2 1 1 30 32 3431
6692 2 2 1 1 30 3431 3408
6693 2 2 1 1 3408 3431 3432
6694 2 2 1 1 3408 3432 3409
6695 2 2 1 1 3409 3432 3433
6696 2 2 1 1 3409 3433 3410
6697 2 2 1 1 3410 3433 3434
6698 2 2 1 1 3410 3434 3411
6699 2 2 1 1 3411 3434 3435
6700 2 2 1 1 3411 3435 3412
6701 2 2 1 1 3412 3435 3436
6702 2 2 1 1 3412 3436 3413
6703 2 2 1 1 3413 3436 3437
6704 2 2 1 1 3413 3437 3414
6705 2 2 1 1 3414 3437 3438
6706 2 2 1 1 3414 3438 3415
6707 2 2 1 1 3415 3438 3439
6708 2 2 1 1 3415 3439 3416
6709 2 2 1 1 3416 3439 3440
6710 2 2 1 1 3416 3440 3417
6711 2 2 1 1 3417 3440 3441
6712 2 2 1 1 3417 3441 3418
6713 2 2 1 1 3418 3441 3442
6714 2 2 1 1 3418 3442 3419
6715 2 2 1 1 3419 3442 3443
6716 2 2 1 1 3419 3443 3420
6717 2 2 1 1 3420 3443 3444
6718 2 2 1 1 3420 3444 3421
6719 2 2 1 1 3421 3444 3445
6720 2 2 1 1 3421 3445 3422
6721 2 2 1 1 3422 3445 3446
6722 2 2 1 1 3422 3446 3423
6723 2 2 1 1 3423 3446 3447
6724 2 2 1 1 3423 3447 3424
6725 2 2 1 1 3424 3447 3448
6726 2 2 1 1 3424 3448 3425
6727 2 2 1 1 3425 3448 3449
6728 2 2 1 1 3425 3449 3426
6729 2 2 1 1 3426 3449 3450
6730 2 2 1 1 3426 3450 3427
6731 2 2 1 1 3427 3450 3451
6732 2 2 1 1 3427 3451 3428
6733 2 2 1 1 3428 3451 3452
6734 2 2 1 1 3428 3452 3429
6735 2 2 1 1 3429 3452 3453
6736 2 2 1 1 3429 3453 3430
6737 2 2 1 1 32 34 3454
6738 2 2 1 1 32 3454 3431
6739 2 2 1 1 3431 3454 3455
6740 2 2 1 1 3431 3455 3432
6741 2 2 1 1 3432 3455 3456
6742 2 2 1 1 3432 3456 3433
6743 2 2 1 1 3433 3456 3457
6744 2 2 1 1 3433 3457 3434
6745 2 2 1 1 3434 3457 3458
6746 2 2 1 1 3434 3458 3435
6747 2 2 1 1 3435 3458 3459
6748 2 2 1 1 3435 3459 3436
6749 2 2 1 1 3436 3459 3460
6750 2 2 1 1 3436 3460 3437
6751 2 2 1 1 3437 3460 3461
6752 2 2 1 1 3437 3461 3438
6753 2 2 1 1 3438 3461 3462
6754 2 2 1 1 3438 3462 3439
6755 2 2 1 1 3439 3462 3463
6756 2 2 1 1 3439 3463 3440
6757 2 2 1 1 3440 3463 3464
6758 2 2 1 1 3440 3464 3441
6759 2 2 1 1 3441 3464 3465
6760 2 2 1 1 3441 3465 3442
6761 2 2 1 1 3442 3465 3466
6762 2 2 1 1 3442 3466 3443
6763 2 2 1 1 3443 3466 3467
6764 2 2 1 1 3443 3467 3444
6765 2 2 1 1 3444 3467 3468
6766 2 2 1 1 3444 3468 3445
6767 2 2 1 1 3445 3468 3469
6768 2 2 1 1 3445 3469 3446
6769 2 2 1 1 3446 3469 3470
6770 2 2 1 1 3446 3470 3447
6771 2 2 1 1 3447 3470 3471
6772 2 2 1 1 3447 3471 3448
6773 2 2 1 1 3448 3471 3472
6774 2 2 1 1 3448 3472 3449
6775 2 2 1 1 3449 3472 3473
6776 2 2 1 1 3449 3473 3450
6777 2 2 1 1 3450 3473 3474
6778 2 2 1 1 3450 3474 3451
6779 2 2 1 1 3451 3474 3475
6780 2 2 1 1 3451 3475 3452
6781 2 2 1 1 3452 3475 3476
6782 2 2 1 1 3452 3476 3453
6783 2 2 1 1 34 36 3477
6784 2 2 1 1 34 3477 3454
6785 2 2 1 1 3454 3477 3478
6786 2 2 1 1 3454 3478 3455
6787 2 2 1 1 3455 3478 3479
6788 2 2 1 1 3455 3479 3456
6789 2 2 1 1 3456 3479 3480
6790 2 2 1 1 3456 3480 3457
6791 2 2 1 1 3457 3480 3481
6792 2 2 1 1 3457 3481 3458
6793 2 2 1 1 3458 3481 3482
6794 2 2 1 1 3458 3482 3459
6795 2 2 1 1 3459 3482 3483
6796 2 2 1 1 3459 3483 3460
6797 2 2 1 1 3460 3483 3484
6798 2 2 1 1 3460 3484 3461
6799 2 2 1 1 3461 3484 3485
6800 2 2 1 1 3461 3485 3462
6801 2 2 1 1 3462 3485 3486
6802 2 2 1 1 3462 3486 3463
6803 2 2 1 1 3463 3486 3487
6804 2 2 1 1 3463 3487 3464
6805 2 2 1 1 3464 3487 3488
6806 2 2 1 1 3464 3488 3465
6807 2 2 1 1 3465 3488 3489
6808 2 2 1 1 3465 3489 3466
6809 2 2 1 1 3466 3489 3490
6810 2 2 1 1 3466 3490 3467
6811 2 2 1 1 3467 3490 3491
6812 2 2 1 1 3467 3491 3468
6813 2 2 1 1 3468 3491 3492
6814 2 2 1 1 3468 3492 3469
6815 2 2 1 1 3469 3492 3493
6816 2 2 1 1 3469 3493 3470
6817 2 2 1 1 3470 3493 3494
6818 2 2 1 1 3470 3494 3471
6819 2 2 1 1 3471 3494 3495
6820 2 2 1 1 3471 3495 3472
6821 2 2 1 1 3472 3495 3496
6822 2 2 1 1 3472 3496 3473
6823 2 2 1 1 3473 3496 3497
6824 2 2 1 1 3473 3497 3474
6825 2 2 1 1 3474 3497 3498
6826 2 2 1 1 3474 3498 3475
6827 2 2 1 1 3475 3498 3499
6828 2 2 1 1 3475 3499 3476
6829 2 2 1 1 36 38 3500
6830 2 2 1 1 36 3500 3477
6831 2 2 1 1 3477 3500 3501
6832 2 2 1 1 3477 3501 3478
6833 2 2 1 1 3478 3501 3502
6834 2 2 1 1 3478 3502 3479
6835 2 2 1 1 3479 3502 3503
6836 2 2 1 1 3479 3503 3480
6837 2 2 1 1 3480 3503 3504
6838 2 2 1 1 3480 3504 3481
6839 2 2 1 1 3481 3504 3505
6840 2 2 1 1 3481 3505 3482
6841 2 2 1 1 3482 3505 3506
6842 2 2 1 1 3482 3506 3483
6843 2 2 1 1 3483 3506 3507
6844 2 2 1 1 3483 3507 3484
6845 2 2 1 1 3484 3507 3508
6846 2 2 1 1 3484 3508 3485
6847 2 2 1 1 3485 3508 3509
6848 2 2 1 1 3485 3509 3486
6849 2 2 1 1 3486 3509 3510
6850 2 2 1 1 3486 3510 3487
6851 2 2 1 1 3487 3510 3511
6852 2 2 1 1 3487 3511 3488
6853 2 2 1 1 3488 3511 3512
6854 2 2 1 1 3488 3512 3489
6855 2 2 1 1 3489 3512 3513
6856 2 2 1 1 3489 3513 3490
6857 2 2 1 1 3490 3513 3514
6858 2 2 1 1 3490 3514 3491
6859 2 2 1 1 3491 3514 3515
6860 2 2 1 1 3491 3515 3492
6861 2 2 1 1 3492 3515 3516
6862 2 2 1 1 3492 3516 3493
6863 2 2 1 1 3493 3516 3517
6864 2 2 1 1 3493 3517 3494
6865 2 2 1 1 3494 3517 3518
6866 2 2 1 1 3494 3518 3495
6867 2 2 1 1 3495 3518 3519
6868 2 2 1 1 3495 3519 3496
6869 2 2 1 1 3496 3519 3520
6870 2 2 1 1 3496 3520 3497
6871 2 2 1 1 3497 3520 3521
6872 2 2 1 1 3497 3521 3498
6873 2 2 1 1 3498 3521 3522
6874 2 2 1 1 3498 3522 3499
6875 2 2 1 1 38 40 3523
6876 2 2 1 1 38 3523 3500
6877 2 2 1 1 3500 3523 3524
6878 2 2 1 1 3500 3524 3501
6879 2 2 1 1 3501 3524 3525
6880 2 2 1 1 3501 3525 3502
6881 2 2 1 1 3502 3525 3526
6882 2 2 1 1 3502 3526 3503
6883 2 2 1 1 3503 3526 3527
6884 2 2 1 1 3503 3527 3504
6885 2 2 1 1 3504 3527 3528
6886 2 2 1 1 3504 3528 3505
6887 2 2 1 1 3505 3528 3529
6888 2 2 1 1 3505 3529 3506
6889 2 2 1 1 3506 3529 3530
6890 2 2 1 1 3506 3530 3507
6891 2 2 1 1 3507 3530 3531
6892 2 2 1 1 3507 3531 3508
6893 2 2 1 1 3508 3531 3532
6894 2 2 1 1 3508 3532 3509
6895 2 2 1 1 3509 3532 3533
6896 2 2 1 1 3509 3533 3510
6897 2 2 1 1 3510 3533 3534
6898 2 2 1 1 3510 3534 3511
6899 2 2 1 1 3511 3534 3535
6900 2 2 1 1 3511 3535 3512
6901 2 2 1 1 3512 3535 3536
6902 2 2 1 1 3512 3536 3513
6903 2 2 1 1 3513 3536 3537
6904 2 2 1 1 3513 3537 3514
6905 2 2 1 1 3514 3537 3538
6906 2 2 1 1 3514 3538 3515
6907 2 2 1 1 3515 3538 3539
6908 2 2 1 1 3515 3539 3516
6909 2 2 1 1 3516 3539 3540
6910 2 2 1 1 3516 3540 3517
6911 2 2 1 1 3517 3540 3541
6912 2 2 1 1 3517 3541 3518
6913 2 2 1 1 3518 3541 3542
6914 2 2 1 1 3518 3542 3519
6915 2 2 1 1 3519 3542 3543
6916 2 2 1 1 3519 3543 3520
6917 2 2 1 1 3520 3543 3544
6918 2 2 1 1 3520 3544 3521
6919 2 2 1 1 3521 3544 3545
6920 2 2 1 1 3521 3545 3522
6921 2 2 1 1 40 42 3546
6922 2 2 1 1 40 3546 3523
6923 2 2 1 1 3523 3546 3547
6924 2 2 1 1 3523 3547 3524
6925 2 2 1 1 3524 3547 3548
6926 2 2 1 1 3524 3548 3525
6927 2 2 1 1 3525 3548 3549
6928 2 2 1 1 3525 3549 3526
6929 2 2 1 1 3526 3549 3550
6930 2 2 1 1 3526 3550 3527
6931 2 2 1 1 3527 3550 3551
6932 2 2 1 1 3527 3551 3528
6933 2 2 1 1 3528 3551 3552
6934 2 2 1 1 3528 3552 3529
6935 2 2 1 1 3529 3552 3553
6936 2 2 1 1 3529 3553 3530
6937 2 2 1 1 3530 3553 3554
6938 2 2 1 1 3530 3554 3531
6939 2 2 1 1 3531 3554 3555
6940 2 2 1 1 3531 3555 3532
6941 2 2 1 1 3532 3555 3556
6942 2 2 1 1 3532 3556 3533
6943 2 2 1 1 3533 3556 3557
6944 2 2 1 1 3533 3557 3534
6945 2 2 1 1 3534 3557 3558
6946 2 2 1 1 3534 3558 3535
6947 2 2 1 1 3535 3558 3559
6948 2 2 1 1 3535 3559 3536
6949 2 2 1 1 3536 3559 3560
6950 2 2 1 1 3536 3560 3537
6951 2 2 1 1 3537 3560 3561
6952 2 2 1 1 3537 3561 3538
6953 2 2 1 1 3538 3561 3562
6954 2 2 1 1 3538 3562 3539
6955 2 2 1 1 3539 3562 3563
6956 2 2 1 1 3539 3563 3540
6957 2 2 1 1 3540 3563 3564
6958 2 2 1 1 3540 3564 3541
6959 2 2 1 1 3541 3564 3565
6960 2 2 1 1 3541 3565 3542
6961 2 2 1 1 3542 3565 3566
6962 2 2 1 1 3542 3566 3543
6963 2 2 1 1 3543 3566 3567
6964 2 2 1 1 3543 3567 3544
6965 2 2 1 1 3544 3567 3568
6966 2 2 1 1 3544 3568 3545
6967 2 2 1 1 42 44 3569
6968 2 2 1 1 42 3569 3546
6969 2 2 1 1 3546 3569 3570
6970 2 2 1 1 3546 3570 3547
6971 2 2 1 1 3547 3570 3571
6972 2 2 1 1 3547 3571 3548
6973 2 2 1 1 3548 3571 3572
6974 2 2 1 1 3548 3572 3549
6975 2 2 1 1 3549 3572 3573
6976 2 2 1 1 3549 3573 3550
6977 2 2 1 1 3550 3573 3574
6978 2 2 1 1 3550 3574 3551
6979 2 2 1 1 3551 3574 3575
6980 2 2 1 1 3551 3575 3552
6981 2 2 1 1 3552 3575 3576
6982 2 2 1 1 3552 3576 3553
6983 2 2 1 1 3553 3576 3577
6984 2 2 1 1 3553 3577 3554
6985 2 2 1 1 3554 3577 3578
6986 2 2 1 1 3554 3578 3555
6987 2 2 1 1 3555 3578 3579
6988 2 2 1 1 3555 3579 3556
6989 2 2 1 1 3556 3579 3580
6990 2 2 1 1 3556 3580 3557
6991 2 2 1 1 3557 3580 3581
6992 2 2 1 1 3557 3581 3558
6993 2 2 1 1 3558 3581 3582
6994 2 2 1 1 3558 3582 3559
6995 2 2 1 1 3559 3582 3583
6996 2 2 1 1 3559 3583 3560
6997 2 2 1 1 3560 3583 3584
6998 2 2 1 1 3560 3584 3561
6999 2 2 1 1 3561 3584 3585
7000 2 2 1 1 3561 3585 3562
7001 2 2 1 1 3562 3585 3586
7002 2 2 1 1 3562 3586 3563
7003 2 2 1 1 3563 3586 3587
7004 2 2 1 1 3563 3587 3564
7005 2 2 1 1 3564 3587 3588
7006 2 2 1 1 3564 3588 3565
7007 2 2 1 1 3565 3588 3589
7008 2 2 1 1 3565 3589 3566
7009 2 2 1 1 3566 3589 3590
7010 2 2 1 1 3566 3590 3567
7011 2 2 1 1 3567 3590 3591
7012 2 2 1 1 3567 3591 3568
7013 2 2 1 1 44 46 3592
7014 2 2 1 1 44 3592 3569
7015 2 2 1 1 3569 3592 3593
7016 2 2 1 1 3569 3593 3570
7017 2 2 1 1 3570 3593 3594
7018 2 2 1 1 3570 3594 3571
7019 2 2 1 1 3571 3594 3595
7020 2 2 1 1 3571 3595 3572
7021 2 2 1 1 3572 3595 3596
7022 2 2 1 1 3572 3596 3573
7023 2 2 1 1 3573 3596 3597
7024 2 2 1 1 3573 3597 3574
7025 2 2 1 1 3574 3597 3598
7026 2 2 1 1 3574 3598 3575
7027 2 2 1 1 3575 3598 3599
7028 2 2 1 1 3575 3599 3576
7029 2 2 1 1 3576 3599 3600
7030 2 2 1 1 3576 3600 3577
7031 2 2 1 1 3577 3600 3601
7032 2 2 1 1 3577 3601 3578
7033 2 2 1 1 3578 3601 3602
7034 2 2 1 1 3578 3602 3579
7035 2 2 1 1 3579 3602 3603
7036 2 2 1 1 3579 3603 3580
7037 2 2 1 1 3580 3603 3604
7038 2 2 1 1 3580 3604 3581
7039 2 2 1 1 3581 3604 3605
7040 2 2 1 1 3581 3605 3582
7041 2 2 1 1 3582 3605 3606
7042 2 2 1 1 3582 3606 3583
7043 2 2 1 1 3583 3606 3607
7044 2 2 1 1 3583 3607 3584
7045 2 2 1 1 3584 3607 3608
7046 2 2 1 1 3584 3608 3585
7047 2 2 1 1 3585 3608 3609
7048 2 2 1 1 3585 3609 3586
7049 2 2 1 1 3586 3609 3610
7050 2 2 1 1 3586 3610 3587
7051 2 2 1 1 3587 3610 3611
7052 2 2 1 1 3587 3611 3588
7053 2 2 1 1 3588 3611 3612
7054 2 2 1 1 3588 3612 3589
7055 2 2 1 1 3589 3612 3613
7056 2 2 1 1 3589 3613 3590
7057 2 2 1 1 3590 3613 3614
7058 2 2 1 1 3590 3614 3591
7059 2 2 1 1 46 48 3615
7060 2 2 1 1 46 3615 3592
7061 2 2 1 1 3592 3615 3616
7062 2 2 1 1 3592 3616 3593
7063 2 2 1 1 3593 3616 3617
7064 2 2 1 1 3593 3617 3594
7065 2 2 1 1 3594 3617 3618
7066 2 2 1 1 3594 3618 3595
7067 2 2 1 1 3595 3618 3619
7068 2 2 1 1 3595 3619 3596
7069 2 2 1 1 3596 3619 3620
7070 2 2 1 1 3596 3620 3597
7071 2 2 1 1 3597 3620 3621
7072 2 2 1 1 3597 3621 3598
7073 2 2 1 1 3598 3621 3622
7074 2 2 1 1 3598 3622 3599
7075 2 2 1 1 3599 3622 3623
7076 2 2 1 1 3599 3623 3600
7077 2 2 1 1 3600 3623 3624
7078 2 2 1 1 3600 3624 3601
7079 2 2 1 1 3601 3624 3625
7080 2 2 1 1 3601 3625 3602
7081 2 2 1 1 3602 3625 3626
7082 2 2 1 1 3602 3626 3603
7083 2 2 1 1 3603 3626 3627
7084 2 2 1 1 3603 3627 3604
7085 2 2 1 1 3604 3627 3628
7086 2 2 1 1 3604 3628 3605
7087 2 2 1 1 3605 3628 3629
7088 2 2 1 1 3605 3629 3606
7089 2 2 1 1 3606 3629 3630
7090 2 2 1 1 3606 3630 3607
7091 2 2 1 1 3607 3630 3631
7092 2 2 1 1 3607 3631 3608
7093 2 2 1 1 3608 3631 3632
7094 2 2 1 1 3608 3632 3609
7095 2 2 1 1 3609 3632 3633
7096 2 2 1 1 3609 3633 3610
7097 2 2 1 1 3610 3633 3634
7098 2 2 1 1 3610 3634 3611
7099 2 2 1 1 3611 3634 3635
7100 2 2 1 1 3611 3635 3612
7101 2 2 1 1 3612 3635 3636
7102 2 2 1 1 3612 3636 3613
7103 2 2 1 1 3613 3636 3637
7104 2 2 1 1 3613 3637 3614
7105 2 2 1 1 48 50 3638
7106 2 2 1 1 48 3638 3615
7107 2 2 1 1 3615 3638 3639
7108 2 2 1 1 3615 3639 3616
7109 2 2 1 1 3616 3639 3640
7110 2 2 1 1 3616 3640 3617
7111 2 2 1 1 3617 3640 3641
7112 2 2 1 1 3617 3641 3618
7113 2 2 1 1 3618 3641 3642
7114 2 2 1 1 3618 3642 3619
7115 2 2 1 1 3619 3642 3643
7116 2 2 1 1 3619 3643 3620
7117 2 2 1 1 3620 3643 3644
7118 2 2 1 1 3620 3644 3621
7119 2 2 1 1 3621 3644 3645
7120 2 2 1 1 3621 3645 3622
7121 2 2 1 1 3622 3645 3646
7122 2 2 1 1 3622 3646 3623
7123 2 2 1 1 3623 3646 3647
7124 2 2 1 1 3623 3647 3624
7125 2 2 1 1 3624 3647 3648
7126 2 2 1 1 3624 3648 3625
7127 2 2 1 1 3625 3648 3649
7128 2 2 1 1 3625 3649 3626
7129 2 2 1 1 3626 3649 3650
7130 2 2 1 1 3626 3650 3627
7131 2 2 1 1 3627 3650 3651
7132 2 2 1 1 3627 3651 3628
7133 2 2 1 1 3628 3651 3652
7134 2 2 1 1 3628 3652 3629
7135 2 2 1 1 3629 3652 3653
7136 2 2 1 1 3629 3653 3630
7137 2 2 1 1 3630 3653 3654
7138 2 2 1 1 3630 3654 3631
7139 2 2 1 1 3631 3654 3655
7140 2 2 1 1 3631 3655 3632
7141 2 2 1 1 3632 3655 3656
7142 2 2 1 1 3632 3656 3633
7143 2 2 1 1 3633 3656 3657
7144 2 2 1 1 3633 3657 3634
7145 2 2 1 1 3634 3657 3658
7146 2 2 1 1 3634 3658 3635
7147 2 2 1 1 3635 3658 3659
7148 2 2 1 1 3635 3659 3636
7149 2 2 1 1 3636 3659 3660
7150 2 2 1 1 3636 3660 3637
7151 2 2 1 1 50 52 3661
7152 2 2 1 1 50 3661 3638
7153 2 2 1 1 3638 3661 3662
7154 2 2 1 1 3638 3662 3639
7155 2 2 1 1 3639 3662 3663
7156 2 2 1 1 3639 3663 3640
7157 2 2 1 1 3640 3663 3664
7158 2 2 1 1 3640 3664 3641
7159 2 2 1 1 3641 3664 3665
7160 2 2 1 1 3641 3665 3642
7161 2 2 1 1 3642 3665 3666
7162 2 2 1 1 3642 3666 3643
7163 2 2 1 1 3643 3666 3667
7164 2 2 1 1 3643 3667 3644
7165 2 2 1 1 3644 3667 3668
7166 2 2 1 1 3644 3668 3645
7167 2 2 1 1 3645 3668 3669
7168 2 2 1 1 3645 3669 3646
7169 2 2 1 1 3646 3669 3670
7170 2 2 1 1 3646 3670 3647
7171 2 2 1 1 3647 3670 3671
7172 2 2 1 1 3647 3671 3648
7173 2 2 1 1 3648 3671 3672
7174 2 2 1 1 3648 3672 3649
7175 2 2 1 1 3649 3672 3673
7176 2 2 1 1 3649 3673 3650
7177 2 2 1 1 3650 3673 3674
7178 2 2 1 1 3650 3674 3651
7179 2 2 1 1 3651 3674 3675
7180 2 2 1 1 3651 3675 3652
7181 2 2 1 1 3652 3675 3676
7182 2 2 1 1 3652 3676 3653
7183 2 2 1 1 3653 3676 3677
7184 2 2 1 1 3653 3677 3654
7185 2 2 1 1 3654 3677 3678
7186 2 2 1 1 3654 3678 3655
7187 2 2 1 1 3655 3678 3679
7188 2 2 1 1 3655 3679 3656
7189 2 2 1 1 3656 3679 3680
7190 2 2 1 1 3656 3680 3657
7191 2 2 1 1 3657 3680 3681
7192 2 2 1 1 3657 3681 3658
7193 2 2 1 1 3658 3681 3682
7194 2 2 1 1 3658 3682 3659
7195 2 2 1 1 3659 3682 3683
7196 2 2 1 1 3659 3683 3660
7197 2 2 1 1 52 54 3684
7198 2 2 1 1 52 3684 3661
7199 2 2 1 1 3661 3684 3685
7200 2 2 1 1 3661 3685 3662
7201 2 2 1 1 3662 3685 3686
7202 2 2 1 1 3662 3686 3663
7203 2 2 1 1 3663 3686 3687
7204 2 2 1 1 3663 3687 3664
7205 2 2 1 1 3664 3687 3688
7206 2 2 1 1 3664 3688 3665
7207 2 2 1 1 3665 3688 3689
7208 2 2 1 1 3665 3689 3666
7209 2 2 1 1 3666 3689 3690
7210 2 2 1 1 3666 3690 3667
7211 2 2 1 1 3667 3690 3691
7212 2 2 1 1 3667 3691 3668
7213 2 2 1 1 3668 3691 3692
7214 2 2 1 1 3668 3692 3669
7215 2 2 1 1 3669 3692 3693
7216 2 2 1 1 3669 3693 3670
7217 2 2 1 1 3670 3693 3694
7218 2 2 1 1 3670 3694 3671
7219 2 2 1 1 3671 3694 3695
7220 2 2 1 1 3671 3695 3672
7221 2 2 1 1 3672 3695 3696
7222 2 2 1 1 3672 3696 3673
7223 2 2 1 1 3673 3696 3697
7224 2 2 1 1 3673 3697 3674
7225 2 2 1 1 3674 3697 3698
7226 2 2 1 1 3674 3698 3675
7227 2 2 1 1 3675 3698 3699
7228 2 2 1 1 3675 3699 3676
7229 2 2 1 1 3676 3699 3700
7230 2 2 1 1 3676 3700 3677
7231 2 2 1 1 3677 3700 3701
7232 2 2 1 1 3677 3701 3678
7233 2 2 1 1 3678 3701 3702
7234 2 2 1 1 3678 3702 3679
7235 2 2 1 1 3679 3702 3703
7236 2 2 1 1 3679 3703 3680
7237 2 2 1 1 3680 3703 3704
7238 2 2 1 1 3680 3704 3681
7239 2 2 1 1 3681 3704 3705
7240 2 2 1 1 3681 3705 3682
7241 2 2 1 1 3682 3705 3706
7242 2 2 1 1 3682 3706 3683
7243 2 2 1 1 54 56 3707
7244 2 2 1 1 54 3707 3684
7245 2 2 1 1 3684 3707 3708
7246 2 2 1 1 3684 3708 3685
7247 2 2 1 1 3685 3708 3709
7248 2 2 1 1 3685 3709 3686
7249 2 2 1 1 3686 3709 3710
7250 2 2 1 1 3686 3710 3687
7251 2 2 1 1 3687 3710 3711
7252 2 2 1 1 3687 3711 3688
7253 2 2 1 1 3688 3711 3712
7254 2 2 1 1 3688 3712 3689
7255 2 2 1 1 3689 3712 3713
7256 2 2 1 1 3689 3713 3690
7257 2 2 1 1 3690 3713 3714
7258 2 2 1 1 3690 3714 3691
7259 2 2 1 1 3691 3714 3715
7260 2 2 1 1 3691 3715 3692
7261 2 2 1 1 3692 3715 3716
7262 2 2 1 1 3692 3716 3693
7263 2 2 1 1 3693 3716 3717
7264 2 2 1 1 3693 3717 3694
7265 2 2 1 1 3694 3717 3718
7266 2 2 1 1 3694 3718 3695
7267 2 2 1 1 3695 3718 3719
7268 2 2 1 1 3695 3719 3696
7269 2 2 1 1 3696 3719 3720
7270 2 2 1 1 3696 3720 3697
7271 2 2 1 1 3697 3720 3721
7272 2 2 1 1 3697 3721 3698
7273 2 2 1 1 3698 3721 3722
7274 2 2 1 1 3698 3722 3699
7275 2 2 1 1 3699 3722 3723
7276 2 2 1 1 3699 3723 3700
7277 2 2 1 1 3700 3723 3724
7278 2 2 1 1 3700 3724 3701
7279 2 2 1 1 3701 3724 3725
7280 2 2 1 1 3701 3725 3702
7281 2 2 1 1 3702 3725 3726
7282 2 2 1 1 3702 3726 3703
7283 2 2 1 1 3703 3726 3727
7284 2 2 1 1 3703 3727 3704
7285 2 2 1 1 3704 3727 3728
7286 2 2 1 1 3704 3728 3705
7287 2 2 1 1 3705 3728 3729
7288 2 2 1 1 3705 3729 3706
7289 2 2 1 1 56 58 3730
7290 2 2 1 1 56 3730 3707
7291 2 2 1 1 3707 3730 3731
7292 2 2 1 1 3707 3731 3708
7293 2 2 1 1 3708 3731 3732
7294 2 2 1 1 3708 3732 3709
7295 2 2 1 1 3709 3732 3733
7296 2 2 1 1 3709 3733 3710
7297 2 2 1 1 3710 3733 3734
7298 2 2 1 1 3710 3734 3711
7299 2 2 1 1 3711 3734 3735
7300 2 2 1 1 3711 3735 3712
7301 2 2 1 1 3712 3735 3736
7302 2 2 1 1 3712 3736 3713
7303 2 2 1 1 3713 3736 3737
7304 2 2 1 1 3713 3737 3714
7305 2 2 1 1 3714 3737 3738
7306 2 2 1 1 3714 3738 3715
7307 2 2 1 1 3715 3738 3739
7308 2 2 1 1 3715 3739 3716
7309 2 2 1 1 3716 3739 3740
7310 2 2 1 1 3716 3740 3717
7311 2 2 1 1 3717 3740 3741
7312 2 2 1 1 3717 3741 3718
7313 2 2 1 1 3718 3741 3742
7314 2 2 1 1 3718 3742 3719
7315 2 2 1 1 3719 3742 3743
7316 2 2 1 1 3719 3743 3720
7317 2 2 1 1 3720 3743 3744
7318 2 2 1 1 3720 3744 3721
7319 2 2 1 1 3721 3744 3745
7320 2 2 1 1 3721 3745 3722
7321 2 2 1 1 3722 3745 3746
7322 2 2 1 1 3722 3746 3723
7323 2 2 1 1 3723 3746 3747
7324 2 2 1 1 3723 3747 3724
7325 2 2 1 1 3724 3747 3748
7326 2 2 1 1 3724 3748 3725
7327 2 2 1 1 3725 3748 3749
7328 2 2 1 1 3725 3749 3726
7329 2 2 1 1 3726 3749 3750
7330 2 2 1 1 3726 3750 3727
7331 2 2 1 1 3727 3750 3751
7332 2 2 1 1 3727 3751 3728
7333 2 2 1 1 3728 3751 3752
7334 2 2 1 1 3728 3752 3729
7335 2 2 1 1 58 60 3753
7336 2 2 1 1 58 3753 3730
7337 2 2 1 1 3730 3753 3754
7338 2 2 1 1 3730 3754 3731
7339 2 2 1 1 3731 3754 3755
7340 2 2 1 1 3731 3755 3732
7341 2 2 1 1 3732 3755 3756
7342 2 2 1 1 3732 3756 3733
7343 2 2 1 1 3733 3756 3757
7344 2 2 1 1 3733 3757 3734
7345 2 2 1 1 3734 3757 3758
7346 2 2 1 1 3734 3758 3735
7347 2 2 1 1 3735 3758 3759
7348 2 2 1 1 3735 3759 3736
7349 2 2 1 1 3736 3759 3760
7350 2 2 1 1 3736 3760 3737
7351 2 2 1 1 3737 3760 3761
7352 2 2 1 1 3737 3761 3738
7353 2 2 1 1 3738 3761 3762
7354 2 2 1 1 3738 3762 3739
7355 2 2 1 1 3739 3762 3763
7356 2 2 1 1 3739 3763 3740
7357 2 2 1 1 3740 3763 3764
7358 2 2 1 1 3740 3764 3741
7359 2 2 1 1 3741 3764 3765
7360 2 2 1 1 3741 3765 3742
7361 2 2 1 1 3742 3765 3766
7362 2 2 1 1 3742 3766 3743
7363 2 2 1 1 3743 3766 3767
7364 2 2 1 1 3743 3767 3744
7365 2 2 1 1 3744 3767 3768
7366 2 2 1 1 3744 3768 3745
7367 2 2 1 1 3745 3768 3769
7368 2 2 1 1 3745 3769 3746
7369 2 2 1 1 3746 3769 3770
7370 2 2 1 1 3746 3770 3747
7371 2 2 1 1 3747 3770 3771
7372 2 2 1 1 3747 3771 3748
7373 2 2 1 1 3748 3771 3772
7374 2 2 1 1 3748 3772 3749
7375 2 2 1 1 3749 3772 3773
7376 2 2 1 1 3749 3773 3750
7377 2 2 1 1 3750 3773 3774
7378 2 2 1 1 3750 3774 3751
7379 2 2 1 1 3751 3774 3775
7380 2 2 1 1 3751 3775 3752
7381 2 2 1 1 60 62 3776
7382 2 2 1 1 60 3776 3753
7383 2 2 1 1 3753 3776 3777
7384 2 2 1 1 3753 3777 3754
7385 2 2 1 1 3754 3777 3778
7386 2 2 1 1 3754 3778 3755
7387 2 2 1 1 3755 3778 3779
7388 2 2 1 1 3755 3779 3756
7389 2 2 1 1 3756 3779 3780
7390 2 2 1 1 3756 3780 3757
7391 2 2 1 1 3757 3780 3781
7392 2 2 1 1 3757 3781 3758
7393 2 2 1 1 3758 3781 3782
7394 2 2 1 1 3758 3782 3759
7395 2 2 1 1 3759 3782 3783
7396 2 2 1 1 3759 3783 3760
7397 2 2 1 1 3760 3783 3784
7398 2 2 1 1 3760 3784 3761
7399 2 2 1 1 3761 3784 3785
7400 2 2 1 1 3761 3785 3762
7401 2 2 1 1 3762 3785 3786
7402 2 2 1 1 3762 3786 3763
7403 2 2 1 1 3763 3786 3787
7404 2 2 1 1 3763 3787 3764
7405 2 2 1 1 3764 3787 3788
7406 2 2 1 1 3764 3788 3765
7407 2 2 1 1 3765 3788 3789
7408 2 2 1 1 3765 3789 3766
7409 2 2 1 1 3766 3789 3790
7410 2 2 1 1 3766 3790 3767
7411 2 2 1 1 3767 3790 3791
7412 2 2 1 1 3767 3791 3768
7413 2 2 1 1 3768 3791 3792
7414 2 2 1 1 3768 3792 3769
7415 2 2 1 1 3769 3792 3793
7416 2 2 1 1 3769 3793 3770
7417 2 2 1 1 3770 3793 3794
7418 2 2 1 1 3770 3794 3771
7419 2 2 1 1 3771 3794 3795
7420 2 2 1 1 3771 3795 3772
7421 2 2 1 1 3772 3795 3796
7422 2 2 1 1 3772 3796 3773
7423 2 2 1 1 3773 3796 3797
7424 2 2 1 1 3773 3797 3774
7425 2 2 1 1 3774 3797 3798
7426 2 2 1 1 3774 3798 3775
7427 2 2 1 1 62 64 994
7428 2 2 1 1 62 994 3776
7429 2 2 1 1 3776 994 996
7430 2 2 1 1 3776 996 3777
7431 2 2 1 1 3777 996 998
7432 2 2 1 1 3777 998 3778
7433 2 2 1 1 3778 998 1000
7434 2 2 1 1 3778 1000 3779
7435 2 2 1 1 3779 1000 1002
7436 2 2 1 1 3779 1002 3780
7437 2 2 1 1 3780 1002 1004
7438 2 2 1 1 3780 1004 3781
7439 2 2 1 1 3781 1004 1006
7440 2 2 1 1 3781 1006 3782
7441 2 2 1 1 3782 1006 1008
7442 2 2 1 1 3782 1008 3783
7443 2 2 1 1 3783 1008 1010
7444 2 2 1 1 3783 1010 3784
7445 2 2 1 1 3784 1010 1012
7446 2 2 1 1 3784 1012 3785
7447 2 2 1 1 3785 1012 1014
7448 2 2 1 1 3785 1014 3786
7449 2 2 1 1 3786 1014 1016
7450 2 2 1 1 3786 1016 3787
7451 2 2 1 1 3787 1016 1018
7452 2 2 1 1 3787 1018 3788
7453 2 2 1 1 3788 1018 1020
7454 2 2 1 1 3788 1020 3789
7455 2 2 1 1 3789 1020 1022
7456 2 2 1 1 3789 1022 3790
7457 2 2 1 1 3790 1022 1024
7458 2 2 1 1 3790 1024 3791
7459 2 2 1 1 3791 1024 1026
7460 2 2 1 1 3791 1026 3792
7461 2 2 1 1 3792 1026 1028
7462 2 2 1 1 3792 1028 3793
7463 2 2 1 1 3793 1028 1030
7464 2 2 1 1 3793 1030 3794
7465 2 2 1 1 3794 1030 1032
7466 2 2 1 1 3794 1032 3795
7467 2 2 1 1 3795 1032 1034
7468 2 2 1 1 3795 1034 3796
7469 2 2 1 1 3796 1034 1036
7470 2 2 1 1 3796 1036 3797
7471 2 2 1 1 3797 1036 1038
7472 2 2 1 1 3797 1038 3798
7473 2 2 1 1 3799 3800 2388
7474 2 2 1 1 3799 2388 2388
7475 2 2 1 1 3801 3802 1705
7476 2 2 1 1 3801 1705 1705
7477 2 2 1 1 2417 3803 2418
7478 2 2 1 1 2417 2418 2418
7479 2 2 1 1 1037 3804 1038
7480 2 2 1 1 1037 1038 1038
7481 2 2 1 1 2416 3805 2417
7482 2 2 1 1 2416 2417 2417
7483 2 2 1 1 3806 3807 3804
7484 2 2 1 1 3806 3804 3804
7485 2 2 1 1 1061 3808 3809
7486 2 2 1 1 1061 3809 3809
7487 2 2 1 1 3810 3800 3811
7488 2 2 1 1 3810 3811 3811
7489 2 2 1 1 3812 3813 3802
7490 2 2 1 1 3812 3802 3802
7491 2 2 1 1 3805 2416 3814
7492 2 2 1 1 3805 3814 3814
7493 2 2 1 1 3815 3810 3811
7494 2 2 1 1 3815 3811 3811
7495 2 2 1 1 2389 2388 3800
7496 2 2 1 1 2389 3800 3800
7497 2 2 1 1 3809 3804 1037
7498 2 2 1 1 3809 1037 1037
7499 2 2 1 1 1084 3808 1061
7500 2 2 1 1 1084 1061 1061
7501 2 2 1 1 3816 3817 3818
7502 2 2 1 1 3816 3818 3819
7503 2 2 1 1 3820 3821 3800
7504 2 2 1 1 3820 3800 3810
7505 2 2 1 1 1107 3822 1084
7506 2 2 1 1 1107 1084 1084
7507 2 2 1 1 3822 1107 3823
7508 2 2 1 1 3822 3823 3823
7509 2 2 1 1 1682 1705 3802
7510 2 2 1 1 1682 3802 3802
7511 2 2 1 1 2413 3817 2414
7512 2 2 1 1 2413 2414 2414
7513 2 2 1 1 2412 3824 2413
7514 2 2 1 1 2412 2413 2413
7515 2 2 1 1 3825 3826 3827
7516 2 2 1 1 3825 3827 3827
7517 2 2 1 1 3828 3827 3826
7518 2 2 1 1 3828 3826 3826
7519 2 2 1 1 1176 3829 1153
7520 2 2 1 1 1176 1153 1153
7521 2 2 1 1 3830 3831 3832
7522 2 2 1 1 3830 3832 3832
7523 2 2 1 1 3821 3833 2390
7524 2 2 1 1 3821 2390 2390
7525 2 2 1 1 3827 3828 3834
7526 2 2 1 1 3827 3834 3834
7527 2 2 1 1 3835 3836 3837
7528 2 2 1 1 3835 3837 3837
7529 2 2 1 1 3838 3839 3840
7530 2 2 1 1 3838 3840 3840
7531 2 2 1 1 3841 3842 3843
7532 2 2 1 1 3841 3843 3843
7533 2 2 1 1 3832 3844 3830
7534 2 2 1 1 3832 3830 3830
7535 2 2 1 1 3833 3845 2391
7536 2 2 1 1 3833 2391 2391
7537 2 2 1 1 3846 2409 3847
7538 2 2 1 1 3846 3847 3847
7539 2 2 1 1 1291 3848 1268
7540 2 2 1 1 1291 1268 1268
7541 2 2 1 1 3849 3850 2393
7542 2 2 1 1 3849 2393 2393
7543 2 2 1 1 3851 3852 3853
7544 2 2 1 1 3851 3853 3853
7545 2 2 1 1 3854 3855 3856
7546 2 2 1 1 3854 3856 3856
7547 2 2 1 1 3853 3857 3851
7548 2 2 1 1 3853 3851 3851
7549 2 2 1 1 3850 3858 2394
7550 2 2 1 1 3850 2394 2394
7551 2 2 1 1 3859 3860 3861
7552 2 2 1 1 3859 3861 3861
7553 2 2 1 1 3862 3863 3864
7554 2 2 1 1 3862 3864 3864
7555 2 2 1 1 3865 3864 3863
7556 2 2 1 1 3865 3863 3863
7557 2 2 1 1 3866 3867 3868
7558 2 2 1 1 3866 3868 3868
7559 2 2 1 1 3869 3856 3855
7560 2 2 1 1 3869 3855 3855
7561 2 2 1 1 3870 3871 3872
7562 2 2 1 1 3870 3872 3872
7563 2 2 1 1 3858 3873 2395
7564 2 2 1 1 3858 2395 2395
7565 2 2 1 1 1337 3874 1314
7566 2 2 1 1 1337 1314 1314
7567 2 2 1 1 3875 3855 3854
7568 2 2 1 1 3875 3854 3854
7569 2 2 1 1 3840 3876 3877
7570 2 2 1 1 3840 3877 3877
7571 2 2 1 1 3878 3879 3880
7572 2 2 1 1 3878 3880 3880
7573 2 2 1 1 3881 3882 2404
7574 2 2 1 1 3881 2404 2404
7575 2 2 1 1 3883 3884 3885
7576 2 2 1 1 3883 3885 3885
7577 2 2 1 1 3886 3880 3879
7578 2 2 1 1 3886 3879 3879
7579 2 2 1 1 3887 3881 2403
7580 2 2 1 1 3887 2403 2403
7581 2 2 1 1 1383 1406 3888
7582 2 2 1 1 1383 3888 3888
7583 2 2 1 1 3802 3889 1682
7584 2 2 1 1 3802 1682 1682
7585 2 2 1 1 3889 3890 1659
7586 2 2 1 1 3889 1659 1659
7587 2 2 1 1 3891 3892 3893
7588 2 2 1 1 3891 3893 3893
7589 2 2 1 1 1544 3894 1521
7590 2 2 1 1 1544 1521 1521
7591 2 2 1 1 3894 3895 1521
7592 2 2 1 1 3894 1521 1521
7593 2 2 1 1 3895 3896 1498
7594 2 2 1 1 3895 1498 1498
7595 2 2 1 1 3896 3897 1475
7596 2 2 1 1 3896 1475 1475
7597 2 2 1 1 1429 1452 3898
7598 2 2 1 1 1429 3898 3898
7599 2 2 1 1 3899 3898 3900
7600 2 2 1 1 3899 3900 3901
7601 2 2 1 1 3899 3888 1406
7602 2 2 1 1 3899 1406 1406
7603 2 2 1 1 3902 3903 3904
7604 2 2 1 1 3902 3904 3904
7605 2 2 1 1 3905 3906 3907
7606 2 2 1 1 3905 3907 3907
7607 2 2 1 1 3908 3909 3910
7608 2 2 1 1 3908 3910 3910
7609 2 2 1 1 3911 3912 3913
7610 2 2 1 1 3911 3913 3913
7611 2 2 1 1 3914 3915 2398
7612 2 2 1 1 3914 2398 2398
7613 2 2 1 1 3916 3917 3918
7614 2 2 1 1 3916 3918 3918
7615 2 2 1 1 3919 3920 3921
7616 2 2 1 1 3919 3921 3921
7617 2 2 1 1 3922 3923 3924
7618 2 2 1 1 3922 3924 3924
7619 2 2 1 1 3925 3926 3927
7620 2 2 1 1 3925 3927 3927
7621 2 2 1 1 3928 3917 3916
7622 2 2 1 1 3928 3916 3916
7623 2 2 1 1 3929 3930 3931
7624 2 2 1 1 3929 3931 3931
7625 2 2 1 1 3932 3933 3934
7626 2 2 1 1 3932 3934 3934
7627 2 2 1 1 3935 3936 3937
7628 2 2 1 1 3935 3937 3937
7629 2 2 1 1 3938 3939 3940
7630 2 2 1 1 3938 3940 3940
7631 2 2 1 1 3916 3938 3928
7632 2 2 1 1 3916 3928 3928
7633 2 2 1 1 3935 3937 3925
7634 2 2 1 1 3935 3925 3925
7635 2 2 1 1 3941 3942 3943
7636 2 2 1 1 3941 3943 3943
7637 2 2 1 1 3944 3942 3945
7638 2 2 1 1 3944 3945 3945
7639 2 2 1 1 3817 2413 3824
7640 2 2 1 1 3817 3824 3824
7641 2 2 1 1 3905 3908 3906
7642 2 2 1 1 3905 3906 3906
7643 2 2 1 1 2399 3946 2400
7644 2 2 1 1 2399 2400 2400
7645 2 2 1 1 3947 3948 3949
7646 2 2 1 1 3947 3949 3950
7647 2 2 1 1 3951 3952 3953
7648 2 2 1 1 3951 3953 3953
7649 2 2 1 1 3954 3953 3952
7650 2 2 1 1 3954 3952 3952
7651 2 2 1 1 3955 3956 3957
7652 2 2 1 1 3955 3957 3957
7653 2 2 1 1 3958 3957 3959
7654 2 2 1 1 3958 3959 3959
7655 2 2 1 1 3958 3959 3960
7656 2 2 1 1 3958 3960 3960
7657 2 2 1 1 3961 3904 3903
7658 2 2 1 1 3961 3903 3903
7659 2 2 1 1 3904 3961 3962
7660 2 2 1 1 3904 3962 3962
7661 2 2 1 1 3963 3964 3956
7662 2 2 1 1 3963 3956 3956
7663 2 2 1 1 3965 3830 3844
7664 2 2 1 1 3965 3844 3844
7665 2 2 1 1 3943 3966 3967
7666 2 2 1 1 3943 3967 3967
7667 2 2 1 1 3834 3968 3969
7668 2 2 1 1 3834 3969 3969
7669 2 2 1 1 3970 1199 3971
7670 2 2 1 1 3970 3971 3971
7671 2 2 1 1 3972 3973 3974
7672 2 2 1 1 3972 3974 3974
7673 2 2 1 1 3903 3902 3975
7674 2 2 1 1 3903 3975 3975
7675 2 2 1 1 3871 3976 3977
7676 2 2 1 1 3871 3977 3977
7677 2 2 1 1 3934 3978 3936
7678 2 2 1 1 3934 3936 3936
7679 2 2 1 1 3979 3980 1613
7680 2 2 1 1 3979 1613 1613
7681 2 2 1 1 3981 3982 3932
7682 2 2 1 1 3981 3932 3932
7683 2 2 1 1 3983 3969 3968
7684 2 2 1 1 3983 3968 3968
7685 2 2 1 1 3984 3985 3986
7686 2 2 1 1 3984 3986 3987
7687 2 2 1 1 3932 3988 3933
7688 2 2 1 1 3932 3933 3933
7689 2 2 1 1 3989 3990 3991
7690 2 2 1 1 3989 3991 3991
7691 2 2 1 1 3992 2411 3993
7692 2 2 1 1 3992 3993 3993
7693 2 2 1 1 3994 3995 3996
7694 2 2 1 1 3994 3996 3996
7695 2 2 1 1 3919 3997 3998
7696 2 2 1 1 3919 3998 3998
7697 2 2 1 1 3999 4000 4001
7698 2 2 1 1 3999 4001 4001
7699 2 2 1 1 4002 4003 4004
7700 2 2 1 1 4002 4004 4004
7701 2 2 1 1 4005 4006 3835
7702 2 2 1 1 4005 3835 3835
7703 2 2 1 1 4007 3803 4008
7704 2 2 1 1 4007 4008 4008
7705 2 2 1 1 4009 4010 1567
7706 2 2 1 1 4009 1567 1567
7707 2 2 1 1 4011 4012 3981
7708 2 2 1 1 4011 3981 3981
7709 2 2 1 1 4013 4014 4015
7710 2 2 1 1 4013 4015 4016
7711 2 2 1 1 3876 3840 3839
7712 2 2 1 1 3876 3839 3839
7713 2 2 1 1 3806 4017 4018
7714 2 2 1 1 3806 4018 4019
7715 2 2 1 1 2408 3847 2409
7716 2 2 1 1 2408 2409 2409
7717 2 2 1 1 4020 4019 3838
7718 2 2 1 1 4020 3838 3838
7719 2 2 1 1 3885 4021 3883
7720 2 2 1 1 3885 3883 3883
7721 2 2 1 1 4022 4023 4024
7722 2 2 1 1 4022 4024 4025
7723 2 2 1 1 3847 2408 4026
7724 2 2 1 1 3847 4026 4026
7725 2 2 1 1 3885 3884 4027
7726 2 2 1 1 3885 4027 4027
7727 2 2 1 1 4028 4029 4030
7728 2 2 1 1 4028 4030 4030
7729 2 2 1 1 3874 1337 4031
7730 2 2 1 1 3874 4031 4031
7731 2 2 1 1 1130 1153 4032
7732 2 2 1 1 1130 4032 4032
7733 2 2 1 1 4033 4034 4035
7734 2 2 1 1 4033 4035 4036
7735 2 2 1 1 2411 3992 2412
7736 2 2 1 1 2411 2412 2412
7737 2 2 1 1 3912 3911 4037
7738 2 2 1 1 3912 4037 4037
7739 2 2 1 1 3831 4038 4039
7740 2 2 1 1 3831 4039 4039
7741 2 2 1 1 4040 3973 4030
7742 2 2 1 1 4040 4030 4030
7743 2 2 1 1 3964 3959 3957
7744 2 2 1 1 3964 3957 3957
7745 2 2 1 1 4041 4042 4043
7746 2 2 1 1 4041 4043 4044
7747 2 2 1 1 4045 3835 3837
7748 2 2 1 1 4045 3837 3837
7749 2 2 1 1 3815 4046 3810
7750 2 2 1 1 3815 3810 3810
7751 2 2 1 1 3815 4047 4046
7752 2 2 1 1 3815 4046 4046
7753 2 2 1 1 4048 4049 2401
7754 2 2 1 1 4048 2401 2401
7755 2 2 1 1 3879 4050 3886
7756 2 2 1 1 3879 3886 3886
7757 2 2 1 1 3845 3849 2392
7758 2 2 1 1 3845 2392 2392
7759 2 2 1 1 3848 1291 4051
7760 2 2 1 1 3848 4051 4051
7761 2 2 1 1 4047 4052 4053
7762 2 2 1 1 4047 4053 4053
7763 2 2 1 1 3939 4054 4055
7764 2 2 1 1 3939 4055 4055
7765 2 2 1 1 4056 4057 4058
7766 2 2 1 1 4056 4058 4059
7767 2 2 1 1 3995 3994 4050
7768 2 2 1 1 3995 4050 4050
7769 2 2 1 1 3880 3870 3878
7770 2 2 1 1 3880 3878 3878
7771 2 2 1 1 4060 4061 4062
7772 2 2 1 1 4060 4062 4063
7773 2 2 1 1 3977 3872 3871
7774 2 2 1 1 3977 3871 3871
7775 2 2 1 1 4064 4065 4066
7776 2 2 1 1 4064 4066 4067
7777 2 2 1 1 3812 4068 3813
7778 2 2 1 1 3812 3813 3813
7779 2 2 1 1 3852 3965 4069
7780 2 2 1 1 3852 4069 4069
7781 2 2 1 1 4070 3927 3926
7782 2 2 1 1 4070 3926 3926
7783 2 2 1 1 2415 2414 3816
7784 2 2 1 1 2415 3816 3816
7785 2 2 1 1 4071 4072 4073
7786 2 2 1 1 4071 4073 3819
7787 2 2 1 1 3843 4074 3841
7788 2 2 1 1 3843 3841 3841
7789 2 2 1 1 3898 3899 1429
7790 2 2 1 1 3898 1429 1429
7791 2 2 1 1 1130 3823 1107
7792 2 2 1 1 1130 1107 1107
7793 2 2 1 1 1498 1521 3895
7794 2 2 1 1 1498 3895 3895
7795 2 2 1 1 4075 4076 4077
7796 2 2 1 1 4075 4077 4077
7797 2 2 1 1 4078 4079 4080
7798 2 2 1 1 4078 4080 4081
7799 2 2 1 1 2405 3882 4082
7800 2 2 1 1 2405 4082 4082
7801 2 2 1 1 1268 4083 1245
7802 2 2 1 1 1268 1245 1245
7803 2 2 1 1 4032 1153 3829
7804 2 2 1 1 4032 3829 3829
7805 2 2 1 1 4084 4085 4086
7806 2 2 1 1 4084 4086 4087
7807 2 2 1 1 4088 3918 3917
7808 2 2 1 1 4088 3917 3917
7809 2 2 1 1 3867 3865 3868
7810 2 2 1 1 3867 3868 3868
7811 2 2 1 1 4089 4090 4091
7812 2 2 1 1 4089 4091 4092
7813 2 2 1 1 3991 4093 3989
7814 2 2 1 1 3991 3989 3989
7815 2 2 1 1 4094 3938 3916
7816 2 2 1 1 4094 3916 4095
7817 2 2 1 1 4096 4097 4098
7818 2 2 1 1 4096 4098 4099
7819 2 2 1 1 3839 3838 4019
7820 2 2 1 1 3839 4019 4019
7821 2 2 1 1 2390 2389 3821
7822 2 2 1 1 2390 3821 3821
7823 2 2 1 1 3801 3812 3802
7824 2 2 1 1 3801 3802 3802
7825 2 2 1 1 4049 3887 2402
7826 2 2 1 1 4049 2402 2402
7827 2 2 1 1 3864 3859 3862
7828 2 2 1 1 3864 3862 3862
7829 2 2 1 1 3962 4001 4000
7830 2 2 1 1 3962 4000 4000
7831 2 2 1 1 3960 4100 4101
7832 2 2 1 1 3960 4101 4101
7833 2 2 1 1 4056 4102 4103
7834 2 2 1 1 4056 4103 4104
7835 2 2 1 1 4105 3987 3825
7836 2 2 1 1 4105 3825 3825
7837 2 2 1 1 4106 4107 4108
7838 2 2 1 1 4106 4108 4109
7839 2 2 1 1 3807 3806 4020
7840 2 2 1 1 3807 4020 4020
7841 2 2 1 1 4019 4018 4110
7842 2 2 1 1 4019 4110 3839
7843 2 2 1 1 3875 4037 3911
7844 2 2 1 1 3875 3911 3911
7845 2 2 1 1 4111 4112 4113
7846 2 2 1 1 4111 4113 4114
7847 2 2 1 1 4067 4024 3976
7848 2 2 1 1 4067 3976 3871
7849 2 2 1 1 4115 4116 3818
7850 2 2 1 1 4115 3818 4117
7851 2 2 1 1 4118 4119 4120
7852 2 2 1 1 4118 4120 4121
7853 2 2 1 1 4122 4123 4124
7854 2 2 1 1 4122 4124 4125
7855 2 2 1 1 4126 4127 4128
7856 2 2 1 1 4126 4128 4129
7857 2 2 1 1 4010 3894 1544
7858 2 2 1 1 4010 1544 1544
7859 2 2 1 1 1567 1590 4009
7860 2 2 1 1 1567 4009 4009
7861 2 2 1 1 4100 4130 4131
7862 2 2 1 1 4100 4131 4132
7863 2 2 1 1 3924 3913 3922
7864 2 2 1 1 3924 3922 3922
7865 2 2 1 1 4133 4134 3993
7866 2 2 1 1 4133 3993 3846
7867 2 2 1 1 2410 2409 3846
7868 2 2 1 1 2410 3846 3846
7869 2 2 1 1 3837 4135 4045
7870 2 2 1 1 3837 4045 4045
7871 2 2 1 1 4136 4137 4044
7872 2 2 1 1 4136 4044 4043
7873 2 2 1 1 3897 3898 1452
7874 2 2 1 1 3897 1452 1452
7875 2 2 1 1 4015 4014 4138
7876 2 2 1 1 4015 4138 3900
7877 2 2 1 1 3984 3803 3805
7878 2 2 1 1 3984 3805 3985
7879 2 2 1 1 4007 2418 3803
7880 2 2 1 1 4007 3803 3803
7881 2 2 1 1 3957 3956 3964
7882 2 2 1 1 3957 3964 3964
7883 2 2 1 1 4139 4029 4140
7884 2 2 1 1 4139 4140 4027
7885 2 2 1 1 3884 4141 4139
7886 2 2 1 1 3884 4139 4139
7887 2 2 1 1 4142 4143 4144
7888 2 2 1 1 4142 4144 4145
7889 2 2 1 1 3988 3982 4146
7890 2 2 1 1 3988 4146 4147
7891 2 2 1 1 4148 4149 4150
7892 2 2 1 1 4148 4150 4151
7893 2 2 1 1 3909 4076 3910
7894 2 2 1 1 3909 3910 3910
7895 2 2 1 1 3990 4152 4153
7896 2 2 1 1 3990 4153 4153
7897 2 2 1 1 3818 4116 4071
7898 2 2 1 1 3818 4071 3819
7899 2 2 1 1 4093 4054 3989
7900 2 2 1 1 4093 3989 3989
7901 2 2 1 1 4154 3918 3923
7902 2 2 1 1 4154 3923 4155
7903 2 2 1 1 3865 3867 4156
7904 2 2 1 1 3865 4156 4157
7905 2 2 1 1 4158 4159 4160
7906 2 2 1 1 4158 4160 4161
7907 2 2 1 1 3955 3952 3951
7908 2 2 1 1 3955 3951 3951
7909 2 2 1 1 3940 3928 3938
7910 2 2 1 1 3940 3938 3938
7911 2 2 1 1 3980 4009 1590
7912 2 2 1 1 3980 1590 1590
7913 2 2 1 1 4153 3991 3990
7914 2 2 1 1 4153 3990 3990
7915 2 2 1 1 4162 4163 4164
7916 2 2 1 1 4162 4164 4165
7917 2 2 1 1 4166 4167 4013
7918 2 2 1 1 4166 4013 4168
7919 2 2 1 1 4169 4170 4171
7920 2 2 1 1 4169 4171 4172
7921 2 2 1 1 4039 3832 3831
7922 2 2 1 1 4039 3831 3831
7923 2 2 1 1 4173 4174 4166
7924 2 2 1 1 4173 4166 4168
7925 2 2 1 1 4175 4176 4177
7926 2 2 1 1 4175 4177 4178
7927 2 2 1 1 4179 4180 4164
7928 2 2 1 1 4179 4164 4163
7929 2 2 1 1 3921 3997 3919
7930 2 2 1 1 3921 3919 3919
7931 2 2 1 1 3967 3941 3943
7932 2 2 1 1 3967 3943 3943
7933 2 2 1 1 4181 4182 4183
7934 2 2 1 1 4181 4183 4184
7935 2 2 1 1 4170 4169 4142
7936 2 2 1 1 4170 4142 4185
7937 2 2 1 1 4169 4172 4098
7938 2 2 1 1 4169 4098 4097
7939 2 2 1 1 3976 3851 3857
7940 2 2 1 1 3976 3857 3857
7941 2 2 1 1 4186 4187 4132
7942 2 2 1 1 4186 4132 4132
7943 2 2 1 1 4188 4189 4190
7944 2 2 1 1 4188 4190 4191
7945 2 2 1 1 4192 4193 4194
7946 2 2 1 1 4192 4194 4195
7947 2 2 1 1 3824 3992 4196
7948 2 2 1 1 3824 4196 4117
7949 2 2 1 1 2410 3993 2411
7950 2 2 1 1 2410 2411 2411
7951 2 2 1 1 1360 1383 4197
7952 2 2 1 1 1360 4197 4197
7953 2 2 1 1 4198 4199 4200
7954 2 2 1 1 4198 4200 4201
7955 2 2 1 1 4202 1245 4083
7956 2 2 1 1 4202 4083 4083
7957 2 2 1 1 4131 4203 4204
7958 2 2 1 1 4131 4204 4205
7959 2 2 1 1 4206 4062 4061
7960 2 2 1 1 4206 4061 4207
7961 2 2 1 1 4208 4209 4210
7962 2 2 1 1 4208 4210 4211
7963 2 2 1 1 4167 4166 4212
7964 2 2 1 1 4167 4212 4213
7965 2 2 1 1 4214 3831 3830
7966 2 2 1 1 4214 3830 4215
7967 2 2 1 1 3854 4216 4217
7968 2 2 1 1 3854 4217 4037
7969 2 2 1 1 2401 2400 4048
7970 2 2 1 1 2401 4048 4048
7971 2 2 1 1 2392 2391 3845
7972 2 2 1 1 2392 3845 3845
7973 2 2 1 1 4218 4219 4220
7974 2 2 1 1 4218 4220 4221
7975 2 2 1 1 3888 4197 1383
7976 2 2 1 1 3888 1383 1383
7977 2 2 1 1 4222 4223 4224
7978 2 2 1 1 4222 4224 4225
7979 2 2 1 1 4226 3990 3989
7980 2 2 1 1 4226 3989 4227
7981 2 2 1 1 4088 3924 3923
7982 2 2 1 1 4088 3923 3923
7983 2 2 1 1 4228 4229 4230
7984 2 2 1 1 4228 4230 4231
7985 2 2 1 1 3952 4004 3954
7986 2 2 1 1 3952 3954 3954
7987 2 2 1 1 4195 4194 4165
7988 2 2 1 1 4195 4165 4164
7989 2 2 1 1 3982 3981 4012
7990 2 2 1 1 3982 4012 4012
7991 2 2 1 1 4232 4233 4234
7992 2 2 1 1 4232 4234 4235
7993 2 2 1 1 4236 3901 4237
7994 2 2 1 1 4236 4237 4238
7995 2 2 1 1 4239 4240 4163
7996 2 2 1 1 4239 4163 4162
7997 2 2 1 1 4240 4239 4241
7998 2 2 1 1 4240 4241 4242
7999 2 2 1 1 3959 3964 4243
8000 2 2 1 1 3959 4243 4244
8001 2 2 1 1 4244 3960 3959
8002 2 2 1 1 4244 3959 3959
8003 2 2 1 1 4226 4227 4245
8004 2 2 1 1 4226 4245 4246
8005 2 2 1 1 4247 4226 4246
8006 2 2 1 1 4247 4246 4248
8007 2 2 1 1 4249 3927 4070
8008 2 2 1 1 4249 4070 4070
8009 2 2 1 1 2393 2392 3849
8010 2 2 1 1 2393 3849 3849
8011 2 2 1 1 4250 4251 4252
8012 2 2 1 1 4250 4252 4253
8013 2 2 1 1 4254 4255 4256
8014 2 2 1 1 4254 4256 4257
8015 2 2 1 1 2404 2403 3881
8016 2 2 1 1 2404 3881 3881
8017 2 2 1 1 4258 4259 4260
8018 2 2 1 1 4258 4260 4261
8019 2 2 1 1 4262 4263 4264
8020 2 2 1 1 4262 4264 4121
8021 2 2 1 1 3912 4265 4266
8022 2 2 1 1 3912 4266 3922
8023 2 2 1 1 3922 3913 3912
8024 2 2 1 1 3922 3912 3912
8025 2 2 1 1 4040 3974 3973
8026 2 2 1 1 4040 3973 3973
8027 2 2 1 1 4077 4045 4135
8028 2 2 1 1 4077 4135 4135
8029 2 2 1 1 2398 2397 3914
8030 2 2 1 1 2398 3914 3914
8031 2 2 1 1 3949 4034 4267
8032 2 2 1 1 3949 4267 4178
8033 2 2 1 1 4268 4266 4265
8034 2 2 1 1 4268 4265 4269
8035 2 2 1 1 4233 4269 4270
8036 2 2 1 1 4233 4270 4271
8037 2 2 1 1 4272 4081 4082
8038 2 2 1 1 4272 4082 3882
8039 2 2 1 1 3867 3866 3893
8040 2 2 1 1 3867 3893 3893
8041 2 2 1 1 3891 4273 3892
8042 2 2 1 1 3891 3892 3892
8043 2 2 1 1 4068 3860 3813
8044 2 2 1 1 4068 3813 3813
8045 2 2 1 1 4074 4274 3841
8046 2 2 1 1 4074 3841 3841
8047 2 2 1 1 4275 4276 4240
8048 2 2 1 1 4275 4240 4242
8049 2 2 1 1 4276 4275 4277
8050 2 2 1 1 4276 4277 4278
8051 2 2 1 1 4279 4103 4170
8052 2 2 1 1 4279 4170 4185
8053 2 2 1 1 4280 4279 4281
8054 2 2 1 1 4280 4281 4282
8055 2 2 1 1 4016 4015 3897
8056 2 2 1 1 4016 3897 3896
8057 2 2 1 1 4066 4283 4210
8058 2 2 1 1 4066 4210 4025
8059 2 2 1 1 3886 4050 3994
8060 2 2 1 1 3886 3994 3994
8061 2 2 1 1 4284 3996 3995
8062 2 2 1 1 4284 3995 3995
8063 2 2 1 1 4285 4194 4193
8064 2 2 1 1 4285 4193 4286
8065 2 2 1 1 4104 4103 4279
8066 2 2 1 1 4104 4279 4280
8067 2 2 1 1 4287 4288 4289
8068 2 2 1 1 4287 4289 4290
8069 2 2 1 1 4141 4030 4029
8070 2 2 1 1 4141 4029 4029
8071 2 2 1 1 4027 3884 4139
8072 2 2 1 1 4027 4139 4139
8073 2 2 1 1 4291 3998 3997
8074 2 2 1 1 4291 3997 3997
8075 2 2 1 1 4136 4043 4292
8076 2 2 1 1 4136 4292 4293
8077 2 2 1 1 4294 3910 4076
8078 2 2 1 1 4294 4076 4293
8079 2 2 1 1 4284 3921 3920
8080 2 2 1 1 4284 3920 3920
8081 2 2 1 1 3919 4295 4296
8082 2 2 1 1 3919 4296 3920
8083 2 2 1 1 4297 4298 4299
8084 2 2 1 1 4297 4299 4300
8085 2 2 1 1 4301 4302 3966
8086 2 2 1 1 4301 3966 4303
8087 2 2 1 1 4304 4125 4305
8088 2 2 1 1 4304 4305 4303
8089 2 2 1 1 3866 3891 3893
8090 2 2 1 1 3866 3893 3893
8091 2 2 1 1 4306 4307 4206
8092 2 2 1 1 4306 4206 4203
8093 2 2 1 1 4308 4214 4215
8094 2 2 1 1 4308 4215 4309
8095 2 2 1 1 4091 4090 4310
8096 2 2 1 1 4091 4310 4311
8097 2 2 1 1 4288 4312 4313
8098 2 2 1 1 4288 4313 4289
8099 2 2 1 1 4253 4252 4314
8100 2 2 1 1 4253 4314 4315
8101 2 2 1 1 4210 4283 4316
8102 2 2 1 1 4210 4316 4211
8103 2 2 1 1 4317 4318 4319
8104 2 2 1 1 4317 4319 4320
8105 2 2 1 1 1176 1199 3970
8106 2 2 1 1 1176 3970 3970
8107 2 2 1 1 2402 2401 4049
8108 2 2 1 1 2402 4049 4049
8109 2 2 1 1 4321 4173 4168
8110 2 2 1 1 4321 4168 4322
8111 2 2 1 1 4323 4324 4325
8112 2 2 1 1 4323 4325 4286
8113 2 2 1 1 4326 4327 4296
8114 2 2 1 1 4326 4296 4324
8115 2 2 1 1 4328 4329 4330
8116 2 2 1 1 4328 4330 4331
8117 2 2 1 1 4047 4053 4046
8118 2 2 1 1 4047 4046 4046
8119 2 2 1 1 2407 4026 2408
8120 2 2 1 1 2407 2408 2408
8121 2 2 1 1 3861 3862 3859
8122 2 2 1 1 3861 3859 3859
8123 2 2 1 1 4332 3859 3864
8124 2 2 1 1 4332 3864 4333
8125 2 2 1 1 4124 4129 4235
8126 2 2 1 1 4124 4235 4334
8127 2 2 1 1 4098 4172 4335
8128 2 2 1 1 4098 4335 4245
8129 2 2 1 1 4336 4337 4242
8130 2 2 1 1 4336 4242 4241
8131 2 2 1 1 4338 4339 4340
8132 2 2 1 1 4338 4340 4341
8133 2 2 1 1 4342 4343 4229
8134 2 2 1 1 4342 4229 4228
8135 2 2 1 1 4339 4338 4223
8136 2 2 1 1 4339 4223 4222
8137 2 2 1 1 2414 3817 3816
8138 2 2 1 1 2414 3816 3816
8139 2 2 1 1 4139 4141 4029
8140 2 2 1 1 4139 4029 4029
8141 2 2 1 1 4197 3888 4236
8142 2 2 1 1 4197 4236 4344
8143 2 2 1 1 4345 4346 4347
8144 2 2 1 1 4345 4347 4348
8145 2 2 1 1 4349 4350 4351
8146 2 2 1 1 4349 4351 4352
8147 2 2 1 1 4352 4353 4354
8148 2 2 1 1 4352 4354 4349
8149 2 2 1 1 4038 4053 4052
8150 2 2 1 1 4038 4052 4052
8151 2 2 1 1 4053 4259 4258
8152 2 2 1 1 4053 4258 4046
8153 2 2 1 1 4355 4107 4072
8154 2 2 1 1 4355 4072 4071
8155 2 2 1 1 4310 4356 4357
8156 2 2 1 1 4310 4357 4358
8157 2 2 1 1 4359 4360 4033
8158 2 2 1 1 4359 4033 4361
8159 2 2 1 1 4099 4098 4245
8160 2 2 1 1 4099 4245 4227
8161 2 2 1 1 4214 4362 4038
8162 2 2 1 1 4214 4038 3831
8163 2 2 1 1 4363 4364 4365
8164 2 2 1 1 4363 4365 4366
8165 2 2 1 1 4367 4368 4225
8166 2 2 1 1 4367 4225 4224
8167 2 2 1 1 4239 4369 4370
8168 2 2 1 1 4239 4370 4241
8169 2 2 1 1 4336 4371 4372
8170 2 2 1 1 4336 4372 4373
8171 2 2 1 1 2395 2394 3858
8172 2 2 1 1 2395 3858 3858
8173 2 2 1 1 3929 4374 4011
8174 2 2 1 1 3929 4011 4011
8175 2 2 1 1 3982 4012 4340
8176 2 2 1 1 3982 4340 4146
8177 2 2 1 1 3930 4021 3931
8178 2 2 1 1 3930 3931 3931
8179 2 2 1 1 3931 4375 4341
8180 2 2 1 1 3931 4341 4374
8181 2 2 1 1 4162 4376 4369
8182 2 2 1 1 4162 4369 4239
8183 2 2 1 1 4343 4342 4377
8184 2 2 1 1 4343 4377 4378
8185 2 2 1 1 4379 4380 4381
8186 2 2 1 1 4379 4381 4382
8187 2 2 1 1 4383 4290 4289
8188 2 2 1 1 4383 4289 4384
8189 2 2 1 1 4206 4307 4385
8190 2 2 1 1 4206 4385 4062
8191 2 2 1 1 4316 4283 4386
8192 2 2 1 1 4316 4386 4385
8193 2 2 1 1 4321 4322 3895
8194 2 2 1 1 4321 3895 3894
8195 2 2 1 1 4387 4388 4389
8196 2 2 1 1 4387 4389 4390
8197 2 2 1 1 4069 3853 3852
8198 2 2 1 1 4069 3852 3852
8199 2 2 1 1 4391 4392 4305
8200 2 2 1 1 4391 4305 4334
8201 2 2 1 1 4393 4394 4302
8202 2 2 1 1 4393 4302 4301
8203 2 2 1 1 4395 4127 4145
8204 2 2 1 1 4395 4145 4144
8205 2 2 1 1 4155 3923 3922
8206 2 2 1 1 4155 3922 4266
8207 2 2 1 1 3841 4274 4396
8208 2 2 1 1 3841 4396 4397
8209 2 2 1 1 4074 4187 4274
8210 2 2 1 1 4074 4274 4274
8211 2 2 1 1 3953 3954 4398
8212 2 2 1 1 3953 4398 4399
8213 2 2 1 1 4400 3953 4399
8214 2 2 1 1 4400 4399 4401
8215 2 2 1 1 4402 4403 4104
8216 2 2 1 1 4402 4104 4280
8217 2 2 1 1 4404 4405 4326
8218 2 2 1 1 4404 4326 4406
8219 2 2 1 1 4407 4358 4115
8220 2 2 1 1 4407 4115 4408
8221 2 2 1 1 4409 4410 4084
8222 2 2 1 1 4409 4084 4411
8223 2 2 1 1 4412 4087 4387
8224 2 2 1 1 4412 4387 4413
8225 2 2 1 1 4144 4095 4154
8226 2 2 1 1 4144 4154 4395
8227 2 2 1 1 4126 4129 4124
8228 2 2 1 1 4126 4124 4123
8229 2 2 1 1 3993 2410 3846
8230 2 2 1 1 3993 3846 3846
8231 2 2 1 1 4083 3848 4414
8232 2 2 1 1 4083 4414 4201
8233 2 2 1 1 1314 4051 1291
8234 2 2 1 1 1314 1291 1291
8235 2 2 1 1 4396 4274 4186
8236 2 2 1 1 4396 4186 4205
8237 2 2 1 1 4343 4415 4367
8238 2 2 1 1 4343 4367 4229
8239 2 2 1 1 4230 4224 4223
8240 2 2 1 1 4230 4223 4312
8241 2 2 1 1 2394 2393 3850
8242 2 2 1 1 2394 3850 3850
8243 2 2 1 1 4332 4333 4416
8244 2 2 1 1 4332 4416 4417
8245 2 2 1 1 4418 4332 4417
8246 2 2 1 1 4418 4417 4419
8247 2 2 1 1 3842 3841 4397
8248 2 2 1 1 3842 4397 4420
8249 2 2 1 1 4138 4014 4421
8250 2 2 1 1 4138 4421 4364
8251 2 2 1 1 2391 2390 3833
8252 2 2 1 1 2391 3833 3833
8253 2 2 1 1 4422 4423 3845
8254 2 2 1 1 4422 3845 3833
8255 2 2 1 1 4424 4425 4426
8256 2 2 1 1 4424 4426 4427
8257 2 2 1 1 4428 4429 4430
8258 2 2 1 1 4428 4430 4431
8259 2 2 1 1 3837 4432 4075
8260 2 2 1 1 3837 4075 4135
8261 2 2 1 1 4433 4271 4434
8262 2 2 1 1 4433 4434 4435
8263 2 2 1 1 3925 4436 3926
8264 2 2 1 1 3925 3926 3926
8265 2 2 1 1 4059 4058 4437
8266 2 2 1 1 4059 4437 4438
8267 2 2 1 1 1222 3971 1199
8268 2 2 1 1 1222 1199 1199
8269 2 2 1 1 4112 4111 4439
8270 2 2 1 1 4112 4439 4440
8271 2 2 1 1 3820 3810 4046
8272 2 2 1 1 3820 4046 4258
8273 2 2 1 1 4422 3820 4258
8274 2 2 1 1 4422 4258 4261
8275 2 2 1 1 4441 4442 4443
8276 2 2 1 1 4441 4443 4159
8277 2 2 1 1 4444 4316 4385
8278 2 2 1 1 4444 4385 4307
8279 2 2 1 1 2406 4082 4445
8280 2 2 1 1 2406 4445 4445
8281 2 2 1 1 4446 4133 3846
8282 2 2 1 1 4446 3846 3847
8283 2 2 1 1 4188 4191 4120
8284 2 2 1 1 4188 4120 4447
8285 2 2 1 1 4272 4448 4161
8286 2 2 1 1 4272 4161 4160
8287 2 2 1 1 4449 4277 4450
8288 2 2 1 1 4449 4450 4451
8289 2 2 1 1 4452 4453 4219
8290 2 2 1 1 4452 4219 4218
8291 2 2 1 1 4454 4179 4276
8292 2 2 1 1 4454 4276 4278
8293 2 2 1 1 4179 4163 4240
8294 2 2 1 1 4179 4240 4276
8295 2 2 1 1 4142 4145 4455
8296 2 2 1 1 4142 4455 4185
8297 2 2 1 1 4142 4169 4097
8298 2 2 1 1 4142 4097 4143
8299 2 2 1 1 4005 3967 4006
8300 2 2 1 1 4005 4006 4006
8301 2 2 1 1 4006 3967 3966
8302 2 2 1 1 4006 3966 3966
8303 2 2 1 1 4456 4207 4061
8304 2 2 1 1 4456 4061 4457
8305 2 2 1 1 4366 4458 4222
8306 2 2 1 1 4366 4222 4225
8307 2 2 1 1 3829 1176 3970
8308 2 2 1 1 3829 3970 3970
8309 2 2 1 1 4320 3829 3970
8310 2 2 1 1 4320 3970 4459
8311 2 2 1 1 4176 4175 4460
8312 2 2 1 1 4176 4460 4461
8313 2 2 1 1 4118 4462 4463
8314 2 2 1 1 4118 4463 4464
8315 2 2 1 1 4465 4466 4467
8316 2 2 1 1 4465 4467 4468
8317 2 2 1 1 4469 4468 4470
8318 2 2 1 1 4469 4470 4416
8319 2 2 1 1 4471 4472 4473
8320 2 2 1 1 4471 4473 4447
8321 2 2 1 1 4472 4085 4084
8322 2 2 1 1 4472 4084 4410
8323 2 2 1 1 4474 4419 4417
8324 2 2 1 1 4474 4417 4475
8325 2 2 1 1 4476 4477 4478
8326 2 2 1 1 4476 4478 4479
8327 2 2 1 1 4480 4228 4231
8328 2 2 1 1 4480 4231 4481
8329 2 2 1 1 4482 4483 4484
8330 2 2 1 1 4482 4484 4485
8331 2 2 1 1 4427 4426 4486
8332 2 2 1 1 4427 4486 4487
8333 2 2 1 1 2403 2402 3887
8334 2 2 1 1 2403 3887 3887
8335 2 2 1 1 4037 3875 3854
8336 2 2 1 1 4037 3854 3854
8337 2 2 1 1 3908 3910 3906
8338 2 2 1 1 3908 3906 3906
8339 2 2 1 1 4488 3906 3910
8340 2 2 1 1 4488 3910 4294
8341 2 2 1 1 4013 4016 4322
8342 2 2 1 1 4013 4322 4168
8343 2 2 1 1 4013 4167 4421
8344 2 2 1 1 4013 4421 4014
8345 2 2 1 1 4257 4256 3856
8346 2 2 1 1 4257 3856 3983
8347 2 2 1 1 3869 3969 3983
8348 2 2 1 1 3869 3983 3983
8349 2 2 1 1 3890 3979 1636
8350 2 2 1 1 3890 1636 1636
8351 2 2 1 1 4474 4475 4476
8352 2 2 1 1 4474 4476 4479
8353 2 2 1 1 4128 4489 4268
8354 2 2 1 1 4128 4268 4232
8355 2 2 1 1 4490 4182 4491
8356 2 2 1 1 4490 4491 4492
8357 2 2 1 1 4319 4184 3823
8358 2 2 1 1 4319 3823 4032
8359 2 2 1 1 4318 4493 4494
8360 2 2 1 1 4318 4494 4181
8361 2 2 1 1 4482 4485 4495
8362 2 2 1 1 4482 4495 4496
8363 2 2 1 1 4497 4070 4403
8364 2 2 1 1 4497 4403 4402
8365 2 2 1 1 4280 4282 4498
8366 2 2 1 1 4280 4498 4402
8367 2 2 1 1 4012 4011 4374
8368 2 2 1 1 4012 4374 4374
8369 2 2 1 1 3929 3931 4374
8370 2 2 1 1 3929 4374 4374
8371 2 2 1 1 4274 4187 4186
8372 2 2 1 1 4274 4186 4186
8373 2 2 1 1 4101 4132 4187
8374 2 2 1 1 4101 4187 4187
8375 2 2 1 1 4499 4147 4500
8376 2 2 1 1 4499 4500 4501
8377 2 2 1 1 4502 4339 4222
8378 2 2 1 1 4502 4222 4458
8379 2 2 1 1 4200 4199 4503
8380 2 2 1 1 4200 4503 4504
8381 2 2 1 1 4436 3925 3937
8382 2 2 1 1 4436 3937 3937
8383 2 2 1 1 4269 4265 4217
8384 2 2 1 1 4269 4217 4270
8385 2 2 1 1 4150 4438 4505
8386 2 2 1 1 4150 4505 4506
8387 2 2 1 1 4507 4174 4173
8388 2 2 1 1 4507 4173 4508
8389 2 2 1 1 4217 4265 3912
8390 2 2 1 1 4217 3912 4037
8391 2 2 1 1 4217 4216 4509
8392 2 2 1 1 4217 4509 4270
8393 2 2 1 1 4061 4060 4404
8394 2 2 1 1 4061 4404 4457
8395 2 2 1 1 4060 4063 4510
8396 2 2 1 1 4060 4510 4511
8397 2 2 1 1 4512 4405 4511
8398 2 2 1 1 4512 4511 4513
8399 2 2 1 1 3886 4513 4514
8400 2 2 1 1 3886 4514 3880
8401 2 2 1 1 4480 4515 4516
8402 2 2 1 1 4480 4516 4517
8403 2 2 1 1 4518 4501 4519
8404 2 2 1 1 4518 4519 4520
8405 2 2 1 1 4078 4160 4159
8406 2 2 1 1 4078 4159 4443
8407 2 2 1 1 4443 4442 4484
8408 2 2 1 1 4443 4484 4483
8409 2 2 1 1 4521 4190 4381
8410 2 2 1 1 4521 4381 4243
8411 2 2 1 1 4190 4189 4382
8412 2 2 1 1 4190 4382 4381
8413 2 2 1 1 4002 3905 3907
8414 2 2 1 1 4002 3907 3907
8415 2 2 1 1 4522 4481 4287
8416 2 2 1 1 4522 4287 4523
8417 2 2 1 1 3872 3878 3870
8418 2 2 1 1 3872 3870 3870
8419 2 2 1 1 2396 4524 2397
8420 2 2 1 1 2396 2397 2397
8421 2 2 1 1 2405 2404 3882
8422 2 2 1 1 2405 3882 3882
8423 2 2 1 1 3960 4244 4100
8424 2 2 1 1 3960 4100 4100
8425 2 2 1 1 4100 4244 4380
8426 2 2 1 1 4100 4380 4130
8427 2 2 1 1 4048 2400 3946
8428 2 2 1 1 4048 3946 3946
8429 2 2 1 1 3915 3946 2399
8430 2 2 1 1 3915 2399 2399
8431 2 2 1 1 4494 4493 4525
8432 2 2 1 1 4494 4525 4373
8433 2 2 1 1 4108 4526 4527
8434 2 2 1 1 4108 4527 4109
8435 2 2 1 1 4287 4290 4329
8436 2 2 1 1 4287 4329 4523
8437 2 2 1 1 4287 4481 4231
8438 2 2 1 1 4287 4231 4288
8439 2 2 1 1 4019 4020 3806
8440 2 2 1 1 4019 3806 3806
8441 2 2 1 1 4528 3804 3807
8442 2 2 1 1 4528 3807 3807
8443 2 2 1 1 4433 4529 4391
8444 2 2 1 1 4433 4391 4234
8445 2 2 1 1 4054 4099 4227
8446 2 2 1 1 4054 4227 3989
8447 2 2 1 1 4093 4055 4054
8448 2 2 1 1 4093 4054 4054
8449 2 2 1 1 4530 4531 4532
8450 2 2 1 1 4530 4532 4533
8451 2 2 1 1 4251 4049 4048
8452 2 2 1 1 4251 4048 4534
8453 2 2 1 1 4048 3946 3947
8454 2 2 1 1 4048 3947 4534
8455 2 2 1 1 3954 4004 4003
8456 2 2 1 1 3954 4003 4003
8457 2 2 1 1 4002 3907 4003
8458 2 2 1 1 4002 4003 4003
8459 2 2 1 1 4535 4393 4301
8460 2 2 1 1 4535 4301 4392
8461 2 2 1 1 4462 4264 4401
8462 2 2 1 1 4462 4401 4536
8463 2 2 1 1 1636 1659 3890
8464 2 2 1 1 1636 3890 3890
8465 2 2 1 1 4080 4079 4537
8466 2 2 1 1 4080 4537 4538
8467 2 2 1 1 4194 4285 4539
8468 2 2 1 1 4194 4539 4165
8469 2 2 1 1 3819 4073 3814
8470 2 2 1 1 3819 3814 3816
8471 2 2 1 1 4073 4072 3986
8472 2 2 1 1 4073 3986 3985
8473 2 2 1 1 4540 4541 4352
8474 2 2 1 1 4540 4352 4351
8475 2 2 1 1 4541 4506 4353
8476 2 2 1 1 4541 4353 4352
8477 2 2 1 1 4044 4137 4542
8478 2 2 1 1 4044 4542 4530
8479 2 2 1 1 4543 4544 4545
8480 2 2 1 1 4543 4545 4546
8481 2 2 1 1 4081 4080 4445
8482 2 2 1 1 4081 4445 4082
8483 2 2 1 1 2406 2405 4082
8484 2 2 1 1 2406 4082 4082
8485 2 2 1 1 4281 4455 4126
8486 2 2 1 1 4281 4126 4123
8487 2 2 1 1 4455 4145 4127
8488 2 2 1 1 4455 4127 4126
8489 2 2 1 1 4094 4143 4097
8490 2 2 1 1 4094 4097 4096
8491 2 2 1 1 4237 4138 4364
8492 2 2 1 1 4237 4364 4363
8493 2 2 1 1 4363 4366 4225
8494 2 2 1 1 4363 4225 4368
8495 2 2 1 1 4431 4371 4370
8496 2 2 1 1 4431 4370 4428
8497 2 2 1 1 3956 3955 3951
8498 2 2 1 1 3956 3951 3951
8499 2 2 1 1 3963 3956 4400
8500 2 2 1 1 3963 4400 4263
8501 2 2 1 1 4394 4393 4547
8502 2 2 1 1 4394 4547 4548
8503 2 2 1 1 4549 4542 4550
8504 2 2 1 1 4549 4550 4548
8505 2 2 1 1 4071 4116 4357
8506 2 2 1 1 4071 4357 4355
8507 2 2 1 1 4551 4108 4107
8508 2 2 1 1 4551 4107 4355
8509 2 2 1 1 4220 4552 4503
8510 2 2 1 1 4220 4503 4199
8511 2 2 1 1 4553 4554 4317
8512 2 2 1 1 4553 4317 4555
8513 2 2 1 1 4535 4529 4556
8514 2 2 1 1 4535 4556 4557
8515 2 2 1 1 4052 4039 4038
8516 2 2 1 1 4052 4038 4038
8517 2 2 1 1 4038 4362 4259
8518 2 2 1 1 4038 4259 4053
8519 2 2 1 1 4101 4100 4132
8520 2 2 1 1 4101 4132 4132
8521 2 2 1 1 4320 4459 4555
8522 2 2 1 1 4320 4555 4317
8523 2 2 1 1 4152 3892 4273
8524 2 2 1 1 4152 4273 4273
8525 2 2 1 1 3892 4347 4346
8526 2 2 1 1 3892 4346 3893
8527 2 2 1 1 3813 4558 3889
8528 2 2 1 1 3813 3889 3802
8529 2 2 1 1 4559 4134 4133
8530 2 2 1 1 4559 4133 4560
8531 2 2 1 1 4561 4246 4245
8532 2 2 1 1 4561 4245 4335
8533 2 2 1 1 4196 4134 4559
8534 2 2 1 1 4196 4559 4408
8535 2 2 1 1 4408 4559 4562
8536 2 2 1 1 4408 4562 4407
8537 2 2 1 1 4514 4510 4065
8538 2 2 1 1 4514 4065 4064
8539 2 2 1 1 4510 4063 4386
8540 2 2 1 1 4510 4386 4065
8541 2 2 1 1 4563 4195 4164
8542 2 2 1 1 4563 4164 4180
8543 2 2 1 1 4412 4564 4308
8544 2 2 1 1 4412 4308 4411
8545 2 2 1 1 4564 4260 4259
8546 2 2 1 1 4564 4259 4362
8547 2 2 1 1 3852 3851 4023
8548 2 2 1 1 3852 4023 4565
8549 2 2 1 1 4226 4247 4152
8550 2 2 1 1 4226 4152 3990
8551 2 2 1 1 4247 4248 4348
8552 2 2 1 1 4247 4348 4347
8553 2 2 1 1 4035 3948 3915
8554 2 2 1 1 4035 3915 3914
8555 2 2 1 1 4514 4513 4511
8556 2 2 1 1 4514 4511 4510
8557 2 2 1 1 4514 4064 3870
8558 2 2 1 1 4514 3870 3880
8559 2 2 1 1 4252 4566 4567
8560 2 2 1 1 4252 4567 4314
8561 2 2 1 1 4106 4109 3828
8562 2 2 1 1 4106 3828 3826
8563 2 2 1 1 4075 4077 4135
8564 2 2 1 1 4075 4135 4135
8565 2 2 1 1 4075 4432 4137
8566 2 2 1 1 4075 4137 4136
8567 2 2 1 1 4250 4448 3881
8568 2 2 1 1 4250 3881 3887
8569 2 2 1 1 4568 4569 4450
8570 2 2 1 1 4568 4450 4570
8571 2 2 1 1 3996 4284 3920
8572 2 2 1 1 3996 3920 3920
8573 2 2 1 1 3996 4327 4512
8574 2 2 1 1 3996 4512 3994
8575 2 2 1 1 3877 3975 3902
8576 2 2 1 1 3877 3902 3902
8577 2 2 1 1 3903 4429 4424
8578 2 2 1 1 3903 4424 3961
8579 2 2 1 1 4571 4111 4114
8580 2 2 1 1 4571 4114 4572
8581 2 2 1 1 4573 4574 4158
8582 2 2 1 1 4573 4158 4315
8583 2 2 1 1 1406 1429 3899
8584 2 2 1 1 1406 3899 3899
8585 2 2 1 1 4575 4576 4212
8586 2 2 1 1 4575 4212 4577
8587 2 2 1 1 4332 4418 3860
8588 2 2 1 1 4332 3860 3859
8589 2 2 1 1 4297 4300 4578
8590 2 2 1 1 4297 4578 4579
8591 2 2 1 1 4354 4297 4579
8592 2 2 1 1 4354 4579 4580
8593 2 2 1 1 4480 4517 4342
8594 2 2 1 1 4480 4342 4228
8595 2 2 1 1 4480 4481 4522
8596 2 2 1 1 4480 4522 4515
8597 2 2 1 1 4263 4262 4521
8598 2 2 1 1 4263 4521 3963
8599 2 2 1 1 4262 4121 4120
8600 2 2 1 1 4262 4120 4191
8601 2 2 1 1 4140 4581 4582
8602 2 2 1 1 4140 4582 4331
8603 2 2 1 1 4236 3888 3899
8604 2 2 1 1 4236 3899 3901
8605 2 2 1 1 4236 4238 4415
8606 2 2 1 1 4236 4415 4344
8607 2 2 1 1 4313 4375 4384
8608 2 2 1 1 4313 4384 4289
8609 2 2 1 1 4313 4312 4223
8610 2 2 1 1 4313 4223 4338
8611 2 2 1 1 3918 4088 3923
8612 2 2 1 1 3918 3923 3923
8613 2 2 1 1 3942 4583 4304
8614 2 2 1 1 3942 4304 3943
8615 2 2 1 1 4584 4556 4435
8616 2 2 1 1 4584 4435 4585
8617 2 2 1 1 4426 4376 4539
8618 2 2 1 1 4426 4539 4486
8619 2 2 1 1 4586 4587 4487
8620 2 2 1 1 4586 4487 4486
8621 2 2 1 1 4462 4536 4460
8622 2 2 1 1 4462 4460 4463
8623 2 2 1 1 4588 4589 4464
8624 2 2 1 1 4588 4464 4463
8625 2 2 1 1 4122 4125 4304
8626 2 2 1 1 4122 4304 4583
8627 2 2 1 1 4201 4414 4516
8628 2 2 1 1 4201 4516 4198
8629 2 2 1 1 4386 4063 4062
8630 2 2 1 1 4386 4062 4385
8631 2 2 1 1 4525 4493 4554
8632 2 2 1 1 4525 4554 4568
8633 2 2 1 1 4337 4525 4568
8634 2 2 1 1 4337 4568 4570
8635 2 2 1 1 4310 4358 4407
8636 2 2 1 1 4310 4407 4311
8637 2 2 1 1 4310 4090 4590
8638 2 2 1 1 4310 4590 4356
8639 2 2 1 1 4043 4042 4591
8640 2 2 1 1 4043 4591 4292
8641 2 2 1 1 4592 4294 4293
8642 2 2 1 1 4592 4293 4292
8643 2 2 1 1 4593 4592 4594
8644 2 2 1 1 4593 4594 4595
8645 2 2 1 1 1475 1498 3896
8646 2 2 1 1 1475 3896 3896
8647 2 2 1 1 3896 3895 4322
8648 2 2 1 1 3896 4322 4016
8649 2 2 1 1 3856 3869 3983
8650 2 2 1 1 3856 3983 3983
8651 2 2 1 1 3856 4256 4216
8652 2 2 1 1 3856 4216 3854
8653 2 2 1 1 4596 4597 4547
8654 2 2 1 1 4596 4547 4557
8655 2 2 1 1 4549 4597 4598
8656 2 2 1 1 4549 4598 4531
8657 2 2 1 1 4599 4600 4389
8658 2 2 1 1 4599 4389 4601
8659 2 2 1 1 4600 3850 3849
8660 2 2 1 1 4600 3849 4602
8661 2 2 1 1 3965 3852 4565
8662 2 2 1 1 3965 4565 4603
8663 2 2 1 1 4487 4587 3998
8664 2 2 1 1 4487 3998 3999
8665 2 2 1 1 4291 4000 3999
8666 2 2 1 1 4291 3999 3999
8667 2 2 1 1 4509 4216 4256
8668 2 2 1 1 4509 4256 4255
8669 2 2 1 1 4604 4605 4003
8670 2 2 1 1 4604 4003 3907
8671 2 2 1 1 4605 4398 3954
8672 2 2 1 1 4605 3954 4003
8673 2 2 1 1 3937 3936 4606
8674 2 2 1 1 3937 4606 4606
8675 2 2 1 1 4607 4299 4608
8676 2 2 1 1 4607 4608 4609
8677 2 2 1 1 4323 4610 4611
8678 2 2 1 1 4323 4611 4406
8679 2 2 1 1 4612 4388 4086
8680 2 2 1 1 4612 4086 4613
8681 2 2 1 1 4156 3867 3893
8682 2 2 1 1 4156 3893 4346
8683 2 2 1 1 4465 4614 4345
8684 2 2 1 1 4465 4345 4350
8685 2 2 1 1 3947 3950 4566
8686 2 2 1 1 3947 4566 4534
8687 2 2 1 1 4389 4600 4602
8688 2 2 1 1 4389 4602 4390
8689 2 2 1 1 4389 4388 4612
8690 2 2 1 1 4389 4612 4601
8691 2 2 1 1 4615 4390 4602
8692 2 2 1 1 4615 4602 4423
8693 2 2 1 1 4423 4602 3849
8694 2 2 1 1 4423 3849 3845
8695 2 2 1 1 4434 4509 4255
8696 2 2 1 1 4434 4255 4616
8697 2 2 1 1 4617 4616 4255
8698 2 2 1 1 4617 4255 4254
8699 2 2 1 1 3936 3978 4606
8700 2 2 1 1 3936 4606 4606
8701 2 2 1 1 4618 4436 3937
8702 2 2 1 1 4618 3937 4606
8703 2 2 1 1 3824 2412 3992
8704 2 2 1 1 3824 3992 3992
8705 2 2 1 1 3824 4117 3818
8706 2 2 1 1 3824 3818 3817
8707 2 2 1 1 3844 4069 3965
8708 2 2 1 1 3844 3965 3965
8709 2 2 1 1 3965 4603 4215
8710 2 2 1 1 3965 4215 3830
8711 2 2 1 1 1360 4031 1337
8712 2 2 1 1 1360 1337 1337
8713 2 2 1 1 4377 4619 4051
8714 2 2 1 1 4377 4051 3874
8715 2 2 1 1 3914 2397 4524
8716 2 2 1 1 3914 4524 4524
8717 2 2 1 1 3873 4524 2396
8718 2 2 1 1 3873 2396 2396
8719 2 2 1 1 4469 4157 4156
8720 2 2 1 1 4469 4156 4614
8721 2 2 1 1 4341 4375 4313
8722 2 2 1 1 4341 4313 4338
8723 2 2 1 1 4281 4279 4185
8724 2 2 1 1 4281 4185 4455
8725 2 2 1 1 4281 4123 4122
8726 2 2 1 1 4281 4122 4282
8727 2 2 1 1 4566 3950 4177
8728 2 2 1 1 4566 4177 4567
8729 2 2 1 1 4359 4612 4613
8730 2 2 1 1 4359 4613 4620
8731 2 2 1 1 4589 4620 4621
8732 2 2 1 1 4589 4621 4464
8733 2 2 1 1 4590 4622 4551
8734 2 2 1 1 4590 4551 4356
8735 2 2 1 1 4615 4261 4260
8736 2 2 1 1 4615 4260 4413
8737 2 2 1 1 3998 4291 3999
8738 2 2 1 1 3998 3999 3999
8739 2 2 1 1 3998 4587 4295
8740 2 2 1 1 3998 4295 3919
8741 2 2 1 1 4618 4606 4623
8742 2 2 1 1 4618 4623 4609
8743 2 2 1 1 4437 4618 4609
8744 2 2 1 1 4437 4609 4608
8745 2 2 1 1 4586 4285 4286
8746 2 2 1 1 4586 4286 4325
8747 2 2 1 1 4563 4624 4625
8748 2 2 1 1 4563 4625 4626
8749 2 2 1 1 4412 4411 4084
8750 2 2 1 1 4412 4084 4087
8751 2 2 1 1 4412 4413 4260
8752 2 2 1 1 4412 4260 4564
8753 2 2 1 1 4033 4036 4627
8754 2 2 1 1 4033 4627 4361
8755 2 2 1 1 4628 4629 4431
8756 2 2 1 1 4628 4431 4430
8757 2 2 1 1 4372 4629 4492
8758 2 2 1 1 4372 4492 4491
8759 2 2 1 1 4491 4182 4181
8760 2 2 1 1 4491 4181 4494
8761 2 2 1 1 4158 4161 4253
8762 2 2 1 1 4158 4253 4315
8763 2 2 1 1 4158 4574 4441
8764 2 2 1 1 4158 4441 4159
8765 2 2 1 1 4220 4199 4198
8766 2 2 1 1 4220 4198 4221
8767 2 2 1 1 4220 4219 4630
8768 2 2 1 1 4220 4630 4552
8769 2 2 1 1 4267 4360 4589
8770 2 2 1 1 4267 4589 4588
8771 2 2 1 1 4631 4632 4507
8772 2 2 1 1 4631 4507 4477
8773 2 2 1 1 4394 4633 3836
8774 2 2 1 1 4394 3836 4302
8775 2 2 1 1 3837 4633 4550
8776 2 2 1 1 3837 4550 4432
8777 2 2 1 1 4055 3940 3939
8778 2 2 1 1 4055 3939 3939
8779 2 2 1 1 3939 4096 4099
8780 2 2 1 1 3939 4099 4054
8781 2 2 1 1 4031 4197 4344
8782 2 2 1 1 4031 4344 4378
8783 2 2 1 1 4378 4344 4415
8784 2 2 1 1 4378 4415 4343
8785 2 2 1 1 4621 4634 4471
8786 2 2 1 1 4621 4471 4119
8787 2 2 1 1 4634 4613 4086
8788 2 2 1 1 4634 4086 4085
8789 2 2 1 1 4367 4415 4238
8790 2 2 1 1 4367 4238 4368
8791 2 2 1 1 4272 3882 3881
8792 2 2 1 1 4272 3881 4448
8793 2 2 1 1 1613 1636 3979
8794 2 2 1 1 1613 3979 3979
8795 2 2 1 1 4545 4544 4635
8796 2 2 1 1 4545 4635 4456
8797 2 2 1 1 4611 4545 4456
8798 2 2 1 1 4611 4456 4457
8799 2 2 1 1 4056 4104 4403
8800 2 2 1 1 4056 4403 4057
8801 2 2 1 1 4056 4059 4149
8802 2 2 1 1 4056 4149 4102
8803 2 2 1 1 4425 4369 4376
8804 2 2 1 1 4425 4376 4426
8805 2 2 1 1 4636 4029 4028
8806 2 2 1 1 4636 4028 4028
8807 2 2 1 1 4581 4636 4637
8808 2 2 1 1 4581 4637 4638
8809 2 2 1 1 4366 4365 4639
8810 2 2 1 1 4366 4639 4458
8811 2 2 1 1 4364 4421 4640
8812 2 2 1 1 4364 4640 4365
8813 2 2 1 1 4598 4092 4091
8814 2 2 1 1 4598 4091 4641
8815 2 2 1 1 4377 4342 4517
8816 2 2 1 1 4377 4517 4619
8817 2 2 1 1 4345 4348 4351
8818 2 2 1 1 4345 4351 4350
8819 2 2 1 1 4345 4614 4156
8820 2 2 1 1 4345 4156 4346
8821 2 2 1 1 4188 4642 4643
8822 2 2 1 1 4188 4643 4189
8823 2 2 1 1 4644 4642 4473
8824 2 2 1 1 4644 4473 4645
8825 2 2 1 1 4021 4384 4375
8826 2 2 1 1 4021 4375 3931
8827 2 2 1 1 3930 3883 4021
8828 2 2 1 1 3930 4021 4021
8829 2 2 1 1 4118 4121 4264
8830 2 2 1 1 4118 4264 4462
8831 2 2 1 1 4500 4502 4458
8832 2 2 1 1 4500 4458 4639
8833 2 2 1 1 4200 4504 3971
8834 2 2 1 1 4200 3971 4202
8835 2 2 1 1 1222 1245 4202
8836 2 2 1 1 1222 4202 4202
8837 2 2 1 1 4586 4325 4295
8838 2 2 1 1 4586 4295 4587
8839 2 2 1 1 4251 4534 4566
8840 2 2 1 1 4251 4566 4252
8841 2 2 1 1 4449 4451 4453
8842 2 2 1 1 4449 4453 4646
8843 2 2 1 1 4383 4384 4021
8844 2 2 1 1 4383 4021 3885
8845 2 2 1 1 4330 4383 3885
8846 2 2 1 1 4330 3885 4027
8847 2 2 1 1 4640 4421 4167
8848 2 2 1 1 4640 4167 4213
8849 2 2 1 1 4519 4639 4365
8850 2 2 1 1 4519 4365 4640
8851 2 2 1 1 4512 4513 3886
8852 2 2 1 1 4512 3886 3994
8853 2 2 1 1 4512 4327 4326
8854 2 2 1 1 4512 4326 4405
8855 2 2 1 1 2396 2395 3873
8856 2 2 1 1 2396 3873 3873
8857 2 2 1 1 4218 4221 4515
8858 2 2 1 1 4218 4515 4522
8859 2 2 1 1 4452 4523 4329
8860 2 2 1 1 4452 4329 4328
8861 2 2 1 1 4647 4562 4559
8862 2 2 1 1 4647 4559 4560
8863 2 2 1 1 4407 4562 4648
8864 2 2 1 1 4407 4648 4311
8865 2 2 1 1 4470 4649 4476
8866 2 2 1 1 4470 4476 4475
8867 2 2 1 1 4150 4149 4059
8868 2 2 1 1 4150 4059 4438
8869 2 2 1 1 4150 4506 4541
8870 2 2 1 1 4150 4541 4151
8871 2 2 1 1 4604 4488 4593
8872 2 2 1 1 4604 4593 4572
8873 2 2 1 1 4488 4294 4592
8874 2 2 1 1 4488 4592 4593
8875 2 2 1 1 3826 3825 3987
8876 2 2 1 1 3826 3987 3987
8877 2 2 1 1 3986 4072 4107
8878 2 2 1 1 3986 4107 4106
8879 2 2 1 1 4642 4644 4208
8880 2 2 1 1 4642 4208 4643
8881 2 2 1 1 4650 4382 4189
8882 2 2 1 1 4650 4189 4643
8883 2 2 1 1 4555 4459 4504
8884 2 2 1 1 4555 4504 4503
8885 2 2 1 1 4553 4552 4630
8886 2 2 1 1 4553 4630 4569
8887 2 2 1 1 4554 4493 4318
8888 2 2 1 1 4554 4318 4317
8889 2 2 1 1 3803 2417 3805
8890 2 2 1 1 3803 3805 3805
8891 2 2 1 1 2415 3814 2416
8892 2 2 1 1 2415 2416 2416
8893 2 2 1 1 4505 4298 4353
8894 2 2 1 1 4505 4353 4506
8895 2 2 1 1 4466 4580 4651
8896 2 2 1 1 4466 4651 4467
8897 2 2 1 1 4273 4153 4152
8898 2 2 1 1 4273 4152 4152
8899 2 2 1 1 4152 4247 4347
8900 2 2 1 1 4152 4347 3892
8901 2 2 1 1 4453 4451 4630
8902 2 2 1 1 4453 4630 4219
8903 2 2 1 1 4582 4652 4449
8904 2 2 1 1 4582 4449 4646
8905 2 2 1 1 4652 4278 4277
8906 2 2 1 1 4652 4277 4449
8907 2 2 1 1 4154 4095 3916
8908 2 2 1 1 4154 3916 3918
8909 2 2 1 1 4154 4155 4489
8910 2 2 1 1 4154 4489 4395
8911 2 2 1 1 4633 3837 3836
8912 2 2 1 1 4633 3836 3836
8913 2 2 1 1 3835 4006 3836
8914 2 2 1 1 3835 3836 3836
8915 2 2 1 1 4083 1268 3848
8916 2 2 1 1 4083 3848 3848
8917 2 2 1 1 4083 4201 4200
8918 2 2 1 1 4083 4200 4202
8919 2 2 1 1 4471 4447 4120
8920 2 2 1 1 4471 4120 4119
8921 2 2 1 1 4471 4634 4085
8922 2 2 1 1 4471 4085 4472
8923 2 2 1 1 4315 4314 4439
8924 2 2 1 1 4315 4439 4573
8925 2 2 1 1 4571 4595 4574
8926 2 2 1 1 4571 4574 4573
8927 2 2 1 1 4623 4606 3978
8928 2 2 1 1 4623 3978 3978
8929 2 2 1 1 4308 4564 4362
8930 2 2 1 1 4308 4362 4214
8931 2 2 1 1 4439 4314 4567
8932 2 2 1 1 4439 4567 4440
8933 2 2 1 1 4596 4557 4556
8934 2 2 1 1 4596 4556 4584
8935 2 2 1 1 4404 4060 4511
8936 2 2 1 1 4404 4511 4405
8937 2 2 1 1 4370 4369 4425
8938 2 2 1 1 4370 4425 4428
8939 2 2 1 1 4171 4102 4149
8940 2 2 1 1 4171 4149 4148
8941 2 2 1 1 4307 4306 4379
8942 2 2 1 1 4307 4379 4444
8943 2 2 1 1 4650 4211 4316
8944 2 2 1 1 4650 4316 4444
8945 2 2 1 1 4133 4446 4653
8946 2 2 1 1 4133 4653 4560
8947 2 2 1 1 4354 4353 4298
8948 2 2 1 1 4354 4298 4297
8949 2 2 1 1 4354 4580 4466
8950 2 2 1 1 4354 4466 4349
8951 2 2 1 1 3821 2389 3800
8952 2 2 1 1 3821 3800 3800
8953 2 2 1 1 3799 3811 3800
8954 2 2 1 1 3799 3800 3800
8955 2 2 1 1 2399 2398 3915
8956 2 2 1 1 2399 3915 3915
8957 2 2 1 1 3915 3948 3947
8958 2 2 1 1 3915 3947 3946
8959 2 2 1 1 4532 4641 4648
8960 2 2 1 1 4532 4648 4654
8961 2 2 1 1 4495 4485 4041
8962 2 2 1 1 4495 4041 4533
8963 2 2 1 1 1084 3822 3808
8964 2 2 1 1 1084 3808 3808
8965 2 2 1 1 4183 4655 3808
8966 2 2 1 1 4183 3808 3822
8967 2 2 1 1 4473 4642 4188
8968 2 2 1 1 4473 4188 4447
8969 2 2 1 1 4473 4472 4410
8970 2 2 1 1 4473 4410 4645
8971 2 2 1 1 1659 1682 3889
8972 2 2 1 1 1659 3889 3889
8973 2 2 1 1 3889 4558 4656
8974 2 2 1 1 3889 4656 3890
8975 2 2 1 1 4067 3871 3870
8976 2 2 1 1 4067 3870 4064
8977 2 2 1 1 4561 4335 4148
8978 2 2 1 1 4561 4148 4151
8979 2 2 1 1 4246 4561 4540
8980 2 2 1 1 4246 4540 4248
8981 2 2 1 1 3973 3972 4657
8982 2 2 1 1 3973 4657 4028
8983 2 2 1 1 4028 4030 3973
8984 2 2 1 1 4028 3973 3973
8985 2 2 1 1 4658 4536 4401
8986 2 2 1 1 4658 4401 4399
8987 2 2 1 1 4399 4398 4113
8988 2 2 1 1 4399 4113 4658
8989 2 2 1 1 4113 4398 4605
8990 2 2 1 1 4113 4605 4114
8991 2 2 1 1 4113 4112 4461
8992 2 2 1 1 4113 4461 4658
8993 2 2 1 1 4230 4312 4288
8994 2 2 1 1 4230 4288 4231
8995 2 2 1 1 4230 4229 4367
8996 2 2 1 1 4230 4367 4224
8997 2 2 1 1 4651 4580 4579
8998 2 2 1 1 4651 4579 4659
8999 2 2 1 1 4631 4649 4467
9000 2 2 1 1 4631 4467 4651
9001 2 2 1 1 4109 4527 3968
9002 2 2 1 1 4109 3968 3828
9003 2 2 1 1 4527 4526 4254
9004 2 2 1 1 4527 4254 4257
9005 2 2 1 1 4008 3984 4105
9006 2 2 1 1 4008 4105 4105
9007 2 2 1 1 3987 3986 4106
9008 2 2 1 1 3987 4106 3826
9009 2 2 1 1 3988 3932 3982
9010 2 2 1 1 3988 3982 3982
9011 2 2 1 1 3988 4147 4499
9012 2 2 1 1 3988 4499 4660
9013 2 2 1 1 1037 1061 3809
9014 2 2 1 1 1037 3809 3809
9015 2 2 1 1 4461 4112 4440
9016 2 2 1 1 4461 4440 4176
9017 2 2 1 1 4537 4079 4483
9018 2 2 1 1 4537 4483 4482
9019 2 2 1 1 4653 4537 4482
9020 2 2 1 1 4653 4482 4496
9021 2 2 1 1 4022 4209 4661
9022 2 2 1 1 4022 4661 4662
9023 2 2 1 1 4565 4662 4663
9024 2 2 1 1 4565 4663 4603
9025 2 2 1 1 4654 4647 4496
9026 2 2 1 1 4654 4496 4495
9027 2 2 1 1 4551 4622 4526
9028 2 2 1 1 4551 4526 4108
9029 2 2 1 1 4460 4536 4658
9030 2 2 1 1 4460 4658 4461
9031 2 2 1 1 4460 4175 4588
9032 2 2 1 1 4460 4588 4463
9033 2 2 1 1 4599 4627 3873
9034 2 2 1 1 4599 3873 3858
9035 2 2 1 1 4627 4036 4524
9036 2 2 1 1 4627 4524 3873
9037 2 2 1 1 4456 4635 4204
9038 2 2 1 1 4456 4204 4207
9039 2 2 1 1 4635 4544 4397
9040 2 2 1 1 4635 4397 4396
9041 2 2 1 1 4594 4591 4442
9042 2 2 1 1 4594 4442 4441
9043 2 2 1 1 4591 4042 4484
9044 2 2 1 1 4591 4484 4442
9045 2 2 1 1 4267 4034 4033
9046 2 2 1 1 4267 4033 4360
9047 2 2 1 1 4267 4588 4175
9048 2 2 1 1 4267 4175 4178
9049 2 2 1 1 4550 4633 4394
9050 2 2 1 1 4550 4394 4548
9051 2 2 1 1 4550 4542 4137
9052 2 2 1 1 4550 4137 4432
9053 2 2 1 1 3971 1222 4202
9054 2 2 1 1 3971 4202 4202
9055 2 2 1 1 3971 4504 4459
9056 2 2 1 1 3971 4459 3970
9057 2 2 1 1 4578 4664 4576
9058 2 2 1 1 4578 4576 4575
9059 2 2 1 1 4575 4577 4632
9060 2 2 1 1 4575 4632 4659
9061 2 2 1 1 4663 4665 4409
9062 2 2 1 1 4663 4409 4309
9063 2 2 1 1 4665 4661 4644
9064 2 2 1 1 4665 4644 4645
9065 2 2 1 1 4204 4203 4206
9066 2 2 1 1 4204 4206 4207
9067 2 2 1 1 4204 4635 4396
9068 2 2 1 1 4204 4396 4205
9069 2 2 1 1 3814 2415 3816
9070 2 2 1 1 3814 3816 3816
9071 2 2 1 1 3814 4073 3985
9072 2 2 1 1 3814 3985 3805
9073 2 2 1 1 4598 4597 4596
9074 2 2 1 1 4598 4596 4092
9075 2 2 1 1 4598 4641 4532
9076 2 2 1 1 4598 4532 4531
9077 2 2 1 1 4400 3956 3951
9078 2 2 1 1 4400 3951 3953
9079 2 2 1 1 4400 4401 4264
9080 2 2 1 1 4400 4264 4263
9081 2 2 1 1 4305 4125 4124
9082 2 2 1 1 4305 4124 4334
9083 2 2 1 1 4305 4392 4301
9084 2 2 1 1 4305 4301 4303
9085 2 2 1 1 4654 4495 4533
9086 2 2 1 1 4654 4533 4532
9087 2 2 1 1 3863 3868 3865
9088 2 2 1 1 3863 3865 3865
9089 2 2 1 1 3865 4157 4333
9090 2 2 1 1 3865 4333 3864
9091 2 2 1 1 4196 3992 3993
9092 2 2 1 1 4196 3993 4134
9093 2 2 1 1 4196 4408 4115
9094 2 2 1 1 4196 4115 4117
9095 2 2 1 1 4140 4029 4636
9096 2 2 1 1 4140 4636 4581
9097 2 2 1 1 4571 4572 4593
9098 2 2 1 1 4571 4593 4595
9099 2 2 1 1 4571 4573 4439
9100 2 2 1 1 4571 4439 4111
9101 2 2 1 1 4628 4430 3975
9102 2 2 1 1 4628 3975 3876
9103 2 2 1 1 4629 4628 4110
9104 2 2 1 1 4629 4110 4492
9105 2 2 1 1 4653 4446 4538
9106 2 2 1 1 4653 4538 4537
9107 2 2 1 1 4653 4496 4647
9108 2 2 1 1 4653 4647 4560
9109 2 2 1 1 4607 4666 4667
9110 2 2 1 1 4607 4667 4668
9111 2 2 1 1 4666 4623 3978
9112 2 2 1 1 4666 3978 4660
9113 2 2 1 1 4507 4508 4478
9114 2 2 1 1 4507 4478 4477
9115 2 2 1 1 4507 4632 4577
9116 2 2 1 1 4507 4577 4174
9117 2 2 1 1 4469 4416 4333
9118 2 2 1 1 4469 4333 4157
9119 2 2 1 1 4340 4012 4374
9120 2 2 1 1 4340 4374 4341
9121 2 2 1 1 4340 4339 4502
9122 2 2 1 1 4340 4502 4146
9123 2 2 1 1 4521 4243 3964
9124 2 2 1 1 4521 3964 3963
9125 2 2 1 1 4521 4262 4191
9126 2 2 1 1 4521 4191 4190
9127 2 2 1 1 4578 4300 4668
9128 2 2 1 1 4578 4668 4664
9129 2 2 1 1 4578 4575 4659
9130 2 2 1 1 4578 4659 4579
9131 2 2 1 1 4131 4205 4186
9132 2 2 1 1 4131 4186 4132
9133 2 2 1 1 4131 4130 4306
9134 2 2 1 1 4131 4306 4203
9135 2 2 1 1 4544 4543 4420
9136 2 2 1 1 4544 4420 4397
9137 2 2 1 1 4543 4546 4192
9138 2 2 1 1 4543 4192 4626
9139 2 2 1 1 1452 1475 3897
9140 2 2 1 1 1452 3897 3897
9141 2 2 1 1 3897 4015 3900
9142 2 2 1 1 3897 3900 3898
9143 2 2 1 1 3972 3974 3842
9144 2 2 1 1 3972 3842 3842
9145 2 2 1 1 4540 4561 4151
9146 2 2 1 1 4540 4151 4541
9147 2 2 1 1 4540 4351 4348
9148 2 2 1 1 4540 4348 4248
9149 2 2 1 1 4594 4592 4292
9150 2 2 1 1 4594 4292 4591
9151 2 2 1 1 4594 4441 4574
9152 2 2 1 1 4594 4574 4595
9153 2 2 1 1 4549 4531 4530
9154 2 2 1 1 4549 4530 4542
9155 2 2 1 1 4022 4025 4210
9156 2 2 1 1 4022 4210 4209
9157 2 2 1 1 4022 4662 4565
9158 2 2 1 1 4022 4565 4023
9159 2 2 1 1 4078 4081 4272
9160 2 2 1 1 4078 4272 4160
9161 2 2 1 1 4078 4443 4483
9162 2 2 1 1 4078 4483 4079
9163 2 2 1 1 4208 4211 4650
9164 2 2 1 1 4208 4650 4643
9165 2 2 1 1 4208 4644 4661
9166 2 2 1 1 4208 4661 4209
9167 2 2 1 1 4409 4665 4645
9168 2 2 1 1 4409 4645 4410
9169 2 2 1 1 4409 4411 4308
9170 2 2 1 1 4409 4308 4309
9171 2 2 1 1 4031 1360 4197
9172 2 2 1 1 4031 4197 4197
9173 2 2 1 1 4031 4378 4377
9174 2 2 1 1 4031 4377 3874
9175 2 2 1 1 4268 4269 4233
9176 2 2 1 1 4268 4233 4232
9177 2 2 1 1 4268 4489 4155
9178 2 2 1 1 4268 4155 4266
9179 2 2 1 1 1544 1567 4010
9180 2 2 1 1 1544 4010 4010
9181 2 2 1 1 3894 4010 4669
9182 2 2 1 1 3894 4669 4321
9183 2 2 1 1 4655 4490 4018
9184 2 2 1 1 4655 4018 4017
9185 2 2 1 1 4434 4616 4585
9186 2 2 1 1 4434 4585 4435
9187 2 2 1 1 4434 4271 4270
9188 2 2 1 1 4434 4270 4509
9189 2 2 1 1 4128 4232 4235
9190 2 2 1 1 4128 4235 4129
9191 2 2 1 1 4128 4127 4395
9192 2 2 1 1 4128 4395 4489
9193 2 2 1 1 4035 3914 4524
9194 2 2 1 1 4035 4524 4036
9195 2 2 1 1 4035 4034 3949
9196 2 2 1 1 4035 3949 3948
9197 2 2 1 1 4433 4234 4233
9198 2 2 1 1 4433 4233 4271
9199 2 2 1 1 4433 4435 4556
9200 2 2 1 1 4433 4556 4529
9201 2 2 1 1 4470 4468 4467
9202 2 2 1 1 4470 4467 4649
9203 2 2 1 1 4470 4475 4417
9204 2 2 1 1 4470 4417 4416
9205 2 2 1 1 3860 4418 4558
9206 2 2 1 1 3860 4558 3813
9207 2 2 1 1 4068 3861 3860
9208 2 2 1 1 4068 3860 3860
9209 2 2 1 1 4498 4282 4122
9210 2 2 1 1 4498 4122 4583
9211 2 2 1 1 4637 4636 4028
9212 2 2 1 1 4637 4028 4657
9213 2 2 1 1 4670 4637 4657
9214 2 2 1 1 4670 4657 4624
9215 2 2 1 1 4110 4628 3876
9216 2 2 1 1 4110 3876 3839
9217 2 2 1 1 4110 4018 4490
9218 2 2 1 1 4110 4490 4492
9219 2 2 1 1 3857 3977 3976
9220 2 2 1 1 3857 3976 3976
9221 2 2 1 1 3976 4024 4023
9222 2 2 1 1 3976 4023 3851
9223 2 2 1 1 4296 4295 4325
9224 2 2 1 1 4296 4325 4324
9225 2 2 1 1 4296 4327 3996
9226 2 2 1 1 4296 3996 3920
9227 2 2 1 1 4380 4244 4243
9228 2 2 1 1 4380 4243 4381
9229 2 2 1 1 3945 4249 3944
9230 2 2 1 1 3945 3944 3944
9231 2 2 1 1 4498 3944 4497
9232 2 2 1 1 4498 4497 4402
9233 2 2 1 1 4631 4477 4476
9234 2 2 1 1 4631 4476 4649
9235 2 2 1 1 4631 4651 4659
9236 2 2 1 1 4631 4659 4632
9237 2 2 1 1 4179 4454 4670
9238 2 2 1 1 4179 4670 4180
9239 2 2 1 1 4454 4278 4652
9240 2 2 1 1 4454 4652 4638
9241 2 2 1 1 4611 4457 4404
9242 2 2 1 1 4611 4404 4406
9243 2 2 1 1 4611 4610 4546
9244 2 2 1 1 4611 4546 4545
9245 2 2 1 1 3823 1130 4032
9246 2 2 1 1 3823 4032 4032
9247 2 2 1 1 4330 4027 4140
9248 2 2 1 1 4330 4140 4331
9249 2 2 1 1 4330 4329 4290
9250 2 2 1 1 4330 4290 4383
9251 2 2 1 1 4656 4558 4418
9252 2 2 1 1 4656 4418 4419
9253 2 2 1 1 4671 4656 4419
9254 2 2 1 1 4671 4419 4474
9255 2 2 1 1 3974 3843 3842
9256 2 2 1 1 3974 3842 3842
9257 2 2 1 1 3842 4420 4625
9258 2 2 1 1 3842 4625 3972
9259 2 2 1 1 4177 3950 3949
9260 2 2 1 1 4177 3949 4178
9261 2 2 1 1 4177 4176 4440
9262 2 2 1 1 4177 4440 4567
9263 2 2 1 1 4001 3962 3961
9264 2 2 1 1 4001 3961 3961
9265 2 2 1 1 4001 4427 4487
9266 2 2 1 1 4001 4487 3999
9267 2 2 1 1 4519 4640 4213
9268 2 2 1 1 4519 4213 4520
9269 2 2 1 1 3966 3943 4304
9270 2 2 1 1 3966 4304 4303
9271 2 2 1 1 3966 4302 3836
9272 2 2 1 1 3966 3836 4006
9273 2 2 1 1 4671 4672 3980
9274 2 2 1 1 4671 3980 3979
9275 2 2 1 1 4237 3901 3900
9276 2 2 1 1 4237 3900 4138
9277 2 2 1 1 4237 4363 4368
9278 2 2 1 1 4237 4368 4238
9279 2 2 1 1 4516 4414 4619
9280 2 2 1 1 4516 4619 4517
9281 2 2 1 1 4516 4515 4221
9282 2 2 1 1 4516 4221 4198
9283 2 2 1 1 4391 4334 4235
9284 2 2 1 1 4391 4235 4234
9285 2 2 1 1 4391 4529 4535
9286 2 2 1 1 4391 4535 4392
9287 2 2 1 1 4319 4032 3829
9288 2 2 1 1 4319 3829 4320
9289 2 2 1 1 4319 4318 4181
9290 2 2 1 1 4319 4181 4184
9291 2 2 1 1 3987 4105 3984
9292 2 2 1 1 3987 3984 3984
9293 2 2 1 1 4008 3803 3984
9294 2 2 1 1 4008 3984 3984
9295 2 2 1 1 4357 4116 4115
9296 2 2 1 1 4357 4115 4358
9297 2 2 1 1 4357 4356 4551
9298 2 2 1 1 4357 4551 4355
9299 2 2 1 1 4250 3887 4049
9300 2 2 1 1 4250 4049 4251
9301 2 2 1 1 4250 4253 4161
9302 2 2 1 1 4250 4161 4448
9303 2 2 1 1 4655 4017 3809
9304 2 2 1 1 4655 3809 3808
9305 2 2 1 1 4450 4277 4275
9306 2 2 1 1 4450 4275 4570
9307 2 2 1 1 4450 4569 4630
9308 2 2 1 1 4450 4630 4451
9309 2 2 1 1 4671 3979 3890
9310 2 2 1 1 4671 3890 4656
9311 2 2 1 1 4671 4474 4479
9312 2 2 1 1 4671 4479 4672
9313 2 2 1 1 4465 4468 4469
9314 2 2 1 1 4465 4469 4614
9315 2 2 1 1 4465 4350 4349
9316 2 2 1 1 4465 4349 4466
9317 2 2 1 1 4051 1314 3874
9318 2 2 1 1 4051 3874 3874
9319 2 2 1 1 4051 4619 4414
9320 2 2 1 1 4051 4414 3848
9321 2 2 1 1 4617 4254 4526
9322 2 2 1 1 4617 4526 4622
9323 2 2 1 1 4673 4617 4622
9324 2 2 1 1 4673 4622 4590
9325 2 2 1 1 4424 4427 4001
9326 2 2 1 1 4424 4001 3961
9327 2 2 1 1 4424 4429 4428
9328 2 2 1 1 4424 4428 4425
9329 2 2 1 1 4192 4546 4610
9330 2 2 1 1 4192 4610 4193
9331 2 2 1 1 4192 4195 4563
9332 2 2 1 1 4192 4563 4626
9333 2 2 1 1 4323 4286 4193
9334 2 2 1 1 4323 4193 4610
9335 2 2 1 1 4323 4406 4326
9336 2 2 1 1 4323 4326 4324
9337 2 2 1 1 4621 4119 4118
9338 2 2 1 1 4621 4118 4464
9339 2 2 1 1 4621 4620 4613
9340 2 2 1 1 4621 4613 4634
9341 2 2 1 1 3941 3945 3942
9342 2 2 1 1 3941 3942 3942
9343 2 2 1 1 3942 3944 4498
9344 2 2 1 1 3942 4498 4583
9345 2 2 1 1 3926 4436 4058
9346 2 2 1 1 3926 4058 4057
9347 2 2 1 1 3926 4057 4403
9348 2 2 1 1 3926 4403 4070
9349 2 2 1 1 4379 4306 4130
9350 2 2 1 1 4379 4130 4380
9351 2 2 1 1 4379 4382 4650
9352 2 2 1 1 4379 4650 4444
9353 2 2 1 1 4437 4058 4436
9354 2 2 1 1 4437 4436 4618
9355 2 2 1 1 4437 4608 4505
9356 2 2 1 1 4437 4505 4438
9357 2 2 1 1 3909 4077 4076
9358 2 2 1 1 3909 4076 4076
9359 2 2 1 1 4076 4075 4136
9360 2 2 1 1 4076 4136 4293
9361 2 2 1 1 4094 4095 4144
9362 2 2 1 1 4094 4144 4143
9363 2 2 1 1 4094 4096 3939
9364 2 2 1 1 4094 3939 3938
9365 2 2 1 1 4212 4166 4174
9366 2 2 1 1 4212 4174 4577
9367 2 2 1 1 4212 4576 4520
9368 2 2 1 1 4212 4520 4213
9369 2 2 1 1 4299 4298 4505
9370 2 2 1 1 4299 4505 4608
9371 2 2 1 1 3975 3877 3876
9372 2 2 1 1 3975 3876 3876
9373 2 2 1 1 3975 4430 4429
9374 2 2 1 1 3975 4429 3903
9375 2 2 1 1 4663 4662 4661
9376 2 2 1 1 4663 4661 4665
9377 2 2 1 1 4663 4309 4215
9378 2 2 1 1 4663 4215 4603
9379 2 2 1 1 4599 3858 3850
9380 2 2 1 1 4599 3850 4600
9381 2 2 1 1 4599 4601 4361
9382 2 2 1 1 4599 4361 4627
9383 2 2 1 1 4422 3833 3821
9384 2 2 1 1 4422 3821 3820
9385 2 2 1 1 4422 4261 4615
9386 2 2 1 1 4422 4615 4423
9387 2 2 1 1 4500 4147 4146
9388 2 2 1 1 4500 4146 4502
9389 2 2 1 1 4500 4639 4519
9390 2 2 1 1 4500 4519 4501
9391 2 2 1 1 4528 1038 3804
9392 2 2 1 1 4528 3804 3804
9393 2 2 1 1 3804 3809 4017
9394 2 2 1 1 3804 4017 3806
9395 2 2 1 1 4387 4390 4615
9396 2 2 1 1 4387 4615 4413
9397 2 2 1 1 4387 4087 4086
9398 2 2 1 1 4387 4086 4388
9399 2 2 1 1 4673 4089 4584
9400 2 2 1 1 4673 4584 4585
9401 2 2 1 1 4089 4092 4596
9402 2 2 1 1 4089 4596 4584
9403 2 2 1 1 3933 3988 4660
9404 2 2 1 1 3933 4660 3978
9405 2 2 1 1 3978 3934 3933
9406 2 2 1 1 3978 3933 3933
9407 2 2 1 1 4582 4581 4638
9408 2 2 1 1 4582 4638 4652
9409 2 2 1 1 4582 4646 4328
9410 2 2 1 1 4582 4328 4331
9411 2 2 1 1 4372 4371 4431
9412 2 2 1 1 4372 4431 4629
9413 2 2 1 1 4372 4491 4494
9414 2 2 1 1 4372 4494 4373
9415 2 2 1 1 4667 4666 4660
9416 2 2 1 1 4667 4660 4499
9417 2 2 1 1 4668 4667 4518
9418 2 2 1 1 4668 4518 4664
9419 2 2 1 1 4518 4667 4499
9420 2 2 1 1 4518 4499 4501
9421 2 2 1 1 4518 4520 4576
9422 2 2 1 1 4518 4576 4664
9423 2 2 1 1 4674 4672 4479
9424 2 2 1 1 4674 4479 4478
9425 2 2 1 1 4669 4674 4478
9426 2 2 1 1 4669 4478 4508
9427 2 2 1 1 4041 4044 4530
9428 2 2 1 1 4041 4530 4533
9429 2 2 1 1 4041 4485 4484
9430 2 2 1 1 4041 4484 4042
9431 2 2 1 1 3968 3834 3828
9432 2 2 1 1 3968 3828 3828
9433 2 2 1 1 3968 4527 4257
9434 2 2 1 1 3968 4257 3983
9435 2 2 1 1 4066 4065 4386
9436 2 2 1 1 4066 4386 4283
9437 2 2 1 1 4066 4025 4024
9438 2 2 1 1 4066 4024 4067
9439 2 2 1 1 4359 4361 4601
9440 2 2 1 1 4359 4601 4612
9441 2 2 1 1 4359 4620 4589
9442 2 2 1 1 4359 4589 4360
9443 2 2 1 1 4607 4609 4623
9444 2 2 1 1 4607 4623 4666
9445 2 2 1 1 4607 4668 4300
9446 2 2 1 1 4607 4300 4299
9447 2 2 1 1 4553 4555 4503
9448 2 2 1 1 4553 4503 4552
9449 2 2 1 1 4553 4569 4568
9450 2 2 1 1 4553 4568 4554
9451 2 2 1 1 4183 3822 3823
9452 2 2 1 1 4183 3823 4184
9453 2 2 1 1 4183 4182 4490
9454 2 2 1 1 4183 4490 4655
9455 2 2 1 1 4171 4170 4103
9456 2 2 1 1 4171 4103 4102
9457 2 2 1 1 4171 4148 4335
9458 2 2 1 1 4171 4335 4172
9459 2 2 1 1 4673 4590 4090
9460 2 2 1 1 4673 4090 4089
9461 2 2 1 1 4673 4585 4616
9462 2 2 1 1 4673 4616 4617
9463 2 2 1 1 4337 4570 4275
9464 2 2 1 1 4337 4275 4242
9465 2 2 1 1 4604 3907 3906
9466 2 2 1 1 4604 3906 4488
9467 2 2 1 1 4604 4572 4114
9468 2 2 1 1 4604 4114 4605
9469 2 2 1 1 3944 4249 4497
9470 2 2 1 1 3944 4497 4497
9471 2 2 1 1 4249 4070 4497
9472 2 2 1 1 4249 4497 4497
9473 2 2 1 1 4625 4420 4543
9474 2 2 1 1 4625 4543 4626
9475 2 2 1 1 4625 4624 4657
9476 2 2 1 1 4625 4657 3972
9477 2 2 1 1 4080 4538 4026
9478 2 2 1 1 4080 4026 4445
9479 2 2 1 1 2407 2406 4445
9480 2 2 1 1 2407 4445 4445
9481 2 2 1 1 4026 2407 4445
9482 2 2 1 1 4026 4445 4445
9483 2 2 1 1 4026 4538 4446
9484 2 2 1 1 4026 4446 3847
9485 2 2 1 1 4336 4241 4370
9486 2 2 1 1 4336 4370 4371
9487 2 2 1 1 4336 4373 4525
9488 2 2 1 1 4336 4525 4337
9489 2 2 1 1 4452 4328 4646
9490 2 2 1 1 4452 4646 4453
9491 2 2 1 1 4452 4218 4522
9492 2 2 1 1 4452 4522 4523
9493 2 2 1 1 4547 4393 4535
9494 2 2 1 1 4547 4535 4557
9495 2 2 1 1 4547 4597 4549
9496 2 2 1 1 4547 4549 4548
9497 2 2 1 1 1590 1613 3980
9498 2 2 1 1 1590 3980 3980
9499 2 2 1 1 3980 4672 4674
9500 2 2 1 1 3980 4674 4009
9501 2 2 1 1 4539 4376 4162
9502 2 2 1 1 4539 4162 4165
9503 2 2 1 1 4539 4285 4586
9504 2 2 1 1 4539 4586 4486
9505 2 2 1 1 4648 4562 4647
9506 2 2 1 1 4648 4647 4654
9507 2 2 1 1 4648 4641 4091
9508 2 2 1 1 4648 4091 4311
9509 2 2 1 1 4670 4624 4563
9510 2 2 1 1 4670 4563 4180
9511 2 2 1 1 4670 4454 4638
9512 2 2 1 1 4670 4638 4637
9513 2 2 1 1 4669 4010 4009
9514 2 2 1 1 4669 4009 4674
9515 2 2 1 1 4669 4508 4173
9516 2 2 1 1 4669 4173 4321
$EndElements
