Reference,Number of ships involved,Ships involved,SOLAS status,Flag Administrations,Ship types,Occurrence date and time,Casualty event,Casualty severity,Coordinates,Place,Location,Number of investigation reports,Administrations submitting investigation reports
"C1000784","1","WAN HAI 503 (IMO 9294862)","WAN HAI 503 (IMO 9294862): Y","Singapore","Container","2025-06-09 04:30","Fire/explosion - fire","Very serious marine casualty","9° 59.02' N 76° 14.60' E","80 km southwest of Azhikkal, Kerala, India","Unknown","0",""
"C1000776","1","MSC ELSA 3 (IMO 9123221)","MSC ELSA 3 (IMO 9123221): Y","Liberia","Container","2025-05-25 07:50","Capsize/listing - capsize","Very serious marine casualty","9° 18.75' N 76° 06.00' E","Indian Ocean","Open sea","0",""
"C1000809","1","PHOENIX 15 (IMO 8357667)","PHOENIX 15 (IMO 8357667): Y","Comoros","Container","2025-05-21 04:38","Unknown - Unknown","Very serious marine casualty","16° 36.58' N 54° 04.38' E","In the Arabian sea","Open sea","0",""
"C1000762","1","N/A","N/A: ","China","Other Activities","2025-05-04 16:40","Collision - with other ship","Very serious marine casualty","25° 10.14' N 106° 38.15' E","","River","0",""
"C1000799","1","HONGHAI 16 (IMO 8665870)","HONGHAI 16 (IMO 8665870): ","Philippines","Dredging","2025-04-15 17:20","Capsize/listing - capsize","Very serious marine casualty","12° 31.68' N 120° 55.06' E","Lumintao River at Barangay Malawaan, Rizal Occidental Mindoro","Inland waters","1","Philippines"
"C1000747","1","ALTZEK (IMO 9621417)","ALTZEK (IMO 9621417): Y","Liberia","Bulk Dry","2025-04-13 16:07","Fire/explosion - explosion","Marine casualty","14° 23.00' S 40° 44.00' E","Baia de Fernao Veloso","Port approach","0",""
"C1000753","1","AKKAD (IMO 9948970)","AKKAD (IMO 9948970): Y","Iraq","Oil Tanker","2025-03-29 14:58","Loss of control - loss of directional control","Marine incident","30° 01.88' N 47° 57.09' E","Basra/Umm Qasr","Port","0",""
"C1000795","3","SADONG 33, SEA ASIA 201, UNIVERSE KAISA (IMO 9283849)","SADONG 33: N, SEA ASIA 201: N, UNIVERSE KAISA (IMO 9283849): Y","Philippines, Philippines, Panama","Towing / Pushing, General Cargo, Bulk Dry","2025-03-25 04:12","Capsize/listing - capsize","Very serious marine casualty","6° 05.00' N 125° 09.00' E","SARANGANI BAY","Open sea","1","Philippines"
"C1000736","1","MARTENITSA (IMO 9138733)","MARTENITSA (IMO 9138733): ","Saint Vincent and the Grenadines","General Cargo","2025-02-14 16:33","Loss of control - loss of directional control","Marine incident","45° 34.52' N 13° 42.97' E","Mediterranean Region - Mediterranean Region, Mediterranean Region - Adriatic Sea","Port","1","Slovenia"
"C1000760","1","SERPESCAS","SERPESCAS: ","Portugal","Fish Catching","2025-02-05 03:00","Ship/equipment damage - ship/equipment damage","Very serious marine casualty","40° 37.88' N 8° 44.10' W","North Atlantic Ocean - North Atlantic Ocean","Port","1","Portugal"
"C1000742","1","PRAIA DO NEIVA","PRAIA DO NEIVA: ","Portugal","Fish Catching","2025-02-03 05:45","Contact - with fixed object","Very serious marine casualty","41° 10.94' N 8° 41.87' W","North Atlantic Ocean - North Atlantic Ocean","Port","1","Portugal"
"C1000697","1","ASL BAUHINIA (IMO 9935868)","ASL BAUHINIA (IMO 9935868): ","Hong Kong, China","Container","2025-01-28 08:00","Fire/explosion - explosion","Very serious marine casualty","16° 12.39' N 40° 58.90' E","","Open sea","0",""
"C1000699","2","ANTERO DE QUENTAL (IMO 9312638), BINA","ANTERO DE QUENTAL (IMO 9312638): , BINA: ","Portugal, Poland","Passenger, Yacht","2025-01-06 16:50","Collision - with other ship","Very serious marine casualty","38° 40.06' N 9° 07.20' W","North Atlantic Ocean - North Atlantic Ocean","Strait/channel","1","Portugal"
"C1000695","1","SUN S (IMO 9473975)","SUN S (IMO 9473975): ","Panama","Bulk Dry","2024-12-19 08:03","Grounding - while drifting","Marine incident","42° 10.60' N 41° 37.90' E","POTI PORT","Coastal waters","0",""
"C1000738","1","PRESTIGE ACE (IMO 9213454)","PRESTIGE ACE (IMO 9213454): Y","Panama","Ro-Ro Cargo","2024-12-05 18:00","Others - Others","Very serious marine casualty","22° 08.00' N 89° 41.00' W","","Open sea","1","Panama"
"C1000761","1","ORKO (IMO 9430325)","ORKO (IMO 9430325): ","Barbados","General Cargo","2024-12-02 18:00","Contact - with fixed object","Marine casualty","40° 08.73' N 8° 52.32' W","North Atlantic Ocean - North Atlantic Ocean","Port","1","Portugal"
"C1000624","2","DANUM 172 (IMO 9151424), PETUNIA (IMO 8402606)","DANUM 172 (IMO 9151424): , PETUNIA (IMO 8402606): ","Malaysia, Malaysia","Container, Other Activities","2024-12-01 10:00","Collision - with other ship","Very serious marine casualty","2° 49.29' N 101° 16.20' E","","Open sea","0",""
"C1000610","1","CELESTYAL JOURNEY (IMO 8919269)","CELESTYAL JOURNEY (IMO 8919269): ","Bermuda (United Kingdom)","Passenger","2024-11-22 00:00","Unknown - Unknown","Very serious marine casualty","4° 12.89' N 57° 17.88' E","","Open sea","0",""
"C1000594","1","DANA (IMO 8104553)","DANA (IMO 8104553): ","Zanzibar (United Republic of Tanzania)","General Cargo","2024-11-01 23:00","Flooding/foundering - foundering","Very serious marine casualty","32° 42.00' N 23° 00.00' E","20 nautical miles northeast of the city of Derna","Port approach","0",""
"C1000791","1","TONG JIU JIN HAI YANG (IMO 1072311)","TONG JIU JIN HAI YANG (IMO 1072311): Y","Panama","Other Dry Cargo","2024-11-01 15:40","Occupational accident - Others","Marine casualty","31° 21.20' N 122° 25.10' E","","Anchorage","1","Panama"
"C1000713","2","LOUISA BOLTEN (IMO 9406049), SOUTHERN PUMA (IMO 9792008)","LOUISA BOLTEN (IMO 9406049): Y, SOUTHERN PUMA (IMO 9792008): Y","Marshall Islands, Liberia","Bulk Dry, Chemical Tanker","2024-11-01 04:10","Collision - with other ship","Very serious marine casualty","36° 02.00' N 4° 57.00' W","Alboran Sea","Open sea","0",""
"C1000608","1","MINOAS (IMO 9519315)","MINOAS (IMO 9519315): ","Marshall Islands","Bulk Dry","2024-10-27 08:31","Occupational accident - body movement without any physical
stress (generally leading to an external
injury)","Marine casualty","45° 33.56' N 13° 44.42' E","Mediterranean Region - Mediterranean Region, Mediterranean Region - Adriatic Sea","Port","1","Slovenia"
"C1000590","1","CEMISLE (IMO 9213911)","CEMISLE (IMO 9213911): Y","Antigua and Barbuda","Other Activities","2024-10-23 18:25","Fire/explosion - fire","Very serious marine casualty","51° 26.51' N 0° 44.54' E","Sheerness, United Kingdom","At berth","0",""
"C1000601","1","MED ATLANTIC (IMO 9410533)","MED ATLANTIC (IMO 9410533): ","Malta","Tanker","2024-10-21 10:30","Fire/explosion - fire","Marine incident","1° 21.85' N 104° 04.30' E","","Coastal waters","0",""
"C1000589","2","UMYD (IMO 9557616), VERDE GEE (IMO 9951587)","UMYD (IMO 9557616): , VERDE GEE (IMO 9951587): N","Kazakhstan, Jordan","Other Activities, Towing / Pushing","2024-10-20 12:20","Collision - with other ship","Very serious marine casualty","16° 57.00' N 54° 01.00' E","Oman","Port","0",""
"C1000587","1","GRIGORY LOVTSOV (IMO 8974922)","GRIGORY LOVTSOV (IMO 8974922): ","Russian Federation","General Cargo","2024-10-18 13:30","Capsize/listing - capsize","Very serious marine casualty","46° 39.02' N 142° 42.38' E","Sea of Okhotsk","Port approach","1","Russian Federation"
"C1000633","1","PARIS EXPRESS (IMO 9447902)","PARIS EXPRESS (IMO 9447902): ","Hong Kong, China","Container","2024-10-14 10:35","Occupational accident - slipping, stumbling, falling of person to a
lower level","Very serious marine casualty","16° 45.90' N 75° 47.59' W","","Open sea","0",""
"C1000586","1","ARMANA (IMO 5024611)","ARMANA (IMO 5024611): ","South Africa","Fish Catching","2024-10-14 00:00","Fire/explosion - fire","Very serious marine casualty","34° 34.40' S 19° 14.43' E","","Open sea","0",""
"C1000788","1","B-LPG SOPHIA (IMO 9175846)","B-LPG SOPHIA (IMO 9175846): Y","Panama","Liquefied Gas","2024-10-13 00:40","Fire/explosion - fire","Marine casualty","21° 46.20' N 91° 42.79' E","","Anchorage","1","Panama"
"C1000794","1","MARGARITAVILLE AT SEA ISLANDER (IMO 9187796)","MARGARITAVILLE AT SEA ISLANDER (IMO 9187796): ","Bahamas","Passenger","2024-10-10 11:03","Occupational accident - slipping, stumbling, falling of person to a
lower level","Very serious marine casualty","22° 28.00' N 86° 58.00' W","Cozumel, Mexico","At berth","1","Bahamas"
"C1000632","1","BANGLAR SHOURABH (IMO 8508955)","BANGLAR SHOURABH (IMO 8508955): ","Bangladesh","Oil Tanker","2024-10-05 00:50","Fire/explosion - fire","Very serious marine casualty","22° 11.25' N 91° 46.54' E","","Anchorage","0",""
"C1000579","1","BLUE LAGOON (IMO 9481427)","BLUE LAGOON (IMO 9481427): Y","Barbados","Bulk Dry","2024-10-01 03:03","Capsize/listing - listing","Very serious marine casualty","21° 57.95' N 121° 32.95' E","Orchid Island(Lanyu) /Taiwan.","Open sea","1","Barbados"
"C1000652","1","PEYUCSA 12","PEYUCSA 12: N","Mexico","Fish Catching","2024-09-27 10:07","Flooding/foundering - foundering","Very serious marine casualty","22° 24.00' N 87° 55.00' W","A 116 MILLAS NÁUTICAS AL NOROESTE DE PROGRESO,YUCATÁN","Open sea","1","Mexico"
"C1000640","1","LIBERTY I (IMO 9394715)","LIBERTY I (IMO 9394715): Y","Israel","Offshore Supply","2024-09-22 14:10","Occupational accident - Others","Very serious marine casualty","33° 11.68' N 34° 18.20' E","Mediterranean Sea approximately 40 nautical miles from the coast of Israel","Open sea","1","Israel"
"C1000744","2","Oshio, Yakushi Maru No 3","Oshio: N, Yakushi Maru No 3: N","Singapore, Singapore","Other Non-Seagoing, Other Non-Seagoing","2024-09-04 13:49","Flooding/foundering - flooding","Very serious marine casualty","1° 17.50' N 103° 59.04' E","","Port","1","Singapore"
"C1000743","1","Sophia Z (IMO 9445708)","Sophia Z (IMO 9445708): Y","Bahamas","Bulk Dry","2024-08-30 15:30","Occupational accident - electrical problems, explosion, fire","Very serious marine casualty","3° 03.00' S 84° 22.00' E","","Open sea","1","Bahamas"
"C1000737","1","SHANGHAI BULKER (IMO 9599913)","SHANGHAI BULKER (IMO 9599913): Y","Panama","Bulk Dry","2024-08-28 16:45","Occupational accident - Others","Very serious marine casualty","6° 40.59' S 39° 18.60' E","","Anchorage","1","Panama"
"C1000611","1","CASPIAN POWER (IMO 9534236)","CASPIAN POWER (IMO 9534236): Y","Azerbaijan","Offshore Supply","2024-08-27 04:00","Fire/explosion - fire","Very serious marine casualty","40° 07.42' N 51° 09.39' E","near the "Azeri-Chirag" oil platforms","Coastal waters","1","Azerbaijan"
"C1000664","1","C. GENUINE (IMO 9929663)","C. GENUINE (IMO 9929663): Y","Liberia","Oil Tanker","2024-08-26 08:00","Others - Others","Very serious marine casualty","28° 26.29' N 49° 51.61' E","Arabian Gulf","Open sea","1","Kuwait"
"C1000628","1","ITT PUMA (IMO 8116128)","ITT PUMA (IMO 8116128): ","India","General Cargo","2024-08-25 00:00","Capsize/listing - capsize","Very serious marine casualty","20° 26.21' N 88° 36.34' E","","Open sea","0",""
"C1000826","1","SEREN (IMO 9458391)","SEREN (IMO 9458391): Y","Hong Kong, China","General Cargo","2024-08-19 02:38","Occupational accident - Others","Very serious marine casualty","29° 30.00' N 32° 18.00' E","Suez Southern W-8 Anchorage","Anchorage","1","Hong Kong, China"
"C1000533","1","BAYESIAN (IMO 9503392)","BAYESIAN (IMO 9503392): ","United Kingdom","Yacht","2024-08-19 00:00","Capsize/listing - capsize","Very serious marine casualty","38° 09.10' N 13° 27.64' E","","Coastal waters","0",""
"C1000787","1","SHUN LONG (IMO 9159646)","SHUN LONG (IMO 9159646): Y","Panama","Container","2024-08-18 23:40","Others - Others","Marine casualty","5° 28.79' N 96° 06.94' E","","Open sea","1","Panama"
"C1000734","1","FRIENDSHIP (IMO 7904827)","FRIENDSHIP (IMO 7904827): N","Panama","Other Offshore","2024-08-14 11:21","Occupational accident - Others","Marine casualty","53° 33.93' N 5° 53.22' E","","Anchorage","1","Panama"
"C1000735","1","ESTEEM ASTRO (IMO 9838008)","ESTEEM ASTRO (IMO 9838008): Y","Panama","Oil Tanker","2024-08-13 08:56","Occupational accident - Others","Marine casualty","1° 11.18' N 103° 47.08' E","","Anchorage","1","Panama"
"C1000682","1","Lastovo (IMO 7010717)","Lastovo (IMO 7010717): ","Croatia","Passenger","2024-08-11 15:07","Occupational accident - loss of control of machine, means of
transport or handling equipment,
hand-held tool, object, animal","Very serious marine casualty","44° 32.28' N 14° 27.83' E","Mediterranean Region - Adriatic Sea, Mediterranean Region - Mediterranean Region","Port","1","Croatia"
"C1000629","1","AMAR GLYFADA (IMO 9250567)","AMAR GLYFADA (IMO 9250567): ","Belize","Bulk Dry","2024-08-08 00:00","Fire/explosion - fire","Very serious marine casualty","44° 20.06' N 28° 40.36' E","","At berth","0",""
"C1000630","1","ELISABET SATU (IMO 9805128)","ELISABET SATU (IMO 9805128): ","Indonesia","Tanker","2024-08-07 03:00","Fire/explosion - explosion","Very serious marine casualty","8° 32.04' S 115° 36.54' E","","Open sea","0",""
"C1000530","1","PRIDE IV","PRIDE IV: U","Honduras","Fish Catching","2024-08-06 22:30","Fire/explosion - fire","Very serious marine casualty","16° 32.47' N 80° 45.52' W","ROSA LINDA FISHING BANK","Inland waters","0",""
"C1000733","1","YUN SHENG (IMO 9219458)","YUN SHENG (IMO 9219458): Y","Panama","Bulk Dry","2024-08-06 21:24","Collision - with other ship","Marine casualty","1° 15.38' N 104° 06.19' E","","Strait/channel","1","Panama"
"C1000631","1","ICON AMARA (IMO 9653109)","ICON AMARA (IMO 9653109): ","Malaysia","Offshore Supply","2024-08-02 22:40","Fire/explosion - explosion","Very serious marine casualty","3° 35.11' N 112° 56.47' E","","Open sea","0",""
"C1000768","1","RUONA (IMO 8975627)","RUONA (IMO 8975627): U","Nigeria","Towing / Pushing","2024-08-01 15:25","Grounding - while under power","Very serious marine casualty","4° 17.51' N 6° 26.44' E","Brass breakwater, Bayelsa State, Nigeria.","Coastal waters","1","Nigeria"
"C1000609","3","BARGE ISSADA, MV QI FU (IMO 9288502), SSL BARGE 18","BARGE ISSADA: Y, MV QI FU (IMO 9288502): Y, SSL BARGE 18: Y","Philippines, Hong Kong, China, Philippines","Barge, General Cargo, Barge","2024-07-31 08:55","Collision - with multiple ships","Marine casualty","14° 28.70' N 120° 36.13' E","MARIVELES, BATAAN","Port approach","1","Philippines"
"C1000596","1","ALEXANDER J (IMO 9173094)","ALEXANDER J (IMO 9173094): Y","Nigeria","Oil Tanker","2024-07-29 23:45","Grounding - while drifting","Marine casualty","6° 25.00' N 3° 29.95' E","MAYEGUN BEACH, LEKKI LAGOS NIGERIA","Anchorage","1","Nigeria"
"C1000786","1","LIMRA (IMO 9158240)","LIMRA (IMO 9158240): Y","Panama","Tanker","2024-07-28 14:43","Fire/explosion - fire","Marine casualty","18° 13.50' N 108° 26.36' E","","Coastal waters","1","Panama"
"C1000535","1","TERRANOVA (IMO 9092666)","TERRANOVA (IMO 9092666): ","Philippines","Tanker","2024-07-25 00:00","Capsize/listing - capsize","Very serious marine casualty","14° 37.36' N 120° 50.68' E","","Unknown","1","Philippines"
"C1000805","1","OCEAN CHALLENGER (IMO 9517264)","OCEAN CHALLENGER (IMO 9517264): N","Nauru","Fish Catching","2024-07-20 00:38","Occupational accident - breakage, bursting, splitting, fall or
collapse of material agent","Very serious marine casualty","1° 40.00' S 159° 31.00' E","Papua New Guinea EEZ waters","Coastal waters","1","Nauru"
"C1000797","2","CERES I (IMO 9229439), HAFNIA NILE (IMO 9766217)","CERES I (IMO 9229439): Y, HAFNIA NILE (IMO 9766217): Y","Sao Tome and Principe, Singapore","Oil Tanker, Tanker","2024-07-19 06:06","Collision - with other ship","Very serious marine casualty","1° 45.52' N 104° 39.40' E","25nm off Tanjung Balau","Coastal waters","0",""
"C1000801","1","TRF KASHIMA (IMO 9733349)","TRF KASHIMA (IMO 9733349): Y","Marshall Islands","Chemical Tanker","2024-07-14 16:46","Occupational accident - Others","Very serious marine casualty","6° 13.89' N 107° 47.00' E","South China Sea","Open sea","0",""
"C1000731","1","VOLGO-BALT 213 (IMO 8841632)","VOLGO-BALT 213 (IMO 8841632): Y","Panama","General Cargo","2024-07-14 03:08","Grounding - while drifting","Marine casualty","40° 23.27' N 28° 45.24' E","","Coastal waters","1","Panama"
"C1000701","1","PRAIA DE MONTEGORDO","PRAIA DE MONTEGORDO: ","Portugal","Fish Catching","2024-07-11 23:49","Flooding/foundering - flooding","Very serious marine casualty","36° 51.84' N 7° 47.54' W","North Atlantic Ocean - North Atlantic Ocean","Coastal waters","1","Portugal"
"C1000595","1","MASTER RU (IMO 7350521)","MASTER RU (IMO 7350521): ","Zanzibar (United Republic of Tanzania)","Passenger/Ro-Ro Cargo","2024-07-11 02:00","Flooding/foundering - foundering","Very serious marine casualty","25° 19.00' N 78° 00.00' W","Bahamas territorial waters","Coastal waters","1","Bahamas"
"C1000605","1","STRAITS DIGNITY (IMO 9306859)","STRAITS DIGNITY (IMO 9306859): Y","Mongolia","Tanker","2024-07-04 23:30","Collision - with other ship","Marine incident","1° 46.79' N 104° 43.47' E","SOUTH CHINA SEA","Anchorage","0",""
"C1000730","1","CARNIVAL PRIDE (IMO 9223954)","CARNIVAL PRIDE (IMO 9223954): Y","Panama","Passenger","2024-07-03 22:32","Fire/explosion - fire","Marine casualty","25° 34.90' N 76° 58.29' W","","Open sea","1","Panama"
"C1000663","1","VIRGEM DOLOROSA (IMO 8799308)","VIRGEM DOLOROSA (IMO 8799308): ","Portugal","Fish Catching","2024-07-03 04:07","Capsize/listing - capsize","Very serious marine casualty","39° 49.38' N 9° 01.30' W","North Atlantic Ocean - North Atlantic Ocean","Coastal waters","1","Portugal"
"C1000638","1","GINGA SAKER (IMO 9258155)","GINGA SAKER (IMO 9258155): Y","Panama","Chemical Tanker","2024-07-01 08:30","Others - Others","Marine casualty","20° 50.70' N 72° 36.90' E","","Anchorage","1","Panama"
"C1000700","1","JOLLY BLUE (IMO 9180205)","JOLLY BLUE (IMO 9180205): ","Portugal","Ro-Ro Cargo","2024-06-25 14:34","Loss of control - loss of containment","Very serious marine casualty","36° 48.29' N 10° 16.09' E","Mediterranean Region - Mediterranean Region","Port","1","Portugal"
"C1000623","1","NOAH SATU (IMO 9313620)","NOAH SATU (IMO 9313620): ","Indonesia","General Cargo","2024-06-24 13:04","Fire/explosion - fire","Very serious marine casualty","6° 31.13' S 111° 39.52' E","","Open sea","0",""
"C1000625","1","LAVANT (IMO 9110444)","LAVANT (IMO 9110444): ","Unknown","Tanker","2024-06-23 11:41","Flooding/foundering - flooding","Very serious marine casualty","14° 31.00' N 53° 08.00' E","","Open sea","0",""
"C1000803","1","AVALON (IMO 8537700)","AVALON (IMO 8537700): ","Germany","Fish Catching","2024-06-16 07:00","Occupational accident - slipping, stumbling, falling of person
overboard","Very serious marine casualty","53° 30.00' N 6° 57.35' E","North Atlantic Ocean - North Sea","Coastal waters","1","Germany"
"C1000824","2","MARINE HONOUR (IMO 9422811), VOX MAXIMA (IMO 9454096)","MARINE HONOUR (IMO 9422811): Y, VOX MAXIMA (IMO 9454096): Y","Singapore, Netherlands (Kingdom of)","Oil Tanker, Dredging","2024-06-14 14:16","Collision - with other ship","Very serious marine casualty","1° 15.60' N 103° 47.50' E","West Keppel Fairway","Port","1","Singapore"
"C1000614","1","CEG COSMOS (IMO 8303173)","CEG COSMOS (IMO 8303173): ","Latvia","General Cargo","2024-06-13 19:48","Hull failure - hull failure","Marine casualty","55° 45.99' N 6° 03.99' W","North Atlantic Ocean - North Atlantic Ocean, North Atlantic Ocean - Scotland Sea","Coastal waters","1","Latvia"
"C1000758","1","CHINA ACE (IMO 9957634)","CHINA ACE (IMO 9957634): Y","Singapore","Bulk Dry","2024-06-13 10:45","Occupational accident - body movement under or with physical
stress (generally leading to an internal
injury)","Very serious marine casualty","17° 34.00' S 4° 16.00' E","South Atlantic Ocean","Open sea","1","Singapore"
"C1000708","2","Pungseong No. 307, SITC YANTAI (IMO 9639622)","Pungseong No. 307: N, SITC YANTAI (IMO 9639622): Y","Republic of Korea, Hong Kong, China","Other Fishing, Container","2024-06-13 00:34","Collision - with other ship","Very serious marine casualty","34° 14.00' N 125° 17.00' E","9.27NM west of Manjaedo","Coastal waters","1","Republic of Korea"
"C1000626","1","CHIANG LAAN (IMO 9092616)","CHIANG LAAN (IMO 9092616): ","Thailand","General Cargo","2024-06-09 12:55","Capsize/listing - capsize","Very serious marine casualty","10° 47.31' N 103° 12.46' E","","Open sea","0",""
"C1000627","1","ULTRA GALAXY (IMO 9449352)","ULTRA GALAXY (IMO 9449352): ","Panama","General Cargo","2024-06-07 14:30","Loss of control - loss of propulsion power","Very serious marine casualty","31° 38.00' S 16° 48.20' E","","Open sea","0",""
"C1000499","1","BAIKAL (IMO 8027121)","BAIKAL (IMO 8027121): U","Russian Federation","Towing / Pushing","2024-06-04 23:00","Flooding/foundering - flooding","Very serious marine casualty","73° 10.00' N 80° 18.00' E","Yenisei Gulf of the Kara Sea","Coastal waters","1","Russian Federation"
"C1000728","1","KIRKEHOLMEN (IMO 9553402)","KIRKEHOLMEN (IMO 9553402): Y","Panama","Oil Tanker","2024-06-01 08:00","Others - Others","Marine casualty","52° 26.20' N 3° 59.29' E","","Anchorage","1","Panama"
"C1000689","1","Svetac","Svetac: Y","Croatia","Fish Catching","2024-05-30 13:15","Occupational accident - slipping, stumbling, falling of person
overboard","Very serious marine casualty","43° 01.00' N 16° 13.21' E","","Coastal waters","0",""
"C1000622","1","TORO ROSSO (IMO 9159177)","TORO ROSSO (IMO 9159177): ","Panama","Bulk Dry","2024-05-30 10:00","Fire/explosion - explosion","Very serious marine casualty","33° 05.55' N 8° 43.47' W","","Anchorage","0",""
"C1000500","1","GRINGA XXII","GRINGA XXII: N","Argentina","Other Activities","2024-05-27 21:30","Flooding/foundering - foundering","Very serious marine casualty","38° 46.90' S 62° 17.95' W","Sitio 2/3 Puerto Galván","Port","0",""
"C1000503","1","SUNNY FREESIA (IMO 9856048)","SUNNY FREESIA (IMO 9856048): Y","Hong Kong, China","Container","2024-05-26 08:45","Occupational accident - slipping, stumbling, falling of person to a
lower level","Very serious marine casualty","33° 51.90' N 131° 12.68' E","","Open sea","1","Hong Kong, China"
"C1000654","1","PROTEUS HARVONNE (IMO 9923401)","PROTEUS HARVONNE (IMO 9923401): ","Singapore","Oil Tanker","2024-05-24 09:00","Occupational accident - slipping, stumbling, falling of person
overboard","Very serious marine casualty","35° 24.79' N 129° 28.01' E","Ulsan, South Korea Anchorage","Anchorage","1","Singapore"
"C1000729","1","SEATTLE HARMONY (IMO 9836919)","SEATTLE HARMONY (IMO 9836919): Y","Panama","Bulk Dry","2024-05-22 17:00","Occupational accident - Others","Very serious marine casualty","23° 05.57' S 70° 26.95' W","","Anchorage","1","Panama"
"C1000790","1","Yuka D (IMO 9586710)","Yuka D (IMO 9586710): ","Malta","Bulk Dry","2024-05-22 08:30","Ship/equipment damage - ship/equipment damage","Very serious marine casualty","20° 13.19' N 86° 50.59' E","Indian Ocean","Coastal waters","1","Malta"
"C1000709","1","DE GALLANT (IMO 5190252)","DE GALLANT (IMO 5190252): ","Vanuatu","General Cargo","2024-05-21 04:00","Capsize/listing - listing","Very serious marine casualty","21° 30.06' N 73° 30.28' W","North Atlantic Ocean - North Atlantic Ocean","Open sea","1","France"
"C1000492","1","EVER FELICITY (IMO 9379856)","EVER FELICITY (IMO 9379856): Y","Panama","General Cargo","2024-05-20 07:35","Others - Others","Very serious marine casualty","38° 24.38' N 141° 16.88' E","North Wharf of Hibarino, Ishinomaki Port, Ishinomaki","At berth","1","Japan"
"C0013958","1","G TAISHAN (IMO 9440992)","G TAISHAN (IMO 9440992): ","Panama","Bulk Dry","2024-05-18 07:37","Occupational accident - breakage, bursting, splitting, fall or
collapse of material agent","Marine casualty","45° 33.55' N 13° 44.48' E","Mediterranean Region - Adriatic Sea, Mediterranean Region - Mediterranean Region","Port","2","Slovenia; Slovenia"
"C1000620","2","MICHEL, MOHAMMED-Z (IMO 8805078)","MICHEL: , MOHAMMED-Z (IMO 8805078): ","Unknown, Zanzibar (United Republic of Tanzania)","Other Activities, General Cargo","2024-05-18 04:00","Collision - with other ship","Very serious marine casualty","44° 48.25' N 30° 10.39' W","","Open sea","0",""
"C1000767","1","NAUTICAL TRAINER (IMO 7728467)","NAUTICAL TRAINER (IMO 7728467): ","Nigeria","Research","2024-05-16 21:11","Capsize/listing - capsize","Very serious marine casualty","4° 27.12' N 8° 26.29' E","","Coastal waters","1","Nigeria"
"C1000772","1","Anna (IMO 9435844)","Anna (IMO 9435844): ","Malta","Oil Tanker","2024-05-15 21:15","Occupational accident - overflow, overturn, leak, flow,
vaporization, emission of material agent","Marine casualty","35° 53.39' N 14° 46.09' E","Mediterranean Region - Mediterranean Region","Coastal waters","1","Malta"
"C1000716","1","RIA DE ALDAN (IMO 9476238)","RIA DE ALDAN (IMO 9476238): N","Ecuador","Other Fishing","2024-05-15 05:14","Collision - with other ship","Very serious marine casualty","1° 12.00' N 85° 56.00' W","","Open sea","1","Panama"
"C1000717","1","SEA CAOFEIDIAN (IMO 9844071)","SEA CAOFEIDIAN (IMO 9844071): Y","Panama","Bulk Dry","2024-05-14 14:00","Occupational accident - Others","Marine casualty","37° 59.90' S 22° 28.70' E","","Open sea","1","Panama"
"C1000783","1","AR MILINO","AR MILINO: ","France","Fish Catching","2024-05-14 01:04","Occupational accident - slipping, stumbling, falling of person
overboard","Very serious marine casualty","48° 54.09' N 3° 43.18' W","North Atlantic Ocean - English Channel, North Atlantic Ocean - North Atlantic Ocean","Open sea","1","France"
"C1000531","2","HPC UNITY (IMO 9613226), SINAR BAJO (IMO 9942287)","HPC UNITY (IMO 9613226): Y, SINAR BAJO (IMO 9942287): Y","Panama, Singapore","Other Bulk Dry, Container","2024-05-12 22:38","Collision - with other ship","Marine casualty","16° 39.29' N 96° 14.80' E","New Explosive Anchorage","Anchorage","1","Myanmar"
"C1000639","1","ULTRA VIRTUE (IMO 9933028)","ULTRA VIRTUE (IMO 9933028): Y","Panama","Bulk Dry","2024-05-12 18:00","Fire/explosion - fire","Very serious marine casualty","55° 52.29' N 4° 21.20' W","","At berth","1","Panama"
"C1000732","1","LE DUMONT D'URVILLE (IMO 9814052)","LE DUMONT D'URVILLE (IMO 9814052): ","Wallis and Futuna (France)","Passenger","2024-05-11 22:07","Occupational accident - body movement without any physical
stress (generally leading to an external
injury)","Very serious marine casualty","38° 30.99' N 8° 54.04' W","North Atlantic Ocean - North Atlantic Ocean","Port","1","France"
"C1000592","1","GURBAN ABASOV (IMO 8410172)","GURBAN ABASOV (IMO 8410172): Y","Azerbaijan","Other Activities","2024-05-09 10:50","Contact - with fixed object","Marine casualty","40° 20.78' N 49° 56.79' E","Baku bay","Coastal waters","1","Azerbaijan"
"C1000727","1","GLORY PROSPERITY (IMO 9392420)","GLORY PROSPERITY (IMO 9392420): Y","Panama","Bulk Dry","2024-05-05 20:14","Others - Others","Very serious marine casualty","1° 32.29' N 104° 48.90' E","","Open sea","1","Panama"
"C1000621","1","MITRA BAHARI IX (IMO 7207138)","MITRA BAHARI IX (IMO 7207138): ","Indonesia","General Cargo","2024-05-05 02:00","Unknown - Unknown","Very serious marine casualty","3° 56.40' S 111° 49.25' E","","Open sea","0",""
"C1000715","1","ITHACA PATIENCE (IMO 9550199)","ITHACA PATIENCE (IMO 9550199): Y","Panama","Bulk Dry","2024-05-04 13:30","Collision - with other ship","Marine casualty","21° 54.00' N 90° 00.00' W","","Open sea","1","Panama"
"C1000657","1","MAR DOS SEGREDOS","MAR DOS SEGREDOS: ","Portugal","Fish Catching","2024-05-03 01:00","Flooding/foundering - flooding","Very serious marine casualty","41° 06.00' N 8° 49.20' W","North Atlantic Ocean - North Atlantic Ocean","Coastal waters","1","Portugal"
"C0013947","1","RIX MUNTE (IMO 9191254)","RIX MUNTE (IMO 9191254): ","Portugal","General Cargo","2024-04-30 14:15","Fire/explosion - fire","Marine casualty","55° 27.52' N 12° 12.15' E","Baltic Sea - Baltic Sea","Port","1","Portugal"
"C1000599","1","MTC GUIJO (IMO 9672296)","MTC GUIJO (IMO 9672296): Y","Philippines","Oil Tanker","2024-04-29 07:36","Occupational accident - Others","Very serious marine casualty","8° 30.00' N 124° 45.00' E","Bugo Anchorage","Anchorage","1","Philippines"
"C1000619","1","DA HAO (IMO 9895513)","DA HAO (IMO 9895513): ","Zanzibar (United Republic of Tanzania)","Bulk Dry","2024-04-27 00:00","Grounding - while drifting","Very serious marine casualty","6° 01.64' S 123° 56.38' E","","Coastal waters","0",""
"C0013959","2","EF OLIVIA (IMO 9252735), HAYRIYE ANNA (IMO 9557953)","EF OLIVIA (IMO 9252735): , HAYRIYE ANNA (IMO 9557953): ","Portugal, Liberia","Container, General Cargo","2024-04-22 08:56","Collision - with other ship","Marine casualty","36° 27.00' N 15° 15.25' E","Mediterranean Region - Mediterranean Region","Open sea","1","Portugal"
"C1000541","1","TRISTAR DUGON (IMO 9512202)","TRISTAR DUGON (IMO 9512202): Y","Panama","Bulk Dry","2024-04-19 19:10","Occupational accident - Others","Marine casualty","21° 49.88' N 91° 47.36' E","","Anchorage","1","Panama"
"C1000501","1","SCHILLPLATE (IMO 9505285)","SCHILLPLATE (IMO 9505285): ","Gibraltar (United Kingdom)","General Cargo","2024-04-19 10:00","Others - Others","Marine incident","35° 53.81' N 5° 19.03' W","Ceuta","At berth","0",""
"C1000703","1","ANTONIO PADRE","ANTONIO PADRE: ","Italy","Fish Catching","2024-04-18 00:35","Flooding/foundering - flooding","Very serious marine casualty","43° 01.99' N 14° 00.00' E","Mediterranean Region - Adriatic Sea, Mediterranean Region - Mediterranean Region","Coastal waters","1","Italy"
"C1000618","1","KEOYOUNG PIONEER (IMO 9355020)","KEOYOUNG PIONEER (IMO 9355020): Y","Republic of Korea","Chemical Tanker","2024-04-16 15:44","Grounding - while under power","Very serious marine casualty","30° 03.26' N 129° 51.20' E","4.5nm northwest of the Japanese island of Kuchino Shima","Coastal waters","1","Republic of Korea"
"C1000606","1","OCEAN FREEDOM (IMO 9122825)","OCEAN FREEDOM (IMO 9122825): Y","Philippines","Container","2024-04-14 20:04","Fire/explosion - fire","Marine incident","14° 34.00' N 120° 57.00' E","Manila Bay","Anchorage","1","Philippines"
"C1000674","1","BOS BROOK (IMO 9437505)","BOS BROOK (IMO 9437505): Y","Saint Vincent and the Grenadines","Bulk Dry","2024-04-03 11:45","Others - Others","Very serious marine casualty","6° 00.80' N 80° 07.44' E","Off Sri Lanka","Coastal waters","1","Saint Vincent and the Grenadines"
"C1000603","1","CLARA INSIGNIA (IMO 9800427)","CLARA INSIGNIA (IMO 9800427): Y","Marshall Islands","Bulk Dry","2024-04-03 10:35","Occupational accident - Others","Very serious marine casualty","16° 59.00' S 72° 06.00' W","AREQUIPA","At berth","1","Peru"
"C1000726","1","HE SHUN (IMO 9241009)","HE SHUN (IMO 9241009): Y","Panama","Container","2024-04-03 00:19","Collision - with other ship","Marine casualty","18° 13.50' N 108° 26.29' E","","Open sea","1","Panama"
"C1000669","1","L'IMAGINE (IMO 8542494)","L'IMAGINE (IMO 8542494): ","France","Fish Catching","2024-04-01 19:54","Fire/explosion - fire","Very serious marine casualty","49° 53.39' N 0° 44.04' W","North Atlantic Ocean - North Atlantic Ocean, North Atlantic Ocean - English Channel","Open sea","1","France"
"C1000502","1","FRI SEA (IMO 9229166)","FRI SEA (IMO 9229166): Y","Bahamas","Bulk Dry","2024-03-29 22:50","Occupational accident - slipping, stumbling, falling of person
overboard","Very serious marine casualty","53° 35.09' N 0° 02.40' E","Humber","River","1","Bahamas"
"C1000364","1","DALI (IMO 9697428)","DALI (IMO 9697428): ","Singapore","Container","2024-03-26 01:30","Collision - own ship not under way","Very serious marine casualty","39° 13.13' N 76° 31.56' W","Baltimore, Fort McHenry Channel, Patapusco river, United States.","River","0",""
"C1000617","1","BINTANG MULIA 2 (IMO 8839689)","BINTANG MULIA 2 (IMO 8839689): ","Indonesia","General Cargo","2024-03-24 21:50","Capsize/listing - capsize","Very serious marine casualty","3° 50.38' N 98° 56.15' E","","Open sea","0",""
"C1000771","1","GNV ANTARES (IMO 8503797)","GNV ANTARES (IMO 8503797): ","Italy","Passenger/Ro-Ro Cargo","2024-03-23 19:56","Occupational accident - body movement under or with physical
stress (generally leading to an internal
injury)","Very serious marine casualty","40° 50.34' N 14° 16.36' E","Mediterranean Region - Mediterranean Region, Mediterranean Region - Tyrrhenian Sea","Port","1","Italy"
"C1000365","1","NIEUW AMSTERDAM (IMO 9378450)","NIEUW AMSTERDAM (IMO 9378450): ","Netherlands (Kingdom of)","Passenger","2024-03-22 09:00","Fire/explosion - explosion","Very serious marine casualty","24° 34.72' N 75° 56.68' W","Half Moon Cay, The Bahamas","Unknown","0",""
"C1000775","1","KEOYOUNG SUN (IMO 9146924)","KEOYOUNG SUN (IMO 9146924): Y","Republic of Korea","Chemical Tanker","2024-03-20 07:53","Capsize/listing - capsize","Very serious marine casualty","34° 03.00' N 130° 51.00' E","3.5nm southeast of Futoi Island, in Japan","Anchorage","1","Republic of Korea"
"C1000363","1","KEOYOUNG SUN (IMO 9146924)","KEOYOUNG SUN (IMO 9146924): Y","Republic of Korea","Chemical Tanker","2024-03-20 07:04","Capsize/listing - capsize","Very serious marine casualty","34° 02.98' N 130° 50.00' E","Off Mutsurejima","At berth","0",""
"C1000360","1","KEOYOUNG SUN (IMO 9146924)","KEOYOUNG SUN (IMO 9146924): ","Republic of Korea","Chemical Tanker","2024-03-20 07:00","Capsize/listing - capsize","Very serious marine casualty","34° 03.04' N 130° 51.00' E","off Japan’s Yamaguchi prefecture","Unknown","0",""
"C1000551","1","RED TITAN (IMO 9210268)","RED TITAN (IMO 9210268): Y","Panama","General Cargo","2024-03-10 19:45","Others - Others","Marine casualty","1° 37.15' N 104° 51.81' E","","Port approach","1","Panama"
"C1000651","1","KIJEVO (IMO 9176840)","KIJEVO (IMO 9176840): ","Croatia","Passenger/Ro-Ro Cargo","2024-03-10 10:27","Fire/explosion - fire","Marine casualty","43° 56.36' N 15° 26.37' E","Mediterranean Region - Adriatic Sea, Mediterranean Region - Mediterranean Region, Mediterranean Regi","Port","1","Croatia"
"C0013946","1","SEA PATRIS (IMO 8415794)","SEA PATRIS (IMO 8415794): ","Panama","Ro-Ro Cargo","2024-03-06 21:48","Occupational accident - loss of control of machine, means of
transport or handling equipment,
hand-held tool, object, animal","Very serious marine casualty","45° 34.01' N 13° 44.67' E","Mediterranean Region - Adriatic Sea, Mediterranean Region - Mediterranean Region","Port","2","Slovenia; Slovenia"
"C0013944","1","AV RITA","AV RITA: ","Portugal","Fish Catching","2024-03-02 01:30","Grounding - while under power","Very serious marine casualty","39° 20.65' N 9° 22.07' W","North Atlantic Ocean - North Atlantic Ocean","Coastal waters","1","Portugal"
"C0013939","1","MONTE DA GUIA (IMO 9123788)","MONTE DA GUIA (IMO 9123788): ","Portugal","Container","2024-02-28 14:25","Occupational accident - Others","Very serious marine casualty","38° 41.49' N 9° 10.59' W","North Atlantic Ocean - North Atlantic Ocean","Port","1","Portugal"
"C1000497","1","SAYEDONA (IMO 7726213)","SAYEDONA (IMO 7726213): Y","Togo","Bulk Dry","2024-02-23 04:45","Contact - with fixed object","Marine incident","42° 09.43' N 41° 39.40' E","POTI PORT","Port","0",""
"C1000509","1","SILVER NOVA (IMO 9886213)","SILVER NOVA (IMO 9886213): Y","Bahamas","Passenger","2024-02-22 10:35","Occupational accident - loss of control of machine, means of
transport or handling equipment,
hand-held tool, object, animal","Very serious marine casualty","1° 30.37' N 46° 51.40' W","","Open sea","1","Bahamas"
"C1000745","2","Noble Regina Allen (IMO 8771227), Saipem 7000 (IMO 8501567)","Noble Regina Allen (IMO 8771227): , Saipem 7000 (IMO 8501567): ","Liberia, Bahamas","Other Offshore, Other Offshore","2024-02-21 11:30","Collision - own ship not under way","Very serious marine casualty","51° 52.99' N 4° 16.99' E","North Atlantic Ocean - North Atlantic Ocean, North Atlantic Ocean - North Sea","Port","1","Netherlands (Kingdom of)"
"C1000357","1","SEA PEGASUS (IMO 9598220)","SEA PEGASUS (IMO 9598220): Y","Marshall Islands","Bulk Dry","2024-02-19 18:00","Occupational accident - Others","Very serious marine casualty","22° 24.20' N 113° 53.09' E","","Anchorage","0",""
"C0013940","1","SANTUCA B (IMO 9287687)","SANTUCA B (IMO 9287687): ","Portugal","Container","2024-02-17 22:00","Occupational accident - slipping, stumbling, falling of person
overboard","Very serious marine casualty","30° 14.27' N 13° 12.59' W","North Atlantic Ocean - North Atlantic Ocean, North Atlantic Ocean - Canarias Sea","Open sea","1","Portugal"
"C1000550","1","SM JEJU LNG1 (IMO 9830745)","SM JEJU LNG1 (IMO 9830745): Y","Panama","Liquefied Gas","2024-02-17 04:20","Collision - with other ship","Marine casualty","33° 57.20' N 126° 51.20' E","","Coastal waters","1","Panama"
"C1000825","1","KEUM YANG 6 (IMO 9793349)","KEUM YANG 6 (IMO 9793349): Y","Republic of Korea","General Cargo","2024-02-14 21:52","Capsize/listing - capsize","Very serious marine casualty","32° 37.36' N 126° 15.47' E","jeju","Open sea","1","Republic of Korea"
"C1000660","1","ALEXIS IV (IMO 8785321)","ALEXIS IV (IMO 8785321): ","France","Fish Catching","2024-02-12 00:49","Fire/explosion - fire","Very serious marine casualty","50° 06.55' N 1° 11.16' E","North Atlantic Ocean - North Atlantic Ocean, North Atlantic Ocean - English Channel","Coastal waters","1","France"
"C1000510","1","CONSTELLATION (IMO 9734680)","CONSTELLATION (IMO 9734680): U","Bahamas","Liquefied Gas","2024-02-10 08:45","Occupational accident - overflow, overturn, leak, flow,
vaporization, emission of material agent","Very serious marine casualty","15° 23.96' N 69° 59.97' W","","Inland waters","1","Bahamas"
"C1000770","1","MARIA REINA MADRE","MARIA REINA MADRE: ","France","Fish Catching","2024-02-09 14:31","Flooding/foundering - flooding","Very serious marine casualty","43° 32.12' N 1° 55.41' W","North Atlantic Ocean - Bay of Biscay, North Atlantic Ocean - North Atlantic Ocean","Open sea","1","France"
"C1000529","1","CARRIBBEAN PRIDE","CARRIBBEAN PRIDE: U","Honduras","Other Fishing","2024-02-09 07:30","Fire/explosion - fire","Very serious marine casualty","15° 49.40' N 86° 41.18' W","LA CEIBA, ATLANTIDA, HONDURAS","Coastal waters","0",""
"C1000338","1","GULFSTREAM","GULFSTREAM: ","Unknown","Barge","2024-02-07 00:00","Capsize/listing - capsize","Very serious marine casualty","11° 08.21' N 60° 48.81' W","Canoe Bay, Tobago, Trinidad and Tobago","Coastal waters","0",""
"C1000546","1","SE KELLY (IMO 9820984)","SE KELLY (IMO 9820984): Y","Panama","Bulk Dry","2024-02-06 10:40","Occupational accident - Others","Marine casualty","9° 00.50' S 151° 22.50' E","","Open sea","1","Panama"
"C1000542","1","GAS UTOPIA (IMO 9770531)","GAS UTOPIA (IMO 9770531): Y","Panama","Liquefied Gas","2024-02-04 23:37","Collision - with other ship","Marine incident","25° 40.56' N 54° 48.34' E","","Open sea","1","Panama"
"C1000324","1","VILYUCHINSKY (IMO 8901444)","VILYUCHINSKY (IMO 8901444): N","Russian Federation","Fish Catching","2024-02-03 22:00","Occupational accident - slipping, stumbling, falling of person
overboard","Very serious marine casualty","51° 34.00' N 155° 25.00' E","Sea of Okhotsk","Open sea","1","Russian Federation"
"C1000686","1","Chemical Hunter (IMO 9758789)","Chemical Hunter (IMO 9758789): ","Malta","Chemical Tanker","2024-01-28 12:24","Loss of control - loss of containment","Very serious marine casualty","22° 42.00' N 97° 11.00' W","North Atlantic Ocean - North Atlantic Ocean","Open sea","1","Malta"
"C0013943","1","CASTRO","CASTRO: ","Portugal","Fish Catching","2024-01-28 03:00","Flooding/foundering - flooding","Very serious marine casualty","41° 49.29' N 8° 55.40' W","North Atlantic Ocean - North Atlantic Ocean","Coastal waters","1","Portugal"
"C1000537","1","DA FENG GANG LI MING HAO (IMO 9188790)","DA FENG GANG LI MING HAO (IMO 9188790): Y","Panama","Ro-Ro Cargo","2024-01-26 17:30","Others - Others","Marine casualty","23° 13.80' N 115° 31.50' E","","Open sea","1","Panama"
"C1000540","1","AVUNDA REEFER (IMO 9072824)","AVUNDA REEFER (IMO 9072824): Y","Panama","Refrigerated Cargo","2024-01-25 10:00","Occupational accident - Others","Very serious marine casualty","4° 13.68' S 152° 09.60' E","","Anchorage","1","Panama"
"C1000548","1","DONG YU (IMO 9575369)","DONG YU (IMO 9575369): Y","Panama","General Cargo","2024-01-25 09:30","Grounding - while drifting","Very serious marine casualty","36° 45.99' N 137° 14.22' E","","Coastal waters","1","Panama"
"C0013964","2","DIVINO ESPRITO SANTO, FALCO PEREGRINO","DIVINO ESPRITO SANTO: , FALCO PEREGRINO: ","Portugal, Portugal","Fish Catching, Fish Catching","2024-01-25 05:49","Collision - with other ship","Very serious marine casualty","39° 46.99' N 9° 07.21' W","North Atlantic Ocean - North Atlantic Ocean","Coastal waters","1","Portugal"
"C1000505","1","ZOGREO (IMO 7611884)","ZOGREO (IMO 7611884): Y","Nigeria","Offshore Supply","2024-01-22 03:30","Occupational accident - slipping, stumbling, falling of person
overboard","Very serious marine casualty","4° 05.38' N 6° 19.87' E","Agbara Oil Field, Offshore Brass, Bayelsa State, Nigeria.","Coastal waters","1","Nigeria"
"C1000331","1","ZOGREO (IMO 7611884)","ZOGREO (IMO 7611884): ","Nigeria","Offshore Supply","2024-01-22 03:30","Occupational accident - slipping, stumbling, falling of person
overboard","Very serious marine casualty","4° 05.38' N 6° 19.87' E","Agbara Oil Field, Offshore Brass, Bayelsa State, Nigeria.","Coastal waters","0",""
"C1000307","1","DSM CAPELLA (IMO 9271511)","DSM CAPELLA (IMO 9271511): Y","Barbados","General Cargo","2024-01-20 16:20","Occupational accident - Others","Very serious marine casualty","37° 01.25' N 22° 06.67' E","Kalamata Anchorage","Anchorage","1","Barbados"
"C1000516","1","KOREA CHEMI (IMO 9274276)","KOREA CHEMI (IMO 9274276): Y","Republic of Korea","Chemical Tanker","2024-01-20 10:35","Occupational accident - Others","Very serious marine casualty","31° 59.00' N 125° 04.00' E","","Open sea","1","Republic of Korea"
"C1000741","1","RUBAIYAT HANIF (IMO 9403047)","RUBAIYAT HANIF (IMO 9403047): Y","Bangladesh","Bulk Dry","2024-01-17 07:40","Occupational accident - slipping, stumbling, falling of person
overboard","Marine casualty","1° 15.00' N 103° 57.00' E","Singapore","Anchorage","0",""
"C1000577","1","BAHAREH (IMO 9097305)","BAHAREH (IMO 9097305): U","Iran (Islamic Republic of)","Dry Cargo/Passenger","2024-01-11 22:45","Capsize/listing - capsize","Very serious marine casualty","29° 05.00' N 48° 22.00' E","(Traffic separation scheme) of Shuaiba Port","Traffic separation scheme","1","Kuwait"
"C1000616","1","PLUTO (IMO 9846457)","PLUTO (IMO 9846457): ","Republic of Korea","General Cargo","2024-01-11 07:40","Loss of control - loss of propulsion power","Very serious marine casualty","34° 24.14' N 133° 26.45' E","","Open sea","0",""
"C1000323","1","OSTROVNOY-6 (IMO 9213923)","OSTROVNOY-6 (IMO 9213923): N","Russian Federation","Fish Catching","2024-01-10 22:34","Occupational accident - slipping, stumbling, falling of person
overboard","Marine casualty","58° 57.00' N 156° 57.00' E","Sea of Okhotsk","Open sea","0",""
"C1000465","1","STRIDE (IMO 9149835)","STRIDE (IMO 9149835): ","Panama","Container","2024-01-08 16:00","Fire/explosion - fire","Very serious marine casualty","29° 40.90' N 94° 59.70' W","","Port","0",""
"C1000615","1","TORC (IMO 9544683)","TORC (IMO 9544683): ","Malta","Chemical Tanker","2024-01-08 14:05","Fire/explosion - explosion","Very serious marine casualty","38° 58.04' N 14° 50.40' E","","Open sea","1","Malta"
"C1000725","1","MINOAS (IMO 9721865)","MINOAS (IMO 9721865): Y","Panama","Bulk Dry","2024-01-07 11:00","Others - Others","Very serious marine casualty","5° 39.09' S 80° 38.79' E","","Open sea","1","Panama"
"C0013986","2","EPIC, RESILIENCE (IMO 7704057)","EPIC: , RESILIENCE (IMO 7704057): ","Croatia, Poland","General Cargo, Oil Tanker","2024-01-03 08:47","","Marine casualty","53° 54.27' N 14° 15.64' E","River","River","1","Cyprus"
"C1000322","1","NEPTUNE THALASSA (IMO 9668506)","NEPTUNE THALASSA (IMO 9668506): Y","Greece","Ro-Ro Cargo","2024-01-02 18:30","Others - Others","Marine incident","45° 33.00' N 13° 41.00' E","North Adriatic","Port approach","1","Slovenia"
"C0013982","1","FILS DU VENT","FILS DU VENT: ","France","Fish Catching","2023-12-29 23:50","Occupational accident - slipping, stumbling, falling of person
overboard","Very serious marine casualty","49° 19.00' N 1° 48.00' W","North Atlantic Ocean - English Channel, North Atlantic Ocean - North Atlantic Ocean","Coastal waters","1","France"
"C1000549","1","MAERSK ESMERALDAS (IMO 9502972)","MAERSK ESMERALDAS (IMO 9502972): Y","Panama","Container","2023-12-29 15:00","Others - Others","Very serious marine casualty","31° 19.79' N 128° 33.40' E","","Open sea","1","Panama"
"C1000644","1","CMA CGM BETTER WAYS (IMO 9950557)","CMA CGM BETTER WAYS (IMO 9950557): ","Malta","Container","2023-12-22 13:40","Occupational accident - loss of control of machine, means of
transport or handling equipment,
hand-held tool, object, animal","Very serious marine casualty","14° 33.99' N 61° 09.90' W","North Atlantic Ocean - Caribbean Sea","Coastal waters","1","Malta"
"C0013972","1","CYCNOS","CYCNOS: ","France","Fish Catching","2023-12-22 00:55","Grounding - while under power","Very serious marine casualty","43° 23.80' N 1° 40.87' W","","Coastal waters","1","France"
"C1000568","1","NEW BRIGHT (IMO 9332432)","NEW BRIGHT (IMO 9332432): Y","Republic of Korea","Chemical Tanker","2023-12-21 15:06","Fire/explosion - explosion","Very serious marine casualty","31° 46.00' N 121° 02.00' E","2.3km west of the Sutong Yangtze River Bridge","River","1","Republic of Korea"
"C1000694","1","THIRD FRIDAY","THIRD FRIDAY: ","Cyprus","Passenger","2023-12-21 12:00","Fire/explosion - fire","Very serious marine casualty","34° 55.04' N 33° 38.42' E","Mediterranean Region - Mediterranean Region","Port","1","Cyprus"
"C1000477","1","AMI (IMO 9360934)","AMI (IMO 9360934): Y","Panama","Chemical Tanker","2023-12-21 09:30","Occupational accident - Others","Marine casualty","24° 48.65' N 120° 38.72' E","","Open sea","1","Panama"
"C1000384","1","VISION GLOBAL (IMO 9088407)","VISION GLOBAL (IMO 9088407): ","Indonesia","General Cargo","2023-12-19 00:00","Flooding/foundering - foundering","Very serious marine casualty","7° 28.21' N 115° 44.43' E","","Unknown","0",""
"C1000547","1","TYCHE I (IMO 9247390)","TYCHE I (IMO 9247390): Y","Panama","Oil Tanker","2023-12-18 08:44","Others - Others","Very serious marine casualty","38° 48.52' N 26° 33.75' E","","Port approach","1","Panama"
"C1000385","1","GIA BAO 19 (IMO 8667880)","GIA BAO 19 (IMO 8667880): ","Viet Nam","General Cargo","2023-12-17 04:55","Flooding/foundering - foundering","Very serious marine casualty","7° 28.21' N 115° 44.43' E","","Unknown","0",""
"C1000750","1","BREIZH ARVOR II (IMO 8228921)","BREIZH ARVOR II (IMO 8228921): ","Ireland","Fish Catching","2023-12-14 02:09","Occupational accident - Slipping, stumbling, falling of a person on
the same level","Very serious marine casualty","52° 16.50' N 13° 06.00' W","","Open sea","1","Ireland"
"C1000286","1","Fuerza del Destino","Fuerza del Destino: N","Argentina","Other Bulk Dry","2023-12-12 07:45","Collision - with other ship","Very serious marine casualty","27° 29.69' S 58° 51.38' W","Km 1203 margen izquierda Río Paraná, altura ciudad de Corrientes, provincia de Corrientes","River","0",""
"C1000344","1","BASIC VICTORY (IMO 9836787)","BASIC VICTORY (IMO 9836787): Y","Marshall Islands","Bulk Dry","2023-12-09 20:31","Fire/explosion - fire","Marine casualty","38° 53.65' N 117° 51.04' E","Tianjin Port","At berth","1","China"
"C1000536","1","G HARMONY (IMO 9309514)","G HARMONY (IMO 9309514): Y","Panama","General Cargo","2023-12-09 20:20","Fire/explosion - fire","Marine casualty","22° 44.40' N 69° 42.90' E","","Port","1","Panama"
"C1000518","1","BLUE CECIL (IMO 9300207)","BLUE CECIL (IMO 9300207): Y","Marshall Islands","Bulk Dry","2023-12-08 17:35","Occupational accident - Others","Very serious marine casualty","17° 12.00' N 117° 27.00' E","South China Sea","Open sea","1","Marshall Islands"
"C1000285","1","Urano","Urano: N","Argentina","Towing / Pushing","2023-12-08 00:15","Flooding/foundering - foundering","Very serious marine casualty","32° 39.25' S 60° 44.27' W","Terminal 6 S.A. - Puerto General San Martin, Km 456 Río Paraná, margen derecha, San Lorenzo, provinc","At berth","0",""
"C1000785","1","BEHCET C (IMO 9503744)","BEHCET C (IMO 9503744): Y","Panama","Bulk Dry","2023-12-03 02:15","Occupational accident - Others","Marine casualty","51° 53.50' N 4° 27.38' E","","Port","1","Panama"
"C1000284","1","Foca M","Foca M: N","Argentina","Fish Catching","2023-12-01 21:10","Flooding/foundering - foundering","Very serious marine casualty","43° 20.50' S 65° 00.80' E","Proximidades del canal de acceso a puerto Rawson","Port approach","0",""
"C1000366","1","HANMIREU NO. 1 (IMO 9262261)","HANMIREU NO. 1 (IMO 9262261): ","Republic of Korea","Tanker","2023-12-01 08:15","Ship/equipment damage - ship/equipment damage","Very serious marine casualty","35° 29.22' N 129° 23.21' E","","At berth","0",""
"C1000318","1","FR PEARL (IMO 9224128)","FR PEARL (IMO 9224128): Y","Palau","General Cargo","2023-11-27 09:30","Grounding - while drifting","Very serious marine casualty","41° 24.14' N 41° 25.53' E","Hopa/Artvin/Türkiye","Anchorage","0",""
"C1000671","1","Kavkaz I (IMO 9135652)","Kavkaz I (IMO 9135652): ","Malta","Bulk Dry","2023-11-26 23:00","Occupational accident - body movement without any physical
stress (generally leading to an external
injury)","Very serious marine casualty","45° 01.70' N 36° 35.29' E","Mediterranean Region - Black Sea","Coastal waters","1","Malta"
"C1000398","1","RAPTOR (IMO 8212350)","RAPTOR (IMO 8212350): ","Comoros","General Cargo","2023-11-26 00:00","Flooding/foundering - foundering","Very serious marine casualty","38° 49.65' N 25° 48.56' E","","Unknown","0",""
"C1000562","1","MEDKON LTF (IMO 9264726)","MEDKON LTF (IMO 9264726): Y","Panama","Container","2023-11-25 16:00","Occupational accident - Others","Marine casualty","36° 40.50' N 34° 39.90' E","","Anchorage","1","Panama"
"C1000670","1","Amur Star (IMO 9480368)","Amur Star (IMO 9480368): ","Malta","Chemical Tanker","2023-11-21 09:00","Occupational accident - breakage, bursting, splitting, fall or
collapse of material agent","Very serious marine casualty","54° 12.00' N 7° 16.10' E","North Atlantic Ocean - North Sea","Open sea","1","Malta"
"C1000263","1","KAFKAMETLER (IMO 9001112)","KAFKAMETLER (IMO 9001112): ","Türkiye","General Cargo","2023-11-19 10:16","Flooding/foundering - foundering","Very serious marine casualty","41° 16.93' N 31° 23.96' E","Karadeniz Ereğli / Zonguldak","Coastal waters","0",""
"C1000264","1","PALLADA (IMO 8866931)","PALLADA (IMO 8866931): Y","Cameroon","General Cargo","2023-11-19 10:11","Hull failure - hull failure","Very serious marine casualty","41° 16.45' N 31° 24.79' E","Karadeniz Ereğli / Zonguldak","Anchorage","1","Türkiye"
"C1000399","1","KING RICH (IMO 8920139)","KING RICH (IMO 8920139): ","Sierra Leone","Chemical Tanker","2023-11-18 12:52","Ship/equipment damage - ship/equipment damage","Very serious marine casualty","17° 05.26' N 118° 24.21' E","","Unknown","0",""
"C0013952","1","SAINTE MARIE DE LA MER II (IMO 9849411)","SAINTE MARIE DE LA MER II (IMO 9849411): ","France","Fish Catching","2023-11-17 05:35","Occupational accident - body movement under or with physical
stress (generally leading to an internal
injury)","Marine casualty","51° 04.02' N 1° 41.78' E","North Atlantic Ocean - English Channel, North Atlantic Ocean - North Atlantic Ocean","Coastal waters","1","France"
"C1000598","1","Islander III","Islander III: N","Bahamas","Passenger","2023-11-14 10:31","Flooding/foundering - foundering","Very serious marine casualty","25° 05.80' N 77° 16.10' W","Bahamas territorial waters","Port approach","1","Bahamas"
"C1000283","1","Don Jarana","Don Jarana: N","Argentina","Other Dry Cargo","2023-11-12 05:30","Capsize/listing - capsize","Very serious marine casualty","31° 03.20' S 60° 01.62' W","Río San Javier, altura km 709 del Río Paraná","River","0",""
"C1000658","1","PATRIOT (IMO 9242156)","PATRIOT (IMO 9242156): Y","India","Oil Tanker","2023-11-10 00:10","Fire/explosion - explosion","Very serious marine casualty","13° 06.92' N 80° 18.54' E","Chennai","At berth","0",""
"C1000304","1","PATRIOT (IMO 9242156)","PATRIOT (IMO 9242156): Y","India","Oil Tanker","2023-11-10 00:05","Fire/explosion - explosion","Very serious marine casualty","13° 06.00' N 80° 18.10' E","Coastal Berth #1, Chennai Port","At berth","0",""
"C1000282","1","ELENA H (IMO 9814337)","ELENA H (IMO 9814337): Y","Panama","Oil Tanker","2023-11-08 14:10","Collision - with other ship","Marine casualty","32° 38.06' S 60° 44.75' W","Km 458 Río Paraná – San Lorenzo – Provincia de Santa Fe","River","0",""
"C1000400","1","LEGEND (IMO 9258882)","LEGEND (IMO 9258882): ","Viet Nam","Oil Tanker","2023-11-03 13:25","Fire/explosion - explosion","Very serious marine casualty","15° 23.27' N 108° 47.02' E","","Offshore installation","0",""
"C1000511","1","SEAPEAK NAPA (IMO 9254953)","SEAPEAK NAPA (IMO 9254953): ","Bahamas","Liquefied Gas","2023-10-27 04:21","Fire/explosion - explosion","Very serious marine casualty","37° 01.00' N 126° 17.70' E","South Korea","Port","1","Bahamas"
"C1000325","1","SARONIC BREEZE (IMO 9081643)","SARONIC BREEZE (IMO 9081643): Y","Russian Federation","Refrigerated Cargo","2023-10-26 16:24","Fire/explosion - explosion","Marine casualty","41° 39.00' N 142° 43.00' E","Pacific Ocean","Open sea","0",""
"C1000450","1","GERAKAS (IMO 9399894)","GERAKAS (IMO 9399894): Y","Panama","Chemical Tanker","2023-10-25 17:50","Others - Others","Marine casualty","7° 19.12' N 82° 28.29' W","","Open sea","1","Panama"
"C1000265","2","POLESIE (IMO 9488097), VERITY (IMO 9229178)","POLESIE (IMO 9488097): , VERITY (IMO 9229178): ","Bahamas, Isle of Man (United Kingdom)","General Cargo, General Cargo","2023-10-24 02:30","Collision - with other ship","Very serious marine casualty","54° 01.50' N 7° 38.40' E","","Traffic separation scheme","0",""
"C0013985","1","CMA CGM SAN ANTONIO (IMO 9294173)","CMA CGM SAN ANTONIO (IMO 9294173): ","Malta","Container","2023-10-21 16:46","Occupational accident - breakage, bursting, splitting, fall or
collapse of material agent","Marine casualty","24° 59.07' N 55° 03.84' E","Indian Ocean","Port","1","Malta"
"C1000397","1","MARCO POLO (IMO 9019080)","MARCO POLO (IMO 9019080): ","Cyprus","Passenger/Ro-Ro Cargo","2023-10-20 05:28","Flooding/foundering - foundering","Very serious marine casualty","56° 05.51' N 14° 46.34' E","","Unknown","0",""
"C1000532","1","HERCA-1 (IMO 9148257)","HERCA-1 (IMO 9148257): U","Panama","General Cargo","2023-10-19 10:40","Loss of control - loss of propulsion power","Marine casualty","16° 00.75' N 87° 50.20' W","Puerto Cortes, Cortes, Honduras","Port approach","0",""
"C1000395","1","DAN NO. 1 (IMO 8809127)","DAN NO. 1 (IMO 8809127): ","Indonesia","General Cargo","2023-10-19 02:05","Collision - with other ship","Very serious marine casualty","4° 07.09' N 116° 04.30' E","","Unknown","0",""
"C1000177","1","SEASTAR TITAN (IMO 9406037)","SEASTAR TITAN (IMO 9406037): Y","Gibraltar (United Kingdom)","Bulk Dry","2023-10-17 17:30","Others - Others","Very serious marine casualty","57° 34.00' N 11° 40.00' E","Gothenburg","Anchorage","0",""
"C1000396","1","ALEKSANDER GUSEV (IMO 9052678)","ALEKSANDER GUSEV (IMO 9052678): ","Russian Federation","General Cargo","2023-10-17 00:00","Flooding/foundering - foundering","Very serious marine casualty","69° 24.46' N 33° 23.29' E","","Unknown","0",""
"C1000522","1","CD MANZANILLO (IMO 9883120)","CD MANZANILLO (IMO 9883120): Y","Singapore","Bulk Dry","2023-10-10 14:20","Occupational accident - electrical problems, explosion, fire","Very serious marine casualty","40° 28.37' N 145° 01.70' W","Pacific Ocean","Open sea","1","Singapore"
"C0013923","1","ARC SEA I","ARC SEA I: ","Portugal","Yacht","2023-10-08 11:24","Loss of control - loss of directional control","Very serious marine casualty","37° 07.08' N 8° 31.59' W","North Atlantic Ocean - North Atlantic Ocean","Port","1","Portugal"
"C1000311","1","HONEYBOURNE III (IMO 8211796)","HONEYBOURNE III (IMO 8211796): N","United Kingdom","Fish Catching","2023-10-06 23:45","Ship/equipment damage - ship/equipment damage","Very serious marine casualty","50° 41.31' N 0° 03.68' E","","Coastal waters","0",""
"C1000316","1","PELICAN OF LONDON (IMO 5273339)","PELICAN OF LONDON (IMO 5273339): Y","United Kingdom","Yacht","2023-10-02 23:08","Occupational accident - slipping, stumbling, falling of person
overboard","Very serious marine casualty","51° 43.13' N 2° 28.78' W","Sharpness","At berth","1","United Kingdom"
"C1000673","1","WELLMANNED 3 (IMO 9106065)","WELLMANNED 3 (IMO 9106065): Y","Nigeria","Other Offshore","2023-10-01 20:00","Fire/explosion - fire","Very serious marine casualty","4° 11.50' N 8° 13.80' E","OFFSHORE EKET, NIGERIA","Coastal waters","1","Nigeria"
"C1000218","1","FAST WIL (IMO 8404458)","FAST WIL (IMO 8404458): ","Vanuatu","General Cargo","2023-09-29 10:50","Occupational accident - body movement under or with physical
stress (generally leading to an internal
injury)","Marine casualty","13° 09.06' N 61° 13.52' W","","At berth","0",""
"C1000544","1","DESERT MOON (IMO 9543770)","DESERT MOON (IMO 9543770): Y","Marshall Islands","Bulk Dry","2023-09-28 04:35","Occupational accident - breakage, bursting, splitting, fall or
collapse of material agent","Very serious marine casualty","24° 11.22' S 46° 05.03' W","Santos anchorage, Brazil","Anchorage","1","Marshall Islands"
"C1000303","1","KANG DONG (IMO 8977900)","KANG DONG (IMO 8977900): Y","Democratic People's Republic of Korea","General Cargo","2023-09-27 21:37","Collision - with other ship","Very serious marine casualty","34° 38.00' N 119° 58.00' E","Liangyungang, China","Coastal waters","0",""
"C1000446","1","EM RUBY (IMO 9415739)","EM RUBY (IMO 9415739): Y","Panama","General Cargo","2023-09-27 12:20","Others - Others","Marine casualty","19° 19.88' N 117° 02.28' E","South China Sea","Open sea","1","Panama"
"C1000076","1","AUSTRO CARINA (IMO 8728361)","AUSTRO CARINA (IMO 8728361): N","New Zealand","Fish Catching","2023-09-24 21:00","Grounding - while under power","Very serious marine casualty","43° 50.34' S 173° 05.05' E","Red Bay, Banks Peninsula","Coastal waters","1","New Zealand"
"C1000024","1","ENERGIA CENTAURUS (IMO 9233557)","ENERGIA CENTAURUS (IMO 9233557): Y","Japan","Bulk Dry","2023-09-21 22:00","Occupational accident - Others","Very serious marine casualty","33° 58.70' N 131° 53.20' E","Tokuyama Kudamatsu Port, Yamaguchi Prefecture","Port","1","Japan"
"C1000588","1","H A SKLENAR (IMO 8007793)","H A SKLENAR (IMO 8007793): U","Bahamas","General Cargo","2023-09-21 10:25","Grounding - while under power","Marine incident","15° 50.54' N 87° 58.20' W","Puerto Cortés, Cortes, Honduras","Canal","0",""
"C0013975","2","PATRIA SEAWAYS (IMO 8917390), YASA PIONEER (IMO 9286578)","PATRIA SEAWAYS (IMO 8917390): , YASA PIONEER (IMO 9286578): ","Lithuania, Marshall Islands","Passenger/Ro-Ro Cargo, Bulk Dry","2023-09-16 23:20","Collision - with other ship","Marine casualty","40° 46.70' N 28° 56.39' E","Mediterranean Region - Sea of Marmara","Coastal waters","2","Lithuania; Lithuania"
"C1000723","1","KIANA (IMO 9161481)","KIANA (IMO 9161481): Y","Panama","Bulk Dry","2023-09-11 17:50","Occupational accident - Others","Very serious marine casualty","20° 33.45' N 83° 37.11' E","","Port","1","Panama"
"C1000332","1","KIANA (IMO 9161481)","KIANA (IMO 9161481): Y","Panama","Bulk Dry","2023-09-11 17:30","Occupational accident - breakage, bursting, splitting, fall or
collapse of material agent","Very serious marine casualty","8° 33.00' N 78° 21.60' E","Chennai Port, Berth #4","Port","1","India"
"C0013960","2","ARTIC ROSE (IMO 8110916), VERA D (IMO 9290177)","ARTIC ROSE (IMO 8110916): , VERA D (IMO 9290177): ","Iceland, Portugal","Passenger, Container","2023-09-10 14:48","Collision - with other ship","Marine casualty","64° 10.91' N 21° 57.47' W","North Atlantic Ocean - North Atlantic Ocean, North Atlantic Ocean - Greenland Sea","Coastal waters","1","Portugal"
"C1000668","2","DIPLODUS, SKYFALL","DIPLODUS: , SKYFALL: ","France, France","Yacht, Yacht","2023-09-09 16:50","Collision - with other ship","Very serious marine casualty","43° 13.26' N 5° 20.05' E","Mediterranean Region - Mediterranean Region","Open sea","1","France"
"C0013976","1","Drawsko (IMO 9393450)","Drawsko (IMO 9393450): ","Malta","Bulk Dry","2023-09-08 22:15","Occupational accident - electrical problems, explosion, fire","Very serious marine casualty","36° 54.75' N 35° 59.54' E","Mediterranean Region - Mediterranean Region","Port","1","Malta"
"C1000062","1","DATO LUCKY (IMO 9596569)","DATO LUCKY (IMO 9596569): Y","Hong Kong, China","Bulk Dry","2023-09-07 09:55","Occupational accident - loss of control of machine, means of
transport or handling equipment,
hand-held tool, object, animal","Very serious marine casualty","43° 24.20' N 137° 51.09' E","At Sea","Open sea","1","Hong Kong, China"
"C1000036","1","TORITO","TORITO: N","Argentina","Other Dry Cargo","2023-09-06 10:10","Capsize/listing - capsize","Very serious marine casualty","38° 09.00' S 62° 01.00' W","Canal de acceso al Puerto de Bahía Blanca","Inland waters","0",""
"C1000223","1","GOLDEN ZHEJIANG (IMO 9443619)","GOLDEN ZHEJIANG (IMO 9443619): ","Hong Kong, China","Bulk Dry","2023-09-02 09:28","Occupational accident - Others","Marine casualty","49° 02.98' N 123° 41.00' W","Trincomali Channel, British Columbia","Inland waters","0",""
"C0013937","1","SENHORA DA SAUDE","SENHORA DA SAUDE: ","Portugal","Fish Catching","2023-08-31 04:45","Occupational accident - slipping, stumbling, falling of person
overboard","Very serious marine casualty","39° 24.99' N 9° 19.19' W","North Atlantic Ocean - North Atlantic Ocean","Coastal waters","1","Portugal"
"C1000672","1","ECO GALAXY (IMO 9715555)","ECO GALAXY (IMO 9715555): ","Marshall Islands","Liquefied Gas","2023-08-30 00:05","Occupational accident - slipping, stumbling, falling of person
overboard","Very serious marine casualty","2° 51.00' N 101° 15.00' E","Port Klang Pilot Station, Malaysia","Coastal waters","1","Marshall Islands"
"C1000061","1","SEASPAN GANGES (IMO 9630365)","SEASPAN GANGES (IMO 9630365): Y","Hong Kong, China","Container","2023-08-26 11:50","Occupational accident - breakage, bursting, splitting, fall or
collapse of material agent","Very serious marine casualty","36° 00.80' N 120° 14.00' E","QING DAO","At berth","1","Hong Kong, China"
"C1000025","2","CONTSHIP UNO (IMO 9379026), IZUMI MARU","CONTSHIP UNO (IMO 9379026): Y, IZUMI MARU: N","Liberia, Japan","Container, Bulk Dry","2023-08-24 23:30","Collision - with other ship","Very serious marine casualty","33° 57.79' N 137° 57.09' E","KII SUIDO channel","Coastal waters","1","Japan"
"C1000037","1","MARIA DEL CARMEN","MARIA DEL CARMEN: N","Argentina","Other Dry Cargo","2023-08-22 16:35","Flooding/foundering - foundering","Very serious marine casualty","29° 13.89' S 59° 34.70' W","Reconquista, Santa Fe, Argentina","At berth","1","Argentina"
"C1000388","1","SHENG YOU 229 (IMO 9533218)","SHENG YOU 229 (IMO 9533218): ","China","Tanker","2023-08-22 14:30","Fire/explosion - fire","Very serious marine casualty","21° 28.53' N 108° 40.13' E","","Anchorage","0",""
"C1000302","1","SONG NIM 9 (IMO 8360248)","SONG NIM 9 (IMO 8360248): Y","Democratic People's Republic of Korea","General Cargo","2023-08-20 05:30","Collision - with other ship","Very serious marine casualty","33° 41.00' N 121° 17.00' E","the Yancheng City, Jiangsu Province, China","Coastal waters","0",""
"C1000704","1","VIKING MARS (IMO 9833187)","VIKING MARS (IMO 9833187): ","Norway","Passenger","2023-08-18 10:50","Occupational accident - slipping, stumbling, falling of person
overboard","Very serious marine casualty","57° 41.09' N 4° 10.14' W","","Port","1","Norway"
"C1000802","1","WOTAN (IMO 8538168)","WOTAN (IMO 8538168): ","Germany","Fish Catching","2023-08-18 03:45","Fire/explosion - fire","Very serious marine casualty","54° 07.40' N 8° 39.49' E","North Atlantic Ocean - North Sea","Coastal waters","1","Germany"
"C1000490","1","CARMEN S (IMO 9796341)","CARMEN S (IMO 9796341): ","Paraguay","Towing / Pushing","2023-08-17 17:00","Loss of control - loss of propulsion power","Marine incident","1° 02.00' N 3° 04.00' E","","Canal","0",""
"C0013876","1","MIRACLE (IMO 9092068)","MIRACLE (IMO 9092068): ","Jamaica","Passenger","2023-08-14 23:20","","Marine incident","","60NM NW PUERTO RICO","","0",""
"C1000389","1","SEAPRINCESS (IMO 9373668)","SEAPRINCESS (IMO 9373668): ","Malta","Oil Tanker","2023-08-14 10:30","Fire/explosion - explosion","Very serious marine casualty","40° 50.20' N 29° 16.14' E","","At berth","0",""
"C0013974","1","Seaprincess (IMO 9373668)","Seaprincess (IMO 9373668): ","Malta","Oil Tanker","2023-08-14 09:40","Loss of control - loss of containment","Very serious marine casualty","40° 50.68' N 29° 16.32' E","Mediterranean Region - Sea of Marmara","Unknown","1","Malta"
"C1000482","1","JONATHAN ACE (IMO 8221595)","JONATHAN ACE (IMO 8221595): ","Panama","Refrigerated Cargo","2023-08-14 06:20","Others - Others","Very serious marine casualty","4° 47.70' N 133° 22.38' E","At pacific ocean","Open sea","1","Panama"
"C1000485","1","CHEMROAD JOURNEY (IMO 9414254)","CHEMROAD JOURNEY (IMO 9414254): Y","Panama","Chemical Tanker","2023-08-14 05:00","Others - Others","Very serious marine casualty","31° 15.47' N 122° 11.77' E","Changjiangkou Anchorage, Yangtze Estuary, China","Anchorage","1","Panama"
"C1000293","1","JASCON 55 (IMO 9635080)","JASCON 55 (IMO 9635080): ","Nigeria","Offshore Supply","2023-08-13 18:10","Occupational accident - Others","Marine incident","4° 12.43' N 7° 59.65' E","","Open sea","1","Nigeria"
"C1000637","1","MANDO ONE (IMO 9291640)","MANDO ONE (IMO 9291640): Y","Cook Islands","Oil Tanker","2023-08-10 15:00","Others - Others","Very serious marine casualty","54° 57.00' N 13° 33.00' E","Great Belt straits","Strait/channel","1","Cook Islands"
"C1000702","2","ALEMAX II, SHARDEN (IMO 9305269)","ALEMAX II: , SHARDEN (IMO 9305269): ","Italy, Italy","Fish Catching, Passenger/Ro-Ro Cargo","2023-08-10 11:10","Collision - with other ship","Very serious marine casualty","41° 00.00' N 9° 43.00' E","Mediterranean Region - Tyrrhenian Sea, Mediterranean Region - Mediterranean Region","Coastal waters","1","Italy"
"C1000386","1","WHITE PURL (IMO 7230666)","WHITE PURL (IMO 7230666): ","Panama","Liquefied Gas","2023-08-10 00:00","Fire/explosion - fire","Very serious marine casualty","27° 34.47' N 52° 27.12' E","","Anchorage","0",""
"C0013915","1","MAR FELIZ","MAR FELIZ: ","Portugal","Fish Catching","2023-08-08 03:56","Grounding - while under power","Marine casualty","38° 27.50' N 9° 00.00' W","North Atlantic Ocean - North Atlantic Ocean","Strait/channel","1","Portugal"
"C1000645","1","EXCEL (IMO 9280990)","EXCEL (IMO 9280990): ","Ireland","Fish Catching","2023-08-06 22:22","Collision - with other ship","Marine casualty","51° 21.50' N 6° 29.59' W","","Open sea","1","Ireland"
"C1000017","2","CHINAGAS LEGEND (IMO 9847944), FAHD (IMO 7430474)","CHINAGAS LEGEND (IMO 9847944): Y, FAHD (IMO 7430474): ","Hong Kong, China, Egypt","Liquefied Gas, Towing / Pushing","2023-08-05 14:35","Collision - with other ship","Very serious marine casualty","30° 48.00' N 32° 19.20' E","SUEZ CANAL","Canal","1","Hong Kong, China"
"C1000567","1","CAP. BILLY","CAP. BILLY: N","Honduras","Other Fishing","2023-08-04 22:30","Capsize/listing - capsize","Very serious marine casualty","15° 01.09' N 82° 18.26' W","BANCO DE PESCA SOUTH CAY","Inland waters","0",""
"C1000305","1","ALLAS (IMO 8521866)","ALLAS (IMO 8521866): Y","Nigeria","Bulk Dry","2023-08-03 21:00","Occupational accident - slipping, stumbling, falling of person
overboard","Very serious marine casualty","6° 26.00' N 3° 22.95' E","ENL TERMINA, APAPA, LAGOS","At berth","1","Nigeria"
"C1000387","1","MANITOWOC (IMO 7366398)","MANITOWOC (IMO 7366398): ","United States","Bulk Dry","2023-08-02 14:50","Ship/equipment damage - ship/equipment damage","Very serious marine casualty","8° 20.09' N 86° 20.09' W","","Unknown","0",""
"C1000808","1","BBC WASHINGTON (IMO 9283954)","BBC WASHINGTON (IMO 9283954): ","Portugal","General Cargo","2023-07-31 17:40","Occupational accident - body movement under or with physical
stress (generally leading to an internal
injury)","Very serious marine casualty","44° 00.20' N 10° 02.60' E","Mediterranean Region - Mediterranean Region, Mediterranean Region - Ligurian Sea","Port","1","Italy"
"C1000071","1","CAPE SATSUKI (IMO 9960136)","CAPE SATSUKI (IMO 9960136): Y","Liberia","Bulk Dry","2023-07-30 05:19","Others - Others","Very serious marine casualty","38° 24.70' N 135° 24.10' E","Japan Sea","Open sea","1","Liberia"
"C1000573","1","Elpida GR (IMO 9254630)","Elpida GR (IMO 9254630): ","Malta","Bulk Dry","2023-07-27 09:00","Occupational accident - Others","Very serious marine casualty","24° 55.08' N 51° 34.45' E","Indian Ocean","Port","1","Malta"
"C1000065","1","MORNING POST (IMO 9669029)","MORNING POST (IMO 9669029): ","Marshall Islands","Ro-Ro Cargo","2023-07-26 16:52","Loss of control - loss of directional control","Marine casualty","45° 33.90' N 13° 44.75' E","Koper","At berth","1","Slovenia"
"C1000064","1","XIN BEIJING (IMO 9314246)","XIN BEIJING (IMO 9314246): Y","Hong Kong, China","Container","2023-07-26 16:47","Loss of control - loss of directional control","Marine incident","45° 33.18' N 13° 43.95' E","Alongside","At berth","1","Slovenia"
"C1000392","1","FREMANTLE HIGHWAY (IMO 9667344)","FREMANTLE HIGHWAY (IMO 9667344): ","Panama","Other Activities","2023-07-25 23:33","Fire/explosion - fire","Very serious marine casualty","53° 43.59' N 5° 48.15' E","","Unknown","0",""
"C1000739","1","FREMANTLE HIGHWAY (IMO 9667344)","FREMANTLE HIGHWAY (IMO 9667344): Y","Panama","Ro-Ro Cargo","2023-07-25 23:11","Fire/explosion - explosion","Very serious marine casualty","53° 46.00' N 6° 41.00' E","","Open sea","1","Panama"
"C1000394","1","CENGKEH 06 (IMO 8630203)","CENGKEH 06 (IMO 8630203): ","Indonesia","Other Activities","2023-07-25 08:00","Ship/equipment damage - ship/equipment damage","Very serious marine casualty","5° 41.90' S 119° 41.25' E","","Port","0",""
"C1000326","1","VSEVOLOD SIBIRTSEV (IMO 8610277)","VSEVOLOD SIBIRTSEV (IMO 8610277): Y","Russian Federation","Other Fishing","2023-07-25 06:20","Occupational accident - slipping, stumbling, falling of person to a
lower level","Marine casualty","54° 20.00' N 155° 44.00' E","Sea of Okhotsk","Open sea","0",""
"C1000807","1","Achilles Bulker (IMO 9270907)","Achilles Bulker (IMO 9270907): Y","Panama","Bulk Dry","2023-07-24 15:50","Ship/equipment damage - ship/equipment damage","Marine casualty","37° 37.08' S 176° 09.97' E","Tauranga, New Zealand","Port approach","1","New Zealand"
"C1000572","1","Port Gdynia (IMO 9334387)","Port Gdynia (IMO 9334387): ","Malta","Container","2023-07-21 10:55","Occupational accident - Slipping, stumbling, falling of a person on
the same level","Very serious marine casualty","1° 49.50' N 9° 43.99' E","North Atlantic Ocean - North Atlantic Ocean","Port","1","Malta"
"C1000393","1","OCEAN FOXTROT (IMO 7101619)","OCEAN FOXTROT (IMO 7101619): ","Comoros","Towing / Pushing","2023-07-21 00:00","Fire/explosion - fire","Very serious marine casualty","19° 08.35' N 84° 07.32' W","","Unknown","0",""
"C1000390","1","ANGEL (IMO 9256406)","ANGEL (IMO 9256406): ","Palau","Container","2023-07-20 09:00","Flooding/foundering - foundering","Very serious marine casualty","22° 36.31' N 120° 12.31' E","","Anchorage","0",""
"C1000063","1","MAERSK HOUSTON (IMO 9848950)","MAERSK HOUSTON (IMO 9848950): Y","Singapore","Container","2023-07-19 22:43","Loss of control - loss of directional control","Marine casualty","45° 33.18' N 13° 43.95' E","North Adriatic","Port","1","Slovenia"
"C0013931","1","MAERSK HOUSTON (IMO 9848950)","MAERSK HOUSTON (IMO 9848950): ","Singapore","Container","2023-07-19 22:43","Ship/equipment damage - ship/equipment damage","Marine casualty","45° 33.18' N 13° 43.93' E","Mediterranean Region - Adriatic Sea, Mediterranean Region - Mediterranean Region","Port","1","Slovenia"
"C1000301","1","CMA CGM MOZART (IMO 9280615)","CMA CGM MOZART (IMO 9280615): ","Malta","Container","2023-07-18 08:05","Grounding - while under power","Marine casualty","6° 21.29' N 3° 25.37' E","","Anchorage","0",""
"C1000526","1","CMA CGM MOZART (IMO 9280615)","CMA CGM MOZART (IMO 9280615): Y","Malta","Container","2023-07-18 08:05","Grounding - while under power","Marine casualty","6° 21.28' N 3° 25.36' E","APPROACHES TO LEKKI DEEP SEAPORT, LAGOS","Port approach","1","Nigeria"
"C1000685","2","AE, MAUN","AE: , MAUN: ","Croatia, Croatia","Yacht, Fish Catching","2023-07-17 19:35","Collision - with other ship","Very serious marine casualty","43° 48.20' N 15° 29.50' E","Mediterranean Region - Mediterranean Region, Mediterranean Region - Adriatic Sea","Unknown","1","Croatia"
"C1000038","1","NUEVO VIENTO","NUEVO VIENTO: N","Argentina","Fish Catching","2023-07-15 12:30","Occupational accident - slipping, stumbling, falling of person
overboard","Very serious marine casualty","43° 11.00' S 62° 30.00' W","ZEE Argentina","Open sea","0",""
"C1000292","1","TATIANA ESTELLA (IMO 7114305)","TATIANA ESTELLA (IMO 7114305): Y","Cameroon","General Cargo","2023-07-12 02:30","Grounding - while drifting","Marine casualty","5° 03.22' N 5° 07.03' E","ESCRAVOS BREAKWATER","Coastal waters","1","Nigeria"
"C1000804","1","MSC ILONA (IMO 9225641)","MSC ILONA (IMO 9225641): Y","Liberia","Container","2023-07-11 12:08","Occupational accident - Others","Very serious marine casualty","9° 21.00' N 79° 54.00' W","Colon Container Terminal, Panama","At berth","1","Liberia"
"C1000570","1","Mazarine (IMO 9376696)","Mazarine (IMO 9376696): ","Malta","Ro-Ro Cargo","2023-07-10 09:05","Ship/equipment damage - ship/equipment damage","Marine casualty","49° 54.12' N 5° 52.57' W","North Atlantic Ocean - Celtic Sea","Coastal waters","1","Malta"
"C1000391","1","GRANDE COSTA D'AVORIO (IMO 9465382)","GRANDE COSTA D'AVORIO (IMO 9465382): ","Italy","Ro-Ro Cargo","2023-07-05 20:30","Fire/explosion - fire","Very serious marine casualty","40° 41.34' N 74° 08.21' W","","Port","0",""
"C1000571","1","CMA CGM Paranagua (IMO 9246683)","CMA CGM Paranagua (IMO 9246683): ","Malta","Container","2023-07-04 23:40","Ship/equipment damage - ship/equipment damage","Marine casualty","40° 42.77' N 29° 28.12' E","Mediterranean Region - Sea of Marmara","Unknown","1","Malta"
"C1000330","1","BISKRA (IMO 9030709)","BISKRA (IMO 9030709): Y","Panama","Oil Tanker","2023-07-04 15:06","Collision - with other ship","Marine casualty","5° 57.50' N 5° 33.90' E","Obidigbo, along Koko - Sapele channel","River","1","Nigeria"
"C1000288","1","BISKRA (IMO 9030709)","BISKRA (IMO 9030709): Y","Panama","Chemical Tanker","2023-07-04 15:06","Collision - with other ship","Marine casualty","5° 57.52' N 5° 33.90' E","SAPELE-KOKO CHANNEL IN DELTA STATE, NIGERIA","River","0",""
"C1000289","1","BISKRA (IMO 9030709)","BISKRA (IMO 9030709): Y","Panama","Chemical Tanker","2023-07-04 15:06","Collision - with other ship","Marine casualty","5° 57.52' N 5° 33.90' E","SAPELE-KOKO CHANNEL IN DELTA STATE, NIGERIA","River","0",""
"C1000290","1","BISKRA (IMO 9030709)","BISKRA (IMO 9030709): Y","Panama","Chemical Tanker","2023-07-04 15:06","Collision - with other ship","Marine casualty","5° 57.52' N 5° 33.90' E","SAPELE-KOKO CHANNEL IN DELTA STATE, NIGERIA","River","0",""
"C1000128","1","YULIA (IMO 9459967)","YULIA (IMO 9459967): Y","Liberia","Bulk Dry","2023-07-04 08:47","Others - Others","Marine incident","17° 58.58' N 76° 49.77' W","","At berth","0",""
"C1000401","1","CHANG SHUN QIAN CHENG (IMO 9981788)","CHANG SHUN QIAN CHENG (IMO 9981788): Y","China","Container","2023-07-04 07:52","Occupational accident - slipping, stumbling, falling of person to a
lower level","Very serious marine casualty","22° 37.50' N 113° 41.29' E","Guangzhou Port Nansha Phase III Container Terminal","At berth","0",""
"C0013927","1","MILFORD (IMO 8215883)","MILFORD (IMO 8215883): ","Belize","Fish Catching","2023-07-03 22:50","Occupational accident - overflow, overturn, leak, flow,
vaporization, emission of material agent","Very serious marine casualty","43° 11.20' N 28° 03.00' E","Mediterranean Region - Black Sea, Mediterranean Region - Black Sea, Mediterranean Region - Black Sea","Coastal waters","2","Bulgaria; Bulgaria"
"C1000028","1","MILFORD (IMO 8215883)","MILFORD (IMO 8215883): Y","Belize","Dredging","2023-07-03 21:03","Occupational accident - Others","Very serious marine casualty","43° 11.02' N 28° 04.61' E","Black sea","Traffic separation scheme","1","Bulgaria"
"C1000356","1","BELUGA REEFER (IMO 9015204)","BELUGA REEFER (IMO 9015204): Y","Bahamas","Refrigerated Cargo","2023-06-30 13:51","Others - Others","Very serious marine casualty","32° 09.00' S 29° 16.00' E","South Africa","Open sea","1","Bahamas"
"C1000452","1","HORIZON 9 (IMO 9339935)","HORIZON 9 (IMO 9339935): Y","Panama","General Cargo","2023-06-26 05:12","Others - Others","Marine casualty","1° 15.50' N 103° 50.24' E","","Port","1","Panama"
"C1000328","1","SIRIUS 2 (IMO 8977699)","SIRIUS 2 (IMO 8977699): Y","Nigeria","Offshore Supply","2023-06-23 19:37","Occupational accident - slipping, stumbling, falling of person
overboard","Very serious marine casualty","5° 31.00' N 5° 54.97' E","WARRI RIVER, Tunde Smut Jetty","At berth","1","Nigeria"
"C1000766","1","POAVOSA BRAVE (IMO 9519195)","POAVOSA BRAVE (IMO 9519195): Y","Panama","Bulk Dry","2023-06-23 13:50","Occupational accident - loss of control of machine, means of
transport or handling equipment,
hand-held tool, object, animal","Marine incident","37° 38.25' S 176° 16.93' E","Bay of Plenty","Anchorage","1","New Zealand"
"C1000039","1","INNOVATOR","INNOVATOR: N","Argentina","Fish Catching","2023-06-18 20:50","Flooding/foundering - foundering","Very serious marine casualty","35° 57.20' S 57° 16.60' W","Bahía Samborombón","Coastal waters","0",""
"C1000194","1","POLAR PRINCE (IMO 5329566)","POLAR PRINCE (IMO 5329566): Y","Canada","General Cargo","2023-06-18 13:45","Others - Others","Very serious marine casualty","47° 13.00' N 49° 49.00' W","Titanic wreck site","Open sea","0",""
"C1000165","1","DCI DREDGE XVII (IMO 9217292)","DCI DREDGE XVII (IMO 9217292): ","India","Dredging","2023-06-14 11:35","Occupational accident - slipping, stumbling, falling of person to a
lower level","Very serious marine casualty","20° 16.87' N 86° 40.29' E","Off Paradip Port","Coastal waters","1","India"
"C1000059","1","Aurora","Aurora: ","Uruguay","High Speed Craft","2023-06-11 18:30","Contact - with fixed object","Marine incident","51° 29.61' N 0° 07.30' W","Uruguay","Canal","0",""
"C1000454","1","ANNICK (IMO 9304655)","ANNICK (IMO 9304655): Y","Panama","Oil Tanker","2023-06-09 09:33","Others - Others","Marine casualty","6° 08.01' N 108° 10.43' E","","Open sea","1","Panama"
"C0013950","1","Dogan (IMO 9625475)","Dogan (IMO 9625475): ","Malta","Bulk Dry","2023-06-07 09:00","Occupational accident - body movement without any physical
stress (generally leading to an external
injury)","Marine casualty","47° 21.10' N 6° 25.80' W","North Atlantic Ocean - Celtic Sea","Open sea","1","Malta"
"C1000383","1","ERICA (IMO 9289116)","ERICA (IMO 9289116): ","Comoros","Container","2023-06-06 00:00","Fire/explosion - fire","Very serious marine casualty","25° 01.52' N 54° 38.43' E","","Unknown","0",""
"C1000437","1","GRAMMY BRAVE (IMO 9238478)","GRAMMY BRAVE (IMO 9238478): ","Panama","Bulk Dry","2023-06-05 09:36","Others - Others","Very serious marine casualty","31° 11.00' N 122° 42.00' E","No.1 anchorage at Changjiangkou, Port of Shanghai CHINA","Port","1","Panama"
"C1000718","1","ASIAN BULK (IMO 9115523)","ASIAN BULK (IMO 9115523): Y","Panama","Bulk Dry","2023-06-01 18:30","Others - Others","Marine casualty","26° 17.30' N 54° 18.45' E","","Port","1","Panama"
"C1000148","1","CONTSHIP RAY (IMO 9388338)","CONTSHIP RAY (IMO 9388338): Y","Liberia","Container","2023-05-30 15:13","Grounding - while under power","Marine incident","17° 57.40' N 76° 49.31' W","","Port","0",""
"C0013837","1","LAJES DO PICO (IMO 9193410)","LAJES DO PICO (IMO 9193410): ","Portugal","Fish Catching","2023-05-30 07:30","Flooding/foundering - flooding","Very serious marine casualty","43° 23.91' N 35° 46.89' W","North Atlantic Ocean - North Atlantic Ocean","Open sea","1","Portugal"
"C1000222","1","ASTERIX (IMO 9348182)","ASTERIX (IMO 9348182): Y","Canada","General Cargo","2023-05-28 08:52","Occupational accident - breakage, bursting, splitting, fall or
collapse of material agent","Marine casualty","35° 05.46' N 129° 06.46' E","Busan, South Korea","Port approach","0",""
"C0013903","1","HAVKATTEN","HAVKATTEN: ","Denmark","Fish Catching","2023-05-27 11:13","Grounding - while drifting","Very serious marine casualty","56° 42.00' N 7° 42.00' E","North Atlantic Ocean - North Sea, North Atlantic Ocean - North Atlantic Ocean","Open sea","1","Denmark"
"C1000381","1","ERA (IMO 8121422)","ERA (IMO 8121422): ","Unknown","Other Dry Cargo","2023-05-26 00:00","Flooding/foundering - foundering","Very serious marine casualty","25° 08.35' N 66° 43.29' E","","Unknown","0",""
"C1000382","1","ERA (IMO 8121422)","ERA (IMO 8121422): ","Unknown","Other Dry Cargo","2023-05-26 00:00","Flooding/foundering - foundering","Very serious marine casualty","25° 08.35' N 66° 43.29' E","","Unknown","0",""
"C1000494","1","NS BURGAS (IMO 9411020)","NS BURGAS (IMO 9411020): Y","Liberia","Oil Tanker","2023-05-24 20:00","Others - Others","Marine casualty","6° 19.00' N 82° 06.00' E","Indian Ocean / Sri Lanka area","Open sea","1","Liberia"
"C1000172","1","BULK CONCORD (IMO 9516387)","BULK CONCORD (IMO 9516387): Y","Liberia","Bulk Dry","2023-05-24 13:30","Others - Others","Very serious marine casualty","18° 27.85' N 77° 24.61' W","","At berth","0",""
"C1000091","1","BULK CONCORD (IMO 9516387)","BULK CONCORD (IMO 9516387): Y","Liberia","Bulk Dry","2023-05-24 13:30","Others - Others","Very serious marine casualty","18° 27.86' N 77° 24.79' W","PORT RHOADES/DISCOVERY BAY","At berth","0",""
"C0013951","1","NINJA II","NINJA II: ","France","Fish Catching","2023-05-24 05:11","Occupational accident - body movement without any physical
stress (generally leading to an external
injury)","Very serious marine casualty","48° 43.77' N 3° 51.83' W","North Atlantic Ocean - North Atlantic Ocean, North Atlantic Ocean - English Channel","Open sea","1","France"
"C1000470","1","VOYAGER (IMO 6523925)","VOYAGER (IMO 6523925): ","Indonesia","Passenger/Ro-Ro Cargo","2023-05-24 00:00","Grounding - while drifting","Very serious marine casualty","13° 27.00' N 144° 40.00' E","","Unknown","0",""
"C1000094","1","SABRINA FAIR (IMO 9911630)","SABRINA FAIR (IMO 9911630): Y","Liberia","Bulk Dry","2023-05-18 08:00","Others - Others","Marine casualty","1° 24.50' S 126° 48.70' E","Open sea","Open sea","1","Liberia"
"C0013812","1","LU PENG YUAN YU 028 (IMO 8775651)","LU PENG YUAN YU 028 (IMO 8775651): ","China","Fish Catching","2023-05-17 00:00","","Very serious marine casualty","","Indian Ocean (High Seas, 2,700 NM from Australia)","","0",""
"C1000199","2","PIEDAD I (IMO 7522291), VIALLI (IMO 9538153)","PIEDAD I (IMO 7522291): , VIALLI (IMO 9538153): ","Ecuador, Singapore","Towing / Pushing, Chemical Tanker","2023-05-16 06:16","Collision - with other ship","Very serious marine casualty","3° 05.00' S 80° 10.00' W","","Unknown","1","Ecuador"
"C1000684","1","VAL DVA","VAL DVA: ","Croatia","Fish Catching","2023-05-13 00:08","Grounding - while under power","Very serious marine casualty","43° 39.80' N 15° 48.70' E","Mediterranean Region - Mediterranean Region, Mediterranean Region - Adriatic Sea","Unknown","1","Croatia"
"C1000519","1","SASEBO ECO (IMO 9675456)","SASEBO ECO (IMO 9675456): Y","Marshall Islands","Bulk Dry","2023-05-11 11:00","Occupational accident - breakage, bursting, splitting, fall or
collapse of material agent","Very serious marine casualty","5° 10.10' N 98° 06.90' E","Malacca Strait","Coastal waters","1","Marshall Islands"
"C1000374","1","ESTHER MIRACLE (IMO 7111810)","ESTHER MIRACLE (IMO 7111810): ","Gabon","Passenger/Ro-Ro Cargo","2023-05-09 03:58","Flooding/foundering - foundering","Very serious marine casualty","0° 13.10' N 9° 12.26' E","LIBREVILLE, GABON","Unknown","0",""
"C1000040","1","DON FRANCO","DON FRANCO: N","Argentina","Fish Catching","2023-05-04 19:12","Flooding/foundering - flooding","Marine casualty","36° 15.00' N 55° 26.00' W","ZEE Argentina","Coastal waters","0",""
"C1000517","1","ERGUVAN S (IMO 9603063)","ERGUVAN S (IMO 9603063): Y","Marshall Islands","Bulk Dry","2023-05-03 10:00","Occupational accident - slipping, stumbling, falling of person
overboard","Very serious marine casualty","22° 26.20' N 97° 46.20' W","Offshore Altamira, Mexico","Anchorage","1","Marshall Islands"
"C1000016","1","PACIFIC ENDEAVOR (IMO 9913200)","PACIFIC ENDEAVOR (IMO 9913200): Y","Hong Kong, China","General Cargo","2023-05-02 08:17","Occupational accident - Others","Very serious marine casualty","24° 24.79' N 118° 02.70' E","ZHANGZHOU, CHINA","At berth","1","Hong Kong, China"
"C1000380","1","PABLO (IMO 9133587)","PABLO (IMO 9133587): ","Gabon","Oil Tanker","2023-05-01 16:00","Fire/explosion - explosion","Very serious marine casualty","2° 01.53' N 104° 44.50' E","","Open sea","0",""
"C1000553","1","STRATEGIC HARMONY (IMO 9689897)","STRATEGIC HARMONY (IMO 9689897): Y","Singapore","Bulk Dry","2023-05-01 13:35","Occupational accident - Others","Very serious marine casualty","2° 09.00' N 46° 31.00' W","North Atlantic Ocean","Open sea","1","Singapore"
"C1000342","1","NEW MARINE (IMO 9745823)","NEW MARINE (IMO 9745823): N","Nauru","Fish Catching","2023-04-29 23:50","Fire/explosion - fire","Marine casualty","2° 33.00' S 165° 40.00' E","REPUBLIC OF NAURU","Open sea","1","Nauru"
"C1000266","1","PENTALINA (IMO 9437969)","PENTALINA (IMO 9437969): ","United Kingdom","Passenger","2023-04-29 18:27","Loss of control - loss of propulsion power","Marine casualty","58° 49.97' N 2° 57.72' W","","Port approach","0",""
"C0013945","1","Atlanta (IMO 9513373)","Atlanta (IMO 9513373): ","Malta","General Cargo","2023-04-29 03:02","Grounding - while under power","Marine casualty","36° 15.48' N 27° 39.01' E","Mediterranean Region - Mediterranean Region, Mediterranean Region - Aegean Sea","Coastal waters","1","Malta"
"C1000097","2","HONG HAI 189 (IMO 8355554), PETITE SOEUR (IMO 9448712)","HONG HAI 189 (IMO 8355554): , PETITE SOEUR (IMO 9448712): ","Sierra Leone, Marshall Islands","Dredging, Oil Tanker","2023-04-28 09:45","Collision - with other ship","Very serious marine casualty","14° 24.50' N 120° 35.00' E","Corregidor Island","Traffic separation scheme","1","Philippines"
"C1000467","1","STELLAR WAY (IMO 9700160)","STELLAR WAY (IMO 9700160): Y","Panama","Bulk Dry","2023-04-23 07:00","Others - Others","Very serious marine casualty","20° 04.00' N 118° 31.00' E","OCURRED AT PORT HEDLAND ANCHORAGE  REPUBLIC OF AUSTRALIA","Port approach","1","Panama"
"C1000098","1","VALARIS DS-17 (IMO 9646950)","VALARIS DS-17 (IMO 9646950): ","Marshall Islands","Other Activities","2023-04-21 13:18","Occupational accident - Others","Very serious marine casualty","28° 08.18' N 15° 24.50' W","Las Palmas, Spain","At berth","1","Marshall Islands"
"C1000327","1","KALTAN (IMO 9047984)","KALTAN (IMO 9047984): Y","Russian Federation","Fish Catching","2023-04-21 00:18","Fire/explosion - fire","Very serious marine casualty","35° 11.00' N 129° 47.00' E","Sea of Japan","Open sea","2","Russian Federation; Russian Federation"
"C1000166","1","BBC EDGE (IMO 9407598)","BBC EDGE (IMO 9407598): ","Antigua and Barbuda","General Cargo","2023-04-20 06:30","Occupational accident - electrical problems, explosion, fire","Very serious marine casualty","23° 25.04' S 71° 35.72' W","South Pacific","Open sea","1","Antigua and Barbuda"
"C1000015","1","OCEAN GEMSTONE (IMO 9445239)","OCEAN GEMSTONE (IMO 9445239): Y","Hong Kong, China","General Cargo","2023-04-19 16:20","Occupational accident - slipping, stumbling, falling of person to a
lower level","Very serious marine casualty","1° 54.20' N 101° 50.79' E","","Anchorage","1","Hong Kong, China"
"C1000534","1","HAY KAY","HAY KAY: U","Honduras","General Cargo","2023-04-19 14:20","Capsize/listing - capsize","Very serious marine casualty","16° 15.35' N 86° 05.26' W","BAY ISLANDS, HONDURAS","Inland waters","0",""
"C1000013","1","BAO SHUN (IMO 9233911)","BAO SHUN (IMO 9233911): Y","Liberia","Bulk Dry","2023-04-18 16:45","Others - Others","Very serious marine casualty","22° 28.87' N 114° 04.09' E","Hong Kong, China","Anchorage","1","Hong Kong, China"
"C1000378","1","WILSON SKAW (IMO 8918459)","WILSON SKAW (IMO 8918459): ","Barbados","General Cargo","2023-04-18 13:25","Flooding/foundering - foundering","Very serious marine casualty","65° 35.50' N 21° 15.27' W","","Unknown","0",""
"C1000379","1","TIGER STAR (IMO 9084891)","TIGER STAR (IMO 9084891): ","Unknown","Tanker","2023-04-17 19:00","Fire/explosion - fire","Very serious marine casualty","1° 41.00' N 104° 41.18' E","","Unknown","0",""
"C1000769","1","SAINT BERNARD","SAINT BERNARD: ","France","Towing / Pushing","2023-04-17 16:38","Capsize/listing - capsize","Very serious marine casualty","43° 31.76' N 1° 31.33' W","North Atlantic Ocean - Bay of Biscay, North Atlantic Ocean - North Atlantic Ocean","Port","1","France"
"C1000020","1","EQUINOX SEAS (IMO 9229697)","EQUINOX SEAS (IMO 9229697): ","Cayman Islands (United Kingdom)","Bulk Dry","2023-04-17 13:50","Occupational accident - slipping, stumbling, falling of person to a
lower level","Very serious marine casualty","37° 26.20' N 24° 56.50' E","Syros, Greece","Port","1","United Kingdom"
"C1000613","2","MTUG "SURIGAO STRAIT", MV "SPAN ASIA 33"","MTUG "SURIGAO STRAIT": Y, MV "SPAN ASIA 33": Y","Philippines, Philippines","Towing / Pushing, General Cargo","2023-04-17 07:45","Capsize/listing - capsize","Very serious marine casualty","9° 46.97' N 125° 30.17' E","SURIGAO CITY","Port","1","Philippines"
"C1000403","1","HENG YU 6 (IMO 9517032)","HENG YU 6 (IMO 9517032): Y","China","Chemical Tanker","2023-04-14 13:28","Occupational accident - slipping, stumbling, falling of person to a
lower level","Very serious marine casualty","23° 49.90' N 117° 59.59' E","13 nautical miles southeast of Jiangjunao in Zhangzhou","Coastal waters","0",""
"C1000077","2","Onepoto, Waitere","Onepoto: N, Waitere: N","New Zealand, New Zealand","Other Activities, Passenger","2023-04-13 11:47","Collision - with other ship","Very serious marine casualty","35° 18.55' S 174° 07.38' E","Off Paihia, Bay of Islands","Inland waters","0",""
"C1000612","1","PRINS DER NEDERLANDEN (IMO 9263899)","PRINS DER NEDERLANDEN (IMO 9263899): Y","Cyprus","Dredging","2023-04-11 09:40","Occupational accident - slipping, stumbling, falling of person
overboard","Very serious marine casualty","14° 15.60' N 120° 03.70' E","MANILA BAY","Coastal waters","1","Philippines"
"C1000559","1","VIGOR SW (IMO 9383508)","VIGOR SW (IMO 9383508): Y","Panama","General Cargo","2023-04-09 08:45","Occupational accident - Others","Marine casualty","19° 15.50' N 105° 55.79' E","","Coastal waters","1","Panama"
"C1000678","1","CALISTA","CALISTA: ","France","Fish Catching","2023-04-05 06:00","Capsize/listing - capsize","Very serious marine casualty","49° 45.37' N 0° 48.34' W","","Coastal waters","1","France"
"C1000377","1","JOE 2 (IMO 9070515)","JOE 2 (IMO 9070515): ","Guinea-Bissau","General Cargo","2023-04-05 04:22","Flooding/foundering - foundering","Very serious marine casualty","25° 55.09' N 30° 29.00' E","","Unknown","0",""
"C1000486","1","ORIENTAL WIND (IMO 9866407)","ORIENTAL WIND (IMO 9866407): ","Panama","Bulk Dry","2023-04-03 18:04","Occupational accident - Others","Very serious marine casualty","24° 27.29' N 86° 34.59' W","OPEN SEA","Open sea","1","Panama"
"C1000306","1","LUCIE SCHULTE (IMO 9301926)","LUCIE SCHULTE (IMO 9301926): Y","Singapore","Container","2023-04-03 13:40","Unknown - Unknown","Very serious marine casualty","44° 50.00' N 20° 44.29' W","Atlantic Ocean","Open sea","1","Singapore"
"C1000240","1","ANU BHUM (IMO 9572410)","ANU BHUM (IMO 9572410): ","Thailand","Other Activities","2023-04-02 03:00","Capsize/listing - capsize","Very serious marine casualty","10° 41.20' N 99° 38.00' E","gulf of Thailand","Coastal waters","0",""
"C1000167","1","MAREN (IMO 9245677)","MAREN (IMO 9245677): ","Antigua and Barbuda","Container","2023-04-02 02:17","Grounding - while under power","Marine casualty","42° 00.15' N 33° 17.04' E","Kerempe/Zonguldak","Coastal waters","0",""
"C1000444","1","XIN HE DA (IMO 9367891)","XIN HE DA (IMO 9367891): Y","Panama","Container","2023-04-02 01:37","Occupational accident - slipping, stumbling, falling of person
overboard","Marine casualty","27° 20.10' N 126° 37.09' E","the Incheon Port, Korea","Port approach","1","Panama"
"C0013971","2","Lacerta, WILSON MONSOON (IMO 9163582)","Lacerta: , WILSON MONSOON (IMO 9163582): ","Netherlands (Kingdom of), Barbados","Other Activities, General Cargo","2023-03-30 21:45","Occupational accident - body movement without any physical
stress (generally leading to an external
injury)","Very serious marine casualty","52° 28.46' N 4° 22.91' E","North Atlantic Ocean - North Sea","Coastal waters","2","Netherlands (Kingdom of); Netherlands (Kingdom of)"
"C1000003","1","LADY MARY JOY 3 (IMO 9006760)","LADY MARY JOY 3 (IMO 9006760): Y","Philippines","Passenger/Ro-Ro Cargo","2023-03-29 22:25","Fire/explosion - fire","Very serious marine casualty","6° 43.61' N 121° 56.00' E","Malamaui Island, Basilan","Coastal waters","1","Philippines"
"C1000127","1","ZIM NORFOLK (IMO 9710220)","ZIM NORFOLK (IMO 9710220): Y","Liberia","Container","2023-03-27 18:30","Occupational accident - body movement under or with physical
stress (generally leading to an internal
injury)","Very serious marine casualty","34° 35.59' S 58° 20.95' W","Buenos Aires","Strait/channel","1","Liberia"
"C0013929","1","LE MELANY","LE MELANY: ","France","Fish Catching","2023-03-27 08:27","Capsize/listing - capsize","Very serious marine casualty","42° 50.00' N 3° 00.00' E","Mediterranean Region - Mediterranean Region","Coastal waters","1","France"
"C0013957","1","BRIJUNKA","BRIJUNKA: ","Croatia","Passenger","2023-03-27 03:00","Contact - with fixed object","Very serious marine casualty","44° 55.02' N 13° 46.27' E","Mediterranean Region - Adriatic Sea","Port","1","Croatia"
"C0013789","1","KRISTIN (IMO 8525537)","KRISTIN (IMO 8525537): ","Indonesia","Oil Tanker","2023-03-26 02:50","","Very serious marine casualty","","Off the coast of Lombok","","0",""
"C1000221","1","ATLANTIC VISION (IMO 9211509)","ATLANTIC VISION (IMO 9211509): ","Canada","Passenger/Ro-Ro Cargo","2023-03-23 17:40","Occupational accident - breakage, bursting, splitting, fall or
collapse of material agent","Marine casualty","49° 00.00' N 66° 58.00' W","Les Méchins, Quebec","At berth","1","Canada"
"C0013938","1","GRETA K (IMO 9800374)","GRETA K (IMO 9800374): ","Malta","Chemical Tanker","2023-03-21 15:18","Loss of control - loss of containment","Marine casualty","41° 10.81' N 8° 42.35' W","North Atlantic Ocean - North Atlantic Ocean","Port","1","Malta"
"C1000455","1","ROVER (IMO 8827349)","ROVER (IMO 8827349): Y","Saint Vincent and the Grenadines","Other Dry Cargo","2023-03-20 17:30","Others - Others","Marine casualty","25° 25.12' N 55° 19.29' E","","Anchorage","1","Panama"
"C1000602","1","HONG FA SHANG HAI (IMO 9133410)","HONG FA SHANG HAI (IMO 9133410): ","Liberia","Other Dry Cargo","2023-03-16 15:35","Occupational accident - Others","Very serious marine casualty","5° 17.10' N 93° 48.70' E","","Open sea","1","Liberia"
"C1000777","1","PALLADIUM (IMO 9773923)","PALLADIUM (IMO 9773923): Y","Liberia","Oil Tanker","2023-03-14 09:14","Occupational accident - Others","Very serious marine casualty","49° 12.00' N 4° 58.00' W","","Open sea","1","Liberia"
"C1000027","1","HMCS GLACIA BAY","HMCS GLACIA BAY: N","Canada","Other Activities","2023-03-14 04:20","Occupational accident - overflow, overturn, leak, flow,
vaporization, emission of material agent","Marine incident","18° 24.60' N 77° 06.82' W","Reynolds Pier","At berth","0",""
"C1000376","1","FSO BENCHAMAS 2 (IMO 9169706)","FSO BENCHAMAS 2 (IMO 9169706): ","Malaysia","Oil Tanker","2023-03-14 00:00","Fire/explosion - explosion","Very serious marine casualty","10° 31.12' N 101° 15.27' E","","Unknown","0",""
"C1000474","1","GLACE BAY (IMO 9059468)","GLACE BAY (IMO 9059468): ","Canada","Other Activities","2023-03-13 04:20","Others - Others","Marine incident","18° 24.62' N 77° 06.48' W","","At berth","0",""
"C1000310","1","Calypso 2","Calypso 2: N","Anguilla (United Kingdom)","Passenger","2023-03-11 10:15","Flooding/foundering - foundering","Very serious marine casualty","18° 10.35' N 63° 09.60' W","Anguilla","Coastal waters","1","United Kingdom"
"C1000337","2","JANA JULIANA, Unregistered Tug Boat","JANA JULIANA: Y, Unregistered Tug Boat: ","Philippines, Philippines","Towing / Pushing, Towing / Pushing","2023-03-10 14:49","Capsize/listing - capsize","Very serious marine casualty","10° 20.95' N 123° 57.97' E","Tayud Consolacion, Cebu","Port approach","1","Philippines"
"C0013932","1","ISLE OF INNISFREE (IMO 8908466)","ISLE OF INNISFREE (IMO 8908466): ","Cyprus","Passenger/Ro-Ro Cargo","2023-03-03 17:56","Fire/explosion - fire","Marine casualty","51° 02.60' N 1° 30.10' E","North Atlantic Ocean - North Atlantic Ocean, North Atlantic Ocean - English Channel","Coastal waters","1","France"
"C1000375","1","HO CHUANG 996 (IMO 8593170)","HO CHUANG 996 (IMO 8593170): ","Sierra Leone","General Cargo","2023-03-03 00:01","Fire/explosion - explosion","Very serious marine casualty","25° 32.00' N 120° 57.00' E","","Open sea","0",""
"C1000576","1","DELFINA (IMO 9256248)","DELFINA (IMO 9256248): Y","Liberia","Oil Tanker","2023-02-28 13:15","Others - Others","Very serious marine casualty","25° 22.62' N 55° 03.25' E","Port Rashid, UAE","Coastal waters","1","Liberia"
"C0013948","3","LOUIS, MULTRATUG 18 (IMO 9492880), VIBIMA","LOUIS: , MULTRATUG 18 (IMO 9492880): , VIBIMA: ","Denmark, Netherlands (Kingdom of), Netherlands (Kingdom of)","Fish Catching, Towing / Pushing, Barge","2023-02-28 05:27","Collision - with other ship","Very serious marine casualty","57° 50.78' N 10° 24.55' E","North Atlantic Ocean - North Sea","Coastal waters","2","Denmark; Denmark"
"C1000002","1","PRINCESS EMPRESS (IMO 9985136)","PRINCESS EMPRESS (IMO 9985136): Y","Philippines","Oil Tanker","2023-02-28 03:20","Capsize/listing - capsize","Very serious marine casualty","13° 19.00' N 121° 31.00' E","Nauhan Point, Oriental Mindoro","Coastal waters","1","Philippines"
"C1000828","2","Biter, HEBRIDEAN PRINCESS (IMO 6409351)","Biter: N, HEBRIDEAN PRINCESS (IMO 6409351): ","United Kingdom, United Kingdom","Towing / Pushing, Passenger","2023-02-24 15:27","Capsize/listing - capsize","Very serious marine casualty","55° 56.93' N 4° 44.52' W","Greenock","Port approach","1","United Kingdom"
"C1000230","1","MED CERKEZKOY (IMO 9147215)","MED CERKEZKOY (IMO 9147215): Y","Türkiye","Container","2023-02-24 03:40","Grounding - while under power","Marine casualty","36° 25.54' N 27° 17.51' E","NW of Tilos Island","Coastal waters","0",""
"C1000372","1","YONG XING 56 (IMO 9493494)","YONG XING 56 (IMO 9493494): ","China","Bulk Dry","2023-02-23 12:00","Flooding/foundering - foundering","Very serious marine casualty","48° 23.10' N 140° 17.52' E","","Open sea","0",""
"C1000561","1","CATHERINE BRIGHT (IMO 9186924)","CATHERINE BRIGHT (IMO 9186924): Y","Panama","Bulk Dry","2023-02-23 06:00","Others - Others","Marine casualty","24° 29.88' N 56° 37.40' E","","Port","1","Panama"
"C1000274","1","DAENERYS TARGARYEN (IMO 9664249)","DAENERYS TARGARYEN (IMO 9664249): ","Nigeria","Offshore Supply","2023-02-22 16:00","Others - Others","Very serious marine casualty","4° 02.00' N 6° 09.00' E","PORT HARCOURT ANCHORAGE","Anchorage","1","Nigeria"
"C1000525","1","Asian Triumph (IMO 9474668)","Asian Triumph (IMO 9474668): Y","Singapore","Bulk Dry","2023-02-21 13:05","Occupational accident - Others","Very serious marine casualty","20° 44.00' N 70° 39.09' E","Muldwarka port ‘B’ anchorage","Anchorage","1","Singapore"
"C0013968","1","ESCAPE (IMO 9491501)","ESCAPE (IMO 9491501): ","Netherlands (Kingdom of)","Container","2023-02-21 10:35","Fire/explosion - fire","Marine casualty","57° 39.99' N 21° 54.00' E","Baltic Sea - Baltic Sea, Baltic Sea - Gulf of Riga","Open sea","1","Netherlands (Kingdom of)"
"C0013842","1","BG RUBY (IMO 9436202)","BG RUBY (IMO 9436202): ","Portugal","Container","2023-02-21 00:23","Occupational accident - slipping, stumbling, falling of person
overboard","Very serious marine casualty","54° 37.99' N 5° 52.96' W","North Atlantic Ocean - Irish Sea","Port","1","Portugal"
"C1000368","1","SEAMARK (IMO 8861034)","SEAMARK (IMO 8861034): ","Unknown","General Cargo","2023-02-21 00:00","Flooding/foundering - foundering","Very serious marine casualty","44° 39.02' N 37° 53.52' E","","Anchorage","0",""
"C0013796","1","SUPER MANGUITO","SUPER MANGUITO: ","Portugal","Yacht","2023-02-20 13:22","Flooding/foundering - flooding","Very serious marine casualty","37° 05.01' N 8° 27.07' W","North Atlantic Ocean - North Atlantic Ocean","Coastal waters","1","Portugal"
"C1000443","1","URJA (IMO 9558218)","URJA (IMO 9558218): Y","Panama","General Cargo","2023-02-19 11:57","Others - Others","Marine casualty","11° 57.29' N 120° 28.20' E","Sulu Sea (At Sea)","Open sea","1","Panama"
"C1000207","1","LOYGA (IMO 8004791)","LOYGA (IMO 8004791): Y","Guinea-Bissau","General Cargo","2023-02-17 12:57","Grounding - while under power","Marine casualty","43° 11.35' N 27° 53.18' E","Black sea","Canal","1","Bulgaria"
"C1000575","1","AFRICA (IMO 9905320)","AFRICA (IMO 9905320): Y","Liberia","Oil Tanker","2023-02-15 13:37","Occupational accident - Slipping, stumbling, falling of a person on
the same level","Very serious marine casualty","71° 36.40' N 23° 26.70' E","Norwegian Sea","Open sea","1","Liberia"
"C1000042","1","ELEPELE III","ELEPELE III: N","Argentina","Dredging","2023-02-15 08:30","Flooding/foundering - foundering","Very serious marine casualty","34° 11.89' S 58° 15.89' W","Isla Martín García, Argentina","Anchorage","1","Argentina"
"C1000369","1","LIVANA (IMO 9052006)","LIVANA (IMO 9052006): ","Cameroon","General Cargo","2023-02-15 00:00","Grounding - while drifting","Very serious marine casualty","35° 45.11' N 5° 20.19' W","","Coastal waters","0",""
"C1000022","1","MAHMUD REHIMOV (IMO 9114816)","MAHMUD REHIMOV (IMO 9114816): Y","Azerbaijan","General Cargo","2023-02-14 03:10","Grounding - while drifting","Marine incident","43° 34.00' N 51° 13.00' E","ANCHORAGE AREA 125","Anchorage","1","Azerbaijan"
"C1000574","1","IRENES RAY (IMO 9322504)","IRENES RAY (IMO 9322504): Y","Liberia","Container","2023-02-13 14:45","Occupational accident - slipping, stumbling, falling of person to a
lower level","Marine casualty","20° 03.00' N 68° 43.00' E","Arabian Sea","Open sea","1","Liberia"
"C1000373","1","AASHI (IMO 9516715)","AASHI (IMO 9516715): ","Gabon","Tanker","2023-02-12 00:00","Grounding - while drifting","Very serious marine casualty","1° 05.57' N 97° 21.06' E","","Coastal waters","0",""
"C1000475","3","GP 30, KENCANA RAYA (IMO 8888575), Luna Cahaya (IMO 7429451)","GP 30: N, KENCANA RAYA (IMO 8888575): N, Luna Cahaya (IMO 7429451): N","Singapore, Malaysia, Malaysia","Other Non-Seagoing, Towing / Pushing, Barge","2023-02-11 02:32","Occupational accident - slipping, stumbling, falling of person
overboard","Very serious marine casualty","1° 13.00' N 103° 52.00' E","Port of Singapore","Port","1","Singapore"
"C1000367","1","MY PRINCESS (IMO 8610291)","MY PRINCESS (IMO 8610291): ","Comoros","General Cargo","2023-02-11 00:00","Flooding/foundering - flooding","Very serious marine casualty","25° 26.45' N 55° 14.22' E","","Anchorage","0",""
"C1000004","1","LCT PACIFICA 1","LCT PACIFICA 1: ","Philippines","Bulk Dry","2023-02-10 06:40","Flooding/foundering - foundering","Very serious marine casualty","9° 48.00' N 125° 47.00' E","Dapa, Siargao","Coastal waters","1","Philippines"
"C1000043","1","PAOLA ANDREA","PAOLA ANDREA: N","Argentina","Fish Catching","2023-02-09 21:00","Ship missing - ship missing","Very serious marine casualty","40° 50.00' S 64° 41.00' W","Golfo San Matías, Río Negro","Coastal waters","0",""
"C1000349","2","BBC ONYX (IMO 9506746), MIN LIAN YU 60996","BBC ONYX (IMO 9506746): Y, MIN LIAN YU 60996: N","Antigua and Barbuda, China","General Cargo, Fish Catching","2023-02-08 22:47","Collision - with other ship","Very serious marine casualty","26° 08.50' N 120° 42.50' E","in position about 18 nautical miles southeast of Dongyin Matsue Island (approximate position: 26°08′","Coastal waters","0",""
"C1000552","3","BW SEINE (IMO 9342217), SOL 1009 (IMO 8782159), SOL 2315","BW SEINE (IMO 9342217): Y, SOL 1009 (IMO 8782159): N, SOL 2315: N","Singapore, Indonesia, Indonesia","Tanker, Towing / Pushing, Barge","2023-02-05 16:13","Collision - with other ship","Marine casualty","1° 16.59' N 104° 05.17' E","Singapore Strait","Traffic separation scheme","1","Singapore"
"C1000258","1","Dunav","Dunav: ","Romania","Barge","2023-02-05 13:10","Collision - with other ship","Marine casualty","45° 20.00' N 28° 51.00' E","","Unknown","1","Ukraine"
"C0013930","1","Mariner A (IMO 9288954)","Mariner A (IMO 9288954): ","Malta","Oil Tanker","2023-02-05 03:51","Occupational accident - slipping, stumbling, falling of person
overboard","Very serious marine casualty","44° 38.89' N 37° 50.50' E","Mediterranean Region - Black Sea","Port","1","Malta"
"C1000225","1","ARCADIA (IMO 9226906)","ARCADIA (IMO 9226906): ","Bermuda (United Kingdom)","Passenger","2023-02-04 04:43","Others - Others","Marine casualty","21° 27.00' N 39° 05.00' E","JEDDAH","Unknown","0",""
"C0013965","1","KAILEA PRINCESS","KAILEA PRINCESS: ","France","Passenger","2023-02-03 20:11","Occupational accident - loss of control of machine, means of
transport or handling equipment,
hand-held tool, object, animal","Very serious marine casualty","16° 31.89' S 151° 46.10' W","South Pacific Ocean - South Pacific Ocean W","Coastal waters","1","France"
"C1000371","1","FOXHOUND (IMO 9205548)","FOXHOUND (IMO 9205548): ","Niue","General Cargo","2023-02-03 00:00","Grounding - while drifting","Very serious marine casualty","6° 52.49' S 113° 27.31' E","","Open sea","0",""
"C1000370","1","SEIRYU (IMO 9162344)","SEIRYU (IMO 9162344): ","Japan","General Cargo","2023-02-02 19:33","Collision - with other ship","Very serious marine casualty","34° 09.22' N 132° 53.36' E","","Coastal waters","0",""
"C1000436","1","AZUL ACE (IMO 9889100)","AZUL ACE (IMO 9889100): Y","Panama","Ro-Ro Cargo","2023-02-02 07:00","Others - Others","Very serious marine casualty","7° 54.00' N 72° 19.00' E","INDIAN OCEAN PHILIPPINES","Coastal waters","1","Panama"
"C1000484","3","BBC HONGKONG (IMO 9372925), Comandante Jose, São Benedito","BBC HONGKONG (IMO 9372925): Y, Comandante Jose: N, São Benedito: ","Antigua and Barbuda, Brazil, Brazil","General Cargo, Other Activities, Other Activities","2023-02-02 02:23","Loss of control - loss of directional control","Marine incident","5° 49.00' N 55° 10.00' W","paramaribo","At berth","0",""
"C1000241","1","ZIM THAILAND (IMO 9936513)","ZIM THAILAND (IMO 9936513): ","Thailand","Container","2023-02-01 19:58","Occupational accident - slipping, stumbling, falling of person
overboard","Marine casualty","31° 10.00' N 124° 31.00' E","","Open sea","0",""
"C0013928","1","Tortugas (IMO 9319765)","Tortugas (IMO 9319765): ","Malta","Ro-Ro Cargo","2023-01-31 07:50","Ship/equipment damage - ship/equipment damage","Marine casualty","54° 36.00' N 1° 09.11' W","North Atlantic Ocean - North Sea","Port","1","Malta"
"C1000705","1","HUNTER (IMO 8906949)","HUNTER (IMO 8906949): ","Norway","Fish Catching","2023-01-30 18:10","Occupational accident - slipping, stumbling, falling of person
overboard","Very serious marine casualty","76° 02.39' N 32° 54.99' E","","Open sea","1","Norway"
"C0013926","2","CAPE KORTIA (IMO 9727613), ERNST OLDENDORFF (IMO 9702637)","CAPE KORTIA (IMO 9727613): , ERNST OLDENDORFF (IMO 9702637): ","Malta, Portugal","Container, General Cargo","2023-01-30 08:48","Ship/equipment damage - ship/equipment damage","Marine casualty","8° 55.90' N 79° 33.29' W","Panama Canal","Port","1","Malta"
"C1000220","1","SARAH GOLD (IMO 9390886)","SARAH GOLD (IMO 9390886): U","Unknown","Offshore Supply","2023-01-29 16:53","Grounding - while drifting","Marine incident","4° 36.00' N 114° 17.00' E","E12 Panaga beach","Coastal waters","0",""
"C1000216","1","KAITAKI (IMO 9107942)","KAITAKI (IMO 9107942): ","New Zealand","Passenger","2023-01-28 16:32","Loss of control - loss of propulsion power","Marine incident","41° 22.00' S 174° 41.88' E","Cook Straits","Coastal waters","0",""
"C1000080","1","JIN TIAN (IMO 9578713)","JIN TIAN (IMO 9578713): U","Hong Kong, China","General Cargo","2023-01-25 02:00","Flooding/foundering - flooding","Very serious marine casualty","32° 03.00' N 127° 07.88' E","","Unknown","1","Hong Kong, China"
"C1000211","1","ANIL (IMO 8822143)","ANIL (IMO 8822143): ","Zanzibar (United Republic of Tanzania)","Bulk Dry","2023-01-24 10:25","Capsize/listing - capsize","Very serious marine casualty","27° 31.50' N 52° 33.70' E","Pars Port Complex-Asaluyeh","Unknown","0",""
"C1000208","1","XIN HAI ZHOU 2 (IMO 9507104)","XIN HAI ZHOU 2 (IMO 9507104): Y","Panama","General Cargo","2023-01-24 09:20","Grounding - while under power","Very serious marine casualty","24° 21.79' N 124° 02.58' E","Off the northwest of Taketomi Island, Taketomi Town, Okinawa Prefecture","Port approach","2","Japan; Panama"
"C1000044","1","SILVIA ANA L (IMO 9119385)","SILVIA ANA L (IMO 9119385): N","Uruguay","Passenger/Ro-Ro Cargo","2023-01-22 18:00","Collision - with other ship","Marine casualty","34° 36.00' S 58° 18.00' W","Dársena Norte","Port","0",""
"C1000495","1","VALARIS 121 (IMO 9621481)","VALARIS 121 (IMO 9621481): Y","Liberia","Other Offshore","2023-01-22 15:45","Occupational accident - Others","Marine casualty","56° 33.00' N 0° 47.00' E","At sea","Open sea","1","Liberia"
"C1000473","2","Sein Phyo Aung 25, SENNA 7 (IMO 9135561)","Sein Phyo Aung 25: N, SENNA 7 (IMO 9135561): Y","Myanmar, Thailand","Other Fishing, Oil Tanker","2023-01-22 01:00","Collision - with other ship","Marine casualty","10° 03.00' N 97° 38.00' E","18 miles West of the War Taung Nge Island, Tanintharyi Coast of Myanmar, in Andaman Sea","Coastal waters","0",""
"C1000075","1","AMBER BAY (IMO 9764520)","AMBER BAY (IMO 9764520): Y","Hong Kong, China","Oil Tanker","2023-01-21 16:00","Occupational accident - Slipping, stumbling, falling of a person on
the same level","Very serious marine casualty","10° 16.38' N 55° 09.89' W","At sea","Open sea","0",""
"C1000556","1","MSC KOREA (IMO 9123154)","MSC KOREA (IMO 9123154): Y","Panama","Container","2023-01-21 11:45","Others - Others","Very serious marine casualty","19° 43.09' S 12° 19.37' W","","Open sea","1","Panama"
"C1000008","1","THEODOROS P (IMO 9589970)","THEODOROS P (IMO 9589970): Y","Liberia","Bulk Dry","2023-01-20 02:35","Fire/explosion - fire","Very serious marine casualty","15° 11.00' N 118° 25.00' E","South China Sea","Open sea","1","Liberia"
"C0013849","1","STRINDA (IMO 9330771)","STRINDA (IMO 9330771): ","Norway","Chemical Tanker","2023-01-18 22:10","Occupational accident - body movement without any physical
stress (generally leading to an external
injury)","Marine casualty","51° 17.15' N 4° 13.75' E","","Port","1","Belgium"
"C1000555","1","SEVEN S (IMO 9006344)","SEVEN S (IMO 9006344): Y","Panama","General Cargo","2023-01-17 15:10","Capsize/listing - listing","Marine casualty","44° 25.04' N 8° 58.15' E","","Port","1","Panama"
"C1000012","1","ZHEN ZHU HAI (IMO 9738088)","ZHEN ZHU HAI (IMO 9738088): Y","Hong Kong, China","Bulk Dry","2023-01-17 09:45","Occupational accident - slipping, stumbling, falling of person to a
lower level","Very serious marine casualty","18° 40.00' S 38° 03.20' W","","Open sea","1","Hong Kong, China"
"C1000226","1","Hajer 2","Hajer 2: ","Saudi Arabia","Fish Catching","2023-01-16 07:52","Collision - with other ship","Marine incident","36° 32.00' N 50° 06.00' E","Qaatif","Unknown","0",""
"C1000090","1","LEXA MAERSK (IMO 9190767)","LEXA MAERSK (IMO 9190767): ","Hong Kong, China","Container","2023-01-15 03:35","Occupational accident - slipping, stumbling, falling of person to a
lower level","Very serious marine casualty","2° 17.00' S 79° 54.00' W","","At berth","1","Hong Kong, China"
"C1000445","1","GOLD OAK (IMO 9806342)","GOLD OAK (IMO 9806342): Y","Panama","Other Bulk Dry","2023-01-09 05:50","Occupational accident - Others","Very serious marine casualty","21° 19.54' N 158° 06.61' W","","Port","1","Panama"
"C1000442","1","JONATHAN STAR (IMO 8223311)","JONATHAN STAR (IMO 8223311): Y","Panama","Refrigerated Cargo","2023-01-08 10:45","Occupational accident - slipping, stumbling, falling of person to a
lower level","Very serious marine casualty","33° 37.00' N 127° 03.08' E","At sea near Jeju Islands, Korea","Open sea","1","Panama"
"C1000434","1","UNITED CROWN (IMO 9660023)","UNITED CROWN (IMO 9660023): ","Panama","Bulk Dry / Oil","2023-01-07 16:00","Others - Others","Marine casualty","20° 18.00' N 118° 36.00' E","Port Hedland, Australia","Port","1","Panama"
"C1000468","1","SEA XPRESS (IMO 9190080)","SEA XPRESS (IMO 9190080): ","Panama","Passenger / General Cargo","2023-01-07 13:25","Capsize/listing - listing","Marine casualty","22° 44.70' N 69° 42.70' E","Mundra Port, India","At berth","1","Panama"
"C1000478","1","NATIONAL ENERGY EXPLORER (IMO 9689275)","NATIONAL ENERGY EXPLORER (IMO 9689275): Y","Trinidad and Tobago","Offshore Supply","2023-01-02 09:00","Collision - with other ship","Marine incident","6° 59.50' N 55° 02.26' W","Suriname coastal area","Open sea","0",""
"C1000168","1","ONEGO TRAVELLER (IMO 9255725)","ONEGO TRAVELLER (IMO 9255725): ","Antigua and Barbuda","General Cargo","2022-12-29 19:40","Flooding/foundering - foundering","Very serious marine casualty","25° 50.18' N 77° 10.52' W","South Abaco, Bahamas","Open sea","0",""
"C0013908","1","KRAFTCA (IMO 9307360)","KRAFTCA (IMO 9307360): ","Netherlands (Kingdom of)","Ro-Ro Cargo","2022-12-28 20:25","Occupational accident - slipping, stumbling, falling of person to a
lower level","Very serious marine casualty","60° 28.98' N 25° 55.75' E","","Port","1","Netherlands (Kingdom of)"
"C1000010","1","TIGER EAST (IMO 9619842)","TIGER EAST (IMO 9619842): Y","Hong Kong, China","Bulk Dry","2022-12-23 08:48","Occupational accident - slipping, stumbling, falling of person to a
lower level","Very serious marine casualty","2° 20.70' N 124° 13.50' E","","Open sea","1","Hong Kong, China"
"C1000488","2","JIN WANG LING (IMO 9487108), LURISHANYU 61027","JIN WANG LING (IMO 9487108): Y, LURISHANYU 61027: Y","Hong Kong, China, China","Bulk Dry, Fish Catching","2022-12-22 01:50","Collision - with other ship","Very serious marine casualty","36° 46.50' N 122° 53.40' E","23nm south-east from Shidao Port","Coastal waters","1","China"
"C1000404","1","BEATA (IMO 9037276)","BEATA (IMO 9037276): Y","Panama","Other Dry Cargo","2022-12-20 19:20","Fire/explosion - fire","Marine casualty","42° 07.00' N 35° 14.00' E","","Coastal waters","1","Panama"
"C0013795","1","LETICIA CLARA","LETICIA CLARA: ","Portugal","Fish Catching","2022-12-16 09:00","Capsize/listing - capsize","Very serious marine casualty","39° 53.74' N 9° 00.19' W","North Atlantic Ocean - North Atlantic Ocean","Coastal waters","1","Portugal"
"C1000099","2","PORTHOS (IMO 9408267), ZHE FENG YU 13028","PORTHOS (IMO 9408267): Y, ZHE FENG YU 13028: N","Marshall Islands, China","Bulk Dry, Fish Catching","2022-12-16 04:16","Collision - with other ship","Very serious marine casualty","30° 21.70' N 123° 34.40' E","East China Sea","Open sea","1","Marshall Islands"
"C1000696","1","ORION 7 (IMO 9611101)","ORION 7 (IMO 9611101): Y","Panama","Bulk Dry","2022-12-12 07:52","Collision - with other ship","Marine incident","42° 09.26' N 41° 39.45' E","POTI PORT","Port","0",""
"C1000213","1","Boy Roel","Boy Roel: N","New Zealand","Fish Catching","2022-12-11 11:15","Occupational accident - body movement under or with physical
stress (generally leading to an internal
injury)","Marine casualty","37° 32.40' S 176° 31.37' E","","Unknown","0",""
"C1000046","1","EL ARCA","EL ARCA: N","Argentina","Fish Catching","2022-12-07 09:00","Occupational accident - overflow, overturn, leak, flow,
vaporization, emission of material agent","Marine casualty","43° 22.00' S 64° 55.00' W","ZEE Argentina","Coastal waters","1","Argentina"
"C0013777","1","ARY (IMO 8928480)","ARY (IMO 8928480): ","Vanuatu","Other Offshore","2022-12-06 08:06","Occupational accident - slipping, stumbling, falling of person
overboard","Very serious marine casualty","53° 24.00' N 6° 13.00' E","","Port","1","Netherlands (Kingdom of)"
"C1000237","1","MSC DITTE (IMO 9754953)","MSC DITTE (IMO 9754953): Y","Liberia","Container","2022-12-05 08:59","Occupational accident - slipping, stumbling, falling of person
overboard","Very serious marine casualty","24° 11.89' N 118° 24.81' E","Taiwan Strait","Coastal waters","1","Liberia"
"C1000079","1","WAN HAI 172 (IMO 9380269)","WAN HAI 172 (IMO 9380269): Y","Hong Kong, China","Container","2022-12-01 08:34","Occupational accident - Slipping, stumbling, falling of a person on
the same level","Very serious marine casualty","21° 14.10' N 118° 46.90' E","Open sea","Open sea","1","Hong Kong, China"
"C0013953","1","MERI (IMO 9622502)","MERI (IMO 9622502): ","Finland","Other Dry Cargo","2022-11-30 04:36","Contact - with fixed object","Marine casualty","54° 22.12' N 10° 07.34' E","Baltic Sea - Baltic Sea","Strait/channel","1","Germany"
"C0013924","1","VIKING POLARIS (IMO 9863209)","VIKING POLARIS (IMO 9863209): ","Norway","Passenger","2022-11-29 22:35","Occupational accident - body movement without any physical
stress (generally leading to an external
injury)","Very serious marine casualty","56° 31.22' S 66° 08.20' W","","Open sea","1","Norway"
"C1000047","1","TAI KNIGHTHOOD (IMO 9883845)","TAI KNIGHTHOOD (IMO 9883845): Y","Liberia","Bulk Dry","2022-11-28 23:30","Contact - with fixed object","Marine casualty","38° 34.90' S 58° 41.79' W","Escollera Norte","Port","1","Argentina"
"C0013839","1","GALEA","GALEA: ","France","Fish Catching","2022-11-28 10:55","Capsize/listing - capsize","Very serious marine casualty","43° 24.20' N 5° 03.80' E","Mediterranean Region - Mediterranean Region","Inland waters","1","France"
"C0013880","1","ARKLOW RAIDER (IMO 9344540)","ARKLOW RAIDER (IMO 9344540): ","Ireland","General Cargo","2022-11-25 19:19","Loss of control - loss of directional control","Marine casualty","51° 37.00' N 2° 38.77' W","North Atlantic Ocean - Bristol Channel, North Atlantic Ocean - North Atlantic Ocean","Canal","1","Ireland"
"C0013881","1","BIKAIN (IMO 9095333)","BIKAIN (IMO 9095333): ","France","Fish Catching","2022-11-25 16:40","Contact - with floating object","Marine casualty","52° 08.26' N 10° 16.50' W","North Atlantic Ocean - North Atlantic Ocean","Open sea","1","Ireland"
"C1000336","1","West Courageous (IMO 8768452)","West Courageous (IMO 8768452): N","Singapore","Other Offshore","2022-11-24 17:43","Ship/equipment damage - ship/equipment damage","Very serious marine casualty","19° 35.00' N 92° 13.00' W","Gulf of Mexico","Offshore installation","1","Singapore"
"C1000023","1","PREZIDENT HEYDAR ALIYEV (IMO 9284128)","PREZIDENT HEYDAR ALIYEV (IMO 9284128): ","Azerbaijan","Oil Tanker","2022-11-21 13:35","Grounding - while under power","Marine incident","40° 07.00' N 49° 30.00' E","Sangachal road","Canal","0",""
"C1000011","1","GREAT CENTURY (IMO 9796999)","GREAT CENTURY (IMO 9796999): Y","Hong Kong, China","Bulk Dry","2022-11-20 23:56","Occupational accident - Others","Very serious marine casualty","30° 20.20' N 88° 30.60' W","PASCAGOULA, USA","At berth","1","Hong Kong, China"
"C1000009","1","MSC EMMA (IMO 9463047)","MSC EMMA (IMO 9463047): Y","Liberia","Container","2022-11-19 04:20","Occupational accident - body movement under or with physical
stress (generally leading to an internal
injury)","Very serious marine casualty","4° 28.79' S 84° 33.00' W","Pacific Ocean","Open sea","1","Liberia"
"C0013933","1","CORALIA","CORALIA: ","France","Yacht","2022-11-16 09:00","Capsize/listing - capsize","Very serious marine casualty","16° 11.00' N 61° 30.00' W","North Atlantic Ocean - North Atlantic Ocean","Coastal waters","1","France"
"C0013797","1","ZODIAC 4","ZODIAC 4: ","Portugal","Yacht","2022-11-15 19:00","Capsize/listing - capsize","Very serious marine casualty","61° 05.43' S 55° 01.50' W","South Atlantic Ocean","Open sea","1","Portugal"
"C1000074","1","SEA PRAJNA (IMO 9401958)","SEA PRAJNA (IMO 9401958): Y","Singapore","General Cargo","2022-11-15 11:45","Occupational accident - Others","Very serious marine casualty","33° 11.30' N 27° 21.79' E","Mediterranean Sea","Open sea","1","Singapore"
"C0013798","1","UHL FORTUNE (IMO 9813242)","UHL FORTUNE (IMO 9813242): ","Portugal","General Cargo","2022-11-11 23:00","Occupational accident - breakage, bursting, splitting, fall or
collapse of material agent","Very serious marine casualty","13° 15.67' N 80° 20.11' E","Indian Ocean","Port","1","Portugal"
"C0013793","1","VIRGILIO MIGUEL","VIRGILIO MIGUEL: ","Portugal","Fish Catching","2022-11-10 17:45","Occupational accident - slipping, stumbling, falling of person
overboard","Very serious marine casualty","40° 52.59' N 8° 48.60' W","North Atlantic Ocean - North Atlantic Ocean","Coastal waters","1","Portugal"
"C0013914","1","Simmerdim (IMO 1234567)","Simmerdim (IMO 1234567): ","Ireland","Non-ship structures","2022-11-08 08:40","","Marine incident","53° 18.05' N 9° 45.84' W","Open sea","Open sea","1","Ireland"
"C0013902","1","CMA CGM Manta Ray (IMO 9322499)","CMA CGM Manta Ray (IMO 9322499): ","Malta","Container","2022-11-07 10:09","Ship/equipment damage - ship/equipment damage","Very serious marine casualty","13° 03.13' N 100° 53.49' E","South China and Eastern Archipelagic Seas","Port","1","Malta"
"C1000262","2","MSC CORUNA (IMO 9480215), OLOKUN XII (IMO 8778316)","MSC CORUNA (IMO 9480215): Y, OLOKUN XII (IMO 8778316): U","Malta, Nigeria","Container, Fish Catching","2022-11-07 07:21","Collision - with other ship","Very serious marine casualty","6° 24.50' N 3° 24.00' E","Lagos channel","Strait/channel","5","Nigeria; Nigeria; Nigeria; Nigeria; Nigeria"
"C1000481","1","MEDKON NLS (IMO 9390812)","MEDKON NLS (IMO 9390812): ","Panama","Container","2022-11-05 06:22","Occupational accident - Slipping, stumbling, falling of a person on
the same level","Marine casualty","35° 49.09' N 14° 32.09' E","port of  Marsaxlokk (Malta)","Inland waters","1","Panama"
"C1000100","1","AZOV CONFIDENCE (IMO 9372602)","AZOV CONFIDENCE (IMO 9372602): ","Marshall Islands","General Cargo","2022-11-02 21:10","Occupational accident - electrical problems, explosion, fire","Very serious marine casualty","41° 25.00' N 36° 33.00' E","Black Sea","Coastal waters","1","Marshall Islands"
"C1000420","1","XING SHUN NO. 1 (IMO 9665451)","XING SHUN NO. 1 (IMO 9665451): Y","Panama","Bulk Dry","2022-10-31 15:53","Flooding/foundering - foundering","Very serious marine casualty","23° 59.50' N 120° 02.00' E","Taiwan Strait, close to the west coast of Taiwan","Strait/channel","1","Panama"
"C0013935","1","ARDENT (IMO 9456642)","ARDENT (IMO 9456642): ","Ireland","Fish Catching","2022-10-31 15:15","Occupational accident - overflow, overturn, leak, flow,
vaporization, emission of material agent","Marine casualty","53° 43.00' N 6° 13.99' W","North Atlantic Ocean - Irish Sea, North Atlantic Ocean - North Atlantic Ocean","Open sea","1","Ireland"
"C1000269","1","GUARDIAN 2 (IMO 9786396)","GUARDIAN 2 (IMO 9786396): Y","Nigeria","Offshore Supply","2022-10-30 11:35","Occupational accident - Others","Marine casualty","4° 23.00' N 8° 12.00' E","UBIT OIL FIELD OFFSHORE","Coastal waters","1","Nigeria"
"C1000321","1","GUARDIAN 3 (IMO 9786396)","GUARDIAN 3 (IMO 9786396): Y","Nigeria","Offshore Supply","2022-10-30 11:35","Occupational accident - Others","Marine casualty","4° 23.00' N 8° 12.00' E","UBIT OIL FIELD OFFSHORE","Coastal waters","1","Nigeria"
"C1000259","1","PARAGON DAWN (IMO 9307932)","PARAGON DAWN (IMO 9307932): ","Singapore","Oil Tanker","2022-10-30 01:24","Fire/explosion - explosion","Very serious marine casualty","25° 12.89' N 55° 22.37' E","Port Khalid","At berth","1","United Arab Emirates"
"C1000317","1","Young Yong (IMO 9194127)","Young Yong (IMO 9194127): Y","Djibouti","Oil Tanker","2022-10-26 19:17","Grounding - while under power","Marine casualty","1° 07.67' N 103° 42.93' E","Singapore Strait","Strait/channel","1","Indonesia"
"C1000033","1","ARUBA PEARL (IMO 8313702)","ARUBA PEARL (IMO 8313702): Y","Bahamas","General Cargo","2022-10-26 10:25","Occupational accident - body movement under or with physical
stress (generally leading to an internal
injury)","Very serious marine casualty","32° 55.36' N 79° 56.02' W","Cooper River, Charleston, South Carolina","River","1","Bahamas"
"C1000169","1","TUCANA (IMO 9355472)","TUCANA (IMO 9355472): Y","Antigua and Barbuda","Container","2022-10-25 22:45","Occupational accident - overflow, overturn, leak, flow,
vaporization, emission of material agent","Very serious marine casualty","17° 41.00' N 87° 04.50' W","Honduras","Open sea","0",""
"C1000315","1","Ali Ka (IMO 9451226)","Ali Ka (IMO 9451226): Y","Malta","Chemical Tanker","2022-10-25 04:36","Contact - with fixed object","Marine casualty","51° 30.37' N 0° 33.50' E","River Thames","Port","1","United Kingdom"
"C1000350","1","LU YANG SHUN (IMO 9634880)","LU YANG SHUN (IMO 9634880): ","China","Bulk Dry","2022-10-22 18:00","Others - Others","Marine casualty","7° 28.00' S 150° 15.30' E","Solomon SEA","Open sea","1","Panama"
"C1000418","1","NAVIOS VENUS (IMO 9713492)","NAVIOS VENUS (IMO 9713492): ","Panama","Bulk Dry","2022-10-22 15:00","Collision - with other ship","Very serious marine casualty","8° 03.00' N 76° 56.00' E","Colachel, Kanyakumari, Tamil Nadu, india","Coastal waters","1","Panama"
"C1000107","1","ENERGY SUNRISE (IMO 9582544)","ENERGY SUNRISE (IMO 9582544): ","Panama","Bulk Dry","2022-10-21 23:10","Occupational accident - slipping, stumbling, falling of person to a
lower level","Very serious marine casualty","49° 38.20' N 140° 38.20' W","At Pacific Ocean Latitude 49º 38.2’ N; Longitude 1","Open sea","1","Panama"
"C1000227","1","Al-Sehamiya","Al-Sehamiya: ","Saudi Arabia","Yacht","2022-10-21 19:16","Grounding - while under power","Marine incident","27° 22.00' N 49° 45.00' E","Jubail","Coastal waters","0",""
"C1000493","1","UNI-PHOENIX (IMO 9202170)","UNI-PHOENIX (IMO 9202170): Y","Panama","Container","2022-10-20 15:56","Grounding - while under power","Marine incident","42° 10.05' N 41° 38.27' E","POTI PORT","Port approach","0",""
"C0013916","2","LUGARAIN, MIKA (IMO 8321656)","LUGARAIN: , MIKA (IMO 8321656): ","Italy, Denmark","Fish Catching, General Cargo","2022-10-19 05:10","Collision - with other ship","Very serious marine casualty","44° 28.00' N 12° 33.00' E","","Coastal waters","1","Italy"
"C1000108","1","GLOBAL JUPITER (IMO 9833436)","GLOBAL JUPITER (IMO 9833436): ","Panama","Chemical Tanker","2022-10-16 23:00","Unknown - Unknown","Marine incident","25° 40.08' N 122° 45.00' E","At sea off Taiwan","Open sea","1","Panama"
"C1000228","3","Port Osaka (IMO 9456367), PORT OSAKA (IMO 9838541), TAN BINH 134 (IMO 9236858)","Port Osaka (IMO 9456367): , PORT OSAKA (IMO 9838541): , TAN BINH 134 (IMO 9236858): ","Liberia, Liberia, Viet Nam","Bulk Dry, Bulk Dry, Bulk Dry","2022-10-16 22:45","Collision - with multiple ships","Marine incident","50° 12.00' N 26° 30.00' E","King abdullaziz port","Port","0",""
"C1000195","2","BC4010135, SAGA BEIJA-FLOR (IMO 9160798)","BC4010135: N, SAGA BEIJA-FLOR (IMO 9160798): Y","Canada, Hong Kong, China","Passenger, General Cargo","2022-10-15 10:50","Others - Others","Marine incident","49° 18.00' N 123° 06.00' W","Burnaby Shoal, British Columbia","Inland waters","1","Canada"
"C1000521","1","KELSEY 2 (IMO 9254214)","KELSEY 2 (IMO 9254214): ","Republic of Korea","Chemical Tanker","2022-10-15 02:40","Capsize/listing - capsize","Very serious marine casualty","24° 42.00' N 119° 07.00' E","20NM from the coast of Quanzhou City","Open sea","1","Republic of Korea"
"C1000014","1","YU MING (IMO 9613886)","YU MING (IMO 9613886): Y","China","Bulk Dry","2022-10-14 09:20","Occupational accident - slipping, stumbling, falling of person to a
lower level","Very serious marine casualty","22° 19.00' N 114° 04.00' E","Hong Kong, China","Anchorage","1","Hong Kong, China"
"C0013922","1","PJESKAR","PJESKAR: ","Croatia","General Cargo","2022-10-13 13:52","Occupational accident - breakage, bursting, splitting, fall or
collapse of material agent","Very serious marine casualty","44° 41.79' N 14° 50.19' E","Mediterranean Region - Adriatic Sea","Unknown","1","Croatia"
"C0013909","1","GUEOTEC (IMO 8912986)","GUEOTEC (IMO 8912986): ","France","Fish Catching","2022-10-13 12:41","Occupational accident - breakage, bursting, splitting, fall or
collapse of material agent","Very serious marine casualty","11° 51.00' S 13° 15.00' E","South Atlantic Ocean","Open sea","1","France"
"C0013867","1","MSC JEANNE (IMO 9135638)","MSC JEANNE (IMO 9135638): ","Liberia","Container","2022-10-10 08:05","Occupational accident - slipping, stumbling, falling of person to a
lower level","Marine casualty","51° 25.99' N 2° 36.00' E","","Open sea","1","Belgium"
"C0013900","1","Port Gdynia (IMO 9334387)","Port Gdynia (IMO 9334387): ","Malta","Container","2022-10-07 07:25","Occupational accident - slipping, stumbling, falling of person to a
lower level","Very serious marine casualty","1° 49.50' N 9° 44.10' E","","Port","1","Malta"
"C1000427","1","TSS PEARL (IMO 9339868)","TSS PEARL (IMO 9339868): ","Panama","Container","2022-10-05 16:19","Fire/explosion - explosion","Very serious marine casualty","17° 33.00' N 40° 33.00' E","AGUAS JURIDICCIONALES DE ARABIA SAUDITA","Coastal waters","1","Panama"
"C0013841","1","MADIANA","MADIANA: ","France","Fish Catching","2022-10-03 13:20","Occupational accident - slipping, stumbling, falling of person
overboard","Marine casualty","48° 40.25' N 2° 10.99' W","","Coastal waters","1","France"
"C0013779","1","FILIPA MIGUEL (IMO 8686927)","FILIPA MIGUEL (IMO 8686927): ","Portugal","Fish Catching","2022-09-27 05:00","Fire/explosion - fire","Very serious marine casualty","38° 57.66' N 18° 57.58' W","North Atlantic Ocean - North Atlantic Ocean","Open sea","2","Portugal; Portugal"
"C1000480","1","ZEPHYR I (IMO 9255880)","ZEPHYR I (IMO 9255880): Y","Unknown","Oil Tanker","2022-09-27 04:17","Collision - with other ship","Marine casualty","1° 34.93' N 102° 52.65' E","","Coastal waters","1","Panama"
"C0013899","1","VS Salome (IMO 9382114)","VS Salome (IMO 9382114): ","Malta","Chemical Tanker","2022-09-26 13:54","Occupational accident - slipping, stumbling, falling of person
overboard","Very serious marine casualty","54° 44.90' N 1° 09.30' W","North Atlantic Ocean - North Sea","Coastal waters","1","Malta"
"C0013907","1","MILAGRO (IMO 9465708)","MILAGRO (IMO 9465708): ","Malta","Bulk Dry","2022-09-26 09:45","Occupational accident - electrical problems, explosion, fire","Marine casualty","37° 31.99' N 130° 20.00' E","South China and Eastern Archipelagic Seas","Open sea","1","Malta"
"C1000231","1","SEA EAGLE (IMO 8410380)","SEA EAGLE (IMO 8410380): Y","Togo","General Cargo","2022-09-18 01:20","Capsize/listing - capsize","Very serious marine casualty","36° 36.00' N 36° 11.00' E","LimakPort İskenderun / Hatay / Türkiye","At berth","0",""
"C0013905","1","CAP HORN I (IMO 9246968)","CAP HORN I (IMO 9246968): ","France","Fish Catching","2022-09-17 22:06","Occupational accident - slipping, stumbling, falling of person
overboard","Very serious marine casualty","50° 24.00' S 68° 01.00' E","Indian Ocean","Open sea","1","France"
"C0013898","1","Mona (IMO 9101534)","Mona (IMO 9101534): ","Malta","General Cargo","2022-09-14 17:30","Ship/equipment damage - ship/equipment damage","Marine casualty","38° 34.79' N 25° 45.49' E","Mediterranean Region - Aegean Sea","Coastal waters","2","Malta; Malta"
"C0013773","1","NORDLAND","NORDLAND: ","Sweden","Other Activities","2022-09-11 02:00","Fire/explosion - fire","Very serious marine casualty","59° 15.10' N 13° 19.36' E","","Inland waters","1","Sweden"
"C1000215","1","I-Catcher","I-Catcher: N","New Zealand","Passenger","2022-09-10 10:05","Capsize/listing - capsize","Very serious marine casualty","42° 29.03' S 173° 32.29' E","Kaikoura, New Zealand","Coastal waters","1","New Zealand"
"C0013970","2","HELGE (IMO 9677404), Wild Cosmos (IMO 9181132)","HELGE (IMO 9677404): , Wild Cosmos (IMO 9181132): ","Netherlands (Kingdom of), Bahamas","General Cargo, Refrigerated Cargo","2022-09-09 05:14","Collision - with other ship","Very serious marine casualty","56° 24.99' N 7° 31.00' E","North Atlantic Ocean - North Sea","Open sea","1","Netherlands (Kingdom of)"
"C1000273","1","MATRIX ASA (IMO 9183582)","MATRIX ASA (IMO 9183582): Y","Nigeria","Tanker","2022-09-06 10:12","Occupational accident - Others","Very serious marine casualty","6° 47.59' N 3° 30.00' E","LAGOS ANCHORAGE","Anchorage","1","Nigeria"
"C1000329","1","MATRIX ASA (IMO 9183582)","MATRIX ASA (IMO 9183582): Y","Nigeria","Chemical Tanker","2022-09-06 10:12","Occupational accident - Others","Very serious marine casualty","6° 00.46' N 3° 00.30' E","LAGOS ANCHORAGE","Anchorage","1","Nigeria"
"C0013843","1","CINTHARTH (IMO 9222596)","CINTHARTH (IMO 9222596): ","France","Fish Catching","2022-08-31 14:26","Flooding/foundering - foundering","Very serious marine casualty","48° 32.57' N 9° 56.77' W","North Atlantic Ocean - North Atlantic Ocean, North Atlantic Ocean - Celtic Sea","Open sea","1","France"
"C1000232","2","ENDURANCE (IMO 9647318), GISAS POWER (IMO 9876529)","ENDURANCE (IMO 9647318): Y, GISAS POWER (IMO 9876529): N","Antigua and Barbuda, Türkiye","General Cargo, Towing / Pushing","2022-08-31 13:30","Others - Others","Very serious marine casualty","40° 51.09' N 29° 16.10' E","Tuzla Shipyard Area / İstanbul / Türkiye","Port approach","1","Türkiye"
"C1000048","1","ARROYO DEL MEDIO","ARROYO DEL MEDIO: N","Argentina","Other Dry Cargo","2022-08-30 12:00","Flooding/foundering - foundering","Very serious marine casualty","33° 18.00' S 60° 01.20' W","Zona de Islas, Entre Ríos","River","1","Argentina"
"C0013767","3","ADAM LNG (IMO 9501186), ADAM LNG (IMO 9501186), OS 35 (IMO 9172399)","ADAM LNG (IMO 9501186): , ADAM LNG (IMO 9501186): , OS 35 (IMO 9172399): ","Marshall Islands, Marshall Islands, Tuvalu",", Liquefied Gas, Bulk Dry","2022-08-29 22:11","","Very serious marine casualty","36° 06.40' N 5° 21.60' W","Bay of Gibraltar (British Gibraltar Territorial Waters)","","1","Gibraltar (United Kingdom)"
"C0013887","1","STENA SCANDICA (IMO 9329849)","STENA SCANDICA (IMO 9329849): ","Denmark","Passenger/Ro-Ro Cargo","2022-08-29 12:15","Fire/explosion - fire","Marine casualty","58° 14.53' N 19° 02.62' E","","Open sea","1","Denmark"
"C1000233","1","TORC (IMO 9544683)","TORC (IMO 9544683): Y","Malta","Chemical Tanker","2022-08-28 17:04","Occupational accident - electrical problems, explosion, fire","Marine casualty","40° 21.00' N 27° 57.00' E","Çelebi Bandırma Port Pier 5","At berth","1","Türkiye"
"C0013840","1","VARITA","VARITA: ","Latvia","Fish Catching","2022-08-28 12:50","Occupational accident - body movement without any physical
stress (generally leading to an external
injury)","Very serious marine casualty","57° 10.99' N 24° 03.99' E","Baltic Sea - Baltic Sea, Baltic Sea - Gulf of Riga","Coastal waters","1","Latvia"
"C1000491","1","HANA (IMO 9121613)","HANA (IMO 9121613): Y","Comoros","Tanker","2022-08-27 22:10","Occupational accident - Others","Very serious marine casualty","33° 49.59' N 136° 16.79' E","35NM east of Kumano city","Open sea","1","Republic of Korea"
"C0013623","1","CEG ORBIT (IMO 8906224)","CEG ORBIT (IMO 8906224): ","Finland","General Cargo","2022-08-26 01:30","Loss of control - loss of directional control","Marine casualty","54° 24.77' N 4° 21.71' W","","Open sea","3","Latvia; Latvia; Latvia"
"C1000234","2","KARAKUZ (IMO 9621558), PEARL","KARAKUZ (IMO 9621558): Y, PEARL: N","Russian Federation, United States","Tanker, Yacht","2022-08-25 20:40","Collision - with other ship","Very serious marine casualty","40° 17.50' N 26° 33.50' E","Turkish Straits / Strait of Çanakkale","Traffic separation scheme","1","Türkiye"
"C0013966","1","STEN ARNOLD (IMO 9371610)","STEN ARNOLD (IMO 9371610): ","Gibraltar (United Kingdom)","Chemical Tanker","2022-08-21 15:04","Grounding - while under power","Marine casualty","53° 52.02' N 9° 16.45' E","","Strait/channel","2","Germany; Germany"
"C0013954","1","HUCKLEBERRY FINN (IMO 8618358)","HUCKLEBERRY FINN (IMO 8618358): ","Sweden","Passenger/Ro-Ro Cargo","2022-08-19 21:00","Occupational accident - body movement without any physical
stress (generally leading to an external
injury)","Very serious marine casualty","55° 22.04' N 13° 09.12' E","","Port","1","Sweden"
"C0013790","2","ANDR E LARA, ZORRO","ANDR E LARA: , ZORRO: ","France, Portugal","Fish Catching, Fish Catching","2022-08-18 23:30","Collision - with other ship","Very serious marine casualty","37° 01.35' N 7° 50.11' W","North Atlantic Ocean - North Atlantic Ocean","Port","1","Portugal"
"C1000096","1","CAPE SWAN (IMO 9552381)","CAPE SWAN (IMO 9552381): ","Liberia","Bulk Dry","2022-08-17 16:30","Occupational accident - Others","Very serious marine casualty","7° 37.00' N 82° 41.00' E","Indian Ocean","Open sea","1","Liberia"
"C1000109","1","DK ITONIA (IMO 9643647)","DK ITONIA (IMO 9643647): ","Republic of Korea","General Cargo","2022-08-17 05:00","Collision - with other ship","Marine casualty","36° 46.77' N 125° 57.33' E","","Unknown","1","Panama"
"C1000268","1","KOMMANDOR ORCA (IMO 9352377)","KOMMANDOR ORCA (IMO 9352377): ","United Kingdom","Offshore Supply","2022-08-16 09:00","Occupational accident - loss of control of machine, means of
transport or handling equipment,
hand-held tool, object, animal","Marine casualty","50° 34.24' N 2° 25.95' W","","At berth","0",""
"C1000082","1","COSCO WUYISHAN (IMO 9418303)","COSCO WUYISHAN (IMO 9418303): ","Hong Kong, China","Bulk Dry","2022-08-15 20:30","Occupational accident - electrical problems, explosion, fire","Very serious marine casualty","19° 26.87' N 95° 48.20' W","","Unknown","1","Hong Kong, China"
"C1000052","1","PRIMERA MARÍA MADRE","PRIMERA MARÍA MADRE: N","Argentina","Fish Catching","2022-08-13 16:00","Flooding/foundering - foundering","Very serious marine casualty","36° 07.09' S 57° 13.50' W","Bahía Samborombón","Coastal waters","1","Argentina"
"C1000193","1","PEACE (IMO 9553983)","PEACE (IMO 9553983): Y","Bulgaria","General Cargo","2022-08-11 17:22","Occupational accident - Slipping, stumbling, falling of a person on
the same level","Marine casualty","14° 34.00' N 61° 05.67' W","Marinique","Port","0",""
"C0013897","2","LE YAKUZA'S BOAT, RUM N'FISHING","LE YAKUZA'S BOAT: , RUM N'FISHING: ","France, France","Other Activities, Other Activities","2022-08-05 23:34","Collision - with other ship","Very serious marine casualty","14° 35.29' N 61° 03.93' W","North Atlantic Ocean - North Atlantic Ocean","Unknown","2","France; France"
"C1000053","1","PESCARGEN IV (IMO 7321362)","PESCARGEN IV (IMO 7321362): N","Argentina","Fish Catching","2022-08-05 15:30","Flooding/foundering - foundering","Very serious marine casualty","42° 44.29' S 65° 01.70' W","","Port","1","Argentina"
"C1000019","1","PETER OLDENDORFF (IMO 9464663)","PETER OLDENDORFF (IMO 9464663): Y","Liberia","Bulk Dry","2022-08-03 10:02","Occupational accident - Others","Very serious marine casualty","54° 30.87' N 13° 38.00' E","Germany","Port","2","Germany; Liberia"
"C1000164","1","VISHVA VIJETA (IMO 9621699)","VISHVA VIJETA (IMO 9621699): Y","India","Bulk Dry","2022-07-31 20:00","Occupational accident - slipping, stumbling, falling of person
overboard","Very serious marine casualty","5° 56.59' N 8° 12.60' E","OPL Galle, Sri Lanka","Port","1","India"
"C1000110","1","ZEFYROS (IMO 9515917)","ZEFYROS (IMO 9515917): ","Panama","Chemical Tanker","2022-07-29 08:00","Others - Others","Very serious marine casualty","39° 49.00' N 75° 24.00' W","","Anchorage","1","Panama"
"C1000129","1","MARITIME GRACIOUS (IMO 9853527)","MARITIME GRACIOUS (IMO 9853527): Y","Singapore","Chemical Tanker","2022-07-29 00:54","Contact - with fixed object","Marine incident","17° 58.58' N 76° 50.20' W","","Port","0",""
"C0013984","1","MAGNIFICA (IMO 9374234)","MAGNIFICA (IMO 9374234): ","Italy","Chemical Tanker","2022-07-26 03:24","Occupational accident - breakage, bursting, splitting, fall or
collapse of material agent","Very serious marine casualty","51° 20.64' N 4° 16.66' E","North Atlantic Ocean - North Sea","Port","1","Belgium"
"C0013906","1","MORSKA VILA","MORSKA VILA: ","Croatia","Passenger","2022-07-24 02:01","Flooding/foundering - foundering","Marine casualty","43° 30.32' N 16° 25.89' E","Mediterranean Region - Adriatic Sea","Port","1","Croatia"
"C0013747","1","BUNUN QUEEN (IMO 9912438)","BUNUN QUEEN (IMO 9912438): ","Liberia","Bulk Dry","2022-07-23 13:14","Collision - with other ship","Marine casualty","28° 00.00' N 90° 20.62' W","Southwest Pass GOM","Open sea","1","Liberia"
"C1000103","1","TRF MANDAL (IMO 9732773)","TRF MANDAL (IMO 9732773): ","Marshall Islands","Chemical Tanker","2022-07-23 13:00","Occupational accident - Others","Very serious marine casualty","18° 52.90' N 72° 12.50' E","Indian Ocean","Coastal waters","1","Marshall Islands"
"C0013765","1","SONILAND (IMO 9155949)","SONILAND (IMO 9155949): ","Gibraltar (United Kingdom)","General Cargo","2022-07-22 15:10","","Marine incident","","Riga Shipyard","","0",""
"C0013766","1","SCHILLPLATE (IMO 9505285)","SCHILLPLATE (IMO 9505285): ","Gibraltar (United Kingdom)","General Cargo","2022-07-21 14:30","","Marine incident","","Belfast","","0",""
"C0013868","1","Sunny Isles (IMO 9396775)","Sunny Isles (IMO 9396775): ","Malta","Chemical Tanker","2022-07-18 14:15","Occupational accident - breakage, bursting, splitting, fall or
collapse of material agent","Very serious marine casualty","21° 45.99' N 59° 58.00' E","Indian Ocean","Open sea","1","Malta"
"C1000235","2","ALHENA (IMO 9538141), YALOVA PILOT 2","ALHENA (IMO 9538141): Y, YALOVA PILOT 2: N","Bahamas, Türkiye","Chemical Tanker, Other Activities","2022-07-18 12:40","Occupational accident - slipping, stumbling, falling of person
overboard","Very serious marine casualty","40° 42.20' N 29° 21.60' E","Yalova Anchorage Area / Türkiye","Anchorage","1","Türkiye"
"C1000102","1","HAFNIA ADAMITE (IMO 9727546)","HAFNIA ADAMITE (IMO 9727546): Y","Marshall Islands","Chemical Tanker","2022-07-18 09:30","Others - Others","Very serious marine casualty","40° 17.79' N 13° 57.40' E","Mediterannean","Open sea","1","Marshall Islands"
"C0013735","1","NUSA PENIDA (IMO 8328317)","NUSA PENIDA (IMO 8328317): ","Indonesia","Passenger/Ro-Ro Cargo","2022-07-16 17:00","","Very serious marine casualty","8° 44.36' S 116° 03.55' E","Indonesia","","0",""
"C0013869","1","SEABOARD PIONEER (IMO 9374454)","SEABOARD PIONEER (IMO 9374454): ","Liberia","Container","2022-07-12 22:25","","Very serious marine casualty","","Kingston Harbour","","0",""
"C0013846","1","Eurocargo Catania (IMO 9503627)","Eurocargo Catania (IMO 9503627): ","Malta","Ro-Ro Cargo","2022-07-09 20:05","Occupational accident - body movement without any physical
stress (generally leading to an external
injury)","Marine casualty","40° 40.37' N 14° 44.42' E","Mediterranean Region - Mediterranean Region","Port","1","Malta"
"C1000528","2","ASL OSPREY (IMO 9661493), CB100 -01","ASL OSPREY (IMO 9661493): Y, CB100 -01: N","Singapore, Singapore","Towing / Pushing, Barge","2022-07-07 18:50","Capsize/listing - capsize","Very serious marine casualty","18° 14.14' N 69° 43.15' E","Arabian Sea","Open sea","1","Singapore"
"C1000469","1","NAVIOS PHOENIX (IMO 9552276)","NAVIOS PHOENIX (IMO 9552276): Y","Panama","Bulk Dry","2022-07-07 08:00","Others - Others","Very serious marine casualty","44° 22.00' N 149° 58.20' E","International Waters, sailing on route from Yeosu South Korea to Roberts Banks Canada","Open sea","1","Panama"
"C1000111","1","QUATERDECIES (IMO 8504272)","QUATERDECIES (IMO 8504272): ","Panama","General Cargo","2022-07-07 01:16","Flooding/foundering - flooding","Very serious marine casualty","36° 51.00' N 19° 50.00' E","PYLOS, GRECIA","Coastal waters","1","Panama"
"C0013845","1","California Trader (IMO 9771664)","California Trader (IMO 9771664): ","Malta","Container","2022-07-06 13:15","Fire/explosion - fire","Marine casualty","6° 18.60' N 94° 44.89' E","Indian Ocean","Open sea","1","Malta"
"C1000119","1","ISABU (IMO 9751042)","ISABU (IMO 9751042): ","Republic of Korea","Research","2022-07-05 15:30","Collision - own ship not under way","Very serious marine casualty","4° 00.00' S 47° 00.00' E","","Unknown","1","Republic of Korea"
"C1000558","1","DD VIGILANT (IMO 9357432)","DD VIGILANT (IMO 9357432): Y","Panama","Bulk Dry","2022-07-05 04:00","Others - Others","Marine casualty","35° 57.79' N 125° 38.59' E","","Coastal waters","1","Panama"
"C1000186","1","Portland Bay (IMO 9276200)","Portland Bay (IMO 9276200): Y","Hong Kong, China","Bulk Dry","2022-07-04 04:50","Loss of control - loss of propulsion power","Marine casualty","34° 13.00' S 151° 20.00' E","Off the coast of New South Wales, Australia","Open sea","0",""
"C1000440","1","LOWLANDS COMFORT (IMO 9728136)","LOWLANDS COMFORT (IMO 9728136): Y","Panama","Bulk Dry","2022-07-04 03:00","Occupational accident - Others","Very serious marine casualty","13° 53.70' N 54° 43.50' E","","Coastal waters","1","Panama"
"C1000112","1","ABANOZ (IMO 9121857)","ABANOZ (IMO 9121857): ","Panama","Container","2022-07-03 03:45","Occupational accident - slipping, stumbling, falling of person
overboard","Marine casualty","44° 44.00' N 37° 47.00' E","","Unknown","1","Panama"
"C0013734","1","FU JIN 001 (IMO 7826180)","FU JIN 001 (IMO 7826180): ","China","Other Activities","2022-07-02 03:50","","Very serious marine casualty","21° 16.46' N 111° 22.45' E","China","","0",""
"C1000120","1","YUJIN ACE (IMO 9585120)","YUJIN ACE (IMO 9585120): ","Republic of Korea","General Cargo","2022-06-28 23:35","Collision - own ship not under way","Very serious marine casualty","2° 59.00' N 101° 21.00' E","","Unknown","1","Republic of Korea"
"C0013725","1","FOREST 6 (IMO 9947354)","FOREST 6 (IMO 9947354): ","Hong Kong, China","General Cargo","2022-06-27 00:00","","Very serious marine casualty","29° 21.72' N 34° 57.45' E","Jordan","","1","Hong Kong, China"
"C0013911","1","ROBIN HOOD (IMO 9087477)","ROBIN HOOD (IMO 9087477): ","Germany","Passenger/Ro-Ro Cargo","2022-06-26 13:00","Occupational accident - body movement without any physical
stress (generally leading to an external
injury)","Marine casualty","54° 09.01' N 12° 05.85' E","","Port","1","Germany"
"C1000472","1","THERMAIKOS (IMO 9802255)","THERMAIKOS (IMO 9802255): Y","Liberia","Bulk Dry","2022-06-23 22:45","Fire/explosion - fire","Marine casualty","51° 05.30' N 3° 45.09' E","Gent ( Belgium)","At berth","1","Panama"
"C1000308","1","BERGE MAWSON (IMO 9738868)","BERGE MAWSON (IMO 9738868): Y","Isle of Man (United Kingdom)","Bulk Dry","2022-06-22 13:24","Occupational accident - slipping, stumbling, falling of person to a
lower level","Very serious marine casualty","3° 29.18' N 117° 53.45' E","Bunyu Island Anchorage","Anchorage","1","United Kingdom"
"C1000722","1","LIMCO LOGGER (IMO 9438810)","LIMCO LOGGER (IMO 9438810): Y","Panama","Other Bulk Dry","2022-06-22 07:30","Occupational accident - Others","Marine casualty","4° 17.77' S 151° 52.88' E","","Anchorage","1","Panama"
"C0013780","1","GULF BARAKAH (IMO 9464314)","GULF BARAKAH (IMO 9464314): ","Liberia","Container","2022-06-22 00:00","","Very serious marine casualty","","Indian Ocean","","1","Liberia"
"C1000163","1","PRINCESS MIRAL (IMO 9016727)","PRINCESS MIRAL (IMO 9016727): Y","Belize","General Cargo","2022-06-21 11:10","Grounding - while under power","Very serious marine casualty","12° 45.40' N 74° 50.90' E","Off Managlore Coast, India","Coastal waters","1","India"
"C1000563","1","MSC RACHELE (IMO 9290282)","MSC RACHELE (IMO 9290282): Y","Panama","Container","2022-06-21 08:43","Fire/explosion - explosion","Marine casualty","42° 42.79' N 5° 57.29' E","","Open sea","1","Panama"
"C0013910","1","ROBIN HOOD (IMO 9087477)","ROBIN HOOD (IMO 9087477): ","Germany","Passenger/Ro-Ro Cargo","2022-06-19 20:09","Occupational accident - body movement without any physical
stress (generally leading to an external
injury)","Marine incident","55° 22.00' N 13° 09.99' E","Baltic Sea - Baltic Sea","Port","1","Germany"
"C0013695","1","NORD MAGIC (IMO 9392793)","NORD MAGIC (IMO 9392793): ","Denmark","Chemical Tanker","2022-06-17 15:00","Occupational accident - overflow, overturn, leak, flow,
vaporization, emission of material agent","Very serious marine casualty","22° 09.91' N 91° 47.70' E","Indian Ocean","Coastal waters","3","Denmark; Denmark; Denmark"
"C1000217","2","Abazon (IMO 9121857), SUN UNICORN (IMO 9178422)","Abazon (IMO 9121857): , SUN UNICORN (IMO 9178422): ","Panama, Palau","Container, General Cargo","2022-06-15 02:45","Collision - own ship not under way","Marine casualty","73° 33.65' N 109° 31.95' E","Novorossiysk Seaport, Russian Federation","Unknown","1","Palau"
"C0013955","1","Virgo (IMO 7504213)","Virgo (IMO 7504213): ","Sweden","Other Activities","2022-06-14 09:12","Grounding - while under power","Marine casualty","79° 46.99' N 11° 28.00' E","","Archipelagos","1","Sweden"
"C0013627","1","FREJA","FREJA: ","Denmark","Fish Catching","2022-06-13 04:30","Fire/explosion - fire","Marine casualty","55° 12.68' N 8° 34.40' E","","Open sea","3","Denmark; Denmark; Denmark"
"C1000066","1","CURACAO PEARL (IMO 8308147)","CURACAO PEARL (IMO 8308147): Y","Bahamas","General Cargo","2022-06-10 10:25","Occupational accident - slipping, stumbling, falling of person to a
lower level","Very serious marine casualty","8° 25.79' N 13° 20.79' W","Freetown, Sierra Leone","Anchorage","1","Bahamas"
"C0013640","1","HENRIETTE SAND (IMO 7829235)","HENRIETTE SAND (IMO 7829235): ","Denmark","Dredging","2022-06-09 16:02","Flooding/foundering - foundering","Very serious marine casualty","56° 32.06' N 10° 42.77' E","","Port","2","Denmark; Denmark"
"C0013775","1","MSC CARLA 3 (IMO 9124512)","MSC CARLA 3 (IMO 9124512): ","Liberia","Container","2022-06-09 10:15","","Very serious marine casualty","37° 49.04' N 144° 29.03' E","Pacific Ocean off Australia","","1","Liberia"
"C0013723","1","DUMAI LINE 5 (IMO 9785213)","DUMAI LINE 5 (IMO 9785213): ","Indonesia","Passenger","2022-06-08 21:15","","Very serious marine casualty","1° 07.11' N 103° 55.38' E","Indonesia","","0",""
"C1000514","1","BIN HAI 607 (IMO 9210775)","BIN HAI 607 (IMO 9210775): ","China","Oil Tanker","2022-06-07 17:02","Occupational accident - Others","Very serious marine casualty","39° 53.38' N 119° 33.43' E","Qinhuangdao","Port","1","China"
"C1000068","1","SEACROSS (IMO 9297890)","SEACROSS (IMO 9297890): ","Bahamas","Oil Tanker","2022-06-06 11:25","Occupational accident - breakage, bursting, splitting, fall or
collapse of material agent","Very serious marine casualty","38° 01.89' N 23° 29.86' E","Talos, Greece","At berth","1","Bahamas"
"C1000114","1","GLOBAL KING 1 (IMO 9394727)","GLOBAL KING 1 (IMO 9394727): ","Panama","Chemical Tanker","2022-06-06 06:42","Flooding/foundering - flooding","Very serious marine casualty","21° 36.00' N 68° 00.00' E","","Open sea","1","Panama"
"C0013751","1","Sl TWEETY (IMO 9246322)","Sl TWEETY (IMO 9246322): ","Liberia","Container","2022-06-06 03:45","","Marine incident","","36°14'0"N, 34°21'0"E","","0",""
"C0013844","1","Kiran Anatolia (IMO 9650171)","Kiran Anatolia (IMO 9650171): ","Malta","Bulk Dry","2022-06-05 09:40","Fire/explosion - fire","Very serious marine casualty","31° 32.70' N 29° 52.09' E","Mediterranean Region - Mediterranean Region","Open sea","1","Malta"
"C0013752","1","TORO (IMO 9208124)","TORO (IMO 9208124): ","Liberia","Chemical Tanker","2022-06-02 08:13","","Very serious marine casualty","24° 25.10' N 36° 35.90' E","Red Sea","","1","Liberia"
"C1000314","1","PIEDRAS (IMO 7504392)","PIEDRAS (IMO 7504392): Y","United Kingdom","Fish Catching","2022-06-01 12:34","Flooding/foundering - flooding","Very serious marine casualty","50° 44.00' N 11° 11.00' W","Atlantic Ocean","Open sea","1","United Kingdom"
"C1000054","1","MADRE INMACULADA","MADRE INMACULADA: N","Argentina","Fish Catching","2022-06-01 12:20","Occupational accident - slipping, stumbling, falling of person
overboard","Very serious marine casualty","38° 49.59' S 55° 32.40' W","ZEE Argentina","Open sea","1","Argentina"
"C1000123","1","CONCERTO (IMO 9743837)","CONCERTO (IMO 9743837): Y","Singapore","Chemical Tanker","2022-06-01 02:24","Others - Others","Very serious marine casualty","24° 33.58' N 120° 18.28' E","China","Open sea","1","Singapore"
"C1000055","1","BRIANNA CARMEN","BRIANNA CARMEN: N","Argentina","Fish Catching","2022-05-31 12:00","Flooding/foundering - foundering","Very serious marine casualty","40° 57.20' S 64° 39.59' W","Golfo San Matías, Río Negro","Coastal waters","1","Argentina"
"C1000557","1","CAPE MINERAL (IMO 9283681)","CAPE MINERAL (IMO 9283681): Y","Liberia","Bulk Dry","2022-05-31 11:15","Occupational accident - Others","Marine casualty","28° 53.54' S 32° 14.22' E","","Coastal waters","1","Panama"
"C0013632","1","HENDRIKA JACOBA (IMO 9877389)","HENDRIKA JACOBA (IMO 9877389): ","United Kingdom","Fish Catching","2022-05-29 03:15","Occupational accident - slipping, stumbling, falling of person
overboard","Very serious marine casualty","56° 42.06' N 8° 13.39' E","","Port","2","Denmark; Denmark"
"C1000104","2","HAPPY HIRO (IMO 9303390), JULITA S-2","HAPPY HIRO (IMO 9303390): Y, JULITA S-2: N","Marshall Islands, Philippines","Bulk Dry, Other Fishing","2022-05-28 17:30","Collision - with other ship","Very serious marine casualty","11° 21.87' N 121° 16.70' E","Sulu Sea","Coastal waters","1","Marshall Islands"
"C0013721","1","CETUS (IMO 8108949)","CETUS (IMO 8108949): ","Comoros","Oil Tanker","2022-05-27 00:00","","Very serious marine casualty","14° 44.29' N 70° 30.56' W","Aruba","","0",""
"C0013838","1","OPALINE (IMO 9424869)","OPALINE (IMO 9424869): ","Malta","Ro-Ro Cargo","2022-05-26 16:03","Occupational accident - breakage, bursting, splitting, fall or
collapse of material agent","Marine casualty","51° 53.86' N 4° 13.89' E","North Atlantic Ocean - North Sea","Port","1","Malta"
"C1000170","1","LEMLAND (IMO 9415040)","LEMLAND (IMO 9415040): Y","Antigua and Barbuda","General Cargo","2022-05-23 10:45","Others - Others","Very serious marine casualty","55° 27.12' N 8° 28.62' E","Esbjerg","At berth","1","Antigua and Barbuda"
"C1000176","1","PABLO C (IMO 7634343)","PABLO C (IMO 7634343): N","Argentina","Towing / Pushing","2022-05-23 09:20","Occupational accident - loss of control of machine, means of
transport or handling equipment,
hand-held tool, object, animal","Very serious marine casualty","38° 53.47' S 62° 06.17' W","Base Naval Puerto Belgrano","Port approach","1","Argentina"
"C1000724","1","TAIRYU (IMO 9774317)","TAIRYU (IMO 9774317): Y","Panama","Bulk Dry","2022-05-23 08:00","Occupational accident - Others","Marine casualty","32° 44.20' N 135° 17.29' E","","Coastal waters","1","Panama"
"C1000202","1","ANGY","ANGY: ","Ecuador","Passenger","2022-05-23 01:20","Capsize/listing - capsize","Very serious marine casualty","0° 47.00' S 90° 20.00' W","","Archipelagos","1","Ecuador"
"C1000083","1","GRAND DEMETER (IMO 9445174)","GRAND DEMETER (IMO 9445174): Y","Hong Kong, China","Bulk Dry","2022-05-22 17:56","Occupational accident - slipping, stumbling, falling of person to a
lower level","Marine incident","20° 34.40' N 108° 08.80' E","","Open sea","1","Hong Kong, China"
"C0013853","1","RENILDE","RENILDE: ","Belgium","Fish Catching","2022-05-19 20:45","Grounding - while under power","Marine casualty","51° 10.43' N 2° 46.22' E","North Atlantic Ocean - North Sea","Open sea","1","Belgium"
"C1000067","1","JUPITER (IMO 9287194)","JUPITER (IMO 9287194): Y","Bahamas","Bulk Dry","2022-05-17 10:45","Occupational accident - overflow, overturn, leak, flow,
vaporization, emission of material agent","Very serious marine casualty","21° 52.08' N 108° 34.00' E","Qinzhou, China","Anchorage","1","Bahamas"
"C1000189","2","CMA CGM BELLINI (IMO 9280598), OOCL BRISBANE (IMO 9445502)","CMA CGM BELLINI (IMO 9280598): , OOCL BRISBANE (IMO 9445502): ","Malta, Hong Kong, China","Container, Container","2022-05-16 13:00","Ship/equipment damage - ship/equipment damage","Marine incident","27° 22.20' S 153° 10.22' E","Brisbane","Unknown","0",""
"C1000201","1","CORMORANT 1 (IMO 9635339)","CORMORANT 1 (IMO 9635339): ","Ecuador","Passenger","2022-05-11 01:20","Fire/explosion - fire","Very serious marine casualty","0° 14.00' S 90° 51.00' W","Galapagos Islands","Unknown","1","Ecuador"
"C1000471","1","LF (IMO 9243502)","LF (IMO 9243502): Y","Panama","Bulk Dry","2022-05-10 13:30","Others - Others","Very serious marine casualty","13° 13.10' N 73° 37.09' E","At Northwest West of Port of Mangalore, India about 73 miles","Open sea","1","Panama"
"C0013722","1","AKUA (IMO 8826369)","AKUA (IMO 8826369): ","Vanuatu","General Cargo","2022-05-10 11:30","","Very serious marine casualty","45° 21.00' N 37° 19.56' E","The Russian Federation","","0",""
"C1000084","1","WEI HE (IMO 9601091)","WEI HE (IMO 9601091): ","Hong Kong, China","Bulk Dry","2022-05-09 19:02","Occupational accident - Others","Very serious marine casualty","24° 49.79' N 66° 58.59' E","","Unknown","1","Hong Kong, China"
"C1000185","1","ROSCO POPLAR (IMO 9336878)","ROSCO POPLAR (IMO 9336878): ","Hong Kong, China","Bulk Dry","2022-05-04 03:13","Others - Others","Marine incident","19° 55.40' S 150° 18.60' E","Hydrogrpahers Passage","Strait/channel","0",""
"C0013981","1","HERBEIRA (IMO 9439216)","HERBEIRA (IMO 9439216): ","Spain","General Cargo","2022-05-02 12:25","Occupational accident - overflow, overturn, leak, flow,
vaporization, emission of material agent","Marine casualty","28° 09.41' N 15° 23.91' W","","Port","1","Spain"
"C1000124","1","GLORY CHALLENGER (IMO 9675042)","GLORY CHALLENGER (IMO 9675042): Y","Singapore","General Cargo","2022-05-02 10:15","Collision - own ship not under way","Very serious marine casualty","1° 40.79' N 105° 52.90' E","EAST MALAYSIA","Open sea","1","Singapore"
"C0013625","1","INDIANA JONES (IMO 8806149)","INDIANA JONES (IMO 8806149): ","Germany","Bulk Dry / Oil","2022-04-28 08:00","Contact - with fixed object","Marine casualty","34° 43.69' N 34° 17.03' E","","Coastal waters","2","Cyprus; Cyprus"
"C1000432","1","EFFICIENCY OL (IMO 9491666)","EFFICIENCY OL (IMO 9491666): Y","Panama","General Cargo","2022-04-27 08:20","Others - Others","Very serious marine casualty","34° 36.90' N 10° 47.79' E","","Anchorage","1","Panama"
"C1000018","2","DA FA Number 1, LIA (IMO 9417751)","DA FA Number 1: N, LIA (IMO 9417751): Y","China, Liberia","Fish Catching, General Cargo","2022-04-26 00:25","Collision - with other ship","Very serious marine casualty","22° 30.00' N 121° 17.00' E","South East Coast of Taiwan, China","Coastal waters","1","Liberia"
"C1000115","1","OJAS (IMO 9451757)","OJAS (IMO 9451757): ","Panama","Bulk Dry","2022-04-25 06:42","Others - Others","Marine casualty","31° 30.02' N 2° 33.08' E","South Atlantic Ocean and North-West of Cape Town,","Open sea","1","Panama"
"C0013543","1","Kazu I .","Kazu I .: ","Japan","Other Activities","2022-04-23 01:15","","Marine casualty","","Northernmost Japanese main island of Hokkaido","","0",""
"C0013717","1","ALBATROS (IMO 8978992)","ALBATROS (IMO 8978992): ","Ecuador","Passenger","2022-04-23 00:00","","Very serious marine casualty","0° 45.00' S 90° 18.18' W","Ecuador","","1","Ecuador"
"C1000085","1","Great Century (IMO 9796999)","Great Century (IMO 9796999): Y","Hong Kong, China","Bulk Dry","2022-04-22 14:40","Occupational accident - slipping, stumbling, falling of person to a
lower level","Very serious marine casualty","35° 06.80' N 119° 48.79' E","","Open sea","1","Hong Kong, China"
"C1000219","1","KAIROS (IMO 8921602)","KAIROS (IMO 8921602): Y","Russian Federation","Fish Catching","2022-04-21 17:13","Occupational accident - breakage, bursting, splitting, fall or
collapse of material agent","Very serious marine casualty","47° 13.89' N 152° 26.70' E","Pacific Ocean","Open sea","2","Russian Federation; Russian Federation"
"C0013716","1","NCC SAFA (IMO 9411329)","NCC SAFA (IMO 9411329): ","Saudi Arabia","Chemical Tanker","2022-04-20 00:00","","Very serious marine casualty","52° 31.02' N 4° 18.15' E","The Netherlands","","0",""
"C1000086","1","WISDOM VENTURE (IMO 9773741)","WISDOM VENTURE (IMO 9773741): ","Hong Kong, China","Oil Tanker","2022-04-19 16:10","Occupational accident - body movement under or with physical
stress (generally leading to an internal
injury)","Very serious marine casualty","18° 56.70' N 72° 56.29' E","","Unknown","2","Hong Kong, China; India"
"C0013714","1","TRUONG NGUYEN 68 (IMO 8667256)","TRUONG NGUYEN 68 (IMO 8667256): ","Viet Nam","General Cargo","2022-04-19 10:00","","Very serious marine casualty","20° 56.36' N 106° 36.02' E","Viet Nam,","","0",""
"C0013715","1","GENERAL ROMULO (IMO 9160499)","GENERAL ROMULO (IMO 9160499): ","Philippines","Container","2022-04-17 09:40","","Very serious marine casualty","10° 12.55' N 123° 49.09' E","The Philippines","","1","Philippines"
"C1000260","1","AL SALMY 6 (IMO 7728596)","AL SALMY 6 (IMO 7728596): ","United Arab Emirates","Ro-Ro Cargo","2022-04-17 02:01","Flooding/foundering - foundering","Very serious marine casualty","27° 27.86' N 52° 36.15' E","30 miles from Asaluyeh port (Bushehr Province, Isl","Unknown","0",""
"C0013719","1","CHUANG YI (IMO 9196656)","CHUANG YI (IMO 9196656): ","Panama","Chemical Tanker","2022-04-16 15:15","","Very serious marine casualty","21° 40.25' N 117° 08.31' E","China","","1","Panama"
"C0013794","1","CMA CGM Lisa Marie (IMO 9729099)","CMA CGM Lisa Marie (IMO 9729099): ","Malta","Container","2022-04-16 01:40","Fire/explosion - fire","Marine casualty","6° 06.12' N 95° 18.60' E","Indian Ocean","Coastal waters","1","Malta"
"C1000554","1","ALIMAS (IMO 9258624)","ALIMAS (IMO 9258624): Y","Panama","Oil Tanker","2022-04-15 06:00","Others - Others","Marine casualty","18° 42.00' N 63° 45.00' E","","Open sea","1","Panama"
"C1000007","1","EYSTURBUGVIN (IMO 9020974)","EYSTURBUGVIN (IMO 9020974): ","Faroes, Denmark","Fish Catching","2022-04-14 05:00","Collision - with other ship","Very serious marine casualty","60° 04.00' N 7° 31.00' W","Wyville Thomson Ridge","Open sea","2","Faroes, Denmark; Faroes, Denmark"
"C1000191","1","STB-1 (IMO 8120844)","STB-1 (IMO 8120844): ","Azerbaijan","Barge","2022-04-09 10:40","Contact - with floating object","Marine incident","40° 15.00' N 49° 39.00' E","","At berth","0",""
"C1000188","1","HAGEN OLDENDORFF (IMO 9870355)","HAGEN OLDENDORFF (IMO 9870355): ","Liberia","Bulk Dry","2022-04-09 01:39","Grounding - while under power","Marine casualty","20° 17.37' S 118° 35.43' E","Port Hedland","Port","0",""
"C0013917","1","SPEEDY GO!","SPEEDY GO!: ","Germany","Yacht","2022-04-08 12:19","Occupational accident - slipping, stumbling, falling of person
overboard","Very serious marine casualty","54° 53.20' N 9° 35.62' E","Baltic Sea - Baltic Sea","Coastal waters","1","Germany"
"C0013720","2","TRUONG NGUYEN 136 (IMO 9601481), VINAFCO 28 (IMO 9128984)","TRUONG NGUYEN 136 (IMO 9601481): , VINAFCO 28 (IMO 9128984): ","Viet Nam, Viet Nam","General Cargo, ","2022-04-07 04:30","","Very serious marine casualty","14° 33.09' N 109° 12.31' E","Viet Nam","","0",""
"C0013792","1","CMA CGM Rabelais (IMO 9406635)","CMA CGM Rabelais (IMO 9406635): ","Malta","Container","2022-04-06 20:00","Fire/explosion - fire","Marine casualty","6° 18.99' N 94° 30.00' E","Indian Ocean","Open sea","1","Malta"
"C1000051","1","BGP PROSPECTOR (IMO 9545986)","BGP PROSPECTOR (IMO 9545986): U","Bahamas","Research","2022-04-05 20:02","Collision - with other ship","Very serious marine casualty","6° 27.79' N 55° 11.68' W","Coast of Suriname","Coastal waters","1","Bahamas"
"C1000424","1","AT HONOR (IMO 9316555)","AT HONOR (IMO 9316555): Y","Panama","Chemical Tanker","2022-04-05 18:00","Others - Others","Very serious marine casualty","9° 17.00' N 19° 19.00' E","ESPAÑA","Port approach","1","Panama"
"C1000200","1","TOKIO (IMO 7625457)","TOKIO (IMO 7625457): ","Ecuador","Towing / Pushing","2022-04-04 19:45","Capsize/listing - capsize","Very serious marine casualty","2° 16.00' S 79° 50.00' W","","Canal","1","Ecuador"
"C0013748","2","ACRA (IMO 9693410), SHAN GANG CHANG LONG 17 (IMO 9238234)","ACRA (IMO 9693410): , SHAN GANG CHANG LONG 17 (IMO 9238234): ","Liberia, China","Bulk Dry, ","2022-04-03 05:44","","Marine casualty","31° 12.77' N 123° 14.10' E","Zhangjiakou Waters","","0",""
"C0013786","1","SAIPEM FDS (IMO 9210749)","SAIPEM FDS (IMO 9210749): ","Bahamas","Other Offshore","2022-04-02 12:00","Occupational accident - slipping, stumbling, falling of person to a
lower level","Very serious marine casualty","34° 38.97' N 33° 02.27' E","","Coastal waters","1","Cyprus"
"C0013764","2","CONQUEROR (IMO 9275660), HERCULES 400 (IMO 9644952)","CONQUEROR (IMO 9275660): , HERCULES 400 (IMO 9644952): ","Gibraltar (United Kingdom), MAR (Portugal)","Oil Tanker, Oil Tanker","2022-04-01 19:47","","Marine incident","","Bay of Gibraltar (British Gibraltar Territorial Waters)","","0",""
"C1000087","1","TS TAICHUNG (IMO 9359727)","TS TAICHUNG (IMO 9359727): ","Marshall Islands","Container","2022-04-01 15:14","Others - Others","Marine incident","22° 20.12' N 114° 07.55' E","","At berth","1","Hong Kong, China"
"C1000126","1","NOZOMI (IMO 9558701)","NOZOMI (IMO 9558701): Y","Singapore","Bulk Dry","2022-04-01 10:30","Occupational accident - body movement under or with physical
stress (generally leading to an internal
injury)","Very serious marine casualty","2° 08.30' S 104° 59.29' E","Tanjung Api Api, Indonesia","Anchorage","1","Singapore"
"C0013936","1","KATTEGAT (IMO 9112765)","KATTEGAT (IMO 9112765): ","Cyprus","Passenger/Ro-Ro Cargo","2022-04-01 02:49","Collision - with other ship","Very serious marine casualty","28° 48.08' N 11° 09.72' W","","Coastal waters","1","Cyprus"
"C0013791","1","Seminole (IMO 8890396)","Seminole (IMO 8890396): ","Malta","General Cargo","2022-03-31 23:20","Occupational accident - slipping, stumbling, falling of person to a
lower level","Very serious marine casualty","44° 06.41' N 28° 39.57' E","Mediterranean Region - Black Sea","Port","1","Malta"
"C0013886","1","CMA CGM TITUS (IMO 9450636)","CMA CGM TITUS (IMO 9450636): ","France","Container","2022-03-29 23:46","Fire/explosion - fire","Marine casualty","18° 21.00' N 57° 51.00' E","","Open sea","1","France"
"C1000646","2","BJOERKOE (IMO 9376787), PAIVI (IMO 9434149)","BJOERKOE (IMO 9376787): , PAIVI (IMO 9434149): ","Cyprus, Cyprus","General Cargo, General Cargo","2022-03-29 10:50","Collision - with other ship","Marine casualty","54° 22.04' N 10° 04.53' E","","Strait/channel","1","Germany"
"C1000430","1","CAPE PROVIDENCE (IMO 9494228)","CAPE PROVIDENCE (IMO 9494228): Y","Panama","Bulk Dry","2022-03-29 07:10","Occupational accident - Others","Very serious marine casualty","43° 45.59' N 19° 09.00' W","","Open sea","1","Panama"
"C0013713","1","AMPAR 8 (IMO 8740101)","AMPAR 8 (IMO 8740101): ","Thailand","Oil Tanker","2022-03-27 13:40","","Very serious marine casualty","13° 14.10' N 100° 34.34' E","Thailand","","1","Thailand"
"C1000073","1","Enchanter","Enchanter: N","New Zealand","Other Fishing","2022-03-20 19:50","Capsize/listing - capsize","Very serious marine casualty","34° 24.87' S 173° 03.50' E","North Cape","Coastal waters","1","New Zealand"
"C1000498","1","BOZAT (IMO 9030462)","BOZAT (IMO 9030462): ","Panama","Bulk Dry","2022-03-19 07:38","Grounding - while under power","Marine incident","49° 29.00' N 2° 28.00' W","Roustel Beacon","Coastal waters","1","Guernsey (United Kingdom)"
"C1000049","1","DOLE CHILE (IMO 9185281)","DOLE CHILE (IMO 9185281): ","Bahamas","Container","2022-03-19 03:30","Occupational accident - body movement under or with physical
stress (generally leading to an internal
injury)","Very serious marine casualty","11° 14.31' N 74° 13.46' W","Santa Maria, Columbia","Port","1","Bahamas"
"C0013692","1","Stena Europe (IMO 7901760)","Stena Europe (IMO 7901760): ","United Kingdom","Passenger/Ro-Ro Cargo","2022-03-16 07:30","Collision - with other ship","Marine incident","52° 16.89' N 6° 22.32' W","","Port","1","Ireland"
"C1000203","1","SHEBELLE (IMO 9385594)","SHEBELLE (IMO 9385594): ","Ethiopia","General Cargo","2022-03-14 13:30","Collision - own ship not under way","Very serious marine casualty","18° 56.58' N 72° 57.08' E","","Unknown","1","Ethiopia"
"C0013618","1","INDUSTRIAL COURAGE (IMO 9810329)","INDUSTRIAL COURAGE (IMO 9810329): ","Portugal","General Cargo","2022-03-13 22:00","Others - Others","Marine incident","18° 12.00' S 72° 13.00' W","South Pacific Ocean - South Pacific Ocean E","Open sea","2","Portugal; Portugal"
"C1000088","1","JIA MAO SHAN (IMO 9602980)","JIA MAO SHAN (IMO 9602980): ","Hong Kong, China","Bulk Dry","2022-03-12 11:10","Occupational accident - slipping, stumbling, falling of person
overboard","Very serious marine casualty","20° 11.67' S 71° 27.29' W","","Unknown","1","Hong Kong, China"
"C1000564","1","HMM GDANSK (IMO 9863326)","HMM GDANSK (IMO 9863326): Y","Republic of Korea","Container","2022-03-12 04:00","Others - Others","Very serious marine casualty","54° 26.50' N 7° 00.10' E","","Coastal waters","1","Panama"
"C0013712","1","SMOOTH SEA 2 (IMO 8223660)","SMOOTH SEA 2 (IMO 8223660): ","Thailand","Oil Tanker","2022-03-09 09:05","","Very serious marine casualty","13° 38.27' N 100° 32.00' E","Thailand","","1","Thailand"
"C1000581","1","CARIB TRADER II (IMO 7396599)","CARIB TRADER II (IMO 7396599): Y","Saint Vincent and the Grenadines","General Cargo","2022-03-06 16:20","Flooding/foundering - flooding","Very serious marine casualty","21° 55.00' N 76° 15.00' W","Bahamas territorial waters","Coastal waters","1","United States"
"C1000267","1","NJORD (IMO 9048304)","NJORD (IMO 9048304): ","United Kingdom","Fish Catching","2022-03-06 13:45","Capsize/listing - capsize","Very serious marine casualty","58° 39.72' N 2° 21.78' E","","Open sea","0",""
"C0013646","1","TITRAN (IMO 9100188)","TITRAN (IMO 9100188): ","Norway","General Cargo","2022-03-06 11:00","Occupational accident - slipping, stumbling, falling of person
overboard","Very serious marine casualty","66° 26.59' N 12° 59.50' E","","Archipelagos","2","Norway; Norway"
"C1000026","1","ALM ARIES (IMO 9873034)","ALM ARIES (IMO 9873034): ","Panama","General Cargo","2022-03-05 04:38","Occupational accident - Others","Very serious marine casualty","10° 37.20' N 14° 38.40' W","KAMSAR PORT, GUINEA","Unknown","1","Panama"
"C1000236","2","ENKI (IMO 9237864), HÜRKUŞ","ENKI (IMO 9237864): Y, HÜRKUŞ: N","Saint Kitts and Nevis, Türkiye","Chemical Tanker, Other Activities","2022-03-03 12:25","Occupational accident - slipping, stumbling, falling of person
overboard","Very serious marine casualty","40° 57.00' N 28° 51.00' E","Anchorage Area C at the Southern Entrance of the İstanbul Strait / Türkiye","Anchorage","1","Türkiye"
"C1000184","1","CSC FRIENDSHIP (IMO 9344150)","CSC FRIENDSHIP (IMO 9344150): Y","Hong Kong, China","Tanker","2022-02-27 22:51","Grounding - while under power","Marine casualty","27° 24.37' S 153° 09.06' E","Port of Brisbane","Port","1","Australia"
"C0013762","2","KEY BORA (IMO 9316024), VIRAGE (IMO 9430882)","KEY BORA (IMO 9316024): , VIRAGE (IMO 9430882): ","Gibraltar (United Kingdom), Netherlands (Kingdom of)","Oil Tanker, ","2022-02-25 14:15","","Marine incident","","Rotterdam","","0",""
"C0013778","1","Pearl LNG (IMO 9862346)","Pearl LNG (IMO 9862346): ","Malta","Liquefied Gas","2022-02-23 14:35","Occupational accident - loss of control of machine, means of
transport or handling equipment,
hand-held tool, object, animal","Marine casualty","46° 53.89' N 6° 41.19' W","North Atlantic Ocean - Celtic Sea","Open sea","1","Malta"
"C0013711","1","VANDON ACE (IMO 8919958)","VANDON ACE (IMO 8919958): ","Mongolia","General Cargo","2022-02-23 13:58","","Very serious marine casualty","8° 59.22' N 109° 26.28' E","Viet Nam","","0",""
"C1000069","1","THE WORLD (IMO 9219331)","THE WORLD (IMO 9219331): ","Bahamas","Passenger","2022-02-19 14:44","Others - Others","Very serious marine casualty","10° 27.70' S 138° 40.40' W","Marquesas, French Polynesia","Anchorage","1","Bahamas"
"C0013750","1","SCORPIO HONOR (IMO 9488580)","SCORPIO HONOR (IMO 9488580): ","Liberia","Bulk Dry","2022-02-19 09:11","","Marine casualty","9° 33.36' N 117° 58.20' E","Berong Channel, Philippines","","0",""
"C1000479","1","EVER GRADE (IMO 9820855)","EVER GRADE (IMO 9820855): Y","Panama","Container","2022-02-18 11:45","Occupational accident - Others","Marine casualty","51° 56.59' N 1° 18.88' E","","Port","1","Panama"
"C0013710","1","EUROFERRY OLYMPIA (IMO 9010175)","EUROFERRY OLYMPIA (IMO 9010175): ","Italy","Passenger/Ro-Ro Cargo","2022-02-18 04:12","","Very serious marine casualty","39° 57.36' N 19° 37.04' E","Greece","","0",""
"C0013552","1","DANMARK (IMO 5086279)","DANMARK (IMO 5086279): ","Denmark","Other Offshore","2022-02-16 11:46","Occupational accident - slipping, stumbling, falling of person to a
lower level","Very serious marine casualty","55° 16.15' N 9° 53.24' E","Baltic Sea - Kattegat","Port","2","Denmark; Denmark"
"C0013736","1","FELICITY ACE (IMO 9293911)","FELICITY ACE (IMO 9293911): ","Panama","Ro-Ro Cargo","2022-02-16 09:32","","Very serious marine casualty","37° 29.29' N 30° 16.12' W","Portugal","","1","Panama"
"C1000261","1","VILLA DE PITANXO (IMO 9098244)","VILLA DE PITANXO (IMO 9098244): ","Spain","Fish Catching","2022-02-16 02:01","Flooding/foundering - foundering","Very serious marine casualty","55° 44.75' N 50° 58.68' W","off Newfoundland (Eastern Canada)","Unknown","0",""
"C1000192","1","MAHMUD REHIMOV (IMO 9114816)","MAHMUD REHIMOV (IMO 9114816): ","Azerbaijan","General Cargo","2022-02-14 03:10","Grounding - while drifting","Marine incident","43° 34.40' N 51° 13.00' E","","Anchorage","0",""
"C1000105","2","MANTA HULYA (IMO 9278818), RAZI","MANTA HULYA (IMO 9278818): Y, RAZI: N","Marshall Islands, Tunisia","Bulk Dry, Fish Catching","2022-02-12 05:40","Collision - with other ship","Very serious marine casualty","37° 27.60' N 10° 42.09' E","Mediterranean Sea","Coastal waters","1","Marshall Islands"
"C1000429","1","INDIGO MARCH (IMO 9530711)","INDIGO MARCH (IMO 9530711): Y","Panama","Bulk Dry","2022-02-12 03:52","Occupational accident - Others","Very serious marine casualty","1° 17.29' N 103° 59.00' E","","Anchorage","1","Panama"
"C0013749","1","YM MATURITY (IMO 9438535)","YM MATURITY (IMO 9438535): ","Liberia","Container","2022-02-10 09:18","","Marine incident","13° 13.18' N 121° 29.20' E","Berth 2 Shanghai, China","","1","Liberia"
"C1000238","1","OLMA (IMO 8004806)","OLMA (IMO 8004806): Y","Honduras","General Cargo","2022-02-09 09:17","Occupational accident - slipping, stumbling, falling of person to a
lower level","Very serious marine casualty","36° 43.70' N 34° 37.83' E","Mersin Port Anchorage Area No:2 / Türkiye","Anchorage","1","Türkiye"
"C0013709","1","TRESTA STAR (IMO 9869629)","TRESTA STAR (IMO 9869629): ","Mauritius","Oil Tanker","2022-02-03 21:00","Grounding - while drifting","Very serious marine casualty","21° 17.38' S 55° 48.47' E","Indian Ocean","Coastal waters","1","France"
"C0013884","2","BIENVENUE, MYLANOH","BIENVENUE: , MYLANOH: ","France, France","Fish Catching, Fish Catching","2022-02-03 20:28","Collision - with other ship","Very serious marine casualty","49° 35.39' N 0° 10.52' W","North Atlantic Ocean - English Channel, North Atlantic Ocean - North Atlantic Ocean","Open sea","1","France"
"C1000056","1","GIPSY V","GIPSY V: N","Argentina","Towing / Pushing","2022-02-02 19:30","Capsize/listing - capsize","Very serious marine casualty","47° 45.00' S 65° 54.00' W","Ría Deseado","Port approach","1","Argentina"
"C1000270","1","TRINITY SPIRIT (IMO 7370325)","TRINITY SPIRIT (IMO 7370325): ","Liberia","Other Offshore","2022-02-02 04:01","Fire/explosion - fire","Very serious marine casualty","5° 24.00' N 4° 04.44' E","UKPOKITI OIL FIELD","Coastal waters","1","Nigeria"
"C0013467","1","TRINITY SPIRIT (IMO 7370325)","TRINITY SPIRIT (IMO 7370325): ","Liberia","Other Offshore","2022-02-02 00:00","","Marine incident","","Ukpokiti Terminal, Nigeria ","","0",""
"C0013904","3","Julietta D (IMO 9590618), Pechora Star (IMO 9488322), Sovereign (IMO 9262742)","Julietta D (IMO 9590618): , Pechora Star (IMO 9488322): , Sovereign (IMO 9262742): ","Malta, Malta, Belgium","Bulk Dry, Chemical Tanker, Other Offshore","2022-01-31 10:33","Ship/equipment damage - ship/equipment damage","Marine casualty","52° 25.50' N 3° 57.60' E","North Atlantic Ocean - North Sea","Open sea","1","Malta"
"C0013753","1","MATHILDE OLDENDORFF (IMO 9678800)","MATHILDE OLDENDORFF (IMO 9678800): ","Liberia","Bulk Dry","2022-01-29 08:50","","Very serious marine casualty","38° 55.20' N 117° 41.09' E","Tiajin","","1","Liberia"
"C1000190","3","CAMPBELL COVE (IMO 7606023), GOLIATH (IMO 9036430), YORK COVE (IMO 8844244)","CAMPBELL COVE (IMO 7606023): N, GOLIATH (IMO 9036430): Y, YORK COVE (IMO 8844244): N","Australia, Australia, Australia","Towing / Pushing, Container, Towing / Pushing","2022-01-28 11:48","Collision - with multiple ships","Very serious marine casualty","41° 11.06' S 146° 21.85' E","Devonport, Tasmania","Port","1","Australia"
"C1000034","2","KMARIN MELBOURNE (IMO 9737369), ZELANDIA","KMARIN MELBOURNE (IMO 9737369): Y, ZELANDIA: N","Panama, Argentina","Bulk Dry, Other Dry Cargo","2022-01-27 23:04","Collision - with other ship","Marine casualty","33° 38.29' S 59° 29.50' W","Isla San Pedro, Entre Ríos, Argentina","River","1","Argentina"
"C1000187","1","SUISO FRONTIER (IMO 9860154)","SUISO FRONTIER (IMO 9860154): ","Japan","Tanker","2022-01-25 21:47","Collision - own ship not under way","Marine incident","38° 17.37' S 145° 13.80' E","","Port","1","Australia"
"C1000496","1","GAHURA (IMO 9053907)","GAHURA (IMO 9053907): Y","Panama","Bulk Dry","2022-01-22 13:23","Collision - with other ship","Marine incident","42° 09.21' N 41° 39.40' E","POTI PORT","Port","0",""
"C1000706","1","Bjugnfjord (IMO 7502021)","Bjugnfjord (IMO 7502021): ","Norway","General Cargo","2022-01-20 21:00","Capsize/listing - capsize","Very serious marine casualty","56° 24.99' N 12° 09.99' E","","Coastal waters","1","Norway"
"C0013678","1","BRUTIMAR (IMO 9275610)","BRUTIMAR (IMO 9275610): ","Portugal","Fish Catching","2022-01-20 00:45","Occupational accident - slipping, stumbling, falling of person
overboard","Very serious marine casualty","40° 08.60' N 8° 51.54' W","North Atlantic Ocean - North Atlantic Ocean","Port","1","Portugal"
"C0013980","1","CHARPAT SEGUNDO","CHARPAT SEGUNDO: ","Spain","Fish Catching","2022-01-19 19:30","Grounding - while under power","Very serious marine casualty","38° 54.70' N 1° 28.50' E","","Port","1","Spain"
"C0013718","1","Neptune Thelisis (IMO 9306718)","Neptune Thelisis (IMO 9306718): ","Malta","Ro-Ro Cargo","2022-01-17 16:51","Ship/equipment damage - ship/equipment damage","Marine casualty","31° 16.80' N 28° 48.60' E","Mediterranean Region - Mediterranean Region","Open sea","1","Malta"
"C1000333","1","MARE DORICUM (IMO 9446374)","MARE DORICUM (IMO 9446374): Y","Italy","Oil Tanker","2022-01-15 17:25","Others - Others","Very serious marine casualty","11° 55.90' S 77° 10.09' W","VENTANILLA","Anchorage","1","Peru"
"C1000035","1","DELTA EN KAYAK","DELTA EN KAYAK: N","Argentina","Yacht","2022-01-13 18:45","Capsize/listing - capsize","Very serious marine casualty","34° 50.59' S 68° 31.00' W","Embalse Valle Grande, Mendoza, Argentina","Inland waters","1","Argentina"
"C0013776","1","CONRAD OLDENDORFF (IMO 9537903)","CONRAD OLDENDORFF (IMO 9537903): ","Liberia","Bulk Dry","2022-01-12 11:15","","Very serious marine casualty","18° 29.29' S 161° 38.70' E","Open Sea","","1","Liberia"
"C0013673","1","BJUGNFJORD (IMO 7502021)","BJUGNFJORD (IMO 7502021): ","Norway","General Cargo","2022-01-10 00:00","","Very serious marine casualty","56° 15.00' N 12° 07.00' E","DENMARK","","0",""
"C0013708","1","TANIMBAR BAHARI (IMO 8403117)","TANIMBAR BAHARI (IMO 8403117): ","Indonesia","General Cargo","2022-01-05 16:30","","Very serious marine casualty","7° 58.00' S 131° 17.00' E","Indonesia","","0",""
"C1000116","1","OCEAN LOONG (IMO 9122679)","OCEAN LOONG (IMO 9122679): ","Panama","Bulk Dry","2022-01-04 20:07","Collision - with other ship","Marine casualty","27° 27.62' N 122° 15.18' E","Southern Coast of China","Unknown","1","Panama"
"C1000106","1","MAPLE (IMO 9811543)","MAPLE (IMO 9811543): ","Marshall Islands","Bulk Dry","2022-01-02 13:00","Occupational accident - body movement under or with physical
stress (generally leading to an internal
injury)","Very serious marine casualty","30° 22.20' N 81° 37.70' W","","At berth","0",""
"C0013651","1","MAZRA","MAZRA: ","France","Fish Catching","2022-01-01 20:08","Occupational accident - slipping, stumbling, falling of person
overboard","Very serious marine casualty","17° 42.99' N 62° 30.99' W","","Open sea","1","France"
"C1000089","1","CLEARWATER BAY (IMO 9606534)","CLEARWATER BAY (IMO 9606534): ","Hong Kong, China","Bulk Dry","2022-01-01 16:45","Ship/equipment damage - ship/equipment damage","Very serious marine casualty","13° 35.40' S 116° 42.79' E","","Open sea","1","Hong Kong, China"
"C0013754","1","AUSEKLIS (IMO 8315956)","AUSEKLIS (IMO 8315956): ","Latvia","Fish Catching","2021-12-31 21:00","Fire/explosion - fire","Very serious marine casualty","74° 04.99' N 3° 00.00' E","North Atlantic Ocean - North Atlantic Ocean","Open sea","2","Latvia; Latvia"
"C0013638","1","EL LEÓN VI","EL LEÓN VI: ","Argentina","Passenger","2021-12-30 18:00","","Marine casualty","34° 20.54' S 58° 31.25' W","Aguas Interiores, Canal Honda, Tigre, Buenos Aires","Inland waters","1","Argentina"
"C1000441","1","SPIL NITA (IMO 9232400)","SPIL NITA (IMO 9232400): ","Panama","Container","2021-12-27 16:40","Occupational accident - electrical problems, explosion, fire","Very serious marine casualty","1° 15.85' N 103° 47.47' E","Berth 40, Pasir Panjang Terminal, Singapore","At berth","1","Panama"
"C0013829","1","ASIATIC SUN (IMO 9402768)","ASIATIC SUN (IMO 9402768): ","Singapore","Container","2021-12-26 07:33","","Marine casualty","24° 18.20' N 120° 36.09' E","Taichung port","Port","1","Singapore"
"C0013340","1","Avijan-10","Avijan-10: ","Bangladesh","Passenger","2021-12-24 03:00","","Very serious marine casualty","","Bangladesh","","0",""
"C0013969","2","AMADEUS AQUAMARIJN (IMO 9223423), BLUE ANGEL (IMO 9222077)","AMADEUS AQUAMARIJN (IMO 9223423): , BLUE ANGEL (IMO 9222077): ","Netherlands (Kingdom of), Belgium","General Cargo, Fish Catching","2021-12-23 02:40","Collision - with other ship","Marine casualty","53° 15.97' N 4° 28.00' E","","Open sea","1","Netherlands (Kingdom of)"
"C0013666","2","TROPIC BREEZE (IMO 8906315), UTOPIA IV (IMO 9851050)","TROPIC BREEZE (IMO 8906315): , UTOPIA IV (IMO 9851050): ","Belize, United States","Oil Tanker, ","2021-12-23 02:03","","Very serious marine casualty","25° 27.04' N 77° 37.00' W","Berry Islands","Coastal waters","1","United States"
"C1000078","1","Magic Striker (IMO 9493664)","Magic Striker (IMO 9493664): Y","Bahamas","Bulk Dry","2021-12-21 12:15","Occupational accident - Others","Very serious marine casualty","13° 06.46' N 80° 18.12' E","JD 2","At berth","2","Bahamas; India"
"C0013760","1","HEBEI UNIVERSE (IMO 9420590)","HEBEI UNIVERSE (IMO 9420590): ","Hong Kong, China","Bulk Dry","2021-12-17 21:30","","Very serious marine casualty","35° 44.00' N 121° 01.50' E","Qing Dao Anchorage","Anchorage","1","Hong Kong, China"
"C1000746","1","MEGASTAR (IMO 9773064)","MEGASTAR (IMO 9773064): ","Estonia","Passenger/Ro-Ro Cargo","2021-12-17 07:25","Loss of control - loss of propulsion power","Marine casualty","59° 27.14' N 24° 46.63' E","Baltic Sea - Gulf of Finland","Port approach","1","Estonia"
"C0013733","1","LITE FERRY 10 (IMO 8618695)","LITE FERRY 10 (IMO 8618695): ","Philippines","Passenger/Ro-Ro Cargo","2021-12-16 00:00","","Very serious marine casualty","9° 52.00' N 123° 50.00' E","Catagbacan, Bohol, Philippines","","0",""
"C0013679","1","BELLONA (IMO 6514376)","BELLONA (IMO 6514376): ","Romania","Oil Tanker","2021-12-14 09:15","Fire/explosion - fire","Very serious marine casualty","43° 12.04' N 27° 47.38' E","Mediterranean Region - Black Sea","Inland waters","2","Bulgaria; Bulgaria"
"C0013694","1","Curacao Trader (IMO 9340908)","Curacao Trader (IMO 9340908): ","Malta","Chemical Tanker","2021-12-13 16:31","Fire/explosion - fire","Marine casualty","17° 28.48' N 63° 00.33' W","","Coastal waters","1","Malta"
"C0013676","1","RYON HWA 3 (IMO 8312227)","RYON HWA 3 (IMO 8312227): ","Democratic People's Republic of Korea","General Cargo","2021-12-13 15:30","","Very serious marine casualty","30° 16.31' N 122° 16.94' E","Xiaochangtu Shan, Zhoushan, China","Coastal waters","1","Democratic People's Republic of Korea"
"C0013335","2","KARIN HOJ (IMO 8685844), SCOT CARRIER (IMO 9841782)","KARIN HOJ (IMO 8685844): , SCOT CARRIER (IMO 9841782): ","Denmark, United Kingdom","Other Activities, General Cargo","2021-12-13 03:27","Collision - with other ship","Very serious marine casualty","55° 13.40' N 14° 14.69' E","Baltic Sea - Baltic Sea","Open sea","1","Denmark"
"C0013637","1","DON TOMASSO","DON TOMASSO: ","Argentina","Fish Catching","2021-12-11 10:55","","Very serious marine casualty","43° 30.00' S 64° 55.00' W","Mar Argentino, Rawson Provincia de Chubut","Coastal waters","1","Argentina"
"C0013574","1","CAPE PEREGRINE (IMO 9500754)","CAPE PEREGRINE (IMO 9500754): ","Liberia","Bulk Dry","2021-12-10 18:26","","Very serious marine casualty","","At Sea","","1","Liberia"
"C0013807","1","MOANA CHIEF (IMO 9516741)","MOANA CHIEF (IMO 9516741): ","New Zealand","Container","2021-12-10 07:26","","Marine incident","","Ports of Auckland","At berth","1","New Zealand"
"C0013636","1","SUMATRA (IMO 5343718)","SUMATRA (IMO 5343718): ","Argentina","Other Fishing","2021-12-09 06:45","","Marine casualty","40° 43.50' S 64° 56.00' W","Aguas Interiores, Muelle Heleno Arcángel, Puerto de San Antonio Oeste, Rio Negro","At berth","2","Argentina; Argentina"
"C0013732","1","SEA QUEEN (IMO 7915591)","SEA QUEEN (IMO 7915591): ","Togo","General Cargo","2021-12-08 00:00","","Very serious marine casualty","31° 27.00' N 30° 17.00' E","Mediterranean Sea","","0",""
"C0013560","1","ALMIRANTE STORNI (IMO 9497452)","ALMIRANTE STORNI (IMO 9497452): ","Liberia","Bulk Dry","2021-12-04 14:45","","Marine casualty","57° 33.70' N 11° 35.20' E","Gothanburg Anchorage","","2","Liberia; Sweden"
"C0013502","1","TAMIMI 6 (IMO 9910442)","TAMIMI 6 (IMO 9910442): ","Saudi Arabia","Offshore Supply","2021-12-02 18:20","","Marine incident","28° 01.00' N 44° 10.00' E","TNAJEEP","","2","Saudi Arabia; Saudi Arabia"
"C1000281","1","SHREE KRISHNA-VIII (IMO 8652990)","SHREE KRISHNA-VIII (IMO 8652990): N","India","Barge","2021-12-02 02:30","Capsize/listing - capsize","Very serious marine casualty","15° 52.50' N 73° 27.87' E","About 8 nm off the coast (9 nm wxn from Vengula Point)","Coastal waters","1","India"
"C0013731","1","SHREE KRISHNA-VIII (IMO 8652990)","SHREE KRISHNA-VIII (IMO 8652990): ","India","General Cargo","2021-12-02 00:00","","Very serious marine casualty","15° 24.00' N 73° 34.00' E","Arabian Sea","","0",""
"C0013730","1","HOUEI CRYSTAL (IMO 9519559)","HOUEI CRYSTAL (IMO 9519559): ","Panama","General Cargo","2021-12-01 16:31","","Very serious marine casualty","38° 56.00' N 131° 09.00' E","Sea of Japan","","1","Panama"
"C1000422","1","UNZILE ANA (IMO 9133367)","UNZILE ANA (IMO 9133367): Y","Panama","General Cargo","2021-12-01 04:20","Occupational accident - Others","Marine casualty","41° 16.54' N 31° 25.50' E","","At berth","1","Panama"
"C0013563","2","GARAKAC (IMO 7812945), MAMMAD AMIN RESULZADEH (IMO 9175157)","GARAKAC (IMO 7812945): , MAMMAD AMIN RESULZADEH (IMO 9175157): ","Unknown, Liberia",", General Cargo","2021-12-01 01:40","","Marine casualty","45° 28.25' N 36° 40.09' E","Anchorage in Kerch Strait","","0",""
"C1000466","1","LADY ROSEMARY (IMO 9355044)","LADY ROSEMARY (IMO 9355044): ","Panama","Refrigerated Cargo","2021-11-28 23:40","Grounding - while under power","Marine casualty","33° 37.00' N 130° 22.94' E","Hakata port, Japan","Port","1","Panama"
"C0013977","1","IBAIZABAL DOCE (IMO 9784790)","IBAIZABAL DOCE (IMO 9784790): ","Spain","Towing / Pushing","2021-11-28 19:15","Ship/equipment damage - ship/equipment damage","Marine casualty","43° 22.19' N 8° 22.14' W","","Port","1","Spain"
"C0013810","2","ATLANTIC GRACE (IMO 9337511), AVIATOR (IMO 9363754)","ATLANTIC GRACE (IMO 9337511): Y, AVIATOR (IMO 9363754): Y","Hong Kong, China, Marshall Islands","Oil Tanker, Bulk Dry","2021-11-26 20:36","Collision - with other ship","Very serious marine casualty","22° 35.90' N 69° 14.39' E","Gulf of Kachcch","Coastal waters","1","Marshall Islands"
"C0013690","1","Chemical Master (IMO 9558957)","Chemical Master (IMO 9558957): ","Malta","Chemical Tanker","2021-11-22 23:30","Fire/explosion - fire","Very serious marine casualty","38° 09.71' N 9° 45.25' W","North Atlantic Ocean - North Atlantic Ocean","Open sea","1","Malta"
"C0013774","1","ALTHEA (IMO 9396309)","ALTHEA (IMO 9396309): ","Marshall Islands","Chemical Tanker","2021-11-22 20:12","","Very serious marine casualty","11° 31.00' S 11° 18.00' E","Offshore Angola","Open sea","1","Marshall Islands"
"C0013614","1","COTE D'OPALE (IMO 9858321)","COTE D'OPALE (IMO 9858321): ","France","Passenger/Ro-Ro Cargo","2021-11-21 19:58","Contact - with fixed object","Marine casualty","50° 58.04' N 1° 51.14' E","North Atlantic Ocean - English Channel","Port","2","France; France"
"C1000460","1","ATROTOS HERACLES (IMO 9668879)","ATROTOS HERACLES (IMO 9668879): Y","Panama","Bulk Dry","2021-11-20 11:35","Occupational accident - Others","Marine casualty","66° 54.43' N 8° 25.70' E","","Open sea","1","Panama"
"C0013561","2","barge MP-2812 (IMO no     ), PROTEY (IMO 9812298)","barge MP-2812 (IMO no     ): , PROTEY (IMO 9812298): ","Unknown, Russian Federation",", Towing / Pushing","2021-11-15 04:10","","Very serious marine casualty","59° 52.00' N 154° 48.00' E","Sea of Okhotsk ","","2","Russian Federation; Russian Federation"
"C0013979","1","OLE CUARTO","OLE CUARTO: ","Spain","Passenger","2021-11-14 16:24","Hull failure - hull failure","Very serious marine casualty","37° 34.74' N 0° 59.18' W","Mediterranean Region - Mediterranean Region","Coastal waters","1","Spain"
"C0013635","1","7 DE AGOSTO","7 DE AGOSTO: ","Argentina","Fish Catching","2021-11-11 23:20","","Very serious marine casualty","41° 21.38' S 64° 55.15' W","Aguas interiores, Golfo San Matías, Proximidades Islote Lobos, Rio Negro","","1","Argentina"
"C1000421","1","RISE SHINE (IMO 9164550)","RISE SHINE (IMO 9164550): Y","Panama","Bulk Dry","2021-11-09 15:00","Grounding - while drifting","Very serious marine casualty","42° 46.90' N 133° 00.30' E","Vostok Bay in Nakhodka, Russia","Coastal waters","1","Panama"
"C0013672","1","JAWOR (IMO 9452608)","JAWOR (IMO 9452608): ","Bahamas","Bulk Dry","2021-11-09 11:00","","Very serious marine casualty","29° 09.50' N 58° 27.29' W","on passage between Rotterdam to New Orleans","Open sea","1","Bahamas"
"C1000597","1","DONGJIN FORTUNE (IMO 9251145)","DONGJIN FORTUNE (IMO 9251145): Y","Republic of Korea","Container","2021-11-09 07:54","Others - Others","Very serious marine casualty","33° 59.70' N 134° 37.29' E","Akaishi, Komatsushima District, Tokushima Komatsushima Port, Tokushima Prefecture - 10m berth","At berth","1","Japan"
"C1000439","1","FRONTIER UNITY (IMO 9604976)","FRONTIER UNITY (IMO 9604976): Y","Panama","Bulk Dry","2021-11-07 19:30","Occupational accident - breakage, bursting, splitting, fall or
collapse of material agent","Very serious marine casualty","52° 27.00' N 3° 43.00' E","Anchorage no.6, IJMUIDEN - NETHERLANDS","Anchorage","1","Panama"
"C0013925","1","AQUILA (IMO 8783476)","AQUILA (IMO 8783476): ","Ireland","Fish Catching","2021-11-07 12:00","Occupational accident - body movement without any physical
stress (generally leading to an external
injury)","Marine incident","51° 12.93' N 7° 55.10' W","North Atlantic Ocean - North Atlantic Ocean, North Atlantic Ocean - Celtic Sea","Open sea","1","Ireland"
"C0013671","1","Aqua (IMO 9288435)","Aqua (IMO 9288435): ","Malta","Bulk Dry","2021-11-04 14:42","Ship/equipment damage - ship/equipment damage","Marine casualty","41° 24.60' N 46° 32.89' W","North Atlantic Ocean - North Atlantic Ocean","Open sea","1","Malta"
"C0013665","1","CELEBRITY MILLENNIUM (IMO 9189419)","CELEBRITY MILLENNIUM (IMO 9189419): ","Malta","Passenger","2021-10-29 13:40","Ship/equipment damage - ship/equipment damage","Marine casualty","22° 53.35' N 109° 53.28' W","South Pacific Ocean - South Pacific Ocean W","Coastal waters","1","Malta"
"C0013664","1","PGC PATREAS (IMO 9796169)","PGC PATREAS (IMO 9796169): ","Malta","Liquefied Gas","2021-10-28 01:30","Ship/equipment damage - ship/equipment damage","Marine casualty","9° 40.93' N 90° 52.50' E","South Pacific Ocean - South Pacific Ocean E","Open sea","1","Malta"
"C0013677","1","SEGREDOS DO MAR","SEGREDOS DO MAR: ","Portugal","Fish Catching","2021-10-27 22:45","Fire/explosion - fire","Very serious marine casualty","38° 24.76' N 9° 00.71' W","North Atlantic Ocean - North Atlantic Ocean","Coastal waters","1","Portugal"
"C0013726","1","SINAR AMBON (IMO 9420382)","SINAR AMBON (IMO 9420382): ","Indonesia","General Cargo","2021-10-27 12:15","","Very serious marine casualty","3° 25.52' S 114° 30.04' E","Indonesia","","0",""
"C1000719","1","XIN YUE (IMO 9439046)","XIN YUE (IMO 9439046): Y","Liberia","Bulk Dry","2021-10-24 06:17","Collision - with other ship","Marine casualty","40° 29.38' N 26° 56.00' E","","Traffic separation scheme","1","Panama"
"C0013319","2","BC VANESSA (IMO 9426855), BENITAMOU (IMO 9439046)","BC VANESSA (IMO 9426855): , BENITAMOU (IMO 9439046): ","Barbados, Panama","General Cargo, Bulk Dry","2021-10-24 06:07","","Marine casualty","40° 29.88' N 26° 55.90' E","12 nautical miles to Northern Entrance of Çanakkale Strait / Turkey","Inland waters","1","Türkiye"
"C0013833","1","STAR PEACE (IMO 9568718)","STAR PEACE (IMO 9568718): ","Bahamas","Bulk Dry","2021-10-23 16:31","","Very serious marine casualty","34° 50.90' S 15° 56.79' E","South Africa","Open sea","1","Bahamas"
"C1000196","1","KINGSTON (IMO 9389693)","KINGSTON (IMO 9389693): ","Malta","Container","2021-10-23 10:28","Fire/explosion - fire","Marine casualty","48° 20.00' N 123° 21.00' W","Constance Bank Anchorage, British Columbia","Anchorage","1","Canada"
"C0013668","1","HAKSA (IMO 9070503)","HAKSA (IMO 9070503): ","Palau","General Cargo","2021-10-22 14:07","","Marine incident","","Chernomorsk Sea Port","","1","Palau"
"C0013417","1","Beaumaiden (IMO 9401257)","Beaumaiden (IMO 9401257): ","Netherlands (Kingdom of)","General Cargo","2021-10-18 03:25","Grounding - while under power","Marine casualty","55° 07.99' N 14° 40.99' E","","Coastal waters","5","Denmark; Denmark; Denmark; Denmark; Denmark"
"C0013634","2","PUNTA MEDANOS (IMO 9508990), RUA II (IMO 7731062)","PUNTA MEDANOS (IMO 9508990): , RUA II (IMO 7731062): ","Argentina, Argentina","Chemical Tanker, Towing / Pushing","2021-10-16 09:35","","Very serious marine casualty","34° 50.45' S 57° 52.97' W","Aguas Interiores, Canal de acceso al Puerto de La Plata, Ensenada Buenos Aires","Port approach","1","Argentina"
"C0013650","1","KAATA (IMO 9184823)","KAATA (IMO 9184823): ","Malta","General Cargo","2021-10-15 10:43","Occupational accident - slipping, stumbling, falling of person
overboard","Very serious marine casualty","56° 20.10' N 17° 24.00' E","Baltic Sea - Baltic Sea","Open sea","1","Malta"
"C0013663","1","BALTIC PEARL (IMO 9008732)","BALTIC PEARL (IMO 9008732): ","Bahamas","Refrigerated Cargo","2021-10-13 09:41","Occupational accident - breakage, bursting, splitting, fall or
collapse of material agent","Very serious marine casualty","59° 27.65' N 24° 39.29' E","Baltic Sea - Gulf of Finland","Port","2","Bahamas; Estonia"
"C0013647","1","LUDOGORETS (IMO 9415155)","LUDOGORETS (IMO 9415155): ","Malta","Bulk Dry","2021-10-12 04:00","Occupational accident - slipping, stumbling, falling of person to a
lower level","Very serious marine casualty","41° 17.60' N 36° 20.79' E","","Port","2","Malta; Malta"
"C0013811","1","SUPER RUBY (IMO 9308120)","SUPER RUBY (IMO 9308120): ","Marshall Islands","Oil Tanker","2021-10-12 00:06","","Very serious marine casualty","19° 11.39' N 72° 25.00' E","OPL Anchorage Mumbai","Anchorage","1","Marshall Islands"
"C0013681","1","ANDRE-MICHEL 1 (IMO 8511914)","ANDRE-MICHEL 1 (IMO 8511914): ","Malta","General Cargo","2021-10-02 21:10","Contact - with fixed object","Very serious marine casualty","44° 24.33' N 4° 43.24' E","","River","1","France"
"C0013593","1","ILHA DA MADEIRA (IMO 9341976)","ILHA DA MADEIRA (IMO 9341976): ","Portugal","Container","2021-10-02 19:55","Occupational accident - slipping, stumbling, falling of person
overboard","Very serious marine casualty","41° 11.09' N 8° 42.09' W","North Atlantic Ocean - North Atlantic Ocean","Port","3","Portugal; Portugal; Portugal"
"C0013687","3","CL TOMO (IMO 9908279), MELINDA (IMO 9623881), PS HOUSTON (IMO 9388209)","CL TOMO (IMO 9908279): , MELINDA (IMO 9623881): , PS HOUSTON (IMO 9388209): ","Panama, Marshall Islands, Malta","Bulk Dry, Bulk Dry, Chemical Tanker","2021-10-01 09:12","Collision - with multiple ships","Marine casualty","55° 43.29' N 21° 06.19' E","","Port","1","Lithuania"
"C0013729","1","IVAN (IMO 9112040)","IVAN (IMO 9112040): ","MAR (Portugal)","Ro-Ro Cargo","2021-09-29 01:24","","Very serious marine casualty","36° 46.00' N 3° 03.00' E","Mole El Djezair, Algiers","","0",""
"C0013652","1","ASTRO TAMOIO (IMO 9635523)","ASTRO TAMOIO (IMO 9635523): ","Brazil","Other Offshore","2021-09-25 08:35","","Very serious marine casualty","29° 49.00' S 43° 07.00' W","Rio de Janeiro","","1","Brazil"
"C1000461","1","XIN HAI ZHOU 26 (IMO 8656609)","XIN HAI ZHOU 26 (IMO 8656609): ","Panama","Bulk Dry","2021-09-22 19:05","Collision - with other ship","Very serious marine casualty","29° 51.13' N 122° 51.81' E","At sea in east of Zhujian Island, Zhoushan, China","Open sea","1","Panama"
"C0013685","1","RAMONA","RAMONA: ","Germany","Fish Catching","2021-09-21 10:26","Flooding/foundering - flooding","Very serious marine casualty","54° 01.30' N 8° 26.29' E","","Open sea","1","Germany"
"C0013316","1","VERA SU (IMO 8611219)","VERA SU (IMO 8611219): ","Panama","General Cargo","2021-09-20 04:14","","Marine casualty","43° 12.00' N 27° 52.00' E","Black Sea","Coastal waters","1","Bulgaria"
"C0013788","1","SAFINA (IMO 8611219)","SAFINA (IMO 8611219): ","Comoros","General Cargo","2021-09-20 04:13","","Very serious marine casualty","43° 25.92' N 28° 32.34' E","Yailata rocky area, Bulgaria. ","Inland waters","1","Panama"
"C1000312","1","FINNMASTER (IMO 9132014)","FINNMASTER (IMO 9132014): Y","Finland","Ro-Ro Cargo","2021-09-19 20:12","Fire/explosion - fire","Marine casualty","53° 44.50' N 0° 16.03' W","Hull","Port","0",""
"C0013633","1","RIO CARABELAS","RIO CARABELAS: ","Argentina","Other Activities","2021-09-16 19:50","","Marine casualty","34° 16.00' S 58° 01.00' W","Aguas Interiores, Tigre, Primera Sección de Islas del Delta, Arroyo Caraguatá, Canal Gobernador Aria","Inland waters","1","Argentina"
"C0013531","2","LISA AUERBACH (IMO 9388900), MY AN 1 (IMO 9060728)","LISA AUERBACH (IMO 9388900): , MY AN 1 (IMO 9060728): ","Liberia, Viet Nam","General Cargo, General Cargo","2021-09-14 02:24","","Very serious marine casualty","10° 12.39' N 107° 01.50' E","South China Sea, 8 miles SW of Mui Vung Tau, Viet Nam","","1","Liberia"
"C0013539","1","SAMUS SWAN (IMO 9401312)","SAMUS SWAN (IMO 9401312): ","Malta","Chemical Tanker","2021-09-11 13:20","Ship/equipment damage - ship/equipment damage","Very serious marine casualty","36° 46.50' N 12° 44.10' E","Mediterranean Region - Strait of Sicily","Open sea","2","Malta; Malta"
"C0013847","1","ARAFURA (IMO 9728708)","ARAFURA (IMO 9728708): ","Belgium","Oil Tanker","2021-09-11 09:53","Occupational accident - Others","Very serious marine casualty","56° 10.19' S 70° 04.40' W","South Pacific Ocean - South Pacific Ocean W","Open sea","2","Belgium; Belgium"
"C0013586","1","L'AMI SINCERE","L'AMI SINCERE: ","France","Fish Catching","2021-09-08 19:00","Occupational accident - slipping, stumbling, falling of person
overboard","Very serious marine casualty","49° 41.83' N 0° 34.31' W","","Open sea","2","France; France"
"C0013336","1","ESRA C (IMO 9379662)","ESRA C (IMO 9379662): ","Panama","Bulk Dry","2021-09-08 14:00","","Very serious marine casualty","40° 46.29' N 29° 30.89' E","Beldeport, Diliskelesi, Dilovası/Kocaeli, Turkey","","1","Türkiye"
"C1000648","1","MELIGUNIS M (IMO 9451214)","MELIGUNIS M (IMO 9451214): ","Italy","Chemical Tanker","2021-09-07 12:10","Occupational accident - breakage, bursting, splitting, fall or
collapse of material agent","Very serious marine casualty","43° 33.00' N 10° 16.99' E","Mediterranean Region - Tyrrhenian Sea","Port","1","Italy"
"C0013918","1","SANTA CECILIA","SANTA CECILIA: ","Germany","Yacht","2021-09-05 16:00","Loss of control - loss of directional control","Marine incident","53° 32.37' N 9° 54.49' E","","Port","1","Germany"
"C0013920","2","PLANET (IMO 9245732), WILDLIFE","PLANET (IMO 9245732): , WILDLIFE: ","Germany, Netherlands (Kingdom of)","Research, Yacht","2021-09-02 13:43","Collision - with other ship","Marine casualty","53° 59.65' N 9° 17.36' E","","Canal","1","Germany"
"C0013575","1","MANDARIN HANTONG (IMO 9569956)","MANDARIN HANTONG (IMO 9569956): ","Liberia","Bulk Dry","2021-09-02 13:20","","Very serious marine casualty","","Gabon","","1","Liberia"
"C0013536","1","ZILOS (IMO 9199206)","ZILOS (IMO 9199206): ","Panama","Bulk Dry","2021-09-01 17:00","","Very serious marine casualty","","South Atlantic Ocean, 800 miles of Uruguay","","1","Panama"
"C1000243","1","TEAL BAY (IMO 9343637)","TEAL BAY (IMO 9343637): Y","Isle of Man (United Kingdom)","General Cargo","2021-08-30 22:45","Occupational accident - loss of control of machine, means of
transport or handling equipment,
hand-held tool, object, animal","Very serious marine casualty","45° 07.44' N 36° 35.13' E","Black Sea","Coastal waters","0",""
"C0013609","1","TEAL BAY (IMO 9343637)","TEAL BAY (IMO 9343637): ","Isle of Man (United Kingdom)","Bulk Dry","2021-08-30 22:35","","Very serious marine casualty","45° 07.96' N 36° 34.90' E","Kavkaz","Anchorage","1","Isle of Man (United Kingdom)"
"C0013573","1","Aries Sun (IMO 9321847)","Aries Sun (IMO 9321847): ","Liberia","Non-ship structures","2021-08-29 11:20","","Very serious marine casualty","","Turkey","","1","Liberia"
"C1000346","1","NAUTA","NAUTA: N","Peru","Barge","2021-08-29 05:30","Collision - with other ship","Very serious marine casualty","5° 51.00' S 76° 09.00' W","IQUITOS","River","1","Peru"
"C0013585","1","FOLY","FOLY: ","France","Yacht","2021-08-28 09:43","Fire/explosion - explosion","Very serious marine casualty","43° 05.05' N 6° 09.61' E","Mediterranean Region - Mediterranean Region","Coastal waters","2","France; France"
"C1000021","1","Harriet J","Harriet J: ","United Kingdom","Fish Catching","2021-08-28 07:36","Occupational accident - slipping, stumbling, falling of person
overboard","Very serious marine casualty","55° 56.25' N 2° 16.51' W","South East Scotland","Coastal waters","1","United Kingdom"
"C1000244","1","Harriet J","Harriet J: ","United Kingdom","Fish Catching","2021-08-28 06:56","Occupational accident - slipping, stumbling, falling of person
overboard","Very serious marine casualty","56° 01.36' N 2° 33.09' W","Dunbar","Coastal waters","1","United Kingdom"
"C1000459","1","AM PORT CARTIER (IMO 9546801)","AM PORT CARTIER (IMO 9546801): ","Panama","Bulk Dry","2021-08-27 13:00","Occupational accident - slipping, stumbling, falling of person to a
lower level","Very serious marine casualty","30° 15.00' N 122° 15.00' E","Jinhai Shipyard, Zhoushan, China","Inland waters","1","Panama"
"C1000309","1","Mona Manx (IMO 9801706)","Mona Manx (IMO 9801706): Y","Isle of Man (United Kingdom)","Bulk Dry","2021-08-26 08:36","Occupational accident - body movement under or with physical
stress (generally leading to an internal
injury)","Very serious marine casualty","33° 06.21' S 71° 45.13' W","Puerto Ventanas","At berth","0",""
"C1000419","1","PS QUEEN (IMO 9358319)","PS QUEEN (IMO 9358319): Y","Panama","Chemical Tanker","2021-08-25 13:15","Occupational accident - Others","Marine casualty","51° 17.35' N 3° 12.35' E","","Port","1","Panama"
"C1000359","1","BENITAMOU (IMO 9439046)","BENITAMOU (IMO 9439046): Y","Panama","Bulk Dry","2021-08-24 21:30","Occupational accident - breakage, bursting, splitting, fall or
collapse of material agent","Very serious marine casualty","38° 58.25' N 117° 46.61' E","Berth S11 of Tianjin Port","Port","0",""
"C1000721","1","XIN YUE (IMO 9439046)","XIN YUE (IMO 9439046): Y","Liberia","Bulk Dry","2021-08-24 21:30","Occupational accident - Others","Very serious marine casualty","38° 58.33' N 117° 47.15' E","","Port","1","Panama"
"C0013562","1","MARIA LEONTINA (IMO 8799827)","MARIA LEONTINA (IMO 8799827): ","Portugal","Fish Catching","2021-08-23 14:27","Ship/equipment damage - ship/equipment damage","Very serious marine casualty","37° 46.17' N 25° 48.83' W","North Atlantic Ocean - North Atlantic Ocean","Coastal waters","3","Portugal; Portugal; Portugal"
"C1000458","1","DAIWAN ELEGANCE (IMO 9697894)","DAIWAN ELEGANCE (IMO 9697894): ","Panama","Bulk Dry","2021-08-22 14:15","Others - Others","Very serious marine casualty","31° 58.79' N 120° 24.56' E","Pier 14 of Zhangjiagang Port, China","At berth","1","Panama"
"C0013331","1","GLOBAL LAKE (IMO 9427469)","GLOBAL LAKE (IMO 9427469): ","Liberia","Chemical Tanker","2021-08-17 17:30","","Very serious marine casualty","35° 25.79' N 2° 53.40' E","At Sea","Coastal waters","1","Liberia"
"C0013617","1","SEAWORKER","SEAWORKER: ","Sweden","Other Activities","2021-08-17 12:15","Grounding - while under power","Very serious marine casualty","56° 05.16' N 15° 35.26' E","","Archipelagos","2","Sweden; Sweden"
"C0013571","1","KOI (IMO 9461489)","KOI (IMO 9461489): ","Liberia","Container","2021-08-16 15:05","","Very serious marine casualty","","Mediterranean Sea","","1","Liberia"
"C0013919","2","CASTOR, FRULEIN VOM RHIN","CASTOR: , FRULEIN VOM RHIN: ","Germany, Germany","Yacht, Barge","2021-08-13 11:25","Ship/equipment damage - ship/equipment damage","Marine incident","53° 57.86' N 9° 15.24' E","","Canal","1","Germany"
"C0013337","1","NIÑA AMYLU","NIÑA AMYLU: ","Ecuador","Fish Catching","2021-08-12 20:00","","Very serious marine casualty","2° 49.00' S 80° 17.00' W","Puna Island","","1","Ecuador"
"C0013691","1","ARKLOW CLAN (IMO 9757113)","ARKLOW CLAN (IMO 9757113): ","Ireland","General Cargo","2021-08-11 17:49","Occupational accident - breakage, bursting, splitting, fall or
collapse of material agent","Marine casualty","57° 08.57' N 2° 05.00' W","","Port","3","Ireland; Ireland; Ireland"
"C1000209","1","CRIMSON POLARIS (IMO 9370783)","CRIMSON POLARIS (IMO 9370783): ","Panama","Bulk Dry","2021-08-11 07:35","Grounding - while drifting","Very serious marine casualty","40° 34.50' N 141° 30.50' W","Hachinohe Port","Port","0",""
"C0013569","1","FORMOSABULK  CLEMENT (IMO 9222742)","FORMOSABULK  CLEMENT (IMO 9222742): ","Liberia","Non-ship structures","2021-08-09 18:38","","Very serious marine casualty","26° 47.59' S 153° 14.68' E"," Brisbane Outer Anchorage, Australia","","1","Liberia"
"C1000457","1","NEW GOLDEN BRIDGE VII (IMO 9813254)","NEW GOLDEN BRIDGE VII (IMO 9813254): ","Panama","Passenger/Ro-Ro Cargo","2021-08-09 11:00","Occupational accident - loss of control of machine, means of
transport or handling equipment,
hand-held tool, object, animal","Very serious marine casualty","37° 25.37' N 126° 36.00' E","New Incheon Port International Ferry Terminal","At berth","1","Panama"
"C0013693","1","Frazer Tintern","Frazer Tintern: ","Ireland","Passenger/Ro-Ro Cargo","2021-08-05 18:05","Fire/explosion - fire","Marine casualty","52° 13.26' N 6° 57.59' W","","River","1","Ireland"
"C1000291","1","LAMNALCO LEOPARD (IMO 9537422)","LAMNALCO LEOPARD (IMO 9537422): Y","Nigeria","Offshore Supply","2021-08-05 06:50","Occupational accident - body movement without any physical
stress (generally leading to an external
injury)","Marine casualty","5° 31.00' N 5° 00.00' E","FORCADOS OFFSHORE","Offshore installation","1","Nigeria"
"C0013338","1","WAYRA","WAYRA: ","Ecuador","Passenger / General Cargo","2021-08-04 09:00","","Very serious marine casualty","0° 29.00' S 76° 24.00' W","NAPO RIVER","","1","Ecuador"
"C1000006","1","EIVIND (IMO 8619522)","EIVIND (IMO 8619522): N","Faroes, Denmark","Fish Catching","2021-08-02 10:00","Grounding - while under power","Marine incident","62° 05.00' N 6° 45.00' W","Flesjarnar","Coastal waters","1","Faroes, Denmark"
"C1000417","1","JOURNEY (IMO 9216690)","JOURNEY (IMO 9216690): Y","Comoros","Bulk Dry","2021-08-01 17:50","Grounding - while under power","Marine casualty","10° 52.54' N 125° 50.86' E","","Coastal waters","1","Panama"
"C1000456","1","TAN BINH 127 (IMO 9240043)","TAN BINH 127 (IMO 9240043): ","Panama","Passenger / General Cargo","2021-08-01 14:15","Flooding/foundering - foundering","Very serious marine casualty","10° 03.00' N 96° 26.00' E","Adaman Sea","Open sea","1","Panama"
"C0013631","1","SIEMPRE SAN SALVADOR (IMO 9020948)","SIEMPRE SAN SALVADOR (IMO 9020948): ","Argentina","Fish Catching","2021-07-31 21:00","","Very serious marine casualty","36° 24.70' S 55° 14.10' W","Mar Argentino, Zona Económica Exclusiva. San Clemente del Tuyu.","Open sea","1","Argentina"
"C0013630","1","HOEGH ESPERANZA (IMO 9780354)","HOEGH ESPERANZA (IMO 9780354): ","NIS (Norway)","Liquefied Gas","2021-07-29 22:30","","Marine casualty","35° 10.02' S 56° 58.77' W","Río de la Plata. Km 145, Canal Punta Indio","Canal","1","Argentina"
"C1000245","1","PIONEER","PIONEER: N","United Kingdom","Fish Catching","2021-07-29 08:29","Occupational accident - slipping, stumbling, falling of person to a
lower level","Very serious marine casualty","50° 49.93' N 0° 35.50' E","Hastings","Open sea","0",""
"C0013727","1","SUVARI H (IMO 9055931)","SUVARI H (IMO 9055931): ","Gabon","General Cargo","2021-07-29 00:00","","Very serious marine casualty","21° 55.00' N 65° 50.00' E","Arabian Sea","","0",""
"C0013532","1","SHENG PING 001 (IMO 9678965)","SHENG PING 001 (IMO 9678965): ","China","Other Offshore","2021-07-25 10:57","","Very serious marine casualty","22° 18.36' N 115° 01.25' E","South China Sea, 18 miles SE of Hui Dong, China","","1","China"
"C1000246","1","BBC MARMARA (IMO 9454228)","BBC MARMARA (IMO 9454228): ","MAR (Portugal)","General Cargo","2021-07-25 02:43","Grounding - while under power","Marine casualty","57° 43.59' N 6° 18.31' W","","Unknown","0",""
"C0013629","1","CONARPESA I (IMO 6908723)","CONARPESA I (IMO 6908723): ","Argentina","Other Fishing","2021-07-23 18:40","","Very serious marine casualty","43° 20.00' S 62° 13.00' W","Mar Argentino, Zona contigua. ZEEA (Zona Económica Exclusiva)","Open sea","1","Argentina"
"C0013912","1","PING TAI RONG 49 (IMO 9565080)","PING TAI RONG 49 (IMO 9565080): ","China","Fish Catching","2021-07-23 02:30","Grounding - while under power","Very serious marine casualty","20° 34.99' S 143° 16.00' W","South Pacific Ocean - South Pacific Ocean W","Coastal waters","1","France"
"C1000415","1","ARAYA BHUM (IMO 9306990)","ARAYA BHUM (IMO 9306990): Y","Singapore","General Cargo","2021-07-21 23:15","Others - Others","Very serious marine casualty","41° 03.00' N 176° 49.00' E","VANCOUVER. CANADA","Coastal waters","1","Panama"
"C1000280","1","KANCHAN (IMO 8872095)","KANCHAN (IMO 8872095): Y","India","Other Bulk Dry","2021-07-21 22:00","Capsize/listing - capsize","Very serious marine casualty","20° 13.18' N 72° 39.00' E","about 7 nm off the Coast (Umargam Light)","Open sea","1","India"
"C1000416","1","HENG TONG 77 (IMO 8662361)","HENG TONG 77 (IMO 8662361): Y","Panama","Other Dry Cargo","2021-07-21 07:15","Grounding - while drifting","Marine casualty","24° 47.79' N 67° 01.85' E","","Coastal waters","1","Panama"
"C1000197","2","John and Ronnie, ZHONG MAY (IMO 9420124)","John and Ronnie: N, ZHONG MAY (IMO 9420124): ","Canada, Liberia","Fish Catching, Bulk Dry","2021-07-21 04:44","Collision - with other ship","Marine incident","47° 09.71' N 60° 19.20' W","Cabot Strait, Nova Scotia","Traffic separation scheme","0",""
"C0013728","1","KANCHAN (IMO 8872095)","KANCHAN (IMO 8872095): ","India","General Cargo","2021-07-21 00:00","","Very serious marine casualty","20° 11.00' N 72° 37.00' E","Gulf of Khambhat","","0",""
"C0013547","1","BARU (IMO 9813096)","BARU (IMO 9813096): ","Marshall Islands","Bulk Dry / Oil","2021-07-20 11:15","","Very serious marine casualty","51° 56.11' N 3° 37.11' E","Rotterdam OPL Anchorage","Anchorage","1","Marshall Islands"
"C0013655","1","TOEWI VI","TOEWI VI: ","Germany","Passenger","2021-07-20 10:30","Loss of control - loss of propulsion power","Marine incident","53° 39.97' N 7° 08.09' E","North Atlantic Ocean - North Sea","Archipelagos","1","Germany"
"C0013639","1","JALMA TOPIC (IMO 9309655)","JALMA TOPIC (IMO 9309655): ","Liberia","Bulk Dry","2021-07-19 03:23","","Marine casualty","35° 31.00' N 89° 55.00' W","Mile 93.5 on the lower Mississippi near New Orleans Louisiana , USA","","0",""
"C0013481","1","AGGERSE","AGGERSE: ","Denmark","Fish Catching","2021-07-18 00:53","Flooding/foundering - flooding","Very serious marine casualty","57° 15.04' N 8° 35.80' E","North Atlantic Ocean - North Sea","Coastal waters","3","Denmark; Denmark; Denmark"
"C1000453","1","ARGO I (IMO 9583897)","ARGO I (IMO 9583897): Y","Panama","Bulk Dry","2021-07-15 13:39","Occupational accident - Others","Very serious marine casualty","44° 30.70' N 12° 27.87' E","avenna Anchorage Area (Italy)","Anchorage","1","Panama"
"C0013934","2","BLANDA TERCERO, POUPOUN","BLANDA TERCERO: , POUPOUN: ","Spain, France","Fish Catching, Other Activities","2021-07-15 07:25","","Very serious marine casualty","41° 35.85' N 3° 03.36' E","Coastal waters (within 12 miles)","Coastal waters","1","Spain"
"C0013587","2","L'OCARINA, MANGA REVA","L'OCARINA: , MANGA REVA: ","France, France","Fish Catching, Fish Catching","2021-07-13 05:50","Collision - with other ship","Very serious marine casualty","47° 43.78' N 4° 41.64' W","","Open sea","2","France; France"
"C1000212","2","GALAPAGOS (IMO 9473169), ZEPHYR LUMOS (IMO 9864227)","GALAPAGOS (IMO 9473169): , ZEPHYR LUMOS (IMO 9864227): ","Malta, United Kingdom","Bulk Dry, Container","2021-07-10 21:15","Collision - with other ship","Marine casualty","1° 51.06' N 102° 27.62' E","Malacca Straits","Traffic separation scheme","0",""
"C0013503","1","MV SHWE THU WAN","MV SHWE THU WAN: ","Myanmar","General Cargo","2021-07-10 07:45","","Marine casualty","16° 48.00' N 96° 06.00' E","Family Win Dry dock, Hlaingtharyar Township, Yangon, Myanmar","Port","0",""
"C1000247","1","CLIPPER PENNANT (IMO 9372688)","CLIPPER PENNANT (IMO 9372688): ","Cyprus","Ro-Ro Cargo","2021-07-07 13:53","Occupational accident - loss of control of machine, means of
transport or handling equipment,
hand-held tool, object, animal","Very serious marine casualty","53° 27.37' N 3° 01.00' W","Liverpool, England Position","At berth","0",""
"C1000248","1","Bella","Bella: ","United Kingdom","Research","2021-07-06 14:08","Flooding/foundering - foundering","Very serious marine casualty","51° 14.27' N 3° 48.47' W","England, United Kingdom","Coastal waters","0",""
"C0013863","1","WILMAR (IMO 8835906)","WILMAR (IMO 8835906): ","Belgium","Fish Catching","2021-07-05 09:00","Occupational accident - body movement without any physical
stress (generally leading to an external
injury)","Marine casualty","51° 43.22' N 6° 02.05' W","North Atlantic Ocean - Celtic Sea","Open sea","1","Belgium"
"C0013628","1","FLORIDA BLANCA IV (IMO 6605280)","FLORIDA BLANCA IV (IMO 6605280): ","Argentina","Other Fishing","2021-07-05 03:26","","Very serious marine casualty","43° 13.00' S 65° 02.00' W","Puerto Madryn, Muelle Almirante Storni, Provincia de Chubut","Port approach","1","Argentina"
"C0013327","1","SARMAT (IMO 8027133)","SARMAT (IMO 8027133): ","Russian Federation","Towing / Pushing","2021-06-30 17:25","","Very serious marine casualty","20° 54.29' N 17° 19.20' W","Open sea","","1","Russian Federation"
"C0013641","1","EAUBONNE (IMO 9663104)","EAUBONNE (IMO 9663104): ","Marshall Islands","Bulk Dry","2021-06-30 10:40","","Very serious marine casualty","5° 15.00' N 4° 00.00' W","Abidjan, Cote d'Ivoire","At berth","1","Marshall Islands"
"C0013707","1","YUNICEE (IMO 8875748)","YUNICEE (IMO 8875748): ","Indonesia","Passenger/Ro-Ro Cargo","2021-06-29 19:20","","Very serious marine casualty","8° 10.26' S 114° 25.42' E","Indonesia","","0",""
"C0013615","1","KETTER (IMO 9195860)","KETTER (IMO 9195860): ","Malta","General Cargo","2021-06-28 07:40","Occupational accident - body movement without any physical
stress (generally leading to an external
injury)","Marine casualty","51° 15.99' N 4° 21.99' E","","Port","2","Malta; Malta"
"C0013576","1","MSC Messina (IMO 9074042)","MSC Messina (IMO 9074042): ","Liberia","Container","2021-06-25 01:25","","Very serious marine casualty","","Indian Ocean","","0",""
"C1000249","1","REUL-A-CHUAIN (OB915)","REUL-A-CHUAIN (OB915): N","United Kingdom","Fish Catching","2021-06-24 17:53","Occupational accident - slipping, stumbling, falling of person
overboard","Very serious marine casualty","56° 57.00' N 6° 09.93' W","Sound of Rum","Coastal waters","1","United Kingdom"
"C0013565","1","INTREPID (IMO 9324629)","INTREPID (IMO 9324629): ","Malta","Bulk Dry","2021-06-24 07:00","Occupational accident - slipping, stumbling, falling of person to a
lower level","Very serious marine casualty","20° 17.89' S 39° 59.10' W","South Atlantic Ocean","Open sea","2","Malta; Malta"
"C0013872","1","CFS WIND (IMO 9366495)","CFS WIND (IMO 9366495): ","Singapore","Container","2021-06-22 13:55","","Marine casualty","","Port Bustamante","","0",""
"C1000162","1","Ganga 1","Ganga 1: N","India","Towing / Pushing","2021-06-22 04:30","Flooding/foundering - foundering","Very serious marine casualty","11° 16.87' N 93° 01.20' E","Andaman Sea","Open sea","1","India"
"C0013550","1","MELIKU NUSA (IMO 9095838)","MELIKU NUSA (IMO 9095838): ","Indonesia","General Cargo","2021-06-20 19:00","","Very serious marine casualty","","Bima, Nusa Tenggara Barat, Indonesia","","0",""
"C0013921","1","LIESEL","LIESEL: ","Germany","Yacht","2021-06-20 08:15","Contact - with fixed object","Marine incident","54° 02.42' N 9° 18.29' E","","Strait/channel","1","Germany"
"C0013706","1","PIONEER STAR (IMO 9120047)","PIONEER STAR (IMO 9120047): ","Comoros","General Cargo","2021-06-20 05:20","","Very serious marine casualty","18° 20.00' N 57° 20.00' E","Oman","","0",""
"C1000250","1","Angelena","Angelena: N","United Kingdom","Other Fishing","2021-06-18 11:56","Capsize/listing - capsize","Very serious marine casualty","50° 32.54' N 3° 14.89' W","Lyme Bay","Coastal waters","0",""
"C1000313","1","ANGELENA (IMO 8561464)","ANGELENA (IMO 8561464): Y","United Kingdom","Fish Catching","2021-06-18 11:56","Capsize/listing - capsize","Very serious marine casualty","50° 32.00' N 3° 15.00' W","Lyme Bay","Coastal waters","1","United Kingdom"
"C0013555","1","SEXTANT","SEXTANT: ","France","Fish Catching","2021-06-18 09:30","Occupational accident - breakage, bursting, splitting, fall or
collapse of material agent","Very serious marine casualty","49° 47.78' N 2° 45.10' W","","Open sea","2","France; France"
"C0013320","2","AS ROSALIA (IMO 9449845), BİRİNCİOĞLU","AS ROSALIA (IMO 9449845): , BİRİNCİOĞLU: ","MAR (Portugal), Unknown","Container, ","2021-06-17 15:38","","Very serious marine casualty","","Yavuz Sultan Selim Bridge/Northern exit of Strait of İstanbul/Turkey","","2","Türkiye; Türkiye"
"C0013781","1","HYUNDAI TECHNOPIA (IMO 9155145)","HYUNDAI TECHNOPIA (IMO 9155145): ","Republic of Korea","Liquefied Gas","2021-06-16 16:52","","Very serious marine casualty","35° 02.50' N 128° 39.79' E","the waters adjacent to Geojedo Island","","1","Republic of Korea"
"C0013598","1","CEYLON PRINCESS (IMO 9734575)","CEYLON PRINCESS (IMO 9734575): ","Sri Lanka","Bulk Dry","2021-06-16 11:46","","Very serious marine casualty","13° 07.59' S 95° 27.20' E","177 miles off Cocos Island","","0",""
"C0013705","1","DEVON (IMO 9406843)","DEVON (IMO 9406843): ","MAR (Portugal)","Container","2021-06-16 05:30","","Very serious marine casualty","10° 19.44' N 83° 35.34' E","India","","0",""
"C1000229","2","CYCLADES (IMO 9268485), TOMINI K2 (IMO 9617519)","CYCLADES (IMO 9268485): , TOMINI K2 (IMO 9617519): ","Liberia, Marshall Islands","Bulk Dry, Bulk Dry","2021-06-12 00:20","Collision - with multiple ships","Marine casualty","1° 16.87' N 104° 00.30' E","Singapore Anchorage","Anchorage","0",""
"C0013669","1","AROYAT (IMO 9151395)","AROYAT (IMO 9151395): ","Palau","Bulk Dry","2021-06-11 08:00","","Marine incident","31° 01.00' S 50° 30.00' W","AT SEA","","1","Palau"
"C0013578","1","EPIC BORACAY (IMO 9521588)","EPIC BORACAY (IMO 9521588): ","Singapore","Liquefied Gas","2021-06-10 09:35","","Very serious marine casualty","7° 11.30' S 34° 32.20' W","South Atlantic Ocean, about 14NM off Brazil","","1","Singapore"
"C1000413","1","OCEAN VANTAGE (IMO 8405440)","OCEAN VANTAGE (IMO 8405440): Y","Panama","Barge","2021-06-09 15:15","Occupational accident - slipping, stumbling, falling of person to a
lower level","Very serious marine casualty","56° 24.00' N 10° 55.00' E","PORT GRENAA, DINAMARCA","Port","1","Panama"
"C1000451","1","Oceanic Godness (IMO 9176747)","Oceanic Godness (IMO 9176747): ","Panama","Bulk Dry","2021-06-07 08:10","Others - Others","Very serious marine casualty","8° 51.70' N 109° 15.10' E","Near Vietnam Coast","Open sea","1","Panama"
"C0013737","1","Lokarda","Lokarda: ","Croatia","Fish Catching","2021-06-05 12:54","Fire/explosion - fire","Very serious marine casualty","43° 24.09' N 15° 38.10' E","Mediterranean Region - Adriatic Sea","Coastal waters","1","Croatia"
"C0013670","1","STAR PLANET (IMO 9316036)","STAR PLANET (IMO 9316036): ","Bahamas","Bulk Dry","2021-06-04 13:50","","Very serious marine casualty","35° 34.70' S 128° 39.90' E","Australian Bight","","1","Bahamas"
"C1000447","1","OOCL DURBAN (IMO 9567673)","OOCL DURBAN (IMO 9567673): ","Panama","Container","2021-06-03 11:27","Collision - with other ship","Marine casualty","22° 33.40' N 120° 19.20' E","Kaohsiung, Taiwan","At berth","1","Panama"
"C0013864","1","CENTRAL PARK (IMO 9725823)","CENTRAL PARK (IMO 9725823): ","Liberia","Chemical Tanker","2021-06-03 09:10","Occupational accident - overflow, overturn, leak, flow,
vaporization, emission of material agent","Marine incident","51° 15.47' N 4° 21.29' E","","Port","1","Belgium"
"C0013645","1","Affluent Ocean (IMO 9162320)","Affluent Ocean (IMO 9162320): ","Panama","General Cargo","2021-06-02 16:20","","Marine casualty","22° 18.70' N 114° 07.40' E","Hong Kong, Kellett Achorage No. 3","Anchorage","1","Hong Kong, China"
"C0013704","1","INSPECTA 7 (IMO 9198343)","INSPECTA 7 (IMO 9198343): ","Egypt","Towing / Pushing","2021-06-01 00:00","","Very serious marine casualty","28° 19.00' N 33° 07.55' E","Egypt","","0",""
"C0013768","1","SALAR (IMO 8801125)","SALAR (IMO 8801125): ","Antigua and Barbuda","General Cargo","2021-05-31 13:50","Fire/explosion - fire","Marine casualty","55° 51.23' N 12° 49.94' E","","Port","1","Sweden"
"C0013624","1","OBSERVADOR (IMO 9179165)","OBSERVADOR (IMO 9179165): ","Argentina","Towing / Pushing","2021-05-29 09:50","","Very serious marine casualty","34° 38.00' S 58° 20.88' W","Aguas Interiores, Proximidades del Km 1 del Canal de Acceso Sur al Puerto de Boca del Riachuelo","Port approach","1","Argentina"
"C0013582","1","NAZMIYE ANA (IMO 8516598)","NAZMIYE ANA (IMO 8516598): ","Panama","General Cargo","2021-05-28 20:30","Capsize/listing - capsize","Very serious marine casualty","39° 57.59' N 0° 01.40' E","","Port","3","Spain; Spain; Panama"
"C0013703","2","BYAKKO (IMO 9883510), ULSAN PIONEER (IMO 9730969)","BYAKKO (IMO 9883510): , ULSAN PIONEER (IMO 9730969): ","Japan, Republic of Korea","Ro-Ro Cargo, ","2021-05-27 23:53","","Very serious marine casualty","34° 09.06' N 132° 54.24' E","Japan","","0",""
"C0013323","2","AMUR (IMO 8910665), Hokku Maru 8","AMUR (IMO 8910665): , Hokku Maru 8: ","Russian Federation, Unknown","Fish Catching, ","2021-05-26 08:30","","Very serious marine casualty","44° 29.10' N 143° 34.90' E","open sea","Open sea","1","Russian Federation"
"C1000438","1","GOLD KOCHAV (IMO 9463205)","GOLD KOCHAV (IMO 9463205): Y","Panama","Ro-Ro Cargo","2021-05-21 17:45","Occupational accident - loss of control of machine, means of
transport or handling equipment,
hand-held tool, object, animal","Very serious marine casualty","28° 56.40' N 95° 20.38' W","Dock in Freeport, TX","At berth","1","Panama"
"C0013248","1","X-PRESS PEARL (IMO 9875343)","X-PRESS PEARL (IMO 9875343): ","Singapore","Container","2021-05-20 00:00","","Very serious marine casualty","","about 9.5 nautical miles northwest of Colombo harbour","","1","Singapore"
"C0013305","1","RAMONA","RAMONA: ","Denmark","Fish Catching","2021-05-19 22:00","Grounding - while under power","Very serious marine casualty","54° 57.50' N 15° 25.27' E","","Open sea","1","Denmark"
"C1000161","1","VARAPRADA (IMO 8222161)","VARAPRADA (IMO 8222161): Y","India","Offshore Supply","2021-05-17 18:00","Capsize/listing - capsize","Very serious marine casualty","19° 13.80' N 72° 31.29' E","Off Mumbai","Coastal waters","1","India"
"C1000160","1","PAPAA 305 (IMO 8784327)","PAPAA 305 (IMO 8784327): ","Saint Kitts and Nevis","Barge","2021-05-17 16:00","Capsize/listing - capsize","Very serious marine casualty","18° 31.29' N 72° 14.60' E","Mumbai High","Offshore installation","1","India"
"C0013701","1","PAPAA 305 (IMO 8784327)","PAPAA 305 (IMO 8784327): ","Saint Kitts and Nevis","Other Activities","2021-05-17 00:00","","Very serious marine casualty","19° 15.22' N 72° 20.25' E","India","","0",""
"C0013702","1","VARAPRADA (IMO 8222161)","VARAPRADA (IMO 8222161): ","India","Towing / Pushing","2021-05-17 00:00","","Very serious marine casualty","19° 00.46' N 72° 31.03' E","India","","0",""
"C0013311","2","BUSTER, STAVFJORD (IMO 9321380)","BUSTER: , STAVFJORD (IMO 9321380): ","Denmark, Netherlands (Kingdom of)","Fish Catching, General Cargo","2021-05-16 03:45","Collision - with other ship","Marine casualty","57° 37.06' N 10° 38.58' E","Baltic Sea - Kattegat","Open sea","1","Denmark"
"C1000158","1","SSL GANGA (IMO 9256406)","SSL GANGA (IMO 9256406): ","India","Container","2021-05-15 11:00","Occupational accident - slipping, stumbling, falling of person
overboard","Very serious marine casualty","13° 16.70' N 74° 07.90' E","Off New Mangalore Port","Port approach","1","India"
"C1000159","1","ALLIANCE (IMO 9632973)","ALLIANCE (IMO 9632973): ","India","Offshore Supply","2021-05-15 09:45","Capsize/listing - capsize","Very serious marine casualty","12° 56.59' N 74° 44.00' E","Off New Mangalore Port","Port approach","1","India"
"C1000224","1","PUMA (IMO 9748265)","PUMA (IMO 9748265): ","Cayman Islands (United Kingdom)","Bulk Dry","2021-05-14 06:27","Contact - with fixed object","Marine casualty","14° 00.62' N 60° 59.65' W","Castries Harbour - Berth 5","Unknown","0",""
"C0013514","1","Horizon","Horizon: ","Ireland","Fish Catching","2021-05-14 02:00","Fire/explosion - fire","Very serious marine casualty","51° 19.00' N 8° 16.99' W","North Atlantic Ocean - Celtic Sea","Open sea","3","Ireland; Ireland; Ireland"
"C0013941","2","JAKOB PREI (IMO 9580431), STENA ARCTICA (IMO 9305556)","JAKOB PREI (IMO 9580431): , STENA ARCTICA (IMO 9305556): ","Estonia, Finland","Research, Oil Tanker","2021-05-06 11:35","Others - Others","Marine incident","59° 45.52' N 24° 42.97' E","Baltic Sea - Gulf of Finland","Open sea","1","Estonia"
"C0013601","2","CHRISTOS XXIV (IMO 7041625), VARZUGA (IMO 7500401)","CHRISTOS XXIV (IMO 7041625): , VARZUGA (IMO 7500401): ","Panama, Russian Federation","Towing / Pushing, Oil Tanker","2021-05-03 19:46","Ship/equipment damage - ship/equipment damage","Marine casualty","50° 08.80' N 2° 08.20' W","","Open sea","2","France; France"
"C1000251","1","SAINT PETER (LH22)","SAINT PETER (LH22): ","United Kingdom","Fish Catching","2021-05-02 15:26","Occupational accident - slipping, stumbling, falling of person
overboard","Very serious marine casualty","55° 58.75' N 2° 22.61' W","","Coastal waters","1","United Kingdom"
"C0013545","1","SIMON BROTHER (IMO 9237383)","SIMON BROTHER (IMO 9237383): ","Hong Kong, China","Bulk Dry","2021-05-01 09:55","","Very serious marine casualty","","Kavieng, Papua New Guinea","Anchorage","1","Hong Kong, China"
"C0013232","1","MSC ENGLAND (IMO 9232890)","MSC ENGLAND (IMO 9232890): ","Liberia","Container","2021-04-30 09:30","","Very serious marine casualty","40° 52.70' N 29° 20.10' E","TGE Shipyard Tuzla, Turkey","Port","1","Liberia"
"C0013256","1","ARIN (IMO 9295048)","ARIN (IMO 9295048): ","Liberia","Oil Tanker","2021-04-29 16:14","","Marine casualty","32° 22.00' N 15° 13.00' E","Misurata Port","","0",""
"C0013785","2","ILGWANGHO, SUNNY ROSE (IMO 9738765)","ILGWANGHO: , SUNNY ROSE (IMO 9738765): ","Unknown, Panama",", Container","2021-04-29 03:10","","Marine casualty","37° 19.87' N 126° 35.54' E","About 1 miles off from the Hanjin Container Terminal on the channel (Fairway No.3)","Coastal waters","1","Panama"
"C0013528","1","RIVERSIDE (IMO 9412464)","RIVERSIDE (IMO 9412464): ","Malta","Oil Tanker","2021-04-28 16:10","Occupational accident - body movement without any physical
stress (generally leading to an external
injury)","Marine casualty","40° 41.25' N 29° 19.31' E","Mediterranean Region - Sea of Marmara","Coastal waters","2","Malta; Malta"
"C0013696","1","MCC TOKYO (IMO 9823728)","MCC TOKYO (IMO 9823728): ","Panama","Container","2021-04-28 01:40","","Very serious marine casualty","22° 19.88' N 114° 07.00' E","KWAI TSING CONTAINER TERMINAL, HK","At berth","1","Hong Kong, China"
"C0013596","2","A SYMPHONY (IMO 9249324), SEA JUSTICE (IMO 9309514)","A SYMPHONY (IMO 9249324): , SEA JUSTICE (IMO 9309514): ","Liberia, Panama","Oil Tanker, ","2021-04-27 08:51","","Very serious marine casualty","35° 44.00' N 120° 58.40' E","10 Nautical Miles South of Chaolian Island, China","","1","Liberia"
"C0013700","1","WISDOM (IMO 9182069)","WISDOM (IMO 9182069): ","Panama","Oil Tanker","2021-04-24 00:00","","Very serious marine casualty","35° 15.17' N 35° 55.18' E","Syrian Arab Republic","","0",""
"C0013506","1","VAN STAR (IMO 9573842)","VAN STAR (IMO 9573842): ","Panama","Bulk Dry","2021-04-22 21:46","Occupational accident - slipping, stumbling, falling of person to a
lower level","Marine casualty","49° 21.00' N 0° 59.00' E","","River","2","France; France"
"C1000405","1","MEXICO STAR (IMO 9138800)","MEXICO STAR (IMO 9138800): Y","Mexico","Passenger / General Cargo","2021-04-21 02:14","Collision - with other ship","Very serious marine casualty","25° 34.11' N 109° 04.86' W","Canal de Navegación del Puerto de Topolobampo","Canal","1","Mexico"
"C0013246","1","NING MAY (IMO 9891866)","NING MAY (IMO 9891866): ","Liberia","Bulk Dry","2021-04-20 10:25","","Very serious marine casualty","22° 36.09' N 120° 12.70' E","At Sea","Coastal waters","0",""
"C0013529","1","CARIBBEAN HARMONY (IMO 9458468)","CARIBBEAN HARMONY (IMO 9458468): ","Hong Kong, China","General Cargo","2021-04-16 09:10","","Very serious marine casualty","","Onsan Zink terminal in Port of Onsan, Republic of Korea","At berth","1","Hong Kong, China"
"C0013699","2","KHANG ANH 189 (IMO 8669486), SITC KAWASAKI (IMO 9412854)","KHANG ANH 189 (IMO 8669486): , SITC KAWASAKI (IMO 9412854): ","Viet Nam, Hong Kong, China","General Cargo, ","2021-04-15 04:21","","Very serious marine casualty","9° 42.00' N 106° 51.00' E","Viet Nam","","0",""
"C0013809","1","MSC SUEZ (IMO 8918978)","MSC SUEZ (IMO 8918978): ","Panama","Container","2021-04-14 18:40","","Very serious marine casualty","54° 34.00' N 11° 13.00' E","AT EASTERN PART OF BALTIC SEA","","1","Panama"
"C0013507","1","CELEBRITY SUMMIT (IMO 9192387)","CELEBRITY SUMMIT (IMO 9192387): ","Malta","Passenger","2021-04-14 10:03","Ship/equipment damage - ship/equipment damage","Marine casualty","26° 05.17' N 80° 07.01' W","","Port","2","Malta; Malta"
"C0013621","1","HILDA","HILDA: ","Argentina","Other Dry Cargo","2021-04-13 17:25","","Very serious marine casualty","33° 13.18' S 59° 21.50' W","Aguas Interiores, Puerto Ruíz, Río Gualeguay Km 334 margen derecha.","At berth","1","Argentina"
"C1000157","1","APL LE HAVRE (IMO 9461881)","APL LE HAVRE (IMO 9461881): ","Singapore","Container","2021-04-13 00:59","Collision - with other ship","Very serious marine casualty","12° 48.59' N 74° 06.40' E","Off Mangalore, India","Open sea","1","India"
"C0013217","1","SEACOR POWER (IMO 8765682)","SEACOR POWER (IMO 8765682): ","United States","Other Offshore","2021-04-13 00:00","","Very serious marine casualty","","Off Louisiana, United States","","0",""
"C0013649","1","DS SOFIE BULKER (IMO 9310604)","DS SOFIE BULKER (IMO 9310604): ","Marshall Islands","Bulk Dry","2021-04-12 17:30","","Marine incident","10° 23.38' S 0° 24.70' W","South Atlantic Ocean","Open sea","1","Marshall Islands"
"C0013757","1","Viking Norsafe JYN-57 MKI","Viking Norsafe JYN-57 MKI: ","Sweden","Other Activities","2021-04-12 09:14","Capsize/listing - listing","Very serious marine casualty","59° 20.53' N 18° 07.21' E","","Port","1","Sweden"
"C0013221","1","ASIAN CHAMPION (IMO 9474656)","ASIAN CHAMPION (IMO 9474656): ","Singapore","Bulk Dry","2021-04-12 08:06","","Very serious marine casualty","6° 01.42' S 105° 56.27' E","Asahimas Subentra Chemical Port","","1","Indonesia"
"C0013504","1","RAPALLO (IMO 9413690)","RAPALLO (IMO 9413690): ","Malta","Bulk Dry","2021-04-07 19:42","Occupational accident - overflow, overturn, leak, flow,
vaporization, emission of material agent","Marine casualty","2° 34.70' N 101° 42.89' E","","Port","3","Malta; Malta; Malta"
"C0013620","1","UR ERTZA (IMO 7416210)","UR ERTZA (IMO 7416210): ","Argentina","Other Fishing","2021-04-07 19:39","","Very serious marine casualty","38° 01.97' S 57° 30.84' W","Mar Argentino, Rada exterior del puerto de Mar del Plata.","Port approach","1","Argentina"
"C1000410","1","ST. CUDI (IMO 9014420)","ST. CUDI (IMO 9014420): Y","Panama","Chemical Tanker","2021-04-07 15:30","Occupational accident - overflow, overturn, leak, flow,
vaporization, emission of material agent","Marine casualty","3° 32.00' N 100° 06.00' E","Malasia","At berth","1","Panama"
"C0013787","2","IVY ALLIANCE (IMO 9473834), RICH RAINBOW (IMO 9800659)","IVY ALLIANCE (IMO 9473834): , RICH RAINBOW (IMO 9800659): ","Marshall Islands, Panama",", Chemical Tanker","2021-04-07 08:45","","Marine casualty","14° 31.88' N 120° 52.09' E","at Manila Bay","Port approach","1","Panama"
"C1000183","1","MPV EVEREST (IMO 9769130)","MPV EVEREST (IMO 9769130): Y","Bahamas","Other Activities","2021-04-05 10:58","Fire/explosion - fire","Marine casualty","58° 01.20' S 98° 02.76' E","Southern Ocean","Open sea","1","Australia"
"C0013209","1","EEMSLIFT HENDRIKA (IMO 9671486)","EEMSLIFT HENDRIKA (IMO 9671486): ","Netherlands (Kingdom of)","General Cargo","2021-04-05 00:00","","Marine casualty","","60nm west of the Norwegian coast ","","0",""
"C0013251","1","OLIVIA","OLIVIA: ","Denmark","Fish Catching","2021-04-04 16:00","Capsize/listing - capsize","Very serious marine casualty","56° 10.53' N 12° 11.61' E","","Open sea","1","Denmark"
"C0013498","1","KIRAN AFRICA (IMO 9491173)","KIRAN AFRICA (IMO 9491173): ","Malta","Bulk Dry","2021-03-31 13:45","Occupational accident - slipping, stumbling, falling of person to a
lower level","Marine casualty","10° 16.19' S 33° 13.69' W","","Open sea","2","Malta; Malta"
"C0013855","2","LS JAMIE (IMO 9418937), Z.85 - ALEXIS II","LS JAMIE (IMO 9418937): , Z.85 - ALEXIS II: ","Gibraltar (United Kingdom), Belgium","Chemical Tanker, Fish Catching","2021-03-31 03:31","Collision - with other ship","Marine casualty","51° 27.00' N 2° 09.00' E","","Open sea","1","Belgium"
"C1000352","1","AREQUIPA 10","AREQUIPA 10: N","Peru","Fish Catching","2021-03-29 11:00","Flooding/foundering - flooding","Very serious marine casualty","17° 57.00' S 71° 09.00' W","ILO","Open sea","1","Peru"
"C0013680","1","SEOUL EXPRESS (IMO 9193305)","SEOUL EXPRESS (IMO 9193305): ","Germany","Container","2021-03-27 08:00","Occupational accident - slipping, stumbling, falling of person to a
lower level","Very serious marine casualty","24° 55.89' N 113° 14.89' W","North Pacific Ocean - North Pacific Ocean W","Open sea","1","Germany"
"C0013978","1","NUEVO ALBOR","NUEVO ALBOR: ","Spain","Fish Catching","2021-03-26 14:21","Fire/explosion - fire","Marine casualty","38° 00.85' N 0° 25.76' W","","Coastal waters","1","Spain"
"C0013756","1","NATALY (IMO 9370288)","NATALY (IMO 9370288): ","Cyprus","General Cargo","2021-03-25 13:55","Occupational accident - overflow, overturn, leak, flow,
vaporization, emission of material agent","Very serious marine casualty","58° 35.70' N 17° 47.39' E","","Open sea","1","Sweden"
"C0013520","2","BERGFJORD (IMO 9012989), Futuro","BERGFJORD (IMO 9012989): , Futuro: ","Albania, Italy","General Cargo, Fish Catching","2021-03-25 06:40","Collision - with other ship","Very serious marine casualty","44° 22.00' N 12° 54.00' E","Mediterranean Region - Adriatic Sea","Open sea","2","Italy; Italy"
"C0013648","1","BBC RHONETAL (IMO 9614701)","BBC RHONETAL (IMO 9614701): ","Antigua and Barbuda","General Cargo","2021-03-25 03:09","","Marine casualty","20° 18.88' S 118° 34.29' E","Port Hedland","","1","Australia"
"C0013591","2","ATLAS (IMO 7330337), FORPOST (IMO 9039767)","ATLAS (IMO 7330337): , FORPOST (IMO 9039767): ","Estonia, Russian Federation","Towing / Pushing, Fish Catching","2021-03-23 21:50","Occupational accident - loss of control of machine, means of
transport or handling equipment,
hand-held tool, object, animal","Marine casualty","59° 27.17' N 24° 38.44' E","Baltic Sea - Gulf of Finland","Port","2","Estonia; Estonia"
"C0013211","1","EVER GIVEN (IMO 9811000)","EVER GIVEN (IMO 9811000): ","Panama","Container","2021-03-23 07:41","Grounding - while under power","Marine casualty","30° 01.00' N 32° 34.79' E","Suez Canal (Egypt)","Strait/channel","1","Panama"
"C0013813","1","AQUAMARINE DRILLER (IMO 8769652)","AQUAMARINE DRILLER (IMO 8769652): ","Panama","Other Activities","2021-03-20 22:25","","Very serious marine casualty","4° 15.00' N 103° 28.20' E","at Latitude 4.25˚N Longitude 103.47˚E, in South China Sea","","1","Panama"
"C0013683","1","ENY (IMO 9382695)","ENY (IMO 9382695): ","Marshall Islands","Bulk Dry / Oil","2021-03-18 20:30","","Very serious marine casualty","37° 29.00' N 129° 08.00' E","Port of Donghae","","1","Republic of Korea"
"C0013489","1","SEASCOUT (IMO 9255660)","SEASCOUT (IMO 9255660): ","Malta","Oil Tanker","2021-03-18 18:33","Fire/explosion - explosion","Marine casualty","21° 07.09' N 59° 31.89' E","","Open sea","2","Malta; Malta"
"C1000118","1","SKARVEN (IMO 9400394)","SKARVEN (IMO 9400394): ","NIS (Norway)","Bulk Dry","2021-03-18 13:20","Others - Others","Very serious marine casualty","6° 10.64' N 79° 37.29' E","","Open sea","1","Panama"
"C1000406","1","EMPERY (IMO 9744910)","EMPERY (IMO 9744910): Y","Singapore","Liquefied Gas","2021-03-18 13:01","Others - Others","Marine incident","18° 08.88' N 94° 24.61' W","Muelle del API Coatzacoalcos","Port","1","Mexico"
"C0013289","1","SOLYMAR (IMO 9167344)","SOLYMAR (IMO 9167344): ","Cyprus","General Cargo","2021-03-16 08:40","Occupational accident - breakage, bursting, splitting, fall or
collapse of material agent","Very serious marine casualty","55° 42.22' N 9° 42.18' E","","Port","2","Cyprus; Cyprus"
"C0013231","1","POLAR AASSIK (IMO 8718914)","POLAR AASSIK (IMO 8718914): ","Greenland (Denmark)","Fish Catching","2021-03-15 18:30","Flooding/foundering - foundering","Very serious marine casualty","68° 46.90' N 51° 22.00' W","","Open sea","2","Denmark; Denmark"
"C1000759","1","ENDURANCE (IMO 9121273)","ENDURANCE (IMO 9121273): ","United States","Ro-Ro Cargo","2021-03-13 09:45","Ship/equipment damage - ship/equipment damage","Marine casualty","53° 34.00' N 8° 33.27' E","","Port","1","Germany"
"C0013570","2","AFINA I (IMO 9585015), KIVELI (IMO 8204731)","AFINA I (IMO 9585015): , KIVELI (IMO 8204731): ","Malta, Panama","Bulk Dry, Bulk Dry","2021-03-13 06:00","","Marine incident","","Greece","","1","Liberia"
"C1000435","1","MSC LIRICA (IMO 9246102)","MSC LIRICA (IMO 9246102): Y","Panama","Passenger","2021-03-12 15:05","Fire/explosion - fire","Marine casualty","36° 37.97' N 19° 54.50' E","Corfu Island NE cruise pier - GREECE","At berth","1","Panama"
"C1000543","1","DREPANOS (IMO 9420643)","DREPANOS (IMO 9420643): Y","Panama","Oil Tanker","2021-03-12 06:25","Others - Others","Marine casualty","34° 04.30' N 21° 11.39' W","","Open sea","1","Panama"
"C0013697","1","VOLGO-BALT 179 (IMO 8231019)","VOLGO-BALT 179 (IMO 8231019): ","Comoros","General Cargo","2021-03-11 04:40","","Very serious marine casualty","44° 20.00' N 30° 20.00' E","Romania","","0",""
"C0013698","1","DANA TRADER (IMO 7726952)","DANA TRADER (IMO 7726952): ","Togo","General Cargo","2021-03-11 00:00","","Very serious marine casualty","31° 37.00' N 30° 36.00' E","Egypt","","0",""
"C0013224","2","OLYMPIA (IMO 9765574), TB 96666 TS","OLYMPIA (IMO 9765574): , TB 96666 TS: ","Marshall Islands, Viet Nam","Container, Fish Catching","2021-03-09 09:15","","Very serious marine casualty","13° 08.39' N 110° 48.60' E","South China Sea","Open sea","1","Marshall Islands"
"C0013610","2","ATLE, FINLANDIA SEAWAYS (IMO 9198721)","ATLE: , FINLANDIA SEAWAYS (IMO 9198721): ","Sweden, Denmark","Towing / Pushing, Ro-Ro Cargo","2021-03-08 08:11","Collision - with other ship","Marine casualty","56° 09.16' N 14° 49.46' E","","Port","2","Sweden; Sweden"
"C0013488","1","BARRAMUNDI (IMO 9813113)","BARRAMUNDI (IMO 9813113): ","Marshall Islands","Bulk Dry / Oil","2021-03-07 11:30","","Very serious marine casualty","22° 26.29' N 119° 00.87' E","South China Sea","Open sea","1","Marshall Islands"
"C1000252","1","SIR DAVID ATTENBOROUGH (IMO 9798222)","SIR DAVID ATTENBOROUGH (IMO 9798222): ","Falkland Islands (Malvinas)‡","Research","2021-03-04 11:56","Ship/equipment damage - ship/equipment damage","Marine incident","56° 20.00' N 5° 53.00' W","Scotland, United Kingdom","Anchorage","0",""
"C0013484","1","CAPTAIN V. MADIAS (IMO 9617351)","CAPTAIN V. MADIAS (IMO 9617351): ","Malta","Bulk Dry","2021-03-02 11:55","Grounding - while under power","Marine casualty","1° 12.70' S 127° 49.21' E","","Archipelagos","2","Malta; Malta"
"C0013553","1","VESTA","VESTA: ","Sweden","Other Activities","2021-03-01 09:55","Occupational accident - body movement without any physical
stress (generally leading to an external
injury)","Very serious marine casualty","57° 41.46' N 11° 47.78' E","","Port","2","Sweden; Sweden"
"C0013180","1","YM INCREMENT (IMO 9319143)","YM INCREMENT (IMO 9319143): ","Liberia","Container","2021-02-28 15:31","","Very serious marine casualty","2° 41.10' N 101° 23.20' E","Out side Port Klang, Malaysia","Coastal waters","0",""
"C0013626","1","CREST RADIANT 1 (IMO 9499979)","CREST RADIANT 1 (IMO 9499979): ","Singapore","Offshore Supply","2021-02-26 01:30","","Very serious marine casualty","25° 09.80' N 54° 16.10' E","OFF ABU NUAYR ISLAND","Open sea","1","United Arab Emirates"
"C0013973","1","KNOKKE (IMO 9687497)","KNOKKE (IMO 9687497): ","Belgium","Liquefied Gas","2021-02-23 18:00","Occupational accident - overflow, overturn, leak, flow,
vaporization, emission of material agent","Marine casualty","54° 23.88' N 18° 41.60' E","","Port","2","Belgium; Belgium"
"C0013518","1","CSSC CAPE TOWN (IMO 9853888)","CSSC CAPE TOWN (IMO 9853888): ","Hong Kong, China","Bulk Dry","2021-02-19 21:10","","Marine incident","","Gibraltar","Anchorage","1","Hong Kong, China"
"C0013682","1","APRIL (IMO 9013024)","APRIL (IMO 9013024): ","Panama","General Cargo","2021-02-19 00:00","","Very serious marine casualty","45° 30.00' N 36° 35.00' E","The Sea of Azov 12 Miles NW of Kavkaz, The Russian Federation","","0",""
"C1000431","1","EVER LOTUS (IMO 9604122)","EVER LOTUS (IMO 9604122): Y","Panama","Container","2021-02-18 22:40","Others - Others","Very serious marine casualty","12° 57.84' S 125° 06.23' W","INTERNATIONAL WATERS - OPEN SEA","Open sea","1","Panama"
"C0013247","1","UK DIVERSITY (IMO 7359125)","UK DIVERSITY (IMO 7359125): ","Palau","General Cargo","2021-02-18 06:15","","Very serious marine casualty","","out of Benghazi port","","0",""
"C0013185","1","COPIOUS (IMO 9395757)","COPIOUS (IMO 9395757): ","United Kingdom","Fish Catching","2021-02-18 03:19","","Very serious marine casualty","59° 37.70' N 0° 34.30' W","Lerwick","","1","United Kingdom"
"C0013257","1","MARGRETHE FIGHTER (IMO 8705620)","MARGRETHE FIGHTER (IMO 8705620): ","Denmark","Dredging","2021-02-17 13:34","Capsize/listing - capsize","Very serious marine casualty","55° 21.91' N 13° 09.11' E","","Port","2","Denmark; Denmark"
"C0013577","1","VENUS (IMO 9661455)","VENUS (IMO 9661455): ","Singapore","Oil Tanker","2021-02-16 22:46","","Very serious marine casualty","1° 16.70' N 103° 55.59' E","The Port of Singapore","Anchorage","1","Singapore"
"C1000487","1","TIMCA (IMO 9307358)","TIMCA (IMO 9307358): Y","Netherlands (Kingdom of)","Ro-Ro Cargo","2021-02-16 05:20","Grounding - while under power","Marine casualty","61° 07.00' N 21° 09.00' E","Gulf of Bothnia","Archipelagos","1","Finland"
"C0013412","1","Anna Mamm Mari","Anna Mamm Mari: ","France","Fish Catching","2021-02-15 16:26","Occupational accident - slipping, stumbling, falling of person
overboard","Marine casualty","46° 07.20' N 2° 05.00' W","","Open sea","2","France; France"
"C0013183","1","GREATSHIP ROHINI (IMO 9522532)","GREATSHIP ROHINI (IMO 9522532): ","India","Offshore Supply","2021-02-13 09:15","","Very serious marine casualty","19° 33.00' N 71° 21.00' E","Arabian Sea, 100 miles NW of Mumbai, India","","0",""
"C0013228","1","DERBY (IMO 9464780)","DERBY (IMO 9464780): ","Marshall Islands","Bulk Dry","2021-02-13 09:10","","Very serious marine casualty","0° 51.90' S 76° 02.50' E","Indian Ocean","Open sea","1","Marshall Islands"
"C1000156","1","GREATSHIP ROHINI (IMO 9522532)","GREATSHIP ROHINI (IMO 9522532): ","India","Offshore Supply","2021-02-13 09:00","Fire/explosion - fire","Very serious marine casualty","19° 25.00' N 71° 17.00' E","Mumbai High","Port approach","1","India"
"C0013158","1","PRINCE 4 (IMO 8512865)","PRINCE 4 (IMO 8512865): ","Comoros","Bulk Dry","2021-02-12 17:55","","Marine casualty","46° 34.59' N 31° 21.60' E","Black sea, 1,5 nm from the entrance of Buzko-Dniprovsko-Lymanskyi Channel","","0",""
"C0013848","2","CALYPSO. GR (IMO 9785134), SOETKIN (IMO 9222065)","CALYPSO. GR (IMO 9785134): , SOETKIN (IMO 9222065): ","Marshall Islands, Belgium","Bulk Dry, Fish Catching","2021-02-12 03:52","Collision - with other ship","Marine casualty","50° 27.44' N 0° 29.71' W","North Atlantic Ocean - North Sea","Open sea","1","Belgium"
"C0013333","1","GALLIPOLI SEAWAYS (IMO 9215476)","GALLIPOLI SEAWAYS (IMO 9215476): ","Türkiye","Ro-Ro Cargo","2021-02-11 13:11","","Marine casualty","39° 43.50' N 25° 46.70' E","Southwest of Bozcaada-Çanakkale/Turkey","Open sea","1","Türkiye"
"C0013808","1","BALTIC K (IMO 9514121)","BALTIC K (IMO 9514121): ","Panama","Other Bulk Dry","2021-02-09 11:12","","Very serious marine casualty","7° 28.79' N 108° 33.50' E","About 150 miles off the Southeast of Vietnam","","1","Panama"
"C0013244","1","ENEOVAI (IMO 9506667)","ENEOVAI (IMO 9506667): ","Nigeria","Towing / Pushing","2021-02-08 18:00","","Very serious marine casualty","3° 27.80' N 5° 27.80' E","Agbami Offshore","","1","Nigeria"
"C0013862","1","ATLANTIC PROJECT II (IMO 9235983)","ATLANTIC PROJECT II (IMO 9235983): ","Malta","General Cargo","2021-02-08 08:00","Occupational accident - body movement under or with physical
stress (generally leading to an internal
injury)","Very serious marine casualty","51° 16.90' N 4° 22.87' E","North Atlantic Ocean - North Sea","Port","1","Belgium"
"C1000271","1","ENEOVAI (IMO 9506667)","ENEOVAI (IMO 9506667): Y","Nigeria","Towing / Pushing","2021-02-08 02:20","Unknown - Unknown","Very serious marine casualty","3° 27.79' N 5° 27.00' E","AGBAMI OIL FIELD OFFSHORE","Coastal waters","1","Nigeria"
"C0013225","1","SANTA CLARA (IMO 9444716)","SANTA CLARA (IMO 9444716): ","Denmark","Container","2021-02-07 03:39","Occupational accident - body movement without any physical
stress (generally leading to an external
injury)","Very serious marine casualty","53° 39.82' N 8° 23.02' E","","Strait/channel","2","Denmark; Denmark"
"C0013184","1","CORNISHMAN (IMO 7102558)","CORNISHMAN (IMO 7102558): ","United Kingdom","Fish Catching","2021-02-06 06:36","","Very serious marine casualty","49° 13.80' N 6° 55.50' W","English Channel ","","0",""
"C0013882","1","MARLIONA (IMO 9321342)","MARLIONA (IMO 9321342): ","Ireland","Fish Catching","2021-02-03 14:05","Occupational accident - body movement without any physical
stress (generally leading to an external
injury)","Marine casualty","55° 12.10' N 6° 59.06' W","","Unknown","2","Ireland; Ireland"
"C1000253","1","ANNIE E (IMO 9827190)","ANNIE E (IMO 9827190): Y","United Kingdom","Other Activities","2021-02-03 09:37","Occupational accident - loss of control of machine, means of
transport or handling equipment,
hand-held tool, object, animal","Very serious marine casualty","56° 50.63' N 6° 12.68' W","Sound of Eigg","Coastal waters","0",""
"C0013592","1","VALARIS DS-4 (IMO 9459943)","VALARIS DS-4 (IMO 9459943): ","Marshall Islands","Other Offshore","2021-02-02 19:15","","Marine incident","55° 46.20' N 4° 52.40' W","Hunterston, Scotland","","1","Marshall Islands"
"C1000272","2","TEAM BELEUZI (IMO 9729453), TOPAZ ENERGY (IMO 9678771)","TEAM BELEUZI (IMO 9729453): Y, TOPAZ ENERGY (IMO 9678771): ","Marshall Islands, Singapore","Offshore Supply, Offshore Supply","2021-01-31 23:56","Occupational accident - slipping, stumbling, falling of person
overboard","Very serious marine casualty","4° 40.56' N 7° 09.51' E","ONNE OFFSHORE","Coastal waters","1","Nigeria"
"C0013173","2","TEAM BELEUZI (IMO 9729453), TOPAZ ENERGY (IMO 9678771)","TEAM BELEUZI (IMO 9729453): , TOPAZ ENERGY (IMO 9678771): ","Nigeria, Nigeria",", Offshore Supply","2021-01-31 23:55","","Very serious marine casualty","4° 40.00' N 7° 09.00' E","ONNE OFFSHORE","","1","Nigeria"
"C0013330","1","FPSO CIDADE DE MANGARATIBA - MV 24","FPSO CIDADE DE MANGARATIBA - MV 24: ","Bahamas","Other Offshore","2021-01-31 15:45","","Marine incident","25° 12.00' S 45° 52.00' W","Santos Basin.","","1","Brazil"
"C0013566","1","QING PING SHAN (IMO 9741504)","QING PING SHAN (IMO 9741504): ","Hong Kong, China","Bulk Dry","2021-01-30 15:00","","Very serious marine casualty","","Astoria anchorage","","1","Hong Kong, China"
"C0013419","1","GIULIA I (IMO 9638135)","GIULIA I (IMO 9638135): ","Malta","Bulk Dry","2021-01-30 11:20","Occupational accident - body movement without any physical
stress (generally leading to an external
injury)","Very serious marine casualty","40° 00.00' N 59° 29.00' W","","Open sea","1","Malta"
"C1000254","1","Nicola Faith","Nicola Faith: ","United Kingdom","Fish Catching","2021-01-28 10:08","Capsize/listing - capsize","Very serious marine casualty","53° 21.78' N 3° 40.95' W","Colwyn Bay","Coastal waters","0",""
"C1000255","1","Nicola Faith","Nicola Faith: ","United Kingdom","Fish Catching","2021-01-28 10:08","Capsize/listing - capsize","Very serious marine casualty","53° 21.78' N 3° 40.95' W","Colwyn Bay","Coastal waters","0",""
"C0013505","1","GOLFO AZUL","GOLFO AZUL: ","Argentina","Fish Catching","2021-01-27 00:30","","Very serious marine casualty","40° 55.70' S 64° 51.90' W","Mar Argentino, Golfo San Matías, Provincia de Río Negro","Coastal waters","2","Argentina; Argentina"
"C0013857","1","UILENSPIEGEL (IMO 9247467)","UILENSPIEGEL (IMO 9247467): ","Belgium","Dredging","2021-01-26 15:15","Fire/explosion - fire","Marine casualty","38° 28.82' N 8° 47.67' W","","Unknown","1","Belgium"
"C0013784","1","WEST NEPTUNE (IMO 9655028)","WEST NEPTUNE (IMO 9655028): ","Panama","Other Offshore","2021-01-24 13:30","","Marine casualty","28° 14.56' N 88° 49.61' E","50 NM Southeast of SW Pass Mississippi River","Open sea","1","Panama"
"C0013612","1","NANINA (IMO 8656544)","NANINA (IMO 8656544): ","Argentina","Other Fishing","2021-01-24 09:55","","Marine casualty","44° 50.00' S 61° 24.00' W","Zona Económica Exclusiva a 186 millas náuticas de Bahía Camarones. Argentina","Open sea","1","Argentina"
"C0013263","1","NORDIC HAMBURG (IMO 9514755)","NORDIC HAMBURG (IMO 9514755): ","Cyprus","Container","2021-01-22 15:55","Occupational accident - slipping, stumbling, falling of person
overboard","Very serious marine casualty","58° 24.89' N 20° 43.39' E","","Open sea","3","Cyprus; Cyprus; Cyprus"
"C0013182","1","CARMEN I (IMO 6612269)","CARMEN I (IMO 6612269): ","Bolivia (Plurinational State of)","General Cargo","2021-01-21 09:00","","Very serious marine casualty","","70 Miles NW of Cartagena, Colombia","","0",""
"C0013492","1","QUEBEC (IMO 9044425)","QUEBEC (IMO 9044425): ","Panama","Bulk Dry","2021-01-20 09:00","","Marine casualty","10° 45.25' S 165° 49.29' E","Solomon Islands","Anchorage","1","Solomon Islands"
"C0013548","1","TRINITY BAY (IMO 9149990)","TRINITY BAY (IMO 9149990): ","Australia","General Cargo","2021-01-19 08:10","","Marine casualty","10° 47.97' S 142° 42.13' E","Harrington Shoal, Great Barrier Reef","","0",""
"C0013509","1","BAO RUN (IMO 9698599)","BAO RUN (IMO 9698599): ","Hong Kong, China","Bulk Dry","2021-01-18 15:30","","Very serious marine casualty","17° 29.29' N 58° 07.00' E","at sea","Open sea","1","Hong Kong, China"
"C0013142","1","ARVIN (IMO 8874316)","ARVIN (IMO 8874316): ","Palau","General Cargo","2021-01-17 12:30","","Very serious marine casualty","","Bartin Road - Anchorage","","1","Palau"
"C0013783","1","NAVIOS SOL (IMO 9545170)","NAVIOS SOL (IMO 9545170): ","Panama","Bulk Dry","2021-01-16 10:48","","Marine casualty","36° 28.00' N 22° 40.40' E","AT SEA / MEDITERRANNEAN SEA","Open sea","1","Panama"
"C0013482","1","MAERSK ESSEN (IMO 9456783)","MAERSK ESSEN (IMO 9456783): ","Denmark","Container","2021-01-16 08:10","Loss of control - loss of containment","Marine casualty","28° 20.10' N 154° 00.00' W","North Pacific Ocean - North Pacific Ocean W","Open sea","2","Denmark; Denmark"
"C0013517","1","OCEAN GOLD (IMO 9336751)","OCEAN GOLD (IMO 9336751): ","Hong Kong, China","General Cargo","2021-01-15 15:15","","Very serious marine casualty","","Kwangyang, South Korea","At berth","1","Hong Kong, China"
"C0013140","1","KAREDIG","KAREDIG: ","France","Other Activities","2021-01-15 07:02","","Marine incident","21° 35.99' N 37° 06.35' E","port sudan  north coust","","0",""
"C0013487","1","BREIZ","BREIZ: ","France","Fish Catching","2021-01-14 23:35","Capsize/listing - capsize","Very serious marine casualty","49° 21.32' N 0° 18.51' W","North Atlantic Ocean - English Channel","Coastal waters","2","France; France"
"C0013175","1","CHIPOL TAIAN (IMO 9509621)","CHIPOL TAIAN (IMO 9509621): ","Liberia","General Cargo","2021-01-12 08:50","","Very serious marine casualty","8° 16.00' N 108° 53.00' E","At Sea","Open sea","1","Liberia"
"C0013361","1","FABIO DUO' (IMO 9627174)","FABIO DUO' (IMO 9627174): ","Malta","Other Activities","2021-01-11 15:40","Occupational accident - body movement without any physical
stress (generally leading to an external
injury)","Marine casualty","44° 19.83' N 9° 13.14' E","Mediterranean Region - Ligurian Sea","Port","2","Malta; Malta"
"C0013413","1","OHIO","OHIO: ","Malta","Other Activities","2021-01-09 22:33","Contact - with floating object","Marine casualty","36° 00.13' N 14° 26.17' E","Mediterranean Region - Mediterranean Region","Coastal waters","2","Malta; Malta"
"C1000130","1","HAFNIA AQUAMARINE (IMO 9711573)","HAFNIA AQUAMARINE (IMO 9711573): Y","Singapore","Chemical Tanker","2021-01-09 13:43","Contact - with fixed object","Marine incident","17° 59.09' N 76° 50.00' W","","At berth","0",""
"C0013885","1","BENTAGO EXPRESS (IMO 9213337)","BENTAGO EXPRESS (IMO 9213337): ","Spain","Passenger/Ro-Ro Cargo","2021-01-07 21:32","Grounding - while under power","Marine casualty","28° 05.87' N 15° 42.59' W","North Atlantic Ocean - Canarias Sea","Port","1","Spain"
"C0013584","1","Samaritana","Samaritana: ","Portugal","Fish Catching","2021-01-06 03:10","Flooding/foundering - flooding","Very serious marine casualty","41° 34.51' N 9° 10.75' W","North Atlantic Ocean - North Atlantic Ocean","Coastal waters","2","Portugal; Portugal"
"C1000341","1","AQUAGEMINI (IMO 9757010)","AQUAGEMINI (IMO 9757010): Y","Liberia","Other Dry Cargo","2021-01-04 02:59","Collision - with other ship","Marine casualty","7° 48.00' S 79° 42.00' W","SALAVERRY","Coastal waters","1","Peru"
"C1000298","1","CANUWA","CANUWA: ","Mexico","Yacht","2020-12-31 16:40","Flooding/foundering - foundering","Very serious marine casualty","20° 30.70' N 105° 23.20' W","Playa de quimixto","Port approach","1","Mexico"
"C0013314","1","ONEGA (IMO 7825590)","ONEGA (IMO 7825590): ","Russian Federation","Fish Catching","2020-12-28 04:12","","Very serious marine casualty","72° 05.00' N 50° 33.00' E","Sea Barents fishing grounds","","2","Russian Federation; Russian Federation"
"C0013431","1","KHARAZM (IMO 9442897)","KHARAZM (IMO 9442897): ","Iran (Islamic Republic of)","Ro-Ro Cargo","2020-12-26 18:30","","Very serious marine casualty","26° 39.00' N 56° 46.00' E","Strait of Hormuz, 18 miles SW of Kuhestak, Iran","Open sea","1","Iran (Islamic Republic of)"
"C0013341","1","MAERSK ELBA (IMO 9458078)","MAERSK ELBA (IMO 9458078): ","Denmark","Container","2020-12-26 02:18","Ship/equipment damage - ship/equipment damage","Marine casualty","36° 45.63' N 8° 47.57' W","Mediterranean Region - Strait of Gibraltar","Open sea","2","Denmark; Denmark"
"C0013264","1","PADEREWSKI (IMO 9731389)","PADEREWSKI (IMO 9731389): ","Cyprus","General Cargo","2020-12-21 15:50","Occupational accident - body movement without any physical
stress (generally leading to an external
injury)","Very serious marine casualty","39° 15.61' N 76° 28.99' W","","Port","2","Cyprus; Cyprus"
"C0013227","1","CHEM SINYOO (IMO 9248461)","CHEM SINYOO (IMO 9248461): ","Marshall Islands","Chemical Tanker","2020-12-21 09:00","","Very serious marine casualty","9° 45.00' N 110° 37.00' E","South China Sea","Open sea","1","Marshall Islands"
"C0013567","1","DANUM 175 (IMO 9248930)","DANUM 175 (IMO 9248930): ","Malaysia","Container","2020-12-21 03:07","","Very serious marine casualty","1° 17.29' N 103° 45.70' E","Pasir Panjang Terminal 1","","2","Malaysia; Singapore"
"C1000348","1","JEHOVA JIREH","JEHOVA JIREH: N","Peru","Fish Catching","2020-12-20 09:24","Collision - with other ship","Very serious marine casualty","8° 18.00' S 79° 09.00' W","SALAVERRY","Coastal waters","1","Peru"
"C0013220","1","KOTA BAHAGIA (IMO 9593672)","KOTA BAHAGIA (IMO 9593672): ","Singapore","Other Dry Cargo","2020-12-18 11:00","","Marine casualty","39° 28.80' S 176° 55.20' E","Napier","","1","New Zealand"
"C0013427","1","XIN HONG (IMO 9205524)","XIN HONG (IMO 9205524): ","Panama","General Cargo","2020-12-17 00:00","","Very serious marine casualty","10° 27.00' N 108° 57.00' E","3 MILES S OF DAO PHU QUY, BINH THUAN, VIETNAM","","1","Panama"
"C1000256","1","GALWAD Y MOR","GALWAD Y MOR: ","United Kingdom","Other Fishing","2020-12-15 11:22","Fire/explosion - explosion","Very serious marine casualty","53° 18.53' N 1° 15.46' E","","Open sea","1","United Kingdom"
"C0013210","1","MARE (IMO 8411671)","MARE (IMO 8411671): ","Vanuatu","General Cargo","2020-12-14 22:08","","Very serious marine casualty","43° 12.00' N 27° 52.00' E","Black Sea/Varna Lake","Inland waters","1","Bulgaria"
"C0013134","1","FPMC B 102 (IMO 9481635)","FPMC B 102 (IMO 9481635): ","Liberia","Bulk Dry","2020-12-14 11:10","","Very serious marine casualty","8° 17.10' N 132° 12.10' E","At sea","Open sea","1","Liberia"
"C0013440","2","OCEANA, XIN QI SHENG 69 (IMO 9872250)","OCEANA: , XIN QI SHENG 69 (IMO 9872250): ","Unknown, China",", Container","2020-12-13 23:35","","Very serious marine casualty","31° 07.00' N 122° 15.00' E","Beicao Fairway, 8 miles SW of Jigujiao, Shanghai, China","","1","China"
"C0013513","1","LUZON STRAIT (IMO 9317793)","LUZON STRAIT (IMO 9317793): ","Hong Kong, China","Bulk Dry","2020-12-11 14:32","","Very serious marine casualty","","at Bunbury anchorage, Australia","Anchorage","2","Hong Kong, China; Hong Kong, China"
"C0013100","1","PRIDE OF KENT (IMO 9015266)","PRIDE OF KENT (IMO 9015266): ","United Kingdom","Passenger/Ro-Ro Cargo","2020-12-11 12:42","","Marine casualty","50° 46.16' N 1° 51.73' E","Port","Port","1","United Kingdom"
"C0013270","1","UK-171 Spes Salutis (IMO 8432479)","UK-171 Spes Salutis (IMO 8432479): ","Netherlands (Kingdom of)","Fish Catching","2020-12-09 09:45","Capsize/listing - capsize","Very serious marine casualty","53° 39.99' N 6° 21.00' E","","Open sea","2","Netherlands (Kingdom of); Netherlands (Kingdom of)"
"C0013177","1","MARQUESSA (IMO 9308819)","MARQUESSA (IMO 9308819): ","Liberia","Oil Tanker","2020-12-08 09:20","","Marine casualty","22° 00.00' N 121° 53.40' E","At sea","Open sea","1","Liberia"
"C0013820","1","TOORAN (IMO 8654338)","TOORAN (IMO 8654338): ","Iran (Islamic Republic of)","General Cargo","2020-12-06 15:15","","Very serious marine casualty","29° 50.00' N 48° 26.00' E","Khawr Abd Allah Channel- Persian Gulf","Anchorage","1","Iran (Islamic Republic of)"
"C0013572","1","NEW EXCELLENCE (IMO 9502594)","NEW EXCELLENCE (IMO 9502594): ","Liberia","Bulk Dry","2020-12-04 04:15","","Very serious marine casualty","","Visakhapatnam","","1","Liberia"
"C0013836","1","SAGAMI (IMO 9379911)","SAGAMI (IMO 9379911): ","Panama","Chemical Tanker","2020-12-02 19:08","","Very serious marine casualty","29° 16.10' N 93° 39.68' W","Sabine Pilot Station, USA","","1","Panama"
"C0013564","1","BLUE BOSPORUS (IMO 9370185)","BLUE BOSPORUS (IMO 9370185): ","Panama","Bulk Dry","2020-12-01 13:16","","Very serious marine casualty","49° 17.50' N 123° 11.18' W","Kitsilano Point","Anchorage","1","Canada"
"C0013595","1","ROMAIN LUCA","ROMAIN LUCA: ","France","Fish Catching","2020-11-29 23:04","Capsize/listing - capsize","Very serious marine casualty","43° 06.80' N 3° 26.30' E","Mediterranean Region - Mediterranean Region","Coastal waters","2","France; France"
"C0013332","1","AL MURAYKH (IMO 9708863)","AL MURAYKH (IMO 9708863): ","Malta","Container","2020-11-26 09:33","Loss of control - loss of directional control","Marine casualty","30° 30.80' N 32° 20.11' E","","Strait/channel","2","Malta; Malta"
"C0013430","1","LADY ATHENA (IMO 8672366)","LADY ATHENA (IMO 8672366): ","Philippines","Ro-Ro Cargo","2020-11-25 15:30","","Very serious marine casualty","10° 32.00' N 120° 05.00' E","Sulu Sea off Cambari Island","","1","Philippines"
"C0013343","1","NORTHSEA RATIONAL (IMO 9334296)","NORTHSEA RATIONAL (IMO 9334296): ","Malta","Chemical Tanker","2020-11-25 10:22","Contact - with fixed object","Marine casualty","53° 32.61' N 9° 54.99' E","","Port","2","Germany; Germany"
"C1000121","1","ONSAN CHEMI (IMO 9244386)","ONSAN CHEMI (IMO 9244386): ","Republic of Korea","Chemical Tanker","2020-11-23 10:00","Others - Others","Very serious marine casualty","16° 58.00' N 119° 42.59' E","","Unknown","1","Republic of Korea"
"C1000319","1","TINA I (IMO 9267156)","TINA I (IMO 9267156): Y","Cyprus","Container","2020-11-22 23:38","Grounding - while under power","Marine casualty","1° 11.21' N 103° 52.81' E","Singapore Strait","Strait/channel","1","Indonesia"
"C0013511","1","CSSC HE MEI (IMO 9830070)","CSSC HE MEI (IMO 9830070): ","Hong Kong, China","Bulk Dry","2020-11-21 09:15","","Very serious marine casualty","25° 15.50' N 120° 41.90' E","At Sea","","1","Hong Kong, China"
"C0013318","1","MINERVA VERA (IMO 9411941)","MINERVA VERA (IMO 9411941): ","Malta","Oil Tanker","2020-11-21 08:49","Fire/explosion - fire","Very serious marine casualty","25° 55.38' N 51° 36.64' E","","Port","2","Malta; Malta"
"C0013125","1","Joanna C (BM265)","Joanna C (BM265): ","United Kingdom","Fish Catching","2020-11-21 06:01","","Very serious marine casualty","50° 43.60' N 0° 09.10' E","south of Newhaven ","","1","United Kingdom"
"C0013588","1","INO","INO: ","France","Fish Catching","2020-11-20 12:30","Capsize/listing - capsize","Very serious marine casualty","44° 36.69' N 1° 15.13' W","","Coastal waters","2","France; France"
"C0013435","1","CARMEN (IMO 8502949)","CARMEN (IMO 8502949): ","Brazil","Offshore Supply","2020-11-20 04:55","","Marine casualty","22° 07.00' S 40° 00.00' W","South Atlantic Ocean, 67 miles E of Farol de Sao Thome, Brazail","","0",""
"C0013148","1","DIANE (IMO 9492086)","DIANE (IMO 9492086): ","Bahamas","Bulk Dry","2020-11-17 08:45","","Very serious marine casualty","","king abdulaziz port ","","1","Saudi Arabia"
"C1000779","2","Cape Kallia (IMO 9447160), Kerinci Indah 02","Cape Kallia (IMO 9447160): Y, Kerinci Indah 02: ","Cyprus, Indonesia","Bulk Dry, Fish Catching","2020-11-17 03:33","Capsize/listing - capsize","Very serious marine casualty","9° 28.92' S 115° 51.06' E","Eastern Indian Ocean","Strait/channel","1","Indonesia"
"C0013806","1","CARNIVAL HORIZON (IMO 9767091)","CARNIVAL HORIZON (IMO 9767091): ","Panama","Passenger","2020-11-15 05:50","","Very serious marine casualty","24° 01.38' N 80° 55.59' W","Caribbean Sea ","","1","Panama"
"C0013656","1","WINNING PROGRESS (IMO 9576296)","WINNING PROGRESS (IMO 9576296): ","Singapore","Bulk Dry","2020-11-12 23:39","","Very serious marine casualty","30° 38.40' N 123° 03.00' E","East China sea","","1","China"
"C0013194","1","HOUSTON (IMO 9539602)","HOUSTON (IMO 9539602): ","Marshall Islands","Bulk Dry","2020-11-11 13:05","","Very serious marine casualty","45° 42.60' N 25° 57.50' W","North Atlantic Ocean","Open sea","1","Marshall Islands"
"C1000239","2","EPHESOS (IMO 9607423), POLATBEY 1","EPHESOS (IMO 9607423): Y, POLATBEY 1: N","Greece, Türkiye","Oil Tanker, Fish Catching","2020-11-11 05:46","Collision - with other ship","Very serious marine casualty","36° 19.00' N 35° 13.00' E","15 nm Off Shore Mersin / Türkiye","Open sea","2","Greece; Türkiye"
"C0013124","2","Achieve (HL 257), TALIS (IMO 9015424)","Achieve (HL 257): , TALIS (IMO 9015424): ","United Kingdom, Panama","Fish Catching, General Cargo","2020-11-08 15:45","","Very serious marine casualty","55° 02.00' N 1° 20.54' W","off South Shields","","1","United Kingdom"
"C1000347","1","PACIFIC GRACE (IMO 9154828)","PACIFIC GRACE (IMO 9154828): Y","Panama","Container","2020-11-06 22:12","Collision - with other ship","Marine casualty","20° 14.10' N 110° 31.70' E","QIONGZHOU Strait, China","Strait/channel","1","Panama"
"C0013724","1","STAVANGER BLISS (IMO 9364239)","STAVANGER BLISS (IMO 9364239): ","Norway","Oil Tanker","2020-11-05 11:20","Occupational accident - Others","Very serious marine casualty","34° 10.99' N 128° 21.00' E","","Open sea","1","Norway"
"C0013432","1","SOUTHWESTER (IMO 9126728)","SOUTHWESTER (IMO 9126728): ","Vanuatu","General Cargo","2020-11-05 00:30","","Very serious marine casualty","40° 18.03' N 9° 27.00' W","North Atlantic Ocean, 33 miles NW off Figueira Da Foz, Portugal","","0",""
"C0013123","1","FRANCISCA (IMO 9113214)","FRANCISCA (IMO 9113214): ","Netherlands (Kingdom of)","General Cargo","2020-10-31 11:56","","Marine casualty","58° 36.00' N 2° 56.00' W","near Duncansby Head, Scotland","","0",""
"C1000407","1","GLOBAL HOPE (IMO 9445629)","GLOBAL HOPE (IMO 9445629): Y","Panama","Bulk Dry","2020-10-30 22:40","Occupational accident - slipping, stumbling, falling of person
overboard","Very serious marine casualty","22° 02.00' N 88° 05.00' E","INDIA, PORT HALDIA","Port approach","1","Panama"
"C1000414","1","ONE AQUILA (IMO 9806043)","ONE AQUILA (IMO 9806043): Y","Panama","Container","2020-10-30 02:45","Others - Others","Marine casualty","40° 00.00' N 178° 10.00' E","","Open sea","1","Panama"
"C1000426","1","MAN SHENG (IMO 9132674)","MAN SHENG (IMO 9132674): Y","Panama","Bulk Dry","2020-10-29 21:00","Others - Others","Very serious marine casualty","0° 00.00' N 0° 00.00' E","JIUSHENG SHIP YARD at Zhangjiagang, CHINA","At berth","1","Panama"
"C0013048","1","MSF LADY HALOUM (IMO 9020338)","MSF LADY HALOUM (IMO 9020338): ","Panama","General Cargo","2020-10-27 16:20","","Marine casualty","32° 55.00' N 13° 10.60' E","TRIPOLI PORT","","1","Panama"
"C0013065","1","DAYANG TOPAZ (IMO 9622863)","DAYANG TOPAZ (IMO 9622863): ","Malaysia","Offshore Supply","2020-10-27 06:45","","Very serious marine casualty","4° 40.00' N 113° 51.00' E","Baram Oil Field","","1","Malaysia"
"C0013066","1","GAIL (IMO 9497505)","GAIL (IMO 9497505): ","Liberia","Bulk Dry","2020-10-25 09:30","","Very serious marine casualty","29° 25.30' N 48° 52.10' E","At sea","Open sea","1","Liberia"
"C0013325","1","GENERAL HAZI ASLANOV (IMO 9333577)","GENERAL HAZI ASLANOV (IMO 9333577): ","Russian Federation","Chemical Tanker","2020-10-24 15:14","","Very serious marine casualty","45° 35.20' N 36° 47.47' E","Sea of Azov","","1","Russian Federation"
"C1000257","1","SEATRAN FERRY 12 (IMO 8877849)","SEATRAN FERRY 12 (IMO 8877849): ","Tuvalu","Passenger/Ro-Ro Cargo","2020-10-23 22:30","Capsize/listing - capsize","Very serious marine casualty","22° 19.70' N 119° 59.40' E","SOUTH CHINA SEA","Open sea","0",""
"C1000412","1","LU YANG SHUN (IMO 9634880)","LU YANG SHUN (IMO 9634880): Y","China","Bulk Dry","2020-10-22 20:30","Others - Others","Marine casualty","7° 28.10' S 150° 15.30' E","","Open sea","1","Panama"
"C0013516","1","CALM LAKE (IMO 9239460)","CALM LAKE (IMO 9239460): ","Hong Kong, China","Chemical Tanker","2020-10-22 15:00","","Very serious marine casualty","2° 10.19' N 104° 40.90' E","at sea","Open sea","1","Hong Kong, China"
"C0013667","1","PRIDE OF HULL (IMO 9208629)","PRIDE OF HULL (IMO 9208629): ","Bahamas","Passenger/Ro-Ro Cargo","2020-10-20 20:35","","Very serious marine casualty",""," Humber Estuary, UK","","1","Bahamas"
"C0013041","1","MY DURU (IMO 8602000)","MY DURU (IMO 8602000): ","Vanuatu","General Cargo","2020-10-16 03:50","","Marine casualty","37° 17.00' N 25° 14.00' E","SOUTH OF SYROS ISLAND","","0",""
"C0013191","1","ANGEL 17 (IMO 9208605)","ANGEL 17 (IMO 9208605): Y","Marshall Islands","Oil Tanker","2020-10-15 17:40","","Very serious marine casualty","0° 18.00' N 168° 39.70' E","Pacific Ocean","Open sea","1","Marshall Islands"
"C1000155","1","MAA (IMO 9557331)","MAA (IMO 9557331): ","Bangladesh","General Cargo","2020-10-13 18:00","Grounding - while under power","Marine casualty","17° 38.50' N 83° 25.20' E","Off Vishakhapatnam Port","Port","2","India; India"
"C1000425","1","AJ JUNIOR (IMO 9159012)","AJ JUNIOR (IMO 9159012): Y","Panama","General Cargo","2020-10-12 15:35","Occupational accident - breakage, bursting, splitting, fall or
collapse of material agent","Very serious marine casualty","0° 00.00' N 0° 00.00' W","PORT OF KAVEH QESHM","At berth","1","Panama"
"C0013308","1","MISS BENEDETTA (IMO 9541306)","MISS BENEDETTA (IMO 9541306): ","Malta","Oil Tanker","2020-10-12 10:45","Loss of control - loss of containment","Very serious marine casualty","16° 37.29' N 80° 01.00' W","South Atlantic Ocean","Open sea","1","Malta"
"C0013850","1","HEIN SENIOR (IMO 9092642)","HEIN SENIOR (IMO 9092642): ","Belgium","Fish Catching","2020-10-12 04:10","Grounding - while drifting","Marine casualty","53° 18.41' N 5° 03.00' E","","Coastal waters","1","Belgium"
"C0013512","1","DARYA TAPTI (IMO 9712462)","DARYA TAPTI (IMO 9712462): ","Hong Kong, China","Bulk Dry","2020-10-09 16:50","","Very serious marine casualty","20° 39.56' N 163° 05.09' E","At Sea","Open sea","1","Hong Kong, China"
"C0013249","2","CB20, La Cassidaigne","CB20: , La Cassidaigne: ","France, France","Other Activities, Offshore Supply","2020-10-07 21:40","Collision - with other ship","Very serious marine casualty","43° 23.89' N 4° 58.99' E","","Coastal waters","3","France; France; France"
"C0013771","1","ECO LUX (IMO 9844239)","ECO LUX (IMO 9844239): ","Spain","Passenger","2020-10-06 21:30","Contact - with fixed object","Marine casualty","38° 46.39' N 1° 25.39' E","Mediterranean Region - Balearic Sea","Coastal waters","1","Spain"
"C0013053","1","SERVET ANA (IMO 9443774)","SERVET ANA (IMO 9443774): ","Türkiye","Bulk Dry","2020-10-04 00:00","","Very serious marine casualty","5° 28.12' N 9° 55.00' W","Off the Liberian coast","","1","Türkiye"
"C0013307","1","ALEXANDRA A (IMO 9356684)","ALEXANDRA A (IMO 9356684): ","Malta","General Cargo","2020-10-03 11:02","Occupational accident - slipping, stumbling, falling of person
overboard","Marine casualty","37° 34.57' N 23° 44.54' E","Mediterranean Region - Aegean Sea","Coastal waters","1","Malta"
"C0013329","1","BBR-26-30","BBR-26-30: ","Russian Federation","Other Activities","2020-10-03 06:20","","Very serious marine casualty","77° 42.77' N 104° 16.97' E","the Kara Sea near Cape Chelyuski","","2","Russian Federation; Russian Federation"
"C0013304","1","X-PRESS GODAVARI (IMO 9353735)","X-PRESS GODAVARI (IMO 9353735): ","Malta","Container","2020-09-28 07:30","Fire/explosion - fire","Marine casualty","20° 58.89' N 88° 13.29' E","","Open sea","1","Malta"
"C0013542","1","SEASPAN BRILLIANCE (IMO 9685334)","SEASPAN BRILLIANCE (IMO 9685334): ","Hong Kong, China","Container","2020-09-27 18:10","","Very serious marine casualty","","Vancouver, Canada","At berth","1","Hong Kong, China"
"C0013272","1","BE BOP","BE BOP: ","France","Yacht","2020-09-25 22:00","Flooding/foundering - foundering","Very serious marine casualty","41° 53.28' N 8° 46.48' E","","Coastal waters","1","France"
"C0013579","1","YUAN SUI HAI (IMO 9806938)","YUAN SUI HAI (IMO 9806938): ","Singapore","Bulk Dry","2020-09-25 02:27","","Very serious marine casualty","1° 52.00' N 89° 07.00' E","Indian Ocean","","1","Singapore"
"C0013501","1","CARMELO A (IMO 9054389)","CARMELO A (IMO 9054389): ","Argentina","Fish Catching","2020-09-23 22:15","","Very serious marine casualty","40° 12.00' S 60° 39.00' W","Mar Argentino, Zona Económica Exclusiva. Proximidades “El Rincón”","Open sea","2","Argentina; Argentina"
"C0013205","2","ICE ROSE (IMO 8311106), RFS KAZANETS 311","ICE ROSE (IMO 8311106): , RFS KAZANETS 311: ","Marshall Islands, Russian Federation","Refrigerated Cargo, Other Activities","2020-09-23 09:46","Collision - with other ship","Marine casualty","55° 30.17' N 12° 41.03' E","Baltic Sea - Baltic Sea","Coastal waters","1","Denmark"
"C1000402","2","MIN DONG YU 64952, ZHONG CHANG XIN SHENG (IMO 9603087)","MIN DONG YU 64952: , ZHONG CHANG XIN SHENG (IMO 9603087): Y","China, China","Fish Catching, Bulk Dry","2020-09-23 02:41","Collision - with other ship","Very serious marine casualty","26° 23.79' N 117° 47.40' E","20 nautical miles southeast of Dongshan Island, Fujian Province","Coastal waters","1","China"
"C0013521","1","CSC RUI HAI (IMO 9602851)","CSC RUI HAI (IMO 9602851): ","Hong Kong, China","General Cargo","2020-09-21 02:18","","Very serious marine casualty","","Changshu, China","Port","1","Hong Kong, China"
"C0013878","1","NOU CALPE QUATRE","NOU CALPE QUATRE: ","Spain","Fish Catching","2020-09-20 13:24","Occupational accident - breakage, bursting, splitting, fall or
collapse of material agent","Marine casualty","37° 34.79' N 0° 40.50' W","Mediterranean Region - Alboran Sea","Coastal waters","1","Spain"
"C0013303","1","YSALINE (IMO 9823364)","YSALINE (IMO 9823364): ","Malta","Ro-Ro Cargo","2020-09-20 13:00","Occupational accident - slipping, stumbling, falling of person to a
lower level","Marine casualty","51° 20.65' N 3° 13.15' E","North Atlantic Ocean - North Atlantic Ocean","Port","1","Malta"
"C0013302","1","GOLD DREDGER (IMO 8959271)","GOLD DREDGER (IMO 8959271): ","Malta","Other Activities","2020-09-17 12:03","Ship/equipment damage - ship/equipment damage","Marine casualty","35° 52.99' N 14° 30.26' E","Mediterranean Region - Mediterranean Region","Port","1","Malta"
"C0013127","1","RIO DE LA PLATA (IMO 9357951)","RIO DE LA PLATA (IMO 9357951): ","Singapore","Container","2020-09-16 10:30","","Marine casualty","","Port of Timaru","At berth","1","New Zealand"
"C0013769","1","VOLCAN DE TENO (IMO 9221346)","VOLCAN DE TENO (IMO 9221346): ","Spain","Passenger/Ro-Ro Cargo","2020-09-14 15:10","Fire/explosion - fire","Marine casualty","35° 58.20' N 5° 19.09' W","","Coastal waters","1","Spain"
"C0013034","1","BALTIC JASMINE (IMO 9181156)","BALTIC JASMINE (IMO 9181156): ","Cyprus","Refrigerated Cargo","2020-09-14 03:55","","Very serious marine casualty","3° 10.06' S 80° 04.17' W","INGRESO A PUERTO BOLIVAR ECUADOR","","2","Cyprus; Cyprus"
"C0013805","1","MSC MIA (IMO 9839466)","MSC MIA (IMO 9839466): ","Panama","Container","2020-09-13 09:35","","Marine casualty","39° 26.70' N 0° 19.20' W","PORT OF VALENCIA","","1","Panama"
"C0013782","1","CHANG SHUN I (IMO 8976841)","CHANG SHUN I (IMO 8976841): ","Panama","Refrigerated Cargo","2020-09-12 02:27","","Very serious marine casualty","34° 43.47' N 129° 26.62' E","NORTH EAST COAST OF TSUSHIMA ISLAND, JAPAN","Inland waters","1","Panama"
"C0013019","1","CHANG SHUN I (IMO 8976841)","CHANG SHUN I (IMO 8976841): ","Panama","Refrigerated Cargo","2020-09-12 02:27","","Very serious marine casualty","","Mitsushima Island, North end of Tsushima City, Nagasaki Prefecture, Japan","Inland waters","1","Japan"
"C0013546","1","RESPONDER (IMO 9215206)","RESPONDER (IMO 9215206): ","Republic of Korea","Other Activities","2020-09-11 03:35","","Very serious marine casualty","34° 06.40' N 128° 31.79' E","Jawasari Island in Tongyeong City, Republic of korea","","1","Republic of Korea"
"C0013298","1","RIMONA (IMO 9468750)","RIMONA (IMO 9468750): ","Malta","Bulk Dry","2020-09-09 21:20","Occupational accident - body movement without any physical
stress (generally leading to an external
injury)","Very serious marine casualty","38° 45.85' N 26° 54.91' E","","Port","1","Malta"
"C0013018","1","TALIA H (IMO 9359947)","TALIA H (IMO 9359947): ","Barbados","General Cargo","2020-09-07 11:20","","Marine casualty","","Chittagong. India","","1","Barbados"
"C0013149","1","SAGAFJORD (IMO 7943079)","SAGAFJORD (IMO 7943079): ","Denmark","Passenger","2020-09-05 14:00","Grounding - while under power","Marine casualty","55° 40.26' N 12° 04.25' E","","Port","1","Denmark"
"C0013328","1","CHERNOMORETS-34 (IMO 8228581)","CHERNOMORETS-34 (IMO 8228581): ","Russian Federation","Non-ship structures","2020-09-03 22:20","","Very serious marine casualty","42° 52.06' N 131° 23.34' E","port area","","1","Russian Federation"
"C0013122","1","WAVERLEY (IMO 5386954)","WAVERLEY (IMO 5386954): ","United Kingdom","Passenger","2020-09-03 16:28","","Marine casualty","55° 34.68' N 5° 08.22' W","on arrival at Brodick, Isle of Arran","","0",""
"C0013010","1","NEW DIAMOND (IMO 9191424)","NEW DIAMOND (IMO 9191424): ","Panama","Other Activities","2020-09-03 00:00","","Very serious marine casualty","","40 nm off the coast of eastern Sri Lanka ","","1","Panama"
"C0013515","1","TOKYO SPIRIT (IMO 9669627)","TOKYO SPIRIT (IMO 9669627): ","Hong Kong, China","Bulk Dry","2020-09-02 11:45","","Marine incident","41° 36.59' N 175° 33.90' W","at sea","Open sea","1","Hong Kong, China"
"C0013008","1","GULF LIVESTOCK 1 (IMO 9262883)","GULF LIVESTOCK 1 (IMO 9262883): ","Panama","Other Activities","2020-09-02 01:45","","Very serious marine casualty","","East China Sea  off the coast of southwest Japan","","1","Panama"
"C0013433","2","L'AMI CONSTANT (IMO 7110660), SIR GAETAN (IMO 9065340)","L'AMI CONSTANT (IMO 7110660): , SIR GAETAN (IMO 9065340): ","Mauritius, Mauritius",", Towing / Pushing","2020-08-31 02:47","","Very serious marine casualty","20° 03.00' S 57° 44.00' E","Indian Ocean, 2.5 miles NE of Pointe Des Lascars, Mauritius","","0",""
"C0013046","2","SBI PERSEUS (IMO 9712151), 闽晋渔05119","SBI PERSEUS (IMO 9712151): , 闽晋渔05119: ","Liberia, Unknown","Bulk Dry, ","2020-08-30 03:50","","Very serious marine casualty","25° 24.60' N 120° 41.30' E","Taiwan Strait","Open sea","2","China; Liberia"
"C0013296","1","ELSE (IMO 9006320)","ELSE (IMO 9006320): ","Panama","General Cargo","2020-08-29 05:10","Contact - with fixed object","Marine casualty","54° 21.93' N 10° 08.70' E","","Strait/channel","1","Germany"
"C0013654","1","RUBINA (IMO 9725512)","RUBINA (IMO 9725512): ","Portugal","Bulk Dry","2020-08-27 21:54","Grounding - while drifting","Marine casualty","53° 21.69' N 8° 30.20' E","","Strait/channel","1","Germany"
"C0013007","1","NOR NAOMI (IMO 9689251)","NOR NAOMI (IMO 9689251): ","Marshall Islands","Offshore Supply","2020-08-27 18:37","","Very serious marine casualty","32° 49.00' N 35° 00.00' E","HAIFA PORT AREA","Port","2","Israel; Marshall Islands"
"C1000423","1","LIBERTY HARVEST (IMO 9526291)","LIBERTY HARVEST (IMO 9526291): Y","Panama","General Cargo","2020-08-27 16:40","Occupational accident - breakage, bursting, splitting, fall or
collapse of material agent","Very serious marine casualty","0° 00.00' N 0° 00.00' E","port Antwerp","At berth","1","Panama"
"C0013200","1","MESSILA (IMO 9294953)","MESSILA (IMO 9294953): ","Panama","General Cargo","2020-08-27 05:44","","Marine casualty","36° 26.13' N 27° 23.97' E","Rocky area coast of “Gaidaros”, Tilos Island / Greece,","","1","Panama"
"C0013226","1","TIGRIS (IMO 9443841)","TIGRIS (IMO 9443841): ","Marshall Islands","Chemical Tanker","2020-08-26 07:00","","Very serious marine casualty","53° 34.24' N 5° 24.20' E","North Sea","Open sea","1","Marshall Islands"
"C0013121","1","Seadogz","Seadogz: ","United Kingdom","Other Activities","2020-08-22 09:30","","Very serious marine casualty","50° 52.00' N 1° 23.00' W","Solent, England","","1","United Kingdom"
"C0013006","1","Waymon L Boyd","Waymon L Boyd: ","United States","Dredging","2020-08-21 08:00","","Very serious marine casualty","","Corpus Christi Ship Channel, Texas","","0",""
"C0013508","1","KING LOONG (IMO 9304124)","KING LOONG (IMO 9304124): ","Hong Kong, China","Bulk Dry","2020-08-20 19:48","","Very serious marine casualty","","Malacca Strait","Open sea","1","Hong Kong, China"
"C1000560","1","EPOCH WIND (IMO 9695705)","EPOCH WIND (IMO 9695705): Y","Panama","General Cargo","2020-08-19 18:00","Occupational accident - Others","Marine casualty","14° 06.21' N 109° 03.68' E","","Port","1","Panama"
"C0013120","1","Diamond Emblem","Diamond Emblem: ","United Kingdom","Other Activities","2020-08-19 12:20","","Very serious marine casualty","52° 36.89' N 1° 43.37' E","River Bure, Great Yarmouth","","0",""
"C0013530","1","SHANDONG HAI YAO (IMO 9591533)","SHANDONG HAI YAO (IMO 9591533): ","Hong Kong, China","Bulk Dry","2020-08-19 09:40","","Very serious marine casualty","","Port Dickson, Malaysia","Port","1","Hong Kong, China"
"C0013599","1","Nova Estrelinha","Nova Estrelinha: ","Portugal","Fish Catching","2020-08-19 04:30","Ship/equipment damage - ship/equipment damage","Very serious marine casualty","41° 09.42' N 8° 42.23' W","North Atlantic Ocean - North Atlantic Ocean","Coastal waters","2","Portugal; Portugal"
"C0013429","1","FANEROMENI (IMO 9343857)","FANEROMENI (IMO 9343857): ","Greece","Bulk Dry","2020-08-19 00:00","","Very serious marine casualty","","OF SOCOTRA, YEMEN ","","0",""
"C0013295","1","X-PRESS MONTE BIANCO (IMO 9276341)","X-PRESS MONTE BIANCO (IMO 9276341): ","Malta","Container","2020-08-18 04:12","Fire/explosion - fire","Marine casualty","40° 31.59' N 1° 19.99' E","Mediterranean Region - Balearic Sea","Open sea","1","Malta"
"C0013119","1","Diamond D (SN100)","Diamond D (SN100): ","United Kingdom","Fish Catching","2020-08-16 13:06","","Very serious marine casualty","55° 15.00' N 0° 58.00' W","20nm north-east of North Shields","","1","United Kingdom"
"C0013500","1","STRATEGIC EQUITY (IMO 9689902)","STRATEGIC EQUITY (IMO 9689902): ","Singapore","Bulk Dry","2020-08-13 21:12","","Very serious marine casualty","32° 58.90' S 67° 37.02' W"," Servicios Portuarios S.A, Km 414,8 right margin Paraná River","Port","2","Argentina; Argentina"
"C0013198","1","LOVELAND ISLAND (IMO 9573957)","LOVELAND ISLAND (IMO 9573957): ","Panama","Bulk Dry","2020-08-13 20:05","","Marine casualty","20° 04.90' N 38° 50.80' E","Port Sudan","Port approach","1","Panama"
"C0013684","1","BERLIN (IMO 9587855)","BERLIN (IMO 9587855): ","Germany","Passenger/Ro-Ro Cargo","2020-08-13 14:46","Fire/explosion - fire","Marine casualty","54° 14.19' N 12° 03.70' E","","Coastal waters","1","Germany"
"C0013559","1","MARHVIN","MARHVIN: ","Spain","Fish Catching","2020-08-09 23:15","Flooding/foundering - flooding","Very serious marine casualty","44° 18.96' N 2° 57.00' W","","Open sea","2","Spain; Spain"
"C0013118","1","Rib Tickler","Rib Tickler: ","United Kingdom","Other Activities","2020-08-08 18:33","","Very serious marine casualty","53° 13.42' N 4° 09.60' W","near Menai Bridge, Wales","","1","United Kingdom"
"C0013171","1","DELTA ONE","DELTA ONE: ","Sweden","Other Activities","2020-08-07 13:00","Ship/equipment damage - ship/equipment damage","Very serious marine casualty","60° 39.44' N 17° 28.30' E","Baltic Sea - Baltic Sea","Archipelagos","1","Sweden"
"C0013688","1","PEARL ISLAND (IMO 9801720)","PEARL ISLAND (IMO 9801720): ","Hong Kong, China","Bulk Dry","2020-08-06 11:29","Contact - with fixed object","Marine casualty","55° 41.79' N 21° 07.79' E","","Port","1","Lithuania"
"C0013186","1","MORITZ SCHULTE (IMO 9220794)","MORITZ SCHULTE (IMO 9220794): ","Isle of Man (United Kingdom)","Liquefied Gas","2020-08-04 09:30","","Very serious marine casualty","51° 16.77' N 4° 20.74' E","Antwerp","At berth","1","United Kingdom"
"C0013428","1","ORIENT QUEEN (IMO 8701193)","ORIENT QUEEN (IMO 8701193): ","Bahamas","Passenger","2020-08-04 00:00","","Marine casualty","","Beirut, Lebanon","","1","Bahamas"
"C0013852","2","ACEROMAR (IMO 9552082), HEIN SENIOR (IMO 9092642)","ACEROMAR (IMO 9552082): , HEIN SENIOR (IMO 9092642): ","Luxembourg, Belgium","General Cargo, Fish Catching","2020-08-03 04:02","Collision - with other ship","Marine casualty","53° 45.80' N 6° 04.79' E","North Atlantic Ocean - North Sea","Open sea","1","Belgium"
"C0013439","1","RAJA 4 (IMO 7812517)","RAJA 4 (IMO 7812517): ","Thailand","Passenger/Ro-Ro Cargo","2020-08-01 22:30","","Marine incident","9° 25.00' N 99° 51.00' E","Gulf of Thailand, 4.4 miles SW of Ko Samui, Thailand","","0",""
"C0013190","1","NAVIG8 AXINITE (IMO 9719771)","NAVIG8 AXINITE (IMO 9719771): ","Marshall Islands","Chemical Tanker","2020-07-29 18:17","","Very serious marine casualty","49° 18.79' N 4° 41.01' W","English Channel","Open sea","1","Marshall Islands"
"C0013967","1","EBBA MAERSK (IMO 9321524)","EBBA MAERSK (IMO 9321524): ","Denmark","Container","2020-07-29 07:07","Fire/explosion - fire","Marine casualty","53° 59.29' N 8° 09.59' E","","Open sea","1","Germany"
"C0013525","1","PACIFIC MARS (IMO 9714642)","PACIFIC MARS (IMO 9714642): ","Hong Kong, China","Liquefied Gas","2020-07-27 09:00","","Very serious marine casualty","7° 59.90' N 82° 33.29' E","at sea","Open sea","1","Hong Kong, China"
"C0013056","1","Helvetia (IMO 8128858)","Helvetia (IMO 8128858): ","Zanzibar (United Republic of Tanzania)","General Cargo","2020-07-26 00:00","","Very serious marine casualty","","koko port, Delta state, Nigeria","","0",""
"C1000072","1","WAKASHIO (IMO 9337119)","WAKASHIO (IMO 9337119): Y","Panama","Bulk Dry","2020-07-25 19:25","Grounding - while under power","Very serious marine casualty","20° 26.50' N 57° 44.70' E","Shallows off the southeast coast of the island of Mauritius, Republic of Mauritius","Coastal waters","2","Japan; Panama"
"C0012997","1","Wakashio","Wakashio: ","Panama","Bulk Dry","2020-07-25 00:00","","Very serious marine casualty","","Off Mauritius","","1","Panama"
"C0013133","1","May C","May C: ","United Kingdom","Fish Catching","2020-07-24 12:30","","Very serious marine casualty","57° 22.50' N 7° 15.10' E","Loch Carnan","","1","United Kingdom"
"C1000411","1","GFS PERFECT (IMO 9308039)","GFS PERFECT (IMO 9308039): Y","Singapore","Container","2020-07-24 05:30","Others - Others","Marine casualty","16° 57.90' N 56° 18.70' E","ARABIAN SEA","Open sea","1","Panama"
"C0013250","1","MYANMA GONE YI","MYANMA GONE YI: ","Myanmar","General Cargo","2020-07-19 21:15","","Very serious marine casualty","16° 07.00' N 97° 02.00' E","Southern part of Sittaung River entrance, Myanmar Coastal area","Open sea","0",""
"C0013913","1","JOHN B (IMO 8993928)","JOHN B (IMO 8993928): ","Ireland","Fish Catching","2020-07-17 08:30","Occupational accident - body movement without any physical
stress (generally leading to an external
injury)","Marine casualty","53° 27.85' N 5° 40.86' W","North Atlantic Ocean - Irish Sea","Open sea","1","Ireland"
"C0013643","1","NAVIGATOR OF THE SEAS (IMO 9227508)","NAVIGATOR OF THE SEAS (IMO 9227508): ","Bahamas","Passenger","2020-07-14 10:43","","Very serious marine casualty","","CocoCay, The Bahamas","Anchorage","1","Bahamas"
"C0013761","1","NORDLAND (IMO 9281786)","NORDLAND (IMO 9281786): ","Latvia","General Cargo","2020-07-14 09:00","","Very serious marine casualty","","Antwerp, Belgium","","0",""
"C0013436","1","PHUONG DONG 59 (IMO 8664852)","PHUONG DONG 59 (IMO 8664852): ","Viet Nam","General Cargo","2020-07-13 17:20","","Very serious marine casualty","20° 38.00' N 107° 05.00' E","Gulf of Tongkin, 2 miles of Dao Long Chau, Vietnam","","0",""
"C0013644","2","ALANIS (IMO 9468085), FLORENCE SPIRIT (IMO 9314600)","ALANIS (IMO 9468085): , FLORENCE SPIRIT (IMO 9314600): ","Antigua and Barbuda, Canada","General Cargo, Bulk Dry","2020-07-11 16:15","","Marine casualty","42° 58.72' N 79° 13.25' W","Welland Canal","Canal","1","Canada"
"C0013802","1","ASPHALT (IMO 9120891)","ASPHALT (IMO 9120891): ","Panama","Oil Tanker","2020-07-08 10:12","","Very serious marine casualty","16° 30.88' N 70° 49.70' E","Arabian Sea","","1","Panama"
"C0013324","1","ATLANT 2","ATLANT 2: ","Russian Federation","Fish Catching","2020-07-07 12:48","","Very serious marine casualty","42° 55.00' N 131° 55.00' E","coastal waters","","1","Russian Federation"
"C0013239","1","TREVOMAR","TREVOMAR: ","Portugal","Fish Catching","2020-07-07 06:20","Ship/equipment damage - ship/equipment damage","Very serious marine casualty","37° 53.58' N 8° 49.75' W","North Atlantic Ocean - North Atlantic Ocean","Coastal waters","1","Portugal"
"C0013259","1","LEDRA (IMO 9591181)","LEDRA (IMO 9591181): ","Cyprus","Bulk Dry","2020-07-06 23:59","Occupational accident - slipping, stumbling, falling of person
overboard","Very serious marine casualty","3° 16.99' N 105° 25.39' E","","Open sea","1","Cyprus"
"C0013005","2","MATRIX PRIDE (IMO 9228796), MATRIX TRIUMPH (IMO 9251286)","MATRIX PRIDE (IMO 9228796): , MATRIX TRIUMPH (IMO 9251286): ","Nigeria, Nigeria","Oil Tanker, ","2020-07-06 15:45","","Very serious marine casualty","5° 24.04' N 5° 04.44' E","ESCRAVOUS OFFSHORE","","1","Nigeria"
"C1000287","1","MATRIX PRIDE (IMO 9228796)","MATRIX PRIDE (IMO 9228796): Y","Nigeria","Oil Tanker","2020-07-06 15:45","Occupational accident - Others","Very serious marine casualty","5° 24.04' N 5° 04.44' E","ESCRAVOS OFFSHORE","Coastal waters","1","Nigeria"
"C0012992","1","FUNING (IMO 9690913)","FUNING (IMO 9690913): ","Singapore","Bulk Dry","2020-07-06 01:00","","Marine casualty","37° 37.00' S 176° 09.00' E","Tauranga","","1","New Zealand"
"C1000198","1","STAR 5 (IMO 9150377)","STAR 5 (IMO 9150377): ","Iran (Islamic Republic of)","Oil Tanker","2020-07-05 00:00","Collision - own ship not under way","Marine incident","25° 23.47' N 56° 32.40' E","","Unknown","0",""
"C0013342","1","SEEWIND 1 (IMO 9227936)","SEEWIND 1 (IMO 9227936): ","Germany","Passenger","2020-07-03 21:55","Contact - with floating object","Marine casualty","53° 51.08' N 7° 50.08' E","","Coastal waters","1","Germany"
"C0013804","1","SN QUEEN (IMO 9197179)","SN QUEEN (IMO 9197179): ","Panama","General Cargo","2020-07-02 02:45","","Very serious marine casualty","6° 08.00' S 106° 54.00' E","INDONESIA","","1","Panama"
"C0013326","1","PONGOMA","PONGOMA: ","Russian Federation","Fish Catching","2020-07-02 00:51","","Very serious marine casualty","59° 55.40' N 25° 31.29' E","open sea","Open sea","1","Russian Federation"
"C0013195","1","(Unknown) (IMO 8712166)","(Unknown) (IMO 8712166): ","Malta","Oil Tanker","2020-07-01 21:30","Grounding - while under power","Marine casualty","67° 29.14' N 12° 04.01' E","","Archipelagos","2","Germany; Malta"
"C0013344","1","DANMARK (IMO 5086279)","DANMARK (IMO 5086279): ","Denmark","Other Offshore","2020-06-30 09:50","Occupational accident - electrical problems, explosion, fire","Marine casualty","54° 20.00' N 11° 05.29' E","","Open sea","1","Germany"
"C0013261","1","IOLCOS UNITY (IMO 9313058)","IOLCOS UNITY (IMO 9313058): ","Malta","Bulk Dry","2020-06-28 03:30","Occupational accident - electrical problems, explosion, fire","Very serious marine casualty","12° 47.24' S 38° 28.76' W","","Port","1","Malta"
"C0013533","1","VIENNA WOOD N (IMO 9593713)","VIENNA WOOD N (IMO 9593713): ","Hong Kong, China","Bulk Dry","2020-06-27 20:20","","Very serious marine casualty","13° 12.00' N 120° 19.00' E","Mindoro Strait, 13 miles SW of Mamburao, Philippines","","1","Philippines"
"C0013103","1","HOEGH MANILA (IMO 9368912)","HOEGH MANILA (IMO 9368912): ","NIS (Norway)","Ro-Ro Cargo","2020-06-27 07:30","","Marine incident","","KINGSTON HARBOUR","","0",""
"C1000409","1","SHUN FU WANG (IMO 9244788)","SHUN FU WANG (IMO 9244788): Y","Panama","Bulk Dry","2020-06-25 11:00","Others - Others","Very serious marine casualty","29° 49.50' N 90° 00.10' W","BELLE CHASSE ANCHORAGE","Anchorage","1","Panama"
"C0013117","1","ARROW (IMO 9119414)","ARROW (IMO 9119414): ","Isle of Man (United Kingdom)","Ro-Ro Cargo","2020-06-25 07:11","","Marine casualty","57° 08.56' N 2° 04.46' W","entering Aberdeen Harbour","","1","United Kingdom"
"C0013126","2","NCC HIJAZ (IMO 9299886), RADHWA 19 (IMO 9247223)","NCC HIJAZ (IMO 9299886): , RADHWA 19 (IMO 9247223): ","Saudi Arabia, Saudi Arabia",", Towing / Pushing","2020-06-25 01:24","","Marine casualty","","king fahad industrial port yanbu","","1","Saudi Arabia"
"C0013526","1","VICTORIA HARBOUR (IMO 9589229)","VICTORIA HARBOUR (IMO 9589229): ","Hong Kong, China","Bulk Dry","2020-06-16 08:10","","Very serious marine casualty","","at the outside port limits anchorage of Kwangyang, South Korea","Anchorage","1","Hong Kong, China"
"C0013189","1","SUN MASTER (IMO 9460681)","SUN MASTER (IMO 9460681): ","Marshall Islands","Bulk Dry","2020-06-15 09:45","","Very serious marine casualty","22° 24.50' N 119° 20.60' E","South China Sea","Open sea","1","Marshall Islands"
"C0013541","1","BREAKTHROUGH (IMO 9095723)","BREAKTHROUGH (IMO 9095723): ","Nigeria","Non-ship structures","2020-06-15 00:00","","Very serious marine casualty","6° 23.00' N 3° 23.00' E","Tarkwa Bay Beach, Lagos","","0",""
"C1000351","1","SUSAN VI","SUSAN VI: N","Peru","Fish Catching","2020-06-14 16:20","Collision - with other ship","Very serious marine casualty","7° 55.00' S 79° 24.00' W","SALAVERRY","Coastal waters","1","Peru"
"C0013197","2","CAPE AMANDA (IMO 9552410), Luwei Jing Yu 60208","CAPE AMANDA (IMO 9552410): , Luwei Jing Yu 60208: ","Panama, Unknown","Bulk Dry, ","2020-06-12 14:25","","Marine casualty","33° 04.30' N 123° 32.80' E","Yellow Sea ","Open sea","1","Panama"
"C0013861","1","SOETKIN (IMO 9222065)","SOETKIN (IMO 9222065): ","Belgium","Fish Catching","2020-06-11 09:08","Occupational accident - loss of control of machine, means of
transport or handling equipment,
hand-held tool, object, animal","Marine casualty","45° 42.75' N 2° 49.92' W","North Atlantic Ocean - Bay of Biscay","Coastal waters","1","Belgium"
"C0013260","1","ALULA (IMO 9525883)","ALULA (IMO 9525883): ","Malta","Container","2020-06-10 14:30","Occupational accident - body movement without any physical
stress (generally leading to an external
injury)","Marine casualty","35° 51.00' N 120° 58.00' E","","Coastal waters","1","Malta"
"C0013144","1","SFERA (IMO 9304576)","SFERA (IMO 9304576): ","Marshall Islands","Bulk Dry","2020-06-10 14:25","","Very serious marine casualty","11° 47.40' N 129° 22.90' E","North Pacific Ocean","Open sea","1","Marshall Islands"
"C0013166","1","WALTZ (IMO 9402665)","WALTZ (IMO 9402665): ","Panama","Oil Tanker","2020-06-07 13:40","","Marine casualty","22° 06.00' N 96° 17.00' W","Golfo de México","","2","Mexico; Mexico"
"C0013004","1","G DONA I (IMO 8619285)","G DONA I (IMO 8619285): ","Togo","Chemical Tanker","2020-06-06 10:45","","Marine casualty","","Togo","","1","Togo"
"C0012973","1","NODUS (IMO 9497464)","NODUS (IMO 9497464): ","Liberia","General Cargo","2020-06-05 22:20","","Very serious marine casualty","37° 52.10' N 23° 30.40' E","Piraeus, Greece","Anchorage","1","Liberia"
"C0013245","1","KARLSO (IMO 8705890)","KARLSO (IMO 8705890): ","Sweden","Fish Catching","2020-06-05 01:00","Grounding - while under power","Marine casualty","57° 41.71' N 11° 36.37' E","","Archipelagos","1","Sweden"
"C0013540","1","BEHBAHAN (IMO 7648966)","BEHBAHAN (IMO 7648966): ","Iran (Islamic Republic of)","General Cargo","2020-06-04 00:00","","Very serious marine casualty","29° 43.00' N 48° 37.00' E","Khawr Abd Allah channel 13 miles SE of Ra's Al Bisha, Al-Faw","","1","Iran (Islamic Republic of)"
"C0013143","1","RS200 SUSANNE N","RS200 SUSANNE N: ","Denmark","Fish Catching","2020-06-03 16:49","Flooding/foundering - foundering","Very serious marine casualty","56° 31.21' N 7° 59.09' E","North Atlantic Ocean - Skagerrak","Open sea","1","Denmark"
"C0013116","1","Globetrotter","Globetrotter: ","United Kingdom","Other Activities","2020-05-31 06:46","","Very serious marine casualty","53° 56.00' N 3° 04.00' W","near Fleetwood, England ","","1","United Kingdom"
"C0013164","1","CAPE KEYSTONE (IMO 9463334)","CAPE KEYSTONE (IMO 9463334): ","Panama","Bulk Dry","2020-05-30 03:40","","Very serious marine casualty","8° 27.80' S 115° 52.10' E","LOMBOK STRAIT, INDONESIA","","1","Panama"
"C0012962","1","Anxhelo","Anxhelo: ","Albania","Fish Catching","2020-05-29 13:00","","Very serious marine casualty","41° 21.00' N 19° 18.00' E"," Adriattic  Sea","","1","Albania"
"C0013490","1","CASTILLO DE VALVERDE (IMO 9300374)","CASTILLO DE VALVERDE (IMO 9300374): ","Bahamas","Bulk Dry","2020-05-28 15:40","","Very serious marine casualty","34° 37.59' S 25° 42.50' E","30NM south of Port Elizabeth (South Africa)","","2","Bahamas; Bahamas"
"C0013115","1","Norma G","Norma G: ","United Kingdom","Other Activities","2020-05-25 11:45","","Very serious marine casualty","50° 33.00' N 4° 56.00' W","Camel Estuary, Cornwall ","","1","United Kingdom"
"C0013689","1","APL England (IMO 9218650)","APL England (IMO 9218650): ","Singapore","Container","2020-05-24 06:10","","Marine incident","34° 21.96' S 151° 54.77' E","South-east coast of New South Wales, Australia","Open sea","1","Australia"
"C1000154","1","DCI DREDGE XX (IMO 9612404)","DCI DREDGE XX (IMO 9612404): ","India","Dredging","2020-05-21 12:00","Occupational accident - slipping, stumbling, falling of person
overboard","Very serious marine casualty","20° 14.60' N 86° 44.79' E","","Port approach","1","India"
"C0013365","1","RIMINI (IMO 9421635)","RIMINI (IMO 9421635): ","Netherlands (Kingdom of)","General Cargo","2020-05-17 21:54","Loss of control - loss of propulsion power","Marine casualty","53° 53.55' N 9° 08.87' E","North Atlantic Ocean - North Sea","River","2","Germany; Germany"
"C0013240","1","APL CALIFORNIA (IMO 9350044)","APL CALIFORNIA (IMO 9350044): ","Malta","Container","2020-05-14 21:17","Occupational accident - body movement without any physical
stress (generally leading to an external
injury)","Marine casualty","29° 57.00' N 121° 52.69' E","","Port","1","Malta"
"C0013238","1","Med Tuncer (IMO 9830599)","Med Tuncer (IMO 9830599): ","Malta","Chemical Tanker","2020-05-14 08:30","Fire/explosion - fire","Marine casualty","51° 18.92' N 4° 18.77' E","","Port","1","Malta"
"C0013131","1","DEARBHLA (IMO 9008457)","DEARBHLA (IMO 9008457): ","Ireland","Fish Catching","2020-05-14 04:10","Ship/equipment damage - ship/equipment damage","Marine incident","52° 05.00' N 10° 31.99' W","","Open sea","2","Ireland; Ireland"
"C0013235","1","Seafarer (IMO 9686314)","Seafarer (IMO 9686314): ","Malta","Bulk Dry","2020-05-12 09:40","Occupational accident - slipping, stumbling, falling of person to a
lower level","Very serious marine casualty","37° 29.59' N 12° 21.60' E","","Open sea","1","Malta"
"C1000320","1","FLORA (IMO 9349576)","FLORA (IMO 9349576): Y","Syrian Arab Republic","Container","2020-05-11 00:32","Grounding - while under power","Marine casualty","1° 11.25' N 103° 52.84' E","Singapore Strait","Strait/channel","0",""
"C0013234","1","MOUNT EVEREST (IMO 9470985)","MOUNT EVEREST (IMO 9470985): ","Liberia","Chemical Tanker","2020-05-08 14:55","Ship/equipment damage - ship/equipment damage","Marine casualty","35° 49.69' N 14° 33.01' E","Mediterranean Region - Mediterranean Region","Port","1","Malta"
"C0013223","1","LE MARIE LOUIS","LE MARIE LOUIS: ","France","Fish Catching","2020-05-07 11:15","Flooding/foundering - flooding","Very serious marine casualty","46° 40.99' N 3° 22.00' W","","Open sea","1","France"
"C1000058","1","Ky Chororo","Ky Chororo: ","Uruguay","Towing / Pushing","2020-05-04 08:05","Contact - with fixed object","Marine incident","32° 22.00' S 58° 08.97' W","Uruguay","Canal","0",""
"C0013230","1","FT STURLA (IMO 9447287)","FT STURLA (IMO 9447287): ","Malta","Chemical Tanker","2020-05-01 16:21","Ship/equipment damage - ship/equipment damage","Marine casualty","51° 19.69' N 3° 49.03' E","North Atlantic Ocean - North Atlantic Ocean","Port","1","Malta"
"C0013040","1","LA MANCHE (IMO 8226739)","LA MANCHE (IMO 8226739): ","Vanuatu","Other Dry Cargo","2020-04-23 13:15","","Marine incident","62° 12.00' S 58° 57.00' W","SOUTH SHETLANDS ISLANDS","","0",""
"C0013215","1","AR VEL DRO","AR VEL DRO: ","France","Fish Catching","2020-04-21 04:40","Occupational accident - slipping, stumbling, falling of person
overboard","Very serious marine casualty","48° 47.60' N 2° 25.80' W","","Coastal waters","1","France"
"C0013558","1","WAN DA (IMO 8904927)","WAN DA (IMO 8904927): ","Cook Islands","Other Liquids","2020-04-15 08:00","","Very serious marine casualty","1° 22.02' N 104° 20.37' E","South China Sea, 4 miles SE of Johor, Malaysia","","0",""
"C0013216","1","SPINOLA (IMO 9495258)","SPINOLA (IMO 9495258): ","Malta","Towing / Pushing","2020-04-13 13:00","Occupational accident - body movement without any physical
stress (generally leading to an external
injury)","Marine casualty","35° 53.07' N 14° 29.86' E","Mediterranean Region - Mediterranean Region","Port","1","Malta"
"C0013758","1","ELANDRA BALTIC (IMO 9482562)","ELANDRA BALTIC (IMO 9482562): ","Marshall Islands","Oil Tanker","2020-04-13 05:29","","Very serious marine casualty","43° 16.88' N 5° 00.20' E","Mediterranean Sea","Coastal waters","1","Marshall Islands"
"C0013114","1","SHEARWATER (IMO 6822216)","SHEARWATER (IMO 6822216): ","United Kingdom","Dredging","2020-04-09 19:30","","Marine incident","58° 28.00' N 5° 09.00' W","Near Cape Wrath, Scotland.","","1","United Kingdom"
"C0013145","2","MILANO BRIDGE (IMO 9757187), SEASPAN GANGES (IMO 9630365)","MILANO BRIDGE (IMO 9757187): , SEASPAN GANGES (IMO 9630365): ","Panama, Hong Kong, China","Container, ","2020-04-06 14:49","","Marine casualty","35° 04.00' N 128° 48.00' E","Busan New Port","Port approach","1","Republic of Korea"
"C1000242","1","Sri nopparat 11","Sri nopparat 11: Y","Thailand","Fish Catching","2020-04-03 05:15","Collision - with other ship","Very serious marine casualty","1° 11.72' N 100° 54.56' E","Sattahip","Open sea","0",""
"C0013491","1","TAIMAREHO 1 (IMO 8875889)","TAIMAREHO 1 (IMO 8875889): ","Solomon Islands","Passenger","2020-04-03 02:20","","Very serious marine casualty","9° 22.88' S 160° 42.79' E","Solomon Islands","Coastal waters","1","Solomon Islands"
"C0013538","1","FAIRPLAY-33 (IMO 9476006)","FAIRPLAY-33 (IMO 9476006): ","Antigua and Barbuda","Offshore Supply","2020-04-02 20:40","","Very serious marine casualty","59° 01.25' N 5° 37.02' E","Mekjarvik, Randaberg, Norway","At berth","1","Antigua and Barbuda"
"C0013321","1","NORDIC HARBIN (IMO 9585338)","NORDIC HARBIN (IMO 9585338): ","Liberia","Bulk Dry","2020-03-31 09:30","","Very serious marine casualty","38° 45.00' N 26° 55.00' E","Port of Ege Gübre /İZMİR","","1","Türkiye"
"C0013416","1","ANE METTE PRIESS","ANE METTE PRIESS: ","Denmark","Fish Catching","2020-03-30 09:30","Occupational accident - breakage, bursting, splitting, fall or
collapse of material agent","Very serious marine casualty","54° 59.00' N 11° 16.30' E","","Open sea","2","Denmark; Denmark"
"C0012868","2","GUARDACOSTAS ARMADA BOLIVARIANA NAIGUATA (GC-23), RCGS RESOLUTE (IMO 9000168)","GUARDACOSTAS ARMADA BOLIVARIANA NAIGUATA (GC-23): , RCGS RESOLUTE (IMO 9000168): ","Venezuela (Bolivarian Republic of), MAR (Portugal)","Other Activities, ","2020-03-30 00:45","","Very serious marine casualty","11° 07.00' N 65° 34.00' W","MAR TERRITORIAL VENEZOLANO 7.9 MILLAS NAUTICAS AL NORTE DE LA ISLA "LA TORTUGA" (VEN)","","0",""
"C0013113","1","KEY BORA (IMO 9316024)","KEY BORA (IMO 9316024): ","Gibraltar (United Kingdom)","Chemical Tanker","2020-03-28 15:00","","Marine casualty","57° 16.48' N 5° 45.18' W","Kyleakin, Scotland","","0",""
"C0013524","1","SIMON BROTHER (IMO 9237383)","SIMON BROTHER (IMO 9237383): ","Hong Kong, China","Bulk Dry","2020-03-27 08:00","","Very serious marine casualty","","at port Kupiano, Papua New Guinea","Anchorage","1","Hong Kong, China"
"C0013437","1","LADY SANDRA (IMO 8335449)","LADY SANDRA (IMO 8335449): ","Togo","Chemical Tanker","2020-03-25 18:00","","Very serious marine casualty","35° 55.00' N 14° 47.00' E","Mediterranean Sea, 15 miles NE of Valletta, Malta","","0",""
"C0013112","1","KAAMI (IMO 9063885)","KAAMI (IMO 9063885): ","Bahamas","General Cargo","2020-03-23 01:51","","Marine casualty","57° 47.33' N 6° 28.17' W","Transiting the Little Minch, Scotland","Coastal waters","2","United Kingdom; United Kingdom"
"C0012776","1","LADY AYSE (IMO 9227871)","LADY AYSE (IMO 9227871): ","Panama","Bulk Dry","2020-03-23 01:11","","Marine incident","","alexandria port ","","1","Egypt"
"C0013438","1","SURYA EXPRESS (IMO 7607728)","SURYA EXPRESS (IMO 7607728): ","Indonesia","General Cargo","2020-03-20 18:00","","Very serious marine casualty","0° 40.00' S 133° 19.00' E","Pacific Ocean NE of Saukorem, Indonesia","","0",""
"C0012925","1","DELICATA (IMO 9613317)","DELICATA (IMO 9613317): ","Marshall Islands","Bulk Dry","2020-03-17 10:08","","Very serious marine casualty","35° 22.00' S 55° 52.00' W","Rio de La Plata","River","1","Marshall Islands"
"C0012806","1","GULF PETROLEUM 4 (IMO 9439345)","GULF PETROLEUM 4 (IMO 9439345): ","Liberia","Chemical Tanker","2020-03-16 16:15","","Marine casualty","42° 00.70' N 35° 09.10' E","Benghazi, Libya","Coastal waters","0",""
"C0013193","1","SEAFOX DEEMA (IMO 8756916)","SEAFOX DEEMA (IMO 8756916): ","Marshall Islands","Non-ship structures","2020-03-16 13:30","","Very serious marine casualty","","Persian Gulf","Open sea","1","Marshall Islands"
"C0012922","1","SINGAPORE SPIRIT (IMO 9246308)","SINGAPORE SPIRIT (IMO 9246308): ","Marshall Islands","Bulk Dry","2020-03-15 17:25","","Very serious marine casualty","12° 10.90' S 35° 39.20' W","Atlantic Ocean","Open sea","1","Marshall Islands"
"C0012800","1","MSC ALICANTE (IMO 9480174)","MSC ALICANTE (IMO 9480174): ","Liberia","Container","2020-03-15 15:38","","Very serious marine casualty","22° 23.50' N 97° 56.00' W","Altamira Port, Mexico","Port","0",""
"C0013434","1","DUBAN (IMO 8311534)","DUBAN (IMO 8311534): ","Togo","General Cargo","2020-03-12 05:00","","Very serious marine casualty","","North Pacific Ocean, 11 miles of Huatulco, Oaxaca, Mexico","","0",""
"C0012762","1","UND ATILIM (IMO 9242388)","UND ATILIM (IMO 9242388): ","Türkiye","Ro-Ro Cargo","2020-03-10 16:30","","Very serious marine casualty","","Mersin Port / East Mediterranean Sea","At berth","1","Türkiye"
"C1000476","2","CHONG HE (IMO 9086980), ZHEPUYU23911","CHONG HE (IMO 9086980): Y, ZHEPUYU23911: ","China, China","Bulk Dry, Fish Catching","2020-03-06 02:59","Collision - with other ship","Very serious marine casualty","31° 19.00' N 122° 58.00' E","25 nautical miles northeast of the CJK light-vessel","Coastal waters","1","China"
"C0012968","1","MV DON CEFERINO ALFREDO","MV DON CEFERINO ALFREDO: ","Philippines","General Cargo","2020-03-02 17:05","","Very serious marine casualty","","KTC Container Compound, Tibungco, Davao","","1","Philippines"
"C0013000","1","IONIAN EXPRESS (IMO 9332717)","IONIAN EXPRESS (IMO 9332717): ","Gibraltar (United Kingdom)","Container","2020-03-02 00:00","","Very serious marine casualty","6° 58.84' N 79° 37.79' E","Open sea","Open sea","2","Gibraltar (United Kingdom); Gibraltar (United Kingdom)"
"C0012769","2","GUO XING 1 (IMO 9368118), TOMI MARU No. 8 (IMO 9067037)","GUO XING 1 (IMO 9368118): , TOMI MARU No. 8 (IMO 9067037): ","Belize, Japan","General Cargo, Fish Catching","2020-02-29 22:10","","Very serious marine casualty","","Around 12km off to the east of the Tomari fishing Port, Rokkasho Village, Aomori Prefecture, Japan","","2","Japan; Japan"
"C0013522","1","DHT HAWK (IMO 9310159)","DHT HAWK (IMO 9310159): ","Hong Kong, China","Oil Tanker","2020-02-29 11:30","","Very serious marine casualty","22° 12.89' N 61° 38.20' E","at sea","Open sea","1","Hong Kong, China"
"C0012751","2","ACCOLADE II (IMO 8012425), SANDGROPER","ACCOLADE II (IMO 8012425): , SANDGROPER: ","Australia, Australia","Bulk Dry, Fish Catching","2020-02-29 04:35","","Marine casualty","34° 47.95' S 138° 26.42' E","Off Port Adelaide","Port approach","1","Australia"
"C0012793","1","BALTIC PATRIOT (IMO 9038488)","BALTIC PATRIOT (IMO 9038488): ","Liberia","Refrigerated Cargo","2020-02-29 00:50","","Very serious marine casualty","3° 15.90' S 80° 00.10' W","Puerto Bolivar, Ecuador","Port","1","Liberia"
"C0013534","2","CLAVIGO (IMO 9014688), DEDE (IMO 7827354)","CLAVIGO (IMO 9014688): , DEDE (IMO 7827354): ","Antigua and Barbuda, Unknown",", General Cargo","2020-02-27 20:32","","Very serious marine casualty","40° 50.06' N 29° 15.56' E","Tuzla, Turkey","","1","Antigua and Barbuda"
"C1000060","1","ATLANTIC EXPRESS (IMO 8919506)","ATLANTIC EXPRESS (IMO 8919506): ","Uruguay","Dry Cargo/Passenger","2020-02-25 19:55","Contact - with fixed object","Marine incident","34° 15.72' S 58° 07.69' W","Uruguay","Port","0",""
"C0012958","1","STELLAR BANNER (IMO 9726803)","STELLAR BANNER (IMO 9726803): ","Marshall Islands","Bulk Dry / Oil","2020-02-24 21:30","","Very serious marine casualty","1° 44.50' S 43° 44.70' W","Baía de São Marcos, Brazil","Open sea","1","Marshall Islands"
"C0013181","1","CROATIA (IMO 9723277)","CROATIA (IMO 9723277): ","Malta","Container","2020-02-23 09:59","Fire/explosion - explosion","Marine casualty","3° 38.70' N 105° 37.69' E","","Open sea","2","Malta; Malta"
"C0012777","1","HABIBA M (IMO 7396654)","HABIBA M (IMO 7396654): ","Togo","General Cargo","2020-02-23 09:15","","Very serious marine casualty","","damitta port ","","1","Egypt"
"C0012774","1","NICKIE B (IMO 9431343)","NICKIE B (IMO 9431343): ","Liberia","Container","2020-02-20 10:50","","Marine incident","3° 07.80' S 152° 52.40' E","Lihir, Papua New Guinea","Open sea","1","Liberia"
"C0013111","1","Beinn na Caillich","Beinn na Caillich: ","United Kingdom","Other Activities","2020-02-18 15:23","","Very serious marine casualty","57° 15.00' N 5° 36.00' W","Ardintoul Fish Farm, Loch Alsh","Inland waters","1","United Kingdom"
"C0013168","1","SICHEM MANILA (IMO 9322097)","SICHEM MANILA (IMO 9322097): ","Malta","Chemical Tanker","2020-02-17 11:30","Ship/equipment damage - ship/equipment damage","Marine casualty","41° 04.60' N 1° 14.69' E","","Coastal waters","2","Malta; Malta"
"C0013174","1","ALTA (IMO 7432305)","ALTA (IMO 7432305): ","Unknown","General Cargo","2020-02-16 16:20","Grounding - while drifting","Very serious marine casualty","51° 48.97' N 8° 02.85' W","North Atlantic Ocean - Celtic Sea","Open sea","3","Ireland; Ireland; Ireland"
"C0013054","1","FRI DOLPHIN (IMO 9073880)","FRI DOLPHIN (IMO 9073880): ","Bahamas","General Cargo","2020-02-13 20:59","","Very serious marine casualty","47° 58.00' N 5° 53.00' W","40 NM from the French coast ","Open sea","1","Bahamas"
"C0012964","1","MAGIC SEAS (IMO 9736169)","MAGIC SEAS (IMO 9736169): ","Liberia","Bulk Dry","2020-02-13 11:50","","Very serious marine casualty","31° 49.50' N 34° 38.80' E","Ashdod, Israel","At berth","1","Liberia"
"C0012727","1","MAGIC SEAS (IMO 9736169)","MAGIC SEAS (IMO 9736169): ","Liberia","Bulk Dry","2020-02-13 11:40","","Very serious marine casualty","31° 50.00' N 34° 38.16' E","Ashdod Port","","1","Liberia"
"C0012778","1","margaux","margaux: ","Togo","General Cargo","2020-02-12 12:26","","Marine incident","","alexandria port","","1","Egypt"
"C1000408","1","RISING WIND (IMO 9582984)","RISING WIND (IMO 9582984): ","Panama","Bulk Dry","2020-02-12 00:11","Others - Others","Very serious marine casualty","11° 10.10' N 148° 41.50' E","About 125 nm Southeast of Guam,","Open sea","1","Panama"
"C0013312","1","TUCAN DOUS","TUCAN DOUS: ","Spain","Fish Catching","2020-02-09 10:45","Occupational accident - slipping, stumbling, falling of person
overboard","Very serious marine casualty","42° 24.99' N 8° 58.00' W","","Coastal waters","2","Spain; Spain"
"C0013486","1","IRENES ROSE (IMO 9363417)","IRENES ROSE (IMO 9363417): ","Bahamas","Container","2020-02-08 17:45","","Very serious marine casualty","","Vung Tau","","1","Bahamas"
"C1000093","1","CASTILLO DE VALVERDE (IMO 9300374)","CASTILLO DE VALVERDE (IMO 9300374): ","Bahamas","Bulk Dry","2020-02-08 17:45","Occupational accident - loss of control of machine, means of
transport or handling equipment,
hand-held tool, object, animal","Very serious marine casualty","10° 13.35' N 106° 55.95' E","","Anchorage","0",""
"C0013495","1","ALGECIRAS JET (IMO 9198551)","ALGECIRAS JET (IMO 9198551): ","Cyprus","Passenger/Ro-Ro Cargo","2020-02-06 13:00","Fire/explosion - fire","Marine casualty","36° 06.36' N 5° 23.55' W","","Coastal waters","2","Spain; Spain"
"C0013485","1","RINELLA M (IMO 9351529)","RINELLA M (IMO 9351529): ","Italy","Chemical Tanker","2020-02-06 03:17","Grounding - while under power","Marine casualty","43° 32.10' N 16° 27.19' E","Mediterranean Region - Adriatic Sea","Port","2","Croatia; Croatia"
"C0013161","1","NAVIOS AMITIE (IMO 9328572)","NAVIOS AMITIE (IMO 9328572): ","Malta","Bulk Dry","2020-02-05 01:45","Occupational accident - slipping, stumbling, falling of person
overboard","Very serious marine casualty","39° 59.91' N 26° 05.33' E","","Coastal waters","2","Malta; Malta"
"C0013165","1","TITANIA (IMO 9505053)","TITANIA (IMO 9505053): ","Malta","Ro-Ro Cargo","2020-02-04 14:30","Occupational accident - loss of control of machine, means of
transport or handling equipment,
hand-held tool, object, animal","Marine casualty","35° 43.69' N 75° 10.50' W","","Open sea","2","Malta; Malta"
"C0012763","1","JORGE MARIO (IMO 7385473)","JORGE MARIO (IMO 7385473): ","Ecuador","Fish Catching","2020-02-03 21:30","","Very serious marine casualty","0° 55.80' S 80° 40.20' W","JARAMIJO","Anchorage","2","Ecuador; Ecuador"
"C0013557","1","GRAHA ANGKASA I (IMO 9124823)","GRAHA ANGKASA I (IMO 9124823): ","Indonesia","General Cargo","2020-02-03 21:00","","Very serious marine casualty","8° 12.38' N 8° 52.22' W","Celebes Sea, off Indonesia","","0",""
"C0013155","1","VALTAMED (IMO 9292840)","VALTAMED (IMO 9292840): ","Malta","Oil Tanker","2020-02-03 11:15","Occupational accident - overflow, overturn, leak, flow,
vaporization, emission of material agent","Very serious marine casualty","36° 20.60' N 35° 09.66' E","","Open sea","2","Malta; Malta"
"C0013653","1","JUMBO VISION (IMO 9153642)","JUMBO VISION (IMO 9153642): ","Netherlands (Kingdom of)","Other Dry Cargo","2020-01-31 20:50","Ship/equipment damage - ship/equipment damage","Marine casualty","54° 08.98' N 12° 06.73' E","Baltic Sea - Baltic Sea","Port","1","Germany"
"C0013151","1","HELEN MARY (IMO 9126364)","HELEN MARY (IMO 9126364): ","Germany","Fish Catching","2020-01-30 03:10","Occupational accident - slipping, stumbling, falling of person
overboard","Very serious marine casualty","59° 12.17' N 6° 34.50' W","North Atlantic Ocean - Scotland Sea","Open sea","2","Germany; Germany"
"C0013154","1","SAM (IMO 9081174)","SAM (IMO 9081174): ","Palau","Oil Tanker","2020-01-29 14:00","","Marine casualty","","At anchor OPL Sharjah","","1","Palau"
"C1000489","1","ZOYA 1 (IMO 9081174)","ZOYA 1 (IMO 9081174): Y","Panama","Tanker","2020-01-29 14:00","Fire/explosion - explosion","Very serious marine casualty","25° 35.02' N 55° 04.57' E","UAE","Anchorage","1","Panama"
"C0013146","1","PIONEERING SPIRIT (IMO 9593505)","PIONEERING SPIRIT (IMO 9593505): ","Malta","Other Dry Cargo","2020-01-27 13:40","Occupational accident - slipping, stumbling, falling of person to a
lower level","Marine casualty","58° 06.19' N 7° 59.89' E","","Port","2","Malta; Malta"
"C0013222","1","JORDJY II","JORDJY II: ","France","Fish Catching","2020-01-24 19:30","Flooding/foundering - foundering","Very serious marine casualty","47° 41.10' N 3° 42.00' W","","Coastal waters","2","France; France"
"C0012739","1","CAP. TINO B. (IMO 7025267)","CAP. TINO B. (IMO 7025267): ","Ecuador","Fish Catching","2020-01-23 08:20","","Marine casualty","2° 13.00' S 87° 37.00' W","ZONA ECONOMICA EXLUSIVA DE GALAPAGOS","","2","Ecuador; Ecuador"
"C0012752","1","REEM 5 (IMO 8300767)","REEM 5 (IMO 8300767): ","Panama","Other Activities","2020-01-23 08:05","","Very serious marine casualty","22° 16.24' N 64° 58.00' E","Arabian Sea","","0",""
"C0013613","1","Manisa Star (IMO 9210270)","Manisa Star (IMO 9210270): ","Portugal","Container","2020-01-21 23:20","Loss of control - loss of containment","Very serious marine casualty","41° 50.50' N 3° 07.40' E","Mediterranean Region - Mediterranean Region","Port","2","Portugal; Portugal"
"C0013229","1","ENIGMA ASTRALIS (IMO 9217149)","ENIGMA ASTRALIS (IMO 9217149): ","Russian Federation","Fish Catching","2020-01-21 10:20","","Very serious marine casualty","57° 30.00' N 152° 25.10' E","Sea of Okhotsk, 94 miles SE of Magadan Oblast, Russian Federation","Open sea","1","Russian Federation"
"C0013657","1","VOLCAN DEL TEIDE (IMO 9506289)","VOLCAN DEL TEIDE (IMO 9506289): ","Spain","Passenger/Ro-Ro Cargo","2020-01-21 08:50","Ship/equipment damage - ship/equipment damage","Marine casualty","28° 58.14' N 13° 31.75' W","","Port","1","Spain"
"C0013556","1","MEHRAN 77 (IMO 8741612)","MEHRAN 77 (IMO 8741612): ","Zanzibar (United Republic of Tanzania)","Offshore Supply","2020-01-20 00:00","","Very serious marine casualty","25° 28.21' N 55° 24.54' E","Gulf of Iran, 4 miles off Ajman, UAE","","0",""
"C0012753","1","LIAN FENG 18 (IMO 8410873)","LIAN FENG 18 (IMO 8410873): ","Togo","Passenger / General Cargo","2020-01-19 20:50","","Very serious marine casualty","23° 22.53' N 117° 45.51' E","Taiwan Strait","","0",""
"C0012786","1","NORD (IMO 9254513)","NORD (IMO 9254513): ","Liberia","Bulk Dry","2020-01-19 08:10","","Very serious marine casualty","40° 54.00' N 28° 55.00' E","Istanbul, Turkey","Anchorage","1","Liberia"
"C1000539","1","MAESTRO (IMO 9214006)","MAESTRO (IMO 9214006): Y","Antigua and Barbuda","General Cargo","2020-01-17 17:27","Others - Others","Very serious marine casualty","44° 48.70' N 8° 48.79' W","Bay of Biscay","Open sea","1","Antigua and Barbuda"
"C0012789","1","SABRINA (IMO 9414735)","SABRINA (IMO 9414735): ","Liberia","General Cargo","2020-01-15 09:15","","Marine casualty","37° 36.80' N 4° 54.50' E","Algeria Coast","Coastal waters","0",""
"C0012733","1","ONE MORE TOY (IMO 8986808)","ONE MORE TOY (IMO 8986808): ","Cayman Islands (United Kingdom)","Other Activities","2020-01-14 10:45","","Very serious marine casualty","","Saint Barthelemy","","0",""
"C0012781","2","LEILA JO (IMO 9214460), ROSE HARMONY (IMO 9778985)","LEILA JO (IMO 9214460): , ROSE HARMONY (IMO 9778985): ","New Zealand, Liberia","Fish Catching, Bulk Dry","2020-01-12 23:45","","Marine incident","43° 34.23' S 172° 52.40' E","Off Lyttleton, New Zealand","","0",""
"C0012607","2","DURSUN ALI COSKUN (IMO 8687294), GLARD-2 (IMO 9687980)","DURSUN ALI COSKUN (IMO 8687294): , GLARD-2 (IMO 9687980): ","Türkiye, Russian Federation","Fish Catching, ","2020-01-10 06:15","","Very serious marine casualty","41° 19.00' N 29° 03.00' E","Black Sea 5 Miles NE of Kilyos","Coastal waters","1","Türkiye"
"C0012578","1","YADE 7","YADE 7: ","Nigeria","Oil Tanker","2020-01-07 06:11","","Very serious marine casualty","","YADE JETTY, KWALE, DELTA STATE","","1","Nigeria"
"C0012886","1","FOREVER LUCKY (IMO 8529179)","FOREVER LUCKY (IMO 8529179): ","Philippines","Passenger","2020-01-07 00:00","","Very serious marine casualty","9° 45.29' N 121° 22.14' E","Sulu Sea, 12 miles NE of Cagayancillo, Palawan, Philippine","","0",""
"C0013013","1","STONE I (IMO 9380582)","STONE I (IMO 9380582): ","Marshall Islands","Chemical Tanker","2020-01-04 09:25","Loss of control - loss of containment","Very serious marine casualty","55° 01.50' N 9° 26.69' E","","Port","4","Denmark; Denmark; Denmark; Denmark"
"C0013137","1","STARA PLANINA (IMO 9381873)","STARA PLANINA (IMO 9381873): ","Malta","Bulk Dry","2020-01-02 12:40","Occupational accident - slipping, stumbling, falling of person
overboard","Very serious marine casualty","66° 04.99' N 5° 26.30' E","Arctic Ocean - Norwegian Sea","Open sea","2","Malta; Malta"
"C0013233","2","FALCON (IMO 9238856), OPL 66","FALCON (IMO 9238856): , OPL 66: ","Bahamas, Singapore","Oil Tanker, Other Activities","2020-01-02 10:20","","Very serious marine casualty","1° 44.46' N 104° 28.08' E","South China Sea","Open sea","1","Singapore"