Reference,Number of ships involved,Ships involved,SOLAS status,Flag Administrations,Ship types,Occurrence date and time,Casualty event,Casualty severity,Coordinates,Place,Location,Number of investigation reports,Administrations submitting investigation reports
"C0007750","1","HUMEN BRIDGE (IMO 9302164)","HUMEN BRIDGE (IMO 9302164): ","Panama","Container","2009-12-29 21:00","","Very serious marine casualty","24° 25.70' N 118° 03.48' E","China coastal","Port","0",""
"C0008053","1","MONIQUE 1 (IMO 7911686)","MONIQUE 1 (IMO 7911686): ","Panama","General Cargo","2009-12-27 06:25","","Marine incident","","Berth No.18, Mina Zayed Port, Abu Dhabi","Port","1","Panama"
"C0007735","1","UNION PEARL (IMO 8903026)","UNION PEARL (IMO 8903026): ","Isle of Man (United Kingdom)","General Cargo","2009-12-26 23:59","","Very serious marine casualty","","Wicklow Harbour, Eire","At berth","0",""
"C0007700","1","GRAND ESMERALDA (IMO 8920062)","GRAND ESMERALDA (IMO 8920062): ","Liberia","Bulk Dry / Oil","2009-12-26 02:00","","Marine incident","46° 00.29' N 122° 50.46' W","Columbia River, near Kalama, USA","River","0",""
"C0007754","1","COTAI STRIP COTAIGOLD (IMO 9429704)","COTAI STRIP COTAIGOLD (IMO 9429704): ","Hong Kong, China","Passenger","2009-12-25 09:18","","Marine incident","","PEARL RIVER, CHINA","","0",""
"C0007601","1","AEGEAN WIND (IMO 8130746)","AEGEAN WIND (IMO 8130746): ","Greece","Bulk Dry","2009-12-25 02:05","","Marine casualty","12° 26.50' N 64° 37.04' E","VENEZUELA SRR ","","0",""
"C0008051","1","CATALYN B","CATALYN B: ","Philippines","Passenger/Ro-Ro Cargo","2009-12-24 00:00","","Very serious marine casualty","14° 15.24' N 120° 32.38' E","Vicinity of Limbones Island, Philippines","","1","Philippines"
"C0007549","1","MAERSK DELFT (IMO 9293088)","MAERSK DELFT (IMO 9293088): ","United Kingdom","Passenger/Ro-Ro Cargo","2009-12-21 03:15","","Marine incident","51° 05.00' N 2° 18.00' E","Dunkerque","","0",""
"C0007696","1","ALAM PINTAR (IMO 9296858)","ALAM PINTAR (IMO 9296858): ","Singapore","Bulk Dry","2009-12-20 18:51","","Very serious marine casualty","49° 58.10' N 1° 53.80' W","Enliish Channel, about 16nm North of Cap De La Hague","Coastal waters","1","United Kingdom"
"C0007797","1","A. P. MOLLER (IMO 9214898)","A. P. MOLLER (IMO 9214898): ","DIS (Denmark)","Container","2009-12-19 19:35","","Marine casualty","1° 15.92' N 103° 50.19' E","Singapore habour","Port","1","Denmark"
"C1000149","1","MARIANELA (IMO 7908574)","MARIANELA (IMO 7908574): Y","Panama","General Cargo","2009-12-18 13:30","Others - Others","Marine incident","17° 58.84' N 76° 50.04' W","","At berth","0",""
"C0007835","1","VINCENT-SEBASTIEN","VINCENT-SEBASTIEN: ","Unknown","","2009-12-18 04:20","","Very serious marine casualty","","Nord-Ouest d'Antifer","","1","France"
"C0007551","1","DANNY F II (IMO 7359462)","DANNY F II (IMO 7359462): ","Panama","Non-ship structures","2009-12-17 00:00","","Very serious marine casualty","","11 miles off Tripoli (Lebanon)","","1","Panama"
"C0008040","1","PUBNICO EXPLORER","PUBNICO EXPLORER: ","Canada","Fish Catching","2009-12-16 11:13","","Very serious marine casualty","43° 58.42' N 66° 24.18' W","11 NM Southwest of Cape St. Marys, Nova Scotia","","1","Canada"
"C0008817","2","UNEX II (IMO 9417672), ZIM PANAMA (IMO 9231781)","UNEX II (IMO 9417672): , ZIM PANAMA (IMO 9231781): ","Israel, United Kingdom",", Container","2009-12-16 10:30","","Marine casualty","","Port of Haifa","","0",""
"C0007635","1","BRO ANTON (IMO 9150614)","BRO ANTON (IMO 9150614): ","Sweden","Chemical Tanker","2009-12-15 13:50","","Marine casualty","52° 08.81' N 3° 42.00' E","Off Rotterdam","Anchorage","1","Sweden"
"C0008198","1","COSCO INDIAN OCEAN (IMO 9355563)","COSCO INDIAN OCEAN (IMO 9355563): ","Hong Kong, China","","2009-12-13 21:40","","Very serious marine casualty","","Rotterdam","Port","1","Hong Kong, China"
"C0007557","1","BONN EXPRESS (IMO 8711368)","BONN EXPRESS (IMO 8711368): ","Germany","Container","2009-12-11 05:28","","Marine casualty","51° 27.00' N 0° 20.00' E","River Thames","River","0",""
"C0007545","1","MAERSK DUFFIELD (IMO 9227340)","MAERSK DUFFIELD (IMO 9227340): ","Liberia","Container","2009-12-10 13:22","","Marine casualty","27° 17.00' S 153° 15.00' E","Moreton Bay, Queensland","Port approach","1","Australia"
"C0007672","1","MARIE","MARIE: ","Denmark","Fish Catching","2009-12-09 12:30","","Marine casualty","55° 31.40' N 10° 55.00' E","Great belt","Open sea","2","Denmark; Denmark"
"C0007793","1","GH FORTUNE (IMO 9218856)","GH FORTUNE (IMO 9218856): ","Hong Kong, China","Bulk Dry","2009-12-04 19:18","","Very serious marine casualty","32° 11.40' N 119° 53.10' E","YANGTZE RIVER, CHINA","River","1","China"
"C0007795","1","PANTEA (IMO 8108559)","PANTEA (IMO 8108559): ","Iran (Islamic Republic of)","Bulk Dry","2009-12-04 06:04","","Very serious marine casualty","29° 03.00' N 122° 35.00' E","China coastal","Coastal waters","0",""
"C0007794","1","OOCL KUALA LUMPUR (IMO 9367176)","OOCL KUALA LUMPUR (IMO 9367176): ","Hong Kong, China","Container","2009-12-02 22:04","","Very serious marine casualty","30° 40.80' N 122° 54.30' E","China coastal ","Coastal waters","1","China"
"C0008140","2","LIQUID GOLD (IMO 9190078), SPRING PANDA (IMO 8213653)","LIQUID GOLD (IMO 9190078): , SPRING PANDA (IMO 8213653): ","Liberia, Netherlands (Kingdom of)",", ","2009-12-02 04:04","","Marine casualty","53° 35.00' N 9° 36.00' E","Elbe River, Near Buoy 17","River","1","Germany"
"C0007792","1","TEAMPRO (IMO 7712640)","TEAMPRO (IMO 7712640): ","Panama","Bulk Dry","2009-11-25 06:23","","Very serious marine casualty","35° 03.00' N 120° 30.30' E","China coastal ","Open sea","0",""
"C0007543","1","BOW DE JIN (IMO 9200598)","BOW DE JIN (IMO 9200598): ","Hong Kong, China","Chemical Tanker","2009-11-24 08:30","","Very serious marine casualty","29° 16.50' S 153° 55.00' E","At sea, off NSW coast","Coastal waters","1","Australia"
"C0007790","1","FORTUNE SEA (IMO 7433177)","FORTUNE SEA (IMO 7433177): ","Panama","General Cargo","2009-11-23 19:30","","Very serious marine casualty","19° 40.50' N 111° 48.50' E","China coastal","Coastal waters","0",""
"C0007536","1","DUDEN (IMO 8005226)","DUDEN (IMO 8005226): ","Türkiye","Bulk Dry / Oil","2009-11-22 01:00","","Very serious marine casualty","29° 58.40' S 47° 33.40' W","260 miles from the coast, around the town of Tramandaí (Rio Grande do Sul State).","","2","Brazil; Brazil"
"C0007976","1","S. GABRIEL (IMO 9251511)","S. GABRIEL (IMO 9251511): ","Germany","","2009-11-21 05:57","","Very serious marine casualty","37° 43.60' N 25° 32.70' W","Approx. 5 nm east of Ponta Delgada","Port approach","1","Germany"
"C0008002","1","TRITON LARK (IMO 9302841)","TRITON LARK (IMO 9302841): ","Panama","Bulk Dry","2009-11-21 00:00","","Very serious marine casualty","7° 24.70' S 69° 00.30' E","OPEN SEA","Open sea","1","Panama"
"C0008024","1","PACIFIC EXPLORER (IMO 9007362)","PACIFIC EXPLORER (IMO 9007362): ","Hong Kong, China","General Cargo","2009-11-20 14:50","","Very serious marine casualty","6° 44.00' S 114° 00.00' E","Indonesia","Open sea","1","Hong Kong, China"
"C0007989","2","BRETAGNE (IMO 8707329), BRETAGNE (IMO 8707329)","BRETAGNE (IMO 8707329): , BRETAGNE (IMO 8707329): ","France, France",", Passenger/Ro-Ro Cargo","2009-11-20 00:00","","Marine casualty","","Plymouth  - Grande-Bretagne","","1","France"
"C0007764","1","OPTIK","OPTIK: ","United Kingdom","","2009-11-18 13:00","","Very serious marine casualty","","8 miles SE of Arbroath","","1","United Kingdom"
"C0007791","1","JI SONG 5 (IMO 9063146)","JI SONG 5 (IMO 9063146): ","Democratic People's Republic of Korea","General Cargo","2009-11-17 02:20","","Very serious marine casualty","38° 31.00' N 123° 29.00' E","China coastal ","Open sea","0",""
"C0007719","1","ROMANKA (IMO 8026440)","ROMANKA (IMO 8026440): ","Poland","Oil Tanker","2009-11-17 01:40","","Marine incident","56° 46.70' N 21° 03.34' E","Liepaja approaching","","0",""
"C0007789","1","M KIMITSU (IMO 9204910)","M KIMITSU (IMO 9204910): ","Republic of Korea","General Cargo","2009-11-16 15:24","","Marine casualty","30° 04.20' N 121° 45.00' E","NINGBO PORT, CHINA","Port","0",""
"C0007781","1","CALM OCEAN (IMO 9136503)","CALM OCEAN (IMO 9136503): ","Belize","Bulk Dry","2009-11-14 22:45","","Very serious marine casualty","28° 18.20' N 121° 52.50' E","CHINA COASTAL","Coastal waters","0",""
"C0007532","2","JOSHU MARU (IMO 7727762), NO. 3 DAE KYUNG","JOSHU MARU (IMO 7727762): , NO. 3 DAE KYUNG: ","Hong Kong, China, Unknown","General Cargo, ","2009-11-14 22:03","","Very serious marine casualty","32° 13.00' N 127° 21.00' E","72miles SE from Jeju island","","1","Hong Kong, China"
"C0007765","1","DANICA SUNBEAM (IMO 8701260)","DANICA SUNBEAM (IMO 8701260): ","DIS (Denmark)","General Cargo","2009-11-14 14:30","","Very serious marine casualty","25° 47.00' N 8° 14.00' W","Miami River","River","1","Denmark"
"C0007904","1","NOVA BRETAGNE (IMO 9000364)","NOVA BRETAGNE (IMO 9000364): ","Bahamas","Refrigerated Cargo","2009-11-14 11:50","","Marine casualty","","Antonina, Brazil","","1","Bahamas"
"C0009491","1","ARIAKE (IMO 9118783)","ARIAKE (IMO 9118783): ","Japan","Passenger/Ro-Ro Cargo","2009-11-13 05:06","","Very serious marine casualty","33° 38.10' N 136° 16.50' E","Off the southeast of Kiho Town, Mie Prefecture (the Kumano Nada)","Coastal waters","1","Japan"
"C0012503","1","POLARHAV (IMO 9295804)","POLARHAV (IMO 9295804): ","Faroes, Denmark","Fish Catching","2009-11-12 18:15","","Very serious marine casualty","","27 nm SE of Akraberg, Faroe Islands","","1","Faroes, Denmark"
"C0007763","1","OSPREY III","OSPREY III: ","United Kingdom","","2009-11-11 18:40","","Very serious marine casualty","57° 45.63' N 2° 28.77' W","5.5 nm north of Macduff, Scotland","","1","United Kingdom"
"C0007632","1","TORM CAMILLA (IMO 9263693)","TORM CAMILLA (IMO 9263693): ","DIS (Denmark)","","2009-11-11 09:07","","Marine casualty","24° 33.00' N 84° 31.00' W","Mexican Gulf","","1","Denmark"
"C0007704","2","HAMBURG TEAM (IMO 8107567), VB MEDITERRANEO","HAMBURG TEAM (IMO 8107567): , VB MEDITERRANEO: ","Liberia, Unknown","Bulk Dry, ","2009-11-09 17:25","","Marine incident","28° 06.50' N 15° 24.50' W","Las Palmas Anchorage","Port approach","0",""
"C0007788","1","PING YANG No. 2 (IMO 8514459)","PING YANG No. 2 (IMO 8514459): ","Cambodia","General Cargo","2009-11-09 14:50","","Marine incident","28° 41.30' N 121° 28.00' E","China coastal","Port approach","0",""
"C0008809","2","ADWA (IMO 9041344), MSC ELENI (IMO 9278143)","ADWA (IMO 9041344): , MSC ELENI (IMO 9278143): ","Israel, Panama",", Container","2009-11-09 11:00","","Marine casualty","","Haifa Port","","0",""
"C0007526","1","SHANGHAI CARRIER (IMO 8915407)","SHANGHAI CARRIER (IMO 8915407): ","Republic of Korea","Bulk Dry","2009-11-09 07:45","","Very serious marine casualty","3° 40.30' S 36° 19.70' W","Near the Port of Fortaleza - Ceara","Open sea","1","Brazil"
"C0007762","1","KORENBLOEM (IMO 6825567)","KORENBLOEM (IMO 6825567): ","United Kingdom","","2009-11-06 19:00","","Very serious marine casualty","50° 27.10' N 0° 34.40' E","Dover strait","Coastal waters","1","United Kingdom"
"C0007702","2","ASTANA (IMO 8901808), FEDERAL SHIMANTO (IMO 9218404)","ASTANA (IMO 8901808): , FEDERAL SHIMANTO (IMO 9218404): ","Liberia, Panama","Bulk Dry, ","2009-11-06 07:32","","Marine incident","41° 08.00' N 16° 52.00' E","Bari, Italy","At berth","0",""
"C0007515","1","SAN BU (IMO 9082532)","SAN BU (IMO 9082532): ","China","High Speed Craft","2009-11-05 19:53","","Very serious marine casualty","22° 55.46' N 113° 30.23' E","FU LIAN GANG waterway of Pearl river in China","","1","China"
"C0007816","2","HELEN SCHULTE (IMO 9123532), MING ZE HU (IMO 9059573)","HELEN SCHULTE (IMO 9123532): , MING ZE HU (IMO 9059573): ","Liberia, China",", ","2009-11-05 06:11","","Marine incident","1° 12.50' N 103° 47.90' E","Jong Fairway, Singapore","Port","0",""
"C0007971","1","EMS TRADER (IMO 9213105)","EMS TRADER (IMO 9213105): ","Antigua and Barbuda","","2009-11-04 06:15","","Very serious marine casualty","53° 32.00' N 9° 54.00' E","Port of Hamburg, Elbe River, Germany","","2","Antigua and Barbuda; Germany"
"C0007887","1","DEN BLA","DEN BLA: ","Germany","","2009-11-04 01:08","","Very serious marine casualty","54° 22.99' N 10° 11.07' E","Kiel Canal","Coastal waters","1","Germany"
"C0007799","1","HYUNDAI KINGDOM (IMO 9215828)","HYUNDAI KINGDOM (IMO 9215828): ","Liberia","","2009-11-04 00:40","","Marine casualty","52° 51.30' N 165° 46.90' W","Pacific Ocean","Open sea","0",""
"C0007553","1","HUSKY RACER (IMO 9144720)","HUSKY RACER (IMO 9144720): ","United Kingdom","Container","2009-11-03 04:20","","Marine incident","53° 34.00' N 8° 33.00' E","Bremerhaven","","0",""
"C0007518","1","BLUE CAPELLA (IMO 7607613)","BLUE CAPELLA (IMO 7607613): ","DIS (Denmark)","Other Offshore","2009-11-02 06:20","","Marine casualty","54° 57.00' N 5° 28.00' E","German EEZ","Open sea","0",""
"C0007780","1","ZOORIK (IMO 7602211)","ZOORIK (IMO 7602211): ","Iran (Islamic Republic of)","Bulk Dry","2009-11-01 04:33","","Very serious marine casualty","30° 20.70' N 122° 44.60' E","CHINA COASTAL","Coastal waters","1","Iran (Islamic Republic of)"
"C0007615","1","AURORA (IMO 9234989)","AURORA (IMO 9234989): ","Cyprus","","2009-10-29 06:11","","Marine casualty","","The Sound","","1","Denmark"
"C0007706","1","MSC SHENZHEN (IMO 9216987)","MSC SHENZHEN (IMO 9216987): ","Liberia","Container","2009-10-28 10:28","","Very serious marine casualty","36° 07.00' N 5° 26.00' W","Algerciras, Spain","At berth","0",""
"C0008630","1","PUERTO EDEN (IMO 7128784)","PUERTO EDEN (IMO 7128784): ","Chile","Passenger/Ro-Ro Cargo","2009-10-28 08:20","","Marine casualty","51° 54.00' S 73° 00.00' W","CHILE, CANAL SANTA MARIA","Archipelagos","0",""
"C0008191","2","CARINA STAR (IMO 9172612), KURAMA","CARINA STAR (IMO 9172612): , KURAMA: ","Republic of Korea, Japan","Container, Other Activities","2009-10-27 19:56","","Marine casualty","33° 57.80' N 130° 57.60' E","Kanmon Passage, Kanmon Port","Port","1","Japan"
"C0007533","2","CARINA STAR (IMO 9172612), Kurama","CARINA STAR (IMO 9172612): , Kurama: ","Republic of Korea, Unknown",", ","2009-10-27 19:56","","Marine casualty","37° 57.00' N 130° 57.00' E","Kanmon Strait","","0",""
"C0007516","1","LOWLANDS PROSPERITY (IMO 9225005)","LOWLANDS PROSPERITY (IMO 9225005): ","Belgium","Bulk Dry","2009-10-24 15:36","","Very serious marine casualty","38° 54.84' N 118° 30.29' E","CAOFEIDIAN","At berth","0",""
"C0009476","1","MARKO POLO (IMO 7230599)","MARKO POLO (IMO 7230599): ","Croatia","Passenger/Ro-Ro Cargo","2009-10-24 01:58","","Marine casualty","43° 56.20' N 15° 17.60' E","island Sit","Inland waters","1","Croatia"
"C0007779","1","HUA LONG (IMO 7429932)","HUA LONG (IMO 7429932): ","Cambodia","General Cargo","2009-10-21 15:50","","Very serious marine casualty","20° 22.10' N 108° 57.20' E","China coastal","Open sea","0",""
"C0007695","2","AET ENDEAVOUR (IMO 7723637), KRYMSK (IMO 9270529)","AET ENDEAVOUR (IMO 7723637): , KRYMSK (IMO 9270529): ","United States, Liberia",", Oil Tanker","2009-10-20 20:48","","Marine casualty","28° 36.90' N 94° 31.80' W","GALVESTON LIGHTERING AREA","Open sea","0",""
"C0007502","1","ARCO ADUR (IMO 8700814)","ARCO ADUR (IMO 8700814): ","United Kingdom","","2009-10-19 08:10","","Marine casualty","51° 43.80' N 2° 34.50' E","North Sea","","0",""
"C0008626","1","PACHICA (IMO 7042722)","PACHICA (IMO 7042722): ","Chile","Fish Catching","2009-10-18 00:45","","Marine incident","22° 05.00' S 70° 12.30' W","CHILE, Puerto de Tocopilla","Anchorage","0",""
"C0007697","1","TASMANIE","TASMANIE: ","Unknown","","2009-10-15 07:41","","Very serious marine casualty","","Seine, at Aizier (Eure), France","","1","France"
"C0007709","1","LUTIN DES MERS","LUTIN DES MERS: ","Unknown","Fish Catching","2009-10-14 17:40","","Very serious marine casualty","","near Plateau de Rochebonne","","1","France"
"C0007534","2","9 HANGIL, JH YOUNG (IMO 8914934)","9 HANGIL: , JH YOUNG (IMO 8914934): ","Unknown, Republic of Korea",", ","2009-10-14 14:00","","Very serious marine casualty","35° 54.00' N 129° 38.00' E","Near the Pohang port","","0",""
"C0008001","1","FLAG INVESTORS (IMO 6714017)","FLAG INVESTORS (IMO 6714017): ","Panama","Self Discharging Bulk Dry","2009-10-12 07:48","","Very serious marine casualty","","ADABIYA PORT- EGYPT","At berth","1","Panama"
"C0007541","1","SAGA RUBY (IMO 7214715)","SAGA RUBY (IMO 7214715): ","United Kingdom","Passenger","2009-10-10 07:15","","Marine casualty","","New York","At berth","0",""
"C0007866","1","OLIVIA JEAN (IMO 7907867)","OLIVIA JEAN (IMO 7907867): ","United Kingdom","","2009-10-10 00:00","","Marine casualty","50° 30.00' N 0° 30.00' E","17 nm SSE of Beachy Head in the English Channel","","1","United Kingdom"
"C0007826","1","CAPRICE 8","CAPRICE 8: ","Unknown","","2009-10-09 17:00","","Marine casualty","","vicinity of Mountaineer Rock off Ryan’s Point on Lough Derg, Co. Tipperary","","1","Ireland"
"C0007625","1","FU YU (IMO 8520551)","FU YU (IMO 8520551): ","Tuvalu","","2009-10-09 02:15","","Very serious marine casualty","28° 49.80' N 122° 02.20' E","Jiaojiang, China","Open sea","1","Tuvalu"
"C0007617","1","TWB MARINER I","TWB MARINER I: ","Brazil","Towing / Pushing","2009-10-06 08:30","","Very serious marine casualty","25° 29.40' S 48° 29.30' W","anchorage area no 6 of the Port of Paranaguá (DHN chart 1822)","","1","Brazil"
"C0007514","1","ILUUNA","ILUUNA: ","Greenland (Denmark)","Fish Catching","2009-10-05 17:10","","Very serious marine casualty","63° 08.00' N 50° 40.00' W","Qeqertarsuatsiq, Greenland west coast","Coastal waters","0",""
"C0007661","1","DA VIKEN II","DA VIKEN II: ","Unknown","Fish Catching","2009-10-05 08:14","","Very serious marine casualty","48° 47.81' N 2° 37.79' W","Bay of Saint Brieuc","","1","France"
"C0008006","1","SILVER SEA (IMO 8107608)","SILVER SEA (IMO 8107608): ","Panama","Container","2009-10-04 13:00","","Very serious marine casualty","23° 15.00' N 118° 11.00' E","OPEN SEA","Open sea","1","Panama"
"C0007544","1","MAESTRO SUN (IMO 8401133)","MAESTRO SUN (IMO 8401133): ","Marshall Islands","Ro-Ro Cargo","2009-10-04 04:29","","Marine casualty","56° 17.00' N 7° 06.00' E","North Sea","Open sea","0",""
"C0012365","1","ARRILLON","ARRILLON: ","Spain","Other Offshore","2009-10-03 13:22","Flooding/foundering - flooding","Very serious marine casualty","41° 30.00' N 2° 28.00' E","","Coastal waters","1","Spain"
"C0007766","3","EEMS TRADER (IMO 9173185), EEMS TRADER (IMO 9173185), SAGITTAIRE","EEMS TRADER (IMO 9173185): , EEMS TRADER (IMO 9173185): , SAGITTAIRE: ","Antigua and Barbuda, Antigua and Barbuda, France",", General Cargo, Fish Catching","2009-10-03 12:30","","Marine incident","49° 18.00' N 4° 41.00' W","West of English Channel","","1","France"
"C0007599","1","VILLUM CLAUSEN (IMO 9216250)","VILLUM CLAUSEN (IMO 9216250): ","DIS (Denmark)","","2009-10-03 09:50","","Marine casualty","55° 05.90' N 14° 41.60' E","Rønne Harbour","Port","2","Denmark; Denmark"
"C0007800","1","ARCTIC SKY (IMO 9111242)","ARCTIC SKY (IMO 9111242): ","Liberia","Bulk Dry","2009-10-02 03:26","","Marine casualty","60° 16.33' N 18° 54.68' E","Sondra Kvarken, Gulf of Bothnia, Baltic Sea","Open sea","0",""
"C0007659","1","PETRA FRONTIER (IMO 9509190)","PETRA FRONTIER (IMO 9509190): ","Marshall Islands","Offshore Supply","2009-09-28 05:30","","Marine incident","11° 46.00' S 129° 06.00' E","At sea, off Darwin, NT","Open sea","1","Australia"
"C0007670","1","NORMAN VOYAGER (IMO 9420423)","NORMAN VOYAGER (IMO 9420423): ","United Kingdom","Passenger/Ro-Ro Cargo","2009-09-26 18:23","","Marine casualty","52° 16.22' N 6° 20.20' W","Rosslare Bay","Anchorage","0",""
"C0007576","1","SUN SUMA (IMO 7631511)","SUN SUMA (IMO 7631511): ","Bahamas","General Cargo","2009-09-24 08:15","","Marine incident","","Cabo Rojo","","0",""
"C0008307","1","SIGAS MAUD (IMO 9363522)","SIGAS MAUD (IMO 9363522): ","Panama","Liquefied Gas","2009-09-18 21:00","","Very serious marine casualty","5° 23.70' S 64° 36.80' E","INDIAN OCEAN","Open sea","1","Panama"
"C0007699","2","CHANG HANG XIAN FENG (IMO 9379791), FRONT PAGE (IMO 9248497)","CHANG HANG XIAN FENG (IMO 9379791): , FRONT PAGE (IMO 9248497): ","China, Liberia",", Oil Tanker","2009-09-18 14:36","","Marine casualty","24° 40.63' N 122° 21.25' W","Xaizhimen Anchorage","Anchorage","0",""
"C0008731","1","BICO","BICO: ","Denmark","Fish Catching","2009-09-18 09:40","","Very serious marine casualty","","North Sea","","1","Denmark"
"C0008321","1","PACIFIC (IMO 9168697)","PACIFIC (IMO 9168697): ","Cyprus","General Cargo","2009-09-18 01:50","","Very serious marine casualty","0° 11.60' S 7° 55.00' E","SEA AREA WEST OF GABON, AFRICA","","2","Cyprus; Cyprus"
"C0007677","1","PACIFIC (IMO 9168697)","PACIFIC (IMO 9168697): ","Cyprus","","2009-09-18 00:00","","Very serious marine casualty","","100 miles west of Gabunon, Philippines","","0",""
"C0007769","1","HARBOUR PRIDE","HARBOUR PRIDE: ","Unknown","","2009-09-17 00:00","","Very serious marine casualty","","Off Hook Head, Co. Wexford","","1","Ireland"
"C0007820","1","FPMC P DUKE (IMO 9433016)","FPMC P DUKE (IMO 9433016): ","Liberia","","2009-09-16 08:34","","Marine incident","1° 44.00' N 105° 20.00' E","Opean Sea, 100 NM East from Singapore Port","Open sea","0",""
"C0007662","1","MAERSK KENDAL (IMO 9332999)","MAERSK KENDAL (IMO 9332999): ","United Kingdom","Container","2009-09-16 07:15","","Marine casualty","","Singapore Strait","Port approach","1","United Kingdom"
"C0007523","1","AGIOS DIMITRIOS I (IMO 8706129)","AGIOS DIMITRIOS I (IMO 8706129): ","Panama","Container","2009-09-15 07:20","","Very serious marine casualty","21° 53.90' N 113° 17.20' E","CHINA SOUTH SEA","","0",""
"C0007827","1","EVER ELITE (IMO 9241281)","EVER ELITE (IMO 9241281): ","United Kingdom","","2009-09-10 05:05","","Very serious marine casualty","37° 48.30' N 122° 22.70' W","0.25 nautical miles north of the Bay Bridge, San Francisco Bay","","1","United Kingdom"
"C0007417","1","SWIFT (IMO 8804787)","SWIFT (IMO 8804787): ","United Kingdom","","2009-09-09 22:15","","Marine casualty","53° 36.00' N 0° 40.00' W","Gunness, River Trent","River","0",""
"C0007813","1","PATRIA (IMO 9159921)","PATRIA (IMO 9159921): ","Antigua and Barbuda","","2009-09-09 21:30","","Marine casualty","46° 56.00' N 40° 03.00' W","Northern North Atlantic","Open sea","1","Antigua and Barbuda"
"C0007469","2","ELLA'S PINK LADY, SILVER YANG (IMO 8108585)","ELLA'S PINK LADY: , SILVER YANG (IMO 8108585): ","Australia, Hong Kong, China","Non-ship structures, Bulk Dry","2009-09-09 01:51","","Marine incident","27° 22.90' S 153° 50.20' E","Off Point Lookout, Queensland","Coastal waters","1","Australia"
"C0007878","1","BLACK ROSE (IMO 7602455)","BLACK ROSE (IMO 7602455): ","Mongolia","","2009-09-09 00:00","","Very serious marine casualty","20° 12.80' N 86° 39.00' E","20° 12.'8 N  086° 39.'0 E (3.3 mm SW for S Break water)","Port","0",""
"C0012367","1","HERMANOS LANDROVE","HERMANOS LANDROVE: ","Spain","Fish Catching","2009-09-08 02:30","Capsize/listing - capsize","Very serious marine casualty","43° 49.99' N 8° 21.00' W","","Open sea","1","Spain"
"C0007860","1","SELI 1 (IMO 7814149)","SELI 1 (IMO 7814149): ","Panama","General Cargo","2009-09-07 21:40","","Marine casualty","","CAPE TOWN / SOUTH AFRICA","Anchorage","1","Panama"
"C0008504","1","HERA (IMO 8715340)","HERA (IMO 8715340): ","Panama","General Cargo","2009-09-06 18:00","","Very serious marine casualty","12° 10.00' N 125° 43.00' E","OPEN SEA","Open sea","1","Panama"
"C0007570","1","SUPERFERRY 9 (IMO 8517396)","SUPERFERRY 9 (IMO 8517396): ","Philippines","Passenger/Ro-Ro Cargo","2009-09-06 10:00","","Very serious marine casualty","7° 30.00' N 121° 55.00' E","9.5 NM west of Banga Pt., Siocon, Zamboanga del Norte, Philippines","Coastal waters","0",""
"C0007414","1","MARIA KNUTSEN (IMO 9187904)","MARIA KNUTSEN (IMO 9187904): ","United Kingdom","Oil Tanker","2009-09-05 10:50","","Marine casualty","27° 06.00' S 46° 35.00' W","South Atantic","Open sea","0",""
"C0007981","1","MCHUGH","MCHUGH: ","Unknown","","2009-09-05 09:05","","Very serious marine casualty","","five nautical miles from the mouth of Kinvara Bay","","1","Ireland"
"C0007778","1","MAERSK KLEVEN (IMO 9085546)","MAERSK KLEVEN (IMO 9085546): ","Liberia","Container","2009-09-03 11:59","","Very serious marine casualty","30° 20.70' N 122° 44.60' E","China coastal","Coastal waters","0",""
"C0007732","1","ANTWERP MAX (IMO 9164627)","ANTWERP MAX (IMO 9164627): ","Isle of Man (United Kingdom)","Bulk Dry","2009-09-03 05:22","","Very serious marine casualty","","Ijmuiden, Holland","Inland waters","1","United Kingdom"
"C0007554","1","SAVA LAKE (IMO 8719073)","SAVA LAKE (IMO 8719073): ","Latvia","Bulk Dry","2009-08-31 13:45","","Marine casualty","","Inner road of port od Sal Rei (Cape Verde)","Port","1","Latvia"
"C0007777","1","PACIFIC NAVIGATOR (IMO 9126780)","PACIFIC NAVIGATOR (IMO 9126780): ","Hong Kong, China","Bulk Dry","2009-08-31 11:31","","Marine casualty","31° 43.20' N 121° 06.60' E","Yangtze River, China","River","0",""
"C0007733","2","MSC NIKITA (IMO 7820942), NIRINT PRIDE (IMO 9214575)","MSC NIKITA (IMO 7820942): , NIRINT PRIDE (IMO 9214575): ","Panama, Isle of Man (United Kingdom)",", ","2009-08-30 00:26","","Marine casualty","52° 04.00' N 3° 25.00' E","Moerdyik, Holland","","1","United Kingdom"
"C0007863","2","MSC NIKITA (IMO 7820942), NIRINT PRIDE (IMO 9214575)","MSC NIKITA (IMO 7820942): , NIRINT PRIDE (IMO 9214575): ","Panama, Isle of Man (United Kingdom)","Container, ","2009-08-29 23:30","","Very serious marine casualty","52° 04.60' N 3° 25.90' E","about 20NM of Hook of Holland","Open sea","1","Panama"
"C0008003","1","SH GRACE (IMO 9316957)","SH GRACE (IMO 9316957): ","Panama","Bulk Dry","2009-08-27 21:54","","Marine incident","38° 14.20' N 121° 40.20' W","Sacramento River Deep Water Ship Channel","Canal","1","Panama"
"C0007698","1","ATTALYA (IMO 7907790)","ATTALYA (IMO 7907790): ","Liberia","Oil Tanker","2009-08-27 03:30","","Marine casualty","6° 07.00' N 2° 15.00' E","International Waters Offshore Cotonou, Beninb","Anchorage","0",""
"C0007905","1","BRAEMAR (IMO 9000699)","BRAEMAR (IMO 9000699): ","Bahamas","Passenger","2009-08-26 11:46","","Marine casualty","","Flaam, Norway","","1","Bahamas"
"C0007734","2","FORMOSAPRODUCT BRICK (IMO 9266762), OSTENDE MAX (IMO 9164653)","FORMOSAPRODUCT BRICK (IMO 9266762): , OSTENDE MAX (IMO 9164653): ","Liberia, Isle of Man (United Kingdom)",", ","2009-08-25 20:52","","Marine casualty","2° 23.25' N 101° 38.66' E","South West of Port of Dickson, Malaysia","","1","United Kingdom"
"C0007652","1","WAN HAI 205 (IMO 8914025)","WAN HAI 205 (IMO 8914025): ","Singapore","Container","2009-08-25 10:45","","Very serious marine casualty","22° 18.87' N 114° 07.76' E","Hong Kong","Anchorage","1","Hong Kong, China"
"C0008046","1","SCHLESWIG-HOLSTEIN (IMO 9151539)","SCHLESWIG-HOLSTEIN (IMO 9151539): ","Germany","","2009-08-24 04:00","","Marine casualty","54° 32.80' N 11° 16.20' E","3 nm north-east of Puttgarden","Coastal waters","1","Germany"
"C0007393","1","HONEYBOURNE III (IMO 8211796)","HONEYBOURNE III (IMO 8211796): ","United Kingdom","","2009-08-23 09:25","","Marine incident","54° 14.10' N 0° 18.60' W","Filey","Coastal waters","0",""
"C0009657","1","Montara Wellhead Platform","Montara Wellhead Platform: ","Unknown","Non-ship structures","2009-08-21 00:00","","Very serious marine casualty","","170 km off the north western coast of Australia","","0",""
"C0007566","1","DARWIN","DARWIN: ","Denmark","Fish Catching","2009-08-19 20:30","","Very serious marine casualty","55° 13.00' N 6° 37.00' E","The North Sea","","1","Denmark"
"C0007535","1","FORMOSAPRODUCT BRICK (IMO 9266762)","FORMOSAPRODUCT BRICK (IMO 9266762): ","Liberia","","2009-08-18 20:52","","Very serious marine casualty","2° 23.24' N 101° 38.60' E","Malacca Strait","Open sea","2","Isle of Man (United Kingdom); Liberia"
"C0007776","1","ARGENT COSMOS (IMO 9393010)","ARGENT COSMOS (IMO 9393010): ","Panama","Chemical Tanker","2009-08-18 07:25","","Marine casualty","31° 55.60' N 120° 13.80' E","Yangtze River, China","River","0",""
"C0007386","1","RED BARONESS (IMO 7802392)","RED BARONESS (IMO 7802392): ","United Kingdom","General Cargo","2009-08-15 14:47","","Marine casualty","","Ayr","","0",""
"C0007395","1","CEMBALO (IMO 7231191)","CEMBALO (IMO 7231191): ","Bahamas","Other Bulk Dry","2009-08-15 13:05","","Marine casualty","56° 55.30' N 10° 30.50' E","Kattegat, Hals Barre","","1","Bahamas"
"C0007473","1","STAR BIRD (IMO 9041423)","STAR BIRD (IMO 9041423): ","DIS (Denmark)","General Cargo","2009-08-11 19:30","","Marine casualty","15° 09.70' S 145° 23.90' E","Of east Australian coast","Coastal waters","0",""
"C0007678","1","SAETTA (IMO 9384069)","SAETTA (IMO 9384069): ","Greece","","2009-08-10 12:41","","Marine incident","52° 12.15' N 1° 51.80' E","9.5 miles south east of Southwold","","1","United Kingdom"
"C0007470","1","VILLE DE MARS (IMO 8905957)","VILLE DE MARS (IMO 8905957): ","United Kingdom","Container","2009-08-09 17:20","","Marine casualty","23° 25.00' N 61° 59.00' W","Gulf of Oman","Open sea","0",""
"C0007859","1","BRAVERY (IMO 8110100)","BRAVERY (IMO 8110100): ","Panama","Bulk Dry","2009-08-08 15:57","","Marine incident","22° 38.80' N 120° 12.70' E","Kaohsiung, Taiwan, China ","Anchorage","1","Panama"
"C0007775","1","HUA PENG HAI (IMO 9092422)","HUA PENG HAI (IMO 9092422): ","Cambodia","Bulk Dry","2009-08-07 21:22","","Very serious marine casualty","20° 06.70' N 108° 36.20' E","China coastal","Anchorage","0",""
"C0007639","1","KANHAVE (IMO 9548562)","KANHAVE (IMO 9548562): ","Denmark","Passenger/Ro-Ro Cargo","2009-08-06 15:30","","Marine incident","55° 52.00' N 10° 24.00' E","Kattegat","Coastal waters","0",""
"C0010011","1","PRINCESS ASHIKA (IMO 7234002)","PRINCESS ASHIKA (IMO 7234002): ","Fiji","Passenger","2009-08-05 00:00","","Very serious marine casualty","","86 km (54 miles) north-east of the capital Nuku’alofa, Tonga ","","0",""
"C0008535","1","ECE NUR K (IMO 9508720)","ECE NUR K (IMO 9508720): ","Türkiye","Chemical Tanker","2009-08-01 14:40","","Marine casualty","53° 36.90' N 9° 33.00' E","Lower Elbe, Twielenfleth roadstead","","1","Germany"
"C0007834","1","FULL CITY (IMO 9073672)","FULL CITY (IMO 9073672): ","Panama","Bulk Dry","2009-07-31 00:30","","Marine casualty","58° 58.15' N 9° 42.86' E","Såstein, Norway","","0",""
"C1000150","1","NEPTUNUS (IMO 9410519)","NEPTUNUS (IMO 9410519): Y","Sweden","Chemical Tanker","2009-07-25 20:15","Grounding - while under power","Marine incident","17° 50.52' N 77° 04.38' W","","Port approach","0",""
"C0007439","2","PROMITHEAS (IMO 9305611), SEAROSE G (IMO 9050096)","PROMITHEAS (IMO 9305611): , SEAROSE G (IMO 9050096): ","Greece, Bahamas","Oil Tanker, ","2009-07-25 08:03","","Marine casualty","52° 14.90' N 1° 58.00' E","Off Southwold UK","Coastal waters","0",""
"C0007415","1","HYUNDAI TOKYO (IMO 9305673)","HYUNDAI TOKYO (IMO 9305673): ","United Kingdom","Container","2009-07-24 22:30","","Very serious marine casualty","53° 18.50' N 158° 26.50' W","Bering Sea","","1","United Kingdom"
"C0008509","1","ALGOCANADA (IMO 9378591)","ALGOCANADA (IMO 9378591): ","Canada","","2009-07-24 12:32","","Marine incident","","Near Prince Edward Point, Eastern Lake Ontario","","0",""
"C0007666","1","MERIT (IMO 7516644)","MERIT (IMO 7516644): ","Bahamas","General Cargo","2009-07-23 21:15","","Marine casualty","","Bremen","","1","Bahamas"
"C0007379","1","LIZRIX (IMO 9428188)","LIZRIX (IMO 9428188): ","United Kingdom","Oil Tanker","2009-07-23 14:02","","Marine casualty","50° 07.20' N 5° 03.80' W","Falmouth Bay","","0",""
"C0007525","2","GOTLAND (IMO 9223796), GOTLANDIA II (IMO 9328015)","GOTLAND (IMO 9223796): , GOTLANDIA II (IMO 9328015): ","Sweden, Sweden","Passenger/Ro-Ro Cargo, Passenger/Ro-Ro Cargo","2009-07-23 11:20","","Marine casualty","58° 54.94' N 17° 59.50' E","Nynäshamn","Port approach","1","Sweden"
"C0007810","1","DISCOVERER 534 (IMO 7403469)","DISCOVERER 534 (IMO 7403469): ","Panama","Passenger/Ro-Ro Cargo","2009-07-22 15:30","","Very serious marine casualty","11° 31.10' N 80° 09.80' E","Bay of Bengal, 21.3 n. Miles off East Coast India","Open sea","1","Panama"
"C0007998","1","STX DAISY (IMO 9449493)","STX DAISY (IMO 9449493): ","Panama","Bulk Dry / Oil","2009-07-21 09:38","","Marine incident","","Mt Maunganui Wharf no.11, Port of Tauranga, New Zealand","At berth","1","Panama"
"C0008042","1","YM TIANJIN (IMO 9326744)","YM TIANJIN (IMO 9326744): ","Germany","","2009-07-21 05:30","","Very serious marine casualty","22° 25.70' N 120° 18.80' E","Roads of Kaohsiung, Taiwan, China","Anchorage","1","Germany"
"C0007717","1","AQUILA","AQUILA: ","United Kingdom","Fish Catching","2009-07-20 15:40","","Very serious marine casualty","56° 47.80' N 6° 05.00' W","Bo Faskadale Reef, Ardnamurchan","","1","United Kingdom"
"C0007392","2","MARMARA N (IMO 7512521), MSC VOLOS (IMO 8415641)","MARMARA N (IMO 7512521): , MSC VOLOS (IMO 8415641): ","Türkiye, United Kingdom",", Container","2009-07-20 01:00","","Marine incident","40° 56.80' N 28° 38.90' E","Ambarli Roads","Anchorage","0",""
"C0007399","1","ALEXANDER KUPRIN (IMO 9057317)","ALEXANDER KUPRIN (IMO 9057317): ","Malta","General Cargo","2009-07-18 11:47","","Marine casualty","","Port of sunderland","","0",""
"C0007650","1","Asian Forest (IMO 9369112)","Asian Forest (IMO 9369112): ","Hong Kong, China","General Cargo","2009-07-17 17:45","","Very serious marine casualty","12° 48.80' N 74° 44.89' E","New-Mangalore Port","Anchorage","1","Hong Kong, China"
"C0007808","1","SHAHEEN (IMO 7905584)","SHAHEEN (IMO 7905584): ","Panama","General Cargo","2009-07-17 01:41","","Marine casualty","14° 50.60' N 74° 05.80' E","NEAR KURMAGAD ISLAND, OFF KARWAR","Anchorage","1","Panama"
"C0007531","1","MARIA M (IMO 9301885)","MARIA M (IMO 9301885): ","Italy","Chemical Tanker","2009-07-14 22:26","","Marine casualty","57° 31.63' N 11° 40.30' E","Gothenburg ","Archipelagos","2","Sweden; Sweden"
"C0007619","2","MAKAIRE, MAKAIRE","MAKAIRE: , MAKAIRE: ","Unknown, France",", Fish Catching","2009-07-14 16:30","","Very serious marine casualty","","Off Hourtin","","1","France"
"C1000041","1","BANDAMA (IMO 8102787)","BANDAMA (IMO 8102787): ","Mexico","Towing / Pushing","2009-07-14 01:00","Fire/explosion - explosion","Marine casualty","35° 00.00' S 55° 06.00' W","URUGUAY","Coastal waters","0",""
"C0007420","1","MAERSK DAVAO (IMO 9289960)","MAERSK DAVAO (IMO 9289960): ","Liberia","Container","2009-07-13 20:30","","Marine casualty","6° 58.15' N 79° 50.51' E","Colombo, Sri Lanka","Port approach","0",""
"C0007847","1","UEAN TE RAOI II","UEAN TE RAOI II: ","Kiribati","Passenger","2009-07-13 12:00","","Very serious marine casualty","1° 15.00' N 173° 00.00' E","Maiana Island Republic of Kiribati","Open sea","1","New Zealand"
"C0007862","1","NYK THEMIS (IMO 9356696)","NYK THEMIS (IMO 9356696): ","Panama","Container","2009-07-13 05:20","","Marine casualty","","SOUTHAMPTON CONTAINER BERTH NO.205","At berth","1","Panama"
"C0007809","1","TE HSING (IMO 7701550)","TE HSING (IMO 7701550): ","Panama","Bulk Dry","2009-07-12 17:20","","Very serious marine casualty","1° 21.20' N 119° 09.30' E","OPEN SEA","Open sea","1","Panama"
"C0007372","2","AEGEAN POWER (IMO 9338905), SERVICEMAN (IMO 8410421)","AEGEAN POWER (IMO 9338905): , SERVICEMAN (IMO 8410421): ","Greece, United Kingdom",", Towing / Pushing","2009-07-11 20:30","","Marine casualty","","Immingham","Port","0",""
"C0008230","1","PETERSFIELD (IMO 8309713)","PETERSFIELD (IMO 8309713): ","Bahamas","","2009-07-09 22:46","","Marine incident","53° 40.60' N 129° 08.80' W","Douglas Channel, British Columbia","","1","Canada"
"C0007371","1","UNITED TREASURE (IMO 9286607)","UNITED TREASURE (IMO 9286607): ","Panama","Bulk Dry","2009-07-07 11:25","","Marine casualty","34° 26.83' S 150° 58.97' E","Port Kembla anchorage","Anchorage","1","Australia"
"C0007832","2","MAERSK SANA (IMO 9289922), YU CHEN HSIANG NO. 66","MAERSK SANA (IMO 9289922): , YU CHEN HSIANG NO. 66: ","Liberia, Unknown",", ","2009-07-07 08:20","","Very serious marine casualty","22° 58.00' N 59° 53.00' E","Gulf of Oman","Open sea","0",""
"C0007992","1","UILOQ","UILOQ: ","Greenland (Denmark)","Passenger / General Cargo","2009-07-06 16:15","","Marine casualty","64° 12.00' N 51° 12.00' W","Greenland West Coast","Coastal waters","1","Denmark"
"C0007665","1","COSCO CHIWAN (IMO 8511316)","COSCO CHIWAN (IMO 8511316): ","Panama","","2009-07-05 13:20","","Marine casualty","12° 58.50' N 60° 26.50' E","SALALAH","Open sea","1","Panama"
"C0007370","1","KEA (IMO 7922025)","KEA (IMO 7922025): ","Barbados","Refrigerated Cargo","2009-07-03 21:05","","Marine casualty","55° 41.33' N 10° 55.79' E","Denmark/Kalundborg Fjord","Coastal waters","0",""
"C0007796","1","BEILUN SEAL (IMO 9140554)","BEILUN SEAL (IMO 9140554): ","Hong Kong, China","Bulk Dry","2009-07-01 03:57","","Very serious marine casualty","29° 52.50' N 122° 11.60' E","China coastal","Canal","1","China"
"C0007528","1","CONDOR","CONDOR: ","Unknown","Fish Catching","2009-06-29 07:45","","Marine casualty","","Saint-Gilles-Croix-de-vie","","1","France"
"C0008047","1","AURORA (IMO 9234989)","AURORA (IMO 9234989): ","Cyprus","","2009-06-29 04:19","","Marine incident","53° 36.50' N 9° 33.90' E","Elbe  Km 652","","1","Germany"
"C0007574","2","CHANG AN 1 (IMO 9520027), SULU WIND (IMO 8517126)","CHANG AN 1 (IMO 9520027): , SULU WIND (IMO 8517126): ","Panama, Liberia",", Chemical Tanker","2009-06-27 22:25","","Marine casualty","22° 12.10' N 91° 43.20' E","B Position, Chittagong Anchorage, Bangladesh","Anchorage","0",""
"C0007389","1","WAVERLEY (IMO 5386954)","WAVERLEY (IMO 5386954): ","United Kingdom","Passenger","2009-06-26 15:55","","Marine casualty","55° 56.80' N 4° 55.20' W","Dunoon Pier","At berth","0",""
"C0007663","1","M.V MSC LANA (IMO 8130019)","M.V MSC LANA (IMO 8130019): ","Panama","Container","2009-06-26 10:53","","Very serious marine casualty","28° 37.20' N 50° 07.41' E","Persian Gulf, Iran","Open sea","1","Panama"
"C0008627","1","KAVALA (IMO 7392543)","KAVALA (IMO 7392543): ","Chile","Passenger/Ro-Ro Cargo","2009-06-25 06:45","","Marine incident","44° 18.50' S 73° 00.00' W","CHILE, CANAL JACAF","Archipelagos","0",""
"C0007611","2","FELICITAS (IMO 8401523), VEGA (IMO 8204078)","FELICITAS (IMO 8401523): , VEGA (IMO 8204078): ","Gibraltar (United Kingdom), Lithuania",", ","2009-06-24 18:25","","Marine casualty","5° 49.40' S 13° 27.10' E","Port of Matadi","","0",""
"C0007426","1","COSCO HAMBURG (IMO 9221085)","COSCO HAMBURG (IMO 9221085): ","United Kingdom","Container","2009-06-21 04:20","","Marine casualty","","Naples","","0",""
"C0007664","1","MSC JADE (IMO 8419726)","MSC JADE (IMO 8419726): ","Panama","Container","2009-06-21 00:41","","Marine casualty","22° 28.50' N 113° 52.00' E","OFF CHIWAN CCT BERTH NO. 9","At berth","1","Panama"
"C0007864","1","ROYAL PRINCESS (IMO 9210220)","ROYAL PRINCESS (IMO 9210220): ","Bermuda (United Kingdom)","Passenger","2009-06-18 22:00","","Marine casualty","","Port Said","Port approach","1","Bermuda (United Kingdom)"
"C0007384","1","DANICA FOUR (IMO 8222812)","DANICA FOUR (IMO 8222812): ","DIS (Denmark)","General Cargo","2009-06-17 08:05","","Marine casualty","37° 35.60' N 9° 52.90' E","Stait between Tunisia and Sicily","Open sea","0",""
"C0007746","1","YOHJIN (IMO 8300468)","YOHJIN (IMO 8300468): ","Panama","","2009-06-17 06:35","","Very serious marine casualty","53° 33.80' N 8° 34.00' E","Bremerhaven","Port","1","Germany"
"C0007713","1","IJSSELSTROOM (IMO 8433435)","IJSSELSTROOM (IMO 8433435): ","Netherlands (Kingdom of)","","2009-06-14 04:40","","Very serious marine casualty","","4 Cables south-east of the entrance  to Peterhead Bay","","1","United Kingdom"
"C0007391","1","SINGAPORE GRACE (IMO 9224099)","SINGAPORE GRACE (IMO 9224099): ","Hong Kong, China","Bulk Dry","2009-06-13 08:30","","Very serious marine casualty","33° 15.30' N 131° 52.10' E","Saganoseki, Oita, Japan","At berth","2","Hong Kong, China; Japan"
"C0007581","1","HS ELEKTRA (IMO 9178329)","HS ELEKTRA (IMO 9178329): ","Liberia","Oil Tanker","2009-06-13 07:00","","Marine casualty","49° 57.23' S 75° 29.88' W","Magellan Strait","Canal","0",""
"C0007747","1","SVALANDIA","SVALANDIA: ","Sweden","Passenger","2009-06-04 16:24","","Very serious marine casualty","55° 19.18' N 13° 28.80' E","South of Trelleborg","Coastal waters","1","Sweden"
"C0007348","1","BRO SINCERO (IMO 9254422)","BRO SINCERO (IMO 9254422): ","Sweden","Oil Tanker","2009-06-04 08:10","","Marine casualty","56° 58.00' N 10° 20.00' E","Kattegat ","","0",""
"C1000151","1","GREAT NEWS (IMO 8208347)","GREAT NEWS (IMO 8208347): Y","Liberia","Oil Tanker","2009-06-01 23:14","Contact - with fixed object","Marine incident","17° 58.20' N 76° 49.00' W","","At berth","0",""
"C0007703","1","MARIELLE BOLTEN (IMO 9149653)","MARIELLE BOLTEN (IMO 9149653): ","Liberia","General Cargo","2009-05-28 15:25","","Marine incident","35° 06.35' N 1° 52.15' W","Ghazaouet Anchorage","Port approach","0",""
"C0007354","2","NEPTUN 9 (IMO 9448085), SAFMARINE NUBA (IMO 9356115)","NEPTUN 9 (IMO 9448085): , SAFMARINE NUBA (IMO 9356115): ","Netherlands (Kingdom of), United Kingdom",", Container","2009-05-28 04:43","","Marine casualty","4° 00.00' N 9° 30.00' E","Douala","Anchorage","0",""
"C0007824","1","IKOM K","IKOM K: ","Unknown","","2009-05-27 00:00","","Very serious marine casualty","","Beal Loch, Castletownbere, Co. Cork","","1","Ireland"
"C0008032","1","HOEGH LONDON (IMO 9342205)","HOEGH LONDON (IMO 9342205): ","NIS (Norway)","","2009-05-26 18:30","","Marine casualty","53° 35.80' N 8° 31.00' E","Weser","Port","1","Germany"
"C0008550","1","QUEEN QINGDAO (IMO 8800755)","QUEEN QINGDAO (IMO 8800755): ","Panama","Passenger/Ro-Ro Cargo","2009-05-25 13:52","","Very serious marine casualty","","GUNSAN PORT, KOREA","At berth","1","Republic of Korea"
"C0007588","1","CAPE SORRELL (IMO 9106508)","CAPE SORRELL (IMO 9106508): ","Liberia","","2009-05-24 07:58","","Marine casualty","","Subic Bay, Philippines","Anchorage","0",""
"C0007314","1","THOR GITTA (IMO 9137727)","THOR GITTA (IMO 9137727): ","DIS (Denmark)","General Cargo","2009-05-21 09:30","","Very serious marine casualty","30° 13.00' S 108° 29.00' E","AT sea, 360 miles of Western Australian coast","Open sea","2","Australia; Denmark"
"C0007773","1","EAST SUNRISE TAIZHOU (IMO 8307064)","EAST SUNRISE TAIZHOU (IMO 8307064): ","Panama","Bulk Dry","2009-05-20 16:00","","Very serious marine casualty","22° 46.70' N 113° 38.00' E","GUANG ZHOU, CHINA","Port approach","0",""
"C0007491","1","SOOTY","SOOTY: ","United Kingdom","","2009-05-18 23:30","","Very serious marine casualty","","Rubh' an Righ Northern tip of Calve Island, Tobermory Bay","Port approach","1","United Kingdom"
"C0008039","1","LE MARSOUIN.","LE MARSOUIN.: ","Canada","Fish Catching","2009-05-18 17:38","","Very serious marine casualty","48° 59.30' N 64° 19.60' W","Off Rivière-au-Renard","","2","Canada; Canada"
"C0007592","1","ASTOR (IMO 8506373)","ASTOR (IMO 8506373): ","Bahamas","","2009-05-15 14:00","","Marine casualty","","Port of Copenhagen - Nordre Toldbod","","0",""
"C0007590","1","NOBLE DAVID TINSLEY (IMO 8752362)","NOBLE DAVID TINSLEY (IMO 8752362): ","Liberia","","2009-05-08 03:00","","Marine casualty","26° 37.90' N 52° 11.34' E","Persian Gulf","Open sea","0",""
"C0007542","1","ANDRE L (IMO 9318632)","ANDRE L (IMO 9318632): ","France","","2009-05-07 02:10","","Marine casualty","","approaches the "Sables d'Olonne", France","","1","France"
"C0007539","1","JO EIK (IMO 9125138)","JO EIK (IMO 9125138): ","NIS (Norway)","","2009-05-06 12:13","","Marine casualty","54° 36.32' N 1° 09.58' W","At the Vopak Terminal Teesport, United Kingdom","","1","United Kingdom"
"C0007736","1","BET SCOUTER (IMO 9050010)","BET SCOUTER (IMO 9050010): ","Isle of Man (United Kingdom)","Bulk Dry","2009-05-04 17:15","","Very serious marine casualty","","Belun, China","At berth","1","United Kingdom"
"C0007548","1","KYLA (IMO 8000460)","KYLA (IMO 8000460): ","Liberia","Bulk Dry","2009-05-04 15:48","","Marine casualty","","TGG Grain Terminal, Santos, Brazil","","0",""
"C0007679","2","AFFLATUS (IMO 8309660), WEN YUE (IMO 8989642)","AFFLATUS (IMO 8309660): , WEN YUE (IMO 8989642): ","Hong Kong, China, Belize","Bulk Dry, General Cargo","2009-05-02 07:24","","Very serious marine casualty","37° 51.50' N 122° 24.40' E","about 23 nm north of Jingzitou, Weihai, Shandong, China","Open sea","1","China"
"C0007390","1","NILS B (IMO 9194842)","NILS B (IMO 9194842): ","Antigua and Barbuda","","2009-04-22 11:45","","Marine casualty","","Grande-Anse Terminal, Port Saguenay, Quebec","","1","Canada"
"C0008632","1","SKORPIOS III (IMO 9143908)","SKORPIOS III (IMO 9143908): ","Chile","Passenger","2009-04-22 05:10","","Very serious marine casualty","52° 09.10' S 73° 15.10' W","CHILE, SENO UNION","Archipelagos","1","Chile"
"C0007849","1","BOAT","BOAT: ","Unknown","Fish Catching","2009-04-21 00:00","","Very serious marine casualty","","Off Aughris Point, Claddaghduff, Co Galway","","1","Ireland"
"C0007409","1","QUEEN OF SCANDINAVIA (IMO 7911533)","QUEEN OF SCANDINAVIA (IMO 7911533): ","DIS (Denmark)","Passenger/Ro-Ro Cargo","2009-04-16 22:47","","Marine casualty","57° 15.91' N 16° 27.69' E","Oskarshamn","At berth","2","Denmark; Denmark"
"C0007589","1","CCNI MAGALLANES (IMO 9122045)","CCNI MAGALLANES (IMO 9122045): ","Liberia","","2009-04-16 01:17","","Marine casualty","42° 40.00' N 6° 45.00' E","Mediterranean en route to Barcelona","Open sea","0",""
"C0007308","2","F & K (IMO 9185815), FV JOLLY ROGER","F & K (IMO 9185815): , FV JOLLY ROGER: ","Hong Kong, China, Unknown",", Fish Catching","2009-04-16 01:05","","Marine casualty","13° 45.00' S 136° 20.00' E","Warwick Channel, Groote Eyland, Northern Territory","Port approach","1","Australia"
"C0009387","1","DAIEI MARU No. 11 (IMO 8904886)","DAIEI MARU No. 11 (IMO 8904886): ","Japan","Fish Catching","2009-04-14 08:05","","Very serious marine casualty","33° 17.00' N 129° 16.60' E","Off the west of Hirado Island, Hirado City, Nagasaki Prefecture, Japan","Coastal waters","1","Japan"
"C0007527","1","MAERSK NGUJIMA-YIN (IMO 9181182)","MAERSK NGUJIMA-YIN (IMO 9181182): ","DIS (Denmark)","","2009-04-13 12:50","","Marine casualty","12° 26.10' S 114° 04.00' E","Ningaloo National Park","Open sea","2","Denmark; Denmark"
"C0007841","1","FAIR ENERGY (IMO 8820901)","FAIR ENERGY (IMO 8820901): ","Liberia","","2009-04-11 11:30","","Very serious marine casualty","25° 21.30' N 56° 28.56' E","Khorfakkan Anchorage, United Arab Emirates","Anchorage","0",""
"C0007451","1","ACX PEARL (IMO 9360623)","ACX PEARL (IMO 9360623): ","Panama","Container","2009-04-10 22:00","","Very serious marine casualty","5° 48.00' N 82° 30.00' E","OPEN SEA","Open sea","1","Panama"
"C0008137","1","SUN GENIUS (IMO 8222989)","SUN GENIUS (IMO 8222989): ","Bahamas","","2009-04-10 03:20","","Very serious marine casualty","41° 11.96' N 29° 06.39' W","Bosporus Strait","Coastal waters","0",""
"C0007375","1","VINASHIN SUN (IMO 9282077)","VINASHIN SUN (IMO 9282077): ","Viet Nam","Liquefied Gas","2009-04-08 12:12","","Very serious marine casualty","26° 14.50' N 120° 40.05' E","CHINA EAST SEA","","0",""
"C0007772","1","M.V. EVER RESULT (IMO 9061112)","M.V. EVER RESULT (IMO 9061112): ","Panama","Container","2009-04-08 01:50","","Marine casualty","34° 46.80' N 122° 40.00' E","China coastal","Open sea","0",""
"C0007757","1","VELERO IV (IMO 7738503)","VELERO IV (IMO 7738503): ","United States","","2009-04-08 01:11","","Marine casualty","50° 45.80' N 127° 03.15' W","Queen Charlotte Strait, British Columbia","","1","Canada"
"C0008629","1","DONA MARIANA (IMO 8026555)","DONA MARIANA (IMO 8026555): ","Chile","General Cargo","2009-04-07 17:50","","Marine incident","45° 19.00' S 73° 43.00' W","CHILE, CANAL MORALEDA","Archipelagos","0",""
"C0007689","1","WAH SHAN (IMO 9268825)","WAH SHAN (IMO 9268825): ","Panama","Bulk Dry","2009-04-06 00:00","","Very serious marine casualty","34° 24.45' N 123° 26.43' E","China coastal","Open sea","0",""
"C0007552","1","TS ROYALIST","TS ROYALIST: ","United Kingdom","","2009-04-05 11:20","","Marine casualty","50° 35.29' N 2° 04.78' W","1.1 nautical miles NV of St Alban's Head, Dorset","","1","United Kingdom"
"C0007230","1","SCOT EXPLORER (IMO 9137193)","SCOT EXPLORER (IMO 9137193): ","United Kingdom","Bulk Dry","2009-04-04 05:40","","Marine casualty","52° 52.20' N 2° 48.20' E","North Sea","Open sea","0",""
"C0007524","1","FESTIVO (IMO 7802067)","FESTIVO (IMO 7802067): ","Sweden","Ro-Ro Cargo","2009-04-03 21:05","","Marine casualty","14° 41.30' N 17° 26.50' W","Dakar","At berth","1","Sweden"
"C0007506","2","Doris (IMO 9172210), DORIS (IMO 9172210)","Doris (IMO 9172210): , DORIS (IMO 9172210): ","Norway, Norway","Chemical Tanker, ","2009-04-03 00:00","","Marine casualty","","Lorient harbour entrance Fairway","","1","France"
"C0007676","2","M.V. JIA HUA (IMO 8315231), M.V. VANCOUVER VICTORY (IMO 8010843)","M.V. JIA HUA (IMO 8315231): , M.V. VANCOUVER VICTORY (IMO 8010843): ","Unknown, Panama",", Bulk Dry","2009-04-02 22:30","","Marine casualty","1° 16.92' N 103° 59.12' E","Singapore eastern bunkering anchorage","Anchorage","1","Panama"
"C0007608","1","WELLSERVICER (IMO 8324579)","WELLSERVICER (IMO 8324579): ","United Kingdom","","2009-04-01 17:50","","Very serious marine casualty","","3 miles  SE of Aberdeen, Scotland","","1","United Kingdom"
"C0008005","1","NORTH KING (IMO 7917862)","NORTH KING (IMO 7917862): ","Panama","Bulk Dry","2009-04-01 00:16","","Very serious marine casualty","41° 47.70' N 35° 38.47' W","At sea from Gibraltar to Point Noire (Canada) OPEN SEA","Open sea","1","Panama"
"C0007594","1","COASTAL DIGGER","COASTAL DIGGER: ","Netherlands (Kingdom of)","Other Activities","2009-03-30 10:00","","Very serious marine casualty","","Lauwersoog, Netherlands","","0",""
"C0007394","1","FINNEAGLE (IMO 9138006)","FINNEAGLE (IMO 9138006): ","Sweden","Passenger/Ro-Ro Cargo","2009-03-29 07:00","","Very serious marine casualty","60° 27.00' N 22° 05.00' E","Port of Nådendal","At berth","2","Sweden; Sweden"
"C0007376","1","MARIA SOLTIN (IMO 7203699)","MARIA SOLTIN (IMO 7203699): ","DIS (Denmark)","","2009-03-29 04:47","","Marine casualty","62° 00.29' N 5° 09.72' E","Norwegian Archipelago","","2","Denmark; Denmark"
"C0007521","1","ISLE OF ARRAN (IMO 8219554)","ISLE OF ARRAN (IMO 8219554): ","United Kingdom","Passenger/Ro-Ro Cargo","2009-03-28 16:51","","Marine casualty","","Oban","Port approach","0",""
"C0007811","1","VIVALDI (IMO 8303329)","VIVALDI (IMO 8303329): ","Panama","Container","2009-03-25 08:25","","Very serious marine casualty","33° 14.20' N 33° 11.30' E","East Mediterranean Sea ","Open sea","1","Panama"
"C0008009","1","SHOURONG (IMO 9003615)","SHOURONG (IMO 9003615): ","Panama","Bulk Dry","2009-03-24 13:20","","Very serious marine casualty","1° 15.60' N 104° 00.00' E","(SINGAPORE STRAIT","Port approach","1","Panama"
"C0007550","1","STELLAR VOYAGER (IMO 9249180)","STELLAR VOYAGER (IMO 9249180): ","Bahamas","","2009-03-23 22:56","","Marine casualty","54° 41.90' N 1° 03.50' W","North east of the entrance to the River Tees, England","","1","United Kingdom"
"C0007349","1","KARIN SCHEPERS (IMO 9404077)","KARIN SCHEPERS (IMO 9404077): ","Antigua and Barbuda","Container","2009-03-22 09:35","","Marine casualty","55° 39.44' N 12° 42.15' E","The Sound","Coastal waters","1","Denmark"
"C0007673","2","OMEGA THEODORE (IMO 9314179), OURANOS (IMO 8138683)","OMEGA THEODORE (IMO 9314179): , OURANOS (IMO 8138683): ","Liberia, Liberia","Oil Tanker, ","2009-03-22 01:03","","Very serious marine casualty","35° 11.10' N 56° 24.20' E","Fujairas Port","Port approach","0",""
"C0007325","1","KUO CHANG (IMO 9172313)","KUO CHANG (IMO 9172313): ","Hong Kong, China","Container","2009-03-20 07:37","","Very serious marine casualty","34° 39.90' N 135° 14.10' E","Berth No. PC-18 in Port Island, Kobe, Japan","At berth","1","Japan"
"C0007520","1","COSCO HONG KONG (IMO 9227778)","COSCO HONG KONG (IMO 9227778): ","United Kingdom","Container","2009-03-20 07:08","","Marine casualty","22° 06.00' N 114° 57.00' E","hong kong","Open sea","0",""
"C0007651","2","COTAI STRIP COTAIGOLD (IMO 9429704), Leung Yuet Wai","COTAI STRIP COTAIGOLD (IMO 9429704): , Leung Yuet Wai: ","Hong Kong, China, Unknown","Passenger, Other Activities","2009-03-20 03:44","","Very serious marine casualty","22° 12.88' N 114° 00.97' E","Hong Kong","","1","Hong Kong, China"
"C0007250","1","VOS TIREE (IMO 7711294)","VOS TIREE (IMO 7711294): ","United Kingdom","","2009-03-14 06:50","","Marine casualty","61° 25.60' N 1° 29.15' E","North Sea","Open sea","0",""
"C0007784","1","PUDU (IMO 8701492)","PUDU (IMO 8701492): ","Liberia","Bulk Dry","2009-03-11 10:00","","Marine casualty","7° 41.37' S 79° 26.23' W","port of Chicama, Peru","","0",""
"C0007785","1","PUDU (IMO 8701492)","PUDU (IMO 8701492): ","Liberia","Bulk Dry","2009-03-11 10:00","","Marine casualty","7° 41.37' S 79° 26.23' W","port of Chicama, Peru","Anchorage","0",""
"C0007199","1","PACIFIC ADVENTURER (IMO 9003847)","PACIFIC ADVENTURER (IMO 9003847): ","Hong Kong, China","Container","2009-03-11 03:12","","Marine casualty","27° 07.30' S 153° 36.60' E","Off Cape Moreton, Queensland","Coastal waters","2","Australia; Australia"
"C0007324","2","CYGNUS ACE (IMO 8808082), ORCHID PIA (IMO 8715352)","CYGNUS ACE (IMO 8808082): , ORCHID PIA (IMO 8715352): ","Panama, Republic of Korea","Ro-Ro Cargo, General Cargo","2009-03-10 02:13","","Very serious marine casualty","34° 41.60' N 139° 35.80' E","120°12.7 nautical miles from Izu Oshima Lighthouse, Japan","Inland waters","1","Japan"
"C0007328","1","SAND HERON (IMO 8900701)","SAND HERON (IMO 8900701): ","United Kingdom","","2009-03-06 15:00","","Marine casualty","54° 35.00' N 0° 57.00' E","Teeside A&P Repair yard Teeside","At berth","0",""
"C0007212","1","TRUD R (IMO 8957156)","TRUD R (IMO 8957156): ","DIS (Denmark)","Dredging","2009-03-04 22:40","","Marine casualty","59° 29.68' N 24° 57.98' E","Muuga Harbour","","0",""
"C0007555","1","ANALUNA","ANALUNA: ","Unknown","Fish Catching","2009-03-02 19:00","","Very serious marine casualty","","Off Bréhat","","1","France"
"C0008055","2","GOLDEN PROGRESS (IMO 9118991), SU BAO XIN HUO 20988","GOLDEN PROGRESS (IMO 9118991): , SU BAO XIN HUO 20988: ","Panama, Unknown","Oil Tanker, ","2009-03-01 05:20","","Marine incident","38° 53.00' N 118° 09.00' E","INLAND WATER ","Inland waters","1","Panama"
"C0007752","1","CHON JI 2 (IMO 8988129)","CHON JI 2 (IMO 8988129): ","Democratic People's Republic of Korea","General Cargo","2009-02-27 23:12","","Very serious marine casualty","37° 04.40' N 122° 46.80' E","China YellowSea","Open sea","0",""
"C0007196","1","SERVUS","SERVUS: ","Denmark","High Speed Craft","2009-02-27 16:15","","Marine casualty","55° 28.50' N 9° 41.60' E","Lille baelt","Inland waters","0",""
"C0007355","1","SOVEREIGN MAERSK (IMO 9120841)","SOVEREIGN MAERSK (IMO 9120841): ","DIS (Denmark)","Container","2009-02-25 11:30","","Marine casualty","22° 32.00' N 116° 21.00' E","South China Sea","Open sea","1","Denmark"
"C0007522","1","VALLERMOSA (IMO 9251559)","VALLERMOSA (IMO 9251559): ","Italy","","2009-02-25 10:40","","Marine casualty","","At the Fawley Marine Terminal","","1","United Kingdom"
"C0007381","1","CHONG JIN (IMO 8008010)","CHONG JIN (IMO 8008010): ","Republic of Korea","Towing / Pushing","2009-02-25 04:30","","Very serious marine casualty","34° 08.00' N 124° 31.00' E","From soheuksando Bearing 252, dist. 16'","Open sea","0",""
"C0007807","1","BLEST MARINE (IMO 9122289)","BLEST MARINE (IMO 9122289): ","Panama","Bulk Dry","2009-02-22 11:40","","Very serious marine casualty","","ICDAS PORT, TURKEY","Port","1","Panama"
"C0007385","1","FALCON TRADER (IMO 9047001)","FALCON TRADER (IMO 9047001): ","Liberia","Bulk Dry","2009-02-20 22:00","","Very serious marine casualty","19° 30.00' S 36° 17.00' W","Off of East Brazilian Coast","Open sea","1","Liberia"
"C0007255","2","MARINE STAR (IMO 9228629), TAKASAGO (IMO 8967149)","MARINE STAR (IMO 9228629): , TAKASAGO (IMO 8967149): ","Panama, Japan","General Cargo, Container","2009-02-20 06:15","","Marine casualty","","Bisan Seto East Traffic Route, Seto Nai Kai（Seto Inland Sea）, Japan","Inland waters","2","Japan; Panama"
"C0008022","1","JEMASA (IMO 1008009)","JEMASA (IMO 1008009): ","Cayman Islands (United Kingdom)","Other Activities","2009-02-18 17:10","","Very serious marine casualty","8° 18.85' N 98° 28.17' E","Phuket, Thailand","At berth","1","United Kingdom"
"C0007140","1","UNORA (IMO 8729315)","UNORA (IMO 8729315): ","Latvia","Fish Catching","2009-02-17 10:03","","Very serious marine casualty","55° 22.90' N 16° 05.70' E","Baltic sea, approx 37 nm E from Borholm, Denmark","Open sea","1","Latvia"
"C0007715","2","GITTE., SKANIA (IMO 9086588)","GITTE.: , SKANIA (IMO 9086588): ","Germany, Bahamas",", ","2009-02-17 01:41","","Marine casualty","54° 29.20' N 14° 06.50' E","13 nm east of island of Rügen","Open sea","1","Germany"
"C0007198","1","OCEAN NOVA (IMO 8913916)","OCEAN NOVA (IMO 8913916): ","Bahamas","","2009-02-17 00:00","","Marine casualty","68° 08.00' S 67° 06.00' W","Marguerite Bay, west of Debenham Island, Argentina","","1","Bahamas"
"C0007861","2","AZIZ, RAGEEB-1 (IMO 7394589)","AZIZ: , RAGEEB-1 (IMO 7394589): ","Unknown, Panama",", Container","2009-02-16 16:20","","Marine incident","","DUBAI PORT (UAE)","","1","Panama"
"C0007202","1","NEW STAR 1 (IMO 6705145)","NEW STAR 1 (IMO 6705145): ","Sierra Leone","Passenger / General Cargo","2009-02-15 03:06","","Very serious marine casualty","","Nakhodka, Russian water","","0",""
"C0008135","1","VIKING STAR (IMO 8821864)","VIKING STAR (IMO 8821864): ","Bahamas","Non-ship structures","2009-02-14 08:30","","Very serious marine casualty","27° 07.00' N 58° 09.00' W","North Atlantic ","Open sea","1","Bahamas"
"C0007406","1","MAGGIE ANN","MAGGIE ANN: ","United Kingdom","Fish Catching","2009-02-12 13:08","","Very serious marine casualty","","Cardigan ","","1","United Kingdom"
"C0007987","1","VASI (IMO 9435806)","VASI (IMO 9435806): ","Cyprus","Chemical Tanker","2009-02-12 03:00","","Marine incident","","Kiel Canal","","1","Germany"
"C0007440","1","MINERVA II (IMO 8222197)","MINERVA II (IMO 8222197): ","Panama","","2009-02-11 13:36","","Very serious marine casualty","15° 36.00' N 24° 26.00' W","CAPE VERDE  ISLANDS","Open sea","1","Panama"
"C0008008","1","OCEAN COSMOS (IMO 9218179)","OCEAN COSMOS (IMO 9218179): ","Panama","General Cargo","2009-02-09 10:45","","Marine casualty","","TENERIFE ANCHORAGE","Anchorage","1","Panama"
"C0007352","1","SAFMARINE NAKURU (IMO 9356103)","SAFMARINE NAKURU (IMO 9356103): ","United Kingdom","Container","2009-02-08 08:48","","Marine casualty","6° 22.30' N 3° 25.20' E","Apapa, Nigeria","Port approach","0",""
"C0007127","1","IRENA ARCTICA (IMO 9100255)","IRENA ARCTICA (IMO 9100255): ","DIS (Denmark)","Container","2009-02-08 08:07","","Marine casualty","64° 10.00' N 51° 43.00' W","Nuuk habour","Port approach","0",""
"C0007126","1","ATLANTIC BLUE (IMO 9332028)","ATLANTIC BLUE (IMO 9332028): ","Hong Kong, China","Oil Tanker","2009-02-07 03:12","","Marine casualty","10° 20.00' S 142° 49.20' E","Torres Strait, Australia","Coastal waters","1","Australia"
"C0007748","1","TANJA","TANJA: ","Germany","Fish Catching","2009-02-06 16:20","","Very serious marine casualty","54° 25.30' N 11° 11.40' E","Port of Burgstaaken, Fehmarn","Port","1","Germany"
"C0007251","1","KNUD LAURITZEN (IMO 8903167)","KNUD LAURITZEN (IMO 8903167): ","Denmark","","2009-02-04 01:55","","Marine casualty","","Port Hueneme","","1","Denmark"
"C0007382","1","SANTOS  AF OCKERO","SANTOS  AF OCKERO: ","Sweden","Fish Catching","2009-02-03 00:00","","Very serious marine casualty","55° 24.55' N 14° 16.16' E",".","Coastal waters","1","Sweden"
"C0010278","1","AL MARID (IMO 9115793)","AL MARID (IMO 9115793): ","United Arab Emirates","Towing / Pushing","2009-02-02 21:30","","Marine casualty","24° 25.00' N 54° 23.00' E","AL MUSAFFAH PORT/ABU DHABI","","0",""
"C0007115","1","GALWAY FISHER (IMO 9118161)","GALWAY FISHER (IMO 9118161): ","United Kingdom","Oil Tanker","2009-01-30 09:31","","Marine casualty","","New Ross, Ireland","","0",""
"C0007378","2","Global Leader (IMO 9125176), GLORIANA (IMO 9211121)","Global Leader (IMO 9125176): , GLORIANA (IMO 9211121): ","Unknown, United Kingdom",", Bulk Dry / Oil","2009-01-29 13:45","","Marine casualty","34° 21.80' N 127° 56.00' E","D-2 anchorage 18 miles south of Yeosu ","","0",""
"C0007474","1","STENA VOYAGER (IMO 9080209)","STENA VOYAGER (IMO 9080209): ","United Kingdom","","2009-01-28 20:34","","Marine casualty","54° 59.40' N 5° 03.60' W","Loch Ryan, Scotland","","1","United Kingdom"
"C0007591","1","DAGNA (IMO 9313802)","DAGNA (IMO 9313802): ","Netherlands (Kingdom of)","General Cargo","2009-01-28 14:00","","Marine incident","","Kaskinen, Finland","","0",""
"C0007410","1","VILLE DE MARS (IMO 8905957)","VILLE DE MARS (IMO 8905957): ","United Kingdom","","2009-01-28 10:31","","Very serious marine casualty","23° 04.00' N 60° 20.00' E","Gulf of Oman","","1","United Kingdom"
"C0007805","1","CHRISTA.","CHRISTA.: ","Germany","","2009-01-28 07:50","","Very serious marine casualty","53° 59.47' N 11° 21.95' E","Baltic Sea, Wismar Bay,  off Timmendorf","Coastal waters","1","Germany"
"C0008301","1","PEQUOT (IMO 9115523)","PEQUOT (IMO 9115523): ","Liberia","","2009-01-26 00:00","","Very serious marine casualty","","Off Coast of Japan ","","1","Liberia"
"C0007144","1","SOPHIA D (IMO 9330642)","SOPHIA D (IMO 9330642): ","Marshall Islands","Bulk Dry","2009-01-21 16:00","","Marine casualty","1° 25.50' S 44° 33.30' W","proximities of the lighthouse of Mangunça, Maranhão State","","0",""
"C0007383","1","GUNAY 2 (IMO 8218366)","GUNAY 2 (IMO 8218366): ","Türkiye","","2009-01-21 02:19","","Marine casualty","43° 11.87' N 5° 13.64' E","Off Marseille, île de Planier","","1","France"
"C0009481","1","MARINERO-1 (IMO 7014842)","MARINERO-1 (IMO 7014842): ","Croatia","Fish Catching","2009-01-20 18:00","","Very serious marine casualty","43° 01.10' N 16° 03.80' E"," bay of Komiza -island Vis","Inland waters","1","Croatia"
"C0007102","1","PRINS JOACHIM (IMO 7803190)","PRINS JOACHIM (IMO 7803190): ","DIS (Denmark)","Passenger/Ro-Ro Cargo","2009-01-18 08:46","","Marine casualty","56° 08.60' N 12° 06.10' E","Rostock Harbour","Port","0",""
"C0007330","1","ORASILA (IMO 9336725)","ORASILA (IMO 9336725): ","DIS (Denmark)","Oil Tanker","2009-01-16 23:40","","Marine casualty","60° 33.30' N 45° 58.80' W","southern greenland","Coastal waters","2","Denmark; Denmark"
"C0007329","1","ORASILA (IMO 9336725)","ORASILA (IMO 9336725): ","DIS (Denmark)","Oil Tanker","2009-01-16 17:25","","Very serious marine casualty","60° 32.30' N 46° 01.90' W","Saarloq","Anchorage","2","Denmark; Denmark"
"C0007058","1","HERTFORDSHIRE (IMO 9137284)","HERTFORDSHIRE (IMO 9137284): ","United Kingdom","General Cargo","2009-01-14 13:17","","Marine casualty","51° 02.00' N 1° 24.00' E","English Channel","Coastal waters","0",""
"C0007452","2","GRAND VENTURE (IMO 9346342), LAI LONG (IMO 7429724)","GRAND VENTURE (IMO 9346342): , LAI LONG (IMO 7429724): ","Panama, Panama","Bulk Dry, General Cargo","2009-01-14 10:25","","Marine casualty","29° 44.98' N 122° 21.02' E"," PORT,  Zhangjiagang, China,","Anchorage","1","Panama"
"C0007645","2","BIRKA EXPRESS (IMO 9131993), HANSE VISION (IMO 9302243)","BIRKA EXPRESS (IMO 9131993): , HANSE VISION (IMO 9302243): ","Finland, Cyprus",", Container","2009-01-12 14:24","","Marine casualty","","Kiel Canal","Canal","1","Germany"
"C0008515","1","EFSTATHIOS (IMO 7503867)","EFSTATHIOS (IMO 7503867): ","Panama","Bulk Dry / Oil","2009-01-12 09:15","","Marine casualty","26° 32.90' N 90° 38.00' W","THE HOLDING CAPEMIDIA SHIPYARD (MIDIA-ROMANIA","At berth","1","Panama"
"C0007344","1","CRANZ (IMO 7702126)","CRANZ (IMO 7702126): ","Antigua and Barbuda","General Cargo","2009-01-11 07:33","","Marine casualty","56° 07.47' N 14° 47.13' E","South Karlshamn, Sweden","Coastal waters","1","Sweden"
"C0007584","1","AN TAI JIANG (IMO 8601288)","AN TAI JIANG (IMO 8601288): ","Hong Kong, China","Oil Tanker","2009-01-09 12:30","","Very serious marine casualty","31° 25.70' N 124° 35.80' E","about 120 nm east of mouth of Changjiang, China","Open sea","1","Hong Kong, China"
"C0007027","1","TORRENS (IMO 9293612)","TORRENS (IMO 9293612): ","United Kingdom","","2009-01-06 06:00","","Marine casualty","","Piraeus","At berth","0",""
"C0007798","1","CAP BEAUFORT (IMO 9341122)","CAP BEAUFORT (IMO 9341122): ","Liberia","","2009-01-05 06:33","","Marine casualty","","Panama Canal, Miraflores locks, upper chamber","At berth","0",""
"C0007435","1","GOLDEN VENUS (IMO 9324215)","GOLDEN VENUS (IMO 9324215): ","Panama","Chemical Tanker","2009-01-04 23:10","","Marine casualty","29° 44.95' N 95° 55.78' W","HOUSTON SHIP CHANNEL, CARPENTER'S BAYOU","Port approach","1","Panama"
"C0007482","1","MIRACETI (IMO 9417610)","MIRACETI (IMO 9417610): ","France","","2009-01-03 22:50","","Marine casualty","49° 40.00' N 3° 11.00' W","west of Cotentin","","1","France"
"C0007718","1","GEMA B (IMO 8522315)","GEMA B (IMO 8522315): ","CSR (Spain)","Container","2009-01-03 16:30","","Marine casualty","","Barcelona Port","Port","0",""
"C0007825","1","SKELLIG LIGHT II (IMO 9265263)","SKELLIG LIGHT II (IMO 9265263): ","Ireland","","2008-12-28 00:00","","Very serious marine casualty","49° 14.00' N 11° 36.00' W","49° 14'N  11° 36' W","","1","Ireland"
"C0007444","1","CARIBBEAN SPIRIT (IMO 9278698)","CARIBBEAN SPIRIT (IMO 9278698): ","Panama","Oil Tanker","2008-12-24 22:00","","Very serious marine casualty","29° 44.62' N 95° 07.30' W","OPEN SEA USA","Open sea","1","Panama"
"C0007005","1","KARRATHA SPIRIT (IMO 8613736)","KARRATHA SPIRIT (IMO 8613736): ","Australia","Oil Tanker","2008-12-24 19:58","","Very serious marine casualty","19° 41.50' S 116° 43.00' E","Legendre Field","Open sea","1","Australia"
"C0007547","1","BARBARA MARY","BARBARA MARY: ","Unknown","","2008-12-18 15:15","","Very serious marine casualty","","Kilkee Bay, Co. Clare ","","1","Ireland"
"C0007626","1","GERTJE BRUHNS","GERTJE BRUHNS: ","Germany","Fish Catching","2008-12-17 09:50","","Marine casualty","53° 19.02' N 7° 16.90' E","Ditzum","At berth","1","Germany"
"C0007627","1","CAPT. HENRY JACKMAN (IMO 8006323)","CAPT. HENRY JACKMAN (IMO 8006323): ","Canada","","2008-12-17 04:31","","Marine incident","","Beauharnois Canal,  Saint Lawrence  Seaway, Quebec","","1","Canada"
"C0007380","1","FREYA (IMO 9219874)","FREYA (IMO 9219874): ","Netherlands (Kingdom of)","","2008-12-16 22:16","","Marine casualty","53° 58.25' N 8° 37.80' E","Gelbsand front ligfht, Elbe approach","River","1","Germany"
"C0007097","1","MIRABELLE (IMO 8500070)","MIRABELLE (IMO 8500070): ","Malta","General Cargo","2008-12-16 17:30","","Marine incident","55° 03.00' N 10° 36.70' E","Svendborg Sound","","1","Denmark"
"C0007101","1","ROPAX 1 (IMO 7822861)","ROPAX 1 (IMO 7822861): ","United Kingdom","Passenger/Ro-Ro Cargo","2008-12-13 20:31","","Marine casualty","36° 07.90' N 5° 25.50' W","Algeciras","Anchorage","0",""
"C0006991","1","APL SYDNEY (IMO 9328493)","APL SYDNEY (IMO 9328493): ","Hong Kong, China","Container","2008-12-13 15:47","","Marine casualty","37° 56.10' S 144° 54.02' E","Port Phillip","Anchorage","1","Australia"
"C0007637","1","RMS SAIMAA (IMO 9313694)","RMS SAIMAA (IMO 9313694): ","Antigua and Barbuda","","2008-12-12 09:46","","Marine casualty","","Kiel Canal, CKm 6.1","Canal","1","Germany"
"C0007463","1","AQUILES (IMO 7008714)","AQUILES (IMO 7008714): ","Panama","Fish Catching","2008-12-11 22:00","","Marine casualty","12° 30.00' S 86° 45.50' W","OPEN SEA","Open sea","1","Panama"
"C0007997","1","IRINI (IMO 8318336)","IRINI (IMO 8318336): ","Panama","Bulk Dry","2008-12-11 18:25","","Marine casualty","","RAMALLO ROADS, RIO PARANA, ARGENTINA","River","1","Panama"
"C0007884","1","SKORPION (IMO 7004342)","SKORPION (IMO 7004342): ","Estonia","Oil Tanker","2008-12-09 05:43","","Marine casualty","59° 30.00' N 24° 56.30' E","Port of Muuga","Port","0",""
"C0007295","1","FINNMASTER (IMO 9192129)","FINNMASTER (IMO 9192129): ","United Kingdom","","2008-12-08 22:29","","Marine casualty","54° 09.00' N 9° 22.00' E","Kiel canal","Canal","0",""
"C0007449","1","TESEO (IMO 9038866)","TESEO (IMO 9038866): ","Panama","Oil Tanker","2008-12-08 19:51","","Very serious marine casualty","37° 58.10' N 51° 03.00' W","OPEN SEA","Open sea","1","Panama"
"C0007806","1","WASHINGTON (IMO 8710352)","WASHINGTON (IMO 8710352): ","Panama","Refrigerated Cargo","2008-12-06 11:37","","Very serious marine casualty","37° 53.94' N 23° 33.35' E","Bunkering Anchorage / Piraeus, Greece","Anchorage","1","Panama"
"C0007822","1","MC LINGHI","MC LINGHI: ","Unknown","","2008-12-05 00:00","","Very serious marine casualty","","Off Coney Island, Co. Cork","","1","Ireland"
"C0007004","1","NICOLE C (IMO 9373541)","NICOLE C (IMO 9373541): ","United Kingdom","General Cargo","2008-12-04 23:45","","Marine casualty","","Humber Estuary","Port approach","0",""
"C0007668","1","USHUAIA (IMO 6901907)","USHUAIA (IMO 6901907): ","Panama","Passenger","2008-12-04 09:55","","Very serious marine casualty","64° 35.29' S 62° 25.39' W","PENINSULA ANTARTICA ","Coastal waters","1","Panama"
"C0007556","1","LE TITAN (IMO 8010386)","LE TITAN (IMO 8010386): ","France","","2008-12-03 16:00","","Very serious marine casualty","","Port Victoria, Seychelles","","1","France"
"C0007016","1","BEVERINA (IMO 8877942)","BEVERINA (IMO 8877942): ","Latvia","Fish Catching","2008-12-02 22:01","","Very serious marine casualty","56° 29.50' N 20° 54.10' E","Baltic sea, 3 nm from port of Liepaja","Coastal waters","1","Latvia"
"C0007496","1","EMMANUELLE-JEAN","EMMANUELLE-JEAN: ","France","Fish Catching","2008-12-02 00:00","","Very serious marine casualty","48° 40.00' N 2° 07.00' W","North of Saint-Lunaire","","1","France"
"C0007162","2","BLUEBIRD (IMO 8027391), HAGLAND BONA (IMO 9132038)","BLUEBIRD (IMO 8027391): , HAGLAND BONA (IMO 9132038): ","Saint Vincent and the Grenadines, Malta","Bulk Dry, Bulk Dry","2008-12-01 20:49","","Marine casualty","56° 30.28' N 10° 13.77' E","Randers Fjord","Port approach","1","Denmark"
"C0007358","1","CAP BLANC (IMO 8328147)","CAP BLANC (IMO 8328147): ","St. Pierre and Miquelon (France)","","2008-12-01 20:30","","Very serious marine casualty","47° 00.10' N 54° 49.20' W","47°00.1 N 054°49.2'W","","1","France"
"C0007249","1","WAVE VENTURE (IMO 8027810)","WAVE VENTURE (IMO 8027810): ","United Kingdom","Other Offshore","2008-11-29 01:50","","Marine casualty","0° 31.20' N 1° 22.50' E","High Seas","Open sea","0",""
"C0007008","1","ENTERPRISE II","ENTERPRISE II: ","United Kingdom","Fish Catching","2008-11-26 20:47","","Marine casualty","58° 27.40' N 5° 02.70' W","Kinlochbervie","","0",""
"C0006997","1","DAN VIKING (IMO 8506024)","DAN VIKING (IMO 8506024): ","DIS (Denmark)","General Cargo","2008-11-26 18:00","","Marine casualty","53° 47.00' N 6° 51.60' E","Route T","Open sea","0",""
"C0006955","1","SPIRIT OF ESPERANCE (IMO 9031466)","SPIRIT OF ESPERANCE (IMO 9031466): ","Malta","Container","2008-11-24 21:19","","Very serious marine casualty","","Townsville, Queensland, Australia","At berth","1","Australia"
"C0007366","1","PRINCESS ROSE","PRINCESS ROSE: ","United Kingdom","Passenger","2008-11-24 12:24","","Marine incident","","Gravesend Reach, River Thames","","1","United Kingdom"
"C0006998","1","CANTARA (IMO 5260629)","CANTARA (IMO 5260629): ","United Kingdom","Fish Catching","2008-11-24 04:30","","Very serious marine casualty","60° 23.70' N 3° 30.50' W","High seas","","1","United Kingdom"
"C0007053","1","TIGER OCEAN (IMO 9000663)","TIGER OCEAN (IMO 9000663): ","Singapore","","2008-11-24 00:00","","Very serious marine casualty","","Doha Port,  berth No. 9, Qatar","","1","Singapore"
"C0007624","2","MAINGAS (IMO 9108843), MESSAOUD","MAINGAS (IMO 9108843): , MESSAOUD: ","Liberia, Unknown",", ","2008-11-23 16:00","","Marine casualty","","Port of Le Havre, France","At berth","0",""
"C0007430","1","GLORY SKY (IMO 9116527)","GLORY SKY (IMO 9116527): ","Panama","Other Bulk Dry","2008-11-23 15:20","","Very serious marine casualty","1° 56.40' N 48° 53.20' W"," OUT OF BRAZILIAN 12NM TERRITORIAL LIMIT","Coastal waters","1","Panama"
"C0007675","1","CAPTAIN MICHALIS S (IMO 7127481)","CAPTAIN MICHALIS S (IMO 7127481): ","Panama","Towing / Pushing","2008-11-22 19:30","","Marine casualty","48° 58.90' N 28° 55.20' E","ISTANBUL ANCHORAGE, TURKEY","Anchorage","1","Panama"
"C0007460","2","DUBAI FORTUNE (IMO 9109378), LU RI YU 0856","DUBAI FORTUNE (IMO 9109378): , LU RI YU 0856: ","Panama, China","Bulk Dry, Fish Catching","2008-11-21 08:00","","Very serious marine casualty","35° 00.90' N 119° 33.80' E","Lanshan No.2 anchorage","Port approach","1","Panama"
"C0007022","1","GOTALAND (IMO 9287704)","GOTALAND (IMO 9287704): ","United Kingdom","Container","2008-11-21 02:30","","Marine casualty","61° 08.00' N 21° 30.00' E","Rauma","At berth","0",""
"C0007331","1","KINGFISHER","KINGFISHER: ","Denmark","Fish Catching","2008-11-20 00:40","","Marine casualty","57° 28.00' N 7° 16.00' E","North sea","Open sea","2","Denmark; Denmark"
"C0007768","1","CRETE CEMENT (IMO 9037161)","CRETE CEMENT (IMO 9037161): ","Bahamas","Non-ship structures","2008-11-19 06:31","","Marine casualty","","Aspond Island, Oslo Fjord","Inland waters","1","Bahamas"
"C0007010","1","SALDANHA (IMO 9268992)","SALDANHA (IMO 9268992): ","Malta","Bulk Dry","2008-11-18 16:00","","Marine casualty","32° 55.00' S 151° 47.00' E","Off Newcastle","Anchorage","1","Australia"
"C0007170","1","HELGOLAND","HELGOLAND: ","Germany","Fish Catching","2008-11-16 11:25","","Very serious marine casualty","58° 48.10' N 3° 27.50' E","Northsea","","2","Germany; Denmark"
"C0007194","1","MAERSK NEWPORT (IMO 9356127)","MAERSK NEWPORT (IMO 9356127): ","United Kingdom","","2008-11-15 01:00","","Marine casualty","36° 08.92' N 5° 26.10' W","Algeciras Spain","At berth","1","Unknown"
"C0007292","3","ANDREA, LINZ, LINZ","ANDREA: , LINZ: , LINZ: ","Romania, Austria, Unknown","Other Dry Cargo, Towing / Pushing, ","2008-11-14 10:13","","Very serious marine casualty","44° 07.50' N 27° 27.50' E","Romanian stretch of Danube River at km 356","","0",""
"C0007578","1","WILHELMINA","WILHELMINA: ","Netherlands (Kingdom of)","Fish Catching","2008-11-14 04:00","","Marine casualty","52° 03.00' N 4° 11.00' E","Off Scheveningen, North Sea","","0",""
"C0007110","1","SAXO (IMO 8324672)","SAXO (IMO 8324672): ","DIS (Denmark)","General Cargo","2008-11-11 14:25","","Marine casualty","57° 07.30' N 8° 31.00' E","Northsea","","2","Denmark; Denmark"
"C0007091","1","QUEEN ELIZABETH 2 (IMO 6725418)","QUEEN ELIZABETH 2 (IMO 6725418): ","United Kingdom","Passenger","2008-11-11 05:02","","Marine casualty","50° 47.88' N 1° 18.80' W","Southampton Water","Port approach","0",""
"C0007052","1","MSC ELIANA (IMO 7025877)","MSC ELIANA (IMO 7025877): ","Panama","General Cargo","2008-11-11 00:00","","Marine incident","","Doha Port, berth no. 9, Qatar","","0",""
"C0007450","1","MORNING SUN (IMO 8221519)","MORNING SUN (IMO 8221519): ","Panama","Other Dry Cargo","2008-11-10 22:00","","Marine casualty","25° 10.00' N 121° 34.70' E","The Port of Keelung is the major port in Northern Taiwan, China","Coastal waters","1","Panama"
"C0007585","1","NORSKY (IMO 9186182)","NORSKY (IMO 9186182): ","Netherlands (Kingdom of)","Ro-Ro Cargo","2008-11-10 19:15","","Marine incident","","Port of Zeebrugge, Belgium","","0",""
"C0007193","1","MAERSK NEWPORT (IMO 9356127)","MAERSK NEWPORT (IMO 9356127): ","United Kingdom","","2008-11-10 12:50","","Marine casualty","49° 26.70' N 4° 19.00' W","English Channel","","1","United Kingdom"
"C0012354","1","JOS ALMUIA","JOS ALMUIA: ","Spain","Fish Catching","2008-11-06 07:30","Flooding/foundering - flooding","Very serious marine casualty","30° 00.00' N 44° 30.00' W","","Open sea","2","Spain; Spain"
"C0007587","1","ANNIE HILLINA (IMO 8028412)","ANNIE HILLINA (IMO 8028412): ","Netherlands (Kingdom of)","Fish Catching","2008-11-06 02:45","","Marine casualty","","Irish sea","","0",""
"C0007081","1","SOROE MAERSK (IMO 9166780)","SOROE MAERSK (IMO 9166780): ","DIS (Denmark)","Container","2008-11-04 13:00","","Marine incident","28° 08.00' N 126° 21.00' E","East China Sea","Open sea","1","Unknown"
"C0007367","1","EUROVOYAGER (IMO 7613882)","EUROVOYAGER (IMO 7613882): ","Cyprus","","2008-11-03 11:26","","Marine casualty","51° 19.61' N 1° 46.22' E","13m off Ramsgate, United Kingdom","","1","United Kingdom"
"C0007365","1","ABIGAIL H (IMO 5133553)","ABIGAIL H (IMO 5133553): ","United Kingdom","","2008-11-02 05:10","","Very serious marine casualty","","Alongside Fish Quay, Port of Heysham","","1","United Kingdom"
"C0007517","1","JUMBO B","JUMBO B: ","Canada","","2008-10-30 09:00","","Very serious marine casualty","","Burke Channel, Restoration Bay, British Columbia","","1","Canada"
"C0007184","1","FANTASTIC (IMO 9100267)","FANTASTIC (IMO 9100267): ","Italy","Passenger/Ro-Ro Cargo","2008-10-30 06:40","","Marine casualty","","Port of Genoa","","0",""
"C0006875","2","DESH VIRAAT (IMO 9371593), SEA PLAIN NO. 2 (IMO 8415847)","DESH VIRAAT (IMO 9371593): , SEA PLAIN NO. 2 (IMO 8415847): ","India, Cambodia","Oil Tanker, General Cargo","2008-10-30 06:20","","Very serious marine casualty","34° 46.23' N 128° 52.77' E","suo mal eastly 7'","","0",""
"C0007377","1","BLACK WATCH (IMO 7108930)","BLACK WATCH (IMO 7108930): ","Bahamas","","2008-10-29 14:15","","Marine casualty","","Gexto Pier, BILBAO","","1","Bahamas"
"C0007267","2","SCOT ISLES (IMO 9243930), WADI HALFA (IMO 8309866)","SCOT ISLES (IMO 9243930): , WADI HALFA (IMO 8309866): ","United Kingdom, Egypt","General Cargo, ","2008-10-29 04:49","","Marine casualty","51° 21.50' N 2° 01.50' E","Dover Strait","Open sea","1","United Kingdom"
"C0007745","1","CELTICA HAV (IMO 8422022)","CELTICA HAV (IMO 8422022): ","Bahamas","","2008-10-29 03:00","","Marine casualty","56° 22.55' N 3° 20.85' W","Germany","","0",""
"C0007991","1","COVADONGA (IMO 9300489)","COVADONGA (IMO 9300489): ","Portugal","","2008-10-28 19:00","","Very serious marine casualty","53° 53.70' N 9° 08.60' E","Brunsbüttel, Grobe Südschleuse ","Port","1","Germany"
"C0006889","1","GREAT MAJESTY (IMO 9143477)","GREAT MAJESTY (IMO 9143477): ","Hong Kong, China","Bulk Dry","2008-10-27 17:50","","Marine casualty","","Port Kembla, NSW","Port","1","Australia"
"C0007049","1","A SHE KYAE (IMO 9135171)","A SHE KYAE (IMO 9135171): ","Panama","Passenger / General Cargo","2008-10-26 00:00","","Marine casualty","","Doha Port, berth no. 5 Qatar","","0",""
"C0007575","1","BELUGA SENSATION (IMO 9255763)","BELUGA SENSATION (IMO 9255763): ","Gibraltar (United Kingdom)","Container","2008-10-26 00:00","","Marine casualty","54° 22.20' N 10° 06.70' E","Kiel Canal, Kiel","Port approach","1","Germany"
"C0009483","1","LEDENIK (IMO 5205837)","LEDENIK (IMO 5205837): ","Croatia","Other Fishing","2008-10-23 19:45","","Very serious marine casualty","44° 12.30' N 14° 57.80' E","island Sestrunj","Inland waters","1","Croatia"
"C0006873","1","STENA VOYAGER (IMO 9080209)","STENA VOYAGER (IMO 9080209): ","United Kingdom","High Speed Craft","2008-10-23 14:40","","Marine casualty","54° 55.00' N 4° 55.50' W","Irish Sea","","0",""
"C0007498","1","BONNIE MOUSE","BONNIE MOUSE: ","Canada","","2008-10-21 06:30","","Very serious marine casualty","","Off George Island, Lake winnipeg, Manitoba","","1","Canada"
"C0007680","2","OOCL EUROPE (IMO 9300805), XING HAI 668","OOCL EUROPE (IMO 9300805): , XING HAI 668: ","Hong Kong, China, Unknown","Container, General Cargo","2008-10-21 05:45","","Very serious marine casualty","22° 08.90' N 114° 12.70' E","Hong Kong","Port approach","1","Hong Kong, China"
"C0007492","1","BBC ATLANTIC (IMO 9352743)","BBC ATLANTIC (IMO 9352743): ","Gibraltar (United Kingdom)","General Cargo","2008-10-19 10:03","","Very serious marine casualty","","Port of Antwerp","","1","Gibraltar (United Kingdom)"
"C0007425","2","CS TOPPER (IMO 8121147), ENERGY DRILLER","CS TOPPER (IMO 8121147): , ENERGY DRILLER: ","Panama, Unknown","Offshore Supply, ","2008-10-17 15:00","","Marine incident","16° 16.30' N 82° 11.20' E","Coastal waters ","Coastal waters","1","Panama"
"C0007147","1","ROZGWIAZDA","ROZGWIAZDA: ","Poland","Dredging","2008-10-17 06:55","","Very serious marine casualty","54° 22.00' N 15° 44.70' E","South Baltic Sea - polish coastal area","","1","Poland"
"C0007433","1","REINA (IMO 7826491)","REINA (IMO 7826491): ","Panama","General Cargo","2008-10-15 18:00","","Very serious marine casualty","11° 45.00' N 68° 25.00' W"," Coastal waters (within 12 miles) , isla de Curazao","Coastal waters","1","Panama"
"C0006868","1","KORMORAN (IMO 6602599)","KORMORAN (IMO 6602599): ","Cook Islands","General Cargo","2008-10-14 21:25","","Marine casualty","55° 56.00' N 11° 54.00' E","Kulhuse Rende, Roskilde Fjord","Coastal waters","0",""
"C0007062","1","PYXIS (IMO 8514083)","PYXIS (IMO 8514083): ","Panama","Ro-Ro Cargo","2008-10-14 09:47","","Very serious marine casualty","","About 640 km from Miyagi Prefecture, Japan (in the high sea)","Open sea","1","Japan"
"C0007064","3","DAI B-3356, ORIENTAL SAPPHIRE (IMO 9273014), TENPORIN","DAI B-3356: , ORIENTAL SAPPHIRE (IMO 9273014): , TENPORIN: ","Unknown, Panama, Japan","Other Non-Seagoing, Bulk Dry, Towing / Pushing","2008-10-13 14:46","","Marine casualty","33° 58.03' N 130° 58.05' E","In Kanmon Passage, Fukuoka Prefecture, Japan","","0",""
"C0007562","1","FEDRA (IMO 8208713)","FEDRA (IMO 8208713): ","Liberia","Bulk Dry","2008-10-10 00:00","","Very serious marine casualty","","Gibraltar Roads","Anchorage","0",""
"C0007429","2","KAMAL XXIX (IMO 6925202), ORIENTAL MARGUERITE (IMO 9407201)","KAMAL XXIX (IMO 6925202): , ORIENTAL MARGUERITE (IMO 9407201): ","India, Panama",", Chemical Tanker","2008-10-08 03:50","","Marine casualty","22° 54.50' N 70° 11.60' E","KANDLA PORT","Port approach","1","Panama"
"C0009484","1",""MIRNA DVA" fishing ship",""MIRNA DVA" fishing ship: ","Croatia","Other Fishing","2008-10-07 18:15","","Very serious marine casualty","45° 23.20' N 13° 21.10' E","13 NM west of Umag","","1","Croatia"
"C0007063","1","NORFOLD (IMO 8910938)","NORFOLD (IMO 8910938): ","Panama","Container","2008-10-07 04:17","","Marine casualty","34° 16.14' N 132° 22.24' E","In the vicinity of Nakanose lighthouse, Hiroshima Prefecture, Japan","","0",""
"C0006897","1","THE VIRGINIABORG (IMO 9234290)","THE VIRGINIABORG (IMO 9234290): ","Netherlands (Kingdom of)","General Cargo","2008-10-06 18:35","","Marine casualty","57° 38.50' N 10° 35.50' E","Danish territorial waters","","1","Unknown"
"C0006877","1","MAERSK BATAM (IMO 9355331)","MAERSK BATAM (IMO 9355331): ","Singapore","Container","2008-10-05 00:30","","Marine casualty","26° 54.00' S 48° 39.00' W","Porto de Itajaí, Santa Catarina","","0",""
"C0007333","1","ELISE","ELISE: ","Unknown","Fish Catching","2008-09-30 09:00","","Very serious marine casualty","","In the area of Octeville-sur-Mer (Seine-Maritime)","","1","Unknown"
"C0007195","1","TOLSTOY (IMO 8942917)","TOLSTOY (IMO 8942917): ","Democratic People's Republic of Korea","General Cargo","2008-09-27 03:39","","Very serious marine casualty","42° 44.40' N 27° 11.50' E","Black sea, approx. 14 nm East from Emine Cape. ","Open sea","1","Bulgaria"
"C0006899","1","SAND HERON (IMO 8900701)","SAND HERON (IMO 8900701): ","United Kingdom","","2008-09-26 14:00","","Marine casualty","53° 38.00' N 0° 20.10' E","Humber River entrance","Port approach","0",""
"C0007428","1","TRUST THALASSA (IMO 8225022)","TRUST THALASSA (IMO 8225022): ","Panama","Bulk Dry","2008-09-25 17:00","","Marine casualty","24° 39.30' N 151° 22.40' E","OPEN SEA","Open sea","1","Panama"
"C0007447","1","OCCAM'S RAZOR (IMO 7921849)","OCCAM'S RAZOR (IMO 7921849): ","Panama","Bulk Dry","2008-09-25 16:00","","Very serious marine casualty","24° 39.30' N 151° 22.40' E","OPEN SEA","Open sea","1","Panama"
"C0007636","1","CHICAGO EXPRESS (IMO 9295268)","CHICAGO EXPRESS (IMO 9295268): ","Germany","","2008-09-24 02:45","","Very serious marine casualty","21° 46.20' N 114° 12.90' E","25 nm south of Hong Kong, China","Coastal waters","1","Germany"
"C0006871","1","ZEUS (IMO 8419879)","ZEUS (IMO 8419879): ","Republic of Korea","Bulk Dry","2008-09-24 01:55","","Very serious marine casualty","21° 40.00' N 112° 49.00' E","Guangdongsung shangchaundao","","0",""
"C0006810","1","MAERSK KITHIRA (IMO 9215323)","MAERSK KITHIRA (IMO 9215323): ","United Kingdom","Container","2008-09-23 20:35","","Very serious marine casualty","22° 22.00' N 115° 28.00' E","South China Sea","Open sea","1","United Kingdom"
"C0008016","1","KOYO MARU NO. 7","KOYO MARU NO. 7: ","Japan","Other Activities","2008-09-21 06:45","","Very serious marine casualty","38° 09.70' N 138° 55.90' E","Waters off the east coast of Sado-ga-Shima Island","","1","Japan"
"C0007373","1","POLARIS (IMO 8716100)","POLARIS (IMO 8716100): ","Germany","","2008-09-20 05:55","","Marine casualty","","Near the Rusterbergen Pilot Station","Canal","1","Germany"
"C0006886","2","REBECCA ROUSING (IMO 8321656), TARA","REBECCA ROUSING (IMO 8321656): , TARA: ","DIS (Denmark), Denmark","General Cargo, Fish Catching","2008-09-18 05:48","","Marine incident","55° 43.80' N 12° 38.60' E","Roads of Copenhagen","Port approach","1","Denmark"
"C0007388","1","WMS GRONINGEN (IMO 9339038)","WMS GRONINGEN (IMO 9339038): ","Cyprus","","2008-09-14 15:25","","Marine incident","53° 33.80' N 9° 45.30' E","Elbe, level with wittenbergen jetty","","1","Unknown"
"C0007546","1","ALANA","ALANA: ","Unknown","","2008-09-14 13:30","","Very serious marine casualty","","Off Bray Head, ","","1","Ireland"
"C0007446","1","DIMITRIOS P (IMO 8871510)","DIMITRIOS P (IMO 8871510): ","Panama","General Cargo","2008-09-13 17:30","","Marine casualty","40° 45.00' N 29° 50.00' E"," DERINCE PORT, TURKEY","At berth","1","Panama"
"C0008755","1","ASGARD II (IMO 1000540)","ASGARD II (IMO 1000540): ","Ireland","Other Activities","2008-09-11 01:00","","Marine casualty","47° 18.30' N 3° 02.00' W","off St. Nazaire, Bay of Biscay","","1","Ireland"
"C0012348","1","SAVINOSA (IMO 9014559)","SAVINOSA (IMO 9014559): ","Spain","Oil Tanker","2008-09-09 05:00","Flooding/foundering - flooding","Very serious marine casualty","41° 06.04' N 1° 14.03' E","","Port","1","Spain"
"C0006992","1","NOREN (IMO 8131348)","NOREN (IMO 8131348): ","Sweden","General Cargo","2008-09-08 11:45","","Marine casualty","55° 49.40' N 12° 48.00' E","Sound","Coastal waters","1","Sweden"
"C0007973","1","GULF NOMAD (IMO 8613970)","GULF NOMAD (IMO 8613970): ","Bahamas","Oil Tanker","2008-09-07 16:03","","Marine incident","","Sikka Anchorage, India","","0",""
"C0007685","1","HUA XING (IMO 9032331)","HUA XING (IMO 9032331): ","Hong Kong, China","General Cargo","2008-09-04 18:49","","Very serious marine casualty","35° 26.50' N 129° 24.00' E","Ulsan, Republic of Korea","","1","Hong Kong, China"
"C0007461","1","DERYA 2 (IMO 7433323)","DERYA 2 (IMO 7433323): ","Panama","General Cargo","2008-09-04 14:30","","Marine casualty","36° 55.28' N 27° 16.64' E","near the Greek island Kos, in the Aegean Sea","Coastal waters","1","Panama"
"C0007402","1","LOVE AND ANARCHY","LOVE AND ANARCHY: ","Canada","Fish Catching","2008-09-04 03:30","","Very serious marine casualty","","West coast of Vancouver Island, British Columbia","","1","Unknown"
"C0007681","2","THE VENETIAN (IMO 9429613), YUE TAI SHAN 33040","THE VENETIAN (IMO 9429613): , YUE TAI SHAN 33040: ","Hong Kong, China, China","High Speed Craft, Fish Catching","2008-09-02 11:42","","Very serious marine casualty","22° 11.58' N 113° 41.00' E","Qing Zhou HSC Traffic Separation Scheme","Coastal waters","1","Hong Kong, China"
"C0007465","1","VINASHIN IRON (IMO 8323850)","VINASHIN IRON (IMO 8323850): ","Panama","Other Bulk Dry","2008-09-02 08:35","","Marine casualty","21° 39.00' N 89° 28.39' E","MONGLA CHANNEL / ZULFIQUAR CHANNEL, BANGLADESH","Canal","1","Panama"
"C0006794","1","MSC PRAGUE (IMO 9253301)","MSC PRAGUE (IMO 9253301): ","Liberia","Container","2008-09-02 08:27","","Marine casualty","22° 53.10' S 43° 11.20' W","Guanabara Bay, Rio de Janeiro City, near Maua beach","","0",""
"C0007254","2","RICKMERS JAKARTA (IMO 9292010), SHIN EI MARU No. 18","RICKMERS JAKARTA (IMO 9292010): , SHIN EI MARU No. 18: ","Marshall Islands, Japan","General Cargo, Other Non-Seagoing","2008-09-01 10:06","","Very serious marine casualty","35° 27.10' N 139° 39.30' E","Berth of No.3 Yamashita Pier, Yokohama, Japan","At berth","1","Japan"
"C0006809","1","SCAN FJELL (IMO 7700609)","SCAN FJELL (IMO 7700609): ","DIS (Denmark)","General Cargo","2008-08-31 13:10","","Marine casualty","57° 50.00' N 5° 35.00' E","North Sea","Open sea","0",""
"C0006918","1","ANN ROUSING","ANN ROUSING: ","Unknown","General Cargo","2008-08-28 07:30","","Marine casualty","","El Ferrol, Spain","","1","Unknown"
"C0007285","1","MIDNIGHT COAST (IMO 7303918)","MIDNIGHT COAST (IMO 7303918): ","Panama","Passenger/Ro-Ro Cargo","2008-08-27 09:40","","Very serious marine casualty","","NEVIS ISLAND ","Open sea","1","Panama"
"C0007441","1","VOYAGER V (IMO 8112067)","VOYAGER V (IMO 8112067): ","Panama","Bulk Dry","2008-08-23 12:00","","Marine incident","13° 24.00' N 62° 12.00' E","Coastal waters","Coastal waters","1","Panama"
"C0007457","2","MAERSK MIAMI (IMO 9001253), NORD STRAIT (IMO 9272400)","MAERSK MIAMI (IMO 9001253): , NORD STRAIT (IMO 9272400): ","Liberia, Panama",", Container","2008-08-23 09:30","","Marine casualty","1° 14.00' N 103° 30.50' E","off the approaches to the Port of Tanjung Pelapas, Johor, West Malaysia","Anchorage","1","Panama"
"C0007580","1","VLIET (IMO 7811616)","VLIET (IMO 7811616): ","Netherlands (Kingdom of)","Dredging","2008-08-22 15:00","","Very serious marine casualty","55° 40.00' N 21° 02.00' E","Klaipeda","","0",""
"C0007458","2","SURFING JAD (IMO 7374577), YOSSA BHUM (IMO 9072525)","SURFING JAD (IMO 7374577): , YOSSA BHUM (IMO 9072525): ","Panama, Singapore","Bulk Dry, ","2008-08-22 02:50","","Marine casualty","20° 50.51' N 71° 31.40' E","Pipavav Roads, Gujarat, India","At berth","1","Panama"
"C0006874","1","THOR FALCON (IMO 9032977)","THOR FALCON (IMO 9032977): ","DIS (Denmark)","General Cargo","2008-08-20 07:05","","Marine casualty","13° 42.80' S 150° 36.20' E","Coral Sea Off Australia East coast","Open sea","0",""
"C0007519","1","STAR JAVA (IMO 9310513)","STAR JAVA (IMO 9310513): ","NIS (Norway)","Bulk Dry","2008-08-18 14:45","","Very serious marine casualty","","Squamish, Canada","Port","1","Norway"
"C0007432","2","JU FU MEN (IMO 7909114), MING LONG YU 1227","JU FU MEN (IMO 7909114): , MING LONG YU 1227: ","Panama, Unknown","General Cargo, ","2008-08-18 03:24","","Very serious marine casualty","24° 00.60' N 118° 19.80' E","OPEN SEA","Open sea","1","Panama"
"C0007338","1","HURLINGHAM","HURLINGHAM: ","United Kingdom","","2008-08-17 23:24","","Very serious marine casualty","","Westminster Pier, River Thames,  London ","River","1","United Kingdom"
"C0006787","1","GORLAND (IMO 6704701)","GORLAND (IMO 6704701): ","Panama","General Cargo","2008-08-14 19:20","","Marine casualty","56° 59.40' N 9° 17.30' E","Aggersundbroen - Denmark","","0",""
"C0006892","1","MARGRETHE MÆRSK (IMO 9359002)","MARGRETHE MÆRSK (IMO 9359002): ","Denmark","Container","2008-08-13 16:30","","Very serious marine casualty","11° 28.60' N 61° 28.80' E","Indian Ocean","Open sea","1","Denmark"
"C0006774","1","LIVRAMENTO (IMO 8617108)","LIVRAMENTO (IMO 8617108): ","Brazil","Oil Tanker","2008-08-12 18:00","","Marine casualty","12° 59.20' S 37° 55.80' W","Sailing among Madre de Deus Terminal and São Luís harbour","","0",""
"C0008067","1","VLAANDEREN VII (IMO 9198173)","VLAANDEREN VII (IMO 9198173): ","Belgium","","2008-08-12 09:50","","Marine casualty","","Broadhaven Bay, Glenlad, Ireland","","1","Belgium"
"C0006994","1","HANNE DANICA (IMO 9006239)","HANNE DANICA (IMO 9006239): ","DIS (Denmark)","General Cargo","2008-08-09 18:40","","Very serious marine casualty","26° 33.30' N 56° 29.00' E","Hormuz Strait","Open sea","2","Denmark; Denmark"
"C0006791","1","ARK FORWARDER (IMO 9138783)","ARK FORWARDER (IMO 9138783): ","United Kingdom","Ro-Ro Cargo","2008-08-09 02:58","","Very serious marine casualty","","Thames Estuary","Port approach","1","United Kingdom"
"C0007323","1","MARVIN","MARVIN: ","France","Fish Catching","2008-08-05 23:15","","Very serious marine casualty","","At 4.5 miles from Cap De La Heve","","1","France"
"C0007456","1","LA DONNA I (IMO 8101991)","LA DONNA I (IMO 8101991): ","Panama","Bulk Dry","2008-08-05 08:40","","Very serious marine casualty","37° 31.40' N 8° 10.50' E","OFF ALGERIAN COAST","","1","Panama"
"C0007812","1","DUBAI COAST III (IMO 7347392)","DUBAI COAST III (IMO 7347392): ","Panama","Ro-Ro Cargo","2008-08-04 05:30","","Very serious marine casualty","17° 19.00' N 56° 37.00' E","ARABIAN SEA ","Open sea","1","Panama"
"C0006790","1","SUSANNE THERESA (IMO 9334404)","SUSANNE THERESA (IMO 9334404): ","DIS (Denmark)","Chemical Tanker","2008-08-02 14:21","","Marine incident","","River Maas","","0",""
"C0007671","1","CENTAURO I (IMO 5300405)","CENTAURO I (IMO 5300405): ","Panama","Fish Catching","2008-08-02 05:10","","Very serious marine casualty","5° 04.00' N 17° 31.00' W","OPEN SEA","Open sea","1","Panama"
"C0006814","1","VIKING (IMO 9141845)","VIKING (IMO 9141845): ","United Kingdom","High Speed Craft","2008-08-01 11:30","","Marine casualty","53° 24.00' N 3° 00.00' W","Liverpool","Port","0",""
"C0007351","1","SD GIRONDE (IMO 9357286)","SD GIRONDE (IMO 9357286): ","France","","2008-08-01 04:22","","Marine incident","","Port of Le Havre","","1","France"
"C0007261","1","VISION II","VISION II: ","United Kingdom","Fish Catching","2008-08-01 01:15","","Very serious marine casualty","","Alongside at Fraserburgh","","1","United Kingdom"
"C0006812","1","IRON KING (IMO 9108300)","IRON KING (IMO 9108300): ","Isle of Man (United Kingdom)","Bulk Dry","2008-07-31 22:20","","Marine casualty","","Departing Port Hedland, Western Australia","","1","Australia"
"C0007350","1","PACIFIC SUN (IMO 8314122)","PACIFIC SUN (IMO 8314122): ","United Kingdom","","2008-07-30 19:45","","Marine casualty","","200 miles north north east of North Cape, New Zealand","","1","Unknown"
"C0007443","1","MALAKAS (IMO 8945799)","MALAKAS (IMO 8945799): ","Panama","Towing / Pushing","2008-07-30 08:44","","Marine casualty","10° 33.00' N 75° 53.00' E","INDIAN OCEAN","Coastal waters","1","Panama"
"C0007136","1","ILE DE GROIX","ILE DE GROIX: ","Unknown","","2008-07-28 07:48","","Marine incident","","At the entrance of La Rade de Lorient","","1","Unknown"
"C0006887","1","MUIRNEAG (IMO 7725362)","MUIRNEAG (IMO 7725362): ","United Kingdom","Ro-Ro Cargo","2008-07-25 08:10","","Marine casualty","58° 12.20' N 6° 23.00' W","Stornoway harbour","","0",""
"C0007999","1","FRIENDSHIPGAS (IMO 8027688)","FRIENDSHIPGAS (IMO 8027688): ","Panama","Liquefied Gas","2008-07-24 16:15","","Very serious marine casualty","","PERAMA – GREECE AT DOCK B’","At berth","1","Panama"
"C0007424","1","MSC TASMANIA (IMO 9008574)","MSC TASMANIA (IMO 9008574): ","Panama","Container","2008-07-24 14:00","","Very serious marine casualty","40° 09.50' N 10° 06.40' W","OPEN SEA","Open sea","1","Panama"
"C0006805","1","VINGA (IMO 7113167)","VINGA (IMO 7113167): ","Sweden","Bulk Dry","2008-07-23 02:28","","Marine casualty","58° 49.48' N 17° 44.48' E","Trosa archipelago","Archipelagos","1","Sweden"
"C0007565","1","TINTOMARA (IMO 9234599)","TINTOMARA (IMO 9234599): ","Liberia","Chemical Tanker","2008-07-23 01:31","","Marine casualty","","Mississippi river, USA","River","1","Liberia"
"C0006869","2","HAI YING (IMO 8410873), NORD POWER (IMO 9271626)","HAI YING (IMO 8410873): , NORD POWER (IMO 9271626): ","Cambodia, Panama","General Cargo, Bulk Dry","2008-07-22 07:43","","Marine casualty","","Kanmon Passage, Fukuoka Prefecture, Japan","Canal","1","Japan"
"C0007459","1","LION PRINCESS (IMO 7633090)","LION PRINCESS (IMO 7633090): ","Panama","Bulk Dry","2008-07-20 17:35","","Marine casualty","20° 15.71' S 86° 41.21' W","IBICUY PORT","","1","Panama"
"C0006861","1","SCAN FJELL (IMO 7700609)","SCAN FJELL (IMO 7700609): ","DIS (Denmark)","General Cargo","2008-07-20 06:00","","Marine casualty","53° 58.40' N 6° 36.70' E","North Sea","Open sea","0",""
"C0007996","1","RORO KARAM ALLAH (IMO 7533745)","RORO KARAM ALLAH (IMO 7533745): ","Panama","General Cargo","2008-07-18 17:30","","Marine casualty","18° 47.16' N 56° 52.21' E","OPEN SEA","Open sea","1","Panama"
"C0007445","1","TOUAX 707","TOUAX 707: ","Panama","Non-ship structures","2008-07-18 15:20","","Marine casualty",""," PARAGUAY RIVER , KM 1.573","River","1","Panama"
"C0006811","1","ATLANTIC EAGLE (IMO 9216212)","ATLANTIC EAGLE (IMO 9216212): ","Greece","Bulk Dry","2008-07-15 08:51","","Marine casualty","35° 12.03' S 117° 58.00' E","Maude Reef, Off Albany, Western Australia","Coastal waters","1","Australia"
"C0006792","1","TYR","TYR: ","Denmark","Other Activities","2008-07-11 12:12","","Marine casualty","","Aarhus Harbour","Port","2","Denmark; Unknown"
"C0007455","1","AMITY ACE (IMO 8020202)","AMITY ACE (IMO 8020202): ","Panama","Ro-Ro Cargo","2008-07-11 05:16","","Marine casualty","31° 06.30' N 81° 27.00' W","IN THE VICINITY OF BOUY NO. 24","Inland waters","1","Panama"
"C0007530","2","BARBARA (IMO 9066760), MAERSK BORNEO (IMO 9341445)","BARBARA (IMO 9066760): , MAERSK BORNEO (IMO 9341445): ","Bahamas, Singapore",", ","2008-07-10 05:50","","Marine casualty","51° 25.20' N 1° 59.20' E","Dover Straits - SW Lane","","0",""
"C0007276","1","FU HUA (IMO 9154103)","FU HUA (IMO 9154103): ","Panama","Bulk Dry","2008-07-10 02:02","","Marine casualty","29° 52.25' N 89° 54.56' W","MISSISSIPPI RIVER","River","1","Panama"
"C0006793","1","VARAGEN (IMO 8818154)","VARAGEN (IMO 8818154): ","United Kingdom","Passenger/Ro-Ro Cargo","2008-07-06 16:58","","Marine incident","","Fair Isle Harbour","Port approach","0",""
"C0007442","1","GOLDEN STAR I (IMO 7602845)","GOLDEN STAR I (IMO 7602845): ","Panama","General Cargo","2008-07-05 08:45","","Marine casualty","20° 15.70' N 86° 41.21' E","PARADIP PORT","Port approach","1","Panama"
"C0007462","2","ELEFTHERIA (IMO 8204418), PACIFIC HIGHWAY (IMO 9206023)","ELEFTHERIA (IMO 8204418): , PACIFIC HIGHWAY (IMO 9206023): ","Greece, Panama",", Ro-Ro Cargo","2008-07-04 19:00","","Marine casualty","34° 25.30' S 58° 25.80' W","RIO PLATA CHANNEL","","1","Panama"
"C0007586","1","KENT EXPLORER (IMO 8511598)","KENT EXPLORER (IMO 8511598): ","Netherlands (Kingdom of)","General Cargo","2008-07-03 01:00","","Marine casualty","35° 59.00' N 49° 29.00' W","North Atlantic","","0",""
"C0007007","1","SVITZER WATERSTON (IMO 9440746)","SVITZER WATERSTON (IMO 9440746): ","United Kingdom","Towing / Pushing","2008-07-02 13:40","","Marine casualty","51° 40.80' N 5° 08.40' W","Milford Sound","Port","0",""
"C0006818","1","ROSETHORN (IMO 8028307)","ROSETHORN (IMO 8028307): ","Saint Vincent and the Grenadines","General Cargo","2008-07-02 02:00","","Marine incident","55° 40.50' N 12° 41.80' E","The Sound","Coastal waters","1","Denmark"
"C0008320","2","THE COTAI STRIP EXPO (IMO 9429625), XIN FEI (IMO 8705905)","THE COTAI STRIP EXPO (IMO 9429625): , XIN FEI (IMO 8705905): ","Hong Kong, China, Hong Kong, China","High Speed Craft, Passenger","2008-07-01 20:17","","Marine incident","22° 13.60' N 114° 01.40' E","Hong Kong,China","Coastal waters","1","Hong Kong, China"
"C0007434","1","OEL PEACE (IMO 8504961)","OEL PEACE (IMO 8504961): ","Panama","Container","2008-07-01 17:25","","Marine casualty",""," KHOR FAKKAN PORT BERTH NO.3/4","At berth","1","Panama"
"C0007012","1","TOISA CONQUEROR (IMO 9237694)","TOISA CONQUEROR (IMO 9237694): ","United Kingdom","Offshore Supply","2008-07-01 13:48","","Very serious marine casualty","22° 53.00' S 43° 17.00' W","Port Niteroi","Port","1","United Kingdom"
"C0007123","1","MOONDANCE (IMO 7800112)","MOONDANCE (IMO 7800112): ","Bahamas","","2008-06-29 18:13","","Marine casualty","54° 05.90' N 6° 15.60' W","Marrenpoint Harbour, Northen Ireland","","1","United Kingdom"
"C0007183","1","ANTARI (IMO 9171084)","ANTARI (IMO 9171084): ","Antigua and Barbuda","","2008-06-29 03:21","","Marine incident","","Near Larne, Northern Ireland","","1","United Kingdom"
"C0007137","1","ADJA NDOUMBE III","ADJA NDOUMBE III: ","Senegal","","2008-06-29 00:15","","Very serious marine casualty","13° 11.90' N 17° 23.80' W","South of Dakar","","1","France"
"C0007761","1","TACORA (IMO 8312760)","TACORA (IMO 8312760): ","Chile","Bulk Dry","2008-06-27 15:23","","Marine incident","29° 58.10' S 71° 21.10' W","CHILE/ GUAYACAN","","1","Chile"
"C0006777","2","KEUM YANG PRIME (IMO 9428712), SHOTOKU MARU NO.15","KEUM YANG PRIME (IMO 9428712): , SHOTOKU MARU NO.15: ","Republic of Korea, Japan","General Cargo, Fish Catching","2008-06-25 10:20","","Marine incident","28° 30.00' N 126° 18.00' E","About 300km west off  Amami Oshima, Kagoshima Prefecture, Japan","","0",""
"C0007569","1","REUNION (IMO 8208921)","REUNION (IMO 8208921): ","Liberia","","2008-06-25 01:30","","Marine casualty","","Jakarta, Indonesia","Port approach","0",""
"C0007362","1","DEVPRAYAG (IMO 8321072)","DEVPRAYAG (IMO 8321072): ","India","Bulk Dry","2008-06-24 20:00","","Very serious marine casualty","","Port of Lyttelton","At berth","1","New Zealand"
"C0007513","1","ATLANTIC EXPLORER (IMO 8610667)","ATLANTIC EXPLORER (IMO 8610667): ","Bahamas","General Cargo","2008-06-24 16:08","","Marine incident","69° 44.00' N 17° 11.00' E","Hammerfest, Norway","","0",""
"C0006898","1","ATILUKOQ","ATILUKOQ: ","Greenland (Denmark)","Fish Catching","2008-06-24 00:40","","Marine casualty","69° 12.00' N 53° 51.00' W","Disko Island","","1","Denmark"
"C0007454","1","RIO HAINA (IMO 8700838)","RIO HAINA (IMO 8700838): ","Panama","General Cargo","2008-06-22 00:48","","Marine casualty","","Ggovernment cut by port of Miami","Port approach","1","Panama"
"C0006739","1","VARMLAND (IMO 9276341)","VARMLAND (IMO 9276341): ","United Kingdom","Container","2008-06-21 13:35","","Very serious marine casualty","53° 53.00' N 8° 58.00' E","Bredo Dry-dock, Bremerhaven","","1","United Kingdom"
"C0007360","1","MV "PRINCESS OF THE STARS" (IMO 8323161)","MV "PRINCESS OF THE STARS" (IMO 8323161): ","Philippines","Passenger/Ro-Ro Cargo","2008-06-21 12:30","","Very serious marine casualty","","Philippines","Inland waters","0",""
"C0007138","1","NORMA (IMO 8330073)","NORMA (IMO 8330073): ","Belgium","","2008-06-21 11:25","","Marine incident","50° 57.80' N 1° 21.60' E","Off the 'Varne' bank in the Dover Strait ","","1","United Kingdom"
"C0006785","1","SAGA (IMO 6616746)","SAGA (IMO 6616746): ","Democratic People's Republic of Korea","General Cargo","2008-06-20 21:30","","Marine casualty","57° 55.12' N 11° 37.20' E","Marstrandsfjorden","Archipelagos","3","Sweden; Sweden; Sweden"
"C0006778","2","JI FENG (IMO 8110045), TAKASAGO NO.2 (IMO 9067233)","JI FENG (IMO 8110045): , TAKASAGO NO.2 (IMO 9067233): ","Hong Kong, China, Japan","Container, General Cargo","2008-06-20 08:45","","Marine casualty","","About 10km East from Tsumekisaki, Shizuoka Prefecture, Japan","","0",""
"C0006870","1","SAND FULMAR (IMO 9174127)","SAND FULMAR (IMO 9174127): ","United Kingdom","","2008-06-19 00:00","","Marine casualty","51° 57.00' N 1° 02.00' W","Harwich UK","Coastal waters","0",""
"C0006776","1","ID PARTNER (IMO 8915110)","ID PARTNER (IMO 8915110): ","Panama","Other Liquids","2008-06-18 15:55","","Marine casualty","37° 22.60' N 138° 32.50' E","Off Niigata Prefecture, Japan","","0",""
"C0007048","1","CHALLENGER","CHALLENGER: ","Bahrain","Towing / Pushing","2008-06-17 00:00","","Marine casualty","","Doha Port Channel, Qatar","","0",""
"C0006829","1","TRUBEZH (IMO 8422905)","TRUBEZH (IMO 8422905): ","Belize","","2008-06-16 22:15","","Marine casualty","18° 53.00' N 72° 18.00' E","in open sea, nearest port Mumbai, India","Open sea","0",""
"C0007739","1","CHAMPION BRALI (IMO 8309799)","CHAMPION BRALI (IMO 8309799): ","Bahamas","Bulk Dry / Oil","2008-06-12 08:13","","Marine casualty","1° 17.60' N 104° 07.30' E","Singapore","","0",""
"C0007142","1","SAGA ROSE (IMO 6416043)","SAGA ROSE (IMO 6416043): ","Bahamas","","2008-06-11 14:25","","Very serious marine casualty","","Berth 101, Southampton, UK","","1","United Kingdom"
"C0006775","1","TKB TAKANO (IMO 7725556)","TKB TAKANO (IMO 7725556): ","Saint Kitts and Nevis","Bulk Dry","2008-06-09 00:00","","Marine casualty","37° 28.50' N 137° 23.40' E","Off Noto peninsula, Ishikawa Prefecture, Japan","","0",""
"C0006920","2","CAP BISTI (IMO 9231470), FULMAR (IMO 8804775)","CAP BISTI (IMO 9231470): , FULMAR (IMO 8804775): ","Liberia, United Kingdom","Container, General Cargo","2008-06-05 11:45","","Marine casualty","51° 23.00' N 2° 40.00' E","Wandelaar Pilot precautionary area","Port approach","0",""
"C0006733","1","WIND SOLUTION (IMO 6918560)","WIND SOLUTION (IMO 6918560): ","United Kingdom","Passenger/Ro-Ro Cargo","2008-06-05 05:55","","Marine casualty","","Royal Dock, Grimsby, UK","Port","0",""
"C0007583","1","CARIBBEAN STAR (IMO 9150810)","CARIBBEAN STAR (IMO 9150810): ","Liberia","","2008-06-02 00:05","","Marine casualty","","Port of Douala, Cameroon","At berth","0",""
"C0007346","1","RABA (IMO 8415172)","RABA (IMO 8415172): ","Poland","","2008-06-01 06:45","","Marine incident","54° 41.60' N 13° 15.00' E","Nothwest of the Wittow, Rugen Peninsula","","1","Germany"
"C0006741","2","KAIJU MARU (IMO 8853764), SITC YANTAI (IMO 9378010)","KAIJU MARU (IMO 8853764): , SITC YANTAI (IMO 9378010): ","Japan, Tuvalu","General Cargo, Container","2008-05-31 12:25","","Marine incident","33° 37.00' N 130° 20.00' E","In Hakata Port, Fukuoka Prefecture, Japan","","0",""
"C0007483","1","NORFOLK EXPRESS (IMO 9104902)","NORFOLK EXPRESS (IMO 9104902): ","Germany","","2008-05-30 05:12","","Marine casualty","28° 05.80' N 33° 19.60' W","Gulf of Suez, Ras Shukheir, Egypt","Port approach","1","Germany"
"C0006740","1","ARTEMIS LEADER (IMO 9355202)","ARTEMIS LEADER (IMO 9355202): ","Panama","Ro-Ro Cargo","2008-05-28 14:30","","Marine casualty","34° 33.00' N 137° 26.00' E","10km off Atsumi Peninsula, Aichi Prefecture, Japan","","0",""
"C0007246","1","ALGOMARINE (IMO 6816607)","ALGOMARINE (IMO 6816607): ","Canada","","2008-05-28 05:49","","Marine casualty","","Bruce Mines, North Channel, Lake Huron, Ontario","","1","Unknown"
"C0007277","1","JOSE BRIGHT (IMO 8920361)","JOSE BRIGHT (IMO 8920361): ","Panama","Chemical Tanker","2008-05-24 13:30","","Very serious marine casualty","","HOUSTON FAIRWAY ANCHORAGE","Anchorage","1","Panama"
"C0006795","1","AOUN ALLAH (IMO 7110141)","AOUN ALLAH (IMO 7110141): ","Syrian Arab Republic","General Cargo","2008-05-23 18:30","","Marine casualty","","Italy/Port Pozzallo","","0",""
"C0007564","1","HELENIC (IMO 9356490)","HELENIC (IMO 9356490): ","Netherlands (Kingdom of)","General Cargo","2008-05-23 14:30","","Marine incident","58° 50.00' N 17° 20.00' E","Oxe'lösund, Sweden","","0",""
"C0006867","1","MAERSK MANDRAKI (IMO 8613310)","MAERSK MANDRAKI (IMO 8613310): ","Greece","Container","2008-05-23 14:00","","Marine casualty","23° 00.00' N 123° 02.00' E","East  China Sea","","0",""
"C0007431","1","HAKONE (IMO 8200436)","HAKONE (IMO 8200436): ","Panama","Container","2008-05-22 16:15","","Very serious marine casualty","","Huarun Dadong Dockyard, Shanghai","At berth","1","Panama"
"C0006866","1","HANJIN 3005 (IMO 9132404)","HANJIN 3005 (IMO 9132404): ","Republic of Korea","General Cargo","2008-05-22 11:07","","Marine casualty","38° 59.00' N 117° 42.00' E","Tian jin Port in China","","0",""
"C0006816","2","ATLANTIC, RUDOKOP","ATLANTIC: , RUDOKOP: ","Unknown, Cayman Islands (United Kingdom)",", Other Activities","2008-05-21 05:25","","Very serious marine casualty","54° 56.00' N 14° 40.80' E","Baltic SW of Bornholm","Open sea","1","Denmark"
"C0007051","1","FARAZ (IMO 8999673)","FARAZ (IMO 8999673): ","Iran (Islamic Republic of)","","2008-05-21 00:00","","Marine casualty","","Doha port channel, Qatar","","0",""
"C0007655","1","BLUE OCEAN (IMO 8813611)","BLUE OCEAN (IMO 8813611): ","Hong Kong, China","Container","2008-05-19 14:29","","Very serious marine casualty","15° 39.00' N 110° 44.60' E","At Sea","Open sea","1","Hong Kong, China"
"C0007401","1","RUILOBA (IMO 9348625)","RUILOBA (IMO 9348625): ","Spain","","2008-05-18 18:12","","Marine casualty","53° 36.00' N 8° 30.80' E","Bremerhaven","Port","1","Unknown"
"C0006865","1","MEDI TRADITION (IMO 8213469)","MEDI TRADITION (IMO 8213469): ","Panama","General Cargo","2008-05-17 12:04","","Marine incident","37° 51.70' N 122° 15.70' E","Yellow Sea","Open sea","0",""
"C0006729","1","MCL TRADER (IMO 8814354)","MCL TRADER (IMO 8814354): ","Russian Federation","General Cargo","2008-05-17 03:04","","Marine casualty","55° 07.50' N 14° 40.90' E","Baltic Sea","Coastal waters","1","Denmark"
"C0007427","1","FINNLADY (IMO 9336268)","FINNLADY (IMO 9336268): ","Finland","","2008-05-16 19:53","","Marine incident","53° 56.50' N 10° 51.60' E","Skandinavinkai, Travemünde","Port","1","Germany"
"C0006820","1","KEGUMS (IMO 8813972)","KEGUMS (IMO 8813972): ","Latvia","General Cargo","2008-05-16 15:10","","Marine casualty","64° 14.30' N 7° 46.30' E","Kristiansund","Coastal waters","1","Latvia"
"C0007271","1","MSC DENISSE (IMO 7435292)","MSC DENISSE (IMO 7435292): ","Panama","Container","2008-05-15 11:30","","Marine casualty","19° 13.00' N 71° 06.20' E","4 MILES SW OFF BOMBAY HIGH (INDIA)","Coastal waters","1","Panama"
"C0007141","1","COSTA ATLANTICA (IMO 9187796)","COSTA ATLANTICA (IMO 9187796): ","Italy","","2008-05-15 02:57","","Marine incident","51° 11.00' N 1° 41.00' E","In the Dover Strait","","1","United Kingdom"
"C0006727","2","KEMIRA GAS (IMO 9045807), LYCIAN (IMO 9367231)","KEMIRA GAS (IMO 9045807): , LYCIAN (IMO 9367231): ","Belgium, Malta","Liquefied Gas, Chemical Tanker","2008-05-14 02:00","","Marine casualty","55° 36.40' N 10° 54.00' E","Great Belt","","1","Denmark"
"C0007674","2","ROSA DI MAGGIO, TRIDENT STAR (IMO 9343211)","ROSA DI MAGGIO: , TRIDENT STAR (IMO 9343211): ","Unknown, Panama",", Oil Tanker","2008-05-13 05:46","","Marine incident","42° 24.70' N 15° 55.60' W","COAST OF FALCONARA (ITALY)","Canal","1","Panama"
"C0007000","1","CFL PERFORMER (IMO 9376452)","CFL PERFORMER (IMO 9376452): ","Netherlands (Kingdom of)","","2008-05-12 16:19","","Marine incident","52° 54.12' N 1° 43.69' E","North sea","","1","United Kingdom"
"C0006757","1","FRANCOISE GILOT (IMO 9295517)","FRANCOISE GILOT (IMO 9295517): ","Antigua and Barbuda","Container","2008-05-09 05:41","","Marine incident","38° 19.80' S 144° 53.70' E","Port Philip, Victoria","Port","1","Australia"
"C0007077","1","OCEANIC II (IMO 6512354)","OCEANIC II (IMO 6512354): ","Bahamas","Passenger","2008-05-04 07:25","","Marine casualty","57° 45.00' N 21° 43.00' E","Irbe Strait","","1","Bahamas"
"C0007253","1","INTENTION IV","INTENTION IV: ","Germany","","2008-05-03 16:56","","Marine casualty","54° 11.12' N 12° 05.20' E","Warnemunde, beach area west of the west Mole","","1","Unknown"
"C0006679","1","BRAGE R (IMO 9144380)","BRAGE R (IMO 9144380): ","Netherlands (Kingdom of)","Dredging","2008-05-02 21:59","","Marine casualty","","Graadyb, Esbjerg","Port approach","0",""
"C0006689","1","SC BALTIC (IMO 7393793)","SC BALTIC (IMO 7393793): ","DIS (Denmark)","General Cargo","2008-05-02 18:30","","Marine casualty","60° 18.00' N 5° 11.50' E","Approaches to Bergen","Port approach","0",""
"C0006786","1","EUPEN (IMO 9177806)","EUPEN (IMO 9177806): ","Luxembourg","Liquefied Gas","2008-05-02 15:00","","Marine casualty","","Mississippi, Rich Bend, Buoy 156 near College Pt","","0",""
"C0007846","1","MONTE STELLO (IMO 7807093)","MONTE STELLO (IMO 7807093): ","New Zealand","Passenger/Ro-Ro Cargo","2008-05-02 14:50","","Marine incident","41° 14.50' S 174° 13.50' E","Queen Charlotte Sound","","1","New Zealand"
"C0007464","1","ASSALAMA (IMO 6712631)","ASSALAMA (IMO 6712631): ","Panama","Ro-Ro Cargo","2008-04-30 11:08","","Marine casualty","","Canal de salida. Bocana  del puerto de Tarfaya","Coastal waters","1","Panama"
"C0006711","1","BURAK KALKAVAN (IMO 7368061)","BURAK KALKAVAN (IMO 7368061): ","Panama","General Cargo","2008-04-29 15:36","","Marine casualty","41° 02.63' N 29° 01.70' E","BOSPORE STRAIT","Canal","0",""
"C0007690","1","ASIAN STAR (IMO 9065429)","ASIAN STAR (IMO 9065429): ","Liberia","Container","2008-04-29 13:50","","Very serious marine casualty","37° 09.20' N 125° 07.40' E","41 miles SE from the Sochungdo Light House,Koea","","1","Republic of Korea"
"C0006902","1","SC BALTIC (IMO 7393793)","SC BALTIC (IMO 7393793): ","DIS (Denmark)","","2008-04-29 12:35","","Marine incident","","Orsta Harbour, Norway","","1","Unknown"
"C0007368","1","MSC TRINIDAD (IMO 8213756)","MSC TRINIDAD (IMO 8213756): ","Panama","Container","2008-04-29 10:00","","Marine casualty","","AT SEA FROM FREEPORT (BAHAMAS) TO MONTREAL (CANADA)","Coastal waters","1","Panama"
"C0007044","1","AKEELA","AKEELA: ","Panama","Passenger / General Cargo","2008-04-28 00:00","","Marine incident","","Doha port, Qatar","","0",""
"C0007135","1","LA MELODIE DES MERS","LA MELODIE DES MERS: ","Unknown","Fish Catching","2008-04-26 17:30","","Very serious marine casualty","47° 29.80' N 2° 38.70' W","At the entrance of the river of Penerf","","1","France"
"C0006864","1","HANSA INDIA (IMO 9070967)","HANSA INDIA (IMO 9070967): ","Germany","Container","2008-04-25 19:50","","Marine incident","22° 27.50' N 113° 52.30' E","Shen zhen Port in China","Port approach","0",""
"C0008624","1","FARUK KAAN (IMO 9165865)","FARUK KAAN (IMO 9165865): ","Marshall Islands","General Cargo","2008-04-23 08:27","","Marine casualty","45° 44.90' S 74° 19.50' W","CHILE, CANAL PULLUCHE","Inland waters","1","Chile"
"C0007272","1","JUMANA (IMO 7618662)","JUMANA (IMO 7618662): ","Panama","Ro-Ro Cargo","2008-04-20 10:30","","Marine casualty","21° 26.44' N 39° 03.67' E","SAUDI AREBIA","Port approach","1","Panama"
"C0006863","1","ASTRO LEON (IMO 9004786)","ASTRO LEON (IMO 9004786): ","Greece","Oil Tanker","2008-04-19 19:50","","Marine incident","","Shen zhen Port in China","","0",""
"C0006881","2","CONTI HARMONY (IMO 9137894), GOTLAND CAROLINA (IMO 9328132)","CONTI HARMONY (IMO 9137894): , GOTLAND CAROLINA (IMO 9328132): ","Cyprus, DIS (Denmark)",", Chemical Tanker","2008-04-19 09:26","","Marine incident","25° 25.30' N 57° 21.70' E","Gulf of Oman","Open sea","1","Denmark"
"C0006862","1","SHANGHAI SUPER EXPRESS (IMO 9033751)","SHANGHAI SUPER EXPRESS (IMO 9033751): ","Panama","Ro-Ro Cargo","2008-04-15 22:05","","Very serious marine casualty","31° 40.00' N 124° 20.00' E","Entrance of Yangzi River in China","Open sea","0",""
"C0006860","1","HAN LORD (IMO 8301242)","HAN LORD (IMO 8301242): ","Panama","Bulk Dry","2008-04-11 06:00","","Very serious marine casualty","32° 01.50' N 123° 20.00' E","Entrance of Yangzi River in China","Open sea","0",""
"C0006753","1","OCEAN SYMPHONY (IMO 9244855)","OCEAN SYMPHONY (IMO 9244855): ","Panama","Bulk Dry","2008-04-10 21:20","","Very serious marine casualty","","SINGAPORE WESTERN WORKING ANCHORAGE","Anchorage","2","Panama; Panama"
"C0006736","2","BARTA (IMO 8853910), MAGDALENA (IMO 8302234)","BARTA (IMO 8853910): , MAGDALENA (IMO 8302234): ","Lithuania, Malta","Towing / Pushing, General Cargo","2008-04-10 18:28","","Very serious marine casualty","55° 42.30' N 21° 07.10' E","Port of Klaipėda","Port","1","Lithuania"
"C0006804","1","SEA VENUS (IMO 8211514)","SEA VENUS (IMO 8211514): ","Panama","Bulk Dry","2008-04-10 07:50","","Marine casualty","41° 49.90' N 46° 37.70' W","1000 MILES OFF HALIFAX","Open sea","2","Panama; Panama"
"C0007693","1","PAN BLESS (IMO 9076387)","PAN BLESS (IMO 9076387): ","Republic of Korea","Bulk Dry","2008-04-07 08:45","","Very serious marine casualty","31° 30.00' N 126° 04.00' E","57 miles off from the lighthouse of the island of Yierdo","","1","Republic of Korea"
"C0007501","1","BLACK WATCH (IMO 7108930)","BLACK WATCH (IMO 7108930): ","Bahamas","Passenger","2008-04-05 08:42","","Marine incident","","Port of Safaga","","0",""
"C0007691","2","BRIGHT ACE (IMO 9132624), Zhepuyu 34368","BRIGHT ACE (IMO 9132624): , Zhepuyu 34368: ","Republic of Korea, Unknown","General Cargo, Fish Catching","2008-04-05 08:05","","Very serious marine casualty","30° 10.60' N 124° 04.00' E","125 miles off from the lighthouse of the island of Yierdo","","1","Republic of Korea"
"C0008733","1","NIKKO MARU","NIKKO MARU: ","Japan","Fish Catching","2008-04-05 03:44","","Marine incident","40° 53.00' N 140° 49.40' E","Offshore from the Kugurizaka Fishing Port, Aomori City, Aomori Prefecture","Inland waters","1","Japan"
"C0007262","1","WILHELMINE (IMO 8007133)","WILHELMINE (IMO 8007133): ","Germany","","2008-04-04 20:26","","Marine casualty","53° 32.50' N 9° 56.70' E","Tollerort, Port of Hamburg","Port","1","Unknown"
"C0007972","1","CIMBRIS (IMO 9281786)","CIMBRIS (IMO 9281786): ","Gibraltar (United Kingdom)","General Cargo","2008-04-04 17:15","","Very serious marine casualty","","Tekirdag","At berth","1","Gibraltar (United Kingdom)"
"C0007359","1","MSC CHARLESTON (IMO 9299537)","MSC CHARLESTON (IMO 9299537): ","Liberia","Container","2008-04-02 01:03","","Marine casualty","31° 04.40' N 122° 40.90' E","ChangJiangKou","Coastal waters","0",""
"C0007714","1","MARFEEDER (IMO 9123324)","MARFEEDER (IMO 9123324): ","Germany","","2008-04-01 06:01","","Marine casualty","53° 41.00' N 8° 20.60' E","Outer Weser","Port approach","1","Germany"
"C0007139","1","NATISSA (IMO 9111541)","NATISSA (IMO 9111541): ","Malta","","2008-03-31 23:55","","Marine incident","","Îlot Gros Sarrannier (Porquerolles)","","1","Unknown"
"C0006770","1","MSC LUGANO (IMO 8714217)","MSC LUGANO (IMO 8714217): ","Marshall Islands","Container","2008-03-31 10:15","","Marine casualty","35° 24.00' S 122° 25.00' E","At sea, southeast of Esperance Western Australia","","1","Australia"
"C0007181","1","ADVANCE (IMO 8111910)","ADVANCE (IMO 8111910): ","Saint Vincent and the Grenadines","","2008-03-31 02:03","","Very serious marine casualty","46° 39.77' N 5° 13.90' W","Off Pointe de Penmarch'h","","2","France; Saint Vincent and the Grenadines"
"C0006950","1","ZEIN I (IMO 7622041)","ZEIN I (IMO 7622041): ","Panama","Refrigerated Cargo","2008-03-27 10:30","","Very serious marine casualty","","THE ALEXANDRIA SHIPYARD","","1","Panama"
"C0007563","1","LAUWERSBORG (IMO 9399387)","LAUWERSBORG (IMO 9399387): ","Netherlands (Kingdom of)","General Cargo","2008-03-24 14:23","","Marine casualty","56° 00.00' N 11° 50.00' E","Hundested, Denmark","","0",""
"C0007740","1","CGG SYMPHONY (IMO 8607189)","CGG SYMPHONY (IMO 8607189): ","Bahamas","Research","2008-03-24 10:30","","Marine casualty","","Australia","","0",""
"C0006883","1","LANCE NAIK ALBERT EKKA PVC (IMO 8311209)","LANCE NAIK ALBERT EKKA PVC (IMO 8311209): ","India","Oil Tanker","2008-03-23 16:15","","Marine casualty","","Kandla Port, India","At berth","0",""
"C0007654","2","NEFTEGAZ-67 (IMO 8418576), YAO HAI (IMO 8515697)","NEFTEGAZ-67 (IMO 8418576): , YAO HAI (IMO 8515697): ","Ukraine, China","Offshore Supply, Bulk Dry","2008-03-22 21:13","","Very serious marine casualty","22° 20.70' N 114° 00.10' E","Hong Kong","Inland waters","1","Hong Kong, China"
"C0007273","1","CS SIGNE (IMO 8511445)","CS SIGNE (IMO 8511445): ","Panama","Container","2008-03-22 11:45","","Marine casualty","","CALCUTTA","River","1","Panama"
"C0006986","1","KARL-ERIK (IMO 7388657)","KARL-ERIK (IMO 7388657): ","Sweden","Towing / Pushing","2008-03-21 21:30","","Marine casualty","61° 12.00' N 17° 13.00' E","Vallvik archipelago","Archipelagos","1","Sweden"
"C0006696","1","ACE TRANSIA (IMO 9016466)","ACE TRANSIA (IMO 9016466): ","Panama","Chemical Tanker","2008-03-21 18:50","","Marine casualty","","Off Yanai city, Yamaguchi Prefecture, Japan","","0",""
"C0007256","1","ROSE DES VENTS","ROSE DES VENTS: ","Unknown","","2008-03-19 01:14","","Very serious marine casualty","","Off Croisic, France","","1","Unknown"
"C0006859","1","COSCO AMERICA (IMO 9345427)","COSCO AMERICA (IMO 9345427): ","Panama","Container","2008-03-17 12:00","","Marine incident","29° 52.00' N 122° 10.00' E","East  China Sea","Port approach","0",""
"C0006701","1","PANAMAX PEPPOU (IMO 8024272)","PANAMAX PEPPOU (IMO 8024272): ","Panama","Bulk Dry","2008-03-17 03:00","","Very serious marine casualty","","OUTER ANCHORAGE OF QINGDAO CHINA","Port approach","0",""
"C0006708","1","ANGLO (IMO 7912381)","ANGLO (IMO 7912381): ","Panama","Chemical Tanker","2008-03-16 20:30","","Marine incident","54° 53.00' N 9° 29.00' W","OFF RORVIK ","","0",""
"C0006719","1","MERCANDIA VIII (IMO 8611623)","MERCANDIA VIII (IMO 8611623): ","DIS (Denmark)","Passenger/Ro-Ro Cargo","2008-03-16 07:50","","Marine casualty","56° 02.10' N 12° 37.20' E","Elsinore Harbour, Denmark","Port approach","1","Denmark"
"C0007582","1","SIF R (IMO 7424358)","SIF R (IMO 7424358): ","Netherlands (Kingdom of)","Dredging","2008-03-16 02:00","","Marine casualty","56° 40.00' N 8° 18.00' E","Thyboron, Denmark","","0",""
"C0006588","1","NCC JUBAIL (IMO 9087025)","NCC JUBAIL (IMO 9087025): ","NIS (Norway)","Chemical Tanker","2008-03-15 15:30","","Marine casualty","12° 46.90' S 38° 30.03' W","Porto de Aratu - liquid products Terminal, Bahia, Brazil","","0",""
"C0007573","1","OCEANIC (IMO 6901490)","OCEANIC (IMO 6901490): ","Germany","","2008-03-14 20:57","","Marine incident","53° 52.22' N 8° 43.22' E","Cuxhaven, on the river Elbe of Amerikahafen","","1","Germany"
"C0006596","1","SEA VENUS (IMO 8211514)","SEA VENUS (IMO 8211514): ","Panama","Ro-Ro Cargo","2008-03-14 19:45","","Marine casualty","52° 07.60' N 3° 50.00' E","Maas Nord Anchorage No.5","Anchorage","0",""
"C0007823","1","STRATH MARIE","STRATH MARIE: ","Unknown","Fish Catching","2008-03-14 00:00","","Very serious marine casualty","","Off Inishowen","","1","Ireland"
"C0007572","1","HOPE BAY (IMO 9135169)","HOPE BAY (IMO 9135169): ","Curaçao (Kingdom of the Netherlands)","Refrigerated Cargo","2008-03-12 22:47","","Marine casualty","54° 02.70' N 8° 15.20' E","East of Aubenelbe Reede","","1","Germany"
"C0007571","1","HOPE BAY (IMO 9135169)","HOPE BAY (IMO 9135169): ","Curaçao (Kingdom of the Netherlands)","Refrigerated Cargo","2008-03-12 05:35","","Marine casualty","53° 43.85' N 9° 27.28' E","Elbe, buoy 90","Port approach","1","Germany"
"C0006704","1","MSC SABRINA (IMO 8714205)","MSC SABRINA (IMO 8714205): ","Panama","Container","2008-03-10 22:25","","Marine casualty","46° 19.32' N 72° 32.64' W","QUEBEC, TROIS RIVIERES","","1","Panama"
"C0007488","1","MARIE LOUISE BERTHE","MARIE LOUISE BERTHE: ","Unknown","Fish Catching","2008-03-10 17:45","","Very serious marine casualty","49° 25.00' N 4° 44.00' W","West of Channel Islands","","1","France"
"C0007143","1","ASTRAL (IMO 9371878)","ASTRAL (IMO 9371878): ","Unknown","","2008-03-10 07:25","","Marine casualty","50° 39.90' N 1° 01.90' W","Princessa Shoal, east of the Isle of Wight","","1","United Kingdom"
"C0007134","1","ARTEMIS (IMO 9278337)","ARTEMIS (IMO 9278337): ","Netherlands (Kingdom of)","","2008-03-10 07:20","","Marine casualty","46° 29.60' N 1° 46.95' W","At Sables d'Olonne, France ","","1","Unknown"
"C0007561","1","ARTEMIS (IMO 9278337)","ARTEMIS (IMO 9278337): ","Netherlands (Kingdom of)","General Cargo","2008-03-10 07:00","","Marine incident","46° 30.00' N 1° 48.00' E","Les Sables d'Olonne","","0",""
"C0007833","1","MSC ROMA (IMO 9304447)","MSC ROMA (IMO 9304447): ","Liberia","","2008-03-07 12:47","","Marine casualty","12° 58.00' N 48° 44.00' E","Gulf of Aden","","0",""
"C0006682","3","ANICHKOV BRIDGE (IMO 9256901), TOR CORONA (IMO 9357597), VALLE DI NERVION (IMO 9288942)","ANICHKOV BRIDGE (IMO 9256901): , TOR CORONA (IMO 9357597): , VALLE DI NERVION (IMO 9288942): ","Liberia, United Kingdom, Italy",", Ro-Ro Cargo, ","2008-03-06 20:40","","Marine casualty","55° 43.50' N 21° 05.80' E","Port of Klaipėda","Port","0",""
"C0006561","1","ERISO (IMO 7235721)","ERISO (IMO 7235721): ","United Kingdom","Fish Catching","2008-03-06 17:15","","Marine casualty","51° 38.00' N 9° 52.00' W","castletownbere","Port approach","0",""
"C0006695","3","EISEI MARU No. 5 (IMO 8801577), GOLD LEADER (IMO 8014497), OCEAN PHENIX (IMO 9020704)","EISEI MARU No. 5 (IMO 8801577): , GOLD LEADER (IMO 8014497): , OCEAN PHENIX (IMO 9020704): ","Japan, Belize, Japan","Dredging, General Cargo, Liquefied Gas","2008-03-05 14:55","","Very serious marine casualty",""," In the Akashi Kaikyo Straight, Hyogo Prefecture, Japan","","0",""
"C0006858","1","CSCL Hamburg (IMO 9224300)","CSCL Hamburg (IMO 9224300): ","Hong Kong, China","Container","2008-03-04 20:20","","Marine incident","30° 36.20' N 123° 10.50' E","East  China Sea","Open sea","1","Hong Kong, China"
"C0007579","1","HANNY","HANNY: ","Netherlands (Kingdom of)","Fish Catching","2008-03-03 12:30","","Very serious marine casualty","","North Sea","","0",""
"C0006563","1","ALIOTH LEADER (IMO 9166895)","ALIOTH LEADER (IMO 9166895): ","Panama","Other Dry Cargo","2008-03-03 08:30","","Marine casualty","52° 56.00' N 3° 56.70' E","WEST COAST NETHERLAND","","0",""
"C1000045","1","Favorito Enrique","Favorito Enrique: ","Argentina","General Cargo","2008-02-28 18:20","Grounding - while under power","Marine incident","34° 45.65' S 58° 13.30' W","URUGUAY","Port approach","0",""
"C0007618","1","TRUGAREZ","TRUGAREZ: ","Unknown","","2008-02-28 11:10","","Marine casualty","48° 46.94' N 2° 51.17' E","Bay of Saint-Brieuc","","1","France"
"C0007043","1","GRANDE NAPOLI (IMO 9247924)","GRANDE NAPOLI (IMO 9247924): ","Italy","Ro-Ro Cargo","2008-02-27 00:00","","Marine casualty","","Doha territorial waters, Qatar","","0",""
"C0006935","1","SICHEM MELBOURNE (IMO 9376921)","SICHEM MELBOURNE (IMO 9376921): ","Singapore","","2008-02-25 20:15","","Marine casualty","","Coryton Oil Refinery,  River Thames ","","1","United Kingdom"
"C0006686","1","WANI WILL (IMO 7638521)","WANI WILL (IMO 7638521): ","Barbados","General Cargo","2008-02-24 05:26","","Marine casualty","55° 05.39' N 14° 41.65' E","Baltic Sea","","1","Unknown"
"C0006854","1","RIVER ELEGANCE (IMO 9072147)","RIVER ELEGANCE (IMO 9072147): ","Panama","Container","2008-02-23 22:40","","Marine casualty","","Shen zhen Port in China","","0",""
"C0006756","1","VAN GOGH (IMO 7359400)","VAN GOGH (IMO 7359400): ","Marshall Islands","Passenger","2008-02-23 18:17","","Marine casualty","41° 10.50' S 146° 22.00' E","Devonport, Tasmania","Port","1","Australia"
"C0006856","1","SELINDA (IMO 9235957)","SELINDA (IMO 9235957): ","Liberia","Bulk Dry","2008-02-22 07:30","","Very serious marine casualty","32° 00.00' N 120° 44.00' E","Yangtze River in China","River","0",""
"C0007201","1","MATUA (IMO 8120868)","MATUA (IMO 8120868): ","DIS (Denmark)","General Cargo","2008-02-20 14:45","","Marine casualty","11° 42.00' S 43° 14.50' E","Entrance to Port Moroni","Port approach","0",""
"C0006562","2","SILVER SPIRIT (IMO 8214798), SINAN ATASOY (IMO 9174787)","SILVER SPIRIT (IMO 8214798): , SINAN ATASOY (IMO 9174787): ","Panama, Türkiye","General Cargo, ","2008-02-19 03:22","","Marine casualty","36° 40.90' N 36° 10.50' E","Anchorage of Iskenderun Bay","","0",""
"C0006722","1","JINSHAN (IMO 7501273)","JINSHAN (IMO 7501273): ","Panama","Bulk Dry","2008-02-18 15:30","","Very serious marine casualty","18° 37.10' N 119° 03.40' E","OPEN SEA","Open sea","2","Panama; Panama"
"C0006845","1","SEA MITHRIL (IMO 9006435)","SEA MITHRIL (IMO 9006435): ","United Kingdom","General Cargo","2008-02-18 04:25","","Marine incident","53° 36.60' N 0° 42.10' W","River Trent","River","5","United Kingdom; United Kingdom; United Kingdom; United Kingdom; United Kingdom"
"C0006825","1","REZZAK (IMO 8115057)","REZZAK (IMO 8115057): ","Panama","General Cargo","2008-02-18 01:10","","Very serious marine casualty","42° 05.08' N 33° 52.44' E","BLACK SEA","","2","Unknown; Panama"
"C0006553","1","RIO BLANCO (IMO 8113994)","RIO BLANCO (IMO 8113994): ","Chile","Ro-Ro Cargo","2008-02-16 17:35","","Very serious marine casualty","23° 57.50' S 46° 17.80' W","Vehicles Export Terminal, Port of Santos, Brazil","","1","Chile"
"C0006915","1","ANETTE BROGGER","ANETTE BROGGER: ","Unknown","Fish Catching","2008-02-14 00:00","","Very serious marine casualty","","Svitringen  Rende Light in Kattegat","","1","Unknown"
"C0006706","1","VANCOUVER VICTORY (IMO 8010843)","VANCOUVER VICTORY (IMO 8010843): ","Panama","Bulk Dry","2008-02-13 21:00","","Marine casualty","6° 00.00' N 95° 49.00' E","OPEN SEA","Open sea","1","Panama"
"C0006760","1","BREAKTHROUGH (IMO 9095723)","BREAKTHROUGH (IMO 9095723): ","Sierra Leone","Oil Tanker","2008-02-12 15:45","","Marine casualty","12° 05.42' S 95° 52.17' E","Cocos Keeling Islands","Open sea","1","Australia"
"C0006692","1","MSC SERENA (IMO 7502904)","MSC SERENA (IMO 7502904): ","Panama","Container","2008-02-11 23:25","","Marine casualty","46° 26.50' N 72° 17.20' W","ST. LAWRENCE RIVER AT CHAPMLIM","River","2","Panama; Panama"
"C0006710","1","FINNPINE (IMO 9216638)","FINNPINE (IMO 9216638): ","Sweden","Ro-Ro Cargo","2008-02-06 06:03","","Marine casualty","47° 37.55' N 70° 07.79' W","Pointe au Pic","River","1","Sweden"
"C0007200","1","UND ADRIYATIK (IMO 9215488)","UND ADRIYATIK (IMO 9215488): ","Türkiye","Ro-Ro Cargo","2008-02-06 03:35","","Very serious marine casualty","44° 56.60' N 13° 20.90' E","13 miles away from the Rovinj city of Crotia","","2","Türkiye; Türkiye"
"C0007865","2","COMANDATE (IMO 8209638), SAN CLEMENTE (IMO 9046253)","COMANDATE (IMO 8209638): , SAN CLEMENTE (IMO 9046253): ","Liberia, Liberia","General Cargo, Container","2008-02-04 06:38","","Marine incident","10° 12.60' N 107° 08.40' E","Vung Tau, Vietnam","Anchorage","0",""
"C0006720","1","MAERSK MASTER (IMO 8409379)","MAERSK MASTER (IMO 8409379): ","DIS (Denmark)","Other Offshore","2008-02-04 04:30","","Marine casualty","22° 29.00' S 40° 06.00' W","CAMPOS OIL FIELD, BRAZIL","Open sea","1","Denmark"
"C0007593","1","ZHEN HUA 10 (IMO 7917410)","ZHEN HUA 10 (IMO 7917410): ","Saint Vincent and the Grenadines","Other Dry Cargo","2008-02-02 02:00","","Marine casualty","","Rotterdam Anchorage, North Sea","","0",""
"C0006507","1","SCOT RANGER (IMO 9138769)","SCOT RANGER (IMO 9138769): ","United Kingdom","","2008-02-01 22:53","","Marine incident","54° 56.00' N 5° 50.00' E","Larne Approaches - Belfast","Port approach","0",""
"C0007631","1","HORNCLIFF (IMO 8912041)","HORNCLIFF (IMO 8912041): ","Liberia","","2008-02-01 12:30","","Marine casualty","48° 40.00' N 10° 12.00' W","North Atlantic en route to Dover","","0",""
"C0006855","1","CMA CGM EVEREST (IMO 9300154)","CMA CGM EVEREST (IMO 9300154): ","Marshall Islands","Container","2008-01-31 23:35","","Marine casualty","31° 48.00' N 122° 52.00' E","East  China Sea","Open sea","0",""
"C0006724","1","RIVERDANCE (IMO 7635361)","RIVERDANCE (IMO 7635361): ","Bahamas","Ro-Ro Cargo","2008-01-31 19:27","","Very serious marine casualty","53° 52.35' N 3° 03.28' W","Shell Flat","","1","Unknown"
"C0006552","1","SCHLESWIG-HOLSTEIN (IMO 9151539)","SCHLESWIG-HOLSTEIN (IMO 9151539): ","Germany","","2008-01-31 16:45","","Marine casualty","55° 33.30' N 9° 46.40' E","Snaevringen - Lille Baelt","Inland waters","1","Germany"
"C0006725","1","PRIDE OF CANTERBURY (IMO 9007295)","PRIDE OF CANTERBURY (IMO 9007295): ","United Kingdom","Passenger/Ro-Ro Cargo","2008-01-31 12:50","","Marine casualty","51° 14.45' N 1° 29.10' W","The Downs - Off Deal in Kent","Coastal waters","1","United Kingdom"
"C0007577","1","MORRABORG (IMO 9190274)","MORRABORG (IMO 9190274): ","Netherlands (Kingdom of)","General Cargo","2008-01-31 11:30","","Marine casualty","58° 18.00' N 6° 18.00' E","Jossingfjord, Norway","","0",""
"C0007404","1","NORSUL VITÓRIA","NORSUL VITÓRIA: ","Brazil","Towing / Pushing","2008-01-30 23:20","","Very serious marine casualty","26° 09.80' S 48° 31.00' W","Babitonga Bay, in São Francisco do Sul","","1","Brazil"
"C0007622","1","OJARS VACIETIS (IMO 8207305)","OJARS VACIETIS (IMO 8207305): ","Liberia","","2008-01-30 08:08","","Marine casualty","33° 48.02' N 78° 03.56' W","Cape Fear River, USA","Port approach","0",""
"C0007621","1","TRANS PACIFIC (IMO 9283643)","TRANS PACIFIC (IMO 9283643): ","Liberia","","2008-01-27 03:55","","Marine casualty","55° 52.90' N 10° 49.80' E","Hatter Barn deepwater route","Open sea","0",""
"C0007042","1","WINCO ROSE (IMO 8100064)","WINCO ROSE (IMO 8100064): ","Liberia","","2008-01-27 00:00","","Marine casualty","","Doha Port, berth no. 2, Qatar","","0",""
"C0006771","1","JIN HUI (IMO 9039341)","JIN HUI (IMO 9039341): ","China","Bulk Dry","2008-01-25 14:15","","Marine casualty","","At sea","Open sea","1","Australia"
"C0006797","2","NEW ETERNITY (IMO 9087647), SEABULK CHALLENGE (IMO 7816551)","NEW ETERNITY (IMO 9087647): , SEABULK CHALLENGE (IMO 7816551): ","Panama, United States","Bulk Dry, ","2008-01-25 14:03","","Marine casualty","","AT CITY DOCK BERTH NO.27 AT HOUTON TX. USA","At berth","2","Panama; Panama"
"C0006726","1","WESTFALIA EXPRESS (IMO 9233832)","WESTFALIA EXPRESS (IMO 9233832): ","United Kingdom","Container","2008-01-23 19:50","","Marine casualty","4° 05.00' N 47° 18.00' W","South America","","0",""
"C0006779","1","ROYALIST","ROYALIST: ","United Kingdom","Fish Catching","2008-01-23 16:53","","Very serious marine casualty","","180 miles WNW of Dingle, Ireland","Open sea","2","United Kingdom; United Kingdom"
"C0007497","1","SAGITAIRE","SAGITAIRE: ","Unknown","Fish Catching","2008-01-23 14:40","","Very serious marine casualty","","North of Batz Island","","1","France"
"C0006658","2","EBISU MARU, EVER GOLDEN (IMO 8519411)","EBISU MARU: , EVER GOLDEN (IMO 8519411): ","Japan, Cambodia","Fish Catching, Dredging","2008-01-22 11:30","","Marine casualty","","Off the west of Kajitori Hana, Imabari, Ehime Prefecture, Japan","","0",""
"C0006659","1","SEA SAPPHIRE (IMO 9115030)","SEA SAPPHIRE (IMO 9115030): ","Panama","General Cargo","2008-01-22 06:10","","Very serious marine casualty","","At wharf of JFE Steel Corporation, Fukuyama City, Hiroshima Prefecture, Japan","","0",""
"C0009482","1","SERINE (IMO 7128370)","SERINE (IMO 7128370): ","Sierra Leone","General Cargo","2008-01-22 00:35","","Marine casualty","44° 41.80' N 14° 16.60' E","island Unije","Inland waters","1","Croatia"
"C0006759","2","F/V ALLENA, NORTHERN FORTUNE (IMO 8302167)","F/V ALLENA: , NORTHERN FORTUNE (IMO 8302167): ","Australia, Antigua and Barbuda","Fish Catching, Container","2008-01-21 21:01","","Marine casualty","19° 48.00' S 148° 31.00' E","Queensland Coast, Australia","","1","Australia"
"C0006853","1","JI DA (IMO 8627804)","JI DA (IMO 8627804): ","Georgia","Bulk Dry","2008-01-19 18:30","","Marine casualty","30° 44.00' N 125° 35.00' E","East  China Sea","Open sea","0",""
"C0006782","1","SHARK","SHARK: ","United Kingdom","Fish Catching","2008-01-19 06:30","","Marine casualty","55° 54.04' N 9° 24.16' W","74 miles west-north-west of Malin Head","Open sea","2","United Kingdom; United Kingdom"
"C0006510","1","SAVA LAKE (IMO 8719073)","SAVA LAKE (IMO 8719073): ","Latvia","Bulk Dry","2008-01-18 17:40","","Very serious marine casualty","51° 01.70' N 1° 22.40' E","North Sea/English channel","Coastal waters","2","United Kingdom; Latvia"
"C0006556","2","AHLSELL (IMO 7726782), RUBYN (IMO 8511885)","AHLSELL (IMO 7726782): , RUBYN (IMO 8511885): ","Denmark, Saint Vincent and the Grenadines","Dredging, General Cargo","2008-01-18 04:30","","Marine casualty","54° 56.00' N 14° 50.00' E","Baltic","Coastal waters","0",""
"C0007040","1","SAFINAZ (IMO 7619123)","SAFINAZ (IMO 7619123): ","Hong Kong, China","","2008-01-17 00:00","","Marine incident","","Dohu Port","","0",""
"C0006751","1","M.T. KULELI (IMO 8610435)","M.T. KULELI (IMO 8610435): ","Panama","Chemical Tanker","2008-01-16 21:36","","Very serious marine casualty","","OIL JETTY NO.3 KANDLA, INDIA","At berth","2","Panama; Panama"
"C0006657","1","ZHONG JIN 1 (IMO 7812191)","ZHONG JIN 1 (IMO 7812191): ","Cambodia","General Cargo","2008-01-16 02:50","","Marine casualty","","On the shallows, NW of Ganryu Shima, Shimonoseki, Yamaguchi Prefecture, Japan","Port","0",""
"C0007347","1","SWIFT-FAME (IMO 7526572)","SWIFT-FAME (IMO 7526572): ","Liberia","","2008-01-15 15:08","","Very serious marine casualty","","FANGANG PORT FAIRWAY","At berth","0",""
"C0006512","1","ICE PRINCE (IMO 8502054)","ICE PRINCE (IMO 8502054): ","Greece","","2008-01-15 00:45","","Marine casualty","","35 miles off the coast of Devon, England","","0",""
"C0007278","1","DA JI (IMO 7526182)","DA JI (IMO 7526182): ","Panama","Bulk Dry","2008-01-14 03:25","","Very serious marine casualty","24° 03.10' N 119° 58.50' E","Lat 24°03.10'N         Long 119°58.50'E","Open sea","1","Panama"
"C0007133","1","ARDENT (IMO 8213445)","ARDENT (IMO 8213445): ","United Kingdom","General Cargo","2008-01-12 17:25","","Marine casualty","50° 55.00' N 1° 24.00' W","Southampton","","0",""
"C0007683","2","FUNCHAL (IMO 7923249), SANTA MARIA (IMO 7523910)","FUNCHAL (IMO 7923249): , SANTA MARIA (IMO 7523910): ","Hong Kong, China, Hong Kong, China","High Speed Craft, High Speed Craft","2008-01-11 20:28","","Marine casualty","22° 11.50' N 113° 40.50' E","Qing Zhou HSC Traffic Separation Scheme","Coastal waters","1","Hong Kong, China"
"C0006698","1","GOLDEN LUCY (IMO 8506763)","GOLDEN LUCY (IMO 8506763): ","Panama","Chemical Tanker","2008-01-11 07:00","","Marine casualty","","PORT HARCOURT","","0",""
"C0006851","1","APL SYDNEY (IMO 9328493)","APL SYDNEY (IMO 9328493): ","Hong Kong, China","Container","2008-01-11 05:55","","Marine casualty","24° 29.00' N 114° 11.80' E","24˚ 29’ N/119˚ 11.8’ E","Coastal waters","2","China; Hong Kong, China"
"C0006876","1","RONG DA (IMO 7633416)","RONG DA (IMO 7633416): ","China","Container","2008-01-11 05:55","","Marine casualty","25° 12.00' N 119° 44.00' E","Tai Wan Strait","Coastal waters","0",""
"C0006715","1","STENA DANICA (IMO 7907245)","STENA DANICA (IMO 7907245): ","Sweden","Passenger/Ro-Ro Cargo","2008-01-10 19:20","","Marine casualty","57° 39.62' N 11° 46.01' E","Gothenburg archipelago","Archipelagos","1","Sweden"
"C0006803","1","MSC INDIA (IMO 8918069)","MSC INDIA (IMO 8918069): ","Panama","Container","2008-01-09 14:40","","Very serious marine casualty","55° 42.20' N 16° 26.20' W","30NM SOUTH OF OLAND ISLAND OFF THE SOUTH COAST OF SWEDEN","Open sea","2","Panama; Panama"
"C0006691","1","LEEDS CASTLE (IMO 8010697)","LEEDS CASTLE (IMO 8010697): ","Cayman Islands (United Kingdom)","General Cargo","2008-01-08 13:25","","Marine incident","46° 21.00' N 72° 23.00' W","INDIA OCEAN","","2","Panama; Panama"
"C0007529","2","ASILAH (IMO 8405701), SPYROS (IMO 9315367)","ASILAH (IMO 8405701): , SPYROS (IMO 9315367): ","Bahamas, Unknown",", ","2008-01-07 13:44","","Marine casualty","","Fujairah, U.A.E.","","0",""
"C0007332","1","LA P'TITE JULIE 1","LA P'TITE JULIE 1: ","Unknown","Fish Catching","2008-01-07 04:46","","Very serious marine casualty","","North of Île Vierge, France","","1","Unknown"
"C0006594","1","HIGH HARMONY (IMO 9288289)","HIGH HARMONY (IMO 9288289): ","Panama","Oil Tanker","2008-01-06 05:30","","Very serious marine casualty","25° 18.00' N 57° 26.30' E","Gulf of Oman","Open sea","1","Panama"
"C0007620","1","CMA CGM IGUACU (IMO 9344552)","CMA CGM IGUACU (IMO 9344552): ","Liberia","","2008-01-05 21:00","","Marine casualty","","North Sea","Open sea","0",""
"C0006891","1","ZHEN HUA 22 (IMO 8106446)","ZHEN HUA 22 (IMO 8106446): ","Hong Kong, China","","2008-01-03 16:30","","Marine casualty","17° 37.80' N 83° 15.70' E","Near Gangavaram Port, East coast of India","Port approach","0",""
"C0006662","1","VANESSA (IMO 7367914)","VANESSA (IMO 7367914): ","Bulgaria","","2008-01-03 02:15","","Very serious marine casualty","45° 47.60' N 36° 42.80' E","Sea of Azov","","1","Bulgaria"
"C0006702","1","SUN VENUS (IMO 9159294)","SUN VENUS (IMO 9159294): ","Panama","Chemical Tanker","2008-01-02 15:55","","Marine incident","20° 12.50' N 159° 48.90' W","SOUTH OF ISLAND OAHU","Open sea","0",""
"C0007258","1","LT CORTESIA (IMO 9293753)","LT CORTESIA (IMO 9293753): ","Germany","Passenger / General Cargo","2008-01-02 04:54","","Marine casualty","50° 58.38' N 1° 20.41' E","Varne Bank in the English Channel","Canal","1","Germany"
"C0006796","1","OCEAN LADY (IMO 5372458)","OCEAN LADY (IMO 5372458): ","Panama","Towing / Pushing","2008-01-01 08:30","","Very serious marine casualty","","PORT OF CEUTA","Port","2","Panama; Panama"
"C0006579","1","GOLDEN GEORGIA (IMO 9124055)","GOLDEN GEORGIA (IMO 9124055): ","Panama","Chemical Tanker","2007-12-29 03:00","","Marine casualty","","Off Uma Shima, Kokura-kita-ku, Kita-kyushu city, Fukuoka Prefecture, Japan","","0",""
"C0006487","1","SPEEDONE (IMO 9161560)","SPEEDONE (IMO 9161560): ","United Kingdom","High Speed Craft","2007-12-28 19:40","","Marine incident","","Dover, United Kingdom","At berth","0",""
"C0006752","2","AGIOS LOUKAS (IMO 7420259), GEMINI.","AGIOS LOUKAS (IMO 7420259): , GEMINI.: ","Panama, Afghanistan","Bulk Dry, Non-ship structures","2007-12-26 17:00","","Marine casualty","","ALONGSIDE TO THE ADM-AMA DOCK IN MISSISSIPPI RIVER","Port","2","Panama; Panama"
"C0006499","1","EASTERN BRIGHT (IMO 9044097)","EASTERN BRIGHT (IMO 9044097): ","Republic of Korea","Chemical Tanker","2007-12-25 04:19","","Very serious marine casualty","","8 miles off Baekdo in Yeosu","","0",""
"C0006505","2","SEISHO MARU (IMO 9192131), YUAN DA No. 2 (IMO 8609307)","SEISHO MARU (IMO 9192131): , YUAN DA No. 2 (IMO 8609307): ","Japan, Cambodia","General Cargo, General Cargo","2007-12-23 21:46","","Marine casualty","","In Kanmon Straight, Yamaguchi Prefecture, Japan","Port","0",""
"C0006496","2","BRAGA (IMO 9248368), TOR PRIMULA (IMO 9259513)","BRAGA (IMO 9248368): , TOR PRIMULA (IMO 9259513): ","MAR (Portugal), DIS (Denmark)",", ","2007-12-20 04:16","","Marine casualty","51° 25.40' N 3° 32.70' E","Entry to Vlissingen","","0",""
"C0007006","2","FLYING PHANTOM (IMO 8011770), RED JASMINE (IMO 9342827)","FLYING PHANTOM (IMO 8011770): , RED JASMINE (IMO 9342827): ","United Kingdom, Panama","Towing / Pushing, Other Bulk Dry","2007-12-19 18:00","","Very serious marine casualty","55° 53.60' N 4° 25.00' W","River Clyde, Glasgow","River","1","United Kingdom"
"C0006745","1","VASCO DA GAMA (IMO 9187473)","VASCO DA GAMA (IMO 9187473): ","Luxembourg","","2007-12-19 01:23","","Marine casualty","","Off Jebel Ali ","Port approach","0",""
"C0006509","1","MASTER DAVIDOV (IMO 8330891)","MASTER DAVIDOV (IMO 8330891): ","Panama","General Cargo","2007-12-18 15:40","","Marine casualty","37° 42.00' N 24° 19.00' E","MEDITERRANIAN- AEGEAN SEA","Coastal waters","0",""
"C0007155","1","BUGSIER 11 (IMO 7700192)","BUGSIER 11 (IMO 7700192): ","Germany","","2007-12-17 13:17","","Marine casualty","53° 53.25' N 9° 10.90' E","Brunsbüttel","At berth","1","Germany"
"C0006849","1","FORMOSA (IMO 9163271)","FORMOSA (IMO 9163271): ","Liberia","Chemical Tanker","2007-12-15 21:52","","Very serious marine casualty","30° 24.00' N 124° 00.00' E","East  China Sea","Open sea","1","China"
"C0006504","1","DONGJIN YOKOHAMA (IMO 9001370)","DONGJIN YOKOHAMA (IMO 9001370): ","Republic of Korea","General Cargo","2007-12-15 14:18","","Marine casualty","","Off Mukuchijima Lighthouse, Kurashiki City, Okayama Prefecture, Japan","","0",""
"C0006467","1","VIKING DISCOVERY (IMO 9366031)","VIKING DISCOVERY (IMO 9366031): ","United Kingdom","Other Offshore","2007-12-14 08:27","","Marine casualty","53° 20.00' N 1° 38.00' E","North sea","","0",""
"C0006503","1","HIROKICHI (IMO 8114285)","HIROKICHI (IMO 8114285): ","Georgia","General Cargo","2007-12-14 05:05","","Marine casualty","","In Kashiwazaki Port, Niigata Prefecture, Japan","","0",""
"C0006501","1","STENA JUTLANDICA (IMO 9125944)","STENA JUTLANDICA (IMO 9125944): ","Sweden","Passenger/Ro-Ro Cargo","2007-12-13 09:25","","Marine casualty","57° 30.00' N 11° 10.00' E","Kattegat","Open sea","2","Unknown; Sweden"
"C0006532","1","JI MEI LONG (IMO 8103547)","JI MEI LONG (IMO 8103547): ","Panama","Bulk Dry","2007-12-13 02:44","","Marine casualty","33° 23.41' S 60° 04.38' W","KM340 L/B PARANA RIVER ARGENTINA","River","2","Panama; Panama"
"C0006848","1","SPITHA (IMO 9290153)","SPITHA (IMO 9290153): ","Cyprus","Bulk Dry","2007-12-12 20:15","","Very serious marine casualty","30° 24.70' N 123° 03.70' E","Water of Zhou Shan Islands in China","Coastal waters","0",""
"C0006847","1","BREEZE (IMO 9321122)","BREEZE (IMO 9321122): ","Liberia","Chemical Tanker","2007-12-12 18:29","","Marine casualty","30° 33.10' N 124° 10.50' E","Shanghai Port in China","Coastal waters","0",""
"C0006454","1","SPODSBJERG (IMO 7204394)","SPODSBJERG (IMO 7204394): ","Denmark","Passenger/Ro-Ro Cargo","2007-12-12 11:00","","Marine casualty","54° 56.00' N 10° 50.00' E","Langelandsbælt","","0",""
"C0006846","1","APL SEATTLE (IMO 9333046)","APL SEATTLE (IMO 9333046): ","Liberia","Container","2007-12-11 04:50","","Marine casualty","24° 27.00' N 119° 13.00' E","","Coastal waters","0",""
"C0006674","1","FENIX (IMO 8312734)","FENIX (IMO 8312734): ","Panama","General Cargo","2007-12-10 15:30","","Very serious marine casualty","15° 13.80' S 36° 17.10' W","EAST COAST  OF BRAZIL","","2","Panama; Panama"
"C0006560","1","SILVER FJORD (IMO 8300327)","SILVER FJORD (IMO 8300327): ","Panama","Other Fishing","2007-12-10 08:00","","Marine casualty","57° 53.00' N 20° 03.00' E","OPEN SEA","Open sea","2","Panama; Panama"
"C0006523","1","STROPUS (IMO 8833881)","STROPUS (IMO 8833881): ","Lithuania","General Cargo","2007-12-09 11:25","","Marine casualty","49° 14.40' N 3° 52.30' W","English Channel","Open sea","0",""
"C0006537","1","MSC MAGALI (IMO 7819357)","MSC MAGALI (IMO 7819357): ","Panama","Container","2007-12-09 07:15","","Marine casualty","","salvador port breakwater light","Port","1","Panama"
"C0006438","2","LU SHUI JI 959, WAVE VENTURE (IMO 8027810)","LU SHUI JI 959: , WAVE VENTURE (IMO 8027810): ","Unknown, United Kingdom",", Other Activities","2007-12-08 12:20","","Marine casualty","31° 08.60' N 121° 27.20' E","Huang po river","Inland waters","0",""
"C0007188","1","SAMCO EUROPE (IMO 9315159)","SAMCO EUROPE (IMO 9315159): ","FIS (France)","","2007-12-07 23:47","","Marine casualty","","In Aden Gulf","","2","France; France"
"C0006502","1","DENITZA (IMO 7129972)","DENITZA (IMO 7129972): ","Bolivia (Plurinational State of)","General Cargo","2007-12-07 13:25","","Very serious marine casualty","","At Onomichi-Itozaki Port, Onomichi City, Hiroshima Prefecture, Japan","Port","1","Japan"
"C0006497","1","HEBEI SPIRIT (IMO 9034640)","HEBEI SPIRIT (IMO 9034640): ","Hong Kong, China","Oil Tanker","2007-12-07 07:06","","Very serious marine casualty","36° 52.07' N 126° 03.07' E","7 miles off the gadaeam lighthouse","","2","Hong Kong, China; Republic of Korea"
"C0006440","1","CENWULF (IMO 7320021)","CENWULF (IMO 7320021): ","United Kingdom","Passenger/Ro-Ro Cargo","2007-12-06 20:24","","Marine incident","50° 48.00' N 1° 38.00' W","Lymington","Port approach","0",""
"C0006489","2","CAPTAIN STAMOS (IMO 8126824), PILLON","CAPTAIN STAMOS (IMO 8126824): , PILLON: ","Panama, Unknown","Container, ","2007-12-05 14:30","","Marine incident","39° 42.13' N 23° 11.53' E","INSIDE VOLOS PORT ","Port","0",""
"C0006439","1","MAERSK DELFT (IMO 9293088)","MAERSK DELFT (IMO 9293088): ","United Kingdom","Passenger/Ro-Ro Cargo","2007-12-05 05:00","","Marine incident","","Berth No. 3 in Dover harbour","At berth","0",""
"C0006517","1","EXPRESS 14 (IMO 8881864)","EXPRESS 14 (IMO 8881864): ","Unknown","Passenger/Ro-Ro Cargo","2007-12-04 17:30","","Very serious marine casualty","3° 35.00' S 106° 31.90' E","OPEN SEA","Open sea","0",""
"C0007083","1","ZAHRA III (IMO 6723939)","ZAHRA III (IMO 6723939): ","Panama","","2007-12-04 08:30","","Marine casualty","","Hanish Island, Yeman","","0",""
"C0006485","1","BASIC ARROW (IMO 9226671)","BASIC ARROW (IMO 9226671): ","Panama","Bulk Dry / Oil","2007-12-04 04:10","","Marine incident","30° 05.00' N 136° 40.10' E","YURA ANCHORAGE","Anchorage","0",""
"C0007559","1","FAIRPARTNER (IMO 9243849)","FAIRPARTNER (IMO 9243849): ","Netherlands (Kingdom of)","Other Dry Cargo","2007-12-03 17:00","","Very serious marine casualty","37° 08.00' N 0° 33.00' E","Off Algerian coast","","0",""
"C0007466","2","BRAHMMAM, MIAMI (IMO 7722138)","BRAHMMAM: , MIAMI (IMO 7722138): ","Unknown, Panama",", Bulk Dry","2007-12-03 07:10","","Marine casualty","85° 53.37' N 75° 47.30' E","42 Nautical Miles from Qulion Port ","Coastal waters","1","Panama"
"C0006755","1","ENDEAVOUR RIVER (IMO 8019007)","ENDEAVOUR RIVER (IMO 8019007): ","Australia","Bulk Dry","2007-12-02 13:52","","Marine casualty","23° 50.60' S 151° 18.30' E","Gladstone harbour, Queensland","Port","1","Australia"
"C0007538","1","ARKLOW WILLOW (IMO 9314600)","ARKLOW WILLOW (IMO 9314600): ","Ireland","","2007-12-02 03:30","","Very serious marine casualty","","Kings Dock, Swansea, Wales","","1","Ireland"
"C0006900","1","IDA","IDA: ","Denmark","Fish Catching","2007-12-01 04:00","","Very serious marine casualty","56° 16.00' N 11° 04.90' W","from Kattegat to the port Grenaa","","3","Denmark; Denmark; Denmark"
"C0007326","1","MON BIJOU (IMO 9095711)","MON BIJOU (IMO 9095711): ","France","","2007-11-30 17:09","","Very serious marine casualty","50° 34.00' N 1° 09.00' E","20 Miles of La Pointe du Touquet","","1","Unknown"
"C0006754","2","NAMHAE GAS (IMO 9006693), REXANDRA","NAMHAE GAS (IMO 9006693): , REXANDRA: ","Republic of Korea, Australia","Liquefied Gas, Other Activities","2007-11-30 00:36","","Marine incident","26° 23.70' S 153° 34.50' E","Off Queensland coast","Open sea","1","Australia"
"C0006781","1","KAISHUU (IMO 9226152)","KAISHUU (IMO 9226152): ","Luxembourg","Dredging","2007-11-29 09:00","","Marine casualty","","Dubai, Palm Island Isl 2 - Access Crescent Left - kp 6000","","0",""
"C0006520","1","CARNIVAL ECSTASY (IMO 8711344)","CARNIVAL ECSTASY (IMO 8711344): ","Panama","Passenger","2007-11-28 04:55","","Very serious marine casualty","21° 36.00' N 89° 45.00' W","OPEN SEA","Open sea","0",""
"C0006455","1","MSC KOREA (IMO 9123154)","MSC KOREA (IMO 9123154): ","Panama","Container","2007-11-27 00:34","","Marine casualty","32° 05.35' N 81° 01.40' W","SAVANNAH RIVER","River","0",""
"C0006844","1","MAERSK MARYSTOWN (IMO 8618310)","MAERSK MARYSTOWN (IMO 8618310): ","Hong Kong, China","Container","2007-11-26 23:55","","Marine casualty","","YANTIAN PORT, SHENZHEN, CHINA","","0",""
"C0006949","1","NAVID (IMO 8923454)","NAVID (IMO 8923454): ","Panama","","2007-11-26 11:18","","Very serious marine casualty","28° 55.56' N 50° 41.17' E","IRAN BUSHER ANCHORAGE","Anchorage","1","Panama"
"C0006670","1","ASTOR (IMO 7928718)","ASTOR (IMO 7928718): ","Panama","Chemical Tanker","2007-11-25 10:05","","Marine casualty","57° 24.40' N 8° 43.90' E","DANISH TERRITORIAL WATERS","Open sea","0",""
"C0006442","1","FANTASY I (IMO 8007975)","FANTASY I (IMO 8007975): ","Panama","Chemical Tanker","2007-11-24 11:30","","Marine casualty","","ANA ANCHORAGE, MISSISSIPPI RIVER, NEW ORLAND","","0",""
"C0007374","1","EXPLORER (IMO 6924959)","EXPLORER (IMO 6924959): ","Liberia","Passenger","2007-11-23 15:30","","Very serious marine casualty","","In the Bransfield Strait near the South Shetland Island","Open sea","1","Liberia"
"C0007468","1","ABSOSA 1 (IMO 6415831)","ABSOSA 1 (IMO 6415831): ","Panama","General Cargo","2007-11-22 17:15","","Marine casualty","28° 43.00' N 50° 57.00' E","near the Port of Busheh","Port approach","1","Panama"
"C0006519","2","ANDRE H. (IMO 5404172), IMPERIAL FORTUNE (IMO 9377676)","ANDRE H. (IMO 5404172): , IMPERIAL FORTUNE (IMO 9377676): ","Canada, Panama",", Bulk Dry","2007-11-21 18:00","","Marine incident","","B-5 BECANCOUR PORT","","0",""
"C0006707","2","ADREKNI (IMO 7411868), M/V LANCE NAIK KARAN SINGH PVC","ADREKNI (IMO 7411868): , M/V LANCE NAIK KARAN SINGH PVC: ","Panama, Unknown","General Cargo, ","2007-11-20 11:53","","Marine casualty","18° 52.90' N 72° 50.70' E","PORT APPROACH","Port approach","2","Panama; Panama"
"C0007723","1","CHIQUITA SCHWEIZ (IMO 9015216)","CHIQUITA SCHWEIZ (IMO 9015216): ","Bahamas","","2007-11-18 14:30","","Marine casualty","","Almirante, Panama","Port","0",""
"C0006506","1","VOS VIPER (IMO 6603608)","VOS VIPER (IMO 6603608): ","United Kingdom","","2007-11-17 01:10","","Very serious marine casualty","1° 20.00' N 60° 10.00' W","Lerwick Sheltand Isles","","1","United Kingdom"
"C0006445","3","ANGERMANLAND (IMO 8818752), GAS ZAEL (IMO 9236901), KADRI (IMO 9114725)","ANGERMANLAND (IMO 8818752): , GAS ZAEL (IMO 9236901): , KADRI (IMO 9114725): ","Isle of Man (United Kingdom), Panama, Malta",", Liquefied Gas, ","2007-11-16 08:37","","Marine casualty","54° 18.27' N 9° 42.60' E","KIEL, CANAL","Canal","0",""
"C0007117","1","LADOGA-3 (IMO 7304560)","LADOGA-3 (IMO 7304560): ","Belize","General Cargo","2007-11-16 00:55","","Marine casualty","54° 24.31' N 12° 26.82' E","Off the Darss Peninsula, Baltic Sea","Coastal waters","1","Germany"
"C0007129","1","URSINE (IMO 7800746)","URSINE (IMO 7800746): ","Belgium","","2007-11-15 16:01","","Marine casualty","","King Gearge Dock, Hull","","1","United Kingdom"
"C0007568","1","AALTJE JACOBA (IMO 8906262)","AALTJE JACOBA (IMO 8906262): ","Netherlands (Kingdom of)","Fish Catching","2007-11-15 08:00","","Very serious marine casualty","","North Sea","Open sea","0",""
"C0007247","1","BIG SISTER","BIG SISTER: ","Canada","Fish Catching","2007-11-13 06:50","","Very serious marine casualty","44° 57.55' N 66° 41.25' W","Bay of Fundy, New Brunswick","","1","Unknown"
"C0006843","1","DUBAI WORLD (IMO 8908521)","DUBAI WORLD (IMO 8908521): ","Panama","Container","2007-11-11 09:27","","Very serious marine casualty","30° 55.00' N 122° 32.00' E","CHANG JIANG KOU IN China","Coastal waters","1","China"
"C0006486","1","BASIC ARROW (IMO 9226671)","BASIC ARROW (IMO 9226671): ","Panama","Bulk Dry / Oil","2007-11-11 06:41","","Marine incident","21° 19.30' N 159° 06.00' W","HONOLULU","At berth","0",""
"C0006493","1","VOLGANEFT 139","VOLGANEFT 139: ","Russian Federation","Oil Tanker","2007-11-11 00:00","","Very serious marine casualty","","Strait of Kerch, Russian Federation and Ukraine","","0",""
"C0006879","1","HIGH ENDEAVOUR (IMO 9272931)","HIGH ENDEAVOUR (IMO 9272931): ","Liberia","Oil Tanker","2007-11-10 22:55","","Marine casualty","36° 44.00' S 73° 09.00' W","ROCA VILLA DE BURDEOS BAHIA SAN VICENTE/ CHILE","","2","Chile; Chile"
"C0006842","1","ARION (IMO 9314894)","ARION (IMO 9314894): ","Greece","Oil Tanker","2007-11-09 05:35","","Marine casualty","40° 32.00' N 122° 02.00' E","Ying kou Port in China","Port","0",""
"C0007475","1","COSCO BUSAN (IMO 9231743)","COSCO BUSAN (IMO 9231743): ","Hong Kong, China","Container","2007-11-07 08:30","","Marine casualty","37° 48.10' N 122° 22.50' W","Tower “D” of San Francisco-Oakland Bay Bridge","Port","1","Hong Kong, China"
"C0006494","1","YU SUNG (IMO 8214669)","YU SUNG (IMO 8214669): ","Republic of Korea","General Cargo","2007-11-07 07:10","","Marine incident","","In Niigata Port, Niigata Pref., Japan","","0",""
"C0006747","1","GIGLIOLA M (IMO 9365233)","GIGLIOLA M (IMO 9365233): ","Italy","","2007-11-03 18:15","","Marine casualty","38° 32.05' N 14° 51.52' E","PUNTA GROTTAZZA","","0",""
"C0006841","1","PACIFIC OCEAN (IMO 8989903)","PACIFIC OCEAN (IMO 8989903): ","Viet Nam","General Cargo","2007-11-02 05:00","","Marine casualty","19° 52.00' N 109° 24.00' E","South China Sea","Anchorage","0",""
"C0006500","1","STENA SAGA (IMO 7911545)","STENA SAGA (IMO 7911545): ","Sweden","","2007-10-31 08:10","","Very serious marine casualty","","Frederikshavn, Denmark","At berth","1","Sweden"
"C0006437","1","SUAM (IMO 9117894)","SUAM (IMO 9117894): ","Republic of Korea","General Cargo","2007-10-30 01:40","","Marine casualty","","Off Mikomoto Shima off Izu Peninsula, Shizuoka Prefecture, Japan","Open sea","0",""
"C0006416","1","BALSA 55 (IMO 9136876)","BALSA 55 (IMO 9136876): ","Panama","General Cargo","2007-10-30 01:15","","Marine incident","49° 19.90' N 63° 45.90' W","COASTAL WATERS(WITHIN 12 MILES ST LAWRENCE BAY","Archipelagos","0",""
"C0006407","1","ZHE HAI 128 (IMO 8405361)","ZHE HAI 128 (IMO 8405361): ","China","Bulk Dry","2007-10-29 00:39","","Marine incident","54° 48.00' N 10° 53.00' E","Langelandsbælt","Coastal waters","0",""
"C0006840","1","JUNG SAN (IMO 5124538)","JUNG SAN (IMO 5124538): ","Democratic People's Republic of Korea","General Cargo","2007-10-28 15:40","","Very serious marine casualty","37° 31.00' N 121° 53.00' E","Yellow Sea","Coastal waters","0",""
"C0006543","1","APL JADE (IMO 9081203)","APL JADE (IMO 9081203): ","Singapore","","2007-10-27 21:40","","Very serious marine casualty","53° 37.00' N 8° 27.00' E","Bremerhaven, Germany","","1","Singapore"
"C0006839","1","XIN NAN SHA (IMO 9310056)","XIN NAN SHA (IMO 9310056): ","China","Container","2007-10-26 12:25","","Very serious marine casualty","40° 17.00' N 122° 04.00' E","Bayuquan Port in China","Port approach","1","China"
"C0006838","2","ALIKI (IMO 9345427), APL PERU (IMO 9252230)","ALIKI (IMO 9345427): , APL PERU (IMO 9252230): ","Marshall Islands, Antigua and Barbuda","Bulk Dry, Container","2007-10-26 03:04","","Marine casualty","","XIAZHI SOUTHERN ANCHORAGE in east China Sea","Anchorage","0",""
"C0007131","1","EWL WEST INDIES (IMO 9118501)","EWL WEST INDIES (IMO 9118501): ","Belgium","Container","2007-10-24 22:50","","Very serious marine casualty","","Alongside berth Ocamar, in purto Cabello, Venezuela","","1","Belgium"
"C0006681","1","ALANDSFARJAN (IMO 7211074)","ALANDSFARJAN (IMO 7211074): ","Sweden","Passenger","2007-10-23 14:04","","Marine casualty","60° 01.56' N 19° 52.19' E","Aland archipelago","Archipelagos","1","Sweden"
"C0006732","1","THOR (IMO 7227669)","THOR (IMO 7227669): ","Italy","Towing / Pushing","2007-10-23 08:45","","Marine casualty","45° 38.06' N 13° 46.05' E","Port of Trieste","","0",""
"C0006401","1","YANNA A (IMO 6715308)","YANNA A (IMO 6715308): ","Panama","General Cargo","2007-10-23 01:00","","Marine incident","38° 16.10' N 21° 31.80' E","7 MILES WEST OF RIO ANTIRIO BRIDGE ","Coastal waters","0",""
"C0006432","1","KOSMAS (IMO 6613316)","KOSMAS (IMO 6613316): ","Panama","General Cargo","2007-10-21 08:55","","Marine incident","49° 29.42' N 25° 03.44' E","NEA KARVALI PORT, GREECE","At berth","0",""
"C0006684","1","GAS PRUNUS (IMO 9020479)","GAS PRUNUS (IMO 9020479): ","Panama","Liquefied Gas","2007-10-21 02:30","","Marine casualty","34° 17.20' N 133° 32.10' E","Near Coast Korokuhana","","0",""
"C0006436","1","VIOLET ACE (IMO 8501660)","VIOLET ACE (IMO 8501660): ","Panama","Ro-Ro Cargo","2007-10-20 19:22","","Marine casualty","","In Kanda Port, Fukuoka Prefecture, Japan","","0",""
"C0006893","1","ASL PRONTO (IMO 9155200)","ASL PRONTO (IMO 9155200): ","Singapore","","2007-10-20 13:50","","Marine casualty","16° 44.00' N 82° 22.00' E","Kakinada, India","River","0",""
"C0007369","1","USL HAWK (IMO 9347968)","USL HAWK (IMO 9347968): ","Belgium","","2007-10-18 09:48","","Marine casualty","","From Brisbane, Australia to Hong kong, China","","1","Belgium"
"C0007888","1","ALMA AMY (IMO 9032501)","ALMA AMY (IMO 9032501): ","Ireland","","2007-10-17 00:00","","Very serious marine casualty","","Off the South East coast of Ireland","","1","Ireland"
"C0006397","1","CSK UNITY (IMO 9077226)","CSK UNITY (IMO 9077226): ","Singapore","Bulk Dry","2007-10-16 04:37","","Marine casualty","0° 18.30' N 50° 38.80' W","Amazonas River, close to Pedreiras Island.","","0",""
"C0006398","1","STENA VOYAGER (IMO 9080209)","STENA VOYAGER (IMO 9080209): ","United Kingdom","High Speed Craft","2007-10-15 11:18","","Marine casualty","54° 44.00' N 5° 40.00' W","Irish Sea","Coastal waters","0",""
"C0006836","1","JING BO HU (IMO 8108913)","JING BO HU (IMO 8108913): ","China","Oil Tanker","2007-10-13 09:20","","Marine casualty","","Zhan Jiang Port in China","Anchorage","0",""
"C0006435","1","MAERSK WELKIN (IMO 9303558)","MAERSK WELKIN (IMO 9303558): ","Singapore","Ro-Ro Cargo","2007-10-12 15:50","","Marine casualty","","In Mikawa Port, Aichi Prefecture, Japan","","0",""
"C0006399","1","CHEMBULK SAVANNAH (IMO 9248461)","CHEMBULK SAVANNAH (IMO 9248461): ","Marshall Islands","Oil Tanker","2007-10-12 13:20","","Marine casualty","22° 49.40' S 43° 09.00' W","Guanabara Bay, Rio de Janeiro Harbour, accsess chanell to Exxon Mobill´s Terminal","","0",""
"C0006429","1","MSC SONIA (IMO 7111999)","MSC SONIA (IMO 7111999): ","Panama","Container","2007-10-12 05:40","","Marine incident","4° 38.00' N 135° 39.00' E","PACIFIC OCEAN, NORTH OF PNG","","0",""
"C0006690","1","MSC SAMANTHA (IMO 8013766)","MSC SAMANTHA (IMO 8013766): ","Panama","Container","2007-10-10 20:15","","Very serious marine casualty","33° 57.00' N 35° 34.00' E","BEIRUT , LEBANON","","2","Panama; Panama"
"C0006837","1","PLATINUM DIAMOND (IMO 9160970)","PLATINUM DIAMOND (IMO 9160970): ","Thailand","Container","2007-10-09 14:13","","Marine incident","","Shanghai Baoshan wharf no.14 Shanghai port","","0",""
"C0006835","1","QIYUNHE (IMO 9228760)","QIYUNHE (IMO 9228760): ","Panama","Non-ship structures","2007-10-08 15:35","","Marine casualty","29° 54.00' N 122° 14.00' E","East China Sea","","0",""
"C0006434","2","GRAND FREE (IMO 8703062), SHIROYAMA MARU","GRAND FREE (IMO 8703062): , SHIROYAMA MARU: ","Cambodia, Japan","General Cargo, Towing / Pushing","2007-10-05 20:09","","Very serious marine casualty","","Off Ushi Shima, Kagawa Prefecture, Japan","Coastal waters","1","Japan"
"C0006683","1","MT MARKAB","MT MARKAB: ","Nigeria","Oil Tanker","2007-10-05 14:30","","Very serious marine casualty","6° 22.50' N 3° 23.50' E","Lagos","","0",""
"C0006402","1","PANAMAX PEPPOU (IMO 8024272)","PANAMAX PEPPOU (IMO 8024272): ","Panama","Bulk Dry","2007-10-05 13:05","","Marine casualty","34° 56.80' S 68° 14.20' W","12 KM PARANA RIVER","River","0",""
"C0008068","1","LADY HAMILTON OF HEPFORD","LADY HAMILTON OF HEPFORD: ","United Kingdom","","2007-10-03 06:22","","Very serious marine casualty","50° 06.41' N 5° 02.59' W","Falmouth Bay, Cornwall England","","1","United Kingdom"
"C0006393","1","LAVRAS (IMO 8301826)","LAVRAS (IMO 8301826): ","Brazil","Oil Tanker","2007-10-02 23:04","","Marine casualty","2° 47.31' S 57° 49.90' W","50 nautical miles from Camaleão island,  Vila Augusto Montenegro - Urucurituba City, Amazonas State,","","0",""
"C0006834","1","GOLDEN RAIN (IMO 7701603)","GOLDEN RAIN (IMO 7701603): ","Panama","General Cargo","2007-10-02 08:28","","Marine casualty","19° 06.00' N 109° 06.00' E","South China Sea","Anchorage","0",""
"C0006833","1","DE YUE (IMO 7820813)","DE YUE (IMO 7820813): ","China","Towing / Pushing","2007-10-02 07:30","","Marine casualty","","Near DanGan Island in Estuary of Pearl River in Guangdong province, China","","0",""
"C0006731","2","F/B LEONE 1CI 0013, HUAI LAI HE (IMO 8321967)","F/B LEONE 1CI 0013: , HUAI LAI HE (IMO 8321967): ","Italy, China","Fish Catching, Container","2007-09-25 06:40","","Very serious marine casualty","44° 59.00' N 12° 54.00' E","ADRIATIC SEA","","0",""
"C0006411","1","SILVER ARROW (IMO 7921681)","SILVER ARROW (IMO 7921681): ","Belize","General Cargo","2007-09-24 22:50","","Marine casualty","","Off the coast of Wakayama Prefecture, Japan","","0",""
"C0006392","1","BALTIYSKIY-109 (IMO 7612515)","BALTIYSKIY-109 (IMO 7612515): ","Russian Federation","General Cargo","2007-09-24 16:15","","Marine casualty","55° 32.00' N 9° 46.00' E","Littel Belt","Coastal waters","0",""
"C0006396","1","CLANSMAN (IMO 9158953)","CLANSMAN (IMO 9158953): ","United Kingdom","","2007-09-24 07:40","","Marine incident","57° 08.70' N 7° 14.60' W","South Uist","Port approach","0",""
"C0007128","1","VIKING ISLAY (IMO 8506050)","VIKING ISLAY (IMO 8506050): ","United Kingdom","","2007-09-23 11:00","","Very serious marine casualty","53° 42.22' N 1° 08.90' E","25 miles off the East Yorkshire Coast, UK","","1","United Kingdom"
"C0007567","1","DUTCH PROGRESS (IMO 8300951)","DUTCH PROGRESS (IMO 8300951): ","Netherlands (Kingdom of)","Chemical Tanker","2007-09-21 23:15","","Marine casualty","","North Sea","","0",""
"C0007595","1","JOHANNA MARIA","JOHANNA MARIA: ","Netherlands (Kingdom of)","Fish Catching","2007-09-20 17:00","","Marine casualty","","Off Mauritania","","0",""
"C0006404","1","GLADIS (IMO 7730018)","GLADIS (IMO 7730018): ","Saint Vincent and the Grenadines","Ro-Ro Cargo","2007-09-17 04:10","","Marine casualty","37° 58.00' N 15° 33.00' E","coastal waters reggio Calabria","","0",""
"C0007090","1","KATRINE KROG (IMO 6922779)","KATRINE KROG (IMO 6922779): ","DIS (Denmark)","","2007-09-17 02:20","","Marine casualty","54° 14.60' N 9° 36.80' E","Rusterbergen, Kiel Canal","Canal","1","Unknown"
"C0006735","1","EDDA FRAM (IMO 9356995)","EDDA FRAM (IMO 9356995): ","Norway","Other Offshore","2007-09-16 13:13","","Marine casualty","52° 47.00' N 2° 38.00' E","English channel","","5","Norway; Norway; Norway; Norway; Norway"
"C0006832","2","CHANG TONG (IMO 7709320), HANJIN GOTHENBURG (IMO 9235103)","CHANG TONG (IMO 7709320): , HANJIN GOTHENBURG (IMO 9235103): ","Panama, Germany","Bulk Dry, Container","2007-09-15 19:35","","Very serious marine casualty","38° 18.00' N 121° 29.00' E","Yellow China Sea","Open sea","2","China; Germany"
"C0007226","1","DMS WORLD (IMO 9342102)","DMS WORLD (IMO 9342102): ","Netherlands (Kingdom of)","Towing / Pushing","2007-09-14 19:45","","Very serious marine casualty","","Palm Deira Project","At berth","0",""
"C0006413","1","SUNNY DAY (IMO 7600732)","SUNNY DAY (IMO 7600732): ","Panama","Ro-Ro Cargo","2007-09-14 14:00","","Very serious marine casualty","41° 44.00' N 39° 36.00' E","East Black Sea","Coastal waters","1","Panama"
"C0006583","2","NAESBORG (IMO 7359553), VOYAGER II (IMO 8313972)","NAESBORG (IMO 7359553): , VOYAGER II (IMO 8313972): ","Liberia, Panama",", Bulk Dry","2007-09-12 23:20","","Marine casualty","","Galveston Fairway Anchorage","Anchorage","1","Panama"
"C0006784","1","PRIDE OF TELEMARK (IMO 7907257)","PRIDE OF TELEMARK (IMO 7907257): ","Norway","Passenger/Ro-Ro Cargo","2007-09-11 00:02","","Marine casualty","57° 35.90' N 9° 57.80' E","Hirtshals Harbour","","1","Denmark"
"C0006417","1","THOR HAWK (IMO 9017240)","THOR HAWK (IMO 9017240): ","DIS (Denmark)","General Cargo","2007-09-10 14:45","","Marine casualty","5° 48.50' N 84° 28.20' E","The Indian Ocean","Open sea","0",""
"C0006377","1","MINERAL SINES (IMO 9224738)","MINERAL SINES (IMO 9224738): ","Panama","Bulk Dry","2007-09-09 18:18","","Marine casualty","","OPEN SEA","Open sea","0",""
"C0007616","1","NORTHERN HAPPINESS (IMO 9070759)","NORTHERN HAPPINESS (IMO 9070759): ","Liberia","","2007-09-09 11:12","","Marine casualty","","Bissau Harbour, Guinea Bissau","Port","0",""
"C0006428","1","HALANDRIANI (IMO 8005460)","HALANDRIANI (IMO 8005460): ","Panama","Bulk Dry","2007-09-09 10:00","","Marine incident","35° 20.28' N 76° 07.10' W","EISENHOWER LOCK !GREAT LAKES!","Port","0",""
"C0006443","1","W. D. MEDWAY II (IMO 7504500)","W. D. MEDWAY II (IMO 7504500): ","United Kingdom","Dredging","2007-09-08 09:03","","Marine casualty","50° 20.80' N 2° 57.20' W","Middle Deep, River Mersey","River","0",""
"C0007877","1","SKY STAR (IMO 8418928)","SKY STAR (IMO 8418928): ","Panama","Oil Tanker","2007-09-07 03:40","","Marine casualty","59° 16.00' N 22° 16.00' E","Gulf of Finland","Coastal waters","0",""
"C0006884","1","CHANG LE MEN (IMO 8104656)","CHANG LE MEN (IMO 8104656): ","Saint Vincent and the Grenadines","","2007-09-06 14:30","","Marine casualty","","Off port waters of New Mangalore Port","Coastal waters","0",""
"C0007132","1","PACIFIC  LAGOON","PACIFIC  LAGOON: ","Belgium","","2007-09-04 08:11","","Very serious marine casualty","","Between Qua Iboe and US Gulf/Loop","","1","Belgium"
"C0006587","1","SICHEM AMETHYST (IMO 9354571)","SICHEM AMETHYST (IMO 9354571): ","Panama","Chemical Tanker","2007-09-03 00:00","","Marine casualty","36° 47.00' N 1° 32.00' W","Livorno","Open sea","1","Panama"
"C0006447","1","CMA CGM TEMA (IMO 9126479)","CMA CGM TEMA (IMO 9126479): ","Germany","","2007-08-31 21:34","","Marine casualty","26° 22.05' N 119° 21.90' E","East China Sea","","0",""
"C0006535","1","NEW GUARDIAN (IMO 9105463)","NEW GUARDIAN (IMO 9105463): ","Panama","Bulk Dry","2007-08-30 14:00","","Very serious marine casualty","6° 17.20' N 103° 44.50' E","International Water","Open sea","1","Panama"
"C0007245","1","AQUILINE (IMO 7822196)","AQUILINE (IMO 7822196): ","Belgium","","2007-08-27 15:14","","Very serious marine casualty","","Rotterdam","","1","Belgium"
"C0006541","1","EAGLE PIONEER (IMO 8113841)","EAGLE PIONEER (IMO 8113841): ","Panama","Container","2007-08-26 22:45","","Very serious marine casualty","2° 34.00' N 101° 32.00' E","PORT SINGAPORE","","2","Panama; Panama"
"C0006758","1","GEOSOUNDER (IMO 7208455)","GEOSOUNDER (IMO 7208455): ","NIS (Norway)","Research","2007-08-25 03:10","","Very serious marine casualty","15° 04.47' S 150° 16.24' E","Great Barrier Reef Outer Route","Open sea","1","Australia"
"C0007257","1","GISMONDE","GISMONDE: ","France","Fish Catching","2007-08-24 07:30","","Very serious marine casualty","","About 40 miles off the South Wales Coast","","1","Unknown"
"C0006528","1","BALTIC ACE (IMO 8601824)","BALTIC ACE (IMO 8601824): ","Panama","Oil Tanker","2007-08-23 16:00","","Very serious marine casualty","22° 00.06' N 120° 00.02' E","AT ANCHORAGE OFF KAOHSIUNG FIRST HARBOUR ENTRANCE FROM NORTH BREAKWATER 204º X 2.6 MILES ","Anchorage","1","Panama"
"C0006730","1","DOUALA TIDE (IMO 9215529)","DOUALA TIDE (IMO 9215529): ","Vanuatu","Towing / Pushing","2007-08-23 14:49","","Very serious marine casualty","34° 04.75' N 26° 49.70' E","SE PORT ELIZABETH ","Open sea","1","South Africa"
"C0006431","1","CELTIC AMBASSADOR (IMO 8917417)","CELTIC AMBASSADOR (IMO 8917417): ","United Kingdom","General Cargo","2007-08-23 08:00","","Marine incident","44° 20.00' N 9° 05.00' W","BISCAY","","0",""
"C0006584","1","BOTANY TRIBUTE (IMO 9343742)","BOTANY TRIBUTE (IMO 9343742): ","Panama","Chemical Tanker","2007-08-21 12:00","","Very serious marine casualty","","Padang","Open sea","1","Panama"
"C0006451","1","HANJIN PORTLAND (IMO 9021681)","HANJIN PORTLAND (IMO 9021681): ","Liberia","","2007-08-20 20:40","","Very serious marine casualty","31° 27.00' N 123° 38.00' E","East China Sea","Open sea","0",""
"C0006673","1","ADRIATIC X","ADRIATIC X: ","Vanuatu","Other Offshore","2007-08-19 13:30","","Marine casualty","31° 33.68' N 32° 29.37' E","EAST MEDIT ","","1","Vanuatu"
"C0007357","2","OCEAN JASPER (IMO 7808346), SOKALIQUE","OCEAN JASPER (IMO 7808346): , SOKALIQUE: ","Kiribati, France",", Fish Catching","2007-08-17 02:10","","Very serious marine casualty","49° 15.00' N 4° 53.00' W","at the entrance of the English Channel","Open sea","2","France; Kiribati"
"C0006370","2","HAAHR BRIDGE (IMO 6704426), INZHENER PLAVINSKIY (IMO 8603365)","HAAHR BRIDGE (IMO 6704426): , INZHENER PLAVINSKIY (IMO 8603365): ","United Kingdom, Malta","Oil Tanker, ","2007-08-17 01:40","","Marine casualty","55° 40.00' N 12° 40.00' W","COPENHAGEN APPROACHES","Anchorage","0",""
"C0006390","1","SYMS HUASHAN (IMO 9306251)","SYMS HUASHAN (IMO 9306251): ","Antigua and Barbuda","Container","2007-08-17 00:36","","Marine casualty","","Tokyo Bay, Japan","","0",""
"C0007787","1","NORDIK EXPRESS (IMO 7391290)","NORDIK EXPRESS (IMO 7391290): ","Canada","","2007-08-16 23:03","","Marine casualty","50° 29.30' N 59° 27.60' W","Entrée Island, Harrington Harbour, Quebec","","2","Canada; Canada"
"C0006298","1","NEDLLOYD HUDSON (IMO 9189354)","NEDLLOYD HUDSON (IMO 9189354): ","United Kingdom","Container","2007-08-16 09:00","","Marine incident","","Mediterranean Sea ","Open sea","0",""
"C0006896","1","M.T. HOMI BHABHA","M.T. HOMI BHABHA: ","India","Oil Tanker","2007-08-15 15:00","","Marine casualty","8° 32.50' N 83° 17.10' E","en route from Mumbai to Chennai, India","Open sea","0",""
"C0006376","1","ANTREAS (IMO 7906916)","ANTREAS (IMO 7906916): ","Panama","General Cargo","2007-08-15 03:55","","Marine casualty","2° 44.50' S 51° 58.30' E","OPEN SEA","Open sea","0",""
"C0006709","1","BBC ISLANDER (IMO 9183491)","BBC ISLANDER (IMO 9183491): ","Antigua and Barbuda","General Cargo","2007-08-14 13:40","","Marine casualty","","At anchor off Dampier, Western Australia","Anchorage","1","Australia"
"C0009480","1","MORNAR","MORNAR: ","Croatia","Passenger","2007-08-13 15:00","","Very serious marine casualty","","island "Krava"","Inland waters","1","Croatia"
"C0006466","1","ATLANTIC JOY (IMO 7433775)","ATLANTIC JOY (IMO 7433775): ","Panama","General Cargo","2007-08-13 15:00","","Marine casualty","","PORT MARGHERA, CANALE LITORANEO","","0",""
"C0006297","1","QUEEN ELIZABETH 2 (IMO 6725418)","QUEEN ELIZABETH 2 (IMO 6725418): ","United Kingdom","Passenger / General Cargo","2007-08-13 00:05","","Marine incident","49° 30.80' N 4° 18.50' W","Atlantic Ocean","","0",""
"C0006551","2","NEW FLAME (IMO 9077393), TORM GERTRUD (IMO 9240885)","NEW FLAME (IMO 9077393): , TORM GERTRUD (IMO 9240885): ","Panama, DIS (Denmark)","Bulk Dry, ","2007-08-12 05:49","","Marine casualty","36° 05.70' N 5° 21.20' W","9 CABLES SSW OF EUROPA POINT LIGHTHOUSE","","1","Panama"
"C0006405","1","MEXICA (IMO 8410287)","MEXICA (IMO 8410287): ","Panama","General Cargo","2007-08-10 03:30","","Marine casualty","","BIJELA - MONTENEGRO- ADRIATIC SHIPYARD - AT BERTH","At berth","2","Panama; Panama"
"C0006525","2","SENREI MARU, VENUS EIGHT (IMO 9263007)","SENREI MARU: , VENUS EIGHT (IMO 9263007): ","Unknown, Panama",", General Cargo","2007-08-09 21:52","","Marine casualty","34° 24.05' N 134° 14.32' E","INLAND WATERS","Inland waters","0",""
"C0006365","1","OCEANIC ANGEL (IMO 9194397)","OCEANIC ANGEL (IMO 9194397): ","Panama","Bulk Dry","2007-08-08 16:45","","Very serious marine casualty","0° 03.10' S 87° 02.80' E","OPEN SEA","Open sea","2","Australia; Panama"
"C0007130","1","DUBLIN VIKING (IMO 9136022)","DUBLIN VIKING (IMO 9136022): ","United Kingdom","","2007-08-07 22:14","","Very serious marine casualty","","Along side at Berth 52 in the port of Dublin, Ireland","","1","United Kingdom"
"C0007252","1","KLEINER LUMP","KLEINER LUMP: ","Germany","Other Activities","2007-08-07 16:30","","Very serious marine casualty","53° 50.30' N 8° 54.00' E","Ottendorf, Elbe","","2","Germany; Unknown"
"C0006544","1","NYK ANDROMEDA (IMO 9162497)","NYK ANDROMEDA (IMO 9162497): ","Panama","","2007-08-06 17:30","","Very serious marine casualty","39° 05.00' N 165° 25.00' E","Pacific Ocean","Open sea","1","Panama"
"C0006389","1","NISSHIN MARU (IMO 8705292)","NISSHIN MARU (IMO 8705292): ","Japan","Research","2007-08-05 11:30","","Marine casualty","","In north-west Pacific Ocean","","0",""
"C0007185","1","GIRL GERALDINE","GIRL GERALDINE: ","Unknown","Fish Catching","2007-08-04 23:00","","Very serious marine casualty","","South of Dunabrattin Head Co. Waterford","","1","Unknown"
"C0006340","2","COSMOS VENTURE (IMO 8600143), WOODY ACE (IMO 9162320)","COSMOS VENTURE (IMO 8600143): , WOODY ACE (IMO 9162320): ","Liberia, Panama",", General Cargo","2007-08-03 08:50","","Marine casualty","34° 22.70' N 135° 04.90' E","OSAKA BAY","Anchorage","0",""
"C0006388","2","KYOUEI MARU NO.22, SEIYO STAR (IMO 9335214)","KYOUEI MARU NO.22: , SEIYO STAR (IMO 9335214): ","Japan, Cambodia","Fish Catching, General Cargo","2007-08-01 10:36","","Marine casualty","","About 2.1 kilometers south-east of Yuri Shima, Matsuyama City, Ehime Prefecture, Japan","Inland waters","0",""
"C0006387","2","IYO MARU, XIANG TONG (IMO 8626551)","IYO MARU: , XIANG TONG (IMO 8626551): ","Japan, Cambodia","Fish Catching, General Cargo","2007-08-01 08:42","","Very serious marine casualty","","About 2 kilometers south of Yuri Shima, Matsuyama City, Ehime Prefecture, Japan","Inland waters","1","Japan"
"C0006418","1","RELIANCE OCEAN (IMO 9103142)","RELIANCE OCEAN (IMO 9103142): ","Panama","Bulk Dry","2007-07-31 12:50","","Marine incident","6° 19.80' N 3° 23.60' E","LAGOS ROADS","Anchorage","0",""
"C0006831","1","OCEAN HARMONY (IMO 9267106)","OCEAN HARMONY (IMO 9267106): ","Hong Kong, China","Bulk Dry","2007-07-30 09:30","","Marine casualty","31° 46.00' N 120° 01.00' E","Chang Jiang River in China","River","0",""
"C0006465","1","MARITIME TRADER (IMO 8318817)","MARITIME TRADER (IMO 8318817): ","Hong Kong, China","","2007-07-28 23:56","","Marine casualty","30° 19.20' N 123° 14.80' E","East China Sea","","0",""
"C0007080","2","CONDOR EXPRESS (IMO 9135896), HD1 (IMO 9160114)","CONDOR EXPRESS (IMO 9135896): , HD1 (IMO 9160114): ","Bahamas, Bahamas",", High Speed Craft","2007-07-28 22:35","","Marine casualty","","Elizabeth Harbour, St Helier  JERSEY","","1","Bahamas"
"C0007096","1","LADY CANDIDA (IMO 8985751)","LADY CANDIDA (IMO 8985751): ","United Kingdom","","2007-07-28 16:30","","Very serious marine casualty","41° 25.00' N 8° 58.00' E","Off Corsica","","1","United Kingdom"
"C0006479","1","WOO CHANG (IMO 8810970)","WOO CHANG (IMO 8810970): ","Republic of Korea","","2007-07-27 12:45","","Marine casualty","31° 39.00' N 123° 12.00' E","East China Sea","Open sea","0",""
"C0006327","2","ALPHA ACTION (IMO 9074494), WAN HAI 307 (IMO 9237096)","ALPHA ACTION (IMO 9074494): , WAN HAI 307 (IMO 9237096): ","Greece, Singapore","Bulk Dry, Container","2007-07-27 01:50","","Marine casualty","","About 16 kilometers SW from Irosaki lighthouse, Shizuoka Prefecture, Japan","Coastal waters","0",""
"C0007121","1","MULTI TRADER (IMO 7615622)","MULTI TRADER (IMO 7615622): ","Cambodia","","2007-07-26 21:25","","Very serious marine casualty","","From Hereke, Turkey, towards Constanta, Romania","","1","Unknown"
"C0006253","1","OPAL QUEEN (IMO 9229427)","OPAL QUEEN (IMO 9229427): ","Panama","Oil Tanker","2007-07-26 12:10","","Very serious marine casualty","","ANTWERP BELGIUM TERMINAL B-417","At berth","0",""
"C0007711","1","LA FOUINE","LA FOUINE: ","Unknown","Fish Catching","2007-07-25 00:00","","Very serious marine casualty","50° 11.00' N 1° 06.00' E","Of Tréport","","1","France"
"C0006586","2","MILTIADES (IMO 8208323), WHITE MIST (IMO 7821506)","MILTIADES (IMO 8208323): , WHITE MIST (IMO 7821506): ","Jamaica, Panama",", Bulk Dry","2007-07-24 00:27","","Marine casualty","","Gamboa mooring area","Canal","0",""
"C0007239","1","ROSEMARIE (IMO 9152662)","ROSEMARIE (IMO 9152662): ","Netherlands (Kingdom of)","Fish Catching","2007-07-23 22:00","","Very serious marine casualty","","North Sea","Open sea","0",""
"C0006252","1","CRANE ARROW (IMO 8308147)","CRANE ARROW (IMO 8308147): ","Bahamas","General Cargo","2007-07-22 06:30","","Marine casualty","1° 06.80' S 48° 29.30' W","Para State, Brazil","","1","Bahamas"
"C0007609","1","BAGDAD (IMO 8516275)","BAGDAD (IMO 8516275): ","Bahamas","","2007-07-20 06:35","","Marine casualty","","Shatt al Arab Waterway, Khorramshahr","","0",""
"C0007224","1","DE ALBERTHA","DE ALBERTHA: ","Netherlands (Kingdom of)","Other Non-Seagoing","2007-07-17 12:00","","Marine casualty","","Kieler Bight","Open sea","0",""
"C0006425","1","ANNA RICKMERS (IMO 9131204)","ANNA RICKMERS (IMO 9131204): ","Liberia","Bulk Dry","2007-07-17 09:16","","Marine incident","37° 35.00' N 122° 39.00' E","YELLOW CHINA SEA","","0",""
"C0006705","1","AILSA CRAIG (IMO 7349950)","AILSA CRAIG (IMO 7349950): ","Panama","Chemical Tanker","2007-07-16 09:50","","Very serious marine casualty","","PERAMA, PIRAEUS- GREECE","At berth","2","Panama; Panama"
"C0006481","1","MAIN ORE (IMO 8000381)","MAIN ORE (IMO 8000381): ","Panama","","2007-07-16 03:45","","Marine casualty","30° 39.00' N 122° 26.00' E","Zhou shan Anchorage in China","Anchorage","0",""
"C0008011","1","CAVALIER DES VAGUES II","CAVALIER DES VAGUES II: ","Unknown","Fish Catching","2007-07-16 00:00","","Very serious marine casualty","","Boulogne-sur-Mer","","1","France"
"C0006258","1","TRANSMODAL (IMO 8301785)","TRANSMODAL (IMO 8301785): ","Argentina","Ro-Ro Cargo","2007-07-15 15:00","","Marine casualty","6° 45.60' S 47° 47.80' W","Itajaí, Brazil","","0",""
"C0006403","1","M/V MOBY TOMMY (IMO 9221310)","M/V MOBY TOMMY (IMO 9221310): ","Italy","Passenger/Ro-Ro Cargo","2007-07-14 14:35","","Marine incident","40° 55.00' N 9° 31.00' E","Port of Olbia","","0",""
"C0007287","1","FAIR JEANNE","FAIR JEANNE: ","Canada","","2007-07-13 16:00","","Marine casualty","","Off Amherst Island, Lake Ontario, ontario","","1","Unknown"
"C0006270","1","LUMINOUS HALO (IMO 9303039)","LUMINOUS HALO (IMO 9303039): ","Panama","Other Liquids","2007-07-12 23:05","","Very serious marine casualty","20° 11.29' N 86° 47.08' E","PARADIP, INDIA ANCHORAGE AREA","Anchorage","0",""
"C0006498","1","ORCHID SUN (IMO 8507547)","ORCHID SUN (IMO 8507547): ","Republic of Korea","Bulk Dry","2007-07-12 08:22","","Very serious marine casualty","23° 52.06' N 60° 40.54' E","107 miles off the Masqat Lighthouse in Oman","","1","Republic of Korea"
"C0006366","1","HAI TONG 7 (IMO 7627297)","HAI TONG 7 (IMO 7627297): ","Panama","Other Bulk Dry","2007-07-11 04:15","","Very serious marine casualty","16° 52.00' N 139° 25.00' E","OPEN SEA","Open sea","1","Panama"
"C0006415","1","PACIFIC STAR (IMO 7915096)","PACIFIC STAR (IMO 7915096): ","United Kingdom","Passenger","2007-07-10 21:00","","Marine incident","36° 20.00' S 175° 05.00' E","Hauraki Gulf","","1","Unknown"
"C0006337","1","GRUS (IMO 8000458)","GRUS (IMO 8000458): ","Panama","Ro-Ro Cargo","2007-07-10 11:15","","Marine casualty","33° 57.00' N 131° 47.00' E","INSIDE DRY DOCK","Port","0",""
"C0006332","1","GENKI STAR (IMO 9370575)","GENKI STAR (IMO 9370575): ","Panama","Chemical Tanker","2007-07-10 11:01","","Marine casualty","35° 40.32' N 139° 57.05' E","In lat 35 40.318N, long 139 57.046E","","0",""
"C0006547","1","SASANQUA (IMO 9061904)","SASANQUA (IMO 9061904): ","Panama","Refrigerated Cargo","2007-07-07 12:40","","Marine casualty","26° 46.00' N 40° 24.00' W","ATLANTICO OCEAN","Open sea","1","Panama"
"C0006260","1","SOUTHERN SPIRIT (IMO 9171125)","SOUTHERN SPIRIT (IMO 9171125): ","Panama","Bulk Dry","2007-07-06 09:54","","Marine incident","29° 35.00' N 93° 45.00' W","SABINE PASS OUTER BAR CHANNEL BREAKWATER","Port approach","0",""
"C0006384","2","NAVIGATOR, TORNADO (IMO 8404575)","NAVIGATOR: , TORNADO (IMO 8404575): ","Unknown, Panama",", Refrigerated Cargo","2007-07-05 23:06","","Marine incident","20° 41.90' N 17° 00.80' W","NOVADHIBOU","Port approach","1","Panama"
"C0007738","1","JORDAN EXPRESS (IMO 8105258)","JORDAN EXPRESS (IMO 8105258): ","Jordan","General Cargo","2007-07-03 08:35","","Marine casualty","","anchorage area  ","","0",""
"C0006254","1","ECSTASY (IMO 8711344)","ECSTASY (IMO 8711344): ","Panama","Passenger / General Cargo","2007-07-01 07:34","","Very serious marine casualty","26° 27.80' N 91° 10.00' W","OPEN SEA","Open sea","0",""
"C0006823","1","MARIA S. (IMO 7514220)","MARIA S. (IMO 7514220): ","Panama","","2007-06-30 18:20","","Very serious marine casualty","9° 58.31' N 76° 00.82' E","North entrance to channel at Cochin Port, India","Port approach","0",""
"C0006582","2","PRINKIPO (IMO 8030398), WMS HARLINGEN (IMO 9339040)","PRINKIPO (IMO 8030398): , WMS HARLINGEN (IMO 9339040): ","Panama, Cyprus","Chemical Tanker, ","2007-06-30 03:00","","Marine casualty","","kING GEORGE V DOCK (HULL) ","Port approach","2","Panama; Panama"
"C0006546","1","RONGA (IMO 7223144)","RONGA (IMO 7223144): ","Panama","General Cargo","2007-06-29 18:45","","Marine casualty","20° 45.24' N 70° 38.33' E","MULDWARKA PORT","Port approach","1","Panama"
"C0007197","1","JAL PARI-1","JAL PARI-1: ","India","Fish Catching","2007-06-29 05:00","","Very serious marine casualty","","Sandhakud Sea beach off Paradip Port, India","Anchorage","1","India"
"C0006444","2","STAR PROVIDENCE (IMO 8317289), THOR MERCHANT (IMO 7905895)","STAR PROVIDENCE (IMO 8317289): , THOR MERCHANT (IMO 7905895): ","Panama, Thailand","Bulk Dry, ","2007-06-29 04:05","","Marine casualty","1° 44.15' N 104° 39.50' E","SOUTH CHINA SEA","Coastal waters","0",""
"C0006240","1","ATLANTIC TRAVELLER (IMO 9058995)","ATLANTIC TRAVELLER (IMO 9058995): ","DIS (Denmark)","Passenger/Ro-Ro Cargo","2007-06-28 09:47","","Marine incident","57° 07.50' N 8° 35.80' E","Hanstholm Habour","Port","0",""
"C0006750","1","QUEST (IMO 8913904)","QUEST (IMO 8913904): ","Bahamas","Passenger","2007-06-27 06:48","","Marine casualty","69° 14.90' N 53° 29.30' W","Disko Bay, Greenland","Coastal waters","1","Denmark"
"C0006414","1","BARRI (IMO 8928208)","BARRI (IMO 8928208): ","Latvia","Oil Tanker","2007-06-26 16:22","","Very serious marine casualty","","Riga harbour (Latvia)","At berth","1","Latvia"
"C0006712","2","GREEN PIONEER (IMO 9219941), HONG QI 201 (IMO 8033637)","GREEN PIONEER (IMO 9219941): , HONG QI 201 (IMO 8033637): ","Panama, China","Oil Tanker, ","2007-06-26 09:44","","Marine casualty","31° 23.90' N 121° 33.60' E","WUSONG-KOU, CHINA","","0",""
"C0007169","1","ATHENA (IMO 9249166)","ATHENA (IMO 9249166): ","FIS (France)","","2007-06-26 04:00","","Very serious marine casualty","","Off Pointe Noire, Congo","","1","France"
"C0006822","1","SEA GLORY (IMO 7212793)","SEA GLORY (IMO 7212793): ","Mongolia","","2007-06-25 20:57","","Very serious marine casualty","23° 34.70' N 68° 13.86' E","Sanghi/Jakau region, India","","0",""
"C0006373","1","SHUJAA 3 (IMO 7723455)","SHUJAA 3 (IMO 7723455): ","Panama","General Cargo","2007-06-25 08:30","","Very serious marine casualty","21° 44.00' N 69° 27.80' E","WEST OF PORBANDAR PORT, INDIA","Port approach","1","Panama"
"C0007094","1","YOUNG LADY","YOUNG LADY: ","Isle of Man (United Kingdom)","","2007-06-25 00:00","","Marine incident","54° 40.50' N 1° 00.50' W","54° 40.5 N  001° 00.5 W","","1","Unknown"
"C0006890","1","KRISHNA I (IMO 9157155)","KRISHNA I (IMO 9157155): ","India","","2007-06-24 04:40","","Very serious marine casualty","18° 43.30' N 72° 47.07' E","about 2 miles from Khanderi Island, off Mumbai Harbour","Coastal waters","1","India"
"C0007087","1","REEF AZANIA (IMO 8413318)","REEF AZANIA (IMO 8413318): ","Saint Vincent and the Grenadines","","2007-06-24 00:00","","Very serious marine casualty","16° 50.60' N 59° 32.90' E"," Approximately 500NM off Somalia's coasts","Open sea","1","Unknown"
"C0006828","1","DENDEN (IMO 7611690)","DENDEN (IMO 7611690): ","Eritrea","","2007-06-23 05:00","","Very serious marine casualty","12° 55.00' N 74° 47.00' E","Coastal waters off New Mangalore Port, India","Port approach","0",""
"C0006257","1","SUNRISE SUZURAN II (IMO 9269398)","SUNRISE SUZURAN II (IMO 9269398): ","Panama","Chemical Tanker","2007-06-22 18:00","","Marine incident","","K-1 ANCHORAGE IN KAWASAKI PORT, JAPON","Port","0",""
"C0007356","1","TAHAROA EXPRESS (IMO 8903117)","TAHAROA EXPRESS (IMO 8903117): ","Panama","Bulk Dry","2007-06-22 02:00","","Marine incident","","42 nautical miles southwest of cape Egmont","","1","Unknown"
"C0006882","1","WINPO (IMO 8977481)","WINPO (IMO 8977481): ","Honduras","Towing / Pushing","2007-06-21 17:00","","Very serious marine casualty","","10 Nm off Cannanora, west coast of India, Kerala","Coastal waters","0",""
"C0006888","1","JOHN RICHARDSON (IMO 6922858)","JOHN RICHARDSON (IMO 6922858): ","India","","2007-06-21 15:30","","Very serious marine casualty","14° 40.10' N 93° 25.30' E","Off Andaman & Nicobar islands","Archipelagos","1","India"
"C0006538","1","MSC PEGGY (IMO 8208672)","MSC PEGGY (IMO 8208672): ","Panama","Container","2007-06-20 21:22","","Marine casualty","29° 36.30' N 94° 56.80' W","HOUSTON TX USA-SHIP CHANNEL","","1","Panama"
"C0007093","2","Logos II (IMO 6806834), LOGOS II (IMO 6806834)","Logos II (IMO 6806834): , LOGOS II (IMO 6806834): ","Malta, Malta","Passenger, ","2007-06-20 20:47","","Marine casualty","","St Helier, Jersey","","1","Unknown"
"C0006220","1","PRIDE OF DOVER (IMO 8517736)","PRIDE OF DOVER (IMO 8517736): ","United Kingdom","Passenger/Ro-Ro Cargo","2007-06-19 16:07","","Marine casualty","51° 03.00' N 1° 15.00' E","Dover","Port","0",""
"C0006599","1","ALEXENDRA C (IMO 7717767)","ALEXENDRA C (IMO 7717767): ","Panama","Chemical Tanker","2007-06-19 00:00","","Very serious marine casualty","14° 42.00' N 54° 15.00' E","YEMEN","Open sea","2","Panama; Panama"
"C0006522","1","ELSA OLDENDORFF (IMO 9157428)","ELSA OLDENDORFF (IMO 9157428): ","Panama","Bulk Dry / Oil","2007-06-18 11:10","","Marine casualty","","TOWNSVILLE BERTH 3, AUSTRALIA","","0",""
"C0006232","1","HYUNDAI INDEPENDENCE (IMO 9110377)","HYUNDAI INDEPENDENCE (IMO 9110377): ","United Kingdom","Container","2007-06-17 07:30","","Very serious marine casualty","33° 43.00' N 118° 16.00' W","Long Beach, California, Berth 25,26","","1","United Kingdom"
"C0006223","2","HELGA (IMO 8402577), NATHALIE EHLER (IMO 9242560)","HELGA (IMO 8402577): , NATHALIE EHLER (IMO 9242560): ","Antigua and Barbuda, United Kingdom","General Cargo, Container","2007-06-16 10:02","","Marine incident","","BRUNSBUTTEL, KIEL CANAL","Canal","0",""
"C0006518","1","MAIN ORE (IMO 8000381)","MAIN ORE (IMO 8000381): ","Panama","Bulk Dry","2007-06-16 03:20","","Marine incident","","MAJISHAN TERMINAL","At berth","0",""
"C0006278","1","HUTA ZGODA (IMO 7361518)","HUTA ZGODA (IMO 7361518): ","Panama","Bulk Dry","2007-06-15 20:40","","Very serious marine casualty","37° 30.00' N 9° 26.00' E","MEDITERRANEAN SEA","","0",""
"C0006427","1","ROYAL SUCCESS (IMO 8029624)","ROYAL SUCCESS (IMO 8029624): ","Panama","Bulk Dry","2007-06-15 15:53","","Marine casualty","12° 20.00' S 13° 33.00' E","LOBITO PORT","At berth","0",""
"C0006433","1","NMT SILVIA (IMO 8521945)","NMT SILVIA (IMO 8521945): ","Panama","Ro-Ro Cargo","2007-06-15 14:54","","Marine incident","39° 40.05' N 0° 17.00' W","ANCHARAGE VALENCIA SPAIN","Anchorage","0",""
"C0006239","1","MIKHAIL DUDIN (IMO 9057329)","MIKHAIL DUDIN (IMO 9057329): ","Malta","General Cargo","2007-06-12 18:33","","Marine incident","","Humber","","0",""
"C0006251","1","MAIN ORE (IMO 8000381)","MAIN ORE (IMO 8000381): ","Panama","Bulk Dry","2007-06-12 17:15","","Marine casualty","4° 30.00' N 92° 41.00' E","OPEN SEA","Open sea","0",""
"C0006703","2","MSC ALEXA (IMO 9129873), TIKRIT","MSC ALEXA (IMO 9129873): , TIKRIT: ","Panama, Unknown","Container, ","2007-06-12 14:42","","Very serious marine casualty","35° 49.00' N 6° 04.00' W","CABO ESPARTEL","","2","Panama; Panama"
"C0007263","1","GRANDE NIGERIA (IMO 9246580)","GRANDE NIGERIA (IMO 9246580): ","Italy","Ro-Ro Cargo","2007-06-11 12:55","","Marine casualty","53° 33.80' N 9° 45.30' E","Elbe, Nearby Wittenbergen jetty","River","1","Germany"
"C0006237","1","BREANT (IMO 7802756)","BREANT (IMO 7802756): ","United Kingdom","Ro-Ro Cargo","2007-06-10 02:40","","Marine casualty","56° 01.00' N 16° 41.00' E","Olands Sodra Grund (off Sweden)","","0",""
"C0006213","1","TORM SIGNE (IMO 9290957)","TORM SIGNE (IMO 9290957): ","Singapore","","2007-06-09 09:30","","Marine incident","22° 49.02' S 43° 08.10' W","Petrobras´ Terminal PP-1, Rio de Janeiro","","0",""
"C0006247","1","YONG TONG (IMO 8810566)","YONG TONG (IMO 8810566): ","Cambodia","Dredging","2007-06-09 08:35","","Marine casualty","33° 39.60' N 132° 27.40' E","In Iyo Nada, Ehime Prefecture, Japan","","0",""
"C0006475","1","TIAN DU FENG (IMO 9109873)","TIAN DU FENG (IMO 9109873): ","China","","2007-06-09 05:10","","Marine casualty","23° 32.00' N 117° 36.00' E","South China Sea","Coastal waters","0",""
"C0006678","1","PASHA BULKER (IMO 9317729)","PASHA BULKER (IMO 9317729): ","Panama","Bulk Dry","2007-06-08 09:51","","Marine casualty","32° 55.30' S 151° 47.70' E","NEWCASTLE, NEW SOUTH WALES","Coastal waters","3","Australia; Panama; Panama"
"C0006446","1","BAO QING MEN (IMO 8300925)","BAO QING MEN (IMO 8300925): ","Saint Vincent and the Grenadines","","2007-06-06 08:00","","Marine casualty","34° 45.00' N 119° 26.50' E","Lian Yun Gang Port in China","Port","0",""
"C0006210","1","WEELEK NO. 3 (IMO 8211497)","WEELEK NO. 3 (IMO 8211497): ","Panama","Chemical Tanker","2007-06-06 01:30","","Marine casualty","20° 52.50' N 62° 25.00' E","NORTH ARABIAN SEA, INDIAN OCEAN","Open sea","0",""
"C0006206","1","GLORIOUS ACE (IMO 8021270)","GLORIOUS ACE (IMO 8021270): ","Panama","Ro-Ro Cargo","2007-06-04 16:55","","Marine incident","51° 14.59' N 4° 22.11' E","KALLOSLUIS LOCK, ANTWERP","Port approach","0",""
"C0006214","2","MSC GENEVA (IMO 9320427), VARMLAND (IMO 9276341)","MSC GENEVA (IMO 9320427): , VARMLAND (IMO 9276341): ","Germany, United Kingdom",", ","2007-06-03 14:48","","Marine incident","","Hamburg","At berth","0",""
"C0006441","1","DANICA WHITE (IMO 8401157)","DANICA WHITE (IMO 8401157): ","DIS (Denmark)","General Cargo","2007-06-01 10:15","","Very serious marine casualty","1° 50.00' N 50° 06.00' E","Indian Ocean","","1","Denmark"
"C0006246","1","PORT PIRIE (IMO 9155315)","PORT PIRIE (IMO 9155315): ","Hong Kong, China","Bulk Dry","2007-05-31 00:00","","Marine incident","33° 15.63' N 131° 51.64' E","In Beppu Bay, Oita Prefecture, Japan","Coastal waters","0",""
"C0006621","1","CARNIVAL LEGEND (IMO 9224726)","CARNIVAL LEGEND (IMO 9224726): ","Panama","Passenger","2007-05-27 01:07","","Very serious marine casualty","30° 27.70' N 69° 04.70' W","ATLANTIC OCEAN","","0",""
"C0006423","1","A DUCKLING (IMO 8800391)","A DUCKLING (IMO 8800391): ","Panama","Container","2007-05-23 21:05","","Marine incident","36° 56.00' N 122° 07.00' E","YELLOW CHINA SEA","","0",""
"C0006325","1","EURO SQUALL (IMO 9244192)","EURO SQUALL (IMO 9244192): ","United Kingdom","","2007-05-23 20:07","","Marine incident","39° 02.20' N 9° 41.20' W","Atlantic","Open sea","0",""
"C0007218","1","SEAWAY (IMO 8410184)","SEAWAY (IMO 8410184): ","Netherlands (Kingdom of)","Dredging","2007-05-18 16:30","","Very serious marine casualty","","Abu Dhabi","At berth","0",""
"C0007118","1","ENEZ SUN III (IMO 9019884)","ENEZ SUN III (IMO 9019884): ","France","","2007-05-17 12:41","","Marine casualty","48° 02.63' N 4° 49.51' W","Near Île de Sein","","1","France"
"C0006511","1","DOLPHIN II (IMO 8303862)","DOLPHIN II (IMO 8303862): ","Panama","","2007-05-17 00:00","","Very serious marine casualty","","Off west coast of Myanmar (en route to Yangon from Chittagong)","Open sea","1","Panama"
"C0006780","1","FOREST-1 (IMO 9070515)","FOREST-1 (IMO 9070515): ","Saint Kitts and Nevis","","2007-05-16 13:20","","Very serious marine casualty","53° 20.15' N 7° 11.80' E","Emden, Inner harbour, Südkai","At berth","1","Germany"
"C0006738","2","ORMISTON (IMO 7806661), SEAROAD MERSEY (IMO 8914831)","ORMISTON (IMO 7806661): , SEAROAD MERSEY (IMO 8914831): ","Australia, Australia",", ","2007-05-16 05:23","","Marine incident","38° 20.00' S 144° 50.00' E","South Channel, Port Phillip","","1","Australia"
"C0006361","1","VOUTAKOS (IMO 8518015)","VOUTAKOS (IMO 8518015): ","Panama","Bulk Dry","2007-05-15 17:00","","Very serious marine casualty","7° 14.00' N 121° 02.60' E","ISLANDS PHILIPPINES ARCHIPELAGO","Inland waters","1","Panama"
"C0006533","1","FAITH N (IMO 8618425)","FAITH N (IMO 8618425): ","Panama","Bulk Dry","2007-05-15 08:00","","Very serious marine casualty","22° 05.00' N 21° 15.00' W","240NM FROM MAURITANIA CAP BLANC","Open sea","1","Panama"
"C0006160","1","MINERVA CONCERT (IMO 9271406)","MINERVA CONCERT (IMO 9271406): ","Greece","Oil Tanker","2007-05-14 18:30","","Marine incident","55° 53.00' N 10° 56.00' E","HATTER BARN","","0",""
"C0006639","1","MINERVA CONCERT (IMO 9271406)","MINERVA CONCERT (IMO 9271406): ","Greece","Oil Tanker","2007-05-14 18:16","","Marine casualty","55° 53.70' N 10° 56.30' E","Hatter Barn","Coastal waters","1","Denmark"
"C0008526","1","ORIENT QUEEN (IMO 6821080)","ORIENT QUEEN (IMO 6821080): ","Panama","Passenger","2007-05-14 00:00","","Very serious marine casualty","","Mykonos, Greece","","0",""
"C0006450","2","GOLDEN ROSE (IMO 8210807), JIN SHENG (IMO 9130999)","GOLDEN ROSE (IMO 8210807): , JIN SHENG (IMO 9130999): ","Republic of Korea, Saint Vincent and the Grenadines","General Cargo, Container","2007-05-12 03:08","","Very serious marine casualty","38° 14.40' N 121° 41.90' E","Bo Hai Sea","","1","China"
"C0006238","1","HEIKE (IMO 9173446)","HEIKE (IMO 9173446): ","United Kingdom","General Cargo","2007-05-11 16:15","","Marine incident","55° 33.00' N 9° 58.00' E","Hamburg","River","0",""
"C0006430","1","CASTOR STAR (IMO 8101006)","CASTOR STAR (IMO 8101006): ","Panama","Bulk Dry","2007-05-11 13:30","","Marine incident","36° 15.00' N 7° 35.00' W","PORT OF THE CAPE TOWN ","","0",""
"C0006175","1","HOHESAND (IMO 9134153)","HOHESAND (IMO 9134153): ","United Kingdom","Container","2007-05-10 23:30","","Marine incident","","Gioia Tauro","At berth","0",""
"C0006766","1","ENTERPRISE (IMO 8321890)","ENTERPRISE (IMO 8321890): ","Antigua and Barbuda","Self Discharging Bulk Dry","2007-05-10 10:45","","Marine casualty","40° 04.10' S 144° 03.68' E","Grassy Harbour, King Island, Tasmania","Port approach","1","Australia"
"C0006619","1","CISNE BLANCO (IMO 9135547)","CISNE BLANCO (IMO 9135547): ","Panama","Oil Tanker","2007-05-09 12:00","","Marine casualty","46° 00.00' N 50° 00.00' W","CANADA","","0",""
"C0006680","1","MT VEGA","MT VEGA: ","Unknown","","2007-05-08 06:28","","Very serious marine casualty","4° 31.90' N 4° 13.10' E","Lagos","","0",""
"C0006354","1","RIO MAGDALENA (IMO 7116834)","RIO MAGDALENA (IMO 7116834): ","Panama","General Cargo","2007-05-07 18:45","","Marine casualty","26° 05.56' N 80° 06.42' W","PORT EVERGLADES, NORT SIDE OF CHANNEL","Port","1","Panama"
"C0006235","2","KANEMITSU MARU, MIGHTY DANDY (IMO 9325673)","KANEMITSU MARU: , MIGHTY DANDY (IMO 9325673): ","Japan, Panama","Fish Catching, General Cargo","2007-05-07 15:40","","Very serious marine casualty","","In the Inland Sea (Seto Naikai), Japan","Coastal waters","1","Japan"
"C0006549","2","KANEMITSU MARU, MIGHTY DANDY (IMO 9325673)","KANEMITSU MARU: , MIGHTY DANDY (IMO 9325673): ","Unknown, Panama","Fish Catching, General Cargo","2007-05-07 15:40","","Very serious marine casualty","34° 17.40' N 133° 37.80' E","BISAN","","0",""
"C0006449","1","GETALDIC (IMO 9137428)","GETALDIC (IMO 9137428): ","Croatia","","2007-05-05 22:45","","Marine casualty","38° 21.70' N 121° 22.40' E","Bo Hai Sea","Coastal waters","0",""
"C0007098","1","EMUNA (IMO 9238387)","EMUNA (IMO 9238387): ","Netherlands (Kingdom of)","","2007-05-05 19:20","","Marine incident","53° 53.70' N 9° 09.20' E","Brunsbuttel, South Quay","At berth","1","Unknown"
"C0006412","2","CHEMICARRY NO. 1 (IMO 9019676), YI SHUN (IMO 7700908)","CHEMICARRY NO. 1 (IMO 9019676): , YI SHUN (IMO 7700908): ","Republic of Korea, Sierra Leone","Chemical Tanker, Bulk Dry","2007-05-04 18:17","","Very serious marine casualty","","Jeonnam Shinangun Heuksando sea","","0",""
"C0006618","1","AMADEO (IMO 8601836)","AMADEO (IMO 8601836): ","Panama","Oil Tanker","2007-05-02 22:00","","Marine casualty","","CONSTANTA","","1","Panama"
"C0006139","1","STENA BRITANNICA (IMO 9235517)","STENA BRITANNICA (IMO 9235517): ","United Kingdom","","2007-05-01 08:15","","Marine incident","","Harwich-UK","At berth","0",""
"C0007187","1","GOURINIS (IMO 7925118)","GOURINIS (IMO 7925118): ","France","","2007-04-30 12:30","","Very serious marine casualty","","Off Presqu'île de Quiberon","","1","France"
"C0006448","1","CORONIS (IMO 9299616)","CORONIS (IMO 9299616): ","Bahamas","","2007-04-28 11:20","","Marine casualty","","South China Sea","At berth","0",""
"C0006406","1","HYUNDAI CONTINENTAL (IMO 8517918)","HYUNDAI CONTINENTAL (IMO 8517918): ","Republic of Korea","Bulk Dry","2007-04-27 22:35","","Marine casualty","","NO.4 Pier of GwangYang port, Korea","","1","Republic of Korea"
"C0006749","1","SEACOD (IMO 9352315)","SEACOD (IMO 9352315): ","Germany","Oil Tanker","2007-04-27 11:00","","Very serious marine casualty","44° 34.50' N 36° 49.10' W","North-West of the Azores, North Atlantic Ocean","Open sea","1","Germany"
"C0006394","1","SAN REMO (IMO 6507983)","SAN REMO (IMO 6507983): ","Saint Vincent and the Grenadines","General Cargo","2007-04-26 03:21","","Marine casualty","57° 39.35' N 11° 42.71' E","Gothenburg arkipelago","","1","Sweden"
"C0007114","1","MEDINA CARRIER (IMO 8223373)","MEDINA CARRIER (IMO 8223373): ","Bahamas","","2007-04-25 05:40","","Marine casualty","7° 38.70' N 126° 35.20' E","East Coast of Mindanao","","0",""
"C0006256","1","BOW SANTOS (IMO 9303651)","BOW SANTOS (IMO 9303651): ","Panama","Chemical Tanker","2007-04-23 22:37","","Marine incident","29° 37.00' N 95° 01.00' W","BAYPORT, HOUSTON TX. U.S.A.","At berth","0",""
"C0006773","2","PETER CROMBIE, SILKY OCEAN (IMO 9118446)","PETER CROMBIE: , SILKY OCEAN (IMO 9118446): ","Australia, Panama","Fish Catching, Bulk Dry","2007-04-23 11:50","","Marine casualty","37° 38.00' S 139° 43.00' E","South Australian Coast","Coastal waters","1","Australia"
"C0006375","1","SUNSHINE (IMO 7806180)","SUNSHINE (IMO 7806180): ","Panama","General Cargo","2007-04-22 17:15","","Very serious marine casualty","","35 MILES NORTH OF LIBYIAN COAST","Open sea","1","Panama"
"C0006462","1","KYOKUZAN (IMO 8626719)","KYOKUZAN (IMO 8626719): ","Panama","","2007-04-22 06:45","","Very serious marine casualty","36° 47.36' N 123° 35.57' E","Yellow China Sea","Open sea","0",""
"C0006453","1","ACACIA (IMO 9078464)","ACACIA (IMO 9078464): ","Hong Kong, China","","2007-04-21 18:59","","Marine casualty","37° 16.70' N 122° 52.50' E","Bo Hai Sea","","0",""
"C0006872","1","HERCULES (IMO 8907060)","HERCULES (IMO 8907060): ","Faroes, Denmark","Other Fishing","2007-04-20 20:55","","Very serious marine casualty","41° 20.00' S 79° 17.00' W","South Pacific Ocean","Open sea","2","Denmark; Faroes, Denmark"
"C0006422","1","ND1379","ND1379: ","Viet Nam","Bulk Dry","2007-04-20 17:00","","Very serious marine casualty","21° 34.00' N 108° 28.00' E","South China Sea","Anchorage","0",""
"C0006480","1","FLY EAGLE (IMO 8901614)","FLY EAGLE (IMO 8901614): ","Panama","","2007-04-19 06:34","","Marine casualty","","Guang Zhou Port in China","Port approach","0",""
"C0006521","1","MARINE EAGLE (IMO 8301436)","MARINE EAGLE (IMO 8301436): ","Panama","General Cargo","2007-04-17 14:50","","Marine incident","42° 34.60' N 132° 52.60' E","OPEN SEA","Open sea","0",""
"C0006196","1","JANE (IMO 8721002)","JANE (IMO 8721002): ","Saint Vincent and the Grenadines","General Cargo","2007-04-17 04:00","","Marine casualty","","Off Isohama Fishing port, Yamamoto Cho, Miyagi Prefecture, Japan","","0",""
"C0007089","1","GAS MONARCH (IMO 9151149)","GAS MONARCH (IMO 9151149): ","Bahamas","","2007-04-16 21:39","","Marine casualty","","6 miles ESE of Lowestof","","1","United Kingdom"
"C0006195","1","SHUNLIAN 9 (IMO 8806280)","SHUNLIAN 9 (IMO 8806280): ","Cambodia","General Cargo","2007-04-16 15:30","","Marine casualty","","At Teizan No.3 wharf, Shiogama, Miyagi Prefecture, Japan","","0",""
"C0006798","1","ALI RIZA DENIZ (IMO 7364819)","ALI RIZA DENIZ (IMO 7364819): ","Panama","Ro-Ro Cargo","2007-04-14 09:00","","Marine casualty","37° 39.60' N 23° 59.78' E","SOUTH OF LEGRENA BAY (SARONIC GULF)","Anchorage","2","Panama; Panama"
"C0006488","2","AUDACITY (IMO 9134751), LEONIS (IMO 9335707)","AUDACITY (IMO 9134751): , LEONIS (IMO 9335707): ","United Kingdom, Panama",", General Cargo","2007-04-14 00:00","","Marine casualty","53° 32.50' N 0° 13.37' E"," River Humber ","","2","United Kingdom; Panama"
"C0006360","1","BOURBON DOLPHIN (IMO 9351983)","BOURBON DOLPHIN (IMO 9351983): ","Norway","Offshore Supply","2007-04-12 17:05","","Very serious marine casualty","60° 59.20' N 3° 49.30' W","North sea","Open sea","2","Norway; Norway"
"C0006372","1","KOBEE V (IMO 7932903)","KOBEE V (IMO 7932903): ","Panama","Passenger","2007-04-12 06:20","","Very serious marine casualty","34° 55.60' N 129° 19.79' E","14 MILES FROM BUSAN","Canal","1","Panama"
"C0007288","1","SICHEM ANELINE (IMO 9171735)","SICHEM ANELINE (IMO 9171735): ","Marshall Islands","","2007-04-11 17:30","","Marine casualty","45° 38.60' N 73° 28.60' W","Port of Montréal, Quebec","","1","Unknown"
"C0006137","1","TROPICAL BREEZE (IMO 9256444)","TROPICAL BREEZE (IMO 9256444): ","Panama","Other Bulk Dry","2007-04-11 15:50","","Marine incident","20° 51.95' N 106° 41.50' E","HAIPHONG PORT BERTH NO. 4","At berth","0",""
"C0006548","1","TAURACAVOR","TAURACAVOR: ","Panama","Dredging","2007-04-11 15:35","","Very serious marine casualty","33° 17.20' N 77° 50.10' W","Open Sea","","0",""
"C0006151","1","BAHIA BLANCA (IMO 9156589)","BAHIA BLANCA (IMO 9156589): ","Panama","Bulk Dry","2007-04-11 02:44","","Marine incident","8° 22.41' N 62° 40.53' W","ORINOCO RIVER","River","0",""
"C0006293","1","SCAN FJELL (IMO 7700609)","SCAN FJELL (IMO 7700609): ","DIS (Denmark)","General Cargo","2007-04-11 02:00","","Marine casualty","58° 00.00' N 7° 30.00' E","Mannefjorden","Inland waters","1","Denmark"
"C0006426","1","MSC SONIA (IMO 7111999)","MSC SONIA (IMO 7111999): ","Panama","Container","2007-04-10 09:45","","Marine incident","37° 48.80' S 144° 54.90' E","MELBOURNE, EAST SWANSON DOCK, BERTH N01","At berth","1","Australia"
"C0007540","1","CAMLIN STAR","CAMLIN STAR: ","Unknown","","2007-04-09 00:00","","Marine casualty","","Banacher, Co. Offaly","","1","Ireland"
"C0006452","2","HARVEST (IMO 8201026), JIN HAI KUN (IMO 8817320)","HARVEST (IMO 8201026): , JIN HAI KUN (IMO 8817320): ","Belize, China","General Cargo, General Cargo","2007-04-08 04:01","","Very serious marine casualty","28° 19.90' N 122° 02.70' E","East China Sea","Coastal waters","1","China"
"C0006194","2","EIFUKU MARU NO.7, YINHE NO. 1 (IMO 8811089)","EIFUKU MARU NO.7: , YINHE NO. 1 (IMO 8811089): ","Japan, Cambodia","General Cargo, General Cargo","2007-04-07 05:17","","Very serious marine casualty","","Off Susami Cho, Wakayama Prefecture, Japan","Coastal waters","1","Japan"
"C0006112","1","SEA DIAMOND (IMO 8406731)","SEA DIAMOND (IMO 8406731): ","Greece","Passenger","2007-04-05 16:00","","Marine incident","","Santorini, Greece","","0",""
"C0007721","1","ASTORIA (IMO 8000214)","ASTORIA (IMO 8000214): ","Bahamas","","2007-04-05 10:30","","Very serious marine casualty","","Kerkyra, Corfu","","0",""
"C0006123","1","CELTIC AMBASSADOR (IMO 8917417)","CELTIC AMBASSADOR (IMO 8917417): ","United Kingdom","General Cargo","2007-04-05 03:30","","Marine casualty","42° 28.50' N 15° 44.40' E","AT SEA","","0",""
"C0006381","1","SHIRANE (IMO 9202584)","SHIRANE (IMO 9202584): ","Panama","Bulk Dry","2007-04-02 10:10","","Marine casualty","33° 01.40' S 152° 00.80' E","APPROX 15 MILES OFF NEWCASTLE","Coastal waters","2","Australia; Panama"
"C0006895","1","MALAVIYA TWO (IMO 8301711)","MALAVIYA TWO (IMO 8301711): ","India","","2007-04-02 09:37","","Marine casualty","","Victoria Dock, Mumbai, India","At berth","0",""
"C0006193","2","CANARIAN REEFER (IMO 9081655), TAKEKO (IMO 9184201)","CANARIAN REEFER (IMO 9081655): , TAKEKO (IMO 9184201): ","Panama, Panama","Refrigerated Cargo, Container","2007-04-01 00:25","","Marine casualty","","About 7 mile, north of Kusagaki Island, Kagoshima Prefecture, Japan","","0",""
"C0006162","2","K. LARSEN, MISTRAL (IMO 9045651)","K. LARSEN: , MISTRAL (IMO 9045651): ","Denmark, Türkiye","Fish Catching, General Cargo","2007-03-28 21:49","","Marine casualty","57° 41.00' N 9° 54.00' E","Skagerrak","","1","Denmark"
"C0006527","1","ANTILLES II (IMO 9223667)","ANTILLES II (IMO 9223667): ","Panama","Bulk Dry","2007-03-28 05:20","","Marine casualty","27° 37.20' N 82° 39.00' W","BAY OF TAMPA","Inland waters","1","Panama"
"C0006319","1","SKARPOE (IMO 9325142)","SKARPOE (IMO 9325142): ","Cyprus","General Cargo","2007-03-27 04:35","","Marine casualty","55° 11.00' N 14° 42.00' E","Baltic Sea","Coastal waters","1","Denmark"
"C0006189","1","MOL INGENUITY (IMO 9006631)","MOL INGENUITY (IMO 9006631): ","Panama","Container","2007-03-27 00:04","","Very serious marine casualty","47° 45.70' N 153° 46.30' E","INTERNATIONAL WATERS","","0",""
"C0006471","1","QN 4368","QN 4368: ","Viet Nam","Bulk Dry","2007-03-26 15:00","","Very serious marine casualty","21° 33.55' N 108° 34.43' E","South China Sea","Port approach","0",""
"C0006108","1","CABO PILAR (IMO 9298777)","CABO PILAR (IMO 9298777): ","Panama","Oil Tanker","2007-03-25 22:45","","Marine incident","13° 05.10' S 38° 32.40' W","Proximities Cabo Santo Antonio","","0",""
"C0006408","1","STAR MARINER (IMO 9301316)","STAR MARINER (IMO 9301316): ","Republic of Korea","Container","2007-03-25 20:10","","Very serious marine casualty","31° 24.00' N 121° 34.00' E","Shanghai, China","","1","Republic of Korea"
"C0006675","1","TYCHO BRAHE (IMO 9007116)","TYCHO BRAHE (IMO 9007116): ","DIS (Denmark)","Passenger/Ro-Ro Cargo","2007-03-24 13:01","","Marine casualty","","Port of Helsingborg","Port","0",""
"C0006355","1","AMERICAN CONSTITUTION (IMO 7734595)","AMERICAN CONSTITUTION (IMO 7734595): ","Panama","Offshore Supply","2007-03-23 11:00","","Marine casualty","29° 54.90' N 93° 53.30' W","R&R SHIPYARD, PORT ARTHUR, TX, USA","Port","1","Panama"
"C0006113","1","SHETLAND (IMO 7924035)","SHETLAND (IMO 7924035): ","United Kingdom","Liquefied Gas","2007-03-22 23:57","","Marine casualty","29° 14.00' N 95° 15.00' W","Houston","At berth","0",""
"C0007192","1","VOLGO-BALT 209 (IMO 8844957)","VOLGO-BALT 209 (IMO 8844957): ","Russian Federation","","2007-03-22 20:25","","Marine casualty","53° 59.10' N 8° 16.80' E","Lower Elbe River, between Buoys 3 and 5","River","1","Germany"
"C0006148","1","REINA ROSA (IMO 9112569)","REINA ROSA (IMO 9112569): ","Philippines","Ro-Ro Cargo","2007-03-22 07:08","","Marine incident","","At the west wharf, Kogakurayanagi District, Nagasaki Port, Japan","","0",""
"C0006461","1","JING BO HU (IMO 8108913)","JING BO HU (IMO 8108913): ","China","","2007-03-21 19:15","","Marine casualty","","South China Sea","Port approach","0",""
"C0006593","1","UNICORN ACE (IMO 9174256)","UNICORN ACE (IMO 9174256): ","Panama","General Cargo","2007-03-21 00:00","","Very serious marine casualty","","currimao","Open sea","1","Panama"
"C0006242","1","CHEMSTAR EAGLE (IMO 9185920)","CHEMSTAR EAGLE (IMO 9185920): ","Panama","Oil Tanker","2007-03-19 06:05","","Marine incident","","LEGHORN ANCHORAGE","Anchorage","1","Panama"
"C0006718","2","NORMA JEAN, SEATOW 61","NORMA JEAN: , SEATOW 61: ","Unknown, New Zealand",", Other Non-Seagoing","2007-03-18 06:25","","Very serious marine casualty","24° 55.00' S 113° 35.00' E","Carnarvon, Western Australia","Anchorage","3","Australia; Australia; New Zealand"
"C0006460","2","HUI RONG (IMO 7525748), PENG YAN (IMO 8020563)","HUI RONG (IMO 7525748): , PENG YAN (IMO 8020563): ","Hong Kong, China, China",", Bulk Dry","2007-03-17 22:51","","Very serious marine casualty","30° 32.50' N 123° 15.60' E","East China Sea","Coastal waters","1","China"
"C0006147","1","HUMEN BRIDGE","HUMEN BRIDGE: ","Panama","Container","2007-03-16 15:15","","Marine casualty","","In the Inland Sea (Seto Naikai), Japan","Coastal waters","0",""
"C0006146","1","ZHONG SHENG (IMO 7921760)","ZHONG SHENG (IMO 7921760): ","Cambodia","General Cargo","2007-03-16 07:40","","Marine incident","","In Kisarazu Port, Chiba Prefecture, Japan","","0",""
"C0006474","1","SUMIRE (IMO 9153070)","SUMIRE (IMO 9153070): ","Panama","","2007-03-14 23:54","","Marine incident","","Guang Zhou Port","Port approach","0",""
"C0007219","2","LEENDERT DE MOL (IMO 9223100), WINONA (IMO 9255622)","LEENDERT DE MOL (IMO 9223100): , WINONA (IMO 9255622): ","Netherlands (Kingdom of), Antigua and Barbuda",", General Cargo","2007-03-14 11:25","","Marine casualty","","Westerschelde","Inland waters","0",""
"C0006093","1","OCEAN SURVEYOR","OCEAN SURVEYOR: ","United States","Research","2007-03-12 19:55","","Marine incident","22° 46.63' S 43° 08.27' W","proximity of Nhanquetá Island, Guanabara Bay, Rio de Janeiro","","0",""
"C0006424","1","AN PING 6 (IMO 8301929)","AN PING 6 (IMO 8301929): ","China","Bulk Dry","2007-03-10 03:51","","Marine incident","","South China Sea","Port approach","0",""
"C0006145","1","ST CHAMPION (IMO 8900971)","ST CHAMPION (IMO 8900971): ","Saint Vincent and the Grenadines","General Cargo","2007-03-09 08:00","","Marine casualty","","Off Kaga City, Ishikawa Prefecture, Japan","","0",""
"C0006478","2","MSC JOANNA (IMO 9304435), W. D. FAIRWAY (IMO 9132454)","MSC JOANNA (IMO 9304435): , W. D. FAIRWAY (IMO 9132454): ","Panama, Netherlands (Kingdom of)","Container, ","2007-03-08 13:09","","Marine casualty","35° 55.20' N 118° 07.00' E","Tian Jin Port","Port","0",""
"C0006086","1","DISCOVERER (IMO 8209028)","DISCOVERER (IMO 8209028): ","Malta","Bulk Dry","2007-03-08 09:10","","Marine incident","22° 53.43' S 43° 10.90' W","Access channel to Rio de Janeiro's Harbor","","0",""
"C0006144","1","KODAIJISAN (IMO 9249049)","KODAIJISAN (IMO 9249049): ","Panama","Liquefied Gas","2007-03-06 03:30","","Marine casualty","","At oil berth in Nagoya Port, Aichi Prefecture, Japan","","0",""
"C0006483","1","MMM GALVESTON (IMO 9009671)","MMM GALVESTON (IMO 9009671): ","Malaysia","","2007-03-04 20:00","","Very serious marine casualty","37° 34.00' N 120° 30.00' E","Bo Hai Sea","Port","0",""
"C0006075","1","PRIDE OF HULL (IMO 9208629)","PRIDE OF HULL (IMO 9208629): ","United Kingdom","","2007-03-04 02:24","","Marine incident","53° 01.50' N 1° 33.00' E","North Sea","Open sea","0",""
"C0006104","1","LARGS BAY (IMO 9240756)","LARGS BAY (IMO 9240756): ","United Kingdom","Passenger/Ro-Ro Cargo","2007-03-03 17:11","","Marine incident","50° 10.00' N 6° 09.00' W","Lands End","Coastal waters","0",""
"C0006516","1","DOKKEN (IMO 8209119)","DOKKEN (IMO 8209119): ","Panama","Oil Tanker","2007-03-03 01:12","","Marine casualty","","DURBAN ANCHORAGE- PILOT STN - 022(T) X 2.40NM","","0",""
"C0006477","1","VEGA TOPAS (IMO 9192040)","VEGA TOPAS (IMO 9192040): ","Antigua and Barbuda","","2007-03-02 08:25","","Very serious marine casualty","36° 56.60' N 117° 57.70' E","Tian Jin Port","Port","1","Antigua and Barbuda"
"C0006080","1","SWIFT ARROW (IMO 8918239)","SWIFT ARROW (IMO 8918239): ","Bahamas","General Cargo","2007-02-28 16:18","","Marine incident","25° 29.81' S 48° 29.72' W","Port of Paranaguá","Port approach","0",""
"C0007085","1","MONTROSE (IMO 9231004)","MONTROSE (IMO 9231004): ","Liberia","","2007-02-28 06:00","","Marine incident","","Chesapeake Bay","","1","Unknown"
"C0006857","1","TROPICAL STAR (IMO 7705556)","TROPICAL STAR (IMO 7705556): ","Panama","Bulk Dry","2007-02-27 23:40","","Very serious marine casualty","28° 08.00' N 122° 51.00' E","East  China Sea","Archipelagos","1","China"
"C0006880","1","PORT VICTORIA (IMO 9262637)","PORT VICTORIA (IMO 9262637): ","Marshall Islands","","2007-02-27 09:05","","Marine casualty","33° 35.00' S 71° 38.00' W","PUERTO SAN ANTONIO","","1","Chile"
"C0006482","1","HSIN YING (IMO 9236133)","HSIN YING (IMO 9236133): ","Belize","","2007-02-26 06:15","","Marine casualty","23° 13.00' N 118° 25.00' E","South China Sea","Coastal waters","0",""
"C0006627","1","SUSAKI WING (IMO 9142954)","SUSAKI WING (IMO 9142954): ","Panama","Bulk Dry","2007-02-26 05:20","","Marine casualty","","TAURANGA, in port","","0",""
"C0007103","1","ANNABELLA (IMO 9354363)","ANNABELLA (IMO 9354363): ","United Kingdom","","2007-02-26 00:00","","Marine incident","","Baltic Sea, presumed near to Gotland Island","","1","Unknown"
"C0006100","1","TIN YI (IMO 7827952)","TIN YI (IMO 7827952): ","Cambodia","General Cargo","2007-02-24 20:25","","Marine casualty","","Off Kobe Lighthouse, Hyogo Prefecture, Japan","","0",""
"C0006495","1","LEVINA I","LEVINA I: ","Indonesia","Passenger / General Cargo","2007-02-22 00:00","","Very serious marine casualty","","Java Sea, 50 miles from Jakarta, en route to Bangka island","","1","Indonesia"
"C0006099","1","S FIGHTER","S FIGHTER: ","Antigua and Barbuda","General Cargo","2007-02-21 08:50","","Marine incident","","At wharf of Ujina Kaigan, Hiroshima Port, Japan","","0",""
"C0006542","1","TOURCOING (IMO 7705946)","TOURCOING (IMO 7705946): ","Singapore","Ro-Ro Cargo","2007-02-20 18:58","","Very serious marine casualty","8° 27.00' N 72° 10.90' E","Arabian Sea","","1","Singapore"
"C0007119","1","MARE LIBERUM","MARE LIBERUM: ","France","Fish Catching","2007-02-20 11:00","","Very serious marine casualty","","Off Île D'Yeu","","1","France"
"C0006074","1","THOR SWAN (IMO 9006215)","THOR SWAN (IMO 9006215): ","DIS (Denmark)","General Cargo","2007-02-19 10:00","","Marine casualty","5° 55.40' N 97° 08.20' E","The Indian Ocean","Open sea","0",""
"C0006098","1","NISSHIN MARU (IMO 8705292)","NISSHIN MARU (IMO 8705292): ","Japan","Other Fishing","2007-02-15 02:00","","Marine casualty","","Off the coast of Antarctica","","0",""
"C0006097","1","ZENITH LIGHT (IMO 9016428)","ZENITH LIGHT (IMO 9016428): ","Republic of Korea","General Cargo","2007-02-14 15:20","","Very serious marine casualty","","Off Daio-saki, Mie Prefecture, Japan","","0",""
"C0007225","2","NEDLLOYD AFRICA (IMO 8915706), YI SHUN FA","NEDLLOYD AFRICA (IMO 8915706): , YI SHUN FA: ","Netherlands (Kingdom of), Unknown","Container, ","2007-02-14 00:00","","Very serious marine casualty","","Taiwan, China","Open sea","0",""
"C0006464","1","MARINE CHEMIST (IMO 9179488)","MARINE CHEMIST (IMO 9179488): ","Republic of Korea","","2007-02-13 14:26","","Very serious marine casualty","31° 55.80' N 120° 14.60' E","Chang Jiang River in China","River","0",""
"C0007116","1","ANGELIQUE-EMILIE","ANGELIQUE-EMILIE: ","Unknown","","2007-02-10 05:00","","Marine casualty","","North of Fecamp","","1","Unknown"
"C0006728","1","BALTIMAR BOREAS (IMO 8807349)","BALTIMAR BOREAS (IMO 8807349): ","Bahamas","General Cargo","2007-02-09 02:50","","Marine casualty","32° 41.00' S 152° 25.00' E","off Newcastle, New South Wales","Coastal waters","1","Australia"
"C0006055","1","LADOGA-11 (IMO 7614604)","LADOGA-11 (IMO 7614604): ","Russian Federation","General Cargo","2007-02-08 16:00","","Marine casualty","56° 57.00' N 8° 54.00' E","Feggesund, Limfjorden, Denmark","Coastal waters","0",""
"C0006062","1","SEALARK (IMO 7711402)","SEALARK (IMO 7711402): ","Bahamas","","2007-02-08 08:45","","Marine incident","56° 36.00' N 10° 20.00' E","Randers Fjord, Kattegat, Denmark","Coastal waters","0",""
"C0006878","1","MIDEN MAX (IMO 9050371)","MIDEN MAX (IMO 9050371): ","Isle of Man (United Kingdom)","Bulk Dry","2007-02-07 19:01","","Marine casualty","23° 05.00' S 70° 25.00' W","TERMINAL MARÍTIMO PUERTO MEJILLONES","","1","Chile"
"C0006079","1","HERTFORD (IMO 9162617)","HERTFORD (IMO 9162617): ","United Kingdom","Container","2007-02-06 12:00","","Marine casualty","","Elbe River","","0",""
"C0006096","2","RYOSHIN MARU NO.62, SKY EXPRESS (IMO 9005601)","RYOSHIN MARU NO.62: , SKY EXPRESS (IMO 9005601): ","Japan, Panama","Fish Catching, Container","2007-02-05 19:30","","Very serious marine casualty","","Off Sukumo, Kochi Prefecture, Japan","Coastal waters","1","Japan"
"C0006524","2","RYOSHIN MARU NO. 62, SKY EXPRESS (IMO 9005601)","RYOSHIN MARU NO. 62: , SKY EXPRESS (IMO 9005601): ","Unknown, Panama",", Container","2007-02-05 18:17","","Marine casualty","32° 49.20' N 132° 23.50' E","JAPAN ","","0",""
"C0006363","1","IBRA LNG (IMO 9326689)","IBRA LNG (IMO 9326689): ","Panama","Liquefied Gas","2007-02-03 14:25","","Very serious marine casualty","7° 58.90' N 76° 43.20' E","ARABIAN SEA","Open sea","1","Panama"
"C0006094","2","ALASKA RAINBOW (IMO 8500460), SEA EXPRESS I (IMO 8900012)","ALASKA RAINBOW (IMO 8500460): , SEA EXPRESS I (IMO 8900012): ","Greece, United Kingdom",", High Speed Craft","2007-02-03 11:38","","Marine casualty","53° 23.20' N 2° 59.40' W","Liverpool","River","1","Unknown"
"C0006640","1","The Lord is My Shepherd","The Lord is My Shepherd: ","Cameroon","","2007-02-03 04:00","","Very serious marine casualty","","Man-o-War Bay - Limbe, Cameroon","","0",""
"C0007095","1","HOOLIGAN V","HOOLIGAN V: ","Unknown","","2007-02-03 03:20","","Very serious marine casualty","","10 miles south of Prawle  Point","","1","Unknown"
"C0006064","1","OUR LADY PAMELA (IMO 8508931)","OUR LADY PAMELA (IMO 8508931): ","United Kingdom","","2007-02-02 06:52","","Marine casualty","50° 51.00' N 1° 06.00' W","Camber Old Portsmouth","Port approach","0",""
"C0006211","2","LE RONG (IMO 9183740), SEA BARON (IMO 8109981)","LE RONG (IMO 9183740): , SEA BARON (IMO 8109981): ","China, Panama",", Ro-Ro Cargo","2007-01-31 19:47","","Marine incident","21° 27.87' N 39° 08.39' E","PORT OF JEDDAH, K.S.A","Port","0",""
"C0006063","1","JAMES COOK (IMO 9338242)","JAMES COOK (IMO 9338242): ","United Kingdom","","2007-01-31 11:13","","Marine incident","50° 54.00' N 1° 24.40' W","Southampton Docks","At berth","0",""
"C0006515","1","EVER UNIFIC (IMO 9168843)","EVER UNIFIC (IMO 9168843): ","Panama","Container","2007-01-30 18:00","","Marine casualty","52° 29.00' N 156° 01.00' W","OPEN SEA","","0",""
"C0006212","1","HYUNDAI CONFIDENCE (IMO 9254848)","HYUNDAI CONFIDENCE (IMO 9254848): ","Panama","Container","2007-01-29 23:15","","Marine incident","43° 20.00' N 151° 51.00' W","NORTH PACIFIC OCEAN","Open sea","0",""
"C0006050","1","MAERSK DELFT (IMO 9293088)","MAERSK DELFT (IMO 9293088): ","United Kingdom","Passenger/Ro-Ro Cargo","2007-01-29 14:42","","Marine casualty","51° 20.00' N 1° 30.00' E","1 Mile East of Dover Harbour Entrance","Coastal waters","0",""
"C0007182","1","DISCOVERY","DISCOVERY: ","Unknown","Fish Catching","2007-01-29 09:50","","Very serious marine casualty","49° 40.50' N 10° 17.50' W","Off the South West Coast of Ireland","","1","Unknown"
"C0006188","1","SIERRA NAVA (IMO 8807648)","SIERRA NAVA (IMO 8807648): ","Panama","General Cargo","2007-01-28 11:30","","Marine casualty","30° 06.50' N 5° 24.90' W","ESPAÑA","","1","Panama"
"C0006608","1","BRITISH MALLARD (IMO 9282479)","BRITISH MALLARD (IMO 9282479): ","Isle of Man (United Kingdom)","Oil Tanker","2007-01-27 18:00","","Very serious marine casualty","","Kwinana, Western Australia","At berth","1","Australia"
"C0006409","1","JIN YING (IMO 8601329)","JIN YING (IMO 8601329): ","China","General Cargo","2007-01-26 06:55","","Very serious marine casualty","37° 07.30' N 125° 55.30' E","near baekaisland","","1","Republic of Korea"
"C0006069","2","KORYO MARU, NAMHAE PIONEER II (IMO 9036557)","KORYO MARU: , NAMHAE PIONEER II (IMO 9036557): ","Japan, Panama","Fish Catching, Chemical Tanker","2007-01-26 03:26","","Very serious marine casualty","","Off Sukumo-shi, Kochi Prefecture, Japan","Coastal waters","2","Japan; Japan"
"C0007092","1","CAP SAINT PAUL (IMO 8124412)","CAP SAINT PAUL (IMO 8124412): ","France","","2007-01-23 15:00","","Marine casualty","","South West of  Abidjan","","1","France"
"C0007712","1","MANUREVA","MANUREVA: ","Unknown","","2007-01-23 00:00","","Very serious marine casualty","","Near Port of Saint-Cast","","1","France"
"C0007725","1","OCEAN GLOBE (IMO 9110353)","OCEAN GLOBE (IMO 9110353): ","Bahamas","","2007-01-22 23:10","","Marine casualty","36° 33.00' N 6° 18.30' W","PORT APPROACH","Port approach","0",""
"C0006472","1","NOBEL (IMO 7414389)","NOBEL (IMO 7414389): ","Cambodia","","2007-01-22 22:22","","Very serious marine casualty","","Ning Bo Port","Anchorage","0",""
"C0006105","1","TOBIAS MAERSK (IMO 8820212)","TOBIAS MAERSK (IMO 8820212): ","United Kingdom","","2007-01-22 10:00","","Marine incident","","Barcelona","At berth","0",""
"C0006651","1","FIONE (IMO 6802216)","FIONE (IMO 6802216): ","Panama","General Cargo","2007-01-22 02:00","","Marine casualty","46° 29.50' N 2° 27.00' W","GULF OF BISCAYE","","1","Unknown"
"C0006508","1","NIJORD (IMO 8007157)","NIJORD (IMO 8007157): ","Malta","General Cargo","2007-01-21 22:47","","Marine casualty","57° 39.00' N 22° 10.00' E","Irlan Strait","Coastal waters","0",""
"C0006051","1","Celtic Endeavour (IMO 8504234)","Celtic Endeavour (IMO 8504234): ","United Kingdom","General Cargo","2007-01-20 23:30","","Marine casualty","52° 49.00' N 3° 54.00' E","North Sea","Open sea","0",""
"C0007100","1","LINDY LOU","LINDY LOU: ","United Kingdom","","2007-01-20 02:45","","Very serious marine casualty","","Lyme View Marina, Adlington, Cheshire","","1","United Kingdom"
"C0006380","1","KEVIN (IMO 8220759)","KEVIN (IMO 8220759): ","Panama","General Cargo","2007-01-20 00:31","","Very serious marine casualty","16° 12.00' N 23° 12.00' W","Entre Las Palmas, Islas Canarias y Praia, Cabo Verde","Inland waters","1","Panama"
"C0006526","1","HO FENG No. 6 (IMO 8414269)","HO FENG No. 6 (IMO 8414269): ","Panama","Bulk Dry","2007-01-19 09:45","","Very serious marine casualty","9° 08.00' S 143° 19.00' E","ANCHORAGE DARLL, PNG ","Anchorage","0",""
"C0007387","1","LENA (IMO 8103846)","LENA (IMO 8103846): ","Belize","","2007-01-19 08:53","","Very serious marine casualty","5° 56.90' N 8° 05.10' E","Aubenelbe, near the racon Buoy Elbe","River","1","Unknown"
"C0006228","1","POWER STEEL (IMO 9195327)","POWER STEEL (IMO 9195327): ","Panama","Bulk Dry","2007-01-19 04:00","","Marine incident","3° 13.00' S 116° 25.00' E","PULAU LAUT (NPLOT) anchorage","Anchorage","0",""
"C0006578","1","SPIRIT OF MOL (IMO 7229992)","SPIRIT OF MOL (IMO 7229992): ","Panama","Other Activities","2007-01-18 16:25","","Marine casualty","","In Chitose Port, Hiroshima Prefecture, Japan","At berth","0",""
"C0006035","1","MSC NAPOLI (IMO 9000601)","MSC NAPOLI (IMO 9000601): ","United Kingdom","Container","2007-01-18 00:00","","Very serious marine casualty","49° 19.80' N 4° 34.80' W","50 miles of Lizard, Corwall","Open sea","5","United Kingdom; United Kingdom; United Kingdom; United Kingdom; Unknown"
"C0007217","1","THE MILLERS","THE MILLERS: ","Netherlands (Kingdom of)","Fish Catching","2007-01-16 02:45","","Very serious marine casualty","","North Sea","Open sea","0",""
"C0006243","2","SEGESTA JET (IMO 9152038), SUSAN BORCHARD (IMO 9318929)","SEGESTA JET (IMO 9152038): , SUSAN BORCHARD (IMO 9318929): ","Italy, Antigua and Barbuda","Passenger / General Cargo, Container","2007-01-15 17:54","","Very serious marine casualty","38° 11.00' N 15° 35.00' E","SICILY - MESSINA STRAIT","Coastal waters","1","Antigua and Barbuda"
"C0006161","1","LAURETTA (IMO 9288540)","LAURETTA (IMO 9288540): ","Panama","Bulk Dry","2007-01-15 06:00","","Marine incident","54° 18.47' N 130° 19.00' W","PRINCE RUPERT","","0",""
"C0007828","1","GOLDEN SKY (IMO 8405373)","GOLDEN SKY (IMO 8405373): ","Cyprus","Bulk Dry","2007-01-15 02:06","","Marine incident","57° 28.12' N 21° 35.10' E","In vicinity of port of Ventspils (Latvia) outer roadstead","Anchorage","2","Latvia; Latvia"
"C0006166","1","TRANS FREJ (IMO 9101156)","TRANS FREJ (IMO 9101156): ","Antigua and Barbuda","General Cargo","2007-01-14 16:55","","Marine casualty","58° 40.90' N 17° 13.65' E","Oxelösund, Sweden","Archipelagos","2","Sweden; Sweden"
"C0007610","1","FUGRO MERIDIAN (IMO 8101331)","FUGRO MERIDIAN (IMO 8101331): ","Bahamas","Research","2007-01-13 01:00","","Marine casualty","57° 33.40' N 1° 47.30' W","Aberdeen","Coastal waters","0",""
"C0006068","1","SYENITE","SYENITE: ","Cambodia","General Cargo","2007-01-12 18:35","","Marine incident","","Off Ishikari-wan Port, Hokkaido, Japan","","0",""
"C0006039","1","SERVER (IMO 8307117)","SERVER (IMO 8307117): ","Cyprus","","2007-01-12 18:30","","Very serious marine casualty","","The West coast of Norway, near Bergen","","0",""
"C0007189","1","JRS CANIS (IMO 9339014)","JRS CANIS (IMO 9339014): ","Cyprus","","2007-01-12 02:40","","Marine incident","53° 57.50' N 8° 05.50' E","Estuary of the Elbe River","River","1","Unknown"
"C0006746","1","TASMAN RESOLUTION (IMO 8714918)","TASMAN RESOLUTION (IMO 8714918): ","Marshall Islands","","2007-01-11 23:31","","Very serious marine casualty","","Port of Tauranga","","1","New Zealand"
"C0006656","1","SIERRA LARA (IMO 9120205)","SIERRA LARA (IMO 9120205): ","Panama","Refrigerated Cargo","2007-01-11 12:18","","Marine casualty","57° 43.00' N 10° 35.00' E","SKAGEN PORT","Port approach","0",""
"C0006067","2","EIKO MARU NO. 16 (IMO 9370915), KATSURAGISAN (IMO 9294240)","EIKO MARU NO. 16 (IMO 9370915): , KATSURAGISAN (IMO 9294240): ","Japan, Panama","General Cargo, Oil Tanker","2007-01-10 00:30","","Marine incident","","At the private sea berth of Seibu Oil Co. off Yamaguchi Ube Air port, Yamaguchi Prefecture, Japan","At berth","0",""
"C0006463","1","LT UNICA (IMO 9196981)","LT UNICA (IMO 9196981): ","Italy","","2007-01-09 05:35","","Very serious marine casualty","28° 16.70' N 122° 17.10' E","East China Sea","Coastal waters","0",""
"C0006066","2","MOGAMIGAWA (IMO 9229439), NEWPORT NEWS","MOGAMIGAWA (IMO 9229439): , NEWPORT NEWS: ","Japan, United States","Oil Tanker, Other Activities","2007-01-09 04:15","","Marine incident","","Near the Straits of Hormuz","","0",""
"C0006110","1","STENA VOYAGER (IMO 9080209)","STENA VOYAGER (IMO 9080209): ","United Kingdom","Passenger/Ro-Ro Cargo","2007-01-08 22:19","","Marine casualty","","Belfast, Northern Ireland","","0",""
"C0006065","1","YANG TONG (IMO 8131037)","YANG TONG (IMO 8131037): ","Cambodia","General Cargo","2007-01-07 13:06","","Marine casualty","","On the beach, 1 kilometer to SE from Funagata Fishing Port, Tateyama City, Chiba Prefecture, Japan","Coastal waters","0",""
"C0006107","1","OTILIA (IMO 8813697)","OTILIA (IMO 8813697): ","DIS (Denmark)","Oil Tanker","2007-01-03 21:10","","Marine incident","","Brofjorden, Sweden","At berth","0",""
"C0006017","1","BORELLY (IMO 7119771)","BORELLY (IMO 7119771): ","United Kingdom","","2007-01-02 07:00","","Marine casualty","53° 42.00' N 0° 41.00' W","River Humber UK","River","0",""
"C0006476","1","UNI-ACCORD (IMO 9130535)","UNI-ACCORD (IMO 9130535): ","Hong Kong, China","","2007-01-01 21:52","","Marine casualty","38° 47.05' N 121° 51.66' E","Bo Hai Sea","Port approach","0",""
"C0006029","1","QUEEN ELIZABETH 2 (IMO 6725418)","QUEEN ELIZABETH 2 (IMO 6725418): ","United Kingdom","","2006-12-31 10:34","","Very serious marine casualty","38° 56.00' N 12° 53.00' W","North Atlantic Ocean","","1","United Kingdom"
"C0006921","1","MAIKE (IMO 8905115)","MAIKE (IMO 8905115): ","Germany","","2006-12-30 11:35","","Marine incident","","Dutch exclusive economic zone","","1","Unknown"
"C0006015","1","OCEAN VISCOUNT (IMO 7117008)","OCEAN VISCOUNT (IMO 7117008): ","United Kingdom","","2006-12-30 08:12","","Marine incident","57° 19.40' N 0° 50.80' E","North Sea 1.5 miles from the semi submersible Rig J W Mclean","Open sea","0",""
"C0006119","1","ALBANE (IMO 9250684)","ALBANE (IMO 9250684): ","Panama","Liquefied Gas","2006-12-30 04:20","","Marine incident","12° 06.00' N 47° 51.00' W","ATLANTIC OCEAN","","0",""
"C0006484","2","CEBU ROSA (IMO 8513390), MEIJI MARU (IMO 8811039)","CEBU ROSA (IMO 8513390): , MEIJI MARU (IMO 8811039): ","Panama, Japan","Ro-Ro Cargo, ","2006-12-28 13:28","","Marine incident","","PORT OF HAKATA, JAPAN","Port","0",""
"C0006336","1","MARINE EAGLE (IMO 8301436)","MARINE EAGLE (IMO 8301436): ","Panama","General Cargo","2006-12-27 11:30","","Marine casualty","40° 07.90' N 130° 56.80' E","off coast of Democratic Peoples Republic of Korea","Open sea","0",""
"C0006120","1","STOC REGINA (IMO 9310317)","STOC REGINA (IMO 9310317): ","Sweden","Oil Tanker","2006-12-27 00:40","","Marine casualty","56° 12.00' N 11° 15.00' E","Gulfhavn, Denmark","At berth","0",""
"C0006687","1","RYONG AK SAN (IMO 6929492)","RYONG AK SAN (IMO 6929492): ","Democratic People's Republic of Korea","","2006-12-26 16:00","","Very serious marine casualty","38° 42.30' N 120° 40.92' E","off the coast of Dlian","Open sea","0",""
"C0007600","3","ARROWANA BARCELONA (IMO 8214449), OCEAN PRESTIGE (IMO 9019327), POPPY (IMO 8818922)","ARROWANA BARCELONA (IMO 8214449): , OCEAN PRESTIGE (IMO 9019327): , POPPY (IMO 8818922): ","Malaysia, Singapore, Liberia","Oil Tanker, Oil Tanker, Oil Tanker","2006-12-26 11:16","","Marine casualty","1° 13.75' N 103° 35.06' E","Singapore","Anchorage","0",""
"C0006019","1","THOR INGER (IMO 8714621)","THOR INGER (IMO 8714621): ","DIS (Denmark)","General Cargo","2006-12-25 12:00","","Marine casualty","12° 04.00' N 120° 52.00' E","off Busuanga","Open sea","0",""
"C0006382","1","BLUE STAR (IMO 8306852)","BLUE STAR (IMO 8306852): ","Panama","General Cargo","2006-12-24 08:18","","Marine casualty","19° 12.26' N 96° 07.37' W","VERACRUZ, ANCHORAGE","Anchorage","1","Panama"
"C0006645","1","LEONIS (IMO 9335707)","LEONIS (IMO 9335707): ","Panama","General Cargo","2006-12-22 18:25","","Marine incident","53° 40.00' N 0° 30.00' E","HUMBERT ESTUARY LAND","","0",""
"C0006630","2","SEA PLAIN NO 2 (IMO 8415847), WOOYANG ACE (IMO 9138460)","SEA PLAIN NO 2 (IMO 8415847): , WOOYANG ACE (IMO 9138460): ","Cambodia, Panama",", General Cargo","2006-12-21 23:27","","Marine casualty","","NAGOYA PORT","Port","0",""
"C0006037","1","DANIA-CARINA (IMO 7824601)","DANIA-CARINA (IMO 7824601): ","United Kingdom","Container","2006-12-21 23:00","","Marine casualty","36° 50.30' N 13° 24.80' E","Mediterranean Sea","Open sea","0",""
"C0006046","2","HUMBER ENERGY (IMO 8209482), RED EAGLE (IMO 9117337)","HUMBER ENERGY (IMO 8209482): , RED EAGLE (IMO 9117337): ","United Kingdom, United Kingdom",", ","2006-12-21 19:21","","Marine casualty","","Southampton, Thorn knoll channel","Inland waters","0",""
"C0006626","1","VLORA (IMO 7311604)","VLORA (IMO 7311604): ","Panama","Liquefied Gas","2006-12-19 06:00","","Marine casualty","","ENTRY IN THE PORT OF BRINDISI","","0",""
"C0006202","1","MOL WISDOM (IMO 9101601)","MOL WISDOM (IMO 9101601): ","Panama","Container","2006-12-17 03:50","","Marine incident","34° 56.48' S 56° 10.38' W","PORT MONTEVIDEO. TCP TERMINAL","At berth","0",""
"C0006788","1","PAIX DU CIEL","PAIX DU CIEL: ","France","Fish Catching","2006-12-15 14:15","","Very serious marine casualty","45° 13.00' N 1° 10.00' W","Off Hourtin beach","","1","France"
"C0006016","1","VILLUM CLAUSEN (IMO 9216250)","VILLUM CLAUSEN (IMO 9216250): ","DIS (Denmark)","High Speed Craft","2006-12-14 19:38","","Marine casualty","","Port of Rønne","Port approach","2","Denmark; Denmark"
"C0006321","1","VULTURNUS (IMO 7618301)","VULTURNUS (IMO 7618301): ","Malta","","2006-12-14 09:40","","Marine casualty","24° 48.00' N 118° 45.00' E","East Sea","Port approach","0",""
"C0006018","1","FLOTTBEK (IMO 9313216)","FLOTTBEK (IMO 9313216): ","United Kingdom","Container","2006-12-13 15:40","","Marine casualty","48° 57.30' N 18° 46.20' W","Atlantic Ocean","","0",""
"C0006205","1","WORLD DYNASTY (IMO 9041837)","WORLD DYNASTY (IMO 9041837): ","Panama","Chemical Tanker","2006-12-11 22:00","","Marine casualty","2° 07.50' N 81° 25.10' E","Open Sea","Open sea","0",""
"C0006850","1","PICTON CASTLE (IMO 5375010)","PICTON CASTLE (IMO 5375010): ","Cook Islands","","2006-12-08 22:35","","Very serious marine casualty","38° 47.00' N 60° 33.50' W","North Atlantic Ocean","","2","Canada; Canada"
"C0006040","1","MICHEL (IMO 5400279)","MICHEL (IMO 5400279): ","United Kingdom","Fish Catching","2006-12-08 04:55","","Marine casualty","","saturraran beach, Biscay","","0",""
"C0006633","1","SEA HONESTY (IMO 9142100)","SEA HONESTY (IMO 9142100): ","Panama","Bulk Dry","2006-12-07 00:00","","Marine casualty","54° 47.80' N 174° 37.50' W","INTERNATIONAL WATERS","","0",""
"C0006048","1","SAKURAKAWA (IMO 8519514)","SAKURAKAWA (IMO 8519514): ","Cambodia","General Cargo","2006-12-06 23:03","","Marine casualty","","Off Izu O-Shima Island, Japan","","0",""
"C0006047","1","OUTSAILING 5 (IMO 9376438)","OUTSAILING 5 (IMO 9376438): ","Panama","General Cargo","2006-12-06 11:50","","Marine casualty","","Off Mogusa Fishing port, Matsumae Cho, Hokkaido Prefecture, Japan","Coastal waters","0",""
"C0007560","1","MIGHTY SERVANT 3 (IMO 8130899)","MIGHTY SERVANT 3 (IMO 8130899): ","Netherlands (Kingdom of)","Other Dry Cargo","2006-12-06 07:30","","Marine casualty","8° 42.00' S 13° 02.00' E","Off Luanda","","0",""
"C0006244","2","FRANCESCO GANCITANO, ROYAL COOLER (IMO 7815088)","FRANCESCO GANCITANO: , ROYAL COOLER (IMO 7815088): ","Unknown, Saint Vincent and the Grenadines",", Refrigerated Cargo","2006-12-06 07:15","","Very serious marine casualty","37° 10.00' N 11° 20.00' E","15 MILES OFF CAPE BON (TUNIS)","Open sea","0",""
"C0007223","1","STATENDAM (IMO 8919245)","STATENDAM (IMO 8919245): ","Netherlands (Kingdom of)","Passenger","2006-12-06 07:00","","Marine casualty","","Melbourne Approach","Port approach","0",""
"C0005999","1","HERTFORD (IMO 9162617)","HERTFORD (IMO 9162617): ","United Kingdom","","2006-12-05 05:15","","Marine casualty","54° 02.18' N 5° 04.78' E","Off Den Helder","Coastal waters","0",""
"C0006647","1","GOODWILL (IMO 9037745)","GOODWILL (IMO 9037745): ","Panama","Bulk Dry","2006-12-04 16:00","","Marine casualty","","WEST COAST OF AFRICAI","","0",""
"C0006006","1","NORTHUMBERLAND (IMO 8813075)","NORTHUMBERLAND (IMO 8813075): ","United Kingdom","","2006-12-04 15:55","","Marine casualty","","Ravenna, Italy","","0",""
"C0007205","1","EASTERN PARIS 1 (IMO 8992041)","EASTERN PARIS 1 (IMO 8992041): ","Tuvalu","","2006-12-04 08:25","","Marine casualty","36° 59.28' N 126° 43.24' E","at Pier No.33 of the Songak Warf of the port of Pyeongtaek-Dangjin","","1","Republic of Korea"
"C0005998","1","GRAMPIAN GUARDIAN (IMO 8002200)","GRAMPIAN GUARDIAN (IMO 8002200): ","United Kingdom","","2006-12-04 04:00","","Marine casualty","59° 42.00' N 1° 40.00' E","91 miles East of Sumburgh Head","Open sea","0",""
"C0005991","1","EREN C (IMO 9344734)","EREN C (IMO 9344734): ","Panama","General Cargo","2006-12-03 21:47","","Marine casualty","41° 31.00' N 29° 11.00' E","BOSPHORUS STRAIT","","0",""
"C0005969","1","DISCOVERY (IMO 5090660)","DISCOVERY (IMO 5090660): ","United Kingdom","","2006-12-02 02:17","","Marine incident","57° 04.50' N 6° 17.00' W","North Sea","Anchorage","0",""
"C0006676","1","RUBIN PEARL (IMO 9104158)","RUBIN PEARL (IMO 9104158): ","Vanuatu","","2006-12-01 11:00","","Very serious marine casualty","50° 57.50' N 166° 46.40' E","300 MILES TO THE EASTWARD OF CAPE LOPATKA ","","1","Vanuatu"
"C0007221","1","NAUTILUS (IMO 9116981)","NAUTILUS (IMO 9116981): ","Netherlands (Kingdom of)","Dredging","2006-11-30 15:00","","Very serious marine casualty","","Congo Brazzaville","River","0",""
"C0006468","1","OCEAN SERAYA (IMO 9233375)","OCEAN SERAYA (IMO 9233375): ","Panama","Bulk Dry / Oil","2006-11-30 06:00","","Very serious marine casualty","14° 49.20' N 74° 03.80' E","OFF KARWAR, INDIA","","0",""
"C0006014","2","SHOSEI MARU, TRUST BUSAN (IMO 9167679)","SHOSEI MARU: , TRUST BUSAN (IMO 9167679): ","Japan, Republic of Korea","Oil Tanker, General Cargo","2006-11-28 17:45","","Very serious marine casualty","","In Seto Naikai off Toyoshima, Kagawa Prefecture, Japan","Coastal waters","1","Japan"
"C0006576","1","PORT ALICE (IMO 9311402)","PORT ALICE (IMO 9311402): ","Panama","Bulk Dry","2006-11-28 06:47","","Marine casualty","","Brisbane Pilot Station","Coastal waters","0",""
"C0006007","1","NUEVA FORTUNA (IMO 9228112)","NUEVA FORTUNA (IMO 9228112): ","Greece","","2006-11-28 04:00","","Marine casualty","","RIO PARANA , KM 390.4","River","0",""
"C0006013","1","YORYU MARU (IMO 9078622)","YORYU MARU (IMO 9078622): ","Japan","Oil Tanker","2006-11-27 22:40","","Marine casualty","","Off Kunisaki-cho, Toba-city, Mie Prefecture, Japan","","0",""
"C0006634","1","ROSELLA (IMO 9288552)","ROSELLA (IMO 9288552): ","Panama","Bulk Dry","2006-11-27 00:00","","Marine casualty","","DELTA DOCK TERMINAL WHARF, RIO LA PLATA","","0",""
"C0006044","1","FRIGGA (IMO 9175250)","FRIGGA (IMO 9175250): ","Denmark","","2006-11-25 03:01","","Marine casualty","","Little Belt","","0",""
"C0005971","1","OTILIA (IMO 8813697)","OTILIA (IMO 8813697): ","DIS (Denmark)","","2006-11-24 10:30","","Marine incident","","Port of Rotterdam","Inland waters","0",""
"C0006262","1","HYUNDAI PRIMORSKIY (IMO 8511445)","HYUNDAI PRIMORSKIY (IMO 8511445): ","Panama","Container","2006-11-24 02:10","","Marine casualty","35° 05.10' N 129° 06.30' E","BUSAN, KOREA","Port approach","0",""
"C0006637","1","NIKKEI PHOENIX (IMO 9233430)","NIKKEI PHOENIX (IMO 9233430): ","Panama","Bulk Dry","2006-11-24 00:00","","Very serious marine casualty","23° 42.60' N 86° 24.90' W","INTERNATIONAL WATERS","","0",""
"C0006654","2","LIBERTY V, PRINCESS AVIV (IMO 7529366)","LIBERTY V: , PRINCESS AVIV (IMO 7529366): ","Unknown, Panama",", General Cargo","2006-11-22 18:16","","Marine casualty","9° 22.00' N 79° 55.00' W","DELTA ANCHORAGE, CRISTOBAL. PMA","","0",""
"C0006652","1","ZOSCO ZHOUSHAN (IMO 9075656)","ZOSCO ZHOUSHAN (IMO 9075656): ","Panama","Bulk Dry / Oil","2006-11-22 04:02","","Marine casualty","51° 20.90' N 2° 18.80' E","FRANCIA","","0",""
"C0007207","1","WIDE FORCE","WIDE FORCE: ","Unknown","","2006-11-18 19:40","","Marine casualty","33° 55.25' N 130° 56.00' E","At the Kanmon Route of Japan","","1","Republic of Korea"
"C0006012","2","GUO TONG (IMO 8410615), TAIKEI MARU NO.68","GUO TONG (IMO 8410615): , TAIKEI MARU NO.68: ","Cambodia, Japan","General Cargo, Fish Catching","2006-11-17 20:45","","Very serious marine casualty","","Off Funa Island in Kanmon Straight, Yamaguchi Prefecture, Japan","Port","1","Japan"
"C0006629","2","MSC JILHAN (IMO 8502717), REMO (IMO 7419365)","MSC JILHAN (IMO 8502717): , REMO (IMO 7419365): ","Panama, NIS (Norway)","Container, ","2006-11-17 18:04","","Marine casualty","54° 35.60' N 10° 57.20' E","FEHMARN ISLAND","","0",""
"C0006358","2","GUI HE YU 80063, HAI NAM 36 (IMO 9024463)","GUI HE YU 80063: , HAI NAM 36 (IMO 9024463): ","Unknown, Viet Nam",", ","2006-11-16 20:00","","Very serious marine casualty","21° 16.00' N 108° 55.00' E","South China Sea","Open sea","0",""
"C0006073","1","SAGA SPRAY (IMO 9014078)","SAGA SPRAY (IMO 9014078): ","Hong Kong, China","Bulk Dry","2006-11-16 08:00","","Very serious marine casualty","56° 01.70' N 12° 41.60' W","Helsingborg, Sweden","Port","3","Hong Kong, China; Sweden; Sweden"
"C0005953","1","KRONPRINS FREDERIK (IMO 7803205)","KRONPRINS FREDERIK (IMO 7803205): ","DIS (Denmark)","Passenger/Ro-Ro Cargo","2006-11-15 21:20","","Marine incident","","Rostock ","","0",""
"C0006885","1","FU YANG (IMO 7916363)","FU YANG (IMO 7916363): ","Panama","","2006-11-15 06:07","","Very serious marine casualty","","Port of Kandla","At berth","0",""
"C0006288","2","BIANCO BULKER (IMO 9228992), NING YANG HANG 13","BIANCO BULKER (IMO 9228992): , NING YANG HANG 13: ","Panama, Unknown",", ","2006-11-14 16:12","","Marine casualty","32° 04.00' N 119° 55.00' E","Chang Jiang River in China","River","0",""
"C0006158","1","JACARANDA (IMO 9187722)","JACARANDA (IMO 9187722): ","Panama","Bulk Dry","2006-11-13 10:15","","Marine casualty","34° 27.28' N 135° 03.15' E","AWAJI","Inland waters","0",""
"C0005973","1","JACARANDA (IMO 9187722)","JACARANDA (IMO 9187722): ","Panama","Bulk Dry","2006-11-13 10:15","","Marine incident","34° 33.00' N 134° 43.50' E","Island Waters","","0",""
"C0006550","1","SEA VETERAN (IMO 7920039)","SEA VETERAN (IMO 7920039): ","Panama","Bulk Dry","2006-11-11 13:32","","Marine casualty","44° 50.00' N 75° 18.00' W","Iroquois Lock","","0",""
"C0006813","1","FR8 VENTURE (IMO 9329758)","FR8 VENTURE (IMO 9329758): ","Singapore","","2006-11-11 12:20","","Very serious marine casualty","58° 45.10' N 3° 11.01' W","near west pilot station for Scapa Flow, Orkney Islands","","1","United Kingdom"
"C0006020","1","MAERSK DELFT (IMO 9293088)","MAERSK DELFT (IMO 9293088): ","United Kingdom","Passenger/Ro-Ro Cargo","2006-11-11 06:59","","Marine casualty","","Dunkerque","Port","0",""
"C0006595","1","L'ASTROLABE (IMO 8418198)","L'ASTROLABE (IMO 8418198): ","French Antarctic Territory (France)","","2006-11-11 05:30","","Marine incident","","Southern Ocean, south of Hobart, Tasmania","","2","Australia; Australia"
"C0006350","2","WULANSARI (IMO 9058684), ZHE PU YU 42263","WULANSARI (IMO 9058684): , ZHE PU YU 42263: ","Singapore, Unknown",", ","2006-11-10 03:30","","Very serious marine casualty","30° 29.00' N 123° 01.00' E","East China Sea","Coastal waters","1","Singapore"
"C0006907","1","HOHEWEG (IMO 7349481)","HOHEWEG (IMO 7349481): ","Germany","","2006-11-08 20:44","","Very serious marine casualty","53° 55.46' N 8° 02.47' E","River Weser, on the Nordergründe at buoy A6","River","1","Germany"
"C0005994","1","PERTH (IMO 9162605)","PERTH (IMO 9162605): ","United Kingdom","Container","2006-11-08 14:00","","Marine casualty","38° 25.60' N 26° 54.70' E","Izmir, Turkey","Port approach","0",""
"C0006011","1","MARINA ACE (IMO 8610526)","MARINA ACE (IMO 8610526): ","Panama","Ro-Ro Cargo","2006-11-07 00:45","","Marine casualty","","In Kasado Bay, Kudamatsu City, Yamaguchi Prefecture, Japan","","0",""
"C0007558","2","JACOB SENIOR (IMO 8605399), V O S REBEL (IMO 7235692)","JACOB SENIOR (IMO 8605399): , V O S REBEL (IMO 7235692): ","Netherlands (Kingdom of), Liberia","Fish Catching, Offshore Supply","2006-11-06 23:15","","Marine casualty","53° 23.00' N 3° 21.00' E","North Sea","","0",""
"C0006163","1","ROSELLA (IMO 9288552)","ROSELLA (IMO 9288552): ","Panama","Other Bulk Dry","2006-11-06 22:36","","Marine casualty","33° 21.19' S 55° 58.49' W","PARANA RIVER","River","0",""
"C0006071","1","FINNBIRCH (IMO 7528609)","FINNBIRCH (IMO 7528609): ","Sweden","Ro-Ro Cargo","2006-11-01 15:39","","Very serious marine casualty","57° 01.00' N 17° 32.00' E","Baltic Sea","Open sea","2","Sweden; Sweden"
"C0007153","1","CAPE FIN-TOSE (IMO 8807923)","CAPE FIN-TOSE (IMO 8807923): ","Canada","","2006-11-01 08:00","","Very serious marine casualty","","About 2.4 nautical miles notheast of King's point, N.L.","","1","Unknown"
"C0007161","1","BOYNE HARVESTER","BOYNE HARVESTER: ","Unknown","Fish Catching","2006-11-01 00:00","","Very serious marine casualty","","Off Credan Head in the Waterford Estuary ","","1","Unknown"
"C0006700","1","YOHJIN (IMO 8300468)","YOHJIN (IMO 8300468): ","Panama","Ro-Ro Cargo","2006-10-31 11:49","","Marine casualty","","Kiel Canal/Holtenau lock ","","0",""
"C0005966","2","EBISU MARU, SEIL SUN (IMO 8420165)","EBISU MARU: , SEIL SUN (IMO 8420165): ","Japan, Republic of Korea","Fish Catching, Chemical Tanker","2006-10-31 00:00","","Very serious marine casualty","","About 2 km from He Saki Lighthouse, Fukuoka Prefecture, Japan","Coastal waters","1","Japan"
"C0007248","1","OTM 3072","OTM 3072: ","Canada","","2006-10-29 00:45","","Very serious marine casualty","47° 53.99' N 64° 49.43' W","Off Bas-Caraquet, New Brunswick","","1","Canada"
"C0006628","1","WAVE BULKER (IMO 9076399)","WAVE BULKER (IMO 9076399): ","Panama","Bulk Dry","2006-10-28 02:01","","Very serious marine casualty","23° 01.50' N 124° 10.30' W","NORTH PACIFIC OCEAN","","0",""
"C0005965","1","KOREAN EXPRESS (IMO 9034688)","KOREAN EXPRESS (IMO 9034688): ","Republic of Korea","Container","2006-10-27 23:50","","Marine casualty","","Near Bisan Seto in the Inland Sea, Japan","Coastal waters","0",""
"C0007158","1","BELUGA STIMULATION (IMO 9299513)","BELUGA STIMULATION (IMO 9299513): ","Germany","","2006-10-27 08:20","","Marine incident","53° 55.00' N 7° 37.80' E","German Bight","Open sea","1","Unknown"
"C0007614","2","HEIDELBERG EXPRESS (IMO 8711370), YEROTSAKOS (IMO 9061576)","HEIDELBERG EXPRESS (IMO 8711370): , YEROTSAKOS (IMO 9061576): ","Germany, Liberia",", ","2006-10-26 06:19","","Marine casualty","","Mississippi River, New Orleans","River","0",""
"C0007607","1","PETROKREPOST (IMO 9174672)","PETROKREPOST (IMO 9174672): ","Liberia","","2006-10-26 00:00","","Marine casualty","","St. Charles, Louisiana, USA","At berth","0",""
"C0006122","2","EROS, VISTEN (IMO 8819732)","EROS: , VISTEN (IMO 8819732): ","Sweden, Netherlands (Kingdom of)","Fish Catching, Oil Tanker","2006-10-25 16:54","","Marine casualty","55° 54.47' N 15° 26.76' W","Baltic Sea","Coastal waters","1","Sweden"
"C0006190","2","EVER GAIN (IMO 8209092), XIN LIAN YUN GANG (IMO 9234355)","EVER GAIN (IMO 8209092): , XIN LIAN YUN GANG (IMO 9234355): ","Panama, China","General Cargo, ","2006-10-25 05:29","","Very serious marine casualty","26° 53.15' N 121° 26.60' E","FUNJIAN PROVINCE- CHINA SEA AREA","","1","Panama"
"C0005964","1","ELLIDA ACE (IMO 9134220)","ELLIDA ACE (IMO 9134220): ","Panama","Bulk Dry","2006-10-24 20:00","","Marine casualty","","At Kashima Port, Ibaraki Prefecture, Japan","Port","0",""
"C0005967","1","LOCH DUNVEGAN (IMO 9006409)","LOCH DUNVEGAN (IMO 9006409): ","United Kingdom","Passenger/Ro-Ro Cargo","2006-10-24 18:45","","Marine casualty","55° 55.30' N 5° 09.40' W","Scotland","Inland waters","0",""
"C0005963","1","OCEAN VICTORY (IMO 9339193)","OCEAN VICTORY (IMO 9339193): ","Hong Kong, China","Bulk Dry","2006-10-24 15:20","","Marine casualty","","At Kashima Port, Ibaraki Prefecture, Japan","Port","1","Japan"
"C0007363","1","ROKIA DELMAS (IMO 8315190)","ROKIA DELMAS (IMO 8315190): ","Panama","","2006-10-24 05:35","","Very serious marine casualty","40° 09.80' N 1° 24.80' W","South of Ile de Re","","1","Unknown"
"C0007190","1","AFRICAN HAWK (IMO 9284362)","AFRICAN HAWK (IMO 9284362): ","Bahamas","","2006-10-23 17:30","","Marine incident","56° 09.40' N 10° 16.50' E","Approach to Aarhus, Denmark","Port approach","0",""
"C0006157","2","FRIO CANARIAS (IMO 8502432), SARONIC BAY (IMO 9175274)","FRIO CANARIAS (IMO 8502432): , SARONIC BAY (IMO 9175274): ","Panama, Panama","Refrigerated Cargo, ","2006-10-22 11:45","","Marine casualty","43° 31.60' S 56° 47.70' W","295 NM CABO PUNTA RASA","Open sea","0",""
"C0006141","1","GRUS (IMO 8000458)","GRUS (IMO 8000458): ","Panama","Ro-Ro Cargo","2006-10-18 12:30","","Marine casualty","9° 20.00' N 86° 05.00' W","about 42 miles off Costa Rica Cost","Open sea","1","Panama"
"C0006087","1","ROKO (IMO 8205307)","ROKO (IMO 8205307): ","Bahamas","Refrigerated Cargo","2006-10-17 23:00","","Very serious marine casualty","22° 54.10' S 43° 08.96' W","port of Rio de Janeiro","Port approach","0",""
"C0006815","1","ENNERDALE (IMO 9151448)","ENNERDALE (IMO 9151448): ","Hong Kong, China","","2006-10-17 21:42","","Marine casualty","","Fawley Marine Terminal, alongside No.2 berth","","1","United Kingdom"
"C0005906","1","QUETZALCOATL (IMO 7531321)","QUETZALCOATL (IMO 7531321): ","Mexico","Oil Tanker","2006-10-17 13:20","","Very serious marine casualty","","Port of Coatzacoalcos, Gulf of Mexico","","1","Mexico"
"C0006492","2","TORM ANHOLT (IMO 9300556), ZAGORA (IMO 9235878)","TORM ANHOLT (IMO 9300556): , ZAGORA (IMO 9235878): ","Singapore, Greece","Bulk Dry, ","2006-10-16 14:55","","Marine casualty","","KENNER BEND ANCHORAGE, MILE 114, MISSISSIPPI RIVER","","0",""
"C0005962","2","FUKUYOSHI MARU NO.11, SUNRISE BEGONIA (IMO 9078103)","FUKUYOSHI MARU NO.11: , SUNRISE BEGONIA (IMO 9078103): ","Japan, Panama","General Cargo, Chemical Tanker","2006-10-16 01:30","","Marine casualty","","Off Suzaki, Shimoda City, Sizuoka Prefecture, Japan","","0",""
"C0006184","1","VAGABOND (IMO 7367380)","VAGABOND (IMO 7367380): ","Panama","Ro-Ro Cargo","2006-10-15 23:45","","Marine casualty","18° 24.20' N 64° 27.70' W","VIRGIN ISLAND","Inland waters","1","Panama"
"C0006632","1","SHOHO (IMO 9104471)","SHOHO (IMO 9104471): ","Panama","Bulk Dry","2006-10-15 00:00","","Very serious marine casualty","4° 02.00' N 123° 45.00' E","INTERNATIONAL WATERS","","0",""
"C0007150","1","SENECA (IMO 8200486)","SENECA (IMO 8200486): ","Malta","","2006-10-13 07:32","","Marine incident","","Oshawa, Ontario","","1","Canada"
"C0006410","2","KUNIHIDE MARU NO.3, OCEAN GLORY (IMO 8308006)","KUNIHIDE MARU NO.3: , OCEAN GLORY (IMO 8308006): ","Japan, Republic of Korea","Fish Catching, General Cargo","2006-10-13 01:33","","Very serious marine casualty","33° 54.90' N 131° 05.60' E","Off south-east of He Saki, Fukuoka Prefecture, Japan","Coastal waters","1","Japan"
"C0005916","1","NEW NIKKI (IMO 9114464)","NEW NIKKI (IMO 9114464): ","Panama","Bulk Dry","2006-10-12 23:02","","Marine casualty","","ALEXANDRIA","","0",""
"C0006218","1","OLYMPIAN HIGHWAY (IMO 9082324)","OLYMPIAN HIGHWAY (IMO 9082324): ","Panama","Ro-Ro Cargo","2006-10-11 06:00","","Marine casualty","29° 17.36' N 94° 54.07' W","GALVESTON HARBOUR","At berth","0",""
"C0006060","1","GUNSUL","GUNSUL: ","Republic of Korea","Oil Tanker","2006-10-09 11:15","","Very serious marine casualty","34° 25.12' N 128° 20.10' E","Southern Coastal area of Korea","","1","Republic of Korea"
"C0005894","1","QUEEN MARY 2 (IMO 9241061)","QUEEN MARY 2 (IMO 9241061): ","United Kingdom","Passenger","2006-10-08 02:00","","Marine incident","43° 09.30' N 65° 49.10' W","At sea","Open sea","0",""
"C0005921","1","OCEAN VILLAGE (IMO 8611398)","OCEAN VILLAGE (IMO 8611398): ","United Kingdom","Passenger / General Cargo","2006-10-07 19:50","","Marine casualty","43° 31.30' N 10° 01.30' W","Bay of Biscay","Open sea","0",""
"C0005961","1","GIANT STEP (IMO 8309282)","GIANT STEP (IMO 8309282): ","Panama","Bulk Dry","2006-10-06 17:20","","Very serious marine casualty","","Off Kamisu, Ibaraki Prefecture, Japan","Anchorage","3","Japan; Japan; Panama"
"C0005914","1","NEW VENTURE (IMO 7354319)","NEW VENTURE (IMO 7354319): ","Panama","Container","2006-10-06 09:45","","Marine casualty","","PORT OF GALVESTON","","0",""
"C0006320","1","SINOKOR MASAN (IMO 8213562)","SINOKOR MASAN (IMO 8213562): ","Republic of Korea","","2006-10-05 09:10","","Marine casualty","37° 28.00' N 122° 15.00' E","Yellow Sea","Port approach","0",""
"C0007148","1","MINERAL LIBIN (IMO 9340726)","MINERAL LIBIN (IMO 9340726): ","Belgium","","2006-10-05 02:30","","Very serious marine casualty","","between SWS Shanghai, China and the Port of Richards Bay, South Africa","","1","Belgium"
"C0005910","1","FORTH FISHER (IMO 9118159)","FORTH FISHER (IMO 9118159): ","United Kingdom","Oil Tanker","2006-10-04 23:30","","Marine casualty","52° 03.00' N 5° 26.00' W","Saint Georges Channel, Southern Irish Sea","Coastal waters","0",""
"C0005950","1","ALANYA (IMO 8302179)","ALANYA (IMO 8302179): ","United Kingdom","Bulk Dry","2006-10-04 06:30","","Very serious marine casualty","38° 24.00' N 19° 33.00' E","Mediterranean","Open sea","1","United Kingdom"
"C0006222","1","NAPARIMA (IMO 9136694)","NAPARIMA (IMO 9136694): ","Panama","Chemical Tanker","2006-10-04 02:35","","Marine incident","40° 51.00' N 65° 55.40' W","ATLANTIC OCEAN","Open sea","0",""
"C0006177","2","PEACH MOUNTAIN (IMO 9110494), UNI-PREMIER (IMO 9202223)","PEACH MOUNTAIN (IMO 9110494): , UNI-PREMIER (IMO 9202223): ","Hong Kong, China, Panama",", Container","2006-10-02 23:39","","Marine casualty","6° 57.90' S 112° 42.50' E","SURABAYA","Inland waters","1","Indonesia"
"C0007152","1","PETITE FORTE (IMO 6826119)","PETITE FORTE (IMO 6826119): ","Canada","","2006-10-02 06:15","","Marine incident","","Lock 4, Welland Canal St. Cathrines, Ontario","","1","Unknown"
"C0006806","1","MAERSK DOHA (IMO 9103685)","MAERSK DOHA (IMO 9103685): ","United Kingdom","","2006-10-02 02:30","","Marine casualty","36° 57.66' N 76° 03.62' W","2 miles NW from Cape Henry, Chesapeake Bay","","1","United Kingdom"
"C0005955","1","ORAHOPE (IMO 9226566)","ORAHOPE (IMO 9226566): ","DIS (Denmark)","Chemical Tanker","2006-09-30 22:00","","Marine casualty","51° 25.00' N 8° 45.00' W","Irish Sea","Open sea","0",""
"C0006178","1","VOUTAKOS (IMO 8518015)","VOUTAKOS (IMO 8518015): ","Panama","Bulk Dry","2006-09-29 15:30","","Marine casualty","48° 17.00' N 7° 58.00' W","AT OPEN SEA","Open sea","0",""
"C0006004","2","GENKI STAR (IMO 9370575), HAI GONG 403 (IMO 8429771)","GENKI STAR (IMO 9370575): , HAI GONG 403 (IMO 8429771): ","Panama, China","Oil Tanker, Non-ship structures","2006-09-27 17:33","","Marine casualty","31° 23.80' N 121° 34.10' E","YANGSI RIVER","","0",""
"C0006817","1","THOMSON CELEBRATION (IMO 8027298)","THOMSON CELEBRATION (IMO 8027298): ","Unknown","Passenger","2006-09-26 17:15","","Very serious marine casualty","","St Peter Port, Guernsey","","1","United Kingdom"
"C0005898","1","UAL ANTWERP (IMO 9321108)","UAL ANTWERP (IMO 9321108): ","United Kingdom","General Cargo","2006-09-26 12:24","","Marine incident","31° 38.40' S 32° 43.80' E","South African Coast, Indian Ocean","","0",""
"C0006559","1","KENT MARINER (IMO 7403691)","KENT MARINER (IMO 7403691): ","Panama","General Cargo","2006-09-26 11:50","","Marine incident","","SUMMERSIDE PORT","","0",""
"C0005933","1","MIRAMAR (IMO 9136204)","MIRAMAR (IMO 9136204): ","Gibraltar (United Kingdom)","","2006-09-25 23:54","","Marine casualty","65° 23.25' N 22° 20.03' E","Luleå, Sweden","Port approach","0",""
"C0006315","1","CONTI JORK (IMO 8908181)","CONTI JORK (IMO 8908181): ","Germany","","2006-09-25 09:25","","Marine casualty","38° 57.00' N 117° 48.00' E","Tian Jin Port in China","Port","0",""
"C0006316","1","HYUNDAI INDEPENDENCE (IMO 9110377)","HYUNDAI INDEPENDENCE (IMO 9110377): ","United Kingdom","","2006-09-25 09:22","","Very serious marine casualty","29° 56.00' N 122° 16.00' E","East Sea","At berth","1","United Kingdom"
"C0005974","2","ADINESIA (IMO 9339935), BLUE LEO (IMO 9168752)","ADINESIA (IMO 9339935): , BLUE LEO (IMO 9168752): ","Panama, Panama","General Cargo, ","2006-09-25 09:15","","Marine casualty","5° 38.12' S 151° 56.20' E","Port of Tokai","","0",""
"C0006767","1","SEAROAD MERSEY (IMO 8914831)","SEAROAD MERSEY (IMO 8914831): ","Australia","Ro-Ro Cargo","2006-09-22 15:40","","Marine casualty","37° 52.00' S 144° 54.00' E","Webb Dock, Melbourne","At berth","1","Australia"
"C0005976","1","ARION (IMO 8218407)","ARION (IMO 8218407): ","Panama","General Cargo","2006-09-22 11:40","","Marine casualty","21° 42.00' N 17° 27.00' W","WEST AFRICA","Open sea","0",""
"C0006283","1","ANANGEL DESTINY (IMO 9179593)","ANANGEL DESTINY (IMO 9179593): ","Greece","","2006-09-22 10:40","","Marine casualty","39° 39.00' N 121° 01.00' E","Bo Hai Bay","Inland waters","0",""
"C0006580","1","GINGA FALCON (IMO 9123386)","GINGA FALCON (IMO 9123386): ","Panama","Chemical Tanker","2006-09-22 09:30","","Marine casualty","","Batangas Bay Terminal","Port","0",""
"C0005934","1","ARINA (IMO 8806163)","ARINA (IMO 8806163): ","Lithuania","General Cargo","2006-09-22 03:00","","Marine casualty","60° 16.38' N 18° 54.70' E","Baltic Sea","Coastal waters","0",""
"C0005922","1","AMAZONAS (IMO 8706789)","AMAZONAS (IMO 8706789): ","United Kingdom","Refrigerated Cargo","2006-09-20 12:55","","Marine casualty","34° 16.20' S 17° 20.40' W","South Atlantic","Open sea","0",""
"C0006644","1","LOTUS BLOSSOM (IMO 9291119)","LOTUS BLOSSOM (IMO 9291119): ","Panama","Bulk Dry","2006-09-19 00:18","","Marine incident","","MILE 113 LOWER MISSISSIPPI RIVER","","0",""
"C0006234","3","AAA FUEL, AAA UFULI, OCEAN RULER (IMO 8408600)","AAA FUEL: , AAA UFULI: , OCEAN RULER (IMO 8408600): ","Unknown, Maldives, Maldives","Oil Tanker, Ro-Ro Cargo, General Cargo","2006-09-17 21:10","","Very serious marine casualty","","In Saiki Bay, Oita Prefecture, Japan","Anchorage","1","Japan"
"C0005960","1","HANG LIM QUEEN (IMO 8823800)","HANG LIM QUEEN (IMO 8823800): ","Republic of Korea","General Cargo","2006-09-17 19:50","","Marine casualty","","Off Hesaki Lighthouse, Fukuoka Prefecture, Japan","","0",""
"C0006909","1","LANNIE & SISTERS II","LANNIE & SISTERS II: ","Canada","Fish Catching","2006-09-17 12:00","","Very serious marine casualty","49° 50.70' N 55° 16.00' W","Notre Dame Bay, Newfoundland and Labrador","Coastal waters","1","Canada"
"C0006285","2","ASIAN EXCELSIOR (IMO 9118329), RUI AN 22","ASIAN EXCELSIOR (IMO 9118329): , RUI AN 22: ","Singapore, Unknown",", ","2006-09-16 23:53","","Very serious marine casualty","21° 23.00' N 108° 21.00' E","Fangcheng Port in China","Port approach","1","Singapore"
"C0006383","1","TASMAN TRADER (IMO 8918241)","TASMAN TRADER (IMO 8918241): ","Marshall Islands","","2006-09-15 17:45","","Marine incident","","Wellington harbour","","2","New Zealand; New Zealand"
"C0006129","1","SC BALTIC (IMO 7393793)","SC BALTIC (IMO 7393793): ","DIS (Denmark)","General Cargo","2006-09-14 20:40","","Marine casualty","63° 43.10' N 11° 09.00' E","Trondheim","At berth","1","Denmark"
"C0006830","1","KEW BRIDGE (IMO 8111867)","KEW BRIDGE (IMO 8111867): ","Saint Vincent and the Grenadines","","2006-09-14 17:55","","Marine casualty","","Pawas Bay, (port in Maharashtra, India","","0",""
"C0007173","1","SIAN ELIZABETH","SIAN ELIZABETH: ","United Kingdom","Fish Catching","2006-09-14 14:00","","Marine incident","52° 53.80' N 0° 25.30' E","5 miles north of Kings Lynn","","1","Unknown"
"C0006901","1","QUEEN MARY 2 (IMO 9241061)","QUEEN MARY 2 (IMO 9241061): ","United Kingdom","","2006-09-14 09:15","","Very serious marine casualty","","Vigo, Spain","","1","United Kingdom"
"C0006001","1","FRIO PACIFIC (IMO 8324244)","FRIO PACIFIC (IMO 8324244): ","Panama","General Cargo","2006-09-13 19:15","","Marine casualty","29° 43.87' N 89° 28.01' W","Mississippi River Gulf Outlet Canal","","0",""
"C0006164","1","SALAR (IMO 8986860)","SALAR (IMO 8986860): ","Panama","Towing / Pushing","2006-09-13 08:00","","Very serious marine casualty","25° 24.20' N 55° 27.20' E","AJMAN, PORT","At berth","0",""
"C0006716","1","CRECIENTE (IMO 8815463)","CRECIENTE (IMO 8815463): ","Hong Kong, China","Bulk Dry","2006-09-12 02:45","","Marine casualty","20° 18.50' S 134° 30.00' E","Port Hedland","At berth","1","Australia"
"C0006231","1","SHIN CO-OP MARU (IMO 8609840)","SHIN CO-OP MARU (IMO 8609840): ","Panama","Other Liquids","2006-09-11 17:50","","Marine casualty","21° 00.00' S 132° 28.00' W","SOUTH PACIFIC OCEAN","Open sea","0",""
"C0006077","1","ALIKI L (IMO 8323941)","ALIKI L (IMO 8323941): ","Malta","Bulk Dry / Oil","2006-09-11 09:15","","Marine casualty","22° 15.75' N 91° 43.91' E","Chittagong anchorage","Anchorage","0",""
"C0005878","2","MERCANDIA IV (IMO 8611685), SUNDBUSS PERNILLE (IMO 8010532)","MERCANDIA IV (IMO 8611685): , SUNDBUSS PERNILLE (IMO 8010532): ","Denmark, Sweden","Passenger/Ro-Ro Cargo, Passenger","2006-09-11 06:20","","Marine incident","56° 02.20' N 12° 37.40' E","Ther Sound","Port approach","1","Denmark"
"C0005981","1","BALSA 59 (IMO 9163142)","BALSA 59 (IMO 9163142): ","Panama","General Cargo","2006-09-10 23:48","","Marine incident","46° 03.14' N 73° 08.15' W","SOREL ANCHORAGE, ST LAWRENCE RIVER","","0",""
"C0006176","1","TRANS FUTURE 7 (IMO 9326093)","TRANS FUTURE 7 (IMO 9326093): ","Panama","Ro-Ro Cargo","2006-09-10 06:30","","Very serious marine casualty","6° 19.40' N 148° 57.60' E","(NORTH PACIFIC OCEAN) INTERNACIONAL WATERS","Open sea","0",""
"C0006514","1","APL CHIWAN (IMO 9087946)","APL CHIWAN (IMO 9087946): ","Panama","Container","2006-09-10 06:30","","Marine incident","25° 22.40' N 55° 22.30' E","Sharjah Port","Port approach","0",""
"C0007145","1","GULIZAR ANA (IMO 9335355)","GULIZAR ANA (IMO 9335355): ","Türkiye","","2006-09-09 20:55","","Marine casualty","","Romanian Port of Galati","","1","Romania"
"C0006341","2","CAPITAL QUEEN (IMO 9120047), SHUI YANG JIANG 698","CAPITAL QUEEN (IMO 9120047): , SHUI YANG JIANG 698: ","Cyprus, Unknown",", ","2006-09-09 17:15","","Very serious marine casualty","31° 31.00' N 121° 20.00' E","Chang Jiang River","River","0",""
"C0006819","2","HANJIN CAIRO (IMO 9231743), KLENODEN (IMO 8917730)","HANJIN CAIRO (IMO 9231743): , KLENODEN (IMO 8917730): ","Germany, Finland","Container, ","2006-09-09 05:54","","Marine casualty","53° 31.60' N 9° 55.50' E","Hamburg, Waltershofer Hafen","At berth","1","Germany"
"C0006305","2","NIKOLAOS K (IMO 7926198), PENG HE (IMO 8103444)","NIKOLAOS K (IMO 7926198): , PENG HE (IMO 8103444): ","Marshall Islands, China","Bulk Dry, ","2006-09-08 18:28","","Marine casualty","","Guangzhou Port in China","","0",""
"C0006922","1","OCTOPUS","OCTOPUS: ","Unknown","","2006-09-08 17:55","","Marine casualty","","Strongsay Firth, Orkney Islands","","1","Unknown"
"C0005959","2","RED NACRE (IMO 9180798), SKY DUKE (IMO 9154751)","RED NACRE (IMO 9180798): , SKY DUKE (IMO 9154751): ","Singapore, Republic of Korea","Bulk Dry, Container","2006-09-08 11:43","","Marine casualty","","Kobe Port","Port","0",""
"C0006300","2","IRENE OLDENDORFF (IMO 9270907), LIANG ZHU","IRENE OLDENDORFF (IMO 9270907): , LIANG ZHU: ","Panama, Unknown",", ","2006-09-07 19:45","","Marine casualty","31° 05.00' N 122° 39.00' E","Chang Jiang River in China","Inland waters","0",""
"C0006323","1","DOLPHINA (IMO 8307959)","DOLPHINA (IMO 8307959): ","Panama","","2006-09-04 20:50","","Marine incident","","SHAN TOU PORT IN CHINA","","0",""
"C0005862","1","VELOS (IMO 8902216)","VELOS (IMO 8902216): ","Cyprus","Bulk Dry","2006-09-03 06:35","","Marine casualty","57° 30.00' N 9° 30.00' E","Northsea / Skagerrak ","Coastal waters","1","Denmark"
"C0007164","1","SAINT VINCENT (IMO 9122758)","SAINT VINCENT (IMO 9122758): ","New Caledonia (France)","","2006-09-02 17:00","","Very serious marine casualty","","Off Lifou, Îles de Loyauté en Nouvelle-Caledonie","","1","Unknown"
"C0006005","1","MORNING MIRACLE (IMO 9289908)","MORNING MIRACLE (IMO 9289908): ","United Kingdom","","2006-09-02 08:23","","Marine casualty","30° 15.60' N 32° 30.70' W","Suez Canal","Canal","0",""
"C0007191","1","ANL AUSTRALIA (IMO 8913681)","ANL AUSTRALIA (IMO 8913681): ","Bahamas","","2006-09-01 01:25","","Marine incident","24° 15.00' N 118° 11.50' E","24°15N  118°11.5E","Port approach","0",""
"C0006577","1","NAMA (IMO 7433206)","NAMA (IMO 7433206): ","Panama","General Cargo","2006-08-30 18:45","","Marine casualty","16° 43.31' N 82° 23.50' E","indian sea","","0",""
"C0006660","1","MASSIVE TIDE (IMO 8102531)","MASSIVE TIDE (IMO 8102531): ","Vanuatu","","2006-08-29 04:45","","Marine incident","20° 28.00' S 116° 33.70' E","Rosemary Island, Western Australia","Port","2","Australia; Australia"
"C0006186","1","ISLAND SEAL (IMO 7100718)","ISLAND SEAL (IMO 7100718): ","Panama","Ro-Ro Cargo","2006-08-25 17:30","","Very serious marine casualty","18° 22.10' N 64° 31.99' W","VIRGIN ISLAND","","1","Panama"
"C0006333","2","CSCL NINGBO (IMO 9227015), JIN HAI DA 18","CSCL NINGBO (IMO 9227015): , JIN HAI DA 18: ","Hong Kong, China, Unknown","Container, ","2006-08-23 23:15","","Very serious marine casualty","24° 10.00' N 118° 17.00' E","East China Sea","Coastal waters","2","China; Hong Kong, China"
"C0006357","2","CSCL NINGBO (IMO 9227015), JIN HAI DA 18","CSCL NINGBO (IMO 9227015): , JIN HAI DA 18: ","Hong Kong, China, China","Container, General Cargo","2006-08-23 23:15","","Very serious marine casualty","24° 10.50' N 118° 17.00' E","Taiwan Strait","Open sea","1","Hong Kong, China"
"C0007171","1","DELTA ST. PETERSBURG (IMO 9301093)","DELTA ST. PETERSBURG (IMO 9301093): ","Gibraltar (United Kingdom)","","2006-08-23 12:15","","Marine casualty","54° 00.00' N 8° 13.02' E","North of Elbe Buoy 1","River","1","Unknown"
"C0006002","2","GRANITNYY BEREG (IMO 7638167), KLOSTERTAL (IMO 8918710)","GRANITNYY BEREG (IMO 7638167): , KLOSTERTAL (IMO 8918710): ","Panama, Netherlands (Kingdom of)","Refrigerated Cargo, ","2006-08-22 12:39","","Marine casualty","59° 55.59' N 30° 17.70' E","PORT SANKT PETERSBURG","","0",""
"C0007204","1","HEUNG GOOK NO. 9","HEUNG GOOK NO. 9: ","Republic of Korea","Oil Tanker","2006-08-22 11:40","","Very serious marine casualty","37° 03.00' N 126° 23.14' E","At the  A-2 Roadstead of the port of Daesan","","1","Republic of Korea"
"C0006807","1","OUZO","OUZO: ","United Kingdom","","2006-08-21 01:15","","Very serious marine casualty","","South of the Isle of Wight","","1","United Kingdom"
"C0005881","1","STAR ISMENE (IMO 9182966)","STAR ISMENE (IMO 9182966): ","NIS (Norway)","General Cargo","2006-08-20 12:15","","Marine casualty","56° 02.00' N 10° 51.50' E","Kattegat, Denmark","Inland waters","1","Denmark"
"C0006314","1","CAPE KESTREL (IMO 9036014)","CAPE KESTREL (IMO 9036014): ","United Kingdom","","2006-08-16 08:52","","Marine casualty","29° 47.00' N 122° 15.00' E","","","0",""
"C0006216","1","KOSCIERZYNA (IMO 7725661)","KOSCIERZYNA (IMO 7725661): ","Panama","Bulk Dry","2006-08-15 18:45","","Marine casualty","53° 17.84' N 4° 24.40' E","INTERNATIONAL WATERS","","0",""
"C0006269","1","MIDAS (IMO 7426227)","MIDAS (IMO 7426227): ","Panama","Bulk Dry","2006-08-15 16:00","","Marine casualty","15° 06.00' N 71° 04.00' E","off port limit of karachi","","0",""
"C0006034","2","AMAR (IMO 7432903), BRIGHT ARTEMIS (IMO 9012252)","AMAR (IMO 7432903): , BRIGHT ARTEMIS (IMO 9012252): ","Singapore, Singapore",", ","2006-08-14 01:00","","Very serious marine casualty","","West of the Great Nicobar island in the Indian Ocean","","1","Singapore"
"C0006208","1","DILESI (IMO 9054614)","DILESI (IMO 9054614): ","Panama","Chemical Tanker","2006-08-13 10:00","","Very serious marine casualty","6° 26.46' N 3° 28.39' E","LAGOS, PORT","Anchorage","0",""
"C0006631","1","SPRING AUSTER (IMO 9318682)","SPRING AUSTER (IMO 9318682): ","Panama","Chemical Tanker","2006-08-12 03:45","","Very serious marine casualty","20° 56.90' N 128° 58.70' E","EAST CHINA SEA","","0",""
"C0006313","1","BITUMEN EXPRESS (IMO 8128913)","BITUMEN EXPRESS (IMO 8128913): ","Singapore","","2006-08-11 11:30","","Marine casualty","30° 32.00' N 121° 03.00' E","East Sea","Anchorage","0",""
"C0006033","1","SOLAR 1 (IMO 8818025)","SOLAR 1 (IMO 8818025): ","Philippines","Oil Tanker","2006-08-11 00:00","","Very serious marine casualty","10° 14.50' N 122° 26.00' W","Vicinity of Guimaras Strait about 16.5 NM off Guimaras Island, Philippines","Coastal waters","0",""
"C0005869","1","MIDLAND 2 (IMO 8728490)","MIDLAND 2 (IMO 8728490): ","Malta","General Cargo","2006-08-10 23:59","","Marine incident","50° 21.70' N 4° 08.10' W","Plymouth harbour","","0",""
"C0006904","1","ICE FLAKE (IMO 8615227)","ICE FLAKE (IMO 8615227): ","Cayman Islands (United Kingdom)","","2006-08-10 21:55","","Marine casualty","","from Maputo to Cape Town","","1","Unknown"
"C0006124","1","DAYANA (IMO 7214117)","DAYANA (IMO 7214117): ","Panama","Ro-Ro Cargo","2006-08-10 07:30","","Very serious marine casualty","12° 22.00' N 79° 28.20' E","San Andres","Open sea","1","Panama"
"C0006031","2","DEWI PARWATI (IMO 9238363), SHINFUTABA (IMO 8824268)","DEWI PARWATI (IMO 9238363): , SHINFUTABA (IMO 8824268): ","Panama, Japan",", ","2006-08-10 01:40","","Marine casualty","","20 km off Cape Irozaki, Shizuoka Prefecture","","0",""
"C0006624","1","FANTASY I (IMO 8007975)","FANTASY I (IMO 8007975): ","Panama","Oil Tanker","2006-08-08 17:57","","Marine casualty","","PARANA RIVER, SAN LORENZO","","0",""
"C0005858","2","ASIAN VISION (IMO 9122966), HAMBURG EXPRESS (IMO 8913772)","ASIAN VISION (IMO 9122966): , HAMBURG EXPRESS (IMO 8913772): ","Panama, DIS (Denmark)",", Container","2006-08-07 08:40","","Marine incident","51° 15.00' N 4° 20.00' E","Antwerp","Port approach","0",""
"C0007722","1","WESTWOOD ANETTE (IMO 8512982)","WESTWOOD ANETTE (IMO 8512982): ","Bahamas","","2006-08-04 14:25","","Marine casualty","","Squamish, British Columbia, Canada","","0",""
"C0005876","1","PLATO (IMO 8822636)","PLATO (IMO 8822636): ","Barbados","General Cargo","2006-08-04 04:15","","Marine incident","55° 42.50' N 12° 40.30' E","The Sound","","0",""
"C0006322","1","YONG AN 4 (IMO 9109732)","YONG AN 4 (IMO 9109732): ","Panama","","2006-08-03 06:00","","Marine incident","21° 36.00' N 112° 47.00' E","south china sea","Coastal waters","0",""
"C0006282","1","DUK YOUNG 101 (IMO 8117433)","DUK YOUNG 101 (IMO 8117433): ","Republic of Korea","","2006-08-02 22:10","","Marine incident","","Chang Jiang River in China","River","0",""
"C0006824","1","OEL VISION (IMO 7825332)","OEL VISION (IMO 7825332): ","India","","2006-08-02 03:42","","Very serious marine casualty","9° 58.31' N 76° 10.81' E","North entrance to channel at Kochi Port","Open sea","1","India"
"C0005855","1","JONATHAN SWIFT (IMO 9188881)","JONATHAN SWIFT (IMO 9188881): ","Cyprus","High Speed Craft","2006-08-01 13:48","","Marine incident","53° 20.90' N 5° 04.20' W","Irish Sea","","0",""
"C0005986","1","C. S. OCEAN (IMO 9122887)","C. S. OCEAN (IMO 9122887): ","Panama","Bulk Dry","2006-07-30 13:30","","Marine casualty","45° 39.98' N 122° 45.77' W","MORGAN CHANNEL. VANCOUVER ANCHORADE","","0",""
"C0006306","2","JI DA 106, ORIENTAL PEARL II (IMO 8602074)","JI DA 106: , ORIENTAL PEARL II (IMO 8602074): ","Unknown, Panama",", ","2006-07-29 09:20","","Very serious marine casualty","39° 47.00' N 124° 09.00' E","Dan Dong Port in China","Canal","0",""
"C0006571","1","CHRESTENA II (IMO 7519737)","CHRESTENA II (IMO 7519737): ","Panama","General Cargo","2006-07-28 04:30","","Marine casualty","21° 36.89' N 69° 37.40' E","India","","0",""
"C0005875","1","SYLVE (IMO 8906286)","SYLVE (IMO 8906286): ","Cyprus","General Cargo","2006-07-25 04:36","","Marine casualty","55° 09.00' N 14° 42.00' E","Bornholm","","0",""
"C0006042","1","COUGAR ACE (IMO 9051375)","COUGAR ACE (IMO 9051375): ","Singapore","","2006-07-24 18:45","","Very serious marine casualty","","Alaska","","1","Singapore"
"C0005846","1","BRO AXEL (IMO 9059688)","BRO AXEL (IMO 9059688): ","Sweden","Oil Tanker","2006-07-24 16:53","","Marine incident","","Milford Haven","","0",""
"C0006052","1","TOR FUTURA (IMO 9129598)","TOR FUTURA (IMO 9129598): ","DIS (Denmark)","","2006-07-23 02:00","","Very serious marine casualty","","DFDS Nordic Terminal Immingham","","0",""
"C0006003","1","GAZ HORIZON (IMO 7708687)","GAZ HORIZON (IMO 7708687): ","Panama","Liquefied Gas","2006-07-22 13:50","","Marine casualty","9° 06.44' N 79° 42.08' W","GAILLARD CUT CANAL IN TRANSIT OF PANAMA CANAL","","0",""
"C0006203","1","SALIH C (IMO 7314589)","SALIH C (IMO 7314589): ","Panama","General Cargo","2006-07-22 10:10","","Marine casualty","40° 54.89' N 29° 05.42' E","DILEK KAYALIGI/ ESTANBUL","Coastal waters","0",""
"C0006226","1","PICO EL AGUILA (IMO 8122971)","PICO EL AGUILA (IMO 8122971): ","Panama","Chemical Tanker","2006-07-21 10:13","","Marine casualty","51° 58.00' N 3° 42.80' E","NORTH SEA (MASS CENTER BUOY)","Open sea","0",""
"C0005900","1","SIRTE STAR (IMO 8411853)","SIRTE STAR (IMO 8411853): ","Saint Vincent and the Grenadines","Container","2006-07-18 08:40","","Marine casualty","38° 14.00' N 15° 39.00' E","NEAR MESSINA PORT - SICILY","","0",""
"C0006209","1","FUTAMI (IMO 8412546)","FUTAMI (IMO 8412546): ","Panama","General Cargo","2006-07-18 07:00","","Marine casualty","8° 15.80' N 60° 21.00' E","OPEN SEA","Open sea","0",""
"C0005924","1","NYK KAI (IMO 9030735)","NYK KAI (IMO 9030735): ","Panama","Container","2006-07-17 19:50","","Marine casualty","8° 12.48' N 79° 40.00' W","CRISTOBAL - PANAMA","","0",""
"C0006058","2","KU SAN (IMO 9352834), YUSHO OCEAN (IMO 9100499)","KU SAN (IMO 9352834): , YUSHO OCEAN (IMO 9100499): ","Republic of Korea, Panama","General Cargo, ","2006-07-15 04:53","","Very serious marine casualty","33° 45.48' N 132° 26.42' E","2.3 miles off from Aoshima light house, Japan","","2","Japan; Republic of Korea"
"C0006386","1","ORIENTAL MIHO (IMO 9371165)","ORIENTAL MIHO (IMO 9371165): ","Panama","Liquefied Gas","2006-07-14 21:55","","Marine casualty","34° 01.50' N 131° 43.60' E","In Tokuyama-Kudamatsu Port, Yamaguchi Prefecture, Japan","Port","0",""
"C0007606","1","SIGAS EILDON (IMO 8024038)","SIGAS EILDON (IMO 8024038): ","Liberia","","2006-07-14 06:33","","Marine casualty","","50 miles west of Ferrol, Finisterre traffic separation scheme","Open sea","0",""
"C0006948","1","BENEGAS (IMO 8009387)","BENEGAS (IMO 8009387): ","Panama","Oil Tanker","2006-07-13 06:50","","Very serious marine casualty","","AQUABA JORDAN","","1","Panama"
"C0007157","1","LASS URANUS (IMO 9030498)","LASS URANUS (IMO 9030498): ","Germany","","2006-07-12 14:26","","Marine casualty","53° 32.80' N 9° 50.90' E","On the Elbe River","River","1","Germany"
"C0005977","2","ATLANTICA I (IMO 7504031), MARIS (IMO 7380461)","ATLANTICA I (IMO 7504031): , MARIS (IMO 7380461): ","Panama, Honduras","Other Liquids, ","2006-07-12 12:00","","Marine casualty","22° 15.70' N 91° 44.50' E","Chittagong Alfa","","0",""
"C0006287","2","BAO LONG MEN (IMO 7906942), CHANG HANG JIANG YANG","BAO LONG MEN (IMO 7906942): , CHANG HANG JIANG YANG: ","Panama, Unknown",", ","2006-07-11 19:57","","Marine casualty","31° 23.00' N 121° 35.00' E","Shang Hai Port in China","Anchorage","0",""
"C0005954","1","TOR PETUNIA (IMO 9259501)","TOR PETUNIA (IMO 9259501): ","DIS (Denmark)","Ro-Ro Cargo","2006-07-11 16:40","","Marine casualty","","Fredericia","At berth","0",""
"C0007167","1","OWEN","OWEN: ","Unknown","","2006-07-11 03:00","","Very serious marine casualty","","Off Heaux de Bréhat","","1","Unknown"
"C0006581","1","GLORY MOON (IMO 7328786)","GLORY MOON (IMO 7328786): ","Panama","Bulk Dry","2006-07-11 00:00","","Marine casualty","0° 17.40' N 90° 32.30' E","Yemen","Open sea","0",""
"C0006607","1","ENTERPRISE (IMO 8321890)","ENTERPRISE (IMO 8321890): ","Antigua and Barbuda","Bulk Dry","2006-07-10 18:00","","Marine casualty","","Bass Strait","Open sea","1","Australia"
"C0006032","1","ANSGAR (IMO 9241994)","ANSGAR (IMO 9241994): ","Denmark","Fish Catching","2006-07-06 02:20","","Marine casualty","55° 43.00' N 4° 40.00' E","Northsea","Open sea","1","Denmark"
"C0006649","1","FIDELITY (IMO 7907764)","FIDELITY (IMO 7907764): ","Panama","Oil Tanker","2006-07-05 22:38","","Marine casualty","","PARANA RIVER","","0",""
"C0006400","2","LADY MOURA (IMO 1002380), NEW FLAMENCO (IMO 7211517)","LADY MOURA (IMO 1002380): , NEW FLAMENCO (IMO 7211517): ","Bahamas, Panama",", Passenger","2006-07-04 09:01","","Marine casualty","38° 54.00' N 128° 00.00' E","PORT OF IBIZA, BALEARIC ISALANDS","At berth","0",""
"C0006642","2","KEN ZUI (IMO 9128805), PORT ARTHUR (IMO 9035632)","KEN ZUI (IMO 9128805): , PORT ARTHUR (IMO 9035632): ","Panama, Liberia","Bulk Dry, ","2006-07-04 02:10","","Marine casualty","1° 15.00' N 103° 56.90' E","SINGAPORE STRAIT","","0",""
"C0006317","1","JIN CHENGZHOU 18 (IMO 8992259)","JIN CHENGZHOU 18 (IMO 8992259): ","Panama","","2006-07-02 15:54","","Marine casualty","","XINHUI PORT in China","Port","0",""
"C0005975","1","ASIAN GREEN (IMO 9217785)","ASIAN GREEN (IMO 9217785): ","Panama","General Cargo","2006-07-01 00:47","","Marine casualty","34° 38.10' N 134° 56.30' E","akashi kaikyo","","0",""
"C0006655","1","MARIAM IV (IMO 7822067)","MARIAM IV (IMO 7822067): ","Panama","General Cargo","2006-06-30 23:00","","Very serious marine casualty","11° 57.36' N 52° 07.46' E","COAST OF YEMEN","","1","Panama"
"C0005995","1","EVER PEACE (IMO 9249207)","EVER PEACE (IMO 9249207): ","Panama","General Cargo","2006-06-30 05:30","","Marine casualty","37° 51.47' S 144° 58.42' E","south Wharf  No. 32 Of Melbourne","","0",""
"C0005945","2","ASTRO LUNA (IMO 9082350), YM EARTH (IMO 9266114)","ASTRO LUNA (IMO 9082350): , YM EARTH (IMO 9266114): ","Greece, Panama","Oil Tanker, ","2006-06-29 20:53","","Marine casualty","1° 12.73' N 103° 52.99' E","Singapore Straits","Coastal waters","0",""
"C0006204","2","CHANG JIANG BRIDGE (IMO 9043770), CMA CGM CAPELLA (IMO 9104914)","CHANG JIANG BRIDGE (IMO 9043770): , CMA CGM CAPELLA (IMO 9104914): ","Panama, Germany","Container, ","2006-06-28 16:40","","Marine casualty","31° 23.10' N 121° 52.26' E","Shanghai, Shangai east container terminal","","0",""
"C0006385","1","SYMS SONGSHAN (IMO 9306275)","SYMS SONGSHAN (IMO 9306275): ","Antigua and Barbuda","Container","2006-06-28 02:11","","Marine casualty","34° 07.40' N 132° 59.60' E","North coast of Uma Shima, Kurushima Kaikyo, Japan","Inland waters","0",""
"C0005931","1","CONRAD OLDENDORFF (IMO 9231298)","CONRAD OLDENDORFF (IMO 9231298): ","Malta","Bulk Dry","2006-06-27 15:55","","Marine casualty","54° 52.70' N 14° 44.47' E","EL DEKHEILA, EGYPT","Coastal waters","0",""
"C0005811","1","CONRAD OLDENDORFF (IMO 9231298)","CONRAD OLDENDORFF (IMO 9231298): ","Malta","Bulk Dry","2006-06-27 15:55","","Marine incident","54° 52.71' N 14° 44.48' E","Baltic Sea","","0",""
"C0007597","1","SAFMARINE AGULHAS (IMO 9122021)","SAFMARINE AGULHAS (IMO 9122021): ","Liberia","","2006-06-26 21:15","","Very serious marine casualty","33° 01.46' S 27° 55.17' E","Port of East London, South Africa","Port approach","0",""
"C0006348","2","QING YOU 3 (IMO 8830762), SEWON 1 (IMO 7233383)","QING YOU 3 (IMO 8830762): , SEWON 1 (IMO 7233383): ","China, Republic of Korea",", ","2006-06-26 09:02","","Marine casualty","36° 02.00' N 120° 17.00' E","Yellow Sea","Port","0",""
"C0006127","1","SEABOARD TRADER (IMO 7208194)","SEABOARD TRADER (IMO 7208194): ","Panama","Ro-Ro Cargo","2006-06-26 06:10","","Very serious marine casualty","19° 49.13' N 70° 42.12' W","Puerto Plata","Port","1","Panama"
"C0006903","1","STOLT PERSEVERANCE (IMO 9124471)","STOLT PERSEVERANCE (IMO 9124471): ","Cayman Islands (United Kingdom)","","2006-06-26 04:00","","Marine incident","","Mississippi river","","1","Unknown"
"C0006570","1","BOW EUROPE (IMO 9339351)","BOW EUROPE (IMO 9339351): ","Panama","Chemical Tanker","2006-06-26 01:15","","Marine incident","","Houston anchored","","0",""
"C0005985","1","CRIMSON VENUS (IMO 9134177)","CRIMSON VENUS (IMO 9134177): ","Panama","Other Bulk Dry","2006-06-26 00:06","","Marine casualty","33° 29.00' S 59° 54.00' W","RIO PARANA","","0",""
"C0006225","1","PICO EL AGUILA (IMO 8122971)","PICO EL AGUILA (IMO 8122971): ","Panama","Chemical Tanker","2006-06-25 21:30","","Marine casualty","30° 28.00' N 58° 17.10' W","ATLANTIC OCEAN","Open sea","0",""
"C0007604","1","ARABIAN SUN (IMO 9001100)","ARABIAN SUN (IMO 9001100): ","Liberia","Oil Tanker","2006-06-25 06:00","","Marine casualty","17° 30.30' N 67° 42.50' E","Indian ocean","Open sea","0",""
"C0006574","1","SHENANDOAH HIGHWAY (IMO 9043689)","SHENANDOAH HIGHWAY (IMO 9043689): ","Panama","Ro-Ro Cargo","2006-06-25 05:10","","Marine casualty","28° 23.60' N 80° 25.60' W","Canaveral Port","","0",""
"C0006207","1","DION (IMO 7508659)","DION (IMO 7508659): ","Panama","Bulk Dry","2006-06-24 17:05","","Marine casualty","31° 24.30' N 121° 41.04' E","NAGANG SHUI DAO RIVER, CHANGXING DAO ISLAND","River","0",""
"C0005905","2","MOBY FANTASY (IMO 7387706), NURAGHES (IMO 9293404)","MOBY FANTASY (IMO 7387706): , NURAGHES (IMO 9293404): ","Italy, Italy","Passenger/Ro-Ro Cargo, Passenger/Ro-Ro Cargo","2006-06-21 12:56","","Marine casualty","40° 57.00' N 9° 42.00' E","OLBIA - SARDINIA","","0",""
"C0005840","1","VIKING ISLAY (IMO 8506050)","VIKING ISLAY (IMO 8506050): ","United Kingdom","","2006-06-20 20:55","","Marine incident","","North Sea","Open sea","0",""
"C0006125","1","TUTUMA (IMO 7716115)","TUTUMA (IMO 7716115): ","Nigeria","Oil Tanker","2006-06-20 12:00","","Very serious marine casualty","","Obat Jetty, Kirikiri Lighter Terminal Apapa","At berth","0",""
"C0006335","2","DONG QU NO.1, NEW FERRY 85 (IMO 9323209)","DONG QU NO.1: , NEW FERRY 85 (IMO 9323209): ","Unknown, Hong Kong, China",", ","2006-06-19 10:14","","Marine casualty","22° 10.00' N 113° 38.00' E","Pearl River","Inland waters","1","China"
"C0006356","2","DONG QU YI HAO, NEW FERRY 85 (IMO 9323209)","DONG QU YI HAO: , NEW FERRY 85 (IMO 9323209): ","China, Hong Kong, China","High Speed Craft, High Speed Craft","2006-06-19 10:12","","Very serious marine casualty","22° 10.30' N 113° 38.60' E","Pearl River ","","1","Hong Kong, China"
"C0006149","1","BRILLIANT SKY (IMO 9296743)","BRILLIANT SKY (IMO 9296743): ","Panama","Bulk Dry","2006-06-19 08:18","","Marine casualty","12° 50.00' N 45° 02.00' E","ADEN HARBOR AGM BERTH TERMINAL # 2","Port","0",""
"C0007206","1","HANJIN SYDNEY (IMO 8606329)","HANJIN SYDNEY (IMO 8606329): ","Republic of Korea","","2006-06-18 18:43","","Marine casualty","34° 48.19' N 127° 48.28' E","In the specified sea area for traffic safety of the Port of Kwangyang","","1","Republic of Korea"
"C0006808","1","PAMELA S","PAMELA S: ","United Kingdom","Fish Catching","2006-06-17 17:00","","Very serious marine casualty","51° 41.85' N 4° 35.20' W","Carmarthen Bay","","1","United Kingdom"
"C0006279","2","VERRAZANO BRIDGE (IMO 9292175), WEI LUN 32","VERRAZANO BRIDGE (IMO 9292175): , WEI LUN 32: ","Panama, Unknown","Container, ","2006-06-17 13:30","","Marine casualty","31° 06.00' N 122° 02.30' E","IN THE VICINITY OF CHANG JIANG KOU AREA "B" IN SHANGHAI","Port approach","0",""
"C0005897","1","LAVADARA (IMO 9086954)","LAVADARA (IMO 9086954): ","Greece","Bulk Dry","2006-06-16 17:32","","Marine incident","33° 22.10' S 60° 07.40' W","SAN NIKOLAS, S. ANCHORAGE -PARANA RIVER","","0",""
"C0006765","1","KOTA PAHLAWAN (IMO 9142942)","KOTA PAHLAWAN (IMO 9142942): ","Liberia","Container","2006-06-16 10:00","","Marine casualty","","Off Australia (northern coast)","Open sea","2","Australia; Australia"
"C0006290","2","CHEMBULK HONGKONG (IMO 9278650), TAIGLAD (IMO 8208153)","CHEMBULK HONGKONG (IMO 9278650): , TAIGLAD (IMO 8208153): ","Philippines, Panama",", ","2006-06-15 14:21","","Marine casualty","39° 59.00' N 120° 42.00' E","Zhang Jiang Gang Port in China","Anchorage","0",""
"C0005833","2","FREEPSUM (IMO 9073892), LOMUR (IMO 8116178)","FREEPSUM (IMO 9073892): , LOMUR (IMO 8116178): ","Antigua and Barbuda, NIS (Norway)",", General Cargo","2006-06-15 12:20","","Marine incident","53° 36.40' N 0° 42.40' W","River trent","At berth","0",""
"C0006217","2","BORGA (IMO 8912405), LEANDER (IMO 9179608)","BORGA (IMO 8912405): , LEANDER (IMO 9179608): ","NIS (Norway), Panama",", Oil Tanker","2006-06-13 05:56","","Marine casualty","1° 18.30' N 104° 11.90' E","EAST OPL SINGAPORE","Anchorage","0",""
"C0005803","1","ORIANA (IMO 9050137)","ORIANA (IMO 9050137): ","United Kingdom","Passenger","2006-06-11 16:15","","Marine incident","59° 57.50' N 5° 49.50' E","Hardanger Fjord ","","0",""
"C0007216","1","WILHELMINA (IMO 6410427)","WILHELMINA (IMO 6410427): ","Netherlands (Kingdom of)","Fish Catching","2006-06-10 14:00","","Very serious marine casualty","","North Sea","Open sea","0",""
"C0006250","2","BELLE NAUTICA (IMO 9293882), JUSHO MARU","BELLE NAUTICA (IMO 9293882): , JUSHO MARU: ","Panama, Japan","General Cargo, Fish Catching","2006-06-10 04:26","","Very serious marine casualty","33° 27.52' N 131° 48.16' E","Off east coast of Kunisaki Peninsula, Oita Prefecture, Japan","Coastal waters","1","Japan"
"C0005901","1","SANSOVINO (IMO 8705709)","SANSOVINO (IMO 8705709): ","Italy","Passenger/Ro-Ro Cargo","2006-06-09 07:30","","Marine casualty","","NAPLES HARBOUR","","0",""
"C0006783","1","SETSUYO STAR (IMO 8406391)","SETSUYO STAR (IMO 8406391): ","Bahamas","","2006-06-09 00:00","","Marine casualty","","100 nm S.W. of Cape of Good Hope, South Atlantic Ocean","","2","Bahamas; Bahamas"
"C0006070","1","GRAND LUCKY (IMO 8202393)","GRAND LUCKY (IMO 8202393): ","Cambodia","General Cargo","2006-06-08 15:30","","Marine casualty","32° 35.10' N 128° 48.00' E","Tomie Wan in Fukue Shima, the Goto Islands","Coastal waters","2","Japan; Japan"
"C0006801","2","SAMSKIP COURIER (IMO 9322578), SKAGERN (IMO 8115552)","SAMSKIP COURIER (IMO 9322578): , SKAGERN (IMO 8115552): ","Antigua and Barbuda, Sweden","Container, ","2006-06-07 22:58","","Marine casualty","53° 42.50' N 0° 14.20' W","Humber Estuary","","1","United Kingdom"
"C0005806","1","HOHEBANK (IMO 7720439)","HOHEBANK (IMO 7720439): ","United Kingdom","","2006-06-07 21:30","","Marine casualty","54° 52.00' N 3° 24.00' E","Silloth","Port approach","0",""
"C0006490","1","LONG FU (IMO 7432898)","LONG FU (IMO 7432898): ","Panama","General Cargo","2006-06-07 10:43","","Marine incident","","TURNARFA NEAR BERTH NO. K12","","0",""
"C0006995","1","NORWEGIAN CROWN (IMO 8506294)","NORWEGIAN CROWN (IMO 8506294): ","Bahamas","","2006-06-07 08:19","","Marine casualty","","East side of Dundonald Chanel, Bermuda","","1","Unknown"
"C0007172","1","DANIELLE (IMO 7329015)","DANIELLE (IMO 7329015): ","United Kingdom","","2006-06-06 00:45","","Marine casualty","49° 53.10' N 4° 53.45' W","17 miles SSE of Falmouth","","1","Unknown"
"C0006241","1","CSO WELLSERVICER (IMO 8324579)","CSO WELLSERVICER (IMO 8324579): ","United Kingdom","Offshore Supply","2006-06-05 00:07","","Marine casualty","58° 58.00' N 5° 44.00' E","Stavanger ","Port approach","0",""
"C0007159","1","FELUCCA (IMO 9131981)","FELUCCA (IMO 9131981): ","Ireland","","2006-06-03 16:44","","Marine casualty","","Dublin Port","","1","Unknown"
"C0006611","2","GOLDEN DOMINIQUE (IMO 9345881), RICHARD LOWRY","GOLDEN DOMINIQUE (IMO 9345881): , RICHARD LOWRY: ","Panama, Unknown","Chemical Tanker, ","2006-06-03 04:38","","Marine casualty","34° 02.60' N 77° 56.40' W","WILMINGTON, NC","","0",""
"C0005990","1","CICLOPE (IMO 8307947)","CICLOPE (IMO 8307947): ","Panama","General Cargo","2006-06-02 09:50","","Marine casualty","33° 59.54' N 81° 02.42' W","RIVER COLUMBIA","","0",""
"C0005952","2","ALIOS ARTEMIS (IMO 9301653), HAN (IMO 7634044)","ALIOS ARTEMIS (IMO 9301653): , HAN (IMO 7634044): ","Greece, Panama","Oil Tanker, ","2006-06-01 13:58","","Marine incident","37° 10.90' N 23° 49.00' E","MIRTOO PELAGOS - AEGEAN SEA - 16 n.m. SE OF HYDRA ISLAND (GREECE)","","0",""
"C0006802","1","BROTHERS.","BROTHERS.: ","United Kingdom","Fish Catching","2006-06-01 05:20","","Very serious marine casualty","","Off north-east coast of Eilean Trodday, Scotland","","1","United Kingdom"
"C0006057","2","BUSAN EXPRESS (IMO 8717910), JANG HO GRACE (IMO 8626721)","BUSAN EXPRESS (IMO 8717910): , JANG HO GRACE (IMO 8626721): ","Republic of Korea, Republic of Korea","Bulk Dry, General Cargo","2006-06-01 02:30","","Very serious marine casualty","34° 21.30' N 130° 07.00' E","12 km North from Okino Shima island, Japan","","3","Japan; Japan; Republic of Korea"
"C0005980","1","ATLIXCO (IMO 8005032)","ATLIXCO (IMO 8005032): ","Panama","Ro-Ro Cargo","2006-05-31 23:15","","Marine incident","53° 04.00' N 4° 38.00' E","EMS Traffic Zone","","0",""
"C0006284","2","ARCTIC STAR (IMO 8971803), CHANG TAI (IMO 8322856)","ARCTIC STAR (IMO 8971803): , CHANG TAI (IMO 8322856): ","Mongolia, Panama",", General Cargo","2006-05-31 04:20","","Marine casualty","34° 44.00' N 119° 27.00' E","Lian Yun Gang Port in China","At berth","0",""
"C0006661","2","JAKORIWI (IMO 8432675), POOLSTER (IMO 7907829)","JAKORIWI (IMO 8432675): , POOLSTER (IMO 7907829): ","Netherlands (Kingdom of), Netherlands (Kingdom of)","Fish Catching, Fish Catching","2006-05-29 04:00","","Marine incident","","Northsea","","0",""
"C0007177","1","LIBERTÉ","LIBERTÉ: ","Unknown","Fish Catching","2006-05-26 10:00","","Very serious marine casualty","48° 02.36' N 5° 05.39' W","At 2.5 miles from AR Men's Lighthouse","","1","Unknown"
"C0006128","1","PORTLAND (IMO 7702968)","PORTLAND (IMO 7702968): ","Panama","Other Bulk Dry","2006-05-25 15:00","","Very serious marine casualty","28° 24.20' N 16° 03.80' W","CANARY ISLANDS","Open sea","1","Panama"
"C0005996","1","ETERNAL GRACE (IMO 9342918)","ETERNAL GRACE (IMO 9342918): ","Panama","Bulk Dry / Oil","2006-05-25 07:20","","Marine casualty","51° 25.00' N 2° 03.00' E","westhinder Racon bearing 252T 4.0NM ","","0",""
"C0007160","1","DINISH (IMO 7303645)","DINISH (IMO 7303645): ","Ireland","","2006-05-24 20:00","","Very serious marine casualty","","About 170 miles South West of the scilly Isles","","1","Ireland"
"C0005854","1","ADELE (IMO 8113736)","ADELE (IMO 8113736): ","Greece","Oil Tanker","2006-05-24 10:15","","Marine incident","40° 29.70' N 22° 48.20' E","THESSALONIKI BAY ENTRANCE (GREECE)","Coastal waters","0",""
"C0006307","2","DONGFANG 28, PHILIPPINE STAR (IMO 8408820)","DONGFANG 28: , PHILIPPINE STAR (IMO 8408820): ","Unknown, Malta",", ","2006-05-24 09:55","","Marine casualty","37° 35.00' N 122° 40.00' E","Open Sea","Coastal waters","0",""
"C0006296","1","HUB BINTULU (IMO 8304000)","HUB BINTULU (IMO 8304000): ","Malaysia","General Cargo","2006-05-24 02:58","","Marine casualty","31° 00.00' N 122° 28.00' E","Open Sea","Anchorage","0",""
"C0005794","1","MSC EYRA (IMO 8201648)","MSC EYRA (IMO 8201648): ","Panama","","2006-05-23 00:43","","Marine incident","55° 22.50' N 11° 02.10' E","GREAT BELT BALTIC","","0",""
"C0006558","1","ORANGE SEAWAY (IMO 9085077)","ORANGE SEAWAY (IMO 9085077): ","Panama","General Cargo","2006-05-22 23:30","","Marine casualty","","HUANGPU RIVER,SHANGAI-CHINA","Canal","0",""
"C0006545","1","ORANGE SEAWAY (IMO 9085077)","ORANGE SEAWAY (IMO 9085077): ","Panama","General Cargo","2006-05-22 23:30","","Marine casualty","","Huangpu River- Shanghai China","River","0",""
"C0007146","1","SEA URCHIN (IMO 9244233)","SEA URCHIN (IMO 9244233): ","Cyprus","","2006-05-22 11:50","","Very serious marine casualty","","Bay of Sept-Îles, Quebec","","1","Canada"
"C0006636","1","PELANDER (IMO 7913115)","PELANDER (IMO 7913115): ","Panama","Ro-Ro Cargo","2006-05-22 11:25","","Marine casualty","1° 26.80' N 104° 28.00' E","SINGAPORE","","0",""
"C0005841","1","PACIFIC BLADE (IMO 9169366)","PACIFIC BLADE (IMO 9169366): ","United Kingdom","Offshore Supply","2006-05-21 12:13","","Marine casualty","25° 26.27' N 55° 26.58' E","Ajman Channel","Port approach","0",""
"C0007720","1","ROARING MEG OF COWES","ROARING MEG OF COWES: ","Unknown","","2006-05-20 14:29","","Marine casualty","50° 50.06' N 1° 09.16' W","Southampton Water, 3.3 cables south-west of Hamble Point  Buoy","","1","United Kingdom"
"C0006309","2","THEOFANO M (IMO 8015192), WOO LIM (IMO 9140580)","THEOFANO M (IMO 8015192): , WOO LIM (IMO 9140580): ","Marshall Islands, Republic of Korea",", ","2006-05-19 22:28","","Marine incident","31° 07.00' N 122° 32.00' E","Chang Jiang River in China","Anchorage","0",""
"C0006531","1","GAZ HORIZON (IMO 7708687)","GAZ HORIZON (IMO 7708687): ","Panama","Liquefied Gas","2006-05-19 09:20","","Marine incident","","perama port-piraeus","","0",""
"C0006267","1","BIBBY MARINIA (IMO 8225759)","BIBBY MARINIA (IMO 8225759): ","Panama","Non-ship structures","2006-05-18 13:32","","Marine casualty","57° 07.17' N 2° 04.46' W","IDD EL SHARGI OIL FIELD","Coastal waters","0",""
"C0006638","1","SALZGITTER (IMO 8508917)","SALZGITTER (IMO 8508917): ","Panama","Ro-Ro Cargo","2006-05-18 10:52","","Marine casualty","","MIAMI, BERTH No 56","","0",""
"C0006009","1","GLOBULUS (IMO 9134191)","GLOBULUS (IMO 9134191): ","Panama","Other Bulk Dry","2006-05-16 11:50","","Marine casualty","33° 45.42' N 118° 10.10' W","LONG BEACH, CAL. USA","","0",""
"C0005752","1","HAMNAVOE (IMO 9246061)","HAMNAVOE (IMO 9246061): ","United Kingdom","Passenger/Ro-Ro Cargo","2006-05-16 06:30","","Marine incident","59° 00.00' N 3° 30.00' W","Stromness","","0",""
"C0007149","1","POMPEI (IMO 8706583)","POMPEI (IMO 8706583): ","Belgium","","2006-05-15 16:50","","Marine casualty","","between Singapore and Nakhodka, Russia","","1","Unknown"
"C0005788","1","QUEEN ELIZABETH 2 (IMO 6725418)","QUEEN ELIZABETH 2 (IMO 6725418): ","United Kingdom","Passenger","2006-05-15 13:40","","Marine incident","62° 27.00' N 6° 09.00' W","Aalesund","","0",""
"C0005805","1","PACIFIC STAR (IMO 7915096)","PACIFIC STAR (IMO 7915096): ","United Kingdom","Passenger / General Cargo","2006-05-15 12:30","","Marine incident","16° 48.90' S 167° 56.90' E","Pacific Ocean","Open sea","0",""
"C0005835","1","PACIFIC STAR (IMO 7915096)","PACIFIC STAR (IMO 7915096): ","United Kingdom","Passenger","2006-05-14 21:40","","Marine incident","","Luganville ","At berth","0",""
"C0005767","1","MSC CRISTIANA (IMO 8119716)","MSC CRISTIANA (IMO 8119716): ","Panama","Container","2006-05-13 03:18","","Marine incident","50° 34.20' N 5° 21.80' W","IRISH SEA ","","0",""
"C0005781","1","MSC NURIA (IMO 7416911)","MSC NURIA (IMO 7416911): ","Panama","Container","2006-05-11 13:05","","Marine incident","","MEDITERRANEAN SEA","","0",""
"C0007073","2","BARGE BAS, DOUWENT (IMO 8703139)","BARGE BAS: , DOUWENT (IMO 8703139): ","Unknown, United Kingdom","Other Dry Cargo, General Cargo","2006-05-11 00:30","","Marine casualty","51° 09.52' N 4° 51.63' E","Olen lock, Albert Canal, Belgium","Canal","0",""
"C0005988","1","CALIFORNIA (IMO 7404889)","CALIFORNIA (IMO 7404889): ","Panama","Bulk Dry","2006-05-10 20:00","","Marine casualty","36° 07.44' N 5° 21.40' W","IN PORT, GIBRALTAR","","0",""
"C0008071","1","GWEL VO","GWEL VO: ","Unknown","Other Fishing","2006-05-09 04:06","","Very serious marine casualty","49° 44.63' N 0° 01.59' E","Off Cape D'Antifer","","1","France"
"C0006799","1","THE CALYPSO (IMO 6715372)","THE CALYPSO (IMO 6715372): ","Cyprus","","2006-05-06 02:30","","Marine casualty","50° 28.70' N 0° 07.80' E","16 NM South of Beachy Head","","1","United Kingdom"
"C0006597","1","DUBAI TRANS (IMO 7511917)","DUBAI TRANS (IMO 7511917): ","Panama","Ro-Ro Cargo","2006-05-06 02:00","","Very serious marine casualty","","OMAN GULF","","0",""
"C0005761","1","ORNA (IMO 8312162)","ORNA (IMO 8312162): ","Greece","Bulk Dry","2006-05-05 13:25","","Marine incident","","ST. LAURENCE SEAWAY","River","0",""
"C0006650","1","PACIFIC POLARIS (IMO 9270737)","PACIFIC POLARIS (IMO 9270737): ","Panama","Oil Tanker","2006-05-05 12:25","","Marine casualty","","GUAM PORT","","0",""
"C0006230","1","STRILEN (IMO 6603103)","STRILEN (IMO 6603103): ","Panama","Bulk Dry","2006-05-05 03:50","","Marine incident","56° 03.01' N 12° 42.15' E","HELSINGBORG ","Port","0",""
"C0005913","1","NYK SPRINGTIDE (IMO 9017044)","NYK SPRINGTIDE (IMO 9017044): ","Panama","Container","2006-05-04 11:30","","Very serious marine casualty","38° 41.70' N 176° 00.80' E","PACIFIC OCEAN","Open sea","1","Panama"
"C0006255","1","ALEXANDROS T (IMO 8907735)","ALEXANDROS T (IMO 8907735): ","Saint Vincent and the Grenadines","Bulk Dry","2006-05-03 20:27","","Very serious marine casualty","37° 36.96' S 29° 55.62' E","300 nm S.-E. of Port Elizabeth, South Africa","Open sea","4","Saint Vincent and the Grenadines; Saint Vincent and the Grenadines; South Africa; South Africa"
"C0005804","1","BLUE CASTOR (IMO 6403424)","BLUE CASTOR (IMO 6403424): ","DIS (Denmark)","Other Offshore","2006-05-03 12:00","","Marine casualty","","Gulf of Suez","","0",""
"C0006345","1","KATSURAGI (IMO 8910419)","KATSURAGI (IMO 8910419): ","Panama","","2006-05-03 11:10","","Very serious marine casualty","36° 00.00' N 120° 27.00' E","Yellow China Sea","Coastal waters","1","Panama"
"C0006008","1","HISTRIA SUN (IMO 7906253)","HISTRIA SUN (IMO 7906253): ","Panama","Bulk Dry","2006-05-03 01:05","","Marine casualty","33° 37.69' S 59° 42.84' W","RIO PARANA KM 290, FROM SAN LORENZO TO PARANAGUA","","0",""
"C0006635","1","MARIAM EXPRESS (IMO 7600029)","MARIAM EXPRESS (IMO 7600029): ","Panama","Ro-Ro Cargo","2006-05-03 00:35","","Very serious marine casualty","","Persian Gulf, Arabian sea","","0",""
"C0006648","1","HYBUR STAR (IMO 5022302)","HYBUR STAR (IMO 5022302): ","Panama","Refrigerated Cargo","2006-05-02 13:45","","Marine casualty","","MIAMI RIVER","","0",""
"C0006606","1","CRIMSON MARS (IMO 9244697)","CRIMSON MARS (IMO 9244697): ","Singapore","Other Bulk Dry","2006-05-01 14:42","","Marine casualty","41° 06.00' S 146° 49.00' E","Tamar River, Tasmania","River","2","Australia; Australia"
"C0008443","1","SUVA (IMO 9044217)","SUVA (IMO 9044217): ","Panama","Non-ship structures","2006-04-30 17:00","","Very serious marine casualty","6° 45.00' N 96° 38.20' E","06°045.5’ North       096° 38.2’ East","","1","Panama"
"C0005747","1","IONA","IONA: ","Denmark","Fish Catching","2006-04-29 13:00","","Marine incident","","North Sea","Open sea","0",""
"C0006591","1","AGELESS (IMO 9280770)","AGELESS (IMO 9280770): ","Panama","Bulk Dry","2006-04-29 12:10","","Marine incident","","SUEZ CANAL","Canal","0",""
"C0006248","1","JIAN HUA (IMO 7419145)","JIAN HUA (IMO 7419145): ","Hong Kong, China","Bulk Dry","2006-04-29 08:03","","Marine incident","24° 20.50' N 124° 06.00' E","Off northeast of Taketomi Shima, Okinawa Prefecture, Japan","Coastal waters","0",""
"C0007605","1","MAUNAKEA (IMO 8303886)","MAUNAKEA (IMO 8303886): ","Liberia","","2006-04-29 06:40","","Very serious marine casualty","","At sea, en route from Falkland Isles to South Korea","Open sea","0",""
"C0006391","1","NEERMOOR (IMO 9060687)","NEERMOOR (IMO 9060687): ","Antigua and Barbuda","","2006-04-27 05:38","","Very serious marine casualty","50° 31.49' N 3° 28.12' W","Teignmouth","","3","Antigua and Barbuda; United Kingdom; Unknown"
"C0006292","2","DONGTAI FORTUNE (IMO 8508412), EASLINE TIANJIN (IMO 8421573)","DONGTAI FORTUNE (IMO 8508412): , EASLINE TIANJIN (IMO 8421573): ","Hong Kong, China, Singapore",", ","2006-04-27 03:45","","Marine casualty","37° 26.00' N 123° 08.00' E","Wei Hai Port in China","Open sea","0",""
"C0005766","1","LOWLANDS MAINE (IMO 9304239)","LOWLANDS MAINE (IMO 9304239): ","Panama","","2006-04-26 17:01","","Marine incident","50° 58.00' N 1° 19.80' E","VARNE BANK (IN THE MIDDLE OF THE DOVER STRAITS)","","0",""
"C0006378","1","SANDY CAPE (IMO 7626853)","SANDY CAPE (IMO 7626853): ","Saint Vincent and the Grenadines","Towing / Pushing","2006-04-25 22:50","","Very serious marine casualty","40° 42.20' N 28° 50.90' E","Marmara sea","","2","Saint Vincent and the Grenadines; Saint Vincent and the Grenadines"
"C0005753","2","MARINA-S (IMO 7042631), TINTO (IMO 7608710)","MARINA-S (IMO 7042631): , TINTO (IMO 7608710): ","DIS (Denmark), Sweden","General Cargo, General Cargo","2006-04-25 05:30","","Marine casualty","57° 49.60' N 17° 19.60' E","The Baltic","","0",""
"C0006641","1","HYUNDAI PIONEER (IMO 8511328)","HYUNDAI PIONEER (IMO 8511328): ","Panama","Container","2006-04-24 12:06","","Marine casualty","53° 18.00' N 153° 33.00' W","ALASKAN PENINSULA","Open sea","0",""
"C0007692","1","BUSAN OYANG","BUSAN OYANG: ","Republic of Korea","Fish Catching","2006-04-24 11:30","","Very serious marine casualty","37° 23.00' N 162° 13.00' E","980 miles off from the Sendai lighthouse, Japan","","1","Republic of Korea"
"C0005807","1","STAMOS (IMO 8407694)","STAMOS (IMO 8407694): ","Greece","Bulk Dry","2006-04-24 00:20","","Marine incident","42° 30.00' N 15° 55.00' E","ADRIATIC SEA","Open sea","0",""
"C0006291","2","DE ZHONG (IMO 9175339), GAS CATHAR (IMO 9250505)","DE ZHONG (IMO 9175339): , GAS CATHAR (IMO 9250505): ","China, Malta",", ","2006-04-23 04:35","","Marine casualty","21° 43.00' N 113° 11.00' E","OPEN SEA","","0",""
"C0005743","1","RIX CONDOR (IMO 6722284)","RIX CONDOR (IMO 6722284): ","United Kingdom","","2006-04-21 05:00","","Marine casualty","53° 16.80' N 3° 23.90' W","Off Delfzijl Holland","Coastal waters","0",""
"C0005742","1","PACIFIC SKY (IMO 8024026)","PACIFIC SKY (IMO 8024026): ","United Kingdom","Passenger","2006-04-20 21:20","","Marine incident","","Penang","Anchorage","0",""
"C0005987","1","CAMELLIA ACE (IMO 9103180)","CAMELLIA ACE (IMO 9103180): ","Panama","Ro-Ro Cargo","2006-04-20 16:20","","Marine casualty","9° 16.17' N 79° 55.26' W","GATUN LOCK SOUTHWEST SIDE ENTRANCE","","0",""
"C0007830","1","AUSTYN OLDENDORFF (IMO 9238313)","AUSTYN OLDENDORFF (IMO 9238313): ","Bahamas","","2006-04-20 16:20","","Very serious marine casualty","","Quarantine anchorage, Kobe, Japan","","0",""
"C0006334","1","MARITIME FRIENDSHIP (IMO 8323123)","MARITIME FRIENDSHIP (IMO 8323123): ","Hong Kong, China","","2006-04-20 12:36","","Very serious marine casualty","20° 14.00' N 110° 36.00' E","Qiong zhou straits","Inland waters","1","China"
"C0005786","2","NICOS I. V. (IMO 9103843), TENAX (IMO 9348716)","NICOS I. V. (IMO 9103843): , TENAX (IMO 9348716): ","Greece, United Kingdom","Chemical Tanker, ","2006-04-18 17:15","","Marine incident","50° 50.50' N 1° 20.00' W","Fawley Matine Oil Terminal","","0",""
"C0007174","1","NAUSICAA","NAUSICAA: ","Unknown","Fish Catching","2006-04-18 11:00","","Very serious marine casualty","53° 47.78' N 5° 50.57' W","East of Clogherhead","","1","Unknown"
"C0007163","1","ACCROCH'CŒUR","ACCROCH'CŒUR: ","Unknown","","2006-04-17 23:00","","Very serious marine casualty","","Near El Port de la Selva (Spain)","","1","Unknown"
"C0006566","1","MAJESTIC (IMO 8307399)","MAJESTIC (IMO 8307399): ","Panama","Bulk Dry","2006-04-17 04:00","","Marine casualty","","Londonderry","","0",""
"C0005787","1","PRIDE OF BILBAO (IMO 8414582)","PRIDE OF BILBAO (IMO 8414582): ","United Kingdom","Passenger/Ro-Ro Cargo","2006-04-16 20:55","","Marine incident","50° 48.80' N 1° 05.80' W","Portsmouth Harbour","","0",""
"C0006289","1","BRILLIANCE (IMO 8809373)","BRILLIANCE (IMO 8809373): ","Hong Kong, China","","2006-04-16 04:22","","Marine casualty","31° 25.00' N 121° 30.00' E","Shang Hai Port in China","River","0",""
"C0006329","2","STELLA MARIS, TALISMAN","STELLA MARIS: , TALISMAN: ","Netherlands (Kingdom of), Netherlands (Kingdom of)","Other Non-Seagoing, Non-ship structures","2006-04-15 16:00","","Marine casualty","","Waddenzee","","0",""
"C0006625","1","GRANCEM (IMO 7707384)","GRANCEM (IMO 7707384): ","Panama","Refrigerated Cargo","2006-04-15 03:35","","Very serious marine casualty","41° 36.40' N 17° 26.80' E","BARI PORT","Port approach","2","Panama; Panama"
"C0005791","1","MARIAM III (IMO 7024005)","MARIAM III (IMO 7024005): ","Panama","General Cargo","2006-04-13 10:30","","Marine incident","","INDIAN OCEAN","","0",""
"C0006249","2","EASTERN CHALLENGER (IMO 8318776), TSUGARU MARU (IMO 8824282)","EASTERN CHALLENGER (IMO 8318776): , TSUGARU MARU (IMO 8824282): ","Philippines, Japan","General Cargo, General Cargo","2006-04-13 05:18","","Marine casualty","35° 03.78' N 139° 43.90' E","In Uraga Suido, off southeast coast of Miura Peninsula, Kanagawa Prefecture, Japan","Coastal waters","1","Japan"
"C0005812","1","VOLGO-BALT 211 (IMO 8230388)","VOLGO-BALT 211 (IMO 8230388): ","Russian Federation","General Cargo","2006-04-13 02:55","","Marine incident","56° 05.40' N 12° 30.70' E","The Sound","Coastal waters","1","Denmark"
"C0006605","1","PROBO BEAR (IMO 8405854)","PROBO BEAR (IMO 8405854): ","Marshall Islands","Bulk Dry / Oil","2006-04-10 22:25","","Very serious marine casualty","","Groote Island, Northern Territory","","1","Australia"
"C0006723","2","KATSU MARU NO8, SANTA MONICA (IMO 9017020)","KATSU MARU NO8: , SANTA MONICA (IMO 9017020): ","Unknown, United Kingdom",", Container","2006-04-10 04:45","","Very serious marine casualty","38° 10.50' N 141° 28.40' E","Aji Shima, Miyaga Prefecture","Coastal waters","1","Japan"
"C0006281","2","DUK YOUNG 101 (IMO 8117433), M. H. THAMRIN PB 1600 (IMO 9151993)","DUK YOUNG 101 (IMO 8117433): , M. H. THAMRIN PB 1600 (IMO 9151993): ","Republic of Korea, Indonesia",", ","2006-04-10 04:06","","Marine casualty","31° 04.00' N 122° 43.00' E","Chang Jiang River in China","","0",""
"C0006564","1","BURG (IMO 7500267)","BURG (IMO 7500267): ","Panama","Bulk Dry","2006-04-10 03:18","","Marine casualty","","PIRAEUS ANCHORAGE","","0",""
"C0006349","2","STAR MARINER (IMO 9301316), WAN WANG JIANG TUO 428","STAR MARINER (IMO 9301316): , WAN WANG JIANG TUO 428: ","Republic of Korea, China",", Towing / Pushing","2006-04-10 00:39","","Very serious marine casualty","31° 24.00' N 121° 31.00' E","Shang Hai port","River","1","China"
"C0007151","1","KOMETIK (IMO 9131876)","KOMETIK (IMO 9131876): ","Canada","","2006-04-08 11:13","","Very serious marine casualty","","Conception Bay South Newfoundland and Labrador","","1","Unknown"
"C0006010","1","IVS HUNTER (IMO 9243693)","IVS HUNTER (IMO 9243693): ","Panama","Bulk Dry","2006-04-08 09:50","","Marine casualty","33° 36.24' N 90° 05.12' W","Mississippi River ","","0",""
"C0005909","1","CRESCENT CONNEMARA (IMO 9200081)","CRESCENT CONNEMARA (IMO 9200081): ","United Kingdom","Oil Tanker","2006-04-08 04:58","","Marine casualty","57° 16.53' N 5° 44.30' W","Kyle of Lochalsh","Inland waters","0",""
"C0005744","1","TOR BELGIA (IMO 7624063)","TOR BELGIA (IMO 7624063): ","United Kingdom","Bulk Dry","2006-04-07 11:29","","Marine incident","54° 41.20' N 5° 29.70' E","Irish Sea","Coastal waters","0",""
"C0006614","1","OCEAN SPIRIT (IMO 9372767)","OCEAN SPIRIT (IMO 9372767): ","Panama","Bulk Dry","2006-04-06 20:34","","Marine casualty","31° 00.13' N 122° 25.02' E","CJK- Anchorage - Nao Cao Shui Dao","","0",""
"C0005763","1","LONG HAI (IMO 7628382)","LONG HAI (IMO 7628382): ","Panama","Bulk Dry","2006-04-06 17:00","","Marine casualty","6° 52.80' N 78° 37.60' E","THE INDIAN OCEAN","","0",""
"C0006769","1","DAMPIER SPIRIT (IMO 8613748)","DAMPIER SPIRIT (IMO 8613748): ","Bahamas","Oil Tanker","2006-04-06 09:58","","Marine incident","20° 20.00' S 116° 20.00' E","Near Dampier, Western Australia","Open sea","1","Australia"
"C0005779","1","MATSUKAZE (IMO 7926045)","MATSUKAZE (IMO 7926045): ","Panama","Chemical Tanker","2006-04-06 09:40","","Marine incident","48° 20.00' N 123° 22.00' W","JUAN DE FUCA STRAIT","","0",""
"C0005912","1","LOCH NEVIS (IMO 9209063)","LOCH NEVIS (IMO 9209063): ","United Kingdom","Passenger/Ro-Ro Cargo","2006-04-04 15:00","","Marine casualty","57° 00.00' N 55° 50.00' W","Mallaig","Port approach","0",""
"C0006280","1","CARNIVAL VICTORY (IMO 9172648)","CARNIVAL VICTORY (IMO 9172648): ","Panama","Passenger","2006-04-04 09:25","","Very serious marine casualty","19° 41.00' N 67° 43.00' W","SOUTH WEST PART OF NORTH ATLANTIC OCEAN","","0",""
"C0005798","1","MSC BARBARA (IMO 9226932)","MSC BARBARA (IMO 9226932): ","Panama","Container","2006-04-04 08:16","","Marine incident","22° 33.41' N 114° 17.38' E","NEAR THE BOUNDARY BETWEEN MAINLAND CHINA AND HONG KONG SAR","","0",""
"C0006304","2","MSC BARBARA (IMO 9226932), SHI GANG BO 0015","MSC BARBARA (IMO 9226932): , SHI GANG BO 0015: ","Panama, Unknown",", ","2006-04-04 07:00","","Marine casualty","","yan tian port of Shen Zhen in China","","0",""
"C0005782","1","MOL INITIATIVE (IMO 8702915)","MOL INITIATIVE (IMO 8702915): ","Panama","Container","2006-04-03 05:18","","Marine casualty","42° 51.70' N 145° 55.70' E","OFF NEMURO","Open sea","0",""
"C0005919","1","GALWAY FISHER (IMO 9118161)","GALWAY FISHER (IMO 9118161): ","United Kingdom","Oil Tanker","2006-04-02 21:16","","Marine incident","51° 42.40' N 5° 09.50' W","Milford Haven","Port","0",""
"C0006310","2","HANJIN PHILADELPHIA (IMO 9232101), XIN JIE (IMO 8989070)","HANJIN PHILADELPHIA (IMO 9232101): , XIN JIE (IMO 8989070): ","Liberia, Panama",", ","2006-04-02 04:40","","Marine casualty","31° 10.00' N 123° 04.00' E","East Sea","Coastal waters","0",""
"C0007603","1","SANKO ROBUST (IMO 9074808)","SANKO ROBUST (IMO 9074808): ","Liberia","","2006-04-02 04:35","","Marine casualty","","Suez Canal","Canal","0",""
"C0005951","1","AL-DANA","AL-DANA: ","Bahrain","Passenger","2006-03-30 21:35","","Very serious marine casualty","26° 12.18' N 50° 38.45' E","South of Sh. Khalifa Bin Sulman Al-Khalifah","","1","Bahrain"
"C0005778","1","MSC PATRICIA (IMO 9000209)","MSC PATRICIA (IMO 9000209): ","Panama","General Cargo","2006-03-30 16:40","","Marine incident","56° 05.40' N 10° 31.85' E","BALTIC SEA","","0",""
"C0005780","1","MSC PATRICIA (IMO 9000209)","MSC PATRICIA (IMO 9000209): ","Panama","Container","2006-03-30 16:40","","Marine incident","56° 05.40' N 10° 31.85' E","BALTIC SEA","","0",""
"C0005801","1","MOL INGENUITY (IMO 9006631)","MOL INGENUITY (IMO 9006631): ","Panama","Container","2006-03-27 12:00","","Very serious marine casualty","47° 45.70' S 153° 46.30' E","PACIFIC OCEAN","","1","Panama"
"C0007602","1","IVORY TIRUPATI (IMO 8819213)","IVORY TIRUPATI (IMO 8819213): ","Liberia","","2006-03-27 06:47","","Marine casualty","45° 21.50' N 8° 08.00' W","BAY OF BISCAY","Open sea","0",""
"C0006215","1","ILENAO (IMO 8322533)","ILENAO (IMO 8322533): ","Panama","Bulk Dry","2006-03-26 17:45","","Marine casualty","49° 49.40' N 3° 22.10' W","OFF CHASQUETS T.S.S","","0",""
"C0005740","1","BREAKSEA (IMO 8416463)","BREAKSEA (IMO 8416463): ","United Kingdom","Oil Tanker","2006-03-26 15:40","","Marine casualty","52° 13.00' N 6° 10.00' W","4 miles off Tuskar Rock","Coastal waters","0",""
"C0005730","1","PRIDE OF CALAIS (IMO 9007295)","PRIDE OF CALAIS (IMO 9007295): ","United Kingdom","Passenger/Ro-Ro Cargo","2006-03-26 15:14","","Marine incident","51° 07.00' N 118° 00.00' E","Dover","","0",""
"C0006539","1","GEORGINA P (IMO 8403894)","GEORGINA P (IMO 8403894): ","Panama","General Cargo","2006-03-25 06:00","","Marine incident","","anchored at buffalo bay alivery- Evia channel","Anchorage","0",""
"C0006616","1","TROPICAL BREEZE (IMO 9256444)","TROPICAL BREEZE (IMO 9256444): ","Panama","Non-ship structures","2006-03-24 07:50","","Marine casualty","1° 06.60' S 116° 43.00' E","Palau Becang, Balikpapan","","0",""
"C0006557","2","CALIFORNIA (IMO 7404889), SINOKOR SEOUL (IMO 7822562)","CALIFORNIA (IMO 7404889): , SINOKOR SEOUL (IMO 7822562): ","Panama, Republic of Korea","Bulk Dry, ","2006-03-24 01:30","","Very serious marine casualty","1° 57.60' N 102° 10.90' E","Malacca Strait","","1","Republic of Korea"
"C0007731","1","CLIPPER LIS (IMO 9086320)","CLIPPER LIS (IMO 9086320): ","Bahamas","","2006-03-23 16:25","","Marine casualty","","Greensport Terminal, Houston","","0",""
"C0006311","2","JIAN HUA SHAN 2, SAMHO FAMILY (IMO 9298349)","JIAN HUA SHAN 2: , SAMHO FAMILY (IMO 9298349): ","Unknown, Republic of Korea",", ","2006-03-23 04:50","","Very serious marine casualty","22° 50.00' N 116° 26.00' E","SOUTH CHINA SEA","","0",""
"C0005957","1","STAR PRINCESS (IMO 9192363)","STAR PRINCESS (IMO 9192363): ","Bermuda (United Kingdom)","Passenger","2006-03-23 03:00","","Very serious marine casualty","18° 43.50' N 78° 59.80' W","CARIBBEAN SEA, off Jamaica","","2","United Kingdom; United Kingdom"
"C0006653","1","MARINA 1 (IMO 7612967)","MARINA 1 (IMO 7612967): ","Panama","Bulk Dry","2006-03-22 13:06","","Marine casualty","30° 59.00' N 122° 30.60' E","APPROACH TO SHAN GUI","","0",""
"C0005808","1","AZOV MARINER (IMO 9175169)","AZOV MARINER (IMO 9175169): ","Malta","Oil Tanker","2006-03-22 12:33","","Marine incident","55° 30.71' N 12° 53.63' E","MALMO SWEDEN","Coastal waters","0",""
"C0007646","1","QUEEN OF THE NORTH (IMO 6917267)","QUEEN OF THE NORTH (IMO 6917267): ","Canada","","2006-03-22 00:21","","Very serious marine casualty","","Gil Island, Wright Sound, British Columbia","","1","Canada"
"C0006059","1","HYUNDAI FORTUNE (IMO 9112272)","HYUNDAI FORTUNE (IMO 9112272): ","Panama","Container","2006-03-21 17:15","","Marine casualty","12° 40.00' N 47° 22.30' E","Red sea","","0",""
"C0006302","2","KAI HANG 78, MARINA 1 (IMO 7612967)","KAI HANG 78: , MARINA 1 (IMO 7612967): ","Unknown, Panama",", ","2006-03-21 12:10","","Marine casualty","31° 10.00' N 123° 04.00' E","Coastal waters ","Coastal waters","0",""
"C0006303","2","CHANG NING HAI, MOL VELOCITY (IMO 9081215)","CHANG NING HAI: , MOL VELOCITY (IMO 9081215): ","Unknown, Singapore",", ","2006-03-20 12:35","","Marine casualty","31° 41.00' N 123° 23.00' E","Open Sea","Open sea","0",""
"C0005746","1","MARIA A. ANGELICOUSSI (IMO 9233703)","MARIA A. ANGELICOUSSI (IMO 9233703): ","Greece","Bulk Dry","2006-03-20 11:11","","Marine incident","39° 46.80' N 121° 11.20' E","YELLOW SEA , GULF OF BOHAI","Port approach","0",""
"C0005883","2","KOREA GAS (IMO 8515879), XIN HAI 7 (IMO 9367865)","KOREA GAS (IMO 8515879): , XIN HAI 7 (IMO 9367865): ","Republic of Korea, Tuvalu",", ","2006-03-20 04:01","","Very serious marine casualty","37° 17.00' N 126° 24.00' E","Incheon, Korea","","1","Republic of Korea"
"C0006308","2","TS KAOHSIUNG (IMO 8909094), WAN TONG","TS KAOHSIUNG (IMO 8909094): , WAN TONG: ","Singapore, Unknown",", ","2006-03-18 21:47","","Marine casualty","22° 13.00' N 114° 40.00' E","Open Sea","","0",""
"C0006934","1","PASTIME","PASTIME: ","United Kingdom","","2006-03-17 23:40","","Very serious marine casualty","50° 22.00' N 2° 11.60' W","11 miles south east of Portland Bill","","1","United Kingdom"
"C0006192","2","JOSEPHINA MARIA (IMO 9184744), OLUJA (IMO 9117624)","JOSEPHINA MARIA (IMO 9184744): , OLUJA (IMO 9117624): ","Netherlands (Kingdom of), Croatia","Fish Catching, Bulk Dry","2006-03-16 05:58","","Marine casualty","","Nordsea","Open sea","0",""
"C0005731","1","IZUMO BAY (IMO 8213598)","IZUMO BAY (IMO 8213598): ","Panama","General Cargo","2006-03-16 04:21","","Marine casualty","","DELAWARE RIVER, PORT PHILADELPHIA","","0",""
"C0005918","1","BUE SKYE (IMO 6825206)","BUE SKYE (IMO 6825206): ","United Kingdom","Other Offshore","2006-03-15 03:20","","Marine incident","60° 16.70' N 4° 11.00' W","North Sea","Open sea","0",""
"C0005839","1","CARIDDI (IMO 5063552)","CARIDDI (IMO 5063552): ","Italy","Passenger/Ro-Ro Cargo","2006-03-14 18:45","","Very serious marine casualty","","SICILY","","0",""
"C0006620","1","CARNIVAL LEGEND (IMO 9224726)","CARNIVAL LEGEND (IMO 9224726): ","Panama","Passenger","2006-03-14 11:20","","Very serious marine casualty","16° 01.00' N 82° 52.00' W","CARIBBEAN SEA","","0",""
"C0005741","2","CHARLESTON, GOLAR FREEZE (IMO 7361922)","CHARLESTON: , GOLAR FREEZE (IMO 7361922): ","Unknown, United Kingdom",", ","2006-03-14 04:18","","Marine incident","","Savannah USA","","0",""
"C0007156","1","JAN MARIA (IMO 8707446)","JAN MARIA (IMO 8707446): ","Germany","Fish Catching","2006-03-13 22:50","","Very serious marine casualty","54° 34.00' N 13° 30.00' W","about 150 nm west if Ireland","Open sea","1","Germany"
"C0005993","2","CAPTAIN P (IMO 8031093), ESTELLA (IMO 7916466)","CAPTAIN P (IMO 8031093): , ESTELLA (IMO 7916466): ","Liberia, Panama",", Oil Tanker","2006-03-12 16:16","","Marine casualty","4° 35.73' N 7° 10.48' E","AFRICA","","0",""
"C0006395","1","CICLOPE (IMO 8307947)","CICLOPE (IMO 8307947): ","Panama","General Cargo","2006-03-12 09:00","","Marine casualty","45° 38.00' N 122° 42.20' W","PORT OF VANCOUVER, WA- USA","","0",""
"C0006041","2","MARALUNGA (IMO 9005508), SIDER JOY (IMO 9285433)","MARALUNGA (IMO 9005508): , SIDER JOY (IMO 9285433): ","Italy, United Kingdom","Liquefied Gas, General Cargo","2006-03-11 21:10","","Marine incident","51° 42.90' N 3° 15.00' E","STEENBANK TRAFFIC AREA","","0",""
"C0005848","1","SC BALTIC (IMO 7393793)","SC BALTIC (IMO 7393793): ","DIS (Denmark)","General Cargo","2006-03-11 20:00","","Marine incident","59° 27.00' N 5° 14.00' E","Off Haugesund","","0",""
"C0005895","1","GOLFO ARANCI (IMO 9287584)","GOLFO ARANCI (IMO 9287584): ","Italy","Passenger/Ro-Ro Cargo","2006-03-10 17:20","","Marine incident","40° 55.00' N 9° 30.00' E","PORT OF OLBIA - SARDINIA","Port","0",""
"C0005733","1","RED FALCON (IMO 9064047)","RED FALCON (IMO 9064047): ","United Kingdom","Passenger/Ro-Ro Cargo","2006-03-10 15:58","","Marine casualty","50° 53.70' N 1° 24.40' W","Southampton ","Port","2","United Kingdom; Unknown"
"C0006351","1","TY ORCHID (IMO 9210036)","TY ORCHID (IMO 9210036): ","Republic of Korea","","2006-03-09 13:00","","Very serious marine casualty","39° 38.00' N 124° 03.00' E","Dan Dong Port in China","Port approach","0",""
"C0007154","1","B.C. SAFARI","B.C. SAFARI: ","Canada","Fish Catching","2006-03-08 17:13","","Very serious marine casualty","","Near Calacium Beach, British Columbia","","1","Unknown"
"C0006589","1","WATERMAN N (IMO 8404147)","WATERMAN N (IMO 8404147): ","Panama","Bulk Dry","2006-03-08 16:30","","Marine incident","","maasmond","Port approach","0",""
"C0005997","2","EASTERN DRAGON (IMO 9114452), YUAN DONG 101 (IMO 7509861)","EASTERN DRAGON (IMO 9114452): , YUAN DONG 101 (IMO 7509861): ","Panama, Unknown","Chemical Tanker, ","2006-03-07 19:45","","Marine casualty","31° 50.90' N 121° 53.60' E","YANGZI RIVER","","0",""
"C0006359","2","JIE YUAN 202, MALTO BLOSSOM (IMO 9266176)","JIE YUAN 202: , MALTO BLOSSOM (IMO 9266176): ","China, Panama","General Cargo, ","2006-03-07 08:20","","Very serious marine casualty","32° 15.00' N 119° 40.00' E","Chang Jiang River","River","1","China"
"C0007598","1","NEDLLOYD DE LIEFDE (IMO 9106481)","NEDLLOYD DE LIEFDE (IMO 9106481): ","Liberia","Container","2006-03-07 06:37","","Marine casualty","10° 11.00' N 78° 26.00' W","Trinidad & Tobago","Open sea","0",""
"C0006294","2","EAST CARRIER (IMO 6608282), ZHE DAI YU 15257","EAST CARRIER (IMO 6608282): , ZHE DAI YU 15257: ","Cambodia, Unknown",", Fish Catching","2006-03-06 23:55","","Marine casualty","31° 41.00' N 123° 23.00' E","Open Sea","Open sea","0",""
"C0006617","1","SPRUCE (IMO 7734167)","SPRUCE (IMO 7734167): ","Marshall Islands","","2006-03-06 17:18","","Marine incident","","Victoria docks, Hartlepool","","1","United Kingdom"
"C0005718","1","HAPPY DAY (IMO 9122863)","HAPPY DAY (IMO 9122863): ","Panama","","2006-03-06 05:50","","Marine casualty","53° 50.00' N 9° 18.00' E","FREIBURG ROADS ON THE ELBE","","0",""
"C0006312","2","GANG LONG YUN 3, STAR XINGANG (IMO 8412443)","GANG LONG YUN 3: , STAR XINGANG (IMO 8412443): ","Unknown, Panama",", ","2006-03-05 01:20","","Marine casualty","38° 23.00' N 121° 12.00' E","Laotieshan Chanel Bohai SEA.China","Inland waters","0",""
"C0005783","1","PANDION (IMO 9256420)","PANDION (IMO 9256420): ","Sweden","Chemical Tanker","2006-03-04 08:12","","Marine incident","63° 40.28' N 20° 20.15' E","Baltic Sea Holmsund, Sweden","Port approach","1","Sweden"
"C0005722","1","ISABEL BARRETO (IMO 8008589)","ISABEL BARRETO (IMO 8008589): ","Panama","","2006-03-04 05:00","","Marine incident","4° 37.00' S 81° 18.00' W","TALARA, PERU","","0",""
"C0006318","1","LUCK HARBOR (IMO 7932501)","LUCK HARBOR (IMO 7932501): ","Panama","","2006-03-03 22:35","","Marine incident","38° 59.00' N 122° 03.00' E","Bo Hai Bay","Port approach","0",""
"C0006667","1","TK BARCELONA (IMO 8508553)","TK BARCELONA (IMO 8508553): ","Malta","General Cargo","2006-03-03 22:30","","Marine casualty","","Novorossiysk","Anchorage","0",""
"C0006346","2","MAERSK DABOU (IMO 9295402), Zhe Pu Yu 31123","MAERSK DABOU (IMO 9295402): , Zhe Pu Yu 31123: ","Liberia, China",", Fish Catching","2006-03-02 19:49","","Very serious marine casualty","29° 50.00' N 123° 18.00' E","Chang Jiang River","Coastal waters","1","China"
"C0005982","1","BOTANY TRADITION (IMO 8413980)","BOTANY TRADITION (IMO 8413980): ","Panama","Chemical Tanker","2006-03-02 10:00","","Marine incident","38° 00.00' S 145° 00.00' E","IN PORT. NO.1 MARIBYNONG","","0",""
"C0006330","1","JOHANNA (IMO 9056143)","JOHANNA (IMO 9056143): ","Netherlands (Kingdom of)","Fish Catching","2006-03-02 02:50","","Marine casualty","","North sea","","0",""
"C0005745","1","OTILIA (IMO 8813697)","OTILIA (IMO 8813697): ","DIS (Denmark)","Oil Tanker","2006-03-01 06:37","","Marine incident","","Bremerhaven","Port approach","0",""
"C0006575","1","PROTECTOR (IMO 8307349)","PROTECTOR (IMO 8307349): ","Panama","Bulk Dry","2006-02-28 12:00","","Marine casualty","25° 57.70' S 32° 32.70' E","maputo channel","At berth","0",""
"C0005899","1","RAFFAELE SAVARESE","RAFFAELE SAVARESE: ","Ireland","Passenger / General Cargo","2006-02-27 12:48","","Very serious marine casualty","40° 45.00' N 14° 01.00' E","PROCIDA ISLAND","","0",""
"C0005762","1","LOWLANDS SANGUENAY (IMO 8408399)","LOWLANDS SANGUENAY (IMO 8408399): ","Panama","Bulk Dry / Oil","2006-02-27 07:33","","Marine casualty","34° 56.00' N 44° 09.00' W","ATLANTIC OCEAN","Open sea","0",""
"C0006668","1","EVANGELIA M (IMO 7908902)","EVANGELIA M (IMO 7908902): ","Malta","Bulk Dry","2006-02-26 06:20","","Marine casualty","40° 28.75' N 26° 51.22' E","Northeast of Gelibolu lighthouse","Inland waters","0",""
"C0005729","1","VARMLAND (IMO 9276341)","VARMLAND (IMO 9276341): ","United Kingdom","Container","2006-02-22 21:35","","Marine casualty","61° 06.50' N 21° 21.00' E","Rauma","","0",""
"C0005773","1","MSC SELIN (IMO 7822548)","MSC SELIN (IMO 7822548): ","Panama","Container","2006-02-22 04:34","","Marine incident","","DAR ES SALAAM","","0",""
"C0005979","1","ATLANTIC EXPRESS (IMO 8412223)","ATLANTIC EXPRESS (IMO 8412223): ","Panama","Bulk Dry","2006-02-21 17:07","","Marine casualty","46° 44.46' N 71° 17.16' W","QUEBEC BRIDGE ","","0",""
"C0006565","1","WASHINGTON (IMO 8710352)","WASHINGTON (IMO 8710352): ","Panama","Refrigerated Cargo","2006-02-21 08:00","","Marine casualty","49° 40.00' N 3° 27.20' W","ENGISH CHANNEL","","0",""
"C0006590","1","ANGLIAN WAY (IMO 7613404)","ANGLIAN WAY (IMO 7613404): ","Panama","Ro-Ro Cargo","2006-02-20 05:19","","Marine casualty","","PORT OF IPSWICH,  UK.","Port approach","0",""
"C0005690","1","PRIDE OF BILBAO (IMO 8414582)","PRIDE OF BILBAO (IMO 8414582): ","United Kingdom","Passenger/Ro-Ro Cargo","2006-02-19 12:00","","Marine incident","50° 10.00' N 5° 05.00' W","Falmouth","","0",""
"C0005691","1","LADY MAFRA (IMO 8404836)","LADY MAFRA (IMO 8404836): ","Panama","Bulk Dry","2006-02-19 12:00","","Very serious marine casualty","57° 38.20' N 9° 27.50' E","Skagerrak","","0",""
"C0006227","1","OCEAN LORD (IMO 9286592)","OCEAN LORD (IMO 9286592): ","Panama","Bulk Dry","2006-02-18 05:45","","Marine incident","53° 25.00' N 1° 48.80' E","NORTH SEA","Open sea","0",""
"C0007829","1","CMA CGM VERDI (IMO 9280653)","CMA CGM VERDI (IMO 9280653): ","Bahamas","","2006-02-18 00:58","","Marine incident","43° 18.80' N 9° 41.80' W","Off north west coast of Spain","","0",""
"C0005717","1","HENG DA 1 (IMO 9311294)","HENG DA 1 (IMO 9311294): ","Panama","Refrigerated Cargo","2006-02-17 23:07","","Marine incident","","DONGSHEN ISLAND, FUJIAN","","0",""
"C0007180","1","OTELLO","OTELLO: ","Unknown","Container","2006-02-17 06:00","","Marine incident","","in the Bay of Biscaye","","1","Unknown"
"C0005693","1","COTE D'IVOIRIAN STAR (IMO 9172478)","COTE D'IVOIRIAN STAR (IMO 9172478): ","Panama","","2006-02-17 03:45","","Marine incident","48° 08.00' N 6° 17.00' W","BAY OF BISCAY","","0",""
"C0006022","1","HENG DA 1 (IMO 9311294)","HENG DA 1 (IMO 9311294): ","Panama","","2006-02-16 23:00","","Very serious marine casualty","25° 17.30' N 119° 46.40' E","NEAR AREA OF DONGJIA ISLAND","Archipelagos","0",""
"C0005724","1","STENA EXPLORER (IMO 9080194)","STENA EXPLORER (IMO 9080194): ","United Kingdom","Passenger/Ro-Ro Cargo","2006-02-15 17:42","","Marine incident","53° 18.00' N 4° 38.00' W","Holyhead inner harbour ","","0",""
"C0006167","1","SANTA ISABEL (IMO 9120035)","SANTA ISABEL (IMO 9120035): ","Panama","Bulk Dry","2006-02-15 09:00","","Marine incident","33° 39.00' N 130° 21.00' E","KANMON PORT, FUKUOKA PREFECTURE","Port","0",""
"C0005877","1","KATHRIN (IMO 9188946)","KATHRIN (IMO 9188946): ","Switzerland","General Cargo","2006-02-12 22:32","","Marine incident","51° 14.00' N 1° 36.00' E","Dover Strait","Coastal waters","2","United Kingdom; Unknown"
"C0005984","1","BOA VISTA (IMO 7325241)","BOA VISTA (IMO 7325241): ","Panama","Ro-Ro Cargo","2006-02-12 16:25","","Marine incident","51° 42.18' N 4° 57.17' W","ARRIVAL PEMBROKE","","0",""
"C0005772","1","MSC JILHAN (IMO 8502717)","MSC JILHAN (IMO 8502717): ","Panama","Container","2006-02-10 23:30","","Marine incident","","KEIL CANAL","","0",""
"C0006271","1","BREMER VICTORIA (IMO 9226176)","BREMER VICTORIA (IMO 9226176): ","Gibraltar (United Kingdom)","","2006-02-10 22:30","","Marine casualty","60° 38.50' N 17° 58.80' E","Off Björn Island, Gulf of Bothnia","","2","United Kingdom; Gibraltar (United Kingdom)"
"C0006612","1","DISCOVERER SEVEN SEAS (IMO 7420510)","DISCOVERER SEVEN SEAS (IMO 7420510): ","Panama","Non-ship structures","2006-02-10 09:20","","Very serious marine casualty","","SOUTHERN INDIA","Open sea","0",""
"C0005728","1","ISLAND SEAWAY (IMO 8600739)","ISLAND SEAWAY (IMO 8600739): ","Malta","Ro-Ro Cargo","2006-02-09 17:30","","Marine incident","34° 53.30' N 14° 30.40' W","VALLETTA PORT, MALTA","At berth","0",""
"C0006352","2","EVER BRIGHT (IMO 8982967), MIN LIAN YU 1028","EVER BRIGHT (IMO 8982967): , MIN LIAN YU 1028: ","Tuvalu, China",", Fish Catching","2006-02-09 12:26","","Very serious marine casualty","26° 53.00' N 121° 26.00' E","East China Sea","Coastal waters","1","China"
"C0006342","2","EVER GAIN (IMO 8209092), XIN LIAN YUN GANG (IMO 9234355)","EVER GAIN (IMO 8209092): , XIN LIAN YUN GANG (IMO 9234355): ","Panama, China",", Container","2006-02-09 12:26","","Very serious marine casualty","26° 53.00' N 121° 26.00' E","East China Sea","Open sea","1","China"
"C0006328","1","ALIDA (IMO 8224418)","ALIDA (IMO 8224418): ","Netherlands (Kingdom of)","Fish Catching","2006-02-08 13:00","","Very serious marine casualty","","North Sea","Open sea","0",""
"C0005795","1","MSC IRIS (IMO 8201624)","MSC IRIS (IMO 8201624): ","Panama","Container","2006-02-07 10:30","","Marine incident","","ANTWERP SHIP REPAIR IN DRY DOCK NO. 6","","0",""
"C0006343","2","HUA ZUN (IMO 7707360), QIONG LIN GAO 10081","HUA ZUN (IMO 7707360): , QIONG LIN GAO 10081: ","Cambodia, Unknown",", Fish Catching","2006-02-07 06:26","","Very serious marine casualty","20° 10.00' N 110° 20.00' E","Qiong zhou straits","Inland waters","0",""
"C0005917","1","AURA (IMO 9287716)","AURA (IMO 9287716): ","United Kingdom","Container","2006-02-07 02:22","","Marine casualty","53° 36.60' N 9° 34.10' E","Kiel Canal","Canal","0",""
"C0005838","1","HANIFE ANA (IMO 6909064)","HANIFE ANA (IMO 6909064): ","Türkiye","General Cargo","2006-02-06 21:50","","Marine casualty","40° 47.00' N 17° 40.17' E","BRINDISI","Coastal waters","0",""
"C0006592","1","C-AKABEY (IMO 7820526)","C-AKABEY (IMO 7820526): ","Panama","Ro-Ro Cargo","2006-02-06 12:00","","Very serious marine casualty","","las palmas","Open sea","2","Panama; Panama"
"C0006379","1","PACIFIC SUN (IMO 8314122)","PACIFIC SUN (IMO 8314122): ","Bahamas","Passenger","2006-02-05 12:49","","Very serious marine casualty","","Darling harbour, Sydney","At berth","2","Australia; Australia"
"C0006567","1","TRUST FRIENDSHIP (IMO 8420220)","TRUST FRIENDSHIP (IMO 8420220): ","Panama","Oil Tanker","2006-02-05 05:40","","Marine casualty","7° 56.00' N 108° 30.00' E","international water","Open sea","0",""
"C0006568","1","OCEAN THERESE (IMO 7700594)","OCEAN THERESE (IMO 7700594): ","Panama","General Cargo","2006-02-04 21:00","","Marine casualty","63° 21.40' N 7° 45.10' E","SMOELA, NORUEGA","Coastal waters","0",""
"C0005792","1","MSC CHITRA (IMO 7814838)","MSC CHITRA (IMO 7814838): ","Panama","Container","2006-02-04 12:15","","Very serious marine casualty","10° 28.80' S 80° 52.30' W","SAN VICENTE","Open sea","0",""
"C0006419","1","TONG SHENG (IMO 8607634)","TONG SHENG (IMO 8607634): ","Panama","","2006-02-04 06:10","","Marine incident","","TAICHUNG ANCHORAGE","Anchorage","0",""
"C0005706","1","ELATION (IMO 9118721)","ELATION (IMO 9118721): ","Panama","Passenger / General Cargo","2006-02-03 07:35","","Very serious marine casualty","26° 01.00' N 90° 45.00' W","GALVESTONE - CALICA - MEXICO","","0",""
"C0005748","1","AL SALAM BOCCACCIO 98 (IMO 6921282)","AL SALAM BOCCACCIO 98 (IMO 6921282): ","Panama","Passenger/Ro-Ro Cargo","2006-02-03 01:33","","Very serious marine casualty","27° 08.85' N 34° 55.03' E","RED SEA","Open sea","5","Egypt; Egypt; Panama; Panama; Panama"
"C0005837","1","ALICAN DEVAL (IMO 7500578)","ALICAN DEVAL (IMO 7500578): ","Türkiye","General Cargo","2006-02-01 20:33","","Marine casualty","36° 38.60' N 15° 04.70' E","POZZALLO - SICILY","","0",""
"C0005903","1","MARY-LIS","MARY-LIS: ","Denmark","Fish Catching","2006-02-01 18:20","","Very serious marine casualty","54° 39.40' N 11° 06.60' E","Femer Belt","Inland waters","1","Denmark"
"C0005737","1","ARIADNE (IMO 9174634)","ARIADNE (IMO 9174634): ","Greece","Bulk Dry","2006-02-01 02:20","","Marine incident","40° 57.79' N 28° 52.91' E","ATAKOY - ISTANBUL ANCHORAGE","","0",""
"C0006420","1","WADAG II (IMO 7725714)","WADAG II (IMO 7725714): ","Panama","Bulk Dry","2006-01-28 15:34","","Marine incident","48° 59.58' N 12° 38.59' E","ROSTOCK/GERMANY, ROSTOCKER FISHEREIHAFEN- BERTH N0 24","Port","0",""
"C0005882","1","P&O NEDLLOYD GENOA (IMO 9168219)","P&O NEDLLOYD GENOA (IMO 9168219): ","United Kingdom","Container","2006-01-27 19:18","","Marine incident","50° 15.00' N 34° 02.00' W","North Atlantic Ocean","","2","United Kingdom; United Kingdom"
"C0006615","3","ALICE (IMO 8501024), PINTAIL (IMO 8101953), TWIN STAR (IMO 9171711)","ALICE (IMO 8501024): , PINTAIL (IMO 8101953): , TWIN STAR (IMO 9171711): ","Malta, Cyprus, Panama",", , Bulk Dry","2006-01-27 07:17","","Very serious marine casualty","12° 02.03' S 77° 11.80' W","PORT OF CALLAO","","0",""
"C0005750","1","HARRIX (IMO 7530884)","HARRIX (IMO 7530884): ","United Kingdom","","2006-01-25 09:00","","Marine casualty","56° 57.00' N 24° 05.00' E","Riga Latvia","At berth","0",""
"C0006800","1","HEINRICH S (IMO 9158513)","HEINRICH S (IMO 9158513): ","Germany","","2006-01-25 07:40","","Very serious marine casualty","45° 33.25' N 13° 44.30' E","Port of Koper","Port","1","Germany"
"C0005715","1","GLOBAL PEACE (IMO 8005082)","GLOBAL PEACE (IMO 8005082): ","Panama","Bulk Dry / Oil","2006-01-24 23:55","","Marine casualty","","GLADSTONE, CORAL SEA","At berth","2","Australia; Australia"
"C0005686","1","ANDREAS K (IMO 7632436)","ANDREAS K (IMO 7632436): ","Panama","Bulk Dry","2006-01-23 06:30","","Marine casualty","53° 29.00' N 8° 29.40' E","NORDENHAM","At berth","0",""
"C0006229","1","SEA BAISEN (IMO 9125815)","SEA BAISEN (IMO 9125815): ","Panama","Bulk Dry","2006-01-22 10:30","","Marine incident","53° 37.57' N 0° 11.23' W","IMMINGHAM BERTH No.9A","Port","0",""
"C0006168","2","THORDIS (IMO 8126044), ZHEN HUA 10 (IMO 7917410)","THORDIS (IMO 8126044): , ZHEN HUA 10 (IMO 7917410): ","Panama, Saint Vincent and the Grenadines","Refrigerated Cargo, ","2006-01-20 10:00","","Marine casualty","9° 58.09' N 79° 53.23' W","CRISTOBAL INNER ANCHORAGE DELTA","Anchorage","0",""
"C0005714","1","GOLD  MENAM (IMO 9141209)","GOLD  MENAM (IMO 9141209): ","Unknown","General Cargo","2006-01-20 08:15","","Marine casualty","","YOKOHAMA","","0",""
"C0006374","1","GREENHILL","GREENHILL: ","United Kingdom","Fish Catching","2006-01-19 20:02","","Very serious marine casualty","54° 15.21' N 5° 35.75' W","600m South of Ardglass harbour","","2","United Kingdom; United Kingdom"
"C0006111","1","EMERALD STAR (IMO 8333594)","EMERALD STAR (IMO 8333594): ","Belgium","","2006-01-18 19:15","","Marine incident","","Milford Haven","","2","United Kingdom; United Kingdom"
"C0005695","1","CARL MESEM (IMO 9182186)","CARL MESEM (IMO 9182186): ","Panama","","2006-01-17 13:00","","Marine incident","38° 26.00' N 131° 09.00' W","ABOUT 300 MILES OFF USA COAST","","0",""
"C0006347","2","GUI BEI YU 95538, QI HANG (IMO 8407759)","GUI BEI YU 95538: , QI HANG (IMO 8407759): ","China, Panama","Fish Catching, General Cargo","2006-01-17 04:30","","Very serious marine casualty","20° 10.00' N 109° 59.00' E","Qiong zhou straits","Inland waters","1","China"
"C0005732","1","MARIBELLA (IMO 9316672)","MARIBELLA (IMO 9316672): ","Greece","Bulk Dry","2006-01-16 06:12","","Marine incident","29° 58.95' N 90° 49.35' W","MISSISSIPI RIVER, MILE 156,2","River","0",""
"C0006663","1","CONQUEROR (IMO 8223579)","CONQUEROR (IMO 8223579): ","Malta","Bulk Dry / Oil","2006-01-15 03:00","","Very serious marine casualty","","Port of San Lorenzo","","0",""
"C0005796","1","MSC INSA (IMO 7121243)","MSC INSA (IMO 7121243): ","Panama","Container","2006-01-13 20:53","","Marine incident","42° 19.95' N 70° 59.78' W","ATLANTIC OCEAN","River","0",""
"C0005704","1","ESTELLA (IMO 7916466)","ESTELLA (IMO 7916466): ","Panama","Oil Tanker","2006-01-13 18:55","","Very serious marine casualty","6° 18.10' N 3° 19.10' E","ESCRAVOS ","","0",""
"C0005734","1","ANANGEL DYNASTY (IMO 9169603)","ANANGEL DYNASTY (IMO 9169603): ","Greece","","2006-01-13 04:55","","Marine casualty","40° 12.00' N 26° 23.60' E","DARDANELLES STRAITS","Inland waters","0",""
"C0006344","2","JIANG SHEN (IMO 8303862), MIN DING YU 2319","JIANG SHEN (IMO 8303862): , MIN DING YU 2319: ","Panama, China",", Fish Catching","2006-01-12 15:30","","Very serious marine casualty","27° 17.00' N 120° 51.00' E","East China Sea","Coastal waters","1","China"
"C0006301","2","JUMBO RIVER (IMO 8602103), LU JIAO YU 0139","JUMBO RIVER (IMO 8602103): , LU JIAO YU 0139: ","Cambodia, Unknown",", ","2006-01-12 15:30","","Very serious marine casualty","35° 13.00' N 121° 45.00' E","Open Sea","","0",""
"C0005865","2","EWL ANTILLES (IMO 9063964), HOO FINCH (IMO 8804775)","EWL ANTILLES (IMO 9063964): , HOO FINCH (IMO 8804775): ","Liberia, United Kingdom",", ","2006-01-12 15:15","","Marine incident","","Maas River, Rotterdam","","0",""
"C0005856","1","TANNISBUGT (IMO 7813377)","TANNISBUGT (IMO 7813377): ","Denmark","Fish Catching","2006-01-11 16:00","","Very serious marine casualty","54° 58.00' N 6° 31.00' E","North Sea, White Bank","Open sea","1","Denmark"
"C0006743","1","SINGELDIEP (IMO 9194074)","SINGELDIEP (IMO 9194074): ","Netherlands Antilles (Netherlands) [historical]","General Cargo","2006-01-11 14:30","","Very serious marine casualty","","Kotka, Finland","At berth","0",""
"C0005757","1","KRAKEN (IMO 9161027)","KRAKEN (IMO 9161027): ","Panama","General Cargo","2006-01-10 15:40","","Marine incident","9° 23.49' N 79° 36.31' W","ATLANTIC ANCHRAGE THE PANAMA CANAL","","0",""
"C0006364","1","OLA (IMO 7709382)","OLA (IMO 7709382): ","Panama","Container","2006-01-10 03:20","","Very serious marine casualty","21° 07.60' N 76° 10.00' W","CUBA NORTHERN COAST/PUNTA GOLETA, GIBARA","Coastal waters","1","Panama"
"C0006585","2","FARLEY MOWAT (IMO 5172602), ORIENTAL BLUEBIRD (IMO 7818078)","FARLEY MOWAT (IMO 5172602): , ORIENTAL BLUEBIRD (IMO 7818078): ","Canada, Panama",", Oil Tanker","2006-01-09 06:20","","Marine casualty","62° 58.00' N 72° 35.00' E","Antartic Sea","Open sea","0",""
"C0006353","1","SUSANN (IMO 7824584)","SUSANN (IMO 7824584): ","Saint Vincent and the Grenadines","","2006-01-08 17:00","","Very serious marine casualty","","Off Sfax (Tunisia)","","2","Saint Vincent and the Grenadines; Saint Vincent and the Grenadines"
"C0005911","1","CP VENTURE (IMO 9253727)","CP VENTURE (IMO 9253727): ","United Kingdom","Container","2006-01-08 12:22","","Marine casualty","46° 42.00' N 56° 34.10' W","Atlantic Ocean","","0",""
"C0005930","1","DANIAL (IMO 8300652)","DANIAL (IMO 8300652): ","Malta","Bulk Dry","2006-01-07 07:50","","Very serious marine casualty","","MITSUI CHIBA ICHIHARA, JAPAN","","0",""
"C0006219","1","OSTEND WAY (IMO 7816501)","OSTEND WAY (IMO 7816501): ","Panama","Ro-Ro Cargo","2006-01-07 01:00","","Marine casualty","52° 10.12' N 1° 14.27' E","FERRY WAYS UK RO-RO TERMINAL IPSWICH UK","Port","0",""
"C0007361","1","CAPE BRADLEY (IMO 9264271)","CAPE BRADLEY (IMO 9264271): ","Marshall Islands","","2006-01-06 07:19","","Marine casualty","50° 45.44' N 1° 22.85' W","Dover Strait Traffic Separation Scheme","","1","Unknown"
"C0007168","1","SIGMAGAS (IMO 9183568)","SIGMAGAS (IMO 9183568): ","Antigua and Barbuda","","2006-01-05 22:22","","Very serious marine casualty","47° 18.17' N 2° 05.36' W","In the Estuary of the Loire","","2","Antigua and Barbuda; Unknown"
"C0007166","1","KLEIN FAMILIE","KLEIN FAMILIE: ","Unknown","","2006-01-05 08:00","","Very serious marine casualty","","In the Northeastbound Lane of the off Casquets TSS","","2","France; France"
"C0005789","1","BERIT (IMO 9237371)","BERIT (IMO 9237371): ","United Kingdom","Container","2006-01-05 01:47","","Marine casualty","54° 31.17' N 12° 03.31' E","Trindelen Bank","Coastal waters","2","United Kingdom; United Kingdom"
"C0006604","1","DESH RAKSHAK (IMO 9243021)","DESH RAKSHAK (IMO 9243021): ","India","Oil Tanker","2006-01-04 08:25","","Marine casualty","","Port Phillip, Victoria","Port approach","2","Australia; Australia"
"C0005904","1","ICHNUSA (IMO 8412871)","ICHNUSA (IMO 8412871): ","Italy","Passenger / General Cargo","2006-01-03 14:00","","Marine incident","","PORT OF NAPLES","","0",""
"C0005677","1","EGON W (IMO 9279018)","EGON W (IMO 9279018): ","Netherlands (Kingdom of)","General Cargo","2006-01-02 12:30","","Marine casualty","55° 38.30' N 15° 11.80' E","Baltic Sea north of Bornholm","","0",""
"C0007831","1","CELTIC FORTUNE (IMO 8415706)","CELTIC FORTUNE (IMO 8415706): ","Bahamas","","2005-12-28 07:50","","Marine casualty","36° 32.00' N 9° 02.00' W","Off the coast of Grimsby, UK","","0",""
"C0005666","1","SYDSTRAUM (IMO 8008412)","SYDSTRAUM (IMO 8008412): ","NIS (Norway)","Oil Tanker","2005-12-28 04:50","","Marine incident","54° 32.00' N 11° 03.00' E","Between Langeland and Lolland","","0",""
"C0006821","1","AMBUJA LAKSHMI (IMO 9241372)","AMBUJA LAKSHMI (IMO 9241372): ","Mauritius","","2005-12-27 23:25","","Marine casualty","9° 58.31' N 76° 10.81' E","North entrance to the channel at Kochi Port, Kerala, India","Open sea","0",""
"C0007215","1","EEMSHORN (IMO 9114696)","EEMSHORN (IMO 9114696): ","Netherlands (Kingdom of)","General Cargo","2005-12-22 21:30","","Very serious marine casualty","","Antwerpen","At berth","0",""
"C0006664","1","GEORGE (IMO 8214683)","GEORGE (IMO 8214683): ","Malta","Bulk Dry","2005-12-22 00:40","","Very serious marine casualty","","Ghent","","0",""
"C0005942","1","FIRST CARRIER (IMO 7504263)","FIRST CARRIER (IMO 7504263): ","Saint Vincent and the Grenadines","","2005-12-21 05:30","","Very serious marine casualty","","Dar Es Salaam anchorage","Port approach","2","Saint Vincent and the Grenadines; Saint Vincent and the Grenadines"
"C0005725","1","GREEN MALOY (IMO 8804579)","GREEN MALOY (IMO 8804579): ","United Kingdom","Refrigerated Cargo","2005-12-20 18:00","","Marine incident","62° 38.80' N 12° 43.00' E","Varoy, Norway","Port approach","0",""
"C0006742","2","GULF RANGER (IMO 9070773), MANTA (IMO 9186041)","GULF RANGER (IMO 9070773): , MANTA (IMO 9186041): ","Bahamas, Netherlands Antilles (Netherlands) [historical]",", Towing / Pushing","2005-12-20 08:00","","Marine casualty","","Curacao","","0",""
"C0006191","1","HOLLAND KLIPPER (IMO 8810786)","HOLLAND KLIPPER (IMO 8810786): ","Netherlands (Kingdom of)","Refrigerated Cargo","2005-12-19 13:05","","Marine casualty","","Jeddah","Coastal waters","0",""
"C0005699","1","CHIOS SAILOR (IMO 8203476)","CHIOS SAILOR (IMO 8203476): ","Panama","","2005-12-18 06:10","","Marine incident","45° 24.00' N 78° 34.00' W","COTE ST. CATHERINGE LOCK","","0",""
"C0006694","1","MOON RIVER","MOON RIVER: ","Ireland","Passenger","2005-12-18 00:55","","Very serious marine casualty","","Off Carrick-on-Shannon","","1","Ireland"
"C0006717","1","BYTOM (IMO 7725659)","BYTOM (IMO 7725659): ","Panama","Bulk Dry / Oil","2005-12-16 00:00","","Marine casualty","53° 16.00' N 9° 03.00' W","ireland","","0",""
"C0005687","1","ANTONIS A (IMO 7923550)","ANTONIS A (IMO 7923550): ","Panama","Oil Tanker","2005-12-15 13:22","","Marine incident","29° 53.71' N 32° 33.15' E","SUEZ CANAL","","0",""
"C0006268","1","NOORDSTER","NOORDSTER: ","Belgium","Fish Catching","2005-12-13 17:35","","Very serious marine casualty","50° 35.14' N 0° 07.58' E","11.5nm South of Beachy Head","","2","United Kingdom; United Kingdom"
"C0006569","1","PRINCESS KATHERINE (IMO 8407668)","PRINCESS KATHERINE (IMO 8407668): ","Panama","","2005-12-12 08:15","","Very serious marine casualty","","DURBAN","Open sea","0",""
"C0007071","1","LE VAGABOND","LE VAGABOND: ","Unknown","Fish Catching","2005-12-10 15:45","","Very serious marine casualty","","Off Le Havre","","1","Unknown"
"C0005864","1","CP VALOUR (IMO 7718644)","CP VALOUR (IMO 7718644): ","Bermuda (United Kingdom)","Container","2005-12-09 17:09","","Very serious marine casualty","","Baia da Praia do Norte, Faial, Azores","","1","United Kingdom"
"C0005826","2","CONERO, OLYMPIA PALACE (IMO 9220330)","CONERO: , OLYMPIA PALACE (IMO 9220330): ","Unknown, Greece",", Passenger/Ro-Ro Cargo","2005-12-07 14:15","","Marine casualty","","QUEY NO. 3 - PORT OF ANCONA","Port approach","0",""
"C0005646","1","ZIEMIA LODZKA (IMO 8418746)","ZIEMIA LODZKA (IMO 8418746): ","Liberia","Bulk Dry","2005-12-07 00:35","","Marine casualty","55° 12.29' N 11° 05.45' E","The Great Belt, Denmark","Coastal waters","1","Denmark"
"C0006181","1","ARTEMIS (IMO 9278337)","ARTEMIS (IMO 9278337): ","Netherlands (Kingdom of)","General Cargo","2005-12-06 12:00","","Marine casualty","","Kieler Fjord","Coastal waters","0",""
"C0006172","2","Evadia, JOHANNA (IMO 9056143)","Evadia: , JOHANNA (IMO 9056143): ","Cyprus, Netherlands (Kingdom of)","Oil Tanker, Fish Catching","2005-12-06 07:30","","Marine casualty","","North sea","Open sea","0",""
"C0006671","2","MARITIME LADY (IMO 8415196), SUNNY BLOSSOM (IMO 8502482)","MARITIME LADY (IMO 8415196): , SUNNY BLOSSOM (IMO 8502482): ","Gibraltar (United Kingdom), Bahamas","General Cargo, ","2005-12-05 21:25","","Marine casualty","","Westbound fairway of Elbe River, south of Brunsbuttel Locks","","1","United Kingdom"
"C0006669","2","ARCTIC OCEAN (IMO 9123805), MARITIME LADY (IMO 8415196)","ARCTIC OCEAN (IMO 9123805): , MARITIME LADY (IMO 8415196): ","United Kingdom, Gibraltar (United Kingdom)",", General Cargo","2005-12-05 19:57","","Very serious marine casualty","","Elbe River, westbound fairway","","1","Gibraltar (United Kingdom)"
"C0005863","1","DIEPPE (IMO 7931997)","DIEPPE (IMO 7931997): ","France","Passenger/Ro-Ro Cargo","2005-12-05 06:52","","Marine casualty","50° 46.68' N 0° 03.57' E","Approach channel to the port of Newhaven","","1","United Kingdom"
"C0005829","1","MARGARET (IMO 7413335)","MARGARET (IMO 7413335): ","Georgia","Bulk Dry","2005-12-03 03:40","","Very serious marine casualty","","PORT OF SPEZIA","","1","Georgia"
"C0005827","2","F/V "SOVRANA DEI MARI", PARIS (IMO 7931698)","F/V "SOVRANA DEI MARI": , PARIS (IMO 7931698): ","Unknown, Georgia",", General Cargo","2005-11-30 03:15","","Very serious marine casualty","","2 N. MILES NE FROM CHIOGGIA HARBOUR","Anchorage","1","Georgia"
"C0005675","1","SOLENT FISHER (IMO 9118173)","SOLENT FISHER (IMO 9118173): ","Bahamas","Oil Tanker","2005-11-29 13:18","","Marine incident","","Plymouth","At berth","0",""
"C0005684","1","ANTHI H (IMO 9171383)","ANTHI H (IMO 9171383): ","Panama","General Cargo","2005-11-28 06:15","","Marine incident","41° 12.90' N 8° 48.50' W","LEIXOES, PORTUGAL","","0",""
"C0005853","1","VILLUM CLAUSEN (IMO 9216250)","VILLUM CLAUSEN (IMO 9216250): ","DIS (Denmark)","High Speed Craft","2005-11-26 20:48","","Marine casualty","55° 05.00' N 14° 41.00' E","Rønne harbour","Port approach","0",""
"C0005637","1","TOR ANGLIA (IMO 7707736)","TOR ANGLIA (IMO 7707736): ","DIS (Denmark)","Ro-Ro Cargo","2005-11-25 12:00","","Marine casualty","","Hormoz Strait","Coastal waters","0",""
"C0006171","1","MAERSK FLANDERS (IMO 9186637)","MAERSK FLANDERS (IMO 9186637): ","Netherlands (Kingdom of)","Ro-Ro Cargo","2005-11-25 01:00","","Marine casualty","","Off Scheveningen/ North Sea","Coastal waters","0",""
"C0006665","1","TEEN (IMO 9101649)","TEEN (IMO 9101649): ","Malta","Bulk Dry","2005-11-24 02:00","","Very serious marine casualty","","Port of New Mangalore","","0",""
"C0006458","1","SEA MAGNOLIA (IMO 8807210)","SEA MAGNOLIA (IMO 8807210): ","Panama","Bulk Dry","2005-11-23 22:15","","Marine incident","","SEATTLE, USA","","0",""
"C0006021","1","AN JIN (IMO 8115069)","AN JIN (IMO 8115069): ","China","General Cargo","2005-11-22 00:18","","Very serious marine casualty","9° 08.00' N 109° 10.00' E","SOUTH CHINA SEA","Open sea","1","China"
"C0005635","1","MARINA S (IMO 7042631)","MARINA S (IMO 7042631): ","DIS (Denmark)","General Cargo","2005-11-21 20:50","","Marine incident","57° 28.63' N 16° 49.64' E","Kalmarsund, Baltic Sea","","0",""
"C0005797","1","MSC RACHELE (IMO 9290282)","MSC RACHELE (IMO 9290282): ","Panama","","2005-11-20 15:22","","Marine casualty","51° 23.30' N 4° 02.40' E","SCHELDE RIVER","","0",""
"C0006923","1","SVEN (IMO 9134139)","SVEN (IMO 9134139): ","Germany","Container","2005-11-18 10:22","","Marine incident","53° 32.40' N 9° 57.10' E","Port of Hamburg","","1","Unknown"
"C0006456","1","ADORACION (IMO 9136632)","ADORACION (IMO 9136632): ","Panama","Liquefied Gas","2005-11-17 23:00","","Marine casualty","32° 16.00' N 128° 47.00' E","NEAR FUKUE SHIMA","","0",""
"C0005656","2","FENIX (IMO 8312734), PROTUL","FENIX (IMO 8312734): , PROTUL: ","Panama, Unknown",", ","2005-11-17 05:25","","Marine incident","","CHITTAGONG","","0",""
"C0005689","1","BOTANY TROJAN (IMO 9140451)","BOTANY TROJAN (IMO 9140451): ","Panama","","2005-11-16 15:43","","Marine incident","43° 13.00' N 74° 05.00' W","PORT OF VALLEYFIELD, CANADA","","0",""
"C0005698","1","CARNIVAL SPIRIT (IMO 9188647)","CARNIVAL SPIRIT (IMO 9188647): ","Panama","Passenger / General Cargo","2005-11-15 10:22","","Very serious marine casualty","27° 42.00' N 115° 24.00' W","AT SEA","","0",""
"C0006534","1","YK TAURUS (IMO 9130963)","YK TAURUS (IMO 9130963): ","Panama","Bulk Dry","2005-11-14 11:00","","Very serious marine casualty","3° 06.00' N 80° 09.00' E","indian ocean","Open sea","0",""
"C0006274","1","ILKA (IMO 8504947)","ILKA (IMO 8504947): ","Germany","","2005-11-14 01:36","","Marine casualty","56° 22.50' N 3° 20.80' W","Seggieden, River Tay off Perth","River","2","Germany; Germany"
"C0005738","2","FINNSAILOR (IMO 8401444), GENERAL GROT-ROWECKI (IMO 8417754)","FINNSAILOR (IMO 8401444): , GENERAL GROT-ROWECKI (IMO 8417754): ","Sweden, Malta",", Bulk Dry","2005-11-13 04:45","","Marine casualty","54° 24.52' N 12° 11.12' E","BALTIC SEA","Open sea","1","Malta"
"C0005943","1","AFRODITE S (IMO 7329326)","AFRODITE S (IMO 7329326): ","Saint Vincent and the Grenadines","","2005-11-13 02:00","","Very serious marine casualty","","PRESUMED area : Middle of Gibraltar Strait to 80nm SW of C. Spartel","Coastal waters","2","Unknown; Saint Vincent and the Grenadines"
"C0005688","1","BALTIC LEADER (IMO 8202692)","BALTIC LEADER (IMO 8202692): ","Panama","General Cargo","2005-11-12 22:55","","Marine casualty","37° 57.00' N 23° 38.00' E","PIRAEUS PORT, KERATSINI TERMINAL","At berth","0",""
"C0005657","1","FELIZ I (IMO 7919822)","FELIZ I (IMO 7919822): ","Panama","Bulk Dry / Oil","2005-11-12 12:00","","Marine incident","40° 31.36' N 26° 54.22' E","GELIBOLU LIGHTHOUSE","","0",""
"C0005765","1","LB 200 (IMO 8757790)","LB 200 (IMO 8757790): ","Panama","","2005-11-12 07:35","","Marine casualty","58° 59.20' N 1° 09.40' E","CENTRAL NORTH SEA","","0",""
"C0006263","1","PAN RIVER (IMO 9001021)","PAN RIVER (IMO 9001021): ","Panama","General Cargo","2005-11-11 03:00","","Marine casualty","29° 09.20' N 145° 18.50' E","Sea of Japan","Open sea","0",""
"C0005664","1","EVER MIGHTY (IMO 9128489)","EVER MIGHTY (IMO 9128489): ","Panama","Bulk Dry","2005-11-11 01:00","","Marine casualty","55° 54.00' N 10° 51.00' E","Hatter Rev","Coastal waters","1","Denmark"
"C0005641","1","GRETE FIGHTER (IMO 7944762)","GRETE FIGHTER (IMO 7944762): ","DIS (Denmark)","Dredging","2005-11-10 07:45","","Marine incident","58° 39.60' N 11° 12.90' E","Skagerrak Sweden","Archipelagos","0",""
"C0006459","1","SPIRIT OF ALPHA (IMO 8413942)","SPIRIT OF ALPHA (IMO 8413942): ","Panama","Bulk Dry / Oil","2005-11-07 01:45","","Marine casualty","1° 00.82' S 100° 22.03' E","PANADAG ANCHORAGE","","0",""
"C0005929","1","AKADEMIK VERESHCHAGIN (IMO 8729951)","AKADEMIK VERESHCHAGIN (IMO 8729951): ","Malta","Oil Tanker","2005-11-05 08:25","","Very serious marine casualty","","KHERSONSKIY, KHERSON, RUSSIA","","0",""
"C0005859","2","HARVESTER (IMO 7328920), STRILMOY (IMO 9328546)","HARVESTER (IMO 7328920): , STRILMOY (IMO 9328546): ","United Kingdom, Norway","Fish Catching, Offshore Supply","2005-11-04 05:48","","Very serious marine casualty","59° 16.20' N 0° 52.20' E","North Sea, 130 miles N-E of Peterhead","Open sea","2","United Kingdom; Unknown"
"C0006143","2","KOREX INCHEON (IMO 9126845), PANSTAR DREAM (IMO 9162150)","KOREX INCHEON (IMO 9126845): , PANSTAR DREAM (IMO 9162150): ","Republic of Korea, Republic of Korea","General Cargo, Passenger/Ro-Ro Cargo","2005-11-03 05:01","","Marine casualty","","In Kanmon Passage, Kanmon Port, Japan","Port","0",""
"C0005893","1","SEA ANGEL (IMO 8309361)","SEA ANGEL (IMO 8309361): ","Hong Kong, China","","2005-10-31 19:00","","Marine incident","","Port Nelson","","2","New Zealand; New Zealand"
"C0006199","1","EIDER (IMO 9285938)","EIDER (IMO 9285938): ","Hong Kong, China","Bulk Dry","2005-10-31 02:59","","Very serious marine casualty","23° 37.00' S 70° 24.00' W","Antofagasta, Chile","Anchorage","4","Chile; Chile; Chile; Hong Kong, China"
"C0007286","1","MICHIPICOTEN","MICHIPICOTEN: ","Canada","","2005-10-28 07:33","","Marine incident","46° 27.34' N 84° 28.23' W","St. Mary's River, Ontario","","1","Unknown"
"C0005653","1","CHEMROAD WING (IMO 9309502)","CHEMROAD WING (IMO 9309502): ","Panama","Chemical Tanker","2005-10-27 00:36","","Marine incident","8° 41.50' S 115° 43.90' E","LOMBOK STRAIT, INDONESIA","","0",""
"C0005928","1","HUMBER WAY (IMO 7427764)","HUMBER WAY (IMO 7427764): ","Malta","","2005-10-26 20:00","","Very serious marine casualty","","EXXTOR TERMINAL, IMMINGHAM UK","","0",""
"C0006457","1","RENUAR (IMO 9042221)","RENUAR (IMO 9042221): ","Panama","Bulk Dry / Oil","2005-10-26 03:45","","Marine incident","49° 14.00' N 67° 42.00' W","ST. LAWRENCE RIVER, CANADA","","0",""
"C0005760","1","KADUNA (IMO 7128796)","KADUNA (IMO 7128796): ","Panama","General Cargo","2005-10-25 09:39","","Marine casualty","","STAVANGER","","0",""
"C0005873","1","RODINA (IMO 7741328)","RODINA (IMO 7741328): ","Bulgaria","Bulk Dry","2005-10-24 15:21","","Marine casualty","56° 03.17' N 10° 36.20' E","Aarhus Bugt","Coastal waters","0",""
"C0006666","1","SEA HAWK 2 (IMO 7620201)","SEA HAWK 2 (IMO 7620201): ","Malta","General Cargo","2005-10-23 15:40","","Marine casualty","39° 25.16' N 26° 14.67' E","North of Lesvos Island","Coastal waters","0",""
"C0006919","1","LADY HELEN","LADY HELEN: ","Unknown","","2005-10-22 21:30","","Very serious marine casualty","55° 01.54' N 8° 27.33' W","North of Inishilly Ledges , south west of Cruit Island","","1","Unknown"
"C0007069","1","HUMBER PRINCESS (IMO 7902386)","HUMBER PRINCESS (IMO 7902386): ","United Kingdom","Oil Tanker","2005-10-22 13:20","","Marine casualty","53° 44.50' N 0° 16.30' W","Hull","Port approach","0",""
"C0005739","1","SEA-LAND RACER (IMO 9116890)","SEA-LAND RACER (IMO 9116890): ","United Kingdom","Container","2005-10-22 09:00","","Marine incident","26° 54.00' N 86° 51.00' W","Off Houston, USA","","0",""
"C0006275","1","YICK LEE (IMO 8025525)","YICK LEE (IMO 8025525): ","Panama","Bulk Dry","2005-10-20 23:00","","Marine casualty","48° 31.33' N 59° 01.52' W","AT BERTH OF PORT LOWER COVE","Port","0",""
"C0007113","1","DORIA (IMO 8614194)","DORIA (IMO 8614194): ","Germany","","2005-10-20 20:35","","Marine casualty","15° 11.60' S 12° 05.60' E","South west of the approach  to port Mamibe ","Port approach","1","Unknown"
"C0005721","1","IPSWICH WAY (IMO 7816496)","IPSWICH WAY (IMO 7816496): ","Panama","Ro-Ro Cargo","2005-10-20 19:45","","Marine incident","53° 34.93' N 0° 03.71' E","IMMINGHAM","Port approach","0",""
"C0006265","2","PEARL OF JEBEL ALY, PRIDE OF AL SALAM 95 (IMO 7204291)","PEARL OF JEBEL ALY: , PRIDE OF AL SALAM 95 (IMO 7204291): ","Unknown, Panama",", Passenger/Ro-Ro Cargo","2005-10-17 19:08","","Very serious marine casualty","29° 48.54' N 32° 32.42' E","SUEZ CANAL","","0",""
"C0005659","1","GULLHOLM (IMO 7407726)","GULLHOLM (IMO 7407726): ","Panama","General Cargo","2005-10-17 01:40","","Marine incident","","LYOSNA, SOGNEFJORD","","0",""
"C0005685","1","AFRICAN SKY (IMO 8600492)","AFRICAN SKY (IMO 8600492): ","Panama","General Cargo","2005-10-16 09:50","","Marine casualty","","EVERINGEN","","0",""
"C0006026","2","WEI SHENG (IMO 7715977), ZHE DING YU YUN 1069","WEI SHENG (IMO 7715977): , ZHE DING YU YUN 1069: ","Panama, Unknown",", ","2005-10-15 18:54","","Very serious marine casualty","30° 04.80' N 122° 36.60' E","IN THE WATERS OF ZHOUSHAN, CHINA","","0",""
"C0006601","1","MALU SARA","MALU SARA: ","Australia","Non-ship structures","2005-10-15 02:15","","Very serious marine casualty","","Torres Strait, Queensland","","3","Australia; Australia; Australia"
"C0005770","1","MAMRY II (IMO 7725702)","MAMRY II (IMO 7725702): ","Panama","Bulk Dry","2005-10-15 01:06","","Marine incident","50° 10.10' N 5° 02.30' W","FALMOUTH INNER ANCHORAGE- CROSS ROAD","","0",""
"C0005857","1","RIVER EMBLEY (IMO 8018144)","RIVER EMBLEY (IMO 8018144): ","Australia","Bulk Dry","2005-10-14 10:15","","Marine incident","","Port of Gladstone, Queensland","","2","Australia; Australia"
"C0005712","1","NORTH CHALLENGE (IMO 9196448)","NORTH CHALLENGE (IMO 9196448): ","Panama","Chemical Tanker","2005-10-14 09:42","","Very serious marine casualty","17° 19.00' N 103° 20.00' W","ACAJUTLA TO SAN FRANCISCO","Coastal waters","0",""
"C0005648","1","MSC CARMEN (IMO 7712561)","MSC CARMEN (IMO 7712561): ","Panama","Container","2005-10-12 09:55","","Very serious marine casualty","3° 57.90' S 4° 00.50' E","INDIAN OCEAN","Open sea","1","Unknown"
"C0006025","1","TASCO 1 (IMO 9125346)","TASCO 1 (IMO 9125346): ","Thailand","Oil Tanker","2005-10-12 03:20","","Marine casualty","30° 48.30' N 122° 45.30' E","IN THE WATER OF ZHOUSHAN, CHINA","Archipelagos","0",""
"C0005936","1","LERRIX (IMO 7530901)","LERRIX (IMO 7530901): ","United Kingdom","","2005-10-10 23:42","","Marine incident","","Off the Darss peninsular, Baltic Sea","","2","United Kingdom; Unknown"
"C0005651","1","CHANG AN (IMO 7900273)","CHANG AN (IMO 7900273): ","Panama","Bulk Dry / Oil","2005-10-09 05:26","","Marine casualty","17° 11.20' N 62° 51.80' W","CARIBEAN SEA, WEST OF ST KITTS","","0",""
"C0006233","1","ARCTICA (IMO 7226263)","ARCTICA (IMO 7226263): ","Panama","General Cargo","2005-10-07 12:00","","Marine incident","22° 53.39' S 43° 10.55' W","PORT RIO DE JANEIRO, VESSEL MOORED AT BERTH","Port","0",""
"C0005758","1","KS GLORY (IMO 7921813)","KS GLORY (IMO 7921813): ","Panama","Bulk Dry / Oil","2005-10-04 10:44","","Marine casualty","22° 16.25' N 91° 44.40' E","CHITTAGONG OUTER ANCHORAGE","","0",""
"C0006183","1","THALASSA (IMO 9148180)","THALASSA (IMO 9148180): ","Netherlands (Kingdom of)","General Cargo","2005-10-04 03:20","","Marine casualty","","Stettin, Poland","Port","0",""
"C0005694","1","CARNIVAL VALOR (IMO 9236389)","CARNIVAL VALOR (IMO 9236389): ","Panama","Passenger / General Cargo","2005-10-01 22:38","","Marine casualty","24° 44.00' N 79° 52.00' E","SEA","","0",""
"C0006622","1","DURGANDINI (IMO 9044487)","DURGANDINI (IMO 9044487): ","Panama","Oil Tanker","2005-09-30 11:32","","Marine casualty","","CILACAP CHANNEL","","0",""
"C0005902","2","SHINSEI MARU NO.3, ZIM ASIA (IMO 9113654)","SHINSEI MARU NO.3: , ZIM ASIA (IMO 9113654): ","Japan, Israel","Fish Catching, Container","2005-09-28 02:30","","Very serious marine casualty","43° 03.10' N 146° 04.00' E","Off the South-East of Nosappu Misaki, Hokkaido, Japan","Open sea","4","Israel; Israel; Japan; Japan"
"C0007881","1","REGINA BALTICA (IMO 7827225)","REGINA BALTICA (IMO 7827225): ","Estonia","Passenger/Ro-Ro Cargo","2005-09-27 22:36","","Marine casualty","59° 44.20' N 19° 13.90' E","Baltic Sea, Stockholm Archipelago, Leskärsgrund ","Archipelagos","0",""
"C0007122","1","CAST PROSPERITY (IMO 9313199)","CAST PROSPERITY (IMO 9313199): ","Germany","","2005-09-26 19:02","","Marine casualty","46° 13.48' N 72° 46.24' W","Lac Saint-Pierre, Quebec","","1","Unknown"
"C0007125","1","CANADIAN LEADER (IMO 6719330)","CANADIAN LEADER (IMO 6719330): ","Canada","","2005-09-26 01:17","","Marine casualty","46° 33.40' N 72° 07.56' W","Deschaillons-sur-Saint-Laurent, Quebec","","1","Unknown"
"C0006024","1","XIANG TU (IMO 8831845)","XIANG TU (IMO 8831845): ","China","General Cargo","2005-09-24 13:24","","Marine incident","34° 01.00' N 129° 14.00' E","OPEN SEA","Open sea","0",""
"C0006272","1","SARDEGNA (IMO 7359539)","SARDEGNA (IMO 7359539): ","Panama","Oil Tanker","2005-09-23 14:45","","Very serious marine casualty","27° 46.00' N 122° 28.00' E","SOUTH CHINA SEA","Open sea","0",""
"C0005775","1","MSC MALIN (IMO 8201636)","MSC MALIN (IMO 8201636): ","Panama","Container","2005-09-23 08:15","","Marine casualty","","NORTH SEA","","0",""
"C0005799","1","MARIANELA (IMO 7908574)","MARIANELA (IMO 7908574): ","Panama","","2005-09-22 20:30","","Marine incident","19° 24.90' N 79° 38.10' W","CARIBE","","0",""
"C0005683","1","APACHE I (IMO 8306711)","APACHE I (IMO 8306711): ","Panama","Oil Tanker","2005-09-20 22:50","","Marine incident","41° 05.35' N 29° 03.85' E","ISTANBUL STRAIT KANDILLI AREA","","0",""
"C0006174","1","FOWAIRET (IMO 9152260)","FOWAIRET (IMO 9152260): ","Qatar","Container","2005-09-20 05:00","","Marine casualty","","Westerschelde","Inland waters","0",""
"C0006623","2","CANPOTEX RESURRECTION (IMO 9277474), KAPITAN NAZAREV (IMO 8416542)","CANPOTEX RESURRECTION (IMO 9277474): , KAPITAN NAZAREV (IMO 8416542): ","Panama, Cyprus","Bulk Dry, ","2005-09-19 23:15","","Marine casualty","","KAKINADA","","0",""
"C0005851","1","YIOMARAL (IMO 9005235)","YIOMARAL (IMO 9005235): ","Liberia","","2005-09-17 13:30","","Marine incident","57° 49.00' N 10° 23.00' E","Skagerrak","Open sea","1","Denmark"
"C0005920","1","BRO TRAVELLER (IMO 8705321)","BRO TRAVELLER (IMO 8705321): ","Sweden","","2005-09-17 07:36","","Marine incident","53° 20.61' N 6° 07.19' W","Dublin Bay","Port approach","1","Sweden"
"C0005940","1","LEEUWIN II (IMO 8510855)","LEEUWIN II (IMO 8510855): ","Australia","","2005-09-16 17:57","","Marine incident","25° 29.18' S 113° 32.51' E","Shark Bay","","2","Australia; Australia"
"C0006095","1","OPAL NAREE (IMO 8210388)","OPAL NAREE (IMO 8210388): ","Thailand","","2005-09-15 16:30","","Marine casualty","","Dampier","","2","Australia; Australia"
"C0007613","2","CCNI TOKYO (IMO 9006502), YASMY","CCNI TOKYO (IMO 9006502): , YASMY: ","Liberia, Unknown",", Fish Catching","2005-09-15 15:53","","Very serious marine casualty","3° 01.20' S 80° 35.90' W","Gulf of Gyayaqui, Ecuador","Open sea","0",""
"C0005970","1","SHAN HAI (IMO 9155339)","SHAN HAI (IMO 9155339): ","China","","2005-09-15 05:10","","Very serious marine casualty","","port of Durban","","2","South Africa; South Africa"
"C0007364","1","MELINA & KEITH","MELINA & KEITH: ","Canada","Fish Catching","2005-09-12 15:29","","Very serious marine casualty","48° 55.50' N 51° 17.50' W","Bonavista, Newfoundland and Labrador, 70 nm E","","1","Unknown"
"C0005926","1","LEADER I (IMO 8026672)","LEADER I (IMO 8026672): ","Malta","Bulk Dry","2005-09-12 03:26","","Very serious marine casualty","32° 54.70' N 126° 29.50' E","20 MILES SOUTH OF CHEYUDO ISLANDS","","0",""
"C0006768","1","SAFE CONCORDIA (IMO 8768127)","SAFE CONCORDIA (IMO 8768127): ","Panama","Other Offshore","2005-09-12 00:48","","Marine casualty","39° 48.50' S 145° 51.80' E","Bass Strait, Australia","","1","Australia"
"C0005709","1","GERTRUDE (IMO 8907292)","GERTRUDE (IMO 8907292): ","Panama","Oil Tanker","2005-09-10 03:49","","Marine incident","1° 15.03' N 103° 25.40' E","GREAT MALACA STRAIT","","0",""
"C0006999","1","BLUE SINATA","BLUE SINATA: ","United Kingdom","Fish Catching","2005-09-08 12:05","","Very serious marine casualty","50° 36.53' N 2° 22.27' W","weymouth Bay","","1","United Kingdom"
"C0005711","1","GAZ SUEZ (IMO 7501376)","GAZ SUEZ (IMO 7501376): ","Panama","Liquefied Gas","2005-09-06 08:25","","Marine incident","16° 16.20' N 115° 24.50' E","SOUTH CHINA SEA","Open sea","0",""
"C0006273","1","TIWAI MARU (IMO 8323721)","TIWAI MARU (IMO 8323721): ","Panama","Passenger / General Cargo","2005-09-05 11:35","","Very serious marine casualty","1° 34.00' S 73° 53.00' E","INDIA","Open sea","0",""
"C0005661","1","VINLAND SAGA (IMO 8126549)","VINLAND SAGA (IMO 8126549): ","DIS (Denmark)","General Cargo","2005-09-05 10:00","","Very serious marine casualty","36° 53.00' N 122° 55.00' E","yellow sea","Open sea","1","Denmark"
"C0005896","1","JUPITER 6 (IMO 7391745)","JUPITER 6 (IMO 7391745): ","Saint Vincent and the Grenadines","","2005-09-05 00:00","","Very serious marine casualty","35° 52.60' S 23° 25.90' E","South-West of Port Elizabeth (South Africa) between Cape Agulhas and Cape Recife","Open sea","2","Unknown; Saint Vincent and the Grenadines"
"C0005793","1","MOMBASA STAR (IMO 7812165)","MOMBASA STAR (IMO 7812165): ","Panama","General Cargo","2005-09-04 13:37","","Very serious marine casualty","20° 25.50' N 38° 52.00' E","RED SEA","","0",""
"C0005784","1","ANGLIAN SOVEREIGN (IMO 9262742)","ANGLIAN SOVEREIGN (IMO 9262742): ","United Kingdom","Towing / Pushing","2005-09-03 21:37","","Marine casualty","60° 07.60' N 1° 23.00' W","Shetland Islands","Archipelagos","2","United Kingdom; Unknown"
"C0007416","1","MONARCH OF THE SEAS (IMO 8819500)","MONARCH OF THE SEAS (IMO 8819500): ","Bahamas","Passenger","2005-09-02 09:00","","Very serious marine casualty","","Los Angeles","","1","Bahamas"
"C0006473","1","PACIFIC HOPE (IMO 8914697)","PACIFIC HOPE (IMO 8914697): ","Panama","Bulk Dry / Oil","2005-09-02 02:40","","Marine casualty","32° 40.30' S 60° 43.60' W","AT SAN LORENZO","","0",""
"C0006470","1","ORIENT BRILLIANCE (IMO 8417883)","ORIENT BRILLIANCE (IMO 8417883): ","Panama","Bulk Dry / Oil","2005-08-29 09:50","","Marine casualty","15° 14.00' S 75° 19.00' W","OFF PORT SAN NICHOLAS PERU. S. PACIFIC","","0",""
"C0006554","1","PATRIZIA D'AMATO (IMO 9296066)","PATRIZIA D'AMATO (IMO 9296066): ","Panama","Bulk Dry","2005-08-29 08:20","","Marine casualty","","New Orleans, Mississippi River","","0",""
"C0006555","1","PATRIZIA D'AMATO (IMO 9296066)","PATRIZIA D'AMATO (IMO 9296066): ","Panama","","2005-08-29 08:20","","Marine casualty","","New Orleans, Mississippi River","","0",""
"C0005654","1","CHIOS BEAUTY (IMO 7525671)","CHIOS BEAUTY (IMO 7525671): ","Panama","Bulk Dry / Oil","2005-08-29 05:50","","Marine incident","29° 57.30' N 90° 02.40' W","MISSISSIPPI RIVER","At berth","0",""
"C0004749","1","OVERSEAS UNITED (IMO 8151386)","OVERSEAS UNITED (IMO 8151386): ","Tuvalu","Oil Tanker","2005-08-29 02:05","","Very serious marine casualty","6° 22.30' N 103° 58.00' E","St. of Malacca","Open sea","0",""
"C0006367","1","HARVEST HOPE (IMO 9144550)","HARVEST HOPE (IMO 9144550): ","United Kingdom","Fish Catching","2005-08-28 16:53","","Very serious marine casualty","57° 55.12' N 0° 46.04' W","North Sea, 40 miles N-E of Peterhead","","2","United Kingdom; Unknown"
"C0007001","1","BIG YELLOW","BIG YELLOW: ","Unknown","","2005-08-26 12:45","","Marine casualty","50° 13.20' N 5° 28.60' W","Porthmeor beach St Ives Bay, Cornwall","","1","Unknown"
"C0006264","2","OCEAN BLOSSOM (IMO 9119232), QINHUGDAO","OCEAN BLOSSOM (IMO 9119232): , QINHUGDAO: ","Panama, Unknown","Chemical Tanker, ","2005-08-22 21:58","","Marine casualty","38° 36.23' N 120° 53.60' E","OPEN SEA","Open sea","0",""
"C0005836","1","SEAN CRISTOPHER (IMO 7427568)","SEAN CRISTOPHER (IMO 7427568): ","Italy","Towing / Pushing","2005-08-21 21:00","","Marine casualty","38° 35.06' N 11° 05.76' E","PALERMO - SICILY","Open sea","0",""
"C0005652","1","CHEER ARROW (IMO 6817601)","CHEER ARROW (IMO 6817601): ","Panama","","2005-08-20 14:30","","Marine casualty","17° 13.70' N 142° 45.20' E","WEST PACIFIC - PHILIPPINE SEA","","0",""
"C0006103","1","EKEN (IMO 9263564)","EKEN (IMO 9263564): ","Sweden","","2005-08-19 16:00","","Very serious marine casualty","59° 20.00' N 13° 07.00' E","Gruvön","Port","2","Sweden; Sweden"
"C0004746","2","HALIFAX (IMO 8810932), HALIFAX (IMO 8810932)","HALIFAX (IMO 8810932): , HALIFAX (IMO 8810932): ","Malta, Malta","Oil Tanker, Oil Tanker","2005-08-19 01:38","","Marine casualty","","HAMBURG RIVER PILOTAGE","River","1","Unknown"
"C0005830","2","JANAS (IMO 9222534), PROSODIE","JANAS (IMO 9222534): , PROSODIE: ","Italy, Unknown","Passenger/Ro-Ro Cargo, ","2005-08-18 12:55","","Very serious marine casualty","","28NM SE CAPRERA ISLAND (SARDINIA) ITALY","","0",""
"C0005749","1","AMERICAN EXPLORER (IMO 8212829)","AMERICAN EXPLORER (IMO 8212829): ","Vanuatu","Research","2005-08-18 11:30","","Marine incident","58° 36.00' N 4° 50.00' E","North Sea ","","1","Vanuatu"
"C0008070","1","BRO CHARLOTTE (IMO 9133068)","BRO CHARLOTTE (IMO 9133068): ","France","","2005-08-17 00:10","","Marine casualty","38° 57.80' N 121° 58.08' E","Dalian","","1","France"
"C0005710","1","GAS VISION (IMO 9115303)","GAS VISION (IMO 9115303): ","Panama","Liquefied Gas","2005-08-14 02:35","","Very serious marine casualty","24° 16.20' N 58° 34.00' E","NEAR BY OMAN (OPEN SEA)","Open sea","0",""
"C0005891","2","ASIA CONCERTO (IMO 9173044), PINE PIA (IMO 9102825)","ASIA CONCERTO (IMO 9173044): , PINE PIA (IMO 9102825): ","Cyprus, Republic of Korea","General Cargo, General Cargo","2005-08-10 06:14","","Very serious marine casualty","33° 43.80' N 132° 14.60' E","South of Iyo Nada Heigun Shima, Seto Inland Sea","Coastal waters","2","Japan; Japan"
"C0005907","1","NEW AUSPICIOUS (IMO 9149378)","NEW AUSPICIOUS (IMO 9149378): ","Panama","Bulk Dry","2005-08-09 22:58","","Marine casualty","48° 09.00' N 104° 37.94' E","CHANNEL OF KIJANG, BINTAN ISLAND","","0",""
"C0006685","3","MORNING HARUKA (IMO 9313266), OTAKOU (IMO 8803721), PURBECK (IMO 7528489)","MORNING HARUKA (IMO 9313266): , OTAKOU (IMO 8803721): , PURBECK (IMO 7528489): ","Liberia, New Zealand, New Zealand",", Fish Catching, Passenger/Ro-Ro Cargo","2005-08-09 20:20","","Marine incident","","Cook Strait","","1","New Zealand"
"C0006926","1","SEEHUND I","SEEHUND I: ","Germany","Other Activities","2005-08-09 09:30","","Very serious marine casualty","54° 02.00' N 8° 34.50' E","North sea, in the  sϋderpiep navigation chanel ","","2","Germany; Unknown"
"C0006169","2","JACOBA ALIJDA, SHINOUSSA (IMO 8618920)","JACOBA ALIJDA: , SHINOUSSA (IMO 8618920): ","Netherlands (Kingdom of), Greece","Fish Catching, Oil Tanker","2005-08-09 01:00","","Marine casualty","","North Sea","","0",""
"C0006613","1","NATIONAL PROSPERITY (IMO 9110511)","NATIONAL PROSPERITY (IMO 9110511): ","Liberia","Bulk Dry","2005-08-06 06:40","","Marine casualty","","HOPING","","0",""
"C0006931","1","CASTLETOWN (IMO 8111099)","CASTLETOWN (IMO 8111099): ","Ireland","","2005-08-05 06:05","","Very serious marine casualty","","60 miles south of Galley Head on the Cork Coast","","2","Unknown; Ireland"
"C0005670","2","ARNGAST (IMO 5387740), ATLANTIC (IMO 9135676)","ARNGAST (IMO 5387740): , ATLANTIC (IMO 9135676): ","Germany, Marshall Islands","General Cargo, Bulk Dry","2005-08-04 10:50","","Marine incident","54° 43.00' N 10° 47.00' E","DW Route East of Langeland","Coastal waters","1","Denmark"
"C0006924","1","ATLANTIC","ATLANTIC: ","Unknown","","2005-08-03 13:30","","Marine casualty","54° 09.80' N 13° 44.80' E","Pennestrom, Baltic sea","","1","Unknown"
"C0005777","1","MOL DISCOVERY (IMO 9021253)","MOL DISCOVERY (IMO 9021253): ","Panama","","2005-08-03 08:35","","Marine incident","","SEATTLE, U.S.A.","","0",""
"C0006236","1","OSTRIA I (IMO 7370155)","OSTRIA I (IMO 7370155): ","Panama","Chemical Tanker","2005-08-01 01:50","","Marine incident","39° 15.00' N 25° 28.00' E","CANAKKALE STRAIGHTS","","0",""
"C0005707","1","ETHNOS (IMO 7618296)","ETHNOS (IMO 7618296): ","Panama","General Cargo","2005-07-31 02:30","","Marine incident","34° 28.61' S 24° 26.26' E","SOUTH INDIAN OCEAN","","0",""
"C0005849","1","BRITTA BROCK (IMO 8510960)","BRITTA BROCK (IMO 8510960): ","Denmark","Fish Catching","2005-07-30 21:20","","Very serious marine casualty","54° 17.00' N 7° 25.00' E","North Sea","Open sea","1","Denmark"
"C0004732","1","BEHICE (IMO 8914312)","BEHICE (IMO 8914312): ","Malta","General Cargo","2005-07-28 06:15","","Marine casualty","","21 8.24N 113 12E","Open sea","0",""
"C0005705","2","EISHO MARU 1 (IMO 9259575), JOYANG SUNSHINE","EISHO MARU 1 (IMO 9259575): , JOYANG SUNSHINE: ","Panama, Unknown","General Cargo, ","2005-07-27 04:30","","Very serious marine casualty","34° 11.00' N 126° 53.00' E","SOUTH KOREA","Coastal waters","0",""
"C0005884","1","CEC PACIFIC (IMO 9000778)","CEC PACIFIC (IMO 9000778): ","Isle of Man (United Kingdom)","General Cargo","2005-07-26 10:45","","Marine incident","","Zanzibar","","2","United Kingdom; Isle of Man (United Kingdom)"
"C0006914","1","OCEAN TOR","OCEAN TOR: ","Canada","Fish Catching","2005-07-26 05:00","","Marine incident","48° 20.20' N 125° 31.60' W","West of Cape Flattery, Washington, united States","","1","Unknown"
"C0007072","1","ALIADO","ALIADO: ","Germany","","2005-07-25 00:00","","Marine casualty","54° 58.00' N 10° 42.50' E","Fairway of Rudkobing Lob","","1","Unknown"
"C0005658","1","FU HENG STAR (IMO 8000290)","FU HENG STAR (IMO 8000290): ","Panama","","2005-07-24 11:00","","Marine incident","5° 31.12' S 149° 15.80' E","SAUREN, WEST NEW BRITAIN","","0",""
"C0005708","1","FU HENG STAR (IMO 8000290)","FU HENG STAR (IMO 8000290): ","Panama","General Cargo","2005-07-24 09:45","","Marine incident","5° 30.00' S 148° 01.58' E","SLIGHT SEA","","0",""
"C0005719","1","HANG TA (IMO 9149354)","HANG TA (IMO 9149354): ","Panama","Bulk Dry / Oil","2005-07-24 07:05","","Marine incident","","ISE WAN ANCHORAGE, NAGOYA, JAPAN","","0",""
"C0006536","1","LAKE TEGA (IMO 9237101)","LAKE TEGA (IMO 9237101): ","Panama","Bulk Dry","2005-07-24 00:00","","Marine incident","","haldia port","","0",""
"C0005759","1","KAPTEINIS KULINICS (IMO 8131568)","KAPTEINIS KULINICS (IMO 8131568): ","Panama","Other Fishing","2005-07-23 09:30","","Very serious marine casualty","","HARBOUR, ALEUTIAN ISLAND, ALASKA","","0",""
"C0005716","1","NICKOLAOS (IMO 9171371)","NICKOLAOS (IMO 9171371): ","Panama","General Cargo","2005-07-22 18:17","","Marine incident","","AT PORT - SOREL CANADA","","0",""
"C0006826","1","EDNA MARIA (IMO 7038111)","EDNA MARIA (IMO 7038111): ","Comoros","General Cargo","2005-07-22 18:00","","Very serious marine casualty","13° 40.80' N 92° 55.40' E","entrance to channel at Kochi Port, India","Coastal waters","0",""
"C0005939","1","LEEUWIN II (IMO 8510855)","LEEUWIN II (IMO 8510855): ","Australia","","2005-07-22 16:00","","Marine incident","","Prince Frederick Harbour","Inland waters","2","Australia; Australia"
"C0006540","1","TRADEWIND SUNRISE (IMO 8914817)","TRADEWIND SUNRISE (IMO 8914817): ","Panama","Oil Tanker","2005-07-22 15:00","","Marine casualty","10° 39.90' N 61° 38.20' W","CHAUGARAMAS ANCHORAGE","","1","Unknown"
"C0004745","1","GLACIER (IMO 9004401)","GLACIER (IMO 9004401): ","Malta","Refrigerated Cargo","2005-07-21 23:45","","Very serious marine casualty","","72 20'N  006 11'E","","0",""
"C0006714","1","YAMATO (IMO 9001289)","YAMATO (IMO 9001289): ","Panama","Bulk Dry","2005-07-20 08:52","","Very serious marine casualty","27° 34.00' S 70° 19.00' E","INDIAN OCEAN","Open sea","0",""
"C0005776","1","MSC SHEILA (IMO 9180968)","MSC SHEILA (IMO 9180968): ","Panama","Container","2005-07-20 08:34","","Very serious marine casualty","12° 19.44' S 13° 29.39' E","LOBITO, ANGOLA","At berth","0",""
"C0006089","1","SAVANNAH EXPRESS (IMO 9294989)","SAVANNAH EXPRESS (IMO 9294989): ","Germany","","2005-07-19 12:46","","Marine casualty","","Southampton Docks","","2","United Kingdom; United Kingdom"
"C0006929","1","CATHERINE L","CATHERINE L: ","Unknown","Fish Catching","2005-07-18 20:00","","Very serious marine casualty","54° 07.00' N 9° 01.00' W","Owey Island, Co. Donegal","","1","Unknown"
"C0005771","1","MSC SHEILA (IMO 9180968)","MSC SHEILA (IMO 9180968): ","Panama","Container","2005-07-18 08:34","","Marine casualty","","LOBITO","At berth","0",""
"C0005764","1","LOYALTY (IMO 8311493)","LOYALTY (IMO 8311493): ","Panama","Oil Tanker","2005-07-18 05:12","","Marine casualty","40° 28.70' N 73° 55.40' W","AMBROSE PILOT STATION, NEW YORK","Port approach","0",""
"C0004724","1","WEI HANG 9 (IMO 8317045)","WEI HANG 9 (IMO 8317045): ","Malta","General Cargo","2005-07-18 05:10","","Very serious marine casualty","","35 32N 140 49.23E","","1","Japan"
"C0006996","1","CARRIE KATE","CARRIE KATE: ","United Kingdom","","2005-07-16 22:20","","Very serious marine casualty","50° 09.20' N 5° 01.50' W","New Castle Point, St Mawes, Cornwall","","1","Unknown"
"C0005697","1","CORONA Z (IMO 7368059)","CORONA Z (IMO 7368059): ","Panama","General Cargo","2005-07-15 12:30","","Very serious marine casualty","41° 16.30' N 29° 04.00' E","KILYOS ANCHORAGE","","0",""
"C0005892","2","KYOKUYO MARU (IMO 8712788), NIKKO MARU (IMO 9061617)","KYOKUYO MARU (IMO 8712788): , NIKKO MARU (IMO 9061617): ","Japan, Japan","Oil Tanker, Chemical Tanker","2005-07-15 04:05","","Very serious marine casualty","33° 46.00' N 136° 19.50' E","Kumanonada, south coast of Japan","","2","Japan; Japan"
"C0005696","1","CARNIVAL LEGEND (IMO 9224726)","CARNIVAL LEGEND (IMO 9224726): ","Panama","Passenger / General Cargo","2005-07-13 05:20","","Marine incident","19° 22.00' N 64° 48.00' W","N. ATLANTIC","Open sea","0",""
"C0006748","1","NORMAN SPIRIT (IMO 8908466)","NORMAN SPIRIT (IMO 8908466): ","United Kingdom","Passenger","2005-07-11 01:45","","Very serious marine casualty","50° 13.60' N 0° 35.00' W","English Channel","","1","United Kingdom"
"C0007002","1","SEA SNAKE","SEA SNAKE: ","Unknown","","2005-07-10 01:50","","Very serious marine casualty","53° 52.07' N 5° 24.10' W","Near the entrance of Tarbert harbour, Loch Fyne","","1","Unknown"
"C0007120","1","KU-EE-TU","KU-EE-TU: ","Unknown","","2005-07-09 18:30","","Very serious marine casualty","","Lough Dergh, North of Ballina, Co Tipperary","","1","Unknown"
"C0005927","1","QINGDAO STAR (IMO 8322569)","QINGDAO STAR (IMO 8322569): ","Malta","Container","2005-07-09 15:40","","Very serious marine casualty","22° 18.00' N 114° 05.30' E","HONG KONG WESTERN ANCHORAGE","","0",""
"C0004723","1","SABA (IMO 8312019)","SABA (IMO 8312019): ","Malta","Bulk Dry","2005-07-08 09:55","","Very serious marine casualty","","14 30N 112 28.2E","","0",""
"C0004736","1","BLANKENESE (IMO 8412390)","BLANKENESE (IMO 8412390): ","Malta","General Cargo","2005-07-06 18:10","","Marine casualty","","BALTIC SEA 56 42'N  18 35'E","Open sea","0",""
"C0005852","1","BETATANK II (IMO 8613798)","BETATANK II (IMO 8613798): ","Liberia","Oil Tanker","2005-07-05 23:05","","Marine casualty","57° 29.00' N 10° 42.00' E","Kattegat","Anchorage","0",""
"C0005983","2","BENTE KOSAN (IMO 9196333), MARBLUE (IMO 7374577)","BENTE KOSAN (IMO 9196333): , MARBLUE (IMO 7374577): ","Panama, Panama","Liquefied Gas, ","2005-07-04 07:49","","Marine casualty","1° 17.90' N 104° 10.40' E","East OPL Anchorage, Singapore","","0",""
"C0007003","1","MOLLYANNA","MOLLYANNA: ","Unknown","","2005-07-02 14:30","","Very serious marine casualty","","North East of Puffin Island","","1","Unknown"
"C0006101","1","AURIGA","AURIGA: ","United Kingdom","Fish Catching","2005-06-30 10:50","","Very serious marine casualty","54° 31.00' N 5° 23.00' W","5.5 miles N.E. of Portavogie, Northern Ireland","","2","United Kingdom; United Kingdom"
"C0006925","1","QUEEN OF OAK BAY (IMO 7902283)","QUEEN OF OAK BAY (IMO 7902283): ","Canada","","2005-06-30 10:08","","Marine casualty","","Horseshoe Bay, British columbia","","1","Unknown"
"C0006362","1","MORNING SUNRISE","MORNING SUNRISE: ","Canada","Fish Catching","2005-06-29 16:40","","Very serious marine casualty","49° 56.89' N 124° 55.92' W","Off Savary Island, Northern Georgia Strait, B.C.","","2","Canada; Unknown"
"C0005768","1","MSC GRACE (IMO 8918057)","MSC GRACE (IMO 8918057): ","Panama","Bulk Dry","2005-06-29 12:15","","Marine casualty","51° 22.78' N 3° 57.19' E","ANTWERP","","0",""
"C0006102","1","CONFEDERATION (IMO 9050008)","CONFEDERATION (IMO 9050008): ","Canada","","2005-06-27 17:27","","Marine incident","","Wood Islands, Prince Edward Island","","2","Canada; Canada"
"C0005989","1","CHUBASCO V (IMO 5145972)","CHUBASCO V (IMO 5145972): ","Panama","General Cargo","2005-06-27 14:20","","Very serious marine casualty","9° 20.40' N 79° 54.29' W","PORT OF CRISTOBAL","","0",""
"C0005769","1","MODERN DRIVE (IMO 9188817)","MODERN DRIVE (IMO 9188817): ","Panama","Bulk Dry","2005-06-26 21:45","","Marine incident","38° 24.00' N 138° 39.00' E","NIIGATA PREFECTURE","","0",""
"C0006277","1","WALRUS (IMO 8709573)","WALRUS (IMO 8709573): ","Panama","Passenger","2005-06-26 06:05","","Marine casualty","22° 07.40' N 114° 15.30' E","COASTAL WATERS (WITHIN 12 MILES)","Coastal waters","0",""
"C0005665","1","POCHARD (IMO 9262534)","POCHARD (IMO 9262534): ","Antigua and Barbuda","Bulk Dry","2005-06-26 04:40","","Marine casualty","55° 54.00' N 10° 50.00' E","Hatter Rev","Coastal waters","1","Denmark"
"C0006772","3","China Steel Growth (IMO 9220213), CHINA STEEL GROWTH (IMO 9220213), PILSUM (IMO 9161687)","China Steel Growth (IMO 9220213): , CHINA STEEL GROWTH (IMO 9220213): , PILSUM (IMO 9161687): ","Unknown, Unknown, Liberia",", , Bulk Dry","2005-06-24 09:39","","Marine casualty","32° 30.00' S 153° 30.00' E","Newcastle","Anchorage","1","Australia"
"C0006179","1","JOHANNES (IMO 8205797)","JOHANNES (IMO 8205797): ","Netherlands (Kingdom of)","Fish Catching","2005-06-22 14:00","","Very serious marine casualty","","North Sea","Open sea","0",""
"C0005800","1","MIRELLA (IMO 8222800)","MIRELLA (IMO 8222800): ","Panama","","2005-06-22 01:05","","Marine incident","40° 24.00' N 26° 59.00' E","CANAKKALE STRAIT","","0",""
"C0006221","1","BALSA 54 (IMO 9136864)","BALSA 54 (IMO 9136864): ","Panama","General Cargo","2005-06-20 06:51","","Marine casualty","17° 57.83' N 76° 48.75' W","OFF POND MOUTH BEACON ABOUT 0.12N.M KINGSTON","Port","0",""
"C0006491","1","QUEEN ZENOBIA (IMO 9256535)","QUEEN ZENOBIA (IMO 9256535): ","Panama","Liquefied Gas","2005-06-18 22:25","","Marine casualty","","ESSO JETTY NR. 2 FAWLEY - UK","","0",""
"C0005774","1","MINERAL OAK (IMO 9122784)","MINERAL OAK (IMO 9122784): ","Panama","Bulk Dry","2005-06-18 14:45","","Marine casualty","37° 56.18' N 8° 51.27' W","AT BERTH, MULTIPURPOSE TERMINA A-1, SINES","","0",""
"C0006469","1","TOYO No. 5 (IMO 8521799)","TOYO No. 5 (IMO 8521799): ","Panama","General Cargo","2005-06-15 08:26","","Marine incident","","HIBIKINADA QUAY, PORT OF WAKAMATSU,JAPAN","","0",""
"C0006677","1","VALPARAISO STAR (IMO 8713586)","VALPARAISO STAR (IMO 8713586): ","Bahamas","","2005-06-15 08:17","","Very serious marine casualty","","Setubal","At berth","1","Bahamas"
"C0006023","2","IL JIN 3, ZHE HAI 128 (IMO 8405361)","IL JIN 3: , ZHE HAI 128 (IMO 8405361): ","Unknown, China",", ","2005-06-12 06:14","","Marine incident","35° 26.70' N 129° 28.40' E","ONSAN KOREA","Anchorage","0",""
"C0005655","1","CHUN HO (IMO 8822260)","CHUN HO (IMO 8822260): ","Panama","Bulk Dry","2005-06-11 23:20","","Very serious marine casualty","14° 00.00' N 125° 02.00' E","EASTERN OF PHILIPINE","","0",""
"C0006913","1","QUINTANA  ROO","QUINTANA  ROO: ","Canada","","2005-06-08 22:50","","Very serious marine casualty","","Kelowna, British Columbia","","1","Unknown"
"C0004744","1","KIPEROUSA (IMO 8407278)","KIPEROUSA (IMO 8407278): ","Malta","Bulk Dry","2005-06-07 09:00","","Marine incident","","33 21.48'S,  27 25.30'E","Coastal waters","0",""
"C0005880","1","ELEFTHERIA (IMO 8204418)","ELEFTHERIA (IMO 8204418): ","Panama","Bulk Dry","2005-06-05 04:00","","Marine casualty","55° 13.70' N 11° 05.20' E","The Great Belt","Inland waters","0",""
"C0004741","2","EVERISE GLORY (IMO 7825045), UNI-CONCORD (IMO 9012862)","EVERISE GLORY (IMO 7825045): , UNI-CONCORD (IMO 9012862): ","Malaysia, Taiwan, China","Bulk Dry, Container","2005-06-04 11:39","","Very serious marine casualty","1° 25.29' N 104° 29.24' E","Strait of Singapore","Coastal waters","2","Malaysia; Singapore"
"C0007112","1","SANDRA CAROL","SANDRA CAROL: ","Canada","Fish Catching","2005-06-03 22:46","","Very serious marine casualty","","Swanson Channel, British Columbia","","1","Unknown"
"C0006672","1","FEDERAL SAKURA (IMO 9288291)","FEDERAL SAKURA (IMO 9288291): ","Panama","","2005-06-03 17:58","","Marine incident","","St. Lawrence Seaway","","1","Canada"
"C0006827","1","FAIZ (IMO 7521900)","FAIZ (IMO 7521900): ","India","General Cargo","2005-05-31 05:00","","Very serious marine casualty","20° 13.00' N 89° 17.00' E","Bay of Bengal","Open sea","1","India"
"C0006371","1","PUNJAB SENATOR (IMO 9141285)","PUNJAB SENATOR (IMO 9141285): ","Germany","","2005-05-30 07:23","","Marine incident","5° 59.00' N 86° 15.00' E","Bay of Bengal","Open sea","2","Germany; Germany"
"C0007124","1","JUSTIN M","JUSTIN M: ","Canada","Fish Catching","2005-05-29 02:43","","Very serious marine casualty","","Off the Magdalen Islands, Quebec","","1","Unknown"
"C0007075","1","ANDREA","ANDREA: ","Germany","Other Activities","2005-05-28 14:50","","Very serious marine casualty","58° 12.63' N 11° 32.05' E","1 nm east of Maloe Stroemmar","","2","Germany; Unknown"
"C0006529","1","YUE SHAN (IMO 9182710)","YUE SHAN (IMO 9182710): ","Panama","Bulk Dry","2005-05-25 20:02","","Marine casualty","11° 12.00' N 50° 25.00' E","Singapoure Straits","","0",""
"C0006927","1","MEGAWAT","MEGAWAT: ","Unknown","","2005-05-25 00:00","","Very serious marine casualty","","south Rock Lighthouse","","1","Unknown"
"C0006603","1","JAVA SEA (IMO 8607684)","JAVA SEA (IMO 8607684): ","Singapore","General Cargo","2005-05-24 05:40","","Marine casualty","","Cairns harbour, Queensland","At berth","2","Australia; Australia"
"C0006266","1","LIBRA RIO GRANDE (IMO 9105994)","LIBRA RIO GRANDE (IMO 9105994): ","Germany","","2005-05-23 10:20","","Marine casualty","","Port of New Orleans","At berth","2","Germany; Germany"
"C0006090","1","BOUNTY","BOUNTY: ","United Kingdom","Fish Catching","2005-05-23 09:30","","Very serious marine casualty","50° 15.00' N 3° 12.00' W","4 miles S.E. of Berry Head, South Devon","","2","United Kingdom; United Kingdom"
"C0006197","1","HUI LONG (IMO 9037032)","HUI LONG (IMO 9037032): ","Hong Kong, China","General Cargo","2005-05-18 16:02","","Very serious marine casualty","5° 55.50' N 84° 20.70' E","Bay of Bengal","Open sea","1","Hong Kong, China"
"C0005831","1","TARENTUM (IMO 8417845)","TARENTUM (IMO 8417845): ","Italy","Towing / Pushing","2005-05-18 12:15","","Marine casualty","43° 19.00' N 6° 42.00' E","SAINT TROPEZ","Coastal waters","0",""
"C0006737","1","MON AMI.","MON AMI.: ","France","Fish Catching","2005-05-18 01:50","","Very serious marine casualty","49° 46.00' N 2° 43.00' W","Off Les Casquets","","1","France"
"C0006602","1","GOLDEN BELL (IMO 8813661)","GOLDEN BELL (IMO 8813661): ","Republic of Korea","Bulk Dry","2005-05-16 09:20","","Very serious marine casualty","","Dampier anchorage, Western Australia","Anchorage","1","Australia"
"C0005850","1","SALLEQ (IMO 8411035)","SALLEQ (IMO 8411035): ","Greenland (Denmark)","Fish Catching","2005-05-16 06:00","","Marine incident","62° 42.00' N 6° 46.00' W","Torshavn harbour","Port approach","1","Denmark"
"C0006173","2","ISARGAS (IMO 9007087), PHOENIX BETA (IMO 9242223)","ISARGAS (IMO 9007087): , PHOENIX BETA (IMO 9242223): ","Liberia, Hong Kong, China","Liquefied Gas, ","2005-05-16 05:00","","Marine casualty","","Westerschelde","","0",""
"C0005673","1","DISKO II (IMO 8913904)","DISKO II (IMO 8913904): ","DIS (Denmark)","Passenger","2005-05-15 13:40","","Marine incident","64° 27.00' N 50° 17.00' W","Nuuk Fiord","Archipelagos","1","Denmark"
"C0005668","1","MUNSU (IMO 7626126)","MUNSU (IMO 7626126): ","Belize","General Cargo","2005-05-13 23:50","","Marine incident","55° 36.00' N 12° 46.00' E","The Sound","Inland waters","1","Denmark"
"C0006600","1","PROBO PANDA (IMO 8315396)","PROBO PANDA (IMO 8315396): ","Marshall Islands","Bulk Dry / Oil","2005-05-11 14:00","","Very serious marine casualty","","Gladstone anchorage","","2","Australia; Australia"
"C0005700","2","CJK LINHAI (IMO 8981133), SUN INVESTOR (IMO 9154036)","CJK LINHAI (IMO 8981133): , SUN INVESTOR (IMO 9154036): ","Panama, Panama",", Chemical Tanker","2005-05-10 23:50","","Marine casualty","21° 09.00' N 113° 08.00' E","ZHU HAI","","0",""
"C0006646","2","GORBY TENKO (IMO 8505135), PANAGIA (IMO 7028283)","GORBY TENKO (IMO 8505135): , PANAGIA (IMO 7028283): ","Panama, Greece","Chemical Tanker, ","2005-05-10 23:30","","Marine casualty","37° 30.00' N 23° 58.00' E","AEGEAN SEA","","0",""
"C0006180","1","EGBERT WAGENBORG (IMO 9142588)","EGBERT WAGENBORG (IMO 9142588): ","Netherlands (Kingdom of)","General Cargo","2005-05-10 14:00","","Marine casualty","","Windsor, Canada","At berth","0",""
"C0005692","1","CAPTAIN GEORGE I (IMO 8102256)","CAPTAIN GEORGE I (IMO 8102256): ","Panama","Bulk Dry / Oil","2005-05-10 13:20","","Marine casualty","37° 29.00' N 26° 22.30' W","AEGEAN SEA","","0",""
"C0006713","1","OTTON (IMO 7401588)","OTTON (IMO 7401588): ","Panama","Towing / Pushing","2005-05-07 09:13","","Very serious marine casualty","","BERTH IN BILBAO PUERTO","At berth","0",""
"C0006276","1","WALNUT EXPRESS (IMO 9305348)","WALNUT EXPRESS (IMO 9305348): ","Panama","Oil Tanker","2005-05-05 23:43","","Marine casualty","42° 42.40' N 46° 58.50' W","NORTH ATLANTIC","Open sea","0",""
"C0006224","1","PICO EL AGUILA (IMO 8122971)","PICO EL AGUILA (IMO 8122971): ","Panama","Chemical Tanker","2005-05-05 15:40","","Marine incident","7° 18.50' N 79° 53.60' W","PANAMA","Coastal waters","0",""
"C0007179","1","SINFONIE SYLT","SINFONIE SYLT: ","Germany","Other Activities","2005-05-05 09:05","","Very serious marine casualty","54° 48.60' N 9° 57.50' E","In the Flensburger Förde","","2","Germany; Unknown"
"C0006142","1","THIA CHRYSSOULA (IMO 8834586)","THIA CHRYSSOULA (IMO 8834586): ","Cyprus","Bulk Dry","2005-05-04 23:47","","Marine casualty","","Off South of Uotsuri Island, Okinawa Prefecture, Japan","Archipelagos","0",""
"C0007074","1","INA 2","INA 2: ","Germany","Other Activities","2005-05-01 15:00","","Very serious marine casualty","54° 07.00' N 11° 34.00' E","Off Wustrow","","2","Germany; Unknown"
"C0004717","1","METANOL (IMO 8211722)","METANOL (IMO 8211722): ","Malta","Chemical Tanker","2005-04-30 01:10","","Marine casualty","","PORT OF LAVERA, FRANCE","At berth","2","France; Unknown"
"C0005649","1","AZURE (IMO 8023979)","AZURE (IMO 8023979): ","Panama","Bulk Dry","2005-04-29 08:48","","Marine incident","35° 13.00' S 11° 05.00' W","SOUTH ATLANTIC OCEAN","Open sea","0",""
"C0006368","1","WERDER BREMEN (IMO 9202259)","WERDER BREMEN (IMO 9202259): ","Germany","","2005-04-27 19:30","","Very serious marine casualty","28° 27.70' N 16° 14.80' W","Santa Cruz de Tenerife, Canary Islands","At berth","2","Germany; Germany"
"C0007070","1","MASSABIELLE","MASSABIELLE: ","Unknown","Fish Catching","2005-04-27 00:15","","Very serious marine casualty","","West of Guernesey","","1","Unknown"
"C0006933","1","POD SANT YANN","POD SANT YANN: ","Unknown","Fish Catching","2005-04-26 06:50","","Very serious marine casualty","","Union Hall, Co Cork","","1","Unknown"
"C0005701","1","DUCKY SCIENCE (IMO 8623901)","DUCKY SCIENCE (IMO 8623901): ","Panama","","2005-04-23 16:00","","Marine incident","14° 28.00' N 11° 43.40' E","SOUTH CHINA SEA","Open sea","0",""
"C0005650","2","MSC KATIE (IMO 7434444), NORDSUN (IMO 8801357)","MSC KATIE (IMO 7434444): , NORDSUN (IMO 8801357): ","Panama, Cyprus","Container, Container","2005-04-21 23:15","","Marine casualty","20° 08.00' S 57° 27.50' E","PORT OF PORT LOUIS","","2","Unknown; Mauritius"
"C0006610","1","YU SHUN HAI (IMO 8318641)","YU SHUN HAI (IMO 8318641): ","Hong Kong, China","Bulk Dry","2005-04-21 08:40","","Marine casualty","24° 19.70' S 112° 34.70' E","Off Western Australian coast","Open sea","1","Australia"
"C0006043","1","FAHIM (IMO 7504914)","FAHIM (IMO 7504914): ","Syrian Arab Republic","","2005-04-20 14:00","","Marine incident","","Northern Israel","","0",""
"C0004716","1","SAETTA (IMO 8208347)","SAETTA (IMO 8208347): ","Malta","Oil Tanker","2005-04-20 07:36","","Marine incident","","CARTAGENA OCEAN TRANSIT CANAL, COLOMBIA","Canal","0",""
"C0005847","1","GRACELAND (IMO 7432238)","GRACELAND (IMO 7432238): ","Denmark","Fish Catching","2005-04-19 23:30","","Very serious marine casualty","61° 56.00' N 1° 11.00' E","North Sea","Open sea","1","Denmark"
"C0006027","1","NORWEGIAN DAWN (IMO 9195169)","NORWEGIAN DAWN (IMO 9195169): ","Bahamas","","2005-04-16 00:00","","Marine incident","","From Bahamas to New York","","0",""
"C0005720","1","INDEPENDIENTE (IMO 8000666)","INDEPENDIENTE (IMO 8000666): ","Panama","","2005-04-15 16:00","","Marine incident","","OFF NASSAU","","0",""
"C0006609","2","Hannah Lee, SPARTIA (IMO 9217644)","Hannah Lee: , SPARTIA (IMO 9217644): ","Australia, Greece","Fish Catching, Bulk Dry","2005-04-15 05:35","","Marine casualty","32° 43.80' S 115° 16.90' E","Off Bunbury, Western Australia","Open sea","1","Australia"
"C0006106","2","STOLT ASPIRATION (IMO 8610019), THORNGARTH (IMO 8311998)","STOLT ASPIRATION (IMO 8610019): , THORNGARTH (IMO 8311998): ","Liberia, United Kingdom",", ","2005-04-13 02:10","","Marine casualty","53° 24.20' N 3° 00.50' W","Approaches to Alfred Lock, Birkenhead docks, River Mersey","","2","United Kingdom; United Kingdom"
"C0004722","1","PHILIPPINE STAR (IMO 8408820)","PHILIPPINE STAR (IMO 8408820): ","Malta","Container","2005-04-11 18:15","","Very serious marine casualty","","22 14.9N 114 06.6E MIDSTREAM NORTH LAMMA ANCHORAGE","","0",""
"C0005702","1","ELEFTHERIA K (IMO 8406418)","ELEFTHERIA K (IMO 8406418): ","Panama","Bulk Dry","2005-04-10 21:00","","Marine incident","30° 41.00' N 122° 25.00' E","MAJISHAN CHINA","","0",""
"C0006170","1","MAARTEN JACOB (IMO 9242754)","MAARTEN JACOB (IMO 9242754): ","Netherlands (Kingdom of)","Fish Catching","2005-04-06 15:00","","Very serious marine casualty","","North Sea","Open sea","0",""
"C0006036","1","TSUBASA (IMO 9003691)","TSUBASA (IMO 9003691): ","Japan","","2005-04-04 03:30","","Marine casualty","","Northwest of the coast of Izu-Oshima Island, Japanese Pacific coast island","","0",""
"C0004715","1","PANAGIA I 7518331 (IMO 7518331)","PANAGIA I 7518331 (IMO 7518331): ","Malta","Bulk Dry","2005-04-03 15:35","","Marine casualty","","PORT OF PALMA DE MALLORCA BAELLIARIC ISLANDS","Port","0",""
"C0004714","1","ATHINOULA (IMO 8309244)","ATHINOULA (IMO 8309244): ","Malta","Bulk Dry","2005-04-02 08:44","","Marine casualty","","DILISKELESI TURKEY","","0",""
"C0006339","2","KONEMU (IMO 8913760), TEHORO III (IMO 9154799)","KONEMU (IMO 8913760): , TEHORO III (IMO 9154799): ","New Caledonia (France), French Polynesia (France)","Oil Tanker, ","2005-04-01 15:30","","Marine casualty","21° 06.40' S 167° 27.80' E","Wahda Bay, Lifou, Isles Loyauté, New Caledonia","","2","France; France"
"C0006513","1","ANIARA (IMO 7708821)","ANIARA (IMO 7708821): ","Singapore","","2005-03-31 12:15","","Marine casualty","37° 39.00' N 23° 47.00' E","Saronic Gulf, approx. 35 kms south of Athens","","0",""
"C0008072","1","SEBASTIEN II","SEBASTIEN II: ","France","Fish Catching","2005-03-31 09:40","","Marine casualty","51° 08.97' N 2° 17.14' E","Off Dunkerque","","1","France"
"C0006153","1","ANNIE B  Z.28","ANNIE B  Z.28: ","Unknown","Fish Catching","2005-03-29 06:00","","Very serious marine casualty","","oosterscheldedam","Port approach","0",""
"C0008073","1","GAËLLE-NOLWENN","GAËLLE-NOLWENN: ","Unknown","","2005-03-27 23:00","","Marine casualty","","Off Ile de Batz","","1","France"
"C0006092","1","PATRIARCHE (CHINOOK) (IMO 7023415)","PATRIARCHE (CHINOOK) (IMO 7023415): ","Chile","Ro-Ro Cargo","2005-03-27 20:00","","Marine casualty","62° 35.90' S 58° 39.00' W","CALETA POTTER ANTARTICA","","1","Unknown"
"C0006198","1","FLEET TRADER 1 (IMO 8126123)","FLEET TRADER 1 (IMO 8126123): ","Hong Kong, China","Bulk Dry","2005-03-24 11:50","","Very serious marine casualty","10° 35.00' N 17° 07.00' W","Enroute Tenerife to Lagos","Open sea","1","Hong Kong, China"
"C0005809","1","ALEXIA M (IMO 7729746)","ALEXIA M (IMO 7729746): ","Cyprus","Bulk Dry","2005-03-22 12:02","","Marine casualty","55° 54.00' N 10° 57.00' E","Leveret Ground","","0",""
"C0005810","1","ALEXIA M (IMO 7729746)","ALEXIA M (IMO 7729746): ","Cyprus","","2005-03-22 12:02","","Marine casualty","55° 54.00' N 10° 57.00' E","Leveret Ground","Coastal waters","1","Denmark"
"C0005935","1","STEEL QUEEN (IMO 9195535)","STEEL QUEEN (IMO 9195535): ","Netherlands (Kingdom of)","","2005-03-20 16:15","","Marine casualty","58° 40.80' N 17° 09.00' E","Off Oxelösund","Archipelagos","2","Sweden; Sweden"
"C0008069","1","MAGNOLIA (IMO 8301979)","MAGNOLIA (IMO 8301979): ","Antigua and Barbuda","","2005-03-20 04:20","","Marine incident","50° 27.20' N 0° 02.30' W","Near Greenwich Buoy","","1","France"
"C0007213","2","LIFANA (IMO 8315449), OPDR PORTO (IMO 9155406)","LIFANA (IMO 8315449): , OPDR PORTO (IMO 9155406): ","Netherlands (Kingdom of), CSR (Spain)","General Cargo, ","2005-03-17 22:15","","Marine casualty","","Rotterdam port approach","","0",""
"C0005736","2","BALTIC TARA (IMO 9052707), RAMONA","BALTIC TARA (IMO 9052707): , RAMONA: ","Antigua and Barbuda, Denmark","General Cargo, Fish Catching","2005-03-12 10:35","","Marine casualty","55° 26.00' N 14° 54.00' E","The Baltic Sea","","2","Denmark; Denmark"
"C0005874","2","FS LOUISE (IMO 8724810), TLEMCEN (IMO 7531254)","FS LOUISE (IMO 8724810): , TLEMCEN (IMO 7531254): ","France, Algeria","Oil Tanker, Passenger/Ro-Ro Cargo","2005-03-08 19:30","","Marine casualty","43° 17.50' N 5° 03.20' E","Marseille harbour, 2nm S. of Cap Couronne","","2","France; Unknown"
"C0005860","2","RICKMERS GENOA (IMO 9292022), SUN CROSS (IMO 8402400)","RICKMERS GENOA (IMO 9292022): , SUN CROSS (IMO 8402400): ","Marshall Islands, Republic of Korea","General Cargo, General Cargo","2005-03-08 03:03","","Very serious marine casualty","34° 40.31' N 122° 05.50' E","Yellow Sea","","2","Unknown; Republic of Korea"
"C0004713","1","GERDA VESTA (IMO 8131192)","GERDA VESTA (IMO 8131192): ","Malta","General Cargo","2005-03-08 00:05","","Marine casualty","","39 51.7N  26 02.5E","Coastal waters","0",""
"C0005832","1","BBC SCOTLAND (IMO 9266322)","BBC SCOTLAND (IMO 9266322): ","Gibraltar (United Kingdom)","General Cargo","2005-03-07 19:37","","Marine casualty","39° 22.60' N 14° 20.50' E","NW SALINA ISLAND","Open sea","0",""
"C0004721","1","ONEIDA (IMO 8200503)","ONEIDA (IMO 8200503): ","Malta","Bulk Dry","2005-03-07 18:52","","Very serious marine casualty","","PARANA GUAZU RIVER ARGENTINA","","1","Panama"
"C0006324","2","MATIAS F. EURASQUIN, ONEIDA (IMO 8200503)","MATIAS F. EURASQUIN: , ONEIDA (IMO 8200503): ","Panama, Malta","Other Bulk Dry, ","2005-03-07 18:30","","Very serious marine casualty","33° 44.10' S 59° 14.20' W","ANCHOR IN KM 227, PARANÁ GUAZÚ","Anchorage","1","Panama"
"C0004720","1","ALGARVE (IMO 9170638)","ALGARVE (IMO 9170638): ","Malta","General Cargo","2005-03-04 09:00","","Marine incident","","CORONEL CHILE","","0",""
"C0006038","1","FJORD CHAMPION (IMO 7336771)","FJORD CHAMPION (IMO 7336771): ","NIS (Norway)","","2005-03-04 00:00","","Marine casualty","","South of Kristinsand (Norway)","","0",""
"C0005639","1","KAREN DANIELSEN (IMO 8500070)","KAREN DANIELSEN (IMO 8500070): ","Bahamas","General Cargo","2005-03-03 19:07","","Very serious marine casualty","55° 18.15' N 10° 52.26' E","Great Belt","Coastal waters","2","Bahamas; Denmark"
"C0006118","1","ORADE (IMO 9008275)","ORADE (IMO 9008275): ","Antigua and Barbuda","General Cargo","2005-03-01 21:54","","Marine casualty","53° 42.02' N 0° 41.48' W","River Ouse","","2","United Kingdom; United Kingdom"
"C0008527","1","NORDKAPP (IMO 9107772)","NORDKAPP (IMO 9107772): ","Norway","Passenger/Ro-Ro Cargo","2005-02-27 00:00","","Very serious marine casualty","","Near Ornes, Norway","","0",""
"C0007612","1","YIOMARAL (IMO 9005235)","YIOMARAL (IMO 9005235): ","Liberia","","2005-02-24 14:50","","Marine casualty","","Kiire, Japan","Coastal waters","0",""
"C0006154","1","ARKLOW SAND (IMO 9163611)","ARKLOW SAND (IMO 9163611): ","Netherlands (Kingdom of)","General Cargo","2005-02-23 20:50","","Marine casualty","","Boston UK","Coastal waters","0",""
"C0005828","1","ITA (IMO 6510241)","ITA (IMO 6510241): ","Panama","Other Dry Cargo","2005-02-22 17:10","","Marine casualty","38° 43.70' N 13° 10.60' E","GREECE","Coastal waters","0",""
"C0004719","1","TASSELS (IMO 8908753)","TASSELS (IMO 8908753): ","Malta","Oil Tanker","2005-02-22 05:45","","Marine incident","","NEW MANGALORE MRPL OIL TERMINAL, INDIA","","0",""
"C0005937","2","GOA (IMO 8511665), MARIE CHOCOLAT","GOA (IMO 8511665): , MARIE CHOCOLAT: ","India, Australia",", ","2005-02-19 04:40","","Marine casualty","32° 57.75' S 152° 05.65' E","Off the port of Newcastle, New South Wales","","2","Australia; Australia"
"C0005678","1","OLIVIA (IMO 7368774)","OLIVIA (IMO 7368774): ","NIS (Norway)","Oil Tanker","2005-02-17 11:00","","Marine casualty","55° 27.30' N 12° 12.00' E","Køge Harbour","","0",""
"C0005723","1","INDIA I","INDIA I: ","Panama","","2005-02-15 13:45","","Marine incident","53° 29.80' S 67° 51.09' W","TIERRA DE FUEGO","","0",""
"C0005872","1","KCL BANSHEE (IMO 8221363)","KCL BANSHEE (IMO 8221363): ","Marshall Islands","","2005-02-15 02:50","","Marine incident","56° 52.90' N 10° 32.90' E","Kattegat","Coastal waters","0",""
"C0006917","1","VOYAGER (IMO 9183506)","VOYAGER (IMO 9183506): ","Bahamas","","2005-02-14 08:40","","Marine casualty","39° 22.20' N 5° 46.40' E","Between Tunis and Barcelona","","1","Unknown"
"C0005647","1","INTREPID B. (IMO 9149469)","INTREPID B. (IMO 9149469): ","United Kingdom","Towing / Pushing","2005-02-14 07:30","","Very serious marine casualty","52° 01.00' N 4° 58.00' W","Fishguard Harbour","","1","United Kingdom"
"C0005925","1","SEA REY (IMO 7636872)","SEA REY (IMO 7636872): ","Saint Vincent and the Grenadines","","2005-02-14 03:30","","Very serious marine casualty","35° 24.00' N 21° 55.00' E","85nm West of Elafonissos","Open sea","2","Saint Vincent and the Grenadines; Saint Vincent and the Grenadines"
"C0005890","1","HELENA II (IMO 6914136)","HELENA II (IMO 6914136): ","Cambodia","General Cargo","2005-02-11 05:40","","Marine casualty","41° 08.10' N 140° 15.10' E","Kodomari Misaki, Aomori Prefecture","Coastal waters","2","Japan; Japan"
"C0005923","1","JOKULFELL (IMO 8820303)","JOKULFELL (IMO 8820303): ","Isle of Man (United Kingdom)","","2005-02-07 21:00","","Very serious marine casualty","63° 00.00' N 4° 56.00' W","East of Faeroe Islands","","2","United Kingdom; Isle of Man (United Kingdom)"
"C0005735","1","TRANSMAR (IMO 9167332)","TRANSMAR (IMO 9167332): ","Cyprus","General Cargo","2005-02-06 06:10","","Marine incident","54° 45.20' N 10° 44.70' E","The Great Belt, Denmark ","","1","Denmark"
"C0005887","1","DIEPPE (IMO 7931997)","DIEPPE (IMO 7931997): ","France","","2005-02-04 14:04","","Marine casualty","","Port of Dieppe","","1","France"
"C0004718","1","AURELIA (IMO 7909889)","AURELIA (IMO 7909889): ","Malta","Bulk Dry","2005-02-02 06:05","","Very serious marine casualty","","27 35N 139 46E","","0",""
"C0005751","2","POMERANIA (IMO 7516761), RIO GRANDE (IMO 6900305)","POMERANIA (IMO 7516761): , RIO GRANDE (IMO 6900305): ","Bahamas, Sweden","Passenger/Ro-Ro Cargo, Oil Tanker","2005-01-31 05:52","","Marine incident","55° 18.70' N 12° 40.70' E","Western Baltic (Falsterbo rev lighthouse)","Coastal waters","1","Sweden"
"C0005834","1","MOBY LOVE (IMO 7207451)","MOBY LOVE (IMO 7207451): ","Italy","Passenger/Ro-Ro Cargo","2005-01-28 14:15","","Marine casualty","","PIOMBINO","At berth","0",""
"C0005754","1","MILLENNIUM (IMO 9189419)","MILLENNIUM (IMO 9189419): ","Bahamas","Passenger","2005-01-27 17:36","","Very serious marine casualty","18° 19.00' N 64° 55.00' W","Caribbean","Open sea","0",""
"C0005968","1","L'ASTROLABE (IMO 8418198)","L'ASTROLABE (IMO 8418198): ","French Antarctic Territory (France)","","2005-01-27 04:00","","Very serious marine casualty","46° 45.00' S 146° 32.00' E","Southern Ocean","Open sea","2","Australia; Australia"
"C0006916","1","EXPLORER (IMO 9183518)","EXPLORER (IMO 9183518): ","Bahamas","","2005-01-27 00:25","","Marine casualty","","between  Vancouver to Hakodate","","1","Unknown"
"C0006688","1","PAULA (IMO 9104976)","PAULA (IMO 9104976): ","Ireland","","2005-01-24 06:00","","Marine casualty","60° 02.60' N 5° 20.40' E","Selje port, Maloy","","1","Ireland"
"C0005713","2","AMENITY (IMO 7924293), TOR DANIA (IMO 7624051)","AMENITY (IMO 7924293): , TOR DANIA (IMO 7624051): ","United Kingdom, Norway","Oil Tanker, Ro-Ro Cargo","2005-01-23 04:08","","Marine casualty","53° 35.30' N 0° 00.20' E","Humber","River","2","United Kingdom; United Kingdom"
"C0005667","1","SEA VENTURER II (IMO 8502042)","SEA VENTURER II (IMO 8502042): ","Cyprus","General Cargo","2005-01-21 07:10","","Marine casualty","55° 27.00' N 10° 46.00' E","Kerteminde Bay","Inland waters","1","Denmark"
"C0005674","1","ALGA (IMO 7510884)","ALGA (IMO 7510884): ","Saint Vincent and the Grenadines","General Cargo","2005-01-19 15:50","","Very serious marine casualty","55° 42.00' N 10° 40.00' E","Great Belt","","0",""
"C0006261","1","ALCOR","ALCOR: ","France","Fish Catching","2005-01-19 09:20","","Very serious marine casualty","","Outside Saint-Guénolé harbour","","2","France; France"
"C0007099","1","RONDO","RONDO: ","Unknown","","2005-01-17 19:00","","Very serious marine casualty","","1 nautical Mile North of Erris Head, Co Mayo.","","1","Unknown"
"C0006693","1","SEVEN SEAS NAVIGATOR (IMO 9064126)","SEVEN SEAS NAVIGATOR (IMO 9064126): ","Bahamas","Passenger","2005-01-17 00:48","","Marine casualty","20° 50.00' N 73° 05.00' W","South of Great Inagua Island","Open sea","1","Bahamas"
"C0005879","1","DANICA GREEN (IMO 8102024)","DANICA GREEN (IMO 8102024): ","DIS (Denmark)","General Cargo","2005-01-16 17:10","","Marine casualty","31° 00.00' N 32° 00.00' E","Port Said","Canal","0",""
"C0006000","1","ISOLA AZZURRA (IMO 9125243)","ISOLA AZZURRA (IMO 9125243): ","Italy","Oil Tanker","2005-01-15 01:50","","Very serious marine casualty","39° 02.40' N 9° 11.50' E","SARDINIA","Coastal waters","0",""
"C0005861","1","SARDINIA VERA (IMO 7360617)","SARDINIA VERA (IMO 7360617): ","Italy","Passenger/Ro-Ro Cargo","2005-01-11 19:46","","Marine incident","50° 46.65' N 0° 03.59' E","Approach channel to port of Newhaven, England","","2","United Kingdom; Unknown"
"C0006152","2","SANDETTIE (IMO 8906212), VOLHARDING HD 36","SANDETTIE (IMO 8906212): , VOLHARDING HD 36: ","Latvia, Unknown","General Cargo, ","2005-01-09 13:50","","Marine casualty","53° 01.00' N 4° 09.00' E","North Sea","Open sea","0",""
"C0006140","1","SCHIEBORG (IMO 9188233)","SCHIEBORG (IMO 9188233): ","Netherlands (Kingdom of)","","2005-01-08 14:00","","Very serious marine casualty","","North Sea, off Jutland","Open sea","0",""
"C0005790","1","ISLE OF MULL (IMO 8608339)","ISLE OF MULL (IMO 8608339): ","United Kingdom","Passenger/Ro-Ro Cargo","2004-12-29 19:05","","Marine casualty","56° 25.72' N 5° 28.57' W","Oban Bay","Port","1","United Kingdom"
"C0004887","1","SP-09 (IMO 8726260)","SP-09 (IMO 8726260): ","Russian Federation","General Cargo","2004-12-29 00:00","","Very serious marine casualty","","Gulf of Peter the Great, Sea of Japan","","0",""
"C0007880","1","NORD (IMO 8603391)","NORD (IMO 8603391): ","Estonia","General Cargo","2004-12-25 03:20","","Marine casualty","48° 25.30' N 5° 34.10' W","Atlantic Ocean","Open sea","0",""
"C0006185","1","POOLGRACHT (IMO 8520202)","POOLGRACHT (IMO 8520202): ","Netherlands (Kingdom of)","General Cargo","2004-12-21 02:40","","Marine casualty","","North Atlantic Ocean","","0",""
"C0004866","1","NORTHERN EDGE (IMO 7934169)","NORTHERN EDGE (IMO 7934169): ","United States","Fish Catching","2004-12-20 00:00","","Very serious marine casualty","","45 miles S.E. of Nantucket island","","0",""
"C0006338","1","VINCENZO FLORIO (IMO 9144732)","VINCENZO FLORIO (IMO 9144732): ","Italy","Passenger/Ro-Ro Cargo","2004-12-19 00:40","","Marine casualty","38° 30.00' N 13° 33.00' E","OPEN SEA - on the way to Naples","Open sea","2","Italy; Italy"
"C0004894","1","TIGER 3 (IMO 9063330)","TIGER 3 (IMO 9063330): ","Belize","","2004-12-18 00:00","","Very serious marine casualty","","15 miles off Paihai, Bay of Islands","","0",""
"C0006789","1","JULIUS","JULIUS: ","Germany","Towing / Pushing","2004-12-16 15:06","","Very serious marine casualty","53° 53.12' N 9° 10.37' E","Off Brunsbüttel, river Elbe","River","1","Germany"
"C0004892","1","Sunny Jewel (IMO 9249611)","Sunny Jewel (IMO 9249611): ","Panama","Chemical Tanker","2004-12-15 22:30","","Very serious marine casualty","33° 42.20' N 132° 17.00' E","Iyo Nada, the Seto Inland Sea","Coastal waters","2","Japan; Japan"
"C0005908","1","BRITISH ENTERPRISE (IMO 9217448)","BRITISH ENTERPRISE (IMO 9217448): ","United Kingdom","Oil Tanker","2004-12-11 14:05","","Marine casualty","40° 46.00' N 28° 51.00' E","AHIRKAPI ANCHORAGE, ISTANBUL, TURKEY","Anchorage","1","United Kingdom"
"C0005889","2","BUNGA MAS LAPAN (IMO 9150860), KYUSHO MARU No. 21 (IMO 9170975)","BUNGA MAS LAPAN (IMO 9150860): , KYUSHO MARU No. 21 (IMO 9170975): ","Malaysia, Japan","Container, Oil Tanker","2004-12-10 19:15","","Marine incident","33° 57.80' N 130° 57.80' E","Kanmon Passage","Port","2","Japan; Japan"
"C0005866","1","MASTROGIORGIS (IMO 7915656)","MASTROGIORGIS (IMO 7915656): ","Panama","Bulk Dry","2004-12-09 09:05","","Marine casualty","55° 15.00' N 11° 06.30' E","Great Belt","Coastal waters","0",""
"C0004883","1","SELENDANG AYU (IMO 9145528)","SELENDANG AYU (IMO 9145528): ","Malaysia","Bulk Dry","2004-12-08 00:00","","Very serious marine casualty","","Off Skan Bay, Unalaska Island (Aleutian Islands)","","1","Malaysia"
"C0004862","1","MISS DOTTIE (IMO 7947726)","MISS DOTTIE (IMO 7947726): ","United States","Fish Catching","2004-12-08 00:00","","Very serious marine casualty","","22 miles E.S.E. of Marathon, Florida","","0",""
"C0005932","2","HYUNDAI ADVANCE (IMO 9149859), MSC ILONA (IMO 9225641)","HYUNDAI ADVANCE (IMO 9149859): , MSC ILONA (IMO 9225641): ","Panama, Germany",", Container","2004-12-07 21:35","","Very serious marine casualty","22° 06.40' N 114° 27.20' E","South China Sea","","3","Germany; Germany; Republic of Korea"
"C0004847","1","HANYANG GAS (IMO 7302160)","HANYANG GAS (IMO 7302160): ","Republic of Korea","Liquefied Gas","2004-12-05 14:50","","Very serious marine casualty","33° 38.00' N 126° 32.12' E","7 miles off Jeju Island","","1","Republic of Korea"
"C0004876","1","RED DIAMOND (IMO 8847753)","RED DIAMOND (IMO 8847753): ","United States","Fish Catching","2004-12-05 00:00","","Very serious marine casualty","","230 miles S.W. of Kauai, Hawaiian Islands","","0",""
"C0005870","1","SEA EMS (IMO 8415196)","SEA EMS (IMO 8415196): ","Gibraltar (United Kingdom)","General Cargo","2004-12-05 00:00","","Marine casualty","56° 57.40' N 10° 23.50' E","Kattegat","Port approach","0",""
"C0004864","1","MONTREAL","MONTREAL: ","United States","Fish Catching","2004-12-02 00:00","","Very serious marine casualty","","159 nm S.S.E. of Cape Cod, Massachusetts","","0",""
"C0006938","1","STOLT TERN (IMO 8920529)","STOLT TERN (IMO 8920529): ","Cayman Islands (United Kingdom)","","2004-12-01 09:40","","Marine casualty","53° 19.80' N 4° 37.10' W","South east end of Holyhead breakwater","","1","Unknown"
"C0004860","1","MALAKHIT (IMO 9127825)","MALAKHIT (IMO 9127825): ","Russian Federation","Fish Catching","2004-12-01 00:00","","Very serious marine casualty","","Approx. 70 miles S.S.W. of Bear Island","","0",""
"C0004848","1","HE XIN NO. 1 (IMO 8428258)","HE XIN NO. 1 (IMO 8428258): ","Panama","General Cargo","2004-11-30 00:00","","Very serious marine casualty","","S.E. of Xiamen","","0",""
"C0006116","2","L'ALIZEE III, SUSANNA (IMO 8020123)","L'ALIZEE III: , SUSANNA (IMO 8020123): ","France, Antigua and Barbuda","Fish Catching, ","2004-11-29 15:34","","Marine casualty","50° 02.70' N 2° 29.30' W","East-West trafffic lane of TSS Les Casquets","","2","France; France"
"C0004901","1","BAWISUM (IMO 7231323)","BAWISUM (IMO 7231323): ","Cambodia","Fish Catching","2004-11-26 00:00","","Very serious marine casualty","","Sea of Japan, off Take-shima","","0",""
"C0005263","1","POLO M (IMO 7637840)","POLO M (IMO 7637840): ","Bahamas","Bulk Dry","2004-11-23 08:30","","Marine casualty","","Off Slite, Gotland","","2","Sweden; Sweden"
"C0004725","1","ILEKSA (IMO 9149938)","ILEKSA (IMO 9149938): ","Malta","General Cargo","2004-11-22 05:19","","Marine casualty","","57 13.85N 11 32.65E 28 MILES SOUTHWEST OF GOTHENBU","Coastal waters","2","United Kingdom; United Kingdom"
"C0004828","1","ALMAZ (IMO 7637773)","ALMAZ (IMO 7637773): ","Russian Federation","Other Fishing","2004-11-20 00:00","","Very serious marine casualty","","35 miles N.W. of Ullung Island, Sea of Japan","","0",""
"C0004895","1","TINA (IMO 8973007)","TINA (IMO 8973007): ","United States","Towing / Pushing","2004-11-20 00:00","","Very serious marine casualty","","Between Simara and Banton Islands","","0",""
"C0004831","1","AVANTIS III (IMO 7608722)","AVANTIS III (IMO 7608722): ","Greece","General Cargo","2004-11-19 00:00","","Marine incident","","Off Aegina Island, Saronic Gulf","","0",""
"C0004818","1","YAKIT-I (IMO 6402509)","YAKIT-I (IMO 6402509): ","Türkiye","Oil Tanker","2004-11-19 00:00","","Very serious marine casualty","","Istanbul","","0",""
"C0004812","1","VICUNA (IMO 8100076)","VICUNA (IMO 8100076): ","Chile","Chemical Tanker","2004-11-15 00:00","","Very serious marine casualty","","Paranagua","","1","Brazil"
"C0004821","1","THEODOROS V (IMO 6806925)","THEODOROS V (IMO 6806925): ","Greece","Fish Catching","2004-11-15 00:00","","Marine casualty","","Unknown","","0",""
"C0004840","2","EASTERN CHALLENGER (IMO 8601616), RITHI BHUM (IMO 9270804)","EASTERN CHALLENGER (IMO 8601616): , RITHI BHUM (IMO 9270804): ","Republic of Korea, Germany","General Cargo, Container","2004-11-14 02:14","","Very serious marine casualty","22° 35.00' N 116° 25.80' E","E. of Hong Kong, China","","4","Germany; Republic of Korea; Republic of Korea; Republic of Korea"
"C0004857","1","MARINE OSAKA (IMO 8319108)","MARINE OSAKA (IMO 8319108): ","Republic of Korea","General Cargo","2004-11-13 01:49","","Very serious marine casualty","43° 12.03' N 141° 15.47' E","Ishikari new port ","","1","Republic of Korea"
"C0004833","1","BECHAR (IMO 7729162)","BECHAR (IMO 7729162): ","Algeria","General Cargo","2004-11-13 00:00","","Very serious marine casualty","","Off Algiers port","","0",""
"C0004859","1","LADY GRACE (IMO 6927690)","LADY GRACE (IMO 6927690): ","Saint Vincent and the Grenadines","General Cargo","2004-11-12 00:00","","Very serious marine casualty","","20 miles E. of Saint Vincent & the Grenadines","","0",""
"C0006699","2","ARKLOW SKY (IMO 9196266), MARIE GALANTE 1","ARKLOW SKY (IMO 9196266): , MARIE GALANTE 1: ","Netherlands (Kingdom of), France",", Fish Catching","2004-11-11 16:22","","Marine casualty","50° 21.00' N 0° 13.00' W","English Channel","","1","France"
"C0006572","1","MSC LIESELOTTE (IMO 8201674)","MSC LIESELOTTE (IMO 8201674): ","Panama","Container","2004-11-09 11:25","","Marine casualty","59° 37.48' N 25° 04.55' E","MUUGA PORT","","0",""
"C0006573","1","MSC LIESELOTTE (IMO 8201674)","MSC LIESELOTTE (IMO 8201674): ","Panama","Container","2004-11-09 11:25","","Marine casualty","59° 37.48' N 25° 04.55' E","MUUGA PORT","","0",""
"C0007109","1","MANSON","MANSON: ","Canada","","2004-11-06 00:00","","Very serious marine casualty","","Strait of Georgia, British Colombia","","1","Unknown"
"C0005682","1","HEIDI KATRINE","HEIDI KATRINE: ","Denmark","Fish Catching","2004-11-02 20:00","","Very serious marine casualty","60° 43.66' N 3° 19.50' E","North Sea off the coast of Norway ","Open sea","1","Denmark"
"C0005842","2","DORTHE DALSOE, SCOT EXPLORER (IMO 9137193)","DORTHE DALSOE: , SCOT EXPLORER (IMO 9137193): ","Denmark, United Kingdom","Fish Catching, General Cargo","2004-11-02 18:40","","Marine casualty","57° 31.00' N 11° 17.00' E","Kattegat","","2","Denmark; United Kingdom"
"C0004829","1","AROSA (IMO 8416607)","AROSA (IMO 8416607): ","Cambodia","General Cargo","2004-11-02 00:00","","Very serious marine casualty","","Sea of Okhotsk","","0",""
"C0004815","1","WEST (IMO 7030432)","WEST (IMO 7030432): ","Mongolia","General Cargo","2004-11-02 00:00","","Very serious marine casualty","","Off the coast of Sakhalin","","0",""
"C0006331","1","BORDER HEATHER (IMO 9287833)","BORDER HEATHER (IMO 9287833): ","Isle of Man (United Kingdom)","","2004-10-31 18:23","","Marine casualty","","Grangemouth Docks, Firth of Forth, Scotland","","2","United Kingdom; United Kingdom"
"C0005813","1","BLUE GAS (IMO 8013259)","BLUE GAS (IMO 8013259): ","Italy","Liquefied Gas","2004-10-30 11:30","","Marine casualty","37° 55.00' N 15° 44.00' E","saline joniche","Coastal waters","0",""
"C0007108","1","PROSPECT POINT","PROSPECT POINT: ","Canada","","2004-10-29 00:00","","Marine casualty","50° 05.48' N 127° 07.24' W","Tahsish Inlet, Kyuquot Sound, British columbia","","1","Unknown"
"C0005680","3","BERGITTA (IMO 9197715), MSC EYRA (IMO 8201648), MSC EYRA (IMO 8201648)","BERGITTA (IMO 9197715): , MSC EYRA (IMO 8201648): , MSC EYRA (IMO 8201648): ","NIS (Norway), Panama, Panama","Oil Tanker, , Container","2004-10-24 22:18","","Marine casualty","55° 11.55' N 11° 05.00' E","Great Belt Denmark ","Coastal waters","1","Denmark"
"C0004889","1","STEPAN RAZIN (IMO 7721275)","STEPAN RAZIN (IMO 7721275): ","Russian Federation","Bulk Dry","2004-10-24 00:00","","Very serious marine casualty","","Cape Lodeynyy","","0",""
"C0005819","1","LE PONANT (IMO 8914219)","LE PONANT (IMO 8914219): ","France","Passenger","2004-10-23 18:22","","Marine casualty","38° 32.50' N 15° 02.70' E","SICILIA - ITALY","Coastal waters","0",""
"C0005888","1","KAIWO MARU (IMO 8801010)","KAIWO MARU (IMO 8801010): ","Japan","","2004-10-20 22:47","","Marine casualty","36° 46.00' N 137° 13.90' E","Fushiki Toyama Port, Toyama Prefecture","At berth","2","Japan; Japan"
"C0004824","1","ANTONINA NEZHDANOVA (IMO 7531852)","ANTONINA NEZHDANOVA (IMO 7531852): ","Russian Federation","","2004-10-20 00:00","","Very serious marine casualty","","Fushiki port, Toyama prefecture","","0",""
"C0006936","1","BALMORAL (IMO 5034927)","BALMORAL (IMO 5034927): ","United Kingdom","","2004-10-18 14:13","","Marine casualty","51° 33.10' N 4° 18.10' W","Dager Reef - Gower Peninsul","","1","Unknown"
"C0005823","2","M/V SAR CP 861, RIVIERA DEL CONERO (IMO 7325095)","M/V SAR CP 861: , RIVIERA DEL CONERO (IMO 7325095): ","Unknown, Panama",", Passenger/Ro-Ro Cargo","2004-10-16 14:30","","Marine casualty","43° 37.00' N 13° 29.00' E","ANCONA","Port","0",""
"C0004832","1","BBC CHINA (IMO 9219082)","BBC CHINA (IMO 9219082): ","Antigua and Barbuda","General Cargo","2004-10-16 00:00","","Marine casualty","","Off port Grosvenor, 110nm S. of Durban","","0",""
"C0005820","1","IRINIKOS (IMO 8221454)","IRINIKOS (IMO 8221454): ","Panama","Bulk Dry","2004-10-15 15:55","","Marine casualty","40° 39.00' N 18° 01.00' E","PORT OF BRINDISI","Port approach","0",""
"C0006937","1","SWAN","SWAN: ","Unknown","","2004-10-14 16:00","","Marine casualty","","Below Pultney Weir on River Avon at Bath","","1","Unknown"
"C0005817","1","ELPIDA (IMO 7613870)","ELPIDA (IMO 7613870): ","Honduras","General Cargo","2004-10-14 01:30","","Marine casualty","43° 40.00' N 13° 55.00' E","OPEN SEA","Open sea","0",""
"C0005868","1","LUZON SPIRIT (IMO 9017082)","LUZON SPIRIT (IMO 9017082): ","Bahamas","Oil Tanker","2004-10-13 12:00","","Marine casualty","55° 33.30' N 9° 46.10' E","Danish waters","Port","1","Denmark"
"C0004874","1","PROSPERITY (IMO 8008890)","PROSPERITY (IMO 8008890): ","United States","Fish Catching","2004-10-12 00:00","","Very serious marine casualty","","50 miles E. of Cap Cod","","0",""
"C0006369","1","MARIE MAO","MARIE MAO: ","France","Fish Catching","2004-10-10 12:30","","Very serious marine casualty","","entrance to Conquet harbour, Britanny","","2","France; Unknown"
"C0005947","1","LOWLANDS GRACE (IMO 8911499)","LOWLANDS GRACE (IMO 8911499): ","Hong Kong, China","","2004-10-07 15:25","","Very serious marine casualty","20° 07.80' S 118° 33.70' E","Port Hedland, Australia","Anchorage","4","Australia; Australia; Hong Kong, China; Hong Kong, China"
"C0005672","1","FOTINI LADY (IMO 9267132)","FOTINI LADY (IMO 9267132): ","Liberia","Oil Tanker","2004-09-30 13:55","","Marine casualty","55° 54.00' N 10° 50.80' E","Great Belt - Hatter","Coastal waters","1","Denmark"
"C0006156","1","ARATERE (IMO 9174828)","ARATERE (IMO 9174828): ","New Zealand","","2004-09-29 17:17","","Marine incident","","Tory Channel","","2","New Zealand; New Zealand"
"C0006109","1","MELLUM (IMO 9161168)","MELLUM (IMO 9161168): ","Liberia","","2004-09-28 12:33","","Marine casualty","","Port of Thevenard, South Australia","","2","Australia; Australia"
"C0006643","1","SPAILPIN FANACH","SPAILPIN FANACH: ","Ireland","Fish Catching","2004-09-28 05:15","","Very serious marine casualty","51° 46.00' N 10° 50.24' W","8 miles North West of Skellig Island","","1","Ireland"
"C0005946","1","YM PEOPLE (IMO 9266126)","YM PEOPLE (IMO 9266126): ","Hong Kong, China","","2004-09-27 09:00","","Very serious marine casualty","","430 nm east of Sri Lanka","Open sea","2","Hong Kong, China; Unknown"
"C0005198","2","SPETSES (IMO 9107710), VAN GOGH (IMO 7359400)","SPETSES (IMO 9107710): , VAN GOGH (IMO 7359400): ","Greece, Saint Vincent and the Grenadines","Oil Tanker, Passenger","2004-09-26 12:40","","Marine casualty","","Bay of Algeciras","","3","Gibraltar (United Kingdom); Saint Vincent and the Grenadines; Saint Vincent and the Grenadines"
"C0005681","2","OCEAN ADY (IMO 8902046), THOR R (IMO 8325262)","OCEAN ADY (IMO 8902046): , THOR R (IMO 8325262): ","DIS (Denmark), Denmark","General Cargo, Dredging","2004-09-26 05:47","","Very serious marine casualty","55° 28.50' N 8° 20.80' E","Graadyb channel into Esbjerg","Coastal waters","1","Denmark"
"C0004867","1","NUSA DAMAI (IMO 7211919)","NUSA DAMAI (IMO 7211919): ","Saint Vincent and the Grenadines","Passenger/Ro-Ro Cargo","2004-09-26 00:00","","Very serious marine casualty","","Ippi port, Ende, Flores Island","","0",""
"C0005195","1","NORDSTRAND (IMO 9031260)","NORDSTRAND (IMO 9031260): ","United Kingdom","General Cargo","2004-09-20 00:00","","Very serious marine casualty","37° 22.00' N 5° 30.00' W","Agencia Maritima Portillo, Seville","","2","United Kingdom; Unknown"
"C0004932","1","MIRABELLA V (IMO 8979374)","MIRABELLA V (IMO 8979374): ","Isle of Man (United Kingdom)","","2004-09-16 00:00","","Marine incident","","Outside port of Saint Jean, Cap Ferrat","","2","United Kingdom; Unknown"
"C0004809","1","VIKING VICTOR (IMO 6908606)","VIKING VICTOR (IMO 6908606): ","United Kingdom","","2004-09-16 00:00","","Very serious marine casualty","","20 miles E. of Aberdeen","","1","United Kingdom"
"C0006131","1","FJORD ICE (IMO 8008814)","FJORD ICE (IMO 8008814): ","Malta","","2004-09-14 23:10","","Marine casualty","55° 36.80' N 12° 53.60' E","S-E of the lighthouse Flintrännan NO, The Sound","","2","Sweden; Sweden"
"C0007107","1","KAREN ANDRIE (IMO 6520454)","KAREN ANDRIE (IMO 6520454): ","United States","","2004-09-11 05:56","","Marine casualty","","Lower Detroit river, Ontario","","1","Unknown"
"C0004837","2","CHRISTINA, PIONER BELORUSSII (IMO 7733656)","CHRISTINA: , PIONER BELORUSSII (IMO 7733656): ","Denmark, Russian Federation","Fish Catching, General Cargo","2004-09-11 00:00","","Very serious marine casualty","57° 24.40' N 9° 06.70' E","N. of Thorup beach, Jutland","Open sea","1","Denmark"
"C0004869","1","OSTRIA (IMO 7027679)","OSTRIA (IMO 7027679): ","Tonga","General Cargo","2004-09-11 00:00","","Very serious marine casualty","","Off Kasos island","","0",""
"C0005188","1","RFA FORT VICTORIA (IMO 8606032)","RFA FORT VICTORIA (IMO 8606032): ","United Kingdom","","2004-09-10 15:20","","Marine incident","","Alongside A&P ship repair yard, Falmouth","","2","United Kingdom; Unknown"
"C0004865","1","MOUFTAKH EL KHEIR 1 (IMO 7113997)","MOUFTAKH EL KHEIR 1 (IMO 7113997): ","Mauritania","Fish Catching","2004-09-09 00:00","","Very serious marine casualty","","S.W. of Nouadhibou, Mauritania","","0",""
"C0005824","1","RAZZOLI (IMO 8611532)","RAZZOLI (IMO 8611532): ","Italy","Passenger/Ro-Ro Cargo","2004-09-08 23:20","","Marine casualty","38° 25.24' N 14° 57.90' E","SICILIA","","0",""
"C0006928","1","INIS MIL","INIS MIL: ","Unknown","","2004-09-08 00:00","","Very serious marine casualty","50° 12.00' N 7° 30.00' W","Between Kenmare and Scilly Isles","","1","Unknown"
"C0004838","1","CRISTOFORO COLOMBO (IMO 9055929)","CRISTOFORO COLOMBO (IMO 9055929): ","Belgium","","2004-09-08 00:00","","Very serious marine casualty","","Off Kholmsk","","0",""
"C0004808","1","TRI ARDHIANTO (IMO 9031545)","TRI ARDHIANTO (IMO 9031545): ","Indonesia","General Cargo","2004-09-07 00:00","","Very serious marine casualty","","Seto Inland Sea, off Kudamatsu","","0",""
"C0004811","1","VANGUARD (IMO 6424117)","VANGUARD (IMO 6424117): ","United Kingdom","Towing / Pushing","2004-09-07 00:00","","Very serious marine casualty","","Half a mile N. of Isle of Rona, Scotland","","1","United Kingdom"
"C0005222","1","BLUE OCEAN (IMO 8303226)","BLUE OCEAN (IMO 8303226): ","Cambodia","General Cargo","2004-09-07 00:00","","Very serious marine casualty","","Hatsukaichi, Hiroshima prefecture","","0",""
"C0004844","1","FREITIND (IMO 5115276)","FREITIND (IMO 5115276): ","Norway","General Cargo","2004-09-05 00:00","","Marine casualty","","Tustna","","0",""
"C0005727","2","HERMES (IMO 7420326), THRONDER","HERMES (IMO 7420326): , THRONDER: ","Saint Vincent and the Grenadines, Unknown",", ","2004-09-03 04:37","","Marine casualty","57° 46.71' N 10° 30.48' E","Skagerrak","Coastal waters","1","Denmark"
"C0004855","1","KOPNES (IMO 5145245)","KOPNES (IMO 5145245): ","Iceland","Fish Catching","2004-09-02 00:00","","Very serious marine casualty","","Off the north coast of Iceland","","1","Iceland"
"C0006932","1","PATRIARCH","PATRIARCH: ","Unknown","","2004-09-01 11:06","","Very serious marine casualty","","betwenn Kilronan Harbour and Blacksod Bay","","1","Unknown"
"C0005196","1","JACKIE MOON (IMO 8605480)","JACKIE MOON (IMO 8605480): ","Antigua and Barbuda","General Cargo","2004-09-01 00:00","","Marine casualty","","Dunoon Breakwater, Firth of Clyde, Scotland","","2","United Kingdom; Unknown"
"C0005671","1","SAINT NICHOLAS (IMO 8316261)","SAINT NICHOLAS (IMO 8316261): ","Greece","Bulk Dry","2004-08-30 19:17","","Marine incident","55° 53.70' N 10° 56.40' E","Great Belt - Hatter","Coastal waters","1","Denmark"
"C0004813","1","Vihan-05 (IMO 8921482)","Vihan-05 (IMO 8921482): ","Viet Nam","General Cargo","2004-08-30 12:25","","Very serious marine casualty","33° 01.50' N 132° 24.10' E","East-side coast of Yurano Hana in Ehime prefecture","Coastal waters","3","Japan; Japan; Viet Nam"
"C0005886","1","DIEPPE (IMO 7931997)","DIEPPE (IMO 7931997): ","France","","2004-08-30 08:13","","Marine casualty","","Newhaven ","","2","France; Unknown"
"C0005867","1","INGE BIRTHE","INGE BIRTHE: ","Denmark","Fish Catching","2004-08-27 08:00","","Very serious marine casualty","57° 14.00' N 11° 26.00' E","Kattegat","Coastal waters","1","Denmark"
"C0006939","1","MADAME PELE","MADAME PELE: ","Germany","Other Activities","2004-08-24 16:30","","Very serious marine casualty","53° 37.90' N 6° 45.20' W","South of Brauerplaten off Borkum","","2","Germany; Unknown"
"C0006912","1","FAMILLE DUFOUR II (IMO 9139373)","FAMILLE DUFOUR II (IMO 9139373): ","Canada","","2004-08-24 09:30","","Marine casualty","","Public Wharf, île aux Coudres, Quebec","","1","Unknown"
"C0005201","1","ALBATROS (IMO 5008356)","ALBATROS (IMO 5008356): ","Netherlands (Kingdom of)","General Cargo","2004-08-22 00:00","","Very serious marine casualty","","Thames estuary","","2","United Kingdom; Unknown"
"C0004880","1","SARANI (IMO 8845444)","SARANI (IMO 8845444): ","India","Fish Catching","2004-08-19 00:00","","Very serious marine casualty","","Bay of Bengal, 70-80 miles S. of Haldia","","0",""
"C0005676","1","STENA LYNX III (IMO 9129328)","STENA LYNX III (IMO 9129328): ","Bahamas","High Speed Craft","2004-08-17 14:42","","Marine incident","54° 04.70' N 5° 14.40' W","IRISH SEA","Open sea","0",""
"C0007104","1","FEDERAL MAAS (IMO 9118135)","FEDERAL MAAS (IMO 9118135): ","Barbados","","2004-08-15 15:25","","Marine casualty","","St. Lawrence Seaway, Ontario","","1","Unknown"
"C0007106","1","ELMER H","ELMER H: ","Unknown","","2004-08-14 21:25","","Marine incident","44° 06.47' N 76° 51.12' W","Adolphus Reach, Lake Ontario","","1","Unknown"
"C0006762","1","AOTEAROA CHIEF (IMO 8810449)","AOTEAROA CHIEF (IMO 8810449): ","Hong Kong, China","Container","2004-08-14 18:06","","Very serious marine casualty","","Off Port Phillip, Victoria","Port approach","1","Australia"
"C0006135","1","DEO VOLENTE (IMO 8432651)","DEO VOLENTE (IMO 8432651): ","Netherlands (Kingdom of)","Fish Catching","2004-08-12 06:00","","Marine casualty","51° 42.20' N 3° 12.90' E","Off Europoort","Coastal waters","0",""
"C0006115","1","BAROUDEUR DES MERS","BAROUDEUR DES MERS: ","France","Fish Catching","2004-08-12 00:15","","Very serious marine casualty","50° 46.45' N 1° 30.10' E","Off Boulogne ","","2","France; France"
"C0007749","1","CORAL ACROPORA (IMO 9031973)","CORAL ACROPORA (IMO 9031973): ","Netherlands Antilles (Netherlands) [historical]","","2004-08-11 11:10","","Marine casualty","","Alongside the lay-by  berth at Runcorn","","1","United Kingdom"
"C0007175","1","CANADA SENATOR (IMO 9039250)","CANADA SENATOR (IMO 9039250): ","Liberia","","2004-08-11 05:30","","Very serious marine casualty","40° 42.54' N 71° 25.42' W","Off Saint-Nicolas, Quebec","","1","Unknown"
"C0006136","1","Onego Merchant (IMO 9277321)","Onego Merchant (IMO 9277321): ","Netherlands (Kingdom of)","General Cargo","2004-08-11 02:35","","Marine casualty","61° 07.20' N 5° 34.50' E","Sognefjorden, Norway","Inland waters","0",""
"C0007176","1","ADRIATIC IV","ADRIATIC IV: ","Vanuatu","","2004-08-10 08:51","","Very serious marine casualty","","Egyptian EEZ","","1","Unknown"
"C0006908","1","WINKELRIED","WINKELRIED: ","Unknown","","2004-08-08 15:23","","Very serious marine casualty","","The Lough Ree area","","1","Unknown"
"C0004841","1","EDHA-II (IMO 6828466)","EDHA-II (IMO 6828466): ","Panama","Passenger/Ro-Ro Cargo","2004-08-08 00:00","","Very serious marine casualty","","Persian Gulf","","0",""
"C0006132","1","OCEAAN KLIPPER (IMO 9001916)","OCEAAN KLIPPER (IMO 9001916): ","Netherlands (Kingdom of)","Refrigerated Cargo","2004-08-07 18:00","","Very serious marine casualty","","Stockton, CA","","0",""
"C0005192","1","TRUE NORTH (IMO 9192105)","TRUE NORTH (IMO 9192105): ","Australia","Passenger","2004-08-07 00:00","","Marine casualty","","Approach passage to St. George Basin","","2","Australia; Australia"
"C0005825","1","TRAKYA (IMO 9175494)","TRAKYA (IMO 9175494): ","Italy","Passenger/Ro-Ro Cargo","2004-08-05 06:50","","Marine casualty","40° 18.00' N 7° 16.00' E","SARDEGNA","","0",""
"C0004873","1","PRO 'V' ISION (IMO 7515731)","PRO 'V' ISION (IMO 7515731): ","United States","Fish Catching","2004-08-05 00:00","","Marine casualty","","N. side of Long Island, Chiniak Bay, Alaska","","0",""
"C0004886","1","SONJA DORIS (IMO 7234480)","SONJA DORIS (IMO 7234480): ","Denmark","Fish Catching","2004-08-02 00:00","","Marine casualty","","Off Esbjerg","","0",""
"C0004922","1","HARMONIE","HARMONIE: ","Germany","Fish Catching","2004-08-02 00:00","","Marine incident","","North of Baltrum","","2","Germany; Unknown"
"C0005204","1","DAGGRI (IMO 9291614)","DAGGRI (IMO 9291614): ","United Kingdom","","2004-07-30 00:00","","Marine incident","","Ulsta breakwater, Yell Island, Shetland Islands","","2","United Kingdom; Unknown"
"C0005816","1","ICHNUSA (IMO 8412871)","ICHNUSA (IMO 8412871): ","Italy","Passenger/Ro-Ro Cargo","2004-07-28 09:45","","Marine casualty","43° 23.20' N 9° 09.00' E","SARDINIA - BONIFACIO PORT","Canal","0",""
"C0004893","1","SUNSHINE KING (IMO 7935254)","SUNSHINE KING (IMO 7935254): ","Philippines","General Cargo","2004-07-27 00:00","","Marine casualty","","Off the Zambales coast","","0",""
"C0004878","1","VISTA MARINER (IMO 7914016)","VISTA MARINER (IMO 7914016): ","Tuvalu","Oil Tanker","2004-07-25 00:00","","Very serious marine casualty","","Off the Riau Islands","","0",""
"C0007105","1","HORIZON (IMO 7911624)","HORIZON (IMO 7911624): ","Malta","","2004-07-24 03:17","","Marine casualty","46° 03.57' N 73° 02.13' W","Sainte-Anne-De-Sorel","","1","Unknown"
"C0004755","2","ERA BARU, NANTAI I (IMO 7810521)","ERA BARU: , NANTAI I (IMO 7810521): ","Unknown, Indonesia",", General Cargo","2004-07-24 00:00","","Very serious marine casualty","","Madura Strait, off Surabaya","","0",""
"C0006201","3","GABY DELMAS (IMO 9239874), Hua Xue 166, HUA XUE 166","GABY DELMAS (IMO 9239874): , Hua Xue 166: , HUA XUE 166: ","Hong Kong, China, Unknown, China","Container, , General Cargo","2004-07-22 23:36","","Very serious marine casualty","29° 38.00' N 122° 26.00' E","East China Sea","Coastal waters","1","Hong Kong, China"
"C0005203","1","NIKHIL (IMO 7624324)","NIKHIL (IMO 7624324): ","Panama","","2004-07-22 00:00","","Very serious marine casualty","","Derince","","0",""
"C0006165","2","GEERTRUID ADRIANA (IMO 9302217), MOHAWK II","GEERTRUID ADRIANA (IMO 9302217): , MOHAWK II: ","Netherlands (Kingdom of), Norway","Fish Catching, Other Activities","2004-07-19 01:00","","Very serious marine casualty","","Off Flushing","Inland waters","0",""
"C0004884","1","SETIA JAYA (IMO 8118152)","SETIA JAYA (IMO 8118152): ","Singapore","Chemical Tanker","2004-07-18 00:00","","Very serious marine casualty","","Indian Ocean, 320 miles off Galle (Sri Lanka)","","1","Singapore"
"C0004868","1","OSTERSOEN (IMO 6808820)","OSTERSOEN (IMO 6808820): ","Denmark","General Cargo","2004-07-17 00:00","","Marine casualty","","During voyage from Bornholm to Aalborg","","0",""
"C0004822","1","AMAMI (IMO 8313415)","AMAMI (IMO 8313415): ","Indonesia","General Cargo","2004-07-16 00:00","","Very serious marine casualty","","Banda Sea, off S.E. Sulawesi province","","0",""
"C0004882","1","SEA TRADER (IMO 7413531)","SEA TRADER (IMO 7413531): ","Malta","Passenger/Ro-Ro Cargo","2004-07-16 00:00","","Marine casualty","","Antwerp quay 222","","0",""
"C0004899","1","ARONT 103","ARONT 103: ","Cambodia","Fish Catching","2004-07-15 00:00","","Very serious marine casualty","","Off the coast of Cambodia","","0",""
"C0004861","1","MINI MOON (IMO 7221598)","MINI MOON (IMO 7221598): ","Honduras","General Cargo","2004-07-12 00:00","","Very serious marine casualty","","2.5 miles S.W. of port Quequen","","0",""
"C0006126","1","STADIONGRACHT (IMO 9202508)","STADIONGRACHT (IMO 9202508): ","Netherlands (Kingdom of)","General Cargo","2004-07-11 02:00","","Marine casualty","55° 54.20' N 10° 51.30' E","The Great Belt","Open sea","0",""
"C0007084","1","OCEAN HAULER","OCEAN HAULER: ","Canada","","2004-07-10 03:37","","Marine incident","","St. Clair River, Michigan, United states","","1","Unknown"
"C0006150","1","PETIMATA OT RMS (IMO 7813016)","PETIMATA OT RMS (IMO 7813016): ","Bulgaria","Bulk Dry","2004-07-09 02:21","","Marine casualty","55° 12.40' N 11° 07.00' E","The Great Belt","Inland waters","0",""
"C0004817","2","ORCHID SEA (IMO 8517580), XIN WAN DA (IMO 8006036)","ORCHID SEA (IMO 8517580): , XIN WAN DA (IMO 8006036): ","Republic of Korea, China","Bulk Dry, General Cargo","2004-07-08 00:00","","Very serious marine casualty","","Off Pusan","","0",""
"C0005944","2","CSCL QINGDAO (IMO 9224336), HYUNDAI HARMONY (IMO 9276406)","CSCL QINGDAO (IMO 9224336): , HYUNDAI HARMONY (IMO 9276406): ","Malta, Panama",", Container","2004-07-07 09:08","","Marine casualty","35° 05.00' N 129° 06.07' E","Port of Busan, Republic of Korea","","2","Republic of Korea; Republic of Korea"
"C0007345","1","NORTHERN FAITH (IMO 9064877)","NORTHERN FAITH (IMO 9064877): ","Germany","","2004-07-04 16:50","","Marine casualty","45° 33.12' N 13° 44.05' E","Port of Koper, Slovenia","Port","1","Unknown"
"C0004814","2","SUN RAY (IMO 7711658), VOLGO-DON 5025 (IMO 8867416)","SUN RAY (IMO 7711658): , VOLGO-DON 5025 (IMO 8867416): ","Georgia, Russian Federation","Container, General Cargo","2004-07-04 00:00","","Very serious marine casualty","","23nm N.E. of Shabla, Black Sea","","1","Georgia"
"C0005885","1","DIEPPE (IMO 7931997)","DIEPPE (IMO 7931997): ","France","","2004-07-03 01:37","","Marine casualty","","Dieppe","","2","France; France"
"C0007178","1","ALLMIN","ALLMIN: ","Germany","Other Activities","2004-06-29 17:00","","Very serious marine casualty","","Prorer Wiek, East of Rügen","","2","Germany; Unknown"
"C0006134","1","ORANJE NASSAU (IMO 9067609)","ORANJE NASSAU (IMO 9067609): ","Netherlands (Kingdom of)","Fish Catching","2004-06-28 23:59","","Marine casualty","","North Sea","Open sea","0",""
"C0006326","1","PUDONG SENATOR (IMO 9141261)","PUDONG SENATOR (IMO 9141261): ","Germany","Container","2004-06-28 18:22","","Marine casualty","53° 32.20' N 9° 54.20' E","Port of Hamburg","","2","Germany; Germany"
"C0005202","1","NAZEK T (IMO 7042849)","NAZEK T (IMO 7042849): ","Democratic People's Republic of Korea","General Cargo","2004-06-26 00:00","","Marine casualty","","Constantza","","0",""
"C0006049","1","JORGEN LAURITZEN (IMO 9007489)","JORGEN LAURITZEN (IMO 9007489): ","DIS (Denmark)","Refrigerated Cargo","2004-06-23 23:10","","Marine casualty","35° 26.50' N 139° 44.50' E","Kawasaki in Tokyo Bay","Coastal waters","0",""
"C0004872","1","PRINCESS OF THE PACIFIC (IMO 8131063)","PRINCESS OF THE PACIFIC (IMO 8131063): ","Philippines","","2004-06-23 00:00","","Marine casualty","","Nogas Island","","0",""
"C0006200","1","SKY HOPE (IMO 9228289)","SKY HOPE (IMO 9228289): ","Hong Kong, China","Container","2004-06-21 07:38","","Marine casualty","31° 00.00' N 125° 47.20' E","East China Sea","Open sea","1","Hong Kong, China"
"C0006940","1","ALENA","ALENA: ","Germany","Other Activities","2004-06-20 22:15","","Very serious marine casualty","54° 27.00' N 11° 47.00' E","Southwest of Gedser / Danmark","","2","Germany; Unknown"
"C0004918","1","DORSET (IMO 6912841)","DORSET (IMO 6912841): ","Democratic People's Republic of Korea","Passenger/Ro-Ro Cargo","2004-06-16 00:00","","Very serious marine casualty","","Mumbai harbour outer anchorage","","0",""
"C0004900","1","BARBAROS OKTAY (IMO 7394254)","BARBAROS OKTAY (IMO 7394254): ","Türkiye","General Cargo","2004-06-13 00:00","","Marine casualty","","Black Sea, off the coast of Turkey","","0",""
"C0005949","1","CMA CGM VERLAINE (IMO 9221815)","CMA CGM VERLAINE (IMO 9221815): ","Germany","","2004-06-11 09:37","","Very serious marine casualty","35° 51.50' N 14° 32.50' E","Marsaxlokk, Malta","","2","Germany; Germany"
"C0005191","2","GRETJE GRE 8, GRIETJE BOS (IMO 8008333)","GRETJE GRE 8: , GRIETJE BOS (IMO 8008333): ","Germany, Netherlands (Kingdom of)","Fish Catching, Fish Catching","2004-06-11 00:00","","Very serious marine casualty","","Near Borkum, Ems maritime waterway","","2","Germany; Unknown"
"C0005669","1","THOR HAWK (IMO 9017240)","THOR HAWK (IMO 9017240): ","DIS (Denmark)","General Cargo","2004-06-09 09:35","","Marine casualty","11° 23.80' N 75° 27.30' E","Southwest coast of India","Open sea","0",""
"C0005189","1","HAMBURG EXPRESS (IMO 9229829)","HAMBURG EXPRESS (IMO 9229829): ","Germany","Container","2004-06-07 13:50","","Very serious marine casualty","","Bay of Biscay","","2","Germany; Unknown"
"C0005211","1","DOMIAT (IMO 8203397)","DOMIAT (IMO 8203397): ","Egypt","Bulk Dry","2004-06-07 00:00","","Marine casualty","","400m before S.W. entrance to Flintrännan","","2","Sweden; Sweden"
"C0004929","1","NCC MEKKA (IMO 9047752)","NCC MEKKA (IMO 9047752): ","Norway","","2004-06-04 14:35","","Very serious marine casualty","23° 00.00' S 44° 06.40' W","In transit between Santos and Aratu","","2","Norway; Norway"
"C0004830","1","ARTOMORO I (IMO 8032671)","ARTOMORO I (IMO 8032671): ","Indonesia","General Cargo","2004-06-04 00:00","","Very serious marine casualty","","Off Sumbawa Island","","0",""
"C0005190","1","ATTILIO IEVOLI (IMO 9104873)","ATTILIO IEVOLI (IMO 9104873): ","Italy","Chemical Tanker","2004-06-03 00:00","","Marine casualty","","Lymington Banks, West Solent","","2","United Kingdom; Unknown"
"C0006091","1","ALAMO (IMO 8202032)","ALAMO (IMO 8202032): ","Chile","Self Discharging Bulk Dry","2004-06-02 20:45","","Marine casualty","48° 37.60' S 74° 55.90' W","ROCA CERCANA AL FARO PUNTA SEGUEL, CANAL ADALBERTO","","1","Chile"
"C0006421","1","CORCOVADO (IMO 8322052)","CORCOVADO (IMO 8322052): ","Chile","General Cargo","2004-05-31 05:45","","Marine casualty","49° 59.40' S 74° 28.60' W","Punta Cameron, en el canal Wide, en Latitud 49°59,4´ Sur y Longitud 074°28,6´ Weste;","","1","Unknown"
"C0005199","1","RENI (IMO 8918368)","RENI (IMO 8918368): ","Germany","","2004-05-31 00:00","","Marine incident","","Bay of Mecklenburg, S.E. of Fehmarn","","2","Germany; Unknown"
"C0004885","2","SHINWA MARU NO. 8 (IMO 9066849), THAILINE 6 (IMO 9100530)","SHINWA MARU NO. 8 (IMO 9066849): , THAILINE 6 (IMO 9100530): ","Japan, Malaysia","Oil Tanker, General Cargo","2004-05-30 00:00","","Marine casualty","","Off Hitachinaka, Ibaraki prefecture","","0",""
"C0005938","1","POS BRAVERY (IMO 9037721)","POS BRAVERY (IMO 9037721): ","Panama","","2004-05-26 04:32","","Marine casualty","34° 39.15' N 127° 57.00' E","Off Dae Island","","2","Unknown; Republic of Korea"
"C0004843","1","FAMILY ISLAND EXPRESS (IMO 5241685)","FAMILY ISLAND EXPRESS (IMO 5241685): ","Guyana","General Cargo","2004-05-24 00:00","","Very serious marine casualty","","N. of Puerto Plata, Dominican Republic","","0",""
"C0005208","1","SOZIDANIE (IMO 8907010)","SOZIDANIE (IMO 8907010): ","Vanuatu","Other Fishing","2004-05-23 00:00","","Marine casualty","","30 miles S. of Las Palmas, Grand Canary","","2","Unknown; Vanuatu"
"C0005207","2","HYUNDAI NO. 105 (IMO 8517956), KAMINESAN (IMO 9259331)","HYUNDAI NO. 105 (IMO 8517956): , KAMINESAN (IMO 9259331): ","Panama, Panama",", Oil Tanker","2004-05-22 00:00","","Very serious marine casualty","","Singapore Strait","","2","Unknown; Singapore"
"C0006053","1","ADRIANE (IMO 7001364)","ADRIANE (IMO 7001364): ","Denmark","General Cargo","2004-05-21 12:40","","Marine casualty","59° 12.00' N 23° 25.00' E","Dirhami, Estonia","Open sea","0",""
"C0005284","1","NEPTUNUS (IMO 8821747)","NEPTUNUS (IMO 8821747): ","Sweden","Oil Tanker","2004-05-21 00:00","","Marine casualty","","Off Brunsbuttel, Kiel Canal","","2","Unknown; Sweden"
"C0006030","2","AN PING 6 (IMO 8301929), HERAKLIA (IMO 8018194)","AN PING 6 (IMO 8301929): , HERAKLIA (IMO 8018194): ","China, Greece","Bulk Dry, ","2004-05-15 10:35","","Marine casualty","39° 52.10' N 119° 37.10' E","QIN HUANG DAO OFF CHINA","","1","China"
"C0004823","1","AN LU JIANG (IMO 7422831)","AN LU JIANG (IMO 7422831): ","China","General Cargo","2004-05-15 00:00","","Very serious marine casualty","","Off Chittagong outer anchorage","","1","China"
"C0005200","1","LORD NELSON (IMO 1002495)","LORD NELSON (IMO 1002495): ","United Kingdom","","2004-05-15 00:00","","Marine incident","","Tower Bridge, river Thames, London","","2","United Kingdom; Unknown"
"C0005802","1","LONGOBARDA (IMO 9008811)","LONGOBARDA (IMO 9008811): ","Italy","Chemical Tanker","2004-05-14 12:13","","Very serious marine casualty","","TUZLA PORT - REPUBLIC OF TURKEY","Port","0",""
"C0006133","1","OSPREY II (IMO 8402694)","OSPREY II (IMO 8402694): ","United Kingdom","Fish Catching","2004-05-14 09:30","","Marine casualty","","North Sea","","0",""
"C0004863","2","LI DA (IMO 8974130), MIYA (IMO 8115186)","LI DA (IMO 8974130): , MIYA (IMO 8115186): ","Mongolia, Belize","General Cargo, General Cargo","2004-05-14 00:00","","Very serious marine casualty","","Off Japan","","0",""
"C0005821","1","MONA LISA (IMO 6512354)","MONA LISA (IMO 6512354): ","Bahamas","Passenger","2004-05-12 07:52","","Marine casualty","","VENICE","Port","0",""
"C0006721","2","BERGE NICE (IMO 9247819), SEACOR LAREDO (IMO 8017059)","BERGE NICE (IMO 9247819): , SEACOR LAREDO (IMO 8017059): ","French Antarctic Territory (France), Chile",", Offshore Supply","2004-05-12 03:09","","Marine casualty","52° 25.80' S 69° 27.40' W","Strait of Magellan","","1","Unknown"
"C0006045","2","ORASUND (IMO 6927391), SØREN KANNE","ORASUND (IMO 6927391): , SØREN KANNE: ","DIS (Denmark), Denmark","Oil Tanker, Fish Catching","2004-05-11 00:05","","Marine casualty","57° 49.30' N 9° 43.10' E","Northsea / Skagerrak ","Open sea","1","Denmark"
"C0005845","2","JEANETTE-KRISTINA, NANA MARIE","JEANETTE-KRISTINA: , NANA MARIE: ","Denmark, Denmark","Fish Catching, Fish Catching","2004-05-08 22:30","","Very serious marine casualty","55° 17.00' N 3° 27.00' E","North Sea","Open sea","1","Denmark"
"C0006138","2","CORNELIS TRIJNTJE (IMO 9250103), SOLI DEO GLORIA (IMO 9148166)","CORNELIS TRIJNTJE (IMO 9250103): , SOLI DEO GLORIA (IMO 9148166): ","Netherlands (Kingdom of), Netherlands (Kingdom of)","Fish Catching, General Cargo","2004-05-05 04:15","","Marine casualty","52° 32.60' N 4° 21.60' E","North Sea","Anchorage","0",""
"C0006697","2","ANDRE-JEAN, LA TOUR D'AUVERGNE","ANDRE-JEAN: , LA TOUR D'AUVERGNE: ","France, France","Fish Catching, Fish Catching","2004-05-04 12:00","","Very serious marine casualty","","64nm West of the Scilly Isles","","1","France"
"C0007079","1","VIA ADRIATICO (IMO 9019066)","VIA ADRIATICO (IMO 9019066): ","Italy","Passenger/Ro-Ro Cargo","2004-05-03 17:10","","Marine incident","","Port of Termini imerese, Italy","","0",""
"C0004931","1","STAR CLIPPER","STAR CLIPPER: ","United Kingdom","","2004-05-02 00:00","","Very serious marine casualty","","St Katherine's Pier, River Thames, London","","2","United Kingdom; Unknown"
"C0006910","1","CATHERINE-LEGARDEUR (IMO 8409355)","CATHERINE-LEGARDEUR (IMO 8409355): ","Canada","","2004-04-27 05:45","","Marine casualty","","Sorel, Quebec","","1","Unknown"
"C0004926","1","KINGFISHER II","KINGFISHER II: ","United Kingdom","Fish Catching","2004-04-26 00:00","","Marine incident","","5 miles E. of North Uist, Outer Hebrides","","2","United Kingdom; Unknown"
"C0005221","1","BEN LUC (IMO 7722982)","BEN LUC (IMO 7722982): ","Mongolia","","2004-04-26 00:00","","Marine casualty","","Off the southern province of Ba Ria-Vung Tau","","0",""
"C0004881","2","PONTOMEDON (IMO 8318685), SEA BREATH (IMO 7329388)","PONTOMEDON (IMO 8318685): , SEA BREATH (IMO 7329388): ","Cyprus, Cambodia","Bulk Dry, General Cargo","2004-04-21 00:00","","Very serious marine casualty","","Yangtze river estuary, off Shanghai","","0",""
"C0008537","1","BLANCHE EILEEN","BLANCHE EILEEN: ","Unknown","Fish Catching","2004-04-20 00:00","","Very serious marine casualty","","Off Schull, Co. Cork ","","1","Ireland"
"C0007088","1","FRONT SYMPHONY (IMO 9249324)","FRONT SYMPHONY (IMO 9249324): ","Liberia","","2004-04-16 17:08","","Marine casualty","","At Suez Canal, Egypt","","1","Unknown"
"C0004923","1","HARMONIC PROGRESS (IMO 8501684)","HARMONIC PROGRESS (IMO 8501684): ","Panama","Bulk Dry","2004-04-16 00:00","","Marine casualty","","90 nm N. of Hydrographers Passage, Coral Sea","Open sea","2","Australia; Australia"
"C0004852","1","JAGUAR (IMO 8886888)","JAGUAR (IMO 8886888): ","United States","Fish Catching","2004-04-15 00:00","","Very serious marine casualty","","Coos Bay, Oregon","","0",""
"C0006117","2","CORONA GLORIA, PEYO YAVOROV (IMO 8325937)","CORONA GLORIA: , PEYO YAVOROV (IMO 8325937): ","France, Bulgaria","Fish Catching, ","2004-04-14 09:05","","Marine casualty","","Dover Strait, North-South traffic lane of TSS","","2","France; France"
"C0006121","1","WANI PRIDE (IMO 9252931)","WANI PRIDE (IMO 9252931): ","Gibraltar (United Kingdom)","General Cargo","2004-04-13 00:00","","Marine casualty","55° 39.00' N 12° 42.00' E","Baltic Sea","Open sea","0",""
"C0004846","1","GENIUS STAR VI (IMO 8103341)","GENIUS STAR VI (IMO 8103341): ","Panama","General Cargo","2004-04-13 00:00","","Very serious marine casualty","","160nm S.E. of Sagar Island, Bay of Bengal","","0",""
"C0004816","1","WIN GRAND (IMO 8609723)","WIN GRAND (IMO 8609723): ","Malta","General Cargo","2004-04-05 00:00","","Very serious marine casualty","","South China Sea","","0",""
"C0005206","1","FARLAND (IMO 8307143)","FARLAND (IMO 8307143): ","Vanuatu","Bulk Dry","2004-04-02 00:00","","Very serious marine casualty","","Thessaloniki","","2","Unknown; Vanuatu"
"C0004858","1","MAYANG SARI (IMO 7825813)","MAYANG SARI (IMO 7825813): ","Malaysia","Towing / Pushing","2004-03-31 00:00","","Very serious marine casualty","","80kms E. of Nancowry Island, Andaman & Nicobar Is.","","0",""
"C0005679","1","ATLANTIC D (IMO 6828533)","ATLANTIC D (IMO 6828533): ","United Kingdom","Fish Catching","2004-03-28 18:34","","Marine casualty","58° 34.00' N 1° 06.00' W","NORTH SEA","Open sea","0",""
"C0005818","1","FOUR ETOILES (IMO 8225034)","FOUR ETOILES (IMO 8225034): ","Italy","Bulk Dry / Oil","2004-03-27 08:50","","Marine incident","36° 41.00' N 0° 00.10' E","ALGERIAN COAST - 35 MILES FROM ARZEW","Open sea","0",""
"C0007186","1","MAINGAS (IMO 9108843)","MAINGAS (IMO 9108843): ","Liberia","","2004-03-26 12:05","","Marine incident","","Seine, France","","1","Unknown"
"C0005213","1","DART 8 (IMO 7822201)","DART 8 (IMO 7822201): ","Bermuda (United Kingdom)","Passenger/Ro-Ro Cargo","2004-03-21 00:00","","Marine incident","","Europort terminal, River Thames","","2","United Kingdom; Unknown"
"C0004916","2","APL PUSAN (IMO 9234123), DELTA I (IMO 7359577)","APL PUSAN (IMO 9234123): , DELTA I (IMO 7359577): ","Singapore, Panama","Container, Oil Tanker","2004-03-19 00:00","","Very serious marine casualty","","Off Vadinar coast, Gulf of Kutch","","1","Singapore"
"C0006054","1","DAN TRIMMER (IMO 7411648)","DAN TRIMMER (IMO 7411648): ","DIS (Denmark)","General Cargo","2004-03-13 18:30","","Marine casualty","55° 32.00' N 18° 35.00' E","Baltic Sea","Open sea","0",""
"C0006761","1","YU LONG SHAN (IMO 7701483)","YU LONG SHAN (IMO 7701483): ","China","Bulk Dry","2004-03-11 10:50","","Very serious marine casualty","","Hay Point, Queensland","Anchorage","1","Australia"
"C0004879","1","SAM-SON (IMO 6721060)","SAM-SON (IMO 6721060): ","Madagascar","","2004-03-09 00:00","","Very serious marine casualty","","Off port of Mahajanga","","0",""
"C0005212","2","OCEAN ROSE, RENO (IMO 8513156)","OCEAN ROSE: , RENO (IMO 8513156): ","United Kingdom, Madeira (Portugal)","Fish Catching, Chemical Tanker","2004-03-06 00:00","","Marine casualty","","Off Whitby, North Sea","","2","United Kingdom; Unknown"
"C0004928","1","ELEGANCE (IMO 9173575)","ELEGANCE (IMO 9173575): ","United Kingdom","Fish Catching","2004-03-05 00:00","","Very serious marine casualty","","2.5nm S.E. of North Ronaldsay, Orkney Islands","","1","United Kingdom"
"C0005948","1","CARIBOU (IMO 8301876)","CARIBOU (IMO 8301876): ","Canada","","2004-03-04 11:30","","Marine incident","","14 miles NNE of North Sydney, Nova Scotia, Canada","","2","Canada; Unknown"
"C0004854","1","KINGA (IMO 7636042)","KINGA (IMO 7636042): ","Madagascar","","2004-03-04 00:00","","Very serious marine casualty","","150m off Mada, Antalaha","","0",""
"C0004850","1","HERAKLES (IMO 6704191)","HERAKLES (IMO 6704191): ","Finland","Towing / Pushing","2004-03-02 00:00","","Very serious marine casualty","","S.E. of Grundkallen, Sweden","","0",""
"C0005183","1","PERLA (IMO 9084671)","PERLA (IMO 9084671): ","Singapore","Chemical Tanker","2004-03-02 00:00","","Marine casualty","","Port Taranaki, New Plymouth","","4","New Zealand; New Zealand; Singapore; Singapore"
"C0005958","2","COSCO HAMBURG (IMO 9221085), P&O NEDLLOYD FINLAND (IMO 9129471)","COSCO HAMBURG (IMO 9221085): , P&O NEDLLOYD FINLAND (IMO 9129471): ","Hong Kong, China, Germany",", Container","2004-03-01 14:40","","Very serious marine casualty","53° 43.00' N 9° 28.40' E","Lower Elbe, off buoy 91","River","2","Germany; Germany"
"C0004834","1","BOW MARINER (IMO 7923512)","BOW MARINER (IMO 7923512): ","Singapore","Chemical Tanker","2004-02-28 18:05","","Very serious marine casualty","37° 52.80' N 74° 15.30' W","50 miles E. of Chincoteague, Virginia, United States","","2","United States; United States"
"C0004819","1","YTHAN (IMO 8117067)","YTHAN (IMO 8117067): ","Marshall Islands","Bulk Dry","2004-02-28 09:50","","Very serious marine casualty","","36nm off Tayrona National Park, Santa Marta, Colombia","","2","Unknown; Marshall Islands"
"C0005180","1","HANNES (IMO 7117503)","HANNES (IMO 7117503): ","Saint Vincent and the Grenadines","General Cargo","2004-02-28 00:00","","Marine casualty","","After departure from Oskarshamn","","2","Sweden; Sweden"
"C0005181","1","CSAV ITAJAI (IMO 9128099)","CSAV ITAJAI (IMO 9128099): ","Marshall Islands","Container","2004-02-28 00:00","","Marine casualty","","Durban harbour","","2","Unknown; South Africa"
"C0004877","1","ROLON SUR (IMO 7508831)","ROLON SUR (IMO 7508831): ","Spain","","2004-02-28 00:00","","Marine casualty","","Between Ibiza and Formentera (Balearic Islands)","","0",""
"C0005871","1","COLOR TRAVELLER (IMO 8000226)","COLOR TRAVELLER (IMO 8000226): ","Sweden","Passenger/Ro-Ro Cargo","2004-02-28 00:00","","Marine casualty","55° 33.60' N 9° 45.30' E","Fredericia harbour","Port","0",""
"C0006763","1","ASTOR (IMO 8506373)","ASTOR (IMO 8506373): ","Bahamas","Passenger","2004-02-26 19:10","","Marine casualty","19° 14.60' S 146° 50.00' E","Townsville, Queensland","","1","Australia"
"C0005822","1","SIDER CRUSADER (IMO 8906482)","SIDER CRUSADER (IMO 8906482): ","Italy","General Cargo","2004-02-26 09:20","","Marine casualty","37° 58.60' N 15° 36.30' E","SICILIA","Coastal waters","0",""
"C0005205","1","ASIAN NOBLE (IMO 8516720)","ASIAN NOBLE (IMO 8516720): ","Republic of Korea","Bulk Dry","2004-02-26 00:00","","Very serious marine casualty","","Sea of Japan","","2","Unknown; Republic of Korea"
"C0004851","1","HOPE BAY (IMO 6714691)","HOPE BAY (IMO 6714691): ","Canada","Fish Catching","2004-02-26 00:00","","Very serious marine casualty","","Queen Charlotte Sound, N. of Vancouver Is.","","1","Unknown"
"C0005216","2","FRONT VIEWER (IMO 9008160), HOO FINCH (IMO 8804775)","FRONT VIEWER (IMO 9008160): , HOO FINCH (IMO 8804775): ","Singapore, United Kingdom",", General Cargo","2004-02-25 00:00","","Marine incident","","N. of River Humber deep water anchorage","","2","United Kingdom; Unknown"
"C0005197","1","PRIDE OF PROVENCE (IMO 7907257)","PRIDE OF PROVENCE (IMO 7907257): ","United Kingdom","","2004-02-22 00:00","","Marine casualty","","Calais No. 7 ro-ro berth","","2","United Kingdom; Unknown"
"C0005194","1","SYBILLE (IMO 9002128)","SYBILLE (IMO 9002128): ","Antigua and Barbuda","General Cargo","2004-02-18 05:50","","Marine incident","","Port of Dublin","","2","Ireland; Ireland"
"C0006130","2","JOANNA (IMO 8200802), STENA NAUTICA (IMO 8317954)","JOANNA (IMO 8200802): , STENA NAUTICA (IMO 8317954): ","Saint Vincent and the Grenadines, Sweden","General Cargo, ","2004-02-16 04:33","","Marine casualty","56° 57.50' N 12° 07.40' E","Off Varberg, Kattegat","Open sea","2","Sweden; Sweden"
"C0004820","1","YUG (IMO 8923739)","YUG (IMO 8923739): ","Russian Federation","Oil Tanker","2004-02-16 00:00","","Very serious marine casualty","","Caspian Sea, 85kms off Kazakhstan coast","","0",""
"C0004849","1","HERA (IMO 7375844)","HERA (IMO 7375844): ","Cambodia","General Cargo","2004-02-13 12:28","","Very serious marine casualty","41° 19.00' N 29° 13.00' E","Black Sea, 7 miles off Strait of Istanbul","","0",""
"C0005814","1","EAGLE I (IMO 9181596)","EAGLE I (IMO 9181596): ","Indonesia","Towing / Pushing","2004-02-12 19:30","","Marine casualty","41° 19.60' N 16° 16.70' E","BARLETTA - BARI - SOUTH ITALY","Coastal waters","0",""
"C0004890","1","STRONTSIY (IMO 8852801)","STRONTSIY (IMO 8852801): ","Russian Federation","General Cargo","2004-02-12 00:00","","Marine casualty","","3 miles off Strait of Istanbul","","0",""
"C0005215","2","MARE (IMO 7029029), SOLAR EUROPE (IMO 9179218)","MARE (IMO 7029029): , SOLAR EUROPE (IMO 9179218): ","Saint Vincent and the Grenadines, Liberia","General Cargo, Bulk Dry","2004-02-12 00:00","","Very serious marine casualty","","12nm N.W. from ICDAS Pier, near Karabiga, Canakkale","","2","Unknown; Saint Vincent and the Grenadines"
"C0005210","1","TETSUKO","TETSUKO: ","Isle of Man (United Kingdom)","Fish Catching","2004-02-11 00:00","","Marine incident","","Ramsey Banks","","2","United Kingdom; Unknown"
"C0004891","1","SUNFLOWER (IMO 8939166)","SUNFLOWER (IMO 8939166): ","United States","Fish Catching","2004-02-11 00:00","","Very serious marine casualty","","30 miles E. of Monomoy Island, Cape Cod, United States","","0",""
"C0004915","1","DANBOX (IMO 7021792)","DANBOX (IMO 7021792): ","Saint Vincent and the Grenadines","General Cargo","2004-02-08 00:00","","Very serious marine casualty","","Caribbean Sea, 80 miles S. of St. Croix, Virgin Islands","","0",""
"C0004888","1","SPRINTA (IMO 7610775)","SPRINTA (IMO 7610775): ","Malta","General Cargo","2004-02-07 00:00","","Very serious marine casualty","","Port Fort Dauphine","","0",""
"C0004839","1","DURY (IMO 8922187)","DURY (IMO 8922187): ","Panama","General Cargo","2004-02-07 00:00","","Very serious marine casualty","","Off coast of Puan, N. Cholla province","","0",""
"C0005193","1","ALEXIA (IMO 8100894)","ALEXIA (IMO 8100894): ","Malta","Bulk Dry","2004-02-04 00:00","","Marine incident","","Port of Dublin","","2","Ireland; Ireland"
"C0004927","1","ELEGANCE (IMO 9173575)","ELEGANCE (IMO 9173575): ","United Kingdom","Fish Catching","2004-01-30 00:00","","Marine casualty","","30nm N.W. of Shetland Islands","","2","United Kingdom; Unknown"
"C0005214","1","SCOT VENTURE (IMO 9243928)","SCOT VENTURE (IMO 9243928): ","United Kingdom","General Cargo","2004-01-29 00:00","","Marine incident","","Drodgen Channel, No.16 buoy","","2","United Kingdom; Unknown"
"C0006114","1","LO-DA-KASH","LO-DA-KASH: ","Canada","Fish Catching","2004-01-23 17:00","","Very serious marine casualty","45° 04.07' N 66° 40.42' W","Sand Cove, New Brunswick","","2","Canada; Canada"
"C0004853","1","KEPHI (IMO 7430333)","KEPHI (IMO 7430333): ","Comoros","General Cargo","2004-01-23 00:00","","Very serious marine casualty","","Mediterranean Sea, 120 nm W. of Crete","","0",""
"C0004875","1","QUEEN (IMO 7025217)","QUEEN (IMO 7025217): ","Georgia","General Cargo","2004-01-23 00:00","","Very serious marine casualty","","Off Tartous","","1","Georgia"
"C0004842","1","EREBUS (IMO 7609142)","EREBUS (IMO 7609142): ","Belize","Other Fishing","2004-01-22 00:00","","Very serious marine casualty","","Posyet Bay","","0",""
"C0004810","1","TOR III (IMO 7043764)","TOR III (IMO 7043764): ","Democratic People's Republic of Korea","General Cargo","2004-01-22 00:00","","Very serious marine casualty","","Gulf of Antalya","","0",""
"C0004870","1","PAMELA GOLD (IMO 6827979)","PAMELA GOLD (IMO 6827979): ","Cambodia","General Cargo","2004-01-21 00:00","","Very serious marine casualty","","Tatarskiy Strait","","0",""
"C0006155","1","ROCKNES (IMO 9229910)","ROCKNES (IMO 9229910): ","Antigua and Barbuda","Bulk Dry","2004-01-19 16:27","","Very serious marine casualty","60° 20.20' N 5° 11.00' E","Vatlestraumen, sea area S. of Bergen","","15","Antigua and Barbuda; Antigua and Barbuda; Antigua and Barbuda; Antigua and Barbuda; Antigua and Barbuda; Antigua and Barbuda; Antigua and Barbuda; Antigua and Barbuda; Antigua and Barbuda; Antigua and Barbuda; Antigua and Barbuda; Antigua and Barbuda; Antigua and Barbuda; Antigua and Barbuda; Antigua and Barbuda"
"C0004836","1","CANYON EXPLORER (IMO 7310313)","CANYON EXPLORER (IMO 7310313): ","United States","Fish Catching","2004-01-19 00:00","","Very serious marine casualty","","48 miles E. of Nauset Light beach, Cape Cod, Massachussets","","0",""
"C0006028","1","LADY O (IMO 6614372)","LADY O (IMO 6614372): ","Democratic People's Republic of Korea","","2004-01-17 02:10","","Very serious marine casualty","","14 miles north of Psara island in the eastern Aegan","","0",""
"C0004917","1","DIANA UNO (IMO 8901042)","DIANA UNO (IMO 8901042): ","Portugal","General Cargo","2004-01-17 00:00","","Very serious marine casualty","","Port Lucerne off Bilbao","","0",""
"C0005223","1","BRATTVAG (IMO 6600450)","BRATTVAG (IMO 6600450): ","Finland","Fish Catching","2004-01-17 00:00","","Very serious marine casualty","","Off the coast of Finland, Gulf of Bothnia","","0",""
"C0004835","1","BUGALED BREIZH (IMO 8873843)","BUGALED BREIZH (IMO 8873843): ","France","Fish Catching","2004-01-15 13:25","","Very serious marine casualty","49° 42.00' N 5° 10.00' W","15 miles S. of Lizard Point, Cornwall","","2","France; France"
"C0004845","1","FRYNI (IMO 6606076)","FRYNI (IMO 6606076): ","Greece","Fish Catching","2004-01-15 00:00","","Marine casualty","","Off Greece","","0",""
"C0006906","1","QUEEN OF SURREY (IMO 7902221)","QUEEN OF SURREY (IMO 7902221): ","Canada","Passenger/Ro-Ro Cargo","2004-01-11 00:00","","Marine casualty","","Horseshoe Bay, British Columbia","","1","Unknown"
"C0005815","1","CLODIA (IMO 7717377)","CLODIA (IMO 7717377): ","Italy","Ro-Ro Cargo","2004-01-10 05:00","","Marine casualty","39° 56.38' N 9° 42.07' E","PORT OF ARBATAX","Port","0",""
"C0006764","2","BUNGA ORKID TIGA (IMO 9070797), STELLA VII","BUNGA ORKID TIGA (IMO 9070797): , STELLA VII: ","Malaysia, Australia","Bulk Dry, Other Activities","2004-01-05 04:00","","Marine casualty","13° 41.00' S 144° 05.00' E","Creech Reef, Great Barrier Reef","","1","Australia"
"C0005209","1","DIAS (IMO 8521177)","DIAS (IMO 8521177): ","Hong Kong, China","Bulk Dry","2004-01-04 16:35","","Very serious marine casualty","","New Guinea Strait","","2","Hong Kong, China; Hong Kong, China"
"C0004856","1","LODESTAR (IMO 8858051)","LODESTAR (IMO 8858051): ","Tonga","General Cargo","2004-01-03 00:00","","Very serious marine casualty","","Mediterranean Sea, 129kms N. of Bajaia port, Algeria","","0",""
"C0004925","1","SEATURBOT (IMO 9204764)","SEATURBOT (IMO 9204764): ","Germany","Oil Tanker","2004-01-03 00:00","","Marine incident","","Milford Haven","","2","Germany; Unknown"
"C0004871","1","PANAM SERENA (IMO 9282687)","PANAM SERENA (IMO 9282687): ","Bahamas","Chemical Tanker","2004-01-01 11:59","","Very serious marine casualty","","Porto Torres, Sardinia","","2","Bahamas; Bahamas"
"C0005614","1","RADESFORDE (IMO 8908480)","RADESFORDE (IMO 8908480): ","Antigua and Barbuda","General Cargo","2003-12-31 00:00","","Marine casualty","","60 miles from Vigo, Spain","","0",""
"C0006081","1","YIOSONAS (IMO 8917754)","YIOSONAS (IMO 8917754): ","Hong Kong, China","","2003-12-29 13:30","","Marine casualty","2° 09.57' S 81° 00.97' W","port of La Libertad ","Port approach","2","Hong Kong, China; Hong Kong, China"
"C0005611","1","EXPRESS APOLLON (IMO 7235915)","EXPRESS APOLLON (IMO 7235915): ","Greece","","2003-12-28 00:00","","Marine casualty","","Serifos","","0",""
"C0005613","1","PACIFIC TRACKER NO. 116 (IMO 9278856)","PACIFIC TRACKER NO. 116 (IMO 9278856): ","Vanuatu","Fish Catching","2003-12-27 00:00","","Marine casualty","","200 miles N. of Honiara, Solomon Islands","","0",""
"C0005513","1","MARINA IRIS (IMO 8118437)","MARINA IRIS (IMO 8118437): ","Panama","Towing / Pushing","2003-12-27 00:00","","Very serious marine casualty","","Off the coast of Wakayama prefecture","","0",""
"C0005616","1","SELCON (IMO 8218718)","SELCON (IMO 8218718): ","Malta","General Cargo","2003-12-26 00:00","","Marine casualty","","1.5 nm off East London","","0",""
"C0005615","1","SEABO (IMO 8310853)","SEABO (IMO 8310853): ","Liberia","General Cargo","2003-12-24 00:00","","Marine casualty","","East China Sea","","0",""
"C0004786","1","TAMARA ALANE (IMO 7049421)","TAMARA ALANE (IMO 7049421): ","Antigua and Barbuda","Fish Catching","2003-12-24 00:00","","Very serious marine casualty","","25 miles E. of Sea Isle City, New Jersey","","1","Antigua and Barbuda"
"C0005158","1","ELISABETH (IMO 6722399)","ELISABETH (IMO 6722399): ","Sao Tome and Principe","General Cargo","2003-12-24 00:00","","Very serious marine casualty","","Christiana Island, 15 nm N. of Santorini","","0",""
"C0005612","2","JEONG YANG (IMO 8404018), SUNG HAE (IMO 9111412)","JEONG YANG (IMO 8404018): , SUNG HAE (IMO 9111412): ","Republic of Korea, Panama","Oil Tanker, Oil Tanker","2003-12-23 02:57","","Marine casualty","","Near buoy No. 2, Yosu","","2","Unknown; Republic of Korea"
"C0005496","1","KASTOR I (IMO 6819312)","KASTOR I (IMO 6819312): ","Panama","Refrigerated Cargo","2003-12-23 00:00","","Marine casualty","","Beach at Skikda","","0",""
"C0005530","1","WINGER (IMO 7504110)","WINGER (IMO 7504110): ","Belize","General Cargo","2003-12-23 00:00","","Marine casualty","","During voyage from Riga to Hull","","0",""
"C0004787","1","TENERIFE I (IMO 7019749)","TENERIFE I (IMO 7019749): ","Panama","Refrigerated Cargo","2003-12-23 00:00","","Marine casualty","","Marsa Ben M'hidi","","0",""
"C0005497","1","KAWAN KITA VII (IMO 8625014)","KAWAN KITA VII (IMO 8625014): ","Indonesia","General Cargo","2003-12-22 00:00","","Very serious marine casualty","","20 kms off Kalimantan, Indonesia","","0",""
"C0005605","1","CALA PANAMA (IMO 9175705)","CALA PANAMA (IMO 9175705): ","Antigua and Barbuda","Container","2003-12-22 00:00","","Marine casualty","","Near Barranquilla","","0",""
"C0005606","1","CUU LONG 01 (IMO 8962979)","CUU LONG 01 (IMO 8962979): ","Viet Nam","Oil Tanker","2003-12-22 00:00","","Marine casualty","","Near Da Nang","","0",""
"C0005607","1","ISCHIA EXPRESS (IMO 5120831)","ISCHIA EXPRESS (IMO 5120831): ","Italy","","2003-12-22 00:00","","Marine casualty","","Near Ischia Island, Naples","","0",""
"C0005608","1","PIARY","PIARY: ","Philippines","","2003-12-22 00:00","","Marine casualty","","Sulu Sea, between Palawan and TawiTawi islands","","0",""
"C0007082","1","DOMENICO IEVOLI (IMO 9125231)","DOMENICO IEVOLI (IMO 9125231): ","Italy","","2003-12-21 01:38","","Marine casualty","39° 42.16' N 5° 54.50' E","From Naples (Italy) to Barcelona (Spain)","","0",""
"C0005285","1","XINGHANGJI 1518","XINGHANGJI 1518: ","China","General Cargo","2003-12-20 00:00","","Marine casualty","","Luchao harbour, Nanhui District","","0",""
"C0004911","2","BBC SWEDEN (IMO 9278600), BOUNDER (IMO 8611192)","BBC SWEDEN (IMO 9278600): , BOUNDER (IMO 8611192): ","Gibraltar (United Kingdom), Antigua and Barbuda","General Cargo, General Cargo","2003-12-19 00:00","","Marine casualty","","Kiel Canal, Km 43","","2","Germany; Unknown"
"C0005609","1","POLLUKS (IMO 7052935)","POLLUKS (IMO 7052935): ","Russian Federation","Refrigerated Cargo","2003-12-18 00:00","","Marine casualty","","Sea of Okhotsk","","0",""
"C0005604","1","BURNAMA 01","BURNAMA 01: ","Indonesia","","2003-12-18 00:00","","Very serious marine casualty","","Off General Santos City","","0",""
"C0005602","1","KINSO (IMO 7222279)","KINSO (IMO 7222279): ","Democratic People's Republic of Korea","General Cargo","2003-12-17 00:00","","Marine incident","","Aegean Sea, S. of Gokceada Island","","0",""
"C0005510","1","MARIA ALEJANDRA (IMO 7813092)","MARIA ALEJANDRA (IMO 7813092): ","Argentina","Fish Catching","2003-12-17 00:00","","Very serious marine casualty","","191 nm off Rawson coastal area, Chubut province, Argentina","","1","Argentina"
"C0004773","1","AFRICA (IMO 6619138)","AFRICA (IMO 6619138): ","Saint Vincent and the Grenadines","Oil Tanker","2003-12-17 00:00","","Very serious marine casualty","","17 nm E. of Hydra Island","","0",""
"C0004756","1","VANS PRINCESS (IMO 7727671)","VANS PRINCESS (IMO 7727671): ","Liberia","Passenger/Ro-Ro Cargo","2003-12-17 00:00","","Very serious marine casualty","","Breakwater outside Tartous port","","0",""
"C0004906","1","PETER FABER (IMO 8027781)","PETER FABER (IMO 8027781): ","Denmark","Other Activities","2003-12-16 00:00","","Very serious marine casualty","52° 53.00' N 2° 59.00' E","North Sea","Open sea","1","Denmark"
"C0005153","1","DINA K (IMO 7119068)","DINA K (IMO 7119068): ","Democratic People's Republic of Korea","General Cargo","2003-12-15 00:00","","Very serious marine casualty","","Off Turkey, Meditteranean sea","","0",""
"C0005603","1","NAND KAWAS (IMO 8845793)","NAND KAWAS (IMO 8845793): ","India","General Cargo","2003-12-15 00:00","","Marine casualty","","50 kms off Machilipatnam, Andhra Pradesh, India","","0",""
"C0004781","1","SVENTA (IMO 8845224)","SVENTA (IMO 8845224): ","Belize","Refrigerated Cargo","2003-12-13 00:00","","Very serious marine casualty","","Gulf of Riga, 16 kms off the coast of Estonia","","0",""
"C0005268","1","ARGOLA (IMO 7343231)","ARGOLA (IMO 7343231): ","Croatia","Bulk Dry","2003-12-12 00:00","","Marine casualty","","Off Algiers","","0",""
"C0005269","1","HARLAN (IMO 7369168)","HARLAN (IMO 7369168): ","Panama","General Cargo","2003-12-11 00:00","","Marine casualty","","180 nm S.E. of Crete, Mediterranean Sea","","0",""
"C0005279","1","MED GENERAL IV (IMO 7108681)","MED GENERAL IV (IMO 7108681): ","Cambodia","Bulk Dry","2003-12-10 00:00","","Marine incident","","Elafonisos bay near Neapolis Vion","","0",""
"C0006744","1","STELLAMARE (IMO 8121331)","STELLAMARE (IMO 8121331): ","Netherlands Antilles (Netherlands) [historical]","","2003-12-09 12:00","","Very serious marine casualty","","Albany, NY, USA","At berth","0",""
"C0005610","1","VISCAYA (IMO 7926887)","VISCAYA (IMO 7926887): ","Norway","Chemical Tanker","2003-12-09 00:00","","Marine casualty","","Balboa","","0",""
"C0005265","1","STELLAMARE (IMO 8121331)","STELLAMARE (IMO 8121331): ","Netherlands Antilles (Netherlands) [historical]","","2003-12-09 00:00","","Very serious marine casualty","","Albany docks, New York","","0",""
"C0005157","1","DONA TRINIDAD II (IMO 8009789)","DONA TRINIDAD II (IMO 8009789): ","Philippines","General Cargo","2003-12-08 00:00","","Marine casualty","","5 miles N.E. of Caticlan Point","","0",""
"C0005160","1","FARAH SEA (IMO 6719782)","FARAH SEA (IMO 6719782): ","Syrian Arab Republic","General Cargo","2003-12-07 00:00","","Very serious marine casualty","","Black sea, off Turkey","","0",""
"C0005140","1","ALIGIULIA (IMO 8875633)","ALIGIULIA (IMO 8875633): ","Italy","","2003-12-07 00:00","","Very serious marine casualty","","Gulf of Naples","","0",""
"C0007066","1","YONG KANG (IMO 9236195)","YONG KANG (IMO 9236195): ","Hong Kong, China","","2003-12-06 08:15","","Marine casualty","46° 54.79' N 70° 51.10' W","off Saint-Jean, Île d’Orléans, Québec","","1","Unknown"
"C0005264","2","KAIHO MARU (IMO 9079810), NICHIZAN MARU (IMO 8839512)","KAIHO MARU (IMO 9079810): , NICHIZAN MARU (IMO 8839512): ","Japan, Japan","General Cargo, General Cargo","2003-12-06 00:00","","Marine casualty","","Strait of Kii, 20 kms E. of Komatsushima","","0",""
"C0005261","1","MERMAID (IMO 8504181)","MERMAID (IMO 8504181): ","Malta","General Cargo","2003-12-06 00:00","","Marine casualty","","10 nm S.E. of Oland Island","","0",""
"C0005267","2","TSURUFUJI MARU (IMO 9266798), XIANG DA (IMO 9079834)","TSURUFUJI MARU (IMO 9266798): , XIANG DA (IMO 9079834): ","Japan, Panama","Oil Tanker, Container","2003-12-06 00:00","","Marine casualty","","Off Japan","","0",""
"C0005266","1","THOROLF KVELDULFSON (IMO 9111723)","THOROLF KVELDULFSON (IMO 9111723): ","Norway","","2003-12-05 00:00","","Marine casualty","","Brasoy","","0",""
"C0005517","1","NINA N (IMO 6917255)","NINA N (IMO 6917255): ","Bolivia (Plurinational State of)","General Cargo","2003-12-05 00:00","","Very serious marine casualty","","170 miles S. of Haiti","","0",""
"C0005280","1","ZIEMIA GORNOSLASKA (IMO 8418734)","ZIEMIA GORNOSLASKA (IMO 8418734): ","Marshall Islands","Bulk Dry","2003-12-04 00:00","","Marine casualty","","Montreal","","0",""
"C0004903","1","KATIA","KATIA: ","United Kingdom","","2003-12-03 17:35","","Marine incident","","Hurst Spit, western Solent","","2","United Kingdom; Unknown"
"C0005258","1","ADMIRAL NAKHIMOV","ADMIRAL NAKHIMOV: ","Russian Federation","Towing / Pushing","2003-12-02 00:00","","Very serious marine casualty","","Sea of Azov, area of Kavkaz port","","0",""
"C0005617","1","tianli (IMO 8209602)","tianli (IMO 8209602): ","China","Container","2003-12-02 00:00","","Marine casualty","36° 01.80' N 120° 17.30' W","Qingdao","","0",""
"C0005259","2","KINGSTON TRADER (IMO 9214161), LADYBIRD (IMO 7391771)","KINGSTON TRADER (IMO 9214161): , LADYBIRD (IMO 7391771): ","Philippines, Saint Vincent and the Grenadines","Bulk Dry, General Cargo","2003-11-29 00:00","","Marine casualty","55° 40.60' N 10° 48.00' E","Off Kalundborg","Coastal waters","2","Denmark; Unknown"
"C0005187","1","ATLANTIC ZEUS (IMO 8517384)","ATLANTIC ZEUS (IMO 8517384): ","Singapore","Bulk Dry","2003-11-29 00:00","","Marine incident","","Off Kingston","","0",""
"C0004921","1","CYBER I (IMO 9072252)","CYBER I (IMO 9072252): ","Panama","Other Bulk Dry","2003-11-26 00:00","","Very serious marine casualty","","Pusan Gamcheon harbour","","2","Unknown; Republic of Korea"
"C0005516","1","MY SON (IMO 8833855)","MY SON (IMO 8833855): ","Viet Nam","General Cargo","2003-11-26 00:00","","Very serious marine casualty","","2 nm off Hon Chao area","","0",""
"C0005270","1","ICE ROSE (IMO 8311106)","ICE ROSE (IMO 8311106): ","Cayman Islands (United Kingdom)","Refrigerated Cargo","2003-11-25 00:00","","Marine casualty","","Prior to arrival at St. Petersburg","","0",""
"C0005251","2","CT SKY (IMO 8012138), RMS VOERDE (IMO 9177882)","CT SKY (IMO 8012138): , RMS VOERDE (IMO 9177882): ","Sweden, Antigua and Barbuda","Chemical Tanker, General Cargo","2003-11-25 00:00","","Marine casualty","","Southern North Sea, about 1nm N.E. of NoordHinder","","2","Sweden; Sweden"
"C0005253","1","ISABELA ANGELICA","ISABELA ANGELICA: ","Philippines","","2003-11-25 00:00","","Marine casualty","","Off Layug Point and Barcelona, S.E. tip of Luzon Island","","0",""
"C0005277","1","DIEU MERCI","DIEU MERCI: ","Democratic Republic of the Congo","","2003-11-25 00:00","","Very serious marine casualty","","Lake Mai-Ndombe","","0",""
"C0005254","1","KIELDER (IMO 8843850)","KIELDER (IMO 8843850): ","Isle of Man (United Kingdom)","General Cargo","2003-11-23 00:00","","Marine casualty","","Towed into Alexandra Dock, Hull","","0",""
"C0005252","1","EDNA MAE (IMO 7948457)","EDNA MAE (IMO 7948457): ","United States","Fish Catching","2003-11-22 00:00","","Marine casualty","","80 miles S.E. of Nantucket Island, N. Atlantic Ocean","","0",""
"C0005257","1","TURICUM (IMO 9102344)","TURICUM (IMO 9102344): ","Switzerland","Bulk Dry","2003-11-22 00:00","","Marine casualty","","N.W. of St Paul Is., Southern Indian Ocean","","0",""
"C0005260","1","PARIDA (IMO 9159933)","PARIDA (IMO 9159933): ","Antigua and Barbuda","Passenger/Ro-Ro Cargo","2003-11-21 00:00","","Marine casualty","","Indian Ocean, N.W. of Mauritius","","0",""
"C0005255","1","KIRKLARELI (IMO 7390014)","KIRKLARELI (IMO 7390014): ","Türkiye","General Cargo","2003-11-21 00:00","","Marine casualty","","Sulina Channel","","0",""
"C0004770","1","SPES (IMO 5336571)","SPES (IMO 5336571): ","Panama","General Cargo","2003-11-21 00:00","","Very serious marine casualty","","River Ems near Oldersum","","0",""
"C0005256","2","KM ADIDAS, KM SINAR AKABA","KM ADIDAS: , KM SINAR AKABA: ","Unknown, Indonesia",", ","2003-11-20 00:00","","Very serious marine casualty","","Off Wawonii Island, S.E. Sulawesi","","0",""
"C0005250","1","CB ADVENTURE (IMO 9263239)","CB ADVENTURE (IMO 9263239): ","Panama","Bulk Dry","2003-11-20 00:00","","Marine casualty","","Alcoa wharf, Québec","","0",""
"C0005248","1","KAMCHADAL-II (IMO 6423515)","KAMCHADAL-II (IMO 6423515): ","Russian Federation","Fish Catching","2003-11-18 00:00","","Very serious marine casualty","","Off Kamchatka peninsula","","0",""
"C0005247","1","HUMBER ARM (IMO 7420182)","HUMBER ARM (IMO 7420182): ","Bermuda (United Kingdom)","","2003-11-16 00:00","","Marine casualty","","6 miles W. of Thurso, Scotland","","0",""
"C0005275","1","KARMA","KARMA: ","Unknown","","2003-11-14 00:00","","Marine casualty","","Off Agnes Water, Central Queensland","","0",""
"C0005276","1","TWIN CITY QUEEN","TWIN CITY QUEEN: ","United States","Passenger","2003-11-14 00:00","","Marine casualty","","Ouachita River, Louisiana","","0",""
"C0004780","1","SUSAN (IMO 8427228)","SUSAN (IMO 8427228): ","Philippines","General Cargo","2003-11-14 00:00","","Marine casualty","","Off Cuyo Island, Philippines","","0",""
"C0004758","1","PEGASOS (IMO 6801078)","PEGASOS (IMO 6801078): ","Finland","Towing / Pushing","2003-11-13 00:00","","Very serious marine casualty","","Western harbour of Helsinki","","0",""
"C0005249","1","SUAM REEFER (IMO 7227425)","SUAM REEFER (IMO 7227425): ","Ghana","Refrigerated Cargo","2003-11-13 00:00","","Marine casualty","","Tema's Sakomono beach","","0",""
"C0005245","1","HUANG HAI YU LEN 3 (IMO 8951463)","HUANG HAI YU LEN 3 (IMO 8951463): ","Belize","Other Fishing","2003-11-12 00:00","","Marine casualty","","N.W. of Noshiro, Japan","","0",""
"C0004912","1","AUTO ATLAS (IMO 8608054)","AUTO ATLAS (IMO 8608054): ","Republic of Korea","","2003-11-11 00:00","","Very serious marine casualty","","North Lock Bremerhaven","","2","Germany; Unknown"
"C0005143","1","ANATOLIA I (IMO 8728115)","ANATOLIA I (IMO 8728115): ","Cambodia","General Cargo","2003-11-11 00:00","","Very serious marine casualty","","20 miles from entrance to Strait of Istanbul","","0",""
"C0004772","1","VISERITRANS 1 (IMO 6612049)","VISERITRANS 1 (IMO 6612049): ","Viet Nam","General Cargo","2003-11-10 00:00","","Marine casualty","","Off the Vietnam coast","","0",""
"C0004782","1","SVYATOY PANTELEYMON (IMO 7601580)","SVYATOY PANTELEYMON (IMO 7601580): ","Georgia","General Cargo","2003-11-10 00:00","","Very serious marine casualty","","Cape Yon Burnu, near the Strait of Istanbul","","1","Georgia"
"C0005246","1","ERLANDA (IMO 8922280)","ERLANDA (IMO 8922280): ","Saint Vincent and the Grenadines","General Cargo","2003-11-10 00:00","","Marine casualty","","Baltic Sea","","0",""
"C0005242","1","MANA (IMO 7804211)","MANA (IMO 7804211): ","Cyprus","Bulk Dry","2003-11-09 00:00","","Marine incident","","In front of Zincirbozan Bay","","0",""
"C0005243","1","MARGIT GORTHON (IMO 7612656)","MARGIT GORTHON (IMO 7612656): ","Bermuda (United Kingdom)","","2003-11-09 00:00","","Marine casualty","","Gulf of St. Lawrence","","0",""
"C0005287","1","CIELO DEL CANADA (IMO 9138290)","CIELO DEL CANADA (IMO 9138290): ","Germany","Container","2003-11-08 00:00","","Marine casualty","","Fraser River, British Columbia","","2","Canada; Unknown"
"C0004803","1","RESPLENDENT (IMO 8965438)","RESPLENDENT (IMO 8965438): ","United Kingdom","Fish Catching","2003-11-08 00:00","","Marine casualty","","E. of Shetland Islands","","0",""
"C0004913","1","LISA","LISA: ","Germany","","2003-11-08 00:00","","Marine incident","","E. of Fehmarn (approx. 1.5nm of Staberhuk lighthouse)","","2","Germany; Unknown"
"C0005240","1","CUMBRIAN EXPRESS (IMO 8412560)","CUMBRIAN EXPRESS (IMO 8412560): ","Panama","General Cargo","2003-11-07 00:00","","Marine casualty","","Port Said canal entrance","","0",""
"C0005244","1","HANJIN BRISBANE (IMO 9128142)","HANJIN BRISBANE (IMO 9128142): ","Republic of Korea","Bulk Dry","2003-11-05 00:00","","Marine casualty","","San Juan","","0",""
"C0005239","1","CHIQUITA NEDERLAND (IMO 9015199)","CHIQUITA NEDERLAND (IMO 9015199): ","Bahamas","Refrigerated Cargo","2003-11-05 00:00","","Marine casualty","","Off Azores, Portugal","","0",""
"C0005238","1","PROFESSOR FEDYNSKIY (IMO 8033326)","PROFESSOR FEDYNSKIY (IMO 8033326): ","Russian Federation","Research","2003-11-04 00:00","","Marine casualty","","Niigata","","0",""
"C0005241","1","HAFENTOR (IMO 9141663)","HAFENTOR (IMO 9141663): ","Cyprus","General Cargo","2003-11-04 00:00","","Marine casualty","","Arrived Curacao Drydock Co","","0",""
"C0005237","1","MILOS (IMO 7356630)","MILOS (IMO 7356630): ","Greece","Bulk Dry","2003-11-03 00:00","","Marine casualty","","Parana River","","0",""
"C0005233","2","COURAGEOUS ACE (IMO 9252204), FU YUAN YU F38 (IMO 7920106)","COURAGEOUS ACE (IMO 9252204): , FU YUAN YU F38 (IMO 7920106): ","Panama, China",", Fish Catching","2003-11-03 00:00","","Marine casualty","","Kurushima Strait, off Ehime prefecture","","0",""
"C0005235","1","HAVTANK (IMO 6901634)","HAVTANK (IMO 6901634): ","Marshall Islands","Oil Tanker","2003-11-03 00:00","","Marine casualty","","Near Huftaroy, Austevoll","","0",""
"C0005232","1","DONALD REDFORD (IMO 7924281)","DONALD REDFORD (IMO 7924281): ","United Kingdom","","2003-11-01 00:00","","Marine incident","","Hythe Pier, Southampton water","","2","United Kingdom; Unknown"
"C0005508","1","LINA A (IMO 7946978)","LINA A (IMO 7946978): ","Honduras","General Cargo","2003-10-31 00:00","","Very serious marine casualty","","Off Lattakia","","0",""
"C0005220","1","AGIOS GERASIMOS (IMO 5005275)","AGIOS GERASIMOS (IMO 5005275): ","Greece","","2003-10-30 00:00","","Marine casualty","","Thessaloniki","","0",""
"C0005224","2","AN SAN (IMO 7618533), JIN QUAN (IMO 8711708)","AN SAN (IMO 7618533): , JIN QUAN (IMO 8711708): ","Democratic People's Republic of Korea, China","General Cargo, Oil Tanker","2003-10-29 00:00","","Very serious marine casualty","","Mouth of the Yangtze River, N. of Shanghai","","0",""
"C0005159","1","FAIRWAY (IMO 9127370)","FAIRWAY (IMO 9127370): ","United Kingdom","Fish Catching","2003-10-29 00:00","","Very serious marine casualty","","24 miles N.-W. of St Kilda, Scotland","","1","United Kingdom"
"C0005171","1","AL HUDA (IMO 7002643)","AL HUDA (IMO 7002643): ","Panama","","2003-10-29 00:00","","Very serious marine casualty","","Iraq","","0",""
"C0005231","1","ZGORZELEC (IMO 7725518)","ZGORZELEC (IMO 7725518): ","Malta","Bulk Dry","2003-10-28 00:00","","Marine casualty","","Arrived Bayonne","","0",""
"C0005226","1","AVON (IMO 9044425)","AVON (IMO 9044425): ","Hong Kong, China","Bulk Dry","2003-10-28 00:00","","Marine casualty","","Tin Can Island","","0",""
"C0005227","1","HACI ARIF KAPTAN (IMO 8214889)","HACI ARIF KAPTAN (IMO 8214889): ","Türkiye","Bulk Dry","2003-10-28 00:00","","Marine casualty","","Black Sea entrance to Strait of Istanbul","","0",""
"C0005228","1","HEINRICH J (IMO 9157868)","HEINRICH J (IMO 9157868): ","Germany","Container","2003-10-27 00:00","","Marine casualty","","Under tow to Cristobal, Panama","","0",""
"C0004896","1","SYNETOS (IMO 7917422)","SYNETOS (IMO 7917422): ","Liberia","Oil Tanker","2003-10-27 00:00","","Marine casualty","","Off Sebarok Beacon","","0",""
"C0004904","1","DRESDEN EXPRESS (IMO 8902553)","DRESDEN EXPRESS (IMO 8902553): ","Germany","Container","2003-10-26 00:00","","Very serious marine casualty","","Pacific Ocean","","2","Germany; Unknown"
"C0007111","1","LONDON EXPRESS (IMO 9143568)","LONDON EXPRESS (IMO 9143568): ","Germany","Container","2003-10-24 20:30","","Very serious marine casualty","32° 02.00' N 81° 07.00' W","Savannah, Georgia/USA","At berth","2","Germany; Unknown"
"C0005229","1","VICTORIA (IMO 8977364)","VICTORIA (IMO 8977364): ","United Republic of Tanzania","","2003-10-24 00:00","","Marine casualty","","Near Kemondo Bay, Kagera region","","0",""
"C0005236","1","JULIANAHAVEN (IMO 8623975)","JULIANAHAVEN (IMO 8623975): ","Estonia","Passenger/Ro-Ro Cargo","2003-10-24 00:00","","Marine casualty","","Towed to Moerdijk, Netherlands","","0",""
"C0005225","1","ARKLOW SPRAY (IMO 9117961)","ARKLOW SPRAY (IMO 9117961): ","Ireland","General Cargo","2003-10-22 00:00","","Marine casualty","","Arrived Corunna (voyage : London to Lisbon)","","0",""
"C0005217","1","SEA HUMBER (IMO 7622065)","SEA HUMBER (IMO 7622065): ","United Kingdom","General Cargo","2003-10-22 00:00","","Marine casualty","","Goole","","0",""
"C0005218","1","SILVA (IMO 7203857)","SILVA (IMO 7203857): ","Cambodia","General Cargo","2003-10-22 00:00","","Marine casualty","","North Sea","","0",""
"C0005173","1","JOGVAN NORDI (IMO 5172509)","JOGVAN NORDI (IMO 5172509): ","Faroes, Denmark","Fish Catching","2003-10-22 00:00","","Very serious marine casualty","","Off the Faroe Islands","","1","Faroes, Denmark"
"C0005151","1","COTSWOLD PRINCE (IMO 7030420)","COTSWOLD PRINCE (IMO 7030420): ","Cook Islands","General Cargo","2003-10-22 00:00","","Marine casualty","","Long Reach near Bell Bay, Tasmania","","0",""
"C0005164","1","HOANG DAT-35 (IMO 8833776)","HOANG DAT-35 (IMO 8833776): ","Viet Nam","General Cargo","2003-10-20 00:00","","Very serious marine casualty","","190 miles off Vung Tau, Vietnam","","0",""
"C0005353","2","CIUDAD DE OVIEDO (IMO 7726720), GERION","CIUDAD DE OVIEDO (IMO 7726720): , GERION: ","Panama, Unknown","General Cargo, ","2003-10-20 00:00","","Marine casualty","","Vigo port","","0",""
"C0004777","1","STEVNS POWER (IMO 7523178)","STEVNS POWER (IMO 7523178): ","Denmark","Towing / Pushing","2003-10-19 00:00","","Very serious marine casualty","3° 57.80' N 7° 18.10' E","50 nm off Port Harcourt, Nigeria","Open sea","2","Denmark; Denmark"
"C0005352","1","CEM COVER (IMO 7902934)","CEM COVER (IMO 7902934): ","Greece","Other Bulk Dry","2003-10-18 00:00","","Marine casualty","","Off Ponza Island","","0",""
"C0005355","1","KHAZAR STAR-2 (IMO 8866785)","KHAZAR STAR-2 (IMO 8866785): ","Cambodia","General Cargo","2003-10-18 00:00","","Marine casualty","","Dock at Sait Halim Pasha Mansion, Istanbul","","0",""
"C0005219","1","SPRING PROGRESS (IMO 9261970)","SPRING PROGRESS (IMO 9261970): ","Panama","Bulk Dry","2003-10-18 00:00","","Marine casualty","","S. of Port Harcourt","","0",""
"C0007021","1","TURAN C (IMO 7379046)","TURAN C (IMO 7379046): ","Türkiye","","2003-10-16 21:05","","Very serious marine casualty","42° 53.60' N 14° 26.80' E","28 nautical miles off the port of San Benedetto Del Tronto","","0",""
"C0005156","1","ENINA (IMO 5300936)","ENINA (IMO 5300936): ","Albania","General Cargo","2003-10-16 00:00","","Very serious marine casualty","","Bay of Largias, Pargas, between Corfu and N.W. Greece","Inland waters","1","Albania"
"C0005419","1","ANDREW J. BARBERI (IMO 7702762)","ANDREW J. BARBERI (IMO 7702762): ","United States","","2003-10-15 00:00","","Very serious marine casualty","","St. George terminal, Staten Island, New York","","0",""
"C0005234","1","HANEBURG (IMO 9156400)","HANEBURG (IMO 9156400): ","Antigua and Barbuda","Container","2003-10-14 00:00","","Marine casualty","","Arrived Singapore in tow","","0",""
"C0007011","1","DAN CARRIER (IMO 7013721)","DAN CARRIER (IMO 7013721): ","DIS (Denmark)","","2003-10-13 17:05","","Marine casualty","56° 08.00' N 12° 18.00' E","Near Sjaelland (Denmark)","Coastal waters","0",""
"C0005349","1","IVY I (IMO 7413878)","IVY I (IMO 7413878): ","Panama","General Cargo","2003-10-13 00:00","","Marine casualty","","260 miles off Conakry, North Atlantic Ocean","","0",""
"C0004905","2","ESTECLIPPER (IMO 9003483), GERMA (IMO 7637046)","ESTECLIPPER (IMO 9003483): , GERMA (IMO 7637046): ","Luxembourg, Cyprus","Container, General Cargo","2003-10-13 00:00","","Marine casualty","","Kiel Canal siding area Schwartenbek","","2","Germany; Unknown"
"C0005347","1","HUAYUANSHENG 18","HUAYUANSHENG 18: ","China","General Cargo","2003-10-12 00:00","","Very serious marine casualty","","Bohai Sea, on its way to Tianjin","","0",""
"C0005348","1","SHUNDA NO. 2","SHUNDA NO. 2: ","China","General Cargo","2003-10-12 00:00","","Very serious marine casualty","","Bohai Sea, after leaving Jingtang harbour","","0",""
"C0004910","1","HALUNDER JET (IMO 9281671)","HALUNDER JET (IMO 9281671): ","Germany","","2003-10-11 00:00","","Marine incident","","Elbe estuary","","2","Germany; Unknown"
"C0005182","1","SEA ELEGANCE (IMO 7817103)","SEA ELEGANCE (IMO 7817103): ","Singapore","Container","2003-10-11 00:00","","Very serious marine casualty","","Durban anchorage","","2","Unknown; South Africa"
"C0005992","1","HILLI (IMO 7382720)","HILLI (IMO 7382720): ","United Kingdom","","2003-10-10 22:00","","Very serious marine casualty","","Freeport","At berth","1","United Kingdom"
"C0005320","1","ARMENISTIS (IMO 6503975)","ARMENISTIS (IMO 6503975): ","Greece","General Cargo","2003-10-09 00:00","","Marine casualty","","Near Aget Heraklis Cement Terminal","","0",""
"C0005321","1","ANASTASIA III (IMO 6517005)","ANASTASIA III (IMO 6517005): ","Greece","General Cargo","2003-10-09 00:00","","Marine incident","","Petras, Lesvos Island","","0",""
"C0005230","1","WAVE (IMO 5106225)","WAVE (IMO 5106225): ","Greece","Oil Tanker","2003-10-09 00:00","","Marine casualty","","Aspropyrgos","","0",""
"C0005350","1","TYRUSLAND (IMO 7718503)","TYRUSLAND (IMO 7718503): ","United Kingdom","","2003-10-09 00:00","","Marine casualty","","Entrance to Brunsbuttel South Lock, Kiel Canal","","0",""
"C0005351","2","BLUE PRINCESS (IMO 8311077), PELAT (IMO 8201624)","BLUE PRINCESS (IMO 8311077): , PELAT (IMO 8201624): ","Liberia, Cyprus","General Cargo, Container","2003-10-09 00:00","","Marine casualty","","At Drapetzona","","0",""
"C0005418","1","THEOFILOS SEA (IMO 7637618)","THEOFILOS SEA (IMO 7637618): ","Greece","General Cargo","2003-10-09 00:00","","Marine casualty","","Myrina quay, Lemnos Island","","0",""
"C0005354","1","GODEWIND (IMO 7528556)","GODEWIND (IMO 7528556): ","Antigua and Barbuda","General Cargo","2003-10-08 00:00","","Marine casualty","","Arrived Corunna","","0",""
"C0005134","1","NESTOR C (IMO 7739985)","NESTOR C (IMO 7739985): ","Comoros","Bulk Dry","2003-10-08 00:00","","Marine casualty","","Port of Eleusis","","0",""
"C0005323","1","EVERLAST (IMO 7527332)","EVERLAST (IMO 7527332): ","Canada","Towing / Pushing","2003-10-07 00:00","","Marine casualty","","Below Iroquois Lock","","0",""
"C0005145","1","AOUTHAI (IMO 9253349)","AOUTHAI (IMO 9253349): ","Thailand","Oil Tanker","2003-10-04 00:00","","Very serious marine casualty","","approx. 18 miles N. of Sattahip naval base","","0",""
"C0005417","1","GOLD INDUS (IMO 9172935)","GOLD INDUS (IMO 9172935): ","Panama","Passenger/Ro-Ro Cargo","2003-10-03 00:00","","Marine casualty","","Near Kanazawa, Ishikawa prefecture","","0",""
"C0005274","1","MY HUNG (IMO 9269647)","MY HUNG (IMO 9269647): ","Viet Nam","General Cargo","2003-10-02 00:00","","Very serious marine casualty","","Haiphong","","0",""
"C0005511","1","MARTINIKA (IMO 7637450)","MARTINIKA (IMO 7637450): ","Saint Vincent and the Grenadines","General Cargo","2003-10-01 00:00","","Very serious marine casualty","","Off the coast of Mexico, near Veracruz","","0",""
"C0005337","1","ARAMO (IMO 7427154)","ARAMO (IMO 7427154): ","Panama","Chemical Tanker","2003-09-30 00:00","","Marine casualty","","Aviles","","0",""
"C0007057","1","EVAN RICHARD","EVAN RICHARD: ","Canada","Fish Catching","2003-09-29 06:04","","Very serious marine casualty","","Off Anticosti Island, Quebec","","1","Canada"
"C0005345","1","JONAS (IMO 8410299)","JONAS (IMO 8410299): ","Antigua and Barbuda","General Cargo","2003-09-29 00:00","","Marine casualty","","Montserrat Island","","0",""
"C0005273","1","LORELEY","LORELEY: ","Germany","","2003-09-28 00:00","","Marine casualty","","Opposite Lorelei rock, river Rhine","","0",""
"C0005344","1","GORDON REID (IMO 8818568)","GORDON REID (IMO 8818568): ","Canada","","2003-09-28 00:00","","Marine casualty","","Cartwright Shoal, British Columbia","","0",""
"C0005343","2","LSC CAGAYAN DE ORO (IMO 8512607), PRINCESS OF PARADISE (IMO 7377969)","LSC CAGAYAN DE ORO (IMO 8512607): , PRINCESS OF PARADISE (IMO 7377969): ","Philippines, Philippines","General Cargo, ","2003-09-27 00:00","","Marine casualty","","Off Cebu","","0",""
"C0005338","1","DELPHINUS (IMO 9137844)","DELPHINUS (IMO 9137844): ","Antigua and Barbuda","Container","2003-09-26 00:00","","Marine casualty","","W. of Tobago","","0",""
"C0005340","1","PATRIOT (IMO 8603640)","PATRIOT (IMO 8603640): ","Bahamas","Bulk Dry","2003-09-25 00:00","","Marine casualty","","North Pacific Ocean, en route between Japan and Guam","","0",""
"C0005341","1","SANTA RITA (IMO 7500712)","SANTA RITA (IMO 7500712): ","Cyprus","Passenger/Ro-Ro Cargo","2003-09-24 00:00","","Marine casualty","","Near La Paz","","0",""
"C0005339","1","LITOHORO (IMO 7616145)","LITOHORO (IMO 7616145): ","Malta","Bulk Dry","2003-09-24 00:00","","Marine casualty","","N.E. of Kerteh","","0",""
"C0005331","1","OMSKIY-137 (IMO 8873087)","OMSKIY-137 (IMO 8873087): ","Russian Federation","General Cargo","2003-09-24 00:00","","Marine casualty","","Near Sommers Island, Gulf of Finland","","0",""
"C0004757","2","PAC BINTAN (IMO 9201114), PAGARUYUNG LIMA (IMO 7509990)","PAC BINTAN (IMO 9201114): , PAGARUYUNG LIMA (IMO 7509990): ","Liberia, Indonesia","Container, General Cargo","2003-09-24 00:00","","Very serious marine casualty","","Sumatra Straits","","0",""
"C0004769","2","RIO CARONI (IMO 8132940), SMIT MADEIRA (IMO 8853817)","RIO CARONI (IMO 8132940): , SMIT MADEIRA (IMO 8853817): ","Venezuela (Bolivarian Republic of), Venezuela (Bolivarian Republic of)","Towing / Pushing, Towing / Pushing","2003-09-23 00:00","","Very serious marine casualty","","Channel Boca de Serpiente, off coast of Amacuro","","0",""
"C0004764","2","ARABIAN EXPRESS (IMO 9148532), SEA LIBERTY (IMO 8307868)","ARABIAN EXPRESS (IMO 9148532): , SEA LIBERTY (IMO 8307868): ","Panama, Malta","Container, Bulk Dry","2003-09-21 23:45","","Marine casualty","1° 12.80' N 103° 53.20' E","Singapore TSS, 1.5nm S.E. of Kusu Island","","1","Singapore"
"C0005328","1","ACE (IMO 7374620)","ACE (IMO 7374620): ","Republic of Korea","General Cargo","2003-09-21 00:00","","Marine casualty","","Sooyoung Bay, Pusan","","0",""
"C0005329","2","BANGA BIRAJ (IMO 8100686), EAGLE STRENGTH (IMO 9132703)","BANGA BIRAJ (IMO 8100686): , EAGLE STRENGTH (IMO 9132703): ","Bangladesh, Panama","Container, Container","2003-09-21 00:00","","Marine casualty","","Chittagong","","0",""
"C0005335","1","WILSON RHINE (IMO 9168116)","WILSON RHINE (IMO 9168116): ","Antigua and Barbuda","General Cargo","2003-09-21 00:00","","Marine casualty","","N. of Utvaer lighthouse, between Floro and Bergen","","0",""
"C0005332","2","POINTE DU CASTEL (IMO 9007104), PRIDE OF VEERE (IMO 9136371)","POINTE DU CASTEL (IMO 9007104): , PRIDE OF VEERE (IMO 9136371): ","French Antarctic Territory (France), Netherlands (Kingdom of)","Chemical Tanker, Container","2003-09-19 00:00","","Marine casualty","","25 miles N.E. of Ramsgate","","0",""
"C0005342","2","SYUEI MARU, YU MING (IMO 8708828)","SYUEI MARU: , YU MING (IMO 8708828): ","Japan, Panama","Fish Catching, Dredging","2003-09-19 00:00","","Marine casualty","","Off Mikomoto Shima lighthouse, Shizuoka prefecture","","0",""
"C0008146","1","WIENIAWSKI (IMO 8821931)","WIENIAWSKI (IMO 8821931): ","Malta","","2003-09-18 08:20","","Marine incident","32° 28.00' N 31° 13.40' E","Mediterranean Sea","","0",""
"C0006187","1","KENT RELIANT (IMO 7403677)","KENT RELIANT (IMO 7403677): ","Panama","General Cargo","2003-09-18 03:30","","Marine incident","18° 28.45' N 66° 08.03' W","SAN JUAN HARBOR AT NOTREAST OF LAS CABRITAS","Port approach","28","Panama; Panama; Panama; Panama; Panama; Panama; Panama; Panama; Panama; Panama; Panama; Panama; Panama; Panama; Panama; Panama; Panama; Panama; Panama; Panama; Panama; Panama; Panama; Panama; Panama; Panama; Panama; Panama"
"C0005499","1","KENT RELIANT (IMO 7403677)","KENT RELIANT (IMO 7403677): ","Panama","General Cargo","2003-09-18 00:00","","Marine casualty","","800 yards W. of entrance to San Juan harbour","","1","Panama"
"C0005334","1","TRI STAR (IMO 7703247)","TRI STAR (IMO 7703247): ","Saint Vincent and the Grenadines","General Cargo","2003-09-17 00:00","","Marine casualty","","Ofotfjord, N.E. of Narvik","","0",""
"C0008184","1","UFA (IMO 9143611)","UFA (IMO 9143611): ","Malta","General Cargo","2003-09-16 14:50","","Very serious marine casualty","59° 48.30' N 24° 41.50' E","Gulf of Finland","","0",""
"C0005324","1","OOSTERBRUG (IMO 9195638)","OOSTERBRUG (IMO 9195638): ","Netherlands Antilles (Netherlands) [historical]","General Cargo","2003-09-16 00:00","","Marine casualty","","About 500m outside Malmö","","2","Sweden; Sweden"
"C0005325","1","RMS RUHRORT (IMO 8324696)","RMS RUHRORT (IMO 8324696): ","Antigua and Barbuda","General Cargo","2003-09-15 00:00","","Marine casualty","","W. of Halmstad","","0",""
"C0005119","1","ADAMANDAS (IMO 8115681)","ADAMANDAS (IMO 8115681): ","Cyprus","Bulk Dry","2003-09-15 00:00","","Very serious marine casualty","","Off La Réunion, Indian Ocean","","0",""
"C0005326","2","JOLLY BLU (IMO 8302296), S. MAURO I","JOLLY BLU (IMO 8302296): , S. MAURO I: ","Italy, Unknown","Passenger/Ro-Ro Cargo, Fish Catching","2003-09-13 00:00","","Very serious marine casualty","","About 12 miles off San Vincenzo","","0",""
"C0005785","2","RIKKE HANSEN, YASNOGORSK","RIKKE HANSEN: , YASNOGORSK: ","Denmark, Unknown","Fish Catching, ","2003-09-12 15:35","","Marine casualty","55° 05.80' N 14° 34.80' E","Baltic Sea and Gulf of Bothnia","","1","Denmark"
"C0005333","1","SAMSUNG NO. 1","SAMSUNG NO. 1: ","Republic of Korea","General Cargo","2003-09-12 00:00","","Marine casualty","","Korean waters","","0",""
"C0005336","1","ALICUDI M (IMO 9253777)","ALICUDI M (IMO 9253777): ","Italy","","2003-09-12 00:00","","Marine casualty","","Tongyong","","0",""
"C0004768","1","SLAVUTICH-7 (IMO 8841486)","SLAVUTICH-7 (IMO 8841486): ","Ukraine","General Cargo","2003-09-12 00:00","","Very serious marine casualty","","50 nm N.E. of Constantza, Romania","","0",""
"C0005327","2","EIHO MARU NO. 35 (IMO 8707056), ZANG ZA SAN CHONG NYON HO (IMO 8133530)","EIHO MARU NO. 35 (IMO 8707056): , ZANG ZA SAN CHONG NYON HO (IMO 8133530): ","Japan, Democratic People's Republic of Korea","Chemical Tanker, Bulk Dry","2003-09-11 00:00","","Marine casualty","","About 40 kms off Okino Shima, Tsushima Strait, Japan","","0",""
"C0005322","1","CCNI AYSEN (IMO 9243239)","CCNI AYSEN (IMO 9243239): ","Marshall Islands","Container","2003-09-11 00:00","","Marine casualty","","While exiting Gulf of Guayaquil","","0",""
"C0005319","1","MOBY MAGIC (IMO 7363865)","MOBY MAGIC (IMO 7363865): ","Italy","","2003-09-11 00:00","","Marine casualty","","About 3 miles off Olbia, Sardinia","","0",""
"C0005317","2","KATRINA LEE (IMO 8854237), LONELY HUNTER","KATRINA LEE (IMO 8854237): , LONELY HUNTER: ","United States, United States","Fish Catching, Fish Catching","2003-09-09 00:00","","Very serious marine casualty","","About 28 miles E. of Nantucket Island","","0",""
"C0007883","1","REGULA (IMO 7051058)","REGULA (IMO 7051058): ","Estonia","Passenger/Ro-Ro Cargo","2003-09-08 05:00","","Marine casualty","58° 34.30' N 23° 30.42' E","Baltic Sea, Virtsu harbour","Port","0",""
"C0005318","1","PACIFIC ATTITUDE","PACIFIC ATTITUDE: ","United States","Fish Catching","2003-09-07 00:00","","Very serious marine casualty","","S. of Grand Banks","","0",""
"C0005315","1","FINNSTRAUM (IMO 9172222)","FINNSTRAUM (IMO 9172222): ","Norway","Chemical Tanker","2003-09-07 00:00","","Marine casualty","","North of Haugesund","","0",""
"C0004795","1","WIMALA DHARMA (IMO 7912458)","WIMALA DHARMA (IMO 7912458): ","Indonesia","Passenger/Ro-Ro Cargo","2003-09-07 00:00","","Very serious marine casualty","","7 nm off Padang Bai, Lombok Strait","","0",""
"C0005346","1","BAHLAWAN (IMO 6512330)","BAHLAWAN (IMO 6512330): ","Syrian Arab Republic","General Cargo","2003-09-05 00:00","","Marine casualty","","Lattakia","","0",""
"C0005313","1","RIETVLEI (IMO 6619592)","RIETVLEI (IMO 6619592): ","South Africa","Fish Catching","2003-09-04 00:00","","Very serious marine casualty","","Off the Cape West Coast","","1","South Africa"
"C0005316","1","HANA NO. 7 (IMO 8500513)","HANA NO. 7 (IMO 8500513): ","Republic of Korea","","2003-09-03 00:00","","Marine casualty","","W. of Moji","","0",""
"C0004762","2","KAISHIN MARU (IMO 9062506), RYUYO MARU (IMO 9084425)","KAISHIN MARU (IMO 9062506): , RYUYO MARU (IMO 9084425): ","Japan, Japan","General Cargo, General Cargo","2003-09-03 00:00","","Marine casualty","","17 miles S.E. of Omaezaki, Shizuoka prefecture, Japan","","0",""
"C0005144","1","ANUGRAH SAKTI (IMO 7357270)","ANUGRAH SAKTI (IMO 7357270): ","Indonesia","General Cargo","2003-09-03 00:00","","Very serious marine casualty","","80 miles N.-E. of Luzon Island, Philippines","","0",""
"C0004783","1","TAHITI NUI IV (IMO 8010403)","TAHITI NUI IV (IMO 8010403): ","French Polynesia (France)","Passenger/Ro-Ro Cargo","2003-09-02 00:00","","Very serious marine casualty","","540 kms S.W. of Rimatara Islands, French Polynesia","","0",""
"C0005311","1","PETERSBURG (IMO 8311883)","PETERSBURG (IMO 8311883): ","Liberia","","2003-09-02 00:00","","Marine casualty","","Off Karlshamn, Sweden","","0",""
"C0005312","1","PELJESAC (IMO 7932549)","PELJESAC (IMO 7932549): ","Croatia","Bulk Dry","2003-09-02 00:00","","Marine casualty","","Near Sabine Pass, Texas","","0",""
"C0004907","2","AXEL (IMO 8918590), VOC FRONTIER (IMO 9117612)","AXEL (IMO 8918590): , VOC FRONTIER (IMO 9117612): ","Germany, Bahamas","Towing / Pushing, General Cargo","2003-09-01 21:35","","Marine incident","","Port of Lübeck","","2","Germany; Unknown"
"C0004920","1","WILSON LEITH (IMO 9150509)","WILSON LEITH (IMO 9150509): ","Malta","General Cargo","2003-08-31 05:20","","Marine incident","56° 05.00' N 12° 32.00' E","Off Aalsgaarde","Open sea","1","Denmark"
"C0005308","1","ALFRED NEEDLER (IMO 7907104)","ALFRED NEEDLER (IMO 7907104): ","Canada","","2003-08-31 00:00","","Marine casualty","","16 nm W. of Summerside, Prince Edward Island","","0",""
"C0005303","1","G AND C PARANA (IMO 7710408)","G AND C PARANA (IMO 7710408): ","Norway","","2003-08-30 00:00","","Marine casualty","","Kallo Lock quay","","0",""
"C0005314","1","VICTORIYA (IMO 8950847)","VICTORIYA (IMO 8950847): ","Russian Federation","Oil Tanker","2003-08-30 00:00","","Very serious marine casualty","","Oktyabrsk, River Volga","","0",""
"C0005330","1","MICHIPICOTEN (IMO 5102865)","MICHIPICOTEN (IMO 5102865): ","Canada","","2003-08-30 00:00","","Marine casualty","","St. Marys River","","0",""
"C0005309","1","JACQUES DESGAGNES (IMO 5213080)","JACQUES DESGAGNES (IMO 5213080): ","Canada","General Cargo","2003-08-28 00:00","","Marine casualty","","N.W. of Resolution Island","","0",""
"C0005305","1","NORGAS NAVIGATOR (IMO 7509184)","NORGAS NAVIGATOR (IMO 7509184): ","Liberia","","2003-08-28 00:00","","Marine casualty","","Proceeding to Hong Kong","","0",""
"C0005299","2","ELPIDA I (IMO 7713216), SERVET DEVAL (IMO 7905649)","ELPIDA I (IMO 7713216): , SERVET DEVAL (IMO 7905649): ","Greece, Türkiye","General Cargo, General Cargo","2003-08-28 00:00","","Marine casualty","","Aegean Sea","","0",""
"C0005304","1","HOO WILLOW (IMO 8310841)","HOO WILLOW (IMO 8310841): ","United Kingdom","General Cargo","2003-08-27 00:00","","Marine casualty","","Off Eastern edge of West Frisian Islands","","0",""
"C0005300","1","GREAT LAKES (IMO 6329020)","GREAT LAKES (IMO 6329020): ","United States","Oil Tanker","2003-08-26 00:00","","Marine casualty","","3 miles S. of Albany, Hudson River","","0",""
"C0005301","1","SUKHONA (IMO 8966107)","SUKHONA (IMO 8966107): ","Panama","General Cargo","2003-08-25 00:00","","Marine casualty","","Near Rousse, lower Danube","","0",""
"C0005306","1","OVERBECK (IMO 6721228)","OVERBECK (IMO 6721228): ","Guinea","Passenger / General Cargo","2003-08-24 00:00","","Marine casualty","","Off West African coast between Monrovia and Freetown","","0",""
"C0005272","1","OLEN (IMO 7633698)","OLEN (IMO 7633698): ","Norway","","2003-08-24 00:00","","Marine casualty","","Outside Krokeide","","0",""
"C0005302","1","OVALAU (IMO 6908515)","OVALAU (IMO 6908515): ","Fiji","","2003-08-23 00:00","","Very serious marine casualty","","Off Rakiraki","","1","Fiji"
"C0005185","1","TRIDENT VI","TRIDENT VI: ","Channel Islands (United Kingdom)","","2003-08-23 00:00","","Marine casualty","","Percée Rocks near Herm Island","","2","United Kingdom; Unknown"
"C0005307","2","MARIA DE LOURDES II, TOLEDO CARRIER (IMO 9078476)","MARIA DE LOURDES II: , TOLEDO CARRIER (IMO 9078476): ","Unknown, Bahamas","Fish Catching, Refrigerated Cargo","2003-08-22 00:00","","Very serious marine casualty","","20 miles off Guayaquil","","0",""
"C0004914","2","JENABAR, LANCELOT (IMO 8018089)","JENABAR: , LANCELOT (IMO 8018089): ","Australia, Malta","Fish Catching, Bulk Dry","2003-08-21 00:00","","Marine incident","","14nm E. of Diamond Head, New South Wales","","2","Australia; Australia"
"C0005298","1","EL SAFA (IMO 7126322)","EL SAFA (IMO 7126322): ","Panama","","2003-08-20 00:00","","Marine casualty","","Red Sea","","0",""
"C0005414","2","SEA HAULER, UNITED STAR (IMO 8925529)","SEA HAULER: , UNITED STAR (IMO 8925529): ","Bahamas, Bahamas",", General Cargo","2003-08-20 00:00","","Very serious marine casualty","","Between Eleuthera Island and the Exumas","","0",""
"C0005295","1","SEA-LAND EXPRESS (IMO 7820978)","SEA-LAND EXPRESS (IMO 7820978): ","United States","Container","2003-08-19 00:00","","Marine casualty","","Sunset beach, Milnerton, N. of Cape Town","","0",""
"C0005291","1","KINSHO MARU NO. 18 (IMO 9037537)","KINSHO MARU NO. 18 (IMO 9037537): ","Japan","Fish Catching","2003-08-19 00:00","","Marine casualty","","North Atlantic Ocean","","0",""
"C0005289","1","EIGHT WINDS","EIGHT WINDS: ","United States","","2003-08-17 00:00","","Very serious marine casualty","","Near Point Pinos, California","","0",""
"C0005310","1","JOVIAL DUCKLING (IMO 7807859)","JOVIAL DUCKLING (IMO 7807859): ","Panama","","2003-08-17 00:00","","Marine casualty","","Ghent","","0",""
"C0005297","1","UTE (IMO 8318063)","UTE (IMO 8318063): ","Germany","General Cargo","2003-08-17 00:00","","Marine casualty","","North Sea","","0",""
"C0005296","1","SPIRIT OF ENTERPRISE (IMO 9168697)","SPIRIT OF ENTERPRISE (IMO 9168697): ","New Zealand","General Cargo","2003-08-16 00:00","","Marine casualty","","After departure from Manukau Harbour","","0",""
"C0005290","1","KATRINE MAERSK (IMO 9085560)","KATRINE MAERSK (IMO 9085560): ","Denmark","Container","2003-08-16 00:00","","Marine casualty","","Off Bremerhaven, at Buoy 45/47","","0",""
"C0005294","1","ROSE DARLENE","ROSE DARLENE: ","United States","Fish Catching","2003-08-15 00:00","","Very serious marine casualty","","20 miles S. of Gulfport, Mississippi","","0",""
"C0005146","1","AQUILON (IMO 5021231)","AQUILON (IMO 5021231): ","Senegal","","2003-08-15 00:00","","Very serious marine casualty","","4 nm off Cesenatico","","0",""
"C0005293","1","REPUBBLICA DI VENEZIA (IMO 8511706)","REPUBBLICA DI VENEZIA (IMO 8511706): ","Italy","Passenger","2003-08-14 00:00","","Marine casualty","","After departure from Bremerhaven","","0",""
"C0005423","1","SARDONYX II (IMO 8957182)","SARDONYX II (IMO 8957182): ","United Kingdom","Fish Catching","2003-08-14 00:00","","Marine casualty","","North Sea","","0",""
"C0005422","1","SANDETTIE (IMO 8906212)","SANDETTIE (IMO 8906212): ","Netherlands (Kingdom of)","General Cargo","2003-08-12 00:00","","Marine casualty","","Farsund","","0",""
"C0004796","1","YU JIA (IMO 7422843)","YU JIA (IMO 7422843): ","China","General Cargo","2003-08-12 00:00","","Very serious marine casualty","","Bay of Bengal","","0",""
"C0005421","1","NEWFOUNDLAND OTTER (IMO 8915782)","NEWFOUNDLAND OTTER (IMO 8915782): ","Canada","Fish Catching","2003-08-11 00:00","","Marine casualty","","Under repair at St. John's, Newfoundland","","0",""
"C0005416","2","EVITA, GITTE LIZA","EVITA: , GITTE LIZA: ","Unknown, United Kingdom",", Fish Catching","2003-08-10 00:00","","Marine casualty","","Off Spurn Head","","0",""
"C0005521","1","OGAN (IMO 8029612)","OGAN (IMO 8029612): ","Malta","General Cargo","2003-08-09 08:30","","Very serious marine casualty","30° 24.57' N 20° 21.50' E","70nm S.W. of Pylos, Peloponnese","","0",""
"C0005420","2","GUDRUN (IMO 8410043), REMORA (IMO 9213703)","GUDRUN (IMO 8410043): , REMORA (IMO 9213703): ","Belgium, Antigua and Barbuda","Fish Catching, General Cargo","2003-08-09 00:00","","Marine casualty","","North Sea","","0",""
"C0005271","2","MORNING CLOUD (IMO 8025795), PAUL GILMORE (IMO 8206997)","MORNING CLOUD (IMO 8025795): , PAUL GILMORE (IMO 8206997): ","Liberia, Cayman Islands (United Kingdom)","Bulk Dry, Oil Tanker","2003-08-06 00:00","","Marine casualty","","Martin Garcia Channel, River Plate","","0",""
"C0005523","2","OHAMA MARU (IMO 9223679), SANPO MARU No.2 (IMO 9066100)","OHAMA MARU (IMO 9223679): , SANPO MARU No.2 (IMO 9066100): ","Japan, Japan","General Cargo, Oil Tanker","2003-08-05 00:00","","Marine casualty","38° 12.90' N 141° 36.50' E","5.4 kms S.E. of Oshika, Miyagi prefecture","Coastal waters","0",""
"C0005288","1","UNITED MALIKA (IMO 7810480)","UNITED MALIKA (IMO 7810480): ","Morocco","Refrigerated Cargo","2003-08-04 00:00","","Marine casualty","","Near Nouakchott","","0",""
"C0007165","1","DEESSE DES FLOTS","DEESSE DES FLOTS: ","Unknown","Fish Catching","2003-08-03 03:00","","Very serious marine casualty","49° 43.82' N 1° 16.88' W","Off Barfleur, France","","1","Unknown"
"C0005282","2","DEERN, UNKNOWN","DEERN: , UNKNOWN: ","Germany, Unknown",", ","2003-08-03 00:00","","Marine incident","","N.E. of Rugen Island, Baltic Sea","","2","Germany; Unknown"
"C0005411","2","GOLDEN JINDO (IMO 8875748), PRINCESS (IMO 9150664)","GOLDEN JINDO (IMO 8875748): , PRINCESS (IMO 9150664): ","Republic of Korea, Republic of Korea",", ","2003-08-03 00:00","","Marine casualty","","Off Incheon port","","2","Unknown; Republic of Korea"
"C0005412","1","LT UTILE (IMO 9188154)","LT UTILE (IMO 9188154): ","Panama","Container","2003-08-03 00:00","","Marine casualty","","Dapeng Bay, Shenzhen","","0",""
"C0005413","1","MORNING CLOUD (IMO 8025795)","MORNING CLOUD (IMO 8025795): ","Liberia","Bulk Dry","2003-08-03 00:00","","Marine casualty","","Martin Garcia Channel KM 91, River Plate","","0",""
"C0005415","1","AMER THAMES (IMO 8217180)","AMER THAMES (IMO 8217180): ","Panama","","2003-08-02 00:00","","Marine casualty","","2.5 miles from Dahej jetty","","0",""
"C0005410","2","BURCHT (IMO 8602995), MSC NOA (IMO 8419702)","BURCHT (IMO 8602995): , MSC NOA (IMO 8419702): ","Belgium, Panama","Towing / Pushing, Container","2003-08-01 00:00","","Marine casualty","","Zandvlietlock, River Scheldt","","0",""
"C0005379","1","ARGOLIKOS (IMO 8124400)","ARGOLIKOS (IMO 8124400): ","Cyprus","Container","2003-08-01 00:00","","Marine casualty","","Towed to Bandar Abbas, Iran","","0",""
"C0005137","1","AILSA (IMO 7622039)","AILSA (IMO 7622039): ","Cyprus","Refrigerated Cargo","2003-08-01 00:00","","Very serious marine casualty","","CDC shipyard, Havana","","0",""
"C0004784","1","OFFSHORE SUPPLIER (IMO 8959790)","OFFSHORE SUPPLIER (IMO 8959790): ","Cayman Islands (United Kingdom)","Towing / Pushing","2003-07-31 00:00","","Marine casualty","","Off Preston Bay, Little Cayman","","0",""
"C0005409","1","BADULU VALLEY (IMO 8313271)","BADULU VALLEY (IMO 8313271): ","Panama","General Cargo","2003-07-31 00:00","","Marine casualty","","Proceeded to Mumbai","","0",""
"C0005281","1","NEPTUN","NEPTUN: ","Germany","Fish Catching","2003-07-30 00:00","","Marine incident","","Port entry of Norddeich","","2","Germany; Unknown"
"C0004751","1","GERMAINE I (IMO 7311484)","GERMAINE I (IMO 7311484): ","Panama","General Cargo","2003-07-28 00:00","","Very serious marine casualty","","La Guaira","","0",""
"C0005184","1","EASTERN HONOR (IMO 8601460)","EASTERN HONOR (IMO 8601460): ","Republic of Korea","Oil Tanker","2003-07-27 00:00","","Marine casualty","","Main approach channel at Marsden Point, Whangarei","","2","Unknown; New Zealand"
"C0005128","1","TASMAN SPIRIT (IMO 7404669)","TASMAN SPIRIT (IMO 7404669): ","Malta","Oil Tanker","2003-07-27 00:00","","Very serious marine casualty","","Karachi port","","1","Pakistan"
"C0005408","2","NEPTUN, OH SAN TOK (IMO 7738668)","NEPTUN: , OH SAN TOK (IMO 7738668): ","Unknown, Democratic People's Republic of Korea","Container, General Cargo","2003-07-26 00:00","","Marine casualty","","Bissau","","0",""
"C0005398","1","BASKA (IMO 7361556)","BASKA (IMO 7361556): ","Malta","Bulk Dry","2003-07-26 00:00","","Marine casualty","","North Channel","","0",""
"C0008169","1","MONIUSZKO (IMO 8513730)","MONIUSZKO (IMO 8513730): ","Malta","Passenger / General Cargo","2003-07-25 15:45","","Marine casualty","16° 46.50' N 63° 45.80' E","Arabian Sea","","0",""
"C0005400","1","SIGRUN BOLTEN (IMO 9149665)","SIGRUN BOLTEN (IMO 9149665): ","Liberia","General Cargo","2003-07-25 00:00","","Marine casualty","","After entering El Dekheila","","0",""
"C0004898","1","CAPE JUPITER (IMO 9143087)","CAPE JUPITER (IMO 9143087): ","Singapore","Bulk Dry","2003-07-24 00:00","","Marine casualty","","Las Palmas south anchorage, Grand Canary","","0",""
"C0005178","1","JUBILEE (IMO 7530717)","JUBILEE (IMO 7530717): ","Panama","General Cargo","2003-07-23 00:00","","Very serious marine casualty","","370 nm off Port Blair, Andaman and Nicobar Islands","","0",""
"C0005401","1","AMARANTH (IMO 6930336)","AMARANTH (IMO 6930336): ","Poland","Chemical Tanker","2003-07-23 00:00","","Marine casualty","","4.5 nm from Great Yarmouth","","0",""
"C0005406","1","GOYEN (IMO 8604606)","GOYEN (IMO 8604606): ","Saint Vincent and the Grenadines","Refrigerated Cargo","2003-07-23 00:00","","Marine casualty","","South Atlantic Ocean","","0",""
"C0005399","1","NAPA (IMO 8715651)","NAPA (IMO 8715651): ","Singapore","Oil Tanker","2003-07-23 00:00","","Marine casualty","","After departure from Durban","","0",""
"C0005397","1","WAHANA ASIA","WAHANA ASIA: ","Indonesia","General Cargo","2003-07-23 00:00","","Very serious marine casualty","","Off the coast of Binh Thuan","","0",""
"C0005403","1","LIVARDEN (IMO 7310818)","LIVARDEN (IMO 7310818): ","Denmark","General Cargo","2003-07-22 00:00","","Marine casualty","","N.E. of Skudeneshavn","","0",""
"C0005396","1","ALGOSAR (IMO 7343621)","ALGOSAR (IMO 7343621): ","Canada","Chemical Tanker","2003-07-21 00:00","","Marine casualty","","St. Lawrence Seaway upbound from Montreal","","0",""
"C0004797","1","FLYING DOLPHIN XXIV (IMO 7509512)","FLYING DOLPHIN XXIV (IMO 7509512): ","Greece","","2003-07-21 00:00","","Marine casualty","","Off Trikeri Island, Pagasitic Bay, Skopelos","","0",""
"C0005404","2","MAERSK BAHRAIN (IMO 7361219), PELICAN I (IMO 8302143)","MAERSK BAHRAIN (IMO 7361219): , PELICAN I (IMO 8302143): ","Bahamas, Malta","Container, Container","2003-07-20 02:13","","Marine casualty","","River Scheldt, near Path One (Buoy 75G)","","0",""
"C0005405","1","CARIBE C (IMO 8222410)","CARIBE C (IMO 8222410): ","Saint Vincent and the Grenadines","General Cargo","2003-07-19 00:00","","Marine casualty","","S. entrance to bay of Namibe port","","0",""
"C0005391","1","EGEON P (IMO 7109518)","EGEON P (IMO 7109518): ","Greece","Other Bulk Dry","2003-07-15 00:00","","Marine casualty","","Vouvri reef, 0.7 miles from Gavrion, Andros Island","","0",""
"C0005292","1","MIDNIGHT EAGLE","MIDNIGHT EAGLE: ","United States","","2003-07-15 00:00","","Marine casualty","","Gulf of Mexico","","0",""
"C0004794","1","WATER WORLD (IMO 8939415)","WATER WORLD (IMO 8939415): ","United States","Fish Catching","2003-07-15 00:00","","Very serious marine casualty","","Off Sabine, Texas","","0",""
"C0005168","1","ILHA BRAVA (IMO 7940003)","ILHA BRAVA (IMO 7940003): ","United States","Fish Catching","2003-07-15 00:00","","Very serious marine casualty","","70 miles off Chatham Island, Massachussets","","0",""
"C0005395","1","AIET (IMO 8010805)","AIET (IMO 8010805): ","Marshall Islands","","2003-07-14 00:00","","Marine casualty","","Gulf of Suez","","0",""
"C0005390","1","ANNA MERYL (IMO 9002453)","ANNA MERYL (IMO 9002453): ","United Kingdom","General Cargo","2003-07-12 00:00","","Marine casualty","","Off river Humber","","0",""
"C0005393","1","GULEN (IMO 8816027)","GULEN (IMO 8816027): ","Norway","","2003-07-11 00:00","","Marine casualty","","Pier at Hella, Leikanger area","","0",""
"C0005389","2","AEGEAN GAS (IMO 7707724), MEDOIL III (IMO 7035171)","AEGEAN GAS (IMO 7707724): , MEDOIL III (IMO 7035171): ","Greece, Panama",", Oil Tanker","2003-07-11 00:00","","Marine incident","","Eleusis","","0",""
"C0005123","1","SOLVITA (IMO 7633612)","SOLVITA (IMO 7633612): ","Saint Vincent and the Grenadines","General Cargo","2003-07-11 00:00","","Marine casualty","","Hittarp reef, approx. 3 M N. of Helsingborg port","","2","Sweden; Sweden"
"C0005163","1","HIMBOL (IMO 7529990)","HIMBOL (IMO 7529990): ","Eritrea","General Cargo","2003-07-10 00:00","","Very serious marine casualty","","Off E. coast of Somalia","","0",""
"C0005372","1","HANSEATIC STAR (IMO 8513326)","HANSEATIC STAR (IMO 8513326): ","Gibraltar (United Kingdom)","General Cargo","2003-07-10 00:00","","Marine casualty","","Off Hitra Island","","0",""
"C0005392","1","FU LIN (IMO 8210302)","FU LIN (IMO 8210302): ","Bolivia (Plurinational State of)","General Cargo","2003-07-09 00:00","","Marine casualty","","Off Kamiyama lighthouse, Okinawa Island","","0",""
"C0005394","1","SUMMIT (IMO 9192387)","SUMMIT (IMO 9192387): ","Bahamas","Passenger","2003-07-09 00:00","","Marine casualty","","Hubbard Glacier, Alaska","","0",""
"C0005165","2","FENG XIANG, HOEI MARU (IMO 9036882)","FENG XIANG: , HOEI MARU (IMO 9036882): ","Unknown, Panama",", General Cargo","2003-07-09 00:00","","Very serious marine casualty","","Off Wando","","0",""
"C0005385","1","PANAGIA TINOU (IMO 7392531)","PANAGIA TINOU (IMO 7392531): ","Greece","","2003-07-07 00:00","","Marine casualty","","Laurium","","0",""
"C0005387","1","VOLGO-DON 240 (IMO 8959142)","VOLGO-DON 240 (IMO 8959142): ","Russian Federation","General Cargo","2003-07-07 00:00","","Marine casualty","","Strait of Canakkale","","0",""
"C0005495","2","Karashima, Korex Kunsan (IMO 8887959)","Karashima: , Korex Kunsan (IMO 8887959): ","Japan, Republic of Korea","Other Activities, General Cargo","2003-07-06 07:33","","Very serious marine casualty","34° 32.20' N 130° 30.10' E","20.2 miles from Tsuno Shima lighthouse ","","2","Japan; Japan"
"C0005388","1","ZAKINTHOS I (IMO 7320291)","ZAKINTHOS I (IMO 7320291): ","Greece","","2003-07-06 00:00","","Marine casualty","","After departure from Killini, Peloponnese","","0",""
"C0005386","1","TOISA MARINER (IMO 7623916)","TOISA MARINER (IMO 7623916): ","Bahamas","","2003-07-05 00:00","","Very serious marine casualty","","Campos Bay","","0",""
"C0005402","1","ANNIE SIERRA (IMO 7908809)","ANNIE SIERRA (IMO 7908809): ","Cyprus","Bulk Dry","2003-07-05 00:00","","Marine casualty","","Off Port Sudan","","0",""
"C0005373","1","LORD HINTON (IMO 8402864)","LORD HINTON (IMO 8402864): ","United Kingdom","Bulk Dry","2003-07-05 00:00","","Marine casualty","","North Sea","","0",""
"C0005374","1","MSC SABRINA (IMO 8714205)","MSC SABRINA (IMO 8714205): ","Panama","Container","2003-07-05 00:00","","Marine casualty","","South Atlantic Ocean, E. of Natal, Brazil","","0",""
"C0005375","1","NOBELESE","NOBELESE: ","Netherlands (Kingdom of)","","2003-07-05 00:00","","Very serious marine casualty","","Dunbar Castle, Scotland","","0",""
"C0005369","2","ARATERE (IMO 9174828), SAN DOMECICO","ARATERE (IMO 9174828): , SAN DOMECICO: ","Bahamas, Unknown",", Fish Catching","2003-07-05 00:00","","Marine casualty","","Wellington harbour","","0",""
"C0005370","2","BUNGA TERATAI EMPAT (IMO 9159658), MAKO (IMO 7821128)","BUNGA TERATAI EMPAT (IMO 9159658): , MAKO (IMO 7821128): ","Malaysia, Bahamas","Container, Fish Catching","2003-07-04 00:00","","Marine incident","","Off d'Urville Island","","0",""
"C0005371","1","EUKLID (IMO 8315499)","EUKLID (IMO 8315499): ","Antigua and Barbuda","General Cargo","2003-07-04 00:00","","Marine casualty","","Grimbsy","","0",""
"C0005365","1","BORNEO (IMO 9183465)","BORNEO (IMO 9183465): ","Netherlands (Kingdom of)","General Cargo","2003-07-01 00:00","","Marine casualty","","Towed into Vigo, Spain","","0",""
"C0005504","2","HEUNG-A-JUPITER (IMO 8404111), KOYO MARU No 18 (IMO 8910029)","HEUNG-A-JUPITER (IMO 8404111): , KOYO MARU No 18 (IMO 8910029): ","Republic of Korea, Japan","Container, Fish Catching","2003-07-01 00:00","","Marine casualty","32° 24.90' N 130° 18.30' E","74 miles N.E. of Fukuoka, Kyushu, Japan","Coastal waters","0",""
"C0005368","1","SUPERFERRY 1 (IMO 7375856)","SUPERFERRY 1 (IMO 7375856): ","Philippines","","2003-06-29 00:00","","Marine casualty","","Approach to Coron Island, northern Palawan","","0",""
"C0005130","1","JAMBO (IMO 8909197)","JAMBO (IMO 8909197): ","Cyprus","General Cargo","2003-06-29 00:00","","Very serious marine casualty","","Off Summer Islands, west coast of Scotland","","2","United Kingdom; Unknown"
"C0004800","1","GAVIOTA (IMO 8818477)","GAVIOTA (IMO 8818477): ","Peru","Fish Catching","2003-06-29 00:00","","Very serious marine casualty","","70 miles from Salaverry, Peru","","0",""
"C0005366","1","CLIPPER MERMAID (IMO 9223825)","CLIPPER MERMAID (IMO 9223825): ","Bahamas","Bulk Dry","2003-06-27 00:00","","Marine casualty","","N.E. of Samso Island, Denmark","","0",""
"C0005360","1","ASTERIKS (IMO 9116149)","ASTERIKS (IMO 9116149): ","Hong Kong, China","Bulk Dry","2003-06-27 00:00","","Marine casualty","","Indian Ocean","","0",""
"C0005380","1","MOSCOW (IMO 9165530)","MOSCOW (IMO 9165530): ","Liberia","Oil Tanker","2003-06-25 00:00","","Marine incident","","N.E. of North Cape, Norway","","0",""
"C0005118","1","ABLE I (IMO 7507057)","ABLE I (IMO 7507057): ","Panama","General Cargo","2003-06-25 00:00","","Very serious marine casualty","","90 miles S. of Somalia","","0",""
"C0005518","1","OCEAN PIONEER (IMO 7504445)","OCEAN PIONEER (IMO 7504445): ","Saint Vincent and the Grenadines","General Cargo","2003-06-24 00:00","","Very serious marine casualty","","Arabian sea","","0",""
"C0005361","1","GREEN GLORY (IMO 7726586)","GREEN GLORY (IMO 7726586): ","Egypt","General Cargo","2003-06-23 00:00","","Marine casualty","","Arabian Sea","","0",""
"C0005362","2","HEUNG YANG (IMO 8400995), RYOEI MARU NO. 2 (IMO 9047178)","HEUNG YANG (IMO 8400995): , RYOEI MARU NO. 2 (IMO 9047178): ","Republic of Korea, Japan",", General Cargo","2003-06-22 00:00","","Marine casualty","","Inland Sea","","0",""
"C0005364","1","WINDLAND (IMO 7431715)","WINDLAND (IMO 7431715): ","Antigua and Barbuda","General Cargo","2003-06-22 00:00","","Marine casualty","","E. of Fakse Ladeplads, Sjaelland, Denmark","","0",""
"C0004767","1","SHENG XIN (IMO 8426585)","SHENG XIN (IMO 8426585): ","China","Passenger / General Cargo","2003-06-22 00:00","","Very serious marine casualty","","Near the port of Wenzhou, East China Sea","","0",""
"C0005161","1","HAVA (IMO 7910759)","HAVA (IMO 7910759): ","Bahamas","General Cargo","2003-06-20 00:00","","Very serious marine casualty","","Off the coast S. of Farsund","","2","Bahamas; Unknown"
"C0005363","2","FUZHOU NO. 10, JIANGLONG NO. 806","FUZHOU NO. 10: , JIANGLONG NO. 806: ","China, China","Passenger, General Cargo","2003-06-19 00:00","","Very serious marine casualty","","Jialing River, Chongqing municipality","","0",""
"C0005154","1","EFXINOS (IMO 7393339)","EFXINOS (IMO 7393339): ","Malta","Oil Tanker","2003-06-18 00:00","","Very serious marine casualty","","Kalba, 19 kms from Fujairah","","0",""
"C0005512","1","LUCKY PACIFIC (IMO 7705257)","LUCKY PACIFIC (IMO 7705257): ","Indonesia","General Cargo","2003-06-18 00:00","","Very serious marine casualty","","Off the coast of Indonesia, in the Banda sea","","0",""
"C0005359","1","ARIAKE MARU NO. 10 (IMO 8713122)","ARIAKE MARU NO. 10 (IMO 8713122): ","Japan","","2003-06-17 00:00","","Marine casualty","","Mizeri shallows, Nagasaki prefecture","","0",""
"C0005493","1","IDEE FIXE (IMO 8322923)","IDEE FIXE (IMO 8322923): ","Malta","Bulk Dry","2003-06-16 00:00","","Marine casualty","","Arabian Sea, 100 to 120 miles E. of Socotra Island","","0",""
"C0005492","1","IRINA D (IMO 7529835)","IRINA D (IMO 7529835): ","Georgia","General Cargo","2003-06-15 00:00","","Marine casualty","","120 miles off Alexandria","","0",""
"C0005136","1","NIDIA LEONOR (IMO 7529457)","NIDIA LEONOR (IMO 7529457): ","Panama","General Cargo","2003-06-15 00:00","","Very serious marine casualty","","Off the coast of Miami","","0",""
"C0004793","1","VLUCHNIK (IMO 7435931)","VLUCHNIK (IMO 7435931): ","Russian Federation","Other Fishing","2003-06-15 00:00","","Very serious marine casualty","","E. of Sakhalin, Russian Federation","","0",""
"C0004750","2","CHANG YOUNG (IMO 9001435), FAREAST 1 (IMO 8317186)","CHANG YOUNG (IMO 9001435): , FAREAST 1 (IMO 8317186): ","Republic of Korea, Belize","General Cargo, General Cargo","2003-06-14 00:09","","Very serious marine casualty","34° 27.00' N 130° 08.50' E","Off Fukuoka","Coastal waters","0",""
"C0005494","1","SALMO (IMO 7616858)","SALMO (IMO 7616858): ","Bahamas","General Cargo","2003-06-14 00:00","","Marine casualty","","Arrived Larvik in tow","","0",""
"C0005491","1","CHASSIRON (IMO 9196656)","CHASSIRON (IMO 9196656): ","French Antarctic Territory (France)","Chemical Tanker","2003-06-13 07:09","","Very serious marine casualty","","Off Bayonne, Gulf of Gascogne","","2","France; France"
"C0005356","1","STAVANGER (IMO 9263758)","STAVANGER (IMO 9263758): ","Norway","","2003-06-13 00:00","","Marine casualty","","Outside Stavanger","","0",""
"C0005357","1","DOVE (IMO 7380746)","DOVE (IMO 7380746): ","Bahamas","Bulk Dry","2003-06-13 00:00","","Marine casualty","","Puerto Ordaz","","0",""
"C0005176","1","NAUTILA (IMO 7361609)","NAUTILA (IMO 7361609): ","Antigua and Barbuda","General Cargo","2003-06-12 00:00","","Very serious marine casualty","","Off Cascais, 20 miles W. of Lisbon","","1","Antigua and Barbuda"
"C0005120","1","APL EMERALD (IMO 7819369)","APL EMERALD (IMO 7819369): ","Singapore","Container","2003-06-12 00:00","","Marine casualty","","S. of Horsburgh Lighthouse","","1","Singapore"
"C0005117","1","FINNRUNNER (IMO 8807416)","FINNRUNNER (IMO 8807416): ","Germany","Passenger/Ro-Ro Cargo","2003-06-11 00:00","","Marine casualty","","Pier 8, Travemünde","","1","Germany"
"C0005381","1","MCDERMOTT DERRICK BARGE NO. 60 (IMO 7349754)","MCDERMOTT DERRICK BARGE NO. 60 (IMO 7349754): ","Panama","","2003-06-11 00:00","","Marine incident","","Off the coast of southern Argentina","","0",""
"C0005378","1","SUNGREEN (IMO 8520381)","SUNGREEN (IMO 8520381): ","Cyprus","Container","2003-06-10 00:00","","Marine casualty","","Sailed Santander (Spain) in tow","","0",""
"C0005490","1","SUNNHORDLAND (IMO 9052501)","SUNNHORDLAND (IMO 9052501): ","Norway","","2003-06-10 00:00","","Marine casualty","","","","0",""
"C0005487","1","MATSONIA (IMO 7334204)","MATSONIA (IMO 7334204): ","United States","Passenger/Ro-Ro Cargo","2003-06-10 00:00","","Marine casualty","","Approx. 600 miles E. of Hawaiian Islands, Pacific Ocean","","0",""
"C0004798","1","FORTUNE CARRIER (IMO 8005745)","FORTUNE CARRIER (IMO 8005745): ","Belize","General Cargo","2003-06-10 00:00","","Very serious marine casualty","","Off Sandheads near mouth of Hooghly River, India","","0",""
"C0005525","1","OPSANGER (IMO 6524838)","OPSANGER (IMO 6524838): ","Norway","General Cargo","2003-06-09 00:00","","Very serious marine casualty","","Off Bergen, Norway","","0",""
"C0005486","1","LADY-S (IMO 7383956)","LADY-S (IMO 7383956): ","Tonga","General Cargo","2003-06-07 00:00","","Marine casualty","","Near Gelibolu, Strait of Canakkale","","0",""
"C0005489","1","SHEMARIAH","SHEMARIAH: ","United Kingdom","Fish Catching","2003-06-06 00:00","","Marine casualty","","Off Fraserburgh, Scotland","","0",""
"C0005169","1","IRION (IMO 7927506)","IRION (IMO 7927506): ","Panama","General Cargo","2003-06-05 00:00","","Very serious marine casualty","","On voyage from Funabashi, Japan to East China Sea","","0",""
"C0005484","1","SAGAKATSU MARU NO. 58 (IMO 8351340)","SAGAKATSU MARU NO. 58 (IMO 8351340): ","Japan","Fish Catching","2003-06-04 00:00","","Marine casualty","","North Pacific Ocean, E. of Japan","","0",""
"C0005481","1","ELKE M. (IMO 8616659)","ELKE M. (IMO 8616659): ","Germany","Fish Catching","2003-06-03 00:00","","Marine casualty","","N. of Shetland Islands","","0",""
"C0005358","1","LADY AMNAH (IMO 7725611)","LADY AMNAH (IMO 7725611): ","Syrian Arab Republic","Bulk Dry","2003-06-03 00:00","","Marine casualty","","Monopoli","","0",""
"C0005485","2","TAE DONG GANG (IMO 7738656), TANMOY","TAE DONG GANG (IMO 7738656): , TANMOY: ","Democratic People's Republic of Korea, Unknown","General Cargo, ","2003-06-02 00:00","","Very serious marine casualty","","River Pussur at Mongla","","0",""
"C0004908","2","EUROPA, IVORY STAR 1 (IMO 9134490)","EUROPA: , IVORY STAR 1 (IMO 9134490): ","Nigeria, Germany",", Container","2003-06-01 00:00","","Marine incident","","Badagri Creek, Lagos","","2","Germany; Unknown"
"C0005116","2","FU SHAN HAI (IMO 9056002), GDYNIA (IMO 9213911)","FU SHAN HAI (IMO 9056002): , GDYNIA (IMO 9213911): ","China, Cyprus","Bulk Dry, General Cargo","2003-05-31 00:00","","Very serious marine casualty","55° 21.00' N 14° 44.60' E","3nm NNW of Hammer Odde, Bornholm island","Coastal waters","2","Denmark; Denmark"
"C0005478","2","ATENI (IMO 8103690), VIGO 2","ATENI (IMO 8103690): , VIGO 2: ","Greece, Unknown","Bulk Dry, Fish Catching","2003-05-31 00:00","","Marine casualty","","North Atlantic Ocean, N.W. of Nouadhibou, Mauritania","","0",""
"C0005479","1","BUNGA PELANGI DUA (IMO 9111618)","BUNGA PELANGI DUA (IMO 9111618): ","Malaysia","Container","2003-05-29 00:00","","Marine casualty","","Suez Canal KM 118","","0",""
"C0005480","1","CAPT. BOB","CAPT. BOB: ","United States","Fish Catching","2003-05-29 00:00","","Very serious marine casualty","","About 10 miles N.E. of Kitty Hawk, North Carolina","","0",""
"C0005483","1","SEAJET 1 (IMO 9121077)","SEAJET 1 (IMO 9121077): ","Greece","","2003-05-29 00:00","","Marine casualty","","Sea of Crete","","0",""
"C0005470","2","ASIAN NOVA (IMO 9109495), SASSENACH","ASIAN NOVA (IMO 9109495): , SASSENACH: ","Panama, Australia","Bulk Dry, Fish Catching","2003-05-29 00:00","","Very serious marine casualty","","Off Townsville, North Queensland","","2","Australia; Australia"
"C0005186","2","P&O NEDLLOYD VESPUCCI (IMO 9214202), WAHKUNA","P&O NEDLLOYD VESPUCCI (IMO 9214202): , WAHKUNA: ","Liberia, United Kingdom","Container, ","2003-05-28 00:00","","Very serious marine casualty","","English Channel","","2","United Kingdom; Unknown"
"C0005471","2","ALSERBACH (IMO 9169732), CHARLOTTE THERESA (IMO 8703127)","ALSERBACH (IMO 9169732): , CHARLOTTE THERESA (IMO 8703127): ","Netherlands (Kingdom of), Cyprus","General Cargo, Oil Tanker","2003-05-27 00:00","","Marine incident","","Flushing Roads","","0",""
"C0005476","2","UNKNOWN, ZEST OF BELGIUM","UNKNOWN: , ZEST OF BELGIUM: ","Unknown, Belgium",", ","2003-05-27 00:00","","Marine casualty","","25 miles South S.E. of Eddystone Lighthouse, Cornwall","","0",""
"C0005477","1","ARNARBORG (IMO 7324376)","ARNARBORG (IMO 7324376): ","Latvia","Fish Catching","2003-05-26 00:00","","Marine casualty","","North Atlantic Ocean, E. of Newfoundland","","0",""
"C0005474","1","OCEAN D (IMO 7615141)","OCEAN D (IMO 7615141): ","Malta","Bulk Dry","2003-05-26 00:00","","Marine casualty","","River Parana KM 350.9","","0",""
"C0005475","2","SAN NICOLAS, SUPERFERRY 12 (IMO 8217051)","SAN NICOLAS: , SUPERFERRY 12 (IMO 8217051): ","Unknown, Philippines",", ","2003-05-25 00:00","","Very serious marine casualty","","Mouth of Manila Bay, approx. 1nm N.W. of Limbones Island","","0",""
"C0005473","1","NORWAY (IMO 5119143)","NORWAY (IMO 5119143): ","Bahamas","Passenger","2003-05-25 00:00","","Very serious marine casualty","","Miami, Florida","","1","Bahamas"
"C0004790","1","TSIMENTAS (IMO 6925604)","TSIMENTAS (IMO 6925604): ","Greece","Other Bulk Dry","2003-05-25 00:00","","Marine casualty","","On reef between Kassos and Karpathos Islands","","0",""
"C0005377","1","THETIS (IMO 7357816)","THETIS (IMO 7357816): ","Unknown","General Cargo","2003-05-23 00:00","","Marine casualty","","Suez Canal","","0",""
"C0007078","1","SIDERSIRIO (IMO 7102663)","SIDERSIRIO (IMO 7102663): ","MAR (Portugal)","","2003-05-22 22:10","","Very serious marine casualty","42° 56.00' N 10° 08.00' E","Between Elba Island and Capraira Island","Coastal waters","0",""
"C0005526","1","HANJIN OTTAWA (IMO 9200718)","HANJIN OTTAWA (IMO 9200718): ","Germany","Container","2003-05-22 00:00","","Marine casualty","","North Sea","","0",""
"C0005472","1","IRENE","IRENE: ","United Kingdom","","2003-05-22 00:00","","Very serious marine casualty","","Off St. Maarten","","1","United Kingdom"
"C0005148","1","BEHZAT SENKAYA (IMO 8225785)","BEHZAT SENKAYA (IMO 8225785): ","Türkiye","General Cargo","2003-05-21 00:00","","Very serious marine casualty","","Off the coast of Sardinia","","0",""
"C0005621","1","CASON J. CALLAWAY (IMO 5065392)","CASON J. CALLAWAY (IMO 5065392): ","United States","Bulk Dry","2003-05-21 00:00","","Marine casualty","","S. of Seaway Island, S. end of St Clair river","","0",""
"C0005488","1","P&O NEDLLOYD KILINDINI (IMO 7911624)","P&O NEDLLOYD KILINDINI (IMO 7911624): ","Malta","Container","2003-05-17 22:40","","Marine casualty","","Near Jeddah","","0",""
"C0005177","1","NEPTUNE (IMO 9037460)","NEPTUNE (IMO 9037460): ","United Kingdom","Fish Catching","2003-05-17 00:00","","Very serious marine casualty","","30 miles N.N.-W. of Muckle Flugga, Shetland Islands","","1","United Kingdom"
"C0004754","1","GREEN WAVE (IMO 7707683)","GREEN WAVE (IMO 7707683): ","United States","General Cargo","2003-05-16 00:00","","Marine casualty","","Approx. 700 miles E. of Bermuda, North Atlantic Ocean","","0",""
"C0005482","1","HEIMBULK (IMO 7042514)","HEIMBULK (IMO 7042514): ","Norway","General Cargo","2003-05-16 00:00","","Marine casualty","","Near Bronnoysund","","0",""
"C0005527","1","OCEAN 21","OCEAN 21: ","Republic of Korea","Fish Catching","2003-05-16 00:00","","Marine casualty","","Port Sultan Qaboos, berth 3A","","0",""
"C0004763","1","SANG THAI KILIN (IMO 7703807)","SANG THAI KILIN (IMO 7703807): ","Thailand","General Cargo","2003-05-15 00:00","","Very serious marine casualty","","South China Sea","","0",""
"C0004765","1","SEGITIGA BIRU (IMO 8028656)","SEGITIGA BIRU (IMO 8028656): ","Indonesia","General Cargo","2003-05-15 00:00","","Very serious marine casualty","","Bay of Bengal, E. of Eastern Channel, Hoogly River, 125 miles S. of Calcutta","","0",""
"C0005619","1","TASMAN TRADER (IMO 8918241)","TASMAN TRADER (IMO 8918241): ","Panama","General Cargo","2003-05-14 00:00","","Very serious marine casualty","","While berthing at Suva","","0",""
"C0005941","1","JOSEPH AND CLARA SMALLWOOD (IMO 8604797)","JOSEPH AND CLARA SMALLWOOD (IMO 8604797): ","Canada","","2003-05-12 23:10","","Marine casualty","47° 26.50' N 59° 08.00' W","8NM South of Port aux Basques, Newfoundland and Labrador","","2","Canada; Unknown"
"C0004753","1","QUEEN OF SURREY (IMO 7902221)","QUEEN OF SURREY (IMO 7902221): ","Canada","Passenger/Ro-Ro Cargo","2003-05-12 09:30","","Marine casualty","","Queen Charlotte Channel, BC","","2","Canada; Unknown"
"C0005466","1","ASPHALT VICTORY (IMO 8023761)","ASPHALT VICTORY (IMO 8023761): ","Cayman Islands (United Kingdom)","","2003-05-12 00:00","","Marine casualty","","50 miles E. of Providence, Rhode Island","","0",""
"C0005467","1","ILA (IMO 6819104)","ILA (IMO 6819104): ","Belize","Fish Catching","2003-05-12 00:00","","Marine casualty","","Vigo","","0",""
"C0005519","2","ARAUCO I (IMO 5229936), OCEANICA 4 (IMO 9128453)","ARAUCO I (IMO 5229936): , OCEANICA 4 (IMO 9128453): ","Chile, Chile","Fish Catching, Fish Catching","2003-05-11 00:00","","Very serious marine casualty","","San Vicente Bay, Talcahuano","","0",""
"C0004792","1","UPCO-3 (IMO 7238034)","UPCO-3 (IMO 7238034): ","Panama","Oil Tanker","2003-05-09 00:00","","Very serious marine casualty","","Off Colaba lighthouse, Mumbai harbour","","0",""
"C0005469","1","PANAM FLOTA (IMO 9193599)","PANAM FLOTA (IMO 9193599): ","Panama","Chemical Tanker","2003-05-08 00:00","","Marine casualty","","Arrived Sarnia, Ontario","","0",""
"C0005618","1","SAFARI SPIRIT","SAFARI SPIRIT: ","United States","","2003-05-08 00:00","","Very serious marine casualty","","About 80 miles N. of Vancouver Island","","0",""
"C0005505","2","DAIEI MARU No.8 (IMO 9103192), KOYO MARU No.8 (IMO 9124031)","DAIEI MARU No.8 (IMO 9103192): , KOYO MARU No.8 (IMO 9124031): ","Japan, Japan","General Cargo, Chemical Tanker","2003-05-06 00:00","","Marine casualty","34° 08.60' N 132° 52.20' E","Kurushima Strait","Coastal waters","0",""
"C0005468","1","P&O NEDLLOYD DEJIMA (IMO 9210074)","P&O NEDLLOYD DEJIMA (IMO 9210074): ","Liberia","Container","2003-05-05 00:00","","Marine casualty","","Port Louis","","0",""
"C0005438","1","GANT VISION (IMO 9047049)","GANT VISION (IMO 9047049): ","Malta","Bulk Dry","2003-05-03 00:00","","Marine casualty","","650 miles S.E. of Honolulu, Hawaiian Islands","","0",""
"C0005376","2","MIRAMAR (IMO 9136204), SCOUT MARIN (IMO 8222173)","MIRAMAR (IMO 9136204): , SCOUT MARIN (IMO 8222173): ","Gibraltar (United Kingdom), Netherlands (Kingdom of)","General Cargo, General Cargo","2003-05-03 00:00","","Marine casualty","","Bouwdewijnslocks, Antwerp","","0",""
"C0005149","1","BELASITZA (IMO 6713350)","BELASITZA (IMO 6713350): ","Bulgaria","General Cargo","2003-05-03 00:00","","Very serious marine casualty","","Off the coast of Crimea","","0",""
"C0004930","1","SHINEI MARU NO. 85 (IMO 9016246)","SHINEI MARU NO. 85 (IMO 9016246): ","Japan","Fish Catching","2003-05-03 00:00","","Marine casualty","","Near Portuguese Cove, Halifax harbour","","2","Canada; Unknown"
"C0005179","2","JUNIOR M (IMO 8209107), NURIA TAPIAS (IMO 9207027)","JUNIOR M (IMO 8209107): , NURIA TAPIAS (IMO 9207027): ","Malta, Spain","Bulk Dry, Oil Tanker","2003-05-02 00:00","","Very serious marine casualty","","Black Sea, 70 miles W. of Cap-al-Odor, Crimea","","1","Spain"
"C0005463","1","EASTERN NAVIGATOR (IMO 8702874)","EASTERN NAVIGATOR (IMO 8702874): ","Antigua and Barbuda","General Cargo","2003-05-02 00:00","","Marine casualty","","English Channel","","0",""
"C0005464","1","SAN SEBASTIAN (IMO 7930084)","SAN SEBASTIAN (IMO 7930084): ","Panama","Oil Tanker","2003-05-02 00:00","","Marine casualty","","Red Sea","","0",""
"C0005465","1","SCHULENBURG (IMO 8027676)","SCHULENBURG (IMO 8027676): ","Cyprus","General Cargo","2003-05-02 00:00","","Marine casualty","","Towed to Brest","","0",""
"C0005620","1","BANGA LANKA (IMO 7707645)","BANGA LANKA (IMO 7707645): ","Bangladesh","General Cargo","2003-05-02 00:00","","Marine casualty","","Arabian Sea","","0",""
"C0005170","2","ISTOK (IMO 9076739), PALLADA","ISTOK (IMO 9076739): , PALLADA: ","Russian Federation, Unknown","Fish Catching, ","2003-05-01 00:00","","Very serious marine casualty","","22 miles off Cape of Tarkhankut, Black Sea","","0",""
"C0005174","1","MORESKO NO. 1 (IMO 7418050)","MORESKO NO. 1 (IMO 7418050): ","Republic of Korea","Fish Catching","2003-04-30 00:00","","Very serious marine casualty","","Entrance to moraine fjord, South Georgia","","0",""
"C0004771","1","VELMA (IMO 7357543)","VELMA (IMO 7357543): ","Liberia","Chemical Tanker","2003-04-30 00:00","","Marine casualty","","Beira","","0",""
"C0005458","1","KATJA (IMO 9235490)","KATJA (IMO 9235490): ","Antigua and Barbuda","General Cargo","2003-04-30 00:00","","Marine casualty","","On voyage to Bordeaux, Bay of Biscay","","0",""
"C0005439","1","MING ORCHID (IMO 9198276)","MING ORCHID (IMO 9198276): ","Panama","Container","2003-04-30 00:00","","Marine casualty","","Suez Canal KM 60","","0",""
"C0005509","1","LYN (IMO 7320643)","LYN (IMO 7320643): ","Falkland Islands (Malvinas)‡","Fish Catching","2003-04-30 00:00","","Very serious marine casualty","","Cumberland bay, South Georgia","","0",""
"C0005436","1","POSEIDON","POSEIDON: ","Greece","Fish Catching","2003-04-29 00:00","","Marine casualty","","W. of Guinea","","0",""
"C0005460","1","JUPITER (IMO 8503072)","JUPITER (IMO 8503072): ","Cyprus","General Cargo","2003-04-29 00:00","","Marine casualty","","Near Moshchnyy Island, Gulf of Finland","","0",""
"C0005437","1","PRABHU DAS (IMO 8411401)","PRABHU DAS (IMO 8411401): ","India","Bulk Dry","2003-04-28 00:00","","Marine casualty","","Rio Parana Bravo KM 160,800","","0",""
"C0005456","1","B. NO. 120","B. NO. 120: ","United States","","2003-04-27 00:00","","Very serious marine casualty","","Buzzards Bay, Massachussets","","0",""
"C0005522","1","OGBOMOSO (IMO 9051416)","OGBOMOSO (IMO 9051416): ","Nigeria","Towing / Pushing","2003-04-27 00:00","","Very serious marine casualty","","Off the coast of Nigeria","","0",""
"C0005286","2","TOSTE (IMO 9042087), ZERAN (IMO 8302272)","TOSTE (IMO 9042087): , ZERAN (IMO 8302272): ","Denmark, Malta","Dredging, Ro-Ro Cargo","2003-04-26 00:00","","Marine casualty","55° 28.34' N 8° 24.71' E","Port of Esbjerg","Port","2","Denmark; Denmark"
"C0005457","2","BOW LION (IMO 8615837), CO-OPERATIVE SPIRIT","BOW LION (IMO 8615837): , CO-OPERATIVE SPIRIT: ","Norway, Unknown","Chemical Tanker, Towing / Pushing","2003-04-25 00:00","","Marine casualty","","Lower Mississippi River, Mile 144","","0",""
"C0004909","1","NEW WAVE 2 (IMO 8022212)","NEW WAVE 2 (IMO 8022212): ","Panama","","2003-04-25 00:00","","Marine casualty","","Pier No.3 in Gwangyang port","","2","Unknown; Republic of Korea"
"C0005459","1","PATTY ANN (IMO 7366752)","PATTY ANN (IMO 7366752): ","Panama","Oil Tanker","2003-04-23 00:00","","Marine casualty","","Emilio Mitre Channel KM 26.700, River Plate","","0",""
"C0005461","1","PAMELA (IMO 7719703)","PAMELA (IMO 7719703): ","Finland","General Cargo","2003-04-23 00:00","","Marine casualty","","Out of Soedertalje/Sodra Morko, Baltic Sea","","0",""
"C0005454","1","PACIFIC LEADER (IMO 8217544)","PACIFIC LEADER (IMO 8217544): ","Panama","","2003-04-23 00:00","","Marine incident","","North Atlantic Ocean","","0",""
"C0005462","2","FATIH SULTAN MEHMET (IMO 7806178), PROVIDER (IMO 8027652)","FATIH SULTAN MEHMET (IMO 7806178): , PROVIDER (IMO 8027652): ","Türkiye, Antigua and Barbuda","General Cargo, General Cargo","2003-04-22 00:00","","Marine casualty","","Outfall of Guadalquivir river, Cadiz","","0",""
"C0005506","1","LEPHREETO (IMO 5222500)","LEPHREETO (IMO 5222500): ","United Kingdom","Fish Catching","2003-04-20 00:00","","Very serious marine casualty","","170 miles S.W. of the Scilly Isles","","1","United Kingdom"
"C0005453","1","CONCEPT (IMO 8120325)","CONCEPT (IMO 8120325): ","Cyprus","General Cargo","2003-04-19 00:00","","Marine casualty","","Beira access Channel","","0",""
"C0005127","1","PRIDE OF PROVENCE (IMO 7907257)","PRIDE OF PROVENCE (IMO 7907257): ","United Kingdom","","2003-04-18 00:00","","Marine casualty","","Southern breakwater, Dover harbour eastern entrance","","2","United Kingdom; Unknown"
"C0004802","1","HANEEN (IMO 6813643)","HANEEN (IMO 6813643): ","Bolivia (Plurinational State of)","Oil Tanker","2003-04-18 00:00","","Very serious marine casualty","","Near Balochistan province","","0",""
"C0005450","2","NORDELBE (IMO 9212694), UNKNOWN","NORDELBE (IMO 9212694): , UNKNOWN: ","Cyprus, Unknown","Bulk Dry, Fish Catching","2003-04-17 00:00","","Marine casualty","","Yellow Sea","","0",""
"C0005452","1","CAPELLA VOYAGER (IMO 9012616)","CAPELLA VOYAGER (IMO 9012616): ","Bahamas","Oil Tanker","2003-04-16 00:00","","Marine casualty","","Main approach channel at Marsden Point, Whangarei","","2","Unknown; New Zealand"
"C0005155","1","EMANUELE D'ABUNDO (IMO 9116503)","EMANUELE D'ABUNDO (IMO 9116503): ","Italy","","2003-04-16 00:00","","Very serious marine casualty","","Ischia, Bay of Naples","","0",""
"C0004902","1","EMERALD STAR (IMO 9040077)","EMERALD STAR (IMO 9040077): ","Canada","","2003-04-15 00:00","","Marine incident","","Approach to Purvis Marine Ltd dock, Sault Ste Marie, Ontario","","2","Canada; Unknown"
"C0005407","1","KONSTANTINOS (IMO 8504820)","KONSTANTINOS (IMO 8504820): ","Honduras","","2003-04-15 00:00","","Marine casualty","","Isla Beata","","0",""
"C0005455","1","REMOYFJORD (IMO 7321556)","REMOYFJORD (IMO 7321556): ","Norway","Fish Catching","2003-04-14 00:00","","Marine casualty","","North Atlantic Ocean, E. of Newfoundland","","0",""
"C0005449","1","MAGNA GRAECIA (IMO 9221592)","MAGNA GRAECIA (IMO 9221592): ","Cyprus","Bulk Dry","2003-04-13 00:00","","Marine casualty","","Near Diamante, River Parana Km 525","","0",""
"C0005501","1","KONGOLA (IMO 7357440)","KONGOLA (IMO 7357440): ","Namibia","Fish Catching","2003-04-13 00:00","","Very serious marine casualty","","Off the coast of Luderitz","","0",""
"C0005515","2","MEKHANIK KUZNETSOV (IMO 8225670), MUSTAFA SOFUOGLU (IMO 7905637)","MEKHANIK KUZNETSOV (IMO 8225670): , MUSTAFA SOFUOGLU (IMO 7905637): ","Malta, Türkiye","Refrigerated Cargo, General Cargo","2003-04-12 00:00","","Very serious marine casualty","","Black sea","","0",""
"C0005451","2","PRINCESS (IMO 9234771), SAE HAN NO. 7 (IMO 8414427)","PRINCESS (IMO 9234771): , SAE HAN NO. 7 (IMO 8414427): ","Panama, Republic of Korea","General Cargo, Chemical Tanker","2003-04-12 00:00","","Marine casualty","","Off Mutsure","","0",""
"C0005447","1","AKBAR (IMO 7116975)","AKBAR (IMO 7116975): ","India","","2003-04-11 00:00","","Marine casualty","","Port Blair, Andaman and Nicobar Islands","","0",""
"C0005448","2","LYDIA (IMO 7925950), NARCEA (IMO 7020372)","LYDIA (IMO 7925950): , NARCEA (IMO 7020372): ","Malta, Spain","Bulk Dry, Towing / Pushing","2003-04-09 00:00","","Marine casualty","","Gijon","","0",""
"C0004776","1","STEPHANIE DEE (IMO 7643588)","STEPHANIE DEE (IMO 7643588): ","United States","Fish Catching","2003-04-08 00:00","","Very serious marine casualty","","Cape May, New Jersey","","0",""
"C0005435","1","FAS DAMMAM (IMO 9160920)","FAS DAMMAM (IMO 9160920): ","Antigua and Barbuda","General Cargo","2003-04-07 00:00","","Marine casualty","","During voyage to Iraklion, Crete","","0",""
"C0005514","1","MICHEL PETERSEN (IMO 6424399)","MICHEL PETERSEN (IMO 6424399): ","Uruguay","Towing / Pushing","2003-04-07 00:00","","Very serious marine casualty","","Montevideo anteport","","0",""
"C0005434","2","BALTIC VIKING (IMO 9207039), UNKNOWN","BALTIC VIKING (IMO 9207039): , UNKNOWN: ","Norway, Unknown",", ","2003-04-06 00:00","","Very serious marine casualty","","Szczecin/Swinoujscie Channel","","0",""
"C0005441","1","HOEGH GALLEON (IMO 7368841)","HOEGH GALLEON (IMO 7368841): ","Bahamas","","2003-04-06 00:00","","Marine casualty","","Bahamas area","","0",""
"C0005442","1","KILINDINI (IMO 8916994)","KILINDINI (IMO 8916994): ","Kenya","","2003-04-06 00:00","","Marine casualty","","Likoni Channel, Mombasa","","0",""
"C0005444","1","NINA (IMO 9180841)","NINA (IMO 9180841): ","Netherlands Antilles (Netherlands) [historical]","General Cargo","2003-04-06 00:00","","Marine casualty","","Off Uusmadal and Tallinn","","0",""
"C0005147","1","BEAUFORT (IMO 7052296)","BEAUFORT (IMO 7052296): ","Ecuador","Oil Tanker","2003-04-06 00:00","","Very serious marine casualty","","Tres Bocas oil terminal, N.-E. of Guayaquil","","0",""
"C0005443","1","LOOTSGRACHT (IMO 8801618)","LOOTSGRACHT (IMO 8801618): ","Netherlands (Kingdom of)","General Cargo","2003-04-05 00:00","","Marine casualty","","W. of Mariehamn, Aland Islands","","0",""
"C0005445","1","ORIENTAL HIGHWAY (IMO 8020214)","ORIENTAL HIGHWAY (IMO 8020214): ","Liberia","","2003-04-04 00:00","","Marine casualty","","English Channel","","0",""
"C0005432","1","ALASKA PATRIOT (IMO 7032052)","ALASKA PATRIOT (IMO 7032052): ","United States","Fish Catching","2003-04-04 00:00","","Marine casualty","","North Pacific Ocean, E. of Kurile Islands","","0",""
"C0004766","1","SHA HE KOU (IMO 7714935)","SHA HE KOU (IMO 7714935): ","China","","2003-04-04 00:00","","Very serious marine casualty","","Off Sanya, Hainan province, South China Sea","","0",""
"C0005138","1","ALASKA (IMO 5130604)","ALASKA (IMO 5130604): ","Cambodia","General Cargo","2003-04-03 00:00","","Very serious marine casualty","","Black sea, off Trabzon, Turkey","","0",""
"C0005433","1","APUS (IMO 8908507)","APUS (IMO 8908507): ","Antigua and Barbuda","General Cargo","2003-04-03 00:00","","Marine casualty","","E. of Greenock, Clyde, Scotland","","0",""
"C0005446","1","SPRUTTENBERG (IMO 8027664)","SPRUTTENBERG (IMO 8027664): ","Cyprus","General Cargo","2003-04-03 00:00","","Marine casualty","","Near Dellys","","0",""
"C0005632","1","AJAX (IMO 8218550)","AJAX (IMO 8218550): ","Saint Vincent and the Grenadines","General Cargo","2003-04-03 00:00","","Marine casualty","","Great Belt, N. of Nyborg","","0",""
"C0005427","1","JAMES R. BARKER (IMO 7390260)","JAMES R. BARKER (IMO 7390260): ","United States","Bulk Dry","2003-04-02 00:00","","Marine casualty","","Arrived Soo Locks, Sault Sainte Marie","","0",""
"C0005426","1","FORTH FISHER (IMO 9118159)","FORTH FISHER (IMO 9118159): ","United Kingdom","Oil Tanker","2003-04-01 00:00","","Marine casualty","","Southbound lane of Land's End TSS","","0",""
"C0005633","2","BANGLAR MAYA (IMO 7913282), COMMANDER EXPRESS (IMO 7708900)","BANGLAR MAYA (IMO 7913282): , COMMANDER EXPRESS (IMO 7708900): ","Bangladesh, Cyprus","General Cargo, General Cargo","2003-04-01 00:00","","Marine casualty","","Chittagong outer anchorage","","0",""
"C0005634","1","BIANCA (IMO 7217561)","BIANCA (IMO 7217561): ","Finland","General Cargo","2003-03-31 00:00","","Marine casualty","","Outside Gefle","","0",""
"C0005429","1","TAHAROA EXPRESS (IMO 8903117)","TAHAROA EXPRESS (IMO 8903117): ","Panama","Bulk Dry","2003-03-31 00:00","","Marine casualty","","58 kms S.W. of Whangarei, New Zealand","","0",""
"C0005440","1","HAMMURABI (IMO 8117287)","HAMMURABI (IMO 8117287): ","Kuwait","Container","2003-03-31 00:00","","Marine casualty","","While departing Alexandria","","0",""
"C0005278","1","KAERIUS","KAERIUS: ","Mauritius","Dredging","2003-03-29 00:00","","Marine casualty","","La Ceiba","","0",""
"C0005424","1","BYZANTIO (IMO 7383413)","BYZANTIO (IMO 7383413): ","Malta","Oil Tanker","2003-03-28 00:00","","Marine casualty","","S.E. of Hong Kong, South China Sea","","0",""
"C0005428","1","POWHATAN (IMO 9105578)","POWHATAN (IMO 9105578): ","Liberia","Bulk Dry","2003-03-26 00:00","","Marine casualty","","Arrived Palermo, Sicily","","0",""
"C0005630","2","KASTOR P (IMO 8122610), VICTORIA PRIDE (IMO 8503060)","KASTOR P (IMO 8122610): , VICTORIA PRIDE (IMO 8503060): ","Greece, Malta","Bulk Dry, General Cargo","2003-03-26 00:00","","Marine casualty","","St. Lawrence River","","0",""
"C0005631","2","SABINA, TARMO (IMO 5352886)","SABINA: , TARMO (IMO 5352886): ","Unknown, Estonia","General Cargo, ","2003-03-25 00:00","","Marine casualty","","Off Tallinn","","0",""
"C0005622","1","AEGEAN SEA (IMO 7908756)","AEGEAN SEA (IMO 7908756): ","Malta","Bulk Dry","2003-03-25 00:00","","Marine casualty","","South Pacific Ocean","","0",""
"C0005623","1","BOA VISTA (IMO 7325241)","BOA VISTA (IMO 7325241): ","Bahamas","","2003-03-25 00:00","","Marine casualty","","Outside Hirtshals harbour","","0",""
"C0005431","2","UNKNOWN, YUKO (IMO 8605375)","UNKNOWN: , YUKO (IMO 8605375): ","Unknown, Netherlands Antilles (Netherlands) [historical]","Other Bulk Dry, General Cargo","2003-03-25 00:00","","Marine casualty","","Departing Aalborg","","0",""
"C0005126","1","RMS RATINGEN (IMO 9249831)","RMS RATINGEN (IMO 9249831): ","Antigua and Barbuda","General Cargo","2003-03-25 00:00","","Marine incident","","Berck-sur-mer beach, Pas-de-Calais","","1","France"
"C0005628","1","STAR BIRD (IMO 9041423)","STAR BIRD (IMO 9041423): ","Denmark","General Cargo","2003-03-24 00:00","","Marine casualty","","Arrived Pasir Gudang, Malaysia","","0",""
"C0005626","1","IRAN NOOR (IMO 9079066)","IRAN NOOR (IMO 9079066): ","Iran (Islamic Republic of)","Oil Tanker","2003-03-24 00:00","","Marine casualty","","Bitter Lakes, Suez Canal","","0",""
"C0005627","1","PANAGIA EKATONTAPYLIANI (IMO 7205063)","PANAGIA EKATONTAPYLIANI (IMO 7205063): ","Greece","","2003-03-23 00:00","","Marine casualty","","Outside Fournos port","","0",""
"C0005625","1","CAPE HORN (IMO 8800248)","CAPE HORN (IMO 8800248): ","Liberia","Chemical Tanker","2003-03-22 00:00","","Marine casualty","","Port of Leghorn (Livorno)","","2","Unknown; Liberia"
"C0004760","1","RMS MULHEIM (IMO 9177870)","RMS MULHEIM (IMO 9177870): ","Antigua and Barbuda","General Cargo","2003-03-22 00:00","","Very serious marine casualty","","At Pedn-Men-Du, between Sennen Cove and Land's End, Cornish coast","","1","Antigua and Barbuda"
"C0005425","1","DONGEBORG (IMO 9163697)","DONGEBORG (IMO 9163697): ","Netherlands (Kingdom of)","General Cargo","2003-03-21 00:00","","Marine casualty","","Towed to La Spezia, Italy","","0",""
"C0005629","1","SVEALAND (IMO 9188506)","SVEALAND (IMO 9188506): ","Germany","Container","2003-03-21 00:00","","Marine casualty","","Off Gogland, Gulf of Finland","","0",""
"C0005503","1","KOYO MARU (IMO 9161699)","KOYO MARU (IMO 9161699): ","Japan","Bulk Dry","2003-03-20 00:00","","Marine casualty","","Off the coast of Tsumekizaki, Shizuoka prefecture","","0",""
"C0005624","1","CALEDONIA (IMO 5007508)","CALEDONIA (IMO 5007508): ","Canada","Research","2003-03-19 00:00","","Marine casualty","","Hamilton, Ontario","","0",""
"C0005599","1","MYS TIKHIY (IMO 7643954)","MYS TIKHIY (IMO 7643954): ","Russian Federation","Other Fishing","2003-03-19 00:00","","Marine casualty","","Sea of Japan","","0",""
"C0005430","1","WILSON TANA (IMO 7616224)","WILSON TANA (IMO 7616224): ","Malta","General Cargo","2003-03-19 00:00","","Marine casualty","","Arrived Mo I Rana, Norway","","0",""
"C0004919","2","FREYJA (IMO 7392610), METTE ELIASEN","FREYJA (IMO 7392610): , METTE ELIASEN: ","Malta, Denmark","Other Liquids, Fish Catching","2003-03-15 00:00","","Marine casualty","57° 29.60' N 8° 09.70' E","North Sea, approx. 58nm W. of Hirtshals, Denmark","Open sea","2","Denmark; Unknown"
"C0005597","1","CYPRUS","CYPRUS: ","Unknown","","2003-03-15 00:00","","Very serious marine casualty","","Near Bhola Island, 170 kms S. of Dhaka","","0",""
"C0005598","2","HAUGANG 508, RUN DA 402 (IMO 7394199)","HAUGANG 508: , RUN DA 402 (IMO 7394199): ","China, Honduras",", ","2003-03-15 00:00","","Very serious marine casualty","","Off China Southeastern coast","","0",""
"C0004761","1","RUYA (IMO 7531797)","RUYA (IMO 7531797): ","Türkiye","General Cargo","2003-03-14 00:00","","Very serious marine casualty","","Black sea","","0",""
"C0004789","2","FUKUJIN MARU NO.12 (IMO 9038294), TORISHIMA (IMO 8418318)","FUKUJIN MARU NO.12 (IMO 9038294): , TORISHIMA (IMO 8418318): ","Japan, Japan","Fish Catching, Fish Catching","2003-03-14 00:00","","Marine casualty","","Off Cape Shiono-misaki, Wakayama prefecture, Japan","","0",""
"C0005600","1","OUED EDDAHAB (IMO 9143843)","OUED EDDAHAB (IMO 9143843): ","Morocco","Container","2003-03-13 00:00","","Marine casualty","","En route between Casablanca and Rotterdam","","0",""
"C0005601","1","PACIFIC SKY (IMO 8024026)","PACIFIC SKY (IMO 8024026): ","United Kingdom","Passenger","2003-03-12 00:00","","Marine casualty","","After sailing from Auckland","","0",""
"C0005594","1","BALANGUT (IMO 9139751)","BALANGUT (IMO 9139751): ","Papua New Guinea","","2003-03-11 00:00","","Marine casualty","","Arafura Sea","","0",""
"C0005122","1","CLAYMORE (IMO 7715434)","CLAYMORE (IMO 7715434): ","United Kingdom","","2003-03-11 00:00","","Marine incident","","St Margaret's Hope Bay, Orkney","","1","United Kingdom"
"C0005283","1","PETUJA (IMO 9138367)","PETUJA (IMO 9138367): ","Germany","Container","2003-03-11 00:00","","Very serious marine casualty","","Hamburg port","","2","Germany; Unknown"
"C0005150","1","CIARA JOY (IMO 8221129)","CIARA JOY (IMO 8221129): ","Philippines","","2003-03-10 00:00","","Marine casualty","","Bredco, Bacolod city","","0",""
"C0005589","1","ARKTOS II (IMO 7822419)","ARKTOS II (IMO 7822419): ","United Kingdom","Fish Catching","2003-03-08 00:00","","Very serious marine casualty","","North Sea, S.W. of Stavanger","","1","United Kingdom"
"C0005524","1","ONWARD (IMO 8957211)","ONWARD (IMO 8957211): ","United Kingdom","Fish Catching","2003-03-08 00:00","","Very serious marine casualty","","40 miles N.W. of Orkney, United Kingdom","","2","United Kingdom; United Kingdom"
"C0005595","1","E.R. STRALSUND (IMO 9194866)","E.R. STRALSUND (IMO 9194866): ","Liberia","Container","2003-03-07 00:00","","Marine casualty","","Towed into Singapore","","0",""
"C0005124","1","SPIEKEROOG II (IMO 8024143)","SPIEKEROOG II (IMO 8024143): ","Germany","Passenger","2003-03-07 00:00","","Marine incident","","Gandersum flood barrage","","1","Germany"
"C0004897","1","ALTONA (IMO 8003929)","ALTONA (IMO 8003929): ","Antigua and Barbuda","Container","2003-03-07 00:00","","Marine casualty","","Off Horsburgh Lighthouse","","0",""
"C0005590","1","CENTURY (IMO 7383475)","CENTURY (IMO 7383475): ","Norway","","2003-03-06 00:00","","Marine casualty","","Offshore Algeria","","0",""
"C0004826","1","MSC SUFFOLK (IMO 8203581)","MSC SUFFOLK (IMO 8203581): ","Antigua and Barbuda","Container","2003-03-05 00:00","","Very serious marine casualty","","Dublin port","","3","Antigua and Barbuda; Unknown; Ireland"
"C0005262","1","FALCON BAY (IMO 9070137)","FALCON BAY (IMO 9070137): ","Netherlands Antilles (Netherlands) [historical]","Refrigerated Cargo","2003-03-04 00:00","","Marine casualty","","Port of Hamburg","","2","Germany; Unknown"
"C0005596","1","SAMUDRIKA-3 (IMO 8311704)","SAMUDRIKA-3 (IMO 8311704): ","India","Towing / Pushing","2003-03-04 00:00","","Marine incident","","70 miles off Mumbai, India","","0",""
"C0005384","1","ANDRE C.","ANDRE C.: ","South Africa","Fish Catching","2003-03-03 00:00","","Very serious marine casualty","","Near Van Stadens river mouth, W. of Port Elizabeth","","0",""
"C0004779","2","RYUO MARU No.36, SUMI MARU No.8 (IMO 9242522)","RYUO MARU No.36: , SUMI MARU No.8 (IMO 9242522): ","Japan, Japan","Other Activities, Towing / Pushing","2003-03-03 00:00","","Marine casualty","34° 07.60' N 136° 46.50' E","22 kms off Daio, Mie prefecture, Japan","Coastal waters","0",""
"C0005162","1","HIDE MARU NO. 1 (IMO 8620894)","HIDE MARU NO. 1 (IMO 8620894): ","Japan","Fish Catching","2003-03-03 00:00","","Marine casualty","","approx. 350 kms S. of Tokyo, Japan","","0",""
"C0005591","1","FADAK (IMO 7210769)","FADAK (IMO 7210769): ","Unknown","","2003-03-02 00:00","","Very serious marine casualty","","Mina Khalid (also Sharjah)","","0",""
"C0005593","1","PACTRADER (IMO 9157363)","PACTRADER (IMO 9157363): ","Liberia","Bulk Dry","2003-03-01 00:00","","Marine casualty","","Port of Thevenard","","2","Australia; Australia"
"C0005588","1","SOPAPAYA","SOPAPAYA: ","Unknown","Towing / Pushing","2003-02-28 00:00","","Very serious marine casualty","","Off Marin","","0",""
"C0004774","2","GAS ROMAN (IMO 8920000), SPRINGBOK (IMO 7640354)","GAS ROMAN (IMO 8920000): , SPRINGBOK (IMO 7640354): ","Panama, Singapore",", General Cargo","2003-02-27 00:00","","Marine casualty","","16 miles N.E. of Horsburgh lighthouse,","","0",""
"C0005367","1","GLOBAL NO. 3","GLOBAL NO. 3: ","Malaysia","General Cargo","2003-02-27 00:00","","Very serious marine casualty","","Off Kuala Rajang","","0",""
"C0005592","1","GREAT CENTURY (IMO 9206205)","GREAT CENTURY (IMO 9206205): ","Hong Kong, China","Bulk Dry","2003-02-26 00:00","","Marine casualty","","1.5 nm up St. Lawrence river from Batiscan, Québec","","2","Canada; Unknown"
"C0005585","2","HULU MAS (IMO 8019332), SANKO ROBUST (IMO 9074808)","HULU MAS (IMO 8019332): , SANKO ROBUST (IMO 9074808): ","Indonesia, Liberia","General Cargo, Bulk Dry","2003-02-26 00:00","","Marine casualty","","Off Kukup, S.W. of Johor, Malaysia","","0",""
"C0005582","1","ARGENMAR MADRYN (IMO 7611676)","ARGENMAR MADRYN (IMO 7611676): ","Bahamas","Bulk Dry","2003-02-25 00:00","","Marine casualty","","River Parana Km 453","","0",""
"C0005498","1","KEMAL OKAN (IMO 7505097)","KEMAL OKAN (IMO 7505097): ","Türkiye","General Cargo","2003-02-25 00:00","","Very serious marine casualty","","16 kms off Ashdod","","0",""
"C0004805","2","DRAWA (IMO 7813999), PASIPHAE","DRAWA (IMO 7813999): , PASIPHAE: ","Poland, France","General Cargo, Fish Catching","2003-02-25 00:00","","Marine incident","","4 nm S-W of Belle-île","","2","France; Unknown"
"C0005121","1","ARCO ADUR (IMO 8700814)","ARCO ADUR (IMO 8700814): ","United Kingdom","Dredging","2003-02-25 00:00","","Very serious marine casualty","","River Medway outbound at buoy 32","","2","United Kingdom; Unknown"
"C0005584","2","BREMER SATURN (IMO 9100138), YEVGENIY TITOV (IMO 8724743)","BREMER SATURN (IMO 9100138): , YEVGENIY TITOV (IMO 8724743): ","Gibraltar (United Kingdom), Malta","General Cargo, Oil Tanker","2003-02-24 00:00","","Marine casualty","","20 kms off the Finnish Coast, Gulf of Finland","","0",""
"C0005520","1","OCU (IMO 7804857)","OCU (IMO 7804857): ","Bolivia (Plurinational State of)","General Cargo","2003-02-23 00:00","","Very serious marine casualty","","Whilst on voyage to Puerto Limon, Costa Rica","","0",""
"C0005383","1","NEPTUNE (IMO 7915618)","NEPTUNE (IMO 7915618): ","Panama","General Cargo","2003-02-23 00:00","","Marine casualty","","Off the Eritrean coast","","0",""
"C0004799","1","FUKUJU MARU NO. 108 (IMO 8864373)","FUKUJU MARU NO. 108 (IMO 8864373): ","Japan","Fish Catching","2003-02-22 00:00","","Marine casualty","","North Pacific Ocean","","0",""
"C0005125","2","LORA (IMO 6723642), OGRADY (IMO 8129321)","LORA (IMO 6723642): , OGRADY (IMO 8129321): ","Cambodia, Hong Kong, China","General Cargo, General Cargo","2003-02-21 20:40","","Very serious marine casualty","","Bisan Seto East traffic route, Inland sea","","2","Hong Kong, China; Unknown"
"C0004759","1","PENDOLA (IMO 8419764)","PENDOLA (IMO 8419764): ","Panama","General Cargo","2003-02-21 00:00","","Very serious marine casualty","","400 kms E. of Okinawa, Ryukyu Islands, Japan","","0",""
"C0005507","1","LIAO LU DU 7 (IMO 7920986)","LIAO LU DU 7 (IMO 7920986): ","China","","2003-02-21 00:00","","Very serious marine casualty","","10 nm N.W. of Tuoji Island, Bohai Bay","","0",""
"C0005587","1","LAGUNA (IMO 7703699)","LAGUNA (IMO 7703699): ","Saint Vincent and the Grenadines","General Cargo","2003-02-21 00:00","","Marine casualty","","Outside Copenhagen","","0",""
"C0005583","1","B. NO. 125 (IMO 8640466)","B. NO. 125 (IMO 8640466): ","United States","","2003-02-21 00:00","","Very serious marine casualty","","Staten Island","","0",""
"C0005382","1","AMINA (IMO 7310088)","AMINA (IMO 7310088): ","Egypt","Oil Tanker","2003-02-20 00:00","","Very serious marine casualty","","Alang shipbreaking yard","","0",""
"C0007076","1","CETINA","CETINA: ","Saint Vincent and the Grenadines","","2003-02-19 15:55","","Marine casualty","40° 13.80' N 18° 28.40' E","40°13.8N   018°28.4E","Coastal waters","0",""
"C0005580","1","PROVIDER (IMO 8027652)","PROVIDER (IMO 8027652): ","Antigua and Barbuda","General Cargo","2003-02-19 00:00","","Marine casualty","","Gaveskar approaches, Gothenburg","","0",""
"C0005576","1","BUNGA PELANGI DUA (IMO 9111618)","BUNGA PELANGI DUA (IMO 9111618): ","Malaysia","Container","2003-02-18 00:00","","Marine casualty","","Fos","","0",""
"C0004806","1","KARIN CAT (IMO 8615576)","KARIN CAT (IMO 8615576): ","Denmark","General Cargo","2003-02-18 00:00","","Very serious marine casualty","35° 16.00' N 19° 22.00' E","Mediterranean sea, S. of Sicily","Open sea","2","Denmark; Unknown"
"C0005581","1","SEA PATRON (IMO 7924839)","SEA PATRON (IMO 7924839): ","Malta","General Cargo","2003-02-17 00:00","","Marine casualty","","Strait of Istanbul","","0",""
"C0005575","1","ARCAY (IMO 7363633)","ARCAY (IMO 7363633): ","Spain","Fish Catching","2003-02-16 00:00","","Marine casualty","","S.E. of St. Lawrence, Newfoundland","","0",""
"C0004788","1","TOR I (IMO 7230202)","TOR I (IMO 7230202): ","Tonga","General Cargo","2003-02-16 00:00","","Very serious marine casualty","","180 nm E. of Malta","","0",""
"C0004807","2","GINA R (IMO 7125225), LIEBE","GINA R (IMO 7125225): , LIEBE: ","Antigua and Barbuda, Germany","General Cargo, Fish Catching","2003-02-14 00:00","","Marine incident","","Fehmarn Belt, W. of Puttgarden","","2","Germany; Unknown"
"C0005577","2","DAITOKU MARU NO. 16 (IMO 9033476), NORMAN (IMO 6817601)","DAITOKU MARU NO. 16 (IMO 9033476): , NORMAN (IMO 6817601): ","Japan, Panama","Oil Tanker, Other Bulk Dry","2003-02-12 00:00","","Marine casualty","","Kanmon passage, off Kokura","","0",""
"C0005578","1","GOLIATH (IMO 9036430)","GOLIATH (IMO 9036430): ","Australia","Other Bulk Dry","2003-02-12 00:00","","Marine casualty","","Near Jervis Bay, New South Wales","","2","Australia; Australia"
"C0005570","1","BELEN (IMO 8836041)","BELEN (IMO 8836041): ","Germany","Fish Catching","2003-02-12 00:00","","Marine casualty","","W. of Shetland Islands","","1","Germany"
"C0005579","2","ARKLOW RANGER (IMO 9250438), PEPE RORO","ARKLOW RANGER (IMO 9250438): , PEPE RORO: ","Netherlands (Kingdom of), France","General Cargo, Fish Catching","2003-02-11 00:00","","Very serious marine casualty","","W. of Ile de Re","","0",""
"C0005528","1","CAROLINA A (IMO 7429255)","CAROLINA A (IMO 7429255): ","United Kingdom","Container","2003-02-11 00:00","","Marine casualty","","25 miles N.E. of Minorca Island","","0",""
"C0005573","1","SLEBECH (IMO 7320588)","SLEBECH (IMO 7320588): ","United Kingdom","Fish Catching","2003-02-10 00:00","","Marine casualty","","50 miles off Slyne Head, Irish Republic","","0",""
"C0005133","1","AGIOS DIMITRIOS 7 (IMO 7409097)","AGIOS DIMITRIOS 7 (IMO 7409097): ","Honduras","General Cargo","2003-02-10 00:00","","Very serious marine casualty","","Off Beykoz near Istanbul","","0",""
"C0005529","1","DIANA A (IMO 6724921)","DIANA A (IMO 6724921): ","Bolivia (Plurinational State of)","General Cargo","2003-02-09 00:00","","Marine casualty","","Strait of Istanbul","","0",""
"C0005574","1","ZEKI ARAZ (IMO 7947063)","ZEKI ARAZ (IMO 7947063): ","Türkiye","General Cargo","2003-02-08 00:00","","Marine casualty","","Eregli","","0",""
"C0005571","1","MARINE RELIANCE (IMO 8600179)","MARINE RELIANCE (IMO 8600179): ","Marshall Islands","","2003-02-08 00:00","","Marine casualty","","Bering Sea","","0",""
"C0005568","1","ARCANA","ARCANA: ","United Kingdom","Fish Catching","2003-02-08 00:00","","Marine casualty","","North Sea","","0",""
"C0005567","1","ACUSHNET (IMO 7929683)","ACUSHNET (IMO 7929683): ","Bahamas","Oil Tanker","2003-02-07 00:00","","Marine casualty","","Hatter Barn Bank route T, Samso Belt","","2","Bahamas; Unknown"
"C0005175","1","MOUFTAKH KHEIR 2 (IMO 7939810)","MOUFTAKH KHEIR 2 (IMO 7939810): ","Mauritania","Fish Catching","2003-02-07 00:00","","Very serious marine casualty","","24 kms S.W. of Cape Timiris, Mauritania","","0",""
"C0005167","1","IBERIAN COAST (IMO 7725415)","IBERIAN COAST (IMO 7725415): ","Bahamas","General Cargo","2003-02-07 00:00","","Very serious marine casualty","","Off Antalya, Turkey","","0",""
"C0008142","1","FLIPPER (IMO 8802337)","FLIPPER (IMO 8802337): ","Malta","","2003-02-05 13:00","","Marine incident","36° 32.00' N 27° 34.80' E","Aegan Sea","","0",""
"C0005558","2","CEC FUTURE (IMO 9076351), IRINA D (IMO 7529835)","CEC FUTURE (IMO 9076351): , IRINA D (IMO 7529835): ","Bahamas, Georgia","General Cargo, General Cargo","2003-02-05 00:00","","Marine casualty","","Port of Beirut","","0",""
"C0005564","1","PHAROS (IMO 8120882)","PHAROS (IMO 8120882): ","Liberia","","2003-02-04 00:00","","Marine casualty","","Arrived Tarragona anchorage, Spain","","0",""
"C0005572","1","MR KIRTON","MR KIRTON: ","United States","Fish Catching","2003-02-03 00:00","","Very serious marine casualty","","18 miles S. of Matagorda jetties, Texas","","0",""
"C0004778","1","STRELETS (IMO 8869452)","STRELETS (IMO 8869452): ","Russian Federation","General Cargo","2003-02-03 00:00","","Very serious marine casualty","","Black Sea, 65 miles of coast of Zonguldak region, Turkey","","0",""
"C0005563","1","NASUHI (IMO 8954790)","NASUHI (IMO 8954790): ","Cambodia","General Cargo","2003-02-02 00:00","","Marine casualty","","Karaburun area","","0",""
"C0005560","1","ELANDSGRACHT (IMO 9081332)","ELANDSGRACHT (IMO 9081332): ","Netherlands (Kingdom of)","General Cargo","2003-02-02 00:00","","Marine casualty","","Manuk Island, Banda Sea","","0",""
"C0005566","1","YUZHNIY (IMO 8028591)","YUZHNIY (IMO 8028591): ","Belize","","2003-02-01 00:00","","Marine casualty","","Lubimovka near Sevastopol","","0",""
"C0005172","1","JARVIS (IMO 8867014)","JARVIS (IMO 8867014): ","Malta","General Cargo","2003-02-01 00:00","","Marine casualty","","Outer road of Anapa, Black Sea","","0",""
"C0005141","1","ALLIANCE SPIRIT (IMO 8907400)","ALLIANCE SPIRIT (IMO 8907400): ","Bahamas","Oil Tanker","2003-02-01 00:00","","Marine casualty","","Off Skikda","","2","Bahamas; Unknown"
"C0005569","1","BACH DANG GIANG (IMO 7323762)","BACH DANG GIANG (IMO 7323762): ","Viet Nam","General Cargo","2003-01-31 00:00","","Marine casualty","","Near Hon Phao, Ha Long Bay","","0",""
"C0005565","1","VALBRUNA (IMO 9211999)","VALBRUNA (IMO 9211999): ","Italy","Oil Tanker","2003-01-31 00:00","","Marine casualty","","Off Jean d'Arc beach near Skikda","","0",""
"C0005562","1","KEYMAR (IMO 9058828)","KEYMAR (IMO 9058828): ","Cyprus","Oil Tanker","2003-01-31 00:00","","Marine casualty","","Off Jean d'Arc beach near Skikda","","0",""
"C0005559","2","CIGDEM S (IMO 7621126), SHAIR VIDADI (IMO 7640732)","CIGDEM S (IMO 7621126): , SHAIR VIDADI (IMO 7640732): ","Türkiye, Azerbaijan","Bulk Dry, General Cargo","2003-01-31 00:00","","Marine casualty","","Ahirkapi, Istanbul","","0",""
"C0005561","1","GALAXY (IMO 7713383)","GALAXY (IMO 7713383): ","Greece","Passenger/Ro-Ro Cargo","2003-01-30 00:00","","Marine casualty","","Between Tunis and Genoa","","0",""
"C0005152","1","COUGAR (IMO 7724382)","COUGAR (IMO 7724382): ","Saint Vincent and the Grenadines","General Cargo","2003-01-30 00:00","","Very serious marine casualty","","30 kms N.E. of Cherchell, Algeria","","0",""
"C0004924","1","STENA EUROPE (IMO 7901760)","STENA EUROPE (IMO 7901760): ","United Kingdom","","2003-01-30 00:00","","Marine casualty","","2.1 miles N. N.-W. of Tuskar Rock lighthouse","","2","Unknown; Ireland"
"C0004827","1","PRINCESS EVA (IMO 7908847)","PRINCESS EVA (IMO 7908847): ","Panama","Oil Tanker","2003-01-28 00:00","","Very serious marine casualty","","Approx. 150 miles off N.W. coast of Donegal, Irish Republic","","2","Unknown; Ireland"
"C0005166","1","HORNET (IMO 7124219)","HORNET (IMO 7124219): ","Thailand","General Cargo","2003-01-27 00:00","","Very serious marine casualty","","Off Tanganak Island, Sabah","","0",""
"C0005135","1","NICOLE (IMO 8866606)","NICOLE (IMO 8866606): ","Belize","General Cargo","2003-01-27 00:00","","Very serious marine casualty","","2 miles off Numana near Ancona","","0",""
"C0005586","1","KERSAINT (IMO 9230426)","KERSAINT (IMO 9230426): ","Luxembourg","","2003-01-26 00:00","","Marine casualty","","About 35 kms from St. Petersburg, Russian Federation","","0",""
"C0004825","1","MERCHANT BRAVERY (IMO 7724253)","MERCHANT BRAVERY (IMO 7724253): ","Bahamas","Passenger/Ro-Ro Cargo","2003-01-25 00:00","","Very serious marine casualty","","Dublin port","","2","Unknown; Ireland"
"C0004804","2","ASSI EURO LINK (IMO 7211971), SEAWHEEL RHINE (IMO 7521223)","ASSI EURO LINK (IMO 7211971): , SEAWHEEL RHINE (IMO 7521223): ","Netherlands (Kingdom of), Sweden","Passenger/Ro-Ro Cargo, Passenger/Ro-Ro Cargo","2003-01-25 00:00","","Very serious marine casualty","","North sea","","2","Unknown; Sweden"
"C0005557","1","WHITE SEAL (IMO 7117709)","WHITE SEAL (IMO 7117709): ","Tonga","Passenger/Ro-Ro Cargo","2003-01-24 00:00","","Very serious marine casualty","","180 miles E. of Cape Hatteras, North Atlantic Ocean","","0",""
"C0005552","1","POSEIDON HELLAS (IMO 8966963)","POSEIDON HELLAS (IMO 8966963): ","Greece","","2003-01-23 00:00","","Marine casualty","","After departure from Piraeus","","0",""
"C0005129","2","TOP GLORY (IMO 8307820), VILLE D'ORION (IMO 9125619)","TOP GLORY (IMO 8307820): , VILLE D'ORION (IMO 9125619): ","Hong Kong, China, Germany","Bulk Dry, Container","2003-01-23 00:00","","Marine casualty","","North Pacific Ocean, about 265 nm NNW from Hawaian Island Kauai","Open sea","3","Germany; Hong Kong, China; Unknown"
"C0005545","1","BATOUL A (IMO 7514323)","BATOUL A (IMO 7514323): ","Bahamas","General Cargo","2003-01-22 00:00","","Marine casualty","","Thermaikos Gulf near Thessaloniki","","0",""
"C0005549","1","KONSTANTINOS (IMO 7632448)","KONSTANTINOS (IMO 7632448): ","Cyprus","Bulk Dry","2003-01-22 00:00","","Marine casualty","","Bayonne","","0",""
"C0005556","1","TAMIL NADU (IMO 9107631)","TAMIL NADU (IMO 9107631): ","India","Bulk Dry","2003-01-21 00:00","","Marine casualty","","Guam","","0",""
"C0005546","1","BOW SATURN (IMO 7384845)","BOW SATURN (IMO 7384845): ","Norway","Chemical Tanker","2003-01-21 00:00","","Marine casualty","","Off Hook of Holland","","0",""
"C0005553","1","SPABUNKER CUATRO (IMO 9005792)","SPABUNKER CUATRO (IMO 9005792): ","Spain","Oil Tanker","2003-01-21 00:00","","Very serious marine casualty","","Algeciras Bay","","0",""
"C0005548","1","EMILY C (IMO 9100188)","EMILY C (IMO 9100188): ","Barbados","General Cargo","2003-01-20 00:00","","Marine casualty","","Cardiff","","0",""
"C0005550","1","PIJLGRACHT (IMO 8502470)","PIJLGRACHT (IMO 8502470): ","Netherlands (Kingdom of)","General Cargo","2003-01-20 00:00","","Marine casualty","","New York","","0",""
"C0005551","1","HERNES (IMO 7926095)","HERNES (IMO 7926095): ","Cyprus","General Cargo","2003-01-19 00:00","","Marine casualty","","Gulf of Palermo, Sicily","","0",""
"C0005547","1","EASTERN PRIDE I (IMO 7817816)","EASTERN PRIDE I (IMO 7817816): ","Cambodia","General Cargo","2003-01-19 00:00","","Marine casualty","","E. of Hydra Island","","0",""
"C0004791","1","UNION STAR 88 (IMO 7637400)","UNION STAR 88 (IMO 7637400): ","Indonesia","General Cargo","2003-01-19 00:00","","Very serious marine casualty","","45 kms off Soctrang province, south Vietnam","","0",""
"C0004801","1","GESS G. (IMO 8891936)","GESS G. (IMO 8891936): ","Ukraine","General Cargo","2003-01-18 00:00","","Very serious marine casualty","","13 kms off Cape of Tarkhankut","","0",""
"C0005554","1","TRIAL (IMO 7011101)","TRIAL (IMO 7011101): ","Russian Federation","General Cargo","2003-01-18 00:00","","Marine casualty","","Gulf of Finland","","0",""
"C0004752","1","TWELVE (IMO 8809062)","TWELVE (IMO 8809062): ","Italy","Fish Catching","2003-01-17 00:00","","Very serious marine casualty","","Dakar","","0",""
"C0004775","1","STALEGG SENIOR (IMO 7810129)","STALEGG SENIOR (IMO 7810129): ","Norway","Fish Catching","2003-01-16 00:00","","Very serious marine casualty","","Off Bronnoysund","","0",""
"C0005541","1","OLOVAHA (IMO 8018962)","OLOVAHA (IMO 8018962): ","Tonga","","2003-01-15 00:00","","Marine casualty","","Coral reef near Nukualofa","","0",""
"C0005539","1","JEANETTE MARRIE (IMO 8854457)","JEANETTE MARRIE (IMO 8854457): ","United States","Fish Catching","2003-01-14 00:00","","Marine casualty","","1.5 miles N. of Umpqua River Jetties, Oregon","","0",""
"C0005537","1","ARGANA (IMO 9000728)","ARGANA (IMO 9000728): ","Morocco","General Cargo","2003-01-14 00:00","","Marine casualty","","North Atlantic Ocean","","0",""
"C0005544","1","ANTHEA Y (IMO 8107311)","ANTHEA Y (IMO 8107311): ","Cyprus","Bulk Dry","2003-01-14 00:00","","Marine casualty","","Cementon, Hudson River","","0",""
"C0005543","1","SLOMAN TRAVELLER (IMO 8214401)","SLOMAN TRAVELLER (IMO 8214401): ","Antigua and Barbuda","Passenger/Ro-Ro Cargo","2003-01-12 00:00","","Marine casualty","","Bay of Biscay","","0",""
"C0005555","1","YASMINA (IMO 7603095)","YASMINA (IMO 7603095): ","Saint Vincent and the Grenadines","General Cargo","2003-01-11 00:00","","Marine casualty","","Salerno","","0",""
"C0005500","1","KHADIJEH (IMO 7125263)","KHADIJEH (IMO 7125263): ","Republic of Korea","General Cargo","2003-01-11 00:00","","Very serious marine casualty","","20 miles W. of Lesbos Island, Greece","","0",""
"C0005538","1","GENESIS (IMO 9060156)","GENESIS (IMO 9060156): ","United Kingdom","Fish Catching","2003-01-10 00:00","","Marine casualty","","N.W. of Outer Hebrides, North Atlantic Ocean","","0",""
"C0005131","1","HAPPY FALCON (IMO 9227261)","HAPPY FALCON (IMO 9227261): ","Isle of Man (United Kingdom)","","2003-01-10 00:00","","Very serious marine casualty","","Zeebrugge","","2","United Kingdom; Unknown"
"C0005142","1","AMIRA I (IMO 7394307)","AMIRA I (IMO 7394307): ","Tunisia","General Cargo","2003-01-09 00:00","","Very serious marine casualty","","100 kms S. of Cape Sarych on Crimean coast, Black sea","","0",""
"C0004785","1","ORANJE (IMO 7623150)","ORANJE (IMO 7623150): ","Netherlands (Kingdom of)","Dredging","2003-01-09 00:00","","Very serious marine casualty","","Dubai drydocks","","0",""
"C0005540","1","KM SURYA BARU II","KM SURYA BARU II: ","Unknown","","2003-01-09 00:00","","Very serious marine casualty","","5nm off Tiku Beach, Agam Regency, 95kms N. of Padang, W. Sumatera","","0",""
"C0005542","1","SEA GALE (IMO 9105009)","SEA GALE (IMO 9105009): ","Antigua and Barbuda","Container","2003-01-09 00:00","","Marine casualty","","13nm N.N.W. of entrance to Gulf of Paria","","0",""
"C0005531","2","ANANGEL VENTURE (IMO 8715015), FAIR LADY (IMO 7625055)","ANANGEL VENTURE (IMO 8715015): , FAIR LADY (IMO 7625055): ","Greece, Malta","Bulk Dry, Bulk Dry","2003-01-07 00:00","","Marine casualty","","Lower Mississippi, mile 127","","0",""
"C0005139","1","ALEKSEY VIKHAREV (IMO 7630024)","ALEKSEY VIKHAREV (IMO 7630024): ","Russian Federation","General Cargo","2003-01-05 00:00","","Very serious marine casualty","","Yellow sea","","0",""
"C0005536","1","VIKTORIYA (IMO 7827859)","VIKTORIYA (IMO 7827859): ","Russian Federation","Fish Catching","2003-01-04 00:00","","Very serious marine casualty","","Olga Bay","","0",""
"C0005502","1","KONGSTIND (IMO 7209409)","KONGSTIND (IMO 7209409): ","Norway","General Cargo","2003-01-04 00:00","","Very serious marine casualty","","Off West coast of Norway","","0",""
"C0005532","1","LINK STAR (IMO 8805602)","LINK STAR (IMO 8805602): ","Finland","Passenger/Ro-Ro Cargo","2003-01-02 00:00","","Marine casualty","","Off Rauma","","0",""
"C0005534","1","RENA (IMO 7129829)","RENA (IMO 7129829): ","Antigua and Barbuda","General Cargo","2003-01-02 00:00","","Marine casualty","","Towed into Le Havre","","0",""
"C0005535","1","VERMONTBORG (IMO 9255622)","VERMONTBORG (IMO 9255622): ","Netherlands (Kingdom of)","General Cargo","2003-01-02 00:00","","Marine casualty","","W. of Guernsey","","0",""
"C0005533","1","MED GENERAL IV (IMO 7108681)","MED GENERAL IV (IMO 7108681): ","Cambodia","Bulk Dry","2003-01-01 00:00","","Marine casualty","","Near Kilyos, Black Sea coast, northern mouth of Strait of Istanbul","","0",""
"C0005132","1","VICKY (IMO 7922180)","VICKY (IMO 7922180): ","Türkiye","","2003-01-01 00:00","","Very serious marine casualty","","Crossing of TSS Pas-de-Calais and Westhinder (TRICOLOR wreck)","","1","France"
"C0004138","1","ICE BEAR (IMO 7002538)","ICE BEAR (IMO 7002538): ","Norway","Non-ship structures","2002-12-30 00:00","","Very serious marine casualty","","E. of Iceland","","0",""
"C0004505","1","PRIMO BRUSCO","PRIMO BRUSCO: ","United States","Towing / Pushing","2002-12-30 00:00","","Very serious marine casualty","","Off Coast Range Oregon","","0",""
"C0004177","1","PRESIDENT PIECK (IMO 7532791)","PRESIDENT PIECK (IMO 7532791): ","Russian Federation","Other Fishing","2002-12-29 00:00","","Very serious marine casualty","","South China Sea","","0",""
"C0004504","1","ARGAS","ARGAS: ","Netherlands (Kingdom of)","Non-ship structures","2002-12-27 00:00","","Marine casualty","","Near Terneuzen","","0",""
"C0004503","1","NORTHERN ALASKAN","NORTHERN ALASKAN: ","Russian Federation","Fish Catching","2002-12-25 00:00","","Marine casualty","","Vostochnyy","","0",""
"C0004192","1","THAMRIN (IMO 7112321)","THAMRIN (IMO 7112321): ","Iran (Islamic Republic of)","Non-ship structures","2002-12-25 00:00","","Very serious marine casualty","","Near Lavan Island, Persian Gulf","","0",""
"C0004502","1","NECDET-K (IMO 8202941)","NECDET-K (IMO 8202941): ","Türkiye","General Cargo","2002-12-24 00:00","","Marine casualty","","Dnipro lagoon, Black Sea","","0",""
"C0004076","1","DALARNA (IMO 9165085)","DALARNA (IMO 9165085): ","Cyprus","General Cargo","2002-12-22 10:52","","Marine incident","","On way between Norrsundet and Gavle","Inland waters","2","Unknown; Sweden"
"C0004506","1","ERRADALE (IMO 9041033)","ERRADALE (IMO 9041033): ","Isle of Man (United Kingdom)","Bulk Dry","2002-12-22 00:00","","Marine casualty","","Off Kalundborg, Sjaelland","","0",""
"C0004222","1","CGG MISTRAL (IMO 8715144)","CGG MISTRAL (IMO 8715144): ","Panama","Research","2002-12-20 00:00","","Very serious marine casualty","","","","0",""
"C0006078","2","EBRO (IMO 8513168), P&O NEDLLOYD GENOA (IMO 9168219)","EBRO (IMO 8513168): , P&O NEDLLOYD GENOA (IMO 9168219): ","Portugal, United Kingdom","Chemical Tanker, ","2002-12-19 09:32","","Marine incident","","River Elbe between buoys 78 and 80","River","2","Germany; Germany"
"C0004250","1","HAJ IBRAHIM (IMO 7701275)","HAJ IBRAHIM (IMO 7701275): ","Cambodia","Bulk Dry","2002-12-19 00:00","","Very serious marine casualty","","Tartous","","0",""
"C0004228","2","CHANGJUN NO. 1 (IMO 9034664), YISHENG","CHANGJUN NO. 1 (IMO 9034664): , YISHENG: ","Republic of Korea, Unknown","Non-ship structures, General Cargo","2002-12-17 00:00","","Very serious marine casualty","","Yangtze river, Chongqing municipality","","0",""
"C0004157","1","MARINO PRIMERO (IMO 9014535)","MARINO PRIMERO (IMO 9014535): ","Spain","Fish Catching","2002-12-17 00:00","","Very serious marine casualty","","S. of Walvis Bay, Namibia","","0",""
"C0004499","2","KOTA WIJAYA (IMO 9000869), SKY ACE (IMO 9146247)","KOTA WIJAYA (IMO 9000869): , SKY ACE (IMO 9146247): ","Singapore, Panama","Container, Chemical Tanker","2002-12-17 00:00","","Very serious marine casualty","","Near Laem Chabang, Gulf of Thailand","","1","Singapore"
"C0004196","1","NICOLA (IMO 9195872)","NICOLA (IMO 9195872): ","Netherlands Antilles (Netherlands) [historical]","General Cargo","2002-12-16 00:00","","Marine casualty","","Crossing of TSS Pas-de-Calais and Westhinder (TRIC","","1","France"
"C0004500","1","SOUTHERN MOANA (IMO 9197026)","SOUTHERN MOANA (IMO 9197026): ","Antigua and Barbuda","General Cargo","2002-12-15 00:00","","Marine casualty","","Arrived Noumea, New Caledonia","","0",""
"C0004498","1","NOGAT (IMO 9154268)","NOGAT (IMO 9154268): ","Cyprus","General Cargo","2002-12-14 00:00","","Marine casualty","","Area of Iriquois lock, Ontario, St. Lawrence Seawa","","0",""
"C0004194","1","TRICIA (IMO 8975392)","TRICIA (IMO 8975392): ","Philippines","Passenger/Ro-Ro Cargo","2002-12-14 00:00","","Marine casualty","","1nm off Casiguran, Aurora Province","","0",""
"C0004501","1","THEOPISTI (IMO 6815079)","THEOPISTI (IMO 6815079): ","Greece","Oil Tanker","2002-12-13 00:00","","Marine casualty","","Off Aspropyrgos","","0",""
"C0004488","1","BHARATIDASAN (IMO 8810920)","BHARATIDASAN (IMO 8810920): ","India","Oil Tanker","2002-12-12 00:00","","Marine casualty","","160 miles S.W. of Colombo, Sri Lanka","","0",""
"C0004496","1","DOROTHY TRADER (IMO 8518156)","DOROTHY TRADER (IMO 8518156): ","Antigua and Barbuda","General Cargo","2002-12-12 00:00","","Marine casualty","","English Channel","","0",""
"C0004497","1","ISARSTERN (IMO 9105140)","ISARSTERN (IMO 9105140): ","Isle of Man (United Kingdom)","Chemical Tanker","2002-12-12 00:00","","Marine casualty","","Off Marathon, Ontario, Middle Keys","","0",""
"C0004487","1","ALPHATANK (IMO 8613803)","ALPHATANK (IMO 8613803): ","Liberia","Oil Tanker","2002-12-11 00:00","","Marine casualty","","Suez Canal km 37","","0",""
"C0004492","1","ORIENTAL VENTURE (IMO 9007520)","ORIENTAL VENTURE (IMO 9007520): ","Panama","Oil Tanker","2002-12-10 00:00","","Marine casualty","","Zhoushan","","0",""
"C0004495","1","THEOFILOS S (IMO 7219181)","THEOFILOS S (IMO 7219181): ","Panama","General Cargo","2002-12-10 00:00","","Marine casualty","","Nauplia","","0",""
"C0004158","1","MATTEN (IMO 9130913)","MATTEN (IMO 9130913): ","Antigua and Barbuda","Container","2002-12-10 00:00","","Very serious marine casualty","","South China Sea","","1","Antigua and Barbuda"
"C0004224","2","HONG KONG EXPRESS (IMO 9229843), SARAH GLORY (IMO 9196620)","HONG KONG EXPRESS (IMO 9229843): , SARAH GLORY (IMO 9196620): ","Germany, Panama","Container, Oil Tanker","2002-12-10 00:00","","Marine casualty","","Approach to the Suez Canal, Port Said","","1","Unknown"
"C0006088","1","MA CHO (IMO 9118252)","MA CHO (IMO 9118252): ","Hong Kong, China","","2002-12-09 15:50","","Marine incident","","Devonport, Tasmania","","2","Australia; Australia"
"C0004494","1","SUMATRA (IMO 7916997)","SUMATRA (IMO 7916997): ","Italy","General Cargo","2002-12-09 00:00","","Marine casualty","","Mediterranean Sea","","0",""
"C0004489","1","HEIKE (IMO 9173446)","HEIKE (IMO 9173446): ","Germany","General Cargo","2002-12-09 00:00","","Marine casualty","","Off Land's End, Cornwall","","0",""
"C0004493","1","ROSSOY (IMO 8503084)","ROSSOY (IMO 8503084): ","Norway","General Cargo","2002-12-08 00:00","","Marine casualty","","Stadt , (Towed to Maaloy, Norway)","","0",""
"C0004080","1","SANNI (IMO 6919942)","SANNI (IMO 6919942): ","Tonga","General Cargo","2002-12-06 00:00","","Very serious marine casualty","","Off Rezovo","","0",""
"C0004225","1","CHIL SONG (IMO 8103561)","CHIL SONG (IMO 8103561): ","Democratic People's Republic of Korea","General Cargo","2002-12-05 00:00","","Very serious marine casualty","","Entrance to the port of Hitachi","","0",""
"C0004211","2","BRO AXEL (IMO 9059688), NOORDHINDER (IMO 8410029)","BRO AXEL (IMO 9059688): , NOORDHINDER (IMO 8410029): ","Sweden, Belgium","Non-ship structures, Fish Catching","2002-12-05 00:00","","Marine incident","","Milford Haven","","1","Unknown"
"C0004490","1","HIDIR SELEK (IMO 8103676)","HIDIR SELEK (IMO 8103676): ","Türkiye","Bulk Dry","2002-12-05 00:00","","Marine casualty","","Near South West Pass, mouth of Mississippi River","","0",""
"C0003984","2","AGATE (IMO 8413461), TIAN YU (IMO 8025032)","AGATE (IMO 8413461): , TIAN YU (IMO 8025032): ","Singapore, Panama","Oil Tanker, General Cargo","2002-12-05 00:00","","Very serious marine casualty","","5 miles S.W. of Horsburgh Lighthouse","","1","Singapore"
"C0004491","2","IRINA (IMO 6703654), TURGUT OZAL (IMO 9188867)","IRINA (IMO 6703654): , TURGUT OZAL (IMO 9188867): ","Cambodia, Türkiye","General Cargo, Non-ship structures","2002-12-04 00:00","","Marine casualty","","Off Ahirkapi, Istanbul","","0",""
"C0003976","1","SIERKSDORF (IMO 8211186)","SIERKSDORF (IMO 8211186): ","Antigua and Barbuda","General Cargo","2002-12-02 00:00","","Very serious marine casualty","","Aalborg Portland","Port","2","Antigua and Barbuda; Denmark"
"C0004483","1","KORAS NO. 5 (IMO 7237066)","KORAS NO. 5 (IMO 7237066): ","Republic of Korea","Fish Catching","2002-12-01 00:00","","Very serious marine casualty","","Mar del Plata","","0",""
"C0004484","1","MARIA ENTERPRISE","MARIA ENTERPRISE: ","Belize","Fish Catching","2002-12-01 00:00","","Very serious marine casualty","","Terney, Primorye","","0",""
"C0004485","1","MERCHANT VENTURE (IMO 7619525)","MERCHANT VENTURE (IMO 7619525): ","Isle of Man (United Kingdom)","Passenger/Ro-Ro Cargo","2002-12-01 00:00","","Marine casualty","","Off Bressay, Shetland Islands","","0",""
"C0004092","1","WIND SONG (IMO 8420880)","WIND SONG (IMO 8420880): ","Bahamas","Passenger","2002-12-01 00:00","","Marine casualty","","10 nm off Tahaa, Tahiti","","0",""
"C0004482","2","CHALLENGER (IMO 7612735), FATIH N (IMO 8834940)","CHALLENGER (IMO 7612735): , FATIH N (IMO 8834940): ","Italy, Türkiye","Bulk Dry, General Cargo","2002-11-30 00:00","","Marine casualty","","Strait of Canakkale","","0",""
"C0004486","1","WYNONA","WYNONA: ","Philippines","Non-ship structures","2002-11-28 00:00","","Marine casualty","","Off Pilar, Sorsogon province, Philippines","","0",""
"C0003971","1","IRKA","IRKA: ","Germany","Fish Catching","2002-11-28 00:00","","Marine incident","","Fehmarn Sound area","","1","Unknown"
"C0004476","1","HOLIDAY (IMO 8217881)","HOLIDAY (IMO 8217881): ","Bahamas","Passenger","2002-11-26 00:00","","Marine casualty","","Between Cozumel Island and Playa del Carmen","","0",""
"C0004480","2","HELLENIC STAR (IMO 8806345), WESTERN TRADER (IMO 9031416)","HELLENIC STAR (IMO 8806345): , WESTERN TRADER (IMO 9031416): ","Malta, Antigua and Barbuda","Oil Tanker, General Cargo","2002-11-26 00:00","","Marine casualty","","Botlek, Rotterdam","","0",""
"C0004160","1","MEDITERRANEAN SKY (IMO 5074226)","MEDITERRANEAN SKY (IMO 5074226): ","Greece","Passenger/Ro-Ro Cargo","2002-11-26 00:00","","Marine casualty","","Eleusis","","0",""
"C0004245","1","HAI MU (IMO 7395894)","HAI MU (IMO 7395894): ","China","Fish Catching","2002-11-26 00:00","","Very serious marine casualty","","Pacific Ocean","","0",""
"C0004082","1","KEN TEN (IMO 9156761)","KEN TEN (IMO 9156761): ","Vanuatu","Bulk Dry","2002-11-25 00:00","","Marine incident","","En route from Tauranga (New Zealand) to Kawasaki (","","1","Unknown"
"C0003975","2","HENNY (IMO 9143403), OOCL CANADA (IMO 9112296)","HENNY (IMO 9143403): , OOCL CANADA (IMO 9112296): ","Germany, Hong Kong, China","Container, Container","2002-11-25 00:00","","Marine casualty","","River Elbe, off buoy 116","","1","Unknown"
"C0004481","1","ANTILLES II (IMO 9223667)","ANTILLES II (IMO 9223667): ","Panama","Bulk Dry","2002-11-24 00:00","","Marine casualty","","Point Comfort, Texas","","0",""
"C0004479","1","SOURIS LADY (IMO 8908662)","SOURIS LADY (IMO 8908662): ","Canada","Fish Catching","2002-11-23 00:00","","Marine casualty","","S.S.W. of Cape Race, Newfoundland","","0",""
"C0004243","1","GAZ POEM (IMO 7384481)","GAZ POEM (IMO 7384481): ","Panama","Non-ship structures","2002-11-23 00:00","","Marine casualty","","E. of Hong Kong","","0",""
"C0004172","1","MURMAN (IMO 8612768)","MURMAN (IMO 8612768): ","Russian Federation","Other Fishing","2002-11-21 00:00","","Very serious marine casualty","","Off Andenes","","0",""
"C0004475","1","HANNAH BODEN (IMO 8407034)","HANNAH BODEN (IMO 8407034): ","United States","Fish Catching","2002-11-21 00:00","","Marine casualty","","140 miles off Cape Cod, Massachussets","","0",""
"C0004477","1","POINTE DU CASTEL (IMO 9007104)","POINTE DU CASTEL (IMO 9007104): ","French Antarctic Territory (France)","Chemical Tanker","2002-11-20 00:00","","Marine casualty","","N.W. of Cape Finisterre, Spain","","0",""
"C0004464","1","A. B. LUBECK (IMO 9130212)","A. B. LUBECK (IMO 9130212): ","Antigua and Barbuda","General Cargo","2002-11-20 00:00","","Marine casualty","","New Rotterdam Waterway, near Dophin Green No. 7","","0",""
"C0004203","1","VESTKAPP (IMO 7704722)","VESTKAPP (IMO 7704722): ","Norway","Fish Catching","2002-11-20 00:00","","Very serious marine casualty","","120 nm N. of Tromso, Norway","","0",""
"C0004474","1","GROVE (IMO 7816783)","GROVE (IMO 7816783): ","Ireland","Fish Catching","2002-11-19 11:30","","Marine casualty","","About 25 miles off Erris Head, County Mayo, Irish ","","1","Unknown"
"C0004470","1","MILLENNIUM EAGLE (IMO 9111228)","MILLENNIUM EAGLE (IMO 9111228): ","Philippines","General Cargo","2002-11-19 00:00","","Marine casualty","","South China Sea","","0",""
"C0004465","1","AUTOFREIGHTER (IMO 7533393)","AUTOFREIGHTER (IMO 7533393): ","Norway","Non-ship structures","2002-11-18 00:00","","Marine casualty","","Konigsforde siding, Kiel Canal","","0",""
"C0004141","1","IVAN KASATKIN (IMO 8974051)","IVAN KASATKIN (IMO 8974051): ","Russian Federation","Fish Catching","2002-11-18 00:00","","Very serious marine casualty","","Tatarskiy Strait, 180 kms off Kholmsk, Sakhalin Is","","0",""
"C0004142","1","IXKOTE (IMO 7228077)","IXKOTE (IMO 7228077): ","United Kingdom","Fish Catching","2002-11-18 00:00","","Very serious marine casualty","","North Atlantic Ocean","","1","United Kingdom"
"C0004469","1","LU XUN (IMO 8513716)","LU XUN (IMO 8513716): ","China","General Cargo","2002-11-17 00:00","","Marine casualty","","N.W. of Hook of Holland, Netherlands","","0",""
"C0004472","1","PINDAR (IMO 8315657)","PINDAR (IMO 8315657): ","Bahamas","Non-ship structures","2002-11-15 20:20","","Marine casualty","","S.W. of Gothenburg","","1","Unknown"
"C0004466","1","BBC COLOMBIA (IMO 8611946)","BBC COLOMBIA (IMO 8611946): ","Antigua and Barbuda","General Cargo","2002-11-15 00:00","","Marine casualty","","Bruntsbuttel","","0",""
"C0004344","1","MUIRNEAG (IMO 7725362)","MUIRNEAG (IMO 7725362): ","United Kingdom","Passenger/Ro-Ro Cargo","2002-11-15 00:00","","Marine casualty","","Ullapool/Loch Broom area, Scotland","","0",""
"C0003987","1","NOTTINGHAM PRINCESS","NOTTINGHAM PRINCESS: ","United Kingdom","Passenger","2002-11-15 00:00","","Marine incident","","Trent bridge, River Trent, Nottingham","","1","Unknown"
"C0003989","1","GELFO (IMO 7525437)","GELFO (IMO 7525437): ","Panama","General Cargo","2002-11-14 00:00","","Very serious marine casualty","","23 miles off Safi, Morocco","","0",""
"C0004471","1","PAROS (IMO 7214600)","PAROS (IMO 7214600): ","Malta","Oil Tanker","2002-11-14 00:00","","Marine casualty","","Off La Plata, Argentina","","0",""
"C0004070","1","SEA TREK (IMO 7308671)","SEA TREK (IMO 7308671): ","United States","Fish Catching","2002-11-13 00:00","","Very serious marine casualty","","8 miles S.E. of Gloucester harbour, Massachusetts","","0",""
"C0003367","1","PRESTIGE (IMO 7372141)","PRESTIGE (IMO 7372141): ","Bahamas","Oil Tanker","2002-11-13 00:00","","Very serious marine casualty","","approx. 30 miles of Cape Finisterre","","7","Bahamas; Bahamas; Spain; Spain; Spain; France; France"
"C0004343","1","VARNADIEP (IMO 9263540)","VARNADIEP (IMO 9263540): ","Netherlands (Kingdom of)","General Cargo","2002-11-12 00:00","","Marine incident","","North Atlantic Ocean, W. of Cabo Villano, Spain","","0",""
"C0004461","1","STATTGUTT (IMO 7727437)","STATTGUTT (IMO 7727437): ","Norway","Fish Catching","2002-11-12 00:00","","Marine casualty","","E. of Shetland Islands","","0",""
"C0004463","1","ZUMAYA","ZUMAYA: ","Spain","Fish Catching","2002-11-11 00:00","","Very serious marine casualty","","North Atlantic Ocean","","0",""
"C0004457","1","ALANE MARIE","ALANE MARIE: ","United States","Fish Catching","2002-11-11 00:00","","Very serious marine casualty","","Off E. coast of Florida","","0",""
"C0004459","1","HANJIN PENNSYLVANIA (IMO 9232096)","HANJIN PENNSYLVANIA (IMO 9232096): ","Liberia","Container","2002-11-11 00:00","","Very serious marine casualty","","Indian Ocean, about 88 miles S.E. of Dondra Head, ","","0",""
"C0004240","1","FEI YUN LING (IMO 7518680)","FEI YUN LING (IMO 7518680): ","China","General Cargo","2002-11-11 00:00","","Very serious marine casualty","","270 kms S. of Naha, Okinawa prefecture, Japan","","0",""
"C0005638","1","JENCLIPPER (IMO 7424023)","JENCLIPPER (IMO 7424023): ","DIS (Denmark)","General Cargo","2002-11-10 15:00","","Marine incident","58° 59.60' N 2° 06.60' E","North Sea","Open sea","0",""
"C0004458","1","GROUPAMA","GROUPAMA: ","Unknown","Non-ship structures","2002-11-10 00:00","","Marine casualty","","25 miles off Morlaix, Brittany","","0",""
"C0003990","1","GENEI MARU NO. 7 (IMO 8842753)","GENEI MARU NO. 7 (IMO 8842753): ","Japan","Fish Catching","2002-11-10 00:00","","Marine casualty","","Kazakof bay, Afognak Island, Alaska","","0",""
"C0004029","1","ALEXANDROS (IMO 5117298)","ALEXANDROS (IMO 5117298): ","Greece","Towing / Pushing","2002-11-07 00:00","","Marine casualty","","1 nm off Thessaloniki","","0",""
"C0004460","1","ICE FERN (IMO 8818972)","ICE FERN (IMO 8818972): ","Cayman Islands (United Kingdom)","Refrigerated Cargo","2002-11-07 00:00","","Marine casualty","","Ponta Delgada area, Azores","","0",""
"C0004066","1","CAPT. MORGAN","CAPT. MORGAN: ","United States","Towing / Pushing","2002-11-07 00:00","","Very serious marine casualty","","North Charleston, South Carolina","","0",""
"C0004233","1","DNEPROVETS-6 (IMO 8935275)","DNEPROVETS-6 (IMO 8935275): ","Ukraine","General Cargo","2002-11-06 00:00","","Very serious marine casualty","","Off Ust-Dunaysk","","0",""
"C0004030","1","ASIA NO. 1 (IMO 7527409)","ASIA NO. 1 (IMO 7527409): ","Republic of Korea","Oil Tanker","2002-11-04 08:45","","Very serious marine casualty","34° 22.00' N 124° 08.00' E","60 miles S.E. of Hong-do","","2","Republic of Korea; Republic of Korea"
"C0005640","1","SIXTUS (IMO 7102649)","SIXTUS (IMO 7102649): ","DIS (Denmark)","General Cargo","2002-11-04 04:40","","Marine casualty","49° 52.00' N 5° 57.00' W","The Channel","Open sea","0",""
"C0004237","1","ELITE GLORY (IMO 7725180)","ELITE GLORY (IMO 7725180): ","Panama","General Cargo","2002-11-04 00:00","","Very serious marine casualty","","South China Sea","","0",""
"C0004091","1","YUAN DONG (IMO 6419277)","YUAN DONG (IMO 6419277): ","Cambodia","General Cargo","2002-11-04 00:00","","Very serious marine casualty","","30 nm W. of Hainan Island, China","","0",""
"C0004468","1","HAYAKITA MARU (IMO 8812617)","HAYAKITA MARU (IMO 8812617): ","Japan","General Cargo","2002-11-04 00:00","","Marine casualty","","8.6 miles from Shioyashi lighthouse","","0",""
"C0003969","1","ICE BIRD (IMO 8915524)","ICE BIRD (IMO 8915524): ","Cayman Islands (United Kingdom)","Refrigerated Cargo","2002-11-03 14:55","","Very serious marine casualty","","Lerwick harbour, Shetland Islands","","1","Unknown"
"C0004473","1","TIAN YANG","TIAN YANG: ","China","Fish Catching","2002-11-03 00:00","","Very serious marine casualty","","Near Singapore","","0",""
"C0004453","1","CLARE (IMO 7214727)","CLARE (IMO 7214727): ","Norway","Passenger/Ro-Ro Cargo","2002-11-03 00:00","","Marine casualty","","North Sea","","0",""
"C0004455","1","MASOHI STAR","MASOHI STAR: ","Indonesia","Non-ship structures","2002-11-03 00:00","","Very serious marine casualty","","Off Ambon","","0",""
"C0004456","1","SIXTUS (IMO 7102649)","SIXTUS (IMO 7102649): ","Denmark","General Cargo","2002-11-02 00:00","","Marine casualty","","S. of Cornwall","","0",""
"C0004179","1","QUADRA (IMO 6615479)","QUADRA (IMO 6615479): ","Unknown","Research","2002-11-01 00:00","","Very serious marine casualty","","North Pacific Ocean","","0",""
"C0004059","1","AURIGA III (IMO 8808953)","AURIGA III (IMO 8808953): ","United Kingdom","Fish Catching","2002-10-31 00:00","","Very serious marine casualty","","40 miles off Tyne Estuary, England","","1","United Kingdom"
"C0004341","1","DREAM (IMO 7304572)","DREAM (IMO 7304572): ","Cambodia","General Cargo","2002-10-31 00:00","","Marine incident","","Tatarskiy Strait","","0",""
"C0004450","1","NOS TERRA (IMO 5203970)","NOS TERRA (IMO 5203970): ","Cambodia","General Cargo","2002-10-29 00:00","","Marine casualty","","North Atlantic Ocean, 370 miles N.E. of Bermuda","","0",""
"C0004449","1","GOKAY-K (IMO 8604773)","GOKAY-K (IMO 8604773): ","Türkiye","General Cargo","2002-10-27 00:00","","Marine casualty","","Strait of Canakkale","","0",""
"C0004443","1","BARBAROS KIRAN (IMO 7433684)","BARBAROS KIRAN (IMO 7433684): ","Türkiye","Bulk Dry","2002-10-27 00:00","","Marine casualty","","North Atlantic Ocean, W. of Brittany","","0",""
"C0003986","2","HMS ST ALBANS, PRIDE OF PORTSMOUTH (IMO 8712520)","HMS ST ALBANS: , PRIDE OF PORTSMOUTH (IMO 8712520): ","United Kingdom, United Kingdom","Non-ship structures, Non-ship structures","2002-10-27 00:00","","Marine casualty","","Fountain lake jetty 1 berth, Portsmouth harbour","","1","Unknown"
"C0004058","1","ASSEBURG (IMO 8104589)","ASSEBURG (IMO 8104589): ","Antigua and Barbuda","General Cargo","2002-10-26 00:00","","Very serious marine casualty","","North Atlantic Ocean","","1","Antigua and Barbuda"
"C0004452","1","SENORITA (IMO 8324385)","SENORITA (IMO 8324385): ","Norway","Bulk Dry","2002-10-26 00:00","","Marine casualty","","Km 77, River Uruguay","","0",""
"C0004340","1","BARAKAT (IMO 7104441)","BARAKAT (IMO 7104441): ","Saudi Arabia","Non-ship structures","2002-10-26 00:00","","Marine casualty","","Towed to Hook of Holland","","0",""
"C0004444","1","BOTHNIA STONE (IMO 8419128)","BOTHNIA STONE (IMO 8419128): ","Cyprus","General Cargo","2002-10-25 00:00","","Marine casualty","","About 35 miles S. of Start Point, English Channel","","0",""
"C0004446","1","EMMA (IMO 8509014)","EMMA (IMO 8509014): ","Antigua and Barbuda","General Cargo","2002-10-25 00:00","","Marine casualty","","Off Egersund, Norway","","0",""
"C0004448","2","DILIGENCE (IMO 7391240), SUN SUMA (IMO 7631511)","DILIGENCE (IMO 7391240): , SUN SUMA (IMO 7631511): ","United States, Bahamas","Oil Tanker, General Cargo","2002-10-24 00:00","","Marine casualty","","Port Arthur, Texas","","0",""
"C0004445","1","DAWN MERCHANT (IMO 9147291)","DAWN MERCHANT (IMO 9147291): ","United Kingdom","Non-ship structures","2002-10-24 00:00","","Marine casualty","","Dover","","0",""
"C0004435","1","ANDERS ROUSING (IMO 7826374)","ANDERS ROUSING (IMO 7826374): ","DIS (Denmark)","General Cargo","2002-10-24 00:00","","Marine casualty","","Kalmar Sound","Coastal waters","0",""
"C0004462","2","Shinko Maru (IMO 7214650), Takayoshi Maru","Shinko Maru (IMO 7214650): , Takayoshi Maru: ","Japan, Japan","Passenger/Ro-Ro Cargo, Fish Catching","2002-10-24 00:00","","Marine casualty","33° 58.90' N 131° 44.70' E","0.5 km of Tokuyama, Honshu","Coastal waters","0",""
"C0004202","1","VENUS (IMO 7028207)","VENUS (IMO 7028207): ","Lebanon","General Cargo","2002-10-24 00:00","","Very serious marine casualty","","Near Leghorn (Livorno)","","0",""
"C0004439","1","INDONESIA STAR (IMO 7709904)","INDONESIA STAR (IMO 7709904): ","Malta","Container","2002-10-23 18:00","","Marine casualty","11° 25.30' N 79° 11.30' W","80 miles E. of Panama","Open sea","0",""
"C0004442","1","AN CAPALL BAN (IMO 9216016)","AN CAPALL BAN (IMO 9216016): ","Ireland","Fish Catching","2002-10-23 00:00","","Marine casualty","","North Atlantic Ocean, W. of St. Nazaire","","0",""
"C0004447","1","ILSE (IMO 8115291)","ILSE (IMO 8115291): ","Panama","Bulk Dry","2002-10-23 00:00","","Marine casualty","","North Atlantic Ocean","","0",""
"C0004075","1","MERMAID II (IMO 7214002)","MERMAID II (IMO 7214002): ","Panama","Non-ship structures","2002-10-23 00:00","","Marine casualty","","Off Vastervik","","1","Unknown"
"C0003977","1","URZELA (IMO 7932898)","URZELA (IMO 7932898): ","Hong Kong, China","Non-ship structures","2002-10-23 00:00","","Marine casualty","","Approx. 2 miles access channel Macao outer Harbour","","1","Unknown"
"C0004162","1","MERCURY-2 (IMO 8212556)","MERCURY-2 (IMO 8212556): ","Azerbaijan","Passenger/Ro-Ro Cargo","2002-10-22 00:00","","Very serious marine casualty","40° 06.00' N 51° 29.00' E","80 miles off Baku, Caspian Sea","Open sea","1","Azerbaijan"
"C0004244","1","GEORGIOS S (IMO 7803853)","GEORGIOS S (IMO 7803853): ","Panama","General Cargo","2002-10-22 00:00","","Very serious marine casualty","","220 kms S.W. of Penmarc'h Point, Brittany","","0",""
"C0004242","1","GALAXY (IMO 7645689)","GALAXY (IMO 7645689): ","United States","Fish Catching","2002-10-21 00:00","","Very serious marine casualty","","Bering Sea, 30 nm S.W. of St Paul Island, Alaska","","0",""
"C0004342","1","TRILLEMUS","TRILLEMUS: ","Unknown","","2002-10-19 00:00","","Marine casualty","","Approx. 20 miles W. of Capelinhos, Faial Island, A","","0",""
"C0004436","1","CENTURY LUCK (IMO 8310281)","CENTURY LUCK (IMO 8310281): ","Saint Vincent and the Grenadines","General Cargo","2002-10-19 00:00","","Marine casualty","","Near Aleksandrovsk-Sakhalinskiy","","0",""
"C0004438","1","FLINTERZEE (IMO 9155896)","FLINTERZEE (IMO 9155896): ","Netherlands (Kingdom of)","General Cargo","2002-10-19 00:00","","Marine casualty","","Gulf of Bothnia","","0",""
"C0004049","1","ACCORD (IMO 8874172)","ACCORD (IMO 8874172): ","Republic of Korea","Chemical Tanker","2002-10-19 00:00","","Very serious marine casualty","","Zhousan city, Shengsi area, Zhejiang province","","0",""
"C0004440","1","JENCLIPPER (IMO 7424023)","JENCLIPPER (IMO 7424023): ","Denmark","General Cargo","2002-10-18 00:00","","Marine casualty","","S.E. of Orkney Islands, Scotland","","0",""
"C0004441","1","MOL CARIBE (IMO 9141699)","MOL CARIBE (IMO 9141699): ","Cyprus","General Cargo","2002-10-18 00:00","","Marine casualty","","Manzanillo","","0",""
"C0004467","1","FREIJA (IMO 8606707)","FREIJA (IMO 8606707): ","Latvia","Fish Catching","2002-10-18 00:00","","Marine casualty","","Harbour Grace marina, Newfoundland","","0",""
"C0004437","1","DENDRO GOLD (IMO 8203804)","DENDRO GOLD (IMO 8203804): ","Singapore","Oil Tanker","2002-10-16 00:00","","Marine casualty","","Off Nicobar Islands","","0",""
"C0004451","1","OTONG KOSASIH (IMO 7518537)","OTONG KOSASIH (IMO 7518537): ","Indonesia","Bulk Dry","2002-10-15 00:00","","Marine casualty","","Musi River near Palembang, Sumatera","","0",""
"C0004426","1","DVINA (IMO 8711734)","DVINA (IMO 8711734): ","Russian Federation","Oil Tanker","2002-10-15 00:00","","Marine casualty","","85nm W.S.W. of Pointe de Penmarc'h, Brittany","","0",""
"C0004427","1","NADI (IMO 6415661)","NADI (IMO 6415661): ","Tonga","General Cargo","2002-10-15 00:00","","Marine casualty","","Lughaye","","0",""
"C0004148","1","KAMSING-1 (IMO 8967034)","KAMSING-1 (IMO 8967034): ","Russian Federation","Fish Catching","2002-10-15 00:00","","Very serious marine casualty","","East coast of Kamchatka, Russian Federation","","0",""
"C0004074","1","MEG (IMO 9066057)","MEG (IMO 9066057): ","Russian Federation","General Cargo","2002-10-15 00:00","","Marine casualty","","S. of the lighthouse Faludden, S.E. of Gotland isl","","1","Sweden"
"C0004454","1","ENERGY RANGER (IMO 9117325)","ENERGY RANGER (IMO 9117325): ","Isle of Man (United Kingdom)","Bulk Dry","2002-10-14 00:00","","Marine casualty","","Coatzacoalcos","","0",""
"C0004432","1","PHAYAO NAVEE (IMO 7807976)","PHAYAO NAVEE (IMO 7807976): ","Thailand","General Cargo","2002-10-14 00:00","","Marine casualty","","English Channel","","0",""
"C0004431","1","PETROBRAS XXXIV (IMO 5284211)","PETROBRAS XXXIV (IMO 5284211): ","Panama","Non-ship structures","2002-10-13 00:00","","Marine incident","","Barracuda Field, Campos Basin","","0",""
"C0004428","2","CANADIAN PROSPECTOR (IMO 5426663), STELLANOVA (IMO 9085730)","CANADIAN PROSPECTOR (IMO 5426663): , STELLANOVA (IMO 9085730): ","Canada, Netherlands (Kingdom of)","Bulk Dry, Non-ship structures","2002-10-12 19:09","","Marine casualty","","St. Lawrence Seaway, Quebec","","2","Canada; Canada"
"C0004140","1","ISFELL (IMO 7007083)","ISFELL (IMO 7007083): ","Norway","General Cargo","2002-10-11 00:00","","Very serious marine casualty","","Off Egersund, Norway","","0",""
"C0004190","1","TERESA MARIE IV (IMO 8855530)","TERESA MARIE IV (IMO 8855530): ","United States","Fish Catching","2002-10-10 00:00","","Very serious marine casualty","","60 miles E. of Portland, Maine","","0",""
"C0004429","1","KENAI (IMO 7408093)","KENAI (IMO 7408093): ","United States","Oil Tanker","2002-10-10 00:00","","Marine casualty","","Prince William Sound, Alaska","","0",""
"C0003970","1","STADT ARNIS","STADT ARNIS: ","Germany","Towing / Pushing","2002-10-10 00:00","","Marine incident","","Dahmeshöved","","1","Unknown"
"C0003368","1","P&OSL AQUITAINE (IMO 8908466)","P&OSL AQUITAINE (IMO 8908466): ","United Kingdom","Non-ship structures","2002-10-09 00:00","","Very serious marine casualty","","Dover Harbour, western docks","","1","United Kingdom"
"C0004430","1","NOBLE JOHN SANDIFER","NOBLE JOHN SANDIFER: ","United States","Non-ship structures","2002-10-09 00:00","","Marine casualty","","Block 305, Eugene Island, Gulf of Mexico","","0",""
"C0004433","1","SC ABERDEEN (IMO 7800540)","SC ABERDEEN (IMO 7800540): ","Bahamas","Passenger/Ro-Ro Cargo","2002-10-09 00:00","","Marine casualty","","North Sea, diverted to Dundee, Scotland","","0",""
"C0004423","1","OLYMPIA VOYAGER (IMO 9183506)","OLYMPIA VOYAGER (IMO 9183506): ","Greece","Passenger","2002-10-08 00:00","","Marine casualty","","Reef off Patmos","","0",""
"C0004424","1","TAI PING (IMO 9086784)","TAI PING (IMO 9086784): ","Hong Kong, China","Bulk Dry","2002-10-08 00:00","","Marine casualty","","Bluff","","0",""
"C0004339","2","DANICA WHITE (IMO 8401157), HEMO (IMO 7429279)","DANICA WHITE (IMO 8401157): , HEMO (IMO 7429279): ","Denmark, Antigua and Barbuda","General Cargo, General Cargo","2002-10-07 00:00","","Marine casualty","","Grove Wharf","","0",""
"C0004186","1","SKUDE JURA (IMO 7342146)","SKUDE JURA (IMO 7342146): ","Norway","Fish Catching","2002-10-07 00:00","","Very serious marine casualty","","Off snofjord, Norway","","0",""
"C0004229","1","CHRISTEL L (IMO 5071652)","CHRISTEL L (IMO 5071652): ","Unknown","General Cargo","2002-10-06 00:00","","Very serious marine casualty","","Port of Spain","","0",""
"C0004236","2","Eiwa Maru, Ever Reward (IMO 9055462)","Eiwa Maru: , Ever Reward (IMO 9055462): ","Japan, Panama","Chemical Tanker, Container","2002-10-05 00:00","","Marine casualty","34° 34.60' N 138° 38.30' E","20 miles off Izu Peninsula, Japan","Coastal waters","0",""
"C0004420","1","AMELIA DESGAGNES (IMO 7411167)","AMELIA DESGAGNES (IMO 7411167): ","Canada","General Cargo","2002-10-05 00:00","","Marine casualty","","N.E. of Port Hope Simpson, Newfoundland","","0",""
"C0004407","2","ROWAN HOUSTON, UNKNOWN","ROWAN HOUSTON: , UNKNOWN: ","Panama, Unknown","Non-ship structures, ","2002-10-04 00:00","","Very serious marine casualty","","Offshore Louisiana","","0",""
"C0004338","1","DOLPHIN 105","DOLPHIN 105: ","United States","Non-ship structures","2002-10-04 00:00","","Marine casualty","","Gulf of Mexico","","0",""
"C0004168","1","NORTE (IMO 7624219)","NORTE (IMO 7624219): ","Panama","General Cargo","2002-10-04 00:00","","Marine casualty","","Off Olbia, Sardinia, Italy","","0",""
"C0004421","1","HUA DI (IMO 7632656)","HUA DI (IMO 7632656): ","Malta","General Cargo","2002-10-03 00:00","","Marine casualty","","Off Solomon Islands","","0",""
"C0004425","1","WAVERLEY (IMO 5386954)","WAVERLEY (IMO 5386954): ","United Kingdom","Non-ship structures","2002-10-03 00:00","","Marine casualty","","1.5 miles S.E. of Scars Elbow buoy, River Thames","","0",""
"C0004416","1","NORRVIK (IMO 7711907)","NORRVIK (IMO 7711907): ","Isle of Man (United Kingdom)","General Cargo","2002-10-02 00:00","","Marine casualty","","Outside Oxelosund","","0",""
"C0004089","1","VOSTOCHNYY (IMO 9100918)","VOSTOCHNYY (IMO 9100918): ","Russian Federation","Fish Catching","2002-10-02 00:00","","Very serious marine casualty","","Tatarskiy Strait","","0",""
"C0004137","1","Hual Europe (IMO 9191888)","Hual Europe (IMO 9191888): ","Bahamas","Ro-Ro Cargo","2002-10-01 19:00","","Very serious marine casualty","34° 40.80' N 139° 27.00' E","50 m off port of Habu, Oshima Island","Coastal waters","1","Bahamas"
"C0004414","1","CORSAR (IMO 9183427)","CORSAR (IMO 9183427): ","Germany","Container","2002-10-01 00:00","","Marine casualty","","English Channel","","0",""
"C0004406","1","HUAL TRUBADOUR (IMO 7900211)","HUAL TRUBADOUR (IMO 7900211): ","Norway","Non-ship structures","2002-10-01 00:00","","Marine casualty","","Coral reef "Mouchoir Carre", S. of channel Pointe ","","0",""
"C0004337","1","Diamond Princess","Diamond Princess: ","Unknown","Passenger","2002-10-01 00:00","","Marine casualty","32° 44.30' N 129° 51.50' E","Nagasaki, Kyushu","At berth","0",""
"C0004422","1","MOREJARL (IMO 9257450)","MOREJARL (IMO 9257450): ","Norway","Non-ship structures","2002-09-30 00:00","","Marine casualty","","W. of Fjellvaer Island, outside Hitra","","0",""
"C0004417","1","ROUSTEL (IMO 7422532)","ROUSTEL (IMO 7422532): ","Bahamas","General Cargo","2002-09-30 00:00","","Marine casualty","","S.W. of Ile d'Ouessant, France","","0",""
"C0004167","1","MOON LAKE (IMO 8867404)","MOON LAKE (IMO 8867404): ","Honduras","General Cargo","2002-09-30 00:00","","Very serious marine casualty","","Off Varna roads","","0",""
"C0004057","1","ARON","ARON: ","Iceland","Fish Catching","2002-09-30 00:00","","Very serious marine casualty","","25 nm N. of Grimsey","","1","Iceland"
"C0004413","1","CANMAR VICTORY (IMO 7718656)","CANMAR VICTORY (IMO 7718656): ","Bermuda (United Kingdom)","Container","2002-09-28 00:00","","Marine casualty","","Deschambault, River St. Lawrence, 30 miles W. of Q","","0",""
"C0004418","2","SEA ROSE, SHOTOKU MARU NO. 1","SEA ROSE: , SHOTOKU MARU NO. 1: ","Unknown, Japan",", Fish Catching","2002-09-27 00:00","","Marine casualty","","34 kms N.W. of Cape Saruyama, Ishikawa prefecture,","","0",""
"C0004154","1","LE JOOLA (IMO 9019901)","LE JOOLA (IMO 9019901): ","Senegal","Non-ship structures","2002-09-26 23:00","","Very serious marine casualty","","Approx. 43 kms off Banjul, Gambian coast","","1","Unknown"
"C0004419","1","WILD LILY (IMO 7709710)","WILD LILY (IMO 7709710): ","Panama","Non-ship structures","2002-09-26 00:00","","Marine casualty","","Off Immingham","","0",""
"C0003983","1","DENEB (IMO 7716220)","DENEB (IMO 7716220): ","Singapore","General Cargo","2002-09-26 00:00","","Very serious marine casualty","","Montoir port terminal, Brittany","","1","Unknown"
"C0004359","1","DORIS T (IMO 7626748)","DORIS T (IMO 7626748): ","Antigua and Barbuda","General Cargo","2002-09-23 00:00","","Marine casualty","","S. of Makronisi Island","","0",""
"C0004227","1","FIONA R II (IMO 7034763)","FIONA R II (IMO 7034763): ","Guyana","General Cargo","2002-09-23 00:00","","Very serious marine casualty","","Between Guyana and St Vincent","","0",""
"C0004136","1","HIDIR BEY (IMO 8114431)","HIDIR BEY (IMO 8114431): ","Türkiye","Bulk Dry","2002-09-23 00:00","","Very serious marine casualty","","130 miles off Trincomalee, Sri Lanka","","0",""
"C0004360","1","EGYPT STAR (IMO 8024155)","EGYPT STAR (IMO 8024155): ","Egypt","General Cargo","2002-09-22 00:00","","Marine casualty","","N. of Samos, Greece","","0",""
"C0004412","1","GOLIATH (IMO 9036430)","GOLIATH (IMO 9036430): ","Australia","Other Bulk Dry","2002-09-22 00:00","","Marine casualty","","S. of Cape Howe, Australia","","2","Australia; Australia"
"C0004223","1","CONGENER (IMO 7625512)","CONGENER (IMO 7625512): ","United Kingdom","Fish Catching","2002-09-21 00:00","","Very serious marine casualty","","30 miles N. of Scilly Isles","","1","United Kingdom"
"C0004358","1","BERND (IMO 6724153)","BERND (IMO 6724153): ","Germany","Oil Tanker","2002-09-21 00:00","","Marine casualty","","North Sea","","0",""
"C0004083","1","LONESTAR HORIZON","LONESTAR HORIZON: ","Vanuatu","Non-ship structures","2002-09-20 00:00","","Marine incident","","Ciudad del Carmen harbour, Mexico","","0",""
"C0004088","1","VOLSTAD VIKING (IMO 7425194)","VOLSTAD VIKING (IMO 7425194): ","Norway","Fish Catching","2002-09-20 00:00","","Very serious marine casualty","","Near Greenland","","0",""
"C0004666","1","NELLY (IMO 7052404)","NELLY (IMO 7052404): ","Antigua and Barbuda","General Cargo","2002-09-18 00:00","","Marine casualty","","Kiel Canal Embankment, Gross-Nordsee siding","","0",""
"C0004352","2","ALFA BRITANNIA (IMO 9154232), KATRINE KROG (IMO 6922779)","ALFA BRITANNIA (IMO 9154232): , KATRINE KROG (IMO 6922779): ","Bahamas, Denmark","Oil Tanker, General Cargo","2002-09-16 00:00","","Marine casualty","","Off Hook of Holland","","0",""
"C0004353","1","SILVER SWAN","SILVER SWAN: ","Unknown","Non-ship structures","2002-09-15 00:00","","Very serious marine casualty","","Dubai","","0",""
"C0004354","1","WESTER TILL (IMO 8518584)","WESTER TILL (IMO 8518584): ","Antigua and Barbuda","General Cargo","2002-09-15 00:00","","Marine casualty","","S. of Beachy Head","","0",""
"C0004073","1","GREEN HOPE (IMO 9261750)","GREEN HOPE (IMO 9261750): ","Panama","Bulk Dry","2002-09-15 00:00","","Marine incident","","Port Tauranga","","1","Unknown"
"C0007054","1","TAMARA","TAMARA: ","Australia","Fish Catching","2002-09-14 00:00","","Very serious marine casualty","","Near Moreton Island, Queensland","","2","Australia; Unknown"
"C0004350","1","BONASIA (IMO 8400256)","BONASIA (IMO 8400256): ","Cyprus","Bulk Dry","2002-09-13 00:00","","Marine casualty","","Arabian Sea","","0",""
"C0004238","2","EUN BONG (IMO 8967010), UNKNOWN","EUN BONG (IMO 8967010): , UNKNOWN: ","Democratic People's Republic of Korea, Unknown","General Cargo, ","2002-09-13 00:00","","Very serious marine casualty","","Sea of Japan","","0",""
"C0004667","1","PHU XUAN (IMO 8201715)","PHU XUAN (IMO 8201715): ","Viet Nam","Container","2002-09-13 00:00","","Marine casualty","","Malacca Strait","","0",""
"C0004434","1","TUXPAN REEF (IMO 9106962)","TUXPAN REEF (IMO 9106962): ","Antigua and Barbuda","General Cargo","2002-09-13 00:00","","Marine casualty","","Gulf of Mexico","","0",""
"C0004178","1","QIN YOU 4 (IMO 8830657)","QIN YOU 4 (IMO 8830657): ","China","Oil Tanker","2002-09-11 00:00","","Very serious marine casualty","","Off Shantou, Guangdong","","0",""
"C0003965","1","SEA MARINER (IMO 9018660)","SEA MARINER (IMO 9018660): ","Cyprus","Oil Tanker","2002-09-11 00:00","","Marine casualty","55° 47.81' N 12° 41.55' E","The Sound, off Taarbaek","Anchorage","1","Denmark"
"C0004145","1","JOLLY RUBINO (IMO 7708261)","JOLLY RUBINO (IMO 7708261): ","Italy","Passenger/Ro-Ro Cargo","2002-09-10 00:00","","Very serious marine casualty","","22 miles off Richards Bay, South Africa","","0",""
"C0004357","1","URTE (IMO 7525592)","URTE (IMO 7525592): ","Antigua and Barbuda","General Cargo","2002-09-09 00:00","","Marine casualty","","River Humber entrance","","0",""
"C0004355","1","HATSU ELITE (IMO 9241281)","HATSU ELITE (IMO 9241281): ","United Kingdom","Container","2002-09-07 00:00","","Marine casualty","","South of Japan","","0",""
"C0004415","1","MUSUNG PIONEER (IMO 8408674)","MUSUNG PIONEER (IMO 8408674): ","Republic of Korea","General Cargo","2002-09-07 00:00","","Marine casualty","","Wenzhou Bay","","0",""
"C0004176","1","PIA FRONTIER (IMO 8402395)","PIA FRONTIER (IMO 8402395): ","Republic of Korea","General Cargo","2002-09-07 00:00","","Very serious marine casualty","","Off Fuzhou","","0",""
"C0003972","1","TAUCHER","TAUCHER: ","Germany","Non-ship structures","2002-09-07 00:00","","Marine incident","","Bay of Mecklenburg","","1","Unknown"
"C0004149","1","KASKAD-103 (IMO 7362299)","KASKAD-103 (IMO 7362299): ","Russian Federation","Fish Catching","2002-09-03 00:00","","Marine casualty","","Off the coast of Sakhalin Island, Russian Federati","","0",""
"C0004351","1","CEC PIONEER (IMO 9015682)","CEC PIONEER (IMO 9015682): ","Isle of Man (United Kingdom)","General Cargo","2002-09-03 00:00","","Marine casualty","","Groote Eylandt wharf","","0",""
"C0003981","1","NORSEA (IMO 8501957)","NORSEA (IMO 8501957): ","United Kingdom","","2002-09-02 00:00","","Marine casualty","","7 miles off the East Anglian coast","","1","Unknown"
"C0004079","1","SAMURAY (IMO 8967981)","SAMURAY (IMO 8967981): ","Türkiye","General Cargo","2002-09-01 00:00","","Very serious marine casualty","","Port of Alexandria","","0",""
"C0004184","2","RUBIN BONANZA (IMO 9074717), SHIN AN (IMO 7395923)","RUBIN BONANZA (IMO 9074717): , SHIN AN (IMO 7395923): ","Panama, Republic of Korea","Bulk Dry, Other Fishing","2002-08-31 00:00","","Very serious marine casualty","","Chinhae Bay","","0",""
"C0004170","1","ORIENTAL PEACE (IMO 7433270)","ORIENTAL PEACE (IMO 7433270): ","Cyprus","General Cargo","2002-08-30 00:00","","Marine casualty","","400 miles off Cape Palmas, Liberia","","0",""
"C0004348","1","KENANGAN","KENANGAN: ","Unknown","Passenger","2002-08-30 00:00","","Very serious marine casualty","","Off Baubau, Sulawesi","","0",""
"C0004347","2","ELITE GLORY (IMO 7725180), FUMIKA (IMO 8627646)","ELITE GLORY (IMO 7725180): , FUMIKA (IMO 8627646): ","Panama, Honduras","General Cargo, General Cargo","2002-08-29 00:00","","Marine casualty","","N. of Cheju Island, Republic of Korea","","0",""
"C0004663","1","FRASER (IMO 8119261)","FRASER (IMO 8119261): ","Panama","Bulk Dry","2002-08-28 00:00","","Marine casualty","","Duluth, Minnesota","","0",""
"C0004664","1","PROSPECTS (IMO 7724277)","PROSPECTS (IMO 7724277): ","India","General Cargo","2002-08-27 00:00","","Marine casualty","","Near Old Bissau port quay","","0",""
"C0004171","1","QANIRTUUQ PRINCESS (IMO 7309285)","QANIRTUUQ PRINCESS (IMO 7309285): ","United States","Fish Catching","2002-08-27 00:00","","Very serious marine casualty","","Kuskokwim River, Bethel, 400 miles N.W. of Anchora","","0",""
"C0004230","2","BOW EAGLE (IMO 8112914), CISTUDE (IMO 8225838)","BOW EAGLE (IMO 8112914): , CISTUDE (IMO 8225838): ","Norway, France","Chemical Tanker, Fish Catching","2002-08-25 00:00","","Very serious marine casualty","","English Channel","","0",""
"C0004217","1","HANJIN DAMPIER (IMO 8811144)","HANJIN DAMPIER (IMO 8811144): ","Republic of Korea","Bulk Dry","2002-08-25 00:00","","Marine casualty","","Dampier","","1","Australia"
"C0004660","1","SCAN OCEANIC (IMO 9144469)","SCAN OCEANIC (IMO 9144469): ","Isle of Man (United Kingdom)","Passenger/Ro-Ro Cargo","2002-08-23 00:00","","Marine casualty","","400 miles W. of Ireland","","0",""
"C0004657","1","APJ SHALIN (IMO 8030946)","APJ SHALIN (IMO 8030946): ","India","Bulk Dry","2002-08-23 00:00","","Marine casualty","","Dover Strait","","0",""
"C0004659","2","HAPPINESS, UNKNOWN","HAPPINESS: , UNKNOWN: ","Unknown, Unknown","General Cargo, Towing / Pushing","2002-08-22 00:00","","Very serious marine casualty","","Off Ewijk, River Waal","","0",""
"C0004661","1","SILVER VIKING (IMO 5328263)","SILVER VIKING (IMO 5328263): ","Canada","Fish Catching","2002-08-21 00:00","","Marine casualty","","South end of Work Island, British Columbia","","0",""
"C0004652","1","AQUILA (IMO 7900704)","AQUILA (IMO 7900704): ","Bahamas","Bulk Dry","2002-08-21 00:00","","Marine casualty","","Km 447.5 River Parana","","0",""
"C0004655","1","JIN'AN NO. 15","JIN'AN NO. 15: ","China","General Cargo","2002-08-18 00:00","","Very serious marine casualty","","Off Macao, China","","0",""
"C0004139","1","IREMIA (IMO 7617773)","IREMIA (IMO 7617773): ","Unknown","General Cargo","2002-08-18 00:00","","Very serious marine casualty","","282 nm off the coast of Ras Madrakah, Arabian Sea","","0",""
"C0004356","1","TRIPLE GLORY (IMO 8114493)","TRIPLE GLORY (IMO 8114493): ","Belize","Fish Catching","2002-08-17 00:00","","Marine casualty","","South China Sea","","0",""
"C0004654","2","CIC PRIDE (IMO 9224879), IRON QUEEN (IMO 8208220)","CIC PRIDE (IMO 9224879): , IRON QUEEN (IMO 8208220): ","Panama, Isle of Man (United Kingdom)","Bulk Dry, Bulk Dry","2002-08-17 00:00","","Marine casualty","","Off Dunkirk, France","","0",""
"C0006076","3","CATHARINA OLDENDORFF (IMO 8124943), SINE MAERSK (IMO 9146455), SLOTERGRACHT (IMO 9197947)","CATHARINA OLDENDORFF (IMO 8124943): , SINE MAERSK (IMO 9146455): , SLOTERGRACHT (IMO 9197947): ","Liberia, Denmark, Netherlands (Kingdom of)",", Container, General Cargo","2002-08-16 00:33","","Marine incident","","Off the South Falls Light buoy, DOVER STRAIT","","2","Liberia; Liberia"
"C0004656","1","WADI ALNEEL (IMO 8704535)","WADI ALNEEL (IMO 8704535): ","Egypt","Non-ship structures","2002-08-16 00:00","","Marine casualty","","About 10 miles from Safaga","","0",""
"C0004653","1","EVER GRADE (IMO 8208220)","EVER GRADE (IMO 8208220): ","Panama","Container","2002-08-16 00:00","","Marine casualty","","New Port Rock, S. approach to Suez Canal","","0",""
"C0004349","1","KAUNAS","KAUNAS: ","Unknown","General Cargo","2002-08-16 00:00","","Very serious marine casualty","","Neva River, St. Petersburg","","0",""
"C0004234","1","DORY 2 (IMO 7235123)","DORY 2 (IMO 7235123): ","French Polynesia (France)","Non-ship structures","2002-08-14 00:00","","Very serious marine casualty","","Off Makatea Island, 150 kms N.E. of Tahiti","","0",""
"C0004647","1","MAGIC SWAN (IMO 7609647)","MAGIC SWAN (IMO 7609647): ","Bahamas","General Cargo","2002-08-14 00:00","","Marine casualty","","Vicinity of Massawa, Red Sea","","0",""
"C0004649","2","BARA SEAGAL, SEAHOPE (IMO 8005549)","BARA SEAGAL: , SEAHOPE (IMO 8005549): ","Ireland, Malta","Fish Catching, Bulk Dry","2002-08-14 00:00","","Marine casualty","","S.E. of Tuskar Rock","","1","Unknown"
"C0004216","1","CAP ROUGE II","CAP ROUGE II: ","Canada","Fish Catching","2002-08-13 00:00","","Marine incident","","Off entrance to Fraser River, British Columbia","","1","Unknown"
"C0004056","1","APRIL ROSE (IMO 7395882)","APRIL ROSE (IMO 7395882): ","Philippines","Non-ship structures","2002-08-13 00:00","","Marine casualty","","Baybay pier, Leyte island","","0",""
"C0003985","2","EATON, FINNMERCHANT (IMO 8020604)","EATON: , FINNMERCHANT (IMO 8020604): ","Denmark, Finland","Fish Catching, Passenger/Ro-Ro Cargo","2002-08-12 00:00","","Very serious marine casualty","","West coast of Jutland, North sea","","2","Denmark; Unknown"
"C0004061","1","BINTANG HARAPAN (IMO 7373688)","BINTANG HARAPAN (IMO 7373688): ","Cambodia","General Cargo","2002-08-12 00:00","","Marine casualty","","Sea of Japan, off Olga port, Russia","","0",""
"C0004651","1","ORIENTAL KIKU (IMO 7433191)","ORIENTAL KIKU (IMO 7433191): ","Cyprus","General Cargo","2002-08-12 00:00","","Marine casualty","","100 miles S.-S.W. of Pylos, Mediterranean Sea","","0",""
"C0004658","1","FUNG CHING FUK","FUNG CHING FUK: ","Hong Kong, China","Fish Catching","2002-08-11 00:00","","Very serious marine casualty","","South China Sea","","1","Hong Kong, China"
"C0004411","1","AN KANG JIANG (IMO 8400816)","AN KANG JIANG (IMO 8400816): ","China","General Cargo","2002-08-10 00:00","","Marine casualty","","Near Pemba","","0",""
"C0004650","1","NANJING QIANGGUAN NO. 369","NANJING QIANGGUAN NO. 369: ","Unknown","General Cargo","2002-08-09 00:00","","Very serious marine casualty","","East China Sea","","0",""
"C0004665","1","OCEAN KING","OCEAN KING: ","United States","Non-ship structures","2002-08-09 00:00","","Marine incident","","35 miles S. of Grand Isle","","0",""
"C0004646","1","ICE FERN (IMO 8818972)","ICE FERN (IMO 8818972): ","Cayman Islands (United Kingdom)","Refrigerated Cargo","2002-08-08 00:00","","Marine casualty","","Atlantic Ocean (towed to Miami)","","0",""
"C0004399","1","ATLANTE","ATLANTE: ","France","Passenger","2002-08-08 00:00","","Marine casualty","","Bay of Biscay","","0",""
"C0004400","1","BALSA 56 (IMO 9136888)","BALSA 56 (IMO 9136888): ","Panama","General Cargo","2002-08-08 00:00","","Marine casualty","","Off Ocean Cay, Bahamas","","0",""
"C0004063","1","BOREY (IMO 7640574)","BOREY (IMO 7640574): ","Russian Federation","Research","2002-08-08 00:00","","Very serious marine casualty","","Southern part of Sea of Japan","","0",""
"C0004143","1","JASMINE (IMO 7357268)","JASMINE (IMO 7357268): ","Saint Vincent and the Grenadines","General Cargo","2002-08-08 00:00","","Very serious marine casualty","","Bay of Bengal","","0",""
"C0004187","2","KOYO MARU NO. 2 (IMO 9119036), SUN TRUST (IMO 8312447)","KOYO MARU NO. 2 (IMO 9119036): , SUN TRUST (IMO 8312447): ","Japan, Republic of Korea","General Cargo, General Cargo","2002-08-08 00:00","","Marine casualty","","5.5 kms S.E. of Omaezaki","","0",""
"C0004401","1","HAI DA 105 (IMO 8956786)","HAI DA 105 (IMO 8956786): ","Belize","General Cargo","2002-08-07 00:00","","Marine casualty","","Off coast of China","","0",""
"C0004404","1","RAJENDRA PRASAD (IMO 7367562)","RAJENDRA PRASAD (IMO 7367562): ","India","Oil Tanker","2002-08-06 00:00","","Very serious marine casualty","","Colombo's main port","","0",""
"C0004662","2","Kumjung Spirit (IMO 8605650), Toyofuku Maru","Kumjung Spirit (IMO 8605650): , Toyofuku Maru: ","Republic of Korea, Japan","Chemical Tanker, Fish Catching","2002-08-06 00:00","","Marine casualty","33° 59.50' N 130° 14.80' E","10 miles N.W. of Chikuzen Oshima, Fukuoka prefecture","Coastal waters","0",""
"C0004402","1","JETTA (IMO 8322856)","JETTA (IMO 8322856): ","Panama","General Cargo","2002-08-05 00:00","","Marine casualty","","N.W. of Luzon Strait","","0",""
"C0004410","1","0001ST LT. BALDOMERO LOPEZ (IMO 8302442)","0001ST LT. BALDOMERO LOPEZ (IMO 8302442): ","United States","Passenger/Ro-Ro Cargo","2002-08-05 00:00","","Marine casualty","","520nm N.W. of Guam","","0",""
"C0003988","1","DAIKOKU MARU NO. 58 (IMO 9004360)","DAIKOKU MARU NO. 58 (IMO 9004360): ","Japan","Fish Catching","2002-08-05 00:00","","Marine casualty","","Pacific Ocean, 1800 kms off Peru","","0",""
"C0004031","1","C. TAHSIN (IMO 7509213)","C. TAHSIN (IMO 7509213): ","Türkiye","Bulk Dry","2002-08-05 00:00","","Very serious marine casualty","","South Atlantic Ocean","","0",""
"C0004405","1","STATENDAM (IMO 8919245)","STATENDAM (IMO 8919245): ","Netherlands (Kingdom of)","Passenger","2002-08-04 00:00","","Marine casualty","","Strait of Georgia, about 20 miles from Vancouver","","2","Canada; Unknown"
"C0004409","1","WIKING (IMO 9123037)","WIKING (IMO 9123037): ","Antigua and Barbuda","Container","2002-08-02 00:00","","Marine casualty","","Off Cape Town, South Africa","","0",""
"C0004408","2","COTSWOLD (IMO 8817992), WALKER (IMO 8616087)","COTSWOLD (IMO 8817992): , WALKER (IMO 8616087): ","Bahamas, Antigua and Barbuda","Non-ship structures, General Cargo","2002-08-01 00:00","","Marine casualty","","North Sea","","0",""
"C0004403","1","MARIO","MARIO: ","India","Non-ship structures","2002-08-01 00:00","","Very serious marine casualty","","80nm off Trincomalee, Sri Lanka","","0",""
"C0004165","1","MISS LINDSEY (IMO 8961353)","MISS LINDSEY (IMO 8961353): ","United States","Fish Catching","2002-08-01 00:00","","Very serious marine casualty","","15 miles E. of Provincetown, Massachussets","","0",""
"C0004397","1","TENTOR (IMO 7819840)","TENTOR (IMO 7819840): ","Barbados","General Cargo","2002-07-31 00:00","","Marine casualty","","Black Sea","","0",""
"C0004213","1","DORIC CHARIOT (IMO 9075670)","DORIC CHARIOT (IMO 9075670): ","Greece","Bulk Dry","2002-07-29 00:00","","Marine casualty","","Piper reef, North Queensland","","2","Australia; Unknown"
"C0004215","1","MARION GREEN (IMO 9164029)","MARION GREEN (IMO 9164029): ","Netherlands (Kingdom of)","General Cargo","2002-07-28 00:00","","Marine casualty","","Off the coast of Western Australia","","2","Australia; Unknown"
"C0004398","1","WAVERLEY (IMO 5386954)","WAVERLEY (IMO 5386954): ","United Kingdom","Non-ship structures","2002-07-27 00:00","","Marine casualty","","Off Greenock, Scotland","","0",""
"C0004393","1","ISABEL KNUTSEN (IMO 9175535)","ISABEL KNUTSEN (IMO 9175535): ","United Kingdom","Non-ship structures","2002-07-26 00:00","","Marine casualty","","Galveston anchorage, Texas","","0",""
"C0004395","1","STAR HOSANGER (IMO 9081801)","STAR HOSANGER (IMO 9081801): ","Norway","General Cargo","2002-07-26 00:00","","Marine casualty","","Dundalk marine terminal, Baltimore","","0",""
"C0004394","1","ORPHEUS ASIA (IMO 8907319)","ORPHEUS ASIA (IMO 8907319): ","Panama","Oil Tanker","2002-07-25 00:00","","Marine casualty","","Pacific Ocean, N. of Philippines","","0",""
"C0004231","1","CO-OP VENTURE (IMO 8920878)","CO-OP VENTURE (IMO 8920878): ","Panama","Bulk Dry","2002-07-25 00:00","","Very serious marine casualty","","1.6 km off Osaki, Shibushi bay","","0",""
"C0007018","1","ISOLA DI CAPRAIA (IMO 9166182)","ISOLA DI CAPRAIA (IMO 9166182): ","Italy","","2002-07-24 19:35","","Marine incident","","Monte Grasso Isola D'Elba","","0",""
"C0004396","1","Tenjin Maru No.26 (IMO 8911035)","Tenjin Maru No.26 (IMO 8911035): ","Japan","General Cargo","2002-07-24 00:00","","Marine casualty","34° 40.50' N 134° 36.70' E","N. Futoshima, Ieshima Islands","Coastal waters","0",""
"C0004392","1","IDORENE REEFER (IMO 8223323)","IDORENE REEFER (IMO 8223323): ","Cyprus","Refrigerated Cargo","2002-07-24 00:00","","Marine casualty","","North Atlantic Ocean, approx. 270nm S.E. of Bermud","","0",""
"C0004390","1","VICTOR","VICTOR: ","United States","Fish Catching","2002-07-23 00:00","","Very serious marine casualty","","18 miles E. of Cape Kuliak in Shelikof Strait, Ala","","0",""
"C0004386","1","LADY TESS","LADY TESS: ","Unknown","Non-ship structures","2002-07-23 00:00","","Very serious marine casualty","","Ta' Xbiex marina","","0",""
"C0004387","1","STARS AND","STARS AND: ","United States","Non-ship structures","2002-07-23 00:00","","Marine casualty","","1 mile off Long Beach, California","","0",""
"C0004388","1","SUNNY ONE (IMO 8002717)","SUNNY ONE (IMO 8002717): ","Cyprus","General Cargo","2002-07-22 00:00","","Marine casualty","","Singapore anchorage","","0",""
"C0004377","1","HARSHA VARDHANA (IMO 7219026)","HARSHA VARDHANA (IMO 7219026): ","India","Passenger / General Cargo","2002-07-22 00:00","","Marine casualty","","Near Geonkhali, Kolkata-Haldia shipping channel","","0",""
"C0004175","1","PATRIOT (IMO 7390569)","PATRIOT (IMO 7390569): ","United States","Oil Tanker","2002-07-22 00:00","","Marine casualty","","Straits of Florida","","0",""
"C0003980","1","ANL EXCELLENCE (IMO 9134517)","ANL EXCELLENCE (IMO 9134517): ","Liberia","Container","2002-07-19 00:00","","Marine casualty","","Moreton bay, Queensland","","2","Australia; Unknown"
"C0004193","1","TMP SAGITARIUS (IMO 7211402)","TMP SAGITARIUS (IMO 7211402): ","Portugal","General Cargo","2002-07-18 00:00","","Very serious marine casualty","","Off East London, Leaches Bay","","0",""
"C0004150","1","KATSUURA MARU NO. 28 (IMO 8621018)","KATSUURA MARU NO. 28 (IMO 8621018): ","Japan","Fish Catching","2002-07-18 00:00","","Marine casualty","","Near Marshall Islands","","0",""
"C0004389","2","NERANO (IMO 5126079), TOURIST FERRY BOAT SECONDO (IMO 8841383)","NERANO (IMO 5126079): , TOURIST FERRY BOAT SECONDO (IMO 8841383): ","Italy, Italy","Non-ship structures, Non-ship structures","2002-07-18 00:00","","Marine casualty","","Naples","","0",""
"C0004391","1","DON (IMO 9128001)","DON (IMO 9128001): ","Cyprus","General Cargo","2002-07-18 00:00","","Marine casualty","","Near Bogskar lighthouse, Aland archipelago","","0",""
"C0004375","1","ROSSNES (IMO 7382495)","ROSSNES (IMO 7382495): ","Malta","Bulk Dry","2002-07-18 00:00","","Marine casualty","","Norwegian sea","","0",""
"C0004374","1","NINO (IMO 8517047)","NINO (IMO 8517047): ","Marshall Islands","Non-ship structures","2002-07-17 00:00","","Marine casualty","","70 miles NNE of East London, South Africa","","0",""
"C0005843","1","KENT (IMO 8200498)","KENT (IMO 8200498): ","Hong Kong, China","","2002-07-16 18:25","","Very serious marine casualty","","Verchères, Québec","","2","Canada; Canada"
"C0005972","1","CRUDE OCEAN (IMO 8325078)","CRUDE OCEAN (IMO 8325078): ","Liberia","Oil Tanker","2002-07-16 11:30","","Very serious marine casualty","12° 24.43' N 70° 05.56' W","7 miles off the coast of Aruba, Netherlands Antilles","","2","Liberia; Liberia"
"C0004376","2","DRACO (IMO 7224394), SUNRAY ANNA (IMO 8031079)","DRACO (IMO 7224394): , SUNRAY ANNA (IMO 8031079): ","Brazil, Liberia","Towing / Pushing, General Cargo","2002-07-16 00:00","","Marine casualty","","Guanabara Bay","","0",""
"C0004384","1","FRITJHOF","FRITJHOF: ","Uruguay","Fish Catching","2002-07-15 00:00","","Very serious marine casualty","","Montevideo anteport","","0",""
"C0004182","2","ALISON, ROMEO (IMO 7819888)","ALISON: , ROMEO (IMO 7819888): ","Philippines, Philippines","Container, General Cargo","2002-07-15 00:00","","Marine casualty","","Off Naga, Cebu Island","","0",""
"C0004093","2","5 SSANGYONG, YOUNG 98 (IMO 8428959)","5 SSANGYONG: , YOUNG 98 (IMO 8428959): ","Unknown, Republic of Korea",", Bulk Dry","2002-07-15 00:00","","Very serious marine casualty","","3 miles off Tongyong (Ch'ungmu)","","0",""
"C0004373","1","KENT (IMO 7627950)","KENT (IMO 7627950): ","Isle of Man (United Kingdom)","Passenger/Ro-Ro Cargo","2002-07-14 00:00","","Marine casualty","","Cook Strait","","0",""
"C0004372","1","HERA (IMO 9003548)","HERA (IMO 9003548): ","Germany","General Cargo","2002-07-12 00:00","","Marine casualty","","Off Falmouth, Cornwall","","0",""
"C0004169","2","ONIS PRATIWI (IMO 7426095), ONIS PRATIWI (IMO 7426095)","ONIS PRATIWI (IMO 7426095): , ONIS PRATIWI (IMO 7426095): ","Panama, Panama","Chemical Tanker, ","2002-07-12 00:00","","Very serious marine casualty","","On departure from Jurong","Anchorage","0",""
"C0003978","2","DETTMER TANK 116, UNO (IMO 7103186)","DETTMER TANK 116: , UNO (IMO 7103186): ","Germany, Denmark","Non-ship structures, General Cargo","2002-07-11 00:00","","Very serious marine casualty","","Kiel Canal at 21.5 km, Dückenwisch","","3","Germany; Denmark; Unknown"
"C0004174","1","OCEAN VOYAGER (IMO 7343645)","OCEAN VOYAGER (IMO 7343645): ","Bermuda (United Kingdom)","Research","2002-07-10 00:00","","Very serious marine casualty","","N.E. of Muscat, Oman","","1","Bermuda (United Kingdom)"
"C0004188","1","TANGO I (IMO 7320538)","TANGO I (IMO 7320538): ","Cambodia","General Cargo","2002-07-09 00:00","","Very serious marine casualty","","Off Haiti","","0",""
"C0004164","1","MISS JENNIFER ANN (IMO 8975378)","MISS JENNIFER ANN (IMO 8975378): ","United States","Towing / Pushing","2002-07-09 00:00","","Very serious marine casualty","","Houston ship channel","","0",""
"C0004369","2","LANCE NAIK KARAM SINGH PVC (IMO 8224119), SEA EPOCH (IMO 9187447)","LANCE NAIK KARAM SINGH PVC (IMO 8224119): , SEA EPOCH (IMO 9187447): ","India, Panama","Non-ship structures, Bulk Dry","2002-07-09 00:00","","Very serious marine casualty","","6kms S. of Tanah Merah Ferry Terminal, Singapore","","0",""
"C0004367","1","General Shykhlinski (IMO 7832854)","General Shykhlinski (IMO 7832854): ","Azerbaijan","Oil Tanker","2002-07-09 00:00","","Very serious marine casualty","40° 00.00' N 53° 05.00' E","Turkmenbashi","","1","Azerbaijan"
"C0004383","1","BRITANNIA","BRITANNIA: ","United Kingdom","Non-ship structures","2002-07-09 00:00","","Marine casualty","","130 miles N. of Aberdeen","","0",""
"C0004364","1","COTABATO PRINCESS (IMO 7036216)","COTABATO PRINCESS (IMO 7036216): ","Philippines","Non-ship structures","2002-07-08 00:00","","Marine casualty","","Off Romblon Island","","0",""
"C0004068","1","SAN MIGUEL DE ILIJAN (IMO 7851381)","SAN MIGUEL DE ILIJAN (IMO 7851381): ","Philippines","Non-ship structures","2002-07-08 00:00","","Marine casualty","","Batangas port, Luzon Island","","0",""
"C0004153","1","LE GROISILLON (IMO 9150028)","LE GROISILLON (IMO 9150028): ","Saint Vincent and the Grenadines","Fish Catching","2002-07-07 00:00","","Very serious marine casualty","","Off Luanda, Angola","","0",""
"C0004365","1","FAIRY ANGEL (IMO 9135509)","FAIRY ANGEL (IMO 9135509): ","Panama","Bulk Dry","2002-07-07 00:00","","Marine casualty","","About 67 kms off Choshi, Chiba prefecture, Japan","","0",""
"C0004366","1","FAR SERVICE (IMO 9106431)","FAR SERVICE (IMO 9106431): ","Isle of Man (United Kingdom)","Non-ship structures","2002-07-07 00:00","","Very serious marine casualty","","Peterhead, Scotland","","1","Isle of Man (United Kingdom)"
"C0003979","1","FLAMINGO","FLAMINGO: ","Belgium","Fish Catching","2002-07-07 00:00","","Very serious marine casualty","","East of Harwich","","1","Unknown"
"C0004368","1","GEULBORG (IMO 9100140)","GEULBORG (IMO 9100140): ","Netherlands Antilles (Netherlands) [historical]","General Cargo","2002-07-05 00:00","","Marine casualty","","Outside Husum, Askar Island","","0",""
"C0004370","2","Ratana Thida (IMO 9117129), Woo Ryong (IMO 8911061)","Ratana Thida (IMO 9117129): , Woo Ryong (IMO 8911061): ","Thailand, Republic of Korea","Container, Oil Tanker","2002-07-05 00:00","","Marine casualty","34° 21.90' N 137° 01.00' E","Off Cape Anorisaki, Mie Prefecture","Coastal waters","0",""
"C0004371","1","ESSCO BOUNTY (IMO 8132952)","ESSCO BOUNTY (IMO 8132952): ","Panama","General Cargo","2002-07-04 00:00","","Marine casualty","","North Sea","","0",""
"C0004644","1","GRIGOROUSSA I (IMO 7429877)","GRIGOROUSSA I (IMO 7429877): ","Malta","Bulk Dry","2002-07-04 00:00","","Marine casualty","","Orinoco river","","0",""
"C0004382","2","G. ELITE (IMO 9135561), YEONG UNG NO. 303","G. ELITE (IMO 9135561): , YEONG UNG NO. 303: ","Panama, Republic of Korea","Non-ship structures, Fish Catching","2002-07-03 00:00","","Very serious marine casualty","","Off Gook-do","","0",""
"C0004146","1","JULIE ELIZABETH (IMO 5049049)","JULIE ELIZABETH (IMO 5049049): ","Belize","General Cargo","2002-07-03 00:00","","Marine casualty","","Off Turiamo, Venezelua","","0",""
"C0004385","1","METILO (IMO 8030269)","METILO (IMO 8030269): ","Spain","Chemical Tanker","2002-07-02 00:00","","Marine casualty","","Put into Santander shipyard, Spain","","0",""
"C0004363","1","TUNGGALJAYA 18","TUNGGALJAYA 18: ","Republic of Korea","Fish Catching","2002-07-02 00:00","","Marine casualty","","Berkeley Sound, Falkland Islands (Malvinas)","","0",""
"C0004641","1","ATLAS S. (IMO 7702580)","ATLAS S. (IMO 7702580): ","Cyprus","General Cargo","2002-06-30 00:00","","Marine casualty","","English Channel","","0",""
"C0004361","1","OBO VENTURE (IMO 8116934)","OBO VENTURE (IMO 8116934): ","Liberia","Non-ship structures","2002-06-29 00:00","","Marine casualty","","Off Cape Agulhas","","0",""
"C0004069","1","SATURN II (IMO 8000549)","SATURN II (IMO 8000549): ","Panama","Bulk Dry","2002-06-28 00:00","","Marine casualty","","Near Bhavnagar, India","","0",""
"C0004642","1","BC 151","BC 151: ","United States","Non-ship structures","2002-06-28 00:00","","Marine casualty","","Near Emmonak, Yukon river, Alaska","","0",""
"C0004633","1","ADVENTURER II (IMO 8972522)","ADVENTURER II (IMO 8972522): ","United Kingdom","Fish Catching","2002-06-26 00:00","","Marine casualty","","Off Orkney Islands, Scotland","","0",""
"C0004640","1","ANJOLA (IMO 7633349)","ANJOLA (IMO 7633349): ","Antigua and Barbuda","General Cargo","2002-06-26 00:00","","Marine casualty","","Malmo","","0",""
"C0004645","1","MISS CORINNE","MISS CORINNE: ","United States","Fish Catching","2002-06-25 00:00","","Very serious marine casualty","","9 miles E. of Amelia, Florida","","0",""
"C0004336","2","DEVOTION, FRUITFUL BOUGH","DEVOTION: , FRUITFUL BOUGH: ","United Kingdom, Unknown","Fish Catching, Fish Catching","2002-06-24 00:00","","Very serious marine casualty","","North Sea","","1","United Kingdom"
"C0004643","1","CELEBRATION (IMO 8314134)","CELEBRATION (IMO 8314134): ","Liberia","Passenger","2002-06-23 00:00","","Marine casualty","","Off Galveston, Texas","","0",""
"C0003982","1","QUEEN ELIZABETH 2 (IMO 6725418)","QUEEN ELIZABETH 2 (IMO 6725418): ","United Kingdom","Passenger","2002-06-23 00:00","","Very serious marine casualty","","In the mid Atlantic Ocean","","1","United Kingdom"
"C0004055","1","AL SALAM PETRARCA 90 (IMO 7041651)","AL SALAM PETRARCA 90 (IMO 7041651): ","Panama","Non-ship structures","2002-06-22 00:00","","Very serious marine casualty","","Off Dhuba","","0",""
"C0004638","1","HORAS NO. 8","HORAS NO. 8: ","Indonesia","General Cargo","2002-06-21 00:00","","Very serious marine casualty","","South China Sea","","0",""
"C0004635","1","APOLLO TIGER (IMO 9171383)","APOLLO TIGER (IMO 9171383): ","Antigua and Barbuda","General Cargo","2002-06-21 00:00","","Marine casualty","","Siragrunnen, outside Egersund","","0",""
"C0004639","1","WHITE ZEEHOND","WHITE ZEEHOND: ","Netherlands (Kingdom of)","Passenger","2002-06-20 00:00","","Marine casualty","","Between Den Helder and Oudeschild","","0",""
"C0004634","1","ALEX GAS (IMO 6810794)","ALEX GAS (IMO 6810794): ","Panama","Non-ship structures","2002-06-19 00:00","","Marine casualty","","Suez outer harbour","","0",""
"C0004627","1","LEANN (IMO 8038405)","LEANN (IMO 8038405): ","United States","Fish Catching","2002-06-19 00:00","","Marine casualty","","Off Hawaiian Islands","","0",""
"C0004648","1","LUCKY TRANSPORTER (IMO 8405218)","LUCKY TRANSPORTER (IMO 8405218): ","Panama","Bulk Dry","2002-06-19 00:00","","Marine casualty","","Rio de la Plata","","0",""
"C0004251","1","HANDONG NO. 11 (IMO 7416428)","HANDONG NO. 11 (IMO 7416428): ","Republic of Korea","Fish Catching","2002-06-19 00:00","","Very serious marine casualty","","Near Berkeley Sound, off Falkland Islands (Malvina","","0",""
"C0003748","1","WESTERN MUSE (IMO 9234214)","WESTERN MUSE (IMO 9234214): ","Panama","Bulk Dry","2002-06-19 00:00","","Very serious marine casualty","","Port Kembla, New South Wales","","2","Australia; Unknown"
"C0004248","1","GUDRUN GISLADOTTIR (IMO 9226451)","GUDRUN GISLADOTTIR (IMO 9226451): ","Iceland","Fish Catching","2002-06-18 00:00","","Very serious marine casualty","","2nm S.-W. of Ballstad, Lofoten Islands","","1","Iceland"
"C0004636","1","D. MALVINA","D. MALVINA: ","Unknown","General Cargo","2002-06-18 00:00","","Marine casualty","","Outside Manaus","","0",""
"C0004632","2","MODISK 3 (IMO 8922395), YENI BESIKTAS 2","MODISK 3 (IMO 8922395): , YENI BESIKTAS 2: ","Cambodia, Türkiye","General Cargo, Non-ship structures","2002-06-16 00:00","","Very serious marine casualty","","Near Kurucesme, Strait of Istanbul","","0",""
"C0006084","1","GOTLAND","GOTLAND: ","Germany","Non-ship structures","2002-06-15 14:15","","Very serious marine casualty","54° 34.80' N 10° 10.90' E","Near Damp, Kiel Bay ","Coastal waters","2","Germany; Germany"
"C0004362","1","SESAM (IMO 8110643)","SESAM (IMO 8110643): ","Cyprus","General Cargo","2002-06-14 00:00","","Marine casualty","","Off Spanish coast","","0",""
"C0004629","1","FRASER (IMO 8119261)","FRASER (IMO 8119261): ","Panama","Bulk Dry","2002-06-13 00:00","","Marine casualty","","Off Becancour, Québec","","0",""
"C0004630","1","KAVIROS (IMO 7944255)","KAVIROS (IMO 7944255): ","Greece","Non-ship structures","2002-06-13 00:00","","Marine casualty","","4nm of Alexandroupolis","","0",""
"C0004631","2","POHAH NO. 1 (IMO 8714944), TAECHANG","POHAH NO. 1 (IMO 8714944): , TAECHANG: ","Panama, Republic of Korea","Refrigerated Cargo, General Cargo","2002-06-13 00:00","","Marine casualty","","Off Yosu","","0",""
"C0004626","2","AURORA AF HELSINGBORG (IMO 9007128), AURORA AF HELSINGBORG (IMO 9007128)","AURORA AF HELSINGBORG (IMO 9007128): , AURORA AF HELSINGBORG (IMO 9007128): ","Sweden, Sweden","Non-ship structures, Passenger / General Cargo","2002-06-13 00:00","","Marine casualty","","Off Helsingborg","Coastal waters","0",""
"C0004081","1","SEIRYU MARU NO. 18 (IMO 8848587)","SEIRYU MARU NO. 18 (IMO 8848587): ","Japan","Fish Catching","2002-06-11 00:00","","Marine casualty","","E. of Japan, Pacific Ocean","","0",""
"C0004620","1","CEDARGLEN (IMO 5103974)","CEDARGLEN (IMO 5103974): ","Canada","Bulk Dry","2002-06-10 00:00","","Marine casualty","","1/4 mile W. of St. Louis bridge, St. Lawrence Seaw","","0",""
"C0004621","1","GOVIKEN (IMO 8505850)","GOVIKEN (IMO 8505850): ","Bahamas","Bulk Dry","2002-06-10 00:00","","Marine casualty","","Off Newfoundland, Canada","","0",""
"C0004622","1","MYRAAS (IMO 8417259)","MYRAAS (IMO 8417259): ","Norway","General Cargo","2002-06-09 00:00","","Marine casualty","","Off Floro","","0",""
"C0004060","1","BELLA 1 (IMO 7714131)","BELLA 1 (IMO 7714131): ","Tonga","General Cargo","2002-06-09 00:00","","Very serious marine casualty","","600 miles S. of Oman","","0",""
"C0004381","1","AL MURTADA (IMO 8230015)","AL MURTADA (IMO 8230015): ","Sao Tome and Principe","General Cargo","2002-06-09 00:00","","Marine casualty","","200 nm off S. coast of Oman","","0",""
"C0004161","1","MEOB BAY (IMO 7370076)","MEOB BAY (IMO 7370076): ","Namibia","Fish Catching","2002-06-08 00:00","","Very serious marine casualty","","30 nm W. of Luderitz, Namibia","","0",""
"C0004624","1","SHINKAI MARU (IMO 7411894)","SHINKAI MARU (IMO 7411894): ","Cambodia","General Cargo","2002-06-08 00:00","","Marine casualty","","About 12 miles S. of Cape Agulhas","","0",""
"C0004625","1","SKOGAFOSS (IMO 8203646)","SKOGAFOSS (IMO 8203646): ","Antigua and Barbuda","Container","2002-06-08 00:00","","Marine casualty","","North Atlantic Ocean","","0",""
"C0004062","2","BIZAN MARU (IMO 8824385), ROSE RIVER (IMO 8323537)","BIZAN MARU (IMO 8824385): , ROSE RIVER (IMO 8323537): ","Japan, Honduras","General Cargo, General Cargo","2002-06-05 00:00","","Marine casualty","","Off Shoda island, Seto inland, Inland Sea","","0",""
"C0004249","2","Hachifukuyoshi Maru (IMO 8217269), Seiei Maru No.21 (IMO 8704377)","Hachifukuyoshi Maru (IMO 8217269): , Seiei Maru No.21 (IMO 8704377): ","Japan, Japan","General Cargo, Dredging","2002-06-04 00:00","","Marine casualty","34° 33.70' N 134° 12.00' E","Inland Sea","Coastal waters","0",""
"C0004614","2","BURIM NO.1 (IMO 8210302), HYUNDAI NO. 7","BURIM NO.1 (IMO 8210302): , HYUNDAI NO. 7: ","Republic of Korea, Unknown","General Cargo, Towing / Pushing","2002-06-04 00:00","","Very serious marine casualty","","2 miles off Wando Island","","0",""
"C0004615","1","CLIPPER CHEYENNE (IMO 8500599)","CLIPPER CHEYENNE (IMO 8500599): ","Bahamas","Non-ship structures","2002-06-03 10:30","","Very serious marine casualty","","Foynes","","2","Bahamas; Ireland"
"C0004617","2","PARSIVAL (IMO 9116802), PEONIA (IMO 8101941)","PARSIVAL (IMO 9116802): , PEONIA (IMO 8101941): ","Antigua and Barbuda, Liberia","General Cargo, Bulk Dry","2002-06-03 00:00","","Marine casualty","","Wandelaar","","0",""
"C0004637","1","DU COUEDIC (IMO 7357438)","DU COUEDIC (IMO 7357438): ","France","Fish Catching","2002-06-03 00:00","","Marine casualty","","Lorient","","0",""
"C0004613","1","BEIRA 5","BEIRA 5: ","Republic of Korea","Fish Catching","2002-06-02 00:00","","Very serious marine casualty","","60 miles E. of Mozambique","","0",""
"C0004380","2","Tenkai Maru No.86 (IMO 9218870), Tuda Maru","Tenkai Maru No.86 (IMO 9218870): , Tuda Maru: ","Japan, Japan","Towing / Pushing, Other Activities","2002-06-02 00:00","","Marine casualty","33° 23.00' N 129° 34.00' E","About 3 km N. of Hirado","Coastal waters","0",""
"C0004628","1","ZIM PUSAN I (IMO 9124512)","ZIM PUSAN I (IMO 9124512): ","Liberia","Container","2002-06-01 00:00","","Marine casualty","","Repaired in Shanghai","","0",""
"C0004618","1","SAMOS FLYING DOLPHIN I (IMO 7831771)","SAMOS FLYING DOLPHIN I (IMO 7831771): ","Greece","Non-ship structures","2002-06-01 00:00","","Marine casualty","","Near Leros Island","","0",""
"C0004623","1","NORCLIFF (IMO 9007867)","NORCLIFF (IMO 9007867): ","Norway","Passenger/Ro-Ro Cargo","2002-06-01 00:00","","Marine casualty","","Towed to Sompassari, Helsinki, Finland","","0",""
"C0004619","1","VICTORIA (IMO 7631042)","VICTORIA (IMO 7631042): ","Barbados","General Cargo","2002-05-31 00:00","","Marine casualty","","Sognefjord","","0",""
"C0004612","1","BABUL KOHISTAN","BABUL KOHISTAN: ","Unknown","Fish Catching","2002-05-29 00:00","","Very serious marine casualty","","Arabian Sea","","0",""
"C0004071","1","MARIA H (IMO 8420713)","MARIA H (IMO 8420713): ","Antigua and Barbuda","General Cargo","2002-05-29 00:00","","Marine casualty","","Keadby railway bridge, river Trent","","1","Unknown"
"C0004610","1","GENEI MARU NO. 7 (IMO 8842753)","GENEI MARU NO. 7 (IMO 8842753): ","Japan","Fish Catching","2002-05-27 00:00","","Marine casualty","","North Pacific Ocean","","0",""
"C0004608","1","CARDISSA (IMO 8022860)","CARDISSA (IMO 8022860): ","Isle of Man (United Kingdom)","Non-ship structures","2002-05-25 00:00","","Marine casualty","","North Sea","","0",""
"C0004478","1","SEA ORIENTALROAD (IMO 9044085)","SEA ORIENTALROAD (IMO 9044085): ","Panama","Chemical Tanker","2002-05-25 00:00","","Marine casualty","","Off Ashizuri Point, Kochi prefecture","","0",""
"C0004609","1","ELENI (IMO 7914080)","ELENI (IMO 7914080): ","Malta","Bulk Dry","2002-05-24 03:00","","Marine casualty","","55 37N  12 53.4E","","0",""
"C0004606","1","M.L. SURAHA","M.L. SURAHA: ","Unknown","Non-ship structures","2002-05-23 00:00","","Very serious marine casualty","","Baleswar River in Barguna district, 115 miles S. o","","0",""
"C0004611","1","ROSHAGE (IMO 6513700)","ROSHAGE (IMO 6513700): ","Denmark","Fish Catching","2002-05-23 00:00","","Marine casualty","","North Sea","","0",""
"C0004159","1","MEDINA (IMO 7423706)","MEDINA (IMO 7423706): ","Malta","Non-ship structures","2002-05-23 00:00","","Marine casualty","","Off Spanish coast, Bay of Biscay","","0",""
"C0004379","1","LAMU","LAMU: ","Antigua and Barbuda","Non-ship structures","2002-05-23 00:00","","Marine casualty","","Barcelona","","0",""
"C0004604","1","PENA","PENA: ","Tonga","Non-ship structures","2002-05-22 00:00","","Marine casualty","","Aegean Sea, S. of Thasos Island, Greece","","0",""
"C0003364","1","QUEEN ELIZABETH 2 (IMO 6725418)","QUEEN ELIZABETH 2 (IMO 6725418): ","United Kingdom","Passenger","2002-05-21 00:00","","Marine incident","","North Atlantic Ocean","","1","Unknown"
"C0004607","1","MAGALLANES (IMO 7627962)","MAGALLANES (IMO 7627962): ","Chile","Non-ship structures","2002-05-20 00:00","","Marine casualty","","Between Chacabuco and Puerto Montt","","0",""
"C0004239","1","FAIRTECH I (IMO 7648215)","FAIRTECH I (IMO 7648215): ","Bangladesh","General Cargo","2002-05-20 00:00","","Very serious marine casualty","","Bay of Bengal","","0",""
"C0004603","1","OCEAN CLUB","OCEAN CLUB: ","United States","Passenger","2002-05-19 00:00","","Marine casualty","","Off St. Augustine, Florida","","0",""
"C0004605","1","RICHARD M (IMO 7732779)","RICHARD M (IMO 7732779): ","United States","Fish Catching","2002-05-18 00:00","","Marine casualty","","10 miles E. of Atlantic City, New Jersey","","0",""
"C0003954","1","PRINCESS OF SCANDINAVIA (IMO 7361324)","PRINCESS OF SCANDINAVIA (IMO 7361324): ","Denmark","Passenger/Ro-Ro Cargo","2002-05-17 22:34","","Marine incident","56° 02.00' N 2° 21.00' W","North sea","Open sea","1","Denmark"
"C0004378","1","MISTRAL (IMO 5422411)","MISTRAL (IMO 5422411): ","Honduras","Non-ship structures","2002-05-16 00:00","","Marine incident","","Near Mesolongion","","0",""
"C0004601","1","MARGRET KNUPPEL (IMO 8407747)","MARGRET KNUPPEL (IMO 8407747): ","Antigua and Barbuda","General Cargo","2002-05-13 00:00","","Marine casualty","","Off Algeciras","","0",""
"C0004598","1","EREKA (IMO 7326025)","EREKA (IMO 7326025): ","Spain","Fish Catching","2002-05-13 00:00","","Marine casualty","","3 miles E. of Portvogie, County Down, Northern Ire","","0",""
"C0004599","1","FLYING CLOUD (IMO 9226358)","FLYING CLOUD (IMO 9226358): ","United States","Non-ship structures","2002-05-08 00:00","","Marine casualty","","Nantucket harbour","","0",""
"C0004212","1","MARBELLA (IMO 8705008)","MARBELLA (IMO 8705008): ","United Kingdom","Other Fishing","2002-05-08 00:00","","Marine casualty","","Rough Gas Field, 25 miles S.E. of Flamborough Head","","0",""
"C0004589","1","CAPT. RALPH TUCKER (IMO 6605773)","CAPT. RALPH TUCKER (IMO 6605773): ","Canada","Non-ship structures","2002-05-07 00:00","","Marine casualty","","Amherstburg Channel, lower Detroit River","","0",""
"C0004593","2","INGER NIELSEN, LARS HYLDIG (IMO 7605744)","INGER NIELSEN: , LARS HYLDIG (IMO 7605744): ","Denmark, Denmark","Fish Catching, Fish Catching","2002-05-07 00:00","","Very serious marine casualty","","North Sea","","1","Denmark"
"C0004591","1","FLORA (IMO 7726926)","FLORA (IMO 7726926): ","Antigua and Barbuda","General Cargo","2002-05-05 00:00","","Marine casualty","","24nm N.E. of Spurn Head, England","","0",""
"C0004596","2","TAIYO MARU No.8 (IMO 9033488), Xiang Lian (IMO 8414879)","TAIYO MARU No.8 (IMO 9033488): , Xiang Lian (IMO 8414879): ","Japan, China","General Cargo, Container","2002-05-05 00:00","","Marine casualty","33° 38.40' N 130° 19.40' E","Off Fukuoka, Japan","Port","0",""
"C0004594","1","PACIFIC STAR (IMO 8856194)","PACIFIC STAR (IMO 8856194): ","United States","Fish Catching","2002-05-04 00:00","","Marine casualty","","Off Taranaki, New Zealand","","0",""
"C0006082","1","KOA SPIRIT (IMO 9171838)","KOA SPIRIT (IMO 9171838): ","Bahamas","Oil Tanker","2002-05-03 06:59","","Marine incident","1° 34.00' N 104° 37.00' E","Eastern approach to Singapore Strait","","2","Bahamas; Bahamas"
"C0004595","1","SALAHUDDIN-2","SALAHUDDIN-2: ","Unknown","Non-ship structures","2002-05-03 00:00","","Very serious marine casualty","","106 miles S.E. of Dhaka, river Meghna near port of","","0",""
"C0004592","1","FRONT TOBAGO (IMO 9035450)","FRONT TOBAGO (IMO 9035450): ","Liberia","Oil Tanker","2002-05-02 00:00","","Marine casualty","","East China Sea","","0",""
"C0004597","1","WEST STREAM (IMO 7814254)","WEST STREAM (IMO 7814254): ","Bahamas","Chemical Tanker","2002-05-02 00:00","","Marine casualty","","En route from Maaloy to Aagotnes","","0",""
"C0004600","1","HANNE CHRISTINE (IMO 8318075)","HANNE CHRISTINE (IMO 8318075): ","Norway","General Cargo","2002-05-01 00:00","","Marine casualty","","Outside Esbjerg","","0",""
"C0004590","1","DALMACIJA (IMO 6411964)","DALMACIJA (IMO 6411964): ","Croatia","Passenger","2002-04-29 00:00","","Marine casualty","","Gruz, N. of Dubrovnik","","0",""
"C0004570","1","ALSERBACH (IMO 9169732)","ALSERBACH (IMO 9169732): ","Netherlands (Kingdom of)","General Cargo","2002-04-29 00:00","","Marine casualty","","North Sea","","0",""
"C0004573","1","FALCON (IMO 7303231)","FALCON (IMO 7303231): ","Denmark","Non-ship structures","2002-04-29 00:00","","Marine casualty","","1800 miles S. of Honolulu, Hawaiian islands","","0",""
"C0004616","1","KATIA DELMAS (IMO 7826893)","KATIA DELMAS (IMO 7826893): ","Panama","General Cargo","2002-04-29 00:00","","Marine casualty","","Off Lagos","","0",""
"C0004571","1","ANNA C (IMO 9195913)","ANNA C (IMO 9195913): ","United Kingdom","General Cargo","2002-04-28 00:00","","Marine casualty","","Off Pembroke, West Wales","","0",""
"C0004572","1","CLAUDIA TRADER (IMO 8223098)","CLAUDIA TRADER (IMO 8223098): ","Antigua and Barbuda","General Cargo","2002-04-28 00:00","","Marine casualty","","N.W. of Mull Island, Scotland","","0",""
"C0004577","1","SEAFIGHTER 1 (IMO 7367990)","SEAFIGHTER 1 (IMO 7367990): ","Saint Vincent and the Grenadines","General Cargo","2002-04-28 00:00","","Marine casualty","","Mediterranean Sea, E. of Tunisia","","0",""
"C0004191","1","TERRA AUSTRALIS (IMO 8837435)","TERRA AUSTRALIS (IMO 8837435): ","Chile","Passenger","2002-04-28 00:00","","Very serious marine casualty","","N. of Mans Bay, Osorno","","2","Chile; Chile"
"C0004576","3","NIKAR G (IMO 9197777), SMALAND (IMO 8214358), SMALAND (IMO 8214358)","NIKAR G (IMO 9197777): , SMALAND (IMO 8214358): , SMALAND (IMO 8214358): ","Antigua and Barbuda, Cyprus, Unknown","General Cargo, General Cargo, ","2002-04-27 10:42","","Marine casualty","","Baltic Sea","Coastal waters","0",""
"C0004247","1","GOLDEN DRAGON 2000 (IMO 8971621)","GOLDEN DRAGON 2000 (IMO 8971621): ","Philippines","Passenger/Ro-Ro Cargo","2002-04-27 00:00","","Marine casualty","","10 nm S. of Danao City and Camotes Island","","0",""
"C0004575","2","MINE S (IMO 8139235), VENUS","MINE S (IMO 8139235): , VENUS: ","Türkiye, Unknown","General Cargo, Dredging","2002-04-25 00:00","","Marine casualty","","Constantza","","0",""
"C0004567","2","DAE HAN NO. 2, NAM IL","DAE HAN NO. 2: , NAM IL: ","Unknown, Republic of Korea","Non-ship structures, General Cargo","2002-04-25 00:00","","Very serious marine casualty","","Off Pohang","","0",""
"C0004569","1","ST. CLAIR (IMO 7403990)","ST. CLAIR (IMO 7403990): ","United States","Bulk Dry","2002-04-24 00:00","","Marine casualty","","Lake St. Clair, near Great Lakes","","0",""
"C0004078","2","MEGAH DUA (IMO 8130203), RZHEV (IMO 7405716)","MEGAH DUA (IMO 8130203): , RZHEV (IMO 7405716): ","Indonesia, Cambodia","General Cargo, General Cargo","2002-04-24 00:00","","Very serious marine casualty","","East China Sea","","0",""
"C0004574","2","JIN PU HAI (IMO 9156125), MSC PARAGUAY (IMO 8408856)","JIN PU HAI (IMO 9156125): , MSC PARAGUAY (IMO 8408856): ","Panama, Panama","Bulk Dry, General Cargo","2002-04-23 00:00","","Marine casualty","","Alexandria container terminal","","0",""
"C0004568","2","SEA DIAMOND H. (IMO 7125122), STAROCHERKASSK (IMO 8728062)","SEA DIAMOND H. (IMO 7125122): , STAROCHERKASSK (IMO 8728062): ","Cyprus, Russian Federation","General Cargo, General Cargo","2002-04-22 00:00","","Marine casualty","","Between Kea and Kythnos Islands","","0",""
"C0004546","1","LAURELS (IMO 7651913)","LAURELS (IMO 7651913): ","Cambodia","Non-ship structures","2002-04-22 00:00","","Marine casualty","","Pacific Ocean, E. of Shikoku Island, Japan","","0",""
"C0005844","1","PROGRESS (IMO 8974178)","PROGRESS (IMO 8974178): ","Canada","Towing / Pushing","2002-04-21 22:30","","Marine casualty","","St. Lawrence Seaway off Broder Island, Ontario","","2","Canada; Canada"
"C0004602","1","INCE EXPRESS (IMO 8324397)","INCE EXPRESS (IMO 8324397): ","Türkiye","Bulk Dry","2002-04-21 00:00","","Marine casualty","","Red Sea, 65nm off Gizan, Saudi Arabia","","0",""
"C0004214","1","SOUTHERN CARRIER (IMO 7800758)","SOUTHERN CARRIER (IMO 7800758): ","Sweden","Passenger/Ro-Ro Cargo","2002-04-16 00:00","","Marine casualty","","English Channel","","1","Unknown"
"C0004114","1","SA FORTIUS (IMO 9221217)","SA FORTIUS (IMO 9221217): ","Bahamas","Bulk Dry","2002-04-15 00:00","","Marine incident","","Port Kembla, New South Wales","","2","Australia; Unknown"
"C0003974","1","BOWEN QUEEN (IMO 6600967)","BOWEN QUEEN (IMO 6600967): ","Canada","Non-ship structures","2002-04-13 00:00","","Marine incident","","Gabriola Island, British Columbia","","1","Unknown"
"C0004173","2","NOOR AL AMAL (IMO 6925769), SALIH KALKAVAN (IMO 7401514)","NOOR AL AMAL (IMO 6925769): , SALIH KALKAVAN (IMO 7401514): ","Cambodia, Türkiye","General Cargo, Non-ship structures","2002-04-12 00:00","","Very serious marine casualty","","Entrance to Strait of Canakkale","","0",""
"C0004544","1","MALAKAND (IMO 7822005)","MALAKAND (IMO 7822005): ","Pakistan","General Cargo","2002-04-12 00:00","","Marine casualty","","Off Colombo, Sri Lanka","","0",""
"C0004545","1","TIRTA NIAGA VII (IMO 8021256)","TIRTA NIAGA VII (IMO 8021256): ","Indonesia","Non-ship structures","2002-04-12 00:00","","Marine casualty","","Off Paradip, India","","0",""
"C0007055","1","FORUM SAMOA II","FORUM SAMOA II: ","Samoa","General Cargo","2002-04-11 04:01","","Marine casualty","","Off Cape Moreton","","2","Australia; Unknown"
"C0004183","1","SHELF EXPLORER (IMO 6409430)","SHELF EXPLORER (IMO 6409430): ","Honduras","Dredging","2002-04-11 00:00","","Very serious marine casualty","","3 kms off Bogenfels near Luderitz","","0",""
"C0004156","2","MARIA CARMELA (IMO 8622361), Maria Carmelia","MARIA CARMELA (IMO 8622361): , Maria Carmelia: ","Philippines, Philippines","Non-ship structures, Ro-Ro Cargo","2002-04-11 00:00","","Very serious marine casualty","","Tayabas Bay, 11 nm from Lucena city","Coastal waters","0",""
"C0004151","1","KYOSHIN MARU NO. 8 (IMO 8894859)","KYOSHIN MARU NO. 8 (IMO 8894859): ","Japan","Fish Catching","2002-04-11 00:00","","Marine casualty","","Pacific Ocean","","0",""
"C0005978","1","VISBY (IMO 7826788)","VISBY (IMO 7826788): ","Sweden","","2002-04-10 10:00","","Very serious marine casualty","","At Visby port quay, Gotland","","2","Sweden; Sweden"
"C0004077","1","RADIANT (IMO 9247534)","RADIANT (IMO 9247534): ","United Kingdom","Fish Catching","2002-04-10 00:00","","Very serious marine casualty","","About 45 miles N-W of Isle of Lewis","","1","United Kingdom"
"C0004561","1","JEAN LECLERC (IMO 7348061)","JEAN LECLERC (IMO 7348061): ","France","Fish Catching","2002-04-10 00:00","","Marine casualty","","20 nm W. of the Hebrides, Scotland","","0",""
"C0004560","1","GEORGETE K. (IMO 8309220)","GEORGETE K. (IMO 8309220): ","Greece","Bulk Dry","2002-04-08 00:00","","Marine casualty","","600 miles off Montevideo, Uruguay","","0",""
"C0004565","1","VOYAGER EAGLE","VOYAGER EAGLE: ","United States","Non-ship structures","2002-04-07 00:00","","Marine casualty","","Johnson's reef, off St. John's, Unites States'  Vi","","0",""
"C0004180","1","RITA S. (IMO 7703730)","RITA S. (IMO 7703730): ","Lebanon","General Cargo","2002-04-07 00:00","","Very serious marine casualty","","South Atlantic Ocean","","0",""
"C0004563","2","NOELLA, WEIYUAN I (IMO 9244336)","NOELLA: , WEIYUAN I (IMO 9244336): ","Unknown, Singapore","Non-ship structures, Towing / Pushing","2002-04-06 00:00","","Very serious marine casualty","","W. of Pulau Tekong, Singapore","","2","Singapore; Singapore"
"C0004564","1","OUR JOHANNA (IMO 7113595)","OUR JOHANNA (IMO 7113595): ","United Kingdom","Fish Catching","2002-04-06 00:00","","Marine casualty","","19 nm S.-E. of Berry Head, Torbay, Devon","","0",""
"C0004558","1","AMPLE GLORY (IMO 8105416)","AMPLE GLORY (IMO 8105416): ","Cambodia","General Cargo","2002-04-06 00:00","","Marine casualty","","Jeju","","0",""
"C0004559","1","ASIA PHILIPPINES (IMO 7434262)","ASIA PHILIPPINES (IMO 7434262): ","Philippines","Passenger/Ro-Ro Cargo","2002-04-05 00:00","","Marine casualty","","Panglao Island, Bohol","","0",""
"C0004226","1","EBN HAWKEL (IMO 7915187)","EBN HAWKEL (IMO 7915187): ","Libya","General Cargo","2002-04-05 00:00","","Very serious marine casualty","","20 miles off Skikda, Algeria","","0",""
"C0004557","2","TANYA (IMO 9218698), VADIM POPOV (IMO 8422436)","TANYA (IMO 9218698): , VADIM POPOV (IMO 8422436): ","Republic of Korea, Russian Federation","General Cargo, Research","2002-04-03 00:00","","Marine casualty","","Sea of Japan","","0",""
"C0004562","1","MATHIAS THESEN (IMO 7324778)","MATHIAS THESEN (IMO 7324778): ","Russian Federation","Other Fishing","2002-04-03 00:00","","Marine casualty","","Towed to Esbjerg, Denmark","","0",""
"C0003966","1","STENA GOTHICA (IMO 7383138)","STENA GOTHICA (IMO 7383138): ","Sweden","Passenger/Ro-Ro Cargo","2002-04-02 00:20","","Marine casualty","","Eastern approach jetty to Immingham locks","Port approach","1","Unknown"
"C0004551","1","AQUARIUS (IMO 9147459)","AQUARIUS (IMO 9147459): ","Netherlands (Kingdom of)","General Cargo","2002-04-02 00:00","","Marine casualty","","60 nm of Cadiz, Spain","","0",""
"C0004553","1","CAPE HORN (IMO 7704942)","CAPE HORN (IMO 7704942): ","United States","Passenger/Ro-Ro Cargo","2002-04-01 00:00","","Marine casualty","","800 nm off Honolulu","","0",""
"C0004556","1","STEADFAST IV (IMO 9144433)","STEADFAST IV (IMO 9144433): ","United Kingdom","Fish Catching","2002-03-31 00:00","","Marine casualty","","North Atlantic Ocean, N.W. of Outer Hebrides, Scot","","0",""
"C0004054","2","AI GE (IMO 8514825), KOSHI MARU NO. 3","AI GE (IMO 8514825): , KOSHI MARU NO. 3: ","Belize, Unknown","General Cargo, Fish Catching","2002-03-31 00:00","","Very serious marine casualty","","22 kms S.E. of Dogo Island, Shimane prefecture","","0",""
"C0004554","1","INTERNATIONAL 4 (IMO 7906291)","INTERNATIONAL 4 (IMO 7906291): ","Panama","General Cargo","2002-03-30 00:00","","Marine casualty","","Off Paramaribo, Suriname","","0",""
"C0004566","1","YAPI (IMO 8701507)","YAPI (IMO 8701507): ","Cayman Islands (United Kingdom)","Oil Tanker","2002-03-30 00:00","","Marine casualty","","Suez Canal km 130","","0",""
"C0004552","1","BALTIC REEFER (IMO 7384106)","BALTIC REEFER (IMO 7384106): ","Malta","Refrigerated Cargo","2002-03-30 00:00","","Marine casualty","","North Atlantic Ocean, N.E. of Cape Verde","","0",""
"C0004579","1","NORLFOLK","NORLFOLK: ","United States","Non-ship structures","2002-03-28 00:00","","Very serious marine casualty","","Norfolk Naval Station, Pier 2, Virginia","","0",""
"C0004547","1","MODESTE I (IMO 7417202)","MODESTE I (IMO 7417202): ","Honduras","Non-ship structures","2002-03-26 00:00","","Marine casualty","","North of Haiti","","0",""
"C0004538","1","AERONAUT","AERONAUT: ","Russian Federation","Fish Catching","2002-03-26 00:00","","Very serious marine casualty","","Sea of Okhotsk","","0",""
"C0004541","1","BLIKUR (IMO 7704849)","BLIKUR (IMO 7704849): ","Faroes, Denmark","Non-ship structures","2002-03-26 00:00","","Marine casualty","","Towed into Kristiansand, Norway","","0",""
"C0004550","1","STARLITE ELISA (IMO 8403325)","STARLITE ELISA (IMO 8403325): ","Panama","General Cargo","2002-03-26 00:00","","Marine casualty","","Off Sakaiminato","","0",""
"C0004543","2","BRITISH VIGILANCE (IMO 9002611), STENA KING (IMO 7358133)","BRITISH VIGILANCE (IMO 9002611): , STENA KING (IMO 7358133): ","Isle of Man (United Kingdom), Bermuda (United Kingdom)","Oil Tanker, Oil Tanker","2002-03-25 00:00","","Marine casualty","","15nm off Fujairah, United Arab Emirates","","0",""
"C0004549","1","Shinhaein (IMO 8122696)","Shinhaein (IMO 8122696): ","Republic of Korea","General Cargo","2002-03-25 00:00","","Marine casualty","34° 14.20' N 134° 38.80' E","Near Onaruto bridge, Tokushima prefecture","Inland waters","0",""
"C0004555","1","RANDEFOSS (IMO 6721151)","RANDEFOSS (IMO 6721151): ","Saint Vincent and the Grenadines","Other Bulk Dry","2002-03-24 00:00","","Marine casualty","","W. of Norway","","0",""
"C0004539","1","APOLLONIA LION (IMO 7527540)","APOLLONIA LION (IMO 7527540): ","Greece","Bulk Dry","2002-03-22 00:00","","Marine casualty","","400 nm W. of Mumbai, Arabian sea","","0",""
"C0004542","1","BLUE SAPPHIRE (IMO 8819081)","BLUE SAPPHIRE (IMO 8819081): ","Liberia","Chemical Tanker","2002-03-21 00:00","","Marine casualty","","Entrance to Suez canal","","0",""
"C0004535","1","KARAM","KARAM: ","Sao Tome and Principe","General Cargo","2002-03-19 00:00","","Marine casualty","","18nm off Faylakah Island, Kuwait","","0",""
"C0003963","1","LAKE CARLING (IMO 8418758)","LAKE CARLING (IMO 8418758): ","Marshall Islands","Bulk Dry","2002-03-19 00:00","","Marine casualty","","Off Sept Iles","","1","Unknown"
"C0004199","1","UNION STAR 22 (IMO 7741445)","UNION STAR 22 (IMO 7741445): ","Belize","General Cargo","2002-03-18 00:00","","Marine casualty","","Pulau Pangkor, Malacca Strait, off Penang","","0",""
"C0004536","1","KATSHESHUK","KATSHESHUK: ","Canada","Fish Catching","2002-03-17 15:45","","Very serious marine casualty","","76nm East-Northeast of Belle Isle, Newfoundland & Labrador","","1","Canada"
"C0004540","1","BARRIER (IMO 9160970)","BARRIER (IMO 9160970): ","Türkiye","Container","2002-03-16 00:00","","Marine casualty","","Off Cape St. Francis, South Africa","","0",""
"C0004548","2","PRAIRIE SKY (IMO 9073983), STOLT PERSEVERANCE (IMO 9124471)","PRAIRIE SKY (IMO 9073983): , STOLT PERSEVERANCE (IMO 9124471): ","Panama, Cayman Islands (United Kingdom)","Bulk Dry, Chemical Tanker","2002-03-15 00:00","","Marine casualty","","North of Gamboa, Panama Canal","","0",""
"C0004201","1","UTESNOYE (IMO 8631829)","UTESNOYE (IMO 8631829): ","Russian Federation","Fish Catching","2002-03-15 00:00","","Very serious marine casualty","","North Pacific Ocean","","0",""
"C0003961","2","BIZON (IMO 8884969), GULDBORG","BIZON (IMO 8884969): , GULDBORG: ","Unknown, Denmark","Towing / Pushing, Fish Catching","2002-03-14 02:30","","Very serious marine casualty","","Western part of the Baltic Sea","Open sea","2","Denmark; Denmark"
"C0004529","1","ERIDAN (IMO 7203261)","ERIDAN (IMO 7203261): ","Ukraine","Container","2002-03-13 00:00","","Marine casualty","","Kepez light, Canakkale","","0",""
"C0004580","1","INSIKO 1907","INSIKO 1907: ","Indonesia","Fish Catching","2002-03-13 00:00","","Very serious marine casualty","","S.W. of Hawaii Island (United States)","","0",""
"C0004052","2","A.M.  VELLA (IMO 7216878), KOTA HADIAH (IMO 9151307)","A.M.  VELLA (IMO 7216878): , KOTA HADIAH (IMO 9151307): ","Belize, Singapore","Non-ship structures, Container","2002-03-12 21:43","","Very serious marine casualty","","Kap Shui Channel, S.E. of Ha Pang light","Coastal waters","1","Singapore"
"C0004525","1","HAI SOON XII (IMO 7825112)","HAI SOON XII (IMO 7825112): ","Singapore","Non-ship structures","2002-03-12 00:00","","Marine casualty","","Arrived Port of Spain, Trinidad","","0",""
"C0004527","2","CURUG MAS (IMO 8022640), FLORES (IMO 8211368)","CURUG MAS (IMO 8022640): , FLORES (IMO 8211368): ","Indonesia, Indonesia","General Cargo, Non-ship structures","2002-03-12 00:00","","Marine casualty","","Belawan coast, Sumatera","","0",""
"C0004065","1","CAMADAN (IMO 7827407)","CAMADAN (IMO 7827407): ","Türkiye","General Cargo","2002-03-11 00:00","","Very serious marine casualty","","12 nm S.W. of Malta","","0",""
"C0004526","1","SEVEN OCEAN (IMO 9014406)","SEVEN OCEAN (IMO 9014406): ","Panama","Bulk Dry","2002-03-10 00:00","","Marine casualty","","Gulf of Finland","","0",""
"C0004524","1","CANMAR TRIUMPH (IMO 7718620)","CANMAR TRIUMPH (IMO 7718620): ","Bermuda (United Kingdom)","Container","2002-03-10 00:00","","Marine casualty","","Arrived Cadiz","","0",""
"C0004534","1","WHITHAVEN (IMO 7219088)","WHITHAVEN (IMO 7219088): ","United Kingdom","Non-ship structures","2002-03-09 01:33","","Marine casualty","","Near New Ross, river Barrow, county Wexford","","1","Unknown"
"C0004532","1","OKTYABR (IMO 8860523)","OKTYABR (IMO 8860523): ","Russian Federation","Fish Catching","2002-03-09 00:00","","Marine casualty","","Off Urup Island, Kurile Islands","","0",""
"C0004533","1","PLAYA DA CATIVA (IMO 8802349)","PLAYA DA CATIVA (IMO 8802349): ","Spain","Fish Catching","2002-03-09 00:00","","Marine casualty","","Atlantic ocean, N.W. of Ireland","","0",""
"C0004578","1","CSL TADOUSSAC (IMO 6918716)","CSL TADOUSSAC (IMO 6918716): ","Canada","Non-ship structures","2002-03-09 00:00","","Marine casualty","","Hamilton","","0",""
"C0004581","1","EURO TRES","EURO TRES: ","Philippines","General Cargo","2002-03-08 00:00","","Marine casualty","","Entrance to the Dumaguete Channel","","0",""
"C0004530","1","GREYHOUND (IMO 6828351)","GREYHOUND (IMO 6828351): ","Philippines","General Cargo","2002-03-08 00:00","","Marine casualty","","Gingoog Bay/Butan Bay, Mindanao Island","","0",""
"C0004531","1","MAERSK LA GUAIRA (IMO 9117650)","MAERSK LA GUAIRA (IMO 9117650): ","Antigua and Barbuda","Container","2002-03-07 00:00","","Marine casualty","","Guayaquil access Channel, Buoy 22, near Posorja","","0",""
"C0004515","1","DIANA Z (IMO 7700063)","DIANA Z (IMO 7700063): ","Panama","Bulk Dry","2002-03-07 00:00","","Marine casualty","","Gatun lake, Panama Canal","","0",""
"C0004528","1","DUISBERG","DUISBERG: ","Antigua and Barbuda","General Cargo","2002-03-06 00:00","","Marine casualty","","Bay of Biscay","","0",""
"C0004520","1","SVILEN RUSSEV (IMO 8128145)","SVILEN RUSSEV (IMO 8128145): ","Bulgaria","Bulk Dry","2002-03-06 00:00","","Marine casualty","","Elbe anchorage, Cuxhaven","","0",""
"C0004521","1","TISTA (IMO 7724021)","TISTA (IMO 7724021): ","Gibraltar (United Kingdom)","General Cargo","2002-03-04 00:00","","Marine casualty","","Rauma","","0",""
"C0004522","1","TROPICAL","TROPICAL: ","Portugal","Fish Catching","2002-03-04 00:00","","Marine casualty","","Off Port St. John's, South Africa","","0",""
"C0004517","1","LOMUR (IMO 8714372)","LOMUR (IMO 8714372): ","United Kingdom","Fish Catching","2002-03-04 00:00","","Marine casualty","","North pier, Buckie, Scotland","","0",""
"C0004514","1","BLACK PRINCE (IMO 6613328)","BLACK PRINCE (IMO 6613328): ","Bahamas","Passenger","2002-03-03 00:00","","Marine casualty","","Casilda","","0",""
"C0004519","1","SOGNEFORD (IMO 8311302)","SOGNEFORD (IMO 8311302): ","Norway","Passenger/Ro-Ro Cargo","2002-03-02 00:00","","Marine casualty","","Near Kalvanes","","0",""
"C0004513","1","AGDENES (IMO 9018804)","AGDENES (IMO 9018804): ","Norway","Non-ship structures","2002-03-02 00:00","","Marine casualty","","Geitoy, off Froya Island","","0",""
"C0004163","1","MILLENNIUM EXPRESS II (IMO 6710906)","MILLENNIUM EXPRESS II (IMO 6710906): ","Panama","Non-ship structures","2002-03-02 00:00","","Marine casualty","","Ionian Sea, S. of the Strofades Islands","","0",""
"C0004516","1","ELEGANCE (IMO 9173575)","ELEGANCE (IMO 9173575): ","United Kingdom","Fish Catching","2002-03-01 00:00","","Marine casualty","","Peterhead North harbour, Scotland","","0",""
"C0004512","1","WINTERSET (IMO 7609726)","WINTERSET (IMO 7609726): ","Marshall Islands","General Cargo","2002-02-27 00:00","","Marine casualty","","Caribbean Sea","","0",""
"C0004690","1","JOHNNY (IMO 7617424)","JOHNNY (IMO 7617424): ","Malta","General Cargo","2002-02-27 00:00","","Marine casualty","","South Atlantic Ocean","","0",""
"C0004693","1","NADINE (IMO 7900091)","NADINE (IMO 7900091): ","Antigua and Barbuda","General Cargo","2002-02-26 00:00","","Marine casualty","","Off Ile d'Oleron","","0",""
"C0004694","2","A. V. KASTNER (IMO 8605208), SWIFT","A. V. KASTNER (IMO 8605208): , SWIFT: ","Bermuda (United Kingdom), Unknown","Bulk Dry, Towing / Pushing","2002-02-25 00:00","","Very serious marine casualty","","Elk river","","1","Bermuda (United Kingdom)"
"C0004241","1","FILIPPOS K II (IMO 7803542)","FILIPPOS K II (IMO 7803542): ","Greece","Other Bulk Dry","2002-02-25 00:00","","Marine casualty","","11 nm N.E. of Skyros Island","","0",""
"C0003960","2","ANJOLA (IMO 7633349), AROLD (IMO 6506329)","ANJOLA (IMO 7633349): , AROLD (IMO 6506329): ","Antigua and Barbuda, Saint Vincent and the Grenadines","General Cargo, General Cargo","2002-02-25 00:00","","Marine incident","","Near Grove light in the River Trent","","1","Unknown"
"C0004518","1","M. MELODY (IMO 7519725)","M. MELODY (IMO 7519725): ","Bahamas","General Cargo","2002-02-24 00:00","","Marine casualty","","Off Luanda, Angola","","0",""
"C0004688","1","COLOR FESTIVAL (IMO 8306486)","COLOR FESTIVAL (IMO 8306486): ","Norway","Non-ship structures","2002-02-23 00:00","","Marine casualty","","Hirtshals","","0",""
"C0004689","1","JANINA (IMO 8811728)","JANINA (IMO 8811728): ","Saint Vincent and the Grenadines","General Cargo","2002-02-23 00:00","","Marine casualty","","North sea, towed to Sunderland","","0",""
"C0004695","1","WINCHESTER","WINCHESTER: ","Canada","Non-ship structures","2002-02-22 00:00","","Marine casualty","","South East Bight, Newfoundland","","0",""
"C0004691","1","MACHIAVELLI (IMO 9068110)","MACHIAVELLI (IMO 9068110): ","Netherlands (Kingdom of)","Dredging","2002-02-22 00:00","","Very serious marine casualty","","Off Klaipeda","","0",""
"C0004181","1","ROLLNES (IMO 7366013)","ROLLNES (IMO 7366013): ","Bahamas","Bulk Dry","2002-02-19 19:35","","Marine casualty","60° 08.30' N 5° 54.00' E","","","2","Bahamas; Bahamas"
"C0004683","1","DOURO CHEMIST (IMO 9020429)","DOURO CHEMIST (IMO 9020429): ","Portugal","Chemical Tanker","2002-02-19 00:00","","Marine casualty","","Nauvo Island, Turku archipelago","","0",""
"C0004684","1","FORAGER","FORAGER: ","United States","Fish Catching","2002-02-19 00:00","","Very serious marine casualty","","3 miles off Point Judith, Rhode Island","","0",""
"C0004582","1","LUKE DAVID","LUKE DAVID: ","United States","Non-ship structures","2002-02-19 00:00","","Marine casualty","","20 miles off Dauphin Island, Alabama","","0",""
"C0004072","1","CSL PACIFIC (IMO 7420716)","CSL PACIFIC (IMO 7420716): ","Bahamas","Bulk Dry","2002-02-18 00:00","","Marine incident","","S. of Portland, Victoria, at sea","","2","Australia; Unknown"
"C0004687","1","VIENTO (IMO 7926942)","VIENTO (IMO 7926942): ","Malta","Bulk Dry","2002-02-14 00:00","","Marine casualty","","35 nm off Kefallonia Island, Greece","","0",""
"C0004685","1","PANDA (IMO 7017430)","PANDA (IMO 7017430): ","Lebanon","General Cargo","2002-02-13 00:00","","Marine casualty","","Tawile Island, Tripoli Islands","","0",""
"C0004678","1","MERCOSUL URUGUAY (IMO 9163556)","MERCOSUL URUGUAY (IMO 9163556): ","Netherlands (Kingdom of)","General Cargo","2002-02-13 00:00","","Marine casualty","","After sailing from Guayaquil, Ecuador","","0",""
"C0004681","1","SUN (IMO 8220163)","SUN (IMO 8220163): ","Malta","Bulk Dry","2002-02-12 00:00","","Marine casualty","","Delaware river, near buoy 22","","0",""
"C0004680","1","SOUTH TRADER (IMO 7368889)","SOUTH TRADER (IMO 7368889): ","Liberia","Chemical Tanker","2002-02-11 00:00","","Marine casualty","","Off Cornwall, England","","0",""
"C0004675","1","ALBAKOR (IMO 8522004)","ALBAKOR (IMO 8522004): ","Russian Federation","Fish Catching","2002-02-11 00:00","","Marine casualty","","Off Trelleborg","","0",""
"C0004197","1","TRIUMPH KAOHSIUNG (IMO 7717937)","TRIUMPH KAOHSIUNG (IMO 7717937): ","Panama","General Cargo","2002-02-11 00:00","","Very serious marine casualty","","East China Sea, 110 kms W. of Uku Island (Goto Isl","","0",""
"C0004686","1","PRINCESA TEGUISE (IMO 9015113)","PRINCESA TEGUISE (IMO 9015113): ","Canary Islands (Spain)","Non-ship structures","2002-02-10 00:00","","Marine casualty","","Off Las Palmas","","0",""
"C0004584","1","LORINE STEEL","LORINE STEEL: ","Antigua and Barbuda","","2002-02-10 00:00","","Very serious marine casualty","","14nm off St. Thomas, U.S. Virgin Islands","","1","Antigua and Barbuda"
"C0004676","1","GERHEIN G (IMO 8806084)","GERHEIN G (IMO 8806084): ","Antigua and Barbuda","General Cargo","2002-02-09 00:00","","Marine casualty","","North sea","","0",""
"C0004670","1","AMELIA (IMO 8521191)","AMELIA (IMO 8521191): ","Italy","Bulk Dry","2002-02-09 00:00","","Marine casualty","","Off Lazaro Cardenas","","0",""
"C0004189","1","TANTO (IMO 5352496)","TANTO (IMO 5352496): ","Norway","General Cargo","2002-02-09 00:00","","Very serious marine casualty","","Between Bodo and Bilksvaer Island","","0",""
"C0004235","1","EIFFEL SUN (IMO 7528192)","EIFFEL SUN (IMO 7528192): ","Belize","General Cargo","2002-02-08 00:00","","Very serious marine casualty","","125 nm N.E. of Lanzarote","","0",""
"C0004677","1","HORNET (IMO 7124219)","HORNET (IMO 7124219): ","Thailand","General Cargo","2002-02-08 00:00","","Marine casualty","","Chao Phraya river, Bangkok","","0",""
"C0004682","1","ULSAN SPIRIT (IMO 8806527)","ULSAN SPIRIT (IMO 8806527): ","Bahamas","Oil Tanker","2002-02-08 00:00","","Marine casualty","","Persian Gulf","","0",""
"C0004679","1","MING ZENITH (IMO 9118317)","MING ZENITH (IMO 9118317): ","Singapore","Container","2002-02-07 00:00","","Marine casualty","","Suez Canal, km 114","","0",""
"C0004669","1","SUNNY BLOSSOM (IMO 8502482)","SUNNY BLOSSOM (IMO 8502482): ","Bahamas","Chemical Tanker","2002-02-07 00:00","","Marine casualty","","Off Algeria","","0",""
"C0004583","1","GERMAN TRADER (IMO 8014203)","GERMAN TRADER (IMO 8014203): ","Liberia","Chemical Tanker","2002-02-07 00:00","","Marine casualty","","Off Belawan, Sumatera Island, Indonesia","","0",""
"C0004588","1","ALOHA (IMO 7200623)","ALOHA (IMO 7200623): ","Panama","Non-ship structures","2002-02-07 00:00","","Very serious marine casualty","","100 nm N.E. of Cozumel, Mexico","","0",""
"C0004050","1","ALBARAKAH 1 (IMO 6619621)","ALBARAKAH 1 (IMO 6619621): ","Somalia","General Cargo","2002-02-07 00:00","","Very serious marine casualty","","Arabian sea","","0",""
"C0004674","2","ELISABETH, TORNADO (IMO 7346207)","ELISABETH: , TORNADO (IMO 7346207): ","Unknown, Belgium","Container, Fish Catching","2002-02-06 00:00","","Marine casualty","","North Sea","","0",""
"C0004511","1","JODY F MILLENIUM (IMO 9224099)","JODY F MILLENIUM (IMO 9224099): ","Panama","Bulk Dry","2002-02-06 00:00","","Marine casualty","","Off Gisborne","","0",""
"C0004672","1","KRONVIKEN (IMO 8613853)","KRONVIKEN (IMO 8613853): ","Norway","Oil Tanker","2002-02-05 00:00","","Marine casualty","","En route from Donges (France) to Setubal (Portugal","","0",""
"C0004673","1","OXANA TRADER (IMO 8506397)","OXANA TRADER (IMO 8506397): ","Antigua and Barbuda","General Cargo","2002-02-04 00:00","","Marine casualty","","English Channel, S. of Cornwall","","0",""
"C0004510","1","BOHINJ (IMO 8112964)","BOHINJ (IMO 8112964): ","Antigua and Barbuda","Bulk Dry","2002-02-02 00:00","","Marine casualty","","Immingham oil terminal, berth 1","","0",""
"C0004067","1","CELESTIAL DAWN (IMO 7324182)","CELESTIAL DAWN (IMO 7324182): ","Ireland","Fish Catching","2002-02-02 00:00","","Marine casualty","","Dingle harbour","","1","Unknown"
"C0005726","1","POVL ANKER (IMO 7633143)","POVL ANKER (IMO 7633143): ","DIS (Denmark)","","2002-02-01 04:37","","Marine incident","","The Sound","Coastal waters","1","Denmark"
"C0004155","1","LE PARRAIN (IMO 6402250)","LE PARRAIN (IMO 6402250): ","France","Fish Catching","2002-02-01 00:00","","Very serious marine casualty","","North Atlantic Ocean","","0",""
"C0004668","1","LEADER (IMO 6905276)","LEADER (IMO 6905276): ","United States","Non-ship structures","2002-02-01 00:00","","Marine casualty","","New York city","","0",""
"C0003968","1","KODIMA (IMO 8603389)","KODIMA (IMO 8603389): ","Malta","General Cargo","2002-02-01 00:00","","Marine casualty","","English channel, about 20 miles from Falmouth","","1","Unknown"
"C0003964","1","SARDINIA VERA (IMO 7360617)","SARDINIA VERA (IMO 7360617): ","Italy","Non-ship structures","2002-02-01 00:00","","Marine incident","","About 2 cables S. of Newhaven east pier","","1","Unknown"
"C0004692","1","KELARVI (IMO 9123295)","KELARVI (IMO 9123295): ","Russian Federation","General Cargo","2002-01-29 00:00","","Marine casualty","","Off Keadby","","0",""
"C0004198","1","UNI-RAYA GLORY (IMO 8021244)","UNI-RAYA GLORY (IMO 8021244): ","Singapore","General Cargo","2002-01-29 00:00","","Very serious marine casualty","","Off Nha Trang beach, Van Phong Bay, S. Khan Hoa Pr","","1","Singapore"
"C0004246","1","HOOFORT (IMO 8203490)","HOOFORT (IMO 8203490): ","United Kingdom","General Cargo","2002-01-28 00:00","","Marine casualty","","Rye, Sussex","","0",""
"C0004585","1","SUGAR DIANE-Z","SUGAR DIANE-Z: ","Unknown","General Cargo","2002-01-28 00:00","","Very serious marine casualty","","Off Pangutaran Islands, Sulu archipelago","","0",""
"C0004509","1","SANTA ROSA (IMO 9128441)","SANTA ROSA (IMO 9128441): ","Liberia","Bulk Dry","2002-01-28 00:00","","Marine casualty","","Off Portland Bill","","0",""
"C0004209","1","SILVERTHORN (IMO 8028254)","SILVERTHORN (IMO 8028254): ","United Kingdom","General Cargo","2002-01-27 00:00","","Marine casualty","","Newport","","0",""
"C0004185","1","SJARD (IMO 8817617)","SJARD (IMO 8817617): ","Antigua and Barbuda","General Cargo","2002-01-27 00:00","","Very serious marine casualty","","350 nm E. of St. John's, Newfoundland","","1","Antigua and Barbuda"
"C0004144","1","JAYA ABADI (IMO 8873594)","JAYA ABADI (IMO 8873594): ","Indonesia","Passenger/Ro-Ro Cargo","2002-01-27 00:00","","Very serious marine casualty","","Off Batam Island, Indonesia","","0",""
"C0004152","1","LAN JIE (IMO 7004316)","LAN JIE (IMO 7004316): ","Cambodia","General Cargo","2002-01-26 00:00","","Very serious marine casualty","","Off Kochi Prefecture, western Japan","","0",""
"C0004210","1","0002ND LT. JOHN P. BOBO (IMO 8219384)","0002ND LT. JOHN P. BOBO (IMO 8219384): ","United States","Passenger/Ro-Ro Cargo","2002-01-26 00:00","","Marine casualty","","Western Mediterranean","","0",""
"C0004208","2","GRANDE BRASILE (IMO 9198123), NORTH DUCHESS (IMO 8301955)","GRANDE BRASILE (IMO 9198123): , NORTH DUCHESS (IMO 8301955): ","Italy, Greece","Non-ship structures, Bulk Dry","2002-01-26 00:00","","Marine casualty","","At km 28 River Plate, en route from Salvador (Braz","","0",""
"C0004033","1","GALATEIA (IMO 9047075)","GALATEIA (IMO 9047075): ","Bahamas","Bulk Dry","2002-01-26 00:00","","Marine incident","","Seaforth Docks, Liverpool","","1","Unknown"
"C0004508","2","BAHAMIAN EXPRESS (IMO 9216729), KAPITAN AZARKIN (IMO 8907096)","BAHAMIAN EXPRESS (IMO 9216729): , KAPITAN AZARKIN (IMO 8907096): ","Marshall Islands, Russian Federation","Container, Other Fishing","2002-01-25 00:00","","Marine casualty","","About 120nm off Pusan, Republic of Korea","","0",""
"C0004507","2","ATLANTIC EXPRESS (IMO 8412223), RIMA S (IMO 7712327)","ATLANTIC EXPRESS (IMO 8412223): , RIMA S (IMO 7712327): ","Panama, Lebanon","Bulk Dry, General Cargo","2002-01-24 00:00","","Marine casualty","","Near La Goulette","","0",""
"C0004586","1","SEASPAN 320","SEASPAN 320: ","Canada","Non-ship structures","2002-01-24 00:00","","Very serious marine casualty","","Queen Charlotte Strait","","0",""
"C0004712","1","CORAL TRADER (IMO 7718929)","CORAL TRADER (IMO 7718929): ","Bahamas","Passenger/Ro-Ro Cargo","2002-01-24 00:00","","Marine casualty","","En route from Lae to Port Moresby","","0",""
"C0004204","1","VILCO 3 (IMO 7731347)","VILCO 3 (IMO 7731347): ","United States","Fish Catching","2002-01-24 00:00","","Very serious marine casualty","","13 miles W. of Egmont Key, W. coast of Florida","","0",""
"C0004200","1","UNIQUE 11 (IMO 7701885)","UNIQUE 11 (IMO 7701885): ","Thailand","Non-ship structures","2002-01-23 00:00","","Very serious marine casualty","","Off the coast of Vietnam","","1","Thailand"
"C0004232","1","COVERED WAGON (IMO 7603825)","COVERED WAGON (IMO 7603825): ","United States","Fish Catching","2002-01-22 00:00","","Very serious marine casualty","","145 miles S.E. of Boston, Massachusetts","","0",""
"C0004207","1","TLI ATSAH (IMO 9208681)","TLI ATSAH (IMO 9208681): ","Antigua and Barbuda","General Cargo","2002-01-21 00:00","","Marine casualty","","Off Tokyo","","0",""
"C0004053","1","AGHIA TRIAS (IMO 7389340)","AGHIA TRIAS (IMO 7389340): ","Panama","Bulk Dry","2002-01-21 00:00","","Marine casualty","","North Atlantic Ocean","","0",""
"C0004064","1","CACAO (IMO 7904499)","CACAO (IMO 7904499): ","Belize","Bulk Dry","2002-01-20 00:00","","Marine casualty","","160 nm off the coast of Oman","","0",""
"C0004671","1","ANNIKA L (IMO 9043134)","ANNIKA L (IMO 9043134): ","Antigua and Barbuda","General Cargo","2002-01-20 00:00","","Marine casualty","","Caribbean sea, after sailing from Cartagena, Colom","","0",""
"C0004710","2","ALLEGIANCE (IMO 7728716), SEA KING (IMO 7367158)","ALLEGIANCE (IMO 7728716): , SEA KING (IMO 7367158): ","United States, United States","Oil Tanker, Towing / Pushing","2002-01-19 00:00","","Marine casualty","","Between Vancouver Island (Canada) and Bellingham (","","0",""
"C0004711","1","COSMEA (IMO 8920268)","COSMEA (IMO 8920268): ","Germany","General Cargo","2002-01-18 00:00","","Marine casualty","","Near Jannseni Quay, Parnu","","0",""
"C0004206","1","MED UNITY (IMO 7433452)","MED UNITY (IMO 7433452): ","Panama","Bulk Dry","2002-01-18 00:00","","Marine casualty","","Mediterranean sea","","0",""
"C0004709","1","ALEUTIAN ROVER (IMO 7049378)","ALEUTIAN ROVER (IMO 7049378): ","United States","Fish Catching","2002-01-17 00:00","","Marine casualty","","Bering sea","","0",""
"C0005756","1","SPRINGEREN","SPRINGEREN: ","Denmark","Towing / Pushing","2002-01-16 16:15","","Marine casualty","","The Elbe, Hamburg","Port approach","1","Denmark"
"C0004703","1","EWALD (IMO 9210012)","EWALD (IMO 9210012): ","Germany","General Cargo","2002-01-15 00:00","","Marine casualty","","En route from Verdal (Norway) to Rotterdam (Nether","","0",""
"C0004205","1","EASTERN FORTITUDE (IMO 9213208)","EASTERN FORTITUDE (IMO 9213208): ","Panama","Chemical Tanker","2002-01-15 00:00","","Very serious marine casualty","","Near Rayong Bay","","0",""
"C0004705","1","STANDARD VALOR (IMO 7410785)","STANDARD VALOR (IMO 7410785): ","Greece","Bulk Dry","2002-01-13 00:00","","Marine casualty","","At km 390.5 river Parana, en route from San Lorenz","","0",""
"C0004706","1","SUPERFAST V (IMO 9198927)","SUPERFAST V (IMO 9198927): ","Greece","Non-ship structures","2002-01-11 00:00","","Marine casualty","","Arrived Bremerhaven, Germany","","0",""
"C0004587","1","ABU EL-FAWARES","ABU EL-FAWARES: ","Unknown","Fish Catching","2002-01-11 00:00","","Very serious marine casualty","","Off Ras Gharib, Gulf of Suez","","0",""
"C0004537","1","NASIA (IMO 8406078)","NASIA (IMO 8406078): ","Cyprus","Bulk Dry","2002-01-11 00:00","","Marine casualty","","Sepetiba terminal","","0",""
"C0004090","1","WASSIM (IMO 5412870)","WASSIM (IMO 5412870): ","Cambodia","General Cargo","2002-01-11 00:00","","Very serious marine casualty","","Akantia, Rhodes Island","","0",""
"C0004699","1","BOZONA (IMO 9106974)","BOZONA (IMO 9106974): ","Malta","General Cargo","2002-01-10 00:00","","Marine casualty","","Near Malaga","","0",""
"C0004697","1","MIAOULIS I (IMO 8967759)","MIAOULIS I (IMO 8967759): ","Greece","Non-ship structures","2002-01-09 00:00","","Marine casualty","","Skouronisi, southern Evoikos","","0",""
"C0004708","1","VIRGIN (IMO 7347469)","VIRGIN (IMO 7347469): ","Liberia","Oil Tanker","2002-01-08 00:00","","Marine casualty","","Near buoy 12, river Congo","","0",""
"C0004523","1","UMOJA","UMOJA: ","United Republic of Tanzania","Passenger","2002-01-07 00:00","","Marine casualty","","Lake Victoria between Mwanza and Kisumu","","0",""
"C0004698","1","NORDLAND (IMO 7529940)","NORDLAND (IMO 7529940): ","Norway","Non-ship structures","2002-01-06 00:00","","Marine casualty","","Angerholmen near Glomfjord","","0",""
"C0003365","2","DIAMANT (IMO 9135884), NORTHERN MERCHANT (IMO 9181091)","DIAMANT (IMO 9135884): , NORTHERN MERCHANT (IMO 9181091): ","Luxembourg, United Kingdom","Non-ship structures, Non-ship structures","2002-01-06 00:00","","Marine incident","","3 miles S.-E. of Dover","Coastal waters","1","Unknown"
"C0004704","1","HACI EMINE ANA (IMO 8117847)","HACI EMINE ANA (IMO 8117847): ","Türkiye","General Cargo","2002-01-05 00:00","","Marine casualty","","Near Yeniköy, river Bosporus","","0",""
"C0004696","1","DUYEN PHAT 01 (IMO 7651614)","DUYEN PHAT 01 (IMO 7651614): ","Viet Nam","General Cargo","2002-01-05 00:00","","Marine casualty","","Jurong Terminal","","0",""
"C0004702","1","BLIND FAITH","BLIND FAITH: ","United States","Fish Catching","2002-01-03 00:00","","Marine casualty","","Off Garden Key, off Key West, Florida","","0",""
"C0004707","1","VAERNES (IMO 8112689)","VAERNES (IMO 8112689): ","Norway","General Cargo","2002-01-02 00:00","","Marine casualty","","Hustavika","","0",""
"C0004700","1","FJORD PEARL (IMO 7524354)","FJORD PEARL (IMO 7524354): ","Malta","General Cargo","2002-01-02 00:00","","Marine casualty","","Off Aland Islands, Finland","","0",""
"C0004147","1","KAI TUO (IMO 7365239)","KAI TUO (IMO 7365239): ","China","Fish Catching","2002-01-02 00:00","","Very serious marine casualty","","Shanghai","","0",""
"C0004701","1","BONGA (IMO 7223144)","BONGA (IMO 7223144): ","Sao Tome and Principe","Bulk Dry","2002-01-01 00:00","","Marine casualty","","Dodecannese","","0",""
"C0003967","1","CITY OF SUNDERLAND (IMO 9046356)","CITY OF SUNDERLAND (IMO 9046356): ","Isle of Man (United Kingdom)","Non-ship structures","2002-01-01 00:00","","Marine casualty","","Port of Hanko","","0",""
"C0003962","1","WILLY (IMO 8007092)","WILLY (IMO 8007092): ","Cyprus","Non-ship structures","2002-01-01 00:00","","Marine casualty","","Cawsand bay, Plymouth Sound","","1","Unknown"
"C0003842","1","SEA SPLENDOUR (IMO 7388906)","SEA SPLENDOUR (IMO 7388906): ","Bahamas","Oil Tanker","2001-12-31 00:00","","Very serious marine casualty","","En route from Mauritius to Chittagong, Bangladesh","","0",""
"C0003866","1","SOPHIA II (IMO 7397971)","SOPHIA II (IMO 7397971): ","Panama","General Cargo","2001-12-29 00:00","","Marine casualty","","Constantza","","0",""
"C0003861","1","EL SAGED (IMO 8874859)","EL SAGED (IMO 8874859): ","Georgia","General Cargo","2001-12-28 00:00","","Marine casualty","","Off Crete, Grece","","0",""
"C0003865","1","HUNTE (IMO 7928665)","HUNTE (IMO 7928665): ","Antigua and Barbuda","General Cargo","2001-12-28 00:00","","Marine casualty","","Texel beach","","0",""
"C0003859","1","AASVIK (IMO 8500898)","AASVIK (IMO 8500898): ","Norway","Bulk Dry","2001-12-28 00:00","","Marine casualty","","North Sea","","0",""
"C0003841","1","SLOMAN TRAVELLER (IMO 8214401)","SLOMAN TRAVELLER (IMO 8214401): ","Antigua and Barbuda","Passenger/Ro-Ro Cargo","2001-12-28 00:00","","Marine casualty","","North Sea","","0",""
"C0003858","1","SAFIL-1 (IMO 7003257)","SAFIL-1 (IMO 7003257): ","Russian Federation","Fish Catching","2001-12-27 00:00","","Marine casualty","","La Perouse Strait","","0",""
"C0003854","1","DURSEY (IMO 7223211)","DURSEY (IMO 7223211): ","Ireland","Fish Catching","2001-12-26 00:00","","Very serious marine casualty","","Bouzad-Vigo Quay","","0",""
"C0003856","1","IRENE K (IMO 7412434)","IRENE K (IMO 7412434): ","Saint Vincent and the Grenadines","General Cargo","2001-12-25 00:00","","Marine casualty","","Off Tinos","","0",""
"C0003852","1","BRIGHT SKY (IMO 9181493)","BRIGHT SKY (IMO 9181493): ","Panama","General Cargo","2001-12-25 00:00","","Marine casualty","","Coral Sea","","0",""
"C0003862","1","HACI HILMI BEY (IMO 7702798)","HACI HILMI BEY (IMO 7702798): ","Türkiye","Bulk Dry","2001-12-24 00:00","","Marine casualty","","Off Tioman Island","","0",""
"C0003860","1","ALEXANDER THE GREAT (IMO 7111731)","ALEXANDER THE GREAT (IMO 7111731): ","Greece","Non-ship structures","2001-12-23 00:00","","Marine casualty","","Arrived Bijela, Yugoslavia","","0",""
"C0003857","1","ORIENTAL SPIRIT (IMO 7433206)","ORIENTAL SPIRIT (IMO 7433206): ","Cyprus","General Cargo","2001-12-22 00:00","","Marine casualty","","Atlantic Ocean","","0",""
"C0003853","1","CHRISTOPHER (IMO 7923952)","CHRISTOPHER (IMO 7923952): ","Cyprus","Bulk Dry","2001-12-22 00:00","","Very serious marine casualty","","About 150nm N. of Graciosa Island, Azores","","0",""
"C0003867","1","STOLT ROTTERDAM","STOLT ROTTERDAM: ","Netherlands (Kingdom of)","Non-ship structures","2001-12-21 00:00","","Marine casualty","","Krefeld, River Rhine","","0",""
"C0003846","1","GRETE ATLANTIC (IMO 7642223)","GRETE ATLANTIC (IMO 7642223): ","Bahamas","Chemical Tanker","2001-12-20 00:00","","Marine casualty","","Off Grenaa","","0",""
"C0003847","1","ISABELLA (IMO 8700723)","ISABELLA (IMO 8700723): ","Finland","Non-ship structures","2001-12-20 00:00","","Marine casualty","","Near Staholm","","0",""
"C0003848","1","JAN-V (IMO 8504179)","JAN-V (IMO 8504179): ","Antigua and Barbuda","General Cargo","2001-12-19 00:00","","Marine casualty","","Great Belt","","0",""
"C0003845","2","GERD SIBUM (IMO 9121895), LOWLANDS YARRA (IMO 8412443)","GERD SIBUM (IMO 9121895): , LOWLANDS YARRA (IMO 8412443): ","Antigua and Barbuda, Panama","Container, Bulk Dry","2001-12-17 00:00","","Marine casualty","","Near buoy 32-35, Antwerp","","0",""
"C0003849","1","LISSOM (IMO 7378339)","LISSOM (IMO 7378339): ","Panama","Bulk Dry","2001-12-16 00:00","","Marine casualty","","Indian Ocean, 1,400 nm N.E. of Madagascar","","0",""
"C0003840","1","DINA (IMO 7365928)","DINA (IMO 7365928): ","Barbados","General Cargo","2001-12-16 00:00","","Very serious marine casualty","","40 nm S.W. of St. Ann's Head, Bristol Channel","","1","Barbados"
"C0003869","2","CHERNOMORETS (IMO 8933588), CHERNOMORETS (IMO 8933588)","CHERNOMORETS (IMO 8933588): , CHERNOMORETS (IMO 8933588): ","Ukraine, Ukraine","General Cargo, General Cargo","2001-12-15 21:30","","Very serious marine casualty","","Black Sea, 80 miles from Sinop, Turkey","Open sea","0",""
"C0003851","1","TAE BAEK NO. 91 (IMO 8717829)","TAE BAEK NO. 91 (IMO 8717829): ","Republic of Korea","Fish Catching","2001-12-15 00:00","","Marine casualty","","South Pacific Ocean","","0",""
"C0003850","1","NAVETRAILER (IMO 7419456)","NAVETRAILER (IMO 7419456): ","Greece","Passenger/Ro-Ro Cargo","2001-12-14 00:00","","Marine casualty","","About 80 nm off Ravenna, Italy","","0",""
"C0003834","1","GAZELLE COAST (IMO 8314548)","GAZELLE COAST (IMO 8314548): ","Hong Kong, China","General Cargo","2001-12-14 00:00","","Marine casualty","","Deboyne Island","","0",""
"C0003615","1","ROSEBANK (IMO 8028307)","ROSEBANK (IMO 8028307): ","United Kingdom","General Cargo","2001-12-14 00:00","","Marine casualty","","7 miles E. of Alnmouth, Northumberland coast","","1","Unknown"
"C0003855","2","ELIXIR (IMO 8102751), SELE/PERTAMINA 3006 (IMO 8117158)","ELIXIR (IMO 8102751): , SELE/PERTAMINA 3006 (IMO 8117158): ","Malta, Indonesia","Bulk Dry, Oil Tanker","2001-12-13 02:05","","Marine casualty","","About 30 miles off Jakarta, Indonesia","Open sea","0",""
"C0003839","1","BULUNKAN (IMO 7226469)","BULUNKAN (IMO 7226469): ","Russian Federation","General Cargo","2001-12-13 00:00","","Very serious marine casualty","","Svetlaya Bay, Northern Primorye","","0",""
"C0003833","1","ATLANTIC RIVER (IMO 7113753)","ATLANTIC RIVER (IMO 7113753): ","Cyprus","General Cargo","2001-12-12 00:00","","Marine casualty","","English Channel","","0",""
"C0004108","1","KIBARTAY (IMO 8723660)","KIBARTAY (IMO 8723660): ","Russian Federation","Fish Catching","2001-12-12 00:00","","Very serious marine casualty","","Avacha Bay","","0",""
"C0004104","1","EREBUS II (IMO 7319565)","EREBUS II (IMO 7319565): ","Seychelles","Fish Catching","2001-12-10 00:00","","Very serious marine casualty","","South Atlantic Ocean","","0",""
"C0003837","1","LADY AMAR (IMO 7621231)","LADY AMAR (IMO 7621231): ","Saint Vincent and the Grenadines","General Cargo","2001-12-10 00:00","","Very serious marine casualty","","Black Sea, off Sinop, 40 miles from the Strait of ","","0",""
"C0007634","1","STANISLAW KULCZYNSKI (IMO 8502559)","STANISLAW KULCZYNSKI (IMO 8502559): ","Malta","","2001-12-09 20:13","","Marine casualty","54° 36.10' N 1° 08.00' E","Vicinity of Fehmarn Belt Island, Germany.","Open sea","0",""
"C0003826","1","SCAN GERMANIA (IMO 9220639)","SCAN GERMANIA (IMO 9220639): ","Isle of Man (United Kingdom)","Passenger/Ro-Ro Cargo","2001-12-09 00:00","","Marine casualty","","Bilbao","","0",""
"C0003824","1","ANDINO (IMO 9013294)","ANDINO (IMO 9013294): ","Chile","Container","2001-12-09 00:00","","Marine casualty","","Off Pilar Point, Washington State","","0",""
"C0003844","2","CLIPPER (IMO 9031844), MASCOT (IMO 8956293)","CLIPPER (IMO 9031844): , MASCOT (IMO 8956293): ","Japan, Cambodia","General Cargo, General Cargo","2001-12-09 00:00","","Marine casualty","","5 kms S.W. of Susami, Wakayama Prefecture","","0",""
"C0003838","1","MEDTRADER (IMO 8857679)","MEDTRADER (IMO 8857679): ","Saint Vincent and the Grenadines","General Cargo","2001-12-07 00:00","","Very serious marine casualty","","Approx. 20 nm E. of Skyros Island, Greece","","0",""
"C0005660","2","KLAZINA VERA (IMO 8413083), KUNDA (IMO 7227164)","KLAZINA VERA (IMO 8413083): , KUNDA (IMO 7227164): ","Denmark, Estonia","Fish Catching, Ro-Ro Cargo","2001-12-06 23:35","","Very serious marine casualty","54° 55.00' N 10° 55.00' E","Langlandsbaelt","Coastal waters","1","Denmark"
"C0003825","1","MASFJORD (IMO 8714360)","MASFJORD (IMO 8714360): ","Norway","Non-ship structures","2001-12-06 00:00","","Marine casualty","","Mortavika pier","","0",""
"C0003951","1","ARKLOW VALOUR (IMO 9015046)","ARKLOW VALOUR (IMO 9015046): ","Ireland","General Cargo","2001-12-06 00:00","","Marine casualty","","20 miles S. of Portland Bill, England","","0",""
"C0003952","1","EMRE BEY (IMO 7371446)","EMRE BEY (IMO 7371446): ","Türkiye","General Cargo","2001-12-06 00:00","","Marine casualty","","Mediterranean Sea","","0",""
"C0003746","2","KLAZINA VERA, KUNDA (IMO 7227164)","KLAZINA VERA: , KUNDA (IMO 7227164): ","Denmark, Estonia","Fish Catching, Passenger/Ro-Ro Cargo","2001-12-06 00:00","","Very serious marine casualty","","Langelandsbaelt, route H","","1","Denmark"
"C0003821","1","GREAT HARMONY (IMO 9206724)","GREAT HARMONY (IMO 9206724): ","Panama","Bulk Dry","2001-12-05 00:00","","Marine casualty","","Outside Aarhus","","0",""
"C0003822","1","LARK (IMO 7525621)","LARK (IMO 7525621): ","Antigua and Barbuda","General Cargo","2001-12-05 00:00","","Marine casualty","","English Channel","","0",""
"C0004098","1","WAEL 4 (IMO 6725080)","WAEL 4 (IMO 6725080): ","Syrian Arab Republic","General Cargo","2001-12-05 00:00","","Very serious marine casualty","","Coast of Tripitis","","0",""
"C0003823","1","OFEIGUR (IMO 9013141)","OFEIGUR (IMO 9013141): ","Iceland","Fish Catching","2001-12-04 00:00","","Very serious marine casualty","","40 miles E. of Vestmannaeyjar, Iceland","","1","Iceland"
"C0003953","1","EURICA (IMO 6921256)","EURICA (IMO 6921256): ","Saint Vincent and the Grenadines","General Cargo","2001-12-01 00:00","","Marine casualty","","Off Larvik","","0",""
"C0003948","1","MARSHAL VASILEVSKIY (IMO 8134950)","MARSHAL VASILEVSKIY (IMO 8134950): ","Russian Federation","Oil Tanker","2001-11-30 00:00","","Marine casualty","","Yesilkoy/Istanbul","","0",""
"C0003835","1","IBERIAN OCEAN (IMO 7725427)","IBERIAN OCEAN (IMO 7725427): ","Bahamas","General Cargo","2001-11-28 00:00","","Marine casualty","","Outside Harwich Haven","","0",""
"C0004102","1","ST. JOSEPH (IMO 8886008)","ST. JOSEPH (IMO 8886008): ","United States","Fish Catching","2001-11-28 00:00","","Very serious marine casualty","","Gulf of Mexico","","0",""
"C0003947","1","KATHY TRADER (IMO 6721369)","KATHY TRADER (IMO 6721369): ","Panama","General Cargo","2001-11-27 00:00","","Very serious marine casualty","","Area of Manzanillo","","0",""
"C0003946","1","HENG SHAN (IMO 9174658)","HENG SHAN (IMO 9174658): ","Panama","Bulk Dry","2001-11-26 00:00","","Marine casualty","","Eregli","","0",""
"C0003943","1","DU COUEDIC (IMO 7357438)","DU COUEDIC (IMO 7357438): ","France","Fish Catching","2001-11-26 00:00","","Marine casualty","","Towed to Lochinver, Scotland","","0",""
"C0004122","1","OCEAN STAR (IMO 8815279)","OCEAN STAR (IMO 8815279): ","United Kingdom","Fish Catching","2001-11-26 00:00","","Very serious marine casualty","","12.5 miles N. of Muckle Flugga, Shetland Islands","","1","United Kingdom"
"C0003950","1","ROYAL (IMO 8300420)","ROYAL (IMO 8300420): ","Republic of Korea","General Cargo","2001-11-25 00:00","","Very serious marine casualty","","Pacific Ocean","","0",""
"C0003944","1","EVER DEVOTE (IMO 9134268)","EVER DEVOTE (IMO 9134268): ","Panama","Container","2001-11-24 00:00","","Marine casualty","","Panama Canal","","0",""
"C0003945","1","EVIA (IMO 7703675)","EVIA (IMO 7703675): ","Greece","General Cargo","2001-11-24 00:00","","Marine casualty","","Between Salamis and Eleusis","","0",""
"C0003942","1","DIGNITY IX (IMO 6930958)","DIGNITY IX (IMO 6930958): ","Panama","General Cargo","2001-11-24 00:00","","Marine casualty","","Nemrut Bay","","0",""
"C0004109","1","HWA REN NO. 6 (IMO 8430718)","HWA REN NO. 6 (IMO 8430718): ","Honduras","Fish Catching","2001-11-23 00:00","","Very serious marine casualty","","Indian Ocean","","0",""
"C0003936","2","Front Lord (IMO 8906901), FRONT LORD (IMO 8906901)","Front Lord (IMO 8906901): , FRONT LORD (IMO 8906901): ","Singapore, Singapore","Oil Tanker, Oil Tanker","2001-11-22 00:00","","Marine casualty","","500 nm off Sri Lanka, Indian Ocean","Open sea","0",""
"C0003743","1","CEC CRUSADER (IMO 9232319)","CEC CRUSADER (IMO 9232319): ","Bahamas","General Cargo","2001-11-22 00:00","","Very serious marine casualty","","1.8 miles N. of Foreness Point","","1","Unknown"
"C0003933","2","BLISSFUL REEFER 2 (IMO 7005334), QUEEN OF PENTA-OCEAN (IMO 9174115)","BLISSFUL REEFER 2 (IMO 7005334): , QUEEN OF PENTA-OCEAN (IMO 9174115): ","Panama, Panama","Refrigerated Cargo, Non-ship structures","2001-11-20 00:00","","Very serious marine casualty","","6 nm off Tanjung Pungai, Singapore Strait","","0",""
"C0003937","1","MERIT (IMO 9197789)","MERIT (IMO 9197789): ","Gibraltar (United Kingdom)","General Cargo","2001-11-18 00:00","","Marine casualty","","Brunsbuttel Roads","","0",""
"C0003938","1","TASCO ALPHA (IMO 8035673)","TASCO ALPHA (IMO 8035673): ","Thailand","Non-ship structures","2001-11-18 00:00","","Very serious marine casualty","","South China Sea","","0",""
"C0003939","1","VINCENZO FLORIO (IMO 9144732)","VINCENZO FLORIO (IMO 9144732): ","Italy","Non-ship structures","2001-11-18 00:00","","Marine casualty","","Martello Pier, Naples","","0",""
"C0003932","1","BANGSRICHOL (IMO 7617199)","BANGSRICHOL (IMO 7617199): ","Thailand","General Cargo","2001-11-18 00:00","","Very serious marine casualty","","Off Central Quang Ngai","","0",""
"C0003863","1","MALLA","MALLA: ","Iran (Islamic Republic of)","General Cargo","2001-11-18 00:00","","Very serious marine casualty","","Persian Gulf","","0",""
"C0003738","1","NEGO KIM (IMO 8507535)","NEGO KIM (IMO 8507535): ","Hong Kong, China","Bulk Dry","2001-11-18 00:00","","Very serious marine casualty","","Off Dampier port","","2","Australia; Unknown"
"C0003875","1","SAMRA (IMO 5386162)","SAMRA (IMO 5386162): ","Unknown","General Cargo","2001-11-17 00:00","","Very serious marine casualty","","N. of Cyrysh oil field","","0",""
"C0003949","1","NICHIWA MARU (IMO 9041904)","NICHIWA MARU (IMO 9041904): ","Japan","General Cargo","2001-11-17 00:00","","Marine casualty","","Off Hishakuda, Kitakyusyu","","0",""
"C0003940","1","CEDAR (IMO 9216602)","CEDAR (IMO 9216602): ","Greece","Bulk Dry","2001-11-16 00:00","","Marine casualty","","Near Deschaillons-sur-Saint-Laurent","","1","Unknown"
"C0003924","1","KEYMAR (IMO 9058828)","KEYMAR (IMO 9058828): ","Cyprus","Oil Tanker","2001-11-14 00:00","","Marine casualty","","En route to Singapore","","0",""
"C0003935","1","CAPTAGIANNIS (IMO 7301453)","CAPTAGIANNIS (IMO 7301453): ","Malta","Bulk Dry","2001-11-13 23:40","","Marine casualty","","Off Tunisia","Coastal waters","0",""
"C0003934","1","CADIZ (IMO 8017322)","CADIZ (IMO 8017322): ","Antigua and Barbuda","Container","2001-11-12 00:00","","Marine casualty","","Bilbao","","0",""
"C0003925","1","MELBRIDGE BILBAO (IMO 9117193)","MELBRIDGE BILBAO (IMO 9117193): ","Antigua and Barbuda","Container","2001-11-12 00:00","","Marine casualty","","Molene Island","","0",""
"C0003930","1","SEACROSS (IMO 9057214)","SEACROSS (IMO 9057214): ","Belize","General Cargo","2001-11-12 00:00","","Marine casualty","","Off Selinion","","0",""
"C0003923","1","DYNAMIC VISION (IMO 9232503)","DYNAMIC VISION (IMO 9232503): ","Bahamas","Non-ship structures","2001-11-11 00:00","","Marine casualty","","Off Japan","","0",""
"C0003926","1","MYOJIN MARU NO. 10 (IMO 8403399)","MYOJIN MARU NO. 10 (IMO 8403399): ","Japan","Fish Catching","2001-11-10 00:00","","Marine casualty","","Sea of Japan","","0",""
"C0003927","1","NUPUR (IMO 7637981)","NUPUR (IMO 7637981): ","Iceland","Fish Catching","2001-11-10 00:00","","Marine casualty","","Off Vatnseyri, Patreksfjördur","","0",""
"C0003928","1","PHILIPP (IMO 7725788)","PHILIPP (IMO 7725788): ","Antigua and Barbuda","General Cargo","2001-11-10 00:00","","Marine casualty","","English Channel","","0",""
"C0003929","1","SAPTARI (IMO 7384091)","SAPTARI (IMO 7384091): ","Malta","Refrigerated Cargo","2001-11-10 00:00","","Marine casualty","","Off Malmö, Sweden","","0",""
"C0003931","1","SUNNHORDLAND (IMO 9052501)","SUNNHORDLAND (IMO 9052501): ","Norway","Non-ship structures","2001-11-09 00:00","","Marine casualty","","Halgjem","","0",""
"C0003920","1","HEINRICH BEHRMANN (IMO 7431686)","HEINRICH BEHRMANN (IMO 7431686): ","Antigua and Barbuda","General Cargo","2001-11-09 00:00","","Marine casualty","","Off Zeebrugge","","0",""
"C0003922","2","CARINA J (IMO 8914142), PIONER BELORUSSII (IMO 7733656)","CARINA J (IMO 8914142): , PIONER BELORUSSII (IMO 7733656): ","Antigua and Barbuda, Russian Federation","General Cargo, General Cargo","2001-11-09 00:00","","Marine casualty","","The Sound","","0",""
"C0003836","1","KALKAVAN (IMO 6711168)","KALKAVAN (IMO 6711168): ","Türkiye","General Cargo","2001-11-09 00:00","","Very serious marine casualty","","1 mile off Sinop","","0",""
"C0003917","1","HO FENG NO. 8 (IMO 8113968)","HO FENG NO. 8 (IMO 8113968): ","Panama","General Cargo","2001-11-08 00:00","","Very serious marine casualty","","78 nm N.W. of Caiman Point, Dasol, Pangasinan Prov","","0",""
"C0003921","1","MORSKOY GEOFIZIK (IMO 7630634)","MORSKOY GEOFIZIK (IMO 7630634): ","Russian Federation","Research","2001-11-07 00:00","","Marine casualty","","Near Yoichi, Hokkaido Island","","0",""
"C0003914","1","CHRISTI (IMO 7228015)","CHRISTI (IMO 7228015): ","Cambodia","Refrigerated Cargo","2001-11-06 00:00","","Marine casualty","","En route from Koper (Slovenia) to Agadir (Morocco)","","0",""
"C0003737","1","HAVILA CHAMPION (IMO 8215912)","HAVILA CHAMPION (IMO 8215912): ","Bahamas","Towing / Pushing","2001-11-06 00:00","","Very serious marine casualty","","Aegean Sea","","1","Bahamas"
"C0003919","1","VOLGA-4003 (IMO 8624280)","VOLGA-4003 (IMO 8624280): ","Russian Federation","General Cargo","2001-11-05 00:00","","Marine casualty","","Off Gorskaya, N. of Kronshtadt","","0",""
"C0003918","1","SADIKO-01 (IMO 9081514)","SADIKO-01 (IMO 9081514): ","Russian Federation","Other Fishing","2001-11-04 00:00","","Very serious marine casualty","","Off Polonskiy Island, Southern Kurile Islands","","0",""
"C0003916","2","GOKCE M (IMO 8877239), PAULINE METZ (IMO 7012674)","GOKCE M (IMO 8877239): , PAULINE METZ (IMO 7012674): ","Türkiye, Lebanon","General Cargo, General Cargo","2001-11-04 00:00","","Marine casualty","","Gelibolu entrance","","0",""
"C0003830","1","COOLER BAY (IMO 7818066)","COOLER BAY (IMO 7818066): ","Saint Vincent and the Grenadines","Refrigerated Cargo","2001-11-04 00:00","","Very serious marine casualty","","North Atlantic Ocean","","0",""
"C0003915","1","EM EL NOUR (IMO 6416005)","EM EL NOUR (IMO 6416005): ","Sao Tome and Principe","General Cargo","2001-11-02 00:00","","Very serious marine casualty","","Off Eressos near Mitilini","","0",""
"C0003913","1","AUDACIOUS (IMO 7366099)","AUDACIOUS (IMO 7366099): ","Bahamas","Bulk Dry","2001-11-02 00:00","","Marine casualty","","Keleman Island","","0",""
"C0003911","1","MEHMET HASLAMAN (IMO 5254436)","MEHMET HASLAMAN (IMO 5254436): ","Türkiye","General Cargo","2001-11-01 00:00","","Very serious marine casualty","","10 nm N. of Lesvos Island","","0",""
"C0003912","1","SAMBRE (IMO 9166479)","SAMBRE (IMO 9166479): ","Netherlands (Kingdom of)","General Cargo","2001-10-30 00:00","","Marine casualty","","Off Cornwall, United Kingdom","","0",""
"C0003910","1","MANTA RAY","MANTA RAY: ","United States","Fish Catching","2001-10-30 00:00","","Marine casualty","","Lake Washington Ship Canal","","0",""
"C0003908","2","FEDOR VARAKSIN, IRAN NESA (IMO 9079107)","FEDOR VARAKSIN: , IRAN NESA (IMO 9079107): ","Russian Federation, Iran (Islamic Republic of)","Bulk Dry, Oil Tanker","2001-10-29 00:00","","Marine casualty","","Off Finisterre","","0",""
"C0003906","1","ANJOLA (IMO 7633349)","ANJOLA (IMO 7633349): ","Antigua and Barbuda","General Cargo","2001-10-29 00:00","","Marine casualty","","Towed to Flushing Roads, Netherlands","","0",""
"C0003907","1","BALTIC LINK (IMO 8300169)","BALTIC LINK (IMO 8300169): ","Netherlands (Kingdom of)","Passenger/Ro-Ro Cargo","2001-10-28 00:00","","Marine casualty","","Off Malaga, Spain","","0",""
"C0004099","1","TONGHUI (IMO 7717987)","TONGHUI (IMO 7717987): ","China","Passenger/Ro-Ro Cargo","2001-10-28 00:00","","Very serious marine casualty","","Bohai Strait, China","","0",""
"C0003909","1","KHAN ASPARUKH (IMO 7346647)","KHAN ASPARUKH (IMO 7346647): ","Bulgaria","Oil Tanker","2001-10-27 00:00","","Marine casualty","","Off Novorossiysk","","0",""
"C0003897","1","GERHEIN G (IMO 8806084)","GERHEIN G (IMO 8806084): ","Antigua and Barbuda","General Cargo","2001-10-24 00:00","","Marine casualty","","Off Great Yarmouth","","0",""
"C0003904","1","WACHAU (IMO 8505941)","WACHAU (IMO 8505941): ","Austria","General Cargo","2001-10-22 00:00","","Marine casualty","","English Channel","","0",""
"C0003903","1","SVEAFJELL (IMO 7023075)","SVEAFJELL (IMO 7023075): ","Norway","General Cargo","2001-10-21 00:00","","Marine casualty","","Steigen","","0",""
"C0003905","1","ZUPPERT (IMO 7602716)","ZUPPERT (IMO 7602716): ","Austria","General Cargo","2001-10-20 00:00","","Marine casualty","","Atlantic Ocean","","0",""
"C0003899","1","VAASABORG (IMO 9196242)","VAASABORG (IMO 9196242): ","Netherlands (Kingdom of)","General Cargo","2001-10-20 00:00","","Marine casualty","","Off Grand Banks, North Atlantic Ocean","","0",""
"C0003900","1","OSTERHUSEN (IMO 8420725)","OSTERHUSEN (IMO 8420725): ","Antigua and Barbuda","General Cargo","2001-10-20 00:00","","Marine casualty","","Off Finisterre","","0",""
"C0003873","1","LAM SON-02 (IMO 8868173)","LAM SON-02 (IMO 8868173): ","Viet Nam","General Cargo","2001-10-20 00:00","","Very serious marine casualty","","200 m off Cua Lach port, Central Quang Tri Provinc","","0",""
"C0003896","1","NORMA (IMO 7801740)","NORMA (IMO 7801740): ","Brazil","Oil Tanker","2001-10-18 00:00","","Marine incident","","Off Petrobras Pier, Paranagua Bay","","0",""
"C0003902","1","SEA WIND (IMO 7514218)","SEA WIND (IMO 7514218): ","Cyprus","General Cargo","2001-10-18 00:00","","Marine casualty","","North Atlantic Ocean/English Channel (towed to Bre","","0",""
"C0003892","1","GREAT PROMISE (IMO 8000599)","GREAT PROMISE (IMO 8000599): ","Liberia","Oil Tanker","2001-10-17 00:00","","Marine casualty","","Off Cape Flattery","","0",""
"C0003893","1","LYKES INSPIRER (IMO 8811716)","LYKES INSPIRER (IMO 8811716): ","Cyprus","General Cargo","2001-10-17 00:00","","Marine casualty","","700 nm off Walvis Bay, Namibia","","0",""
"C0004027","1","GULSER ANA (IMO 8418289)","GULSER ANA (IMO 8418289): ","Türkiye","Bulk Dry","2001-10-17 00:00","","Marine incident","","Alongside Stormont Wharf, Belfast harbour","","1","Unknown"
"C0003895","1","NABIL Z (IMO 6520430)","NABIL Z (IMO 6520430): ","Cambodia","General Cargo","2001-10-16 00:00","","Very serious marine casualty","","28 km off Mokha port, Red Sea","","0",""
"C0003898","1","NEPTUNO II (IMO 8716368)","NEPTUNO II (IMO 8716368): ","Panama","Oil Tanker","2001-10-12 00:00","","Marine casualty","","Felton","","0",""
"C0003894","1","MAGIC SWAN (IMO 7609647)","MAGIC SWAN (IMO 7609647): ","Bahamas","General Cargo","2001-10-12 00:00","","Marine casualty","","10 nm off Chios","","0",""
"C0004024","1","CAPE KESTREL (IMO 9036014)","CAPE KESTREL (IMO 9036014): ","Panama","Bulk Dry","2001-10-12 00:00","","Marine incident","","Dampier","","2","Australia; Unknown"
"C0005956","1","LAURENTIAN (IMO 8112500)","LAURENTIAN (IMO 8112500): ","Bahamas","","2001-10-11 06:14","","Marine casualty","26° 09.10' N 53° 07.10' E","Persian Gulf","Open sea","2","Bahamas; Bahamas"
"C0003739","2","ASH (IMO 7922350), DUTCH AQUAMARINE (IMO 9191656)","ASH (IMO 7922350): , DUTCH AQUAMARINE (IMO 9191656): ","Saint Vincent and the Grenadines, Netherlands (Kingdom of)","General Cargo, Chemical Tanker","2001-10-09 00:00","","Very serious marine casualty","","S.-W. lane of Dover Strait TSS, S.-E. of Hastings","","1","Unknown"
"C0006734","1","WAVE DANCER.","WAVE DANCER.: ","Belize","Other Activities","2001-10-08 20:30","","Very serious marine casualty","","Port of Big Creek, Stann Creek District","","1","Belize"
"C0004038","1","CAPTAIN AYSUNA (IMO 8515843)","CAPTAIN AYSUNA (IMO 8515843): ","Panama","Bulk Dry","2001-10-08 00:00","","Marine incident","","Off Flinders island, Bass Strait","","2","Australia; Unknown"
"C0004105","1","MYS LEVASHOVA (IMO 7396094)","MYS LEVASHOVA (IMO 7396094): ","Russian Federation","Non-ship structures","2001-10-07 00:00","","Very serious marine casualty","","Bering Sea, 20 miles E. of Cape Shipunsky","","0",""
"C0004094","1","CHONG RYU 2 (IMO 8891845)","CHONG RYU 2 (IMO 8891845): ","Democratic People's Republic of Korea","General Cargo","2001-10-06 00:00","","Very serious marine casualty","","Off Yamaguchi Prefecture","","0",""
"C0003742","1","ANEMOS (IMO 7702322)","ANEMOS (IMO 7702322): ","Honduras","General Cargo","2001-10-03 00:00","","Marine casualty","","About 25 to 30 nm off Olbia, Sardignia, Italy","","0",""
"C0003881","1","RYUO MARU NO. 36 (IMO 8630411)","RYUO MARU NO. 36 (IMO 8630411): ","Japan","Fish Catching","2001-10-02 00:00","","Marine casualty","","Sea of Japan","","0",""
"C0003901","1","PENDOLA (IMO 8419764)","PENDOLA (IMO 8419764): ","Panama","General Cargo","2001-10-02 00:00","","Marine casualty","","Off Ishigaki Island, Japan","","0",""
"C0003870","1","CONCORD (IMO 7713254)","CONCORD (IMO 7713254): ","India","General Cargo","2001-10-01 00:00","","Very serious marine casualty","","15 miles off the coast of Dhabol","","0",""
"C0003828","1","ARTEVELDE","ARTEVELDE: ","Belgium","Fish Catching","2001-10-01 00:00","","Marine incident","","8.5 nm SSE from St Anns Head","","0",""
"C0003877","1","YASAR KAPTAN (IMO 7364522)","YASAR KAPTAN (IMO 7364522): ","Türkiye","General Cargo","2001-09-30 00:00","","Very serious marine casualty","","Black Sea","","0",""
"C0004037","1","STENA GALLOWAY (IMO 7719430)","STENA GALLOWAY (IMO 7719430): ","United Kingdom","Non-ship structures","2001-09-29 00:00","","Very serious marine casualty","","St George's channel","","1","United Kingdom"
"C0004021","1","ALEX B. 1","ALEX B. 1: ","Canada","Fish Catching","2001-09-29 00:00","","Marine incident","","Off Havre-Saint-Pierre, Quebec","","1","Unknown"
"C0004020","2","LILIYA (IMO 8866917), VOLGONEFT-138 (IMO 8230807)","LILIYA (IMO 8866917): , VOLGONEFT-138 (IMO 8230807): ","Russian Federation, Russian Federation","General Cargo, Oil Tanker","2001-09-27 00:00","","Very serious marine casualty","","Taganrogksiy Bay, Sea of Azov","","0",""
"C0003891","1","ZHE TSANG QI 20","ZHE TSANG QI 20: ","Unknown","General Cargo","2001-09-25 00:00","","Very serious marine casualty","","South China Sea","","0",""
"C0003890","2","GUORON, YUAN TONG NO. 1 (IMO 8808288)","GUORON: , YUAN TONG NO. 1 (IMO 8808288): ","Unknown, Cambodia","Passenger, General Cargo","2001-09-24 00:00","","Very serious marine casualty","","Off Liaoning Province, China","","0",""
"C0004018","1","OCEAN BREEZE (IMO 7619513)","OCEAN BREEZE (IMO 7619513): ","Cyprus","Refrigerated Cargo","2001-09-24 00:00","","Very serious marine casualty","","Gulf of Aden","","0",""
"C0004019","1","PACIFICATOR (IMO 7814149)","PACIFICATOR (IMO 7814149): ","Cyprus","Bulk Dry","2001-09-23 00:00","","Marine casualty","","Off Dahej, India","","0",""
"C0004015","1","DELTA 62 (IMO 8609187)","DELTA 62 (IMO 8609187): ","Singapore","General Cargo","2001-09-23 00:00","","Very serious marine casualty","","South China Sea","","1","Singapore"
"C0004017","2","NEW AMITY (IMO 9177820), UNKNOWN","NEW AMITY (IMO 9177820): , UNKNOWN: ","Liberia, Unknown","Oil Tanker, Non-ship structures","2001-09-22 00:00","","Very serious marine casualty","","Barbour's Cut, Houston Ship Channel, Texas","","0",""
"C0004016","1","DIAVOLEZZA (IMO 7925558)","DIAVOLEZZA (IMO 7925558): ","Bahamas","Bulk Dry","2001-09-21 00:00","","Marine casualty","","300 nm off Newfoundland, Canada","","0",""
"C0003619","1","STENA EXPLORER (IMO 9080194)","STENA EXPLORER (IMO 9080194): ","United Kingdom","Non-ship structures","2001-09-20 00:00","","Marine casualty","","Entrance to Holyhead harbour, Anglesey","","1","Unknown"
"C0003876","1","SK NO. 7 (IMO 8007523)","SK NO. 7 (IMO 8007523): ","Republic of Korea","General Cargo","2001-09-15 00:00","","Very serious marine casualty","","Pacific Ocean, S. of Japan","","0",""
"C0003831","1","ATLANTIC SPIRIT (IMO 8601800)","ATLANTIC SPIRIT (IMO 8601800): ","Saint Vincent and the Grenadines","General Cargo","2001-09-14 00:00","","Very serious marine casualty","","South China Sea","","0",""
"C0004007","1","KAMIKAWA MARU (IMO 8511988)","KAMIKAWA MARU (IMO 8511988): ","Panama","Bulk Dry","2001-09-12 00:00","","Very serious marine casualty","","South Atlantic Ocean","","0",""
"C0004012","1","TANJA (IMO 7042306)","TANJA (IMO 7042306): ","Norway","General Cargo","2001-09-11 00:00","","Very serious marine casualty","","Gryllefjord","","0",""
"C0004006","2","GUS W. DARNELL (IMO 8220761), VEGA","GUS W. DARNELL (IMO 8220761): , VEGA: ","United States, Unknown","Oil Tanker, Non-ship structures","2001-09-10 00:00","","Marine casualty","","90 nm S. of Sabine, Texas","","0",""
"C0004004","1","BIRGIT (IMO 8410304)","BIRGIT (IMO 8410304): ","Antigua and Barbuda","General Cargo","2001-09-09 00:00","","Marine casualty","","North Sea","","0",""
"C0004013","1","WINDFJORD (IMO 7633454)","WINDFJORD (IMO 7633454): ","Norway","General Cargo","2001-09-09 00:00","","Very serious marine casualty","","North Sea","","0",""
"C0004014","1","ALL GREEN (IMO 8216112)","ALL GREEN (IMO 8216112): ","Singapore","General Cargo","2001-09-09 00:00","","Marine casualty","","100 nm off Fremantle, Australia","","0",""
"C0004009","1","KHALED 1","KHALED 1: ","Honduras","Non-ship structures","2001-09-08 00:00","","Marine casualty","","66 nm E. of Mina al Ahmadi, Persian Gulf","","0",""
"C0004003","1","AVIOR (IMO 7044275)","AVIOR (IMO 7044275): ","Russian Federation","Refrigerated Cargo","2001-09-08 00:00","","Very serious marine casualty","","Tsugaru Strait, 30 miles off Hakodate","","0",""
"C0004010","1","LYNN (IMO 6826157)","LYNN (IMO 6826157): ","Cambodia","Passenger/Ro-Ro Cargo","2001-09-07 00:00","","Very serious marine casualty","","14 miles N.W. of Paphos","","0",""
"C0004011","2","FORMOSA ONE (IMO 8002028), PETROLIMEX-01 (IMO 8101056)","FORMOSA ONE (IMO 8002028): , PETROLIMEX-01 (IMO 8101056): ","Liberia, Viet Nam","Chemical Tanker, Chemical Tanker","2001-09-07 00:00","","Very serious marine casualty","","Off Vung Tau","","1","Viet Nam"
"C0003745","1","BEN VARREY (IMO 8507365)","BEN VARREY (IMO 8507365): ","Isle of Man (United Kingdom)","General Cargo","2001-09-07 00:00","","Very serious marine casualty","","Kilroot jetty, Belfast Lough, Northern Ireland","","1","Unknown"
"C0004001","1","PLYTENBERG (IMO 8702874)","PLYTENBERG (IMO 8702874): ","Cyprus","General Cargo","2001-09-06 00:00","","Marine casualty","","Between Steenbank pilot station and Flushing","","0",""
"C0004000","1","IKAN TANDA (IMO 7640469)","IKAN TANDA (IMO 7640469): ","Singapore","General Cargo","2001-09-05 00:00","","Very serious marine casualty","","Off Kommetjie","","1","Singapore"
"C0004008","1","IOLANTHE (IMO 7032612)","IOLANTHE (IMO 7032612): ","United Kingdom","Fish Catching","2001-09-05 00:00","","Very serious marine casualty","","North Sea","","1","United Kingdom"
"C0004218","1","ALAIN-JOSEE","ALAIN-JOSEE: ","Canada","Fish Catching","2001-09-05 00:00","","Marine incident","","Off Pointe-Sapin, New Brunswick","","1","Unknown"
"C0004005","1","CSL LAURENTIEN (IMO 7423108)","CSL LAURENTIEN (IMO 7423108): ","Panama","Bulk Dry","2001-09-03 00:00","","Marine casualty","","Between Duluth (USA) and Port Weller (Canada)","","0",""
"C0003999","1","HANA NO. 9 (IMO 7830404)","HANA NO. 9 (IMO 7830404): ","Republic of Korea","Chemical Tanker","2001-09-01 00:00","","Marine casualty","","143 deg. off Hinomisaki Lighthouse, Wakayama Prefe","","0",""
"C0004002","1","SULINLI","SULINLI: ","China","General Cargo","2001-08-30 00:00","","Very serious marine casualty","","Near Beiji Island, off the coast of S. Zhejiang","","0",""
"C0003740","1","AGIA GALINI (IMO 7214117)","AGIA GALINI (IMO 7214117): ","Greece","Passenger/Ro-Ro Cargo","2001-08-30 00:00","","Marine casualty","","Off Iraklion, Crete","","0",""
"C0003741","2","PARIS II (IMO 7800796), SILVER SEA","PARIS II (IMO 7800796): , SILVER SEA: ","Greece, Panama","Oil Tanker, Chemical Tanker","2001-08-29 00:00","","Marine casualty","","Malacca Strait","","0",""
"C0003996","1","BISMIHITA'LA (IMO 7529158)","BISMIHITA'LA (IMO 7529158): ","Liberia","General Cargo","2001-08-29 00:00","","Very serious marine casualty","","South Atlantic Ocean","","0",""
"C0003997","1","BUFF BAY (IMO 8110019)","BUFF BAY (IMO 8110019): ","Malta","General Cargo","2001-08-27 00:00","","Marine casualty","","Indian Ocean","","0",""
"C0003998","1","SONDOS (IMO 9120384)","SONDOS (IMO 9120384): ","Abu Dhabi (United Arab Emirates)","Passenger/Ro-Ro Cargo","2001-08-26 00:00","","Marine casualty","","Abu Dhabi","","0",""
"C0003625","1","JO ILARIA D. (IMO 9048469)","JO ILARIA D. (IMO 9048469): ","Italy","Chemical Tanker","2001-08-25 00:00","","Marine casualty","","En route from Sandefjord to Brevik","","0",""
"C0003995","1","SIMON KEGHIAN (IMO 7230276)","SIMON KEGHIAN (IMO 7230276): ","France","Fish Catching","2001-08-21 00:00","","Marine casualty","","6 miles S. of North Rona island, Scotland","","0",""
"C0003991","1","KAPTEN (IMO 6713233)","KAPTEN (IMO 6713233): ","Estonia","General Cargo","2001-08-20 00:00","","Marine casualty","","North Atlantic Ocean","","0",""
"C0003992","1","KITSA (IMO 8022004)","KITSA (IMO 8022004): ","Saint Vincent and the Grenadines","Bulk Dry","2001-08-20 00:00","","Marine casualty","","250 miles off Richards Bay, South Africa","","0",""
"C0003621","1","CRIMSON GLORY","CRIMSON GLORY: ","United States","Towing / Pushing","2001-08-20 00:00","","Marine casualty","","Mississippi River","","0",""
"C0003623","1","HANS (IMO 8825482)","HANS (IMO 8825482): ","New Zealand","Fish Catching","2001-08-19 00:00","","Very serious marine casualty","","Marlborough Sounds, near Tory Channel, Cook Strait","","1","New Zealand"
"C0003624","1","HAWTAH (IMO 9102265)","HAWTAH (IMO 9102265): ","Bahamas","Oil Tanker","2001-08-19 00:00","","Marine casualty","","Towed to Freeport, Bahamas","","0",""
"C0003993","1","PAN AM II (IMO 7828920)","PAN AM II (IMO 7828920): ","United States","Fish Catching","2001-08-18 00:00","","Marine casualty","","1,200 miles off Honolulu, Hawaii","","0",""
"C0003994","1","SCAN FINLANDIA (IMO 9220641)","SCAN FINLANDIA (IMO 9220641): ","Isle of Man (United Kingdom)","Passenger/Ro-Ro Cargo","2001-08-17 00:00","","Marine casualty","","Bass Strait","","0",""
"C0003622","1","HANOI GLORY (IMO 7618521)","HANOI GLORY (IMO 7618521): ","Panama","General Cargo","2001-08-17 00:00","","Marine casualty","","Singapore area","","0",""
"C0003375","1","ENTERPRISE (IMO 9007831)","ENTERPRISE (IMO 9007831): ","United States","Container","2001-08-15 00:00","","Marine casualty","","Arrived Gibraltar","","0",""
"C0003617","1","NARIVA (IMO 9172715)","NARIVA (IMO 9172715): ","Bahamas","Chemical Tanker","2001-08-14 00:00","","Marine casualty","","English Channel","","1","Unknown"
"C0003370","1","AURELIA (IMO 9171814)","AURELIA (IMO 9171814): ","United Kingdom","Fish Catching","2001-08-13 00:00","","Very serious marine casualty","","78 miles W. of St Kilda, North Atlantic Ocean","","1","United Kingdom"
"C0003376","1","SNAV ALEXA (IMO 9122174)","SNAV ALEXA (IMO 9122174): ","Italy","Non-ship structures","2001-08-12 00:00","","Marine casualty","","Off Panarea, Aeolian Islands","","0",""
"C0003372","1","COLMAR CASTOR (IMO 8413318)","COLMAR CASTOR (IMO 8413318): ","Bahamas","General Cargo","2001-08-12 00:00","","Marine casualty","","Towed to Alicante","","0",""
"C0003620","1","WINDOC (IMO 5293872)","WINDOC (IMO 5293872): ","Canada","Bulk Dry","2001-08-11 20:54","","Marine casualty","43° 04.35' N 79° 12.38' W","Welland Canal, Ontario","","2","Canada; Canada"
"C0003369","1","ANDRA (IMO 8215601)","ANDRA (IMO 8215601): ","Antigua and Barbuda","General Cargo","2001-08-11 00:00","","Marine casualty","","Skatestraumen, near Maaloy","","0",""
"C0003371","1","BLACK SWAN (IMO 7609714)","BLACK SWAN (IMO 7609714): ","Bahamas","General Cargo","2001-08-10 00:00","","Marine casualty","","Off Pointe de Monts, Québec","","0",""
"C0003374","1","DANA (IMO 6505210)","DANA (IMO 6505210): ","Sao Tome and Principe","General Cargo","2001-08-08 00:00","","Very serious marine casualty","","Off the southern coastline of Oman","","0",""
"C0003730","1","MAERSK TACOMA (IMO 7909425)","MAERSK TACOMA (IMO 7909425): ","Hong Kong, China","Container","2001-08-08 00:00","","Marine casualty","","Bass Strait","","1","Australia"
"C0003728","1","ARKLOW VALLEY (IMO 9048287)","ARKLOW VALLEY (IMO 9048287): ","Ireland","General Cargo","2001-08-07 00:00","","Marine casualty","","North Atlantic Ocean","","0",""
"C0003732","2","DAINTY RIVER (IMO 9043017), SINOKOR TIANJIN (IMO 8210900)","DAINTY RIVER (IMO 9043017): , SINOKOR TIANJIN (IMO 8210900): ","Panama, Panama","Container, Container","2001-08-07 00:00","","Marine casualty","","Near Dalian","","0",""
"C0004048","1","TYCO PROVIDER (IMO 7616779)","TYCO PROVIDER (IMO 7616779): ","Marshall Islands","Non-ship structures","2001-08-07 00:00","","Marine casualty","","Off Reunion","","0",""
"C0003884","1","EUROPEAN VISION (IMO 9210141)","EUROPEAN VISION (IMO 9210141): ","Italy","Passenger","2001-08-07 00:00","","Marine casualty","","On passage to Genoa","","0",""
"C0003373","1","COTABATO PRINCESS (IMO 7036216)","COTABATO PRINCESS (IMO 7036216): ","Philippines","Non-ship structures","2001-08-07 00:00","","Marine casualty","","Near Siete Pecados island, Zamboanga","","0",""
"C0004026","1","ARATERE (IMO 9174828)","ARATERE (IMO 9174828): ","Bahamas","Non-ship structures","2001-08-06 00:00","","Marine incident","","Aotea quay, Wellington","","1","Unknown"
"C0003729","1","ANL PURPOSE (IMO 8500070)","ANL PURPOSE (IMO 8500070): ","Antigua and Barbuda","General Cargo","2001-08-06 00:00","","Marine casualty","","Coral Sea","","2","Australia; Unknown"
"C0003731","1","BALTIC EIDER (IMO 8801917)","BALTIC EIDER (IMO 8801917): ","Isle of Man (United Kingdom)","Passenger/Ro-Ro Cargo","2001-08-05 00:00","","Marine casualty","","North Sea, off N.W. coast of Denmark","","1","Unknown"
"C0003733","2","STARBOUND (IMO 8024820), VIRGO","STARBOUND (IMO 8024820): , VIRGO: ","United States, Unknown","Fish Catching, Non-ship structures","2001-08-05 00:00","","Very serious marine casualty","","130 miles off Cape Ann, Massachussets","","0",""
"C0003725","1","GEORGIOS (IMO 5404500)","GEORGIOS (IMO 5404500): ","Honduras","General Cargo","2001-08-05 00:00","","Very serious marine casualty","","Persian Gulf, 60 nm off Kuwait","","0",""
"C0003726","2","AL MANSOUR (IMO 7360629), INDALO (IMO 7813561)","AL MANSOUR (IMO 7360629): , INDALO (IMO 7813561): ","Morocco, Spain","Non-ship structures, Other Bulk Dry","2001-08-05 00:00","","Marine casualty","","Algericas","","0",""
"C0003727","1","WINDY BAY (IMO 7391147)","WINDY BAY (IMO 7391147): ","United States","Fish Catching","2001-08-04 00:00","","Very serious marine casualty","","Prince William Sound, Alaska","","0",""
"C0003722","1","OCEAN PRIDE (IMO 7733979)","OCEAN PRIDE (IMO 7733979): ","United States","Non-ship structures","2001-08-04 00:00","","Marine casualty","","Near Ballard Bridge, Lake Washington Ship Canal","","0",""
"C0004110","1","ROYAL PRINCESS (IMO 8201480)","ROYAL PRINCESS (IMO 8201480): ","United Kingdom","Passenger","2001-08-04 00:00","","Marine incident","","N.E. lane of Dover Strait TSS","","1","Unknown"
"C0003723","1","BEAN 19","BEAN 19: ","United States","Dredging","2001-08-03 00:00","","Marine casualty","","Caswell beach, Wilmington","","0",""
"C0003721","2","EASTWIND (IMO 8014796), METHANE POLAR (IMO 6901892)","EASTWIND (IMO 8014796): , METHANE POLAR (IMO 6901892): ","Greece, Singapore","Bulk Dry, Non-ship structures","2001-08-03 00:00","","Very serious marine casualty","","","","1","Singapore"
"C0003716","1","MSC ARGENTINA (IMO 9005417)","MSC ARGENTINA (IMO 9005417): ","Liberia","Container","2001-08-02 00:00","","Marine casualty","","North Atlantic Ocean","","0",""
"C0003717","2","Nichinichi Maru (IMO 8816417), Sahei Maru","Nichinichi Maru (IMO 8816417): , Sahei Maru: ","Japan, Japan","General Cargo, Oil Tanker","2001-08-01 00:00","","Marine casualty","34° 32.20' N 138° 55.10' E","North Pacific Ocean","Coastal waters","0",""
"C0003718","1","SHAHRAZAD EXPRESS (IMO 8805652)","SHAHRAZAD EXPRESS (IMO 8805652): ","Panama","Non-ship structures","2001-07-31 00:00","","Very serious marine casualty","","Persian Gulf","","0",""
"C0004120","2","CELTIT, SAND HERON (IMO 8900701)","CELTIT: , SAND HERON (IMO 8900701): ","France, United Kingdom","Fish Catching, Non-ship structures","2001-07-30 00:00","","Marine casualty","","N-E traffic lane of Dover TSS","","1","Unknown"
"C0004134","1","CAST PRIVILEGE (IMO 7529122)","CAST PRIVILEGE (IMO 7529122): ","Bermuda (United Kingdom)","Container","2001-07-29 00:00","","Marine incident","","Off île Saint Ours, St. Lawrence River","","1","Unknown"
"C0003711","1","LAGUNA (IMO 7703699)","LAGUNA (IMO 7703699): ","Saint Vincent and the Grenadines","General Cargo","2001-07-29 00:00","","Marine casualty","","Off Mongstad","","0",""
"C0006972","1","SEA SWALLOW","SEA SWALLOW: ","Unknown","Fish Catching","2001-07-27 12:00","","Very serious marine casualty","","Near Duffur Rocks","","1","Unknown"
"C0006973","1","SEA SWALLOW","SEA SWALLOW: ","Unknown","","2001-07-27 12:00","","Very serious marine casualty","","Near Duffur Rocks","","1","Unknown"
"C0003709","1","BEN B.","BEN B.: ","United States","Fish Catching","2001-07-27 00:00","","Very serious marine casualty","","Near Srubby Island, Wrangell, Alaska","","0",""
"C0003710","1","GAMBLER (IMO 7920479)","GAMBLER (IMO 7920479): ","Antigua and Barbuda","General Cargo","2001-07-27 00:00","","Marine casualty","","Off Someri, 80 miles off St. Petersburg","","0",""
"C0003720","1","ZODIO (IMO 7522631)","ZODIO (IMO 7522631): ","Malta","Bulk Dry","2001-07-27 00:00","","Marine casualty","","Churchill Harbour","","0",""
"C0003704","1","CLIPPER CAYENNE (IMO 7517519)","CLIPPER CAYENNE (IMO 7517519): ","French Antarctic Territory (France)","Passenger/Ro-Ro Cargo","2001-07-26 00:00","","Marine casualty","","","","0",""
"C0003701","1","SUN (IMO 5321679)","SUN (IMO 5321679): ","Bahamas","Passenger","2001-07-25 00:00","","Very serious marine casualty","","120 nm off Cape St. Francis, South Africa","","0",""
"C0003702","1","TORM ALEXANDRA (IMO 8912821)","TORM ALEXANDRA (IMO 8912821): ","Malta","General Cargo","2001-07-25 00:00","","Very serious marine casualty","","Between berths 3 & 4, Monrovia","","0",""
"C0003703","1","WILSON SKY (IMO 9017393)","WILSON SKY (IMO 9017393): ","Cyprus","Bulk Dry","2001-07-25 00:00","","Marine casualty","","Lillobridge, Antwerp","","0",""
"C0003700","1","MANICA ALPHA (IMO 7723340)","MANICA ALPHA (IMO 7723340): ","Cyprus","Passenger/Ro-Ro Cargo","2001-07-23 00:00","","Very serious marine casualty","","Near Chonguene","","0",""
"C0003707","1","TASCO DELTA (IMO 7607950)","TASCO DELTA (IMO 7607950): ","Thailand","Non-ship structures","2001-07-23 00:00","","Marine casualty","","Off the Rong Oilfield","","0",""
"C0003706","1","SK No.7 (IMO 8007523)","SK No.7 (IMO 8007523): ","Republic of Korea","General Cargo","2001-07-21 00:00","","Marine casualty","33° 02.20' N 129° 19.70' E","Off Sasebo","Coastal waters","0",""
"C0003705","1","MELFI ECUADOR (IMO 9127875)","MELFI ECUADOR (IMO 9127875): ","Bahamas","General Cargo","2001-07-20 00:00","","Marine casualty","","Off Kingston","","0",""
"C0003698","1","VERTRAUEN","VERTRAUEN: ","United Kingdom","Fish Catching","2001-07-19 00:00","","Very serious marine casualty","","approx. 75 miles N.E. of Peterhead, Scotland","","1","United Kingdom"
"C0003699","1","VIST (IMO 6726553)","VIST (IMO 6726553): ","Russian Federation","General Cargo","2001-07-18 00:00","","Marine casualty","","Near the Bakhar oil platform, Caspian Sea","","0",""
"C0003694","2","INKILAP (IMO 5161627), SEDEFADASI (IMO 7300978)","INKILAP (IMO 5161627): , SEDEFADASI (IMO 7300978): ","Türkiye, Türkiye","Non-ship structures, Non-ship structures","2001-07-18 00:00","","Marine casualty","","Near Harem, Strait of Istanbul","","0",""
"C0003687","1","ATHENS OF THE NORTH (IMO 7701158)","ATHENS OF THE NORTH (IMO 7701158): ","Malta","Bulk Dry","2001-07-18 00:00","","Marine casualty","","Adriatic Sea","","0",""
"C0003690","2","DINGALAN BAY (IMO 7023283), PACIFIC EAGLE (IMO 7706419)","DINGALAN BAY (IMO 7023283): , PACIFIC EAGLE (IMO 7706419): ","Philippines, Singapore","General Cargo, Container","2001-07-17 00:00","","Marine casualty","","Davao City","","1","Singapore"
"C0003691","1","ERIDANAS (IMO 7812866)","ERIDANAS (IMO 7812866): ","Lithuania","Refrigerated Cargo","2001-07-17 00:00","","Marine casualty","","Isabel Inlet, 213 miles from Punta Arenas, Chile","","0",""
"C0003692","1","GREEN CRYSTAL (IMO 8920995)","GREEN CRYSTAL (IMO 8920995): ","Norway","Refrigerated Cargo","2001-07-17 00:00","","Marine casualty","","Off N.-E. coast of Irish Republic","","0",""
"C0003695","1","KELVIN (IMO 5261867)","KELVIN (IMO 5261867): ","Norway","General Cargo","2001-07-16 00:00","","Very serious marine casualty","","Outside the Toraneskai, Mo i Rana","","0",""
"C0003693","1","HANS OLDENDORFF (IMO 9052733)","HANS OLDENDORFF (IMO 9052733): ","Liberia","Bulk Dry","2001-07-15 00:00","","Marine casualty","","Off Cape Verde, North Atlantic Ocean","","0",""
"C0003697","2","STEFANIS (IMO 7632929), TAIMYING 6","STEFANIS (IMO 7632929): , TAIMYING 6: ","Saint Vincent and the Grenadines, Unknown","Bulk Dry, Fish Catching","2001-07-15 00:00","","Marine casualty","","About 1000 miles W. of Angola","","0",""
"C0003878","1","KIMBE (IMO 6422145)","KIMBE (IMO 6422145): ","Unknown","General Cargo","2001-07-15 00:00","","Very serious marine casualty","","Paama Island","","0",""
"C0003749","1","SSG EDWARD A. CARTER, JR.","SSG EDWARD A. CARTER, JR.: ","United States","Container","2001-07-14 00:00","","Very serious marine casualty","","Military ocean terminal, Sunny Point, N.C.","","1","Unknown"
"C0003696","2","Koshu Maru No.11 (IMO 9063512), Myong Gwang 3","Koshu Maru No.11 (IMO 9063512): , Myong Gwang 3: ","Japan, Republic of Korea","Liquefied Gas, General Cargo","2001-07-14 00:00","","Marine casualty","34° 07.30' N 135° 00.40' E","","Coastal waters","0",""
"C0003686","2","ACARREO III (IMO 7124025), BONNY STAR (IMO 9085431)","ACARREO III (IMO 7124025): , BONNY STAR (IMO 9085431): ","Honduras, Republic of Korea","General Cargo, Container","2001-07-14 00:00","","Marine casualty","","North Pacific Ocean","","0",""
"C0003689","2","Asama (IMO 8625923), Chiyo Maru No.1","Asama (IMO 8625923): , Chiyo Maru No.1: ","Panama, Japan","General Cargo, General Cargo","2001-07-13 00:00","","Marine casualty","34° 01.80' N 132° 47.30' E","About 3.5 kms off Hojyo City, near Matsuyama","Coastal waters","0",""
"C0003684","1","SEA (IMO 5136361)","SEA (IMO 5136361): ","Bahamas","Passenger","2001-07-12 00:00","","Very serious marine casualty","","140 kms S. S-E of Cape Recife","","0",""
"C0003820","1","CEREN URKMEZ (IMO 8501139)","CEREN URKMEZ (IMO 8501139): ","Türkiye","General Cargo","2001-07-11 00:00","","Marine casualty","","","","0",""
"C0003818","1","AUTOPREMIER (IMO 9131943)","AUTOPREMIER (IMO 9131943): ","Norway","Non-ship structures","2001-07-10 00:00","","Marine casualty","","North Atlantic Ocean","","0",""
"C0003719","1","SYDNEY EXPRESS (IMO 9130913)","SYDNEY EXPRESS (IMO 9130913): ","Isle of Man (United Kingdom)","Container","2001-07-10 00:00","","Marine casualty","","Off Melbourne","","0",""
"C0004106","1","CHANCE NO. 301 (IMO 8518259)","CHANCE NO. 301 (IMO 8518259): ","Republic of Korea","Fish Catching","2001-07-10 00:00","","Very serious marine casualty","","McKean Island","","0",""
"C0003685","1","LUC NAM (IMO 7614745)","LUC NAM (IMO 7614745): ","Viet Nam","General Cargo","2001-07-09 00:00","","Very serious marine casualty","","Off Haldia port, near Sandheads, Bay of Bengal","","0",""
"C0003832","1","CELICA (IMO 7821049)","CELICA (IMO 7821049): ","Saint Vincent and the Grenadines","General Cargo","2001-07-08 00:00","","Very serious marine casualty","","Baltic sea","","0",""
"C0003683","1","LADY CELESTE (IMO 7933476)","LADY CELESTE (IMO 7933476): ","United States","Fish Catching","2001-07-07 00:00","","Marine casualty","","Gulf of Mexico","","0",""
"C0004046","1","INABUKWA (IMO 7606970)","INABUKWA (IMO 7606970): ","Indonesia","Passenger / General Cargo","2001-07-05 00:00","","Marine casualty","","Salomague port, Northern Luzon","","0",""
"C0003682","1","KARUNIA LESTARI II","KARUNIA LESTARI II: ","Indonesia","General Cargo","2001-07-04 00:00","","Marine casualty","","Off Batbatan Point, Panay Island","","0",""
"C0003812","1","MUZAFFER SENKAYA (IMO 8858726)","MUZAFFER SENKAYA (IMO 8858726): ","Türkiye","General Cargo","2001-07-03 00:00","","Very serious marine casualty","","25 nm off Lesvos Island, Aegean Sea","","0",""
"C0003819","1","BOVENHUSEN (IMO 8702850)","BOVENHUSEN (IMO 8702850): ","Cyprus","General Cargo","2001-07-02 00:00","","Marine casualty","","Off Norfolk Island, South Pacific Ocean","","0",""
"C0004047","1","VAL GRANDE (IMO 7931090)","VAL GRANDE (IMO 7931090): ","Italy","Non-ship structures","2001-07-02 00:00","","Marine casualty","","Izola","","0",""
"C0003688","1","CHITRAL (IMO 7822110)","CHITRAL (IMO 7822110): ","Pakistan","General Cargo","2001-07-02 00:00","","Marine casualty","","Zhanjiang","","0",""
"C0003817","1","YUN HAI (IMO 7905936)","YUN HAI (IMO 7905936): ","China","Non-ship structures","2001-07-01 00:00","","Marine casualty","","600 miles N. of Dutch Harbour, Bering Sea","","0",""
"C0003815","1","SASSNITZ (IMO 8705383)","SASSNITZ (IMO 8705383): ","Germany","Non-ship structures","2001-07-01 00:00","","Marine casualty","","Off Rügen Island, Germany","","0",""
"C0003827","2","P&O NEDLLOYD SEOUL (IMO 9162277), PEBBLE BEACH (IMO 7810296)","P&O NEDLLOYD SEOUL (IMO 9162277): , PEBBLE BEACH (IMO 7810296): ","Liberia, Norway","Container, Non-ship structures","2001-07-01 00:00","","Marine casualty","","Malacca Strait","","0",""
"C0003816","1","SEA AUSTRAL (IMO 8711681)","SEA AUSTRAL (IMO 8711681): ","Cyprus","General Cargo","2001-06-30 00:00","","Very serious marine casualty","","Gulf of Oman","","0",""
"C0004117","1","LADY DUCK","LADY DUCK: ","Canada","Non-ship structures","2001-06-30 00:00","","Marine incident","","Ottawa River","","1","Unknown"
"C0003813","1","POSEIDON (IMO 7427518)","POSEIDON (IMO 7427518): ","Germany","Non-ship structures","2001-06-29 00:00","","Marine casualty","","Porto Grande Bay","","0",""
"C0003809","2","NISSEI MARU, SUMITOKU MARU NO. 8 (IMO 9067130)","NISSEI MARU: , SUMITOKU MARU NO. 8 (IMO 9067130): ","Unknown, Japan",", General Cargo","2001-06-29 00:00","","Marine casualty","","Off Shimoda","","0",""
"C0003810","2","AURORA (IMO 8625789), DONG YANG (IMO 9181211)","AURORA (IMO 8625789): , DONG YANG (IMO 9181211): ","Panama, Republic of Korea","General Cargo, Chemical Tanker","2001-06-28 00:00","","Very serious marine casualty","","En route from Kobe (Japan) to Inchon (Republic of ","","0",""
"C0003811","1","BLUE REEFER (IMO 7801269)","BLUE REEFER (IMO 7801269): ","Bahamas","Refrigerated Cargo","2001-06-28 00:00","","Marine casualty","","North Atlantic Ocean","","0",""
"C0003807","2","ATTILIO IEVOLI (IMO 9104873), KATMANDOE","ATTILIO IEVOLI (IMO 9104873): , KATMANDOE: ","Italy, Unknown","Chemical Tanker, Non-ship structures","2001-06-28 00:00","","Marine casualty","","Near buoys 102/104, River Scheldt, Belgium","","0",""
"C0003814","1","SAFMARINE DUBAI (IMO 7712353)","SAFMARINE DUBAI (IMO 7712353): ","Cyprus","General Cargo","2001-06-28 00:00","","Marine casualty","","360 miles off Socotra Island, Arabian Sea","","0",""
"C0004116","2","LADY HAMILTON OF HELFORD, MATHILDA (IMO 9100061)","LADY HAMILTON OF HELFORD: , MATHILDA (IMO 9100061): ","United Kingdom, Antigua and Barbuda","Fish Catching, Container","2001-06-28 00:00","","Marine incident","","7 miles E.S.E. of Lizard Point, Cornwall","","1","Unknown"
"C0004135","1","MIRANDE (IMO 9149689)","MIRANDE (IMO 9149689): ","French Antarctic Territory (France)","General Cargo","2001-06-28 00:00","","Marine casualty","","Port Philipp Bay, Victoria","","2","Australia; Unknown"
"C0003803","1","NEERMOOR (IMO 9060687)","NEERMOOR (IMO 9060687): ","Antigua and Barbuda","General Cargo","2001-06-27 00:00","","Marine casualty","","Off Portugal","","0",""
"C0003802","1","CANADIAN TRANSPORT (IMO 7711737)","CANADIAN TRANSPORT (IMO 7711737): ","Canada","Bulk Dry","2001-06-24 00:00","","Marine casualty","","Nanticoke","","0",""
"C0003808","1","GUANG YUAN (IMO 7429841)","GUANG YUAN (IMO 7429841): ","Belize","General Cargo","2001-06-23 00:00","","Very serious marine casualty","","South China Sea","","0",""
"C0003799","1","MARCAPE (IMO 9221475)","MARCAPE (IMO 9221475): ","Antigua and Barbuda","General Cargo","2001-06-21 00:00","","Marine casualty","","Off Japan, North Pacific Ocean","","0",""
"C0003795","1","ANDHIKA ADIPARWA (IMO 8500094)","ANDHIKA ADIPARWA (IMO 8500094): ","Panama","Chemical Tanker","2001-06-20 00:00","","Marine casualty","","Near Masinloc","","0",""
"C0003797","1","EWL ANTILLES (IMO 9063964)","EWL ANTILLES (IMO 9063964): ","Liberia","Container","2001-06-20 00:00","","Marine casualty","","Off Northern Spain","","0",""
"C0003872","1","GOSELLA (IMO 8203842)","GOSELLA (IMO 8203842): ","Panama","General Cargo","2001-06-20 00:00","","Very serious marine casualty","","Off Truong Sa Archipelago, Central Khanh Hoa Provi","","0",""
"C0003747","2","OUR SARAH JAYNE, THELISIS (IMO 7713371)","OUR SARAH JAYNE: , THELISIS (IMO 7713371): ","United Kingdom, Greece","Fish Catching, Passenger/Ro-Ro Cargo","2001-06-20 00:00","","Very serious marine casualty","","Thames Estuary","","1","United Kingdom"
"C0003800","1","NEW RENOWN (IMO 7361893)","NEW RENOWN (IMO 7361893): ","Liberia","Oil Tanker","2001-06-19 00:00","","Very serious marine casualty","","MSE shipyard, Pasir Gudang","","0",""
"C0003801","1","PRINS RICHARD (IMO 9144419)","PRINS RICHARD (IMO 9144419): ","DIS (Denmark)","Passenger/Ro-Ro Cargo","2001-06-19 00:00","","Marine casualty","","Puttgarden Harbour","Port approach","1","Denmark"
"C0003805","1","VASILIKI (IMO 6620034)","VASILIKI (IMO 6620034): ","Greece","Oil Tanker","2001-06-18 00:00","","Marine casualty","","Off Cape Zovolos","","0",""
"C0003798","1","FORTUNE ENDEAVOUR (IMO 7225843)","FORTUNE ENDEAVOUR (IMO 7225843): ","Belize","Fish Catching","2001-06-17 00:00","","Very serious marine casualty","","Cabot Strait, off Newfoundland","","0",""
"C0003796","2","CITRON GOLD (IMO 8224066), DING HE (IMO 9013397)","CITRON GOLD (IMO 8224066): , DING HE (IMO 9013397): ","Panama, China","General Cargo, Oil Tanker","2001-06-16 00:00","","Very serious marine casualty","","South China Sea","","0",""
"C0003804","1","NORDIC EMPRESS (IMO 8716899)","NORDIC EMPRESS (IMO 8716899): ","Liberia","Passenger","2001-06-15 22:36","","Marine casualty","","140 nm North-West of Hamilton, Bermuda, North Atlantic Ocean","","2","Unknown; Liberia"
"C0006989","1","SHANNON DAWN","SHANNON DAWN: ","Canada","","2001-06-15 15:35","","Very serious marine casualty","","Lake Winnipeg; Manitoba","","1","Canada"
"C0006990","1","SHANNON DAWN","SHANNON DAWN: ","Canada","Fish Catching","2001-06-15 15:35","","Very serious marine casualty","","Lake Winnipeg; Manitoba","","1","Unknown"
"C0003806","1","YAYASAN DUA (IMO 7915436)","YAYASAN DUA (IMO 7915436): ","Malaysia","General Cargo","2001-06-15 00:00","","Marine casualty","","En route from Daru to Port Moresby","","0",""
"C0003790","1","FELIX (IMO 7343310)","FELIX (IMO 7343310): ","Cyprus","Bulk Dry","2001-06-15 00:00","","Marine casualty","","60 miles N.E. of Las Palmas, Canary Islands, Spain","","0",""
"C0003792","1","PRIMROSE","PRIMROSE: ","United Kingdom","Fish Catching","2001-06-15 00:00","","Marine casualty","","Off Mallaig, Scotland","","0",""
"C0003793","1","SAMTA 3","SAMTA 3: ","Belize","Non-ship structures","2001-06-15 00:00","","Very serious marine casualty","","Eastern Petroleum Anchorage, Singapore","","0",""
"C0004126","1","LOMUR (IMO 8714372)","LOMUR (IMO 8714372): ","United Kingdom","Fish Catching","2001-06-14 00:00","","Marine casualty","","Hoe Skerry, 2 miles W. of Scalloway, Shetland Isla","","1","Unknown"
"C0004118","1","RESPLENDENT (IMO 8965438)","RESPLENDENT (IMO 8965438): ","United Kingdom","Fish Catching","2001-06-13 00:00","","Marine casualty","","Papil Ness, Bluemull Sound, Shetland Islands","","1","Unknown"
"C0003882","1","WASCA II","WASCA II: ","Canada","Passenger","2001-06-13 00:00","","Marine incident","","Wascana Lake, Regina, Saskatchewan","","1","Unknown"
"C0003713","1","ENDAH LESTARI","ENDAH LESTARI: ","Indonesia","Non-ship structures","2001-06-13 00:00","","Very serious marine casualty","","Tebrau Straits","","0",""
"C0003791","1","HENG SAN (IMO 7379905)","HENG SAN (IMO 7379905): ","Singapore","Oil Tanker","2001-06-12 00:00","","Very serious marine casualty","","Arabian Sea, 400 nm S.-W. of Mumbai, India","","1","Unknown"
"C0003789","1","API II (IMO 7388504)","API II (IMO 7388504): ","Argentina","Fish Catching","2001-06-12 00:00","","Very serious marine casualty","","200 miles off Peninsula de Valdes, Argentina","","1","Argentina"
"C0004113","1","CAN 204","CAN 204: ","Unknown","Non-ship structures","2001-06-12 00:00","","Very serious marine casualty","","Manaus","","0",""
"C0004119","2","ATLANTIC MERMAID (IMO 9045936), HAMPOEL (IMO 8504234)","ATLANTIC MERMAID (IMO 9045936): , HAMPOEL (IMO 8504234): ","Panama, Cyprus","Refrigerated Cargo, General Cargo","2001-06-07 00:00","","Marine casualty","","Off the Varne, S.W. bound lane of Dover TSS","","1","Unknown"
"C0003780","1","ARETOUSA (IMO 9088859)","ARETOUSA (IMO 9088859): ","Greece","Non-ship structures","2001-06-06 00:00","","Marine casualty","","Near Vieste","","0",""
"C0003783","1","INFINITY (IMO 9189421)","INFINITY (IMO 9189421): ","Liberia","Passenger","2001-06-05 00:00","","Marine casualty","","Vancouver","","0",""
"C0003779","1","ANOPOLIS (IMO 7405728)","ANOPOLIS (IMO 7405728): ","Malta","Oil Tanker","2001-06-05 00:00","","Very serious marine casualty","","Constantza","","0",""
"C0003794","1","THUNDER N (IMO 8939051)","THUNDER N (IMO 8939051): ","United States","Fish Catching","2001-06-05 00:00","","Marine casualty","","Off Sabine, Texas","","0",""
"C0004044","2","GEROI SEVASTOPOLYA (IMO 7710460), IRAN AMANAT (IMO 8112990)","GEROI SEVASTOPOLYA (IMO 7710460): , IRAN AMANAT (IMO 8112990): ","Russian Federation, Iran (Islamic Republic of)","Oil Tanker, Bulk Dry","2001-06-05 00:00","","Marine casualty","","Northern Mozambique Channel","","0",""
"C0003712","1","SOLSTRAUM (IMO 8913708)","SOLSTRAUM (IMO 8913708): ","Norway","Chemical Tanker","2001-06-05 00:00","","Marine casualty","","Gjermundflu, S. of Maaloy Bridge","","0",""
"C0003785","1","NIEVA (IMO 7052428)","NIEVA (IMO 7052428): ","Spain","Towing / Pushing","2001-06-04 00:00","","Very serious marine casualty","","Mediterranean Sea","","0",""
"C0003786","1","PONTA DELGADA (IMO 5281881)","PONTA DELGADA (IMO 5281881): ","Portugal","Passenger / General Cargo","2001-06-03 00:00","","Very serious marine casualty","","Cais do Bispo Quay, Lisbon","","0",""
"C0003788","1","SAM YANG NO. 1 (IMO 9157052)","SAM YANG NO. 1 (IMO 9157052): ","Panama","Chemical Tanker","2001-06-03 00:00","","Marine casualty","","Off Ise-Wan","","0",""
"C0003778","1","ADAMAS (IMO 7609635)","ADAMAS (IMO 7609635): ","Cayman Islands (United Kingdom)","General Cargo","2001-06-03 00:00","","Marine casualty","","Off Las Palmas, Canary Islands, Spain","","0",""
"C0003714","1","PALUCCA (IMO 9122825)","PALUCCA (IMO 9122825): ","Germany","General Cargo","2001-06-03 00:00","","Marine casualty","","Caribbean Sea","","0",""
"C0003787","1","REAL PROGRESS (IMO 6920214)","REAL PROGRESS (IMO 6920214): ","Liberia","Oil Tanker","2001-06-02 00:00","","Very serious marine casualty","","Ijora fishing jetty, port of Lagos","","1","Unknown"
"C0003781","1","GALAXY (IMO 9106297)","GALAXY (IMO 9106297): ","Liberia","Passenger","2001-06-02 00:00","","Marine casualty","","Off Amsterdam, Netherlands","","0",""
"C0004045","1","NGV LIAMONE (IMO 9210115)","NGV LIAMONE (IMO 9210115): ","France","Non-ship structures","2001-06-02 00:00","","Marine casualty","","Marseilles","","0",""
"C0003782","1","HALIM (IMO 7801180)","HALIM (IMO 7801180): ","Hong Kong, China","General Cargo","2001-06-01 00:00","","Marine casualty","","50 nm off Cape Town, South Africa","","0",""
"C0003770","1","KWAI (IMO 5038404)","KWAI (IMO 5038404): ","Norway","Fish Catching","2001-05-31 00:00","","Marine casualty","","Off Kaarsto, N. of Stavanger","","0",""
"C0003776","1","SHAKEM (IMO 5129590)","SHAKEM (IMO 5129590): ","Saint Vincent and the Grenadines","General Cargo","2001-05-30 00:00","","Very serious marine casualty","","Off Grand Anse Beach","","0",""
"C0003775","1","SEALTH (IMO 7808152)","SEALTH (IMO 7808152): ","United States","Passenger/Ro-Ro Cargo","2001-05-29 00:00","","Marine casualty","","Off Shaw Island, Friday Harbour, San Juan Islands","","0",""
"C0003773","1","CHILKAT WARRIOR","CHILKAT WARRIOR: ","United States","Non-ship structures","2001-05-29 00:00","","Marine casualty","","Kenai, Alaska","","0",""
"C0003708","1","BERTHEA (IMO 7926148)","BERTHEA (IMO 7926148): ","Norway","Oil Tanker","2001-05-29 00:00","","Marine casualty","","Beaumont, Texas","","0",""
"C0003777","2","ROWAN (IMO 8814421), SINGAPURA TIMUR (IMO 9146144)","ROWAN (IMO 8814421): , SINGAPURA TIMUR (IMO 9146144): ","Bahamas, Panama","Oil Tanker, Non-ship structures","2001-05-28 00:00","","Very serious marine casualty","","Malacca Strait","","0",""
"C0003774","2","OLYMPUS (IMO 7386324), SAO SEBASTIAO (IMO 7505188)","OLYMPUS (IMO 7386324): , SAO SEBASTIAO (IMO 7505188): ","Malta, Brazil","Bulk Dry, Bulk Dry","2001-05-27 00:00","","Marine casualty","","Off Brazilian coast","Coastal waters","0",""
"C0003772","1","MODERN DRIVE (IMO 9188817)","MODERN DRIVE (IMO 9188817): ","Panama","Non-ship structures","2001-05-26 00:00","","Marine casualty","","Off East London","","0",""
"C0003784","1","JOSE FUCHS (IMO 8100002)","JOSE FUCHS (IMO 8100002): ","Liberia","Oil Tanker","2001-05-25 00:00","","Very serious marine casualty","","Moraleda Channel","","0",""
"C0003771","1","LOWLANDS BEILUN (IMO 9172208)","LOWLANDS BEILUN (IMO 9172208): ","Singapore","Bulk Dry","2001-05-25 00:00","","Marine casualty","","Johor Shoal, off Changi","","0",""
"C0003762","1","ALEJANDRO I (IMO 7713163)","ALEJANDRO I (IMO 7713163): ","Panama","General Cargo","2001-05-23 00:00","","Marine casualty","","Off West coast of Africa","","0",""
"C0003715","1","UMALIA V","UMALIA V: ","India","Non-ship structures","2001-05-23 00:00","","Marine casualty","","Off New Mangalore","","0",""
"C0004036","2","SHINOUSSA (IMO 8618920), SMIT BERMUDA (IMO 8614821)","SHINOUSSA (IMO 8618920): , SMIT BERMUDA (IMO 8614821): ","Greece, Saint Vincent and the Grenadines","Oil Tanker, Towing / Pushing","2001-05-23 00:00","","Marine casualty","","Freeport","","0",""
"C0003769","1","SAFMARINE NARMADA (IMO 7712353)","SAFMARINE NARMADA (IMO 7712353): ","Cyprus","General Cargo","2001-05-21 00:00","","Marine casualty","","Off Mogadiscio, Somalia","","0",""
"C0003763","1","CIC VISION (IMO 9065285)","CIC VISION (IMO 9065285): ","Denmark","General Cargo","2001-05-20 13:50","","Marine casualty","29° 22.00' N 88° 53.00' W","Off Venice (Florida), Gulf of Mexico","Open sea","0",""
"C0004043","1","OKTAVIUS (IMO 8409082)","OKTAVIUS (IMO 8409082): ","Sweden","Oil Tanker","2001-05-19 00:00","","Marine casualty","","Drogden","","0",""
"C0003768","1","CONRAD (IMO 4902610)","CONRAD (IMO 4902610): ","Unknown","Non-ship structures","2001-05-18 00:00","","Very serious marine casualty","","23 miles off coast of Tunisia","","0",""
"C0004121","1","P&OSL CANTERBURY (IMO 7814462)","P&OSL CANTERBURY (IMO 7814462): ","United Kingdom","Non-ship structures","2001-05-17 00:00","","Marine incident","","Approaches to Dover Harbour","","1","Unknown"
"C0003764","1","CANADIAN TRANSFER (IMO 6514869)","CANADIAN TRANSFER (IMO 6514869): ","Canada","Non-ship structures","2001-05-14 13:18","","Marine casualty","","1.3 nm W. of Goderich Harbour","","1","Unknown"
"C0003765","1","CAPTAIN GEORGE TSANGARIS (IMO 8100959)","CAPTAIN GEORGE TSANGARIS (IMO 8100959): ","Panama","Bulk Dry","2001-05-14 00:00","","Marine casualty","","On rocks at Round Island, off Trincomalee","","0",""
"C0004130","1","GOLDEN BAY (IMO 8105258)","GOLDEN BAY (IMO 8105258): ","Liberia","Bulk Dry","2001-05-14 00:00","","Marine casualty","","Gocuk/Gelibolu, entrance to Strait of Canakkale","","0",""
"C0003761","1","GEORGIOS XII (IMO 7636066)","GEORGIOS XII (IMO 7636066): ","Panama","Bulk Dry","2001-05-13 00:00","","Marine casualty","","200 nm off Ushant Island, France","","0",""
"C0003760","1","BAY TITAN (IMO 7029512)","BAY TITAN (IMO 7029512): ","United States","Towing / Pushing","2001-05-11 00:00","","Very serious marine casualty","","Chesapeake & Delaware Canal","","0",""
"C0003756","1","ORAKOTA (IMO 7827330)","ORAKOTA (IMO 7827330): ","DIS (Denmark)","Chemical Tanker","2001-05-11 00:00","","Marine casualty","","Bremerhaven Harbour","At berth","0",""
"C0004111","1","KSENIA MERCURY (IMO 7397983)","KSENIA MERCURY (IMO 7397983): ","Georgia","General Cargo","2001-05-10 00:00","","Marine casualty","","Strait of Canakkale","","0",""
"C0003752","2","Hotoku Maru (IMO 9072707), Seto Maru (IMO 8952493)","Hotoku Maru (IMO 9072707): , Seto Maru (IMO 8952493): ","Japan, Japan","General Cargo, Chemical Tanker","2001-05-09 00:00","","Marine casualty","35° 37.50' N 140° 54.00' E","9 kms off Cape Inubo, Choshi, Chiba Prefecture","Coastal waters","0",""
"C0003753","2","LE ROYALE (IMO 8707642), SIBOTI (IMO 9009396)","LE ROYALE (IMO 8707642): , SIBOTI (IMO 9009396): ","France, Norway","Fish Catching, Non-ship structures","2001-05-07 00:00","","Very serious marine casualty","","50 miles off Ushant Island, France","","0",""
"C0003754","1","LYSFOSS (IMO 8713653)","LYSFOSS (IMO 8713653): ","Norway","Non-ship structures","2001-05-07 00:00","","Marine casualty","","Northern entrance to Sound of Mull, Scotland","","0",""
"C0003755","1","MESTA (IMO 7353963)","MESTA (IMO 7353963): ","Bulgaria","Oil Tanker","2001-05-07 00:00","","Very serious marine casualty","","Outer anchorage of Constantza port","","0",""
"C0003757","1","WAEL II (IMO 6519479)","WAEL II (IMO 6519479): ","Syrian Arab Republic","General Cargo","2001-05-07 00:00","","Very serious marine casualty","","Off the coast of Crete","","0",""
"C0003871","1","BASS (IMO 7387330)","BASS (IMO 7387330): ","Panama","Bulk Dry","2001-05-07 00:00","","Marine casualty","","Put into Piraeus, Greece","","0",""
"C0003889","1","DELOS CARRIER (IMO 7387287)","DELOS CARRIER (IMO 7387287): ","Saint Vincent and the Grenadines","Passenger/Ro-Ro Cargo","2001-05-05 00:00","","Marine casualty","","Jabel Zugar Island, Red Sea","","0",""
"C0003758","1","XANA (IMO 8502183)","XANA (IMO 8502183): ","Romania","General Cargo","2001-05-05 00:00","","Marine casualty","","Aegean Sea","","0",""
"C0003750","1","EVA (IMO 7421124)","EVA (IMO 7421124): ","Saint Vincent and the Grenadines","General Cargo","2001-05-05 00:00","","Marine casualty","","Lagos Roads","","0",""
"C0003751","1","FARO I (IMO 7402582)","FARO I (IMO 7402582): ","Panama","General Cargo","2001-05-04 00:00","","Marine casualty","","Straits of Florida","","0",""
"C0003759","1","CELINE (IMO 7329027)","CELINE (IMO 7329027): ","Panama","General Cargo","2001-05-04 00:00","","Marine casualty","","Off River Plate, Alpha Zone anchorage, Montevideo","","0",""
"C0003766","1","NORGATE CANADA (IMO 9055163)","NORGATE CANADA (IMO 9055163): ","Egypt","General Cargo","2001-05-03 00:00","","Marine casualty","","Off Québec City","","0",""
"C0004112","1","VASILIOS XIII (IMO 7735381)","VASILIOS XIII (IMO 7735381): ","Greece","Chemical Tanker","2001-05-02 00:00","","Marine casualty","","Megara Straits","","0",""
"C0004097","1","TASMAN PIONEER (IMO 7908483)","TASMAN PIONEER (IMO 7908483): ","Cyprus","General Cargo","2001-05-02 00:00","","Marine casualty","","Towed to Kokura, Japan","","0",""
"C0003883","1","TANIA (IMO 7330088)","TANIA (IMO 7330088): ","Panama","Oil Tanker","2001-05-01 00:00","","Marine casualty","","Arrived Berbera outer anchorage, Somalia","","0",""
"C0003941","2","DONG HO 608, VINH (IMO 8114211)","DONG HO 608: , VINH (IMO 8114211): ","Unknown, Viet Nam","Fish Catching, General Cargo","2001-04-30 00:00","","Very serious marine casualty","","Off Taean","","0",""
"C0003887","1","GLORY STAR (IMO 8325028)","GLORY STAR (IMO 8325028): ","Panama","General Cargo","2001-04-29 00:00","","Marine casualty","","Off Pak Shek Au, Tolo Harbour, Ma On Shan","","0",""
"C0003888","1","SEA VENUS (IMO 8211514)","SEA VENUS (IMO 8211514): ","Panama","Non-ship structures","2001-04-27 00:00","","Very serious marine casualty","","Emden","","0",""
"C0003512","1","CROWLEY SUN (IMO 8401133)","CROWLEY SUN (IMO 8401133): ","Liberia","Passenger/Ro-Ro Cargo","2001-04-26 00:00","","Marine casualty","","Port Everglades","","0",""
"C0004124","1","DUTCH NAVIGATOR (IMO 9173290)","DUTCH NAVIGATOR (IMO 9173290): ","Netherlands (Kingdom of)","General Cargo","2001-04-25 00:00","","Marine casualty","","On passage from Bilbao (Spain) to Avonmouth (UK)","","1","Unknown"
"C0003510","1","BUEN VIENTO (IMO 9230282)","BUEN VIENTO (IMO 9230282): ","Panama","Passenger/Ro-Ro Cargo","2001-04-23 00:00","","Very serious marine casualty","","North Pacific Ocean","","0",""
"C0003511","1","MAKEDONIA I (IMO 6903400)","MAKEDONIA I (IMO 6903400): ","Greece","Passenger/Ro-Ro Cargo","2001-04-23 00:00","","Marine casualty","","Mediterranean Sea, 102 nm off Rhodes","","0",""
"C0003885","2","GUDERMES (IMO 7343164), SAINT JACQUES II (IMO 9199866)","GUDERMES (IMO 7343164): , SAINT JACQUES II (IMO 9199866): ","Malta, France","Oil Tanker, Fish Catching","2001-04-23 00:00","","Marine casualty","","English Channel, 14 miles E.N.E. of Dover harbour","","1","Unknown"
"C0003886","1","ROSEMARY EVE (IMO 6405628)","ROSEMARY EVE (IMO 6405628): ","Venezuela (Bolivarian Republic of)","General Cargo","2001-04-21 00:00","","Very serious marine casualty","","Between islands of San Carlos and Zapara","","0",""
"C0004131","1","MAKSIM MIKHAYLOV (IMO 7614379)","MAKSIM MIKHAYLOV (IMO 7614379): ","Russian Federation","Container","2001-04-21 00:00","","Marine incident","","Moreton Bay, Queensland","","2","Australia; Unknown"
"C0004133","1","DEVPRAYAG (IMO 8321072)","DEVPRAYAG (IMO 8321072): ","India","Bulk Dry","2001-04-21 00:00","","Marine casualty","","Minerva reef, Portland, Victoria","","1","Australia"
"C0003506","1","FAME (IMO 7617113)","FAME (IMO 7617113): ","Canada","Fish Catching","2001-04-19 15:00","","Very serious marine casualty","","120 nm N.E. of Belle Isle, Newfoundland, Canada","","1","Unknown"
"C0004123","1","VAN DIJCK (IMO 7416791)","VAN DIJCK (IMO 7416791): ","United Kingdom","Fish Catching","2001-04-16 00:00","","Very serious marine casualty","","30 miles S.W. of Guernsey","","1","United Kingdom"
"C0003507","1","SAFMARINE GALANA (IMO 8012877)","SAFMARINE GALANA (IMO 8012877): ","Cyprus","General Cargo","2001-04-15 00:00","","Very serious marine casualty","","Maydon Wharf, Durban","","0",""
"C0003879","1","TERESA (IMO 8227434)","TERESA (IMO 8227434): ","Saint Vincent and the Grenadines","General Cargo","2001-04-15 00:00","","Very serious marine casualty","","Bahia de Amatique, Caribbean Sea","","0",""
"C0003509","1","ZAINAB (IMO 6926270)","ZAINAB (IMO 6926270): ","Honduras","Oil Tanker","2001-04-14 00:00","","Very serious marine casualty","","16.5 miles N. of Jebel Ali","","0",""
"C0003508","1","TORNFJORD (IMO 6617960)","TORNFJORD (IMO 6617960): ","Bahamas","General Cargo","2001-04-13 00:00","","Marine casualty","","Near Langevaag, Bomlo area","","0",""
"C0003500","1","HONGHAE SANYO (IMO 7404621)","HONGHAE SANYO (IMO 7404621): ","Republic of Korea","Bulk Dry","2001-04-11 00:00","","Very serious marine casualty","","About 50 kms S. of Cape Ashizuri, Japan","","0",""
"C0003767","1","DESTINY I","DESTINY I: ","Canada","Non-ship structures","2001-04-10 00:00","","Marine casualty","","Granville Island, Vancouver","","0",""
"C0003503","1","STAMATINA P (IMO 9037018)","STAMATINA P (IMO 9037018): ","Malta","General Cargo","2001-04-09 00:00","","Marine casualty","","100 nm off Madeira","","0",""
"C0003505","1","VERA LOUISE (IMO 7422491)","VERA LOUISE (IMO 7422491): ","United Kingdom","Fish Catching","2001-04-09 00:00","","Very serious marine casualty","","Off Portmuck Island, E. Antrim coast","","1","United Kingdom"
"C0003499","1","GERT HANSEN (IMO 5246867)","GERT HANSEN (IMO 5246867): ","DIS (Denmark)","General Cargo","2001-04-08 00:00","","Very serious marine casualty","","Drobaksundet, nr Haaoya Island, Oslofjord","Archipelagos","1","Denmark"
"C0003428","1","CHERYL C (IMO 8116635)","CHERYL C (IMO 8116635): ","Barbados","General Cargo","2001-04-08 00:00","","Marine casualty","","Off Cabo Carvoeiro","","1","Barbados"
"C0004100","1","EUROPA (IMO 6403278)","EUROPA (IMO 6403278): ","Saint Vincent and the Grenadines","Non-ship structures","2001-04-06 00:00","","Marine casualty","","Red sea, near Aden","","0",""
"C0003501","1","MOUZAKI (IMO 7312438)","MOUZAKI (IMO 7312438): ","Panama","General Cargo","2001-04-05 00:00","","Very serious marine casualty","","30 miles N.W. of Bayóvar, Peru","","0",""
"C0003504","1","TRANS VIK (IMO 8915550)","TRANS VIK (IMO 8915550): ","Norway","Chemical Tanker","2001-04-05 00:00","","Marine casualty","","Off Gibraltar","","0",""
"C0003494","1","AUTOFREIGHTER (IMO 7533393)","AUTOFREIGHTER (IMO 7533393): ","Norway","Non-ship structures","2001-04-05 00:00","","Marine casualty","","Off Sandettie Bank, 11 miles N. of Calais","","0",""
"C0003495","1","NICO (IMO 5345077)","NICO (IMO 5345077): ","Norway","General Cargo","2001-04-05 00:00","","Very serious marine casualty","","North Sea","","0",""
"C0003663","2","MILENIUM (IMO 9221346), TRIMAR","MILENIUM (IMO 9221346): , TRIMAR: ","Spain, Spain","Non-ship structures, Passenger","2001-04-05 00:00","","Marine casualty","","Port of Barcelona","","1","Unknown"
"C0003843","1","MIRAGE II (IMO 7312438)","MIRAGE II (IMO 7312438): ","Panama","General Cargo","2001-04-05 00:00","","Very serious marine casualty","","approx. 30 miles N.W. of Bayovar port, Peru","","0",""
"C0003502","1","SABINE S (IMO 6704098)","SABINE S (IMO 6704098): ","Lebanon","General Cargo","2001-04-02 00:00","","Very serious marine casualty","","Off Igneada","","0",""
"C0003493","1","ARCTIC ROSE (IMO 8855596)","ARCTIC ROSE (IMO 8855596): ","United States","Fish Catching","2001-04-02 00:00","","Very serious marine casualty","","205 miles N.W. of St. Paul Island, Bering Sea","","0",""
"C0003496","2","PROVMAR TERMINAL II (IMO 5159600), UTVIKEN (IMO 8212099)","PROVMAR TERMINAL II (IMO 5159600): , UTVIKEN (IMO 8212099): ","Canada, Bahamas","Oil Tanker, Bulk Dry","2001-04-01 00:00","","Marine casualty","","Hamilton harbour, Ontario","","1","Unknown"
"C0003497","2","ANDHIKA ARYANDHI (IMO 8303616), SULAWESI II (IMO 7381740)","ANDHIKA ARYANDHI (IMO 8303616): , SULAWESI II (IMO 7381740): ","Singapore, Indonesia","Chemical Tanker, Non-ship structures","2001-03-31 00:00","","Marine casualty","","Off Pasir Gudang","","0",""
"C0004035","1","MANNA (IMO 8907321)","MANNA (IMO 8907321): ","Malta","Bulk Dry","2001-03-30 00:00","","Marine casualty","","North Sea","","0",""
"C0003492","1","WHITE SANDS (IMO 7396927)","WHITE SANDS (IMO 7396927): ","United Kingdom","Fish Catching","2001-03-29 00:00","","Marine casualty","","Off Valentia Island","","0",""
"C0003486","1","CIELO D'EUROPA (IMO 7516553)","CIELO D'EUROPA (IMO 7516553): ","Liberia","General Cargo","2001-03-29 00:00","","Marine casualty","","North Atlantic Ocean","","0",""
"C0003471","2","BALTIC CARRIER (IMO 9208124), TERN (IMO 7327603)","BALTIC CARRIER (IMO 9208124): , TERN (IMO 7327603): ","Marshall Islands, Cyprus","Oil Tanker, Bulk Dry","2001-03-29 00:00","","Very serious marine casualty","54° 43.20' N 12° 35.00' E","Baltic Sea, in the 17 m DW route","","2","Denmark; Marshall Islands"
"C0003491","1","SUN GLORY (IMO 7372397)","SUN GLORY (IMO 7372397): ","Cambodia","General Cargo","2001-03-28 00:00","","Very serious marine casualty","","Sea of Japan","","0",""
"C0003485","2","AZUCHI MARU (IMO 8220187), STELLA MARIS I (IMO 8709494)","AZUCHI MARU (IMO 8220187): , STELLA MARIS I (IMO 8709494): ","Argentina, Argentina","Fish Catching, Other Fishing","2001-03-28 00:00","","Very serious marine casualty","","144 miles off Rio Gallegos, Argentina","","1","Argentina"
"C0003487","1","CMA CGM NORMANDIE (IMO 9000601)","CMA CGM NORMANDIE (IMO 9000601): ","French Antarctic Territory (France)","Container","2001-03-27 00:00","","Marine casualty","","Helen Mar Reef, S. of Singapore","","0",""
"C0003498","1","TEJO CHEMIST (IMO 9036272)","TEJO CHEMIST (IMO 9036272): ","Portugal","Chemical Tanker","2001-03-25 00:00","","Marine casualty","","Off Pori","","0",""
"C0003488","1","MALLIKA NAREE (IMO 8401793)","MALLIKA NAREE (IMO 8401793): ","Thailand","Bulk Dry","2001-03-24 00:00","","Marine casualty","","Mediterranean Sea","","0",""
"C0003489","1","MONTEVIDEO (IMO 5241001)","MONTEVIDEO (IMO 5241001): ","Argentina","Towing / Pushing","2001-03-23 00:00","","Marine casualty","","Mar del Plata, dock 4","","0",""
"C0003490","1","NORTH SEA (IMO 7702918)","NORTH SEA (IMO 7702918): ","Netherlands (Kingdom of)","General Cargo","2001-03-23 00:00","","Marine casualty","","En route from Hamburg to Belfast","","0",""
"C0003606","1","EEVI (IMO 5169655)","EEVI (IMO 5169655): ","Estonia","General Cargo","2001-03-23 00:00","","Very serious marine casualty","","Baltic Sea","","0",""
"C0003955","1","KITANO (IMO 8914001)","KITANO (IMO 8914001): ","Japan","Container","2001-03-22 00:00","","Marine casualty","","Off Chebucto Head, S. of Halifax, Nova Scotia","","1","Unknown"
"C0003613","2","AMBER (IMO 8627256), UNKNOWN","AMBER (IMO 8627256): , UNKNOWN: ","Cambodia, Unknown","General Cargo, Fish Catching","2001-03-21 00:00","","Very serious marine casualty","","South China Sea","","0",""
"C0003472","1","BALU (IMO 7521883)","BALU (IMO 7521883): ","Malta","Chemical Tanker","2001-03-20 00:00","","Very serious marine casualty","","Bay of Biscay","","1","France"
"C0003614","1","BRITISH VALOUR (IMO 9002609)","BRITISH VALOUR (IMO 9002609): ","Isle of Man (United Kingdom)","Oil Tanker","2001-03-18 00:00","","Marine casualty","","Off Bermuda","","0",""
"C0003482","1","CHRISTINE NIELSEN (IMO 7516204)","CHRISTINE NIELSEN (IMO 7516204): ","United Kingdom","Fish Catching","2001-03-18 00:00","","Very serious marine casualty","","North Sea, 120 miles N.E. of the mouth of River Ty","","1","United Kingdom"
"C0003484","1","LYSFOSS (IMO 8713653)","LYSFOSS (IMO 8713653): ","Norway","Non-ship structures","2001-03-18 00:00","","Marine casualty","","Hausvikodden, off Lyngdal","","0",""
"C0003483","1","CORNER BROOK (IMO 7420194)","CORNER BROOK (IMO 7420194): ","Bermuda (United Kingdom)","Non-ship structures","2001-03-16 00:00","","Marine casualty","","Off St Paul's Island, Nova Scotia","","0",""
"C0003608","1","OULA QUEEN (IMO 6920329)","OULA QUEEN (IMO 6920329): ","Syrian Arab Republic","General Cargo","2001-03-16 00:00","","Very serious marine casualty","","Black Sea","","0",""
"C0004127","1","REGAL PRINCESS (IMO 8521232)","REGAL PRINCESS (IMO 8521232): ","British Virgin Islands (United Kingdom)","Passenger","2001-03-16 00:00","","Marine casualty","","Cairns harbour channel, Queensland","","2","Australia; Unknown"
"C0003864","1","MAT 1 (IMO 5398488)","MAT 1 (IMO 5398488): ","France","General Cargo","2001-03-15 00:00","","Very serious marine casualty","","Off Betio port, Tarawa Island","","0",""
"C0004022","1","MARINE EXPLORER (IMO 6515928)","MARINE EXPLORER (IMO 6515928): ","United Kingdom","Research","2001-03-14 00:00","","Marine incident","","Parkeston quay, Harwich","","1","Unknown"
"C0003611","1","SCHARHORN (IMO 9197791)","SCHARHORN (IMO 9197791): ","Gibraltar (United Kingdom)","General Cargo","2001-03-14 00:00","","Marine casualty","","Off Sofiero, N. of Helsingborg","","0",""
"C0003602","1","FINNREEL (IMO 9198721)","FINNREEL (IMO 9198721): ","United Kingdom","Passenger/Ro-Ro Cargo","2001-03-14 00:00","","Marine casualty","","Near Hylkkarta Beacon, Rauma","","0",""
"C0003604","1","SOFIE THERESA (IMO 8002523)","SOFIE THERESA (IMO 8002523): ","Denmark","Chemical Tanker","2001-03-13 00:00","","Marine casualty","50° 33.40' N 0° 33.10' E","English Channel","Open sea","1","Denmark"
"C0003612","1","TROPIC FLYER (IMO 7304027)","TROPIC FLYER (IMO 7304027): ","Saint Vincent and the Grenadines","Passenger/Ro-Ro Cargo","2001-03-13 00:00","","Marine casualty","","Off Freeport Harbour","","0",""
"C0003610","1","ROKKOH 3 (IMO 7717896)","ROKKOH 3 (IMO 7717896): ","Panama","General Cargo","2001-03-13 00:00","","Marine casualty","","Off Imabari, Ehime Prefecture","","0",""
"C0003609","1","POLAR STAR (IMO 9148207)","POLAR STAR (IMO 9148207): ","Netherlands (Kingdom of)","General Cargo","2001-03-12 00:00","","Marine casualty","","Off Prangli Island","","0",""
"C0003605","1","TYSFJORD (IMO 9056301)","TYSFJORD (IMO 9056301): ","Norway","Non-ship structures","2001-03-11 00:00","","Marine casualty","","Off Bognes","","0",""
"C0003607","1","MISS MARILYN LOUISE (IMO 7943500)","MISS MARILYN LOUISE (IMO 7943500): ","United States","Fish Catching","2001-03-11 00:00","","Very serious marine casualty","","Off West Palm Beach","","0",""
"C0003600","2","AMUR-2504 (IMO 8721301), OMSKIY-135 (IMO 8881723)","AMUR-2504 (IMO 8721301): , OMSKIY-135 (IMO 8881723): ","Russian Federation, Russian Federation","General Cargo, General Cargo","2001-03-11 00:00","","Marine casualty","","Gulf of Finland","","0",""
"C0003601","1","CROWLEY EXPRESS (IMO 8401145)","CROWLEY EXPRESS (IMO 8401145): ","Liberia","Passenger/Ro-Ro Cargo","2001-03-10 00:00","","Marine casualty","","Gulf of Mexico","","0",""
"C0003603","2","MIGUELITO (IMO 7510808), SEAJOY (IMO 9127693)","MIGUELITO (IMO 7510808): , SEAJOY (IMO 9127693): ","Dominican Republic, Malta","Towing / Pushing, Oil Tanker","2001-03-10 00:00","","Very serious marine casualty","","La Romana outer port","","0",""
"C0004042","2","FAIR SKIES (IMO 7364675), YUCATAN (IMO 7361532)","FAIR SKIES (IMO 7364675): , YUCATAN (IMO 7361532): ","Malta, Cambodia","Oil Tanker, Bulk Dry","2001-03-10 00:00","","Marine casualty","","Entrance to the Strait of Canakkale, near Gelibolu","","0",""
"C0003595","2","AWOBASAN (IMO 9063469), CASTILLO DE GORMAZ (IMO 8719126)","AWOBASAN (IMO 9063469): , CASTILLO DE GORMAZ (IMO 8719126): ","Hong Kong, China, Bahamas","Bulk Dry, Bulk Dry","2001-03-09 00:00","","Marine casualty","","Off Calais, English Channel","","0",""
"C0003868","1","PRISTINE (IMO 7853250)","PRISTINE (IMO 7853250): ","Singapore","Oil Tanker","2001-03-08 00:00","","Very serious marine casualty","","Off West Jurong anchorage","","1","Singapore"
"C0003874","1","PAMELA DREAM (IMO 8419881)","PAMELA DREAM (IMO 8419881): ","Cambodia","General Cargo","2001-03-08 00:00","","Very serious marine casualty","","East China Sea","","0",""
"C0004107","1","FADELA (IMO 7386104)","FADELA (IMO 7386104): ","Morocco","Fish Catching","2001-03-08 00:00","","Very serious marine casualty","","Coast of Morocco","","0",""
"C0004125","1","PHILOMENA (IMO 7015456)","PHILOMENA (IMO 7015456): ","United Kingdom","Fish Catching","2001-03-06 00:00","","Very serious marine casualty","","23 miles S.E. of Wick, Scotland","","1","United Kingdom"
"C0003597","1","CYBORG (IMO 8023034)","CYBORG (IMO 8023034): ","Cyprus","General Cargo","2001-03-06 00:00","","Marine casualty","","Mediterranean Sea","","0",""
"C0003598","1","HANSA (IMO 6613653)","HANSA (IMO 6613653): ","Germany","Fish Catching","2001-03-06 00:00","","Marine casualty","","200 miles N.W. of Malin Head, North Atlantic Ocean","","0",""
"C0003596","1","CHAO BAI HE (IMO 7813858)","CHAO BAI HE (IMO 7813858): ","China","General Cargo","2001-03-05 00:00","","Marine casualty","","Off Nii-jima Island","","0",""
"C0003594","1","AMBER DAWN (IMO 7204136)","AMBER DAWN (IMO 7204136): ","United States","Fish Catching","2001-03-05 00:00","","Very serious marine casualty","","Bering Sea, 6 miles N. of Atka Island, Alaska","","0",""
"C0003599","2","MARINA BAY (IMO 7632400), YANNIS (IMO 8313520)","MARINA BAY (IMO 7632400): , YANNIS (IMO 8313520): ","Cambodia, Cyprus","General Cargo, Bulk Dry","2001-03-03 00:00","","Very serious marine casualty","","Apapa-Lagos","","0",""
"C0003591","1","MUNKSUND (IMO 6730023)","MUNKSUND (IMO 6730023): ","Norway","General Cargo","2001-02-28 00:00","","Marine casualty","","North Atlantic Ocean","","0",""
"C0003588","1","KRISTAL (IMO 7333860)","KRISTAL (IMO 7333860): ","Malta","Oil Tanker","2001-02-27 12:25","","Very serious marine casualty","","68 miles N. of La Corunna","","1","Unknown"
"C0003592","1","PATTY ANN","PATTY ANN: ","United States","Towing / Pushing","2001-02-27 00:00","","Very serious marine casualty","","Mississippi River, near Ste Genevieve","","0",""
"C0003587","1","COLLAROY (IMO 8618281)","COLLAROY (IMO 8618281): ","Australia","Non-ship structures","2001-02-26 00:00","","Marine casualty","","Smedleys Point, Sydney","","0",""
"C0003593","1","ZANITA (IMO 5360572)","ZANITA (IMO 5360572): ","Saint Vincent and the Grenadines","Oil Tanker","2001-02-25 00:00","","Marine casualty","","North Sea","","0",""
"C0003366","1","SPIRIT OF TASMANIA (IMO 8502391)","SPIRIT OF TASMANIA (IMO 8502391): ","Australia","Non-ship structures","2001-02-24 00:00","","Marine incident","","Bass Strait","","2","Australia; Unknown"
"C0003589","1","LA BLANCA","LA BLANCA: ","Spain","Fish Catching","2001-02-23 00:00","","Very serious marine casualty","","Mediterranean Sea","","0",""
"C0003590","2","CASTILLO DE ALMANSA (IMO 7625081), MEXICAN REEFER (IMO 9064839)","CASTILLO DE ALMANSA (IMO 7625081): , MEXICAN REEFER (IMO 9064839): ","Bahamas, Panama","Bulk Dry, Refrigerated Cargo","2001-02-23 00:00","","Marine casualty","","North Atlantic Ocean","","0",""
"C0003584","1","VLADIMIR SVINTSOV (IMO 8888147)","VLADIMIR SVINTSOV (IMO 8888147): ","Russian Federation","General Cargo","2001-02-21 00:00","","Very serious marine casualty","","approx. 1 mile N. of Ashdod","","0",""
"C0004040","1","GARMO (IMO 9116022)","GARMO (IMO 9116022): ","Cyprus","General Cargo","2001-02-21 00:00","","Marine casualty","","Elnesvagen","","0",""
"C0003362","1","QUOBBA","QUOBBA: ","Australia","Fish Catching","2001-02-21 00:00","","Marine casualty","","Ningaloo Reef, near Exmouth","","0",""
"C0003353","1","AL TAWFIC BELLAH (IMO 6524723)","AL TAWFIC BELLAH (IMO 6524723): ","Cambodia","General Cargo","2001-02-21 00:00","","Very serious marine casualty","","Mediterranean Sea, 100 miles S.W. of Malta","","0",""
"C0003361","1","MISTRAL (IMO 9172777)","MISTRAL (IMO 9172777): ","Wallis and Futuna (France)","Passenger","2001-02-20 00:00","","Marine casualty","","Off Nevis Island","","0",""
"C0003439","1","P&O NEDLLOYD MAGELLAN (IMO 9213571)","P&O NEDLLOYD MAGELLAN (IMO 9213571): ","Liberia","Container","2001-02-20 00:00","","Marine casualty","","Thorn Channel","","0",""
"C0003359","1","G&C PARANA (IMO 7710408)","G&C PARANA (IMO 7710408): ","Norway","Non-ship structures","2001-02-19 00:00","","Marine casualty","","Boudewijn lock","","0",""
"C0003360","1","MLECHNYY PUT (IMO 8131661)","MLECHNYY PUT (IMO 8131661): ","Russian Federation","Non-ship structures","2001-02-18 00:00","","Marine casualty","","North Pacific Ocean","","0",""
"C0003358","1","FERNANDINA (IMO 8223907)","FERNANDINA (IMO 8223907): ","Panama","General Cargo","2001-02-18 00:00","","Very serious marine casualty","","Pacific Ocean","","0",""
"C0003354","1","BLITHFIELD (IMO 7320203)","BLITHFIELD (IMO 7320203): ","United Kingdom","Fish Catching","2001-02-18 00:00","","Very serious marine casualty","","Marin","","1","United Kingdom"
"C0003440","2","BUANA KENCANA, PROSPERITY (IMO 7700283)","BUANA KENCANA: , PROSPERITY (IMO 7700283): ","Unknown, Liberia","Non-ship structures, General Cargo","2001-02-18 00:00","","Very serious marine casualty","","","","0",""
"C0004025","1","COMMODORE CLIPPER (IMO 9201750)","COMMODORE CLIPPER (IMO 9201750): ","Bahamas","Non-ship structures","2001-02-18 00:00","","Marine incident","","The Solent","","1","Unknown"
"C0003585","1","WESTERN STAR (IMO 7947362)","WESTERN STAR (IMO 7947362): ","United States","Fish Catching","2001-02-18 00:00","","Very serious marine casualty","","Near Cold Bay,  Alaska","","0",""
"C0003583","2","BUNGA MELOR SATU (IMO 9070711), ROBEL (IMO 7039244)","BUNGA MELOR SATU (IMO 9070711): , ROBEL (IMO 7039244): ","Malaysia, Sao Tome and Principe","Bulk Dry, General Cargo","2001-02-18 00:00","","Very serious marine casualty","","Ahurkapi anchorage, Strait of Istanbul","","0",""
"C0003357","1","EASTSEA (IMO 6622472)","EASTSEA (IMO 6622472): ","Unknown","General Cargo","2001-02-16 00:00","","Very serious marine casualty","","20 m from Boulouris beach, near St-Raphael","","0",""
"C0003356","1","CHANCE NO. 1 (IMO 8102361)","CHANCE NO. 1 (IMO 8102361): ","Vanuatu","Fish Catching","2001-02-15 00:00","","Marine casualty","","Outer port of Pusan, south western shore of Youngd","","1","Unknown"
"C0004101","1","CHUN YING NO.636 (IMO 8947151)","CHUN YING NO.636 (IMO 8947151): ","Belize","Fish Catching","2001-02-15 00:00","","Very serious marine casualty","","Arabian Sea","","0",""
"C0003355","1","DORSET (IMO 7372658)","DORSET (IMO 7372658): ","Panama","Oil Tanker","2001-02-14 00:00","","Marine casualty","","Persian Gulf","","0",""
"C0003581","1","NICCO (IMO 7523324)","NICCO (IMO 7523324): ","Bahamas","Other Bulk Dry","2001-02-14 00:00","","Marine casualty","","North Sea","","0",""
"C0003579","1","JACQUES ABRY (IMO 7360394)","JACQUES ABRY (IMO 7360394): ","France","Fish Catching","2001-02-13 00:00","","Marine casualty","","Little Minch, off Scotland","","0",""
"C0003580","2","MARGRET KNUPPEL (IMO 8407747), P&O NEDLLOYD CORINTH (IMO 9150925)","MARGRET KNUPPEL (IMO 8407747): , P&O NEDLLOYD CORINTH (IMO 9150925): ","Antigua and Barbuda, Liberia","General Cargo, General Cargo","2001-02-13 00:00","","Marine casualty","","Damietta","","0",""
"C0004023","1","NICOLAI MAERSK (IMO 9192454)","NICOLAI MAERSK (IMO 9192454): ","Denmark","Container","2001-02-13 00:00","","Very serious marine casualty","","Auckland","","2","Denmark; Unknown"
"C0004039","1","BIG BLUE (IMO 8023967)","BIG BLUE (IMO 8023967): ","Panama","Bulk Dry","2001-02-12 00:00","","Marine casualty","","Bo Hai","","0",""
"C0003481","1","RESILIENT (IMO 8504167)","RESILIENT (IMO 8504167): ","United Kingdom","Fish Catching","2001-02-11 00:00","","Very serious marine casualty","","North Sea","","1","United Kingdom"
"C0003352","1","STEADFAST (IMO 7217339)","STEADFAST (IMO 7217339): ","Unknown","Oil Tanker","2001-02-11 00:00","","Very serious marine casualty","","Off Java Island","","0",""
"C0003348","2","BALTIC SKIPPER (IMO 9138185), SALINE (IMO 9048641)","BALTIC SKIPPER (IMO 9138185): , SALINE (IMO 9048641): ","Germany, Netherlands (Kingdom of)","General Cargo, General Cargo","2001-02-10 00:00","","Marine casualty","","Delfzyl Harbour","","0",""
"C0003349","1","SPRUTTENBERG (IMO 8027664)","SPRUTTENBERG (IMO 8027664): ","Cyprus","General Cargo","2001-02-10 00:00","","Marine casualty","","Irish Sea","","0",""
"C0003437","2","PENELOPE A, QUINCA (IMO 8102048)","PENELOPE A: , QUINCA (IMO 8102048): ","Unknown, Liberia",", Chemical Tanker","2001-02-10 00:00","","Marine casualty","","at anchorage in Piraeus","","0",""
"C0003577","2","EHIME MARU (IMO 9142291), GREENVILLE","EHIME MARU (IMO 9142291): , GREENVILLE: ","Japan, Unknown","Fish Catching, Non-ship structures","2001-02-10 00:00","","Marine casualty","","9 miles S. of Diamond Head, Oahu, Hawaiian Islands","","0",""
"C0003586","1","CAPTAINYANNIS L (IMO 7621255)","CAPTAINYANNIS L (IMO 7621255): ","Malta","Bulk Dry","2001-02-09 00:00","","Marine casualty","","Mozambique Channel","","0",""
"C0003829","1","GRIPPER","GRIPPER: ","United Kingdom","Passenger","2001-02-09 00:00","","Marine casualty","","1 mile W. of Knoydart Peninsula, Scotland","","0",""
"C0003575","2","AKAYLAR II (IMO 8913318), MED GLORY (IMO 7419133)","AKAYLAR II (IMO 8913318): , MED GLORY (IMO 7419133): ","Türkiye, Cambodia","General Cargo, General Cargo","2001-02-08 00:00","","Marine casualty","","Mouth of Strait of Istanbul","","0",""
"C0003351","1","STANISLAV YUDIN (IMO 8219463)","STANISLAV YUDIN (IMO 8219463): ","Russian Federation","Non-ship structures","2001-02-08 00:00","","Marine casualty","","Westhofhaven, Sloe Harbour, Flushing (Vlissingen)","","0",""
"C0003578","1","SOUTHERN CARRIER (IMO 7800758)","SOUTHERN CARRIER (IMO 7800758): ","Sweden","Passenger/Ro-Ro Cargo","2001-02-07 00:00","","Marine casualty","","North Atlantic Ocean","","0",""
"C0004115","2","BRIARTHORN (IMO 7917044), PRIDE OF CHERBOURG (IMO 7358298)","BRIARTHORN (IMO 7917044): , PRIDE OF CHERBOURG (IMO 7358298): ","United Kingdom, United Kingdom","General Cargo, Non-ship structures","2001-02-07 00:00","","Marine incident","","close S.E. of the Warner buoy, Eastern Solent","","1","Unknown"
"C0003438","2","BLUE MOON (IMO 9080948), HU BAO HUO 01106","BLUE MOON (IMO 9080948): , HU BAO HUO 01106: ","Liberia, China","Container, ","2001-02-06 00:00","","Very serious marine casualty","","Shanghai, Wusong No. 8 anchorage","","0",""
"C0003576","1","SHIN NICHIYO MARU (IMO 8519435)","SHIN NICHIYO MARU (IMO 8519435): ","Japan","General Cargo","2001-02-05 06:04","","Marine casualty","33° 48.20' N 130° 15.70' E","Off Fukuoka City","Coastal waters","0",""
"C0003574","1","ALKISTIS (IMO 6825335)","ALKISTIS (IMO 6825335): ","Greece","Non-ship structures","2001-02-04 00:00","","Marine incident","","Eleusis Bay","","0",""
"C0003436","1","LIBRA STAR (IMO 9030943)","LIBRA STAR (IMO 9030943): ","Liberia","Oil Tanker","2001-02-04 00:00","","Marine casualty","","Red Sea","","0",""
"C0003618","1","THEBAUD SEA","THEBAUD SEA: ","Canada","Non-ship structures","2001-02-03 00:00","","Marine incident","","70 miles E.-S.E. of Halifax, Nova Scotia","","1","Unknown"
"C0005662","1","NICOLAI MAERSK (IMO 9192454)","NICOLAI MAERSK (IMO 9192454): ","DIS (Denmark)","Container","2001-02-01 07:50","","Very serious marine casualty","","Auckland Port","At berth","1","Denmark"
"C0003569","2","AGATHA (IMO 9147887), KEY (IMO 6705298)","AGATHA (IMO 9147887): , KEY (IMO 6705298): ","Antigua and Barbuda, Sweden","Bulk Dry, General Cargo","2001-02-01 00:00","","Marine casualty","","Off Gotland Island","","1","Unknown"
"C0003567","1","NAZIM BAYRAKTAR (IMO 8218354)","NAZIM BAYRAKTAR (IMO 8218354): ","Türkiye","General Cargo","2001-01-31 00:00","","Very serious marine casualty","","Haydarpasa","","0",""
"C0003571","1","STAVROS (IMO 7803803)","STAVROS (IMO 7803803): ","Malta","Bulk Dry","2001-01-30 00:00","","Marine casualty","","Karachi","","0",""
"C0003880","2","HUNG THINH-09 (IMO 8925816), MEKONG EXPLORER (IMO 8520991)","HUNG THINH-09 (IMO 8925816): , MEKONG EXPLORER (IMO 8520991): ","Viet Nam, Panama","General Cargo, General Cargo","2001-01-30 00:00","","Very serious marine casualty","","Bach Dang Inner port area of Haiphong","","0",""
"C0003435","2","LAURA (IMO 9008718), SAINT PIERRE (IMO 8717453)","LAURA (IMO 9008718): , SAINT PIERRE (IMO 8717453): ","Liberia, St. Pierre and Miquelon (France)","Oil Tanker, Fish Catching","2001-01-30 00:00","","Marine casualty","","Atlantic Ocean, 80 nm W. of Butt of Lewis","","0",""
"C0003568","1","PATRIARCHE (IMO 7023415)","PATRIARCHE (IMO 7023415): ","Chile","Passenger/Ro-Ro Cargo","2001-01-29 00:00","","Marine casualty","","English Straits, off Greenwich Island, Antartica","","0",""
"C0003573","1","VENUS (IMO 7411612)","VENUS (IMO 7411612): ","Saint Vincent and the Grenadines","General Cargo","2001-01-29 00:00","","Marine casualty","","Off Venice","","0",""
"C0003564","1","ELINDA (IMO 7612383)","ELINDA (IMO 7612383): ","Saint Vincent and the Grenadines","General Cargo","2001-01-28 00:00","","Marine casualty","","North Atlantic Ocean","","0",""
"C0003565","1","HOLLY TRADER (IMO 8318099)","HOLLY TRADER (IMO 8318099): ","Antigua and Barbuda","General Cargo","2001-01-28 00:00","","Very serious marine casualty","","North Atlantic Ocean","","1","Antigua and Barbuda"
"C0003566","1","LUCAS (IMO 8404290)","LUCAS (IMO 8404290): ","Antigua and Barbuda","General Cargo","2001-01-27 00:00","","Very serious marine casualty","","Port Sutton, Tampa","","1","Antigua and Barbuda"
"C0003572","2","BAHAIRE II (IMO 9121510), TOURAINE (IMO 9134165)","BAHAIRE II (IMO 9121510): , TOURAINE (IMO 9134165): ","Colombia, French Antarctic Territory (France)","Towing / Pushing, Non-ship structures","2001-01-27 00:00","","Very serious marine casualty","","Cartagena","","1","Colombia"
"C0003570","2","PAMYAT MERKURIYA (IMO 8925373), PAMYAT MERKURIYA (IMO 8925373)","PAMYAT MERKURIYA (IMO 8925373): , PAMYAT MERKURIYA (IMO 8925373): ","Ukraine, Ukraine","Passenger, Passenger / General Cargo","2001-01-26 18:52","","Very serious marine casualty","","104 miles off Tuzla lighthouse, Black Sea","Open sea","0",""
"C0003558","1","IFE (IMO 6420226)","IFE (IMO 6420226): ","Saint Vincent and the Grenadines","Oil Tanker","2001-01-25 00:00","","Very serious marine casualty","","Okrika jetty","","0",""
"C0003563","1","STAR ADMIRAL (IMO 8314603)","STAR ADMIRAL (IMO 8314603): ","Malta","General Cargo","2001-01-25 00:00","","Very serious marine casualty","","North Atlantic Ocean, 400 miles off Azores Islands","","0",""
"C0003377","1","ALMA C (IMO 7367861)","ALMA C (IMO 7367861): ","Unknown","Fish Catching","2001-01-25 00:00","","Very serious marine casualty","","On Turbot Bank, about 55 miles W-by-S of Thyboron,","","1","United Kingdom"
"C0004028","1","ALIANTHOS (IMO 8805169)","ALIANTHOS (IMO 8805169): ","Malta","Bulk Dry","2001-01-24 00:00","","Marine incident","","Corio Bay, Geelong, Victoria","","2","Australia; Unknown"
"C0004034","1","HARVEST REAPER III (IMO 9149469)","HARVEST REAPER III (IMO 9149469): ","United Kingdom","Fish Catching","2001-01-24 00:00","","Marine casualty","","Campay Island, N. of Great Bernera Island, Scotlan","","0",""
"C0003559","1","ILES DU PONANT (IMO 7521261)","ILES DU PONANT (IMO 7521261): ","France","General Cargo","2001-01-23 00:00","","Very serious marine casualty","","Near La Turballe","","0",""
"C0004095","1","HAJ ABDULLAH (IMO 5119583)","HAJ ABDULLAH (IMO 5119583): ","Syrian Arab Republic","General Cargo","2001-01-23 00:00","","Very serious marine casualty","","Polichnitos Lesvos, Miltilini Island,","","0",""
"C0004129","1","THURSO (IMO 7217690)","THURSO (IMO 7217690): ","Norway","General Cargo","2001-01-23 00:00","","Marine casualty","","Dolm Island, Trondelaag region","","0",""
"C0003470","1","OPDR CADIZ (IMO 8017322)","OPDR CADIZ (IMO 8017322): ","Antigua and Barbuda","Container","2001-01-22 00:00","","Marine casualty","","North Atlantic Ocean","","0",""
"C0003561","2","KAPTAN CAVIT (IMO 7364431), NADYA (IMO 6924519)","KAPTAN CAVIT (IMO 7364431): , NADYA (IMO 6924519): ","Türkiye, Türkiye","General Cargo, General Cargo","2001-01-21 00:00","","Very serious marine casualty","","Black Sea end of Strait of Istanbul, 4nm from coas","","0",""
"C0003562","1","PERLE (IMO 9119579)","PERLE (IMO 9119579): ","Germany","General Cargo","2001-01-21 00:00","","Marine casualty","","W. of Brittany, North Atlantic Ocean","","0",""
"C0003443","1","HAPPY LADY (IMO 9013696)","HAPPY LADY (IMO 9013696): ","Norway","Non-ship structures","2001-01-21 00:00","","Marine casualty","","0.28 nm E.N.E. of Shoebury Beacon","","1","United Kingdom"
"C0003479","1","HAI XING (IMO 7322847)","HAI XING (IMO 7322847): ","China","Fish Catching","2001-01-19 00:00","","Marine casualty","","North Pacific Ocean","","0",""
"C0003681","1","MISSISSIPPIBORG (IMO 9207508)","MISSISSIPPIBORG (IMO 9207508): ","Netherlands (Kingdom of)","General Cargo","2001-01-18 00:00","","Marine casualty","","North Sea","","0",""
"C0004132","2","HANDYMARINER (IMO 7702073), LIPARI","HANDYMARINER (IMO 7702073): , LIPARI: ","Hong Kong, China, Australia","Bulk Dry, Fish Catching","2001-01-18 00:00","","Marine incident","","Off the South coast of Western Australia","","1","Unknown"
"C0003680","1","DEMOCRACY II (IMO 9104677)","DEMOCRACY II (IMO 9104677): ","Republic of Korea","Non-ship structures","2001-01-17 00:00","","Very serious marine casualty","","2 miles S.E. off Bakryung Island, Inchon","","0",""
"C0003556","1","OOCL NEVA (IMO 9108063)","OOCL NEVA (IMO 9108063): ","Germany","Container","2001-01-17 00:00","","Marine casualty","","Gulf of Bothnia","","0",""
"C0003363","1","EMILIA THERESA (IMO 9165451)","EMILIA THERESA (IMO 9165451): ","Isle of Man (United Kingdom)","Chemical Tanker","2001-01-17 00:00","","Marine incident","","Santa Clara harbour","","1","Unknown"
"C0003560","1","JESSICA (IMO 7115440)","JESSICA (IMO 7115440): ","Ecuador","Oil Tanker","2001-01-16 00:00","","Very serious marine casualty","","San Cristobal Island, Galapagos Islands","","1","Ecuador"
"C0003557","1","P. HARMONY (IMO 9063847)","P. HARMONY (IMO 9063847): ","Panama","Oil Tanker","2001-01-15 00:00","","Very serious marine casualty","","Near Koje Island, S.-W. of Busan","","1","Unknown"
"C0003554","1","CLIPPERVENTURE (IMO 7913816)","CLIPPERVENTURE (IMO 7913816): ","Liberia","Chemical Tanker","2001-01-15 00:00","","Marine casualty","","Gulf of Mexico","","0",""
"C0003555","1","GRAND PACE (IMO 9169328)","GRAND PACE (IMO 9169328): ","Panama","Non-ship structures","2001-01-15 00:00","","Marine casualty","","Hodeidah port entrance channel","","0",""
"C0003553","1","ALAM SELARAS (IMO 9000297)","ALAM SELARAS (IMO 9000297): ","Malaysia","Bulk Dry","2001-01-14 00:00","","Marine casualty","","Bering Sea","","0",""
"C0003679","1","AMORGOS (IMO 8114730)","AMORGOS (IMO 8114730): ","Greece","Bulk Dry","2001-01-14 00:00","","Marine casualty","","South China Sea","","0",""
"C0004103","1","URICEN UNO (IMO 7419224)","URICEN UNO (IMO 7419224): ","Spain","Fish Catching","2001-01-13 00:00","","Very serious marine casualty","","Bay of Biscay","","0",""
"C0003644","2","FYKAN (IMO 7022215), FYKAN (IMO 7022215)","FYKAN (IMO 7022215): , FYKAN (IMO 7022215): ","Denmark, Denmark","Passenger / General Cargo, General Cargo","2001-01-12 00:00","","Marine casualty","","","","1","Denmark"
"C0003469","1","IRAN GHAFARI (IMO 8309658)","IRAN GHAFARI (IMO 8309658): ","Iran (Islamic Republic of)","Bulk Dry","2001-01-11 00:00","","Marine casualty","","500 nm off Cape Town","","0",""
"C0003661","1","ARETHUSA (IMO 7306714)","ARETHUSA (IMO 7306714): ","Cyprus","Bulk Dry","2001-01-10 00:00","","Marine casualty","","Northern Great Belt","","0",""
"C0003643","1","NOVOCHERKASSK (IMO 7348619)","NOVOCHERKASSK (IMO 7348619): ","Ukraine","General Cargo","2001-01-09 00:00","","Marine casualty","","100 miles off Vigo, Spain","","0",""
"C0003744","1","ALLIGATOR VICTORY (IMO 8705486)","ALLIGATOR VICTORY (IMO 8705486): ","Panama","Container","2001-01-09 00:00","","Very serious marine casualty","","Deltaport, Vancouver, British Columbia","","1","Unknown"
"C0003551","1","AREIACORES (IMO 6503638)","AREIACORES (IMO 6503638): ","Portugal","Bulk Dry","2001-01-09 00:00","","Very serious marine casualty","","Off Ponta Delgada, Azores","","0",""
"C0003582","1","HUA FU (IMO 7903287)","HUA FU (IMO 7903287): ","Singapore","Chemical Tanker","2001-01-08 00:00","","Marine casualty","","Red Sea","","0",""
"C0004041","1","MARALI (IMO 7311123)","MARALI (IMO 7311123): ","Panama","Oil Tanker","2001-01-08 00:00","","Very serious marine casualty","","Bravo area, River Plate","","0",""
"C0003552","1","WHITE KOOWA (IMO 9020596)","WHITE KOOWA (IMO 9020596): ","Panama","General Cargo","2001-01-07 00:00","","Very serious marine casualty","","Approx. 37km S.E. of Cape Muroto, Kochi prefecture","","0",""
"C0003662","1","TELLA (IMO 5332111)","TELLA (IMO 5332111): ","United States","General Cargo","2001-01-06 00:00","","Marine casualty","","North Atlantic Ocean","","0",""
"C0003476","1","SCOT TRADER (IMO 8521414)","SCOT TRADER (IMO 8521414): ","United Kingdom","General Cargo","2001-01-06 00:00","","Marine incident","","Baltic Sea","","1","Sweden"
"C0004128","1","ARAL (IMO 8125454)","ARAL (IMO 8125454): ","Malta","Chemical Tanker","2001-01-06 00:00","","Marine casualty","","Off Victoria, British Columbia","","0",""
"C0003480","1","AROS (IMO 8416607)","AROS (IMO 8416607): ","Bahamas","General Cargo","2001-01-05 00:00","","Marine casualty","","Gulf of Mexico","","0",""
"C0003675","1","NAUTIKA 64 (IMO 9126950)","NAUTIKA 64 (IMO 9126950): ","Croatia","Passenger/Ro-Ro Cargo","2001-01-05 00:00","","Very serious marine casualty","","Off Ancona","","0",""
"C0003670","1","CARL METZ (IMO 7920352)","CARL METZ (IMO 7920352): ","Saint Vincent and the Grenadines","General Cargo","2001-01-05 00:00","","Marine casualty","","Off Gioia Tauro","","0",""
"C0003642","1","JM 1 (IMO 5381382)","JM 1 (IMO 5381382): ","Belize","General Cargo","2001-01-03 00:00","","Marine casualty","","Mandalaya Gulf","","0",""
"C0003677","1","PROJECT EUROPA (IMO 8300250)","PROJECT EUROPA (IMO 8300250): ","Netherlands (Kingdom of)","Passenger/Ro-Ro Cargo","2001-01-02 00:00","","Marine casualty","","Carribean Sea","","0",""
"C0003678","2","STAR MARIA (IMO 7413646), UNDEN (IMO 8306400)","STAR MARIA (IMO 7413646): , UNDEN (IMO 8306400): ","Panama, Netherlands Antilles (Netherlands) [historical]","General Cargo, General Cargo","2001-01-02 00:00","","Marine casualty","","Off Dover","","0",""
"C0003676","1","PEMBROKE (IMO 5242873)","PEMBROKE (IMO 5242873): ","United Kingdom","Fish Catching","2001-01-01 00:00","","Very serious marine casualty","","Atlantic Ocean","","1","United Kingdom"
"C0003673","2","CHINA PROSPECT (IMO 8200266), VEERSEBORG (IMO 9184653)","CHINA PROSPECT (IMO 8200266): , VEERSEBORG (IMO 9184653): ","Panama, Germany","Bulk Dry, General Cargo","2001-01-01 00:00","","Marine casualty","","Wandelaar","","0",""
"C0003550","1","AGAMEMNON (IMO 8322882)","AGAMEMNON (IMO 8322882): ","Belize","General Cargo","2001-01-01 00:00","","Very serious marine casualty","","Off Rayong Pier","","0",""
"C0004096","1","PATI (IMO 5340338)","PATI (IMO 5340338): ","Georgia","General Cargo","2001-01-01 00:00","","Very serious marine casualty","","20 miles S. of Antalya","","1","Georgia"
"C0003546","1","QUIONG HAI 5069","QUIONG HAI 5069: ","China","Fish Catching","2000-12-31 00:00","","Very serious marine casualty","","South China Sea","","0",""
"C0003674","1","DANIA SUHR (IMO 7818377)","DANIA SUHR (IMO 7818377): ","Antigua and Barbuda","General Cargo","2000-12-31 00:00","","Marine casualty","","North Sea","","0",""
"C0003672","1","CASTOR (IMO 7423641)","CASTOR (IMO 7423641): ","Cyprus","Oil Tanker","2000-12-30 00:00","","Marine casualty","","Mediterranean Sea","","0",""
"C0003671","1","CARIB ALBA (IMO 7404956)","CARIB ALBA (IMO 7404956): ","Vanuatu","General Cargo","2000-12-29 00:00","","Marine casualty","","Caribbean Sea","","0",""
"C0003545","2","ABU EGILA (IMO 7721407), FLYING PHANTOM (IMO 8011770)","ABU EGILA (IMO 7721407): , FLYING PHANTOM (IMO 8011770): ","Egypt, United Kingdom","General Cargo, Towing / Pushing","2000-12-29 00:00","","Marine casualty","","Near Clydebank, Scotland","","0",""
"C0003350","1","MSC INSA (IMO 7121243)","MSC INSA (IMO 7121243): ","Panama","Container","2000-12-29 00:00","","Marine casualty","","North Atlantic Ocean","","0",""
"C0003544","1","JIA DING GUAN (IMO 8401016)","JIA DING GUAN (IMO 8401016): ","China","General Cargo","2000-12-28 00:00","","Very serious marine casualty","","South China Sea","","1","China"
"C0003397","2","NORDSEE (IMO 7726940), POOLE SCENE","NORDSEE (IMO 7726940): , POOLE SCENE: ","Antigua and Barbuda, United Kingdom","General Cargo, Passenger","2000-12-27 00:00","","Marine casualty","","Approaches to Greenock Harbour, River Clyde","","1","United Kingdom"
"C0003669","1","ZOHRA (IMO 8223244)","ZOHRA (IMO 8223244): ","Italy","Passenger/Ro-Ro Cargo","2000-12-26 00:00","","Marine casualty","","Western Mediterranean Sea","","0",""
"C0003664","1","COMPASS RAY (IMO 7807835)","COMPASS RAY (IMO 7807835): ","Cayman Islands (United Kingdom)","Container","2000-12-26 00:00","","Marine casualty","","Off Mangalore","","0",""
"C0003667","1","MELATI (IMO 8301242)","MELATI (IMO 8301242): ","Panama","General Cargo","2000-12-25 00:00","","Very serious marine casualty","","S. of Vung Tau, Cambodia","","0",""
"C0003451","1","JOHN R (IMO 8138877)","JOHN R (IMO 8138877): ","Cyprus","Bulk Dry","2000-12-25 00:00","","Very serious marine casualty","","","","0",""
"C0003453","1","CORAL BULKER (IMO 9020089)","CORAL BULKER (IMO 9020089): ","Hong Kong, China","Bulk Dry","2000-12-25 00:00","","Marine casualty","","Entrance to port of Viana do Castelo","","1","Unknown"
"C0003430","2","CHANG HUNG 11, GONEN (IMO 9212474)","CHANG HUNG 11: , GONEN (IMO 9212474): ","Belize, Liberia",", Oil Tanker","2000-12-25 00:00","","Marine casualty","","East China Sea","","0",""
"C0003465","1","ASEAN LIBERTY (IMO 7418361)","ASEAN LIBERTY (IMO 7418361): ","Singapore","General Cargo","2000-12-24 00:00","","Very serious marine casualty","","Off Myanmar port","","1","Singapore"
"C0003457","1","ANITA","ANITA: ","Belize","General Cargo","2000-12-23 00:00","","Very serious marine casualty","","45 miles S.E. of Miami","","0",""
"C0003660","1","TRESFJORD (IMO 9008794)","TRESFJORD (IMO 9008794): ","Norway","Non-ship structures","2000-12-23 00:00","","Marine casualty","","Romsdalsfjord","","0",""
"C0003665","1","JANRA (IMO 9113733)","JANRA (IMO 9113733): ","Germany","General Cargo","2000-12-23 00:00","","Marine casualty","","20 miles S. of Aland Island, Baltic Sea","","0",""
"C0003666","1","JIN ZE NO. 1 (IMO 8519514)","JIN ZE NO. 1 (IMO 8519514): ","Cambodia","General Cargo","2000-12-23 00:00","","Marine casualty","","North Pacific Ocean","","0",""
"C0003398","2","BRUCE STONE (IMO 6415257), LOVERVAL (IMO 7419377)","BRUCE STONE (IMO 6415257): , LOVERVAL (IMO 7419377): ","United Kingdom, Luxembourg","Oil Tanker, Passenger/Ro-Ro Cargo","2000-12-21 00:00","","Marine casualty","","River Thames, Purfleet Deep Water berth","","1","United Kingdom"
"C0003304","1","BOTNO (IMO 7043764)","BOTNO (IMO 7043764): ","Bahamas","General Cargo","2000-12-20 00:00","","Marine casualty","","off Sumburgh","","0",""
"C0003632","1","RANDGRID (IMO 9075345)","RANDGRID (IMO 9075345): ","Norway","Non-ship structures","2000-12-20 00:00","","Marine casualty","","Tetney monobuoy, off Spurn Head","","1","United Kingdom"
"C0003543","1","AL JUDI (IMO 6803246)","AL JUDI (IMO 6803246): ","Saudi Arabia","Non-ship structures","2000-12-20 00:00","","Marine casualty","","approaching channel of port of Osman Digna (Sawaki","","0",""
"C0003308","1","JUTO (IMO 6812754)","JUTO (IMO 6812754): ","Denmark","General Cargo","2000-12-19 00:00","","Marine casualty","","off Cape Finisterre","","0",""
"C0003303","1","ALGORAIL (IMO 6805531)","ALGORAIL (IMO 6805531): ","Canada","Bulk Dry","2000-12-17 00:00","","Marine casualty","","Erie and Toledo ship channel","","0",""
"C0003311","1","SEABREEZE I (IMO 5113230)","SEABREEZE I (IMO 5113230): ","Panama","Passenger","2000-12-17 00:00","","Very serious marine casualty","","200 miles E. of Cape Charles, Virginia","","0",""
"C0003310","1","SEA STAR","SEA STAR: ","Georgia","General Cargo","2000-12-16 00:00","","Marine casualty","","off Munda","","0",""
"C0003309","1","MARY 2 (IMO 8858154)","MARY 2 (IMO 8858154): ","Russian Federation","General Cargo","2000-12-15 00:00","","Marine casualty","","off Sternoe Harbour, Karlshamn","","0",""
"C0003305","1","CORVO (IMO 7928653)","CORVO (IMO 7928653): ","Portugal","General Cargo","2000-12-15 00:00","","Very serious marine casualty","","Graciosa Island (Azores)","","0",""
"C0003306","1","ENTERPRISE","ENTERPRISE: ","United States","Fish Catching","2000-12-15 00:00","","Marine casualty","","Near Goose Creek Bridge, Hobucken, North Carolina","","0",""
"C0003298","1","GREEN AALESUND (IMO 8119560)","GREEN AALESUND (IMO 8119560): ","Norway","Refrigerated Cargo","2000-12-15 00:00","","Very serious marine casualty","","Stolsholmen, off Haugesund","","0",""
"C0003296","1","STEINFALK (IMO 5406027)","STEINFALK (IMO 5406027): ","Norway","General Cargo","2000-12-14 00:00","","Very serious marine casualty","","","","0",""
"C0003297","1","ENIF (IMO 7632711)","ENIF (IMO 7632711): ","Singapore","General Cargo","2000-12-13 00:00","","Marine casualty","","off Casquets Island","","0",""
"C0003299","1","LAGIK (IMO 7500774)","LAGIK (IMO 7500774): ","Antigua and Barbuda","General Cargo","2000-12-13 00:00","","Marine casualty","","in River Nene at Port Sutton Bridge","","1","United Kingdom"
"C0003400","1","TOR SCANDIA (IMO 7909970)","TOR SCANDIA (IMO 7909970): ","Sweden","Passenger/Ro-Ro Cargo","2000-12-13 00:00","","Very serious marine casualty","","Terneuzen","","1","Sweden"
"C0003668","1","SHOEI MARU NO. 7 (IMO 9134957)","SHOEI MARU NO. 7 (IMO 9134957): ","Japan","Oil Tanker","2000-12-13 00:00","","Marine casualty","","Off Kashiwajima Breakwater, Karatsu City, Saga Pre","","0",""
"C0003295","2","BUFFALO (IMO 7620653), BUFFALO (IMO 7620653)","BUFFALO (IMO 7620653): , BUFFALO (IMO 7620653): ","United States, United States","Bulk Dry, ","2000-12-12 20:25","","Marine casualty","","Marquette, Michigan","","0",""
"C0003293","2","ABERDEEN (IMO 9125736), XU CHANG HAI (IMO 9158379)","ABERDEEN (IMO 9125736): , XU CHANG HAI (IMO 9158379): ","Bahamas, Panama","Oil Tanker, Bulk Dry","2000-12-12 00:00","","Marine casualty","","Immingham oil terminal","","1","United Kingdom"
"C0003294","1","BBC BRAZIL","BBC BRAZIL: ","Germany","General Cargo","2000-12-10 00:00","","Marine casualty","","Cabot Strait","","0",""
"C0003301","1","PETROLIA DESGAGNES (IMO 7382976)","PETROLIA DESGAGNES (IMO 7382976): ","Canada","Chemical Tanker","2000-12-09 00:00","","Marine casualty","","in the St Lawrence Seaway","","0",""
"C0003302","1","TEAM PHILIPPS","TEAM PHILIPPS: ","United Kingdom","Non-ship structures","2000-12-09 00:00","","Marine casualty","","","","0",""
"C0003300","1","LAILA (IMO 8203543)","LAILA (IMO 8203543): ","Antigua and Barbuda","Passenger/Ro-Ro Cargo","2000-12-08 00:00","","Marine casualty","","off Cape Vilano","","0",""
"C0003286","1","LOUGH FISHER (IMO 7813884)","LOUGH FISHER (IMO 7813884): ","Gibraltar (United Kingdom)","Oil Tanker","2000-12-08 00:00","","Marine casualty","","","","0",""
"C0003287","1","LUNDENES (IMO 7228429)","LUNDENES (IMO 7228429): ","Gibraltar (United Kingdom)","General Cargo","2000-12-07 00:00","","Marine casualty","","","","0",""
"C0003288","1","PASSATWIND (IMO 7702114)","PASSATWIND (IMO 7702114): ","Antigua and Barbuda","General Cargo","2000-12-07 00:00","","Marine casualty","","off Viveiro","","0",""
"C0003017","1","EASTERN POWER (IMO 7376903)","EASTERN POWER (IMO 7376903): ","Panama","Oil Tanker","2000-12-06 00:00","","Marine casualty","","off St John's","","0",""
"C0003136","1","EIFFEL SUN (IMO 7528192)","EIFFEL SUN (IMO 7528192): ","Portugal","General Cargo","2000-12-05 00:00","","Marine casualty","","Bay of Biscay (towed to Gijon)","","0",""
"C0003285","3","LIBERTY SPIRIT (IMO 8500549), LIBERTY SPIRIT (IMO 8500549), ULTRA  CONTAINER","LIBERTY SPIRIT (IMO 8500549): , LIBERTY SPIRIT (IMO 8500549): , ULTRA  CONTAINER: ","United States, United States, Malta","Bulk Dry, Other Bulk Dry, Container","2000-12-03 14:42","","Marine casualty","","Haifa","","0",""
"C0003290","1","SOUTHERN QUEEN (IMO 7824467)","SOUTHERN QUEEN (IMO 7824467): ","Antigua and Barbuda","General Cargo","2000-12-03 00:00","","Very serious marine casualty","","Chittagong","","1","Antigua and Barbuda"
"C0003291","1","ZAMBOANGA FERRY (IMO 7377660)","ZAMBOANGA FERRY (IMO 7377660): ","Philippines","Non-ship structures","2000-12-03 00:00","","Marine casualty","","off Dumaguete Town","","0",""
"C0003289","1","SKY PRIMA (IMO 8305951)","SKY PRIMA (IMO 8305951): ","Cambodia","General Cargo","2000-12-02 00:00","","Very serious marine casualty","","Sea of Japan","","0",""
"C0003412","1","HANSEATIC SAILOR","HANSEATIC SAILOR: ","Antigua and Barbuda","General Cargo","2000-12-02 00:00","","Marine casualty","","Langeneset, near Ryvarden Light, off Haugesund","","0",""
"C0003654","1","EUROPEAN HIGHWAY (IMO 9015266)","EUROPEAN HIGHWAY (IMO 9015266): ","United Kingdom","Passenger/Ro-Ro Cargo","2000-12-01 00:00","","Marine incident","","Zeebrugge Harbour, berth 113","","1","United Kingdom"
"C0003547","1","ISLE OF INNISFREE (IMO 9107942)","ISLE OF INNISFREE (IMO 9107942): ","Ireland","Non-ship structures","2000-12-01 00:00","","Marine incident","","within Milford Haven Port limits","","0",""
"C0003533","1","ZORROZAURRE (IMO 5399236)","ZORROZAURRE (IMO 5399236): ","United Kingdom","Fish Catching","2000-11-30 00:00","","Very serious marine casualty","","About 140 miles S. of Mizen Head (Irish Republic)","","1","United Kingdom"
"C0003416","1","TAXIARCHIS (IMO 7525803)","TAXIARCHIS (IMO 7525803): ","Malta","Bulk Dry","2000-11-30 00:00","","Marine casualty","","North Atlantic Ocean","","0",""
"C0003292","1","ZHE ZHOU 606","ZHE ZHOU 606: ","China","General Cargo","2000-11-30 00:00","","Very serious marine casualty","","near mouth of Yangtze River","","0",""
"C0003307","2","HELENE DELMAS, MEDUSA (IMO 7530389)","HELENE DELMAS: , MEDUSA (IMO 7530389): ","Germany, Panama","Container, Bulk Dry","2000-11-29 00:00","","Marine casualty","","off Conakry","","0",""
"C0003536","1","WESTCHESTER (IMO 7902178)","WESTCHESTER (IMO 7902178): ","Bahamas","Oil Tanker","2000-11-28 00:00","","Very serious marine casualty","","Mile 38, Mississippi River","","1","Bahamas"
"C0003530","1","CANADIAN TRANSFER","CANADIAN TRANSFER: ","Canada","Bulk Dry","2000-11-27 00:00","","Marine casualty","","off Algoma Stell, Sault Ste Marie","","0",""
"C0003534","1","ERIMO (IMO 5105506)","ERIMO (IMO 5105506): ","United Kingdom","Fish Catching","2000-11-26 00:00","","Marine casualty","","In Dock Channel, Fleetwood","","0",""
"C0003535","1","RUI XIANG (IMO 8015099)","RUI XIANG (IMO 8015099): ","Saint Vincent and the Grenadines","General Cargo","2000-11-26 00:00","","Very serious marine casualty","","South China Sea","","0",""
"C0003532","1","OLIVIA (IMO 7637668)","OLIVIA (IMO 7637668): ","Cyprus","General Cargo","2000-11-26 00:00","","Marine casualty","","south-west of Arcachon","","0",""
"C0004084","2","HIGHLANDS TIDE (IMO 8119998), NOBLE PAUL WOLF","HIGHLANDS TIDE (IMO 8119998): , NOBLE PAUL WOLF: ","United States, Panama","Towing / Pushing, Non-ship structures","2000-11-25 00:00","","Marine incident","","Northern area of Campos oil field","","0",""
"C0003531","1","CITY OF HYDRA (IMO 5075799)","CITY OF HYDRA (IMO 5075799): ","Greece","Non-ship structures","2000-11-24 00:00","","Marine casualty","","Bay of Eleusis","","0",""
"C0003525","2","SHINYO MARU NO. 35 (IMO 8504739), TAISEI MARU (IMO 9136979)","SHINYO MARU NO. 35 (IMO 8504739): , TAISEI MARU (IMO 9136979): ","Japan, Japan","Fish Catching, Oil Tanker","2000-11-24 00:00","","Marine casualty","","off Kamaishi","","0",""
"C0003422","1","BURAZ (IMO 7605914)","BURAZ (IMO 7605914): ","Spain","Fish Catching","2000-11-24 00:00","","Very serious marine casualty","","S.W. Illa de Ons","","1","Unknown"
"C0003519","1","DESTINY (IMO 7907738)","DESTINY (IMO 7907738): ","Singapore","Oil Tanker","2000-11-23 00:00","","Marine casualty","","South China Sea","","0",""
"C0003658","1","ATLANTIC PRINCESS (IMO 8404501)","ATLANTIC PRINCESS (IMO 8404501): ","United Kingdom","Fish Catching","2000-11-23 00:00","","Very serious marine casualty","","English Channel, 17 miles S. of Isle of Wight","","1","United Kingdom"
"C0003528","1","UNION STAR 17 (IMO 6927975)","UNION STAR 17 (IMO 6927975): ","Sierra Leone","General Cargo","2000-11-22 00:00","","Very serious marine casualty","","off Malaysian coast of Sri Tujuth, 560 km N.E. of ","","0",""
"C0003529","1","AGILITY (IMO 8817564)","AGILITY (IMO 8817564): ","United Kingdom","Oil Tanker","2000-11-22 00:00","","Marine casualty","","off Dungeness","","0",""
"C0003520","1","AMANECER (IMO 7026704)","AMANECER (IMO 7026704): ","Paraguay","General Cargo","2000-11-21 00:00","","Marine casualty","","at km 756, River Parana","","0",""
"C0003522","1","HANNY TRADER (IMO 8401561)","HANNY TRADER (IMO 8401561): ","Antigua and Barbuda","General Cargo","2000-11-21 00:00","","Marine casualty","","","","0",""
"C0003399","1","BRITTA ODEN (IMO 7800746)","BRITTA ODEN (IMO 7800746): ","Sweden","Passenger/Ro-Ro Cargo","2000-11-21 00:00","","Marine casualty","","English Channel","","0",""
"C0003379","1","EVANGELOS CH (IMO 7405754)","EVANGELOS CH (IMO 7405754): ","Cyprus","Bulk Dry","2000-11-20 00:00","","Very serious marine casualty","","Zulu Anchorage, Thames Estuary","","0",""
"C0003523","1","MARGARETA (IMO 8403569)","MARGARETA (IMO 8403569): ","Netherlands Antilles (Netherlands) [historical]","General Cargo","2000-11-18 00:00","","Marine casualty","","Porsgrunn","","0",""
"C0003524","1","N. KAZANTZAKIS (IMO 7215161)","N. KAZANTZAKIS (IMO 7215161): ","Greece","Non-ship structures","2000-11-18 00:00","","Marine casualty","","Iraklion","","0",""
"C0003521","1","FRITZI K. MCALLISTER (IMO 7338913)","FRITZI K. MCALLISTER (IMO 7338913): ","United States","Towing / Pushing","2000-11-18 00:00","","Very serious marine casualty","","50 miles S.E. of Cameron, Louisiana","","0",""
"C0003527","1","NST CHALLENGE (IMO 8306802)","NST CHALLENGE (IMO 8306802): ","Panama","Bulk Dry","2000-11-18 00:00","","Marine casualty","","","","0",""
"C0003516","1","SPARK (IMO 6903515)","SPARK (IMO 6903515): ","Greece","Non-ship structures","2000-11-15 00:00","","Marine casualty","","","","0",""
"C0003542","1","VILA ALI (IMO 7921746)","VILA ALI (IMO 7921746): ","Maldives","General Cargo","2000-11-15 00:00","","Marine casualty","","Indian Ocean","","0",""
"C0003513","1","KAPTEN KONGA (IMO 8016665)","KAPTEN KONGA (IMO 8016665): ","Estonia","General Cargo","2000-11-15 00:00","","Marine casualty","","Irbenskiy Strait","","0",""
"C0003514","2","EW MCKINLEY (IMO 8217805), NORDLANDIA (IMO 8016457)","EW MCKINLEY (IMO 8217805): , NORDLANDIA (IMO 8016457): ","Panama, Russian Federation","Refrigerated Cargo, Refrigerated Cargo","2000-11-15 00:00","","Very serious marine casualty","","Kronshtadt Naval Base, off St Petersburg","","0",""
"C0003639","1","CHUKOTSKIY BEREG (IMO 8031031)","CHUKOTSKIY BEREG (IMO 8031031): ","Russian Federation","Other Fishing","2000-11-15 00:00","","Very serious marine casualty","","Pratas reef, South China Sea","","0",""
"C0003278","1","ATULA (IMO 8616635)","ATULA (IMO 8616635): ","Tuvalu","General Cargo","2000-11-13 00:00","","Marine casualty","","off Hanko","","0",""
"C0003526","1","MARINE DOVE (IMO 8402450)","MARINE DOVE (IMO 8402450): ","Panama","General Cargo","2000-11-12 00:00","","Very serious marine casualty","","100 nm off Spratly Island, South China Sea","","0",""
"C0003517","1","TABOTI (IMO 6828650)","TABOTI (IMO 6828650): ","Unknown","Oil Tanker","2000-11-11 00:00","","Very serious marine casualty","","near Atlas Cove, off Tin Can Island","","0",""
"C0003518","1","XL (IMO 8024363)","XL (IMO 8024363): ","Malta","Bulk Dry","2000-11-11 00:00","","Marine casualty","","about 90 miles off Port Hedland","","0",""
"C0003279","1","ELENA (IMO 8230261)","ELENA (IMO 8230261): ","Russian Federation","General Cargo","2000-11-10 00:00","","Very serious marine casualty","","near Bandar-e Anzali, Caspian Sea","","0",""
"C0003473","2","ROSE RYAL, WIGHTSTONE (IMO 6727117)","ROSE RYAL: , WIGHTSTONE (IMO 6727117): ","Unknown, United Kingdom","Non-ship structures, General Cargo","2000-11-09 00:00","","Marine incident","","River Medina, Isle of Wight","","1","United Kingdom"
"C0003515","1","PAVO (IMO 8607725)","PAVO (IMO 8607725): ","Antigua and Barbuda","General Cargo","2000-11-09 00:00","","Marine casualty","","off Italy","","0",""
"C0003277","1","ASAHI HOPE (IMO 8407773)","ASAHI HOPE (IMO 8407773): ","Panama","General Cargo","2000-11-08 00:00","","Very serious marine casualty","","Shakhtersk Harbour","","0",""
"C0003273","1","PROFESSOR KOLESNIKOV (IMO 6726084)","PROFESSOR KOLESNIKOV (IMO 6726084): ","Ukraine","Non-ship structures","2000-11-06 00:00","","Marine casualty","","off southern Italy coast","","0",""
"C0003269","1","CHERAMIE BO-TRUC NO. 26 (IMO 7647247)","CHERAMIE BO-TRUC NO. 26 (IMO 7647247): ","United States","Non-ship structures","2000-11-06 00:00","","Very serious marine casualty","","78 miles S. of Marsh Island, Louisiana","","0",""
"C0003270","1","MAR DE LOS SARGAZOS DOS (IMO 9030319)","MAR DE LOS SARGAZOS DOS (IMO 9030319): ","Spain","Fish Catching","2000-11-06 00:00","","Marine casualty","","North Atlantic Ocean","","0",""
"C0003271","1","OLCAY S (IMO 7023855)","OLCAY S (IMO 7023855): ","Türkiye","Chemical Tanker","2000-11-06 00:00","","Marine casualty","","50 nautical miles W. of Crete","","0",""
"C0003272","1","PETER MADSEN (IMO 6825581)","PETER MADSEN (IMO 6825581): ","Denmark","Dredging","2000-11-05 00:00","","Very serious marine casualty","","","","2","Denmark; Unknown"
"C0003275","1","RYAZAN (IMO 7435383)","RYAZAN (IMO 7435383): ","Russian Federation","General Cargo","2000-11-05 00:00","","Very serious marine casualty","","Bering Sea, off coast of Cape Navarin","","0",""
"C0003389","1","ESHA NESS (IMO 7312000)","ESHA NESS (IMO 7312000): ","United Kingdom","Fish Catching","2000-11-04 00:00","","Very serious marine casualty","","60 miles S.E. of Sumburgh Head, Shetland Islands, ","","1","United Kingdom"
"C0003145","1","ORIENTAL PRINCESS","ORIENTAL PRINCESS: ","Saint Vincent and the Grenadines","General Cargo","2000-11-03 00:00","","Marine casualty","","Sao Francisco do Sul","","0",""
"C0003107","1","CEC CARMARTHEN (IMO 9169859)","CEC CARMARTHEN (IMO 9169859): ","Bahamas","General Cargo","2000-11-02 00:00","","Marine casualty","","Governor's Island, NY","","0",""
"C0003450","1","TOWA (IMO 7326647)","TOWA (IMO 7326647): ","Panama","Oil Tanker","2000-11-02 00:00","","Very serious marine casualty","","South China Sea","","0",""
"C0003262","1","BUNGA TERATAI SATU (IMO 9157662)","BUNGA TERATAI SATU (IMO 9157662): ","Malaysia","Container","2000-11-02 00:00","","Marine casualty","","northern end of Sudbury Reef, 10 miles off Cairns","","1","Australia"
"C0003263","1","DERYOUNG STAR (IMO 8406016)","DERYOUNG STAR (IMO 8406016): ","Panama","General Cargo","2000-11-01 00:00","","Marine casualty","","","","0",""
"C0003274","1","PUMA MAX","PUMA MAX: ","Bahamas","Container","2000-11-01 00:00","","Marine casualty","","South China Sea","","0",""
"C0003268","1","MANILA SPIRIT","MANILA SPIRIT: ","Panama","Other Bulk Dry","2000-11-01 00:00","","Very serious marine casualty","","East China Sea","","0",""
"C0003386","1","CAPT. TONY-PETER (IMO 7437719)","CAPT. TONY-PETER (IMO 7437719): ","United States","Fish Catching","2000-11-01 00:00","","Very serious marine casualty","","About 8 miles N.E. of Galveston","","0",""
"C0003264","1","FAROS (IMO 7811159)","FAROS (IMO 7811159): ","Antigua and Barbuda","General Cargo","2000-10-31 00:00","","Marine casualty","","","","0",""
"C0003261","2","APOLLO DELAPAN (IMO 9134969), EVER DAINTY (IMO 9134232)","APOLLO DELAPAN (IMO 9134969): , EVER DAINTY (IMO 9134232): ","Panama, Panama","General Cargo, Container","2000-10-31 00:00","","Marine casualty","","","","0",""
"C0003185","1","WALLONA (IMO 6703355)","WALLONA (IMO 6703355): ","Panama","General Cargo","2000-10-31 00:00","","Very serious marine casualty","","Archipelago of Karlshamu","","0",""
"C0003973","1","MOKAMI (IMO 8700151)","MOKAMI (IMO 8700151): ","Canada","Oil Tanker","2000-10-31 00:00","","Marine casualty","","Bridges passage, Labrador","","1","Unknown"
"C0003265","1","IEVOLI SUN (IMO 8708634)","IEVOLI SUN (IMO 8708634): ","Italy","Chemical Tanker","2000-10-30 00:00","","Very serious marine casualty","","English Channel","","2","France; Italy"
"C0003736","1","KONINGIN BEATRIX (IMO 8416308)","KONINGIN BEATRIX (IMO 8416308): ","United Kingdom","Non-ship structures","2000-10-29 00:00","","Very serious marine casualty","","About 12 miles E.S.E. of Tuskar Rock, Irish Sea","","1","United Kingdom"
"C0003266","1","KREMS","KREMS: ","Cyprus","General Cargo","2000-10-28 00:00","","Marine casualty","","Off Cap d'Antifer","","0",""
"C0003627","1","BODRYY (IMO 6852558)","BODRYY (IMO 6852558): ","Russian Federation","Towing / Pushing","2000-10-27 00:00","","Very serious marine casualty","","off Verkhoturovo Island, Sea of Okhotsk","","0",""
"C0003657","1","PACMONARCH (IMO 9231030)","PACMONARCH (IMO 9231030): ","Bahamas","Bulk Dry","2000-10-26 00:00","","Very serious marine casualty","","Vancouver Harbour, English Bay","","2","Bahamas; Canada"
"C0003259","1","WISTARIA II","WISTARIA II: ","United Kingdom","","2000-10-26 00:00","","Very serious marine casualty","","Off Castlebay, Isle of Barra","","1","United Kingdom"
"C0003255","1","BONEA (IMO 7385370)","BONEA (IMO 7385370): ","Spain","Non-ship structures","2000-10-26 00:00","","Very serious marine casualty","","Atlantic Ocean","","0",""
"C0003257","1","FORTUNA REACH (IMO 7230379)","FORTUNA REACH (IMO 7230379): ","Saint Vincent and the Grenadines","General Cargo","2000-10-25 00:00","","Marine casualty","","Off port of Izmir","","0",""
"C0003258","1","MARY STAR OF THE SEA","MARY STAR OF THE SEA: ","Panama","General Cargo","2000-10-23 00:00","","Very serious marine casualty","","Miami Anchorage","","0",""
"C0003130","1","ELLIE (IMO 7636781)","ELLIE (IMO 7636781): ","Liberia","Bulk Dry","2000-10-22 00:00","","Marine casualty","","Rio Parana","","0",""
"C0003256","1","CAPTAIN JASON","CAPTAIN JASON: ","United States","Towing / Pushing","2000-10-21 00:00","","Marine casualty","","","","0",""
"C0003254","1","BELOFIN I (IMO 5229223)","BELOFIN I (IMO 5229223): ","Panama","Passenger","2000-10-21 00:00","","Very serious marine casualty","","52 nm off Robben Island","","0",""
"C0003446","1","HORIZONTE CLARO (IMO 7512387)","HORIZONTE CLARO (IMO 7512387): ","Spain","Fish Catching","2000-10-21 00:00","","Marine casualty","","0.11 miles from Soyea Island","","1","United Kingdom"
"C0003391","1","TAYFUN-1 (IMO 7426423)","TAYFUN-1 (IMO 7426423): ","Russian Federation","Fish Catching","2000-10-19 00:00","","Very serious marine casualty","","30 nm S.E. of Iturup Island, Kurile Islands","","0",""
"C0004086","1","WYUNA (IMO 5393907)","WYUNA (IMO 5393907): ","Australia","Non-ship structures","2000-10-19 00:00","","Marine incident","","In the Tamar river, Tasmania","","2","Australia; Unknown"
"C0003249","1","FOSSNES (IMO 8908868)","FOSSNES (IMO 8908868): ","Norway","Bulk Dry","2000-10-18 00:00","","Marine casualty","","S.W. of Cap Martin, St. Lawrence River","","1","Unknown"
"C0003276","1","STINA (IMO 7528518)","STINA (IMO 7528518): ","Bahamas","General Cargo","2000-10-18 00:00","","Marine casualty","","off Hook Light, Waterford","","0",""
"C0003466","1","JUBILANT (IMO 7506120)","JUBILANT (IMO 7506120): ","Panama","General Cargo","2000-10-16 00:00","","Very serious marine casualty","","Saugor Roads","","0",""
"C0003441","2","EUROPEAN TIDEWAY (IMO 7528570), VROUW GRIETJE (IMO 9021497)","EUROPEAN TIDEWAY (IMO 7528570): , VROUW GRIETJE (IMO 9021497): ","United Kingdom, Netherlands (Kingdom of)","Non-ship structures, Fish Catching","2000-10-16 00:00","","Marine casualty","","North Sea","","1","United Kingdom"
"C0003423","1","LA SURPRISE (IMO 9198719)","LA SURPRISE (IMO 9198719): ","Spain","Passenger/Ro-Ro Cargo","2000-10-15 00:00","","Marine casualty","","Bay of Biscay","","0",""
"C0003247","1","ELEKTRON (IMO 6930520)","ELEKTRON (IMO 6930520): ","Norway","Non-ship structures","2000-10-15 00:00","","Marine casualty","","","","0",""
"C0003251","1","POLARIS NO.9 (IMO 8408595)","POLARIS NO.9 (IMO 8408595): ","Panama","General Cargo","2000-10-15 00:00","","Very serious marine casualty","","South China Sea","","0",""
"C0003637","1","KARGANIK (IMO 7337347)","KARGANIK (IMO 7337347): ","Russian Federation","Fish Catching","2000-10-15 00:00","","Very serious marine casualty","","Near N. end of Onekotan Island, Kurile Islands","","0",""
"C0003638","1","SIKHOTE-ALIN (IMO 7035808)","SIKHOTE-ALIN (IMO 7035808): ","Russian Federation","Fish Catching","2000-10-15 00:00","","Very serious marine casualty","","Near Svetlaya, Sea of Japan","","0",""
"C0003635","1","SCHS-0777 (IMO 8877863)","SCHS-0777 (IMO 8877863): ","Ukraine","Fish Catching","2000-10-15 00:00","","Very serious marine casualty","","Black Sea","","0",""
"C0003541","1","ELEKTRON (IMO 6930520)","ELEKTRON (IMO 6930520): ","Norway","Non-ship structures","2000-10-15 00:00","","Marine casualty","","Village Bay, St Kilda","","0",""
"C0003253","1","YTONG I (IMO 7349651)","YTONG I (IMO 7349651): ","Greece","Passenger/Ro-Ro Cargo","2000-10-14 00:00","","Marine casualty","","","","0",""
"C0003250","1","KNOCK DUN (IMO 9000194)","KNOCK DUN (IMO 9000194): ","Liberia","Oil Tanker","2000-10-13 00:00","","Marine casualty","","","","0",""
"C0003140","1","KNOCK DUN (IMO 9000194)","KNOCK DUN (IMO 9000194): ","Liberia","Oil Tanker","2000-10-13 00:00","","Marine casualty","","9.5 miles odd Antigua, Caribbean Sea","","0",""
"C0003248","1","F. LOGAN","F. LOGAN: ","United States","Towing / Pushing","2000-10-12 00:00","","Marine casualty","","Near Harahan, La River Mississippi","","0",""
"C0003245","1","SUPERFERRY 6 (IMO 7302110)","SUPERFERRY 6 (IMO 7302110): ","Philippines","Passenger/Ro-Ro Cargo","2000-10-12 00:00","","Marine casualty","","Near Isla Verde, Batangas","","0",""
"C0003241","1","MICHAEL (IMO 7525425)","MICHAEL (IMO 7525425): ","Malta","Oil Tanker","2000-10-10 00:00","","Marine casualty","","170 miles NW of Colombo","","0",""
"C0003260","1","AMUR","AMUR: ","Sao Tome and Principe","","2000-10-09 00:00","","Very serious marine casualty","","","","0",""
"C0004085","1","MAGELLAN","MAGELLAN: ","Panama","Non-ship structures","2000-10-09 00:00","","Very serious marine casualty","","North sea","","0",""
"C0003252","1","YOSHIUMI (IMO 8214499)","YOSHIUMI (IMO 8214499): ","Panama","General Cargo","2000-10-08 00:00","","Very serious marine casualty","","130 miles from Muroto Point, Kochi Prefecture","","0",""
"C0003246","2","PERE MARQUETTE 41 (IMO 5073894), UNDAUNTED","PERE MARQUETTE 41 (IMO 5073894): , UNDAUNTED: ","United States, United States","Passenger, Towing / Pushing","2000-10-08 00:00","","Marine casualty","","Lake Michigan","","0",""
"C0003959","1","CFV 127606","CFV 127606: ","Canada","Fish Catching","2000-10-08 00:00","","Marine incident","","Sleepy Cove, North Twillingate, Newfoundland","","1","Unknown"
"C0003109","1","PRETTY RUBY (IMO 9138939)","PRETTY RUBY (IMO 9138939): ","Unknown","Bulk Dry","2000-10-06 00:50","","Very serious marine casualty","","Odessa Port","Port","0",""
"C0003242","1","OBOD (IMO 8701088)","OBOD (IMO 8701088): ","Malta","General Cargo","2000-10-06 00:00","","Marine casualty","","1000 miles E of Hawaiian Islands","","0",""
"C0003240","1","SUNNMORE (IMO 8322650)","SUNNMORE (IMO 8322650): ","Norway","Non-ship structures","2000-10-06 00:00","","Marine casualty","","Outside Kvinesdal","","0",""
"C0003628","1","KETA V (IMO 5184928)","KETA V (IMO 5184928): ","Canada","Towing / Pushing","2000-10-03 23:28","","Very serious marine casualty","","Eastern Head, approaches to Liverpool, Nova Scotia","","1","Unknown"
"C0003239","1","NATUNA SEA (IMO 7915345)","NATUNA SEA (IMO 7915345): ","Panama","Oil Tanker","2000-10-03 00:00","","Very serious marine casualty","","Off Batu Berhanti Beacon","","0",""
"C0003232","1","ALEJANDRA (IMO 6409143)","ALEJANDRA (IMO 6409143): ","Saint Vincent and the Grenadines","General Cargo","2000-10-03 00:00","","Very serious marine casualty","","Caribbean Sea","","0",""
"C0003233","1","ANTINA (IMO 8905892)","ANTINA (IMO 8905892): ","Antigua and Barbuda","General Cargo","2000-10-03 00:00","","Marine casualty","","Off Guernsey","","0",""
"C0003234","1","AROSA (IMO 7362988)","AROSA (IMO 7362988): ","United Kingdom","Fish Catching","2000-10-03 00:00","","Very serious marine casualty","","Doonguddle rock, 10 miles N. of N. entrance to Gal","","1","United Kingdom"
"C0003235","1","CANAKKALE D (IMO 7901813)","CANAKKALE D (IMO 7901813): ","Türkiye","General Cargo","2000-10-03 00:00","","Very serious marine casualty","","2 nm off Aveiro Harbour","","0",""
"C0003244","1","SEA FORTUNE (IMO 7370428)","SEA FORTUNE (IMO 7370428): ","Liberia","Bulk Dry","2000-10-03 00:00","","Very serious marine casualty","","Off Owendo","","0",""
"C0003238","1","DELPHINUS (IMO 9137844)","DELPHINUS (IMO 9137844): ","Antigua and Barbuda","Container","2000-10-02 00:00","","Marine casualty","","100 miles off Belize City","","0",""
"C0003267","1","LAND ANGEL (IMO 8600791)","LAND ANGEL (IMO 8600791): ","Panama","Oil Tanker","2000-10-02 00:00","","Marine casualty","","Carquinez Strait, near Benicia, California","","0",""
"C0003236","1","CAPTAIN SPYROS (IMO 7511242)","CAPTAIN SPYROS (IMO 7511242): ","Cayman Islands (United Kingdom)","Container","2000-10-01 00:00","","Marine casualty","","Off Psara Island, near Chios Island","","0",""
"C0003385","1","AN ORIANT (IMO 7360411)","AN ORIANT (IMO 7360411): ","France","Fish Catching","2000-10-01 00:00","","Very serious marine casualty","","About 68 miles off Kerry Head, W. coast of Ireland","","0",""
"C0003957","1","FLYING SWAN VI","FLYING SWAN VI: ","Canada","Fish Catching","2000-10-01 00:00","","Marine incident","","31 miles S.W. of Yarmouth, Nova Scotia","","1","Unknown"
"C0003112","2","GETA (IMO 7423756), GRANEBORG (IMO 9155963)","GETA (IMO 7423756): , GRANEBORG (IMO 9155963): ","Bahamas, Germany","General Cargo, General Cargo","2000-09-29 15:00","","Marine casualty","55° 48.50' N 15° 42.90' E","Baltic Sea, 10 nm S. of Utklippan lighthouse","","0",""
"C0003243","1","PRIDE (IMO 7638569)","PRIDE (IMO 7638569): ","Malta","Bulk Dry","2000-09-29 00:00","","Marine casualty","","Chittagong Roads","","0",""
"C0003226","1","FRIESLAND (IMO 8515300)","FRIESLAND (IMO 8515300): ","Netherlands (Kingdom of)","Fish Catching","2000-09-29 00:00","","Marine casualty","","English Channel","","0",""
"C0003629","1","HOEI MARU NO. 10 (IMO 8801840)","HOEI MARU NO. 10 (IMO 8801840): ","Japan","Dredging","2000-09-29 00:00","","Marine casualty","","off Nakanose, Shima-cho, Fukuoka pref.","","0",""
"C0003540","1","PANDERAMA","PANDERAMA: ","Canada","Non-ship structures","2000-09-28 00:00","","Very serious marine casualty","","","","0",""
"C0003616","1","ORIANA (IMO 9050137)","ORIANA (IMO 9050137): ","United Kingdom","Passenger","2000-09-28 00:00","","Marine casualty","","570 miles W.-S.-W. of Cork, Eire","","1","Unknown"
"C0003442","1","ATLANTIC EAGLE","ATLANTIC EAGLE: ","United Kingdom","Non-ship structures","2000-09-28 00:00","","Marine incident","","between Ramsey Island and Pembrokeshire coast","","1","United Kingdom"
"C0003230","1","UNIKA (IMO 7125225)","UNIKA (IMO 7125225): ","Antigua and Barbuda","General Cargo","2000-09-27 00:00","","Marine casualty","","Sandnes","","0",""
"C0003225","1","EXPRESS SAMINA (IMO 6613548)","EXPRESS SAMINA (IMO 6613548): ","Greece","Passenger/Ro-Ro Cargo","2000-09-26 00:00","","Marine casualty","","Portes Islet, 2 miles W.N.W. of Paros Island","","0",""
"C0003227","2","ATLANTIC HURON (IMO 8025680), GRIFFON (IMO 7022887)","ATLANTIC HURON (IMO 8025680): , GRIFFON (IMO 7022887): ","Canada, Canada","Bulk Dry, Non-ship structures","2000-09-25 00:00","","Marine casualty","","Pelee Passage, Lake Erie, Ontario","","1","Canada"
"C0003228","1","MAJU KARSA PERDANA (IMO 6618665)","MAJU KARSA PERDANA (IMO 6618665): ","Indonesia","General Cargo","2000-09-25 00:00","","Very serious marine casualty","","Off Bangka Island","","0",""
"C0003417","2","EASTFERN (IMO 8022626), KINSALE (IMO 7501869)","EASTFERN (IMO 8022626): , KINSALE (IMO 7501869): ","Ireland, Cyprus","General Cargo, Bulk Dry","2000-09-25 00:00","","Marine casualty","","S.W. bound traffic lane, about 10.6 miles S.W. of ","","1","United Kingdom"
"C0003229","1","OCEAN WOLF","OCEAN WOLF: ","Germany","Passenger","2000-09-24 00:00","","Marine casualty","","420 nautical miles off Guadeloupe","","0",""
"C0003218","1","JOE G JR. (IMO 7210616)","JOE G JR. (IMO 7210616): ","United States","Research","2000-09-23 00:00","","Marine casualty","","","","0",""
"C0003219","1","POLANCO (IMO 6603701)","POLANCO (IMO 6603701): ","Portugal","General Cargo","2000-09-23 00:00","","Very serious marine casualty","","24 nm E. of Punta da Estaca de Bares","","0",""
"C0003217","1","HECTOR","HECTOR: ","Malta","Refrigerated Cargo","2000-09-20 00:00","","Marine casualty","","100 miles W of Mauritania","","0",""
"C0003237","1","CHOYANG SUCCESS (IMO 8714217)","CHOYANG SUCCESS (IMO 8714217): ","Panama","Container","2000-09-19 00:00","","Marine casualty","","Near Singapore","","0",""
"C0003081","1","ATLAS (IMO 7371185)","ATLAS (IMO 7371185): ","Liberia","Oil Tanker","2000-09-19 00:00","","Marine casualty","","Karachi Channel","","0",""
"C0003221","1","ELMSLAND","ELMSLAND: ","Antigua and Barbuda","General Cargo","2000-09-18 00:00","","Marine casualty","","S of Pentland Firth","","0",""
"C0003539","1","EMSLAND (IMO 8412857)","EMSLAND (IMO 8412857): ","Antigua and Barbuda","General Cargo","2000-09-18 00:00","","Marine casualty","","Eastern entrance to Pentland Firth","","0",""
"C0003222","1","IL SHIN (IMO 7728376)","IL SHIN (IMO 7728376): ","Republic of Korea","Other Bulk Dry","2000-09-16 00:00","","Very serious marine casualty","","Chinhae Bay, off Sogodo Island","","0",""
"C0003223","1","MADONA (IMO 8124814)","MADONA (IMO 8124814): ","Liberia","Bulk Dry","2000-09-16 00:00","","Very serious marine casualty","","200 nm N. of the Cocos Islands","","0",""
"C0003220","1","BINTANG BIRU (IMO 8102206)","BINTANG BIRU (IMO 8102206): ","Indonesia","Bulk Dry","2000-09-16 00:00","","Very serious marine casualty","","Off Gadukdo Island","","0",""
"C0003432","1","CHIOS CHARM (IMO 7366087)","CHIOS CHARM (IMO 7366087): ","Panama","Bulk Dry","2000-09-15 00:00","","Marine casualty","","Cote St. Catherines Lock, St. Lawrence Seaway","","0",""
"C0003634","1","ERNESTINA II (IMO 9031105)","ERNESTINA II (IMO 9031105): ","Peru","Fish Catching","2000-09-15 00:00","","Very serious marine casualty","","N. of Callao","","0",""
"C0003231","1","MIYAMA","MIYAMA: ","Malta","Bulk Dry","2000-09-14 00:00","","Marine casualty","","Mid Atlantic","","0",""
"C0003215","2","HERON (IMO 7406502), PLAYBOY 3 (IMO 7415436)","HERON (IMO 7406502): , PLAYBOY 3 (IMO 7415436): ","Thailand, Honduras","General Cargo, Oil Tanker","2000-09-14 00:00","","Very serious marine casualty","","20 miles off Sattahip","","1","Thailand"
"C0004220","2","SPIRIT OF VANCOUVER ISLAND (IMO 9030682), STAR RUBY","SPIRIT OF VANCOUVER ISLAND (IMO 9030682): , STAR RUBY: ","Canada, United States","Non-ship structures, Non-ship structures","2000-09-14 00:00","","Very serious marine casualty","","Colburne passage, British Columbia","","1","Unknown"
"C0003538","1","AURORA (IMO 8811314)","AURORA (IMO 8811314): ","United Kingdom","Fish Catching","2000-09-13 00:00","","Marine casualty","","Approx. 110 miles N.E. of Aberdeen","","0",""
"C0003214","2","MILLENIUM STAR, MILLENIUM STAR","MILLENIUM STAR: , MILLENIUM STAR: ","United States, United States","Towing / Pushing, Towing / Pushing","2000-09-11 04:45","","Marine casualty","","Near Dutch Harbour","Coastal waters","0",""
"C0003216","1","RYUHO MARU NO. 5 (IMO 8310451)","RYUHO MARU NO. 5 (IMO 8310451): ","Japan","Fish Catching","2000-09-11 00:00","","Marine casualty","","30 miles S. of Urakawa, Japan","","0",""
"C0003211","2","DON MARTIN 7, PETRO TERESITA (IMO 8875360)","DON MARTIN 7: , PETRO TERESITA (IMO 8875360): ","Unknown, Philippines","Passenger, Oil Tanker","2000-09-11 00:00","","Marine casualty","","Near Cebu City","","0",""
"C0003213","1","HOPEWELL (IMO 8507286)","HOPEWELL (IMO 8507286): ","Bahamas","General Cargo","2000-09-11 00:00","","Marine casualty","","Off Transkei coast","","0",""
"C0003224","2","(Unknown), RAKIURA MARU (IMO 9108037)","(Unknown): , RAKIURA MARU (IMO 9108037): ","Unknown, Panama",", General Cargo","2000-09-11 00:00","","Marine casualty","","Bluff","At berth","0",""
"C0003445","1","BALTIYSKIY-107 (IMO 7612450)","BALTIYSKIY-107 (IMO 7612450): ","Russian Federation","General Cargo","2000-09-10 00:00","","Very serious marine casualty","","North Sea","","1","United Kingdom"
"C0003335","1","ARABIAN SEA (IMO 6901799)","ARABIAN SEA (IMO 6901799): ","Bahamas","Refrigerated Cargo","2000-09-09 00:00","","Marine casualty","","Guayaquil River","","0",""
"C0003344","1","EUROBULKER IV (IMO 7728962)","EUROBULKER IV (IMO 7728962): ","Saint Vincent and the Grenadines","Bulk Dry","2000-09-08 00:00","","Very serious marine casualty","","Off Porto Vesme","","0",""
"C0003655","1","MARINE 700","MARINE 700: ","Vanuatu","Non-ship structures","2000-09-08 00:00","","Very serious marine casualty","","Gulf of Mexico, Mississippi Canyon Block 167","","0",""
"C0003537","1","KEILA (IMO 8908296)","KEILA (IMO 8908296): ","United Kingdom","Fish Catching","2000-09-07 00:00","","Marine casualty","","Aberdeen Harbour North Pier","","0",""
"C0003424","2","AURIGA E, MILENIUM (IMO 9221346)","AURIGA E: , MILENIUM (IMO 9221346): ","Bermuda (United Kingdom), Spain","Non-ship structures, Non-ship structures","2000-09-07 00:00","","Marine casualty","","off Mallorca, Balearic Islands","","0",""
"C0003212","1","GULF DIPPER","GULF DIPPER: ","United States","Fish Catching","2000-09-06 00:00","","Very serious marine casualty","","6 miles S.E. of Gilcrest, Texas","","0",""
"C0003956","1","STAR QUEEN","STAR QUEEN: ","Canada","Fish Catching","2000-09-06 00:00","","Very serious marine casualty","","Fraser river, British Columbia","","1","Unknown"
"C0003345","1","FORTUNA EUROPA","FORTUNA EUROPA: ","Malta","Bulk Dry","2000-09-05 00:00","","Marine casualty","","Passing Balboa","","0",""
"C0003346","2","HELIOS (IMO 8217790), YU HWA HO","HELIOS (IMO 8217790): , YU HWA HO: ","Belize, Unknown","General Cargo, Non-ship structures","2000-09-03 00:00","","Marine casualty","","Off Mokpo","","0",""
"C0003454","1","EUROBULKER X (IMO 7386295)","EUROBULKER X (IMO 7386295): ","Cambodia","Bulk Dry","2000-09-01 00:00","","Very serious marine casualty","","Lefkandi, Chalkis","","0",""
"C0003111","1","CAVALIER (IMO 7379254)","CAVALIER (IMO 7379254): ","Panama","Bulk Dry","2000-09-01 00:00","","Marine casualty","","","","0",""
"C0003340","1","ATLANTIC","ATLANTIC: ","Panama","Bulk Dry","2000-08-30 00:00","","Marine casualty","","Km 315.5 River Parana","","0",""
"C0003342","1","NORDLAND (IMO 8601549)","NORDLAND (IMO 8601549): ","Antigua and Barbuda","General Cargo","2000-08-29 00:00","","Very serious marine casualty","","Dragonares, Kithira Island","","1","Antigua and Barbuda"
"C0003341","1","DESTINY (IMO 7907738)","DESTINY (IMO 7907738): ","Singapore","Oil Tanker","2000-08-28 00:00","","Marine casualty","","Gulf of Thailand","","0",""
"C0003347","1","LAPPLAND (IMO 9186388)","LAPPLAND (IMO 9186388): ","Germany","Container","2000-08-27 00:00","","Marine casualty","","Leaving Kiel Canal","","0",""
"C0003127","1","BALTIC CHAMP (IMO 7633478)","BALTIC CHAMP (IMO 7633478): ","Panama","General Cargo","2000-08-27 00:00","","Marine casualty","","South Harbour, Lerwick","","0",""
"C0002803","1","LOYAL MASTER (IMO 7919810)","LOYAL MASTER (IMO 7919810): ","Panama","Bulk Dry","2000-08-26 00:00","","Marine casualty","","Port of entry of Durban Port","","0",""
"C0003334","1","SANTILLANA DEL MAR","SANTILLANA DEL MAR: ","Spain","Fish Catching","2000-08-26 00:00","","Very serious marine casualty","","Gulf of Gascogne","","0",""
"C0003418","1","ST. HELENA (IMO 8716306)","ST. HELENA (IMO 8716306): ","United Kingdom","Passenger / General Cargo","2000-08-25 00:00","","Marine incident","","","","1","United Kingdom"
"C0003144","2","JOBST OLDENDORFF (IMO 7433282), SHOU NING HAI (IMO 8316510)","JOBST OLDENDORFF (IMO 7433282): , SHOU NING HAI (IMO 8316510): ","Liberia, China","General Cargo, Bulk Dry","2000-08-25 00:00","","Marine casualty","","Takoradi","","0",""
"C0003958","1","AVATAQ","AVATAQ: ","Canada","Fish Catching","2000-08-25 00:00","","Marine incident","","Western shore of Hudson bay, 10 nm S. of Arviat","","1","Unknown"
"C0003339","1","UNITED TRAVELLER (IMO 8705321)","UNITED TRAVELLER (IMO 8705321): ","Sweden","Chemical Tanker","2000-08-24 00:00","","Marine casualty","","Lorient","","0",""
"C0003284","1","CITY OF TUNIS (IMO 9070761)","CITY OF TUNIS (IMO 9070761): ","Antigua and Barbuda","Container","2000-08-22 00:00","","Marine casualty","","Off Brest","","0",""
"C0003316","1","NORBAR (IMO 7102259)","NORBAR (IMO 7102259): ","Norway","General Cargo","2000-08-22 00:00","","Marine casualty","","Aagotnes","","0",""
"C0003135","1","FLYING DOLPHIN V (IMO 7933397)","FLYING DOLPHIN V (IMO 7933397): ","Greece","Non-ship structures","2000-08-22 00:00","","Marine casualty","","Off Cape Tourlos, Aegina Island","","0",""
"C0003315","1","JOHN OLIVER (IMO 7805784)","JOHN OLIVER (IMO 7805784): ","Philippines","General Cargo","2000-08-21 00:00","","Marine casualty","","5 miles off Green Island, Palawan","","0",""
"C0003336","2","FIRST KNIGHT, RHEIN MASTER","FIRST KNIGHT: , RHEIN MASTER: ","Unknown, Unknown",", ","2000-08-21 00:00","","Marine casualty","","English Channel","","0",""
"C0006968","1","FIONA PATRICIA","FIONA PATRICIA: ","Unknown","","2000-08-20 23:00","","Marine casualty","","Southern entrance to Castletownbere Harbour","","0",""
"C0003332","1","IHSAN 2 (IMO 5308811)","IHSAN 2 (IMO 5308811): ","Syrian Arab Republic","General Cargo","2000-08-20 00:00","","Marine casualty","","Near Cape Andreas","","0",""
"C0003331","1","ESHANESS","ESHANESS: ","Unknown","Fish Catching","2000-08-19 00:00","","Very serious marine casualty","","North Sea","","0",""
"C0003337","1","MAERSK TOPPER (IMO 8121147)","MAERSK TOPPER (IMO 8121147): ","Denmark","Towing / Pushing","2000-08-18 00:00","","Marine casualty","","Near Macau, Brazil","","0",""
"C0003338","1","ST. NICHOLAS A (IMO 7366128)","ST. NICHOLAS A (IMO 7366128): ","Malta","Bulk Dry","2000-08-18 00:00","","Marine casualty","","Near Altamira","","0",""
"C0003283","1","BANGLUANG (IMO 7017167)","BANGLUANG (IMO 7017167): ","Thailand","General Cargo","2000-08-17 00:00","","Very serious marine casualty","","Off Spratly Islands, South China Sea","","0",""
"C0003117","1","GURGEN 2 (IMO 6615998)","GURGEN 2 (IMO 6615998): ","Türkiye","Passenger","2000-08-17 00:00","","Very serious marine casualty","","Trabzon","","0",""
"C0003187","2","MAR ROCIO (IMO 9200196), SKS TRINITY (IMO 9161285)","MAR ROCIO (IMO 9200196): , SKS TRINITY (IMO 9161285): ","Spain, Norway","Chemical Tanker, Non-ship structures","2000-08-16 00:00","","Marine casualty","","5 miles S.E. of Punta del Carnero, near Algeciras ","","0",""
"C0003177","1","DONGEDIJK","DONGEDIJK: ","Netherlands (Kingdom of)","Container","2000-08-15 00:00","","Very serious marine casualty","","Port Said","","0",""
"C0003080","1","CHEM PRIDE (IMO 8022133)","CHEM PRIDE (IMO 8022133): ","Panama","Chemical Tanker","2000-08-15 00:00","","Marine casualty","","Port of Hodeidah","","0",""
"C0003636","1","ATLASOVO (IMO 8723177)","ATLASOVO (IMO 8723177): ","Russian Federation","Fish Catching","2000-08-15 00:00","","Very serious marine casualty","","Bering Sea, S. end of Karaginskiy Island","","0",""
"C0004051","1","MERSEY VENTURE (IMO 8714358)","MERSEY VENTURE (IMO 8714358): ","Canada","Other Fishing","2000-08-14 00:00","","Marine incident","","Mersey seafood wharf, Stormont, Nova Scotia","","1","Unknown"
"C0003282","1","SAN JUAN FERRY (IMO 6907638)","SAN JUAN FERRY (IMO 6907638): ","Philippines","Passenger/Ro-Ro Cargo","2000-08-14 00:00","","Marine casualty","","Liloan Bay, off Cebu island","","0",""
"C0003281","1","DOUBLE BRAVE (IMO 8201868)","DOUBLE BRAVE (IMO 8201868): ","Saint Vincent and the Grenadines","Bulk Dry","2000-08-12 00:00","","Very serious marine casualty","","Tanjung Po Anchorage, Kuching Roads, Sarawak River","","0",""
"C0003411","1","CORINNA (IMO 7361661)","CORINNA (IMO 7361661): ","Antigua and Barbuda","General Cargo","2000-08-12 00:00","","Marine casualty","","Off Miami","","0",""
"C0003410","1","X-PRESS NILGIRI (IMO 7712353)","X-PRESS NILGIRI (IMO 7712353): ","Cyprus","General Cargo","2000-08-11 00:00","","Marine casualty","","NW of Sri Lanka","","0",""
"C0003329","1","PROVIDER","PROVIDER: ","Unknown","Fish Catching","2000-08-11 00:00","","Marine casualty","","15 miles S.W. of St Ann's Head","","0",""
"C0003280","1","ALGOEAST (IMO 7526924)","ALGOEAST (IMO 7526924): ","Canada","Oil Tanker","2000-08-10 00:00","","Marine casualty","","Amherstburg Channel, Detroit River","","1","Canada"
"C0003413","1","THEOFANO (IMO 8225448)","THEOFANO (IMO 8225448): ","Cyprus","General Cargo","2000-08-10 00:00","","Marine casualty","","Mediterranean Sea","","0",""
"C0002805","1","SIRIUS (IMO 8100507)","SIRIUS (IMO 8100507): ","Liberia","Container","2000-08-10 00:00","","Marine casualty","","Port of Manzanillo","","0",""
"C0003659","2","AURES (IMO 7333846), LIMA (IMO 7637589)","AURES (IMO 7333846): , LIMA (IMO 7637589): ","Algeria, Netherlands Antilles (Netherlands) [historical]","General Cargo, Refrigerated Cargo","2000-08-10 00:00","","Marine casualty","","Port of Ribeira (Ria de Arosa)","","1","Unknown"
"C0003184","2","ESTE (IMO 8010635), RUTH BORCHARD (IMO 9113202)","ESTE (IMO 8010635): , RUTH BORCHARD (IMO 9113202): ","Portugal, Bahamas","General Cargo, General Cargo","2000-08-09 00:00","","Marine casualty","","VTS Finisterre","","1","Unknown"
"C0003200","1","ANEMONE (IMO 7724679)","ANEMONE (IMO 7724679): ","Greece","General Cargo","2000-08-09 00:00","","Marine casualty","","North Atlantic Ocean","","0",""
"C0003414","2","JIN JU (IMO 8405294), WOOYANG BLUE (IMO 8209975)","JIN JU (IMO 8405294): , WOOYANG BLUE (IMO 8209975): ","China, Republic of Korea","General Cargo, General Cargo","2000-08-08 00:00","","Very serious marine casualty","","Off Pohang","","0",""
"C0003333","1","LIGAYA","LIGAYA: ","Honduras","General Cargo","2000-08-08 00:00","","Marine casualty","","","","0",""
"C0003118","1","JEMILA (IMO 7905522)","JEMILA (IMO 7905522): ","Bahamas","Non-ship structures","2000-08-08 00:00","","Marine casualty","","25 Miles from Agadir","","0",""
"C0003099","1","DUIVELAND (IMO 8319964)","DUIVELAND (IMO 8319964): ","Netherlands (Kingdom of)","General Cargo","2000-08-07 00:00","","Marine casualty","","Hull","","0",""
"C0003406","2","ANANGEL ENDEAVOUR (IMO 7609702), IVAN SUSANIN (IMO 8131879)","ANANGEL ENDEAVOUR (IMO 7609702): , IVAN SUSANIN (IMO 8131879): ","Greece, Russian Federation","General Cargo, Bulk Dry","2000-08-06 00:00","","Marine casualty","","South-West Pass","","0",""
"C0004032","1","WASHINGTON TRADER (IMO 9211602)","WASHINGTON TRADER (IMO 9211602): ","Philippines","Bulk Dry","2000-08-06 00:00","","Marine incident","","Abbot point, Queensland","","2","Australia; Unknown"
"C0003407","1","FLAME","FLAME: ","Panama","Bulk Dry","2000-08-04 00:00","","Marine casualty","","Mid Atlantic Ocean","","0",""
"C0003408","1","MARINA (IMO 6912712)","MARINA (IMO 6912712): ","Saint Vincent and the Grenadines","General Cargo","2000-08-04 00:00","","Marine casualty","","North Atlantic Sea","","0",""
"C0003409","1","PUNJAB SENATOR (IMO 9141285)","PUNJAB SENATOR (IMO 9141285): ","Germany","Container","2000-08-04 00:00","","Marine casualty","","","","0",""
"C0003403","2","HIKARI II (IMO 8403260), VOLVOX DELTA (IMO 8304567)","HIKARI II (IMO 8403260): , VOLVOX DELTA (IMO 8304567): ","India, Netherlands (Kingdom of)","Chemical Tanker, Dredging","2000-08-04 00:00","","Marine casualty","","Squance Bay, S of Pulua Ubin","","0",""
"C0003016","1","TEXADA","TEXADA: ","Canada","","2000-08-04 00:00","","Marine casualty","","Dolomite Narrows, Charlotte Island, BC","","0",""
"C0003098","1","MALENE OSTERVOLD (IMO 6415051)","MALENE OSTERVOLD (IMO 6415051): ","Norway","Research","2000-08-03 00:00","","Marine casualty","","Austevoll, Hordaland District","","0",""
"C0003198","1","HELSINGLAND","HELSINGLAND: ","Cyprus","General Cargo","2000-08-03 00:00","","Marine casualty","","","","0",""
"C0003208","2","ATLANTIC CRUSADER (IMO 9032965), GLOBAL MARINER (IMO 7710800)","ATLANTIC CRUSADER (IMO 9032965): , GLOBAL MARINER (IMO 7710800): ","Cyprus, United Kingdom","General Cargo, Non-ship structures","2000-08-02 00:00","","Very serious marine casualty","","Matanzas Port, Orinoco River","","1","United Kingdom"
"C0003163","1","GOUWEDIEP","GOUWEDIEP: ","Netherlands (Kingdom of)","General Cargo","2000-08-02 00:00","","Marine casualty","","","","0",""
"C0003015","1","STAR BIRD (IMO 9041423)","STAR BIRD (IMO 9041423): ","Denmark","General Cargo","2000-08-02 00:00","","Marine casualty","","Off Victoria's Promontory","","0",""
"C0003100","1","ANAX (IMO 7636779)","ANAX (IMO 7636779): ","Bahamas","Bulk Dry","2000-08-01 00:00","","Marine casualty","","South Pacific Ocean","","0",""
"C0003405","1","VALEA ASRE (IMO 7425065)","VALEA ASRE (IMO 7425065): ","Saint Vincent and the Grenadines","General Cargo","2000-08-01 00:00","","Very serious marine casualty","","off Coast of Salalah","","0",""
"C0003461","1","HASAT (IMO 9106950)","HASAT (IMO 9106950): ","Türkiye","General Cargo","2000-08-01 00:00","","Very serious marine casualty","","off Sicily","","0",""
"C0003330","1","TUILA","TUILA: ","United Kingdom","Non-ship structures","2000-07-30 00:00","","Very serious marine casualty","","on passage from Ijmuiden, bound Pin Mill on the ri","","1","United Kingdom"
"C0003404","1","TRANS ASIA (IMO 7212652)","TRANS ASIA (IMO 7212652): ","Philippines","Passenger/Ro-Ro Cargo","2000-07-29 00:00","","Marine casualty","","Sulawan Point, Laguidingan, Misamis Oriental","","0",""
"C0003449","1","RITAS (IMO 7343217)","RITAS (IMO 7343217): ","Cyprus","Oil Tanker","2000-07-28 00:00","","Marine casualty","","Table Bay","","0",""
"C0003199","1","STENBERG (IMO 7908574)","STENBERG (IMO 7908574): ","Norway","Bulk Dry","2000-07-28 00:00","","Marine casualty","","Durban","","0",""
"C0002687","1","JAINARAYAN VYAS (IMO 7391496)","JAINARAYAN VYAS (IMO 7391496): ","India","Oil Tanker","2000-07-28 00:00","","Very serious marine casualty","","Gulf Waters","","0",""
"C0002689","1","NAPOCA (IMO 8503905)","NAPOCA (IMO 8503905): ","Romania","General Cargo","2000-07-27 00:00","","Marine casualty","","20 miles off Aden","","0",""
"C0002685","1","COMETA (IMO 7922166)","COMETA (IMO 7922166): ","Norway","Passenger/Ro-Ro Cargo","2000-07-27 00:00","","Marine casualty","","76 miles NE of River Tyne, N. Sea","","0",""
"C0003128","1","FENG LI (IMO 8512217)","FENG LI (IMO 8512217): ","Panama","Non-ship structures","2000-07-27 00:00","","Marine casualty","","Off coast of New South Wales","","0",""
"C0002693","1","ZEUS (IMO 7926643)","ZEUS (IMO 7926643): ","United States","Fish Catching","2000-07-25 00:00","","Marine casualty","","Off Massachusetts","","0",""
"C0002686","2","FRANK (IMO 5415901), INZ. MARIAN BUKOWSKI (IMO 7381855)","FRANK (IMO 5415901): , INZ. MARIAN BUKOWSKI (IMO 7381855): ","Saint Vincent and the Grenadines, Poland","Passenger, Non-ship structures","2000-07-24 00:00","","Marine casualty","","near Gryfia Shipyard, Szczecin","","0",""
"C0002683","1","AULDYN RIVER (IMO 5096456)","AULDYN RIVER (IMO 5096456): ","Isle of Man (United Kingdom)","General Cargo","2000-07-21 00:00","","Marine casualty","","Heysham Roads to Ramsey","","0",""
"C0002703","1","SCAN OCEANIC (IMO 9144469)","SCAN OCEANIC (IMO 9144469): ","Isle of Man (United Kingdom)","Passenger/Ro-Ro Cargo","2000-07-21 00:00","","Marine casualty","","300 miles off Japan","","1","United Kingdom"
"C0003394","1","COASTAL BAY (IMO 8914178)","COASTAL BAY (IMO 8914178): ","Antigua and Barbuda","General Cargo","2000-07-21 00:00","","Marine casualty","","Church Bay, Anglesey, Wales","","1","United Kingdom"
"C0003328","1","GOEDE HOOP","GOEDE HOOP: ","Belgium","Fish Catching","2000-07-20 00:00","","Marine casualty","","18 miles E. of Walton-on-Naze, North Sea","","0",""
"C0002692","1","STAMY WAVES II","STAMY WAVES II: ","Unknown","General Cargo","2000-07-20 00:00","","Marine casualty","","while entering Suez Canal","","0",""
"C0002705","1","SUMMER STAR (IMO 7415412)","SUMMER STAR (IMO 7415412): ","Belize","Oil Tanker","2000-07-20 00:00","","Very serious marine casualty","","South China Sea","","0",""
"C0002694","1","AROSIA (IMO 7615024)","AROSIA (IMO 7615024): ","Antigua and Barbuda","General Cargo","2000-07-20 00:00","","Marine casualty","","near mouth of River Guadalquiver","","0",""
"C0002802","1","PATRIOT (IMO 7377749)","PATRIOT (IMO 7377749): ","Panama","Oil Tanker","2000-07-20 00:00","","Marine casualty","","Antwerp Canal","","0",""
"C0002691","1","PIRABEBE (IMO 5279163)","PIRABEBE (IMO 5279163): ","Paraguay","General Cargo","2000-07-19 00:00","","Marine casualty","","off Asuncion, in River Paraguay","","0",""
"C0002702","1","PRIME VALUE (IMO 8027717)","PRIME VALUE (IMO 8027717): ","Panama","General Cargo","2000-07-19 00:00","","Very serious marine casualty","","off Haldia, Hooghly Estuary","","0",""
"C0002704","1","SULTENG I (IMO 7305631)","SULTENG I (IMO 7305631): ","Indonesia","General Cargo","2000-07-18 00:00","","Very serious marine casualty","","75 nm N.W. of Christmas Island","","0",""
"C0003456","1","GAYE (IMO 6910922)","GAYE (IMO 6910922): ","Sao Tome and Principe","General Cargo","2000-07-18 00:00","","Very serious marine casualty","","Eastern Mediterranean","","0",""
"C0002696","1","MOLDAVIA (IMO 8503096)","MOLDAVIA (IMO 8503096): ","Antigua and Barbuda","General Cargo","2000-07-17 00:00","","Marine casualty","","Near Mount's Bay","","0",""
"C0002697","1","PARADISE (IMO 9120877)","PARADISE (IMO 9120877): ","Panama","Passenger","2000-07-17 00:00","","Marine casualty","","Miami","","0",""
"C0002699","2","CIUDAD DE CEUTA (IMO 7387249), CIUDAD DE TANGER (IMO 9021485)","CIUDAD DE CEUTA (IMO 7387249): , CIUDAD DE TANGER (IMO 9021485): ","Spain, Spain","Passenger/Ro-Ro Cargo, Passenger/Ro-Ro Cargo","2000-07-16 00:00","","Very serious marine casualty","","1.7 miles S.E. of Punta del Carnero, near Algecira","","1","Unknown"
"C0002700","1","FUNCHAL (IMO 5124162)","FUNCHAL (IMO 5124162): ","Panama","Passenger","2000-07-16 00:00","","Marine casualty","","Gibraltar","","0",""
"C0002701","1","OCEANIC ESPRIT (IMO 8920062)","OCEANIC ESPRIT (IMO 8920062): ","Philippines","Bulk Dry","2000-07-14 00:00","","Marine casualty","","Mile 64, Mississippi River","","0",""
"C0002708","1","TAMULA (IMO 7424425)","TAMULA (IMO 7424425): ","Estonia","Non-ship structures","2000-07-14 00:00","","Marine casualty","","","","0",""
"C0002684","1","BRAVE MASTER (IMO 7518501)","BRAVE MASTER (IMO 7518501): ","Saint Vincent and the Grenadines","Bulk Dry","2000-07-14 00:00","","Marine casualty","","Piraeus","","0",""
"C0003122","1","MAERSK TAURUS (IMO 9130963)","MAERSK TAURUS (IMO 9130963): ","Panama","Bulk Dry","2000-07-14 00:00","","Very serious marine casualty","","Port of Goa","","0",""
"C0003129","2","NISSHO MARU NO. 25 (IMO 7126255), ORIENTAL PHOENIX (IMO 8405282)","NISSHO MARU NO. 25 (IMO 7126255): , ORIENTAL PHOENIX (IMO 8405282): ","Japan, Liberia","Fish Catching, Non-ship structures","2000-07-12 00:00","","Marine casualty","","","","0",""
"C0002698","1","KARAPIPERIS 8 (IMO 5000976)","KARAPIPERIS 8 (IMO 5000976): ","Greece","Towing / Pushing","2000-07-12 00:00","","Marine casualty","","","","0",""
"C0002690","1","ORGULLO (IMO 7341972)","ORGULLO (IMO 7341972): ","Panama","Bulk Dry","2000-07-11 00:00","","Marine casualty","","near Navios Pier, Nueva Palmira","","0",""
"C0003089","1","NORD ACE (IMO 9200342)","NORD ACE (IMO 9200342): ","Panama","Bulk Dry","2000-07-11 00:00","","Marine casualty","","Jizan Port","","0",""
"C0003178","1","LYS RANGER (IMO 9163570)","LYS RANGER (IMO 9163570): ","Netherlands (Kingdom of)","General Cargo","2000-07-10 00:00","","Marine casualty","","River leading to Boston (UK)","","0",""
"C0002710","1","WUROOD","WUROOD: ","Argentina","Passenger/Ro-Ro Cargo","2000-07-09 00:00","","Marine casualty","","Off Oman","","0",""
"C0002709","1","TRANG AN (IMO 8114845)","TRANG AN (IMO 8114845): ","Viet Nam","General Cargo","2000-07-08 00:00","","Very serious marine casualty","","East China Sea","","0",""
"C0002706","1","NESSE (IMO 8702862)","NESSE (IMO 8702862): ","Cyprus","General Cargo","2000-07-08 00:00","","Marine casualty","","Cartagena","","0",""
"C0002707","1","ST. MARYS CEMENT","ST. MARYS CEMENT: ","Canada","Non-ship structures","2000-07-07 00:00","","Marine casualty","","Rock Island Path, Lake Michigan","","0",""
"C0003327","1","INGA (IMO 8820913)","INGA (IMO 8820913): ","Liberia","Oil Tanker","2000-07-07 00:00","","Very serious marine casualty","","Milford Haven, Texaco refinery No 2 berth","","1","United Kingdom"
"C0002695","1","CHRISTA (IMO 8215649)","CHRISTA (IMO 8215649): ","Germany","General Cargo","2000-07-06 00:00","","Marine casualty","","Kemi","","0",""
"C0003086","2","EVER UNION (IMO 9116618), RAIKEI MARU (IMO 8608494)","EVER UNION (IMO 9116618): , RAIKEI MARU (IMO 8608494): ","Panama, Japan","Container, General Cargo","2000-07-05 00:00","","Marine casualty","","SE of Tai Misaki","","0",""
"C0002715","1","SOUTHERN AMELIA II","SOUTHERN AMELIA II: ","Antigua and Barbuda","General Cargo","2000-07-04 00:00","","Marine casualty","","Pacific Ocean","","0",""
"C0002711","1","MUNSU (IMO 7626126)","MUNSU (IMO 7626126): ","Belize","Refrigerated Cargo","2000-07-03 00:00","","Marine casualty","","70 miles NE of Peterhead","","0",""
"C0003085","2","AKASHIA (IMO 7908562), KWANG YANG 7 (IMO 9064293)","AKASHIA (IMO 7908562): , KWANG YANG 7 (IMO 9064293): ","Panama, Panama","Refrigerated Cargo, General Cargo","2000-07-03 00:00","","Marine casualty","","","","0",""
"C0003011","2","ADELAIDE (IMO 7229758), SAAR ORE (IMO 9085340)","ADELAIDE (IMO 7229758): , SAAR ORE (IMO 9085340): ","Cyprus, Liberia","General Cargo, Bulk Dry","2000-07-03 00:00","","Marine casualty","","3.7 nm W of Wandelaar Pilot","","0",""
"C0003010","2","ARDUA (IMO 7637345), LADY STEPHANIE (IMO 9014781)","ARDUA (IMO 7637345): , LADY STEPHANIE (IMO 9014781): ","Denmark, Liberia","General Cargo, Non-ship structures","2000-07-02 00:00","","Marine casualty","","","","0",""
"C0002719","2","MOON CHANG NO. 205, YONG FA (IMO 7900948)","MOON CHANG NO. 205: , YONG FA (IMO 7900948): ","Unknown, China","Other Fishing, General Cargo","2000-07-02 00:00","","Very serious marine casualty","","off Yosu","","0",""
"C0002712","1","ODYSSEAS (IMO 8718213)","ODYSSEAS (IMO 8718213): ","United Republic of Tanzania","Fish Catching","2000-07-01 00:00","","Very serious marine casualty","","Shugu Bay near Kisiju","","0",""
"C0003013","1","PRIDE OF BILBAO (IMO 8414582)","PRIDE OF BILBAO (IMO 8414582): ","United Kingdom","Passenger","2000-07-01 00:00","","Marine casualty","","Cherbourg Harbour","","1","United Kingdom"
"C0003137","1","DEVOLAN (IMO 8005551)","DEVOLAN (IMO 8005551): ","Liberia","Bulk Dry","2000-07-01 00:00","","Marine casualty","","Parana River, Villa Constitucion Anchorage","","0",""
"C0003325","1","WESTWIND","WESTWIND: ","Unknown","Fish Catching","2000-06-30 00:00","","Very serious marine casualty","","Arrived Milford Haven","","0",""
"C0003087","2","JIANG LIANG HAI, ORIENT PRINCESS (IMO 6708109)","JIANG LIANG HAI: , ORIENT PRINCESS (IMO 6708109): ","China, Panama",", Passenger","2000-06-29 00:00","","Marine casualty","","","","0",""
"C0002717","1","BALMORAL SEA (IMO 7360978)","BALMORAL SEA (IMO 7360978): ","Barbados","Non-ship structures","2000-06-27 00:00","","Marine casualty","","Seabrook Bridge, Industrial Canal, New Orleans","","0",""
"C0002718","1","EDMONDO B.","EDMONDO B.: ","Cyprus","Towing / Pushing","2000-06-27 00:00","","Very serious marine casualty","","East of Naxos Island","","0",""
"C0002720","2","JANG YUNG SUN (IMO 8602830), ORIENT PEARL (IMO 8122402)","JANG YUNG SUN (IMO 8602830): , ORIENT PEARL (IMO 8122402): ","Republic of Korea, Panama","General Cargo, General Cargo","2000-06-26 00:00","","Marine casualty","","off Mutsure Island","","0",""
"C0002724","1","RIMA M (IMO 6505210)","RIMA M (IMO 6505210): ","Syrian Arab Republic","General Cargo","2000-06-26 00:00","","Marine casualty","","East Mediterrenean Sea","","0",""
"C0003324","1","LA NORMANDE (IMO 7359759)","LA NORMANDE (IMO 7359759): ","France","Fish Catching","2000-06-26 00:00","","Very serious marine casualty","","Lochinver Harbour","","0",""
"C0002721","2","ORIENT PEARL (IMO 8122402), SHOWA MARU NO. 5 (IMO 9078414)","ORIENT PEARL (IMO 8122402): , SHOWA MARU NO. 5 (IMO 9078414): ","Panama, Japan","General Cargo, Oil Tanker","2000-06-25 00:00","","Marine casualty","","off Mutsure Island","","0",""
"C0002716","1","ALAM SENTOSA (IMO 9000302)","ALAM SENTOSA (IMO 9000302): ","Malaysia","Bulk Dry","2000-06-25 00:00","","Marine casualty","","Atlantic Ocean","","0",""
"C0002713","1","PIONEER SKY (IMO 8202836)","PIONEER SKY (IMO 8202836): ","Cyprus","General Cargo","2000-06-25 00:00","","Marine casualty","","Off Buenos Aires","","0",""
"C0002723","2","GREEK FIGHTER (IMO 7370832), NORGAS DISCOVERER (IMO 7113674)","GREEK FIGHTER (IMO 7370832): , NORGAS DISCOVERER (IMO 7113674): ","Bahamas, Liberia","Oil Tanker, Chemical Tanker","2000-06-24 00:00","","Marine casualty","","Malacca Strait","","0",""
"C0003142","1","GAIDA (IMO 9009138)","GAIDA (IMO 9009138): ","Liberia","Oil Tanker","2000-06-23 00:00","","Marine casualty","","River Bonny","","0",""
"C0003181","1","GOLDEN SHIELD (IMO 8126068)","GOLDEN SHIELD (IMO 8126068): ","Panama","Chemical Tanker","2000-06-22 00:00","","Very serious marine casualty","","Kandla Anchorage","","0",""
"C0002722","1","NEMTAS (IMO 8308874)","NEMTAS (IMO 8308874): ","Türkiye","Bulk Dry","2000-06-21 00:00","","Marine casualty","","Suez Canal Buoy No. 6","","0",""
"C0002589","1","LINKUVA (IMO 8710699)","LINKUVA (IMO 8710699): ","Belize","Refrigerated Cargo","2000-06-21 00:00","","Very serious marine casualty","","220 nm S.W. of Acapulco","","0",""
"C0003326","1","FRANCOISE (IMO 7512521)","FRANCOISE (IMO 7512521): ","Saint Vincent and the Grenadines","Passenger/Ro-Ro Cargo","2000-06-21 00:00","","Marine casualty","","bottleneck of Brest","","0",""
"C0003209","2","STAR SEA BRIDGE (IMO 9168269), SUE M","STAR SEA BRIDGE (IMO 9168269): , SUE M: ","Panama, Australia","Bulk Dry, Fish Catching","2000-06-21 00:00","","Very serious marine casualty","","East of Evans Head, New South Wales","","1","Unknown"
"C0002726","1","BOA TRANSPORTER (IMO 8606642)","BOA TRANSPORTER (IMO 8606642): ","Malta","Passenger/Ro-Ro Cargo","2000-06-20 08:10","","Marine casualty","59° 45.30' N 9° 46.60' E","Kinnestabben, at entrance to Langesundfjord, Norway","Coastal waters","0",""
"C0002727","1","CAPTAIN FOUAD (IMO 6818605)","CAPTAIN FOUAD (IMO 6818605): ","Belize","General Cargo","2000-06-17 00:00","","Very serious marine casualty","","Entering Alexandria","","0",""
"C0003108","1","BARRINGTON ISLAND (IMO 9059614)","BARRINGTON ISLAND (IMO 9059614): ","Bahamas","Refrigerated Cargo","2000-06-16 00:00","","Very serious marine casualty","","Balboa","","0",""
"C0003474","1","TRUE NORTH II","TRUE NORTH II: ","Canada","Passenger","2000-06-16 00:00","","Very serious marine casualty","","200 m off Flowerpot Island, Georgian Bay, Ontario","","1","Canada"
"C0003380","1","MADU SEGORO (IMO 6622044)","MADU SEGORO (IMO 6622044): ","Indonesia","General Cargo","2000-06-16 00:00","","Very serious marine casualty","","off Wowoni Island","","0",""
"C0003402","1","SLOPS","SLOPS: ","Greece","Oil Tanker","2000-06-15 00:00","","Marine casualty","","Kynosaura, Salamis Island","","0",""
"C0003323","1","MANX MAID","MANX MAID: ","Unknown","Fish Catching","2000-06-15 00:00","","Very serious marine casualty","","Approx. 10 nm E. of Tolsta Head","","0",""
"C0003143","1","ELERANTA (IMO 9081198)","ELERANTA (IMO 9081198): ","Liberia","Bulk Dry","2000-06-15 00:00","","Marine casualty","","Port Mormugao","","0",""
"C0002725","2","(Unknown), TREASURE (IMO 8011251)","(Unknown): , TREASURE (IMO 8011251): ","Unknown, Panama",", Bulk Dry","2000-06-14 00:00","","Very serious marine casualty","","750 miles W of Port Nolloth","","0",""
"C0002591","1","HARIS (IMO 7433086)","HARIS (IMO 7433086): ","Cyprus","Bulk Dry","2000-06-13 00:00","","Marine casualty","","Punjang Roads","","0",""
"C0003321","1","HERMANOS GARCIA (IMO 6712796)","HERMANOS GARCIA (IMO 6712796): ","Spain","Fish Catching","2000-06-13 00:00","","Marine casualty","","E. of Outer Hebrides","","0",""
"C0003322","1","HAFNAREY (IMO 8136489)","HAFNAREY (IMO 8136489): ","Iceland","Fish Catching","2000-06-13 00:00","","Marine casualty","","S. of Faeroe Islands","","0",""
"C0003195","2","MSC SABRINA (IMO 8714205), WINTERTIDE","MSC SABRINA (IMO 8714205): , WINTERTIDE: ","Panama, United Kingdom","Container, Refrigerated Cargo","2000-06-13 00:00","","Marine casualty","","Off Texel TSS","","1","United Kingdom"
"C0003448","1","VENTURA (IMO 7622962)","VENTURA (IMO 7622962): ","Saint Vincent and the Grenadines","Oil Tanker","2000-06-12 00:00","","Very serious marine casualty","","off Dondra Head","","0",""
"C0002592","1","JUTHA RAJPRUEK (IMO 7729289)","JUTHA RAJPRUEK (IMO 7729289): ","Thailand","General Cargo","2000-06-12 00:00","","Marine casualty","","","","0",""
"C0003183","1","ARATERE (IMO 9174828)","ARATERE (IMO 9174828): ","Bahamas","Passenger","2000-06-12 00:00","","Marine incident","","Aotea Quay, Wellington","","1","New Zealand"
"C0003090","1","BRAZIL STAR (IMO 8204638)","BRAZIL STAR (IMO 8204638): ","Panama","Bulk Dry","2000-06-11 00:00","","Marine casualty","","Selat Makasar","","0",""
"C0003197","1","ZARA (IMO 7525982)","ZARA (IMO 7525982): ","Liberia","Bulk Dry","2000-06-11 00:00","","Marine casualty","","Parana River, approx Km 354","","0",""
"C0003421","1","MARIAMA K","MARIAMA K: ","United Kingdom","Fish Catching","2000-06-10 00:00","","Very serious marine casualty","","Douarnenez","","1","United Kingdom"
"C0002593","2","ADELINE DELMAS (IMO 8325585), PETER (IMO 7377505)","ADELINE DELMAS (IMO 8325585): , PETER (IMO 7377505): ","France, Malta","General Cargo, General Cargo","2000-06-08 00:00","","Very serious marine casualty","","off Owendo","","0",""
"C0002599","2","ALEX C. (IMO 5107982), POSAVINA (IMO 9154957)","ALEX C. (IMO 5107982): , POSAVINA (IMO 9154957): ","United States, Panama","Towing / Pushing, Chemical Tanker","2000-06-08 00:00","","Very serious marine casualty","","Boston Harbour","","0",""
"C0002594","1","FAKAZ-I (IMO 7364625)","FAKAZ-I (IMO 7364625): ","Türkiye","General Cargo","2000-06-06 00:00","","Very serious marine casualty","","16 miles from Karasu","","0",""
"C0002714","1","RIVER PRINCESS (IMO 7372177)","RIVER PRINCESS (IMO 7372177): ","Unknown","Non-ship structures","2000-06-06 00:00","","Marine casualty","","off Goan Coast","","0",""
"C0003134","1","BARRY (IMO 7610476)","BARRY (IMO 7610476): ","Norway","Bulk Dry","2000-06-06 00:00","","Marine casualty","","Slite","","0",""
"C0003320","1","ZENITAS (IMO 8856699)","ZENITAS (IMO 8856699): ","Honduras","General Cargo","2000-06-06 00:00","","Very serious marine casualty","59° 32.30' N 24° 43.00' E","Tallinn Bay","Coastal waters","1","Estonia"
"C0003626","1","SWORDMAN I (IMO 8843812)","SWORDMAN I (IMO 8843812): ","United States","Fish Catching","2000-06-05 00:00","","Very serious marine casualty","","Pearl & Hermes Atoll, North Pacific Ocean","","0",""
"C0003110","1","TERCEIRA (IMO 7910008)","TERCEIRA (IMO 7910008): ","Hong Kong, China","Non-ship structures","2000-06-04 15:47","","Marine casualty","","Zhu Hai Buoy","Coastal waters","0",""
"C0003131","1","IRA (IMO 7724033)","IRA (IMO 7724033): ","Liberia","Bulk Dry","2000-06-03 00:00","","Marine casualty","","Sulina River Breakwater","","0",""
"C0003460","1","SPRING BREEZE (IMO 8014980)","SPRING BREEZE (IMO 8014980): ","Saint Vincent and the Grenadines","General Cargo","2000-06-03 00:00","","Very serious marine casualty","","Indian Ocean","","0",""
"C0002595","2","HAI RONG (IMO 7433763), JOINT MIRIAM (IMO 7715977)","HAI RONG (IMO 7433763): , JOINT MIRIAM (IMO 7715977): ","China, Malta","General Cargo, Bulk Dry","2000-06-02 00:00","","Very serious marine casualty","","Yellow Sea","","0",""
"C0003078","2","ROYAL OCEAN (IMO 9087192), SYDNEY STAR (IMO 7123382)","ROYAL OCEAN (IMO 9087192): , SYDNEY STAR (IMO 7123382): ","Panama, Bahamas","Bulk Dry, Container","2000-06-01 00:00","","Marine casualty","","Cristbal Breakwater","","0",""
"C0006930","1","KYLE MHOR","KYLE MHOR: ","Unknown","Fish Catching","2000-05-31 12:15","","Very serious marine casualty","51° 35.00' N 10° 00.00' W","Near Castletownbere","","1","Unknown"
"C0003083","2","RAISHU (IMO 8908571), UNKAI (IMO 8823290)","RAISHU (IMO 8908571): , UNKAI (IMO 8823290): ","Panama, Japan","Non-ship structures, General Cargo","2000-05-31 00:00","","Marine casualty","","","","0",""
"C0002601","1","FAY STAR (IMO 7409413)","FAY STAR (IMO 7409413): ","Malta","Oil Tanker","2000-05-31 00:00","","Marine casualty","","Puerto Cabello","","0",""
"C0002598","1","VECTURIAN","VECTURIAN: ","United States","Towing / Pushing","2000-05-30 00:00","","Very serious marine casualty","","Washburn Tunnel, Houston Ship Channel","","0",""
"C0002600","1","VICTORY REEFER (IMO 5086188)","VICTORY REEFER (IMO 5086188): ","Honduras","Refrigerated Cargo","2000-05-29 00:00","","Very serious marine casualty","","Harper","","0",""
"C0002604","1","TRYLAM NO. 7 (IMO 7737511)","TRYLAM NO. 7 (IMO 7737511): ","Panama","Fish Catching","2000-05-29 00:00","","Very serious marine casualty","","200 nm E. of Uruguay","","0",""
"C0003206","2","HYUNDAI EMPEROR (IMO 9036002), NORDFRAKT (IMO 7000528)","HYUNDAI EMPEROR (IMO 9036002): , NORDFRAKT (IMO 7000528): ","Panama, Norway","Container, General Cargo","2000-05-29 00:00","","Very serious marine casualty","","Bay of Biscay, 16 kms W. of Lisbon","","0",""
"C0003433","1","COUNTESS (IMO 7510406)","COUNTESS (IMO 7510406): ","Panama","Bulk Dry","2000-05-27 00:00","","Marine casualty","","Paradip","","0",""
"C0002602","1","ORSAY (IMO 7505102)","ORSAY (IMO 7505102): ","Türkiye","General Cargo","2000-05-27 00:00","","Very serious marine casualty","","20 miles S.E. of Cape Spartivento","","0",""
"C0002603","1","PRATIBHA YAMUNA (IMO 8006866)","PRATIBHA YAMUNA (IMO 8006866): ","Bahamas","Oil Tanker","2000-05-27 00:00","","Marine casualty","","East China Sea","","0",""
"C0003096","1","NIPAYIA (IMO 8025018)","NIPAYIA (IMO 8025018): ","Panama","Oil Tanker","2000-05-25 00:00","","Marine casualty","","River Schielder","","0",""
"C0003463","2","KAIHO MARU (IMO 8135409), TOSHIN MARU","KAIHO MARU (IMO 8135409): , TOSHIN MARU: ","Japan, Unknown","General Cargo, ","2000-05-24 00:00","","Marine casualty","","3 miles off Inubo-zaki Todai","","0",""
"C0003176","1","NIEUW AMSTERDAM (IMO 8024014)","NIEUW AMSTERDAM (IMO 8024014): ","Netherlands (Kingdom of)","Passenger","2000-05-23 00:00","","Marine casualty","","Glacier Bay, Alaska","","1","Unknown"
"C0002597","1","LESLIE LEE (IMO 7732688)","LESLIE LEE (IMO 7732688): ","United States","Fish Catching","2000-05-22 00:00","","Very serious marine casualty","","9 miles W. of Trinidad Head, California","","0",""
"C0003429","1","GRAKE (IMO 7222554)","GRAKE (IMO 7222554): ","Republic of Korea","Container","2000-05-20 00:00","","Marine casualty","","Sea of Japan","","0",""
"C0003343","1","ASANA","ASANA: ","Panama","General Cargo","2000-05-20 00:00","","Marine casualty","","","","0",""
"C0002606","1","EVELYN (IMO 7705570)","EVELYN (IMO 7705570): ","Malta","Bulk Dry","2000-05-19 00:00","","Very serious marine casualty","","approx. 6 miles E. off Aden","","0",""
"C0003126","1","SITI AISHAH (IMO 9189706)","SITI AISHAH (IMO 9189706): ","Panama","General Cargo","2000-05-19 00:00","","Marine casualty","","","","0",""
"C0003121","1","WORLD RIBBON (IMO 9163295)","WORLD RIBBON (IMO 9163295): ","Panama","Bulk Dry","2000-05-17 00:00","","Very serious marine casualty","","Approaching Praia Mole Port","","0",""
"C0003084","2","AZURE (IMO 8023979), DANIS KOPER (IMO 7631561)","AZURE (IMO 8023979): , DANIS KOPER (IMO 7631561): ","Panama, Malta","Bulk Dry, Bulk Dry","2000-05-16 00:00","","Marine casualty","","","","0",""
"C0002605","1","SKY 1 (IMO 6616887)","SKY 1 (IMO 6616887): ","Honduras","General Cargo","2000-05-15 00:00","","Very serious marine casualty","","near Masirah Island","","0",""
"C0003459","1","SKRYPLYOV (IMO 6863260)","SKRYPLYOV (IMO 6863260): ","Russian Federation","General Cargo","2000-05-15 00:00","","Very serious marine casualty","","Valentine Bay, 3.7 miles off the coast","","0",""
"C0003633","1","GEORGIOS I (IMO 5208906)","GEORGIOS I (IMO 5208906): ","Greece","General Cargo","2000-05-15 00:00","","Marine incident","","5 kms W. of Lindos, Rhodes Island","","0",""
"C0003387","1","CHWAN YI NO. 1 (IMO 8947175)","CHWAN YI NO. 1 (IMO 8947175): ","Belize","Fish Catching","2000-05-14 00:00","","Very serious marine casualty","","South Atlantic Ocean","","0",""
"C0002607","1","HANNOVER (IMO 9067403)","HANNOVER (IMO 9067403): ","Germany","Fish Catching","2000-05-14 00:00","","Marine casualty","","280 nm S.W. of Iceland","","0",""
"C0003444","1","SOLSTICE II (IMO 9169574)","SOLSTICE II (IMO 9169574): ","United Kingdom","Fish Catching","2000-05-13 00:00","","Very serious marine casualty","","Off Rockall, North Atlantic Ocean","","1","United Kingdom"
"C0003735","1","MISS GATINEAU","MISS GATINEAU: ","Canada","Passenger","2000-05-12 00:00","","Very serious marine casualty","","Ottawa River","","1","Unknown"
"C0003191","1","CHINOOK MAIDEN (IMO 9145841)","CHINOOK MAIDEN (IMO 9145841): ","Panama","Chemical Tanker","2000-05-07 00:00","","Marine casualty","","Cabo Negro Gas Terminal, Punta Arenas","","0",""
"C0002609","1","DALIA S (IMO 5097149)","DALIA S (IMO 5097149): ","Syrian Arab Republic","General Cargo","2000-05-06 00:00","","Very serious marine casualty","","6 km off Alexandria","","0",""
"C0003384","1","MELRIVIC-3 (IMO 8955184)","MELRIVIC-3 (IMO 8955184): ","Philippines","Passenger/Ro-Ro Cargo","2000-05-06 00:00","","Marine casualty","","Isabel, Leyte Island","","0",""
"C0002610","1","WALDTRAUT B (IMO 8611219)","WALDTRAUT B (IMO 8611219): ","Antigua and Barbuda","General Cargo","2000-05-04 00:00","","Marine casualty","","English Channel","","0",""
"C0002612","1","AURORA","AURORA: ","United Kingdom","Non-ship structures","2000-05-03 00:00","","Marine casualty","","Near Southampton","","0",""
"C0002608","2","CONAN, RUBIN FOREST (IMO 9062300)","CONAN: , RUBIN FOREST (IMO 9062300): ","Cambodia, Panama","General Cargo, Bulk Dry","2000-05-03 00:00","","Very serious marine casualty","","off Nantong, between Nanjing and Shanghai","","0",""
"C0002613","1","CORVUS (IMO 8864737)","CORVUS (IMO 8864737): ","Norway","General Cargo","2000-05-02 00:00","","Marine casualty","","6 nautical miles off Bergen","","0",""
"C0002614","1","PROGRESS (IMO 8127933)","PROGRESS (IMO 8127933): ","United Kingdom","Fish Catching","2000-05-01 00:00","","Very serious marine casualty","","North Sea, E. of Aberdeen","","1","United Kingdom"
"C0002799","1","MAGELLAN REEFER (IMO 8003761)","MAGELLAN REEFER (IMO 8003761): ","Panama","Refrigerated Cargo","2000-05-01 00:00","","Marine casualty","","English Channel, off Dover Port","","0",""
"C0003139","1","WORLD DISCOVERER (IMO 7349053)","WORLD DISCOVERER (IMO 7349053): ","Liberia","Passenger","2000-04-30 00:00","","Very serious marine casualty","","Sandfly Passage, 20 miles N. of Honiara","","0",""
"C0003656","1","AL DEERAH (IMO 8619455)","AL DEERAH (IMO 8619455): ","Kuwait","Oil Tanker","2000-04-30 00:00","","Marine casualty","","Garden Island, Tamar River, Tasmania","","1","Australia"
"C0002611","2","AMERICAN MARINER (IMO 7812567), AMERICAN MARINER (IMO 7812567)","AMERICAN MARINER (IMO 7812567): , AMERICAN MARINER (IMO 7812567): ","United States, United States","Bulk Dry, Bulk Dry","2000-04-28 15:59","","Marine casualty","","entering St. Clair River from Lake Huron","","0",""
"C0003477","1","P&OSL AQUITAINE (IMO 8908466)","P&OSL AQUITAINE (IMO 8908466): ","United Kingdom","Non-ship structures","2000-04-27 00:00","","Marine casualty","","Calais port, Berth No. 7","","1","United Kingdom"
"C0004219","2","FEDERAL FUJI (IMO 8321931), TECAM SEA (IMO 8308824)","FEDERAL FUJI (IMO 8321931): , TECAM SEA (IMO 8308824): ","Bahamas, Bahamas","Bulk Dry, Bulk Dry","2000-04-27 00:00","","Marine casualty","","Port of Sorel, Québec","","1","Unknown"
"C0003204","2","ORIENT HONESTY (IMO 7916571), SEA DIAMOND (IMO 9061576)","ORIENT HONESTY (IMO 7916571): , SEA DIAMOND (IMO 9061576): ","Panama, Philippines","Bulk Dry, Bulk Dry","2000-04-26 00:00","","Marine casualty","","Shanghai Harbour","","0",""
"C0003203","2","APOLLO ENAM (IMO 9108659), SEIYO MARU (IMO 8301395)","APOLLO ENAM (IMO 9108659): , SEIYO MARU (IMO 8301395): ","Panama, Japan","General Cargo, Passenger/Ro-Ro Cargo","2000-04-25 00:00","","Marine casualty","","Mitsui Wharf South in Port of Kawasaki","","0",""
"C0002621","1","FUKUUN MARU (IMO 8702472)","FUKUUN MARU (IMO 8702472): ","Japan","Dredging","2000-04-25 00:00","","Marine casualty","","off Takaikamishima Lighthouse, Ehime Prefecture","","0",""
"C0002615","1","SEA DUKE (IMO 7405986)","SEA DUKE (IMO 7405986): ","Malta","General Cargo","2000-04-24 00:00","","Marine casualty","","Off Piraeus","","0",""
"C0002616","1","FAGR (IMO 7018599)","FAGR (IMO 7018599): ","Honduras","Non-ship structures","2000-04-24 00:00","","Very serious marine casualty","","Port Tewik, Suez","","0",""
"C0002617","1","MERA I (IMO 6407133)","MERA I (IMO 6407133): ","United Kingdom","Fish Catching","2000-04-22 00:00","","Very serious marine casualty","","North Atlantic Ocean","","1","United Kingdom"
"C0002623","1","SEA QUEEN (IMO 7214911)","SEA QUEEN (IMO 7214911): ","Saint Vincent and the Grenadines","Bulk Dry","2000-04-22 00:00","","Marine casualty","","Mina Saqr","","0",""
"C0002619","1","BADER III (IMO 7504598)","BADER III (IMO 7504598): ","Bahamas","Non-ship structures","2000-04-21 00:00","","Marine casualty","","Indian Ocean","","1","Bahamas"
"C0003388","1","DESTINY (IMO 7742982)","DESTINY (IMO 7742982): ","United States","Fish Catching","2000-04-20 00:00","","Very serious marine casualty","","Near Rocky Point, N.E. of Karluk, Kodiak Island","","0",""
"C0003210","2","CHANGSHA (IMO 9003847), KOTA RATNA (IMO 9167447)","CHANGSHA (IMO 9003847): , KOTA RATNA (IMO 9167447): ","Panama, Singapore","General Cargo, Container","2000-04-19 00:00","","Marine casualty","","Singapore Strait","","0",""
"C0002622","2","ASAMA (IMO 8625923), HELIOS III (IMO 8210948)","ASAMA (IMO 8625923): , HELIOS III (IMO 8210948): ","Panama, Belize","General Cargo, General Cargo","2000-04-19 00:00","","Very serious marine casualty","","Laotieshan Channel, 40 nm off Dalian Port","","0",""
"C0002628","1","VIVA PENAFRANCIA II (IMO 7908639)","VIVA PENAFRANCIA II (IMO 7908639): ","Philippines","Non-ship structures","2000-04-17 00:00","","Marine casualty","","6 nm off Batangas","","0",""
"C0002627","1","SUN BIRD (IMO 7359163)","SUN BIRD (IMO 7359163): ","Saint Vincent and the Grenadines","General Cargo","2000-04-16 00:00","","Very serious marine casualty","","40 nm N. of Aruba, Caribbean Sea","","1","Saint Vincent and the Grenadines"
"C0002624","2","CHEM RUNNER, MICHAEL (IMO 5033129)","CHEM RUNNER: , MICHAEL (IMO 5033129): ","Panama, Netherlands (Kingdom of)","Chemical Tanker, Oil Tanker","2000-04-14 00:00","","Marine casualty","","Near Port Louis","","0",""
"C0002629","2","BU IL (IMO 9114127), SUNYANG CHEMI 1 (IMO 8403624)","BU IL (IMO 9114127): , SUNYANG CHEMI 1 (IMO 8403624): ","Republic of Korea, Panama","Chemical Tanker, Oil Tanker","2000-04-14 00:00","","Very serious marine casualty","","Off Cheju Island","","0",""
"C0002625","1","GRAN RIO R (IMO 5134765)","GRAN RIO R (IMO 5134765): ","Saint Vincent and the Grenadines","General Cargo","2000-04-12 00:00","","Very serious marine casualty","","After last call at Scarboroug, Tobago.","","0",""
"C0002626","1","PANAGIA SOUMELA (IMO 7389754)","PANAGIA SOUMELA (IMO 7389754): ","Malta","Oil Tanker","2000-04-11 00:00","","Marine casualty","","Near Ain Sukhna Terminal, near Suez","","0",""
"C0002632","1","MILLENIUM YAMA (IMO 7609752)","MILLENIUM YAMA (IMO 7609752): ","Bahamas","General Cargo","2000-04-11 00:00","","Marine casualty","","Off Godbout, St. Lawrence river, Quebec","","1","Unknown"
"C0002636","1","WHITIDE (IMO 7022291)","WHITIDE (IMO 7022291): ","United Kingdom","Oil Tanker","2000-04-11 00:00","","Marine casualty","","Off St, Ann's Head","","0",""
"C0003180","1","OLYMPIC MENTOR (IMO 8307650)","OLYMPIC MENTOR (IMO 8307650): ","Panama","Bulk Dry","2000-04-11 00:00","","Marine casualty","","St Lawrence Seaway","","0",""
"C0003158","1","AMARANTOS (IMO 7918256)","AMARANTOS (IMO 7918256): ","Malta","Bulk Dry","2000-04-10 07:20","","Marine incident","","Wallaroo, Australia","Port","1","Australia"
"C0002634","1","OLGA","OLGA: ","Bolivia (Plurinational State of)","Bulk Dry","2000-04-10 00:00","","Marine casualty","","at Changjiang Kou Anchorage","","0",""
"C0003190","1","AQUARIUS ACE (IMO 9150339)","AQUARIUS ACE (IMO 9150339): ","Panama","Non-ship structures","2000-04-10 00:00","","Marine casualty","","Isewan Sea Berth","","0",""
"C0002635","1","RAYSUT CEMENT I (IMO 7035107)","RAYSUT CEMENT I (IMO 7035107): ","Honduras","Other Bulk Dry","2000-04-09 00:00","","Very serious marine casualty","","Pier No. 3, Salalah","","0",""
"C0002631","1","HAN SE (IMO 9153123)","HAN SE (IMO 9153123): ","Panama","Container","2000-04-08 00:00","","Marine casualty","","Pier No. 5, Busan","","0",""
"C0002633","1","SEA ROSE (IMO 8100117)","SEA ROSE (IMO 8100117): ","Denmark","General Cargo","2000-04-08 00:00","","Marine casualty","","Towed into Brest","","0",""
"C0002637","1","ANDREA (IMO 8104591)","ANDREA (IMO 8104591): ","Antigua and Barbuda","General Cargo","2000-04-07 00:00","","Marine casualty","","Mediterranean Sea","","0",""
"C0003205","1","LEO FOREST (IMO 9166211)","LEO FOREST (IMO 9166211): ","Panama","Bulk Dry","2000-04-06 11:45","","Marine casualty","","Pacific Ocean, S. of Japan","","0",""
"C0003097","1","CHEM RUNNER","CHEM RUNNER: ","Panama","Chemical Tanker","2000-04-06 00:00","","Marine casualty","","","","0",""
"C0002971","1","JAMES R. BARKER (IMO 7390260)","JAMES R. BARKER (IMO 7390260): ","United States","Bulk Dry","2000-04-05 13:30","","Marine casualty","46° 16.90' N 84° 13.30' W","West Neebish Channel, St. Mary's River","Inland waters","0",""
"C0002618","1","AL MARIYAH","AL MARIYAH: ","Unknown","Non-ship structures","2000-04-05 00:00","","Very serious marine casualty","","Umm Shaif Oilfield","","0",""
"C0003419","1","DIAMOND BULKER (IMO 9085572)","DIAMOND BULKER (IMO 9085572): ","Philippines","Bulk Dry","2000-04-05 00:00","","Marine casualty","","Lough Foyle, near Londonderry","","1","United Kingdom"
"C0002969","1","CLIPPER SPIRIT (IMO 8413021)","CLIPPER SPIRIT (IMO 8413021): ","Bahamas","Bulk Dry","2000-04-04 00:00","","Marine casualty","","Bighi Bay, Valletta Grand Harbour","","0",""
"C0002970","1","FENSFJORD (IMO 8003876)","FENSFJORD (IMO 8003876): ","Netherlands Antilles (Netherlands) [historical]","General Cargo","2000-04-04 00:00","","Marine casualty","","North Sea","","0",""
"C0002977","1","TROSVIK-GUBBEN (IMO 7328580)","TROSVIK-GUBBEN (IMO 7328580): ","Norway","Non-ship structures","2000-04-04 00:00","","Very serious marine casualty","","S of Svenner Light, Oslofjord","","0",""
"C0002976","1","VICTOR (IMO 6814843)","VICTOR (IMO 6814843): ","Belize","General Cargo","2000-04-03 00:00","","Marine casualty","","Bay of Biscay, North Atlantic Ocean","","0",""
"C0002967","2","CITY OF WESTMINSTER (IMO 8902278), DART 2 (IMO 8009052)","CITY OF WESTMINSTER (IMO 8902278): , DART 2 (IMO 8009052): ","United Kingdom, Bahamas","Dredging, Passenger/Ro-Ro Cargo","2000-04-02 00:00","","Marine casualty","","English Channel","","0",""
"C0002968","1","FINNFELLOW (IMO 7315143)","FINNFELLOW (IMO 7315143): ","Finland","Passenger","2000-04-02 00:00","","Marine casualty","","Overo Island","","0",""
"C0002972","1","SEABOARD STAR (IMO 7812830)","SEABOARD STAR (IMO 7812830): ","Panama","Passenger/Ro-Ro Cargo","2000-04-01 00:00","","Marine casualty","","Sargasso Sea","","0",""
"C0003447","1","KINGFISHER (IMO 7359981)","KINGFISHER (IMO 7359981): ","Malta","Oil Tanker","2000-04-01 00:00","","Marine casualty","","Cilacap","","0",""
"C0002630","1","ELEN (IMO 5086803)","ELEN (IMO 5086803): ","Honduras","General Cargo","2000-03-31 00:00","","Marine casualty","","Port Said Roads","","0",""
"C0003462","1","REVENGE (IMO 7628942)","REVENGE (IMO 7628942): ","Romania","General Cargo","2000-03-30 00:00","","Very serious marine casualty","","Chittagong","","0",""
"C0002641","1","RADEPOORT (IMO 9184689)","RADEPOORT (IMO 9184689): ","Netherlands (Kingdom of)","General Cargo","2000-03-29 00:00","","Marine casualty","","North Sea","","0",""
"C0002643","1","SEAFRANCE MONET (IMO 7321661)","SEAFRANCE MONET (IMO 7321661): ","France","Non-ship structures","2000-03-29 00:00","","Marine casualty","","on Berth No. 5, Calais","","0",""
"C0002358","2","MARTINA (IMO 6917061), WERDER BREMEN (IMO 9202259)","MARTINA (IMO 6917061): , WERDER BREMEN (IMO 9202259): ","Liberia, Germany","Chemical Tanker, Container","2000-03-28 00:00","","Marine incident","","2.6m from the Kullen light","","0",""
"C0002800","1","ARIS (IMO 7509718)","ARIS (IMO 7509718): ","Panama","Bulk Dry","2000-03-28 00:00","","Marine casualty","","Off Somalia","","0",""
"C0003157","1","LORI CATHLYNN","LORI CATHLYNN: ","Canada","Fish Catching","2000-03-28 00:00","","Marine incident","","Seaforth Channel, off Campbell Island, British Col","","1","Canada"
"C0003133","1","ARCTURUS (IMO 9173111)","ARCTURUS (IMO 9173111): ","Liberia","Chemical Tanker","2000-03-27 00:00","","Marine casualty","","Port or Paranagua, Cattallini Pier","","0",""
"C0002638","2","ARIAKE MARU NO. 3 (IMO 8701387), WOO JOO","ARIAKE MARU NO. 3 (IMO 8701387): , WOO JOO: ","Japan, Republic of Korea","Non-ship structures, Oil Tanker","2000-03-27 00:00","","Marine casualty","","Off Moji","","0",""
"C0003631","2","CHINDERAH STAR, SILVER BIN (IMO 8827454)","CHINDERAH STAR: , SILVER BIN (IMO 8827454): ","Australia, Liberia","Fish Catching, Bulk Dry","2000-03-25 00:00","","Marine incident","","0.6 miles W. of Chapman Island light","","1","Australia"
"C0002645","1","ANNANDALE (IMO 8428789)","ANNANDALE (IMO 8428789): ","United Kingdom","Fish Catching","2000-03-23 00:00","","Very serious marine casualty","","North Sea","","1","United Kingdom"
"C0003452","1","LEADER L (IMO 7613076)","LEADER L (IMO 7613076): ","Panama","Bulk Dry","2000-03-23 00:00","","Very serious marine casualty","","360 nm N.E. of Bermuda","","1","Unknown"
"C0002647","1","EGE K (IMO 7429786)","EGE K (IMO 7429786): ","Türkiye","Bulk Dry","2000-03-22 00:00","","Marine casualty","","Towed to Mina Saqr Anchorage","","0",""
"C0002646","1","BOVEC (IMO 7607962)","BOVEC (IMO 7607962): ","Saint Vincent and the Grenadines","Bulk Dry","2000-03-21 00:00","","Marine casualty","","In Tuck Inlet, Prince Rupert Harbour","","0",""
"C0002651","1","TJOTTA (IMO 8811209)","TJOTTA (IMO 8811209): ","Norway","Non-ship structures","2000-03-21 00:00","","Marine casualty","","Struck Quay at Vaagsodden","","0",""
"C0002642","1","SUN ECLIPSE (IMO 7702528)","SUN ECLIPSE (IMO 7702528): ","Bahamas","Passenger/Ro-Ro Cargo","2000-03-21 00:00","","Marine incident","","Towed into Fort Pierce, Florida","","0",""
"C0003125","1","ASIAN HARMONY (IMO 9196486)","ASIAN HARMONY (IMO 9196486): ","Panama","General Cargo","2000-03-20 00:00","","Marine casualty","","Hitachi Port","","0",""
"C0003401","1","PIONEER (IMO 7925613)","PIONEER (IMO 7925613): ","Vanuatu","Bulk Dry","2000-03-20 00:00","","Marine incident","","Baltic Sea","","0",""
"C0003186","2","CELTIC KING (IMO 9182552), DE BOUNTY (IMO 9076442)","CELTIC KING (IMO 9182552): , DE BOUNTY (IMO 9076442): ","United Kingdom, Belgium","Container, Fish Catching","2000-03-19 00:00","","Marine incident","","South of The Smalls traffic separation scheme, SW ","","1","United Kingdom"
"C0002644","1","ANA MERCEDES (IMO 6504125)","ANA MERCEDES (IMO 6504125): ","Saint Vincent and the Grenadines","General Cargo","2000-03-19 00:00","","Very serious marine casualty","","Caribbean Sea","","0",""
"C0002648","1","JUDY LITRICO (IMO 7225855)","JUDY LITRICO (IMO 7225855): ","United States","Bulk Dry","2000-03-19 00:00","","Marine casualty","","North Atlantic Ocean","","0",""
"C0002263","1","BCM ATLANTIC (IMO 7312153)","BCM ATLANTIC (IMO 7312153): ","Canada","Other Fishing","2000-03-18 00:00","","Very serious marine casualty","","130 miles E. of Goose Bay, Labrador","","1","Canada"
"C0003653","2","CHESTER, HAI TENG (IMO 7616327)","CHESTER: , HAI TENG (IMO 7616327): ","Australia, China","Non-ship structures, Bulk Dry","2000-03-18 00:00","","Marine incident","","about 28 miles E. of Mooloolaba","","1","Australia"
"C0002596","1","MILLION PROFIT (IMO 7103124)","MILLION PROFIT (IMO 7103124): ","Panama","Bulk Dry","2000-03-15 00:00","","Marine casualty","","near Hodeidah","","0",""
"C0002640","1","EAST STAR","EAST STAR: ","Egypt","Bulk Dry","2000-03-15 00:00","","Marine casualty","","Near Safaga","","0",""
"C0002639","1","BEAGLE F.I. (IMO 7813119)","BEAGLE F.I. (IMO 7813119): ","United Kingdom","Fish Catching","2000-03-14 00:00","","Marine casualty","","Beauchene Fishing Grounds, South Atlantic Ocean","","0",""
"C0002650","1","PORTO CERVO (IMO 8026177)","PORTO CERVO (IMO 8026177): ","Italy","Bulk Dry","2000-03-13 00:00","","Marine casualty","","Raudbergvika, Norddal District","","0",""
"C0003162","1","FALCO (IMO 6827759)","FALCO (IMO 6827759): ","Panama","Oil Tanker","2000-03-13 00:00","","Marine casualty","","Near Brunsbuttel Locks","","0",""
"C0003652","1","C-JOY","C-JOY: ","Canada","Fish Catching","2000-03-13 00:00","","Marine incident","","Port Alberni, British Columbia","","1","Canada"
"C0003207","2","HUI XING (IMO 7001974), OOCL FIDELITY (IMO 8407319)","HUI XING (IMO 7001974): , OOCL FIDELITY (IMO 8407319): ","China, Liberia","General Cargo, Container","2000-03-11 00:00","","Marine casualty","","about 14 miles East of Waglan Island","","0",""
"C0002656","1","KASTOR TOO (IMO 7628332)","KASTOR TOO (IMO 7628332): ","Cyprus","Bulk Dry","2000-03-10 00:00","","Very serious marine casualty","","Arabian Sea","","0",""
"C0002894","1","SEAFRESH 1 (IMO 7393731)","SEAFRESH 1 (IMO 7393731): ","New Zealand","Fish Catching","2000-03-09 00:00","","Very serious marine casualty","","South Pacific Ocean","","1","New Zealand"
"C0002893","1","SPRING DRAGON (IMO 8220436)","SPRING DRAGON (IMO 8220436): ","Saint Vincent and the Grenadines","Refrigerated Cargo","2000-03-08 00:00","","Marine casualty","","Towed to Rotterdam from Panama Canal","","0",""
"C0003415","1","GADA (IMO 5165489)","GADA (IMO 5165489): ","Egypt","General Cargo","2000-03-08 00:00","","Very serious marine casualty","","Alexandria","","0",""
"C0002655","2","KAPITAN SOROKIN (IMO 7413488), KAPTEN KONGA (IMO 8016665)","KAPITAN SOROKIN (IMO 7413488): , KAPTEN KONGA (IMO 8016665): ","Russian Federation, Estonia","Non-ship structures, General Cargo","2000-03-07 00:00","","Marine casualty","","Gulf of Finland","","0",""
"C0002892","1","OCEAN PRIDE (IMO 7396666)","OCEAN PRIDE (IMO 7396666): ","Norway","General Cargo","2000-03-06 00:00","","Marine casualty","","off Loviisa","","0",""
"C0002654","1","IUGO (IMO 8502195)","IUGO (IMO 8502195): ","Romania","General Cargo","2000-03-04 00:00","","Very serious marine casualty","","North Sea","","0",""
"C0003102","1","HYUNDAI PONGNAE (IMO 7125861)","HYUNDAI PONGNAE (IMO 7125861): ","Panama","Passenger","2000-03-04 00:00","","Marine casualty","","Konsong","","0",""
"C0002657","1","LAVACA","LAVACA: ","United States","Towing / Pushing","2000-03-03 00:00","","Very serious marine casualty","","Lake Charles, Louisiana","","0",""
"C0002895","1","STAR TRADER (IMO 7907879)","STAR TRADER (IMO 7907879): ","Malta","Chemical Tanker","2000-03-03 00:00","","Marine casualty","","Near Palanga","","0",""
"C0002653","1","BOISTERENCE (IMO 8131142)","BOISTERENCE (IMO 8131142): ","Bahamas","General Cargo","2000-03-02 00:00","","Marine casualty","","Towed to Plymouth","","0",""
"C0003123","1","JOHANN SCHULTE (IMO 9155341)","JOHANN SCHULTE (IMO 9155341): ","Isle of Man (United Kingdom)","Non-ship structures","2000-03-02 00:00","","Very serious marine casualty","","Mid Atlantic Ocean","","1","Unknown"
"C0003106","1","STORFOSNA (IMO 6614530)","STORFOSNA (IMO 6614530): ","Bahamas","General Cargo","2000-03-01 00:00","","Marine casualty","","Near Vingsand-holm, Osen","","0",""
"C0003192","2","HEKHANIK YUZVOVICH, ORIENT CARP (IMO 9172387)","HEKHANIK YUZVOVICH: , ORIENT CARP (IMO 9172387): ","Unknown, Panama",", Bulk Dry","2000-03-01 00:00","","Marine casualty","","Diliskelesi","","0",""
"C0002963","1","MULTI TRADER (IMO 7615622)","MULTI TRADER (IMO 7615622): ","Saint Vincent and the Grenadines","General Cargo","2000-03-01 00:00","","Marine casualty","","North Atlantic Sea","","0",""
"C0003079","2","DAIAN MARU (IMO 9109471), MARINE CHEMIST (IMO 9179488)","DAIAN MARU (IMO 9109471): , MARINE CHEMIST (IMO 9179488): ","Japan, Panama","Towing / Pushing, Oil Tanker","2000-03-01 00:00","","Marine casualty","","","","0",""
"C0002652","2","BI JIANG (IMO 8400414), YAYASAN DUA (IMO 7915436)","BI JIANG (IMO 8400414): , YAYASAN DUA (IMO 7915436): ","China, Malaysia","General Cargo, General Cargo","2000-03-01 00:00","","Marine casualty","","Outer Anchorage","","0",""
"C0003458","1","GOLDEN DRAGON (IMO 8224028)","GOLDEN DRAGON (IMO 8224028): ","Cambodia","General Cargo","2000-03-01 00:00","","Very serious marine casualty","","South China Sea","","0",""
"C0003434","2","HYAKUCHI MARU NO. 2, TOKUA MARU (IMO 7934937)","HYAKUCHI MARU NO. 2: , TOKUA MARU (IMO 7934937): ","Unknown, Japan",", Other Bulk Dry","2000-02-29 00:00","","Marine casualty","","Kudako Channel, Nakajimacho, Ehime pref.","","0",""
"C0003319","2","CAP  D'ORCANIE 2, GRANDE EUROPA (IMO 9138381)","CAP  D'ORCANIE 2: , GRANDE EUROPA (IMO 9138381): ","France, Malta","Fish Catching, Non-ship structures","2000-02-29 00:00","","Marine incident","","English Channel","","0",""
"C0002262","2","COLOMIN, MURRAY (IMO 7514438)","COLOMIN: , MURRAY (IMO 7514438): ","Spain, Cyprus","Fish Catching, General Cargo","2000-02-29 00:00","","Marine incident","","South of Gabo de Gata","","0",""
"C0003132","1","CALIFORNIA JUPITER (IMO 8605662)","CALIFORNIA JUPITER (IMO 8605662): ","Liberia","Container","2000-02-29 00:00","","Marine casualty","","Bergen Point, Newark","","0",""
"C0002964","1","STAVRAETOS (IMO 7716646)","STAVRAETOS (IMO 7716646): ","Cyprus","General Cargo","2000-02-28 00:00","","Marine casualty","","Indian Ocean","","0",""
"C0002956","1","BEAR G (IMO 7922180)","BEAR G (IMO 7922180): ","Bahamas","Non-ship structures","2000-02-28 00:00","","Marine casualty","","130 miles ESE of Kingston, Jamaica","","0",""
"C0002962","1","ANTARCTIC (IMO 8221595)","ANTARCTIC (IMO 8221595): ","Bahamas","Refrigerated Cargo","2000-02-27 00:00","","Marine casualty","","Norwegian Sea","","0",""
"C0002965","1","STOLT OTOME (IMO 9031739)","STOLT OTOME (IMO 9031739): ","Panama","Chemical Tanker","2000-02-25 00:00","","Marine casualty","","Great Barrier Reef","","0",""
"C0003091","1","MSC CARMEN (IMO 7712561)","MSC CARMEN (IMO 7712561): ","Panama","Container","2000-02-25 00:00","","Marine casualty","","San Georges Bank, Bordeaux","","0",""
"C0003138","2","ELISABETH CHRISTINA (IMO 9012599), TROMSO RELIANCE (IMO 9000510)","ELISABETH CHRISTINA (IMO 9012599): , TROMSO RELIANCE (IMO 9000510): ","Netherlands (Kingdom of), Liberia","Fish Catching, Oil Tanker","2000-02-25 00:00","","Marine casualty","","North Sea","","0",""
"C0003390","1","KINGSTON (IMO 6806224)","KINGSTON (IMO 6806224): ","Finland","Fish Catching","2000-02-25 00:00","","Very serious marine casualty","","N. of Aland Islands, Baltic Sea","","0",""
"C0002954","1","LOVISA GORTHON (IMO 7724526)","LOVISA GORTHON (IMO 7724526): ","Sweden","Passenger/Ro-Ro Cargo","2000-02-24 00:00","","Marine casualty","","South of Haugesund, North Sea","","0",""
"C0002955","1","VITASTAR (IMO 7530420)","VITASTAR (IMO 7530420): ","Cyprus","Bulk Dry","2000-02-24 00:00","","Marine casualty","","English Channel","","0",""
"C0002966","1","VESTKYST (IMO 5058040)","VESTKYST (IMO 5058040): ","Norway","General Cargo","2000-02-23 00:00","","Very serious marine casualty","","Kvinnheradfjorden, near Heroysund","","0",""
"C0003156","1","OPPORTUNE","OPPORTUNE: ","United Kingdom","Fish Catching","2000-02-23 00:00","","Very serious marine casualty","","North Sea","","1","United Kingdom"
"C0003104","1","TOISA MARINER (IMO 7623916)","TOISA MARINER (IMO 7623916): ","Bahamas","Non-ship structures","2000-02-21 00:00","","Marine casualty","","Macae","","0",""
"C0002959","1","HOORBAI II (IMO 6714873)","HOORBAI II (IMO 6714873): ","Mozambique","General Cargo","2000-02-21 00:00","","Very serious marine casualty","","Between berths 2 and 3, Beira port","","0",""
"C0002961","1","LINA STAR (IMO 6700913)","LINA STAR (IMO 6700913): ","Syrian Arab Republic","General Cargo","2000-02-21 00:00","","Very serious marine casualty","","Vatika Bay, Neapolis Voion","","0",""
"C0003392","1","JESSICA ANN (IMO 7933921)","JESSICA ANN (IMO 7933921): ","United States","Fish Catching","2000-02-20 00:00","","Very serious marine casualty","","2 miles S.E. of Cape Elizabeth, Maine","","0",""
"C0002958","2","CHANG FENG (IMO 7212341), FRONT COMMANDER (IMO 9174397)","CHANG FENG (IMO 7212341): , FRONT COMMANDER (IMO 9174397): ","China, Bahamas","Bulk Dry, Oil Tanker","2000-02-19 00:00","","Marine casualty","","South China Sea","","0",""
"C0002960","2","LAM SON-04 (IMO 8868185), PALEMBANG CARAKA JAYA NIAGA III-37","LAM SON-04 (IMO 8868185): , PALEMBANG CARAKA JAYA NIAGA III-37: ","Viet Nam, Unknown","General Cargo, Container","2000-02-18 00:00","","Very serious marine casualty","","20 nm off Hon Dau Island, South China Sea","","0",""
"C0003092","1","MSC ALEXANDRA (IMO 8509375)","MSC ALEXANDRA (IMO 8509375): ","Panama","Bulk Dry","2000-02-18 00:00","","Marine casualty","","Schelde River","","0",""
"C0003201","2","CHINA SPIRIT (IMO 9041019), EL FLAMENCO (IMO 8802935)","CHINA SPIRIT (IMO 9041019): , EL FLAMENCO (IMO 8802935): ","Liberia, Panama","Bulk Dry, Bulk Dry","2000-02-18 00:00","","Marine casualty","","Mississippi River","","0",""
"C0002952","1","THOR EMILIE (IMO 7431674)","THOR EMILIE (IMO 7431674): ","Denmark","General Cargo","2000-02-17 00:00","","Very serious marine casualty","","Mediterranean Sea","","1","Denmark"
"C0002957","2","DAE WOONG NO. 5 (IMO 7355765), SHINWOO NO. 111 (IMO 9033775)","DAE WOONG NO. 5 (IMO 7355765): , SHINWOO NO. 111 (IMO 9033775): ","Republic of Korea, Republic of Korea","Fish Catching, Fish Catching","2000-02-16 00:00","","Very serious marine casualty","","South Atlantic Ocean","","0",""
"C0002951","2","ESPRESSO CATANIA (IMO 9031686), ZAFIR (IMO 8125246)","ESPRESSO CATANIA (IMO 9031686): , ZAFIR (IMO 8125246): ","Italy, Portugal","Passenger, General Cargo","2000-02-15 00:00","","Very serious marine casualty","","Gulf of Squillace","","1","Unknown"
"C0002949","1","CAROUSEL (IMO 7027411)","CAROUSEL (IMO 7027411): ","Bahamas","Passenger","2000-02-13 00:00","","Very serious marine casualty","","Cozumel Island, Caribbean Sea","","0",""
"C0002950","1","DISHARI (IMO 7509823)","DISHARI (IMO 7509823): ","Bangladesh","Non-ship structures","2000-02-11 00:00","","Marine casualty","","Mathla Ghat, River Sitlakhya Narayanganj","","0",""
"C0003174","1","MAKRI GREEN","MAKRI GREEN: ","Netherlands (Kingdom of)","General Cargo","2000-02-11 00:00","","Marine casualty","","0.3 miles off Isla Punta Chica","","0",""
"C0002948","1","AMERICAN STAR (IMO 8851601)","AMERICAN STAR (IMO 8851601): ","United States","Fish Catching","2000-02-11 00:00","","Very serious marine casualty","","About 8 miles S.E. of Unimak Island, North Pacific","","0",""
"C0002947","1","TINA C (IMO 7365928)","TINA C (IMO 7365928): ","Barbados","General Cargo","2000-02-10 00:00","","Marine casualty","","Off Birkenhead Docks","","0",""
"C0002940","1","FAKTOR (IMO 7128485)","FAKTOR (IMO 7128485): ","Norway","General Cargo","2000-02-10 00:00","","Marine casualty","","Between Staarheim and Isane, in Nordfjorden","","0",""
"C0002941","1","GHAREB (IMO 7367586)","GHAREB (IMO 7367586): ","Belize","Towing / Pushing","2000-02-10 00:00","","Very serious marine casualty","","In Umm Al-Dalkh oilfield, off Abu Dhabi","","0",""
"C0003202","2","ALTAMONTE (IMO 8508577), FAREAST EXPRESS (IMO 9015278)","ALTAMONTE (IMO 8508577): , FAREAST EXPRESS (IMO 9015278): ","Philippines, Panama","Bulk Dry, Passenger/Ro-Ro Cargo","2000-02-09 00:00","","Marine casualty","","","","0",""
"C0003378","2","BARENTS SEA (IMO 9192258), SEA WASP","BARENTS SEA (IMO 9192258): , SEA WASP: ","Panama, Australia","Oil Tanker, Non-ship structures","2000-02-09 00:00","","Marine incident","","off Botany Bay","","1","Australia"
"C0002945","1","SUPERFERRY 3 (IMO 7204538)","SUPERFERRY 3 (IMO 7204538): ","Philippines","Passenger/Ro-Ro Cargo","2000-02-08 00:00","","Marine casualty","","Cebu Shipyards","","0",""
"C0002938","1","ASKA","ASKA: ","Japan","Non-ship structures","2000-02-08 00:00","","Marine casualty","","Sea of Harima, Murotsu, Awajishima","","0",""
"C0003193","1","SUN CHALLENGER (IMO 9159311)","SUN CHALLENGER (IMO 9159311): ","Panama","Chemical Tanker","2000-02-08 00:00","","Marine casualty","","Nagoya, BW Wharf","","0",""
"C0003105","1","TEEKAY FAVOUR (IMO 7924358)","TEEKAY FAVOUR (IMO 7924358): ","Bahamas","Non-ship structures","2000-02-08 00:00","","Marine casualty","","Rotterdam","","0",""
"C0002939","1","EL CABALLO GRANDE (IMO 7200130)","EL CABALLO GRANDE (IMO 7200130): ","Vanuatu","Towing / Pushing","2000-02-06 00:00","","Very serious marine casualty","","Gulf of Venezuela","","1","Vanuatu"
"C0003009","2","GREVENO (IMO 7631573), LIA (IMO 8400933)","GREVENO (IMO 7631573): , LIA (IMO 8400933): ","Greece, Liberia","Bulk Dry, Oil Tanker","2000-02-05 00:00","","Marine casualty","","Piraeus","","0",""
"C0002943","1","MISS RONDONIA","MISS RONDONIA: ","Unknown","Non-ship structures","2000-02-04 00:00","","Very serious marine casualty","","Rio Para, near Belem","","0",""
"C0003093","1","ASIAN PARADE (IMO 9122954)","ASIAN PARADE (IMO 9122954): ","Panama","Non-ship structures","2000-02-02 00:00","","Marine casualty","","Codling Bank, Off Dublin","","2","Ireland; Panama"
"C0003076","1","PEP NAUTIC","PEP NAUTIC: ","Saint Vincent and the Grenadines","Bulk Dry","2000-02-01 00:00","","Marine casualty","","outside Luanda","","0",""
"C0002942","1","INTAN 6","INTAN 6: ","Indonesia","Non-ship structures","2000-02-01 00:00","","Very serious marine casualty","","Indian Ocean","","0",""
"C0002946","1","SEEKER","SEEKER: ","United States","Fish Catching","2000-02-01 00:00","","Marine casualty","","Off Chatham, Massachussets","","0",""
"C0002930","1","ALMA (IMO 7431246)","ALMA (IMO 7431246): ","Malta","General Cargo","2000-02-01 00:00","","Marine casualty","","Salamis Island, Mediterranean Sea","","0",""
"C0002944","1","SEASPAN 175","SEASPAN 175: ","Canada","Non-ship structures","2000-01-31 00:00","","Marine casualty","","North Pacific Ocean","","0",""
"C0003075","1","MILFORD EAGLE (IMO 5134686)","MILFORD EAGLE (IMO 5134686): ","United Kingdom","Fish Catching","2000-01-31 00:00","","Marine casualty","","North Atlantic Ocean","","0",""
"C0003382","1","ENAP I (IMO 7305887)","ENAP I (IMO 7305887): ","Chile","Passenger/Ro-Ro Cargo","2000-01-31 00:00","","Very serious marine casualty","","Punta Atracadero, near Gente Grande Bay, Tierra de","","1","Chile"
"C0003317","1","FJORD (IMO 7521924)","FJORD (IMO 7521924): ","Panama","Non-ship structures","2000-01-31 00:00","","Marine casualty","","","","0",""
"C0003077","1","SLETREAL (IMO 8224420)","SLETREAL (IMO 8224420): ","Liberia","Oil Tanker","2000-01-30 00:00","","Very serious marine casualty","","Cadernas","","0",""
"C0002937","1","TRANSMAR (IMO 9167332)","TRANSMAR (IMO 9167332): ","Isle of Man (United Kingdom)","General Cargo","2000-01-29 00:00","","Marine casualty","","in the Baltic (Gulf of Bothnia), off Port of Vaasa","","1","United Kingdom"
"C0002933","1","RUI DA (IMO 7530535)","RUI DA (IMO 7530535): ","Saint Vincent and the Grenadines","General Cargo","2000-01-27 00:00","","Very serious marine casualty","","South China Sea","","0",""
"C0002935","1","YIAW YANG (IMO 7724863)","YIAW YANG (IMO 7724863): ","Malaysia","General Cargo","2000-01-27 00:00","","Very serious marine casualty","","South China Sea","","0",""
"C0002936","1","FREEDOM EXPRESS","FREEDOM EXPRESS: ","Panama","General Cargo","2000-01-27 00:00","","Marine casualty","","Miami River","","0",""
"C0003124","1","PHOENIX SEVEN (IMO 9170913)","PHOENIX SEVEN (IMO 9170913): ","Panama","General Cargo","2000-01-27 00:00","","Very serious marine casualty","","East China Sea","","0",""
"C0002929","2","ALEKSANDR ARZHAVKIN (IMO 8805535), ILKER KARTEL","ALEKSANDR ARZHAVKIN (IMO 8805535): , ILKER KARTEL: ","Ukraine, Türkiye","Refrigerated Cargo, Non-ship structures","2000-01-26 00:00","","Marine casualty","","Kabatas","","0",""
"C0002931","1","DON MARTIN (IMO 8425892)","DON MARTIN (IMO 8425892): ","Philippines","Non-ship structures","2000-01-26 00:00","","Marine casualty","","Bohol sea area (between Mindanao Island and Cebu)","","0",""
"C0002932","1","KYUNG CHUN (IMO 8223490)","KYUNG CHUN (IMO 8223490): ","Republic of Korea","Refrigerated Cargo","2000-01-26 00:00","","Marine casualty","","East of Dolores, Philippines","","0",""
"C0002620","1","CARMEN FABIANA (IMO 6901505)","CARMEN FABIANA (IMO 6901505): ","Venezuela (Bolivarian Republic of)","General Cargo","2000-01-26 00:00","","Marine casualty","","Carribean Sea","","0",""
"C0002926","1","AL JAZYA 1","AL JAZYA 1: ","Honduras","Oil Tanker","2000-01-24 00:00","","Very serious marine casualty","","Off Abu Dhabi, The Gulf","","0",""
"C0003088","1","TEKNIK PUTRA (IMO 7803334)","TEKNIK PUTRA (IMO 7803334): ","Panama","Research","2000-01-24 00:00","","Marine casualty","","Horn Island","","0",""
"C0003095","1","MIN NOBLE (IMO 7929968)","MIN NOBLE (IMO 7929968): ","Panama","Bulk Dry","2000-01-24 00:00","","Marine casualty","","Port Mohammad Bin Qasim","","0",""
"C0003175","1","WILLY (IMO 8502145)","WILLY (IMO 8502145): ","Netherlands (Kingdom of)","General Cargo","2000-01-24 00:00","","Marine casualty","","Sumatra Kade, Amsterdam","","0",""
"C0003396","2","ARIAKE (IMO 7417551), REDCLIFFE (IMO 8501397)","ARIAKE (IMO 7417551): , REDCLIFFE (IMO 8501397): ","United Kingdom, Australia","Container, Towing / Pushing","2000-01-24 00:00","","Marine casualty","","Brisbane River, Queensland","","1","Australia"
"C0003179","1","SALVINIA (IMO 8521490)","SALVINIA (IMO 8521490): ","Netherlands (Kingdom of)","General Cargo","2000-01-22 00:00","","Very serious marine casualty","","Cork Harbour","","0",""
"C0003173","1","FRIESLAND (IMO 8515300)","FRIESLAND (IMO 8515300): ","Netherlands (Kingdom of)","Fish Catching","2000-01-22 00:00","","Very serious marine casualty","","North Atlantic Ocean","","0",""
"C0002928","2","DECURION (IMO 8302545), MSC GIOVANNA (IMO 7120342)","DECURION (IMO 8302545): , MSC GIOVANNA (IMO 7120342): ","Liberia, Panama","Bulk Dry, Container","2000-01-21 00:00","","Marine casualty","","Off Cape Town","","0",""
"C0003464","1","ABDUL KADER (IMO 5163340)","ABDUL KADER (IMO 5163340): ","Syrian Arab Republic","General Cargo","2000-01-21 00:00","","Marine casualty","","Lattakia","","0",""
"C0002927","1","BULKGENOVA (IMO 8521177)","BULKGENOVA (IMO 8521177): ","Italy","Bulk Dry","2000-01-20 00:00","","Marine casualty","","Eastern Canal Bank at Km 94","","0",""
"C0002975","1","UNKNOWN","UNKNOWN: ","Unknown","General Cargo","2000-01-20 00:00","","Very serious marine casualty","","East China Sea","","0",""
"C0002934","1","SOVEREIGN MAERSK (IMO 9120841)","SOVEREIGN MAERSK (IMO 9120841): ","Denmark","Container","2000-01-19 18:52","","Marine casualty","","North Pacific Ocean","Open sea","1","Unknown"
"C0003194","1","SAGA SKY (IMO 9144354)","SAGA SKY (IMO 9144354): ","Panama","General Cargo","2000-01-19 00:00","","Marine casualty","","Port of Matane","","0",""
"C0003196","2","CORAL HIGHWAY (IMO 8612299), UNKNOWN","CORAL HIGHWAY (IMO 8612299): , UNKNOWN: ","Panama, Unknown","Non-ship structures, ","2000-01-19 00:00","","Marine casualty","","","","0",""
"C0003630","1","CAST PRIVILEGE (IMO 7529122)","CAST PRIVILEGE (IMO 7529122): ","Bermuda (United Kingdom)","Container","2000-01-19 00:00","","Marine casualty","","off Pointe St Jean, île d'Orléans, Québec","","0",""
"C0003383","1","PANDA I (IMO 8837710)","PANDA I (IMO 8837710): ","Indonesia","Passenger/Ro-Ro Cargo","2000-01-18 00:00","","Very serious marine casualty","","5 miles S.W. of Ujung Kulonam","","0",""
"C0003074","1","REYENNE","REYENNE: ","Russian Federation","Fish Catching","2000-01-18 00:00","","Marine casualty","","Sea of Okhotsk","","0",""
"C0003070","1","ALUTRANS (IMO 7301489)","ALUTRANS (IMO 7301489): ","Norway","General Cargo","2000-01-17 00:00","","Marine casualty","","S of Aalesund, Norway","","0",""
"C0003189","1","BARBARA PALACIOS (IMO 9117492)","BARBARA PALACIOS (IMO 9117492): ","Panama","Oil Tanker","2000-01-17 00:00","","Marine casualty","","Terminal Marino El Palito, Estado Carabobo","","0",""
"C0003071","1","CINCOBULK (IMO 8843836)","CINCOBULK (IMO 8843836): ","Norway","General Cargo","2000-01-16 00:00","","Marine casualty","","S of Iceland, North Atlantic Ocean","","0",""
"C0003012","1","ROSS ALCEDO (IMO 7326037)","ROSS ALCEDO (IMO 7326037): ","United Kingdom","Fish Catching","2000-01-16 00:00","","Marine casualty","","32 miles N.W. of the Isles of Scilly","","1","United Kingdom"
"C0003073","1","MEMEL","MEMEL: ","Antigua and Barbuda","General Cargo","2000-01-15 00:00","","Marine casualty","","Bay of Biscay","","0",""
"C0003094","1","FRATERNITY WISDOM","FRATERNITY WISDOM: ","Panama","General Cargo","2000-01-15 00:00","","Marine casualty","","Bisan Seto S. Fairway","","0",""
"C0002923","1","RICHA (IMO 7364089)","RICHA (IMO 7364089): ","India","Chemical Tanker","2000-01-15 00:00","","Marine casualty","","Bay of Bengal","","0",""
"C0002924","1","TORM BROOKLYN (IMO 8421963)","TORM BROOKLYN (IMO 8421963): ","Greece","General Cargo","2000-01-15 00:00","","Marine casualty","","800 miles SE of Bermuda","","0",""
"C0003313","1","HORIZONTE CLARO (IMO 7512387)","HORIZONTE CLARO (IMO 7512387): ","Spain","Fish Catching","2000-01-15 00:00","","Marine incident","","Lochinver Harbour entrance","","0",""
"C0003475","1","SEA CAP XII","SEA CAP XII: ","Canada","Towing / Pushing","2000-01-15 00:00","","Marine incident","","Knight Street Bridge, North arm of the Fraser Rive","","1","Canada"
"C0003072","2","CYNTHIA HARMONY (IMO 9104500), SEASPAN COMMODORE (IMO 7343683)","CYNTHIA HARMONY (IMO 9104500): , SEASPAN COMMODORE (IMO 7343683): ","Philippines, Canada","Bulk Dry, Towing / Pushing","2000-01-14 00:00","","Marine casualty","","Juan de Fuca Strait, British Columbia","","0",""
"C0003103","1","BONITA LIGHT (IMO 7932587)","BONITA LIGHT (IMO 7932587): ","Liberia","Bulk Dry","2000-01-14 00:00","","Very serious marine casualty","","Off Dakar","","0",""
"C0002925","1","VIVEROS IV (IMO 8871388)","VIVEROS IV (IMO 8871388): ","Panama","General Cargo","2000-01-13 00:00","","Very serious marine casualty","","Breakwater Bocas de Ceniza, Barranquilla","","0",""
"C0003155","2","NORDHEIM (IMO 7501807), PASADENA UNIVERSAL (IMO 8213586)","NORDHEIM (IMO 7501807): , PASADENA UNIVERSAL (IMO 8213586): ","Cyprus, Cayman Islands (United Kingdom)","Bulk Dry, Refrigerated Cargo","2000-01-12 00:00","","Marine casualty","","Dover Strait","","1","United Kingdom"
"C0003060","1","GODWIND","GODWIND: ","Unknown","Container","2000-01-12 00:00","","Marine casualty","","North Sea","","0",""
"C0003069","1","SOLWAY HARVESTER (IMO 8952974)","SOLWAY HARVESTER (IMO 8952974): ","United Kingdom","Fish Catching","2000-01-11 17:45","","Very serious marine casualty","54° 05.85' N 4° 09.87' W","11 miles S.-E. of the Isle of Man","","1","United Kingdom"
"C0003061","1","GRAND ARABELLA (IMO 7516589)","GRAND ARABELLA (IMO 7516589): ","Liberia","Non-ship structures","2000-01-11 00:00","","Very serious marine casualty","","50 miles off coast of Oman, Gulf of Aden, Arabian ","","1","Liberia"
"C0003062","1","HALGAFELLI (IMO 8325626)","HALGAFELLI (IMO 8325626): ","Faroes, Denmark","Non-ship structures","2000-01-11 00:00","","Very serious marine casualty","","N. of Anda Light, Vesteraalen Islands","","1","Faroes, Denmark"
"C0003141","1","CELEBRATION (IMO 8314134)","CELEBRATION (IMO 8314134): ","Liberia","Passenger","2000-01-11 00:00","","Marine casualty","","Caribbean Sea","","0",""
"C0003064","1","KLIPPERGRACHT (IMO 8213732)","KLIPPERGRACHT (IMO 8213732): ","Netherlands (Kingdom of)","General Cargo","2000-01-10 00:00","","Marine casualty","","W side of Channel to Cobh, Cork","","0",""
"C0003066","1","MATTHEOS (IMO 7363645)","MATTHEOS (IMO 7363645): ","Honduras","General Cargo","2000-01-10 00:00","","Very serious marine casualty","","Kalamata port","","0",""
"C0003381","1","SARATOGA (IMO 7922001)","SARATOGA (IMO 7922001): ","Cyprus","Refrigerated Cargo","2000-01-10 00:00","","Marine casualty","","Havana Roads","","0",""
"C0003393","1","OTLIV (IMO 7740609)","OTLIV (IMO 7740609): ","Russian Federation","Fish Catching","2000-01-10 00:00","","Very serious marine casualty","","Sea of Japan","","0",""
"C0003314","1","MADELEINE","MADELEINE: ","Canada","Non-ship structures","2000-01-10 00:00","","Marine incident","","10 nm off Cap aux Meules, Ile de la Madeleine","","0",""
"C0003318","2","MSC DYMPHNA (IMO 8608195), THORN","MSC DYMPHNA (IMO 8608195): , THORN: ","Panama, Belgium","Container, Fish Catching","2000-01-09 00:00","","Marine casualty","","Strait of Dover","","0",""
"C0003068","1","QUISINDAN","QUISINDAN: ","Spain","Fish Catching","2000-01-09 00:00","","Very serious marine casualty","","19 miles N. of Oporto, Portugal","","0",""
"C0003058","1","AUDRE (IMO 9113056)","AUDRE (IMO 9113056): ","Lithuania","General Cargo","2000-01-09 00:00","","Marine casualty","","Strait of Canakkale","","0",""
"C0003059","1","CORMO EXPRESS (IMO 7627845)","CORMO EXPRESS (IMO 7627845): ","Netherlands (Kingdom of)","Non-ship structures","2000-01-09 00:00","","Marine casualty","","Indian Ocean","","0",""
"C0003101","1","ELISABETH CLIPPER (IMO 8207410)","ELISABETH CLIPPER (IMO 8207410): ","Denmark","General Cargo","2000-01-09 00:00","","Marine casualty","","","","0",""
"C0002953","1","TIMBER TRADER 1","TIMBER TRADER 1: ","Panama","Bulk Dry","2000-01-08 00:00","","Marine casualty","","Baltic Sea","","0",""
"C0003063","2","INDUSTRIAL CENTURY (IMO 9193800), J. MARION SKY (IMO 9001344)","INDUSTRIAL CENTURY (IMO 9193800): , J. MARION SKY (IMO 9001344): ","Antigua and Barbuda, Singapore","General Cargo, Bulk Dry","2000-01-07 00:00","","Very serious marine casualty","","100 miles W.N.W. of Grand Cayman Is.","","2","Antigua and Barbuda; Singapore"
"C0003053","1","BARONEN (IMO 9103764)","BARONEN (IMO 9103764): ","Norway","Non-ship structures","2000-01-05 00:00","","Marine casualty","","Near Ruanane Light, off Flesland","","0",""
"C0003312","1","PAGODA (IMO 8801527)","PAGODA (IMO 8801527): ","Liberia","Oil Tanker","2000-01-04 00:00","","Marine incident","","Port Everglades","","0",""
"C0003455","1","CORAH ANN (IMO 5239383)","CORAH ANN (IMO 5239383): ","Belize","General Cargo","2000-01-04 00:00","","Very serious marine casualty","","off the coast of Honduras","","0",""
"C0003057","1","WOOYANG GLORY (IMO 9033854)","WOOYANG GLORY (IMO 9033854): ","Panama","General Cargo","2000-01-03 00:00","","Marine casualty","","Off Mutsure Island, North Pacific Ocean","","0",""
"C0003056","1","TIKSY (IMO 8948210)","TIKSY (IMO 8948210): ","Cambodia","General Cargo","2000-01-02 00:00","","Very serious marine casualty","","Black Sea, 30 miles off Tuapse","","0",""
"C0003052","1","AIS MAMAS (IMO 7527588)","AIS MAMAS (IMO 7527588): ","Cyprus","Bulk Dry","2000-01-01 00:00","","Marine casualty","","About 45 miles NW of Cape Columbine","","0",""