RIG_NAME,RIG_TYPE,RIG_STATUS,OWNER,OPERATOR,IMO_NUMBER,FLAG_STATE,WATER_DEPTH_RATING_FT,DRILLING_DEPTH_RATING_FT,MAX_WATER_DEPTH_FT,LOA_M,BEAM_M,DISPLACEMENT_TONNES,MOONPOOL_DIAMETER_M,DP_CLASS,YEAR_BUILT,WELLS_DRILLED_COUNT,LAST_WAR_DATE,FIRST_WAR_DATE,LAST_AREA_CODE,LAST_BLOCK_NUMBER,DATA_SOURCE,IS_OFFSHORE,VESSEL_NAME,VESSEL_CATEGORY,RIG_DESIGN,DATA_SOURCE_URL,HULL_FORM_TYPE,HULL_LIBRARY_REF,DRAFT_M,DIMENSION_CONFIDENCE,DEPTH_M,MOONPOOL_LENGTH_M,MOONPOOL_WIDTH_M,VARIABLE_DECK_LOAD_ST,HOOKLOAD_RATING_KIPS,SETBACK_CAPACITY_KIPS,LEG_LENGTH_FT,CANTILEVER_REACH_FT,SPUD_CAN_DIAMETER_FT
PRIDE ARKANSAS,jack_up,,,,,,,,164.0,70.0,76.0,16000.0,,,,31.0,9/7/1999,1/10/1998,MP,,bsee_war,True,PRIDE ARKANSAS,drilling_rig,,,jackup,jackup_70m,5.5,generic,,,,,,,,,
#2 CARAVEL PROSPECT,unknown,,,,,,,,,,,,,,,1.0,6/3/2000,4/8/2000,WC,,bsee_war,True,#2 CARAVEL PROSPECT,drilling_rig,,,,,,,,,,,,,,,
&P 108,unknown,,,,,,,,,,,,,,,1.0,12/8/2000,11/30/2000,SP,,bsee_war,True,&P 108,drilling_rig,,,,,,,,,,,,,,,
* ANCHOR HANDLING VESSEL,support_vessel,,,,,,,,,,,,,,,10.0,7/2/2015 11:59:00 PM,10/10/2015,AT,,bsee_war,True,* ANCHOR HANDLING VESSEL,drilling_rig,,,,,,,,,,,,,,,
* BARGE RIG TO BE DETERMINED,inland_barge,,,,,,,,,90.0,27.0,12000.0,,,,200.0,9/8/2018 11:59:00 PM,1/10/2017,SS,,bsee_war,True,* BARGE RIG TO BE DETERMINED,drilling_rig,,,barge,barge_90m,5.0,generic,,,,,,,,,
* BARGE TO BE DETERMINED,inland_barge,,,,,,,,,90.0,27.0,12000.0,,,,44.0,9/29/2025 11:59:00 PM,1/2/2026,SS,,bsee_war,True,* BARGE TO BE DETERMINED,drilling_rig,,,barge,barge_90m,5.0,generic,,,,,,,,,
COIL TUBING UNIT,coil_tubing_unit,,,,,,,,3232.0,,,,,,,67.0,9/4/2004,1/11/2005,GB,,bsee_war,True,COIL TUBING UNIT,drilling_rig,,,,,,,,,,,,,,,
* COIL TUBING UNIT (HOUMA #2),coil_tubing_unit,,,,,,,,,,,,,,,17.0,9/24/2011 11:59:00 PM,1/13/2013 12:01:00 AM,GC,,bsee_war,True,* COIL TUBING UNIT (HOUMA #2),drilling_rig,,,,,,,,,,,,,,,
* COIL TUBING UNIT (HOUMA #3),coil_tubing_unit,,,,,,,,,,,,,,,2.0,2/2/2013 11:59:00 PM,1/20/2013 12:01:00 AM,SS,,bsee_war,True,* COIL TUBING UNIT (HOUMA #3),drilling_rig,,,,,,,,,,,,,,,
* COIL TUBING UNIT (HOUMA #4),coil_tubing_unit,,,,,,,,,,,,,,,1.0,3/8/2014 11:59:00 PM,2/17/2014,ST,,bsee_war,True,* COIL TUBING UNIT (HOUMA #4),drilling_rig,,,,,,,,,,,,,,,
* COIL TUBING UNIT (HOUMA DIST,coil_tubing_unit,,,,,,,,,,,,,,,302.0,9/8/2012 11:59:00 PM,1/1/2012 12:01:00 AM,BM,,bsee_war,True,* COIL TUBING UNIT (HOUMA DIST,drilling_rig,,,,,,,,,,,,,,,
* COIL TUBING UNIT (L.C. #2),coil_tubing_unit,,,,,,,,,,,,,,,4.0,7/7/2012 11:59:00 PM,1/11/2016,SM,,bsee_war,True,* COIL TUBING UNIT (L.C. #2),drilling_rig,,,,,,,,,,,,,,,
* COIL TUBING UNIT (L.C. DIST),coil_tubing_unit,,,,,,,,,,,,,,,110.0,9/8/2014 11:59:00 PM,1/1/2012 12:01:00 AM,VR,,bsee_war,True,* COIL TUBING UNIT (L.C. DIST),drilling_rig,,,,,,,,,,,,,,,
* COIL TUBING UNIT (L.J. #2),coil_tubing_unit,,,,,,,,,,,,,,,2.0,7/7/2012 11:59:00 PM,6/1/2012,HI,,bsee_war,True,* COIL TUBING UNIT (L.J. #2),drilling_rig,,,,,,,,,,,,,,,
* COIL TUBING UNIT (L.J. #3),coil_tubing_unit,,,,,,,,,,,,,,,1.0,5/19/2013 11:59:00 PM,5/19/2013 12:01:00 AM,HI,,bsee_war,True,* COIL TUBING UNIT (L.J. #3),drilling_rig,,,,,,,,,,,,,,,
* COIL TUBING UNIT (L.J. DIST),coil_tubing_unit,,,,,,,,,,,,,,,108.0,9/9/2017 11:59:00 PM,1/1/2012 12:01:00 AM,HI,,bsee_war,True,* COIL TUBING UNIT (L.J. DIST),drilling_rig,,,,,,,,,,,,,,,
* COIL TUBING UNIT (LAF #2),coil_tubing_unit,,,,,,,,,,,,,,,5.0,9/7/2013 11:59:00 PM,1/11/2015 12:01:00 AM,EI,,bsee_war,True,* COIL TUBING UNIT (LAF #2),drilling_rig,,,,,,,,,,,,,,,
* COIL TUBING UNIT (LAF DIST),coil_tubing_unit,,,,,,,,,,,,,,,156.0,9/8/2012 11:59:00 PM,1/10/2016 12:01:00 AM,EI,,bsee_war,True,* COIL TUBING UNIT (LAF DIST),drilling_rig,,,,,,,,,,,,,,,
* COIL TUBING UNIT (N.O. #2),coil_tubing_unit,,,,,,,,,,,,,,,4.0,6/8/2013 11:59:00 PM,10/18/2016,MP,,bsee_war,True,* COIL TUBING UNIT (N.O. #2),drilling_rig,,,,,,,,,,,,,,,
* COIL TUBING UNIT (N.O. #3),coil_tubing_unit,,,,,,,,,,,,,,,1.0,5/9/2015 11:59:00 PM,3/31/2015,MO,,bsee_war,True,* COIL TUBING UNIT (N.O. #3),drilling_rig,,,,,,,,,,,,,,,
* COIL TUBING UNIT (N.O. DIST),coil_tubing_unit,,,,,,,,,,,,,,,277.0,9/9/2017 11:59:00 PM,1/1/2012 12:01:00 AM,GI,,bsee_war,True,* COIL TUBING UNIT (N.O. DIST),drilling_rig,,,,,,,,,,,,,,,
DIVE SUPPORT VESSEL (DSV),support_vessel,,,,,,,,,,,,,,,145.0,9/9/2019 11:59:00 PM,1/10/2010 12:01:00 AM,SS,,bsee_war,True,DIVE SUPPORT VESSEL (DSV),drilling_rig,,,,,,,,,,,,,,,
* DP SEMI RIG TO BE DETERMINED,unknown,,,,,,,,,,,,,,,9.0,9/22/2014 11:59:00 PM,10/13/2013 12:01:00 AM,MC,,bsee_war,True,* DP SEMI RIG TO BE DETERMINED,drilling_rig,,,,,,,,,,,,,,,
* DRILL SHIP TO BE DETERMINED,unknown,,,,,,,,,,,,,,,1.0,5/17/2014 11:59:00 PM,5/13/2014,MC,,bsee_war,True,* DRILL SHIP TO BE DETERMINED,drilling_rig,,,,,,,,,,,,,,,
* EEB Generic Inspection Facility,unknown,,,,,,,,,,,,,,,1.0,3/12/2023 11:59:00 PM,3/11/2023,MC,,bsee_war,True,* EEB Generic Inspection Facility,drilling_rig,,,,,,,,,,,,,,,
GENERIC COIL TUBING UNIT,coil_tubing_unit,,,,,,,,,,,,,,,8.0,9/6/2004,1/10/2010 12:01:00 AM,BA,,bsee_war,True,GENERIC COIL TUBING UNIT,drilling_rig,,,,,,,,,,,,,,,
* GENERIC PIPELINE CONSTRUCTION VESSEL,support_vessel,,,,,,,,,,,,,,,14.0,9/2/2023 11:59:00 PM,1/11/2024,GC,,bsee_war,True,* GENERIC PIPELINE CONSTRUCTION VESSEL,drilling_rig,,,,,,,,,,,,,,,
* GENERIC SNUBBING UNIT,snubbing_unit,,,,,,,,,,,,,,,1.0,6/26/2014 11:59:00 PM,6/15/2014,MC,,bsee_war,True,* GENERIC SNUBBING UNIT,drilling_rig,,,,,,,,,,,,,,,
HYDRAULIC WORKOVER UNIT,snubbing_unit,,,,,,,,262.0,,,,,,,4.0,9/4/2004,10/2/2005,EI,,bsee_war,True,HYDRAULIC WORKOVER UNIT,drilling_rig,,,,,,,,,,,,,,,
* HYDRAULIC WORKOVER UNIT      HO#2,snubbing_unit,,,,,,,,,,,,,,,1.0,8/8/2013 11:59:00 PM,8/1/2013,GC,,bsee_war,True,* HYDRAULIC WORKOVER UNIT      HO#2,drilling_rig,,,,,,,,,,,,,,,
* HYDRAULIC WORKOVER UNIT (ALTERNATE),snubbing_unit,,,,,,,,,,,,,,,1.0,12/7/2013 11:59:00 PM,1/12/2014 12:01:00 AM,EW,,bsee_war,True,* HYDRAULIC WORKOVER UNIT (ALTERNATE),drilling_rig,,,,,,,,,,,,,,,
* HYDRAULIC WORKOVER UNIT (HO),snubbing_unit,,,,,,,,,,,,,,,93.0,9/9/2017 11:59:00 PM,1/1/2012 12:01:00 AM,MC,,bsee_war,True,* HYDRAULIC WORKOVER UNIT (HO),drilling_rig,,,,,,,,,,,,,,,
* HYDRAULIC WORKOVER UNIT (LAF,snubbing_unit,,,,,,,,,,,,,,,15.0,9/28/2014 11:59:00 PM,1/10/2016 12:01:00 AM,SM,,bsee_war,True,* HYDRAULIC WORKOVER UNIT (LAF,drilling_rig,,,,,,,,,,,,,,,
* HYDRAULIC WORKOVER UNIT (LC),snubbing_unit,,,,,,,,,,,,,,,22.0,9/8/2012 11:59:00 PM,1/1/2012 12:01:00 AM,SM,,bsee_war,True,* HYDRAULIC WORKOVER UNIT (LC),drilling_rig,,,,,,,,,,,,,,,
* HYDRAULIC WORKOVER UNIT (LJ),snubbing_unit,,,,,,,,129.0,,,,,,,26.0,9/7/2013 11:59:00 PM,1/1/2012 12:01:00 AM,EB,,bsee_war,True,* HYDRAULIC WORKOVER UNIT (LJ),drilling_rig,,,,,,,,,,,,,,,
* HYDRAULIC WORKOVER UNIT (NO),snubbing_unit,,,,,,,,,,,,,,,70.0,9/9/2017 11:59:00 PM,1/1/2012 12:01:00 AM,MC,,bsee_war,True,* HYDRAULIC WORKOVER UNIT (NO),drilling_rig,,,,,,,,,,,,,,,
* HYDRAULIC WORKOVER UNIT HO#3,snubbing_unit,,,,,,,,,,,,,,,1.0,3/21/2013 11:59:00 PM,3/20/2013,ST,,bsee_war,True,* HYDRAULIC WORKOVER UNIT HO#3,drilling_rig,,,,,,,,,,,,,,,
* HYDRAULIC WORKOVER UNIT LJ#2,snubbing_unit,,,,,,,,,,,,,,,2.0,2/4/2012 11:59:00 PM,1/1/2012 12:01:00 AM,HI,,bsee_war,True,* HYDRAULIC WORKOVER UNIT LJ#2,drilling_rig,,,,,,,,,,,,,,,
* HYDRAULIC WORKOVER UNIT NO#2,snubbing_unit,,,,,,,,,,,,,,,1.0,7/21/2012 11:59:00 PM,7/19/2012,VR,,bsee_war,True,* HYDRAULIC WORKOVER UNIT NO#2,drilling_rig,,,,,,,,,,,,,,,
* JACKUP RIG TO BE DETERMINED,unknown,,,,,,,,,,,,,,,2.0,8/24/2019 11:59:00 PM,4/13/2011,EC,,bsee_war,True,* JACKUP RIG TO BE DETERMINED,drilling_rig,,,,,,,,,,,,,,,
LIFT BOAT,lift_boat,,,,,,,,325.0,70.0,76.0,16000.0,,,,134.0,9/7/2003,1/1/2006,BA,,bsee_war,True,LIFT BOAT,drilling_rig,,,jackup,jackup_70m,5.5,generic,,,,,,,,,
* LIFT BOAT (HOUMA #2),lift_boat,,,,,,,,,70.0,76.0,16000.0,,,,16.0,9/5/2015 11:59:00 PM,10/16/2011 12:01:00 AM,SS,,bsee_war,True,* LIFT BOAT (HOUMA #2),drilling_rig,,,jackup,jackup_70m,5.5,generic,,,,,,,,,
* LIFT BOAT (HOUMA #3),lift_boat,,,,,,,,,70.0,76.0,16000.0,,,,2.0,9/7/2013 11:59:00 PM,1/22/2012,ST,,bsee_war,True,* LIFT BOAT (HOUMA #3),drilling_rig,,,jackup,jackup_70m,5.5,generic,,,,,,,,,
* LIFT BOAT (HOUMA DIST),lift_boat,,,,,,,,,70.0,76.0,16000.0,,,,400.0,9/9/2017 11:59:00 PM,1/1/2012 12:01:00 AM,SS,,bsee_war,True,* LIFT BOAT (HOUMA DIST),drilling_rig,,,jackup,jackup_70m,5.5,generic,,,,,,,,,
* LIFT BOAT (L.C.#2),lift_boat,,,,,,,,,70.0,76.0,16000.0,,,,6.0,9/8/2012 11:59:00 PM,10/10/2012,EC,,bsee_war,True,* LIFT BOAT (L.C.#2),drilling_rig,,,jackup,jackup_70m,5.5,generic,,,,,,,,,
* LIFT BOAT (L.C.#3),lift_boat,,,,,,,,,70.0,76.0,16000.0,,,,6.0,9/3/2016 11:59:00 PM,10/16/2016 12:01:00 AM,VR,,bsee_war,True,* LIFT BOAT (L.C.#3),drilling_rig,,,jackup,jackup_70m,5.5,generic,,,,,,,,,
* LIFT BOAT (L.J. #2)),lift_boat,,,,,,,,,70.0,76.0,16000.0,,,,8.0,8/8/2015 11:59:00 PM,1/4/2016,MI,,bsee_war,True,* LIFT BOAT (L.J. #2)),drilling_rig,,,jackup,jackup_70m,5.5,generic,,,,,,,,,
* LIFT BOAT (L.J. #3),lift_boat,,,,,,,,,70.0,76.0,16000.0,,,,3.0,9/9/2016 11:59:00 PM,10/12/2014 12:01:00 AM,HI,,bsee_war,True,* LIFT BOAT (L.J. #3),drilling_rig,,,jackup,jackup_70m,5.5,generic,,,,,,,,,
* LIFT BOAT (LAF #2),lift_boat,,,,,,,,,70.0,76.0,16000.0,,,,3.0,3/19/2015 11:59:00 PM,10/30/2014,EC,,bsee_war,True,* LIFT BOAT (LAF #2),drilling_rig,,,jackup,jackup_70m,5.5,generic,,,,,,,,,
* LIFT BOAT (LAF #3),lift_boat,,,,,,,,,70.0,76.0,16000.0,,,,1.0,12/4/2015 11:59:00 PM,11/29/2015,EI,,bsee_war,True,* LIFT BOAT (LAF #3),drilling_rig,,,jackup,jackup_70m,5.5,generic,,,,,,,,,
* LIFT BOAT (LAFAYETTE DIST),lift_boat,,,,,,,,,70.0,76.0,16000.0,,,,192.0,9/9/2017 11:59:00 PM,1/10/2016,SM,,bsee_war,True,* LIFT BOAT (LAFAYETTE DIST),drilling_rig,,,jackup,jackup_70m,5.5,generic,,,,,,,,,
* LIFT BOAT (LAKE CHARLES DIST,lift_boat,,,,,,,,,70.0,76.0,16000.0,,,,331.0,9/9/2017 11:59:00 PM,1/1/2012,VR,,bsee_war,True,* LIFT BOAT (LAKE CHARLES DIST,drilling_rig,,,jackup,jackup_70m,5.5,generic,,,,,,,,,
* LIFT BOAT (LAKE JACKSON),lift_boat,,,,,,,,89.0,70.0,76.0,16000.0,,,,143.0,9/6/2015,1/10/2013,HI,,bsee_war,True,* LIFT BOAT (LAKE JACKSON),drilling_rig,,,jackup,jackup_70m,5.5,generic,,,,,,,,,
* LIFT BOAT (N.O. #2),lift_boat,,,,,,,,,70.0,76.0,16000.0,,,,4.0,10/7/2016 11:59:00 PM,10/2/2016 12:01:00 AM,WD,,bsee_war,True,* LIFT BOAT (N.O. #2),drilling_rig,,,jackup,jackup_70m,5.5,generic,,,,,,,,,
* LIFT BOAT (N.O. #3),lift_boat,,,,,,,,,70.0,76.0,16000.0,,,,3.0,9/8/2012 11:59:00 PM,3/29/2015 12:01:00 AM,MO,,bsee_war,True,* LIFT BOAT (N.O. #3),drilling_rig,,,jackup,jackup_70m,5.5,generic,,,,,,,,,
* LIFT BOAT (NEW ORLEANS DIST),lift_boat,,,,,,,,,70.0,76.0,16000.0,,,,343.0,9/9/2017 11:59:00 PM,1/1/2012 12:01:00 AM,GI,,bsee_war,True,* LIFT BOAT (NEW ORLEANS DIST),drilling_rig,,,jackup,jackup_70m,5.5,generic,,,,,,,,,
* NONE RIG PA OPERATION,unknown,,,,,,,,,,,,,,,333.0,9/9/2017 11:59:00 PM,1/1/2012 12:01:00 AM,EC,,bsee_war,True,* NONE RIG PA OPERATION,drilling_rig,,,,,,,,,,,,,,,
* NONE RIG PA OPERATION (HOUMA,unknown,,,,,,,,,,,,,,,102.0,9/7/2013 11:59:00 PM,1/12/2014 12:01:00 AM,SS,,bsee_war,True,* NONE RIG PA OPERATION (HOUMA,drilling_rig,,,,,,,,,,,,,,,
* NONE RIG PA OPERATION (LAF),unknown,,,,,,,,,,,,,,,114.0,9/6/2014 11:59:00 PM,1/10/2016 12:01:00 AM,SM,,bsee_war,True,* NONE RIG PA OPERATION (LAF),drilling_rig,,,,,,,,,,,,,,,
* NONE RIG PA OPERATION (LC),unknown,,,,,,,,,,,,,,,249.0,9/9/2016 11:59:00 PM,1/12/2014 12:01:00 AM,WC,,bsee_war,True,* NONE RIG PA OPERATION (LC),drilling_rig,,,,,,,,,,,,,,,
* NONE RIG PA OPERATION (LJ),unknown,,,,,,,,208.0,,,,,,,269.0,9/9/2017 11:59:00 PM,1/1/2012 12:01:00 AM,HI,,bsee_war,True,* NONE RIG PA OPERATION (LJ),drilling_rig,,,,,,,,,,,,,,,
* NONE RIG PA OPERATION (NO),unknown,,,,,,,,,,,,,,,8.0,7/3/2017 11:59:00 PM,6/11/2017,WD,,bsee_war,True,* NONE RIG PA OPERATION (NO),drilling_rig,,,,,,,,,,,,,,,
* PLATFORM RIG TO BE DETERMINED,platform_rig,,,,,,,,,,,,,,,7.0,9/7/2013 11:59:00 PM,10/13/2013 12:01:00 AM,HI,,bsee_war,True,* PLATFORM RIG TO BE DETERMINED,drilling_rig,,,,,,,,,,,,,,,
SNUBBING UNIT,snubbing_unit,,,,,,,,860.0,,,,,,,37.0,9/7/2003,1/10/2003,MU,,bsee_war,True,SNUBBING UNIT,drilling_rig,,,,,,,,,,,,,,,
* SNUBBING UNIT (HOUMA #2),snubbing_unit,,,,,,,,,,,,,,,1.0,8/1/2013 11:59:00 PM,7/22/2013,GC,,bsee_war,True,* SNUBBING UNIT (HOUMA #2),drilling_rig,,,,,,,,,,,,,,,
* SNUBBING UNIT (HOUMA DIST),snubbing_unit,,,,,,,,,,,,,,,9.0,9/24/2016 11:59:00 PM,10/16/2016 12:01:00 AM,ST,,bsee_war,True,* SNUBBING UNIT (HOUMA DIST),drilling_rig,,,,,,,,,,,,,,,
* SNUBBING UNIT (L.C. DIST),snubbing_unit,,,,,,,,,,,,,,,8.0,9/5/2015 11:59:00 PM,10/11/2015 12:01:00 AM,WC,,bsee_war,True,* SNUBBING UNIT (L.C. DIST),drilling_rig,,,,,,,,,,,,,,,
* SNUBBING UNIT (L.J. DIST),snubbing_unit,,,,,,,,,,,,,,,9.0,9/7/2013 11:59:00 PM,1/12/2014 12:01:00 AM,EC,,bsee_war,True,* SNUBBING UNIT (L.J. DIST),drilling_rig,,,,,,,,,,,,,,,
* SNUBBING UNIT (LAF DIST),snubbing_unit,,,,,,,,,,,,,,,9.0,9/19/2016 11:59:00 PM,10/11/2015 12:01:00 AM,EI,,bsee_war,True,* SNUBBING UNIT (LAF DIST),drilling_rig,,,,,,,,,,,,,,,
* SNUBBING UNIT (N.O.DIST),snubbing_unit,,,,,,,,,,,,,,,5.0,6/7/2013 11:59:00 PM,2/12/2012 12:01:00 AM,MP,,bsee_war,True,* SNUBBING UNIT (N.O.DIST),drilling_rig,,,,,,,,,,,,,,,
UNSPECIFIED - DO NOT DELETE,unknown,,,,,,,,,,,,,,,16.0,9/3/2011 11:59:00 PM,1/1/2012 12:01:00 AM,SS,,bsee_war,True,UNSPECIFIED - DO NOT DELETE,drilling_rig,,,,,,,,,,,,,,,
* WIRELINE (GENERIC),wireline_unit,,,,,,,,,,,,,,,2.0,9/6/2015 11:59:00 PM,9/2/2015,SM,,bsee_war,True,* WIRELINE (GENERIC),drilling_rig,,,,,,,,,,,,,,,
WIRELINE UNIT,wireline_unit,,,,,,,,940.0,,,,,,,197.0,9/7/2003,1/1/2006,SM,,bsee_war,True,WIRELINE UNIT,drilling_rig,,,,,,,,,,,,,,,
* WIRELINE UNIT (HOUMA #2),wireline_unit,,,,,,,,,,,,,,,70.0,9/8/2012 11:59:00 PM,1/11/2015 12:01:00 AM,PL,,bsee_war,True,* WIRELINE UNIT (HOUMA #2),drilling_rig,,,,,,,,,,,,,,,
* WIRELINE UNIT (HOUMA #3),wireline_unit,,,,,,,,,,,,,,,2.0,2/16/2014 11:59:00 PM,1/8/2012 12:01:00 AM,SS,,bsee_war,True,* WIRELINE UNIT (HOUMA #3),drilling_rig,,,,,,,,,,,,,,,
* WIRELINE UNIT (HOUMA #5),wireline_unit,,,,,,,,,,,,,,,1.0,5/1/2014 11:59:00 PM,3/30/2014,SS,,bsee_war,True,* WIRELINE UNIT (HOUMA #5),drilling_rig,,,,,,,,,,,,,,,
* WIRELINE UNIT (HOUMA DIST),wireline_unit,,,,,,,,,,,,,,,885.0,9/9/2017 11:59:00 PM,1/1/2012,SS,,bsee_war,True,* WIRELINE UNIT (HOUMA DIST),drilling_rig,,,,,,,,,,,,,,,
* WIRELINE UNIT (L.C.#2),wireline_unit,,,,,,,,,,,,,,,17.0,8/9/2014 11:59:00 PM,1/31/2015,WC,,bsee_war,True,* WIRELINE UNIT (L.C.#2),drilling_rig,,,,,,,,,,,,,,,
* WIRELINE UNIT (L.C.#3),wireline_unit,,,,,,,,,,,,,,,1.0,8/27/2012 11:59:00 PM,8/12/2012 12:01:00 AM,EC,,bsee_war,True,* WIRELINE UNIT (L.C.#3),drilling_rig,,,,,,,,,,,,,,,
* WIRELINE UNIT (L.C.DIST),wireline_unit,,,,,,,,,,,,,,,555.0,9/9/2017 11:59:00 PM,1/1/2012 12:01:00 AM,GB,,bsee_war,True,* WIRELINE UNIT (L.C.DIST),drilling_rig,,,,,,,,,,,,,,,
* WIRELINE UNIT (L.J.#2),wireline_unit,,,,,,,,,,,,,,,40.0,9/8/2012 11:59:00 PM,1/22/2013,MI,,bsee_war,True,* WIRELINE UNIT (L.J.#2),drilling_rig,,,,,,,,,,,,,,,
* WIRELINE UNIT (L.J.#3),wireline_unit,,,,,,,,,,,,,,,8.0,7/28/2014 11:59:00 PM,11/11/2012 12:01:00 AM,HI,,bsee_war,True,* WIRELINE UNIT (L.J.#3),drilling_rig,,,,,,,,,,,,,,,
* WIRELINE UNIT (L.J.DIST),wireline_unit,,,,,,,,,,,,,,,388.0,9/9/2017 11:59:00 PM,1/1/2014,GA,,bsee_war,True,* WIRELINE UNIT (L.J.DIST),drilling_rig,,,,,,,,,,,,,,,
* WIRELINE UNIT (LAF #2),wireline_unit,,,,,,,,,,,,,,,37.0,9/7/2013 11:59:00 PM,1/11/2015 12:01:00 AM,SM,,bsee_war,True,* WIRELINE UNIT (LAF #2),drilling_rig,,,,,,,,,,,,,,,
* WIRELINE UNIT (LAF #3),wireline_unit,,,,,,,,,,,,,,,2.0,3/8/2014 11:59:00 PM,3/16/2014 12:01:00 AM,SM,,bsee_war,True,* WIRELINE UNIT (LAF #3),drilling_rig,,,,,,,,,,,,,,,
* WIRELINE UNIT (LAF DIST),wireline_unit,,,,,,,,,,,,,,,592.0,9/9/2017 11:59:00 PM,1/1/2017,EI,,bsee_war,True,* WIRELINE UNIT (LAF DIST),drilling_rig,,,,,,,,,,,,,,,
* WIRELINE UNIT (N.O. #2),wireline_unit,,,,,,,,,,,,,,,14.0,9/7/2013 11:59:00 PM,10/13/2013 12:01:00 AM,WD,,bsee_war,True,* WIRELINE UNIT (N.O. #2),drilling_rig,,,,,,,,,,,,,,,
* WIRELINE UNIT (N.O. #3),wireline_unit,,,,,,,,,,,,,,,7.0,9/26/2015 11:59:00 PM,1/1/2012 12:01:00 AM,GI,,bsee_war,True,* WIRELINE UNIT (N.O. #3),drilling_rig,,,,,,,,,,,,,,,
* WIRELINE UNIT (N.O.DIST),wireline_unit,,,,,,,,,,,,,,,825.0,9/9/2017 11:59:00 PM,1/1/2012 12:01:00 AM,SP,,bsee_war,True,* WIRELINE UNIT (N.O.DIST),drilling_rig,,,,,,,,,,,,,,,
** RIG TO BE DETERMINED,unknown,,,,,,,,,,,,,,,24.0,9/4/2004,1/1/2008,GB,,bsee_war,True,** RIG TO BE DETERMINED,drilling_rig,,,,,,,,,,,,,,,
** RIG TO BE DETERMINED DP SEMI,unknown,,,,,,,,,,,,,,,3.0,9/4/2010 11:59:00 PM,10/10/2010 12:01:00 AM,ST,,bsee_war,True,** RIG TO BE DETERMINED DP SEMI,drilling_rig,,,,,,,,,,,,,,,
",AROME 300",unknown,,,,,,,,,,,,,,,1.0,11/30/2001,11/17/2001,ST,,bsee_war,True,",AROME 300",drilling_rig,,,,,,,,,,,,,,,
",SV Q4000",semi_submersible,,,,,,,,1042.0,104.0,78.0,45000.0,,,,1.0,9/16/2003,9/10/2003,GC,,bsee_war,True,",SV Q4000",drilling_rig,,,semi_sub,semi_sub_100m,21.0,generic,,,,,,,,,
SL,wireline_unit,,,,,,,,341.0,,,,,,,58.0,9/9/2003,1/12/2004,MP,,bsee_war,True,SL,drilling_rig,,,,,,,,,,,,,,,
1004 E,unknown,,,,,,,,,,,,,,,1.0,6/4/2000,5/22/2000,EB,,bsee_war,True,1004 E,drilling_rig,,,,,,,,,,,,,,,
11-JUN-2002,unknown,,,,,,,,,,,,,,,1.0,6/19/2002,6/11/2002,EI,,bsee_war,True,11-JUN-2002,drilling_rig,,,,,,,,,,,,,,,
14000,unknown,,,,,,,,,,,,,,,1.0,7/4/2003,6/28/2003,EI,,bsee_war,True,14000,drilling_rig,,,,,,,,,,,,,,,
21MAR90,unknown,,,,,,,,1438.0,,,,,,,1.0,5/6/2006,3/28/2006,MC,,bsee_war,True,21MAR90,drilling_rig,,,,,,,,,,,,,,,
23514,unknown,,,,,,,,,,,,,,,1.0,7/8/2002,6/25/2002,GB,,bsee_war,True,23514,drilling_rig,,,,,,,,,,,,,,,
30BLE AMOS RUNNER,jack_up,,,,,,,,,70.0,76.0,16000.0,,,,1.0,11/30/2002,11/27/2002,AT,,bsee_war,True,30BLE AMOS RUNNER,drilling_rig,,,jackup,jackup_70m,5.5,generic,,,,,,,,,
3NSCO 98,jack_up,,,,,,,,,70.0,76.0,16000.0,,,,1.0,7/14/2000,4/8/2000,VR,,bsee_war,True,3NSCO 98,drilling_rig,,,jackup,jackup_70m,5.5,generic,,,,,,,,,
41EP,unknown,,,,,,,,,,,,,,,1.0,9/26/1999,10/11/1999,HI,,bsee_war,True,41EP,drilling_rig,,,,,,,,,,,,,,,
6025,unknown,,,,,,,,,,,,,,,1.0,11/3/2000,10/14/2000,EI,,bsee_war,True,6025,drilling_rig,,,,,,,,,,,,,,,
ACHILLES,jack_up,,,,,,,,,70.0,76.0,16000.0,,,,3.0,8/7/1998,1/10/1998,PL,,bsee_war,True,ACHILLES,drilling_rig,,,jackup,jackup_70m,5.5,generic,,,,,,,,,
ADIATIC IV,jack_up,,,,,,,,,70.0,76.0,16000.0,,,,2.0,2/7/2002,1/13/2002,MP,,bsee_war,True,ADIATIC IV,drilling_rig,,,jackup,jackup_70m,5.5,generic,,,,,,,,,
ADIRATIC III,jack_up,,,,,,,,,70.0,76.0,16000.0,,,,1.0,4/7/2003,4/1/2003,GI,,bsee_war,True,ADIRATIC III,drilling_rig,,,jackup,jackup_70m,5.5,generic,,,,,,,,,
ADRIATIC,jack_up,,,,,,,,,70.0,76.0,16000.0,,,,2.0,4/21/2000,10/30/2000,EI,,bsee_war,True,ADRIATIC,drilling_rig,,,jackup,jackup_70m,5.5,generic,,,,,,,,,
ADRIATIC 11,jack_up,,,,,,,,,70.0,76.0,16000.0,,,,1.0,7/3/2000,3/14/2000,WC,,bsee_war,True,ADRIATIC 11,drilling_rig,,,jackup,jackup_70m,5.5,generic,,,,,,,,,
ADRIATIC 111,jack_up,,,,,,,,,70.0,76.0,16000.0,,,,1.0,7/6/2001,5/26/2001,SS,,bsee_war,True,ADRIATIC 111,drilling_rig,,,jackup,jackup_70m,5.5,generic,,,,,,,,,
ADRIATIC II,jack_up,,,,,,,,300.0,70.0,76.0,16000.0,,,,47.0,9/8/2003,1/1/2002,WC,,bsee_war,True,ADRIATIC II,drilling_rig,,,jackup,jackup_70m,5.5,generic,,,,,,,,,
ADRIATIC III,jack_up,,,,,,,,315.0,70.0,76.0,16000.0,,,,21.0,9/7/2000,1/1/2006,SS,,bsee_war,True,ADRIATIC III,drilling_rig,,,jackup,jackup_70m,5.5,generic,,,,,,,,,
ADRIATIC IV,jack_up,,,,,,,,68.0,70.0,76.0,16000.0,,,,27.0,9/8/2002,1/20/2003,SM,,bsee_war,True,ADRIATIC IV,drilling_rig,,,jackup,jackup_70m,5.5,generic,,,,,,,,,
ADRIATIC IX,jack_up,,,,,,,,,70.0,76.0,16000.0,,,,15.0,9/24/2000,1/13/2001,SP,,bsee_war,True,ADRIATIC IX,drilling_rig,,,jackup,jackup_70m,5.5,generic,,,,,,,,,
ADRIATIC X,jack_up,,,,,,,,230.0,70.0,76.0,16000.0,,,,10.0,9/28/2003,10/13/2003,VR,,bsee_war,True,ADRIATIC X,drilling_rig,,,jackup,jackup_70m,5.5,generic,,,,,,,,,
AL BREAUX,jack_up,,,,,,,,,70.0,76.0,16000.0,,,,1.0,2/5/2001,1/30/2001,SS,,bsee_war,True,AL BREAUX,drilling_rig,,,jackup,jackup_70m,5.5,generic,,,,,,,,,
ALABAMA,jack_up,,,,,,,,,70.0,76.0,16000.0,,,,1.0,9/4/1998,10/31/1998,EC,,bsee_war,True,ALABAMA,drilling_rig,,,jackup,jackup_70m,5.5,generic,,,,,,,,,
ALASKA,jack_up,,,,,,,,,70.0,76.0,16000.0,,,,7.0,9/4/1998,1/10/1998,PN,,bsee_war,True,ALASKA,drilling_rig,,,jackup,jackup_70m,5.5,generic,,,,,,,,,
AMBERJACK/EL,wireline_unit,,,,,,,,,,,,,,,1.0,12/4/2001,11/21/2001,SS,,bsee_war,True,AMBERJACK/EL,drilling_rig,,,,,,,,,,,,,,,
AMERICAN CONSTITUTION,support_vessel,,,,,,,,,,,,,,,2.0,6/7/1999,5/25/1999,MP,,bsee_war,True,AMERICAN CONSTITUTION,drilling_rig,,,,,,,,,,,,,,,
AMERICAN CONSTITUTION D. BOAT,support_vessel,,,,,,,,538.0,,,,,,,1.0,10/20/2003,10/14/2003,EC,,bsee_war,True,AMERICAN CONSTITUTION D. BOAT,drilling_rig,,,,,,,,,,,,,,,
AMERICAN CONSTITUTION DIVE BOA,support_vessel,,,,,,,,288.0,,,,,,,2.0,2/23/2004,11/11/2003,WD,,bsee_war,True,AMERICAN CONSTITUTION DIVE BOA,drilling_rig,,,,,,,,,,,,,,,
T.O. AMIRANTE,jack_up,,,,,,,,,70.0,76.0,16000.0,,,,25.0,9/9/2006 11:59:00 PM,1/10/2010 12:01:00 AM,GB,,bsee_war,True,T.O. AMIRANTE,drilling_rig,,,jackup,jackup_70m,5.5,generic,,,,,,,,,
AMOS RUNNER,jack_up,,,,,,,,5257.0,70.0,76.0,16000.0,,,,36.0,9/8/2003,1/11/2002,EI,,bsee_war,True,AMOS RUNNER,drilling_rig,,,jackup,jackup_70m,5.5,generic,,,,,,,,,
ANCHORAGE,jack_up,,,,,,,,,70.0,76.0,16000.0,,,,1.0,7/6/1998,5/27/1998,MP,,bsee_war,True,ANCHORAGE,drilling_rig,,,jackup,jackup_70m,5.5,generic,,,,,,,,,
APPLIED SNUBBING TECH #103,snubbing_unit,,,,,,,,,,,,,,,1.0,2/27/1999,2/23/1999,WD,,bsee_war,True,APPLIED SNUBBING TECH #103,drilling_rig,,,,,,,,,,,,,,,
ARAPAHOE (LIFT BOAT),lift_boat,,,,,,,,35.0,70.0,76.0,16000.0,,,,1.0,6/5/2004,5/29/2004,EC,,bsee_war,True,ARAPAHOE (LIFT BOAT),drilling_rig,,,jackup,jackup_70m,5.5,generic,,,,,,,,,
ARCH ROWAN,jack_up,,,,,,,,210.0,70.0,76.0,16000.0,,,,21.0,9/7/2003,1/13/2003,EI,,bsee_war,True,ARCH ROWAN,drilling_rig,,,jackup,jackup_70m,5.5,generic,,,,,,,,,
ARCH ROWAN 37,jack_up,,,,,,,,100.0,70.0,76.0,16000.0,,,,2.0,7/3/2004,5/16/2004,SS,,bsee_war,True,ARCH ROWAN 37,drilling_rig,,,jackup,jackup_70m,5.5,generic,,,,,,,,,
ARCTIC 1,jack_up,,,,,,,,1494.0,70.0,76.0,16000.0,,,,5.0,6/2/2002,12/7/1999,GC,,bsee_war,True,ARCTIC 1,drilling_rig,,,jackup,jackup_70m,5.5,generic,,,,,,,,,
ARCTIC I,jack_up,,,,,,,,,70.0,76.0,16000.0,,,,2.0,9/6/1999,1/14/2002,MC,,bsee_war,True,ARCTIC I,drilling_rig,,,jackup,jackup_70m,5.5,generic,,,,,,,,,
ARCTOC 1,jack_up,,,,,,,,,70.0,76.0,16000.0,,,,1.0,12/20/1999,12/14/1999,GB,,bsee_war,True,ARCTOC 1,drilling_rig,,,jackup,jackup_70m,5.5,generic,,,,,,,,,
ARIES RAM XI L.BOAT/FALCON PHO,lift_boat,,,,,,,,,70.0,76.0,16000.0,,,,1.0,4/12/2000,3/18/2000,HI,,bsee_war,True,ARIES RAM XI L.BOAT/FALCON PHO,drilling_rig,,,jackup,jackup_70m,5.5,generic,,,,,,,,,
ARRIATIC IV,jack_up,,,,,,,,,70.0,76.0,16000.0,,,,1.0,1/5/2003,1/13/2003,VR,,bsee_war,True,ARRIATIC IV,drilling_rig,,,jackup,jackup_70m,5.5,generic,,,,,,,,,
ARRIATIC IVV,jack_up,,,,,,,,,70.0,76.0,16000.0,,,,1.0,12/8/2002,12/16/2002,VR,,bsee_war,True,ARRIATIC IVV,drilling_rig,,,jackup,jackup_70m,5.5,generic,,,,,,,,,
ARTIC 1,jack_up,,,,,,,,,70.0,76.0,16000.0,,,,1.0,6/9/2002,6/10/2002,GB,,bsee_war,True,ARTIC 1,drilling_rig,,,jackup,jackup_70m,5.5,generic,,,,,,,,,
ARTIC I,jack_up,,,,,,,,2370.0,70.0,76.0,16000.0,,,,2.0,8/3/2003,3/3/1999,MC,,bsee_war,True,ARTIC I,drilling_rig,,,jackup,jackup_70m,5.5,generic,,,,,,,,,
AST SNUBBING UNIT #104,snubbing_unit,,,,,,,,,,,,,,,1.0,1/3/1999,1/12/1999,ST,,bsee_war,True,AST SNUBBING UNIT #104,drilling_rig,,,,,,,,,,,,,,,
ATTWOOD HUNTER,jack_up,,,,,,,,,70.0,76.0,16000.0,,,,13.0,9/6/1998,1/10/2000,GC,,bsee_war,True,ATTWOOD HUNTER,drilling_rig,,,jackup,jackup_70m,5.5,generic,,,,,,,,,
ATTWOOD OCEANIC RICHMOND,semi_submersible,,,,,,,,,104.0,78.0,45000.0,,,,1.0,3/6/2000,1/11/2000,EI,,bsee_war,True,ATTWOOD OCEANIC RICHMOND,drilling_rig,,,semi_sub,semi_sub_100m,21.0,generic,,,,,,,,,
ATTWOOD OCEANICKS RICHMOND,semi_submersible,,,,,,,,,104.0,78.0,45000.0,,,,1.0,4/5/2000,10/12/1999,EI,,bsee_war,True,ATTWOOD OCEANICKS RICHMOND,drilling_rig,,,semi_sub,semi_sub_100m,21.0,generic,,,,,,,,,
"ATTWOOD OCEANICS ""RICHMOND""",semi_submersible,,,,,,,,,104.0,78.0,45000.0,,,,1.0,12/6/1999,11/22/1999,EI,,bsee_war,True,"ATTWOOD OCEANICS ""RICHMOND""",drilling_rig,,,semi_sub,semi_sub_100m,21.0,generic,,,,,,,,,
ATTWOOD RICHMOND,jack_up,,,,,,,,,70.0,76.0,16000.0,,,,6.0,9/3/1998,1/2/1998,WC,,bsee_war,True,ATTWOOD RICHMOND,drilling_rig,,,jackup,jackup_70m,5.5,generic,,,,,,,,,
ATWOOD ADVANTAGE,semi_submersible,,,,,,,,,104.0,78.0,45000.0,,,,11.0,9/6/2015,1/10/2016 12:01:00 AM,GC,,bsee_war,True,ATWOOD ADVANTAGE,drilling_rig,,,semi_sub,semi_sub_100m,21.0,generic,,,,,,,,,
ATWOOD CONDOR,semi_submersible,,,,,,,,,104.0,78.0,45000.0,,,,27.0,9/6/2014 11:59:00 PM,1/1/2017 12:01:00 AM,MC,,bsee_war,True,ATWOOD CONDOR,drilling_rig,,,semi_sub,semi_sub_100m,21.0,generic,,,,,,,,,
ATWOOD HUNTER,semi_submersible,,,,,,5000.0,25000.0,5000.0,88.39,75.19,,,,1981.0,7.0,7/8/2001,1/1/2001,GC,,bsee_war,True,ATWOOD HUNTER,drilling_rig,,,semi_sub,semi_sub_90m,,,,,,,,,,,
ATWOOD RICHMOND,semi_submersible,,,,,,,,50.0,104.0,78.0,45000.0,,,,58.0,9/9/2006 11:59:00 PM,1/1/2006 12:01:00 AM,EI,,bsee_war,True,ATWOOD RICHMOND,drilling_rig,,,semi_sub,semi_sub_100m,21.0,generic,,,,,,,,,
ATWOOD RICHMONG,semi_submersible,,,,,,,,12.0,104.0,78.0,45000.0,,,,1.0,9/4/2004,8/1/2004,EI,,bsee_war,True,ATWOOD RICHMONG,drilling_rig,,,semi_sub,semi_sub_100m,21.0,generic,,,,,,,,,
ATWOODRICHMOND,semi_submersible,,,,,,,,17.0,104.0,78.0,45000.0,,,,1.0,3/27/2004,3/21/2004,VR,,bsee_war,True,ATWOODRICHMOND,drilling_rig,,,semi_sub,semi_sub_100m,21.0,generic,,,,,,,,,
AUGER,platform_rig,,,,,,,,,,,,,,,26.0,9/8/2007 11:59:00 PM,1/10/2010 12:01:00 AM,GB,,bsee_war,True,AUGER,drilling_rig,,,,,,,,,,,,,,,
AUGER TLP,platform_rig,,,,,,,,,,,,,,,19.0,9/9/2002,1/10/2000,GB,,bsee_war,True,AUGER TLP,drilling_rig,,,,,,,,,,,,,,,
B/A,unknown,,,,,,,,,,,,,,,1.0,5/26/2002,5/13/2002,HI,,bsee_war,True,B/A,drilling_rig,,,,,,,,,,,,,,,
BAKER ATLAS WIRELINE,wireline_unit,,,,,,,,,,,,,,,1.0,12/22/2001,11/15/2001,SS,,bsee_war,True,BAKER ATLAS WIRELINE,drilling_rig,,,,,,,,,,,,,,,
BALTIC 1,jack_up,,,,,,,,,70.0,76.0,16000.0,,,,5.0,9/27/1999,10/12/1999,VR,,bsee_war,True,BALTIC 1,drilling_rig,,,jackup,jackup_70m,5.5,generic,,,,,,,,,
BALTIC I,jack_up,,,,,,,,,70.0,76.0,16000.0,,,,3.0,9/28/2000,10/31/2000,HI,,bsee_war,True,BALTIC I,drilling_rig,,,jackup,jackup_70m,5.5,generic,,,,,,,,,
BARGE DIAMOND DISCOVERY,inland_barge,,,,,,,,173.0,90.0,27.0,12000.0,,,,1.0,7/8/2006,4/16/2006,VR,,bsee_war,True,BARGE DIAMOND DISCOVERY,drilling_rig,,,barge,barge_90m,5.0,generic,,,,,,,,,
BELFORD DOLPHIN,drillship,,,,,,10000.0,37000.0,10000.0,204.83,39.93,,,,2000.0,8.0,9/6/2008 11:59:00 PM,1/11/2009 12:01:00 AM,GC,,bsee_war,True,BELFORD DOLPHIN,drilling_rig,,,drillship,drillship_200m,,,,,,,,,,,
BILL JENNINGS,jack_up,,,,,,,,210.0,70.0,76.0,16000.0,,,,41.0,9/5/1999,1/10/2000,WD,,bsee_war,True,BILL JENNINGS,drilling_rig,,,jackup,jackup_70m,5.5,generic,,,,,,,,,
BLAKE 1006,jack_up,,,,,,,,,70.0,76.0,16000.0,,,,5.0,9/3/2011 11:59:00 PM,1/1/2012 12:01:00 AM,ST,,bsee_war,True,BLAKE 1006,drilling_rig,,,jackup,jackup_70m,5.5,generic,,,,,,,,,
BLAKE 1007,jack_up,,,,,,,,,70.0,76.0,16000.0,,,,30.0,9/7/2013 11:59:00 PM,1/11/2015 12:01:00 AM,EB,,bsee_war,True,BLAKE 1007,drilling_rig,,,jackup,jackup_70m,5.5,generic,,,,,,,,,
BLAKE 101,jack_up,,,,,,,,84.0,70.0,76.0,16000.0,,,,32.0,9/6/2008 11:59:00 PM,1/1/2006 12:01:00 AM,WC,,bsee_war,True,BLAKE 101,drilling_rig,,,jackup,jackup_70m,5.5,generic,,,,,,,,,
BLAKE 14,jack_up,,,,,,,,,70.0,76.0,16000.0,,,,52.0,9/7/2013 11:59:00 PM,1/1/2012 12:01:00 AM,MC,,bsee_war,True,BLAKE 14,drilling_rig,,,jackup,jackup_70m,5.5,generic,,,,,,,,,
BLAKE 1501,jack_up,,,,,,,,,70.0,76.0,16000.0,,,,6.0,9/5/2009 11:59:00 PM,10/11/2009 12:01:00 AM,VR,,bsee_war,True,BLAKE 1501,drilling_rig,,,jackup,jackup_70m,5.5,generic,,,,,,,,,
BLAKE 1501E,jack_up,,,,,,,,,70.0,76.0,16000.0,,,,1.0,9/6/2008 11:59:00 PM,10/12/2008 12:01:00 AM,VR,,bsee_war,True,BLAKE 1501E,drilling_rig,,,jackup,jackup_70m,5.5,generic,,,,,,,,,
BLAKE 1502,jack_up,,,,,,,,,70.0,76.0,16000.0,,,,10.0,9/5/2009 11:59:00 PM,1/10/2010 12:01:00 AM,SP,,bsee_war,True,BLAKE 1502,drilling_rig,,,jackup,jackup_70m,5.5,generic,,,,,,,,,
BLAKE 1505,jack_up,,,,,,,,,70.0,76.0,16000.0,,,,32.0,9/8/2012 11:59:00 PM,1/1/2012 12:01:00 AM,MC,,bsee_war,True,BLAKE 1505,drilling_rig,,,jackup,jackup_70m,5.5,generic,,,,,,,,,
BLAKE 151,jack_up,,,,,,,,,70.0,76.0,16000.0,,,,15.0,9/8/2007 11:59:00 PM,1/11/2009 12:01:00 AM,WD,,bsee_war,True,BLAKE 151,drilling_rig,,,jackup,jackup_70m,5.5,generic,,,,,,,,,
BLAKE 202,jack_up,,,,,,,,95.0,70.0,76.0,16000.0,,,,8.0,9/8/2007 11:59:00 PM,1/13/2008 12:01:00 AM,EC,,bsee_war,True,BLAKE 202,drilling_rig,,,jackup,jackup_70m,5.5,generic,,,,,,,,,
BLAKE 210,jack_up,,,,,,,,,70.0,76.0,16000.0,,,,41.0,9/8/2012 11:59:00 PM,1/1/2012 12:01:00 AM,EI,,bsee_war,True,BLAKE 210,drilling_rig,,,jackup,jackup_70m,5.5,generic,,,,,,,,,
BLAKE 303,jack_up,,,,,,,,,70.0,76.0,16000.0,,,,27.0,9/9/2006 11:59:00 PM,1/11/2009 12:01:00 AM,EI,,bsee_war,True,BLAKE 303,drilling_rig,,,jackup,jackup_70m,5.5,generic,,,,,,,,,
BLAKE 651,jack_up,,,,,,,,,70.0,76.0,16000.0,,,,46.0,9/7/2019 11:59:00 PM,1/1/2022,MP,,bsee_war,True,BLAKE 651,drilling_rig,,,jackup,jackup_70m,5.5,generic,,,,,,,,,
BLAKE INTERNATIONAL,jack_up,,,,,,,,,70.0,76.0,16000.0,,,,5.0,9/6/2008 11:59:00 PM,1/4/2009 12:01:00 AM,EI,,bsee_war,True,BLAKE INTERNATIONAL,drilling_rig,,,jackup,jackup_70m,5.5,generic,,,,,,,,,
BOAT,unknown,,,,,,,,,,,,,,,1.0,12/8/2003,11/11/2003,EI,,bsee_war,True,BOAT,drilling_rig,,,,,,,,,,,,,,,
BOB PALMER,jack_up,,,,,,,,131.0,70.0,76.0,16000.0,,,,2.0,12/7/2003,1/12/2004,ST,,bsee_war,True,BOB PALMER,drilling_rig,,,jackup,jackup_70m,5.5,generic,,,,,,,,,
BOOKER 1005,jack_up,,,,,,,,,70.0,76.0,16000.0,,,,4.0,7/3/1998,2/28/1998,GC,,bsee_war,True,BOOKER 1005,drilling_rig,,,jackup,jackup_70m,5.5,generic,,,,,,,,,
BOOKER 651,jack_up,,,,,,,,,70.0,76.0,16000.0,,,,6.0,7/16/1998,1/10/1998,SS,,bsee_war,True,BOOKER 651,drilling_rig,,,jackup,jackup_70m,5.5,generic,,,,,,,,,
BOOKER 653,jack_up,,,,,,,,,70.0,76.0,16000.0,,,,12.0,9/25/1998,1/16/1999,SP,,bsee_war,True,BOOKER 653,drilling_rig,,,jackup,jackup_70m,5.5,generic,,,,,,,,,
BORGNY DOLPHIN,semi_submersible,,,,,,,,,104.0,78.0,45000.0,,,,6.0,9/9/2000,10/20/1999,GB,,bsee_war,True,BORGNY DOLPHIN,drilling_rig,,,semi_sub,semi_sub_100m,21.0,generic,,,,,,,,,
BRAID LINE/CTU/EL,wireline_unit,,,,,,,,56.0,,,,,,,2.0,2/7/2004,10/18/2003,WD,,bsee_war,True,BRAID LINE/CTU/EL,drilling_rig,,,,,,,,,,,,,,,
BRAIDED LN/EL/CTU/SL,wireline_unit,,,,,,,,56.0,,,,,,,1.0,12/26/2003,10/18/2003,WD,,bsee_war,True,BRAIDED LN/EL/CTU/SL,drilling_rig,,,,,,,,,,,,,,,
C.E. THORNTON,jack_up,,,,,,300.0,,,66.4,61.3,16000.0,,,1974.0,3.0,5/7/2001,1/16/2001,HI,,bsee_war,True,C.E. THORNTON,drilling_rig,,,jackup,jackup_70m,5.5,measured,7.9,,,,,,410.0,45.0,
C. KIRK RHEIN,jack_up,,,,,,,,,70.0,76.0,16000.0,,,,6.0,9/8/2000,1/15/2001,MC,,bsee_war,True,C. KIRK RHEIN,drilling_rig,,,jackup,jackup_70m,5.5,generic,,,,,,,,,
"C.KIRK RHEIN, JR.",jack_up,,,,,,,,,70.0,76.0,16000.0,,,,3.0,9/24/2001,1/11/2000,EB,,bsee_war,True,"C.KIRK RHEIN, JR.",drilling_rig,,,jackup,jackup_70m,5.5,generic,,,,,,,,,
C.R.LUIGS,jack_up,,,,,,,,4238.0,70.0,76.0,16000.0,,,,1.0,3/8/2004,1/13/2004,GC,,bsee_war,True,C.R.LUIGS,drilling_rig,,,jackup,jackup_70m,5.5,generic,,,,,,,,,
C/T,coil_tubing_unit,,,,,,,,215.0,,,,,,,3.0,6/10/2004,4/11/2004,SM,,bsee_war,True,C/T,drilling_rig,,,,,,,,,,,,,,,
"C. KIRK REHEIN, JR",jack_up,,,,,,,,,70.0,76.0,16000.0,,,,1.0,9/24/2001,10/2/2001,GB,,bsee_war,True,"C. KIRK REHEIN, JR",drilling_rig,,,jackup,jackup_70m,5.5,generic,,,,,,,,,
C.R. LUGIS,jack_up,,,,,,,,4340.0,70.0,76.0,16000.0,,,,3.0,8/1/2004,1/19/2002,GC,,bsee_war,True,C.R. LUGIS,drilling_rig,,,jackup,jackup_70m,5.5,generic,,,,,,,,,
C.R. LUIGIS,jack_up,,,,,,,,,70.0,76.0,16000.0,,,,1.0,6/6/2002,4/23/2002,WR,,bsee_war,True,C.R. LUIGIS,drilling_rig,,,jackup,jackup_70m,5.5,generic,,,,,,,,,
CAJUN EXPRESS,semi_submersible,,,,,,8500.0,35000.0,8500.0,106.38,68.88,,,,2000.0,34.0,9/9/2006 11:59:00 PM,1/1/2006 12:01:00 AM,MC,,bsee_war,True,CAJUN EXPRESS,drilling_rig,,,semi_sub,semi_sub_110m,,,,,,,,,,,
CAL-DIVE Q-4000,support_vessel,,,,,,,,,,,,,,,100.0,9/8/2018 11:59:00 PM,1/1/2017 12:01:00 AM,WR,,bsee_war,True,CAL-DIVE Q-4000,drilling_rig,,,,,,,,,,,,,,,
CAL-DIVE UNCLE JOHN,support_vessel,,,,,,,,,,,,,,,24.0,8/3/2013 11:59:00 PM,1/12/2015,VK,,bsee_war,True,CAL-DIVE UNCLE JOHN,drilling_rig,,,,,,,,,,,,,,,
CALDIVE Q-4000,support_vessel,,,,,,,,560.0,,,,,,,1.0,11/24/2005,11/22/2005,MC,,bsee_war,True,CALDIVE Q-4000,drilling_rig,,,,,,,,,,,,,,,
CALDIVE Q-4000 (SS),support_vessel,,,,,,,,1531.0,,,,,,,4.0,5/6/2006,3/27/2006,MC,,bsee_war,True,CALDIVE Q-4000 (SS),drilling_rig,,,,,,,,,,,,,,,
CALDIVE Q4000,semi_submersible,,,,,,,,1460.0,104.0,78.0,45000.0,,,,1.0,12/19/2004,12/13/2004,VK,,bsee_war,True,CALDIVE Q4000,drilling_rig,,,semi_sub,semi_sub_100m,21.0,generic,,,,,,,,,
CALDIVE'S Q4000 DP,semi_submersible,,,,,,,,680.0,104.0,78.0,45000.0,,,,1.0,12/26/2004,12/22/2004,GB,,bsee_war,True,CALDIVE'S Q4000 DP,drilling_rig,,,semi_sub,semi_sub_100m,21.0,generic,,,,,,,,,
CARDINAL SERVICES - PJ JONES,unknown,,,,,,,,,,,,,,,1.0,8/3/1998,7/29/1998,WC,,bsee_war,True,CARDINAL SERVICES - PJ JONES,drilling_rig,,,,,,,,,,,,,,,
CARL NORBERG,jack_up,,,,,,,,60.0,70.0,76.0,16000.0,,,,23.0,9/7/2001,1/10/2000,WD,,bsee_war,True,CARL NORBERG,drilling_rig,,,jackup,jackup_70m,5.5,generic,,,,,,,,,
CARL NORBERT,jack_up,,,,,,,,,70.0,76.0,16000.0,,,,4.0,8/3/2000,1/10/2000,MI,,bsee_war,True,CARL NORBERT,drilling_rig,,,jackup,jackup_70m,5.5,generic,,,,,,,,,
CARL NORGERB,jack_up,,,,,,,,,70.0,76.0,16000.0,,,,1.0,8/9/1999,12/13/1999,WD,,bsee_war,True,CARL NORGERB,drilling_rig,,,jackup,jackup_70m,5.5,generic,,,,,,,,,
CDCILE PROVINE,jack_up,,,,,,,,,70.0,76.0,16000.0,,,,1.0,8/4/2002,1/22/2001,WC,,bsee_war,True,CDCILE PROVINE,drilling_rig,,,jackup,jackup_70m,5.5,generic,,,,,,,,,
CDI Q-4000,support_vessel,,,,,,,,,,,,,,,1.0,7/8/2002,7/5/2002,ST,,bsee_war,True,CDI Q-4000,drilling_rig,,,,,,,,,,,,,,,
CEAN KING,semi_submersible,,,,,,,,,104.0,78.0,45000.0,,,,1.0,9/29/2003,10/14/2003,EI,,bsee_war,True,CEAN KING,drilling_rig,,,semi_sub,semi_sub_100m,21.0,generic,,,,,,,,,
CECIL PRIVINE,jack_up,,,,,,,,,70.0,76.0,16000.0,,,,1.0,4/8/2001,2/26/2001,WC,,bsee_war,True,CECIL PRIVINE,drilling_rig,,,jackup,jackup_70m,5.5,generic,,,,,,,,,
CECIL PROVINE,jack_up,,,,,,,,66.0,70.0,76.0,16000.0,,,,17.0,9/8/2002,1/13/2003,VR,,bsee_war,True,CECIL PROVINE,drilling_rig,,,jackup,jackup_70m,5.5,generic,,,,,,,,,
CECILE PROVINE,jack_up,,,,,,,,81.0,70.0,76.0,16000.0,,,,1.0,5/8/2004,1/20/2003,SM,,bsee_war,True,CECILE PROVINE,drilling_rig,,,jackup,jackup_70m,5.5,generic,,,,,,,,,
CELTIC SEA,jack_up,,,,,,,,4852.0,70.0,76.0,16000.0,,,,28.0,9/5/2003,1/14/2001,MC,,bsee_war,True,CELTIC SEA,drilling_rig,,,jackup,jackup_70m,5.5,generic,,,,,,,,,
CHALLENGER MINERALS INC,unknown,,,,,,,,,,,,,,,1.0,2/27/2000,2/14/2000,MP,,bsee_war,True,CHALLENGER MINERALS INC,drilling_rig,,,,,,,,,,,,,,,
CHARLES COPELAND,jack_up,,,,,,,,,70.0,76.0,16000.0,,,,1.0,7/8/2001,5/14/2001,MP,,bsee_war,True,CHARLES COPELAND,drilling_rig,,,jackup,jackup_70m,5.5,generic,,,,,,,,,
CHARLES ROWAN\,jack_up,,,,,,,,,70.0,76.0,16000.0,,,,1.0,12/4/2000,1/10/2001,ST,,bsee_war,True,CHARLES ROWAN\,drilling_rig,,,jackup,jackup_70m,5.5,generic,,,,,,,,,
CHERYL DANIELS,lift_boat,,,,,,,,,70.0,76.0,16000.0,,,,2.0,8/27/2000,5/18/1999,ST,,bsee_war,True,CHERYL DANIELS,drilling_rig,,,jackup,jackup_70m,5.5,generic,,,,,,,,,
CHHILES TONALA,jack_up,,,,,,,,,70.0,76.0,16000.0,,,,1.0,5/4/2001,4/21/2001,MP,,bsee_war,True,CHHILES TONALA,drilling_rig,,,jackup,jackup_70m,5.5,generic,,,,,,,,,
"CHILES ""FALRIG 20""",jack_up,,,,,,,,,70.0,76.0,16000.0,,,,1.0,8/7/2000,7/18/2000,EC,,bsee_war,True,"CHILES ""FALRIG 20""",drilling_rig,,,jackup,jackup_70m,5.5,generic,,,,,,,,,
CHILES TONALA,jack_up,,,,,,,,,70.0,76.0,16000.0,,,,21.0,7/6/2001,1/13/2001,MP,,bsee_war,True,CHILES TONALA,drilling_rig,,,jackup,jackup_70m,5.5,generic,,,,,,,,,
CHILES COLUMBIS,jack_up,,,,,,,,,70.0,76.0,16000.0,,,,1.0,12/5/1999,11/15/1999,HI,,bsee_war,True,CHILES COLUMBIS,drilling_rig,,,jackup,jackup_70m,5.5,generic,,,,,,,,,
CHILES COLUMBUS,jack_up,,,,,,,,,70.0,76.0,16000.0,,,,21.0,9/9/2002,1/1/2001,HI,,bsee_war,True,CHILES COLUMBUS,drilling_rig,,,jackup,jackup_70m,5.5,generic,,,,,,,,,
CHILES MAGELIAN,jack_up,,,,,,,,,70.0,76.0,16000.0,,,,1.0,8/5/2002,5/21/2002,ST,,bsee_war,True,CHILES MAGELIAN,drilling_rig,,,jackup,jackup_70m,5.5,generic,,,,,,,,,
CHILES MAGELLAN,jack_up,,,,,,,,,70.0,76.0,16000.0,,,,16.0,9/4/2000,1/1/2002,HI,,bsee_war,True,CHILES MAGELLAN,drilling_rig,,,jackup,jackup_70m,5.5,generic,,,,,,,,,
CHILES OFFSHORE TONALA,jack_up,,,,,,,,,70.0,76.0,16000.0,,,,2.0,4/6/2001,2/17/2001,MP,,bsee_war,True,CHILES OFFSHORE TONALA,drilling_rig,,,jackup,jackup_70m,5.5,generic,,,,,,,,,
CHILLES TONALA,jack_up,,,,,,,,,70.0,76.0,16000.0,,,,1.0,2/19/2001,10/10/2000,SS,,bsee_war,True,CHILLES TONALA,drilling_rig,,,jackup,jackup_70m,5.5,generic,,,,,,,,,
CIOL TUBING,coil_tubing_unit,,,,,,,,146.0,,,,,,,1.0,9/4/2004,10/10/2004,WD,,bsee_war,True,CIOL TUBING,drilling_rig,,,,,,,,,,,,,,,
CIUK TUBING,coil_tubing_unit,,,,,,,,32.0,,,,,,,1.0,9/23/2006,9/10/2006,SS,,bsee_war,True,CIUK TUBING,drilling_rig,,,,,,,,,,,,,,,
CLADIVE Q-4000 (SS),support_vessel,,,,,,,,1531.0,,,,,,,1.0,5/6/2006,4/16/2006,MC,,bsee_war,True,CLADIVE Q-4000 (SS),drilling_rig,,,,,,,,,,,,,,,
CLIFF 156,jack_up,,,,,,,,45.0,70.0,76.0,16000.0,,,,4.0,9/7/1998,10/24/2003,WD,,bsee_war,True,CLIFF 156,drilling_rig,,,jackup,jackup_70m,5.5,generic,,,,,,,,,
CLIFF 200,jack_up,,,,,,,,,70.0,76.0,16000.0,,,,4.0,4/9/2000,1/10/2000,WC,,bsee_war,True,CLIFF 200,drilling_rig,,,jackup,jackup_70m,5.5,generic,,,,,,,,,
CLIFF DRILLING 100,jack_up,,,,,,,,,70.0,76.0,16000.0,,,,1.0,9/4/1998,8/15/1998,EC,,bsee_war,True,CLIFF DRILLING 100,drilling_rig,,,jackup,jackup_70m,5.5,generic,,,,,,,,,
CLIFF DRILLING 150,jack_up,,,,,,,,,70.0,76.0,16000.0,,,,34.0,9/3/1998,1/1/1999,SS,,bsee_war,True,CLIFF DRILLING 150,drilling_rig,,,jackup,jackup_70m,5.5,generic,,,,,,,,,
CLIFF DRILLING 151,jack_up,,,,,,,,,70.0,76.0,16000.0,,,,7.0,6/20/1998,1/10/1998,EI,,bsee_war,True,CLIFF DRILLING 151,drilling_rig,,,jackup,jackup_70m,5.5,generic,,,,,,,,,
CLIFF DRILLING 152,jack_up,,,,,,,,,70.0,76.0,16000.0,,,,5.0,9/7/2000,11/11/1999,HI,,bsee_war,True,CLIFF DRILLING 152,drilling_rig,,,jackup,jackup_70m,5.5,generic,,,,,,,,,
CLIFF DRILLING 155,jack_up,,,,,,,,,70.0,76.0,16000.0,,,,8.0,9/9/1999,1/4/2000,EC,,bsee_war,True,CLIFF DRILLING 155,drilling_rig,,,jackup,jackup_70m,5.5,generic,,,,,,,,,
CLIFF DRILLING 200,jack_up,,,,,,,,,70.0,76.0,16000.0,,,,9.0,9/8/2000,1/11/1999,HI,,bsee_war,True,CLIFF DRILLING 200,drilling_rig,,,jackup,jackup_70m,5.5,generic,,,,,,,,,
CLIFF'S 200,jack_up,,,,,,,,,70.0,76.0,16000.0,,,,2.0,3/1/2001,1/18/2001,ST,,bsee_war,True,CLIFF'S 200,drilling_rig,,,jackup,jackup_70m,5.5,generic,,,,,,,,,
CLIFF'S RIG NO. 150,jack_up,,,,,,,,,70.0,76.0,16000.0,,,,1.0,3/12/2000,3/6/2000,EI,,bsee_war,True,CLIFF'S RIG NO. 150,drilling_rig,,,jackup,jackup_70m,5.5,generic,,,,,,,,,
CLIFFS 150,jack_up,,,,,,,,,70.0,76.0,16000.0,,,,2.0,9/7/1999,11/1/1999,MP,,bsee_war,True,CLIFFS 150,drilling_rig,,,jackup,jackup_70m,5.5,generic,,,,,,,,,
CLIFFS 152,jack_up,,,,,,,,,70.0,76.0,16000.0,,,,9.0,9/5/1999,1/10/1998,WC,,bsee_war,True,CLIFFS 152,drilling_rig,,,jackup,jackup_70m,5.5,generic,,,,,,,,,
CLIFFS 153,jack_up,,,,,,,,,70.0,76.0,16000.0,,,,4.0,9/3/2000,10/2/2000,SX,,bsee_war,True,CLIFFS 153,drilling_rig,,,jackup,jackup_70m,5.5,generic,,,,,,,,,
CLIFFS 155,jack_up,,,,,,,,,70.0,76.0,16000.0,,,,1.0,4/9/2000,3/20/2000,VR,,bsee_war,True,CLIFFS 155,drilling_rig,,,jackup,jackup_70m,5.5,generic,,,,,,,,,
CLIFFS 156,jack_up,,,,,,,,,70.0,76.0,16000.0,,,,1.0,7/6/1998,5/25/1998,WC,,bsee_war,True,CLIFFS 156,drilling_rig,,,jackup,jackup_70m,5.5,generic,,,,,,,,,
CLIFFS 180,jack_up,,,,,,,,,70.0,76.0,16000.0,,,,3.0,8/27/2000,1/13/1998,WC,,bsee_war,True,CLIFFS 180,drilling_rig,,,jackup,jackup_70m,5.5,generic,,,,,,,,,
CLIFFS 200,jack_up,,,,,,,,,70.0,76.0,16000.0,,,,3.0,6/4/2000,10/13/2000,WC,,bsee_war,True,CLIFFS 200,drilling_rig,,,jackup,jackup_70m,5.5,generic,,,,,,,,,
CLIFFS DRILLING 152,jack_up,,,,,,,,,70.0,76.0,16000.0,,,,1.0,10/31/1998,9/25/1998,VR,,bsee_war,True,CLIFFS DRILLING 152,drilling_rig,,,jackup,jackup_70m,5.5,generic,,,,,,,,,
CLIFFS DRILLING 153,jack_up,,,,,,,,,70.0,76.0,16000.0,,,,11.0,9/4/1998,1/11/2000,HI,,bsee_war,True,CLIFFS DRILLING 153,drilling_rig,,,jackup,jackup_70m,5.5,generic,,,,,,,,,
CLIFFS DRILLING 156,jack_up,,,,,,,,15.0,70.0,76.0,16000.0,,,,1.0,3/8/1999,2/19/1999,EI,,bsee_war,True,CLIFFS DRILLING 156,drilling_rig,,,jackup,jackup_70m,5.5,generic,,,,,,,,,
CLIFFS DRILLING 180,jack_up,,,,,,,,,70.0,76.0,16000.0,,,,2.0,8/9/1998,11/30/1998,EI,,bsee_war,True,CLIFFS DRILLING 180,drilling_rig,,,jackup,jackup_70m,5.5,generic,,,,,,,,,
CLIFFS RIG 152,jack_up,,,,,,,,,70.0,76.0,16000.0,,,,3.0,3/12/2001,1/1/2001,HI,,bsee_war,True,CLIFFS RIG 152,drilling_rig,,,jackup,jackup_70m,5.5,generic,,,,,,,,,
CLIFFS RIG 180,jack_up,,,,,,,,,70.0,76.0,16000.0,,,,2.0,8/16/1998,10/20/1998,HI,,bsee_war,True,CLIFFS RIG 180,drilling_rig,,,jackup,jackup_70m,5.5,generic,,,,,,,,,
CLOMAR EXPLORER,drillship,,,,,,,,7316.0,228.0,42.0,96000.0,,,,1.0,9/5/2004,1/2/2005,KC,,bsee_war,True,CLOMAR EXPLORER,drilling_rig,,,drillship,drillship_230m,12.0,generic,,,,,,,,,
CLOMAR MAIN PASS IV,jack_up,,,,,,,,,70.0,76.0,16000.0,,,,1.0,2/14/2000,2/8/2000,MO,,bsee_war,True,CLOMAR MAIN PASS IV,drilling_rig,,,jackup,jackup_70m,5.5,generic,,,,,,,,,
COASTAL RIG 22,jack_up,,,,,,,,,70.0,76.0,16000.0,,,,4.0,9/6/2008 11:59:00 PM,1/11/2009 12:01:00 AM,SM,,bsee_war,True,COASTAL RIG 22,drilling_rig,,,jackup,jackup_70m,5.5,generic,,,,,,,,,
COIL TBG UNIT,coil_tubing_unit,,,,,,,,,,,,,,,3.0,7/6/2003,11/24/1998,EI,,bsee_war,True,COIL TBG UNIT,drilling_rig,,,,,,,,,,,,,,,
COIL TUBING,coil_tubing_unit,,,,,,,,2590.0,,,,,,,47.0,9/3/2005,1/16/2005,VR,,bsee_war,True,COIL TUBING,drilling_rig,,,,,,,,,,,,,,,
COIL TUBING UNIT - E-LINE,coil_tubing_unit,,,,,,,,25.0,,,,,,,1.0,6/5/2004,5/23/2004,WC,,bsee_war,True,COIL TUBING UNIT - E-LINE,drilling_rig,,,,,,,,,,,,,,,
COIL TUBING UNIT / ELU,coil_tubing_unit,,,,,,,,26.0,,,,,,,1.0,3/31/2005,12/12/2004,VR,,bsee_war,True,COIL TUBING UNIT / ELU,drilling_rig,,,,,,,,,,,,,,,
COIL TUBING UNIT/TETRA 7,coil_tubing_unit,,,,,,,,,,,,,,,1.0,11/7/2002,11/1/2002,ST,,bsee_war,True,COIL TUBING UNIT/TETRA 7,drilling_rig,,,,,,,,,,,,,,,
COIL TUBING UNIT/WIRELINE UNIT,coil_tubing_unit,,,,,,,,146.0,,,,,,,1.0,12/11/2004,11/21/2004,ST,,bsee_war,True,COIL TUBING UNIT/WIRELINE UNIT,drilling_rig,,,,,,,,,,,,,,,
COIL TUBING/ ELECTRIC LINE,coil_tubing_unit,,,,,,,,50.0,,,,,,,1.0,5/8/2004,5/2/2004,WD,,bsee_war,True,COIL TUBING/ ELECTRIC LINE,drilling_rig,,,,,,,,,,,,,,,
COIL TUBING/ SLICKLINE,coil_tubing_unit,,,,,,,,93.0,,,,,,,1.0,7/31/2004,7/14/2004,VK,,bsee_war,True,COIL TUBING/ SLICKLINE,drilling_rig,,,,,,,,,,,,,,,
COIL TUNBING UNIT,coil_tubing_unit,,,,,,,,,,,,,,,1.0,9/8/2003,9/2/2003,EI,,bsee_war,True,COIL TUNBING UNIT,drilling_rig,,,,,,,,,,,,,,,
COILED TBG,coil_tubing_unit,,,,,,,,13.0,,,,,,,1.0,7/3/2004,6/27/2004,VR,,bsee_war,True,COILED TBG,drilling_rig,,,,,,,,,,,,,,,
COILED TBG UNIT,coil_tubing_unit,,,,,,,,,,,,,,,1.0,9/23/2003,9/21/2003,EI,,bsee_war,True,COILED TBG UNIT,drilling_rig,,,,,,,,,,,,,,,
COILED TBG/SLICKLINE,coil_tubing_unit,,,,,,,,13.0,,,,,,,1.0,2/21/2004,2/15/2004,VR,,bsee_war,True,COILED TBG/SLICKLINE,drilling_rig,,,,,,,,,,,,,,,
COILED TUBING,coil_tubing_unit,,,,,,,,250.0,,,,,,,6.0,8/4/2003,10/14/2004,MP,,bsee_war,True,COILED TUBING,drilling_rig,,,,,,,,,,,,,,,
COILED TUBING UNIT,coil_tubing_unit,,,,,,,,51.0,,,,,,,3.0,9/23/2001,11/7/2002,SS,,bsee_war,True,COILED TUBING UNIT,drilling_rig,,,,,,,,,,,,,,,
CR LUIGS,jack_up,,,,,,,,8831.0,70.0,76.0,16000.0,,,,3.0,9/28/2003,10/11/2001,GC,,bsee_war,True,CR LUIGS,drilling_rig,,,jackup,jackup_70m,5.5,generic,,,,,,,,,
CT,coil_tubing_unit,,,,,,,,250.0,,,,,,,31.0,9/8/2002,1/1/2006,EI,,bsee_war,True,CT,drilling_rig,,,,,,,,,,,,,,,
CT/EL,coil_tubing_unit,,,,,,,,718.0,,,,,,,1.0,2/21/2004,12/30/2002,GB,,bsee_war,True,CT/EL,drilling_rig,,,,,,,,,,,,,,,
CT UNIT,coil_tubing_unit,,,,,,,,1290.0,,,,,,,9.0,9/24/2003,10/9/1999,SS,,bsee_war,True,CT UNIT,drilling_rig,,,,,,,,,,,,,,,
"CT UNIT, WIRELINE",coil_tubing_unit,,,,,,,,84.0,,,,,,,1.0,9/7/2003,9/1/2003,HI,,bsee_war,True,"CT UNIT, WIRELINE",drilling_rig,,,,,,,,,,,,,,,
"CT, EL, WL",coil_tubing_unit,,,,,,,,74.0,,,,,,,1.0,12/20/2003,10/5/2003,WC,,bsee_war,True,"CT, EL, WL",drilling_rig,,,,,,,,,,,,,,,
CT/EL UNIT,coil_tubing_unit,,,,,,,,295.0,,,,,,,1.0,9/30/2004,9/18/2004,HI,,bsee_war,True,CT/EL UNIT,drilling_rig,,,,,,,,,,,,,,,
CTU,coil_tubing_unit,,,,,,,,4808.0,,,,,,,255.0,9/9/2006,1/1/2002,BA,,bsee_war,True,CTU,drilling_rig,,,,,,,,,,,,,,,
CTU/EL,coil_tubing_unit,,,,,,,,50.0,,,,,,,1.0,12/2/2006,11/12/2006,HI,,bsee_war,True,CTU/EL,drilling_rig,,,,,,,,,,,,,,,
"CTU, SL",coil_tubing_unit,,,,,,,,212.0,,,,,,,1.0,3/6/2004,2/22/2004,HI,,bsee_war,True,"CTU, SL",drilling_rig,,,,,,,,,,,,,,,
CTU / E-LINE,coil_tubing_unit,,,,,,,,103.0,,,,,,,1.0,7/9/2005,7/3/2005,SM,,bsee_war,True,CTU / E-LINE,drilling_rig,,,,,,,,,,,,,,,
CTU AND PA UNIT,coil_tubing_unit,,,,,,,,260.0,,,,,,,1.0,5/8/2004,3/28/2004,HI,,bsee_war,True,CTU AND PA UNIT,drilling_rig,,,,,,,,,,,,,,,
CTU EWU SLU,coil_tubing_unit,,,,,,,,,,,,,,,1.0,9/7/2000,8/23/2000,WC,,bsee_war,True,CTU EWU SLU,drilling_rig,,,,,,,,,,,,,,,
CTU/EL/SL,coil_tubing_unit,,,,,,,,56.0,,,,,,,1.0,12/26/2003,10/18/2003,WD,,bsee_war,True,CTU/EL/SL,drilling_rig,,,,,,,,,,,,,,,
CTU-WIRELINE UNIT,coil_tubing_unit,,,,,,,,212.0,,,,,,,1.0,7/31/2004,7/11/2004,EI,,bsee_war,True,CTU-WIRELINE UNIT,drilling_rig,,,,,,,,,,,,,,,
CTU/ HWO UNIT,coil_tubing_unit,,,,,,,,144.0,,,,,,,1.0,5/8/2004,4/11/2004,VR,,bsee_war,True,CTU/ HWO UNIT,drilling_rig,,,,,,,,,,,,,,,
CTU/ ROWAN ODESSA,jack_up,,,,,,,,81.0,70.0,76.0,16000.0,,,,1.0,7/9/2005,6/26/2005,SM,,bsee_war,True,CTU/ ROWAN ODESSA,drilling_rig,,,jackup,jackup_70m,5.5,generic,,,,,,,,,
CTU/ELU,coil_tubing_unit,,,,,,,,180.0,,,,,,,2.0,8/16/2005,11/14/2004,VR,,bsee_war,True,CTU/ELU,drilling_rig,,,,,,,,,,,,,,,
CTU/EWU,coil_tubing_unit,,,,,,,,251.0,,,,,,,1.0,9/4/2004,1/23/2005,EI,,bsee_war,True,CTU/EWU,drilling_rig,,,,,,,,,,,,,,,
CTU/POOL 10,coil_tubing_unit,,,,,,,,,,,,,,,2.0,12/4/1998,10/10/1998,ST,,bsee_war,True,CTU/POOL 10,drilling_rig,,,,,,,,,,,,,,,
CTU/PRIDE MICHIGAN,coil_tubing_unit,,,,,,,,50.0,,,,,,,1.0,3/8/2004,2/17/2004,HI,,bsee_war,True,CTU/PRIDE MICHIGAN,drilling_rig,,,,,,,,,,,,,,,
CTU/SLICKLINE,coil_tubing_unit,,,,,,,,215.0,,,,,,,3.0,4/2/2005,2/27/2005,EI,,bsee_war,True,CTU/SLICKLINE,drilling_rig,,,,,,,,,,,,,,,
CTU/WIRELINE/SLICK-LINE UNIT,coil_tubing_unit,,,,,,,,381.0,,,,,,,1.0,12/4/2004,11/14/2004,VR,,bsee_war,True,CTU/WIRELINE/SLICK-LINE UNIT,drilling_rig,,,,,,,,,,,,,,,
CTU/WL,coil_tubing_unit,,,,,,,,272.0,,,,,,,2.0,9/25/2004,10/10/2004,EW,,bsee_war,True,CTU/WL,drilling_rig,,,,,,,,,,,,,,,
CTU/WL UNIT,coil_tubing_unit,,,,,,,,44.0,,,,,,,1.0,12/25/2004,1/2/2005,HI,,bsee_war,True,CTU/WL UNIT,drilling_rig,,,,,,,,,,,,,,,
CUDD SNUBBING UNIT,snubbing_unit,,,,,,,,211.0,,,,,,,1.0,12/18/2004,10/11/2004,SM,,bsee_war,True,CUDD SNUBBING UNIT,drilling_rig,,,,,,,,,,,,,,,
CUPERIOR ENERGY SERVICES P&A,unknown,,,,,,,,51.0,,,,,,,1.0,3/6/2004,2/29/2004,WC,,bsee_war,True,CUPERIOR ENERGY SERVICES P&A,drilling_rig,,,,,,,,,,,,,,,
D O AMERICA,semi_submersible,,,,,,,,,104.0,78.0,45000.0,,,,1.0,9/8/1999,6/17/1999,GC,,bsee_war,True,D O AMERICA,drilling_rig,,,semi_sub,semi_sub_100m,21.0,generic,,,,,,,,,
D.O. KING,semi_submersible,,,,,,,,,104.0,78.0,45000.0,,,,1.0,10/9/2004,10/10/2004,MU,,bsee_war,True,D.O. KING,drilling_rig,,,semi_sub,semi_sub_100m,21.0,generic,,,,,,,,,
D W NAUTILUS,semi_submersible,,,,,,,,,104.0,78.0,45000.0,,,,2.0,9/4/2000,10/10/2000,AC,,bsee_war,True,D W NAUTILUS,drilling_rig,,,semi_sub,semi_sub_100m,21.0,generic,,,,,,,,,
D.O. CHAMPION,semi_submersible,,,,,,,,44.0,104.0,78.0,45000.0,,,,2.0,9/25/2004,1/16/2005,GA,,bsee_war,True,D.O. CHAMPION,drilling_rig,,,semi_sub,semi_sub_100m,21.0,generic,,,,,,,,,
D.O. COLUMBIA,semi_submersible,,,,,,,,50.0,104.0,78.0,45000.0,,,,3.0,12/4/2004,1/16/2005,HI,,bsee_war,True,D.O. COLUMBIA,drilling_rig,,,semi_sub,semi_sub_100m,21.0,generic,,,,,,,,,
D.O. CONCORD,semi_submersible,,,,,,,,998.0,104.0,78.0,45000.0,,,,1.0,4/9/2005,2/20/2005,EB,,bsee_war,True,D.O. CONCORD,drilling_rig,,,semi_sub,semi_sub_100m,21.0,generic,,,,,,,,,
D.O. CONFIDENCE,semi_submersible,,,,,,,,,104.0,78.0,45000.0,,,,1.0,11/27/2004,11/14/2004,AC,,bsee_war,True,D.O. CONFIDENCE,drilling_rig,,,semi_sub,semi_sub_100m,21.0,generic,,,,,,,,,
D.O. CRUSADER,semi_submersible,,,,,,,,58.0,104.0,78.0,45000.0,,,,1.0,9/25/2004,10/10/2004,HI,,bsee_war,True,D.O. CRUSADER,drilling_rig,,,semi_sub,semi_sub_100m,21.0,generic,,,,,,,,,
D.O. DRAKE,semi_submersible,,,,,,,,,104.0,78.0,45000.0,,,,1.0,11/25/2001,11/12/2001,VK,,bsee_war,True,D.O. DRAKE,drilling_rig,,,semi_sub,semi_sub_100m,21.0,generic,,,,,,,,,
D.O. NEW ERA,semi_submersible,,,,,,,,,104.0,78.0,45000.0,,,,1.0,7/1/2006,5/31/2006,GB,,bsee_war,True,D.O. NEW ERA,drilling_rig,,,semi_sub,semi_sub_100m,21.0,generic,,,,,,,,,
D.O. NUGGET,semi_submersible,,,,,,,,265.0,104.0,78.0,45000.0,,,,6.0,5/7/2005,1/16/2005,HI,,bsee_war,True,D.O. NUGGET,drilling_rig,,,semi_sub,semi_sub_100m,21.0,generic,,,,,,,,,
D.O. OCEAN STAR,semi_submersible,,,,,,,,,104.0,78.0,45000.0,,,,1.0,6/4/2005,4/17/2005,GB,,bsee_war,True,D.O. OCEAN STAR,drilling_rig,,,semi_sub,semi_sub_100m,21.0,generic,,,,,,,,,
D.O. SARATOGA,semi_submersible,,,,,,,,,104.0,78.0,45000.0,,,,1.0,11/6/2004,10/31/2004,EB,,bsee_war,True,D.O. SARATOGA,drilling_rig,,,semi_sub,semi_sub_100m,21.0,generic,,,,,,,,,
D.O. SPARTAN,jack_up,,,,,,,,53.0,70.0,76.0,16000.0,,,,5.0,9/4/2004,10/10/2004,HI,,bsee_war,True,D.O. SPARTAN,drilling_rig,,,jackup,jackup_70m,5.5,generic,,,,,,,,,
D.O. SUMMIT,semi_submersible,,,,,,,,142.0,104.0,78.0,45000.0,,,,3.0,8/6/2005,2/1/2003,MI,,bsee_war,True,D.O. SUMMIT,drilling_rig,,,semi_sub,semi_sub_100m,21.0,generic,,,,,,,,,
D/B BOAT,unknown,,,,,,,,104.0,,,,,,,1.0,5/28/2005,5/18/2005,HI,,bsee_war,True,D/B BOAT,drilling_rig,,,,,,,,,,,,,,,
D/B BOAZ,unknown,,,,,,,,104.0,,,,,,,7.0,5/7/2005,4/24/2005,GA,,bsee_war,True,D/B BOAZ,drilling_rig,,,,,,,,,,,,,,,
D/V HAMMERHEAD,support_vessel,,,,,,,,180.0,,,,,,,1.0,8/5/2006,11/20/2006,GI,,bsee_war,True,D/V HAMMERHEAD,drilling_rig,,,,,,,,,,,,,,,
DD 202,jack_up,,,,,,,,,70.0,76.0,16000.0,,,,12.0,9/9/2017 11:59:00 PM,1/12/2020 12:01:00 AM,GC,,bsee_war,True,DD 202,drilling_rig,,,jackup,jackup_70m,5.5,generic,,,,,,,,,
DEEP SEAS,drillship,,,,,,,,,228.0,42.0,96000.0,,,,1.0,3/4/2001,1/22/2001,MC,,bsee_war,True,DEEP SEAS,drilling_rig,,,drillship,drillship_230m,12.0,generic,,,,,,,,,
DEEPWATER MILLENNIUM,drillship,,,,,,10000.0,30000.0,10000.0,221.28,42.06,,,,1999.0,38.0,9/9/2006 11:59:00 PM,1/1/2006 12:01:00 AM,GB,,bsee_war,True,DEEPWATER MILLENNIUM,drilling_rig,,,drillship,drillship_220m,,,,,,,,,,,
T.O. DEEPWATER HORIZON,drillship,,,,,,,,,228.0,42.0,96000.0,,,,34.0,9/9/2006 11:59:00 PM,1/1/2006 12:01:00 AM,KC,,bsee_war,True,T.O. DEEPWATER HORIZON,drilling_rig,,,drillship,drillship_230m,12.0,generic,,,,,,,,,
DEEPWATER MILILENIUM,drillship,,,,,,,,,228.0,42.0,96000.0,,,,1.0,11/6/2001,10/16/2001,GC,,bsee_war,True,DEEPWATER MILILENIUM,drilling_rig,,,drillship,drillship_230m,12.0,generic,,,,,,,,,
DEEPWATER MILLENIUM,drillship,,,,,,,,9086.0,228.0,42.0,96000.0,,,,4.0,7/9/2001,2/26/2003,LL,,bsee_war,True,DEEPWATER MILLENIUM,drilling_rig,,,drillship,drillship_230m,12.0,generic,,,,,,,,,
DEEPWATER NAUTILUS,semi_submersible,,,,,,8000.0,30000.0,8000.0,119.48,93.88,,,,1999.0,40.0,9/9/2006 11:59:00 PM,1/1/2012 12:01:00 AM,MC,,bsee_war,True,DEEPWATER NAUTILUS,drilling_rig,,,semi_sub,semi_sub_120m,,,,,,,,,,,
DEEPWATER PATHFINDER,drillship,,,,,,10000.0,30000.0,10000.0,221.28,42.06,,,,1998.0,13.0,9/8/2012 11:59:00 PM,1/1/2012 12:01:00 AM,MC,,bsee_war,True,DEEPWATER PATHFINDER,drilling_rig,,,drillship,drillship_220m,,,,,,,,,,,
DEEPWATER SPIRIT,drillship,,,,,,,,,228.0,42.0,96000.0,,,,1.0,6/1/2002,5/11/2002,MC,,bsee_war,True,DEEPWATER SPIRIT,drilling_rig,,,drillship,drillship_230m,12.0,generic,,,,,,,,,
DERRICK BARGE,inland_barge,,,,,,,,211.0,90.0,27.0,12000.0,,,,3.0,6/7/2006,10/16/2005,VR,,bsee_war,True,DERRICK BARGE,drilling_rig,,,barge,barge_90m,5.0,generic,,,,,,,,,
DERRICK BARGE BOAZ,inland_barge,,,,,,,,173.0,90.0,27.0,12000.0,,,,1.0,9/14/2003,9/8/2003,MP,,bsee_war,True,DERRICK BARGE BOAZ,drilling_rig,,,barge,barge_90m,5.0,generic,,,,,,,,,
DERRICK BARGE PACIFIC,drillship,,,,,,,,61.0,228.0,42.0,96000.0,,,,1.0,9/14/2003,9/8/2003,WD,,bsee_war,True,DERRICK BARGE PACIFIC,drilling_rig,,,drillship,drillship_230m,12.0,generic,,,,,,,,,
DERRIK BARGE CHICKASAW,inland_barge,,,,,,,,,90.0,27.0,12000.0,,,,1.0,12/9/2000,12/1/2000,GC,,bsee_war,True,DERRIK BARGE CHICKASAW,drilling_rig,,,barge,barge_90m,5.0,generic,,,,,,,,,
DIAMOND OCEAN SPUR,semi_submersible,,,,,,,,190.0,104.0,78.0,45000.0,,,,17.0,9/3/2005 11:59:00 PM,1/1/2006 12:01:00 AM,SS,,bsee_war,True,DIAMOND OCEAN SPUR,drilling_rig,,,semi_sub,semi_sub_100m,21.0,generic,,,,,,,,,
DIAMOND AMBASSADOR,semi_submersible,,,,,,,,,104.0,78.0,45000.0,,,,4.0,9/6/2001,1/20/1998,GB,,bsee_war,True,DIAMOND AMBASSADOR,drilling_rig,,,semi_sub,semi_sub_100m,21.0,generic,,,,,,,,,
DIAMOND COLUMBIA,semi_submersible,,,,,,,,,104.0,78.0,45000.0,,,,1.0,2/2/1998,1/13/1998,EC,,bsee_war,True,DIAMOND COLUMBIA,drilling_rig,,,semi_sub,semi_sub_100m,21.0,generic,,,,,,,,,
DIAMOND CONCORD,semi_submersible,,,,,,,,,104.0,78.0,45000.0,,,,10.0,9/8/1998,1/13/1999,MC,,bsee_war,True,DIAMOND CONCORD,drilling_rig,,,semi_sub,semi_sub_100m,21.0,generic,,,,,,,,,
DIAMOND LEXINGTON,semi_submersible,,,,,,,,,104.0,78.0,45000.0,,,,7.0,8/9/1999,5/19/1998,VK,,bsee_war,True,DIAMOND LEXINGTON,drilling_rig,,,semi_sub,semi_sub_100m,21.0,generic,,,,,,,,,
DIAMOND M OCEAN TOWER,semi_submersible,,,,,,,,201.0,104.0,78.0,45000.0,,,,1.0,9/30/2003,1/27/2004,PN,,bsee_war,True,DIAMOND M OCEAN TOWER,drilling_rig,,,semi_sub,semi_sub_100m,21.0,generic,,,,,,,,,
DIAMOND NEW ERA,semi_submersible,,,,,,,,,104.0,78.0,45000.0,,,,1.0,11/30/1997,11/10/1997,VR,,bsee_war,True,DIAMOND NEW ERA,drilling_rig,,,semi_sub,semi_sub_100m,21.0,generic,,,,,,,,,
DIAMOND OCEAN,semi_submersible,,,,,,,,,104.0,78.0,45000.0,,,,1.0,12/22/1997,1/5/1998,WC,,bsee_war,True,DIAMOND OCEAN,drilling_rig,,,semi_sub,semi_sub_100m,21.0,generic,,,,,,,,,
DIAMOND OCEAN AMBASSADOR,semi_submersible,,,,,,,,,104.0,78.0,45000.0,,,,9.0,7/5/2008 11:59:00 PM,1/11/2009 12:01:00 AM,VR,,bsee_war,True,DIAMOND OCEAN AMBASSADOR,drilling_rig,,,semi_sub,semi_sub_100m,21.0,generic,,,,,,,,,
DIAMOND OCEAN AMERICA,semi_submersible,,,,,,,,3256.0,104.0,78.0,45000.0,,,,53.0,9/9/2006 11:59:00 PM,1/1/2006 12:01:00 AM,MC,,bsee_war,True,DIAMOND OCEAN AMERICA,drilling_rig,,,semi_sub,semi_sub_100m,21.0,generic,,,,,,,,,
DIAMOND OCEAN BARONESS,semi_submersible,,,,,,,,,104.0,78.0,45000.0,,,,18.0,9/6/2008 11:59:00 PM,1/10/2010 12:01:00 AM,GB,,bsee_war,True,DIAMOND OCEAN BARONESS,drilling_rig,,,semi_sub,semi_sub_100m,21.0,generic,,,,,,,,,
DIAMOND OCEAN BLACKHAWK,semi_submersible,,,,,,12000.0,40000.0,,230.7,36.0,70459.0,,,2015.0,72.0,9/8/2018 11:59:00 PM,1/1/2017,MC,,bsee_war,True,DIAMOND OCEAN BLACKHAWK,drilling_rig,,https://noblecorp.com/wp-content/uploads/2026/05/Noble-BlackHawk-Rig-Summary.pdf,semi_sub,semi_sub_100m,11.0,measured,,22.2,9.8,24300.0,,,,,
DIAMOND OCEAN BLACKHORNET,semi_submersible,,,,,,12000.0,40000.0,,230.7,36.0,70459.0,,,2015.0,72.0,9/9/2023 11:59:00 PM,1/1/2017 12:01:00 AM,MC,,bsee_war,True,DIAMOND OCEAN BLACKHORNET,drilling_rig,,https://noblecorp.com/wp-content/uploads/2026/05/Noble-BlackHornet-Rig-Summary.pdf,semi_sub,semi_sub_100m,11.0,measured,,22.2,9.8,24300.0,,,,,
DIAMOND OCEAN BLACKLION,semi_submersible,,,,,,12000.0,40000.0,,230.7,36.0,70459.0,,,2015.0,40.0,9/9/2017,1/1/2017 12:01:00 AM,GC,,bsee_war,True,DIAMOND OCEAN BLACKLION,drilling_rig,,https://noblecorp.com/wp-content/uploads/2026/05/Noble-BlackLion-Rig-Summary.pdf,semi_sub,semi_sub_100m,21.0,measured,,22.2,9.8,24300.0,,,,,
DIAMOND OCEAN BLACKRHINO,semi_submersible,,,,,,12000.0,40000.0,,230.7,36.0,70459.0,,,2015.0,18.0,9/9/2017 11:59:00 PM,1/13/2019,GC,,bsee_war,True,DIAMOND OCEAN BLACKRHINO,drilling_rig,,https://s201.q4cdn.com/439848451/files/doc_downloads/fleet/2024/08/ocean-blackrhino-specification-sheet-revised.pdf,semi_sub,semi_sub_100m,11.0,measured,,22.2,9.8,24300.0,,,,,
DIAMOND OCEAN CHAMPION,semi_submersible,,,,,,,,,104.0,78.0,45000.0,,,,30.0,9/9/2006 11:59:00 PM,1/1/2006 12:01:00 AM,ST,,bsee_war,True,DIAMOND OCEAN CHAMPION,drilling_rig,,,semi_sub,semi_sub_100m,21.0,generic,,,,,,,,,
DIAMOND OCEAN COLUMBIA,semi_submersible,,,,,,,,,104.0,78.0,45000.0,,,,38.0,9/9/2006 11:59:00 PM,1/1/2012 12:01:00 AM,SS,,bsee_war,True,DIAMOND OCEAN COLUMBIA,drilling_rig,,,semi_sub,semi_sub_100m,21.0,generic,,,,,,,,,
DIAMOND OCEAN CONCORD,semi_submersible,,,,,,,,444.0,104.0,78.0,45000.0,,,,18.0,9/9/2006 11:59:00 PM,1/14/2007 12:01:00 AM,EW,,bsee_war,True,DIAMOND OCEAN CONCORD,drilling_rig,,,semi_sub,semi_sub_100m,21.0,generic,,,,,,,,,
DIAMOND OCEAN CONFIDENCE,semi_submersible,,,,,,,,,104.0,78.0,45000.0,,,,37.0,9/9/2006 11:59:00 PM,1/1/2006 12:01:00 AM,MC,,bsee_war,True,DIAMOND OCEAN CONFIDENCE,drilling_rig,,,semi_sub,semi_sub_100m,21.0,generic,,,,,,,,,
DIAMOND OCEAN CRUSADER,semi_submersible,,,,,,,,51.0,104.0,78.0,45000.0,,,,42.0,9/9/2006 11:59:00 PM,1/1/2006 12:01:00 AM,SS,,bsee_war,True,DIAMOND OCEAN CRUSADER,drilling_rig,,,semi_sub,semi_sub_100m,21.0,generic,,,,,,,,,
DIAMOND OCEAN DRAKE,semi_submersible,,,,,,,,45.0,104.0,78.0,45000.0,,,,58.0,9/9/2006 11:59:00 PM,1/1/2003,ST,,bsee_war,True,DIAMOND OCEAN DRAKE,drilling_rig,,,semi_sub,semi_sub_100m,21.0,generic,,,,,,,,,
DIAMOND OCEAN ENDEAVOR,semi_submersible,,,,,,8000.0,35000.0,,93.3,93.3,42570.0,,,1975.0,19.0,9/8/2007 11:59:00 PM,1/10/2010 12:01:00 AM,GC,,bsee_war,True,DIAMOND OCEAN ENDEAVOR,drilling_rig,,https://noblecorp.com/wp-content/uploads/2026/05/Noble-Endeavor-Rig-Summary.pdf,semi_sub,semi_sub_100m,22.7,measured,,27.7,7.6,6614.0,,,,,
DIAMOND-OCEAN KING,semi_submersible,,,,,,,,,104.0,78.0,45000.0,,,,4.0,9/26/1999,10/11/1999,HI,,bsee_war,True,DIAMOND-OCEAN KING,drilling_rig,,,semi_sub,semi_sub_100m,21.0,generic,,,,,,,,,
DIAMOND OCEAN LEXINGTON,semi_submersible,,,,,,,,517.0,104.0,78.0,45000.0,,,,15.0,9/9/1999,1/1/2006 12:01:00 AM,GB,,bsee_war,True,DIAMOND OCEAN LEXINGTON,drilling_rig,,,semi_sub,semi_sub_100m,21.0,generic,,,,,,,,,
DIAMOND OCEAN MONARCH,semi_submersible,,,,,,,,,104.0,78.0,45000.0,,,,8.0,9/8/2011 11:59:00 PM,1/10/2010 12:01:00 AM,GB,,bsee_war,True,DIAMOND OCEAN MONARCH,drilling_rig,,,semi_sub,semi_sub_100m,21.0,generic,,,,,,,,,
DIAMOND OCEAN NEW ERA,semi_submersible,,,,,,,,,104.0,78.0,45000.0,,,,14.0,9/1/2006,1/14/2007 12:01:00 AM,VK,,bsee_war,True,DIAMOND OCEAN NEW ERA,drilling_rig,,,semi_sub,semi_sub_100m,21.0,generic,,,,,,,,,
DIAMOND OCEAN NUGGET,semi_submersible,,,,,,,,93.0,104.0,78.0,45000.0,,,,32.0,9/9/2003,1/1/2006 12:01:00 AM,WC,,bsee_war,True,DIAMOND OCEAN NUGGET,drilling_rig,,,semi_sub,semi_sub_100m,21.0,generic,,,,,,,,,
DIAMOND OCEAN ONYX,semi_submersible,,,,,,,,,104.0,78.0,45000.0,,,,3.0,6/6/2014,1/11/2015 12:01:00 AM,MC,,bsee_war,True,DIAMOND OCEAN ONYX,drilling_rig,,,semi_sub,semi_sub_100m,21.0,generic,,,,,,,,,
DIAMOND OCEAN QUEST,semi_submersible,,,,,,,,2670.0,104.0,78.0,45000.0,,,,42.0,9/9/2006 11:59:00 PM,1/1/2006 12:01:00 AM,EB,,bsee_war,True,DIAMOND OCEAN QUEST,drilling_rig,,,semi_sub,semi_sub_100m,21.0,generic,,,,,,,,,
DIAMOND OCEAN SARATOGA,semi_submersible,,,,,,,,1119.0,104.0,78.0,45000.0,,,,50.0,9/8/2007 11:59:00 PM,1/10/2010,MC,,bsee_war,True,DIAMOND OCEAN SARATOGA,drilling_rig,,,semi_sub,semi_sub_100m,21.0,generic,,,,,,,,,
DIAMOND OCEAN SCEPTER,semi_submersible,,,,,,,,,104.0,78.0,45000.0,,,,5.0,7/3/2010 11:59:00 PM,2/16/2010,EI,,bsee_war,True,DIAMOND OCEAN SCEPTER,drilling_rig,,,semi_sub,semi_sub_100m,21.0,generic,,,,,,,,,
DIAMOND OCEAN SPARTAN,semi_submersible,,,,,,,,172.0,104.0,78.0,45000.0,,,,63.0,9/9/2006 11:59:00 PM,1/10/2010 12:01:00 AM,HI,,bsee_war,True,DIAMOND OCEAN SPARTAN,drilling_rig,,,semi_sub,semi_sub_100m,21.0,generic,,,,,,,,,
DIAMOND OCEAN STAR,semi_submersible,,,,,,,,3789.0,104.0,78.0,45000.0,,,,32.0,9/9/2006 11:59:00 PM,1/1/2006 12:01:00 AM,EB,,bsee_war,True,DIAMOND OCEAN STAR,drilling_rig,,,semi_sub,semi_sub_100m,21.0,generic,,,,,,,,,
DIAMOND OCEAN SUMMIT,semi_submersible,,,,,,,,238.0,104.0,78.0,45000.0,,,,54.0,9/9/2006 11:59:00 PM,1/1/2006 12:01:00 AM,WC,,bsee_war,True,DIAMOND OCEAN SUMMIT,drilling_rig,,,semi_sub,semi_sub_100m,21.0,generic,,,,,,,,,
DIAMOND OCEAN TITAN,semi_submersible,,,,,,,,184.0,104.0,78.0,45000.0,,,,64.0,9/9/2006 11:59:00 PM,1/10/2010 12:01:00 AM,SS,,bsee_war,True,DIAMOND OCEAN TITAN,drilling_rig,,,semi_sub,semi_sub_100m,21.0,generic,,,,,,,,,
DIAMOND OCEAN TITIAN,semi_submersible,,,,,,,,,104.0,78.0,45000.0,,,,2.0,9/7/1999,10/12/1999,MU,,bsee_war,True,DIAMOND OCEAN TITIAN,drilling_rig,,,semi_sub,semi_sub_100m,21.0,generic,,,,,,,,,
DIAMOND OCEAN TOWER,semi_submersible,,,,,,,,255.0,104.0,78.0,45000.0,,,,110.0,9/9/2007 11:59:00 PM,1/1/2006 12:01:00 AM,HI,,bsee_war,True,DIAMOND OCEAN TOWER,drilling_rig,,,semi_sub,semi_sub_100m,21.0,generic,,,,,,,,,
DIAMOND OCEAN VALIANT,drillship,,,,,,,,3225.0,228.0,42.0,96000.0,,,,31.0,9/9/2006 11:59:00 PM,1/1/2006 12:01:00 AM,GB,,bsee_war,True,DIAMOND OCEAN VALIANT,drilling_rig,,,drillship,drillship_230m,12.0,generic,,,,,,,,,
DIAMOND OCEAN VICTORY,semi_submersible,,,,,,,,5673.0,104.0,78.0,45000.0,,,,87.0,9/9/2006 11:59:00 PM,1/1/2006 12:01:00 AM,MC,,bsee_war,True,DIAMOND OCEAN VICTORY,drilling_rig,,,semi_sub,semi_sub_100m,21.0,generic,,,,,,,,,
DIAMOND OCEAN VOYAGER,semi_submersible,,,,,,,,,104.0,78.0,45000.0,,,,22.0,9/9/2001,1/1/2006 12:01:00 AM,GB,,bsee_war,True,DIAMOND OCEAN VOYAGER,drilling_rig,,,semi_sub,semi_sub_100m,21.0,generic,,,,,,,,,
DIAMOND OCEAN WARWICK,semi_submersible,,,,,,,,,104.0,78.0,45000.0,,,,10.0,8/6/2005 11:59:00 PM,5/15/2005 12:01:00 AM,MP,,bsee_war,True,DIAMOND OCEAN WARWICK,drilling_rig,,,semi_sub,semi_sub_100m,21.0,generic,,,,,,,,,
DIAMOND OCEAN WINNER,semi_submersible,,,,,,,,,104.0,78.0,45000.0,,,,1.0,2/7/1998,1/10/1998,GC,,bsee_war,True,DIAMOND OCEAN WINNER,drilling_rig,,,semi_sub,semi_sub_100m,21.0,generic,,,,,,,,,
DIAMOND OCEAN WORKDER,semi_submersible,,,,,,,,,104.0,78.0,45000.0,,,,6.0,9/4/2000,1/30/2001,GB,,bsee_war,True,DIAMOND OCEAN WORKDER,drilling_rig,,,semi_sub,semi_sub_100m,21.0,generic,,,,,,,,,
DIAMOND OCEAN WORKER,semi_submersible,,,,,,,,,104.0,78.0,45000.0,,,,9.0,9/17/2001,1/16/2001,GB,,bsee_war,True,DIAMOND OCEAN WORKER,drilling_rig,,,semi_sub,semi_sub_100m,21.0,generic,,,,,,,,,
DIAMOND OFFSHORE RATHER,semi_submersible,,,,,,,,,104.0,78.0,45000.0,,,,2.0,9/7/1999,7/20/1999,MC,,bsee_war,True,DIAMOND OFFSHORE RATHER,drilling_rig,,,semi_sub,semi_sub_100m,21.0,generic,,,,,,,,,
DIAMOND OFFSHORE WEST VELA,semi_submersible,,,,,,,,,104.0,78.0,45000.0,,,,14.0,9/9/2023 11:59:00 PM,1/14/2024,GC,,bsee_war,True,DIAMOND OFFSHORE WEST VELA,drilling_rig,,,semi_sub,semi_sub_100m,21.0,generic,,,,,,,,,
DIAMOND OFFSHORE/OCEAN SPARTAN,semi_submersible,,,,,,,,,104.0,78.0,45000.0,,,,1.0,9/28/1998,9/15/1998,WD,,bsee_war,True,DIAMOND OFFSHORE/OCEAN SPARTAN,drilling_rig,,,semi_sub,semi_sub_100m,21.0,generic,,,,,,,,,
DIAMOND SARATOGA,semi_submersible,,,,,,,,,104.0,78.0,45000.0,,,,4.0,9/8/1998,10/14/1998,GC,,bsee_war,True,DIAMOND SARATOGA,drilling_rig,,,semi_sub,semi_sub_100m,21.0,generic,,,,,,,,,
DIAMOND SUMMIT,semi_submersible,,,,,,,,,104.0,78.0,45000.0,,,,3.0,8/28/2000,1/27/1998,WC,,bsee_war,True,DIAMOND SUMMIT,drilling_rig,,,semi_sub,semi_sub_100m,21.0,generic,,,,,,,,,
DIAMOND VICTORY,jack_up,,,,,,,,,70.0,76.0,16000.0,,,,1.0,5/13/2001,10/15/2001,MC,,bsee_war,True,DIAMOND VICTORY,drilling_rig,,,jackup,jackup_70m,5.5,generic,,,,,,,,,
DIAMOND WEST AURIGA,semi_submersible,,,,,,,,,104.0,78.0,45000.0,,,,10.0,9/9/2023 11:59:00 PM,1/1/2023 12:01:00 AM,GC,,bsee_war,True,DIAMOND WEST AURIGA,drilling_rig,,,semi_sub,semi_sub_100m,21.0,generic,,,,,,,,,
DIAMOND WORKER,jack_up,,,,,,,,,70.0,76.0,16000.0,,,,19.0,9/7/1999,1/11/2000,GC,,bsee_war,True,DIAMOND WORKER,drilling_rig,,,jackup,jackup_70m,5.5,generic,,,,,,,,,
DIAMOND'S OCEAN CONFIDENCE,semi_submersible,,,,,,,,3944.0,104.0,78.0,45000.0,,,,1.0,9/3/2005,4/16/2006,GC,,bsee_war,True,DIAMOND'S OCEAN CONFIDENCE,drilling_rig,,,semi_sub,semi_sub_100m,21.0,generic,,,,,,,,,
DIAMOND-OCEN KING,semi_submersible,,,,,,,,,104.0,78.0,45000.0,,,,1.0,6/6/1999,5/24/1999,HI,,bsee_war,True,DIAMOND-OCEN KING,drilling_rig,,,semi_sub,semi_sub_100m,21.0,generic,,,,,,,,,
DICSOVERER 534,drillship,,,,,,,,,228.0,42.0,96000.0,,,,1.0,9/6/2000,8/24/2000,MC,,bsee_war,True,DICSOVERER 534,drilling_rig,,,drillship,drillship_230m,12.0,generic,,,,,,,,,
DISCOVER DEEP SEAS,drillship,,,,,,,,4292.0,228.0,42.0,96000.0,,,,4.0,8/6/2002,3/11/2002,GC,,bsee_war,True,DISCOVER DEEP SEAS,drilling_rig,,,drillship,drillship_230m,12.0,generic,,,,,,,,,
DISCOVER ENTERPIRSE,drillship,,,,,,,,5613.0,228.0,42.0,96000.0,,,,1.0,5/27/2006,5/17/2006,MC,,bsee_war,True,DISCOVER ENTERPIRSE,drilling_rig,,,drillship,drillship_230m,12.0,generic,,,,,,,,,
DISCOVER ENTERPRISE,drillship,,,,,,,,6271.0,228.0,42.0,96000.0,,,,9.0,9/30/2006,1/1/2006,MC,,bsee_war,True,DISCOVER ENTERPRISE,drilling_rig,,,drillship,drillship_230m,12.0,generic,,,,,,,,,
DISCOVERER 534,drillship,,,,,,7000.0,25000.0,7000.0,162.76,26.52,,,,1975.0,14.0,9/6/1998,1/13/2000,GC,,bsee_war,True,DISCOVERER 534,drilling_rig,,,drillship,drillship_160m,,,,,,,,,,,
DISCOVERER DEEP SEA,drillship,,,,,,,,,228.0,42.0,96000.0,,,,1.0,3/3/2002,1/14/2002,GC,,bsee_war,True,DISCOVERER DEEP SEA,drilling_rig,,,drillship,drillship_230m,12.0,generic,,,,,,,,,
DISCOVERER DEEP SEAS,drillship,,,,,,10000.0,35000.0,10000.0,254.51,38.1,,,,,45.0,9/9/2006 11:59:00 PM,1/1/2006 12:01:00 AM,AC,,bsee_war,True,DISCOVERER DEEP SEAS,drilling_rig,,,drillship,drillship_250m,,,,,,,,,,,
DISCOVERER ENTERPRISE,drillship,,,,,,10000.0,35000.0,10000.0,254.51,38.1,,,,1999.0,22.0,9/9/2006 11:59:00 PM,1/1/2012 12:01:00 AM,MC,,bsee_war,True,DISCOVERER ENTERPRISE,drilling_rig,,,drillship,drillship_250m,,,,,,,,,,,
DISCOVERER SEVEN SEAS,drillship,,,,,,7000.0,25000.0,7000.0,162.76,26.21,,,,1976.0,12.0,9/9/1998,1/10/1999,MC,,bsee_war,True,DISCOVERER SEVEN SEAS,drilling_rig,,,drillship,drillship_160m,,,,,,,,,,,
DISCOVERER SPIRIT,drillship,,,,,,10000.0,35000.0,10000.0,254.51,38.1,,,,2000.0,44.0,9/9/2006 11:59:00 PM,1/1/2006 12:01:00 AM,MC,,bsee_war,True,DISCOVERER SPIRIT,drilling_rig,,,drillship,drillship_250m,,,,,,,,,,,
DISCOVERY DEEP SEAS,drillship,,,,,,,,4292.0,228.0,42.0,96000.0,,,,1.0,2/9/2003,1/20/2003,GC,,bsee_war,True,DISCOVERY DEEP SEAS,drilling_rig,,,drillship,drillship_230m,12.0,generic,,,,,,,,,
DISCOVERY ENTERPRISE,drillship,,,,,,,,,228.0,42.0,96000.0,,,,2.0,4/2/2001,1/2/2001,MC,,bsee_war,True,DISCOVERY ENTERPRISE,drilling_rig,,,drillship,drillship_230m,12.0,generic,,,,,,,,,
DISOVERER SPIRIT,drillship,,,,,,,,8056.0,228.0,42.0,96000.0,,,,1.0,7/7/2003,6/17/2003,AT,,bsee_war,True,DISOVERER SPIRIT,drilling_rig,,,drillship,drillship_230m,12.0,generic,,,,,,,,,
DIVE BOAT,support_vessel,,,,,,,,450.0,,,,,,,3.0,5/8/2004,10/28/2003,GA,,bsee_war,True,DIVE BOAT,drilling_rig,,,,,,,,,,,,,,,
DIVE VESSEL/WIRELINE UNIT,support_vessel,,,,,,,,,,,,,,,1.0,9/22/2002,1/6/2003,WD,,bsee_war,True,DIVE VESSEL/WIRELINE UNIT,drilling_rig,,,,,,,,,,,,,,,
DIXIE ENDEAVOR LIFT BOAT,lift_boat,,,,,,,,133.0,70.0,76.0,16000.0,,,,1.0,7/24/2004,7/11/2004,PN,,bsee_war,True,DIXIE ENDEAVOR LIFT BOAT,drilling_rig,,,jackup,jackup_70m,5.5,generic,,,,,,,,,
DIXIE LEGACY LIFT BOAT,lift_boat,,,,,,,,180.0,70.0,76.0,16000.0,,,,2.0,7/3/2004,5/16/2004,MO,,bsee_war,True,DIXIE LEGACY LIFT BOAT,drilling_rig,,,jackup,jackup_70m,5.5,generic,,,,,,,,,
DIZAMOND OCEAN COLUMBIA,semi_submersible,,,,,,,,,104.0,78.0,45000.0,,,,1.0,3/31/2003,3/11/2003,EI,,bsee_war,True,DIZAMOND OCEAN COLUMBIA,drilling_rig,,,semi_sub,semi_sub_100m,21.0,generic,,,,,,,,,
DO CONCORD,semi_submersible,,,,,,,,2033.0,104.0,78.0,45000.0,,,,1.0,12/8/2003,11/17/2003,VK,,bsee_war,True,DO CONCORD,drilling_rig,,,semi_sub,semi_sub_100m,21.0,generic,,,,,,,,,
DO QUEST,semi_submersible,,,,,,,,1849.0,104.0,78.0,45000.0,,,,1.0,7/4/2003,6/12/2003,MC,,bsee_war,True,DO QUEST,drilling_rig,,,semi_sub,semi_sub_100m,21.0,generic,,,,,,,,,
DOLPHIN,jack_up,,,,,,,,,70.0,76.0,16000.0,,,,1.0,9/23/2001,9/17/2001,ST,,bsee_war,True,DOLPHIN,drilling_rig,,,jackup,jackup_70m,5.5,generic,,,,,,,,,
DOLPHIN 105,jack_up,,,,,,,,,70.0,76.0,16000.0,,,,4.0,9/6/1999,10/1/2002,SS,,bsee_war,True,DOLPHIN 105,drilling_rig,,,jackup,jackup_70m,5.5,generic,,,,,,,,,
DOLPHIN 106,jack_up,,,,,,,,148.0,70.0,76.0,16000.0,,,,15.0,9/8/2004,1/22/2006,HI,,bsee_war,True,DOLPHIN 106,drilling_rig,,,jackup,jackup_70m,5.5,generic,,,,,,,,,
DOLPHIN 109,jack_up,,,,,,,,45.0,70.0,76.0,16000.0,,,,12.0,7/7/2006,1/13/2003,WD,,bsee_war,True,DOLPHIN 109,drilling_rig,,,jackup,jackup_70m,5.5,generic,,,,,,,,,
DOLPHIN 110,jack_up,,,,,,,,66.0,70.0,76.0,16000.0,,,,39.0,9/9/1998,1/1/2001,MO,,bsee_war,True,DOLPHIN 110,drilling_rig,,,jackup,jackup_70m,5.5,generic,,,,,,,,,
DOLPHIN 111,jack_up,,,,,,,,,70.0,76.0,16000.0,,,,8.0,7/23/2000,4/10/2004,WD,,bsee_war,True,DOLPHIN 111,drilling_rig,,,jackup,jackup_70m,5.5,generic,,,,,,,,,
DOLPHIN II0,jack_up,,,,,,,,,70.0,76.0,16000.0,,,,1.0,9/4/1998,8/10/1998,MO,,bsee_war,True,DOLPHIN II0,drilling_rig,,,jackup,jackup_70m,5.5,generic,,,,,,,,,
DOLPHIN III,jack_up,,,,,,,,,70.0,76.0,16000.0,,,,6.0,9/6/1998,10/21/2002,ST,,bsee_war,True,DOLPHIN III,drilling_rig,,,jackup,jackup_70m,5.5,generic,,,,,,,,,
DOLPHIN TITAL 105 (JU),jack_up,,,,,,,,,70.0,76.0,16000.0,,,,1.0,12/7/1999,11/29/1999,VR,,bsee_war,True,DOLPHIN TITAL 105 (JU),drilling_rig,,,jackup,jackup_70m,5.5,generic,,,,,,,,,
DOLPHIN TITAL 106 (JU),jack_up,,,,,,,,37.0,70.0,76.0,16000.0,,,,2.0,9/7/1999,10/17/2004,VR,,bsee_war,True,DOLPHIN TITAL 106 (JU),drilling_rig,,,jackup,jackup_70m,5.5,generic,,,,,,,,,
DOLPHIN TITAN 105 (JU),jack_up,,,,,,,,,70.0,76.0,16000.0,,,,1.0,12/21/1999,12/14/1999,VR,,bsee_war,True,DOLPHIN TITAN 105 (JU),drilling_rig,,,jackup,jackup_70m,5.5,generic,,,,,,,,,
DOLPHIN TITAN 106 (JU),jack_up,,,,,,,,,70.0,76.0,16000.0,,,,4.0,9/21/1999,10/7/1999,VR,,bsee_war,True,DOLPHIN TITAN 106 (JU),drilling_rig,,,jackup,jackup_70m,5.5,generic,,,,,,,,,
DOLPHIN TITAN 110,jack_up,,,,,,,,,70.0,76.0,16000.0,,,,1.0,2/11/2002,1/17/2002,ST,,bsee_war,True,DOLPHIN TITAN 110,drilling_rig,,,jackup,jackup_70m,5.5,generic,,,,,,,,,
DOLPHIN TITAN 111,jack_up,,,,,,,,,70.0,76.0,16000.0,,,,3.0,4/1/2000,1/4/2000,WD,,bsee_war,True,DOLPHIN TITAN 111,drilling_rig,,,jackup,jackup_70m,5.5,generic,,,,,,,,,
DOLPHIN TITAN III,jack_up,,,,,,,,,70.0,76.0,16000.0,,,,1.0,4/4/1999,3/22/1999,ST,,bsee_war,True,DOLPHIN TITAN III,drilling_rig,,,jackup,jackup_70m,5.5,generic,,,,,,,,,
DOLPHION TITAL 106 (JU),jack_up,,,,,,,,,70.0,76.0,16000.0,,,,1.0,11/30/1999,11/16/1999,VR,,bsee_war,True,DOLPHION TITAL 106 (JU),drilling_rig,,,jackup,jackup_70m,5.5,generic,,,,,,,,,
DOTS OCEAN NUGGET,semi_submersible,,,,,,,,,104.0,78.0,45000.0,,,,1.0,12/7/1998,10/14/1998,MI,,bsee_war,True,DOTS OCEAN NUGGET,drilling_rig,,,semi_sub,semi_sub_100m,21.0,generic,,,,,,,,,
DP WORKBOAT,support_vessel,,,,,,,,186.0,,,,,,,2.0,9/4/2004,11/21/2004,VR,,bsee_war,True,DP WORKBOAT,drilling_rig,,,,,,,,,,,,,,,
DRILLING 3-1/16 CTU FOR SIDETRACKS WITH MUD MOTOR,coil_tubing_unit,,,,,,,,,,,,,,,1.0,11/4/2006 11:59:00 PM,11/1/2006,EW,,bsee_war,True,DRILLING 3-1/16 CTU FOR SIDETRACKS WITH MUD MOTOR,drilling_rig,,,,,,,,,,,,,,,
DRL,unknown,,,,,,,,,,,,,,,2.0,9/29/2000,1/18/2002,ST,,bsee_war,True,DRL,drilling_rig,,,,,,,,,,,,,,,
DSV,support_vessel,,,,,,,,365.0,,,,,,,2.0,8/7/2004,8/1/2004,VR,,bsee_war,True,DSV,drilling_rig,,,,,,,,,,,,,,,
"DSV ""AMERICAN CONSTITUTION""",support_vessel,,,,,,,,364.0,,,,,,,1.0,7/31/2005,7/28/2005,VR,,bsee_war,True,"DSV ""AMERICAN CONSTITUTION""",drilling_rig,,,,,,,,,,,,,,,
DSV-AMERICAN TRIUMPH,support_vessel,,,,,,,,134.0,,,,,,,1.0,12/7/2003,11/14/2003,HI,,bsee_war,True,DSV-AMERICAN TRIUMPH,drilling_rig,,,,,,,,,,,,,,,
DT-105,jack_up,,,,,,,,,70.0,76.0,16000.0,,,,2.0,12/4/2000,11/2/1999,VR,,bsee_war,True,DT-105,drilling_rig,,,jackup,jackup_70m,5.5,generic,,,,,,,,,
DT 106,jack_up,,,,,,,,63.0,70.0,76.0,16000.0,,,,2.0,9/28/2003,11/24/2003,SP,,bsee_war,True,DT 106,drilling_rig,,,jackup,jackup_70m,5.5,generic,,,,,,,,,
DT 110,jack_up,,,,,,,,,70.0,76.0,16000.0,,,,1.0,7/21/1998,4/16/2001,ST,,bsee_war,True,DT 110,drilling_rig,,,jackup,jackup_70m,5.5,generic,,,,,,,,,
DUAL RIG 41,jack_up,,,,,,,,,70.0,76.0,16000.0,,,,1.0,10/6/2002,10/7/2002,EC,,bsee_war,True,DUAL RIG 41,drilling_rig,,,jackup,jackup_70m,5.5,generic,,,,,,,,,
DULARGE,unknown,,,,,,,,,,,,,,,1.0,5/29/2000,5/18/2000,MP,,bsee_war,True,DULARGE,drilling_rig,,,,,,,,,,,,,,,
DUPLICATE FOR DEEPWATER ASGARD -USE 51292,drillship,,,,,,,,,228.0,42.0,96000.0,,,,2.0,12/5/2015 11:59:00 PM,10/14/2015,GC,,bsee_war,True,DUPLICATE FOR DEEPWATER ASGARD -USE 51292,drilling_rig,,,drillship,drillship_230m,12.0,generic,,,,,,,,,
DW MILLENNIUM,drillship,,,,,,,,4017.0,228.0,42.0,96000.0,,,,1.0,7/3/2004,6/13/2004,GC,,bsee_war,True,DW MILLENNIUM,drilling_rig,,,drillship,drillship_230m,12.0,generic,,,,,,,,,
DW NAUTILUS,semi_submersible,,,,,,,,,104.0,78.0,45000.0,,,,1.0,3/5/2001,1/16/2001,AC,,bsee_war,True,DW NAUTILUS,drilling_rig,,,semi_sub,semi_sub_100m,21.0,generic,,,,,,,,,
DW PATHFINDER,drillship,,,,,,,,,228.0,42.0,96000.0,,,,5.0,9/6/2002,1/26/2002,WR,,bsee_war,True,DW PATHFINDER,drilling_rig,,,drillship,drillship_230m,12.0,generic,,,,,,,,,
DW PATHFINDER/GLOMAR EXPLORER,drillship,,,,,,,,,228.0,42.0,96000.0,,,,3.0,2/8/2002,1/12/2002,GC,,bsee_war,True,DW PATHFINDER/GLOMAR EXPLORER,drilling_rig,,,drillship,drillship_230m,12.0,generic,,,,,,,,,
DW PATHFRINDER,drillship,,,,,,,,,228.0,42.0,96000.0,,,,1.0,2/7/2003,1/25/2003,KC,,bsee_war,True,DW PATHFRINDER,drilling_rig,,,drillship,drillship_230m,12.0,generic,,,,,,,,,
E/LINE,wireline_unit,,,,,,,,30.0,,,,,,,3.0,9/10/2003,2/18/2003,SS,,bsee_war,True,E/LINE,drilling_rig,,,,,,,,,,,,,,,
E LINE AND PARKER 21-J,platform_rig,,,,,,,,46.0,,,,,,,1.0,9/28/2003,9/27/2003,MP,,bsee_war,True,E LINE AND PARKER 21-J,drilling_rig,,,,,,,,,,,,,,,
E LINE AND PARKER 21J,platform_rig,,,,,,,,46.0,,,,,,,1.0,10/16/2003,10/13/2003,MP,,bsee_war,True,E LINE AND PARKER 21J,drilling_rig,,,,,,,,,,,,,,,
E-LINE & CTU,wireline_unit,,,,,,,,,,,,,,,1.0,2/7/2004,1/27/2004,EI,,bsee_war,True,E-LINE & CTU,drilling_rig,,,,,,,,,,,,,,,
E-LINE & TCU,wireline_unit,,,,,,,,,,,,,,,1.0,2/7/2004,1/27/2004,EI,,bsee_war,True,E-LINE & TCU,drilling_rig,,,,,,,,,,,,,,,
E-LINE / COIL TUBING,wireline_unit,,,,,,,,196.0,,,,,,,1.0,2/19/2005,2/13/2005,VR,,bsee_war,True,E-LINE / COIL TUBING,drilling_rig,,,,,,,,,,,,,,,
E-LINE / COOIL TUBING UNIT,wireline_unit,,,,,,,,196.0,,,,,,,1.0,3/5/2005,2/20/2005,VR,,bsee_war,True,E-LINE / COOIL TUBING UNIT,drilling_rig,,,,,,,,,,,,,,,
E-LINE / S-LINE,wireline_unit,,,,,,,,,,,,,,,1.0,9/14/2003,9/9/2003,EI,,bsee_war,True,E-LINE / S-LINE,drilling_rig,,,,,,,,,,,,,,,
E-LINE UNIT,wireline_unit,,,,,,,,130.0,,,,,,,7.0,7/31/2004,12/2/2003,EC,,bsee_war,True,E-LINE UNIT,drilling_rig,,,,,,,,,,,,,,,
E-LINE/SLICKLINE,wireline_unit,,,,,,,,44.0,,,,,,,1.0,5/29/2004,2/24/2004,WC,,bsee_war,True,E-LINE/SLICKLINE,drilling_rig,,,,,,,,,,,,,,,
E-LINE/SLICKLINE UNIT,wireline_unit,,,,,,,,,,,,,,,1.0,8/2/2003,7/13/2003,EI,,bsee_war,True,E-LINE/SLICKLINE UNIT,drilling_rig,,,,,,,,,,,,,,,
E-LINE/SLICKLINE/CTU,wireline_unit,,,,,,,,52.0,,,,,,,1.0,4/17/2004,4/11/2004,SS,,bsee_war,True,E-LINE/SLICKLINE/CTU,drilling_rig,,,,,,,,,,,,,,,
"E-LINTE, CT",wireline_unit,,,,,,,,2160.0,,,,,,,1.0,2/29/2004,2/16/2004,SM,,bsee_war,True,"E-LINTE, CT",drilling_rig,,,,,,,,,,,,,,,
E/L,wireline_unit,,,,,,,,25.0,,,,,,,6.0,7/25/2004,11/30/2001,SS,,bsee_war,True,E/L,drilling_rig,,,,,,,,,,,,,,,
E/L & SNUBBING UNIT,wireline_unit,,,,,,,,36.0,,,,,,,1.0,5/1/2004,4/11/2004,MP,,bsee_war,True,E/L & SNUBBING UNIT,drilling_rig,,,,,,,,,,,,,,,
E/LINE & CT,wireline_unit,,,,,,,,107.0,,,,,,,1.0,6/5/2004,5/16/2004,EI,,bsee_war,True,E/LINE & CT,drilling_rig,,,,,,,,,,,,,,,
EAR FREDERICKSON,jack_up,,,,,,,,,70.0,76.0,16000.0,,,,1.0,12/28/2000,1/5/2001,WC,,bsee_war,True,EAR FREDERICKSON,drilling_rig,,,jackup,jackup_70m,5.5,generic,,,,,,,,,
EARL FREDEREICKSON,jack_up,,,,,,,,,70.0,76.0,16000.0,,,,1.0,2/13/2001,10/22/2000,WC,,bsee_war,True,EARL FREDEREICKSON,drilling_rig,,,jackup,jackup_70m,5.5,generic,,,,,,,,,
EARL FREDERICKSON,jack_up,,,,,,,,,70.0,76.0,16000.0,,,,12.0,9/7/2000,1/19/2001,WC,,bsee_war,True,EARL FREDERICKSON,drilling_rig,,,jackup,jackup_70m,5.5,generic,,,,,,,,,
EARL FREDERICSON,jack_up,,,,,,,,,70.0,76.0,16000.0,,,,1.0,8/3/2000,6/19/2000,WC,,bsee_war,True,EARL FREDERICSON,drilling_rig,,,jackup,jackup_70m,5.5,generic,,,,,,,,,
EARL FREDRICKSON,jack_up,,,,,,,,,70.0,76.0,16000.0,,,,1.0,7/3/2000,1/19/2000,WC,,bsee_war,True,EARL FREDRICKSON,drilling_rig,,,jackup,jackup_70m,5.5,generic,,,,,,,,,
ECSCO 98,jack_up,,,,,,,,51.0,70.0,76.0,16000.0,,,,1.0,8/6/2005,7/23/2005,MP,,bsee_war,True,ECSCO 98,drilling_rig,,,jackup,jackup_70m,5.5,generic,,,,,,,,,
EDDIE PAUL,jack_up,,,,,,,,305.0,70.0,76.0,16000.0,,,,50.0,9/5/1999,1/1/2001,MP,,bsee_war,True,EDDIE PAUL,drilling_rig,,,jackup,jackup_70m,5.5,generic,,,,,,,,,
EE-LINE,wireline_unit,,,,,,,,70.0,,,,,,,1.0,8/7/2004,8/1/2004,SM,,bsee_war,True,EE-LINE,drilling_rig,,,,,,,,,,,,,,,
EL,wireline_unit,,,,,,,,721.0,,,,,,,104.0,9/8/2001,1/13/2004,VR,,bsee_war,True,EL,drilling_rig,,,,,,,,,,,,,,,
EL & P&A UNIT,wireline_unit,,,,,,,,720.0,,,,,,,1.0,7/24/2004,7/11/2004,GB,,bsee_war,True,EL & P&A UNIT,drilling_rig,,,,,,,,,,,,,,,
EL/SL,wireline_unit,,,,,,,,123.0,,,,,,,2.0,7/9/2005,5/23/2005,SP,,bsee_war,True,EL/SL,drilling_rig,,,,,,,,,,,,,,,
EL/SLU,wireline_unit,,,,,,,,190.0,,,,,,,2.0,9/18/2004,3/29/1997,WC,,bsee_war,True,EL/SLU,drilling_rig,,,,,,,,,,,,,,,
EL UNIT,wireline_unit,,,,,,,,274.0,,,,,,,24.0,9/5/2005,10/2/2005,SS,,bsee_war,True,EL UNIT,drilling_rig,,,,,,,,,,,,,,,
"EL,SL,CTU",wireline_unit,,,,,,,,184.0,,,,,,,1.0,11/5/2005,10/19/2005,HI,,bsee_war,True,"EL,SL,CTU",drilling_rig,,,,,,,,,,,,,,,
EL/CT,wireline_unit,,,,,,,,,,,,,,,5.0,9/7/2002,1/21/2001,SS,,bsee_war,True,EL/CT,drilling_rig,,,,,,,,,,,,,,,
EL/CTU,wireline_unit,,,,,,,,272.0,,,,,,,1.0,8/7/2003,2/18/2004,VR,,bsee_war,True,EL/CTU,drilling_rig,,,,,,,,,,,,,,,
EL/EDDIE PAUL,wireline_unit,,,,,,,,210.0,,,,,,,1.0,6/8/2003,6/16/2003,WD,,bsee_war,True,EL/EDDIE PAUL,drilling_rig,,,,,,,,,,,,,,,
EL/SL UNIT,wireline_unit,,,,,,,,255.0,,,,,,,1.0,7/9/2005,6/26/2005,HI,,bsee_war,True,EL/SL UNIT,drilling_rig,,,,,,,,,,,,,,,
EL/SLICKLINE,wireline_unit,,,,,,,,50.0,,,,,,,1.0,3/20/2004,2/10/2004,EI,,bsee_war,True,EL/SLICKLINE,drilling_rig,,,,,,,,,,,,,,,
EL/SNUBBING UNIT,wireline_unit,,,,,,,,,,,,,,,1.0,6/13/2003,6/9/2003,SM,,bsee_war,True,EL/SNUBBING UNIT,drilling_rig,,,,,,,,,,,,,,,
ELEC LINE UNIT,wireline_unit,,,,,,,,,,,,,,,1.0,7/8/1998,7/4/2000,MI,,bsee_war,True,ELEC LINE UNIT,drilling_rig,,,,,,,,,,,,,,,
ELECTRIC LIN UNIT,wireline_unit,,,,,,,,,,,,,,,1.0,4/6/2003,3/24/2003,MP,,bsee_war,True,ELECTRIC LIN UNIT,drilling_rig,,,,,,,,,,,,,,,
ELECTRIC LINE,wireline_unit,,,,,,,,484.0,,,,,,,55.0,9/9/2002,1/1/2005,SS,,bsee_war,True,ELECTRIC LINE,drilling_rig,,,,,,,,,,,,,,,
ELECTRIC LINE / COIL TUBING,wireline_unit,,,,,,,,196.0,,,,,,,1.0,2/20/2005,2/13/2005,VR,,bsee_war,True,ELECTRIC LINE / COIL TUBING,drilling_rig,,,,,,,,,,,,,,,
ELECTRIC LINE/WIRELINE UNITS,wireline_unit,,,,,,,,50.0,,,,,,,1.0,7/7/2004,10/6/2003,HI,,bsee_war,True,ELECTRIC LINE/WIRELINE UNITS,drilling_rig,,,,,,,,,,,,,,,
ELECTRIC LINE UNIT,wireline_unit,,,,,,,,210.0,,,,,,,20.0,9/30/2006,1/13/2003,MP,,bsee_war,True,ELECTRIC LINE UNIT,drilling_rig,,,,,,,,,,,,,,,
"ELECTRIC LINE, RBF 253",wireline_unit,,,,,,,,142.0,,,,,,,1.0,11/9/2003,10/13/2003,SS,,bsee_war,True,"ELECTRIC LINE, RBF 253",drilling_rig,,,,,,,,,,,,,,,
ELECTRIC LINE/SLICK LINE,wireline_unit,,,,,,,,,,,,,,,1.0,4/19/2003,3/10/2003,SP,,bsee_war,True,ELECTRIC LINE/SLICK LINE,drilling_rig,,,,,,,,,,,,,,,
ELECTRIC LINE/SLICKLINE UNIT,wireline_unit,,,,,,,,212.0,,,,,,,1.0,3/13/2004,3/7/2004,EI,,bsee_war,True,ELECTRIC LINE/SLICKLINE UNIT,drilling_rig,,,,,,,,,,,,,,,
ELECTRICL LINE,wireline_unit,,,,,,,,27.0,,,,,,,1.0,3/6/2006,11/14/2005,SS,,bsee_war,True,ELECTRICL LINE,drilling_rig,,,,,,,,,,,,,,,
ELU,wireline_unit,,,,,,,,427.0,,,,,,,21.0,9/21/2004,1/16/2005,VR,,bsee_war,True,ELU,drilling_rig,,,,,,,,,,,,,,,
ELU/SLU,wireline_unit,,,,,,,,217.0,,,,,,,1.0,10/3/2004,10/3/2004,VR,,bsee_war,True,ELU/SLU,drilling_rig,,,,,,,,,,,,,,,
ENCSO 69,jack_up,,,,,,,,25.0,70.0,76.0,16000.0,,,,1.0,6/4/2005,4/10/2005,EI,,bsee_war,True,ENCSO 69,drilling_rig,,,jackup,jackup_70m,5.5,generic,,,,,,,,,
ENSCO,jack_up,,,,,,,,105.0,70.0,76.0,16000.0,,,,3.0,8/5/1998,11/28/2004,MO,,bsee_war,True,ENSCO,drilling_rig,,,jackup,jackup_70m,5.5,generic,,,,,,,,,
ENSCO 60,jack_up,,,,,,,,224.0,70.0,76.0,16000.0,,,,90.0,9/9/2006 11:59:00 PM,1/11/1999,MU,,bsee_war,True,ENSCO 60,drilling_rig,,,jackup,jackup_70m,5.5,generic,,,,,,,,,
ENSCO 83,jack_up,,,,,,,,140.0,70.0,76.0,16000.0,,,,95.0,9/9/2001,1/1/2006 12:01:00 AM,SS,,bsee_war,True,ENSCO 83,drilling_rig,,,jackup,jackup_70m,5.5,generic,,,,,,,,,
ENSCO 84,jack_up,,,,,,,,172.0,70.0,76.0,16000.0,,,,74.0,9/7/2003,1/1/2001,SS,,bsee_war,True,ENSCO 84,drilling_rig,,,jackup,jackup_70m,5.5,generic,,,,,,,,,
ENSCO 102,jack_up,,,,,,,,,70.0,76.0,16000.0,,,,29.0,9/8/2018 11:59:00 PM,1/13/2019 12:01:00 AM,EI,,bsee_war,True,ENSCO 102,drilling_rig,,,jackup,jackup_70m,5.5,generic,,,,,,,,,
ENSCO 105,jack_up,,,,,,,,285.0,70.0,76.0,16000.0,,,,29.0,9/9/2006 11:59:00 PM,1/1/2006 12:01:00 AM,EC,,bsee_war,True,ENSCO 105,drilling_rig,,,jackup,jackup_70m,5.5,generic,,,,,,,,,
ENSCO 21,jack_up,,,,,,,,,70.0,76.0,16000.0,,,,8.0,9/24/1998,1/12/1999,SS,,bsee_war,True,ENSCO 21,drilling_rig,,,jackup,jackup_70m,5.5,generic,,,,,,,,,
ENSCO 22,jack_up,,,,,,,,,70.0,76.0,16000.0,,,,13.0,8/9/1999,1/12/1999,EW,,bsee_war,True,ENSCO 22,drilling_rig,,,jackup,jackup_70m,5.5,generic,,,,,,,,,
ENSCO 224,jack_up,,,,,,,,,70.0,76.0,16000.0,,,,1.0,12/8/2000,11/27/2000,SP,,bsee_war,True,ENSCO 224,drilling_rig,,,jackup,jackup_70m,5.5,generic,,,,,,,,,
ENSCO 23,jack_up,,,,,,,,,70.0,76.0,16000.0,,,,4.0,9/26/1999,1/10/2000,GB,,bsee_war,True,ENSCO 23,drilling_rig,,,jackup,jackup_70m,5.5,generic,,,,,,,,,
ENSCO 24,jack_up,,,,,,,,,70.0,76.0,16000.0,,,,18.0,9/8/2000,1/15/2001,SP,,bsee_war,True,ENSCO 24,drilling_rig,,,jackup,jackup_70m,5.5,generic,,,,,,,,,
ENSCO 25,jack_up,,,,,,,,1754.0,70.0,76.0,16000.0,,,,32.0,9/9/2002,1/1/2002,VK,,bsee_war,True,ENSCO 25,drilling_rig,,,jackup,jackup_70m,5.5,generic,,,,,,,,,
ENSCO 26,jack_up,,,,,,,,,70.0,76.0,16000.0,,,,13.0,9/7/2001,1/10/2001,AC,,bsee_war,True,ENSCO 26,drilling_rig,,,jackup,jackup_70m,5.5,generic,,,,,,,,,
ENSCO 29,jack_up,,,,,,,,472.0,70.0,76.0,16000.0,,,,40.0,9/7/1998,1/10/1999,EC,,bsee_war,True,ENSCO 29,drilling_rig,,,jackup,jackup_70m,5.5,generic,,,,,,,,,
ENSCO 51,jack_up,,,,,,,,,70.0,76.0,16000.0,,,,21.0,9/29/2000,1/11/1998,SM,,bsee_war,True,ENSCO 51,drilling_rig,,,jackup,jackup_70m,5.5,generic,,,,,,,,,
ENSCO 51 (TRITON),jack_up,,,,,,,,,70.0,76.0,16000.0,,,,1.0,9/6/1999,4/30/2002,MP,,bsee_war,True,ENSCO 51 (TRITON),drilling_rig,,,jackup,jackup_70m,5.5,generic,,,,,,,,,
ENSCO 54,jack_up,,,,,,,,134.0,70.0,76.0,16000.0,,,,35.0,9/9/2001,1/13/2001,VR,,bsee_war,True,ENSCO 54,drilling_rig,,,jackup,jackup_70m,5.5,generic,,,,,,,,,
ENSCO 55,jack_up,,,,,,,,167.0,70.0,76.0,16000.0,,,,56.0,9/7/2003,1/1/2000,ST,,bsee_war,True,ENSCO 55,drilling_rig,,,jackup,jackup_70m,5.5,generic,,,,,,,,,
ENSCO 6-,jack_up,,,,,,,,,70.0,76.0,16000.0,,,,1.0,8/22/2000,8/16/2000,HI,,bsee_war,True,ENSCO 6-,drilling_rig,,,jackup,jackup_70m,5.5,generic,,,,,,,,,
ENSCO 64,jack_up,,,,,,,,43.0,70.0,76.0,16000.0,,,,32.0,9/8/2003,1/10/2000,HI,,bsee_war,True,ENSCO 64,drilling_rig,,,jackup,jackup_70m,5.5,generic,,,,,,,,,
ENSCO 67,jack_up,,,,,,,,344.0,70.0,76.0,16000.0,,,,42.0,9/7/2003,1/1/2001,HI,,bsee_war,True,ENSCO 67,drilling_rig,,,jackup,jackup_70m,5.5,generic,,,,,,,,,
ENSCO 68,jack_up,,,,,,,,137.0,70.0,76.0,16000.0,,,,206.0,9/9/2006 11:59:00 PM,1/1/1998,WD,,bsee_war,True,ENSCO 68,drilling_rig,,,jackup,jackup_70m,5.5,generic,,,,,,,,,
ENSCO 69,jack_up,,,,,,,,320.0,70.0,76.0,16000.0,,,,65.0,9/8/2002,1/12/2000,EW,,bsee_war,True,ENSCO 69,drilling_rig,,,jackup,jackup_70m,5.5,generic,,,,,,,,,
ENSCO 74,jack_up,,,,,,,,106.0,70.0,76.0,16000.0,,,,44.0,9/9/2006 11:59:00 PM,1/1/2006 12:01:00 AM,EI,,bsee_war,True,ENSCO 74,drilling_rig,,,jackup,jackup_70m,5.5,generic,,,,,,,,,
ENSCO 75,jack_up,,,,,,,,320.0,70.0,76.0,16000.0,,,,133.0,9/9/2017 11:59:00 PM,1/1/2006,EI,,bsee_war,True,ENSCO 75,drilling_rig,,,jackup,jackup_70m,5.5,generic,,,,,,,,,
ENSCO 7500,semi_submersible,,,,,,8000.0,35000.0,7500.0,73.15,75.59,,,,2000.0,51.0,9/9/2006 11:59:00 PM,1/12/2007,AT,,bsee_war,True,ENSCO 7500,drilling_rig,,,semi_sub,semi_sub_70m,,,,,,,,,,,
ENSCO 80,jack_up,,,,,,,,165.0,70.0,76.0,16000.0,,,,1.0,2/8/2004,1/12/2004,EI,,bsee_war,True,ENSCO 80,drilling_rig,,,jackup,jackup_70m,5.5,generic,,,,,,,,,
ENSCO 81,jack_up,,,,,,,,177.0,70.0,76.0,16000.0,,,,121.0,9/9/2006 11:59:00 PM,1/1/2006 12:01:00 AM,MP,,bsee_war,True,ENSCO 81,drilling_rig,,,jackup,jackup_70m,5.5,generic,,,,,,,,,
ENSCO 82,jack_up,,,,,,,,221.0,70.0,76.0,16000.0,,,,159.0,9/9/2006 11:59:00 PM,1/1/2002,WC,,bsee_war,True,ENSCO 82,drilling_rig,,,jackup,jackup_70m,5.5,generic,,,,,,,,,
ENSCO 83 MAIN PASS 1,jack_up,,,,,,,,,70.0,76.0,16000.0,,,,1.0,12/6/1999,11/29/1999,WC,,bsee_war,True,ENSCO 83 MAIN PASS 1,drilling_rig,,,jackup,jackup_70m,5.5,generic,,,,,,,,,
ENSCO 8500,semi_submersible,,,,,,10000.0,35000.0,8500.0,77.72,73.15,,,,2009.0,29.0,9/8/2012 11:59:00 PM,1/1/2012,MC,,bsee_war,True,ENSCO 8500,drilling_rig,,,semi_sub,semi_sub_80m,,,,,,,,,,,
ENSCO 8501,semi_submersible,,,,,,10000.0,35000.0,8500.0,77.72,73.15,,,,2009.0,17.0,9/8/2012,1/1/2012,MC,,bsee_war,True,ENSCO 8501,drilling_rig,,,semi_sub,semi_sub_80m,,,,,,,,,,,
ENSCO 8502,semi_submersible,,,,,,10000.0,35000.0,8500.0,77.72,73.15,,,,2010.0,20.0,9/8/2012 11:59:00 PM,1/1/2012 12:01:00 AM,GC,,bsee_war,True,ENSCO 8502,drilling_rig,,,semi_sub,semi_sub_80m,,,,,,,,,,,
ENSCO 8503,semi_submersible,,,,,,10000.0,35000.0,8500.0,77.72,73.15,,,,2010.0,42.0,9/9/2017 11:59:00 PM,1/1/2012 12:01:00 AM,MC,,bsee_war,True,ENSCO 8503,drilling_rig,,,semi_sub,semi_sub_80m,,,,,,,,,,,
ENSCO 8505,semi_submersible,,,,,,10000.0,35000.0,,77.72,73.15,,,,2012.0,41.0,9/8/2018 11:59:00 PM,1/1/2017 12:01:00 AM,EW,,bsee_war,True,ENSCO 8505,drilling_rig,,,semi_sub,semi_sub_80m,,,,,,,,,,,
ENSCO 8506,jack_up,,,,,,,,,70.0,76.0,16000.0,,,,14.0,9/7/2013 11:59:00 PM,1/10/2016 12:01:00 AM,MC,,bsee_war,True,ENSCO 8506,drilling_rig,,,jackup,jackup_70m,5.5,generic,,,,,,,,,
ENSCO 86,jack_up,,,,,,,,95.0,70.0,76.0,16000.0,,,,72.0,9/9/2006 11:59:00 PM,1/1/2012 12:01:00 AM,WD,,bsee_war,True,ENSCO 86,drilling_rig,,,jackup,jackup_70m,5.5,generic,,,,,,,,,
ENSCO 87,jack_up,,,,,,,,310.0,70.0,76.0,16000.0,,,,189.0,9/9/2006 11:59:00 PM,1/1/2012 12:01:00 AM,MP,,bsee_war,True,ENSCO 87,drilling_rig,,,jackup,jackup_70m,5.5,generic,,,,,,,,,
ENSCO 88,jack_up,,,,,,,,189.0,70.0,76.0,16000.0,,,,39.0,9/8/2000,1/1/2002,EI,,bsee_war,True,ENSCO 88,drilling_rig,,,jackup,jackup_70m,5.5,generic,,,,,,,,,
ENSCO 89,jack_up,,,,,,,,134.0,70.0,76.0,16000.0,,,,105.0,9/9/2006 11:59:00 PM,1/1/2006 12:01:00 AM,GA,,bsee_war,True,ENSCO 89,drilling_rig,,,jackup,jackup_70m,5.5,generic,,,,,,,,,
ENSCO 90,jack_up,,,,,,,,194.0,70.0,76.0,16000.0,,,,157.0,9/9/2006 11:59:00 PM,1/1/2001,SM,,bsee_war,True,ENSCO 90,drilling_rig,,,jackup,jackup_70m,5.5,generic,,,,,,,,,
ENSCO 90(504)595-5220,jack_up,,,,,,,,,70.0,76.0,16000.0,,,,1.0,5/25/1999,5/19/1999,MP,,bsee_war,True,ENSCO 90(504)595-5220,drilling_rig,,,jackup,jackup_70m,5.5,generic,,,,,,,,,
ENSCO 93,jack_up,,,,,,,,190.0,70.0,76.0,16000.0,,,,66.0,9/9/2006 11:59:00 PM,1/11/2003,SS,,bsee_war,True,ENSCO 93,drilling_rig,,,jackup,jackup_70m,5.5,generic,,,,,,,,,
ENSCO 94,jack_up,,,,,,,,,70.0,76.0,16000.0,,,,33.0,9/9/1998,1/10/2000,GI,,bsee_war,True,ENSCO 94,drilling_rig,,,jackup,jackup_70m,5.5,generic,,,,,,,,,
ENSCO 95,jack_up,,,,,,,,144.0,70.0,76.0,16000.0,,,,57.0,9/9/2001,1/1/2003,ST,,bsee_war,True,ENSCO 95,drilling_rig,,,jackup,jackup_70m,5.5,generic,,,,,,,,,
ENSCO 97,jack_up,,,,,,,,,70.0,76.0,16000.0,,,,2.0,9/6/1999,1/27/1998,HI,,bsee_war,True,ENSCO 97,drilling_rig,,,jackup,jackup_70m,5.5,generic,,,,,,,,,
ENSCO 98,jack_up,,,,,,,,194.0,70.0,76.0,16000.0,,,,83.0,9/9/2006 11:59:00 PM,1/1/2006 12:01:00 AM,EI,,bsee_war,True,ENSCO 98,drilling_rig,,,jackup,jackup_70m,5.5,generic,,,,,,,,,
ENSCO 99,jack_up,,,,,,,,156.0,70.0,76.0,16000.0,,,,107.0,9/8/2012 11:59:00 PM,1/1/2006 12:01:00 AM,WD,,bsee_war,True,ENSCO 99,drilling_rig,,,jackup,jackup_70m,5.5,generic,,,,,,,,,
ENSCO 99 JU,jack_up,,,,,,,,13.0,70.0,76.0,16000.0,,,,1.0,9/8/2003,7/29/2003,SS,,bsee_war,True,ENSCO 99 JU,drilling_rig,,,jackup,jackup_70m,5.5,generic,,,,,,,,,
ENSCO DS-3,drillship,,,,,,10000.0,40000.0,10000.0,228.9,42.06,,,,2010.0,8.0,9/7/2013,1/10/2016,GC,,bsee_war,True,ENSCO DS-3,drilling_rig,,,drillship,drillship_230m,,,,,,,,,,,
ENSCO DS-4,drillship,,,,,,12000.0,40000.0,10000.0,229.0,42.0,96000.0,,,2010.0,6.0,9/27/2014 11:59:00 PM,1/11/2015 12:01:00 AM,KC,,bsee_war,True,ENSCO DS-4,drilling_rig,,https://www.valaris.com/files/doc_rigspecs/rigspecs2022/VALARIS-DS-4.pdf,drillship,drillship_230m,12.0,measured,19.0,12.5,25.6,22046.0,,,,,
ENSCO DS-5,drillship,,,,,,12000.0,40000.0,10000.0,228.9,42.06,,,,2011.0,8.0,9/7/2013,1/11/2015 12:01:00 AM,MC,,bsee_war,True,ENSCO DS-5,drilling_rig,,,drillship,drillship_230m,,,,,,,,,,,
ENSCO NO 87,jack_up,,,,,,,,,70.0,76.0,16000.0,,,,2.0,7/20/1998,1/11/1999,MP,,bsee_war,True,ENSCO NO 87,drilling_rig,,,jackup,jackup_70m,5.5,generic,,,,,,,,,
ENSCO NO. 67,jack_up,,,,,,,,,70.0,76.0,16000.0,,,,1.0,1/24/2000,1/10/2000,EC,,bsee_war,True,ENSCO NO. 67,drilling_rig,,,jackup,jackup_70m,5.5,generic,,,,,,,,,
ENSCO RIG 51,jack_up,,,,,,,,,70.0,76.0,16000.0,,,,1.0,9/8/2000,8/19/2000,EI,,bsee_war,True,ENSCO RIG 51,drilling_rig,,,jackup,jackup_70m,5.5,generic,,,,,,,,,
ENSCO RIG 75,jack_up,,,,,,,,,70.0,76.0,16000.0,,,,1.0,9/27/2002,10/12/2002,EI,,bsee_war,True,ENSCO RIG 75,drilling_rig,,,jackup,jackup_70m,5.5,generic,,,,,,,,,
ENSCO105,jack_up,,,,,,,,200.0,70.0,76.0,16000.0,,,,1.0,11/6/2004,10/26/2004,EC,,bsee_war,True,ENSCO105,drilling_rig,,,jackup,jackup_70m,5.5,generic,,,,,,,,,
ENSCO84,jack_up,,,,,,,,,70.0,76.0,16000.0,,,,1.0,8/6/2000,6/19/2000,HI,,bsee_war,True,ENSCO84,drilling_rig,,,jackup,jackup_70m,5.5,generic,,,,,,,,,
ENSCO86,jack_up,,,,,,,,,70.0,76.0,16000.0,,,,1.0,3/9/2001,1/10/2001,MO,,bsee_war,True,ENSCO86,drilling_rig,,,jackup,jackup_70m,5.5,generic,,,,,,,,,
ENSOC 90,jack_up,,,,,,,,,70.0,76.0,16000.0,,,,1.0,9/2/2001,8/20/2001,ST,,bsee_war,True,ENSOC 90,drilling_rig,,,jackup,jackup_70m,5.5,generic,,,,,,,,,
ENSOC A55,jack_up,,,,,,,,,70.0,76.0,16000.0,,,,1.0,2/3/2002,1/21/2002,SS,,bsee_war,True,ENSOC A55,drilling_rig,,,jackup,jackup_70m,5.5,generic,,,,,,,,,
ENTERPRISE 205,jack_up,,,,,,,,,70.0,76.0,16000.0,,,,103.0,9/9/2023 11:59:00 PM,1/10/2021 12:01:00 AM,BM,,bsee_war,True,ENTERPRISE 205,drilling_rig,,,jackup,jackup_70m,5.5,generic,,,,,,,,,
ENTERPRISE 263,jack_up,,,,,,,,,70.0,76.0,16000.0,,,,10.0,9/8/2018 11:59:00 PM,1/13/2019 12:01:00 AM,MP,,bsee_war,True,ENTERPRISE 263,drilling_rig,,,jackup,jackup_70m,5.5,generic,,,,,,,,,
ENTERPRISE 264,jack_up,,,,,,,,,70.0,76.0,16000.0,,,,53.0,9/9/2023 11:59:00 PM,1/12/2020 12:01:00 AM,SS,,bsee_war,True,ENTERPRISE 264,drilling_rig,,,jackup,jackup_70m,5.5,generic,,,,,,,,,
ENTERPRISE 351,jack_up,,,,,,,,,70.0,76.0,16000.0,,,,77.0,9/6/2025 11:59:00 PM,1/1/2023 12:01:00 AM,MP,,bsee_war,True,ENTERPRISE 351,drilling_rig,,,jackup,jackup_70m,5.5,generic,,,,,,,,,
ENXCO 90,jack_up,,,,,,,,,70.0,76.0,16000.0,,,,1.0,2/10/2002,2/4/2002,EC,,bsee_war,True,ENXCO 90,drilling_rig,,,jackup,jackup_70m,5.5,generic,,,,,,,,,
ENXSO 89,jack_up,,,,,,,,,70.0,76.0,16000.0,,,,1.0,8/4/2000,4/15/2000,VR,,bsee_war,True,ENXSO 89,drilling_rig,,,jackup,jackup_70m,5.5,generic,,,,,,,,,
ERIC DANOS,lift_boat,,,,,,,,,70.0,76.0,16000.0,,,,1.0,5/3/1998,3/16/1998,ST,,bsee_war,True,ERIC DANOS,drilling_rig,,,jackup,jackup_70m,5.5,generic,,,,,,,,,
EWLU,wireline_unit,,,,,,,,1025.0,,,,,,,2.0,9/4/2004,10/10/2004,MC,,bsee_war,True,EWLU,drilling_rig,,,,,,,,,,,,,,,
EWLU/SUNDOWNER,jack_up,,,,,,,,1025.0,70.0,76.0,16000.0,,,,1.0,9/4/2004,10/10/2004,MC,,bsee_war,True,EWLU/SUNDOWNER,drilling_rig,,,jackup,jackup_70m,5.5,generic,,,,,,,,,
EWU,wireline_unit,,,,,,,,129.0,,,,,,,5.0,9/7/2000,10/10/2004,WC,,bsee_war,True,EWU,drilling_rig,,,,,,,,,,,,,,,
EWU CTU,wireline_unit,,,,,,,,,,,,,,,1.0,5/30/2003,5/17/2003,EI,,bsee_war,True,EWU CTU,drilling_rig,,,,,,,,,,,,,,,
EWU/SLU,wireline_unit,,,,,,,,,,,,,,,1.0,8/1/2003,7/19/2003,EI,,bsee_war,True,EWU/SLU,drilling_rig,,,,,,,,,,,,,,,
F,unknown,,,,,,,,,,,,,,,1.0,12/26/1999,12/20/1999,GB,,bsee_war,True,F,drilling_rig,,,,,,,,,,,,,,,
F.G. MCCLINTOCK,jack_up,,,,,,300.0,,,66.4,61.3,16000.0,,,1975.0,1.0,9/25/2000,8/12/2000,HI,,bsee_war,True,F.G. MCCLINTOCK,drilling_rig,,,jackup,jackup_70m,5.5,measured,7.9,,,,,,410.0,45.0,
FAITH LIFTBOAT,lift_boat,,,,,,,,13.0,70.0,76.0,16000.0,,,,1.0,5/8/2004,4/25/2004,EI,,bsee_war,True,FAITH LIFTBOAT,drilling_rig,,,jackup,jackup_70m,5.5,generic,,,,,,,,,
FALCON 100,jack_up,,,,,,,,1982.0,70.0,76.0,16000.0,,,,18.0,9/9/2001,1/13/2003,GC,,bsee_war,True,FALCON 100,drilling_rig,,,jackup,jackup_70m,5.5,generic,,,,,,,,,
FALCON 152,jack_up,,,,,,,,,70.0,76.0,16000.0,,,,2.0,12/9/2001,11/26/2001,MI,,bsee_war,True,FALCON 152,drilling_rig,,,jackup,jackup_70m,5.5,generic,,,,,,,,,
FALCON 153,jack_up,,,,,,,,,70.0,76.0,16000.0,,,,1.0,12/3/2000,10/30/2000,WC,,bsee_war,True,FALCON 153,drilling_rig,,,jackup,jackup_70m,5.5,generic,,,,,,,,,
FALCON 18,jack_up,,,,,,,,,70.0,76.0,16000.0,,,,10.0,9/6/1998,1/11/1999,ST,,bsee_war,True,FALCON 18,drilling_rig,,,jackup,jackup_70m,5.5,generic,,,,,,,,,
FALCON 19,jack_up,,,,,,,,,70.0,76.0,16000.0,,,,4.0,9/24/2000,1/13/1998,ST,,bsee_war,True,FALCON 19,drilling_rig,,,jackup,jackup_70m,5.5,generic,,,,,,,,,
FALCON 20,jack_up,,,,,,,,,70.0,76.0,16000.0,,,,6.0,8/27/2000,1/25/1999,ST,,bsee_war,True,FALCON 20,drilling_rig,,,jackup,jackup_70m,5.5,generic,,,,,,,,,
FALCON 203,jack_up,,,,,,,,51.0,70.0,76.0,16000.0,,,,7.0,9/5/2003,1/10/1998,HI,,bsee_war,True,FALCON 203,drilling_rig,,,jackup,jackup_70m,5.5,generic,,,,,,,,,
FALCON 206,jack_up,,,,,,,,,70.0,76.0,16000.0,,,,1.0,5/7/2001,5/1/2001,ST,,bsee_war,True,FALCON 206,drilling_rig,,,jackup,jackup_70m,5.5,generic,,,,,,,,,
FALCON 77,jack_up,,,,,,,,,70.0,76.0,16000.0,,,,1.0,9/4/1998,7/18/1998,SM,,bsee_war,True,FALCON 77,drilling_rig,,,jackup,jackup_70m,5.5,generic,,,,,,,,,
FALCON 78,jack_up,,,,,,,,,70.0,76.0,16000.0,,,,7.0,7/2/2001,1/16/1998,HI,,bsee_war,True,FALCON 78,drilling_rig,,,jackup,jackup_70m,5.5,generic,,,,,,,,,
FALCON 82,jack_up,,,,,,,,31.0,70.0,76.0,16000.0,,,,4.0,9/28/1998,4/23/1998,HI,,bsee_war,True,FALCON 82,drilling_rig,,,jackup,jackup_70m,5.5,generic,,,,,,,,,
FALCON 84,jack_up,,,,,,,,,70.0,76.0,16000.0,,,,4.0,9/6/1998,1/1/1999,HI,,bsee_war,True,FALCON 84,drilling_rig,,,jackup,jackup_70m,5.5,generic,,,,,,,,,
FALCON 85,jack_up,,,,,,,,,70.0,76.0,16000.0,,,,13.0,9/7/1998,1/11/1999,VR,,bsee_war,True,FALCON 85,drilling_rig,,,jackup,jackup_70m,5.5,generic,,,,,,,,,
FALCON 86,jack_up,,,,,,,,,70.0,76.0,16000.0,,,,7.0,8/7/2000,10/15/1999,WC,,bsee_war,True,FALCON 86,drilling_rig,,,jackup,jackup_70m,5.5,generic,,,,,,,,,
FALCON ACHILLES,jack_up,,,,,,,,,70.0,76.0,16000.0,,,,3.0,9/7/1998,10/27/1998,WC,,bsee_war,True,FALCON ACHILLES,drilling_rig,,,jackup,jackup_70m,5.5,generic,,,,,,,,,
FALCON DEEPWATER MILLENNIUM,drillship,,,,,,,,3864.0,228.0,42.0,96000.0,,,,1.0,8/4/2003,7/15/2003,GC,,bsee_war,True,FALCON DEEPWATER MILLENNIUM,drilling_rig,,,drillship,drillship_230m,12.0,generic,,,,,,,,,
FALCON DEEPWATER PATHFINDER,drillship,,,,,,,,3813.0,228.0,42.0,96000.0,,,,1.0,9/5/2003,10/11/2003,GC,,bsee_war,True,FALCON DEEPWATER PATHFINDER,drilling_rig,,,drillship,drillship_230m,12.0,generic,,,,,,,,,
FALCON GALLOWAY,jack_up,,,,,,,,,70.0,76.0,16000.0,,,,2.0,9/3/1999,8/14/1999,WD,,bsee_war,True,FALCON GALLOWAY,drilling_rig,,,jackup,jackup_70m,5.5,generic,,,,,,,,,
FALCON MCCLINTOCK,jack_up,,,,,,,,,70.0,76.0,16000.0,,,,1.0,11/26/2000,11/13/2000,HI,,bsee_war,True,FALCON MCCLINTOCK,drilling_rig,,,jackup,jackup_70m,5.5,generic,,,,,,,,,
FALCON NO. 156,jack_up,,,,,,,,,70.0,76.0,16000.0,,,,2.0,4/9/2000,3/13/2000,WC,,bsee_war,True,FALCON NO. 156,drilling_rig,,,jackup,jackup_70m,5.5,generic,,,,,,,,,
FALCON PHOENIX I,jack_up,,,,,,,,,70.0,76.0,16000.0,,,,1.0,5/7/2000,4/24/2000,VK,,bsee_war,True,FALCON PHOENIX I,drilling_rig,,,jackup,jackup_70m,5.5,generic,,,,,,,,,
FALCON PHOENIX II,jack_up,,,,,,,,,70.0,76.0,16000.0,,,,8.0,6/4/2000,11/11/1999,EI,,bsee_war,True,FALCON PHOENIX II,drilling_rig,,,jackup,jackup_70m,5.5,generic,,,,,,,,,
FALCON PHOENIX III,jack_up,,,,,,,,,70.0,76.0,16000.0,,,,2.0,9/3/2000,10/16/2000,WD,,bsee_war,True,FALCON PHOENIX III,drilling_rig,,,jackup,jackup_70m,5.5,generic,,,,,,,,,
FALCON-PHOENIX IV,jack_up,,,,,,,,,70.0,76.0,16000.0,,,,3.0,6/3/1999,5/14/1999,SS,,bsee_war,True,FALCON-PHOENIX IV,drilling_rig,,,jackup,jackup_70m,5.5,generic,,,,,,,,,
FALCON RIG #52,jack_up,,,,,,,,,70.0,76.0,16000.0,,,,1.0,9/8/2002,10/14/2002,SM,,bsee_war,True,FALCON RIG #52,drilling_rig,,,jackup,jackup_70m,5.5,generic,,,,,,,,,
FALCON RIG 17,jack_up,,,,,,,,,70.0,76.0,16000.0,,,,1.0,1/25/1998,1/24/1998,EC,,bsee_war,True,FALCON RIG 17,drilling_rig,,,jackup,jackup_70m,5.5,generic,,,,,,,,,
FALCON RIG 18,jack_up,,,,,,,,,70.0,76.0,16000.0,,,,2.0,6/9/2000,10/21/2000,WC,,bsee_war,True,FALCON RIG 18,drilling_rig,,,jackup,jackup_70m,5.5,generic,,,,,,,,,
FALCON RIG 86,jack_up,,,,,,,,,70.0,76.0,16000.0,,,,1.0,9/28/1998,9/21/1998,WC,,bsee_war,True,FALCON RIG 86,drilling_rig,,,jackup,jackup_70m,5.5,generic,,,,,,,,,
FALCON SEAHAWK,jack_up,,,,,,,,,70.0,76.0,16000.0,,,,6.0,7/9/2000,1/22/2001,WC,,bsee_war,True,FALCON SEAHAWK,drilling_rig,,,jackup,jackup_70m,5.5,generic,,,,,,,,,
FALCON TAURUS,jack_up,,,,,,,,,70.0,76.0,16000.0,,,,1.0,11/9/1997,10/27/1997,EI,,bsee_war,True,FALCON TAURUS,drilling_rig,,,jackup,jackup_70m,5.5,generic,,,,,,,,,
FALCON'S PHOENIX II,jack_up,,,,,,,,,70.0,76.0,16000.0,,,,2.0,1/5/2000,1/1/2000,SS,,bsee_war,True,FALCON'S PHOENIX II,drilling_rig,,,jackup,jackup_70m,5.5,generic,,,,,,,,,
FALRIG 17,jack_up,,,,,,,,,70.0,76.0,16000.0,,,,2.0,4/23/2000,1/11/1999,WC,,bsee_war,True,FALRIG 17,drilling_rig,,,jackup,jackup_70m,5.5,generic,,,,,,,,,
FALRIG 18,jack_up,,,,,,,,,70.0,76.0,16000.0,,,,9.0,9/5/1999,1/10/2000,VR,,bsee_war,True,FALRIG 18,drilling_rig,,,jackup,jackup_70m,5.5,generic,,,,,,,,,
FALRIG 19,jack_up,,,,,,,,,70.0,76.0,16000.0,,,,9.0,9/30/2001,1/13/2001,ST,,bsee_war,True,FALRIG 19,drilling_rig,,,jackup,jackup_70m,5.5,generic,,,,,,,,,
FALRIG 20,jack_up,,,,,,,,,70.0,76.0,16000.0,,,,11.0,8/8/1999,1/10/2000,WD,,bsee_war,True,FALRIG 20,drilling_rig,,,jackup,jackup_70m,5.5,generic,,,,,,,,,
FALRIG 20 RBF 253,jack_up,,,,,,,,,70.0,76.0,16000.0,,,,1.0,9/27/2000,10/16/2000,EC,,bsee_war,True,FALRIG 20 RBF 253,drilling_rig,,,jackup,jackup_70m,5.5,generic,,,,,,,,,
FALRIG 20 RBF 263,jack_up,,,,,,,,,70.0,76.0,16000.0,,,,1.0,7/5/2000,1/6/2001,EC,,bsee_war,True,FALRIG 20 RBF 263,drilling_rig,,,jackup,jackup_70m,5.5,generic,,,,,,,,,
FALRIG 47,jack_up,,,,,,,,,70.0,76.0,16000.0,,,,1.0,12/7/1997,10/27/1997,SS,,bsee_war,True,FALRIG 47,drilling_rig,,,jackup,jackup_70m,5.5,generic,,,,,,,,,
FALRIG 77,jack_up,,,,,,,,,70.0,76.0,16000.0,,,,1.0,12/28/1998,10/12/1998,EI,,bsee_war,True,FALRIG 77,drilling_rig,,,jackup,jackup_70m,5.5,generic,,,,,,,,,
FALRIG 82,jack_up,,,,,,,,,70.0,76.0,16000.0,,,,8.0,4/3/1998,1/11/1999,HI,,bsee_war,True,FALRIG 82,drilling_rig,,,jackup,jackup_70m,5.5,generic,,,,,,,,,
FALRIG 84,jack_up,,,,,,,,,70.0,76.0,16000.0,,,,2.0,7/2/2000,1/19/1998,WC,,bsee_war,True,FALRIG 84,drilling_rig,,,jackup,jackup_70m,5.5,generic,,,,,,,,,
FALRIG 85,jack_up,,,,,,,,,70.0,76.0,16000.0,,,,7.0,9/5/1999,1/14/2000,EC,,bsee_war,True,FALRIG 85,drilling_rig,,,jackup,jackup_70m,5.5,generic,,,,,,,,,
FALRIG 86,jack_up,,,,,,,,,70.0,76.0,16000.0,,,,10.0,9/9/1999,1/14/2000,VR,,bsee_war,True,FALRIG 86,drilling_rig,,,jackup,jackup_70m,5.5,generic,,,,,,,,,
FALRIG TAURUS,jack_up,,,,,,,,,70.0,76.0,16000.0,,,,3.0,7/6/1998,5/12/1998,WD,,bsee_war,True,FALRIG TAURUS,drilling_rig,,,jackup,jackup_70m,5.5,generic,,,,,,,,,
FOCUS WL,wireline_unit,,,,,,,,35.0,,,,,,,1.0,10/17/2003,10/11/2003,MP,,bsee_war,True,FOCUS WL,drilling_rig,,,,,,,,,,,,,,,
FREEPORT 2,jack_up,,,,,,,,,70.0,76.0,16000.0,,,,1.0,4/28/2000,4/20/2000,MP,,bsee_war,True,FREEPORT 2,drilling_rig,,,jackup,jackup_70m,5.5,generic,,,,,,,,,
FREEPORT RIG 1,jack_up,,,,,,,,,70.0,76.0,16000.0,,,,56.0,9/9/1998,1/1/1999,MP,,bsee_war,True,FREEPORT RIG 1,drilling_rig,,,jackup,jackup_70m,5.5,generic,,,,,,,,,
FREEPORT RIG 2,jack_up,,,,,,,,,70.0,76.0,16000.0,,,,57.0,9/9/1998,1/1/1999,MP,,bsee_war,True,FREEPORT RIG 2,drilling_rig,,,jackup,jackup_70m,5.5,generic,,,,,,,,,
FREEPORT RIG I,jack_up,,,,,,,,,70.0,76.0,16000.0,,,,8.0,9/27/2000,10/15/1999,MP,,bsee_war,True,FREEPORT RIG I,drilling_rig,,,jackup,jackup_70m,5.5,generic,,,,,,,,,
FREEPROT RIG 2,jack_up,,,,,,,,,70.0,76.0,16000.0,,,,1.0,3/29/2000,3/23/2000,MP,,bsee_war,True,FREEPROT RIG 2,drilling_rig,,,jackup,jackup_70m,5.5,generic,,,,,,,,,
FRI RODLI,jack_up,,,,,,,,36.0,70.0,76.0,16000.0,,,,3.0,9/9/2001,1/13/2001,SS,,bsee_war,True,FRI RODLI,drilling_rig,,,jackup,jackup_70m,5.5,generic,,,,,,,,,
FRONTIER DRILLER,drillship,,,,,,,,,228.0,42.0,96000.0,,,,7.0,9/5/2009 11:59:00 PM,1/10/2010 12:01:00 AM,GC,,bsee_war,True,FRONTIER DRILLER,drilling_rig,,,drillship,drillship_230m,12.0,generic,,,,,,,,,
FUGRO EXPLORER,drillship,,,,,,,,,228.0,42.0,96000.0,,,,8.0,6/3/2010 11:59:00 PM,1/12/2009,GC,,bsee_war,True,FUGRO EXPLORER,drilling_rig,,,drillship,drillship_230m,12.0,generic,,,,,,,,,
G.H. GALLOWAY,jack_up,,,,,,,,,70.0,76.0,16000.0,,,,2.0,6/6/1999,5/24/1999,WD,,bsee_war,True,G.H. GALLOWAY,drilling_rig,,,jackup,jackup_70m,5.5,generic,,,,,,,,,
GALLOWAY,jack_up,,,,,,,,,70.0,76.0,16000.0,,,,1.0,10/2/2000,10/9/2000,VR,,bsee_war,True,GALLOWAY,drilling_rig,,,jackup,jackup_70m,5.5,generic,,,,,,,,,
GENE ROSSER,jack_up,,,,,,,,,70.0,76.0,16000.0,,,,6.0,8/5/2001,10/15/2001,MI,,bsee_war,True,GENE ROSSER,drilling_rig,,,jackup,jackup_70m,5.5,generic,,,,,,,,,
GEORGE GALLOWAY,jack_up,,,,,,,,,70.0,76.0,16000.0,,,,11.0,7/9/2000,1/13/2001,GI,,bsee_war,True,GEORGE GALLOWAY,drilling_rig,,,jackup,jackup_70m,5.5,generic,,,,,,,,,
GEORGE H. GALLOWAY,jack_up,,,,,,,,,70.0,76.0,16000.0,,,,8.0,9/9/2001,11/12/2001,WC,,bsee_war,True,GEORGE H. GALLOWAY,drilling_rig,,,jackup,jackup_70m,5.5,generic,,,,,,,,,
GIBLERT ROWE,jack_up,,,,,,,,,70.0,76.0,16000.0,,,,1.0,3/9/2001,1/20/2001,VR,,bsee_war,True,GIBLERT ROWE,drilling_rig,,,jackup,jackup_70m,5.5,generic,,,,,,,,,
GILBERT ROWAN,jack_up,,,,,,,,,70.0,76.0,16000.0,,,,1.0,11/6/2000,10/10/2000,SS,,bsee_war,True,GILBERT ROWAN,drilling_rig,,,jackup,jackup_70m,5.5,generic,,,,,,,,,
GILBERT ROWE,jack_up,,,,,,,,292.0,70.0,76.0,16000.0,,,,45.0,9/9/2001,1/1/2000,MP,,bsee_war,True,GILBERT ROWE,drilling_rig,,,jackup,jackup_70m,5.5,generic,,,,,,,,,
GILBERT TOWE,jack_up,,,,,,,,205.0,70.0,76.0,16000.0,,,,1.0,4/3/2004,2/1/2004,MP,,bsee_war,True,GILBERT TOWE,drilling_rig,,,jackup,jackup_70m,5.5,generic,,,,,,,,,
GLO0MAR ADRIATIC IV,jack_up,,,,,,,,,70.0,76.0,16000.0,,,,1.0,1/22/2001,1/15/2001,VR,,bsee_war,True,GLO0MAR ADRIATIC IV,drilling_rig,,,jackup,jackup_70m,5.5,generic,,,,,,,,,
GLOBAL ADRIATIC III,jack_up,,,,,,,,,70.0,76.0,16000.0,,,,1.0,9/1/2002,5/15/2001,SM,,bsee_war,True,GLOBAL ADRIATIC III,drilling_rig,,,jackup,jackup_70m,5.5,generic,,,,,,,,,
GLOBAL CELTIC SEA,jack_up,,,,,,,,,70.0,76.0,16000.0,,,,3.0,2/8/1999,1/19/1999,MC,,bsee_war,True,GLOBAL CELTIC SEA,drilling_rig,,,jackup,jackup_70m,5.5,generic,,,,,,,,,
GLOBAL EXPLORER,drillship,,,,,,,,,228.0,42.0,96000.0,,,,1.0,8/7/2004,7/25/2004,EB,,bsee_war,True,GLOBAL EXPLORER,drilling_rig,,,drillship,drillship_230m,12.0,generic,,,,,,,,,
GLOBAL HIGH ISLAND IV,jack_up,,,,,,,,180.0,70.0,76.0,16000.0,,,,3.0,2/8/2004,1/12/2004,ST,,bsee_war,True,GLOBAL HIGH ISLAND IV,drilling_rig,,,jackup,jackup_70m,5.5,generic,,,,,,,,,
GLOBAL KINGFISH,jack_up,,,,,,,,180.0,70.0,76.0,16000.0,,,,1.0,5/8/2004,5/2/2004,EC,,bsee_war,True,GLOBAL KINGFISH,drilling_rig,,,jackup,jackup_70m,5.5,generic,,,,,,,,,
GLOBAL L/B DOLPHIN,lift_boat,,,,,,,,38.0,70.0,76.0,16000.0,,,,1.0,5/29/2004,5/23/2004,HI,,bsee_war,True,GLOBAL L/B DOLPHIN,drilling_rig,,,jackup,jackup_70m,5.5,generic,,,,,,,,,
GLOBAL MARINE ADRIATIC,jack_up,,,,,,,,,70.0,76.0,16000.0,,,,1.0,9/7/2000,10/6/2000,SM,,bsee_war,True,GLOBAL MARINE ADRIATIC,drilling_rig,,,jackup,jackup_70m,5.5,generic,,,,,,,,,
GLOBAL MARINE BALTIC,jack_up,,,,,,,,,70.0,76.0,16000.0,,,,2.0,5/4/2000,2/16/2000,HI,,bsee_war,True,GLOBAL MARINE BALTIC,drilling_rig,,,jackup,jackup_70m,5.5,generic,,,,,,,,,
GLOBAL MARINE BALTIC 1,jack_up,,,,,,,,,70.0,76.0,16000.0,,,,1.0,8/3/2000,7/19/2000,HI,,bsee_war,True,GLOBAL MARINE BALTIC 1,drilling_rig,,,jackup,jackup_70m,5.5,generic,,,,,,,,,
GLOBAL MARINE BALTIC I,jack_up,,,,,,,,,70.0,76.0,16000.0,,,,9.0,4/5/2001,1/10/2000,HI,,bsee_war,True,GLOBAL MARINE BALTIC I,drilling_rig,,,jackup,jackup_70m,5.5,generic,,,,,,,,,
GLOBAL MARINE BLATIC I,jack_up,,,,,,,,,70.0,76.0,16000.0,,,,1.0,1/27/2001,1/22/2001,HI,,bsee_war,True,GLOBAL MARINE BLATIC I,drilling_rig,,,jackup,jackup_70m,5.5,generic,,,,,,,,,
GLOBAL MARINE CELTIC SEA,jack_up,,,,,,,,,70.0,76.0,16000.0,,,,1.0,7/13/1998,6/2/1998,GC,,bsee_war,True,GLOBAL MARINE CELTIC SEA,drilling_rig,,,jackup,jackup_70m,5.5,generic,,,,,,,,,
GLOBAL MARINE HI IV/CTU,jack_up,,,,,,,,26.0,70.0,76.0,16000.0,,,,1.0,8/21/2004,8/15/2004,VR,,bsee_war,True,GLOBAL MARINE HI IV/CTU,drilling_rig,,,jackup,jackup_70m,5.5,generic,,,,,,,,,
GLOBAL MARINE HIGH ISLAND II,jack_up,,,,,,,,,70.0,76.0,16000.0,,,,1.0,3/9/1999,3/10/1999,HI,,bsee_war,True,GLOBAL MARINE HIGH ISLAND II,drilling_rig,,,jackup,jackup_70m,5.5,generic,,,,,,,,,
GLOBAL MARINE MAIN PASS IV,jack_up,,,,,,,,,70.0,76.0,16000.0,,,,1.0,8/5/1998,5/14/1998,MO,,bsee_war,True,GLOBAL MARINE MAIN PASS IV,drilling_rig,,,jackup,jackup_70m,5.5,generic,,,,,,,,,
GLOBAL MARINE MP IV,jack_up,,,,,,,,,70.0,76.0,16000.0,,,,1.0,9/5/2001,10/11/2001,ST,,bsee_war,True,GLOBAL MARINE MP IV,drilling_rig,,,jackup,jackup_70m,5.5,generic,,,,,,,,,
"GLOBAL MV HAMMERHEAD WIRELINE""",wireline_unit,,,,,,,,148.0,,,,,,,1.0,7/18/2003,7/9/2003,WC,,bsee_war,True,"GLOBAL MV HAMMERHEAD WIRELINE""",drilling_rig,,,,,,,,,,,,,,,
GLOBAL SANTA FE,jack_up,,,,,,,,68.0,70.0,76.0,16000.0,,,,2.0,9/4/2004,10/10/2004,ST,,bsee_war,True,GLOBAL SANTA FE,drilling_rig,,,jackup,jackup_70m,5.5,generic,,,,,,,,,
"GLOBAL SANTA FE"" CELTIC SEA""",jack_up,,,,,,,,2904.0,70.0,76.0,16000.0,,,,1.0,1/8/2005,1/2/2005,MC,,bsee_war,True,"GLOBAL SANTA FE"" CELTIC SEA""",drilling_rig,,,jackup,jackup_70m,5.5,generic,,,,,,,,,
"GLOBAL SANTA FE ""ADRIATIC X""",jack_up,,,,,,,,315.0,70.0,76.0,16000.0,,,,2.0,9/8/2003,5/26/2003,WC,,bsee_war,True,"GLOBAL SANTA FE ""ADRIATIC X""",drilling_rig,,,jackup,jackup_70m,5.5,generic,,,,,,,,,
"GLOBAL SANTA FE ""ADRIATICX""",jack_up,,,,,,,,150.0,70.0,76.0,16000.0,,,,1.0,2/6/2004,1/10/2004,ST,,bsee_war,True,"GLOBAL SANTA FE ""ADRIATICX""",drilling_rig,,,jackup,jackup_70m,5.5,generic,,,,,,,,,
"GLOBAL SANTA FE ""MAIN PASS 1""",jack_up,,,,,,,,148.0,70.0,76.0,16000.0,,,,2.0,4/3/2004,1/21/2004,SS,,bsee_war,True,"GLOBAL SANTA FE ""MAIN PASS 1""",drilling_rig,,,jackup,jackup_70m,5.5,generic,,,,,,,,,
GLOBAL SANTA FE-MAIN PASS I,jack_up,,,,,,,,,70.0,76.0,16000.0,,,,1.0,12/30/2003,12/24/2003,EI,,bsee_war,True,GLOBAL SANTA FE-MAIN PASS I,drilling_rig,,,jackup,jackup_70m,5.5,generic,,,,,,,,,
GLOBAL SANTA FE ADRIATIC III,jack_up,,,,,,,,185.0,70.0,76.0,16000.0,,,,1.0,12/5/2004,10/11/2004,VR,,bsee_war,True,GLOBAL SANTA FE ADRIATIC III,drilling_rig,,,jackup,jackup_70m,5.5,generic,,,,,,,,,
GLOBAL SANTA FE-ARCTIC 1,jack_up,,,,,,,,,70.0,76.0,16000.0,,,,1.0,12/6/2002,11/23/2002,GB,,bsee_war,True,GLOBAL SANTA FE-ARCTIC 1,drilling_rig,,,jackup,jackup_70m,5.5,generic,,,,,,,,,
GLOBAL SANTA FE ARTIC I,jack_up,,,,,,,,1750.0,70.0,76.0,16000.0,,,,2.0,2/3/2006,1/1/2006,MC,,bsee_war,True,GLOBAL SANTA FE ARTIC I,drilling_rig,,,jackup,jackup_70m,5.5,generic,,,,,,,,,
GLOBAL SANTA FE HIGH ISLAND I,jack_up,,,,,,,,121.0,70.0,76.0,16000.0,,,,4.0,12/25/2004,1/16/2005,VR,,bsee_war,True,GLOBAL SANTA FE HIGH ISLAND I,drilling_rig,,,jackup,jackup_70m,5.5,generic,,,,,,,,,
GLOBAL SANTA FE HIGH ISLAND II,jack_up,,,,,,,,21.0,70.0,76.0,16000.0,,,,1.0,7/10/2004,1/10/2003,EI,,bsee_war,True,GLOBAL SANTA FE HIGH ISLAND II,drilling_rig,,,jackup,jackup_70m,5.5,generic,,,,,,,,,
GLOBAL SANTA FE/HIGH ISLAND VI,jack_up,,,,,,,,156.0,70.0,76.0,16000.0,,,,1.0,6/5/2004,5/30/2004,EI,,bsee_war,True,GLOBAL SANTA FE/HIGH ISLAND VI,drilling_rig,,,jackup,jackup_70m,5.5,generic,,,,,,,,,
GLOBAL SANTA FE HIGH ISLANDI,jack_up,,,,,,,,121.0,70.0,76.0,16000.0,,,,1.0,2/4/2005,1/21/2005,VR,,bsee_war,True,GLOBAL SANTA FE HIGH ISLANDI,drilling_rig,,,jackup,jackup_70m,5.5,generic,,,,,,,,,
GLOBAL SANTA FE INC.,unknown,,,,,,,,,,,,,,,2.0,4/5/2008 11:59:00 PM,3/23/2008 12:01:00 AM,GC,,bsee_war,True,GLOBAL SANTA FE INC.,drilling_rig,,,,,,,,,,,,,,,
GLOBAL SANTA FE JACK RYAN,jack_up,,,,,,,,7962.0,70.0,76.0,16000.0,,,,2.0,6/5/2004,2/10/2004,MC,,bsee_war,True,GLOBAL SANTA FE JACK RYAN,drilling_rig,,,jackup,jackup_70m,5.5,generic,,,,,,,,,
GLOBAL SANTA FE: C.R. LUIGS,jack_up,,,,,,,,3040.0,70.0,76.0,16000.0,,,,2.0,9/9/2006,4/30/2006,GC,,bsee_war,True,GLOBAL SANTA FE: C.R. LUIGS,drilling_rig,,,jackup,jackup_70m,5.5,generic,,,,,,,,,
GLOBAL SANTA FE: CR LUIGS,jack_up,,,,,,,,3040.0,70.0,76.0,16000.0,,,,2.0,4/8/2006,1/15/2006,GC,,bsee_war,True,GLOBAL SANTA FE: CR LUIGS,drilling_rig,,,jackup,jackup_70m,5.5,generic,,,,,,,,,
GLOBAL SANTAFE ADRIATIC 10,jack_up,,,,,,,,53.0,70.0,76.0,16000.0,,,,1.0,5/5/2003,1/25/2003,WC,,bsee_war,True,GLOBAL SANTAFE ADRIATIC 10,drilling_rig,,,jackup,jackup_70m,5.5,generic,,,,,,,,,
GLOBAL SANTE FE  MAIN PASS I,jack_up,,,,,,,,81.0,70.0,76.0,16000.0,,,,1.0,9/4/2004,10/10/2004,EC,,bsee_war,True,GLOBAL SANTE FE  MAIN PASS I,drilling_rig,,,jackup,jackup_70m,5.5,generic,,,,,,,,,
GLOBAL SANTE FE CELTIC SEA,jack_up,,,,,,,,2904.0,70.0,76.0,16000.0,,,,1.0,2/26/2005,2/13/2005,MC,,bsee_war,True,GLOBAL SANTE FE CELTIC SEA,drilling_rig,,,jackup,jackup_70m,5.5,generic,,,,,,,,,
GLOMAR ADRIATIC,jack_up,,,,,,,,,70.0,76.0,16000.0,,,,1.0,9/9/2003,11/19/2003,EI,,bsee_war,True,GLOMAR ADRIATIC,drilling_rig,,,jackup,jackup_70m,5.5,generic,,,,,,,,,
GLOMAR ADRIATIC II,jack_up,,,,,,,,118.0,70.0,76.0,16000.0,,,,10.0,9/27/1999,1/10/1998,EI,,bsee_war,True,GLOMAR ADRIATIC II,drilling_rig,,,jackup,jackup_70m,5.5,generic,,,,,,,,,
GLOMAR ADRIATIC III,jack_up,,,,,,,,307.0,70.0,76.0,16000.0,,,,32.0,9/4/2005,1/1/1999,WC,,bsee_war,True,GLOMAR ADRIATIC III,drilling_rig,,,jackup,jackup_70m,5.5,generic,,,,,,,,,
GLOMAR ADRIATIC IV,jack_up,,,,,,,,,70.0,76.0,16000.0,,,,8.0,9/1/2002,1/22/2001,VR,,bsee_war,True,GLOMAR ADRIATIC IV,drilling_rig,,,jackup,jackup_70m,5.5,generic,,,,,,,,,
GLOMAR ADRIATIC IX,jack_up,,,,,,,,,70.0,76.0,16000.0,,,,6.0,7/9/2000,1/1/2001,WC,,bsee_war,True,GLOMAR ADRIATIC IX,drilling_rig,,,jackup,jackup_70m,5.5,generic,,,,,,,,,
GLOMAR ADRIATIC VI,jack_up,,,,,,,,,70.0,76.0,16000.0,,,,7.0,8/24/1998,1/13/1998,HI,,bsee_war,True,GLOMAR ADRIATIC VI,drilling_rig,,,jackup,jackup_70m,5.5,generic,,,,,,,,,
GLOMAR ADRIATIC VII,jack_up,,,,,,,,,70.0,76.0,16000.0,,,,6.0,9/3/2005 11:59:00 PM,4/10/2005 12:01:00 AM,EI,,bsee_war,True,GLOMAR ADRIATIC VII,drilling_rig,,,jackup,jackup_70m,5.5,generic,,,,,,,,,
GLOMAR ADRIATIC X,jack_up,,,,,,,,150.0,70.0,76.0,16000.0,,,,17.0,9/9/2001,1/11/2000,VR,,bsee_war,True,GLOMAR ADRIATIC X,drilling_rig,,,jackup,jackup_70m,5.5,generic,,,,,,,,,
GLOMAR ADRIATICX,jack_up,,,,,,,,,70.0,76.0,16000.0,,,,1.0,4/17/2000,4/11/2000,HI,,bsee_war,True,GLOMAR ADRIATICX,drilling_rig,,,jackup,jackup_70m,5.5,generic,,,,,,,,,
GLOMAR ARCTIC 1,jack_up,,,,,,,,2518.0,70.0,76.0,16000.0,,,,10.0,9/9/2001,1/11/2000,GC,,bsee_war,True,GLOMAR ARCTIC 1,drilling_rig,,,jackup,jackup_70m,5.5,generic,,,,,,,,,
GLOMAR ARCTIC I,jack_up,,,,,,,,3052.0,70.0,76.0,16000.0,,,,8.0,7/7/2003,1/1/1999,GC,,bsee_war,True,GLOMAR ARCTIC I,drilling_rig,,,jackup,jackup_70m,5.5,generic,,,,,,,,,
GLOMAR ARTIC 1,jack_up,,,,,,,,,70.0,76.0,16000.0,,,,3.0,9/28/2000,10/13/2000,GB,,bsee_war,True,GLOMAR ARTIC 1,drilling_rig,,,jackup,jackup_70m,5.5,generic,,,,,,,,,
GLOMAR ARTIC I,jack_up,,,,,,,,437.0,70.0,76.0,16000.0,,,,10.0,7/2/1999,1/1/1998,MC,,bsee_war,True,GLOMAR ARTIC I,drilling_rig,,,jackup,jackup_70m,5.5,generic,,,,,,,,,
GLOMAR BALTIC I,jack_up,,,,,,,,,70.0,76.0,16000.0,,,,7.0,9/7/2000,1/12/1999,GI,,bsee_war,True,GLOMAR BALTIC I,drilling_rig,,,jackup,jackup_70m,5.5,generic,,,,,,,,,
GLOMAR C.R. LUIGS,jack_up,,,,,,,,,70.0,76.0,16000.0,,,,2.0,8/6/2000,4/22/2000,GC,,bsee_war,True,GLOMAR C.R. LUIGS,drilling_rig,,,jackup,jackup_70m,5.5,generic,,,,,,,,,
GLOMAR CELTIC SEA,jack_up,,,,,,,,3933.0,70.0,76.0,16000.0,,,,16.0,9/9/2001,1/1/2006,GC,,bsee_war,True,GLOMAR CELTIC SEA,drilling_rig,,,jackup,jackup_70m,5.5,generic,,,,,,,,,
GLOMAR CLETIC SEA,jack_up,,,,,,,,3933.0,70.0,76.0,16000.0,,,,1.0,9/3/2005,10/16/2005,GC,,bsee_war,True,GLOMAR CLETIC SEA,drilling_rig,,,jackup,jackup_70m,5.5,generic,,,,,,,,,
GLOMAR EXPLORER,drillship,,,,,,,,6257.0,228.0,42.0,96000.0,,,,29.0,9/9/2001,1/12/1999,WR,,bsee_war,True,GLOMAR EXPLORER,drilling_rig,,,drillship,drillship_230m,12.0,generic,,,,,,,,,
GLOMAR HI ISL VIII,jack_up,,,,,,,,,70.0,76.0,16000.0,,,,2.0,9/8/2000,7/22/2000,EI,,bsee_war,True,GLOMAR HI ISL VIII,drilling_rig,,,jackup,jackup_70m,5.5,generic,,,,,,,,,
GLOMAR HI ISLAND VIII,jack_up,,,,,,,,,70.0,76.0,16000.0,,,,1.0,8/6/1999,7/17/1999,EI,,bsee_war,True,GLOMAR HI ISLAND VIII,drilling_rig,,,jackup,jackup_70m,5.5,generic,,,,,,,,,
GLOMAR HIGH ISL. II,jack_up,,,,,,,,,70.0,76.0,16000.0,,,,1.0,6/7/1998,5/23/1998,EC,,bsee_war,True,GLOMAR HIGH ISL. II,drilling_rig,,,jackup,jackup_70m,5.5,generic,,,,,,,,,
GLOMAR HIGH ISLAND,jack_up,,,,,,,,,70.0,76.0,16000.0,,,,1.0,4/6/2003,3/31/2003,EI,,bsee_war,True,GLOMAR HIGH ISLAND,drilling_rig,,,jackup,jackup_70m,5.5,generic,,,,,,,,,
GLOMAR HIGH ISLAND 1,jack_up,,,,,,,,,70.0,76.0,16000.0,,,,5.0,9/4/2000,1/18/2000,VR,,bsee_war,True,GLOMAR HIGH ISLAND 1,drilling_rig,,,jackup,jackup_70m,5.5,generic,,,,,,,,,
GLOMAR HIGH ISLAND 11,jack_up,,,,,,,,,70.0,76.0,16000.0,,,,1.0,1/27/2002,1/13/2002,SS,,bsee_war,True,GLOMAR HIGH ISLAND 11,drilling_rig,,,jackup,jackup_70m,5.5,generic,,,,,,,,,
GLOMAR HIGH ISLAND I,jack_up,,,,,,,,144.0,70.0,76.0,16000.0,,,,26.0,9/9/2001,1/1/1999,MP,,bsee_war,True,GLOMAR HIGH ISLAND I,drilling_rig,,,jackup,jackup_70m,5.5,generic,,,,,,,,,
GLOMAR HIGH ISLAND II,jack_up,,,,,,,,,70.0,76.0,16000.0,,,,9.0,9/3/2000,1/5/1999,BA,,bsee_war,True,GLOMAR HIGH ISLAND II,drilling_rig,,,jackup,jackup_70m,5.5,generic,,,,,,,,,
GLOMAR HIGH ISLAND III,jack_up,,,,,,,,174.0,70.0,76.0,16000.0,,,,2.0,6/8/2001,4/14/2001,ST,,bsee_war,True,GLOMAR HIGH ISLAND III,drilling_rig,,,jackup,jackup_70m,5.5,generic,,,,,,,,,
GLOMAR HIGH ISLAND IV,jack_up,,,,,,,,180.0,70.0,76.0,16000.0,,,,17.0,9/4/2004,1/14/2002,SS,,bsee_war,True,GLOMAR HIGH ISLAND IV,drilling_rig,,,jackup,jackup_70m,5.5,generic,,,,,,,,,
GLOMAR HIGH ISLAND VIII,jack_up,,,,,,,,83.0,70.0,76.0,16000.0,,,,8.0,9/2/1999,1/22/2000,WC,,bsee_war,True,GLOMAR HIGH ISLAND VIII,drilling_rig,,,jackup,jackup_70m,5.5,generic,,,,,,,,,
GLOMAR HIGH ISLAND VIII 593-31,jack_up,,,,,,,,,70.0,76.0,16000.0,,,,1.0,11/8/1999,11/16/1999,VR,,bsee_war,True,GLOMAR HIGH ISLAND VIII 593-31,drilling_rig,,,jackup,jackup_70m,5.5,generic,,,,,,,,,
GLOMAR HIGH ISLAND VILL,jack_up,,,,,,,,,70.0,76.0,16000.0,,,,1.0,9/8/2000,2/11/2000,HI,,bsee_war,True,GLOMAR HIGH ISLAND VILL,drilling_rig,,,jackup,jackup_70m,5.5,generic,,,,,,,,,
GLOMAR HISH ISLAND 1,jack_up,,,,,,,,,70.0,76.0,16000.0,,,,1.0,12/27/1999,12/21/1999,WC,,bsee_war,True,GLOMAR HISH ISLAND 1,drilling_rig,,,jackup,jackup_70m,5.5,generic,,,,,,,,,
GLOMAR HISH ISLAND II,jack_up,,,,,,,,,70.0,76.0,16000.0,,,,1.0,12/7/1998,11/16/1998,BA,,bsee_war,True,GLOMAR HISH ISLAND II,drilling_rig,,,jackup,jackup_70m,5.5,generic,,,,,,,,,
GLOMAR MAIN PASS,jack_up,,,,,,,,,70.0,76.0,16000.0,,,,1.0,6/8/1998,1/16/2001,WC,,bsee_war,True,GLOMAR MAIN PASS,drilling_rig,,,jackup,jackup_70m,5.5,generic,,,,,,,,,
GLOMAR MAIN PASS 1,jack_up,,,,,,,,,70.0,76.0,16000.0,,,,3.0,3/4/2001,1/15/2001,ST,,bsee_war,True,GLOMAR MAIN PASS 1,drilling_rig,,,jackup,jackup_70m,5.5,generic,,,,,,,,,
GLOMAR MAIN PASS I,jack_up,,,,,,,,148.0,70.0,76.0,16000.0,,,,19.0,9/30/2001,1/1/2000,ST,,bsee_war,True,GLOMAR MAIN PASS I,drilling_rig,,,jackup,jackup_70m,5.5,generic,,,,,,,,,
GLOMAR MAIN PASS IV,jack_up,,,,,,,,176.0,70.0,76.0,16000.0,,,,12.0,9/8/2002,1/11/2000,MP,,bsee_war,True,GLOMAR MAIN PASS IV,drilling_rig,,,jackup,jackup_70m,5.5,generic,,,,,,,,,
GLOMAR MARINE HIGH ISLAND IV,jack_up,,,,,,,,208.0,70.0,76.0,16000.0,,,,3.0,12/7/2003,11/10/2003,EC,,bsee_war,True,GLOMAR MARINE HIGH ISLAND IV,drilling_rig,,,jackup,jackup_70m,5.5,generic,,,,,,,,,
"GLOMAR MV HAMMERHEAD ""WIRELINE",wireline_unit,,,,,,,,42.0,,,,,,,1.0,7/22/2003,7/19/2003,WC,,bsee_war,True,"GLOMAR MV HAMMERHEAD ""WIRELINE",drilling_rig,,,,,,,,,,,,,,,
GLOOMAR CELTIC SEA,jack_up,,,,,,,,3933.0,70.0,76.0,16000.0,,,,1.0,7/3/2004,4/17/2005,GC,,bsee_war,True,GLOOMAR CELTIC SEA,drilling_rig,,,jackup,jackup_70m,5.5,generic,,,,,,,,,
GM HIGH ISLAND II,jack_up,,,,,,,,,70.0,76.0,16000.0,,,,3.0,4/3/1998,1/16/1998,WC,,bsee_war,True,GM HIGH ISLAND II,drilling_rig,,,jackup,jackup_70m,5.5,generic,,,,,,,,,
GOLMAR EXPLORER,drillship,,,,,,,,,228.0,42.0,96000.0,,,,1.0,3/5/2002,2/18/2002,AT,,bsee_war,True,GOLMAR EXPLORER,drilling_rig,,,drillship,drillship_230m,12.0,generic,,,,,,,,,
GOMAR CELTIC SEA,jack_up,,,,,,,,,70.0,76.0,16000.0,,,,1.0,2/8/2002,1/12/2002,AC,,bsee_war,True,GOMAR CELTIC SEA,drilling_rig,,,jackup,jackup_70m,5.5,generic,,,,,,,,,
GORILLA II,jack_up,,,,,,,,390.0,70.0,76.0,16000.0,,,,6.0,4/3/2005,1/16/2005,HI,,bsee_war,True,GORILLA II,drilling_rig,,,jackup,jackup_70m,5.5,generic,,,,,,,,,
GORILLA III,jack_up,,,,,,,,,70.0,76.0,16000.0,,,,5.0,8/5/2001,10/14/2002,ST,,bsee_war,True,GORILLA III,drilling_rig,,,jackup,jackup_70m,5.5,generic,,,,,,,,,
GORILLA IV,jack_up,,,,,,,,375.0,70.0,76.0,16000.0,,,,6.0,9/3/2005,1/1/2006,WD,,bsee_war,True,GORILLA IV,drilling_rig,,,jackup,jackup_70m,5.5,generic,,,,,,,,,
GORILLA VI,jack_up,,,,,,,,,70.0,76.0,16000.0,,,,2.0,5/8/2001,1/16/2001,GI,,bsee_war,True,GORILLA VI,drilling_rig,,,jackup,jackup_70m,5.5,generic,,,,,,,,,
GSF ADRIATIC III,jack_up,,,,,,,,243.0,70.0,76.0,16000.0,,,,32.0,9/9/2006 11:59:00 PM,1/13/2008 12:01:00 AM,WC,,bsee_war,True,GSF ADRIATIC III,drilling_rig,,,jackup,jackup_70m,5.5,generic,,,,,,,,,
GSF ARCTIC I,jack_up,,,,,,,,,70.0,76.0,16000.0,,,,5.0,9/9/2006 11:59:00 PM,1/14/2007 12:01:00 AM,GC,,bsee_war,True,GSF ARCTIC I,drilling_rig,,,jackup,jackup_70m,5.5,generic,,,,,,,,,
GSF ARTIC I,jack_up,,,,,,,,2847.0,70.0,76.0,16000.0,,,,1.0,6/5/2004,5/24/2004,MC,,bsee_war,True,GSF ARTIC I,drilling_rig,,,jackup,jackup_70m,5.5,generic,,,,,,,,,
GSF C.R. LUIGS,drillship,,,,,,10000.0,35000.0,10000.0,231.34,35.97,,,,2000.0,46.0,9/8/2012 11:59:00 PM,1/1/2006 12:01:00 AM,GC,,bsee_war,True,GSF C.R. LUIGS,drilling_rig,,,drillship,drillship_230m,,,,,,,,,,,
GSF CELTIC SEA,semi_submersible,,,,,,5750.0,28000.0,5750.0,97.54,86.87,,,,1982.0,12.0,9/9/2006 11:59:00 PM,1/13/2008 12:01:00 AM,GC,,bsee_war,True,GSF CELTIC SEA,drilling_rig,,,semi_sub,semi_sub_100m,,,,,,,,,,,
GSF DEVELOPMENT DRILLER I,semi_submersible,,,,,,10000.0,37500.0,7500.0,98.76,78.64,,,,2005.0,24.0,9/9/2006 11:59:00 PM,1/1/2009,GC,,bsee_war,True,GSF DEVELOPMENT DRILLER I,drilling_rig,,,semi_sub,semi_sub_100m,,,,,,,,,,,
GSF DEVELOPMENT DRILLER II,semi_submersible,,,,,,10000.0,37500.0,7500.0,98.76,78.64,,,,2005.0,23.0,9/9/2006 11:59:00 PM,1/10/2010 12:01:00 AM,GC,,bsee_war,True,GSF DEVELOPMENT DRILLER II,drilling_rig,,,semi_sub,semi_sub_100m,,,,,,,,,,,
GSF EXPLORER,drillship,,,,,,7800.0,30000.0,7800.0,188.67,35.36,,,,1972.0,5.0,4/7/2007 11:59:00 PM,1/14/2007 12:01:00 AM,MC,,bsee_war,True,GSF EXPLORER,drilling_rig,,,drillship,drillship_190m,,,,,,,,,,,
GSF HIGH ISLAND 1,jack_up,,,,,,,,50.0,70.0,76.0,16000.0,,,,1.0,3/4/2006,1/1/2006,HI,,bsee_war,True,GSF HIGH ISLAND 1,drilling_rig,,,jackup,jackup_70m,5.5,generic,,,,,,,,,
GSF HIGH ISLAND I,jack_up,,,,,,,,50.0,70.0,76.0,16000.0,,,,24.0,9/9/2006 11:59:00 PM,1/13/2008 12:01:00 AM,WC,,bsee_war,True,GSF HIGH ISLAND I,drilling_rig,,,jackup,jackup_70m,5.5,generic,,,,,,,,,
GSF HIGH ISLAND II,jack_up,,,,,,,,70.0,70.0,76.0,16000.0,,,,11.0,9/4/2004,1/16/2005 12:01:00 AM,SS,,bsee_war,True,GSF HIGH ISLAND II,drilling_rig,,,jackup,jackup_70m,5.5,generic,,,,,,,,,
GSF HIGH ISLAND III,jack_up,,,,,,,,,70.0,76.0,16000.0,,,,13.0,9/4/2004,1/16/2005 12:01:00 AM,EI,,bsee_war,True,GSF HIGH ISLAND III,drilling_rig,,,jackup,jackup_70m,5.5,generic,,,,,,,,,
GSF HIGH ISLAND IV,jack_up,,,,,,,,100.0,70.0,76.0,16000.0,,,,10.0,9/9/2006 11:59:00 PM,1/1/2006 12:01:00 AM,HI,,bsee_war,True,GSF HIGH ISLAND IV,drilling_rig,,,jackup,jackup_70m,5.5,generic,,,,,,,,,
GSF HIGH ISLAND VIII,jack_up,,,,,,,,156.0,70.0,76.0,16000.0,,,,24.0,9/9/2006 11:59:00 PM,1/1/2006 12:01:00 AM,WC,,bsee_war,True,GSF HIGH ISLAND VIII,drilling_rig,,,jackup,jackup_70m,5.5,generic,,,,,,,,,
GSF MAIN PASS I,jack_up,,,,,,,,,70.0,76.0,16000.0,,,,15.0,9/3/2005 11:59:00 PM,1/13/2005,SM,,bsee_war,True,GSF MAIN PASS I,drilling_rig,,,jackup,jackup_70m,5.5,generic,,,,,,,,,
GSF MAIN PASS IV,jack_up,,,,,,,,44.0,70.0,76.0,16000.0,,,,18.0,9/9/2006 11:59:00 PM,1/1/2006 12:01:00 AM,SM,,bsee_war,True,GSF MAIN PASS IV,drilling_rig,,,jackup,jackup_70m,5.5,generic,,,,,,,,,
GULF ISLAND III,jack_up,,,,,,,,24.0,70.0,76.0,16000.0,,,,6.0,7/5/1998,1/9/2005,EI,,bsee_war,True,GULF ISLAND III,drilling_rig,,,jackup,jackup_70m,5.5,generic,,,,,,,,,
GULF ISLAND VII,jack_up,,,,,,,,25.0,70.0,76.0,16000.0,,,,2.0,4/5/1998,10/28/1997,EI,,bsee_war,True,GULF ISLAND VII,drilling_rig,,,jackup,jackup_70m,5.5,generic,,,,,,,,,
GULF ISLAND VIII,jack_up,,,,,,,,,70.0,76.0,16000.0,,,,1.0,9/5/2000,10/11/2000,ST,,bsee_war,True,GULF ISLAND VIII,drilling_rig,,,jackup,jackup_70m,5.5,generic,,,,,,,,,
H&P 105,platform_rig,,,,,,,,,,,,,,,101.0,9/9/2006 11:59:00 PM,1/1/2012 12:01:00 AM,SP,,bsee_war,True,H&P 105,drilling_rig,,,,,,,,,,,,,,,
H&P_ 201,platform_rig,,,,,,,,,,,,,,,1.0,9/9/2002,10/1/2002,MC,,bsee_war,True,H&P_ 201,drilling_rig,,,,,,,,,,,,,,,
H&P 204,platform_rig,,,,,,,,3800.0,,,,,,,29.0,9/9/2006 11:59:00 PM,1/1/2002,MC,,bsee_war,True,H&P 204,drilling_rig,,,,,,,,,,,,,,,
H&P 205,platform_rig,,,,,,,,7817.0,,,,,,,60.0,9/9/2023 11:59:00 PM,1/1/2006,VK,,bsee_war,True,H&P 205,drilling_rig,,,,,,,,,,,,,,,
H&P 406 - TLP,platform_rig,,,,,,,,2862.0,,,,,,,1.0,9/4/2004,7/11/2004,GB,,bsee_war,True,H&P 406 - TLP,drilling_rig,,,,,,,,,,,,,,,
H&_ 108,jack_up,,,,,,,,,70.0,76.0,16000.0,,,,1.0,3/7/2001,1/16/2001,SP,,bsee_war,True,H&_ 108,drilling_rig,,,jackup,jackup_70m,5.5,generic,,,,,,,,,
H&P,platform_rig,,,,,,,,2945.0,,,,,,,2.0,9/24/2001,4/24/2004,MC,,bsee_war,True,H&P,drilling_rig,,,,,,,,,,,,,,,
H&P 100,platform_rig,,,,,,,,1290.0,,,,,,,120.0,9/9/2006 11:59:00 PM,1/1/2006,VK,,bsee_war,True,H&P 100,drilling_rig,,,,,,,,,,,,,,,
H&P 106,platform_rig,,,,,,,,,,,,,,,18.0,9/7/2001,1/1/2001,EW,,bsee_war,True,H&P 106,drilling_rig,,,,,,,,,,,,,,,
H&P 106  P/F RIG,platform_rig,,,,,,,,,,,,,,,1.0,2/5/2000,1/16/2000,VK,,bsee_war,True,H&P 106  P/F RIG,drilling_rig,,,,,,,,,,,,,,,
H&P 107,platform_rig,,,,,,,,372.0,,,,,,,95.0,9/9/2017 11:59:00 PM,1/1/2006 12:01:00 AM,GC,,bsee_war,True,H&P 107,drilling_rig,,,,,,,,,,,,,,,
H&P_ 108,platform_rig,,,,,,,,,,,,,,,1.0,8/6/2001,7/22/2001,SP,,bsee_war,True,H&P_ 108,drilling_rig,,,,,,,,,,,,,,,
H&P 109,platform_rig,,,,,,,,,,,,,,,1.0,6/4/2001,5/22/2001,SP,,bsee_war,True,H&P 109,drilling_rig,,,,,,,,,,,,,,,
H&P 201/SNUBBER,platform_rig,,,,,,,,,,,,,,,1.0,6/27/2003,1/14/2003,MC,,bsee_war,True,H&P 201/SNUBBER,drilling_rig,,,,,,,,,,,,,,,
H&P 202,platform_rig,,,,,,,,2985.0,,,,,,,38.0,9/9/2002,1/1/2002,VK,,bsee_war,True,H&P 202,drilling_rig,,,,,,,,,,,,,,,
H&P 202 (BRUTUS TLP),platform_rig,,,,,,,,2985.0,,,,,,,1.0,5/7/2005,3/13/2005,GC,,bsee_war,True,H&P 202 (BRUTUS TLP),drilling_rig,,,,,,,,,,,,,,,
H&P 202 CTU,platform_rig,,,,,,,,2985.0,,,,,,,1.0,6/12/2004,6/6/2004,GC,,bsee_war,True,H&P 202 CTU,drilling_rig,,,,,,,,,,,,,,,
H&P 202 RIG NUMBER (504)728-59,platform_rig,,,,,,,,2985.0,,,,,,,1.0,4/7/2003,12/26/2004,GC,,bsee_war,True,H&P 202 RIG NUMBER (504)728-59,drilling_rig,,,,,,,,,,,,,,,
H&P 203,platform_rig,,,,,,,,1030.0,,,,,,,61.0,9/9/2006 11:59:00 PM,1/1/2001,GB,,bsee_war,True,H&P 203,drilling_rig,,,,,,,,,,,,,,,
H&P 205 (TLP),platform_rig,,,,,,,,3218.0,,,,,,,1.0,7/9/2005,6/26/2005,VK,,bsee_war,True,H&P 205 (TLP),drilling_rig,,,,,,,,,,,,,,,
H&P 206,platform_rig,,,,,,,,5423.0,,,,,,,59.0,9/8/2012 11:59:00 PM,1/1/2006 12:01:00 AM,GC,,bsee_war,True,H&P 206,drilling_rig,,,,,,,,,,,,,,,
H&P 406,platform_rig,,,,,,,,,,,,,,,22.0,9/8/2018,1/1/2012 12:01:00 AM,GB,,bsee_war,True,H&P 406,drilling_rig,,,,,,,,,,,,,,,
H&P 406 AUGER TLP,platform_rig,,,,,,,,,,,,,,,1.0,9/2/2002,8/27/2002,GB,,bsee_war,True,H&P 406 AUGER TLP,drilling_rig,,,,,,,,,,,,,,,
H&P 91,platform_rig,,,,,,,,,,,,,,,23.0,9/6/2000,1/11/2001,MC,,bsee_war,True,H&P 91,drilling_rig,,,,,,,,,,,,,,,
H&P RIG 203,platform_rig,,,,,,,,,,,,,,,1.0,9/26/1999,10/4/1999,GC,,bsee_war,True,H&P RIG 203,drilling_rig,,,,,,,,,,,,,,,
H&P RIG 107,platform_rig,,,,,,,,484.0,,,,,,,2.0,9/4/2004,10/10/2004,ST,,bsee_war,True,H&P RIG 107,drilling_rig,,,,,,,,,,,,,,,
H&P RIG 202,platform_rig,,,,,,,,,,,,,,,1.0,12/8/1998,1/13/1999,VK,,bsee_war,True,H&P RIG 202,drilling_rig,,,,,,,,,,,,,,,
H&P100,platform_rig,,,,,,,,,,,,,,,1.0,3/6/2002,2/21/2002,MC,,bsee_war,True,H&P100,drilling_rig,,,,,,,,,,,,,,,
H&P105,platform_rig,,,,,,,,,,,,,,,5.0,9/24/2001,1/16/2001,SP,,bsee_war,True,H&P105,drilling_rig,,,,,,,,,,,,,,,
H&P108,platform_rig,,,,,,,,,,,,,,,8.0,9/17/2001,3/6/2001,SP,,bsee_war,True,H&P108,drilling_rig,,,,,,,,,,,,,,,
H&P201,platform_rig,,,,,,,,2945.0,,,,,,,2.0,5/8/2000,1/13/2004,MC,,bsee_war,True,H&P201,drilling_rig,,,,,,,,,,,,,,,
H&P203,platform_rig,,,,,,,,1030.0,,,,,,,1.0,6/9/2003,5/20/2003,MC,,bsee_war,True,H&P203,drilling_rig,,,,,,,,,,,,,,,
H&P205,platform_rig,,,,,,,,1024.0,,,,,,,2.0,9/9/2002,10/1/2002,MC,,bsee_war,True,H&P205,drilling_rig,,,,,,,,,,,,,,,
H&P206,platform_rig,,,,,,,,5423.0,,,,,,,2.0,6/9/2003,4/15/2003,MC,,bsee_war,True,H&P206,drilling_rig,,,,,,,,,,,,,,,
H&P91,platform_rig,,,,,,,,,,,,,,,2.0,2/6/2002,1/10/2002,MC,,bsee_war,True,H&P91,drilling_rig,,,,,,,,,,,,,,,
H7P 100,jack_up,,,,,,,,,70.0,76.0,16000.0,,,,1.0,9/4/1998,7/20/1998,VK,,bsee_war,True,H7P 100,drilling_rig,,,jackup,jackup_70m,5.5,generic,,,,,,,,,
H7P RIG 202,jack_up,,,,,,,,,70.0,76.0,16000.0,,,,2.0,9/8/1998,10/14/1998,VK,,bsee_war,True,H7P RIG 202,drilling_rig,,,jackup,jackup_70m,5.5,generic,,,,,,,,,
HALIFAX,jack_up,,,,,,,,188.0,70.0,76.0,16000.0,,,,1.0,6/5/2004,5/16/2004,EI,,bsee_war,True,HALIFAX,drilling_rig,,,jackup,jackup_70m,5.5,generic,,,,,,,,,
HALLIBURTON CT,coil_tubing_unit,,,,,,,,,,,,,,,1.0,7/9/2002,7/2/2002,WD,,bsee_war,True,HALLIBURTON CT,drilling_rig,,,,,,,,,,,,,,,
HARKAND SPEARFISH,support_vessel,,,,,,,,,,,,,,,3.0,9/6/2014 11:59:00 PM,10/19/2014,EB,,bsee_war,True,HARKAND SPEARFISH,drilling_rig,,,,,,,,,,,,,,,
HARVEY INTERVENTION,support_vessel,,,,,,,,,,,,,,,4.0,6/4/2024 11:59:00 PM,11/1/2024,MC,,bsee_war,True,HARVEY INTERVENTION,drilling_rig,,,,,,,,,,,,,,,
HARVEY SUB-SEA,support_vessel,,,,,,,,,,,,,,,1.0,5/13/2025 11:59:00 PM,5/11/2025 12:01:00 AM,MC,,bsee_war,True,HARVEY SUB-SEA,drilling_rig,,,,,,,,,,,,,,,
HELIX 534,semi_submersible,,,,,,,,,104.0,78.0,45000.0,,,,11.0,9/6/2014 11:59:00 PM,1/11/2015,MC,,bsee_war,True,HELIX 534,drilling_rig,,,semi_sub,semi_sub_100m,21.0,generic,,,,,,,,,
HELIX Q-4000,semi_submersible,,,,,,,,,104.0,78.0,45000.0,,,,56.0,9/9/2023 11:59:00 PM,1/1/2022,MC,,bsee_war,True,HELIX Q-4000,drilling_rig,,,semi_sub,semi_sub_100m,21.0,generic,,,,,,,,,
HELIX Q4000,semi_submersible,,,,,,,,4883.0,104.0,78.0,45000.0,,,,1.0,5/6/2009,5/4/2009,AC,,bsee_war,True,HELIX Q4000,drilling_rig,,,semi_sub,semi_sub_100m,21.0,generic,,,,,,,,,
HELIX Q5000,semi_submersible,,,,,,,,,104.0,78.0,45000.0,,,,95.0,9/9/2023 11:59:00 PM,1/1/2017 12:01:00 AM,WR,,bsee_war,True,HELIX Q5000,drilling_rig,,,semi_sub,semi_sub_100m,21.0,generic,,,,,,,,,
HELIZ Q4000,semi_submersible,,,,,,,,4889.0,104.0,78.0,45000.0,,,,1.0,5/3/2009,5/3/2009,AC,,bsee_war,True,HELIZ Q4000,drilling_rig,,,semi_sub,semi_sub_100m,21.0,generic,,,,,,,,,
HELMERICH & PAYNE 108,platform_rig,,,,,,,,,,,,,,,7.0,9/30/1999,1/2/1999,SP,,bsee_war,True,HELMERICH & PAYNE 108,drilling_rig,,,,,,,,,,,,,,,
HERCULES,jack_up,,,,,,,,34.0,70.0,76.0,16000.0,,,,6.0,2/3/1998,1/18/1998,VR,,bsee_war,True,HERCULES,drilling_rig,,,jackup,jackup_70m,5.5,generic,,,,,,,,,
HERCULES 10,jack_up,,,,,,,,,70.0,76.0,16000.0,,,,3.0,9/7/1998,10/14/2003,EI,,bsee_war,True,HERCULES 10,drilling_rig,,,jackup,jackup_70m,5.5,generic,,,,,,,,,
HERCULES 101,jack_up,,,,,,,,,70.0,76.0,16000.0,,,,3.0,12/6/2008 11:59:00 PM,1/4/2009 12:01:00 AM,MP,,bsee_war,True,HERCULES 101,drilling_rig,,,jackup,jackup_70m,5.5,generic,,,,,,,,,
HERCULES 11,jack_up,,,,,,,,160.0,70.0,76.0,16000.0,,,,35.0,9/9/2006 11:59:00 PM,1/1/2006 12:01:00 AM,ST,,bsee_war,True,HERCULES 11,drilling_rig,,,jackup,jackup_70m,5.5,generic,,,,,,,,,
HERCULES 120,jack_up,,,,,,,,,70.0,76.0,16000.0,,,,78.0,9/8/2012 11:59:00 PM,1/1/2012,ST,,bsee_war,True,HERCULES 120,drilling_rig,,,jackup,jackup_70m,5.5,generic,,,,,,,,,
HERCULES 15,jack_up,,,,,,,,24.0,70.0,76.0,16000.0,,,,33.0,9/9/2007 11:59:00 PM,1/10/1998,SM,,bsee_war,True,HERCULES 15,drilling_rig,,,jackup,jackup_70m,5.5,generic,,,,,,,,,
HERCULES 150,jack_up,,,,,,,,,70.0,76.0,16000.0,,,,43.0,9/7/2013 11:59:00 PM,1/11/2009 12:01:00 AM,EI,,bsee_war,True,HERCULES 150,drilling_rig,,,jackup,jackup_70m,5.5,generic,,,,,,,,,
HERCULES 152,jack_up,,,,,,,,,70.0,76.0,16000.0,,,,7.0,9/6/2008 11:59:00 PM,1/11/2009 12:01:00 AM,GA,,bsee_war,True,HERCULES 152,drilling_rig,,,jackup,jackup_70m,5.5,generic,,,,,,,,,
HERCULES 153,jack_up,,,,,,,,,70.0,76.0,16000.0,,,,2.0,12/6/2008 11:59:00 PM,1/11/2009 12:01:00 AM,BA,,bsee_war,True,HERCULES 153,drilling_rig,,,jackup,jackup_70m,5.5,generic,,,,,,,,,
HERCULES 15J,jack_up,,,,,,,,31.0,70.0,76.0,16000.0,,,,10.0,8/6/2005,1/16/2005,EI,,bsee_war,True,HERCULES 15J,drilling_rig,,,jackup,jackup_70m,5.5,generic,,,,,,,,,
HERCULES 15J/CTU,coil_tubing_unit,,,,,,,,25.0,,,,,,,1.0,7/2/2005,6/19/2005,SS,,bsee_war,True,HERCULES 15J/CTU,drilling_rig,,,,,,,,,,,,,,,
HERCULES 173,jack_up,,,,,,,,,70.0,76.0,16000.0,,,,102.0,9/7/2013 11:59:00 PM,1/1/2012 12:01:00 AM,ST,,bsee_war,True,HERCULES 173,drilling_rig,,,jackup,jackup_70m,5.5,generic,,,,,,,,,
HERCULES 20,jack_up,,,,,,,,80.0,70.0,76.0,16000.0,,,,36.0,9/9/2006 11:59:00 PM,1/1/2006 12:01:00 AM,PL,,bsee_war,True,HERCULES 20,drilling_rig,,,jackup,jackup_70m,5.5,generic,,,,,,,,,
HERCULES 200,jack_up,,,,,,,,,70.0,76.0,16000.0,,,,67.0,9/8/2012 11:59:00 PM,1/10/2010 12:01:00 AM,HI,,bsee_war,True,HERCULES 200,drilling_rig,,,jackup,jackup_70m,5.5,generic,,,,,,,,,
HERCULES 201,jack_up,,,,,,,,,70.0,76.0,16000.0,,,,58.0,9/9/2011,1/10/2010 12:01:00 AM,SS,,bsee_war,True,HERCULES 201,drilling_rig,,,jackup,jackup_70m,5.5,generic,,,,,,,,,
HERCULES 202,jack_up,,,,,,,,,70.0,76.0,16000.0,,,,55.0,9/8/2012 11:59:00 PM,1/1/2012,GC,,bsee_war,True,HERCULES 202,drilling_rig,,,jackup,jackup_70m,5.5,generic,,,,,,,,,
HERCULES 203,jack_up,,,,,,,,,70.0,76.0,16000.0,,,,17.0,9/6/2008 11:59:00 PM,1/11/2009 12:01:00 AM,ST,,bsee_war,True,HERCULES 203,drilling_rig,,,jackup,jackup_70m,5.5,generic,,,,,,,,,
HERCULES 204,jack_up,,,,,,,,,70.0,76.0,16000.0,,,,51.0,9/8/2012 11:59:00 PM,1/1/2012 12:01:00 AM,BM,,bsee_war,True,HERCULES 204,drilling_rig,,,jackup,jackup_70m,5.5,generic,,,,,,,,,
HERCULES 205,jack_up,,,,,,,,,70.0,76.0,16000.0,,,,54.0,9/8/2012 11:59:00 PM,1/1/2012,SS,,bsee_war,True,HERCULES 205,drilling_rig,,,jackup,jackup_70m,5.5,generic,,,,,,,,,
HERCULES 207,jack_up,,,,,,,,,70.0,76.0,16000.0,,,,7.0,9/6/2008 11:59:00 PM,1/11/2009 12:01:00 AM,PS,,bsee_war,True,HERCULES 207,drilling_rig,,,jackup,jackup_70m,5.5,generic,,,,,,,,,
HERCULES 209,jack_up,,,,,,,,,70.0,76.0,16000.0,,,,12.0,9/6/2014 11:59:00 PM,1/12/2014 12:01:00 AM,WD,,bsee_war,True,HERCULES 209,drilling_rig,,,jackup,jackup_70m,5.5,generic,,,,,,,,,
HERCULES 21,jack_up,,,,,,,,65.0,70.0,76.0,16000.0,,,,49.0,9/9/2006 11:59:00 PM,1/10/2005,ST,,bsee_war,True,HERCULES 21,drilling_rig,,,jackup,jackup_70m,5.5,generic,,,,,,,,,
HERCULES 211,jack_up,,,,,,,,,70.0,76.0,16000.0,,,,8.0,9/6/2008 11:59:00 PM,1/13/2008 12:01:00 AM,SM,,bsee_war,True,HERCULES 211,drilling_rig,,,jackup,jackup_70m,5.5,generic,,,,,,,,,
HERCULES 212,jack_up,,,,,,,,,70.0,76.0,16000.0,,,,14.0,9/7/2013 11:59:00 PM,1/1/2012 12:01:00 AM,WC,,bsee_war,True,HERCULES 212,drilling_rig,,,jackup,jackup_70m,5.5,generic,,,,,,,,,
HERCULES 213,jack_up,,,,,,,,,70.0,76.0,16000.0,,,,41.0,9/8/2012 11:59:00 PM,1/1/2012 12:01:00 AM,SS,,bsee_war,True,HERCULES 213,drilling_rig,,,jackup,jackup_70m,5.5,generic,,,,,,,,,
HERCULES 214,jack_up,,,,,,,,,70.0,76.0,16000.0,,,,28.0,9/8/2012 11:59:00 PM,1/1/2012 12:01:00 AM,SS,,bsee_war,True,HERCULES 214,drilling_rig,,,jackup,jackup_70m,5.5,generic,,,,,,,,,
HERCULES 22,jack_up,,,,,,,,,70.0,76.0,16000.0,,,,44.0,9/8/2007 11:59:00 PM,1/1/2006 12:01:00 AM,BM,,bsee_war,True,HERCULES 22,drilling_rig,,,jackup,jackup_70m,5.5,generic,,,,,,,,,
HERCULES 22-J,jack_up,,,,,,,,43.0,70.0,76.0,16000.0,,,,1.0,3/5/2005,2/15/2005,BM,,bsee_war,True,HERCULES 22-J,drilling_rig,,,jackup,jackup_70m,5.5,generic,,,,,,,,,
HERCULES 25,jack_up,,,,,,,,,70.0,76.0,16000.0,,,,10.0,7/30/1998,1/10/2000,ST,,bsee_war,True,HERCULES 25,drilling_rig,,,jackup,jackup_70m,5.5,generic,,,,,,,,,
HERCULES 250,jack_up,,,,,,,,119.0,70.0,76.0,16000.0,,,,7.0,9/6/2008 11:59:00 PM,1/11/2009 12:01:00 AM,SM,,bsee_war,True,HERCULES 250,drilling_rig,,,jackup,jackup_70m,5.5,generic,,,,,,,,,
HERCULES 251,jack_up,,,,,,,,,70.0,76.0,16000.0,,,,34.0,9/8/2012 11:59:00 PM,1/1/2012 12:01:00 AM,VR,,bsee_war,True,HERCULES 251,drilling_rig,,,jackup,jackup_70m,5.5,generic,,,,,,,,,
HERCULES 252,jack_up,,,,,,,,,70.0,76.0,16000.0,,,,6.0,9/6/2008 11:59:00 PM,1/13/2008 12:01:00 AM,MP,,bsee_war,True,HERCULES 252,drilling_rig,,,jackup,jackup_70m,5.5,generic,,,,,,,,,
HERCULES 253,jack_up,,,,,,,,,70.0,76.0,16000.0,,,,38.0,9/8/2012 11:59:00 PM,1/1/2012,SS,,bsee_war,True,HERCULES 253,drilling_rig,,,jackup,jackup_70m,5.5,generic,,,,,,,,,
HERCULES 257,jack_up,,,,,,,,,70.0,76.0,16000.0,,,,11.0,8/9/2008 11:59:00 PM,1/10/2010 12:01:00 AM,WD,,bsee_war,True,HERCULES 257,drilling_rig,,,jackup,jackup_70m,5.5,generic,,,,,,,,,
HERCULES 263,jack_up,,,,,,,,,70.0,76.0,16000.0,,,,29.0,9/7/2013 11:59:00 PM,1/1/2012 12:01:00 AM,VR,,bsee_war,True,HERCULES 263,drilling_rig,,,jackup,jackup_70m,5.5,generic,,,,,,,,,
HERCULES 264,jack_up,,,,,,,,,70.0,76.0,16000.0,,,,30.0,9/8/2012 11:59:00 PM,1/1/2012 12:01:00 AM,WC,,bsee_war,True,HERCULES 264,drilling_rig,,,jackup,jackup_70m,5.5,generic,,,,,,,,,
HERCULES 265,jack_up,,,,,,,,,70.0,76.0,16000.0,,,,22.0,9/8/2012 11:59:00 PM,1/1/2012 12:01:00 AM,ST,,bsee_war,True,HERCULES 265,drilling_rig,,,jackup,jackup_70m,5.5,generic,,,,,,,,,
HERCULES 3,jack_up,,,,,,,,,70.0,76.0,16000.0,,,,22.0,9/5/1999,1/12/1999,GC,,bsee_war,True,HERCULES 3,drilling_rig,,,jackup,jackup_70m,5.5,generic,,,,,,,,,
HERCULES 30,jack_up,,,,,,,,57.0,70.0,76.0,16000.0,,,,19.0,9/9/2006 11:59:00 PM,1/1/2006 12:01:00 AM,HI,,bsee_war,True,HERCULES 30,drilling_rig,,,jackup,jackup_70m,5.5,generic,,,,,,,,,
HERCULES 300,jack_up,,,,,,,,,70.0,76.0,16000.0,,,,65.0,9/8/2012,1/1/2012 12:01:00 AM,ST,,bsee_war,True,HERCULES 300,drilling_rig,,,jackup,jackup_70m,5.5,generic,,,,,,,,,
HERCULES 350,jack_up,,,,,,,,,70.0,76.0,16000.0,,,,99.0,9/8/2016 11:59:00 PM,1/1/2012 12:01:00 AM,ST,,bsee_war,True,HERCULES 350,drilling_rig,,,jackup,jackup_70m,5.5,generic,,,,,,,,,
HERCULES 77,jack_up,,,,,,,,,70.0,76.0,16000.0,,,,2.0,8/9/2008 11:59:00 PM,2/27/2008,EC,,bsee_war,True,HERCULES 77,drilling_rig,,,jackup,jackup_70m,5.5,generic,,,,,,,,,
HERCULES 78,jack_up,,,,,,,,,70.0,76.0,16000.0,,,,1.0,9/27/2008 11:59:00 PM,9/21/2008 12:01:00 AM,SS,,bsee_war,True,HERCULES 78,drilling_rig,,,jackup,jackup_70m,5.5,generic,,,,,,,,,
HERCULES 85,jack_up,,,,,,,,,70.0,76.0,16000.0,,,,5.0,7/8/2008 11:59:00 PM,1/13/2008 12:01:00 AM,SS,,bsee_war,True,HERCULES 85,drilling_rig,,,jackup,jackup_70m,5.5,generic,,,,,,,,,
HERCULES CATLASSFISH,jack_up,,,,,,,,51.0,70.0,76.0,16000.0,,,,1.0,11/30/2006,11/10/2006,HI,,bsee_war,True,HERCULES CATLASSFISH,drilling_rig,,,jackup,jackup_70m,5.5,generic,,,,,,,,,
HERCULES CUTLASSFISH,jack_up,,,,,,,,51.0,70.0,76.0,16000.0,,,,2.0,11/27/2006,11/10/2006,HI,,bsee_war,True,HERCULES CUTLASSFISH,drilling_rig,,,jackup,jackup_70m,5.5,generic,,,,,,,,,
HERCULES II,jack_up,,,,,,,,,70.0,76.0,16000.0,,,,8.0,8/10/1998,1/12/1999,SS,,bsee_war,True,HERCULES II,drilling_rig,,,jackup,jackup_70m,5.5,generic,,,,,,,,,
HERCULES ODIN VICTORY,jack_up,,,,,,,,115.0,70.0,76.0,16000.0,,,,10.0,9/3/2005 11:59:00 PM,10/14/2002,HI,,bsee_war,True,HERCULES ODIN VICTORY,drilling_rig,,,jackup,jackup_70m,5.5,generic,,,,,,,,,
HERCULES RIG 11,jack_up,,,,,,,,91.0,70.0,76.0,16000.0,,,,1.0,5/7/2005,3/20/2005,VR,,bsee_war,True,HERCULES RIG 11,drilling_rig,,,jackup,jackup_70m,5.5,generic,,,,,,,,,
HES WL UNIT,wireline_unit,,,,,,,,,,,,,,,1.0,8/3/2003,8/2/2003,VK,,bsee_war,True,HES WL UNIT,drilling_rig,,,,,,,,,,,,,,,
HI II,jack_up,,,,,,,,,70.0,76.0,16000.0,,,,1.0,12/3/2001,11/19/2001,EC,,bsee_war,True,HI II,drilling_rig,,,jackup,jackup_70m,5.5,generic,,,,,,,,,
HIGH ILSAND VIII,jack_up,,,,,,,,,70.0,76.0,16000.0,,,,1.0,7/14/2002,7/8/2002,VR,,bsee_war,True,HIGH ILSAND VIII,drilling_rig,,,jackup,jackup_70m,5.5,generic,,,,,,,,,
HIGH ISL. VIII,jack_up,,,,,,,,,70.0,76.0,16000.0,,,,1.0,6/3/2002,5/28/2002,EI,,bsee_war,True,HIGH ISL. VIII,drilling_rig,,,jackup,jackup_70m,5.5,generic,,,,,,,,,
HIGH ISLALND 111,jack_up,,,,,,,,20.0,70.0,76.0,16000.0,,,,1.0,8/7/2004,7/18/2004,SS,,bsee_war,True,HIGH ISLALND 111,drilling_rig,,,jackup,jackup_70m,5.5,generic,,,,,,,,,
HIGH ISLAN III,jack_up,,,,,,,,170.0,70.0,76.0,16000.0,,,,1.0,9/7/2003,8/11/2003,VR,,bsee_war,True,HIGH ISLAN III,drilling_rig,,,jackup,jackup_70m,5.5,generic,,,,,,,,,
HIGH ISLAND,jack_up,,,,,,,,205.0,70.0,76.0,16000.0,,,,3.0,6/4/2005,3/31/2003,VR,,bsee_war,True,HIGH ISLAND,drilling_rig,,,jackup,jackup_70m,5.5,generic,,,,,,,,,
HIGH ISLAND / COIL TUBING UNIT,jack_up,,,,,,,,25.0,70.0,76.0,16000.0,,,,1.0,6/1/2005,1/23/2005,VR,,bsee_war,True,HIGH ISLAND / COIL TUBING UNIT,drilling_rig,,,jackup,jackup_70m,5.5,generic,,,,,,,,,
HIGH ISLAND 1,jack_up,,,,,,,,202.0,70.0,76.0,16000.0,,,,5.0,9/4/2004,12/6/2005,EI,,bsee_war,True,HIGH ISLAND 1,drilling_rig,,,jackup,jackup_70m,5.5,generic,,,,,,,,,
HIGH ISLAND 11,jack_up,,,,,,,,65.0,70.0,76.0,16000.0,,,,1.0,9/4/2004,10/10/2004,SS,,bsee_war,True,HIGH ISLAND 11,drilling_rig,,,jackup,jackup_70m,5.5,generic,,,,,,,,,
HIGH ISLAND 111,jack_up,,,,,,,,72.0,70.0,76.0,16000.0,,,,1.0,7/3/2004,5/16/2004,SS,,bsee_war,True,HIGH ISLAND 111,drilling_rig,,,jackup,jackup_70m,5.5,generic,,,,,,,,,
HIGH ISLAND 8,jack_up,,,,,,,,,70.0,76.0,16000.0,,,,1.0,9/24/1999,5/31/1999,EI,,bsee_war,True,HIGH ISLAND 8,drilling_rig,,,jackup,jackup_70m,5.5,generic,,,,,,,,,
HIGH ISLAND BLOCK VIII,jack_up,,,,,,,,,70.0,76.0,16000.0,,,,1.0,11/17/2002,11/11/2002,SS,,bsee_war,True,HIGH ISLAND BLOCK VIII,drilling_rig,,,jackup,jackup_70m,5.5,generic,,,,,,,,,
HIGH ISLAND I,jack_up,,,,,,,,47.0,70.0,76.0,16000.0,,,,18.0,9/30/2003,1/13/2003,EC,,bsee_war,True,HIGH ISLAND I,drilling_rig,,,jackup,jackup_70m,5.5,generic,,,,,,,,,
HIGH ISLAND II,jack_up,,,,,,270.0,,35.0,63.1,53.6,16000.0,,,1979.0,42.0,9/8/1999,1/10/2000,HI,,bsee_war,True,HIGH ISLAND II,drilling_rig,,,jackup,jackup_70m,5.5,measured,6.1,,,,,,394.0,47.0,
HIGH ISLAND III,jack_up,,,,,,,,190.0,70.0,76.0,16000.0,,,,17.0,9/8/2002,1/1/2006,SM,,bsee_war,True,HIGH ISLAND III,drilling_rig,,,jackup,jackup_70m,5.5,generic,,,,,,,,,
HIGH ISLAND IV,jack_up,,,,,,270.0,,145.0,63.1,53.6,16000.0,,,1980.0,42.0,9/9/1999,1/1/1999,EI,,bsee_war,True,HIGH ISLAND IV,drilling_rig,,,jackup,jackup_70m,5.5,measured,6.1,,,,1000.0,,394.0,47.0,
HIGH ISLAND RIG III,jack_up,,,,,,,,,70.0,76.0,16000.0,,,,1.0,4/5/2002,3/16/2002,SM,,bsee_war,True,HIGH ISLAND RIG III,drilling_rig,,,jackup,jackup_70m,5.5,generic,,,,,,,,,
HIGH ISLAND VII,jack_up,,,,,,,,175.0,70.0,76.0,16000.0,,,,4.0,7/7/2002,6/11/2002,EI,,bsee_war,True,HIGH ISLAND VII,drilling_rig,,,jackup,jackup_70m,5.5,generic,,,,,,,,,
HIGH ISLAND VIII,jack_up,,,,,,,,177.0,70.0,76.0,16000.0,,,,68.0,9/8/2002,1/12/1999,EI,,bsee_war,True,HIGH ISLAND VIII,drilling_rig,,,jackup,jackup_70m,5.5,generic,,,,,,,,,
HIGH ISLND VIII,jack_up,,,,,,,,,70.0,76.0,16000.0,,,,1.0,9/28/2001,9/15/2001,EI,,bsee_war,True,HIGH ISLND VIII,drilling_rig,,,jackup,jackup_70m,5.5,generic,,,,,,,,,
HIGHISLAND III,jack_up,,,,,,,,35.0,70.0,76.0,16000.0,,,,1.0,5/8/2004,4/11/2004,SM,,bsee_war,True,HIGHISLAND III,drilling_rig,,,jackup,jackup_70m,5.5,generic,,,,,,,,,
HISG ISLAND IV,jack_up,,,,,,,,,70.0,76.0,16000.0,,,,1.0,4/6/2000,3/24/2000,VR,,bsee_war,True,HISG ISLAND IV,drilling_rig,,,jackup,jackup_70m,5.5,generic,,,,,,,,,
HO 105,snubbing_unit,,,,,,,,,,,,,,,1.0,7/21/1998,7/15/1998,HI,,bsee_war,True,HO 105,drilling_rig,,,,,,,,,,,,,,,
HOLSTEIN SPAR RIG,platform_rig,,,,,,,,4344.0,,,,,,,41.0,9/9/2006 11:59:00 PM,1/1/2006,GC,,bsee_war,True,HOLSTEIN SPAR RIG,drilling_rig,,,,,,,,,,,,,,,
HOLSTEIN SPAR RIG DRILLING,platform_rig,,,,,,,,4344.0,,,,,,,1.0,11/18/2006 11:59:00 PM,11/12/2006 12:01:00 AM,GC,,bsee_war,True,HOLSTEIN SPAR RIG DRILLING,drilling_rig,,,,,,,,,,,,,,,
HOMER FARRINGTON,jack_up,,,,,,,,,70.0,76.0,16000.0,,,,1.0,7/9/2001,6/28/2001,GC,,bsee_war,True,HOMER FARRINGTON,drilling_rig,,,jackup,jackup_70m,5.5,generic,,,,,,,,,
HOMER FERRINGTON,jack_up,,,,,,,,4114.0,70.0,76.0,16000.0,,,,20.0,9/9/2001,1/12/2004,EB,,bsee_war,True,HOMER FERRINGTON,drilling_rig,,,jackup,jackup_70m,5.5,generic,,,,,,,,,
HOS WARLAND,support_vessel,,,,,,,,,,,,,,,2.0,6/23/2022 11:59:00 PM,10/14/2022,KC,,bsee_war,True,HOS WARLAND,drilling_rig,,,,,,,,,,,,,,,
HOS WOODLAND,support_vessel,,,,,,,,,,,,,,,3.0,9/26/2022 11:59:00 PM,2/19/2023,WR,,bsee_war,True,HOS WOODLAND,drilling_rig,,,,,,,,,,,,,,,
HP 106,jack_up,,,,,,,,,70.0,76.0,16000.0,,,,2.0,9/9/2000,2/20/2000,VK,,bsee_war,True,HP 106,drilling_rig,,,jackup,jackup_70m,5.5,generic,,,,,,,,,
HP 107,jack_up,,,,,,,,,70.0,76.0,16000.0,,,,2.0,12/3/1998,1/2/1999,GC,,bsee_war,True,HP 107,drilling_rig,,,jackup,jackup_70m,5.5,generic,,,,,,,,,
HP 203,jack_up,,,,,,,,,70.0,76.0,16000.0,,,,9.0,8/4/2002,1/1/2002,GC,,bsee_war,True,HP 203,drilling_rig,,,jackup,jackup_70m,5.5,generic,,,,,,,,,
HWC,snubbing_unit,,,,,,,,,,,,,,,6.0,5/8/1998,1/27/1998,SS,,bsee_war,True,HWC,drilling_rig,,,,,,,,,,,,,,,
HWC 114,snubbing_unit,,,,,,,,,,,,,,,1.0,5/22/2003,3/18/2003,EI,,bsee_war,True,HWC 114,drilling_rig,,,,,,,,,,,,,,,
HWC 104,snubbing_unit,,,,,,,,,,,,,,,1.0,3/3/2003,2/15/2003,ST,,bsee_war,True,HWC 104,drilling_rig,,,,,,,,,,,,,,,
HWC 109,snubbing_unit,,,,,,,,,,,,,,,2.0,9/29/2001,8/27/2001,ST,,bsee_war,True,HWC 109,drilling_rig,,,,,,,,,,,,,,,
HWC 115,snubbing_unit,,,,,,,,343.0,,,,,,,2.0,9/5/2003,7/26/2003,MC,,bsee_war,True,HWC 115,drilling_rig,,,,,,,,,,,,,,,
HWC 123 SNUBBING UNIT,snubbing_unit,,,,,,,,,,,,,,,2.0,9/29/2002,1/12/2003,ST,,bsee_war,True,HWC 123 SNUBBING UNIT,drilling_rig,,,,,,,,,,,,,,,
HWC 125,snubbing_unit,,,,,,,,,,,,,,,2.0,9/29/2002,10/7/2002,MP,,bsee_war,True,HWC 125,drilling_rig,,,,,,,,,,,,,,,
HWC 125 SNUBBER,snubbing_unit,,,,,,,,,,,,,,,1.0,11/4/2002,10/21/2002,MP,,bsee_war,True,HWC 125 SNUBBER,drilling_rig,,,,,,,,,,,,,,,
HWC SNUBBING UNIT,snubbing_unit,,,,,,,,202.0,,,,,,,14.0,9/7/2003,1/11/2001,MP,,bsee_war,True,HWC SNUBBING UNIT,drilling_rig,,,,,,,,,,,,,,,
HWO,snubbing_unit,,,,,,,,172.0,,,,,,,6.0,9/30/2002,1/19/2004,WC,,bsee_war,True,HWO,drilling_rig,,,,,,,,,,,,,,,
HWO UNIT,snubbing_unit,,,,,,,,399.0,,,,,,,3.0,9/9/2006,1/16/2005,EC,,bsee_war,True,HWO UNIT,drilling_rig,,,,,,,,,,,,,,,
HYDRAULIC WO UNIT,snubbing_unit,,,,,,,,52.0,,,,,,,1.0,3/13/2004,2/22/2004,EC,,bsee_war,True,HYDRAULIC WO UNIT,drilling_rig,,,,,,,,,,,,,,,
HYDRAULIC WORKOVER RIG (HWO),snubbing_unit,,,,,,,,49.0,,,,,,,1.0,2/23/2004,2/17/2004,EC,,bsee_war,True,HYDRAULIC WORKOVER RIG (HWO),drilling_rig,,,,,,,,,,,,,,,
HYP 91,jack_up,,,,,,,,,70.0,76.0,16000.0,,,,1.0,4/4/2001,1/18/2001,MC,,bsee_war,True,HYP 91,drilling_rig,,,jackup,jackup_70m,5.5,generic,,,,,,,,,
Harvey Deep Sea,support_vessel,,,,,,,,,,,,,,,5.0,7/3/2025 11:59:00 PM,3/27/2025,GC,,bsee_war,True,Harvey Deep Sea,drilling_rig,,,,,,,,,,,,,,,
INTERNATIONAL FRONTIER,jack_up,,,,,,,,,70.0,76.0,16000.0,,,,15.0,8/2/2010 11:59:00 PM,2/8/2009 12:01:00 AM,VR,,bsee_war,True,INTERNATIONAL FRONTIER,drilling_rig,,,jackup,jackup_70m,5.5,generic,,,,,,,,,
ISLAND INTERVENTION,support_vessel,,,,,,,,,,,,,,,30.0,9/9/2023 11:59:00 PM,10/1/2023 12:01:00 AM,GC,,bsee_war,True,ISLAND INTERVENTION,drilling_rig,,,,,,,,,,,,,,,
ISLAND PERFORMER,support_vessel,,,,,,,,,,,,,,,12.0,9/5/2019 11:59:00 PM,1/12/2020 12:01:00 AM,GC,,bsee_war,True,ISLAND PERFORMER,drilling_rig,,,,,,,,,,,,,,,
ISLAND VENTURE,support_vessel,,,,,,,,,,,,,,,41.0,9/3/2022 11:59:00 PM,1/1/2023 12:01:00 AM,MC,,bsee_war,True,ISLAND VENTURE,drilling_rig,,,,,,,,,,,,,,,
ISS#17,jack_up,,,,,,,,,70.0,76.0,16000.0,,,,4.0,8/6/1999,2/6/2000,EC,,bsee_war,True,ISS#17,drilling_rig,,,jackup,jackup_70m,5.5,generic,,,,,,,,,
ISS #28,jack_up,,,,,,,,,70.0,76.0,16000.0,,,,2.0,4/28/2012 11:59:00 PM,4/15/2012 12:01:00 AM,GC,,bsee_war,True,ISS #28,drilling_rig,,,jackup,jackup_70m,5.5,generic,,,,,,,,,
ISS 18,jack_up,,,,,,,,,70.0,76.0,16000.0,,,,4.0,9/28/2001,10/13/2001,EC,,bsee_war,True,ISS 18,drilling_rig,,,jackup,jackup_70m,5.5,generic,,,,,,,,,
ISS 18 P/F,jack_up,,,,,,,,,70.0,76.0,16000.0,,,,1.0,8/31/2001,8/25/2001,EC,,bsee_war,True,ISS 18 P/F,drilling_rig,,,jackup,jackup_70m,5.5,generic,,,,,,,,,
ISS 22,jack_up,,,,,,,,,70.0,76.0,16000.0,,,,2.0,12/9/2001,1/14/2002,SP,,bsee_war,True,ISS 22,drilling_rig,,,jackup,jackup_70m,5.5,generic,,,,,,,,,
ISS18 P/F,jack_up,,,,,,,,,70.0,76.0,16000.0,,,,1.0,9/7/2001,10/13/2001,EC,,bsee_war,True,ISS18 P/F,drilling_rig,,,jackup,jackup_70m,5.5,generic,,,,,,,,,
J/U ARIES RAM 7,lift_boat,,,,,,,,,70.0,76.0,16000.0,,,,1.0,6/1/1999,5/14/1999,HI,,bsee_war,True,J/U ARIES RAM 7,drilling_rig,,,jackup,jackup_70m,5.5,generic,,,,,,,,,
J/U LIFTBOAT JUAN,lift_boat,,,,,,,,,70.0,76.0,16000.0,,,,1.0,1/4/2003,12/29/2002,WC,,bsee_war,True,J/U LIFTBOAT JUAN,drilling_rig,,,jackup,jackup_70m,5.5,generic,,,,,,,,,
JACK RYAN,jack_up,,,,,,,,,70.0,76.0,16000.0,,,,3.0,9/7/2001,1/12/2002,MC,,bsee_war,True,JACK RYAN,drilling_rig,,,jackup,jackup_70m,5.5,generic,,,,,,,,,
JACK-UP BARGE,inland_barge,,,,,,,,88.0,90.0,27.0,12000.0,,,,1.0,7/7/2003,3/7/2004,MI,,bsee_war,True,JACK-UP BARGE,drilling_rig,,,barge,barge_90m,5.0,generic,,,,,,,,,
JACK-UP-BOAT,lift_boat,,,,,,,,52.0,70.0,76.0,16000.0,,,,1.0,5/6/2006,4/30/2006,EC,,bsee_war,True,JACK-UP-BOAT,drilling_rig,,,jackup,jackup_70m,5.5,generic,,,,,,,,,
JACKUP,jack_up,,,,,,,,36.0,70.0,76.0,16000.0,,,,1.0,6/5/2004,3/29/2003,SM,,bsee_war,True,JACKUP,drilling_rig,,,jackup,jackup_70m,5.5,generic,,,,,,,,,
JACKUP BOAT,lift_boat,,,,,,,,50.0,70.0,76.0,16000.0,,,,4.0,9/22/2000,10/13/2003,VR,,bsee_war,True,JACKUP BOAT,drilling_rig,,,jackup,jackup_70m,5.5,generic,,,,,,,,,
JIM THOMPSON,jack_up,,,,,,,,,70.0,76.0,16000.0,,,,11.0,9/4/2001,1/2/2001,MC,,bsee_war,True,JIM THOMPSON,drilling_rig,,,jackup,jackup_70m,5.5,generic,,,,,,,,,
JOE ALFORD,jack_up,,,,,,,,68.0,70.0,76.0,16000.0,,,,9.0,9/5/2003,1/13/1998,WC,,bsee_war,True,JOE ALFORD,drilling_rig,,,jackup,jackup_70m,5.5,generic,,,,,,,,,
JOHN CHANCER SONAR,support_vessel,,,,,,,,,,,,,,,1.0,5/7/2000,4/18/2000,WD,,bsee_war,True,JOHN CHANCER SONAR,drilling_rig,,,,,,,,,,,,,,,
JOHN SANDIFER,jack_up,,,,,,,,,70.0,76.0,16000.0,,,,17.0,9/3/2000,1/10/2000,MI,,bsee_war,True,JOHN SANDIFER,drilling_rig,,,jackup,jackup_70m,5.5,generic,,,,,,,,,
JOHN SANNDIFER,jack_up,,,,,,,,,70.0,76.0,16000.0,,,,1.0,5/6/2001,3/12/2001,WC,,bsee_war,True,JOHN SANNDIFER,drilling_rig,,,jackup,jackup_70m,5.5,generic,,,,,,,,,
JOHNNIE HOFFMAN,jack_up,,,,,,,,35.0,70.0,76.0,16000.0,,,,17.0,9/9/2001,1/1/2001,MU,,bsee_war,True,JOHNNIE HOFFMAN,drilling_rig,,,jackup,jackup_70m,5.5,generic,,,,,,,,,
JOPHNNIE HOFFMAN,jack_up,,,,,,,,,70.0,76.0,16000.0,,,,1.0,3/14/2001,2/19/2001,WC,,bsee_war,True,JOPHNNIE HOFFMAN,drilling_rig,,,jackup,jackup_70m,5.5,generic,,,,,,,,,
JU,lift_boat,,,,,,,,36.0,70.0,76.0,16000.0,,,,1.0,9/11/2004,9/5/2004,WC,,bsee_war,True,JU,drilling_rig,,,jackup,jackup_70m,5.5,generic,,,,,,,,,
JU BARGE,inland_barge,,,,,,,,120.0,90.0,27.0,12000.0,,,,2.0,11/2/2003,10/20/2003,ST,,bsee_war,True,JU BARGE,drilling_rig,,,barge,barge_90m,5.0,generic,,,,,,,,,
JU BARGE / SLICKLINE,wireline_unit,,,,,,,,,,,,,,,1.0,1/30/2004,1/25/2004,EI,,bsee_war,True,JU BARGE / SLICKLINE,drilling_rig,,,,,,,,,,,,,,,
JU BOAT,lift_boat,,,,,,,,103.0,70.0,76.0,16000.0,,,,8.0,9/7/2003,11/10/2000,WC,,bsee_war,True,JU BOAT,drilling_rig,,,jackup,jackup_70m,5.5,generic,,,,,,,,,
JU BOAT W/WIRELINE UNIT,lift_boat,,,,,,,,57.0,70.0,76.0,16000.0,,,,1.0,1/20/2003,1/15/2003,VR,,bsee_war,True,JU BOAT W/WIRELINE UNIT,drilling_rig,,,jackup,jackup_70m,5.5,generic,,,,,,,,,
JU BOAT/POWER 8,lift_boat,,,,,,,,,70.0,76.0,16000.0,,,,1.0,2/28/2000,2/15/2000,SS,,bsee_war,True,JU BOAT/POWER 8,drilling_rig,,,jackup,jackup_70m,5.5,generic,,,,,,,,,
JU LIFTBOAT JUAN,lift_boat,,,,,,,,,70.0,76.0,16000.0,,,,1.0,12/28/2002,12/22/2002,WC,,bsee_war,True,JU LIFTBOAT JUAN,drilling_rig,,,jackup,jackup_70m,5.5,generic,,,,,,,,,
JUAN,lift_boat,,,,,,,,,70.0,76.0,16000.0,,,,2.0,9/24/2002,10/12/2002,VR,,bsee_war,True,JUAN,drilling_rig,,,jackup,jackup_70m,5.5,generic,,,,,,,,,
JUB SUPERIOR VALOR,lift_boat,,,,,,,,,70.0,76.0,16000.0,,,,1.0,9/24/2001,9/11/2001,WC,,bsee_war,True,JUB SUPERIOR VALOR,drilling_rig,,,jackup,jackup_70m,5.5,generic,,,,,,,,,
KELLI BEADLE,lift_boat,,,,,,,,,70.0,76.0,16000.0,,,,1.0,5/15/2004,4/3/2002,SM,,bsee_war,True,KELLI BEADLE,drilling_rig,,,jackup,jackup_70m,5.5,generic,,,,,,,,,
L-B / WL / EL,lift_boat,,,,,,,,41.0,70.0,76.0,16000.0,,,,1.0,4/27/2005,4/10/2005,EC,,bsee_war,True,L-B / WL / EL,drilling_rig,,,jackup,jackup_70m,5.5,generic,,,,,,,,,
L/B,lift_boat,,,,,,,,47.0,70.0,76.0,16000.0,,,,1.0,1/28/2006,1/22/2006,HI,,bsee_war,True,L/B,drilling_rig,,,jackup,jackup_70m,5.5,generic,,,,,,,,,
"L/B ""GULFISLAND 4"" - CTU",lift_boat,,,,,,,,52.0,70.0,76.0,16000.0,,,,1.0,6/4/2005,5/22/2005,WC,,bsee_war,True,"L/B ""GULFISLAND 4"" - CTU",drilling_rig,,,jackup,jackup_70m,5.5,generic,,,,,,,,,
L/B RAM 8 - CTU,lift_boat,,,,,,,,48.0,70.0,76.0,16000.0,,,,1.0,7/30/2005,7/24/2005,WC,,bsee_war,True,L/B RAM 8 - CTU,drilling_rig,,,jackup,jackup_70m,5.5,generic,,,,,,,,,
"L/B ""SPIRIT"" WLU",lift_boat,,,,,,,,65.0,70.0,76.0,16000.0,,,,1.0,11/5/2005,10/25/2005,EC,,bsee_war,True,"L/B ""SPIRIT"" WLU",drilling_rig,,,jackup,jackup_70m,5.5,generic,,,,,,,,,
L/B ADVENTURER,lift_boat,,,,,,,,19.0,70.0,76.0,16000.0,,,,1.0,3/20/2004,3/14/2004,SS,,bsee_war,True,L/B ADVENTURER,drilling_rig,,,jackup,jackup_70m,5.5,generic,,,,,,,,,
L/B ALEC SCOTT,lift_boat,,,,,,,,,70.0,76.0,16000.0,,,,1.0,1/29/2005,1/23/2005,HI,,bsee_war,True,L/B ALEC SCOTT,drilling_rig,,,jackup,jackup_70m,5.5,generic,,,,,,,,,
L/B ARIES RAM 11,lift_boat,,,,,,,,19.0,70.0,76.0,16000.0,,,,1.0,11/13/2004,11/7/2004,SS,,bsee_war,True,L/B ARIES RAM 11,drilling_rig,,,jackup,jackup_70m,5.5,generic,,,,,,,,,
"L/B ARIES ""RAM XII""",lift_boat,,,,,,,,70.0,70.0,76.0,16000.0,,,,1.0,7/3/2004,6/20/2004,MP,,bsee_war,True,"L/B ARIES ""RAM XII""",drilling_rig,,,jackup,jackup_70m,5.5,generic,,,,,,,,,
L/B BOBBY,lift_boat,,,,,,,,,70.0,76.0,16000.0,,,,1.0,9/22/2002,1/16/2003,SS,,bsee_war,True,L/B BOBBY,drilling_rig,,,jackup,jackup_70m,5.5,generic,,,,,,,,,
L/B DISCOVER WELL TEST EQUIP.,lift_boat,,,,,,,,70.0,70.0,76.0,16000.0,,,,1.0,3/5/2005,2/13/2005,MP,,bsee_war,True,L/B DISCOVER WELL TEST EQUIP.,drilling_rig,,,jackup,jackup_70m,5.5,generic,,,,,,,,,
L/B DISCOVERY,lift_boat,,,,,,,,25.0,70.0,76.0,16000.0,,,,1.0,2/5/2005,1/30/2005,SS,,bsee_war,True,L/B DISCOVERY,drilling_rig,,,jackup,jackup_70m,5.5,generic,,,,,,,,,
L/B DISCOVERY-W/L UNIT,lift_boat,,,,,,,,60.0,70.0,76.0,16000.0,,,,1.0,3/5/2005,2/13/2005,MP,,bsee_war,True,L/B DISCOVERY-W/L UNIT,drilling_rig,,,jackup,jackup_70m,5.5,generic,,,,,,,,,
L/B DONNIE PAUL30,lift_boat,,,,,,,,30.0,70.0,76.0,16000.0,,,,1.0,9/14/2005,9/11/2005,HI,,bsee_war,True,L/B DONNIE PAUL30,drilling_rig,,,jackup,jackup_70m,5.5,generic,,,,,,,,,
L/B FOCUS,lift_boat,,,,,,,,,70.0,76.0,16000.0,,,,1.0,5/9/2003,5/10/2003,EI,,bsee_war,True,L/B FOCUS,drilling_rig,,,jackup,jackup_70m,5.5,generic,,,,,,,,,
L/B INDEPENDENCE,lift_boat,,,,,,,,,70.0,76.0,16000.0,,,,1.0,11/3/2002,10/28/2002,VR,,bsee_war,True,L/B INDEPENDENCE,drilling_rig,,,jackup,jackup_70m,5.5,generic,,,,,,,,,
L/B INTEGRITY,lift_boat,,,,,,,,70.0,70.0,76.0,16000.0,,,,1.0,3/20/2004,3/14/2004,MP,,bsee_war,True,L/B INTEGRITY,drilling_rig,,,jackup,jackup_70m,5.5,generic,,,,,,,,,
L/B JUAN,lift_boat,,,,,,,,,70.0,76.0,16000.0,,,,1.0,11/17/2002,11/11/2002,VR,,bsee_war,True,L/B JUAN,drilling_rig,,,jackup,jackup_70m,5.5,generic,,,,,,,,,
L/B RAM XIV,lift_boat,,,,,,,,115.0,70.0,76.0,16000.0,,,,18.0,8/28/2004,1/20/2004,SS,,bsee_war,True,L/B RAM XIV,drilling_rig,,,jackup,jackup_70m,5.5,generic,,,,,,,,,
L/B SPIRIT & WL UNIT,lift_boat,,,,,,,,50.0,70.0,76.0,16000.0,,,,1.0,9/24/2005,10/2/2005,HI,,bsee_war,True,L/B SPIRIT & WL UNIT,drilling_rig,,,jackup,jackup_70m,5.5,generic,,,,,,,,,
L/B SUPERIOR QUALITY,lift_boat,,,,,,,,14.0,70.0,76.0,16000.0,,,,1.0,5/1/2004,4/18/2004,SS,,bsee_war,True,L/B SUPERIOR QUALITY,drilling_rig,,,jackup,jackup_70m,5.5,generic,,,,,,,,,
L/B SUPERIOR VALOR,lift_boat,,,,,,,,33.0,70.0,76.0,16000.0,,,,1.0,11/5/2005,10/30/2005,HI,,bsee_war,True,L/B SUPERIOR VALOR,drilling_rig,,,jackup,jackup_70m,5.5,generic,,,,,,,,,
"L/B TAMMY (WL, EL, CT)",lift_boat,,,,,,,,74.0,70.0,76.0,16000.0,,,,1.0,10/4/2003,10/5/2003,WC,,bsee_war,True,"L/B TAMMY (WL, EL, CT)",drilling_rig,,,jackup,jackup_70m,5.5,generic,,,,,,,,,
L/BJA HOLLEMAN,lift_boat,,,,,,,,,70.0,76.0,16000.0,,,,1.0,10/30/2000,10/10/2000,HI,,bsee_war,True,L/BJA HOLLEMAN,drilling_rig,,,jackup,jackup_70m,5.5,generic,,,,,,,,,
L/BJN MITCHELL,lift_boat,,,,,,,,,70.0,76.0,16000.0,,,,9.0,10/9/2000,10/10/2000,HI,,bsee_war,True,L/BJN MITCHELL,drilling_rig,,,jackup,jackup_70m,5.5,generic,,,,,,,,,
L/G VICTORY,lift_boat,,,,,,,,15.0,70.0,76.0,16000.0,,,,1.0,2/15/2005,2/6/2005,EI,,bsee_war,True,L/G VICTORY,drilling_rig,,,jackup,jackup_70m,5.5,generic,,,,,,,,,
LAB LIFT III,lift_boat,,,,,,,,40.0,70.0,76.0,16000.0,,,,2.0,2/26/2004,2/23/2004,EC,,bsee_war,True,LAB LIFT III,drilling_rig,,,jackup,jackup_70m,5.5,generic,,,,,,,,,
LAB LIFT III (COIL TUING),lift_boat,,,,,,,,35.0,70.0,76.0,16000.0,,,,1.0,2/21/2004,2/15/2004,EC,,bsee_war,True,LAB LIFT III (COIL TUING),drilling_rig,,,jackup,jackup_70m,5.5,generic,,,,,,,,,
LAB LIFT IV,lift_boat,,,,,,,,80.0,70.0,76.0,16000.0,,,,9.0,9/4/2004,10/10/2004,WC,,bsee_war,True,LAB LIFT IV,drilling_rig,,,jackup,jackup_70m,5.5,generic,,,,,,,,,
LAB LIFT IV BOAT,lift_boat,,,,,,,,57.0,70.0,76.0,16000.0,,,,1.0,12/8/2003,11/11/2003,HI,,bsee_war,True,LAB LIFT IV BOAT,drilling_rig,,,jackup,jackup_70m,5.5,generic,,,,,,,,,
LAB LIFT V,lift_boat,,,,,,,,43.0,70.0,76.0,16000.0,,,,1.0,3/1/2004,2/24/2004,WC,,bsee_war,True,LAB LIFT V,drilling_rig,,,jackup,jackup_70m,5.5,generic,,,,,,,,,
LAB LIFT V/SNUBBING UNIT,lift_boat,,,,,,,,34.0,70.0,76.0,16000.0,,,,1.0,7/24/2004,5/30/2004,MP,,bsee_war,True,LAB LIFT V/SNUBBING UNIT,drilling_rig,,,jackup,jackup_70m,5.5,generic,,,,,,,,,
"LABORDE MARINE ""LAB LIFT III""",lift_boat,,,,,,,,56.0,70.0,76.0,16000.0,,,,2.0,5/1/2004,3/21/2004,SS,,bsee_war,True,"LABORDE MARINE ""LAB LIFT III""",drilling_rig,,,jackup,jackup_70m,5.5,generic,,,,,,,,,
LAFFIT PINCAY,lift_boat,,,,,,,,,70.0,76.0,16000.0,,,,1.0,8/7/1998,7/18/1998,SP,,bsee_war,True,LAFFIT PINCAY,drilling_rig,,,jackup,jackup_70m,5.5,generic,,,,,,,,,
LB,lift_boat,,,,,,,,120.0,70.0,76.0,16000.0,,,,1.0,6/4/2005,5/29/2005,EC,,bsee_war,True,LB,drilling_rig,,,jackup,jackup_70m,5.5,generic,,,,,,,,,
LB CHRISTIE & HWC 123,lift_boat,,,,,,,,,70.0,76.0,16000.0,,,,1.0,12/6/1998,11/16/1998,ST,,bsee_war,True,LB CHRISTIE & HWC 123,drilling_rig,,,jackup,jackup_70m,5.5,generic,,,,,,,,,
LB ERIC DANOS,lift_boat,,,,,,,,25.0,70.0,76.0,16000.0,,,,3.0,8/8/2004,7/28/2004,WC,,bsee_war,True,LB ERIC DANOS,drilling_rig,,,jackup,jackup_70m,5.5,generic,,,,,,,,,
LB JUAN,lift_boat,,,,,,,,,70.0,76.0,16000.0,,,,1.0,11/4/2002,10/28/2002,VR,,bsee_war,True,LB JUAN,drilling_rig,,,jackup,jackup_70m,5.5,generic,,,,,,,,,
LB SUPERIOR CONQUEROR,lift_boat,,,,,,,,66.0,70.0,76.0,16000.0,,,,1.0,4/7/2004,4/1/2004,ST,,bsee_war,True,LB SUPERIOR CONQUEROR,drilling_rig,,,jackup,jackup_70m,5.5,generic,,,,,,,,,
LB/CTU,lift_boat,,,,,,,,60.0,70.0,76.0,16000.0,,,,1.0,1/21/2005,1/18/2005,VR,,bsee_war,True,LB/CTU,drilling_rig,,,jackup,jackup_70m,5.5,generic,,,,,,,,,
LBJ HOLLEMAN,lift_boat,,,,,,,,,70.0,76.0,16000.0,,,,1.0,10/31/2000,10/24/2000,HI,,bsee_war,True,LBJ HOLLEMAN,drilling_rig,,,jackup,jackup_70m,5.5,generic,,,,,,,,,
LEONARD JONES,jack_up,,,,,,,,215.0,70.0,76.0,16000.0,,,,32.0,9/9/2001,1/1/2001,ST,,bsee_war,True,LEONARD JONES,drilling_rig,,,jackup,jackup_70m,5.5,generic,,,,,,,,,
LESTER PELTUS,jack_up,,,,,,,,,70.0,76.0,16000.0,,,,1.0,12/9/2001,10/26/2001,SS,,bsee_war,True,LESTER PELTUS,drilling_rig,,,jackup,jackup_70m,5.5,generic,,,,,,,,,
LESTER PETTUS,jack_up,,,,,,,,,70.0,76.0,16000.0,,,,4.0,9/7/2001,1/12/2001,WC,,bsee_war,True,LESTER PETTUS,drilling_rig,,,jackup,jackup_70m,5.5,generic,,,,,,,,,
LESTER PETUS,jack_up,,,,,,,,,70.0,76.0,16000.0,,,,1.0,4/7/2002,2/25/2002,SS,,bsee_war,True,LESTER PETUS,drilling_rig,,,jackup,jackup_70m,5.5,generic,,,,,,,,,
LESTER PTTTUS,jack_up,,,,,,,,,70.0,76.0,16000.0,,,,1.0,1/13/2002,1/7/2002,SS,,bsee_war,True,LESTER PTTTUS,drilling_rig,,,jackup,jackup_70m,5.5,generic,,,,,,,,,
LEWIS DUGGER,jack_up,,,,,,,,,70.0,76.0,16000.0,,,,4.0,7/7/2002,2/12/2001,SS,,bsee_war,True,LEWIS DUGGER,drilling_rig,,,jackup,jackup_70m,5.5,generic,,,,,,,,,
LEXINGTON,semi_submersible,,,,,,,,,104.0,78.0,45000.0,,,,2.0,9/25/2000,10/10/2000,VK,,bsee_war,True,LEXINGTON,drilling_rig,,,semi_sub,semi_sub_100m,21.0,generic,,,,,,,,,
LIFT BOAT ENDURANCE / WL/EL,lift_boat,,,,,,,,77.0,70.0,76.0,16000.0,,,,1.0,4/9/2005,3/27/2005,WC,,bsee_war,True,LIFT BOAT ENDURANCE / WL/EL,drilling_rig,,,jackup,jackup_70m,5.5,generic,,,,,,,,,
"LIFT BOAT ""KAITLYN EYMARD""",lift_boat,,,,,,,,51.0,70.0,76.0,16000.0,,,,1.0,8/6/2005,2/13/2005,VR,,bsee_war,True,"LIFT BOAT ""KAITLYN EYMARD""",drilling_rig,,,jackup,jackup_70m,5.5,generic,,,,,,,,,
"LIFT BOAT ""SPIRIT"" / CTU",lift_boat,,,,,,,,50.0,70.0,76.0,16000.0,,,,1.0,9/24/2005,10/16/2005,HI,,bsee_war,True,"LIFT BOAT ""SPIRIT"" / CTU",drilling_rig,,,jackup,jackup_70m,5.5,generic,,,,,,,,,
LIFT BOAT (BLAKE 101),lift_boat,,,,,,,,47.0,70.0,76.0,16000.0,,,,1.0,4/27/2003,4/21/2003,ST,,bsee_war,True,LIFT BOAT (BLAKE 101),drilling_rig,,,jackup,jackup_70m,5.5,generic,,,,,,,,,
LIFT BOAT-GULF ISLAND II,lift_boat,,,,,,,,,70.0,76.0,16000.0,,,,1.0,8/9/1999,4/13/1999,GA,,bsee_war,True,LIFT BOAT-GULF ISLAND II,drilling_rig,,,jackup,jackup_70m,5.5,generic,,,,,,,,,
LIFT BOAT/CTU,lift_boat,,,,,,,,80.0,70.0,76.0,16000.0,,,,2.0,8/20/2005,6/30/2003,SS,,bsee_war,True,LIFT BOAT/CTU,drilling_rig,,,jackup,jackup_70m,5.5,generic,,,,,,,,,
LIFT BOAT/WIRELINE,lift_boat,,,,,,,,145.0,70.0,76.0,16000.0,,,,1.0,6/4/2005,5/22/2005,EI,,bsee_war,True,LIFT BOAT/WIRELINE,drilling_rig,,,jackup,jackup_70m,5.5,generic,,,,,,,,,
LIFT BOAT AND DIVERS,lift_boat,,,,,,,,40.0,70.0,76.0,16000.0,,,,1.0,7/15/2006,10/19/2005,ST,,bsee_war,True,LIFT BOAT AND DIVERS,drilling_rig,,,jackup,jackup_70m,5.5,generic,,,,,,,,,
LIFT BOAT ARIES MARINE RAM X,lift_boat,,,,,,,,,70.0,76.0,16000.0,,,,1.0,4/21/2003,4/15/2003,WD,,bsee_war,True,LIFT BOAT ARIES MARINE RAM X,drilling_rig,,,jackup,jackup_70m,5.5,generic,,,,,,,,,
LIFT BOAT BLUE RUNNER - W/L UN,lift_boat,,,,,,,,35.0,70.0,76.0,16000.0,,,,1.0,5/1/2004,1/25/2004,WC,,bsee_war,True,LIFT BOAT BLUE RUNNER - W/L UN,drilling_rig,,,jackup,jackup_70m,5.5,generic,,,,,,,,,
LIFT BOAT/COIL TUBING UNIT,lift_boat,,,,,,,,60.0,70.0,76.0,16000.0,,,,2.0,7/31/2004,7/18/2004,ST,,bsee_war,True,LIFT BOAT/COIL TUBING UNIT,drilling_rig,,,jackup,jackup_70m,5.5,generic,,,,,,,,,
LIFT BOAT LABLIFT 4 - W/L UNIT,lift_boat,,,,,,,,57.0,70.0,76.0,16000.0,,,,1.0,12/31/2004,12/12/2004,VR,,bsee_war,True,LIFT BOAT LABLIFT 4 - W/L UNIT,drilling_rig,,,jackup,jackup_70m,5.5,generic,,,,,,,,,
LIFT BOAT LACIE BOURG,lift_boat,,,,,,,,51.0,70.0,76.0,16000.0,,,,1.0,6/23/2007,6/17/2007,HI,,bsee_war,True,LIFT BOAT LACIE BOURG,drilling_rig,,,jackup,jackup_70m,5.5,generic,,,,,,,,,
LIFT BOAT LAREDO GRAND,lift_boat,,,,,,,,,70.0,76.0,16000.0,,,,1.0,8/7/2000,7/20/2000,MI,,bsee_war,True,LIFT BOAT LAREDO GRAND,drilling_rig,,,jackup,jackup_70m,5.5,generic,,,,,,,,,
LIFT BOAT PETITE,lift_boat,,,,,,,,82.0,70.0,76.0,16000.0,,,,4.0,5/29/2007,10/23/2006,HI,,bsee_war,True,LIFT BOAT PETITE,drilling_rig,,,jackup,jackup_70m,5.5,generic,,,,,,,,,
LIFT BOAT SARAH DAVID,lift_boat,,,,,,,,,70.0,76.0,16000.0,,,,1.0,9/6/1998,2/22/1999,BA,,bsee_war,True,LIFT BOAT SARAH DAVID,drilling_rig,,,jackup,jackup_70m,5.5,generic,,,,,,,,,
LIFT BOAT SUPERIOR CHALLENGE,lift_boat,,,,,,,,,70.0,76.0,16000.0,,,,1.0,3/5/2003,2/27/2003,WC,,bsee_war,True,LIFT BOAT SUPERIOR CHALLENGE,drilling_rig,,,jackup,jackup_70m,5.5,generic,,,,,,,,,
LIFT BOAT SUPERIOR CLASS,lift_boat,,,,,,,,18.0,70.0,76.0,16000.0,,,,1.0,9/4/2004,8/29/2004,VR,,bsee_war,True,LIFT BOAT SUPERIOR CLASS,drilling_rig,,,jackup,jackup_70m,5.5,generic,,,,,,,,,
LIFT BOAT SUPERIOR ENDEAVOR,lift_boat,,,,,,,,,70.0,76.0,16000.0,,,,1.0,8/5/2002,8/4/2002,SS,,bsee_war,True,LIFT BOAT SUPERIOR ENDEAVOR,drilling_rig,,,jackup,jackup_70m,5.5,generic,,,,,,,,,
LIFT BOAT TAMMY,lift_boat,,,,,,,,,70.0,76.0,16000.0,,,,1.0,6/3/2002,5/25/2002,MO,,bsee_war,True,LIFT BOAT TAMMY,drilling_rig,,,jackup,jackup_70m,5.5,generic,,,,,,,,,
LIFT BOAT-AIRES RAM I,lift_boat,,,,,,,,,70.0,76.0,16000.0,,,,1.0,6/28/1998,11/24/1997,PL,,bsee_war,True,LIFT BOAT-AIRES RAM I,drilling_rig,,,jackup,jackup_70m,5.5,generic,,,,,,,,,
LIFT BOAT/COIL TUBING,lift_boat,,,,,,,,51.0,70.0,76.0,16000.0,,,,1.0,9/28/2003,10/6/2003,ST,,bsee_war,True,LIFT BOAT/COIL TUBING,drilling_rig,,,jackup,jackup_70m,5.5,generic,,,,,,,,,
LIFT BOAT/EL,lift_boat,,,,,,,,116.0,70.0,76.0,16000.0,,,,3.0,6/2/2003,5/13/2003,WD,,bsee_war,True,LIFT BOAT/EL,drilling_rig,,,jackup,jackup_70m,5.5,generic,,,,,,,,,
LIFT BOAT/ELECTRIC LINE,lift_boat,,,,,,,,63.0,70.0,76.0,16000.0,,,,1.0,6/16/2003,6/10/2003,HI,,bsee_war,True,LIFT BOAT/ELECTRIC LINE,drilling_rig,,,jackup,jackup_70m,5.5,generic,,,,,,,,,
LIFTBOAT,lift_boat,,,,,,,,254.0,70.0,76.0,16000.0,,,,74.0,9/7/2003,1/14/2003,WC,,bsee_war,True,LIFTBOAT,drilling_rig,,,jackup,jackup_70m,5.5,generic,,,,,,,,,
LIFTBOAT MYRTLE,lift_boat,,,,,,,,,70.0,76.0,16000.0,,,,1.0,7/4/2003,6/28/2003,SM,,bsee_war,True,LIFTBOAT MYRTLE,drilling_rig,,,jackup,jackup_70m,5.5,generic,,,,,,,,,
LIFTBOAT / WL / EL,lift_boat,,,,,,,,35.0,70.0,76.0,16000.0,,,,1.0,6/4/2005,5/29/2005,WC,,bsee_war,True,LIFTBOAT / WL / EL,drilling_rig,,,jackup,jackup_70m,5.5,generic,,,,,,,,,
LIFTBOAT ALEX SCOTT,lift_boat,,,,,,,,13.0,70.0,76.0,16000.0,,,,1.0,11/27/2004,11/21/2004,EI,,bsee_war,True,LIFTBOAT ALEX SCOTT,drilling_rig,,,jackup,jackup_70m,5.5,generic,,,,,,,,,
LIFTBOAT C/T,lift_boat,,,,,,,,56.0,70.0,76.0,16000.0,,,,1.0,2/8/2004,2/16/2004,MO,,bsee_war,True,LIFTBOAT C/T,drilling_rig,,,jackup,jackup_70m,5.5,generic,,,,,,,,,
LIFTBOAT CHAMNPION,lift_boat,,,,,,,,89.0,70.0,76.0,16000.0,,,,1.0,3/5/2005,11/22/2002,VR,,bsee_war,True,LIFTBOAT CHAMNPION,drilling_rig,,,jackup,jackup_70m,5.5,generic,,,,,,,,,
LIFTBOAT/CTU,lift_boat,,,,,,,,55.0,70.0,76.0,16000.0,,,,2.0,7/3/2004,2/16/2004,WC,,bsee_war,True,LIFTBOAT/CTU,drilling_rig,,,jackup,jackup_70m,5.5,generic,,,,,,,,,
LIFTBOAT ERIC DANOS,lift_boat,,,,,,,,50.0,70.0,76.0,16000.0,,,,2.0,4/19/2004,3/14/2004,GI,,bsee_war,True,LIFTBOAT ERIC DANOS,drilling_rig,,,jackup,jackup_70m,5.5,generic,,,,,,,,,
LIFTBOAT FOCUS WL/EL,lift_boat,,,,,,,,,70.0,76.0,16000.0,,,,1.0,6/6/2003,5/21/2004,EI,,bsee_war,True,LIFTBOAT FOCUS WL/EL,drilling_rig,,,jackup,jackup_70m,5.5,generic,,,,,,,,,
LIFTBOAT JUAN,lift_boat,,,,,,,,74.0,70.0,76.0,16000.0,,,,1.0,12/21/2002,12/16/2002,WC,,bsee_war,True,LIFTBOAT JUAN,drilling_rig,,,jackup,jackup_70m,5.5,generic,,,,,,,,,
LIFTBOAT KAITLYN EZMARD,lift_boat,,,,,,,,105.0,70.0,76.0,16000.0,,,,1.0,2/4/2006,1/15/2006,EI,,bsee_war,True,LIFTBOAT KAITLYN EZMARD,drilling_rig,,,jackup,jackup_70m,5.5,generic,,,,,,,,,
LIFTBOAT MR. ALLEN,lift_boat,,,,,,,,,70.0,76.0,16000.0,,,,2.0,6/6/1999,6/2/1999,WD,,bsee_war,True,LIFTBOAT MR. ALLEN,drilling_rig,,,jackup,jackup_70m,5.5,generic,,,,,,,,,
LIFTBOAT RAM XI,lift_boat,,,,,,,,,70.0,76.0,16000.0,,,,1.0,3/11/2001,3/5/2001,BM,,bsee_war,True,LIFTBOAT RAM XI,drilling_rig,,,jackup,jackup_70m,5.5,generic,,,,,,,,,
LIFTBOAT RENE DANOS,lift_boat,,,,,,,,,70.0,76.0,16000.0,,,,4.0,6/7/1999,5/28/1999,ST,,bsee_war,True,LIFTBOAT RENE DANOS,drilling_rig,,,jackup,jackup_70m,5.5,generic,,,,,,,,,
LIFTBOAT SEA BASS,lift_boat,,,,,,,,,70.0,76.0,16000.0,,,,1.0,5/9/1999,12/18/2000,MI,,bsee_war,True,LIFTBOAT SEA BASS,drilling_rig,,,jackup,jackup_70m,5.5,generic,,,,,,,,,
LIFTBOAT SUPERIOR ENDEAVOR,lift_boat,,,,,,,,,70.0,76.0,16000.0,,,,1.0,8/25/2002,8/10/2002,SS,,bsee_war,True,LIFTBOAT SUPERIOR ENDEAVOR,drilling_rig,,,jackup,jackup_70m,5.5,generic,,,,,,,,,
LIFTBOAT SUPERIOR LEGACY,lift_boat,,,,,,,,34.0,70.0,76.0,16000.0,,,,1.0,2/8/2004,1/29/2004,MP,,bsee_war,True,LIFTBOAT SUPERIOR LEGACY,drilling_rig,,,jackup,jackup_70m,5.5,generic,,,,,,,,,
LIFTBOAT SUPERIOR VISION,lift_boat,,,,,,,,14.0,70.0,76.0,16000.0,,,,1.0,2/29/2004,2/13/2004,EI,,bsee_war,True,LIFTBOAT SUPERIOR VISION,drilling_rig,,,jackup,jackup_70m,5.5,generic,,,,,,,,,
LIFTBOAT TAMMY,lift_boat,,,,,,,,,70.0,76.0,16000.0,,,,6.0,7/27/2003,5/19/2003,SM,,bsee_war,True,LIFTBOAT TAMMY,drilling_rig,,,jackup,jackup_70m,5.5,generic,,,,,,,,,
LIFTBOAT TARPON,lift_boat,,,,,,,,,70.0,76.0,16000.0,,,,1.0,4/27/2000,4/4/2000,WD,,bsee_war,True,LIFTBOAT TARPON,drilling_rig,,,jackup,jackup_70m,5.5,generic,,,,,,,,,
LIFTBOAT WIRELINE UNIT,lift_boat,,,,,,,,50.0,70.0,76.0,16000.0,,,,2.0,6/1/2003,5/23/2003,SS,,bsee_war,True,LIFTBOAT WIRELINE UNIT,drilling_rig,,,jackup,jackup_70m,5.5,generic,,,,,,,,,
LIFTBOAT/SLICKLINE,lift_boat,,,,,,,,148.0,70.0,76.0,16000.0,,,,1.0,12/31/2005,1/1/2006,EC,,bsee_war,True,LIFTBOAT/SLICKLINE,drilling_rig,,,jackup,jackup_70m,5.5,generic,,,,,,,,,
LIFTBOAT/EL UNIT,lift_boat,,,,,,,,82.0,70.0,76.0,16000.0,,,,1.0,9/4/2004,8/27/2004,GA,,bsee_war,True,LIFTBOAT/EL UNIT,drilling_rig,,,jackup,jackup_70m,5.5,generic,,,,,,,,,
LIFTBOAT/WIRELINE/CT,lift_boat,,,,,,,,,70.0,76.0,16000.0,,,,1.0,12/6/2002,10/22/2002,WC,,bsee_war,True,LIFTBOAT/WIRELINE/CT,drilling_rig,,,jackup,jackup_70m,5.5,generic,,,,,,,,,
LIFTBOAT/WL UNIT,lift_boat,,,,,,,,40.0,70.0,76.0,16000.0,,,,1.0,8/28/2004,8/25/2004,HI,,bsee_war,True,LIFTBOAT/WL UNIT,drilling_rig,,,jackup,jackup_70m,5.5,generic,,,,,,,,,
LIS ENERGY SERVICES,unknown,,,,,,,,,,,,,,,9.0,3/3/2002,1/26/2002,VR,,bsee_war,True,LIS ENERGY SERVICES,drilling_rig,,,,,,,,,,,,,,,
LORRIS BOUIGUARD,jack_up,,,,,,,,,70.0,76.0,16000.0,,,,1.0,2/5/2005,1/16/2005,VK,,bsee_war,True,LORRIS BOUIGUARD,drilling_rig,,,jackup,jackup_70m,5.5,generic,,,,,,,,,
LORRIS BOURZIGARD,jack_up,,,,,,,,2417.0,70.0,76.0,16000.0,,,,1.0,7/8/2006,6/14/2006,GC,,bsee_war,True,LORRIS BOURZIGARD,drilling_rig,,,jackup,jackup_70m,5.5,generic,,,,,,,,,
LORRIS BOUZIARD,jack_up,,,,,,,,475.0,70.0,76.0,16000.0,,,,2.0,9/4/2004,10/10/2004,MP,,bsee_war,True,LORRIS BOUZIARD,drilling_rig,,,jackup,jackup_70m,5.5,generic,,,,,,,,,
LORRIS BOUZIGARD,jack_up,,,,,,,,2435.0,70.0,76.0,16000.0,,,,2.0,5/9/2003,2/12/2006,GC,,bsee_war,True,LORRIS BOUZIGARD,drilling_rig,,,jackup,jackup_70m,5.5,generic,,,,,,,,,
LORRIS BOUZIGARD(SS),jack_up,,,,,,,,2419.0,70.0,76.0,16000.0,,,,2.0,6/3/2006,4/16/2006,GC,,bsee_war,True,LORRIS BOUZIGARD(SS),drilling_rig,,,jackup,jackup_70m,5.5,generic,,,,,,,,,
LUBRICATOR,unknown,,,,,,,,,,,,,,,1.0,3/7/2003,3/1/2003,GI,,bsee_war,True,LUBRICATOR,drilling_rig,,,,,,,,,,,,,,,
LUKE DAVID LIFT BOAT,lift_boat,,,,,,,,,70.0,76.0,16000.0,,,,1.0,4/27/2001,4/11/2001,WD,,bsee_war,True,LUKE DAVID LIFT BOAT,drilling_rig,,,jackup,jackup_70m,5.5,generic,,,,,,,,,
M. G. HULME,jack_up,,,,,,,,,70.0,76.0,16000.0,,,,2.0,5/3/1998,4/14/1998,MC,,bsee_war,True,M. G. HULME,drilling_rig,,,jackup,jackup_70m,5.5,generic,,,,,,,,,
"M.G. HULME, JR",semi_submersible,,,,,,5000.0,25000.0,5000.0,90.22,69.49,,,,1983.0,1.0,12/22/1997,12/16/1997,EB,,bsee_war,True,"M.G. HULME, JR",drilling_rig,,,semi_sub,semi_sub_90m,,,,,,,,,,,
M/V (SEA LION),support_vessel,,,,,,,,,,,,,,,1.0,6/25/2001,6/19/2001,WC,,bsee_war,True,M/V (SEA LION),drilling_rig,,,,,,,,,,,,,,,
M/V JEAN-ELAINE,support_vessel,,,,,,,,,,,,,,,1.0,5/3/2002,4/27/2002,EC,,bsee_war,True,M/V JEAN-ELAINE,drilling_rig,,,,,,,,,,,,,,,
M/V JOHN GILBERT JACKUP,jack_up,,,,,,,,22.0,70.0,76.0,16000.0,,,,1.0,1/29/2004,1/25/2004,EI,,bsee_war,True,M/V JOHN GILBERT JACKUP,drilling_rig,,,jackup,jackup_70m,5.5,generic,,,,,,,,,
MAARINE 304,jack_up,,,,,,,,,70.0,76.0,16000.0,,,,1.0,6/8/1998,5/17/1998,MU,,bsee_war,True,MAARINE 304,drilling_rig,,,jackup,jackup_70m,5.5,generic,,,,,,,,,
MAD DOG,platform_rig,,,,,,,,4428.0,,,,,,,1.0,12/5/2004,1/10/2005,GC,,bsee_war,True,MAD DOG,drilling_rig,,,,,,,,,,,,,,,
MAD DOG SPAR RIG,platform_rig,,,,,,,,4428.0,,,,,,,25.0,9/9/2023,1/1/2017 12:01:00 AM,GC,,bsee_war,True,MAD DOG SPAR RIG,drilling_rig,,,,,,,,,,,,,,,
MADD DOG,platform_rig,,,,,,,,4428.0,,,,,,,1.0,5/1/2005,1/10/2005,GC,,bsee_war,True,MADD DOG,drilling_rig,,,,,,,,,,,,,,,
MAERSK DEVELOPER,semi_submersible,,,,,,10000.0,40000.0,,117.0,78.0,45000.0,,,2008.0,27.0,9/8/2012 11:59:00 PM,1/10/2010 12:01:00 AM,MC,,bsee_war,True,MAERSK DEVELOPER,drilling_rig,,https://noblecorp.com/wp-content/uploads/2026/05/Noble-Developer-Rig-Summary.pdf,semi_sub,semi_sub_100m,20.5,measured,19.0,33.0,9.0,11480.0,2000.0,2645.0,,,
MAERSK VALIANT,drillship,,,,,Marshall Islands,12000.0,40000.0,,228.0,42.0,96000.0,,,2013.0,7.0,9/5/2015 11:59:00 PM,1/10/2016 12:01:00 AM,AC,,bsee_war,True,MAERSK VALIANT,drilling_rig,,https://noblecorp.com/wp-content/uploads/2026/03/Noble-Valiant-Rig-Summary.pdf,drillship,drillship_230m,12.0,measured,19.0,25.6,12.5,22046.0,2500.0,2645.0,,,
MAERSK VIKING,semi_submersible,,,,,Marshall Islands,12000.0,40000.0,,228.0,42.0,45000.0,,,2013.0,9.0,9/6/2014 11:59:00 PM,1/1/2017 12:01:00 AM,WR,,bsee_war,True,MAERSK VIKING,drilling_rig,,https://noblecorp.com/wp-content/uploads/2026/03/Noble-Viking-Rig-Summary.pdf,semi_sub,semi_sub_100m,12.0,measured,19.0,25.6,12.5,22046.0,2500.0,2645.0,,,
MAIAN PASS IV,jack_up,,,,,,,,32.0,70.0,76.0,16000.0,,,,1.0,11/4/2004,10/10/2004,WC,,bsee_war,True,MAIAN PASS IV,drilling_rig,,,jackup,jackup_70m,5.5,generic,,,,,,,,,
MAIN PASS !,jack_up,,,,,,,,,70.0,76.0,16000.0,,,,1.0,4/29/2003,4/23/2003,EI,,bsee_war,True,MAIN PASS !,drilling_rig,,,jackup,jackup_70m,5.5,generic,,,,,,,,,
MAIN PASS 1,jack_up,,,,,,,,,70.0,76.0,16000.0,,,,7.0,9/9/2001,1/16/2003,WC,,bsee_war,True,MAIN PASS 1,drilling_rig,,,jackup,jackup_70m,5.5,generic,,,,,,,,,
MAIN PASS 226,jack_up,,,,,,,,,70.0,76.0,16000.0,,,,1.0,9/29/2000,10/14/2000,MP,,bsee_war,True,MAIN PASS 226,drilling_rig,,,jackup,jackup_70m,5.5,generic,,,,,,,,,
MAIN PASS I,jack_up,,,,,,,,,70.0,76.0,16000.0,,,,18.0,9/9/2003,1/14/2002,EI,,bsee_war,True,MAIN PASS I,drilling_rig,,,jackup,jackup_70m,5.5,generic,,,,,,,,,
MAIN PASS IV,jack_up,,,,,,300.0,,203.0,54.9,53.3,16000.0,,,1982.0,49.0,9/7/2003,1/10/2001,ST,,bsee_war,True,MAIN PASS IV,drilling_rig,,,jackup,jackup_70m,5.5,measured,7.6,,,,,,416.0,40.0,
MALLARD 41,jack_up,,,,,,,,,70.0,76.0,16000.0,,,,1.0,11/3/1997,10/24/1997,EI,,bsee_war,True,MALLARD 41,drilling_rig,,,jackup,jackup_70m,5.5,generic,,,,,,,,,
MALLARD 41-E,jack_up,,,,,,,,,70.0,76.0,16000.0,,,,2.0,8/30/1999,3/28/1998,VR,,bsee_war,True,MALLARD 41-E,drilling_rig,,,jackup,jackup_70m,5.5,generic,,,,,,,,,
MALLARD RIG 42E,jack_up,,,,,,,,,70.0,76.0,16000.0,,,,4.0,9/7/1998,1/5/1999,GI,,bsee_war,True,MALLARD RIG 42E,drilling_rig,,,jackup,jackup_70m,5.5,generic,,,,,,,,,
MAN O WAR SLICKLINE,wireline_unit,,,,,,,,114.0,,,,,,,1.0,5/26/2003,5/20/2003,GI,,bsee_war,True,MAN O WAR SLICKLINE,drilling_rig,,,,,,,,,,,,,,,
T.O. MARIANAS,jack_up,,,,,,,,,70.0,76.0,16000.0,,,,17.0,9/9/2006 11:59:00 PM,1/10/2010 12:01:00 AM,MC,,bsee_war,True,T.O. MARIANAS,drilling_rig,,,jackup,jackup_70m,5.5,generic,,,,,,,,,
MARINE,jack_up,,,,,,,,,70.0,76.0,16000.0,,,,2.0,3/7/1998,1/18/1998,VR,,bsee_war,True,MARINE,drilling_rig,,,jackup,jackup_70m,5.5,generic,,,,,,,,,
MARINE 18,jack_up,,,,,,,,,70.0,76.0,16000.0,,,,33.0,9/8/2000,1/1/2001,MP,,bsee_war,True,MARINE 18,drilling_rig,,,jackup,jackup_70m,5.5,generic,,,,,,,,,
MARINE 303,jack_up,,,,,,,,142.0,70.0,76.0,16000.0,,,,33.0,9/9/2001,1/1/2001,WC,,bsee_war,True,MARINE 303,drilling_rig,,,jackup,jackup_70m,5.5,generic,,,,,,,,,
MARINE 15,jack_up,,,,,,,,207.0,70.0,76.0,16000.0,,,,24.0,9/9/2001,1/11/2000,WC,,bsee_war,True,MARINE 15,drilling_rig,,,jackup,jackup_70m,5.5,generic,,,,,,,,,
MARINE 225,jack_up,,,,,,,,75.0,70.0,76.0,16000.0,,,,25.0,9/4/2000,1/11/1999,SS,,bsee_war,True,MARINE 225,drilling_rig,,,jackup,jackup_70m,5.5,generic,,,,,,,,,
MARINE 304,jack_up,,,,,,,,128.0,70.0,76.0,16000.0,,,,24.0,9/4/2000,1/11/1999,WC,,bsee_war,True,MARINE 304,drilling_rig,,,jackup,jackup_70m,5.5,generic,,,,,,,,,
MARINE 16,jack_up,,,,,,,,118.0,70.0,76.0,16000.0,,,,37.0,9/9/2001,1/13/1998,EC,,bsee_war,True,MARINE 16,drilling_rig,,,jackup,jackup_70m,5.5,generic,,,,,,,,,
MARINE 17,jack_up,,,,,,,,118.0,70.0,76.0,16000.0,,,,42.0,9/9/2001,1/10/2000,VR,,bsee_war,True,MARINE 17,drilling_rig,,,jackup,jackup_70m,5.5,generic,,,,,,,,,
MARINE 200,jack_up,,,,,,,,,70.0,76.0,16000.0,,,,46.0,9/5/1999,1/1/2001,MP,,bsee_war,True,MARINE 200,drilling_rig,,,jackup,jackup_70m,5.5,generic,,,,,,,,,
MARINE 201,jack_up,,,,,,,,,70.0,76.0,16000.0,,,,12.0,9/4/2000,1/22/2001,WC,,bsee_war,True,MARINE 201,drilling_rig,,,jackup,jackup_70m,5.5,generic,,,,,,,,,
MARINE 202,jack_up,,,,,,,,,70.0,76.0,16000.0,,,,14.0,9/4/2000,1/1/2001,ST,,bsee_war,True,MARINE 202,drilling_rig,,,jackup,jackup_70m,5.5,generic,,,,,,,,,
MARINE 3,jack_up,,,,,,,,,70.0,76.0,16000.0,,,,22.0,9/9/2001,1/1/2001,WC,,bsee_war,True,MARINE 3,drilling_rig,,,jackup,jackup_70m,5.5,generic,,,,,,,,,
MARINE 300\,jack_up,,,,,,,,,70.0,76.0,16000.0,,,,1.0,12/1/2001,11/30/2001,ST,,bsee_war,True,MARINE 300\,drilling_rig,,,jackup,jackup_70m,5.5,generic,,,,,,,,,
MARINE 301,jack_up,,,,,,,,81.0,70.0,76.0,16000.0,,,,30.0,9/4/2000,1/1/2001,EI,,bsee_war,True,MARINE 301,drilling_rig,,,jackup,jackup_70m,5.5,generic,,,,,,,,,
MARINE 304/PRIDE WISCONSIN,jack_up,,,,,,,,,70.0,76.0,16000.0,,,,1.0,11/4/2001,10/22/2001,EI,,bsee_war,True,MARINE 304/PRIDE WISCONSIN,drilling_rig,,,jackup,jackup_70m,5.5,generic,,,,,,,,,
MARINE 4,jack_up,,,,,,,,,70.0,76.0,16000.0,,,,13.0,9/6/1999,1/1/2001,HI,,bsee_war,True,MARINE 4,drilling_rig,,,jackup,jackup_70m,5.5,generic,,,,,,,,,
MARINE 700,jack_up,,,,,,,,,70.0,76.0,16000.0,,,,8.0,9/7/2001,1/10/2001,EB,,bsee_war,True,MARINE 700,drilling_rig,,,jackup,jackup_70m,5.5,generic,,,,,,,,,
MARINE HIGH ISLAND VIII,jack_up,,,,,,,,,70.0,76.0,16000.0,,,,1.0,6/8/1998,5/26/1998,EI,,bsee_war,True,MARINE HIGH ISLAND VIII,drilling_rig,,,jackup,jackup_70m,5.5,generic,,,,,,,,,
MARINE III,jack_up,,,,,,,,,70.0,76.0,16000.0,,,,5.0,9/24/2000,1/11/1998,EC,,bsee_war,True,MARINE III,drilling_rig,,,jackup,jackup_70m,5.5,generic,,,,,,,,,
MARINE IV,jack_up,,,,,,,,,70.0,76.0,16000.0,,,,2.0,7/7/2002,3/20/2001,SS,,bsee_war,True,MARINE IV,drilling_rig,,,jackup,jackup_70m,5.5,generic,,,,,,,,,
MARINE NO. 16,jack_up,,,,,,,,,70.0,76.0,16000.0,,,,2.0,9/4/2000,7/31/2000,HI,,bsee_war,True,MARINE NO. 16,drilling_rig,,,jackup,jackup_70m,5.5,generic,,,,,,,,,
MARINE RIG #4,jack_up,,,,,,,,,70.0,76.0,16000.0,,,,1.0,9/27/1999,1/4/2000,HI,,bsee_war,True,MARINE RIG #4,drilling_rig,,,jackup,jackup_70m,5.5,generic,,,,,,,,,
MARINE RIG 3,jack_up,,,,,,,,,70.0,76.0,16000.0,,,,1.0,7/4/1999,6/15/1999,HI,,bsee_war,True,MARINE RIG 3,drilling_rig,,,jackup,jackup_70m,5.5,generic,,,,,,,,,
MARINE XV,jack_up,,,,,,,,,70.0,76.0,16000.0,,,,1.0,7/30/1999,7/10/1999,MP,,bsee_war,True,MARINE XV,drilling_rig,,,jackup,jackup_70m,5.5,generic,,,,,,,,,
MARINE XVII,jack_up,,,,,,,,,70.0,76.0,16000.0,,,,6.0,9/4/2000,5/14/2001,SS,,bsee_war,True,MARINE XVII,drilling_rig,,,jackup,jackup_70m,5.5,generic,,,,,,,,,
MARINE XVIII,jack_up,,,,,,,,,70.0,76.0,16000.0,,,,3.0,9/9/2001,10/1/2001,SP,,bsee_war,True,MARINE XVIII,drilling_rig,,,jackup,jackup_70m,5.5,generic,,,,,,,,,
MASTER BRANDON,support_vessel,,,,,,,,25.0,,,,,,,1.0,12/17/2003,12/16/2003,WC,,bsee_war,True,MASTER BRANDON,drilling_rig,,,,,,,,,,,,,,,
MATERIAL BARGE,inland_barge,,,,,,,,92.0,90.0,27.0,12000.0,,,,1.0,7/30/2005,7/24/2005,WC,,bsee_war,True,MATERIAL BARGE,drilling_rig,,,barge,barge_90m,5.0,generic,,,,,,,,,
MATERIALS BARGE,inland_barge,,,,,,,,193.0,90.0,27.0,12000.0,,,,2.0,7/30/2005,7/10/2005,HI,,bsee_war,True,MATERIALS BARGE,drilling_rig,,,barge,barge_90m,5.0,generic,,,,,,,,,
MAX SMITH,jack_up,,,,,,,,3869.0,70.0,76.0,16000.0,,,,19.0,9/4/2004,1/1/2002,GB,,bsee_war,True,MAX SMITH,drilling_rig,,,jackup,jackup_70m,5.5,generic,,,,,,,,,
MIDDLETOWN,jack_up,,,,,,,,227.0,70.0,76.0,16000.0,,,,1.0,9/25/2003,10/3/2003,EC,,bsee_war,True,MIDDLETOWN,drilling_rig,,,jackup,jackup_70m,5.5,generic,,,,,,,,,
MIDNIGHT HUNTER,support_vessel,,,,,,,,685.0,,,,,,,1.0,10/30/2004,10/24/2004,EW,,bsee_war,True,MIDNIGHT HUNTER,drilling_rig,,,,,,,,,,,,,,,
MIDNIGHT HUNTER DIVE VESSEL,support_vessel,,,,,,,,215.0,,,,,,,1.0,10/9/2004,10/3/2004,GI,,bsee_war,True,MIDNIGHT HUNTER DIVE VESSEL,drilling_rig,,,,,,,,,,,,,,,
MILLENNIUM,drillship,,,,,,,,8362.0,228.0,42.0,96000.0,,,,4.0,8/9/2002,1/10/2005,LL,,bsee_war,True,MILLENNIUM,drilling_rig,,,drillship,drillship_230m,12.0,generic,,,,,,,,,
MISS AUDREY LB,lift_boat,,,,,,,,24.0,70.0,76.0,16000.0,,,,1.0,6/5/2004,5/30/2004,EI,,bsee_war,True,MISS AUDREY LB,drilling_rig,,,jackup,jackup_70m,5.5,generic,,,,,,,,,
MISSISSIPPI,jack_up,,,,,,,,,70.0,76.0,16000.0,,,,1.0,7/17/2000,7/13/2000,VR,,bsee_war,True,MISSISSIPPI,drilling_rig,,,jackup,jackup_70m,5.5,generic,,,,,,,,,
MOBS 200,jack_up,,,,,,,,3318.0,70.0,76.0,16000.0,,,,1.0,9/26/2004,10/11/2004,GC,,bsee_war,True,MOBS 200,drilling_rig,,,jackup,jackup_70m,5.5,generic,,,,,,,,,
MOD 141,jack_up,,,,,,,,2209.0,70.0,76.0,16000.0,,,,1.0,5/8/2004,3/18/2004,MC,,bsee_war,True,MOD 141,drilling_rig,,,jackup,jackup_70m,5.5,generic,,,,,,,,,
MODS 141,jack_up,,,,,,,,2223.0,70.0,76.0,16000.0,,,,5.0,9/5/2004,1/10/2005,MC,,bsee_war,True,MODS 141,drilling_rig,,,jackup,jackup_70m,5.5,generic,,,,,,,,,
MODS 150,jack_up,,,,,,,,3680.0,70.0,76.0,16000.0,,,,1.0,3/5/2005,1/24/2005,EB,,bsee_war,True,MODS 150,drilling_rig,,,jackup,jackup_70m,5.5,generic,,,,,,,,,
MODS 200,jack_up,,,,,,,,3330.0,70.0,76.0,16000.0,,,,4.0,9/24/2005,1/16/2005,GC,,bsee_war,True,MODS 200,drilling_rig,,,jackup,jackup_70m,5.5,generic,,,,,,,,,
MR. BICE,jack_up,,,,,,,,,70.0,76.0,16000.0,,,,1.0,12/7/1997,11/24/1997,SM,,bsee_war,True,MR. BICE,drilling_rig,,,jackup,jackup_70m,5.5,generic,,,,,,,,,
MRINE 17,jack_up,,,,,,,,,70.0,76.0,16000.0,,,,1.0,3/5/2000,2/21/2000,BS,,bsee_war,True,MRINE 17,drilling_rig,,,jackup,jackup_70m,5.5,generic,,,,,,,,,
MSV AMERICAN,support_vessel,,,,,,,,,,,,,,,1.0,10/31/2000,10/26/2000,MP,,bsee_war,True,MSV AMERICAN,drilling_rig,,,,,,,,,,,,,,,
MSV BRANDON BORDELON,support_vessel,,,,,,,,,,,,,,,4.0,8/12/2022 11:59:00 PM,11/12/2024,GC,,bsee_war,True,MSV BRANDON BORDELON,drilling_rig,,,,,,,,,,,,,,,
MSV CADE CANDIES,support_vessel,,,,,,,,,,,,,,,14.0,9/5/2022 11:59:00 PM,11/24/2020,MC,,bsee_war,True,MSV CADE CANDIES,drilling_rig,,,,,,,,,,,,,,,
MSV CAL DIVE Q-4000,support_vessel,,,,,,,,1784.0,,,,,,,1.0,3/4/2006,2/26/2006,GC,,bsee_war,True,MSV CAL DIVE Q-4000,drilling_rig,,,,,,,,,,,,,,,
MSV HARVEY BLUE SEA,support_vessel,,,,,,,,,,,,,,,6.0,7/26/2024 11:59:00 PM,11/1/2025,GC,,bsee_war,True,MSV HARVEY BLUE SEA,drilling_rig,,,,,,,,,,,,,,,
MSV OCEAN EVOLUTION,semi_submersible,,,,,,,,,104.0,78.0,45000.0,,,,12.0,9/2/2024 11:59:00 PM,1/28/2024,MC,,bsee_war,True,MSV OCEAN EVOLUTION,drilling_rig,,,semi_sub,semi_sub_100m,21.0,generic,,,,,,,,,
MSV Q4000,semi_submersible,,,,,,,,1042.0,104.0,78.0,45000.0,,,,1.0,9/30/2003,10/1/2003,GC,,bsee_war,True,MSV Q4000,drilling_rig,,,semi_sub,semi_sub_100m,21.0,generic,,,,,,,,,
MV NORTHERN RIVER DIVE BOAT,support_vessel,,,,,,,,839.0,,,,,,,1.0,7/28/2003,7/15/2003,VK,,bsee_war,True,MV NORTHERN RIVER DIVE BOAT,drilling_rig,,,,,,,,,,,,,,,
N/,unknown,,,,,,,,,,,,,,,1.0,2/18/2001,2/12/2001,VR,,bsee_war,True,N/,drilling_rig,,,,,,,,,,,,,,,
N/A,unknown,,,,,,,,96.0,,,,,,,1.0,8/4/2003,7/22/2003,ST,,bsee_war,True,N/A,drilling_rig,,,,,,,,,,,,,,,
N/Q,unknown,,,,,,,,,,,,,,,1.0,12/9/2001,12/17/2001,HI,,bsee_war,True,N/Q,drilling_rig,,,,,,,,,,,,,,,
NA - WIRELINE,wireline_unit,,,,,,,,,,,,,,,2.0,5/27/2002,5/14/2002,WD,,bsee_war,True,NA - WIRELINE,drilling_rig,,,,,,,,,,,,,,,
NA/,unknown,,,,,,,,,,,,,,,1.0,12/24/2000,12/11/2000,EC,,bsee_war,True,NA/,drilling_rig,,,,,,,,,,,,,,,
NABOR DOLPHIN TITAN,jack_up,,,,,,,,56.0,70.0,76.0,16000.0,,,,1.0,3/8/2004,2/24/2004,SS,,bsee_war,True,NABOR DOLPHIN TITAN,drilling_rig,,,jackup,jackup_70m,5.5,generic,,,,,,,,,
NABOR MODS 150,jack_up,,,,,,,,3154.0,70.0,76.0,16000.0,,,,1.0,12/4/2004,10/17/2004,GB,,bsee_war,True,NABOR MODS 150,drilling_rig,,,jackup,jackup_70m,5.5,generic,,,,,,,,,
NABOR T270,jack_up,,,,,,,,,70.0,76.0,16000.0,,,,2.0,6/21/1998,12/13/1999,SS,,bsee_war,True,NABOR T270,drilling_rig,,,jackup,jackup_70m,5.5,generic,,,,,,,,,
NABOR'S SUNDOWNER XI,jack_up,,,,,,,,,70.0,76.0,16000.0,,,,2.0,5/8/2000,3/27/2000,EI,,bsee_war,True,NABOR'S SUNDOWNER XI,drilling_rig,,,jackup,jackup_70m,5.5,generic,,,,,,,,,
NABORS DOLPHIN 110,platform_rig,,,,,,,,55.0,,,,,,,2.0,8/9/2002,7/26/2003,GI,,bsee_war,True,NABORS DOLPHIN 110,drilling_rig,,,,,,,,,,,,,,,
"NABORS ""DOLPHIN 110"" (JU)",platform_rig,,,,,,,,51.0,,,,,,,1.0,8/17/2005,8/14/2005,VR,,bsee_war,True,"NABORS ""DOLPHIN 110"" (JU)",drilling_rig,,,,,,,,,,,,,,,
NABORS SUNDOWNER XI,jack_up,,,,,,,,212.0,70.0,76.0,16000.0,,,,2.0,5/1/2000,3/27/2000,EI,,bsee_war,True,NABORS SUNDOWNER XI,drilling_rig,,,jackup,jackup_70m,5.5,generic,,,,,,,,,
NABORS 10,platform_rig,,,,,,,,172.0,,,,,,,6.0,9/5/2003,1/11/2003,WD,,bsee_war,True,NABORS 10,drilling_rig,,,,,,,,,,,,,,,
NABORS 110,platform_rig,,,,,,,,67.0,,,,,,,3.0,9/5/2004,1/10/2004,ST,,bsee_war,True,NABORS 110,drilling_rig,,,,,,,,,,,,,,,
NABORS 141,platform_rig,,,,,,,,,,,,,,,1.0,12/28/2001,12/22/2001,WD,,bsee_war,True,NABORS 141,drilling_rig,,,,,,,,,,,,,,,
NABORS 143,platform_rig,,,,,,,,1290.0,,,,,,,4.0,9/7/2003,1/12/2004,MC,,bsee_war,True,NABORS 143,drilling_rig,,,,,,,,,,,,,,,
NABORS 17,platform_rig,,,,,,,,,,,,,,,65.0,9/9/2006 11:59:00 PM,1/1/2006 12:01:00 AM,WD,,bsee_war,True,NABORS 17,drilling_rig,,,,,,,,,,,,,,,
NABORS 202,platform_rig,,,,,,,,,,,,,,,21.0,9/7/2019 11:59:00 PM,1/1/2012 12:01:00 AM,MC,,bsee_war,True,NABORS 202,drilling_rig,,,,,,,,,,,,,,,
NABORS 302,platform_rig,,,,,,,,,,,,,,,7.0,9/9/2001,1/14/2002,HI,,bsee_war,True,NABORS 302,drilling_rig,,,,,,,,,,,,,,,
NABORS 50,platform_rig,,,,,,,,,,,,,,,1.0,8/4/2000,7/22/2000,HI,,bsee_war,True,NABORS 50,drilling_rig,,,,,,,,,,,,,,,
NABORS 53,platform_rig,,,,,,,,46.0,,,,,,,5.0,9/5/2003,1/10/2004,HI,,bsee_war,True,NABORS 53,drilling_rig,,,,,,,,,,,,,,,
NABORS 6,platform_rig,,,,,,,,250.0,,,,,,,30.0,9/6/2003,1/1/2002,MP,,bsee_war,True,NABORS 6,drilling_rig,,,,,,,,,,,,,,,
NABORS 75,platform_rig,,,,,,,,760.0,,,,,,,34.0,9/8/2000,1/11/2003,SS,,bsee_war,True,NABORS 75,drilling_rig,,,,,,,,,,,,,,,
NABORS 78,platform_rig,,,,,,,,,,,,,,,2.0,9/7/1998,10/13/1998,MC,,bsee_war,True,NABORS 78,drilling_rig,,,,,,,,,,,,,,,
NABORS 79,platform_rig,,,,,,,,432.0,,,,,,,9.0,9/7/1998,1/12/1999,WC,,bsee_war,True,NABORS 79,drilling_rig,,,,,,,,,,,,,,,
NABORS 801,platform_rig,,,,,,,,,,,,,,,1.0,8/3/2001,7/14/2001,HI,,bsee_war,True,NABORS 801,drilling_rig,,,,,,,,,,,,,,,
NABORS 802,platform_rig,,,,,,,,,,,,,,,11.0,9/9/1998,10/1/1998,SS,,bsee_war,True,NABORS 802,drilling_rig,,,,,,,,,,,,,,,
NABORS 803,platform_rig,,,,,,,,,,,,,,,15.0,9/8/2000,1/13/2001,MC,,bsee_war,True,NABORS 803,drilling_rig,,,,,,,,,,,,,,,
NABORS 85,platform_rig,,,,,,,,2600.0,,,,,,,26.0,9/9/2001,1/1/1998,HI,,bsee_war,True,NABORS 85,drilling_rig,,,,,,,,,,,,,,,
NABORS 85 (MAYRONNE 162),platform_rig,,,,,,,,2600.0,,,,,,,19.0,9/6/2014,1/10/2010 12:01:00 AM,GC,,bsee_war,True,NABORS 85 (MAYRONNE 162),drilling_rig,,,,,,,,,,,,,,,
NABORS 86,platform_rig,,,,,,,,,,,,,,,3.0,9/4/1998,1/23/1999,GB,,bsee_war,True,NABORS 86,drilling_rig,,,,,,,,,,,,,,,
NABORS 87,platform_rig,,,,,,,,,,,,,,,27.0,9/8/2012 11:59:00 PM,1/1/2012 12:01:00 AM,VK,,bsee_war,True,NABORS 87,drilling_rig,,,,,,,,,,,,,,,
NABORS 903,platform_rig,,,,,,,,,,,,,,,7.0,8/9/2002,1/11/2003,WD,,bsee_war,True,NABORS 903,drilling_rig,,,,,,,,,,,,,,,
NABORS 904,platform_rig,,,,,,,,,,,,,,,1.0,9/3/2001,10/2/2001,EC,,bsee_war,True,NABORS 904,drilling_rig,,,,,,,,,,,,,,,
NABORS 908,platform_rig,,,,,,,,,,,,,,,3.0,2/6/2001,1/16/2001,SS,,bsee_war,True,NABORS 908,drilling_rig,,,,,,,,,,,,,,,
NABORS DOLPHIN 106,platform_rig,,,,,,,,58.0,,,,,,,38.0,9/6/2008 11:59:00 PM,1/1/2006 12:01:00 AM,MP,,bsee_war,True,NABORS DOLPHIN 106,drilling_rig,,,,,,,,,,,,,,,
NABORS DOLPHIN 109,platform_rig,,,,,,,,,,,,,,,9.0,9/30/2006 11:59:00 PM,1/11/2009 12:01:00 AM,SM,,bsee_war,True,NABORS DOLPHIN 109,drilling_rig,,,,,,,,,,,,,,,
NABORS DT 110,platform_rig,,,,,,,,68.0,,,,,,,21.0,9/9/2006 11:59:00 PM,1/1/2012 12:01:00 AM,WC,,bsee_war,True,NABORS DT 110,drilling_rig,,,,,,,,,,,,,,,
NABORS MOD 201,platform_rig,,,,,,,,4674.0,,,,,,,4.0,2/5/2005,1/23/2005,GB,,bsee_war,True,NABORS MOD 201,drilling_rig,,,,,,,,,,,,,,,
NABORS MODS 140,platform_rig,,,,,,,,,,,,,,,12.0,9/6/2025 11:59:00 PM,1/15/2023 12:01:00 AM,MC,,bsee_war,True,NABORS MODS 140,drilling_rig,,,,,,,,,,,,,,,
NABORS MODS 150,platform_rig,,,,,,,,3680.0,,,,,,,9.0,9/4/2004,1/23/2004,GB,,bsee_war,True,NABORS MODS 150,drilling_rig,,,,,,,,,,,,,,,
NABORS MODS 200,platform_rig,,,,,,,,,,,,,,,86.0,9/9/2023 11:59:00 PM,1/1/2006,EW,,bsee_war,True,NABORS MODS 200,drilling_rig,,,,,,,,,,,,,,,
NABORS MODS 201,platform_rig,,,,,,,,4674.0,,,,,,,43.0,9/9/2006 11:59:00 PM,1/1/2006,GC,,bsee_war,True,NABORS MODS 201,drilling_rig,,,,,,,,,,,,,,,
NABORS MODS 400,platform_rig,,,,,,,,5192.0,,,,,,,23.0,9/9/2023 11:59:00 PM,1/1/2023 12:01:00 AM,WR,,bsee_war,True,NABORS MODS 400,drilling_rig,,,,,,,,,,,,,,,
NABORS MODS RIG 150,platform_rig,,,,,,,,,,,,,,,39.0,9/6/2014 11:59:00 PM,1/10/2010 12:01:00 AM,WD,,bsee_war,True,NABORS MODS RIG 150,drilling_rig,,,,,,,,,,,,,,,
NABORS OFFSHORE SS-X1,platform_rig,,,,,,,,483.0,,,,,,,8.0,9/8/2003,1/13/2004,EW,,bsee_war,True,NABORS OFFSHORE SS-X1,drilling_rig,,,,,,,,,,,,,,,
NABORS P-141,platform_rig,,,,,,,,,,,,,,,2.0,9/1/2000,10/21/2000,WD,,bsee_war,True,NABORS P-141,drilling_rig,,,,,,,,,,,,,,,
NABORS P 143,platform_rig,,,,,,,,,,,,,,,1.0,5/3/2001,3/30/2001,VK,,bsee_war,True,NABORS P 143,drilling_rig,,,,,,,,,,,,,,,
NABORS P-10,platform_rig,,,,,,,,317.0,,,,,,,30.0,9/6/2008 11:59:00 PM,1/12/2013,WC,,bsee_war,True,NABORS P-10,drilling_rig,,,,,,,,,,,,,,,
NABORS P-140,platform_rig,,,,,,,,4320.0,,,,,,,9.0,9/8/2003,3/13/2004,GC,,bsee_war,True,NABORS P-140,drilling_rig,,,,,,,,,,,,,,,
NABORS P-16,platform_rig,,,,,,,,673.0,,,,,,,16.0,9/6/2008 11:59:00 PM,1/11/2009 12:01:00 AM,VK,,bsee_war,True,NABORS P-16,drilling_rig,,,,,,,,,,,,,,,
NABORS P-16 (PLATFORM RIG),platform_rig,,,,,,,,453.0,,,,,,,1.0,9/8/2003,7/29/2003,ST,,bsee_war,True,NABORS P-16 (PLATFORM RIG),drilling_rig,,,,,,,,,,,,,,,
NABORS P-17,platform_rig,,,,,,,,543.0,,,,,,,9.0,9/29/2001,1/12/2004,GB,,bsee_war,True,NABORS P-17,drilling_rig,,,,,,,,,,,,,,,
NABORS P-54,platform_rig,,,,,,,,33.0,,,,,,,1.0,7/3/2004,10/31/2004,WC,,bsee_war,True,NABORS P-54,drilling_rig,,,,,,,,,,,,,,,
NABORS P-6,platform_rig,,,,,,,,,,,,,,,2.0,2/24/2001,12/15/2000,MP,,bsee_war,True,NABORS P-6,drilling_rig,,,,,,,,,,,,,,,
NABORS P-9,platform_rig,,,,,,,,297.0,,,,,,,2.0,2/2/2003,1/27/2003,WC,,bsee_war,True,NABORS P-9,drilling_rig,,,,,,,,,,,,,,,
NABORS P140,platform_rig,,,,,,,,150.0,,,,,,,1.0,8/9/2003,5/20/2003,SS,,bsee_war,True,NABORS P140,drilling_rig,,,,,,,,,,,,,,,
NABORS P54,platform_rig,,,,,,,,34.0,,,,,,,1.0,2/17/2004,2/15/2004,SA,,bsee_war,True,NABORS P54,drilling_rig,,,,,,,,,,,,,,,
NABORS POOL 53,platform_rig,,,,,,,,46.0,,,,,,,24.0,9/9/2006 11:59:00 PM,1/13/2005,HI,,bsee_war,True,NABORS POOL 53,drilling_rig,,,,,,,,,,,,,,,
NABORS POOL 140,platform_rig,,,,,,,,,,,,,,,31.0,9/6/2008 11:59:00 PM,1/1/2006 12:01:00 AM,MC,,bsee_war,True,NABORS POOL 140,drilling_rig,,,,,,,,,,,,,,,
NABORS POOL 143,platform_rig,,,,,,,,,,,,,,,32.0,9/9/2006 11:59:00 PM,1/11/2009 12:01:00 AM,VK,,bsee_war,True,NABORS POOL 143,drilling_rig,,,,,,,,,,,,,,,
NABORS POOL 54,platform_rig,,,,,,,,51.0,,,,,,,27.0,9/9/2006 11:59:00 PM,1/13/2004,SP,,bsee_war,True,NABORS POOL 54,drilling_rig,,,,,,,,,,,,,,,
NABORS POOL 9,platform_rig,,,,,,,,940.0,,,,,,,3.0,9/7/2003,5/17/2003,EB,,bsee_war,True,NABORS POOL 9,drilling_rig,,,,,,,,,,,,,,,
NABORS/POOL 903,platform_rig,,,,,,,,,,,,,,,6.0,8/2/2002,1/12/2002,WD,,bsee_war,True,NABORS/POOL 903,drilling_rig,,,,,,,,,,,,,,,
NABORS POOL 908,platform_rig,,,,,,,,,,,,,,,3.0,3/7/2001,1/4/2001,WC,,bsee_war,True,NABORS POOL 908,drilling_rig,,,,,,,,,,,,,,,
NABORS POOL RIG 53,platform_rig,,,,,,,,47.0,,,,,,,1.0,4/4/2004,3/13/2004,WC,,bsee_war,True,NABORS POOL RIG 53,drilling_rig,,,,,,,,,,,,,,,
NABORS POOL RIG 54,platform_rig,,,,,,,,50.0,,,,,,,2.0,11/30/2003,1/5/2004,WC,,bsee_war,True,NABORS POOL RIG 54,drilling_rig,,,,,,,,,,,,,,,
NABORS POOL RIG NO. 54,platform_rig,,,,,,,,51.0,,,,,,,1.0,11/6/2004,10/24/2004,EC,,bsee_war,True,NABORS POOL RIG NO. 54,drilling_rig,,,,,,,,,,,,,,,
NABORS POOS 54,platform_rig,,,,,,,,53.0,,,,,,,1.0,2/28/2004,2/15/2004,HI,,bsee_war,True,NABORS POOS 54,drilling_rig,,,,,,,,,,,,,,,
NABORS RIG 78,platform_rig,,,,,,,,,,,,,,,5.0,8/3/1998,10/20/1998,MC,,bsee_war,True,NABORS RIG 78,drilling_rig,,,,,,,,,,,,,,,
NABORS RIG 143,platform_rig,,,,,,,,1290.0,,,,,,,3.0,9/5/2004,1/10/2005,MC,,bsee_war,True,NABORS RIG 143,drilling_rig,,,,,,,,,,,,,,,
NABORS RIG 75,platform_rig,,,,,,,,,,,,,,,1.0,11/11/1998,10/22/1998,GC,,bsee_war,True,NABORS RIG 75,drilling_rig,,,,,,,,,,,,,,,
NABORS RIG 802,platform_rig,,,,,,,,,,,,,,,2.0,10/8/2000,1/17/2001,HI,,bsee_war,True,NABORS RIG 802,drilling_rig,,,,,,,,,,,,,,,
NABORS RIG DT 105,platform_rig,,,,,,,,,,,,,,,2.0,8/18/2001,8/13/2001,VR,,bsee_war,True,NABORS RIG DT 105,drilling_rig,,,,,,,,,,,,,,,
NABORS RIG NO.78,platform_rig,,,,,,,,,,,,,,,1.0,2/22/1999,2/16/1999,MC,,bsee_war,True,NABORS RIG NO.78,drilling_rig,,,,,,,,,,,,,,,
NABORS RIG POOL 10,platform_rig,,,,,,,,297.0,,,,,,,1.0,1/4/2004,1/4/2004,VR,,bsee_war,True,NABORS RIG POOL 10,drilling_rig,,,,,,,,,,,,,,,
NABORS RIG SDIII,platform_rig,,,,,,,,610.0,,,,,,,1.0,8/27/2004,8/14/2004,GC,,bsee_war,True,NABORS RIG SDIII,drilling_rig,,,,,,,,,,,,,,,
NABORS RIG#SD-III,platform_rig,,,,,,,,610.0,,,,,,,1.0,8/14/2004,8/7/2004,GC,,bsee_war,True,NABORS RIG#SD-III,drilling_rig,,,,,,,,,,,,,,,
NABORS S.D. III,platform_rig,,,,,,,,,,,,,,,26.0,9/9/2006 11:59:00 PM,1/1/2006 12:01:00 AM,EI,,bsee_war,True,NABORS S.D. III,drilling_rig,,,,,,,,,,,,,,,
NABORS S.D. IV,platform_rig,,,,,,,,,,,,,,,43.0,9/8/2013,1/11/2009 12:01:00 AM,EB,,bsee_war,True,NABORS S.D. IV,drilling_rig,,,,,,,,,,,,,,,
NABORS S.D. V,platform_rig,,,,,,,,,,,,,,,3.0,9/6/2008 11:59:00 PM,10/12/2008 12:01:00 AM,EC,,bsee_war,True,NABORS S.D. V,drilling_rig,,,,,,,,,,,,,,,
NABORS S.D. XI,platform_rig,,,,,,,,,,,,,,,6.0,8/7/2005 11:59:00 PM,3/13/2005 12:01:00 AM,WD,,bsee_war,True,NABORS S.D. XI,drilling_rig,,,,,,,,,,,,,,,
NABORS S.D. XII,platform_rig,,,,,,,,,,,,,,,6.0,8/6/2005 11:59:00 PM,3/15/2005,WD,,bsee_war,True,NABORS S.D. XII,drilling_rig,,,,,,,,,,,,,,,
NABORS S.D. XIV,platform_rig,,,,,,,,,,,,,,,18.0,9/9/2017 11:59:00 PM,1/10/2016 12:01:00 AM,EW,,bsee_war,True,NABORS S.D. XIV,drilling_rig,,,,,,,,,,,,,,,
NABORS S.D. XVI,platform_rig,,,,,,,,,,,,,,,39.0,9/4/2010 11:59:00 PM,1/1/2006 12:01:00 AM,EB,,bsee_war,True,NABORS S.D. XVI,drilling_rig,,,,,,,,,,,,,,,
NABORS SD8,platform_rig,,,,,,,,,,,,,,,1.0,4/28/2003,4/15/2003,SP,,bsee_war,True,NABORS SD8,drilling_rig,,,,,,,,,,,,,,,
NABORS SSD #16,platform_rig,,,,,,,,2816.0,,,,,,,1.0,9/20/2003,4/11/2004,MC,,bsee_war,True,NABORS SSD #16,drilling_rig,,,,,,,,,,,,,,,
NABORS SUNDOWNER 8,jack_up,,,,,,,,,70.0,76.0,16000.0,,,,1.0,6/2/2003,5/13/2003,SP,,bsee_war,True,NABORS SUNDOWNER 8,drilling_rig,,,jackup,jackup_70m,5.5,generic,,,,,,,,,
NABORS SUNDOWNER III,jack_up,,,,,,,,341.0,70.0,76.0,16000.0,,,,4.0,6/5/2004,2/27/2004,HI,,bsee_war,True,NABORS SUNDOWNER III,drilling_rig,,,jackup,jackup_70m,5.5,generic,,,,,,,,,
NABORS/SUNDOWNER V,jack_up,,,,,,,,,70.0,76.0,16000.0,,,,2.0,9/8/2000,7/15/2000,VR,,bsee_war,True,NABORS/SUNDOWNER V,drilling_rig,,,jackup,jackup_70m,5.5,generic,,,,,,,,,
NABORS SUNDOWNER VI,jack_up,,,,,,,,,70.0,76.0,16000.0,,,,1.0,7/31/2000,7/18/2000,EC,,bsee_war,True,NABORS SUNDOWNER VI,drilling_rig,,,jackup,jackup_70m,5.5,generic,,,,,,,,,
NABORS SUNDOWNER VII,jack_up,,,,,,,,,70.0,76.0,16000.0,,,,1.0,8/7/2000,8/1/2000,EC,,bsee_war,True,NABORS SUNDOWNER VII,drilling_rig,,,jackup,jackup_70m,5.5,generic,,,,,,,,,
NABORS SUNDOWNER X,jack_up,,,,,,,,212.0,70.0,76.0,16000.0,,,,1.0,4/2/2000,3/19/2000,EI,,bsee_war,True,NABORS SUNDOWNER X,drilling_rig,,,jackup,jackup_70m,5.5,generic,,,,,,,,,
NABORS SUNDOWNER XVII,jack_up,,,,,,,,,70.0,76.0,16000.0,,,,2.0,12/7/2001,10/13/2001,SM,,bsee_war,True,NABORS SUNDOWNER XVII,drilling_rig,,,jackup,jackup_70m,5.5,generic,,,,,,,,,
NABORS SUPER S.D. XIX,platform_rig,,,,,,,,,,,,,,,23.0,9/9/2006 11:59:00 PM,1/11/2009 12:01:00 AM,EC,,bsee_war,True,NABORS SUPER S.D. XIX,drilling_rig,,,,,,,,,,,,,,,
NABORS SUPER SUNDOWNDER XIX,platform_rig,,,,,,,,298.0,,,,,,,1.0,12/31/2005,1/1/2006,EI,,bsee_war,True,NABORS SUPER SUNDOWNDER XIX,drilling_rig,,,,,,,,,,,,,,,
NABORS SUPER SUNDOWNER XIX,jack_up,,,,,,,,298.0,70.0,76.0,16000.0,,,,6.0,9/3/2005,1/15/2006,EI,,bsee_war,True,NABORS SUPER SUNDOWNER XIX,drilling_rig,,,jackup,jackup_70m,5.5,generic,,,,,,,,,
NABORS SUPER SUNDOWNER XXI,jack_up,,,,,,,,95.0,70.0,76.0,16000.0,,,,31.0,9/6/2008 11:59:00 PM,1/11/2009 12:01:00 AM,EW,,bsee_war,True,NABORS SUPER SUNDOWNER XXI,drilling_rig,,,jackup,jackup_70m,5.5,generic,,,,,,,,,
NABORS SUPER SUNDOWNER XXII,jack_up,,,,,,,,,70.0,76.0,16000.0,,,,12.0,9/8/2007 11:59:00 PM,1/11/2009 12:01:00 AM,SA,,bsee_war,True,NABORS SUPER SUNDOWNER XXII,drilling_rig,,,jackup,jackup_70m,5.5,generic,,,,,,,,,
NABORS WORKHORSE IX,platform_rig,,,,,,,,,,,,,,,1.0,12/23/2001,12/10/2001,HI,,bsee_war,True,NABORS WORKHORSE IX,drilling_rig,,,,,,,,,,,,,,,
NABORS/POOL 50,platform_rig,,,,,,,,,,,,,,,1.0,9/8/2000,11/4/2000,HI,,bsee_war,True,NABORS/POOL 50,drilling_rig,,,,,,,,,,,,,,,
NABORS/POOL 75,platform_rig,,,,,,,,,,,,,,,1.0,4/5/2002,3/16/2002,EW,,bsee_war,True,NABORS/POOL 75,drilling_rig,,,,,,,,,,,,,,,
NAUTILUS,semi_submersible,,,,,,,,8717.0,104.0,78.0,45000.0,,,,4.0,9/8/2003,11/11/2003,MC,,bsee_war,True,NAUTILUS,drilling_rig,,,semi_sub,semi_sub_100m,21.0,generic,,,,,,,,,
NEW ERA,semi_submersible,,,,,,,,510.0,104.0,78.0,45000.0,,,,2.0,2/4/2006,1/1/2006,EW,,bsee_war,True,NEW ERA,drilling_rig,,,semi_sub,semi_sub_100m,21.0,generic,,,,,,,,,
NEW ERA (SS),semi_submersible,,,,,,,,865.0,104.0,78.0,45000.0,,,,1.0,9/9/2006,10/1/2006,EW,,bsee_war,True,NEW ERA (SS),drilling_rig,,,semi_sub,semi_sub_100m,21.0,generic,,,,,,,,,
NEW ORLEANS,jack_up,,,,,,,,,70.0,76.0,16000.0,,,,1.0,7/2/2002,4/15/2002,WC,,bsee_war,True,NEW ORLEANS,drilling_rig,,,jackup,jackup_70m,5.5,generic,,,,,,,,,
NOBEL AMOS RUNNER,jack_up,,,,,,,,,70.0,76.0,16000.0,,,,1.0,11/8/1999,10/19/1999,EB,,bsee_war,True,NOBEL AMOS RUNNER,drilling_rig,,,jackup,jackup_70m,5.5,generic,,,,,,,,,
NOBEL CARL NORBERG,jack_up,,,,,,,,,70.0,76.0,16000.0,,,,1.0,9/21/2001,9/15/2001,EI,,bsee_war,True,NOBEL CARL NORBERG,drilling_rig,,,jackup,jackup_70m,5.5,generic,,,,,,,,,
NOBEL EDDIE PAUL,jack_up,,,,,,,,,70.0,76.0,16000.0,,,,1.0,9/9/2001,10/1/2001,MP,,bsee_war,True,NOBEL EDDIE PAUL,drilling_rig,,,jackup,jackup_70m,5.5,generic,,,,,,,,,
NOBLE CARL NORBERG,jack_up,,,,,,,,54.0,70.0,76.0,16000.0,,,,8.0,9/7/2003,3/31/2003,ST,,bsee_war,True,NOBLE CARL NORBERG,drilling_rig,,,jackup,jackup_70m,5.5,generic,,,,,,,,,
NOBLE EARL FREDERICKSON,jack_up,,,,,,,,,70.0,76.0,16000.0,,,,11.0,9/28/2001,1/12/2002,EI,,bsee_war,True,NOBLE EARL FREDERICKSON,drilling_rig,,,jackup,jackup_70m,5.5,generic,,,,,,,,,
NOBLE EDDIE PAUL,jack_up,,,,,,,,320.0,70.0,76.0,16000.0,,,,50.0,9/8/2002,1/1/2006 12:01:00 AM,VR,,bsee_war,True,NOBLE EDDIE PAUL,drilling_rig,,,jackup,jackup_70m,5.5,generic,,,,,,,,,
NOBLE FRI RODLI,jack_up,,,,,,,,57.0,70.0,76.0,16000.0,,,,21.0,9/8/2007 11:59:00 PM,1/1/2006 12:01:00 AM,EI,,bsee_war,True,NOBLE FRI RODLI,drilling_rig,,,jackup,jackup_70m,5.5,generic,,,,,,,,,
NOBLE JIM THOMPSON,semi_submersible,,,,,,8000.0,30000.0,6000.0,106.25,100.05,,,,1982.0,64.0,9/8/2012 11:59:00 PM,1/1/2006,MC,,bsee_war,True,NOBLE JIM THOMPSON,drilling_rig,,,semi_sub,semi_sub_110m,,,,,,,,,,,
"NOBLE""JOE ALFORD""",jack_up,,,,,,,,,70.0,76.0,16000.0,,,,1.0,5/3/1999,4/27/1999,GI,,bsee_war,True,"NOBLE""JOE ALFORD""",drilling_rig,,,jackup,jackup_70m,5.5,generic,,,,,,,,,
NOBLE JOHNNIE HOFFMAN,jack_up,,,,,,,,,70.0,76.0,16000.0,,,,9.0,9/24/1999,1/11/2000,VR,,bsee_war,True,NOBLE JOHNNIE HOFFMAN,drilling_rig,,,jackup,jackup_70m,5.5,generic,,,,,,,,,
NOBLE LORRIS BOUZIGARD,semi_submersible,,,,,,4000.0,25000.0,4000.0,98.76,103.02,,,,1975.0,38.0,9/9/2006 11:59:00 PM,1/1/2006 12:01:00 AM,MC,,bsee_war,True,NOBLE LORRIS BOUZIGARD,drilling_rig,,,semi_sub,semi_sub_100m,,,,,,,,,,,
NOBLE THERALD MARTIN,semi_submersible,,,,,,4000.0,25000.0,2350.0,98.76,103.02,,,,1975.0,12.0,9/3/2005 11:59:00 PM,1/1/2006 12:01:00 AM,EB,,bsee_war,True,NOBLE THERALD MARTIN,drilling_rig,,,semi_sub,semi_sub_100m,,,,,,,,,,,
NOBLE AMOS RUNNER,semi_submersible,,,,,,8000.0,32500.0,8000.0,106.25,100.05,,,,1982.0,81.0,9/9/2006 11:59:00 PM,1/1/2006 12:01:00 AM,EB,,bsee_war,True,NOBLE AMOS RUNNER,drilling_rig,,,semi_sub,semi_sub_110m,,,,,,,,,,,
NOBLE BILL JENNING,jack_up,,,,,,,,,70.0,76.0,16000.0,,,,1.0,6/30/1999,6/14/1999,MP,,bsee_war,True,NOBLE BILL JENNING,drilling_rig,,,jackup,jackup_70m,5.5,generic,,,,,,,,,
NOBLE-BILL JENNINGS,jack_up,,,,,,,,,70.0,76.0,16000.0,,,,2.0,6/7/1999,5/24/1999,MP,,bsee_war,True,NOBLE-BILL JENNINGS,drilling_rig,,,jackup,jackup_70m,5.5,generic,,,,,,,,,
NOBLE BOB DOUGLAS,drillship,,Noble Corporation plc,,,Liberia,12000.0,40000.0,,229.2,36.0,105000.0,,,2013.0,22.0,9/6/2014 11:59:00 PM,1/1/2016,MC,,contractor_fleet_page,True,Noble Bob Douglas,drilling_rig,Gusto P10000,https://s201.q4cdn.com/439848451/files/doc_downloads/fleet/Rig-Details-Noble-Bob-Douglas.pdf,drillship,drillship_240m,11.0,measured,18.6,35.1,12.5,22046.0,2500.0,3500.0,,,
NOBLE BULLY I,drillship,,,,,,8250.0,40000.0,8250.0,187.45,39.01,,,,2011.0,33.0,9/8/2012 11:59:00 PM,1/1/2017 12:01:00 AM,MC,,bsee_war,True,NOBLE BULLY I,drilling_rig,,,drillship,drillship_190m,,,,,,,,,,,
NOBLE CLYDE BOUDREAUX,semi_submersible,,,,,,10000.0,35000.0,7500.0,96.93,75.59,,,,1987.0,35.0,9/8/2007 11:59:00 PM,1/10/2010 12:01:00 AM,AC,,bsee_war,True,NOBLE CLYDE BOUDREAUX,drilling_rig,,,semi_sub,semi_sub_100m,,,,,,,,,,,
NOBLE DANNY ADKINS,semi_submersible,,,,,,12000.0,37000.0,12000.0,84.43,12.04,,,,1999.0,20.0,9/8/2012 11:59:00 PM,1/1/2012 12:01:00 AM,GC,,bsee_war,True,NOBLE DANNY ADKINS,drilling_rig,,,semi_sub,semi_sub_80m,,,,,,,,,,,
NOBLE DOLPHIN 110,jack_up,,,,,,,,35.0,70.0,76.0,16000.0,,,,1.0,4/5/2006,3/12/2006,MP,,bsee_war,True,NOBLE DOLPHIN 110,drilling_rig,,,jackup,jackup_70m,5.5,generic,,,,,,,,,
NOBLE DON TAYLOR,drillship,,Noble Corporation plc,,,Liberia,12000.0,40000.0,,229.2,36.0,105000.0,,,2013.0,38.0,9/9/2017 11:59:00 PM,1/1/2017 12:01:00 AM,MC,,contractor_fleet_page,True,Noble Don Taylor,drilling_rig,Gusto P10000,https://s201.q4cdn.com/439848451/files/doc_downloads/fleet/Rig-Details-Noble-Don-Taylor.pdf,drillship,drillship_240m,11.0,measured,18.6,35.1,12.5,22046.0,2500.0,3500.0,,,
NOBLE DRILLER,,,,,,,5000.0,35000.0,5000.0,108.2,73.46,,,,1975.0,13.0,9/8/2012 11:59:00 PM,1/1/2012 12:01:00 AM,GC,,bsee_war,True,NOBLE DRILLER,drilling_rig,,,,,,,,,,,,,,,
NOBLE EARL FREDRICKSON,jack_up,,,,,,,,,70.0,76.0,16000.0,,,,2.0,6/8/2001,3/30/2002,WC,,bsee_war,True,NOBLE EARL FREDRICKSON,drilling_rig,,,jackup,jackup_70m,5.5,generic,,,,,,,,,
NOBLE ERARL FREDERICKSON,jack_up,,,,,,,,,70.0,76.0,16000.0,,,,1.0,7/20/2002,6/15/2002,EI,,bsee_war,True,NOBLE ERARL FREDERICKSON,drilling_rig,,,jackup,jackup_70m,5.5,generic,,,,,,,,,
NOBLE FAYE KOZACK (FKA KHAMSIN),jack_up,,,,,Liberia,12000.0,40000.0,,228.0,41.8,16000.0,,,2013.0,14.0,9/9/2023 11:59:00 PM,1/1/2023 12:01:00 AM,KC,,bsee_war,True,NOBLE FAYE KOZACK (FKA KHAMSIN),drilling_rig,,https://noblecorp.com/wp-content/uploads/2026/05/Noble-Faye-Kozack-Rig-Summary.pdf,jackup,jackup_70m,11.9,measured,18.9,25.6,12.5,24250.0,,,,,
NOBLE FRI RODI,jack_up,,,,,,,,47.0,70.0,76.0,16000.0,,,,1.0,6/5/2004,3/13/2004,WC,,bsee_war,True,NOBLE FRI RODI,drilling_rig,,,jackup,jackup_70m,5.5,generic,,,,,,,,,
NOBLE FRY RODLI,jack_up,,,,,,,,,70.0,76.0,16000.0,,,,1.0,5/7/2005 11:59:00 PM,2/13/2005 12:01:00 AM,WC,,bsee_war,True,NOBLE FRY RODLI,drilling_rig,,,jackup,jackup_70m,5.5,generic,,,,,,,,,
NOBLE GENE ROSSER,jack_up,,,,,,,,,70.0,76.0,16000.0,,,,5.0,9/8/2002,4/12/2002,ST,,bsee_war,True,NOBLE GENE ROSSER,drilling_rig,,,jackup,jackup_70m,5.5,generic,,,,,,,,,
NOBLE GLOBETROTTER,drillship,,,,,,,,,228.0,42.0,96000.0,,,,61.0,9/9/2017 11:59:00 PM,1/1/2017,GC,,bsee_war,True,NOBLE GLOBETROTTER,drilling_rig,,,drillship,drillship_230m,12.0,generic,,,,,,,,,
NOBLE GLOBETROTTER II,drillship,,Noble Corporation plc,,,Liberia,10000.0,40000.0,,189.0,32.0,105000.0,,,2013.0,31.0,9/9/2023 11:59:00 PM,1/1/2023 12:01:00 AM,MC,,contractor_fleet_page,True,Noble Globetrotter II,drilling_rig,Globetrotter Class,https://s201.q4cdn.com/439848451/files/doc_downloads/fleet/Rig-Details-Noble-GlobetrotterII.pdf,drillship,drillship_240m,11.9,measured,18.9,27.1,11.3,22730.0,2000.0,2100.0,,,
NOBLE HOMER FARRINGTON,jack_up,,,,,,,,,70.0,76.0,16000.0,,,,1.0,8/7/2000,7/11/2000,AT,,bsee_war,True,NOBLE HOMER FARRINGTON,drilling_rig,,,jackup,jackup_70m,5.5,generic,,,,,,,,,
NOBLE HOMER FERRINGTON,semi_submersible,,,,,,7200.0,25000.0,7200.0,103.3,68.76,,,,1984.0,15.0,9/8/2002,1/12/2003,EW,,bsee_war,True,NOBLE HOMER FERRINGTON,drilling_rig,,,semi_sub,semi_sub_100m,,,,,,,,,,,
NOBLE JACK RYAN,jack_up,,,,,,,,,70.0,76.0,16000.0,,,,2.0,9/6/2002,6/15/2002,EB,,bsee_war,True,NOBLE JACK RYAN,drilling_rig,,,jackup,jackup_70m,5.5,generic,,,,,,,,,
NOBLE JIM DAY,semi_submersible,,,,,,12000.0,37000.0,12000.0,84.43,12.04,,,,1999.0,26.0,9/8/2012 11:59:00 PM,1/1/2012,WR,,bsee_war,True,NOBLE JIM DAY,drilling_rig,,,semi_sub,semi_sub_80m,,,,,,,,,,,
NOBLE JIM THOMPGSON,jack_up,,,,,,,,,70.0,76.0,16000.0,,,,1.0,12/4/2000,11/14/2000,GB,,bsee_war,True,NOBLE JIM THOMPGSON,drilling_rig,,,jackup,jackup_70m,5.5,generic,,,,,,,,,
NOBLE JIM THOMSON,jack_up,,,,,,,,,70.0,76.0,16000.0,,,,1.0,9/9/2002,10/1/2002,GB,,bsee_war,True,NOBLE JIM THOMSON,drilling_rig,,,jackup,jackup_70m,5.5,generic,,,,,,,,,
NOBLE JIM THOMSPON,jack_up,,,,,,,,,70.0,76.0,16000.0,,,,1.0,11/29/1999,11/23/1999,MC,,bsee_war,True,NOBLE JIM THOMSPON,drilling_rig,,,jackup,jackup_70m,5.5,generic,,,,,,,,,
NOBLE JOH SANDIFER,jack_up,,,,,,,,,70.0,76.0,16000.0,,,,1.0,3/4/2002,2/22/2002,ST,,bsee_war,True,NOBLE JOH SANDIFER,drilling_rig,,,jackup,jackup_70m,5.5,generic,,,,,,,,,
NOBLE JOHN SANDIFER,jack_up,,,,,,,,,70.0,76.0,16000.0,,,,11.0,9/5/2002,1/13/1998,BA,,bsee_war,True,NOBLE JOHN SANDIFER,drilling_rig,,,jackup,jackup_70m,5.5,generic,,,,,,,,,
NOBLE JOHN SNDIFER,jack_up,,,,,,,,,70.0,76.0,16000.0,,,,1.0,7/3/2002,6/14/2002,EI,,bsee_war,True,NOBLE JOHN SNDIFER,drilling_rig,,,jackup,jackup_70m,5.5,generic,,,,,,,,,
NOBLE JOPHNNIE HOFFMAN,jack_up,,,,,,,,,70.0,76.0,16000.0,,,,1.0,9/16/1999,9/15/1999,VR,,bsee_war,True,NOBLE JOPHNNIE HOFFMAN,drilling_rig,,,jackup,jackup_70m,5.5,generic,,,,,,,,,
NOBLE LEONARD JONES,jack_up,,,,,,,,,70.0,76.0,16000.0,,,,13.0,9/30/2002,1/26/1999,ST,,bsee_war,True,NOBLE LEONARD JONES,drilling_rig,,,jackup,jackup_70m,5.5,generic,,,,,,,,,
NOBLE-LESTER PETTUS,jack_up,,,,,,,,50.0,70.0,76.0,16000.0,,,,2.0,9/5/2003,10/11/2003,EC,,bsee_war,True,NOBLE-LESTER PETTUS,drilling_rig,,,jackup,jackup_70m,5.5,generic,,,,,,,,,
NOBLE LEWIS DUGGER,jack_up,,,,,,,,,70.0,76.0,16000.0,,,,1.0,6/3/2001,5/22/2001,MP,,bsee_war,True,NOBLE LEWIS DUGGER,drilling_rig,,,jackup,jackup_70m,5.5,generic,,,,,,,,,
NOBLE MAX SMITH,semi_submersible,,,,,,7000.0,25000.0,7000.0,106.25,100.05,,,,1980.0,43.0,9/9/2006 11:59:00 PM,1/10/2006,PL,,bsee_war,True,NOBLE MAX SMITH,drilling_rig,,,semi_sub,semi_sub_110m,,,,,,,,,,,
NOBLE PAUL RAMANO,jack_up,,,,,,,,,70.0,76.0,16000.0,,,,3.0,9/9/2002,1/15/2002,GC,,bsee_war,True,NOBLE PAUL RAMANO,drilling_rig,,,jackup,jackup_70m,5.5,generic,,,,,,,,,
NOBLE PAUL ROMANO,semi_submersible,,,,,,6000.0,28000.0,6000.0,106.25,100.05,,,,1981.0,53.0,9/9/2017 11:59:00 PM,1/1/2001,GC,,bsee_war,True,NOBLE PAUL ROMANO,drilling_rig,,,semi_sub,semi_sub_110m,,,,,,,,,,,
NOBLE SAM CROFT,drillship,,Noble Corporation plc,,,Liberia,12000.0,40000.0,,229.2,36.0,105000.0,,,2014.0,4.0,9/6/2014 11:59:00 PM,1/10/2016 12:01:00 AM,MC,,contractor_fleet_page,True,Noble Sam Croft,drilling_rig,Gusto P10000,https://s201.q4cdn.com/439848451/files/doc_downloads/fleet/Rig-Details-Noble-Sam-Croft.pdf,drillship,drillship_240m,11.0,measured,18.6,35.1,12.5,22046.0,2500.0,3500.0,,,
NOBLE SAM NOBLE,jack_up,,,,,,,,,70.0,76.0,16000.0,,,,2.0,5/26/2002,4/1/2002,HI,,bsee_war,True,NOBLE SAM NOBLE,drilling_rig,,,jackup,jackup_70m,5.5,generic,,,,,,,,,
NOBLE STANLEY LAFOSSE (FKA PACIFIC SHARAV),drillship,,,,,Liberia,12000.0,40000.0,,228.0,41.8,96000.0,,,2014.0,22.0,9/9/2023 11:59:00 PM,1/1/2023,GC,,bsee_war,True,NOBLE STANLEY LAFOSSE (FKA PACIFIC SHARAV),drilling_rig,,https://noblecorp.com/wp-content/uploads/2026/05/Noble-Stanley-Lafosse-Rig-Summary.pdf,drillship,drillship_230m,11.9,measured,18.9,35.1,12.5,,,,,,
NOBLE TOM JOBE,jack_up,,,,,,,,140.0,70.0,76.0,16000.0,,,,41.0,9/9/2001,1/1/2006 12:01:00 AM,HI,,bsee_war,True,NOBLE TOM JOBE,drilling_rig,,,jackup,jackup_70m,5.5,generic,,,,,,,,,
NOBLE TOM JOBE ILJU,jack_up,,,,,,,,,70.0,76.0,16000.0,,,,1.0,3/31/2000,3/17/2000,HI,,bsee_war,True,NOBLE TOM JOBE ILJU,drilling_rig,,,jackup,jackup_70m,5.5,generic,,,,,,,,,
NOBLE TOM MADDEN,drillship,,Noble Corporation plc,,,Liberia,12000.0,40000.0,,229.2,36.0,105000.0,,,2014.0,6.0,9/5/2015 11:59:00 PM,1/10/2016 12:01:00 AM,MC,,contractor_fleet_page,True,Noble Tom Madden,drilling_rig,Gusto P10000,https://s201.q4cdn.com/439848451/files/doc_downloads/fleet/Rig-Details-Noble-Tom-Madden.pdf,drillship,drillship_240m,11.0,measured,18.6,35.1,12.5,22046.0,2500.0,3500.0,,,
NOBLE TOME JOBE,jack_up,,,,,,,,,70.0,76.0,16000.0,,,,1.0,12/7/2001,1/5/2002,VR,,bsee_war,True,NOBLE TOME JOBE,drilling_rig,,,jackup,jackup_70m,5.5,generic,,,,,,,,,
NOBLE VALIANT,drillship,,Noble Corporation plc,,,Marshall Islands,12000.0,40000.0,,228.0,42.0,105000.0,,,2013.0,13.0,9/9/2023 11:59:00 PM,1/12/2025 12:01:00 AM,MC,,contractor_fleet_page,True,Noble Valiant,drilling_rig,"Ship shaped, Samsung 96K",https://s201.q4cdn.com/439848451/files/doc_fleet/2024/01/valiant.pdf,drillship,drillship_240m,12.0,measured,19.0,25.6,12.5,22046.0,2500.0,2645.0,,,
NOBLES JOE ALFORD,jack_up,,,,,,,,,70.0,76.0,16000.0,,,,1.0,9/3/2002,6/26/2002,VR,,bsee_war,True,NOBLES JOE ALFORD,drilling_rig,,,jackup,jackup_70m,5.5,generic,,,,,,,,,
NOBLES SAM NOBLE,jack_up,,,,,,,,,70.0,76.0,16000.0,,,,1.0,5/5/2002,11/18/2002,HI,,bsee_war,True,NOBLES SAM NOBLE,drilling_rig,,,jackup,jackup_70m,5.5,generic,,,,,,,,,
NONE/ CRANE,unknown,,,,,,,,,,,,,,,1.0,1/19/2004,1/13/2004,EI,,bsee_war,True,NONE/ CRANE,drilling_rig,,,,,,,,,,,,,,,
NORTHERN RIVER DIVE VESSEL,support_vessel,,,,,,,,1884.0,,,,,,,1.0,7/7/2003,7/1/2003,EW,,bsee_war,True,NORTHERN RIVER DIVE VESSEL,drilling_rig,,,,,,,,,,,,,,,
NOVLE EDDIE PAUL,jack_up,,,,,,,,,70.0,76.0,16000.0,,,,1.0,10/31/1999,10/25/1999,WC,,bsee_war,True,NOVLE EDDIE PAUL,drilling_rig,,,jackup,jackup_70m,5.5,generic,,,,,,,,,
O'VOYAGER,support_vessel,,,,,,,,1840.0,,,,,,,2.0,2/5/2005,1/10/2005,MC,,bsee_war,True,O'VOYAGER,drilling_rig,,,,,,,,,,,,,,,
OCAN CHAMPPION,semi_submersible,,,,,,,,,104.0,78.0,45000.0,,,,1.0,6/25/2001,6/19/2001,EC,,bsee_war,True,OCAN CHAMPPION,drilling_rig,,,semi_sub,semi_sub_100m,21.0,generic,,,,,,,,,
OCAN TITAN,semi_submersible,,,,,,,,,104.0,78.0,45000.0,,,,1.0,4/29/2002,4/16/2002,VR,,bsee_war,True,OCAN TITAN,drilling_rig,,,semi_sub,semi_sub_100m,21.0,generic,,,,,,,,,
OCEAN AMBASSADOR,semi_submersible,,,,,,,,,104.0,78.0,45000.0,,,,16.0,9/8/2002,1/11/2002,EB,,bsee_war,True,OCEAN AMBASSADOR,drilling_rig,,,semi_sub,semi_sub_100m,21.0,generic,,,,,,,,,
OCEAN AMBASSDOR,semi_submersible,,,,,,,,,104.0,78.0,45000.0,,,,1.0,3/4/2001,2/12/2001,EB,,bsee_war,True,OCEAN AMBASSDOR,drilling_rig,,,semi_sub,semi_sub_100m,21.0,generic,,,,,,,,,
OCEAN AMERICA,semi_submersible,,,,,,5500.0,30000.0,5500.0,122.22,78.94,,,,1988.0,29.0,9/5/2003,1/1/1999,GC,,bsee_war,True,OCEAN AMERICA,drilling_rig,,,semi_sub,semi_sub_120m,,,,,,,,,,,
OCEAN AMERICAL,semi_submersible,,,,,,,,4677.0,104.0,78.0,45000.0,,,,1.0,6/26/2004,6/20/2004,VK,,bsee_war,True,OCEAN AMERICAL,drilling_rig,,,semi_sub,semi_sub_100m,21.0,generic,,,,,,,,,
OCEAN APARTAN,semi_submersible,,,,,,,,,104.0,78.0,45000.0,,,,1.0,11/23/1998,11/16/1998,ST,,bsee_war,True,OCEAN APARTAN,drilling_rig,,,semi_sub,semi_sub_100m,21.0,generic,,,,,,,,,
OCEAN BARONESS,semi_submersible,,,,,,8000.0,35000.0,7000.0,98.76,99.67,,,,1973.0,5.0,9/9/2006,1/1/2006,GC,,bsee_war,True,OCEAN BARONESS,drilling_rig,,,semi_sub,semi_sub_100m,,,,,,,,,,,
OCEAN BOYAGER,semi_submersible,,,,,,,,,104.0,78.0,45000.0,,,,1.0,9/24/2001,9/17/2001,ST,,bsee_war,True,OCEAN BOYAGER,drilling_rig,,,semi_sub,semi_sub_100m,21.0,generic,,,,,,,,,
OCEAN CENTURY,semi_submersible,,,,,,,,,104.0,78.0,45000.0,,,,3.0,5/7/1998,1/1/1998,GB,,bsee_war,True,OCEAN CENTURY,drilling_rig,,,semi_sub,semi_sub_100m,21.0,generic,,,,,,,,,
OCEAN CHAMPION,semi_submersible,,,,,,,,56.0,104.0,78.0,45000.0,,,,17.0,9/8/2004,1/11/1999,ST,,bsee_war,True,OCEAN CHAMPION,drilling_rig,,,semi_sub,semi_sub_100m,21.0,generic,,,,,,,,,
OCEAN CLIPPER,drillship,,,,,,7875.0,25000.0,7875.0,160.93,33.22,,,,1977.0,3.0,9/3/1998,10/16/1998,MC,,bsee_war,True,OCEAN CLIPPER,drilling_rig,,,drillship,drillship_160m,,,,,,,,,,,
OCEAN COLUMBIA,semi_submersible,,,,,,,,155.0,104.0,78.0,45000.0,,,,38.0,9/7/2003,1/11/2000,HI,,bsee_war,True,OCEAN COLUMBIA,drilling_rig,,,semi_sub,semi_sub_100m,21.0,generic,,,,,,,,,
OCEAN COLUMBIA L/B WAHOO CTU,semi_submersible,,,,,,,,70.0,104.0,78.0,45000.0,,,,1.0,4/16/2005,2/20/2005,MP,,bsee_war,True,OCEAN COLUMBIA L/B WAHOO CTU,drilling_rig,,,semi_sub,semi_sub_100m,21.0,generic,,,,,,,,,
OCEAN COLUMGIA,semi_submersible,,,,,,,,153.0,104.0,78.0,45000.0,,,,1.0,8/8/2004,12/15/1998,WC,,bsee_war,True,OCEAN COLUMGIA,drilling_rig,,,semi_sub,semi_sub_100m,21.0,generic,,,,,,,,,
OCEAN CONCORD,semi_submersible,,,,,,,,1694.0,104.0,78.0,45000.0,,,,52.0,9/8/2003,1/1/2006,MC,,bsee_war,True,OCEAN CONCORD,drilling_rig,,,semi_sub,semi_sub_100m,21.0,generic,,,,,,,,,
OCEAN CONCORD DIAMOND OFFSHORE,semi_submersible,,,,,,,,610.0,104.0,78.0,45000.0,,,,1.0,1/9/2004,1/10/2004,MC,,bsee_war,True,OCEAN CONCORD DIAMOND OFFSHORE,drilling_rig,,,semi_sub,semi_sub_100m,21.0,generic,,,,,,,,,
OCEAN CONCORDE,semi_submersible,,,,,,,,,104.0,78.0,45000.0,,,,1.0,7/7/2003,7/15/2003,GB,,bsee_war,True,OCEAN CONCORDE,drilling_rig,,,semi_sub,semi_sub_100m,21.0,generic,,,,,,,,,
OCEAN CONCROD,semi_submersible,,,,,,,,,104.0,78.0,45000.0,,,,1.0,11/3/2002,10/29/2002,MC,,bsee_war,True,OCEAN CONCROD,drilling_rig,,,semi_sub,semi_sub_100m,21.0,generic,,,,,,,,,
OCEAN CONFIDENCE,semi_submersible,,,,,,10000.0,35000.0,10000.0,97.54,72.54,,,,1988.0,29.0,9/4/2004,1/1/2004,MC,,bsee_war,True,OCEAN CONFIDENCE,drilling_rig,,,semi_sub,semi_sub_100m,,,,,,,,,,,
OCEAN CRUSADE,semi_submersible,,,,,,,,,104.0,78.0,45000.0,,,,1.0,2/6/2000,1/17/2000,WD,,bsee_war,True,OCEAN CRUSADE,drilling_rig,,,semi_sub,semi_sub_100m,21.0,generic,,,,,,,,,
OCEAN CRUSADER,semi_submersible,,,,,,,,134.0,104.0,78.0,45000.0,,,,54.0,9/8/2003,1/1/2002,VR,,bsee_war,True,OCEAN CRUSADER,drilling_rig,,,semi_sub,semi_sub_100m,21.0,generic,,,,,,,,,
OCEAN DRAKE,semi_submersible,,,,,,,,123.0,104.0,78.0,45000.0,,,,63.0,9/9/2001,1/1/2001,ST,,bsee_war,True,OCEAN DRAKE,drilling_rig,,,semi_sub,semi_sub_100m,21.0,generic,,,,,,,,,
OCEAN EIRIK RAUDE,semi_submersible,,,,,,,,,104.0,78.0,45000.0,,,,5.0,9/8/2007 11:59:00 PM,1/13/2008 12:01:00 AM,KC,,bsee_war,True,OCEAN EIRIK RAUDE,drilling_rig,,,semi_sub,semi_sub_100m,21.0,generic,,,,,,,,,
OCEAN ENADEAVOR,semi_submersible,,,,,,,,,104.0,78.0,45000.0,,,,1.0,2/6/2000,1/31/2000,EW,,bsee_war,True,OCEAN ENADEAVOR,drilling_rig,,,semi_sub,semi_sub_100m,21.0,generic,,,,,,,,,
OCEAN ENDEAVER,semi_submersible,,,,,,,,,104.0,78.0,45000.0,,,,1.0,9/3/2001,8/14/2001,WD,,bsee_war,True,OCEAN ENDEAVER,drilling_rig,,,semi_sub,semi_sub_100m,21.0,generic,,,,,,,,,
OCEAN ENDEAVOR,semi_submersible,,,,,,8000.0,35000.0,8000.0,93.3,93.3,42570.0,,,1975.0,17.0,9/6/1998,1/1/2002,EW,,bsee_war,True,OCEAN ENDEAVOR,drilling_rig,,https://noblecorp.com/wp-content/uploads/2026/05/Noble-Endeavor-Rig-Summary.pdf,semi_sub,semi_sub_100m,22.7,measured,,27.7,7.6,6614.0,,,,,
OCEAN ENDEAVOUR,semi_submersible,,,,,,,,,104.0,78.0,45000.0,,,,1.0,9/17/2001,9/11/2001,EC,,bsee_war,True,OCEAN ENDEAVOUR,drilling_rig,,,semi_sub,semi_sub_100m,21.0,generic,,,,,,,,,
OCEAN ENERGY INC.,semi_submersible,,,,,,,,,104.0,78.0,45000.0,,,,1.0,6/6/2003,5/31/2003,EI,,bsee_war,True,OCEAN ENERGY INC.,drilling_rig,,,semi_sub,semi_sub_100m,21.0,generic,,,,,,,,,
OCEAN EXPLORER,drillship,,,,,,,,3911.0,228.0,42.0,96000.0,,,,1.0,6/5/2004,5/16/2004,MC,,bsee_war,True,OCEAN EXPLORER,drilling_rig,,,drillship,drillship_230m,12.0,generic,,,,,,,,,
OCEAN KING,semi_submersible,,,,,,,,220.0,104.0,78.0,45000.0,,,,48.0,9/8/2003,1/13/2004,SS,,bsee_war,True,OCEAN KING,drilling_rig,,,semi_sub,semi_sub_100m,21.0,generic,,,,,,,,,
OCEAN KNG,semi_submersible,,,,,,,,,104.0,78.0,45000.0,,,,1.0,4/9/2000,3/13/2000,EC,,bsee_war,True,OCEAN KNG,drilling_rig,,,semi_sub,semi_sub_100m,21.0,generic,,,,,,,,,
OCEAN LEXINGTON,semi_submersible,,,,,,,,2487.0,104.0,78.0,45000.0,,,,40.0,9/9/2002,1/1/1999,GC,,bsee_war,True,OCEAN LEXINGTON,drilling_rig,,,semi_sub,semi_sub_100m,21.0,generic,,,,,,,,,
OCEAN LEXINGTON/ COIL TUBING,coil_tubing_unit,,,,,,,,1523.0,,,,,,,1.0,3/27/2004,3/14/2004,EW,,bsee_war,True,OCEAN LEXINGTON/ COIL TUBING,drilling_rig,,,,,,,,,,,,,,,
OCEAN MARIANAS,semi_submersible,,,,,,,,,104.0,78.0,45000.0,,,,5.0,9/24/2001,10/14/2001,MC,,bsee_war,True,OCEAN MARIANAS,drilling_rig,,,semi_sub,semi_sub_100m,21.0,generic,,,,,,,,,
OCEAN NEW ERA,semi_submersible,,,,,,,,954.0,104.0,78.0,45000.0,,,,11.0,9/6/1998,1/12/1998,EW,,bsee_war,True,OCEAN NEW ERA,drilling_rig,,,semi_sub,semi_sub_100m,21.0,generic,,,,,,,,,
OCEAN NUGGET,semi_submersible,,,,,,,,140.0,104.0,78.0,45000.0,,,,24.0,9/8/2002,1/1/2000,HI,,bsee_war,True,OCEAN NUGGET,drilling_rig,,,semi_sub,semi_sub_100m,21.0,generic,,,,,,,,,
OCEAN NUGGET - DIAMOND OFFSHOR,semi_submersible,,,,,,,,,104.0,78.0,45000.0,,,,1.0,9/29/2003,10/7/2003,SM,,bsee_war,True,OCEAN NUGGET - DIAMOND OFFSHOR,drilling_rig,,,semi_sub,semi_sub_100m,21.0,generic,,,,,,,,,
OCEAN NUGGETT,semi_submersible,,,,,,,,,104.0,78.0,45000.0,,,,1.0,5/14/2003,5/8/2003,SM,,bsee_war,True,OCEAN NUGGETT,drilling_rig,,,semi_sub,semi_sub_100m,21.0,generic,,,,,,,,,
OCEAN PROSPECTOR,semi_submersible,,,,,,,,,104.0,78.0,45000.0,,,,4.0,9/20/1999,1/12/1998,MC,,bsee_war,True,OCEAN PROSPECTOR,drilling_rig,,,semi_sub,semi_sub_100m,21.0,generic,,,,,,,,,
OCEAN QUEST,semi_submersible,,,,,,4000.0,25000.0,3500.0,98.76,102.41,,,,1973.0,50.0,9/9/2002,1/1/2001,GC,,bsee_war,True,OCEAN QUEST,drilling_rig,,,semi_sub,semi_sub_100m,,,,,,,,,,,
OCEAN RATHER,semi_submersible,,,,,,,,,104.0,78.0,45000.0,,,,2.0,9/7/1999,1/13/1999,MC,,bsee_war,True,OCEAN RATHER,drilling_rig,,,semi_sub,semi_sub_100m,21.0,generic,,,,,,,,,
OCEAN ROVER,semi_submersible,,,,,,8000.0,35000.0,8000.0,98.76,99.67,,,,1973.0,11.0,9/6/1998,1/10/2000,GB,,bsee_war,True,OCEAN ROVER,drilling_rig,,,semi_sub,semi_sub_100m,,,,,,,,,,,
OCEAN SARATOGA,semi_submersible,,,,,,,,2618.0,104.0,78.0,45000.0,,,,58.0,9/9/2001,1/1/2006,GC,,bsee_war,True,OCEAN SARATOGA,drilling_rig,,,semi_sub,semi_sub_100m,21.0,generic,,,,,,,,,
OCEAN SPARTAN\,semi_submersible,,,,,,,,51.0,104.0,78.0,45000.0,,,,1.0,4/8/2006,4/16/2006,HI,,bsee_war,True,OCEAN SPARTAN\,drilling_rig,,,semi_sub,semi_sub_100m,21.0,generic,,,,,,,,,
OCEAN SPARTIN,semi_submersible,,,,,,,,,104.0,78.0,45000.0,,,,3.0,2/9/1998,1/20/1998,WC,,bsee_war,True,OCEAN SPARTIN,drilling_rig,,,semi_sub,semi_sub_100m,21.0,generic,,,,,,,,,
OCEAN SPARTON,semi_submersible,,,,,,,,,104.0,78.0,45000.0,,,,1.0,9/6/1999,8/31/1999,SA,,bsee_war,True,OCEAN SPARTON,drilling_rig,,,semi_sub,semi_sub_100m,21.0,generic,,,,,,,,,
OCEAN SPUR,semi_submersible,,,,,,,,210.0,104.0,78.0,45000.0,,,,31.0,9/7/2003,1/1/2002,VR,,bsee_war,True,OCEAN SPUR,drilling_rig,,,semi_sub,semi_sub_100m,21.0,generic,,,,,,,,,
OCEAN STAR,semi_submersible,,,,,,5500.0,30000.0,5500.0,102.26,95.91,,,,1973.0,46.0,9/7/1998,1/11/2000,MC,,bsee_war,True,OCEAN STAR,drilling_rig,,,semi_sub,semi_sub_100m,,,,,,,,,,,
OCEAN SUMMIT,semi_submersible,,,,,,,,176.0,104.0,78.0,45000.0,,,,32.0,9/9/2002,1/12/2004,WC,,bsee_war,True,OCEAN SUMMIT,drilling_rig,,,semi_sub,semi_sub_100m,21.0,generic,,,,,,,,,
OCEAN SUMMITT,semi_submersible,,,,,,,,176.0,104.0,78.0,45000.0,,,,5.0,8/7/2004,1/30/2005,VR,,bsee_war,True,OCEAN SUMMITT,drilling_rig,,,semi_sub,semi_sub_100m,21.0,generic,,,,,,,,,
OCEAN TITAM,semi_submersible,,,,,,,,106.0,104.0,78.0,45000.0,,,,1.0,5/29/2004,5/16/2004,SS,,bsee_war,True,OCEAN TITAM,drilling_rig,,,semi_sub,semi_sub_100m,21.0,generic,,,,,,,,,
OCEAN TITAN,semi_submersible,,,,,,,,219.0,104.0,78.0,45000.0,,,,44.0,9/9/2002,1/1/2000,EI,,bsee_war,True,OCEAN TITAN,drilling_rig,,,semi_sub,semi_sub_100m,21.0,generic,,,,,,,,,
OCEAN TOWE,semi_submersible,,,,,,,,,104.0,78.0,45000.0,,,,1.0,9/17/2000,7/17/2000,MI,,bsee_war,True,OCEAN TOWE,drilling_rig,,,semi_sub,semi_sub_100m,21.0,generic,,,,,,,,,
OCEAN TOWER,semi_submersible,,,,,,,,275.0,104.0,78.0,45000.0,,,,14.0,9/7/1998,1/15/2005,GA,,bsee_war,True,OCEAN TOWER,drilling_rig,,,semi_sub,semi_sub_100m,21.0,generic,,,,,,,,,
OCEAN VALIANAT,semi_submersible,,,,,,,,3310.0,104.0,78.0,45000.0,,,,1.0,2/8/2004,1/12/2004,GC,,bsee_war,True,OCEAN VALIANAT,drilling_rig,,,semi_sub,semi_sub_100m,21.0,generic,,,,,,,,,
OCEAN VALIANT,semi_submersible,,,,,,5500.0,30000.0,5500.0,122.22,78.94,,,,1988.0,35.0,9/9/2001,1/10/2000,GB,,bsee_war,True,OCEAN VALIANT,drilling_rig,,,semi_sub,semi_sub_120m,,,,,,,,,,,
OCEAN VALIENT,semi_submersible,,,,,,,,,104.0,78.0,45000.0,,,,1.0,7/4/2003,4/19/2003,GB,,bsee_war,True,OCEAN VALIENT,drilling_rig,,,semi_sub,semi_sub_100m,21.0,generic,,,,,,,,,
OCEAN VICTORY,semi_submersible,,,,,,5500.0,25000.0,5500.0,102.41,96.01,,,,1973.0,57.0,9/9/2001,1/1/2002,MC,,bsee_war,True,OCEAN VICTORY,drilling_rig,,,semi_sub,semi_sub_100m,,,,,,,,,,,
OCEAN VICTORYU,semi_submersible,,,,,,,,,104.0,78.0,45000.0,,,,1.0,7/23/2002,7/15/2002,GC,,bsee_war,True,OCEAN VICTORYU,drilling_rig,,,semi_sub,semi_sub_100m,21.0,generic,,,,,,,,,
OCEAN VOYAGER,semi_submersible,,,,,,,,2975.0,104.0,78.0,45000.0,,,,19.0,9/4/2000,1/12/1999,GC,,bsee_war,True,OCEAN VOYAGER,drilling_rig,,,semi_sub,semi_sub_100m,21.0,generic,,,,,,,,,
OCEAN WARAWICK,semi_submersible,,,,,,,,137.0,104.0,78.0,45000.0,,,,1.0,8/4/2003,6/24/2003,WD,,bsee_war,True,OCEAN WARAWICK,drilling_rig,,,semi_sub,semi_sub_100m,21.0,generic,,,,,,,,,
OCEAN WARWICK,semi_submersible,,,,,,,,210.0,104.0,78.0,45000.0,,,,50.0,9/8/2003,1/1/2002,ST,,bsee_war,True,OCEAN WARWICK,drilling_rig,,,semi_sub,semi_sub_100m,21.0,generic,,,,,,,,,
OCEAN WINNER,semi_submersible,,,,,,4000.0,25000.0,3500.0,108.2,75.59,,,,1976.0,3.0,9/7/1998,10/13/1998,GC,,bsee_war,True,OCEAN WINNER,drilling_rig,,,semi_sub,semi_sub_110m,,,,,,,,,,,
OCEAN WORKDER,semi_submersible,,,,,,,,,104.0,78.0,45000.0,,,,1.0,4/27/2003,4/14/2003,SM,,bsee_war,True,OCEAN WORKDER,drilling_rig,,,semi_sub,semi_sub_100m,21.0,generic,,,,,,,,,
OCEAN WORKER,semi_submersible,,,,,,4000.0,25000.0,3500.0,92.35,60.96,,,,1982.0,12.0,9/7/2003,1/13/2003,MC,,bsee_war,True,OCEAN WORKER,drilling_rig,,,semi_sub,semi_sub_90m,,,,,,,,,,,
OCEANEERING - MSV OCEAN EVOLUTION,semi_submersible,,,,,,,,,104.0,78.0,45000.0,,,,7.0,6/4/2022 11:59:00 PM,11/16/2020,MC,,bsee_war,True,OCEANEERING - MSV OCEAN EVOLUTION,drilling_rig,,,semi_sub,semi_sub_100m,21.0,generic,,,,,,,,,
OCEANEERING INTERNATN'L OCEAN,semi_submersible,,,,,,,,1122.0,104.0,78.0,45000.0,,,,1.0,1/16/2004,1/13/2004,GB,,bsee_war,True,OCEANEERING INTERNATN'L OCEAN,drilling_rig,,,semi_sub,semi_sub_100m,21.0,generic,,,,,,,,,
OCEANSARATOGA,semi_submersible,,,,,,,,,104.0,78.0,45000.0,,,,1.0,7/9/2001,5/22/2001,MC,,bsee_war,True,OCEANSARATOGA,drilling_rig,,,semi_sub,semi_sub_100m,21.0,generic,,,,,,,,,
OCEEAN KING,semi_submersible,,,,,,,,,104.0,78.0,45000.0,,,,1.0,9/29/2003,10/21/2003,EI,,bsee_war,True,OCEEAN KING,drilling_rig,,,semi_sub,semi_sub_100m,21.0,generic,,,,,,,,,
OCEN QUEST,semi_submersible,,,,,,,,,104.0,78.0,45000.0,,,,1.0,11/23/2003,11/10/2003,GB,,bsee_war,True,OCEN QUEST,drilling_rig,,,semi_sub,semi_sub_100m,21.0,generic,,,,,,,,,
ODIN BICTORY,jack_up,,,,,,,,,70.0,76.0,16000.0,,,,1.0,6/30/2002,6/24/2002,ST,,bsee_war,True,ODIN BICTORY,drilling_rig,,,jackup,jackup_70m,5.5,generic,,,,,,,,,
ODIN VICTORY,jack_up,,,,,,,,125.0,70.0,76.0,16000.0,,,,30.0,9/7/2003,1/12/2004,SS,,bsee_war,True,ODIN VICTORY,drilling_rig,,,jackup,jackup_70m,5.5,generic,,,,,,,,,
OEAN SUMMIT,semi_submersible,,,,,,,,172.0,104.0,78.0,45000.0,,,,1.0,6/5/2004,4/10/2005,SM,,bsee_war,True,OEAN SUMMIT,drilling_rig,,,semi_sub,semi_sub_100m,21.0,generic,,,,,,,,,
OEDC EXPL & PROD.,unknown,,,,,,,,,,,,,,,1.0,11/8/1998,10/26/1998,VR,,bsee_war,True,OEDC EXPL & PROD.,drilling_rig,,,,,,,,,,,,,,,
OFFSHORE 1003E,jack_up,,,,,,,,,70.0,76.0,16000.0,,,,1.0,6/1/1999,5/1/1999,MP,,bsee_war,True,OFFSHORE 1003E,drilling_rig,,,jackup,jackup_70m,5.5,generic,,,,,,,,,
OFFSHORE RATHER,semi_submersible,,,,,,,,,104.0,78.0,45000.0,,,,1.0,12/29/1999,10/13/1999,MC,,bsee_war,True,OFFSHORE RATHER,drilling_rig,,,semi_sub,semi_sub_100m,21.0,generic,,,,,,,,,
OLYMPIC INTERVENTION IV,support_vessel,,,,,,,,,,,,,,,4.0,8/7/2015 11:59:00 PM,10/4/2009 12:01:00 AM,GC,,bsee_war,True,OLYMPIC INTERVENTION IV,drilling_rig,,,,,,,,,,,,,,,
OLYMPUS N88,unknown,,,,,,,,,,,,,,,30.0,9/9/2023,1/1/2017 12:01:00 AM,MC,,bsee_war,True,OLYMPUS N88,drilling_rig,,,,,,,,,,,,,,,
P&A UNIT,unknown,,,,,,,,685.0,,,,,,,21.0,9/4/2004,3/21/2004,HI,,bsee_war,True,P&A UNIT,drilling_rig,,,,,,,,,,,,,,,
P&A CREW,unknown,,,,,,,,216.0,,,,,,,1.0,5/29/2004,5/16/2004,SM,,bsee_war,True,P&A CREW,drilling_rig,,,,,,,,,,,,,,,
P&U UNIT,unknown,,,,,,,,186.0,,,,,,,1.0,9/27/2003,5/24/2003,HI,,bsee_war,True,P&U UNIT,drilling_rig,,,,,,,,,,,,,,,
P7A UNIT,unknown,,,,,,,,225.0,,,,,,,1.0,9/12/2003,9/11/2003,WC,,bsee_war,True,P7A UNIT,drilling_rig,,,,,,,,,,,,,,,
PA,unknown,,,,,,,,168.0,,,,,,,12.0,6/4/2005,4/24/2005,ST,,bsee_war,True,PA,drilling_rig,,,,,,,,,,,,,,,
PA UNIT,unknown,,,,,,,,685.0,,,,,,,12.0,9/4/2004,3/28/2004,HI,,bsee_war,True,PA UNIT,drilling_rig,,,,,,,,,,,,,,,
PACIFIC KHAMSIN,drillship,,,,,Liberia,12000.0,40000.0,,228.0,41.8,96000.0,,,2013.0,3.0,9/5/2020 11:59:00 PM,1/12/2020 12:01:00 AM,GB,,bsee_war,True,PACIFIC KHAMSIN,drilling_rig,,https://noblecorp.com/wp-content/uploads/2026/05/Noble-Faye-Kozack-Rig-Summary.pdf,drillship,drillship_230m,11.9,measured,18.9,25.6,12.5,24250.0,,,,,
Pacific Santa Ana,drillship,,,,,,10000.0,37500.0,10000.0,227.99,42.06,,,,2013.0,20.0,9/8/2012 11:59:00 PM,1/1/2017 12:01:00 AM,GB,,bsee_war,True,Pacific Santa Ana,drilling_rig,,,drillship,drillship_230m,,,,,,,,,,,
PACIFIC SHARAV,drillship,,,,,Liberia,12000.0,40000.0,,228.0,41.8,96000.0,,,2014.0,46.0,9/9/2017 11:59:00 PM,1/1/2017 12:01:00 AM,GC,,bsee_war,True,PACIFIC SHARAV,drilling_rig,,https://noblecorp.com/wp-content/uploads/2026/05/Noble-Stanley-Lafosse-Rig-Summary.pdf,drillship,drillship_230m,11.9,measured,18.9,35.1,12.5,,,,,,
PARKAER 22J,jack_up,,,,,,,,45.0,70.0,76.0,16000.0,,,,1.0,9/4/2003,8/27/2003,MP,,bsee_war,True,PARKAER 22J,drilling_rig,,,jackup,jackup_70m,5.5,generic,,,,,,,,,
PARKER 21-J,platform_rig,,,,,,,,54.0,,,,,,,11.0,9/3/2000,1/12/2004,ST,,bsee_war,True,PARKER 21-J,drilling_rig,,,,,,,,,,,,,,,
PARKER  77-B,platform_rig,,,,,,,,,,,,,,,4.0,9/7/2019 11:59:00 PM,1/12/2020 12:01:00 AM,SM,,bsee_war,True,PARKER  77-B,drilling_rig,,,,,,,,,,,,,,,
PARKER (HERCULES) 22,jack_up,,,,,,,,,70.0,76.0,16000.0,,,,3.0,3/5/2000,1/22/2000,VR,,bsee_war,True,PARKER (HERCULES) 22,drilling_rig,,,jackup,jackup_70m,5.5,generic,,,,,,,,,
PARKER 10,platform_rig,,,,,,,,180.0,,,,,,,4.0,9/4/2000,10/12/1999,GB,,bsee_war,True,PARKER 10,drilling_rig,,,,,,,,,,,,,,,
PARKER 10 P,platform_rig,,,,,,,,,,,,,,,2.0,9/19/2001,3/12/2001,EW,,bsee_war,True,PARKER 10 P,drilling_rig,,,,,,,,,,,,,,,
PARKER 10P,platform_rig,,,,,,,,208.0,,,,,,,10.0,9/8/2003,3/10/2003,EW,,bsee_war,True,PARKER 10P,drilling_rig,,,,,,,,,,,,,,,
PARKER 11,platform_rig,,,,,,,,22.0,,,,,,,2.0,2/5/2001,1/15/2001,ST,,bsee_war,True,PARKER 11,drilling_rig,,,,,,,,,,,,,,,
PARKER 11-J,platform_rig,,,,,,,,118.0,,,,,,,14.0,9/3/2005,12/23/2002,HI,,bsee_war,True,PARKER 11-J,drilling_rig,,,,,,,,,,,,,,,
PARKER 11J,platform_rig,,,,,,,,120.0,,,,,,,6.0,9/5/2004,1/17/2000,VR,,bsee_war,True,PARKER 11J,drilling_rig,,,,,,,,,,,,,,,
PARKER 11J/COIL TUBING,coil_tubing_unit,,,,,,,,30.0,,,,,,,1.0,12/7/2003,12/1/2003,VR,,bsee_war,True,PARKER 11J/COIL TUBING,drilling_rig,,,,,,,,,,,,,,,
PARKER 14,platform_rig,,,,,,,,19.0,,,,,,,4.0,9/24/2000,10/16/2000,SM,,bsee_war,True,PARKER 14,drilling_rig,,,,,,,,,,,,,,,
PARKER 14-J,platform_rig,,,,,,,,35.0,,,,,,,1.0,9/7/2003,8/11/2003,CA,,bsee_war,True,PARKER 14-J,drilling_rig,,,,,,,,,,,,,,,
PARKER 14J,platform_rig,,,,,,,,52.0,,,,,,,6.0,9/21/2003,4/10/2001,BS,,bsee_war,True,PARKER 14J,drilling_rig,,,,,,,,,,,,,,,
PARKER 15,platform_rig,,,,,,,,,,,,,,,3.0,8/6/2000,2/17/2003,WC,,bsee_war,True,PARKER 15,drilling_rig,,,,,,,,,,,,,,,
PARKER 15-J,platform_rig,,,,,,,,29.0,,,,,,,2.0,9/4/2004,11/19/2001,SS,,bsee_war,True,PARKER 15-J,drilling_rig,,,,,,,,,,,,,,,
PARKER 15J,platform_rig,,,,,,,,40.0,,,,,,,5.0,9/9/2002,1/13/2003,EI,,bsee_war,True,PARKER 15J,drilling_rig,,,,,,,,,,,,,,,
PARKER 15J24-,platform_rig,,,,,,,,,,,,,,,1.0,1/12/2003,1/6/2003,EI,,bsee_war,True,PARKER 15J24-,drilling_rig,,,,,,,,,,,,,,,
PARKER 15J24-DEC-02,platform_rig,,,,,,,,,,,,,,,1.0,12/29/2002,12/23/2002,EI,,bsee_war,True,PARKER 15J24-DEC-02,drilling_rig,,,,,,,,,,,,,,,
PARKER 20-J,platform_rig,,,,,,,,52.0,,,,,,,23.0,9/8/2002,1/13/2004,ST,,bsee_war,True,PARKER 20-J,drilling_rig,,,,,,,,,,,,,,,
PARKER 20J,platform_rig,,,,,,,,68.0,,,,,,,11.0,9/9/2001,1/1/2001,PL,,bsee_war,True,PARKER 20J,drilling_rig,,,,,,,,,,,,,,,
PARKER 21,platform_rig,,,,,,,,58.0,,,,,,,58.0,9/9/2001,1/1/2000,GI,,bsee_war,True,PARKER 21,drilling_rig,,,,,,,,,,,,,,,
PARKER 21J,platform_rig,,,,,,,,42.0,,,,,,,7.0,5/17/1999,10/10/2004,ST,,bsee_war,True,PARKER 21J,drilling_rig,,,,,,,,,,,,,,,
PARKER 22,platform_rig,,,,,,,,49.0,,,,,,,21.0,9/9/2001,1/14/2002,ST,,bsee_war,True,PARKER 22,drilling_rig,,,,,,,,,,,,,,,
PARKER 22 (JU),platform_rig,,,,,,,,,,,,,,,3.0,11/9/1999,10/13/1999,VR,,bsee_war,True,PARKER 22 (JU),drilling_rig,,,,,,,,,,,,,,,
PARKER 22-J,platform_rig,,,,,,,,49.0,,,,,,,3.0,8/22/2000,3/14/2004,ST,,bsee_war,True,PARKER 22-J,drilling_rig,,,,,,,,,,,,,,,
PARKER 22J,platform_rig,,,,,,,,65.0,,,,,,,3.0,9/7/2003,7/16/2003,MP,,bsee_war,True,PARKER 22J,drilling_rig,,,,,,,,,,,,,,,
PARKER 22J AND CT,platform_rig,,,,,,,,40.0,,,,,,,1.0,9/24/2003,9/14/2003,BS,,bsee_war,True,PARKER 22J AND CT,drilling_rig,,,,,,,,,,,,,,,
PARKER 25,platform_rig,,,,,,,,,,,,,,,8.0,9/24/2001,1/15/2001,ST,,bsee_war,True,PARKER 25,drilling_rig,,,,,,,,,,,,,,,
PARKER 25-J,platform_rig,,,,,,,,,,,,,,,5.0,7/7/2002,1/15/2001,ST,,bsee_war,True,PARKER 25-J,drilling_rig,,,,,,,,,,,,,,,
PARKER 25J,platform_rig,,,,,,,,133.0,,,,,,,6.0,9/15/2002,1/16/2005,MP,,bsee_war,True,PARKER 25J,drilling_rig,,,,,,,,,,,,,,,
PARKER 3,platform_rig,,,,,,,,,,,,,,,6.0,6/5/2000,1/11/2000,WD,,bsee_war,True,PARKER 3,drilling_rig,,,,,,,,,,,,,,,
PARKER 3-P,platform_rig,,,,,,,,,,,,,,,3.0,9/24/2001,10/16/2001,SP,,bsee_war,True,PARKER 3-P,drilling_rig,,,,,,,,,,,,,,,
PARKER 30-J,platform_rig,,,,,,,,,,,,,,,1.0,2/3/2003,1/14/2003,HI,,bsee_war,True,PARKER 30-J,drilling_rig,,,,,,,,,,,,,,,
PARKER 41,platform_rig,,,,,,,,,,,,,,,8.0,9/3/2000,1/16/2001,EB,,bsee_war,True,PARKER 41,drilling_rig,,,,,,,,,,,,,,,
PARKER 41-P,platform_rig,,,,,,,,,,,,,,,4.0,7/17/2000,2/13/2000,SS,,bsee_war,True,PARKER 41-P,drilling_rig,,,,,,,,,,,,,,,
PARKER 41P,platform_rig,,,,,,,,419.0,,,,,,,6.0,9/6/1999,11/24/1999,HI,,bsee_war,True,PARKER 41P,drilling_rig,,,,,,,,,,,,,,,
PARKER 72-B,platform_rig,,,,,,,,,,,,,,,1.0,7/9/2011 11:59:00 PM,7/10/2011 12:01:00 AM,EI,,bsee_war,True,PARKER 72-B,drilling_rig,,,,,,,,,,,,,,,
PARKER 76,platform_rig,,,,,,,,13.0,,,,,,,5.0,9/7/2003,1/12/2004,EI,,bsee_war,True,PARKER 76,drilling_rig,,,,,,,,,,,,,,,
PARKER 76-B,platform_rig,,,,,,,,,,,,,,,17.0,9/9/2006 11:59:00 PM,1/1/2006 12:01:00 AM,SM,,bsee_war,True,PARKER 76-B,drilling_rig,,,,,,,,,,,,,,,
PARKER 76B,platform_rig,,,,,,,,,,,,,,,1.0,12/2/2001,10/10/2001,EI,,bsee_war,True,PARKER 76B,drilling_rig,,,,,,,,,,,,,,,
PARKER DRILLING 10-J,platform_rig,,,,,,,,,,,,,,,1.0,4/30/2000,3/14/2000,ST,,bsee_war,True,PARKER DRILLING 10-J,drilling_rig,,,,,,,,,,,,,,,
PARKER DRILLING 10-P,platform_rig,,,,,,,,,,,,,,,2.0,5/4/2001,3/26/2001,EW,,bsee_war,True,PARKER DRILLING 10-P,drilling_rig,,,,,,,,,,,,,,,
PARKER DRILLING 11-J,platform_rig,,,,,,,,42.0,,,,,,,2.0,7/2/2000,3/28/2004,MI,,bsee_war,True,PARKER DRILLING 11-J,drilling_rig,,,,,,,,,,,,,,,
PARKER DRILLING 21-J,platform_rig,,,,,,,,40.0,,,,,,,2.0,9/4/2004,10/3/2004,HI,,bsee_war,True,PARKER DRILLING 21-J,drilling_rig,,,,,,,,,,,,,,,
PARKER DRILLING RIG 55-B,platform_rig,,,,,,,,,,,,,,,4.0,9/6/2014 11:59:00 PM,5/17/2014,SM,,bsee_war,True,PARKER DRILLING RIG 55-B,drilling_rig,,,,,,,,,,,,,,,
PARKER II,platform_rig,,,,,,,,,,,,,,,1.0,5/14/2000,11/25/2002,WC,,bsee_war,True,PARKER II,drilling_rig,,,,,,,,,,,,,,,
PARKER NO. 1,platform_rig,,,,,,,,,,,,,,,1.0,11/5/2000,10/16/2000,EB,,bsee_war,True,PARKER NO. 1,drilling_rig,,,,,,,,,,,,,,,
PARKER P-10,platform_rig,,,,,,,,,,,,,,,2.0,5/23/2003,10/17/2000,VR,,bsee_war,True,PARKER P-10,drilling_rig,,,,,,,,,,,,,,,
PARKER P10,platform_rig,,,,,,,,,,,,,,,1.0,4/7/2003,3/13/2003,VR,,bsee_war,True,PARKER P10,drilling_rig,,,,,,,,,,,,,,,
PARKER RIG 10-P,platform_rig,,,,,,,,,,,,,,,1.0,7/8/2002,6/18/2002,VR,,bsee_war,True,PARKER RIG 10-P,drilling_rig,,,,,,,,,,,,,,,
PARKER RIG 20,platform_rig,,,,,,,,,,,,,,,1.0,9/27/1999,9/14/1999,ST,,bsee_war,True,PARKER RIG 20,drilling_rig,,,,,,,,,,,,,,,
PARKER RIG 21,platform_rig,,,,,,,,,,,,,,,1.0,7/18/1999,6/19/1999,ST,,bsee_war,True,PARKER RIG 21,drilling_rig,,,,,,,,,,,,,,,
PARKER RIG 3,platform_rig,,,,,,,,,,,,,,,1.0,2/12/2001,1/3/2001,EI,,bsee_war,True,PARKER RIG 3,drilling_rig,,,,,,,,,,,,,,,
PARKER RIG 41P,platform_rig,,,,,,,,419.0,,,,,,,4.0,4/3/2004,1/12/2004,HI,,bsee_war,True,PARKER RIG 41P,drilling_rig,,,,,,,,,,,,,,,
PATHFINDER,drillship,,,,,,,,,228.0,42.0,96000.0,,,,3.0,6/4/2000,1/12/2001,MC,,bsee_war,True,PATHFINDER,drilling_rig,,,drillship,drillship_230m,12.0,generic,,,,,,,,,
PAUL DANOS & SUPERIOR  LIFTBOA,lift_boat,,,,,,,,49.0,70.0,76.0,16000.0,,,,1.0,5/29/2004,5/16/2004,MO,,bsee_war,True,PAUL DANOS & SUPERIOR  LIFTBOA,drilling_rig,,,jackup,jackup_70m,5.5,generic,,,,,,,,,
PAUL ROMANO,semi_submersible,,,,,,,,,104.0,78.0,45000.0,,,,14.0,9/4/2001,1/2/2001,GB,,bsee_war,True,PAUL ROMANO,drilling_rig,,,semi_sub,semi_sub_100m,21.0,generic,,,,,,,,,
PCEAM CRISADER,semi_submersible,,,,,,,,,104.0,78.0,45000.0,,,,1.0,7/20/2000,1/11/1999,SS,,bsee_war,True,PCEAM CRISADER,drilling_rig,,,semi_sub,semi_sub_100m,21.0,generic,,,,,,,,,
PEGGY MASSER,lift_boat,,,,,,,,,70.0,76.0,16000.0,,,,1.0,8/25/2000,6/17/2000,EI,,bsee_war,True,PEGGY MASSER,drilling_rig,,,jackup,jackup_70m,5.5,generic,,,,,,,,,
PERF-O-LOG,wireline_unit,,,,,,,,,,,,,,,1.0,3/31/2003,3/22/2003,SS,,bsee_war,True,PERF-O-LOG,drilling_rig,,,,,,,,,,,,,,,
PETROBRAS 10000,drillship,,,,,Marshall Islands,12000.0,37000.0,10000.0,228.0,41.7,97999.0,,,2009.0,2.0,7/7/2018 11:59:00 PM,11/1/2017,WR,,bsee_war,True,PETROBRAS 10000,drilling_rig,,https://www.deepwater.com/documents/RigSpecs/Petrobras%2010000.pdf,drillship,drillship_230m,11.8,measured,18.8,25.6,12.5,22046.0,2000.0,,,,
PETTUS,jack_up,,,,,,,,,70.0,76.0,16000.0,,,,2.0,8/7/1998,1/10/1998,EI,,bsee_war,True,PETTUS,drilling_rig,,,jackup,jackup_70m,5.5,generic,,,,,,,,,
PHOENIX 1,jack_up,,,,,,,,,70.0,76.0,16000.0,,,,6.0,9/26/2000,1/11/2000,EI,,bsee_war,True,PHOENIX 1,drilling_rig,,,jackup,jackup_70m,5.5,generic,,,,,,,,,
PHOENIX 11,jack_up,,,,,,,,,70.0,76.0,16000.0,,,,1.0,8/8/2000,7/28/2000,VR,,bsee_war,True,PHOENIX 11,drilling_rig,,,jackup,jackup_70m,5.5,generic,,,,,,,,,
PHOENIX 2,jack_up,,,,,,,,,70.0,76.0,16000.0,,,,2.0,5/17/1998,1/12/1998,EC,,bsee_war,True,PHOENIX 2,drilling_rig,,,jackup,jackup_70m,5.5,generic,,,,,,,,,
PHOENIX 3,jack_up,,,,,,,,,70.0,76.0,16000.0,,,,2.0,5/7/2000,2/16/2000,ST,,bsee_war,True,PHOENIX 3,drilling_rig,,,jackup,jackup_70m,5.5,generic,,,,,,,,,
PHOENIX D V KIMBERLY CANDIES,support_vessel,,,,,,,,155.0,,,,,,,1.0,7/8/2006,6/11/2006,MP,,bsee_war,True,PHOENIX D V KIMBERLY CANDIES,drilling_rig,,,,,,,,,,,,,,,
PHOENIX I,jack_up,,,,,,,,,70.0,76.0,16000.0,,,,7.0,9/7/1999,1/10/2000,SA,,bsee_war,True,PHOENIX I,drilling_rig,,,jackup,jackup_70m,5.5,generic,,,,,,,,,
PHOENIX II,jack_up,,,,,,,,,70.0,76.0,16000.0,,,,19.0,9/7/1998,1/11/1999,HI,,bsee_war,True,PHOENIX II,drilling_rig,,,jackup,jackup_70m,5.5,generic,,,,,,,,,
PHOENIX III,jack_up,,,,,,,,,70.0,76.0,16000.0,,,,14.0,9/8/2002,1/10/2000,SS,,bsee_war,True,PHOENIX III,drilling_rig,,,jackup,jackup_70m,5.5,generic,,,,,,,,,
PHOENIX IV,jack_up,,,,,,,,,70.0,76.0,16000.0,,,,17.0,9/5/1999,1/17/2000,SS,,bsee_war,True,PHOENIX IV,drilling_rig,,,jackup,jackup_70m,5.5,generic,,,,,,,,,
PIPE UNIT,unknown,,,,,,,,,,,,,,,1.0,9/7/2000,8/31/2000,WC,,bsee_war,True,PIPE UNIT,drilling_rig,,,,,,,,,,,,,,,
PLATFORM,platform_rig,,,,,,,,180.0,,,,,,,2.0,12/6/2003,10/21/2002,SS,,bsee_war,True,PLATFORM,drilling_rig,,,,,,,,,,,,,,,
PLATFORM SNUBBING UNIT,snubbing_unit,,,,,,,,,,,,,,,1.0,12/29/2002,1/20/2003,VR,,bsee_war,True,PLATFORM SNUBBING UNIT,drilling_rig,,,,,,,,,,,,,,,
POOL 50,jack_up,,,,,,,,,70.0,76.0,16000.0,,,,5.0,7/3/1998,1/31/1998,EI,,bsee_war,True,POOL 50,drilling_rig,,,jackup,jackup_70m,5.5,generic,,,,,,,,,
POOL 53,jack_up,,,,,,,,47.0,70.0,76.0,16000.0,,,,14.0,9/9/2002,1/21/2001,PL,,bsee_war,True,POOL 53,drilling_rig,,,jackup,jackup_70m,5.5,generic,,,,,,,,,
POOL 10,jack_up,,,,,,,,,70.0,76.0,16000.0,,,,3.0,2/12/1998,1/10/1998,SS,,bsee_war,True,POOL 10,drilling_rig,,,jackup,jackup_70m,5.5,generic,,,,,,,,,
POOL 14,jack_up,,,,,,,,,70.0,76.0,16000.0,,,,7.0,8/7/1998,3/23/1999,VR,,bsee_war,True,POOL 14,drilling_rig,,,jackup,jackup_70m,5.5,generic,,,,,,,,,
POOL 141,jack_up,,,,,,,,,70.0,76.0,16000.0,,,,13.0,9/29/2000,1/12/2002,SS,,bsee_war,True,POOL 141,drilling_rig,,,jackup,jackup_70m,5.5,generic,,,,,,,,,
POOL 143,jack_up,,,,,,,,3232.0,70.0,76.0,16000.0,,,,4.0,9/24/2000,1/1/2001,VK,,bsee_war,True,POOL 143,drilling_rig,,,jackup,jackup_70m,5.5,generic,,,,,,,,,
POOL 150,jack_up,,,,,,,,35.0,70.0,76.0,16000.0,,,,1.0,8/17/2003,8/11/2003,PL,,bsee_war,True,POOL 150,drilling_rig,,,jackup,jackup_70m,5.5,generic,,,,,,,,,
POOL 1502,jack_up,,,,,,,,,70.0,76.0,16000.0,,,,1.0,9/6/2000,8/27/2000,HI,,bsee_war,True,POOL 1502,drilling_rig,,,jackup,jackup_70m,5.5,generic,,,,,,,,,
POOL 16,jack_up,,,,,,,,,70.0,76.0,16000.0,,,,30.0,9/9/2001,1/1/2001,HI,,bsee_war,True,POOL 16,drilling_rig,,,jackup,jackup_70m,5.5,generic,,,,,,,,,
POOL 17,jack_up,,,,,,,,,70.0,76.0,16000.0,,,,7.0,8/16/1998,1/16/1998,EI,,bsee_war,True,POOL 17,drilling_rig,,,jackup,jackup_70m,5.5,generic,,,,,,,,,
POOL 18,jack_up,,,,,,,,,70.0,76.0,16000.0,,,,1.0,7/8/1998,5/21/1998,HI,,bsee_war,True,POOL 18,drilling_rig,,,jackup,jackup_70m,5.5,generic,,,,,,,,,
POOL 3,jack_up,,,,,,,,,70.0,76.0,16000.0,,,,1.0,7/26/1998,7/13/1998,MI,,bsee_war,True,POOL 3,drilling_rig,,,jackup,jackup_70m,5.5,generic,,,,,,,,,
POOL 50 RIG,jack_up,,,,,,,,,70.0,76.0,16000.0,,,,1.0,2/21/2000,2/11/2000,WC,,bsee_war,True,POOL 50 RIG,drilling_rig,,,jackup,jackup_70m,5.5,generic,,,,,,,,,
POOL 54,jack_up,,,,,,,,62.0,70.0,76.0,16000.0,,,,23.0,9/15/2003,1/2/2001,ST,,bsee_war,True,POOL 54,drilling_rig,,,jackup,jackup_70m,5.5,generic,,,,,,,,,
POOL 54/CTU,jack_up,,,,,,,,50.0,70.0,76.0,16000.0,,,,1.0,11/9/2003,11/10/2003,HI,,bsee_war,True,POOL 54/CTU,drilling_rig,,,jackup,jackup_70m,5.5,generic,,,,,,,,,
POOL 9,jack_up,,,,,,,,,70.0,76.0,16000.0,,,,4.0,9/7/2000,3/4/1998,SM,,bsee_war,True,POOL 9,drilling_rig,,,jackup,jackup_70m,5.5,generic,,,,,,,,,
POOL 903,jack_up,,,,,,,,,70.0,76.0,16000.0,,,,5.0,9/17/1998,1/16/1999,ST,,bsee_war,True,POOL 903,drilling_rig,,,jackup,jackup_70m,5.5,generic,,,,,,,,,
POOL 908,jack_up,,,,,,,,,70.0,76.0,16000.0,,,,7.0,9/9/1999,10/3/1999,MI,,bsee_war,True,POOL 908,drilling_rig,,,jackup,jackup_70m,5.5,generic,,,,,,,,,
POOL NO. 141,jack_up,,,,,,,,,70.0,76.0,16000.0,,,,1.0,6/9/1998,5/21/1998,EC,,bsee_war,True,POOL NO. 141,drilling_rig,,,jackup,jackup_70m,5.5,generic,,,,,,,,,
POOL OFFSHORE,jack_up,,,,,,,,,70.0,76.0,16000.0,,,,2.0,12/26/1999,11/14/1999,MP,,bsee_war,True,POOL OFFSHORE,drilling_rig,,,jackup,jackup_70m,5.5,generic,,,,,,,,,
POOL RANGER #6,jack_up,,,,,,,,,70.0,76.0,16000.0,,,,1.0,7/17/1998,5/16/1998,EI,,bsee_war,True,POOL RANGER #6,drilling_rig,,,jackup,jackup_70m,5.5,generic,,,,,,,,,
POOL RANGER IV,jack_up,,,,,,,,,70.0,76.0,16000.0,,,,1.0,4/8/2001,3/26/2001,ST,,bsee_war,True,POOL RANGER IV,drilling_rig,,,jackup,jackup_70m,5.5,generic,,,,,,,,,
POOL RANGER V,jack_up,,,,,,,,,70.0,76.0,16000.0,,,,2.0,4/8/2001,3/16/1997,ST,,bsee_war,True,POOL RANGER V,drilling_rig,,,jackup,jackup_70m,5.5,generic,,,,,,,,,
POOL RIG #140,jack_up,,,,,,,,,70.0,76.0,16000.0,,,,1.0,8/3/1998,5/26/1998,HI,,bsee_war,True,POOL RIG #140,drilling_rig,,,jackup,jackup_70m,5.5,generic,,,,,,,,,
POOL RIG 54,jack_up,,,,,,,,84.0,70.0,76.0,16000.0,,,,3.0,9/24/2005,11/25/2002,ST,,bsee_war,True,POOL RIG 54,drilling_rig,,,jackup,jackup_70m,5.5,generic,,,,,,,,,
POOL RIG 9,jack_up,,,,,,,,,70.0,76.0,16000.0,,,,1.0,6/6/1998,5/17/1998,EI,,bsee_war,True,POOL RIG 9,drilling_rig,,,jackup,jackup_70m,5.5,generic,,,,,,,,,
POOL RIG 10,jack_up,,,,,,,,,70.0,76.0,16000.0,,,,3.0,4/8/2001,3/26/2001,EI,,bsee_war,True,POOL RIG 10,drilling_rig,,,jackup,jackup_70m,5.5,generic,,,,,,,,,
POOL RIG. 141,jack_up,,,,,,,,,70.0,76.0,16000.0,,,,1.0,7/6/1998,6/10/1998,EC,,bsee_war,True,POOL RIG. 141,drilling_rig,,,jackup,jackup_70m,5.5,generic,,,,,,,,,
POOL RIG 17,jack_up,,,,,,,,,70.0,76.0,16000.0,,,,2.0,9/27/1998,10/26/1998,EC,,bsee_war,True,POOL RIG 17,drilling_rig,,,jackup,jackup_70m,5.5,generic,,,,,,,,,
POOL RIG 18,jack_up,,,,,,,,,70.0,76.0,16000.0,,,,3.0,5/9/1999,1/11/1999,ST,,bsee_war,True,POOL RIG 18,drilling_rig,,,jackup,jackup_70m,5.5,generic,,,,,,,,,
POOL RIG 53,jack_up,,,,,,,,84.0,70.0,76.0,16000.0,,,,7.0,9/20/1998,1/1/2006,PL,,bsee_war,True,POOL RIG 53,drilling_rig,,,jackup,jackup_70m,5.5,generic,,,,,,,,,
POOL RIG IV,jack_up,,,,,,,,,70.0,76.0,16000.0,,,,1.0,7/5/1998,6/22/1998,MP,,bsee_war,True,POOL RIG IV,drilling_rig,,,jackup,jackup_70m,5.5,generic,,,,,,,,,
POOL RIG VI,jack_up,,,,,,,,,70.0,76.0,16000.0,,,,3.0,9/6/1998,10/11/1998,MP,,bsee_war,True,POOL RIG VI,drilling_rig,,,jackup,jackup_70m,5.5,generic,,,,,,,,,
POOLOFFSHORE,jack_up,,,,,,,,,70.0,76.0,16000.0,,,,1.0,2/9/2000,1/20/2000,MP,,bsee_war,True,POOLOFFSHORE,drilling_rig,,,jackup,jackup_70m,5.5,generic,,,,,,,,,
POWER 8 LIFT BOAT,lift_boat,,,,,,,,60.0,70.0,76.0,16000.0,,,,1.0,12/29/2003,12/23/2003,WD,,bsee_war,True,POWER 8 LIFT BOAT,drilling_rig,,,jackup,jackup_70m,5.5,generic,,,,,,,,,
POWER II,lift_boat,,,,,,,,,70.0,76.0,16000.0,,,,3.0,9/1/2002,10/21/2002,VR,,bsee_war,True,POWER II,drilling_rig,,,jackup,jackup_70m,5.5,generic,,,,,,,,,
POWER OFFSHORE #2,lift_boat,,,,,,,,,70.0,76.0,16000.0,,,,1.0,6/10/2003,4/11/2001,HI,,bsee_war,True,POWER OFFSHORE #2,drilling_rig,,,jackup,jackup_70m,5.5,generic,,,,,,,,,
"POWER SWIVEL UNIT, CASING JACK",unknown,,,,,,,,227.0,,,,,,,1.0,7/3/2004,6/27/2004,EC,,bsee_war,True,"POWER SWIVEL UNIT, CASING JACK",drilling_rig,,,,,,,,,,,,,,,
POWER XI,lift_boat,,,,,,,,,70.0,76.0,16000.0,,,,1.0,9/20/2000,9/10/2000,ST,,bsee_war,True,POWER XI,drilling_rig,,,jackup,jackup_70m,5.5,generic,,,,,,,,,
POWERS V LIFT BOAT/CT UNIT,lift_boat,,,,,,,,,70.0,76.0,16000.0,,,,2.0,3/8/1999,2/23/1999,MP,,bsee_war,True,POWERS V LIFT BOAT/CT UNIT,drilling_rig,,,jackup,jackup_70m,5.5,generic,,,,,,,,,
PRIDE NEW MEXICO,jack_up,,,,,,,,143.0,70.0,76.0,16000.0,,,,86.0,9/9/2001,1/1/2001,VR,,bsee_war,True,PRIDE NEW MEXICO,drilling_rig,,,jackup,jackup_70m,5.5,generic,,,,,,,,,
PRIDE OKLAHOMA,jack_up,,,,,,,,,70.0,76.0,16000.0,,,,20.0,9/30/2001,1/13/2001,EC,,bsee_war,True,PRIDE OKLAHOMA,drilling_rig,,,jackup,jackup_70m,5.5,generic,,,,,,,,,
PRIDE 1002,jack_up,,,,,,,,,70.0,76.0,16000.0,,,,7.0,6/6/1999,1/11/1999,MP,,bsee_war,True,PRIDE 1002,drilling_rig,,,jackup,jackup_70m,5.5,generic,,,,,,,,,
PRIDE 1002 E,jack_up,,,,,,,,,70.0,76.0,16000.0,,,,1.0,5/9/1999,3/15/1999,MP,,bsee_war,True,PRIDE 1002 E,drilling_rig,,,jackup,jackup_70m,5.5,generic,,,,,,,,,
PRIDE 1002E,jack_up,,,,,,,,,70.0,76.0,16000.0,,,,2.0,7/5/1999,6/14/1998,MP,,bsee_war,True,PRIDE 1002E,drilling_rig,,,jackup,jackup_70m,5.5,generic,,,,,,,,,
PRIDE 1003,jack_up,,,,,,,,,70.0,76.0,16000.0,,,,20.0,9/4/2000,1/1/2002,SS,,bsee_war,True,PRIDE 1003,drilling_rig,,,jackup,jackup_70m,5.5,generic,,,,,,,,,
PRIDE 1003 E,jack_up,,,,,,,,,70.0,76.0,16000.0,,,,1.0,3/22/1998,3/16/1998,EI,,bsee_war,True,PRIDE 1003 E,drilling_rig,,,jackup,jackup_70m,5.5,generic,,,,,,,,,
PRIDE 1003E,jack_up,,,,,,,,145.0,70.0,76.0,16000.0,,,,8.0,8/27/2005,2/20/2001,EI,,bsee_war,True,PRIDE 1003E,drilling_rig,,,jackup,jackup_70m,5.5,generic,,,,,,,,,
PRIDE 1004,jack_up,,,,,,,,,70.0,76.0,16000.0,,,,5.0,9/4/1998,1/10/1998,EB,,bsee_war,True,PRIDE 1004,drilling_rig,,,jackup,jackup_70m,5.5,generic,,,,,,,,,
PRIDE 1004 E,jack_up,,,,,,,,,70.0,76.0,16000.0,,,,5.0,9/7/2002,6/1/2002,HI,,bsee_war,True,PRIDE 1004 E,drilling_rig,,,jackup,jackup_70m,5.5,generic,,,,,,,,,
PRIDE 1004E,jack_up,,,,,,,,,70.0,76.0,16000.0,,,,8.0,7/9/2001,1/10/1998,EB,,bsee_war,True,PRIDE 1004E,drilling_rig,,,jackup,jackup_70m,5.5,generic,,,,,,,,,
PRIDE 1006,jack_up,,,,,,,,394.0,70.0,76.0,16000.0,,,,27.0,9/7/2003,1/12/2004,MP,,bsee_war,True,PRIDE 1006,drilling_rig,,,jackup,jackup_70m,5.5,generic,,,,,,,,,
PRIDE 100S,jack_up,,,,,,,,,70.0,76.0,16000.0,,,,1.0,12/2/1997,11/18/1997,SM,,bsee_war,True,PRIDE 100S,drilling_rig,,,jackup,jackup_70m,5.5,generic,,,,,,,,,
PRIDE 103,jack_up,,,,,,,,,70.0,76.0,16000.0,,,,1.0,8/21/2000,8/15/2000,SM,,bsee_war,True,PRIDE 103,drilling_rig,,,jackup,jackup_70m,5.5,generic,,,,,,,,,
PRIDE 1051,jack_up,,,,,,,,,70.0,76.0,16000.0,,,,1.0,1/31/2003,1/25/2003,ST,,bsee_war,True,PRIDE 1051,drilling_rig,,,jackup,jackup_70m,5.5,generic,,,,,,,,,
PRIDE 130,jack_up,,,,,,,,,70.0,76.0,16000.0,,,,1.0,2/9/1998,1/13/1998,EI,,bsee_war,True,PRIDE 130,drilling_rig,,,jackup,jackup_70m,5.5,generic,,,,,,,,,
PRIDE 14,jack_up,,,,,,,,760.0,70.0,76.0,16000.0,,,,52.0,9/9/2006 11:59:00 PM,1/1/2006 12:01:00 AM,SP,,bsee_war,True,PRIDE 14,drilling_rig,,,jackup,jackup_70m,5.5,generic,,,,,,,,,
PRIDE 1501,jack_up,,,,,,,,1353.0,70.0,76.0,16000.0,,,,42.0,9/9/2002,1/1/2002,SS,,bsee_war,True,PRIDE 1501,drilling_rig,,,jackup,jackup_70m,5.5,generic,,,,,,,,,
PRIDE 1501 (JU),jack_up,,,,,,,,,70.0,76.0,16000.0,,,,2.0,2/4/2006,1/16/2006,EC,,bsee_war,True,PRIDE 1501 (JU),drilling_rig,,,jackup,jackup_70m,5.5,generic,,,,,,,,,
PRIDE 1501(PF),jack_up,,,,,,,,220.0,70.0,76.0,16000.0,,,,2.0,4/28/2006,2/22/2006,EC,,bsee_war,True,PRIDE 1501(PF),drilling_rig,,,jackup,jackup_70m,5.5,generic,,,,,,,,,
PRIDE 1501-E,jack_up,,,,,,,,,70.0,76.0,16000.0,,,,2.0,5/3/1999,2/23/1999,SP,,bsee_war,True,PRIDE 1501-E,drilling_rig,,,jackup,jackup_70m,5.5,generic,,,,,,,,,
PRIDE 1501E,jack_up,,,,,,,,1001.0,70.0,76.0,16000.0,,,,28.0,9/8/2003,1/13/2008 12:01:00 AM,VR,,bsee_war,True,PRIDE 1501E,drilling_rig,,,jackup,jackup_70m,5.5,generic,,,,,,,,,
PRIDE 1502,jack_up,,,,,,,,924.0,70.0,76.0,16000.0,,,,69.0,9/8/2002,1/1/2000,SP,,bsee_war,True,PRIDE 1502,drilling_rig,,,jackup,jackup_70m,5.5,generic,,,,,,,,,
PRIDE 1502-E,jack_up,,,,,,,,,70.0,76.0,16000.0,,,,4.0,5/24/1999,1/14/2002,SP,,bsee_war,True,PRIDE 1502-E,drilling_rig,,,jackup,jackup_70m,5.5,generic,,,,,,,,,
PRIDE 1502E,jack_up,,,,,,,,,70.0,76.0,16000.0,,,,28.0,9/30/2006 11:59:00 PM,1/13/2008 12:01:00 AM,EI,,bsee_war,True,PRIDE 1502E,drilling_rig,,,jackup,jackup_70m,5.5,generic,,,,,,,,,
PRIDE 1503,jack_up,,,,,,,,5610.0,70.0,76.0,16000.0,,,,8.0,9/4/2004,10/10/2004 12:01:00 AM,MC,,bsee_war,True,PRIDE 1503,drilling_rig,,,jackup,jackup_70m,5.5,generic,,,,,,,,,
PRIDE 151,jack_up,,,,,,,,,70.0,76.0,16000.0,,,,1.0,11/11/2002,10/15/2002,HI,,bsee_war,True,PRIDE 151,drilling_rig,,,jackup,jackup_70m,5.5,generic,,,,,,,,,
PRIDE 210,jack_up,,,,,,,,671.0,70.0,76.0,16000.0,,,,32.0,9/6/2008 11:59:00 PM,1/13/2008,MP,,bsee_war,True,PRIDE 210,drilling_rig,,,jackup,jackup_70m,5.5,generic,,,,,,,,,
PRIDE 220,jack_up,,,,,,,,,70.0,76.0,16000.0,,,,1.0,6/4/1998,5/18/1998,SP,,bsee_war,True,PRIDE 220,drilling_rig,,,jackup,jackup_70m,5.5,generic,,,,,,,,,
PRIDE 551,jack_up,,,,,,,,,70.0,76.0,16000.0,,,,1.0,8/2/2002,7/23/2002,HI,,bsee_war,True,PRIDE 551,drilling_rig,,,jackup,jackup_70m,5.5,generic,,,,,,,,,
PRIDE 650,jack_up,,,,,,,,,70.0,76.0,16000.0,,,,19.0,7/7/1998,1/18/2000,EI,,bsee_war,True,PRIDE 650,drilling_rig,,,jackup,jackup_70m,5.5,generic,,,,,,,,,
PRIDE 650 E,jack_up,,,,,,,,,70.0,76.0,16000.0,,,,3.0,8/31/2000,7/21/2000,VR,,bsee_war,True,PRIDE 650 E,drilling_rig,,,jackup,jackup_70m,5.5,generic,,,,,,,,,
PRIDE 650E,jack_up,,,,,,,,,70.0,76.0,16000.0,,,,5.0,9/7/2000,10/19/1999,SS,,bsee_war,True,PRIDE 650E,drilling_rig,,,jackup,jackup_70m,5.5,generic,,,,,,,,,
PRIDE 651,jack_up,,,,,,,,1001.0,70.0,76.0,16000.0,,,,68.0,9/5/2003,1/1/2002,MC,,bsee_war,True,PRIDE 651,drilling_rig,,,jackup,jackup_70m,5.5,generic,,,,,,,,,
PRIDE 653,jack_up,,,,,,,,,70.0,76.0,16000.0,,,,12.0,7/16/2000,1/14/2002,WD,,bsee_war,True,PRIDE 653,drilling_rig,,,jackup,jackup_70m,5.5,generic,,,,,,,,,
PRIDE 751,jack_up,,,,,,,,,70.0,76.0,16000.0,,,,2.0,4/6/1998,2/10/1998,WC,,bsee_war,True,PRIDE 751,drilling_rig,,,jackup,jackup_70m,5.5,generic,,,,,,,,,
PRIDE 952,jack_up,,,,,,,,,70.0,76.0,16000.0,,,,7.0,5/4/1998,1/13/1998,EI,,bsee_war,True,PRIDE 952,drilling_rig,,,jackup,jackup_70m,5.5,generic,,,,,,,,,
PRIDE ALABAMA,jack_up,,,,,,,,,70.0,76.0,16000.0,,,,20.0,9/5/2000,1/2/2001,WC,,bsee_war,True,PRIDE ALABAMA,drilling_rig,,,jackup,jackup_70m,5.5,generic,,,,,,,,,
PRIDE ALASKA,jack_up,,,,,,,,105.0,70.0,76.0,16000.0,,,,44.0,9/9/2006 11:59:00 PM,1/1/2001,PN,,bsee_war,True,PRIDE ALASKA,drilling_rig,,,jackup,jackup_70m,5.5,generic,,,,,,,,,
PRIDE ARIZONA,jack_up,,,,,,,,66.0,70.0,76.0,16000.0,,,,40.0,9/9/2006 11:59:00 PM,1/1/2006 12:01:00 AM,GI,,bsee_war,True,PRIDE ARIZONA,drilling_rig,,,jackup,jackup_70m,5.5,generic,,,,,,,,,
PRIDE ARZONA,jack_up,,,,,,,,64.0,70.0,76.0,16000.0,,,,1.0,9/3/2005,10/16/2005,ST,,bsee_war,True,PRIDE ARZONA,drilling_rig,,,jackup,jackup_70m,5.5,generic,,,,,,,,,
PRIDE CALIFORNIA,jack_up,,,,,,,,,70.0,76.0,16000.0,,,,8.0,8/9/2003,1/13/2001,MP,,bsee_war,True,PRIDE CALIFORNIA,drilling_rig,,,jackup,jackup_70m,5.5,generic,,,,,,,,,
PRIDE COLORADO,jack_up,,,,,,,,52.0,70.0,76.0,16000.0,,,,23.0,9/9/1999,1/11/1999,SS,,bsee_war,True,PRIDE COLORADO,drilling_rig,,,jackup,jackup_70m,5.5,generic,,,,,,,,,
PRIDE DEEP OCEAN MENDOCINO,semi_submersible,,,,,,,,,104.0,78.0,45000.0,,,,2.0,9/8/2012 11:59:00 PM,1/1/2012 12:01:00 AM,WR,,bsee_war,True,PRIDE DEEP OCEAN MENDOCINO,drilling_rig,,,semi_sub,semi_sub_100m,21.0,generic,,,,,,,,,
PRIDE FLORDA,jack_up,,,,,,,,27.0,70.0,76.0,16000.0,,,,1.0,9/29/2003,10/14/2003,SS,,bsee_war,True,PRIDE FLORDA,drilling_rig,,,jackup,jackup_70m,5.5,generic,,,,,,,,,
PRIDE FLORID,jack_up,,,,,,,,,70.0,76.0,16000.0,,,,1.0,2/23/2003,2/10/2003,EC,,bsee_war,True,PRIDE FLORID,drilling_rig,,,jackup,jackup_70m,5.5,generic,,,,,,,,,
PRIDE FLORIDA,jack_up,,,,,,,,162.0,70.0,76.0,16000.0,,,,83.0,9/9/2006 11:59:00 PM,1/11/2005,WD,,bsee_war,True,PRIDE FLORIDA,drilling_rig,,,jackup,jackup_70m,5.5,generic,,,,,,,,,
PRIDE FLORIDA - JU,jack_up,,,,,,,,80.0,70.0,76.0,16000.0,,,,1.0,1/27/2003,1/21/2003,EC,,bsee_war,True,PRIDE FLORIDA - JU,drilling_rig,,,jackup,jackup_70m,5.5,generic,,,,,,,,,
PRIDE GEORGIA,jack_up,,,,,,,,179.0,70.0,76.0,16000.0,,,,64.0,9/9/2006 11:59:00 PM,1/11/2009 12:01:00 AM,WC,,bsee_war,True,PRIDE GEORGIA,drilling_rig,,,jackup,jackup_70m,5.5,generic,,,,,,,,,
PRIDE GEORGIE,jack_up,,,,,,,,,70.0,76.0,16000.0,,,,1.0,10/29/2005,10/16/2005,HI,,bsee_war,True,PRIDE GEORGIE,drilling_rig,,,jackup,jackup_70m,5.5,generic,,,,,,,,,
PRIDE KANSAS,jack_up,,,,,,,,145.0,70.0,76.0,16000.0,,,,70.0,9/9/2006 11:59:00 PM,1/1/2006 12:01:00 AM,MO,,bsee_war,True,PRIDE KANSAS,drilling_rig,,,jackup,jackup_70m,5.5,generic,,,,,,,,,
PRIDE KENTUCKY,jack_up,,,,,,,,,70.0,76.0,16000.0,,,,2.0,9/30/2001,10/1/2001,HI,,bsee_war,True,PRIDE KENTUCKY,drilling_rig,,,jackup,jackup_70m,5.5,generic,,,,,,,,,
PRIDE LOUISIANA\,jack_up,,,,,,,,,70.0,76.0,16000.0,,,,1.0,9/24/2000,10/2/2000,SS,,bsee_war,True,PRIDE LOUISIANA\,drilling_rig,,,jackup,jackup_70m,5.5,generic,,,,,,,,,
PRIDE LOUSISANA,jack_up,,,,,,,,,70.0,76.0,16000.0,,,,1.0,8/5/1998,6/1/1998,WC,,bsee_war,True,PRIDE LOUSISANA,drilling_rig,,,jackup,jackup_70m,5.5,generic,,,,,,,,,
PRIDE MAD DOG SPAR RIG,platform_rig,,,,,,,,,,,,,,,7.0,9/8/2007 11:59:00 PM,1/13/2008 12:01:00 AM,GC,,bsee_war,True,PRIDE MAD DOG SPAR RIG,drilling_rig,,,,,,,,,,,,,,,
PRIDE MICHICAN,jack_up,,,,,,,,135.0,70.0,76.0,16000.0,,,,1.0,5/7/2005,3/14/2005,BA,,bsee_war,True,PRIDE MICHICAN,drilling_rig,,,jackup,jackup_70m,5.5,generic,,,,,,,,,
PRIDE MICHIGAN,jack_up,,,,,,,,229.0,70.0,76.0,16000.0,,,,31.0,9/9/2006 11:59:00 PM,1/1/2006 12:01:00 AM,EC,,bsee_war,True,PRIDE MICHIGAN,drilling_rig,,,jackup,jackup_70m,5.5,generic,,,,,,,,,
PRIDE MISSISSIPPI,jack_up,,,,,,,,66.0,70.0,76.0,16000.0,,,,47.0,9/5/2000,1/1/2006 12:01:00 AM,SS,,bsee_war,True,PRIDE MISSISSIPPI,drilling_rig,,,jackup,jackup_70m,5.5,generic,,,,,,,,,
PRIDE MISSOURI,jack_up,,,,,,,,183.0,70.0,76.0,16000.0,,,,92.0,9/9/2006 11:59:00 PM,1/1/2003,HI,,bsee_war,True,PRIDE MISSOURI,drilling_rig,,,jackup,jackup_70m,5.5,generic,,,,,,,,,
PRIDE NEBRASKA,jack_up,,,,,,,,,70.0,76.0,16000.0,,,,12.0,8/9/2002,11/26/2001,BS,,bsee_war,True,PRIDE NEBRASKA,drilling_rig,,,jackup,jackup_70m,5.5,generic,,,,,,,,,
PRIDE NEBRASKA (MARINE 200),jack_up,,,,,,,,,70.0,76.0,16000.0,,,,1.0,12/9/2001,12/10/2001,MP,,bsee_war,True,PRIDE NEBRASKA (MARINE 200),drilling_rig,,,jackup,jackup_70m,5.5,generic,,,,,,,,,
PRIDE NEVADA,jack_up,,,,,,,,,70.0,76.0,16000.0,,,,3.0,9/27/2008 11:59:00 PM,10/12/2008 12:01:00 AM,SM,,bsee_war,True,PRIDE NEVADA,drilling_rig,,,jackup,jackup_70m,5.5,generic,,,,,,,,,
PRIDE NEVEDA,jack_up,,,,,,,,,70.0,76.0,16000.0,,,,7.0,9/6/2008 11:59:00 PM,5/11/2008 12:01:00 AM,SM,,bsee_war,True,PRIDE NEVEDA,drilling_rig,,,jackup,jackup_70m,5.5,generic,,,,,,,,,
PRIDE NORTH DAKOTA,jack_up,,,,,,,,,70.0,76.0,16000.0,,,,3.0,7/7/2002,11/19/2001,ST,,bsee_war,True,PRIDE NORTH DAKOTA,drilling_rig,,,jackup,jackup_70m,5.5,generic,,,,,,,,,
PRIDE NORTH DOKOTA,jack_up,,,,,,,,,70.0,76.0,16000.0,,,,1.0,4/7/2002,1/14/2002,ST,,bsee_war,True,PRIDE NORTH DOKOTA,drilling_rig,,,jackup,jackup_70m,5.5,generic,,,,,,,,,
PRIDE OF ARKANSAS,jack_up,,,,,,,,,70.0,76.0,16000.0,,,,1.0,12/5/1997,11/1/1997,WC,,bsee_war,True,PRIDE OF ARKANSAS,drilling_rig,,,jackup,jackup_70m,5.5,generic,,,,,,,,,
PRIDE OF MISSISSIPPI,jack_up,,,,,,,,107.0,70.0,76.0,16000.0,,,,1.0,4/2/2005,2/27/2005,EC,,bsee_war,True,PRIDE OF MISSISSIPPI,drilling_rig,,,jackup,jackup_70m,5.5,generic,,,,,,,,,
PRIDE OF MISSOURI,jack_up,,,,,,,,49.0,70.0,76.0,16000.0,,,,1.0,6/4/2005,3/27/2005,WC,,bsee_war,True,PRIDE OF MISSOURI,drilling_rig,,,jackup,jackup_70m,5.5,generic,,,,,,,,,
PRIDE OFFSHORE #1004,jack_up,,,,,,,,,70.0,76.0,16000.0,,,,7.0,2/26/1999,1/16/1999,EB,,bsee_war,True,PRIDE OFFSHORE #1004,drilling_rig,,,jackup,jackup_70m,5.5,generic,,,,,,,,,
PRIDE OFFSHORE 1501,jack_up,,,,,,,,,70.0,76.0,16000.0,,,,1.0,9/5/1999,8/16/1999,EB,,bsee_war,True,PRIDE OFFSHORE 1501,drilling_rig,,,jackup,jackup_70m,5.5,generic,,,,,,,,,
PRIDE OFFSHORE 1003-E,jack_up,,,,,,,,,70.0,76.0,16000.0,,,,1.0,3/9/1999,1/20/1999,MP,,bsee_war,True,PRIDE OFFSHORE 1003-E,drilling_rig,,,jackup,jackup_70m,5.5,generic,,,,,,,,,
PRIDE OFFSHORE 1003E,jack_up,,,,,,,,,70.0,76.0,16000.0,,,,2.0,5/4/1999,3/10/1999,MP,,bsee_war,True,PRIDE OFFSHORE 1003E,drilling_rig,,,jackup,jackup_70m,5.5,generic,,,,,,,,,
PRIDE OFFSHORE 650,jack_up,,,,,,,,,70.0,76.0,16000.0,,,,1.0,6/11/2001,5/29/2001,EB,,bsee_war,True,PRIDE OFFSHORE 650,drilling_rig,,,jackup,jackup_70m,5.5,generic,,,,,,,,,
"PRIDE OFFSHORE, MISSISSIPPI",jack_up,,,,,,,,,70.0,76.0,16000.0,,,,1.0,2/5/2001,1/2/2001,VR,,bsee_war,True,"PRIDE OFFSHORE, MISSISSIPPI",drilling_rig,,,jackup,jackup_70m,5.5,generic,,,,,,,,,
PRIDE RIG 210,jack_up,,,,,,,,,70.0,76.0,16000.0,,,,2.0,5/3/2001,3/19/2001,WC,,bsee_war,True,PRIDE RIG 210,drilling_rig,,,jackup,jackup_70m,5.5,generic,,,,,,,,,
PRIDE RIG 1004,jack_up,,,,,,,,924.0,70.0,76.0,16000.0,,,,3.0,9/28/2003,4/11/1998,EB,,bsee_war,True,PRIDE RIG 1004,drilling_rig,,,jackup,jackup_70m,5.5,generic,,,,,,,,,
PRIDE RIG 1004E,jack_up,,,,,,,,,70.0,76.0,16000.0,,,,3.0,9/30/2002,5/11/2002,EB,,bsee_war,True,PRIDE RIG 1004E,drilling_rig,,,jackup,jackup_70m,5.5,generic,,,,,,,,,
PRIDE RIG 1501-E,jack_up,,,,,,,,,70.0,76.0,16000.0,,,,1.0,6/7/1999,5/11/1999,SP,,bsee_war,True,PRIDE RIG 1501-E,drilling_rig,,,jackup,jackup_70m,5.5,generic,,,,,,,,,
PRIDE RIG 1501E,jack_up,,,,,,,,,70.0,76.0,16000.0,,,,2.0,5/7/2000,4/17/2000,MP,,bsee_war,True,PRIDE RIG 1501E,drilling_rig,,,jackup,jackup_70m,5.5,generic,,,,,,,,,
PRIDE RIG 750,jack_up,,,,,,,,,70.0,76.0,16000.0,,,,1.0,8/5/1998,6/18/1998,MP,,bsee_war,True,PRIDE RIG 750,drilling_rig,,,jackup,jackup_70m,5.5,generic,,,,,,,,,
PRIDE RIG 951,jack_up,,,,,,,,,70.0,76.0,16000.0,,,,7.0,6/7/2000,1/1/1999,MP,,bsee_war,True,PRIDE RIG 951,drilling_rig,,,jackup,jackup_70m,5.5,generic,,,,,,,,,
PRIDE SOUTH CAROLINA,jack_up,,,,,,,,,70.0,76.0,16000.0,,,,7.0,2/4/2002,1/1/2002,SS,,bsee_war,True,PRIDE SOUTH CAROLINA,drilling_rig,,,jackup,jackup_70m,5.5,generic,,,,,,,,,
PRIDE TENNESSE,jack_up,,,,,,,,,70.0,76.0,16000.0,,,,1.0,2/3/2002,1/28/2002,VR,,bsee_war,True,PRIDE TENNESSE,drilling_rig,,,jackup,jackup_70m,5.5,generic,,,,,,,,,
PRIDE TENNESSEE,jack_up,,,,,,,,26.0,70.0,76.0,16000.0,,,,18.0,9/4/2004,1/22/2005,VR,,bsee_war,True,PRIDE TENNESSEE,drilling_rig,,,jackup,jackup_70m,5.5,generic,,,,,,,,,
PRIDE TEXAS,jack_up,,,,,,,,285.0,70.0,76.0,16000.0,,,,32.0,9/4/2001,1/1/2001,ST,,bsee_war,True,PRIDE TEXAS,drilling_rig,,,jackup,jackup_70m,5.5,generic,,,,,,,,,
PRIDE UTAH,jack_up,,,,,,,,50.0,70.0,76.0,16000.0,,,,19.0,9/9/2006 11:59:00 PM,1/26/2007,SS,,bsee_war,True,PRIDE UTAH,drilling_rig,,,jackup,jackup_70m,5.5,generic,,,,,,,,,
PRIDE VIKING,jack_up,,,,,,,,,70.0,76.0,16000.0,,,,2.0,8/5/2001,7/16/2001,ST,,bsee_war,True,PRIDE VIKING,drilling_rig,,,jackup,jackup_70m,5.5,generic,,,,,,,,,
PRIDE WEST VIRGINIA,jack_up,,,,,,,,,70.0,76.0,16000.0,,,,2.0,7/3/2002,2/19/2002,WC,,bsee_war,True,PRIDE WEST VIRGINIA,drilling_rig,,,jackup,jackup_70m,5.5,generic,,,,,,,,,
PRIDE WISCONSIN,jack_up,,,,,,,,,70.0,76.0,16000.0,,,,4.0,6/9/2002,1/28/2002,EI,,bsee_war,True,PRIDE WISCONSIN,drilling_rig,,,jackup,jackup_70m,5.5,generic,,,,,,,,,
PRIDE WISCONSIN (MARINE 304),jack_up,,,,,,,,,70.0,76.0,16000.0,,,,1.0,2/3/2002,1/14/2002,SS,,bsee_war,True,PRIDE WISCONSIN (MARINE 304),drilling_rig,,,jackup,jackup_70m,5.5,generic,,,,,,,,,
PRIDE WYOMING,jack_up,,,,,,,,72.0,70.0,76.0,16000.0,,,,67.0,9/9/2006 11:59:00 PM,1/1/1998,ST,,bsee_war,True,PRIDE WYOMING,drilling_rig,,,jackup,jackup_70m,5.5,generic,,,,,,,,,
PRIDGE FLORIDA,jack_up,,,,,,,,85.0,70.0,76.0,16000.0,,,,1.0,7/31/2004,7/26/2004,SM,,bsee_war,True,PRIDGE FLORIDA,drilling_rig,,,jackup,jackup_70m,5.5,generic,,,,,,,,,
PRIODE FLORIDA (JU),jack_up,,,,,,,,105.0,70.0,76.0,16000.0,,,,1.0,4/8/2006,3/28/2006,EI,,bsee_war,True,PRIODE FLORIDA (JU),drilling_rig,,,jackup,jackup_70m,5.5,generic,,,,,,,,,
PRODE 1003,jack_up,,,,,,,,,70.0,76.0,16000.0,,,,1.0,11/6/2000,10/24/2000,SM,,bsee_war,True,PRODE 1003,drilling_rig,,,jackup,jackup_70m,5.5,generic,,,,,,,,,
PULLING UNIT,workover_rig,,,,,,,,,,,,,,,1.0,6/4/2000,6/1/2000,WD,,bsee_war,True,PULLING UNIT,drilling_rig,,,,,,,,,,,,,,,
PUMPING BOAT,pumping_unit,,,,,,,,46.0,,,,,,,2.0,9/8/2003,10/26/2003,WD,,bsee_war,True,PUMPING BOAT,drilling_rig,,,,,,,,,,,,,,,
PUMPING EQUIPMENT,pumping_unit,,,,,,,,,,,,,,,1.0,11/4/2002,10/28/2002,ST,,bsee_war,True,PUMPING EQUIPMENT,drilling_rig,,,,,,,,,,,,,,,
PUMPING OPERATION FROM A BOAT,pumping_unit,,,,,,,,115.0,,,,,,,1.0,12/16/2003,12/13/2003,VR,,bsee_war,True,PUMPING OPERATION FROM A BOAT,drilling_rig,,,,,,,,,,,,,,,
Q-4000,support_vessel,,,,,,,,1524.0,,,,,,,1.0,5/1/2004,4/18/2004,MC,,bsee_war,True,Q-4000,drilling_rig,,,,,,,,,,,,,,,
Q4000,semi_submersible,,,,,,,,3839.0,104.0,78.0,45000.0,,,,9.0,7/9/2005,1/12/2004,GC,,bsee_war,True,Q4000,drilling_rig,,,semi_sub,semi_sub_100m,21.0,generic,,,,,,,,,
R E THIBODEAUX (LIFT BOAT),lift_boat,,,,,,,,,70.0,76.0,16000.0,,,,1.0,4/4/1999,3/22/1999,HI,,bsee_war,True,R E THIBODEAUX (LIFT BOAT),drilling_rig,,,jackup,jackup_70m,5.5,generic,,,,,,,,,
R.H. GALLOWAY,jack_up,,,,,,,,,70.0,76.0,16000.0,,,,1.0,12/28/1997,11/10/1997,VR,,bsee_war,True,R.H. GALLOWAY,drilling_rig,,,jackup,jackup_70m,5.5,generic,,,,,,,,,
R&B FALCON 254,jack_up,,,,,,,,,70.0,76.0,16000.0,,,,1.0,9/24/2000,10/16/2000,BA,,bsee_war,True,R&B FALCON 254,drilling_rig,,,jackup,jackup_70m,5.5,generic,,,,,,,,,
R&B 252,jack_up,,,,,,,,,70.0,76.0,16000.0,,,,4.0,9/9/2001,10/1/2001,WC,,bsee_war,True,R&B 252,drilling_rig,,,jackup,jackup_70m,5.5,generic,,,,,,,,,
R&B 153,jack_up,,,,,,,,,70.0,76.0,16000.0,,,,1.0,11/6/2000,10/10/2000,SX,,bsee_war,True,R&B 153,drilling_rig,,,jackup,jackup_70m,5.5,generic,,,,,,,,,
R&B 253,jack_up,,,,,,,,,70.0,76.0,16000.0,,,,2.0,12/18/2000,10/24/2000,EI,,bsee_war,True,R&B 253,drilling_rig,,,jackup,jackup_70m,5.5,generic,,,,,,,,,
"R&B C. KIRK RHEIN, JR.",jack_up,,,,,,,,,70.0,76.0,16000.0,,,,1.0,9/7/1999,8/10/1999,EB,,bsee_war,True,"R&B C. KIRK RHEIN, JR.",drilling_rig,,,jackup,jackup_70m,5.5,generic,,,,,,,,,
R&B F. G. MCCLINTOCK,jack_up,,,,,,,,,70.0,76.0,16000.0,,,,1.0,2/9/2001,1/13/2001,VR,,bsee_war,True,R&B F. G. MCCLINTOCK,drilling_rig,,,jackup,jackup_70m,5.5,generic,,,,,,,,,
R&B FALCO 152,jack_up,,,,,,,,,70.0,76.0,16000.0,,,,1.0,6/30/2002,2/26/2001,HI,,bsee_war,True,R&B FALCO 152,drilling_rig,,,jackup,jackup_70m,5.5,generic,,,,,,,,,
R&B FALCOM 250,jack_up,,,,,,,,,70.0,76.0,16000.0,,,,1.0,6/3/2001,5/21/2001,WC,,bsee_war,True,R&B FALCOM 250,drilling_rig,,,jackup,jackup_70m,5.5,generic,,,,,,,,,
R.B. FALCON,jack_up,,,,,,,,,70.0,76.0,16000.0,,,,1.0,9/20/1998,5/29/2005,WC,,bsee_war,True,R.B. FALCON,drilling_rig,,,jackup,jackup_70m,5.5,generic,,,,,,,,,
R&B FALCON 205,jack_up,,,,,,,,,70.0,76.0,16000.0,,,,6.0,8/3/2000,1/12/2001,PL,,bsee_war,True,R&B FALCON 205,drilling_rig,,,jackup,jackup_70m,5.5,generic,,,,,,,,,
R&B FALCON 100,jack_up,,,,,,,,,70.0,76.0,16000.0,,,,2.0,7/1/2001,3/11/2001,GC,,bsee_war,True,R&B FALCON 100,drilling_rig,,,jackup,jackup_70m,5.5,generic,,,,,,,,,
R&B FALCON 155,jack_up,,,,,,,,,70.0,76.0,16000.0,,,,1.0,5/6/2001,3/25/2001,SS,,bsee_war,True,R&B FALCON 155,drilling_rig,,,jackup,jackup_70m,5.5,generic,,,,,,,,,
R&B FALCON 156,jack_up,,,,,,,,,70.0,76.0,16000.0,,,,4.0,6/3/2001,1/1/2001,VR,,bsee_war,True,R&B FALCON 156,drilling_rig,,,jackup,jackup_70m,5.5,generic,,,,,,,,,
R&B FALCON 191,jack_up,,,,,,,,,70.0,76.0,16000.0,,,,2.0,2/25/2001,1/1/2001,EC,,bsee_war,True,R&B FALCON 191,drilling_rig,,,jackup,jackup_70m,5.5,generic,,,,,,,,,
R&B FALCON 200,jack_up,,,,,,,,,70.0,76.0,16000.0,,,,9.0,9/29/2002,1/21/2002,ST,,bsee_war,True,R&B FALCON 200,drilling_rig,,,jackup,jackup_70m,5.5,generic,,,,,,,,,
R&B FALCON 203,jack_up,,,,,,,,114.0,70.0,76.0,16000.0,,,,1.0,6/2/2003,5/10/2003,SS,,bsee_war,True,R&B FALCON 203,drilling_rig,,,jackup,jackup_70m,5.5,generic,,,,,,,,,
R&B FALCON 204,jack_up,,,,,,,,,70.0,76.0,16000.0,,,,2.0,5/3/2001,1/15/2003,WC,,bsee_war,True,R&B FALCON 204,drilling_rig,,,jackup,jackup_70m,5.5,generic,,,,,,,,,
R&B FALCON 206,jack_up,,,,,,,,,70.0,76.0,16000.0,,,,7.0,9/5/2000,1/1/2001,ST,,bsee_war,True,R&B FALCON 206,drilling_rig,,,jackup,jackup_70m,5.5,generic,,,,,,,,,
R&B FALCON 207,jack_up,,,,,,,,,70.0,76.0,16000.0,,,,4.0,8/5/2001,12/16/2002,MP,,bsee_war,True,R&B FALCON 207,drilling_rig,,,jackup,jackup_70m,5.5,generic,,,,,,,,,
R&B FALCON 250,jack_up,,,,,,,,39.0,70.0,76.0,16000.0,,,,3.0,8/3/2003,12/16/2002,WC,,bsee_war,True,R&B FALCON 250,drilling_rig,,,jackup,jackup_70m,5.5,generic,,,,,,,,,
R&B FALCON 251,jack_up,,,,,,,,,70.0,76.0,16000.0,,,,1.0,12/8/2000,12/2/2000,MP,,bsee_war,True,R&B FALCON 251,drilling_rig,,,jackup,jackup_70m,5.5,generic,,,,,,,,,
R&B FALCON 252,jack_up,,,,,,,,,70.0,76.0,16000.0,,,,1.0,8/29/2000,8/14/2000,SS,,bsee_war,True,R&B FALCON 252,drilling_rig,,,jackup,jackup_70m,5.5,generic,,,,,,,,,
R&B FALCON 253,jack_up,,,,,,,,114.0,70.0,76.0,16000.0,,,,3.0,9/24/2001,11/14/2000,EI,,bsee_war,True,R&B FALCON 253,drilling_rig,,,jackup,jackup_70m,5.5,generic,,,,,,,,,
R&B FALCON 75,jack_up,,,,,,,,34.0,70.0,76.0,16000.0,,,,3.0,9/9/2003,1/1/2001,EI,,bsee_war,True,R&B FALCON 75,drilling_rig,,,jackup,jackup_70m,5.5,generic,,,,,,,,,
R&B FALCON 78,jack_up,,,,,,,,,70.0,76.0,16000.0,,,,2.0,4/8/2001,4/16/2001,ST,,bsee_war,True,R&B FALCON 78,drilling_rig,,,jackup,jackup_70m,5.5,generic,,,,,,,,,
R&B FALCON DEEPWATER NAUTILUS,drillship,,,,,,,,3151.0,228.0,42.0,96000.0,,,,4.0,7/31/2004,1/13/2004,LL,,bsee_war,True,R&B FALCON DEEPWATER NAUTILUS,drilling_rig,,,drillship,drillship_230m,12.0,generic,,,,,,,,,
R&B FALCON RIG 18,jack_up,,,,,,,,,70.0,76.0,16000.0,,,,1.0,12/1/2000,10/21/2000,MP,,bsee_war,True,R&B FALCON RIG 18,drilling_rig,,,jackup,jackup_70m,5.5,generic,,,,,,,,,
R&B FALCON SEAHAWK,jack_up,,,,,,,,,70.0,76.0,16000.0,,,,1.0,8/6/2000,7/24/2000,BA,,bsee_war,True,R&B FALCON SEAHAWK,drilling_rig,,,jackup,jackup_70m,5.5,generic,,,,,,,,,
R&B FLACON 206,jack_up,,,,,,,,,70.0,76.0,16000.0,,,,2.0,7/30/2001,1/2/2001,ST,,bsee_war,True,R&B FLACON 206,drilling_rig,,,jackup,jackup_70m,5.5,generic,,,,,,,,,
R&B GEORGE GALLOWAY,jack_up,,,,,,,,,70.0,76.0,16000.0,,,,1.0,9/3/2000,7/12/2000,ST,,bsee_war,True,R&B GEORGE GALLOWAY,drilling_rig,,,jackup,jackup_70m,5.5,generic,,,,,,,,,
R&B MILLENNIUM,drillship,,,,,,,,,228.0,42.0,96000.0,,,,1.0,1/9/2000,1/15/2000,MC,,bsee_war,True,R&B MILLENNIUM,drilling_rig,,,drillship,drillship_230m,12.0,generic,,,,,,,,,
R7B FALCON 156,jack_up,,,,,,,,,70.0,76.0,16000.0,,,,1.0,5/6/2001,4/22/2001,VR,,bsee_war,True,R7B FALCON 156,drilling_rig,,,jackup,jackup_70m,5.5,generic,,,,,,,,,
R7B GALLOWAY,jack_up,,,,,,,,,70.0,76.0,16000.0,,,,1.0,6/8/2001,5/18/2001,WC,,bsee_war,True,R7B GALLOWAY,drilling_rig,,,jackup,jackup_70m,5.5,generic,,,,,,,,,
RAID LN/CTU/EL/SL,wireline_unit,,,,,,,,56.0,,,,,,,1.0,12/19/2003,10/18/2003,WD,,bsee_war,True,RAID LN/CTU/EL/SL,drilling_rig,,,,,,,,,,,,,,,
RAM POWELL TLP H&P RIG 202,platform_rig,,,,,,,,,,,,,,,2.0,3/2/1999,1/27/1999,VK,,bsee_war,True,RAM POWELL TLP H&P RIG 202,drilling_rig,,,,,,,,,,,,,,,
RAM X,lift_boat,,,,,,,,,70.0,76.0,16000.0,,,,2.0,1/15/2002,1/10/2002,VR,,bsee_war,True,RAM X,drilling_rig,,,jackup,jackup_70m,5.5,generic,,,,,,,,,
RAM XIV,lift_boat,,,,,,,,14.0,70.0,76.0,16000.0,,,,1.0,2/25/2004,2/23/2004,SS,,bsee_war,True,RAM XIV,drilling_rig,,,jackup,jackup_70m,5.5,generic,,,,,,,,,
RANGER,jack_up,,,,,,,,,70.0,76.0,16000.0,,,,1.0,3/2/1998,2/23/1998,SS,,bsee_war,True,RANGER,drilling_rig,,,jackup,jackup_70m,5.5,generic,,,,,,,,,
RANGER 5,jack_up,,,,,,,,,70.0,76.0,16000.0,,,,6.0,7/7/2002,1/16/2001,SS,,bsee_war,True,RANGER 5,drilling_rig,,,jackup,jackup_70m,5.5,generic,,,,,,,,,
RANGER IV,jack_up,,,,,,,,,70.0,76.0,16000.0,,,,1.0,12/7/2002,12/1/2002,VR,,bsee_war,True,RANGER IV,drilling_rig,,,jackup,jackup_70m,5.5,generic,,,,,,,,,
RANGER VI,jack_up,,,,,,,,,70.0,76.0,16000.0,,,,4.0,9/8/2002,2/13/1999,HI,,bsee_war,True,RANGER VI,drilling_rig,,,jackup,jackup_70m,5.5,generic,,,,,,,,,
RANGER VII,jack_up,,,,,,,,,70.0,76.0,16000.0,,,,3.0,9/9/1998,10/1/1998,SS,,bsee_war,True,RANGER VII,drilling_rig,,,jackup,jackup_70m,5.5,generic,,,,,,,,,
RANSOCEAN RICHARDSON,semi_submersible,,,,,,,,,104.0,78.0,45000.0,,,,1.0,9/27/2002,10/12/2002,GB,,bsee_war,True,RANSOCEAN RICHARDSON,drilling_rig,,,semi_sub,semi_sub_100m,21.0,generic,,,,,,,,,
RB FALCON 205,jack_up,,,,,,,,,70.0,76.0,16000.0,,,,3.0,8/17/2000,10/13/2000,EI,,bsee_war,True,RB FALCON 205,drilling_rig,,,jackup,jackup_70m,5.5,generic,,,,,,,,,
RB FALCON 156,jack_up,,,,,,,,,70.0,76.0,16000.0,,,,3.0,9/3/2000,10/8/2001,EC,,bsee_war,True,RB FALCON 156,drilling_rig,,,jackup,jackup_70m,5.5,generic,,,,,,,,,
RB FALCON 200,jack_up,,,,,,,,,70.0,76.0,16000.0,,,,1.0,9/8/2002,6/17/2002,MP,,bsee_war,True,RB FALCON 200,drilling_rig,,,jackup,jackup_70m,5.5,generic,,,,,,,,,
RB FALCON 202,jack_up,,,,,,,,,70.0,76.0,16000.0,,,,2.0,2/7/2001,1/22/2001,SS,,bsee_war,True,RB FALCON 202,drilling_rig,,,jackup,jackup_70m,5.5,generic,,,,,,,,,
RB FALCON 204,jack_up,,,,,,,,,70.0,76.0,16000.0,,,,5.0,9/9/2001,1/27/2002,EC,,bsee_war,True,RB FALCON 204,drilling_rig,,,jackup,jackup_70m,5.5,generic,,,,,,,,,
RB FALCON 207,jack_up,,,,,,,,37.0,70.0,76.0,16000.0,,,,1.0,12/31/2005,1/13/2003,MP,,bsee_war,True,RB FALCON 207,drilling_rig,,,jackup,jackup_70m,5.5,generic,,,,,,,,,
RB FALCON 250,jack_up,,,,,,,,,70.0,76.0,16000.0,,,,2.0,5/6/2001,4/16/2001,WC,,bsee_war,True,RB FALCON 250,drilling_rig,,,jackup,jackup_70m,5.5,generic,,,,,,,,,
RB FALCON 253,jack_up,,,,,,,,35.0,70.0,76.0,16000.0,,,,4.0,8/3/2003,1/14/2001,HI,,bsee_war,True,RB FALCON 253,drilling_rig,,,jackup,jackup_70m,5.5,generic,,,,,,,,,
RB FALCON 86,jack_up,,,,,,,,,70.0,76.0,16000.0,,,,1.0,12/29/1999,12/11/1999,WC,,bsee_war,True,RB FALCON 86,drilling_rig,,,jackup,jackup_70m,5.5,generic,,,,,,,,,
RBF 155,jack_up,,,,,,,,,70.0,76.0,16000.0,,,,5.0,8/5/2001,1/12/2001,WC,,bsee_war,True,RBF 155,drilling_rig,,,jackup,jackup_70m,5.5,generic,,,,,,,,,
RBF 75,jack_up,,,,,,,,62.0,70.0,76.0,16000.0,,,,9.0,9/8/2002,1/12/2002,EI,,bsee_war,True,RBF 75,drilling_rig,,,jackup,jackup_70m,5.5,generic,,,,,,,,,
RBF 150,jack_up,,,,,,,,38.0,70.0,76.0,16000.0,,,,17.0,9/28/2003,1/12/2004,PL,,bsee_war,True,RBF 150,drilling_rig,,,jackup,jackup_70m,5.5,generic,,,,,,,,,
RBF 152,jack_up,,,,,,,,102.0,70.0,76.0,16000.0,,,,12.0,9/7/2003,1/13/2003,ST,,bsee_war,True,RBF 152,drilling_rig,,,jackup,jackup_70m,5.5,generic,,,,,,,,,
RBF 153,jack_up,,,,,,,,,70.0,76.0,16000.0,,,,7.0,7/22/2001,1/1/2001,WC,,bsee_war,True,RBF 153,drilling_rig,,,jackup,jackup_70m,5.5,generic,,,,,,,,,
RBF 156,jack_up,,,,,,,,140.0,70.0,76.0,16000.0,,,,10.0,9/4/2003,1/13/2003,VR,,bsee_war,True,RBF 156,drilling_rig,,,jackup,jackup_70m,5.5,generic,,,,,,,,,
RBF 191,jack_up,,,,,,,,,70.0,76.0,16000.0,,,,2.0,5/6/2001,3/12/2001,EC,,bsee_war,True,RBF 191,drilling_rig,,,jackup,jackup_70m,5.5,generic,,,,,,,,,
RBF 200,jack_up,,,,,,,,170.0,70.0,76.0,16000.0,,,,16.0,9/9/2001,1/25/2004,MP,,bsee_war,True,RBF 200,drilling_rig,,,jackup,jackup_70m,5.5,generic,,,,,,,,,
RBF 201,jack_up,,,,,,,,145.0,70.0,76.0,16000.0,,,,12.0,7/3/2004,1/1/2001,PN,,bsee_war,True,RBF 201,drilling_rig,,,jackup,jackup_70m,5.5,generic,,,,,,,,,
RBF 202,jack_up,,,,,,,,145.0,70.0,76.0,16000.0,,,,12.0,9/8/2002,1/1/2003,WD,,bsee_war,True,RBF 202,drilling_rig,,,jackup,jackup_70m,5.5,generic,,,,,,,,,
RBF-203,jack_up,,,,,,,,46.0,70.0,76.0,16000.0,,,,1.0,9/28/2003,10/7/2003,SS,,bsee_war,True,RBF-203,drilling_rig,,,jackup,jackup_70m,5.5,generic,,,,,,,,,
RBF 204,jack_up,,,,,,,,154.0,70.0,76.0,16000.0,,,,9.0,8/4/2002,1/1/2001,HI,,bsee_war,True,RBF 204,drilling_rig,,,jackup,jackup_70m,5.5,generic,,,,,,,,,
RBF 205,jack_up,,,,,,,,151.0,70.0,76.0,16000.0,,,,23.0,9/8/2002,1/12/2002,VR,,bsee_war,True,RBF 205,drilling_rig,,,jackup,jackup_70m,5.5,generic,,,,,,,,,
RBF 206,jack_up,,,,,,,,63.0,70.0,76.0,16000.0,,,,10.0,9/3/2002,1/13/2003,VR,,bsee_war,True,RBF 206,drilling_rig,,,jackup,jackup_70m,5.5,generic,,,,,,,,,
RBF 207,jack_up,,,,,,,,90.0,70.0,76.0,16000.0,,,,10.0,9/7/2003,1/12/2004,EC,,bsee_war,True,RBF 207,drilling_rig,,,jackup,jackup_70m,5.5,generic,,,,,,,,,
RBF 250,jack_up,,,,,,,,240.0,70.0,76.0,16000.0,,,,17.0,9/9/2001,1/1/2001,WC,,bsee_war,True,RBF 250,drilling_rig,,,jackup,jackup_70m,5.5,generic,,,,,,,,,
RBF 251,jack_up,,,,,,,,240.0,70.0,76.0,16000.0,,,,19.0,9/7/2003,1/18/2004,MP,,bsee_war,True,RBF 251,drilling_rig,,,jackup,jackup_70m,5.5,generic,,,,,,,,,
RBF 252,jack_up,,,,,,,,,70.0,76.0,16000.0,,,,1.0,4/4/2001,2/12/2001,GI,,bsee_war,True,RBF 252,drilling_rig,,,jackup,jackup_70m,5.5,generic,,,,,,,,,
RBF 253,jack_up,,,,,,,,225.0,70.0,76.0,16000.0,,,,17.0,9/6/2002,1/22/2001,WC,,bsee_war,True,RBF 253,drilling_rig,,,jackup,jackup_70m,5.5,generic,,,,,,,,,
RBF 254,jack_up,,,,,,,,,70.0,76.0,16000.0,,,,4.0,8/5/2001,1/1/2001,MI,,bsee_war,True,RBF 254,drilling_rig,,,jackup,jackup_70m,5.5,generic,,,,,,,,,
RBF MCCLINTOCK,jack_up,,,,,,,,,70.0,76.0,16000.0,,,,1.0,4/9/2001,3/10/2001,EC,,bsee_war,True,RBF MCCLINTOCK,drilling_rig,,,jackup,jackup_70m,5.5,generic,,,,,,,,,
RBFF 75,jack_up,,,,,,,,,70.0,76.0,16000.0,,,,1.0,7/27/2001,7/21/2001,WC,,bsee_war,True,RBFF 75,drilling_rig,,,jackup,jackup_70m,5.5,generic,,,,,,,,,
RBR 152,jack_up,,,,,,,,103.0,70.0,76.0,16000.0,,,,1.0,2/22/2004,10/27/2003,VR,,bsee_war,True,RBR 152,drilling_rig,,,jackup,jackup_70m,5.5,generic,,,,,,,,,
RBR 207,jack_up,,,,,,,,56.0,70.0,76.0,16000.0,,,,1.0,12/7/2003,12/1/2003,MP,,bsee_war,True,RBR 207,drilling_rig,,,jackup,jackup_70m,5.5,generic,,,,,,,,,
REB 250,jack_up,,,,,,,,,70.0,76.0,16000.0,,,,1.0,10/19/2003,10/13/2003,EI,,bsee_war,True,REB 250,drilling_rig,,,jackup,jackup_70m,5.5,generic,,,,,,,,,
REEPORT RIG 1,jack_up,,,,,,,,,70.0,76.0,16000.0,,,,1.0,1/31/2001,1/13/2000,MP,,bsee_war,True,REEPORT RIG 1,drilling_rig,,,jackup,jackup_70m,5.5,generic,,,,,,,,,
REMINGTON OIL & GAS CORP,unknown,,,,,,,,,,,,,,,1.0,5/5/2002,4/1/2002,EI,,bsee_war,True,REMINGTON OIL & GAS CORP,drilling_rig,,,,,,,,,,,,,,,
RENE DANOS,lift_boat,,,,,,,,,70.0,76.0,16000.0,,,,2.0,7/9/1999,6/28/1999,ST,,bsee_war,True,RENE DANOS,drilling_rig,,,jackup,jackup_70m,5.5,generic,,,,,,,,,
RIAN RICHE,jack_up,,,,,,,,,70.0,76.0,16000.0,,,,1.0,9/10/2001,9/4/2001,HI,,bsee_war,True,RIAN RICHE,drilling_rig,,,jackup,jackup_70m,5.5,generic,,,,,,,,,
RICHARDSON,jack_up,,,,,,,,,70.0,76.0,16000.0,,,,1.0,12/4/1999,11/22/1999,VK,,bsee_war,True,RICHARDSON,drilling_rig,,,jackup,jackup_70m,5.5,generic,,,,,,,,,
RICHMOND,jack_up,,,,,,,,43.0,70.0,76.0,16000.0,,,,2.0,8/4/2002,1/10/2004,WC,,bsee_war,True,RICHMOND,drilling_rig,,,jackup,jackup_70m,5.5,generic,,,,,,,,,
RICHMOND #8,jack_up,,,,,,,,,70.0,76.0,16000.0,,,,2.0,9/30/2002,10/7/2002,EI,,bsee_war,True,RICHMOND #8,drilling_rig,,,jackup,jackup_70m,5.5,generic,,,,,,,,,
RICHMOND RIG 8,jack_up,,,,,,,,,70.0,76.0,16000.0,,,,2.0,9/8/2002,8/19/2002,EI,,bsee_war,True,RICHMOND RIG 8,drilling_rig,,,jackup,jackup_70m,5.5,generic,,,,,,,,,
RIG PRIDE 650,jack_up,,,,,,,,,70.0,76.0,16000.0,,,,1.0,10/9/2000,10/10/2000,HI,,bsee_war,True,RIG PRIDE 650,drilling_rig,,,jackup,jackup_70m,5.5,generic,,,,,,,,,
RIGLESS,unknown,,,,,,,,442.0,,,,,,,13.0,9/4/2004,1/20/2004,WC,,bsee_war,True,RIGLESS,drilling_rig,,,,,,,,,,,,,,,
RIGLESS CRANE,unknown,,,,,,,,375.0,,,,,,,1.0,7/3/2004,6/27/2004,SS,,bsee_war,True,RIGLESS CRANE,drilling_rig,,,,,,,,,,,,,,,
RIGLESS - ELECTRIC LIE,wireline_unit,,,,,,,,91.0,,,,,,,1.0,4/8/2006,4/2/2006,SM,,bsee_war,True,RIGLESS - ELECTRIC LIE,drilling_rig,,,,,,,,,,,,,,,
RIGLESS P&A UNIT,unknown,,,,,,,,281.0,,,,,,,17.0,9/27/2003,10/5/2003,VR,,bsee_war,True,RIGLESS P&A UNIT,drilling_rig,,,,,,,,,,,,,,,
RIGLESS P&A,unknown,,,,,,,,,,,,,,,2.0,4/3/2000,3/28/2000,MP,,bsee_war,True,RIGLESS P&A,drilling_rig,,,,,,,,,,,,,,,
RIGLESS PA UNIT,unknown,,,,,,,,160.0,,,,,,,31.0,5/9/2003,2/15/2003,SP,,bsee_war,True,RIGLESS PA UNIT,drilling_rig,,,,,,,,,,,,,,,
ROGER FOWLER,jack_up,,,,,,,,,70.0,76.0,16000.0,,,,1.0,10/30/2000,10/10/2000,GA,,bsee_war,True,ROGER FOWLER,drilling_rig,,,jackup,jackup_70m,5.5,generic,,,,,,,,,
ROWAAN FORT WORTH,jack_up,,,,,,,,,70.0,76.0,16000.0,,,,1.0,3/4/2001,1/22/2001,WC,,bsee_war,True,ROWAAN FORT WORTH,drilling_rig,,,jackup,jackup_70m,5.5,generic,,,,,,,,,
ROWAM BOB PALMER,jack_up,,,,,,,,374.0,70.0,76.0,16000.0,,,,1.0,8/7/2004,7/18/2004,EC,,bsee_war,True,ROWAM BOB PALMER,drilling_rig,,,jackup,jackup_70m,5.5,generic,,,,,,,,,
ROWAM ODESSA,jack_up,,,,,,,,80.0,70.0,76.0,16000.0,,,,1.0,3/20/2004,2/16/2004,VR,,bsee_war,True,ROWAM ODESSA,drilling_rig,,,jackup,jackup_70m,5.5,generic,,,,,,,,,
ROWAN GORILLA III,jack_up,,,,,,,,316.0,70.0,76.0,16000.0,,,,43.0,9/6/2008 11:59:00 PM,1/1/2006 12:01:00 AM,ST,,bsee_war,True,ROWAN GORILLA III,drilling_rig,,,jackup,jackup_70m,5.5,generic,,,,,,,,,
ROWAN MIDLAND,jack_up,,,,,,,,1144.0,70.0,76.0,16000.0,,,,49.0,9/8/2002,1/10/2000,HI,,bsee_war,True,ROWAN MIDLAND,drilling_rig,,,jackup,jackup_70m,5.5,generic,,,,,,,,,
ROWAN-ALASKA,jack_up,,,,,,,,,70.0,76.0,16000.0,,,,1.0,5/6/2001,3/25/2001,SS,,bsee_war,True,ROWAN-ALASKA,drilling_rig,,,jackup,jackup_70m,5.5,generic,,,,,,,,,
ROWAN ANCHORAGE,jack_up,,,,,,,,177.0,70.0,76.0,16000.0,,,,78.0,9/9/2006 11:59:00 PM,1/1/2006 12:01:00 AM,EC,,bsee_war,True,ROWAN ANCHORAGE,drilling_rig,,,jackup,jackup_70m,5.5,generic,,,,,,,,,
ROWAN ANCHORAGE -  JU,jack_up,,,,,,,,,70.0,76.0,16000.0,,,,1.0,3/3/2003,1/14/2003,SS,,bsee_war,True,ROWAN ANCHORAGE -  JU,drilling_rig,,,jackup,jackup_70m,5.5,generic,,,,,,,,,
ROWAN ANCHORANCE,jack_up,,,,,,,,,70.0,76.0,16000.0,,,,1.0,7/8/2002,10/16/2001,EI,,bsee_war,True,ROWAN ANCHORANCE,drilling_rig,,,jackup,jackup_70m,5.5,generic,,,,,,,,,
ROWAN ARCH 37,jack_up,,,,,,,,227.0,70.0,76.0,16000.0,,,,4.0,5/8/2004,3/14/2004,SM,,bsee_war,True,ROWAN ARCH 37,drilling_rig,,,jackup,jackup_70m,5.5,generic,,,,,,,,,
ROWAN ARCH ROWAN,jack_up,,,,,,,,240.0,70.0,76.0,16000.0,,,,10.0,9/3/2005 11:59:00 PM,1/16/2005,EI,,bsee_war,True,ROWAN ARCH ROWAN,drilling_rig,,,jackup,jackup_70m,5.5,generic,,,,,,,,,
ROWAN BOB KELLER,jack_up,,,,,,,,,70.0,76.0,16000.0,,,,12.0,9/9/2006 11:59:00 PM,1/1/2006 12:01:00 AM,SX,,bsee_war,True,ROWAN BOB KELLER,drilling_rig,,,jackup,jackup_70m,5.5,generic,,,,,,,,,
ROWAN BOB PALMER,jack_up,,,,,,,,295.0,70.0,76.0,16000.0,,,,2.0,7/3/2004,5/30/2004,WD,,bsee_war,True,ROWAN BOB PALMER,drilling_rig,,,jackup,jackup_70m,5.5,generic,,,,,,,,,
ROWAN BOB PALMER (GORILLA RIG),jack_up,,,,,,,,234.0,70.0,76.0,16000.0,,,,23.0,9/9/2006 11:59:00 PM,1/1/2006 12:01:00 AM,PN,,bsee_war,True,ROWAN BOB PALMER (GORILLA RIG),drilling_rig,,,jackup,jackup_70m,5.5,generic,,,,,,,,,
ROWAN CAALIFORNIA,jack_up,,,,,,,,,70.0,76.0,16000.0,,,,1.0,11/6/2000,10/24/2000,EC,,bsee_war,True,ROWAN CAALIFORNIA,drilling_rig,,,jackup,jackup_70m,5.5,generic,,,,,,,,,
ROWAN CALIFORNA,jack_up,,,,,,,,60.0,70.0,76.0,16000.0,,,,1.0,3/8/2004,2/17/2004,ST,,bsee_war,True,ROWAN CALIFORNA,drilling_rig,,,jackup,jackup_70m,5.5,generic,,,,,,,,,
ROWAN CALIFORNAI,jack_up,,,,,,,,189.0,70.0,76.0,16000.0,,,,1.0,11/20/2004,11/14/2004,SM,,bsee_war,True,ROWAN CALIFORNAI,drilling_rig,,,jackup,jackup_70m,5.5,generic,,,,,,,,,
ROWAN CALIFORNIA,jack_up,,,,,,,,189.0,70.0,76.0,16000.0,,,,57.0,9/4/2004,1/1/2005,WC,,bsee_war,True,ROWAN CALIFORNIA,drilling_rig,,,jackup,jackup_70m,5.5,generic,,,,,,,,,
ROWAN CALIFORNIA/SLICKLINE/ELE,wireline_unit,,,,,,,,104.0,,,,,,,1.0,12/8/2003,12/2/2003,ST,,bsee_war,True,ROWAN CALIFORNIA/SLICKLINE/ELE,drilling_rig,,,,,,,,,,,,,,,
ROWAN CECIL PROVINE,jack_up,,,,,,,,234.0,70.0,76.0,16000.0,,,,138.0,9/8/2007 11:59:00 PM,1/1/2006 12:01:00 AM,SM,,bsee_war,True,ROWAN CECIL PROVINE,drilling_rig,,,jackup,jackup_70m,5.5,generic,,,,,,,,,
ROWAN CHARLES,jack_up,,,,,,,,147.0,70.0,76.0,16000.0,,,,1.0,3/5/2005,2/20/2005,MP,,bsee_war,True,ROWAN CHARLES,drilling_rig,,,jackup,jackup_70m,5.5,generic,,,,,,,,,
ROWAN CHARLES ROWAN,jack_up,,,,,,,,63.0,70.0,76.0,16000.0,,,,8.0,9/8/2003,1/16/2005,SS,,bsee_war,True,ROWAN CHARLES ROWAN,drilling_rig,,,jackup,jackup_70m,5.5,generic,,,,,,,,,
ROWAN DRILLING ODESSA,jack_up,,,,,,,,,70.0,76.0,16000.0,,,,1.0,12/31/1997,1/1/1998,SS,,bsee_war,True,ROWAN DRILLING ODESSA,drilling_rig,,,jackup,jackup_70m,5.5,generic,,,,,,,,,
ROWAN EXL I,jack_up,,,,,,,,,70.0,76.0,16000.0,,,,4.0,9/4/2010 11:59:00 PM,1/1/2012 12:01:00 AM,EI,,bsee_war,True,ROWAN EXL I,drilling_rig,,,jackup,jackup_70m,5.5,generic,,,,,,,,,
ROWAN EXL III,jack_up,,,,,,,,,70.0,76.0,16000.0,,,,58.0,9/9/2017 11:59:00 PM,1/1/2012 12:01:00 AM,SM,,bsee_war,True,ROWAN EXL III,drilling_rig,,,jackup,jackup_70m,5.5,generic,,,,,,,,,
ROWAN EXL IV,jack_up,,,,,,,,,70.0,76.0,16000.0,,,,5.0,12/31/2011 11:59:00 PM,1/1/2012 12:01:00 AM,MP,,bsee_war,True,ROWAN EXL IV,drilling_rig,,,jackup,jackup_70m,5.5,generic,,,,,,,,,
ROWAN FORT WORTH,jack_up,,,,,,,,232.0,70.0,76.0,16000.0,,,,22.0,9/7/2000,1/11/2000,EC,,bsee_war,True,ROWAN FORT WORTH,drilling_rig,,,jackup,jackup_70m,5.5,generic,,,,,,,,,
ROWAN FORTH WORTH,jack_up,,,,,,,,225.0,70.0,76.0,16000.0,,,,1.0,7/3/2004,6/12/2005,SM,,bsee_war,True,ROWAN FORTH WORTH,drilling_rig,,,jackup,jackup_70m,5.5,generic,,,,,,,,,
ROWAN-FT WORTH,jack_up,,,,,,,,,70.0,76.0,16000.0,,,,1.0,2/2/1998,1/13/1998,EC,,bsee_war,True,ROWAN-FT WORTH,drilling_rig,,,jackup,jackup_70m,5.5,generic,,,,,,,,,
ROWAN GILBERT ROWE,jack_up,,,,,,,,277.0,70.0,76.0,16000.0,,,,15.0,9/24/2005 11:59:00 PM,1/1/2006 12:01:00 AM,MP,,bsee_war,True,ROWAN GILBERT ROWE,drilling_rig,,,jackup,jackup_70m,5.5,generic,,,,,,,,,
ROWAN GILBERT ROWEQ48,jack_up,,,,,,,,48.0,70.0,76.0,16000.0,,,,1.0,5/8/2004,5/2/2004,MP,,bsee_war,True,ROWAN GILBERT ROWEQ48,drilling_rig,,,jackup,jackup_70m,5.5,generic,,,,,,,,,
ROWAN GORILLA,jack_up,,,,,,,,,70.0,76.0,16000.0,,,,1.0,1/6/2003,1/5/2003,GI,,bsee_war,True,ROWAN GORILLA,drilling_rig,,,jackup,jackup_70m,5.5,generic,,,,,,,,,
ROWAN GORILLA 2,jack_up,,,,,,,,,70.0,76.0,16000.0,,,,1.0,12/18/2000,12/12/2000,ST,,bsee_war,True,ROWAN GORILLA 2,drilling_rig,,,jackup,jackup_70m,5.5,generic,,,,,,,,,
ROWAN GORILLA II,jack_up,,,,,,,,414.0,70.0,76.0,16000.0,,,,80.0,9/9/2006 11:59:00 PM,1/1/2006,HI,,bsee_war,True,ROWAN GORILLA II,drilling_rig,,,jackup,jackup_70m,5.5,generic,,,,,,,,,
ROWAN GORILLA IV,jack_up,,,,,,,,402.0,70.0,76.0,16000.0,,,,91.0,9/9/2017 11:59:00 PM,1/1/2017 12:01:00 AM,SM,,bsee_war,True,ROWAN GORILLA IV,drilling_rig,,,jackup,jackup_70m,5.5,generic,,,,,,,,,
ROWAN GORILLA VI,jack_up,,,,,,,,400.0,70.0,76.0,16000.0,,,,37.0,9/9/2002,1/12/2004,GI,,bsee_war,True,ROWAN GORILLA VI,drilling_rig,,,jackup,jackup_70m,5.5,generic,,,,,,,,,
ROWAN GORILLAII,jack_up,,,,,,,,,70.0,76.0,16000.0,,,,1.0,12/5/2000,10/17/2000,ST,,bsee_war,True,ROWAN GORILLAII,drilling_rig,,,jackup,jackup_70m,5.5,generic,,,,,,,,,
ROWAN GORRILA III,jack_up,,,,,,,,47.0,70.0,76.0,16000.0,,,,3.0,8/7/2004,5/16/2004,WC,,bsee_war,True,ROWAN GORRILA III,drilling_rig,,,jackup,jackup_70m,5.5,generic,,,,,,,,,
ROWAN GORRILLA 111,jack_up,,,,,,,,128.0,70.0,76.0,16000.0,,,,1.0,9/7/2003,6/30/2003,SS,,bsee_war,True,ROWAN GORRILLA 111,drilling_rig,,,jackup,jackup_70m,5.5,generic,,,,,,,,,
ROWAN GORRILLA II,jack_up,,,,,,,,,70.0,76.0,16000.0,,,,1.0,5/7/2001,3/20/2001,MP,,bsee_war,True,ROWAN GORRILLA II,drilling_rig,,,jackup,jackup_70m,5.5,generic,,,,,,,,,
ROWAN GORRILLA VI,jack_up,,,,,,,,,70.0,76.0,16000.0,,,,1.0,4/8/2002,1/29/2002,SS,,bsee_war,True,ROWAN GORRILLA VI,drilling_rig,,,jackup,jackup_70m,5.5,generic,,,,,,,,,
ROWAN HALFIAX,jack_up,,,,,,,,42.0,70.0,76.0,16000.0,,,,1.0,10/9/2004,10/3/2004,EC,,bsee_war,True,ROWAN HALFIAX,drilling_rig,,,jackup,jackup_70m,5.5,generic,,,,,,,,,
ROWAN HALIFAX,jack_up,,,,,,,,308.0,70.0,76.0,16000.0,,,,64.0,9/8/2003,1/11/2004,WC,,bsee_war,True,ROWAN HALIFAX,drilling_rig,,,jackup,jackup_70m,5.5,generic,,,,,,,,,
ROWAN HANK BOSWELL,jack_up,,,,,,,,,70.0,76.0,16000.0,,,,1.0,12/9/2006 11:59:00 PM,11/19/2006,VR,,bsee_war,True,ROWAN HANK BOSWELL,drilling_rig,,,jackup,jackup_70m,5.5,generic,,,,,,,,,
ROWAN HOUSTON,jack_up,,,,,,,,,70.0,76.0,16000.0,,,,33.0,9/9/2002,1/14/2002,HI,,bsee_war,True,ROWAN HOUSTON,drilling_rig,,,jackup,jackup_70m,5.5,generic,,,,,,,,,
ROWAN JOE DOUGLAS,jack_up,,,,,,,,,70.0,76.0,16000.0,,,,16.0,9/8/2012 11:59:00 PM,1/11/2015 12:01:00 AM,HI,,bsee_war,True,ROWAN JOE DOUGLAS,drilling_rig,,,jackup,jackup_70m,5.5,generic,,,,,,,,,
ROWAN JP BUSSELL,jack_up,,,,,,,,,70.0,76.0,16000.0,,,,5.0,8/8/2009 11:59:00 PM,1/11/2009 12:01:00 AM,SS,,bsee_war,True,ROWAN JP BUSSELL,drilling_rig,,,jackup,jackup_70m,5.5,generic,,,,,,,,,
ROWAN JUNEAU,jack_up,,,,,,,,185.0,70.0,76.0,16000.0,,,,62.0,9/9/2006 11:59:00 PM,1/1/2006 12:01:00 AM,VR,,bsee_war,True,ROWAN JUNEAU,drilling_rig,,,jackup,jackup_70m,5.5,generic,,,,,,,,,
ROWAN LOUISIANA,jack_up,,,,,,,,305.0,70.0,76.0,16000.0,,,,115.0,9/8/2012 11:59:00 PM,1/1/2001,HI,,bsee_war,True,ROWAN LOUISIANA,drilling_rig,,,jackup,jackup_70m,5.5,generic,,,,,,,,,
ROWAN LOUISIANA/ WIRELINE UNIT,wireline_unit,,,,,,,,38.0,,,,,,,1.0,8/7/2004,7/11/2004,WC,,bsee_war,True,ROWAN LOUISIANA/ WIRELINE UNIT,drilling_rig,,,,,,,,,,,,,,,
ROWAN LOUISIANNA,jack_up,,,,,,,,,70.0,76.0,16000.0,,,,1.0,6/9/2002,5/20/2002,HI,,bsee_war,True,ROWAN LOUISIANNA,drilling_rig,,,jackup,jackup_70m,5.5,generic,,,,,,,,,
ROWAN LOUISINA,jack_up,,,,,,,,40.0,70.0,76.0,16000.0,,,,1.0,3/6/2004,2/10/2004,SM,,bsee_war,True,ROWAN LOUISINA,drilling_rig,,,jackup,jackup_70m,5.5,generic,,,,,,,,,
ROWAN LOUSIANA,jack_up,,,,,,,,,70.0,76.0,16000.0,,,,1.0,8/18/1998,10/20/1998,HI,,bsee_war,True,ROWAN LOUSIANA,drilling_rig,,,jackup,jackup_70m,5.5,generic,,,,,,,,,
ROWAN MIDDLEOWN,jack_up,,,,,,,,,70.0,76.0,16000.0,,,,1.0,3/17/2003,3/15/2003,SM,,bsee_war,True,ROWAN MIDDLEOWN,drilling_rig,,,jackup,jackup_70m,5.5,generic,,,,,,,,,
ROWAN MIDDLETON,jack_up,,,,,,,,270.0,70.0,76.0,16000.0,,,,20.0,9/6/2000,1/14/2001,EI,,bsee_war,True,ROWAN MIDDLETON,drilling_rig,,,jackup,jackup_70m,5.5,generic,,,,,,,,,
ROWAN MIDDLETOW,jack_up,,,,,,,,,70.0,76.0,16000.0,,,,2.0,2/9/1998,1/12/1998,EI,,bsee_war,True,ROWAN MIDDLETOW,drilling_rig,,,jackup,jackup_70m,5.5,generic,,,,,,,,,
ROWAN MIDDLETOWN,jack_up,,,,,,,,275.0,70.0,76.0,16000.0,,,,40.0,9/8/2003,1/12/2004,MP,,bsee_war,True,ROWAN MIDDLETOWN,drilling_rig,,,jackup,jackup_70m,5.5,generic,,,,,,,,,
ROWAN MIDDLETOWN/CTU,coil_tubing_unit,,,,,,,,32.0,,,,,,,1.0,8/3/2003,7/14/2003,WC,,bsee_war,True,ROWAN MIDDLETOWN/CTU,drilling_rig,,,,,,,,,,,,,,,
ROWAN MIDLAN,jack_up,,,,,,,,,70.0,76.0,16000.0,,,,1.0,12/4/2000,1/23/2001,HI,,bsee_war,True,ROWAN MIDLAN,drilling_rig,,,jackup,jackup_70m,5.5,generic,,,,,,,,,
ROWAN MIDLAND(SS),jack_up,,,,,,,,523.0,70.0,76.0,16000.0,,,,1.0,6/4/2005,5/15/2005,EW,,bsee_war,True,ROWAN MIDLAND(SS),drilling_rig,,,jackup,jackup_70m,5.5,generic,,,,,,,,,
ROWAN MIDLETON,jack_up,,,,,,,,,70.0,76.0,16000.0,,,,1.0,11/3/1997,10/26/1997,EI,,bsee_war,True,ROWAN MIDLETON,drilling_rig,,,jackup,jackup_70m,5.5,generic,,,,,,,,,
ROWAN MISSISSIPPI,jack_up,,,,,,,,,70.0,76.0,16000.0,,,,5.0,9/5/2009 11:59:00 PM,1/10/2010 12:01:00 AM,SM,,bsee_war,True,ROWAN MISSISSIPPI,drilling_rig,,,jackup,jackup_70m,5.5,generic,,,,,,,,,
"ROWAN NEW ORLEANS,",jack_up,,,,,,,,208.0,70.0,76.0,16000.0,,,,1.0,6/22/2003,4/28/2003,EC,,bsee_war,True,"ROWAN NEW ORLEANS,",drilling_rig,,,jackup,jackup_70m,5.5,generic,,,,,,,,,
ROWAN NEW ORLEANS/SL/E-LINE,wireline_unit,,,,,,,,32.0,,,,,,,1.0,1/29/2005,1/16/2005,WC,,bsee_war,True,ROWAN NEW ORLEANS/SL/E-LINE,drilling_rig,,,,,,,,,,,,,,,
ROWAN ODESSA\,jack_up,,,,,,,,,70.0,76.0,16000.0,,,,1.0,1/8/2001,1/16/2001,SS,,bsee_war,True,ROWAN ODESSA\,drilling_rig,,,jackup,jackup_70m,5.5,generic,,,,,,,,,
ROWAN ODESSA JU,jack_up,,,,,,,,308.0,70.0,76.0,16000.0,,,,1.0,8/4/2003,7/15/2003,SS,,bsee_war,True,ROWAN ODESSA JU,drilling_rig,,,jackup,jackup_70m,5.5,generic,,,,,,,,,
ROWAN ODESSA/CTU,coil_tubing_unit,,,,,,,,81.0,,,,,,,1.0,9/3/2005,7/31/2005,SM,,bsee_war,True,ROWAN ODESSA/CTU,drilling_rig,,,,,,,,,,,,,,,
ROWAN ODESSAROWAN GORILLA IV,jack_up,,,,,,,,,70.0,76.0,16000.0,,,,1.0,4/11/2003,4/8/2003,EI,,bsee_war,True,ROWAN ODESSAROWAN GORILLA IV,drilling_rig,,,jackup,jackup_70m,5.5,generic,,,,,,,,,
ROWAN PARIS,jack_up,,,,,,,,276.0,70.0,76.0,16000.0,,,,87.0,9/9/2005 11:59:00 PM,1/1/2001,HI,,bsee_war,True,ROWAN PARIS,drilling_rig,,,jackup,jackup_70m,5.5,generic,,,,,,,,,
ROWAN PRICE,jack_up,,,,,,,,,70.0,76.0,16000.0,,,,2.0,6/3/2000,4/30/2000,WC,,bsee_war,True,ROWAN PRICE,drilling_rig,,,jackup,jackup_70m,5.5,generic,,,,,,,,,
ROWAN RALPH COFFMAN,jack_up,,,,,,,,,70.0,76.0,16000.0,,,,13.0,9/8/2018 11:59:00 PM,1/1/2012 12:01:00 AM,SS,,bsee_war,True,ROWAN RALPH COFFMAN,drilling_rig,,,jackup,jackup_70m,5.5,generic,,,,,,,,,
ROWAN RELENTLESS,jack_up,,,,,,,,,70.0,76.0,16000.0,,,,9.0,9/8/2015 11:59:00 PM,1/13/2019,KC,,bsee_war,True,ROWAN RELENTLESS,drilling_rig,,,jackup,jackup_70m,5.5,generic,,,,,,,,,
ROWAN RELIANCE,jack_up,,,,,,,,,70.0,76.0,16000.0,,,,12.0,9/5/2015 11:59:00 PM,1/1/2017 12:01:00 AM,GB,,bsee_war,True,ROWAN RELIANCE,drilling_rig,,,jackup,jackup_70m,5.5,generic,,,,,,,,,
ROWAN RENAISSANCE,jack_up,,,,,,,,,70.0,76.0,16000.0,,,,5.0,9/5/2015 11:59:00 PM,1/10/2016 12:01:00 AM,KC,,bsee_war,True,ROWAN RENAISSANCE,drilling_rig,,,jackup,jackup_70m,5.5,generic,,,,,,,,,
ROWAN RESOLUTE,jack_up,,,,,,,,,70.0,76.0,16000.0,,,,30.0,9/9/2017,1/1/2017 12:01:00 AM,GC,,bsee_war,True,ROWAN RESOLUTE,drilling_rig,,,jackup,jackup_70m,5.5,generic,,,,,,,,,
ROWAN ROWAN,jack_up,,,,,,,,42.0,70.0,76.0,16000.0,,,,1.0,9/18/2004,9/12/2004,EC,,bsee_war,True,ROWAN ROWAN,drilling_rig,,,jackup,jackup_70m,5.5,generic,,,,,,,,,
ROWAN SCOOTER YEARGAIN,jack_up,,,,,,,,77.0,70.0,76.0,16000.0,,,,13.0,9/9/2006 11:59:00 PM,1/1/2006 12:01:00 AM,EI,,bsee_war,True,ROWAN SCOOTER YEARGAIN,drilling_rig,,,jackup,jackup_70m,5.5,generic,,,,,,,,,
ROWAN TEXAS,jack_up,,,,,,,,130.0,70.0,76.0,16000.0,,,,63.0,9/9/2001,1/1/1998,HI,,bsee_war,True,ROWAN TEXAS,drilling_rig,,,jackup,jackup_70m,5.5,generic,,,,,,,,,
ROWAN TEXASS,jack_up,,,,,,,,199.0,70.0,76.0,16000.0,,,,1.0,10/23/2004,10/10/2004,SM,,bsee_war,True,ROWAN TEXASS,drilling_rig,,,jackup,jackup_70m,5.5,generic,,,,,,,,,
ROWANTEXAS,jack_up,,,,,,,,199.0,70.0,76.0,16000.0,,,,1.0,11/6/2004,10/17/2004,SM,,bsee_war,True,ROWANTEXAS,drilling_rig,,,jackup,jackup_70m,5.5,generic,,,,,,,,,
ROWEN GORILLA IV,jack_up,,,,,,,,375.0,70.0,76.0,16000.0,,,,1.0,7/14/2003,7/12/2003,SS,,bsee_war,True,ROWEN GORILLA IV,drilling_rig,,,jackup,jackup_70m,5.5,generic,,,,,,,,,
ROWN ALASKA,jack_up,,,,,,,,216.0,70.0,76.0,16000.0,,,,1.0,9/24/2005,10/2/2005,SM,,bsee_war,True,ROWN ALASKA,drilling_rig,,,jackup,jackup_70m,5.5,generic,,,,,,,,,
ROWN ANCHORAGE,jack_up,,,,,,,,121.0,70.0,76.0,16000.0,,,,1.0,9/24/2001,10/31/2001,EI,,bsee_war,True,ROWN ANCHORAGE,drilling_rig,,,jackup,jackup_70m,5.5,generic,,,,,,,,,
ROWNA GORILLA VI,jack_up,,,,,,,,57.0,70.0,76.0,16000.0,,,,1.0,8/7/2004,7/31/2004,HI,,bsee_war,True,ROWNA GORILLA VI,drilling_rig,,,jackup,jackup_70m,5.5,generic,,,,,,,,,
S/L,wireline_unit,,,,,,,,81.0,,,,,,,11.0,7/24/2004,11/24/2003,EC,,bsee_war,True,S/L,drilling_rig,,,,,,,,,,,,,,,
S/L AND W/L,wireline_unit,,,,,,,,35.0,,,,,,,1.0,6/27/2004,4/11/2004,MP,,bsee_war,True,S/L AND W/L,drilling_rig,,,,,,,,,,,,,,,
S/L W/L COIL TUBING,wireline_unit,,,,,,,,39.0,,,,,,,1.0,4/3/2004,3/28/2004,MP,,bsee_war,True,S/L W/L COIL TUBING,drilling_rig,,,,,,,,,,,,,,,
SAIPEM SANTORINI,semi_submersible,,,,,,,,,104.0,78.0,45000.0,,,,9.0,9/3/2022 11:59:00 PM,1/1/2023 12:01:00 AM,MC,,bsee_war,True,SAIPEM SANTORINI,drilling_rig,,,semi_sub,semi_sub_100m,21.0,generic,,,,,,,,,
SAM NOBLE,jack_up,,,,,,,,,70.0,76.0,16000.0,,,,12.0,9/8/2002,1/12/2001,MU,,bsee_war,True,SAM NOBLE,drilling_rig,,,jackup,jackup_70m,5.5,generic,,,,,,,,,
SANTA FE HIGH ISLAND II,jack_up,,,,,,,,,70.0,76.0,16000.0,,,,1.0,9/20/2002,9/14/2002,EI,,bsee_war,True,SANTA FE HIGH ISLAND II,drilling_rig,,,jackup,jackup_70m,5.5,generic,,,,,,,,,
SANTA FE RIG 140,jack_up,,,,,,,,,70.0,76.0,16000.0,,,,1.0,3/8/1998,1/12/1998,GB,,bsee_war,True,SANTA FE RIG 140,drilling_rig,,,jackup,jackup_70m,5.5,generic,,,,,,,,,
SCHLUMBERGER COIL TUBING,coil_tubing_unit,,,,,,,,2590.0,,,,,,,2.0,2/1/2004,1/12/2004,GC,,bsee_war,True,SCHLUMBERGER COIL TUBING,drilling_rig,,,,,,,,,,,,,,,
SCHLUMBERGER WIRELINE,wireline_unit,,,,,,,,94.0,,,,,,,1.0,11/8/2003,1/13/2002,SS,,bsee_war,True,SCHLUMBERGER WIRELINE,drilling_rig,,,,,,,,,,,,,,,
SCOOTER YEARGAIN,lift_boat,,,,,,,,225.0,70.0,76.0,16000.0,,,,1.0,12/25/2004,1/16/2005,VR,,bsee_war,True,SCOOTER YEARGAIN,drilling_rig,,,jackup,jackup_70m,5.5,generic,,,,,,,,,
SD III,jack_up,,,,,,,,275.0,70.0,76.0,16000.0,,,,1.0,12/5/2003,11/15/2003,HI,,bsee_war,True,SD III,drilling_rig,,,jackup,jackup_70m,5.5,generic,,,,,,,,,
SD IV,jack_up,,,,,,,,150.0,70.0,76.0,16000.0,,,,1.0,12/5/2003,11/20/2003,GI,,bsee_war,True,SD IV,drilling_rig,,,jackup,jackup_70m,5.5,generic,,,,,,,,,
SEA BASS,lift_boat,,,,,,,,,70.0,76.0,16000.0,,,,1.0,5/30/2001,5/26/2001,WC,,bsee_war,True,SEA BASS,drilling_rig,,,jackup,jackup_70m,5.5,generic,,,,,,,,,
SEADRILL SEVAN LOUISIANA,drillship,,,,,,,,,228.0,42.0,96000.0,,,,67.0,9/9/2023 11:59:00 PM,1/1/2017,GC,,bsee_war,True,SEADRILL SEVAN LOUISIANA,drilling_rig,,,drillship,drillship_230m,12.0,generic,,,,,,,,,
SEADRILL WEST AURIGA,semi_submersible,,,,,,,,,104.0,78.0,45000.0,,,,40.0,9/9/2017 11:59:00 PM,1/1/2017 12:01:00 AM,GC,,bsee_war,True,SEADRILL WEST AURIGA,drilling_rig,,,semi_sub,semi_sub_100m,21.0,generic,,,,,,,,,
SEADRILL WEST CAPRICORN,semi_submersible,,,,,,,,,104.0,78.0,45000.0,,,,29.0,9/8/2018 11:59:00 PM,1/10/2016,MC,,bsee_war,True,SEADRILL WEST CAPRICORN,drilling_rig,,,semi_sub,semi_sub_100m,21.0,generic,,,,,,,,,
SEADRILL WEST NEPTUNE,drillship,,,,,,,,,228.0,42.0,96000.0,,,,87.0,9/9/2023 11:59:00 PM,1/1/2017 12:01:00 AM,KC,,bsee_war,True,SEADRILL WEST NEPTUNE,drilling_rig,,,drillship,drillship_230m,12.0,generic,,,,,,,,,
SEADRILL WEST SIRIUS,semi_submersible,,,,,,,,,104.0,78.0,45000.0,,,,17.0,9/8/2012 11:59:00 PM,1/1/2012 12:01:00 AM,GC,,bsee_war,True,SEADRILL WEST SIRIUS,drilling_rig,,,semi_sub,semi_sub_100m,21.0,generic,,,,,,,,,
Seadrill West Vela,semi_submersible,,,,,,,,,104.0,78.0,45000.0,,,,7.0,9/6/2025 11:59:00 PM,1/1/2026,GC,,bsee_war,True,Seadrill West Vela,drilling_rig,,,semi_sub,semi_sub_100m,21.0,generic,,,,,,,,,
SEAHAWK 2001,jack_up,,,,,,,,,70.0,76.0,16000.0,,,,7.0,9/4/2010 11:59:00 PM,10/10/2010 12:01:00 AM,HI,,bsee_war,True,SEAHAWK 2001,drilling_rig,,,jackup,jackup_70m,5.5,generic,,,,,,,,,
SEAHAWK 2004,jack_up,,,,,,,,,70.0,76.0,16000.0,,,,7.0,9/4/2010 11:59:00 PM,1/16/2011 12:01:00 AM,SS,,bsee_war,True,SEAHAWK 2004,drilling_rig,,,jackup,jackup_70m,5.5,generic,,,,,,,,,
SEAHAWK 2006,jack_up,,,,,,,,,70.0,76.0,16000.0,,,,1.0,7/18/2009 11:59:00 PM,7/17/2009,VR,,bsee_war,True,SEAHAWK 2006,drilling_rig,,,jackup,jackup_70m,5.5,generic,,,,,,,,,
SEAHAWK 2007,jack_up,,,,,,,,,70.0,76.0,16000.0,,,,21.0,9/4/2010 11:59:00 PM,1/10/2010 12:01:00 AM,EI,,bsee_war,True,SEAHAWK 2007,drilling_rig,,,jackup,jackup_70m,5.5,generic,,,,,,,,,
SEAHAWK 2500,jack_up,,,,,,,,,70.0,76.0,16000.0,,,,1.0,6/5/2010 11:59:00 PM,4/27/2010,SS,,bsee_war,True,SEAHAWK 2500,drilling_rig,,,jackup,jackup_70m,5.5,generic,,,,,,,,,
SEAHAWK 2504,jack_up,,,,,,,,,70.0,76.0,16000.0,,,,3.0,5/8/2010 11:59:00 PM,1/19/2010,EI,,bsee_war,True,SEAHAWK 2504,drilling_rig,,,jackup,jackup_70m,5.5,generic,,,,,,,,,
SEAHAWK 2600,jack_up,,,,,,,,,70.0,76.0,16000.0,,,,21.0,9/5/2009 11:59:00 PM,1/10/2010 12:01:00 AM,SM,,bsee_war,True,SEAHAWK 2600,drilling_rig,,,jackup,jackup_70m,5.5,generic,,,,,,,,,
SEAHAWK 2601,jack_up,,,,,,,,,70.0,76.0,16000.0,,,,24.0,9/5/2009 11:59:00 PM,1/10/2010 12:01:00 AM,VR,,bsee_war,True,SEAHAWK 2601,drilling_rig,,,jackup,jackup_70m,5.5,generic,,,,,,,,,
SEAHAWK 2602,jack_up,,,,,,,,,70.0,76.0,16000.0,,,,31.0,9/4/2010 11:59:00 PM,1/10/2010,ST,,bsee_war,True,SEAHAWK 2602,drilling_rig,,,jackup,jackup_70m,5.5,generic,,,,,,,,,
SEAHAWK 3000,jack_up,,,,,,,,,70.0,76.0,16000.0,,,,8.0,7/17/2010 11:59:00 PM,1/16/2011 12:01:00 AM,EC,,bsee_war,True,SEAHAWK 3000,drilling_rig,,,jackup,jackup_70m,5.5,generic,,,,,,,,,
SEDCO CAJUN EXPRESS,semi_submersible,,,,,,,,4017.0,104.0,78.0,45000.0,,,,1.0,7/17/2004,7/11/2004,GC,,bsee_war,True,SEDCO CAJUN EXPRESS,drilling_rig,,,semi_sub,semi_sub_100m,21.0,generic,,,,,,,,,
SEDCO OMEGA,semi_submersible,,,,,,,,,104.0,78.0,45000.0,,,,1.0,9/28/1998,11/10/1998,GB,,bsee_war,True,SEDCO OMEGA,drilling_rig,,,semi_sub,semi_sub_100m,21.0,generic,,,,,,,,,
SENECA RESOURCES,unknown,,,,,,,,,,,,,,,1.0,2/8/2002,1/12/2002,EI,,bsee_war,True,SENECA RESOURCES,drilling_rig,,,,,,,,,,,,,,,
SHOEMAKER,jack_up,,,,,,,,,70.0,76.0,16000.0,,,,8.0,9/4/1998,10/10/1998,HI,,bsee_war,True,SHOEMAKER,drilling_rig,,,jackup,jackup_70m,5.5,generic,,,,,,,,,
SIUPERIOR ENERGY SERVICES P&A,unknown,,,,,,,,51.0,,,,,,,1.0,3/6/2004,2/29/2004,WC,,bsee_war,True,SIUPERIOR ENERGY SERVICES P&A,drilling_rig,,,,,,,,,,,,,,,
SK-EL,wireline_unit,,,,,,,,18.0,,,,,,,1.0,5/29/2004,10/24/2004,EI,,bsee_war,True,SK-EL,drilling_rig,,,,,,,,,,,,,,,
SL/EL,wireline_unit,,,,,,,,373.0,,,,,,,19.0,9/4/2004,1/13/2004,WC,,bsee_war,True,SL/EL,drilling_rig,,,,,,,,,,,,,,,
SL - LIFT BOAT,wireline_unit,,,,,,,,45.0,,,,,,,1.0,6/13/2003,10/5/2003,HI,,bsee_war,True,SL - LIFT BOAT,drilling_rig,,,,,,,,,,,,,,,
SL / COIL TUBING,wireline_unit,,,,,,,,196.0,,,,,,,1.0,2/26/2005,2/20/2005,VR,,bsee_war,True,SL / COIL TUBING,drilling_rig,,,,,,,,,,,,,,,
SL AND CTU,wireline_unit,,,,,,,,156.0,,,,,,,1.0,7/24/2004,5/23/2004,HI,,bsee_war,True,SL AND CTU,drilling_rig,,,,,,,,,,,,,,,
SL AND WL,wireline_unit,,,,,,,,37.0,,,,,,,1.0,7/24/2004,4/18/2004,MP,,bsee_war,True,SL AND WL,drilling_rig,,,,,,,,,,,,,,,
SL UNIT,wireline_unit,,,,,,,,924.0,,,,,,,66.0,9/4/2004,1/16/2005,PN,,bsee_war,True,SL UNIT,drilling_rig,,,,,,,,,,,,,,,
SL/WL,wireline_unit,,,,,,,,40.0,,,,,,,1.0,5/8/2004,4/25/2004,MP,,bsee_war,True,SL/WL,drilling_rig,,,,,,,,,,,,,,,
SL/ WL/ COIL TUBING,wireline_unit,,,,,,,,41.0,,,,,,,1.0,5/8/2004,4/18/2004,MP,,bsee_war,True,SL/ WL/ COIL TUBING,drilling_rig,,,,,,,,,,,,,,,
SL/CT UNIT,wireline_unit,,,,,,,,151.0,,,,,,,7.0,9/25/2004,1/26/2004,MI,,bsee_war,True,SL/CT UNIT,drilling_rig,,,,,,,,,,,,,,,
SL/CTU,wireline_unit,,,,,,,,255.0,,,,,,,6.0,9/30/2001,1/12/2004,HI,,bsee_war,True,SL/CTU,drilling_rig,,,,,,,,,,,,,,,
SL/EL UNIT,wireline_unit,,,,,,,,164.0,,,,,,,3.0,5/8/2004,11/3/2005,HI,,bsee_war,True,SL/EL UNIT,drilling_rig,,,,,,,,,,,,,,,
SL/EL UNITS,wireline_unit,,,,,,,,49.0,,,,,,,1.0,3/25/2005,3/13/2005,HI,,bsee_war,True,SL/EL UNITS,drilling_rig,,,,,,,,,,,,,,,
SL/ELINE UNIT,wireline_unit,,,,,,,,231.0,,,,,,,1.0,3/8/2004,1/27/2004,HI,,bsee_war,True,SL/ELINE UNIT,drilling_rig,,,,,,,,,,,,,,,
SL/SNUBBING UNIT,wireline_unit,,,,,,,,302.0,,,,,,,1.0,8/7/2004,7/11/2004,MU,,bsee_war,True,SL/SNUBBING UNIT,drilling_rig,,,,,,,,,,,,,,,
SL/WL UNITS,wireline_unit,,,,,,,,274.0,,,,,,,1.0,7/6/2004,1/16/2005,HI,,bsee_war,True,SL/WL UNITS,drilling_rig,,,,,,,,,,,,,,,
SLICK LINE,wireline_unit,,,,,,,,58.0,,,,,,,1.0,7/22/2005,7/21/2005,ST,,bsee_war,True,SLICK LINE,drilling_rig,,,,,,,,,,,,,,,
SLICK LINE UNIT,wireline_unit,,,,,,,,67.0,,,,,,,1.0,5/1/2004,4/11/2004,ST,,bsee_war,True,SLICK LINE UNIT,drilling_rig,,,,,,,,,,,,,,,
SLICK LINE/ ELECTRIC LINE,wireline_unit,,,,,,,,50.0,,,,,,,1.0,4/23/2005,4/10/2005,WD,,bsee_war,True,SLICK LINE/ ELECTRIC LINE,drilling_rig,,,,,,,,,,,,,,,
SLICK-LINE & E-LINE,wireline_unit,,,,,,,,,,,,,,,1.0,6/19/2003,6/12/2003,EI,,bsee_war,True,SLICK-LINE & E-LINE,drilling_rig,,,,,,,,,,,,,,,
SLICKINE,wireline_unit,,,,,,,,92.0,,,,,,,1.0,7/30/2005,3/13/2005,WC,,bsee_war,True,SLICKINE,drilling_rig,,,,,,,,,,,,,,,
SLICKLINE,wireline_unit,,,,,,,,1001.0,,,,,,,191.0,9/7/2003,1/12/2004,HI,,bsee_war,True,SLICKLINE,drilling_rig,,,,,,,,,,,,,,,
SLICKLINE UNIT,wireline_unit,,,,,,,,760.0,,,,,,,97.0,9/8/2004,1/1/2006,HI,,bsee_war,True,SLICKLINE UNIT,drilling_rig,,,,,,,,,,,,,,,
SLICKLINE/E-LINE,wireline_unit,,,,,,,,60.0,,,,,,,10.0,8/3/2003,11/2/2003,WC,,bsee_war,True,SLICKLINE/E-LINE,drilling_rig,,,,,,,,,,,,,,,
SLICKLINE/CTU,wireline_unit,,,,,,,,237.0,,,,,,,2.0,5/4/2003,3/10/2003,WD,,bsee_war,True,SLICKLINE/CTU,drilling_rig,,,,,,,,,,,,,,,
SLICKLINE/ELECTRIC LINE,wireline_unit,,,,,,,,250.0,,,,,,,4.0,7/11/2003,1/16/2005,SP,,bsee_war,True,SLICKLINE/ELECTRIC LINE,drilling_rig,,,,,,,,,,,,,,,
SLICKLINE / ELECTRICLINE,wireline_unit,,,,,,,,44.0,,,,,,,1.0,11/27/2004,11/14/2004,VR,,bsee_war,True,SLICKLINE / ELECTRICLINE,drilling_rig,,,,,,,,,,,,,,,
SLICKLINE AND ELECTRIC LINE,wireline_unit,,,,,,,,40.0,,,,,,,1.0,2/21/2004,2/15/2004,MP,,bsee_war,True,SLICKLINE AND ELECTRIC LINE,drilling_rig,,,,,,,,,,,,,,,
SLICKLINE AND WIRELINE,wireline_unit,,,,,,,,40.0,,,,,,,3.0,6/19/2004,2/15/2004,MP,,bsee_war,True,SLICKLINE AND WIRELINE,drilling_rig,,,,,,,,,,,,,,,
SLICKLINE UNIT/ELECTRIC LINE U,wireline_unit,,,,,,,,55.0,,,,,,,2.0,7/8/2004,10/13/2003,HI,,bsee_war,True,SLICKLINE UNIT/ELECTRIC LINE U,drilling_rig,,,,,,,,,,,,,,,
SLICKLINE UNIT/WIRELINE UNIT,wireline_unit,,,,,,,,51.0,,,,,,,1.0,10/26/2003,10/20/2003,HI,,bsee_war,True,SLICKLINE UNIT/WIRELINE UNIT,drilling_rig,,,,,,,,,,,,,,,
SLICKLINE/WIRELINE/COIL TUBING,wireline_unit,,,,,,,,40.0,,,,,,,2.0,5/8/2004,2/29/2004,MP,,bsee_war,True,SLICKLINE/WIRELINE/COIL TUBING,drilling_rig,,,,,,,,,,,,,,,
SLICKLINE/ ELECTRRIC LINE,wireline_unit,,,,,,,,44.0,,,,,,,1.0,12/9/2004,11/14/2004,VR,,bsee_war,True,SLICKLINE/ ELECTRRIC LINE,drilling_rig,,,,,,,,,,,,,,,
SLICKLINE/COILED TUBING,wireline_unit,,,,,,,,137.0,,,,,,,2.0,8/25/2003,3/10/2003,SS,,bsee_war,True,SLICKLINE/COILED TUBING,drilling_rig,,,,,,,,,,,,,,,
SLICKLINE/E-LINE/CT,wireline_unit,,,,,,,,,,,,,,,1.0,11/9/1998,11/10/1998,HI,,bsee_war,True,SLICKLINE/E-LINE/CT,drilling_rig,,,,,,,,,,,,,,,
SLICKLINE/ELECTRIC LINE UNIT,wireline_unit,,,,,,,,182.0,,,,,,,2.0,5/1/2004,10/21/2003,VR,,bsee_war,True,SLICKLINE/ELECTRIC LINE UNIT,drilling_rig,,,,,,,,,,,,,,,
SLICKLINE/ENSCO 99,wireline_unit,,,,,,,,109.0,,,,,,,3.0,9/8/2003,4/17/2005,ST,,bsee_war,True,SLICKLINE/ENSCO 99,drilling_rig,,,,,,,,,,,,,,,
SLICKLINE/WIRELINE,wireline_unit,,,,,,,,478.0,,,,,,,4.0,8/6/2005,10/14/2003,SS,,bsee_war,True,SLICKLINE/WIRELINE,drilling_rig,,,,,,,,,,,,,,,
SLICLINE,wireline_unit,,,,,,,,92.0,,,,,,,1.0,7/30/2005,3/13/2005,WC,,bsee_war,True,SLICLINE,drilling_rig,,,,,,,,,,,,,,,
SLICLINE / ELECTRIC LINE,wireline_unit,,,,,,,,90.0,,,,,,,1.0,1/1/2005,12/26/2004,WC,,bsee_war,True,SLICLINE / ELECTRIC LINE,drilling_rig,,,,,,,,,,,,,,,
SLICLINE UNIT,wireline_unit,,,,,,,,340.0,,,,,,,1.0,5/4/2003,3/31/2003,SP,,bsee_war,True,SLICLINE UNIT,drilling_rig,,,,,,,,,,,,,,,
SLIKLINE,wireline_unit,,,,,,,,116.0,,,,,,,1.0,12/15/2003,12/9/2003,WC,,bsee_war,True,SLIKLINE,drilling_rig,,,,,,,,,,,,,,,
SLU,wireline_unit,,,,,,,,2842.0,,,,,,,63.0,9/9/2004,1/1/2005,EI,,bsee_war,True,SLU,drilling_rig,,,,,,,,,,,,,,,
SLU/ELU,wireline_unit,,,,,,,,95.0,,,,,,,1.0,6/22/2005,6/12/2005,VR,,bsee_war,True,SLU/ELU,drilling_rig,,,,,,,,,,,,,,,
SNDOWNER 8,jack_up,,,,,,,,,70.0,76.0,16000.0,,,,1.0,3/3/2003,2/11/2003,WD,,bsee_war,True,SNDOWNER 8,drilling_rig,,,jackup,jackup_70m,5.5,generic,,,,,,,,,
SNHUBBING UNIT,snubbing_unit,,,,,,,,,,,,,,,1.0,6/22/2003,6/16/2003,SM,,bsee_war,True,SNHUBBING UNIT,drilling_rig,,,,,,,,,,,,,,,
SNU/CTU,snubbing_unit,,,,,,,,155.0,,,,,,,1.0,7/7/2002,5/28/2001,VR,,bsee_war,True,SNU/CTU,drilling_rig,,,,,,,,,,,,,,,
SNUB UNIT,snubbing_unit,,,,,,,,,,,,,,,1.0,3/9/2003,2/24/2003,WD,,bsee_war,True,SNUB UNIT,drilling_rig,,,,,,,,,,,,,,,
SNUBBER HWC 125,snubbing_unit,,,,,,,,,,,,,,,1.0,10/20/2002,10/17/2002,MP,,bsee_war,True,SNUBBER HWC 125,drilling_rig,,,,,,,,,,,,,,,
SNUBBING UNIT (HWO) SLICKLINE,snubbing_unit,,,,,,,,48.0,,,,,,,1.0,2/9/2004,2/3/2004,EC,,bsee_war,True,SNUBBING UNIT (HWO) SLICKLINE,drilling_rig,,,,,,,,,,,,,,,
SNUBBING UNIT HWC #123,snubbing_unit,,,,,,,,,,,,,,,2.0,4/6/2001,1/13/2001,MP,,bsee_war,True,SNUBBING UNIT HWC #123,drilling_rig,,,,,,,,,,,,,,,
"SNUBBING UNIT, E-LINE",snubbing_unit,,,,,,,,190.0,,,,,,,1.0,5/1/2004,4/24/2004,SM,,bsee_war,True,"SNUBBING UNIT, E-LINE",drilling_rig,,,,,,,,,,,,,,,
SONAL RATHER,semi_submersible,,,,,,,,,104.0,78.0,45000.0,,,,1.0,4/4/1999,10/19/1999,MC,,bsee_war,True,SONAL RATHER,drilling_rig,,,semi_sub,semi_sub_100m,21.0,generic,,,,,,,,,
SONAT DF 86,jack_up,,,,,,,,,70.0,76.0,16000.0,,,,1.0,9/22/2003,9/16/2003,EC,,bsee_war,True,SONAT DF 86,drilling_rig,,,jackup,jackup_70m,5.5,generic,,,,,,,,,
SONAT DF 96,jack_up,,,,,,,,,70.0,76.0,16000.0,,,,2.0,6/5/1998,12/2/2003,EI,,bsee_war,True,SONAT DF 96,drilling_rig,,,jackup,jackup_70m,5.5,generic,,,,,,,,,
SONAT GEORGE RICHARDSON,jack_up,,,,,,,,,70.0,76.0,16000.0,,,,1.0,9/29/1998,10/14/1998,MC,,bsee_war,True,SONAT GEORGE RICHARDSON,drilling_rig,,,jackup,jackup_70m,5.5,generic,,,,,,,,,
SONAT RATHER,semi_submersible,,,,,,,,,104.0,78.0,45000.0,,,,4.0,7/6/1999,2/10/1999,MC,,bsee_war,True,SONAT RATHER,drilling_rig,,,semi_sub,semi_sub_100m,21.0,generic,,,,,,,,,
SOUTHWESTERN RIG #153,jack_up,,,,,,,,,70.0,76.0,16000.0,,,,1.0,5/3/1999,1/12/1999,HI,,bsee_war,True,SOUTHWESTERN RIG #153,drilling_rig,,,jackup,jackup_70m,5.5,generic,,,,,,,,,
SPARTAN,jack_up,,,,,,,,,70.0,76.0,16000.0,,,,2.0,4/4/1999,3/15/1999,MO,,bsee_war,True,SPARTAN,drilling_rig,,,jackup,jackup_70m,5.5,generic,,,,,,,,,
SPARTAN 151,jack_up,,,,,,,,,70.0,76.0,16000.0,,,,7.0,9/4/2010 11:59:00 PM,1/10/2010,WC,,bsee_war,True,SPARTAN 151,drilling_rig,,,jackup,jackup_70m,5.5,generic,,,,,,,,,
SPARTAN 202,jack_up,,,,,,,,,70.0,76.0,16000.0,,,,19.0,9/5/2009 11:59:00 PM,1/12/2014 12:01:00 AM,SM,,bsee_war,True,SPARTAN 202,drilling_rig,,,jackup,jackup_70m,5.5,generic,,,,,,,,,
SPARTAN 208,jack_up,,,,,,,,,70.0,76.0,16000.0,,,,72.0,9/9/2017 11:59:00 PM,1/1/2012,WD,,bsee_war,True,SPARTAN 208,drilling_rig,,,jackup,jackup_70m,5.5,generic,,,,,,,,,
SPARTAN 303,jack_up,,,,,,,,,70.0,76.0,16000.0,,,,27.0,9/9/2010,1/10/2010 12:01:00 AM,SS,,bsee_war,True,SPARTAN 303,drilling_rig,,,jackup,jackup_70m,5.5,generic,,,,,,,,,
SPERIOR WELL SSVC,unknown,,,,,,,,525.0,,,,,,,1.0,7/10/2004,5/30/2004,SM,,bsee_war,True,SPERIOR WELL SSVC,drilling_rig,,,,,,,,,,,,,,,
SSD#16,jack_up,,,,,,,,2816.0,70.0,76.0,16000.0,,,,1.0,9/17/2003,2/16/2004,MC,,bsee_war,True,SSD#16,drilling_rig,,,jackup,jackup_70m,5.5,generic,,,,,,,,,
STENA DRILLMAX,drillship,,Stena Drilling,,,,10000.0,,7500.0,238.0,42.0,105000.0,,3.0,2010.0,2.0,9/6/2008 11:59:00 PM,1/11/2009 12:01:00 AM,KC,,bsee_war,True,STENA DRILLMAX,drilling_rig,,,drillship,drillship_240m,12.0,estimated,,,,,,,,,
STENA EVOLUTION,drillship,,,,,,,,,228.0,42.0,96000.0,,,,14.0,9/7/2024 11:59:00 PM,1/11/2026 12:01:00 AM,GB,,bsee_war,True,STENA EVOLUTION,drilling_rig,,,drillship,drillship_230m,12.0,generic,,,,,,,,,
STENA FORTH,drillship,,,,,,10000.0,35000.0,7500.0,227.99,42.0,,,,2009.0,19.0,9/8/2012 11:59:00 PM,1/10/2016 12:01:00 AM,MC,,bsee_war,True,STENA FORTH,drilling_rig,,,drillship,drillship_230m,,,,,,,,,,,
STENA ICEMAX,drillship,,,,,,10000.0,35000.0,7500.0,227.99,42.0,,,,2012.0,17.0,9/7/2024 11:59:00 PM,1/11/2015 12:01:00 AM,GC,,bsee_war,True,STENA ICEMAX,drilling_rig,,,drillship,drillship_230m,,,,,,,,,,,
STENA TAY,drillship,,,,,,,,,228.0,42.0,96000.0,,,,3.0,6/3/2006 11:59:00 PM,3/12/2006 12:01:00 AM,AC,,bsee_war,True,STENA TAY,drilling_rig,,,drillship,drillship_230m,12.0,generic,,,,,,,,,
STEVE CONLEY,jack_up,,,,,,,,,70.0,76.0,16000.0,,,,1.0,2/22/2002,2/16/2002,EI,,bsee_war,True,STEVE CONLEY,drilling_rig,,,jackup,jackup_70m,5.5,generic,,,,,,,,,
STOLT OFFSHORE DLB,support_vessel,,,,,,,,,,,,,,,2.0,8/22/2003,8/16/2003,EI,,bsee_war,True,STOLT OFFSHORE DLB,drilling_rig,,,,,,,,,,,,,,,
STOLTZ AMERICAN CONSTITUTION,support_vessel,,,,,,,,,,,,,,,1.0,7/3/2000,6/27/2000,EW,,bsee_war,True,STOLTZ AMERICAN CONSTITUTION,drilling_rig,,,,,,,,,,,,,,,
"STOTZ ""AMERICAN CONSTITUTION:",support_vessel,,,,,,,,685.0,,,,,,,1.0,6/9/2003,6/10/2003,EW,,bsee_war,True,"STOTZ ""AMERICAN CONSTITUTION:",drilling_rig,,,,,,,,,,,,,,,
SUBBING UNIT,snubbing_unit,,,,,,,,232.0,,,,,,,1.0,7/8/2006,4/16/2006,EC,,bsee_war,True,SUBBING UNIT,drilling_rig,,,,,,,,,,,,,,,
SUNDOWN III,jack_up,,,,,,,,320.0,70.0,76.0,16000.0,,,,1.0,5/18/2003,5/12/2003,VR,,bsee_war,True,SUNDOWN III,drilling_rig,,,jackup,jackup_70m,5.5,generic,,,,,,,,,
SUNDOWNER,jack_up,,,,,,,,,70.0,76.0,16000.0,,,,1.0,2/2/1999,1/26/1999,HI,,bsee_war,True,SUNDOWNER,drilling_rig,,,jackup,jackup_70m,5.5,generic,,,,,,,,,
SUNDOWNER 1,jack_up,,,,,,,,,70.0,76.0,16000.0,,,,3.0,5/5/2002,12/12/2000,EW,,bsee_war,True,SUNDOWNER 1,drilling_rig,,,jackup,jackup_70m,5.5,generic,,,,,,,,,
SUNDOWNER 10,jack_up,,,,,,,,,70.0,76.0,16000.0,,,,1.0,8/29/1999,8/16/1999,ST,,bsee_war,True,SUNDOWNER 10,drilling_rig,,,jackup,jackup_70m,5.5,generic,,,,,,,,,
SUNDOWNER 12,jack_up,,,,,,,,144.0,70.0,76.0,16000.0,,,,1.0,11/27/2004,10/10/2004,SS,,bsee_war,True,SUNDOWNER 12,drilling_rig,,,jackup,jackup_70m,5.5,generic,,,,,,,,,
SUNDOWNER 14,jack_up,,,,,,,,,70.0,76.0,16000.0,,,,2.0,2/8/1998,1/12/1998,HI,,bsee_war,True,SUNDOWNER 14,drilling_rig,,,jackup,jackup_70m,5.5,generic,,,,,,,,,
SUNDOWNER 16,jack_up,,,,,,,,,70.0,76.0,16000.0,,,,10.0,9/9/2001,1/14/2002,SS,,bsee_war,True,SUNDOWNER 16,drilling_rig,,,jackup,jackup_70m,5.5,generic,,,,,,,,,
SUNDOWNER 17,jack_up,,,,,,,,,70.0,76.0,16000.0,,,,6.0,7/29/2001,3/26/2001,WD,,bsee_war,True,SUNDOWNER 17,drilling_rig,,,jackup,jackup_70m,5.5,generic,,,,,,,,,
SUNDOWNER 2,jack_up,,,,,,,,,70.0,76.0,16000.0,,,,3.0,8/14/2000,1/26/2000,MC,,bsee_war,True,SUNDOWNER 2,drilling_rig,,,jackup,jackup_70m,5.5,generic,,,,,,,,,
SUNDOWNER 3,jack_up,,,,,,,,,70.0,76.0,16000.0,,,,1.0,5/18/2001,5/12/2001,EI,,bsee_war,True,SUNDOWNER 3,drilling_rig,,,jackup,jackup_70m,5.5,generic,,,,,,,,,
SUNDOWNER 7,jack_up,,,,,,,,,70.0,76.0,16000.0,,,,3.0,6/8/2001,4/18/2001,WC,,bsee_war,True,SUNDOWNER 7,drilling_rig,,,jackup,jackup_70m,5.5,generic,,,,,,,,,
SUNDOWNER 8,jack_up,,,,,,,,190.0,70.0,76.0,16000.0,,,,30.0,9/8/2000,1/11/2000,BA,,bsee_war,True,SUNDOWNER 8,drilling_rig,,,jackup,jackup_70m,5.5,generic,,,,,,,,,
SUNDOWNER DOLPHIN 106,jack_up,,,,,,,,,70.0,76.0,16000.0,,,,1.0,7/6/2001,6/16/2001,MP,,bsee_war,True,SUNDOWNER DOLPHIN 106,drilling_rig,,,jackup,jackup_70m,5.5,generic,,,,,,,,,
SUNDOWNER DOLPHIN 111,jack_up,,,,,,,,,70.0,76.0,16000.0,,,,2.0,9/4/2000,7/24/2000,ST,,bsee_war,True,SUNDOWNER DOLPHIN 111,drilling_rig,,,jackup,jackup_70m,5.5,generic,,,,,,,,,
SUNDOWNER DOLPHIN TITAL 106,jack_up,,,,,,,,,70.0,76.0,16000.0,,,,1.0,8/3/1998,7/28/1998,HI,,bsee_war,True,SUNDOWNER DOLPHIN TITAL 106,drilling_rig,,,jackup,jackup_70m,5.5,generic,,,,,,,,,
SUNDOWNER I,jack_up,,,,,,,,1024.0,70.0,76.0,16000.0,,,,72.0,9/9/2006 11:59:00 PM,1/1/2006 12:01:00 AM,HI,,bsee_war,True,SUNDOWNER I,drilling_rig,,,jackup,jackup_70m,5.5,generic,,,,,,,,,
SUNDOWNER II,jack_up,,,,,,,,,70.0,76.0,16000.0,,,,2.0,8/2/2001,11/9/2001,EI,,bsee_war,True,SUNDOWNER II,drilling_rig,,,jackup,jackup_70m,5.5,generic,,,,,,,,,
SUNDOWNER III,jack_up,,,,,,,,210.0,70.0,76.0,16000.0,,,,17.0,9/2/2000,1/12/2004,SS,,bsee_war,True,SUNDOWNER III,drilling_rig,,,jackup,jackup_70m,5.5,generic,,,,,,,,,
SUNDOWNER III07-NOV-2001,jack_up,,,,,,,,,70.0,76.0,16000.0,,,,1.0,11/8/2001,11/2/2001,EI,,bsee_war,True,SUNDOWNER III07-NOV-2001,drilling_rig,,,jackup,jackup_70m,5.5,generic,,,,,,,,,
SUNDOWNER IV,jack_up,,,,,,,,248.0,70.0,76.0,16000.0,,,,38.0,9/7/2003,1/11/1998,EI,,bsee_war,True,SUNDOWNER IV,drilling_rig,,,jackup,jackup_70m,5.5,generic,,,,,,,,,
SUNDOWNER NO. 2,jack_up,,,,,,,,,70.0,76.0,16000.0,,,,1.0,11/14/1999,11/8/1999,WC,,bsee_war,True,SUNDOWNER NO. 2,drilling_rig,,,jackup,jackup_70m,5.5,generic,,,,,,,,,
SUNDOWNER V,jack_up,,,,,,,,191.0,70.0,76.0,16000.0,,,,11.0,9/7/2001,11/13/1999,EI,,bsee_war,True,SUNDOWNER V,drilling_rig,,,jackup,jackup_70m,5.5,generic,,,,,,,,,
SUNDOWNER VI,jack_up,,,,,,,,,70.0,76.0,16000.0,,,,1.0,10/26/2000,10/20/2000,SA,,bsee_war,True,SUNDOWNER VI,drilling_rig,,,jackup,jackup_70m,5.5,generic,,,,,,,,,
SUNDOWNER VII,jack_up,,,,,,,,270.0,70.0,76.0,16000.0,,,,5.0,8/21/2000,1/13/1998,EI,,bsee_war,True,SUNDOWNER VII,drilling_rig,,,jackup,jackup_70m,5.5,generic,,,,,,,,,
SUNDOWNER VIII,jack_up,,,,,,,,275.0,70.0,76.0,16000.0,,,,7.0,6/5/2004,1/10/2004,MP,,bsee_war,True,SUNDOWNER VIII,drilling_rig,,,jackup,jackup_70m,5.5,generic,,,,,,,,,
SUNDOWNER X,jack_up,,,,,,,,,70.0,76.0,16000.0,,,,11.0,9/3/1998,1/11/1999,GB,,bsee_war,True,SUNDOWNER X,drilling_rig,,,jackup,jackup_70m,5.5,generic,,,,,,,,,
SUNDOWNER XI,jack_up,,,,,,,,90.0,70.0,76.0,16000.0,,,,20.0,9/9/2001,1/1/1999,MP,,bsee_war,True,SUNDOWNER XI,drilling_rig,,,jackup,jackup_70m,5.5,generic,,,,,,,,,
SUNDOWNER XII,jack_up,,,,,,,,144.0,70.0,76.0,16000.0,,,,2.0,9/5/2004,7/11/2004,SS,,bsee_war,True,SUNDOWNER XII,drilling_rig,,,jackup,jackup_70m,5.5,generic,,,,,,,,,
SUNDOWNER XVI,jack_up,,,,,,,,2223.0,70.0,76.0,16000.0,,,,4.0,6/4/2005,1/1/2006,SM,,bsee_war,True,SUNDOWNER XVI,drilling_rig,,,jackup,jackup_70m,5.5,generic,,,,,,,,,
SUNDWNER 1,jack_up,,,,,,,,247.0,70.0,76.0,16000.0,,,,1.0,9/24/2005,10/16/2005,EI,,bsee_war,True,SUNDWNER 1,drilling_rig,,,jackup,jackup_70m,5.5,generic,,,,,,,,,
SUNDWONER IV,jack_up,,,,,,,,247.0,70.0,76.0,16000.0,,,,1.0,6/5/2004,5/16/2004,EI,,bsee_war,True,SUNDWONER IV,drilling_rig,,,jackup,jackup_70m,5.5,generic,,,,,,,,,
SUPER SUNDOWNER,jack_up,,,,,,,,,70.0,76.0,16000.0,,,,1.0,12/8/2001,10/13/2001,GC,,bsee_war,True,SUPER SUNDOWNER,drilling_rig,,,jackup,jackup_70m,5.5,generic,,,,,,,,,
SUPER SUNDOWNER 16,jack_up,,,,,,,,,70.0,76.0,16000.0,,,,2.0,2/5/2001,1/16/2001,HI,,bsee_war,True,SUPER SUNDOWNER 16,drilling_rig,,,jackup,jackup_70m,5.5,generic,,,,,,,,,
SUPER SUNDOWNER 11,jack_up,,,,,,,,1490.0,70.0,76.0,16000.0,,,,2.0,6/5/2004,4/18/2004,EW,,bsee_war,True,SUPER SUNDOWNER 11,drilling_rig,,,jackup,jackup_70m,5.5,generic,,,,,,,,,
SUPER SUNDOWNER XVI,jack_up,,,,,,,,2816.0,70.0,76.0,16000.0,,,,2.0,9/7/2003,10/1/2003,MC,,bsee_war,True,SUPER SUNDOWNER XVI,drilling_rig,,,jackup,jackup_70m,5.5,generic,,,,,,,,,
SUPERIOR,lift_boat,,,,,,,,626.0,70.0,76.0,16000.0,,,,4.0,5/31/2001,11/30/1999,WC,,bsee_war,True,SUPERIOR,drilling_rig,,,jackup,jackup_70m,5.5,generic,,,,,,,,,
SUPERIOR ACHIEVEMENT,lift_boat,,,,,,,,30.0,70.0,76.0,16000.0,,,,1.0,5/29/2006,5/22/2006,SS,,bsee_war,True,SUPERIOR ACHIEVEMENT,drilling_rig,,,jackup,jackup_70m,5.5,generic,,,,,,,,,
SUPERIOR BISION,lift_boat,,,,,,,,52.0,70.0,76.0,16000.0,,,,1.0,10/12/2003,10/6/2003,ST,,bsee_war,True,SUPERIOR BISION,drilling_rig,,,jackup,jackup_70m,5.5,generic,,,,,,,,,
SUPERIOR COIL TUBING,coil_tubing_unit,,,,,,,,,,,,,,,1.0,7/22/2002,10/12/2001,VR,,bsee_war,True,SUPERIOR COIL TUBING,drilling_rig,,,,,,,,,,,,,,,
SUPERIOR COURAGE LIFT BOAT,lift_boat,,,,,,,,42.0,70.0,76.0,16000.0,,,,1.0,5/1/2004,4/18/2004,PL,,bsee_war,True,SUPERIOR COURAGE LIFT BOAT,drilling_rig,,,jackup,jackup_70m,5.5,generic,,,,,,,,,
SUPERIOR DISCOVERY,lift_boat,,,,,,,,,70.0,76.0,16000.0,,,,1.0,4/20/2003,4/14/2003,SM,,bsee_war,True,SUPERIOR DISCOVERY,drilling_rig,,,jackup,jackup_70m,5.5,generic,,,,,,,,,
SUPERIOR ELECTRIC LINE,wireline_unit,,,,,,,,53.0,,,,,,,1.0,7/15/2004,7/13/2004,EI,,bsee_war,True,SUPERIOR ELECTRIC LINE,drilling_rig,,,,,,,,,,,,,,,
SUPERIOR ENDEAVOR,lift_boat,,,,,,,,,70.0,76.0,16000.0,,,,2.0,8/19/2002,10/15/2002,SS,,bsee_war,True,SUPERIOR ENDEAVOR,drilling_rig,,,jackup,jackup_70m,5.5,generic,,,,,,,,,
SUPERIOR ENDURANCE,lift_boat,,,,,,,,,70.0,76.0,16000.0,,,,2.0,9/13/2002,10/12/2002,VR,,bsee_war,True,SUPERIOR ENDURANCE,drilling_rig,,,jackup,jackup_70m,5.5,generic,,,,,,,,,
SUPERIOR ENDURANCE - JU BOAT,lift_boat,,,,,,,,,70.0,76.0,16000.0,,,,5.0,9/13/2002,7/19/2002,VR,,bsee_war,True,SUPERIOR ENDURANCE - JU BOAT,drilling_rig,,,jackup,jackup_70m,5.5,generic,,,,,,,,,
SUPERIOR ENERGY,unknown,,,,,,,,30.0,,,,,,,1.0,7/11/2004,7/5/2004,SS,,bsee_war,True,SUPERIOR ENERGY,drilling_rig,,,,,,,,,,,,,,,
SUPERIOR ENERGY SERVICES P&A,unknown,,,,,,,,70.0,,,,,,,8.0,9/4/2004,10/3/2004,SM,,bsee_war,True,SUPERIOR ENERGY SERVICES P&A,drilling_rig,,,,,,,,,,,,,,,
SUPERIOR FORCE LIFT BOAT,lift_boat,,,,,,,,54.0,70.0,76.0,16000.0,,,,1.0,5/1/2004,3/14/2004,MO,,bsee_war,True,SUPERIOR FORCE LIFT BOAT,drilling_rig,,,jackup,jackup_70m,5.5,generic,,,,,,,,,
SUPERIOR GULF ISLAND IV,lift_boat,,,,,,,,,70.0,76.0,16000.0,,,,1.0,11/23/2003,11/10/2003,SM,,bsee_war,True,SUPERIOR GULF ISLAND IV,drilling_rig,,,jackup,jackup_70m,5.5,generic,,,,,,,,,
SUPERIOR INTEGRITY LB,lift_boat,,,,,,,,34.0,70.0,76.0,16000.0,,,,1.0,4/3/2004,3/27/2004,WC,,bsee_war,True,SUPERIOR INTEGRITY LB,drilling_rig,,,jackup,jackup_70m,5.5,generic,,,,,,,,,
SUPERIOR LIFTBOAT VALOR - CTU,lift_boat,,,,,,,,35.0,70.0,76.0,16000.0,,,,1.0,4/24/2004,4/18/2004,EC,,bsee_war,True,SUPERIOR LIFTBOAT VALOR - CTU,drilling_rig,,,jackup,jackup_70m,5.5,generic,,,,,,,,,
SUPERIOR MISSION,lift_boat,,,,,,,,,70.0,76.0,16000.0,,,,1.0,10/24/2002,10/22/2002,VR,,bsee_war,True,SUPERIOR MISSION,drilling_rig,,,jackup,jackup_70m,5.5,generic,,,,,,,,,
SUPERIOR P&A,unknown,,,,,,,,,,,,,,,9.0,12/8/1999,11/24/1999,WC,,bsee_war,True,SUPERIOR P&A,drilling_rig,,,,,,,,,,,,,,,
SUPERIOR P&A UNIT,unknown,,,,,,,,100.0,,,,,,,3.0,3/20/2004,10/25/2001,SS,,bsee_war,True,SUPERIOR P&A UNIT,drilling_rig,,,,,,,,,,,,,,,
SUPERIOR SERVICES DIVE BOAT,support_vessel,,,,,,,,250.0,,,,,,,1.0,7/14/2003,7/7/2003,VR,,bsee_war,True,SUPERIOR SERVICES DIVE BOAT,drilling_rig,,,,,,,,,,,,,,,
SUPERIOR SLICKLINE,wireline_unit,,,,,,,,35.0,,,,,,,1.0,7/4/2004,10/6/2003,SS,,bsee_war,True,SUPERIOR SLICKLINE,drilling_rig,,,,,,,,,,,,,,,
SUPERIOR VISION,lift_boat,,,,,,,,52.0,70.0,76.0,16000.0,,,,2.0,11/1/2002,10/12/2002,ST,,bsee_war,True,SUPERIOR VISION,drilling_rig,,,jackup,jackup_70m,5.5,generic,,,,,,,,,
SUPERIOR VISION - JU,lift_boat,,,,,,,,,70.0,76.0,16000.0,,,,1.0,11/29/2002,11/16/2002,VR,,bsee_war,True,SUPERIOR VISION - JU,drilling_rig,,,jackup,jackup_70m,5.5,generic,,,,,,,,,
SUPERIOR VISION - JU BOAT,lift_boat,,,,,,,,,70.0,76.0,16000.0,,,,2.0,11/8/2002,10/26/2002,VR,,bsee_war,True,SUPERIOR VISION - JU BOAT,drilling_rig,,,jackup,jackup_70m,5.5,generic,,,,,,,,,
SUPERIOR WELL SERVICE,unknown,,,,,,,,626.0,,,,,,,14.0,9/4/2004,10/10/2004,GI,,bsee_war,True,SUPERIOR WELL SERVICE,drilling_rig,,,,,,,,,,,,,,,
SUPERIOR WELL SVC,unknown,,,,,,,,529.0,,,,,,,1.0,8/25/2004,10/10/2004,SM,,bsee_war,True,SUPERIOR WELL SVC,drilling_rig,,,,,,,,,,,,,,,
SUPERIOR WIRELINE UNIT,wireline_unit,,,,,,,,,,,,,,,1.0,12/11/2003,12/8/2003,EI,,bsee_war,True,SUPERIOR WIRELINE UNIT,drilling_rig,,,,,,,,,,,,,,,
SWS E/L,wireline_unit,,,,,,,,,,,,,,,1.0,9/30/1998,10/1/1998,ST,,bsee_war,True,SWS E/L,drilling_rig,,,,,,,,,,,,,,,
T. O. DISCOVERER AMERICAS,drillship,,,,,,,,,228.0,42.0,96000.0,,,,1.0,6/5/2010 11:59:00 PM,1/10/2010 12:01:00 AM,MC,,bsee_war,True,T. O. DISCOVERER AMERICAS,drilling_rig,,,drillship,drillship_230m,12.0,generic,,,,,,,,,
T. O. F100,jack_up,,,,,,,,,70.0,76.0,16000.0,,,,11.0,9/9/2006 11:59:00 PM,1/1/2006 12:01:00 AM,GB,,bsee_war,True,T. O. F100,drilling_rig,,,jackup,jackup_70m,5.5,generic,,,,,,,,,
DEEPWATER ASGARD,semi_submersible,,Transocean Ltd.,,,Marshall Islands,12000.0,40000.0,10000.0,238.0,42.0,104000.0,,3.0,2014.0,54.0,9/9/2023 11:59:00 PM,1/1/2017 12:01:00 AM,GC,,bsee_war,True,DEEPWATER ASGARD,drilling_rig,,https://www.deepwater.com/documents/RigSpecs/Deepwater%20Asgard.pdf,semi_sub,semi_sub_120m,12.0,measured,19.0,25.0,10.0,22636.0,2800.0,,,,
T.O. DEEPWATER ATLAS,drillship,,Transocean Ltd.,,,,12000.0,,,238.0,42.0,105000.0,,3.0,2022.0,13.0,9/9/2023 11:59:00 PM,1/1/2023 12:01:00 AM,WR,,bsee_war,True,T.O. DEEPWATER ATLAS,drilling_rig,,,drillship,drillship_240m,12.0,estimated,,,,,,,,,
DEEPWATER CHAMPION,drillship,,,,,,12000.0,40000.0,10000.0,229.21,35.97,,,,2011.0,23.0,9/8/2012 11:59:00 PM,1/10/2016 12:01:00 AM,EB,,bsee_war,True,DEEPWATER CHAMPION,drilling_rig,,,drillship,drillship_230m,,,,,,,,,,,
T.O. DEEPWATER CONQUEROR,drillship,,,,,,,,,228.0,42.0,96000.0,,,,40.0,9/9/2023 11:59:00 PM,1/1/2017 12:01:00 AM,WR,,bsee_war,True,T.O. DEEPWATER CONQUEROR,drilling_rig,,,drillship,drillship_230m,12.0,generic,,,,,,,,,
DEEPWATER INVICTUS,drillship,,,,,,12000.0,40000.0,10000.0,238.0,42.0,104000.0,,,2014.0,49.0,9/9/2017 11:59:00 PM,1/1/2023 12:01:00 AM,GC,,bsee_war,True,DEEPWATER INVICTUS,drilling_rig,,https://www.deepwater.com/documents/RigSpecs/Deepwater%20Invictus.pdf,drillship,drillship_240m,12.0,measured,19.0,25.0,10.0,22636.0,2800.0,,,,
T.O. DEEPWATER PONTUS,drillship,,,,,,,,,228.0,42.0,96000.0,,,,57.0,9/9/2023 11:59:00 PM,1/1/2023 12:01:00 AM,AC,,bsee_war,True,T.O. DEEPWATER PONTUS,drilling_rig,,,drillship,drillship_230m,12.0,generic,,,,,,,,,
T.O. DEEPWATER POSEIDON,drillship,,Transocean Ltd.,,,,12000.0,,,238.0,42.0,105000.0,,3.0,2014.0,47.0,9/9/2023 11:59:00 PM,1/1/2023 12:01:00 AM,GB,,bsee_war,True,T.O. DEEPWATER POSEIDON,drilling_rig,,,drillship,drillship_240m,12.0,estimated,,,,,,,,,
T.O. DEEPWATER PROTEUS,drillship,,Transocean Ltd.,,,,12000.0,,,238.0,42.0,105000.0,,3.0,2014.0,54.0,9/9/2023 11:59:00 PM,1/1/2017 12:01:00 AM,MC,,bsee_war,True,T.O. DEEPWATER PROTEUS,drilling_rig,,,drillship,drillship_240m,12.0,estimated,,,,,,,,,
T.O. DEEPWATER THALASSA,drillship,,Transocean Ltd.,,,,12000.0,,,238.0,42.0,105000.0,,3.0,2015.0,49.0,9/9/2023 11:59:00 PM,1/1/2017 12:01:00 AM,AC,,bsee_war,True,T.O. DEEPWATER THALASSA,drilling_rig,,,drillship,drillship_240m,12.0,estimated,,,,,,,,,
T.O. DEEPWATER TITAN,drillship,,Transocean Ltd.,,,,12000.0,40000.0,,228.0,42.0,,,3.0,2014.0,8.0,9/9/2023 11:59:00 PM,1/11/2026 12:01:00 AM,GC,,bsee_war,True,T.O. DEEPWATER TITAN,drilling_rig,,,drillship,drillship_230m,,,,,,,,,,,
T.O. DEVELOPMENT DRILLER I,semi_submersible,,,,,,,,,104.0,78.0,45000.0,,,,21.0,9/8/2012 11:59:00 PM,1/1/2012 12:01:00 AM,AT,,bsee_war,True,T.O. DEVELOPMENT DRILLER I,drilling_rig,,,semi_sub,semi_sub_100m,21.0,generic,,,,,,,,,
T.O. DEVELOPMENT DRILLER II,semi_submersible,,,,,,,,,104.0,78.0,45000.0,,,,7.0,9/8/2012,1/1/2012 12:01:00 AM,GC,,bsee_war,True,T.O. DEVELOPMENT DRILLER II,drilling_rig,,,semi_sub,semi_sub_100m,21.0,generic,,,,,,,,,
DEVELOPMENT DRILLER III,semi_submersible,,Transocean Ltd.,,,,8000.0,,7500.0,120.0,90.0,55000.0,,3.0,2009.0,20.0,9/8/2012,1/1/2012 12:01:00 AM,MC,,bsee_war,True,DEVELOPMENT DRILLER III,drilling_rig,,,semi_sub,semi_sub_120m,24.0,estimated,,,,,,,,,
DISCOVERER AMERICAS,drillship,,,,,,12000.0,40000.0,10000.0,254.51,38.1,,,,2009.0,13.0,9/8/2012 11:59:00 PM,1/1/2012,WR,,bsee_war,True,DISCOVERER AMERICAS,drilling_rig,,,drillship,drillship_250m,,,,,,,,,,,
DISCOVERER CLEAR LEADER,drillship,,,,,,12000.0,40000.0,10000.0,254.51,38.1,,,,2009.0,37.0,9/9/2017 11:59:00 PM,1/1/2012 12:01:00 AM,WR,,bsee_war,True,DISCOVERER CLEAR LEADER,drilling_rig,,,drillship,drillship_250m,,,,,,,,,,,
DISCOVERER INDIA,drillship,,,,,,12000.0,40000.0,10000.0,254.51,38.1,,,,2010.0,38.0,9/8/2012,1/1/2012 12:01:00 AM,KC,,bsee_war,True,DISCOVERER INDIA,drilling_rig,,,drillship,drillship_250m,,,,,,,,,,,
DISCOVERER INSPIRATION,drillship,,,,,,12000.0,40000.0,10000.0,254.51,38.1,,,,2010.0,51.0,9/8/2018 11:59:00 PM,1/1/2012 12:01:00 AM,GB,,bsee_war,True,DISCOVERER INSPIRATION,drilling_rig,,,drillship,drillship_250m,,,,,,,,,,,
HENRY GOODRICH,semi_submersible,,,,,,5000.0,30000.0,5000.0,97.54,76.5,,,,1985.0,6.0,7/5/2008 11:59:00 PM,2/17/2008 12:01:00 AM,GB,,bsee_war,True,HENRY GOODRICH,drilling_rig,,,semi_sub,semi_sub_100m,,,,,,,,,,,
TADCO 204,jack_up,,,,,,,,142.0,70.0,76.0,16000.0,,,,1.0,4/9/2005,2/2/2004,WC,,bsee_war,True,TADCO 204,drilling_rig,,,jackup,jackup_70m,5.5,generic,,,,,,,,,
TEMPORARY WELL TEST EQUIPMENT,unknown,,,,,,,,619.0,,,,,,,1.0,5/22/2004,5/16/2004,GB,,bsee_war,True,TEMPORARY WELL TEST EQUIPMENT,drilling_rig,,,,,,,,,,,,,,,
TETRA,jack_up,,,,,,,,,70.0,76.0,16000.0,,,,14.0,9/3/2001,10/23/2001,SM,,bsee_war,True,TETRA,drilling_rig,,,jackup,jackup_70m,5.5,generic,,,,,,,,,
TETRA 7,jack_up,,,,,,,,660.0,70.0,76.0,16000.0,,,,7.0,8/3/2003,1/13/2003,EB,,bsee_war,True,TETRA 7,drilling_rig,,,jackup,jackup_70m,5.5,generic,,,,,,,,,
TETRA- RIGLESS,unknown,,,,,,,,25.0,,,,,,,1.0,4/17/2004,4/11/2004,EI,,bsee_war,True,TETRA- RIGLESS,drilling_rig,,,,,,,,,,,,,,,
TETRA ARAPAHO,jack_up,,,,,,,,79.0,70.0,76.0,16000.0,,,,1.0,5/8/2004,4/27/2004,BA,,bsee_war,True,TETRA ARAPAHO,drilling_rig,,,jackup,jackup_70m,5.5,generic,,,,,,,,,
TETRA DB-1,jack_up,,,,,,,,,70.0,76.0,16000.0,,,,33.0,9/2/2012 11:59:00 PM,3/14/2010 12:01:00 AM,EI,,bsee_war,True,TETRA DB-1,drilling_rig,,,jackup,jackup_70m,5.5,generic,,,,,,,,,
TETRA P&A UNIT,unknown,,,,,,,,,,,,,,,1.0,8/4/2000,10/14/2000,HI,,bsee_war,True,TETRA P&A UNIT,drilling_rig,,,,,,,,,,,,,,,
TETRA RIG,jack_up,,,,,,,,340.0,70.0,76.0,16000.0,,,,1.0,5/18/2003,5/12/2003,SP,,bsee_war,True,TETRA RIG,drilling_rig,,,jackup,jackup_70m,5.5,generic,,,,,,,,,
TETRA RIG 7,jack_up,,,,,,,,432.0,70.0,76.0,16000.0,,,,48.0,9/7/2005 11:59:00 PM,1/13/2008,HI,,bsee_war,True,TETRA RIG 7,drilling_rig,,,jackup,jackup_70m,5.5,generic,,,,,,,,,
TETRA WORKHORSE IV,jack_up,,,,,,,,,70.0,76.0,16000.0,,,,1.0,11/3/1997,10/27/1997,EI,,bsee_war,True,TETRA WORKHORSE IV,drilling_rig,,,jackup,jackup_70m,5.5,generic,,,,,,,,,
THE 100,jack_up,,,,,,,,,70.0,76.0,16000.0,,,,1.0,12/31/2005 11:59:00 PM,12/16/2005,GB,,bsee_war,True,THE 100,drilling_rig,,,jackup,jackup_70m,5.5,generic,,,,,,,,,
THE 150,jack_up,,,,,,,,35.0,70.0,76.0,16000.0,,,,32.0,9/3/2005,1/1/2006 12:01:00 AM,GI,,bsee_war,True,THE 150,drilling_rig,,,jackup,jackup_70m,5.5,generic,,,,,,,,,
THE 152,jack_up,,,,,,,,54.0,70.0,76.0,16000.0,,,,25.0,9/5/2007 11:59:00 PM,1/16/2005 12:01:00 AM,WC,,bsee_war,True,THE 152,drilling_rig,,,jackup,jackup_70m,5.5,generic,,,,,,,,,
THE 153,jack_up,,,,,,,,,70.0,76.0,16000.0,,,,1.0,7/6/2007 11:59:00 PM,5/10/2007,EC,,bsee_war,True,THE 153,drilling_rig,,,jackup,jackup_70m,5.5,generic,,,,,,,,,
THE 156,jack_up,,,,,,,,25.0,70.0,76.0,16000.0,,,,5.0,6/5/2005 11:59:00 PM,11/7/2004,EI,,bsee_war,True,THE 156,drilling_rig,,,jackup,jackup_70m,5.5,generic,,,,,,,,,
THE 200,jack_up,,,,,,,,39.0,70.0,76.0,16000.0,,,,29.0,9/3/2005 11:59:00 PM,1/1/2006 12:01:00 AM,MP,,bsee_war,True,THE 200,drilling_rig,,,jackup,jackup_70m,5.5,generic,,,,,,,,,
THE 201,jack_up,,,,,,,,146.0,70.0,76.0,16000.0,,,,40.0,9/9/2006 11:59:00 PM,1/1/2006 12:01:00 AM,MO,,bsee_war,True,THE 201,drilling_rig,,,jackup,jackup_70m,5.5,generic,,,,,,,,,
THE 202,jack_up,,,,,,,,110.0,70.0,76.0,16000.0,,,,32.0,9/9/2006 11:59:00 PM,1/14/2007 12:01:00 AM,HI,,bsee_war,True,THE 202,drilling_rig,,,jackup,jackup_70m,5.5,generic,,,,,,,,,
THE 203,jack_up,,,,,,,,81.0,70.0,76.0,16000.0,,,,31.0,9/9/2006 11:59:00 PM,1/1/2006 12:01:00 AM,ST,,bsee_war,True,THE 203,drilling_rig,,,jackup,jackup_70m,5.5,generic,,,,,,,,,
THE 204,jack_up,,,,,,,,75.0,70.0,76.0,16000.0,,,,36.0,9/9/2006 11:59:00 PM,1/1/2006,GI,,bsee_war,True,THE 204,drilling_rig,,,jackup,jackup_70m,5.5,generic,,,,,,,,,
THE 205,jack_up,,,,,,,,,70.0,76.0,16000.0,,,,1.0,6/4/2005 11:59:00 PM,6/12/2005 12:01:00 AM,EC,,bsee_war,True,THE 205,drilling_rig,,,jackup,jackup_70m,5.5,generic,,,,,,,,,
THE 207,jack_up,,,,,,,,146.0,70.0,76.0,16000.0,,,,26.0,9/4/2004,1/10/2005,BA,,bsee_war,True,THE 207,drilling_rig,,,jackup,jackup_70m,5.5,generic,,,,,,,,,
THE 250,jack_up,,,,,,,,162.0,70.0,76.0,16000.0,,,,29.0,9/8/2007 11:59:00 PM,1/1/2006 12:01:00 AM,MI,,bsee_war,True,THE 250,drilling_rig,,,jackup,jackup_70m,5.5,generic,,,,,,,,,
THE 251,jack_up,,,,,,,,213.0,70.0,76.0,16000.0,,,,21.0,9/4/2004,1/1/2006 12:01:00 AM,SS,,bsee_war,True,THE 251,drilling_rig,,,jackup,jackup_70m,5.5,generic,,,,,,,,,
THE 252,jack_up,,,,,,,,,70.0,76.0,16000.0,,,,19.0,9/9/2006 11:59:00 PM,1/14/2007 12:01:00 AM,HI,,bsee_war,True,THE 252,drilling_rig,,,jackup,jackup_70m,5.5,generic,,,,,,,,,
THE 253,jack_up,,,,,,,,185.0,70.0,76.0,16000.0,,,,18.0,9/9/2006 11:59:00 PM,1/1/2006,MU,,bsee_war,True,THE 253,drilling_rig,,,jackup,jackup_70m,5.5,generic,,,,,,,,,
THE 75,jack_up,,,,,,,,61.0,70.0,76.0,16000.0,,,,10.0,9/9/2006 11:59:00 PM,1/14/2007 12:01:00 AM,SM,,bsee_war,True,THE 75,drilling_rig,,,jackup,jackup_70m,5.5,generic,,,,,,,,,
THE 77,jack_up,,,,,,,,21.0,70.0,76.0,16000.0,,,,5.0,9/9/2006 11:59:00 PM,1/21/2007,VR,,bsee_war,True,THE 77,drilling_rig,,,jackup,jackup_70m,5.5,generic,,,,,,,,,
THE 78,jack_up,,,,,,,,,70.0,76.0,16000.0,,,,6.0,9/6/2008 11:59:00 PM,1/14/2007 12:01:00 AM,SS,,bsee_war,True,THE 78,drilling_rig,,,jackup,jackup_70m,5.5,generic,,,,,,,,,
THERALD MARTIN,jack_up,,,,,,,,1983.0,70.0,76.0,16000.0,,,,3.0,9/4/2004,10/10/2004,GC,,bsee_war,True,THERALD MARTIN,drilling_rig,,,jackup,jackup_70m,5.5,generic,,,,,,,,,
THUNDER HORSE PDQ,semi_submersible,,,,,,,,,104.0,78.0,45000.0,,,,18.0,9/9/2023 11:59:00 PM,1/1/2012 12:01:00 AM,MC,,bsee_war,True,THUNDER HORSE PDQ,drilling_rig,,,semi_sub,semi_sub_100m,21.0,generic,,,,,,,,,
TIR VIKING,jack_up,,,,,,,,,70.0,76.0,16000.0,,,,1.0,11/14/1997,11/8/1997,EB,,bsee_war,True,TIR VIKING,drilling_rig,,,jackup,jackup_70m,5.5,generic,,,,,,,,,
TO DEEPWATER HORIZON,drillship,,,,,,,,4334.0,228.0,42.0,96000.0,,,,3.0,9/3/2003,1/1/2004,MC,,bsee_war,True,TO DEEPWATER HORIZON,drilling_rig,,,drillship,drillship_230m,12.0,generic,,,,,,,,,
TO DEEPWATER NAUTILUS,drillship,,,,,,,,2907.0,228.0,42.0,96000.0,,,,3.0,5/5/2003,1/14/2003,MC,,bsee_war,True,TO DEEPWATER NAUTILUS,drilling_rig,,,drillship,drillship_230m,12.0,generic,,,,,,,,,
TO DISCOVERER SPIRIT,drillship,,,,,,,,3989.0,228.0,42.0,96000.0,,,,2.0,3/9/2003,1/12/2003,MC,,bsee_war,True,TO DISCOVERER SPIRIT,drilling_rig,,,drillship,drillship_230m,12.0,generic,,,,,,,,,
TO HORIZON,drillship,,,,,,,,4334.0,228.0,42.0,96000.0,,,,1.0,5/7/2003,3/23/2003,MC,,bsee_war,True,TO HORIZON,drilling_rig,,,drillship,drillship_230m,12.0,generic,,,,,,,,,
TO MARIANAS,jack_up,,,,,,,,5424.0,70.0,76.0,16000.0,,,,1.0,12/8/2003,11/18/2003,MC,,bsee_war,True,TO MARIANAS,drilling_rig,,,jackup,jackup_70m,5.5,generic,,,,,,,,,
TO MILLENNIUM,drillship,,,,,,,,8950.0,228.0,42.0,96000.0,,,,1.0,6/9/2003,5/13/2003,LL,,bsee_war,True,TO MILLENNIUM,drilling_rig,,,drillship,drillship_230m,12.0,generic,,,,,,,,,
TO NAUTILUS,semi_submersible,,,,,,,,,104.0,78.0,45000.0,,,,2.0,3/3/2003,2/18/2003,MC,,bsee_war,True,TO NAUTILUS,drilling_rig,,,semi_sub,semi_sub_100m,21.0,generic,,,,,,,,,
TO SPIRIT,semi_submersible,,,,,,,,4418.0,104.0,78.0,45000.0,,,,1.0,6/9/2003,3/24/2003,AT,,bsee_war,True,TO SPIRIT,drilling_rig,,,semi_sub,semi_sub_100m,21.0,generic,,,,,,,,,
TODCO 'THE 152',jack_up,,,,,,,,70.0,70.0,76.0,16000.0,,,,1.0,6/26/2004,6/13/2004,WC,,bsee_war,True,TODCO 'THE 152',drilling_rig,,,jackup,jackup_70m,5.5,generic,,,,,,,,,
TODCO THE 201,jack_up,,,,,,,,176.0,70.0,76.0,16000.0,,,,1.0,12/4/2004,11/28/2004,MU,,bsee_war,True,TODCO THE 201,drilling_rig,,,jackup,jackup_70m,5.5,generic,,,,,,,,,
"TODCO ""THE 202""",jack_up,,,,,,,,82.0,70.0,76.0,16000.0,,,,2.0,7/31/2004,10/10/2004,EC,,bsee_war,True,"TODCO ""THE 202""",drilling_rig,,,jackup,jackup_70m,5.5,generic,,,,,,,,,
"TODCO ""THE 250""",jack_up,,,,,,,,144.0,70.0,76.0,16000.0,,,,2.0,9/4/2004,8/22/2004,MI,,bsee_war,True,"TODCO ""THE 250""",drilling_rig,,,jackup,jackup_70m,5.5,generic,,,,,,,,,
TODCO -THE 253,jack_up,,,,,,,,23.0,70.0,76.0,16000.0,,,,1.0,7/3/2004,6/27/2004,EI,,bsee_war,True,TODCO -THE 253,drilling_rig,,,jackup,jackup_70m,5.5,generic,,,,,,,,,
TODCO 150,jack_up,,,,,,,,38.0,70.0,76.0,16000.0,,,,2.0,6/22/2003,10/10/2004,SM,,bsee_war,True,TODCO 150,drilling_rig,,,jackup,jackup_70m,5.5,generic,,,,,,,,,
TODCO 156,jack_up,,,,,,,,14.0,70.0,76.0,16000.0,,,,2.0,7/9/2005,6/17/2005,EI,,bsee_war,True,TODCO 156,drilling_rig,,,jackup,jackup_70m,5.5,generic,,,,,,,,,
TODCO 17,jack_up,,,,,,,,,70.0,76.0,16000.0,,,,1.0,8/3/2003,6/16/2003,SM,,bsee_war,True,TODCO 17,drilling_rig,,,jackup,jackup_70m,5.5,generic,,,,,,,,,
TODCO 175,jack_up,,,,,,,,48.0,70.0,76.0,16000.0,,,,1.0,7/3/2004,5/30/2004,EC,,bsee_war,True,TODCO 175,drilling_rig,,,jackup,jackup_70m,5.5,generic,,,,,,,,,
TODCO 200,jack_up,,,,,,,,55.0,70.0,76.0,16000.0,,,,2.0,4/3/2004,3/17/2004,MP,,bsee_war,True,TODCO 200,drilling_rig,,,jackup,jackup_70m,5.5,generic,,,,,,,,,
TODCO 201,jack_up,,,,,,,,47.0,70.0,76.0,16000.0,,,,1.0,12/7/2003,10/10/2003,HI,,bsee_war,True,TODCO 201,drilling_rig,,,jackup,jackup_70m,5.5,generic,,,,,,,,,
TODCO 202,jack_up,,,,,,,,87.0,70.0,76.0,16000.0,,,,3.0,9/7/2003,10/13/2003,SA,,bsee_war,True,TODCO 202,drilling_rig,,,jackup,jackup_70m,5.5,generic,,,,,,,,,
TODCO 203,jack_up,,,,,,,,162.0,70.0,76.0,16000.0,,,,3.0,9/4/2004,1/16/2005,WC,,bsee_war,True,TODCO 203,drilling_rig,,,jackup,jackup_70m,5.5,generic,,,,,,,,,
TODCO 204,jack_up,,,,,,,,343.0,70.0,76.0,16000.0,,,,8.0,9/7/2003,10/11/2004,SS,,bsee_war,True,TODCO 204,drilling_rig,,,jackup,jackup_70m,5.5,generic,,,,,,,,,
TODCO 204 - JACKUP RIG,jack_up,,,,,,,,95.0,70.0,76.0,16000.0,,,,1.0,4/3/2004,3/15/2004,MP,,bsee_war,True,TODCO 204 - JACKUP RIG,drilling_rig,,,jackup,jackup_70m,5.5,generic,,,,,,,,,
TODCO 207,jack_up,,,,,,,,105.0,70.0,76.0,16000.0,,,,4.0,6/5/2004,1/4/2005,SS,,bsee_war,True,TODCO 207,drilling_rig,,,jackup,jackup_70m,5.5,generic,,,,,,,,,
TODCO 250,jack_up,,,,,,,,201.0,70.0,76.0,16000.0,,,,1.0,5/8/2004,3/14/2004,WC,,bsee_war,True,TODCO 250,drilling_rig,,,jackup,jackup_70m,5.5,generic,,,,,,,,,
TODCO 251,jack_up,,,,,,,,95.0,70.0,76.0,16000.0,,,,3.0,7/3/2004,4/10/2006,WC,,bsee_war,True,TODCO 251,drilling_rig,,,jackup,jackup_70m,5.5,generic,,,,,,,,,
TODCO 253,jack_up,,,,,,,,179.0,70.0,76.0,16000.0,,,,4.0,9/25/2004,1/16/2005,VR,,bsee_war,True,TODCO 253,drilling_rig,,,jackup,jackup_70m,5.5,generic,,,,,,,,,
TODCO 27,jack_up,,,,,,,,11.0,70.0,76.0,16000.0,,,,4.0,9/4/2004,1/16/2005,EI,,bsee_war,True,TODCO 27,drilling_rig,,,jackup,jackup_70m,5.5,generic,,,,,,,,,
TODCO 48,jack_up,,,,,,,,13.0,70.0,76.0,16000.0,,,,3.0,9/7/2003,1/1/2006 12:01:00 AM,SM,,bsee_war,True,TODCO 48,drilling_rig,,,jackup,jackup_70m,5.5,generic,,,,,,,,,
TODCO 55,jack_up,,,,,,,,,70.0,76.0,16000.0,,,,1.0,9/9/2006 11:59:00 PM,10/1/2006 12:01:00 AM,EI,,bsee_war,True,TODCO 55,drilling_rig,,,jackup,jackup_70m,5.5,generic,,,,,,,,,
TODCO 64,jack_up,,,,,,,,,70.0,76.0,16000.0,,,,2.0,8/5/2006 11:59:00 PM,1/1/2006 12:01:00 AM,SS,,bsee_war,True,TODCO 64,drilling_rig,,,jackup,jackup_70m,5.5,generic,,,,,,,,,
TODCO 75,jack_up,,,,,,,,62.0,70.0,76.0,16000.0,,,,6.0,9/4/2004,10/31/2004,ST,,bsee_war,True,TODCO 75,drilling_rig,,,jackup,jackup_70m,5.5,generic,,,,,,,,,
TODCO RBF 200,jack_up,,,,,,,,45.0,70.0,76.0,16000.0,,,,1.0,12/7/2003,11/24/2003,EI,,bsee_war,True,TODCO RBF 200,drilling_rig,,,jackup,jackup_70m,5.5,generic,,,,,,,,,
TODCO RBF 205,jack_up,,,,,,,,52.0,70.0,76.0,16000.0,,,,1.0,8/3/2003,7/14/2003,WC,,bsee_war,True,TODCO RBF 205,drilling_rig,,,jackup,jackup_70m,5.5,generic,,,,,,,,,
TODCO/RBF 251,jack_up,,,,,,,,120.0,70.0,76.0,16000.0,,,,1.0,9/3/2004,3/1/2004,EC,,bsee_war,True,TODCO/RBF 251,drilling_rig,,,jackup,jackup_70m,5.5,generic,,,,,,,,,
TODCO RBF 253,jack_up,,,,,,,,131.0,70.0,76.0,16000.0,,,,3.0,9/9/2003,5/18/2003,VK,,bsee_war,True,TODCO RBF 253,drilling_rig,,,jackup,jackup_70m,5.5,generic,,,,,,,,,
TODCO RIG #55,jack_up,,,,,,,,12.0,70.0,76.0,16000.0,,,,1.0,8/6/2005,1/16/2005,SS,,bsee_war,True,TODCO RIG #55,drilling_rig,,,jackup,jackup_70m,5.5,generic,,,,,,,,,
TODCO THE 150,jack_up,,,,,,,,50.0,70.0,76.0,16000.0,,,,1.0,7/3/2004,6/13/2004,CA,,bsee_war,True,TODCO THE 150,drilling_rig,,,jackup,jackup_70m,5.5,generic,,,,,,,,,
TODCO THE 204,jack_up,,,,,,,,30.0,70.0,76.0,16000.0,,,,1.0,9/5/2004,8/28/2004,SS,,bsee_war,True,TODCO THE 204,drilling_rig,,,jackup,jackup_70m,5.5,generic,,,,,,,,,
TODCO THE 207,jack_up,,,,,,,,145.0,70.0,76.0,16000.0,,,,1.0,8/1/2004,6/21/2004,SS,,bsee_war,True,TODCO THE 207,drilling_rig,,,jackup,jackup_70m,5.5,generic,,,,,,,,,
TODCO THE 75,jack_up,,,,,,,,29.0,70.0,76.0,16000.0,,,,1.0,9/3/2005,1/1/2006,WC,,bsee_war,True,TODCO THE 75,drilling_rig,,,jackup,jackup_70m,5.5,generic,,,,,,,,,
TOM JOBE,jack_up,,,,,,,,146.0,70.0,76.0,16000.0,,,,23.0,9/9/1998,1/11/2001,VR,,bsee_war,True,TOM JOBE,drilling_rig,,,jackup,jackup_70m,5.5,generic,,,,,,,,,
TOM TOBE,jack_up,,,,,,,,60.0,70.0,76.0,16000.0,,,,1.0,7/28/2004,7/11/2004,WC,,bsee_war,True,TOM TOBE,drilling_rig,,,jackup,jackup_70m,5.5,generic,,,,,,,,,
TOME JOBE,jack_up,,,,,,,,60.0,70.0,76.0,16000.0,,,,1.0,8/7/2004,7/28/2004,WC,,bsee_war,True,TOME JOBE,drilling_rig,,,jackup,jackup_70m,5.5,generic,,,,,,,,,
TONALA,jack_up,,,,,,,,,70.0,76.0,16000.0,,,,1.0,6/13/2000,6/5/2000,SS,,bsee_war,True,TONALA,drilling_rig,,,jackup,jackup_70m,5.5,generic,,,,,,,,,
TOR VIKING,jack_up,,,,,,,,,70.0,76.0,16000.0,,,,4.0,8/31/2001,1/10/1998,EB,,bsee_war,True,TOR VIKING,drilling_rig,,,jackup,jackup_70m,5.5,generic,,,,,,,,,
TOR VIKING (SS),jack_up,,,,,,,,,70.0,76.0,16000.0,,,,1.0,8/3/1998,6/23/1998,EW,,bsee_war,True,TOR VIKING (SS),drilling_rig,,,jackup,jackup_70m,5.5,generic,,,,,,,,,
TRANOCEAN AMIRANTE,semi_submersible,,,,,,,,1694.0,104.0,78.0,45000.0,,,,1.0,6/6/2005,5/15/2005,EW,,bsee_war,True,TRANOCEAN AMIRANTE,drilling_rig,,,semi_sub,semi_sub_100m,21.0,generic,,,,,,,,,
TRANOCEAN MARIANANS,semi_submersible,,,,,,,,,104.0,78.0,45000.0,,,,1.0,6/8/1999,5/12/1999,MC,,bsee_war,True,TRANOCEAN MARIANANS,drilling_rig,,,semi_sub,semi_sub_100m,21.0,generic,,,,,,,,,
TRANSOCEAN,semi_submersible,,,,,,,,1694.0,104.0,78.0,45000.0,,,,1.0,9/3/2005,8/22/2005,EW,,bsee_war,True,TRANSOCEAN,drilling_rig,,,semi_sub,semi_sub_100m,21.0,generic,,,,,,,,,
TRANSOCEAN CAJUN EXPRESS,semi_submersible,,,,,,,,7927.0,104.0,78.0,45000.0,,,,6.0,8/5/2002,1/14/2003,MC,,bsee_war,True,TRANSOCEAN CAJUN EXPRESS,drilling_rig,,,semi_sub,semi_sub_100m,21.0,generic,,,,,,,,,
TRANSOCEAN 96,semi_submersible,,,,,,,,484.0,104.0,78.0,45000.0,,,,24.0,9/7/1998,1/1/2002,GB,,bsee_war,True,TRANSOCEAN 96,drilling_rig,,,semi_sub,semi_sub_100m,21.0,generic,,,,,,,,,
TRANSOCEAN 201,semi_submersible,,,,,,,,,104.0,78.0,45000.0,,,,2.0,2/2/2003,1/20/2002,EC,,bsee_war,True,TRANSOCEAN 201,drilling_rig,,,semi_sub,semi_sub_100m,21.0,generic,,,,,,,,,
TRANSOCEAN 204,semi_submersible,,,,,,,,,104.0,78.0,45000.0,,,,2.0,9/8/2002,10/14/2001,SS,,bsee_war,True,TRANSOCEAN 204,drilling_rig,,,semi_sub,semi_sub_100m,21.0,generic,,,,,,,,,
TRANSOCEAN AMIRANTE,semi_submersible,,,,,,,,1694.0,104.0,78.0,45000.0,,,,10.0,9/4/2001,1/1/2002,GC,,bsee_war,True,TRANSOCEAN AMIRANTE,drilling_rig,,,semi_sub,semi_sub_100m,21.0,generic,,,,,,,,,
TRANSOCEAN DEEPWATER ASGARD,drillship,,,,,,,,,228.0,42.0,96000.0,,,,3.0,9/5/2015 11:59:00 PM,10/11/2015 12:01:00 AM,GC,,bsee_war,True,TRANSOCEAN DEEPWATER ASGARD,drilling_rig,,,drillship,drillship_230m,12.0,generic,,,,,,,,,
TRANSOCEAN DEEPWATER HORIZON,drillship,,,,,,,,2925.0,228.0,42.0,96000.0,,,,1.0,4/1/2004,1/19/2004,MC,,bsee_war,True,TRANSOCEAN DEEPWATER HORIZON,drilling_rig,,,drillship,drillship_230m,12.0,generic,,,,,,,,,
TRANSOCEAN DEEPWATER MILLENNIU,drillship,,,,,,,,3984.0,228.0,42.0,96000.0,,,,1.0,5/8/2004,5/16/2004,GC,,bsee_war,True,TRANSOCEAN DEEPWATER MILLENNIU,drilling_rig,,,drillship,drillship_230m,12.0,generic,,,,,,,,,
TRANSOCEAN DEEPWATER NAUTILUS,drillship,,,,,,,,3443.0,228.0,42.0,96000.0,,,,1.0,9/3/2005,1/1/2006,GC,,bsee_war,True,TRANSOCEAN DEEPWATER NAUTILUS,drilling_rig,,,drillship,drillship_230m,12.0,generic,,,,,,,,,
TRANSOCEAN DF-96,semi_submersible,,,,,,,,,104.0,78.0,45000.0,,,,2.0,3/9/1998,1/13/1998,GB,,bsee_war,True,TRANSOCEAN DF-96,drilling_rig,,,semi_sub,semi_sub_100m,21.0,generic,,,,,,,,,
TRANSOCEAN DISCOVER SPIRIT,semi_submersible,,,,,,,,7038.0,104.0,78.0,45000.0,,,,1.0,7/3/2004,5/16/2004,WR,,bsee_war,True,TRANSOCEAN DISCOVER SPIRIT,drilling_rig,,,semi_sub,semi_sub_100m,21.0,generic,,,,,,,,,
TRANSOCEAN DISCOVER SPIRT,semi_submersible,,,,,,,,,104.0,78.0,45000.0,,,,1.0,9/24/2001,10/1/2001,GC,,bsee_war,True,TRANSOCEAN DISCOVER SPIRT,drilling_rig,,,semi_sub,semi_sub_100m,21.0,generic,,,,,,,,,
TRANSOCEAN DISCOVER SPRIT,semi_submersible,,,,,,,,,104.0,78.0,45000.0,,,,1.0,9/29/2000,10/16/2000,WR,,bsee_war,True,TRANSOCEAN DISCOVER SPRIT,drilling_rig,,,semi_sub,semi_sub_100m,21.0,generic,,,,,,,,,
TRANSOCEAN DISCOVERER 534,drillship,,,,,,,,,228.0,42.0,96000.0,,,,5.0,9/5/1999,1/13/2000,MC,,bsee_war,True,TRANSOCEAN DISCOVERER 534,drilling_rig,,,drillship,drillship_230m,12.0,generic,,,,,,,,,
TRANSOCEAN DISCOVERER SEVEN,drillship,,,,,,,,,228.0,42.0,96000.0,,,,1.0,6/3/1999,3/12/1999,MC,,bsee_war,True,TRANSOCEAN DISCOVERER SEVEN,drilling_rig,,,drillship,drillship_230m,12.0,generic,,,,,,,,,
TRANSOCEAN DISCOVERER SEVEN SE,drillship,,,,,,,,,228.0,42.0,96000.0,,,,1.0,7/8/1999,6/11/1999,MC,,bsee_war,True,TRANSOCEAN DISCOVERER SEVEN SE,drilling_rig,,,drillship,drillship_230m,12.0,generic,,,,,,,,,
TRANSOCEAN DISCOVERER SPIRIT,drillship,,,,,,,,9627.0,228.0,42.0,96000.0,,,,10.0,9/4/2004,1/12/2001,KC,,bsee_war,True,TRANSOCEAN DISCOVERER SPIRIT,drilling_rig,,,drillship,drillship_230m,12.0,generic,,,,,,,,,
TRANSOCEAN DISCOVERER SPIRT,drillship,,,,,,,,5314.0,228.0,42.0,96000.0,,,,3.0,9/3/2001,1/10/2004,GC,,bsee_war,True,TRANSOCEAN DISCOVERER SPIRT,drilling_rig,,,drillship,drillship_230m,12.0,generic,,,,,,,,,
TRANSOCEAN F-100,semi_submersible,,,,,,,,1041.0,104.0,78.0,45000.0,,,,1.0,4/9/2005,2/13/2005,GC,,bsee_war,True,TRANSOCEAN F-100,drilling_rig,,,semi_sub,semi_sub_100m,21.0,generic,,,,,,,,,
TRANSOCEAN FALCON #52,semi_submersible,,,,,,,,,104.0,78.0,45000.0,,,,1.0,3/2/2003,1/13/2003,SM,,bsee_war,True,TRANSOCEAN FALCON #52,drilling_rig,,,semi_sub,semi_sub_100m,21.0,generic,,,,,,,,,
TRANSOCEAN FALCON 204,semi_submersible,,,,,,,,104.0,104.0,78.0,45000.0,,,,2.0,6/7/2003,3/11/2003,GA,,bsee_war,True,TRANSOCEAN FALCON 204,drilling_rig,,,semi_sub,semi_sub_100m,21.0,generic,,,,,,,,,
TRANSOCEAN FALCON RIG #52,semi_submersible,,,,,,,,,104.0,78.0,45000.0,,,,1.0,6/9/2002,6/3/2002,SM,,bsee_war,True,TRANSOCEAN FALCON RIG #52,drilling_rig,,,semi_sub,semi_sub_100m,21.0,generic,,,,,,,,,
TRANSOCEAN G. RICHARDSON,semi_submersible,,,,,,,,,104.0,78.0,45000.0,,,,3.0,9/7/1999,1/13/1999,GB,,bsee_war,True,TRANSOCEAN G. RICHARDSON,drilling_rig,,,semi_sub,semi_sub_100m,21.0,generic,,,,,,,,,
TRANSOCEAN HENRY GOODRICH,semi_submersible,,,,,,,,,104.0,78.0,45000.0,,,,2.0,2/9/2008 11:59:00 PM,1/13/2008 12:01:00 AM,GC,,bsee_war,True,TRANSOCEAN HENRY GOODRICH,drilling_rig,,,semi_sub,semi_sub_100m,21.0,generic,,,,,,,,,
TRANSOCEAN MARIANA,semi_submersible,,,,,,,,,104.0,78.0,45000.0,,,,1.0,12/27/1999,12/21/1999,GC,,bsee_war,True,TRANSOCEAN MARIANA,drilling_rig,,,semi_sub,semi_sub_100m,21.0,generic,,,,,,,,,
TRANSOCEAN MARIANAS,semi_submersible,,,,,,7000.0,25000.0,7000.0,96.01,75.9,,,,1979.0,30.0,9/8/2003,1/1/2001,MC,,bsee_war,True,TRANSOCEAN MARIANAS,drilling_rig,,,semi_sub,semi_sub_100m,,,,,,,,,,,
TRANSOCEAN MILLENNIUM,semi_submersible,,,,,,,,7850.0,104.0,78.0,45000.0,,,,2.0,7/25/2001,4/11/2004,DC,,bsee_war,True,TRANSOCEAN MILLENNIUM,drilling_rig,,,semi_sub,semi_sub_100m,21.0,generic,,,,,,,,,
TRANSOCEAN NAUTILUS,semi_submersible,,,,,,,,7570.0,104.0,78.0,45000.0,,,,2.0,5/8/2004,2/29/2004,MC,,bsee_war,True,TRANSOCEAN NAUTILUS,drilling_rig,,,semi_sub,semi_sub_100m,21.0,generic,,,,,,,,,
TRANSOCEAN PATHFINDER,semi_submersible,,,,,,,,4114.0,104.0,78.0,45000.0,,,,2.0,9/25/2004,10/10/2004,EB,,bsee_war,True,TRANSOCEAN PATHFINDER,drilling_rig,,,semi_sub,semi_sub_100m,21.0,generic,,,,,,,,,
TRANSOCEAN RATHER,semi_submersible,,,,,,5000.0,25000.0,5000.0,99.06,87.48,,,,1988.0,25.0,9/8/1998,1/10/2002,MC,,bsee_war,True,TRANSOCEAN RATHER,drilling_rig,,,semi_sub,semi_sub_100m,,,,,,,,,,,
TRANSOCEAN RBF 200,semi_submersible,,,,,,,,,104.0,78.0,45000.0,,,,2.0,2/3/2003,1/1/2003,SS,,bsee_war,True,TRANSOCEAN RBF 200,drilling_rig,,,semi_sub,semi_sub_100m,21.0,generic,,,,,,,,,
TRANSOCEAN RBF 201,semi_submersible,,,,,,,,,104.0,78.0,45000.0,,,,2.0,9/8/2002,10/14/2002,HI,,bsee_war,True,TRANSOCEAN RBF 201,drilling_rig,,,semi_sub,semi_sub_100m,21.0,generic,,,,,,,,,
TRANSOCEAN RICHARDSON,semi_submersible,,,,,,5000.0,25000.0,5000.0,99.06,87.17,,,,1988.0,26.0,9/6/2002,1/1/2002,GB,,bsee_war,True,TRANSOCEAN RICHARDSON,drilling_rig,,,semi_sub,semi_sub_100m,,,,,,,,,,,
TRANSOCEAN RIG 96,semi_submersible,,,,,,,,,104.0,78.0,45000.0,,,,2.0,6/4/2001,5/15/2001,VK,,bsee_war,True,TRANSOCEAN RIG 96,drilling_rig,,,semi_sub,semi_sub_100m,21.0,generic,,,,,,,,,
TRANSOCEAN SEDCO FOREX 207,semi_submersible,,,,,,,,,104.0,78.0,45000.0,,,,2.0,5/6/2001,4/30/1991,BA,,bsee_war,True,TRANSOCEAN SEDCO FOREX 207,drilling_rig,,,semi_sub,semi_sub_100m,21.0,generic,,,,,,,,,
TRANSOCEAN SEDCO FOREX RBF 205,semi_submersible,,,,,,,,,104.0,78.0,45000.0,,,,1.0,9/28/2001,9/15/2001,SS,,bsee_war,True,TRANSOCEAN SEDCO FOREX RBF 205,drilling_rig,,,semi_sub,semi_sub_100m,21.0,generic,,,,,,,,,
TRANSOCEAN SEDCO FOREX RBF205,semi_submersible,,,,,,,,,104.0,78.0,45000.0,,,,1.0,11/2/2001,10/13/2001,SS,,bsee_war,True,TRANSOCEAN SEDCO FOREX RBF205,drilling_rig,,,semi_sub,semi_sub_100m,21.0,generic,,,,,,,,,
TRANSOCEAN96,semi_submersible,,,,,,,,,104.0,78.0,45000.0,,,,1.0,3/8/1999,1/26/1999,MC,,bsee_war,True,TRANSOCEAN96,drilling_rig,,,semi_sub,semi_sub_100m,21.0,generic,,,,,,,,,
TRANSOCEANMARIANAS,semi_submersible,,,,,,,,,104.0,78.0,45000.0,,,,1.0,4/4/2003,3/22/2003,GB,,bsee_war,True,TRANSOCEANMARIANAS,drilling_rig,,,semi_sub,semi_sub_100m,21.0,generic,,,,,,,,,
TRNASOCEAN 96,semi_submersible,,,,,,,,,104.0,78.0,45000.0,,,,1.0,12/7/1998,11/10/1998,GC,,bsee_war,True,TRNASOCEAN 96,drilling_rig,,,semi_sub,semi_sub_100m,21.0,generic,,,,,,,,,
TRNASOCEAN RICHARDSON,semi_submersible,,,,,,,,,104.0,78.0,45000.0,,,,1.0,8/9/2002,8/17/2002,GB,,bsee_war,True,TRNASOCEAN RICHARDSON,drilling_rig,,,semi_sub,semi_sub_100m,21.0,generic,,,,,,,,,
TSF 201,jack_up,,,,,,,,,70.0,76.0,16000.0,,,,5.0,9/30/2001,1/14/2002,HI,,bsee_war,True,TSF 201,drilling_rig,,,jackup,jackup_70m,5.5,generic,,,,,,,,,
TSF DEEPWATER HORIZON,drillship,,,,,,,,,228.0,42.0,96000.0,,,,5.0,5/4/2002,2/14/2002,VK,,bsee_war,True,TSF DEEPWATER HORIZON,drilling_rig,,,drillship,drillship_230m,12.0,generic,,,,,,,,,
TSF ENTERPRISE,jack_up,,,,,,,,,70.0,76.0,16000.0,,,,8.0,9/4/2001,1/10/2002,MC,,bsee_war,True,TSF ENTERPRISE,drilling_rig,,,jackup,jackup_70m,5.5,generic,,,,,,,,,
TSF NAUTILUS,semi_submersible,,,,,,,,,104.0,78.0,45000.0,,,,5.0,9/9/2002,1/1/2002,MC,,bsee_war,True,TSF NAUTILUS,drilling_rig,,,semi_sub,semi_sub_100m,21.0,generic,,,,,,,,,
UNCLE JOHN,support_vessel,,,,,,,,4339.0,,,,,,,6.0,5/3/2005,4/17/2005,EI,,bsee_war,True,UNCLE JOHN,drilling_rig,,,,,,,,,,,,,,,
VALARIS 8503 (ENSCO 8503),jack_up,,,,,,,,,70.0,76.0,16000.0,,,,9.0,9/7/2019 11:59:00 PM,1/12/2020 12:01:00 AM,MC,,bsee_war,True,VALARIS 8503 (ENSCO 8503),drilling_rig,,,jackup,jackup_70m,5.5,generic,,,,,,,,,
VALARIS 8505 (ENSCO 8505),jack_up,,,,,,,,,70.0,76.0,16000.0,,,,10.0,9/9/2023 11:59:00 PM,1/10/2021 12:01:00 AM,MC,,bsee_war,True,VALARIS 8505 (ENSCO 8505),drilling_rig,,,jackup,jackup_70m,5.5,generic,,,,,,,,,
VALARIS DPS-5,semi_submersible,,Valaris Limited,,,,8000.0,,,120.0,90.0,55000.0,,3.0,2009.0,3.0,12/9/2023 11:59:00 PM,1/14/2024 12:01:00 AM,SP,,bsee_war,True,VALARIS DPS-5,drilling_rig,,,semi_sub,semi_sub_120m,24.0,estimated,,,,,,,,,
VALARIS DS-15 (ROWAN RENAISSANCE),jack_up,,,,,,,,,70.0,76.0,16000.0,,,,3.0,5/9/2020 11:59:00 PM,1/11/2020,WR,,bsee_war,True,VALARIS DS-15 (ROWAN RENAISSANCE),drilling_rig,,,jackup,jackup_70m,5.5,generic,,,,,,,,,
VALARIS DS-16 (ROWAN RESOLUTE),jack_up,,,,,,,,,70.0,76.0,16000.0,,,,37.0,9/9/2023,1/1/2023 12:01:00 AM,GC,,bsee_war,True,VALARIS DS-16 (ROWAN RESOLUTE),drilling_rig,,,jackup,jackup_70m,5.5,generic,,,,,,,,,
VALARIS DS-18 (ROWAN RELENTLESS),jack_up,,,,,,,,,70.0,76.0,16000.0,,,,32.0,9/9/2024,1/1/2023 12:01:00 AM,MC,,bsee_war,True,VALARIS DS-18 (ROWAN RELENTLESS),drilling_rig,,,jackup,jackup_70m,5.5,generic,,,,,,,,,
VALARIS JU-102 (ENSCO 102),jack_up,,,,,,,,,70.0,76.0,16000.0,,,,12.0,9/7/2019 11:59:00 PM,10/1/2020,MP,,bsee_war,True,VALARIS JU-102 (ENSCO 102),drilling_rig,,,jackup,jackup_70m,5.5,generic,,,,,,,,,
VALARIS JU-144 (ROWAN EXL II),jack_up,,,,,,,,,70.0,76.0,16000.0,,,,13.0,9/3/2022 11:59:00 PM,1/1/2023 12:01:00 AM,EI,,bsee_war,True,VALARIS JU-144 (ROWAN EXL II),drilling_rig,,,jackup,jackup_70m,5.5,generic,,,,,,,,,
VALARIS JU-145 (ROWAN EXL III),jack_up,,,,,,,,,70.0,76.0,16000.0,,,,1.0,7/21/2019 11:59:00 PM,7/14/2019 12:01:00 AM,GI,,bsee_war,True,VALARIS JU-145 (ROWAN EXL III),drilling_rig,,,jackup,jackup_70m,5.5,generic,,,,,,,,,
VALARIS JU-68 (ENSCO 68),jack_up,,,,,,,,,70.0,76.0,16000.0,,,,2.0,8/3/2019 11:59:00 PM,5/26/2019 12:01:00 AM,SS,,bsee_war,True,VALARIS JU-68 (ENSCO 68),drilling_rig,,,jackup,jackup_70m,5.5,generic,,,,,,,,,
VALARIS JU-75 (ENSCO 75),jack_up,,,,,,,,,70.0,76.0,16000.0,,,,3.0,9/7/2019 11:59:00 PM,1/12/2020 12:01:00 AM,EC,,bsee_war,True,VALARIS JU-75 (ENSCO 75),drilling_rig,,,jackup,jackup_70m,5.5,generic,,,,,,,,,
VALARIS JU-87 (ENSCO 87),jack_up,,,,,,,,,70.0,76.0,16000.0,,,,23.0,9/7/2019 11:59:00 PM,1/12/2020 12:01:00 AM,MP,,bsee_war,True,VALARIS JU-87 (ENSCO 87),drilling_rig,,,jackup,jackup_70m,5.5,generic,,,,,,,,,
VALOR LIFT BOAT,lift_boat,,,,,,,,34.0,70.0,76.0,16000.0,,,,1.0,11/21/2003,10/11/2003,MP,,bsee_war,True,VALOR LIFT BOAT,drilling_rig,,,jackup,jackup_70m,5.5,generic,,,,,,,,,
VANTAGE TITANIUM EXPLORER,drillship,,,,,,,,,228.0,42.0,96000.0,,,,5.0,9/7/2015 11:59:00 PM,1/11/2015 12:01:00 AM,WR,,bsee_war,True,VANTAGE TITANIUM EXPLORER,drilling_rig,,,drillship,drillship_230m,12.0,generic,,,,,,,,,
W/EL,wireline_unit,,,,,,,,,,,,,,,1.0,3/7/2003,3/1/2003,EI,,bsee_war,True,W/EL,drilling_rig,,,,,,,,,,,,,,,
W/L,wireline_unit,,,,,,,,4287.0,,,,,,,5.0,7/31/2002,2/14/2005,ST,,bsee_war,True,W/L,drilling_rig,,,,,,,,,,,,,,,
W/L UNIT,wireline_unit,,,,,,,,310.0,,,,,,,2.0,9/17/2005,3/28/2004,HI,,bsee_war,True,W/L UNIT,drilling_rig,,,,,,,,,,,,,,,
WE/EL,wireline_unit,,,,,,,,,,,,,,,1.0,3/7/2003,3/1/2003,EI,,bsee_war,True,WE/EL,drilling_rig,,,,,,,,,,,,,,,
WEATHERFORD WIRELINE,wireline_unit,,,,,,,,,,,,,,,1.0,3/31/2002,3/25/2002,SS,,bsee_war,True,WEATHERFORD WIRELINE,drilling_rig,,,,,,,,,,,,,,,
WFD 250,jack_up,,,,,,,,,70.0,76.0,16000.0,,,,73.0,9/9/2023 11:59:00 PM,1/1/2023 12:01:00 AM,EI,,bsee_war,True,WFD 250,drilling_rig,,,jackup,jackup_70m,5.5,generic,,,,,,,,,
WFD 300,jack_up,,,,,,,,,70.0,76.0,16000.0,,,,52.0,9/9/2017 11:59:00 PM,1/12/2020 12:01:00 AM,ST,,bsee_war,True,WFD 300,drilling_rig,,,jackup,jackup_70m,5.5,generic,,,,,,,,,
WFD 350,jack_up,,,,,,,,,70.0,76.0,16000.0,,,,61.0,9/8/2018 11:59:00 PM,1/10/2021 12:01:00 AM,EI,,bsee_war,True,WFD 350,drilling_rig,,,jackup,jackup_70m,5.5,generic,,,,,,,,,
WFD 400,jack_up,,,,,,,,,70.0,76.0,16000.0,,,,55.0,9/9/2025 11:59:00 PM,1/11/2026 12:01:00 AM,EI,,bsee_war,True,WFD 400,drilling_rig,,,jackup,jackup_70m,5.5,generic,,,,,,,,,
WIRELINE,wireline_unit,,,,,,,,660.0,,,,,,,175.0,9/9/2005,1/10/2004,SM,,bsee_war,True,WIRELINE,drilling_rig,,,,,,,,,,,,,,,
WIRELINE/CTU,wireline_unit,,,,,,,,293.0,,,,,,,2.0,9/21/2003,10/10/2004,EI,,bsee_war,True,WIRELINE/CTU,drilling_rig,,,,,,,,,,,,,,,
WIRELINE UNIT / ELECTRIC LINE,wireline_unit,,,,,,,,118.0,,,,,,,1.0,11/8/2003,10/26/2003,EC,,bsee_war,True,WIRELINE UNIT / ELECTRIC LINE,drilling_rig,,,,,,,,,,,,,,,
WIRELINE UNIT/COILED TUBING,wireline_unit,,,,,,,,115.0,,,,,,,1.0,7/28/2003,1/2/2005,ST,,bsee_war,True,WIRELINE UNIT/COILED TUBING,drilling_rig,,,,,,,,,,,,,,,
WIRELINE UNIT/CT UNIT,wireline_unit,,,,,,,,,,,,,,,1.0,8/3/2003,7/14/2003,EI,,bsee_war,True,WIRELINE UNIT/CT UNIT,drilling_rig,,,,,,,,,,,,,,,
WIRELINE UNIT/CTU,wireline_unit,,,,,,,,28.0,,,,,,,1.0,8/14/2004,8/8/2004,EI,,bsee_war,True,WIRELINE UNIT/CTU,drilling_rig,,,,,,,,,,,,,,,
WIRELINE/EL,wireline_unit,,,,,,,,174.0,,,,,,,13.0,9/4/2004,10/10/2004,MP,,bsee_war,True,WIRELINE/EL,drilling_rig,,,,,,,,,,,,,,,
WIRELINE/COIL TUBING,wireline_unit,,,,,,,,37.0,,,,,,,2.0,8/21/2004,10/28/2002,MP,,bsee_war,True,WIRELINE/COIL TUBING,drilling_rig,,,,,,,,,,,,,,,
WIRELINE/COIL TUBING UNIT,wireline_unit,,,,,,,,72.0,,,,,,,1.0,11/2/2003,10/27/2003,WC,,bsee_war,True,WIRELINE/COIL TUBING UNIT,drilling_rig,,,,,,,,,,,,,,,
WIRELINE/ELECTRIC LINE,wireline_unit,,,,,,,,,,,,,,,1.0,6/6/2003,3/14/2003,SP,,bsee_war,True,WIRELINE/ELECTRIC LINE,drilling_rig,,,,,,,,,,,,,,,
WIRELINE/ELECTRIC LINE UNIT,wireline_unit,,,,,,,,174.0,,,,,,,1.0,12/16/2004,12/12/2004,MP,,bsee_war,True,WIRELINE/ELECTRIC LINE UNIT,drilling_rig,,,,,,,,,,,,,,,
WIRELINE/ELU,wireline_unit,,,,,,,,42.0,,,,,,,1.0,6/11/2003,6/9/2003,VR,,bsee_war,True,WIRELINE/ELU,drilling_rig,,,,,,,,,,,,,,,
WL,wireline_unit,,,,,,,,3214.0,,,,,,,55.0,9/4/2004,1/1/1999,ST,,bsee_war,True,WL,drilling_rig,,,,,,,,,,,,,,,
WL & CT UNITS,wireline_unit,,,,,,,,,,,,,,,1.0,5/23/2004,5/16/2004,HI,,bsee_war,True,WL & CT UNITS,drilling_rig,,,,,,,,,,,,,,,
WL/CTU,wireline_unit,,,,,,,,60.0,,,,,,,4.0,8/12/2006,1/22/2006,ST,,bsee_war,True,WL/CTU,drilling_rig,,,,,,,,,,,,,,,
WL/EL,wireline_unit,,,,,,,,192.0,,,,,,,22.0,5/9/2003,3/1/2003,VR,,bsee_war,True,WL/EL,drilling_rig,,,,,,,,,,,,,,,
WL AND CTU,wireline_unit,,,,,,,,,,,,,,,1.0,1/16/2003,1/15/2003,SS,,bsee_war,True,WL AND CTU,drilling_rig,,,,,,,,,,,,,,,
WL UNIT,wireline_unit,,,,,,,,4804.0,,,,,,,92.0,9/4/2004,1/12/2004,GA,,bsee_war,True,WL UNIT,drilling_rig,,,,,,,,,,,,,,,
WL UNIT OPERATING OF DSV,wireline_unit,,,,,,,,187.0,,,,,,,1.0,10/26/2003,10/15/2003,WD,,bsee_war,True,WL UNIT OPERATING OF DSV,drilling_rig,,,,,,,,,,,,,,,
"WL UNIT, LB SUPERIOR VALOR",wireline_unit,,,,,,,,92.0,,,,,,,1.0,9/24/2005,9/11/2005,HI,,bsee_war,True,"WL UNIT, LB SUPERIOR VALOR",drilling_rig,,,,,,,,,,,,,,,
WL/ ELECTRIC LINE,wireline_unit,,,,,,,,271.0,,,,,,,1.0,6/29/2005,2/13/2005,MC,,bsee_war,True,WL/ ELECTRIC LINE,drilling_rig,,,,,,,,,,,,,,,
WL/CT UNIT,wireline_unit,,,,,,,,88.0,,,,,,,1.0,11/20/2004,10/10/2004,MI,,bsee_war,True,WL/CT UNIT,drilling_rig,,,,,,,,,,,,,,,
WL/E/,wireline_unit,,,,,,,,,,,,,,,1.0,3/7/2003,3/1/2003,EI,,bsee_war,True,WL/E/,drilling_rig,,,,,,,,,,,,,,,
WL/EL UNITS,wireline_unit,,,,,,,,58.0,,,,,,,6.0,9/9/2004,4/11/2004,HI,,bsee_war,True,WL/EL UNITS,drilling_rig,,,,,,,,,,,,,,,
WL/SL,wireline_unit,,,,,,,,3797.0,,,,,,,4.0,9/9/2003,1/13/2004,EI,,bsee_war,True,WL/SL,drilling_rig,,,,,,,,,,,,,,,
WL/SL UNIT,wireline_unit,,,,,,,,211.0,,,,,,,1.0,9/25/2004,9/19/2004,HI,,bsee_war,True,WL/SL UNIT,drilling_rig,,,,,,,,,,,,,,,
WLP,wireline_unit,,,,,,,,,,,,,,,1.0,10/5/2001,9/29/2001,SM,,bsee_war,True,WLP,drilling_rig,,,,,,,,,,,,,,,
WLU,wireline_unit,,,,,,,,2862.0,,,,,,,95.0,9/8/2003,1/22/2006,WC,,bsee_war,True,WLU,drilling_rig,,,,,,,,,,,,,,,
WLU AND CTU,wireline_unit,,,,,,,,23.0,,,,,,,1.0,3/6/2004,3/14/2004,SM,,bsee_war,True,WLU AND CTU,drilling_rig,,,,,,,,,,,,,,,
WLU/ CTU,wireline_unit,,,,,,,,235.0,,,,,,,1.0,11/12/2005,11/6/2005,WC,,bsee_war,True,WLU/ CTU,drilling_rig,,,,,,,,,,,,,,,
WLY,wireline_unit,,,,,,,,83.0,,,,,,,1.0,5/16/2003,5/13/2003,SS,,bsee_war,True,WLY,drilling_rig,,,,,,,,,,,,,,,
WORK HORSE 4,jack_up,,,,,,,,,70.0,76.0,16000.0,,,,1.0,7/19/1999,7/13/1999,VR,,bsee_war,True,WORK HORSE 4,drilling_rig,,,jackup,jackup_70m,5.5,generic,,,,,,,,,
WORKBOAT,support_vessel,,,,,,,,463.0,,,,,,,1.0,4/9/2005,4/3/2005,SS,,bsee_war,True,WORKBOAT,drilling_rig,,,,,,,,,,,,,,,
WORKED OFF EB 159 A P/F,unknown,,,,,,,,725.0,,,,,,,1.0,6/5/2004,5/20/2004,EB,,bsee_war,True,WORKED OFF EB 159 A P/F,drilling_rig,,,,,,,,,,,,,,,
WORKER,jack_up,,,,,,,,,70.0,76.0,16000.0,,,,2.0,9/29/1998,1/16/1999,VK,,bsee_war,True,WORKER,drilling_rig,,,jackup,jackup_70m,5.5,generic,,,,,,,,,
WORKHORSE #9,jack_up,,,,,,,,,70.0,76.0,16000.0,,,,1.0,12/8/1998,11/30/1998,GI,,bsee_war,True,WORKHORSE #9,drilling_rig,,,jackup,jackup_70m,5.5,generic,,,,,,,,,
WORKHORSE IX,jack_up,,,,,,,,,70.0,76.0,16000.0,,,,18.0,9/9/2001,1/11/1999,EI,,bsee_war,True,WORKHORSE IX,drilling_rig,,,jackup,jackup_70m,5.5,generic,,,,,,,,,
WORKHORSE FOUR,jack_up,,,,,,,,,70.0,76.0,16000.0,,,,1.0,9/6/1999,8/24/1999,HI,,bsee_war,True,WORKHORSE FOUR,drilling_rig,,,jackup,jackup_70m,5.5,generic,,,,,,,,,
WUPERIOR P&A,unknown,,,,,,,,,,,,,,,1.0,12/27/1999,12/21/1999,WC,,bsee_war,True,WUPERIOR P&A,drilling_rig,,,,,,,,,,,,,,,
WYOMING,jack_up,,,,,,,,,70.0,76.0,16000.0,,,,2.0,5/10/1998,4/21/1998,SS,,bsee_war,True,WYOMING,drilling_rig,,,jackup,jackup_70m,5.5,generic,,,,,,,,,
Wotan,semi_submersible,,,,,,,,,104.0,78.0,45000.0,,,,6.0,8/15/2010 11:59:00 PM,8/15/2010 12:01:00 AM,VR,,bsee_war,True,Wotan,drilling_rig,,,semi_sub,semi_sub_100m,21.0,generic,,,,,,,,,
Deepwater Mykonos,drillship,,Transocean Ltd.,,,,10000.0,35000.0,,228.0,42.0,96000.0,,3.0,2011.0,,,,,,bsee_war,True,Deepwater Mykonos,drilling_rig,,https://www.deepwater.com/documents/RigSpecs/Deepwater%20Mykonos.pdf,drillship,drillship_240m,12.0,measured,19.0,25.6,12.5,22046.0,2000.0,,,,
TRANSOCEAN BARENTS,semi_submersible,,Transocean Ltd.,,,,10000.0,30000.0,6500.0,90.0,70.0,64500.0,,3.0,2009.0,,,,,,bsee_war,True,TRANSOCEAN BARENTS,drilling_rig,,https://www.deepwater.com/documents/RigSpecs/Transocean%20Barents.pdf,semi_sub,semi_sub_120m,24.0,measured,,10.3,23.0,6945.0,2000.0,,,,
"Paul B. Loyd, Jr.",semi_submersible,,Transocean Ltd.,,,,1600.0,,,85.0,67.0,30000.0,,,1983.0,,,,,,bsee_war,True,"Paul B. Loyd, Jr.",drilling_rig,,,semi_sub,semi_sub_80m,18.0,estimated,,,,,,,,,
VALARIS DS-4,drillship,,Valaris Limited,,,,12000.0,40000.0,,229.0,42.0,96000.0,,3.0,2010.0,,,,,,bsee_war,True,VALARIS DS-4,drilling_rig,,https://www.valaris.com/files/doc_rigspecs/rigspecs2022/VALARIS-DS-4.pdf,drillship,drillship_240m,12.0,measured,19.0,12.5,25.6,22046.0,,,,,
VALARIS DS-7,drillship,,Valaris Limited,,,,10000.0,40000.0,,228.0,42.0,96000.0,,3.0,2013.0,,,,,,bsee_war,True,VALARIS DS-7,drilling_rig,,https://www.valaris.com/files/doc_rigspecs/rigspecs2022/VALARIS-DS-7.pdf,drillship,drillship_240m,12.0,measured,19.0,25.6,12.5,,,,,,
VALARIS DS-8,drillship,,Valaris Limited,,,,12000.0,40000.0,,230.0,38.0,105000.0,,3.0,2015.0,,,,,,bsee_war,True,VALARIS DS-8,drilling_rig,,https://www.valaris.com/files/doc_rigspecs/rigspecs2022/VALARIS-DS-8.pdf,drillship,drillship_240m,11.0,measured,18.5,12.8,24.8,,,,,,
VALARIS 100,jack_up,,Valaris Limited,,,,300.0,,,70.0,76.0,16000.0,,,1982.0,,,,,,bsee_war,True,VALARIS 100,drilling_rig,,,jackup,jackup_70m,5.5,generic,,,,,,,,,
VALARIS 106,jack_up,,Valaris Limited,,,,350.0,30000.0,,71.3,63.4,16000.0,,,2005.0,,,,,,bsee_war,True,VALARIS 106,drilling_rig,,https://www.valaris.com/files/doc_rigspecs/rigspecs2022/VALARIS-JU-106.pdf,jackup,jackup_70m,5.5,measured,7.6,,,,1500.0,900.0,517.0,70.0,
VALARIS 120,jack_up,,Valaris Limited,,,,400.0,40000.0,,75.0,76.2,16000.0,,,2013.0,,,,,,bsee_war,True,VALARIS 120,drilling_rig,,https://www.valaris.com/files/doc_rigspecs/rigspecs2022/VALARIS-JU-120.pdf,jackup,jackup_70m,5.5,measured,9.4,,,,2500.0,1450.0,540.0,80.0,
VALARIS 121,jack_up,,Valaris Limited,,,,400.0,40000.0,,75.0,76.2,16000.0,,,2014.0,,,,,,bsee_war,True,VALARIS 121,drilling_rig,,https://www.valaris.com/files/doc_rigspecs/rigspecs2022/VALARIS-JU-121.pdf,jackup,jackup_70m,5.5,measured,9.4,,,,2500.0,1450.0,540.0,80.0,
Var,jack_up,,Borr Drilling Limited,,,,400.0,35000.0,,75.0,68.9,18381.0,,,2024.0,,,,,,bsee_war,True,Var,drilling_rig,,,jackup,jackup_70m,5.8,measured,8.2,,,4850.0,2000.0,,517.0,75.0,
Natt,jack_up,,Borr Drilling Limited,,,,400.0,30000.0,,72.1,68.4,19892.0,,,2018.0,,,,,,bsee_war,True,Natt,drilling_rig,,,jackup,jackup_70m,5.9,measured,8.5,,,3748.0,1500.0,,532.0,75.0,
Gunnlod,jack_up,,Borr Drilling Limited,,,Liberia,400.0,30000.0,,72.1,68.4,19888.0,,,2018.0,,,,,,bsee_war,True,Gunnlod,drilling_rig,,,jackup,jackup_70m,5.9,measured,8.5,,,3974.0,1500.0,,532.0,75.0,
Idun,jack_up,,Borr Drilling Limited,,,,350.0,35000.0,,75.0,68.9,17414.0,,,2013.0,,,,,,bsee_war,True,Idun,drilling_rig,,,jackup,jackup_70m,5.5,measured,7.6,,,4600.0,1500.0,,486.0,75.0,
Ran,jack_up,,Borr Drilling Limited,,,Liberia,400.0,35000.0,,75.0,70.7,23520.0,,,2013.0,,,,,,bsee_war,True,Ran,drilling_rig,,,jackup,jackup_70m,6.7,measured,9.4,,,4104.0,2000.0,,525.0,75.0,
Ocean Apex,semi_submersible,,Noble Corporation plc,,,,6000.0,30000.0,,110.0,97.5,45000.0,,,2014.0,,,,,,contractor_fleet_page,True,Ocean Apex,drilling_rig,Enhanced Victory Class,https://s201.q4cdn.com/439848451/files/doc_downloads/fleet/2024/08/apex-specification-sheet-revised.pdf,semi_sub,semi_sub_100m,23.2,measured,,24.6,22.0,7840.0,,,,,
Noble BlackHawk,drillship,,Noble Corporation plc,,,,12000.0,40000.0,,230.7,36.0,70459.0,,,2015.0,,,,,,contractor_fleet_page,True,Noble BlackHawk,drilling_rig,Gusto P10000,https://s201.q4cdn.com/439848451/files/doc_downloads/fleet/2024/08/blackhawk-specification-sheet-revised.pdf,drillship,drillship_240m,11.0,measured,,22.2,9.8,24300.0,,,,,
Noble BlackHornet,drillship,,Noble Corporation plc,,,,12000.0,40000.0,,230.7,36.0,70459.0,,,2015.0,,,,,,contractor_fleet_page,True,Noble BlackHornet,drilling_rig,Gusto P10000,https://s201.q4cdn.com/439848451/files/doc_downloads/fleet/2024/08/blackhornet-specification.pdf,drillship,drillship_240m,11.0,measured,,22.2,9.8,24300.0,,,,,
Noble BlackLion,drillship,,Noble Corporation plc,,,,12000.0,40000.0,,230.7,36.0,70459.0,,,2015.0,,,,,,contractor_fleet_page,True,Noble BlackLion,drilling_rig,Gusto P10000,https://s201.q4cdn.com/439848451/files/doc_downloads/fleet/2024/08/ocean-blacklion-specification.pdf,drillship,drillship_240m,12.0,measured,,22.2,9.8,24300.0,,,,,
Noble Courage,drillship,,Noble Corporation plc,,,,10000.0,40000.0,,74.4,74.4,46700.0,,,2009.0,,,,,,contractor_fleet_page,True,Noble Courage,drilling_rig,F&G ExD Millennium,https://s201.q4cdn.com/439848451/files/doc_downloads/fleet/2024/08/ocean-courage-specification-sheet-revised.pdf,drillship,drillship_240m,18.0,measured,,41.3,9.0,8929.0,,,,,
Noble Endeavor,semi_submersible,,Noble Corporation plc,,,,8000.0,35000.0,,93.3,93.3,42570.0,,,1975.0,,,,,,contractor_fleet_page,True,Noble Endeavor,drilling_rig,Odeco Victory,https://s201.q4cdn.com/439848451/files/doc_downloads/fleet/2024/08/endeavor-specification-sheet-revised.pdf,semi_sub,semi_sub_120m,22.7,measured,,27.7,7.6,6614.0,,,,,
Noble GreatWhite,drillship,,Noble Corporation plc,,,,9840.0,35000.0,,96.1,77.8,68375.0,,,2016.0,,,,,,contractor_fleet_page,True,Noble GreatWhite,drilling_rig,Moss CS60E,https://s201.q4cdn.com/439848451/files/doc_downloads/fleet/2024/08/greatwhite-specification-sheet-revised.pdf,drillship,drillship_240m,23.5,measured,,29.1,9.0,8267.0,,,,,
Noble BlackRhino,drillship,,Noble Corporation plc,,,,12000.0,40000.0,,230.7,36.0,70459.0,,,2015.0,,,,,,contractor_fleet_page,True,Noble BlackRhino,drilling_rig,Gusto P10000,https://s201.q4cdn.com/439848451/files/doc_downloads/fleet/2024/08/ocean-blackrhino-specification-sheet-revised.pdf,drillship,drillship_240m,11.0,measured,,22.2,9.8,24300.0,,,,,
Noble Developer,drillship,,Noble Corporation plc,,,,10000.0,40000.0,,117.0,78.0,105000.0,,,2008.0,,,,,,contractor_fleet_page,True,Noble Developer,drilling_rig,DSS21-DPS2,https://s201.q4cdn.com/439848451/files/doc_fleet/2024/01/developer.pdf,drillship,drillship_240m,20.5,measured,19.0,33.0,9.0,11480.0,2000.0,2645.0,,,
Noble Deliverer,drillship,,Noble Corporation plc,,,Marshall Islands,10000.0,40000.0,,117.0,78.0,105000.0,,,2008.0,,,,,,contractor_fleet_page,True,Noble Deliverer,drilling_rig,DSS21-DPS2,https://s201.q4cdn.com/439848451/files/doc_fleet/2024/01/deliverer.pdf,drillship,drillship_240m,20.5,measured,19.0,33.0,9.0,11480.0,2000.0,2645.0,,,
Noble Discoverer,drillship,,Noble Corporation plc,,,Marshall Islands,10000.0,40000.0,,117.0,78.0,105000.0,,,2009.0,,,,,,contractor_fleet_page,True,Noble Discoverer,drilling_rig,DSS21-DPS2,https://s201.q4cdn.com/439848451/files/doc_fleet/2024/01/discoverer.pdf,drillship,drillship_240m,20.5,measured,19.0,,,11480.0,2000.0,2645.0,,,
Noble Faye Kozack,drillship,,Noble Corporation plc,,,Liberia,12000.0,40000.0,,228.0,41.8,105000.0,,,2013.0,,,,,,contractor_fleet_page,True,Noble Faye Kozack,drilling_rig,Samsung 96K,https://s201.q4cdn.com/439848451/files/doc_fleet/2023/noble-faye-kozack.pdf,drillship,drillship_240m,11.9,measured,18.9,25.6,12.5,24250.0,,,,,
Noble Gerry de Souza,drillship,,Noble Corporation plc,,,Liberia,12000.0,40000.0,,228.0,41.8,105000.0,,,2011.0,,,,,,contractor_fleet_page,True,Noble Gerry de Souza,drilling_rig,Samsung 12000 Double Hull,https://s201.q4cdn.com/439848451/files/doc_downloads/fleet/2023/rig-details-noble-gerry-de-souza.pdf,drillship,drillship_240m,11.9,measured,18.9,25.6,12.5,,,,,,
NOBLE GLOBETROTTER I,drillship,,Noble Corporation plc,,,Liberia,10000.0,40000.0,10000.0,189.0,32.0,105000.0,,,2011.0,,,,,,contractor_fleet_page,True,Noble Globetrotter I,drilling_rig,Globetrotter Class,https://s201.q4cdn.com/439848451/files/doc_downloads/fleet/Rig-Details-Noble-GlobetrotterI.pdf,drillship,drillship_240m,11.9,measured,18.9,27.1,11.3,22730.0,2000.0,2100.0,,,
Noble Innovator,jack_up,,Noble Corporation plc,,,Danish,492.0,30000.0,,88.7,102.4,16000.0,,,2003.0,,,,,,contractor_fleet_page,True,Noble Innovator,drilling_rig,Gusto MSC CJ 70 - 150 MC,https://s201.q4cdn.com/439848451/files/doc_downloads/fleet/2023/07/edited-noble-innovator.pdf,jackup,jackup_70m,5.5,measured,12.0,,,14330.0,2000.0,1804.0,,,
Noble Integrator,jack_up,,Noble Corporation plc,,,Marshall Islands,492.0,40000.0,,88.7,105.5,16000.0,,,2014.0,,,,,,contractor_fleet_page,True,Noble Integrator,drilling_rig,Gusto MSC CJ70 X150 MD,https://s201.q4cdn.com/439848451/files/doc_fleet/2024/01/integrator.pdf,jackup,jackup_70m,5.5,measured,12.0,,,,2000.0,2280.0,,,
Noble Interceptor,jack_up,,Noble Corporation plc,,,Marshall Islands,492.0,40000.0,,88.7,105.2,16000.0,,,2014.0,,,,,,contractor_fleet_page,True,Noble Interceptor,drilling_rig,Gusto MSC CJ70 X150 MD,https://s201.q4cdn.com/439848451/files/doc_fleet/2024/01/interceptor.pdf,jackup,jackup_70m,5.5,measured,12.0,,,,2000.0,2280.0,,,
Noble Intrepid,jack_up,,Noble Corporation plc,,,Marshall Islands,492.0,40000.0,,88.7,105.2,16000.0,,,2014.0,,,,,,contractor_fleet_page,True,Noble Intrepid,drilling_rig,Gusto MSC CJ70 X150 MD,https://s201.q4cdn.com/439848451/files/doc_fleet/2024/01/intrepid.pdf,jackup,jackup_70m,5.5,measured,12.0,,,,2000.0,2280.0,,,
Noble Invincible,jack_up,,Noble Corporation plc,,,Marshall Islands,492.0,40000.0,,88.7,105.2,16000.0,,,2014.0,,,,,,contractor_fleet_page,True,Noble Invincible,drilling_rig,Gusto MSC CJ70 X150 MD,https://s201.q4cdn.com/439848451/files/doc_fleet/2024/01/invincible.pdf,jackup,jackup_70m,5.5,measured,12.0,,,,2000.0,2270.0,,,
Noble Patriot,semi_submersible,,Noble Corporation plc,,,,1476.0,20000.0,,75.0,63.0,33010.0,,,1983.0,,,,,,contractor_fleet_page,True,Noble Patriot,drilling_rig,"Trosvik, Bingo 3000",https://s201.q4cdn.com/439848451/files/doc_downloads/fleet/2024/08/patriot-specification-sheet-revised.pdf,semi_sub,semi_sub_80m,23.5,measured,,6.1,21.9,3858.0,,,,,
Noble Resolve,jack_up,,Noble Corporation plc,,,Marshall Islands,350.0,30000.0,,70.1,68.0,16000.0,,,2009.0,,,,,,contractor_fleet_page,True,Noble Resolve,drilling_rig,Gusto MSC CJ50 X100 MC,https://s201.q4cdn.com/439848451/files/doc_fleet/2024/01/resolve.pdf,jackup,jackup_70m,5.5,measured,9.5,,,4950.0,1500.0,1320.0,,,
Noble Stanley Lafosse,drillship,,Noble Corporation plc,,,Liberia,12000.0,40000.0,,228.0,41.8,105000.0,,,2014.0,,,,,,contractor_fleet_page,True,Noble Stanley Lafosse,drilling_rig,Samsung 96K,https://s201.q4cdn.com/439848451/files/doc_fleet/2023/09/revised-nsl.pdf,drillship,drillship_240m,11.9,measured,18.9,35.1,12.5,,,,,,
Noble Venturer,drillship,,Noble Corporation plc,,,Singapore,12000.0,40000.0,,228.0,42.0,105000.0,,,2014.0,,,,,,contractor_fleet_page,True,Noble Venturer,drilling_rig,"Ship shaped, Samsung 96K",https://s201.q4cdn.com/439848451/files/doc_fleet/2023/08/revised-noble-venturer.pdf,drillship,drillship_240m,12.0,measured,19.0,25.6,12.5,22046.0,2500.0,2645.0,,,
Noble Viking,drillship,,Noble Corporation plc,,,Marshall Islands,12000.0,40000.0,,228.0,42.0,105000.0,,,2013.0,,,,,,contractor_fleet_page,True,Noble Viking,drilling_rig,"Ship shaped, Samsung 96K",https://s201.q4cdn.com/439848451/files/doc_fleet/2024/01/viking.pdf,drillship,drillship_240m,12.0,measured,19.0,25.6,12.5,22046.0,2500.0,2645.0,,,
Noble Voyager,drillship,,Noble Corporation plc,,,Marshall Islands,12000.0,40000.0,,228.0,42.0,105000.0,,,2015.0,,,,,,contractor_fleet_page,True,Noble Voyager,drilling_rig,"Ship shaped, Samsung 96K",https://s201.q4cdn.com/439848451/files/doc_fleet/2024/01/voyager.pdf,drillship,drillship_240m,12.0,measured,19.0,25.6,12.5,22046.0,2500.0,2645.0,,,
SAIPEM 10000,drillship,,Saipem S.p.A.,,,,10000.0,,10000.0,228.0,42.0,,,3.0,2000.0,,,,,,bsee_war,True,SAIPEM 10000,drilling_rig,,,drillship,drillship_230m,,,,,,,,,,,
SAIPEM 12000,drillship,,Saipem S.p.A.,,,,12000.0,,12000.0,238.0,42.0,105000.0,,3.0,2005.0,,,,,,bsee_war,True,SAIPEM 12000,drilling_rig,,,drillship,drillship_240m,12.0,estimated,,,,,,,,,
SCARABEO 5,semi_submersible,,Saipem S.p.A.,,,,5000.0,,6500.0,104.0,78.0,45000.0,,,1990.0,,,,,,bsee_war,True,SCARABEO 5,drilling_rig,,,semi_sub,semi_sub_100m,21.0,estimated,,,,,,,,,
SCARABEO 8,semi_submersible,,Saipem S.p.A.,,,,10000.0,,10000.0,120.0,90.0,55000.0,,3.0,2012.0,,,,,,bsee_war,True,SCARABEO 8,drilling_rig,,,semi_sub,semi_sub_120m,24.0,estimated,,,,,,,,,
SCARABEO 9,semi_submersible,,Saipem S.p.A.,,,,10000.0,,10000.0,120.0,90.0,55000.0,,3.0,2011.0,,,,,,bsee_war,True,SCARABEO 9,drilling_rig,,,semi_sub,semi_sub_120m,24.0,estimated,,,,,,,,,
Sevan Louisiana,semi_submersible,,Seadrill Limited,,,Panama,10000.0,35000.0,,99.1,99.1,58000.0,,,2013.0,,,,,,contractor_fleet_page,True,Sevan Louisiana,drilling_rig,,https://www.seadrill.com/wp-content/uploads/2024/01/Sevan_Louisiana.pdf,semi_sub,semi_sub_100m,12.5,measured,,,,16500.0,,,,,
Sonangol Libongos,drillship,,Sonadrill Holding Ltd,,,Bahamas,12000.0,40000.0,,237.7,41.8,41948.0,,,2015.0,,,,,,contractor_fleet_page,True,Sonangol Libongos,drilling_rig,,https://www.seadrill.com/wp-content/uploads/2024/01/SONANGOL_LIBONGOS.pdf,drillship,drillship_230m,12.0,measured,,,,27500.0,,,,,
Sonangol Quenguela,drillship,,Sonadrill Holding Ltd,,,Bahamas,12000.0,40000.0,,237.7,41.8,41948.0,,,2015.0,,,,,,contractor_fleet_page,True,Sonangol Quenguela,drilling_rig,,https://www.seadrill.com/wp-content/uploads/2024/01/SONANGOL_QUENGUELA.pdf,drillship,drillship_230m,12.0,measured,,,,27500.0,,,,,
WEST AQUARIUS,semi_submersible,,Seadrill Limited,,,Panama,10000.0,34500.0,10000.0,116.7,95.7,55000.0,,,2008.0,,,,,,contractor_fleet_page,True,West Aquarius,drilling_rig,,https://www.seadrill.com/wp-content/uploads/2024/01/West_Aquarius-V3.pdf,semi_sub,semi_sub_100m,23.0,measured,,,,7150.0,,,,,
West Auriga,drillship,,Seadrill Limited,,,Panama,12000.0,37500.0,,228.0,41.8,87700.0,,,2013.0,,,,,,contractor_fleet_page,True,West Auriga,drilling_rig,,https://www.seadrill.com/wp-content/uploads/2024/11/2024-10-West_Auriga.pdf,drillship,drillship_230m,12.0,measured,,,,22000.0,,,,,
WEST CAPELLA,drillship,,Seadrill Limited,,,Panama,10000.0,37500.0,10000.0,228.0,41.8,87700.0,,,2008.0,,,,,,contractor_fleet_page,True,West Capella,drilling_rig,,https://www.seadrill.com/wp-content/uploads/2025/02/2025-02-West_Capella-V2.pdf,drillship,drillship_230m,12.0,measured,,,,20040.0,,,,,
West Carina,drillship,,Seadrill Limited,,,Panama,12000.0,37500.0,,228.0,41.8,87700.0,,,2014.0,,,,,,contractor_fleet_page,True,West Carina,drilling_rig,,https://www.seadrill.com/wp-content/uploads/2024/11/2024-09-West_Carina.pdf,drillship,drillship_230m,12.0,measured,,,,22000.0,,,,,
West Eclipse,semi_submersible,,Seadrill Limited,,,Panama,10000.0,40000.0,,121.0,90.8,46400.0,,,2011.0,,,,,,contractor_fleet_page,True,West Eclipse,drilling_rig,,https://www.seadrill.com/wp-content/uploads/2024/01/West_Eclipse.v1.pdf,semi_sub,semi_sub_100m,16.8,measured,,,,7716.0,,,,,
West Elara,jack_up,,Seadrill Limited,,,Norway,492.0,35000.0,,88.4,97.5,39100.0,,,2011.0,,,,,,contractor_fleet_page,True,West Elara,drilling_rig,,https://www.seadrill.com/wp-content/uploads/2024/01/West_Elara.pdf,jackup,jackup_70m,7.3,measured,11.9,,,11000.0,,,673.0,100.0,75.0
WEST GEMINI,drillship,,Seadrill Limited,,,Panama,10000.0,37500.0,10000.0,228.0,41.8,87700.0,,,2010.0,,,,,,contractor_fleet_page,True,West Gemini,drilling_rig,,https://www.seadrill.com/wp-content/uploads/2024/01/West_Gemini.pdf,drillship,drillship_230m,12.0,measured,,,,20040.0,,,,,
West Jupiter,drillship,,Seadrill Limited,,,Panama,12000.0,37500.0,,228.0,41.8,87700.0,,,2014.0,,,,,,contractor_fleet_page,True,West Jupiter,drilling_rig,,https://www.seadrill.com/wp-content/uploads/2024/01/2024-01_West_Jupiter.pdf,drillship,drillship_230m,12.0,measured,,,,22000.0,,,,,
West Neptune,drillship,,Seadrill Limited,,,Panama,12000.0,37500.0,,228.0,41.8,87700.0,,,2014.0,,,,,,contractor_fleet_page,True,West Neptune,drilling_rig,,https://www.seadrill.com/wp-content/uploads/2025/07/2025-05-West_Neptune.pdf,drillship,drillship_230m,12.0,measured,,,,22000.0,,,,,
WEST PHOENIX,semi_submersible,,Seadrill Limited,,,Panama,10000.0,29500.0,10000.0,82.9,72.5,54000.0,,,2008.0,,,,,,contractor_fleet_page,True,West Phoenix,drilling_rig,,https://www.seadrill.com/wp-content/uploads/2024/01/West_Phoenix-1.pdf,semi_sub,semi_sub_100m,23.5,measured,,,,9881.0,,,,,
WEST POLARIS,drillship,,Seadrill Limited,,,Panama,10000.0,37500.0,10000.0,228.0,41.8,87700.0,,,2008.0,,,,,,contractor_fleet_page,True,West Polaris,drilling_rig,,https://www.seadrill.com/wp-content/uploads/2025/07/2025-05-West_Polaris.pdf,drillship,drillship_230m,12.0,measured,,,,20040.0,,,,,
West Saturn,drillship,,Seadrill Limited,,,Panama,12000.0,37500.0,,228.0,41.8,87700.0,,,2014.0,,,,,,contractor_fleet_page,True,West Saturn,drilling_rig,,https://www.seadrill.com/wp-content/uploads/2024/01/West_Saturn.1.pdf,drillship,drillship_230m,12.0,measured,,,,22000.0,,,,,
West Tellus,drillship,,Seadrill Limited,,,Panama,12000.0,37500.0,,228.0,41.8,87700.0,,,2013.0,,,,,,contractor_fleet_page,True,West Tellus,drilling_rig,,https://www.seadrill.com/wp-content/uploads/2024/01/2024-01_West_Tellus.pdf,drillship,drillship_230m,12.0,measured,,,,22000.0,,,,,
West Vela,drillship,,Seadrill Limited,,,Panama,12000.0,37500.0,,228.0,41.8,87700.0,,,2013.0,,,,,,contractor_fleet_page,True,West Vela,drilling_rig,,https://www.seadrill.com/wp-content/uploads/2024/11/2024-10-West_Vela.pdf,drillship,drillship_230m,12.0,measured,,,,22000.0,,,,,
HYSY 981,semi_submersible,,COSL (China Oilfield Services),,,,10000.0,,9840.0,120.0,90.0,55000.0,,3.0,2012.0,,,,,,bsee_war,True,HYSY 981,drilling_rig,,,semi_sub,semi_sub_120m,24.0,estimated,,,,,,,,,
HYSY 982,semi_submersible,,COSL (China Oilfield Services),,,,5000.0,,,104.0,78.0,45000.0,,,2015.0,,,,,,bsee_war,True,HYSY 982,drilling_rig,,,semi_sub,semi_sub_100m,21.0,estimated,,,,,,,,,
Admarine 5,jack_up,,ADES Holding,,,,300.0,,,70.0,76.0,16000.0,,,2008.0,,,,,,bsee_war,True,Admarine 5,drilling_rig,,,jackup,jackup_70m,5.5,generic,,,,,,,,,
Admarine 11,jack_up,,ADES Holding,,,,350.0,,,70.0,76.0,16000.0,,,2014.0,,,,,,bsee_war,True,Admarine 11,drilling_rig,,,jackup,jackup_70m,5.5,generic,,,,,,,,,
STENA CARRON,drillship,,Stena Drilling,,,,10000.0,,7500.0,238.0,42.0,105000.0,,3.0,2010.0,,,,,,bsee_war,True,STENA CARRON,drilling_rig,,,drillship,drillship_240m,12.0,estimated,,,,,,,,,
Tungsten Explorer,drillship,,Vantage Drilling International,,,,12000.0,,,238.0,42.0,105000.0,,3.0,2013.0,,,,,,bsee_war,True,Tungsten Explorer,drilling_rig,,,drillship,drillship_240m,12.0,estimated,,,,,,,,,
PLATINUM EXPLORER,drillship,,Vantage Drilling International,,,,12000.0,,10000.0,238.0,42.0,105000.0,,3.0,2010.0,,,,,,bsee_war,True,PLATINUM EXPLORER,drilling_rig,,,drillship,drillship_240m,12.0,estimated,,,,,,,,,
PACE-X1500,land_rig,,Nabors Industries,,,,,,,,,,,,,,,,,,bsee_war,True,PACE-X1500,drilling_rig,,,,,,,,,,,,,,,
MODS 400,platform_rig,,Nabors Industries,,,,,,,,,,,,,,,,,,bsee_war,True,MODS 400,drilling_rig,,,,,,,,,,,,,,,
APEX 1500,land_rig,,Patterson-UTI Energy,,,,,,,,,,,,,,,,,,bsee_war,True,APEX 1500,drilling_rig,,,,,,,,,,,,,,,
FlexRig 3,land_rig,,Helmerich & Payne,,,,,,,,,,,,,,,,,,bsee_war,True,FlexRig 3,drilling_rig,,,,,,,,,,,,,,,
ATWOOD EAGLE,semi_submersible,,,,,,5000.0,25000.0,5000.0,99.06,60.96,,,,1982.0,,,,,,bsee_war,True,ATWOOD EAGLE,drilling_rig,,,semi_sub,semi_sub_100m,,,,,,,,,,,
ATWOOD  FALCON,semi_submersible,,,,,,5000.0,25000.0,5000.0,99.06,68.88,,,,1983.0,,,,,,bsee_war,True,ATWOOD  FALCON,drilling_rig,,,semi_sub,semi_sub_100m,,,,,,,,,,,
ATWOOD OSPREY,semi_submersible,,,,,,8200.0,40000.0,8200.0,107.9,74.37,,,,2011.0,,,,,,bsee_war,True,ATWOOD OSPREY,drilling_rig,,https://www.valaris.com/files/doc_rigspecs/rigspecs2022/VALARIS-MS-1.pdf,semi_sub,semi_sub_110m,,measured,,42.7,10.4,,,,,,
OCEAN MONARCH,semi_submersible,,,,,,10000.0,35000.0,8000.0,98.76,99.67,,,,1974.0,,,,,,bsee_war,True,OCEAN MONARCH,drilling_rig,,,semi_sub,semi_sub_100m,,,,,,,,,,,
BLACKFORD DOLPHIN,semi_submersible,,,,,,7000.0,30000.0,6000.0,108.2,84.12,,,,,,,,,,bsee_war,True,BLACKFORD DOLPHIN,drilling_rig,,,semi_sub,semi_sub_110m,,,,,,,,,,,
ENSCO 5006,semi_submersible,,,,,,7500.0,25000.0,5000.0,118.87,71.32,,,,1999.0,,,,,,bsee_war,True,ENSCO 5006,drilling_rig,,,semi_sub,semi_sub_120m,,,,,,,,,,,
ENSCO 5001,semi_submersible,,,,,,5000.0,25000.0,5000.0,115.37,80.47,,,,1974.0,,,,,,bsee_war,True,ENSCO 5001,drilling_rig,,,semi_sub,semi_sub_120m,,,,,,,,,,,
JACK BATES,semi_submersible,,,,,,5400.0,30000.0,5400.0,112.78,77.72,,,,1986.0,,,,,,bsee_war,True,JACK BATES,drilling_rig,,,semi_sub,semi_sub_110m,,,,,,,,,,,
JIM CUNNINGHAM,semi_submersible,,,,,,4600.0,25000.0,4600.0,90.22,69.49,,,,1982.0,,,,,,bsee_war,True,JIM CUNNINGHAM,drilling_rig,,,semi_sub,semi_sub_90m,,,,,,,,,,,
TRANSOCEAN LEADER,semi_submersible,,,,,,4500.0,25000.0,4500.0,109.73,73.15,,,,1987.0,,,,,,bsee_war,True,TRANSOCEAN LEADER,drilling_rig,,,semi_sub,semi_sub_110m,,,,,,,,,,,
SOVEREIGN EXPLORER,semi_submersible,,,,,,4500.0,25000.0,4500.0,91.74,78.03,,,,1984.0,,,,,,bsee_war,True,SOVEREIGN EXPLORER,drilling_rig,,,semi_sub,semi_sub_90m,,,,,,,,,,,
ABAN ABRAHAM,drillship,,,,,,7000.0,25000.0,6600.0,148.74,136.55,,,,1976.0,,,,,,bsee_war,True,ABAN ABRAHAM,drilling_rig,,,drillship,drillship_150m,,,,,,,,,,,
OCEAN ALLIANCE,semi_submersible,,,,,,5250.0,25000.0,5250.0,122.53,78.94,,,,1988.0,,,,,,bsee_war,True,OCEAN ALLIANCE,drilling_rig,,,semi_sub,semi_sub_120m,,,,,,,,,,,
OCEAN COURAGE,semi_submersible,,,,,,10000.0,40000.0,10000.0,74.4,74.4,46700.0,,,2009.0,,,,,,bsee_war,True,OCEAN COURAGE,drilling_rig,,https://s201.q4cdn.com/439848451/files/doc_downloads/fleet/2024/08/ocean-courage-specification-sheet-revised.pdf,semi_sub,semi_sub_120m,18.0,measured,,41.3,9.0,8929.0,,,,,
OCEAN VALOR,semi_submersible,,,,,,10000.0,40000.0,7500.0,121.31,90.83,,,,2009.0,,,,,,bsee_war,True,OCEAN VALOR,drilling_rig,,,semi_sub,semi_sub_120m,,,,,,,,,,,
ENSCO 8504,semi_submersible,,,,,,10000.0,35000.0,8500.0,77.72,73.15,,,,2011.0,,,,,,bsee_war,True,ENSCO 8504,drilling_rig,,,semi_sub,semi_sub_80m,,,,,,,,,,,
ENSCO DS-1,drillship,,,,,,10000.0,31500.0,6000.0,207.26,30.02,,,,1999.0,,,,,,bsee_war,True,ENSCO DS-1,drilling_rig,,,drillship,drillship_210m,,,,,,,,,,,
ENSCO DS-2,drillship,,,,,,10000.0,31500.0,6000.0,207.26,30.02,,,,1999.0,,,,,,bsee_war,True,ENSCO DS-2,drilling_rig,,,drillship,drillship_210m,,,,,,,,,,,
ENSCO 6001,semi_submersible,,,,,,5600.0,25000.0,5600.0,75.9,54.56,,,,2000.0,,,,,,bsee_war,True,ENSCO 6001,drilling_rig,,,semi_sub,semi_sub_80m,,,,,,,,,,,
ENSCO 6002,semi_submersible,,,,,,5600.0,25000.0,5600.0,75.9,54.56,,,,2000.0,,,,,,bsee_war,True,ENSCO 6002,drilling_rig,,,semi_sub,semi_sub_80m,,,,,,,,,,,
ENSCO 6004,semi_submersible,,,,,,5600.0,25000.0,5600.0,75.9,54.56,,,,2000.0,,,,,,bsee_war,True,ENSCO 6004,drilling_rig,,,semi_sub,semi_sub_80m,,,,,,,,,,,
ENSCO 6003,semi_submersible,,,,,,5600.0,25000.0,5600.0,75.9,54.56,,,,2000.0,,,,,,bsee_war,True,ENSCO 6003,drilling_rig,,,semi_sub,semi_sub_80m,,,,,,,,,,,
ENSCO DS-6,drillship,,,,,,12000.0,40000.0,10000.0,228.9,42.06,,,,2011.0,,,,,,bsee_war,True,ENSCO DS-6,drilling_rig,,,drillship,drillship_230m,,,,,,,,,,,
LA MURALLA IV,semi_submersible,,,,,,10000.0,40000.0,7500.0,121.31,90.83,,,,2010.0,,,,,,bsee_war,True,LA MURALLA IV,drilling_rig,,,semi_sub,semi_sub_120m,,,,,,,,,,,
JASPER EXPLORER,drillship,,,,,,5000.0,25000.0,5000.0,164.9,29.87,,,,2009.0,,,,,,bsee_war,True,JASPER EXPLORER,drilling_rig,,,drillship,drillship_160m,,,,,,,,,,,
MÆRSK DEVELOPER,semi_submersible,,,,,,10000.0,,10000.0,117.04,78.64,,,,2009.0,,,,,,bsee_war,True,MÆRSK DEVELOPER,drilling_rig,,,semi_sub,semi_sub_120m,,,,,,,,,,,
MAERSK DISCOVERER,semi_submersible,,,,,Marshall Islands,10000.0,40000.0,10000.0,117.0,78.0,,,,2009.0,,,,,,bsee_war,True,MAERSK DISCOVERER,drilling_rig,,https://noblecorp.com/wp-content/uploads/2026/05/Noble-Discoverer-Rig-Summary.pdf,semi_sub,semi_sub_120m,20.5,measured,19.0,,,11480.0,2000.0,2645.0,,,
MÆRSK DELIVERER,semi_submersible,,,,,,10000.0,,10000.0,117.04,78.64,,,,2010.0,,,,,,bsee_war,True,MÆRSK DELIVERER,drilling_rig,,,semi_sub,semi_sub_120m,,,,,,,,,,,
NOBLE PAUL WOLFF,semi_submersible,,,,,,9200.0,23000.0,9200.0,104.12,110.76,,,,1982.0,,,,,,bsee_war,True,NOBLE PAUL WOLFF,drilling_rig,,,semi_sub,semi_sub_100m,,,,,,,,,,,
NOBLE ROGER EASON,drillship,,,,,,7200.0,23000.0,7200.0,164.9,27.43,,,,1977.0,,,,,,bsee_war,True,NOBLE ROGER EASON,drilling_rig,,,drillship,drillship_160m,,,,,,,,,,,
NOBLE LEO SEGERIUS,drillship,,,,,,5500.0,23000.0,5500.0,157.28,33.83,,,,1981.0,,,,,,bsee_war,True,NOBLE LEO SEGERIUS,drilling_rig,,,drillship,drillship_160m,,,,,,,,,,,
NOBEL MURAVLENKO,drillship,,,,,,4900.0,23000.0,4900.0,149.35,24.08,,,,1982.0,,,,,,bsee_war,True,NOBEL MURAVLENKO,drilling_rig,,,drillship,drillship_150m,,,,,,,,,,,
NOBLE DAVE BEARD,semi_submersible,,,,,,10000.0,35000.0,7500.0,120.0,90.0,55000.0,,,1986.0,,,,,,bsee_war,True,NOBLE DAVE BEARD,drilling_rig,,,semi_sub,semi_sub_120m,24.0,estimated,,,,,,,,,
NOBLE PHOENIX,semi_submersible,,,,,,5000.0,30000.0,5000.0,105.0,21.95,,,,1979.0,,,,,,bsee_war,True,NOBLE PHOENIX,drilling_rig,,,semi_sub,semi_sub_100m,,,,,,,,,,,
ERIK RAUDE,semi_submersible,,,,,,10000.0,,10000.0,119.18,85.04,,,,2002.0,,,,,,bsee_war,True,ERIK RAUDE,drilling_rig,,,semi_sub,semi_sub_120m,,,,,,,,,,,
LEIV EIRIKSSON,semi_submersible,,,,,,10000.0,,10000.0,119.18,85.04,,,,2002.0,,,,,,bsee_war,True,LEIV EIRIKSSON,drilling_rig,,,semi_sub,semi_sub_120m,,,,,,,,,,,
OCEAN RIG CORCOVADO,drillship,,,,,Liberia,10000.0,35000.0,10000.0,228.0,42.0,96000.0,,,2011.0,,,,,,bsee_war,True,OCEAN RIG CORCOVADO,drilling_rig,,https://www.deepwater.com/documents/RigSpecs/Deepwater%20Corcovado.pdf,drillship,drillship_230m,,measured,19.0,25.6,12.5,22046.0,2000.0,,,,
OCEAN RIG OLYMPIA,drillship,,,,,,10000.0,35000.0,10000.0,227.99,,,,,2011.0,,,,,,bsee_war,True,OCEAN RIG OLYMPIA,drilling_rig,,,drillship,drillship_230m,,,,,,,,,,,
OCEAN RIG POSEIDEN,drillship,,,,,,10000.0,35000.0,10000.0,227.99,,,,,2011.0,,,,,,bsee_war,True,OCEAN RIG POSEIDEN,drilling_rig,,,drillship,drillship_230m,,,,,,,,,,,
OCEAN RIG MYKONOS,drillship,,,,,,10000.0,35000.0,10000.0,228.0,42.0,96000.0,,,2011.0,,,,,,bsee_war,True,OCEAN RIG MYKONOS,drilling_rig,,https://www.deepwater.com/documents/RigSpecs/Deepwater%20Mykonos.pdf,drillship,drillship_230m,,measured,19.0,25.6,12.5,22046.0,2000.0,,,,
DEEPSEA METRO I,drillship,,,,,,12000.0,40000.0,10000.0,229.51,35.97,,,,2011.0,,,,,,bsee_war,True,DEEPSEA METRO I,drilling_rig,,,drillship,drillship_230m,,,,,,,,,,,
DEEPSEA METRO II,drillship,,,,,,12000.0,40000.0,10000.0,229.51,35.97,,,,2012.0,,,,,,bsee_war,True,DEEPSEA METRO II,drilling_rig,,,drillship,drillship_230m,,,,,,,,,,,
DEEPSEA STAVANGER,semi_submersible,,,,,,9840.0,37500.0,9840.0,32.92,23.77,,,,2010.0,,,,,,bsee_war,True,DEEPSEA STAVANGER,drilling_rig,,,semi_sub,semi_sub_30m,,,,,,,,,,,
DEEPSEA  ATLANTIC,semi_submersible,,,,,,9840.0,37500.0,9840.0,32.92,23.77,,,,2011.0,,,,,,bsee_war,True,DEEPSEA  ATLANTIC,drilling_rig,,,semi_sub,semi_sub_30m,,,,,,,,,,,
Pacific Bora,drillship,,,,,,10000.0,37500.0,10000.0,227.99,42.06,,,,2010.0,,,,,,bsee_war,True,Pacific Bora,drilling_rig,,,drillship,drillship_230m,,,,,,,,,,,
Pacific Scirocco,drillship,,,,,,10000.0,37500.0,10000.0,227.99,42.06,,,,2011.0,,,,,,bsee_war,True,Pacific Scirocco,drilling_rig,,,drillship,drillship_230m,,,,,,,,,,,
Pacific Mistral,drillship,,,,,,10000.0,37500.0,10000.0,227.99,42.06,,,,2012.0,,,,,,bsee_war,True,Pacific Mistral,drilling_rig,,,drillship,drillship_230m,,,,,,,,,,,
Louisiana,semi_submersible,,,,,,6234.0,30000.0,6234.0,104.0,78.0,45000.0,,,1998.0,,,,,,bsee_war,True,Louisiana,drilling_rig,,,semi_sub,semi_sub_100m,21.0,estimated,,,,,,,,,
SSV Victoria,semi_submersible,,,,,,10000.0,35000.0,7874.0,120.0,90.0,55000.0,,,2009.0,,,,,,bsee_war,True,SSV Victoria,drilling_rig,,,semi_sub,semi_sub_120m,24.0,estimated,,,,,,,,,
GOLD STAR,semi_submersible,,,,,,9000.0,30000.0,9000.0,120.0,90.0,55000.0,,,2009.0,,,,,,bsee_war,True,GOLD STAR,drilling_rig,,,semi_sub,semi_sub_120m,24.0,estimated,,,,,,,,,
ALPHA STAR,semi_submersible,,,,,,9000.0,24600.0,9000.0,103.33,69.49,,,,2009.0,,,,,,bsee_war,True,ALPHA STAR,drilling_rig,,,semi_sub,semi_sub_100m,,,,,,,,,,,
LONE STAR,semi_submersible,,,,,,7880.0,24600.0,7880.0,103.33,69.49,,,,2009.0,,,,,,bsee_war,True,LONE STAR,drilling_rig,,,semi_sub,semi_sub_100m,,,,,,,,,,,
SC LANCER,drillship,,,,,,4920.0,19680.0,4920.0,137.16,23.47,,,,1977.0,,,,,,bsee_war,True,SC LANCER,drilling_rig,,,drillship,drillship_140m,,,,,,,,,,,
WEST NAVIGATOR,drillship,,,,,,8200.0,35000.0,7500.0,252.98,42.06,,,,2000.0,,,,,,bsee_war,True,WEST NAVIGATOR,drilling_rig,,,drillship,drillship_250m,,,,,,,,,,,
WEST EMINENCE,semi_submersible,,,,,,10000.0,30000.0,10000.0,83.21,72.85,,,,2009.0,,,,,,bsee_war,True,WEST EMINENCE,drilling_rig,,,semi_sub,semi_sub_80m,,,,,,,,,,,
WEST SIRIUS,semi_submersible,,,,,,10000.0,37500.0,10000.0,115.52,90.22,,,,2008.0,,,,,,bsee_war,True,WEST SIRIUS,drilling_rig,,,semi_sub,semi_sub_120m,,,,,,,,,,,
WEST TAURUS,semi_submersible,,,,,,10000.0,37500.0,10000.0,115.52,90.22,,,,2008.0,,,,,,bsee_war,True,WEST TAURUS,drilling_rig,,,semi_sub,semi_sub_120m,,,,,,,,,,,
WEST HERCULES,semi_submersible,,,,,,10000.0,35000.0,10000.0,116.43,96.62,,,,2008.0,,,,,,bsee_war,True,WEST HERCULES,drilling_rig,,,semi_sub,semi_sub_120m,,,,,,,,,,,
WEST ORION,semi_submersible,,,,,,10000.0,37500.0,10000.0,115.52,90.22,,,,2010.0,,,,,,bsee_war,True,WEST ORION,drilling_rig,,,semi_sub,semi_sub_120m,,,,,,,,,,,
WEST CAPRICORN,semi_submersible,,,,,,10000.0,37500.0,7500.0,115.52,90.22,,,,2011.0,,,,,,bsee_war,True,WEST CAPRICORN,drilling_rig,,,semi_sub,semi_sub_120m,,,,,,,,,,,
WEST PEGASUS,semi_submersible,,,,,,10000.0,35000.0,10000.0,117.96,72.85,,,,2011.0,,,,,,bsee_war,True,WEST PEGASUS,drilling_rig,,,semi_sub,semi_sub_120m,,,,,,,,,,,
WEST LEO,semi_submersible,,,,,,10000.0,35000.0,10000.0,117.96,72.85,,,,2012.0,,,,,,bsee_war,True,WEST LEO,drilling_rig,,,semi_sub,semi_sub_120m,,,,,,,,,,,
Sevan Driller,semi_submersible,,,,,,12500.0,40000.0,12500.0,85.04,74.98,,,,2009.0,,,,,,bsee_war,True,Sevan Driller,drilling_rig,,,semi_sub,semi_sub_90m,,,,,,,,,,,
SONGA ECLIPSE,semi_submersible,,,,,,10000.0,40000.0,7500.0,74.37,74.37,,,,,,,,,,bsee_war,True,SONGA ECLIPSE,drilling_rig,,,semi_sub,semi_sub_70m,,,,,,,,,,,
TRANSOCEAN SPITSBERGEN,semi_submersible,,,,,,10000.0,30000.0,6500.0,90.0,70.0,64500.0,,,2009.0,,,,,,bsee_war,True,TRANSOCEAN SPITSBERGEN,drilling_rig,,https://www.deepwater.com/documents/RigSpecs/Transocean%20Spitsbergen.pdf,semi_sub,semi_sub_90m,22.8,measured,,10.3,23.0,7165.0,2000.0,,,,
DHIRUBHAI DEEPWATER KG1,drillship,,,,,,12000.0,35000.0,10000.0,228.0,42.0,96000.0,,,2009.0,,,,,,bsee_war,True,DHIRUBHAI DEEPWATER KG1,drilling_rig,,https://www.deepwater.com/documents/RigSpecs/Dhirubhai%20Deepwater%20KG1.pdf,drillship,drillship_230m,12.0,measured,19.0,25.6,12.5,22046.0,,,,,
DHIRUBHAI DEEPWATER KG2,drillship,,,,,Marshall Islands,12000.0,35000.0,12000.0,228.0,42.0,96000.0,,,2010.0,,,,,,bsee_war,True,DHIRUBHAI DEEPWATER KG2,drilling_rig,,https://www.deepwater.com/documents/RigSpecs/Dhirubhai%20Deepwater%20KG2.pdf,drillship,drillship_230m,12.0,measured,19.0,25.6,12.5,22046.0,,,,,
DISCOVERER LUANDA,drillship,,,,,,12000.0,40000.0,7500.0,254.51,38.1,,,,2010.0,,,,,,bsee_war,True,DISCOVERER LUANDA,drilling_rig,,,drillship,drillship_250m,,,,,,,,,,,
DEEPWATER DISCOVERY,drillship,,,,,,10000.0,30000.0,10000.0,227.53,42.0,,,,2000.0,,,,,,bsee_war,True,DEEPWATER DISCOVERY,drilling_rig,,,drillship,drillship_230m,,,,,,,,,,,
DEEPWATER EXPEDITION,drillship,,,,,,8500.0,30000.0,8500.0,171.91,28.35,,,,1999.0,,,,,,bsee_war,True,DEEPWATER EXPEDITION,drilling_rig,,,drillship,drillship_170m,,,,,,,,,,,
DEEPWATER FRONTIER,drillship,,,,,,10000.0,30000.0,10000.0,221.28,42.06,,,,1999.0,,,,,,bsee_war,True,DEEPWATER FRONTIER,drilling_rig,,,drillship,drillship_220m,,,,,,,,,,,
GSF JACK RYAN,drillship,,,,,,10000.0,35000.0,10000.0,231.34,35.97,,,,2000.0,,,,,,bsee_war,True,GSF JACK RYAN,drilling_rig,,,drillship,drillship_230m,,,,,,,,,,,
DEEPWATER NAVIGATOR,drillship,,,,,,7200.0,25000.0,7200.0,167.73,26.37,,,,1971.0,,,,,,bsee_war,True,DEEPWATER NAVIGATOR,drilling_rig,,,drillship,drillship_170m,,,,,,,,,,,
SEDCO ENERGY,semi_submersible,,,,,,7500.0,30000.0,7500.0,106.38,68.88,,,,2000.0,,,,,,bsee_war,True,SEDCO ENERGY,drilling_rig,,,semi_sub,semi_sub_110m,,,,,,,,,,,
SEDCO EXPRESS,semi_submersible,,,,,,7500.0,30000.0,7500.0,106.38,68.88,,,,2000.0,,,,,,bsee_war,True,SEDCO EXPRESS,drilling_rig,,,semi_sub,semi_sub_110m,,,,,,,,,,,
SEDCO 707,semi_submersible,,,,,,6500.0,19685.0,6500.0,108.2,74.68,,,,1976.0,,,,,,bsee_war,True,SEDCO 707,drilling_rig,,,semi_sub,semi_sub_110m,,,,,,,,,,,
SEDCO 702,semi_submersible,,,,,,6500.0,25000.0,6500.0,108.2,74.68,,,,1973.0,,,,,,bsee_war,True,SEDCO 702,drilling_rig,,,semi_sub,semi_sub_110m,,,,,,,,,,,
SEDCO 706,semi_submersible,,,,,,6500.0,25000.0,6500.0,108.2,74.68,,,,1976.0,,,,,,bsee_war,True,SEDCO 706,drilling_rig,,,semi_sub,semi_sub_110m,,,,,,,,,,,
SEDCO 709,semi_submersible,,,,,,5000.0,25000.0,5000.0,91.44,79.86,,,,1977.0,,,,,,bsee_war,True,SEDCO 709,drilling_rig,,,semi_sub,semi_sub_90m,,,,,,,,,,,
SEDCO 710,semi_submersible,,,,,,4500.0,25000.0,4500.0,89.92,75.9,,,,1983.0,,,,,,bsee_war,True,SEDCO 710,drilling_rig,,,semi_sub,semi_sub_90m,,,,,,,,,,,
TITANIUM EXPLORER,drillship,,,,,,12000.0,40000.0,12000.0,238.05,47.85,,,,2012.0,,,,,,bsee_war,True,TITANIUM EXPLORER,drilling_rig,,,drillship,drillship_240m,,,,,,,,,,,
-,unknown,,,,,,,,,,,,,,,1.0,3/28/2003,3/22/2003,MC,,bsee_war,True,-,drilling_rig,,,,,,,,,,,,,,,
.,unknown,,,,,,,,,,,,,,,1.0,12/30/2001,12/24/2001,PL,,bsee_war,True,.,drilling_rig,,,,,,,,,,,,,,,
\,unknown,,,,,,,,,,,,,,,1.0,3/10/2002,3/4/2002,GC,,bsee_war,True,\,drilling_rig,,,,,,,,,,,,,,,
],unknown,,,,,,,,,,,,,,,1.0,1/10/1999,1/4/1999,EI,,bsee_war,True,],drilling_rig,,,,,,,,,,,,,,,
