$MeshFormat
2.2 0 8
$EndMeshFormat
$PhysicalNames
1
2 1 "Rhino->WAMIT_file_export_(mesh)"
$EndPhysicalNames
$Nodes
1366
1 -4.692289829 -0.0003800000122 4.840990067
2 -4.692289829 -5.263879776 4.840990067
3 -4.761250019 -5.222370148 4.184909821
4 -4.829120159 -5.098519802 3.53918004
5 -4.894830227 -4.89425993 2.913980007
6 -4.957349777 -4.612820148 2.319169998
7 -5.015679836 -4.258639812 1.764129996
8 -5.068920135 -3.837300062 1.257619977
9 -5.116219997 -3.355459929 0.8076099753
10 -5.156829834 -2.82069993 0.4212200046
11 -5.19012022 -2.241470098 0.1045200005
12 -5.215549946 -1.626889944 -0.1374700069
13 -5.232729912 -0.9866600037 -0.3009499907
14 -5.241390228 -0.3308799863 -0.3833500147
15 -5.241390228 0.3301199973 -0.3833500147
16 -5.232729912 0.9858999848 -0.3009499907
17 -5.215549946 1.626129985 -0.1374700069
18 -5.19012022 2.24071002 0.1045200005
19 -5.156829834 2.819950104 0.4212200046
20 -5.116219997 3.354700089 0.8076099753
21 -5.068920135 3.836549997 1.257619977
22 -5.015679836 4.257880211 1.764129996
23 -4.957349777 4.61206007 2.319169998
24 -4.894830227 4.893499851 2.913980007
25 -4.829120159 5.097760201 3.53918004
26 -4.761250019 5.221620083 4.184909821
27 -4.692289829 5.263120174 4.840990067
28 -4.62334013 5.221620083 5.497069836
29 -4.55546999 5.097760201 6.142799854
30 -4.489759922 4.893499851 6.768000126
31 -4.427239895 4.61206007 7.362810135
32 -4.368899822 4.257880211 7.917850018
33 -4.315670013 3.836549997 8.424369812
34 -4.268370152 3.354700089 8.874369621
35 -4.227759838 2.819950104 9.260769844
36 -4.194469929 2.24071002 9.577460289
37 -4.169040203 1.626129985 9.819450378
38 -4.151850224 0.9858999848 9.98293972
39 -4.143189907 0.3301199973 10.06532955
40 -4.143189907 -0.3308799863 10.06532955
41 -4.151850224 -0.9866600037 9.98293972
42 -4.169040203 -1.626889944 9.819450378
43 -4.194469929 -2.241470098 9.577460289
44 -4.227759838 -2.82069993 9.260769844
45 -4.268370152 -3.355459929 8.874369621
46 -4.315670013 -3.837300062 8.424369812
47 -4.368899822 -4.258639812 7.917850018
48 -4.427239895 -4.612820148 7.362810135
49 -4.489759922 -4.89425993 6.768000126
50 -4.55546999 -5.098519802 6.142799854
51 -4.62334013 -5.222370148 5.497069836
52 -7.034389973 -0.0003800000122 5.08716011
53 -7.103350163 -5.222370148 4.431079865
54 -7.034389973 -5.263879776 5.08716011
55 -7.171219826 -5.098519802 3.785350084
56 -7.236929893 -4.89425993 3.160150051
57 -7.299449921 -4.612820148 2.565340042
58 -7.35777998 -4.258639812 2.010299921
59 -7.411019802 -3.837300062 1.503780007
60 -7.458320141 -3.355459929 1.05377996
61 -7.498929977 -2.82069993 0.6673799753
62 -7.532209873 -2.241470098 0.3506900072
63 -7.557650089 -1.626889944 0.1086900011
64 -7.574830055 -0.9866600037 -0.05479000136
65 -7.583489895 -0.3308799863 -0.1371800005
66 -7.583489895 0.3301199973 -0.1371800005
67 -7.574830055 0.9858999848 -0.05479000136
68 -7.557650089 1.626129985 0.1086900011
69 -7.532209873 2.24071002 0.3506900072
70 -7.498929977 2.819950104 0.6673799753
71 -7.458320141 3.354700089 1.05377996
72 -7.411019802 3.836549997 1.503780007
73 -7.35777998 4.257880211 2.010299921
74 -7.299449921 4.61206007 2.565340042
75 -7.236929893 4.893499851 3.160150051
76 -7.171219826 5.097760201 3.785350084
77 -7.103350163 5.221620083 4.431079865
78 -7.034389973 5.263120174 5.08716011
79 -6.965439796 5.221620083 5.743229866
80 -6.897570133 5.097760201 6.388959885
81 -6.831860065 4.893499851 7.014160156
82 -6.769340038 4.61206007 7.608970165
83 -6.710999966 4.257880211 8.164010048
84 -6.657760143 3.836549997 8.670530319
85 -6.610469818 3.354700089 9.120530128
86 -6.569859982 2.819950104 9.506930351
87 -6.536570072 2.24071002 9.823619843
88 -6.511129856 1.626129985 10.06562042
89 -6.49394989 0.9858999848 10.22910023
90 -6.485290051 0.3301199973 10.31149006
91 -6.485290051 -0.3308799863 10.31149006
92 -6.49394989 -0.9866600037 10.22910023
93 -6.511129856 -1.626889944 10.06562042
94 -6.536570072 -2.241470098 9.823619843
95 -6.569859982 -2.82069993 9.506930351
96 -6.610469818 -3.355459929 9.120530128
97 -6.657760143 -3.837300062 8.670530319
98 -6.710999966 -4.258639812 8.164010048
99 -6.769340038 -4.612820148 7.608970165
100 -6.831860065 -4.89425993 7.014160156
101 -6.897570133 -5.098519802 6.388959885
102 -6.965439796 -5.222370148 5.743229866
103 -5.322340012 -0.9581599832 10.11135006
104 -5.313159943 -0.0003900000011 10.19874001
105 -6.484210014 -0.0003900000011 10.32182026
106 -6.493390083 -0.9581599832 10.23443031
107 -4.15128994 -0.9581599832 9.988269806
108 -4.142109871 -0.0003900000011 10.07565975
109 -5.351789951 -1.937860012 9.831199646
110 -6.522840023 -1.937860012 9.95429039
111 -4.18073988 -1.937860012 9.708120346
112 -5.402840137 -2.880630016 9.345459938
113 -6.573890209 -2.880630016 9.468549728
114 -4.231790066 -2.880630016 9.222379684
115 -5.474299908 -3.722249985 8.665539742
116 -6.645349979 -3.722249985 8.788619995
117 -4.303249836 -3.722249985 8.542460442
118 -5.562280178 -4.405920029 7.828529835
119 -6.733329773 -4.405920029 7.951620102
120 -4.391230106 -4.405920029 7.705450058
121 -5.660820007 -4.894340038 6.890930176
122 -6.831870079 -4.894340038 7.014009953
123 -4.489769936 -4.894340038 6.767839909
124 -5.763229847 -5.176020145 5.916590214
125 -6.934279919 -5.176020145 6.039669991
126 -4.592179775 -5.176020145 5.79350996
127 -5.863339901 -5.26388979 4.964069843
128 -7.034389973 -5.26388979 5.08716011
129 -4.692289829 -5.26388979 4.840990067
130 -5.963459969 -5.176020145 4.011559963
131 -7.13451004 -5.176020145 4.134640217
132 -4.792409897 -5.176020145 3.888469934
133 -6.065859795 -4.894340038 3.037220001
134 -7.236909866 -4.894340038 3.160300016
135 -4.8948102 -4.894340038 2.914139986
136 -6.164410114 -4.405920029 2.09961009
137 -7.335460186 -4.405920029 2.222690105
138 -4.993360043 -4.405920029 1.976529956
139 -6.252379894 -3.722249985 1.262609959
140 -7.423429966 -3.722249985 1.385689974
141 -5.081329823 -3.722249985 1.139520049
142 -6.323850155 -2.880630016 0.582679987
143 -7.494890213 -2.880630016 0.7057600021
144 -5.152800083 -2.880630016 0.4596000016
145 -6.374899864 -1.937860012 0.09694000334
146 -7.545949936 -1.937860012 0.2200199962
147 -5.203849792 -1.937860012 -0.02614000067
148 -6.40433979 -0.9581599832 -0.1832000017
149 -7.575389862 -0.9581599832 -0.06012000144
150 -5.233290195 -0.9581599832 -0.3062799871
151 -6.413529873 -0.0003900000011 -0.2705900073
152 -7.584579945 -0.0003900000011 -0.147510007
153 -5.242479801 -0.0003900000011 -0.3936800063
154 -6.40433979 0.9573699832 -0.1832000017
155 -7.575389862 0.9573699832 -0.06012000144
156 -5.233290195 0.9573699832 -0.3062799871
157 -6.374899864 1.937070012 0.09694000334
158 -7.545949936 1.937070012 0.2200199962
159 -5.203849792 1.937070012 -0.02614000067
160 -6.323850155 2.879839897 0.582679987
161 -7.494890213 2.879839897 0.7057600021
162 -5.152800083 2.879839897 0.4596000016
163 -6.252379894 3.721460104 1.262609959
164 -7.423429966 3.721460104 1.385689974
165 -5.081329823 3.721460104 1.139520049
166 -6.164410114 4.40512991 2.09961009
167 -7.335460186 4.40512991 2.222690105
168 -4.993360043 4.40512991 1.976529956
169 -6.065859795 4.893549919 3.037220001
170 -7.236909866 4.893549919 3.160300016
171 -4.8948102 4.893549919 2.914139986
172 -5.963459969 5.175230026 4.011559963
173 -7.13451004 5.175230026 4.134640217
174 -4.792409897 5.175230026 3.888469934
175 -5.863339901 5.263110161 4.964069843
176 -7.034389973 5.263110161 5.08716011
177 -4.692289829 5.263110161 4.840990067
178 -5.763229847 5.175230026 5.916590214
179 -6.934279919 5.175230026 6.039669991
180 -4.592179775 5.175230026 5.79350996
181 -5.660820007 4.893549919 6.890930176
182 -6.831870079 4.893549919 7.014009953
183 -4.489769936 4.893549919 6.767839909
184 -5.562280178 4.40512991 7.828529835
185 -6.733329773 4.40512991 7.951620102
186 -4.391230106 4.40512991 7.705450058
187 -5.474299908 3.721460104 8.665539742
188 -6.645349979 3.721460104 8.788619995
189 -4.303249836 3.721460104 8.542460442
190 -5.402840137 2.879839897 9.345459938
191 -6.573890209 2.879839897 9.468549728
192 -4.231790066 2.879839897 9.222379684
193 -5.351789951 1.937070012 9.831199646
194 -6.522840023 1.937070012 9.95429039
195 -4.18073988 1.937070012 9.708120346
196 -5.322340012 0.9573699832 10.11135006
197 -6.493390083 0.9573699832 10.23443031
198 -4.15128994 0.9573699832 9.988269806
199 -4.692289829 -1.200379968 4.840990067
200 -4.723490238 -1.16268003 4.544199944
201 -4.683710098 -1.16268003 4.540019989
202 -4.652510166 -1.200379968 4.836810112
203 -4.752719879 -1.051949978 4.266049862
204 -4.712940216 -1.051949978 4.261869907
205 -4.778160095 -0.8751400113 4.024030209
206 -4.738379955 -0.8751400113 4.019849777
207 -4.79820013 -0.6433699727 3.833349943
208 -4.758419991 -0.6433699727 3.829169989
209 -4.811590195 -0.3711999953 3.705980062
210 -4.771810055 -0.3711999953 3.701790094
211 -4.817480087 -0.07573000342 3.649919987
212 -4.777699947 -0.07573000342 3.645740032
213 -4.815509796 0.2244800031 3.66869998
214 -4.775720119 0.2244800031 3.664520025
215 -4.805789948 0.5105599761 3.761149883
216 -4.766009808 0.5105599761 3.756969929
217 -4.788939953 0.7645300031 3.921439886
218 -4.749159813 0.7645300031 3.917259932
219 -4.766019821 0.9704399705 4.139510155
220 -4.726240158 0.9704399705 4.1353302
221 -4.738470078 1.115350008 4.401659966
222 -4.698689938 1.115350008 4.397480011
223 -4.708010197 1.190160036 4.691420078
224 -4.668230057 1.190160036 4.68723011
225 -4.676569939 1.190160036 4.990570068
226 -4.636789799 1.190160036 4.986390114
227 -4.646120071 1.115350008 5.280320168
228 -4.606339931 1.115350008 5.276140213
229 -4.618559837 0.9704399705 5.542469978
230 -4.578780174 0.9704399705 5.538290024
231 -4.595640182 0.7645300031 5.760540009
232 -4.555860043 0.7645300031 5.756360054
233 -4.578800201 0.5105599761 5.920839787
234 -4.539020061 0.5105599761 5.916649818
235 -4.569079876 0.2244800031 6.013279915
236 -4.529300213 0.2244800031 6.00909996
237 -4.567110062 -0.07573000342 6.032060146
238 -4.527329922 -0.07573000342 6.027880192
239 -4.572999954 -0.3711999953 5.976009846
240 -4.533219814 -0.3711999953 5.971829891
241 -4.586390018 -0.6433699727 5.848629951
242 -4.546599865 -0.6433699727 5.844449997
243 -4.606430054 -0.8751400113 5.657949924
244 -4.566649914 -0.8751400113 5.65376997
245 -4.631859779 -1.051949978 5.415929794
246 -4.592080116 -1.051949978 5.41174984
247 -4.661099911 -1.16268003 5.13778019
248 -4.621319771 -1.16268003 5.133600235
249 -4.643929958 -1.16268003 4.535840034
250 -4.612730026 -1.200379968 4.832630157
251 -4.673160076 -1.051949978 4.257689953
252 -4.698599815 -0.8751400113 4.015669823
253 -4.718639851 -0.6433699727 3.824990034
254 -4.732029915 -0.3711999953 3.697609901
255 -4.737919807 -0.07573000342 3.641560078
256 -4.73593998 0.2244800031 3.660340071
257 -4.726230145 0.5105599761 3.752779961
258 -4.70938015 0.7645300031 3.913079977
259 -4.686460018 0.9704399705 4.131149769
260 -4.658909798 1.115350008 4.393300056
261 -4.628449917 1.190160036 4.683050156
262 -4.597010136 1.190160036 4.982200146
263 -4.566559792 1.115350008 5.271959782
264 -4.539000034 0.9704399705 5.534110069
265 -4.516079903 0.7645300031 5.752180099
266 -4.499239922 0.5105599761 5.912469864
267 -4.489520073 0.2244800031 6.004920006
268 -4.487539768 -0.07573000342 6.023700237
269 -4.493440151 -0.3711999953 5.967639923
270 -4.506820202 -0.6433699727 5.840270042
271 -4.526869774 -0.8751400113 5.649590015
272 -4.552299976 -1.051949978 5.407569885
273 -4.581540108 -1.16268003 5.129419804
274 -4.604139805 -1.16268003 4.531650066
275 -4.572949886 -1.200379968 4.828450203
276 -4.633379936 -1.051949978 4.253509998
277 -4.658820152 -0.8751400113 4.011489868
278 -4.678860188 -0.6433699727 3.820800066
279 -4.692249775 -0.3711999953 3.693429947
280 -4.698140144 -0.07573000342 3.637379885
281 -4.69615984 0.2244800031 3.656160116
282 -4.686450005 0.5105599761 3.748600006
283 -4.66960001 0.7645300031 3.908900023
284 -4.646679878 0.9704399705 4.126969814
285 -4.619130135 1.115350008 4.389120102
286 -4.588669777 1.190160036 4.678870201
287 -4.557229996 1.190160036 4.978020191
288 -4.526770115 1.115350008 5.267779827
289 -4.499219894 0.9704399705 5.529930115
290 -4.476299763 0.7645300031 5.748000145
291 -4.459449768 0.5105599761 5.908289909
292 -4.449739933 0.2244800031 6.000740051
293 -4.447760105 -0.07573000342 6.019519806
294 -4.453660011 -0.3711999953 5.963459969
295 -4.467040062 -0.6433699727 5.836090088
296 -4.487080097 -0.8751400113 5.645400047
297 -4.512519836 -1.051949978 5.403389931
298 -4.541759968 -1.16268003 5.125239849
299 -4.564360142 -1.16268003 4.527470112
300 -4.533170223 -1.200379968 4.824269772
301 -4.593599796 -1.051949978 4.249330044
302 -4.619040012 -0.8751400113 4.007309914
303 -4.639080048 -0.6433699727 3.816620111
304 -4.652460098 -0.3711999953 3.689249992
305 -4.658360004 -0.07573000342 3.63319993
306 -4.656380177 0.2244800031 3.651979923
307 -4.646669865 0.5105599761 3.744420052
308 -4.62981987 0.7645300031 3.904720068
309 -4.606900215 0.9704399705 4.12278986
310 -4.579339981 1.115350008 4.384940147
311 -4.548890114 1.190160036 4.67468977
312 -4.517449856 1.190160036 4.973840237
313 -4.486989975 1.115350008 5.263599873
314 -4.459440231 0.9704399705 5.525740147
315 -4.4365201 0.7645300031 5.74382019
316 -4.419670105 0.5105599761 5.904109955
317 -4.409959793 0.2244800031 5.996550083
318 -4.407979965 -0.07573000342 6.015339851
319 -4.413869858 -0.3711999953 5.959280014
320 -4.427259922 -0.6433699727 5.831910133
321 -4.447299957 -0.8751400113 5.641220093
322 -4.472740173 -1.051949978 5.399199963
323 -4.501979828 -1.16268003 5.121059895
324 -4.524580002 -1.16268003 4.523290157
325 -4.493390083 -1.200379968 4.820089817
326 -4.553820133 -1.051949978 4.245150089
327 -4.579249859 -0.8751400113 4.003129959
328 -4.599299908 -0.6433699727 3.812439919
329 -4.612679958 -0.3711999953 3.685070038
330 -4.618579865 -0.07573000342 3.629009962
331 -4.616600037 0.2244800031 3.647799969
332 -4.606880188 0.5105599761 3.740240097
333 -4.590040207 0.7645300031 3.9005301
334 -4.567120075 0.9704399705 4.118609905
335 -4.539559841 1.115350008 4.380760193
336 -4.509109974 1.190160036 4.670509815
337 -4.477670193 1.190160036 4.969659805
338 -4.447209835 1.115350008 5.259409904
339 -4.419660091 0.9704399705 5.521560192
340 -4.39673996 0.7645300031 5.739640236
341 -4.379889965 0.5105599761 5.89993
342 -4.37018013 0.2244800031 5.992370129
343 -4.368199825 -0.07573000342 6.011159897
344 -4.374090195 -0.3711999953 5.95510006
345 -4.387479782 -0.6433699727 5.827730179
346 -4.407519817 -0.8751400113 5.637040138
347 -4.432960033 -1.051949978 5.395020008
348 -4.462190151 -1.16268003 5.11687994
349 -4.493390083 -0.0003800000122 4.820089817
350 -4.395400047 0.1546500027 3.552730083
351 -4.401100159 -0 3.547580004
352 -4.545839787 -0 3.646100044
353 -4.541520119 0.1429399997 3.651360035
354 -4.117770195 0.1780599952 3.27579999
355 -4.126100063 -0 3.271019936
356 -3.865060091 0.2014800012 2.897380114
357 -3.875720024 -0 2.893110037
358 -3.750880003 0.2131900042 2.673609972
359 -3.762559891 -0 2.669650078
360 -3.646369934 0.2248899937 2.429140091
361 -3.658979893 -0 2.425519943
362 -3.469670057 0.2483099997 1.888180017
363 -3.483819962 -0 1.885349989
364 -3.340430021 0.2717300057 1.293990016
365 -3.355619907 -0 1.292070031
366 -3.294440031 0.2834300101 0.9812700152
367 -3.309959888 -0 0.9798099995
368 -3.261199951 0.2951399982 0.6601700187
369 -3.276900053 -0 0.6591899991
370 -3.234349966 0.3185600042 0
371 -3.25 -0 0
372 -4.378499985 0.3078100085 3.568030119
373 -4.528719902 0.2845099866 3.667000055
374 -4.093110085 0.3544099927 3.290019989
375 -3.833470106 0.4010199904 2.910029888
376 -3.716219902 0.4243200123 2.685339928
377 -3.608939886 0.4476200044 2.439840078
378 -3.427639961 0.4942300022 1.896540046
379 -3.295229912 0.5408300161 1.299700022
380 -3.24822998 0.5641400218 0.9855800271
381 -3.214390039 0.5874400139 0.6630600095
382 -3.187550068 0.6340399981 0
383 -4.350810051 0.4580000043 3.593240023
384 -4.507740021 0.423330009 3.692800045
385 -4.052649975 0.5273500085 3.31340003
386 -3.781610012 0.5967000127 2.930830002
387 -3.659310102 0.631370008 2.704600096
388 -3.547460079 0.6660400033 2.457420111
389 -3.358510017 0.7353900075 1.910259962
390 -3.220750093 0.8047299981 1.309059978
391 -3.172019958 0.839410007 0.9926499724
392 -3.137089968 0.8740800023 0.6678000093
393 -3.110059977 0.9434300065 0
394 -4.312759876 0.6037899852 3.628040075
395 -4.478929996 0.5580800176 3.72845006
396 -3.997040033 0.69520998 3.345619917
397 -3.710289955 0.7866299748 2.959450006
398 -3.581020117 0.8323400021 2.731100082
399 -3.462820053 0.8780500293 2.481590033
400 -3.263240099 0.9694600105 1.929119945
401 -3.117959976 1.060879946 1.321910024
402 -3.06675005 1.106590033 1.002359986
403 -3.030200005 1.1523 0.6743100286
404 -3.002609968 1.243720055 0
405 -4.264870167 0.7437599897 3.672019958
406 -4.442669868 0.6874499917 3.773530006
407 -3.927030087 0.8563699722 3.386290073
408 -3.620440006 0.9689800143 2.995539904
409 -3.482350111 1.025290012 2.764489889
410 -3.35612011 1.081590056 2.512029886
411 -3.142999887 1.194210052 1.952859998
412 -2.988049984 1.306820035 1.338089943
413 -2.933589935 1.36311996 1.014580011
414 -2.894870043 1.419430017 0.6825000048
415 -2.866240025 1.53204 0
416 -4.207709789 0.8765699863 3.724699974
417 -4.399400234 0.8102099895 3.827579975
418 -3.843450069 1.00928998 3.434950113
419 -3.51312995 1.142009974 3.038670063
420 -3.364459991 1.20836997 2.804399967
421 -3.228579998 1.274729967 2.548399925
422 -2.999140024 1.407439947 1.98119998
423 -2.832429886 1.540159941 1.35739994
424 -2.7739501 1.606520057 1.029160023
425 -2.732490063 1.672880054 0.6922799945
426 -2.702280045 1.805600047 0
427 -4.141930103 1.000929952 3.785540104
428 -4.349609852 0.9251599908 3.890039921
429 -3.747220039 1.152480006 3.491090059
430 -3.38951993 1.304029942 3.088390112
431 -3.228630066 1.379809976 2.85036993
432 -3.08156991 1.455579996 2.590280056
433 -2.833189964 1.607130051 2.013829947
434 -2.652709961 1.758679986 1.379619956
435 -2.589459896 1.834450006 1.045940042
436 -2.544699907 1.910230041 0.70352
437 -2.512279987 2.061779976 0
438 -4.068220139 1.115659952 3.853919983
439 -4.293819904 1.031200051 3.960289955
440 -3.639359951 1.284579992 3.554120064
441 -3.25090003 1.453500032 3.144180059
442 -3.07626009 1.537960052 2.901940107
443 -2.916620016 1.622419953 2.637249947
444 -2.646840096 1.791339993 2.050410032
445 -2.450700045 1.960260034 1.404530048
446 -2.381979942 2.044719934 1.064749956
447 -2.33333993 2.129179955 0.7161300182
448 -2.298099995 2.298099995 0
449 -3.987309933 1.219640017 3.929179907
450 -4.232580185 1.127310038 4.037640095
451 -3.520940065 1.404299974 3.623430014
452 -3.098670006 1.588969946 3.205480099
453 -2.908879995 1.681300044 2.958600044
454 -2.735369921 1.773630023 2.688839912
455 -2.441940069 1.958289981 2.090559959
456 -2.228399992 2.142960072 1.43185997
457 -2.153520107 2.235290051 1.085389972
458 -2.100490093 2.327620029 0.7299600244
459 -2.061779976 2.512279987 0
460 -4.166510105 1.212560058 4.121329784
461 -4.48402977 1.034980059 4.115680218
462 -4.439660072 1.113250017 4.201029778
463 -3.900000095 1.311869979 4.010580063
464 -3.39312005 1.510499954 3.698339939
465 -2.934289932 1.709130049 3.271699905
466 -2.728120089 1.808449984 3.019779921
467 -2.539589882 1.907760024 2.744539976
468 -2.220489979 2.106389999 2.133899927
469 -1.987949967 2.305020094 1.461369991
470 -1.906299949 2.404330015 1.10766995
471 -1.848389983 2.50364995 0.7448899746
472 -1.805600047 2.702280045 0
473 -4.096220016 1.286139965 4.210579872
474 -4.392459869 1.180789948 4.292069912
475 -3.807110071 1.391479969 4.097340107
476 -3.257119894 1.602159977 3.778130054
477 -2.759360075 1.812839985 3.342200041
478 -2.535710096 1.918179989 3.084899902
479 -2.331140041 2.023519993 2.803809881
480 -1.984590054 2.234200001 2.180020094
481 -1.731660008 2.444880009 1.492750049
482 -1.64270997 2.550220013 1.131360054
483 -1.579460025 2.655560017 0.7607600093
484 -1.53204 2.866240025 0
485 -4.022379875 1.347319961 4.30452013
486 -4.342879772 1.236969948 4.38793993
487 -3.709530115 1.457679987 4.188640118
488 -3.114219904 1.678380013 3.862050056
489 -2.575500011 1.899090052 3.416320086
490 -2.333460093 2.009439945 3.15335989
491 -2.111989975 2.119790077 2.866110086
492 -1.736490011 2.340500116 2.228470087
493 -1.461959958 2.561199903 1.52572
494 -1.365229964 2.671550035 1.15625
495 -1.296270013 2.781899929 0.7774400115
496 -1.243720055 3.002609968 0
497 -3.945669889 1.395539999 4.40226984
498 -4.291369915 1.281239986 4.487720013
499 -3.608150005 1.509840012 4.283609867
500 -2.965739965 1.738440037 3.949320078
501 -2.384419918 1.967039943 3.493360043
502 -2.123239994 2.081350088 3.224509954
503 -1.884189963 2.195650101 2.930860043
504 -1.478510022 2.424249887 2.278820038
505 -1.181409955 2.652849913 1.559980035
506 -1.076509953 2.767149925 1.182109952
507 -1.001520038 2.881449938 0.7947700024
508 -0.9434300065 3.110059977 0
509 -3.866780043 1.430310011 4.502900124
510 -4.238409996 1.313159943 4.590459824
511 -3.503890038 1.54745996 4.381370068
512 -2.813030005 1.781759977 4.039110184
513 -2.187890053 2.016060114 3.572629929
514 -1.907009959 2.133209944 3.297699928
515 -1.649829984 2.250360012 2.997450113
516 -1.213039994 2.48465991 2.33059001
517 -0.8926399946 2.718960047 1.595199943
518 -0.7792800069 2.836100101 1.208709955
519 -0.6980100274 2.953249931 0.812590003
520 -0.6340399981 3.187550068 0
521 -3.786449909 1.451310039 4.605470181
522 -4.184470177 1.332440019 4.695199966
523 -3.397710085 1.570180058 4.480989933
524 -2.657500029 1.807919979 4.130609989
525 -1.987699986 2.045660019 3.653369904
526 -1.686730027 2.164530039 3.37225008
527 -1.411090016 2.283400059 3.065279961
528 -0.9425600171 2.521130085 2.383330107
529 -0.5983399749 2.758869886 1.631080031
530 -0.4763199985 2.877739906 1.235790014
531 -0.3886199892 2.996609926 0.830739975
532 -0.3185600042 3.234349966 0
533 -3.705379963 1.458330035 4.709010124
534 -4.130040169 1.338889956 4.800940037
535 -3.290560007 1.577780008 4.581560135
536 -2.500550032 1.816669941 4.222959995
537 -1.785680056 2.055560112 3.734869957
538 -1.464429975 2.174999952 3.447489977
539 -1.170140028 2.294440031 3.133729935
540 -0.6695500016 2.533329964 2.436539888
541 -0.3012799919 2.772219896 1.667279959
542 -0.1704899967 2.891669989 1.263120055
543 -0.07626999915 3.011110067 0.8490499854
544 0 3.25 0
545 -3.624310017 1.451310039 4.812550068
546 -4.075610161 1.332440019 4.906680107
547 -3.183419943 1.570180058 4.682119846
548 -2.343600035 1.807919979 4.315299988
549 -1.583649993 2.045660019 3.816359997
550 -1.242130041 2.164530039 3.522739887
551 -0.92918998 2.283400059 3.202189922
552 -0.3965499997 2.521130085 2.489759922
553 -0.004209999926 2.758869886 1.703490019
554 0.1353400052 2.877739906 1.290449977
555 0.2360700071 2.996609926 0.8673599958
556 0.3185600042 3.234349966 0
557 -3.543970108 1.430310011 4.915120125
558 -4.021669865 1.313159943 5.011419773
559 -3.077229977 1.54745996 4.781750202
560 -2.188070059 1.781759977 4.406799793
561 -1.383460045 2.016060114 3.897109985
562 -1.02184999 2.133209944 3.597290039
563 -0.6904399991 2.250360012 3.270020008
564 -0.1260699928 2.48465991 2.542490005
565 0.2900899947 2.718960047 1.739369988
566 0.4383000135 2.836100101 1.31754005
567 0.5454599857 2.953249931 0.8855100274
568 0.6340399981 3.187550068 0
569 -3.465090036 1.395539999 5.015749931
570 -3.968709946 1.281239986 5.114160061
571 -2.972980022 1.509840012 4.879509926
572 -2.035360098 1.738440037 4.496590137
573 -1.186929941 1.967039943 3.976370096
574 -0.8056200147 2.081350088 3.670480013
575 -0.4560900033 2.195650101 3.336610079
576 0.1394000053 2.424249887 2.594269991
577 0.5788599849 2.652849913 1.774590015
578 0.7355300188 2.767149925 1.344130039
579 0.848969996 2.881449938 0.9033300281
580 0.9434300065 3.110059977 0
581 -3.388380051 1.347319961 5.113500118
582 -3.917200089 1.236969948 5.213940144
583 -2.871599913 1.457679987 4.974480152
584 -1.88688004 1.678380013 4.583859921
585 -0.9958500266 1.899090052 4.053420067
586 -0.5954099894 2.009439945 3.741630077
587 -0.2282900065 2.119790077 3.401360035
588 0.3973799944 2.340500116 2.644609928
589 0.8594099879 2.561199903 1.80885005
590 1.024250031 2.671550035 1.369989991
591 1.143720031 2.781899929 0.9206600189
592 1.243720055 3.002609968 0
593 -3.314539909 1.286139965 5.207439899
594 -3.867619991 1.180789948 5.309810162
595 -2.774009943 1.391479969 5.065780163
596 -1.74398005 1.602159977 4.667779922
597 -0.8119900227 1.812839985 4.127540112
598 -0.3931500018 1.918179989 3.810090065
599 -0.009139999747 2.023519993 3.463660002
600 0.6454799771 2.234200001 2.693069935
601 1.129109979 2.444880009 1.841820002
602 1.301730037 2.550220013 1.394880056
603 1.426910043 2.655560017 0.9373400211
604 1.53204 2.866240025 0
605 -3.244250059 1.212560058 5.296679974
606 -3.82043004 1.113250017 5.400849819
607 -2.681129932 1.311869979 5.152540207
608 -1.607980013 1.510499954 4.747580051
609 -0.6370599866 1.709130049 4.198040009
610 -0.2007399946 1.808449984 3.875210047
611 0.1993100047 1.907760024 3.522929907
612 0.8813800216 2.106389999 2.739180088
613 1.385400057 2.305020094 1.873200059
614 1.565320015 2.404330015 1.418580055
615 1.695840001 2.50364995 0.9532200098
616 1.805600047 2.702280045 0
617 -3.178179979 1.127310038 5.380380154
618 -3.776050091 1.034980059 5.486189842
619 -2.593820095 1.219640017 5.233930111
620 -1.480159998 1.404299974 4.822490215
621 -0.4726800025 1.588969946 4.264259815
622 -0.01998000033 1.681300044 3.936389923
623 0.3950900137 1.773630023 3.578629971
624 1.102839947 1.958289981 2.782520056
625 1.625839949 2.142960072 1.902699947
626 1.812540054 2.235290051 1.440850019
627 1.947939992 2.327620029 0.9681400061
628 2.061779976 2.512279987 0
629 -3.116940022 1.031200051 5.457729816
630 -3.734930038 0.9467399716 5.565020084
631 -2.512909889 1.115659952 5.309189796
632 -1.361739993 1.284579992 4.891789913
633 -0.3204500079 1.453500032 4.325560093
634 0.1474000067 1.537960052 3.993040085
635 0.5763400197 1.622419953 3.630209923
636 1.307729959 1.791339993 2.822669983
637 1.848150015 1.960260034 1.930040002
638 2.040999889 2.044719934 1.461490035
639 2.180799961 2.129179955 0.9819700122
640 2.298099995 2.298099995 0
641 -3.061150074 0.9251599908 5.527979851
642 -3.697459936 0.8493800163 5.636569977
643 -2.439189911 1.000929952 5.377580166
644 -1.253880024 1.152480006 4.95483017
645 -0.1818300039 1.304029942 4.38135004
646 0.2997600138 1.379809976 4.044620037
647 0.7412999868 1.455579996 3.677190065
648 1.494079947 1.607130051 2.859250069
649 2.050159931 1.758679986 1.954949975
650 2.248480082 1.834450006 1.48029995
651 2.392149925 1.910230041 0.9945799708
652 2.512279987 2.061779976 0
653 -3.011349916 0.8102099895 5.590439796
654 -3.664010048 0.7438499928 5.700150013
655 -2.373409986 0.8765699863 5.438419819
656 -1.157649994 1.00928998 5.010960102
657 -0.05821999907 1.142009974 4.431069851
658 0.4356000125 1.20836997 4.09059
659 0.8883000016 1.274729967 3.719069958
660 1.660030007 1.407439947 2.891880035
661 2.229880095 1.540159941 1.977169991
662 2.432970047 1.606520057 1.497079968
663 2.579950094 1.672880054 1.00583005
664 2.702280045 1.805600047 0
665 -2.968090057 0.6874499917 5.644480228
666 -3.634949923 0.6311500072 5.755119801
667 -2.316260099 0.7437599897 5.491099834
668 -1.074069977 0.8563699722 5.059619904
669 0.04909000173 0.9689800143 4.474199772
670 0.5534899831 1.025290012 4.130489826
671 1.015849948 1.081590056 3.755439997
672 1.80388999 1.194210052 2.920219898
673 2.385499954 1.306820035 1.996479988
674 2.592609882 1.36311996 1.511669993
675 2.742320061 1.419430017 1.015599966
676 2.866240025 1.53204 0
677 -2.931829929 0.5580800176 5.68956995
678 -3.610589981 0.5123699903 5.800930023
679 -2.268369913 0.6037899852 5.535079956
680 -1.00406003 0.69520998 5.100289822
681 0.1389400065 0.7866299748 4.510290146
682 0.6521599889 0.8323400021 4.163889885
683 1.122550011 0.8780500293 3.785880089
684 1.924129963 0.9694600105 2.943959951
685 2.515409946 1.060879946 2.012660027
686 2.725769997 1.106590033 1.523890018
687 2.877650023 1.1523 1.023790002
688 3.002609968 1.243720055 0
689 -2.903019905 0.423330009 5.72521019
690 -3.591229916 0.3886600137 5.837120056
691 -2.230319977 0.4580000043 5.569869995
692 -0.9484500289 0.5273500085 5.132510185
693 0.2102600038 0.5967000127 4.538909912
694 0.7304499745 0.631370008 4.19039011
695 1.207180023 0.6660400033 3.810050011
696 2.019399881 0.7353900075 2.962820053
697 2.618200064 0.8047299981 2.025510073
698 2.831039906 0.839410007 1.533599973
699 2.984539986 0.8740800023 1.030300021
700 3.110059977 0.9434300065 0
701 -2.882040024 0.2845099866 5.751019955
702 -3.577140093 0.2612000108 5.863279819
703 -2.202620029 0.3078100085 5.595089912
704 -0.9079899788 0.3544099927 5.155900002
705 0.2621200085 0.4010199904 4.559700012
706 0.7873600125 0.4243200123 4.20965004
707 1.268669963 0.4476200044 3.827620029
708 2.088530064 0.4942300022 2.976540089
709 2.692679882 0.5408300161 2.034869909
710 2.907249928 0.5641400218 1.540670037
711 3.061840057 0.5874400139 1.035040021
712 3.187550068 0.6340399981 0
713 -2.869240046 0.1429399997 5.766660213
714 -3.568540096 0.1312299967 5.879129887
715 -2.18572998 0.1546500027 5.610390186
716 -0.8833299875 0.1780599952 5.170110226
717 0.2937099934 0.2014800012 4.572360039
718 0.8220099807 0.2131900042 4.221380234
719 1.306089997 0.2248899937 3.83833003
720 2.130559921 0.2483099997 2.984899998
721 2.737879992 0.2717300057 2.040580034
722 2.953459978 0.2834300101 1.544980049
723 3.108649969 0.2951399982 1.037930012
724 3.234349966 0.3185600042 0
725 -2.864919901 -0 5.771910191
726 -3.565629959 -0 5.884449959
727 -2.180020094 -0 5.615530014
728 -0.875 0 5.174900055
729 0.3043699861 0 4.576630116
730 0.8337000012 0 4.22533989
731 1.31870997 0 3.841939926
732 2.144710064 0 2.987730026
733 2.753070116 0 2.042500019
734 2.968980074 -0 1.546429992
735 3.124350071 -0 1.038910031
736 3.25 -0 0
737 -4.564129829 1.015750051 4.14700985
738 -4.566269875 0.9993699789 4.126639843
739 -4.568369865 0.9825000167 4.106679916
740 -4.570429802 0.9651600122 4.087120056
741 -4.561950207 1.031630039 4.167749882
742 -4.557469845 1.061859965 4.210370064
743 -4.555180073 1.076179981 4.232220173
744 -4.559730053 1.047000051 4.188879967
745 -4.552840233 1.089959979 4.25440979
746 -4.562630177 0.8493800163 3.965310097
747 -4.584179878 0.8241699934 3.956269979
748 -4.582250118 0.8470399976 3.974639893
749 -4.586050034 0.8008499742 3.9384799
750 -4.587860107 0.777090013 3.921260118
751 -4.5802598 0.8694400191 3.993580103
752 -4.574409962 0.9291200042 4.049240112
753 -4.572440147 0.9473599792 4.067969799
754 -4.576330185 0.9104400277 4.030950069
755 -4.578209877 0.8913400173 4.013090134
756 -4.550479889 1.103180051 4.276929855
757 -4.518179893 1.219220042 4.584219933
758 -4.520530224 1.214370012 4.561880112
759 -4.52286005 1.209030032 4.539659977
760 -4.525189877 1.203199983 4.517549992
761 -4.515820026 1.223580003 4.606649876
762 -4.506309986 1.236070037 4.697179794
763 -4.508699894 1.233690023 4.674449921
764 -4.503990173 1.237900019 4.719180107
765 -4.511079788 1.230810046 4.651780128
766 -4.513450146 1.22744 4.629179955
767 -4.501679897 1.239269972 4.741209984
768 -4.543179989 1.13943994 4.346340179
769 -4.540999889 1.149049997 4.367099762
770 -4.545639992 1.127930045 4.322899818
771 -4.548079967 1.115839958 4.299759865
772 -4.538799763 1.158190012 4.388060093
773 -4.53207016 1.182829976 4.452070236
774 -4.529789925 1.190099955 4.473750114
775 -4.527500153 1.196889997 4.495580196
776 -4.536570072 1.166869998 4.409220219
777 -4.534329891 1.175089955 4.430560112
778 -4.499360085 1.240170002 4.763259888
779 -4.609340191 0.3117699921 3.71690011
780 -4.608570099 0.3423399925 3.72420001
781 -4.610660076 0.2501699924 3.704360008
782 -4.610030174 0.2810400128 3.710279942
783 -4.611209869 0.2191700041 3.699120045
784 -4.604780197 0.4627000093 3.760299921
785 -4.606820107 0.4029400051 3.740880013
786 -4.605830193 0.4329299927 3.750250101
787 -4.607729912 0.3727299869 3.732189894
788 -4.612860203 0.06285999715 3.683370113
789 -4.61300993 -0 3.681960106
790 -4.612969875 0.03144000098 3.682320118
791 -4.612679958 0.09425000101 3.685129881
792 -4.612090111 0.1568699926 3.690730095
793 -4.611680031 0.1880699992 3.694580078
794 -4.612420082 0.1255899966 3.687580109
795 -4.603650093 0.4922299981 3.771049976
796 -4.591289997 0.7283400297 3.888590097
797 -4.592919827 0.7033900023 3.873140097
798 -4.594480038 0.6780700088 3.858289957
799 -4.595980167 0.6524199843 3.844029903
800 -4.5896101 0.752910018 3.904629946
801 -4.600090027 0.573570013 3.804840088
802 -4.602530003 0.5195900202 3.781709909
803 -4.601339817 0.5467100143 3.792979956
804 -4.598780155 0.6001499891 3.817310095
805 -4.597410202 0.6264399886 3.830369949
806 -4.497039795 1.240610003 4.785329819
807 -4.396689892 0.7195500135 5.740089893
808 -4.395229816 0.69848001 5.753960133
809 -4.399740219 0.7608299851 5.711090088
810 -4.398190022 0.7403399944 5.725800037
811 -4.393819809 0.6771299839 5.767409801
812 -4.3886199 0.5891500115 5.816870213
813 -4.38985014 0.6115099788 5.805160046
814 -4.392449856 0.6555100083 5.78042984
815 -4.391129971 0.6336399913 5.793010235
816 -4.387440205 0.5665599704 5.828129768
817 -4.4167099 0.940869987 5.549680233
818 -4.418570042 0.9567300081 5.531970024
819 -4.420460224 0.9722399712 5.513939857
820 -4.422389984 0.9873899817 5.495610237
821 -4.414879799 0.9246500134 5.567080021
822 -4.402959824 0.8008999825 5.680449963
823 -4.404630184 0.8204500079 5.6645298
824 -4.401329994 0.7810199857 5.695980072
825 -4.40790987 0.8564500213 5.633399963
826 -4.41132021 0.891200006 5.600900173
827 -4.386300087 0.5437499881 5.838950157
828 -4.37526989 0.1924899966 5.943880081
829 -4.374889851 0.1661899984 5.947539806
830 -4.375710011 0.218720004 5.939680099
831 -4.376210213 0.2448499948 5.934949875
832 -4.374559879 0.1398099959 5.950669765
833 -4.373770237 0.005919999909 5.958189964
834 -4.373809814 0.03314999864 5.957779884
835 -4.37390995 0.06036999822 5.956799984
836 -4.374070168 0.08688999712 5.955299854
837 -4.374289989 0.1133700013 5.953249931
838 -4.37677002 0.2708800137 5.929679871
839 -4.383180141 0.4740900099 5.868669987
840 -4.382190228 0.4492799938 5.878109932
841 -4.384170055 0.4975000024 5.859220028
842 -4.385210037 0.5207300186 5.849309921
843 -4.381249905 0.4242799878 5.887040138
844 -4.378759861 0.3482399881 5.910719872
845 -4.378039837 0.3225899935 5.917570114
846 -4.377369881 0.2967999876 5.923890114
847 -4.380360126 0.3991000056 5.895450115
848 -4.379529953 0.3737500012 5.903339863
849 -4.373770237 0 5.958209991
850 -4.47397995 1.219920039 5.004700184
851 -4.476260185 1.224020004 4.983009815
852 -4.478549957 1.227669954 4.961239815
853 -4.48085022 1.230870008 4.939400196
854 -4.471710205 1.215389967 5.026299953
855 -4.460319996 1.185570002 5.134719849
856 -4.464859962 1.198889971 5.091519833
857 -4.455840111 1.17050004 5.177340031
858 -4.467150211 1.204879999 5.069719791
859 -4.469449997 1.210420012 5.047810078
860 -4.451429844 1.153710008 5.21931982
861 -4.492400169 1.240120053 4.829470158
862 -4.49007988 1.239179969 4.851520061
863 -4.494719982 1.240589976 4.807400227
864 -4.487770081 1.237779975 4.873549938
865 -4.485459805 1.235929966 4.895540237
866 -4.483150005 1.233629942 4.917500019
867 -4.442830086 1.115139961 5.301119804
868 -4.438660145 1.09344995 5.340809822
869 -4.447090149 1.135249972 5.26060009
870 -4.434579849 1.07020998 5.379630089
871 -4.428349972 1.030560017 5.438869953
872 -4.430399895 1.044180036 5.419390202
873 -4.42633009 1.016559958 5.458069801
874 -4.432469845 1.057399988 5.399640083
875 -4.424349785 1.002159953 5.476990223
876 -2.869240046 -0.1429399997 5.766660213
877 -3.568540096 -0.1312299967 5.879129887
878 -2.18572998 -0.1546500027 5.610390186
879 -0.8833299875 -0.1780599952 5.170110226
880 0.2937099934 -0.2014800012 4.572360039
881 0.8220099807 -0.2131900042 4.221380234
882 1.306089997 -0.2248899937 3.83833003
883 2.130559921 -0.2483099997 2.984899998
884 2.737879992 -0.2717300057 2.040580034
885 2.953459978 -0.2834300101 1.544980049
886 3.108649969 -0.2951399982 1.037930012
887 3.234349966 -0.3185600042 0
888 -2.882040024 -0.2845099866 5.751019955
889 -3.577140093 -0.2612000108 5.863279819
890 -2.202620029 -0.3078100085 5.595089912
891 -0.9079899788 -0.3544099927 5.155900002
892 0.2621200085 -0.4010199904 4.559700012
893 0.7873600125 -0.4243200123 4.20965004
894 1.268669963 -0.4476200044 3.827620029
895 2.088530064 -0.4942300022 2.976540089
896 2.692679882 -0.5408300161 2.034869909
897 2.907249928 -0.5641400218 1.540670037
898 3.061840057 -0.5874400139 1.035040021
899 3.187550068 -0.6340399981 0
900 -2.903019905 -0.423330009 5.72521019
901 -3.591229916 -0.3886600137 5.837120056
902 -2.230319977 -0.4580000043 5.569869995
903 -0.9484500289 -0.5273500085 5.132510185
904 0.2102600038 -0.5967000127 4.538909912
905 0.7304499745 -0.631370008 4.19039011
906 1.207180023 -0.6660400033 3.810050011
907 2.019399881 -0.7353900075 2.962820053
908 2.618200064 -0.8047299981 2.025510073
909 2.831039906 -0.839410007 1.533599973
910 2.984539986 -0.8740800023 1.030300021
911 3.110059977 -0.9434300065 0
912 -2.931829929 -0.5580800176 5.68956995
913 -3.610589981 -0.5123699903 5.800930023
914 -2.268369913 -0.6037899852 5.535079956
915 -1.00406003 -0.69520998 5.100289822
916 0.1389400065 -0.7866299748 4.510290146
917 0.6521599889 -0.8323400021 4.163889885
918 1.122550011 -0.8780500293 3.785880089
919 1.924129963 -0.9694600105 2.943959951
920 2.515409946 -1.060879946 2.012660027
921 2.725769997 -1.106590033 1.523890018
922 2.877650023 -1.1523 1.023790002
923 3.002609968 -1.243720055 0
924 -2.968090057 -0.6874499917 5.644480228
925 -3.634949923 -0.6311500072 5.755119801
926 -2.316260099 -0.7437599897 5.491099834
927 -1.074069977 -0.8563699722 5.059619904
928 0.04909000173 -0.9689800143 4.474199772
929 0.5534899831 -1.025290012 4.130489826
930 1.015849948 -1.081590056 3.755439997
931 1.80388999 -1.194210052 2.920219898
932 2.385499954 -1.306820035 1.996479988
933 2.592609882 -1.36311996 1.511669993
934 2.742320061 -1.419430017 1.015599966
935 2.866240025 -1.53204 0
936 -3.011349916 -0.8102099895 5.590439796
937 -3.664010048 -0.7438499928 5.700150013
938 -2.373409986 -0.8765699863 5.438419819
939 -1.157649994 -1.00928998 5.010960102
940 -0.05821999907 -1.142009974 4.431069851
941 0.4356000125 -1.20836997 4.09059
942 0.8883000016 -1.274729967 3.719069958
943 1.660030007 -1.407439947 2.891880035
944 2.229880095 -1.540159941 1.977169991
945 2.432970047 -1.606520057 1.497079968
946 2.579950094 -1.672880054 1.00583005
947 2.702280045 -1.805600047 0
948 -3.061150074 -0.9251599908 5.527979851
949 -3.697459936 -0.8493800163 5.636569977
950 -2.439189911 -1.000929952 5.377580166
951 -1.253880024 -1.152480006 4.95483017
952 -0.1818300039 -1.304029942 4.38135004
953 0.2997600138 -1.379809976 4.044620037
954 0.7412999868 -1.455579996 3.677190065
955 1.494079947 -1.607130051 2.859250069
956 2.050159931 -1.758679986 1.954949975
957 2.248480082 -1.834450006 1.48029995
958 2.392149925 -1.910230041 0.9945799708
959 2.512279987 -2.061779976 0
960 -3.116940022 -1.031200051 5.457729816
961 -3.734930038 -0.9467399716 5.565020084
962 -2.512909889 -1.115659952 5.309189796
963 -1.361739993 -1.284579992 4.891789913
964 -0.3204500079 -1.453500032 4.325560093
965 0.1474000067 -1.537960052 3.993040085
966 0.5763400197 -1.622419953 3.630209923
967 1.307729959 -1.791339993 2.822669983
968 1.848150015 -1.960260034 1.930040002
969 2.040999889 -2.044719934 1.461490035
970 2.180799961 -2.129179955 0.9819700122
971 2.298099995 -2.298099995 0
972 -3.178179979 -1.127310038 5.380380154
973 -3.776050091 -1.034980059 5.486189842
974 -2.593820095 -1.219640017 5.233930111
975 -1.480159998 -1.404299974 4.822490215
976 -0.4726800025 -1.588969946 4.264259815
977 -0.01998000033 -1.681300044 3.936389923
978 0.3950900137 -1.773630023 3.578629971
979 1.102839947 -1.958289981 2.782520056
980 1.625839949 -2.142960072 1.902699947
981 1.812540054 -2.235290051 1.440850019
982 1.947939992 -2.327620029 0.9681400061
983 2.061779976 -2.512279987 0
984 -3.244250059 -1.212560058 5.296679974
985 -3.82043004 -1.113250017 5.400849819
986 -2.681129932 -1.311869979 5.152540207
987 -1.607980013 -1.510499954 4.747580051
988 -0.6370599866 -1.709130049 4.198040009
989 -0.2007399946 -1.808449984 3.875210047
990 0.1993100047 -1.907760024 3.522929907
991 0.8813800216 -2.106389999 2.739180088
992 1.385400057 -2.305020094 1.873200059
993 1.565320015 -2.404330015 1.418580055
994 1.695840001 -2.50364995 0.9532200098
995 1.805600047 -2.702280045 0
996 -3.314539909 -1.286139965 5.207439899
997 -3.867619991 -1.180789948 5.309810162
998 -2.774009943 -1.391479969 5.065780163
999 -1.74398005 -1.602159977 4.667779922
1000 -0.8119900227 -1.812839985 4.127540112
1001 -0.3931500018 -1.918179989 3.810090065
1002 -0.009139999747 -2.023519993 3.463660002
1003 0.6454799771 -2.234200001 2.693069935
1004 1.129109979 -2.444880009 1.841820002
1005 1.301730037 -2.550220013 1.394880056
1006 1.426910043 -2.655560017 0.9373400211
1007 1.53204 -2.866240025 0
1008 -3.388380051 -1.347319961 5.113500118
1009 -3.917200089 -1.236969948 5.213940144
1010 -2.871599913 -1.457679987 4.974480152
1011 -1.88688004 -1.678380013 4.583859921
1012 -0.9958500266 -1.899090052 4.053420067
1013 -0.5954099894 -2.009439945 3.741630077
1014 -0.2282900065 -2.119790077 3.401360035
1015 0.3973799944 -2.340500116 2.644609928
1016 0.8594099879 -2.561199903 1.80885005
1017 1.024250031 -2.671550035 1.369989991
1018 1.143720031 -2.781899929 0.9206600189
1019 1.243720055 -3.002609968 0
1020 -3.465090036 -1.395539999 5.015749931
1021 -3.968709946 -1.281239986 5.114160061
1022 -2.972980022 -1.509840012 4.879509926
1023 -2.035360098 -1.738440037 4.496590137
1024 -1.186929941 -1.967039943 3.976370096
1025 -0.8056200147 -2.081350088 3.670480013
1026 -0.4560900033 -2.195650101 3.336610079
1027 0.1394000053 -2.424249887 2.594269991
1028 0.5788599849 -2.652849913 1.774590015
1029 0.7355300188 -2.767149925 1.344130039
1030 0.848969996 -2.881449938 0.9033300281
1031 0.9434300065 -3.110059977 0
1032 -3.543970108 -1.430310011 4.915120125
1033 -4.021669865 -1.313159943 5.011419773
1034 -3.077229977 -1.54745996 4.781750202
1035 -2.188070059 -1.781759977 4.406799793
1036 -1.383460045 -2.016060114 3.897109985
1037 -1.02184999 -2.133209944 3.597290039
1038 -0.6904399991 -2.250360012 3.270020008
1039 -0.1260699928 -2.48465991 2.542490005
1040 0.2900899947 -2.718960047 1.739369988
1041 0.4383000135 -2.836100101 1.31754005
1042 0.5454599857 -2.953249931 0.8855100274
1043 0.6340399981 -3.187550068 0
1044 -3.624310017 -1.451310039 4.812550068
1045 -4.075610161 -1.332440019 4.906680107
1046 -3.183419943 -1.570180058 4.682119846
1047 -2.343600035 -1.807919979 4.315299988
1048 -1.583649993 -2.045660019 3.816359997
1049 -1.242130041 -2.164530039 3.522739887
1050 -0.92918998 -2.283400059 3.202189922
1051 -0.3965499997 -2.521130085 2.489759922
1052 -0.004209999926 -2.758869886 1.703490019
1053 0.1353400052 -2.877739906 1.290449977
1054 0.2360700071 -2.996609926 0.8673599958
1055 0.3185600042 -3.234349966 0
1056 -3.705379963 -1.458330035 4.709010124
1057 -4.130040169 -1.338889956 4.800940037
1058 -3.290560007 -1.577780008 4.581560135
1059 -2.500550032 -1.816669941 4.222959995
1060 -1.785680056 -2.055560112 3.734869957
1061 -1.464429975 -2.174999952 3.447489977
1062 -1.170140028 -2.294440031 3.133729935
1063 -0.6695500016 -2.533329964 2.436539888
1064 -0.3012799919 -2.772219896 1.667279959
1065 -0.1704899967 -2.891669989 1.263120055
1066 -0.07626999915 -3.011110067 0.8490499854
1067 0 -3.25 0
1068 -3.786449909 -1.451310039 4.605470181
1069 -4.184470177 -1.332440019 4.695199966
1070 -3.397710085 -1.570180058 4.480989933
1071 -2.657500029 -1.807919979 4.130609989
1072 -1.987699986 -2.045660019 3.653369904
1073 -1.686730027 -2.164530039 3.37225008
1074 -1.411090016 -2.283400059 3.065279961
1075 -0.9425600171 -2.521130085 2.383330107
1076 -0.5983399749 -2.758869886 1.631080031
1077 -0.4763199985 -2.877739906 1.235790014
1078 -0.3886199892 -2.996609926 0.830739975
1079 -0.3185600042 -3.234349966 0
1080 -3.866780043 -1.430310011 4.502900124
1081 -4.238409996 -1.313159943 4.590459824
1082 -3.503890038 -1.54745996 4.381370068
1083 -2.813030005 -1.781759977 4.039110184
1084 -2.187890053 -2.016060114 3.572629929
1085 -1.907009959 -2.133209944 3.297699928
1086 -1.649829984 -2.250360012 2.997450113
1087 -1.213039994 -2.48465991 2.33059001
1088 -0.8926399946 -2.718960047 1.595199943
1089 -0.7792800069 -2.836100101 1.208709955
1090 -0.6980100274 -2.953249931 0.812590003
1091 -0.6340399981 -3.187550068 0
1092 -3.945669889 -1.395539999 4.40226984
1093 -4.291369915 -1.281239986 4.487720013
1094 -3.608150005 -1.509840012 4.283609867
1095 -2.965739965 -1.738440037 3.949320078
1096 -2.384419918 -1.967039943 3.493360043
1097 -2.123239994 -2.081350088 3.224509954
1098 -1.884189963 -2.195650101 2.930860043
1099 -1.478510022 -2.424249887 2.278820038
1100 -1.181409955 -2.652849913 1.559980035
1101 -1.076509953 -2.767149925 1.182109952
1102 -1.001520038 -2.881449938 0.7947700024
1103 -0.9434300065 -3.110059977 0
1104 -4.022379875 -1.347319961 4.30452013
1105 -4.342879772 -1.236969948 4.38793993
1106 -3.709530115 -1.457679987 4.188640118
1107 -3.114219904 -1.678380013 3.862050056
1108 -2.575500011 -1.899090052 3.416320086
1109 -2.333460093 -2.009439945 3.15335989
1110 -2.111989975 -2.119790077 2.866110086
1111 -1.736490011 -2.340500116 2.228470087
1112 -1.461959958 -2.561199903 1.52572
1113 -1.365229964 -2.671550035 1.15625
1114 -1.296270013 -2.781899929 0.7774400115
1115 -1.243720055 -3.002609968 0
1116 -4.096220016 -1.286139965 4.210579872
1117 -4.392459869 -1.180789948 4.292069912
1118 -3.807110071 -1.391479969 4.097340107
1119 -3.257119894 -1.602159977 3.778130054
1120 -2.759360075 -1.812839985 3.342200041
1121 -2.535710096 -1.918179989 3.084899902
1122 -2.331140041 -2.023519993 2.803809881
1123 -1.984590054 -2.234200001 2.180020094
1124 -1.731660008 -2.444880009 1.492750049
1125 -1.64270997 -2.550220013 1.131360054
1126 -1.579460025 -2.655560017 0.7607600093
1127 -1.53204 -2.866240025 0
1128 -4.166510105 -1.212560058 4.121329784
1129 -4.439660072 -1.113250017 4.201029778
1130 -3.900000095 -1.311869979 4.010580063
1131 -3.39312005 -1.510499954 3.698339939
1132 -2.934289932 -1.709130049 3.271699905
1133 -2.728120089 -1.808449984 3.019779921
1134 -2.539589882 -1.907760024 2.744539976
1135 -2.220489979 -2.106389999 2.133899927
1136 -1.987949967 -2.305020094 1.461369991
1137 -1.906299949 -2.404330015 1.10766995
1138 -1.848389983 -2.50364995 0.7448899746
1139 -1.805600047 -2.702280045 0
1140 -4.232580185 -1.127310038 4.037640095
1141 -4.48402977 -1.034980059 4.115680218
1142 -3.987309933 -1.219640017 3.929179907
1143 -3.520940065 -1.404299974 3.623430014
1144 -3.098670006 -1.588969946 3.205480099
1145 -2.908879995 -1.681300044 2.958600044
1146 -2.735369921 -1.773630023 2.688839912
1147 -2.441940069 -1.958289981 2.090559959
1148 -2.228399992 -2.142960072 1.43185997
1149 -2.153520107 -2.235290051 1.085389972
1150 -2.100490093 -2.327620029 0.7299600244
1151 -2.061779976 -2.512279987 0
1152 -4.068220139 -1.115659952 3.853919983
1153 -4.293819904 -1.031200051 3.960289955
1154 -3.639359951 -1.284579992 3.554120064
1155 -3.25090003 -1.453500032 3.144180059
1156 -3.07626009 -1.537960052 2.901940107
1157 -2.916620016 -1.622419953 2.637249947
1158 -2.646840096 -1.791339993 2.050410032
1159 -2.450700045 -1.960260034 1.404530048
1160 -2.381979942 -2.044719934 1.064749956
1161 -2.33333993 -2.129179955 0.7161300182
1162 -2.298099995 -2.298099995 0
1163 -4.141930103 -1.000929952 3.785540104
1164 -4.349609852 -0.9251599908 3.890039921
1165 -3.747220039 -1.152480006 3.491090059
1166 -3.38951993 -1.304029942 3.088390112
1167 -3.228630066 -1.379809976 2.85036993
1168 -3.08156991 -1.455579996 2.590280056
1169 -2.833189964 -1.607130051 2.013829947
1170 -2.652709961 -1.758679986 1.379619956
1171 -2.589459896 -1.834450006 1.045940042
1172 -2.544699907 -1.910230041 0.70352
1173 -2.512279987 -2.061779976 0
1174 -4.207709789 -0.8765699863 3.724699974
1175 -4.399400234 -0.8102099895 3.827579975
1176 -3.843450069 -1.00928998 3.434950113
1177 -3.51312995 -1.142009974 3.038670063
1178 -3.364459991 -1.20836997 2.804399967
1179 -3.228579998 -1.274729967 2.548399925
1180 -2.999140024 -1.407439947 1.98119998
1181 -2.832429886 -1.540159941 1.35739994
1182 -2.7739501 -1.606520057 1.029160023
1183 -2.732490063 -1.672880054 0.6922799945
1184 -2.702280045 -1.805600047 0
1185 -4.264870167 -0.7437599897 3.672019958
1186 -4.442669868 -0.6874499917 3.773530006
1187 -3.927030087 -0.8563699722 3.386290073
1188 -3.620440006 -0.9689800143 2.995539904
1189 -3.482350111 -1.025290012 2.764489889
1190 -3.35612011 -1.081590056 2.512029886
1191 -3.142999887 -1.194210052 1.952859998
1192 -2.988049984 -1.306820035 1.338089943
1193 -2.933589935 -1.36311996 1.014580011
1194 -2.894870043 -1.419430017 0.6825000048
1195 -2.866240025 -1.53204 0
1196 -4.312759876 -0.6037899852 3.628040075
1197 -4.478929996 -0.5580800176 3.72845006
1198 -3.997040033 -0.69520998 3.345619917
1199 -3.710289955 -0.7866299748 2.959450006
1200 -3.581020117 -0.8323400021 2.731100082
1201 -3.462820053 -0.8780500293 2.481590033
1202 -3.263240099 -0.9694600105 1.929119945
1203 -3.117959976 -1.060879946 1.321910024
1204 -3.06675005 -1.106590033 1.002359986
1205 -3.030200005 -1.1523 0.6743100286
1206 -3.002609968 -1.243720055 0
1207 -4.350810051 -0.4580000043 3.593240023
1208 -4.507740021 -0.423330009 3.692800045
1209 -4.052649975 -0.5273500085 3.31340003
1210 -3.781610012 -0.5967000127 2.930830002
1211 -3.659310102 -0.631370008 2.704600096
1212 -3.547460079 -0.6660400033 2.457420111
1213 -3.358510017 -0.7353900075 1.910259962
1214 -3.220750093 -0.8047299981 1.309059978
1215 -3.172019958 -0.839410007 0.9926499724
1216 -3.137089968 -0.8740800023 0.6678000093
1217 -3.110059977 -0.9434300065 0
1218 -4.378499985 -0.3078100085 3.568030119
1219 -4.528719902 -0.2845099866 3.667000055
1220 -4.093110085 -0.3544099927 3.290019989
1221 -3.833470106 -0.4010199904 2.910029888
1222 -3.716219902 -0.4243200123 2.685339928
1223 -3.608939886 -0.4476200044 2.439840078
1224 -3.427639961 -0.4942300022 1.896540046
1225 -3.295229912 -0.5408300161 1.299700022
1226 -3.24822998 -0.5641400218 0.9855800271
1227 -3.214390039 -0.5874400139 0.6630600095
1228 -3.187550068 -0.6340399981 0
1229 -4.395400047 -0.1546500027 3.552730083
1230 -4.541520119 -0.1429399997 3.651360035
1231 -4.117770195 -0.1780599952 3.27579999
1232 -3.865060091 -0.2014800012 2.897380114
1233 -3.750880003 -0.2131900042 2.673609972
1234 -3.646369934 -0.2248899937 2.429140091
1235 -3.469670057 -0.2483099997 1.888180017
1236 -3.340430021 -0.2717300057 1.293990016
1237 -3.294440031 -0.2834300101 0.9812700152
1238 -3.261199951 -0.2951399982 0.6601700187
1239 -3.234349966 -0.3185600042 0
1240 -4.373789787 -0.02132000029 5.958030224
1241 -4.373859882 -0.04853999987 5.957300186
1242 -4.374000072 -0.07575000077 5.955999851
1243 -4.374199867 -0.1029200032 5.954120159
1244 -4.374450207 -0.1300500035 5.951680183
1245 -4.374770164 -0.1571200043 5.948679924
1246 -4.375579834 -0.2110300064 5.940969944
1247 -4.37514019 -0.1841199994 5.945099831
1248 -4.376070023 -0.2378599942 5.936270237
1249 -4.376629829 -0.2645800114 5.931009769
1250 -4.377240181 -0.2911800146 5.925189972
1251 -4.377910137 -0.3176499903 5.918819904
1252 -4.378630161 -0.3439800143 5.91189003
1253 -4.379419804 -0.3701600134 5.904409885
1254 -4.380270004 -0.3962199986 5.896379948
1255 -4.381169796 -0.4221000075 5.887790203
1256 -4.382130146 -0.4477899969 5.878660202
1257 -4.383140087 -0.4732800126 5.868989944
1258 -4.384220123 -0.4985600114 5.858779907
1259 -4.385350227 -0.5236099958 5.848040104
1260 -4.386529922 -0.5484300256 5.836770058
1261 -4.387770176 -0.5730000138 5.824979782
1262 -4.38906002 -0.5973100066 5.812660217
1263 -4.390409946 -0.6213499904 5.79982996
1264 -4.391819954 -0.6451100111 5.78647995
1265 -4.393270016 -0.6685699821 5.772630215
1266 -4.394780159 -0.6917200089 5.7582798
1267 -4.396339893 -0.7145599723 5.743430138
1268 -4.397950172 -0.737070024 5.728089809
1269 -4.399620056 -0.7592300177 5.712269783
1270 -4.401299953 -0.7807000279 5.696219921
1271 -4.403039932 -0.8018199801 5.679719925
1272 -4.404819965 -0.8225700259 5.662759781
1273 -4.406650066 -0.8429499865 5.645359993
1274 -4.410439968 -0.882529974 5.609250069
1275 -4.408520222 -0.8629400134 5.627520084
1276 -4.414420128 -0.9204800129 5.57144022
1277 -4.412409782 -0.9017099738 5.590559959
1278 -4.416470051 -0.9388099909 5.551919937
1279 -4.418560028 -0.956700027 5.532000065
1280 -4.420700073 -0.9741399884 5.511680126
1281 -4.422870159 -0.9911199808 5.490980148
1282 -4.425089836 -1.007619977 5.469900131
1283 -4.427340031 -1.023640037 5.448460102
1284 -4.431960106 -1.05419004 5.404520035
1285 -4.429629803 -1.039170027 5.426660061
1286 -4.434209824 -1.068019986 5.383110046
1287 -4.436490059 -1.081369996 5.361410141
1288 -4.441140175 -1.106619954 5.31716013
1289 -4.438799858 -1.09423995 5.339429855
1290 -4.443510056 -1.118499994 5.294630051
1291 -4.445909977 -1.129870057 5.271840096
1292 -4.450769901 -1.151059985 5.225530148
1293 -4.448329926 -1.140730023 5.248799801
1294 -4.455739975 -1.170130014 5.178319931
1295 -4.453239918 -1.160859942 5.202030182
1296 -4.458250046 -1.178850055 5.154399872
1297 -4.460790157 -1.187019944 5.130290031
1298 -4.463339806 -1.19464004 5.105999947
1299 -4.465909958 -1.201689959 5.081540108
1300 -4.471099854 -1.214079976 5.032169819
1301 -4.468500137 -1.208170056 5.056920052
1302 -4.473549843 -1.219089985 5.008840084
1303 -4.476009846 -1.223590016 4.985410213
1304 -4.478489876 -1.227570057 4.961880207
1305 -4.483449936 -1.233960032 4.914599895
1306 -4.480969906 -1.231029987 4.938280106
1307 -4.48845005 -1.238240004 4.867080212
1308 -4.485949993 -1.236359954 4.890860081
1309 -4.490950108 -1.239580035 4.843259811
1310 -4.493460178 -1.240389943 4.819419861
1311 -4.495969772 -1.240659952 4.795559883
1312 -4.49846983 -1.240389943 4.771709919
1313 -4.5009799 -1.239590049 4.747869968
1314 -4.503479958 -1.238240004 4.724050045
1315 -4.505980015 -1.23635006 4.700260162
1316 -4.508480072 -1.233929992 4.676529884
1317 -4.510960102 -1.230960011 4.652860165
1318 -4.513309956 -1.227650046 4.630509853
1319 -4.515649796 -1.223860025 4.608240128
1320 -4.517990112 -1.219589949 4.586060047
1321 -4.520309925 -1.214840055 4.563970089
1322 -4.522620201 -1.209609985 4.541989803
1323 -4.524919987 -1.203909993 4.520130157
1324 -4.527200222 -1.197729945 4.498390198
1325 -4.529469967 -1.191079974 4.476799965
1326 -4.531720161 -1.183959961 4.455349922
1327 -4.533959866 -1.176380038 4.434060097
1328 -4.536180019 -1.168339968 4.412930012
1329 -4.538380146 -1.159839988 4.391990185
1330 -4.540569782 -1.150889993 4.371230125
1331 -4.542729855 -1.141489983 4.350669861
1332 -4.5448699 -1.131649971 4.330309868
1333 -4.546979904 -1.121369958 4.310170174
1334 -4.549029827 -1.110910058 4.290709972
1335 -4.553050041 -1.088780046 4.252470016
1336 -4.551050186 -1.100049973 4.271480083
1337 -4.556970119 -1.065070033 4.21517992
1338 -4.555019855 -1.077119946 4.233699799
1339 -4.558889866 -1.052639961 4.196909904
1340 -4.562650204 -1.026659966 4.161139965
1341 -4.560780048 -1.039829969 4.178890228
1342 -4.564479828 -1.013120055 4.143670082
1343 -4.569819927 -0.9703999758 4.09292984
1344 -4.566289902 -0.9992200136 4.126470089
1345 -4.573219776 -0.9402499795 4.060569763
1346 -4.576489925 -0.908829987 4.029419899
1347 -4.579730034 -0.8751900196 3.99861002
1348 -4.582819939 -0.8403400183 3.96916008
1349 -4.562630177 -0.8493800163 3.965310097
1350 -4.58577013 -0.8043500185 3.941090107
1351 -4.588580132 -0.7673000097 3.914429903
1352 -4.591229916 -0.7292699814 3.889179945
1353 -4.593729973 -0.6903100014 3.865370035
1354 -4.59608984 -0.6504999995 3.842999935
1355 -4.600540161 -0.5641800165 3.800610065
1356 -4.602610111 -0.5176600218 3.780940056
1357 -4.598279953 -0.6099100113 3.822069883
1358 -4.604489803 -0.4704099894 3.763030052
1359 -4.606180191 -0.4225200117 3.746910095
1360 -4.60901022 -0.325120002 3.720000029
1361 -4.61014986 -0.2757500112 3.709209919
1362 -4.607689857 -0.3740699887 3.732559919
1363 -4.611090183 -0.2260099947 3.700210094
1364 -4.612530231 -0.11338 3.686539888
1365 -4.612889767 -0.05672999844 3.683109999
1366 -4.611929893 -0.1698299944 3.692250013
$EndNodes
$Elements
2718
1 2 2 1 1 1 2 3
2 2 2 1 1 1 3 3
3 2 2 1 1 1 3 4
4 2 2 1 1 1 4 4
5 2 2 1 1 1 4 5
6 2 2 1 1 1 5 5
7 2 2 1 1 1 5 6
8 2 2 1 1 1 6 6
9 2 2 1 1 1 6 7
10 2 2 1 1 1 7 7
11 2 2 1 1 1 7 8
12 2 2 1 1 1 8 8
13 2 2 1 1 1 8 9
14 2 2 1 1 1 9 9
15 2 2 1 1 1 9 10
16 2 2 1 1 1 10 10
17 2 2 1 1 1 10 11
18 2 2 1 1 1 11 11
19 2 2 1 1 1 11 12
20 2 2 1 1 1 12 12
21 2 2 1 1 1 12 13
22 2 2 1 1 1 13 13
23 2 2 1 1 1 13 14
24 2 2 1 1 1 14 14
25 2 2 1 1 1 14 15
26 2 2 1 1 1 15 15
27 2 2 1 1 1 15 16
28 2 2 1 1 1 16 16
29 2 2 1 1 1 16 17
30 2 2 1 1 1 17 17
31 2 2 1 1 1 17 18
32 2 2 1 1 1 18 18
33 2 2 1 1 1 18 19
34 2 2 1 1 1 19 19
35 2 2 1 1 1 19 20
36 2 2 1 1 1 20 20
37 2 2 1 1 1 20 21
38 2 2 1 1 1 21 21
39 2 2 1 1 1 21 22
40 2 2 1 1 1 22 22
41 2 2 1 1 1 22 23
42 2 2 1 1 1 23 23
43 2 2 1 1 1 23 24
44 2 2 1 1 1 24 24
45 2 2 1 1 1 24 25
46 2 2 1 1 1 25 25
47 2 2 1 1 1 25 26
48 2 2 1 1 1 26 26
49 2 2 1 1 1 26 27
50 2 2 1 1 1 27 27
51 2 2 1 1 1 27 28
52 2 2 1 1 1 28 28
53 2 2 1 1 1 28 29
54 2 2 1 1 1 29 29
55 2 2 1 1 1 29 30
56 2 2 1 1 1 30 30
57 2 2 1 1 1 30 31
58 2 2 1 1 1 31 31
59 2 2 1 1 1 31 32
60 2 2 1 1 1 32 32
61 2 2 1 1 1 32 33
62 2 2 1 1 1 33 33
63 2 2 1 1 1 33 34
64 2 2 1 1 1 34 34
65 2 2 1 1 1 34 35
66 2 2 1 1 1 35 35
67 2 2 1 1 1 35 36
68 2 2 1 1 1 36 36
69 2 2 1 1 1 36 37
70 2 2 1 1 1 37 37
71 2 2 1 1 1 37 38
72 2 2 1 1 1 38 38
73 2 2 1 1 1 38 39
74 2 2 1 1 1 39 39
75 2 2 1 1 1 39 40
76 2 2 1 1 1 40 40
77 2 2 1 1 1 40 41
78 2 2 1 1 1 41 41
79 2 2 1 1 1 41 42
80 2 2 1 1 1 42 42
81 2 2 1 1 1 42 43
82 2 2 1 1 1 43 43
83 2 2 1 1 1 43 44
84 2 2 1 1 1 44 44
85 2 2 1 1 1 44 45
86 2 2 1 1 1 45 45
87 2 2 1 1 1 45 46
88 2 2 1 1 1 46 46
89 2 2 1 1 1 46 47
90 2 2 1 1 1 47 47
91 2 2 1 1 1 47 48
92 2 2 1 1 1 48 48
93 2 2 1 1 1 48 49
94 2 2 1 1 1 49 49
95 2 2 1 1 1 49 50
96 2 2 1 1 1 50 50
97 2 2 1 1 1 50 51
98 2 2 1 1 1 51 51
99 2 2 1 1 1 51 2
100 2 2 1 1 1 2 2
101 2 2 1 1 52 53 54
102 2 2 1 1 52 54 54
103 2 2 1 1 52 55 53
104 2 2 1 1 52 53 53
105 2 2 1 1 52 56 55
106 2 2 1 1 52 55 55
107 2 2 1 1 52 57 56
108 2 2 1 1 52 56 56
109 2 2 1 1 52 58 57
110 2 2 1 1 52 57 57
111 2 2 1 1 52 59 58
112 2 2 1 1 52 58 58
113 2 2 1 1 52 60 59
114 2 2 1 1 52 59 59
115 2 2 1 1 52 61 60
116 2 2 1 1 52 60 60
117 2 2 1 1 52 62 61
118 2 2 1 1 52 61 61
119 2 2 1 1 52 63 62
120 2 2 1 1 52 62 62
121 2 2 1 1 52 64 63
122 2 2 1 1 52 63 63
123 2 2 1 1 52 65 64
124 2 2 1 1 52 64 64
125 2 2 1 1 52 66 65
126 2 2 1 1 52 65 65
127 2 2 1 1 52 67 66
128 2 2 1 1 52 66 66
129 2 2 1 1 52 68 67
130 2 2 1 1 52 67 67
131 2 2 1 1 52 69 68
132 2 2 1 1 52 68 68
133 2 2 1 1 52 70 69
134 2 2 1 1 52 69 69
135 2 2 1 1 52 71 70
136 2 2 1 1 52 70 70
137 2 2 1 1 52 72 71
138 2 2 1 1 52 71 71
139 2 2 1 1 52 73 72
140 2 2 1 1 52 72 72
141 2 2 1 1 52 74 73
142 2 2 1 1 52 73 73
143 2 2 1 1 52 75 74
144 2 2 1 1 52 74 74
145 2 2 1 1 52 76 75
146 2 2 1 1 52 75 75
147 2 2 1 1 52 77 76
148 2 2 1 1 52 76 76
149 2 2 1 1 52 78 77
150 2 2 1 1 52 77 77
151 2 2 1 1 52 79 78
152 2 2 1 1 52 78 78
153 2 2 1 1 52 80 79
154 2 2 1 1 52 79 79
155 2 2 1 1 52 81 80
156 2 2 1 1 52 80 80
157 2 2 1 1 52 82 81
158 2 2 1 1 52 81 81
159 2 2 1 1 52 83 82
160 2 2 1 1 52 82 82
161 2 2 1 1 52 84 83
162 2 2 1 1 52 83 83
163 2 2 1 1 52 85 84
164 2 2 1 1 52 84 84
165 2 2 1 1 52 86 85
166 2 2 1 1 52 85 85
167 2 2 1 1 52 87 86
168 2 2 1 1 52 86 86
169 2 2 1 1 52 88 87
170 2 2 1 1 52 87 87
171 2 2 1 1 52 89 88
172 2 2 1 1 52 88 88
173 2 2 1 1 52 90 89
174 2 2 1 1 52 89 89
175 2 2 1 1 52 91 90
176 2 2 1 1 52 90 90
177 2 2 1 1 52 92 91
178 2 2 1 1 52 91 91
179 2 2 1 1 52 93 92
180 2 2 1 1 52 92 92
181 2 2 1 1 52 94 93
182 2 2 1 1 52 93 93
183 2 2 1 1 52 95 94
184 2 2 1 1 52 94 94
185 2 2 1 1 52 96 95
186 2 2 1 1 52 95 95
187 2 2 1 1 52 97 96
188 2 2 1 1 52 96 96
189 2 2 1 1 52 98 97
190 2 2 1 1 52 97 97
191 2 2 1 1 52 99 98
192 2 2 1 1 52 98 98
193 2 2 1 1 52 100 99
194 2 2 1 1 52 99 99
195 2 2 1 1 52 101 100
196 2 2 1 1 52 100 100
197 2 2 1 1 52 102 101
198 2 2 1 1 52 101 101
199 2 2 1 1 52 54 102
200 2 2 1 1 52 102 102
201 2 2 1 1 103 104 105
202 2 2 1 1 103 105 106
203 2 2 1 1 107 108 104
204 2 2 1 1 107 104 103
205 2 2 1 1 109 103 106
206 2 2 1 1 109 106 110
207 2 2 1 1 111 107 103
208 2 2 1 1 111 103 109
209 2 2 1 1 112 109 110
210 2 2 1 1 112 110 113
211 2 2 1 1 114 111 109
212 2 2 1 1 114 109 112
213 2 2 1 1 115 112 113
214 2 2 1 1 115 113 116
215 2 2 1 1 117 114 112
216 2 2 1 1 117 112 115
217 2 2 1 1 118 115 116
218 2 2 1 1 118 116 119
219 2 2 1 1 120 117 115
220 2 2 1 1 120 115 118
221 2 2 1 1 121 118 119
222 2 2 1 1 121 119 122
223 2 2 1 1 123 120 118
224 2 2 1 1 123 118 121
225 2 2 1 1 124 121 122
226 2 2 1 1 124 122 125
227 2 2 1 1 126 123 121
228 2 2 1 1 126 121 124
229 2 2 1 1 127 124 125
230 2 2 1 1 127 125 128
231 2 2 1 1 129 126 124
232 2 2 1 1 129 124 127
233 2 2 1 1 130 127 128
234 2 2 1 1 130 128 131
235 2 2 1 1 132 129 127
236 2 2 1 1 132 127 130
237 2 2 1 1 133 130 131
238 2 2 1 1 133 131 134
239 2 2 1 1 135 132 130
240 2 2 1 1 135 130 133
241 2 2 1 1 136 133 134
242 2 2 1 1 136 134 137
243 2 2 1 1 138 135 133
244 2 2 1 1 138 133 136
245 2 2 1 1 139 136 137
246 2 2 1 1 139 137 140
247 2 2 1 1 141 138 136
248 2 2 1 1 141 136 139
249 2 2 1 1 142 139 140
250 2 2 1 1 142 140 143
251 2 2 1 1 144 141 139
252 2 2 1 1 144 139 142
253 2 2 1 1 145 142 143
254 2 2 1 1 145 143 146
255 2 2 1 1 147 144 142
256 2 2 1 1 147 142 145
257 2 2 1 1 148 145 146
258 2 2 1 1 148 146 149
259 2 2 1 1 150 147 145
260 2 2 1 1 150 145 148
261 2 2 1 1 151 148 149
262 2 2 1 1 151 149 152
263 2 2 1 1 153 150 148
264 2 2 1 1 153 148 151
265 2 2 1 1 154 151 152
266 2 2 1 1 154 152 155
267 2 2 1 1 156 153 151
268 2 2 1 1 156 151 154
269 2 2 1 1 157 154 155
270 2 2 1 1 157 155 158
271 2 2 1 1 159 156 154
272 2 2 1 1 159 154 157
273 2 2 1 1 160 157 158
274 2 2 1 1 160 158 161
275 2 2 1 1 162 159 157
276 2 2 1 1 162 157 160
277 2 2 1 1 163 160 161
278 2 2 1 1 163 161 164
279 2 2 1 1 165 162 160
280 2 2 1 1 165 160 163
281 2 2 1 1 166 163 164
282 2 2 1 1 166 164 167
283 2 2 1 1 168 165 163
284 2 2 1 1 168 163 166
285 2 2 1 1 169 166 167
286 2 2 1 1 169 167 170
287 2 2 1 1 171 168 166
288 2 2 1 1 171 166 169
289 2 2 1 1 172 169 170
290 2 2 1 1 172 170 173
291 2 2 1 1 174 171 169
292 2 2 1 1 174 169 172
293 2 2 1 1 175 172 173
294 2 2 1 1 175 173 176
295 2 2 1 1 177 174 172
296 2 2 1 1 177 172 175
297 2 2 1 1 178 175 176
298 2 2 1 1 178 176 179
299 2 2 1 1 180 177 175
300 2 2 1 1 180 175 178
301 2 2 1 1 181 178 179
302 2 2 1 1 181 179 182
303 2 2 1 1 183 180 178
304 2 2 1 1 183 178 181
305 2 2 1 1 184 181 182
306 2 2 1 1 184 182 185
307 2 2 1 1 186 183 181
308 2 2 1 1 186 181 184
309 2 2 1 1 187 184 185
310 2 2 1 1 187 185 188
311 2 2 1 1 189 186 184
312 2 2 1 1 189 184 187
313 2 2 1 1 190 187 188
314 2 2 1 1 190 188 191
315 2 2 1 1 192 189 187
316 2 2 1 1 192 187 190
317 2 2 1 1 193 190 191
318 2 2 1 1 193 191 194
319 2 2 1 1 195 192 190
320 2 2 1 1 195 190 193
321 2 2 1 1 196 193 194
322 2 2 1 1 196 194 197
323 2 2 1 1 198 195 193
324 2 2 1 1 198 193 196
325 2 2 1 1 104 196 197
326 2 2 1 1 104 197 105
327 2 2 1 1 108 198 196
328 2 2 1 1 108 196 104
329 2 2 1 1 199 200 201
330 2 2 1 1 199 201 202
331 2 2 1 1 200 203 204
332 2 2 1 1 200 204 201
333 2 2 1 1 203 205 206
334 2 2 1 1 203 206 204
335 2 2 1 1 205 207 208
336 2 2 1 1 205 208 206
337 2 2 1 1 207 209 210
338 2 2 1 1 207 210 208
339 2 2 1 1 209 211 212
340 2 2 1 1 209 212 210
341 2 2 1 1 211 213 214
342 2 2 1 1 211 214 212
343 2 2 1 1 213 215 216
344 2 2 1 1 213 216 214
345 2 2 1 1 215 217 218
346 2 2 1 1 215 218 216
347 2 2 1 1 217 219 220
348 2 2 1 1 217 220 218
349 2 2 1 1 219 221 222
350 2 2 1 1 219 222 220
351 2 2 1 1 221 223 224
352 2 2 1 1 221 224 222
353 2 2 1 1 223 225 226
354 2 2 1 1 223 226 224
355 2 2 1 1 225 227 228
356 2 2 1 1 225 228 226
357 2 2 1 1 227 229 230
358 2 2 1 1 227 230 228
359 2 2 1 1 229 231 232
360 2 2 1 1 229 232 230
361 2 2 1 1 231 233 234
362 2 2 1 1 231 234 232
363 2 2 1 1 233 235 236
364 2 2 1 1 233 236 234
365 2 2 1 1 235 237 238
366 2 2 1 1 235 238 236
367 2 2 1 1 237 239 240
368 2 2 1 1 237 240 238
369 2 2 1 1 239 241 242
370 2 2 1 1 239 242 240
371 2 2 1 1 241 243 244
372 2 2 1 1 241 244 242
373 2 2 1 1 243 245 246
374 2 2 1 1 243 246 244
375 2 2 1 1 245 247 248
376 2 2 1 1 245 248 246
377 2 2 1 1 247 199 202
378 2 2 1 1 247 202 248
379 2 2 1 1 202 201 249
380 2 2 1 1 202 249 250
381 2 2 1 1 201 204 251
382 2 2 1 1 201 251 249
383 2 2 1 1 204 206 252
384 2 2 1 1 204 252 251
385 2 2 1 1 206 208 253
386 2 2 1 1 206 253 252
387 2 2 1 1 208 210 254
388 2 2 1 1 208 254 253
389 2 2 1 1 210 212 255
390 2 2 1 1 210 255 254
391 2 2 1 1 212 214 256
392 2 2 1 1 212 256 255
393 2 2 1 1 214 216 257
394 2 2 1 1 214 257 256
395 2 2 1 1 216 218 258
396 2 2 1 1 216 258 257
397 2 2 1 1 218 220 259
398 2 2 1 1 218 259 258
399 2 2 1 1 220 222 260
400 2 2 1 1 220 260 259
401 2 2 1 1 222 224 261
402 2 2 1 1 222 261 260
403 2 2 1 1 224 226 262
404 2 2 1 1 224 262 261
405 2 2 1 1 226 228 263
406 2 2 1 1 226 263 262
407 2 2 1 1 228 230 264
408 2 2 1 1 228 264 263
409 2 2 1 1 230 232 265
410 2 2 1 1 230 265 264
411 2 2 1 1 232 234 266
412 2 2 1 1 232 266 265
413 2 2 1 1 234 236 267
414 2 2 1 1 234 267 266
415 2 2 1 1 236 238 268
416 2 2 1 1 236 268 267
417 2 2 1 1 238 240 269
418 2 2 1 1 238 269 268
419 2 2 1 1 240 242 270
420 2 2 1 1 240 270 269
421 2 2 1 1 242 244 271
422 2 2 1 1 242 271 270
423 2 2 1 1 244 246 272
424 2 2 1 1 244 272 271
425 2 2 1 1 246 248 273
426 2 2 1 1 246 273 272
427 2 2 1 1 248 202 250
428 2 2 1 1 248 250 273
429 2 2 1 1 250 249 274
430 2 2 1 1 250 274 275
431 2 2 1 1 249 251 276
432 2 2 1 1 249 276 274
433 2 2 1 1 251 252 277
434 2 2 1 1 251 277 276
435 2 2 1 1 252 253 278
436 2 2 1 1 252 278 277
437 2 2 1 1 253 254 279
438 2 2 1 1 253 279 278
439 2 2 1 1 254 255 280
440 2 2 1 1 254 280 279
441 2 2 1 1 255 256 281
442 2 2 1 1 255 281 280
443 2 2 1 1 256 257 282
444 2 2 1 1 256 282 281
445 2 2 1 1 257 258 283
446 2 2 1 1 257 283 282
447 2 2 1 1 258 259 284
448 2 2 1 1 258 284 283
449 2 2 1 1 259 260 285
450 2 2 1 1 259 285 284
451 2 2 1 1 260 261 286
452 2 2 1 1 260 286 285
453 2 2 1 1 261 262 287
454 2 2 1 1 261 287 286
455 2 2 1 1 262 263 288
456 2 2 1 1 262 288 287
457 2 2 1 1 263 264 289
458 2 2 1 1 263 289 288
459 2 2 1 1 264 265 290
460 2 2 1 1 264 290 289
461 2 2 1 1 265 266 291
462 2 2 1 1 265 291 290
463 2 2 1 1 266 267 292
464 2 2 1 1 266 292 291
465 2 2 1 1 267 268 293
466 2 2 1 1 267 293 292
467 2 2 1 1 268 269 294
468 2 2 1 1 268 294 293
469 2 2 1 1 269 270 295
470 2 2 1 1 269 295 294
471 2 2 1 1 270 271 296
472 2 2 1 1 270 296 295
473 2 2 1 1 271 272 297
474 2 2 1 1 271 297 296
475 2 2 1 1 272 273 298
476 2 2 1 1 272 298 297
477 2 2 1 1 273 250 275
478 2 2 1 1 273 275 298
479 2 2 1 1 275 274 299
480 2 2 1 1 275 299 300
481 2 2 1 1 274 276 301
482 2 2 1 1 274 301 299
483 2 2 1 1 276 277 302
484 2 2 1 1 276 302 301
485 2 2 1 1 277 278 303
486 2 2 1 1 277 303 302
487 2 2 1 1 278 279 304
488 2 2 1 1 278 304 303
489 2 2 1 1 279 280 305
490 2 2 1 1 279 305 304
491 2 2 1 1 280 281 306
492 2 2 1 1 280 306 305
493 2 2 1 1 281 282 307
494 2 2 1 1 281 307 306
495 2 2 1 1 282 283 308
496 2 2 1 1 282 308 307
497 2 2 1 1 283 284 309
498 2 2 1 1 283 309 308
499 2 2 1 1 284 285 310
500 2 2 1 1 284 310 309
501 2 2 1 1 285 286 311
502 2 2 1 1 285 311 310
503 2 2 1 1 286 287 312
504 2 2 1 1 286 312 311
505 2 2 1 1 287 288 313
506 2 2 1 1 287 313 312
507 2 2 1 1 288 289 314
508 2 2 1 1 288 314 313
509 2 2 1 1 289 290 315
510 2 2 1 1 289 315 314
511 2 2 1 1 290 291 316
512 2 2 1 1 290 316 315
513 2 2 1 1 291 292 317
514 2 2 1 1 291 317 316
515 2 2 1 1 292 293 318
516 2 2 1 1 292 318 317
517 2 2 1 1 293 294 319
518 2 2 1 1 293 319 318
519 2 2 1 1 294 295 320
520 2 2 1 1 294 320 319
521 2 2 1 1 295 296 321
522 2 2 1 1 295 321 320
523 2 2 1 1 296 297 322
524 2 2 1 1 296 322 321
525 2 2 1 1 297 298 323
526 2 2 1 1 297 323 322
527 2 2 1 1 298 275 300
528 2 2 1 1 298 300 323
529 2 2 1 1 300 299 324
530 2 2 1 1 300 324 325
531 2 2 1 1 299 301 326
532 2 2 1 1 299 326 324
533 2 2 1 1 301 302 327
534 2 2 1 1 301 327 326
535 2 2 1 1 302 303 328
536 2 2 1 1 302 328 327
537 2 2 1 1 303 304 329
538 2 2 1 1 303 329 328
539 2 2 1 1 304 305 330
540 2 2 1 1 304 330 329
541 2 2 1 1 305 306 331
542 2 2 1 1 305 331 330
543 2 2 1 1 306 307 332
544 2 2 1 1 306 332 331
545 2 2 1 1 307 308 333
546 2 2 1 1 307 333 332
547 2 2 1 1 308 309 334
548 2 2 1 1 308 334 333
549 2 2 1 1 309 310 335
550 2 2 1 1 309 335 334
551 2 2 1 1 310 311 336
552 2 2 1 1 310 336 335
553 2 2 1 1 311 312 337
554 2 2 1 1 311 337 336
555 2 2 1 1 312 313 338
556 2 2 1 1 312 338 337
557 2 2 1 1 313 314 339
558 2 2 1 1 313 339 338
559 2 2 1 1 314 315 340
560 2 2 1 1 314 340 339
561 2 2 1 1 315 316 341
562 2 2 1 1 315 341 340
563 2 2 1 1 316 317 342
564 2 2 1 1 316 342 341
565 2 2 1 1 317 318 343
566 2 2 1 1 317 343 342
567 2 2 1 1 318 319 344
568 2 2 1 1 318 344 343
569 2 2 1 1 319 320 345
570 2 2 1 1 319 345 344
571 2 2 1 1 320 321 346
572 2 2 1 1 320 346 345
573 2 2 1 1 321 322 347
574 2 2 1 1 321 347 346
575 2 2 1 1 322 323 348
576 2 2 1 1 322 348 347
577 2 2 1 1 323 300 325
578 2 2 1 1 323 325 348
579 2 2 1 1 1 200 199
580 2 2 1 1 1 199 199
581 2 2 1 1 1 203 200
582 2 2 1 1 1 200 200
583 2 2 1 1 1 205 203
584 2 2 1 1 1 203 203
585 2 2 1 1 1 207 205
586 2 2 1 1 1 205 205
587 2 2 1 1 1 209 207
588 2 2 1 1 1 207 207
589 2 2 1 1 1 211 209
590 2 2 1 1 1 209 209
591 2 2 1 1 1 213 211
592 2 2 1 1 1 211 211
593 2 2 1 1 1 215 213
594 2 2 1 1 1 213 213
595 2 2 1 1 1 217 215
596 2 2 1 1 1 215 215
597 2 2 1 1 1 219 217
598 2 2 1 1 1 217 217
599 2 2 1 1 1 221 219
600 2 2 1 1 1 219 219
601 2 2 1 1 1 223 221
602 2 2 1 1 1 221 221
603 2 2 1 1 1 225 223
604 2 2 1 1 1 223 223
605 2 2 1 1 1 227 225
606 2 2 1 1 1 225 225
607 2 2 1 1 1 229 227
608 2 2 1 1 1 227 227
609 2 2 1 1 1 231 229
610 2 2 1 1 1 229 229
611 2 2 1 1 1 233 231
612 2 2 1 1 1 231 231
613 2 2 1 1 1 235 233
614 2 2 1 1 1 233 233
615 2 2 1 1 1 237 235
616 2 2 1 1 1 235 235
617 2 2 1 1 1 239 237
618 2 2 1 1 1 237 237
619 2 2 1 1 1 241 239
620 2 2 1 1 1 239 239
621 2 2 1 1 1 243 241
622 2 2 1 1 1 241 241
623 2 2 1 1 1 245 243
624 2 2 1 1 1 243 243
625 2 2 1 1 1 247 245
626 2 2 1 1 1 245 245
627 2 2 1 1 1 199 247
628 2 2 1 1 1 247 247
629 2 2 1 1 349 325 324
630 2 2 1 1 349 324 324
631 2 2 1 1 349 324 326
632 2 2 1 1 349 326 326
633 2 2 1 1 349 326 327
634 2 2 1 1 349 327 327
635 2 2 1 1 349 327 328
636 2 2 1 1 349 328 328
637 2 2 1 1 349 328 329
638 2 2 1 1 349 329 329
639 2 2 1 1 349 329 330
640 2 2 1 1 349 330 330
641 2 2 1 1 349 330 331
642 2 2 1 1 349 331 331
643 2 2 1 1 349 331 332
644 2 2 1 1 349 332 332
645 2 2 1 1 349 332 333
646 2 2 1 1 349 333 333
647 2 2 1 1 349 333 334
648 2 2 1 1 349 334 334
649 2 2 1 1 349 334 335
650 2 2 1 1 349 335 335
651 2 2 1 1 349 335 336
652 2 2 1 1 349 336 336
653 2 2 1 1 349 336 337
654 2 2 1 1 349 337 337
655 2 2 1 1 349 337 338
656 2 2 1 1 349 338 338
657 2 2 1 1 349 338 339
658 2 2 1 1 349 339 339
659 2 2 1 1 349 339 340
660 2 2 1 1 349 340 340
661 2 2 1 1 349 340 341
662 2 2 1 1 349 341 341
663 2 2 1 1 349 341 342
664 2 2 1 1 349 342 342
665 2 2 1 1 349 342 343
666 2 2 1 1 349 343 343
667 2 2 1 1 349 343 344
668 2 2 1 1 349 344 344
669 2 2 1 1 349 344 345
670 2 2 1 1 349 345 345
671 2 2 1 1 349 345 346
672 2 2 1 1 349 346 346
673 2 2 1 1 349 346 347
674 2 2 1 1 349 347 347
675 2 2 1 1 349 347 348
676 2 2 1 1 349 348 348
677 2 2 1 1 349 348 325
678 2 2 1 1 349 325 325
679 2 2 1 1 350 351 352
680 2 2 1 1 350 352 353
681 2 2 1 1 354 355 351
682 2 2 1 1 354 351 350
683 2 2 1 1 356 357 355
684 2 2 1 1 356 355 354
685 2 2 1 1 358 359 357
686 2 2 1 1 358 357 356
687 2 2 1 1 360 361 359
688 2 2 1 1 360 359 358
689 2 2 1 1 362 363 361
690 2 2 1 1 362 361 360
691 2 2 1 1 364 365 363
692 2 2 1 1 364 363 362
693 2 2 1 1 366 367 365
694 2 2 1 1 366 365 364
695 2 2 1 1 368 369 367
696 2 2 1 1 368 367 366
697 2 2 1 1 370 371 369
698 2 2 1 1 370 369 368
699 2 2 1 1 372 350 353
700 2 2 1 1 372 353 373
701 2 2 1 1 374 354 350
702 2 2 1 1 374 350 372
703 2 2 1 1 375 356 354
704 2 2 1 1 375 354 374
705 2 2 1 1 376 358 356
706 2 2 1 1 376 356 375
707 2 2 1 1 377 360 358
708 2 2 1 1 377 358 376
709 2 2 1 1 378 362 360
710 2 2 1 1 378 360 377
711 2 2 1 1 379 364 362
712 2 2 1 1 379 362 378
713 2 2 1 1 380 366 364
714 2 2 1 1 380 364 379
715 2 2 1 1 381 368 366
716 2 2 1 1 381 366 380
717 2 2 1 1 382 370 368
718 2 2 1 1 382 368 381
719 2 2 1 1 383 372 373
720 2 2 1 1 383 373 384
721 2 2 1 1 385 374 372
722 2 2 1 1 385 372 383
723 2 2 1 1 386 375 374
724 2 2 1 1 386 374 385
725 2 2 1 1 387 376 375
726 2 2 1 1 387 375 386
727 2 2 1 1 388 377 376
728 2 2 1 1 388 376 387
729 2 2 1 1 389 378 377
730 2 2 1 1 389 377 388
731 2 2 1 1 390 379 378
732 2 2 1 1 390 378 389
733 2 2 1 1 391 380 379
734 2 2 1 1 391 379 390
735 2 2 1 1 392 381 380
736 2 2 1 1 392 380 391
737 2 2 1 1 393 382 381
738 2 2 1 1 393 381 392
739 2 2 1 1 394 383 384
740 2 2 1 1 394 384 395
741 2 2 1 1 396 385 383
742 2 2 1 1 396 383 394
743 2 2 1 1 397 386 385
744 2 2 1 1 397 385 396
745 2 2 1 1 398 387 386
746 2 2 1 1 398 386 397
747 2 2 1 1 399 388 387
748 2 2 1 1 399 387 398
749 2 2 1 1 400 389 388
750 2 2 1 1 400 388 399
751 2 2 1 1 401 390 389
752 2 2 1 1 401 389 400
753 2 2 1 1 402 391 390
754 2 2 1 1 402 390 401
755 2 2 1 1 403 392 391
756 2 2 1 1 403 391 402
757 2 2 1 1 404 393 392
758 2 2 1 1 404 392 403
759 2 2 1 1 405 394 395
760 2 2 1 1 405 395 406
761 2 2 1 1 407 396 394
762 2 2 1 1 407 394 405
763 2 2 1 1 408 397 396
764 2 2 1 1 408 396 407
765 2 2 1 1 409 398 397
766 2 2 1 1 409 397 408
767 2 2 1 1 410 399 398
768 2 2 1 1 410 398 409
769 2 2 1 1 411 400 399
770 2 2 1 1 411 399 410
771 2 2 1 1 412 401 400
772 2 2 1 1 412 400 411
773 2 2 1 1 413 402 401
774 2 2 1 1 413 401 412
775 2 2 1 1 414 403 402
776 2 2 1 1 414 402 413
777 2 2 1 1 415 404 403
778 2 2 1 1 415 403 414
779 2 2 1 1 416 405 406
780 2 2 1 1 416 406 417
781 2 2 1 1 418 407 405
782 2 2 1 1 418 405 416
783 2 2 1 1 419 408 407
784 2 2 1 1 419 407 418
785 2 2 1 1 420 409 408
786 2 2 1 1 420 408 419
787 2 2 1 1 421 410 409
788 2 2 1 1 421 409 420
789 2 2 1 1 422 411 410
790 2 2 1 1 422 410 421
791 2 2 1 1 423 412 411
792 2 2 1 1 423 411 422
793 2 2 1 1 424 413 412
794 2 2 1 1 424 412 423
795 2 2 1 1 425 414 413
796 2 2 1 1 425 413 424
797 2 2 1 1 426 415 414
798 2 2 1 1 426 414 425
799 2 2 1 1 427 416 417
800 2 2 1 1 427 417 428
801 2 2 1 1 429 418 416
802 2 2 1 1 429 416 427
803 2 2 1 1 430 419 418
804 2 2 1 1 430 418 429
805 2 2 1 1 431 420 419
806 2 2 1 1 431 419 430
807 2 2 1 1 432 421 420
808 2 2 1 1 432 420 431
809 2 2 1 1 433 422 421
810 2 2 1 1 433 421 432
811 2 2 1 1 434 423 422
812 2 2 1 1 434 422 433
813 2 2 1 1 435 424 423
814 2 2 1 1 435 423 434
815 2 2 1 1 436 425 424
816 2 2 1 1 436 424 435
817 2 2 1 1 437 426 425
818 2 2 1 1 437 425 436
819 2 2 1 1 438 427 428
820 2 2 1 1 438 428 439
821 2 2 1 1 440 429 427
822 2 2 1 1 440 427 438
823 2 2 1 1 441 430 429
824 2 2 1 1 441 429 440
825 2 2 1 1 442 431 430
826 2 2 1 1 442 430 441
827 2 2 1 1 443 432 431
828 2 2 1 1 443 431 442
829 2 2 1 1 444 433 432
830 2 2 1 1 444 432 443
831 2 2 1 1 445 434 433
832 2 2 1 1 445 433 444
833 2 2 1 1 446 435 434
834 2 2 1 1 446 434 445
835 2 2 1 1 447 436 435
836 2 2 1 1 447 435 446
837 2 2 1 1 448 437 436
838 2 2 1 1 448 436 447
839 2 2 1 1 449 438 439
840 2 2 1 1 449 439 450
841 2 2 1 1 451 440 438
842 2 2 1 1 451 438 449
843 2 2 1 1 452 441 440
844 2 2 1 1 452 440 451
845 2 2 1 1 453 442 441
846 2 2 1 1 453 441 452
847 2 2 1 1 454 443 442
848 2 2 1 1 454 442 453
849 2 2 1 1 455 444 443
850 2 2 1 1 455 443 454
851 2 2 1 1 456 445 444
852 2 2 1 1 456 444 455
853 2 2 1 1 457 446 445
854 2 2 1 1 457 445 456
855 2 2 1 1 458 447 446
856 2 2 1 1 458 446 457
857 2 2 1 1 459 448 447
858 2 2 1 1 459 447 458
859 2 2 1 1 460 450 461
860 2 2 1 1 460 461 462
861 2 2 1 1 463 449 450
862 2 2 1 1 463 450 460
863 2 2 1 1 464 451 449
864 2 2 1 1 464 449 463
865 2 2 1 1 465 452 451
866 2 2 1 1 465 451 464
867 2 2 1 1 466 453 452
868 2 2 1 1 466 452 465
869 2 2 1 1 467 454 453
870 2 2 1 1 467 453 466
871 2 2 1 1 468 455 454
872 2 2 1 1 468 454 467
873 2 2 1 1 469 456 455
874 2 2 1 1 469 455 468
875 2 2 1 1 470 457 456
876 2 2 1 1 470 456 469
877 2 2 1 1 471 458 457
878 2 2 1 1 471 457 470
879 2 2 1 1 472 459 458
880 2 2 1 1 472 458 471
881 2 2 1 1 473 460 462
882 2 2 1 1 473 462 474
883 2 2 1 1 475 463 460
884 2 2 1 1 475 460 473
885 2 2 1 1 476 464 463
886 2 2 1 1 476 463 475
887 2 2 1 1 477 465 464
888 2 2 1 1 477 464 476
889 2 2 1 1 478 466 465
890 2 2 1 1 478 465 477
891 2 2 1 1 479 467 466
892 2 2 1 1 479 466 478
893 2 2 1 1 480 468 467
894 2 2 1 1 480 467 479
895 2 2 1 1 481 469 468
896 2 2 1 1 481 468 480
897 2 2 1 1 482 470 469
898 2 2 1 1 482 469 481
899 2 2 1 1 483 471 470
900 2 2 1 1 483 470 482
901 2 2 1 1 484 472 471
902 2 2 1 1 484 471 483
903 2 2 1 1 485 473 474
904 2 2 1 1 485 474 486
905 2 2 1 1 487 475 473
906 2 2 1 1 487 473 485
907 2 2 1 1 488 476 475
908 2 2 1 1 488 475 487
909 2 2 1 1 489 477 476
910 2 2 1 1 489 476 488
911 2 2 1 1 490 478 477
912 2 2 1 1 490 477 489
913 2 2 1 1 491 479 478
914 2 2 1 1 491 478 490
915 2 2 1 1 492 480 479
916 2 2 1 1 492 479 491
917 2 2 1 1 493 481 480
918 2 2 1 1 493 480 492
919 2 2 1 1 494 482 481
920 2 2 1 1 494 481 493
921 2 2 1 1 495 483 482
922 2 2 1 1 495 482 494
923 2 2 1 1 496 484 483
924 2 2 1 1 496 483 495
925 2 2 1 1 497 485 486
926 2 2 1 1 497 486 498
927 2 2 1 1 499 487 485
928 2 2 1 1 499 485 497
929 2 2 1 1 500 488 487
930 2 2 1 1 500 487 499
931 2 2 1 1 501 489 488
932 2 2 1 1 501 488 500
933 2 2 1 1 502 490 489
934 2 2 1 1 502 489 501
935 2 2 1 1 503 491 490
936 2 2 1 1 503 490 502
937 2 2 1 1 504 492 491
938 2 2 1 1 504 491 503
939 2 2 1 1 505 493 492
940 2 2 1 1 505 492 504
941 2 2 1 1 506 494 493
942 2 2 1 1 506 493 505
943 2 2 1 1 507 495 494
944 2 2 1 1 507 494 506
945 2 2 1 1 508 496 495
946 2 2 1 1 508 495 507
947 2 2 1 1 509 497 498
948 2 2 1 1 509 498 510
949 2 2 1 1 511 499 497
950 2 2 1 1 511 497 509
951 2 2 1 1 512 500 499
952 2 2 1 1 512 499 511
953 2 2 1 1 513 501 500
954 2 2 1 1 513 500 512
955 2 2 1 1 514 502 501
956 2 2 1 1 514 501 513
957 2 2 1 1 515 503 502
958 2 2 1 1 515 502 514
959 2 2 1 1 516 504 503
960 2 2 1 1 516 503 515
961 2 2 1 1 517 505 504
962 2 2 1 1 517 504 516
963 2 2 1 1 518 506 505
964 2 2 1 1 518 505 517
965 2 2 1 1 519 507 506
966 2 2 1 1 519 506 518
967 2 2 1 1 520 508 507
968 2 2 1 1 520 507 519
969 2 2 1 1 521 509 510
970 2 2 1 1 521 510 522
971 2 2 1 1 523 511 509
972 2 2 1 1 523 509 521
973 2 2 1 1 524 512 511
974 2 2 1 1 524 511 523
975 2 2 1 1 525 513 512
976 2 2 1 1 525 512 524
977 2 2 1 1 526 514 513
978 2 2 1 1 526 513 525
979 2 2 1 1 527 515 514
980 2 2 1 1 527 514 526
981 2 2 1 1 528 516 515
982 2 2 1 1 528 515 527
983 2 2 1 1 529 517 516
984 2 2 1 1 529 516 528
985 2 2 1 1 530 518 517
986 2 2 1 1 530 517 529
987 2 2 1 1 531 519 518
988 2 2 1 1 531 518 530
989 2 2 1 1 532 520 519
990 2 2 1 1 532 519 531
991 2 2 1 1 533 521 522
992 2 2 1 1 533 522 534
993 2 2 1 1 535 523 521
994 2 2 1 1 535 521 533
995 2 2 1 1 536 524 523
996 2 2 1 1 536 523 535
997 2 2 1 1 537 525 524
998 2 2 1 1 537 524 536
999 2 2 1 1 538 526 525
1000 2 2 1 1 538 525 537
1001 2 2 1 1 539 527 526
1002 2 2 1 1 539 526 538
1003 2 2 1 1 540 528 527
1004 2 2 1 1 540 527 539
1005 2 2 1 1 541 529 528
1006 2 2 1 1 541 528 540
1007 2 2 1 1 542 530 529
1008 2 2 1 1 542 529 541
1009 2 2 1 1 543 531 530
1010 2 2 1 1 543 530 542
1011 2 2 1 1 544 532 531
1012 2 2 1 1 544 531 543
1013 2 2 1 1 545 533 534
1014 2 2 1 1 545 534 546
1015 2 2 1 1 547 535 533
1016 2 2 1 1 547 533 545
1017 2 2 1 1 548 536 535
1018 2 2 1 1 548 535 547
1019 2 2 1 1 549 537 536
1020 2 2 1 1 549 536 548
1021 2 2 1 1 550 538 537
1022 2 2 1 1 550 537 549
1023 2 2 1 1 551 539 538
1024 2 2 1 1 551 538 550
1025 2 2 1 1 552 540 539
1026 2 2 1 1 552 539 551
1027 2 2 1 1 553 541 540
1028 2 2 1 1 553 540 552
1029 2 2 1 1 554 542 541
1030 2 2 1 1 554 541 553
1031 2 2 1 1 555 543 542
1032 2 2 1 1 555 542 554
1033 2 2 1 1 556 544 543
1034 2 2 1 1 556 543 555
1035 2 2 1 1 557 545 546
1036 2 2 1 1 557 546 558
1037 2 2 1 1 559 547 545
1038 2 2 1 1 559 545 557
1039 2 2 1 1 560 548 547
1040 2 2 1 1 560 547 559
1041 2 2 1 1 561 549 548
1042 2 2 1 1 561 548 560
1043 2 2 1 1 562 550 549
1044 2 2 1 1 562 549 561
1045 2 2 1 1 563 551 550
1046 2 2 1 1 563 550 562
1047 2 2 1 1 564 552 551
1048 2 2 1 1 564 551 563
1049 2 2 1 1 565 553 552
1050 2 2 1 1 565 552 564
1051 2 2 1 1 566 554 553
1052 2 2 1 1 566 553 565
1053 2 2 1 1 567 555 554
1054 2 2 1 1 567 554 566
1055 2 2 1 1 568 556 555
1056 2 2 1 1 568 555 567
1057 2 2 1 1 569 557 558
1058 2 2 1 1 569 558 570
1059 2 2 1 1 571 559 557
1060 2 2 1 1 571 557 569
1061 2 2 1 1 572 560 559
1062 2 2 1 1 572 559 571
1063 2 2 1 1 573 561 560
1064 2 2 1 1 573 560 572
1065 2 2 1 1 574 562 561
1066 2 2 1 1 574 561 573
1067 2 2 1 1 575 563 562
1068 2 2 1 1 575 562 574
1069 2 2 1 1 576 564 563
1070 2 2 1 1 576 563 575
1071 2 2 1 1 577 565 564
1072 2 2 1 1 577 564 576
1073 2 2 1 1 578 566 565
1074 2 2 1 1 578 565 577
1075 2 2 1 1 579 567 566
1076 2 2 1 1 579 566 578
1077 2 2 1 1 580 568 567
1078 2 2 1 1 580 567 579
1079 2 2 1 1 581 569 570
1080 2 2 1 1 581 570 582
1081 2 2 1 1 583 571 569
1082 2 2 1 1 583 569 581
1083 2 2 1 1 584 572 571
1084 2 2 1 1 584 571 583
1085 2 2 1 1 585 573 572
1086 2 2 1 1 585 572 584
1087 2 2 1 1 586 574 573
1088 2 2 1 1 586 573 585
1089 2 2 1 1 587 575 574
1090 2 2 1 1 587 574 586
1091 2 2 1 1 588 576 575
1092 2 2 1 1 588 575 587
1093 2 2 1 1 589 577 576
1094 2 2 1 1 589 576 588
1095 2 2 1 1 590 578 577
1096 2 2 1 1 590 577 589
1097 2 2 1 1 591 579 578
1098 2 2 1 1 591 578 590
1099 2 2 1 1 592 580 579
1100 2 2 1 1 592 579 591
1101 2 2 1 1 593 581 582
1102 2 2 1 1 593 582 594
1103 2 2 1 1 595 583 581
1104 2 2 1 1 595 581 593
1105 2 2 1 1 596 584 583
1106 2 2 1 1 596 583 595
1107 2 2 1 1 597 585 584
1108 2 2 1 1 597 584 596
1109 2 2 1 1 598 586 585
1110 2 2 1 1 598 585 597
1111 2 2 1 1 599 587 586
1112 2 2 1 1 599 586 598
1113 2 2 1 1 600 588 587
1114 2 2 1 1 600 587 599
1115 2 2 1 1 601 589 588
1116 2 2 1 1 601 588 600
1117 2 2 1 1 602 590 589
1118 2 2 1 1 602 589 601
1119 2 2 1 1 603 591 590
1120 2 2 1 1 603 590 602
1121 2 2 1 1 604 592 591
1122 2 2 1 1 604 591 603
1123 2 2 1 1 605 593 594
1124 2 2 1 1 605 594 606
1125 2 2 1 1 607 595 593
1126 2 2 1 1 607 593 605
1127 2 2 1 1 608 596 595
1128 2 2 1 1 608 595 607
1129 2 2 1 1 609 597 596
1130 2 2 1 1 609 596 608
1131 2 2 1 1 610 598 597
1132 2 2 1 1 610 597 609
1133 2 2 1 1 611 599 598
1134 2 2 1 1 611 598 610
1135 2 2 1 1 612 600 599
1136 2 2 1 1 612 599 611
1137 2 2 1 1 613 601 600
1138 2 2 1 1 613 600 612
1139 2 2 1 1 614 602 601
1140 2 2 1 1 614 601 613
1141 2 2 1 1 615 603 602
1142 2 2 1 1 615 602 614
1143 2 2 1 1 616 604 603
1144 2 2 1 1 616 603 615
1145 2 2 1 1 617 605 606
1146 2 2 1 1 617 606 618
1147 2 2 1 1 619 607 605
1148 2 2 1 1 619 605 617
1149 2 2 1 1 620 608 607
1150 2 2 1 1 620 607 619
1151 2 2 1 1 621 609 608
1152 2 2 1 1 621 608 620
1153 2 2 1 1 622 610 609
1154 2 2 1 1 622 609 621
1155 2 2 1 1 623 611 610
1156 2 2 1 1 623 610 622
1157 2 2 1 1 624 612 611
1158 2 2 1 1 624 611 623
1159 2 2 1 1 625 613 612
1160 2 2 1 1 625 612 624
1161 2 2 1 1 626 614 613
1162 2 2 1 1 626 613 625
1163 2 2 1 1 627 615 614
1164 2 2 1 1 627 614 626
1165 2 2 1 1 628 616 615
1166 2 2 1 1 628 615 627
1167 2 2 1 1 629 617 618
1168 2 2 1 1 629 618 630
1169 2 2 1 1 631 619 617
1170 2 2 1 1 631 617 629
1171 2 2 1 1 632 620 619
1172 2 2 1 1 632 619 631
1173 2 2 1 1 633 621 620
1174 2 2 1 1 633 620 632
1175 2 2 1 1 634 622 621
1176 2 2 1 1 634 621 633
1177 2 2 1 1 635 623 622
1178 2 2 1 1 635 622 634
1179 2 2 1 1 636 624 623
1180 2 2 1 1 636 623 635
1181 2 2 1 1 637 625 624
1182 2 2 1 1 637 624 636
1183 2 2 1 1 638 626 625
1184 2 2 1 1 638 625 637
1185 2 2 1 1 639 627 626
1186 2 2 1 1 639 626 638
1187 2 2 1 1 640 628 627
1188 2 2 1 1 640 627 639
1189 2 2 1 1 641 629 630
1190 2 2 1 1 641 630 642
1191 2 2 1 1 643 631 629
1192 2 2 1 1 643 629 641
1193 2 2 1 1 644 632 631
1194 2 2 1 1 644 631 643
1195 2 2 1 1 645 633 632
1196 2 2 1 1 645 632 644
1197 2 2 1 1 646 634 633
1198 2 2 1 1 646 633 645
1199 2 2 1 1 647 635 634
1200 2 2 1 1 647 634 646
1201 2 2 1 1 648 636 635
1202 2 2 1 1 648 635 647
1203 2 2 1 1 649 637 636
1204 2 2 1 1 649 636 648
1205 2 2 1 1 650 638 637
1206 2 2 1 1 650 637 649
1207 2 2 1 1 651 639 638
1208 2 2 1 1 651 638 650
1209 2 2 1 1 652 640 639
1210 2 2 1 1 652 639 651
1211 2 2 1 1 653 641 642
1212 2 2 1 1 653 642 654
1213 2 2 1 1 655 643 641
1214 2 2 1 1 655 641 653
1215 2 2 1 1 656 644 643
1216 2 2 1 1 656 643 655
1217 2 2 1 1 657 645 644
1218 2 2 1 1 657 644 656
1219 2 2 1 1 658 646 645
1220 2 2 1 1 658 645 657
1221 2 2 1 1 659 647 646
1222 2 2 1 1 659 646 658
1223 2 2 1 1 660 648 647
1224 2 2 1 1 660 647 659
1225 2 2 1 1 661 649 648
1226 2 2 1 1 661 648 660
1227 2 2 1 1 662 650 649
1228 2 2 1 1 662 649 661
1229 2 2 1 1 663 651 650
1230 2 2 1 1 663 650 662
1231 2 2 1 1 664 652 651
1232 2 2 1 1 664 651 663
1233 2 2 1 1 665 653 654
1234 2 2 1 1 665 654 666
1235 2 2 1 1 667 655 653
1236 2 2 1 1 667 653 665
1237 2 2 1 1 668 656 655
1238 2 2 1 1 668 655 667
1239 2 2 1 1 669 657 656
1240 2 2 1 1 669 656 668
1241 2 2 1 1 670 658 657
1242 2 2 1 1 670 657 669
1243 2 2 1 1 671 659 658
1244 2 2 1 1 671 658 670
1245 2 2 1 1 672 660 659
1246 2 2 1 1 672 659 671
1247 2 2 1 1 673 661 660
1248 2 2 1 1 673 660 672
1249 2 2 1 1 674 662 661
1250 2 2 1 1 674 661 673
1251 2 2 1 1 675 663 662
1252 2 2 1 1 675 662 674
1253 2 2 1 1 676 664 663
1254 2 2 1 1 676 663 675
1255 2 2 1 1 677 665 666
1256 2 2 1 1 677 666 678
1257 2 2 1 1 679 667 665
1258 2 2 1 1 679 665 677
1259 2 2 1 1 680 668 667
1260 2 2 1 1 680 667 679
1261 2 2 1 1 681 669 668
1262 2 2 1 1 681 668 680
1263 2 2 1 1 682 670 669
1264 2 2 1 1 682 669 681
1265 2 2 1 1 683 671 670
1266 2 2 1 1 683 670 682
1267 2 2 1 1 684 672 671
1268 2 2 1 1 684 671 683
1269 2 2 1 1 685 673 672
1270 2 2 1 1 685 672 684
1271 2 2 1 1 686 674 673
1272 2 2 1 1 686 673 685
1273 2 2 1 1 687 675 674
1274 2 2 1 1 687 674 686
1275 2 2 1 1 688 676 675
1276 2 2 1 1 688 675 687
1277 2 2 1 1 689 677 678
1278 2 2 1 1 689 678 690
1279 2 2 1 1 691 679 677
1280 2 2 1 1 691 677 689
1281 2 2 1 1 692 680 679
1282 2 2 1 1 692 679 691
1283 2 2 1 1 693 681 680
1284 2 2 1 1 693 680 692
1285 2 2 1 1 694 682 681
1286 2 2 1 1 694 681 693
1287 2 2 1 1 695 683 682
1288 2 2 1 1 695 682 694
1289 2 2 1 1 696 684 683
1290 2 2 1 1 696 683 695
1291 2 2 1 1 697 685 684
1292 2 2 1 1 697 684 696
1293 2 2 1 1 698 686 685
1294 2 2 1 1 698 685 697
1295 2 2 1 1 699 687 686
1296 2 2 1 1 699 686 698
1297 2 2 1 1 700 688 687
1298 2 2 1 1 700 687 699
1299 2 2 1 1 701 689 690
1300 2 2 1 1 701 690 702
1301 2 2 1 1 703 691 689
1302 2 2 1 1 703 689 701
1303 2 2 1 1 704 692 691
1304 2 2 1 1 704 691 703
1305 2 2 1 1 705 693 692
1306 2 2 1 1 705 692 704
1307 2 2 1 1 706 694 693
1308 2 2 1 1 706 693 705
1309 2 2 1 1 707 695 694
1310 2 2 1 1 707 694 706
1311 2 2 1 1 708 696 695
1312 2 2 1 1 708 695 707
1313 2 2 1 1 709 697 696
1314 2 2 1 1 709 696 708
1315 2 2 1 1 710 698 697
1316 2 2 1 1 710 697 709
1317 2 2 1 1 711 699 698
1318 2 2 1 1 711 698 710
1319 2 2 1 1 712 700 699
1320 2 2 1 1 712 699 711
1321 2 2 1 1 713 701 702
1322 2 2 1 1 713 702 714
1323 2 2 1 1 715 703 701
1324 2 2 1 1 715 701 713
1325 2 2 1 1 716 704 703
1326 2 2 1 1 716 703 715
1327 2 2 1 1 717 705 704
1328 2 2 1 1 717 704 716
1329 2 2 1 1 718 706 705
1330 2 2 1 1 718 705 717
1331 2 2 1 1 719 707 706
1332 2 2 1 1 719 706 718
1333 2 2 1 1 720 708 707
1334 2 2 1 1 720 707 719
1335 2 2 1 1 721 709 708
1336 2 2 1 1 721 708 720
1337 2 2 1 1 722 710 709
1338 2 2 1 1 722 709 721
1339 2 2 1 1 723 711 710
1340 2 2 1 1 723 710 722
1341 2 2 1 1 724 712 711
1342 2 2 1 1 724 711 723
1343 2 2 1 1 725 713 714
1344 2 2 1 1 725 714 726
1345 2 2 1 1 727 715 713
1346 2 2 1 1 727 713 725
1347 2 2 1 1 728 716 715
1348 2 2 1 1 728 715 727
1349 2 2 1 1 729 717 716
1350 2 2 1 1 729 716 728
1351 2 2 1 1 730 718 717
1352 2 2 1 1 730 717 729
1353 2 2 1 1 731 719 718
1354 2 2 1 1 731 718 730
1355 2 2 1 1 732 720 719
1356 2 2 1 1 732 719 731
1357 2 2 1 1 733 721 720
1358 2 2 1 1 733 720 732
1359 2 2 1 1 734 722 721
1360 2 2 1 1 734 721 733
1361 2 2 1 1 735 723 722
1362 2 2 1 1 735 722 734
1363 2 2 1 1 736 724 723
1364 2 2 1 1 736 723 735
1365 2 2 1 1 737 461 738
1366 2 2 1 1 737 738 738
1367 2 2 1 1 739 738 461
1368 2 2 1 1 739 461 461
1369 2 2 1 1 739 461 740
1370 2 2 1 1 739 740 740
1371 2 2 1 1 461 737 741
1372 2 2 1 1 461 741 741
1373 2 2 1 1 462 742 743
1374 2 2 1 1 462 743 743
1375 2 2 1 1 744 742 462
1376 2 2 1 1 744 462 462
1377 2 2 1 1 744 462 741
1378 2 2 1 1 744 741 741
1379 2 2 1 1 461 741 462
1380 2 2 1 1 461 462 462
1381 2 2 1 1 745 462 743
1382 2 2 1 1 745 743 743
1383 2 2 1 1 746 747 748
1384 2 2 1 1 746 748 748
1385 2 2 1 1 749 417 750
1386 2 2 1 1 749 750 750
1387 2 2 1 1 749 747 428
1388 2 2 1 1 749 428 428
1389 2 2 1 1 747 746 428
1390 2 2 1 1 747 428 428
1391 2 2 1 1 746 748 751
1392 2 2 1 1 746 751 751
1393 2 2 1 1 461 752 753
1394 2 2 1 1 461 753 753
1395 2 2 1 1 461 753 740
1396 2 2 1 1 461 740 740
1397 2 2 1 1 754 746 755
1398 2 2 1 1 754 755 755
1399 2 2 1 1 461 754 752
1400 2 2 1 1 461 752 752
1401 2 2 1 1 751 755 746
1402 2 2 1 1 751 746 746
1403 2 2 1 1 754 461 746
1404 2 2 1 1 754 746 746
1405 2 2 1 1 439 461 450
1406 2 2 1 1 439 450 450
1407 2 2 1 1 756 462 745
1408 2 2 1 1 756 745 745
1409 2 2 1 1 757 498 758
1410 2 2 1 1 757 758 758
1411 2 2 1 1 759 498 760
1412 2 2 1 1 759 760 760
1413 2 2 1 1 759 758 498
1414 2 2 1 1 759 498 498
1415 2 2 1 1 761 510 757
1416 2 2 1 1 761 757 757
1417 2 2 1 1 762 522 763
1418 2 2 1 1 762 763 763
1419 2 2 1 1 764 522 762
1420 2 2 1 1 764 762 762
1421 2 2 1 1 765 510 766
1422 2 2 1 1 765 766 766
1423 2 2 1 1 763 510 765
1424 2 2 1 1 763 765 765
1425 2 2 1 1 761 766 510
1426 2 2 1 1 761 510 510
1427 2 2 1 1 767 522 764
1428 2 2 1 1 767 764 764
1429 2 2 1 1 474 768 769
1430 2 2 1 1 474 769 769
1431 2 2 1 1 770 474 771
1432 2 2 1 1 770 771 771
1433 2 2 1 1 768 474 770
1434 2 2 1 1 768 770 770
1435 2 2 1 1 486 769 772
1436 2 2 1 1 486 772 772
1437 2 2 1 1 486 773 774
1438 2 2 1 1 486 774 774
1439 2 2 1 1 498 774 775
1440 2 2 1 1 498 775 775
1441 2 2 1 1 486 776 777
1442 2 2 1 1 486 777 777
1443 2 2 1 1 486 777 773
1444 2 2 1 1 486 773 773
1445 2 2 1 1 776 486 772
1446 2 2 1 1 776 772 772
1447 2 2 1 1 760 498 775
1448 2 2 1 1 760 775 775
1449 2 2 1 1 771 474 756
1450 2 2 1 1 771 756 756
1451 2 2 1 1 778 522 767
1452 2 2 1 1 778 767 767
1453 2 2 1 1 373 779 780
1454 2 2 1 1 373 780 780
1455 2 2 1 1 373 781 782
1456 2 2 1 1 373 782 782
1457 2 2 1 1 373 783 781
1458 2 2 1 1 373 781 781
1459 2 2 1 1 782 779 373
1460 2 2 1 1 782 373 373
1461 2 2 1 1 395 384 784
1462 2 2 1 1 395 784 784
1463 2 2 1 1 384 785 786
1464 2 2 1 1 384 786 786
1465 2 2 1 1 384 787 785
1466 2 2 1 1 384 785 785
1467 2 2 1 1 786 784 384
1468 2 2 1 1 786 384 384
1469 2 2 1 1 384 780 787
1470 2 2 1 1 384 787 787
1471 2 2 1 1 353 352 788
1472 2 2 1 1 353 788 788
1473 2 2 1 1 352 789 790
1474 2 2 1 1 352 790 790
1475 2 2 1 1 788 352 790
1476 2 2 1 1 788 790 790
1477 2 2 1 1 353 788 791
1478 2 2 1 1 353 791 791
1479 2 2 1 1 353 792 793
1480 2 2 1 1 353 793 793
1481 2 2 1 1 353 794 792
1482 2 2 1 1 353 792 792
1483 2 2 1 1 793 373 353
1484 2 2 1 1 793 353 353
1485 2 2 1 1 783 373 793
1486 2 2 1 1 783 793 793
1487 2 2 1 1 373 780 384
1488 2 2 1 1 373 384 384
1489 2 2 1 1 791 794 353
1490 2 2 1 1 791 353 353
1491 2 2 1 1 395 784 795
1492 2 2 1 1 395 795 795
1493 2 2 1 1 796 417 797
1494 2 2 1 1 796 797 797
1495 2 2 1 1 797 417 798
1496 2 2 1 1 797 798 798
1497 2 2 1 1 798 406 799
1498 2 2 1 1 798 799 799
1499 2 2 1 1 800 417 796
1500 2 2 1 1 800 796 796
1501 2 2 1 1 746 439 428
1502 2 2 1 1 746 428 428
1503 2 2 1 1 756 474 462
1504 2 2 1 1 756 462 462
1505 2 2 1 1 769 486 474
1506 2 2 1 1 769 474 474
1507 2 2 1 1 757 510 498
1508 2 2 1 1 757 498 498
1509 2 2 1 1 763 522 510
1510 2 2 1 1 763 510 510
1511 2 2 1 1 498 486 774
1512 2 2 1 1 498 774 774
1513 2 2 1 1 406 395 801
1514 2 2 1 1 406 801 801
1515 2 2 1 1 395 802 803
1516 2 2 1 1 395 803 803
1517 2 2 1 1 801 395 803
1518 2 2 1 1 801 803 803
1519 2 2 1 1 795 802 395
1520 2 2 1 1 795 395 395
1521 2 2 1 1 406 801 804
1522 2 2 1 1 406 804 804
1523 2 2 1 1 805 799 406
1524 2 2 1 1 805 406 406
1525 2 2 1 1 406 798 417
1526 2 2 1 1 406 417 417
1527 2 2 1 1 804 805 406
1528 2 2 1 1 804 406 406
1529 2 2 1 1 417 800 750
1530 2 2 1 1 417 750 750
1531 2 2 1 1 417 749 428
1532 2 2 1 1 417 428 428
1533 2 2 1 1 439 746 461
1534 2 2 1 1 439 461 461
1535 2 2 1 1 522 778 806
1536 2 2 1 1 522 806 806
1537 2 2 1 1 807 808 654
1538 2 2 1 1 807 654 654
1539 2 2 1 1 809 810 642
1540 2 2 1 1 809 642 642
1541 2 2 1 1 642 810 807
1542 2 2 1 1 642 807 807
1543 2 2 1 1 808 811 654
1544 2 2 1 1 808 654 654
1545 2 2 1 1 812 666 813
1546 2 2 1 1 812 813 813
1547 2 2 1 1 814 815 654
1548 2 2 1 1 814 654 654
1549 2 2 1 1 815 813 654
1550 2 2 1 1 815 654 654
1551 2 2 1 1 814 654 811
1552 2 2 1 1 814 811 811
1553 2 2 1 1 812 816 666
1554 2 2 1 1 812 666 666
1555 2 2 1 1 817 618 818
1556 2 2 1 1 817 818 818
1557 2 2 1 1 819 606 820
1558 2 2 1 1 819 820 820
1559 2 2 1 1 819 818 618
1560 2 2 1 1 819 618 618
1561 2 2 1 1 821 618 817
1562 2 2 1 1 821 817 817
1563 2 2 1 1 822 642 823
1564 2 2 1 1 822 823 823
1565 2 2 1 1 824 642 822
1566 2 2 1 1 824 822 822
1567 2 2 1 1 825 630 826
1568 2 2 1 1 825 826 826
1569 2 2 1 1 823 630 825
1570 2 2 1 1 823 825 825
1571 2 2 1 1 821 826 618
1572 2 2 1 1 821 618 618
1573 2 2 1 1 824 809 642
1574 2 2 1 1 824 642 642
1575 2 2 1 1 827 666 816
1576 2 2 1 1 827 816 816
1577 2 2 1 1 702 828 829
1578 2 2 1 1 702 829 829
1579 2 2 1 1 828 702 830
1580 2 2 1 1 828 830 830
1581 2 2 1 1 702 831 830
1582 2 2 1 1 702 830 830
1583 2 2 1 1 829 832 714
1584 2 2 1 1 829 714 714
1585 2 2 1 1 833 726 834
1586 2 2 1 1 833 834 834
1587 2 2 1 1 835 834 726
1588 2 2 1 1 835 726 726
1589 2 2 1 1 714 836 835
1590 2 2 1 1 714 835 835
1591 2 2 1 1 837 836 714
1592 2 2 1 1 837 714 714
1593 2 2 1 1 837 714 832
1594 2 2 1 1 837 832 832
1595 2 2 1 1 838 831 702
1596 2 2 1 1 838 702 702
1597 2 2 1 1 678 839 840
1598 2 2 1 1 678 840 840
1599 2 2 1 1 841 678 842
1600 2 2 1 1 841 842 842
1601 2 2 1 1 839 678 841
1602 2 2 1 1 839 841 841
1603 2 2 1 1 678 840 843
1604 2 2 1 1 678 843 843
1605 2 2 1 1 690 844 845
1606 2 2 1 1 690 845 845
1607 2 2 1 1 690 845 846
1608 2 2 1 1 690 846 846
1609 2 2 1 1 690 847 848
1610 2 2 1 1 690 848 848
1611 2 2 1 1 690 848 844
1612 2 2 1 1 690 844 844
1613 2 2 1 1 847 678 843
1614 2 2 1 1 847 843 843
1615 2 2 1 1 702 846 838
1616 2 2 1 1 702 838 838
1617 2 2 1 1 827 842 666
1618 2 2 1 1 827 666 666
1619 2 2 1 1 849 726 833
1620 2 2 1 1 849 833 833
1621 2 2 1 1 850 546 851
1622 2 2 1 1 850 851 851
1623 2 2 1 1 852 546 853
1624 2 2 1 1 852 853 853
1625 2 2 1 1 852 851 546
1626 2 2 1 1 852 546 546
1627 2 2 1 1 854 558 850
1628 2 2 1 1 854 850 850
1629 2 2 1 1 855 558 856
1630 2 2 1 1 855 856 856
1631 2 2 1 1 857 570 855
1632 2 2 1 1 857 855 855
1633 2 2 1 1 858 558 859
1634 2 2 1 1 858 859 859
1635 2 2 1 1 856 558 858
1636 2 2 1 1 856 858 858
1637 2 2 1 1 854 859 558
1638 2 2 1 1 854 558 558
1639 2 2 1 1 860 570 857
1640 2 2 1 1 860 857 857
1641 2 2 1 1 534 861 862
1642 2 2 1 1 534 862 862
1643 2 2 1 1 534 806 863
1644 2 2 1 1 534 863 863
1645 2 2 1 1 861 534 863
1646 2 2 1 1 861 863 863
1647 2 2 1 1 522 806 534
1648 2 2 1 1 522 534 534
1649 2 2 1 1 534 862 864
1650 2 2 1 1 534 864 864
1651 2 2 1 1 546 534 865
1652 2 2 1 1 546 865 865
1653 2 2 1 1 866 546 865
1654 2 2 1 1 866 865 865
1655 2 2 1 1 853 546 866
1656 2 2 1 1 853 866 866
1657 2 2 1 1 558 546 850
1658 2 2 1 1 558 850 850
1659 2 2 1 1 558 855 570
1660 2 2 1 1 558 570 570
1661 2 2 1 1 864 865 534
1662 2 2 1 1 864 534 534
1663 2 2 1 1 570 860 582
1664 2 2 1 1 570 582 582
1665 2 2 1 1 582 867 868
1666 2 2 1 1 582 868 868
1667 2 2 1 1 869 867 582
1668 2 2 1 1 869 582 582
1669 2 2 1 1 594 582 868
1670 2 2 1 1 594 868 868
1671 2 2 1 1 860 869 582
1672 2 2 1 1 860 582 582
1673 2 2 1 1 594 868 870
1674 2 2 1 1 594 870 870
1675 2 2 1 1 871 606 872
1676 2 2 1 1 871 872 872
1677 2 2 1 1 873 606 871
1678 2 2 1 1 873 871 871
1679 2 2 1 1 594 874 872
1680 2 2 1 1 594 872 872
1681 2 2 1 1 606 594 872
1682 2 2 1 1 606 872 872
1683 2 2 1 1 874 594 870
1684 2 2 1 1 874 870 870
1685 2 2 1 1 875 606 873
1686 2 2 1 1 875 873 873
1687 2 2 1 1 820 606 875
1688 2 2 1 1 820 875 875
1689 2 2 1 1 630 618 826
1690 2 2 1 1 630 826 826
1691 2 2 1 1 642 630 823
1692 2 2 1 1 642 823 823
1693 2 2 1 1 606 819 618
1694 2 2 1 1 606 618 618
1695 2 2 1 1 666 654 813
1696 2 2 1 1 666 813 813
1697 2 2 1 1 678 666 842
1698 2 2 1 1 678 842 842
1699 2 2 1 1 702 690 846
1700 2 2 1 1 702 846 846
1701 2 2 1 1 714 702 829
1702 2 2 1 1 714 829 829
1703 2 2 1 1 678 847 690
1704 2 2 1 1 678 690 690
1705 2 2 1 1 642 807 654
1706 2 2 1 1 642 654 654
1707 2 2 1 1 714 835 726
1708 2 2 1 1 714 726 726
1709 2 2 1 1 876 725 726
1710 2 2 1 1 876 726 877
1711 2 2 1 1 878 727 725
1712 2 2 1 1 878 725 876
1713 2 2 1 1 879 728 727
1714 2 2 1 1 879 727 878
1715 2 2 1 1 880 729 728
1716 2 2 1 1 880 728 879
1717 2 2 1 1 881 730 729
1718 2 2 1 1 881 729 880
1719 2 2 1 1 882 731 730
1720 2 2 1 1 882 730 881
1721 2 2 1 1 883 732 731
1722 2 2 1 1 883 731 882
1723 2 2 1 1 884 733 732
1724 2 2 1 1 884 732 883
1725 2 2 1 1 885 734 733
1726 2 2 1 1 885 733 884
1727 2 2 1 1 886 735 734
1728 2 2 1 1 886 734 885
1729 2 2 1 1 887 736 735
1730 2 2 1 1 887 735 886
1731 2 2 1 1 888 876 877
1732 2 2 1 1 888 877 889
1733 2 2 1 1 890 878 876
1734 2 2 1 1 890 876 888
1735 2 2 1 1 891 879 878
1736 2 2 1 1 891 878 890
1737 2 2 1 1 892 880 879
1738 2 2 1 1 892 879 891
1739 2 2 1 1 893 881 880
1740 2 2 1 1 893 880 892
1741 2 2 1 1 894 882 881
1742 2 2 1 1 894 881 893
1743 2 2 1 1 895 883 882
1744 2 2 1 1 895 882 894
1745 2 2 1 1 896 884 883
1746 2 2 1 1 896 883 895
1747 2 2 1 1 897 885 884
1748 2 2 1 1 897 884 896
1749 2 2 1 1 898 886 885
1750 2 2 1 1 898 885 897
1751 2 2 1 1 899 887 886
1752 2 2 1 1 899 886 898
1753 2 2 1 1 900 888 889
1754 2 2 1 1 900 889 901
1755 2 2 1 1 902 890 888
1756 2 2 1 1 902 888 900
1757 2 2 1 1 903 891 890
1758 2 2 1 1 903 890 902
1759 2 2 1 1 904 892 891
1760 2 2 1 1 904 891 903
1761 2 2 1 1 905 893 892
1762 2 2 1 1 905 892 904
1763 2 2 1 1 906 894 893
1764 2 2 1 1 906 893 905
1765 2 2 1 1 907 895 894
1766 2 2 1 1 907 894 906
1767 2 2 1 1 908 896 895
1768 2 2 1 1 908 895 907
1769 2 2 1 1 909 897 896
1770 2 2 1 1 909 896 908
1771 2 2 1 1 910 898 897
1772 2 2 1 1 910 897 909
1773 2 2 1 1 911 899 898
1774 2 2 1 1 911 898 910
1775 2 2 1 1 912 900 901
1776 2 2 1 1 912 901 913
1777 2 2 1 1 914 902 900
1778 2 2 1 1 914 900 912
1779 2 2 1 1 915 903 902
1780 2 2 1 1 915 902 914
1781 2 2 1 1 916 904 903
1782 2 2 1 1 916 903 915
1783 2 2 1 1 917 905 904
1784 2 2 1 1 917 904 916
1785 2 2 1 1 918 906 905
1786 2 2 1 1 918 905 917
1787 2 2 1 1 919 907 906
1788 2 2 1 1 919 906 918
1789 2 2 1 1 920 908 907
1790 2 2 1 1 920 907 919
1791 2 2 1 1 921 909 908
1792 2 2 1 1 921 908 920
1793 2 2 1 1 922 910 909
1794 2 2 1 1 922 909 921
1795 2 2 1 1 923 911 910
1796 2 2 1 1 923 910 922
1797 2 2 1 1 924 912 913
1798 2 2 1 1 924 913 925
1799 2 2 1 1 926 914 912
1800 2 2 1 1 926 912 924
1801 2 2 1 1 927 915 914
1802 2 2 1 1 927 914 926
1803 2 2 1 1 928 916 915
1804 2 2 1 1 928 915 927
1805 2 2 1 1 929 917 916
1806 2 2 1 1 929 916 928
1807 2 2 1 1 930 918 917
1808 2 2 1 1 930 917 929
1809 2 2 1 1 931 919 918
1810 2 2 1 1 931 918 930
1811 2 2 1 1 932 920 919
1812 2 2 1 1 932 919 931
1813 2 2 1 1 933 921 920
1814 2 2 1 1 933 920 932
1815 2 2 1 1 934 922 921
1816 2 2 1 1 934 921 933
1817 2 2 1 1 935 923 922
1818 2 2 1 1 935 922 934
1819 2 2 1 1 936 924 925
1820 2 2 1 1 936 925 937
1821 2 2 1 1 938 926 924
1822 2 2 1 1 938 924 936
1823 2 2 1 1 939 927 926
1824 2 2 1 1 939 926 938
1825 2 2 1 1 940 928 927
1826 2 2 1 1 940 927 939
1827 2 2 1 1 941 929 928
1828 2 2 1 1 941 928 940
1829 2 2 1 1 942 930 929
1830 2 2 1 1 942 929 941
1831 2 2 1 1 943 931 930
1832 2 2 1 1 943 930 942
1833 2 2 1 1 944 932 931
1834 2 2 1 1 944 931 943
1835 2 2 1 1 945 933 932
1836 2 2 1 1 945 932 944
1837 2 2 1 1 946 934 933
1838 2 2 1 1 946 933 945
1839 2 2 1 1 947 935 934
1840 2 2 1 1 947 934 946
1841 2 2 1 1 948 936 937
1842 2 2 1 1 948 937 949
1843 2 2 1 1 950 938 936
1844 2 2 1 1 950 936 948
1845 2 2 1 1 951 939 938
1846 2 2 1 1 951 938 950
1847 2 2 1 1 952 940 939
1848 2 2 1 1 952 939 951
1849 2 2 1 1 953 941 940
1850 2 2 1 1 953 940 952
1851 2 2 1 1 954 942 941
1852 2 2 1 1 954 941 953
1853 2 2 1 1 955 943 942
1854 2 2 1 1 955 942 954
1855 2 2 1 1 956 944 943
1856 2 2 1 1 956 943 955
1857 2 2 1 1 957 945 944
1858 2 2 1 1 957 944 956
1859 2 2 1 1 958 946 945
1860 2 2 1 1 958 945 957
1861 2 2 1 1 959 947 946
1862 2 2 1 1 959 946 958
1863 2 2 1 1 960 948 949
1864 2 2 1 1 960 949 961
1865 2 2 1 1 962 950 948
1866 2 2 1 1 962 948 960
1867 2 2 1 1 963 951 950
1868 2 2 1 1 963 950 962
1869 2 2 1 1 964 952 951
1870 2 2 1 1 964 951 963
1871 2 2 1 1 965 953 952
1872 2 2 1 1 965 952 964
1873 2 2 1 1 966 954 953
1874 2 2 1 1 966 953 965
1875 2 2 1 1 967 955 954
1876 2 2 1 1 967 954 966
1877 2 2 1 1 968 956 955
1878 2 2 1 1 968 955 967
1879 2 2 1 1 969 957 956
1880 2 2 1 1 969 956 968
1881 2 2 1 1 970 958 957
1882 2 2 1 1 970 957 969
1883 2 2 1 1 971 959 958
1884 2 2 1 1 971 958 970
1885 2 2 1 1 972 960 961
1886 2 2 1 1 972 961 973
1887 2 2 1 1 974 962 960
1888 2 2 1 1 974 960 972
1889 2 2 1 1 975 963 962
1890 2 2 1 1 975 962 974
1891 2 2 1 1 976 964 963
1892 2 2 1 1 976 963 975
1893 2 2 1 1 977 965 964
1894 2 2 1 1 977 964 976
1895 2 2 1 1 978 966 965
1896 2 2 1 1 978 965 977
1897 2 2 1 1 979 967 966
1898 2 2 1 1 979 966 978
1899 2 2 1 1 980 968 967
1900 2 2 1 1 980 967 979
1901 2 2 1 1 981 969 968
1902 2 2 1 1 981 968 980
1903 2 2 1 1 982 970 969
1904 2 2 1 1 982 969 981
1905 2 2 1 1 983 971 970
1906 2 2 1 1 983 970 982
1907 2 2 1 1 984 972 973
1908 2 2 1 1 984 973 985
1909 2 2 1 1 986 974 972
1910 2 2 1 1 986 972 984
1911 2 2 1 1 987 975 974
1912 2 2 1 1 987 974 986
1913 2 2 1 1 988 976 975
1914 2 2 1 1 988 975 987
1915 2 2 1 1 989 977 976
1916 2 2 1 1 989 976 988
1917 2 2 1 1 990 978 977
1918 2 2 1 1 990 977 989
1919 2 2 1 1 991 979 978
1920 2 2 1 1 991 978 990
1921 2 2 1 1 992 980 979
1922 2 2 1 1 992 979 991
1923 2 2 1 1 993 981 980
1924 2 2 1 1 993 980 992
1925 2 2 1 1 994 982 981
1926 2 2 1 1 994 981 993
1927 2 2 1 1 995 983 982
1928 2 2 1 1 995 982 994
1929 2 2 1 1 996 984 985
1930 2 2 1 1 996 985 997
1931 2 2 1 1 998 986 984
1932 2 2 1 1 998 984 996
1933 2 2 1 1 999 987 986
1934 2 2 1 1 999 986 998
1935 2 2 1 1 1000 988 987
1936 2 2 1 1 1000 987 999
1937 2 2 1 1 1001 989 988
1938 2 2 1 1 1001 988 1000
1939 2 2 1 1 1002 990 989
1940 2 2 1 1 1002 989 1001
1941 2 2 1 1 1003 991 990
1942 2 2 1 1 1003 990 1002
1943 2 2 1 1 1004 992 991
1944 2 2 1 1 1004 991 1003
1945 2 2 1 1 1005 993 992
1946 2 2 1 1 1005 992 1004
1947 2 2 1 1 1006 994 993
1948 2 2 1 1 1006 993 1005
1949 2 2 1 1 1007 995 994
1950 2 2 1 1 1007 994 1006
1951 2 2 1 1 1008 996 997
1952 2 2 1 1 1008 997 1009
1953 2 2 1 1 1010 998 996
1954 2 2 1 1 1010 996 1008
1955 2 2 1 1 1011 999 998
1956 2 2 1 1 1011 998 1010
1957 2 2 1 1 1012 1000 999
1958 2 2 1 1 1012 999 1011
1959 2 2 1 1 1013 1001 1000
1960 2 2 1 1 1013 1000 1012
1961 2 2 1 1 1014 1002 1001
1962 2 2 1 1 1014 1001 1013
1963 2 2 1 1 1015 1003 1002
1964 2 2 1 1 1015 1002 1014
1965 2 2 1 1 1016 1004 1003
1966 2 2 1 1 1016 1003 1015
1967 2 2 1 1 1017 1005 1004
1968 2 2 1 1 1017 1004 1016
1969 2 2 1 1 1018 1006 1005
1970 2 2 1 1 1018 1005 1017
1971 2 2 1 1 1019 1007 1006
1972 2 2 1 1 1019 1006 1018
1973 2 2 1 1 1020 1008 1009
1974 2 2 1 1 1020 1009 1021
1975 2 2 1 1 1022 1010 1008
1976 2 2 1 1 1022 1008 1020
1977 2 2 1 1 1023 1011 1010
1978 2 2 1 1 1023 1010 1022
1979 2 2 1 1 1024 1012 1011
1980 2 2 1 1 1024 1011 1023
1981 2 2 1 1 1025 1013 1012
1982 2 2 1 1 1025 1012 1024
1983 2 2 1 1 1026 1014 1013
1984 2 2 1 1 1026 1013 1025
1985 2 2 1 1 1027 1015 1014
1986 2 2 1 1 1027 1014 1026
1987 2 2 1 1 1028 1016 1015
1988 2 2 1 1 1028 1015 1027
1989 2 2 1 1 1029 1017 1016
1990 2 2 1 1 1029 1016 1028
1991 2 2 1 1 1030 1018 1017
1992 2 2 1 1 1030 1017 1029
1993 2 2 1 1 1031 1019 1018
1994 2 2 1 1 1031 1018 1030
1995 2 2 1 1 1032 1020 1021
1996 2 2 1 1 1032 1021 1033
1997 2 2 1 1 1034 1022 1020
1998 2 2 1 1 1034 1020 1032
1999 2 2 1 1 1035 1023 1022
2000 2 2 1 1 1035 1022 1034
2001 2 2 1 1 1036 1024 1023
2002 2 2 1 1 1036 1023 1035
2003 2 2 1 1 1037 1025 1024
2004 2 2 1 1 1037 1024 1036
2005 2 2 1 1 1038 1026 1025
2006 2 2 1 1 1038 1025 1037
2007 2 2 1 1 1039 1027 1026
2008 2 2 1 1 1039 1026 1038
2009 2 2 1 1 1040 1028 1027
2010 2 2 1 1 1040 1027 1039
2011 2 2 1 1 1041 1029 1028
2012 2 2 1 1 1041 1028 1040
2013 2 2 1 1 1042 1030 1029
2014 2 2 1 1 1042 1029 1041
2015 2 2 1 1 1043 1031 1030
2016 2 2 1 1 1043 1030 1042
2017 2 2 1 1 1044 1032 1033
2018 2 2 1 1 1044 1033 1045
2019 2 2 1 1 1046 1034 1032
2020 2 2 1 1 1046 1032 1044
2021 2 2 1 1 1047 1035 1034
2022 2 2 1 1 1047 1034 1046
2023 2 2 1 1 1048 1036 1035
2024 2 2 1 1 1048 1035 1047
2025 2 2 1 1 1049 1037 1036
2026 2 2 1 1 1049 1036 1048
2027 2 2 1 1 1050 1038 1037
2028 2 2 1 1 1050 1037 1049
2029 2 2 1 1 1051 1039 1038
2030 2 2 1 1 1051 1038 1050
2031 2 2 1 1 1052 1040 1039
2032 2 2 1 1 1052 1039 1051
2033 2 2 1 1 1053 1041 1040
2034 2 2 1 1 1053 1040 1052
2035 2 2 1 1 1054 1042 1041
2036 2 2 1 1 1054 1041 1053
2037 2 2 1 1 1055 1043 1042
2038 2 2 1 1 1055 1042 1054
2039 2 2 1 1 1056 1044 1045
2040 2 2 1 1 1056 1045 1057
2041 2 2 1 1 1058 1046 1044
2042 2 2 1 1 1058 1044 1056
2043 2 2 1 1 1059 1047 1046
2044 2 2 1 1 1059 1046 1058
2045 2 2 1 1 1060 1048 1047
2046 2 2 1 1 1060 1047 1059
2047 2 2 1 1 1061 1049 1048
2048 2 2 1 1 1061 1048 1060
2049 2 2 1 1 1062 1050 1049
2050 2 2 1 1 1062 1049 1061
2051 2 2 1 1 1063 1051 1050
2052 2 2 1 1 1063 1050 1062
2053 2 2 1 1 1064 1052 1051
2054 2 2 1 1 1064 1051 1063
2055 2 2 1 1 1065 1053 1052
2056 2 2 1 1 1065 1052 1064
2057 2 2 1 1 1066 1054 1053
2058 2 2 1 1 1066 1053 1065
2059 2 2 1 1 1067 1055 1054
2060 2 2 1 1 1067 1054 1066
2061 2 2 1 1 1068 1056 1057
2062 2 2 1 1 1068 1057 1069
2063 2 2 1 1 1070 1058 1056
2064 2 2 1 1 1070 1056 1068
2065 2 2 1 1 1071 1059 1058
2066 2 2 1 1 1071 1058 1070
2067 2 2 1 1 1072 1060 1059
2068 2 2 1 1 1072 1059 1071
2069 2 2 1 1 1073 1061 1060
2070 2 2 1 1 1073 1060 1072
2071 2 2 1 1 1074 1062 1061
2072 2 2 1 1 1074 1061 1073
2073 2 2 1 1 1075 1063 1062
2074 2 2 1 1 1075 1062 1074
2075 2 2 1 1 1076 1064 1063
2076 2 2 1 1 1076 1063 1075
2077 2 2 1 1 1077 1065 1064
2078 2 2 1 1 1077 1064 1076
2079 2 2 1 1 1078 1066 1065
2080 2 2 1 1 1078 1065 1077
2081 2 2 1 1 1079 1067 1066
2082 2 2 1 1 1079 1066 1078
2083 2 2 1 1 1080 1068 1069
2084 2 2 1 1 1080 1069 1081
2085 2 2 1 1 1082 1070 1068
2086 2 2 1 1 1082 1068 1080
2087 2 2 1 1 1083 1071 1070
2088 2 2 1 1 1083 1070 1082
2089 2 2 1 1 1084 1072 1071
2090 2 2 1 1 1084 1071 1083
2091 2 2 1 1 1085 1073 1072
2092 2 2 1 1 1085 1072 1084
2093 2 2 1 1 1086 1074 1073
2094 2 2 1 1 1086 1073 1085
2095 2 2 1 1 1087 1075 1074
2096 2 2 1 1 1087 1074 1086
2097 2 2 1 1 1088 1076 1075
2098 2 2 1 1 1088 1075 1087
2099 2 2 1 1 1089 1077 1076
2100 2 2 1 1 1089 1076 1088
2101 2 2 1 1 1090 1078 1077
2102 2 2 1 1 1090 1077 1089
2103 2 2 1 1 1091 1079 1078
2104 2 2 1 1 1091 1078 1090
2105 2 2 1 1 1092 1080 1081
2106 2 2 1 1 1092 1081 1093
2107 2 2 1 1 1094 1082 1080
2108 2 2 1 1 1094 1080 1092
2109 2 2 1 1 1095 1083 1082
2110 2 2 1 1 1095 1082 1094
2111 2 2 1 1 1096 1084 1083
2112 2 2 1 1 1096 1083 1095
2113 2 2 1 1 1097 1085 1084
2114 2 2 1 1 1097 1084 1096
2115 2 2 1 1 1098 1086 1085
2116 2 2 1 1 1098 1085 1097
2117 2 2 1 1 1099 1087 1086
2118 2 2 1 1 1099 1086 1098
2119 2 2 1 1 1100 1088 1087
2120 2 2 1 1 1100 1087 1099
2121 2 2 1 1 1101 1089 1088
2122 2 2 1 1 1101 1088 1100
2123 2 2 1 1 1102 1090 1089
2124 2 2 1 1 1102 1089 1101
2125 2 2 1 1 1103 1091 1090
2126 2 2 1 1 1103 1090 1102
2127 2 2 1 1 1104 1092 1093
2128 2 2 1 1 1104 1093 1105
2129 2 2 1 1 1106 1094 1092
2130 2 2 1 1 1106 1092 1104
2131 2 2 1 1 1107 1095 1094
2132 2 2 1 1 1107 1094 1106
2133 2 2 1 1 1108 1096 1095
2134 2 2 1 1 1108 1095 1107
2135 2 2 1 1 1109 1097 1096
2136 2 2 1 1 1109 1096 1108
2137 2 2 1 1 1110 1098 1097
2138 2 2 1 1 1110 1097 1109
2139 2 2 1 1 1111 1099 1098
2140 2 2 1 1 1111 1098 1110
2141 2 2 1 1 1112 1100 1099
2142 2 2 1 1 1112 1099 1111
2143 2 2 1 1 1113 1101 1100
2144 2 2 1 1 1113 1100 1112
2145 2 2 1 1 1114 1102 1101
2146 2 2 1 1 1114 1101 1113
2147 2 2 1 1 1115 1103 1102
2148 2 2 1 1 1115 1102 1114
2149 2 2 1 1 1116 1104 1105
2150 2 2 1 1 1116 1105 1117
2151 2 2 1 1 1118 1106 1104
2152 2 2 1 1 1118 1104 1116
2153 2 2 1 1 1119 1107 1106
2154 2 2 1 1 1119 1106 1118
2155 2 2 1 1 1120 1108 1107
2156 2 2 1 1 1120 1107 1119
2157 2 2 1 1 1121 1109 1108
2158 2 2 1 1 1121 1108 1120
2159 2 2 1 1 1122 1110 1109
2160 2 2 1 1 1122 1109 1121
2161 2 2 1 1 1123 1111 1110
2162 2 2 1 1 1123 1110 1122
2163 2 2 1 1 1124 1112 1111
2164 2 2 1 1 1124 1111 1123
2165 2 2 1 1 1125 1113 1112
2166 2 2 1 1 1125 1112 1124
2167 2 2 1 1 1126 1114 1113
2168 2 2 1 1 1126 1113 1125
2169 2 2 1 1 1127 1115 1114
2170 2 2 1 1 1127 1114 1126
2171 2 2 1 1 1128 1116 1117
2172 2 2 1 1 1128 1117 1129
2173 2 2 1 1 1130 1118 1116
2174 2 2 1 1 1130 1116 1128
2175 2 2 1 1 1131 1119 1118
2176 2 2 1 1 1131 1118 1130
2177 2 2 1 1 1132 1120 1119
2178 2 2 1 1 1132 1119 1131
2179 2 2 1 1 1133 1121 1120
2180 2 2 1 1 1133 1120 1132
2181 2 2 1 1 1134 1122 1121
2182 2 2 1 1 1134 1121 1133
2183 2 2 1 1 1135 1123 1122
2184 2 2 1 1 1135 1122 1134
2185 2 2 1 1 1136 1124 1123
2186 2 2 1 1 1136 1123 1135
2187 2 2 1 1 1137 1125 1124
2188 2 2 1 1 1137 1124 1136
2189 2 2 1 1 1138 1126 1125
2190 2 2 1 1 1138 1125 1137
2191 2 2 1 1 1139 1127 1126
2192 2 2 1 1 1139 1126 1138
2193 2 2 1 1 1140 1128 1129
2194 2 2 1 1 1140 1129 1141
2195 2 2 1 1 1142 1130 1128
2196 2 2 1 1 1142 1128 1140
2197 2 2 1 1 1143 1131 1130
2198 2 2 1 1 1143 1130 1142
2199 2 2 1 1 1144 1132 1131
2200 2 2 1 1 1144 1131 1143
2201 2 2 1 1 1145 1133 1132
2202 2 2 1 1 1145 1132 1144
2203 2 2 1 1 1146 1134 1133
2204 2 2 1 1 1146 1133 1145
2205 2 2 1 1 1147 1135 1134
2206 2 2 1 1 1147 1134 1146
2207 2 2 1 1 1148 1136 1135
2208 2 2 1 1 1148 1135 1147
2209 2 2 1 1 1149 1137 1136
2210 2 2 1 1 1149 1136 1148
2211 2 2 1 1 1150 1138 1137
2212 2 2 1 1 1150 1137 1149
2213 2 2 1 1 1151 1139 1138
2214 2 2 1 1 1151 1138 1150
2215 2 2 1 1 1152 1142 1140
2216 2 2 1 1 1152 1140 1153
2217 2 2 1 1 1154 1143 1142
2218 2 2 1 1 1154 1142 1152
2219 2 2 1 1 1155 1144 1143
2220 2 2 1 1 1155 1143 1154
2221 2 2 1 1 1156 1145 1144
2222 2 2 1 1 1156 1144 1155
2223 2 2 1 1 1157 1146 1145
2224 2 2 1 1 1157 1145 1156
2225 2 2 1 1 1158 1147 1146
2226 2 2 1 1 1158 1146 1157
2227 2 2 1 1 1159 1148 1147
2228 2 2 1 1 1159 1147 1158
2229 2 2 1 1 1160 1149 1148
2230 2 2 1 1 1160 1148 1159
2231 2 2 1 1 1161 1150 1149
2232 2 2 1 1 1161 1149 1160
2233 2 2 1 1 1162 1151 1150
2234 2 2 1 1 1162 1150 1161
2235 2 2 1 1 1163 1152 1153
2236 2 2 1 1 1163 1153 1164
2237 2 2 1 1 1165 1154 1152
2238 2 2 1 1 1165 1152 1163
2239 2 2 1 1 1166 1155 1154
2240 2 2 1 1 1166 1154 1165
2241 2 2 1 1 1167 1156 1155
2242 2 2 1 1 1167 1155 1166
2243 2 2 1 1 1168 1157 1156
2244 2 2 1 1 1168 1156 1167
2245 2 2 1 1 1169 1158 1157
2246 2 2 1 1 1169 1157 1168
2247 2 2 1 1 1170 1159 1158
2248 2 2 1 1 1170 1158 1169
2249 2 2 1 1 1171 1160 1159
2250 2 2 1 1 1171 1159 1170
2251 2 2 1 1 1172 1161 1160
2252 2 2 1 1 1172 1160 1171
2253 2 2 1 1 1173 1162 1161
2254 2 2 1 1 1173 1161 1172
2255 2 2 1 1 1174 1163 1164
2256 2 2 1 1 1174 1164 1175
2257 2 2 1 1 1176 1165 1163
2258 2 2 1 1 1176 1163 1174
2259 2 2 1 1 1177 1166 1165
2260 2 2 1 1 1177 1165 1176
2261 2 2 1 1 1178 1167 1166
2262 2 2 1 1 1178 1166 1177
2263 2 2 1 1 1179 1168 1167
2264 2 2 1 1 1179 1167 1178
2265 2 2 1 1 1180 1169 1168
2266 2 2 1 1 1180 1168 1179
2267 2 2 1 1 1181 1170 1169
2268 2 2 1 1 1181 1169 1180
2269 2 2 1 1 1182 1171 1170
2270 2 2 1 1 1182 1170 1181
2271 2 2 1 1 1183 1172 1171
2272 2 2 1 1 1183 1171 1182
2273 2 2 1 1 1184 1173 1172
2274 2 2 1 1 1184 1172 1183
2275 2 2 1 1 1185 1174 1175
2276 2 2 1 1 1185 1175 1186
2277 2 2 1 1 1187 1176 1174
2278 2 2 1 1 1187 1174 1185
2279 2 2 1 1 1188 1177 1176
2280 2 2 1 1 1188 1176 1187
2281 2 2 1 1 1189 1178 1177
2282 2 2 1 1 1189 1177 1188
2283 2 2 1 1 1190 1179 1178
2284 2 2 1 1 1190 1178 1189
2285 2 2 1 1 1191 1180 1179
2286 2 2 1 1 1191 1179 1190
2287 2 2 1 1 1192 1181 1180
2288 2 2 1 1 1192 1180 1191
2289 2 2 1 1 1193 1182 1181
2290 2 2 1 1 1193 1181 1192
2291 2 2 1 1 1194 1183 1182
2292 2 2 1 1 1194 1182 1193
2293 2 2 1 1 1195 1184 1183
2294 2 2 1 1 1195 1183 1194
2295 2 2 1 1 1196 1185 1186
2296 2 2 1 1 1196 1186 1197
2297 2 2 1 1 1198 1187 1185
2298 2 2 1 1 1198 1185 1196
2299 2 2 1 1 1199 1188 1187
2300 2 2 1 1 1199 1187 1198
2301 2 2 1 1 1200 1189 1188
2302 2 2 1 1 1200 1188 1199
2303 2 2 1 1 1201 1190 1189
2304 2 2 1 1 1201 1189 1200
2305 2 2 1 1 1202 1191 1190
2306 2 2 1 1 1202 1190 1201
2307 2 2 1 1 1203 1192 1191
2308 2 2 1 1 1203 1191 1202
2309 2 2 1 1 1204 1193 1192
2310 2 2 1 1 1204 1192 1203
2311 2 2 1 1 1205 1194 1193
2312 2 2 1 1 1205 1193 1204
2313 2 2 1 1 1206 1195 1194
2314 2 2 1 1 1206 1194 1205
2315 2 2 1 1 1207 1196 1197
2316 2 2 1 1 1207 1197 1208
2317 2 2 1 1 1209 1198 1196
2318 2 2 1 1 1209 1196 1207
2319 2 2 1 1 1210 1199 1198
2320 2 2 1 1 1210 1198 1209
2321 2 2 1 1 1211 1200 1199
2322 2 2 1 1 1211 1199 1210
2323 2 2 1 1 1212 1201 1200
2324 2 2 1 1 1212 1200 1211
2325 2 2 1 1 1213 1202 1201
2326 2 2 1 1 1213 1201 1212
2327 2 2 1 1 1214 1203 1202
2328 2 2 1 1 1214 1202 1213
2329 2 2 1 1 1215 1204 1203
2330 2 2 1 1 1215 1203 1214
2331 2 2 1 1 1216 1205 1204
2332 2 2 1 1 1216 1204 1215
2333 2 2 1 1 1217 1206 1205
2334 2 2 1 1 1217 1205 1216
2335 2 2 1 1 1218 1207 1208
2336 2 2 1 1 1218 1208 1219
2337 2 2 1 1 1220 1209 1207
2338 2 2 1 1 1220 1207 1218
2339 2 2 1 1 1221 1210 1209
2340 2 2 1 1 1221 1209 1220
2341 2 2 1 1 1222 1211 1210
2342 2 2 1 1 1222 1210 1221
2343 2 2 1 1 1223 1212 1211
2344 2 2 1 1 1223 1211 1222
2345 2 2 1 1 1224 1213 1212
2346 2 2 1 1 1224 1212 1223
2347 2 2 1 1 1225 1214 1213
2348 2 2 1 1 1225 1213 1224
2349 2 2 1 1 1226 1215 1214
2350 2 2 1 1 1226 1214 1225
2351 2 2 1 1 1227 1216 1215
2352 2 2 1 1 1227 1215 1226
2353 2 2 1 1 1228 1217 1216
2354 2 2 1 1 1228 1216 1227
2355 2 2 1 1 1229 1218 1219
2356 2 2 1 1 1229 1219 1230
2357 2 2 1 1 1231 1220 1218
2358 2 2 1 1 1231 1218 1229
2359 2 2 1 1 1232 1221 1220
2360 2 2 1 1 1232 1220 1231
2361 2 2 1 1 1233 1222 1221
2362 2 2 1 1 1233 1221 1232
2363 2 2 1 1 1234 1223 1222
2364 2 2 1 1 1234 1222 1233
2365 2 2 1 1 1235 1224 1223
2366 2 2 1 1 1235 1223 1234
2367 2 2 1 1 1236 1225 1224
2368 2 2 1 1 1236 1224 1235
2369 2 2 1 1 1237 1226 1225
2370 2 2 1 1 1237 1225 1236
2371 2 2 1 1 1238 1227 1226
2372 2 2 1 1 1238 1226 1237
2373 2 2 1 1 1239 1228 1227
2374 2 2 1 1 1239 1227 1238
2375 2 2 1 1 351 1229 1230
2376 2 2 1 1 351 1230 352
2377 2 2 1 1 355 1231 1229
2378 2 2 1 1 355 1229 351
2379 2 2 1 1 357 1232 1231
2380 2 2 1 1 357 1231 355
2381 2 2 1 1 359 1233 1232
2382 2 2 1 1 359 1232 357
2383 2 2 1 1 361 1234 1233
2384 2 2 1 1 361 1233 359
2385 2 2 1 1 363 1235 1234
2386 2 2 1 1 363 1234 361
2387 2 2 1 1 365 1236 1235
2388 2 2 1 1 365 1235 363
2389 2 2 1 1 367 1237 1236
2390 2 2 1 1 367 1236 365
2391 2 2 1 1 369 1238 1237
2392 2 2 1 1 369 1237 367
2393 2 2 1 1 371 1239 1238
2394 2 2 1 1 371 1238 369
2395 2 2 1 1 849 1240 726
2396 2 2 1 1 849 726 726
2397 2 2 1 1 1241 1242 877
2398 2 2 1 1 1241 877 877
2399 2 2 1 1 1241 726 1240
2400 2 2 1 1 1241 1240 1240
2401 2 2 1 1 877 1242 1243
2402 2 2 1 1 877 1243 1243
2403 2 2 1 1 1244 1245 877
2404 2 2 1 1 1244 877 877
2405 2 2 1 1 1246 889 1247
2406 2 2 1 1 1246 1247 1247
2407 2 2 1 1 877 1245 1247
2408 2 2 1 1 877 1247 1247
2409 2 2 1 1 1243 1244 877
2410 2 2 1 1 1243 877 877
2411 2 2 1 1 889 1246 1248
2412 2 2 1 1 889 1248 1248
2413 2 2 1 1 889 1249 1250
2414 2 2 1 1 889 1250 1250
2415 2 2 1 1 901 1251 1252
2416 2 2 1 1 901 1252 1252
2417 2 2 1 1 1250 1251 901
2418 2 2 1 1 1250 901 901
2419 2 2 1 1 1252 1253 901
2420 2 2 1 1 1252 901 901
2421 2 2 1 1 1254 1255 913
2422 2 2 1 1 1254 913 913
2423 2 2 1 1 1256 1257 913
2424 2 2 1 1 1256 913 913
2425 2 2 1 1 1256 913 1255
2426 2 2 1 1 1256 1255 1255
2427 2 2 1 1 1254 901 1253
2428 2 2 1 1 1254 1253 1253
2429 2 2 1 1 1248 1249 889
2430 2 2 1 1 1248 889 889
2431 2 2 1 1 1258 913 1257
2432 2 2 1 1 1258 1257 1257
2433 2 2 1 1 925 1259 1260
2434 2 2 1 1 925 1260 1260
2435 2 2 1 1 925 1261 1262
2436 2 2 1 1 925 1262 1262
2437 2 2 1 1 1260 1261 925
2438 2 2 1 1 1260 925 925
2439 2 2 1 1 1262 1263 925
2440 2 2 1 1 1262 925 925
2441 2 2 1 1 1264 1265 937
2442 2 2 1 1 1264 937 937
2443 2 2 1 1 1266 1267 937
2444 2 2 1 1 1266 937 937
2445 2 2 1 1 1266 937 1265
2446 2 2 1 1 1266 1265 1265
2447 2 2 1 1 1264 937 1263
2448 2 2 1 1 1264 1263 1263
2449 2 2 1 1 949 1267 1268
2450 2 2 1 1 949 1268 1268
2451 2 2 1 1 1269 1270 949
2452 2 2 1 1 1269 949 949
2453 2 2 1 1 1271 1272 949
2454 2 2 1 1 1271 949 949
2455 2 2 1 1 1271 949 1270
2456 2 2 1 1 1271 1270 1270
2457 2 2 1 1 1273 961 1272
2458 2 2 1 1 1273 1272 1272
2459 2 2 1 1 1274 961 1275
2460 2 2 1 1 1274 1275 1275
2461 2 2 1 1 1276 973 1277
2462 2 2 1 1 1276 1277 1277
2463 2 2 1 1 961 1274 1277
2464 2 2 1 1 961 1277 1277
2465 2 2 1 1 961 1273 1275
2466 2 2 1 1 961 1275 1275
2467 2 2 1 1 949 1268 1269
2468 2 2 1 1 949 1269 1269
2469 2 2 1 1 913 1258 1259
2470 2 2 1 1 913 1259 1259
2471 2 2 1 1 1276 1278 973
2472 2 2 1 1 1276 973 973
2473 2 2 1 1 877 1247 889
2474 2 2 1 1 877 889 889
2475 2 2 1 1 1241 877 726
2476 2 2 1 1 1241 726 726
2477 2 2 1 1 1279 1280 973
2478 2 2 1 1 1279 973 973
2479 2 2 1 1 1280 1281 985
2480 2 2 1 1 1280 985 985
2481 2 2 1 1 1278 1279 973
2482 2 2 1 1 1278 973 973
2483 2 2 1 1 985 1282 1283
2484 2 2 1 1 985 1283 1283
2485 2 2 1 1 1284 997 1285
2486 2 2 1 1 1284 1285 1285
2487 2 2 1 1 1283 1285 985
2488 2 2 1 1 1283 985 985
2489 2 2 1 1 985 1281 1282
2490 2 2 1 1 985 1282 1282
2491 2 2 1 1 1286 997 1284
2492 2 2 1 1 1286 1284 1284
2493 2 2 1 1 901 889 1250
2494 2 2 1 1 901 1250 1250
2495 2 2 1 1 925 913 1259
2496 2 2 1 1 925 1259 1259
2497 2 2 1 1 937 925 1263
2498 2 2 1 1 937 1263 1263
2499 2 2 1 1 901 1254 913
2500 2 2 1 1 901 913 913
2501 2 2 1 1 961 949 1272
2502 2 2 1 1 961 1272 1272
2503 2 2 1 1 1280 985 973
2504 2 2 1 1 1280 973 973
2505 2 2 1 1 1285 997 985
2506 2 2 1 1 1285 985 985
2507 2 2 1 1 961 1277 973
2508 2 2 1 1 961 973 973
2509 2 2 1 1 937 1267 949
2510 2 2 1 1 937 949 949
2511 2 2 1 1 997 1286 1287
2512 2 2 1 1 997 1287 1287
2513 2 2 1 1 1288 997 1289
2514 2 2 1 1 1288 1289 1289
2515 2 2 1 1 1288 1290 1009
2516 2 2 1 1 1288 1009 1009
2517 2 2 1 1 1009 997 1288
2518 2 2 1 1 1009 1288 1288
2519 2 2 1 1 1291 1009 1290
2520 2 2 1 1 1291 1290 1290
2521 2 2 1 1 1292 1009 1293
2522 2 2 1 1 1292 1293 1293
2523 2 2 1 1 1294 1021 1295
2524 2 2 1 1 1294 1295 1295
2525 2 2 1 1 1021 1292 1295
2526 2 2 1 1 1021 1295 1295
2527 2 2 1 1 1009 1291 1293
2528 2 2 1 1 1009 1293 1293
2529 2 2 1 1 1294 1296 1021
2530 2 2 1 1 1294 1021 1021
2531 2 2 1 1 1033 1021 1297
2532 2 2 1 1 1033 1297 1297
2533 2 2 1 1 1292 1021 1009
2534 2 2 1 1 1292 1009 1009
2535 2 2 1 1 1297 1298 1033
2536 2 2 1 1 1297 1033 1033
2537 2 2 1 1 1299 1033 1298
2538 2 2 1 1 1299 1298 1298
2539 2 2 1 1 1297 1021 1296
2540 2 2 1 1 1297 1296 1296
2541 2 2 1 1 1300 1033 1301
2542 2 2 1 1 1300 1301 1301
2543 2 2 1 1 1302 1033 1300
2544 2 2 1 1 1302 1300 1300
2545 2 2 1 1 1302 1303 1045
2546 2 2 1 1 1302 1045 1045
2547 2 2 1 1 1033 1302 1045
2548 2 2 1 1 1033 1045 1045
2549 2 2 1 1 1304 1045 1303
2550 2 2 1 1 1304 1303 1303
2551 2 2 1 1 1299 1301 1033
2552 2 2 1 1 1299 1033 1033
2553 2 2 1 1 1287 1289 997
2554 2 2 1 1 1287 997 997
2555 2 2 1 1 1305 1045 1306
2556 2 2 1 1 1305 1306 1306
2557 2 2 1 1 1307 1057 1308
2558 2 2 1 1 1307 1308 1308
2559 2 2 1 1 1057 1305 1308
2560 2 2 1 1 1057 1308 1308
2561 2 2 1 1 1057 1307 1309
2562 2 2 1 1 1057 1309 1309
2563 2 2 1 1 1057 1310 1311
2564 2 2 1 1 1057 1311 1311
2565 2 2 1 1 1069 1312 1313
2566 2 2 1 1 1069 1313 1313
2567 2 2 1 1 1311 1312 1069
2568 2 2 1 1 1311 1069 1069
2569 2 2 1 1 1309 1310 1057
2570 2 2 1 1 1309 1057 1057
2571 2 2 1 1 1314 1069 1313
2572 2 2 1 1 1314 1313 1313
2573 2 2 1 1 1069 1315 1316
2574 2 2 1 1 1069 1316 1316
2575 2 2 1 1 1081 1317 1318
2576 2 2 1 1 1081 1318 1318
2577 2 2 1 1 1316 1317 1081
2578 2 2 1 1 1316 1081 1081
2579 2 2 1 1 1318 1319 1081
2580 2 2 1 1 1318 1081 1081
2581 2 2 1 1 1320 1321 1093
2582 2 2 1 1 1320 1093 1093
2583 2 2 1 1 1322 1323 1093
2584 2 2 1 1 1322 1093 1093
2585 2 2 1 1 1322 1093 1321
2586 2 2 1 1 1322 1321 1321
2587 2 2 1 1 1320 1081 1319
2588 2 2 1 1 1320 1319 1319
2589 2 2 1 1 1315 1069 1314
2590 2 2 1 1 1315 1314 1314
2591 2 2 1 1 1324 1093 1323
2592 2 2 1 1 1324 1323 1323
2593 2 2 1 1 1105 1325 1326
2594 2 2 1 1 1105 1326 1326
2595 2 2 1 1 1105 1327 1328
2596 2 2 1 1 1105 1328 1328
2597 2 2 1 1 1326 1327 1105
2598 2 2 1 1 1326 1105 1105
2599 2 2 1 1 1328 1329 1105
2600 2 2 1 1 1328 1105 1105
2601 2 2 1 1 1330 1331 1117
2602 2 2 1 1 1330 1117 1117
2603 2 2 1 1 1332 1333 1117
2604 2 2 1 1 1332 1117 1117
2605 2 2 1 1 1332 1117 1331
2606 2 2 1 1 1332 1331 1331
2607 2 2 1 1 1330 1105 1329
2608 2 2 1 1 1330 1329 1329
2609 2 2 1 1 1117 1333 1334
2610 2 2 1 1 1117 1334 1334
2611 2 2 1 1 1335 1129 1336
2612 2 2 1 1 1335 1336 1336
2613 2 2 1 1 1337 1129 1338
2614 2 2 1 1 1337 1338 1338
2615 2 2 1 1 1335 1338 1129
2616 2 2 1 1 1335 1129 1129
2617 2 2 1 1 1129 1337 1339
2618 2 2 1 1 1129 1339 1339
2619 2 2 1 1 1340 1141 1341
2620 2 2 1 1 1340 1341 1341
2621 2 2 1 1 1342 1141 1340
2622 2 2 1 1 1342 1340 1340
2623 2 2 1 1 1343 1141 1344
2624 2 2 1 1 1343 1344 1344
2625 2 2 1 1 1141 1342 1344
2626 2 2 1 1 1141 1344 1344
2627 2 2 1 1 1129 1339 1341
2628 2 2 1 1 1129 1341 1341
2629 2 2 1 1 1336 1117 1334
2630 2 2 1 1 1336 1334 1334
2631 2 2 1 1 1093 1324 1325
2632 2 2 1 1 1093 1325 1325
2633 2 2 1 1 1345 1346 1141
2634 2 2 1 1 1345 1141 1141
2635 2 2 1 1 1057 1045 1305
2636 2 2 1 1 1057 1305 1305
2637 2 2 1 1 1081 1069 1316
2638 2 2 1 1 1081 1316 1316
2639 2 2 1 1 1093 1081 1320
2640 2 2 1 1 1093 1320 1320
2641 2 2 1 1 1057 1311 1069
2642 2 2 1 1 1057 1069 1069
2643 2 2 1 1 1105 1330 1117
2644 2 2 1 1 1105 1117 1117
2645 2 2 1 1 1347 1348 1349
2646 2 2 1 1 1347 1349 1349
2647 2 2 1 1 1141 1346 1349
2648 2 2 1 1 1141 1349 1349
2649 2 2 1 1 1350 1349 1348
2650 2 2 1 1 1350 1348 1348
2651 2 2 1 1 1325 1105 1093
2652 2 2 1 1 1325 1093 1093
2653 2 2 1 1 1346 1347 1349
2654 2 2 1 1 1346 1349 1349
2655 2 2 1 1 1129 1117 1336
2656 2 2 1 1 1129 1336 1336
2657 2 2 1 1 1345 1141 1343
2658 2 2 1 1 1345 1343 1343
2659 2 2 1 1 1153 1140 1141
2660 2 2 1 1 1153 1141 1141
2661 2 2 1 1 1141 1129 1341
2662 2 2 1 1 1141 1341 1341
2663 2 2 1 1 1349 1350 1164
2664 2 2 1 1 1349 1164 1164
2665 2 2 1 1 1175 1350 1351
2666 2 2 1 1 1175 1351 1351
2667 2 2 1 1 1350 1175 1164
2668 2 2 1 1 1350 1164 1164
2669 2 2 1 1 1352 1175 1351
2670 2 2 1 1 1352 1351 1351
2671 2 2 1 1 1353 1175 1352
2672 2 2 1 1 1353 1352 1352
2673 2 2 1 1 1153 1141 1349
2674 2 2 1 1 1153 1349 1349
2675 2 2 1 1 1164 1153 1349
2676 2 2 1 1 1164 1349 1349
2677 2 2 1 1 1186 1353 1354
2678 2 2 1 1 1186 1354 1354
2679 2 2 1 1 1197 1355 1356
2680 2 2 1 1 1197 1356 1356
2681 2 2 1 1 1186 1357 1355
2682 2 2 1 1 1186 1355 1355
2683 2 2 1 1 1186 1354 1357
2684 2 2 1 1 1186 1357 1357
2685 2 2 1 1 1208 1358 1359
2686 2 2 1 1 1208 1359 1359
2687 2 2 1 1 1219 1360 1361
2688 2 2 1 1 1219 1361 1361
2689 2 2 1 1 1208 1362 1360
2690 2 2 1 1 1208 1360 1360
2691 2 2 1 1 1208 1359 1362
2692 2 2 1 1 1208 1362 1362
2693 2 2 1 1 1197 1356 1358
2694 2 2 1 1 1197 1358 1358
2695 2 2 1 1 1186 1355 1197
2696 2 2 1 1 1186 1197 1197
2697 2 2 1 1 1361 1363 1219
2698 2 2 1 1 1361 1219 1219
2699 2 2 1 1 1208 1197 1358
2700 2 2 1 1 1208 1358 1358
2701 2 2 1 1 1219 1208 1360
2702 2 2 1 1 1219 1360 1360
2703 2 2 1 1 1219 1363 1230
2704 2 2 1 1 1219 1230 1230
2705 2 2 1 1 1230 1364 1365
2706 2 2 1 1 1230 1365 1365
2707 2 2 1 1 1230 1366 1364
2708 2 2 1 1 1230 1364 1364
2709 2 2 1 1 1230 1365 352
2710 2 2 1 1 1230 352 352
2711 2 2 1 1 789 352 1365
2712 2 2 1 1 789 1365 1365
2713 2 2 1 1 1363 1366 1230
2714 2 2 1 1 1363 1230 1230
2715 2 2 1 1 1175 1353 1186
2716 2 2 1 1 1175 1186 1186
2717 2 2 1 1 1304 1306 1045
2718 2 2 1 1 1304 1045 1045
$EndElements
