$MeshFormat
2.2 0 8
$EndMeshFormat
$PhysicalNames
1
2 1 "gdf_created_by_manipulating_UMaineSemi.gdf"
$EndPhysicalNames
$Nodes
1658
1 -8.630999565 4.532000065 -20
2 -7.821000099 3.128999949 -20
3 -8.722999573 2.60800004 -20
4 -9.532999992 4.011000156 -20
5 -9.440999985 5.934999943 -20
6 -10.34300041 5.414000034 -20
7 -10.2510004 7.337999821 -20
8 -11.15299988 6.816999912 -20
9 -7.728000164 5.052999973 -20
10 -6.918000221 3.650000095 -20
11 -8.538000107 6.455999851 -20
12 -9.347999573 7.859000206 -20
13 -6.826000214 5.573999882 -20
14 -6.015999794 4.171000004 -20
15 -7.636000156 6.977000237 -20
16 -8.446000099 8.37899971 -20
17 -5.923999786 6.093999863 -20
18 -5.113999844 4.690999985 -20
19 -6.734000206 7.497000217 -20
20 -7.544000149 8.899999619 -20
21 -5.021999836 6.614999771 -20
22 -4.211999893 5.211999893 -20
23 -5.831999779 8.017999649 -20
24 -6.642000198 9.420999527 -20
25 -4.119999886 7.136000156 -20
26 -3.309999943 5.732999802 -20
27 -4.929999828 8.538999557 -20
28 -5.739999771 9.942000389 -20
29 -8.722999573 2.60800004 -18.83300018
30 -7.913000107 1.205000043 -20
31 -7.913000107 1.205000043 -18.83300018
32 -9.532999992 4.011000156 -18.83300018
33 -10.34300041 5.414000034 -18.83300018
34 -11.15299988 6.816999912 -18.83300018
35 -8.722999573 2.60800004 -17.66699982
36 -7.913000107 1.205000043 -17.66699982
37 -9.532999992 4.011000156 -17.66699982
38 -10.34300041 5.414000034 -17.66699982
39 -11.15299988 6.816999912 -17.66699982
40 -8.722999573 2.60800004 -16.5
41 -7.913000107 1.205000043 -16.5
42 -9.532999992 4.011000156 -16.5
43 -10.34300041 5.414000034 -16.5
44 -11.15299988 6.816999912 -16.5
45 -8.722999573 2.60800004 -15.33300018
46 -7.913000107 1.205000043 -15.33300018
47 -9.532999992 4.011000156 -15.33300018
48 -10.34300041 5.414000034 -15.33300018
49 -11.15299988 6.816999912 -15.33300018
50 -8.722999573 2.60800004 -14.16699982
51 -7.913000107 1.205000043 -14.16699982
52 -9.532999992 4.011000156 -14.16699982
53 -10.34300041 5.414000034 -14.16699982
54 -11.15299988 6.816999912 -14.16699982
55 -8.722999573 2.60800004 -13
56 -7.913000107 1.205000043 -13
57 -9.532999992 4.011000156 -13
58 -10.34300041 5.414000034 -13
59 -11.15299988 6.816999912 -13
60 -7.565000057 0.6029999852 -18.83300018
61 -7.565000057 0.6029999852 -20
62 -7.217000008 -0 -20
63 -7.217000008 -0 -18.83300018
64 -7.565000057 0.6029999852 -17.66699982
65 -7.217000008 -0 -17.66699982
66 -7.565000057 0.6029999852 -16.5
67 -7.217000008 -0 -16.5
68 -7.565000057 0.6029999852 -15.33300018
69 -7.217000008 -0 -15.33300018
70 -7.565000057 0.6029999852 -14.16699982
71 -7.217000008 -0 -14.16699982
72 -8.630999565 4.532000065 -13
73 -7.821000099 3.128999949 -13
74 -9.440999985 5.934999943 -13
75 -10.2510004 7.337999821 -13
76 -7.728000164 5.052999973 -13
77 -6.918000221 3.650000095 -13
78 -8.538000107 6.455999851 -13
79 -9.347999573 7.859000206 -13
80 -6.826000214 5.573999882 -13
81 -6.015999794 4.171000004 -13
82 -7.636000156 6.977000237 -13
83 -8.446000099 8.37899971 -13
84 -5.923999786 6.093999863 -13
85 -5.113999844 4.690999985 -13
86 -6.734000206 7.497000217 -13
87 -7.544000149 8.899999619 -13
88 -5.021999836 6.614999771 -13
89 -4.211999893 5.211999893 -13
90 -5.831999779 8.017999649 -13
91 -6.642000198 9.420999527 -13
92 -4.119999886 7.136000156 -13
93 -3.309999943 5.732999802 -13
94 -4.929999828 8.538999557 -13
95 -5.739999771 9.942000389 -13
96 0.3910000026 9.739999771 -13
97 1.200999975 8.336999893 -13
98 2.102999926 8.857999802 -13
99 1.292999983 10.26099968 -13
100 -0.4189999998 11.14299965 -13
101 0.4830000103 11.66399956 -13
102 -1.228999972 12.54599953 -13
103 -0.3269999921 13.06700039 -13
104 -0.5120000243 9.218999863 -13
105 0.2980000079 7.815999985 -13
106 -1.322000027 10.62199974 -13
107 -2.131999969 12.02499962 -13
108 -1.414000034 8.699000359 -13
109 -0.6039999723 7.296000004 -13
110 -2.223999977 10.10200024 -13
111 -3.03399992 11.50399971 -13
112 -2.315999985 8.17800045 -13
113 -1.506000042 6.775000095 -13
114 -3.125999928 9.581000328 -13
115 -3.936000109 10.98400021 -13
116 -3.217999935 7.657000065 -13
117 -2.407999992 6.254000187 -13
118 -4.027999878 9.06000042 -13
119 -4.837999821 10.4630003 -13
120 2.102999926 8.857999802 -18.83300018
121 2.913000107 7.454999924 -18.83300018
122 2.913000107 7.454999924 -20
123 2.102999926 8.857999802 -20
124 1.292999983 10.26099968 -18.83300018
125 1.292999983 10.26099968 -20
126 0.4830000103 11.66399956 -18.83300018
127 0.4830000103 11.66399956 -20
128 -0.3269999921 13.06700039 -18.83300018
129 -0.3269999921 13.06700039 -20
130 2.102999926 8.857999802 -17.66699982
131 2.913000107 7.454999924 -17.66699982
132 1.292999983 10.26099968 -17.66699982
133 0.4830000103 11.66399956 -17.66699982
134 -0.3269999921 13.06700039 -17.66699982
135 2.102999926 8.857999802 -16.5
136 2.913000107 7.454999924 -16.5
137 1.292999983 10.26099968 -16.5
138 0.4830000103 11.66399956 -16.5
139 -0.3269999921 13.06700039 -16.5
140 2.102999926 8.857999802 -15.33300018
141 2.913000107 7.454999924 -15.33300018
142 1.292999983 10.26099968 -15.33300018
143 0.4830000103 11.66399956 -15.33300018
144 -0.3269999921 13.06700039 -15.33300018
145 2.102999926 8.857999802 -14.16699982
146 2.913000107 7.454999924 -14.16699982
147 1.292999983 10.26099968 -14.16699982
148 0.4830000103 11.66399956 -14.16699982
149 -0.3269999921 13.06700039 -14.16699982
150 2.913000107 7.454999924 -13
151 0.3910000026 9.739999771 -20
152 1.200999975 8.336999893 -20
153 -0.4189999998 11.14299965 -20
154 -1.228999972 12.54599953 -20
155 -0.5120000243 9.218999863 -20
156 0.2980000079 7.815999985 -20
157 -1.322000027 10.62199974 -20
158 -2.131999969 12.02499962 -20
159 -1.414000034 8.699000359 -20
160 -0.6039999723 7.296000004 -20
161 -2.223999977 10.10200024 -20
162 -3.03399992 11.50399971 -20
163 -2.315999985 8.17800045 -20
164 -1.506000042 6.775000095 -20
165 -3.125999928 9.581000328 -20
166 -3.936000109 10.98400021 -20
167 -3.217999935 7.657000065 -20
168 -2.407999992 6.254000187 -20
169 -4.027999878 9.06000042 -20
170 -4.837999821 10.4630003 -20
171 3.260999918 6.853000164 -18.83300018
172 3.60800004 6.25 -18.83300018
173 3.60800004 6.25 -20
174 3.260999918 6.853000164 -20
175 3.260999918 6.853000164 -17.66699982
176 3.60800004 6.25 -17.66699982
177 3.260999918 6.853000164 -16.5
178 3.60800004 6.25 -16.5
179 3.260999918 6.853000164 -15.33300018
180 3.60800004 6.25 -15.33300018
181 3.260999918 6.853000164 -14.16699982
182 3.60800004 6.25 -14.16699982
183 6.619999886 5.208000183 -20
184 5 5.208000183 -20
185 5 6.25 -20
186 6.619999886 6.25 -20
187 8.239999771 5.208000183 -20
188 8.239999771 6.25 -20
189 9.859999657 5.208000183 -20
190 9.859999657 6.25 -20
191 11.47999954 5.208000183 -20
192 11.47999954 6.25 -20
193 6.619999886 4.166999817 -20
194 5 4.166999817 -20
195 8.239999771 4.166999817 -20
196 9.859999657 4.166999817 -20
197 11.47999954 4.166999817 -20
198 6.619999886 3.125 -20
199 5 3.125 -20
200 8.239999771 3.125 -20
201 9.859999657 3.125 -20
202 11.47999954 3.125 -20
203 6.619999886 2.082999945 -20
204 5 2.082999945 -20
205 8.239999771 2.082999945 -20
206 9.859999657 2.082999945 -20
207 11.47999954 2.082999945 -20
208 6.619999886 1.042000055 -20
209 5 1.042000055 -20
210 8.239999771 1.042000055 -20
211 9.859999657 1.042000055 -20
212 11.47999954 1.042000055 -20
213 6.619999886 0 -20
214 5 0 -20
215 8.239999771 0 -20
216 9.859999657 0 -20
217 11.47999954 0 -20
218 4.303999901 6.25 -18.83300018
219 4.303999901 6.25 -20
220 5 6.25 -18.83300018
221 4.303999901 6.25 -17.66699982
222 5 6.25 -17.66699982
223 4.303999901 6.25 -16.5
224 5 6.25 -16.5
225 4.303999901 6.25 -15.33300018
226 5 6.25 -15.33300018
227 4.303999901 6.25 -14.16699982
228 5 6.25 -14.16699982
229 4.303999901 6.25 -13
230 3.60800004 6.25 -13
231 5 6.25 -13
232 6.619999886 6.25 -18.83300018
233 8.239999771 6.25 -18.83300018
234 9.859999657 6.25 -18.83300018
235 11.47999954 6.25 -18.83300018
236 6.619999886 6.25 -17.66699982
237 8.239999771 6.25 -17.66699982
238 9.859999657 6.25 -17.66699982
239 11.47999954 6.25 -17.66699982
240 6.619999886 6.25 -16.5
241 8.239999771 6.25 -16.5
242 9.859999657 6.25 -16.5
243 11.47999954 6.25 -16.5
244 6.619999886 6.25 -15.33300018
245 8.239999771 6.25 -15.33300018
246 9.859999657 6.25 -15.33300018
247 11.47999954 6.25 -15.33300018
248 6.619999886 6.25 -14.16699982
249 8.239999771 6.25 -14.16699982
250 9.859999657 6.25 -14.16699982
251 11.47999954 6.25 -14.16699982
252 6.619999886 6.25 -13
253 8.239999771 6.25 -13
254 9.859999657 6.25 -13
255 11.47999954 6.25 -13
256 6.619999886 5.208000183 -13
257 5 5.208000183 -13
258 8.239999771 5.208000183 -13
259 9.859999657 5.208000183 -13
260 11.47999954 5.208000183 -13
261 6.619999886 4.166999817 -13
262 5 4.166999817 -13
263 8.239999771 4.166999817 -13
264 9.859999657 4.166999817 -13
265 11.47999954 4.166999817 -13
266 6.619999886 3.125 -13
267 5 3.125 -13
268 8.239999771 3.125 -13
269 9.859999657 3.125 -13
270 11.47999954 3.125 -13
271 6.619999886 2.082999945 -13
272 5 2.082999945 -13
273 8.239999771 2.082999945 -13
274 9.859999657 2.082999945 -13
275 11.47999954 2.082999945 -13
276 6.619999886 1.042000055 -13
277 5 1.042000055 -13
278 8.239999771 1.042000055 -13
279 9.859999657 1.042000055 -13
280 11.47999954 1.042000055 -13
281 6.619999886 0 -13
282 5 0 -13
283 8.239999771 0 -13
284 9.859999657 0 -13
285 11.47999954 0 -13
286 4.303999901 5.96600008 -13
287 5 5.68200016 -13
288 2.010989904 6.934259892 -13
289 1.108019948 6.412960052 -13
290 0.2061000019 5.892270088 -13
291 -0.6958600283 5.371560097 -13
292 -1.597919941 4.85078001 -13
293 -2.5 4.329999924 -13
294 -3.402120113 3.809200048 -13
295 -4.304230213 3.288389921 -13
296 -5.205900192 2.767839909 -13
297 -6.108019829 2.247040033 -13
298 -7.010879993 1.725810051 -13
299 -7.565000057 0.6025000215 -13
300 -7.217000008 -0 -13
301 -7.318719864 0.7446799874 -13
302 -7.420440197 1.489359975 -13
303 4.303999901 5.96600008 -20
304 5 5.68200016 -20
305 -7.318500042 0.7444999814 -20
306 -7.420080185 1.489570022 -20
307 -7.010890007 1.725800037 -20
308 -6.108029842 2.24703002 -20
309 -5.205910206 2.767839909 -20
310 -4.3042202 3.288399935 -20
311 -3.4021101 3.809200048 -20
312 -2.5 4.329999924 -20
313 -1.597890019 4.850800037 -20
314 -0.6957799792 5.371600151 -20
315 0.20634 5.892409801 -20
316 1.10800004 6.412950039 -20
317 2.010890007 6.93419981 -20
318 2.42001009 7.170390129 -20
319 -2.923000097 4.022999763 -20
320 -3.345999956 3.71600008 -20
321 -3.483920097 3.761970043 -20
322 -2.991960049 4.04598999 -20
323 -2.007980108 4.614049911 -20
324 -2.022500038 4.542500019 -20
325 -1.515980005 4.898089886 -20
326 -1.544999957 4.755000114 -20
327 -2.992000103 4.046000004 -13
328 -2.923000097 4.022999763 -13
329 -3.483910084 3.761970043 -13
330 -3.345999956 3.71600008 -13
331 -2.022500038 4.542500019 -13
332 -1.544999957 4.755000114 -13
333 -1.515980005 4.898089886 -13
334 -2.007989883 4.614039898 -13
335 5 1.136000037 -13
336 4.890999794 1.039999962 -13
337 4.945499897 0.5199999809 -13
338 5 0.5680000186 -13
339 5 1.136000037 -20
340 4.945499897 0.5199999809 -20
341 4.890999794 1.039999962 -20
342 5 0.5680000186 -20
343 1.544999957 4.755000114 14.30000019
344 1.544999957 4.755000114 15
345 2.5 4.329999924 15
346 2.5 4.329999924 14.30000019
347 5 0 2.599999905
348 4.890999794 1.039999962 2.599999905
349 4.890999794 1.039999962 3.900000095
350 5 0 3.900000095
351 4.890999794 1.039999962 5.199999809
352 5 0 5.199999809
353 4.890999794 1.039999962 6.5
354 5 0 6.5
355 4.890999794 1.039999962 7.800000191
356 5 0 7.800000191
357 4.890999794 1.039999962 9.100000381
358 5 0 9.100000381
359 4.890999794 1.039999962 10.39999962
360 5 0 10.39999962
361 4.56799984 2.03399992 2.599999905
362 4.56799984 2.03399992 3.900000095
363 4.56799984 2.03399992 5.199999809
364 4.56799984 2.03399992 6.5
365 4.56799984 2.03399992 7.800000191
366 4.56799984 2.03399992 9.100000381
367 4.56799984 2.03399992 10.39999962
368 4.045000076 2.938999891 2.599999905
369 4.045000076 2.938999891 3.900000095
370 4.045000076 2.938999891 5.199999809
371 4.045000076 2.938999891 6.5
372 4.045000076 2.938999891 7.800000191
373 4.045000076 2.938999891 9.100000381
374 4.045000076 2.938999891 10.39999962
375 4.045000076 2.938999891 1.299999952
376 3.345999956 3.71600008 1.299999952
377 3.345999956 3.71600008 2.599999905
378 3.345999956 3.71600008 3.900000095
379 3.345999956 3.71600008 5.199999809
380 3.345999956 3.71600008 6.5
381 3.345999956 3.71600008 7.800000191
382 3.345999956 3.71600008 9.100000381
383 3.345999956 3.71600008 10.39999962
384 2.5 4.329999924 1.299999952
385 2.5 4.329999924 2.599999905
386 2.5 4.329999924 3.900000095
387 2.5 4.329999924 5.199999809
388 2.5 4.329999924 6.5
389 2.5 4.329999924 7.800000191
390 2.5 4.329999924 9.100000381
391 2.5 4.329999924 10.39999962
392 -2.5 4.329999924 1.299999952
393 -2.5 4.329999924 2.599999905
394 -1.544999957 4.755000114 2.599999905
395 -1.544999957 4.755000114 1.299999952
396 -2.5 4.329999924 3.900000095
397 -1.544999957 4.755000114 3.900000095
398 -2.5 4.329999924 5.199999809
399 -1.544999957 4.755000114 5.199999809
400 -2.5 4.329999924 6.5
401 -1.544999957 4.755000114 6.5
402 -2.5 4.329999924 7.800000191
403 -1.544999957 4.755000114 7.800000191
404 -2.5 4.329999924 9.100000381
405 -1.544999957 4.755000114 9.100000381
406 -2.5 4.329999924 10.39999962
407 -1.544999957 4.755000114 10.39999962
408 -0.5230000019 4.97300005 2.599999905
409 -0.5230000019 4.97300005 1.299999952
410 -0.5230000019 4.97300005 3.900000095
411 -0.5230000019 4.97300005 5.199999809
412 -0.5230000019 4.97300005 6.5
413 -0.5230000019 4.97300005 7.800000191
414 -0.5230000019 4.97300005 9.100000381
415 -0.5230000019 4.97300005 10.39999962
416 0.5230000019 4.97300005 2.599999905
417 0.5230000019 4.97300005 1.299999952
418 0.5230000019 4.97300005 3.900000095
419 0.5230000019 4.97300005 5.199999809
420 0.5230000019 4.97300005 6.5
421 0.5230000019 4.97300005 7.800000191
422 0.5230000019 4.97300005 9.100000381
423 0.5230000019 4.97300005 10.39999962
424 1.544999957 4.755000114 2.599999905
425 1.544999957 4.755000114 1.299999952
426 1.544999957 4.755000114 3.900000095
427 1.544999957 4.755000114 5.199999809
428 1.544999957 4.755000114 6.5
429 1.544999957 4.755000114 7.800000191
430 1.544999957 4.755000114 9.100000381
431 1.544999957 4.755000114 10.39999962
432 -3.345999956 3.71600008 1.299999952
433 -3.345999956 3.71600008 2.599999905
434 -3.345999956 3.71600008 3.900000095
435 -3.345999956 3.71600008 5.199999809
436 -3.345999956 3.71600008 6.5
437 -3.345999956 3.71600008 7.800000191
438 -3.345999956 3.71600008 9.100000381
439 -3.345999956 3.71600008 10.39999962
440 -4.045000076 2.938999891 1.299999952
441 -4.045000076 2.938999891 2.599999905
442 -4.045000076 2.938999891 3.900000095
443 -4.045000076 2.938999891 5.199999809
444 -4.045000076 2.938999891 6.5
445 -4.045000076 2.938999891 7.800000191
446 -4.045000076 2.938999891 9.100000381
447 -4.045000076 2.938999891 10.39999962
448 -4.56799984 2.03399992 1.299999952
449 -4.56799984 2.03399992 2.599999905
450 -4.56799984 2.03399992 3.900000095
451 -4.56799984 2.03399992 5.199999809
452 -4.56799984 2.03399992 6.5
453 -4.56799984 2.03399992 7.800000191
454 -4.56799984 2.03399992 9.100000381
455 -4.56799984 2.03399992 10.39999962
456 -4.890999794 1.039999962 2.599999905
457 -4.890999794 1.039999962 3.900000095
458 -4.890999794 1.039999962 5.199999809
459 -4.890999794 1.039999962 6.5
460 -4.890999794 1.039999962 7.800000191
461 -4.890999794 1.039999962 9.100000381
462 -4.890999794 1.039999962 10.39999962
463 -4.890999794 1.039999962 1.299999952
464 -5 0 1.299999952
465 -5 0 2.599999905
466 -5 0 3.900000095
467 -5 0 5.199999809
468 -5 0 6.5
469 -5 0 7.800000191
470 -5 0 9.100000381
471 -5 0 10.39999962
472 1.22300005 0.2599999905 15
473 0 0 15
474 1.25 0 15
475 2.5 0 15
476 2.444999933 0.5199999809 15
477 3.75 0 15
478 3.667999983 0.7799999714 15
479 5 0 15
480 4.890999794 1.039999962 15
481 1.14199996 0.5080000162 15
482 2.28399992 1.01699996 15
483 3.426000118 1.524999976 15
484 4.56799984 2.03399992 15
485 1.011000037 0.7350000143 15
486 2.023000002 1.468999982 15
487 3.03399992 2.203999996 15
488 4.045000076 2.938999891 15
489 0.8360000253 0.92900002 15
490 1.672999978 1.85800004 15
491 2.509000063 2.786999941 15
492 3.345999956 3.71600008 15
493 0.625 1.082999945 15
494 1.25 2.164999962 15
495 1.875 3.247999907 15
496 -0.625 1.082999945 15
497 -0.3860000074 1.18900001 15
498 -0.7730000019 2.378000021 15
499 -1.25 2.164999962 15
500 -1.159000039 3.565999985 15
501 -1.875 3.247999907 15
502 -1.544999957 4.755000114 15
503 -2.5 4.329999924 15
504 -0.1309999973 1.243000031 15
505 -0.2610000074 2.486000061 15
506 -0.3919999897 3.729000092 15
507 -0.5230000019 4.97300005 15
508 0.1309999973 1.243000031 15
509 0.2610000074 2.486000061 15
510 0.3919999897 3.729000092 15
511 0.5230000019 4.97300005 15
512 0.3860000074 1.18900001 15
513 0.7730000019 2.378000021 15
514 1.159000039 3.565999985 15
515 -0.8360000253 0.92900002 15
516 -1.672999978 1.85800004 15
517 -2.509000063 2.786999941 15
518 -3.345999956 3.71600008 15
519 -1.011000037 0.7350000143 15
520 -2.023000002 1.468999982 15
521 -3.03399992 2.203999996 15
522 -4.045000076 2.938999891 15
523 -1.14199996 0.5080000162 15
524 -2.28399992 1.01699996 15
525 -3.426000118 1.524999976 15
526 -4.56799984 2.03399992 15
527 -1.22300005 0.2599999905 15
528 -2.444999933 0.5199999809 15
529 -3.667999983 0.7799999714 15
530 -4.890999794 1.039999962 15
531 -1.25 0 15
532 -2.5 0 15
533 -3.75 0 15
534 -5 0 15
535 -4.890999794 1.039999962 11.69999981
536 -5 0 11.69999981
537 -5 0 13
538 -4.890999794 1.039999962 13
539 -4.56799984 2.03399992 11.69999981
540 -4.56799984 2.03399992 13
541 -4.045000076 2.938999891 11.69999981
542 -4.045000076 2.938999891 13
543 -3.345999956 3.71600008 11.69999981
544 -3.345999956 3.71600008 13
545 -2.5 4.329999924 11.69999981
546 -2.5 4.329999924 13
547 1.544999957 4.755000114 11.69999981
548 1.544999957 4.755000114 13
549 2.5 4.329999924 13
550 2.5 4.329999924 11.69999981
551 0.5230000019 4.97300005 11.69999981
552 0.5230000019 4.97300005 13
553 -0.5230000019 4.97300005 11.69999981
554 -0.5230000019 4.97300005 13
555 -1.544999957 4.755000114 11.69999981
556 -1.544999957 4.755000114 13
557 3.345999956 3.71600008 11.69999981
558 3.345999956 3.71600008 13
559 4.045000076 2.938999891 11.69999981
560 4.045000076 2.938999891 13
561 4.56799984 2.03399992 11.69999981
562 4.56799984 2.03399992 13
563 4.890999794 1.039999962 11.69999981
564 4.890999794 1.039999962 13
565 5 0 11.69999981
566 5 0 13
567 4.890999794 1.039999962 14.30000019
568 5 0 14.30000019
569 4.56799984 2.03399992 14.30000019
570 4.045000076 2.938999891 14.30000019
571 3.345999956 3.71600008 14.30000019
572 -2.5 4.329999924 14.30000019
573 -1.544999957 4.755000114 14.30000019
574 -0.5230000019 4.97300005 14.30000019
575 0.5230000019 4.97300005 14.30000019
576 -3.345999956 3.71600008 14.30000019
577 -4.045000076 2.938999891 14.30000019
578 -4.56799984 2.03399992 14.30000019
579 -4.890999794 1.039999962 14.30000019
580 -5 0 14.30000019
581 -5 -0 -20
582 -6.210000038 0.7450000048 -20
583 -5.664000034 1.549000025 -20
584 -4.890999794 1.039999962 -20
585 -5.010000229 2.329999924 -20
586 -4.56799984 2.03399992 -20
587 -4.256999969 3.065999985 -20
588 -4.045000076 2.938999891 -20
589 -3.414999962 3.739000082 -20
590 2.460000038 5.750999928 -20
591 2.5 4.329999924 -20
592 1.491000056 5.678999901 -20
593 1.544999957 4.755000114 -20
594 0.4869999886 5.504000187 -20
595 0.5230000019 4.97300005 -20
596 -0.52700001 5.21999979 -20
597 -0.5230000019 4.97300005 -20
598 3.75 5.006000042 -20
599 4.172999859 4.131000042 -20
600 3.345999956 3.71600008 -20
601 5 4.545000076 -20
602 4.522999763 3.174000025 -20
603 4.045000076 2.938999891 -20
604 5 3.40899992 -20
605 4.78399992 2.153000116 -20
606 4.56799984 2.03399992 -20
607 5 2.273000002 -20
608 -1.22300005 0.2599999905 -20
609 0 0 -20
610 -1.25 -0 -20
611 -2.444999933 0.5199999809 -20
612 -2.5 -0 -20
613 -3.667999983 0.7799999714 -20
614 -3.75 -0 -20
615 -1.14199996 0.5080000162 -20
616 -2.28399992 1.01699996 -20
617 -3.426000118 1.524999976 -20
618 -1.011000037 0.7350000143 -20
619 -2.023000002 1.468999982 -20
620 -3.03399992 2.203999996 -20
621 -0.8360000253 0.92900002 -20
622 -1.672999978 1.85800004 -20
623 -2.509000063 2.786999941 -20
624 -0.625 1.082999945 -20
625 -1.25 2.164999962 -20
626 -1.875 3.247999907 -20
627 -0.3860000074 1.18900001 -20
628 -0.7730000019 2.378000021 -20
629 -1.159000039 3.565999985 -20
630 -0.1309999973 1.243000031 -20
631 -0.2610000074 2.486000061 -20
632 -0.3919999897 3.729000092 -20
633 0.1309999973 1.243000031 -20
634 0.2610000074 2.486000061 -20
635 0.3919999897 3.729000092 -20
636 0.3860000074 1.18900001 -20
637 0.7730000019 2.378000021 -20
638 1.159000039 3.565999985 -20
639 0.625 1.082999945 -20
640 1.25 2.164999962 -20
641 1.875 3.247999907 -20
642 0.8360000253 0.92900002 -20
643 1.672999978 1.85800004 -20
644 2.509000063 2.786999941 -20
645 1.011000037 0.7350000143 -20
646 2.023000002 1.468999982 -20
647 3.03399992 2.203999996 -20
648 1.14199996 0.5080000162 -20
649 2.28399992 1.01699996 -20
650 3.426000118 1.524999976 -20
651 1.22300005 0.2599999905 -20
652 2.444999933 0.5199999809 -20
653 3.667999983 0.7799999714 -20
654 1.25 0 -20
655 2.5 0 -20
656 3.75 0 -20
657 -6.436580181 2.057359934 -20
658 -5.451809883 2.625880003 -20
659 -4.467879772 3.193919897 -20
660 -0.5320100188 5.466149807 -20
661 0.4520500004 6.034259796 -20
662 1.436040044 6.602330208 -20
663 -1.530339956 4.827260017 -20
664 -6.210000038 0.7450000048 -13
665 -5 -0 -13
666 -5.664000034 1.549000025 -13
667 -4.890999794 1.039999962 -13
668 -5.010000229 2.329999924 -13
669 -4.56799984 2.03399992 -13
670 -4.256999969 3.065999985 -13
671 -4.045000076 2.938999891 -13
672 -3.414999962 3.739000082 -13
673 2.5 4.329999924 -13
674 2.460000038 5.750999928 -13
675 1.491000056 5.678999901 -13
676 1.544999957 4.755000114 -13
677 0.4869999886 5.504000187 -13
678 0.5230000019 4.97300005 -13
679 -0.52700001 5.21999979 -13
680 -0.5230000019 4.97300005 -13
681 3.75 5.006000042 -13
682 4.172999859 4.131000042 -13
683 3.345999956 3.71600008 -13
684 5 4.545000076 -13
685 4.522999763 3.174000025 -13
686 4.045000076 2.938999891 -13
687 5 3.40899992 -13
688 4.78399992 2.153000116 -13
689 4.56799984 2.03399992 -13
690 5 2.273000002 -13
691 -4.890999794 1.039999962 -2.599999905
692 -5 -0 -2.599999905
693 -5 -0 -1.299999952
694 -4.890999794 1.039999962 -1.299999952
695 -4.890999794 1.039999962 -3.900000095
696 -5 -0 -3.900000095
697 -4.890999794 1.039999962 -5.199999809
698 -5 -0 -5.199999809
699 -4.890999794 1.039999962 -6.5
700 -5 -0 -6.5
701 -4.890999794 1.039999962 -7.800000191
702 -5 -0 -7.800000191
703 -4.890999794 1.039999962 -9.100000381
704 -5 -0 -9.100000381
705 -4.890999794 1.039999962 -10.39999962
706 -5 -0 -10.39999962
707 -4.890999794 1.039999962 -11.69999981
708 -5 -0 -11.69999981
709 -4.56799984 2.03399992 -3.900000095
710 -4.56799984 2.03399992 -2.599999905
711 -4.56799984 2.03399992 -5.199999809
712 -4.56799984 2.03399992 -6.5
713 -4.56799984 2.03399992 -7.800000191
714 -4.56799984 2.03399992 -9.100000381
715 -4.56799984 2.03399992 -10.39999962
716 -4.56799984 2.03399992 -11.69999981
717 -4.045000076 2.938999891 -3.900000095
718 -4.045000076 2.938999891 -2.599999905
719 -4.045000076 2.938999891 -5.199999809
720 -4.045000076 2.938999891 -6.5
721 -4.045000076 2.938999891 -7.800000191
722 -4.045000076 2.938999891 -9.100000381
723 -4.045000076 2.938999891 -10.39999962
724 -4.045000076 2.938999891 -11.69999981
725 -3.345999956 3.71600008 -5.199999809
726 -3.345999956 3.71600008 -3.900000095
727 -3.345999956 3.71600008 -6.5
728 -3.345999956 3.71600008 -7.800000191
729 -3.345999956 3.71600008 -9.100000381
730 -3.345999956 3.71600008 -10.39999962
731 -3.345999956 3.71600008 -11.69999981
732 -2.5 4.329999924 -3.900000095
733 -3.345999956 3.71600008 -2.599999905
734 -2.5 4.329999924 -2.599999905
735 -2.5 4.329999924 -5.199999809
736 -2.5 4.329999924 -6.5
737 -2.5 4.329999924 -7.800000191
738 -2.5 4.329999924 -9.100000381
739 -2.5 4.329999924 -10.39999962
740 -2.5 4.329999924 -11.69999981
741 1.544999957 4.755000114 -3.900000095
742 1.544999957 4.755000114 -2.599999905
743 2.5 4.329999924 -2.599999905
744 2.5 4.329999924 -3.900000095
745 1.544999957 4.755000114 -5.199999809
746 2.5 4.329999924 -5.199999809
747 1.544999957 4.755000114 -6.5
748 2.5 4.329999924 -6.5
749 1.544999957 4.755000114 -7.800000191
750 2.5 4.329999924 -7.800000191
751 1.544999957 4.755000114 -9.100000381
752 2.5 4.329999924 -9.100000381
753 1.544999957 4.755000114 -10.39999962
754 2.5 4.329999924 -10.39999962
755 1.544999957 4.755000114 -11.69999981
756 2.5 4.329999924 -11.69999981
757 0.5230000019 4.97300005 -3.900000095
758 0.5230000019 4.97300005 -2.599999905
759 0.5230000019 4.97300005 -5.199999809
760 0.5230000019 4.97300005 -6.5
761 0.5230000019 4.97300005 -7.800000191
762 0.5230000019 4.97300005 -9.100000381
763 0.5230000019 4.97300005 -10.39999962
764 0.5230000019 4.97300005 -11.69999981
765 -0.5230000019 4.97300005 -3.900000095
766 -0.5230000019 4.97300005 -2.599999905
767 -0.5230000019 4.97300005 -5.199999809
768 -0.5230000019 4.97300005 -6.5
769 -0.5230000019 4.97300005 -7.800000191
770 -0.5230000019 4.97300005 -9.100000381
771 -0.5230000019 4.97300005 -10.39999962
772 -0.5230000019 4.97300005 -11.69999981
773 -1.544999957 4.755000114 -3.900000095
774 -1.544999957 4.755000114 -2.599999905
775 -1.544999957 4.755000114 -5.199999809
776 -1.544999957 4.755000114 -6.5
777 -1.544999957 4.755000114 -7.800000191
778 -1.544999957 4.755000114 -9.100000381
779 -1.544999957 4.755000114 -10.39999962
780 -1.544999957 4.755000114 -11.69999981
781 3.345999956 3.71600008 -5.199999809
782 3.345999956 3.71600008 -3.900000095
783 3.345999956 3.71600008 -6.5
784 3.345999956 3.71600008 -7.800000191
785 3.345999956 3.71600008 -9.100000381
786 3.345999956 3.71600008 -10.39999962
787 3.345999956 3.71600008 -11.69999981
788 4.045000076 2.938999891 -5.199999809
789 4.045000076 2.938999891 -3.900000095
790 4.045000076 2.938999891 -6.5
791 4.045000076 2.938999891 -7.800000191
792 4.045000076 2.938999891 -9.100000381
793 4.045000076 2.938999891 -10.39999962
794 4.045000076 2.938999891 -11.69999981
795 4.56799984 2.03399992 -3.900000095
796 4.045000076 2.938999891 -2.599999905
797 4.56799984 2.03399992 -2.599999905
798 4.56799984 2.03399992 -5.199999809
799 4.56799984 2.03399992 -6.5
800 4.56799984 2.03399992 -7.800000191
801 4.56799984 2.03399992 -9.100000381
802 4.56799984 2.03399992 -10.39999962
803 4.56799984 2.03399992 -11.69999981
804 4.890999794 1.039999962 -3.900000095
805 4.890999794 1.039999962 -2.599999905
806 4.890999794 1.039999962 -5.199999809
807 4.890999794 1.039999962 -6.5
808 4.890999794 1.039999962 -7.800000191
809 4.890999794 1.039999962 -9.100000381
810 4.890999794 1.039999962 -10.39999962
811 4.890999794 1.039999962 -11.69999981
812 5 0 -3.900000095
813 5 0 -2.599999905
814 5 0 -5.199999809
815 5 0 -6.5
816 5 0 -7.800000191
817 5 0 -9.100000381
818 5 0 -10.39999962
819 5 0 -11.69999981
820 2.420030117 7.170400143 -13
821 1.436040044 6.602330208 -13
822 -1.53034997 4.82723999 -13
823 -0.5319799781 5.466159821 -13
824 0.4520300031 6.034249783 -13
825 -4.467870235 3.193919897 -13
826 -5.451809883 2.625880003 -13
827 -6.436560154 2.057369947 -13
828 -4.046999931 2.938999891 -1.299999952
829 -4.570000172 2.03399992 -1.299999952
830 -4.570000172 2.03399992 0
831 -4.046999931 2.938999891 0
832 -3.34800005 3.71600008 -1.299999952
833 -3.34800005 3.71600008 0
834 -2.502000093 4.329999924 -1.299999952
835 -2.502000093 4.329999924 0
836 1.542999983 4.755000114 -1.299999952
837 1.542999983 4.755000114 0
838 2.497999907 4.329999924 0
839 2.497999907 4.329999924 -1.299999952
840 0.5210000277 4.97300005 -1.299999952
841 0.5210000277 4.97300005 0
842 -1.547000051 4.755000114 -1.299999952
843 -1.547000051 4.755000114 0
844 -0.5249999762 4.97300005 0
845 -0.5249999762 4.97300005 -1.299999952
846 3.344000101 3.71600008 -1.299999952
847 3.344000101 3.71600008 0
848 4.043000221 2.938999891 -1.299999952
849 4.043000221 2.938999891 0
850 4.565999985 2.03399992 -1.299999952
851 4.565999985 2.03399992 0
852 4.888999939 1.039999962 0
853 4.565999985 2.03399992 1.299999952
854 4.888999939 1.039999962 1.299999952
855 4.888999939 1.039999962 -1.299999952
856 4.998000145 0 -1.299999952
857 4.998000145 0 0
858 4.945000172 1.087560058 -13
859 3.013999939 6.710209846 -13
860 3.260499954 6.852499962 -13
861 3.013609886 6.710499763 -20
862 4.945000172 1.087560058 -20
863 -4.893000126 1.039999962 0
864 -5.001999855 -0 0
865 -5.001999855 0 1.299999952
866 -4.046999931 2.938999891 1.299999952
867 4.998000145 0 1.299999952
868 3.344330072 3.71600008 -2.599999905
869 -8.630999565 -4.532000065 -20
870 -7.821000099 -3.128999949 -20
871 -8.722999573 -2.60800004 -20
872 -9.532999992 -4.011000156 -20
873 -9.440999985 -5.934999943 -20
874 -10.34300041 -5.414000034 -20
875 -10.2510004 -7.337999821 -20
876 -11.15299988 -6.816999912 -20
877 -7.728000164 -5.052999973 -20
878 -6.918000221 -3.650000095 -20
879 -8.538000107 -6.455999851 -20
880 -9.347999573 -7.859000206 -20
881 -6.826000214 -5.573999882 -20
882 -6.015999794 -4.171000004 -20
883 -7.636000156 -6.977000237 -20
884 -8.446000099 -8.37899971 -20
885 -5.923999786 -6.093999863 -20
886 -5.113999844 -4.690999985 -20
887 -6.734000206 -7.497000217 -20
888 -7.544000149 -8.899999619 -20
889 -5.021999836 -6.614999771 -20
890 -4.211999893 -5.211999893 -20
891 -5.831999779 -8.017999649 -20
892 -6.642000198 -9.420999527 -20
893 -4.119999886 -7.136000156 -20
894 -3.309999943 -5.732999802 -20
895 -4.929999828 -8.538999557 -20
896 -5.739999771 -9.942000389 -20
897 -8.722999573 -2.60800004 -18.83300018
898 -7.913000107 -1.205000043 -20
899 -7.913000107 -1.205000043 -18.83300018
900 -9.532999992 -4.011000156 -18.83300018
901 -10.34300041 -5.414000034 -18.83300018
902 -11.15299988 -6.816999912 -18.83300018
903 -8.722999573 -2.60800004 -17.66699982
904 -7.913000107 -1.205000043 -17.66699982
905 -9.532999992 -4.011000156 -17.66699982
906 -10.34300041 -5.414000034 -17.66699982
907 -11.15299988 -6.816999912 -17.66699982
908 -8.722999573 -2.60800004 -16.5
909 -7.913000107 -1.205000043 -16.5
910 -9.532999992 -4.011000156 -16.5
911 -10.34300041 -5.414000034 -16.5
912 -11.15299988 -6.816999912 -16.5
913 -8.722999573 -2.60800004 -15.33300018
914 -7.913000107 -1.205000043 -15.33300018
915 -9.532999992 -4.011000156 -15.33300018
916 -10.34300041 -5.414000034 -15.33300018
917 -11.15299988 -6.816999912 -15.33300018
918 -8.722999573 -2.60800004 -14.16699982
919 -7.913000107 -1.205000043 -14.16699982
920 -9.532999992 -4.011000156 -14.16699982
921 -10.34300041 -5.414000034 -14.16699982
922 -11.15299988 -6.816999912 -14.16699982
923 -8.722999573 -2.60800004 -13
924 -7.913000107 -1.205000043 -13
925 -9.532999992 -4.011000156 -13
926 -10.34300041 -5.414000034 -13
927 -11.15299988 -6.816999912 -13
928 -7.565000057 -0.6029999852 -18.83300018
929 -7.565000057 -0.6029999852 -20
930 -7.565000057 -0.6029999852 -17.66699982
931 -7.565000057 -0.6029999852 -16.5
932 -7.565000057 -0.6029999852 -15.33300018
933 -7.565000057 -0.6029999852 -14.16699982
934 -8.630999565 -4.532000065 -13
935 -7.821000099 -3.128999949 -13
936 -9.440999985 -5.934999943 -13
937 -10.2510004 -7.337999821 -13
938 -7.728000164 -5.052999973 -13
939 -6.918000221 -3.650000095 -13
940 -8.538000107 -6.455999851 -13
941 -9.347999573 -7.859000206 -13
942 -6.826000214 -5.573999882 -13
943 -6.015999794 -4.171000004 -13
944 -7.636000156 -6.977000237 -13
945 -8.446000099 -8.37899971 -13
946 -5.923999786 -6.093999863 -13
947 -5.113999844 -4.690999985 -13
948 -6.734000206 -7.497000217 -13
949 -7.544000149 -8.899999619 -13
950 -5.021999836 -6.614999771 -13
951 -4.211999893 -5.211999893 -13
952 -5.831999779 -8.017999649 -13
953 -6.642000198 -9.420999527 -13
954 -4.119999886 -7.136000156 -13
955 -3.309999943 -5.732999802 -13
956 -4.929999828 -8.538999557 -13
957 -5.739999771 -9.942000389 -13
958 0.3910000026 -9.739999771 -13
959 1.200999975 -8.336999893 -13
960 2.102999926 -8.857999802 -13
961 1.292999983 -10.26099968 -13
962 -0.4189999998 -11.14299965 -13
963 0.4830000103 -11.66399956 -13
964 -1.228999972 -12.54599953 -13
965 -0.3269999921 -13.06700039 -13
966 -0.5120000243 -9.218999863 -13
967 0.2980000079 -7.815999985 -13
968 -1.322000027 -10.62199974 -13
969 -2.131999969 -12.02499962 -13
970 -1.414000034 -8.699000359 -13
971 -0.6039999723 -7.296000004 -13
972 -2.223999977 -10.10200024 -13
973 -3.03399992 -11.50399971 -13
974 -2.315999985 -8.17800045 -13
975 -1.506000042 -6.775000095 -13
976 -3.125999928 -9.581000328 -13
977 -3.936000109 -10.98400021 -13
978 -3.217999935 -7.657000065 -13
979 -2.407999992 -6.254000187 -13
980 -4.027999878 -9.06000042 -13
981 -4.837999821 -10.4630003 -13
982 2.102999926 -8.857999802 -18.83300018
983 2.913000107 -7.454999924 -18.83300018
984 2.913000107 -7.454999924 -20
985 2.102999926 -8.857999802 -20
986 1.292999983 -10.26099968 -18.83300018
987 1.292999983 -10.26099968 -20
988 0.4830000103 -11.66399956 -18.83300018
989 0.4830000103 -11.66399956 -20
990 -0.3269999921 -13.06700039 -18.83300018
991 -0.3269999921 -13.06700039 -20
992 2.102999926 -8.857999802 -17.66699982
993 2.913000107 -7.454999924 -17.66699982
994 1.292999983 -10.26099968 -17.66699982
995 0.4830000103 -11.66399956 -17.66699982
996 -0.3269999921 -13.06700039 -17.66699982
997 2.102999926 -8.857999802 -16.5
998 2.913000107 -7.454999924 -16.5
999 1.292999983 -10.26099968 -16.5
1000 0.4830000103 -11.66399956 -16.5
1001 -0.3269999921 -13.06700039 -16.5
1002 2.102999926 -8.857999802 -15.33300018
1003 2.913000107 -7.454999924 -15.33300018
1004 1.292999983 -10.26099968 -15.33300018
1005 0.4830000103 -11.66399956 -15.33300018
1006 -0.3269999921 -13.06700039 -15.33300018
1007 2.102999926 -8.857999802 -14.16699982
1008 2.913000107 -7.454999924 -14.16699982
1009 1.292999983 -10.26099968 -14.16699982
1010 0.4830000103 -11.66399956 -14.16699982
1011 -0.3269999921 -13.06700039 -14.16699982
1012 2.913000107 -7.454999924 -13
1013 0.3910000026 -9.739999771 -20
1014 1.200999975 -8.336999893 -20
1015 -0.4189999998 -11.14299965 -20
1016 -1.228999972 -12.54599953 -20
1017 -0.5120000243 -9.218999863 -20
1018 0.2980000079 -7.815999985 -20
1019 -1.322000027 -10.62199974 -20
1020 -2.131999969 -12.02499962 -20
1021 -1.414000034 -8.699000359 -20
1022 -0.6039999723 -7.296000004 -20
1023 -2.223999977 -10.10200024 -20
1024 -3.03399992 -11.50399971 -20
1025 -2.315999985 -8.17800045 -20
1026 -1.506000042 -6.775000095 -20
1027 -3.125999928 -9.581000328 -20
1028 -3.936000109 -10.98400021 -20
1029 -3.217999935 -7.657000065 -20
1030 -2.407999992 -6.254000187 -20
1031 -4.027999878 -9.06000042 -20
1032 -4.837999821 -10.4630003 -20
1033 3.260999918 -6.853000164 -18.83300018
1034 3.60800004 -6.25 -18.83300018
1035 3.60800004 -6.25 -20
1036 3.260999918 -6.853000164 -20
1037 3.260999918 -6.853000164 -17.66699982
1038 3.60800004 -6.25 -17.66699982
1039 3.260999918 -6.853000164 -16.5
1040 3.60800004 -6.25 -16.5
1041 3.260999918 -6.853000164 -15.33300018
1042 3.60800004 -6.25 -15.33300018
1043 3.260999918 -6.853000164 -14.16699982
1044 3.60800004 -6.25 -14.16699982
1045 6.619999886 -5.208000183 -20
1046 5 -5.208000183 -20
1047 5 -6.25 -20
1048 6.619999886 -6.25 -20
1049 8.239999771 -5.208000183 -20
1050 8.239999771 -6.25 -20
1051 9.859999657 -5.208000183 -20
1052 9.859999657 -6.25 -20
1053 11.47999954 -5.208000183 -20
1054 11.47999954 -6.25 -20
1055 6.619999886 -4.166999817 -20
1056 5 -4.166999817 -20
1057 8.239999771 -4.166999817 -20
1058 9.859999657 -4.166999817 -20
1059 11.47999954 -4.166999817 -20
1060 6.619999886 -3.125 -20
1061 5 -3.125 -20
1062 8.239999771 -3.125 -20
1063 9.859999657 -3.125 -20
1064 11.47999954 -3.125 -20
1065 6.619999886 -2.082999945 -20
1066 5 -2.082999945 -20
1067 8.239999771 -2.082999945 -20
1068 9.859999657 -2.082999945 -20
1069 11.47999954 -2.082999945 -20
1070 6.619999886 -1.042000055 -20
1071 5 -1.042000055 -20
1072 8.239999771 -1.042000055 -20
1073 9.859999657 -1.042000055 -20
1074 11.47999954 -1.042000055 -20
1075 4.303999901 -6.25 -18.83300018
1076 4.303999901 -6.25 -20
1077 5 -6.25 -18.83300018
1078 4.303999901 -6.25 -17.66699982
1079 5 -6.25 -17.66699982
1080 4.303999901 -6.25 -16.5
1081 5 -6.25 -16.5
1082 4.303999901 -6.25 -15.33300018
1083 5 -6.25 -15.33300018
1084 4.303999901 -6.25 -14.16699982
1085 5 -6.25 -14.16699982
1086 4.303999901 -6.25 -13
1087 3.60800004 -6.25 -13
1088 5 -6.25 -13
1089 6.619999886 -6.25 -18.83300018
1090 8.239999771 -6.25 -18.83300018
1091 9.859999657 -6.25 -18.83300018
1092 11.47999954 -6.25 -18.83300018
1093 6.619999886 -6.25 -17.66699982
1094 8.239999771 -6.25 -17.66699982
1095 9.859999657 -6.25 -17.66699982
1096 11.47999954 -6.25 -17.66699982
1097 6.619999886 -6.25 -16.5
1098 8.239999771 -6.25 -16.5
1099 9.859999657 -6.25 -16.5
1100 11.47999954 -6.25 -16.5
1101 6.619999886 -6.25 -15.33300018
1102 8.239999771 -6.25 -15.33300018
1103 9.859999657 -6.25 -15.33300018
1104 11.47999954 -6.25 -15.33300018
1105 6.619999886 -6.25 -14.16699982
1106 8.239999771 -6.25 -14.16699982
1107 9.859999657 -6.25 -14.16699982
1108 11.47999954 -6.25 -14.16699982
1109 6.619999886 -6.25 -13
1110 8.239999771 -6.25 -13
1111 9.859999657 -6.25 -13
1112 11.47999954 -6.25 -13
1113 6.619999886 -5.208000183 -13
1114 5 -5.208000183 -13
1115 8.239999771 -5.208000183 -13
1116 9.859999657 -5.208000183 -13
1117 11.47999954 -5.208000183 -13
1118 6.619999886 -4.166999817 -13
1119 5 -4.166999817 -13
1120 8.239999771 -4.166999817 -13
1121 9.859999657 -4.166999817 -13
1122 11.47999954 -4.166999817 -13
1123 6.619999886 -3.125 -13
1124 5 -3.125 -13
1125 8.239999771 -3.125 -13
1126 9.859999657 -3.125 -13
1127 11.47999954 -3.125 -13
1128 6.619999886 -2.082999945 -13
1129 5 -2.082999945 -13
1130 8.239999771 -2.082999945 -13
1131 9.859999657 -2.082999945 -13
1132 11.47999954 -2.082999945 -13
1133 6.619999886 -1.042000055 -13
1134 5 -1.042000055 -13
1135 8.239999771 -1.042000055 -13
1136 9.859999657 -1.042000055 -13
1137 11.47999954 -1.042000055 -13
1138 4.303999901 -5.96600008 -13
1139 5 -5.68200016 -13
1140 2.010989904 -6.934259892 -13
1141 1.108019948 -6.412960052 -13
1142 0.2061000019 -5.892270088 -13
1143 -0.6958600283 -5.371560097 -13
1144 -1.597919941 -4.85078001 -13
1145 -2.5 -4.329999924 -13
1146 -3.402120113 -3.809200048 -13
1147 -4.304230213 -3.288389921 -13
1148 -5.205900192 -2.767839909 -13
1149 -6.108019829 -2.247040033 -13
1150 -7.010879993 -1.725810051 -13
1151 -7.565000057 -0.6025000215 -13
1152 -7.318719864 -0.7446799874 -13
1153 -7.420440197 -1.489359975 -13
1154 4.303999901 -5.96600008 -20
1155 5 -5.68200016 -20
1156 -7.318500042 -0.7444999814 -20
1157 -7.420080185 -1.489570022 -20
1158 -7.010890007 -1.725800037 -20
1159 -6.108029842 -2.24703002 -20
1160 -5.205910206 -2.767839909 -20
1161 -4.3042202 -3.288399935 -20
1162 -3.4021101 -3.809200048 -20
1163 -2.5 -4.329999924 -20
1164 -1.597890019 -4.850800037 -20
1165 -0.6957799792 -5.371600151 -20
1166 0.20634 -5.892409801 -20
1167 1.10800004 -6.412950039 -20
1168 2.010890007 -6.93419981 -20
1169 2.42001009 -7.170390129 -20
1170 -2.923000097 -4.022999763 -20
1171 -3.345999956 -3.71600008 -20
1172 -3.483920097 -3.761970043 -20
1173 -2.991960049 -4.04598999 -20
1174 -2.007980108 -4.614049911 -20
1175 -2.022500038 -4.542500019 -20
1176 -1.515980005 -4.898089886 -20
1177 -1.544999957 -4.755000114 -20
1178 -2.992000103 -4.046000004 -13
1179 -2.923000097 -4.022999763 -13
1180 -3.483910084 -3.761970043 -13
1181 -3.345999956 -3.71600008 -13
1182 -2.022500038 -4.542500019 -13
1183 -1.544999957 -4.755000114 -13
1184 -1.515980005 -4.898089886 -13
1185 -2.007989883 -4.614039898 -13
1186 5 -1.136000037 -13
1187 4.890999794 -1.039999962 -13
1188 4.945499897 -0.5199999809 -13
1189 5 -0.5680000186 -13
1190 5 -1.136000037 -20
1191 4.945499897 -0.5199999809 -20
1192 4.890999794 -1.039999962 -20
1193 5 -0.5680000186 -20
1194 1.544999957 -4.755000114 14.30000019
1195 1.544999957 -4.755000114 15
1196 2.5 -4.329999924 15
1197 2.5 -4.329999924 14.30000019
1198 4.890999794 -1.039999962 2.599999905
1199 4.890999794 -1.039999962 3.900000095
1200 4.890999794 -1.039999962 5.199999809
1201 4.890999794 -1.039999962 6.5
1202 4.890999794 -1.039999962 7.800000191
1203 4.890999794 -1.039999962 9.100000381
1204 4.890999794 -1.039999962 10.39999962
1205 4.56799984 -2.03399992 2.599999905
1206 4.56799984 -2.03399992 3.900000095
1207 4.56799984 -2.03399992 5.199999809
1208 4.56799984 -2.03399992 6.5
1209 4.56799984 -2.03399992 7.800000191
1210 4.56799984 -2.03399992 9.100000381
1211 4.56799984 -2.03399992 10.39999962
1212 4.045000076 -2.938999891 2.599999905
1213 4.045000076 -2.938999891 3.900000095
1214 4.045000076 -2.938999891 5.199999809
1215 4.045000076 -2.938999891 6.5
1216 4.045000076 -2.938999891 7.800000191
1217 4.045000076 -2.938999891 9.100000381
1218 4.045000076 -2.938999891 10.39999962
1219 4.045000076 -2.938999891 1.299999952
1220 3.345999956 -3.71600008 1.299999952
1221 3.345999956 -3.71600008 2.599999905
1222 3.345999956 -3.71600008 3.900000095
1223 3.345999956 -3.71600008 5.199999809
1224 3.345999956 -3.71600008 6.5
1225 3.345999956 -3.71600008 7.800000191
1226 3.345999956 -3.71600008 9.100000381
1227 3.345999956 -3.71600008 10.39999962
1228 2.5 -4.329999924 1.299999952
1229 2.5 -4.329999924 2.599999905
1230 2.5 -4.329999924 3.900000095
1231 2.5 -4.329999924 5.199999809
1232 2.5 -4.329999924 6.5
1233 2.5 -4.329999924 7.800000191
1234 2.5 -4.329999924 9.100000381
1235 2.5 -4.329999924 10.39999962
1236 -2.5 -4.329999924 1.299999952
1237 -2.5 -4.329999924 2.599999905
1238 -1.544999957 -4.755000114 2.599999905
1239 -1.544999957 -4.755000114 1.299999952
1240 -2.5 -4.329999924 3.900000095
1241 -1.544999957 -4.755000114 3.900000095
1242 -2.5 -4.329999924 5.199999809
1243 -1.544999957 -4.755000114 5.199999809
1244 -2.5 -4.329999924 6.5
1245 -1.544999957 -4.755000114 6.5
1246 -2.5 -4.329999924 7.800000191
1247 -1.544999957 -4.755000114 7.800000191
1248 -2.5 -4.329999924 9.100000381
1249 -1.544999957 -4.755000114 9.100000381
1250 -2.5 -4.329999924 10.39999962
1251 -1.544999957 -4.755000114 10.39999962
1252 -0.5230000019 -4.97300005 2.599999905
1253 -0.5230000019 -4.97300005 1.299999952
1254 -0.5230000019 -4.97300005 3.900000095
1255 -0.5230000019 -4.97300005 5.199999809
1256 -0.5230000019 -4.97300005 6.5
1257 -0.5230000019 -4.97300005 7.800000191
1258 -0.5230000019 -4.97300005 9.100000381
1259 -0.5230000019 -4.97300005 10.39999962
1260 0.5230000019 -4.97300005 2.599999905
1261 0.5230000019 -4.97300005 1.299999952
1262 0.5230000019 -4.97300005 3.900000095
1263 0.5230000019 -4.97300005 5.199999809
1264 0.5230000019 -4.97300005 6.5
1265 0.5230000019 -4.97300005 7.800000191
1266 0.5230000019 -4.97300005 9.100000381
1267 0.5230000019 -4.97300005 10.39999962
1268 1.544999957 -4.755000114 2.599999905
1269 1.544999957 -4.755000114 1.299999952
1270 1.544999957 -4.755000114 3.900000095
1271 1.544999957 -4.755000114 5.199999809
1272 1.544999957 -4.755000114 6.5
1273 1.544999957 -4.755000114 7.800000191
1274 1.544999957 -4.755000114 9.100000381
1275 1.544999957 -4.755000114 10.39999962
1276 -3.345999956 -3.71600008 1.299999952
1277 -3.345999956 -3.71600008 2.599999905
1278 -3.345999956 -3.71600008 3.900000095
1279 -3.345999956 -3.71600008 5.199999809
1280 -3.345999956 -3.71600008 6.5
1281 -3.345999956 -3.71600008 7.800000191
1282 -3.345999956 -3.71600008 9.100000381
1283 -3.345999956 -3.71600008 10.39999962
1284 -4.045000076 -2.938999891 1.299999952
1285 -4.045000076 -2.938999891 2.599999905
1286 -4.045000076 -2.938999891 3.900000095
1287 -4.045000076 -2.938999891 5.199999809
1288 -4.045000076 -2.938999891 6.5
1289 -4.045000076 -2.938999891 7.800000191
1290 -4.045000076 -2.938999891 9.100000381
1291 -4.045000076 -2.938999891 10.39999962
1292 -4.56799984 -2.03399992 1.299999952
1293 -4.56799984 -2.03399992 2.599999905
1294 -4.56799984 -2.03399992 3.900000095
1295 -4.56799984 -2.03399992 5.199999809
1296 -4.56799984 -2.03399992 6.5
1297 -4.56799984 -2.03399992 7.800000191
1298 -4.56799984 -2.03399992 9.100000381
1299 -4.56799984 -2.03399992 10.39999962
1300 -4.890999794 -1.039999962 2.599999905
1301 -4.890999794 -1.039999962 3.900000095
1302 -4.890999794 -1.039999962 5.199999809
1303 -4.890999794 -1.039999962 6.5
1304 -4.890999794 -1.039999962 7.800000191
1305 -4.890999794 -1.039999962 9.100000381
1306 -4.890999794 -1.039999962 10.39999962
1307 -4.890999794 -1.039999962 1.299999952
1308 1.22300005 -0.2599999905 15
1309 2.444999933 -0.5199999809 15
1310 3.667999983 -0.7799999714 15
1311 4.890999794 -1.039999962 15
1312 1.14199996 -0.5080000162 15
1313 2.28399992 -1.01699996 15
1314 3.426000118 -1.524999976 15
1315 4.56799984 -2.03399992 15
1316 1.011000037 -0.7350000143 15
1317 2.023000002 -1.468999982 15
1318 3.03399992 -2.203999996 15
1319 4.045000076 -2.938999891 15
1320 0.8360000253 -0.92900002 15
1321 1.672999978 -1.85800004 15
1322 2.509000063 -2.786999941 15
1323 3.345999956 -3.71600008 15
1324 0.625 -1.082999945 15
1325 1.25 -2.164999962 15
1326 1.875 -3.247999907 15
1327 -0.625 -1.082999945 15
1328 -0.3860000074 -1.18900001 15
1329 -0.7730000019 -2.378000021 15
1330 -1.25 -2.164999962 15
1331 -1.159000039 -3.565999985 15
1332 -1.875 -3.247999907 15
1333 -1.544999957 -4.755000114 15
1334 -2.5 -4.329999924 15
1335 -0.1309999973 -1.243000031 15
1336 -0.2610000074 -2.486000061 15
1337 -0.3919999897 -3.729000092 15
1338 -0.5230000019 -4.97300005 15
1339 0.1309999973 -1.243000031 15
1340 0.2610000074 -2.486000061 15
1341 0.3919999897 -3.729000092 15
1342 0.5230000019 -4.97300005 15
1343 0.3860000074 -1.18900001 15
1344 0.7730000019 -2.378000021 15
1345 1.159000039 -3.565999985 15
1346 -0.8360000253 -0.92900002 15
1347 -1.672999978 -1.85800004 15
1348 -2.509000063 -2.786999941 15
1349 -3.345999956 -3.71600008 15
1350 -1.011000037 -0.7350000143 15
1351 -2.023000002 -1.468999982 15
1352 -3.03399992 -2.203999996 15
1353 -4.045000076 -2.938999891 15
1354 -1.14199996 -0.5080000162 15
1355 -2.28399992 -1.01699996 15
1356 -3.426000118 -1.524999976 15
1357 -4.56799984 -2.03399992 15
1358 -1.22300005 -0.2599999905 15
1359 -2.444999933 -0.5199999809 15
1360 -3.667999983 -0.7799999714 15
1361 -4.890999794 -1.039999962 15
1362 -4.890999794 -1.039999962 11.69999981
1363 -4.890999794 -1.039999962 13
1364 -4.56799984 -2.03399992 11.69999981
1365 -4.56799984 -2.03399992 13
1366 -4.045000076 -2.938999891 11.69999981
1367 -4.045000076 -2.938999891 13
1368 -3.345999956 -3.71600008 11.69999981
1369 -3.345999956 -3.71600008 13
1370 -2.5 -4.329999924 11.69999981
1371 -2.5 -4.329999924 13
1372 1.544999957 -4.755000114 11.69999981
1373 1.544999957 -4.755000114 13
1374 2.5 -4.329999924 13
1375 2.5 -4.329999924 11.69999981
1376 0.5230000019 -4.97300005 11.69999981
1377 0.5230000019 -4.97300005 13
1378 -0.5230000019 -4.97300005 11.69999981
1379 -0.5230000019 -4.97300005 13
1380 -1.544999957 -4.755000114 11.69999981
1381 -1.544999957 -4.755000114 13
1382 3.345999956 -3.71600008 11.69999981
1383 3.345999956 -3.71600008 13
1384 4.045000076 -2.938999891 11.69999981
1385 4.045000076 -2.938999891 13
1386 4.56799984 -2.03399992 11.69999981
1387 4.56799984 -2.03399992 13
1388 4.890999794 -1.039999962 11.69999981
1389 4.890999794 -1.039999962 13
1390 4.890999794 -1.039999962 14.30000019
1391 4.56799984 -2.03399992 14.30000019
1392 4.045000076 -2.938999891 14.30000019
1393 3.345999956 -3.71600008 14.30000019
1394 -2.5 -4.329999924 14.30000019
1395 -1.544999957 -4.755000114 14.30000019
1396 -0.5230000019 -4.97300005 14.30000019
1397 0.5230000019 -4.97300005 14.30000019
1398 -3.345999956 -3.71600008 14.30000019
1399 -4.045000076 -2.938999891 14.30000019
1400 -4.56799984 -2.03399992 14.30000019
1401 -4.890999794 -1.039999962 14.30000019
1402 -6.210000038 -0.7450000048 -20
1403 -5.664000034 -1.549000025 -20
1404 -4.890999794 -1.039999962 -20
1405 -5.010000229 -2.329999924 -20
1406 -4.56799984 -2.03399992 -20
1407 -4.256999969 -3.065999985 -20
1408 -4.045000076 -2.938999891 -20
1409 -3.414999962 -3.739000082 -20
1410 2.460000038 -5.750999928 -20
1411 2.5 -4.329999924 -20
1412 1.491000056 -5.678999901 -20
1413 1.544999957 -4.755000114 -20
1414 0.4869999886 -5.504000187 -20
1415 0.5230000019 -4.97300005 -20
1416 -0.52700001 -5.21999979 -20
1417 -0.5230000019 -4.97300005 -20
1418 3.75 -5.006000042 -20
1419 4.172999859 -4.131000042 -20
1420 3.345999956 -3.71600008 -20
1421 5 -4.545000076 -20
1422 4.522999763 -3.174000025 -20
1423 4.045000076 -2.938999891 -20
1424 5 -3.40899992 -20
1425 4.78399992 -2.153000116 -20
1426 4.56799984 -2.03399992 -20
1427 5 -2.273000002 -20
1428 -1.22300005 -0.2599999905 -20
1429 -2.444999933 -0.5199999809 -20
1430 -3.667999983 -0.7799999714 -20
1431 -1.14199996 -0.5080000162 -20
1432 -2.28399992 -1.01699996 -20
1433 -3.426000118 -1.524999976 -20
1434 -1.011000037 -0.7350000143 -20
1435 -2.023000002 -1.468999982 -20
1436 -3.03399992 -2.203999996 -20
1437 -0.8360000253 -0.92900002 -20
1438 -1.672999978 -1.85800004 -20
1439 -2.509000063 -2.786999941 -20
1440 -0.625 -1.082999945 -20
1441 -1.25 -2.164999962 -20
1442 -1.875 -3.247999907 -20
1443 -0.3860000074 -1.18900001 -20
1444 -0.7730000019 -2.378000021 -20
1445 -1.159000039 -3.565999985 -20
1446 -0.1309999973 -1.243000031 -20
1447 -0.2610000074 -2.486000061 -20
1448 -0.3919999897 -3.729000092 -20
1449 0.1309999973 -1.243000031 -20
1450 0.2610000074 -2.486000061 -20
1451 0.3919999897 -3.729000092 -20
1452 0.3860000074 -1.18900001 -20
1453 0.7730000019 -2.378000021 -20
1454 1.159000039 -3.565999985 -20
1455 0.625 -1.082999945 -20
1456 1.25 -2.164999962 -20
1457 1.875 -3.247999907 -20
1458 0.8360000253 -0.92900002 -20
1459 1.672999978 -1.85800004 -20
1460 2.509000063 -2.786999941 -20
1461 1.011000037 -0.7350000143 -20
1462 2.023000002 -1.468999982 -20
1463 3.03399992 -2.203999996 -20
1464 1.14199996 -0.5080000162 -20
1465 2.28399992 -1.01699996 -20
1466 3.426000118 -1.524999976 -20
1467 1.22300005 -0.2599999905 -20
1468 2.444999933 -0.5199999809 -20
1469 3.667999983 -0.7799999714 -20
1470 -6.436580181 -2.057359934 -20
1471 -5.451809883 -2.625880003 -20
1472 -4.467879772 -3.193919897 -20
1473 -0.5320100188 -5.466149807 -20
1474 0.4520500004 -6.034259796 -20
1475 1.436040044 -6.602330208 -20
1476 -1.530339956 -4.827260017 -20
1477 -6.210000038 -0.7450000048 -13
1478 -5.664000034 -1.549000025 -13
1479 -4.890999794 -1.039999962 -13
1480 -5.010000229 -2.329999924 -13
1481 -4.56799984 -2.03399992 -13
1482 -4.256999969 -3.065999985 -13
1483 -4.045000076 -2.938999891 -13
1484 -3.414999962 -3.739000082 -13
1485 2.5 -4.329999924 -13
1486 2.460000038 -5.750999928 -13
1487 1.491000056 -5.678999901 -13
1488 1.544999957 -4.755000114 -13
1489 0.4869999886 -5.504000187 -13
1490 0.5230000019 -4.97300005 -13
1491 -0.52700001 -5.21999979 -13
1492 -0.5230000019 -4.97300005 -13
1493 3.75 -5.006000042 -13
1494 4.172999859 -4.131000042 -13
1495 3.345999956 -3.71600008 -13
1496 5 -4.545000076 -13
1497 4.522999763 -3.174000025 -13
1498 4.045000076 -2.938999891 -13
1499 5 -3.40899992 -13
1500 4.78399992 -2.153000116 -13
1501 4.56799984 -2.03399992 -13
1502 5 -2.273000002 -13
1503 -4.890999794 -1.039999962 -2.599999905
1504 -4.890999794 -1.039999962 -1.299999952
1505 -4.890999794 -1.039999962 -3.900000095
1506 -4.890999794 -1.039999962 -5.199999809
1507 -4.890999794 -1.039999962 -6.5
1508 -4.890999794 -1.039999962 -7.800000191
1509 -4.890999794 -1.039999962 -9.100000381
1510 -4.890999794 -1.039999962 -10.39999962
1511 -4.890999794 -1.039999962 -11.69999981
1512 -4.56799984 -2.03399992 -3.900000095
1513 -4.56799984 -2.03399992 -2.599999905
1514 -4.56799984 -2.03399992 -5.199999809
1515 -4.56799984 -2.03399992 -6.5
1516 -4.56799984 -2.03399992 -7.800000191
1517 -4.56799984 -2.03399992 -9.100000381
1518 -4.56799984 -2.03399992 -10.39999962
1519 -4.56799984 -2.03399992 -11.69999981
1520 -4.045000076 -2.938999891 -3.900000095
1521 -4.045000076 -2.938999891 -2.599999905
1522 -4.045000076 -2.938999891 -5.199999809
1523 -4.045000076 -2.938999891 -6.5
1524 -4.045000076 -2.938999891 -7.800000191
1525 -4.045000076 -2.938999891 -9.100000381
1526 -4.045000076 -2.938999891 -10.39999962
1527 -4.045000076 -2.938999891 -11.69999981
1528 -3.345999956 -3.71600008 -5.199999809
1529 -3.345999956 -3.71600008 -3.900000095
1530 -3.345999956 -3.71600008 -6.5
1531 -3.345999956 -3.71600008 -7.800000191
1532 -3.345999956 -3.71600008 -9.100000381
1533 -3.345999956 -3.71600008 -10.39999962
1534 -3.345999956 -3.71600008 -11.69999981
1535 -2.5 -4.329999924 -3.900000095
1536 -3.345999956 -3.71600008 -2.599999905
1537 -2.5 -4.329999924 -2.599999905
1538 -2.5 -4.329999924 -5.199999809
1539 -2.5 -4.329999924 -6.5
1540 -2.5 -4.329999924 -7.800000191
1541 -2.5 -4.329999924 -9.100000381
1542 -2.5 -4.329999924 -10.39999962
1543 -2.5 -4.329999924 -11.69999981
1544 1.544999957 -4.755000114 -3.900000095
1545 1.544999957 -4.755000114 -2.599999905
1546 2.5 -4.329999924 -2.599999905
1547 2.5 -4.329999924 -3.900000095
1548 1.544999957 -4.755000114 -5.199999809
1549 2.5 -4.329999924 -5.199999809
1550 1.544999957 -4.755000114 -6.5
1551 2.5 -4.329999924 -6.5
1552 1.544999957 -4.755000114 -7.800000191
1553 2.5 -4.329999924 -7.800000191
1554 1.544999957 -4.755000114 -9.100000381
1555 2.5 -4.329999924 -9.100000381
1556 1.544999957 -4.755000114 -10.39999962
1557 2.5 -4.329999924 -10.39999962
1558 1.544999957 -4.755000114 -11.69999981
1559 2.5 -4.329999924 -11.69999981
1560 0.5230000019 -4.97300005 -3.900000095
1561 0.5230000019 -4.97300005 -2.599999905
1562 0.5230000019 -4.97300005 -5.199999809
1563 0.5230000019 -4.97300005 -6.5
1564 0.5230000019 -4.97300005 -7.800000191
1565 0.5230000019 -4.97300005 -9.100000381
1566 0.5230000019 -4.97300005 -10.39999962
1567 0.5230000019 -4.97300005 -11.69999981
1568 -0.5230000019 -4.97300005 -3.900000095
1569 -0.5230000019 -4.97300005 -2.599999905
1570 -0.5230000019 -4.97300005 -5.199999809
1571 -0.5230000019 -4.97300005 -6.5
1572 -0.5230000019 -4.97300005 -7.800000191
1573 -0.5230000019 -4.97300005 -9.100000381
1574 -0.5230000019 -4.97300005 -10.39999962
1575 -0.5230000019 -4.97300005 -11.69999981
1576 -1.544999957 -4.755000114 -3.900000095
1577 -1.544999957 -4.755000114 -2.599999905
1578 -1.544999957 -4.755000114 -5.199999809
1579 -1.544999957 -4.755000114 -6.5
1580 -1.544999957 -4.755000114 -7.800000191
1581 -1.544999957 -4.755000114 -9.100000381
1582 -1.544999957 -4.755000114 -10.39999962
1583 -1.544999957 -4.755000114 -11.69999981
1584 3.345999956 -3.71600008 -5.199999809
1585 3.345999956 -3.71600008 -3.900000095
1586 3.345999956 -3.71600008 -6.5
1587 3.345999956 -3.71600008 -7.800000191
1588 3.345999956 -3.71600008 -9.100000381
1589 3.345999956 -3.71600008 -10.39999962
1590 3.345999956 -3.71600008 -11.69999981
1591 4.045000076 -2.938999891 -5.199999809
1592 4.045000076 -2.938999891 -3.900000095
1593 4.045000076 -2.938999891 -6.5
1594 4.045000076 -2.938999891 -7.800000191
1595 4.045000076 -2.938999891 -9.100000381
1596 4.045000076 -2.938999891 -10.39999962
1597 4.045000076 -2.938999891 -11.69999981
1598 4.56799984 -2.03399992 -3.900000095
1599 4.045000076 -2.938999891 -2.599999905
1600 4.56799984 -2.03399992 -2.599999905
1601 4.56799984 -2.03399992 -5.199999809
1602 4.56799984 -2.03399992 -6.5
1603 4.56799984 -2.03399992 -7.800000191
1604 4.56799984 -2.03399992 -9.100000381
1605 4.56799984 -2.03399992 -10.39999962
1606 4.56799984 -2.03399992 -11.69999981
1607 4.890999794 -1.039999962 -3.900000095
1608 4.890999794 -1.039999962 -2.599999905
1609 4.890999794 -1.039999962 -5.199999809
1610 4.890999794 -1.039999962 -6.5
1611 4.890999794 -1.039999962 -7.800000191
1612 4.890999794 -1.039999962 -9.100000381
1613 4.890999794 -1.039999962 -10.39999962
1614 4.890999794 -1.039999962 -11.69999981
1615 2.420030117 -7.170400143 -13
1616 1.436040044 -6.602330208 -13
1617 -1.53034997 -4.82723999 -13
1618 -0.5319799781 -5.466159821 -13
1619 0.4520300031 -6.034249783 -13
1620 -4.467870235 -3.193919897 -13
1621 -5.451809883 -2.625880003 -13
1622 -6.436560154 -2.057369947 -13
1623 -4.046999931 -2.938999891 -1.299999952
1624 -4.570000172 -2.03399992 -1.299999952
1625 -4.570000172 -2.03399992 0
1626 -4.046999931 -2.938999891 0
1627 -3.34800005 -3.71600008 -1.299999952
1628 -3.34800005 -3.71600008 0
1629 -2.502000093 -4.329999924 -1.299999952
1630 -2.502000093 -4.329999924 0
1631 1.542999983 -4.755000114 -1.299999952
1632 1.542999983 -4.755000114 0
1633 2.497999907 -4.329999924 0
1634 2.497999907 -4.329999924 -1.299999952
1635 0.5210000277 -4.97300005 -1.299999952
1636 0.5210000277 -4.97300005 0
1637 -1.547000051 -4.755000114 -1.299999952
1638 -1.547000051 -4.755000114 0
1639 -0.5249999762 -4.97300005 0
1640 -0.5249999762 -4.97300005 -1.299999952
1641 3.344000101 -3.71600008 -1.299999952
1642 3.344000101 -3.71600008 0
1643 4.043000221 -2.938999891 -1.299999952
1644 4.043000221 -2.938999891 0
1645 4.565999985 -2.03399992 -1.299999952
1646 4.565999985 -2.03399992 0
1647 4.888999939 -1.039999962 0
1648 4.565999985 -2.03399992 1.299999952
1649 4.888999939 -1.039999962 1.299999952
1650 4.888999939 -1.039999962 -1.299999952
1651 4.945000172 -1.087560058 -13
1652 3.013999939 -6.710209846 -13
1653 3.260499954 -6.852499962 -13
1654 3.013609886 -6.710499763 -20
1655 4.945000172 -1.087560058 -20
1656 -4.893000126 -1.039999962 0
1657 -4.046999931 -2.938999891 1.299999952
1658 3.344330072 -3.71600008 -2.599999905
$EndNodes
$Elements
3196
1 2 2 1 1 1 2 3
2 2 2 1 1 1 3 4
3 2 2 1 1 5 1 4
4 2 2 1 1 5 4 6
5 2 2 1 1 7 5 6
6 2 2 1 1 7 6 8
7 2 2 1 1 9 10 2
8 2 2 1 1 9 2 1
9 2 2 1 1 11 9 1
10 2 2 1 1 11 1 5
11 2 2 1 1 12 11 5
12 2 2 1 1 12 5 7
13 2 2 1 1 13 14 10
14 2 2 1 1 13 10 9
15 2 2 1 1 15 13 9
16 2 2 1 1 15 9 11
17 2 2 1 1 16 15 11
18 2 2 1 1 16 11 12
19 2 2 1 1 17 18 14
20 2 2 1 1 17 14 13
21 2 2 1 1 19 17 13
22 2 2 1 1 19 13 15
23 2 2 1 1 20 19 15
24 2 2 1 1 20 15 16
25 2 2 1 1 21 22 18
26 2 2 1 1 21 18 17
27 2 2 1 1 23 21 17
28 2 2 1 1 23 17 19
29 2 2 1 1 24 23 19
30 2 2 1 1 24 19 20
31 2 2 1 1 25 26 22
32 2 2 1 1 25 22 21
33 2 2 1 1 27 25 21
34 2 2 1 1 27 21 23
35 2 2 1 1 28 27 23
36 2 2 1 1 28 23 24
37 2 2 1 1 29 3 30
38 2 2 1 1 29 30 31
39 2 2 1 1 32 4 3
40 2 2 1 1 32 3 29
41 2 2 1 1 33 6 4
42 2 2 1 1 33 4 32
43 2 2 1 1 34 8 6
44 2 2 1 1 34 6 33
45 2 2 1 1 35 29 31
46 2 2 1 1 35 31 36
47 2 2 1 1 37 32 29
48 2 2 1 1 37 29 35
49 2 2 1 1 38 33 32
50 2 2 1 1 38 32 37
51 2 2 1 1 39 34 33
52 2 2 1 1 39 33 38
53 2 2 1 1 40 35 36
54 2 2 1 1 40 36 41
55 2 2 1 1 42 37 35
56 2 2 1 1 42 35 40
57 2 2 1 1 43 38 37
58 2 2 1 1 43 37 42
59 2 2 1 1 44 39 38
60 2 2 1 1 44 38 43
61 2 2 1 1 45 40 41
62 2 2 1 1 45 41 46
63 2 2 1 1 47 42 40
64 2 2 1 1 47 40 45
65 2 2 1 1 48 43 42
66 2 2 1 1 48 42 47
67 2 2 1 1 49 44 43
68 2 2 1 1 49 43 48
69 2 2 1 1 50 45 46
70 2 2 1 1 50 46 51
71 2 2 1 1 52 47 45
72 2 2 1 1 52 45 50
73 2 2 1 1 53 48 47
74 2 2 1 1 53 47 52
75 2 2 1 1 54 49 48
76 2 2 1 1 54 48 53
77 2 2 1 1 55 50 51
78 2 2 1 1 55 51 56
79 2 2 1 1 57 52 50
80 2 2 1 1 57 50 55
81 2 2 1 1 58 53 52
82 2 2 1 1 58 52 57
83 2 2 1 1 59 54 53
84 2 2 1 1 59 53 58
85 2 2 1 1 60 61 62
86 2 2 1 1 60 62 63
87 2 2 1 1 31 30 61
88 2 2 1 1 31 61 60
89 2 2 1 1 64 60 63
90 2 2 1 1 64 63 65
91 2 2 1 1 36 31 60
92 2 2 1 1 36 60 64
93 2 2 1 1 66 64 65
94 2 2 1 1 66 65 67
95 2 2 1 1 41 36 64
96 2 2 1 1 41 64 66
97 2 2 1 1 68 66 67
98 2 2 1 1 68 67 69
99 2 2 1 1 46 41 66
100 2 2 1 1 46 66 68
101 2 2 1 1 70 68 69
102 2 2 1 1 70 69 71
103 2 2 1 1 51 46 68
104 2 2 1 1 51 68 70
105 2 2 1 1 72 57 55
106 2 2 1 1 72 55 73
107 2 2 1 1 74 58 57
108 2 2 1 1 74 57 72
109 2 2 1 1 75 59 58
110 2 2 1 1 75 58 74
111 2 2 1 1 76 72 73
112 2 2 1 1 76 73 77
113 2 2 1 1 78 74 72
114 2 2 1 1 78 72 76
115 2 2 1 1 79 75 74
116 2 2 1 1 79 74 78
117 2 2 1 1 80 76 77
118 2 2 1 1 80 77 81
119 2 2 1 1 82 78 76
120 2 2 1 1 82 76 80
121 2 2 1 1 83 79 78
122 2 2 1 1 83 78 82
123 2 2 1 1 84 80 81
124 2 2 1 1 84 81 85
125 2 2 1 1 86 82 80
126 2 2 1 1 86 80 84
127 2 2 1 1 87 83 82
128 2 2 1 1 87 82 86
129 2 2 1 1 88 84 85
130 2 2 1 1 88 85 89
131 2 2 1 1 90 86 84
132 2 2 1 1 90 84 88
133 2 2 1 1 91 87 86
134 2 2 1 1 91 86 90
135 2 2 1 1 92 88 89
136 2 2 1 1 92 89 93
137 2 2 1 1 94 90 88
138 2 2 1 1 94 88 92
139 2 2 1 1 95 91 90
140 2 2 1 1 95 90 94
141 2 2 1 1 96 97 98
142 2 2 1 1 96 98 99
143 2 2 1 1 100 96 99
144 2 2 1 1 100 99 101
145 2 2 1 1 102 100 101
146 2 2 1 1 102 101 103
147 2 2 1 1 104 105 97
148 2 2 1 1 104 97 96
149 2 2 1 1 106 104 96
150 2 2 1 1 106 96 100
151 2 2 1 1 107 106 100
152 2 2 1 1 107 100 102
153 2 2 1 1 108 109 105
154 2 2 1 1 108 105 104
155 2 2 1 1 110 108 104
156 2 2 1 1 110 104 106
157 2 2 1 1 111 110 106
158 2 2 1 1 111 106 107
159 2 2 1 1 112 113 109
160 2 2 1 1 112 109 108
161 2 2 1 1 114 112 108
162 2 2 1 1 114 108 110
163 2 2 1 1 115 114 110
164 2 2 1 1 115 110 111
165 2 2 1 1 116 117 113
166 2 2 1 1 116 113 112
167 2 2 1 1 118 116 112
168 2 2 1 1 118 112 114
169 2 2 1 1 119 118 114
170 2 2 1 1 119 114 115
171 2 2 1 1 92 93 117
172 2 2 1 1 92 117 116
173 2 2 1 1 94 92 116
174 2 2 1 1 94 116 118
175 2 2 1 1 95 94 118
176 2 2 1 1 95 118 119
177 2 2 1 1 120 121 122
178 2 2 1 1 120 122 123
179 2 2 1 1 124 120 123
180 2 2 1 1 124 123 125
181 2 2 1 1 126 124 125
182 2 2 1 1 126 125 127
183 2 2 1 1 128 126 127
184 2 2 1 1 128 127 129
185 2 2 1 1 130 131 121
186 2 2 1 1 130 121 120
187 2 2 1 1 132 130 120
188 2 2 1 1 132 120 124
189 2 2 1 1 133 132 124
190 2 2 1 1 133 124 126
191 2 2 1 1 134 133 126
192 2 2 1 1 134 126 128
193 2 2 1 1 135 136 131
194 2 2 1 1 135 131 130
195 2 2 1 1 137 135 130
196 2 2 1 1 137 130 132
197 2 2 1 1 138 137 132
198 2 2 1 1 138 132 133
199 2 2 1 1 139 138 133
200 2 2 1 1 139 133 134
201 2 2 1 1 140 141 136
202 2 2 1 1 140 136 135
203 2 2 1 1 142 140 135
204 2 2 1 1 142 135 137
205 2 2 1 1 143 142 137
206 2 2 1 1 143 137 138
207 2 2 1 1 144 143 138
208 2 2 1 1 144 138 139
209 2 2 1 1 145 146 141
210 2 2 1 1 145 141 140
211 2 2 1 1 147 145 140
212 2 2 1 1 147 140 142
213 2 2 1 1 148 147 142
214 2 2 1 1 148 142 143
215 2 2 1 1 149 148 143
216 2 2 1 1 149 143 144
217 2 2 1 1 98 150 146
218 2 2 1 1 98 146 145
219 2 2 1 1 99 98 145
220 2 2 1 1 99 145 147
221 2 2 1 1 101 99 147
222 2 2 1 1 101 147 148
223 2 2 1 1 103 101 148
224 2 2 1 1 103 148 149
225 2 2 1 1 151 125 123
226 2 2 1 1 151 123 152
227 2 2 1 1 153 127 125
228 2 2 1 1 153 125 151
229 2 2 1 1 154 129 127
230 2 2 1 1 154 127 153
231 2 2 1 1 155 151 152
232 2 2 1 1 155 152 156
233 2 2 1 1 157 153 151
234 2 2 1 1 157 151 155
235 2 2 1 1 158 154 153
236 2 2 1 1 158 153 157
237 2 2 1 1 159 155 156
238 2 2 1 1 159 156 160
239 2 2 1 1 161 157 155
240 2 2 1 1 161 155 159
241 2 2 1 1 162 158 157
242 2 2 1 1 162 157 161
243 2 2 1 1 163 159 160
244 2 2 1 1 163 160 164
245 2 2 1 1 165 161 159
246 2 2 1 1 165 159 163
247 2 2 1 1 166 162 161
248 2 2 1 1 166 161 165
249 2 2 1 1 167 163 164
250 2 2 1 1 167 164 168
251 2 2 1 1 169 165 163
252 2 2 1 1 169 163 167
253 2 2 1 1 170 166 165
254 2 2 1 1 170 165 169
255 2 2 1 1 25 167 168
256 2 2 1 1 25 168 26
257 2 2 1 1 27 169 167
258 2 2 1 1 27 167 25
259 2 2 1 1 28 170 169
260 2 2 1 1 28 169 27
261 2 2 1 1 171 172 173
262 2 2 1 1 171 173 174
263 2 2 1 1 121 171 174
264 2 2 1 1 121 174 122
265 2 2 1 1 175 176 172
266 2 2 1 1 175 172 171
267 2 2 1 1 131 175 171
268 2 2 1 1 131 171 121
269 2 2 1 1 177 178 176
270 2 2 1 1 177 176 175
271 2 2 1 1 136 177 175
272 2 2 1 1 136 175 131
273 2 2 1 1 179 180 178
274 2 2 1 1 179 178 177
275 2 2 1 1 141 179 177
276 2 2 1 1 141 177 136
277 2 2 1 1 181 182 180
278 2 2 1 1 181 180 179
279 2 2 1 1 146 181 179
280 2 2 1 1 146 179 141
281 2 2 1 1 183 184 185
282 2 2 1 1 183 185 186
283 2 2 1 1 187 183 186
284 2 2 1 1 187 186 188
285 2 2 1 1 189 187 188
286 2 2 1 1 189 188 190
287 2 2 1 1 191 189 190
288 2 2 1 1 191 190 192
289 2 2 1 1 193 194 184
290 2 2 1 1 193 184 183
291 2 2 1 1 195 193 183
292 2 2 1 1 195 183 187
293 2 2 1 1 196 195 187
294 2 2 1 1 196 187 189
295 2 2 1 1 197 196 189
296 2 2 1 1 197 189 191
297 2 2 1 1 198 199 194
298 2 2 1 1 198 194 193
299 2 2 1 1 200 198 193
300 2 2 1 1 200 193 195
301 2 2 1 1 201 200 195
302 2 2 1 1 201 195 196
303 2 2 1 1 202 201 196
304 2 2 1 1 202 196 197
305 2 2 1 1 203 204 199
306 2 2 1 1 203 199 198
307 2 2 1 1 205 203 198
308 2 2 1 1 205 198 200
309 2 2 1 1 206 205 200
310 2 2 1 1 206 200 201
311 2 2 1 1 207 206 201
312 2 2 1 1 207 201 202
313 2 2 1 1 208 209 204
314 2 2 1 1 208 204 203
315 2 2 1 1 210 208 203
316 2 2 1 1 210 203 205
317 2 2 1 1 211 210 205
318 2 2 1 1 211 205 206
319 2 2 1 1 212 211 206
320 2 2 1 1 212 206 207
321 2 2 1 1 213 214 209
322 2 2 1 1 213 209 208
323 2 2 1 1 215 213 208
324 2 2 1 1 215 208 210
325 2 2 1 1 216 215 210
326 2 2 1 1 216 210 211
327 2 2 1 1 217 216 211
328 2 2 1 1 217 211 212
329 2 2 1 1 218 219 173
330 2 2 1 1 218 173 172
331 2 2 1 1 220 185 219
332 2 2 1 1 220 219 218
333 2 2 1 1 221 218 172
334 2 2 1 1 221 172 176
335 2 2 1 1 222 220 218
336 2 2 1 1 222 218 221
337 2 2 1 1 223 221 176
338 2 2 1 1 223 176 178
339 2 2 1 1 224 222 221
340 2 2 1 1 224 221 223
341 2 2 1 1 225 223 178
342 2 2 1 1 225 178 180
343 2 2 1 1 226 224 223
344 2 2 1 1 226 223 225
345 2 2 1 1 227 225 180
346 2 2 1 1 227 180 182
347 2 2 1 1 228 226 225
348 2 2 1 1 228 225 227
349 2 2 1 1 229 227 182
350 2 2 1 1 229 182 230
351 2 2 1 1 231 228 227
352 2 2 1 1 231 227 229
353 2 2 1 1 232 186 185
354 2 2 1 1 232 185 220
355 2 2 1 1 233 188 186
356 2 2 1 1 233 186 232
357 2 2 1 1 234 190 188
358 2 2 1 1 234 188 233
359 2 2 1 1 235 192 190
360 2 2 1 1 235 190 234
361 2 2 1 1 236 232 220
362 2 2 1 1 236 220 222
363 2 2 1 1 237 233 232
364 2 2 1 1 237 232 236
365 2 2 1 1 238 234 233
366 2 2 1 1 238 233 237
367 2 2 1 1 239 235 234
368 2 2 1 1 239 234 238
369 2 2 1 1 240 236 222
370 2 2 1 1 240 222 224
371 2 2 1 1 241 237 236
372 2 2 1 1 241 236 240
373 2 2 1 1 242 238 237
374 2 2 1 1 242 237 241
375 2 2 1 1 243 239 238
376 2 2 1 1 243 238 242
377 2 2 1 1 244 240 224
378 2 2 1 1 244 224 226
379 2 2 1 1 245 241 240
380 2 2 1 1 245 240 244
381 2 2 1 1 246 242 241
382 2 2 1 1 246 241 245
383 2 2 1 1 247 243 242
384 2 2 1 1 247 242 246
385 2 2 1 1 248 244 226
386 2 2 1 1 248 226 228
387 2 2 1 1 249 245 244
388 2 2 1 1 249 244 248
389 2 2 1 1 250 246 245
390 2 2 1 1 250 245 249
391 2 2 1 1 251 247 246
392 2 2 1 1 251 246 250
393 2 2 1 1 252 248 228
394 2 2 1 1 252 228 231
395 2 2 1 1 253 249 248
396 2 2 1 1 253 248 252
397 2 2 1 1 254 250 249
398 2 2 1 1 254 249 253
399 2 2 1 1 255 251 250
400 2 2 1 1 255 250 254
401 2 2 1 1 256 252 231
402 2 2 1 1 256 231 257
403 2 2 1 1 258 253 252
404 2 2 1 1 258 252 256
405 2 2 1 1 259 254 253
406 2 2 1 1 259 253 258
407 2 2 1 1 260 255 254
408 2 2 1 1 260 254 259
409 2 2 1 1 261 256 257
410 2 2 1 1 261 257 262
411 2 2 1 1 263 258 256
412 2 2 1 1 263 256 261
413 2 2 1 1 264 259 258
414 2 2 1 1 264 258 263
415 2 2 1 1 265 260 259
416 2 2 1 1 265 259 264
417 2 2 1 1 266 261 262
418 2 2 1 1 266 262 267
419 2 2 1 1 268 263 261
420 2 2 1 1 268 261 266
421 2 2 1 1 269 264 263
422 2 2 1 1 269 263 268
423 2 2 1 1 270 265 264
424 2 2 1 1 270 264 269
425 2 2 1 1 271 266 267
426 2 2 1 1 271 267 272
427 2 2 1 1 273 268 266
428 2 2 1 1 273 266 271
429 2 2 1 1 274 269 268
430 2 2 1 1 274 268 273
431 2 2 1 1 275 270 269
432 2 2 1 1 275 269 274
433 2 2 1 1 276 271 272
434 2 2 1 1 276 272 277
435 2 2 1 1 278 273 271
436 2 2 1 1 278 271 276
437 2 2 1 1 279 274 273
438 2 2 1 1 279 273 278
439 2 2 1 1 280 275 274
440 2 2 1 1 280 274 279
441 2 2 1 1 281 276 277
442 2 2 1 1 281 277 282
443 2 2 1 1 283 278 276
444 2 2 1 1 283 276 281
445 2 2 1 1 284 279 278
446 2 2 1 1 284 278 283
447 2 2 1 1 285 280 279
448 2 2 1 1 285 279 284
449 2 2 1 1 229 230 286
450 2 2 1 1 229 286 286
451 2 2 1 1 231 286 287
452 2 2 1 1 231 287 287
453 2 2 1 1 286 231 229
454 2 2 1 1 286 229 229
455 2 2 1 1 97 288 150
456 2 2 1 1 97 150 98
457 2 2 1 1 105 289 288
458 2 2 1 1 105 288 97
459 2 2 1 1 109 290 289
460 2 2 1 1 109 289 105
461 2 2 1 1 113 291 290
462 2 2 1 1 113 290 109
463 2 2 1 1 117 292 291
464 2 2 1 1 117 291 113
465 2 2 1 1 93 293 292
466 2 2 1 1 93 292 117
467 2 2 1 1 93 89 294
468 2 2 1 1 93 294 293
469 2 2 1 1 89 85 295
470 2 2 1 1 89 295 294
471 2 2 1 1 85 81 296
472 2 2 1 1 85 296 295
473 2 2 1 1 81 77 297
474 2 2 1 1 81 297 296
475 2 2 1 1 77 73 298
476 2 2 1 1 77 298 297
477 2 2 1 1 73 55 56
478 2 2 1 1 73 56 298
479 2 2 1 1 299 300 301
480 2 2 1 1 299 301 301
481 2 2 1 1 302 56 299
482 2 2 1 1 302 299 299
483 2 2 1 1 302 299 301
484 2 2 1 1 302 301 301
485 2 2 1 1 173 219 303
486 2 2 1 1 173 303 303
487 2 2 1 1 185 304 303
488 2 2 1 1 185 303 219
489 2 2 1 1 62 61 305
490 2 2 1 1 62 305 305
491 2 2 1 1 30 306 61
492 2 2 1 1 30 61 61
493 2 2 1 1 61 306 305
494 2 2 1 1 61 305 305
495 2 2 1 1 2 307 30
496 2 2 1 1 2 30 3
497 2 2 1 1 10 308 307
498 2 2 1 1 10 307 2
499 2 2 1 1 14 309 308
500 2 2 1 1 14 308 10
501 2 2 1 1 18 310 309
502 2 2 1 1 18 309 14
503 2 2 1 1 22 311 310
504 2 2 1 1 22 310 18
505 2 2 1 1 26 312 311
506 2 2 1 1 26 311 22
507 2 2 1 1 26 168 313
508 2 2 1 1 26 313 312
509 2 2 1 1 168 164 314
510 2 2 1 1 168 314 313
511 2 2 1 1 164 160 315
512 2 2 1 1 164 315 314
513 2 2 1 1 160 156 316
514 2 2 1 1 160 316 315
515 2 2 1 1 156 152 317
516 2 2 1 1 156 317 316
517 2 2 1 1 152 123 122
518 2 2 1 1 152 122 317
519 2 2 1 1 318 122 174
520 2 2 1 1 318 174 174
521 2 2 1 1 71 299 70
522 2 2 1 1 71 70 70
523 2 2 1 1 299 71 300
524 2 2 1 1 299 300 300
525 2 2 1 1 70 56 51
526 2 2 1 1 70 51 51
527 2 2 1 1 56 70 299
528 2 2 1 1 56 299 299
529 2 2 1 1 319 320 321
530 2 2 1 1 319 321 321
531 2 2 1 1 321 322 319
532 2 2 1 1 321 319 319
533 2 2 1 1 319 322 312
534 2 2 1 1 319 312 312
535 2 2 1 1 323 324 312
536 2 2 1 1 323 312 312
537 2 2 1 1 323 325 324
538 2 2 1 1 323 324 324
539 2 2 1 1 324 325 326
540 2 2 1 1 324 326 326
541 2 2 1 1 327 328 293
542 2 2 1 1 327 293 293
543 2 2 1 1 328 329 330
544 2 2 1 1 328 330 330
545 2 2 1 1 327 329 328
546 2 2 1 1 327 328 328
547 2 2 1 1 331 332 333
548 2 2 1 1 331 333 333
549 2 2 1 1 333 334 331
550 2 2 1 1 333 331 331
551 2 2 1 1 331 334 293
552 2 2 1 1 331 293 293
553 2 2 1 1 335 336 337
554 2 2 1 1 335 337 337
555 2 2 1 1 337 282 338
556 2 2 1 1 337 338 338
557 2 2 1 1 337 338 335
558 2 2 1 1 337 335 335
559 2 2 1 1 339 340 341
560 2 2 1 1 339 341 341
561 2 2 1 1 340 339 342
562 2 2 1 1 340 342 342
563 2 2 1 1 340 342 214
564 2 2 1 1 340 214 214
565 2 2 1 1 343 344 345
566 2 2 1 1 343 345 346
567 2 2 1 1 347 348 349
568 2 2 1 1 347 349 350
569 2 2 1 1 350 349 351
570 2 2 1 1 350 351 352
571 2 2 1 1 352 351 353
572 2 2 1 1 352 353 354
573 2 2 1 1 354 353 355
574 2 2 1 1 354 355 356
575 2 2 1 1 356 355 357
576 2 2 1 1 356 357 358
577 2 2 1 1 358 357 359
578 2 2 1 1 358 359 360
579 2 2 1 1 348 361 362
580 2 2 1 1 348 362 349
581 2 2 1 1 349 362 363
582 2 2 1 1 349 363 351
583 2 2 1 1 351 363 364
584 2 2 1 1 351 364 353
585 2 2 1 1 353 364 365
586 2 2 1 1 353 365 355
587 2 2 1 1 355 365 366
588 2 2 1 1 355 366 357
589 2 2 1 1 357 366 367
590 2 2 1 1 357 367 359
591 2 2 1 1 361 368 369
592 2 2 1 1 361 369 362
593 2 2 1 1 362 369 370
594 2 2 1 1 362 370 363
595 2 2 1 1 363 370 371
596 2 2 1 1 363 371 364
597 2 2 1 1 364 371 372
598 2 2 1 1 364 372 365
599 2 2 1 1 365 372 373
600 2 2 1 1 365 373 366
601 2 2 1 1 366 373 374
602 2 2 1 1 366 374 367
603 2 2 1 1 375 376 377
604 2 2 1 1 375 377 368
605 2 2 1 1 368 377 378
606 2 2 1 1 368 378 369
607 2 2 1 1 369 378 379
608 2 2 1 1 369 379 370
609 2 2 1 1 370 379 380
610 2 2 1 1 370 380 371
611 2 2 1 1 371 380 381
612 2 2 1 1 371 381 372
613 2 2 1 1 372 381 382
614 2 2 1 1 372 382 373
615 2 2 1 1 373 382 383
616 2 2 1 1 373 383 374
617 2 2 1 1 376 384 385
618 2 2 1 1 376 385 377
619 2 2 1 1 377 385 386
620 2 2 1 1 377 386 378
621 2 2 1 1 378 386 387
622 2 2 1 1 378 387 379
623 2 2 1 1 379 387 388
624 2 2 1 1 379 388 380
625 2 2 1 1 380 388 389
626 2 2 1 1 380 389 381
627 2 2 1 1 381 389 390
628 2 2 1 1 381 390 382
629 2 2 1 1 382 390 391
630 2 2 1 1 382 391 383
631 2 2 1 1 392 393 394
632 2 2 1 1 392 394 395
633 2 2 1 1 393 396 397
634 2 2 1 1 393 397 394
635 2 2 1 1 396 398 399
636 2 2 1 1 396 399 397
637 2 2 1 1 398 400 401
638 2 2 1 1 398 401 399
639 2 2 1 1 400 402 403
640 2 2 1 1 400 403 401
641 2 2 1 1 402 404 405
642 2 2 1 1 402 405 403
643 2 2 1 1 404 406 407
644 2 2 1 1 404 407 405
645 2 2 1 1 395 394 408
646 2 2 1 1 395 408 409
647 2 2 1 1 394 397 410
648 2 2 1 1 394 410 408
649 2 2 1 1 397 399 411
650 2 2 1 1 397 411 410
651 2 2 1 1 399 401 412
652 2 2 1 1 399 412 411
653 2 2 1 1 401 403 413
654 2 2 1 1 401 413 412
655 2 2 1 1 403 405 414
656 2 2 1 1 403 414 413
657 2 2 1 1 405 407 415
658 2 2 1 1 405 415 414
659 2 2 1 1 409 408 416
660 2 2 1 1 409 416 417
661 2 2 1 1 408 410 418
662 2 2 1 1 408 418 416
663 2 2 1 1 410 411 419
664 2 2 1 1 410 419 418
665 2 2 1 1 411 412 420
666 2 2 1 1 411 420 419
667 2 2 1 1 412 413 421
668 2 2 1 1 412 421 420
669 2 2 1 1 413 414 422
670 2 2 1 1 413 422 421
671 2 2 1 1 414 415 423
672 2 2 1 1 414 423 422
673 2 2 1 1 417 416 424
674 2 2 1 1 417 424 425
675 2 2 1 1 416 418 426
676 2 2 1 1 416 426 424
677 2 2 1 1 418 419 427
678 2 2 1 1 418 427 426
679 2 2 1 1 419 420 428
680 2 2 1 1 419 428 427
681 2 2 1 1 420 421 429
682 2 2 1 1 420 429 428
683 2 2 1 1 421 422 430
684 2 2 1 1 421 430 429
685 2 2 1 1 422 423 431
686 2 2 1 1 422 431 430
687 2 2 1 1 425 424 385
688 2 2 1 1 425 385 384
689 2 2 1 1 424 426 386
690 2 2 1 1 424 386 385
691 2 2 1 1 426 427 387
692 2 2 1 1 426 387 386
693 2 2 1 1 427 428 388
694 2 2 1 1 427 388 387
695 2 2 1 1 428 429 389
696 2 2 1 1 428 389 388
697 2 2 1 1 429 430 390
698 2 2 1 1 429 390 389
699 2 2 1 1 430 431 391
700 2 2 1 1 430 391 390
701 2 2 1 1 392 432 433
702 2 2 1 1 392 433 393
703 2 2 1 1 393 433 434
704 2 2 1 1 393 434 396
705 2 2 1 1 396 434 435
706 2 2 1 1 396 435 398
707 2 2 1 1 398 435 436
708 2 2 1 1 398 436 400
709 2 2 1 1 400 436 437
710 2 2 1 1 400 437 402
711 2 2 1 1 402 437 438
712 2 2 1 1 402 438 404
713 2 2 1 1 404 438 439
714 2 2 1 1 404 439 406
715 2 2 1 1 432 440 441
716 2 2 1 1 432 441 433
717 2 2 1 1 433 441 442
718 2 2 1 1 433 442 434
719 2 2 1 1 434 442 443
720 2 2 1 1 434 443 435
721 2 2 1 1 435 443 444
722 2 2 1 1 435 444 436
723 2 2 1 1 436 444 445
724 2 2 1 1 436 445 437
725 2 2 1 1 437 445 446
726 2 2 1 1 437 446 438
727 2 2 1 1 438 446 447
728 2 2 1 1 438 447 439
729 2 2 1 1 440 448 449
730 2 2 1 1 440 449 441
731 2 2 1 1 441 449 450
732 2 2 1 1 441 450 442
733 2 2 1 1 442 450 451
734 2 2 1 1 442 451 443
735 2 2 1 1 443 451 452
736 2 2 1 1 443 452 444
737 2 2 1 1 444 452 453
738 2 2 1 1 444 453 445
739 2 2 1 1 445 453 454
740 2 2 1 1 445 454 446
741 2 2 1 1 446 454 455
742 2 2 1 1 446 455 447
743 2 2 1 1 449 456 457
744 2 2 1 1 449 457 450
745 2 2 1 1 450 457 458
746 2 2 1 1 450 458 451
747 2 2 1 1 451 458 459
748 2 2 1 1 451 459 452
749 2 2 1 1 452 459 460
750 2 2 1 1 452 460 453
751 2 2 1 1 453 460 461
752 2 2 1 1 453 461 454
753 2 2 1 1 454 461 462
754 2 2 1 1 454 462 455
755 2 2 1 1 463 464 465
756 2 2 1 1 463 465 456
757 2 2 1 1 456 465 466
758 2 2 1 1 456 466 457
759 2 2 1 1 457 466 467
760 2 2 1 1 457 467 458
761 2 2 1 1 458 467 468
762 2 2 1 1 458 468 459
763 2 2 1 1 459 468 469
764 2 2 1 1 459 469 460
765 2 2 1 1 460 469 470
766 2 2 1 1 460 470 461
767 2 2 1 1 461 470 471
768 2 2 1 1 461 471 462
769 2 2 1 1 472 473 474
770 2 2 1 1 472 474 474
771 2 2 1 1 474 475 476
772 2 2 1 1 474 476 472
773 2 2 1 1 475 477 478
774 2 2 1 1 475 478 476
775 2 2 1 1 477 479 480
776 2 2 1 1 477 480 478
777 2 2 1 1 481 473 472
778 2 2 1 1 481 472 472
779 2 2 1 1 472 476 482
780 2 2 1 1 472 482 481
781 2 2 1 1 476 478 483
782 2 2 1 1 476 483 482
783 2 2 1 1 478 480 484
784 2 2 1 1 478 484 483
785 2 2 1 1 485 473 481
786 2 2 1 1 485 481 481
787 2 2 1 1 481 482 486
788 2 2 1 1 481 486 485
789 2 2 1 1 482 483 487
790 2 2 1 1 482 487 486
791 2 2 1 1 483 484 488
792 2 2 1 1 483 488 487
793 2 2 1 1 489 473 485
794 2 2 1 1 489 485 485
795 2 2 1 1 485 486 490
796 2 2 1 1 485 490 489
797 2 2 1 1 486 487 491
798 2 2 1 1 486 491 490
799 2 2 1 1 487 488 492
800 2 2 1 1 487 492 491
801 2 2 1 1 493 473 489
802 2 2 1 1 493 489 489
803 2 2 1 1 489 490 494
804 2 2 1 1 489 494 493
805 2 2 1 1 490 491 495
806 2 2 1 1 490 495 494
807 2 2 1 1 491 492 345
808 2 2 1 1 491 345 495
809 2 2 1 1 496 473 497
810 2 2 1 1 496 497 497
811 2 2 1 1 496 497 498
812 2 2 1 1 496 498 499
813 2 2 1 1 499 498 500
814 2 2 1 1 499 500 501
815 2 2 1 1 501 500 502
816 2 2 1 1 501 502 503
817 2 2 1 1 497 473 504
818 2 2 1 1 497 504 504
819 2 2 1 1 497 504 505
820 2 2 1 1 497 505 498
821 2 2 1 1 498 505 506
822 2 2 1 1 498 506 500
823 2 2 1 1 500 506 507
824 2 2 1 1 500 507 502
825 2 2 1 1 504 473 508
826 2 2 1 1 504 508 508
827 2 2 1 1 504 508 509
828 2 2 1 1 504 509 505
829 2 2 1 1 505 509 510
830 2 2 1 1 505 510 506
831 2 2 1 1 506 510 511
832 2 2 1 1 506 511 507
833 2 2 1 1 508 473 512
834 2 2 1 1 508 512 512
835 2 2 1 1 508 512 513
836 2 2 1 1 508 513 509
837 2 2 1 1 509 513 514
838 2 2 1 1 509 514 510
839 2 2 1 1 510 514 344
840 2 2 1 1 510 344 511
841 2 2 1 1 512 473 493
842 2 2 1 1 512 493 493
843 2 2 1 1 512 493 494
844 2 2 1 1 512 494 513
845 2 2 1 1 513 494 495
846 2 2 1 1 513 495 514
847 2 2 1 1 514 495 345
848 2 2 1 1 514 345 344
849 2 2 1 1 515 473 496
850 2 2 1 1 515 496 496
851 2 2 1 1 496 499 516
852 2 2 1 1 496 516 515
853 2 2 1 1 499 501 517
854 2 2 1 1 499 517 516
855 2 2 1 1 501 503 518
856 2 2 1 1 501 518 517
857 2 2 1 1 519 473 515
858 2 2 1 1 519 515 515
859 2 2 1 1 515 516 520
860 2 2 1 1 515 520 519
861 2 2 1 1 516 517 521
862 2 2 1 1 516 521 520
863 2 2 1 1 517 518 522
864 2 2 1 1 517 522 521
865 2 2 1 1 523 473 519
866 2 2 1 1 523 519 519
867 2 2 1 1 519 520 524
868 2 2 1 1 519 524 523
869 2 2 1 1 520 521 525
870 2 2 1 1 520 525 524
871 2 2 1 1 521 522 526
872 2 2 1 1 521 526 525
873 2 2 1 1 527 473 523
874 2 2 1 1 527 523 523
875 2 2 1 1 523 524 528
876 2 2 1 1 523 528 527
877 2 2 1 1 524 525 529
878 2 2 1 1 524 529 528
879 2 2 1 1 525 526 530
880 2 2 1 1 525 530 529
881 2 2 1 1 531 473 527
882 2 2 1 1 531 527 527
883 2 2 1 1 527 528 532
884 2 2 1 1 527 532 531
885 2 2 1 1 528 529 533
886 2 2 1 1 528 533 532
887 2 2 1 1 529 530 534
888 2 2 1 1 529 534 533
889 2 2 1 1 535 536 537
890 2 2 1 1 535 537 538
891 2 2 1 1 462 471 536
892 2 2 1 1 462 536 535
893 2 2 1 1 539 535 538
894 2 2 1 1 539 538 540
895 2 2 1 1 455 462 535
896 2 2 1 1 455 535 539
897 2 2 1 1 541 539 540
898 2 2 1 1 541 540 542
899 2 2 1 1 447 455 539
900 2 2 1 1 447 539 541
901 2 2 1 1 543 541 542
902 2 2 1 1 543 542 544
903 2 2 1 1 439 447 541
904 2 2 1 1 439 541 543
905 2 2 1 1 545 543 544
906 2 2 1 1 545 544 546
907 2 2 1 1 406 439 543
908 2 2 1 1 406 543 545
909 2 2 1 1 547 548 549
910 2 2 1 1 547 549 550
911 2 2 1 1 431 547 550
912 2 2 1 1 431 550 391
913 2 2 1 1 551 552 548
914 2 2 1 1 551 548 547
915 2 2 1 1 423 551 547
916 2 2 1 1 423 547 431
917 2 2 1 1 553 554 552
918 2 2 1 1 553 552 551
919 2 2 1 1 415 553 551
920 2 2 1 1 415 551 423
921 2 2 1 1 555 556 554
922 2 2 1 1 555 554 553
923 2 2 1 1 407 555 553
924 2 2 1 1 407 553 415
925 2 2 1 1 545 546 556
926 2 2 1 1 545 556 555
927 2 2 1 1 406 545 555
928 2 2 1 1 406 555 407
929 2 2 1 1 557 550 549
930 2 2 1 1 557 549 558
931 2 2 1 1 383 391 550
932 2 2 1 1 383 550 557
933 2 2 1 1 559 557 558
934 2 2 1 1 559 558 560
935 2 2 1 1 374 383 557
936 2 2 1 1 374 557 559
937 2 2 1 1 561 559 560
938 2 2 1 1 561 560 562
939 2 2 1 1 367 374 559
940 2 2 1 1 367 559 561
941 2 2 1 1 563 561 562
942 2 2 1 1 563 562 564
943 2 2 1 1 359 367 561
944 2 2 1 1 359 561 563
945 2 2 1 1 565 563 564
946 2 2 1 1 565 564 566
947 2 2 1 1 360 359 563
948 2 2 1 1 360 563 565
949 2 2 1 1 566 564 567
950 2 2 1 1 566 567 568
951 2 2 1 1 564 562 569
952 2 2 1 1 564 569 567
953 2 2 1 1 562 560 570
954 2 2 1 1 562 570 569
955 2 2 1 1 560 558 571
956 2 2 1 1 560 571 570
957 2 2 1 1 558 549 346
958 2 2 1 1 558 346 571
959 2 2 1 1 546 572 573
960 2 2 1 1 546 573 556
961 2 2 1 1 556 573 574
962 2 2 1 1 556 574 554
963 2 2 1 1 554 574 575
964 2 2 1 1 554 575 552
965 2 2 1 1 552 575 343
966 2 2 1 1 552 343 548
967 2 2 1 1 548 343 346
968 2 2 1 1 548 346 549
969 2 2 1 1 546 544 576
970 2 2 1 1 546 576 572
971 2 2 1 1 544 542 577
972 2 2 1 1 544 577 576
973 2 2 1 1 542 540 578
974 2 2 1 1 542 578 577
975 2 2 1 1 540 538 579
976 2 2 1 1 540 579 578
977 2 2 1 1 538 537 580
978 2 2 1 1 538 580 579
979 2 2 1 1 568 567 480
980 2 2 1 1 568 480 479
981 2 2 1 1 567 569 484
982 2 2 1 1 567 484 480
983 2 2 1 1 569 570 488
984 2 2 1 1 569 488 484
985 2 2 1 1 570 571 492
986 2 2 1 1 570 492 488
987 2 2 1 1 575 511 344
988 2 2 1 1 575 344 343
989 2 2 1 1 571 346 345
990 2 2 1 1 571 345 492
991 2 2 1 1 574 507 511
992 2 2 1 1 574 511 575
993 2 2 1 1 573 502 507
994 2 2 1 1 573 507 574
995 2 2 1 1 572 503 502
996 2 2 1 1 572 502 573
997 2 2 1 1 572 576 518
998 2 2 1 1 572 518 503
999 2 2 1 1 576 577 522
1000 2 2 1 1 576 522 518
1001 2 2 1 1 577 578 526
1002 2 2 1 1 577 526 522
1003 2 2 1 1 578 579 530
1004 2 2 1 1 578 530 526
1005 2 2 1 1 579 580 534
1006 2 2 1 1 579 534 530
1007 2 2 1 1 448 463 456
1008 2 2 1 1 448 456 449
1009 2 2 1 1 581 62 582
1010 2 2 1 1 581 582 582
1011 2 2 1 1 583 584 581
1012 2 2 1 1 583 581 582
1013 2 2 1 1 585 586 584
1014 2 2 1 1 585 584 583
1015 2 2 1 1 587 588 586
1016 2 2 1 1 587 586 585
1017 2 2 1 1 589 320 588
1018 2 2 1 1 589 588 587
1019 2 2 1 1 590 173 591
1020 2 2 1 1 590 591 591
1021 2 2 1 1 592 590 591
1022 2 2 1 1 592 591 593
1023 2 2 1 1 594 592 593
1024 2 2 1 1 594 593 595
1025 2 2 1 1 596 594 595
1026 2 2 1 1 596 595 597
1027 2 2 1 1 591 173 598
1028 2 2 1 1 591 598 598
1029 2 2 1 1 598 173 304
1030 2 2 1 1 598 304 304
1031 2 2 1 1 599 600 591
1032 2 2 1 1 599 591 598
1033 2 2 1 1 601 599 598
1034 2 2 1 1 601 598 304
1035 2 2 1 1 602 603 600
1036 2 2 1 1 602 600 599
1037 2 2 1 1 604 602 599
1038 2 2 1 1 604 599 601
1039 2 2 1 1 605 606 603
1040 2 2 1 1 605 603 602
1041 2 2 1 1 607 605 602
1042 2 2 1 1 607 602 604
1043 2 2 1 1 608 609 610
1044 2 2 1 1 608 610 610
1045 2 2 1 1 611 608 610
1046 2 2 1 1 611 610 612
1047 2 2 1 1 613 611 612
1048 2 2 1 1 613 612 614
1049 2 2 1 1 584 613 614
1050 2 2 1 1 584 614 581
1051 2 2 1 1 615 609 608
1052 2 2 1 1 615 608 608
1053 2 2 1 1 616 615 608
1054 2 2 1 1 616 608 611
1055 2 2 1 1 617 616 611
1056 2 2 1 1 617 611 613
1057 2 2 1 1 586 617 613
1058 2 2 1 1 586 613 584
1059 2 2 1 1 618 609 615
1060 2 2 1 1 618 615 615
1061 2 2 1 1 619 618 615
1062 2 2 1 1 619 615 616
1063 2 2 1 1 620 619 616
1064 2 2 1 1 620 616 617
1065 2 2 1 1 588 620 617
1066 2 2 1 1 588 617 586
1067 2 2 1 1 621 609 618
1068 2 2 1 1 621 618 618
1069 2 2 1 1 622 621 618
1070 2 2 1 1 622 618 619
1071 2 2 1 1 623 622 619
1072 2 2 1 1 623 619 620
1073 2 2 1 1 320 623 620
1074 2 2 1 1 320 620 588
1075 2 2 1 1 624 609 621
1076 2 2 1 1 624 621 621
1077 2 2 1 1 625 624 621
1078 2 2 1 1 625 621 622
1079 2 2 1 1 626 625 622
1080 2 2 1 1 626 622 623
1081 2 2 1 1 312 626 623
1082 2 2 1 1 312 623 320
1083 2 2 1 1 627 609 624
1084 2 2 1 1 627 624 624
1085 2 2 1 1 628 627 624
1086 2 2 1 1 628 624 625
1087 2 2 1 1 629 628 625
1088 2 2 1 1 629 625 626
1089 2 2 1 1 326 629 626
1090 2 2 1 1 326 626 312
1091 2 2 1 1 630 609 627
1092 2 2 1 1 630 627 627
1093 2 2 1 1 631 630 627
1094 2 2 1 1 631 627 628
1095 2 2 1 1 632 631 628
1096 2 2 1 1 632 628 629
1097 2 2 1 1 597 632 629
1098 2 2 1 1 597 629 326
1099 2 2 1 1 633 609 630
1100 2 2 1 1 633 630 630
1101 2 2 1 1 634 633 630
1102 2 2 1 1 634 630 631
1103 2 2 1 1 635 634 631
1104 2 2 1 1 635 631 632
1105 2 2 1 1 595 635 632
1106 2 2 1 1 595 632 597
1107 2 2 1 1 636 609 633
1108 2 2 1 1 636 633 633
1109 2 2 1 1 637 636 633
1110 2 2 1 1 637 633 634
1111 2 2 1 1 638 637 634
1112 2 2 1 1 638 634 635
1113 2 2 1 1 593 638 635
1114 2 2 1 1 593 635 595
1115 2 2 1 1 639 609 636
1116 2 2 1 1 639 636 636
1117 2 2 1 1 640 639 636
1118 2 2 1 1 640 636 637
1119 2 2 1 1 641 640 637
1120 2 2 1 1 641 637 638
1121 2 2 1 1 591 641 638
1122 2 2 1 1 591 638 593
1123 2 2 1 1 642 609 639
1124 2 2 1 1 642 639 639
1125 2 2 1 1 643 642 639
1126 2 2 1 1 643 639 640
1127 2 2 1 1 644 643 640
1128 2 2 1 1 644 640 641
1129 2 2 1 1 600 644 641
1130 2 2 1 1 600 641 591
1131 2 2 1 1 645 609 642
1132 2 2 1 1 645 642 642
1133 2 2 1 1 646 645 642
1134 2 2 1 1 646 642 643
1135 2 2 1 1 647 646 643
1136 2 2 1 1 647 643 644
1137 2 2 1 1 603 647 644
1138 2 2 1 1 603 644 600
1139 2 2 1 1 648 609 645
1140 2 2 1 1 648 645 645
1141 2 2 1 1 649 648 645
1142 2 2 1 1 649 645 646
1143 2 2 1 1 650 649 646
1144 2 2 1 1 650 646 647
1145 2 2 1 1 606 650 647
1146 2 2 1 1 606 647 603
1147 2 2 1 1 651 609 648
1148 2 2 1 1 651 648 648
1149 2 2 1 1 652 651 648
1150 2 2 1 1 652 648 649
1151 2 2 1 1 653 652 649
1152 2 2 1 1 653 649 650
1153 2 2 1 1 341 653 650
1154 2 2 1 1 341 650 606
1155 2 2 1 1 654 609 651
1156 2 2 1 1 654 651 651
1157 2 2 1 1 655 654 651
1158 2 2 1 1 655 651 652
1159 2 2 1 1 656 655 652
1160 2 2 1 1 656 652 653
1161 2 2 1 1 214 656 653
1162 2 2 1 1 214 653 341
1163 2 2 1 1 582 62 306
1164 2 2 1 1 582 306 306
1165 2 2 1 1 657 583 582
1166 2 2 1 1 657 582 306
1167 2 2 1 1 658 585 583
1168 2 2 1 1 658 583 657
1169 2 2 1 1 659 587 585
1170 2 2 1 1 659 585 658
1171 2 2 1 1 321 589 587
1172 2 2 1 1 321 587 659
1173 2 2 1 1 660 661 594
1174 2 2 1 1 660 594 596
1175 2 2 1 1 661 662 592
1176 2 2 1 1 661 592 594
1177 2 2 1 1 662 318 590
1178 2 2 1 1 662 590 592
1179 2 2 1 1 318 173 590
1180 2 2 1 1 318 590 590
1181 2 2 1 1 325 660 596
1182 2 2 1 1 325 596 663
1183 2 2 1 1 663 596 597
1184 2 2 1 1 663 597 326
1185 2 2 1 1 664 300 665
1186 2 2 1 1 664 665 665
1187 2 2 1 1 666 664 665
1188 2 2 1 1 666 665 667
1189 2 2 1 1 668 666 667
1190 2 2 1 1 668 667 669
1191 2 2 1 1 670 668 669
1192 2 2 1 1 670 669 671
1193 2 2 1 1 672 670 671
1194 2 2 1 1 672 671 330
1195 2 2 1 1 673 230 674
1196 2 2 1 1 673 674 674
1197 2 2 1 1 675 676 673
1198 2 2 1 1 675 673 674
1199 2 2 1 1 677 678 676
1200 2 2 1 1 677 676 675
1201 2 2 1 1 679 680 678
1202 2 2 1 1 679 678 677
1203 2 2 1 1 681 230 673
1204 2 2 1 1 681 673 673
1205 2 2 1 1 287 230 681
1206 2 2 1 1 287 681 681
1207 2 2 1 1 682 681 673
1208 2 2 1 1 682 673 683
1209 2 2 1 1 684 287 681
1210 2 2 1 1 684 681 682
1211 2 2 1 1 685 682 683
1212 2 2 1 1 685 683 686
1213 2 2 1 1 687 684 682
1214 2 2 1 1 687 682 685
1215 2 2 1 1 688 685 686
1216 2 2 1 1 688 686 689
1217 2 2 1 1 690 687 685
1218 2 2 1 1 690 685 688
1219 2 2 1 1 691 692 693
1220 2 2 1 1 691 693 694
1221 2 2 1 1 695 696 692
1222 2 2 1 1 695 692 691
1223 2 2 1 1 697 698 696
1224 2 2 1 1 697 696 695
1225 2 2 1 1 699 700 698
1226 2 2 1 1 699 698 697
1227 2 2 1 1 701 702 700
1228 2 2 1 1 701 700 699
1229 2 2 1 1 703 704 702
1230 2 2 1 1 703 702 701
1231 2 2 1 1 705 706 704
1232 2 2 1 1 705 704 703
1233 2 2 1 1 707 708 706
1234 2 2 1 1 707 706 705
1235 2 2 1 1 667 665 708
1236 2 2 1 1 667 708 707
1237 2 2 1 1 709 695 691
1238 2 2 1 1 709 691 710
1239 2 2 1 1 711 697 695
1240 2 2 1 1 711 695 709
1241 2 2 1 1 712 699 697
1242 2 2 1 1 712 697 711
1243 2 2 1 1 713 701 699
1244 2 2 1 1 713 699 712
1245 2 2 1 1 714 703 701
1246 2 2 1 1 714 701 713
1247 2 2 1 1 715 705 703
1248 2 2 1 1 715 703 714
1249 2 2 1 1 716 707 705
1250 2 2 1 1 716 705 715
1251 2 2 1 1 669 667 707
1252 2 2 1 1 669 707 716
1253 2 2 1 1 717 709 710
1254 2 2 1 1 717 710 718
1255 2 2 1 1 719 711 709
1256 2 2 1 1 719 709 717
1257 2 2 1 1 720 712 711
1258 2 2 1 1 720 711 719
1259 2 2 1 1 721 713 712
1260 2 2 1 1 721 712 720
1261 2 2 1 1 722 714 713
1262 2 2 1 1 722 713 721
1263 2 2 1 1 723 715 714
1264 2 2 1 1 723 714 722
1265 2 2 1 1 724 716 715
1266 2 2 1 1 724 715 723
1267 2 2 1 1 671 669 716
1268 2 2 1 1 671 716 724
1269 2 2 1 1 725 719 717
1270 2 2 1 1 725 717 726
1271 2 2 1 1 727 720 719
1272 2 2 1 1 727 719 725
1273 2 2 1 1 728 721 720
1274 2 2 1 1 728 720 727
1275 2 2 1 1 729 722 721
1276 2 2 1 1 729 721 728
1277 2 2 1 1 730 723 722
1278 2 2 1 1 730 722 729
1279 2 2 1 1 731 724 723
1280 2 2 1 1 731 723 730
1281 2 2 1 1 330 671 724
1282 2 2 1 1 330 724 731
1283 2 2 1 1 732 726 733
1284 2 2 1 1 732 733 734
1285 2 2 1 1 735 725 726
1286 2 2 1 1 735 726 732
1287 2 2 1 1 736 727 725
1288 2 2 1 1 736 725 735
1289 2 2 1 1 737 728 727
1290 2 2 1 1 737 727 736
1291 2 2 1 1 738 729 728
1292 2 2 1 1 738 728 737
1293 2 2 1 1 739 730 729
1294 2 2 1 1 739 729 738
1295 2 2 1 1 740 731 730
1296 2 2 1 1 740 730 739
1297 2 2 1 1 293 330 731
1298 2 2 1 1 293 731 740
1299 2 2 1 1 741 742 743
1300 2 2 1 1 741 743 744
1301 2 2 1 1 745 741 744
1302 2 2 1 1 745 744 746
1303 2 2 1 1 747 745 746
1304 2 2 1 1 747 746 748
1305 2 2 1 1 749 747 748
1306 2 2 1 1 749 748 750
1307 2 2 1 1 751 749 750
1308 2 2 1 1 751 750 752
1309 2 2 1 1 753 751 752
1310 2 2 1 1 753 752 754
1311 2 2 1 1 755 753 754
1312 2 2 1 1 755 754 756
1313 2 2 1 1 676 755 756
1314 2 2 1 1 676 756 673
1315 2 2 1 1 757 758 742
1316 2 2 1 1 757 742 741
1317 2 2 1 1 759 757 741
1318 2 2 1 1 759 741 745
1319 2 2 1 1 760 759 745
1320 2 2 1 1 760 745 747
1321 2 2 1 1 761 760 747
1322 2 2 1 1 761 747 749
1323 2 2 1 1 762 761 749
1324 2 2 1 1 762 749 751
1325 2 2 1 1 763 762 751
1326 2 2 1 1 763 751 753
1327 2 2 1 1 764 763 753
1328 2 2 1 1 764 753 755
1329 2 2 1 1 678 764 755
1330 2 2 1 1 678 755 676
1331 2 2 1 1 765 766 758
1332 2 2 1 1 765 758 757
1333 2 2 1 1 767 765 757
1334 2 2 1 1 767 757 759
1335 2 2 1 1 768 767 759
1336 2 2 1 1 768 759 760
1337 2 2 1 1 769 768 760
1338 2 2 1 1 769 760 761
1339 2 2 1 1 770 769 761
1340 2 2 1 1 770 761 762
1341 2 2 1 1 771 770 762
1342 2 2 1 1 771 762 763
1343 2 2 1 1 772 771 763
1344 2 2 1 1 772 763 764
1345 2 2 1 1 680 772 764
1346 2 2 1 1 680 764 678
1347 2 2 1 1 773 774 766
1348 2 2 1 1 773 766 765
1349 2 2 1 1 775 773 765
1350 2 2 1 1 775 765 767
1351 2 2 1 1 776 775 767
1352 2 2 1 1 776 767 768
1353 2 2 1 1 777 776 768
1354 2 2 1 1 777 768 769
1355 2 2 1 1 778 777 769
1356 2 2 1 1 778 769 770
1357 2 2 1 1 779 778 770
1358 2 2 1 1 779 770 771
1359 2 2 1 1 780 779 771
1360 2 2 1 1 780 771 772
1361 2 2 1 1 332 780 772
1362 2 2 1 1 332 772 680
1363 2 2 1 1 732 734 774
1364 2 2 1 1 732 774 773
1365 2 2 1 1 735 732 773
1366 2 2 1 1 735 773 775
1367 2 2 1 1 736 735 775
1368 2 2 1 1 736 775 776
1369 2 2 1 1 737 736 776
1370 2 2 1 1 737 776 777
1371 2 2 1 1 738 737 777
1372 2 2 1 1 738 777 778
1373 2 2 1 1 739 738 778
1374 2 2 1 1 739 778 779
1375 2 2 1 1 740 739 779
1376 2 2 1 1 740 779 780
1377 2 2 1 1 293 740 780
1378 2 2 1 1 293 780 332
1379 2 2 1 1 781 746 744
1380 2 2 1 1 781 744 782
1381 2 2 1 1 783 748 746
1382 2 2 1 1 783 746 781
1383 2 2 1 1 784 750 748
1384 2 2 1 1 784 748 783
1385 2 2 1 1 785 752 750
1386 2 2 1 1 785 750 784
1387 2 2 1 1 786 754 752
1388 2 2 1 1 786 752 785
1389 2 2 1 1 787 756 754
1390 2 2 1 1 787 754 786
1391 2 2 1 1 683 673 756
1392 2 2 1 1 683 756 787
1393 2 2 1 1 788 781 782
1394 2 2 1 1 788 782 789
1395 2 2 1 1 790 783 781
1396 2 2 1 1 790 781 788
1397 2 2 1 1 791 784 783
1398 2 2 1 1 791 783 790
1399 2 2 1 1 792 785 784
1400 2 2 1 1 792 784 791
1401 2 2 1 1 793 786 785
1402 2 2 1 1 793 785 792
1403 2 2 1 1 794 787 786
1404 2 2 1 1 794 786 793
1405 2 2 1 1 686 683 787
1406 2 2 1 1 686 787 794
1407 2 2 1 1 795 789 796
1408 2 2 1 1 795 796 797
1409 2 2 1 1 798 788 789
1410 2 2 1 1 798 789 795
1411 2 2 1 1 799 790 788
1412 2 2 1 1 799 788 798
1413 2 2 1 1 800 791 790
1414 2 2 1 1 800 790 799
1415 2 2 1 1 801 792 791
1416 2 2 1 1 801 791 800
1417 2 2 1 1 802 793 792
1418 2 2 1 1 802 792 801
1419 2 2 1 1 803 794 793
1420 2 2 1 1 803 793 802
1421 2 2 1 1 689 686 794
1422 2 2 1 1 689 794 803
1423 2 2 1 1 804 795 797
1424 2 2 1 1 804 797 805
1425 2 2 1 1 806 798 795
1426 2 2 1 1 806 795 804
1427 2 2 1 1 807 799 798
1428 2 2 1 1 807 798 806
1429 2 2 1 1 808 800 799
1430 2 2 1 1 808 799 807
1431 2 2 1 1 809 801 800
1432 2 2 1 1 809 800 808
1433 2 2 1 1 810 802 801
1434 2 2 1 1 810 801 809
1435 2 2 1 1 811 803 802
1436 2 2 1 1 811 802 810
1437 2 2 1 1 336 689 803
1438 2 2 1 1 336 803 811
1439 2 2 1 1 812 804 805
1440 2 2 1 1 812 805 813
1441 2 2 1 1 814 806 804
1442 2 2 1 1 814 804 812
1443 2 2 1 1 815 807 806
1444 2 2 1 1 815 806 814
1445 2 2 1 1 816 808 807
1446 2 2 1 1 816 807 815
1447 2 2 1 1 817 809 808
1448 2 2 1 1 817 808 816
1449 2 2 1 1 818 810 809
1450 2 2 1 1 818 809 817
1451 2 2 1 1 819 811 810
1452 2 2 1 1 819 810 818
1453 2 2 1 1 282 336 811
1454 2 2 1 1 282 811 819
1455 2 2 1 1 674 230 820
1456 2 2 1 1 674 820 820
1457 2 2 1 1 821 675 674
1458 2 2 1 1 821 674 820
1459 2 2 1 1 333 822 679
1460 2 2 1 1 333 679 823
1461 2 2 1 1 822 332 680
1462 2 2 1 1 822 680 679
1463 2 2 1 1 823 679 677
1464 2 2 1 1 823 677 824
1465 2 2 1 1 824 677 675
1466 2 2 1 1 824 675 821
1467 2 2 1 1 329 825 670
1468 2 2 1 1 329 670 672
1469 2 2 1 1 825 826 668
1470 2 2 1 1 825 668 670
1471 2 2 1 1 826 827 666
1472 2 2 1 1 826 666 668
1473 2 2 1 1 827 302 664
1474 2 2 1 1 827 664 666
1475 2 2 1 1 302 300 664
1476 2 2 1 1 302 664 664
1477 2 2 1 1 726 717 718
1478 2 2 1 1 726 718 733
1479 2 2 1 1 828 829 830
1480 2 2 1 1 828 830 831
1481 2 2 1 1 832 828 831
1482 2 2 1 1 832 831 833
1483 2 2 1 1 834 832 833
1484 2 2 1 1 834 833 835
1485 2 2 1 1 836 837 838
1486 2 2 1 1 836 838 839
1487 2 2 1 1 840 841 837
1488 2 2 1 1 840 837 836
1489 2 2 1 1 842 843 844
1490 2 2 1 1 842 844 845
1491 2 2 1 1 846 839 838
1492 2 2 1 1 846 838 847
1493 2 2 1 1 848 846 847
1494 2 2 1 1 848 847 849
1495 2 2 1 1 850 848 849
1496 2 2 1 1 850 849 851
1497 2 2 1 1 852 851 853
1498 2 2 1 1 852 853 854
1499 2 2 1 1 855 850 851
1500 2 2 1 1 855 851 852
1501 2 2 1 1 856 855 852
1502 2 2 1 1 856 852 857
1503 2 2 1 1 858 688 689
1504 2 2 1 1 858 689 336
1505 2 2 1 1 335 690 688
1506 2 2 1 1 335 688 858
1507 2 2 1 1 150 820 859
1508 2 2 1 1 150 859 859
1509 2 2 1 1 859 860 150
1510 2 2 1 1 859 150 150
1511 2 2 1 1 859 230 860
1512 2 2 1 1 859 860 860
1513 2 2 1 1 150 860 181
1514 2 2 1 1 150 181 146
1515 2 2 1 1 860 230 182
1516 2 2 1 1 860 182 181
1517 2 2 1 1 173 861 174
1518 2 2 1 1 173 174 174
1519 2 2 1 1 174 861 318
1520 2 2 1 1 174 318 318
1521 2 2 1 1 339 862 605
1522 2 2 1 1 339 605 607
1523 2 2 1 1 862 341 606
1524 2 2 1 1 862 606 605
1525 2 2 1 1 829 694 863
1526 2 2 1 1 829 863 830
1527 2 2 1 1 694 693 864
1528 2 2 1 1 694 864 863
1529 2 2 1 1 863 864 865
1530 2 2 1 1 863 865 463
1531 2 2 1 1 830 863 463
1532 2 2 1 1 830 463 448
1533 2 2 1 1 831 830 448
1534 2 2 1 1 831 448 866
1535 2 2 1 1 833 831 866
1536 2 2 1 1 833 866 432
1537 2 2 1 1 835 833 432
1538 2 2 1 1 835 432 392
1539 2 2 1 1 835 392 395
1540 2 2 1 1 835 395 843
1541 2 2 1 1 843 395 409
1542 2 2 1 1 843 409 844
1543 2 2 1 1 844 409 417
1544 2 2 1 1 844 417 841
1545 2 2 1 1 841 417 425
1546 2 2 1 1 841 425 837
1547 2 2 1 1 837 425 384
1548 2 2 1 1 837 384 838
1549 2 2 1 1 847 838 384
1550 2 2 1 1 847 384 376
1551 2 2 1 1 851 849 375
1552 2 2 1 1 851 375 853
1553 2 2 1 1 849 847 376
1554 2 2 1 1 849 376 375
1555 2 2 1 1 853 375 368
1556 2 2 1 1 853 368 361
1557 2 2 1 1 854 853 361
1558 2 2 1 1 854 361 348
1559 2 2 1 1 857 852 854
1560 2 2 1 1 857 854 867
1561 2 2 1 1 867 854 348
1562 2 2 1 1 867 348 347
1563 2 2 1 1 813 805 855
1564 2 2 1 1 813 855 856
1565 2 2 1 1 805 797 850
1566 2 2 1 1 805 850 855
1567 2 2 1 1 797 796 848
1568 2 2 1 1 797 848 850
1569 2 2 1 1 782 744 743
1570 2 2 1 1 782 743 868
1571 2 2 1 1 789 782 868
1572 2 2 1 1 789 868 796
1573 2 2 1 1 868 743 839
1574 2 2 1 1 868 839 846
1575 2 2 1 1 742 836 839
1576 2 2 1 1 742 839 743
1577 2 2 1 1 758 840 836
1578 2 2 1 1 758 836 742
1579 2 2 1 1 766 845 840
1580 2 2 1 1 766 840 758
1581 2 2 1 1 845 844 841
1582 2 2 1 1 845 841 840
1583 2 2 1 1 774 842 845
1584 2 2 1 1 774 845 766
1585 2 2 1 1 734 834 842
1586 2 2 1 1 734 842 774
1587 2 2 1 1 834 835 843
1588 2 2 1 1 834 843 842
1589 2 2 1 1 734 733 832
1590 2 2 1 1 734 832 834
1591 2 2 1 1 733 718 828
1592 2 2 1 1 733 828 832
1593 2 2 1 1 710 691 694
1594 2 2 1 1 710 694 829
1595 2 2 1 1 718 710 829
1596 2 2 1 1 718 829 828
1597 2 2 1 1 796 868 846
1598 2 2 1 1 796 846 848
1599 2 2 1 1 871 870 869
1600 2 2 1 1 872 871 869
1601 2 2 1 1 872 869 873
1602 2 2 1 1 874 872 873
1603 2 2 1 1 874 873 875
1604 2 2 1 1 876 874 875
1605 2 2 1 1 870 878 877
1606 2 2 1 1 869 870 877
1607 2 2 1 1 869 877 879
1608 2 2 1 1 873 869 879
1609 2 2 1 1 873 879 880
1610 2 2 1 1 875 873 880
1611 2 2 1 1 878 882 881
1612 2 2 1 1 877 878 881
1613 2 2 1 1 877 881 883
1614 2 2 1 1 879 877 883
1615 2 2 1 1 879 883 884
1616 2 2 1 1 880 879 884
1617 2 2 1 1 882 886 885
1618 2 2 1 1 881 882 885
1619 2 2 1 1 881 885 887
1620 2 2 1 1 883 881 887
1621 2 2 1 1 883 887 888
1622 2 2 1 1 884 883 888
1623 2 2 1 1 886 890 889
1624 2 2 1 1 885 886 889
1625 2 2 1 1 885 889 891
1626 2 2 1 1 887 885 891
1627 2 2 1 1 887 891 892
1628 2 2 1 1 888 887 892
1629 2 2 1 1 890 894 893
1630 2 2 1 1 889 890 893
1631 2 2 1 1 889 893 895
1632 2 2 1 1 891 889 895
1633 2 2 1 1 891 895 896
1634 2 2 1 1 892 891 896
1635 2 2 1 1 898 871 897
1636 2 2 1 1 899 898 897
1637 2 2 1 1 871 872 900
1638 2 2 1 1 897 871 900
1639 2 2 1 1 872 874 901
1640 2 2 1 1 900 872 901
1641 2 2 1 1 874 876 902
1642 2 2 1 1 901 874 902
1643 2 2 1 1 899 897 903
1644 2 2 1 1 904 899 903
1645 2 2 1 1 897 900 905
1646 2 2 1 1 903 897 905
1647 2 2 1 1 900 901 906
1648 2 2 1 1 905 900 906
1649 2 2 1 1 901 902 907
1650 2 2 1 1 906 901 907
1651 2 2 1 1 904 903 908
1652 2 2 1 1 909 904 908
1653 2 2 1 1 903 905 910
1654 2 2 1 1 908 903 910
1655 2 2 1 1 905 906 911
1656 2 2 1 1 910 905 911
1657 2 2 1 1 906 907 912
1658 2 2 1 1 911 906 912
1659 2 2 1 1 909 908 913
1660 2 2 1 1 914 909 913
1661 2 2 1 1 908 910 915
1662 2 2 1 1 913 908 915
1663 2 2 1 1 910 911 916
1664 2 2 1 1 915 910 916
1665 2 2 1 1 911 912 917
1666 2 2 1 1 916 911 917
1667 2 2 1 1 914 913 918
1668 2 2 1 1 919 914 918
1669 2 2 1 1 913 915 920
1670 2 2 1 1 918 913 920
1671 2 2 1 1 915 916 921
1672 2 2 1 1 920 915 921
1673 2 2 1 1 916 917 922
1674 2 2 1 1 921 916 922
1675 2 2 1 1 919 918 923
1676 2 2 1 1 924 919 923
1677 2 2 1 1 918 920 925
1678 2 2 1 1 923 918 925
1679 2 2 1 1 920 921 926
1680 2 2 1 1 925 920 926
1681 2 2 1 1 921 922 927
1682 2 2 1 1 926 921 927
1683 2 2 1 1 62 929 928
1684 2 2 1 1 63 62 928
1685 2 2 1 1 929 898 899
1686 2 2 1 1 928 929 899
1687 2 2 1 1 63 928 930
1688 2 2 1 1 65 63 930
1689 2 2 1 1 928 899 904
1690 2 2 1 1 930 928 904
1691 2 2 1 1 65 930 931
1692 2 2 1 1 67 65 931
1693 2 2 1 1 930 904 909
1694 2 2 1 1 931 930 909
1695 2 2 1 1 67 931 932
1696 2 2 1 1 69 67 932
1697 2 2 1 1 931 909 914
1698 2 2 1 1 932 931 914
1699 2 2 1 1 69 932 933
1700 2 2 1 1 71 69 933
1701 2 2 1 1 932 914 919
1702 2 2 1 1 933 932 919
1703 2 2 1 1 923 925 934
1704 2 2 1 1 935 923 934
1705 2 2 1 1 925 926 936
1706 2 2 1 1 934 925 936
1707 2 2 1 1 926 927 937
1708 2 2 1 1 936 926 937
1709 2 2 1 1 935 934 938
1710 2 2 1 1 939 935 938
1711 2 2 1 1 934 936 940
1712 2 2 1 1 938 934 940
1713 2 2 1 1 936 937 941
1714 2 2 1 1 940 936 941
1715 2 2 1 1 939 938 942
1716 2 2 1 1 943 939 942
1717 2 2 1 1 938 940 944
1718 2 2 1 1 942 938 944
1719 2 2 1 1 940 941 945
1720 2 2 1 1 944 940 945
1721 2 2 1 1 943 942 946
1722 2 2 1 1 947 943 946
1723 2 2 1 1 942 944 948
1724 2 2 1 1 946 942 948
1725 2 2 1 1 944 945 949
1726 2 2 1 1 948 944 949
1727 2 2 1 1 947 946 950
1728 2 2 1 1 951 947 950
1729 2 2 1 1 946 948 952
1730 2 2 1 1 950 946 952
1731 2 2 1 1 948 949 953
1732 2 2 1 1 952 948 953
1733 2 2 1 1 951 950 954
1734 2 2 1 1 955 951 954
1735 2 2 1 1 950 952 956
1736 2 2 1 1 954 950 956
1737 2 2 1 1 952 953 957
1738 2 2 1 1 956 952 957
1739 2 2 1 1 960 959 958
1740 2 2 1 1 961 960 958
1741 2 2 1 1 961 958 962
1742 2 2 1 1 963 961 962
1743 2 2 1 1 963 962 964
1744 2 2 1 1 965 963 964
1745 2 2 1 1 959 967 966
1746 2 2 1 1 958 959 966
1747 2 2 1 1 958 966 968
1748 2 2 1 1 962 958 968
1749 2 2 1 1 962 968 969
1750 2 2 1 1 964 962 969
1751 2 2 1 1 967 971 970
1752 2 2 1 1 966 967 970
1753 2 2 1 1 966 970 972
1754 2 2 1 1 968 966 972
1755 2 2 1 1 968 972 973
1756 2 2 1 1 969 968 973
1757 2 2 1 1 971 975 974
1758 2 2 1 1 970 971 974
1759 2 2 1 1 970 974 976
1760 2 2 1 1 972 970 976
1761 2 2 1 1 972 976 977
1762 2 2 1 1 973 972 977
1763 2 2 1 1 975 979 978
1764 2 2 1 1 974 975 978
1765 2 2 1 1 974 978 980
1766 2 2 1 1 976 974 980
1767 2 2 1 1 976 980 981
1768 2 2 1 1 977 976 981
1769 2 2 1 1 979 955 954
1770 2 2 1 1 978 979 954
1771 2 2 1 1 978 954 956
1772 2 2 1 1 980 978 956
1773 2 2 1 1 980 956 957
1774 2 2 1 1 981 980 957
1775 2 2 1 1 984 983 982
1776 2 2 1 1 985 984 982
1777 2 2 1 1 985 982 986
1778 2 2 1 1 987 985 986
1779 2 2 1 1 987 986 988
1780 2 2 1 1 989 987 988
1781 2 2 1 1 989 988 990
1782 2 2 1 1 991 989 990
1783 2 2 1 1 983 993 992
1784 2 2 1 1 982 983 992
1785 2 2 1 1 982 992 994
1786 2 2 1 1 986 982 994
1787 2 2 1 1 986 994 995
1788 2 2 1 1 988 986 995
1789 2 2 1 1 988 995 996
1790 2 2 1 1 990 988 996
1791 2 2 1 1 993 998 997
1792 2 2 1 1 992 993 997
1793 2 2 1 1 992 997 999
1794 2 2 1 1 994 992 999
1795 2 2 1 1 994 999 1000
1796 2 2 1 1 995 994 1000
1797 2 2 1 1 995 1000 1001
1798 2 2 1 1 996 995 1001
1799 2 2 1 1 998 1003 1002
1800 2 2 1 1 997 998 1002
1801 2 2 1 1 997 1002 1004
1802 2 2 1 1 999 997 1004
1803 2 2 1 1 999 1004 1005
1804 2 2 1 1 1000 999 1005
1805 2 2 1 1 1000 1005 1006
1806 2 2 1 1 1001 1000 1006
1807 2 2 1 1 1003 1008 1007
1808 2 2 1 1 1002 1003 1007
1809 2 2 1 1 1002 1007 1009
1810 2 2 1 1 1004 1002 1009
1811 2 2 1 1 1004 1009 1010
1812 2 2 1 1 1005 1004 1010
1813 2 2 1 1 1005 1010 1011
1814 2 2 1 1 1006 1005 1011
1815 2 2 1 1 1008 1012 960
1816 2 2 1 1 1007 1008 960
1817 2 2 1 1 1007 960 961
1818 2 2 1 1 1009 1007 961
1819 2 2 1 1 1009 961 963
1820 2 2 1 1 1010 1009 963
1821 2 2 1 1 1010 963 965
1822 2 2 1 1 1011 1010 965
1823 2 2 1 1 985 987 1013
1824 2 2 1 1 1014 985 1013
1825 2 2 1 1 987 989 1015
1826 2 2 1 1 1013 987 1015
1827 2 2 1 1 989 991 1016
1828 2 2 1 1 1015 989 1016
1829 2 2 1 1 1014 1013 1017
1830 2 2 1 1 1018 1014 1017
1831 2 2 1 1 1013 1015 1019
1832 2 2 1 1 1017 1013 1019
1833 2 2 1 1 1015 1016 1020
1834 2 2 1 1 1019 1015 1020
1835 2 2 1 1 1018 1017 1021
1836 2 2 1 1 1022 1018 1021
1837 2 2 1 1 1017 1019 1023
1838 2 2 1 1 1021 1017 1023
1839 2 2 1 1 1019 1020 1024
1840 2 2 1 1 1023 1019 1024
1841 2 2 1 1 1022 1021 1025
1842 2 2 1 1 1026 1022 1025
1843 2 2 1 1 1021 1023 1027
1844 2 2 1 1 1025 1021 1027
1845 2 2 1 1 1023 1024 1028
1846 2 2 1 1 1027 1023 1028
1847 2 2 1 1 1026 1025 1029
1848 2 2 1 1 1030 1026 1029
1849 2 2 1 1 1025 1027 1031
1850 2 2 1 1 1029 1025 1031
1851 2 2 1 1 1027 1028 1032
1852 2 2 1 1 1031 1027 1032
1853 2 2 1 1 1030 1029 893
1854 2 2 1 1 894 1030 893
1855 2 2 1 1 1029 1031 895
1856 2 2 1 1 893 1029 895
1857 2 2 1 1 1031 1032 896
1858 2 2 1 1 895 1031 896
1859 2 2 1 1 1035 1034 1033
1860 2 2 1 1 1036 1035 1033
1861 2 2 1 1 1036 1033 983
1862 2 2 1 1 984 1036 983
1863 2 2 1 1 1034 1038 1037
1864 2 2 1 1 1033 1034 1037
1865 2 2 1 1 1033 1037 993
1866 2 2 1 1 983 1033 993
1867 2 2 1 1 1038 1040 1039
1868 2 2 1 1 1037 1038 1039
1869 2 2 1 1 1037 1039 998
1870 2 2 1 1 993 1037 998
1871 2 2 1 1 1040 1042 1041
1872 2 2 1 1 1039 1040 1041
1873 2 2 1 1 1039 1041 1003
1874 2 2 1 1 998 1039 1003
1875 2 2 1 1 1042 1044 1043
1876 2 2 1 1 1041 1042 1043
1877 2 2 1 1 1041 1043 1008
1878 2 2 1 1 1003 1041 1008
1879 2 2 1 1 1047 1046 1045
1880 2 2 1 1 1048 1047 1045
1881 2 2 1 1 1048 1045 1049
1882 2 2 1 1 1050 1048 1049
1883 2 2 1 1 1050 1049 1051
1884 2 2 1 1 1052 1050 1051
1885 2 2 1 1 1052 1051 1053
1886 2 2 1 1 1054 1052 1053
1887 2 2 1 1 1046 1056 1055
1888 2 2 1 1 1045 1046 1055
1889 2 2 1 1 1045 1055 1057
1890 2 2 1 1 1049 1045 1057
1891 2 2 1 1 1049 1057 1058
1892 2 2 1 1 1051 1049 1058
1893 2 2 1 1 1051 1058 1059
1894 2 2 1 1 1053 1051 1059
1895 2 2 1 1 1056 1061 1060
1896 2 2 1 1 1055 1056 1060
1897 2 2 1 1 1055 1060 1062
1898 2 2 1 1 1057 1055 1062
1899 2 2 1 1 1057 1062 1063
1900 2 2 1 1 1058 1057 1063
1901 2 2 1 1 1058 1063 1064
1902 2 2 1 1 1059 1058 1064
1903 2 2 1 1 1061 1066 1065
1904 2 2 1 1 1060 1061 1065
1905 2 2 1 1 1060 1065 1067
1906 2 2 1 1 1062 1060 1067
1907 2 2 1 1 1062 1067 1068
1908 2 2 1 1 1063 1062 1068
1909 2 2 1 1 1063 1068 1069
1910 2 2 1 1 1064 1063 1069
1911 2 2 1 1 1066 1071 1070
1912 2 2 1 1 1065 1066 1070
1913 2 2 1 1 1065 1070 1072
1914 2 2 1 1 1067 1065 1072
1915 2 2 1 1 1067 1072 1073
1916 2 2 1 1 1068 1067 1073
1917 2 2 1 1 1068 1073 1074
1918 2 2 1 1 1069 1068 1074
1919 2 2 1 1 1071 214 213
1920 2 2 1 1 1070 1071 213
1921 2 2 1 1 1070 213 215
1922 2 2 1 1 1072 1070 215
1923 2 2 1 1 1072 215 216
1924 2 2 1 1 1073 1072 216
1925 2 2 1 1 1073 216 217
1926 2 2 1 1 1074 1073 217
1927 2 2 1 1 1035 1076 1075
1928 2 2 1 1 1034 1035 1075
1929 2 2 1 1 1076 1047 1077
1930 2 2 1 1 1075 1076 1077
1931 2 2 1 1 1034 1075 1078
1932 2 2 1 1 1038 1034 1078
1933 2 2 1 1 1075 1077 1079
1934 2 2 1 1 1078 1075 1079
1935 2 2 1 1 1038 1078 1080
1936 2 2 1 1 1040 1038 1080
1937 2 2 1 1 1078 1079 1081
1938 2 2 1 1 1080 1078 1081
1939 2 2 1 1 1040 1080 1082
1940 2 2 1 1 1042 1040 1082
1941 2 2 1 1 1080 1081 1083
1942 2 2 1 1 1082 1080 1083
1943 2 2 1 1 1042 1082 1084
1944 2 2 1 1 1044 1042 1084
1945 2 2 1 1 1082 1083 1085
1946 2 2 1 1 1084 1082 1085
1947 2 2 1 1 1044 1084 1086
1948 2 2 1 1 1087 1044 1086
1949 2 2 1 1 1084 1085 1088
1950 2 2 1 1 1086 1084 1088
1951 2 2 1 1 1047 1048 1089
1952 2 2 1 1 1077 1047 1089
1953 2 2 1 1 1048 1050 1090
1954 2 2 1 1 1089 1048 1090
1955 2 2 1 1 1050 1052 1091
1956 2 2 1 1 1090 1050 1091
1957 2 2 1 1 1052 1054 1092
1958 2 2 1 1 1091 1052 1092
1959 2 2 1 1 1077 1089 1093
1960 2 2 1 1 1079 1077 1093
1961 2 2 1 1 1089 1090 1094
1962 2 2 1 1 1093 1089 1094
1963 2 2 1 1 1090 1091 1095
1964 2 2 1 1 1094 1090 1095
1965 2 2 1 1 1091 1092 1096
1966 2 2 1 1 1095 1091 1096
1967 2 2 1 1 1079 1093 1097
1968 2 2 1 1 1081 1079 1097
1969 2 2 1 1 1093 1094 1098
1970 2 2 1 1 1097 1093 1098
1971 2 2 1 1 1094 1095 1099
1972 2 2 1 1 1098 1094 1099
1973 2 2 1 1 1095 1096 1100
1974 2 2 1 1 1099 1095 1100
1975 2 2 1 1 1081 1097 1101
1976 2 2 1 1 1083 1081 1101
1977 2 2 1 1 1097 1098 1102
1978 2 2 1 1 1101 1097 1102
1979 2 2 1 1 1098 1099 1103
1980 2 2 1 1 1102 1098 1103
1981 2 2 1 1 1099 1100 1104
1982 2 2 1 1 1103 1099 1104
1983 2 2 1 1 1083 1101 1105
1984 2 2 1 1 1085 1083 1105
1985 2 2 1 1 1101 1102 1106
1986 2 2 1 1 1105 1101 1106
1987 2 2 1 1 1102 1103 1107
1988 2 2 1 1 1106 1102 1107
1989 2 2 1 1 1103 1104 1108
1990 2 2 1 1 1107 1103 1108
1991 2 2 1 1 1085 1105 1109
1992 2 2 1 1 1088 1085 1109
1993 2 2 1 1 1105 1106 1110
1994 2 2 1 1 1109 1105 1110
1995 2 2 1 1 1106 1107 1111
1996 2 2 1 1 1110 1106 1111
1997 2 2 1 1 1107 1108 1112
1998 2 2 1 1 1111 1107 1112
1999 2 2 1 1 1088 1109 1113
2000 2 2 1 1 1114 1088 1113
2001 2 2 1 1 1109 1110 1115
2002 2 2 1 1 1113 1109 1115
2003 2 2 1 1 1110 1111 1116
2004 2 2 1 1 1115 1110 1116
2005 2 2 1 1 1111 1112 1117
2006 2 2 1 1 1116 1111 1117
2007 2 2 1 1 1114 1113 1118
2008 2 2 1 1 1119 1114 1118
2009 2 2 1 1 1113 1115 1120
2010 2 2 1 1 1118 1113 1120
2011 2 2 1 1 1115 1116 1121
2012 2 2 1 1 1120 1115 1121
2013 2 2 1 1 1116 1117 1122
2014 2 2 1 1 1121 1116 1122
2015 2 2 1 1 1119 1118 1123
2016 2 2 1 1 1124 1119 1123
2017 2 2 1 1 1118 1120 1125
2018 2 2 1 1 1123 1118 1125
2019 2 2 1 1 1120 1121 1126
2020 2 2 1 1 1125 1120 1126
2021 2 2 1 1 1121 1122 1127
2022 2 2 1 1 1126 1121 1127
2023 2 2 1 1 1124 1123 1128
2024 2 2 1 1 1129 1124 1128
2025 2 2 1 1 1123 1125 1130
2026 2 2 1 1 1128 1123 1130
2027 2 2 1 1 1125 1126 1131
2028 2 2 1 1 1130 1125 1131
2029 2 2 1 1 1126 1127 1132
2030 2 2 1 1 1131 1126 1132
2031 2 2 1 1 1129 1128 1133
2032 2 2 1 1 1134 1129 1133
2033 2 2 1 1 1128 1130 1135
2034 2 2 1 1 1133 1128 1135
2035 2 2 1 1 1130 1131 1136
2036 2 2 1 1 1135 1130 1136
2037 2 2 1 1 1131 1132 1137
2038 2 2 1 1 1136 1131 1137
2039 2 2 1 1 1134 1133 281
2040 2 2 1 1 282 1134 281
2041 2 2 1 1 1133 1135 283
2042 2 2 1 1 281 1133 283
2043 2 2 1 1 1135 1136 284
2044 2 2 1 1 283 1135 284
2045 2 2 1 1 1136 1137 285
2046 2 2 1 1 284 1136 285
2047 2 2 1 1 1138 1087 1086
2048 2 2 1 1 1138 1138 1086
2049 2 2 1 1 1139 1138 1088
2050 2 2 1 1 1139 1139 1088
2051 2 2 1 1 1086 1088 1138
2052 2 2 1 1 1086 1086 1138
2053 2 2 1 1 1012 1140 959
2054 2 2 1 1 960 1012 959
2055 2 2 1 1 1140 1141 967
2056 2 2 1 1 959 1140 967
2057 2 2 1 1 1141 1142 971
2058 2 2 1 1 967 1141 971
2059 2 2 1 1 1142 1143 975
2060 2 2 1 1 971 1142 975
2061 2 2 1 1 1143 1144 979
2062 2 2 1 1 975 1143 979
2063 2 2 1 1 1144 1145 955
2064 2 2 1 1 979 1144 955
2065 2 2 1 1 1146 951 955
2066 2 2 1 1 1145 1146 955
2067 2 2 1 1 1147 947 951
2068 2 2 1 1 1146 1147 951
2069 2 2 1 1 1148 943 947
2070 2 2 1 1 1147 1148 947
2071 2 2 1 1 1149 939 943
2072 2 2 1 1 1148 1149 943
2073 2 2 1 1 1150 935 939
2074 2 2 1 1 1149 1150 939
2075 2 2 1 1 924 923 935
2076 2 2 1 1 1150 924 935
2077 2 2 1 1 1152 300 1151
2078 2 2 1 1 1152 1152 1151
2079 2 2 1 1 1151 924 1153
2080 2 2 1 1 1151 1151 1153
2081 2 2 1 1 1152 1151 1153
2082 2 2 1 1 1152 1152 1153
2083 2 2 1 1 1154 1076 1035
2084 2 2 1 1 1154 1154 1035
2085 2 2 1 1 1154 1155 1047
2086 2 2 1 1 1076 1154 1047
2087 2 2 1 1 1156 929 62
2088 2 2 1 1 1156 1156 62
2089 2 2 1 1 929 1157 898
2090 2 2 1 1 929 929 898
2091 2 2 1 1 1156 1157 929
2092 2 2 1 1 1156 1156 929
2093 2 2 1 1 898 1158 870
2094 2 2 1 1 871 898 870
2095 2 2 1 1 1158 1159 878
2096 2 2 1 1 870 1158 878
2097 2 2 1 1 1159 1160 882
2098 2 2 1 1 878 1159 882
2099 2 2 1 1 1160 1161 886
2100 2 2 1 1 882 1160 886
2101 2 2 1 1 1161 1162 890
2102 2 2 1 1 886 1161 890
2103 2 2 1 1 1162 1163 894
2104 2 2 1 1 890 1162 894
2105 2 2 1 1 1164 1030 894
2106 2 2 1 1 1163 1164 894
2107 2 2 1 1 1165 1026 1030
2108 2 2 1 1 1164 1165 1030
2109 2 2 1 1 1166 1022 1026
2110 2 2 1 1 1165 1166 1026
2111 2 2 1 1 1167 1018 1022
2112 2 2 1 1 1166 1167 1022
2113 2 2 1 1 1168 1014 1018
2114 2 2 1 1 1167 1168 1018
2115 2 2 1 1 984 985 1014
2116 2 2 1 1 1168 984 1014
2117 2 2 1 1 1036 984 1169
2118 2 2 1 1 1036 1036 1169
2119 2 2 1 1 933 1151 71
2120 2 2 1 1 933 933 71
2121 2 2 1 1 300 71 1151
2122 2 2 1 1 300 300 1151
2123 2 2 1 1 919 924 933
2124 2 2 1 1 919 919 933
2125 2 2 1 1 1151 933 924
2126 2 2 1 1 1151 1151 924
2127 2 2 1 1 1172 1171 1170
2128 2 2 1 1 1172 1172 1170
2129 2 2 1 1 1170 1173 1172
2130 2 2 1 1 1170 1170 1172
2131 2 2 1 1 1163 1173 1170
2132 2 2 1 1 1163 1163 1170
2133 2 2 1 1 1163 1175 1174
2134 2 2 1 1 1163 1163 1174
2135 2 2 1 1 1175 1176 1174
2136 2 2 1 1 1175 1175 1174
2137 2 2 1 1 1177 1176 1175
2138 2 2 1 1 1177 1177 1175
2139 2 2 1 1 1145 1179 1178
2140 2 2 1 1 1145 1145 1178
2141 2 2 1 1 1181 1180 1179
2142 2 2 1 1 1181 1181 1179
2143 2 2 1 1 1179 1180 1178
2144 2 2 1 1 1179 1179 1178
2145 2 2 1 1 1184 1183 1182
2146 2 2 1 1 1184 1184 1182
2147 2 2 1 1 1182 1185 1184
2148 2 2 1 1 1182 1182 1184
2149 2 2 1 1 1145 1185 1182
2150 2 2 1 1 1145 1145 1182
2151 2 2 1 1 1188 1187 1186
2152 2 2 1 1 1188 1188 1186
2153 2 2 1 1 1189 282 1188
2154 2 2 1 1 1189 1189 1188
2155 2 2 1 1 1186 1189 1188
2156 2 2 1 1 1186 1186 1188
2157 2 2 1 1 1192 1191 1190
2158 2 2 1 1 1192 1192 1190
2159 2 2 1 1 1193 1190 1191
2160 2 2 1 1 1193 1193 1191
2161 2 2 1 1 214 1193 1191
2162 2 2 1 1 214 214 1191
2163 2 2 1 1 1196 1195 1194
2164 2 2 1 1 1197 1196 1194
2165 2 2 1 1 1199 1198 347
2166 2 2 1 1 350 1199 347
2167 2 2 1 1 1200 1199 350
2168 2 2 1 1 352 1200 350
2169 2 2 1 1 1201 1200 352
2170 2 2 1 1 354 1201 352
2171 2 2 1 1 1202 1201 354
2172 2 2 1 1 356 1202 354
2173 2 2 1 1 1203 1202 356
2174 2 2 1 1 358 1203 356
2175 2 2 1 1 1204 1203 358
2176 2 2 1 1 360 1204 358
2177 2 2 1 1 1206 1205 1198
2178 2 2 1 1 1199 1206 1198
2179 2 2 1 1 1207 1206 1199
2180 2 2 1 1 1200 1207 1199
2181 2 2 1 1 1208 1207 1200
2182 2 2 1 1 1201 1208 1200
2183 2 2 1 1 1209 1208 1201
2184 2 2 1 1 1202 1209 1201
2185 2 2 1 1 1210 1209 1202
2186 2 2 1 1 1203 1210 1202
2187 2 2 1 1 1211 1210 1203
2188 2 2 1 1 1204 1211 1203
2189 2 2 1 1 1213 1212 1205
2190 2 2 1 1 1206 1213 1205
2191 2 2 1 1 1214 1213 1206
2192 2 2 1 1 1207 1214 1206
2193 2 2 1 1 1215 1214 1207
2194 2 2 1 1 1208 1215 1207
2195 2 2 1 1 1216 1215 1208
2196 2 2 1 1 1209 1216 1208
2197 2 2 1 1 1217 1216 1209
2198 2 2 1 1 1210 1217 1209
2199 2 2 1 1 1218 1217 1210
2200 2 2 1 1 1211 1218 1210
2201 2 2 1 1 1221 1220 1219
2202 2 2 1 1 1212 1221 1219
2203 2 2 1 1 1222 1221 1212
2204 2 2 1 1 1213 1222 1212
2205 2 2 1 1 1223 1222 1213
2206 2 2 1 1 1214 1223 1213
2207 2 2 1 1 1224 1223 1214
2208 2 2 1 1 1215 1224 1214
2209 2 2 1 1 1225 1224 1215
2210 2 2 1 1 1216 1225 1215
2211 2 2 1 1 1226 1225 1216
2212 2 2 1 1 1217 1226 1216
2213 2 2 1 1 1227 1226 1217
2214 2 2 1 1 1218 1227 1217
2215 2 2 1 1 1229 1228 1220
2216 2 2 1 1 1221 1229 1220
2217 2 2 1 1 1230 1229 1221
2218 2 2 1 1 1222 1230 1221
2219 2 2 1 1 1231 1230 1222
2220 2 2 1 1 1223 1231 1222
2221 2 2 1 1 1232 1231 1223
2222 2 2 1 1 1224 1232 1223
2223 2 2 1 1 1233 1232 1224
2224 2 2 1 1 1225 1233 1224
2225 2 2 1 1 1234 1233 1225
2226 2 2 1 1 1226 1234 1225
2227 2 2 1 1 1235 1234 1226
2228 2 2 1 1 1227 1235 1226
2229 2 2 1 1 1238 1237 1236
2230 2 2 1 1 1239 1238 1236
2231 2 2 1 1 1241 1240 1237
2232 2 2 1 1 1238 1241 1237
2233 2 2 1 1 1243 1242 1240
2234 2 2 1 1 1241 1243 1240
2235 2 2 1 1 1245 1244 1242
2236 2 2 1 1 1243 1245 1242
2237 2 2 1 1 1247 1246 1244
2238 2 2 1 1 1245 1247 1244
2239 2 2 1 1 1249 1248 1246
2240 2 2 1 1 1247 1249 1246
2241 2 2 1 1 1251 1250 1248
2242 2 2 1 1 1249 1251 1248
2243 2 2 1 1 1252 1238 1239
2244 2 2 1 1 1253 1252 1239
2245 2 2 1 1 1254 1241 1238
2246 2 2 1 1 1252 1254 1238
2247 2 2 1 1 1255 1243 1241
2248 2 2 1 1 1254 1255 1241
2249 2 2 1 1 1256 1245 1243
2250 2 2 1 1 1255 1256 1243
2251 2 2 1 1 1257 1247 1245
2252 2 2 1 1 1256 1257 1245
2253 2 2 1 1 1258 1249 1247
2254 2 2 1 1 1257 1258 1247
2255 2 2 1 1 1259 1251 1249
2256 2 2 1 1 1258 1259 1249
2257 2 2 1 1 1260 1252 1253
2258 2 2 1 1 1261 1260 1253
2259 2 2 1 1 1262 1254 1252
2260 2 2 1 1 1260 1262 1252
2261 2 2 1 1 1263 1255 1254
2262 2 2 1 1 1262 1263 1254
2263 2 2 1 1 1264 1256 1255
2264 2 2 1 1 1263 1264 1255
2265 2 2 1 1 1265 1257 1256
2266 2 2 1 1 1264 1265 1256
2267 2 2 1 1 1266 1258 1257
2268 2 2 1 1 1265 1266 1257
2269 2 2 1 1 1267 1259 1258
2270 2 2 1 1 1266 1267 1258
2271 2 2 1 1 1268 1260 1261
2272 2 2 1 1 1269 1268 1261
2273 2 2 1 1 1270 1262 1260
2274 2 2 1 1 1268 1270 1260
2275 2 2 1 1 1271 1263 1262
2276 2 2 1 1 1270 1271 1262
2277 2 2 1 1 1272 1264 1263
2278 2 2 1 1 1271 1272 1263
2279 2 2 1 1 1273 1265 1264
2280 2 2 1 1 1272 1273 1264
2281 2 2 1 1 1274 1266 1265
2282 2 2 1 1 1273 1274 1265
2283 2 2 1 1 1275 1267 1266
2284 2 2 1 1 1274 1275 1266
2285 2 2 1 1 1229 1268 1269
2286 2 2 1 1 1228 1229 1269
2287 2 2 1 1 1230 1270 1268
2288 2 2 1 1 1229 1230 1268
2289 2 2 1 1 1231 1271 1270
2290 2 2 1 1 1230 1231 1270
2291 2 2 1 1 1232 1272 1271
2292 2 2 1 1 1231 1232 1271
2293 2 2 1 1 1233 1273 1272
2294 2 2 1 1 1232 1233 1272
2295 2 2 1 1 1234 1274 1273
2296 2 2 1 1 1233 1234 1273
2297 2 2 1 1 1235 1275 1274
2298 2 2 1 1 1234 1235 1274
2299 2 2 1 1 1277 1276 1236
2300 2 2 1 1 1237 1277 1236
2301 2 2 1 1 1278 1277 1237
2302 2 2 1 1 1240 1278 1237
2303 2 2 1 1 1279 1278 1240
2304 2 2 1 1 1242 1279 1240
2305 2 2 1 1 1280 1279 1242
2306 2 2 1 1 1244 1280 1242
2307 2 2 1 1 1281 1280 1244
2308 2 2 1 1 1246 1281 1244
2309 2 2 1 1 1282 1281 1246
2310 2 2 1 1 1248 1282 1246
2311 2 2 1 1 1283 1282 1248
2312 2 2 1 1 1250 1283 1248
2313 2 2 1 1 1285 1284 1276
2314 2 2 1 1 1277 1285 1276
2315 2 2 1 1 1286 1285 1277
2316 2 2 1 1 1278 1286 1277
2317 2 2 1 1 1287 1286 1278
2318 2 2 1 1 1279 1287 1278
2319 2 2 1 1 1288 1287 1279
2320 2 2 1 1 1280 1288 1279
2321 2 2 1 1 1289 1288 1280
2322 2 2 1 1 1281 1289 1280
2323 2 2 1 1 1290 1289 1281
2324 2 2 1 1 1282 1290 1281
2325 2 2 1 1 1291 1290 1282
2326 2 2 1 1 1283 1291 1282
2327 2 2 1 1 1293 1292 1284
2328 2 2 1 1 1285 1293 1284
2329 2 2 1 1 1294 1293 1285
2330 2 2 1 1 1286 1294 1285
2331 2 2 1 1 1295 1294 1286
2332 2 2 1 1 1287 1295 1286
2333 2 2 1 1 1296 1295 1287
2334 2 2 1 1 1288 1296 1287
2335 2 2 1 1 1297 1296 1288
2336 2 2 1 1 1289 1297 1288
2337 2 2 1 1 1298 1297 1289
2338 2 2 1 1 1290 1298 1289
2339 2 2 1 1 1299 1298 1290
2340 2 2 1 1 1291 1299 1290
2341 2 2 1 1 1301 1300 1293
2342 2 2 1 1 1294 1301 1293
2343 2 2 1 1 1302 1301 1294
2344 2 2 1 1 1295 1302 1294
2345 2 2 1 1 1303 1302 1295
2346 2 2 1 1 1296 1303 1295
2347 2 2 1 1 1304 1303 1296
2348 2 2 1 1 1297 1304 1296
2349 2 2 1 1 1305 1304 1297
2350 2 2 1 1 1298 1305 1297
2351 2 2 1 1 1306 1305 1298
2352 2 2 1 1 1299 1306 1298
2353 2 2 1 1 465 464 1307
2354 2 2 1 1 1300 465 1307
2355 2 2 1 1 466 465 1300
2356 2 2 1 1 1301 466 1300
2357 2 2 1 1 467 466 1301
2358 2 2 1 1 1302 467 1301
2359 2 2 1 1 468 467 1302
2360 2 2 1 1 1303 468 1302
2361 2 2 1 1 469 468 1303
2362 2 2 1 1 1304 469 1303
2363 2 2 1 1 470 469 1304
2364 2 2 1 1 1305 470 1304
2365 2 2 1 1 471 470 1305
2366 2 2 1 1 1306 471 1305
2367 2 2 1 1 474 473 1308
2368 2 2 1 1 474 474 1308
2369 2 2 1 1 1309 475 474
2370 2 2 1 1 1308 1309 474
2371 2 2 1 1 1310 477 475
2372 2 2 1 1 1309 1310 475
2373 2 2 1 1 1311 479 477
2374 2 2 1 1 1310 1311 477
2375 2 2 1 1 1308 473 1312
2376 2 2 1 1 1308 1308 1312
2377 2 2 1 1 1313 1309 1308
2378 2 2 1 1 1312 1313 1308
2379 2 2 1 1 1314 1310 1309
2380 2 2 1 1 1313 1314 1309
2381 2 2 1 1 1315 1311 1310
2382 2 2 1 1 1314 1315 1310
2383 2 2 1 1 1312 473 1316
2384 2 2 1 1 1312 1312 1316
2385 2 2 1 1 1317 1313 1312
2386 2 2 1 1 1316 1317 1312
2387 2 2 1 1 1318 1314 1313
2388 2 2 1 1 1317 1318 1313
2389 2 2 1 1 1319 1315 1314
2390 2 2 1 1 1318 1319 1314
2391 2 2 1 1 1316 473 1320
2392 2 2 1 1 1316 1316 1320
2393 2 2 1 1 1321 1317 1316
2394 2 2 1 1 1320 1321 1316
2395 2 2 1 1 1322 1318 1317
2396 2 2 1 1 1321 1322 1317
2397 2 2 1 1 1323 1319 1318
2398 2 2 1 1 1322 1323 1318
2399 2 2 1 1 1320 473 1324
2400 2 2 1 1 1320 1320 1324
2401 2 2 1 1 1325 1321 1320
2402 2 2 1 1 1324 1325 1320
2403 2 2 1 1 1326 1322 1321
2404 2 2 1 1 1325 1326 1321
2405 2 2 1 1 1196 1323 1322
2406 2 2 1 1 1326 1196 1322
2407 2 2 1 1 1328 473 1327
2408 2 2 1 1 1328 1328 1327
2409 2 2 1 1 1329 1328 1327
2410 2 2 1 1 1330 1329 1327
2411 2 2 1 1 1331 1329 1330
2412 2 2 1 1 1332 1331 1330
2413 2 2 1 1 1333 1331 1332
2414 2 2 1 1 1334 1333 1332
2415 2 2 1 1 1335 473 1328
2416 2 2 1 1 1335 1335 1328
2417 2 2 1 1 1336 1335 1328
2418 2 2 1 1 1329 1336 1328
2419 2 2 1 1 1337 1336 1329
2420 2 2 1 1 1331 1337 1329
2421 2 2 1 1 1338 1337 1331
2422 2 2 1 1 1333 1338 1331
2423 2 2 1 1 1339 473 1335
2424 2 2 1 1 1339 1339 1335
2425 2 2 1 1 1340 1339 1335
2426 2 2 1 1 1336 1340 1335
2427 2 2 1 1 1341 1340 1336
2428 2 2 1 1 1337 1341 1336
2429 2 2 1 1 1342 1341 1337
2430 2 2 1 1 1338 1342 1337
2431 2 2 1 1 1343 473 1339
2432 2 2 1 1 1343 1343 1339
2433 2 2 1 1 1344 1343 1339
2434 2 2 1 1 1340 1344 1339
2435 2 2 1 1 1345 1344 1340
2436 2 2 1 1 1341 1345 1340
2437 2 2 1 1 1195 1345 1341
2438 2 2 1 1 1342 1195 1341
2439 2 2 1 1 1324 473 1343
2440 2 2 1 1 1324 1324 1343
2441 2 2 1 1 1325 1324 1343
2442 2 2 1 1 1344 1325 1343
2443 2 2 1 1 1326 1325 1344
2444 2 2 1 1 1345 1326 1344
2445 2 2 1 1 1196 1326 1345
2446 2 2 1 1 1195 1196 1345
2447 2 2 1 1 1327 473 1346
2448 2 2 1 1 1327 1327 1346
2449 2 2 1 1 1347 1330 1327
2450 2 2 1 1 1346 1347 1327
2451 2 2 1 1 1348 1332 1330
2452 2 2 1 1 1347 1348 1330
2453 2 2 1 1 1349 1334 1332
2454 2 2 1 1 1348 1349 1332
2455 2 2 1 1 1346 473 1350
2456 2 2 1 1 1346 1346 1350
2457 2 2 1 1 1351 1347 1346
2458 2 2 1 1 1350 1351 1346
2459 2 2 1 1 1352 1348 1347
2460 2 2 1 1 1351 1352 1347
2461 2 2 1 1 1353 1349 1348
2462 2 2 1 1 1352 1353 1348
2463 2 2 1 1 1350 473 1354
2464 2 2 1 1 1350 1350 1354
2465 2 2 1 1 1355 1351 1350
2466 2 2 1 1 1354 1355 1350
2467 2 2 1 1 1356 1352 1351
2468 2 2 1 1 1355 1356 1351
2469 2 2 1 1 1357 1353 1352
2470 2 2 1 1 1356 1357 1352
2471 2 2 1 1 1354 473 1358
2472 2 2 1 1 1354 1354 1358
2473 2 2 1 1 1359 1355 1354
2474 2 2 1 1 1358 1359 1354
2475 2 2 1 1 1360 1356 1355
2476 2 2 1 1 1359 1360 1355
2477 2 2 1 1 1361 1357 1356
2478 2 2 1 1 1360 1361 1356
2479 2 2 1 1 1358 473 531
2480 2 2 1 1 1358 1358 531
2481 2 2 1 1 532 1359 1358
2482 2 2 1 1 531 532 1358
2483 2 2 1 1 533 1360 1359
2484 2 2 1 1 532 533 1359
2485 2 2 1 1 534 1361 1360
2486 2 2 1 1 533 534 1360
2487 2 2 1 1 537 536 1362
2488 2 2 1 1 1363 537 1362
2489 2 2 1 1 536 471 1306
2490 2 2 1 1 1362 536 1306
2491 2 2 1 1 1363 1362 1364
2492 2 2 1 1 1365 1363 1364
2493 2 2 1 1 1362 1306 1299
2494 2 2 1 1 1364 1362 1299
2495 2 2 1 1 1365 1364 1366
2496 2 2 1 1 1367 1365 1366
2497 2 2 1 1 1364 1299 1291
2498 2 2 1 1 1366 1364 1291
2499 2 2 1 1 1367 1366 1368
2500 2 2 1 1 1369 1367 1368
2501 2 2 1 1 1366 1291 1283
2502 2 2 1 1 1368 1366 1283
2503 2 2 1 1 1369 1368 1370
2504 2 2 1 1 1371 1369 1370
2505 2 2 1 1 1368 1283 1250
2506 2 2 1 1 1370 1368 1250
2507 2 2 1 1 1374 1373 1372
2508 2 2 1 1 1375 1374 1372
2509 2 2 1 1 1375 1372 1275
2510 2 2 1 1 1235 1375 1275
2511 2 2 1 1 1373 1377 1376
2512 2 2 1 1 1372 1373 1376
2513 2 2 1 1 1372 1376 1267
2514 2 2 1 1 1275 1372 1267
2515 2 2 1 1 1377 1379 1378
2516 2 2 1 1 1376 1377 1378
2517 2 2 1 1 1376 1378 1259
2518 2 2 1 1 1267 1376 1259
2519 2 2 1 1 1379 1381 1380
2520 2 2 1 1 1378 1379 1380
2521 2 2 1 1 1378 1380 1251
2522 2 2 1 1 1259 1378 1251
2523 2 2 1 1 1381 1371 1370
2524 2 2 1 1 1380 1381 1370
2525 2 2 1 1 1380 1370 1250
2526 2 2 1 1 1251 1380 1250
2527 2 2 1 1 1374 1375 1382
2528 2 2 1 1 1383 1374 1382
2529 2 2 1 1 1375 1235 1227
2530 2 2 1 1 1382 1375 1227
2531 2 2 1 1 1383 1382 1384
2532 2 2 1 1 1385 1383 1384
2533 2 2 1 1 1382 1227 1218
2534 2 2 1 1 1384 1382 1218
2535 2 2 1 1 1385 1384 1386
2536 2 2 1 1 1387 1385 1386
2537 2 2 1 1 1384 1218 1211
2538 2 2 1 1 1386 1384 1211
2539 2 2 1 1 1387 1386 1388
2540 2 2 1 1 1389 1387 1388
2541 2 2 1 1 1386 1211 1204
2542 2 2 1 1 1388 1386 1204
2543 2 2 1 1 1389 1388 565
2544 2 2 1 1 566 1389 565
2545 2 2 1 1 1388 1204 360
2546 2 2 1 1 565 1388 360
2547 2 2 1 1 1390 1389 566
2548 2 2 1 1 568 1390 566
2549 2 2 1 1 1391 1387 1389
2550 2 2 1 1 1390 1391 1389
2551 2 2 1 1 1392 1385 1387
2552 2 2 1 1 1391 1392 1387
2553 2 2 1 1 1393 1383 1385
2554 2 2 1 1 1392 1393 1385
2555 2 2 1 1 1197 1374 1383
2556 2 2 1 1 1393 1197 1383
2557 2 2 1 1 1395 1394 1371
2558 2 2 1 1 1381 1395 1371
2559 2 2 1 1 1396 1395 1381
2560 2 2 1 1 1379 1396 1381
2561 2 2 1 1 1397 1396 1379
2562 2 2 1 1 1377 1397 1379
2563 2 2 1 1 1194 1397 1377
2564 2 2 1 1 1373 1194 1377
2565 2 2 1 1 1197 1194 1373
2566 2 2 1 1 1374 1197 1373
2567 2 2 1 1 1398 1369 1371
2568 2 2 1 1 1394 1398 1371
2569 2 2 1 1 1399 1367 1369
2570 2 2 1 1 1398 1399 1369
2571 2 2 1 1 1400 1365 1367
2572 2 2 1 1 1399 1400 1367
2573 2 2 1 1 1401 1363 1365
2574 2 2 1 1 1400 1401 1365
2575 2 2 1 1 580 537 1363
2576 2 2 1 1 1401 580 1363
2577 2 2 1 1 1311 1390 568
2578 2 2 1 1 479 1311 568
2579 2 2 1 1 1315 1391 1390
2580 2 2 1 1 1311 1315 1390
2581 2 2 1 1 1319 1392 1391
2582 2 2 1 1 1315 1319 1391
2583 2 2 1 1 1323 1393 1392
2584 2 2 1 1 1319 1323 1392
2585 2 2 1 1 1195 1342 1397
2586 2 2 1 1 1194 1195 1397
2587 2 2 1 1 1196 1197 1393
2588 2 2 1 1 1323 1196 1393
2589 2 2 1 1 1342 1338 1396
2590 2 2 1 1 1397 1342 1396
2591 2 2 1 1 1338 1333 1395
2592 2 2 1 1 1396 1338 1395
2593 2 2 1 1 1333 1334 1394
2594 2 2 1 1 1395 1333 1394
2595 2 2 1 1 1349 1398 1394
2596 2 2 1 1 1334 1349 1394
2597 2 2 1 1 1353 1399 1398
2598 2 2 1 1 1349 1353 1398
2599 2 2 1 1 1357 1400 1399
2600 2 2 1 1 1353 1357 1399
2601 2 2 1 1 1361 1401 1400
2602 2 2 1 1 1357 1361 1400
2603 2 2 1 1 534 580 1401
2604 2 2 1 1 1361 534 1401
2605 2 2 1 1 1300 1307 1292
2606 2 2 1 1 1293 1300 1292
2607 2 2 1 1 1402 62 581
2608 2 2 1 1 1402 1402 581
2609 2 2 1 1 581 1404 1403
2610 2 2 1 1 1402 581 1403
2611 2 2 1 1 1404 1406 1405
2612 2 2 1 1 1403 1404 1405
2613 2 2 1 1 1406 1408 1407
2614 2 2 1 1 1405 1406 1407
2615 2 2 1 1 1408 1171 1409
2616 2 2 1 1 1407 1408 1409
2617 2 2 1 1 1411 1035 1410
2618 2 2 1 1 1411 1411 1410
2619 2 2 1 1 1411 1410 1412
2620 2 2 1 1 1413 1411 1412
2621 2 2 1 1 1413 1412 1414
2622 2 2 1 1 1415 1413 1414
2623 2 2 1 1 1415 1414 1416
2624 2 2 1 1 1417 1415 1416
2625 2 2 1 1 1418 1035 1411
2626 2 2 1 1 1418 1418 1411
2627 2 2 1 1 1155 1035 1418
2628 2 2 1 1 1155 1155 1418
2629 2 2 1 1 1411 1420 1419
2630 2 2 1 1 1418 1411 1419
2631 2 2 1 1 1418 1419 1421
2632 2 2 1 1 1155 1418 1421
2633 2 2 1 1 1420 1423 1422
2634 2 2 1 1 1419 1420 1422
2635 2 2 1 1 1419 1422 1424
2636 2 2 1 1 1421 1419 1424
2637 2 2 1 1 1423 1426 1425
2638 2 2 1 1 1422 1423 1425
2639 2 2 1 1 1422 1425 1427
2640 2 2 1 1 1424 1422 1427
2641 2 2 1 1 610 609 1428
2642 2 2 1 1 610 610 1428
2643 2 2 1 1 610 1428 1429
2644 2 2 1 1 612 610 1429
2645 2 2 1 1 612 1429 1430
2646 2 2 1 1 614 612 1430
2647 2 2 1 1 614 1430 1404
2648 2 2 1 1 581 614 1404
2649 2 2 1 1 1428 609 1431
2650 2 2 1 1 1428 1428 1431
2651 2 2 1 1 1428 1431 1432
2652 2 2 1 1 1429 1428 1432
2653 2 2 1 1 1429 1432 1433
2654 2 2 1 1 1430 1429 1433
2655 2 2 1 1 1430 1433 1406
2656 2 2 1 1 1404 1430 1406
2657 2 2 1 1 1431 609 1434
2658 2 2 1 1 1431 1431 1434
2659 2 2 1 1 1431 1434 1435
2660 2 2 1 1 1432 1431 1435
2661 2 2 1 1 1432 1435 1436
2662 2 2 1 1 1433 1432 1436
2663 2 2 1 1 1433 1436 1408
2664 2 2 1 1 1406 1433 1408
2665 2 2 1 1 1434 609 1437
2666 2 2 1 1 1434 1434 1437
2667 2 2 1 1 1434 1437 1438
2668 2 2 1 1 1435 1434 1438
2669 2 2 1 1 1435 1438 1439
2670 2 2 1 1 1436 1435 1439
2671 2 2 1 1 1436 1439 1171
2672 2 2 1 1 1408 1436 1171
2673 2 2 1 1 1437 609 1440
2674 2 2 1 1 1437 1437 1440
2675 2 2 1 1 1437 1440 1441
2676 2 2 1 1 1438 1437 1441
2677 2 2 1 1 1438 1441 1442
2678 2 2 1 1 1439 1438 1442
2679 2 2 1 1 1439 1442 1163
2680 2 2 1 1 1171 1439 1163
2681 2 2 1 1 1440 609 1443
2682 2 2 1 1 1440 1440 1443
2683 2 2 1 1 1440 1443 1444
2684 2 2 1 1 1441 1440 1444
2685 2 2 1 1 1441 1444 1445
2686 2 2 1 1 1442 1441 1445
2687 2 2 1 1 1442 1445 1177
2688 2 2 1 1 1163 1442 1177
2689 2 2 1 1 1443 609 1446
2690 2 2 1 1 1443 1443 1446
2691 2 2 1 1 1443 1446 1447
2692 2 2 1 1 1444 1443 1447
2693 2 2 1 1 1444 1447 1448
2694 2 2 1 1 1445 1444 1448
2695 2 2 1 1 1445 1448 1417
2696 2 2 1 1 1177 1445 1417
2697 2 2 1 1 1446 609 1449
2698 2 2 1 1 1446 1446 1449
2699 2 2 1 1 1446 1449 1450
2700 2 2 1 1 1447 1446 1450
2701 2 2 1 1 1447 1450 1451
2702 2 2 1 1 1448 1447 1451
2703 2 2 1 1 1448 1451 1415
2704 2 2 1 1 1417 1448 1415
2705 2 2 1 1 1449 609 1452
2706 2 2 1 1 1449 1449 1452
2707 2 2 1 1 1449 1452 1453
2708 2 2 1 1 1450 1449 1453
2709 2 2 1 1 1450 1453 1454
2710 2 2 1 1 1451 1450 1454
2711 2 2 1 1 1451 1454 1413
2712 2 2 1 1 1415 1451 1413
2713 2 2 1 1 1452 609 1455
2714 2 2 1 1 1452 1452 1455
2715 2 2 1 1 1452 1455 1456
2716 2 2 1 1 1453 1452 1456
2717 2 2 1 1 1453 1456 1457
2718 2 2 1 1 1454 1453 1457
2719 2 2 1 1 1454 1457 1411
2720 2 2 1 1 1413 1454 1411
2721 2 2 1 1 1455 609 1458
2722 2 2 1 1 1455 1455 1458
2723 2 2 1 1 1455 1458 1459
2724 2 2 1 1 1456 1455 1459
2725 2 2 1 1 1456 1459 1460
2726 2 2 1 1 1457 1456 1460
2727 2 2 1 1 1457 1460 1420
2728 2 2 1 1 1411 1457 1420
2729 2 2 1 1 1458 609 1461
2730 2 2 1 1 1458 1458 1461
2731 2 2 1 1 1458 1461 1462
2732 2 2 1 1 1459 1458 1462
2733 2 2 1 1 1459 1462 1463
2734 2 2 1 1 1460 1459 1463
2735 2 2 1 1 1460 1463 1423
2736 2 2 1 1 1420 1460 1423
2737 2 2 1 1 1461 609 1464
2738 2 2 1 1 1461 1461 1464
2739 2 2 1 1 1461 1464 1465
2740 2 2 1 1 1462 1461 1465
2741 2 2 1 1 1462 1465 1466
2742 2 2 1 1 1463 1462 1466
2743 2 2 1 1 1463 1466 1426
2744 2 2 1 1 1423 1463 1426
2745 2 2 1 1 1464 609 1467
2746 2 2 1 1 1464 1464 1467
2747 2 2 1 1 1464 1467 1468
2748 2 2 1 1 1465 1464 1468
2749 2 2 1 1 1465 1468 1469
2750 2 2 1 1 1466 1465 1469
2751 2 2 1 1 1466 1469 1192
2752 2 2 1 1 1426 1466 1192
2753 2 2 1 1 1467 609 654
2754 2 2 1 1 1467 1467 654
2755 2 2 1 1 1467 654 655
2756 2 2 1 1 1468 1467 655
2757 2 2 1 1 1468 655 656
2758 2 2 1 1 1469 1468 656
2759 2 2 1 1 1469 656 214
2760 2 2 1 1 1192 1469 214
2761 2 2 1 1 1157 62 1402
2762 2 2 1 1 1157 1157 1402
2763 2 2 1 1 1402 1403 1470
2764 2 2 1 1 1157 1402 1470
2765 2 2 1 1 1403 1405 1471
2766 2 2 1 1 1470 1403 1471
2767 2 2 1 1 1405 1407 1472
2768 2 2 1 1 1471 1405 1472
2769 2 2 1 1 1407 1409 1172
2770 2 2 1 1 1472 1407 1172
2771 2 2 1 1 1414 1474 1473
2772 2 2 1 1 1416 1414 1473
2773 2 2 1 1 1412 1475 1474
2774 2 2 1 1 1414 1412 1474
2775 2 2 1 1 1410 1169 1475
2776 2 2 1 1 1412 1410 1475
2777 2 2 1 1 1410 1035 1169
2778 2 2 1 1 1410 1410 1169
2779 2 2 1 1 1416 1473 1176
2780 2 2 1 1 1476 1416 1176
2781 2 2 1 1 1417 1416 1476
2782 2 2 1 1 1177 1417 1476
2783 2 2 1 1 665 300 1477
2784 2 2 1 1 665 665 1477
2785 2 2 1 1 665 1477 1478
2786 2 2 1 1 1479 665 1478
2787 2 2 1 1 1479 1478 1480
2788 2 2 1 1 1481 1479 1480
2789 2 2 1 1 1481 1480 1482
2790 2 2 1 1 1483 1481 1482
2791 2 2 1 1 1483 1482 1484
2792 2 2 1 1 1181 1483 1484
2793 2 2 1 1 1486 1087 1485
2794 2 2 1 1 1486 1486 1485
2795 2 2 1 1 1485 1488 1487
2796 2 2 1 1 1486 1485 1487
2797 2 2 1 1 1488 1490 1489
2798 2 2 1 1 1487 1488 1489
2799 2 2 1 1 1490 1492 1491
2800 2 2 1 1 1489 1490 1491
2801 2 2 1 1 1485 1087 1493
2802 2 2 1 1 1485 1485 1493
2803 2 2 1 1 1493 1087 1139
2804 2 2 1 1 1493 1493 1139
2805 2 2 1 1 1485 1493 1494
2806 2 2 1 1 1495 1485 1494
2807 2 2 1 1 1493 1139 1496
2808 2 2 1 1 1494 1493 1496
2809 2 2 1 1 1495 1494 1497
2810 2 2 1 1 1498 1495 1497
2811 2 2 1 1 1494 1496 1499
2812 2 2 1 1 1497 1494 1499
2813 2 2 1 1 1498 1497 1500
2814 2 2 1 1 1501 1498 1500
2815 2 2 1 1 1497 1499 1502
2816 2 2 1 1 1500 1497 1502
2817 2 2 1 1 693 692 1503
2818 2 2 1 1 1504 693 1503
2819 2 2 1 1 692 696 1505
2820 2 2 1 1 1503 692 1505
2821 2 2 1 1 696 698 1506
2822 2 2 1 1 1505 696 1506
2823 2 2 1 1 698 700 1507
2824 2 2 1 1 1506 698 1507
2825 2 2 1 1 700 702 1508
2826 2 2 1 1 1507 700 1508
2827 2 2 1 1 702 704 1509
2828 2 2 1 1 1508 702 1509
2829 2 2 1 1 704 706 1510
2830 2 2 1 1 1509 704 1510
2831 2 2 1 1 706 708 1511
2832 2 2 1 1 1510 706 1511
2833 2 2 1 1 708 665 1479
2834 2 2 1 1 1511 708 1479
2835 2 2 1 1 1503 1505 1512
2836 2 2 1 1 1513 1503 1512
2837 2 2 1 1 1505 1506 1514
2838 2 2 1 1 1512 1505 1514
2839 2 2 1 1 1506 1507 1515
2840 2 2 1 1 1514 1506 1515
2841 2 2 1 1 1507 1508 1516
2842 2 2 1 1 1515 1507 1516
2843 2 2 1 1 1508 1509 1517
2844 2 2 1 1 1516 1508 1517
2845 2 2 1 1 1509 1510 1518
2846 2 2 1 1 1517 1509 1518
2847 2 2 1 1 1510 1511 1519
2848 2 2 1 1 1518 1510 1519
2849 2 2 1 1 1511 1479 1481
2850 2 2 1 1 1519 1511 1481
2851 2 2 1 1 1513 1512 1520
2852 2 2 1 1 1521 1513 1520
2853 2 2 1 1 1512 1514 1522
2854 2 2 1 1 1520 1512 1522
2855 2 2 1 1 1514 1515 1523
2856 2 2 1 1 1522 1514 1523
2857 2 2 1 1 1515 1516 1524
2858 2 2 1 1 1523 1515 1524
2859 2 2 1 1 1516 1517 1525
2860 2 2 1 1 1524 1516 1525
2861 2 2 1 1 1517 1518 1526
2862 2 2 1 1 1525 1517 1526
2863 2 2 1 1 1518 1519 1527
2864 2 2 1 1 1526 1518 1527
2865 2 2 1 1 1519 1481 1483
2866 2 2 1 1 1527 1519 1483
2867 2 2 1 1 1520 1522 1528
2868 2 2 1 1 1529 1520 1528
2869 2 2 1 1 1522 1523 1530
2870 2 2 1 1 1528 1522 1530
2871 2 2 1 1 1523 1524 1531
2872 2 2 1 1 1530 1523 1531
2873 2 2 1 1 1524 1525 1532
2874 2 2 1 1 1531 1524 1532
2875 2 2 1 1 1525 1526 1533
2876 2 2 1 1 1532 1525 1533
2877 2 2 1 1 1526 1527 1534
2878 2 2 1 1 1533 1526 1534
2879 2 2 1 1 1527 1483 1181
2880 2 2 1 1 1534 1527 1181
2881 2 2 1 1 1536 1529 1535
2882 2 2 1 1 1537 1536 1535
2883 2 2 1 1 1529 1528 1538
2884 2 2 1 1 1535 1529 1538
2885 2 2 1 1 1528 1530 1539
2886 2 2 1 1 1538 1528 1539
2887 2 2 1 1 1530 1531 1540
2888 2 2 1 1 1539 1530 1540
2889 2 2 1 1 1531 1532 1541
2890 2 2 1 1 1540 1531 1541
2891 2 2 1 1 1532 1533 1542
2892 2 2 1 1 1541 1532 1542
2893 2 2 1 1 1533 1534 1543
2894 2 2 1 1 1542 1533 1543
2895 2 2 1 1 1534 1181 1145
2896 2 2 1 1 1543 1534 1145
2897 2 2 1 1 1546 1545 1544
2898 2 2 1 1 1547 1546 1544
2899 2 2 1 1 1547 1544 1548
2900 2 2 1 1 1549 1547 1548
2901 2 2 1 1 1549 1548 1550
2902 2 2 1 1 1551 1549 1550
2903 2 2 1 1 1551 1550 1552
2904 2 2 1 1 1553 1551 1552
2905 2 2 1 1 1553 1552 1554
2906 2 2 1 1 1555 1553 1554
2907 2 2 1 1 1555 1554 1556
2908 2 2 1 1 1557 1555 1556
2909 2 2 1 1 1557 1556 1558
2910 2 2 1 1 1559 1557 1558
2911 2 2 1 1 1559 1558 1488
2912 2 2 1 1 1485 1559 1488
2913 2 2 1 1 1545 1561 1560
2914 2 2 1 1 1544 1545 1560
2915 2 2 1 1 1544 1560 1562
2916 2 2 1 1 1548 1544 1562
2917 2 2 1 1 1548 1562 1563
2918 2 2 1 1 1550 1548 1563
2919 2 2 1 1 1550 1563 1564
2920 2 2 1 1 1552 1550 1564
2921 2 2 1 1 1552 1564 1565
2922 2 2 1 1 1554 1552 1565
2923 2 2 1 1 1554 1565 1566
2924 2 2 1 1 1556 1554 1566
2925 2 2 1 1 1556 1566 1567
2926 2 2 1 1 1558 1556 1567
2927 2 2 1 1 1558 1567 1490
2928 2 2 1 1 1488 1558 1490
2929 2 2 1 1 1561 1569 1568
2930 2 2 1 1 1560 1561 1568
2931 2 2 1 1 1560 1568 1570
2932 2 2 1 1 1562 1560 1570
2933 2 2 1 1 1562 1570 1571
2934 2 2 1 1 1563 1562 1571
2935 2 2 1 1 1563 1571 1572
2936 2 2 1 1 1564 1563 1572
2937 2 2 1 1 1564 1572 1573
2938 2 2 1 1 1565 1564 1573
2939 2 2 1 1 1565 1573 1574
2940 2 2 1 1 1566 1565 1574
2941 2 2 1 1 1566 1574 1575
2942 2 2 1 1 1567 1566 1575
2943 2 2 1 1 1567 1575 1492
2944 2 2 1 1 1490 1567 1492
2945 2 2 1 1 1569 1577 1576
2946 2 2 1 1 1568 1569 1576
2947 2 2 1 1 1568 1576 1578
2948 2 2 1 1 1570 1568 1578
2949 2 2 1 1 1570 1578 1579
2950 2 2 1 1 1571 1570 1579
2951 2 2 1 1 1571 1579 1580
2952 2 2 1 1 1572 1571 1580
2953 2 2 1 1 1572 1580 1581
2954 2 2 1 1 1573 1572 1581
2955 2 2 1 1 1573 1581 1582
2956 2 2 1 1 1574 1573 1582
2957 2 2 1 1 1574 1582 1583
2958 2 2 1 1 1575 1574 1583
2959 2 2 1 1 1575 1583 1183
2960 2 2 1 1 1492 1575 1183
2961 2 2 1 1 1577 1537 1535
2962 2 2 1 1 1576 1577 1535
2963 2 2 1 1 1576 1535 1538
2964 2 2 1 1 1578 1576 1538
2965 2 2 1 1 1578 1538 1539
2966 2 2 1 1 1579 1578 1539
2967 2 2 1 1 1579 1539 1540
2968 2 2 1 1 1580 1579 1540
2969 2 2 1 1 1580 1540 1541
2970 2 2 1 1 1581 1580 1541
2971 2 2 1 1 1581 1541 1542
2972 2 2 1 1 1582 1581 1542
2973 2 2 1 1 1582 1542 1543
2974 2 2 1 1 1583 1582 1543
2975 2 2 1 1 1583 1543 1145
2976 2 2 1 1 1183 1583 1145
2977 2 2 1 1 1547 1549 1584
2978 2 2 1 1 1585 1547 1584
2979 2 2 1 1 1549 1551 1586
2980 2 2 1 1 1584 1549 1586
2981 2 2 1 1 1551 1553 1587
2982 2 2 1 1 1586 1551 1587
2983 2 2 1 1 1553 1555 1588
2984 2 2 1 1 1587 1553 1588
2985 2 2 1 1 1555 1557 1589
2986 2 2 1 1 1588 1555 1589
2987 2 2 1 1 1557 1559 1590
2988 2 2 1 1 1589 1557 1590
2989 2 2 1 1 1559 1485 1495
2990 2 2 1 1 1590 1559 1495
2991 2 2 1 1 1585 1584 1591
2992 2 2 1 1 1592 1585 1591
2993 2 2 1 1 1584 1586 1593
2994 2 2 1 1 1591 1584 1593
2995 2 2 1 1 1586 1587 1594
2996 2 2 1 1 1593 1586 1594
2997 2 2 1 1 1587 1588 1595
2998 2 2 1 1 1594 1587 1595
2999 2 2 1 1 1588 1589 1596
3000 2 2 1 1 1595 1588 1596
3001 2 2 1 1 1589 1590 1597
3002 2 2 1 1 1596 1589 1597
3003 2 2 1 1 1590 1495 1498
3004 2 2 1 1 1597 1590 1498
3005 2 2 1 1 1599 1592 1598
3006 2 2 1 1 1600 1599 1598
3007 2 2 1 1 1592 1591 1601
3008 2 2 1 1 1598 1592 1601
3009 2 2 1 1 1591 1593 1602
3010 2 2 1 1 1601 1591 1602
3011 2 2 1 1 1593 1594 1603
3012 2 2 1 1 1602 1593 1603
3013 2 2 1 1 1594 1595 1604
3014 2 2 1 1 1603 1594 1604
3015 2 2 1 1 1595 1596 1605
3016 2 2 1 1 1604 1595 1605
3017 2 2 1 1 1596 1597 1606
3018 2 2 1 1 1605 1596 1606
3019 2 2 1 1 1597 1498 1501
3020 2 2 1 1 1606 1597 1501
3021 2 2 1 1 1600 1598 1607
3022 2 2 1 1 1608 1600 1607
3023 2 2 1 1 1598 1601 1609
3024 2 2 1 1 1607 1598 1609
3025 2 2 1 1 1601 1602 1610
3026 2 2 1 1 1609 1601 1610
3027 2 2 1 1 1602 1603 1611
3028 2 2 1 1 1610 1602 1611
3029 2 2 1 1 1603 1604 1612
3030 2 2 1 1 1611 1603 1612
3031 2 2 1 1 1604 1605 1613
3032 2 2 1 1 1612 1604 1613
3033 2 2 1 1 1605 1606 1614
3034 2 2 1 1 1613 1605 1614
3035 2 2 1 1 1606 1501 1187
3036 2 2 1 1 1614 1606 1187
3037 2 2 1 1 1608 1607 812
3038 2 2 1 1 813 1608 812
3039 2 2 1 1 1607 1609 814
3040 2 2 1 1 812 1607 814
3041 2 2 1 1 1609 1610 815
3042 2 2 1 1 814 1609 815
3043 2 2 1 1 1610 1611 816
3044 2 2 1 1 815 1610 816
3045 2 2 1 1 1611 1612 817
3046 2 2 1 1 816 1611 817
3047 2 2 1 1 1612 1613 818
3048 2 2 1 1 817 1612 818
3049 2 2 1 1 1613 1614 819
3050 2 2 1 1 818 1613 819
3051 2 2 1 1 1614 1187 282
3052 2 2 1 1 819 1614 282
3053 2 2 1 1 1615 1087 1486
3054 2 2 1 1 1615 1615 1486
3055 2 2 1 1 1486 1487 1616
3056 2 2 1 1 1615 1486 1616
3057 2 2 1 1 1491 1617 1184
3058 2 2 1 1 1618 1491 1184
3059 2 2 1 1 1492 1183 1617
3060 2 2 1 1 1491 1492 1617
3061 2 2 1 1 1489 1491 1618
3062 2 2 1 1 1619 1489 1618
3063 2 2 1 1 1487 1489 1619
3064 2 2 1 1 1616 1487 1619
3065 2 2 1 1 1482 1620 1180
3066 2 2 1 1 1484 1482 1180
3067 2 2 1 1 1480 1621 1620
3068 2 2 1 1 1482 1480 1620
3069 2 2 1 1 1478 1622 1621
3070 2 2 1 1 1480 1478 1621
3071 2 2 1 1 1477 1153 1622
3072 2 2 1 1 1478 1477 1622
3073 2 2 1 1 1477 300 1153
3074 2 2 1 1 1477 1477 1153
3075 2 2 1 1 1521 1520 1529
3076 2 2 1 1 1536 1521 1529
3077 2 2 1 1 1625 1624 1623
3078 2 2 1 1 1626 1625 1623
3079 2 2 1 1 1626 1623 1627
3080 2 2 1 1 1628 1626 1627
3081 2 2 1 1 1628 1627 1629
3082 2 2 1 1 1630 1628 1629
3083 2 2 1 1 1633 1632 1631
3084 2 2 1 1 1634 1633 1631
3085 2 2 1 1 1632 1636 1635
3086 2 2 1 1 1631 1632 1635
3087 2 2 1 1 1639 1638 1637
3088 2 2 1 1 1640 1639 1637
3089 2 2 1 1 1633 1634 1641
3090 2 2 1 1 1642 1633 1641
3091 2 2 1 1 1642 1641 1643
3092 2 2 1 1 1644 1642 1643
3093 2 2 1 1 1644 1643 1645
3094 2 2 1 1 1646 1644 1645
3095 2 2 1 1 1648 1646 1647
3096 2 2 1 1 1649 1648 1647
3097 2 2 1 1 1646 1645 1650
3098 2 2 1 1 1647 1646 1650
3099 2 2 1 1 1647 1650 856
3100 2 2 1 1 857 1647 856
3101 2 2 1 1 1501 1500 1651
3102 2 2 1 1 1187 1501 1651
3103 2 2 1 1 1500 1502 1186
3104 2 2 1 1 1651 1500 1186
3105 2 2 1 1 1652 1615 1012
3106 2 2 1 1 1652 1652 1012
3107 2 2 1 1 1012 1653 1652
3108 2 2 1 1 1012 1012 1652
3109 2 2 1 1 1653 1087 1652
3110 2 2 1 1 1653 1653 1652
3111 2 2 1 1 1043 1653 1012
3112 2 2 1 1 1008 1043 1012
3113 2 2 1 1 1044 1087 1653
3114 2 2 1 1 1043 1044 1653
3115 2 2 1 1 1036 1654 1035
3116 2 2 1 1 1036 1036 1035
3117 2 2 1 1 1169 1654 1036
3118 2 2 1 1 1169 1169 1036
3119 2 2 1 1 1425 1655 1190
3120 2 2 1 1 1427 1425 1190
3121 2 2 1 1 1426 1192 1655
3122 2 2 1 1 1425 1426 1655
3123 2 2 1 1 1656 1504 1624
3124 2 2 1 1 1625 1656 1624
3125 2 2 1 1 864 693 1504
3126 2 2 1 1 1656 864 1504
3127 2 2 1 1 865 864 1656
3128 2 2 1 1 1307 865 1656
3129 2 2 1 1 1307 1656 1625
3130 2 2 1 1 1292 1307 1625
3131 2 2 1 1 1292 1625 1626
3132 2 2 1 1 1657 1292 1626
3133 2 2 1 1 1657 1626 1628
3134 2 2 1 1 1276 1657 1628
3135 2 2 1 1 1276 1628 1630
3136 2 2 1 1 1236 1276 1630
3137 2 2 1 1 1239 1236 1630
3138 2 2 1 1 1638 1239 1630
3139 2 2 1 1 1253 1239 1638
3140 2 2 1 1 1639 1253 1638
3141 2 2 1 1 1261 1253 1639
3142 2 2 1 1 1636 1261 1639
3143 2 2 1 1 1269 1261 1636
3144 2 2 1 1 1632 1269 1636
3145 2 2 1 1 1228 1269 1632
3146 2 2 1 1 1633 1228 1632
3147 2 2 1 1 1228 1633 1642
3148 2 2 1 1 1220 1228 1642
3149 2 2 1 1 1219 1644 1646
3150 2 2 1 1 1648 1219 1646
3151 2 2 1 1 1220 1642 1644
3152 2 2 1 1 1219 1220 1644
3153 2 2 1 1 1212 1219 1648
3154 2 2 1 1 1205 1212 1648
3155 2 2 1 1 1205 1648 1649
3156 2 2 1 1 1198 1205 1649
3157 2 2 1 1 1649 1647 857
3158 2 2 1 1 867 1649 857
3159 2 2 1 1 1198 1649 867
3160 2 2 1 1 347 1198 867
3161 2 2 1 1 1650 1608 813
3162 2 2 1 1 856 1650 813
3163 2 2 1 1 1645 1600 1608
3164 2 2 1 1 1650 1645 1608
3165 2 2 1 1 1643 1599 1600
3166 2 2 1 1 1645 1643 1600
3167 2 2 1 1 1546 1547 1585
3168 2 2 1 1 1658 1546 1585
3169 2 2 1 1 1658 1585 1592
3170 2 2 1 1 1599 1658 1592
3171 2 2 1 1 1634 1546 1658
3172 2 2 1 1 1641 1634 1658
3173 2 2 1 1 1634 1631 1545
3174 2 2 1 1 1546 1634 1545
3175 2 2 1 1 1631 1635 1561
3176 2 2 1 1 1545 1631 1561
3177 2 2 1 1 1635 1640 1569
3178 2 2 1 1 1561 1635 1569
3179 2 2 1 1 1636 1639 1640
3180 2 2 1 1 1635 1636 1640
3181 2 2 1 1 1640 1637 1577
3182 2 2 1 1 1569 1640 1577
3183 2 2 1 1 1637 1629 1537
3184 2 2 1 1 1577 1637 1537
3185 2 2 1 1 1638 1630 1629
3186 2 2 1 1 1637 1638 1629
3187 2 2 1 1 1627 1536 1537
3188 2 2 1 1 1629 1627 1537
3189 2 2 1 1 1623 1521 1536
3190 2 2 1 1 1627 1623 1536
3191 2 2 1 1 1504 1503 1513
3192 2 2 1 1 1624 1504 1513
3193 2 2 1 1 1624 1513 1521
3194 2 2 1 1 1623 1624 1521
3195 2 2 1 1 1641 1658 1599
3196 2 2 1 1 1643 1641 1599
$EndElements
