# Converted from GDF: L02 OC4 Semi-sub mesh.gdf
# Rhino->WAMIT file export (mesh)
# Vertices: 1778
# Faces: 4276

o Rhino->WAMIT_file_export_(mesh)

v 2.321430 0.812500 -20.000000
v 3.250000 0.000000 -20.000000
v 2.321430 0.000000 -20.000000
v -3.250000 -0.000000 -20.000000
v -2.321430 0.812500 -20.000000
v -2.321430 0.000000 -20.000000
v 1.392860 0.000000 -20.000000
v 1.392860 0.812500 -20.000000
v 0.464290 0.000000 -20.000000
v 0.464290 0.812500 -20.000000
v -0.464290 0.000000 -20.000000
v -0.464290 0.812500 -20.000000
v -1.392860 0.000000 -20.000000
v -1.392860 0.812500 -20.000000
v 3.250000 0.000000 -18.277780
v 3.027750 1.181210 -20.000000
v 3.027750 1.181210 -18.277780
v -3.006330 1.234710 -18.277780
v -3.006330 1.234710 -20.000000
v -3.250000 -0.000000 -18.277780
v 3.027750 1.181210 -16.555560
v 3.250000 0.000000 -16.555560
v 3.027750 1.181210 -14.833330
v 3.250000 0.000000 -14.833330
v 3.027750 1.181210 -13.111110
v 3.250000 0.000000 -13.111110
v 3.027750 1.181210 -11.388890
v 3.250000 0.000000 -11.388890
v 3.027750 1.181210 -9.666670
v 3.250000 0.000000 -9.666670
v 3.027750 1.181210 -7.944440
v 3.250000 0.000000 -7.944440
v 3.027750 1.181210 -6.222220
v 3.250000 0.000000 -6.222220
v 3.027750 1.181210 -4.500000
v 3.250000 0.000000 -4.500000
v 3.027750 1.181210 -2.777780
v 3.250000 0.000000 -2.777780
v 3.027750 1.181210 -1.055560
v 3.250000 0.000000 -1.055560
v 3.027750 1.181210 0.666670
v 3.250000 0.000000 0.666670
v 3.027750 1.181210 2.388890
v 3.250000 0.000000 2.388890
v 3.027750 1.181210 4.111110
v 3.250000 0.000000 4.111110
v 3.027750 1.181210 5.833330
v 3.250000 0.000000 5.833330
v 3.027750 1.181210 7.555560
v 3.250000 0.000000 7.555560
v 3.027750 1.181210 9.277780
v 3.250000 0.000000 9.277780
v -3.250000 -0.000000 -16.555560
v -3.006330 1.234710 -16.555560
v -3.250000 -0.000000 -14.833330
v -3.006330 1.234710 -14.833330
v -3.250000 -0.000000 -13.111110
v -3.006330 1.234710 -13.111110
v -3.250000 -0.000000 -11.388890
v -3.006330 1.234710 -11.388890
v -3.250000 -0.000000 -9.666670
v -3.006330 1.234710 -9.666670
v -3.250000 -0.000000 -7.944440
v -3.006330 1.234710 -7.944440
v -3.250000 -0.000000 -6.222220
v -3.006330 1.234710 -6.222220
v -3.250000 -0.000000 -4.500000
v -3.006330 1.234710 -4.500000
v -3.250000 -0.000000 -2.777780
v -3.006330 1.234710 -2.777780
v -3.250000 -0.000000 -1.055560
v -3.006330 1.234710 -1.055560
v -3.250000 -0.000000 0.666670
v -3.006330 1.234710 0.666670
v -3.250000 -0.000000 2.388890
v -3.006330 1.234710 2.388890
v -3.250000 -0.000000 4.111110
v -3.006330 1.234710 4.111110
v -3.250000 -0.000000 5.833330
v -3.006330 1.234710 5.833330
v -3.250000 -0.000000 7.555560
v -3.006330 1.234710 7.555560
v -3.250000 -0.000000 9.277780
v -3.006330 1.234710 9.277780
v 2.321430 1.625000 -20.000000
v 1.392860 1.625000 -20.000000
v 2.321910 2.274040 -20.000000
v 1.392860 2.437500 -20.000000
v 1.234710 3.006330 -20.000000
v 0.464290 2.437500 -20.000000
v -0.000000 3.250000 -20.000000
v -0.464290 2.437500 -20.000000
v -1.392860 2.437500 -20.000000
v -2.274040 2.321910 -20.000000
v -1.181210 3.027750 -20.000000
v -1.392860 1.625000 -20.000000
v -2.321430 1.625000 -20.000000
v 0.464290 1.625000 -20.000000
v -0.464290 1.625000 -20.000000
v 1.234710 3.006330 -18.277780
v -0.000000 3.250000 -18.277780
v 2.321910 2.274040 -18.277780
v -1.181210 3.027750 -18.277780
v -2.274040 2.321910 -18.277780
v 2.321910 2.274040 -16.555560
v 2.321910 2.274040 -14.833330
v 2.321910 2.274040 -13.111110
v 2.321910 2.274040 -11.388890
v 2.321910 2.274040 -9.666670
v 2.321910 2.274040 -7.944440
v 2.321910 2.274040 -6.222220
v 2.321910 2.274040 -4.500000
v 2.321910 2.274040 -2.777780
v 2.321910 2.274040 -1.055560
v 2.321910 2.274040 0.666670
v 2.321910 2.274040 2.388890
v 2.321910 2.274040 4.111110
v 2.321910 2.274040 5.833330
v 2.321910 2.274040 7.555560
v 2.321910 2.274040 9.277780
v 1.234710 3.006330 -16.555560
v 1.234710 3.006330 -14.833330
v 1.234710 3.006330 -13.111110
v 1.234710 3.006330 -11.388890
v 1.234710 3.006330 -9.666670
v 1.234710 3.006330 -7.944440
v 1.234710 3.006330 -6.222220
v 1.234710 3.006330 -4.500000
v 1.234710 3.006330 -2.777780
v 1.234710 3.006330 -1.055560
v 1.234710 3.006330 0.666670
v 1.234710 3.006330 2.388890
v 1.234710 3.006330 4.111110
v 1.234710 3.006330 5.833330
v 1.234710 3.006330 7.555560
v 1.234710 3.006330 9.277780
v -0.000000 3.250000 -16.555560
v -0.000000 3.250000 -14.833330
v -0.000000 3.250000 -13.111110
v -0.000000 3.250000 -11.388890
v -0.000000 3.250000 -9.666670
v -0.000000 3.250000 -7.944440
v -0.000000 3.250000 -6.222220
v -0.000000 3.250000 -4.500000
v -0.000000 3.250000 -2.777780
v -0.000000 3.250000 -1.055560
v -0.000000 3.250000 0.666670
v -0.000000 3.250000 2.388890
v -0.000000 3.250000 4.111110
v -0.000000 3.250000 5.833330
v -0.000000 3.250000 7.555560
v -0.000000 3.250000 9.277780
v -1.181210 3.027750 -16.555560
v -1.181210 3.027750 -14.833330
v -1.181210 3.027750 -13.111110
v -1.181210 3.027750 -11.388890
v -1.181210 3.027750 -9.666670
v -1.181210 3.027750 -7.944440
v -1.181210 3.027750 -6.222220
v -1.181210 3.027750 -4.500000
v -1.181210 3.027750 -2.777780
v -1.181210 3.027750 -1.055560
v -1.181210 3.027750 0.666670
v -1.181210 3.027750 2.388890
v -1.181210 3.027750 4.111110
v -1.181210 3.027750 5.833330
v -1.181210 3.027750 7.555560
v -1.181210 3.027750 9.277780
v -2.274040 2.321910 -16.555560
v -2.274040 2.321910 -14.833330
v -2.274040 2.321910 -13.111110
v -2.274040 2.321910 -11.388890
v -2.274040 2.321910 -9.666670
v -2.274040 2.321910 -7.944440
v -2.274040 2.321910 -6.222220
v -2.274040 2.321910 -4.500000
v -2.274040 2.321910 -2.777780
v -2.274040 2.321910 -1.055560
v -2.274040 2.321910 0.666670
v -2.274040 2.321910 2.388890
v -2.274040 2.321910 4.111110
v -2.274040 2.321910 5.833330
v -2.274040 2.321910 7.555560
v -2.274040 2.321910 9.277780
v -24.070000 1.200000 12.000000
v -24.070000 0.000000 12.000000
v -22.870000 0.000000 12.000000
v -33.670000 0.000000 12.000000
v -33.670000 1.200000 12.000000
v -34.870000 -0.000000 12.000000
v -25.270000 1.200000 12.000000
v -25.270000 0.000000 12.000000
v -26.470000 1.200000 12.000000
v -26.470000 0.000000 12.000000
v -27.670000 1.200000 12.000000
v -27.670000 0.000000 12.000000
v -28.870000 1.200000 12.000000
v -28.870000 0.000000 12.000000
v -30.070000 1.200000 12.000000
v -30.070000 0.000000 12.000000
v -31.270000 1.200000 12.000000
v -31.270000 0.000000 12.000000
v -32.470000 1.200000 12.000000
v -32.470000 0.000000 12.000000
v -22.870000 0.000000 -10.750000
v -22.870000 0.000000 -14.000000
v -23.280320 2.180700 -14.000000
v -23.280320 2.180700 -10.750000
v -34.420140 2.279460 -10.750000
v -34.420140 2.279460 -14.000000
v -34.870000 -0.000000 -14.000000
v -34.870000 -0.000000 -10.750000
v -22.870000 0.000000 8.750000
v -23.280320 2.180700 8.750000
v -23.280320 2.180700 12.000000
v -34.870000 -0.000000 8.750000
v -34.420140 2.279460 12.000000
v -34.420140 2.279460 8.750000
v -23.280320 2.180700 -7.500000
v -22.870000 0.000000 -7.500000
v -23.280320 2.180700 -4.250000
v -22.870000 0.000000 -4.250000
v -23.280320 2.180700 -1.000000
v -22.870000 0.000000 -1.000000
v -23.280320 2.180700 2.250000
v -22.870000 0.000000 2.250000
v -23.280320 2.180700 5.500000
v -22.870000 0.000000 5.500000
v -34.870000 -0.000000 -7.500000
v -34.420140 2.279460 -7.500000
v -34.870000 -0.000000 -4.250000
v -34.420140 2.279460 -4.250000
v -34.870000 -0.000000 -1.000000
v -34.420140 2.279460 -1.000000
v -34.870000 -0.000000 2.250000
v -34.420140 2.279460 2.250000
v -34.870000 -0.000000 5.500000
v -34.420140 2.279460 5.500000
v -17.042300 2.026220 -20.000000
v -16.870000 0.000000 -20.000000
v -19.270000 0.000000 -20.000000
v -40.674100 2.159460 -20.000000
v -38.470000 0.000000 -20.000000
v -40.870000 -0.000000 -20.000000
v -21.670000 0.000000 -20.000000
v -21.670000 2.400000 -20.000000
v -19.270000 2.400000 -20.000000
v -24.070000 0.000000 -20.000000
v -24.070000 2.400000 -20.000000
v -26.470000 0.000000 -20.000000
v -26.470000 2.400000 -20.000000
v -28.870000 0.000000 -20.000000
v -28.870000 2.400000 -20.000000
v -31.270000 0.000000 -20.000000
v -31.270000 2.400000 -20.000000
v -33.670000 0.000000 -20.000000
v -33.670000 2.400000 -20.000000
v -36.070000 0.000000 -20.000000
v -36.070000 2.400000 -20.000000
v -38.470000 2.400000 -20.000000
v -19.270000 0.000000 -14.000000
v -16.870000 0.000000 -14.000000
v -17.042300 2.026220 -14.000000
v -21.670000 2.400000 -14.000000
v -21.670000 0.000000 -14.000000
v -36.070000 0.000000 -14.000000
v -36.070000 2.400000 -14.000000
v -38.470000 0.000000 -14.000000
v -40.674100 2.159460 -14.000000
v -40.870000 -0.000000 -14.000000
v -19.270000 2.400000 -14.000000
v -38.470000 2.400000 -14.000000
v -16.870000 0.000000 -18.000000
v -17.042300 2.026220 -18.000000
v -40.674100 2.159460 -18.000000
v -40.870000 -0.000000 -18.000000
v -16.870000 0.000000 -16.000000
v -17.042300 2.026220 -16.000000
v -40.870000 -0.000000 -16.000000
v -40.674100 2.159460 -16.000000
v -25.270000 3.600000 12.000000
v -24.070000 2.400000 12.000000
v -24.583400 4.198220 12.000000
v -26.470000 4.800000 12.000000
v -26.590540 5.550140 12.000000
v -25.270000 2.400000 12.000000
v -26.470000 3.600000 12.000000
v -28.870000 6.000000 12.000000
v -27.670000 4.800000 12.000000
v -31.270000 4.800000 12.000000
v -32.470000 3.600000 12.000000
v -31.270000 3.600000 12.000000
v -28.870000 4.800000 12.000000
v -30.070000 4.800000 12.000000
v -31.050700 5.589680 12.000000
v -33.068220 4.286600 12.000000
v -33.670000 2.400000 12.000000
v -32.470000 2.400000 12.000000
v -26.470000 2.400000 12.000000
v -27.670000 2.400000 12.000000
v -27.670000 3.600000 12.000000
v -28.870000 2.400000 12.000000
v -28.870000 3.600000 12.000000
v -30.070000 2.400000 12.000000
v -30.070000 3.600000 12.000000
v -31.270000 2.400000 12.000000
v -26.590540 5.550140 -10.750000
v -26.590540 5.550140 -14.000000
v -28.870000 6.000000 -14.000000
v -28.870000 6.000000 -10.750000
v -24.583400 4.198220 -14.000000
v -24.583400 4.198220 -10.750000
v -31.050700 5.589680 -10.750000
v -31.050700 5.589680 -14.000000
v -33.068220 4.286600 -14.000000
v -33.068220 4.286600 -10.750000
v -26.590540 5.550140 8.750000
v -28.870000 6.000000 8.750000
v -24.583400 4.198220 8.750000
v -31.050700 5.589680 8.750000
v -33.068220 4.286600 8.750000
v -24.583400 4.198220 -7.500000
v -24.583400 4.198220 -4.250000
v -24.583400 4.198220 -1.000000
v -24.583400 4.198220 2.250000
v -24.583400 4.198220 5.500000
v -26.590540 5.550140 -7.500000
v -26.590540 5.550140 -4.250000
v -26.590540 5.550140 -1.000000
v -26.590540 5.550140 2.250000
v -26.590540 5.550140 5.500000
v -28.870000 6.000000 -7.500000
v -28.870000 6.000000 -4.250000
v -28.870000 6.000000 -1.000000
v -28.870000 6.000000 2.250000
v -28.870000 6.000000 5.500000
v -31.050700 5.589680 -7.500000
v -31.050700 5.589680 -4.250000
v -31.050700 5.589680 -1.000000
v -31.050700 5.589680 2.250000
v -31.050700 5.589680 5.500000
v -33.068220 4.286600 -7.500000
v -33.068220 4.286600 -4.250000
v -33.068220 4.286600 -1.000000
v -33.068220 4.286600 2.250000
v -33.068220 4.286600 5.500000
v -28.870000 9.600000 -20.000000
v -27.835480 11.955320 -20.000000
v -26.470000 9.600000 -20.000000
v -19.902990 7.974500 -20.000000
v -21.670000 7.200000 -20.000000
v -21.591930 9.540950 -20.000000
v -19.270000 4.800000 -20.000000
v -17.593330 4.103260 -20.000000
v -18.551040 6.125280 -20.000000
v -23.526280 10.744520 -20.000000
v -24.070000 9.600000 -20.000000
v -21.670000 4.800000 -20.000000
v -24.070000 7.200000 -20.000000
v -25.642200 11.557740 -20.000000
v -33.670000 7.200000 -20.000000
v -36.070000 7.200000 -20.000000
v -35.948800 9.689710 -20.000000
v -29.771310 11.966100 -20.000000
v -31.934530 11.602100 -20.000000
v -31.270000 9.600000 -20.000000
v -33.670000 9.600000 -20.000000
v -33.998440 10.848920 -20.000000
v -40.075290 4.294350 -20.000000
v -38.470000 4.800000 -20.000000
v -36.070000 4.800000 -20.000000
v -37.669060 8.159450 -20.000000
v -39.061020 6.335870 -20.000000
v -24.070000 4.800000 -20.000000
v -26.470000 4.800000 -20.000000
v -26.470000 7.200000 -20.000000
v -28.870000 4.800000 -20.000000
v -28.870000 7.200000 -20.000000
v -31.270000 4.800000 -20.000000
v -31.270000 7.200000 -20.000000
v -33.670000 4.800000 -20.000000
v -27.835480 11.955320 -14.000000
v -28.870000 9.600000 -14.000000
v -26.470000 9.600000 -14.000000
v -21.670000 4.800000 -14.000000
v -19.270000 4.800000 -14.000000
v -17.593330 4.103260 -14.000000
v -18.551040 6.125280 -14.000000
v -19.902990 7.974500 -14.000000
v -21.670000 7.200000 -14.000000
v -21.591930 9.540950 -14.000000
v -24.070000 9.600000 -14.000000
v -23.526280 10.744520 -14.000000
v -24.070000 4.800000 -14.000000
v -24.070000 7.200000 -14.000000
v -26.470000 7.200000 -14.000000
v -25.642200 11.557740 -14.000000
v -28.870000 7.200000 -14.000000
v -31.270000 7.200000 -14.000000
v -33.670000 4.800000 -14.000000
v -33.670000 7.200000 -14.000000
v -29.771310 11.966100 -14.000000
v -31.934530 11.602100 -14.000000
v -31.270000 9.600000 -14.000000
v -33.670000 9.600000 -14.000000
v -35.948800 9.689710 -14.000000
v -33.998440 10.848920 -14.000000
v -36.070000 4.800000 -14.000000
v -40.075290 4.294350 -14.000000
v -38.470000 4.800000 -14.000000
v -36.070000 7.200000 -14.000000
v -37.669060 8.159450 -14.000000
v -39.061020 6.335870 -14.000000
v -19.902990 7.974500 -18.000000
v -21.591930 9.540950 -18.000000
v -17.593330 4.103260 -18.000000
v -18.551040 6.125280 -18.000000
v -23.526280 10.744520 -18.000000
v -25.642200 11.557740 -18.000000
v -27.835480 11.955320 -18.000000
v -29.771310 11.966100 -18.000000
v -35.948800 9.689710 -18.000000
v -37.669060 8.159450 -18.000000
v -31.934530 11.602100 -18.000000
v -33.998440 10.848920 -18.000000
v -39.061020 6.335870 -18.000000
v -40.075290 4.294350 -18.000000
v -19.902990 7.974500 -16.000000
v -21.591930 9.540950 -16.000000
v -17.593330 4.103260 -16.000000
v -18.551040 6.125280 -16.000000
v -23.526280 10.744520 -16.000000
v -25.642200 11.557740 -16.000000
v -27.835480 11.955320 -16.000000
v -29.771310 11.966100 -16.000000
v -35.948800 9.689710 -16.000000
v -37.669060 8.159450 -16.000000
v -31.934530 11.602100 -16.000000
v -33.998440 10.848920 -16.000000
v -39.061020 6.335870 -16.000000
v -40.075290 4.294350 -16.000000
v 26.234100 22.840540 -18.000000
v 26.430000 25.000000 -18.000000
v 26.430000 25.000000 -16.000000
v 26.234100 22.840540 -16.000000
v 25.635290 20.705650 -18.000000
v 25.635290 20.705650 -16.000000
v 24.621020 18.664130 -18.000000
v 24.621020 18.664130 -16.000000
v 23.229060 16.840550 -18.000000
v 23.229060 16.840550 -16.000000
v 21.508800 15.310290 -18.000000
v 21.508800 15.310290 -16.000000
v 19.558440 14.151080 -18.000000
v 19.558440 14.151080 -16.000000
v 17.494530 13.397900 -18.000000
v 17.494530 13.397900 -16.000000
v 15.331320 13.033900 -18.000000
v 15.331320 13.033900 -16.000000
v 13.395480 13.044680 -18.000000
v 13.395480 13.044680 -16.000000
v 11.202200 13.442260 -18.000000
v 11.202200 13.442260 -16.000000
v 9.086280 14.255480 -18.000000
v 9.086280 14.255480 -16.000000
v 7.151930 15.459050 -18.000000
v 7.151930 15.459050 -16.000000
v 5.462990 17.025500 -18.000000
v 5.462990 17.025500 -16.000000
v 4.111040 18.874720 -18.000000
v 4.111040 18.874720 -16.000000
v 3.153330 20.896740 -18.000000
v 3.153330 20.896740 -16.000000
v 2.602300 22.973780 -18.000000
v 2.602300 22.973780 -16.000000
v 2.430000 25.000000 -18.000000
v 2.430000 25.000000 -16.000000
v 2.625900 27.159460 -18.000000
v 2.625900 27.159460 -16.000000
v 3.224710 29.294350 -18.000000
v 3.224710 29.294350 -16.000000
v 4.238980 31.335870 -18.000000
v 4.238980 31.335870 -16.000000
v 5.630940 33.159450 -18.000000
v 5.630940 33.159450 -16.000000
v 7.351200 34.689710 -18.000000
v 7.351200 34.689710 -16.000000
v 9.301560 35.848920 -18.000000
v 9.301560 35.848920 -16.000000
v 11.365470 36.602100 -18.000000
v 11.365470 36.602100 -16.000000
v 13.528680 36.966100 -18.000000
v 13.528680 36.966100 -16.000000
v 15.464520 36.955320 -18.000000
v 15.464520 36.955320 -16.000000
v 17.657800 36.557740 -18.000000
v 17.657800 36.557740 -16.000000
v 19.773720 35.744520 -18.000000
v 19.773720 35.744520 -16.000000
v 21.708070 34.540950 -18.000000
v 21.708070 34.540950 -16.000000
v 23.397010 32.974510 -18.000000
v 23.397010 32.974510 -16.000000
v 24.748960 31.125280 -18.000000
v 24.748960 31.125280 -16.000000
v 25.706670 29.103260 -18.000000
v 25.706670 29.103260 -16.000000
v 26.257700 27.026220 -18.000000
v 26.257700 27.026220 -16.000000
v 26.234100 22.840540 -14.000000
v 26.430000 25.000000 -14.000000
v 24.621020 18.664130 -14.000000
v 25.635290 20.705650 -14.000000
v 21.508800 15.310290 -14.000000
v 23.229060 16.840550 -14.000000
v 17.494530 13.397900 -14.000000
v 19.558440 14.151080 -14.000000
v 15.331320 13.033900 -14.000000
v 11.202200 13.442260 -14.000000
v 13.395480 13.044680 -14.000000
v 7.151930 15.459050 -14.000000
v 9.086280 14.255480 -14.000000
v 4.111040 18.874720 -14.000000
v 5.462990 17.025500 -14.000000
v 2.602300 22.973780 -14.000000
v 3.153330 20.896740 -14.000000
v 2.430000 25.000000 -14.000000
v 26.234100 22.840540 -20.000000
v 26.430000 25.000000 -20.000000
v 24.621020 18.664130 -20.000000
v 25.635290 20.705650 -20.000000
v 21.508800 15.310290 -20.000000
v 23.229060 16.840550 -20.000000
v 17.494530 13.397900 -20.000000
v 19.558440 14.151080 -20.000000
v 15.331320 13.033900 -20.000000
v 11.202200 13.442260 -20.000000
v 13.395480 13.044680 -20.000000
v 7.151930 15.459050 -20.000000
v 9.086280 14.255480 -20.000000
v 3.153330 20.896740 -20.000000
v 4.111040 18.874720 -20.000000
v 2.602300 22.973780 -20.000000
v 2.430000 25.000000 -20.000000
v 5.462990 17.025500 -20.000000
v 2.625900 27.159460 -14.000000
v 3.224710 29.294350 -14.000000
v 5.630940 33.159450 -14.000000
v 4.238980 31.335870 -14.000000
v 9.301560 35.848920 -14.000000
v 7.351200 34.689710 -14.000000
v 13.528680 36.966100 -14.000000
v 11.365470 36.602100 -14.000000
v 15.464520 36.955320 -14.000000
v 17.657800 36.557740 -14.000000
v 21.708070 34.540950 -14.000000
v 19.773720 35.744520 -14.000000
v 24.748960 31.125280 -14.000000
v 23.397010 32.974510 -14.000000
v 26.257700 27.026220 -14.000000
v 25.706670 29.103260 -14.000000
v 3.224710 29.294350 -20.000000
v 2.625900 27.159460 -20.000000
v 5.630940 33.159450 -20.000000
v 4.238980 31.335870 -20.000000
v 9.301560 35.848920 -20.000000
v 7.351200 34.689710 -20.000000
v 13.528680 36.966100 -20.000000
v 11.365470 36.602100 -20.000000
v 15.464520 36.955320 -20.000000
v 17.657800 36.557740 -20.000000
v 21.708070 34.540950 -20.000000
v 19.773720 35.744520 -20.000000
v 24.748960 31.125280 -20.000000
v 23.397010 32.974510 -20.000000
v 26.257700 27.026220 -20.000000
v 25.706670 29.103260 -20.000000
v 7.230000 27.400000 -14.000000
v 7.230000 29.800000 -14.000000
v 4.830000 29.800000 -14.000000
v 4.830000 27.400000 -14.000000
v 7.230000 25.000000 -14.000000
v 4.830000 25.000000 -14.000000
v 7.230000 22.600000 -14.000000
v 4.830000 22.600000 -14.000000
v 7.230000 20.200000 -14.000000
v 4.830000 20.200000 -14.000000
v 9.630000 29.800000 -14.000000
v 9.630000 32.200000 -14.000000
v 7.230000 32.200000 -14.000000
v 9.630000 17.800000 -14.000000
v 9.630000 20.200000 -14.000000
v 7.230000 17.800000 -14.000000
v 12.030000 32.200000 -14.000000
v 12.030000 34.600000 -14.000000
v 9.630000 34.600000 -14.000000
v 12.030000 15.400000 -14.000000
v 12.030000 17.800000 -14.000000
v 9.630000 15.400000 -14.000000
v 14.430000 32.200000 -14.000000
v 14.430000 34.600000 -14.000000
v 14.430000 15.400000 -14.000000
v 14.430000 17.800000 -14.000000
v 16.830000 32.200000 -14.000000
v 16.830000 34.600000 -14.000000
v 16.830000 15.400000 -14.000000
v 16.830000 17.800000 -14.000000
v 19.230000 32.200000 -14.000000
v 19.230000 34.600000 -14.000000
v 19.230000 15.400000 -14.000000
v 19.230000 17.800000 -14.000000
v 21.630000 29.800000 -14.000000
v 21.630000 32.200000 -14.000000
v 19.230000 29.800000 -14.000000
v 21.630000 17.800000 -14.000000
v 21.630000 20.200000 -14.000000
v 19.230000 20.200000 -14.000000
v 24.030000 27.400000 -14.000000
v 24.030000 29.800000 -14.000000
v 21.630000 27.400000 -14.000000
v 24.030000 25.000000 -14.000000
v 21.630000 25.000000 -14.000000
v 24.030000 22.600000 -14.000000
v 21.630000 22.600000 -14.000000
v 24.030000 20.200000 -14.000000
v 8.879860 27.279460 -14.000000
v 8.430000 25.000000 -14.000000
v 10.231780 29.286600 -14.000000
v 12.249300 30.589680 -14.000000
v 14.430000 31.000000 -14.000000
v 8.840320 22.819300 -14.000000
v 12.150540 19.449860 -14.000000
v 10.143400 20.801780 -14.000000
v 14.430000 19.000000 -14.000000
v 16.709460 30.550140 -14.000000
v 18.716600 29.198220 -14.000000
v 20.019680 27.180700 -14.000000
v 20.430000 25.000000 -14.000000
v 16.610700 19.410320 -14.000000
v 18.628220 20.713400 -14.000000
v 19.980140 22.720540 -14.000000
v 7.230000 27.400000 -20.000000
v 4.830000 27.400000 -20.000000
v 4.830000 29.800000 -20.000000
v 7.230000 29.800000 -20.000000
v 7.230000 25.000000 -20.000000
v 4.830000 25.000000 -20.000000
v 7.230000 22.600000 -20.000000
v 4.830000 22.600000 -20.000000
v 7.230000 20.200000 -20.000000
v 4.830000 20.200000 -20.000000
v 9.630000 29.800000 -20.000000
v 7.230000 32.200000 -20.000000
v 9.630000 32.200000 -20.000000
v 9.630000 27.400000 -20.000000
v 9.630000 25.000000 -20.000000
v 9.630000 22.600000 -20.000000
v 9.630000 20.200000 -20.000000
v 9.630000 17.800000 -20.000000
v 7.230000 17.800000 -20.000000
v 12.030000 32.200000 -20.000000
v 9.630000 34.600000 -20.000000
v 12.030000 34.600000 -20.000000
v 12.030000 29.800000 -20.000000
v 12.030000 27.400000 -20.000000
v 12.030000 25.000000 -20.000000
v 12.030000 22.600000 -20.000000
v 12.030000 20.200000 -20.000000
v 12.030000 17.800000 -20.000000
v 12.030000 15.400000 -20.000000
v 9.630000 15.400000 -20.000000
v 14.430000 32.200000 -20.000000
v 14.430000 34.600000 -20.000000
v 14.430000 29.800000 -20.000000
v 14.430000 27.400000 -20.000000
v 14.430000 25.000000 -20.000000
v 14.430000 22.600000 -20.000000
v 14.430000 20.200000 -20.000000
v 14.430000 17.800000 -20.000000
v 14.430000 15.400000 -20.000000
v 16.830000 32.200000 -20.000000
v 16.830000 34.600000 -20.000000
v 16.830000 29.800000 -20.000000
v 16.830000 27.400000 -20.000000
v 16.830000 25.000000 -20.000000
v 16.830000 22.600000 -20.000000
v 16.830000 20.200000 -20.000000
v 16.830000 17.800000 -20.000000
v 16.830000 15.400000 -20.000000
v 19.230000 32.200000 -20.000000
v 19.230000 34.600000 -20.000000
v 19.230000 29.800000 -20.000000
v 19.230000 27.400000 -20.000000
v 19.230000 25.000000 -20.000000
v 19.230000 22.600000 -20.000000
v 19.230000 20.200000 -20.000000
v 19.230000 17.800000 -20.000000
v 19.230000 15.400000 -20.000000
v 21.630000 29.800000 -20.000000
v 21.630000 32.200000 -20.000000
v 21.630000 27.400000 -20.000000
v 21.630000 25.000000 -20.000000
v 21.630000 22.600000 -20.000000
v 21.630000 20.200000 -20.000000
v 21.630000 17.800000 -20.000000
v 24.030000 27.400000 -20.000000
v 24.030000 29.800000 -20.000000
v 24.030000 25.000000 -20.000000
v 24.030000 22.600000 -20.000000
v 24.030000 20.200000 -20.000000
v 19.980140 22.720540 5.500000
v 20.430000 25.000000 5.500000
v 20.430000 25.000000 8.750000
v 19.980140 22.720540 8.750000
v 19.980140 22.720540 2.250000
v 20.430000 25.000000 2.250000
v 19.980140 22.720540 -1.000000
v 20.430000 25.000000 -1.000000
v 19.980140 22.720540 -4.250000
v 20.430000 25.000000 -4.250000
v 19.980140 22.720540 -7.500000
v 20.430000 25.000000 -7.500000
v 19.980140 22.720540 -10.750000
v 20.430000 25.000000 -10.750000
v 18.628220 20.713400 5.500000
v 18.628220 20.713400 8.750000
v 18.628220 20.713400 2.250000
v 18.628220 20.713400 -1.000000
v 18.628220 20.713400 -4.250000
v 18.628220 20.713400 -7.500000
v 18.628220 20.713400 -10.750000
v 16.610700 19.410320 5.500000
v 16.610700 19.410320 8.750000
v 16.610700 19.410320 2.250000
v 16.610700 19.410320 -1.000000
v 16.610700 19.410320 -4.250000
v 16.610700 19.410320 -7.500000
v 16.610700 19.410320 -10.750000
v 14.430000 19.000000 5.500000
v 14.430000 19.000000 8.750000
v 14.430000 19.000000 2.250000
v 14.430000 19.000000 -1.000000
v 14.430000 19.000000 -4.250000
v 14.430000 19.000000 -7.500000
v 14.430000 19.000000 -10.750000
v 12.150540 19.449860 5.500000
v 12.150540 19.449860 8.750000
v 12.150540 19.449860 2.250000
v 12.150540 19.449860 -1.000000
v 12.150540 19.449860 -4.250000
v 12.150540 19.449860 -7.500000
v 12.150540 19.449860 -10.750000
v 10.143400 20.801780 5.500000
v 10.143400 20.801780 8.750000
v 10.143400 20.801780 2.250000
v 10.143400 20.801780 -1.000000
v 10.143400 20.801780 -4.250000
v 10.143400 20.801780 -7.500000
v 10.143400 20.801780 -10.750000
v 8.840320 22.819300 5.500000
v 8.840320 22.819300 8.750000
v 8.840320 22.819300 2.250000
v 8.840320 22.819300 -1.000000
v 8.840320 22.819300 -4.250000
v 8.840320 22.819300 -7.500000
v 8.840320 22.819300 -10.750000
v 8.430000 25.000000 5.500000
v 8.430000 25.000000 8.750000
v 8.430000 25.000000 2.250000
v 8.430000 25.000000 -1.000000
v 8.430000 25.000000 -4.250000
v 8.430000 25.000000 -7.500000
v 8.430000 25.000000 -10.750000
v 8.879860 27.279460 5.500000
v 8.879860 27.279460 8.750000
v 8.879860 27.279460 2.250000
v 8.879860 27.279460 -1.000000
v 8.879860 27.279460 -4.250000
v 8.879860 27.279460 -7.500000
v 8.879860 27.279460 -10.750000
v 10.231780 29.286600 5.500000
v 10.231780 29.286600 8.750000
v 10.231780 29.286600 2.250000
v 10.231780 29.286600 -1.000000
v 10.231780 29.286600 -4.250000
v 10.231780 29.286600 -7.500000
v 10.231780 29.286600 -10.750000
v 12.249300 30.589680 5.500000
v 12.249300 30.589680 8.750000
v 12.249300 30.589680 2.250000
v 12.249300 30.589680 -1.000000
v 12.249300 30.589680 -4.250000
v 12.249300 30.589680 -7.500000
v 12.249300 30.589680 -10.750000
v 14.430000 31.000000 5.500000
v 14.430000 31.000000 8.750000
v 14.430000 31.000000 2.250000
v 14.430000 31.000000 -1.000000
v 14.430000 31.000000 -4.250000
v 14.430000 31.000000 -7.500000
v 14.430000 31.000000 -10.750000
v 16.709460 30.550140 5.500000
v 16.709460 30.550140 8.750000
v 16.709460 30.550140 2.250000
v 16.709460 30.550140 -1.000000
v 16.709460 30.550140 -4.250000
v 16.709460 30.550140 -7.500000
v 16.709460 30.550140 -10.750000
v 18.716600 29.198220 5.500000
v 18.716600 29.198220 8.750000
v 18.716600 29.198220 2.250000
v 18.716600 29.198220 -1.000000
v 18.716600 29.198220 -4.250000
v 18.716600 29.198220 -7.500000
v 18.716600 29.198220 -10.750000
v 20.019680 27.180700 5.500000
v 20.019680 27.180700 8.750000
v 20.019680 27.180700 2.250000
v 20.019680 27.180700 -1.000000
v 20.019680 27.180700 -4.250000
v 20.019680 27.180700 -7.500000
v 20.019680 27.180700 -10.750000
v 19.980140 22.720540 12.000000
v 20.430000 25.000000 12.000000
v 16.610700 19.410320 12.000000
v 18.628220 20.713400 12.000000
v 14.430000 19.000000 12.000000
v 12.150540 19.449860 12.000000
v 8.840320 22.819300 12.000000
v 10.143400 20.801780 12.000000
v 8.430000 25.000000 12.000000
v 8.879860 27.279460 12.000000
v 10.231780 29.286600 12.000000
v 12.249300 30.589680 12.000000
v 14.430000 31.000000 12.000000
v 18.716600 29.198220 12.000000
v 16.709460 30.550140 12.000000
v 20.019680 27.180700 12.000000
v 10.830000 26.200000 12.000000
v 10.830000 27.400000 12.000000
v 9.630000 27.400000 12.000000
v 9.630000 26.200000 12.000000
v 10.830000 25.000000 12.000000
v 9.630000 25.000000 12.000000
v 10.830000 23.800000 12.000000
v 9.630000 23.800000 12.000000
v 10.830000 22.600000 12.000000
v 9.630000 22.600000 12.000000
v 12.030000 27.400000 12.000000
v 12.030000 28.600000 12.000000
v 10.830000 28.600000 12.000000
v 12.030000 26.200000 12.000000
v 12.030000 25.000000 12.000000
v 12.030000 23.800000 12.000000
v 12.030000 22.600000 12.000000
v 12.030000 21.400000 12.000000
v 10.830000 21.400000 12.000000
v 13.230000 28.600000 12.000000
v 13.230000 29.800000 12.000000
v 12.030000 29.800000 12.000000
v 13.230000 27.400000 12.000000
v 13.230000 26.200000 12.000000
v 13.230000 25.000000 12.000000
v 13.230000 23.800000 12.000000
v 13.230000 22.600000 12.000000
v 13.230000 21.400000 12.000000
v 13.230000 20.200000 12.000000
v 12.030000 20.200000 12.000000
v 14.430000 28.600000 12.000000
v 14.430000 29.800000 12.000000
v 14.430000 27.400000 12.000000
v 14.430000 26.200000 12.000000
v 14.430000 25.000000 12.000000
v 14.430000 23.800000 12.000000
v 14.430000 22.600000 12.000000
v 14.430000 21.400000 12.000000
v 14.430000 20.200000 12.000000
v 15.630000 28.600000 12.000000
v 15.630000 29.800000 12.000000
v 15.630000 27.400000 12.000000
v 15.630000 26.200000 12.000000
v 15.630000 25.000000 12.000000
v 15.630000 23.800000 12.000000
v 15.630000 22.600000 12.000000
v 15.630000 21.400000 12.000000
v 15.630000 20.200000 12.000000
v 16.830000 28.600000 12.000000
v 16.830000 29.800000 12.000000
v 16.830000 27.400000 12.000000
v 16.830000 26.200000 12.000000
v 16.830000 25.000000 12.000000
v 16.830000 23.800000 12.000000
v 16.830000 22.600000 12.000000
v 16.830000 21.400000 12.000000
v 16.830000 20.200000 12.000000
v 18.030000 27.400000 12.000000
v 18.030000 28.600000 12.000000
v 18.030000 26.200000 12.000000
v 18.030000 25.000000 12.000000
v 18.030000 23.800000 12.000000
v 18.030000 22.600000 12.000000
v 18.030000 21.400000 12.000000
v 19.230000 26.200000 12.000000
v 19.230000 27.400000 12.000000
v 19.230000 25.000000 12.000000
v 19.230000 23.800000 12.000000
v 19.230000 22.600000 12.000000
v 2.321430 0.000000 10.000000
v 3.250000 0.000000 10.000000
v 2.321430 0.812500 10.000000
v -2.321430 0.000000 10.000000
v -2.321430 0.812500 10.000000
v -3.250000 0.000000 10.000000
v 1.392860 0.812500 10.000000
v 1.392860 0.000000 10.000000
v 0.464290 0.812500 10.000000
v 0.464290 0.000000 10.000000
v -0.464290 0.812500 10.000000
v -0.464290 0.000000 10.000000
v -1.392860 0.812500 10.000000
v -1.392860 0.000000 10.000000
v 3.027750 1.181210 10.000000
v 2.321430 1.625000 10.000000
v 2.321910 2.274040 10.000000
v 1.392860 1.625000 10.000000
v 1.234710 3.006330 10.000000
v 1.392860 2.437500 10.000000
v 0.000000 3.250000 10.000000
v 0.464290 2.437500 10.000000
v -0.464290 2.437500 10.000000
v -1.181210 3.027750 10.000000
v -2.274040 2.321910 10.000000
v -1.392860 2.437500 10.000000
v -1.392860 1.625000 10.000000
v -2.321430 1.625000 10.000000
v -3.006330 1.234710 10.000000
v 0.464290 1.625000 10.000000
v -0.464290 1.625000 10.000000
v 2.321430 -0.812500 -20.000000
v -2.321430 -0.812500 -20.000000
v 1.392860 -0.812500 -20.000000
v 0.464290 -0.812500 -20.000000
v -0.464290 -0.812500 -20.000000
v -1.392860 -0.812500 -20.000000
v 3.027750 -1.181210 -20.000000
v 3.027750 -1.181210 -18.277780
v -3.006330 -1.234710 -18.277780
v -3.006330 -1.234710 -20.000000
v 3.027750 -1.181210 -16.555560
v 3.027750 -1.181210 -14.833330
v 3.027750 -1.181210 -13.111110
v 3.027750 -1.181210 -11.388890
v 3.027750 -1.181210 -9.666670
v 3.027750 -1.181210 -7.944440
v 3.027750 -1.181210 -6.222220
v 3.027750 -1.181210 -4.500000
v 3.027750 -1.181210 -2.777780
v 3.027750 -1.181210 -1.055560
v 3.027750 -1.181210 0.666670
v 3.027750 -1.181210 2.388890
v 3.027750 -1.181210 4.111110
v 3.027750 -1.181210 5.833330
v 3.027750 -1.181210 7.555560
v 3.027750 -1.181210 9.277780
v -3.006330 -1.234710 -16.555560
v -3.006330 -1.234710 -14.833330
v -3.006330 -1.234710 -13.111110
v -3.006330 -1.234710 -11.388890
v -3.006330 -1.234710 -9.666670
v -3.006330 -1.234710 -7.944440
v -3.006330 -1.234710 -6.222220
v -3.006330 -1.234710 -4.500000
v -3.006330 -1.234710 -2.777780
v -3.006330 -1.234710 -1.055560
v -3.006330 -1.234710 0.666670
v -3.006330 -1.234710 2.388890
v -3.006330 -1.234710 4.111110
v -3.006330 -1.234710 5.833330
v -3.006330 -1.234710 7.555560
v -3.006330 -1.234710 9.277780
v 2.321430 -1.625000 -20.000000
v 1.392860 -1.625000 -20.000000
v 2.321910 -2.274040 -20.000000
v 1.392860 -2.437500 -20.000000
v 1.234710 -3.006330 -20.000000
v 0.464290 -2.437500 -20.000000
v -0.000000 -3.250000 -20.000000
v -0.464290 -2.437500 -20.000000
v -1.392860 -2.437500 -20.000000
v -2.274040 -2.321910 -20.000000
v -1.181210 -3.027750 -20.000000
v -1.392860 -1.625000 -20.000000
v -2.321430 -1.625000 -20.000000
v 0.464290 -1.625000 -20.000000
v -0.464290 -1.625000 -20.000000
v 1.234710 -3.006330 -18.277780
v -0.000000 -3.250000 -18.277780
v 2.321910 -2.274040 -18.277780
v -1.181210 -3.027750 -18.277780
v -2.274040 -2.321910 -18.277780
v 2.321910 -2.274040 -16.555560
v 2.321910 -2.274040 -14.833330
v 2.321910 -2.274040 -13.111110
v 2.321910 -2.274040 -11.388890
v 2.321910 -2.274040 -9.666670
v 2.321910 -2.274040 -7.944440
v 2.321910 -2.274040 -6.222220
v 2.321910 -2.274040 -4.500000
v 2.321910 -2.274040 -2.777780
v 2.321910 -2.274040 -1.055560
v 2.321910 -2.274040 0.666670
v 2.321910 -2.274040 2.388890
v 2.321910 -2.274040 4.111110
v 2.321910 -2.274040 5.833330
v 2.321910 -2.274040 7.555560
v 2.321910 -2.274040 9.277780
v 1.234710 -3.006330 -16.555560
v 1.234710 -3.006330 -14.833330
v 1.234710 -3.006330 -13.111110
v 1.234710 -3.006330 -11.388890
v 1.234710 -3.006330 -9.666670
v 1.234710 -3.006330 -7.944440
v 1.234710 -3.006330 -6.222220
v 1.234710 -3.006330 -4.500000
v 1.234710 -3.006330 -2.777780
v 1.234710 -3.006330 -1.055560
v 1.234710 -3.006330 0.666670
v 1.234710 -3.006330 2.388890
v 1.234710 -3.006330 4.111110
v 1.234710 -3.006330 5.833330
v 1.234710 -3.006330 7.555560
v 1.234710 -3.006330 9.277780
v -0.000000 -3.250000 -16.555560
v -0.000000 -3.250000 -14.833330
v -0.000000 -3.250000 -13.111110
v -0.000000 -3.250000 -11.388890
v -0.000000 -3.250000 -9.666670
v -0.000000 -3.250000 -7.944440
v -0.000000 -3.250000 -6.222220
v -0.000000 -3.250000 -4.500000
v -0.000000 -3.250000 -2.777780
v -0.000000 -3.250000 -1.055560
v -0.000000 -3.250000 0.666670
v -0.000000 -3.250000 2.388890
v -0.000000 -3.250000 4.111110
v -0.000000 -3.250000 5.833330
v -0.000000 -3.250000 7.555560
v -0.000000 -3.250000 9.277780
v -1.181210 -3.027750 -16.555560
v -1.181210 -3.027750 -14.833330
v -1.181210 -3.027750 -13.111110
v -1.181210 -3.027750 -11.388890
v -1.181210 -3.027750 -9.666670
v -1.181210 -3.027750 -7.944440
v -1.181210 -3.027750 -6.222220
v -1.181210 -3.027750 -4.500000
v -1.181210 -3.027750 -2.777780
v -1.181210 -3.027750 -1.055560
v -1.181210 -3.027750 0.666670
v -1.181210 -3.027750 2.388890
v -1.181210 -3.027750 4.111110
v -1.181210 -3.027750 5.833330
v -1.181210 -3.027750 7.555560
v -1.181210 -3.027750 9.277780
v -2.274040 -2.321910 -16.555560
v -2.274040 -2.321910 -14.833330
v -2.274040 -2.321910 -13.111110
v -2.274040 -2.321910 -11.388890
v -2.274040 -2.321910 -9.666670
v -2.274040 -2.321910 -7.944440
v -2.274040 -2.321910 -6.222220
v -2.274040 -2.321910 -4.500000
v -2.274040 -2.321910 -2.777780
v -2.274040 -2.321910 -1.055560
v -2.274040 -2.321910 0.666670
v -2.274040 -2.321910 2.388890
v -2.274040 -2.321910 4.111110
v -2.274040 -2.321910 5.833330
v -2.274040 -2.321910 7.555560
v -2.274040 -2.321910 9.277780
v -24.070000 -1.200000 12.000000
v -33.670000 -1.200000 12.000000
v -25.270000 -1.200000 12.000000
v -26.470000 -1.200000 12.000000
v -27.670000 -1.200000 12.000000
v -28.870000 -1.200000 12.000000
v -30.070000 -1.200000 12.000000
v -31.270000 -1.200000 12.000000
v -32.470000 -1.200000 12.000000
v -23.280320 -2.180700 -14.000000
v -23.280320 -2.180700 -10.750000
v -34.420140 -2.279460 -10.750000
v -34.420140 -2.279460 -14.000000
v -23.280320 -2.180700 8.750000
v -23.280320 -2.180700 12.000000
v -34.420140 -2.279460 12.000000
v -34.420140 -2.279460 8.750000
v -23.280320 -2.180700 -7.500000
v -23.280320 -2.180700 -4.250000
v -23.280320 -2.180700 -1.000000
v -23.280320 -2.180700 2.250000
v -23.280320 -2.180700 5.500000
v -34.420140 -2.279460 -7.500000
v -34.420140 -2.279460 -4.250000
v -34.420140 -2.279460 -1.000000
v -34.420140 -2.279460 2.250000
v -34.420140 -2.279460 5.500000
v -17.042300 -2.026220 -20.000000
v -40.674100 -2.159460 -20.000000
v -21.670000 -2.400000 -20.000000
v -19.270000 -2.400000 -20.000000
v -24.070000 -2.400000 -20.000000
v -26.470000 -2.400000 -20.000000
v -28.870000 -2.400000 -20.000000
v -31.270000 -2.400000 -20.000000
v -33.670000 -2.400000 -20.000000
v -36.070000 -2.400000 -20.000000
v -38.470000 -2.400000 -20.000000
v -17.042300 -2.026220 -14.000000
v -21.670000 -2.400000 -14.000000
v -36.070000 -2.400000 -14.000000
v -40.674100 -2.159460 -14.000000
v -19.270000 -2.400000 -14.000000
v -38.470000 -2.400000 -14.000000
v -17.042300 -2.026220 -18.000000
v -40.674100 -2.159460 -18.000000
v -17.042300 -2.026220 -16.000000
v -40.674100 -2.159460 -16.000000
v -25.270000 -3.600000 12.000000
v -24.070000 -2.400000 12.000000
v -24.583400 -4.198220 12.000000
v -26.470000 -4.800000 12.000000
v -26.590540 -5.550140 12.000000
v -25.270000 -2.400000 12.000000
v -26.470000 -3.600000 12.000000
v -28.870000 -6.000000 12.000000
v -27.670000 -4.800000 12.000000
v -31.270000 -4.800000 12.000000
v -32.470000 -3.600000 12.000000
v -31.270000 -3.600000 12.000000
v -28.870000 -4.800000 12.000000
v -30.070000 -4.800000 12.000000
v -31.050700 -5.589680 12.000000
v -33.068220 -4.286600 12.000000
v -33.670000 -2.400000 12.000000
v -32.470000 -2.400000 12.000000
v -26.470000 -2.400000 12.000000
v -27.670000 -2.400000 12.000000
v -27.670000 -3.600000 12.000000
v -28.870000 -2.400000 12.000000
v -28.870000 -3.600000 12.000000
v -30.070000 -2.400000 12.000000
v -30.070000 -3.600000 12.000000
v -31.270000 -2.400000 12.000000
v -26.590540 -5.550140 -10.750000
v -26.590540 -5.550140 -14.000000
v -28.870000 -6.000000 -14.000000
v -28.870000 -6.000000 -10.750000
v -24.583400 -4.198220 -14.000000
v -24.583400 -4.198220 -10.750000
v -31.050700 -5.589680 -10.750000
v -31.050700 -5.589680 -14.000000
v -33.068220 -4.286600 -14.000000
v -33.068220 -4.286600 -10.750000
v -26.590540 -5.550140 8.750000
v -28.870000 -6.000000 8.750000
v -24.583400 -4.198220 8.750000
v -31.050700 -5.589680 8.750000
v -33.068220 -4.286600 8.750000
v -24.583400 -4.198220 -7.500000
v -24.583400 -4.198220 -4.250000
v -24.583400 -4.198220 -1.000000
v -24.583400 -4.198220 2.250000
v -24.583400 -4.198220 5.500000
v -26.590540 -5.550140 -7.500000
v -26.590540 -5.550140 -4.250000
v -26.590540 -5.550140 -1.000000
v -26.590540 -5.550140 2.250000
v -26.590540 -5.550140 5.500000
v -28.870000 -6.000000 -7.500000
v -28.870000 -6.000000 -4.250000
v -28.870000 -6.000000 -1.000000
v -28.870000 -6.000000 2.250000
v -28.870000 -6.000000 5.500000
v -31.050700 -5.589680 -7.500000
v -31.050700 -5.589680 -4.250000
v -31.050700 -5.589680 -1.000000
v -31.050700 -5.589680 2.250000
v -31.050700 -5.589680 5.500000
v -33.068220 -4.286600 -7.500000
v -33.068220 -4.286600 -4.250000
v -33.068220 -4.286600 -1.000000
v -33.068220 -4.286600 2.250000
v -33.068220 -4.286600 5.500000
v -28.870000 -9.600000 -20.000000
v -27.835480 -11.955320 -20.000000
v -26.470000 -9.600000 -20.000000
v -19.902990 -7.974500 -20.000000
v -21.670000 -7.200000 -20.000000
v -21.591930 -9.540950 -20.000000
v -19.270000 -4.800000 -20.000000
v -17.593330 -4.103260 -20.000000
v -18.551040 -6.125280 -20.000000
v -23.526280 -10.744520 -20.000000
v -24.070000 -9.600000 -20.000000
v -21.670000 -4.800000 -20.000000
v -24.070000 -7.200000 -20.000000
v -25.642200 -11.557740 -20.000000
v -33.670000 -7.200000 -20.000000
v -36.070000 -7.200000 -20.000000
v -35.948800 -9.689710 -20.000000
v -29.771310 -11.966100 -20.000000
v -31.934530 -11.602100 -20.000000
v -31.270000 -9.600000 -20.000000
v -33.670000 -9.600000 -20.000000
v -33.998440 -10.848920 -20.000000
v -40.075290 -4.294350 -20.000000
v -38.470000 -4.800000 -20.000000
v -36.070000 -4.800000 -20.000000
v -37.669060 -8.159450 -20.000000
v -39.061020 -6.335870 -20.000000
v -24.070000 -4.800000 -20.000000
v -26.470000 -4.800000 -20.000000
v -26.470000 -7.200000 -20.000000
v -28.870000 -4.800000 -20.000000
v -28.870000 -7.200000 -20.000000
v -31.270000 -4.800000 -20.000000
v -31.270000 -7.200000 -20.000000
v -33.670000 -4.800000 -20.000000
v -27.835480 -11.955320 -14.000000
v -28.870000 -9.600000 -14.000000
v -26.470000 -9.600000 -14.000000
v -21.670000 -4.800000 -14.000000
v -19.270000 -4.800000 -14.000000
v -17.593330 -4.103260 -14.000000
v -18.551040 -6.125280 -14.000000
v -19.902990 -7.974500 -14.000000
v -21.670000 -7.200000 -14.000000
v -21.591930 -9.540950 -14.000000
v -24.070000 -9.600000 -14.000000
v -23.526280 -10.744520 -14.000000
v -24.070000 -4.800000 -14.000000
v -24.070000 -7.200000 -14.000000
v -26.470000 -7.200000 -14.000000
v -25.642200 -11.557740 -14.000000
v -28.870000 -7.200000 -14.000000
v -31.270000 -7.200000 -14.000000
v -33.670000 -4.800000 -14.000000
v -33.670000 -7.200000 -14.000000
v -29.771310 -11.966100 -14.000000
v -31.934530 -11.602100 -14.000000
v -31.270000 -9.600000 -14.000000
v -33.670000 -9.600000 -14.000000
v -35.948800 -9.689710 -14.000000
v -33.998440 -10.848920 -14.000000
v -36.070000 -4.800000 -14.000000
v -40.075290 -4.294350 -14.000000
v -38.470000 -4.800000 -14.000000
v -36.070000 -7.200000 -14.000000
v -37.669060 -8.159450 -14.000000
v -39.061020 -6.335870 -14.000000
v -19.902990 -7.974500 -18.000000
v -21.591930 -9.540950 -18.000000
v -17.593330 -4.103260 -18.000000
v -18.551040 -6.125280 -18.000000
v -23.526280 -10.744520 -18.000000
v -25.642200 -11.557740 -18.000000
v -27.835480 -11.955320 -18.000000
v -29.771310 -11.966100 -18.000000
v -35.948800 -9.689710 -18.000000
v -37.669060 -8.159450 -18.000000
v -31.934530 -11.602100 -18.000000
v -33.998440 -10.848920 -18.000000
v -39.061020 -6.335870 -18.000000
v -40.075290 -4.294350 -18.000000
v -19.902990 -7.974500 -16.000000
v -21.591930 -9.540950 -16.000000
v -17.593330 -4.103260 -16.000000
v -18.551040 -6.125280 -16.000000
v -23.526280 -10.744520 -16.000000
v -25.642200 -11.557740 -16.000000
v -27.835480 -11.955320 -16.000000
v -29.771310 -11.966100 -16.000000
v -35.948800 -9.689710 -16.000000
v -37.669060 -8.159450 -16.000000
v -31.934530 -11.602100 -16.000000
v -33.998440 -10.848920 -16.000000
v -39.061020 -6.335870 -16.000000
v -40.075290 -4.294350 -16.000000
v 26.234100 -22.840540 -18.000000
v 26.430000 -25.000000 -18.000000
v 26.430000 -25.000000 -16.000000
v 26.234100 -22.840540 -16.000000
v 25.635290 -20.705650 -18.000000
v 25.635290 -20.705650 -16.000000
v 24.621020 -18.664130 -18.000000
v 24.621020 -18.664130 -16.000000
v 23.229060 -16.840550 -18.000000
v 23.229060 -16.840550 -16.000000
v 21.508800 -15.310290 -18.000000
v 21.508800 -15.310290 -16.000000
v 19.558440 -14.151080 -18.000000
v 19.558440 -14.151080 -16.000000
v 17.494530 -13.397900 -18.000000
v 17.494530 -13.397900 -16.000000
v 15.331320 -13.033900 -18.000000
v 15.331320 -13.033900 -16.000000
v 13.395480 -13.044680 -18.000000
v 13.395480 -13.044680 -16.000000
v 11.202200 -13.442260 -18.000000
v 11.202200 -13.442260 -16.000000
v 9.086280 -14.255480 -18.000000
v 9.086280 -14.255480 -16.000000
v 7.151930 -15.459050 -18.000000
v 7.151930 -15.459050 -16.000000
v 5.462990 -17.025500 -18.000000
v 5.462990 -17.025500 -16.000000
v 4.111040 -18.874720 -18.000000
v 4.111040 -18.874720 -16.000000
v 3.153330 -20.896740 -18.000000
v 3.153330 -20.896740 -16.000000
v 2.602300 -22.973780 -18.000000
v 2.602300 -22.973780 -16.000000
v 2.430000 -25.000000 -18.000000
v 2.430000 -25.000000 -16.000000
v 2.625900 -27.159460 -18.000000
v 2.625900 -27.159460 -16.000000
v 3.224710 -29.294350 -18.000000
v 3.224710 -29.294350 -16.000000
v 4.238980 -31.335870 -18.000000
v 4.238980 -31.335870 -16.000000
v 5.630940 -33.159450 -18.000000
v 5.630940 -33.159450 -16.000000
v 7.351200 -34.689710 -18.000000
v 7.351200 -34.689710 -16.000000
v 9.301560 -35.848920 -18.000000
v 9.301560 -35.848920 -16.000000
v 11.365470 -36.602100 -18.000000
v 11.365470 -36.602100 -16.000000
v 13.528680 -36.966100 -18.000000
v 13.528680 -36.966100 -16.000000
v 15.464520 -36.955320 -18.000000
v 15.464520 -36.955320 -16.000000
v 17.657800 -36.557740 -18.000000
v 17.657800 -36.557740 -16.000000
v 19.773720 -35.744520 -18.000000
v 19.773720 -35.744520 -16.000000
v 21.708070 -34.540950 -18.000000
v 21.708070 -34.540950 -16.000000
v 23.397010 -32.974510 -18.000000
v 23.397010 -32.974510 -16.000000
v 24.748960 -31.125280 -18.000000
v 24.748960 -31.125280 -16.000000
v 25.706670 -29.103260 -18.000000
v 25.706670 -29.103260 -16.000000
v 26.257700 -27.026220 -18.000000
v 26.257700 -27.026220 -16.000000
v 26.234100 -22.840540 -14.000000
v 26.430000 -25.000000 -14.000000
v 24.621020 -18.664130 -14.000000
v 25.635290 -20.705650 -14.000000
v 21.508800 -15.310290 -14.000000
v 23.229060 -16.840550 -14.000000
v 17.494530 -13.397900 -14.000000
v 19.558440 -14.151080 -14.000000
v 15.331320 -13.033900 -14.000000
v 11.202200 -13.442260 -14.000000
v 13.395480 -13.044680 -14.000000
v 7.151930 -15.459050 -14.000000
v 9.086280 -14.255480 -14.000000
v 4.111040 -18.874720 -14.000000
v 5.462990 -17.025500 -14.000000
v 2.602300 -22.973780 -14.000000
v 3.153330 -20.896740 -14.000000
v 2.430000 -25.000000 -14.000000
v 26.234100 -22.840540 -20.000000
v 26.430000 -25.000000 -20.000000
v 24.621020 -18.664130 -20.000000
v 25.635290 -20.705650 -20.000000
v 21.508800 -15.310290 -20.000000
v 23.229060 -16.840550 -20.000000
v 17.494530 -13.397900 -20.000000
v 19.558440 -14.151080 -20.000000
v 15.331320 -13.033900 -20.000000
v 11.202200 -13.442260 -20.000000
v 13.395480 -13.044680 -20.000000
v 7.151930 -15.459050 -20.000000
v 9.086280 -14.255480 -20.000000
v 3.153330 -20.896740 -20.000000
v 4.111040 -18.874720 -20.000000
v 2.602300 -22.973780 -20.000000
v 2.430000 -25.000000 -20.000000
v 5.462990 -17.025500 -20.000000
v 2.625900 -27.159460 -14.000000
v 3.224710 -29.294350 -14.000000
v 5.630940 -33.159450 -14.000000
v 4.238980 -31.335870 -14.000000
v 9.301560 -35.848920 -14.000000
v 7.351200 -34.689710 -14.000000
v 13.528680 -36.966100 -14.000000
v 11.365470 -36.602100 -14.000000
v 15.464520 -36.955320 -14.000000
v 17.657800 -36.557740 -14.000000
v 21.708070 -34.540950 -14.000000
v 19.773720 -35.744520 -14.000000
v 24.748960 -31.125280 -14.000000
v 23.397010 -32.974510 -14.000000
v 26.257700 -27.026220 -14.000000
v 25.706670 -29.103260 -14.000000
v 3.224710 -29.294350 -20.000000
v 2.625900 -27.159460 -20.000000
v 5.630940 -33.159450 -20.000000
v 4.238980 -31.335870 -20.000000
v 9.301560 -35.848920 -20.000000
v 7.351200 -34.689710 -20.000000
v 13.528680 -36.966100 -20.000000
v 11.365470 -36.602100 -20.000000
v 15.464520 -36.955320 -20.000000
v 17.657800 -36.557740 -20.000000
v 21.708070 -34.540950 -20.000000
v 19.773720 -35.744520 -20.000000
v 24.748960 -31.125280 -20.000000
v 23.397010 -32.974510 -20.000000
v 26.257700 -27.026220 -20.000000
v 25.706670 -29.103260 -20.000000
v 7.230000 -27.400000 -14.000000
v 7.230000 -29.800000 -14.000000
v 4.830000 -29.800000 -14.000000
v 4.830000 -27.400000 -14.000000
v 7.230000 -25.000000 -14.000000
v 4.830000 -25.000000 -14.000000
v 7.230000 -22.600000 -14.000000
v 4.830000 -22.600000 -14.000000
v 7.230000 -20.200000 -14.000000
v 4.830000 -20.200000 -14.000000
v 9.630000 -29.800000 -14.000000
v 9.630000 -32.200000 -14.000000
v 7.230000 -32.200000 -14.000000
v 9.630000 -17.800000 -14.000000
v 9.630000 -20.200000 -14.000000
v 7.230000 -17.800000 -14.000000
v 12.030000 -32.200000 -14.000000
v 12.030000 -34.600000 -14.000000
v 9.630000 -34.600000 -14.000000
v 12.030000 -15.400000 -14.000000
v 12.030000 -17.800000 -14.000000
v 9.630000 -15.400000 -14.000000
v 14.430000 -32.200000 -14.000000
v 14.430000 -34.600000 -14.000000
v 14.430000 -15.400000 -14.000000
v 14.430000 -17.800000 -14.000000
v 16.830000 -32.200000 -14.000000
v 16.830000 -34.600000 -14.000000
v 16.830000 -15.400000 -14.000000
v 16.830000 -17.800000 -14.000000
v 19.230000 -32.200000 -14.000000
v 19.230000 -34.600000 -14.000000
v 19.230000 -15.400000 -14.000000
v 19.230000 -17.800000 -14.000000
v 21.630000 -29.800000 -14.000000
v 21.630000 -32.200000 -14.000000
v 19.230000 -29.800000 -14.000000
v 21.630000 -17.800000 -14.000000
v 21.630000 -20.200000 -14.000000
v 19.230000 -20.200000 -14.000000
v 24.030000 -27.400000 -14.000000
v 24.030000 -29.800000 -14.000000
v 21.630000 -27.400000 -14.000000
v 24.030000 -25.000000 -14.000000
v 21.630000 -25.000000 -14.000000
v 24.030000 -22.600000 -14.000000
v 21.630000 -22.600000 -14.000000
v 24.030000 -20.200000 -14.000000
v 8.879860 -27.279460 -14.000000
v 8.430000 -25.000000 -14.000000
v 10.231780 -29.286600 -14.000000
v 12.249300 -30.589680 -14.000000
v 14.430000 -31.000000 -14.000000
v 8.840320 -22.819300 -14.000000
v 12.150540 -19.449860 -14.000000
v 10.143400 -20.801780 -14.000000
v 14.430000 -19.000000 -14.000000
v 16.709460 -30.550140 -14.000000
v 18.716600 -29.198220 -14.000000
v 20.019680 -27.180700 -14.000000
v 20.430000 -25.000000 -14.000000
v 16.610700 -19.410320 -14.000000
v 18.628220 -20.713400 -14.000000
v 19.980140 -22.720540 -14.000000
v 7.230000 -27.400000 -20.000000
v 4.830000 -27.400000 -20.000000
v 4.830000 -29.800000 -20.000000
v 7.230000 -29.800000 -20.000000
v 7.230000 -25.000000 -20.000000
v 4.830000 -25.000000 -20.000000
v 7.230000 -22.600000 -20.000000
v 4.830000 -22.600000 -20.000000
v 7.230000 -20.200000 -20.000000
v 4.830000 -20.200000 -20.000000
v 9.630000 -29.800000 -20.000000
v 7.230000 -32.200000 -20.000000
v 9.630000 -32.200000 -20.000000
v 9.630000 -27.400000 -20.000000
v 9.630000 -25.000000 -20.000000
v 9.630000 -22.600000 -20.000000
v 9.630000 -20.200000 -20.000000
v 9.630000 -17.800000 -20.000000
v 7.230000 -17.800000 -20.000000
v 12.030000 -32.200000 -20.000000
v 9.630000 -34.600000 -20.000000
v 12.030000 -34.600000 -20.000000
v 12.030000 -29.800000 -20.000000
v 12.030000 -27.400000 -20.000000
v 12.030000 -25.000000 -20.000000
v 12.030000 -22.600000 -20.000000
v 12.030000 -20.200000 -20.000000
v 12.030000 -17.800000 -20.000000
v 12.030000 -15.400000 -20.000000
v 9.630000 -15.400000 -20.000000
v 14.430000 -32.200000 -20.000000
v 14.430000 -34.600000 -20.000000
v 14.430000 -29.800000 -20.000000
v 14.430000 -27.400000 -20.000000
v 14.430000 -25.000000 -20.000000
v 14.430000 -22.600000 -20.000000
v 14.430000 -20.200000 -20.000000
v 14.430000 -17.800000 -20.000000
v 14.430000 -15.400000 -20.000000
v 16.830000 -32.200000 -20.000000
v 16.830000 -34.600000 -20.000000
v 16.830000 -29.800000 -20.000000
v 16.830000 -27.400000 -20.000000
v 16.830000 -25.000000 -20.000000
v 16.830000 -22.600000 -20.000000
v 16.830000 -20.200000 -20.000000
v 16.830000 -17.800000 -20.000000
v 16.830000 -15.400000 -20.000000
v 19.230000 -32.200000 -20.000000
v 19.230000 -34.600000 -20.000000
v 19.230000 -29.800000 -20.000000
v 19.230000 -27.400000 -20.000000
v 19.230000 -25.000000 -20.000000
v 19.230000 -22.600000 -20.000000
v 19.230000 -20.200000 -20.000000
v 19.230000 -17.800000 -20.000000
v 19.230000 -15.400000 -20.000000
v 21.630000 -29.800000 -20.000000
v 21.630000 -32.200000 -20.000000
v 21.630000 -27.400000 -20.000000
v 21.630000 -25.000000 -20.000000
v 21.630000 -22.600000 -20.000000
v 21.630000 -20.200000 -20.000000
v 21.630000 -17.800000 -20.000000
v 24.030000 -27.400000 -20.000000
v 24.030000 -29.800000 -20.000000
v 24.030000 -25.000000 -20.000000
v 24.030000 -22.600000 -20.000000
v 24.030000 -20.200000 -20.000000
v 19.980140 -22.720540 5.500000
v 20.430000 -25.000000 5.500000
v 20.430000 -25.000000 8.750000
v 19.980140 -22.720540 8.750000
v 19.980140 -22.720540 2.250000
v 20.430000 -25.000000 2.250000
v 19.980140 -22.720540 -1.000000
v 20.430000 -25.000000 -1.000000
v 19.980140 -22.720540 -4.250000
v 20.430000 -25.000000 -4.250000
v 19.980140 -22.720540 -7.500000
v 20.430000 -25.000000 -7.500000
v 19.980140 -22.720540 -10.750000
v 20.430000 -25.000000 -10.750000
v 18.628220 -20.713400 5.500000
v 18.628220 -20.713400 8.750000
v 18.628220 -20.713400 2.250000
v 18.628220 -20.713400 -1.000000
v 18.628220 -20.713400 -4.250000
v 18.628220 -20.713400 -7.500000
v 18.628220 -20.713400 -10.750000
v 16.610700 -19.410320 5.500000
v 16.610700 -19.410320 8.750000
v 16.610700 -19.410320 2.250000
v 16.610700 -19.410320 -1.000000
v 16.610700 -19.410320 -4.250000
v 16.610700 -19.410320 -7.500000
v 16.610700 -19.410320 -10.750000
v 14.430000 -19.000000 5.500000
v 14.430000 -19.000000 8.750000
v 14.430000 -19.000000 2.250000
v 14.430000 -19.000000 -1.000000
v 14.430000 -19.000000 -4.250000
v 14.430000 -19.000000 -7.500000
v 14.430000 -19.000000 -10.750000
v 12.150540 -19.449860 5.500000
v 12.150540 -19.449860 8.750000
v 12.150540 -19.449860 2.250000
v 12.150540 -19.449860 -1.000000
v 12.150540 -19.449860 -4.250000
v 12.150540 -19.449860 -7.500000
v 12.150540 -19.449860 -10.750000
v 10.143400 -20.801780 5.500000
v 10.143400 -20.801780 8.750000
v 10.143400 -20.801780 2.250000
v 10.143400 -20.801780 -1.000000
v 10.143400 -20.801780 -4.250000
v 10.143400 -20.801780 -7.500000
v 10.143400 -20.801780 -10.750000
v 8.840320 -22.819300 5.500000
v 8.840320 -22.819300 8.750000
v 8.840320 -22.819300 2.250000
v 8.840320 -22.819300 -1.000000
v 8.840320 -22.819300 -4.250000
v 8.840320 -22.819300 -7.500000
v 8.840320 -22.819300 -10.750000
v 8.430000 -25.000000 5.500000
v 8.430000 -25.000000 8.750000
v 8.430000 -25.000000 2.250000
v 8.430000 -25.000000 -1.000000
v 8.430000 -25.000000 -4.250000
v 8.430000 -25.000000 -7.500000
v 8.430000 -25.000000 -10.750000
v 8.879860 -27.279460 5.500000
v 8.879860 -27.279460 8.750000
v 8.879860 -27.279460 2.250000
v 8.879860 -27.279460 -1.000000
v 8.879860 -27.279460 -4.250000
v 8.879860 -27.279460 -7.500000
v 8.879860 -27.279460 -10.750000
v 10.231780 -29.286600 5.500000
v 10.231780 -29.286600 8.750000
v 10.231780 -29.286600 2.250000
v 10.231780 -29.286600 -1.000000
v 10.231780 -29.286600 -4.250000
v 10.231780 -29.286600 -7.500000
v 10.231780 -29.286600 -10.750000
v 12.249300 -30.589680 5.500000
v 12.249300 -30.589680 8.750000
v 12.249300 -30.589680 2.250000
v 12.249300 -30.589680 -1.000000
v 12.249300 -30.589680 -4.250000
v 12.249300 -30.589680 -7.500000
v 12.249300 -30.589680 -10.750000
v 14.430000 -31.000000 5.500000
v 14.430000 -31.000000 8.750000
v 14.430000 -31.000000 2.250000
v 14.430000 -31.000000 -1.000000
v 14.430000 -31.000000 -4.250000
v 14.430000 -31.000000 -7.500000
v 14.430000 -31.000000 -10.750000
v 16.709460 -30.550140 5.500000
v 16.709460 -30.550140 8.750000
v 16.709460 -30.550140 2.250000
v 16.709460 -30.550140 -1.000000
v 16.709460 -30.550140 -4.250000
v 16.709460 -30.550140 -7.500000
v 16.709460 -30.550140 -10.750000
v 18.716600 -29.198220 5.500000
v 18.716600 -29.198220 8.750000
v 18.716600 -29.198220 2.250000
v 18.716600 -29.198220 -1.000000
v 18.716600 -29.198220 -4.250000
v 18.716600 -29.198220 -7.500000
v 18.716600 -29.198220 -10.750000
v 20.019680 -27.180700 5.500000
v 20.019680 -27.180700 8.750000
v 20.019680 -27.180700 2.250000
v 20.019680 -27.180700 -1.000000
v 20.019680 -27.180700 -4.250000
v 20.019680 -27.180700 -7.500000
v 20.019680 -27.180700 -10.750000
v 19.980140 -22.720540 12.000000
v 20.430000 -25.000000 12.000000
v 16.610700 -19.410320 12.000000
v 18.628220 -20.713400 12.000000
v 14.430000 -19.000000 12.000000
v 12.150540 -19.449860 12.000000
v 8.840320 -22.819300 12.000000
v 10.143400 -20.801780 12.000000
v 8.430000 -25.000000 12.000000
v 8.879860 -27.279460 12.000000
v 10.231780 -29.286600 12.000000
v 12.249300 -30.589680 12.000000
v 14.430000 -31.000000 12.000000
v 18.716600 -29.198220 12.000000
v 16.709460 -30.550140 12.000000
v 20.019680 -27.180700 12.000000
v 10.830000 -26.200000 12.000000
v 10.830000 -27.400000 12.000000
v 9.630000 -27.400000 12.000000
v 9.630000 -26.200000 12.000000
v 10.830000 -25.000000 12.000000
v 9.630000 -25.000000 12.000000
v 10.830000 -23.800000 12.000000
v 9.630000 -23.800000 12.000000
v 10.830000 -22.600000 12.000000
v 9.630000 -22.600000 12.000000
v 12.030000 -27.400000 12.000000
v 12.030000 -28.600000 12.000000
v 10.830000 -28.600000 12.000000
v 12.030000 -26.200000 12.000000
v 12.030000 -25.000000 12.000000
v 12.030000 -23.800000 12.000000
v 12.030000 -22.600000 12.000000
v 12.030000 -21.400000 12.000000
v 10.830000 -21.400000 12.000000
v 13.230000 -28.600000 12.000000
v 13.230000 -29.800000 12.000000
v 12.030000 -29.800000 12.000000
v 13.230000 -27.400000 12.000000
v 13.230000 -26.200000 12.000000
v 13.230000 -25.000000 12.000000
v 13.230000 -23.800000 12.000000
v 13.230000 -22.600000 12.000000
v 13.230000 -21.400000 12.000000
v 13.230000 -20.200000 12.000000
v 12.030000 -20.200000 12.000000
v 14.430000 -28.600000 12.000000
v 14.430000 -29.800000 12.000000
v 14.430000 -27.400000 12.000000
v 14.430000 -26.200000 12.000000
v 14.430000 -25.000000 12.000000
v 14.430000 -23.800000 12.000000
v 14.430000 -22.600000 12.000000
v 14.430000 -21.400000 12.000000
v 14.430000 -20.200000 12.000000
v 15.630000 -28.600000 12.000000
v 15.630000 -29.800000 12.000000
v 15.630000 -27.400000 12.000000
v 15.630000 -26.200000 12.000000
v 15.630000 -25.000000 12.000000
v 15.630000 -23.800000 12.000000
v 15.630000 -22.600000 12.000000
v 15.630000 -21.400000 12.000000
v 15.630000 -20.200000 12.000000
v 16.830000 -28.600000 12.000000
v 16.830000 -29.800000 12.000000
v 16.830000 -27.400000 12.000000
v 16.830000 -26.200000 12.000000
v 16.830000 -25.000000 12.000000
v 16.830000 -23.800000 12.000000
v 16.830000 -22.600000 12.000000
v 16.830000 -21.400000 12.000000
v 16.830000 -20.200000 12.000000
v 18.030000 -27.400000 12.000000
v 18.030000 -28.600000 12.000000
v 18.030000 -26.200000 12.000000
v 18.030000 -25.000000 12.000000
v 18.030000 -23.800000 12.000000
v 18.030000 -22.600000 12.000000
v 18.030000 -21.400000 12.000000
v 19.230000 -26.200000 12.000000
v 19.230000 -27.400000 12.000000
v 19.230000 -25.000000 12.000000
v 19.230000 -23.800000 12.000000
v 19.230000 -22.600000 12.000000
v 2.321430 -0.812500 10.000000
v -2.321430 -0.812500 10.000000
v 1.392860 -0.812500 10.000000
v 0.464290 -0.812500 10.000000
v -0.464290 -0.812500 10.000000
v -1.392860 -0.812500 10.000000
v 3.027750 -1.181210 10.000000
v 2.321430 -1.625000 10.000000
v 2.321910 -2.274040 10.000000
v 1.392860 -1.625000 10.000000
v 1.234710 -3.006330 10.000000
v 1.392860 -2.437500 10.000000
v 0.000000 -3.250000 10.000000
v 0.464290 -2.437500 10.000000
v -0.464290 -2.437500 10.000000
v -1.181210 -3.027750 10.000000
v -2.274040 -2.321910 10.000000
v -1.392860 -2.437500 10.000000
v -1.392860 -1.625000 10.000000
v -2.321430 -1.625000 10.000000
v -3.006330 -1.234710 10.000000
v 0.464290 -1.625000 10.000000
v -0.464290 -1.625000 10.000000

f 1 2 3
f 1 3 3
f 4 5 6
f 4 6 6
f 3 7 8
f 3 8 1
f 7 9 10
f 7 10 8
f 9 11 12
f 9 12 10
f 11 13 14
f 11 14 12
f 13 6 5
f 13 5 14
f 15 2 16
f 15 16 17
f 18 19 4
f 18 4 20
f 15 17 21
f 15 21 22
f 22 21 23
f 22 23 24
f 24 23 25
f 24 25 26
f 26 25 27
f 26 27 28
f 28 27 29
f 28 29 30
f 30 29 31
f 30 31 32
f 32 31 33
f 32 33 34
f 34 33 35
f 34 35 36
f 36 35 37
f 36 37 38
f 38 37 39
f 38 39 40
f 40 39 41
f 40 41 42
f 42 41 43
f 42 43 44
f 44 43 45
f 44 45 46
f 46 45 47
f 46 47 48
f 48 47 49
f 48 49 50
f 50 49 51
f 50 51 52
f 18 20 53
f 18 53 54
f 54 53 55
f 54 55 56
f 56 55 57
f 56 57 58
f 58 57 59
f 58 59 60
f 60 59 61
f 60 61 62
f 62 61 63
f 62 63 64
f 64 63 65
f 64 65 66
f 66 65 67
f 66 67 68
f 68 67 69
f 68 69 70
f 70 69 71
f 70 71 72
f 72 71 73
f 72 73 74
f 74 73 75
f 74 75 76
f 76 75 77
f 76 77 78
f 78 77 79
f 78 79 80
f 80 79 81
f 80 81 82
f 82 81 83
f 82 83 84
f 1 16 2
f 1 2 2
f 1 85 16
f 1 16 16
f 85 86 87
f 85 87 87
f 87 16 85
f 87 85 85
f 87 88 89
f 87 89 89
f 88 87 86
f 88 86 86
f 90 91 89
f 90 89 89
f 89 88 90
f 89 90 90
f 91 90 92
f 91 92 92
f 93 94 95
f 93 95 95
f 96 94 93
f 96 93 93
f 93 95 92
f 93 92 92
f 91 92 95
f 91 95 95
f 94 96 97
f 94 97 97
f 19 97 5
f 19 5 5
f 5 4 19
f 5 19 19
f 97 19 94
f 97 94 94
f 1 8 86
f 1 86 85
f 8 10 98
f 8 98 86
f 86 98 90
f 86 90 88
f 10 12 99
f 10 99 98
f 98 99 92
f 98 92 90
f 12 14 96
f 12 96 99
f 99 96 93
f 99 93 92
f 14 5 97
f 14 97 96
f 100 89 91
f 100 91 101
f 17 16 87
f 17 87 102
f 102 87 89
f 102 89 100
f 103 95 94
f 103 94 104
f 95 103 101
f 95 101 91
f 104 94 19
f 104 19 18
f 17 102 105
f 17 105 21
f 21 105 106
f 21 106 23
f 23 106 107
f 23 107 25
f 25 107 108
f 25 108 27
f 27 108 109
f 27 109 29
f 29 109 110
f 29 110 31
f 31 110 111
f 31 111 33
f 33 111 112
f 33 112 35
f 35 112 113
f 35 113 37
f 37 113 114
f 37 114 39
f 39 114 115
f 39 115 41
f 41 115 116
f 41 116 43
f 43 116 117
f 43 117 45
f 45 117 118
f 45 118 47
f 47 118 119
f 47 119 49
f 49 119 120
f 49 120 51
f 102 100 121
f 102 121 105
f 105 121 122
f 105 122 106
f 106 122 123
f 106 123 107
f 107 123 124
f 107 124 108
f 108 124 125
f 108 125 109
f 109 125 126
f 109 126 110
f 110 126 127
f 110 127 111
f 111 127 128
f 111 128 112
f 112 128 129
f 112 129 113
f 113 129 130
f 113 130 114
f 114 130 131
f 114 131 115
f 115 131 132
f 115 132 116
f 116 132 133
f 116 133 117
f 117 133 134
f 117 134 118
f 118 134 135
f 118 135 119
f 119 135 136
f 119 136 120
f 100 101 137
f 100 137 121
f 121 137 138
f 121 138 122
f 122 138 139
f 122 139 123
f 123 139 140
f 123 140 124
f 124 140 141
f 124 141 125
f 125 141 142
f 125 142 126
f 126 142 143
f 126 143 127
f 127 143 144
f 127 144 128
f 128 144 145
f 128 145 129
f 129 145 146
f 129 146 130
f 130 146 147
f 130 147 131
f 131 147 148
f 131 148 132
f 132 148 149
f 132 149 133
f 133 149 150
f 133 150 134
f 134 150 151
f 134 151 135
f 135 151 152
f 135 152 136
f 101 103 153
f 101 153 137
f 137 153 154
f 137 154 138
f 138 154 155
f 138 155 139
f 139 155 156
f 139 156 140
f 140 156 157
f 140 157 141
f 141 157 158
f 141 158 142
f 142 158 159
f 142 159 143
f 143 159 160
f 143 160 144
f 144 160 161
f 144 161 145
f 145 161 162
f 145 162 146
f 146 162 163
f 146 163 147
f 147 163 164
f 147 164 148
f 148 164 165
f 148 165 149
f 149 165 166
f 149 166 150
f 150 166 167
f 150 167 151
f 151 167 168
f 151 168 152
f 103 104 169
f 103 169 153
f 153 169 170
f 153 170 154
f 154 170 171
f 154 171 155
f 155 171 172
f 155 172 156
f 156 172 173
f 156 173 157
f 157 173 174
f 157 174 158
f 158 174 175
f 158 175 159
f 159 175 176
f 159 176 160
f 160 176 177
f 160 177 161
f 161 177 178
f 161 178 162
f 162 178 179
f 162 179 163
f 163 179 180
f 163 180 164
f 164 180 181
f 164 181 165
f 165 181 182
f 165 182 166
f 166 182 183
f 166 183 167
f 167 183 184
f 167 184 168
f 104 18 54
f 104 54 169
f 169 54 56
f 169 56 170
f 170 56 58
f 170 58 171
f 171 58 60
f 171 60 172
f 172 60 62
f 172 62 173
f 173 62 64
f 173 64 174
f 174 64 66
f 174 66 175
f 175 66 68
f 175 68 176
f 176 68 70
f 176 70 177
f 177 70 72
f 177 72 178
f 178 72 74
f 178 74 179
f 179 74 76
f 179 76 180
f 180 76 78
f 180 78 181
f 181 78 80
f 181 80 182
f 182 80 82
f 182 82 183
f 183 82 84
f 183 84 184
f 185 186 187
f 185 187 187
f 188 189 190
f 188 190 190
f 186 185 191
f 186 191 192
f 192 191 193
f 192 193 194
f 194 193 195
f 194 195 196
f 196 195 197
f 196 197 198
f 198 197 199
f 198 199 200
f 200 199 201
f 200 201 202
f 202 201 203
f 202 203 204
f 204 203 189
f 204 189 188
f 205 206 207
f 205 207 208
f 209 210 211
f 209 211 212
f 187 213 214
f 187 214 215
f 216 190 217
f 216 217 218
f 205 208 219
f 205 219 220
f 220 219 221
f 220 221 222
f 222 221 223
f 222 223 224
f 224 223 225
f 224 225 226
f 226 225 227
f 226 227 228
f 228 227 214
f 228 214 213
f 209 212 229
f 209 229 230
f 230 229 231
f 230 231 232
f 232 231 233
f 232 233 234
f 234 233 235
f 234 235 236
f 236 235 237
f 236 237 238
f 238 237 216
f 238 216 218
f 239 240 241
f 239 241 241
f 242 243 244
f 242 244 244
f 241 245 246
f 241 246 247
f 245 248 249
f 245 249 246
f 248 250 251
f 248 251 249
f 250 252 253
f 250 253 251
f 252 254 255
f 252 255 253
f 254 256 257
f 254 257 255
f 256 258 259
f 256 259 257
f 258 243 260
f 258 260 259
f 261 262 263
f 261 263 263
f 264 206 265
f 264 265 265
f 266 211 267
f 266 267 267
f 268 269 270
f 268 270 270
f 261 271 264
f 261 264 265
f 266 267 272
f 266 272 268
f 273 240 239
f 273 239 274
f 275 242 244
f 275 244 276
f 262 277 278
f 262 278 263
f 279 270 269
f 279 269 280
f 273 274 278
f 273 278 277
f 275 276 279
f 275 279 280
f 281 282 283
f 281 283 283
f 187 215 185
f 187 185 185
f 282 185 215
f 282 215 215
f 283 282 215
f 283 215 215
f 284 283 285
f 284 285 285
f 286 282 281
f 286 281 281
f 281 284 287
f 281 287 287
f 281 283 284
f 281 284 284
f 285 288 289
f 285 289 289
f 289 284 285
f 289 285 285
f 290 291 292
f 290 292 292
f 288 293 289
f 288 289 289
f 293 288 294
f 293 294 294
f 294 288 295
f 294 295 295
f 295 296 290
f 295 290 290
f 294 295 290
f 294 290 290
f 217 190 189
f 217 189 189
f 297 217 189
f 297 189 189
f 297 298 291
f 297 291 291
f 291 290 296
f 291 296 296
f 296 217 297
f 296 297 297
f 297 291 296
f 297 296 296
f 185 282 286
f 185 286 191
f 191 286 299
f 191 299 193
f 286 281 287
f 286 287 299
f 193 299 300
f 193 300 195
f 299 287 301
f 299 301 300
f 287 284 289
f 287 289 301
f 195 300 302
f 195 302 197
f 300 301 303
f 300 303 302
f 301 289 293
f 301 293 303
f 197 302 304
f 197 304 199
f 302 303 305
f 302 305 304
f 303 293 294
f 303 294 305
f 199 304 306
f 199 306 201
f 304 305 292
f 304 292 306
f 305 294 290
f 305 290 292
f 201 306 298
f 201 298 203
f 306 292 291
f 306 291 298
f 203 298 297
f 203 297 189
f 307 308 309
f 307 309 310
f 208 207 311
f 208 311 312
f 312 311 308
f 312 308 307
f 313 314 315
f 313 315 316
f 314 313 310
f 314 310 309
f 316 315 210
f 316 210 209
f 285 317 318
f 285 318 288
f 215 214 319
f 215 319 283
f 283 319 317
f 283 317 285
f 295 320 321
f 295 321 296
f 320 295 288
f 320 288 318
f 296 321 218
f 296 218 217
f 208 312 322
f 208 322 219
f 219 322 323
f 219 323 221
f 221 323 324
f 221 324 223
f 223 324 325
f 223 325 225
f 225 325 326
f 225 326 227
f 227 326 319
f 227 319 214
f 312 307 327
f 312 327 322
f 322 327 328
f 322 328 323
f 323 328 329
f 323 329 324
f 324 329 330
f 324 330 325
f 325 330 331
f 325 331 326
f 326 331 317
f 326 317 319
f 307 310 332
f 307 332 327
f 327 332 333
f 327 333 328
f 328 333 334
f 328 334 329
f 329 334 335
f 329 335 330
f 330 335 336
f 330 336 331
f 331 336 318
f 331 318 317
f 310 313 337
f 310 337 332
f 332 337 338
f 332 338 333
f 333 338 339
f 333 339 334
f 334 339 340
f 334 340 335
f 335 340 341
f 335 341 336
f 336 341 320
f 336 320 318
f 313 316 342
f 313 342 337
f 337 342 343
f 337 343 338
f 338 343 344
f 338 344 339
f 339 344 345
f 339 345 340
f 340 345 346
f 340 346 341
f 341 346 321
f 341 321 320
f 316 209 230
f 316 230 342
f 342 230 232
f 342 232 343
f 343 232 234
f 343 234 344
f 344 234 236
f 344 236 345
f 345 236 238
f 345 238 346
f 346 238 218
f 346 218 321
f 347 348 349
f 347 349 349
f 350 351 352
f 350 352 352
f 353 354 247
f 353 247 247
f 239 247 354
f 239 354 354
f 247 239 241
f 247 241 241
f 351 355 353
f 351 353 353
f 355 354 353
f 355 353 353
f 351 350 355
f 351 355 355
f 356 352 357
f 356 357 357
f 357 352 351
f 357 351 351
f 351 353 358
f 351 358 358
f 357 351 359
f 357 359 359
f 360 356 357
f 360 357 357
f 360 357 349
f 360 349 349
f 348 360 349
f 348 349 349
f 361 362 363
f 361 363 363
f 348 347 364
f 348 364 364
f 365 366 367
f 365 367 367
f 366 364 347
f 366 347 347
f 361 363 367
f 361 367 367
f 365 364 366
f 365 366 366
f 368 365 367
f 368 367 367
f 363 368 367
f 363 367 367
f 260 243 242
f 260 242 242
f 369 370 260
f 369 260 260
f 369 260 242
f 369 242 242
f 362 371 370
f 362 370 370
f 372 363 362
f 372 362 362
f 362 373 372
f 362 372 372
f 373 362 370
f 373 370 370
f 370 369 373
f 370 373 373
f 247 246 358
f 247 358 353
f 246 249 374
f 246 374 358
f 358 374 359
f 358 359 351
f 249 251 375
f 249 375 374
f 374 375 376
f 374 376 359
f 359 376 349
f 359 349 357
f 251 253 377
f 251 377 375
f 375 377 378
f 375 378 376
f 376 378 347
f 376 347 349
f 253 255 379
f 253 379 377
f 377 379 380
f 377 380 378
f 378 380 366
f 378 366 347
f 255 257 381
f 255 381 379
f 379 381 361
f 379 361 380
f 380 361 367
f 380 367 366
f 257 259 371
f 257 371 381
f 381 371 362
f 381 362 361
f 259 260 370
f 259 370 371
f 382 383 384
f 382 384 384
f 385 207 264
f 385 264 264
f 386 271 387
f 386 387 387
f 263 387 271
f 263 271 271
f 271 261 263
f 271 263 263
f 388 389 390
f 388 390 390
f 386 387 388
f 386 388 388
f 388 390 386
f 388 386 386
f 389 391 390
f 389 390 390
f 391 392 390
f 391 390 390
f 385 386 390
f 385 390 390
f 393 392 391
f 393 391 391
f 207 206 264
f 207 264 264
f 207 394 311
f 207 311 311
f 385 394 207
f 385 207 207
f 394 395 308
f 394 308 308
f 395 396 308
f 395 308 308
f 311 394 308
f 311 308 308
f 397 384 392
f 397 392 392
f 395 390 392
f 395 392 392
f 397 392 393
f 397 393 393
f 396 309 308
f 396 308 308
f 384 397 382
f 384 382 382
f 309 396 398
f 309 398 398
f 309 398 399
f 309 399 399
f 399 314 309
f 399 309 309
f 400 210 315
f 400 315 315
f 400 314 401
f 400 401 401
f 314 399 401
f 314 401 401
f 315 314 400
f 315 400 400
f 383 382 402
f 383 402 402
f 402 403 404
f 402 404 404
f 404 383 402
f 404 402 402
f 405 406 401
f 405 401 401
f 404 403 405
f 404 405 405
f 403 407 405
f 403 405 405
f 405 407 406
f 405 406 406
f 211 210 267
f 211 267 267
f 400 408 210
f 400 210 210
f 408 267 210
f 408 210 210
f 268 272 269
f 268 269 269
f 409 272 410
f 409 410 410
f 269 272 409
f 269 409 409
f 410 408 411
f 410 411 411
f 406 412 411
f 406 411 411
f 401 406 411
f 401 411 411
f 413 409 410
f 413 410 410
f 411 412 413
f 411 413 413
f 410 411 413
f 410 413 413
f 271 386 385
f 271 385 264
f 385 390 395
f 385 395 394
f 395 392 384
f 395 384 396
f 396 384 383
f 396 383 398
f 398 383 404
f 398 404 399
f 399 404 405
f 399 405 401
f 400 401 411
f 400 411 408
f 267 408 410
f 267 410 272
f 414 350 352
f 414 352 415
f 416 354 355
f 416 355 417
f 274 239 354
f 274 354 416
f 417 355 350
f 417 350 414
f 418 356 360
f 418 360 419
f 415 352 356
f 415 356 418
f 419 360 348
f 419 348 420
f 364 421 420
f 364 420 348
f 422 363 372
f 422 372 423
f 424 365 368
f 424 368 425
f 421 364 365
f 421 365 424
f 425 368 363
f 425 363 422
f 426 373 369
f 426 369 427
f 423 372 373
f 423 373 426
f 427 369 242
f 427 242 275
f 389 428 429
f 389 429 391
f 387 430 431
f 387 431 388
f 263 278 430
f 263 430 387
f 388 431 428
f 388 428 389
f 393 432 433
f 393 433 397
f 391 429 432
f 391 432 393
f 397 433 434
f 397 434 382
f 435 402 382
f 435 382 434
f 406 436 437
f 406 437 412
f 403 438 439
f 403 439 407
f 402 435 438
f 402 438 403
f 407 439 436
f 407 436 406
f 413 440 441
f 413 441 409
f 412 437 440
f 412 440 413
f 409 441 280
f 409 280 269
f 274 416 430
f 274 430 278
f 416 417 431
f 416 431 430
f 417 414 428
f 417 428 431
f 414 415 429
f 414 429 428
f 415 418 432
f 415 432 429
f 418 419 433
f 418 433 432
f 419 420 434
f 419 434 433
f 420 421 435
f 420 435 434
f 421 424 438
f 421 438 435
f 424 425 439
f 424 439 438
f 425 422 436
f 425 436 439
f 422 423 437
f 422 437 436
f 423 426 440
f 423 440 437
f 426 427 441
f 426 441 440
f 427 275 280
f 427 280 441
f 442 443 444
f 442 444 445
f 446 442 445
f 446 445 447
f 448 446 447
f 448 447 449
f 450 448 449
f 450 449 451
f 452 450 451
f 452 451 453
f 454 452 453
f 454 453 455
f 456 454 455
f 456 455 457
f 458 456 457
f 458 457 459
f 460 458 459
f 460 459 461
f 462 460 461
f 462 461 463
f 464 462 463
f 464 463 465
f 466 464 465
f 466 465 467
f 468 466 467
f 468 467 469
f 470 468 469
f 470 469 471
f 472 470 471
f 472 471 473
f 474 472 473
f 474 473 475
f 476 474 475
f 476 475 477
f 478 476 477
f 478 477 479
f 480 478 479
f 480 479 481
f 482 480 481
f 482 481 483
f 484 482 483
f 484 483 485
f 486 484 485
f 486 485 487
f 488 486 487
f 488 487 489
f 490 488 489
f 490 489 491
f 492 490 491
f 492 491 493
f 494 492 493
f 494 493 495
f 496 494 495
f 496 495 497
f 498 496 497
f 498 497 499
f 500 498 499
f 500 499 501
f 502 500 501
f 502 501 503
f 504 502 503
f 504 503 505
f 506 504 505
f 506 505 507
f 508 506 507
f 508 507 509
f 443 508 509
f 443 509 444
f 510 445 444
f 510 444 511
f 512 449 447
f 512 447 513
f 513 447 445
f 513 445 510
f 514 453 451
f 514 451 515
f 516 457 455
f 516 455 517
f 517 455 453
f 517 453 514
f 515 451 449
f 515 449 512
f 518 459 457
f 518 457 516
f 519 463 461
f 519 461 520
f 521 467 465
f 521 465 522
f 522 465 463
f 522 463 519
f 523 471 469
f 523 469 524
f 525 475 473
f 525 473 526
f 475 525 527
f 475 527 477
f 526 473 471
f 526 471 523
f 524 469 467
f 524 467 521
f 520 461 459
f 520 459 518
f 442 528 529
f 442 529 443
f 448 530 531
f 448 531 446
f 446 531 528
f 446 528 442
f 452 532 533
f 452 533 450
f 456 534 535
f 456 535 454
f 454 535 532
f 454 532 452
f 450 533 530
f 450 530 448
f 458 536 534
f 458 534 456
f 462 537 538
f 462 538 460
f 466 539 540
f 466 540 464
f 464 540 537
f 464 537 462
f 472 541 542
f 472 542 470
f 474 543 541
f 474 541 472
f 543 474 476
f 543 476 544
f 470 542 545
f 470 545 468
f 468 545 539
f 468 539 466
f 460 538 536
f 460 536 458
f 477 527 546
f 477 546 479
f 547 481 479
f 547 479 546
f 548 485 483
f 548 483 549
f 549 483 481
f 549 481 547
f 550 489 487
f 550 487 551
f 552 493 491
f 552 491 553
f 553 491 489
f 553 489 550
f 551 487 485
f 551 485 548
f 493 552 554
f 493 554 495
f 555 497 495
f 555 495 554
f 556 501 499
f 556 499 557
f 557 499 497
f 557 497 555
f 558 505 503
f 558 503 559
f 560 509 507
f 560 507 561
f 511 444 509
f 511 509 560
f 561 507 505
f 561 505 558
f 559 503 501
f 559 501 556
f 480 562 563
f 480 563 478
f 484 564 565
f 484 565 482
f 482 565 562
f 482 562 480
f 488 566 567
f 488 567 486
f 492 568 569
f 492 569 490
f 490 569 566
f 490 566 488
f 486 567 564
f 486 564 484
f 478 563 544
f 478 544 476
f 568 492 494
f 568 494 570
f 496 571 570
f 496 570 494
f 500 572 573
f 500 573 498
f 498 573 571
f 498 571 496
f 504 574 575
f 504 575 502
f 508 576 577
f 508 577 506
f 443 529 576
f 443 576 508
f 506 577 574
f 506 574 504
f 502 575 572
f 502 572 500
f 578 579 580
f 578 580 581
f 582 578 581
f 582 581 583
f 584 582 583
f 584 583 585
f 586 584 585
f 586 585 587
f 588 589 590
f 588 590 579
f 591 592 586
f 591 586 593
f 594 595 596
f 594 596 589
f 597 598 591
f 597 591 599
f 600 601 595
f 600 595 594
f 602 603 598
f 602 598 597
f 604 605 601
f 604 601 600
f 606 607 603
f 606 603 602
f 608 609 605
f 608 605 604
f 610 611 607
f 610 607 606
f 612 613 608
f 612 608 614
f 615 616 617
f 615 617 611
f 618 619 612
f 618 612 620
f 621 618 620
f 621 620 622
f 623 621 622
f 623 622 624
f 625 623 624
f 625 624 616
f 580 590 549
f 580 549 549
f 590 548 549
f 590 549 549
f 549 547 580
f 549 580 580
f 589 551 590
f 589 590 590
f 551 548 590
f 551 590 590
f 580 579 590
f 580 590 590
f 546 581 547
f 546 547 547
f 547 581 580
f 547 580 580
f 583 581 546
f 583 546 546
f 579 578 626
f 579 626 626
f 588 579 626
f 588 626 626
f 627 626 578
f 627 578 578
f 596 550 551
f 596 551 551
f 553 550 596
f 553 596 596
f 595 553 596
f 595 596 596
f 596 551 589
f 596 589 589
f 595 601 552
f 595 552 552
f 552 553 595
f 552 595 595
f 601 554 552
f 601 552 552
f 628 629 588
f 628 588 588
f 629 594 589
f 629 589 589
f 588 629 589
f 588 589 589
f 588 626 628
f 588 628 628
f 594 629 630
f 594 630 630
f 630 600 594
f 630 594 594
f 630 604 600
f 630 600 600
f 527 525 583
f 527 583 583
f 583 546 527
f 583 527 527
f 525 585 583
f 525 583 583
f 584 627 582
f 584 582 582
f 525 526 585
f 525 585 585
f 526 523 587
f 526 587 587
f 526 587 585
f 526 585 585
f 524 593 523
f 524 523 523
f 521 593 524
f 521 524 524
f 523 593 587
f 523 587 587
f 586 587 593
f 586 593 593
f 584 586 631
f 584 631 631
f 631 586 592
f 631 592 592
f 631 627 584
f 631 584 584
f 592 632 633
f 592 633 633
f 633 631 592
f 633 592 592
f 591 632 592
f 591 592 592
f 599 521 522
f 599 522 522
f 599 591 593
f 599 593 593
f 522 519 599
f 522 599 599
f 597 599 519
f 597 519 519
f 520 602 597
f 520 597 597
f 520 597 519
f 520 519 519
f 591 598 632
f 591 632 632
f 634 632 598
f 634 598 598
f 599 593 521
f 599 521 521
f 582 627 578
f 582 578 578
f 605 555 554
f 605 554 554
f 604 630 635
f 604 635 635
f 555 609 557
f 555 557 557
f 608 613 609
f 608 609 609
f 555 605 609
f 555 609 609
f 636 614 635
f 636 635 635
f 608 604 635
f 608 635 635
f 614 608 635
f 614 635 635
f 612 614 637
f 612 637 637
f 637 614 636
f 637 636 636
f 637 638 620
f 637 620 620
f 557 609 556
f 557 556 556
f 612 619 613
f 612 613 613
f 556 609 613
f 556 613 613
f 559 556 613
f 559 613 613
f 558 613 619
f 558 619 619
f 619 561 558
f 619 558 558
f 558 559 613
f 558 613 613
f 620 638 622
f 620 622 622
f 618 621 560
f 618 560 560
f 560 561 618
f 560 618 618
f 621 511 560
f 621 560 560
f 619 618 561
f 619 561 561
f 612 637 620
f 612 620 620
f 638 624 622
f 638 622 622
f 603 607 634
f 603 634 634
f 607 639 634
f 607 634 634
f 634 598 603
f 634 603 603
f 607 611 639
f 607 639 639
f 617 640 639
f 617 639 639
f 617 641 640
f 617 640 640
f 611 617 639
f 611 639 639
f 602 518 606
f 602 606 606
f 518 516 606
f 518 606 606
f 602 520 518
f 602 518 518
f 606 516 610
f 606 610 610
f 610 514 611
f 610 611 611
f 516 517 610
f 516 610 610
f 624 638 641
f 624 641 641
f 616 624 641
f 616 641 641
f 623 513 510
f 623 510 510
f 623 510 621
f 623 621 621
f 510 511 621
f 510 621 621
f 513 623 625
f 513 625 625
f 517 514 610
f 517 610 610
f 615 611 514
f 615 514 514
f 625 615 512
f 625 512 512
f 512 513 625
f 512 625 625
f 615 514 515
f 615 515 515
f 515 512 615
f 515 615 615
f 625 616 615
f 625 615 615
f 617 616 641
f 617 641 641
f 554 601 605
f 554 605 605
f 642 643 644
f 642 644 645
f 646 647 643
f 646 643 642
f 648 649 647
f 648 647 646
f 650 651 649
f 650 649 648
f 652 645 653
f 652 653 654
f 655 642 645
f 655 645 652
f 656 646 642
f 656 642 655
f 657 648 646
f 657 646 656
f 658 650 648
f 658 648 657
f 659 660 650
f 659 650 658
f 661 654 662
f 661 662 663
f 664 652 654
f 664 654 661
f 665 655 652
f 665 652 664
f 666 656 655
f 666 655 665
f 667 657 656
f 667 656 666
f 668 658 657
f 668 657 667
f 669 659 658
f 669 658 668
f 670 671 659
f 670 659 669
f 672 661 663
f 672 663 673
f 674 664 661
f 674 661 672
f 675 665 664
f 675 664 674
f 676 666 665
f 676 665 675
f 677 667 666
f 677 666 676
f 678 668 667
f 678 667 677
f 679 669 668
f 679 668 678
f 680 670 669
f 680 669 679
f 681 672 673
f 681 673 682
f 683 674 672
f 683 672 681
f 684 675 674
f 684 674 683
f 685 676 675
f 685 675 684
f 686 677 676
f 686 676 685
f 687 678 677
f 687 677 686
f 688 679 678
f 688 678 687
f 689 680 679
f 689 679 688
f 690 681 682
f 690 682 691
f 692 683 681
f 692 681 690
f 693 684 683
f 693 683 692
f 694 685 684
f 694 684 693
f 695 686 685
f 695 685 694
f 696 687 686
f 696 686 695
f 697 688 687
f 697 687 696
f 698 689 688
f 698 688 697
f 699 692 690
f 699 690 700
f 701 693 692
f 701 692 699
f 702 694 693
f 702 693 701
f 703 695 694
f 703 694 702
f 704 696 695
f 704 695 703
f 705 697 696
f 705 696 704
f 706 701 699
f 706 699 707
f 708 702 701
f 708 701 706
f 709 703 702
f 709 702 708
f 710 704 703
f 710 703 709
f 644 562 565
f 644 565 565
f 565 653 644
f 565 644 644
f 653 565 564
f 653 564 564
f 564 567 653
f 564 653 653
f 653 645 644
f 653 644 644
f 562 643 563
f 562 563 563
f 562 644 643
f 562 643 643
f 643 647 563
f 643 563 563
f 567 566 662
f 567 662 662
f 566 569 662
f 566 662 662
f 569 568 663
f 569 663 663
f 654 567 662
f 654 662 662
f 663 568 673
f 663 673 673
f 569 663 662
f 569 662 662
f 570 673 568
f 570 568 568
f 654 653 567
f 654 567 567
f 544 647 543
f 544 543 543
f 649 543 647
f 649 647 647
f 563 647 544
f 563 544 544
f 649 541 543
f 649 543 543
f 541 651 542
f 541 542 542
f 660 545 542
f 660 542 542
f 660 542 651
f 660 651 651
f 649 651 541
f 649 541 541
f 660 539 545
f 660 545 545
f 651 650 660
f 651 660 660
f 660 671 539
f 660 539 539
f 660 659 671
f 660 671 671
f 671 537 540
f 671 540 540
f 540 539 671
f 540 671 671
f 670 538 537
f 670 537 537
f 537 671 670
f 537 670 670
f 538 670 680
f 538 680 680
f 570 571 682
f 570 682 682
f 571 691 682
f 571 682 682
f 571 573 691
f 571 691 691
f 691 700 690
f 691 690 690
f 700 707 699
f 700 699 699
f 691 572 700
f 691 700 700
f 573 572 691
f 573 691 691
f 700 575 574
f 700 574 574
f 574 577 707
f 574 707 707
f 700 574 707
f 700 707 707
f 706 576 708
f 706 708 708
f 576 706 577
f 576 577 577
f 707 577 706
f 707 706 706
f 576 529 708
f 576 708 708
f 575 700 572
f 575 572 572
f 689 536 680
f 689 680 680
f 697 532 698
f 697 698 698
f 698 534 689
f 698 689 689
f 689 534 536
f 689 536 536
f 534 698 535
f 534 535 535
f 535 698 532
f 535 532 532
f 705 532 697
f 705 697 697
f 536 538 680
f 536 680 680
f 531 710 709
f 531 709 709
f 709 528 531
f 709 531 531
f 709 708 528
f 709 528 528
f 704 710 705
f 704 705 705
f 530 533 705
f 530 705 705
f 705 710 530
f 705 530 530
f 710 531 530
f 710 530 530
f 533 532 705
f 533 705 705
f 528 708 529
f 528 529 529
f 673 570 682
f 673 682 682
f 711 712 713
f 711 713 714
f 715 716 712
f 715 712 711
f 717 718 716
f 717 716 715
f 719 720 718
f 719 718 717
f 721 722 720
f 721 720 719
f 723 724 722
f 723 722 721
f 725 711 714
f 725 714 726
f 727 715 711
f 727 711 725
f 728 717 715
f 728 715 727
f 729 719 717
f 729 717 728
f 730 721 719
f 730 719 729
f 731 723 721
f 731 721 730
f 732 725 726
f 732 726 733
f 734 727 725
f 734 725 732
f 735 728 727
f 735 727 734
f 736 729 728
f 736 728 735
f 737 730 729
f 737 729 736
f 738 731 730
f 738 730 737
f 739 732 733
f 739 733 740
f 741 734 732
f 741 732 739
f 742 735 734
f 742 734 741
f 743 736 735
f 743 735 742
f 744 737 736
f 744 736 743
f 745 738 737
f 745 737 744
f 746 739 740
f 746 740 747
f 748 741 739
f 748 739 746
f 749 742 741
f 749 741 748
f 750 743 742
f 750 742 749
f 751 744 743
f 751 743 750
f 752 745 744
f 752 744 751
f 753 746 747
f 753 747 754
f 755 748 746
f 755 746 753
f 756 749 748
f 756 748 755
f 757 750 749
f 757 749 756
f 758 751 750
f 758 750 757
f 759 752 751
f 759 751 758
f 760 753 754
f 760 754 761
f 762 755 753
f 762 753 760
f 763 756 755
f 763 755 762
f 764 757 756
f 764 756 763
f 765 758 757
f 765 757 764
f 766 759 758
f 766 758 765
f 767 760 761
f 767 761 768
f 769 762 760
f 769 760 767
f 770 763 762
f 770 762 769
f 771 764 763
f 771 763 770
f 772 765 764
f 772 764 771
f 773 766 765
f 773 765 772
f 774 767 768
f 774 768 775
f 776 769 767
f 776 767 774
f 777 770 769
f 777 769 776
f 778 771 770
f 778 770 777
f 779 772 771
f 779 771 778
f 780 773 772
f 780 772 779
f 781 774 775
f 781 775 782
f 783 776 774
f 783 774 781
f 784 777 776
f 784 776 783
f 785 778 777
f 785 777 784
f 786 779 778
f 786 778 785
f 787 780 779
f 787 779 786
f 788 781 782
f 788 782 789
f 790 783 781
f 790 781 788
f 791 784 783
f 791 783 790
f 792 785 784
f 792 784 791
f 793 786 785
f 793 785 792
f 794 787 786
f 794 786 793
f 795 788 789
f 795 789 796
f 797 790 788
f 797 788 795
f 798 791 790
f 798 790 797
f 799 792 791
f 799 791 798
f 800 793 792
f 800 792 799
f 801 794 793
f 801 793 800
f 802 795 796
f 802 796 803
f 804 797 795
f 804 795 802
f 805 798 797
f 805 797 804
f 806 799 798
f 806 798 805
f 807 800 799
f 807 799 806
f 808 801 800
f 808 800 807
f 809 802 803
f 809 803 810
f 811 804 802
f 811 802 809
f 812 805 804
f 812 804 811
f 813 806 805
f 813 805 812
f 814 807 806
f 814 806 813
f 815 808 807
f 815 807 814
f 816 809 810
f 816 810 817
f 818 811 809
f 818 809 816
f 819 812 811
f 819 811 818
f 820 813 812
f 820 812 819
f 821 814 813
f 821 813 820
f 822 815 814
f 822 814 821
f 712 816 817
f 712 817 713
f 716 818 816
f 716 816 712
f 718 819 818
f 718 818 716
f 720 820 819
f 720 819 718
f 722 821 820
f 722 820 720
f 724 822 821
f 724 821 722
f 823 714 713
f 823 713 824
f 825 733 726
f 825 726 826
f 826 726 714
f 826 714 823
f 733 825 827
f 733 827 740
f 828 747 740
f 828 740 827
f 829 761 754
f 829 754 830
f 830 754 747
f 830 747 828
f 831 768 761
f 831 761 829
f 723 641 638
f 723 638 724
f 738 639 640
f 738 640 731
f 731 640 641
f 731 641 723
f 639 738 745
f 639 745 634
f 752 632 634
f 752 634 745
f 759 633 632
f 759 632 752
f 766 631 633
f 766 633 759
f 631 766 773
f 631 773 627
f 768 831 832
f 768 832 775
f 833 782 775
f 833 775 832
f 789 834 835
f 789 835 796
f 834 789 782
f 834 782 833
f 836 810 803
f 836 803 837
f 824 713 817
f 824 817 838
f 838 817 810
f 838 810 836
f 837 803 796
f 837 796 835
f 787 628 626
f 787 626 780
f 629 794 801
f 629 801 630
f 794 629 628
f 794 628 787
f 780 626 627
f 780 627 773
f 815 636 635
f 815 635 808
f 724 638 637
f 724 637 822
f 822 637 636
f 822 636 815
f 808 635 630
f 808 630 801
f 839 840 841
f 839 841 842
f 843 839 842
f 843 842 844
f 845 843 844
f 845 844 846
f 847 845 846
f 847 846 848
f 849 850 851
f 849 851 840
f 852 849 840
f 852 840 839
f 853 852 839
f 853 839 843
f 854 853 843
f 854 843 845
f 855 854 845
f 855 845 847
f 856 855 847
f 856 847 857
f 858 859 860
f 858 860 850
f 861 858 850
f 861 850 849
f 862 861 849
f 862 849 852
f 863 862 852
f 863 852 853
f 864 863 853
f 864 853 854
f 865 864 854
f 865 854 855
f 866 865 855
f 866 855 856
f 867 866 856
f 867 856 868
f 869 870 859
f 869 859 858
f 871 869 858
f 871 858 861
f 872 871 861
f 872 861 862
f 873 872 862
f 873 862 863
f 874 873 863
f 874 863 864
f 875 874 864
f 875 864 865
f 876 875 865
f 876 865 866
f 877 876 866
f 877 866 867
f 878 879 870
f 878 870 869
f 880 878 869
f 880 869 871
f 881 880 871
f 881 871 872
f 882 881 872
f 882 872 873
f 883 882 873
f 883 873 874
f 884 883 874
f 884 874 875
f 885 884 875
f 885 875 876
f 886 885 876
f 886 876 877
f 887 888 879
f 887 879 878
f 889 887 878
f 889 878 880
f 890 889 880
f 890 880 881
f 891 890 881
f 891 881 882
f 892 891 882
f 892 882 883
f 893 892 883
f 893 883 884
f 894 893 884
f 894 884 885
f 895 894 885
f 895 885 886
f 896 897 887
f 896 887 889
f 898 896 889
f 898 889 890
f 899 898 890
f 899 890 891
f 900 899 891
f 900 891 892
f 901 900 892
f 901 892 893
f 902 901 893
f 902 893 894
f 903 904 896
f 903 896 898
f 905 903 898
f 905 898 899
f 906 905 899
f 906 899 900
f 907 906 900
f 907 900 901
f 841 851 833
f 841 833 833
f 833 832 841
f 833 841 841
f 851 860 833
f 851 833 833
f 841 840 851
f 841 851 851
f 841 832 842
f 841 842 842
f 832 831 842
f 832 842 842
f 859 834 860
f 859 860 860
f 834 833 860
f 834 860 860
f 859 835 834
f 859 834 834
f 870 835 859
f 870 859 859
f 835 870 879
f 835 879 879
f 860 851 850
f 860 850 850
f 831 846 844
f 831 844 844
f 844 842 831
f 844 831 831
f 831 829 846
f 831 846 846
f 829 830 848
f 829 848 848
f 848 846 829
f 848 829 829
f 857 848 830
f 857 830 830
f 857 868 856
f 857 856 856
f 847 848 857
f 847 857 857
f 868 828 867
f 868 867 867
f 828 827 867
f 828 867 867
f 828 868 830
f 828 830 830
f 868 857 830
f 868 830 830
f 879 888 837
f 879 837 837
f 837 835 879
f 837 879 879
f 897 836 888
f 897 888 888
f 897 888 887
f 897 887 887
f 896 904 897
f 896 897 897
f 888 836 837
f 888 837 837
f 836 904 838
f 836 838 838
f 904 903 838
f 904 838 838
f 903 905 824
f 903 824 824
f 824 838 903
f 824 903 903
f 905 906 824
f 905 824 824
f 897 904 836
f 897 836 836
f 877 827 886
f 877 886 886
f 886 827 825
f 886 825 825
f 825 895 886
f 825 886 886
f 825 826 895
f 825 895 895
f 894 895 902
f 894 902 902
f 877 867 827
f 877 827 827
f 823 824 906
f 823 906 906
f 907 823 906
f 907 906 906
f 902 826 907
f 902 907 907
f 907 901 902
f 907 902 902
f 826 823 907
f 826 907 907
f 902 895 826
f 902 826 826
f 908 909 910
f 908 910 910
f 911 912 913
f 911 913 913
f 908 910 914
f 908 914 915
f 915 914 916
f 915 916 917
f 917 916 918
f 917 918 919
f 919 918 920
f 919 920 921
f 921 920 912
f 921 912 911
f 909 922 910
f 909 910 910
f 922 923 910
f 922 910 910
f 924 925 923
f 924 923 923
f 923 922 924
f 923 924 924
f 926 927 924
f 926 924 924
f 925 924 927
f 925 927 927
f 926 928 929
f 926 929 929
f 929 927 926
f 929 926 926
f 930 929 928
f 930 928 928
f 931 932 933
f 931 933 933
f 933 932 934
f 933 934 934
f 930 931 933
f 930 933 933
f 931 930 928
f 931 928 928
f 935 934 932
f 935 932 932
f 912 935 936
f 912 936 936
f 936 913 912
f 936 912 912
f 932 936 935
f 932 935 935
f 910 923 925
f 910 925 914
f 914 925 937
f 914 937 916
f 925 927 929
f 925 929 937
f 916 937 938
f 916 938 918
f 937 929 930
f 937 930 938
f 918 938 934
f 918 934 920
f 938 930 933
f 938 933 934
f 920 934 935
f 920 935 912
f 926 136 152
f 926 152 928
f 924 120 136
f 924 136 926
f 909 52 51
f 909 51 922
f 922 51 120
f 922 120 924
f 168 931 928
f 168 928 152
f 931 168 184
f 931 184 932
f 932 184 84
f 932 84 936
f 83 913 936
f 83 936 84
f 3 2 939
f 3 3 939
f 6 940 4
f 6 6 4
f 941 7 3
f 939 941 3
f 942 9 7
f 941 942 7
f 943 11 9
f 942 943 9
f 944 13 11
f 943 944 11
f 940 6 13
f 944 940 13
f 945 2 15
f 946 945 15
f 4 948 947
f 20 4 947
f 949 946 15
f 22 949 15
f 950 949 22
f 24 950 22
f 951 950 24
f 26 951 24
f 952 951 26
f 28 952 26
f 953 952 28
f 30 953 28
f 954 953 30
f 32 954 30
f 955 954 32
f 34 955 32
f 956 955 34
f 36 956 34
f 957 956 36
f 38 957 36
f 958 957 38
f 40 958 38
f 959 958 40
f 42 959 40
f 960 959 42
f 44 960 42
f 961 960 44
f 46 961 44
f 962 961 46
f 48 962 46
f 963 962 48
f 50 963 48
f 964 963 50
f 52 964 50
f 53 20 947
f 965 53 947
f 55 53 965
f 966 55 965
f 57 55 966
f 967 57 966
f 59 57 967
f 968 59 967
f 61 59 968
f 969 61 968
f 63 61 969
f 970 63 969
f 65 63 970
f 971 65 970
f 67 65 971
f 972 67 971
f 69 67 972
f 973 69 972
f 71 69 973
f 974 71 973
f 73 71 974
f 975 73 974
f 75 73 975
f 976 75 975
f 77 75 976
f 977 77 976
f 79 77 977
f 978 79 977
f 81 79 978
f 979 81 978
f 83 81 979
f 980 83 979
f 2 945 939
f 2 2 939
f 945 981 939
f 945 945 939
f 983 982 981
f 983 983 981
f 981 945 983
f 981 981 983
f 985 984 983
f 985 985 983
f 982 983 984
f 982 982 984
f 985 987 986
f 985 985 986
f 986 984 985
f 986 986 985
f 988 986 987
f 988 988 987
f 991 990 989
f 991 991 989
f 989 990 992
f 989 989 992
f 988 991 989
f 988 988 989
f 991 988 987
f 991 991 987
f 993 992 990
f 993 993 990
f 940 993 948
f 940 940 948
f 948 4 940
f 948 948 940
f 990 948 993
f 990 990 993
f 982 941 939
f 981 982 939
f 994 942 941
f 982 994 941
f 986 994 982
f 984 986 982
f 995 943 942
f 994 995 942
f 988 995 994
f 986 988 994
f 992 944 943
f 995 992 943
f 989 992 995
f 988 989 995
f 993 940 944
f 992 993 944
f 987 985 996
f 997 987 996
f 983 945 946
f 998 983 946
f 985 983 998
f 996 985 998
f 990 991 999
f 1000 990 999
f 997 999 991
f 987 997 991
f 948 990 1000
f 947 948 1000
f 1001 998 946
f 949 1001 946
f 1002 1001 949
f 950 1002 949
f 1003 1002 950
f 951 1003 950
f 1004 1003 951
f 952 1004 951
f 1005 1004 952
f 953 1005 952
f 1006 1005 953
f 954 1006 953
f 1007 1006 954
f 955 1007 954
f 1008 1007 955
f 956 1008 955
f 1009 1008 956
f 957 1009 956
f 1010 1009 957
f 958 1010 957
f 1011 1010 958
f 959 1011 958
f 1012 1011 959
f 960 1012 959
f 1013 1012 960
f 961 1013 960
f 1014 1013 961
f 962 1014 961
f 1015 1014 962
f 963 1015 962
f 1016 1015 963
f 964 1016 963
f 1017 996 998
f 1001 1017 998
f 1018 1017 1001
f 1002 1018 1001
f 1019 1018 1002
f 1003 1019 1002
f 1020 1019 1003
f 1004 1020 1003
f 1021 1020 1004
f 1005 1021 1004
f 1022 1021 1005
f 1006 1022 1005
f 1023 1022 1006
f 1007 1023 1006
f 1024 1023 1007
f 1008 1024 1007
f 1025 1024 1008
f 1009 1025 1008
f 1026 1025 1009
f 1010 1026 1009
f 1027 1026 1010
f 1011 1027 1010
f 1028 1027 1011
f 1012 1028 1011
f 1029 1028 1012
f 1013 1029 1012
f 1030 1029 1013
f 1014 1030 1013
f 1031 1030 1014
f 1015 1031 1014
f 1032 1031 1015
f 1016 1032 1015
f 1033 997 996
f 1017 1033 996
f 1034 1033 1017
f 1018 1034 1017
f 1035 1034 1018
f 1019 1035 1018
f 1036 1035 1019
f 1020 1036 1019
f 1037 1036 1020
f 1021 1037 1020
f 1038 1037 1021
f 1022 1038 1021
f 1039 1038 1022
f 1023 1039 1022
f 1040 1039 1023
f 1024 1040 1023
f 1041 1040 1024
f 1025 1041 1024
f 1042 1041 1025
f 1026 1042 1025
f 1043 1042 1026
f 1027 1043 1026
f 1044 1043 1027
f 1028 1044 1027
f 1045 1044 1028
f 1029 1045 1028
f 1046 1045 1029
f 1030 1046 1029
f 1047 1046 1030
f 1031 1047 1030
f 1048 1047 1031
f 1032 1048 1031
f 1049 999 997
f 1033 1049 997
f 1050 1049 1033
f 1034 1050 1033
f 1051 1050 1034
f 1035 1051 1034
f 1052 1051 1035
f 1036 1052 1035
f 1053 1052 1036
f 1037 1053 1036
f 1054 1053 1037
f 1038 1054 1037
f 1055 1054 1038
f 1039 1055 1038
f 1056 1055 1039
f 1040 1056 1039
f 1057 1056 1040
f 1041 1057 1040
f 1058 1057 1041
f 1042 1058 1041
f 1059 1058 1042
f 1043 1059 1042
f 1060 1059 1043
f 1044 1060 1043
f 1061 1060 1044
f 1045 1061 1044
f 1062 1061 1045
f 1046 1062 1045
f 1063 1062 1046
f 1047 1063 1046
f 1064 1063 1047
f 1048 1064 1047
f 1065 1000 999
f 1049 1065 999
f 1066 1065 1049
f 1050 1066 1049
f 1067 1066 1050
f 1051 1067 1050
f 1068 1067 1051
f 1052 1068 1051
f 1069 1068 1052
f 1053 1069 1052
f 1070 1069 1053
f 1054 1070 1053
f 1071 1070 1054
f 1055 1071 1054
f 1072 1071 1055
f 1056 1072 1055
f 1073 1072 1056
f 1057 1073 1056
f 1074 1073 1057
f 1058 1074 1057
f 1075 1074 1058
f 1059 1075 1058
f 1076 1075 1059
f 1060 1076 1059
f 1077 1076 1060
f 1061 1077 1060
f 1078 1077 1061
f 1062 1078 1061
f 1079 1078 1062
f 1063 1079 1062
f 1080 1079 1063
f 1064 1080 1063
f 965 947 1000
f 1065 965 1000
f 966 965 1065
f 1066 966 1065
f 967 966 1066
f 1067 967 1066
f 968 967 1067
f 1068 968 1067
f 969 968 1068
f 1069 969 1068
f 970 969 1069
f 1070 970 1069
f 971 970 1070
f 1071 971 1070
f 972 971 1071
f 1072 972 1071
f 973 972 1072
f 1073 973 1072
f 974 973 1073
f 1074 974 1073
f 975 974 1074
f 1075 975 1074
f 976 975 1075
f 1076 976 1075
f 977 976 1076
f 1077 977 1076
f 978 977 1077
f 1078 978 1077
f 979 978 1078
f 1079 979 1078
f 980 979 1079
f 1080 980 1079
f 187 186 1081
f 187 187 1081
f 190 1082 188
f 190 190 188
f 1083 1081 186
f 192 1083 186
f 1084 1083 192
f 194 1084 192
f 1085 1084 194
f 196 1085 194
f 1086 1085 196
f 198 1086 196
f 1087 1086 198
f 200 1087 198
f 1088 1087 200
f 202 1088 200
f 1089 1088 202
f 204 1089 202
f 1082 1089 204
f 188 1082 204
f 1090 206 205
f 1091 1090 205
f 211 1093 1092
f 212 211 1092
f 1094 213 187
f 1095 1094 187
f 1096 190 216
f 1097 1096 216
f 1098 1091 205
f 220 1098 205
f 1099 1098 220
f 222 1099 220
f 1100 1099 222
f 224 1100 222
f 1101 1100 224
f 226 1101 224
f 1102 1101 226
f 228 1102 226
f 1094 1102 228
f 213 1094 228
f 229 212 1092
f 1103 229 1092
f 231 229 1103
f 1104 231 1103
f 233 231 1104
f 1105 233 1104
f 235 233 1105
f 1106 235 1105
f 237 235 1106
f 1107 237 1106
f 216 237 1107
f 1097 216 1107
f 241 240 1108
f 241 241 1108
f 244 243 1109
f 244 244 1109
f 1110 245 241
f 1111 1110 241
f 1112 248 245
f 1110 1112 245
f 1113 250 248
f 1112 1113 248
f 1114 252 250
f 1113 1114 250
f 1115 254 252
f 1114 1115 252
f 1116 256 254
f 1115 1116 254
f 1117 258 256
f 1116 1117 256
f 1118 243 258
f 1117 1118 258
f 1119 262 261
f 1119 1119 261
f 265 206 1120
f 265 265 1120
f 1121 211 266
f 1121 1121 266
f 270 1122 268
f 270 270 268
f 1120 1123 261
f 265 1120 261
f 1124 1121 266
f 268 1124 266
f 1108 240 273
f 1125 1108 273
f 244 1109 1126
f 276 244 1126
f 1127 277 262
f 1119 1127 262
f 1122 270 279
f 1128 1122 279
f 1127 1125 273
f 277 1127 273
f 279 276 1126
f 1128 279 1126
f 1131 1130 1129
f 1131 1131 1129
f 1081 1095 187
f 1081 1081 187
f 1095 1081 1130
f 1095 1095 1130
f 1095 1130 1131
f 1095 1095 1131
f 1133 1131 1132
f 1133 1133 1132
f 1129 1130 1134
f 1129 1129 1134
f 1135 1132 1129
f 1135 1135 1129
f 1132 1131 1129
f 1132 1132 1129
f 1137 1136 1133
f 1137 1137 1133
f 1133 1132 1137
f 1133 1133 1137
f 1140 1139 1138
f 1140 1140 1138
f 1137 1141 1136
f 1137 1137 1136
f 1142 1136 1141
f 1142 1142 1141
f 1143 1136 1142
f 1143 1143 1142
f 1138 1144 1143
f 1138 1138 1143
f 1138 1143 1142
f 1138 1138 1142
f 1082 190 1096
f 1082 1082 1096
f 1082 1096 1145
f 1082 1082 1145
f 1139 1146 1145
f 1139 1139 1145
f 1144 1138 1139
f 1144 1144 1139
f 1145 1096 1144
f 1145 1145 1144
f 1144 1139 1145
f 1144 1144 1145
f 1134 1130 1081
f 1083 1134 1081
f 1147 1134 1083
f 1084 1147 1083
f 1135 1129 1134
f 1147 1135 1134
f 1148 1147 1084
f 1085 1148 1084
f 1149 1135 1147
f 1148 1149 1147
f 1137 1132 1135
f 1149 1137 1135
f 1150 1148 1085
f 1086 1150 1085
f 1151 1149 1148
f 1150 1151 1148
f 1141 1137 1149
f 1151 1141 1149
f 1152 1150 1086
f 1087 1152 1086
f 1153 1151 1150
f 1152 1153 1150
f 1142 1141 1151
f 1153 1142 1151
f 1154 1152 1087
f 1088 1154 1087
f 1140 1153 1152
f 1154 1140 1152
f 1138 1142 1153
f 1140 1138 1153
f 1146 1154 1088
f 1089 1146 1088
f 1139 1140 1154
f 1146 1139 1154
f 1145 1146 1089
f 1082 1145 1089
f 1157 1156 1155
f 1158 1157 1155
f 1159 1090 1091
f 1160 1159 1091
f 1156 1159 1160
f 1155 1156 1160
f 1163 1162 1161
f 1164 1163 1161
f 1158 1161 1162
f 1157 1158 1162
f 1093 1163 1164
f 1092 1093 1164
f 1166 1165 1133
f 1136 1166 1133
f 1167 1094 1095
f 1131 1167 1095
f 1165 1167 1131
f 1133 1165 1131
f 1169 1168 1143
f 1144 1169 1143
f 1136 1143 1168
f 1166 1136 1168
f 1097 1169 1144
f 1096 1097 1144
f 1170 1160 1091
f 1098 1170 1091
f 1171 1170 1098
f 1099 1171 1098
f 1172 1171 1099
f 1100 1172 1099
f 1173 1172 1100
f 1101 1173 1100
f 1174 1173 1101
f 1102 1174 1101
f 1167 1174 1102
f 1094 1167 1102
f 1175 1155 1160
f 1170 1175 1160
f 1176 1175 1170
f 1171 1176 1170
f 1177 1176 1171
f 1172 1177 1171
f 1178 1177 1172
f 1173 1178 1172
f 1179 1178 1173
f 1174 1179 1173
f 1165 1179 1174
f 1167 1165 1174
f 1180 1158 1155
f 1175 1180 1155
f 1181 1180 1175
f 1176 1181 1175
f 1182 1181 1176
f 1177 1182 1176
f 1183 1182 1177
f 1178 1183 1177
f 1184 1183 1178
f 1179 1184 1178
f 1166 1184 1179
f 1165 1166 1179
f 1185 1161 1158
f 1180 1185 1158
f 1186 1185 1180
f 1181 1186 1180
f 1187 1186 1181
f 1182 1187 1181
f 1188 1187 1182
f 1183 1188 1182
f 1189 1188 1183
f 1184 1189 1183
f 1168 1189 1184
f 1166 1168 1184
f 1190 1164 1161
f 1185 1190 1161
f 1191 1190 1185
f 1186 1191 1185
f 1192 1191 1186
f 1187 1192 1186
f 1193 1192 1187
f 1188 1193 1187
f 1194 1193 1188
f 1189 1194 1188
f 1169 1194 1189
f 1168 1169 1189
f 1103 1092 1164
f 1190 1103 1164
f 1104 1103 1190
f 1191 1104 1190
f 1105 1104 1191
f 1192 1105 1191
f 1106 1105 1192
f 1193 1106 1192
f 1107 1106 1193
f 1194 1107 1193
f 1097 1107 1194
f 1169 1097 1194
f 1197 1196 1195
f 1197 1197 1195
f 1200 1199 1198
f 1200 1200 1198
f 1111 1202 1201
f 1111 1111 1201
f 1202 1111 1108
f 1202 1202 1108
f 241 1108 1111
f 241 241 1111
f 1201 1203 1199
f 1201 1201 1199
f 1201 1202 1203
f 1201 1201 1203
f 1203 1198 1199
f 1203 1203 1199
f 1205 1200 1204
f 1205 1205 1204
f 1199 1200 1205
f 1199 1199 1205
f 1206 1201 1199
f 1206 1206 1199
f 1207 1199 1205
f 1207 1207 1205
f 1205 1204 1208
f 1205 1205 1208
f 1197 1205 1208
f 1197 1197 1208
f 1197 1208 1196
f 1197 1197 1196
f 1211 1210 1209
f 1211 1211 1209
f 1212 1195 1196
f 1212 1212 1196
f 1215 1214 1213
f 1215 1215 1213
f 1195 1212 1214
f 1195 1195 1214
f 1215 1211 1209
f 1215 1215 1209
f 1214 1212 1213
f 1214 1214 1213
f 1215 1213 1216
f 1215 1215 1216
f 1215 1216 1211
f 1215 1215 1211
f 1109 243 1118
f 1109 1109 1118
f 1118 1218 1217
f 1118 1118 1217
f 1109 1118 1217
f 1109 1109 1217
f 1218 1219 1210
f 1218 1218 1210
f 1210 1211 1220
f 1210 1210 1220
f 1220 1221 1210
f 1220 1220 1210
f 1218 1210 1221
f 1218 1218 1221
f 1221 1217 1218
f 1221 1221 1218
f 1206 1110 1111
f 1201 1206 1111
f 1222 1112 1110
f 1206 1222 1110
f 1207 1222 1206
f 1199 1207 1206
f 1223 1113 1112
f 1222 1223 1112
f 1224 1223 1222
f 1207 1224 1222
f 1197 1224 1207
f 1205 1197 1207
f 1225 1114 1113
f 1223 1225 1113
f 1226 1225 1223
f 1224 1226 1223
f 1195 1226 1224
f 1197 1195 1224
f 1227 1115 1114
f 1225 1227 1114
f 1228 1227 1225
f 1226 1228 1225
f 1214 1228 1226
f 1195 1214 1226
f 1229 1116 1115
f 1227 1229 1115
f 1209 1229 1227
f 1228 1209 1227
f 1215 1209 1228
f 1214 1215 1228
f 1219 1117 1116
f 1229 1219 1116
f 1210 1219 1229
f 1209 1210 1229
f 1218 1118 1117
f 1219 1218 1117
f 1232 1231 1230
f 1232 1232 1230
f 1120 1090 1233
f 1120 1120 1233
f 1235 1123 1234
f 1235 1235 1234
f 1123 1235 1119
f 1123 1123 1119
f 1119 261 1123
f 1119 1119 1123
f 1238 1237 1236
f 1238 1238 1236
f 1236 1235 1234
f 1236 1236 1234
f 1234 1238 1236
f 1234 1234 1236
f 1238 1239 1237
f 1238 1238 1237
f 1238 1240 1239
f 1238 1238 1239
f 1238 1234 1233
f 1238 1238 1233
f 1239 1240 1241
f 1239 1239 1241
f 1120 206 1090
f 1120 1120 1090
f 1159 1242 1090
f 1159 1159 1090
f 1090 1242 1233
f 1090 1090 1233
f 1156 1243 1242
f 1156 1156 1242
f 1156 1244 1243
f 1156 1156 1243
f 1156 1242 1159
f 1156 1156 1159
f 1240 1232 1245
f 1240 1240 1245
f 1240 1238 1243
f 1240 1240 1243
f 1241 1240 1245
f 1241 1241 1245
f 1156 1157 1244
f 1156 1156 1244
f 1230 1245 1232
f 1230 1230 1232
f 1246 1244 1157
f 1246 1246 1157
f 1247 1246 1157
f 1247 1247 1157
f 1157 1162 1247
f 1157 1157 1247
f 1163 1093 1248
f 1163 1163 1248
f 1249 1162 1248
f 1249 1249 1248
f 1249 1247 1162
f 1249 1249 1162
f 1248 1162 1163
f 1248 1248 1163
f 1250 1230 1231
f 1250 1250 1231
f 1252 1251 1250
f 1252 1252 1250
f 1250 1231 1252
f 1250 1250 1252
f 1249 1254 1253
f 1249 1249 1253
f 1253 1251 1252
f 1253 1253 1252
f 1253 1255 1251
f 1253 1253 1251
f 1254 1255 1253
f 1254 1254 1253
f 1121 1093 211
f 1121 1121 211
f 1093 1256 1248
f 1093 1093 1248
f 1093 1121 1256
f 1093 1093 1256
f 1122 1124 268
f 1122 1122 268
f 1258 1124 1257
f 1258 1258 1257
f 1257 1124 1122
f 1257 1257 1122
f 1259 1256 1258
f 1259 1259 1258
f 1259 1260 1254
f 1259 1259 1254
f 1259 1254 1249
f 1259 1259 1249
f 1258 1257 1261
f 1258 1258 1261
f 1261 1260 1259
f 1261 1261 1259
f 1261 1259 1258
f 1261 1261 1258
f 1233 1234 1123
f 1120 1233 1123
f 1243 1238 1233
f 1242 1243 1233
f 1232 1240 1243
f 1244 1232 1243
f 1231 1232 1244
f 1246 1231 1244
f 1252 1231 1246
f 1247 1252 1246
f 1253 1252 1247
f 1249 1253 1247
f 1259 1249 1248
f 1256 1259 1248
f 1258 1256 1121
f 1124 1258 1121
f 1200 1198 1262
f 1263 1200 1262
f 1203 1202 1264
f 1265 1203 1264
f 1202 1108 1125
f 1264 1202 1125
f 1198 1203 1265
f 1262 1198 1265
f 1208 1204 1266
f 1267 1208 1266
f 1204 1200 1263
f 1266 1204 1263
f 1196 1208 1267
f 1268 1196 1267
f 1268 1269 1212
f 1196 1268 1212
f 1220 1211 1270
f 1271 1220 1270
f 1216 1213 1272
f 1273 1216 1272
f 1213 1212 1269
f 1272 1213 1269
f 1211 1216 1273
f 1270 1211 1273
f 1217 1221 1274
f 1275 1217 1274
f 1221 1220 1271
f 1274 1221 1271
f 1109 1217 1275
f 1126 1109 1275
f 1277 1276 1237
f 1239 1277 1237
f 1279 1278 1235
f 1236 1279 1235
f 1278 1127 1119
f 1235 1278 1119
f 1276 1279 1236
f 1237 1276 1236
f 1281 1280 1241
f 1245 1281 1241
f 1280 1277 1239
f 1241 1280 1239
f 1282 1281 1245
f 1230 1282 1245
f 1230 1250 1283
f 1282 1230 1283
f 1285 1284 1254
f 1260 1285 1254
f 1287 1286 1251
f 1255 1287 1251
f 1286 1283 1250
f 1251 1286 1250
f 1284 1287 1255
f 1254 1284 1255
f 1289 1288 1261
f 1257 1289 1261
f 1288 1285 1260
f 1261 1288 1260
f 1128 1289 1257
f 1122 1128 1257
f 1278 1264 1125
f 1127 1278 1125
f 1279 1265 1264
f 1278 1279 1264
f 1276 1262 1265
f 1279 1276 1265
f 1277 1263 1262
f 1276 1277 1262
f 1280 1266 1263
f 1277 1280 1263
f 1281 1267 1266
f 1280 1281 1266
f 1282 1268 1267
f 1281 1282 1267
f 1283 1269 1268
f 1282 1283 1268
f 1286 1272 1269
f 1283 1286 1269
f 1287 1273 1272
f 1286 1287 1272
f 1284 1270 1273
f 1287 1284 1273
f 1285 1271 1270
f 1284 1285 1270
f 1288 1274 1271
f 1285 1288 1271
f 1289 1275 1274
f 1288 1289 1274
f 1128 1126 1275
f 1289 1128 1275
f 1292 1291 1290
f 1293 1292 1290
f 1293 1290 1294
f 1295 1293 1294
f 1295 1294 1296
f 1297 1295 1296
f 1297 1296 1298
f 1299 1297 1298
f 1299 1298 1300
f 1301 1299 1300
f 1301 1300 1302
f 1303 1301 1302
f 1303 1302 1304
f 1305 1303 1304
f 1305 1304 1306
f 1307 1305 1306
f 1307 1306 1308
f 1309 1307 1308
f 1309 1308 1310
f 1311 1309 1310
f 1311 1310 1312
f 1313 1311 1312
f 1313 1312 1314
f 1315 1313 1314
f 1315 1314 1316
f 1317 1315 1316
f 1317 1316 1318
f 1319 1317 1318
f 1319 1318 1320
f 1321 1319 1320
f 1321 1320 1322
f 1323 1321 1322
f 1323 1322 1324
f 1325 1323 1324
f 1325 1324 1326
f 1327 1325 1326
f 1327 1326 1328
f 1329 1327 1328
f 1329 1328 1330
f 1331 1329 1330
f 1331 1330 1332
f 1333 1331 1332
f 1333 1332 1334
f 1335 1333 1334
f 1335 1334 1336
f 1337 1335 1336
f 1337 1336 1338
f 1339 1337 1338
f 1339 1338 1340
f 1341 1339 1340
f 1341 1340 1342
f 1343 1341 1342
f 1343 1342 1344
f 1345 1343 1344
f 1345 1344 1346
f 1347 1345 1346
f 1347 1346 1348
f 1349 1347 1348
f 1349 1348 1350
f 1351 1349 1350
f 1351 1350 1352
f 1353 1351 1352
f 1353 1352 1354
f 1355 1353 1354
f 1355 1354 1356
f 1357 1355 1356
f 1357 1356 1291
f 1292 1357 1291
f 1292 1293 1358
f 1359 1292 1358
f 1295 1297 1360
f 1361 1295 1360
f 1293 1295 1361
f 1358 1293 1361
f 1299 1301 1362
f 1363 1299 1362
f 1303 1305 1364
f 1365 1303 1364
f 1301 1303 1365
f 1362 1301 1365
f 1297 1299 1363
f 1360 1297 1363
f 1305 1307 1366
f 1364 1305 1366
f 1309 1311 1367
f 1368 1309 1367
f 1313 1315 1369
f 1370 1313 1369
f 1311 1313 1370
f 1367 1311 1370
f 1317 1319 1371
f 1372 1317 1371
f 1321 1323 1373
f 1374 1321 1373
f 1375 1373 1323
f 1325 1375 1323
f 1319 1321 1374
f 1371 1319 1374
f 1315 1317 1372
f 1369 1315 1372
f 1307 1309 1368
f 1366 1307 1368
f 1377 1376 1290
f 1291 1377 1290
f 1379 1378 1296
f 1294 1379 1296
f 1376 1379 1294
f 1290 1376 1294
f 1381 1380 1300
f 1298 1381 1300
f 1383 1382 1304
f 1302 1383 1304
f 1380 1383 1302
f 1300 1380 1302
f 1378 1381 1298
f 1296 1378 1298
f 1382 1384 1306
f 1304 1382 1306
f 1386 1385 1310
f 1308 1386 1310
f 1388 1387 1314
f 1312 1388 1314
f 1385 1388 1312
f 1310 1385 1312
f 1390 1389 1320
f 1318 1390 1320
f 1389 1391 1322
f 1320 1389 1322
f 1324 1322 1391
f 1392 1324 1391
f 1393 1390 1318
f 1316 1393 1318
f 1387 1393 1316
f 1314 1387 1316
f 1384 1386 1308
f 1306 1384 1308
f 1394 1375 1325
f 1327 1394 1325
f 1327 1329 1395
f 1394 1327 1395
f 1331 1333 1396
f 1397 1331 1396
f 1329 1331 1397
f 1395 1329 1397
f 1335 1337 1398
f 1399 1335 1398
f 1339 1341 1400
f 1401 1339 1400
f 1337 1339 1401
f 1398 1337 1401
f 1333 1335 1399
f 1396 1333 1399
f 1402 1400 1341
f 1343 1402 1341
f 1343 1345 1403
f 1402 1343 1403
f 1347 1349 1404
f 1405 1347 1404
f 1345 1347 1405
f 1403 1345 1405
f 1351 1353 1406
f 1407 1351 1406
f 1355 1357 1408
f 1409 1355 1408
f 1357 1292 1359
f 1408 1357 1359
f 1353 1355 1409
f 1406 1353 1409
f 1349 1351 1407
f 1404 1349 1407
f 1411 1410 1328
f 1326 1411 1328
f 1413 1412 1332
f 1330 1413 1332
f 1410 1413 1330
f 1328 1410 1330
f 1415 1414 1336
f 1334 1415 1336
f 1417 1416 1340
f 1338 1417 1340
f 1414 1417 1338
f 1336 1414 1338
f 1412 1415 1334
f 1332 1412 1334
f 1392 1411 1326
f 1324 1392 1326
f 1342 1340 1416
f 1418 1342 1416
f 1418 1419 1344
f 1342 1418 1344
f 1421 1420 1348
f 1346 1421 1348
f 1419 1421 1346
f 1344 1419 1346
f 1423 1422 1352
f 1350 1423 1352
f 1425 1424 1356
f 1354 1425 1356
f 1424 1377 1291
f 1356 1424 1291
f 1422 1425 1354
f 1352 1422 1354
f 1420 1423 1350
f 1348 1420 1350
f 1428 1427 1426
f 1429 1428 1426
f 1429 1426 1430
f 1431 1429 1430
f 1431 1430 1432
f 1433 1431 1432
f 1433 1432 1434
f 1435 1433 1434
f 1438 1437 1436
f 1427 1438 1436
f 1434 1440 1439
f 1441 1434 1439
f 1444 1443 1442
f 1437 1444 1442
f 1439 1446 1445
f 1447 1439 1445
f 1443 1449 1448
f 1442 1443 1448
f 1446 1451 1450
f 1445 1446 1450
f 1449 1453 1452
f 1448 1449 1452
f 1451 1455 1454
f 1450 1451 1454
f 1453 1457 1456
f 1452 1453 1456
f 1455 1459 1458
f 1454 1455 1458
f 1456 1461 1460
f 1462 1456 1460
f 1465 1464 1463
f 1459 1465 1463
f 1460 1467 1466
f 1468 1460 1466
f 1468 1466 1469
f 1470 1468 1469
f 1470 1469 1471
f 1472 1470 1471
f 1472 1471 1473
f 1464 1472 1473
f 1397 1438 1428
f 1397 1397 1428
f 1397 1396 1438
f 1397 1397 1438
f 1428 1395 1397
f 1428 1428 1397
f 1438 1399 1437
f 1438 1438 1437
f 1438 1396 1399
f 1438 1438 1399
f 1438 1427 1428
f 1438 1438 1428
f 1395 1429 1394
f 1395 1395 1394
f 1428 1429 1395
f 1428 1428 1395
f 1394 1429 1431
f 1394 1394 1431
f 1474 1426 1427
f 1474 1474 1427
f 1474 1427 1436
f 1474 1474 1436
f 1426 1474 1475
f 1426 1426 1475
f 1399 1398 1444
f 1399 1399 1444
f 1444 1398 1401
f 1444 1444 1401
f 1444 1401 1443
f 1444 1444 1443
f 1437 1399 1444
f 1437 1437 1444
f 1400 1449 1443
f 1400 1400 1443
f 1443 1401 1400
f 1443 1443 1400
f 1400 1402 1449
f 1400 1400 1449
f 1436 1477 1476
f 1436 1436 1476
f 1437 1442 1477
f 1437 1437 1477
f 1437 1477 1436
f 1437 1437 1436
f 1476 1474 1436
f 1476 1476 1436
f 1478 1477 1442
f 1478 1478 1442
f 1442 1448 1478
f 1442 1442 1478
f 1448 1452 1478
f 1448 1448 1478
f 1431 1373 1375
f 1431 1431 1375
f 1375 1394 1431
f 1375 1375 1431
f 1431 1433 1373
f 1431 1431 1373
f 1430 1475 1432
f 1430 1430 1432
f 1433 1374 1373
f 1433 1433 1373
f 1435 1371 1374
f 1435 1435 1374
f 1433 1435 1374
f 1433 1433 1374
f 1371 1441 1372
f 1371 1371 1372
f 1372 1441 1369
f 1372 1372 1369
f 1435 1441 1371
f 1435 1435 1371
f 1441 1435 1434
f 1441 1441 1434
f 1479 1434 1432
f 1479 1479 1432
f 1440 1434 1479
f 1440 1440 1479
f 1432 1475 1479
f 1432 1432 1479
f 1481 1480 1440
f 1481 1481 1440
f 1440 1479 1481
f 1440 1440 1481
f 1440 1480 1439
f 1440 1440 1439
f 1370 1369 1447
f 1370 1370 1447
f 1441 1439 1447
f 1441 1441 1447
f 1447 1367 1370
f 1447 1447 1370
f 1367 1447 1445
f 1367 1367 1445
f 1445 1450 1368
f 1445 1445 1368
f 1367 1445 1368
f 1367 1367 1368
f 1480 1446 1439
f 1480 1480 1439
f 1446 1480 1482
f 1446 1446 1482
f 1369 1441 1447
f 1369 1369 1447
f 1426 1475 1430
f 1426 1426 1430
f 1402 1403 1453
f 1402 1402 1453
f 1483 1478 1452
f 1483 1483 1452
f 1405 1457 1403
f 1405 1405 1403
f 1457 1461 1456
f 1457 1457 1456
f 1457 1453 1403
f 1457 1457 1403
f 1483 1462 1484
f 1483 1483 1484
f 1483 1452 1456
f 1483 1483 1456
f 1483 1456 1462
f 1483 1483 1462
f 1485 1462 1460
f 1485 1485 1460
f 1484 1462 1485
f 1484 1484 1485
f 1468 1486 1485
f 1468 1468 1485
f 1404 1457 1405
f 1404 1404 1405
f 1461 1467 1460
f 1461 1461 1460
f 1461 1457 1404
f 1461 1461 1404
f 1461 1404 1407
f 1461 1461 1407
f 1467 1461 1406
f 1467 1467 1406
f 1406 1409 1467
f 1406 1406 1467
f 1461 1407 1406
f 1461 1461 1406
f 1470 1486 1468
f 1470 1470 1468
f 1408 1469 1466
f 1408 1408 1466
f 1466 1409 1408
f 1466 1466 1408
f 1408 1359 1469
f 1408 1408 1469
f 1409 1466 1467
f 1409 1409 1467
f 1468 1485 1460
f 1468 1468 1460
f 1470 1472 1486
f 1470 1470 1486
f 1482 1455 1451
f 1482 1482 1451
f 1482 1487 1455
f 1482 1482 1455
f 1451 1446 1482
f 1451 1451 1482
f 1487 1459 1455
f 1487 1487 1455
f 1487 1488 1465
f 1487 1487 1465
f 1488 1489 1465
f 1488 1488 1465
f 1487 1465 1459
f 1487 1487 1459
f 1454 1366 1450
f 1454 1454 1450
f 1454 1364 1366
f 1454 1454 1366
f 1366 1368 1450
f 1366 1366 1450
f 1458 1364 1454
f 1458 1458 1454
f 1459 1362 1458
f 1459 1459 1458
f 1458 1365 1364
f 1458 1458 1364
f 1489 1486 1472
f 1489 1489 1472
f 1489 1472 1464
f 1489 1489 1464
f 1358 1361 1471
f 1358 1358 1471
f 1469 1358 1471
f 1469 1469 1471
f 1469 1359 1358
f 1469 1469 1358
f 1473 1471 1361
f 1473 1473 1361
f 1458 1362 1365
f 1458 1458 1365
f 1362 1459 1463
f 1362 1362 1463
f 1360 1463 1473
f 1360 1360 1473
f 1473 1361 1360
f 1473 1473 1360
f 1363 1362 1463
f 1363 1363 1463
f 1463 1360 1363
f 1463 1463 1363
f 1463 1464 1473
f 1463 1463 1473
f 1489 1464 1465
f 1489 1489 1465
f 1453 1449 1402
f 1453 1453 1402
f 1492 1491 1490
f 1493 1492 1490
f 1491 1495 1494
f 1490 1491 1494
f 1495 1497 1496
f 1494 1495 1496
f 1497 1499 1498
f 1496 1497 1498
f 1501 1493 1500
f 1502 1501 1500
f 1493 1490 1503
f 1500 1493 1503
f 1490 1494 1504
f 1503 1490 1504
f 1494 1496 1505
f 1504 1494 1505
f 1496 1498 1506
f 1505 1496 1506
f 1498 1508 1507
f 1506 1498 1507
f 1510 1502 1509
f 1511 1510 1509
f 1502 1500 1512
f 1509 1502 1512
f 1500 1503 1513
f 1512 1500 1513
f 1503 1504 1514
f 1513 1503 1514
f 1504 1505 1515
f 1514 1504 1515
f 1505 1506 1516
f 1515 1505 1516
f 1506 1507 1517
f 1516 1506 1517
f 1507 1519 1518
f 1517 1507 1518
f 1511 1509 1520
f 1521 1511 1520
f 1509 1512 1522
f 1520 1509 1522
f 1512 1513 1523
f 1522 1512 1523
f 1513 1514 1524
f 1523 1513 1524
f 1514 1515 1525
f 1524 1514 1525
f 1515 1516 1526
f 1525 1515 1526
f 1516 1517 1527
f 1526 1516 1527
f 1517 1518 1528
f 1527 1517 1528
f 1521 1520 1529
f 1530 1521 1529
f 1520 1522 1531
f 1529 1520 1531
f 1522 1523 1532
f 1531 1522 1532
f 1523 1524 1533
f 1532 1523 1533
f 1524 1525 1534
f 1533 1524 1534
f 1525 1526 1535
f 1534 1525 1535
f 1526 1527 1536
f 1535 1526 1536
f 1527 1528 1537
f 1536 1527 1537
f 1530 1529 1538
f 1539 1530 1538
f 1529 1531 1540
f 1538 1529 1540
f 1531 1532 1541
f 1540 1531 1541
f 1532 1533 1542
f 1541 1532 1542
f 1533 1534 1543
f 1542 1533 1543
f 1534 1535 1544
f 1543 1534 1544
f 1535 1536 1545
f 1544 1535 1545
f 1536 1537 1546
f 1545 1536 1546
f 1538 1540 1547
f 1548 1538 1547
f 1540 1541 1549
f 1547 1540 1549
f 1541 1542 1550
f 1549 1541 1550
f 1542 1543 1551
f 1550 1542 1551
f 1543 1544 1552
f 1551 1543 1552
f 1544 1545 1553
f 1552 1544 1553
f 1547 1549 1554
f 1555 1547 1554
f 1549 1550 1556
f 1554 1549 1556
f 1550 1551 1557
f 1556 1550 1557
f 1551 1552 1558
f 1557 1551 1558
f 1413 1410 1492
f 1413 1413 1492
f 1492 1501 1413
f 1492 1492 1413
f 1412 1413 1501
f 1412 1412 1501
f 1501 1415 1412
f 1501 1501 1412
f 1492 1493 1501
f 1492 1492 1501
f 1411 1491 1410
f 1411 1411 1410
f 1491 1492 1410
f 1491 1491 1410
f 1411 1495 1491
f 1411 1411 1491
f 1510 1414 1415
f 1510 1510 1415
f 1510 1417 1414
f 1510 1510 1414
f 1511 1416 1417
f 1511 1511 1417
f 1510 1415 1502
f 1510 1510 1502
f 1521 1416 1511
f 1521 1521 1511
f 1510 1511 1417
f 1510 1510 1417
f 1416 1521 1418
f 1416 1416 1418
f 1415 1501 1502
f 1415 1415 1502
f 1391 1495 1392
f 1391 1391 1392
f 1495 1391 1497
f 1495 1495 1497
f 1392 1495 1411
f 1392 1392 1411
f 1391 1389 1497
f 1391 1391 1497
f 1390 1499 1389
f 1390 1390 1389
f 1390 1393 1508
f 1390 1390 1508
f 1499 1390 1508
f 1499 1499 1508
f 1389 1499 1497
f 1389 1389 1497
f 1393 1387 1508
f 1393 1393 1508
f 1508 1498 1499
f 1508 1508 1499
f 1387 1519 1508
f 1387 1387 1508
f 1519 1507 1508
f 1519 1519 1508
f 1388 1385 1519
f 1388 1388 1519
f 1519 1387 1388
f 1519 1519 1388
f 1385 1386 1518
f 1385 1385 1518
f 1518 1519 1385
f 1518 1518 1385
f 1528 1518 1386
f 1528 1528 1386
f 1530 1419 1418
f 1530 1530 1418
f 1530 1539 1419
f 1530 1530 1419
f 1539 1421 1419
f 1539 1539 1419
f 1538 1548 1539
f 1538 1538 1539
f 1547 1555 1548
f 1547 1547 1548
f 1548 1420 1539
f 1548 1548 1539
f 1539 1420 1421
f 1539 1539 1421
f 1422 1423 1548
f 1422 1422 1548
f 1555 1425 1422
f 1555 1555 1422
f 1555 1422 1548
f 1555 1555 1548
f 1556 1424 1554
f 1556 1556 1554
f 1425 1554 1424
f 1425 1425 1424
f 1554 1425 1555
f 1554 1554 1555
f 1556 1377 1424
f 1556 1556 1424
f 1420 1548 1423
f 1420 1420 1423
f 1528 1384 1537
f 1528 1528 1537
f 1546 1380 1545
f 1546 1546 1545
f 1537 1382 1546
f 1537 1537 1546
f 1384 1382 1537
f 1384 1384 1537
f 1383 1546 1382
f 1383 1383 1382
f 1380 1546 1383
f 1380 1380 1383
f 1545 1380 1553
f 1545 1545 1553
f 1528 1386 1384
f 1528 1528 1384
f 1557 1558 1379
f 1557 1557 1379
f 1379 1376 1557
f 1379 1379 1557
f 1376 1556 1557
f 1376 1376 1557
f 1553 1558 1552
f 1553 1553 1552
f 1553 1381 1378
f 1553 1553 1378
f 1378 1558 1553
f 1378 1378 1553
f 1378 1379 1558
f 1378 1378 1558
f 1553 1380 1381
f 1553 1553 1381
f 1377 1556 1376
f 1377 1377 1376
f 1530 1418 1521
f 1530 1530 1521
f 1561 1560 1559
f 1562 1561 1559
f 1560 1564 1563
f 1559 1560 1563
f 1564 1566 1565
f 1563 1564 1565
f 1566 1568 1567
f 1565 1566 1567
f 1568 1570 1569
f 1567 1568 1569
f 1570 1572 1571
f 1569 1570 1571
f 1562 1559 1573
f 1574 1562 1573
f 1559 1563 1575
f 1573 1559 1575
f 1563 1565 1576
f 1575 1563 1576
f 1565 1567 1577
f 1576 1565 1577
f 1567 1569 1578
f 1577 1567 1578
f 1569 1571 1579
f 1578 1569 1579
f 1574 1573 1580
f 1581 1574 1580
f 1573 1575 1582
f 1580 1573 1582
f 1575 1576 1583
f 1582 1575 1583
f 1576 1577 1584
f 1583 1576 1584
f 1577 1578 1585
f 1584 1577 1585
f 1578 1579 1586
f 1585 1578 1586
f 1581 1580 1587
f 1588 1581 1587
f 1580 1582 1589
f 1587 1580 1589
f 1582 1583 1590
f 1589 1582 1590
f 1583 1584 1591
f 1590 1583 1591
f 1584 1585 1592
f 1591 1584 1592
f 1585 1586 1593
f 1592 1585 1593
f 1588 1587 1594
f 1595 1588 1594
f 1587 1589 1596
f 1594 1587 1596
f 1589 1590 1597
f 1596 1589 1597
f 1590 1591 1598
f 1597 1590 1598
f 1591 1592 1599
f 1598 1591 1599
f 1592 1593 1600
f 1599 1592 1600
f 1595 1594 1601
f 1602 1595 1601
f 1594 1596 1603
f 1601 1594 1603
f 1596 1597 1604
f 1603 1596 1604
f 1597 1598 1605
f 1604 1597 1605
f 1598 1599 1606
f 1605 1598 1606
f 1599 1600 1607
f 1606 1599 1607
f 1602 1601 1608
f 1609 1602 1608
f 1601 1603 1610
f 1608 1601 1610
f 1603 1604 1611
f 1610 1603 1611
f 1604 1605 1612
f 1611 1604 1612
f 1605 1606 1613
f 1612 1605 1613
f 1606 1607 1614
f 1613 1606 1614
f 1609 1608 1615
f 1616 1609 1615
f 1608 1610 1617
f 1615 1608 1617
f 1610 1611 1618
f 1617 1610 1618
f 1611 1612 1619
f 1618 1611 1619
f 1612 1613 1620
f 1619 1612 1620
f 1613 1614 1621
f 1620 1613 1621
f 1616 1615 1622
f 1623 1616 1622
f 1615 1617 1624
f 1622 1615 1624
f 1617 1618 1625
f 1624 1617 1625
f 1618 1619 1626
f 1625 1618 1626
f 1619 1620 1627
f 1626 1619 1627
f 1620 1621 1628
f 1627 1620 1628
f 1623 1622 1629
f 1630 1623 1629
f 1622 1624 1631
f 1629 1622 1631
f 1624 1625 1632
f 1631 1624 1632
f 1625 1626 1633
f 1632 1625 1633
f 1626 1627 1634
f 1633 1626 1634
f 1627 1628 1635
f 1634 1627 1635
f 1630 1629 1636
f 1637 1630 1636
f 1629 1631 1638
f 1636 1629 1638
f 1631 1632 1639
f 1638 1631 1639
f 1632 1633 1640
f 1639 1632 1640
f 1633 1634 1641
f 1640 1633 1641
f 1634 1635 1642
f 1641 1634 1642
f 1637 1636 1643
f 1644 1637 1643
f 1636 1638 1645
f 1643 1636 1645
f 1638 1639 1646
f 1645 1638 1646
f 1639 1640 1647
f 1646 1639 1647
f 1640 1641 1648
f 1647 1640 1648
f 1641 1642 1649
f 1648 1641 1649
f 1644 1643 1650
f 1651 1644 1650
f 1643 1645 1652
f 1650 1643 1652
f 1645 1646 1653
f 1652 1645 1653
f 1646 1647 1654
f 1653 1646 1654
f 1647 1648 1655
f 1654 1647 1655
f 1648 1649 1656
f 1655 1648 1656
f 1651 1650 1657
f 1658 1651 1657
f 1650 1652 1659
f 1657 1650 1659
f 1652 1653 1660
f 1659 1652 1660
f 1653 1654 1661
f 1660 1653 1661
f 1654 1655 1662
f 1661 1654 1662
f 1655 1656 1663
f 1662 1655 1663
f 1658 1657 1664
f 1665 1658 1664
f 1657 1659 1666
f 1664 1657 1666
f 1659 1660 1667
f 1666 1659 1667
f 1660 1661 1668
f 1667 1660 1668
f 1661 1662 1669
f 1668 1661 1669
f 1662 1663 1670
f 1669 1662 1670
f 1665 1664 1560
f 1561 1665 1560
f 1664 1666 1564
f 1560 1664 1564
f 1666 1667 1566
f 1564 1666 1566
f 1667 1668 1568
f 1566 1667 1568
f 1668 1669 1570
f 1568 1668 1570
f 1669 1670 1572
f 1570 1669 1572
f 1561 1562 1671
f 1672 1561 1671
f 1574 1581 1673
f 1674 1574 1673
f 1562 1574 1674
f 1671 1562 1674
f 1675 1673 1581
f 1588 1675 1581
f 1588 1595 1676
f 1675 1588 1676
f 1602 1609 1677
f 1678 1602 1677
f 1595 1602 1678
f 1676 1595 1678
f 1609 1616 1679
f 1677 1609 1679
f 1486 1489 1571
f 1572 1486 1571
f 1488 1487 1586
f 1579 1488 1586
f 1489 1488 1579
f 1571 1489 1579
f 1593 1586 1487
f 1482 1593 1487
f 1482 1480 1600
f 1593 1482 1600
f 1480 1481 1607
f 1600 1480 1607
f 1481 1479 1614
f 1607 1481 1614
f 1621 1614 1479
f 1475 1621 1479
f 1680 1679 1616
f 1623 1680 1616
f 1623 1630 1681
f 1680 1623 1681
f 1683 1682 1637
f 1644 1683 1637
f 1630 1637 1682
f 1681 1630 1682
f 1651 1658 1684
f 1685 1651 1684
f 1665 1561 1672
f 1686 1665 1672
f 1658 1665 1686
f 1684 1658 1686
f 1644 1651 1685
f 1683 1644 1685
f 1474 1476 1635
f 1628 1474 1635
f 1649 1642 1477
f 1478 1649 1477
f 1476 1477 1642
f 1635 1476 1642
f 1475 1474 1628
f 1621 1475 1628
f 1483 1484 1663
f 1656 1483 1663
f 1485 1486 1572
f 1670 1485 1572
f 1484 1485 1670
f 1663 1484 1670
f 1478 1483 1656
f 1649 1478 1656
f 1689 1688 1687
f 1690 1689 1687
f 1690 1687 1691
f 1692 1690 1691
f 1692 1691 1693
f 1694 1692 1693
f 1694 1693 1695
f 1696 1694 1695
f 1699 1698 1697
f 1688 1699 1697
f 1688 1697 1700
f 1687 1688 1700
f 1687 1700 1701
f 1691 1687 1701
f 1691 1701 1702
f 1693 1691 1702
f 1693 1702 1703
f 1695 1693 1703
f 1695 1703 1704
f 1705 1695 1704
f 1708 1707 1706
f 1698 1708 1706
f 1698 1706 1709
f 1697 1698 1709
f 1697 1709 1710
f 1700 1697 1710
f 1700 1710 1711
f 1701 1700 1711
f 1701 1711 1712
f 1702 1701 1712
f 1702 1712 1713
f 1703 1702 1713
f 1703 1713 1714
f 1704 1703 1714
f 1704 1714 1715
f 1716 1704 1715
f 1707 1718 1717
f 1706 1707 1717
f 1706 1717 1719
f 1709 1706 1719
f 1709 1719 1720
f 1710 1709 1720
f 1710 1720 1721
f 1711 1710 1721
f 1711 1721 1722
f 1712 1711 1722
f 1712 1722 1723
f 1713 1712 1723
f 1713 1723 1724
f 1714 1713 1724
f 1714 1724 1725
f 1715 1714 1725
f 1718 1727 1726
f 1717 1718 1726
f 1717 1726 1728
f 1719 1717 1728
f 1719 1728 1729
f 1720 1719 1729
f 1720 1729 1730
f 1721 1720 1730
f 1721 1730 1731
f 1722 1721 1731
f 1722 1731 1732
f 1723 1722 1732
f 1723 1732 1733
f 1724 1723 1733
f 1724 1733 1734
f 1725 1724 1734
f 1727 1736 1735
f 1726 1727 1735
f 1726 1735 1737
f 1728 1726 1737
f 1728 1737 1738
f 1729 1728 1738
f 1729 1738 1739
f 1730 1729 1739
f 1730 1739 1740
f 1731 1730 1740
f 1731 1740 1741
f 1732 1731 1741
f 1732 1741 1742
f 1733 1732 1742
f 1733 1742 1743
f 1734 1733 1743
f 1735 1745 1744
f 1737 1735 1744
f 1737 1744 1746
f 1738 1737 1746
f 1738 1746 1747
f 1739 1738 1747
f 1739 1747 1748
f 1740 1739 1748
f 1740 1748 1749
f 1741 1740 1749
f 1741 1749 1750
f 1742 1741 1750
f 1744 1752 1751
f 1746 1744 1751
f 1746 1751 1753
f 1747 1746 1753
f 1747 1753 1754
f 1748 1747 1754
f 1748 1754 1755
f 1749 1748 1755
f 1681 1699 1689
f 1681 1681 1689
f 1689 1680 1681
f 1689 1689 1681
f 1681 1708 1699
f 1681 1681 1699
f 1699 1688 1689
f 1699 1699 1689
f 1690 1680 1689
f 1690 1690 1689
f 1690 1679 1680
f 1690 1690 1680
f 1708 1682 1707
f 1708 1708 1707
f 1708 1681 1682
f 1708 1708 1682
f 1682 1683 1707
f 1682 1682 1707
f 1707 1683 1718
f 1707 1707 1718
f 1727 1718 1683
f 1727 1727 1683
f 1698 1699 1708
f 1698 1698 1708
f 1692 1694 1679
f 1692 1692 1679
f 1679 1690 1692
f 1679 1679 1692
f 1694 1677 1679
f 1694 1694 1679
f 1696 1678 1677
f 1696 1696 1677
f 1677 1694 1696
f 1677 1677 1696
f 1678 1696 1705
f 1678 1678 1705
f 1704 1716 1705
f 1704 1704 1705
f 1705 1696 1695
f 1705 1705 1695
f 1715 1676 1716
f 1715 1715 1716
f 1715 1675 1676
f 1715 1715 1676
f 1678 1716 1676
f 1678 1678 1676
f 1678 1705 1716
f 1678 1678 1716
f 1685 1736 1727
f 1685 1685 1727
f 1727 1683 1685
f 1727 1727 1685
f 1736 1684 1745
f 1736 1736 1745
f 1735 1736 1745
f 1735 1735 1745
f 1745 1752 1744
f 1745 1745 1744
f 1685 1684 1736
f 1685 1685 1736
f 1686 1752 1684
f 1686 1686 1684
f 1686 1751 1752
f 1686 1686 1752
f 1672 1753 1751
f 1672 1672 1751
f 1751 1686 1672
f 1751 1751 1672
f 1672 1754 1753
f 1672 1672 1753
f 1684 1752 1745
f 1684 1684 1745
f 1734 1675 1725
f 1734 1734 1725
f 1673 1675 1734
f 1673 1673 1734
f 1734 1743 1673
f 1734 1734 1673
f 1743 1674 1673
f 1743 1743 1673
f 1750 1743 1742
f 1750 1750 1742
f 1675 1715 1725
f 1675 1675 1725
f 1754 1672 1671
f 1754 1754 1671
f 1754 1671 1755
f 1754 1754 1755
f 1755 1674 1750
f 1755 1755 1750
f 1750 1749 1755
f 1750 1750 1755
f 1755 1671 1674
f 1755 1755 1674
f 1674 1743 1750
f 1674 1674 1750
f 1756 909 908
f 1756 1756 908
f 913 1757 911
f 913 913 911
f 1758 1756 908
f 915 1758 908
f 1759 1758 915
f 917 1759 915
f 1760 1759 917
f 919 1760 917
f 1761 1760 919
f 921 1761 919
f 1757 1761 921
f 911 1757 921
f 1756 1762 909
f 1756 1756 909
f 1756 1763 1762
f 1756 1756 1762
f 1763 1765 1764
f 1763 1763 1764
f 1764 1762 1763
f 1764 1764 1763
f 1764 1767 1766
f 1764 1764 1766
f 1767 1764 1765
f 1767 1767 1765
f 1769 1768 1766
f 1769 1769 1766
f 1766 1767 1769
f 1766 1766 1769
f 1768 1769 1770
f 1768 1768 1770
f 1773 1772 1771
f 1773 1773 1771
f 1774 1772 1773
f 1774 1774 1773
f 1773 1771 1770
f 1773 1773 1770
f 1768 1770 1771
f 1768 1768 1771
f 1772 1774 1775
f 1772 1772 1775
f 1776 1775 1757
f 1776 1776 1757
f 1757 913 1776
f 1757 1757 1776
f 1775 1776 1772
f 1775 1775 1772
f 1765 1763 1756
f 1758 1765 1756
f 1777 1765 1758
f 1759 1777 1758
f 1769 1767 1765
f 1777 1769 1765
f 1778 1777 1759
f 1760 1778 1759
f 1770 1769 1777
f 1778 1770 1777
f 1774 1778 1760
f 1761 1774 1760
f 1773 1770 1778
f 1774 1773 1778
f 1775 1774 1761
f 1757 1775 1761
f 1048 1032 1766
f 1768 1048 1766
f 1032 1016 1764
f 1766 1032 1764
f 964 52 909
f 1762 964 909
f 1016 964 1762
f 1764 1016 1762
f 1768 1771 1064
f 1048 1768 1064
f 1080 1064 1771
f 1772 1080 1771
f 980 1080 1772
f 1776 980 1772
f 1776 913 83
f 980 1776 83
