$MeshFormat
2.2 0 8
$EndMeshFormat
$PhysicalNames
1
2 1 "Rhino->WAMIT_file_export_(mesh)"
$EndPhysicalNames
$Nodes
1778
1 2.321429968 0.8125 -20
2 3.25 0 -20
3 2.321429968 0 -20
4 -3.25 -0 -20
5 -2.321429968 0.8125 -20
6 -2.321429968 0 -20
7 1.392860055 0 -20
8 1.392860055 0.8125 -20
9 0.464289993 0 -20
10 0.464289993 0.8125 -20
11 -0.464289993 0 -20
12 -0.464289993 0.8125 -20
13 -1.392860055 0 -20
14 -1.392860055 0.8125 -20
15 3.25 0 -18.27778053
16 3.027750015 1.181210041 -20
17 3.027750015 1.181210041 -18.27778053
18 -3.006330013 1.234709978 -18.27778053
19 -3.006330013 1.234709978 -20
20 -3.25 -0 -18.27778053
21 3.027750015 1.181210041 -16.55555916
22 3.25 0 -16.55555916
23 3.027750015 1.181210041 -14.83333015
24 3.25 0 -14.83333015
25 3.027750015 1.181210041 -13.11110973
26 3.25 0 -13.11110973
27 3.027750015 1.181210041 -11.38889027
28 3.25 0 -11.38889027
29 3.027750015 1.181210041 -9.666669846
30 3.25 0 -9.666669846
31 3.027750015 1.181210041 -7.944439888
32 3.25 0 -7.944439888
33 3.027750015 1.181210041 -6.222219944
34 3.25 0 -6.222219944
35 3.027750015 1.181210041 -4.5
36 3.25 0 -4.5
37 3.027750015 1.181210041 -2.777780056
38 3.25 0 -2.777780056
39 3.027750015 1.181210041 -1.055559993
40 3.25 0 -1.055559993
41 3.027750015 1.181210041 0.6666700244
42 3.25 0 0.6666700244
43 3.027750015 1.181210041 2.388890028
44 3.25 0 2.388890028
45 3.027750015 1.181210041 4.11111021
46 3.25 0 4.11111021
47 3.027750015 1.181210041 5.833330154
48 3.25 0 5.833330154
49 3.027750015 1.181210041 7.555560112
50 3.25 0 7.555560112
51 3.027750015 1.181210041 9.277779579
52 3.25 0 9.277779579
53 -3.25 -0 -16.55555916
54 -3.006330013 1.234709978 -16.55555916
55 -3.25 -0 -14.83333015
56 -3.006330013 1.234709978 -14.83333015
57 -3.25 -0 -13.11110973
58 -3.006330013 1.234709978 -13.11110973
59 -3.25 -0 -11.38889027
60 -3.006330013 1.234709978 -11.38889027
61 -3.25 -0 -9.666669846
62 -3.006330013 1.234709978 -9.666669846
63 -3.25 -0 -7.944439888
64 -3.006330013 1.234709978 -7.944439888
65 -3.25 -0 -6.222219944
66 -3.006330013 1.234709978 -6.222219944
67 -3.25 -0 -4.5
68 -3.006330013 1.234709978 -4.5
69 -3.25 -0 -2.777780056
70 -3.006330013 1.234709978 -2.777780056
71 -3.25 -0 -1.055559993
72 -3.006330013 1.234709978 -1.055559993
73 -3.25 -0 0.6666700244
74 -3.006330013 1.234709978 0.6666700244
75 -3.25 -0 2.388890028
76 -3.006330013 1.234709978 2.388890028
77 -3.25 -0 4.11111021
78 -3.006330013 1.234709978 4.11111021
79 -3.25 -0 5.833330154
80 -3.006330013 1.234709978 5.833330154
81 -3.25 -0 7.555560112
82 -3.006330013 1.234709978 7.555560112
83 -3.25 -0 9.277779579
84 -3.006330013 1.234709978 9.277779579
85 2.321429968 1.625 -20
86 1.392860055 1.625 -20
87 2.321909904 2.274039984 -20
88 1.392860055 2.4375 -20
89 1.234709978 3.006330013 -20
90 0.464289993 2.4375 -20
91 -0 3.25 -20
92 -0.464289993 2.4375 -20
93 -1.392860055 2.4375 -20
94 -2.274039984 2.321909904 -20
95 -1.181210041 3.027750015 -20
96 -1.392860055 1.625 -20
97 -2.321429968 1.625 -20
98 0.464289993 1.625 -20
99 -0.464289993 1.625 -20
100 1.234709978 3.006330013 -18.27778053
101 -0 3.25 -18.27778053
102 2.321909904 2.274039984 -18.27778053
103 -1.181210041 3.027750015 -18.27778053
104 -2.274039984 2.321909904 -18.27778053
105 2.321909904 2.274039984 -16.55555916
106 2.321909904 2.274039984 -14.83333015
107 2.321909904 2.274039984 -13.11110973
108 2.321909904 2.274039984 -11.38889027
109 2.321909904 2.274039984 -9.666669846
110 2.321909904 2.274039984 -7.944439888
111 2.321909904 2.274039984 -6.222219944
112 2.321909904 2.274039984 -4.5
113 2.321909904 2.274039984 -2.777780056
114 2.321909904 2.274039984 -1.055559993
115 2.321909904 2.274039984 0.6666700244
116 2.321909904 2.274039984 2.388890028
117 2.321909904 2.274039984 4.11111021
118 2.321909904 2.274039984 5.833330154
119 2.321909904 2.274039984 7.555560112
120 2.321909904 2.274039984 9.277779579
121 1.234709978 3.006330013 -16.55555916
122 1.234709978 3.006330013 -14.83333015
123 1.234709978 3.006330013 -13.11110973
124 1.234709978 3.006330013 -11.38889027
125 1.234709978 3.006330013 -9.666669846
126 1.234709978 3.006330013 -7.944439888
127 1.234709978 3.006330013 -6.222219944
128 1.234709978 3.006330013 -4.5
129 1.234709978 3.006330013 -2.777780056
130 1.234709978 3.006330013 -1.055559993
131 1.234709978 3.006330013 0.6666700244
132 1.234709978 3.006330013 2.388890028
133 1.234709978 3.006330013 4.11111021
134 1.234709978 3.006330013 5.833330154
135 1.234709978 3.006330013 7.555560112
136 1.234709978 3.006330013 9.277779579
137 -0 3.25 -16.55555916
138 -0 3.25 -14.83333015
139 -0 3.25 -13.11110973
140 -0 3.25 -11.38889027
141 -0 3.25 -9.666669846
142 -0 3.25 -7.944439888
143 -0 3.25 -6.222219944
144 -0 3.25 -4.5
145 -0 3.25 -2.777780056
146 -0 3.25 -1.055559993
147 -0 3.25 0.6666700244
148 -0 3.25 2.388890028
149 -0 3.25 4.11111021
150 -0 3.25 5.833330154
151 -0 3.25 7.555560112
152 -0 3.25 9.277779579
153 -1.181210041 3.027750015 -16.55555916
154 -1.181210041 3.027750015 -14.83333015
155 -1.181210041 3.027750015 -13.11110973
156 -1.181210041 3.027750015 -11.38889027
157 -1.181210041 3.027750015 -9.666669846
158 -1.181210041 3.027750015 -7.944439888
159 -1.181210041 3.027750015 -6.222219944
160 -1.181210041 3.027750015 -4.5
161 -1.181210041 3.027750015 -2.777780056
162 -1.181210041 3.027750015 -1.055559993
163 -1.181210041 3.027750015 0.6666700244
164 -1.181210041 3.027750015 2.388890028
165 -1.181210041 3.027750015 4.11111021
166 -1.181210041 3.027750015 5.833330154
167 -1.181210041 3.027750015 7.555560112
168 -1.181210041 3.027750015 9.277779579
169 -2.274039984 2.321909904 -16.55555916
170 -2.274039984 2.321909904 -14.83333015
171 -2.274039984 2.321909904 -13.11110973
172 -2.274039984 2.321909904 -11.38889027
173 -2.274039984 2.321909904 -9.666669846
174 -2.274039984 2.321909904 -7.944439888
175 -2.274039984 2.321909904 -6.222219944
176 -2.274039984 2.321909904 -4.5
177 -2.274039984 2.321909904 -2.777780056
178 -2.274039984 2.321909904 -1.055559993
179 -2.274039984 2.321909904 0.6666700244
180 -2.274039984 2.321909904 2.388890028
181 -2.274039984 2.321909904 4.11111021
182 -2.274039984 2.321909904 5.833330154
183 -2.274039984 2.321909904 7.555560112
184 -2.274039984 2.321909904 9.277779579
185 -24.06999969 1.200000048 12
186 -24.06999969 0 12
187 -22.87000084 0 12
188 -33.66999817 0 12
189 -33.66999817 1.200000048 12
190 -34.86999893 -0 12
191 -25.27000046 1.200000048 12
192 -25.27000046 0 12
193 -26.46999931 1.200000048 12
194 -26.46999931 0 12
195 -27.67000008 1.200000048 12
196 -27.67000008 0 12
197 -28.87000084 1.200000048 12
198 -28.87000084 0 12
199 -30.06999969 1.200000048 12
200 -30.06999969 0 12
201 -31.27000046 1.200000048 12
202 -31.27000046 0 12
203 -32.47000122 1.200000048 12
204 -32.47000122 0 12
205 -22.87000084 0 -10.75
206 -22.87000084 0 -14
207 -23.28031921 2.180700064 -14
208 -23.28031921 2.180700064 -10.75
209 -34.42013931 2.279459953 -10.75
210 -34.42013931 2.279459953 -14
211 -34.86999893 -0 -14
212 -34.86999893 -0 -10.75
213 -22.87000084 0 8.75
214 -23.28031921 2.180700064 8.75
215 -23.28031921 2.180700064 12
216 -34.86999893 -0 8.75
217 -34.42013931 2.279459953 12
218 -34.42013931 2.279459953 8.75
219 -23.28031921 2.180700064 -7.5
220 -22.87000084 0 -7.5
221 -23.28031921 2.180700064 -4.25
222 -22.87000084 0 -4.25
223 -23.28031921 2.180700064 -1
224 -22.87000084 0 -1
225 -23.28031921 2.180700064 2.25
226 -22.87000084 0 2.25
227 -23.28031921 2.180700064 5.5
228 -22.87000084 0 5.5
229 -34.86999893 -0 -7.5
230 -34.42013931 2.279459953 -7.5
231 -34.86999893 -0 -4.25
232 -34.42013931 2.279459953 -4.25
233 -34.86999893 -0 -1
234 -34.42013931 2.279459953 -1
235 -34.86999893 -0 2.25
236 -34.42013931 2.279459953 2.25
237 -34.86999893 -0 5.5
238 -34.42013931 2.279459953 5.5
239 -17.04229927 2.026220083 -20
240 -16.87000084 0 -20
241 -19.27000046 0 -20
242 -40.67409897 2.159460068 -20
243 -38.47000122 0 -20
244 -40.86999893 -0 -20
245 -21.67000008 0 -20
246 -21.67000008 2.400000095 -20
247 -19.27000046 2.400000095 -20
248 -24.06999969 0 -20
249 -24.06999969 2.400000095 -20
250 -26.46999931 0 -20
251 -26.46999931 2.400000095 -20
252 -28.87000084 0 -20
253 -28.87000084 2.400000095 -20
254 -31.27000046 0 -20
255 -31.27000046 2.400000095 -20
256 -33.66999817 0 -20
257 -33.66999817 2.400000095 -20
258 -36.06999969 0 -20
259 -36.06999969 2.400000095 -20
260 -38.47000122 2.400000095 -20
261 -19.27000046 0 -14
262 -16.87000084 0 -14
263 -17.04229927 2.026220083 -14
264 -21.67000008 2.400000095 -14
265 -21.67000008 0 -14
266 -36.06999969 0 -14
267 -36.06999969 2.400000095 -14
268 -38.47000122 0 -14
269 -40.67409897 2.159460068 -14
270 -40.86999893 -0 -14
271 -19.27000046 2.400000095 -14
272 -38.47000122 2.400000095 -14
273 -16.87000084 0 -18
274 -17.04229927 2.026220083 -18
275 -40.67409897 2.159460068 -18
276 -40.86999893 -0 -18
277 -16.87000084 0 -16
278 -17.04229927 2.026220083 -16
279 -40.86999893 -0 -16
280 -40.67409897 2.159460068 -16
281 -25.27000046 3.599999905 12
282 -24.06999969 2.400000095 12
283 -24.58340073 4.198219776 12
284 -26.46999931 4.800000191 12
285 -26.59053993 5.550139904 12
286 -25.27000046 2.400000095 12
287 -26.46999931 3.599999905 12
288 -28.87000084 6 12
289 -27.67000008 4.800000191 12
290 -31.27000046 4.800000191 12
291 -32.47000122 3.599999905 12
292 -31.27000046 3.599999905 12
293 -28.87000084 4.800000191 12
294 -30.06999969 4.800000191 12
295 -31.05069923 5.589680195 12
296 -33.06821823 4.286600113 12
297 -33.66999817 2.400000095 12
298 -32.47000122 2.400000095 12
299 -26.46999931 2.400000095 12
300 -27.67000008 2.400000095 12
301 -27.67000008 3.599999905 12
302 -28.87000084 2.400000095 12
303 -28.87000084 3.599999905 12
304 -30.06999969 2.400000095 12
305 -30.06999969 3.599999905 12
306 -31.27000046 2.400000095 12
307 -26.59053993 5.550139904 -10.75
308 -26.59053993 5.550139904 -14
309 -28.87000084 6 -14
310 -28.87000084 6 -10.75
311 -24.58340073 4.198219776 -14
312 -24.58340073 4.198219776 -10.75
313 -31.05069923 5.589680195 -10.75
314 -31.05069923 5.589680195 -14
315 -33.06821823 4.286600113 -14
316 -33.06821823 4.286600113 -10.75
317 -26.59053993 5.550139904 8.75
318 -28.87000084 6 8.75
319 -24.58340073 4.198219776 8.75
320 -31.05069923 5.589680195 8.75
321 -33.06821823 4.286600113 8.75
322 -24.58340073 4.198219776 -7.5
323 -24.58340073 4.198219776 -4.25
324 -24.58340073 4.198219776 -1
325 -24.58340073 4.198219776 2.25
326 -24.58340073 4.198219776 5.5
327 -26.59053993 5.550139904 -7.5
328 -26.59053993 5.550139904 -4.25
329 -26.59053993 5.550139904 -1
330 -26.59053993 5.550139904 2.25
331 -26.59053993 5.550139904 5.5
332 -28.87000084 6 -7.5
333 -28.87000084 6 -4.25
334 -28.87000084 6 -1
335 -28.87000084 6 2.25
336 -28.87000084 6 5.5
337 -31.05069923 5.589680195 -7.5
338 -31.05069923 5.589680195 -4.25
339 -31.05069923 5.589680195 -1
340 -31.05069923 5.589680195 2.25
341 -31.05069923 5.589680195 5.5
342 -33.06821823 4.286600113 -7.5
343 -33.06821823 4.286600113 -4.25
344 -33.06821823 4.286600113 -1
345 -33.06821823 4.286600113 2.25
346 -33.06821823 4.286600113 5.5
347 -28.87000084 9.600000381 -20
348 -27.83547974 11.95532036 -20
349 -26.46999931 9.600000381 -20
350 -19.90299034 7.974500179 -20
351 -21.67000008 7.199999809 -20
352 -21.59193039 9.540949821 -20
353 -19.27000046 4.800000191 -20
354 -17.59333038 4.10326004 -20
355 -18.55104065 6.125279903 -20
356 -23.52627945 10.74452019 -20
357 -24.06999969 9.600000381 -20
358 -21.67000008 4.800000191 -20
359 -24.06999969 7.199999809 -20
360 -25.64220047 11.55774021 -20
361 -33.66999817 7.199999809 -20
362 -36.06999969 7.199999809 -20
363 -35.94879913 9.689709663 -20
364 -29.77131081 11.96609974 -20
365 -31.93453026 11.60210037 -20
366 -31.27000046 9.600000381 -20
367 -33.66999817 9.600000381 -20
368 -33.99843979 10.84891987 -20
369 -40.07529068 4.294350147 -20
370 -38.47000122 4.800000191 -20
371 -36.06999969 4.800000191 -20
372 -37.66905975 8.159449577 -20
373 -39.0610199 6.335869789 -20
374 -24.06999969 4.800000191 -20
375 -26.46999931 4.800000191 -20
376 -26.46999931 7.199999809 -20
377 -28.87000084 4.800000191 -20
378 -28.87000084 7.199999809 -20
379 -31.27000046 4.800000191 -20
380 -31.27000046 7.199999809 -20
381 -33.66999817 4.800000191 -20
382 -27.83547974 11.95532036 -14
383 -28.87000084 9.600000381 -14
384 -26.46999931 9.600000381 -14
385 -21.67000008 4.800000191 -14
386 -19.27000046 4.800000191 -14
387 -17.59333038 4.10326004 -14
388 -18.55104065 6.125279903 -14
389 -19.90299034 7.974500179 -14
390 -21.67000008 7.199999809 -14
391 -21.59193039 9.540949821 -14
392 -24.06999969 9.600000381 -14
393 -23.52627945 10.74452019 -14
394 -24.06999969 4.800000191 -14
395 -24.06999969 7.199999809 -14
396 -26.46999931 7.199999809 -14
397 -25.64220047 11.55774021 -14
398 -28.87000084 7.199999809 -14
399 -31.27000046 7.199999809 -14
400 -33.66999817 4.800000191 -14
401 -33.66999817 7.199999809 -14
402 -29.77131081 11.96609974 -14
403 -31.93453026 11.60210037 -14
404 -31.27000046 9.600000381 -14
405 -33.66999817 9.600000381 -14
406 -35.94879913 9.689709663 -14
407 -33.99843979 10.84891987 -14
408 -36.06999969 4.800000191 -14
409 -40.07529068 4.294350147 -14
410 -38.47000122 4.800000191 -14
411 -36.06999969 7.199999809 -14
412 -37.66905975 8.159449577 -14
413 -39.0610199 6.335869789 -14
414 -19.90299034 7.974500179 -18
415 -21.59193039 9.540949821 -18
416 -17.59333038 4.10326004 -18
417 -18.55104065 6.125279903 -18
418 -23.52627945 10.74452019 -18
419 -25.64220047 11.55774021 -18
420 -27.83547974 11.95532036 -18
421 -29.77131081 11.96609974 -18
422 -35.94879913 9.689709663 -18
423 -37.66905975 8.159449577 -18
424 -31.93453026 11.60210037 -18
425 -33.99843979 10.84891987 -18
426 -39.0610199 6.335869789 -18
427 -40.07529068 4.294350147 -18
428 -19.90299034 7.974500179 -16
429 -21.59193039 9.540949821 -16
430 -17.59333038 4.10326004 -16
431 -18.55104065 6.125279903 -16
432 -23.52627945 10.74452019 -16
433 -25.64220047 11.55774021 -16
434 -27.83547974 11.95532036 -16
435 -29.77131081 11.96609974 -16
436 -35.94879913 9.689709663 -16
437 -37.66905975 8.159449577 -16
438 -31.93453026 11.60210037 -16
439 -33.99843979 10.84891987 -16
440 -39.0610199 6.335869789 -16
441 -40.07529068 4.294350147 -16
442 26.23410034 22.84053993 -18
443 26.43000031 25 -18
444 26.43000031 25 -16
445 26.23410034 22.84053993 -16
446 25.63529015 20.70565033 -18
447 25.63529015 20.70565033 -16
448 24.62101936 18.66412926 -18
449 24.62101936 18.66412926 -16
450 23.22905922 16.84054947 -18
451 23.22905922 16.84054947 -16
452 21.50880051 15.31029034 -18
453 21.50880051 15.31029034 -16
454 19.55843925 14.15108013 -18
455 19.55843925 14.15108013 -16
456 17.49452972 13.39789963 -18
457 17.49452972 13.39789963 -16
458 15.33131981 13.03390026 -18
459 15.33131981 13.03390026 -16
460 13.39548016 13.04467964 -18
461 13.39548016 13.04467964 -16
462 11.20219994 13.44225979 -18
463 11.20219994 13.44225979 -16
464 9.086279869 14.25547981 -18
465 9.086279869 14.25547981 -16
466 7.151929855 15.45905018 -18
467 7.151929855 15.45905018 -16
468 5.462989807 17.02549934 -18
469 5.462989807 17.02549934 -16
470 4.111040115 18.87471962 -18
471 4.111040115 18.87471962 -16
472 3.153330088 20.89673996 -18
473 3.153330088 20.89673996 -16
474 2.602299929 22.97377968 -18
475 2.602299929 22.97377968 -16
476 2.430000067 25 -18
477 2.430000067 25 -16
478 2.62590003 27.15946007 -18
479 2.62590003 27.15946007 -16
480 3.224709988 29.29434967 -18
481 3.224709988 29.29434967 -16
482 4.238979816 31.33587074 -18
483 4.238979816 31.33587074 -16
484 5.63093996 33.15945053 -18
485 5.63093996 33.15945053 -16
486 7.351200104 34.68970871 -18
487 7.351200104 34.68970871 -16
488 9.301560402 35.84891891 -18
489 9.301560402 35.84891891 -16
490 11.36546993 36.60210037 -18
491 11.36546993 36.60210037 -16
492 13.52867985 36.96609879 -18
493 13.52867985 36.96609879 -16
494 15.46452045 36.95531845 -18
495 15.46452045 36.95531845 -16
496 17.65780067 36.55773926 -18
497 17.65780067 36.55773926 -16
498 19.77371979 35.74451828 -18
499 19.77371979 35.74451828 -16
500 21.70807076 34.54095078 -18
501 21.70807076 34.54095078 -16
502 23.3970108 32.97451019 -18
503 23.3970108 32.97451019 -16
504 24.74896049 31.12528038 -18
505 24.74896049 31.12528038 -16
506 25.70667076 29.10326004 -18
507 25.70667076 29.10326004 -16
508 26.25769997 27.02622032 -18
509 26.25769997 27.02622032 -16
510 26.23410034 22.84053993 -14
511 26.43000031 25 -14
512 24.62101936 18.66412926 -14
513 25.63529015 20.70565033 -14
514 21.50880051 15.31029034 -14
515 23.22905922 16.84054947 -14
516 17.49452972 13.39789963 -14
517 19.55843925 14.15108013 -14
518 15.33131981 13.03390026 -14
519 11.20219994 13.44225979 -14
520 13.39548016 13.04467964 -14
521 7.151929855 15.45905018 -14
522 9.086279869 14.25547981 -14
523 4.111040115 18.87471962 -14
524 5.462989807 17.02549934 -14
525 2.602299929 22.97377968 -14
526 3.153330088 20.89673996 -14
527 2.430000067 25 -14
528 26.23410034 22.84053993 -20
529 26.43000031 25 -20
530 24.62101936 18.66412926 -20
531 25.63529015 20.70565033 -20
532 21.50880051 15.31029034 -20
533 23.22905922 16.84054947 -20
534 17.49452972 13.39789963 -20
535 19.55843925 14.15108013 -20
536 15.33131981 13.03390026 -20
537 11.20219994 13.44225979 -20
538 13.39548016 13.04467964 -20
539 7.151929855 15.45905018 -20
540 9.086279869 14.25547981 -20
541 3.153330088 20.89673996 -20
542 4.111040115 18.87471962 -20
543 2.602299929 22.97377968 -20
544 2.430000067 25 -20
545 5.462989807 17.02549934 -20
546 2.62590003 27.15946007 -14
547 3.224709988 29.29434967 -14
548 5.63093996 33.15945053 -14
549 4.238979816 31.33587074 -14
550 9.301560402 35.84891891 -14
551 7.351200104 34.68970871 -14
552 13.52867985 36.96609879 -14
553 11.36546993 36.60210037 -14
554 15.46452045 36.95531845 -14
555 17.65780067 36.55773926 -14
556 21.70807076 34.54095078 -14
557 19.77371979 35.74451828 -14
558 24.74896049 31.12528038 -14
559 23.3970108 32.97451019 -14
560 26.25769997 27.02622032 -14
561 25.70667076 29.10326004 -14
562 3.224709988 29.29434967 -20
563 2.62590003 27.15946007 -20
564 5.63093996 33.15945053 -20
565 4.238979816 31.33587074 -20
566 9.301560402 35.84891891 -20
567 7.351200104 34.68970871 -20
568 13.52867985 36.96609879 -20
569 11.36546993 36.60210037 -20
570 15.46452045 36.95531845 -20
571 17.65780067 36.55773926 -20
572 21.70807076 34.54095078 -20
573 19.77371979 35.74451828 -20
574 24.74896049 31.12528038 -20
575 23.3970108 32.97451019 -20
576 26.25769997 27.02622032 -20
577 25.70667076 29.10326004 -20
578 7.230000019 27.39999962 -14
579 7.230000019 29.79999924 -14
580 4.829999924 29.79999924 -14
581 4.829999924 27.39999962 -14
582 7.230000019 25 -14
583 4.829999924 25 -14
584 7.230000019 22.60000038 -14
585 4.829999924 22.60000038 -14
586 7.230000019 20.20000076 -14
587 4.829999924 20.20000076 -14
588 9.630000114 29.79999924 -14
589 9.630000114 32.20000076 -14
590 7.230000019 32.20000076 -14
591 9.630000114 17.79999924 -14
592 9.630000114 20.20000076 -14
593 7.230000019 17.79999924 -14
594 12.02999973 32.20000076 -14
595 12.02999973 34.59999847 -14
596 9.630000114 34.59999847 -14
597 12.02999973 15.39999962 -14
598 12.02999973 17.79999924 -14
599 9.630000114 15.39999962 -14
600 14.43000031 32.20000076 -14
601 14.43000031 34.59999847 -14
602 14.43000031 15.39999962 -14
603 14.43000031 17.79999924 -14
604 16.82999992 32.20000076 -14
605 16.82999992 34.59999847 -14
606 16.82999992 15.39999962 -14
607 16.82999992 17.79999924 -14
608 19.22999954 32.20000076 -14
609 19.22999954 34.59999847 -14
610 19.22999954 15.39999962 -14
611 19.22999954 17.79999924 -14
612 21.62999916 29.79999924 -14
613 21.62999916 32.20000076 -14
614 19.22999954 29.79999924 -14
615 21.62999916 17.79999924 -14
616 21.62999916 20.20000076 -14
617 19.22999954 20.20000076 -14
618 24.03000069 27.39999962 -14
619 24.03000069 29.79999924 -14
620 21.62999916 27.39999962 -14
621 24.03000069 25 -14
622 21.62999916 25 -14
623 24.03000069 22.60000038 -14
624 21.62999916 22.60000038 -14
625 24.03000069 20.20000076 -14
626 8.879859924 27.27946091 -14
627 8.430000305 25 -14
628 10.23178005 29.28660011 -14
629 12.2493 30.58967972 -14
630 14.43000031 31 -14
631 8.840319633 22.8192997 -14
632 12.15054035 19.44985962 -14
633 10.14340019 20.8017807 -14
634 14.43000031 19 -14
635 16.7094593 30.55014038 -14
636 18.71660042 29.1982193 -14
637 20.01968002 27.1807003 -14
638 20.43000031 25 -14
639 16.61070061 19.41032028 -14
640 18.6282196 20.71339989 -14
641 19.98014069 22.72053909 -14
642 7.230000019 27.39999962 -20
643 4.829999924 27.39999962 -20
644 4.829999924 29.79999924 -20
645 7.230000019 29.79999924 -20
646 7.230000019 25 -20
647 4.829999924 25 -20
648 7.230000019 22.60000038 -20
649 4.829999924 22.60000038 -20
650 7.230000019 20.20000076 -20
651 4.829999924 20.20000076 -20
652 9.630000114 29.79999924 -20
653 7.230000019 32.20000076 -20
654 9.630000114 32.20000076 -20
655 9.630000114 27.39999962 -20
656 9.630000114 25 -20
657 9.630000114 22.60000038 -20
658 9.630000114 20.20000076 -20
659 9.630000114 17.79999924 -20
660 7.230000019 17.79999924 -20
661 12.02999973 32.20000076 -20
662 9.630000114 34.59999847 -20
663 12.02999973 34.59999847 -20
664 12.02999973 29.79999924 -20
665 12.02999973 27.39999962 -20
666 12.02999973 25 -20
667 12.02999973 22.60000038 -20
668 12.02999973 20.20000076 -20
669 12.02999973 17.79999924 -20
670 12.02999973 15.39999962 -20
671 9.630000114 15.39999962 -20
672 14.43000031 32.20000076 -20
673 14.43000031 34.59999847 -20
674 14.43000031 29.79999924 -20
675 14.43000031 27.39999962 -20
676 14.43000031 25 -20
677 14.43000031 22.60000038 -20
678 14.43000031 20.20000076 -20
679 14.43000031 17.79999924 -20
680 14.43000031 15.39999962 -20
681 16.82999992 32.20000076 -20
682 16.82999992 34.59999847 -20
683 16.82999992 29.79999924 -20
684 16.82999992 27.39999962 -20
685 16.82999992 25 -20
686 16.82999992 22.60000038 -20
687 16.82999992 20.20000076 -20
688 16.82999992 17.79999924 -20
689 16.82999992 15.39999962 -20
690 19.22999954 32.20000076 -20
691 19.22999954 34.59999847 -20
692 19.22999954 29.79999924 -20
693 19.22999954 27.39999962 -20
694 19.22999954 25 -20
695 19.22999954 22.60000038 -20
696 19.22999954 20.20000076 -20
697 19.22999954 17.79999924 -20
698 19.22999954 15.39999962 -20
699 21.62999916 29.79999924 -20
700 21.62999916 32.20000076 -20
701 21.62999916 27.39999962 -20
702 21.62999916 25 -20
703 21.62999916 22.60000038 -20
704 21.62999916 20.20000076 -20
705 21.62999916 17.79999924 -20
706 24.03000069 27.39999962 -20
707 24.03000069 29.79999924 -20
708 24.03000069 25 -20
709 24.03000069 22.60000038 -20
710 24.03000069 20.20000076 -20
711 19.98014069 22.72053909 5.5
712 20.43000031 25 5.5
713 20.43000031 25 8.75
714 19.98014069 22.72053909 8.75
715 19.98014069 22.72053909 2.25
716 20.43000031 25 2.25
717 19.98014069 22.72053909 -1
718 20.43000031 25 -1
719 19.98014069 22.72053909 -4.25
720 20.43000031 25 -4.25
721 19.98014069 22.72053909 -7.5
722 20.43000031 25 -7.5
723 19.98014069 22.72053909 -10.75
724 20.43000031 25 -10.75
725 18.6282196 20.71339989 5.5
726 18.6282196 20.71339989 8.75
727 18.6282196 20.71339989 2.25
728 18.6282196 20.71339989 -1
729 18.6282196 20.71339989 -4.25
730 18.6282196 20.71339989 -7.5
731 18.6282196 20.71339989 -10.75
732 16.61070061 19.41032028 5.5
733 16.61070061 19.41032028 8.75
734 16.61070061 19.41032028 2.25
735 16.61070061 19.41032028 -1
736 16.61070061 19.41032028 -4.25
737 16.61070061 19.41032028 -7.5
738 16.61070061 19.41032028 -10.75
739 14.43000031 19 5.5
740 14.43000031 19 8.75
741 14.43000031 19 2.25
742 14.43000031 19 -1
743 14.43000031 19 -4.25
744 14.43000031 19 -7.5
745 14.43000031 19 -10.75
746 12.15054035 19.44985962 5.5
747 12.15054035 19.44985962 8.75
748 12.15054035 19.44985962 2.25
749 12.15054035 19.44985962 -1
750 12.15054035 19.44985962 -4.25
751 12.15054035 19.44985962 -7.5
752 12.15054035 19.44985962 -10.75
753 10.14340019 20.8017807 5.5
754 10.14340019 20.8017807 8.75
755 10.14340019 20.8017807 2.25
756 10.14340019 20.8017807 -1
757 10.14340019 20.8017807 -4.25
758 10.14340019 20.8017807 -7.5
759 10.14340019 20.8017807 -10.75
760 8.840319633 22.8192997 5.5
761 8.840319633 22.8192997 8.75
762 8.840319633 22.8192997 2.25
763 8.840319633 22.8192997 -1
764 8.840319633 22.8192997 -4.25
765 8.840319633 22.8192997 -7.5
766 8.840319633 22.8192997 -10.75
767 8.430000305 25 5.5
768 8.430000305 25 8.75
769 8.430000305 25 2.25
770 8.430000305 25 -1
771 8.430000305 25 -4.25
772 8.430000305 25 -7.5
773 8.430000305 25 -10.75
774 8.879859924 27.27946091 5.5
775 8.879859924 27.27946091 8.75
776 8.879859924 27.27946091 2.25
777 8.879859924 27.27946091 -1
778 8.879859924 27.27946091 -4.25
779 8.879859924 27.27946091 -7.5
780 8.879859924 27.27946091 -10.75
781 10.23178005 29.28660011 5.5
782 10.23178005 29.28660011 8.75
783 10.23178005 29.28660011 2.25
784 10.23178005 29.28660011 -1
785 10.23178005 29.28660011 -4.25
786 10.23178005 29.28660011 -7.5
787 10.23178005 29.28660011 -10.75
788 12.2493 30.58967972 5.5
789 12.2493 30.58967972 8.75
790 12.2493 30.58967972 2.25
791 12.2493 30.58967972 -1
792 12.2493 30.58967972 -4.25
793 12.2493 30.58967972 -7.5
794 12.2493 30.58967972 -10.75
795 14.43000031 31 5.5
796 14.43000031 31 8.75
797 14.43000031 31 2.25
798 14.43000031 31 -1
799 14.43000031 31 -4.25
800 14.43000031 31 -7.5
801 14.43000031 31 -10.75
802 16.7094593 30.55014038 5.5
803 16.7094593 30.55014038 8.75
804 16.7094593 30.55014038 2.25
805 16.7094593 30.55014038 -1
806 16.7094593 30.55014038 -4.25
807 16.7094593 30.55014038 -7.5
808 16.7094593 30.55014038 -10.75
809 18.71660042 29.1982193 5.5
810 18.71660042 29.1982193 8.75
811 18.71660042 29.1982193 2.25
812 18.71660042 29.1982193 -1
813 18.71660042 29.1982193 -4.25
814 18.71660042 29.1982193 -7.5
815 18.71660042 29.1982193 -10.75
816 20.01968002 27.1807003 5.5
817 20.01968002 27.1807003 8.75
818 20.01968002 27.1807003 2.25
819 20.01968002 27.1807003 -1
820 20.01968002 27.1807003 -4.25
821 20.01968002 27.1807003 -7.5
822 20.01968002 27.1807003 -10.75
823 19.98014069 22.72053909 12
824 20.43000031 25 12
825 16.61070061 19.41032028 12
826 18.6282196 20.71339989 12
827 14.43000031 19 12
828 12.15054035 19.44985962 12
829 8.840319633 22.8192997 12
830 10.14340019 20.8017807 12
831 8.430000305 25 12
832 8.879859924 27.27946091 12
833 10.23178005 29.28660011 12
834 12.2493 30.58967972 12
835 14.43000031 31 12
836 18.71660042 29.1982193 12
837 16.7094593 30.55014038 12
838 20.01968002 27.1807003 12
839 10.82999992 26.20000076 12
840 10.82999992 27.39999962 12
841 9.630000114 27.39999962 12
842 9.630000114 26.20000076 12
843 10.82999992 25 12
844 9.630000114 25 12
845 10.82999992 23.79999924 12
846 9.630000114 23.79999924 12
847 10.82999992 22.60000038 12
848 9.630000114 22.60000038 12
849 12.02999973 27.39999962 12
850 12.02999973 28.60000038 12
851 10.82999992 28.60000038 12
852 12.02999973 26.20000076 12
853 12.02999973 25 12
854 12.02999973 23.79999924 12
855 12.02999973 22.60000038 12
856 12.02999973 21.39999962 12
857 10.82999992 21.39999962 12
858 13.22999954 28.60000038 12
859 13.22999954 29.79999924 12
860 12.02999973 29.79999924 12
861 13.22999954 27.39999962 12
862 13.22999954 26.20000076 12
863 13.22999954 25 12
864 13.22999954 23.79999924 12
865 13.22999954 22.60000038 12
866 13.22999954 21.39999962 12
867 13.22999954 20.20000076 12
868 12.02999973 20.20000076 12
869 14.43000031 28.60000038 12
870 14.43000031 29.79999924 12
871 14.43000031 27.39999962 12
872 14.43000031 26.20000076 12
873 14.43000031 25 12
874 14.43000031 23.79999924 12
875 14.43000031 22.60000038 12
876 14.43000031 21.39999962 12
877 14.43000031 20.20000076 12
878 15.63000011 28.60000038 12
879 15.63000011 29.79999924 12
880 15.63000011 27.39999962 12
881 15.63000011 26.20000076 12
882 15.63000011 25 12
883 15.63000011 23.79999924 12
884 15.63000011 22.60000038 12
885 15.63000011 21.39999962 12
886 15.63000011 20.20000076 12
887 16.82999992 28.60000038 12
888 16.82999992 29.79999924 12
889 16.82999992 27.39999962 12
890 16.82999992 26.20000076 12
891 16.82999992 25 12
892 16.82999992 23.79999924 12
893 16.82999992 22.60000038 12
894 16.82999992 21.39999962 12
895 16.82999992 20.20000076 12
896 18.03000069 27.39999962 12
897 18.03000069 28.60000038 12
898 18.03000069 26.20000076 12
899 18.03000069 25 12
900 18.03000069 23.79999924 12
901 18.03000069 22.60000038 12
902 18.03000069 21.39999962 12
903 19.22999954 26.20000076 12
904 19.22999954 27.39999962 12
905 19.22999954 25 12
906 19.22999954 23.79999924 12
907 19.22999954 22.60000038 12
908 2.321429968 0 10
909 3.25 0 10
910 2.321429968 0.8125 10
911 -2.321429968 0 10
912 -2.321429968 0.8125 10
913 -3.25 0 10
914 1.392860055 0.8125 10
915 1.392860055 0 10
916 0.464289993 0.8125 10
917 0.464289993 0 10
918 -0.464289993 0.8125 10
919 -0.464289993 0 10
920 -1.392860055 0.8125 10
921 -1.392860055 0 10
922 3.027750015 1.181210041 10
923 2.321429968 1.625 10
924 2.321909904 2.274039984 10
925 1.392860055 1.625 10
926 1.234709978 3.006330013 10
927 1.392860055 2.4375 10
928 0 3.25 10
929 0.464289993 2.4375 10
930 -0.464289993 2.4375 10
931 -1.181210041 3.027750015 10
932 -2.274039984 2.321909904 10
933 -1.392860055 2.4375 10
934 -1.392860055 1.625 10
935 -2.321429968 1.625 10
936 -3.006330013 1.234709978 10
937 0.464289993 1.625 10
938 -0.464289993 1.625 10
939 2.321429968 -0.8125 -20
940 -2.321429968 -0.8125 -20
941 1.392860055 -0.8125 -20
942 0.464289993 -0.8125 -20
943 -0.464289993 -0.8125 -20
944 -1.392860055 -0.8125 -20
945 3.027750015 -1.181210041 -20
946 3.027750015 -1.181210041 -18.27778053
947 -3.006330013 -1.234709978 -18.27778053
948 -3.006330013 -1.234709978 -20
949 3.027750015 -1.181210041 -16.55555916
950 3.027750015 -1.181210041 -14.83333015
951 3.027750015 -1.181210041 -13.11110973
952 3.027750015 -1.181210041 -11.38889027
953 3.027750015 -1.181210041 -9.666669846
954 3.027750015 -1.181210041 -7.944439888
955 3.027750015 -1.181210041 -6.222219944
956 3.027750015 -1.181210041 -4.5
957 3.027750015 -1.181210041 -2.777780056
958 3.027750015 -1.181210041 -1.055559993
959 3.027750015 -1.181210041 0.6666700244
960 3.027750015 -1.181210041 2.388890028
961 3.027750015 -1.181210041 4.11111021
962 3.027750015 -1.181210041 5.833330154
963 3.027750015 -1.181210041 7.555560112
964 3.027750015 -1.181210041 9.277779579
965 -3.006330013 -1.234709978 -16.55555916
966 -3.006330013 -1.234709978 -14.83333015
967 -3.006330013 -1.234709978 -13.11110973
968 -3.006330013 -1.234709978 -11.38889027
969 -3.006330013 -1.234709978 -9.666669846
970 -3.006330013 -1.234709978 -7.944439888
971 -3.006330013 -1.234709978 -6.222219944
972 -3.006330013 -1.234709978 -4.5
973 -3.006330013 -1.234709978 -2.777780056
974 -3.006330013 -1.234709978 -1.055559993
975 -3.006330013 -1.234709978 0.6666700244
976 -3.006330013 -1.234709978 2.388890028
977 -3.006330013 -1.234709978 4.11111021
978 -3.006330013 -1.234709978 5.833330154
979 -3.006330013 -1.234709978 7.555560112
980 -3.006330013 -1.234709978 9.277779579
981 2.321429968 -1.625 -20
982 1.392860055 -1.625 -20
983 2.321909904 -2.274039984 -20
984 1.392860055 -2.4375 -20
985 1.234709978 -3.006330013 -20
986 0.464289993 -2.4375 -20
987 -0 -3.25 -20
988 -0.464289993 -2.4375 -20
989 -1.392860055 -2.4375 -20
990 -2.274039984 -2.321909904 -20
991 -1.181210041 -3.027750015 -20
992 -1.392860055 -1.625 -20
993 -2.321429968 -1.625 -20
994 0.464289993 -1.625 -20
995 -0.464289993 -1.625 -20
996 1.234709978 -3.006330013 -18.27778053
997 -0 -3.25 -18.27778053
998 2.321909904 -2.274039984 -18.27778053
999 -1.181210041 -3.027750015 -18.27778053
1000 -2.274039984 -2.321909904 -18.27778053
1001 2.321909904 -2.274039984 -16.55555916
1002 2.321909904 -2.274039984 -14.83333015
1003 2.321909904 -2.274039984 -13.11110973
1004 2.321909904 -2.274039984 -11.38889027
1005 2.321909904 -2.274039984 -9.666669846
1006 2.321909904 -2.274039984 -7.944439888
1007 2.321909904 -2.274039984 -6.222219944
1008 2.321909904 -2.274039984 -4.5
1009 2.321909904 -2.274039984 -2.777780056
1010 2.321909904 -2.274039984 -1.055559993
1011 2.321909904 -2.274039984 0.6666700244
1012 2.321909904 -2.274039984 2.388890028
1013 2.321909904 -2.274039984 4.11111021
1014 2.321909904 -2.274039984 5.833330154
1015 2.321909904 -2.274039984 7.555560112
1016 2.321909904 -2.274039984 9.277779579
1017 1.234709978 -3.006330013 -16.55555916
1018 1.234709978 -3.006330013 -14.83333015
1019 1.234709978 -3.006330013 -13.11110973
1020 1.234709978 -3.006330013 -11.38889027
1021 1.234709978 -3.006330013 -9.666669846
1022 1.234709978 -3.006330013 -7.944439888
1023 1.234709978 -3.006330013 -6.222219944
1024 1.234709978 -3.006330013 -4.5
1025 1.234709978 -3.006330013 -2.777780056
1026 1.234709978 -3.006330013 -1.055559993
1027 1.234709978 -3.006330013 0.6666700244
1028 1.234709978 -3.006330013 2.388890028
1029 1.234709978 -3.006330013 4.11111021
1030 1.234709978 -3.006330013 5.833330154
1031 1.234709978 -3.006330013 7.555560112
1032 1.234709978 -3.006330013 9.277779579
1033 -0 -3.25 -16.55555916
1034 -0 -3.25 -14.83333015
1035 -0 -3.25 -13.11110973
1036 -0 -3.25 -11.38889027
1037 -0 -3.25 -9.666669846
1038 -0 -3.25 -7.944439888
1039 -0 -3.25 -6.222219944
1040 -0 -3.25 -4.5
1041 -0 -3.25 -2.777780056
1042 -0 -3.25 -1.055559993
1043 -0 -3.25 0.6666700244
1044 -0 -3.25 2.388890028
1045 -0 -3.25 4.11111021
1046 -0 -3.25 5.833330154
1047 -0 -3.25 7.555560112
1048 -0 -3.25 9.277779579
1049 -1.181210041 -3.027750015 -16.55555916
1050 -1.181210041 -3.027750015 -14.83333015
1051 -1.181210041 -3.027750015 -13.11110973
1052 -1.181210041 -3.027750015 -11.38889027
1053 -1.181210041 -3.027750015 -9.666669846
1054 -1.181210041 -3.027750015 -7.944439888
1055 -1.181210041 -3.027750015 -6.222219944
1056 -1.181210041 -3.027750015 -4.5
1057 -1.181210041 -3.027750015 -2.777780056
1058 -1.181210041 -3.027750015 -1.055559993
1059 -1.181210041 -3.027750015 0.6666700244
1060 -1.181210041 -3.027750015 2.388890028
1061 -1.181210041 -3.027750015 4.11111021
1062 -1.181210041 -3.027750015 5.833330154
1063 -1.181210041 -3.027750015 7.555560112
1064 -1.181210041 -3.027750015 9.277779579
1065 -2.274039984 -2.321909904 -16.55555916
1066 -2.274039984 -2.321909904 -14.83333015
1067 -2.274039984 -2.321909904 -13.11110973
1068 -2.274039984 -2.321909904 -11.38889027
1069 -2.274039984 -2.321909904 -9.666669846
1070 -2.274039984 -2.321909904 -7.944439888
1071 -2.274039984 -2.321909904 -6.222219944
1072 -2.274039984 -2.321909904 -4.5
1073 -2.274039984 -2.321909904 -2.777780056
1074 -2.274039984 -2.321909904 -1.055559993
1075 -2.274039984 -2.321909904 0.6666700244
1076 -2.274039984 -2.321909904 2.388890028
1077 -2.274039984 -2.321909904 4.11111021
1078 -2.274039984 -2.321909904 5.833330154
1079 -2.274039984 -2.321909904 7.555560112
1080 -2.274039984 -2.321909904 9.277779579
1081 -24.06999969 -1.200000048 12
1082 -33.66999817 -1.200000048 12
1083 -25.27000046 -1.200000048 12
1084 -26.46999931 -1.200000048 12
1085 -27.67000008 -1.200000048 12
1086 -28.87000084 -1.200000048 12
1087 -30.06999969 -1.200000048 12
1088 -31.27000046 -1.200000048 12
1089 -32.47000122 -1.200000048 12
1090 -23.28031921 -2.180700064 -14
1091 -23.28031921 -2.180700064 -10.75
1092 -34.42013931 -2.279459953 -10.75
1093 -34.42013931 -2.279459953 -14
1094 -23.28031921 -2.180700064 8.75
1095 -23.28031921 -2.180700064 12
1096 -34.42013931 -2.279459953 12
1097 -34.42013931 -2.279459953 8.75
1098 -23.28031921 -2.180700064 -7.5
1099 -23.28031921 -2.180700064 -4.25
1100 -23.28031921 -2.180700064 -1
1101 -23.28031921 -2.180700064 2.25
1102 -23.28031921 -2.180700064 5.5
1103 -34.42013931 -2.279459953 -7.5
1104 -34.42013931 -2.279459953 -4.25
1105 -34.42013931 -2.279459953 -1
1106 -34.42013931 -2.279459953 2.25
1107 -34.42013931 -2.279459953 5.5
1108 -17.04229927 -2.026220083 -20
1109 -40.67409897 -2.159460068 -20
1110 -21.67000008 -2.400000095 -20
1111 -19.27000046 -2.400000095 -20
1112 -24.06999969 -2.400000095 -20
1113 -26.46999931 -2.400000095 -20
1114 -28.87000084 -2.400000095 -20
1115 -31.27000046 -2.400000095 -20
1116 -33.66999817 -2.400000095 -20
1117 -36.06999969 -2.400000095 -20
1118 -38.47000122 -2.400000095 -20
1119 -17.04229927 -2.026220083 -14
1120 -21.67000008 -2.400000095 -14
1121 -36.06999969 -2.400000095 -14
1122 -40.67409897 -2.159460068 -14
1123 -19.27000046 -2.400000095 -14
1124 -38.47000122 -2.400000095 -14
1125 -17.04229927 -2.026220083 -18
1126 -40.67409897 -2.159460068 -18
1127 -17.04229927 -2.026220083 -16
1128 -40.67409897 -2.159460068 -16
1129 -25.27000046 -3.599999905 12
1130 -24.06999969 -2.400000095 12
1131 -24.58340073 -4.198219776 12
1132 -26.46999931 -4.800000191 12
1133 -26.59053993 -5.550139904 12
1134 -25.27000046 -2.400000095 12
1135 -26.46999931 -3.599999905 12
1136 -28.87000084 -6 12
1137 -27.67000008 -4.800000191 12
1138 -31.27000046 -4.800000191 12
1139 -32.47000122 -3.599999905 12
1140 -31.27000046 -3.599999905 12
1141 -28.87000084 -4.800000191 12
1142 -30.06999969 -4.800000191 12
1143 -31.05069923 -5.589680195 12
1144 -33.06821823 -4.286600113 12
1145 -33.66999817 -2.400000095 12
1146 -32.47000122 -2.400000095 12
1147 -26.46999931 -2.400000095 12
1148 -27.67000008 -2.400000095 12
1149 -27.67000008 -3.599999905 12
1150 -28.87000084 -2.400000095 12
1151 -28.87000084 -3.599999905 12
1152 -30.06999969 -2.400000095 12
1153 -30.06999969 -3.599999905 12
1154 -31.27000046 -2.400000095 12
1155 -26.59053993 -5.550139904 -10.75
1156 -26.59053993 -5.550139904 -14
1157 -28.87000084 -6 -14
1158 -28.87000084 -6 -10.75
1159 -24.58340073 -4.198219776 -14
1160 -24.58340073 -4.198219776 -10.75
1161 -31.05069923 -5.589680195 -10.75
1162 -31.05069923 -5.589680195 -14
1163 -33.06821823 -4.286600113 -14
1164 -33.06821823 -4.286600113 -10.75
1165 -26.59053993 -5.550139904 8.75
1166 -28.87000084 -6 8.75
1167 -24.58340073 -4.198219776 8.75
1168 -31.05069923 -5.589680195 8.75
1169 -33.06821823 -4.286600113 8.75
1170 -24.58340073 -4.198219776 -7.5
1171 -24.58340073 -4.198219776 -4.25
1172 -24.58340073 -4.198219776 -1
1173 -24.58340073 -4.198219776 2.25
1174 -24.58340073 -4.198219776 5.5
1175 -26.59053993 -5.550139904 -7.5
1176 -26.59053993 -5.550139904 -4.25
1177 -26.59053993 -5.550139904 -1
1178 -26.59053993 -5.550139904 2.25
1179 -26.59053993 -5.550139904 5.5
1180 -28.87000084 -6 -7.5
1181 -28.87000084 -6 -4.25
1182 -28.87000084 -6 -1
1183 -28.87000084 -6 2.25
1184 -28.87000084 -6 5.5
1185 -31.05069923 -5.589680195 -7.5
1186 -31.05069923 -5.589680195 -4.25
1187 -31.05069923 -5.589680195 -1
1188 -31.05069923 -5.589680195 2.25
1189 -31.05069923 -5.589680195 5.5
1190 -33.06821823 -4.286600113 -7.5
1191 -33.06821823 -4.286600113 -4.25
1192 -33.06821823 -4.286600113 -1
1193 -33.06821823 -4.286600113 2.25
1194 -33.06821823 -4.286600113 5.5
1195 -28.87000084 -9.600000381 -20
1196 -27.83547974 -11.95532036 -20
1197 -26.46999931 -9.600000381 -20
1198 -19.90299034 -7.974500179 -20
1199 -21.67000008 -7.199999809 -20
1200 -21.59193039 -9.540949821 -20
1201 -19.27000046 -4.800000191 -20
1202 -17.59333038 -4.10326004 -20
1203 -18.55104065 -6.125279903 -20
1204 -23.52627945 -10.74452019 -20
1205 -24.06999969 -9.600000381 -20
1206 -21.67000008 -4.800000191 -20
1207 -24.06999969 -7.199999809 -20
1208 -25.64220047 -11.55774021 -20
1209 -33.66999817 -7.199999809 -20
1210 -36.06999969 -7.199999809 -20
1211 -35.94879913 -9.689709663 -20
1212 -29.77131081 -11.96609974 -20
1213 -31.93453026 -11.60210037 -20
1214 -31.27000046 -9.600000381 -20
1215 -33.66999817 -9.600000381 -20
1216 -33.99843979 -10.84891987 -20
1217 -40.07529068 -4.294350147 -20
1218 -38.47000122 -4.800000191 -20
1219 -36.06999969 -4.800000191 -20
1220 -37.66905975 -8.159449577 -20
1221 -39.0610199 -6.335869789 -20
1222 -24.06999969 -4.800000191 -20
1223 -26.46999931 -4.800000191 -20
1224 -26.46999931 -7.199999809 -20
1225 -28.87000084 -4.800000191 -20
1226 -28.87000084 -7.199999809 -20
1227 -31.27000046 -4.800000191 -20
1228 -31.27000046 -7.199999809 -20
1229 -33.66999817 -4.800000191 -20
1230 -27.83547974 -11.95532036 -14
1231 -28.87000084 -9.600000381 -14
1232 -26.46999931 -9.600000381 -14
1233 -21.67000008 -4.800000191 -14
1234 -19.27000046 -4.800000191 -14
1235 -17.59333038 -4.10326004 -14
1236 -18.55104065 -6.125279903 -14
1237 -19.90299034 -7.974500179 -14
1238 -21.67000008 -7.199999809 -14
1239 -21.59193039 -9.540949821 -14
1240 -24.06999969 -9.600000381 -14
1241 -23.52627945 -10.74452019 -14
1242 -24.06999969 -4.800000191 -14
1243 -24.06999969 -7.199999809 -14
1244 -26.46999931 -7.199999809 -14
1245 -25.64220047 -11.55774021 -14
1246 -28.87000084 -7.199999809 -14
1247 -31.27000046 -7.199999809 -14
1248 -33.66999817 -4.800000191 -14
1249 -33.66999817 -7.199999809 -14
1250 -29.77131081 -11.96609974 -14
1251 -31.93453026 -11.60210037 -14
1252 -31.27000046 -9.600000381 -14
1253 -33.66999817 -9.600000381 -14
1254 -35.94879913 -9.689709663 -14
1255 -33.99843979 -10.84891987 -14
1256 -36.06999969 -4.800000191 -14
1257 -40.07529068 -4.294350147 -14
1258 -38.47000122 -4.800000191 -14
1259 -36.06999969 -7.199999809 -14
1260 -37.66905975 -8.159449577 -14
1261 -39.0610199 -6.335869789 -14
1262 -19.90299034 -7.974500179 -18
1263 -21.59193039 -9.540949821 -18
1264 -17.59333038 -4.10326004 -18
1265 -18.55104065 -6.125279903 -18
1266 -23.52627945 -10.74452019 -18
1267 -25.64220047 -11.55774021 -18
1268 -27.83547974 -11.95532036 -18
1269 -29.77131081 -11.96609974 -18
1270 -35.94879913 -9.689709663 -18
1271 -37.66905975 -8.159449577 -18
1272 -31.93453026 -11.60210037 -18
1273 -33.99843979 -10.84891987 -18
1274 -39.0610199 -6.335869789 -18
1275 -40.07529068 -4.294350147 -18
1276 -19.90299034 -7.974500179 -16
1277 -21.59193039 -9.540949821 -16
1278 -17.59333038 -4.10326004 -16
1279 -18.55104065 -6.125279903 -16
1280 -23.52627945 -10.74452019 -16
1281 -25.64220047 -11.55774021 -16
1282 -27.83547974 -11.95532036 -16
1283 -29.77131081 -11.96609974 -16
1284 -35.94879913 -9.689709663 -16
1285 -37.66905975 -8.159449577 -16
1286 -31.93453026 -11.60210037 -16
1287 -33.99843979 -10.84891987 -16
1288 -39.0610199 -6.335869789 -16
1289 -40.07529068 -4.294350147 -16
1290 26.23410034 -22.84053993 -18
1291 26.43000031 -25 -18
1292 26.43000031 -25 -16
1293 26.23410034 -22.84053993 -16
1294 25.63529015 -20.70565033 -18
1295 25.63529015 -20.70565033 -16
1296 24.62101936 -18.66412926 -18
1297 24.62101936 -18.66412926 -16
1298 23.22905922 -16.84054947 -18
1299 23.22905922 -16.84054947 -16
1300 21.50880051 -15.31029034 -18
1301 21.50880051 -15.31029034 -16
1302 19.55843925 -14.15108013 -18
1303 19.55843925 -14.15108013 -16
1304 17.49452972 -13.39789963 -18
1305 17.49452972 -13.39789963 -16
1306 15.33131981 -13.03390026 -18
1307 15.33131981 -13.03390026 -16
1308 13.39548016 -13.04467964 -18
1309 13.39548016 -13.04467964 -16
1310 11.20219994 -13.44225979 -18
1311 11.20219994 -13.44225979 -16
1312 9.086279869 -14.25547981 -18
1313 9.086279869 -14.25547981 -16
1314 7.151929855 -15.45905018 -18
1315 7.151929855 -15.45905018 -16
1316 5.462989807 -17.02549934 -18
1317 5.462989807 -17.02549934 -16
1318 4.111040115 -18.87471962 -18
1319 4.111040115 -18.87471962 -16
1320 3.153330088 -20.89673996 -18
1321 3.153330088 -20.89673996 -16
1322 2.602299929 -22.97377968 -18
1323 2.602299929 -22.97377968 -16
1324 2.430000067 -25 -18
1325 2.430000067 -25 -16
1326 2.62590003 -27.15946007 -18
1327 2.62590003 -27.15946007 -16
1328 3.224709988 -29.29434967 -18
1329 3.224709988 -29.29434967 -16
1330 4.238979816 -31.33587074 -18
1331 4.238979816 -31.33587074 -16
1332 5.63093996 -33.15945053 -18
1333 5.63093996 -33.15945053 -16
1334 7.351200104 -34.68970871 -18
1335 7.351200104 -34.68970871 -16
1336 9.301560402 -35.84891891 -18
1337 9.301560402 -35.84891891 -16
1338 11.36546993 -36.60210037 -18
1339 11.36546993 -36.60210037 -16
1340 13.52867985 -36.96609879 -18
1341 13.52867985 -36.96609879 -16
1342 15.46452045 -36.95531845 -18
1343 15.46452045 -36.95531845 -16
1344 17.65780067 -36.55773926 -18
1345 17.65780067 -36.55773926 -16
1346 19.77371979 -35.74451828 -18
1347 19.77371979 -35.74451828 -16
1348 21.70807076 -34.54095078 -18
1349 21.70807076 -34.54095078 -16
1350 23.3970108 -32.97451019 -18
1351 23.3970108 -32.97451019 -16
1352 24.74896049 -31.12528038 -18
1353 24.74896049 -31.12528038 -16
1354 25.70667076 -29.10326004 -18
1355 25.70667076 -29.10326004 -16
1356 26.25769997 -27.02622032 -18
1357 26.25769997 -27.02622032 -16
1358 26.23410034 -22.84053993 -14
1359 26.43000031 -25 -14
1360 24.62101936 -18.66412926 -14
1361 25.63529015 -20.70565033 -14
1362 21.50880051 -15.31029034 -14
1363 23.22905922 -16.84054947 -14
1364 17.49452972 -13.39789963 -14
1365 19.55843925 -14.15108013 -14
1366 15.33131981 -13.03390026 -14
1367 11.20219994 -13.44225979 -14
1368 13.39548016 -13.04467964 -14
1369 7.151929855 -15.45905018 -14
1370 9.086279869 -14.25547981 -14
1371 4.111040115 -18.87471962 -14
1372 5.462989807 -17.02549934 -14
1373 2.602299929 -22.97377968 -14
1374 3.153330088 -20.89673996 -14
1375 2.430000067 -25 -14
1376 26.23410034 -22.84053993 -20
1377 26.43000031 -25 -20
1378 24.62101936 -18.66412926 -20
1379 25.63529015 -20.70565033 -20
1380 21.50880051 -15.31029034 -20
1381 23.22905922 -16.84054947 -20
1382 17.49452972 -13.39789963 -20
1383 19.55843925 -14.15108013 -20
1384 15.33131981 -13.03390026 -20
1385 11.20219994 -13.44225979 -20
1386 13.39548016 -13.04467964 -20
1387 7.151929855 -15.45905018 -20
1388 9.086279869 -14.25547981 -20
1389 3.153330088 -20.89673996 -20
1390 4.111040115 -18.87471962 -20
1391 2.602299929 -22.97377968 -20
1392 2.430000067 -25 -20
1393 5.462989807 -17.02549934 -20
1394 2.62590003 -27.15946007 -14
1395 3.224709988 -29.29434967 -14
1396 5.63093996 -33.15945053 -14
1397 4.238979816 -31.33587074 -14
1398 9.301560402 -35.84891891 -14
1399 7.351200104 -34.68970871 -14
1400 13.52867985 -36.96609879 -14
1401 11.36546993 -36.60210037 -14
1402 15.46452045 -36.95531845 -14
1403 17.65780067 -36.55773926 -14
1404 21.70807076 -34.54095078 -14
1405 19.77371979 -35.74451828 -14
1406 24.74896049 -31.12528038 -14
1407 23.3970108 -32.97451019 -14
1408 26.25769997 -27.02622032 -14
1409 25.70667076 -29.10326004 -14
1410 3.224709988 -29.29434967 -20
1411 2.62590003 -27.15946007 -20
1412 5.63093996 -33.15945053 -20
1413 4.238979816 -31.33587074 -20
1414 9.301560402 -35.84891891 -20
1415 7.351200104 -34.68970871 -20
1416 13.52867985 -36.96609879 -20
1417 11.36546993 -36.60210037 -20
1418 15.46452045 -36.95531845 -20
1419 17.65780067 -36.55773926 -20
1420 21.70807076 -34.54095078 -20
1421 19.77371979 -35.74451828 -20
1422 24.74896049 -31.12528038 -20
1423 23.3970108 -32.97451019 -20
1424 26.25769997 -27.02622032 -20
1425 25.70667076 -29.10326004 -20
1426 7.230000019 -27.39999962 -14
1427 7.230000019 -29.79999924 -14
1428 4.829999924 -29.79999924 -14
1429 4.829999924 -27.39999962 -14
1430 7.230000019 -25 -14
1431 4.829999924 -25 -14
1432 7.230000019 -22.60000038 -14
1433 4.829999924 -22.60000038 -14
1434 7.230000019 -20.20000076 -14
1435 4.829999924 -20.20000076 -14
1436 9.630000114 -29.79999924 -14
1437 9.630000114 -32.20000076 -14
1438 7.230000019 -32.20000076 -14
1439 9.630000114 -17.79999924 -14
1440 9.630000114 -20.20000076 -14
1441 7.230000019 -17.79999924 -14
1442 12.02999973 -32.20000076 -14
1443 12.02999973 -34.59999847 -14
1444 9.630000114 -34.59999847 -14
1445 12.02999973 -15.39999962 -14
1446 12.02999973 -17.79999924 -14
1447 9.630000114 -15.39999962 -14
1448 14.43000031 -32.20000076 -14
1449 14.43000031 -34.59999847 -14
1450 14.43000031 -15.39999962 -14
1451 14.43000031 -17.79999924 -14
1452 16.82999992 -32.20000076 -14
1453 16.82999992 -34.59999847 -14
1454 16.82999992 -15.39999962 -14
1455 16.82999992 -17.79999924 -14
1456 19.22999954 -32.20000076 -14
1457 19.22999954 -34.59999847 -14
1458 19.22999954 -15.39999962 -14
1459 19.22999954 -17.79999924 -14
1460 21.62999916 -29.79999924 -14
1461 21.62999916 -32.20000076 -14
1462 19.22999954 -29.79999924 -14
1463 21.62999916 -17.79999924 -14
1464 21.62999916 -20.20000076 -14
1465 19.22999954 -20.20000076 -14
1466 24.03000069 -27.39999962 -14
1467 24.03000069 -29.79999924 -14
1468 21.62999916 -27.39999962 -14
1469 24.03000069 -25 -14
1470 21.62999916 -25 -14
1471 24.03000069 -22.60000038 -14
1472 21.62999916 -22.60000038 -14
1473 24.03000069 -20.20000076 -14
1474 8.879859924 -27.27946091 -14
1475 8.430000305 -25 -14
1476 10.23178005 -29.28660011 -14
1477 12.2493 -30.58967972 -14
1478 14.43000031 -31 -14
1479 8.840319633 -22.8192997 -14
1480 12.15054035 -19.44985962 -14
1481 10.14340019 -20.8017807 -14
1482 14.43000031 -19 -14
1483 16.7094593 -30.55014038 -14
1484 18.71660042 -29.1982193 -14
1485 20.01968002 -27.1807003 -14
1486 20.43000031 -25 -14
1487 16.61070061 -19.41032028 -14
1488 18.6282196 -20.71339989 -14
1489 19.98014069 -22.72053909 -14
1490 7.230000019 -27.39999962 -20
1491 4.829999924 -27.39999962 -20
1492 4.829999924 -29.79999924 -20
1493 7.230000019 -29.79999924 -20
1494 7.230000019 -25 -20
1495 4.829999924 -25 -20
1496 7.230000019 -22.60000038 -20
1497 4.829999924 -22.60000038 -20
1498 7.230000019 -20.20000076 -20
1499 4.829999924 -20.20000076 -20
1500 9.630000114 -29.79999924 -20
1501 7.230000019 -32.20000076 -20
1502 9.630000114 -32.20000076 -20
1503 9.630000114 -27.39999962 -20
1504 9.630000114 -25 -20
1505 9.630000114 -22.60000038 -20
1506 9.630000114 -20.20000076 -20
1507 9.630000114 -17.79999924 -20
1508 7.230000019 -17.79999924 -20
1509 12.02999973 -32.20000076 -20
1510 9.630000114 -34.59999847 -20
1511 12.02999973 -34.59999847 -20
1512 12.02999973 -29.79999924 -20
1513 12.02999973 -27.39999962 -20
1514 12.02999973 -25 -20
1515 12.02999973 -22.60000038 -20
1516 12.02999973 -20.20000076 -20
1517 12.02999973 -17.79999924 -20
1518 12.02999973 -15.39999962 -20
1519 9.630000114 -15.39999962 -20
1520 14.43000031 -32.20000076 -20
1521 14.43000031 -34.59999847 -20
1522 14.43000031 -29.79999924 -20
1523 14.43000031 -27.39999962 -20
1524 14.43000031 -25 -20
1525 14.43000031 -22.60000038 -20
1526 14.43000031 -20.20000076 -20
1527 14.43000031 -17.79999924 -20
1528 14.43000031 -15.39999962 -20
1529 16.82999992 -32.20000076 -20
1530 16.82999992 -34.59999847 -20
1531 16.82999992 -29.79999924 -20
1532 16.82999992 -27.39999962 -20
1533 16.82999992 -25 -20
1534 16.82999992 -22.60000038 -20
1535 16.82999992 -20.20000076 -20
1536 16.82999992 -17.79999924 -20
1537 16.82999992 -15.39999962 -20
1538 19.22999954 -32.20000076 -20
1539 19.22999954 -34.59999847 -20
1540 19.22999954 -29.79999924 -20
1541 19.22999954 -27.39999962 -20
1542 19.22999954 -25 -20
1543 19.22999954 -22.60000038 -20
1544 19.22999954 -20.20000076 -20
1545 19.22999954 -17.79999924 -20
1546 19.22999954 -15.39999962 -20
1547 21.62999916 -29.79999924 -20
1548 21.62999916 -32.20000076 -20
1549 21.62999916 -27.39999962 -20
1550 21.62999916 -25 -20
1551 21.62999916 -22.60000038 -20
1552 21.62999916 -20.20000076 -20
1553 21.62999916 -17.79999924 -20
1554 24.03000069 -27.39999962 -20
1555 24.03000069 -29.79999924 -20
1556 24.03000069 -25 -20
1557 24.03000069 -22.60000038 -20
1558 24.03000069 -20.20000076 -20
1559 19.98014069 -22.72053909 5.5
1560 20.43000031 -25 5.5
1561 20.43000031 -25 8.75
1562 19.98014069 -22.72053909 8.75
1563 19.98014069 -22.72053909 2.25
1564 20.43000031 -25 2.25
1565 19.98014069 -22.72053909 -1
1566 20.43000031 -25 -1
1567 19.98014069 -22.72053909 -4.25
1568 20.43000031 -25 -4.25
1569 19.98014069 -22.72053909 -7.5
1570 20.43000031 -25 -7.5
1571 19.98014069 -22.72053909 -10.75
1572 20.43000031 -25 -10.75
1573 18.6282196 -20.71339989 5.5
1574 18.6282196 -20.71339989 8.75
1575 18.6282196 -20.71339989 2.25
1576 18.6282196 -20.71339989 -1
1577 18.6282196 -20.71339989 -4.25
1578 18.6282196 -20.71339989 -7.5
1579 18.6282196 -20.71339989 -10.75
1580 16.61070061 -19.41032028 5.5
1581 16.61070061 -19.41032028 8.75
1582 16.61070061 -19.41032028 2.25
1583 16.61070061 -19.41032028 -1
1584 16.61070061 -19.41032028 -4.25
1585 16.61070061 -19.41032028 -7.5
1586 16.61070061 -19.41032028 -10.75
1587 14.43000031 -19 5.5
1588 14.43000031 -19 8.75
1589 14.43000031 -19 2.25
1590 14.43000031 -19 -1
1591 14.43000031 -19 -4.25
1592 14.43000031 -19 -7.5
1593 14.43000031 -19 -10.75
1594 12.15054035 -19.44985962 5.5
1595 12.15054035 -19.44985962 8.75
1596 12.15054035 -19.44985962 2.25
1597 12.15054035 -19.44985962 -1
1598 12.15054035 -19.44985962 -4.25
1599 12.15054035 -19.44985962 -7.5
1600 12.15054035 -19.44985962 -10.75
1601 10.14340019 -20.8017807 5.5
1602 10.14340019 -20.8017807 8.75
1603 10.14340019 -20.8017807 2.25
1604 10.14340019 -20.8017807 -1
1605 10.14340019 -20.8017807 -4.25
1606 10.14340019 -20.8017807 -7.5
1607 10.14340019 -20.8017807 -10.75
1608 8.840319633 -22.8192997 5.5
1609 8.840319633 -22.8192997 8.75
1610 8.840319633 -22.8192997 2.25
1611 8.840319633 -22.8192997 -1
1612 8.840319633 -22.8192997 -4.25
1613 8.840319633 -22.8192997 -7.5
1614 8.840319633 -22.8192997 -10.75
1615 8.430000305 -25 5.5
1616 8.430000305 -25 8.75
1617 8.430000305 -25 2.25
1618 8.430000305 -25 -1
1619 8.430000305 -25 -4.25
1620 8.430000305 -25 -7.5
1621 8.430000305 -25 -10.75
1622 8.879859924 -27.27946091 5.5
1623 8.879859924 -27.27946091 8.75
1624 8.879859924 -27.27946091 2.25
1625 8.879859924 -27.27946091 -1
1626 8.879859924 -27.27946091 -4.25
1627 8.879859924 -27.27946091 -7.5
1628 8.879859924 -27.27946091 -10.75
1629 10.23178005 -29.28660011 5.5
1630 10.23178005 -29.28660011 8.75
1631 10.23178005 -29.28660011 2.25
1632 10.23178005 -29.28660011 -1
1633 10.23178005 -29.28660011 -4.25
1634 10.23178005 -29.28660011 -7.5
1635 10.23178005 -29.28660011 -10.75
1636 12.2493 -30.58967972 5.5
1637 12.2493 -30.58967972 8.75
1638 12.2493 -30.58967972 2.25
1639 12.2493 -30.58967972 -1
1640 12.2493 -30.58967972 -4.25
1641 12.2493 -30.58967972 -7.5
1642 12.2493 -30.58967972 -10.75
1643 14.43000031 -31 5.5
1644 14.43000031 -31 8.75
1645 14.43000031 -31 2.25
1646 14.43000031 -31 -1
1647 14.43000031 -31 -4.25
1648 14.43000031 -31 -7.5
1649 14.43000031 -31 -10.75
1650 16.7094593 -30.55014038 5.5
1651 16.7094593 -30.55014038 8.75
1652 16.7094593 -30.55014038 2.25
1653 16.7094593 -30.55014038 -1
1654 16.7094593 -30.55014038 -4.25
1655 16.7094593 -30.55014038 -7.5
1656 16.7094593 -30.55014038 -10.75
1657 18.71660042 -29.1982193 5.5
1658 18.71660042 -29.1982193 8.75
1659 18.71660042 -29.1982193 2.25
1660 18.71660042 -29.1982193 -1
1661 18.71660042 -29.1982193 -4.25
1662 18.71660042 -29.1982193 -7.5
1663 18.71660042 -29.1982193 -10.75
1664 20.01968002 -27.1807003 5.5
1665 20.01968002 -27.1807003 8.75
1666 20.01968002 -27.1807003 2.25
1667 20.01968002 -27.1807003 -1
1668 20.01968002 -27.1807003 -4.25
1669 20.01968002 -27.1807003 -7.5
1670 20.01968002 -27.1807003 -10.75
1671 19.98014069 -22.72053909 12
1672 20.43000031 -25 12
1673 16.61070061 -19.41032028 12
1674 18.6282196 -20.71339989 12
1675 14.43000031 -19 12
1676 12.15054035 -19.44985962 12
1677 8.840319633 -22.8192997 12
1678 10.14340019 -20.8017807 12
1679 8.430000305 -25 12
1680 8.879859924 -27.27946091 12
1681 10.23178005 -29.28660011 12
1682 12.2493 -30.58967972 12
1683 14.43000031 -31 12
1684 18.71660042 -29.1982193 12
1685 16.7094593 -30.55014038 12
1686 20.01968002 -27.1807003 12
1687 10.82999992 -26.20000076 12
1688 10.82999992 -27.39999962 12
1689 9.630000114 -27.39999962 12
1690 9.630000114 -26.20000076 12
1691 10.82999992 -25 12
1692 9.630000114 -25 12
1693 10.82999992 -23.79999924 12
1694 9.630000114 -23.79999924 12
1695 10.82999992 -22.60000038 12
1696 9.630000114 -22.60000038 12
1697 12.02999973 -27.39999962 12
1698 12.02999973 -28.60000038 12
1699 10.82999992 -28.60000038 12
1700 12.02999973 -26.20000076 12
1701 12.02999973 -25 12
1702 12.02999973 -23.79999924 12
1703 12.02999973 -22.60000038 12
1704 12.02999973 -21.39999962 12
1705 10.82999992 -21.39999962 12
1706 13.22999954 -28.60000038 12
1707 13.22999954 -29.79999924 12
1708 12.02999973 -29.79999924 12
1709 13.22999954 -27.39999962 12
1710 13.22999954 -26.20000076 12
1711 13.22999954 -25 12
1712 13.22999954 -23.79999924 12
1713 13.22999954 -22.60000038 12
1714 13.22999954 -21.39999962 12
1715 13.22999954 -20.20000076 12
1716 12.02999973 -20.20000076 12
1717 14.43000031 -28.60000038 12
1718 14.43000031 -29.79999924 12
1719 14.43000031 -27.39999962 12
1720 14.43000031 -26.20000076 12
1721 14.43000031 -25 12
1722 14.43000031 -23.79999924 12
1723 14.43000031 -22.60000038 12
1724 14.43000031 -21.39999962 12
1725 14.43000031 -20.20000076 12
1726 15.63000011 -28.60000038 12
1727 15.63000011 -29.79999924 12
1728 15.63000011 -27.39999962 12
1729 15.63000011 -26.20000076 12
1730 15.63000011 -25 12
1731 15.63000011 -23.79999924 12
1732 15.63000011 -22.60000038 12
1733 15.63000011 -21.39999962 12
1734 15.63000011 -20.20000076 12
1735 16.82999992 -28.60000038 12
1736 16.82999992 -29.79999924 12
1737 16.82999992 -27.39999962 12
1738 16.82999992 -26.20000076 12
1739 16.82999992 -25 12
1740 16.82999992 -23.79999924 12
1741 16.82999992 -22.60000038 12
1742 16.82999992 -21.39999962 12
1743 16.82999992 -20.20000076 12
1744 18.03000069 -27.39999962 12
1745 18.03000069 -28.60000038 12
1746 18.03000069 -26.20000076 12
1747 18.03000069 -25 12
1748 18.03000069 -23.79999924 12
1749 18.03000069 -22.60000038 12
1750 18.03000069 -21.39999962 12
1751 19.22999954 -26.20000076 12
1752 19.22999954 -27.39999962 12
1753 19.22999954 -25 12
1754 19.22999954 -23.79999924 12
1755 19.22999954 -22.60000038 12
1756 2.321429968 -0.8125 10
1757 -2.321429968 -0.8125 10
1758 1.392860055 -0.8125 10
1759 0.464289993 -0.8125 10
1760 -0.464289993 -0.8125 10
1761 -1.392860055 -0.8125 10
1762 3.027750015 -1.181210041 10
1763 2.321429968 -1.625 10
1764 2.321909904 -2.274039984 10
1765 1.392860055 -1.625 10
1766 1.234709978 -3.006330013 10
1767 1.392860055 -2.4375 10
1768 0 -3.25 10
1769 0.464289993 -2.4375 10
1770 -0.464289993 -2.4375 10
1771 -1.181210041 -3.027750015 10
1772 -2.274039984 -2.321909904 10
1773 -1.392860055 -2.4375 10
1774 -1.392860055 -1.625 10
1775 -2.321429968 -1.625 10
1776 -3.006330013 -1.234709978 10
1777 0.464289993 -1.625 10
1778 -0.464289993 -1.625 10
$EndNodes
$Elements
4276
1 2 2 1 1 1 2 3
2 2 2 1 1 1 3 3
3 2 2 1 1 4 5 6
4 2 2 1 1 4 6 6
5 2 2 1 1 3 7 8
6 2 2 1 1 3 8 1
7 2 2 1 1 7 9 10
8 2 2 1 1 7 10 8
9 2 2 1 1 9 11 12
10 2 2 1 1 9 12 10
11 2 2 1 1 11 13 14
12 2 2 1 1 11 14 12
13 2 2 1 1 13 6 5
14 2 2 1 1 13 5 14
15 2 2 1 1 15 2 16
16 2 2 1 1 15 16 17
17 2 2 1 1 18 19 4
18 2 2 1 1 18 4 20
19 2 2 1 1 15 17 21
20 2 2 1 1 15 21 22
21 2 2 1 1 22 21 23
22 2 2 1 1 22 23 24
23 2 2 1 1 24 23 25
24 2 2 1 1 24 25 26
25 2 2 1 1 26 25 27
26 2 2 1 1 26 27 28
27 2 2 1 1 28 27 29
28 2 2 1 1 28 29 30
29 2 2 1 1 30 29 31
30 2 2 1 1 30 31 32
31 2 2 1 1 32 31 33
32 2 2 1 1 32 33 34
33 2 2 1 1 34 33 35
34 2 2 1 1 34 35 36
35 2 2 1 1 36 35 37
36 2 2 1 1 36 37 38
37 2 2 1 1 38 37 39
38 2 2 1 1 38 39 40
39 2 2 1 1 40 39 41
40 2 2 1 1 40 41 42
41 2 2 1 1 42 41 43
42 2 2 1 1 42 43 44
43 2 2 1 1 44 43 45
44 2 2 1 1 44 45 46
45 2 2 1 1 46 45 47
46 2 2 1 1 46 47 48
47 2 2 1 1 48 47 49
48 2 2 1 1 48 49 50
49 2 2 1 1 50 49 51
50 2 2 1 1 50 51 52
51 2 2 1 1 18 20 53
52 2 2 1 1 18 53 54
53 2 2 1 1 54 53 55
54 2 2 1 1 54 55 56
55 2 2 1 1 56 55 57
56 2 2 1 1 56 57 58
57 2 2 1 1 58 57 59
58 2 2 1 1 58 59 60
59 2 2 1 1 60 59 61
60 2 2 1 1 60 61 62
61 2 2 1 1 62 61 63
62 2 2 1 1 62 63 64
63 2 2 1 1 64 63 65
64 2 2 1 1 64 65 66
65 2 2 1 1 66 65 67
66 2 2 1 1 66 67 68
67 2 2 1 1 68 67 69
68 2 2 1 1 68 69 70
69 2 2 1 1 70 69 71
70 2 2 1 1 70 71 72
71 2 2 1 1 72 71 73
72 2 2 1 1 72 73 74
73 2 2 1 1 74 73 75
74 2 2 1 1 74 75 76
75 2 2 1 1 76 75 77
76 2 2 1 1 76 77 78
77 2 2 1 1 78 77 79
78 2 2 1 1 78 79 80
79 2 2 1 1 80 79 81
80 2 2 1 1 80 81 82
81 2 2 1 1 82 81 83
82 2 2 1 1 82 83 84
83 2 2 1 1 1 16 2
84 2 2 1 1 1 2 2
85 2 2 1 1 1 85 16
86 2 2 1 1 1 16 16
87 2 2 1 1 85 86 87
88 2 2 1 1 85 87 87
89 2 2 1 1 87 16 85
90 2 2 1 1 87 85 85
91 2 2 1 1 87 88 89
92 2 2 1 1 87 89 89
93 2 2 1 1 88 87 86
94 2 2 1 1 88 86 86
95 2 2 1 1 90 91 89
96 2 2 1 1 90 89 89
97 2 2 1 1 89 88 90
98 2 2 1 1 89 90 90
99 2 2 1 1 91 90 92
100 2 2 1 1 91 92 92
101 2 2 1 1 93 94 95
102 2 2 1 1 93 95 95
103 2 2 1 1 96 94 93
104 2 2 1 1 96 93 93
105 2 2 1 1 93 95 92
106 2 2 1 1 93 92 92
107 2 2 1 1 91 92 95
108 2 2 1 1 91 95 95
109 2 2 1 1 94 96 97
110 2 2 1 1 94 97 97
111 2 2 1 1 19 97 5
112 2 2 1 1 19 5 5
113 2 2 1 1 5 4 19
114 2 2 1 1 5 19 19
115 2 2 1 1 97 19 94
116 2 2 1 1 97 94 94
117 2 2 1 1 1 8 86
118 2 2 1 1 1 86 85
119 2 2 1 1 8 10 98
120 2 2 1 1 8 98 86
121 2 2 1 1 86 98 90
122 2 2 1 1 86 90 88
123 2 2 1 1 10 12 99
124 2 2 1 1 10 99 98
125 2 2 1 1 98 99 92
126 2 2 1 1 98 92 90
127 2 2 1 1 12 14 96
128 2 2 1 1 12 96 99
129 2 2 1 1 99 96 93
130 2 2 1 1 99 93 92
131 2 2 1 1 14 5 97
132 2 2 1 1 14 97 96
133 2 2 1 1 100 89 91
134 2 2 1 1 100 91 101
135 2 2 1 1 17 16 87
136 2 2 1 1 17 87 102
137 2 2 1 1 102 87 89
138 2 2 1 1 102 89 100
139 2 2 1 1 103 95 94
140 2 2 1 1 103 94 104
141 2 2 1 1 95 103 101
142 2 2 1 1 95 101 91
143 2 2 1 1 104 94 19
144 2 2 1 1 104 19 18
145 2 2 1 1 17 102 105
146 2 2 1 1 17 105 21
147 2 2 1 1 21 105 106
148 2 2 1 1 21 106 23
149 2 2 1 1 23 106 107
150 2 2 1 1 23 107 25
151 2 2 1 1 25 107 108
152 2 2 1 1 25 108 27
153 2 2 1 1 27 108 109
154 2 2 1 1 27 109 29
155 2 2 1 1 29 109 110
156 2 2 1 1 29 110 31
157 2 2 1 1 31 110 111
158 2 2 1 1 31 111 33
159 2 2 1 1 33 111 112
160 2 2 1 1 33 112 35
161 2 2 1 1 35 112 113
162 2 2 1 1 35 113 37
163 2 2 1 1 37 113 114
164 2 2 1 1 37 114 39
165 2 2 1 1 39 114 115
166 2 2 1 1 39 115 41
167 2 2 1 1 41 115 116
168 2 2 1 1 41 116 43
169 2 2 1 1 43 116 117
170 2 2 1 1 43 117 45
171 2 2 1 1 45 117 118
172 2 2 1 1 45 118 47
173 2 2 1 1 47 118 119
174 2 2 1 1 47 119 49
175 2 2 1 1 49 119 120
176 2 2 1 1 49 120 51
177 2 2 1 1 102 100 121
178 2 2 1 1 102 121 105
179 2 2 1 1 105 121 122
180 2 2 1 1 105 122 106
181 2 2 1 1 106 122 123
182 2 2 1 1 106 123 107
183 2 2 1 1 107 123 124
184 2 2 1 1 107 124 108
185 2 2 1 1 108 124 125
186 2 2 1 1 108 125 109
187 2 2 1 1 109 125 126
188 2 2 1 1 109 126 110
189 2 2 1 1 110 126 127
190 2 2 1 1 110 127 111
191 2 2 1 1 111 127 128
192 2 2 1 1 111 128 112
193 2 2 1 1 112 128 129
194 2 2 1 1 112 129 113
195 2 2 1 1 113 129 130
196 2 2 1 1 113 130 114
197 2 2 1 1 114 130 131
198 2 2 1 1 114 131 115
199 2 2 1 1 115 131 132
200 2 2 1 1 115 132 116
201 2 2 1 1 116 132 133
202 2 2 1 1 116 133 117
203 2 2 1 1 117 133 134
204 2 2 1 1 117 134 118
205 2 2 1 1 118 134 135
206 2 2 1 1 118 135 119
207 2 2 1 1 119 135 136
208 2 2 1 1 119 136 120
209 2 2 1 1 100 101 137
210 2 2 1 1 100 137 121
211 2 2 1 1 121 137 138
212 2 2 1 1 121 138 122
213 2 2 1 1 122 138 139
214 2 2 1 1 122 139 123
215 2 2 1 1 123 139 140
216 2 2 1 1 123 140 124
217 2 2 1 1 124 140 141
218 2 2 1 1 124 141 125
219 2 2 1 1 125 141 142
220 2 2 1 1 125 142 126
221 2 2 1 1 126 142 143
222 2 2 1 1 126 143 127
223 2 2 1 1 127 143 144
224 2 2 1 1 127 144 128
225 2 2 1 1 128 144 145
226 2 2 1 1 128 145 129
227 2 2 1 1 129 145 146
228 2 2 1 1 129 146 130
229 2 2 1 1 130 146 147
230 2 2 1 1 130 147 131
231 2 2 1 1 131 147 148
232 2 2 1 1 131 148 132
233 2 2 1 1 132 148 149
234 2 2 1 1 132 149 133
235 2 2 1 1 133 149 150
236 2 2 1 1 133 150 134
237 2 2 1 1 134 150 151
238 2 2 1 1 134 151 135
239 2 2 1 1 135 151 152
240 2 2 1 1 135 152 136
241 2 2 1 1 101 103 153
242 2 2 1 1 101 153 137
243 2 2 1 1 137 153 154
244 2 2 1 1 137 154 138
245 2 2 1 1 138 154 155
246 2 2 1 1 138 155 139
247 2 2 1 1 139 155 156
248 2 2 1 1 139 156 140
249 2 2 1 1 140 156 157
250 2 2 1 1 140 157 141
251 2 2 1 1 141 157 158
252 2 2 1 1 141 158 142
253 2 2 1 1 142 158 159
254 2 2 1 1 142 159 143
255 2 2 1 1 143 159 160
256 2 2 1 1 143 160 144
257 2 2 1 1 144 160 161
258 2 2 1 1 144 161 145
259 2 2 1 1 145 161 162
260 2 2 1 1 145 162 146
261 2 2 1 1 146 162 163
262 2 2 1 1 146 163 147
263 2 2 1 1 147 163 164
264 2 2 1 1 147 164 148
265 2 2 1 1 148 164 165
266 2 2 1 1 148 165 149
267 2 2 1 1 149 165 166
268 2 2 1 1 149 166 150
269 2 2 1 1 150 166 167
270 2 2 1 1 150 167 151
271 2 2 1 1 151 167 168
272 2 2 1 1 151 168 152
273 2 2 1 1 103 104 169
274 2 2 1 1 103 169 153
275 2 2 1 1 153 169 170
276 2 2 1 1 153 170 154
277 2 2 1 1 154 170 171
278 2 2 1 1 154 171 155
279 2 2 1 1 155 171 172
280 2 2 1 1 155 172 156
281 2 2 1 1 156 172 173
282 2 2 1 1 156 173 157
283 2 2 1 1 157 173 174
284 2 2 1 1 157 174 158
285 2 2 1 1 158 174 175
286 2 2 1 1 158 175 159
287 2 2 1 1 159 175 176
288 2 2 1 1 159 176 160
289 2 2 1 1 160 176 177
290 2 2 1 1 160 177 161
291 2 2 1 1 161 177 178
292 2 2 1 1 161 178 162
293 2 2 1 1 162 178 179
294 2 2 1 1 162 179 163
295 2 2 1 1 163 179 180
296 2 2 1 1 163 180 164
297 2 2 1 1 164 180 181
298 2 2 1 1 164 181 165
299 2 2 1 1 165 181 182
300 2 2 1 1 165 182 166
301 2 2 1 1 166 182 183
302 2 2 1 1 166 183 167
303 2 2 1 1 167 183 184
304 2 2 1 1 167 184 168
305 2 2 1 1 104 18 54
306 2 2 1 1 104 54 169
307 2 2 1 1 169 54 56
308 2 2 1 1 169 56 170
309 2 2 1 1 170 56 58
310 2 2 1 1 170 58 171
311 2 2 1 1 171 58 60
312 2 2 1 1 171 60 172
313 2 2 1 1 172 60 62
314 2 2 1 1 172 62 173
315 2 2 1 1 173 62 64
316 2 2 1 1 173 64 174
317 2 2 1 1 174 64 66
318 2 2 1 1 174 66 175
319 2 2 1 1 175 66 68
320 2 2 1 1 175 68 176
321 2 2 1 1 176 68 70
322 2 2 1 1 176 70 177
323 2 2 1 1 177 70 72
324 2 2 1 1 177 72 178
325 2 2 1 1 178 72 74
326 2 2 1 1 178 74 179
327 2 2 1 1 179 74 76
328 2 2 1 1 179 76 180
329 2 2 1 1 180 76 78
330 2 2 1 1 180 78 181
331 2 2 1 1 181 78 80
332 2 2 1 1 181 80 182
333 2 2 1 1 182 80 82
334 2 2 1 1 182 82 183
335 2 2 1 1 183 82 84
336 2 2 1 1 183 84 184
337 2 2 1 1 185 186 187
338 2 2 1 1 185 187 187
339 2 2 1 1 188 189 190
340 2 2 1 1 188 190 190
341 2 2 1 1 186 185 191
342 2 2 1 1 186 191 192
343 2 2 1 1 192 191 193
344 2 2 1 1 192 193 194
345 2 2 1 1 194 193 195
346 2 2 1 1 194 195 196
347 2 2 1 1 196 195 197
348 2 2 1 1 196 197 198
349 2 2 1 1 198 197 199
350 2 2 1 1 198 199 200
351 2 2 1 1 200 199 201
352 2 2 1 1 200 201 202
353 2 2 1 1 202 201 203
354 2 2 1 1 202 203 204
355 2 2 1 1 204 203 189
356 2 2 1 1 204 189 188
357 2 2 1 1 205 206 207
358 2 2 1 1 205 207 208
359 2 2 1 1 209 210 211
360 2 2 1 1 209 211 212
361 2 2 1 1 187 213 214
362 2 2 1 1 187 214 215
363 2 2 1 1 216 190 217
364 2 2 1 1 216 217 218
365 2 2 1 1 205 208 219
366 2 2 1 1 205 219 220
367 2 2 1 1 220 219 221
368 2 2 1 1 220 221 222
369 2 2 1 1 222 221 223
370 2 2 1 1 222 223 224
371 2 2 1 1 224 223 225
372 2 2 1 1 224 225 226
373 2 2 1 1 226 225 227
374 2 2 1 1 226 227 228
375 2 2 1 1 228 227 214
376 2 2 1 1 228 214 213
377 2 2 1 1 209 212 229
378 2 2 1 1 209 229 230
379 2 2 1 1 230 229 231
380 2 2 1 1 230 231 232
381 2 2 1 1 232 231 233
382 2 2 1 1 232 233 234
383 2 2 1 1 234 233 235
384 2 2 1 1 234 235 236
385 2 2 1 1 236 235 237
386 2 2 1 1 236 237 238
387 2 2 1 1 238 237 216
388 2 2 1 1 238 216 218
389 2 2 1 1 239 240 241
390 2 2 1 1 239 241 241
391 2 2 1 1 242 243 244
392 2 2 1 1 242 244 244
393 2 2 1 1 241 245 246
394 2 2 1 1 241 246 247
395 2 2 1 1 245 248 249
396 2 2 1 1 245 249 246
397 2 2 1 1 248 250 251
398 2 2 1 1 248 251 249
399 2 2 1 1 250 252 253
400 2 2 1 1 250 253 251
401 2 2 1 1 252 254 255
402 2 2 1 1 252 255 253
403 2 2 1 1 254 256 257
404 2 2 1 1 254 257 255
405 2 2 1 1 256 258 259
406 2 2 1 1 256 259 257
407 2 2 1 1 258 243 260
408 2 2 1 1 258 260 259
409 2 2 1 1 261 262 263
410 2 2 1 1 261 263 263
411 2 2 1 1 264 206 265
412 2 2 1 1 264 265 265
413 2 2 1 1 266 211 267
414 2 2 1 1 266 267 267
415 2 2 1 1 268 269 270
416 2 2 1 1 268 270 270
417 2 2 1 1 261 271 264
418 2 2 1 1 261 264 265
419 2 2 1 1 266 267 272
420 2 2 1 1 266 272 268
421 2 2 1 1 273 240 239
422 2 2 1 1 273 239 274
423 2 2 1 1 275 242 244
424 2 2 1 1 275 244 276
425 2 2 1 1 262 277 278
426 2 2 1 1 262 278 263
427 2 2 1 1 279 270 269
428 2 2 1 1 279 269 280
429 2 2 1 1 273 274 278
430 2 2 1 1 273 278 277
431 2 2 1 1 275 276 279
432 2 2 1 1 275 279 280
433 2 2 1 1 281 282 283
434 2 2 1 1 281 283 283
435 2 2 1 1 187 215 185
436 2 2 1 1 187 185 185
437 2 2 1 1 282 185 215
438 2 2 1 1 282 215 215
439 2 2 1 1 283 282 215
440 2 2 1 1 283 215 215
441 2 2 1 1 284 283 285
442 2 2 1 1 284 285 285
443 2 2 1 1 286 282 281
444 2 2 1 1 286 281 281
445 2 2 1 1 281 284 287
446 2 2 1 1 281 287 287
447 2 2 1 1 281 283 284
448 2 2 1 1 281 284 284
449 2 2 1 1 285 288 289
450 2 2 1 1 285 289 289
451 2 2 1 1 289 284 285
452 2 2 1 1 289 285 285
453 2 2 1 1 290 291 292
454 2 2 1 1 290 292 292
455 2 2 1 1 288 293 289
456 2 2 1 1 288 289 289
457 2 2 1 1 293 288 294
458 2 2 1 1 293 294 294
459 2 2 1 1 294 288 295
460 2 2 1 1 294 295 295
461 2 2 1 1 295 296 290
462 2 2 1 1 295 290 290
463 2 2 1 1 294 295 290
464 2 2 1 1 294 290 290
465 2 2 1 1 217 190 189
466 2 2 1 1 217 189 189
467 2 2 1 1 297 217 189
468 2 2 1 1 297 189 189
469 2 2 1 1 297 298 291
470 2 2 1 1 297 291 291
471 2 2 1 1 291 290 296
472 2 2 1 1 291 296 296
473 2 2 1 1 296 217 297
474 2 2 1 1 296 297 297
475 2 2 1 1 297 291 296
476 2 2 1 1 297 296 296
477 2 2 1 1 185 282 286
478 2 2 1 1 185 286 191
479 2 2 1 1 191 286 299
480 2 2 1 1 191 299 193
481 2 2 1 1 286 281 287
482 2 2 1 1 286 287 299
483 2 2 1 1 193 299 300
484 2 2 1 1 193 300 195
485 2 2 1 1 299 287 301
486 2 2 1 1 299 301 300
487 2 2 1 1 287 284 289
488 2 2 1 1 287 289 301
489 2 2 1 1 195 300 302
490 2 2 1 1 195 302 197
491 2 2 1 1 300 301 303
492 2 2 1 1 300 303 302
493 2 2 1 1 301 289 293
494 2 2 1 1 301 293 303
495 2 2 1 1 197 302 304
496 2 2 1 1 197 304 199
497 2 2 1 1 302 303 305
498 2 2 1 1 302 305 304
499 2 2 1 1 303 293 294
500 2 2 1 1 303 294 305
501 2 2 1 1 199 304 306
502 2 2 1 1 199 306 201
503 2 2 1 1 304 305 292
504 2 2 1 1 304 292 306
505 2 2 1 1 305 294 290
506 2 2 1 1 305 290 292
507 2 2 1 1 201 306 298
508 2 2 1 1 201 298 203
509 2 2 1 1 306 292 291
510 2 2 1 1 306 291 298
511 2 2 1 1 203 298 297
512 2 2 1 1 203 297 189
513 2 2 1 1 307 308 309
514 2 2 1 1 307 309 310
515 2 2 1 1 208 207 311
516 2 2 1 1 208 311 312
517 2 2 1 1 312 311 308
518 2 2 1 1 312 308 307
519 2 2 1 1 313 314 315
520 2 2 1 1 313 315 316
521 2 2 1 1 314 313 310
522 2 2 1 1 314 310 309
523 2 2 1 1 316 315 210
524 2 2 1 1 316 210 209
525 2 2 1 1 285 317 318
526 2 2 1 1 285 318 288
527 2 2 1 1 215 214 319
528 2 2 1 1 215 319 283
529 2 2 1 1 283 319 317
530 2 2 1 1 283 317 285
531 2 2 1 1 295 320 321
532 2 2 1 1 295 321 296
533 2 2 1 1 320 295 288
534 2 2 1 1 320 288 318
535 2 2 1 1 296 321 218
536 2 2 1 1 296 218 217
537 2 2 1 1 208 312 322
538 2 2 1 1 208 322 219
539 2 2 1 1 219 322 323
540 2 2 1 1 219 323 221
541 2 2 1 1 221 323 324
542 2 2 1 1 221 324 223
543 2 2 1 1 223 324 325
544 2 2 1 1 223 325 225
545 2 2 1 1 225 325 326
546 2 2 1 1 225 326 227
547 2 2 1 1 227 326 319
548 2 2 1 1 227 319 214
549 2 2 1 1 312 307 327
550 2 2 1 1 312 327 322
551 2 2 1 1 322 327 328
552 2 2 1 1 322 328 323
553 2 2 1 1 323 328 329
554 2 2 1 1 323 329 324
555 2 2 1 1 324 329 330
556 2 2 1 1 324 330 325
557 2 2 1 1 325 330 331
558 2 2 1 1 325 331 326
559 2 2 1 1 326 331 317
560 2 2 1 1 326 317 319
561 2 2 1 1 307 310 332
562 2 2 1 1 307 332 327
563 2 2 1 1 327 332 333
564 2 2 1 1 327 333 328
565 2 2 1 1 328 333 334
566 2 2 1 1 328 334 329
567 2 2 1 1 329 334 335
568 2 2 1 1 329 335 330
569 2 2 1 1 330 335 336
570 2 2 1 1 330 336 331
571 2 2 1 1 331 336 318
572 2 2 1 1 331 318 317
573 2 2 1 1 310 313 337
574 2 2 1 1 310 337 332
575 2 2 1 1 332 337 338
576 2 2 1 1 332 338 333
577 2 2 1 1 333 338 339
578 2 2 1 1 333 339 334
579 2 2 1 1 334 339 340
580 2 2 1 1 334 340 335
581 2 2 1 1 335 340 341
582 2 2 1 1 335 341 336
583 2 2 1 1 336 341 320
584 2 2 1 1 336 320 318
585 2 2 1 1 313 316 342
586 2 2 1 1 313 342 337
587 2 2 1 1 337 342 343
588 2 2 1 1 337 343 338
589 2 2 1 1 338 343 344
590 2 2 1 1 338 344 339
591 2 2 1 1 339 344 345
592 2 2 1 1 339 345 340
593 2 2 1 1 340 345 346
594 2 2 1 1 340 346 341
595 2 2 1 1 341 346 321
596 2 2 1 1 341 321 320
597 2 2 1 1 316 209 230
598 2 2 1 1 316 230 342
599 2 2 1 1 342 230 232
600 2 2 1 1 342 232 343
601 2 2 1 1 343 232 234
602 2 2 1 1 343 234 344
603 2 2 1 1 344 234 236
604 2 2 1 1 344 236 345
605 2 2 1 1 345 236 238
606 2 2 1 1 345 238 346
607 2 2 1 1 346 238 218
608 2 2 1 1 346 218 321
609 2 2 1 1 347 348 349
610 2 2 1 1 347 349 349
611 2 2 1 1 350 351 352
612 2 2 1 1 350 352 352
613 2 2 1 1 353 354 247
614 2 2 1 1 353 247 247
615 2 2 1 1 239 247 354
616 2 2 1 1 239 354 354
617 2 2 1 1 247 239 241
618 2 2 1 1 247 241 241
619 2 2 1 1 351 355 353
620 2 2 1 1 351 353 353
621 2 2 1 1 355 354 353
622 2 2 1 1 355 353 353
623 2 2 1 1 351 350 355
624 2 2 1 1 351 355 355
625 2 2 1 1 356 352 357
626 2 2 1 1 356 357 357
627 2 2 1 1 357 352 351
628 2 2 1 1 357 351 351
629 2 2 1 1 351 353 358
630 2 2 1 1 351 358 358
631 2 2 1 1 357 351 359
632 2 2 1 1 357 359 359
633 2 2 1 1 360 356 357
634 2 2 1 1 360 357 357
635 2 2 1 1 360 357 349
636 2 2 1 1 360 349 349
637 2 2 1 1 348 360 349
638 2 2 1 1 348 349 349
639 2 2 1 1 361 362 363
640 2 2 1 1 361 363 363
641 2 2 1 1 348 347 364
642 2 2 1 1 348 364 364
643 2 2 1 1 365 366 367
644 2 2 1 1 365 367 367
645 2 2 1 1 366 364 347
646 2 2 1 1 366 347 347
647 2 2 1 1 361 363 367
648 2 2 1 1 361 367 367
649 2 2 1 1 365 364 366
650 2 2 1 1 365 366 366
651 2 2 1 1 368 365 367
652 2 2 1 1 368 367 367
653 2 2 1 1 363 368 367
654 2 2 1 1 363 367 367
655 2 2 1 1 260 243 242
656 2 2 1 1 260 242 242
657 2 2 1 1 369 370 260
658 2 2 1 1 369 260 260
659 2 2 1 1 369 260 242
660 2 2 1 1 369 242 242
661 2 2 1 1 362 371 370
662 2 2 1 1 362 370 370
663 2 2 1 1 372 363 362
664 2 2 1 1 372 362 362
665 2 2 1 1 362 373 372
666 2 2 1 1 362 372 372
667 2 2 1 1 373 362 370
668 2 2 1 1 373 370 370
669 2 2 1 1 370 369 373
670 2 2 1 1 370 373 373
671 2 2 1 1 247 246 358
672 2 2 1 1 247 358 353
673 2 2 1 1 246 249 374
674 2 2 1 1 246 374 358
675 2 2 1 1 358 374 359
676 2 2 1 1 358 359 351
677 2 2 1 1 249 251 375
678 2 2 1 1 249 375 374
679 2 2 1 1 374 375 376
680 2 2 1 1 374 376 359
681 2 2 1 1 359 376 349
682 2 2 1 1 359 349 357
683 2 2 1 1 251 253 377
684 2 2 1 1 251 377 375
685 2 2 1 1 375 377 378
686 2 2 1 1 375 378 376
687 2 2 1 1 376 378 347
688 2 2 1 1 376 347 349
689 2 2 1 1 253 255 379
690 2 2 1 1 253 379 377
691 2 2 1 1 377 379 380
692 2 2 1 1 377 380 378
693 2 2 1 1 378 380 366
694 2 2 1 1 378 366 347
695 2 2 1 1 255 257 381
696 2 2 1 1 255 381 379
697 2 2 1 1 379 381 361
698 2 2 1 1 379 361 380
699 2 2 1 1 380 361 367
700 2 2 1 1 380 367 366
701 2 2 1 1 257 259 371
702 2 2 1 1 257 371 381
703 2 2 1 1 381 371 362
704 2 2 1 1 381 362 361
705 2 2 1 1 259 260 370
706 2 2 1 1 259 370 371
707 2 2 1 1 382 383 384
708 2 2 1 1 382 384 384
709 2 2 1 1 385 207 264
710 2 2 1 1 385 264 264
711 2 2 1 1 386 271 387
712 2 2 1 1 386 387 387
713 2 2 1 1 263 387 271
714 2 2 1 1 263 271 271
715 2 2 1 1 271 261 263
716 2 2 1 1 271 263 263
717 2 2 1 1 388 389 390
718 2 2 1 1 388 390 390
719 2 2 1 1 386 387 388
720 2 2 1 1 386 388 388
721 2 2 1 1 388 390 386
722 2 2 1 1 388 386 386
723 2 2 1 1 389 391 390
724 2 2 1 1 389 390 390
725 2 2 1 1 391 392 390
726 2 2 1 1 391 390 390
727 2 2 1 1 385 386 390
728 2 2 1 1 385 390 390
729 2 2 1 1 393 392 391
730 2 2 1 1 393 391 391
731 2 2 1 1 207 206 264
732 2 2 1 1 207 264 264
733 2 2 1 1 207 394 311
734 2 2 1 1 207 311 311
735 2 2 1 1 385 394 207
736 2 2 1 1 385 207 207
737 2 2 1 1 394 395 308
738 2 2 1 1 394 308 308
739 2 2 1 1 395 396 308
740 2 2 1 1 395 308 308
741 2 2 1 1 311 394 308
742 2 2 1 1 311 308 308
743 2 2 1 1 397 384 392
744 2 2 1 1 397 392 392
745 2 2 1 1 395 390 392
746 2 2 1 1 395 392 392
747 2 2 1 1 397 392 393
748 2 2 1 1 397 393 393
749 2 2 1 1 396 309 308
750 2 2 1 1 396 308 308
751 2 2 1 1 384 397 382
752 2 2 1 1 384 382 382
753 2 2 1 1 309 396 398
754 2 2 1 1 309 398 398
755 2 2 1 1 309 398 399
756 2 2 1 1 309 399 399
757 2 2 1 1 399 314 309
758 2 2 1 1 399 309 309
759 2 2 1 1 400 210 315
760 2 2 1 1 400 315 315
761 2 2 1 1 400 314 401
762 2 2 1 1 400 401 401
763 2 2 1 1 314 399 401
764 2 2 1 1 314 401 401
765 2 2 1 1 315 314 400
766 2 2 1 1 315 400 400
767 2 2 1 1 383 382 402
768 2 2 1 1 383 402 402
769 2 2 1 1 402 403 404
770 2 2 1 1 402 404 404
771 2 2 1 1 404 383 402
772 2 2 1 1 404 402 402
773 2 2 1 1 405 406 401
774 2 2 1 1 405 401 401
775 2 2 1 1 404 403 405
776 2 2 1 1 404 405 405
777 2 2 1 1 403 407 405
778 2 2 1 1 403 405 405
779 2 2 1 1 405 407 406
780 2 2 1 1 405 406 406
781 2 2 1 1 211 210 267
782 2 2 1 1 211 267 267
783 2 2 1 1 400 408 210
784 2 2 1 1 400 210 210
785 2 2 1 1 408 267 210
786 2 2 1 1 408 210 210
787 2 2 1 1 268 272 269
788 2 2 1 1 268 269 269
789 2 2 1 1 409 272 410
790 2 2 1 1 409 410 410
791 2 2 1 1 269 272 409
792 2 2 1 1 269 409 409
793 2 2 1 1 410 408 411
794 2 2 1 1 410 411 411
795 2 2 1 1 406 412 411
796 2 2 1 1 406 411 411
797 2 2 1 1 401 406 411
798 2 2 1 1 401 411 411
799 2 2 1 1 413 409 410
800 2 2 1 1 413 410 410
801 2 2 1 1 411 412 413
802 2 2 1 1 411 413 413
803 2 2 1 1 410 411 413
804 2 2 1 1 410 413 413
805 2 2 1 1 271 386 385
806 2 2 1 1 271 385 264
807 2 2 1 1 385 390 395
808 2 2 1 1 385 395 394
809 2 2 1 1 395 392 384
810 2 2 1 1 395 384 396
811 2 2 1 1 396 384 383
812 2 2 1 1 396 383 398
813 2 2 1 1 398 383 404
814 2 2 1 1 398 404 399
815 2 2 1 1 399 404 405
816 2 2 1 1 399 405 401
817 2 2 1 1 400 401 411
818 2 2 1 1 400 411 408
819 2 2 1 1 267 408 410
820 2 2 1 1 267 410 272
821 2 2 1 1 414 350 352
822 2 2 1 1 414 352 415
823 2 2 1 1 416 354 355
824 2 2 1 1 416 355 417
825 2 2 1 1 274 239 354
826 2 2 1 1 274 354 416
827 2 2 1 1 417 355 350
828 2 2 1 1 417 350 414
829 2 2 1 1 418 356 360
830 2 2 1 1 418 360 419
831 2 2 1 1 415 352 356
832 2 2 1 1 415 356 418
833 2 2 1 1 419 360 348
834 2 2 1 1 419 348 420
835 2 2 1 1 364 421 420
836 2 2 1 1 364 420 348
837 2 2 1 1 422 363 372
838 2 2 1 1 422 372 423
839 2 2 1 1 424 365 368
840 2 2 1 1 424 368 425
841 2 2 1 1 421 364 365
842 2 2 1 1 421 365 424
843 2 2 1 1 425 368 363
844 2 2 1 1 425 363 422
845 2 2 1 1 426 373 369
846 2 2 1 1 426 369 427
847 2 2 1 1 423 372 373
848 2 2 1 1 423 373 426
849 2 2 1 1 427 369 242
850 2 2 1 1 427 242 275
851 2 2 1 1 389 428 429
852 2 2 1 1 389 429 391
853 2 2 1 1 387 430 431
854 2 2 1 1 387 431 388
855 2 2 1 1 263 278 430
856 2 2 1 1 263 430 387
857 2 2 1 1 388 431 428
858 2 2 1 1 388 428 389
859 2 2 1 1 393 432 433
860 2 2 1 1 393 433 397
861 2 2 1 1 391 429 432
862 2 2 1 1 391 432 393
863 2 2 1 1 397 433 434
864 2 2 1 1 397 434 382
865 2 2 1 1 435 402 382
866 2 2 1 1 435 382 434
867 2 2 1 1 406 436 437
868 2 2 1 1 406 437 412
869 2 2 1 1 403 438 439
870 2 2 1 1 403 439 407
871 2 2 1 1 402 435 438
872 2 2 1 1 402 438 403
873 2 2 1 1 407 439 436
874 2 2 1 1 407 436 406
875 2 2 1 1 413 440 441
876 2 2 1 1 413 441 409
877 2 2 1 1 412 437 440
878 2 2 1 1 412 440 413
879 2 2 1 1 409 441 280
880 2 2 1 1 409 280 269
881 2 2 1 1 274 416 430
882 2 2 1 1 274 430 278
883 2 2 1 1 416 417 431
884 2 2 1 1 416 431 430
885 2 2 1 1 417 414 428
886 2 2 1 1 417 428 431
887 2 2 1 1 414 415 429
888 2 2 1 1 414 429 428
889 2 2 1 1 415 418 432
890 2 2 1 1 415 432 429
891 2 2 1 1 418 419 433
892 2 2 1 1 418 433 432
893 2 2 1 1 419 420 434
894 2 2 1 1 419 434 433
895 2 2 1 1 420 421 435
896 2 2 1 1 420 435 434
897 2 2 1 1 421 424 438
898 2 2 1 1 421 438 435
899 2 2 1 1 424 425 439
900 2 2 1 1 424 439 438
901 2 2 1 1 425 422 436
902 2 2 1 1 425 436 439
903 2 2 1 1 422 423 437
904 2 2 1 1 422 437 436
905 2 2 1 1 423 426 440
906 2 2 1 1 423 440 437
907 2 2 1 1 426 427 441
908 2 2 1 1 426 441 440
909 2 2 1 1 427 275 280
910 2 2 1 1 427 280 441
911 2 2 1 1 442 443 444
912 2 2 1 1 442 444 445
913 2 2 1 1 446 442 445
914 2 2 1 1 446 445 447
915 2 2 1 1 448 446 447
916 2 2 1 1 448 447 449
917 2 2 1 1 450 448 449
918 2 2 1 1 450 449 451
919 2 2 1 1 452 450 451
920 2 2 1 1 452 451 453
921 2 2 1 1 454 452 453
922 2 2 1 1 454 453 455
923 2 2 1 1 456 454 455
924 2 2 1 1 456 455 457
925 2 2 1 1 458 456 457
926 2 2 1 1 458 457 459
927 2 2 1 1 460 458 459
928 2 2 1 1 460 459 461
929 2 2 1 1 462 460 461
930 2 2 1 1 462 461 463
931 2 2 1 1 464 462 463
932 2 2 1 1 464 463 465
933 2 2 1 1 466 464 465
934 2 2 1 1 466 465 467
935 2 2 1 1 468 466 467
936 2 2 1 1 468 467 469
937 2 2 1 1 470 468 469
938 2 2 1 1 470 469 471
939 2 2 1 1 472 470 471
940 2 2 1 1 472 471 473
941 2 2 1 1 474 472 473
942 2 2 1 1 474 473 475
943 2 2 1 1 476 474 475
944 2 2 1 1 476 475 477
945 2 2 1 1 478 476 477
946 2 2 1 1 478 477 479
947 2 2 1 1 480 478 479
948 2 2 1 1 480 479 481
949 2 2 1 1 482 480 481
950 2 2 1 1 482 481 483
951 2 2 1 1 484 482 483
952 2 2 1 1 484 483 485
953 2 2 1 1 486 484 485
954 2 2 1 1 486 485 487
955 2 2 1 1 488 486 487
956 2 2 1 1 488 487 489
957 2 2 1 1 490 488 489
958 2 2 1 1 490 489 491
959 2 2 1 1 492 490 491
960 2 2 1 1 492 491 493
961 2 2 1 1 494 492 493
962 2 2 1 1 494 493 495
963 2 2 1 1 496 494 495
964 2 2 1 1 496 495 497
965 2 2 1 1 498 496 497
966 2 2 1 1 498 497 499
967 2 2 1 1 500 498 499
968 2 2 1 1 500 499 501
969 2 2 1 1 502 500 501
970 2 2 1 1 502 501 503
971 2 2 1 1 504 502 503
972 2 2 1 1 504 503 505
973 2 2 1 1 506 504 505
974 2 2 1 1 506 505 507
975 2 2 1 1 508 506 507
976 2 2 1 1 508 507 509
977 2 2 1 1 443 508 509
978 2 2 1 1 443 509 444
979 2 2 1 1 510 445 444
980 2 2 1 1 510 444 511
981 2 2 1 1 512 449 447
982 2 2 1 1 512 447 513
983 2 2 1 1 513 447 445
984 2 2 1 1 513 445 510
985 2 2 1 1 514 453 451
986 2 2 1 1 514 451 515
987 2 2 1 1 516 457 455
988 2 2 1 1 516 455 517
989 2 2 1 1 517 455 453
990 2 2 1 1 517 453 514
991 2 2 1 1 515 451 449
992 2 2 1 1 515 449 512
993 2 2 1 1 518 459 457
994 2 2 1 1 518 457 516
995 2 2 1 1 519 463 461
996 2 2 1 1 519 461 520
997 2 2 1 1 521 467 465
998 2 2 1 1 521 465 522
999 2 2 1 1 522 465 463
1000 2 2 1 1 522 463 519
1001 2 2 1 1 523 471 469
1002 2 2 1 1 523 469 524
1003 2 2 1 1 525 475 473
1004 2 2 1 1 525 473 526
1005 2 2 1 1 475 525 527
1006 2 2 1 1 475 527 477
1007 2 2 1 1 526 473 471
1008 2 2 1 1 526 471 523
1009 2 2 1 1 524 469 467
1010 2 2 1 1 524 467 521
1011 2 2 1 1 520 461 459
1012 2 2 1 1 520 459 518
1013 2 2 1 1 442 528 529
1014 2 2 1 1 442 529 443
1015 2 2 1 1 448 530 531
1016 2 2 1 1 448 531 446
1017 2 2 1 1 446 531 528
1018 2 2 1 1 446 528 442
1019 2 2 1 1 452 532 533
1020 2 2 1 1 452 533 450
1021 2 2 1 1 456 534 535
1022 2 2 1 1 456 535 454
1023 2 2 1 1 454 535 532
1024 2 2 1 1 454 532 452
1025 2 2 1 1 450 533 530
1026 2 2 1 1 450 530 448
1027 2 2 1 1 458 536 534
1028 2 2 1 1 458 534 456
1029 2 2 1 1 462 537 538
1030 2 2 1 1 462 538 460
1031 2 2 1 1 466 539 540
1032 2 2 1 1 466 540 464
1033 2 2 1 1 464 540 537
1034 2 2 1 1 464 537 462
1035 2 2 1 1 472 541 542
1036 2 2 1 1 472 542 470
1037 2 2 1 1 474 543 541
1038 2 2 1 1 474 541 472
1039 2 2 1 1 543 474 476
1040 2 2 1 1 543 476 544
1041 2 2 1 1 470 542 545
1042 2 2 1 1 470 545 468
1043 2 2 1 1 468 545 539
1044 2 2 1 1 468 539 466
1045 2 2 1 1 460 538 536
1046 2 2 1 1 460 536 458
1047 2 2 1 1 477 527 546
1048 2 2 1 1 477 546 479
1049 2 2 1 1 547 481 479
1050 2 2 1 1 547 479 546
1051 2 2 1 1 548 485 483
1052 2 2 1 1 548 483 549
1053 2 2 1 1 549 483 481
1054 2 2 1 1 549 481 547
1055 2 2 1 1 550 489 487
1056 2 2 1 1 550 487 551
1057 2 2 1 1 552 493 491
1058 2 2 1 1 552 491 553
1059 2 2 1 1 553 491 489
1060 2 2 1 1 553 489 550
1061 2 2 1 1 551 487 485
1062 2 2 1 1 551 485 548
1063 2 2 1 1 493 552 554
1064 2 2 1 1 493 554 495
1065 2 2 1 1 555 497 495
1066 2 2 1 1 555 495 554
1067 2 2 1 1 556 501 499
1068 2 2 1 1 556 499 557
1069 2 2 1 1 557 499 497
1070 2 2 1 1 557 497 555
1071 2 2 1 1 558 505 503
1072 2 2 1 1 558 503 559
1073 2 2 1 1 560 509 507
1074 2 2 1 1 560 507 561
1075 2 2 1 1 511 444 509
1076 2 2 1 1 511 509 560
1077 2 2 1 1 561 507 505
1078 2 2 1 1 561 505 558
1079 2 2 1 1 559 503 501
1080 2 2 1 1 559 501 556
1081 2 2 1 1 480 562 563
1082 2 2 1 1 480 563 478
1083 2 2 1 1 484 564 565
1084 2 2 1 1 484 565 482
1085 2 2 1 1 482 565 562
1086 2 2 1 1 482 562 480
1087 2 2 1 1 488 566 567
1088 2 2 1 1 488 567 486
1089 2 2 1 1 492 568 569
1090 2 2 1 1 492 569 490
1091 2 2 1 1 490 569 566
1092 2 2 1 1 490 566 488
1093 2 2 1 1 486 567 564
1094 2 2 1 1 486 564 484
1095 2 2 1 1 478 563 544
1096 2 2 1 1 478 544 476
1097 2 2 1 1 568 492 494
1098 2 2 1 1 568 494 570
1099 2 2 1 1 496 571 570
1100 2 2 1 1 496 570 494
1101 2 2 1 1 500 572 573
1102 2 2 1 1 500 573 498
1103 2 2 1 1 498 573 571
1104 2 2 1 1 498 571 496
1105 2 2 1 1 504 574 575
1106 2 2 1 1 504 575 502
1107 2 2 1 1 508 576 577
1108 2 2 1 1 508 577 506
1109 2 2 1 1 443 529 576
1110 2 2 1 1 443 576 508
1111 2 2 1 1 506 577 574
1112 2 2 1 1 506 574 504
1113 2 2 1 1 502 575 572
1114 2 2 1 1 502 572 500
1115 2 2 1 1 578 579 580
1116 2 2 1 1 578 580 581
1117 2 2 1 1 582 578 581
1118 2 2 1 1 582 581 583
1119 2 2 1 1 584 582 583
1120 2 2 1 1 584 583 585
1121 2 2 1 1 586 584 585
1122 2 2 1 1 586 585 587
1123 2 2 1 1 588 589 590
1124 2 2 1 1 588 590 579
1125 2 2 1 1 591 592 586
1126 2 2 1 1 591 586 593
1127 2 2 1 1 594 595 596
1128 2 2 1 1 594 596 589
1129 2 2 1 1 597 598 591
1130 2 2 1 1 597 591 599
1131 2 2 1 1 600 601 595
1132 2 2 1 1 600 595 594
1133 2 2 1 1 602 603 598
1134 2 2 1 1 602 598 597
1135 2 2 1 1 604 605 601
1136 2 2 1 1 604 601 600
1137 2 2 1 1 606 607 603
1138 2 2 1 1 606 603 602
1139 2 2 1 1 608 609 605
1140 2 2 1 1 608 605 604
1141 2 2 1 1 610 611 607
1142 2 2 1 1 610 607 606
1143 2 2 1 1 612 613 608
1144 2 2 1 1 612 608 614
1145 2 2 1 1 615 616 617
1146 2 2 1 1 615 617 611
1147 2 2 1 1 618 619 612
1148 2 2 1 1 618 612 620
1149 2 2 1 1 621 618 620
1150 2 2 1 1 621 620 622
1151 2 2 1 1 623 621 622
1152 2 2 1 1 623 622 624
1153 2 2 1 1 625 623 624
1154 2 2 1 1 625 624 616
1155 2 2 1 1 580 590 549
1156 2 2 1 1 580 549 549
1157 2 2 1 1 590 548 549
1158 2 2 1 1 590 549 549
1159 2 2 1 1 549 547 580
1160 2 2 1 1 549 580 580
1161 2 2 1 1 589 551 590
1162 2 2 1 1 589 590 590
1163 2 2 1 1 551 548 590
1164 2 2 1 1 551 590 590
1165 2 2 1 1 580 579 590
1166 2 2 1 1 580 590 590
1167 2 2 1 1 546 581 547
1168 2 2 1 1 546 547 547
1169 2 2 1 1 547 581 580
1170 2 2 1 1 547 580 580
1171 2 2 1 1 583 581 546
1172 2 2 1 1 583 546 546
1173 2 2 1 1 579 578 626
1174 2 2 1 1 579 626 626
1175 2 2 1 1 588 579 626
1176 2 2 1 1 588 626 626
1177 2 2 1 1 627 626 578
1178 2 2 1 1 627 578 578
1179 2 2 1 1 596 550 551
1180 2 2 1 1 596 551 551
1181 2 2 1 1 553 550 596
1182 2 2 1 1 553 596 596
1183 2 2 1 1 595 553 596
1184 2 2 1 1 595 596 596
1185 2 2 1 1 596 551 589
1186 2 2 1 1 596 589 589
1187 2 2 1 1 595 601 552
1188 2 2 1 1 595 552 552
1189 2 2 1 1 552 553 595
1190 2 2 1 1 552 595 595
1191 2 2 1 1 601 554 552
1192 2 2 1 1 601 552 552
1193 2 2 1 1 628 629 588
1194 2 2 1 1 628 588 588
1195 2 2 1 1 629 594 589
1196 2 2 1 1 629 589 589
1197 2 2 1 1 588 629 589
1198 2 2 1 1 588 589 589
1199 2 2 1 1 588 626 628
1200 2 2 1 1 588 628 628
1201 2 2 1 1 594 629 630
1202 2 2 1 1 594 630 630
1203 2 2 1 1 630 600 594
1204 2 2 1 1 630 594 594
1205 2 2 1 1 630 604 600
1206 2 2 1 1 630 600 600
1207 2 2 1 1 527 525 583
1208 2 2 1 1 527 583 583
1209 2 2 1 1 583 546 527
1210 2 2 1 1 583 527 527
1211 2 2 1 1 525 585 583
1212 2 2 1 1 525 583 583
1213 2 2 1 1 584 627 582
1214 2 2 1 1 584 582 582
1215 2 2 1 1 525 526 585
1216 2 2 1 1 525 585 585
1217 2 2 1 1 526 523 587
1218 2 2 1 1 526 587 587
1219 2 2 1 1 526 587 585
1220 2 2 1 1 526 585 585
1221 2 2 1 1 524 593 523
1222 2 2 1 1 524 523 523
1223 2 2 1 1 521 593 524
1224 2 2 1 1 521 524 524
1225 2 2 1 1 523 593 587
1226 2 2 1 1 523 587 587
1227 2 2 1 1 586 587 593
1228 2 2 1 1 586 593 593
1229 2 2 1 1 584 586 631
1230 2 2 1 1 584 631 631
1231 2 2 1 1 631 586 592
1232 2 2 1 1 631 592 592
1233 2 2 1 1 631 627 584
1234 2 2 1 1 631 584 584
1235 2 2 1 1 592 632 633
1236 2 2 1 1 592 633 633
1237 2 2 1 1 633 631 592
1238 2 2 1 1 633 592 592
1239 2 2 1 1 591 632 592
1240 2 2 1 1 591 592 592
1241 2 2 1 1 599 521 522
1242 2 2 1 1 599 522 522
1243 2 2 1 1 599 591 593
1244 2 2 1 1 599 593 593
1245 2 2 1 1 522 519 599
1246 2 2 1 1 522 599 599
1247 2 2 1 1 597 599 519
1248 2 2 1 1 597 519 519
1249 2 2 1 1 520 602 597
1250 2 2 1 1 520 597 597
1251 2 2 1 1 520 597 519
1252 2 2 1 1 520 519 519
1253 2 2 1 1 591 598 632
1254 2 2 1 1 591 632 632
1255 2 2 1 1 634 632 598
1256 2 2 1 1 634 598 598
1257 2 2 1 1 599 593 521
1258 2 2 1 1 599 521 521
1259 2 2 1 1 582 627 578
1260 2 2 1 1 582 578 578
1261 2 2 1 1 605 555 554
1262 2 2 1 1 605 554 554
1263 2 2 1 1 604 630 635
1264 2 2 1 1 604 635 635
1265 2 2 1 1 555 609 557
1266 2 2 1 1 555 557 557
1267 2 2 1 1 608 613 609
1268 2 2 1 1 608 609 609
1269 2 2 1 1 555 605 609
1270 2 2 1 1 555 609 609
1271 2 2 1 1 636 614 635
1272 2 2 1 1 636 635 635
1273 2 2 1 1 608 604 635
1274 2 2 1 1 608 635 635
1275 2 2 1 1 614 608 635
1276 2 2 1 1 614 635 635
1277 2 2 1 1 612 614 637
1278 2 2 1 1 612 637 637
1279 2 2 1 1 637 614 636
1280 2 2 1 1 637 636 636
1281 2 2 1 1 637 638 620
1282 2 2 1 1 637 620 620
1283 2 2 1 1 557 609 556
1284 2 2 1 1 557 556 556
1285 2 2 1 1 612 619 613
1286 2 2 1 1 612 613 613
1287 2 2 1 1 556 609 613
1288 2 2 1 1 556 613 613
1289 2 2 1 1 559 556 613
1290 2 2 1 1 559 613 613
1291 2 2 1 1 558 613 619
1292 2 2 1 1 558 619 619
1293 2 2 1 1 619 561 558
1294 2 2 1 1 619 558 558
1295 2 2 1 1 558 559 613
1296 2 2 1 1 558 613 613
1297 2 2 1 1 620 638 622
1298 2 2 1 1 620 622 622
1299 2 2 1 1 618 621 560
1300 2 2 1 1 618 560 560
1301 2 2 1 1 560 561 618
1302 2 2 1 1 560 618 618
1303 2 2 1 1 621 511 560
1304 2 2 1 1 621 560 560
1305 2 2 1 1 619 618 561
1306 2 2 1 1 619 561 561
1307 2 2 1 1 612 637 620
1308 2 2 1 1 612 620 620
1309 2 2 1 1 638 624 622
1310 2 2 1 1 638 622 622
1311 2 2 1 1 603 607 634
1312 2 2 1 1 603 634 634
1313 2 2 1 1 607 639 634
1314 2 2 1 1 607 634 634
1315 2 2 1 1 634 598 603
1316 2 2 1 1 634 603 603
1317 2 2 1 1 607 611 639
1318 2 2 1 1 607 639 639
1319 2 2 1 1 617 640 639
1320 2 2 1 1 617 639 639
1321 2 2 1 1 617 641 640
1322 2 2 1 1 617 640 640
1323 2 2 1 1 611 617 639
1324 2 2 1 1 611 639 639
1325 2 2 1 1 602 518 606
1326 2 2 1 1 602 606 606
1327 2 2 1 1 518 516 606
1328 2 2 1 1 518 606 606
1329 2 2 1 1 602 520 518
1330 2 2 1 1 602 518 518
1331 2 2 1 1 606 516 610
1332 2 2 1 1 606 610 610
1333 2 2 1 1 610 514 611
1334 2 2 1 1 610 611 611
1335 2 2 1 1 516 517 610
1336 2 2 1 1 516 610 610
1337 2 2 1 1 624 638 641
1338 2 2 1 1 624 641 641
1339 2 2 1 1 616 624 641
1340 2 2 1 1 616 641 641
1341 2 2 1 1 623 513 510
1342 2 2 1 1 623 510 510
1343 2 2 1 1 623 510 621
1344 2 2 1 1 623 621 621
1345 2 2 1 1 510 511 621
1346 2 2 1 1 510 621 621
1347 2 2 1 1 513 623 625
1348 2 2 1 1 513 625 625
1349 2 2 1 1 517 514 610
1350 2 2 1 1 517 610 610
1351 2 2 1 1 615 611 514
1352 2 2 1 1 615 514 514
1353 2 2 1 1 625 615 512
1354 2 2 1 1 625 512 512
1355 2 2 1 1 512 513 625
1356 2 2 1 1 512 625 625
1357 2 2 1 1 615 514 515
1358 2 2 1 1 615 515 515
1359 2 2 1 1 515 512 615
1360 2 2 1 1 515 615 615
1361 2 2 1 1 625 616 615
1362 2 2 1 1 625 615 615
1363 2 2 1 1 617 616 641
1364 2 2 1 1 617 641 641
1365 2 2 1 1 554 601 605
1366 2 2 1 1 554 605 605
1367 2 2 1 1 642 643 644
1368 2 2 1 1 642 644 645
1369 2 2 1 1 646 647 643
1370 2 2 1 1 646 643 642
1371 2 2 1 1 648 649 647
1372 2 2 1 1 648 647 646
1373 2 2 1 1 650 651 649
1374 2 2 1 1 650 649 648
1375 2 2 1 1 652 645 653
1376 2 2 1 1 652 653 654
1377 2 2 1 1 655 642 645
1378 2 2 1 1 655 645 652
1379 2 2 1 1 656 646 642
1380 2 2 1 1 656 642 655
1381 2 2 1 1 657 648 646
1382 2 2 1 1 657 646 656
1383 2 2 1 1 658 650 648
1384 2 2 1 1 658 648 657
1385 2 2 1 1 659 660 650
1386 2 2 1 1 659 650 658
1387 2 2 1 1 661 654 662
1388 2 2 1 1 661 662 663
1389 2 2 1 1 664 652 654
1390 2 2 1 1 664 654 661
1391 2 2 1 1 665 655 652
1392 2 2 1 1 665 652 664
1393 2 2 1 1 666 656 655
1394 2 2 1 1 666 655 665
1395 2 2 1 1 667 657 656
1396 2 2 1 1 667 656 666
1397 2 2 1 1 668 658 657
1398 2 2 1 1 668 657 667
1399 2 2 1 1 669 659 658
1400 2 2 1 1 669 658 668
1401 2 2 1 1 670 671 659
1402 2 2 1 1 670 659 669
1403 2 2 1 1 672 661 663
1404 2 2 1 1 672 663 673
1405 2 2 1 1 674 664 661
1406 2 2 1 1 674 661 672
1407 2 2 1 1 675 665 664
1408 2 2 1 1 675 664 674
1409 2 2 1 1 676 666 665
1410 2 2 1 1 676 665 675
1411 2 2 1 1 677 667 666
1412 2 2 1 1 677 666 676
1413 2 2 1 1 678 668 667
1414 2 2 1 1 678 667 677
1415 2 2 1 1 679 669 668
1416 2 2 1 1 679 668 678
1417 2 2 1 1 680 670 669
1418 2 2 1 1 680 669 679
1419 2 2 1 1 681 672 673
1420 2 2 1 1 681 673 682
1421 2 2 1 1 683 674 672
1422 2 2 1 1 683 672 681
1423 2 2 1 1 684 675 674
1424 2 2 1 1 684 674 683
1425 2 2 1 1 685 676 675
1426 2 2 1 1 685 675 684
1427 2 2 1 1 686 677 676
1428 2 2 1 1 686 676 685
1429 2 2 1 1 687 678 677
1430 2 2 1 1 687 677 686
1431 2 2 1 1 688 679 678
1432 2 2 1 1 688 678 687
1433 2 2 1 1 689 680 679
1434 2 2 1 1 689 679 688
1435 2 2 1 1 690 681 682
1436 2 2 1 1 690 682 691
1437 2 2 1 1 692 683 681
1438 2 2 1 1 692 681 690
1439 2 2 1 1 693 684 683
1440 2 2 1 1 693 683 692
1441 2 2 1 1 694 685 684
1442 2 2 1 1 694 684 693
1443 2 2 1 1 695 686 685
1444 2 2 1 1 695 685 694
1445 2 2 1 1 696 687 686
1446 2 2 1 1 696 686 695
1447 2 2 1 1 697 688 687
1448 2 2 1 1 697 687 696
1449 2 2 1 1 698 689 688
1450 2 2 1 1 698 688 697
1451 2 2 1 1 699 692 690
1452 2 2 1 1 699 690 700
1453 2 2 1 1 701 693 692
1454 2 2 1 1 701 692 699
1455 2 2 1 1 702 694 693
1456 2 2 1 1 702 693 701
1457 2 2 1 1 703 695 694
1458 2 2 1 1 703 694 702
1459 2 2 1 1 704 696 695
1460 2 2 1 1 704 695 703
1461 2 2 1 1 705 697 696
1462 2 2 1 1 705 696 704
1463 2 2 1 1 706 701 699
1464 2 2 1 1 706 699 707
1465 2 2 1 1 708 702 701
1466 2 2 1 1 708 701 706
1467 2 2 1 1 709 703 702
1468 2 2 1 1 709 702 708
1469 2 2 1 1 710 704 703
1470 2 2 1 1 710 703 709
1471 2 2 1 1 644 562 565
1472 2 2 1 1 644 565 565
1473 2 2 1 1 565 653 644
1474 2 2 1 1 565 644 644
1475 2 2 1 1 653 565 564
1476 2 2 1 1 653 564 564
1477 2 2 1 1 564 567 653
1478 2 2 1 1 564 653 653
1479 2 2 1 1 653 645 644
1480 2 2 1 1 653 644 644
1481 2 2 1 1 562 643 563
1482 2 2 1 1 562 563 563
1483 2 2 1 1 562 644 643
1484 2 2 1 1 562 643 643
1485 2 2 1 1 643 647 563
1486 2 2 1 1 643 563 563
1487 2 2 1 1 567 566 662
1488 2 2 1 1 567 662 662
1489 2 2 1 1 566 569 662
1490 2 2 1 1 566 662 662
1491 2 2 1 1 569 568 663
1492 2 2 1 1 569 663 663
1493 2 2 1 1 654 567 662
1494 2 2 1 1 654 662 662
1495 2 2 1 1 663 568 673
1496 2 2 1 1 663 673 673
1497 2 2 1 1 569 663 662
1498 2 2 1 1 569 662 662
1499 2 2 1 1 570 673 568
1500 2 2 1 1 570 568 568
1501 2 2 1 1 654 653 567
1502 2 2 1 1 654 567 567
1503 2 2 1 1 544 647 543
1504 2 2 1 1 544 543 543
1505 2 2 1 1 649 543 647
1506 2 2 1 1 649 647 647
1507 2 2 1 1 563 647 544
1508 2 2 1 1 563 544 544
1509 2 2 1 1 649 541 543
1510 2 2 1 1 649 543 543
1511 2 2 1 1 541 651 542
1512 2 2 1 1 541 542 542
1513 2 2 1 1 660 545 542
1514 2 2 1 1 660 542 542
1515 2 2 1 1 660 542 651
1516 2 2 1 1 660 651 651
1517 2 2 1 1 649 651 541
1518 2 2 1 1 649 541 541
1519 2 2 1 1 660 539 545
1520 2 2 1 1 660 545 545
1521 2 2 1 1 651 650 660
1522 2 2 1 1 651 660 660
1523 2 2 1 1 660 671 539
1524 2 2 1 1 660 539 539
1525 2 2 1 1 660 659 671
1526 2 2 1 1 660 671 671
1527 2 2 1 1 671 537 540
1528 2 2 1 1 671 540 540
1529 2 2 1 1 540 539 671
1530 2 2 1 1 540 671 671
1531 2 2 1 1 670 538 537
1532 2 2 1 1 670 537 537
1533 2 2 1 1 537 671 670
1534 2 2 1 1 537 670 670
1535 2 2 1 1 538 670 680
1536 2 2 1 1 538 680 680
1537 2 2 1 1 570 571 682
1538 2 2 1 1 570 682 682
1539 2 2 1 1 571 691 682
1540 2 2 1 1 571 682 682
1541 2 2 1 1 571 573 691
1542 2 2 1 1 571 691 691
1543 2 2 1 1 691 700 690
1544 2 2 1 1 691 690 690
1545 2 2 1 1 700 707 699
1546 2 2 1 1 700 699 699
1547 2 2 1 1 691 572 700
1548 2 2 1 1 691 700 700
1549 2 2 1 1 573 572 691
1550 2 2 1 1 573 691 691
1551 2 2 1 1 700 575 574
1552 2 2 1 1 700 574 574
1553 2 2 1 1 574 577 707
1554 2 2 1 1 574 707 707
1555 2 2 1 1 700 574 707
1556 2 2 1 1 700 707 707
1557 2 2 1 1 706 576 708
1558 2 2 1 1 706 708 708
1559 2 2 1 1 576 706 577
1560 2 2 1 1 576 577 577
1561 2 2 1 1 707 577 706
1562 2 2 1 1 707 706 706
1563 2 2 1 1 576 529 708
1564 2 2 1 1 576 708 708
1565 2 2 1 1 575 700 572
1566 2 2 1 1 575 572 572
1567 2 2 1 1 689 536 680
1568 2 2 1 1 689 680 680
1569 2 2 1 1 697 532 698
1570 2 2 1 1 697 698 698
1571 2 2 1 1 698 534 689
1572 2 2 1 1 698 689 689
1573 2 2 1 1 689 534 536
1574 2 2 1 1 689 536 536
1575 2 2 1 1 534 698 535
1576 2 2 1 1 534 535 535
1577 2 2 1 1 535 698 532
1578 2 2 1 1 535 532 532
1579 2 2 1 1 705 532 697
1580 2 2 1 1 705 697 697
1581 2 2 1 1 536 538 680
1582 2 2 1 1 536 680 680
1583 2 2 1 1 531 710 709
1584 2 2 1 1 531 709 709
1585 2 2 1 1 709 528 531
1586 2 2 1 1 709 531 531
1587 2 2 1 1 709 708 528
1588 2 2 1 1 709 528 528
1589 2 2 1 1 704 710 705
1590 2 2 1 1 704 705 705
1591 2 2 1 1 530 533 705
1592 2 2 1 1 530 705 705
1593 2 2 1 1 705 710 530
1594 2 2 1 1 705 530 530
1595 2 2 1 1 710 531 530
1596 2 2 1 1 710 530 530
1597 2 2 1 1 533 532 705
1598 2 2 1 1 533 705 705
1599 2 2 1 1 528 708 529
1600 2 2 1 1 528 529 529
1601 2 2 1 1 673 570 682
1602 2 2 1 1 673 682 682
1603 2 2 1 1 711 712 713
1604 2 2 1 1 711 713 714
1605 2 2 1 1 715 716 712
1606 2 2 1 1 715 712 711
1607 2 2 1 1 717 718 716
1608 2 2 1 1 717 716 715
1609 2 2 1 1 719 720 718
1610 2 2 1 1 719 718 717
1611 2 2 1 1 721 722 720
1612 2 2 1 1 721 720 719
1613 2 2 1 1 723 724 722
1614 2 2 1 1 723 722 721
1615 2 2 1 1 725 711 714
1616 2 2 1 1 725 714 726
1617 2 2 1 1 727 715 711
1618 2 2 1 1 727 711 725
1619 2 2 1 1 728 717 715
1620 2 2 1 1 728 715 727
1621 2 2 1 1 729 719 717
1622 2 2 1 1 729 717 728
1623 2 2 1 1 730 721 719
1624 2 2 1 1 730 719 729
1625 2 2 1 1 731 723 721
1626 2 2 1 1 731 721 730
1627 2 2 1 1 732 725 726
1628 2 2 1 1 732 726 733
1629 2 2 1 1 734 727 725
1630 2 2 1 1 734 725 732
1631 2 2 1 1 735 728 727
1632 2 2 1 1 735 727 734
1633 2 2 1 1 736 729 728
1634 2 2 1 1 736 728 735
1635 2 2 1 1 737 730 729
1636 2 2 1 1 737 729 736
1637 2 2 1 1 738 731 730
1638 2 2 1 1 738 730 737
1639 2 2 1 1 739 732 733
1640 2 2 1 1 739 733 740
1641 2 2 1 1 741 734 732
1642 2 2 1 1 741 732 739
1643 2 2 1 1 742 735 734
1644 2 2 1 1 742 734 741
1645 2 2 1 1 743 736 735
1646 2 2 1 1 743 735 742
1647 2 2 1 1 744 737 736
1648 2 2 1 1 744 736 743
1649 2 2 1 1 745 738 737
1650 2 2 1 1 745 737 744
1651 2 2 1 1 746 739 740
1652 2 2 1 1 746 740 747
1653 2 2 1 1 748 741 739
1654 2 2 1 1 748 739 746
1655 2 2 1 1 749 742 741
1656 2 2 1 1 749 741 748
1657 2 2 1 1 750 743 742
1658 2 2 1 1 750 742 749
1659 2 2 1 1 751 744 743
1660 2 2 1 1 751 743 750
1661 2 2 1 1 752 745 744
1662 2 2 1 1 752 744 751
1663 2 2 1 1 753 746 747
1664 2 2 1 1 753 747 754
1665 2 2 1 1 755 748 746
1666 2 2 1 1 755 746 753
1667 2 2 1 1 756 749 748
1668 2 2 1 1 756 748 755
1669 2 2 1 1 757 750 749
1670 2 2 1 1 757 749 756
1671 2 2 1 1 758 751 750
1672 2 2 1 1 758 750 757
1673 2 2 1 1 759 752 751
1674 2 2 1 1 759 751 758
1675 2 2 1 1 760 753 754
1676 2 2 1 1 760 754 761
1677 2 2 1 1 762 755 753
1678 2 2 1 1 762 753 760
1679 2 2 1 1 763 756 755
1680 2 2 1 1 763 755 762
1681 2 2 1 1 764 757 756
1682 2 2 1 1 764 756 763
1683 2 2 1 1 765 758 757
1684 2 2 1 1 765 757 764
1685 2 2 1 1 766 759 758
1686 2 2 1 1 766 758 765
1687 2 2 1 1 767 760 761
1688 2 2 1 1 767 761 768
1689 2 2 1 1 769 762 760
1690 2 2 1 1 769 760 767
1691 2 2 1 1 770 763 762
1692 2 2 1 1 770 762 769
1693 2 2 1 1 771 764 763
1694 2 2 1 1 771 763 770
1695 2 2 1 1 772 765 764
1696 2 2 1 1 772 764 771
1697 2 2 1 1 773 766 765
1698 2 2 1 1 773 765 772
1699 2 2 1 1 774 767 768
1700 2 2 1 1 774 768 775
1701 2 2 1 1 776 769 767
1702 2 2 1 1 776 767 774
1703 2 2 1 1 777 770 769
1704 2 2 1 1 777 769 776
1705 2 2 1 1 778 771 770
1706 2 2 1 1 778 770 777
1707 2 2 1 1 779 772 771
1708 2 2 1 1 779 771 778
1709 2 2 1 1 780 773 772
1710 2 2 1 1 780 772 779
1711 2 2 1 1 781 774 775
1712 2 2 1 1 781 775 782
1713 2 2 1 1 783 776 774
1714 2 2 1 1 783 774 781
1715 2 2 1 1 784 777 776
1716 2 2 1 1 784 776 783
1717 2 2 1 1 785 778 777
1718 2 2 1 1 785 777 784
1719 2 2 1 1 786 779 778
1720 2 2 1 1 786 778 785
1721 2 2 1 1 787 780 779
1722 2 2 1 1 787 779 786
1723 2 2 1 1 788 781 782
1724 2 2 1 1 788 782 789
1725 2 2 1 1 790 783 781
1726 2 2 1 1 790 781 788
1727 2 2 1 1 791 784 783
1728 2 2 1 1 791 783 790
1729 2 2 1 1 792 785 784
1730 2 2 1 1 792 784 791
1731 2 2 1 1 793 786 785
1732 2 2 1 1 793 785 792
1733 2 2 1 1 794 787 786
1734 2 2 1 1 794 786 793
1735 2 2 1 1 795 788 789
1736 2 2 1 1 795 789 796
1737 2 2 1 1 797 790 788
1738 2 2 1 1 797 788 795
1739 2 2 1 1 798 791 790
1740 2 2 1 1 798 790 797
1741 2 2 1 1 799 792 791
1742 2 2 1 1 799 791 798
1743 2 2 1 1 800 793 792
1744 2 2 1 1 800 792 799
1745 2 2 1 1 801 794 793
1746 2 2 1 1 801 793 800
1747 2 2 1 1 802 795 796
1748 2 2 1 1 802 796 803
1749 2 2 1 1 804 797 795
1750 2 2 1 1 804 795 802
1751 2 2 1 1 805 798 797
1752 2 2 1 1 805 797 804
1753 2 2 1 1 806 799 798
1754 2 2 1 1 806 798 805
1755 2 2 1 1 807 800 799
1756 2 2 1 1 807 799 806
1757 2 2 1 1 808 801 800
1758 2 2 1 1 808 800 807
1759 2 2 1 1 809 802 803
1760 2 2 1 1 809 803 810
1761 2 2 1 1 811 804 802
1762 2 2 1 1 811 802 809
1763 2 2 1 1 812 805 804
1764 2 2 1 1 812 804 811
1765 2 2 1 1 813 806 805
1766 2 2 1 1 813 805 812
1767 2 2 1 1 814 807 806
1768 2 2 1 1 814 806 813
1769 2 2 1 1 815 808 807
1770 2 2 1 1 815 807 814
1771 2 2 1 1 816 809 810
1772 2 2 1 1 816 810 817
1773 2 2 1 1 818 811 809
1774 2 2 1 1 818 809 816
1775 2 2 1 1 819 812 811
1776 2 2 1 1 819 811 818
1777 2 2 1 1 820 813 812
1778 2 2 1 1 820 812 819
1779 2 2 1 1 821 814 813
1780 2 2 1 1 821 813 820
1781 2 2 1 1 822 815 814
1782 2 2 1 1 822 814 821
1783 2 2 1 1 712 816 817
1784 2 2 1 1 712 817 713
1785 2 2 1 1 716 818 816
1786 2 2 1 1 716 816 712
1787 2 2 1 1 718 819 818
1788 2 2 1 1 718 818 716
1789 2 2 1 1 720 820 819
1790 2 2 1 1 720 819 718
1791 2 2 1 1 722 821 820
1792 2 2 1 1 722 820 720
1793 2 2 1 1 724 822 821
1794 2 2 1 1 724 821 722
1795 2 2 1 1 823 714 713
1796 2 2 1 1 823 713 824
1797 2 2 1 1 825 733 726
1798 2 2 1 1 825 726 826
1799 2 2 1 1 826 726 714
1800 2 2 1 1 826 714 823
1801 2 2 1 1 733 825 827
1802 2 2 1 1 733 827 740
1803 2 2 1 1 828 747 740
1804 2 2 1 1 828 740 827
1805 2 2 1 1 829 761 754
1806 2 2 1 1 829 754 830
1807 2 2 1 1 830 754 747
1808 2 2 1 1 830 747 828
1809 2 2 1 1 831 768 761
1810 2 2 1 1 831 761 829
1811 2 2 1 1 723 641 638
1812 2 2 1 1 723 638 724
1813 2 2 1 1 738 639 640
1814 2 2 1 1 738 640 731
1815 2 2 1 1 731 640 641
1816 2 2 1 1 731 641 723
1817 2 2 1 1 639 738 745
1818 2 2 1 1 639 745 634
1819 2 2 1 1 752 632 634
1820 2 2 1 1 752 634 745
1821 2 2 1 1 759 633 632
1822 2 2 1 1 759 632 752
1823 2 2 1 1 766 631 633
1824 2 2 1 1 766 633 759
1825 2 2 1 1 631 766 773
1826 2 2 1 1 631 773 627
1827 2 2 1 1 768 831 832
1828 2 2 1 1 768 832 775
1829 2 2 1 1 833 782 775
1830 2 2 1 1 833 775 832
1831 2 2 1 1 789 834 835
1832 2 2 1 1 789 835 796
1833 2 2 1 1 834 789 782
1834 2 2 1 1 834 782 833
1835 2 2 1 1 836 810 803
1836 2 2 1 1 836 803 837
1837 2 2 1 1 824 713 817
1838 2 2 1 1 824 817 838
1839 2 2 1 1 838 817 810
1840 2 2 1 1 838 810 836
1841 2 2 1 1 837 803 796
1842 2 2 1 1 837 796 835
1843 2 2 1 1 787 628 626
1844 2 2 1 1 787 626 780
1845 2 2 1 1 629 794 801
1846 2 2 1 1 629 801 630
1847 2 2 1 1 794 629 628
1848 2 2 1 1 794 628 787
1849 2 2 1 1 780 626 627
1850 2 2 1 1 780 627 773
1851 2 2 1 1 815 636 635
1852 2 2 1 1 815 635 808
1853 2 2 1 1 724 638 637
1854 2 2 1 1 724 637 822
1855 2 2 1 1 822 637 636
1856 2 2 1 1 822 636 815
1857 2 2 1 1 808 635 630
1858 2 2 1 1 808 630 801
1859 2 2 1 1 839 840 841
1860 2 2 1 1 839 841 842
1861 2 2 1 1 843 839 842
1862 2 2 1 1 843 842 844
1863 2 2 1 1 845 843 844
1864 2 2 1 1 845 844 846
1865 2 2 1 1 847 845 846
1866 2 2 1 1 847 846 848
1867 2 2 1 1 849 850 851
1868 2 2 1 1 849 851 840
1869 2 2 1 1 852 849 840
1870 2 2 1 1 852 840 839
1871 2 2 1 1 853 852 839
1872 2 2 1 1 853 839 843
1873 2 2 1 1 854 853 843
1874 2 2 1 1 854 843 845
1875 2 2 1 1 855 854 845
1876 2 2 1 1 855 845 847
1877 2 2 1 1 856 855 847
1878 2 2 1 1 856 847 857
1879 2 2 1 1 858 859 860
1880 2 2 1 1 858 860 850
1881 2 2 1 1 861 858 850
1882 2 2 1 1 861 850 849
1883 2 2 1 1 862 861 849
1884 2 2 1 1 862 849 852
1885 2 2 1 1 863 862 852
1886 2 2 1 1 863 852 853
1887 2 2 1 1 864 863 853
1888 2 2 1 1 864 853 854
1889 2 2 1 1 865 864 854
1890 2 2 1 1 865 854 855
1891 2 2 1 1 866 865 855
1892 2 2 1 1 866 855 856
1893 2 2 1 1 867 866 856
1894 2 2 1 1 867 856 868
1895 2 2 1 1 869 870 859
1896 2 2 1 1 869 859 858
1897 2 2 1 1 871 869 858
1898 2 2 1 1 871 858 861
1899 2 2 1 1 872 871 861
1900 2 2 1 1 872 861 862
1901 2 2 1 1 873 872 862
1902 2 2 1 1 873 862 863
1903 2 2 1 1 874 873 863
1904 2 2 1 1 874 863 864
1905 2 2 1 1 875 874 864
1906 2 2 1 1 875 864 865
1907 2 2 1 1 876 875 865
1908 2 2 1 1 876 865 866
1909 2 2 1 1 877 876 866
1910 2 2 1 1 877 866 867
1911 2 2 1 1 878 879 870
1912 2 2 1 1 878 870 869
1913 2 2 1 1 880 878 869
1914 2 2 1 1 880 869 871
1915 2 2 1 1 881 880 871
1916 2 2 1 1 881 871 872
1917 2 2 1 1 882 881 872
1918 2 2 1 1 882 872 873
1919 2 2 1 1 883 882 873
1920 2 2 1 1 883 873 874
1921 2 2 1 1 884 883 874
1922 2 2 1 1 884 874 875
1923 2 2 1 1 885 884 875
1924 2 2 1 1 885 875 876
1925 2 2 1 1 886 885 876
1926 2 2 1 1 886 876 877
1927 2 2 1 1 887 888 879
1928 2 2 1 1 887 879 878
1929 2 2 1 1 889 887 878
1930 2 2 1 1 889 878 880
1931 2 2 1 1 890 889 880
1932 2 2 1 1 890 880 881
1933 2 2 1 1 891 890 881
1934 2 2 1 1 891 881 882
1935 2 2 1 1 892 891 882
1936 2 2 1 1 892 882 883
1937 2 2 1 1 893 892 883
1938 2 2 1 1 893 883 884
1939 2 2 1 1 894 893 884
1940 2 2 1 1 894 884 885
1941 2 2 1 1 895 894 885
1942 2 2 1 1 895 885 886
1943 2 2 1 1 896 897 887
1944 2 2 1 1 896 887 889
1945 2 2 1 1 898 896 889
1946 2 2 1 1 898 889 890
1947 2 2 1 1 899 898 890
1948 2 2 1 1 899 890 891
1949 2 2 1 1 900 899 891
1950 2 2 1 1 900 891 892
1951 2 2 1 1 901 900 892
1952 2 2 1 1 901 892 893
1953 2 2 1 1 902 901 893
1954 2 2 1 1 902 893 894
1955 2 2 1 1 903 904 896
1956 2 2 1 1 903 896 898
1957 2 2 1 1 905 903 898
1958 2 2 1 1 905 898 899
1959 2 2 1 1 906 905 899
1960 2 2 1 1 906 899 900
1961 2 2 1 1 907 906 900
1962 2 2 1 1 907 900 901
1963 2 2 1 1 841 851 833
1964 2 2 1 1 841 833 833
1965 2 2 1 1 833 832 841
1966 2 2 1 1 833 841 841
1967 2 2 1 1 851 860 833
1968 2 2 1 1 851 833 833
1969 2 2 1 1 841 840 851
1970 2 2 1 1 841 851 851
1971 2 2 1 1 841 832 842
1972 2 2 1 1 841 842 842
1973 2 2 1 1 832 831 842
1974 2 2 1 1 832 842 842
1975 2 2 1 1 859 834 860
1976 2 2 1 1 859 860 860
1977 2 2 1 1 834 833 860
1978 2 2 1 1 834 860 860
1979 2 2 1 1 859 835 834
1980 2 2 1 1 859 834 834
1981 2 2 1 1 870 835 859
1982 2 2 1 1 870 859 859
1983 2 2 1 1 835 870 879
1984 2 2 1 1 835 879 879
1985 2 2 1 1 860 851 850
1986 2 2 1 1 860 850 850
1987 2 2 1 1 831 846 844
1988 2 2 1 1 831 844 844
1989 2 2 1 1 844 842 831
1990 2 2 1 1 844 831 831
1991 2 2 1 1 831 829 846
1992 2 2 1 1 831 846 846
1993 2 2 1 1 829 830 848
1994 2 2 1 1 829 848 848
1995 2 2 1 1 848 846 829
1996 2 2 1 1 848 829 829
1997 2 2 1 1 857 848 830
1998 2 2 1 1 857 830 830
1999 2 2 1 1 857 868 856
2000 2 2 1 1 857 856 856
2001 2 2 1 1 847 848 857
2002 2 2 1 1 847 857 857
2003 2 2 1 1 868 828 867
2004 2 2 1 1 868 867 867
2005 2 2 1 1 828 827 867
2006 2 2 1 1 828 867 867
2007 2 2 1 1 828 868 830
2008 2 2 1 1 828 830 830
2009 2 2 1 1 868 857 830
2010 2 2 1 1 868 830 830
2011 2 2 1 1 879 888 837
2012 2 2 1 1 879 837 837
2013 2 2 1 1 837 835 879
2014 2 2 1 1 837 879 879
2015 2 2 1 1 897 836 888
2016 2 2 1 1 897 888 888
2017 2 2 1 1 897 888 887
2018 2 2 1 1 897 887 887
2019 2 2 1 1 896 904 897
2020 2 2 1 1 896 897 897
2021 2 2 1 1 888 836 837
2022 2 2 1 1 888 837 837
2023 2 2 1 1 836 904 838
2024 2 2 1 1 836 838 838
2025 2 2 1 1 904 903 838
2026 2 2 1 1 904 838 838
2027 2 2 1 1 903 905 824
2028 2 2 1 1 903 824 824
2029 2 2 1 1 824 838 903
2030 2 2 1 1 824 903 903
2031 2 2 1 1 905 906 824
2032 2 2 1 1 905 824 824
2033 2 2 1 1 897 904 836
2034 2 2 1 1 897 836 836
2035 2 2 1 1 877 827 886
2036 2 2 1 1 877 886 886
2037 2 2 1 1 886 827 825
2038 2 2 1 1 886 825 825
2039 2 2 1 1 825 895 886
2040 2 2 1 1 825 886 886
2041 2 2 1 1 825 826 895
2042 2 2 1 1 825 895 895
2043 2 2 1 1 894 895 902
2044 2 2 1 1 894 902 902
2045 2 2 1 1 877 867 827
2046 2 2 1 1 877 827 827
2047 2 2 1 1 823 824 906
2048 2 2 1 1 823 906 906
2049 2 2 1 1 907 823 906
2050 2 2 1 1 907 906 906
2051 2 2 1 1 902 826 907
2052 2 2 1 1 902 907 907
2053 2 2 1 1 907 901 902
2054 2 2 1 1 907 902 902
2055 2 2 1 1 826 823 907
2056 2 2 1 1 826 907 907
2057 2 2 1 1 902 895 826
2058 2 2 1 1 902 826 826
2059 2 2 1 1 908 909 910
2060 2 2 1 1 908 910 910
2061 2 2 1 1 911 912 913
2062 2 2 1 1 911 913 913
2063 2 2 1 1 908 910 914
2064 2 2 1 1 908 914 915
2065 2 2 1 1 915 914 916
2066 2 2 1 1 915 916 917
2067 2 2 1 1 917 916 918
2068 2 2 1 1 917 918 919
2069 2 2 1 1 919 918 920
2070 2 2 1 1 919 920 921
2071 2 2 1 1 921 920 912
2072 2 2 1 1 921 912 911
2073 2 2 1 1 909 922 910
2074 2 2 1 1 909 910 910
2075 2 2 1 1 922 923 910
2076 2 2 1 1 922 910 910
2077 2 2 1 1 924 925 923
2078 2 2 1 1 924 923 923
2079 2 2 1 1 923 922 924
2080 2 2 1 1 923 924 924
2081 2 2 1 1 926 927 924
2082 2 2 1 1 926 924 924
2083 2 2 1 1 925 924 927
2084 2 2 1 1 925 927 927
2085 2 2 1 1 926 928 929
2086 2 2 1 1 926 929 929
2087 2 2 1 1 929 927 926
2088 2 2 1 1 929 926 926
2089 2 2 1 1 930 929 928
2090 2 2 1 1 930 928 928
2091 2 2 1 1 931 932 933
2092 2 2 1 1 931 933 933
2093 2 2 1 1 933 932 934
2094 2 2 1 1 933 934 934
2095 2 2 1 1 930 931 933
2096 2 2 1 1 930 933 933
2097 2 2 1 1 931 930 928
2098 2 2 1 1 931 928 928
2099 2 2 1 1 935 934 932
2100 2 2 1 1 935 932 932
2101 2 2 1 1 912 935 936
2102 2 2 1 1 912 936 936
2103 2 2 1 1 936 913 912
2104 2 2 1 1 936 912 912
2105 2 2 1 1 932 936 935
2106 2 2 1 1 932 935 935
2107 2 2 1 1 910 923 925
2108 2 2 1 1 910 925 914
2109 2 2 1 1 914 925 937
2110 2 2 1 1 914 937 916
2111 2 2 1 1 925 927 929
2112 2 2 1 1 925 929 937
2113 2 2 1 1 916 937 938
2114 2 2 1 1 916 938 918
2115 2 2 1 1 937 929 930
2116 2 2 1 1 937 930 938
2117 2 2 1 1 918 938 934
2118 2 2 1 1 918 934 920
2119 2 2 1 1 938 930 933
2120 2 2 1 1 938 933 934
2121 2 2 1 1 920 934 935
2122 2 2 1 1 920 935 912
2123 2 2 1 1 926 136 152
2124 2 2 1 1 926 152 928
2125 2 2 1 1 924 120 136
2126 2 2 1 1 924 136 926
2127 2 2 1 1 909 52 51
2128 2 2 1 1 909 51 922
2129 2 2 1 1 922 51 120
2130 2 2 1 1 922 120 924
2131 2 2 1 1 168 931 928
2132 2 2 1 1 168 928 152
2133 2 2 1 1 931 168 184
2134 2 2 1 1 931 184 932
2135 2 2 1 1 932 184 84
2136 2 2 1 1 932 84 936
2137 2 2 1 1 83 913 936
2138 2 2 1 1 83 936 84
2139 2 2 1 1 3 2 939
2140 2 2 1 1 3 3 939
2141 2 2 1 1 6 940 4
2142 2 2 1 1 6 6 4
2143 2 2 1 1 941 7 3
2144 2 2 1 1 939 941 3
2145 2 2 1 1 942 9 7
2146 2 2 1 1 941 942 7
2147 2 2 1 1 943 11 9
2148 2 2 1 1 942 943 9
2149 2 2 1 1 944 13 11
2150 2 2 1 1 943 944 11
2151 2 2 1 1 940 6 13
2152 2 2 1 1 944 940 13
2153 2 2 1 1 945 2 15
2154 2 2 1 1 946 945 15
2155 2 2 1 1 4 948 947
2156 2 2 1 1 20 4 947
2157 2 2 1 1 949 946 15
2158 2 2 1 1 22 949 15
2159 2 2 1 1 950 949 22
2160 2 2 1 1 24 950 22
2161 2 2 1 1 951 950 24
2162 2 2 1 1 26 951 24
2163 2 2 1 1 952 951 26
2164 2 2 1 1 28 952 26
2165 2 2 1 1 953 952 28
2166 2 2 1 1 30 953 28
2167 2 2 1 1 954 953 30
2168 2 2 1 1 32 954 30
2169 2 2 1 1 955 954 32
2170 2 2 1 1 34 955 32
2171 2 2 1 1 956 955 34
2172 2 2 1 1 36 956 34
2173 2 2 1 1 957 956 36
2174 2 2 1 1 38 957 36
2175 2 2 1 1 958 957 38
2176 2 2 1 1 40 958 38
2177 2 2 1 1 959 958 40
2178 2 2 1 1 42 959 40
2179 2 2 1 1 960 959 42
2180 2 2 1 1 44 960 42
2181 2 2 1 1 961 960 44
2182 2 2 1 1 46 961 44
2183 2 2 1 1 962 961 46
2184 2 2 1 1 48 962 46
2185 2 2 1 1 963 962 48
2186 2 2 1 1 50 963 48
2187 2 2 1 1 964 963 50
2188 2 2 1 1 52 964 50
2189 2 2 1 1 53 20 947
2190 2 2 1 1 965 53 947
2191 2 2 1 1 55 53 965
2192 2 2 1 1 966 55 965
2193 2 2 1 1 57 55 966
2194 2 2 1 1 967 57 966
2195 2 2 1 1 59 57 967
2196 2 2 1 1 968 59 967
2197 2 2 1 1 61 59 968
2198 2 2 1 1 969 61 968
2199 2 2 1 1 63 61 969
2200 2 2 1 1 970 63 969
2201 2 2 1 1 65 63 970
2202 2 2 1 1 971 65 970
2203 2 2 1 1 67 65 971
2204 2 2 1 1 972 67 971
2205 2 2 1 1 69 67 972
2206 2 2 1 1 973 69 972
2207 2 2 1 1 71 69 973
2208 2 2 1 1 974 71 973
2209 2 2 1 1 73 71 974
2210 2 2 1 1 975 73 974
2211 2 2 1 1 75 73 975
2212 2 2 1 1 976 75 975
2213 2 2 1 1 77 75 976
2214 2 2 1 1 977 77 976
2215 2 2 1 1 79 77 977
2216 2 2 1 1 978 79 977
2217 2 2 1 1 81 79 978
2218 2 2 1 1 979 81 978
2219 2 2 1 1 83 81 979
2220 2 2 1 1 980 83 979
2221 2 2 1 1 2 945 939
2222 2 2 1 1 2 2 939
2223 2 2 1 1 945 981 939
2224 2 2 1 1 945 945 939
2225 2 2 1 1 983 982 981
2226 2 2 1 1 983 983 981
2227 2 2 1 1 981 945 983
2228 2 2 1 1 981 981 983
2229 2 2 1 1 985 984 983
2230 2 2 1 1 985 985 983
2231 2 2 1 1 982 983 984
2232 2 2 1 1 982 982 984
2233 2 2 1 1 985 987 986
2234 2 2 1 1 985 985 986
2235 2 2 1 1 986 984 985
2236 2 2 1 1 986 986 985
2237 2 2 1 1 988 986 987
2238 2 2 1 1 988 988 987
2239 2 2 1 1 991 990 989
2240 2 2 1 1 991 991 989
2241 2 2 1 1 989 990 992
2242 2 2 1 1 989 989 992
2243 2 2 1 1 988 991 989
2244 2 2 1 1 988 988 989
2245 2 2 1 1 991 988 987
2246 2 2 1 1 991 991 987
2247 2 2 1 1 993 992 990
2248 2 2 1 1 993 993 990
2249 2 2 1 1 940 993 948
2250 2 2 1 1 940 940 948
2251 2 2 1 1 948 4 940
2252 2 2 1 1 948 948 940
2253 2 2 1 1 990 948 993
2254 2 2 1 1 990 990 993
2255 2 2 1 1 982 941 939
2256 2 2 1 1 981 982 939
2257 2 2 1 1 994 942 941
2258 2 2 1 1 982 994 941
2259 2 2 1 1 986 994 982
2260 2 2 1 1 984 986 982
2261 2 2 1 1 995 943 942
2262 2 2 1 1 994 995 942
2263 2 2 1 1 988 995 994
2264 2 2 1 1 986 988 994
2265 2 2 1 1 992 944 943
2266 2 2 1 1 995 992 943
2267 2 2 1 1 989 992 995
2268 2 2 1 1 988 989 995
2269 2 2 1 1 993 940 944
2270 2 2 1 1 992 993 944
2271 2 2 1 1 987 985 996
2272 2 2 1 1 997 987 996
2273 2 2 1 1 983 945 946
2274 2 2 1 1 998 983 946
2275 2 2 1 1 985 983 998
2276 2 2 1 1 996 985 998
2277 2 2 1 1 990 991 999
2278 2 2 1 1 1000 990 999
2279 2 2 1 1 997 999 991
2280 2 2 1 1 987 997 991
2281 2 2 1 1 948 990 1000
2282 2 2 1 1 947 948 1000
2283 2 2 1 1 1001 998 946
2284 2 2 1 1 949 1001 946
2285 2 2 1 1 1002 1001 949
2286 2 2 1 1 950 1002 949
2287 2 2 1 1 1003 1002 950
2288 2 2 1 1 951 1003 950
2289 2 2 1 1 1004 1003 951
2290 2 2 1 1 952 1004 951
2291 2 2 1 1 1005 1004 952
2292 2 2 1 1 953 1005 952
2293 2 2 1 1 1006 1005 953
2294 2 2 1 1 954 1006 953
2295 2 2 1 1 1007 1006 954
2296 2 2 1 1 955 1007 954
2297 2 2 1 1 1008 1007 955
2298 2 2 1 1 956 1008 955
2299 2 2 1 1 1009 1008 956
2300 2 2 1 1 957 1009 956
2301 2 2 1 1 1010 1009 957
2302 2 2 1 1 958 1010 957
2303 2 2 1 1 1011 1010 958
2304 2 2 1 1 959 1011 958
2305 2 2 1 1 1012 1011 959
2306 2 2 1 1 960 1012 959
2307 2 2 1 1 1013 1012 960
2308 2 2 1 1 961 1013 960
2309 2 2 1 1 1014 1013 961
2310 2 2 1 1 962 1014 961
2311 2 2 1 1 1015 1014 962
2312 2 2 1 1 963 1015 962
2313 2 2 1 1 1016 1015 963
2314 2 2 1 1 964 1016 963
2315 2 2 1 1 1017 996 998
2316 2 2 1 1 1001 1017 998
2317 2 2 1 1 1018 1017 1001
2318 2 2 1 1 1002 1018 1001
2319 2 2 1 1 1019 1018 1002
2320 2 2 1 1 1003 1019 1002
2321 2 2 1 1 1020 1019 1003
2322 2 2 1 1 1004 1020 1003
2323 2 2 1 1 1021 1020 1004
2324 2 2 1 1 1005 1021 1004
2325 2 2 1 1 1022 1021 1005
2326 2 2 1 1 1006 1022 1005
2327 2 2 1 1 1023 1022 1006
2328 2 2 1 1 1007 1023 1006
2329 2 2 1 1 1024 1023 1007
2330 2 2 1 1 1008 1024 1007
2331 2 2 1 1 1025 1024 1008
2332 2 2 1 1 1009 1025 1008
2333 2 2 1 1 1026 1025 1009
2334 2 2 1 1 1010 1026 1009
2335 2 2 1 1 1027 1026 1010
2336 2 2 1 1 1011 1027 1010
2337 2 2 1 1 1028 1027 1011
2338 2 2 1 1 1012 1028 1011
2339 2 2 1 1 1029 1028 1012
2340 2 2 1 1 1013 1029 1012
2341 2 2 1 1 1030 1029 1013
2342 2 2 1 1 1014 1030 1013
2343 2 2 1 1 1031 1030 1014
2344 2 2 1 1 1015 1031 1014
2345 2 2 1 1 1032 1031 1015
2346 2 2 1 1 1016 1032 1015
2347 2 2 1 1 1033 997 996
2348 2 2 1 1 1017 1033 996
2349 2 2 1 1 1034 1033 1017
2350 2 2 1 1 1018 1034 1017
2351 2 2 1 1 1035 1034 1018
2352 2 2 1 1 1019 1035 1018
2353 2 2 1 1 1036 1035 1019
2354 2 2 1 1 1020 1036 1019
2355 2 2 1 1 1037 1036 1020
2356 2 2 1 1 1021 1037 1020
2357 2 2 1 1 1038 1037 1021
2358 2 2 1 1 1022 1038 1021
2359 2 2 1 1 1039 1038 1022
2360 2 2 1 1 1023 1039 1022
2361 2 2 1 1 1040 1039 1023
2362 2 2 1 1 1024 1040 1023
2363 2 2 1 1 1041 1040 1024
2364 2 2 1 1 1025 1041 1024
2365 2 2 1 1 1042 1041 1025
2366 2 2 1 1 1026 1042 1025
2367 2 2 1 1 1043 1042 1026
2368 2 2 1 1 1027 1043 1026
2369 2 2 1 1 1044 1043 1027
2370 2 2 1 1 1028 1044 1027
2371 2 2 1 1 1045 1044 1028
2372 2 2 1 1 1029 1045 1028
2373 2 2 1 1 1046 1045 1029
2374 2 2 1 1 1030 1046 1029
2375 2 2 1 1 1047 1046 1030
2376 2 2 1 1 1031 1047 1030
2377 2 2 1 1 1048 1047 1031
2378 2 2 1 1 1032 1048 1031
2379 2 2 1 1 1049 999 997
2380 2 2 1 1 1033 1049 997
2381 2 2 1 1 1050 1049 1033
2382 2 2 1 1 1034 1050 1033
2383 2 2 1 1 1051 1050 1034
2384 2 2 1 1 1035 1051 1034
2385 2 2 1 1 1052 1051 1035
2386 2 2 1 1 1036 1052 1035
2387 2 2 1 1 1053 1052 1036
2388 2 2 1 1 1037 1053 1036
2389 2 2 1 1 1054 1053 1037
2390 2 2 1 1 1038 1054 1037
2391 2 2 1 1 1055 1054 1038
2392 2 2 1 1 1039 1055 1038
2393 2 2 1 1 1056 1055 1039
2394 2 2 1 1 1040 1056 1039
2395 2 2 1 1 1057 1056 1040
2396 2 2 1 1 1041 1057 1040
2397 2 2 1 1 1058 1057 1041
2398 2 2 1 1 1042 1058 1041
2399 2 2 1 1 1059 1058 1042
2400 2 2 1 1 1043 1059 1042
2401 2 2 1 1 1060 1059 1043
2402 2 2 1 1 1044 1060 1043
2403 2 2 1 1 1061 1060 1044
2404 2 2 1 1 1045 1061 1044
2405 2 2 1 1 1062 1061 1045
2406 2 2 1 1 1046 1062 1045
2407 2 2 1 1 1063 1062 1046
2408 2 2 1 1 1047 1063 1046
2409 2 2 1 1 1064 1063 1047
2410 2 2 1 1 1048 1064 1047
2411 2 2 1 1 1065 1000 999
2412 2 2 1 1 1049 1065 999
2413 2 2 1 1 1066 1065 1049
2414 2 2 1 1 1050 1066 1049
2415 2 2 1 1 1067 1066 1050
2416 2 2 1 1 1051 1067 1050
2417 2 2 1 1 1068 1067 1051
2418 2 2 1 1 1052 1068 1051
2419 2 2 1 1 1069 1068 1052
2420 2 2 1 1 1053 1069 1052
2421 2 2 1 1 1070 1069 1053
2422 2 2 1 1 1054 1070 1053
2423 2 2 1 1 1071 1070 1054
2424 2 2 1 1 1055 1071 1054
2425 2 2 1 1 1072 1071 1055
2426 2 2 1 1 1056 1072 1055
2427 2 2 1 1 1073 1072 1056
2428 2 2 1 1 1057 1073 1056
2429 2 2 1 1 1074 1073 1057
2430 2 2 1 1 1058 1074 1057
2431 2 2 1 1 1075 1074 1058
2432 2 2 1 1 1059 1075 1058
2433 2 2 1 1 1076 1075 1059
2434 2 2 1 1 1060 1076 1059
2435 2 2 1 1 1077 1076 1060
2436 2 2 1 1 1061 1077 1060
2437 2 2 1 1 1078 1077 1061
2438 2 2 1 1 1062 1078 1061
2439 2 2 1 1 1079 1078 1062
2440 2 2 1 1 1063 1079 1062
2441 2 2 1 1 1080 1079 1063
2442 2 2 1 1 1064 1080 1063
2443 2 2 1 1 965 947 1000
2444 2 2 1 1 1065 965 1000
2445 2 2 1 1 966 965 1065
2446 2 2 1 1 1066 966 1065
2447 2 2 1 1 967 966 1066
2448 2 2 1 1 1067 967 1066
2449 2 2 1 1 968 967 1067
2450 2 2 1 1 1068 968 1067
2451 2 2 1 1 969 968 1068
2452 2 2 1 1 1069 969 1068
2453 2 2 1 1 970 969 1069
2454 2 2 1 1 1070 970 1069
2455 2 2 1 1 971 970 1070
2456 2 2 1 1 1071 971 1070
2457 2 2 1 1 972 971 1071
2458 2 2 1 1 1072 972 1071
2459 2 2 1 1 973 972 1072
2460 2 2 1 1 1073 973 1072
2461 2 2 1 1 974 973 1073
2462 2 2 1 1 1074 974 1073
2463 2 2 1 1 975 974 1074
2464 2 2 1 1 1075 975 1074
2465 2 2 1 1 976 975 1075
2466 2 2 1 1 1076 976 1075
2467 2 2 1 1 977 976 1076
2468 2 2 1 1 1077 977 1076
2469 2 2 1 1 978 977 1077
2470 2 2 1 1 1078 978 1077
2471 2 2 1 1 979 978 1078
2472 2 2 1 1 1079 979 1078
2473 2 2 1 1 980 979 1079
2474 2 2 1 1 1080 980 1079
2475 2 2 1 1 187 186 1081
2476 2 2 1 1 187 187 1081
2477 2 2 1 1 190 1082 188
2478 2 2 1 1 190 190 188
2479 2 2 1 1 1083 1081 186
2480 2 2 1 1 192 1083 186
2481 2 2 1 1 1084 1083 192
2482 2 2 1 1 194 1084 192
2483 2 2 1 1 1085 1084 194
2484 2 2 1 1 196 1085 194
2485 2 2 1 1 1086 1085 196
2486 2 2 1 1 198 1086 196
2487 2 2 1 1 1087 1086 198
2488 2 2 1 1 200 1087 198
2489 2 2 1 1 1088 1087 200
2490 2 2 1 1 202 1088 200
2491 2 2 1 1 1089 1088 202
2492 2 2 1 1 204 1089 202
2493 2 2 1 1 1082 1089 204
2494 2 2 1 1 188 1082 204
2495 2 2 1 1 1090 206 205
2496 2 2 1 1 1091 1090 205
2497 2 2 1 1 211 1093 1092
2498 2 2 1 1 212 211 1092
2499 2 2 1 1 1094 213 187
2500 2 2 1 1 1095 1094 187
2501 2 2 1 1 1096 190 216
2502 2 2 1 1 1097 1096 216
2503 2 2 1 1 1098 1091 205
2504 2 2 1 1 220 1098 205
2505 2 2 1 1 1099 1098 220
2506 2 2 1 1 222 1099 220
2507 2 2 1 1 1100 1099 222
2508 2 2 1 1 224 1100 222
2509 2 2 1 1 1101 1100 224
2510 2 2 1 1 226 1101 224
2511 2 2 1 1 1102 1101 226
2512 2 2 1 1 228 1102 226
2513 2 2 1 1 1094 1102 228
2514 2 2 1 1 213 1094 228
2515 2 2 1 1 229 212 1092
2516 2 2 1 1 1103 229 1092
2517 2 2 1 1 231 229 1103
2518 2 2 1 1 1104 231 1103
2519 2 2 1 1 233 231 1104
2520 2 2 1 1 1105 233 1104
2521 2 2 1 1 235 233 1105
2522 2 2 1 1 1106 235 1105
2523 2 2 1 1 237 235 1106
2524 2 2 1 1 1107 237 1106
2525 2 2 1 1 216 237 1107
2526 2 2 1 1 1097 216 1107
2527 2 2 1 1 241 240 1108
2528 2 2 1 1 241 241 1108
2529 2 2 1 1 244 243 1109
2530 2 2 1 1 244 244 1109
2531 2 2 1 1 1110 245 241
2532 2 2 1 1 1111 1110 241
2533 2 2 1 1 1112 248 245
2534 2 2 1 1 1110 1112 245
2535 2 2 1 1 1113 250 248
2536 2 2 1 1 1112 1113 248
2537 2 2 1 1 1114 252 250
2538 2 2 1 1 1113 1114 250
2539 2 2 1 1 1115 254 252
2540 2 2 1 1 1114 1115 252
2541 2 2 1 1 1116 256 254
2542 2 2 1 1 1115 1116 254
2543 2 2 1 1 1117 258 256
2544 2 2 1 1 1116 1117 256
2545 2 2 1 1 1118 243 258
2546 2 2 1 1 1117 1118 258
2547 2 2 1 1 1119 262 261
2548 2 2 1 1 1119 1119 261
2549 2 2 1 1 265 206 1120
2550 2 2 1 1 265 265 1120
2551 2 2 1 1 1121 211 266
2552 2 2 1 1 1121 1121 266
2553 2 2 1 1 270 1122 268
2554 2 2 1 1 270 270 268
2555 2 2 1 1 1120 1123 261
2556 2 2 1 1 265 1120 261
2557 2 2 1 1 1124 1121 266
2558 2 2 1 1 268 1124 266
2559 2 2 1 1 1108 240 273
2560 2 2 1 1 1125 1108 273
2561 2 2 1 1 244 1109 1126
2562 2 2 1 1 276 244 1126
2563 2 2 1 1 1127 277 262
2564 2 2 1 1 1119 1127 262
2565 2 2 1 1 1122 270 279
2566 2 2 1 1 1128 1122 279
2567 2 2 1 1 1127 1125 273
2568 2 2 1 1 277 1127 273
2569 2 2 1 1 279 276 1126
2570 2 2 1 1 1128 279 1126
2571 2 2 1 1 1131 1130 1129
2572 2 2 1 1 1131 1131 1129
2573 2 2 1 1 1081 1095 187
2574 2 2 1 1 1081 1081 187
2575 2 2 1 1 1095 1081 1130
2576 2 2 1 1 1095 1095 1130
2577 2 2 1 1 1095 1130 1131
2578 2 2 1 1 1095 1095 1131
2579 2 2 1 1 1133 1131 1132
2580 2 2 1 1 1133 1133 1132
2581 2 2 1 1 1129 1130 1134
2582 2 2 1 1 1129 1129 1134
2583 2 2 1 1 1135 1132 1129
2584 2 2 1 1 1135 1135 1129
2585 2 2 1 1 1132 1131 1129
2586 2 2 1 1 1132 1132 1129
2587 2 2 1 1 1137 1136 1133
2588 2 2 1 1 1137 1137 1133
2589 2 2 1 1 1133 1132 1137
2590 2 2 1 1 1133 1133 1137
2591 2 2 1 1 1140 1139 1138
2592 2 2 1 1 1140 1140 1138
2593 2 2 1 1 1137 1141 1136
2594 2 2 1 1 1137 1137 1136
2595 2 2 1 1 1142 1136 1141
2596 2 2 1 1 1142 1142 1141
2597 2 2 1 1 1143 1136 1142
2598 2 2 1 1 1143 1143 1142
2599 2 2 1 1 1138 1144 1143
2600 2 2 1 1 1138 1138 1143
2601 2 2 1 1 1138 1143 1142
2602 2 2 1 1 1138 1138 1142
2603 2 2 1 1 1082 190 1096
2604 2 2 1 1 1082 1082 1096
2605 2 2 1 1 1082 1096 1145
2606 2 2 1 1 1082 1082 1145
2607 2 2 1 1 1139 1146 1145
2608 2 2 1 1 1139 1139 1145
2609 2 2 1 1 1144 1138 1139
2610 2 2 1 1 1144 1144 1139
2611 2 2 1 1 1145 1096 1144
2612 2 2 1 1 1145 1145 1144
2613 2 2 1 1 1144 1139 1145
2614 2 2 1 1 1144 1144 1145
2615 2 2 1 1 1134 1130 1081
2616 2 2 1 1 1083 1134 1081
2617 2 2 1 1 1147 1134 1083
2618 2 2 1 1 1084 1147 1083
2619 2 2 1 1 1135 1129 1134
2620 2 2 1 1 1147 1135 1134
2621 2 2 1 1 1148 1147 1084
2622 2 2 1 1 1085 1148 1084
2623 2 2 1 1 1149 1135 1147
2624 2 2 1 1 1148 1149 1147
2625 2 2 1 1 1137 1132 1135
2626 2 2 1 1 1149 1137 1135
2627 2 2 1 1 1150 1148 1085
2628 2 2 1 1 1086 1150 1085
2629 2 2 1 1 1151 1149 1148
2630 2 2 1 1 1150 1151 1148
2631 2 2 1 1 1141 1137 1149
2632 2 2 1 1 1151 1141 1149
2633 2 2 1 1 1152 1150 1086
2634 2 2 1 1 1087 1152 1086
2635 2 2 1 1 1153 1151 1150
2636 2 2 1 1 1152 1153 1150
2637 2 2 1 1 1142 1141 1151
2638 2 2 1 1 1153 1142 1151
2639 2 2 1 1 1154 1152 1087
2640 2 2 1 1 1088 1154 1087
2641 2 2 1 1 1140 1153 1152
2642 2 2 1 1 1154 1140 1152
2643 2 2 1 1 1138 1142 1153
2644 2 2 1 1 1140 1138 1153
2645 2 2 1 1 1146 1154 1088
2646 2 2 1 1 1089 1146 1088
2647 2 2 1 1 1139 1140 1154
2648 2 2 1 1 1146 1139 1154
2649 2 2 1 1 1145 1146 1089
2650 2 2 1 1 1082 1145 1089
2651 2 2 1 1 1157 1156 1155
2652 2 2 1 1 1158 1157 1155
2653 2 2 1 1 1159 1090 1091
2654 2 2 1 1 1160 1159 1091
2655 2 2 1 1 1156 1159 1160
2656 2 2 1 1 1155 1156 1160
2657 2 2 1 1 1163 1162 1161
2658 2 2 1 1 1164 1163 1161
2659 2 2 1 1 1158 1161 1162
2660 2 2 1 1 1157 1158 1162
2661 2 2 1 1 1093 1163 1164
2662 2 2 1 1 1092 1093 1164
2663 2 2 1 1 1166 1165 1133
2664 2 2 1 1 1136 1166 1133
2665 2 2 1 1 1167 1094 1095
2666 2 2 1 1 1131 1167 1095
2667 2 2 1 1 1165 1167 1131
2668 2 2 1 1 1133 1165 1131
2669 2 2 1 1 1169 1168 1143
2670 2 2 1 1 1144 1169 1143
2671 2 2 1 1 1136 1143 1168
2672 2 2 1 1 1166 1136 1168
2673 2 2 1 1 1097 1169 1144
2674 2 2 1 1 1096 1097 1144
2675 2 2 1 1 1170 1160 1091
2676 2 2 1 1 1098 1170 1091
2677 2 2 1 1 1171 1170 1098
2678 2 2 1 1 1099 1171 1098
2679 2 2 1 1 1172 1171 1099
2680 2 2 1 1 1100 1172 1099
2681 2 2 1 1 1173 1172 1100
2682 2 2 1 1 1101 1173 1100
2683 2 2 1 1 1174 1173 1101
2684 2 2 1 1 1102 1174 1101
2685 2 2 1 1 1167 1174 1102
2686 2 2 1 1 1094 1167 1102
2687 2 2 1 1 1175 1155 1160
2688 2 2 1 1 1170 1175 1160
2689 2 2 1 1 1176 1175 1170
2690 2 2 1 1 1171 1176 1170
2691 2 2 1 1 1177 1176 1171
2692 2 2 1 1 1172 1177 1171
2693 2 2 1 1 1178 1177 1172
2694 2 2 1 1 1173 1178 1172
2695 2 2 1 1 1179 1178 1173
2696 2 2 1 1 1174 1179 1173
2697 2 2 1 1 1165 1179 1174
2698 2 2 1 1 1167 1165 1174
2699 2 2 1 1 1180 1158 1155
2700 2 2 1 1 1175 1180 1155
2701 2 2 1 1 1181 1180 1175
2702 2 2 1 1 1176 1181 1175
2703 2 2 1 1 1182 1181 1176
2704 2 2 1 1 1177 1182 1176
2705 2 2 1 1 1183 1182 1177
2706 2 2 1 1 1178 1183 1177
2707 2 2 1 1 1184 1183 1178
2708 2 2 1 1 1179 1184 1178
2709 2 2 1 1 1166 1184 1179
2710 2 2 1 1 1165 1166 1179
2711 2 2 1 1 1185 1161 1158
2712 2 2 1 1 1180 1185 1158
2713 2 2 1 1 1186 1185 1180
2714 2 2 1 1 1181 1186 1180
2715 2 2 1 1 1187 1186 1181
2716 2 2 1 1 1182 1187 1181
2717 2 2 1 1 1188 1187 1182
2718 2 2 1 1 1183 1188 1182
2719 2 2 1 1 1189 1188 1183
2720 2 2 1 1 1184 1189 1183
2721 2 2 1 1 1168 1189 1184
2722 2 2 1 1 1166 1168 1184
2723 2 2 1 1 1190 1164 1161
2724 2 2 1 1 1185 1190 1161
2725 2 2 1 1 1191 1190 1185
2726 2 2 1 1 1186 1191 1185
2727 2 2 1 1 1192 1191 1186
2728 2 2 1 1 1187 1192 1186
2729 2 2 1 1 1193 1192 1187
2730 2 2 1 1 1188 1193 1187
2731 2 2 1 1 1194 1193 1188
2732 2 2 1 1 1189 1194 1188
2733 2 2 1 1 1169 1194 1189
2734 2 2 1 1 1168 1169 1189
2735 2 2 1 1 1103 1092 1164
2736 2 2 1 1 1190 1103 1164
2737 2 2 1 1 1104 1103 1190
2738 2 2 1 1 1191 1104 1190
2739 2 2 1 1 1105 1104 1191
2740 2 2 1 1 1192 1105 1191
2741 2 2 1 1 1106 1105 1192
2742 2 2 1 1 1193 1106 1192
2743 2 2 1 1 1107 1106 1193
2744 2 2 1 1 1194 1107 1193
2745 2 2 1 1 1097 1107 1194
2746 2 2 1 1 1169 1097 1194
2747 2 2 1 1 1197 1196 1195
2748 2 2 1 1 1197 1197 1195
2749 2 2 1 1 1200 1199 1198
2750 2 2 1 1 1200 1200 1198
2751 2 2 1 1 1111 1202 1201
2752 2 2 1 1 1111 1111 1201
2753 2 2 1 1 1202 1111 1108
2754 2 2 1 1 1202 1202 1108
2755 2 2 1 1 241 1108 1111
2756 2 2 1 1 241 241 1111
2757 2 2 1 1 1201 1203 1199
2758 2 2 1 1 1201 1201 1199
2759 2 2 1 1 1201 1202 1203
2760 2 2 1 1 1201 1201 1203
2761 2 2 1 1 1203 1198 1199
2762 2 2 1 1 1203 1203 1199
2763 2 2 1 1 1205 1200 1204
2764 2 2 1 1 1205 1205 1204
2765 2 2 1 1 1199 1200 1205
2766 2 2 1 1 1199 1199 1205
2767 2 2 1 1 1206 1201 1199
2768 2 2 1 1 1206 1206 1199
2769 2 2 1 1 1207 1199 1205
2770 2 2 1 1 1207 1207 1205
2771 2 2 1 1 1205 1204 1208
2772 2 2 1 1 1205 1205 1208
2773 2 2 1 1 1197 1205 1208
2774 2 2 1 1 1197 1197 1208
2775 2 2 1 1 1197 1208 1196
2776 2 2 1 1 1197 1197 1196
2777 2 2 1 1 1211 1210 1209
2778 2 2 1 1 1211 1211 1209
2779 2 2 1 1 1212 1195 1196
2780 2 2 1 1 1212 1212 1196
2781 2 2 1 1 1215 1214 1213
2782 2 2 1 1 1215 1215 1213
2783 2 2 1 1 1195 1212 1214
2784 2 2 1 1 1195 1195 1214
2785 2 2 1 1 1215 1211 1209
2786 2 2 1 1 1215 1215 1209
2787 2 2 1 1 1214 1212 1213
2788 2 2 1 1 1214 1214 1213
2789 2 2 1 1 1215 1213 1216
2790 2 2 1 1 1215 1215 1216
2791 2 2 1 1 1215 1216 1211
2792 2 2 1 1 1215 1215 1211
2793 2 2 1 1 1109 243 1118
2794 2 2 1 1 1109 1109 1118
2795 2 2 1 1 1118 1218 1217
2796 2 2 1 1 1118 1118 1217
2797 2 2 1 1 1109 1118 1217
2798 2 2 1 1 1109 1109 1217
2799 2 2 1 1 1218 1219 1210
2800 2 2 1 1 1218 1218 1210
2801 2 2 1 1 1210 1211 1220
2802 2 2 1 1 1210 1210 1220
2803 2 2 1 1 1220 1221 1210
2804 2 2 1 1 1220 1220 1210
2805 2 2 1 1 1218 1210 1221
2806 2 2 1 1 1218 1218 1221
2807 2 2 1 1 1221 1217 1218
2808 2 2 1 1 1221 1221 1218
2809 2 2 1 1 1206 1110 1111
2810 2 2 1 1 1201 1206 1111
2811 2 2 1 1 1222 1112 1110
2812 2 2 1 1 1206 1222 1110
2813 2 2 1 1 1207 1222 1206
2814 2 2 1 1 1199 1207 1206
2815 2 2 1 1 1223 1113 1112
2816 2 2 1 1 1222 1223 1112
2817 2 2 1 1 1224 1223 1222
2818 2 2 1 1 1207 1224 1222
2819 2 2 1 1 1197 1224 1207
2820 2 2 1 1 1205 1197 1207
2821 2 2 1 1 1225 1114 1113
2822 2 2 1 1 1223 1225 1113
2823 2 2 1 1 1226 1225 1223
2824 2 2 1 1 1224 1226 1223
2825 2 2 1 1 1195 1226 1224
2826 2 2 1 1 1197 1195 1224
2827 2 2 1 1 1227 1115 1114
2828 2 2 1 1 1225 1227 1114
2829 2 2 1 1 1228 1227 1225
2830 2 2 1 1 1226 1228 1225
2831 2 2 1 1 1214 1228 1226
2832 2 2 1 1 1195 1214 1226
2833 2 2 1 1 1229 1116 1115
2834 2 2 1 1 1227 1229 1115
2835 2 2 1 1 1209 1229 1227
2836 2 2 1 1 1228 1209 1227
2837 2 2 1 1 1215 1209 1228
2838 2 2 1 1 1214 1215 1228
2839 2 2 1 1 1219 1117 1116
2840 2 2 1 1 1229 1219 1116
2841 2 2 1 1 1210 1219 1229
2842 2 2 1 1 1209 1210 1229
2843 2 2 1 1 1218 1118 1117
2844 2 2 1 1 1219 1218 1117
2845 2 2 1 1 1232 1231 1230
2846 2 2 1 1 1232 1232 1230
2847 2 2 1 1 1120 1090 1233
2848 2 2 1 1 1120 1120 1233
2849 2 2 1 1 1235 1123 1234
2850 2 2 1 1 1235 1235 1234
2851 2 2 1 1 1123 1235 1119
2852 2 2 1 1 1123 1123 1119
2853 2 2 1 1 1119 261 1123
2854 2 2 1 1 1119 1119 1123
2855 2 2 1 1 1238 1237 1236
2856 2 2 1 1 1238 1238 1236
2857 2 2 1 1 1236 1235 1234
2858 2 2 1 1 1236 1236 1234
2859 2 2 1 1 1234 1238 1236
2860 2 2 1 1 1234 1234 1236
2861 2 2 1 1 1238 1239 1237
2862 2 2 1 1 1238 1238 1237
2863 2 2 1 1 1238 1240 1239
2864 2 2 1 1 1238 1238 1239
2865 2 2 1 1 1238 1234 1233
2866 2 2 1 1 1238 1238 1233
2867 2 2 1 1 1239 1240 1241
2868 2 2 1 1 1239 1239 1241
2869 2 2 1 1 1120 206 1090
2870 2 2 1 1 1120 1120 1090
2871 2 2 1 1 1159 1242 1090
2872 2 2 1 1 1159 1159 1090
2873 2 2 1 1 1090 1242 1233
2874 2 2 1 1 1090 1090 1233
2875 2 2 1 1 1156 1243 1242
2876 2 2 1 1 1156 1156 1242
2877 2 2 1 1 1156 1244 1243
2878 2 2 1 1 1156 1156 1243
2879 2 2 1 1 1156 1242 1159
2880 2 2 1 1 1156 1156 1159
2881 2 2 1 1 1240 1232 1245
2882 2 2 1 1 1240 1240 1245
2883 2 2 1 1 1240 1238 1243
2884 2 2 1 1 1240 1240 1243
2885 2 2 1 1 1241 1240 1245
2886 2 2 1 1 1241 1241 1245
2887 2 2 1 1 1156 1157 1244
2888 2 2 1 1 1156 1156 1244
2889 2 2 1 1 1230 1245 1232
2890 2 2 1 1 1230 1230 1232
2891 2 2 1 1 1246 1244 1157
2892 2 2 1 1 1246 1246 1157
2893 2 2 1 1 1247 1246 1157
2894 2 2 1 1 1247 1247 1157
2895 2 2 1 1 1157 1162 1247
2896 2 2 1 1 1157 1157 1247
2897 2 2 1 1 1163 1093 1248
2898 2 2 1 1 1163 1163 1248
2899 2 2 1 1 1249 1162 1248
2900 2 2 1 1 1249 1249 1248
2901 2 2 1 1 1249 1247 1162
2902 2 2 1 1 1249 1249 1162
2903 2 2 1 1 1248 1162 1163
2904 2 2 1 1 1248 1248 1163
2905 2 2 1 1 1250 1230 1231
2906 2 2 1 1 1250 1250 1231
2907 2 2 1 1 1252 1251 1250
2908 2 2 1 1 1252 1252 1250
2909 2 2 1 1 1250 1231 1252
2910 2 2 1 1 1250 1250 1252
2911 2 2 1 1 1249 1254 1253
2912 2 2 1 1 1249 1249 1253
2913 2 2 1 1 1253 1251 1252
2914 2 2 1 1 1253 1253 1252
2915 2 2 1 1 1253 1255 1251
2916 2 2 1 1 1253 1253 1251
2917 2 2 1 1 1254 1255 1253
2918 2 2 1 1 1254 1254 1253
2919 2 2 1 1 1121 1093 211
2920 2 2 1 1 1121 1121 211
2921 2 2 1 1 1093 1256 1248
2922 2 2 1 1 1093 1093 1248
2923 2 2 1 1 1093 1121 1256
2924 2 2 1 1 1093 1093 1256
2925 2 2 1 1 1122 1124 268
2926 2 2 1 1 1122 1122 268
2927 2 2 1 1 1258 1124 1257
2928 2 2 1 1 1258 1258 1257
2929 2 2 1 1 1257 1124 1122
2930 2 2 1 1 1257 1257 1122
2931 2 2 1 1 1259 1256 1258
2932 2 2 1 1 1259 1259 1258
2933 2 2 1 1 1259 1260 1254
2934 2 2 1 1 1259 1259 1254
2935 2 2 1 1 1259 1254 1249
2936 2 2 1 1 1259 1259 1249
2937 2 2 1 1 1258 1257 1261
2938 2 2 1 1 1258 1258 1261
2939 2 2 1 1 1261 1260 1259
2940 2 2 1 1 1261 1261 1259
2941 2 2 1 1 1261 1259 1258
2942 2 2 1 1 1261 1261 1258
2943 2 2 1 1 1233 1234 1123
2944 2 2 1 1 1120 1233 1123
2945 2 2 1 1 1243 1238 1233
2946 2 2 1 1 1242 1243 1233
2947 2 2 1 1 1232 1240 1243
2948 2 2 1 1 1244 1232 1243
2949 2 2 1 1 1231 1232 1244
2950 2 2 1 1 1246 1231 1244
2951 2 2 1 1 1252 1231 1246
2952 2 2 1 1 1247 1252 1246
2953 2 2 1 1 1253 1252 1247
2954 2 2 1 1 1249 1253 1247
2955 2 2 1 1 1259 1249 1248
2956 2 2 1 1 1256 1259 1248
2957 2 2 1 1 1258 1256 1121
2958 2 2 1 1 1124 1258 1121
2959 2 2 1 1 1200 1198 1262
2960 2 2 1 1 1263 1200 1262
2961 2 2 1 1 1203 1202 1264
2962 2 2 1 1 1265 1203 1264
2963 2 2 1 1 1202 1108 1125
2964 2 2 1 1 1264 1202 1125
2965 2 2 1 1 1198 1203 1265
2966 2 2 1 1 1262 1198 1265
2967 2 2 1 1 1208 1204 1266
2968 2 2 1 1 1267 1208 1266
2969 2 2 1 1 1204 1200 1263
2970 2 2 1 1 1266 1204 1263
2971 2 2 1 1 1196 1208 1267
2972 2 2 1 1 1268 1196 1267
2973 2 2 1 1 1268 1269 1212
2974 2 2 1 1 1196 1268 1212
2975 2 2 1 1 1220 1211 1270
2976 2 2 1 1 1271 1220 1270
2977 2 2 1 1 1216 1213 1272
2978 2 2 1 1 1273 1216 1272
2979 2 2 1 1 1213 1212 1269
2980 2 2 1 1 1272 1213 1269
2981 2 2 1 1 1211 1216 1273
2982 2 2 1 1 1270 1211 1273
2983 2 2 1 1 1217 1221 1274
2984 2 2 1 1 1275 1217 1274
2985 2 2 1 1 1221 1220 1271
2986 2 2 1 1 1274 1221 1271
2987 2 2 1 1 1109 1217 1275
2988 2 2 1 1 1126 1109 1275
2989 2 2 1 1 1277 1276 1237
2990 2 2 1 1 1239 1277 1237
2991 2 2 1 1 1279 1278 1235
2992 2 2 1 1 1236 1279 1235
2993 2 2 1 1 1278 1127 1119
2994 2 2 1 1 1235 1278 1119
2995 2 2 1 1 1276 1279 1236
2996 2 2 1 1 1237 1276 1236
2997 2 2 1 1 1281 1280 1241
2998 2 2 1 1 1245 1281 1241
2999 2 2 1 1 1280 1277 1239
3000 2 2 1 1 1241 1280 1239
3001 2 2 1 1 1282 1281 1245
3002 2 2 1 1 1230 1282 1245
3003 2 2 1 1 1230 1250 1283
3004 2 2 1 1 1282 1230 1283
3005 2 2 1 1 1285 1284 1254
3006 2 2 1 1 1260 1285 1254
3007 2 2 1 1 1287 1286 1251
3008 2 2 1 1 1255 1287 1251
3009 2 2 1 1 1286 1283 1250
3010 2 2 1 1 1251 1286 1250
3011 2 2 1 1 1284 1287 1255
3012 2 2 1 1 1254 1284 1255
3013 2 2 1 1 1289 1288 1261
3014 2 2 1 1 1257 1289 1261
3015 2 2 1 1 1288 1285 1260
3016 2 2 1 1 1261 1288 1260
3017 2 2 1 1 1128 1289 1257
3018 2 2 1 1 1122 1128 1257
3019 2 2 1 1 1278 1264 1125
3020 2 2 1 1 1127 1278 1125
3021 2 2 1 1 1279 1265 1264
3022 2 2 1 1 1278 1279 1264
3023 2 2 1 1 1276 1262 1265
3024 2 2 1 1 1279 1276 1265
3025 2 2 1 1 1277 1263 1262
3026 2 2 1 1 1276 1277 1262
3027 2 2 1 1 1280 1266 1263
3028 2 2 1 1 1277 1280 1263
3029 2 2 1 1 1281 1267 1266
3030 2 2 1 1 1280 1281 1266
3031 2 2 1 1 1282 1268 1267
3032 2 2 1 1 1281 1282 1267
3033 2 2 1 1 1283 1269 1268
3034 2 2 1 1 1282 1283 1268
3035 2 2 1 1 1286 1272 1269
3036 2 2 1 1 1283 1286 1269
3037 2 2 1 1 1287 1273 1272
3038 2 2 1 1 1286 1287 1272
3039 2 2 1 1 1284 1270 1273
3040 2 2 1 1 1287 1284 1273
3041 2 2 1 1 1285 1271 1270
3042 2 2 1 1 1284 1285 1270
3043 2 2 1 1 1288 1274 1271
3044 2 2 1 1 1285 1288 1271
3045 2 2 1 1 1289 1275 1274
3046 2 2 1 1 1288 1289 1274
3047 2 2 1 1 1128 1126 1275
3048 2 2 1 1 1289 1128 1275
3049 2 2 1 1 1292 1291 1290
3050 2 2 1 1 1293 1292 1290
3051 2 2 1 1 1293 1290 1294
3052 2 2 1 1 1295 1293 1294
3053 2 2 1 1 1295 1294 1296
3054 2 2 1 1 1297 1295 1296
3055 2 2 1 1 1297 1296 1298
3056 2 2 1 1 1299 1297 1298
3057 2 2 1 1 1299 1298 1300
3058 2 2 1 1 1301 1299 1300
3059 2 2 1 1 1301 1300 1302
3060 2 2 1 1 1303 1301 1302
3061 2 2 1 1 1303 1302 1304
3062 2 2 1 1 1305 1303 1304
3063 2 2 1 1 1305 1304 1306
3064 2 2 1 1 1307 1305 1306
3065 2 2 1 1 1307 1306 1308
3066 2 2 1 1 1309 1307 1308
3067 2 2 1 1 1309 1308 1310
3068 2 2 1 1 1311 1309 1310
3069 2 2 1 1 1311 1310 1312
3070 2 2 1 1 1313 1311 1312
3071 2 2 1 1 1313 1312 1314
3072 2 2 1 1 1315 1313 1314
3073 2 2 1 1 1315 1314 1316
3074 2 2 1 1 1317 1315 1316
3075 2 2 1 1 1317 1316 1318
3076 2 2 1 1 1319 1317 1318
3077 2 2 1 1 1319 1318 1320
3078 2 2 1 1 1321 1319 1320
3079 2 2 1 1 1321 1320 1322
3080 2 2 1 1 1323 1321 1322
3081 2 2 1 1 1323 1322 1324
3082 2 2 1 1 1325 1323 1324
3083 2 2 1 1 1325 1324 1326
3084 2 2 1 1 1327 1325 1326
3085 2 2 1 1 1327 1326 1328
3086 2 2 1 1 1329 1327 1328
3087 2 2 1 1 1329 1328 1330
3088 2 2 1 1 1331 1329 1330
3089 2 2 1 1 1331 1330 1332
3090 2 2 1 1 1333 1331 1332
3091 2 2 1 1 1333 1332 1334
3092 2 2 1 1 1335 1333 1334
3093 2 2 1 1 1335 1334 1336
3094 2 2 1 1 1337 1335 1336
3095 2 2 1 1 1337 1336 1338
3096 2 2 1 1 1339 1337 1338
3097 2 2 1 1 1339 1338 1340
3098 2 2 1 1 1341 1339 1340
3099 2 2 1 1 1341 1340 1342
3100 2 2 1 1 1343 1341 1342
3101 2 2 1 1 1343 1342 1344
3102 2 2 1 1 1345 1343 1344
3103 2 2 1 1 1345 1344 1346
3104 2 2 1 1 1347 1345 1346
3105 2 2 1 1 1347 1346 1348
3106 2 2 1 1 1349 1347 1348
3107 2 2 1 1 1349 1348 1350
3108 2 2 1 1 1351 1349 1350
3109 2 2 1 1 1351 1350 1352
3110 2 2 1 1 1353 1351 1352
3111 2 2 1 1 1353 1352 1354
3112 2 2 1 1 1355 1353 1354
3113 2 2 1 1 1355 1354 1356
3114 2 2 1 1 1357 1355 1356
3115 2 2 1 1 1357 1356 1291
3116 2 2 1 1 1292 1357 1291
3117 2 2 1 1 1292 1293 1358
3118 2 2 1 1 1359 1292 1358
3119 2 2 1 1 1295 1297 1360
3120 2 2 1 1 1361 1295 1360
3121 2 2 1 1 1293 1295 1361
3122 2 2 1 1 1358 1293 1361
3123 2 2 1 1 1299 1301 1362
3124 2 2 1 1 1363 1299 1362
3125 2 2 1 1 1303 1305 1364
3126 2 2 1 1 1365 1303 1364
3127 2 2 1 1 1301 1303 1365
3128 2 2 1 1 1362 1301 1365
3129 2 2 1 1 1297 1299 1363
3130 2 2 1 1 1360 1297 1363
3131 2 2 1 1 1305 1307 1366
3132 2 2 1 1 1364 1305 1366
3133 2 2 1 1 1309 1311 1367
3134 2 2 1 1 1368 1309 1367
3135 2 2 1 1 1313 1315 1369
3136 2 2 1 1 1370 1313 1369
3137 2 2 1 1 1311 1313 1370
3138 2 2 1 1 1367 1311 1370
3139 2 2 1 1 1317 1319 1371
3140 2 2 1 1 1372 1317 1371
3141 2 2 1 1 1321 1323 1373
3142 2 2 1 1 1374 1321 1373
3143 2 2 1 1 1375 1373 1323
3144 2 2 1 1 1325 1375 1323
3145 2 2 1 1 1319 1321 1374
3146 2 2 1 1 1371 1319 1374
3147 2 2 1 1 1315 1317 1372
3148 2 2 1 1 1369 1315 1372
3149 2 2 1 1 1307 1309 1368
3150 2 2 1 1 1366 1307 1368
3151 2 2 1 1 1377 1376 1290
3152 2 2 1 1 1291 1377 1290
3153 2 2 1 1 1379 1378 1296
3154 2 2 1 1 1294 1379 1296
3155 2 2 1 1 1376 1379 1294
3156 2 2 1 1 1290 1376 1294
3157 2 2 1 1 1381 1380 1300
3158 2 2 1 1 1298 1381 1300
3159 2 2 1 1 1383 1382 1304
3160 2 2 1 1 1302 1383 1304
3161 2 2 1 1 1380 1383 1302
3162 2 2 1 1 1300 1380 1302
3163 2 2 1 1 1378 1381 1298
3164 2 2 1 1 1296 1378 1298
3165 2 2 1 1 1382 1384 1306
3166 2 2 1 1 1304 1382 1306
3167 2 2 1 1 1386 1385 1310
3168 2 2 1 1 1308 1386 1310
3169 2 2 1 1 1388 1387 1314
3170 2 2 1 1 1312 1388 1314
3171 2 2 1 1 1385 1388 1312
3172 2 2 1 1 1310 1385 1312
3173 2 2 1 1 1390 1389 1320
3174 2 2 1 1 1318 1390 1320
3175 2 2 1 1 1389 1391 1322
3176 2 2 1 1 1320 1389 1322
3177 2 2 1 1 1324 1322 1391
3178 2 2 1 1 1392 1324 1391
3179 2 2 1 1 1393 1390 1318
3180 2 2 1 1 1316 1393 1318
3181 2 2 1 1 1387 1393 1316
3182 2 2 1 1 1314 1387 1316
3183 2 2 1 1 1384 1386 1308
3184 2 2 1 1 1306 1384 1308
3185 2 2 1 1 1394 1375 1325
3186 2 2 1 1 1327 1394 1325
3187 2 2 1 1 1327 1329 1395
3188 2 2 1 1 1394 1327 1395
3189 2 2 1 1 1331 1333 1396
3190 2 2 1 1 1397 1331 1396
3191 2 2 1 1 1329 1331 1397
3192 2 2 1 1 1395 1329 1397
3193 2 2 1 1 1335 1337 1398
3194 2 2 1 1 1399 1335 1398
3195 2 2 1 1 1339 1341 1400
3196 2 2 1 1 1401 1339 1400
3197 2 2 1 1 1337 1339 1401
3198 2 2 1 1 1398 1337 1401
3199 2 2 1 1 1333 1335 1399
3200 2 2 1 1 1396 1333 1399
3201 2 2 1 1 1402 1400 1341
3202 2 2 1 1 1343 1402 1341
3203 2 2 1 1 1343 1345 1403
3204 2 2 1 1 1402 1343 1403
3205 2 2 1 1 1347 1349 1404
3206 2 2 1 1 1405 1347 1404
3207 2 2 1 1 1345 1347 1405
3208 2 2 1 1 1403 1345 1405
3209 2 2 1 1 1351 1353 1406
3210 2 2 1 1 1407 1351 1406
3211 2 2 1 1 1355 1357 1408
3212 2 2 1 1 1409 1355 1408
3213 2 2 1 1 1357 1292 1359
3214 2 2 1 1 1408 1357 1359
3215 2 2 1 1 1353 1355 1409
3216 2 2 1 1 1406 1353 1409
3217 2 2 1 1 1349 1351 1407
3218 2 2 1 1 1404 1349 1407
3219 2 2 1 1 1411 1410 1328
3220 2 2 1 1 1326 1411 1328
3221 2 2 1 1 1413 1412 1332
3222 2 2 1 1 1330 1413 1332
3223 2 2 1 1 1410 1413 1330
3224 2 2 1 1 1328 1410 1330
3225 2 2 1 1 1415 1414 1336
3226 2 2 1 1 1334 1415 1336
3227 2 2 1 1 1417 1416 1340
3228 2 2 1 1 1338 1417 1340
3229 2 2 1 1 1414 1417 1338
3230 2 2 1 1 1336 1414 1338
3231 2 2 1 1 1412 1415 1334
3232 2 2 1 1 1332 1412 1334
3233 2 2 1 1 1392 1411 1326
3234 2 2 1 1 1324 1392 1326
3235 2 2 1 1 1342 1340 1416
3236 2 2 1 1 1418 1342 1416
3237 2 2 1 1 1418 1419 1344
3238 2 2 1 1 1342 1418 1344
3239 2 2 1 1 1421 1420 1348
3240 2 2 1 1 1346 1421 1348
3241 2 2 1 1 1419 1421 1346
3242 2 2 1 1 1344 1419 1346
3243 2 2 1 1 1423 1422 1352
3244 2 2 1 1 1350 1423 1352
3245 2 2 1 1 1425 1424 1356
3246 2 2 1 1 1354 1425 1356
3247 2 2 1 1 1424 1377 1291
3248 2 2 1 1 1356 1424 1291
3249 2 2 1 1 1422 1425 1354
3250 2 2 1 1 1352 1422 1354
3251 2 2 1 1 1420 1423 1350
3252 2 2 1 1 1348 1420 1350
3253 2 2 1 1 1428 1427 1426
3254 2 2 1 1 1429 1428 1426
3255 2 2 1 1 1429 1426 1430
3256 2 2 1 1 1431 1429 1430
3257 2 2 1 1 1431 1430 1432
3258 2 2 1 1 1433 1431 1432
3259 2 2 1 1 1433 1432 1434
3260 2 2 1 1 1435 1433 1434
3261 2 2 1 1 1438 1437 1436
3262 2 2 1 1 1427 1438 1436
3263 2 2 1 1 1434 1440 1439
3264 2 2 1 1 1441 1434 1439
3265 2 2 1 1 1444 1443 1442
3266 2 2 1 1 1437 1444 1442
3267 2 2 1 1 1439 1446 1445
3268 2 2 1 1 1447 1439 1445
3269 2 2 1 1 1443 1449 1448
3270 2 2 1 1 1442 1443 1448
3271 2 2 1 1 1446 1451 1450
3272 2 2 1 1 1445 1446 1450
3273 2 2 1 1 1449 1453 1452
3274 2 2 1 1 1448 1449 1452
3275 2 2 1 1 1451 1455 1454
3276 2 2 1 1 1450 1451 1454
3277 2 2 1 1 1453 1457 1456
3278 2 2 1 1 1452 1453 1456
3279 2 2 1 1 1455 1459 1458
3280 2 2 1 1 1454 1455 1458
3281 2 2 1 1 1456 1461 1460
3282 2 2 1 1 1462 1456 1460
3283 2 2 1 1 1465 1464 1463
3284 2 2 1 1 1459 1465 1463
3285 2 2 1 1 1460 1467 1466
3286 2 2 1 1 1468 1460 1466
3287 2 2 1 1 1468 1466 1469
3288 2 2 1 1 1470 1468 1469
3289 2 2 1 1 1470 1469 1471
3290 2 2 1 1 1472 1470 1471
3291 2 2 1 1 1472 1471 1473
3292 2 2 1 1 1464 1472 1473
3293 2 2 1 1 1397 1438 1428
3294 2 2 1 1 1397 1397 1428
3295 2 2 1 1 1397 1396 1438
3296 2 2 1 1 1397 1397 1438
3297 2 2 1 1 1428 1395 1397
3298 2 2 1 1 1428 1428 1397
3299 2 2 1 1 1438 1399 1437
3300 2 2 1 1 1438 1438 1437
3301 2 2 1 1 1438 1396 1399
3302 2 2 1 1 1438 1438 1399
3303 2 2 1 1 1438 1427 1428
3304 2 2 1 1 1438 1438 1428
3305 2 2 1 1 1395 1429 1394
3306 2 2 1 1 1395 1395 1394
3307 2 2 1 1 1428 1429 1395
3308 2 2 1 1 1428 1428 1395
3309 2 2 1 1 1394 1429 1431
3310 2 2 1 1 1394 1394 1431
3311 2 2 1 1 1474 1426 1427
3312 2 2 1 1 1474 1474 1427
3313 2 2 1 1 1474 1427 1436
3314 2 2 1 1 1474 1474 1436
3315 2 2 1 1 1426 1474 1475
3316 2 2 1 1 1426 1426 1475
3317 2 2 1 1 1399 1398 1444
3318 2 2 1 1 1399 1399 1444
3319 2 2 1 1 1444 1398 1401
3320 2 2 1 1 1444 1444 1401
3321 2 2 1 1 1444 1401 1443
3322 2 2 1 1 1444 1444 1443
3323 2 2 1 1 1437 1399 1444
3324 2 2 1 1 1437 1437 1444
3325 2 2 1 1 1400 1449 1443
3326 2 2 1 1 1400 1400 1443
3327 2 2 1 1 1443 1401 1400
3328 2 2 1 1 1443 1443 1400
3329 2 2 1 1 1400 1402 1449
3330 2 2 1 1 1400 1400 1449
3331 2 2 1 1 1436 1477 1476
3332 2 2 1 1 1436 1436 1476
3333 2 2 1 1 1437 1442 1477
3334 2 2 1 1 1437 1437 1477
3335 2 2 1 1 1437 1477 1436
3336 2 2 1 1 1437 1437 1436
3337 2 2 1 1 1476 1474 1436
3338 2 2 1 1 1476 1476 1436
3339 2 2 1 1 1478 1477 1442
3340 2 2 1 1 1478 1478 1442
3341 2 2 1 1 1442 1448 1478
3342 2 2 1 1 1442 1442 1478
3343 2 2 1 1 1448 1452 1478
3344 2 2 1 1 1448 1448 1478
3345 2 2 1 1 1431 1373 1375
3346 2 2 1 1 1431 1431 1375
3347 2 2 1 1 1375 1394 1431
3348 2 2 1 1 1375 1375 1431
3349 2 2 1 1 1431 1433 1373
3350 2 2 1 1 1431 1431 1373
3351 2 2 1 1 1430 1475 1432
3352 2 2 1 1 1430 1430 1432
3353 2 2 1 1 1433 1374 1373
3354 2 2 1 1 1433 1433 1373
3355 2 2 1 1 1435 1371 1374
3356 2 2 1 1 1435 1435 1374
3357 2 2 1 1 1433 1435 1374
3358 2 2 1 1 1433 1433 1374
3359 2 2 1 1 1371 1441 1372
3360 2 2 1 1 1371 1371 1372
3361 2 2 1 1 1372 1441 1369
3362 2 2 1 1 1372 1372 1369
3363 2 2 1 1 1435 1441 1371
3364 2 2 1 1 1435 1435 1371
3365 2 2 1 1 1441 1435 1434
3366 2 2 1 1 1441 1441 1434
3367 2 2 1 1 1479 1434 1432
3368 2 2 1 1 1479 1479 1432
3369 2 2 1 1 1440 1434 1479
3370 2 2 1 1 1440 1440 1479
3371 2 2 1 1 1432 1475 1479
3372 2 2 1 1 1432 1432 1479
3373 2 2 1 1 1481 1480 1440
3374 2 2 1 1 1481 1481 1440
3375 2 2 1 1 1440 1479 1481
3376 2 2 1 1 1440 1440 1481
3377 2 2 1 1 1440 1480 1439
3378 2 2 1 1 1440 1440 1439
3379 2 2 1 1 1370 1369 1447
3380 2 2 1 1 1370 1370 1447
3381 2 2 1 1 1441 1439 1447
3382 2 2 1 1 1441 1441 1447
3383 2 2 1 1 1447 1367 1370
3384 2 2 1 1 1447 1447 1370
3385 2 2 1 1 1367 1447 1445
3386 2 2 1 1 1367 1367 1445
3387 2 2 1 1 1445 1450 1368
3388 2 2 1 1 1445 1445 1368
3389 2 2 1 1 1367 1445 1368
3390 2 2 1 1 1367 1367 1368
3391 2 2 1 1 1480 1446 1439
3392 2 2 1 1 1480 1480 1439
3393 2 2 1 1 1446 1480 1482
3394 2 2 1 1 1446 1446 1482
3395 2 2 1 1 1369 1441 1447
3396 2 2 1 1 1369 1369 1447
3397 2 2 1 1 1426 1475 1430
3398 2 2 1 1 1426 1426 1430
3399 2 2 1 1 1402 1403 1453
3400 2 2 1 1 1402 1402 1453
3401 2 2 1 1 1483 1478 1452
3402 2 2 1 1 1483 1483 1452
3403 2 2 1 1 1405 1457 1403
3404 2 2 1 1 1405 1405 1403
3405 2 2 1 1 1457 1461 1456
3406 2 2 1 1 1457 1457 1456
3407 2 2 1 1 1457 1453 1403
3408 2 2 1 1 1457 1457 1403
3409 2 2 1 1 1483 1462 1484
3410 2 2 1 1 1483 1483 1484
3411 2 2 1 1 1483 1452 1456
3412 2 2 1 1 1483 1483 1456
3413 2 2 1 1 1483 1456 1462
3414 2 2 1 1 1483 1483 1462
3415 2 2 1 1 1485 1462 1460
3416 2 2 1 1 1485 1485 1460
3417 2 2 1 1 1484 1462 1485
3418 2 2 1 1 1484 1484 1485
3419 2 2 1 1 1468 1486 1485
3420 2 2 1 1 1468 1468 1485
3421 2 2 1 1 1404 1457 1405
3422 2 2 1 1 1404 1404 1405
3423 2 2 1 1 1461 1467 1460
3424 2 2 1 1 1461 1461 1460
3425 2 2 1 1 1461 1457 1404
3426 2 2 1 1 1461 1461 1404
3427 2 2 1 1 1461 1404 1407
3428 2 2 1 1 1461 1461 1407
3429 2 2 1 1 1467 1461 1406
3430 2 2 1 1 1467 1467 1406
3431 2 2 1 1 1406 1409 1467
3432 2 2 1 1 1406 1406 1467
3433 2 2 1 1 1461 1407 1406
3434 2 2 1 1 1461 1461 1406
3435 2 2 1 1 1470 1486 1468
3436 2 2 1 1 1470 1470 1468
3437 2 2 1 1 1408 1469 1466
3438 2 2 1 1 1408 1408 1466
3439 2 2 1 1 1466 1409 1408
3440 2 2 1 1 1466 1466 1408
3441 2 2 1 1 1408 1359 1469
3442 2 2 1 1 1408 1408 1469
3443 2 2 1 1 1409 1466 1467
3444 2 2 1 1 1409 1409 1467
3445 2 2 1 1 1468 1485 1460
3446 2 2 1 1 1468 1468 1460
3447 2 2 1 1 1470 1472 1486
3448 2 2 1 1 1470 1470 1486
3449 2 2 1 1 1482 1455 1451
3450 2 2 1 1 1482 1482 1451
3451 2 2 1 1 1482 1487 1455
3452 2 2 1 1 1482 1482 1455
3453 2 2 1 1 1451 1446 1482
3454 2 2 1 1 1451 1451 1482
3455 2 2 1 1 1487 1459 1455
3456 2 2 1 1 1487 1487 1455
3457 2 2 1 1 1487 1488 1465
3458 2 2 1 1 1487 1487 1465
3459 2 2 1 1 1488 1489 1465
3460 2 2 1 1 1488 1488 1465
3461 2 2 1 1 1487 1465 1459
3462 2 2 1 1 1487 1487 1459
3463 2 2 1 1 1454 1366 1450
3464 2 2 1 1 1454 1454 1450
3465 2 2 1 1 1454 1364 1366
3466 2 2 1 1 1454 1454 1366
3467 2 2 1 1 1366 1368 1450
3468 2 2 1 1 1366 1366 1450
3469 2 2 1 1 1458 1364 1454
3470 2 2 1 1 1458 1458 1454
3471 2 2 1 1 1459 1362 1458
3472 2 2 1 1 1459 1459 1458
3473 2 2 1 1 1458 1365 1364
3474 2 2 1 1 1458 1458 1364
3475 2 2 1 1 1489 1486 1472
3476 2 2 1 1 1489 1489 1472
3477 2 2 1 1 1489 1472 1464
3478 2 2 1 1 1489 1489 1464
3479 2 2 1 1 1358 1361 1471
3480 2 2 1 1 1358 1358 1471
3481 2 2 1 1 1469 1358 1471
3482 2 2 1 1 1469 1469 1471
3483 2 2 1 1 1469 1359 1358
3484 2 2 1 1 1469 1469 1358
3485 2 2 1 1 1473 1471 1361
3486 2 2 1 1 1473 1473 1361
3487 2 2 1 1 1458 1362 1365
3488 2 2 1 1 1458 1458 1365
3489 2 2 1 1 1362 1459 1463
3490 2 2 1 1 1362 1362 1463
3491 2 2 1 1 1360 1463 1473
3492 2 2 1 1 1360 1360 1473
3493 2 2 1 1 1473 1361 1360
3494 2 2 1 1 1473 1473 1360
3495 2 2 1 1 1363 1362 1463
3496 2 2 1 1 1363 1363 1463
3497 2 2 1 1 1463 1360 1363
3498 2 2 1 1 1463 1463 1363
3499 2 2 1 1 1463 1464 1473
3500 2 2 1 1 1463 1463 1473
3501 2 2 1 1 1489 1464 1465
3502 2 2 1 1 1489 1489 1465
3503 2 2 1 1 1453 1449 1402
3504 2 2 1 1 1453 1453 1402
3505 2 2 1 1 1492 1491 1490
3506 2 2 1 1 1493 1492 1490
3507 2 2 1 1 1491 1495 1494
3508 2 2 1 1 1490 1491 1494
3509 2 2 1 1 1495 1497 1496
3510 2 2 1 1 1494 1495 1496
3511 2 2 1 1 1497 1499 1498
3512 2 2 1 1 1496 1497 1498
3513 2 2 1 1 1501 1493 1500
3514 2 2 1 1 1502 1501 1500
3515 2 2 1 1 1493 1490 1503
3516 2 2 1 1 1500 1493 1503
3517 2 2 1 1 1490 1494 1504
3518 2 2 1 1 1503 1490 1504
3519 2 2 1 1 1494 1496 1505
3520 2 2 1 1 1504 1494 1505
3521 2 2 1 1 1496 1498 1506
3522 2 2 1 1 1505 1496 1506
3523 2 2 1 1 1498 1508 1507
3524 2 2 1 1 1506 1498 1507
3525 2 2 1 1 1510 1502 1509
3526 2 2 1 1 1511 1510 1509
3527 2 2 1 1 1502 1500 1512
3528 2 2 1 1 1509 1502 1512
3529 2 2 1 1 1500 1503 1513
3530 2 2 1 1 1512 1500 1513
3531 2 2 1 1 1503 1504 1514
3532 2 2 1 1 1513 1503 1514
3533 2 2 1 1 1504 1505 1515
3534 2 2 1 1 1514 1504 1515
3535 2 2 1 1 1505 1506 1516
3536 2 2 1 1 1515 1505 1516
3537 2 2 1 1 1506 1507 1517
3538 2 2 1 1 1516 1506 1517
3539 2 2 1 1 1507 1519 1518
3540 2 2 1 1 1517 1507 1518
3541 2 2 1 1 1511 1509 1520
3542 2 2 1 1 1521 1511 1520
3543 2 2 1 1 1509 1512 1522
3544 2 2 1 1 1520 1509 1522
3545 2 2 1 1 1512 1513 1523
3546 2 2 1 1 1522 1512 1523
3547 2 2 1 1 1513 1514 1524
3548 2 2 1 1 1523 1513 1524
3549 2 2 1 1 1514 1515 1525
3550 2 2 1 1 1524 1514 1525
3551 2 2 1 1 1515 1516 1526
3552 2 2 1 1 1525 1515 1526
3553 2 2 1 1 1516 1517 1527
3554 2 2 1 1 1526 1516 1527
3555 2 2 1 1 1517 1518 1528
3556 2 2 1 1 1527 1517 1528
3557 2 2 1 1 1521 1520 1529
3558 2 2 1 1 1530 1521 1529
3559 2 2 1 1 1520 1522 1531
3560 2 2 1 1 1529 1520 1531
3561 2 2 1 1 1522 1523 1532
3562 2 2 1 1 1531 1522 1532
3563 2 2 1 1 1523 1524 1533
3564 2 2 1 1 1532 1523 1533
3565 2 2 1 1 1524 1525 1534
3566 2 2 1 1 1533 1524 1534
3567 2 2 1 1 1525 1526 1535
3568 2 2 1 1 1534 1525 1535
3569 2 2 1 1 1526 1527 1536
3570 2 2 1 1 1535 1526 1536
3571 2 2 1 1 1527 1528 1537
3572 2 2 1 1 1536 1527 1537
3573 2 2 1 1 1530 1529 1538
3574 2 2 1 1 1539 1530 1538
3575 2 2 1 1 1529 1531 1540
3576 2 2 1 1 1538 1529 1540
3577 2 2 1 1 1531 1532 1541
3578 2 2 1 1 1540 1531 1541
3579 2 2 1 1 1532 1533 1542
3580 2 2 1 1 1541 1532 1542
3581 2 2 1 1 1533 1534 1543
3582 2 2 1 1 1542 1533 1543
3583 2 2 1 1 1534 1535 1544
3584 2 2 1 1 1543 1534 1544
3585 2 2 1 1 1535 1536 1545
3586 2 2 1 1 1544 1535 1545
3587 2 2 1 1 1536 1537 1546
3588 2 2 1 1 1545 1536 1546
3589 2 2 1 1 1538 1540 1547
3590 2 2 1 1 1548 1538 1547
3591 2 2 1 1 1540 1541 1549
3592 2 2 1 1 1547 1540 1549
3593 2 2 1 1 1541 1542 1550
3594 2 2 1 1 1549 1541 1550
3595 2 2 1 1 1542 1543 1551
3596 2 2 1 1 1550 1542 1551
3597 2 2 1 1 1543 1544 1552
3598 2 2 1 1 1551 1543 1552
3599 2 2 1 1 1544 1545 1553
3600 2 2 1 1 1552 1544 1553
3601 2 2 1 1 1547 1549 1554
3602 2 2 1 1 1555 1547 1554
3603 2 2 1 1 1549 1550 1556
3604 2 2 1 1 1554 1549 1556
3605 2 2 1 1 1550 1551 1557
3606 2 2 1 1 1556 1550 1557
3607 2 2 1 1 1551 1552 1558
3608 2 2 1 1 1557 1551 1558
3609 2 2 1 1 1413 1410 1492
3610 2 2 1 1 1413 1413 1492
3611 2 2 1 1 1492 1501 1413
3612 2 2 1 1 1492 1492 1413
3613 2 2 1 1 1412 1413 1501
3614 2 2 1 1 1412 1412 1501
3615 2 2 1 1 1501 1415 1412
3616 2 2 1 1 1501 1501 1412
3617 2 2 1 1 1492 1493 1501
3618 2 2 1 1 1492 1492 1501
3619 2 2 1 1 1411 1491 1410
3620 2 2 1 1 1411 1411 1410
3621 2 2 1 1 1491 1492 1410
3622 2 2 1 1 1491 1491 1410
3623 2 2 1 1 1411 1495 1491
3624 2 2 1 1 1411 1411 1491
3625 2 2 1 1 1510 1414 1415
3626 2 2 1 1 1510 1510 1415
3627 2 2 1 1 1510 1417 1414
3628 2 2 1 1 1510 1510 1414
3629 2 2 1 1 1511 1416 1417
3630 2 2 1 1 1511 1511 1417
3631 2 2 1 1 1510 1415 1502
3632 2 2 1 1 1510 1510 1502
3633 2 2 1 1 1521 1416 1511
3634 2 2 1 1 1521 1521 1511
3635 2 2 1 1 1510 1511 1417
3636 2 2 1 1 1510 1510 1417
3637 2 2 1 1 1416 1521 1418
3638 2 2 1 1 1416 1416 1418
3639 2 2 1 1 1415 1501 1502
3640 2 2 1 1 1415 1415 1502
3641 2 2 1 1 1391 1495 1392
3642 2 2 1 1 1391 1391 1392
3643 2 2 1 1 1495 1391 1497
3644 2 2 1 1 1495 1495 1497
3645 2 2 1 1 1392 1495 1411
3646 2 2 1 1 1392 1392 1411
3647 2 2 1 1 1391 1389 1497
3648 2 2 1 1 1391 1391 1497
3649 2 2 1 1 1390 1499 1389
3650 2 2 1 1 1390 1390 1389
3651 2 2 1 1 1390 1393 1508
3652 2 2 1 1 1390 1390 1508
3653 2 2 1 1 1499 1390 1508
3654 2 2 1 1 1499 1499 1508
3655 2 2 1 1 1389 1499 1497
3656 2 2 1 1 1389 1389 1497
3657 2 2 1 1 1393 1387 1508
3658 2 2 1 1 1393 1393 1508
3659 2 2 1 1 1508 1498 1499
3660 2 2 1 1 1508 1508 1499
3661 2 2 1 1 1387 1519 1508
3662 2 2 1 1 1387 1387 1508
3663 2 2 1 1 1519 1507 1508
3664 2 2 1 1 1519 1519 1508
3665 2 2 1 1 1388 1385 1519
3666 2 2 1 1 1388 1388 1519
3667 2 2 1 1 1519 1387 1388
3668 2 2 1 1 1519 1519 1388
3669 2 2 1 1 1385 1386 1518
3670 2 2 1 1 1385 1385 1518
3671 2 2 1 1 1518 1519 1385
3672 2 2 1 1 1518 1518 1385
3673 2 2 1 1 1528 1518 1386
3674 2 2 1 1 1528 1528 1386
3675 2 2 1 1 1530 1419 1418
3676 2 2 1 1 1530 1530 1418
3677 2 2 1 1 1530 1539 1419
3678 2 2 1 1 1530 1530 1419
3679 2 2 1 1 1539 1421 1419
3680 2 2 1 1 1539 1539 1419
3681 2 2 1 1 1538 1548 1539
3682 2 2 1 1 1538 1538 1539
3683 2 2 1 1 1547 1555 1548
3684 2 2 1 1 1547 1547 1548
3685 2 2 1 1 1548 1420 1539
3686 2 2 1 1 1548 1548 1539
3687 2 2 1 1 1539 1420 1421
3688 2 2 1 1 1539 1539 1421
3689 2 2 1 1 1422 1423 1548
3690 2 2 1 1 1422 1422 1548
3691 2 2 1 1 1555 1425 1422
3692 2 2 1 1 1555 1555 1422
3693 2 2 1 1 1555 1422 1548
3694 2 2 1 1 1555 1555 1548
3695 2 2 1 1 1556 1424 1554
3696 2 2 1 1 1556 1556 1554
3697 2 2 1 1 1425 1554 1424
3698 2 2 1 1 1425 1425 1424
3699 2 2 1 1 1554 1425 1555
3700 2 2 1 1 1554 1554 1555
3701 2 2 1 1 1556 1377 1424
3702 2 2 1 1 1556 1556 1424
3703 2 2 1 1 1420 1548 1423
3704 2 2 1 1 1420 1420 1423
3705 2 2 1 1 1528 1384 1537
3706 2 2 1 1 1528 1528 1537
3707 2 2 1 1 1546 1380 1545
3708 2 2 1 1 1546 1546 1545
3709 2 2 1 1 1537 1382 1546
3710 2 2 1 1 1537 1537 1546
3711 2 2 1 1 1384 1382 1537
3712 2 2 1 1 1384 1384 1537
3713 2 2 1 1 1383 1546 1382
3714 2 2 1 1 1383 1383 1382
3715 2 2 1 1 1380 1546 1383
3716 2 2 1 1 1380 1380 1383
3717 2 2 1 1 1545 1380 1553
3718 2 2 1 1 1545 1545 1553
3719 2 2 1 1 1528 1386 1384
3720 2 2 1 1 1528 1528 1384
3721 2 2 1 1 1557 1558 1379
3722 2 2 1 1 1557 1557 1379
3723 2 2 1 1 1379 1376 1557
3724 2 2 1 1 1379 1379 1557
3725 2 2 1 1 1376 1556 1557
3726 2 2 1 1 1376 1376 1557
3727 2 2 1 1 1553 1558 1552
3728 2 2 1 1 1553 1553 1552
3729 2 2 1 1 1553 1381 1378
3730 2 2 1 1 1553 1553 1378
3731 2 2 1 1 1378 1558 1553
3732 2 2 1 1 1378 1378 1553
3733 2 2 1 1 1378 1379 1558
3734 2 2 1 1 1378 1378 1558
3735 2 2 1 1 1553 1380 1381
3736 2 2 1 1 1553 1553 1381
3737 2 2 1 1 1377 1556 1376
3738 2 2 1 1 1377 1377 1376
3739 2 2 1 1 1530 1418 1521
3740 2 2 1 1 1530 1530 1521
3741 2 2 1 1 1561 1560 1559
3742 2 2 1 1 1562 1561 1559
3743 2 2 1 1 1560 1564 1563
3744 2 2 1 1 1559 1560 1563
3745 2 2 1 1 1564 1566 1565
3746 2 2 1 1 1563 1564 1565
3747 2 2 1 1 1566 1568 1567
3748 2 2 1 1 1565 1566 1567
3749 2 2 1 1 1568 1570 1569
3750 2 2 1 1 1567 1568 1569
3751 2 2 1 1 1570 1572 1571
3752 2 2 1 1 1569 1570 1571
3753 2 2 1 1 1562 1559 1573
3754 2 2 1 1 1574 1562 1573
3755 2 2 1 1 1559 1563 1575
3756 2 2 1 1 1573 1559 1575
3757 2 2 1 1 1563 1565 1576
3758 2 2 1 1 1575 1563 1576
3759 2 2 1 1 1565 1567 1577
3760 2 2 1 1 1576 1565 1577
3761 2 2 1 1 1567 1569 1578
3762 2 2 1 1 1577 1567 1578
3763 2 2 1 1 1569 1571 1579
3764 2 2 1 1 1578 1569 1579
3765 2 2 1 1 1574 1573 1580
3766 2 2 1 1 1581 1574 1580
3767 2 2 1 1 1573 1575 1582
3768 2 2 1 1 1580 1573 1582
3769 2 2 1 1 1575 1576 1583
3770 2 2 1 1 1582 1575 1583
3771 2 2 1 1 1576 1577 1584
3772 2 2 1 1 1583 1576 1584
3773 2 2 1 1 1577 1578 1585
3774 2 2 1 1 1584 1577 1585
3775 2 2 1 1 1578 1579 1586
3776 2 2 1 1 1585 1578 1586
3777 2 2 1 1 1581 1580 1587
3778 2 2 1 1 1588 1581 1587
3779 2 2 1 1 1580 1582 1589
3780 2 2 1 1 1587 1580 1589
3781 2 2 1 1 1582 1583 1590
3782 2 2 1 1 1589 1582 1590
3783 2 2 1 1 1583 1584 1591
3784 2 2 1 1 1590 1583 1591
3785 2 2 1 1 1584 1585 1592
3786 2 2 1 1 1591 1584 1592
3787 2 2 1 1 1585 1586 1593
3788 2 2 1 1 1592 1585 1593
3789 2 2 1 1 1588 1587 1594
3790 2 2 1 1 1595 1588 1594
3791 2 2 1 1 1587 1589 1596
3792 2 2 1 1 1594 1587 1596
3793 2 2 1 1 1589 1590 1597
3794 2 2 1 1 1596 1589 1597
3795 2 2 1 1 1590 1591 1598
3796 2 2 1 1 1597 1590 1598
3797 2 2 1 1 1591 1592 1599
3798 2 2 1 1 1598 1591 1599
3799 2 2 1 1 1592 1593 1600
3800 2 2 1 1 1599 1592 1600
3801 2 2 1 1 1595 1594 1601
3802 2 2 1 1 1602 1595 1601
3803 2 2 1 1 1594 1596 1603
3804 2 2 1 1 1601 1594 1603
3805 2 2 1 1 1596 1597 1604
3806 2 2 1 1 1603 1596 1604
3807 2 2 1 1 1597 1598 1605
3808 2 2 1 1 1604 1597 1605
3809 2 2 1 1 1598 1599 1606
3810 2 2 1 1 1605 1598 1606
3811 2 2 1 1 1599 1600 1607
3812 2 2 1 1 1606 1599 1607
3813 2 2 1 1 1602 1601 1608
3814 2 2 1 1 1609 1602 1608
3815 2 2 1 1 1601 1603 1610
3816 2 2 1 1 1608 1601 1610
3817 2 2 1 1 1603 1604 1611
3818 2 2 1 1 1610 1603 1611
3819 2 2 1 1 1604 1605 1612
3820 2 2 1 1 1611 1604 1612
3821 2 2 1 1 1605 1606 1613
3822 2 2 1 1 1612 1605 1613
3823 2 2 1 1 1606 1607 1614
3824 2 2 1 1 1613 1606 1614
3825 2 2 1 1 1609 1608 1615
3826 2 2 1 1 1616 1609 1615
3827 2 2 1 1 1608 1610 1617
3828 2 2 1 1 1615 1608 1617
3829 2 2 1 1 1610 1611 1618
3830 2 2 1 1 1617 1610 1618
3831 2 2 1 1 1611 1612 1619
3832 2 2 1 1 1618 1611 1619
3833 2 2 1 1 1612 1613 1620
3834 2 2 1 1 1619 1612 1620
3835 2 2 1 1 1613 1614 1621
3836 2 2 1 1 1620 1613 1621
3837 2 2 1 1 1616 1615 1622
3838 2 2 1 1 1623 1616 1622
3839 2 2 1 1 1615 1617 1624
3840 2 2 1 1 1622 1615 1624
3841 2 2 1 1 1617 1618 1625
3842 2 2 1 1 1624 1617 1625
3843 2 2 1 1 1618 1619 1626
3844 2 2 1 1 1625 1618 1626
3845 2 2 1 1 1619 1620 1627
3846 2 2 1 1 1626 1619 1627
3847 2 2 1 1 1620 1621 1628
3848 2 2 1 1 1627 1620 1628
3849 2 2 1 1 1623 1622 1629
3850 2 2 1 1 1630 1623 1629
3851 2 2 1 1 1622 1624 1631
3852 2 2 1 1 1629 1622 1631
3853 2 2 1 1 1624 1625 1632
3854 2 2 1 1 1631 1624 1632
3855 2 2 1 1 1625 1626 1633
3856 2 2 1 1 1632 1625 1633
3857 2 2 1 1 1626 1627 1634
3858 2 2 1 1 1633 1626 1634
3859 2 2 1 1 1627 1628 1635
3860 2 2 1 1 1634 1627 1635
3861 2 2 1 1 1630 1629 1636
3862 2 2 1 1 1637 1630 1636
3863 2 2 1 1 1629 1631 1638
3864 2 2 1 1 1636 1629 1638
3865 2 2 1 1 1631 1632 1639
3866 2 2 1 1 1638 1631 1639
3867 2 2 1 1 1632 1633 1640
3868 2 2 1 1 1639 1632 1640
3869 2 2 1 1 1633 1634 1641
3870 2 2 1 1 1640 1633 1641
3871 2 2 1 1 1634 1635 1642
3872 2 2 1 1 1641 1634 1642
3873 2 2 1 1 1637 1636 1643
3874 2 2 1 1 1644 1637 1643
3875 2 2 1 1 1636 1638 1645
3876 2 2 1 1 1643 1636 1645
3877 2 2 1 1 1638 1639 1646
3878 2 2 1 1 1645 1638 1646
3879 2 2 1 1 1639 1640 1647
3880 2 2 1 1 1646 1639 1647
3881 2 2 1 1 1640 1641 1648
3882 2 2 1 1 1647 1640 1648
3883 2 2 1 1 1641 1642 1649
3884 2 2 1 1 1648 1641 1649
3885 2 2 1 1 1644 1643 1650
3886 2 2 1 1 1651 1644 1650
3887 2 2 1 1 1643 1645 1652
3888 2 2 1 1 1650 1643 1652
3889 2 2 1 1 1645 1646 1653
3890 2 2 1 1 1652 1645 1653
3891 2 2 1 1 1646 1647 1654
3892 2 2 1 1 1653 1646 1654
3893 2 2 1 1 1647 1648 1655
3894 2 2 1 1 1654 1647 1655
3895 2 2 1 1 1648 1649 1656
3896 2 2 1 1 1655 1648 1656
3897 2 2 1 1 1651 1650 1657
3898 2 2 1 1 1658 1651 1657
3899 2 2 1 1 1650 1652 1659
3900 2 2 1 1 1657 1650 1659
3901 2 2 1 1 1652 1653 1660
3902 2 2 1 1 1659 1652 1660
3903 2 2 1 1 1653 1654 1661
3904 2 2 1 1 1660 1653 1661
3905 2 2 1 1 1654 1655 1662
3906 2 2 1 1 1661 1654 1662
3907 2 2 1 1 1655 1656 1663
3908 2 2 1 1 1662 1655 1663
3909 2 2 1 1 1658 1657 1664
3910 2 2 1 1 1665 1658 1664
3911 2 2 1 1 1657 1659 1666
3912 2 2 1 1 1664 1657 1666
3913 2 2 1 1 1659 1660 1667
3914 2 2 1 1 1666 1659 1667
3915 2 2 1 1 1660 1661 1668
3916 2 2 1 1 1667 1660 1668
3917 2 2 1 1 1661 1662 1669
3918 2 2 1 1 1668 1661 1669
3919 2 2 1 1 1662 1663 1670
3920 2 2 1 1 1669 1662 1670
3921 2 2 1 1 1665 1664 1560
3922 2 2 1 1 1561 1665 1560
3923 2 2 1 1 1664 1666 1564
3924 2 2 1 1 1560 1664 1564
3925 2 2 1 1 1666 1667 1566
3926 2 2 1 1 1564 1666 1566
3927 2 2 1 1 1667 1668 1568
3928 2 2 1 1 1566 1667 1568
3929 2 2 1 1 1668 1669 1570
3930 2 2 1 1 1568 1668 1570
3931 2 2 1 1 1669 1670 1572
3932 2 2 1 1 1570 1669 1572
3933 2 2 1 1 1561 1562 1671
3934 2 2 1 1 1672 1561 1671
3935 2 2 1 1 1574 1581 1673
3936 2 2 1 1 1674 1574 1673
3937 2 2 1 1 1562 1574 1674
3938 2 2 1 1 1671 1562 1674
3939 2 2 1 1 1675 1673 1581
3940 2 2 1 1 1588 1675 1581
3941 2 2 1 1 1588 1595 1676
3942 2 2 1 1 1675 1588 1676
3943 2 2 1 1 1602 1609 1677
3944 2 2 1 1 1678 1602 1677
3945 2 2 1 1 1595 1602 1678
3946 2 2 1 1 1676 1595 1678
3947 2 2 1 1 1609 1616 1679
3948 2 2 1 1 1677 1609 1679
3949 2 2 1 1 1486 1489 1571
3950 2 2 1 1 1572 1486 1571
3951 2 2 1 1 1488 1487 1586
3952 2 2 1 1 1579 1488 1586
3953 2 2 1 1 1489 1488 1579
3954 2 2 1 1 1571 1489 1579
3955 2 2 1 1 1593 1586 1487
3956 2 2 1 1 1482 1593 1487
3957 2 2 1 1 1482 1480 1600
3958 2 2 1 1 1593 1482 1600
3959 2 2 1 1 1480 1481 1607
3960 2 2 1 1 1600 1480 1607
3961 2 2 1 1 1481 1479 1614
3962 2 2 1 1 1607 1481 1614
3963 2 2 1 1 1621 1614 1479
3964 2 2 1 1 1475 1621 1479
3965 2 2 1 1 1680 1679 1616
3966 2 2 1 1 1623 1680 1616
3967 2 2 1 1 1623 1630 1681
3968 2 2 1 1 1680 1623 1681
3969 2 2 1 1 1683 1682 1637
3970 2 2 1 1 1644 1683 1637
3971 2 2 1 1 1630 1637 1682
3972 2 2 1 1 1681 1630 1682
3973 2 2 1 1 1651 1658 1684
3974 2 2 1 1 1685 1651 1684
3975 2 2 1 1 1665 1561 1672
3976 2 2 1 1 1686 1665 1672
3977 2 2 1 1 1658 1665 1686
3978 2 2 1 1 1684 1658 1686
3979 2 2 1 1 1644 1651 1685
3980 2 2 1 1 1683 1644 1685
3981 2 2 1 1 1474 1476 1635
3982 2 2 1 1 1628 1474 1635
3983 2 2 1 1 1649 1642 1477
3984 2 2 1 1 1478 1649 1477
3985 2 2 1 1 1476 1477 1642
3986 2 2 1 1 1635 1476 1642
3987 2 2 1 1 1475 1474 1628
3988 2 2 1 1 1621 1475 1628
3989 2 2 1 1 1483 1484 1663
3990 2 2 1 1 1656 1483 1663
3991 2 2 1 1 1485 1486 1572
3992 2 2 1 1 1670 1485 1572
3993 2 2 1 1 1484 1485 1670
3994 2 2 1 1 1663 1484 1670
3995 2 2 1 1 1478 1483 1656
3996 2 2 1 1 1649 1478 1656
3997 2 2 1 1 1689 1688 1687
3998 2 2 1 1 1690 1689 1687
3999 2 2 1 1 1690 1687 1691
4000 2 2 1 1 1692 1690 1691
4001 2 2 1 1 1692 1691 1693
4002 2 2 1 1 1694 1692 1693
4003 2 2 1 1 1694 1693 1695
4004 2 2 1 1 1696 1694 1695
4005 2 2 1 1 1699 1698 1697
4006 2 2 1 1 1688 1699 1697
4007 2 2 1 1 1688 1697 1700
4008 2 2 1 1 1687 1688 1700
4009 2 2 1 1 1687 1700 1701
4010 2 2 1 1 1691 1687 1701
4011 2 2 1 1 1691 1701 1702
4012 2 2 1 1 1693 1691 1702
4013 2 2 1 1 1693 1702 1703
4014 2 2 1 1 1695 1693 1703
4015 2 2 1 1 1695 1703 1704
4016 2 2 1 1 1705 1695 1704
4017 2 2 1 1 1708 1707 1706
4018 2 2 1 1 1698 1708 1706
4019 2 2 1 1 1698 1706 1709
4020 2 2 1 1 1697 1698 1709
4021 2 2 1 1 1697 1709 1710
4022 2 2 1 1 1700 1697 1710
4023 2 2 1 1 1700 1710 1711
4024 2 2 1 1 1701 1700 1711
4025 2 2 1 1 1701 1711 1712
4026 2 2 1 1 1702 1701 1712
4027 2 2 1 1 1702 1712 1713
4028 2 2 1 1 1703 1702 1713
4029 2 2 1 1 1703 1713 1714
4030 2 2 1 1 1704 1703 1714
4031 2 2 1 1 1704 1714 1715
4032 2 2 1 1 1716 1704 1715
4033 2 2 1 1 1707 1718 1717
4034 2 2 1 1 1706 1707 1717
4035 2 2 1 1 1706 1717 1719
4036 2 2 1 1 1709 1706 1719
4037 2 2 1 1 1709 1719 1720
4038 2 2 1 1 1710 1709 1720
4039 2 2 1 1 1710 1720 1721
4040 2 2 1 1 1711 1710 1721
4041 2 2 1 1 1711 1721 1722
4042 2 2 1 1 1712 1711 1722
4043 2 2 1 1 1712 1722 1723
4044 2 2 1 1 1713 1712 1723
4045 2 2 1 1 1713 1723 1724
4046 2 2 1 1 1714 1713 1724
4047 2 2 1 1 1714 1724 1725
4048 2 2 1 1 1715 1714 1725
4049 2 2 1 1 1718 1727 1726
4050 2 2 1 1 1717 1718 1726
4051 2 2 1 1 1717 1726 1728
4052 2 2 1 1 1719 1717 1728
4053 2 2 1 1 1719 1728 1729
4054 2 2 1 1 1720 1719 1729
4055 2 2 1 1 1720 1729 1730
4056 2 2 1 1 1721 1720 1730
4057 2 2 1 1 1721 1730 1731
4058 2 2 1 1 1722 1721 1731
4059 2 2 1 1 1722 1731 1732
4060 2 2 1 1 1723 1722 1732
4061 2 2 1 1 1723 1732 1733
4062 2 2 1 1 1724 1723 1733
4063 2 2 1 1 1724 1733 1734
4064 2 2 1 1 1725 1724 1734
4065 2 2 1 1 1727 1736 1735
4066 2 2 1 1 1726 1727 1735
4067 2 2 1 1 1726 1735 1737
4068 2 2 1 1 1728 1726 1737
4069 2 2 1 1 1728 1737 1738
4070 2 2 1 1 1729 1728 1738
4071 2 2 1 1 1729 1738 1739
4072 2 2 1 1 1730 1729 1739
4073 2 2 1 1 1730 1739 1740
4074 2 2 1 1 1731 1730 1740
4075 2 2 1 1 1731 1740 1741
4076 2 2 1 1 1732 1731 1741
4077 2 2 1 1 1732 1741 1742
4078 2 2 1 1 1733 1732 1742
4079 2 2 1 1 1733 1742 1743
4080 2 2 1 1 1734 1733 1743
4081 2 2 1 1 1735 1745 1744
4082 2 2 1 1 1737 1735 1744
4083 2 2 1 1 1737 1744 1746
4084 2 2 1 1 1738 1737 1746
4085 2 2 1 1 1738 1746 1747
4086 2 2 1 1 1739 1738 1747
4087 2 2 1 1 1739 1747 1748
4088 2 2 1 1 1740 1739 1748
4089 2 2 1 1 1740 1748 1749
4090 2 2 1 1 1741 1740 1749
4091 2 2 1 1 1741 1749 1750
4092 2 2 1 1 1742 1741 1750
4093 2 2 1 1 1744 1752 1751
4094 2 2 1 1 1746 1744 1751
4095 2 2 1 1 1746 1751 1753
4096 2 2 1 1 1747 1746 1753
4097 2 2 1 1 1747 1753 1754
4098 2 2 1 1 1748 1747 1754
4099 2 2 1 1 1748 1754 1755
4100 2 2 1 1 1749 1748 1755
4101 2 2 1 1 1681 1699 1689
4102 2 2 1 1 1681 1681 1689
4103 2 2 1 1 1689 1680 1681
4104 2 2 1 1 1689 1689 1681
4105 2 2 1 1 1681 1708 1699
4106 2 2 1 1 1681 1681 1699
4107 2 2 1 1 1699 1688 1689
4108 2 2 1 1 1699 1699 1689
4109 2 2 1 1 1690 1680 1689
4110 2 2 1 1 1690 1690 1689
4111 2 2 1 1 1690 1679 1680
4112 2 2 1 1 1690 1690 1680
4113 2 2 1 1 1708 1682 1707
4114 2 2 1 1 1708 1708 1707
4115 2 2 1 1 1708 1681 1682
4116 2 2 1 1 1708 1708 1682
4117 2 2 1 1 1682 1683 1707
4118 2 2 1 1 1682 1682 1707
4119 2 2 1 1 1707 1683 1718
4120 2 2 1 1 1707 1707 1718
4121 2 2 1 1 1727 1718 1683
4122 2 2 1 1 1727 1727 1683
4123 2 2 1 1 1698 1699 1708
4124 2 2 1 1 1698 1698 1708
4125 2 2 1 1 1692 1694 1679
4126 2 2 1 1 1692 1692 1679
4127 2 2 1 1 1679 1690 1692
4128 2 2 1 1 1679 1679 1692
4129 2 2 1 1 1694 1677 1679
4130 2 2 1 1 1694 1694 1679
4131 2 2 1 1 1696 1678 1677
4132 2 2 1 1 1696 1696 1677
4133 2 2 1 1 1677 1694 1696
4134 2 2 1 1 1677 1677 1696
4135 2 2 1 1 1678 1696 1705
4136 2 2 1 1 1678 1678 1705
4137 2 2 1 1 1704 1716 1705
4138 2 2 1 1 1704 1704 1705
4139 2 2 1 1 1705 1696 1695
4140 2 2 1 1 1705 1705 1695
4141 2 2 1 1 1715 1676 1716
4142 2 2 1 1 1715 1715 1716
4143 2 2 1 1 1715 1675 1676
4144 2 2 1 1 1715 1715 1676
4145 2 2 1 1 1678 1716 1676
4146 2 2 1 1 1678 1678 1676
4147 2 2 1 1 1678 1705 1716
4148 2 2 1 1 1678 1678 1716
4149 2 2 1 1 1685 1736 1727
4150 2 2 1 1 1685 1685 1727
4151 2 2 1 1 1727 1683 1685
4152 2 2 1 1 1727 1727 1685
4153 2 2 1 1 1736 1684 1745
4154 2 2 1 1 1736 1736 1745
4155 2 2 1 1 1735 1736 1745
4156 2 2 1 1 1735 1735 1745
4157 2 2 1 1 1745 1752 1744
4158 2 2 1 1 1745 1745 1744
4159 2 2 1 1 1685 1684 1736
4160 2 2 1 1 1685 1685 1736
4161 2 2 1 1 1686 1752 1684
4162 2 2 1 1 1686 1686 1684
4163 2 2 1 1 1686 1751 1752
4164 2 2 1 1 1686 1686 1752
4165 2 2 1 1 1672 1753 1751
4166 2 2 1 1 1672 1672 1751
4167 2 2 1 1 1751 1686 1672
4168 2 2 1 1 1751 1751 1672
4169 2 2 1 1 1672 1754 1753
4170 2 2 1 1 1672 1672 1753
4171 2 2 1 1 1684 1752 1745
4172 2 2 1 1 1684 1684 1745
4173 2 2 1 1 1734 1675 1725
4174 2 2 1 1 1734 1734 1725
4175 2 2 1 1 1673 1675 1734
4176 2 2 1 1 1673 1673 1734
4177 2 2 1 1 1734 1743 1673
4178 2 2 1 1 1734 1734 1673
4179 2 2 1 1 1743 1674 1673
4180 2 2 1 1 1743 1743 1673
4181 2 2 1 1 1750 1743 1742
4182 2 2 1 1 1750 1750 1742
4183 2 2 1 1 1675 1715 1725
4184 2 2 1 1 1675 1675 1725
4185 2 2 1 1 1754 1672 1671
4186 2 2 1 1 1754 1754 1671
4187 2 2 1 1 1754 1671 1755
4188 2 2 1 1 1754 1754 1755
4189 2 2 1 1 1755 1674 1750
4190 2 2 1 1 1755 1755 1750
4191 2 2 1 1 1750 1749 1755
4192 2 2 1 1 1750 1750 1755
4193 2 2 1 1 1755 1671 1674
4194 2 2 1 1 1755 1755 1674
4195 2 2 1 1 1674 1743 1750
4196 2 2 1 1 1674 1674 1750
4197 2 2 1 1 1756 909 908
4198 2 2 1 1 1756 1756 908
4199 2 2 1 1 913 1757 911
4200 2 2 1 1 913 913 911
4201 2 2 1 1 1758 1756 908
4202 2 2 1 1 915 1758 908
4203 2 2 1 1 1759 1758 915
4204 2 2 1 1 917 1759 915
4205 2 2 1 1 1760 1759 917
4206 2 2 1 1 919 1760 917
4207 2 2 1 1 1761 1760 919
4208 2 2 1 1 921 1761 919
4209 2 2 1 1 1757 1761 921
4210 2 2 1 1 911 1757 921
4211 2 2 1 1 1756 1762 909
4212 2 2 1 1 1756 1756 909
4213 2 2 1 1 1756 1763 1762
4214 2 2 1 1 1756 1756 1762
4215 2 2 1 1 1763 1765 1764
4216 2 2 1 1 1763 1763 1764
4217 2 2 1 1 1764 1762 1763
4218 2 2 1 1 1764 1764 1763
4219 2 2 1 1 1764 1767 1766
4220 2 2 1 1 1764 1764 1766
4221 2 2 1 1 1767 1764 1765
4222 2 2 1 1 1767 1767 1765
4223 2 2 1 1 1769 1768 1766
4224 2 2 1 1 1769 1769 1766
4225 2 2 1 1 1766 1767 1769
4226 2 2 1 1 1766 1766 1769
4227 2 2 1 1 1768 1769 1770
4228 2 2 1 1 1768 1768 1770
4229 2 2 1 1 1773 1772 1771
4230 2 2 1 1 1773 1773 1771
4231 2 2 1 1 1774 1772 1773
4232 2 2 1 1 1774 1774 1773
4233 2 2 1 1 1773 1771 1770
4234 2 2 1 1 1773 1773 1770
4235 2 2 1 1 1768 1770 1771
4236 2 2 1 1 1768 1768 1771
4237 2 2 1 1 1772 1774 1775
4238 2 2 1 1 1772 1772 1775
4239 2 2 1 1 1776 1775 1757
4240 2 2 1 1 1776 1776 1757
4241 2 2 1 1 1757 913 1776
4242 2 2 1 1 1757 1757 1776
4243 2 2 1 1 1775 1776 1772
4244 2 2 1 1 1775 1775 1772
4245 2 2 1 1 1765 1763 1756
4246 2 2 1 1 1758 1765 1756
4247 2 2 1 1 1777 1765 1758
4248 2 2 1 1 1759 1777 1758
4249 2 2 1 1 1769 1767 1765
4250 2 2 1 1 1777 1769 1765
4251 2 2 1 1 1778 1777 1759
4252 2 2 1 1 1760 1778 1759
4253 2 2 1 1 1770 1769 1777
4254 2 2 1 1 1778 1770 1777
4255 2 2 1 1 1774 1778 1760
4256 2 2 1 1 1761 1774 1760
4257 2 2 1 1 1773 1770 1778
4258 2 2 1 1 1774 1773 1778
4259 2 2 1 1 1775 1774 1761
4260 2 2 1 1 1757 1775 1761
4261 2 2 1 1 1048 1032 1766
4262 2 2 1 1 1768 1048 1766
4263 2 2 1 1 1032 1016 1764
4264 2 2 1 1 1766 1032 1764
4265 2 2 1 1 964 52 909
4266 2 2 1 1 1762 964 909
4267 2 2 1 1 1016 964 1762
4268 2 2 1 1 1764 1016 1762
4269 2 2 1 1 1768 1771 1064
4270 2 2 1 1 1048 1768 1064
4271 2 2 1 1 1080 1064 1771
4272 2 2 1 1 1772 1080 1771
4273 2 2 1 1 980 1080 1772
4274 2 2 1 1 1776 980 1772
4275 2 2 1 1 1776 913 83
4276 2 2 1 1 980 1776 83
$EndElements
