RIG_NAME,RIG_TYPE,RIG_STATUS,OWNER,OPERATOR,IMO_NUMBER,FLAG_STATE,WATER_DEPTH_RATING_FT,DRILLING_DEPTH_RATING_FT,MAX_WATER_DEPTH_FT,LOA_M,BEAM_M,DISPLACEMENT_TONNES,MOONPOOL_DIAMETER_M,DP_CLASS,YEAR_BUILT,WELLS_DRILLED_COUNT,LAST_WAR_DATE,FIRST_WAR_DATE,LAST_AREA_CODE,LAST_BLOCK_NUMBER,DATA_SOURCE,IS_OFFSHORE
PRIDE ARKANSAS,jack_up,,,,,,,,164.0,,,,,,,31.0,9/7/1999,1/10/1998,MP,,bsee_war,True
#2 CARAVEL PROSPECT,unknown,,,,,,,,,,,,,,,1.0,6/3/2000,4/8/2000,WC,,bsee_war,True
&P 108,unknown,,,,,,,,,,,,,,,1.0,12/8/2000,11/30/2000,SP,,bsee_war,True
* ANCHOR HANDLING VESSEL,support_vessel,,,,,,,,,,,,,,,10.0,7/2/2015 11:59:00 PM,10/10/2015,AT,,bsee_war,True
* BARGE RIG TO BE DETERMINED,inland_barge,,,,,,,,,,,,,,,200.0,9/8/2018 11:59:00 PM,1/10/2017,SS,,bsee_war,True
* BARGE TO BE DETERMINED,inland_barge,,,,,,,,,,,,,,,44.0,9/29/2025 11:59:00 PM,1/2/2026,SS,,bsee_war,True
COIL TUBING UNIT,coil_tubing_unit,,,,,,,,3232.0,,,,,,,67.0,9/4/2004,1/11/2005,GB,,bsee_war,True
* COIL TUBING UNIT (HOUMA #2),coil_tubing_unit,,,,,,,,,,,,,,,17.0,9/24/2011 11:59:00 PM,1/13/2013 12:01:00 AM,GC,,bsee_war,True
* COIL TUBING UNIT (HOUMA #3),coil_tubing_unit,,,,,,,,,,,,,,,2.0,2/2/2013 11:59:00 PM,1/20/2013 12:01:00 AM,SS,,bsee_war,True
* COIL TUBING UNIT (HOUMA #4),coil_tubing_unit,,,,,,,,,,,,,,,1.0,3/8/2014 11:59:00 PM,2/17/2014,ST,,bsee_war,True
* COIL TUBING UNIT (HOUMA DIST,coil_tubing_unit,,,,,,,,,,,,,,,302.0,9/8/2012 11:59:00 PM,1/1/2012 12:01:00 AM,BM,,bsee_war,True
* COIL TUBING UNIT (L.C. #2),coil_tubing_unit,,,,,,,,,,,,,,,4.0,7/7/2012 11:59:00 PM,1/11/2016,SM,,bsee_war,True
* COIL TUBING UNIT (L.C. DIST),coil_tubing_unit,,,,,,,,,,,,,,,110.0,9/8/2014 11:59:00 PM,1/1/2012 12:01:00 AM,VR,,bsee_war,True
* COIL TUBING UNIT (L.J. #2),coil_tubing_unit,,,,,,,,,,,,,,,2.0,7/7/2012 11:59:00 PM,6/1/2012,HI,,bsee_war,True
* COIL TUBING UNIT (L.J. #3),coil_tubing_unit,,,,,,,,,,,,,,,1.0,5/19/2013 11:59:00 PM,5/19/2013 12:01:00 AM,HI,,bsee_war,True
* COIL TUBING UNIT (L.J. DIST),coil_tubing_unit,,,,,,,,,,,,,,,108.0,9/9/2017 11:59:00 PM,1/1/2012 12:01:00 AM,HI,,bsee_war,True
* COIL TUBING UNIT (LAF #2),coil_tubing_unit,,,,,,,,,,,,,,,5.0,9/7/2013 11:59:00 PM,1/11/2015 12:01:00 AM,EI,,bsee_war,True
* COIL TUBING UNIT (LAF DIST),coil_tubing_unit,,,,,,,,,,,,,,,156.0,9/8/2012 11:59:00 PM,1/10/2016 12:01:00 AM,EI,,bsee_war,True
* COIL TUBING UNIT (N.O. #2),coil_tubing_unit,,,,,,,,,,,,,,,4.0,6/8/2013 11:59:00 PM,10/18/2016,MP,,bsee_war,True
* COIL TUBING UNIT (N.O. #3),coil_tubing_unit,,,,,,,,,,,,,,,1.0,5/9/2015 11:59:00 PM,3/31/2015,MO,,bsee_war,True
* COIL TUBING UNIT (N.O. DIST),coil_tubing_unit,,,,,,,,,,,,,,,277.0,9/9/2017 11:59:00 PM,1/1/2012 12:01:00 AM,GI,,bsee_war,True
DIVE SUPPORT VESSEL (DSV),support_vessel,,,,,,,,,,,,,,,145.0,9/9/2019 11:59:00 PM,1/10/2010 12:01:00 AM,SS,,bsee_war,True
* DP SEMI RIG TO BE DETERMINED,unknown,,,,,,,,,,,,,,,9.0,9/22/2014 11:59:00 PM,10/13/2013 12:01:00 AM,MC,,bsee_war,True
* DRILL SHIP TO BE DETERMINED,unknown,,,,,,,,,,,,,,,1.0,5/17/2014 11:59:00 PM,5/13/2014,MC,,bsee_war,True
* EEB Generic Inspection Facility,unknown,,,,,,,,,,,,,,,1.0,3/12/2023 11:59:00 PM,3/11/2023,MC,,bsee_war,True
GENERIC COIL TUBING UNIT,coil_tubing_unit,,,,,,,,,,,,,,,8.0,9/6/2004,1/10/2010 12:01:00 AM,BA,,bsee_war,True
* GENERIC PIPELINE CONSTRUCTION VESSEL,support_vessel,,,,,,,,,,,,,,,14.0,9/2/2023 11:59:00 PM,1/11/2024,GC,,bsee_war,True
* GENERIC SNUBBING UNIT,snubbing_unit,,,,,,,,,,,,,,,1.0,6/26/2014 11:59:00 PM,6/15/2014,MC,,bsee_war,True
HYDRAULIC WORKOVER UNIT,snubbing_unit,,,,,,,,262.0,,,,,,,4.0,9/4/2004,10/2/2005,EI,,bsee_war,True
* HYDRAULIC WORKOVER UNIT      HO#2,snubbing_unit,,,,,,,,,,,,,,,1.0,8/8/2013 11:59:00 PM,8/1/2013,GC,,bsee_war,True
* HYDRAULIC WORKOVER UNIT (ALTERNATE),snubbing_unit,,,,,,,,,,,,,,,1.0,12/7/2013 11:59:00 PM,1/12/2014 12:01:00 AM,EW,,bsee_war,True
* HYDRAULIC WORKOVER UNIT (HO),snubbing_unit,,,,,,,,,,,,,,,93.0,9/9/2017 11:59:00 PM,1/1/2012 12:01:00 AM,MC,,bsee_war,True
* HYDRAULIC WORKOVER UNIT (LAF,snubbing_unit,,,,,,,,,,,,,,,15.0,9/28/2014 11:59:00 PM,1/10/2016 12:01:00 AM,SM,,bsee_war,True
* HYDRAULIC WORKOVER UNIT (LC),snubbing_unit,,,,,,,,,,,,,,,22.0,9/8/2012 11:59:00 PM,1/1/2012 12:01:00 AM,SM,,bsee_war,True
* HYDRAULIC WORKOVER UNIT (LJ),snubbing_unit,,,,,,,,129.0,,,,,,,26.0,9/7/2013 11:59:00 PM,1/1/2012 12:01:00 AM,EB,,bsee_war,True
* HYDRAULIC WORKOVER UNIT (NO),snubbing_unit,,,,,,,,,,,,,,,70.0,9/9/2017 11:59:00 PM,1/1/2012 12:01:00 AM,MC,,bsee_war,True
* HYDRAULIC WORKOVER UNIT HO#3,snubbing_unit,,,,,,,,,,,,,,,1.0,3/21/2013 11:59:00 PM,3/20/2013,ST,,bsee_war,True
* HYDRAULIC WORKOVER UNIT LJ#2,snubbing_unit,,,,,,,,,,,,,,,2.0,2/4/2012 11:59:00 PM,1/1/2012 12:01:00 AM,HI,,bsee_war,True
* HYDRAULIC WORKOVER UNIT NO#2,snubbing_unit,,,,,,,,,,,,,,,1.0,7/21/2012 11:59:00 PM,7/19/2012,VR,,bsee_war,True
* JACKUP RIG TO BE DETERMINED,unknown,,,,,,,,,,,,,,,2.0,8/24/2019 11:59:00 PM,4/13/2011,EC,,bsee_war,True
LIFT BOAT,lift_boat,,,,,,,,325.0,,,,,,,134.0,9/7/2003,1/1/2006,BA,,bsee_war,True
* LIFT BOAT (HOUMA #2),lift_boat,,,,,,,,,,,,,,,16.0,9/5/2015 11:59:00 PM,10/16/2011 12:01:00 AM,SS,,bsee_war,True
* LIFT BOAT (HOUMA #3),lift_boat,,,,,,,,,,,,,,,2.0,9/7/2013 11:59:00 PM,1/22/2012,ST,,bsee_war,True
* LIFT BOAT (HOUMA DIST),lift_boat,,,,,,,,,,,,,,,400.0,9/9/2017 11:59:00 PM,1/1/2012 12:01:00 AM,SS,,bsee_war,True
* LIFT BOAT (L.C.#2),lift_boat,,,,,,,,,,,,,,,6.0,9/8/2012 11:59:00 PM,10/10/2012,EC,,bsee_war,True
* LIFT BOAT (L.C.#3),lift_boat,,,,,,,,,,,,,,,6.0,9/3/2016 11:59:00 PM,10/16/2016 12:01:00 AM,VR,,bsee_war,True
* LIFT BOAT (L.J. #2)),lift_boat,,,,,,,,,,,,,,,8.0,8/8/2015 11:59:00 PM,1/4/2016,MI,,bsee_war,True
* LIFT BOAT (L.J. #3),lift_boat,,,,,,,,,,,,,,,3.0,9/9/2016 11:59:00 PM,10/12/2014 12:01:00 AM,HI,,bsee_war,True
* LIFT BOAT (LAF #2),lift_boat,,,,,,,,,,,,,,,3.0,3/19/2015 11:59:00 PM,10/30/2014,EC,,bsee_war,True
* LIFT BOAT (LAF #3),lift_boat,,,,,,,,,,,,,,,1.0,12/4/2015 11:59:00 PM,11/29/2015,EI,,bsee_war,True
* LIFT BOAT (LAFAYETTE DIST),lift_boat,,,,,,,,,,,,,,,192.0,9/9/2017 11:59:00 PM,1/10/2016,SM,,bsee_war,True
* LIFT BOAT (LAKE CHARLES DIST,lift_boat,,,,,,,,,,,,,,,331.0,9/9/2017 11:59:00 PM,1/1/2012,VR,,bsee_war,True
* LIFT BOAT (LAKE JACKSON),lift_boat,,,,,,,,89.0,,,,,,,143.0,9/6/2015,1/10/2013,HI,,bsee_war,True
* LIFT BOAT (N.O. #2),lift_boat,,,,,,,,,,,,,,,4.0,10/7/2016 11:59:00 PM,10/2/2016 12:01:00 AM,WD,,bsee_war,True
* LIFT BOAT (N.O. #3),lift_boat,,,,,,,,,,,,,,,3.0,9/8/2012 11:59:00 PM,3/29/2015 12:01:00 AM,MO,,bsee_war,True
* LIFT BOAT (NEW ORLEANS DIST),lift_boat,,,,,,,,,,,,,,,343.0,9/9/2017 11:59:00 PM,1/1/2012 12:01:00 AM,GI,,bsee_war,True
* NONE RIG PA OPERATION,unknown,,,,,,,,,,,,,,,333.0,9/9/2017 11:59:00 PM,1/1/2012 12:01:00 AM,EC,,bsee_war,True
* NONE RIG PA OPERATION (HOUMA,unknown,,,,,,,,,,,,,,,102.0,9/7/2013 11:59:00 PM,1/12/2014 12:01:00 AM,SS,,bsee_war,True
* NONE RIG PA OPERATION (LAF),unknown,,,,,,,,,,,,,,,114.0,9/6/2014 11:59:00 PM,1/10/2016 12:01:00 AM,SM,,bsee_war,True
* NONE RIG PA OPERATION (LC),unknown,,,,,,,,,,,,,,,249.0,9/9/2016 11:59:00 PM,1/12/2014 12:01:00 AM,WC,,bsee_war,True
* NONE RIG PA OPERATION (LJ),unknown,,,,,,,,208.0,,,,,,,269.0,9/9/2017 11:59:00 PM,1/1/2012 12:01:00 AM,HI,,bsee_war,True
* NONE RIG PA OPERATION (NO),unknown,,,,,,,,,,,,,,,8.0,7/3/2017 11:59:00 PM,6/11/2017,WD,,bsee_war,True
* PLATFORM RIG TO BE DETERMINED,platform_rig,,,,,,,,,,,,,,,7.0,9/7/2013 11:59:00 PM,10/13/2013 12:01:00 AM,HI,,bsee_war,True
SNUBBING UNIT,snubbing_unit,,,,,,,,860.0,,,,,,,37.0,9/7/2003,1/10/2003,MU,,bsee_war,True
* SNUBBING UNIT (HOUMA #2),snubbing_unit,,,,,,,,,,,,,,,1.0,8/1/2013 11:59:00 PM,7/22/2013,GC,,bsee_war,True
* SNUBBING UNIT (HOUMA DIST),snubbing_unit,,,,,,,,,,,,,,,9.0,9/24/2016 11:59:00 PM,10/16/2016 12:01:00 AM,ST,,bsee_war,True
* SNUBBING UNIT (L.C. DIST),snubbing_unit,,,,,,,,,,,,,,,8.0,9/5/2015 11:59:00 PM,10/11/2015 12:01:00 AM,WC,,bsee_war,True
* SNUBBING UNIT (L.J. DIST),snubbing_unit,,,,,,,,,,,,,,,9.0,9/7/2013 11:59:00 PM,1/12/2014 12:01:00 AM,EC,,bsee_war,True
* SNUBBING UNIT (LAF DIST),snubbing_unit,,,,,,,,,,,,,,,9.0,9/19/2016 11:59:00 PM,10/11/2015 12:01:00 AM,EI,,bsee_war,True
* SNUBBING UNIT (N.O.DIST),snubbing_unit,,,,,,,,,,,,,,,5.0,6/7/2013 11:59:00 PM,2/12/2012 12:01:00 AM,MP,,bsee_war,True
UNSPECIFIED - DO NOT DELETE,unknown,,,,,,,,,,,,,,,16.0,9/3/2011 11:59:00 PM,1/1/2012 12:01:00 AM,SS,,bsee_war,True
* WIRELINE (GENERIC),wireline_unit,,,,,,,,,,,,,,,2.0,9/6/2015 11:59:00 PM,9/2/2015,SM,,bsee_war,True
WIRELINE UNIT,wireline_unit,,,,,,,,940.0,,,,,,,197.0,9/7/2003,1/1/2006,SM,,bsee_war,True
* WIRELINE UNIT (HOUMA #2),wireline_unit,,,,,,,,,,,,,,,70.0,9/8/2012 11:59:00 PM,1/11/2015 12:01:00 AM,PL,,bsee_war,True
* WIRELINE UNIT (HOUMA #3),wireline_unit,,,,,,,,,,,,,,,2.0,2/16/2014 11:59:00 PM,1/8/2012 12:01:00 AM,SS,,bsee_war,True
* WIRELINE UNIT (HOUMA #5),wireline_unit,,,,,,,,,,,,,,,1.0,5/1/2014 11:59:00 PM,3/30/2014,SS,,bsee_war,True
* WIRELINE UNIT (HOUMA DIST),wireline_unit,,,,,,,,,,,,,,,885.0,9/9/2017 11:59:00 PM,1/1/2012,SS,,bsee_war,True
* WIRELINE UNIT (L.C.#2),wireline_unit,,,,,,,,,,,,,,,17.0,8/9/2014 11:59:00 PM,1/31/2015,WC,,bsee_war,True
* WIRELINE UNIT (L.C.#3),wireline_unit,,,,,,,,,,,,,,,1.0,8/27/2012 11:59:00 PM,8/12/2012 12:01:00 AM,EC,,bsee_war,True
* WIRELINE UNIT (L.C.DIST),wireline_unit,,,,,,,,,,,,,,,555.0,9/9/2017 11:59:00 PM,1/1/2012 12:01:00 AM,GB,,bsee_war,True
* WIRELINE UNIT (L.J.#2),wireline_unit,,,,,,,,,,,,,,,40.0,9/8/2012 11:59:00 PM,1/22/2013,MI,,bsee_war,True
* WIRELINE UNIT (L.J.#3),wireline_unit,,,,,,,,,,,,,,,8.0,7/28/2014 11:59:00 PM,11/11/2012 12:01:00 AM,HI,,bsee_war,True
* WIRELINE UNIT (L.J.DIST),wireline_unit,,,,,,,,,,,,,,,388.0,9/9/2017 11:59:00 PM,1/1/2014,GA,,bsee_war,True
* WIRELINE UNIT (LAF #2),wireline_unit,,,,,,,,,,,,,,,37.0,9/7/2013 11:59:00 PM,1/11/2015 12:01:00 AM,SM,,bsee_war,True
* WIRELINE UNIT (LAF #3),wireline_unit,,,,,,,,,,,,,,,2.0,3/8/2014 11:59:00 PM,3/16/2014 12:01:00 AM,SM,,bsee_war,True
* WIRELINE UNIT (LAF DIST),wireline_unit,,,,,,,,,,,,,,,592.0,9/9/2017 11:59:00 PM,1/1/2017,EI,,bsee_war,True
* WIRELINE UNIT (N.O. #2),wireline_unit,,,,,,,,,,,,,,,14.0,9/7/2013 11:59:00 PM,10/13/2013 12:01:00 AM,WD,,bsee_war,True
* WIRELINE UNIT (N.O. #3),wireline_unit,,,,,,,,,,,,,,,7.0,9/26/2015 11:59:00 PM,1/1/2012 12:01:00 AM,GI,,bsee_war,True
* WIRELINE UNIT (N.O.DIST),wireline_unit,,,,,,,,,,,,,,,825.0,9/9/2017 11:59:00 PM,1/1/2012 12:01:00 AM,SP,,bsee_war,True
** RIG TO BE DETERMINED,unknown,,,,,,,,,,,,,,,24.0,9/4/2004,1/1/2008,GB,,bsee_war,True
** RIG TO BE DETERMINED DP SEMI,unknown,,,,,,,,,,,,,,,3.0,9/4/2010 11:59:00 PM,10/10/2010 12:01:00 AM,ST,,bsee_war,True
",AROME 300",unknown,,,,,,,,,,,,,,,1.0,11/30/2001,11/17/2001,ST,,bsee_war,True
",SV Q4000",semi_submersible,,,,,,,,1042.0,,,,,,,1.0,9/16/2003,9/10/2003,GC,,bsee_war,True
SL,wireline_unit,,,,,,,,341.0,,,,,,,58.0,9/9/2003,1/12/2004,MP,,bsee_war,True
1004 E,unknown,,,,,,,,,,,,,,,1.0,6/4/2000,5/22/2000,EB,,bsee_war,True
11-JUN-2002,unknown,,,,,,,,,,,,,,,1.0,6/19/2002,6/11/2002,EI,,bsee_war,True
14000,unknown,,,,,,,,,,,,,,,1.0,7/4/2003,6/28/2003,EI,,bsee_war,True
21MAR90,unknown,,,,,,,,1438.0,,,,,,,1.0,5/6/2006,3/28/2006,MC,,bsee_war,True
23514,unknown,,,,,,,,,,,,,,,1.0,7/8/2002,6/25/2002,GB,,bsee_war,True
30BLE AMOS RUNNER,jack_up,,,,,,,,,,,,,,,1.0,11/30/2002,11/27/2002,AT,,bsee_war,True
3NSCO 98,jack_up,,,,,,,,,,,,,,,1.0,7/14/2000,4/8/2000,VR,,bsee_war,True
41EP,unknown,,,,,,,,,,,,,,,1.0,9/26/1999,10/11/1999,HI,,bsee_war,True
6025,unknown,,,,,,,,,,,,,,,1.0,11/3/2000,10/14/2000,EI,,bsee_war,True
ACHILLES,jack_up,,,,,,,,,,,,,,,3.0,8/7/1998,1/10/1998,PL,,bsee_war,True
ADIATIC IV,jack_up,,,,,,,,,,,,,,,2.0,2/7/2002,1/13/2002,MP,,bsee_war,True
ADIRATIC III,jack_up,,,,,,,,,,,,,,,1.0,4/7/2003,4/1/2003,GI,,bsee_war,True
ADRIATIC,jack_up,,,,,,,,,,,,,,,2.0,4/21/2000,10/30/2000,EI,,bsee_war,True
ADRIATIC 11,jack_up,,,,,,,,,,,,,,,1.0,7/3/2000,3/14/2000,WC,,bsee_war,True
ADRIATIC 111,jack_up,,,,,,,,,,,,,,,1.0,7/6/2001,5/26/2001,SS,,bsee_war,True
ADRIATIC II,jack_up,,,,,,,,300.0,,,,,,,47.0,9/8/2003,1/1/2002,WC,,bsee_war,True
ADRIATIC III,jack_up,,,,,,,,315.0,,,,,,,21.0,9/7/2000,1/1/2006,SS,,bsee_war,True
ADRIATIC IV,jack_up,,,,,,,,68.0,,,,,,,27.0,9/8/2002,1/20/2003,SM,,bsee_war,True
ADRIATIC IX,jack_up,,,,,,,,,,,,,,,15.0,9/24/2000,1/13/2001,SP,,bsee_war,True
ADRIATIC X,jack_up,,,,,,,,230.0,,,,,,,10.0,9/28/2003,10/13/2003,VR,,bsee_war,True
AL BREAUX,jack_up,,,,,,,,,,,,,,,1.0,2/5/2001,1/30/2001,SS,,bsee_war,True
ALABAMA,jack_up,,,,,,,,,,,,,,,1.0,9/4/1998,10/31/1998,EC,,bsee_war,True
ALASKA,jack_up,,,,,,,,,,,,,,,7.0,9/4/1998,1/10/1998,PN,,bsee_war,True
AMBERJACK/EL,wireline_unit,,,,,,,,,,,,,,,1.0,12/4/2001,11/21/2001,SS,,bsee_war,True
AMERICAN CONSTITUTION,support_vessel,,,,,,,,,,,,,,,2.0,6/7/1999,5/25/1999,MP,,bsee_war,True
AMERICAN CONSTITUTION D. BOAT,support_vessel,,,,,,,,538.0,,,,,,,1.0,10/20/2003,10/14/2003,EC,,bsee_war,True
AMERICAN CONSTITUTION DIVE BOA,support_vessel,,,,,,,,288.0,,,,,,,2.0,2/23/2004,11/11/2003,WD,,bsee_war,True
T.O. AMIRANTE,jack_up,,,,,,,,,,,,,,,25.0,9/9/2006 11:59:00 PM,1/10/2010 12:01:00 AM,GB,,bsee_war,True
AMOS RUNNER,jack_up,,,,,,,,5257.0,,,,,,,36.0,9/8/2003,1/11/2002,EI,,bsee_war,True
ANCHORAGE,jack_up,,,,,,,,,,,,,,,1.0,7/6/1998,5/27/1998,MP,,bsee_war,True
APPLIED SNUBBING TECH #103,snubbing_unit,,,,,,,,,,,,,,,1.0,2/27/1999,2/23/1999,WD,,bsee_war,True
ARAPAHOE (LIFT BOAT),lift_boat,,,,,,,,35.0,,,,,,,1.0,6/5/2004,5/29/2004,EC,,bsee_war,True
ARCH ROWAN,jack_up,,,,,,,,210.0,,,,,,,21.0,9/7/2003,1/13/2003,EI,,bsee_war,True
ARCH ROWAN 37,jack_up,,,,,,,,100.0,,,,,,,2.0,7/3/2004,5/16/2004,SS,,bsee_war,True
ARCTIC 1,jack_up,,,,,,,,1494.0,,,,,,,5.0,6/2/2002,12/7/1999,GC,,bsee_war,True
ARCTIC I,jack_up,,,,,,,,,,,,,,,2.0,9/6/1999,1/14/2002,MC,,bsee_war,True
ARCTOC 1,jack_up,,,,,,,,,,,,,,,1.0,12/20/1999,12/14/1999,GB,,bsee_war,True
ARIES RAM XI L.BOAT/FALCON PHO,lift_boat,,,,,,,,,,,,,,,1.0,4/12/2000,3/18/2000,HI,,bsee_war,True
ARRIATIC IV,jack_up,,,,,,,,,,,,,,,1.0,1/5/2003,1/13/2003,VR,,bsee_war,True
ARRIATIC IVV,jack_up,,,,,,,,,,,,,,,1.0,12/8/2002,12/16/2002,VR,,bsee_war,True
ARTIC 1,jack_up,,,,,,,,,,,,,,,1.0,6/9/2002,6/10/2002,GB,,bsee_war,True
ARTIC I,jack_up,,,,,,,,2370.0,,,,,,,2.0,8/3/2003,3/3/1999,MC,,bsee_war,True
AST SNUBBING UNIT #104,snubbing_unit,,,,,,,,,,,,,,,1.0,1/3/1999,1/12/1999,ST,,bsee_war,True
ATTWOOD HUNTER,jack_up,,,,,,,,,,,,,,,13.0,9/6/1998,1/10/2000,GC,,bsee_war,True
ATTWOOD OCEANIC RICHMOND,semi_submersible,,,,,,,,,,,,,,,1.0,3/6/2000,1/11/2000,EI,,bsee_war,True
ATTWOOD OCEANICKS RICHMOND,semi_submersible,,,,,,,,,,,,,,,1.0,4/5/2000,10/12/1999,EI,,bsee_war,True
"ATTWOOD OCEANICS ""RICHMOND""",semi_submersible,,,,,,,,,,,,,,,1.0,12/6/1999,11/22/1999,EI,,bsee_war,True
ATTWOOD RICHMOND,jack_up,,,,,,,,,,,,,,,6.0,9/3/1998,1/2/1998,WC,,bsee_war,True
ATWOOD ADVANTAGE,semi_submersible,,,,,,,,,,,,,,,11.0,9/6/2015,1/10/2016 12:01:00 AM,GC,,bsee_war,True
ATWOOD CONDOR,semi_submersible,,,,,,,,,,,,,,,27.0,9/6/2014 11:59:00 PM,1/1/2017 12:01:00 AM,MC,,bsee_war,True
ATWOOD HUNTER,semi_submersible,,,,,,5000.0,25000.0,5000.0,88.39,75.19,,,,1981.0,7.0,7/8/2001,1/1/2001,GC,,xls_historical,True
ATWOOD RICHMOND,semi_submersible,,,,,,,,50.0,,,,,,,58.0,9/9/2006 11:59:00 PM,1/1/2006 12:01:00 AM,EI,,bsee_war,True
ATWOOD RICHMONG,semi_submersible,,,,,,,,12.0,,,,,,,1.0,9/4/2004,8/1/2004,EI,,bsee_war,True
ATWOODRICHMOND,semi_submersible,,,,,,,,17.0,,,,,,,1.0,3/27/2004,3/21/2004,VR,,bsee_war,True
AUGER,platform_rig,,,,,,,,,,,,,,,26.0,9/8/2007 11:59:00 PM,1/10/2010 12:01:00 AM,GB,,bsee_war,True
AUGER TLP,platform_rig,,,,,,,,,,,,,,,19.0,9/9/2002,1/10/2000,GB,,bsee_war,True
B/A,unknown,,,,,,,,,,,,,,,1.0,5/26/2002,5/13/2002,HI,,bsee_war,True
BAKER ATLAS WIRELINE,wireline_unit,,,,,,,,,,,,,,,1.0,12/22/2001,11/15/2001,SS,,bsee_war,True
BALTIC 1,jack_up,,,,,,,,,,,,,,,5.0,9/27/1999,10/12/1999,VR,,bsee_war,True
BALTIC I,jack_up,,,,,,,,,,,,,,,3.0,9/28/2000,10/31/2000,HI,,bsee_war,True
BARGE DIAMOND DISCOVERY,inland_barge,,,,,,,,173.0,,,,,,,1.0,7/8/2006,4/16/2006,VR,,bsee_war,True
BELFORD DOLPHIN,drillship,,,,,,10000.0,37000.0,10000.0,204.83,39.93,,,,2000.0,8.0,9/6/2008 11:59:00 PM,1/11/2009 12:01:00 AM,GC,,xls_historical,True
BILL JENNINGS,jack_up,,,,,,,,210.0,,,,,,,41.0,9/5/1999,1/10/2000,WD,,bsee_war,True
BLAKE 1006,jack_up,,,,,,,,,,,,,,,5.0,9/3/2011 11:59:00 PM,1/1/2012 12:01:00 AM,ST,,bsee_war,True
BLAKE 1007,jack_up,,,,,,,,,,,,,,,30.0,9/7/2013 11:59:00 PM,1/11/2015 12:01:00 AM,EB,,bsee_war,True
BLAKE 101,jack_up,,,,,,,,84.0,,,,,,,32.0,9/6/2008 11:59:00 PM,1/1/2006 12:01:00 AM,WC,,bsee_war,True
BLAKE 14,jack_up,,,,,,,,,,,,,,,52.0,9/7/2013 11:59:00 PM,1/1/2012 12:01:00 AM,MC,,bsee_war,True
BLAKE 1501,jack_up,,,,,,,,,,,,,,,6.0,9/5/2009 11:59:00 PM,10/11/2009 12:01:00 AM,VR,,bsee_war,True
BLAKE 1501E,jack_up,,,,,,,,,,,,,,,1.0,9/6/2008 11:59:00 PM,10/12/2008 12:01:00 AM,VR,,bsee_war,True
BLAKE 1502,jack_up,,,,,,,,,,,,,,,10.0,9/5/2009 11:59:00 PM,1/10/2010 12:01:00 AM,SP,,bsee_war,True
BLAKE 1505,jack_up,,,,,,,,,,,,,,,32.0,9/8/2012 11:59:00 PM,1/1/2012 12:01:00 AM,MC,,bsee_war,True
BLAKE 151,jack_up,,,,,,,,,,,,,,,15.0,9/8/2007 11:59:00 PM,1/11/2009 12:01:00 AM,WD,,bsee_war,True
BLAKE 202,jack_up,,,,,,,,95.0,,,,,,,8.0,9/8/2007 11:59:00 PM,1/13/2008 12:01:00 AM,EC,,bsee_war,True
BLAKE 210,jack_up,,,,,,,,,,,,,,,41.0,9/8/2012 11:59:00 PM,1/1/2012 12:01:00 AM,EI,,bsee_war,True
BLAKE 303,jack_up,,,,,,,,,,,,,,,27.0,9/9/2006 11:59:00 PM,1/11/2009 12:01:00 AM,EI,,bsee_war,True
BLAKE 651,jack_up,,,,,,,,,,,,,,,46.0,9/7/2019 11:59:00 PM,1/1/2022,MP,,bsee_war,True
BLAKE INTERNATIONAL,jack_up,,,,,,,,,,,,,,,5.0,9/6/2008 11:59:00 PM,1/4/2009 12:01:00 AM,EI,,bsee_war,True
BOAT,unknown,,,,,,,,,,,,,,,1.0,12/8/2003,11/11/2003,EI,,bsee_war,True
BOB PALMER,jack_up,,,,,,,,131.0,,,,,,,2.0,12/7/2003,1/12/2004,ST,,bsee_war,True
BOOKER 1005,jack_up,,,,,,,,,,,,,,,4.0,7/3/1998,2/28/1998,GC,,bsee_war,True
BOOKER 651,jack_up,,,,,,,,,,,,,,,6.0,7/16/1998,1/10/1998,SS,,bsee_war,True
BOOKER 653,jack_up,,,,,,,,,,,,,,,12.0,9/25/1998,1/16/1999,SP,,bsee_war,True
BORGNY DOLPHIN,semi_submersible,,,,,,,,,,,,,,,6.0,9/9/2000,10/20/1999,GB,,bsee_war,True
BRAID LINE/CTU/EL,wireline_unit,,,,,,,,56.0,,,,,,,2.0,2/7/2004,10/18/2003,WD,,bsee_war,True
BRAIDED LN/EL/CTU/SL,wireline_unit,,,,,,,,56.0,,,,,,,1.0,12/26/2003,10/18/2003,WD,,bsee_war,True
C.E. THORNTON,jack_up,,,,,,,,,,,,,,,3.0,5/7/2001,1/16/2001,HI,,bsee_war,True
C. KIRK RHEIN,jack_up,,,,,,,,,,,,,,,6.0,9/8/2000,1/15/2001,MC,,bsee_war,True
"C.KIRK RHEIN, JR.",jack_up,,,,,,,,,,,,,,,3.0,9/24/2001,1/11/2000,EB,,bsee_war,True
C.R.LUIGS,jack_up,,,,,,,,4238.0,,,,,,,1.0,3/8/2004,1/13/2004,GC,,bsee_war,True
C/T,coil_tubing_unit,,,,,,,,215.0,,,,,,,3.0,6/10/2004,4/11/2004,SM,,bsee_war,True
"C. KIRK REHEIN, JR",jack_up,,,,,,,,,,,,,,,1.0,9/24/2001,10/2/2001,GB,,bsee_war,True
C.R. LUGIS,jack_up,,,,,,,,4340.0,,,,,,,3.0,8/1/2004,1/19/2002,GC,,bsee_war,True
C.R. LUIGIS,jack_up,,,,,,,,,,,,,,,1.0,6/6/2002,4/23/2002,WR,,bsee_war,True
CAJUN EXPRESS,semi_submersible,,,,,,8500.0,35000.0,8500.0,106.38,68.88,,,,2000.0,34.0,9/9/2006 11:59:00 PM,1/1/2006 12:01:00 AM,MC,,xls_historical,True
CAL-DIVE Q-4000,support_vessel,,,,,,,,,,,,,,,100.0,9/8/2018 11:59:00 PM,1/1/2017 12:01:00 AM,WR,,bsee_war,True
CAL-DIVE UNCLE JOHN,support_vessel,,,,,,,,,,,,,,,24.0,8/3/2013 11:59:00 PM,1/12/2015,VK,,bsee_war,True
CALDIVE Q-4000,support_vessel,,,,,,,,560.0,,,,,,,1.0,11/24/2005,11/22/2005,MC,,bsee_war,True
CALDIVE Q-4000 (SS),support_vessel,,,,,,,,1531.0,,,,,,,4.0,5/6/2006,3/27/2006,MC,,bsee_war,True
CALDIVE Q4000,semi_submersible,,,,,,,,1460.0,,,,,,,1.0,12/19/2004,12/13/2004,VK,,bsee_war,True
CALDIVE'S Q4000 DP,semi_submersible,,,,,,,,680.0,,,,,,,1.0,12/26/2004,12/22/2004,GB,,bsee_war,True
CARDINAL SERVICES - PJ JONES,unknown,,,,,,,,,,,,,,,1.0,8/3/1998,7/29/1998,WC,,bsee_war,True
CARL NORBERG,jack_up,,,,,,,,60.0,,,,,,,23.0,9/7/2001,1/10/2000,WD,,bsee_war,True
CARL NORBERT,jack_up,,,,,,,,,,,,,,,4.0,8/3/2000,1/10/2000,MI,,bsee_war,True
CARL NORGERB,jack_up,,,,,,,,,,,,,,,1.0,8/9/1999,12/13/1999,WD,,bsee_war,True
CDCILE PROVINE,jack_up,,,,,,,,,,,,,,,1.0,8/4/2002,1/22/2001,WC,,bsee_war,True
CDI Q-4000,support_vessel,,,,,,,,,,,,,,,1.0,7/8/2002,7/5/2002,ST,,bsee_war,True
CEAN KING,semi_submersible,,,,,,,,,,,,,,,1.0,9/29/2003,10/14/2003,EI,,bsee_war,True
CECIL PRIVINE,jack_up,,,,,,,,,,,,,,,1.0,4/8/2001,2/26/2001,WC,,bsee_war,True
CECIL PROVINE,jack_up,,,,,,,,66.0,,,,,,,17.0,9/8/2002,1/13/2003,VR,,bsee_war,True
CECILE PROVINE,jack_up,,,,,,,,81.0,,,,,,,1.0,5/8/2004,1/20/2003,SM,,bsee_war,True
CELTIC SEA,jack_up,,,,,,,,4852.0,,,,,,,28.0,9/5/2003,1/14/2001,MC,,bsee_war,True
CHALLENGER MINERALS INC,unknown,,,,,,,,,,,,,,,1.0,2/27/2000,2/14/2000,MP,,bsee_war,True
CHARLES COPELAND,jack_up,,,,,,,,,,,,,,,1.0,7/8/2001,5/14/2001,MP,,bsee_war,True
CHARLES ROWAN\,jack_up,,,,,,,,,,,,,,,1.0,12/4/2000,1/10/2001,ST,,bsee_war,True
CHERYL DANIELS,lift_boat,,,,,,,,,,,,,,,2.0,8/27/2000,5/18/1999,ST,,bsee_war,True
CHHILES TONALA,jack_up,,,,,,,,,,,,,,,1.0,5/4/2001,4/21/2001,MP,,bsee_war,True
"CHILES ""FALRIG 20""",jack_up,,,,,,,,,,,,,,,1.0,8/7/2000,7/18/2000,EC,,bsee_war,True
CHILES TONALA,jack_up,,,,,,,,,,,,,,,21.0,7/6/2001,1/13/2001,MP,,bsee_war,True
CHILES COLUMBIS,jack_up,,,,,,,,,,,,,,,1.0,12/5/1999,11/15/1999,HI,,bsee_war,True
CHILES COLUMBUS,jack_up,,,,,,,,,,,,,,,21.0,9/9/2002,1/1/2001,HI,,bsee_war,True
CHILES MAGELIAN,jack_up,,,,,,,,,,,,,,,1.0,8/5/2002,5/21/2002,ST,,bsee_war,True
CHILES MAGELLAN,jack_up,,,,,,,,,,,,,,,16.0,9/4/2000,1/1/2002,HI,,bsee_war,True
CHILES OFFSHORE TONALA,jack_up,,,,,,,,,,,,,,,2.0,4/6/2001,2/17/2001,MP,,bsee_war,True
CHILLES TONALA,jack_up,,,,,,,,,,,,,,,1.0,2/19/2001,10/10/2000,SS,,bsee_war,True
CIOL TUBING,coil_tubing_unit,,,,,,,,146.0,,,,,,,1.0,9/4/2004,10/10/2004,WD,,bsee_war,True
CIUK TUBING,coil_tubing_unit,,,,,,,,32.0,,,,,,,1.0,9/23/2006,9/10/2006,SS,,bsee_war,True
CLADIVE Q-4000 (SS),support_vessel,,,,,,,,1531.0,,,,,,,1.0,5/6/2006,4/16/2006,MC,,bsee_war,True
CLIFF 156,jack_up,,,,,,,,45.0,,,,,,,4.0,9/7/1998,10/24/2003,WD,,bsee_war,True
CLIFF 200,jack_up,,,,,,,,,,,,,,,4.0,4/9/2000,1/10/2000,WC,,bsee_war,True
CLIFF DRILLING 100,jack_up,,,,,,,,,,,,,,,1.0,9/4/1998,8/15/1998,EC,,bsee_war,True
CLIFF DRILLING 150,jack_up,,,,,,,,,,,,,,,34.0,9/3/1998,1/1/1999,SS,,bsee_war,True
CLIFF DRILLING 151,jack_up,,,,,,,,,,,,,,,7.0,6/20/1998,1/10/1998,EI,,bsee_war,True
CLIFF DRILLING 152,jack_up,,,,,,,,,,,,,,,5.0,9/7/2000,11/11/1999,HI,,bsee_war,True
CLIFF DRILLING 155,jack_up,,,,,,,,,,,,,,,8.0,9/9/1999,1/4/2000,EC,,bsee_war,True
CLIFF DRILLING 200,jack_up,,,,,,,,,,,,,,,9.0,9/8/2000,1/11/1999,HI,,bsee_war,True
CLIFF'S 200,jack_up,,,,,,,,,,,,,,,2.0,3/1/2001,1/18/2001,ST,,bsee_war,True
CLIFF'S RIG NO. 150,jack_up,,,,,,,,,,,,,,,1.0,3/12/2000,3/6/2000,EI,,bsee_war,True
CLIFFS 150,jack_up,,,,,,,,,,,,,,,2.0,9/7/1999,11/1/1999,MP,,bsee_war,True
CLIFFS 152,jack_up,,,,,,,,,,,,,,,9.0,9/5/1999,1/10/1998,WC,,bsee_war,True
CLIFFS 153,jack_up,,,,,,,,,,,,,,,4.0,9/3/2000,10/2/2000,SX,,bsee_war,True
CLIFFS 155,jack_up,,,,,,,,,,,,,,,1.0,4/9/2000,3/20/2000,VR,,bsee_war,True
CLIFFS 156,jack_up,,,,,,,,,,,,,,,1.0,7/6/1998,5/25/1998,WC,,bsee_war,True
CLIFFS 180,jack_up,,,,,,,,,,,,,,,3.0,8/27/2000,1/13/1998,WC,,bsee_war,True
CLIFFS 200,jack_up,,,,,,,,,,,,,,,3.0,6/4/2000,10/13/2000,WC,,bsee_war,True
CLIFFS DRILLING 152,jack_up,,,,,,,,,,,,,,,1.0,10/31/1998,9/25/1998,VR,,bsee_war,True
CLIFFS DRILLING 153,jack_up,,,,,,,,,,,,,,,11.0,9/4/1998,1/11/2000,HI,,bsee_war,True
CLIFFS DRILLING 156,jack_up,,,,,,,,15.0,,,,,,,1.0,3/8/1999,2/19/1999,EI,,bsee_war,True
CLIFFS DRILLING 180,jack_up,,,,,,,,,,,,,,,2.0,8/9/1998,11/30/1998,EI,,bsee_war,True
CLIFFS RIG 152,jack_up,,,,,,,,,,,,,,,3.0,3/12/2001,1/1/2001,HI,,bsee_war,True
CLIFFS RIG 180,jack_up,,,,,,,,,,,,,,,2.0,8/16/1998,10/20/1998,HI,,bsee_war,True
CLOMAR EXPLORER,drillship,,,,,,,,7316.0,,,,,,,1.0,9/5/2004,1/2/2005,KC,,bsee_war,True
CLOMAR MAIN PASS IV,jack_up,,,,,,,,,,,,,,,1.0,2/14/2000,2/8/2000,MO,,bsee_war,True
COASTAL RIG 22,jack_up,,,,,,,,,,,,,,,4.0,9/6/2008 11:59:00 PM,1/11/2009 12:01:00 AM,SM,,bsee_war,True
COIL TBG UNIT,coil_tubing_unit,,,,,,,,,,,,,,,3.0,7/6/2003,11/24/1998,EI,,bsee_war,True
COIL TUBING,coil_tubing_unit,,,,,,,,2590.0,,,,,,,47.0,9/3/2005,1/16/2005,VR,,bsee_war,True
COIL TUBING UNIT - E-LINE,coil_tubing_unit,,,,,,,,25.0,,,,,,,1.0,6/5/2004,5/23/2004,WC,,bsee_war,True
COIL TUBING UNIT / ELU,coil_tubing_unit,,,,,,,,26.0,,,,,,,1.0,3/31/2005,12/12/2004,VR,,bsee_war,True
COIL TUBING UNIT/TETRA 7,coil_tubing_unit,,,,,,,,,,,,,,,1.0,11/7/2002,11/1/2002,ST,,bsee_war,True
COIL TUBING UNIT/WIRELINE UNIT,coil_tubing_unit,,,,,,,,146.0,,,,,,,1.0,12/11/2004,11/21/2004,ST,,bsee_war,True
COIL TUBING/ ELECTRIC LINE,coil_tubing_unit,,,,,,,,50.0,,,,,,,1.0,5/8/2004,5/2/2004,WD,,bsee_war,True
COIL TUBING/ SLICKLINE,coil_tubing_unit,,,,,,,,93.0,,,,,,,1.0,7/31/2004,7/14/2004,VK,,bsee_war,True
COIL TUNBING UNIT,coil_tubing_unit,,,,,,,,,,,,,,,1.0,9/8/2003,9/2/2003,EI,,bsee_war,True
COILED TBG,coil_tubing_unit,,,,,,,,13.0,,,,,,,1.0,7/3/2004,6/27/2004,VR,,bsee_war,True
COILED TBG UNIT,coil_tubing_unit,,,,,,,,,,,,,,,1.0,9/23/2003,9/21/2003,EI,,bsee_war,True
COILED TBG/SLICKLINE,coil_tubing_unit,,,,,,,,13.0,,,,,,,1.0,2/21/2004,2/15/2004,VR,,bsee_war,True
COILED TUBING,coil_tubing_unit,,,,,,,,250.0,,,,,,,6.0,8/4/2003,10/14/2004,MP,,bsee_war,True
COILED TUBING UNIT,coil_tubing_unit,,,,,,,,51.0,,,,,,,3.0,9/23/2001,11/7/2002,SS,,bsee_war,True
CR LUIGS,jack_up,,,,,,,,8831.0,,,,,,,3.0,9/28/2003,10/11/2001,GC,,bsee_war,True
CT,coil_tubing_unit,,,,,,,,250.0,,,,,,,31.0,9/8/2002,1/1/2006,EI,,bsee_war,True
CT/EL,coil_tubing_unit,,,,,,,,718.0,,,,,,,1.0,2/21/2004,12/30/2002,GB,,bsee_war,True
CT UNIT,coil_tubing_unit,,,,,,,,1290.0,,,,,,,9.0,9/24/2003,10/9/1999,SS,,bsee_war,True
"CT UNIT, WIRELINE",coil_tubing_unit,,,,,,,,84.0,,,,,,,1.0,9/7/2003,9/1/2003,HI,,bsee_war,True
"CT, EL, WL",coil_tubing_unit,,,,,,,,74.0,,,,,,,1.0,12/20/2003,10/5/2003,WC,,bsee_war,True
CT/EL UNIT,coil_tubing_unit,,,,,,,,295.0,,,,,,,1.0,9/30/2004,9/18/2004,HI,,bsee_war,True
CTU,coil_tubing_unit,,,,,,,,4808.0,,,,,,,255.0,9/9/2006,1/1/2002,BA,,bsee_war,True
CTU/EL,coil_tubing_unit,,,,,,,,50.0,,,,,,,1.0,12/2/2006,11/12/2006,HI,,bsee_war,True
"CTU, SL",coil_tubing_unit,,,,,,,,212.0,,,,,,,1.0,3/6/2004,2/22/2004,HI,,bsee_war,True
CTU / E-LINE,coil_tubing_unit,,,,,,,,103.0,,,,,,,1.0,7/9/2005,7/3/2005,SM,,bsee_war,True
CTU AND PA UNIT,coil_tubing_unit,,,,,,,,260.0,,,,,,,1.0,5/8/2004,3/28/2004,HI,,bsee_war,True
CTU EWU SLU,coil_tubing_unit,,,,,,,,,,,,,,,1.0,9/7/2000,8/23/2000,WC,,bsee_war,True
CTU/EL/SL,coil_tubing_unit,,,,,,,,56.0,,,,,,,1.0,12/26/2003,10/18/2003,WD,,bsee_war,True
CTU-WIRELINE UNIT,coil_tubing_unit,,,,,,,,212.0,,,,,,,1.0,7/31/2004,7/11/2004,EI,,bsee_war,True
CTU/ HWO UNIT,coil_tubing_unit,,,,,,,,144.0,,,,,,,1.0,5/8/2004,4/11/2004,VR,,bsee_war,True
CTU/ ROWAN ODESSA,jack_up,,,,,,,,81.0,,,,,,,1.0,7/9/2005,6/26/2005,SM,,bsee_war,True
CTU/ELU,coil_tubing_unit,,,,,,,,180.0,,,,,,,2.0,8/16/2005,11/14/2004,VR,,bsee_war,True
CTU/EWU,coil_tubing_unit,,,,,,,,251.0,,,,,,,1.0,9/4/2004,1/23/2005,EI,,bsee_war,True
CTU/POOL 10,coil_tubing_unit,,,,,,,,,,,,,,,2.0,12/4/1998,10/10/1998,ST,,bsee_war,True
CTU/PRIDE MICHIGAN,coil_tubing_unit,,,,,,,,50.0,,,,,,,1.0,3/8/2004,2/17/2004,HI,,bsee_war,True
CTU/SLICKLINE,coil_tubing_unit,,,,,,,,215.0,,,,,,,3.0,4/2/2005,2/27/2005,EI,,bsee_war,True
CTU/WIRELINE/SLICK-LINE UNIT,coil_tubing_unit,,,,,,,,381.0,,,,,,,1.0,12/4/2004,11/14/2004,VR,,bsee_war,True
CTU/WL,coil_tubing_unit,,,,,,,,272.0,,,,,,,2.0,9/25/2004,10/10/2004,EW,,bsee_war,True
CTU/WL UNIT,coil_tubing_unit,,,,,,,,44.0,,,,,,,1.0,12/25/2004,1/2/2005,HI,,bsee_war,True
CUDD SNUBBING UNIT,snubbing_unit,,,,,,,,211.0,,,,,,,1.0,12/18/2004,10/11/2004,SM,,bsee_war,True
CUPERIOR ENERGY SERVICES P&A,unknown,,,,,,,,51.0,,,,,,,1.0,3/6/2004,2/29/2004,WC,,bsee_war,True
D O AMERICA,semi_submersible,,,,,,,,,,,,,,,1.0,9/8/1999,6/17/1999,GC,,bsee_war,True
D.O. KING,semi_submersible,,,,,,,,,,,,,,,1.0,10/9/2004,10/10/2004,MU,,bsee_war,True
D W NAUTILUS,semi_submersible,,,,,,,,,,,,,,,2.0,9/4/2000,10/10/2000,AC,,bsee_war,True
D.O. CHAMPION,semi_submersible,,,,,,,,44.0,,,,,,,2.0,9/25/2004,1/16/2005,GA,,bsee_war,True
D.O. COLUMBIA,semi_submersible,,,,,,,,50.0,,,,,,,3.0,12/4/2004,1/16/2005,HI,,bsee_war,True
D.O. CONCORD,semi_submersible,,,,,,,,998.0,,,,,,,1.0,4/9/2005,2/20/2005,EB,,bsee_war,True
D.O. CONFIDENCE,semi_submersible,,,,,,,,,,,,,,,1.0,11/27/2004,11/14/2004,AC,,bsee_war,True
D.O. CRUSADER,semi_submersible,,,,,,,,58.0,,,,,,,1.0,9/25/2004,10/10/2004,HI,,bsee_war,True
D.O. DRAKE,semi_submersible,,,,,,,,,,,,,,,1.0,11/25/2001,11/12/2001,VK,,bsee_war,True
D.O. NEW ERA,semi_submersible,,,,,,,,,,,,,,,1.0,7/1/2006,5/31/2006,GB,,bsee_war,True
D.O. NUGGET,semi_submersible,,,,,,,,265.0,,,,,,,6.0,5/7/2005,1/16/2005,HI,,bsee_war,True
D.O. OCEAN STAR,semi_submersible,,,,,,,,,,,,,,,1.0,6/4/2005,4/17/2005,GB,,bsee_war,True
D.O. SARATOGA,semi_submersible,,,,,,,,,,,,,,,1.0,11/6/2004,10/31/2004,EB,,bsee_war,True
D.O. SPARTAN,jack_up,,,,,,,,53.0,,,,,,,5.0,9/4/2004,10/10/2004,HI,,bsee_war,True
D.O. SUMMIT,semi_submersible,,,,,,,,142.0,,,,,,,3.0,8/6/2005,2/1/2003,MI,,bsee_war,True
D/B BOAT,unknown,,,,,,,,104.0,,,,,,,1.0,5/28/2005,5/18/2005,HI,,bsee_war,True
D/B BOAZ,unknown,,,,,,,,104.0,,,,,,,7.0,5/7/2005,4/24/2005,GA,,bsee_war,True
D/V HAMMERHEAD,support_vessel,,,,,,,,180.0,,,,,,,1.0,8/5/2006,11/20/2006,GI,,bsee_war,True
DD 202,jack_up,,,,,,,,,,,,,,,12.0,9/9/2017 11:59:00 PM,1/12/2020 12:01:00 AM,GC,,bsee_war,True
DEEP SEAS,drillship,,,,,,,,,,,,,,,1.0,3/4/2001,1/22/2001,MC,,bsee_war,True
DEEPWATER MILLENNIUM,drillship,,,,,,10000.0,30000.0,10000.0,221.28,42.06,,,,1999.0,38.0,9/9/2006 11:59:00 PM,1/1/2006 12:01:00 AM,GB,,xls_historical,True
T.O. DEEPWATER HORIZON,drillship,,,,,,,,,,,,,,,34.0,9/9/2006 11:59:00 PM,1/1/2006 12:01:00 AM,KC,,bsee_war,True
DEEPWATER MILILENIUM,drillship,,,,,,,,,,,,,,,1.0,11/6/2001,10/16/2001,GC,,bsee_war,True
DEEPWATER MILLENIUM,drillship,,,,,,,,9086.0,,,,,,,4.0,7/9/2001,2/26/2003,LL,,bsee_war,True
DEEPWATER NAUTILUS,semi_submersible,,,,,,8000.0,30000.0,8000.0,119.48,93.88,,,,1999.0,40.0,9/9/2006 11:59:00 PM,1/1/2012 12:01:00 AM,MC,,xls_historical,True
DEEPWATER PATHFINDER,drillship,,,,,,10000.0,30000.0,10000.0,221.28,42.06,,,,1998.0,13.0,9/8/2012 11:59:00 PM,1/1/2012 12:01:00 AM,MC,,xls_historical,True
DEEPWATER SPIRIT,drillship,,,,,,,,,,,,,,,1.0,6/1/2002,5/11/2002,MC,,bsee_war,True
DERRICK BARGE,inland_barge,,,,,,,,211.0,,,,,,,3.0,6/7/2006,10/16/2005,VR,,bsee_war,True
DERRICK BARGE BOAZ,inland_barge,,,,,,,,173.0,,,,,,,1.0,9/14/2003,9/8/2003,MP,,bsee_war,True
DERRICK BARGE PACIFIC,drillship,,,,,,,,61.0,,,,,,,1.0,9/14/2003,9/8/2003,WD,,bsee_war,True
DERRIK BARGE CHICKASAW,inland_barge,,,,,,,,,,,,,,,1.0,12/9/2000,12/1/2000,GC,,bsee_war,True
DIAMOND OCEAN SPUR,semi_submersible,,,,,,,,190.0,,,,,,,17.0,9/3/2005 11:59:00 PM,1/1/2006 12:01:00 AM,SS,,bsee_war,True
DIAMOND AMBASSADOR,semi_submersible,,,,,,,,,,,,,,,4.0,9/6/2001,1/20/1998,GB,,bsee_war,True
DIAMOND COLUMBIA,semi_submersible,,,,,,,,,,,,,,,1.0,2/2/1998,1/13/1998,EC,,bsee_war,True
DIAMOND CONCORD,semi_submersible,,,,,,,,,,,,,,,10.0,9/8/1998,1/13/1999,MC,,bsee_war,True
DIAMOND LEXINGTON,semi_submersible,,,,,,,,,,,,,,,7.0,8/9/1999,5/19/1998,VK,,bsee_war,True
DIAMOND M OCEAN TOWER,semi_submersible,,,,,,,,201.0,,,,,,,1.0,9/30/2003,1/27/2004,PN,,bsee_war,True
DIAMOND NEW ERA,semi_submersible,,,,,,,,,,,,,,,1.0,11/30/1997,11/10/1997,VR,,bsee_war,True
DIAMOND OCEAN,semi_submersible,,,,,,,,,,,,,,,1.0,12/22/1997,1/5/1998,WC,,bsee_war,True
DIAMOND OCEAN AMBASSADOR,semi_submersible,,,,,,,,,,,,,,,9.0,7/5/2008 11:59:00 PM,1/11/2009 12:01:00 AM,VR,,bsee_war,True
DIAMOND OCEAN AMERICA,semi_submersible,,,,,,,,3256.0,,,,,,,53.0,9/9/2006 11:59:00 PM,1/1/2006 12:01:00 AM,MC,,bsee_war,True
DIAMOND OCEAN BARONESS,semi_submersible,,,,,,,,,,,,,,,18.0,9/6/2008 11:59:00 PM,1/10/2010 12:01:00 AM,GB,,bsee_war,True
DIAMOND OCEAN BLACKHAWK,semi_submersible,,,,,,,,,,,,,,,72.0,9/8/2018 11:59:00 PM,1/1/2017,MC,,bsee_war,True
DIAMOND OCEAN BLACKHORNET,semi_submersible,,,,,,,,,,,,,,,72.0,9/9/2023 11:59:00 PM,1/1/2017 12:01:00 AM,MC,,bsee_war,True
DIAMOND OCEAN BLACKLION,semi_submersible,,,,,,,,,,,,,,,40.0,9/9/2017,1/1/2017 12:01:00 AM,GC,,bsee_war,True
DIAMOND OCEAN BLACKRHINO,semi_submersible,,,,,,,,,,,,,,,18.0,9/9/2017 11:59:00 PM,1/13/2019,GC,,bsee_war,True
DIAMOND OCEAN CHAMPION,semi_submersible,,,,,,,,,,,,,,,30.0,9/9/2006 11:59:00 PM,1/1/2006 12:01:00 AM,ST,,bsee_war,True
DIAMOND OCEAN COLUMBIA,semi_submersible,,,,,,,,,,,,,,,38.0,9/9/2006 11:59:00 PM,1/1/2012 12:01:00 AM,SS,,bsee_war,True
DIAMOND OCEAN CONCORD,semi_submersible,,,,,,,,444.0,,,,,,,18.0,9/9/2006 11:59:00 PM,1/14/2007 12:01:00 AM,EW,,bsee_war,True
DIAMOND OCEAN CONFIDENCE,semi_submersible,,,,,,,,,,,,,,,37.0,9/9/2006 11:59:00 PM,1/1/2006 12:01:00 AM,MC,,bsee_war,True
DIAMOND OCEAN CRUSADER,semi_submersible,,,,,,,,51.0,,,,,,,42.0,9/9/2006 11:59:00 PM,1/1/2006 12:01:00 AM,SS,,bsee_war,True
DIAMOND OCEAN DRAKE,semi_submersible,,,,,,,,45.0,,,,,,,58.0,9/9/2006 11:59:00 PM,1/1/2003,ST,,bsee_war,True
DIAMOND OCEAN ENDEAVOR,semi_submersible,,,,,,,,,,,,,,,19.0,9/8/2007 11:59:00 PM,1/10/2010 12:01:00 AM,GC,,bsee_war,True
DIAMOND-OCEAN KING,semi_submersible,,,,,,,,,,,,,,,4.0,9/26/1999,10/11/1999,HI,,bsee_war,True
DIAMOND OCEAN LEXINGTON,semi_submersible,,,,,,,,517.0,,,,,,,15.0,9/9/1999,1/1/2006 12:01:00 AM,GB,,bsee_war,True
DIAMOND OCEAN MONARCH,semi_submersible,,,,,,,,,,,,,,,8.0,9/8/2011 11:59:00 PM,1/10/2010 12:01:00 AM,GB,,bsee_war,True
DIAMOND OCEAN NEW ERA,semi_submersible,,,,,,,,,,,,,,,14.0,9/1/2006,1/14/2007 12:01:00 AM,VK,,bsee_war,True
DIAMOND OCEAN NUGGET,semi_submersible,,,,,,,,93.0,,,,,,,32.0,9/9/2003,1/1/2006 12:01:00 AM,WC,,bsee_war,True
DIAMOND OCEAN ONYX,semi_submersible,,,,,,,,,,,,,,,3.0,6/6/2014,1/11/2015 12:01:00 AM,MC,,bsee_war,True
DIAMOND OCEAN QUEST,semi_submersible,,,,,,,,2670.0,,,,,,,42.0,9/9/2006 11:59:00 PM,1/1/2006 12:01:00 AM,EB,,bsee_war,True
DIAMOND OCEAN SARATOGA,semi_submersible,,,,,,,,1119.0,,,,,,,50.0,9/8/2007 11:59:00 PM,1/10/2010,MC,,bsee_war,True
DIAMOND OCEAN SCEPTER,semi_submersible,,,,,,,,,,,,,,,5.0,7/3/2010 11:59:00 PM,2/16/2010,EI,,bsee_war,True
DIAMOND OCEAN SPARTAN,semi_submersible,,,,,,,,172.0,,,,,,,63.0,9/9/2006 11:59:00 PM,1/10/2010 12:01:00 AM,HI,,bsee_war,True
DIAMOND OCEAN STAR,semi_submersible,,,,,,,,3789.0,,,,,,,32.0,9/9/2006 11:59:00 PM,1/1/2006 12:01:00 AM,EB,,bsee_war,True
DIAMOND OCEAN SUMMIT,semi_submersible,,,,,,,,238.0,,,,,,,54.0,9/9/2006 11:59:00 PM,1/1/2006 12:01:00 AM,WC,,bsee_war,True
DIAMOND OCEAN TITAN,semi_submersible,,,,,,,,184.0,,,,,,,64.0,9/9/2006 11:59:00 PM,1/10/2010 12:01:00 AM,SS,,bsee_war,True
DIAMOND OCEAN TITIAN,semi_submersible,,,,,,,,,,,,,,,2.0,9/7/1999,10/12/1999,MU,,bsee_war,True
DIAMOND OCEAN TOWER,semi_submersible,,,,,,,,255.0,,,,,,,110.0,9/9/2007 11:59:00 PM,1/1/2006 12:01:00 AM,HI,,bsee_war,True
DIAMOND OCEAN VALIANT,drillship,,,,,,,,3225.0,,,,,,,31.0,9/9/2006 11:59:00 PM,1/1/2006 12:01:00 AM,GB,,bsee_war,True
DIAMOND OCEAN VICTORY,semi_submersible,,,,,,,,5673.0,,,,,,,87.0,9/9/2006 11:59:00 PM,1/1/2006 12:01:00 AM,MC,,bsee_war,True
DIAMOND OCEAN VOYAGER,semi_submersible,,,,,,,,,,,,,,,22.0,9/9/2001,1/1/2006 12:01:00 AM,GB,,bsee_war,True
DIAMOND OCEAN WARWICK,semi_submersible,,,,,,,,,,,,,,,10.0,8/6/2005 11:59:00 PM,5/15/2005 12:01:00 AM,MP,,bsee_war,True
DIAMOND OCEAN WINNER,semi_submersible,,,,,,,,,,,,,,,1.0,2/7/1998,1/10/1998,GC,,bsee_war,True
DIAMOND OCEAN WORKDER,semi_submersible,,,,,,,,,,,,,,,6.0,9/4/2000,1/30/2001,GB,,bsee_war,True
DIAMOND OCEAN WORKER,semi_submersible,,,,,,,,,,,,,,,9.0,9/17/2001,1/16/2001,GB,,bsee_war,True
DIAMOND OFFSHORE RATHER,semi_submersible,,,,,,,,,,,,,,,2.0,9/7/1999,7/20/1999,MC,,bsee_war,True
DIAMOND OFFSHORE WEST VELA,semi_submersible,,,,,,,,,,,,,,,14.0,9/9/2023 11:59:00 PM,1/14/2024,GC,,bsee_war,True
DIAMOND OFFSHORE/OCEAN SPARTAN,semi_submersible,,,,,,,,,,,,,,,1.0,9/28/1998,9/15/1998,WD,,bsee_war,True
DIAMOND SARATOGA,semi_submersible,,,,,,,,,,,,,,,4.0,9/8/1998,10/14/1998,GC,,bsee_war,True
DIAMOND SUMMIT,semi_submersible,,,,,,,,,,,,,,,3.0,8/28/2000,1/27/1998,WC,,bsee_war,True
DIAMOND VICTORY,jack_up,,,,,,,,,,,,,,,1.0,5/13/2001,10/15/2001,MC,,bsee_war,True
DIAMOND WEST AURIGA,semi_submersible,,,,,,,,,,,,,,,10.0,9/9/2023 11:59:00 PM,1/1/2023 12:01:00 AM,GC,,bsee_war,True
DIAMOND WORKER,jack_up,,,,,,,,,,,,,,,19.0,9/7/1999,1/11/2000,GC,,bsee_war,True
DIAMOND'S OCEAN CONFIDENCE,semi_submersible,,,,,,,,3944.0,,,,,,,1.0,9/3/2005,4/16/2006,GC,,bsee_war,True
DIAMOND-OCEN KING,semi_submersible,,,,,,,,,,,,,,,1.0,6/6/1999,5/24/1999,HI,,bsee_war,True
DICSOVERER 534,drillship,,,,,,,,,,,,,,,1.0,9/6/2000,8/24/2000,MC,,bsee_war,True
DISCOVER DEEP SEAS,drillship,,,,,,,,4292.0,,,,,,,4.0,8/6/2002,3/11/2002,GC,,bsee_war,True
DISCOVER ENTERPIRSE,drillship,,,,,,,,5613.0,,,,,,,1.0,5/27/2006,5/17/2006,MC,,bsee_war,True
DISCOVER ENTERPRISE,drillship,,,,,,,,6271.0,,,,,,,9.0,9/30/2006,1/1/2006,MC,,bsee_war,True
DISCOVERER 534,drillship,,,,,,7000.0,25000.0,7000.0,162.76,26.52,,,,1975.0,14.0,9/6/1998,1/13/2000,GC,,xls_historical,True
DISCOVERER DEEP SEA,drillship,,,,,,,,,,,,,,,1.0,3/3/2002,1/14/2002,GC,,bsee_war,True
DISCOVERER DEEP SEAS,drillship,,,,,,10000.0,35000.0,10000.0,254.51,38.1,,,,,45.0,9/9/2006 11:59:00 PM,1/1/2006 12:01:00 AM,AC,,xls_historical,True
DISCOVERER ENTERPRISE,drillship,,,,,,10000.0,35000.0,10000.0,254.51,38.1,,,,1999.0,22.0,9/9/2006 11:59:00 PM,1/1/2012 12:01:00 AM,MC,,xls_historical,True
DISCOVERER SEVEN SEAS,drillship,,,,,,7000.0,25000.0,7000.0,162.76,26.21,,,,1976.0,12.0,9/9/1998,1/10/1999,MC,,xls_historical,True
DISCOVERER SPIRIT,drillship,,,,,,10000.0,35000.0,10000.0,254.51,38.1,,,,2000.0,44.0,9/9/2006 11:59:00 PM,1/1/2006 12:01:00 AM,MC,,xls_historical,True
DISCOVERY DEEP SEAS,drillship,,,,,,,,4292.0,,,,,,,1.0,2/9/2003,1/20/2003,GC,,bsee_war,True
DISCOVERY ENTERPRISE,drillship,,,,,,,,,,,,,,,2.0,4/2/2001,1/2/2001,MC,,bsee_war,True
DISOVERER SPIRIT,drillship,,,,,,,,8056.0,,,,,,,1.0,7/7/2003,6/17/2003,AT,,bsee_war,True
DIVE BOAT,support_vessel,,,,,,,,450.0,,,,,,,3.0,5/8/2004,10/28/2003,GA,,bsee_war,True
DIVE VESSEL/WIRELINE UNIT,support_vessel,,,,,,,,,,,,,,,1.0,9/22/2002,1/6/2003,WD,,bsee_war,True
DIXIE ENDEAVOR LIFT BOAT,lift_boat,,,,,,,,133.0,,,,,,,1.0,7/24/2004,7/11/2004,PN,,bsee_war,True
DIXIE LEGACY LIFT BOAT,lift_boat,,,,,,,,180.0,,,,,,,2.0,7/3/2004,5/16/2004,MO,,bsee_war,True
DIZAMOND OCEAN COLUMBIA,semi_submersible,,,,,,,,,,,,,,,1.0,3/31/2003,3/11/2003,EI,,bsee_war,True
DO CONCORD,semi_submersible,,,,,,,,2033.0,,,,,,,1.0,12/8/2003,11/17/2003,VK,,bsee_war,True
DO QUEST,semi_submersible,,,,,,,,1849.0,,,,,,,1.0,7/4/2003,6/12/2003,MC,,bsee_war,True
DOLPHIN,jack_up,,,,,,,,,,,,,,,1.0,9/23/2001,9/17/2001,ST,,bsee_war,True
DOLPHIN 105,jack_up,,,,,,,,,,,,,,,4.0,9/6/1999,10/1/2002,SS,,bsee_war,True
DOLPHIN 106,jack_up,,,,,,,,148.0,,,,,,,15.0,9/8/2004,1/22/2006,HI,,bsee_war,True
DOLPHIN 109,jack_up,,,,,,,,45.0,,,,,,,12.0,7/7/2006,1/13/2003,WD,,bsee_war,True
DOLPHIN 110,jack_up,,,,,,,,66.0,,,,,,,39.0,9/9/1998,1/1/2001,MO,,bsee_war,True
DOLPHIN 111,jack_up,,,,,,,,,,,,,,,8.0,7/23/2000,4/10/2004,WD,,bsee_war,True
DOLPHIN II0,jack_up,,,,,,,,,,,,,,,1.0,9/4/1998,8/10/1998,MO,,bsee_war,True
DOLPHIN III,jack_up,,,,,,,,,,,,,,,6.0,9/6/1998,10/21/2002,ST,,bsee_war,True
DOLPHIN TITAL 105 (JU),jack_up,,,,,,,,,,,,,,,1.0,12/7/1999,11/29/1999,VR,,bsee_war,True
DOLPHIN TITAL 106 (JU),jack_up,,,,,,,,37.0,,,,,,,2.0,9/7/1999,10/17/2004,VR,,bsee_war,True
DOLPHIN TITAN 105 (JU),jack_up,,,,,,,,,,,,,,,1.0,12/21/1999,12/14/1999,VR,,bsee_war,True
DOLPHIN TITAN 106 (JU),jack_up,,,,,,,,,,,,,,,4.0,9/21/1999,10/7/1999,VR,,bsee_war,True
DOLPHIN TITAN 110,jack_up,,,,,,,,,,,,,,,1.0,2/11/2002,1/17/2002,ST,,bsee_war,True
DOLPHIN TITAN 111,jack_up,,,,,,,,,,,,,,,3.0,4/1/2000,1/4/2000,WD,,bsee_war,True
DOLPHIN TITAN III,jack_up,,,,,,,,,,,,,,,1.0,4/4/1999,3/22/1999,ST,,bsee_war,True
DOLPHION TITAL 106 (JU),jack_up,,,,,,,,,,,,,,,1.0,11/30/1999,11/16/1999,VR,,bsee_war,True
DOTS OCEAN NUGGET,semi_submersible,,,,,,,,,,,,,,,1.0,12/7/1998,10/14/1998,MI,,bsee_war,True
DP WORKBOAT,support_vessel,,,,,,,,186.0,,,,,,,2.0,9/4/2004,11/21/2004,VR,,bsee_war,True
DRILLING 3-1/16 CTU FOR SIDETRACKS WITH MUD MOTOR,coil_tubing_unit,,,,,,,,,,,,,,,1.0,11/4/2006 11:59:00 PM,11/1/2006,EW,,bsee_war,True
DRL,unknown,,,,,,,,,,,,,,,2.0,9/29/2000,1/18/2002,ST,,bsee_war,True
DSV,support_vessel,,,,,,,,365.0,,,,,,,2.0,8/7/2004,8/1/2004,VR,,bsee_war,True
"DSV ""AMERICAN CONSTITUTION""",support_vessel,,,,,,,,364.0,,,,,,,1.0,7/31/2005,7/28/2005,VR,,bsee_war,True
DSV-AMERICAN TRIUMPH,support_vessel,,,,,,,,134.0,,,,,,,1.0,12/7/2003,11/14/2003,HI,,bsee_war,True
DT-105,jack_up,,,,,,,,,,,,,,,2.0,12/4/2000,11/2/1999,VR,,bsee_war,True
DT 106,jack_up,,,,,,,,63.0,,,,,,,2.0,9/28/2003,11/24/2003,SP,,bsee_war,True
DT 110,jack_up,,,,,,,,,,,,,,,1.0,7/21/1998,4/16/2001,ST,,bsee_war,True
DUAL RIG 41,jack_up,,,,,,,,,,,,,,,1.0,10/6/2002,10/7/2002,EC,,bsee_war,True
DULARGE,unknown,,,,,,,,,,,,,,,1.0,5/29/2000,5/18/2000,MP,,bsee_war,True
DUPLICATE FOR DEEPWATER ASGARD -USE 51292,drillship,,,,,,,,,,,,,,,2.0,12/5/2015 11:59:00 PM,10/14/2015,GC,,bsee_war,True
DW MILLENNIUM,drillship,,,,,,,,4017.0,,,,,,,1.0,7/3/2004,6/13/2004,GC,,bsee_war,True
DW NAUTILUS,semi_submersible,,,,,,,,,,,,,,,1.0,3/5/2001,1/16/2001,AC,,bsee_war,True
DW PATHFINDER,drillship,,,,,,,,,,,,,,,5.0,9/6/2002,1/26/2002,WR,,bsee_war,True
DW PATHFINDER/GLOMAR EXPLORER,drillship,,,,,,,,,,,,,,,3.0,2/8/2002,1/12/2002,GC,,bsee_war,True
DW PATHFRINDER,drillship,,,,,,,,,,,,,,,1.0,2/7/2003,1/25/2003,KC,,bsee_war,True
E/LINE,wireline_unit,,,,,,,,30.0,,,,,,,3.0,9/10/2003,2/18/2003,SS,,bsee_war,True
E LINE AND PARKER 21-J,platform_rig,,,,,,,,46.0,,,,,,,1.0,9/28/2003,9/27/2003,MP,,bsee_war,True
E LINE AND PARKER 21J,platform_rig,,,,,,,,46.0,,,,,,,1.0,10/16/2003,10/13/2003,MP,,bsee_war,True
E-LINE & CTU,wireline_unit,,,,,,,,,,,,,,,1.0,2/7/2004,1/27/2004,EI,,bsee_war,True
E-LINE & TCU,wireline_unit,,,,,,,,,,,,,,,1.0,2/7/2004,1/27/2004,EI,,bsee_war,True
E-LINE / COIL TUBING,wireline_unit,,,,,,,,196.0,,,,,,,1.0,2/19/2005,2/13/2005,VR,,bsee_war,True
E-LINE / COOIL TUBING UNIT,wireline_unit,,,,,,,,196.0,,,,,,,1.0,3/5/2005,2/20/2005,VR,,bsee_war,True
E-LINE / S-LINE,wireline_unit,,,,,,,,,,,,,,,1.0,9/14/2003,9/9/2003,EI,,bsee_war,True
E-LINE UNIT,wireline_unit,,,,,,,,130.0,,,,,,,7.0,7/31/2004,12/2/2003,EC,,bsee_war,True
E-LINE/SLICKLINE,wireline_unit,,,,,,,,44.0,,,,,,,1.0,5/29/2004,2/24/2004,WC,,bsee_war,True
E-LINE/SLICKLINE UNIT,wireline_unit,,,,,,,,,,,,,,,1.0,8/2/2003,7/13/2003,EI,,bsee_war,True
E-LINE/SLICKLINE/CTU,wireline_unit,,,,,,,,52.0,,,,,,,1.0,4/17/2004,4/11/2004,SS,,bsee_war,True
"E-LINTE, CT",wireline_unit,,,,,,,,2160.0,,,,,,,1.0,2/29/2004,2/16/2004,SM,,bsee_war,True
E/L,wireline_unit,,,,,,,,25.0,,,,,,,6.0,7/25/2004,11/30/2001,SS,,bsee_war,True
E/L & SNUBBING UNIT,wireline_unit,,,,,,,,36.0,,,,,,,1.0,5/1/2004,4/11/2004,MP,,bsee_war,True
E/LINE & CT,wireline_unit,,,,,,,,107.0,,,,,,,1.0,6/5/2004,5/16/2004,EI,,bsee_war,True
EAR FREDERICKSON,jack_up,,,,,,,,,,,,,,,1.0,12/28/2000,1/5/2001,WC,,bsee_war,True
EARL FREDEREICKSON,jack_up,,,,,,,,,,,,,,,1.0,2/13/2001,10/22/2000,WC,,bsee_war,True
EARL FREDERICKSON,jack_up,,,,,,,,,,,,,,,12.0,9/7/2000,1/19/2001,WC,,bsee_war,True
EARL FREDERICSON,jack_up,,,,,,,,,,,,,,,1.0,8/3/2000,6/19/2000,WC,,bsee_war,True
EARL FREDRICKSON,jack_up,,,,,,,,,,,,,,,1.0,7/3/2000,1/19/2000,WC,,bsee_war,True
ECSCO 98,jack_up,,,,,,,,51.0,,,,,,,1.0,8/6/2005,7/23/2005,MP,,bsee_war,True
EDDIE PAUL,jack_up,,,,,,,,305.0,,,,,,,50.0,9/5/1999,1/1/2001,MP,,bsee_war,True
EE-LINE,wireline_unit,,,,,,,,70.0,,,,,,,1.0,8/7/2004,8/1/2004,SM,,bsee_war,True
EL,wireline_unit,,,,,,,,721.0,,,,,,,104.0,9/8/2001,1/13/2004,VR,,bsee_war,True
EL & P&A UNIT,wireline_unit,,,,,,,,720.0,,,,,,,1.0,7/24/2004,7/11/2004,GB,,bsee_war,True
EL/SL,wireline_unit,,,,,,,,123.0,,,,,,,2.0,7/9/2005,5/23/2005,SP,,bsee_war,True
EL/SLU,wireline_unit,,,,,,,,190.0,,,,,,,2.0,9/18/2004,3/29/1997,WC,,bsee_war,True
EL UNIT,wireline_unit,,,,,,,,274.0,,,,,,,24.0,9/5/2005,10/2/2005,SS,,bsee_war,True
"EL,SL,CTU",wireline_unit,,,,,,,,184.0,,,,,,,1.0,11/5/2005,10/19/2005,HI,,bsee_war,True
EL/CT,wireline_unit,,,,,,,,,,,,,,,5.0,9/7/2002,1/21/2001,SS,,bsee_war,True
EL/CTU,wireline_unit,,,,,,,,272.0,,,,,,,1.0,8/7/2003,2/18/2004,VR,,bsee_war,True
EL/EDDIE PAUL,wireline_unit,,,,,,,,210.0,,,,,,,1.0,6/8/2003,6/16/2003,WD,,bsee_war,True
EL/SL UNIT,wireline_unit,,,,,,,,255.0,,,,,,,1.0,7/9/2005,6/26/2005,HI,,bsee_war,True
EL/SLICKLINE,wireline_unit,,,,,,,,50.0,,,,,,,1.0,3/20/2004,2/10/2004,EI,,bsee_war,True
EL/SNUBBING UNIT,wireline_unit,,,,,,,,,,,,,,,1.0,6/13/2003,6/9/2003,SM,,bsee_war,True
ELEC LINE UNIT,wireline_unit,,,,,,,,,,,,,,,1.0,7/8/1998,7/4/2000,MI,,bsee_war,True
ELECTRIC LIN UNIT,wireline_unit,,,,,,,,,,,,,,,1.0,4/6/2003,3/24/2003,MP,,bsee_war,True
ELECTRIC LINE,wireline_unit,,,,,,,,484.0,,,,,,,55.0,9/9/2002,1/1/2005,SS,,bsee_war,True
ELECTRIC LINE / COIL TUBING,wireline_unit,,,,,,,,196.0,,,,,,,1.0,2/20/2005,2/13/2005,VR,,bsee_war,True
ELECTRIC LINE/WIRELINE UNITS,wireline_unit,,,,,,,,50.0,,,,,,,1.0,7/7/2004,10/6/2003,HI,,bsee_war,True
ELECTRIC LINE UNIT,wireline_unit,,,,,,,,210.0,,,,,,,20.0,9/30/2006,1/13/2003,MP,,bsee_war,True
"ELECTRIC LINE, RBF 253",wireline_unit,,,,,,,,142.0,,,,,,,1.0,11/9/2003,10/13/2003,SS,,bsee_war,True
ELECTRIC LINE/SLICK LINE,wireline_unit,,,,,,,,,,,,,,,1.0,4/19/2003,3/10/2003,SP,,bsee_war,True
ELECTRIC LINE/SLICKLINE UNIT,wireline_unit,,,,,,,,212.0,,,,,,,1.0,3/13/2004,3/7/2004,EI,,bsee_war,True
ELECTRICL LINE,wireline_unit,,,,,,,,27.0,,,,,,,1.0,3/6/2006,11/14/2005,SS,,bsee_war,True
ELU,wireline_unit,,,,,,,,427.0,,,,,,,21.0,9/21/2004,1/16/2005,VR,,bsee_war,True
ELU/SLU,wireline_unit,,,,,,,,217.0,,,,,,,1.0,10/3/2004,10/3/2004,VR,,bsee_war,True
ENCSO 69,jack_up,,,,,,,,25.0,,,,,,,1.0,6/4/2005,4/10/2005,EI,,bsee_war,True
ENSCO,jack_up,,,,,,,,105.0,,,,,,,3.0,8/5/1998,11/28/2004,MO,,bsee_war,True
ENSCO 60,jack_up,,,,,,,,224.0,,,,,,,90.0,9/9/2006 11:59:00 PM,1/11/1999,MU,,bsee_war,True
ENSCO 83,jack_up,,,,,,,,140.0,,,,,,,95.0,9/9/2001,1/1/2006 12:01:00 AM,SS,,bsee_war,True
ENSCO 84,jack_up,,,,,,,,172.0,,,,,,,74.0,9/7/2003,1/1/2001,SS,,bsee_war,True
ENSCO 102,jack_up,,,,,,,,,,,,,,,29.0,9/8/2018 11:59:00 PM,1/13/2019 12:01:00 AM,EI,,bsee_war,True
ENSCO 105,jack_up,,,,,,,,285.0,,,,,,,29.0,9/9/2006 11:59:00 PM,1/1/2006 12:01:00 AM,EC,,bsee_war,True
ENSCO 21,jack_up,,,,,,,,,,,,,,,8.0,9/24/1998,1/12/1999,SS,,bsee_war,True
ENSCO 22,jack_up,,,,,,,,,,,,,,,13.0,8/9/1999,1/12/1999,EW,,bsee_war,True
ENSCO 224,jack_up,,,,,,,,,,,,,,,1.0,12/8/2000,11/27/2000,SP,,bsee_war,True
ENSCO 23,jack_up,,,,,,,,,,,,,,,4.0,9/26/1999,1/10/2000,GB,,bsee_war,True
ENSCO 24,jack_up,,,,,,,,,,,,,,,18.0,9/8/2000,1/15/2001,SP,,bsee_war,True
ENSCO 25,jack_up,,,,,,,,1754.0,,,,,,,32.0,9/9/2002,1/1/2002,VK,,bsee_war,True
ENSCO 26,jack_up,,,,,,,,,,,,,,,13.0,9/7/2001,1/10/2001,AC,,bsee_war,True
ENSCO 29,jack_up,,,,,,,,472.0,,,,,,,40.0,9/7/1998,1/10/1999,EC,,bsee_war,True
ENSCO 51,jack_up,,,,,,,,,,,,,,,21.0,9/29/2000,1/11/1998,SM,,bsee_war,True
ENSCO 51 (TRITON),jack_up,,,,,,,,,,,,,,,1.0,9/6/1999,4/30/2002,MP,,bsee_war,True
ENSCO 54,jack_up,,,,,,,,134.0,,,,,,,35.0,9/9/2001,1/13/2001,VR,,bsee_war,True
ENSCO 55,jack_up,,,,,,,,167.0,,,,,,,56.0,9/7/2003,1/1/2000,ST,,bsee_war,True
ENSCO 6-,jack_up,,,,,,,,,,,,,,,1.0,8/22/2000,8/16/2000,HI,,bsee_war,True
ENSCO 64,jack_up,,,,,,,,43.0,,,,,,,32.0,9/8/2003,1/10/2000,HI,,bsee_war,True
ENSCO 67,jack_up,,,,,,,,344.0,,,,,,,42.0,9/7/2003,1/1/2001,HI,,bsee_war,True
ENSCO 68,jack_up,,,,,,,,137.0,,,,,,,206.0,9/9/2006 11:59:00 PM,1/1/1998,WD,,bsee_war,True
ENSCO 69,jack_up,,,,,,,,320.0,,,,,,,65.0,9/8/2002,1/12/2000,EW,,bsee_war,True
ENSCO 74,jack_up,,,,,,,,106.0,,,,,,,44.0,9/9/2006 11:59:00 PM,1/1/2006 12:01:00 AM,EI,,bsee_war,True
ENSCO 75,jack_up,,,,,,,,320.0,,,,,,,133.0,9/9/2017 11:59:00 PM,1/1/2006,EI,,bsee_war,True
ENSCO 7500,semi_submersible,,,,,,8000.0,35000.0,7500.0,73.15,75.59,,,,2000.0,51.0,9/9/2006 11:59:00 PM,1/12/2007,AT,,xls_historical,True
ENSCO 80,jack_up,,,,,,,,165.0,,,,,,,1.0,2/8/2004,1/12/2004,EI,,bsee_war,True
ENSCO 81,jack_up,,,,,,,,177.0,,,,,,,121.0,9/9/2006 11:59:00 PM,1/1/2006 12:01:00 AM,MP,,bsee_war,True
ENSCO 82,jack_up,,,,,,,,221.0,,,,,,,159.0,9/9/2006 11:59:00 PM,1/1/2002,WC,,bsee_war,True
ENSCO 83 MAIN PASS 1,jack_up,,,,,,,,,,,,,,,1.0,12/6/1999,11/29/1999,WC,,bsee_war,True
ENSCO 8500,semi_submersible,,,,,,10000.0,35000.0,8500.0,77.72,73.15,,,,2009.0,29.0,9/8/2012 11:59:00 PM,1/1/2012,MC,,xls_historical,True
ENSCO 8501,semi_submersible,,,,,,10000.0,35000.0,8500.0,77.72,73.15,,,,2009.0,17.0,9/8/2012,1/1/2012,MC,,xls_historical,True
ENSCO 8502,semi_submersible,,,,,,10000.0,35000.0,8500.0,77.72,73.15,,,,2010.0,20.0,9/8/2012 11:59:00 PM,1/1/2012 12:01:00 AM,GC,,xls_historical,True
ENSCO 8503,semi_submersible,,,,,,10000.0,35000.0,8500.0,77.72,73.15,,,,2010.0,42.0,9/9/2017 11:59:00 PM,1/1/2012 12:01:00 AM,MC,,xls_historical,True
ENSCO 8505,semi_submersible,,,,,,10000.0,35000.0,,77.72,73.15,,,,2012.0,41.0,9/8/2018 11:59:00 PM,1/1/2017 12:01:00 AM,EW,,xls_historical,True
ENSCO 8506,jack_up,,,,,,,,,,,,,,,14.0,9/7/2013 11:59:00 PM,1/10/2016 12:01:00 AM,MC,,bsee_war,True
ENSCO 86,jack_up,,,,,,,,95.0,,,,,,,72.0,9/9/2006 11:59:00 PM,1/1/2012 12:01:00 AM,WD,,bsee_war,True
ENSCO 87,jack_up,,,,,,,,310.0,,,,,,,189.0,9/9/2006 11:59:00 PM,1/1/2012 12:01:00 AM,MP,,bsee_war,True
ENSCO 88,jack_up,,,,,,,,189.0,,,,,,,39.0,9/8/2000,1/1/2002,EI,,bsee_war,True
ENSCO 89,jack_up,,,,,,,,134.0,,,,,,,105.0,9/9/2006 11:59:00 PM,1/1/2006 12:01:00 AM,GA,,bsee_war,True
ENSCO 90,jack_up,,,,,,,,194.0,,,,,,,157.0,9/9/2006 11:59:00 PM,1/1/2001,SM,,bsee_war,True
ENSCO 90(504)595-5220,jack_up,,,,,,,,,,,,,,,1.0,5/25/1999,5/19/1999,MP,,bsee_war,True
ENSCO 93,jack_up,,,,,,,,190.0,,,,,,,66.0,9/9/2006 11:59:00 PM,1/11/2003,SS,,bsee_war,True
ENSCO 94,jack_up,,,,,,,,,,,,,,,33.0,9/9/1998,1/10/2000,GI,,bsee_war,True
ENSCO 95,jack_up,,,,,,,,144.0,,,,,,,57.0,9/9/2001,1/1/2003,ST,,bsee_war,True
ENSCO 97,jack_up,,,,,,,,,,,,,,,2.0,9/6/1999,1/27/1998,HI,,bsee_war,True
ENSCO 98,jack_up,,,,,,,,194.0,,,,,,,83.0,9/9/2006 11:59:00 PM,1/1/2006 12:01:00 AM,EI,,bsee_war,True
ENSCO 99,jack_up,,,,,,,,156.0,,,,,,,107.0,9/8/2012 11:59:00 PM,1/1/2006 12:01:00 AM,WD,,bsee_war,True
ENSCO 99 JU,jack_up,,,,,,,,13.0,,,,,,,1.0,9/8/2003,7/29/2003,SS,,bsee_war,True
ENSCO DS-3,drillship,,,,,,10000.0,40000.0,10000.0,228.9,42.06,,,,2010.0,8.0,9/7/2013,1/10/2016,GC,,xls_historical,True
ENSCO DS-4,drillship,,,,,,12000.0,40000.0,10000.0,228.9,42.06,,,,2010.0,6.0,9/27/2014 11:59:00 PM,1/11/2015 12:01:00 AM,KC,,xls_historical,True
ENSCO DS-5,drillship,,,,,,12000.0,40000.0,10000.0,228.9,42.06,,,,2011.0,8.0,9/7/2013,1/11/2015 12:01:00 AM,MC,,xls_historical,True
ENSCO NO 87,jack_up,,,,,,,,,,,,,,,2.0,7/20/1998,1/11/1999,MP,,bsee_war,True
ENSCO NO. 67,jack_up,,,,,,,,,,,,,,,1.0,1/24/2000,1/10/2000,EC,,bsee_war,True
ENSCO RIG 51,jack_up,,,,,,,,,,,,,,,1.0,9/8/2000,8/19/2000,EI,,bsee_war,True
ENSCO RIG 75,jack_up,,,,,,,,,,,,,,,1.0,9/27/2002,10/12/2002,EI,,bsee_war,True
ENSCO105,jack_up,,,,,,,,200.0,,,,,,,1.0,11/6/2004,10/26/2004,EC,,bsee_war,True
ENSCO84,jack_up,,,,,,,,,,,,,,,1.0,8/6/2000,6/19/2000,HI,,bsee_war,True
ENSCO86,jack_up,,,,,,,,,,,,,,,1.0,3/9/2001,1/10/2001,MO,,bsee_war,True
ENSOC 90,jack_up,,,,,,,,,,,,,,,1.0,9/2/2001,8/20/2001,ST,,bsee_war,True
ENSOC A55,jack_up,,,,,,,,,,,,,,,1.0,2/3/2002,1/21/2002,SS,,bsee_war,True
ENTERPRISE 205,jack_up,,,,,,,,,,,,,,,103.0,9/9/2023 11:59:00 PM,1/10/2021 12:01:00 AM,BM,,bsee_war,True
ENTERPRISE 263,jack_up,,,,,,,,,,,,,,,10.0,9/8/2018 11:59:00 PM,1/13/2019 12:01:00 AM,MP,,bsee_war,True
ENTERPRISE 264,jack_up,,,,,,,,,,,,,,,53.0,9/9/2023 11:59:00 PM,1/12/2020 12:01:00 AM,SS,,bsee_war,True
ENTERPRISE 351,jack_up,,,,,,,,,,,,,,,77.0,9/6/2025 11:59:00 PM,1/1/2023 12:01:00 AM,MP,,bsee_war,True
ENXCO 90,jack_up,,,,,,,,,,,,,,,1.0,2/10/2002,2/4/2002,EC,,bsee_war,True
ENXSO 89,jack_up,,,,,,,,,,,,,,,1.0,8/4/2000,4/15/2000,VR,,bsee_war,True
ERIC DANOS,lift_boat,,,,,,,,,,,,,,,1.0,5/3/1998,3/16/1998,ST,,bsee_war,True
EWLU,wireline_unit,,,,,,,,1025.0,,,,,,,2.0,9/4/2004,10/10/2004,MC,,bsee_war,True
EWLU/SUNDOWNER,jack_up,,,,,,,,1025.0,,,,,,,1.0,9/4/2004,10/10/2004,MC,,bsee_war,True
EWU,wireline_unit,,,,,,,,129.0,,,,,,,5.0,9/7/2000,10/10/2004,WC,,bsee_war,True
EWU CTU,wireline_unit,,,,,,,,,,,,,,,1.0,5/30/2003,5/17/2003,EI,,bsee_war,True
EWU/SLU,wireline_unit,,,,,,,,,,,,,,,1.0,8/1/2003,7/19/2003,EI,,bsee_war,True
F,unknown,,,,,,,,,,,,,,,1.0,12/26/1999,12/20/1999,GB,,bsee_war,True
F.G. MCCLINTOCK,jack_up,,,,,,,,,,,,,,,1.0,9/25/2000,8/12/2000,HI,,bsee_war,True
FAITH LIFTBOAT,lift_boat,,,,,,,,13.0,,,,,,,1.0,5/8/2004,4/25/2004,EI,,bsee_war,True
FALCON 100,jack_up,,,,,,,,1982.0,,,,,,,18.0,9/9/2001,1/13/2003,GC,,bsee_war,True
FALCON 152,jack_up,,,,,,,,,,,,,,,2.0,12/9/2001,11/26/2001,MI,,bsee_war,True
FALCON 153,jack_up,,,,,,,,,,,,,,,1.0,12/3/2000,10/30/2000,WC,,bsee_war,True
FALCON 18,jack_up,,,,,,,,,,,,,,,10.0,9/6/1998,1/11/1999,ST,,bsee_war,True
FALCON 19,jack_up,,,,,,,,,,,,,,,4.0,9/24/2000,1/13/1998,ST,,bsee_war,True
FALCON 20,jack_up,,,,,,,,,,,,,,,6.0,8/27/2000,1/25/1999,ST,,bsee_war,True
FALCON 203,jack_up,,,,,,,,51.0,,,,,,,7.0,9/5/2003,1/10/1998,HI,,bsee_war,True
FALCON 206,jack_up,,,,,,,,,,,,,,,1.0,5/7/2001,5/1/2001,ST,,bsee_war,True
FALCON 77,jack_up,,,,,,,,,,,,,,,1.0,9/4/1998,7/18/1998,SM,,bsee_war,True
FALCON 78,jack_up,,,,,,,,,,,,,,,7.0,7/2/2001,1/16/1998,HI,,bsee_war,True
FALCON 82,jack_up,,,,,,,,31.0,,,,,,,4.0,9/28/1998,4/23/1998,HI,,bsee_war,True
FALCON 84,jack_up,,,,,,,,,,,,,,,4.0,9/6/1998,1/1/1999,HI,,bsee_war,True
FALCON 85,jack_up,,,,,,,,,,,,,,,13.0,9/7/1998,1/11/1999,VR,,bsee_war,True
FALCON 86,jack_up,,,,,,,,,,,,,,,7.0,8/7/2000,10/15/1999,WC,,bsee_war,True
FALCON ACHILLES,jack_up,,,,,,,,,,,,,,,3.0,9/7/1998,10/27/1998,WC,,bsee_war,True
FALCON DEEPWATER MILLENNIUM,drillship,,,,,,,,3864.0,,,,,,,1.0,8/4/2003,7/15/2003,GC,,bsee_war,True
FALCON DEEPWATER PATHFINDER,drillship,,,,,,,,3813.0,,,,,,,1.0,9/5/2003,10/11/2003,GC,,bsee_war,True
FALCON GALLOWAY,jack_up,,,,,,,,,,,,,,,2.0,9/3/1999,8/14/1999,WD,,bsee_war,True
FALCON MCCLINTOCK,jack_up,,,,,,,,,,,,,,,1.0,11/26/2000,11/13/2000,HI,,bsee_war,True
FALCON NO. 156,jack_up,,,,,,,,,,,,,,,2.0,4/9/2000,3/13/2000,WC,,bsee_war,True
FALCON PHOENIX I,jack_up,,,,,,,,,,,,,,,1.0,5/7/2000,4/24/2000,VK,,bsee_war,True
FALCON PHOENIX II,jack_up,,,,,,,,,,,,,,,8.0,6/4/2000,11/11/1999,EI,,bsee_war,True
FALCON PHOENIX III,jack_up,,,,,,,,,,,,,,,2.0,9/3/2000,10/16/2000,WD,,bsee_war,True
FALCON-PHOENIX IV,jack_up,,,,,,,,,,,,,,,3.0,6/3/1999,5/14/1999,SS,,bsee_war,True
FALCON RIG #52,jack_up,,,,,,,,,,,,,,,1.0,9/8/2002,10/14/2002,SM,,bsee_war,True
FALCON RIG 17,jack_up,,,,,,,,,,,,,,,1.0,1/25/1998,1/24/1998,EC,,bsee_war,True
FALCON RIG 18,jack_up,,,,,,,,,,,,,,,2.0,6/9/2000,10/21/2000,WC,,bsee_war,True
FALCON RIG 86,jack_up,,,,,,,,,,,,,,,1.0,9/28/1998,9/21/1998,WC,,bsee_war,True
FALCON SEAHAWK,jack_up,,,,,,,,,,,,,,,6.0,7/9/2000,1/22/2001,WC,,bsee_war,True
FALCON TAURUS,jack_up,,,,,,,,,,,,,,,1.0,11/9/1997,10/27/1997,EI,,bsee_war,True
FALCON'S PHOENIX II,jack_up,,,,,,,,,,,,,,,2.0,1/5/2000,1/1/2000,SS,,bsee_war,True
FALRIG 17,jack_up,,,,,,,,,,,,,,,2.0,4/23/2000,1/11/1999,WC,,bsee_war,True
FALRIG 18,jack_up,,,,,,,,,,,,,,,9.0,9/5/1999,1/10/2000,VR,,bsee_war,True
FALRIG 19,jack_up,,,,,,,,,,,,,,,9.0,9/30/2001,1/13/2001,ST,,bsee_war,True
FALRIG 20,jack_up,,,,,,,,,,,,,,,11.0,8/8/1999,1/10/2000,WD,,bsee_war,True
FALRIG 20 RBF 253,jack_up,,,,,,,,,,,,,,,1.0,9/27/2000,10/16/2000,EC,,bsee_war,True
FALRIG 20 RBF 263,jack_up,,,,,,,,,,,,,,,1.0,7/5/2000,1/6/2001,EC,,bsee_war,True
FALRIG 47,jack_up,,,,,,,,,,,,,,,1.0,12/7/1997,10/27/1997,SS,,bsee_war,True
FALRIG 77,jack_up,,,,,,,,,,,,,,,1.0,12/28/1998,10/12/1998,EI,,bsee_war,True
FALRIG 82,jack_up,,,,,,,,,,,,,,,8.0,4/3/1998,1/11/1999,HI,,bsee_war,True
FALRIG 84,jack_up,,,,,,,,,,,,,,,2.0,7/2/2000,1/19/1998,WC,,bsee_war,True
FALRIG 85,jack_up,,,,,,,,,,,,,,,7.0,9/5/1999,1/14/2000,EC,,bsee_war,True
FALRIG 86,jack_up,,,,,,,,,,,,,,,10.0,9/9/1999,1/14/2000,VR,,bsee_war,True
FALRIG TAURUS,jack_up,,,,,,,,,,,,,,,3.0,7/6/1998,5/12/1998,WD,,bsee_war,True
FOCUS WL,wireline_unit,,,,,,,,35.0,,,,,,,1.0,10/17/2003,10/11/2003,MP,,bsee_war,True
FREEPORT 2,jack_up,,,,,,,,,,,,,,,1.0,4/28/2000,4/20/2000,MP,,bsee_war,True
FREEPORT RIG 1,jack_up,,,,,,,,,,,,,,,56.0,9/9/1998,1/1/1999,MP,,bsee_war,True
FREEPORT RIG 2,jack_up,,,,,,,,,,,,,,,57.0,9/9/1998,1/1/1999,MP,,bsee_war,True
FREEPORT RIG I,jack_up,,,,,,,,,,,,,,,8.0,9/27/2000,10/15/1999,MP,,bsee_war,True
FREEPROT RIG 2,jack_up,,,,,,,,,,,,,,,1.0,3/29/2000,3/23/2000,MP,,bsee_war,True
FRI RODLI,jack_up,,,,,,,,36.0,,,,,,,3.0,9/9/2001,1/13/2001,SS,,bsee_war,True
FRONTIER DRILLER,drillship,,,,,,,,,,,,,,,7.0,9/5/2009 11:59:00 PM,1/10/2010 12:01:00 AM,GC,,bsee_war,True
FUGRO EXPLORER,drillship,,,,,,,,,,,,,,,8.0,6/3/2010 11:59:00 PM,1/12/2009,GC,,bsee_war,True
G.H. GALLOWAY,jack_up,,,,,,,,,,,,,,,2.0,6/6/1999,5/24/1999,WD,,bsee_war,True
GALLOWAY,jack_up,,,,,,,,,,,,,,,1.0,10/2/2000,10/9/2000,VR,,bsee_war,True
GENE ROSSER,jack_up,,,,,,,,,,,,,,,6.0,8/5/2001,10/15/2001,MI,,bsee_war,True
GEORGE GALLOWAY,jack_up,,,,,,,,,,,,,,,11.0,7/9/2000,1/13/2001,GI,,bsee_war,True
GEORGE H. GALLOWAY,jack_up,,,,,,,,,,,,,,,8.0,9/9/2001,11/12/2001,WC,,bsee_war,True
GIBLERT ROWE,jack_up,,,,,,,,,,,,,,,1.0,3/9/2001,1/20/2001,VR,,bsee_war,True
GILBERT ROWAN,jack_up,,,,,,,,,,,,,,,1.0,11/6/2000,10/10/2000,SS,,bsee_war,True
GILBERT ROWE,jack_up,,,,,,,,292.0,,,,,,,45.0,9/9/2001,1/1/2000,MP,,bsee_war,True
GILBERT TOWE,jack_up,,,,,,,,205.0,,,,,,,1.0,4/3/2004,2/1/2004,MP,,bsee_war,True
GLO0MAR ADRIATIC IV,jack_up,,,,,,,,,,,,,,,1.0,1/22/2001,1/15/2001,VR,,bsee_war,True
GLOBAL ADRIATIC III,jack_up,,,,,,,,,,,,,,,1.0,9/1/2002,5/15/2001,SM,,bsee_war,True
GLOBAL CELTIC SEA,jack_up,,,,,,,,,,,,,,,3.0,2/8/1999,1/19/1999,MC,,bsee_war,True
GLOBAL EXPLORER,drillship,,,,,,,,,,,,,,,1.0,8/7/2004,7/25/2004,EB,,bsee_war,True
GLOBAL HIGH ISLAND IV,jack_up,,,,,,,,180.0,,,,,,,3.0,2/8/2004,1/12/2004,ST,,bsee_war,True
GLOBAL KINGFISH,jack_up,,,,,,,,180.0,,,,,,,1.0,5/8/2004,5/2/2004,EC,,bsee_war,True
GLOBAL L/B DOLPHIN,lift_boat,,,,,,,,38.0,,,,,,,1.0,5/29/2004,5/23/2004,HI,,bsee_war,True
GLOBAL MARINE ADRIATIC,jack_up,,,,,,,,,,,,,,,1.0,9/7/2000,10/6/2000,SM,,bsee_war,True
GLOBAL MARINE BALTIC,jack_up,,,,,,,,,,,,,,,2.0,5/4/2000,2/16/2000,HI,,bsee_war,True
GLOBAL MARINE BALTIC 1,jack_up,,,,,,,,,,,,,,,1.0,8/3/2000,7/19/2000,HI,,bsee_war,True
GLOBAL MARINE BALTIC I,jack_up,,,,,,,,,,,,,,,9.0,4/5/2001,1/10/2000,HI,,bsee_war,True
GLOBAL MARINE BLATIC I,jack_up,,,,,,,,,,,,,,,1.0,1/27/2001,1/22/2001,HI,,bsee_war,True
GLOBAL MARINE CELTIC SEA,jack_up,,,,,,,,,,,,,,,1.0,7/13/1998,6/2/1998,GC,,bsee_war,True
GLOBAL MARINE HI IV/CTU,jack_up,,,,,,,,26.0,,,,,,,1.0,8/21/2004,8/15/2004,VR,,bsee_war,True
GLOBAL MARINE HIGH ISLAND II,jack_up,,,,,,,,,,,,,,,1.0,3/9/1999,3/10/1999,HI,,bsee_war,True
GLOBAL MARINE MAIN PASS IV,jack_up,,,,,,,,,,,,,,,1.0,8/5/1998,5/14/1998,MO,,bsee_war,True
GLOBAL MARINE MP IV,jack_up,,,,,,,,,,,,,,,1.0,9/5/2001,10/11/2001,ST,,bsee_war,True
"GLOBAL MV HAMMERHEAD WIRELINE""",wireline_unit,,,,,,,,148.0,,,,,,,1.0,7/18/2003,7/9/2003,WC,,bsee_war,True
GLOBAL SANTA FE,jack_up,,,,,,,,68.0,,,,,,,2.0,9/4/2004,10/10/2004,ST,,bsee_war,True
"GLOBAL SANTA FE"" CELTIC SEA""",jack_up,,,,,,,,2904.0,,,,,,,1.0,1/8/2005,1/2/2005,MC,,bsee_war,True
"GLOBAL SANTA FE ""ADRIATIC X""",jack_up,,,,,,,,315.0,,,,,,,2.0,9/8/2003,5/26/2003,WC,,bsee_war,True
"GLOBAL SANTA FE ""ADRIATICX""",jack_up,,,,,,,,150.0,,,,,,,1.0,2/6/2004,1/10/2004,ST,,bsee_war,True
"GLOBAL SANTA FE ""MAIN PASS 1""",jack_up,,,,,,,,148.0,,,,,,,2.0,4/3/2004,1/21/2004,SS,,bsee_war,True
GLOBAL SANTA FE-MAIN PASS I,jack_up,,,,,,,,,,,,,,,1.0,12/30/2003,12/24/2003,EI,,bsee_war,True
GLOBAL SANTA FE ADRIATIC III,jack_up,,,,,,,,185.0,,,,,,,1.0,12/5/2004,10/11/2004,VR,,bsee_war,True
GLOBAL SANTA FE-ARCTIC 1,jack_up,,,,,,,,,,,,,,,1.0,12/6/2002,11/23/2002,GB,,bsee_war,True
GLOBAL SANTA FE ARTIC I,jack_up,,,,,,,,1750.0,,,,,,,2.0,2/3/2006,1/1/2006,MC,,bsee_war,True
GLOBAL SANTA FE HIGH ISLAND I,jack_up,,,,,,,,121.0,,,,,,,4.0,12/25/2004,1/16/2005,VR,,bsee_war,True
GLOBAL SANTA FE HIGH ISLAND II,jack_up,,,,,,,,21.0,,,,,,,1.0,7/10/2004,1/10/2003,EI,,bsee_war,True
GLOBAL SANTA FE/HIGH ISLAND VI,jack_up,,,,,,,,156.0,,,,,,,1.0,6/5/2004,5/30/2004,EI,,bsee_war,True
GLOBAL SANTA FE HIGH ISLANDI,jack_up,,,,,,,,121.0,,,,,,,1.0,2/4/2005,1/21/2005,VR,,bsee_war,True
GLOBAL SANTA FE INC.,unknown,,,,,,,,,,,,,,,2.0,4/5/2008 11:59:00 PM,3/23/2008 12:01:00 AM,GC,,bsee_war,True
GLOBAL SANTA FE JACK RYAN,jack_up,,,,,,,,7962.0,,,,,,,2.0,6/5/2004,2/10/2004,MC,,bsee_war,True
GLOBAL SANTA FE: C.R. LUIGS,jack_up,,,,,,,,3040.0,,,,,,,2.0,9/9/2006,4/30/2006,GC,,bsee_war,True
GLOBAL SANTA FE: CR LUIGS,jack_up,,,,,,,,3040.0,,,,,,,2.0,4/8/2006,1/15/2006,GC,,bsee_war,True
GLOBAL SANTAFE ADRIATIC 10,jack_up,,,,,,,,53.0,,,,,,,1.0,5/5/2003,1/25/2003,WC,,bsee_war,True
GLOBAL SANTE FE  MAIN PASS I,jack_up,,,,,,,,81.0,,,,,,,1.0,9/4/2004,10/10/2004,EC,,bsee_war,True
GLOBAL SANTE FE CELTIC SEA,jack_up,,,,,,,,2904.0,,,,,,,1.0,2/26/2005,2/13/2005,MC,,bsee_war,True
GLOMAR ADRIATIC,jack_up,,,,,,,,,,,,,,,1.0,9/9/2003,11/19/2003,EI,,bsee_war,True
GLOMAR ADRIATIC II,jack_up,,,,,,,,118.0,,,,,,,10.0,9/27/1999,1/10/1998,EI,,bsee_war,True
GLOMAR ADRIATIC III,jack_up,,,,,,,,307.0,,,,,,,32.0,9/4/2005,1/1/1999,WC,,bsee_war,True
GLOMAR ADRIATIC IV,jack_up,,,,,,,,,,,,,,,8.0,9/1/2002,1/22/2001,VR,,bsee_war,True
GLOMAR ADRIATIC IX,jack_up,,,,,,,,,,,,,,,6.0,7/9/2000,1/1/2001,WC,,bsee_war,True
GLOMAR ADRIATIC VI,jack_up,,,,,,,,,,,,,,,7.0,8/24/1998,1/13/1998,HI,,bsee_war,True
GLOMAR ADRIATIC VII,jack_up,,,,,,,,,,,,,,,6.0,9/3/2005 11:59:00 PM,4/10/2005 12:01:00 AM,EI,,bsee_war,True
GLOMAR ADRIATIC X,jack_up,,,,,,,,150.0,,,,,,,17.0,9/9/2001,1/11/2000,VR,,bsee_war,True
GLOMAR ADRIATICX,jack_up,,,,,,,,,,,,,,,1.0,4/17/2000,4/11/2000,HI,,bsee_war,True
GLOMAR ARCTIC 1,jack_up,,,,,,,,2518.0,,,,,,,10.0,9/9/2001,1/11/2000,GC,,bsee_war,True
GLOMAR ARCTIC I,jack_up,,,,,,,,3052.0,,,,,,,8.0,7/7/2003,1/1/1999,GC,,bsee_war,True
GLOMAR ARTIC 1,jack_up,,,,,,,,,,,,,,,3.0,9/28/2000,10/13/2000,GB,,bsee_war,True
GLOMAR ARTIC I,jack_up,,,,,,,,437.0,,,,,,,10.0,7/2/1999,1/1/1998,MC,,bsee_war,True
GLOMAR BALTIC I,jack_up,,,,,,,,,,,,,,,7.0,9/7/2000,1/12/1999,GI,,bsee_war,True
GLOMAR C.R. LUIGS,jack_up,,,,,,,,,,,,,,,2.0,8/6/2000,4/22/2000,GC,,bsee_war,True
GLOMAR CELTIC SEA,jack_up,,,,,,,,3933.0,,,,,,,16.0,9/9/2001,1/1/2006,GC,,bsee_war,True
GLOMAR CLETIC SEA,jack_up,,,,,,,,3933.0,,,,,,,1.0,9/3/2005,10/16/2005,GC,,bsee_war,True
GLOMAR EXPLORER,drillship,,,,,,,,6257.0,,,,,,,29.0,9/9/2001,1/12/1999,WR,,bsee_war,True
GLOMAR HI ISL VIII,jack_up,,,,,,,,,,,,,,,2.0,9/8/2000,7/22/2000,EI,,bsee_war,True
GLOMAR HI ISLAND VIII,jack_up,,,,,,,,,,,,,,,1.0,8/6/1999,7/17/1999,EI,,bsee_war,True
GLOMAR HIGH ISL. II,jack_up,,,,,,,,,,,,,,,1.0,6/7/1998,5/23/1998,EC,,bsee_war,True
GLOMAR HIGH ISLAND,jack_up,,,,,,,,,,,,,,,1.0,4/6/2003,3/31/2003,EI,,bsee_war,True
GLOMAR HIGH ISLAND 1,jack_up,,,,,,,,,,,,,,,5.0,9/4/2000,1/18/2000,VR,,bsee_war,True
GLOMAR HIGH ISLAND 11,jack_up,,,,,,,,,,,,,,,1.0,1/27/2002,1/13/2002,SS,,bsee_war,True
GLOMAR HIGH ISLAND I,jack_up,,,,,,,,144.0,,,,,,,26.0,9/9/2001,1/1/1999,MP,,bsee_war,True
GLOMAR HIGH ISLAND II,jack_up,,,,,,,,,,,,,,,9.0,9/3/2000,1/5/1999,BA,,bsee_war,True
GLOMAR HIGH ISLAND III,jack_up,,,,,,,,174.0,,,,,,,2.0,6/8/2001,4/14/2001,ST,,bsee_war,True
GLOMAR HIGH ISLAND IV,jack_up,,,,,,,,180.0,,,,,,,17.0,9/4/2004,1/14/2002,SS,,bsee_war,True
GLOMAR HIGH ISLAND VIII,jack_up,,,,,,,,83.0,,,,,,,8.0,9/2/1999,1/22/2000,WC,,bsee_war,True
GLOMAR HIGH ISLAND VIII 593-31,jack_up,,,,,,,,,,,,,,,1.0,11/8/1999,11/16/1999,VR,,bsee_war,True
GLOMAR HIGH ISLAND VILL,jack_up,,,,,,,,,,,,,,,1.0,9/8/2000,2/11/2000,HI,,bsee_war,True
GLOMAR HISH ISLAND 1,jack_up,,,,,,,,,,,,,,,1.0,12/27/1999,12/21/1999,WC,,bsee_war,True
GLOMAR HISH ISLAND II,jack_up,,,,,,,,,,,,,,,1.0,12/7/1998,11/16/1998,BA,,bsee_war,True
GLOMAR MAIN PASS,jack_up,,,,,,,,,,,,,,,1.0,6/8/1998,1/16/2001,WC,,bsee_war,True
GLOMAR MAIN PASS 1,jack_up,,,,,,,,,,,,,,,3.0,3/4/2001,1/15/2001,ST,,bsee_war,True
GLOMAR MAIN PASS I,jack_up,,,,,,,,148.0,,,,,,,19.0,9/30/2001,1/1/2000,ST,,bsee_war,True
GLOMAR MAIN PASS IV,jack_up,,,,,,,,176.0,,,,,,,12.0,9/8/2002,1/11/2000,MP,,bsee_war,True
GLOMAR MARINE HIGH ISLAND IV,jack_up,,,,,,,,208.0,,,,,,,3.0,12/7/2003,11/10/2003,EC,,bsee_war,True
"GLOMAR MV HAMMERHEAD ""WIRELINE",wireline_unit,,,,,,,,42.0,,,,,,,1.0,7/22/2003,7/19/2003,WC,,bsee_war,True
GLOOMAR CELTIC SEA,jack_up,,,,,,,,3933.0,,,,,,,1.0,7/3/2004,4/17/2005,GC,,bsee_war,True
GM HIGH ISLAND II,jack_up,,,,,,,,,,,,,,,3.0,4/3/1998,1/16/1998,WC,,bsee_war,True
GOLMAR EXPLORER,drillship,,,,,,,,,,,,,,,1.0,3/5/2002,2/18/2002,AT,,bsee_war,True
GOMAR CELTIC SEA,jack_up,,,,,,,,,,,,,,,1.0,2/8/2002,1/12/2002,AC,,bsee_war,True
GORILLA II,jack_up,,,,,,,,390.0,,,,,,,6.0,4/3/2005,1/16/2005,HI,,bsee_war,True
GORILLA III,jack_up,,,,,,,,,,,,,,,5.0,8/5/2001,10/14/2002,ST,,bsee_war,True
GORILLA IV,jack_up,,,,,,,,375.0,,,,,,,6.0,9/3/2005,1/1/2006,WD,,bsee_war,True
GORILLA VI,jack_up,,,,,,,,,,,,,,,2.0,5/8/2001,1/16/2001,GI,,bsee_war,True
GSF ADRIATIC III,jack_up,,,,,,,,243.0,,,,,,,32.0,9/9/2006 11:59:00 PM,1/13/2008 12:01:00 AM,WC,,bsee_war,True
GSF ARCTIC I,jack_up,,,,,,,,,,,,,,,5.0,9/9/2006 11:59:00 PM,1/14/2007 12:01:00 AM,GC,,bsee_war,True
GSF ARTIC I,jack_up,,,,,,,,2847.0,,,,,,,1.0,6/5/2004,5/24/2004,MC,,bsee_war,True
GSF C.R. LUIGS,drillship,,,,,,10000.0,35000.0,10000.0,231.34,35.97,,,,2000.0,46.0,9/8/2012 11:59:00 PM,1/1/2006 12:01:00 AM,GC,,xls_historical,True
GSF CELTIC SEA,semi_submersible,,,,,,5750.0,28000.0,5750.0,97.54,86.87,,,,1982.0,12.0,9/9/2006 11:59:00 PM,1/13/2008 12:01:00 AM,GC,,xls_historical,True
GSF DEVELOPMENT DRILLER I,semi_submersible,,,,,,10000.0,37500.0,7500.0,98.76,78.64,,,,2005.0,24.0,9/9/2006 11:59:00 PM,1/1/2009,GC,,xls_historical,True
GSF DEVELOPMENT DRILLER II,semi_submersible,,,,,,10000.0,37500.0,7500.0,98.76,78.64,,,,2005.0,23.0,9/9/2006 11:59:00 PM,1/10/2010 12:01:00 AM,GC,,xls_historical,True
GSF EXPLORER,drillship,,,,,,7800.0,30000.0,7800.0,188.67,35.36,,,,1972.0,5.0,4/7/2007 11:59:00 PM,1/14/2007 12:01:00 AM,MC,,xls_historical,True
GSF HIGH ISLAND 1,jack_up,,,,,,,,50.0,,,,,,,1.0,3/4/2006,1/1/2006,HI,,bsee_war,True
GSF HIGH ISLAND I,jack_up,,,,,,,,50.0,,,,,,,24.0,9/9/2006 11:59:00 PM,1/13/2008 12:01:00 AM,WC,,bsee_war,True
GSF HIGH ISLAND II,jack_up,,,,,,,,70.0,,,,,,,11.0,9/4/2004,1/16/2005 12:01:00 AM,SS,,bsee_war,True
GSF HIGH ISLAND III,jack_up,,,,,,,,,,,,,,,13.0,9/4/2004,1/16/2005 12:01:00 AM,EI,,bsee_war,True
GSF HIGH ISLAND IV,jack_up,,,,,,,,100.0,,,,,,,10.0,9/9/2006 11:59:00 PM,1/1/2006 12:01:00 AM,HI,,bsee_war,True
GSF HIGH ISLAND VIII,jack_up,,,,,,,,156.0,,,,,,,24.0,9/9/2006 11:59:00 PM,1/1/2006 12:01:00 AM,WC,,bsee_war,True
GSF MAIN PASS I,jack_up,,,,,,,,,,,,,,,15.0,9/3/2005 11:59:00 PM,1/13/2005,SM,,bsee_war,True
GSF MAIN PASS IV,jack_up,,,,,,,,44.0,,,,,,,18.0,9/9/2006 11:59:00 PM,1/1/2006 12:01:00 AM,SM,,bsee_war,True
GULF ISLAND III,jack_up,,,,,,,,24.0,,,,,,,6.0,7/5/1998,1/9/2005,EI,,bsee_war,True
GULF ISLAND VII,jack_up,,,,,,,,25.0,,,,,,,2.0,4/5/1998,10/28/1997,EI,,bsee_war,True
GULF ISLAND VIII,jack_up,,,,,,,,,,,,,,,1.0,9/5/2000,10/11/2000,ST,,bsee_war,True
H&P 105,platform_rig,,,,,,,,,,,,,,,101.0,9/9/2006 11:59:00 PM,1/1/2012 12:01:00 AM,SP,,bsee_war,True
H&P_ 201,platform_rig,,,,,,,,,,,,,,,1.0,9/9/2002,10/1/2002,MC,,bsee_war,True
H&P 204,platform_rig,,,,,,,,3800.0,,,,,,,29.0,9/9/2006 11:59:00 PM,1/1/2002,MC,,bsee_war,True
H&P 205,platform_rig,,,,,,,,7817.0,,,,,,,60.0,9/9/2023 11:59:00 PM,1/1/2006,VK,,bsee_war,True
H&P 406 - TLP,platform_rig,,,,,,,,2862.0,,,,,,,1.0,9/4/2004,7/11/2004,GB,,bsee_war,True
H&_ 108,jack_up,,,,,,,,,,,,,,,1.0,3/7/2001,1/16/2001,SP,,bsee_war,True
H&P,platform_rig,,,,,,,,2945.0,,,,,,,2.0,9/24/2001,4/24/2004,MC,,bsee_war,True
H&P 100,platform_rig,,,,,,,,1290.0,,,,,,,120.0,9/9/2006 11:59:00 PM,1/1/2006,VK,,bsee_war,True
H&P 106,platform_rig,,,,,,,,,,,,,,,18.0,9/7/2001,1/1/2001,EW,,bsee_war,True
H&P 106  P/F RIG,platform_rig,,,,,,,,,,,,,,,1.0,2/5/2000,1/16/2000,VK,,bsee_war,True
H&P 107,platform_rig,,,,,,,,372.0,,,,,,,95.0,9/9/2017 11:59:00 PM,1/1/2006 12:01:00 AM,GC,,bsee_war,True
H&P_ 108,platform_rig,,,,,,,,,,,,,,,1.0,8/6/2001,7/22/2001,SP,,bsee_war,True
H&P 109,platform_rig,,,,,,,,,,,,,,,1.0,6/4/2001,5/22/2001,SP,,bsee_war,True
H&P 201/SNUBBER,platform_rig,,,,,,,,,,,,,,,1.0,6/27/2003,1/14/2003,MC,,bsee_war,True
H&P 202,platform_rig,,,,,,,,2985.0,,,,,,,38.0,9/9/2002,1/1/2002,VK,,bsee_war,True
H&P 202 (BRUTUS TLP),platform_rig,,,,,,,,2985.0,,,,,,,1.0,5/7/2005,3/13/2005,GC,,bsee_war,True
H&P 202 CTU,platform_rig,,,,,,,,2985.0,,,,,,,1.0,6/12/2004,6/6/2004,GC,,bsee_war,True
H&P 202 RIG NUMBER (504)728-59,platform_rig,,,,,,,,2985.0,,,,,,,1.0,4/7/2003,12/26/2004,GC,,bsee_war,True
H&P 203,platform_rig,,,,,,,,1030.0,,,,,,,61.0,9/9/2006 11:59:00 PM,1/1/2001,GB,,bsee_war,True
H&P 205 (TLP),platform_rig,,,,,,,,3218.0,,,,,,,1.0,7/9/2005,6/26/2005,VK,,bsee_war,True
H&P 206,platform_rig,,,,,,,,5423.0,,,,,,,59.0,9/8/2012 11:59:00 PM,1/1/2006 12:01:00 AM,GC,,bsee_war,True
H&P 406,platform_rig,,,,,,,,,,,,,,,22.0,9/8/2018,1/1/2012 12:01:00 AM,GB,,bsee_war,True
H&P 406 AUGER TLP,platform_rig,,,,,,,,,,,,,,,1.0,9/2/2002,8/27/2002,GB,,bsee_war,True
H&P 91,platform_rig,,,,,,,,,,,,,,,23.0,9/6/2000,1/11/2001,MC,,bsee_war,True
H&P RIG 203,platform_rig,,,,,,,,,,,,,,,1.0,9/26/1999,10/4/1999,GC,,bsee_war,True
H&P RIG 107,platform_rig,,,,,,,,484.0,,,,,,,2.0,9/4/2004,10/10/2004,ST,,bsee_war,True
H&P RIG 202,platform_rig,,,,,,,,,,,,,,,1.0,12/8/1998,1/13/1999,VK,,bsee_war,True
H&P100,platform_rig,,,,,,,,,,,,,,,1.0,3/6/2002,2/21/2002,MC,,bsee_war,True
H&P105,platform_rig,,,,,,,,,,,,,,,5.0,9/24/2001,1/16/2001,SP,,bsee_war,True
H&P108,platform_rig,,,,,,,,,,,,,,,8.0,9/17/2001,3/6/2001,SP,,bsee_war,True
H&P201,platform_rig,,,,,,,,2945.0,,,,,,,2.0,5/8/2000,1/13/2004,MC,,bsee_war,True
H&P203,platform_rig,,,,,,,,1030.0,,,,,,,1.0,6/9/2003,5/20/2003,MC,,bsee_war,True
H&P205,platform_rig,,,,,,,,1024.0,,,,,,,2.0,9/9/2002,10/1/2002,MC,,bsee_war,True
H&P206,platform_rig,,,,,,,,5423.0,,,,,,,2.0,6/9/2003,4/15/2003,MC,,bsee_war,True
H&P91,platform_rig,,,,,,,,,,,,,,,2.0,2/6/2002,1/10/2002,MC,,bsee_war,True
H7P 100,jack_up,,,,,,,,,,,,,,,1.0,9/4/1998,7/20/1998,VK,,bsee_war,True
H7P RIG 202,jack_up,,,,,,,,,,,,,,,2.0,9/8/1998,10/14/1998,VK,,bsee_war,True
HALIFAX,jack_up,,,,,,,,188.0,,,,,,,1.0,6/5/2004,5/16/2004,EI,,bsee_war,True
HALLIBURTON CT,coil_tubing_unit,,,,,,,,,,,,,,,1.0,7/9/2002,7/2/2002,WD,,bsee_war,True
HARKAND SPEARFISH,support_vessel,,,,,,,,,,,,,,,3.0,9/6/2014 11:59:00 PM,10/19/2014,EB,,bsee_war,True
HARVEY INTERVENTION,support_vessel,,,,,,,,,,,,,,,4.0,6/4/2024 11:59:00 PM,11/1/2024,MC,,bsee_war,True
HARVEY SUB-SEA,support_vessel,,,,,,,,,,,,,,,1.0,5/13/2025 11:59:00 PM,5/11/2025 12:01:00 AM,MC,,bsee_war,True
HELIX 534,semi_submersible,,,,,,,,,,,,,,,11.0,9/6/2014 11:59:00 PM,1/11/2015,MC,,bsee_war,True
HELIX Q-4000,semi_submersible,,,,,,,,,,,,,,,56.0,9/9/2023 11:59:00 PM,1/1/2022,MC,,bsee_war,True
HELIX Q4000,semi_submersible,,,,,,,,4883.0,,,,,,,1.0,5/6/2009,5/4/2009,AC,,bsee_war,True
HELIX Q5000,semi_submersible,,,,,,,,,,,,,,,95.0,9/9/2023 11:59:00 PM,1/1/2017 12:01:00 AM,WR,,bsee_war,True
HELIZ Q4000,semi_submersible,,,,,,,,4889.0,,,,,,,1.0,5/3/2009,5/3/2009,AC,,bsee_war,True
HELMERICH & PAYNE 108,platform_rig,,,,,,,,,,,,,,,7.0,9/30/1999,1/2/1999,SP,,bsee_war,True
HERCULES,jack_up,,,,,,,,34.0,,,,,,,6.0,2/3/1998,1/18/1998,VR,,bsee_war,True
HERCULES 10,jack_up,,,,,,,,,,,,,,,3.0,9/7/1998,10/14/2003,EI,,bsee_war,True
HERCULES 101,jack_up,,,,,,,,,,,,,,,3.0,12/6/2008 11:59:00 PM,1/4/2009 12:01:00 AM,MP,,bsee_war,True
HERCULES 11,jack_up,,,,,,,,160.0,,,,,,,35.0,9/9/2006 11:59:00 PM,1/1/2006 12:01:00 AM,ST,,bsee_war,True
HERCULES 120,jack_up,,,,,,,,,,,,,,,78.0,9/8/2012 11:59:00 PM,1/1/2012,ST,,bsee_war,True
HERCULES 15,jack_up,,,,,,,,24.0,,,,,,,33.0,9/9/2007 11:59:00 PM,1/10/1998,SM,,bsee_war,True
HERCULES 150,jack_up,,,,,,,,,,,,,,,43.0,9/7/2013 11:59:00 PM,1/11/2009 12:01:00 AM,EI,,bsee_war,True
HERCULES 152,jack_up,,,,,,,,,,,,,,,7.0,9/6/2008 11:59:00 PM,1/11/2009 12:01:00 AM,GA,,bsee_war,True
HERCULES 153,jack_up,,,,,,,,,,,,,,,2.0,12/6/2008 11:59:00 PM,1/11/2009 12:01:00 AM,BA,,bsee_war,True
HERCULES 15J,jack_up,,,,,,,,31.0,,,,,,,10.0,8/6/2005,1/16/2005,EI,,bsee_war,True
HERCULES 15J/CTU,coil_tubing_unit,,,,,,,,25.0,,,,,,,1.0,7/2/2005,6/19/2005,SS,,bsee_war,True
HERCULES 173,jack_up,,,,,,,,,,,,,,,102.0,9/7/2013 11:59:00 PM,1/1/2012 12:01:00 AM,ST,,bsee_war,True
HERCULES 20,jack_up,,,,,,,,80.0,,,,,,,36.0,9/9/2006 11:59:00 PM,1/1/2006 12:01:00 AM,PL,,bsee_war,True
HERCULES 200,jack_up,,,,,,,,,,,,,,,67.0,9/8/2012 11:59:00 PM,1/10/2010 12:01:00 AM,HI,,bsee_war,True
HERCULES 201,jack_up,,,,,,,,,,,,,,,58.0,9/9/2011,1/10/2010 12:01:00 AM,SS,,bsee_war,True
HERCULES 202,jack_up,,,,,,,,,,,,,,,55.0,9/8/2012 11:59:00 PM,1/1/2012,GC,,bsee_war,True
HERCULES 203,jack_up,,,,,,,,,,,,,,,17.0,9/6/2008 11:59:00 PM,1/11/2009 12:01:00 AM,ST,,bsee_war,True
HERCULES 204,jack_up,,,,,,,,,,,,,,,51.0,9/8/2012 11:59:00 PM,1/1/2012 12:01:00 AM,BM,,bsee_war,True
HERCULES 205,jack_up,,,,,,,,,,,,,,,54.0,9/8/2012 11:59:00 PM,1/1/2012,SS,,bsee_war,True
HERCULES 207,jack_up,,,,,,,,,,,,,,,7.0,9/6/2008 11:59:00 PM,1/11/2009 12:01:00 AM,PS,,bsee_war,True
HERCULES 209,jack_up,,,,,,,,,,,,,,,12.0,9/6/2014 11:59:00 PM,1/12/2014 12:01:00 AM,WD,,bsee_war,True
HERCULES 21,jack_up,,,,,,,,65.0,,,,,,,49.0,9/9/2006 11:59:00 PM,1/10/2005,ST,,bsee_war,True
HERCULES 211,jack_up,,,,,,,,,,,,,,,8.0,9/6/2008 11:59:00 PM,1/13/2008 12:01:00 AM,SM,,bsee_war,True
HERCULES 212,jack_up,,,,,,,,,,,,,,,14.0,9/7/2013 11:59:00 PM,1/1/2012 12:01:00 AM,WC,,bsee_war,True
HERCULES 213,jack_up,,,,,,,,,,,,,,,41.0,9/8/2012 11:59:00 PM,1/1/2012 12:01:00 AM,SS,,bsee_war,True
HERCULES 214,jack_up,,,,,,,,,,,,,,,28.0,9/8/2012 11:59:00 PM,1/1/2012 12:01:00 AM,SS,,bsee_war,True
HERCULES 22,jack_up,,,,,,,,,,,,,,,44.0,9/8/2007 11:59:00 PM,1/1/2006 12:01:00 AM,BM,,bsee_war,True
HERCULES 22-J,jack_up,,,,,,,,43.0,,,,,,,1.0,3/5/2005,2/15/2005,BM,,bsee_war,True
HERCULES 25,jack_up,,,,,,,,,,,,,,,10.0,7/30/1998,1/10/2000,ST,,bsee_war,True
HERCULES 250,jack_up,,,,,,,,119.0,,,,,,,7.0,9/6/2008 11:59:00 PM,1/11/2009 12:01:00 AM,SM,,bsee_war,True
HERCULES 251,jack_up,,,,,,,,,,,,,,,34.0,9/8/2012 11:59:00 PM,1/1/2012 12:01:00 AM,VR,,bsee_war,True
HERCULES 252,jack_up,,,,,,,,,,,,,,,6.0,9/6/2008 11:59:00 PM,1/13/2008 12:01:00 AM,MP,,bsee_war,True
HERCULES 253,jack_up,,,,,,,,,,,,,,,38.0,9/8/2012 11:59:00 PM,1/1/2012,SS,,bsee_war,True
HERCULES 257,jack_up,,,,,,,,,,,,,,,11.0,8/9/2008 11:59:00 PM,1/10/2010 12:01:00 AM,WD,,bsee_war,True
HERCULES 263,jack_up,,,,,,,,,,,,,,,29.0,9/7/2013 11:59:00 PM,1/1/2012 12:01:00 AM,VR,,bsee_war,True
HERCULES 264,jack_up,,,,,,,,,,,,,,,30.0,9/8/2012 11:59:00 PM,1/1/2012 12:01:00 AM,WC,,bsee_war,True
HERCULES 265,jack_up,,,,,,,,,,,,,,,22.0,9/8/2012 11:59:00 PM,1/1/2012 12:01:00 AM,ST,,bsee_war,True
HERCULES 3,jack_up,,,,,,,,,,,,,,,22.0,9/5/1999,1/12/1999,GC,,bsee_war,True
HERCULES 30,jack_up,,,,,,,,57.0,,,,,,,19.0,9/9/2006 11:59:00 PM,1/1/2006 12:01:00 AM,HI,,bsee_war,True
HERCULES 300,jack_up,,,,,,,,,,,,,,,65.0,9/8/2012,1/1/2012 12:01:00 AM,ST,,bsee_war,True
HERCULES 350,jack_up,,,,,,,,,,,,,,,99.0,9/8/2016 11:59:00 PM,1/1/2012 12:01:00 AM,ST,,bsee_war,True
HERCULES 77,jack_up,,,,,,,,,,,,,,,2.0,8/9/2008 11:59:00 PM,2/27/2008,EC,,bsee_war,True
HERCULES 78,jack_up,,,,,,,,,,,,,,,1.0,9/27/2008 11:59:00 PM,9/21/2008 12:01:00 AM,SS,,bsee_war,True
HERCULES 85,jack_up,,,,,,,,,,,,,,,5.0,7/8/2008 11:59:00 PM,1/13/2008 12:01:00 AM,SS,,bsee_war,True
HERCULES CATLASSFISH,jack_up,,,,,,,,51.0,,,,,,,1.0,11/30/2006,11/10/2006,HI,,bsee_war,True
HERCULES CUTLASSFISH,jack_up,,,,,,,,51.0,,,,,,,2.0,11/27/2006,11/10/2006,HI,,bsee_war,True
HERCULES II,jack_up,,,,,,,,,,,,,,,8.0,8/10/1998,1/12/1999,SS,,bsee_war,True
HERCULES ODIN VICTORY,jack_up,,,,,,,,115.0,,,,,,,10.0,9/3/2005 11:59:00 PM,10/14/2002,HI,,bsee_war,True
HERCULES RIG 11,jack_up,,,,,,,,91.0,,,,,,,1.0,5/7/2005,3/20/2005,VR,,bsee_war,True
HES WL UNIT,wireline_unit,,,,,,,,,,,,,,,1.0,8/3/2003,8/2/2003,VK,,bsee_war,True
HI II,jack_up,,,,,,,,,,,,,,,1.0,12/3/2001,11/19/2001,EC,,bsee_war,True
HIGH ILSAND VIII,jack_up,,,,,,,,,,,,,,,1.0,7/14/2002,7/8/2002,VR,,bsee_war,True
HIGH ISL. VIII,jack_up,,,,,,,,,,,,,,,1.0,6/3/2002,5/28/2002,EI,,bsee_war,True
HIGH ISLALND 111,jack_up,,,,,,,,20.0,,,,,,,1.0,8/7/2004,7/18/2004,SS,,bsee_war,True
HIGH ISLAN III,jack_up,,,,,,,,170.0,,,,,,,1.0,9/7/2003,8/11/2003,VR,,bsee_war,True
HIGH ISLAND,jack_up,,,,,,,,205.0,,,,,,,3.0,6/4/2005,3/31/2003,VR,,bsee_war,True
HIGH ISLAND / COIL TUBING UNIT,jack_up,,,,,,,,25.0,,,,,,,1.0,6/1/2005,1/23/2005,VR,,bsee_war,True
HIGH ISLAND 1,jack_up,,,,,,,,202.0,,,,,,,5.0,9/4/2004,12/6/2005,EI,,bsee_war,True
HIGH ISLAND 11,jack_up,,,,,,,,65.0,,,,,,,1.0,9/4/2004,10/10/2004,SS,,bsee_war,True
HIGH ISLAND 111,jack_up,,,,,,,,72.0,,,,,,,1.0,7/3/2004,5/16/2004,SS,,bsee_war,True
HIGH ISLAND 8,jack_up,,,,,,,,,,,,,,,1.0,9/24/1999,5/31/1999,EI,,bsee_war,True
HIGH ISLAND BLOCK VIII,jack_up,,,,,,,,,,,,,,,1.0,11/17/2002,11/11/2002,SS,,bsee_war,True
HIGH ISLAND I,jack_up,,,,,,,,47.0,,,,,,,18.0,9/30/2003,1/13/2003,EC,,bsee_war,True
HIGH ISLAND II,jack_up,,,,,,,,35.0,,,,,,,42.0,9/8/1999,1/10/2000,HI,,bsee_war,True
HIGH ISLAND III,jack_up,,,,,,,,190.0,,,,,,,17.0,9/8/2002,1/1/2006,SM,,bsee_war,True
HIGH ISLAND IV,jack_up,,,,,,,,145.0,,,,,,,42.0,9/9/1999,1/1/1999,EI,,bsee_war,True
HIGH ISLAND RIG III,jack_up,,,,,,,,,,,,,,,1.0,4/5/2002,3/16/2002,SM,,bsee_war,True
HIGH ISLAND VII,jack_up,,,,,,,,175.0,,,,,,,4.0,7/7/2002,6/11/2002,EI,,bsee_war,True
HIGH ISLAND VIII,jack_up,,,,,,,,177.0,,,,,,,68.0,9/8/2002,1/12/1999,EI,,bsee_war,True
HIGH ISLND VIII,jack_up,,,,,,,,,,,,,,,1.0,9/28/2001,9/15/2001,EI,,bsee_war,True
HIGHISLAND III,jack_up,,,,,,,,35.0,,,,,,,1.0,5/8/2004,4/11/2004,SM,,bsee_war,True
HISG ISLAND IV,jack_up,,,,,,,,,,,,,,,1.0,4/6/2000,3/24/2000,VR,,bsee_war,True
HO 105,snubbing_unit,,,,,,,,,,,,,,,1.0,7/21/1998,7/15/1998,HI,,bsee_war,True
HOLSTEIN SPAR RIG,platform_rig,,,,,,,,4344.0,,,,,,,41.0,9/9/2006 11:59:00 PM,1/1/2006,GC,,bsee_war,True
HOLSTEIN SPAR RIG DRILLING,platform_rig,,,,,,,,4344.0,,,,,,,1.0,11/18/2006 11:59:00 PM,11/12/2006 12:01:00 AM,GC,,bsee_war,True
HOMER FARRINGTON,jack_up,,,,,,,,,,,,,,,1.0,7/9/2001,6/28/2001,GC,,bsee_war,True
HOMER FERRINGTON,jack_up,,,,,,,,4114.0,,,,,,,20.0,9/9/2001,1/12/2004,EB,,bsee_war,True
HOS WARLAND,support_vessel,,,,,,,,,,,,,,,2.0,6/23/2022 11:59:00 PM,10/14/2022,KC,,bsee_war,True
HOS WOODLAND,support_vessel,,,,,,,,,,,,,,,3.0,9/26/2022 11:59:00 PM,2/19/2023,WR,,bsee_war,True
HP 106,jack_up,,,,,,,,,,,,,,,2.0,9/9/2000,2/20/2000,VK,,bsee_war,True
HP 107,jack_up,,,,,,,,,,,,,,,2.0,12/3/1998,1/2/1999,GC,,bsee_war,True
HP 203,jack_up,,,,,,,,,,,,,,,9.0,8/4/2002,1/1/2002,GC,,bsee_war,True
HWC,snubbing_unit,,,,,,,,,,,,,,,6.0,5/8/1998,1/27/1998,SS,,bsee_war,True
HWC 114,snubbing_unit,,,,,,,,,,,,,,,1.0,5/22/2003,3/18/2003,EI,,bsee_war,True
HWC 104,snubbing_unit,,,,,,,,,,,,,,,1.0,3/3/2003,2/15/2003,ST,,bsee_war,True
HWC 109,snubbing_unit,,,,,,,,,,,,,,,2.0,9/29/2001,8/27/2001,ST,,bsee_war,True
HWC 115,snubbing_unit,,,,,,,,343.0,,,,,,,2.0,9/5/2003,7/26/2003,MC,,bsee_war,True
HWC 123 SNUBBING UNIT,snubbing_unit,,,,,,,,,,,,,,,2.0,9/29/2002,1/12/2003,ST,,bsee_war,True
HWC 125,snubbing_unit,,,,,,,,,,,,,,,2.0,9/29/2002,10/7/2002,MP,,bsee_war,True
HWC 125 SNUBBER,snubbing_unit,,,,,,,,,,,,,,,1.0,11/4/2002,10/21/2002,MP,,bsee_war,True
HWC SNUBBING UNIT,snubbing_unit,,,,,,,,202.0,,,,,,,14.0,9/7/2003,1/11/2001,MP,,bsee_war,True
HWO,snubbing_unit,,,,,,,,172.0,,,,,,,6.0,9/30/2002,1/19/2004,WC,,bsee_war,True
HWO UNIT,snubbing_unit,,,,,,,,399.0,,,,,,,3.0,9/9/2006,1/16/2005,EC,,bsee_war,True
HYDRAULIC WO UNIT,snubbing_unit,,,,,,,,52.0,,,,,,,1.0,3/13/2004,2/22/2004,EC,,bsee_war,True
HYDRAULIC WORKOVER RIG (HWO),snubbing_unit,,,,,,,,49.0,,,,,,,1.0,2/23/2004,2/17/2004,EC,,bsee_war,True
HYP 91,jack_up,,,,,,,,,,,,,,,1.0,4/4/2001,1/18/2001,MC,,bsee_war,True
Harvey Deep Sea,support_vessel,,,,,,,,,,,,,,,5.0,7/3/2025 11:59:00 PM,3/27/2025,GC,,bsee_war,True
INTERNATIONAL FRONTIER,jack_up,,,,,,,,,,,,,,,15.0,8/2/2010 11:59:00 PM,2/8/2009 12:01:00 AM,VR,,bsee_war,True
ISLAND INTERVENTION,support_vessel,,,,,,,,,,,,,,,30.0,9/9/2023 11:59:00 PM,10/1/2023 12:01:00 AM,GC,,bsee_war,True
ISLAND PERFORMER,support_vessel,,,,,,,,,,,,,,,12.0,9/5/2019 11:59:00 PM,1/12/2020 12:01:00 AM,GC,,bsee_war,True
ISLAND VENTURE,support_vessel,,,,,,,,,,,,,,,41.0,9/3/2022 11:59:00 PM,1/1/2023 12:01:00 AM,MC,,bsee_war,True
ISS#17,jack_up,,,,,,,,,,,,,,,4.0,8/6/1999,2/6/2000,EC,,bsee_war,True
ISS #28,jack_up,,,,,,,,,,,,,,,2.0,4/28/2012 11:59:00 PM,4/15/2012 12:01:00 AM,GC,,bsee_war,True
ISS 18,jack_up,,,,,,,,,,,,,,,4.0,9/28/2001,10/13/2001,EC,,bsee_war,True
ISS 18 P/F,jack_up,,,,,,,,,,,,,,,1.0,8/31/2001,8/25/2001,EC,,bsee_war,True
ISS 22,jack_up,,,,,,,,,,,,,,,2.0,12/9/2001,1/14/2002,SP,,bsee_war,True
ISS18 P/F,jack_up,,,,,,,,,,,,,,,1.0,9/7/2001,10/13/2001,EC,,bsee_war,True
J/U ARIES RAM 7,lift_boat,,,,,,,,,,,,,,,1.0,6/1/1999,5/14/1999,HI,,bsee_war,True
J/U LIFTBOAT JUAN,lift_boat,,,,,,,,,,,,,,,1.0,1/4/2003,12/29/2002,WC,,bsee_war,True
JACK RYAN,jack_up,,,,,,,,,,,,,,,3.0,9/7/2001,1/12/2002,MC,,bsee_war,True
JACK-UP BARGE,inland_barge,,,,,,,,88.0,,,,,,,1.0,7/7/2003,3/7/2004,MI,,bsee_war,True
JACK-UP-BOAT,lift_boat,,,,,,,,52.0,,,,,,,1.0,5/6/2006,4/30/2006,EC,,bsee_war,True
JACKUP,jack_up,,,,,,,,36.0,,,,,,,1.0,6/5/2004,3/29/2003,SM,,bsee_war,True
JACKUP BOAT,lift_boat,,,,,,,,50.0,,,,,,,4.0,9/22/2000,10/13/2003,VR,,bsee_war,True
JIM THOMPSON,jack_up,,,,,,,,,,,,,,,11.0,9/4/2001,1/2/2001,MC,,bsee_war,True
JOE ALFORD,jack_up,,,,,,,,68.0,,,,,,,9.0,9/5/2003,1/13/1998,WC,,bsee_war,True
JOHN CHANCER SONAR,support_vessel,,,,,,,,,,,,,,,1.0,5/7/2000,4/18/2000,WD,,bsee_war,True
JOHN SANDIFER,jack_up,,,,,,,,,,,,,,,17.0,9/3/2000,1/10/2000,MI,,bsee_war,True
JOHN SANNDIFER,jack_up,,,,,,,,,,,,,,,1.0,5/6/2001,3/12/2001,WC,,bsee_war,True
JOHNNIE HOFFMAN,jack_up,,,,,,,,35.0,,,,,,,17.0,9/9/2001,1/1/2001,MU,,bsee_war,True
JOPHNNIE HOFFMAN,jack_up,,,,,,,,,,,,,,,1.0,3/14/2001,2/19/2001,WC,,bsee_war,True
JU,lift_boat,,,,,,,,36.0,,,,,,,1.0,9/11/2004,9/5/2004,WC,,bsee_war,True
JU BARGE,inland_barge,,,,,,,,120.0,,,,,,,2.0,11/2/2003,10/20/2003,ST,,bsee_war,True
JU BARGE / SLICKLINE,wireline_unit,,,,,,,,,,,,,,,1.0,1/30/2004,1/25/2004,EI,,bsee_war,True
JU BOAT,lift_boat,,,,,,,,103.0,,,,,,,8.0,9/7/2003,11/10/2000,WC,,bsee_war,True
JU BOAT W/WIRELINE UNIT,lift_boat,,,,,,,,57.0,,,,,,,1.0,1/20/2003,1/15/2003,VR,,bsee_war,True
JU BOAT/POWER 8,lift_boat,,,,,,,,,,,,,,,1.0,2/28/2000,2/15/2000,SS,,bsee_war,True
JU LIFTBOAT JUAN,lift_boat,,,,,,,,,,,,,,,1.0,12/28/2002,12/22/2002,WC,,bsee_war,True
JUAN,lift_boat,,,,,,,,,,,,,,,2.0,9/24/2002,10/12/2002,VR,,bsee_war,True
JUB SUPERIOR VALOR,lift_boat,,,,,,,,,,,,,,,1.0,9/24/2001,9/11/2001,WC,,bsee_war,True
KELLI BEADLE,lift_boat,,,,,,,,,,,,,,,1.0,5/15/2004,4/3/2002,SM,,bsee_war,True
L-B / WL / EL,lift_boat,,,,,,,,41.0,,,,,,,1.0,4/27/2005,4/10/2005,EC,,bsee_war,True
L/B,lift_boat,,,,,,,,47.0,,,,,,,1.0,1/28/2006,1/22/2006,HI,,bsee_war,True
"L/B ""GULFISLAND 4"" - CTU",lift_boat,,,,,,,,52.0,,,,,,,1.0,6/4/2005,5/22/2005,WC,,bsee_war,True
L/B RAM 8 - CTU,lift_boat,,,,,,,,48.0,,,,,,,1.0,7/30/2005,7/24/2005,WC,,bsee_war,True
"L/B ""SPIRIT"" WLU",lift_boat,,,,,,,,65.0,,,,,,,1.0,11/5/2005,10/25/2005,EC,,bsee_war,True
L/B ADVENTURER,lift_boat,,,,,,,,19.0,,,,,,,1.0,3/20/2004,3/14/2004,SS,,bsee_war,True
L/B ALEC SCOTT,lift_boat,,,,,,,,,,,,,,,1.0,1/29/2005,1/23/2005,HI,,bsee_war,True
L/B ARIES RAM 11,lift_boat,,,,,,,,19.0,,,,,,,1.0,11/13/2004,11/7/2004,SS,,bsee_war,True
"L/B ARIES ""RAM XII""",lift_boat,,,,,,,,70.0,,,,,,,1.0,7/3/2004,6/20/2004,MP,,bsee_war,True
L/B BOBBY,lift_boat,,,,,,,,,,,,,,,1.0,9/22/2002,1/16/2003,SS,,bsee_war,True
L/B DISCOVER WELL TEST EQUIP.,lift_boat,,,,,,,,70.0,,,,,,,1.0,3/5/2005,2/13/2005,MP,,bsee_war,True
L/B DISCOVERY,lift_boat,,,,,,,,25.0,,,,,,,1.0,2/5/2005,1/30/2005,SS,,bsee_war,True
L/B DISCOVERY-W/L UNIT,lift_boat,,,,,,,,60.0,,,,,,,1.0,3/5/2005,2/13/2005,MP,,bsee_war,True
L/B DONNIE PAUL30,lift_boat,,,,,,,,30.0,,,,,,,1.0,9/14/2005,9/11/2005,HI,,bsee_war,True
L/B FOCUS,lift_boat,,,,,,,,,,,,,,,1.0,5/9/2003,5/10/2003,EI,,bsee_war,True
L/B INDEPENDENCE,lift_boat,,,,,,,,,,,,,,,1.0,11/3/2002,10/28/2002,VR,,bsee_war,True
L/B INTEGRITY,lift_boat,,,,,,,,70.0,,,,,,,1.0,3/20/2004,3/14/2004,MP,,bsee_war,True
L/B JUAN,lift_boat,,,,,,,,,,,,,,,1.0,11/17/2002,11/11/2002,VR,,bsee_war,True
L/B RAM XIV,lift_boat,,,,,,,,115.0,,,,,,,18.0,8/28/2004,1/20/2004,SS,,bsee_war,True
L/B SPIRIT & WL UNIT,lift_boat,,,,,,,,50.0,,,,,,,1.0,9/24/2005,10/2/2005,HI,,bsee_war,True
L/B SUPERIOR QUALITY,lift_boat,,,,,,,,14.0,,,,,,,1.0,5/1/2004,4/18/2004,SS,,bsee_war,True
L/B SUPERIOR VALOR,lift_boat,,,,,,,,33.0,,,,,,,1.0,11/5/2005,10/30/2005,HI,,bsee_war,True
"L/B TAMMY (WL, EL, CT)",lift_boat,,,,,,,,74.0,,,,,,,1.0,10/4/2003,10/5/2003,WC,,bsee_war,True
L/BJA HOLLEMAN,lift_boat,,,,,,,,,,,,,,,1.0,10/30/2000,10/10/2000,HI,,bsee_war,True
L/BJN MITCHELL,lift_boat,,,,,,,,,,,,,,,9.0,10/9/2000,10/10/2000,HI,,bsee_war,True
L/G VICTORY,lift_boat,,,,,,,,15.0,,,,,,,1.0,2/15/2005,2/6/2005,EI,,bsee_war,True
LAB LIFT III,lift_boat,,,,,,,,40.0,,,,,,,2.0,2/26/2004,2/23/2004,EC,,bsee_war,True
LAB LIFT III (COIL TUING),lift_boat,,,,,,,,35.0,,,,,,,1.0,2/21/2004,2/15/2004,EC,,bsee_war,True
LAB LIFT IV,lift_boat,,,,,,,,80.0,,,,,,,9.0,9/4/2004,10/10/2004,WC,,bsee_war,True
LAB LIFT IV BOAT,lift_boat,,,,,,,,57.0,,,,,,,1.0,12/8/2003,11/11/2003,HI,,bsee_war,True
LAB LIFT V,lift_boat,,,,,,,,43.0,,,,,,,1.0,3/1/2004,2/24/2004,WC,,bsee_war,True
LAB LIFT V/SNUBBING UNIT,lift_boat,,,,,,,,34.0,,,,,,,1.0,7/24/2004,5/30/2004,MP,,bsee_war,True
"LABORDE MARINE ""LAB LIFT III""",lift_boat,,,,,,,,56.0,,,,,,,2.0,5/1/2004,3/21/2004,SS,,bsee_war,True
LAFFIT PINCAY,lift_boat,,,,,,,,,,,,,,,1.0,8/7/1998,7/18/1998,SP,,bsee_war,True
LB,lift_boat,,,,,,,,120.0,,,,,,,1.0,6/4/2005,5/29/2005,EC,,bsee_war,True
LB CHRISTIE & HWC 123,lift_boat,,,,,,,,,,,,,,,1.0,12/6/1998,11/16/1998,ST,,bsee_war,True
LB ERIC DANOS,lift_boat,,,,,,,,25.0,,,,,,,3.0,8/8/2004,7/28/2004,WC,,bsee_war,True
LB JUAN,lift_boat,,,,,,,,,,,,,,,1.0,11/4/2002,10/28/2002,VR,,bsee_war,True
LB SUPERIOR CONQUEROR,lift_boat,,,,,,,,66.0,,,,,,,1.0,4/7/2004,4/1/2004,ST,,bsee_war,True
LB/CTU,lift_boat,,,,,,,,60.0,,,,,,,1.0,1/21/2005,1/18/2005,VR,,bsee_war,True
LBJ HOLLEMAN,lift_boat,,,,,,,,,,,,,,,1.0,10/31/2000,10/24/2000,HI,,bsee_war,True
LEONARD JONES,jack_up,,,,,,,,215.0,,,,,,,32.0,9/9/2001,1/1/2001,ST,,bsee_war,True
LESTER PELTUS,jack_up,,,,,,,,,,,,,,,1.0,12/9/2001,10/26/2001,SS,,bsee_war,True
LESTER PETTUS,jack_up,,,,,,,,,,,,,,,4.0,9/7/2001,1/12/2001,WC,,bsee_war,True
LESTER PETUS,jack_up,,,,,,,,,,,,,,,1.0,4/7/2002,2/25/2002,SS,,bsee_war,True
LESTER PTTTUS,jack_up,,,,,,,,,,,,,,,1.0,1/13/2002,1/7/2002,SS,,bsee_war,True
LEWIS DUGGER,jack_up,,,,,,,,,,,,,,,4.0,7/7/2002,2/12/2001,SS,,bsee_war,True
LEXINGTON,semi_submersible,,,,,,,,,,,,,,,2.0,9/25/2000,10/10/2000,VK,,bsee_war,True
LIFT BOAT ENDURANCE / WL/EL,lift_boat,,,,,,,,77.0,,,,,,,1.0,4/9/2005,3/27/2005,WC,,bsee_war,True
"LIFT BOAT ""KAITLYN EYMARD""",lift_boat,,,,,,,,51.0,,,,,,,1.0,8/6/2005,2/13/2005,VR,,bsee_war,True
"LIFT BOAT ""SPIRIT"" / CTU",lift_boat,,,,,,,,50.0,,,,,,,1.0,9/24/2005,10/16/2005,HI,,bsee_war,True
LIFT BOAT (BLAKE 101),lift_boat,,,,,,,,47.0,,,,,,,1.0,4/27/2003,4/21/2003,ST,,bsee_war,True
LIFT BOAT-GULF ISLAND II,lift_boat,,,,,,,,,,,,,,,1.0,8/9/1999,4/13/1999,GA,,bsee_war,True
LIFT BOAT/CTU,lift_boat,,,,,,,,80.0,,,,,,,2.0,8/20/2005,6/30/2003,SS,,bsee_war,True
LIFT BOAT/WIRELINE,lift_boat,,,,,,,,145.0,,,,,,,1.0,6/4/2005,5/22/2005,EI,,bsee_war,True
LIFT BOAT AND DIVERS,lift_boat,,,,,,,,40.0,,,,,,,1.0,7/15/2006,10/19/2005,ST,,bsee_war,True
LIFT BOAT ARIES MARINE RAM X,lift_boat,,,,,,,,,,,,,,,1.0,4/21/2003,4/15/2003,WD,,bsee_war,True
LIFT BOAT BLUE RUNNER - W/L UN,lift_boat,,,,,,,,35.0,,,,,,,1.0,5/1/2004,1/25/2004,WC,,bsee_war,True
LIFT BOAT/COIL TUBING UNIT,lift_boat,,,,,,,,60.0,,,,,,,2.0,7/31/2004,7/18/2004,ST,,bsee_war,True
LIFT BOAT LABLIFT 4 - W/L UNIT,lift_boat,,,,,,,,57.0,,,,,,,1.0,12/31/2004,12/12/2004,VR,,bsee_war,True
LIFT BOAT LACIE BOURG,lift_boat,,,,,,,,51.0,,,,,,,1.0,6/23/2007,6/17/2007,HI,,bsee_war,True
LIFT BOAT LAREDO GRAND,lift_boat,,,,,,,,,,,,,,,1.0,8/7/2000,7/20/2000,MI,,bsee_war,True
LIFT BOAT PETITE,lift_boat,,,,,,,,82.0,,,,,,,4.0,5/29/2007,10/23/2006,HI,,bsee_war,True
LIFT BOAT SARAH DAVID,lift_boat,,,,,,,,,,,,,,,1.0,9/6/1998,2/22/1999,BA,,bsee_war,True
LIFT BOAT SUPERIOR CHALLENGE,lift_boat,,,,,,,,,,,,,,,1.0,3/5/2003,2/27/2003,WC,,bsee_war,True
LIFT BOAT SUPERIOR CLASS,lift_boat,,,,,,,,18.0,,,,,,,1.0,9/4/2004,8/29/2004,VR,,bsee_war,True
LIFT BOAT SUPERIOR ENDEAVOR,lift_boat,,,,,,,,,,,,,,,1.0,8/5/2002,8/4/2002,SS,,bsee_war,True
LIFT BOAT TAMMY,lift_boat,,,,,,,,,,,,,,,1.0,6/3/2002,5/25/2002,MO,,bsee_war,True
LIFT BOAT-AIRES RAM I,lift_boat,,,,,,,,,,,,,,,1.0,6/28/1998,11/24/1997,PL,,bsee_war,True
LIFT BOAT/COIL TUBING,lift_boat,,,,,,,,51.0,,,,,,,1.0,9/28/2003,10/6/2003,ST,,bsee_war,True
LIFT BOAT/EL,lift_boat,,,,,,,,116.0,,,,,,,3.0,6/2/2003,5/13/2003,WD,,bsee_war,True
LIFT BOAT/ELECTRIC LINE,lift_boat,,,,,,,,63.0,,,,,,,1.0,6/16/2003,6/10/2003,HI,,bsee_war,True
LIFTBOAT,lift_boat,,,,,,,,254.0,,,,,,,74.0,9/7/2003,1/14/2003,WC,,bsee_war,True
LIFTBOAT MYRTLE,lift_boat,,,,,,,,,,,,,,,1.0,7/4/2003,6/28/2003,SM,,bsee_war,True
LIFTBOAT / WL / EL,lift_boat,,,,,,,,35.0,,,,,,,1.0,6/4/2005,5/29/2005,WC,,bsee_war,True
LIFTBOAT ALEX SCOTT,lift_boat,,,,,,,,13.0,,,,,,,1.0,11/27/2004,11/21/2004,EI,,bsee_war,True
LIFTBOAT C/T,lift_boat,,,,,,,,56.0,,,,,,,1.0,2/8/2004,2/16/2004,MO,,bsee_war,True
LIFTBOAT CHAMNPION,lift_boat,,,,,,,,89.0,,,,,,,1.0,3/5/2005,11/22/2002,VR,,bsee_war,True
LIFTBOAT/CTU,lift_boat,,,,,,,,55.0,,,,,,,2.0,7/3/2004,2/16/2004,WC,,bsee_war,True
LIFTBOAT ERIC DANOS,lift_boat,,,,,,,,50.0,,,,,,,2.0,4/19/2004,3/14/2004,GI,,bsee_war,True
LIFTBOAT FOCUS WL/EL,lift_boat,,,,,,,,,,,,,,,1.0,6/6/2003,5/21/2004,EI,,bsee_war,True
LIFTBOAT JUAN,lift_boat,,,,,,,,74.0,,,,,,,1.0,12/21/2002,12/16/2002,WC,,bsee_war,True
LIFTBOAT KAITLYN EZMARD,lift_boat,,,,,,,,105.0,,,,,,,1.0,2/4/2006,1/15/2006,EI,,bsee_war,True
LIFTBOAT MR. ALLEN,lift_boat,,,,,,,,,,,,,,,2.0,6/6/1999,6/2/1999,WD,,bsee_war,True
LIFTBOAT RAM XI,lift_boat,,,,,,,,,,,,,,,1.0,3/11/2001,3/5/2001,BM,,bsee_war,True
LIFTBOAT RENE DANOS,lift_boat,,,,,,,,,,,,,,,4.0,6/7/1999,5/28/1999,ST,,bsee_war,True
LIFTBOAT SEA BASS,lift_boat,,,,,,,,,,,,,,,1.0,5/9/1999,12/18/2000,MI,,bsee_war,True
LIFTBOAT SUPERIOR ENDEAVOR,lift_boat,,,,,,,,,,,,,,,1.0,8/25/2002,8/10/2002,SS,,bsee_war,True
LIFTBOAT SUPERIOR LEGACY,lift_boat,,,,,,,,34.0,,,,,,,1.0,2/8/2004,1/29/2004,MP,,bsee_war,True
LIFTBOAT SUPERIOR VISION,lift_boat,,,,,,,,14.0,,,,,,,1.0,2/29/2004,2/13/2004,EI,,bsee_war,True
LIFTBOAT TAMMY,lift_boat,,,,,,,,,,,,,,,6.0,7/27/2003,5/19/2003,SM,,bsee_war,True
LIFTBOAT TARPON,lift_boat,,,,,,,,,,,,,,,1.0,4/27/2000,4/4/2000,WD,,bsee_war,True
LIFTBOAT WIRELINE UNIT,lift_boat,,,,,,,,50.0,,,,,,,2.0,6/1/2003,5/23/2003,SS,,bsee_war,True
LIFTBOAT/SLICKLINE,lift_boat,,,,,,,,148.0,,,,,,,1.0,12/31/2005,1/1/2006,EC,,bsee_war,True
LIFTBOAT/EL UNIT,lift_boat,,,,,,,,82.0,,,,,,,1.0,9/4/2004,8/27/2004,GA,,bsee_war,True
LIFTBOAT/WIRELINE/CT,lift_boat,,,,,,,,,,,,,,,1.0,12/6/2002,10/22/2002,WC,,bsee_war,True
LIFTBOAT/WL UNIT,lift_boat,,,,,,,,40.0,,,,,,,1.0,8/28/2004,8/25/2004,HI,,bsee_war,True
LIS ENERGY SERVICES,unknown,,,,,,,,,,,,,,,9.0,3/3/2002,1/26/2002,VR,,bsee_war,True
LORRIS BOUIGUARD,jack_up,,,,,,,,,,,,,,,1.0,2/5/2005,1/16/2005,VK,,bsee_war,True
LORRIS BOURZIGARD,jack_up,,,,,,,,2417.0,,,,,,,1.0,7/8/2006,6/14/2006,GC,,bsee_war,True
LORRIS BOUZIARD,jack_up,,,,,,,,475.0,,,,,,,2.0,9/4/2004,10/10/2004,MP,,bsee_war,True
LORRIS BOUZIGARD,jack_up,,,,,,,,2435.0,,,,,,,2.0,5/9/2003,2/12/2006,GC,,bsee_war,True
LORRIS BOUZIGARD(SS),jack_up,,,,,,,,2419.0,,,,,,,2.0,6/3/2006,4/16/2006,GC,,bsee_war,True
LUBRICATOR,unknown,,,,,,,,,,,,,,,1.0,3/7/2003,3/1/2003,GI,,bsee_war,True
LUKE DAVID LIFT BOAT,lift_boat,,,,,,,,,,,,,,,1.0,4/27/2001,4/11/2001,WD,,bsee_war,True
M. G. HULME,jack_up,,,,,,,,,,,,,,,2.0,5/3/1998,4/14/1998,MC,,bsee_war,True
"M.G. HULME, JR",semi_submersible,,,,,,5000.0,25000.0,5000.0,90.22,69.49,,,,1983.0,1.0,12/22/1997,12/16/1997,EB,,xls_historical,True
M/V (SEA LION),support_vessel,,,,,,,,,,,,,,,1.0,6/25/2001,6/19/2001,WC,,bsee_war,True
M/V JEAN-ELAINE,support_vessel,,,,,,,,,,,,,,,1.0,5/3/2002,4/27/2002,EC,,bsee_war,True
M/V JOHN GILBERT JACKUP,jack_up,,,,,,,,22.0,,,,,,,1.0,1/29/2004,1/25/2004,EI,,bsee_war,True
MAARINE 304,jack_up,,,,,,,,,,,,,,,1.0,6/8/1998,5/17/1998,MU,,bsee_war,True
MAD DOG,platform_rig,,,,,,,,4428.0,,,,,,,1.0,12/5/2004,1/10/2005,GC,,bsee_war,True
MAD DOG SPAR RIG,platform_rig,,,,,,,,4428.0,,,,,,,25.0,9/9/2023,1/1/2017 12:01:00 AM,GC,,bsee_war,True
MADD DOG,platform_rig,,,,,,,,4428.0,,,,,,,1.0,5/1/2005,1/10/2005,GC,,bsee_war,True
MAERSK DEVELOPER,semi_submersible,,,,,,,,,,,,,,,27.0,9/8/2012 11:59:00 PM,1/10/2010 12:01:00 AM,MC,,bsee_war,True
MAERSK VALIANT,drillship,,,,,,,,,,,,,,,7.0,9/5/2015 11:59:00 PM,1/10/2016 12:01:00 AM,AC,,bsee_war,True
MAERSK VIKING,semi_submersible,,,,,,,,,,,,,,,9.0,9/6/2014 11:59:00 PM,1/1/2017 12:01:00 AM,WR,,bsee_war,True
MAIAN PASS IV,jack_up,,,,,,,,32.0,,,,,,,1.0,11/4/2004,10/10/2004,WC,,bsee_war,True
MAIN PASS !,jack_up,,,,,,,,,,,,,,,1.0,4/29/2003,4/23/2003,EI,,bsee_war,True
MAIN PASS 1,jack_up,,,,,,,,,,,,,,,7.0,9/9/2001,1/16/2003,WC,,bsee_war,True
MAIN PASS 226,jack_up,,,,,,,,,,,,,,,1.0,9/29/2000,10/14/2000,MP,,bsee_war,True
MAIN PASS I,jack_up,,,,,,,,,,,,,,,18.0,9/9/2003,1/14/2002,EI,,bsee_war,True
MAIN PASS IV,jack_up,,,,,,,,203.0,,,,,,,49.0,9/7/2003,1/10/2001,ST,,bsee_war,True
MALLARD 41,jack_up,,,,,,,,,,,,,,,1.0,11/3/1997,10/24/1997,EI,,bsee_war,True
MALLARD 41-E,jack_up,,,,,,,,,,,,,,,2.0,8/30/1999,3/28/1998,VR,,bsee_war,True
MALLARD RIG 42E,jack_up,,,,,,,,,,,,,,,4.0,9/7/1998,1/5/1999,GI,,bsee_war,True
MAN O WAR SLICKLINE,wireline_unit,,,,,,,,114.0,,,,,,,1.0,5/26/2003,5/20/2003,GI,,bsee_war,True
T.O. MARIANAS,jack_up,,,,,,,,,,,,,,,17.0,9/9/2006 11:59:00 PM,1/10/2010 12:01:00 AM,MC,,bsee_war,True
MARINE,jack_up,,,,,,,,,,,,,,,2.0,3/7/1998,1/18/1998,VR,,bsee_war,True
MARINE 18,jack_up,,,,,,,,,,,,,,,33.0,9/8/2000,1/1/2001,MP,,bsee_war,True
MARINE 303,jack_up,,,,,,,,142.0,,,,,,,33.0,9/9/2001,1/1/2001,WC,,bsee_war,True
MARINE 15,jack_up,,,,,,,,207.0,,,,,,,24.0,9/9/2001,1/11/2000,WC,,bsee_war,True
MARINE 225,jack_up,,,,,,,,75.0,,,,,,,25.0,9/4/2000,1/11/1999,SS,,bsee_war,True
MARINE 304,jack_up,,,,,,,,128.0,,,,,,,24.0,9/4/2000,1/11/1999,WC,,bsee_war,True
MARINE 16,jack_up,,,,,,,,118.0,,,,,,,37.0,9/9/2001,1/13/1998,EC,,bsee_war,True
MARINE 17,jack_up,,,,,,,,118.0,,,,,,,42.0,9/9/2001,1/10/2000,VR,,bsee_war,True
MARINE 200,jack_up,,,,,,,,,,,,,,,46.0,9/5/1999,1/1/2001,MP,,bsee_war,True
MARINE 201,jack_up,,,,,,,,,,,,,,,12.0,9/4/2000,1/22/2001,WC,,bsee_war,True
MARINE 202,jack_up,,,,,,,,,,,,,,,14.0,9/4/2000,1/1/2001,ST,,bsee_war,True
MARINE 3,jack_up,,,,,,,,,,,,,,,22.0,9/9/2001,1/1/2001,WC,,bsee_war,True
MARINE 300\,jack_up,,,,,,,,,,,,,,,1.0,12/1/2001,11/30/2001,ST,,bsee_war,True
MARINE 301,jack_up,,,,,,,,81.0,,,,,,,30.0,9/4/2000,1/1/2001,EI,,bsee_war,True
MARINE 304/PRIDE WISCONSIN,jack_up,,,,,,,,,,,,,,,1.0,11/4/2001,10/22/2001,EI,,bsee_war,True
MARINE 4,jack_up,,,,,,,,,,,,,,,13.0,9/6/1999,1/1/2001,HI,,bsee_war,True
MARINE 700,jack_up,,,,,,,,,,,,,,,8.0,9/7/2001,1/10/2001,EB,,bsee_war,True
MARINE HIGH ISLAND VIII,jack_up,,,,,,,,,,,,,,,1.0,6/8/1998,5/26/1998,EI,,bsee_war,True
MARINE III,jack_up,,,,,,,,,,,,,,,5.0,9/24/2000,1/11/1998,EC,,bsee_war,True
MARINE IV,jack_up,,,,,,,,,,,,,,,2.0,7/7/2002,3/20/2001,SS,,bsee_war,True
MARINE NO. 16,jack_up,,,,,,,,,,,,,,,2.0,9/4/2000,7/31/2000,HI,,bsee_war,True
MARINE RIG #4,jack_up,,,,,,,,,,,,,,,1.0,9/27/1999,1/4/2000,HI,,bsee_war,True
MARINE RIG 3,jack_up,,,,,,,,,,,,,,,1.0,7/4/1999,6/15/1999,HI,,bsee_war,True
MARINE XV,jack_up,,,,,,,,,,,,,,,1.0,7/30/1999,7/10/1999,MP,,bsee_war,True
MARINE XVII,jack_up,,,,,,,,,,,,,,,6.0,9/4/2000,5/14/2001,SS,,bsee_war,True
MARINE XVIII,jack_up,,,,,,,,,,,,,,,3.0,9/9/2001,10/1/2001,SP,,bsee_war,True
MASTER BRANDON,support_vessel,,,,,,,,25.0,,,,,,,1.0,12/17/2003,12/16/2003,WC,,bsee_war,True
MATERIAL BARGE,inland_barge,,,,,,,,92.0,,,,,,,1.0,7/30/2005,7/24/2005,WC,,bsee_war,True
MATERIALS BARGE,inland_barge,,,,,,,,193.0,,,,,,,2.0,7/30/2005,7/10/2005,HI,,bsee_war,True
MAX SMITH,jack_up,,,,,,,,3869.0,,,,,,,19.0,9/4/2004,1/1/2002,GB,,bsee_war,True
MIDDLETOWN,jack_up,,,,,,,,227.0,,,,,,,1.0,9/25/2003,10/3/2003,EC,,bsee_war,True
MIDNIGHT HUNTER,support_vessel,,,,,,,,685.0,,,,,,,1.0,10/30/2004,10/24/2004,EW,,bsee_war,True
MIDNIGHT HUNTER DIVE VESSEL,support_vessel,,,,,,,,215.0,,,,,,,1.0,10/9/2004,10/3/2004,GI,,bsee_war,True
MILLENNIUM,drillship,,,,,,,,8362.0,,,,,,,4.0,8/9/2002,1/10/2005,LL,,bsee_war,True
MISS AUDREY LB,lift_boat,,,,,,,,24.0,,,,,,,1.0,6/5/2004,5/30/2004,EI,,bsee_war,True
MISSISSIPPI,jack_up,,,,,,,,,,,,,,,1.0,7/17/2000,7/13/2000,VR,,bsee_war,True
MOBS 200,jack_up,,,,,,,,3318.0,,,,,,,1.0,9/26/2004,10/11/2004,GC,,bsee_war,True
MOD 141,jack_up,,,,,,,,2209.0,,,,,,,1.0,5/8/2004,3/18/2004,MC,,bsee_war,True
MODS 141,jack_up,,,,,,,,2223.0,,,,,,,5.0,9/5/2004,1/10/2005,MC,,bsee_war,True
MODS 150,jack_up,,,,,,,,3680.0,,,,,,,1.0,3/5/2005,1/24/2005,EB,,bsee_war,True
MODS 200,jack_up,,,,,,,,3330.0,,,,,,,4.0,9/24/2005,1/16/2005,GC,,bsee_war,True
MR. BICE,jack_up,,,,,,,,,,,,,,,1.0,12/7/1997,11/24/1997,SM,,bsee_war,True
MRINE 17,jack_up,,,,,,,,,,,,,,,1.0,3/5/2000,2/21/2000,BS,,bsee_war,True
MSV AMERICAN,support_vessel,,,,,,,,,,,,,,,1.0,10/31/2000,10/26/2000,MP,,bsee_war,True
MSV BRANDON BORDELON,support_vessel,,,,,,,,,,,,,,,4.0,8/12/2022 11:59:00 PM,11/12/2024,GC,,bsee_war,True
MSV CADE CANDIES,support_vessel,,,,,,,,,,,,,,,14.0,9/5/2022 11:59:00 PM,11/24/2020,MC,,bsee_war,True
MSV CAL DIVE Q-4000,support_vessel,,,,,,,,1784.0,,,,,,,1.0,3/4/2006,2/26/2006,GC,,bsee_war,True
MSV HARVEY BLUE SEA,support_vessel,,,,,,,,,,,,,,,6.0,7/26/2024 11:59:00 PM,11/1/2025,GC,,bsee_war,True
MSV OCEAN EVOLUTION,semi_submersible,,,,,,,,,,,,,,,12.0,9/2/2024 11:59:00 PM,1/28/2024,MC,,bsee_war,True
MSV Q4000,semi_submersible,,,,,,,,1042.0,,,,,,,1.0,9/30/2003,10/1/2003,GC,,bsee_war,True
MV NORTHERN RIVER DIVE BOAT,support_vessel,,,,,,,,839.0,,,,,,,1.0,7/28/2003,7/15/2003,VK,,bsee_war,True
N/,unknown,,,,,,,,,,,,,,,1.0,2/18/2001,2/12/2001,VR,,bsee_war,True
N/A,unknown,,,,,,,,96.0,,,,,,,1.0,8/4/2003,7/22/2003,ST,,bsee_war,True
N/Q,unknown,,,,,,,,,,,,,,,1.0,12/9/2001,12/17/2001,HI,,bsee_war,True
NA - WIRELINE,wireline_unit,,,,,,,,,,,,,,,2.0,5/27/2002,5/14/2002,WD,,bsee_war,True
NA/,unknown,,,,,,,,,,,,,,,1.0,12/24/2000,12/11/2000,EC,,bsee_war,True
NABOR DOLPHIN TITAN,jack_up,,,,,,,,56.0,,,,,,,1.0,3/8/2004,2/24/2004,SS,,bsee_war,True
NABOR MODS 150,jack_up,,,,,,,,3154.0,,,,,,,1.0,12/4/2004,10/17/2004,GB,,bsee_war,True
NABOR T270,jack_up,,,,,,,,,,,,,,,2.0,6/21/1998,12/13/1999,SS,,bsee_war,True
NABOR'S SUNDOWNER XI,jack_up,,,,,,,,,,,,,,,2.0,5/8/2000,3/27/2000,EI,,bsee_war,True
NABORS DOLPHIN 110,platform_rig,,,,,,,,55.0,,,,,,,2.0,8/9/2002,7/26/2003,GI,,bsee_war,True
"NABORS ""DOLPHIN 110"" (JU)",platform_rig,,,,,,,,51.0,,,,,,,1.0,8/17/2005,8/14/2005,VR,,bsee_war,True
NABORS SUNDOWNER XI,jack_up,,,,,,,,212.0,,,,,,,2.0,5/1/2000,3/27/2000,EI,,bsee_war,True
NABORS 10,platform_rig,,,,,,,,172.0,,,,,,,6.0,9/5/2003,1/11/2003,WD,,bsee_war,True
NABORS 110,platform_rig,,,,,,,,67.0,,,,,,,3.0,9/5/2004,1/10/2004,ST,,bsee_war,True
NABORS 141,platform_rig,,,,,,,,,,,,,,,1.0,12/28/2001,12/22/2001,WD,,bsee_war,True
NABORS 143,platform_rig,,,,,,,,1290.0,,,,,,,4.0,9/7/2003,1/12/2004,MC,,bsee_war,True
NABORS 17,platform_rig,,,,,,,,,,,,,,,65.0,9/9/2006 11:59:00 PM,1/1/2006 12:01:00 AM,WD,,bsee_war,True
NABORS 202,platform_rig,,,,,,,,,,,,,,,21.0,9/7/2019 11:59:00 PM,1/1/2012 12:01:00 AM,MC,,bsee_war,True
NABORS 302,platform_rig,,,,,,,,,,,,,,,7.0,9/9/2001,1/14/2002,HI,,bsee_war,True
NABORS 50,platform_rig,,,,,,,,,,,,,,,1.0,8/4/2000,7/22/2000,HI,,bsee_war,True
NABORS 53,platform_rig,,,,,,,,46.0,,,,,,,5.0,9/5/2003,1/10/2004,HI,,bsee_war,True
NABORS 6,platform_rig,,,,,,,,250.0,,,,,,,30.0,9/6/2003,1/1/2002,MP,,bsee_war,True
NABORS 75,platform_rig,,,,,,,,760.0,,,,,,,34.0,9/8/2000,1/11/2003,SS,,bsee_war,True
NABORS 78,platform_rig,,,,,,,,,,,,,,,2.0,9/7/1998,10/13/1998,MC,,bsee_war,True
NABORS 79,platform_rig,,,,,,,,432.0,,,,,,,9.0,9/7/1998,1/12/1999,WC,,bsee_war,True
NABORS 801,platform_rig,,,,,,,,,,,,,,,1.0,8/3/2001,7/14/2001,HI,,bsee_war,True
NABORS 802,platform_rig,,,,,,,,,,,,,,,11.0,9/9/1998,10/1/1998,SS,,bsee_war,True
NABORS 803,platform_rig,,,,,,,,,,,,,,,15.0,9/8/2000,1/13/2001,MC,,bsee_war,True
NABORS 85,platform_rig,,,,,,,,2600.0,,,,,,,26.0,9/9/2001,1/1/1998,HI,,bsee_war,True
NABORS 85 (MAYRONNE 162),platform_rig,,,,,,,,2600.0,,,,,,,19.0,9/6/2014,1/10/2010 12:01:00 AM,GC,,bsee_war,True
NABORS 86,platform_rig,,,,,,,,,,,,,,,3.0,9/4/1998,1/23/1999,GB,,bsee_war,True
NABORS 87,platform_rig,,,,,,,,,,,,,,,27.0,9/8/2012 11:59:00 PM,1/1/2012 12:01:00 AM,VK,,bsee_war,True
NABORS 903,platform_rig,,,,,,,,,,,,,,,7.0,8/9/2002,1/11/2003,WD,,bsee_war,True
NABORS 904,platform_rig,,,,,,,,,,,,,,,1.0,9/3/2001,10/2/2001,EC,,bsee_war,True
NABORS 908,platform_rig,,,,,,,,,,,,,,,3.0,2/6/2001,1/16/2001,SS,,bsee_war,True
NABORS DOLPHIN 106,platform_rig,,,,,,,,58.0,,,,,,,38.0,9/6/2008 11:59:00 PM,1/1/2006 12:01:00 AM,MP,,bsee_war,True
NABORS DOLPHIN 109,platform_rig,,,,,,,,,,,,,,,9.0,9/30/2006 11:59:00 PM,1/11/2009 12:01:00 AM,SM,,bsee_war,True
NABORS DT 110,platform_rig,,,,,,,,68.0,,,,,,,21.0,9/9/2006 11:59:00 PM,1/1/2012 12:01:00 AM,WC,,bsee_war,True
NABORS MOD 201,platform_rig,,,,,,,,4674.0,,,,,,,4.0,2/5/2005,1/23/2005,GB,,bsee_war,True
NABORS MODS 140,platform_rig,,,,,,,,,,,,,,,12.0,9/6/2025 11:59:00 PM,1/15/2023 12:01:00 AM,MC,,bsee_war,True
NABORS MODS 150,platform_rig,,,,,,,,3680.0,,,,,,,9.0,9/4/2004,1/23/2004,GB,,bsee_war,True
NABORS MODS 200,platform_rig,,,,,,,,,,,,,,,86.0,9/9/2023 11:59:00 PM,1/1/2006,EW,,bsee_war,True
NABORS MODS 201,platform_rig,,,,,,,,4674.0,,,,,,,43.0,9/9/2006 11:59:00 PM,1/1/2006,GC,,bsee_war,True
NABORS MODS 400,platform_rig,,,,,,,,5192.0,,,,,,,23.0,9/9/2023 11:59:00 PM,1/1/2023 12:01:00 AM,WR,,bsee_war,True
NABORS MODS RIG 150,platform_rig,,,,,,,,,,,,,,,39.0,9/6/2014 11:59:00 PM,1/10/2010 12:01:00 AM,WD,,bsee_war,True
NABORS OFFSHORE SS-X1,platform_rig,,,,,,,,483.0,,,,,,,8.0,9/8/2003,1/13/2004,EW,,bsee_war,True
NABORS P-141,platform_rig,,,,,,,,,,,,,,,2.0,9/1/2000,10/21/2000,WD,,bsee_war,True
NABORS P 143,platform_rig,,,,,,,,,,,,,,,1.0,5/3/2001,3/30/2001,VK,,bsee_war,True
NABORS P-10,platform_rig,,,,,,,,317.0,,,,,,,30.0,9/6/2008 11:59:00 PM,1/12/2013,WC,,bsee_war,True
NABORS P-140,platform_rig,,,,,,,,4320.0,,,,,,,9.0,9/8/2003,3/13/2004,GC,,bsee_war,True
NABORS P-16,platform_rig,,,,,,,,673.0,,,,,,,16.0,9/6/2008 11:59:00 PM,1/11/2009 12:01:00 AM,VK,,bsee_war,True
NABORS P-16 (PLATFORM RIG),platform_rig,,,,,,,,453.0,,,,,,,1.0,9/8/2003,7/29/2003,ST,,bsee_war,True
NABORS P-17,platform_rig,,,,,,,,543.0,,,,,,,9.0,9/29/2001,1/12/2004,GB,,bsee_war,True
NABORS P-54,platform_rig,,,,,,,,33.0,,,,,,,1.0,7/3/2004,10/31/2004,WC,,bsee_war,True
NABORS P-6,platform_rig,,,,,,,,,,,,,,,2.0,2/24/2001,12/15/2000,MP,,bsee_war,True
NABORS P-9,platform_rig,,,,,,,,297.0,,,,,,,2.0,2/2/2003,1/27/2003,WC,,bsee_war,True
NABORS P140,platform_rig,,,,,,,,150.0,,,,,,,1.0,8/9/2003,5/20/2003,SS,,bsee_war,True
NABORS P54,platform_rig,,,,,,,,34.0,,,,,,,1.0,2/17/2004,2/15/2004,SA,,bsee_war,True
NABORS POOL 53,platform_rig,,,,,,,,46.0,,,,,,,24.0,9/9/2006 11:59:00 PM,1/13/2005,HI,,bsee_war,True
NABORS POOL 140,platform_rig,,,,,,,,,,,,,,,31.0,9/6/2008 11:59:00 PM,1/1/2006 12:01:00 AM,MC,,bsee_war,True
NABORS POOL 143,platform_rig,,,,,,,,,,,,,,,32.0,9/9/2006 11:59:00 PM,1/11/2009 12:01:00 AM,VK,,bsee_war,True
NABORS POOL 54,platform_rig,,,,,,,,51.0,,,,,,,27.0,9/9/2006 11:59:00 PM,1/13/2004,SP,,bsee_war,True
NABORS POOL 9,platform_rig,,,,,,,,940.0,,,,,,,3.0,9/7/2003,5/17/2003,EB,,bsee_war,True
NABORS/POOL 903,platform_rig,,,,,,,,,,,,,,,6.0,8/2/2002,1/12/2002,WD,,bsee_war,True
NABORS POOL 908,platform_rig,,,,,,,,,,,,,,,3.0,3/7/2001,1/4/2001,WC,,bsee_war,True
NABORS POOL RIG 53,platform_rig,,,,,,,,47.0,,,,,,,1.0,4/4/2004,3/13/2004,WC,,bsee_war,True
NABORS POOL RIG 54,platform_rig,,,,,,,,50.0,,,,,,,2.0,11/30/2003,1/5/2004,WC,,bsee_war,True
NABORS POOL RIG NO. 54,platform_rig,,,,,,,,51.0,,,,,,,1.0,11/6/2004,10/24/2004,EC,,bsee_war,True
NABORS POOS 54,platform_rig,,,,,,,,53.0,,,,,,,1.0,2/28/2004,2/15/2004,HI,,bsee_war,True
NABORS RIG 78,platform_rig,,,,,,,,,,,,,,,5.0,8/3/1998,10/20/1998,MC,,bsee_war,True
NABORS RIG 143,platform_rig,,,,,,,,1290.0,,,,,,,3.0,9/5/2004,1/10/2005,MC,,bsee_war,True
NABORS RIG 75,platform_rig,,,,,,,,,,,,,,,1.0,11/11/1998,10/22/1998,GC,,bsee_war,True
NABORS RIG 802,platform_rig,,,,,,,,,,,,,,,2.0,10/8/2000,1/17/2001,HI,,bsee_war,True
NABORS RIG DT 105,platform_rig,,,,,,,,,,,,,,,2.0,8/18/2001,8/13/2001,VR,,bsee_war,True
NABORS RIG NO.78,platform_rig,,,,,,,,,,,,,,,1.0,2/22/1999,2/16/1999,MC,,bsee_war,True
NABORS RIG POOL 10,platform_rig,,,,,,,,297.0,,,,,,,1.0,1/4/2004,1/4/2004,VR,,bsee_war,True
NABORS RIG SDIII,platform_rig,,,,,,,,610.0,,,,,,,1.0,8/27/2004,8/14/2004,GC,,bsee_war,True
NABORS RIG#SD-III,platform_rig,,,,,,,,610.0,,,,,,,1.0,8/14/2004,8/7/2004,GC,,bsee_war,True
NABORS S.D. III,platform_rig,,,,,,,,,,,,,,,26.0,9/9/2006 11:59:00 PM,1/1/2006 12:01:00 AM,EI,,bsee_war,True
NABORS S.D. IV,platform_rig,,,,,,,,,,,,,,,43.0,9/8/2013,1/11/2009 12:01:00 AM,EB,,bsee_war,True
NABORS S.D. V,platform_rig,,,,,,,,,,,,,,,3.0,9/6/2008 11:59:00 PM,10/12/2008 12:01:00 AM,EC,,bsee_war,True
NABORS S.D. XI,platform_rig,,,,,,,,,,,,,,,6.0,8/7/2005 11:59:00 PM,3/13/2005 12:01:00 AM,WD,,bsee_war,True
NABORS S.D. XII,platform_rig,,,,,,,,,,,,,,,6.0,8/6/2005 11:59:00 PM,3/15/2005,WD,,bsee_war,True
NABORS S.D. XIV,platform_rig,,,,,,,,,,,,,,,18.0,9/9/2017 11:59:00 PM,1/10/2016 12:01:00 AM,EW,,bsee_war,True
NABORS S.D. XVI,platform_rig,,,,,,,,,,,,,,,39.0,9/4/2010 11:59:00 PM,1/1/2006 12:01:00 AM,EB,,bsee_war,True
NABORS SD8,platform_rig,,,,,,,,,,,,,,,1.0,4/28/2003,4/15/2003,SP,,bsee_war,True
NABORS SSD #16,platform_rig,,,,,,,,2816.0,,,,,,,1.0,9/20/2003,4/11/2004,MC,,bsee_war,True
NABORS SUNDOWNER 8,jack_up,,,,,,,,,,,,,,,1.0,6/2/2003,5/13/2003,SP,,bsee_war,True
NABORS SUNDOWNER III,jack_up,,,,,,,,341.0,,,,,,,4.0,6/5/2004,2/27/2004,HI,,bsee_war,True
NABORS/SUNDOWNER V,jack_up,,,,,,,,,,,,,,,2.0,9/8/2000,7/15/2000,VR,,bsee_war,True
NABORS SUNDOWNER VI,jack_up,,,,,,,,,,,,,,,1.0,7/31/2000,7/18/2000,EC,,bsee_war,True
NABORS SUNDOWNER VII,jack_up,,,,,,,,,,,,,,,1.0,8/7/2000,8/1/2000,EC,,bsee_war,True
NABORS SUNDOWNER X,jack_up,,,,,,,,212.0,,,,,,,1.0,4/2/2000,3/19/2000,EI,,bsee_war,True
NABORS SUNDOWNER XVII,jack_up,,,,,,,,,,,,,,,2.0,12/7/2001,10/13/2001,SM,,bsee_war,True
NABORS SUPER S.D. XIX,platform_rig,,,,,,,,,,,,,,,23.0,9/9/2006 11:59:00 PM,1/11/2009 12:01:00 AM,EC,,bsee_war,True
NABORS SUPER SUNDOWNDER XIX,platform_rig,,,,,,,,298.0,,,,,,,1.0,12/31/2005,1/1/2006,EI,,bsee_war,True
NABORS SUPER SUNDOWNER XIX,jack_up,,,,,,,,298.0,,,,,,,6.0,9/3/2005,1/15/2006,EI,,bsee_war,True
NABORS SUPER SUNDOWNER XXI,jack_up,,,,,,,,95.0,,,,,,,31.0,9/6/2008 11:59:00 PM,1/11/2009 12:01:00 AM,EW,,bsee_war,True
NABORS SUPER SUNDOWNER XXII,jack_up,,,,,,,,,,,,,,,12.0,9/8/2007 11:59:00 PM,1/11/2009 12:01:00 AM,SA,,bsee_war,True
NABORS WORKHORSE IX,platform_rig,,,,,,,,,,,,,,,1.0,12/23/2001,12/10/2001,HI,,bsee_war,True
NABORS/POOL 50,platform_rig,,,,,,,,,,,,,,,1.0,9/8/2000,11/4/2000,HI,,bsee_war,True
NABORS/POOL 75,platform_rig,,,,,,,,,,,,,,,1.0,4/5/2002,3/16/2002,EW,,bsee_war,True
NAUTILUS,semi_submersible,,,,,,,,8717.0,,,,,,,4.0,9/8/2003,11/11/2003,MC,,bsee_war,True
NEW ERA,semi_submersible,,,,,,,,510.0,,,,,,,2.0,2/4/2006,1/1/2006,EW,,bsee_war,True
NEW ERA (SS),semi_submersible,,,,,,,,865.0,,,,,,,1.0,9/9/2006,10/1/2006,EW,,bsee_war,True
NEW ORLEANS,jack_up,,,,,,,,,,,,,,,1.0,7/2/2002,4/15/2002,WC,,bsee_war,True
NOBEL AMOS RUNNER,jack_up,,,,,,,,,,,,,,,1.0,11/8/1999,10/19/1999,EB,,bsee_war,True
NOBEL CARL NORBERG,jack_up,,,,,,,,,,,,,,,1.0,9/21/2001,9/15/2001,EI,,bsee_war,True
NOBEL EDDIE PAUL,jack_up,,,,,,,,,,,,,,,1.0,9/9/2001,10/1/2001,MP,,bsee_war,True
NOBLE CARL NORBERG,jack_up,,,,,,,,54.0,,,,,,,8.0,9/7/2003,3/31/2003,ST,,bsee_war,True
NOBLE EARL FREDERICKSON,jack_up,,,,,,,,,,,,,,,11.0,9/28/2001,1/12/2002,EI,,bsee_war,True
NOBLE EDDIE PAUL,jack_up,,,,,,,,320.0,,,,,,,50.0,9/8/2002,1/1/2006 12:01:00 AM,VR,,bsee_war,True
NOBLE FRI RODLI,jack_up,,,,,,,,57.0,,,,,,,21.0,9/8/2007 11:59:00 PM,1/1/2006 12:01:00 AM,EI,,bsee_war,True
NOBLE JIM THOMPSON,semi_submersible,,,,,,8000.0,30000.0,6000.0,106.25,100.05,,,,1982.0,64.0,9/8/2012 11:59:00 PM,1/1/2006,MC,,xls_historical,True
"NOBLE""JOE ALFORD""",jack_up,,,,,,,,,,,,,,,1.0,5/3/1999,4/27/1999,GI,,bsee_war,True
NOBLE JOHNNIE HOFFMAN,jack_up,,,,,,,,,,,,,,,9.0,9/24/1999,1/11/2000,VR,,bsee_war,True
NOBLE LORRIS BOUZIGARD,semi_submersible,,,,,,4000.0,25000.0,4000.0,98.76,103.02,,,,1975.0,38.0,9/9/2006 11:59:00 PM,1/1/2006 12:01:00 AM,MC,,xls_historical,True
NOBLE THERALD MARTIN,semi_submersible,,,,,,4000.0,25000.0,2350.0,98.76,103.02,,,,1975.0,12.0,9/3/2005 11:59:00 PM,1/1/2006 12:01:00 AM,EB,,xls_historical,True
NOBLE AMOS RUNNER,semi_submersible,,,,,,8000.0,32500.0,8000.0,106.25,100.05,,,,1982.0,81.0,9/9/2006 11:59:00 PM,1/1/2006 12:01:00 AM,EB,,xls_historical,True
NOBLE BILL JENNING,jack_up,,,,,,,,,,,,,,,1.0,6/30/1999,6/14/1999,MP,,bsee_war,True
NOBLE-BILL JENNINGS,jack_up,,,,,,,,,,,,,,,2.0,6/7/1999,5/24/1999,MP,,bsee_war,True
NOBLE BOB DOUGLAS,drillship,,Noble Corporation plc,,,,12000.0,,,,,,,,,22.0,9/6/2014 11:59:00 PM,1/1/2016,MC,,contractor_fleet_page,True
NOBLE BULLY I,drillship,,,,,,8250.0,40000.0,8250.0,187.45,39.01,,,,2011.0,33.0,9/8/2012 11:59:00 PM,1/1/2017 12:01:00 AM,MC,,xls_historical,True
NOBLE CLYDE BOUDREAUX,semi_submersible,,,,,,10000.0,35000.0,7500.0,96.93,75.59,,,,1987.0,35.0,9/8/2007 11:59:00 PM,1/10/2010 12:01:00 AM,AC,,xls_historical,True
NOBLE DANNY ADKINS,semi_submersible,,,,,,12000.0,37000.0,12000.0,84.43,12.04,,,,1999.0,20.0,9/8/2012 11:59:00 PM,1/1/2012 12:01:00 AM,GC,,xls_historical,True
NOBLE DOLPHIN 110,jack_up,,,,,,,,35.0,,,,,,,1.0,4/5/2006,3/12/2006,MP,,bsee_war,True
NOBLE DON TAYLOR,drillship,,Noble Corporation plc,,,,12000.0,,,,,,,,,38.0,9/9/2017 11:59:00 PM,1/1/2017 12:01:00 AM,MC,,contractor_fleet_page,True
NOBLE DRILLER,,,,,,,5000.0,35000.0,5000.0,108.2,73.46,,,,1975.0,13.0,9/8/2012 11:59:00 PM,1/1/2012 12:01:00 AM,GC,,xls_historical,True
NOBLE EARL FREDRICKSON,jack_up,,,,,,,,,,,,,,,2.0,6/8/2001,3/30/2002,WC,,bsee_war,True
NOBLE ERARL FREDERICKSON,jack_up,,,,,,,,,,,,,,,1.0,7/20/2002,6/15/2002,EI,,bsee_war,True
NOBLE FAYE KOZACK (FKA KHAMSIN),jack_up,,,,,,,,,,,,,,,14.0,9/9/2023 11:59:00 PM,1/1/2023 12:01:00 AM,KC,,bsee_war,True
NOBLE FRI RODI,jack_up,,,,,,,,47.0,,,,,,,1.0,6/5/2004,3/13/2004,WC,,bsee_war,True
NOBLE FRY RODLI,jack_up,,,,,,,,,,,,,,,1.0,5/7/2005 11:59:00 PM,2/13/2005 12:01:00 AM,WC,,bsee_war,True
NOBLE GENE ROSSER,jack_up,,,,,,,,,,,,,,,5.0,9/8/2002,4/12/2002,ST,,bsee_war,True
NOBLE GLOBETROTTER,drillship,,,,,,,,,,,,,,,61.0,9/9/2017 11:59:00 PM,1/1/2017,GC,,bsee_war,True
NOBLE GLOBETROTTER II,drillship,,Noble Corporation plc,,,,10000.0,,,,,,,,,31.0,9/9/2023 11:59:00 PM,1/1/2023 12:01:00 AM,MC,,contractor_fleet_page,True
NOBLE HOMER FARRINGTON,jack_up,,,,,,,,,,,,,,,1.0,8/7/2000,7/11/2000,AT,,bsee_war,True
NOBLE HOMER FERRINGTON,semi_submersible,,,,,,7200.0,25000.0,7200.0,103.3,68.76,,,,1984.0,15.0,9/8/2002,1/12/2003,EW,,xls_historical,True
NOBLE JACK RYAN,jack_up,,,,,,,,,,,,,,,2.0,9/6/2002,6/15/2002,EB,,bsee_war,True
NOBLE JIM DAY,semi_submersible,,,,,,12000.0,37000.0,12000.0,84.43,12.04,,,,1999.0,26.0,9/8/2012 11:59:00 PM,1/1/2012,WR,,xls_historical,True
NOBLE JIM THOMPGSON,jack_up,,,,,,,,,,,,,,,1.0,12/4/2000,11/14/2000,GB,,bsee_war,True
NOBLE JIM THOMSON,jack_up,,,,,,,,,,,,,,,1.0,9/9/2002,10/1/2002,GB,,bsee_war,True
NOBLE JIM THOMSPON,jack_up,,,,,,,,,,,,,,,1.0,11/29/1999,11/23/1999,MC,,bsee_war,True
NOBLE JOH SANDIFER,jack_up,,,,,,,,,,,,,,,1.0,3/4/2002,2/22/2002,ST,,bsee_war,True
NOBLE JOHN SANDIFER,jack_up,,,,,,,,,,,,,,,11.0,9/5/2002,1/13/1998,BA,,bsee_war,True
NOBLE JOHN SNDIFER,jack_up,,,,,,,,,,,,,,,1.0,7/3/2002,6/14/2002,EI,,bsee_war,True
NOBLE JOPHNNIE HOFFMAN,jack_up,,,,,,,,,,,,,,,1.0,9/16/1999,9/15/1999,VR,,bsee_war,True
NOBLE LEONARD JONES,jack_up,,,,,,,,,,,,,,,13.0,9/30/2002,1/26/1999,ST,,bsee_war,True
NOBLE-LESTER PETTUS,jack_up,,,,,,,,50.0,,,,,,,2.0,9/5/2003,10/11/2003,EC,,bsee_war,True
NOBLE LEWIS DUGGER,jack_up,,,,,,,,,,,,,,,1.0,6/3/2001,5/22/2001,MP,,bsee_war,True
NOBLE MAX SMITH,semi_submersible,,,,,,7000.0,25000.0,7000.0,106.25,100.05,,,,1980.0,43.0,9/9/2006 11:59:00 PM,1/10/2006,PL,,xls_historical,True
NOBLE PAUL RAMANO,jack_up,,,,,,,,,,,,,,,3.0,9/9/2002,1/15/2002,GC,,bsee_war,True
NOBLE PAUL ROMANO,semi_submersible,,,,,,6000.0,28000.0,6000.0,106.25,100.05,,,,1981.0,53.0,9/9/2017 11:59:00 PM,1/1/2001,GC,,xls_historical,True
NOBLE SAM CROFT,drillship,,Noble Corporation plc,,,,12000.0,,,,,,,,,4.0,9/6/2014 11:59:00 PM,1/10/2016 12:01:00 AM,MC,,contractor_fleet_page,True
NOBLE SAM NOBLE,jack_up,,,,,,,,,,,,,,,2.0,5/26/2002,4/1/2002,HI,,bsee_war,True
NOBLE STANLEY LAFOSSE (FKA PACIFIC SHARAV),drillship,,,,,,,,,,,,,,,22.0,9/9/2023 11:59:00 PM,1/1/2023,GC,,bsee_war,True
NOBLE TOM JOBE,jack_up,,,,,,,,140.0,,,,,,,41.0,9/9/2001,1/1/2006 12:01:00 AM,HI,,bsee_war,True
NOBLE TOM JOBE ILJU,jack_up,,,,,,,,,,,,,,,1.0,3/31/2000,3/17/2000,HI,,bsee_war,True
NOBLE TOM MADDEN,drillship,,Noble Corporation plc,,,,12000.0,,,,,,,,,6.0,9/5/2015 11:59:00 PM,1/10/2016 12:01:00 AM,MC,,contractor_fleet_page,True
NOBLE TOME JOBE,jack_up,,,,,,,,,,,,,,,1.0,12/7/2001,1/5/2002,VR,,bsee_war,True
NOBLE VALIANT,drillship,,Noble Corporation plc,,,,12000.0,,,,,,,,,13.0,9/9/2023 11:59:00 PM,1/12/2025 12:01:00 AM,MC,,contractor_fleet_page,True
NOBLES JOE ALFORD,jack_up,,,,,,,,,,,,,,,1.0,9/3/2002,6/26/2002,VR,,bsee_war,True
NOBLES SAM NOBLE,jack_up,,,,,,,,,,,,,,,1.0,5/5/2002,11/18/2002,HI,,bsee_war,True
NONE/ CRANE,unknown,,,,,,,,,,,,,,,1.0,1/19/2004,1/13/2004,EI,,bsee_war,True
NORTHERN RIVER DIVE VESSEL,support_vessel,,,,,,,,1884.0,,,,,,,1.0,7/7/2003,7/1/2003,EW,,bsee_war,True
NOVLE EDDIE PAUL,jack_up,,,,,,,,,,,,,,,1.0,10/31/1999,10/25/1999,WC,,bsee_war,True
O'VOYAGER,support_vessel,,,,,,,,1840.0,,,,,,,2.0,2/5/2005,1/10/2005,MC,,bsee_war,True
OCAN CHAMPPION,semi_submersible,,,,,,,,,,,,,,,1.0,6/25/2001,6/19/2001,EC,,bsee_war,True
OCAN TITAN,semi_submersible,,,,,,,,,,,,,,,1.0,4/29/2002,4/16/2002,VR,,bsee_war,True
OCEAN AMBASSADOR,semi_submersible,,,,,,,,,,,,,,,16.0,9/8/2002,1/11/2002,EB,,bsee_war,True
OCEAN AMBASSDOR,semi_submersible,,,,,,,,,,,,,,,1.0,3/4/2001,2/12/2001,EB,,bsee_war,True
OCEAN AMERICA,semi_submersible,,,,,,5500.0,30000.0,5500.0,122.22,78.94,,,,1988.0,29.0,9/5/2003,1/1/1999,GC,,xls_historical,True
OCEAN AMERICAL,semi_submersible,,,,,,,,4677.0,,,,,,,1.0,6/26/2004,6/20/2004,VK,,bsee_war,True
OCEAN APARTAN,semi_submersible,,,,,,,,,,,,,,,1.0,11/23/1998,11/16/1998,ST,,bsee_war,True
OCEAN BARONESS,semi_submersible,,,,,,8000.0,35000.0,7000.0,98.76,99.67,,,,1973.0,5.0,9/9/2006,1/1/2006,GC,,xls_historical,True
OCEAN BOYAGER,semi_submersible,,,,,,,,,,,,,,,1.0,9/24/2001,9/17/2001,ST,,bsee_war,True
OCEAN CENTURY,semi_submersible,,,,,,,,,,,,,,,3.0,5/7/1998,1/1/1998,GB,,bsee_war,True
OCEAN CHAMPION,semi_submersible,,,,,,,,56.0,,,,,,,17.0,9/8/2004,1/11/1999,ST,,bsee_war,True
OCEAN CLIPPER,drillship,,,,,,7875.0,25000.0,7875.0,160.93,33.22,,,,1977.0,3.0,9/3/1998,10/16/1998,MC,,xls_historical,True
OCEAN COLUMBIA,semi_submersible,,,,,,,,155.0,,,,,,,38.0,9/7/2003,1/11/2000,HI,,bsee_war,True
OCEAN COLUMBIA L/B WAHOO CTU,semi_submersible,,,,,,,,70.0,,,,,,,1.0,4/16/2005,2/20/2005,MP,,bsee_war,True
OCEAN COLUMGIA,semi_submersible,,,,,,,,153.0,,,,,,,1.0,8/8/2004,12/15/1998,WC,,bsee_war,True
OCEAN CONCORD,semi_submersible,,,,,,,,1694.0,,,,,,,52.0,9/8/2003,1/1/2006,MC,,bsee_war,True
OCEAN CONCORD DIAMOND OFFSHORE,semi_submersible,,,,,,,,610.0,,,,,,,1.0,1/9/2004,1/10/2004,MC,,bsee_war,True
OCEAN CONCORDE,semi_submersible,,,,,,,,,,,,,,,1.0,7/7/2003,7/15/2003,GB,,bsee_war,True
OCEAN CONCROD,semi_submersible,,,,,,,,,,,,,,,1.0,11/3/2002,10/29/2002,MC,,bsee_war,True
OCEAN CONFIDENCE,semi_submersible,,,,,,10000.0,35000.0,10000.0,97.54,72.54,,,,1988.0,29.0,9/4/2004,1/1/2004,MC,,xls_historical,True
OCEAN CRUSADE,semi_submersible,,,,,,,,,,,,,,,1.0,2/6/2000,1/17/2000,WD,,bsee_war,True
OCEAN CRUSADER,semi_submersible,,,,,,,,134.0,,,,,,,54.0,9/8/2003,1/1/2002,VR,,bsee_war,True
OCEAN DRAKE,semi_submersible,,,,,,,,123.0,,,,,,,63.0,9/9/2001,1/1/2001,ST,,bsee_war,True
OCEAN EIRIK RAUDE,semi_submersible,,,,,,,,,,,,,,,5.0,9/8/2007 11:59:00 PM,1/13/2008 12:01:00 AM,KC,,bsee_war,True
OCEAN ENADEAVOR,semi_submersible,,,,,,,,,,,,,,,1.0,2/6/2000,1/31/2000,EW,,bsee_war,True
OCEAN ENDEAVER,semi_submersible,,,,,,,,,,,,,,,1.0,9/3/2001,8/14/2001,WD,,bsee_war,True
OCEAN ENDEAVOR,semi_submersible,,,,,,10000.0,35000.0,8000.0,98.76,99.67,,,,1975.0,17.0,9/6/1998,1/1/2002,EW,,xls_historical,True
OCEAN ENDEAVOUR,semi_submersible,,,,,,,,,,,,,,,1.0,9/17/2001,9/11/2001,EC,,bsee_war,True
OCEAN ENERGY INC.,semi_submersible,,,,,,,,,,,,,,,1.0,6/6/2003,5/31/2003,EI,,bsee_war,True
OCEAN EXPLORER,drillship,,,,,,,,3911.0,,,,,,,1.0,6/5/2004,5/16/2004,MC,,bsee_war,True
OCEAN KING,semi_submersible,,,,,,,,220.0,,,,,,,48.0,9/8/2003,1/13/2004,SS,,bsee_war,True
OCEAN KNG,semi_submersible,,,,,,,,,,,,,,,1.0,4/9/2000,3/13/2000,EC,,bsee_war,True
OCEAN LEXINGTON,semi_submersible,,,,,,,,2487.0,,,,,,,40.0,9/9/2002,1/1/1999,GC,,bsee_war,True
OCEAN LEXINGTON/ COIL TUBING,coil_tubing_unit,,,,,,,,1523.0,,,,,,,1.0,3/27/2004,3/14/2004,EW,,bsee_war,True
OCEAN MARIANAS,semi_submersible,,,,,,,,,,,,,,,5.0,9/24/2001,10/14/2001,MC,,bsee_war,True
OCEAN NEW ERA,semi_submersible,,,,,,,,954.0,,,,,,,11.0,9/6/1998,1/12/1998,EW,,bsee_war,True
OCEAN NUGGET,semi_submersible,,,,,,,,140.0,,,,,,,24.0,9/8/2002,1/1/2000,HI,,bsee_war,True
OCEAN NUGGET - DIAMOND OFFSHOR,semi_submersible,,,,,,,,,,,,,,,1.0,9/29/2003,10/7/2003,SM,,bsee_war,True
OCEAN NUGGETT,semi_submersible,,,,,,,,,,,,,,,1.0,5/14/2003,5/8/2003,SM,,bsee_war,True
OCEAN PROSPECTOR,semi_submersible,,,,,,,,,,,,,,,4.0,9/20/1999,1/12/1998,MC,,bsee_war,True
OCEAN QUEST,semi_submersible,,,,,,4000.0,25000.0,3500.0,98.76,102.41,,,,1973.0,50.0,9/9/2002,1/1/2001,GC,,xls_historical,True
OCEAN RATHER,semi_submersible,,,,,,,,,,,,,,,2.0,9/7/1999,1/13/1999,MC,,bsee_war,True
OCEAN ROVER,semi_submersible,,,,,,8000.0,35000.0,8000.0,98.76,99.67,,,,1973.0,11.0,9/6/1998,1/10/2000,GB,,xls_historical,True
OCEAN SARATOGA,semi_submersible,,,,,,,,2618.0,,,,,,,58.0,9/9/2001,1/1/2006,GC,,bsee_war,True
OCEAN SPARTAN\,semi_submersible,,,,,,,,51.0,,,,,,,1.0,4/8/2006,4/16/2006,HI,,bsee_war,True
OCEAN SPARTIN,semi_submersible,,,,,,,,,,,,,,,3.0,2/9/1998,1/20/1998,WC,,bsee_war,True
OCEAN SPARTON,semi_submersible,,,,,,,,,,,,,,,1.0,9/6/1999,8/31/1999,SA,,bsee_war,True
OCEAN SPUR,semi_submersible,,,,,,,,210.0,,,,,,,31.0,9/7/2003,1/1/2002,VR,,bsee_war,True
OCEAN STAR,semi_submersible,,,,,,5500.0,30000.0,5500.0,102.26,95.91,,,,1973.0,46.0,9/7/1998,1/11/2000,MC,,xls_historical,True
OCEAN SUMMIT,semi_submersible,,,,,,,,176.0,,,,,,,32.0,9/9/2002,1/12/2004,WC,,bsee_war,True
OCEAN SUMMITT,semi_submersible,,,,,,,,176.0,,,,,,,5.0,8/7/2004,1/30/2005,VR,,bsee_war,True
OCEAN TITAM,semi_submersible,,,,,,,,106.0,,,,,,,1.0,5/29/2004,5/16/2004,SS,,bsee_war,True
OCEAN TITAN,semi_submersible,,,,,,,,219.0,,,,,,,44.0,9/9/2002,1/1/2000,EI,,bsee_war,True
OCEAN TOWE,semi_submersible,,,,,,,,,,,,,,,1.0,9/17/2000,7/17/2000,MI,,bsee_war,True
OCEAN TOWER,semi_submersible,,,,,,,,275.0,,,,,,,14.0,9/7/1998,1/15/2005,GA,,bsee_war,True
OCEAN VALIANAT,semi_submersible,,,,,,,,3310.0,,,,,,,1.0,2/8/2004,1/12/2004,GC,,bsee_war,True
OCEAN VALIANT,semi_submersible,,,,,,5500.0,30000.0,5500.0,122.22,78.94,,,,1988.0,35.0,9/9/2001,1/10/2000,GB,,xls_historical,True
OCEAN VALIENT,semi_submersible,,,,,,,,,,,,,,,1.0,7/4/2003,4/19/2003,GB,,bsee_war,True
OCEAN VICTORY,semi_submersible,,,,,,5500.0,25000.0,5500.0,102.41,96.01,,,,1973.0,57.0,9/9/2001,1/1/2002,MC,,xls_historical,True
OCEAN VICTORYU,semi_submersible,,,,,,,,,,,,,,,1.0,7/23/2002,7/15/2002,GC,,bsee_war,True
OCEAN VOYAGER,semi_submersible,,,,,,,,2975.0,,,,,,,19.0,9/4/2000,1/12/1999,GC,,bsee_war,True
OCEAN WARAWICK,semi_submersible,,,,,,,,137.0,,,,,,,1.0,8/4/2003,6/24/2003,WD,,bsee_war,True
OCEAN WARWICK,semi_submersible,,,,,,,,210.0,,,,,,,50.0,9/8/2003,1/1/2002,ST,,bsee_war,True
OCEAN WINNER,semi_submersible,,,,,,4000.0,25000.0,3500.0,108.2,75.59,,,,1976.0,3.0,9/7/1998,10/13/1998,GC,,xls_historical,True
OCEAN WORKDER,semi_submersible,,,,,,,,,,,,,,,1.0,4/27/2003,4/14/2003,SM,,bsee_war,True
OCEAN WORKER,semi_submersible,,,,,,4000.0,25000.0,3500.0,92.35,60.96,,,,1982.0,12.0,9/7/2003,1/13/2003,MC,,xls_historical,True
OCEANEERING - MSV OCEAN EVOLUTION,semi_submersible,,,,,,,,,,,,,,,7.0,6/4/2022 11:59:00 PM,11/16/2020,MC,,bsee_war,True
OCEANEERING INTERNATN'L OCEAN,semi_submersible,,,,,,,,1122.0,,,,,,,1.0,1/16/2004,1/13/2004,GB,,bsee_war,True
OCEANSARATOGA,semi_submersible,,,,,,,,,,,,,,,1.0,7/9/2001,5/22/2001,MC,,bsee_war,True
OCEEAN KING,semi_submersible,,,,,,,,,,,,,,,1.0,9/29/2003,10/21/2003,EI,,bsee_war,True
OCEN QUEST,semi_submersible,,,,,,,,,,,,,,,1.0,11/23/2003,11/10/2003,GB,,bsee_war,True
ODIN BICTORY,jack_up,,,,,,,,,,,,,,,1.0,6/30/2002,6/24/2002,ST,,bsee_war,True
ODIN VICTORY,jack_up,,,,,,,,125.0,,,,,,,30.0,9/7/2003,1/12/2004,SS,,bsee_war,True
OEAN SUMMIT,semi_submersible,,,,,,,,172.0,,,,,,,1.0,6/5/2004,4/10/2005,SM,,bsee_war,True
OEDC EXPL & PROD.,unknown,,,,,,,,,,,,,,,1.0,11/8/1998,10/26/1998,VR,,bsee_war,True
OFFSHORE 1003E,jack_up,,,,,,,,,,,,,,,1.0,6/1/1999,5/1/1999,MP,,bsee_war,True
OFFSHORE RATHER,semi_submersible,,,,,,,,,,,,,,,1.0,12/29/1999,10/13/1999,MC,,bsee_war,True
OLYMPIC INTERVENTION IV,support_vessel,,,,,,,,,,,,,,,4.0,8/7/2015 11:59:00 PM,10/4/2009 12:01:00 AM,GC,,bsee_war,True
OLYMPUS N88,unknown,,,,,,,,,,,,,,,30.0,9/9/2023,1/1/2017 12:01:00 AM,MC,,bsee_war,True
P&A UNIT,unknown,,,,,,,,685.0,,,,,,,21.0,9/4/2004,3/21/2004,HI,,bsee_war,True
P&A CREW,unknown,,,,,,,,216.0,,,,,,,1.0,5/29/2004,5/16/2004,SM,,bsee_war,True
P&U UNIT,unknown,,,,,,,,186.0,,,,,,,1.0,9/27/2003,5/24/2003,HI,,bsee_war,True
P7A UNIT,unknown,,,,,,,,225.0,,,,,,,1.0,9/12/2003,9/11/2003,WC,,bsee_war,True
PA,unknown,,,,,,,,168.0,,,,,,,12.0,6/4/2005,4/24/2005,ST,,bsee_war,True
PA UNIT,unknown,,,,,,,,685.0,,,,,,,12.0,9/4/2004,3/28/2004,HI,,bsee_war,True
PACIFIC KHAMSIN,drillship,,,,,,,,,,,,,,,3.0,9/5/2020 11:59:00 PM,1/12/2020 12:01:00 AM,GB,,bsee_war,True
Pacific Santa Ana,drillship,,,,,,10000.0,37500.0,10000.0,227.99,42.06,,,,2013.0,20.0,9/8/2012 11:59:00 PM,1/1/2017 12:01:00 AM,GB,,xls_historical,True
PACIFIC SHARAV,drillship,,,,,,,,,,,,,,,46.0,9/9/2017 11:59:00 PM,1/1/2017 12:01:00 AM,GC,,bsee_war,True
PARKAER 22J,jack_up,,,,,,,,45.0,,,,,,,1.0,9/4/2003,8/27/2003,MP,,bsee_war,True
PARKER 21-J,platform_rig,,,,,,,,54.0,,,,,,,11.0,9/3/2000,1/12/2004,ST,,bsee_war,True
PARKER  77-B,platform_rig,,,,,,,,,,,,,,,4.0,9/7/2019 11:59:00 PM,1/12/2020 12:01:00 AM,SM,,bsee_war,True
PARKER (HERCULES) 22,jack_up,,,,,,,,,,,,,,,3.0,3/5/2000,1/22/2000,VR,,bsee_war,True
PARKER 10,platform_rig,,,,,,,,180.0,,,,,,,4.0,9/4/2000,10/12/1999,GB,,bsee_war,True
PARKER 10 P,platform_rig,,,,,,,,,,,,,,,2.0,9/19/2001,3/12/2001,EW,,bsee_war,True
PARKER 10P,platform_rig,,,,,,,,208.0,,,,,,,10.0,9/8/2003,3/10/2003,EW,,bsee_war,True
PARKER 11,platform_rig,,,,,,,,22.0,,,,,,,2.0,2/5/2001,1/15/2001,ST,,bsee_war,True
PARKER 11-J,platform_rig,,,,,,,,118.0,,,,,,,14.0,9/3/2005,12/23/2002,HI,,bsee_war,True
PARKER 11J,platform_rig,,,,,,,,120.0,,,,,,,6.0,9/5/2004,1/17/2000,VR,,bsee_war,True
PARKER 11J/COIL TUBING,coil_tubing_unit,,,,,,,,30.0,,,,,,,1.0,12/7/2003,12/1/2003,VR,,bsee_war,True
PARKER 14,platform_rig,,,,,,,,19.0,,,,,,,4.0,9/24/2000,10/16/2000,SM,,bsee_war,True
PARKER 14-J,platform_rig,,,,,,,,35.0,,,,,,,1.0,9/7/2003,8/11/2003,CA,,bsee_war,True
PARKER 14J,platform_rig,,,,,,,,52.0,,,,,,,6.0,9/21/2003,4/10/2001,BS,,bsee_war,True
PARKER 15,platform_rig,,,,,,,,,,,,,,,3.0,8/6/2000,2/17/2003,WC,,bsee_war,True
PARKER 15-J,platform_rig,,,,,,,,29.0,,,,,,,2.0,9/4/2004,11/19/2001,SS,,bsee_war,True
PARKER 15J,platform_rig,,,,,,,,40.0,,,,,,,5.0,9/9/2002,1/13/2003,EI,,bsee_war,True
PARKER 15J24-,platform_rig,,,,,,,,,,,,,,,1.0,1/12/2003,1/6/2003,EI,,bsee_war,True
PARKER 15J24-DEC-02,platform_rig,,,,,,,,,,,,,,,1.0,12/29/2002,12/23/2002,EI,,bsee_war,True
PARKER 20-J,platform_rig,,,,,,,,52.0,,,,,,,23.0,9/8/2002,1/13/2004,ST,,bsee_war,True
PARKER 20J,platform_rig,,,,,,,,68.0,,,,,,,11.0,9/9/2001,1/1/2001,PL,,bsee_war,True
PARKER 21,platform_rig,,,,,,,,58.0,,,,,,,58.0,9/9/2001,1/1/2000,GI,,bsee_war,True
PARKER 21J,platform_rig,,,,,,,,42.0,,,,,,,7.0,5/17/1999,10/10/2004,ST,,bsee_war,True
PARKER 22,platform_rig,,,,,,,,49.0,,,,,,,21.0,9/9/2001,1/14/2002,ST,,bsee_war,True
PARKER 22 (JU),platform_rig,,,,,,,,,,,,,,,3.0,11/9/1999,10/13/1999,VR,,bsee_war,True
PARKER 22-J,platform_rig,,,,,,,,49.0,,,,,,,3.0,8/22/2000,3/14/2004,ST,,bsee_war,True
PARKER 22J,platform_rig,,,,,,,,65.0,,,,,,,3.0,9/7/2003,7/16/2003,MP,,bsee_war,True
PARKER 22J AND CT,platform_rig,,,,,,,,40.0,,,,,,,1.0,9/24/2003,9/14/2003,BS,,bsee_war,True
PARKER 25,platform_rig,,,,,,,,,,,,,,,8.0,9/24/2001,1/15/2001,ST,,bsee_war,True
PARKER 25-J,platform_rig,,,,,,,,,,,,,,,5.0,7/7/2002,1/15/2001,ST,,bsee_war,True
PARKER 25J,platform_rig,,,,,,,,133.0,,,,,,,6.0,9/15/2002,1/16/2005,MP,,bsee_war,True
PARKER 3,platform_rig,,,,,,,,,,,,,,,6.0,6/5/2000,1/11/2000,WD,,bsee_war,True
PARKER 3-P,platform_rig,,,,,,,,,,,,,,,3.0,9/24/2001,10/16/2001,SP,,bsee_war,True
PARKER 30-J,platform_rig,,,,,,,,,,,,,,,1.0,2/3/2003,1/14/2003,HI,,bsee_war,True
PARKER 41,platform_rig,,,,,,,,,,,,,,,8.0,9/3/2000,1/16/2001,EB,,bsee_war,True
PARKER 41-P,platform_rig,,,,,,,,,,,,,,,4.0,7/17/2000,2/13/2000,SS,,bsee_war,True
PARKER 41P,platform_rig,,,,,,,,419.0,,,,,,,6.0,9/6/1999,11/24/1999,HI,,bsee_war,True
PARKER 72-B,platform_rig,,,,,,,,,,,,,,,1.0,7/9/2011 11:59:00 PM,7/10/2011 12:01:00 AM,EI,,bsee_war,True
PARKER 76,platform_rig,,,,,,,,13.0,,,,,,,5.0,9/7/2003,1/12/2004,EI,,bsee_war,True
PARKER 76-B,platform_rig,,,,,,,,,,,,,,,17.0,9/9/2006 11:59:00 PM,1/1/2006 12:01:00 AM,SM,,bsee_war,True
PARKER 76B,platform_rig,,,,,,,,,,,,,,,1.0,12/2/2001,10/10/2001,EI,,bsee_war,True
PARKER DRILLING 10-J,platform_rig,,,,,,,,,,,,,,,1.0,4/30/2000,3/14/2000,ST,,bsee_war,True
PARKER DRILLING 10-P,platform_rig,,,,,,,,,,,,,,,2.0,5/4/2001,3/26/2001,EW,,bsee_war,True
PARKER DRILLING 11-J,platform_rig,,,,,,,,42.0,,,,,,,2.0,7/2/2000,3/28/2004,MI,,bsee_war,True
PARKER DRILLING 21-J,platform_rig,,,,,,,,40.0,,,,,,,2.0,9/4/2004,10/3/2004,HI,,bsee_war,True
PARKER DRILLING RIG 55-B,platform_rig,,,,,,,,,,,,,,,4.0,9/6/2014 11:59:00 PM,5/17/2014,SM,,bsee_war,True
PARKER II,platform_rig,,,,,,,,,,,,,,,1.0,5/14/2000,11/25/2002,WC,,bsee_war,True
PARKER NO. 1,platform_rig,,,,,,,,,,,,,,,1.0,11/5/2000,10/16/2000,EB,,bsee_war,True
PARKER P-10,platform_rig,,,,,,,,,,,,,,,2.0,5/23/2003,10/17/2000,VR,,bsee_war,True
PARKER P10,platform_rig,,,,,,,,,,,,,,,1.0,4/7/2003,3/13/2003,VR,,bsee_war,True
PARKER RIG 10-P,platform_rig,,,,,,,,,,,,,,,1.0,7/8/2002,6/18/2002,VR,,bsee_war,True
PARKER RIG 20,platform_rig,,,,,,,,,,,,,,,1.0,9/27/1999,9/14/1999,ST,,bsee_war,True
PARKER RIG 21,platform_rig,,,,,,,,,,,,,,,1.0,7/18/1999,6/19/1999,ST,,bsee_war,True
PARKER RIG 3,platform_rig,,,,,,,,,,,,,,,1.0,2/12/2001,1/3/2001,EI,,bsee_war,True
PARKER RIG 41P,platform_rig,,,,,,,,419.0,,,,,,,4.0,4/3/2004,1/12/2004,HI,,bsee_war,True
PATHFINDER,drillship,,,,,,,,,,,,,,,3.0,6/4/2000,1/12/2001,MC,,bsee_war,True
PAUL DANOS & SUPERIOR  LIFTBOA,lift_boat,,,,,,,,49.0,,,,,,,1.0,5/29/2004,5/16/2004,MO,,bsee_war,True
PAUL ROMANO,semi_submersible,,,,,,,,,,,,,,,14.0,9/4/2001,1/2/2001,GB,,bsee_war,True
PCEAM CRISADER,semi_submersible,,,,,,,,,,,,,,,1.0,7/20/2000,1/11/1999,SS,,bsee_war,True
PEGGY MASSER,lift_boat,,,,,,,,,,,,,,,1.0,8/25/2000,6/17/2000,EI,,bsee_war,True
PERF-O-LOG,wireline_unit,,,,,,,,,,,,,,,1.0,3/31/2003,3/22/2003,SS,,bsee_war,True
PETROBRAS 10000,drillship,,,,,,12000.0,37500.0,10000.0,227.99,41.76,,,,2009.0,2.0,7/7/2018 11:59:00 PM,11/1/2017,WR,,xls_historical,True
PETTUS,jack_up,,,,,,,,,,,,,,,2.0,8/7/1998,1/10/1998,EI,,bsee_war,True
PHOENIX 1,jack_up,,,,,,,,,,,,,,,6.0,9/26/2000,1/11/2000,EI,,bsee_war,True
PHOENIX 11,jack_up,,,,,,,,,,,,,,,1.0,8/8/2000,7/28/2000,VR,,bsee_war,True
PHOENIX 2,jack_up,,,,,,,,,,,,,,,2.0,5/17/1998,1/12/1998,EC,,bsee_war,True
PHOENIX 3,jack_up,,,,,,,,,,,,,,,2.0,5/7/2000,2/16/2000,ST,,bsee_war,True
PHOENIX D V KIMBERLY CANDIES,support_vessel,,,,,,,,155.0,,,,,,,1.0,7/8/2006,6/11/2006,MP,,bsee_war,True
PHOENIX I,jack_up,,,,,,,,,,,,,,,7.0,9/7/1999,1/10/2000,SA,,bsee_war,True
PHOENIX II,jack_up,,,,,,,,,,,,,,,19.0,9/7/1998,1/11/1999,HI,,bsee_war,True
PHOENIX III,jack_up,,,,,,,,,,,,,,,14.0,9/8/2002,1/10/2000,SS,,bsee_war,True
PHOENIX IV,jack_up,,,,,,,,,,,,,,,17.0,9/5/1999,1/17/2000,SS,,bsee_war,True
PIPE UNIT,unknown,,,,,,,,,,,,,,,1.0,9/7/2000,8/31/2000,WC,,bsee_war,True
PLATFORM,platform_rig,,,,,,,,180.0,,,,,,,2.0,12/6/2003,10/21/2002,SS,,bsee_war,True
PLATFORM SNUBBING UNIT,snubbing_unit,,,,,,,,,,,,,,,1.0,12/29/2002,1/20/2003,VR,,bsee_war,True
POOL 50,jack_up,,,,,,,,,,,,,,,5.0,7/3/1998,1/31/1998,EI,,bsee_war,True
POOL 53,jack_up,,,,,,,,47.0,,,,,,,14.0,9/9/2002,1/21/2001,PL,,bsee_war,True
POOL 10,jack_up,,,,,,,,,,,,,,,3.0,2/12/1998,1/10/1998,SS,,bsee_war,True
POOL 14,jack_up,,,,,,,,,,,,,,,7.0,8/7/1998,3/23/1999,VR,,bsee_war,True
POOL 141,jack_up,,,,,,,,,,,,,,,13.0,9/29/2000,1/12/2002,SS,,bsee_war,True
POOL 143,jack_up,,,,,,,,3232.0,,,,,,,4.0,9/24/2000,1/1/2001,VK,,bsee_war,True
POOL 150,jack_up,,,,,,,,35.0,,,,,,,1.0,8/17/2003,8/11/2003,PL,,bsee_war,True
POOL 1502,jack_up,,,,,,,,,,,,,,,1.0,9/6/2000,8/27/2000,HI,,bsee_war,True
POOL 16,jack_up,,,,,,,,,,,,,,,30.0,9/9/2001,1/1/2001,HI,,bsee_war,True
POOL 17,jack_up,,,,,,,,,,,,,,,7.0,8/16/1998,1/16/1998,EI,,bsee_war,True
POOL 18,jack_up,,,,,,,,,,,,,,,1.0,7/8/1998,5/21/1998,HI,,bsee_war,True
POOL 3,jack_up,,,,,,,,,,,,,,,1.0,7/26/1998,7/13/1998,MI,,bsee_war,True
POOL 50 RIG,jack_up,,,,,,,,,,,,,,,1.0,2/21/2000,2/11/2000,WC,,bsee_war,True
POOL 54,jack_up,,,,,,,,62.0,,,,,,,23.0,9/15/2003,1/2/2001,ST,,bsee_war,True
POOL 54/CTU,jack_up,,,,,,,,50.0,,,,,,,1.0,11/9/2003,11/10/2003,HI,,bsee_war,True
POOL 9,jack_up,,,,,,,,,,,,,,,4.0,9/7/2000,3/4/1998,SM,,bsee_war,True
POOL 903,jack_up,,,,,,,,,,,,,,,5.0,9/17/1998,1/16/1999,ST,,bsee_war,True
POOL 908,jack_up,,,,,,,,,,,,,,,7.0,9/9/1999,10/3/1999,MI,,bsee_war,True
POOL NO. 141,jack_up,,,,,,,,,,,,,,,1.0,6/9/1998,5/21/1998,EC,,bsee_war,True
POOL OFFSHORE,jack_up,,,,,,,,,,,,,,,2.0,12/26/1999,11/14/1999,MP,,bsee_war,True
POOL RANGER #6,jack_up,,,,,,,,,,,,,,,1.0,7/17/1998,5/16/1998,EI,,bsee_war,True
POOL RANGER IV,jack_up,,,,,,,,,,,,,,,1.0,4/8/2001,3/26/2001,ST,,bsee_war,True
POOL RANGER V,jack_up,,,,,,,,,,,,,,,2.0,4/8/2001,3/16/1997,ST,,bsee_war,True
POOL RIG #140,jack_up,,,,,,,,,,,,,,,1.0,8/3/1998,5/26/1998,HI,,bsee_war,True
POOL RIG 54,jack_up,,,,,,,,84.0,,,,,,,3.0,9/24/2005,11/25/2002,ST,,bsee_war,True
POOL RIG 9,jack_up,,,,,,,,,,,,,,,1.0,6/6/1998,5/17/1998,EI,,bsee_war,True
POOL RIG 10,jack_up,,,,,,,,,,,,,,,3.0,4/8/2001,3/26/2001,EI,,bsee_war,True
POOL RIG. 141,jack_up,,,,,,,,,,,,,,,1.0,7/6/1998,6/10/1998,EC,,bsee_war,True
POOL RIG 17,jack_up,,,,,,,,,,,,,,,2.0,9/27/1998,10/26/1998,EC,,bsee_war,True
POOL RIG 18,jack_up,,,,,,,,,,,,,,,3.0,5/9/1999,1/11/1999,ST,,bsee_war,True
POOL RIG 53,jack_up,,,,,,,,84.0,,,,,,,7.0,9/20/1998,1/1/2006,PL,,bsee_war,True
POOL RIG IV,jack_up,,,,,,,,,,,,,,,1.0,7/5/1998,6/22/1998,MP,,bsee_war,True
POOL RIG VI,jack_up,,,,,,,,,,,,,,,3.0,9/6/1998,10/11/1998,MP,,bsee_war,True
POOLOFFSHORE,jack_up,,,,,,,,,,,,,,,1.0,2/9/2000,1/20/2000,MP,,bsee_war,True
POWER 8 LIFT BOAT,lift_boat,,,,,,,,60.0,,,,,,,1.0,12/29/2003,12/23/2003,WD,,bsee_war,True
POWER II,lift_boat,,,,,,,,,,,,,,,3.0,9/1/2002,10/21/2002,VR,,bsee_war,True
POWER OFFSHORE #2,lift_boat,,,,,,,,,,,,,,,1.0,6/10/2003,4/11/2001,HI,,bsee_war,True
"POWER SWIVEL UNIT, CASING JACK",unknown,,,,,,,,227.0,,,,,,,1.0,7/3/2004,6/27/2004,EC,,bsee_war,True
POWER XI,lift_boat,,,,,,,,,,,,,,,1.0,9/20/2000,9/10/2000,ST,,bsee_war,True
POWERS V LIFT BOAT/CT UNIT,lift_boat,,,,,,,,,,,,,,,2.0,3/8/1999,2/23/1999,MP,,bsee_war,True
PRIDE NEW MEXICO,jack_up,,,,,,,,143.0,,,,,,,86.0,9/9/2001,1/1/2001,VR,,bsee_war,True
PRIDE OKLAHOMA,jack_up,,,,,,,,,,,,,,,20.0,9/30/2001,1/13/2001,EC,,bsee_war,True
PRIDE 1002,jack_up,,,,,,,,,,,,,,,7.0,6/6/1999,1/11/1999,MP,,bsee_war,True
PRIDE 1002 E,jack_up,,,,,,,,,,,,,,,1.0,5/9/1999,3/15/1999,MP,,bsee_war,True
PRIDE 1002E,jack_up,,,,,,,,,,,,,,,2.0,7/5/1999,6/14/1998,MP,,bsee_war,True
PRIDE 1003,jack_up,,,,,,,,,,,,,,,20.0,9/4/2000,1/1/2002,SS,,bsee_war,True
PRIDE 1003 E,jack_up,,,,,,,,,,,,,,,1.0,3/22/1998,3/16/1998,EI,,bsee_war,True
PRIDE 1003E,jack_up,,,,,,,,145.0,,,,,,,8.0,8/27/2005,2/20/2001,EI,,bsee_war,True
PRIDE 1004,jack_up,,,,,,,,,,,,,,,5.0,9/4/1998,1/10/1998,EB,,bsee_war,True
PRIDE 1004 E,jack_up,,,,,,,,,,,,,,,5.0,9/7/2002,6/1/2002,HI,,bsee_war,True
PRIDE 1004E,jack_up,,,,,,,,,,,,,,,8.0,7/9/2001,1/10/1998,EB,,bsee_war,True
PRIDE 1006,jack_up,,,,,,,,394.0,,,,,,,27.0,9/7/2003,1/12/2004,MP,,bsee_war,True
PRIDE 100S,jack_up,,,,,,,,,,,,,,,1.0,12/2/1997,11/18/1997,SM,,bsee_war,True
PRIDE 103,jack_up,,,,,,,,,,,,,,,1.0,8/21/2000,8/15/2000,SM,,bsee_war,True
PRIDE 1051,jack_up,,,,,,,,,,,,,,,1.0,1/31/2003,1/25/2003,ST,,bsee_war,True
PRIDE 130,jack_up,,,,,,,,,,,,,,,1.0,2/9/1998,1/13/1998,EI,,bsee_war,True
PRIDE 14,jack_up,,,,,,,,760.0,,,,,,,52.0,9/9/2006 11:59:00 PM,1/1/2006 12:01:00 AM,SP,,bsee_war,True
PRIDE 1501,jack_up,,,,,,,,1353.0,,,,,,,42.0,9/9/2002,1/1/2002,SS,,bsee_war,True
PRIDE 1501 (JU),jack_up,,,,,,,,,,,,,,,2.0,2/4/2006,1/16/2006,EC,,bsee_war,True
PRIDE 1501(PF),jack_up,,,,,,,,220.0,,,,,,,2.0,4/28/2006,2/22/2006,EC,,bsee_war,True
PRIDE 1501-E,jack_up,,,,,,,,,,,,,,,2.0,5/3/1999,2/23/1999,SP,,bsee_war,True
PRIDE 1501E,jack_up,,,,,,,,1001.0,,,,,,,28.0,9/8/2003,1/13/2008 12:01:00 AM,VR,,bsee_war,True
PRIDE 1502,jack_up,,,,,,,,924.0,,,,,,,69.0,9/8/2002,1/1/2000,SP,,bsee_war,True
PRIDE 1502-E,jack_up,,,,,,,,,,,,,,,4.0,5/24/1999,1/14/2002,SP,,bsee_war,True
PRIDE 1502E,jack_up,,,,,,,,,,,,,,,28.0,9/30/2006 11:59:00 PM,1/13/2008 12:01:00 AM,EI,,bsee_war,True
PRIDE 1503,jack_up,,,,,,,,5610.0,,,,,,,8.0,9/4/2004,10/10/2004 12:01:00 AM,MC,,bsee_war,True
PRIDE 151,jack_up,,,,,,,,,,,,,,,1.0,11/11/2002,10/15/2002,HI,,bsee_war,True
PRIDE 210,jack_up,,,,,,,,671.0,,,,,,,32.0,9/6/2008 11:59:00 PM,1/13/2008,MP,,bsee_war,True
PRIDE 220,jack_up,,,,,,,,,,,,,,,1.0,6/4/1998,5/18/1998,SP,,bsee_war,True
PRIDE 551,jack_up,,,,,,,,,,,,,,,1.0,8/2/2002,7/23/2002,HI,,bsee_war,True
PRIDE 650,jack_up,,,,,,,,,,,,,,,19.0,7/7/1998,1/18/2000,EI,,bsee_war,True
PRIDE 650 E,jack_up,,,,,,,,,,,,,,,3.0,8/31/2000,7/21/2000,VR,,bsee_war,True
PRIDE 650E,jack_up,,,,,,,,,,,,,,,5.0,9/7/2000,10/19/1999,SS,,bsee_war,True
PRIDE 651,jack_up,,,,,,,,1001.0,,,,,,,68.0,9/5/2003,1/1/2002,MC,,bsee_war,True
PRIDE 653,jack_up,,,,,,,,,,,,,,,12.0,7/16/2000,1/14/2002,WD,,bsee_war,True
PRIDE 751,jack_up,,,,,,,,,,,,,,,2.0,4/6/1998,2/10/1998,WC,,bsee_war,True
PRIDE 952,jack_up,,,,,,,,,,,,,,,7.0,5/4/1998,1/13/1998,EI,,bsee_war,True
PRIDE ALABAMA,jack_up,,,,,,,,,,,,,,,20.0,9/5/2000,1/2/2001,WC,,bsee_war,True
PRIDE ALASKA,jack_up,,,,,,,,105.0,,,,,,,44.0,9/9/2006 11:59:00 PM,1/1/2001,PN,,bsee_war,True
PRIDE ARIZONA,jack_up,,,,,,,,66.0,,,,,,,40.0,9/9/2006 11:59:00 PM,1/1/2006 12:01:00 AM,GI,,bsee_war,True
PRIDE ARZONA,jack_up,,,,,,,,64.0,,,,,,,1.0,9/3/2005,10/16/2005,ST,,bsee_war,True
PRIDE CALIFORNIA,jack_up,,,,,,,,,,,,,,,8.0,8/9/2003,1/13/2001,MP,,bsee_war,True
PRIDE COLORADO,jack_up,,,,,,,,52.0,,,,,,,23.0,9/9/1999,1/11/1999,SS,,bsee_war,True
PRIDE DEEP OCEAN MENDOCINO,semi_submersible,,,,,,,,,,,,,,,2.0,9/8/2012 11:59:00 PM,1/1/2012 12:01:00 AM,WR,,bsee_war,True
PRIDE FLORDA,jack_up,,,,,,,,27.0,,,,,,,1.0,9/29/2003,10/14/2003,SS,,bsee_war,True
PRIDE FLORID,jack_up,,,,,,,,,,,,,,,1.0,2/23/2003,2/10/2003,EC,,bsee_war,True
PRIDE FLORIDA,jack_up,,,,,,,,162.0,,,,,,,83.0,9/9/2006 11:59:00 PM,1/11/2005,WD,,bsee_war,True
PRIDE FLORIDA - JU,jack_up,,,,,,,,80.0,,,,,,,1.0,1/27/2003,1/21/2003,EC,,bsee_war,True
PRIDE GEORGIA,jack_up,,,,,,,,179.0,,,,,,,64.0,9/9/2006 11:59:00 PM,1/11/2009 12:01:00 AM,WC,,bsee_war,True
PRIDE GEORGIE,jack_up,,,,,,,,,,,,,,,1.0,10/29/2005,10/16/2005,HI,,bsee_war,True
PRIDE KANSAS,jack_up,,,,,,,,145.0,,,,,,,70.0,9/9/2006 11:59:00 PM,1/1/2006 12:01:00 AM,MO,,bsee_war,True
PRIDE KENTUCKY,jack_up,,,,,,,,,,,,,,,2.0,9/30/2001,10/1/2001,HI,,bsee_war,True
PRIDE LOUISIANA\,jack_up,,,,,,,,,,,,,,,1.0,9/24/2000,10/2/2000,SS,,bsee_war,True
PRIDE LOUSISANA,jack_up,,,,,,,,,,,,,,,1.0,8/5/1998,6/1/1998,WC,,bsee_war,True
PRIDE MAD DOG SPAR RIG,platform_rig,,,,,,,,,,,,,,,7.0,9/8/2007 11:59:00 PM,1/13/2008 12:01:00 AM,GC,,bsee_war,True
PRIDE MICHICAN,jack_up,,,,,,,,135.0,,,,,,,1.0,5/7/2005,3/14/2005,BA,,bsee_war,True
PRIDE MICHIGAN,jack_up,,,,,,,,229.0,,,,,,,31.0,9/9/2006 11:59:00 PM,1/1/2006 12:01:00 AM,EC,,bsee_war,True
PRIDE MISSISSIPPI,jack_up,,,,,,,,66.0,,,,,,,47.0,9/5/2000,1/1/2006 12:01:00 AM,SS,,bsee_war,True
PRIDE MISSOURI,jack_up,,,,,,,,183.0,,,,,,,92.0,9/9/2006 11:59:00 PM,1/1/2003,HI,,bsee_war,True
PRIDE NEBRASKA,jack_up,,,,,,,,,,,,,,,12.0,8/9/2002,11/26/2001,BS,,bsee_war,True
PRIDE NEBRASKA (MARINE 200),jack_up,,,,,,,,,,,,,,,1.0,12/9/2001,12/10/2001,MP,,bsee_war,True
PRIDE NEVADA,jack_up,,,,,,,,,,,,,,,3.0,9/27/2008 11:59:00 PM,10/12/2008 12:01:00 AM,SM,,bsee_war,True
PRIDE NEVEDA,jack_up,,,,,,,,,,,,,,,7.0,9/6/2008 11:59:00 PM,5/11/2008 12:01:00 AM,SM,,bsee_war,True
PRIDE NORTH DAKOTA,jack_up,,,,,,,,,,,,,,,3.0,7/7/2002,11/19/2001,ST,,bsee_war,True
PRIDE NORTH DOKOTA,jack_up,,,,,,,,,,,,,,,1.0,4/7/2002,1/14/2002,ST,,bsee_war,True
PRIDE OF ARKANSAS,jack_up,,,,,,,,,,,,,,,1.0,12/5/1997,11/1/1997,WC,,bsee_war,True
PRIDE OF MISSISSIPPI,jack_up,,,,,,,,107.0,,,,,,,1.0,4/2/2005,2/27/2005,EC,,bsee_war,True
PRIDE OF MISSOURI,jack_up,,,,,,,,49.0,,,,,,,1.0,6/4/2005,3/27/2005,WC,,bsee_war,True
PRIDE OFFSHORE #1004,jack_up,,,,,,,,,,,,,,,7.0,2/26/1999,1/16/1999,EB,,bsee_war,True
PRIDE OFFSHORE 1501,jack_up,,,,,,,,,,,,,,,1.0,9/5/1999,8/16/1999,EB,,bsee_war,True
PRIDE OFFSHORE 1003-E,jack_up,,,,,,,,,,,,,,,1.0,3/9/1999,1/20/1999,MP,,bsee_war,True
PRIDE OFFSHORE 1003E,jack_up,,,,,,,,,,,,,,,2.0,5/4/1999,3/10/1999,MP,,bsee_war,True
PRIDE OFFSHORE 650,jack_up,,,,,,,,,,,,,,,1.0,6/11/2001,5/29/2001,EB,,bsee_war,True
"PRIDE OFFSHORE, MISSISSIPPI",jack_up,,,,,,,,,,,,,,,1.0,2/5/2001,1/2/2001,VR,,bsee_war,True
PRIDE RIG 210,jack_up,,,,,,,,,,,,,,,2.0,5/3/2001,3/19/2001,WC,,bsee_war,True
PRIDE RIG 1004,jack_up,,,,,,,,924.0,,,,,,,3.0,9/28/2003,4/11/1998,EB,,bsee_war,True
PRIDE RIG 1004E,jack_up,,,,,,,,,,,,,,,3.0,9/30/2002,5/11/2002,EB,,bsee_war,True
PRIDE RIG 1501-E,jack_up,,,,,,,,,,,,,,,1.0,6/7/1999,5/11/1999,SP,,bsee_war,True
PRIDE RIG 1501E,jack_up,,,,,,,,,,,,,,,2.0,5/7/2000,4/17/2000,MP,,bsee_war,True
PRIDE RIG 750,jack_up,,,,,,,,,,,,,,,1.0,8/5/1998,6/18/1998,MP,,bsee_war,True
PRIDE RIG 951,jack_up,,,,,,,,,,,,,,,7.0,6/7/2000,1/1/1999,MP,,bsee_war,True
PRIDE SOUTH CAROLINA,jack_up,,,,,,,,,,,,,,,7.0,2/4/2002,1/1/2002,SS,,bsee_war,True
PRIDE TENNESSE,jack_up,,,,,,,,,,,,,,,1.0,2/3/2002,1/28/2002,VR,,bsee_war,True
PRIDE TENNESSEE,jack_up,,,,,,,,26.0,,,,,,,18.0,9/4/2004,1/22/2005,VR,,bsee_war,True
PRIDE TEXAS,jack_up,,,,,,,,285.0,,,,,,,32.0,9/4/2001,1/1/2001,ST,,bsee_war,True
PRIDE UTAH,jack_up,,,,,,,,50.0,,,,,,,19.0,9/9/2006 11:59:00 PM,1/26/2007,SS,,bsee_war,True
PRIDE VIKING,jack_up,,,,,,,,,,,,,,,2.0,8/5/2001,7/16/2001,ST,,bsee_war,True
PRIDE WEST VIRGINIA,jack_up,,,,,,,,,,,,,,,2.0,7/3/2002,2/19/2002,WC,,bsee_war,True
PRIDE WISCONSIN,jack_up,,,,,,,,,,,,,,,4.0,6/9/2002,1/28/2002,EI,,bsee_war,True
PRIDE WISCONSIN (MARINE 304),jack_up,,,,,,,,,,,,,,,1.0,2/3/2002,1/14/2002,SS,,bsee_war,True
PRIDE WYOMING,jack_up,,,,,,,,72.0,,,,,,,67.0,9/9/2006 11:59:00 PM,1/1/1998,ST,,bsee_war,True
PRIDGE FLORIDA,jack_up,,,,,,,,85.0,,,,,,,1.0,7/31/2004,7/26/2004,SM,,bsee_war,True
PRIODE FLORIDA (JU),jack_up,,,,,,,,105.0,,,,,,,1.0,4/8/2006,3/28/2006,EI,,bsee_war,True
PRODE 1003,jack_up,,,,,,,,,,,,,,,1.0,11/6/2000,10/24/2000,SM,,bsee_war,True
PULLING UNIT,workover_rig,,,,,,,,,,,,,,,1.0,6/4/2000,6/1/2000,WD,,bsee_war,True
PUMPING BOAT,pumping_unit,,,,,,,,46.0,,,,,,,2.0,9/8/2003,10/26/2003,WD,,bsee_war,True
PUMPING EQUIPMENT,pumping_unit,,,,,,,,,,,,,,,1.0,11/4/2002,10/28/2002,ST,,bsee_war,True
PUMPING OPERATION FROM A BOAT,pumping_unit,,,,,,,,115.0,,,,,,,1.0,12/16/2003,12/13/2003,VR,,bsee_war,True
Q-4000,support_vessel,,,,,,,,1524.0,,,,,,,1.0,5/1/2004,4/18/2004,MC,,bsee_war,True
Q4000,semi_submersible,,,,,,,,3839.0,,,,,,,9.0,7/9/2005,1/12/2004,GC,,bsee_war,True
R E THIBODEAUX (LIFT BOAT),lift_boat,,,,,,,,,,,,,,,1.0,4/4/1999,3/22/1999,HI,,bsee_war,True
R.H. GALLOWAY,jack_up,,,,,,,,,,,,,,,1.0,12/28/1997,11/10/1997,VR,,bsee_war,True
R&B FALCON 254,jack_up,,,,,,,,,,,,,,,1.0,9/24/2000,10/16/2000,BA,,bsee_war,True
R&B 252,jack_up,,,,,,,,,,,,,,,4.0,9/9/2001,10/1/2001,WC,,bsee_war,True
R&B 153,jack_up,,,,,,,,,,,,,,,1.0,11/6/2000,10/10/2000,SX,,bsee_war,True
R&B 253,jack_up,,,,,,,,,,,,,,,2.0,12/18/2000,10/24/2000,EI,,bsee_war,True
"R&B C. KIRK RHEIN, JR.",jack_up,,,,,,,,,,,,,,,1.0,9/7/1999,8/10/1999,EB,,bsee_war,True
R&B F. G. MCCLINTOCK,jack_up,,,,,,,,,,,,,,,1.0,2/9/2001,1/13/2001,VR,,bsee_war,True
R&B FALCO 152,jack_up,,,,,,,,,,,,,,,1.0,6/30/2002,2/26/2001,HI,,bsee_war,True
R&B FALCOM 250,jack_up,,,,,,,,,,,,,,,1.0,6/3/2001,5/21/2001,WC,,bsee_war,True
R.B. FALCON,jack_up,,,,,,,,,,,,,,,1.0,9/20/1998,5/29/2005,WC,,bsee_war,True
R&B FALCON 205,jack_up,,,,,,,,,,,,,,,6.0,8/3/2000,1/12/2001,PL,,bsee_war,True
R&B FALCON 100,jack_up,,,,,,,,,,,,,,,2.0,7/1/2001,3/11/2001,GC,,bsee_war,True
R&B FALCON 155,jack_up,,,,,,,,,,,,,,,1.0,5/6/2001,3/25/2001,SS,,bsee_war,True
R&B FALCON 156,jack_up,,,,,,,,,,,,,,,4.0,6/3/2001,1/1/2001,VR,,bsee_war,True
R&B FALCON 191,jack_up,,,,,,,,,,,,,,,2.0,2/25/2001,1/1/2001,EC,,bsee_war,True
R&B FALCON 200,jack_up,,,,,,,,,,,,,,,9.0,9/29/2002,1/21/2002,ST,,bsee_war,True
R&B FALCON 203,jack_up,,,,,,,,114.0,,,,,,,1.0,6/2/2003,5/10/2003,SS,,bsee_war,True
R&B FALCON 204,jack_up,,,,,,,,,,,,,,,2.0,5/3/2001,1/15/2003,WC,,bsee_war,True
R&B FALCON 206,jack_up,,,,,,,,,,,,,,,7.0,9/5/2000,1/1/2001,ST,,bsee_war,True
R&B FALCON 207,jack_up,,,,,,,,,,,,,,,4.0,8/5/2001,12/16/2002,MP,,bsee_war,True
R&B FALCON 250,jack_up,,,,,,,,39.0,,,,,,,3.0,8/3/2003,12/16/2002,WC,,bsee_war,True
R&B FALCON 251,jack_up,,,,,,,,,,,,,,,1.0,12/8/2000,12/2/2000,MP,,bsee_war,True
R&B FALCON 252,jack_up,,,,,,,,,,,,,,,1.0,8/29/2000,8/14/2000,SS,,bsee_war,True
R&B FALCON 253,jack_up,,,,,,,,114.0,,,,,,,3.0,9/24/2001,11/14/2000,EI,,bsee_war,True
R&B FALCON 75,jack_up,,,,,,,,34.0,,,,,,,3.0,9/9/2003,1/1/2001,EI,,bsee_war,True
R&B FALCON 78,jack_up,,,,,,,,,,,,,,,2.0,4/8/2001,4/16/2001,ST,,bsee_war,True
R&B FALCON DEEPWATER NAUTILUS,drillship,,,,,,,,3151.0,,,,,,,4.0,7/31/2004,1/13/2004,LL,,bsee_war,True
R&B FALCON RIG 18,jack_up,,,,,,,,,,,,,,,1.0,12/1/2000,10/21/2000,MP,,bsee_war,True
R&B FALCON SEAHAWK,jack_up,,,,,,,,,,,,,,,1.0,8/6/2000,7/24/2000,BA,,bsee_war,True
R&B FLACON 206,jack_up,,,,,,,,,,,,,,,2.0,7/30/2001,1/2/2001,ST,,bsee_war,True
R&B GEORGE GALLOWAY,jack_up,,,,,,,,,,,,,,,1.0,9/3/2000,7/12/2000,ST,,bsee_war,True
R&B MILLENNIUM,drillship,,,,,,,,,,,,,,,1.0,1/9/2000,1/15/2000,MC,,bsee_war,True
R7B FALCON 156,jack_up,,,,,,,,,,,,,,,1.0,5/6/2001,4/22/2001,VR,,bsee_war,True
R7B GALLOWAY,jack_up,,,,,,,,,,,,,,,1.0,6/8/2001,5/18/2001,WC,,bsee_war,True
RAID LN/CTU/EL/SL,wireline_unit,,,,,,,,56.0,,,,,,,1.0,12/19/2003,10/18/2003,WD,,bsee_war,True
RAM POWELL TLP H&P RIG 202,platform_rig,,,,,,,,,,,,,,,2.0,3/2/1999,1/27/1999,VK,,bsee_war,True
RAM X,lift_boat,,,,,,,,,,,,,,,2.0,1/15/2002,1/10/2002,VR,,bsee_war,True
RAM XIV,lift_boat,,,,,,,,14.0,,,,,,,1.0,2/25/2004,2/23/2004,SS,,bsee_war,True
RANGER,jack_up,,,,,,,,,,,,,,,1.0,3/2/1998,2/23/1998,SS,,bsee_war,True
RANGER 5,jack_up,,,,,,,,,,,,,,,6.0,7/7/2002,1/16/2001,SS,,bsee_war,True
RANGER IV,jack_up,,,,,,,,,,,,,,,1.0,12/7/2002,12/1/2002,VR,,bsee_war,True
RANGER VI,jack_up,,,,,,,,,,,,,,,4.0,9/8/2002,2/13/1999,HI,,bsee_war,True
RANGER VII,jack_up,,,,,,,,,,,,,,,3.0,9/9/1998,10/1/1998,SS,,bsee_war,True
RANSOCEAN RICHARDSON,semi_submersible,,,,,,,,,,,,,,,1.0,9/27/2002,10/12/2002,GB,,bsee_war,True
RB FALCON 205,jack_up,,,,,,,,,,,,,,,3.0,8/17/2000,10/13/2000,EI,,bsee_war,True
RB FALCON 156,jack_up,,,,,,,,,,,,,,,3.0,9/3/2000,10/8/2001,EC,,bsee_war,True
RB FALCON 200,jack_up,,,,,,,,,,,,,,,1.0,9/8/2002,6/17/2002,MP,,bsee_war,True
RB FALCON 202,jack_up,,,,,,,,,,,,,,,2.0,2/7/2001,1/22/2001,SS,,bsee_war,True
RB FALCON 204,jack_up,,,,,,,,,,,,,,,5.0,9/9/2001,1/27/2002,EC,,bsee_war,True
RB FALCON 207,jack_up,,,,,,,,37.0,,,,,,,1.0,12/31/2005,1/13/2003,MP,,bsee_war,True
RB FALCON 250,jack_up,,,,,,,,,,,,,,,2.0,5/6/2001,4/16/2001,WC,,bsee_war,True
RB FALCON 253,jack_up,,,,,,,,35.0,,,,,,,4.0,8/3/2003,1/14/2001,HI,,bsee_war,True
RB FALCON 86,jack_up,,,,,,,,,,,,,,,1.0,12/29/1999,12/11/1999,WC,,bsee_war,True
RBF 155,jack_up,,,,,,,,,,,,,,,5.0,8/5/2001,1/12/2001,WC,,bsee_war,True
RBF 75,jack_up,,,,,,,,62.0,,,,,,,9.0,9/8/2002,1/12/2002,EI,,bsee_war,True
RBF 150,jack_up,,,,,,,,38.0,,,,,,,17.0,9/28/2003,1/12/2004,PL,,bsee_war,True
RBF 152,jack_up,,,,,,,,102.0,,,,,,,12.0,9/7/2003,1/13/2003,ST,,bsee_war,True
RBF 153,jack_up,,,,,,,,,,,,,,,7.0,7/22/2001,1/1/2001,WC,,bsee_war,True
RBF 156,jack_up,,,,,,,,140.0,,,,,,,10.0,9/4/2003,1/13/2003,VR,,bsee_war,True
RBF 191,jack_up,,,,,,,,,,,,,,,2.0,5/6/2001,3/12/2001,EC,,bsee_war,True
RBF 200,jack_up,,,,,,,,170.0,,,,,,,16.0,9/9/2001,1/25/2004,MP,,bsee_war,True
RBF 201,jack_up,,,,,,,,145.0,,,,,,,12.0,7/3/2004,1/1/2001,PN,,bsee_war,True
RBF 202,jack_up,,,,,,,,145.0,,,,,,,12.0,9/8/2002,1/1/2003,WD,,bsee_war,True
RBF-203,jack_up,,,,,,,,46.0,,,,,,,1.0,9/28/2003,10/7/2003,SS,,bsee_war,True
RBF 204,jack_up,,,,,,,,154.0,,,,,,,9.0,8/4/2002,1/1/2001,HI,,bsee_war,True
RBF 205,jack_up,,,,,,,,151.0,,,,,,,23.0,9/8/2002,1/12/2002,VR,,bsee_war,True
RBF 206,jack_up,,,,,,,,63.0,,,,,,,10.0,9/3/2002,1/13/2003,VR,,bsee_war,True
RBF 207,jack_up,,,,,,,,90.0,,,,,,,10.0,9/7/2003,1/12/2004,EC,,bsee_war,True
RBF 250,jack_up,,,,,,,,240.0,,,,,,,17.0,9/9/2001,1/1/2001,WC,,bsee_war,True
RBF 251,jack_up,,,,,,,,240.0,,,,,,,19.0,9/7/2003,1/18/2004,MP,,bsee_war,True
RBF 252,jack_up,,,,,,,,,,,,,,,1.0,4/4/2001,2/12/2001,GI,,bsee_war,True
RBF 253,jack_up,,,,,,,,225.0,,,,,,,17.0,9/6/2002,1/22/2001,WC,,bsee_war,True
RBF 254,jack_up,,,,,,,,,,,,,,,4.0,8/5/2001,1/1/2001,MI,,bsee_war,True
RBF MCCLINTOCK,jack_up,,,,,,,,,,,,,,,1.0,4/9/2001,3/10/2001,EC,,bsee_war,True
RBFF 75,jack_up,,,,,,,,,,,,,,,1.0,7/27/2001,7/21/2001,WC,,bsee_war,True
RBR 152,jack_up,,,,,,,,103.0,,,,,,,1.0,2/22/2004,10/27/2003,VR,,bsee_war,True
RBR 207,jack_up,,,,,,,,56.0,,,,,,,1.0,12/7/2003,12/1/2003,MP,,bsee_war,True
REB 250,jack_up,,,,,,,,,,,,,,,1.0,10/19/2003,10/13/2003,EI,,bsee_war,True
REEPORT RIG 1,jack_up,,,,,,,,,,,,,,,1.0,1/31/2001,1/13/2000,MP,,bsee_war,True
REMINGTON OIL & GAS CORP,unknown,,,,,,,,,,,,,,,1.0,5/5/2002,4/1/2002,EI,,bsee_war,True
RENE DANOS,lift_boat,,,,,,,,,,,,,,,2.0,7/9/1999,6/28/1999,ST,,bsee_war,True
RIAN RICHE,jack_up,,,,,,,,,,,,,,,1.0,9/10/2001,9/4/2001,HI,,bsee_war,True
RICHARDSON,jack_up,,,,,,,,,,,,,,,1.0,12/4/1999,11/22/1999,VK,,bsee_war,True
RICHMOND,jack_up,,,,,,,,43.0,,,,,,,2.0,8/4/2002,1/10/2004,WC,,bsee_war,True
RICHMOND #8,jack_up,,,,,,,,,,,,,,,2.0,9/30/2002,10/7/2002,EI,,bsee_war,True
RICHMOND RIG 8,jack_up,,,,,,,,,,,,,,,2.0,9/8/2002,8/19/2002,EI,,bsee_war,True
RIG PRIDE 650,jack_up,,,,,,,,,,,,,,,1.0,10/9/2000,10/10/2000,HI,,bsee_war,True
RIGLESS,unknown,,,,,,,,442.0,,,,,,,13.0,9/4/2004,1/20/2004,WC,,bsee_war,True
RIGLESS CRANE,unknown,,,,,,,,375.0,,,,,,,1.0,7/3/2004,6/27/2004,SS,,bsee_war,True
RIGLESS - ELECTRIC LIE,wireline_unit,,,,,,,,91.0,,,,,,,1.0,4/8/2006,4/2/2006,SM,,bsee_war,True
RIGLESS P&A UNIT,unknown,,,,,,,,281.0,,,,,,,17.0,9/27/2003,10/5/2003,VR,,bsee_war,True
RIGLESS P&A,unknown,,,,,,,,,,,,,,,2.0,4/3/2000,3/28/2000,MP,,bsee_war,True
RIGLESS PA UNIT,unknown,,,,,,,,160.0,,,,,,,31.0,5/9/2003,2/15/2003,SP,,bsee_war,True
ROGER FOWLER,jack_up,,,,,,,,,,,,,,,1.0,10/30/2000,10/10/2000,GA,,bsee_war,True
ROWAAN FORT WORTH,jack_up,,,,,,,,,,,,,,,1.0,3/4/2001,1/22/2001,WC,,bsee_war,True
ROWAM BOB PALMER,jack_up,,,,,,,,374.0,,,,,,,1.0,8/7/2004,7/18/2004,EC,,bsee_war,True
ROWAM ODESSA,jack_up,,,,,,,,80.0,,,,,,,1.0,3/20/2004,2/16/2004,VR,,bsee_war,True
ROWAN GORILLA III,jack_up,,,,,,,,316.0,,,,,,,43.0,9/6/2008 11:59:00 PM,1/1/2006 12:01:00 AM,ST,,bsee_war,True
ROWAN MIDLAND,jack_up,,,,,,,,1144.0,,,,,,,49.0,9/8/2002,1/10/2000,HI,,bsee_war,True
ROWAN-ALASKA,jack_up,,,,,,,,,,,,,,,1.0,5/6/2001,3/25/2001,SS,,bsee_war,True
ROWAN ANCHORAGE,jack_up,,,,,,,,177.0,,,,,,,78.0,9/9/2006 11:59:00 PM,1/1/2006 12:01:00 AM,EC,,bsee_war,True
ROWAN ANCHORAGE -  JU,jack_up,,,,,,,,,,,,,,,1.0,3/3/2003,1/14/2003,SS,,bsee_war,True
ROWAN ANCHORANCE,jack_up,,,,,,,,,,,,,,,1.0,7/8/2002,10/16/2001,EI,,bsee_war,True
ROWAN ARCH 37,jack_up,,,,,,,,227.0,,,,,,,4.0,5/8/2004,3/14/2004,SM,,bsee_war,True
ROWAN ARCH ROWAN,jack_up,,,,,,,,240.0,,,,,,,10.0,9/3/2005 11:59:00 PM,1/16/2005,EI,,bsee_war,True
ROWAN BOB KELLER,jack_up,,,,,,,,,,,,,,,12.0,9/9/2006 11:59:00 PM,1/1/2006 12:01:00 AM,SX,,bsee_war,True
ROWAN BOB PALMER,jack_up,,,,,,,,295.0,,,,,,,2.0,7/3/2004,5/30/2004,WD,,bsee_war,True
ROWAN BOB PALMER (GORILLA RIG),jack_up,,,,,,,,234.0,,,,,,,23.0,9/9/2006 11:59:00 PM,1/1/2006 12:01:00 AM,PN,,bsee_war,True
ROWAN CAALIFORNIA,jack_up,,,,,,,,,,,,,,,1.0,11/6/2000,10/24/2000,EC,,bsee_war,True
ROWAN CALIFORNA,jack_up,,,,,,,,60.0,,,,,,,1.0,3/8/2004,2/17/2004,ST,,bsee_war,True
ROWAN CALIFORNAI,jack_up,,,,,,,,189.0,,,,,,,1.0,11/20/2004,11/14/2004,SM,,bsee_war,True
ROWAN CALIFORNIA,jack_up,,,,,,,,189.0,,,,,,,57.0,9/4/2004,1/1/2005,WC,,bsee_war,True
ROWAN CALIFORNIA/SLICKLINE/ELE,wireline_unit,,,,,,,,104.0,,,,,,,1.0,12/8/2003,12/2/2003,ST,,bsee_war,True
ROWAN CECIL PROVINE,jack_up,,,,,,,,234.0,,,,,,,138.0,9/8/2007 11:59:00 PM,1/1/2006 12:01:00 AM,SM,,bsee_war,True
ROWAN CHARLES,jack_up,,,,,,,,147.0,,,,,,,1.0,3/5/2005,2/20/2005,MP,,bsee_war,True
ROWAN CHARLES ROWAN,jack_up,,,,,,,,63.0,,,,,,,8.0,9/8/2003,1/16/2005,SS,,bsee_war,True
ROWAN DRILLING ODESSA,jack_up,,,,,,,,,,,,,,,1.0,12/31/1997,1/1/1998,SS,,bsee_war,True
ROWAN EXL I,jack_up,,,,,,,,,,,,,,,4.0,9/4/2010 11:59:00 PM,1/1/2012 12:01:00 AM,EI,,bsee_war,True
ROWAN EXL III,jack_up,,,,,,,,,,,,,,,58.0,9/9/2017 11:59:00 PM,1/1/2012 12:01:00 AM,SM,,bsee_war,True
ROWAN EXL IV,jack_up,,,,,,,,,,,,,,,5.0,12/31/2011 11:59:00 PM,1/1/2012 12:01:00 AM,MP,,bsee_war,True
ROWAN FORT WORTH,jack_up,,,,,,,,232.0,,,,,,,22.0,9/7/2000,1/11/2000,EC,,bsee_war,True
ROWAN FORTH WORTH,jack_up,,,,,,,,225.0,,,,,,,1.0,7/3/2004,6/12/2005,SM,,bsee_war,True
ROWAN-FT WORTH,jack_up,,,,,,,,,,,,,,,1.0,2/2/1998,1/13/1998,EC,,bsee_war,True
ROWAN GILBERT ROWE,jack_up,,,,,,,,277.0,,,,,,,15.0,9/24/2005 11:59:00 PM,1/1/2006 12:01:00 AM,MP,,bsee_war,True
ROWAN GILBERT ROWEQ48,jack_up,,,,,,,,48.0,,,,,,,1.0,5/8/2004,5/2/2004,MP,,bsee_war,True
ROWAN GORILLA,jack_up,,,,,,,,,,,,,,,1.0,1/6/2003,1/5/2003,GI,,bsee_war,True
ROWAN GORILLA 2,jack_up,,,,,,,,,,,,,,,1.0,12/18/2000,12/12/2000,ST,,bsee_war,True
ROWAN GORILLA II,jack_up,,,,,,,,414.0,,,,,,,80.0,9/9/2006 11:59:00 PM,1/1/2006,HI,,bsee_war,True
ROWAN GORILLA IV,jack_up,,,,,,,,402.0,,,,,,,91.0,9/9/2017 11:59:00 PM,1/1/2017 12:01:00 AM,SM,,bsee_war,True
ROWAN GORILLA VI,jack_up,,,,,,,,400.0,,,,,,,37.0,9/9/2002,1/12/2004,GI,,bsee_war,True
ROWAN GORILLAII,jack_up,,,,,,,,,,,,,,,1.0,12/5/2000,10/17/2000,ST,,bsee_war,True
ROWAN GORRILA III,jack_up,,,,,,,,47.0,,,,,,,3.0,8/7/2004,5/16/2004,WC,,bsee_war,True
ROWAN GORRILLA 111,jack_up,,,,,,,,128.0,,,,,,,1.0,9/7/2003,6/30/2003,SS,,bsee_war,True
ROWAN GORRILLA II,jack_up,,,,,,,,,,,,,,,1.0,5/7/2001,3/20/2001,MP,,bsee_war,True
ROWAN GORRILLA VI,jack_up,,,,,,,,,,,,,,,1.0,4/8/2002,1/29/2002,SS,,bsee_war,True
ROWAN HALFIAX,jack_up,,,,,,,,42.0,,,,,,,1.0,10/9/2004,10/3/2004,EC,,bsee_war,True
ROWAN HALIFAX,jack_up,,,,,,,,308.0,,,,,,,64.0,9/8/2003,1/11/2004,WC,,bsee_war,True
ROWAN HANK BOSWELL,jack_up,,,,,,,,,,,,,,,1.0,12/9/2006 11:59:00 PM,11/19/2006,VR,,bsee_war,True
ROWAN HOUSTON,jack_up,,,,,,,,,,,,,,,33.0,9/9/2002,1/14/2002,HI,,bsee_war,True
ROWAN JOE DOUGLAS,jack_up,,,,,,,,,,,,,,,16.0,9/8/2012 11:59:00 PM,1/11/2015 12:01:00 AM,HI,,bsee_war,True
ROWAN JP BUSSELL,jack_up,,,,,,,,,,,,,,,5.0,8/8/2009 11:59:00 PM,1/11/2009 12:01:00 AM,SS,,bsee_war,True
ROWAN JUNEAU,jack_up,,,,,,,,185.0,,,,,,,62.0,9/9/2006 11:59:00 PM,1/1/2006 12:01:00 AM,VR,,bsee_war,True
ROWAN LOUISIANA,jack_up,,,,,,,,305.0,,,,,,,115.0,9/8/2012 11:59:00 PM,1/1/2001,HI,,bsee_war,True
ROWAN LOUISIANA/ WIRELINE UNIT,wireline_unit,,,,,,,,38.0,,,,,,,1.0,8/7/2004,7/11/2004,WC,,bsee_war,True
ROWAN LOUISIANNA,jack_up,,,,,,,,,,,,,,,1.0,6/9/2002,5/20/2002,HI,,bsee_war,True
ROWAN LOUISINA,jack_up,,,,,,,,40.0,,,,,,,1.0,3/6/2004,2/10/2004,SM,,bsee_war,True
ROWAN LOUSIANA,jack_up,,,,,,,,,,,,,,,1.0,8/18/1998,10/20/1998,HI,,bsee_war,True
ROWAN MIDDLEOWN,jack_up,,,,,,,,,,,,,,,1.0,3/17/2003,3/15/2003,SM,,bsee_war,True
ROWAN MIDDLETON,jack_up,,,,,,,,270.0,,,,,,,20.0,9/6/2000,1/14/2001,EI,,bsee_war,True
ROWAN MIDDLETOW,jack_up,,,,,,,,,,,,,,,2.0,2/9/1998,1/12/1998,EI,,bsee_war,True
ROWAN MIDDLETOWN,jack_up,,,,,,,,275.0,,,,,,,40.0,9/8/2003,1/12/2004,MP,,bsee_war,True
ROWAN MIDDLETOWN/CTU,coil_tubing_unit,,,,,,,,32.0,,,,,,,1.0,8/3/2003,7/14/2003,WC,,bsee_war,True
ROWAN MIDLAN,jack_up,,,,,,,,,,,,,,,1.0,12/4/2000,1/23/2001,HI,,bsee_war,True
ROWAN MIDLAND(SS),jack_up,,,,,,,,523.0,,,,,,,1.0,6/4/2005,5/15/2005,EW,,bsee_war,True
ROWAN MIDLETON,jack_up,,,,,,,,,,,,,,,1.0,11/3/1997,10/26/1997,EI,,bsee_war,True
ROWAN MISSISSIPPI,jack_up,,,,,,,,,,,,,,,5.0,9/5/2009 11:59:00 PM,1/10/2010 12:01:00 AM,SM,,bsee_war,True
"ROWAN NEW ORLEANS,",jack_up,,,,,,,,208.0,,,,,,,1.0,6/22/2003,4/28/2003,EC,,bsee_war,True
ROWAN NEW ORLEANS/SL/E-LINE,wireline_unit,,,,,,,,32.0,,,,,,,1.0,1/29/2005,1/16/2005,WC,,bsee_war,True
ROWAN ODESSA\,jack_up,,,,,,,,,,,,,,,1.0,1/8/2001,1/16/2001,SS,,bsee_war,True
ROWAN ODESSA JU,jack_up,,,,,,,,308.0,,,,,,,1.0,8/4/2003,7/15/2003,SS,,bsee_war,True
ROWAN ODESSA/CTU,coil_tubing_unit,,,,,,,,81.0,,,,,,,1.0,9/3/2005,7/31/2005,SM,,bsee_war,True
ROWAN ODESSAROWAN GORILLA IV,jack_up,,,,,,,,,,,,,,,1.0,4/11/2003,4/8/2003,EI,,bsee_war,True
ROWAN PARIS,jack_up,,,,,,,,276.0,,,,,,,87.0,9/9/2005 11:59:00 PM,1/1/2001,HI,,bsee_war,True
ROWAN PRICE,jack_up,,,,,,,,,,,,,,,2.0,6/3/2000,4/30/2000,WC,,bsee_war,True
ROWAN RALPH COFFMAN,jack_up,,,,,,,,,,,,,,,13.0,9/8/2018 11:59:00 PM,1/1/2012 12:01:00 AM,SS,,bsee_war,True
ROWAN RELENTLESS,jack_up,,,,,,,,,,,,,,,9.0,9/8/2015 11:59:00 PM,1/13/2019,KC,,bsee_war,True
ROWAN RELIANCE,jack_up,,,,,,,,,,,,,,,12.0,9/5/2015 11:59:00 PM,1/1/2017 12:01:00 AM,GB,,bsee_war,True
ROWAN RENAISSANCE,jack_up,,,,,,,,,,,,,,,5.0,9/5/2015 11:59:00 PM,1/10/2016 12:01:00 AM,KC,,bsee_war,True
ROWAN RESOLUTE,jack_up,,,,,,,,,,,,,,,30.0,9/9/2017,1/1/2017 12:01:00 AM,GC,,bsee_war,True
ROWAN ROWAN,jack_up,,,,,,,,42.0,,,,,,,1.0,9/18/2004,9/12/2004,EC,,bsee_war,True
ROWAN SCOOTER YEARGAIN,jack_up,,,,,,,,77.0,,,,,,,13.0,9/9/2006 11:59:00 PM,1/1/2006 12:01:00 AM,EI,,bsee_war,True
ROWAN TEXAS,jack_up,,,,,,,,130.0,,,,,,,63.0,9/9/2001,1/1/1998,HI,,bsee_war,True
ROWAN TEXASS,jack_up,,,,,,,,199.0,,,,,,,1.0,10/23/2004,10/10/2004,SM,,bsee_war,True
ROWANTEXAS,jack_up,,,,,,,,199.0,,,,,,,1.0,11/6/2004,10/17/2004,SM,,bsee_war,True
ROWEN GORILLA IV,jack_up,,,,,,,,375.0,,,,,,,1.0,7/14/2003,7/12/2003,SS,,bsee_war,True
ROWN ALASKA,jack_up,,,,,,,,216.0,,,,,,,1.0,9/24/2005,10/2/2005,SM,,bsee_war,True
ROWN ANCHORAGE,jack_up,,,,,,,,121.0,,,,,,,1.0,9/24/2001,10/31/2001,EI,,bsee_war,True
ROWNA GORILLA VI,jack_up,,,,,,,,57.0,,,,,,,1.0,8/7/2004,7/31/2004,HI,,bsee_war,True
S/L,wireline_unit,,,,,,,,81.0,,,,,,,11.0,7/24/2004,11/24/2003,EC,,bsee_war,True
S/L AND W/L,wireline_unit,,,,,,,,35.0,,,,,,,1.0,6/27/2004,4/11/2004,MP,,bsee_war,True
S/L W/L COIL TUBING,wireline_unit,,,,,,,,39.0,,,,,,,1.0,4/3/2004,3/28/2004,MP,,bsee_war,True
SAIPEM SANTORINI,semi_submersible,,,,,,,,,,,,,,,9.0,9/3/2022 11:59:00 PM,1/1/2023 12:01:00 AM,MC,,bsee_war,True
SAM NOBLE,jack_up,,,,,,,,,,,,,,,12.0,9/8/2002,1/12/2001,MU,,bsee_war,True
SANTA FE HIGH ISLAND II,jack_up,,,,,,,,,,,,,,,1.0,9/20/2002,9/14/2002,EI,,bsee_war,True
SANTA FE RIG 140,jack_up,,,,,,,,,,,,,,,1.0,3/8/1998,1/12/1998,GB,,bsee_war,True
SCHLUMBERGER COIL TUBING,coil_tubing_unit,,,,,,,,2590.0,,,,,,,2.0,2/1/2004,1/12/2004,GC,,bsee_war,True
SCHLUMBERGER WIRELINE,wireline_unit,,,,,,,,94.0,,,,,,,1.0,11/8/2003,1/13/2002,SS,,bsee_war,True
SCOOTER YEARGAIN,lift_boat,,,,,,,,225.0,,,,,,,1.0,12/25/2004,1/16/2005,VR,,bsee_war,True
SD III,jack_up,,,,,,,,275.0,,,,,,,1.0,12/5/2003,11/15/2003,HI,,bsee_war,True
SD IV,jack_up,,,,,,,,150.0,,,,,,,1.0,12/5/2003,11/20/2003,GI,,bsee_war,True
SEA BASS,lift_boat,,,,,,,,,,,,,,,1.0,5/30/2001,5/26/2001,WC,,bsee_war,True
SEADRILL SEVAN LOUISIANA,drillship,,,,,,,,,,,,,,,67.0,9/9/2023 11:59:00 PM,1/1/2017,GC,,bsee_war,True
SEADRILL WEST AURIGA,semi_submersible,,,,,,,,,,,,,,,40.0,9/9/2017 11:59:00 PM,1/1/2017 12:01:00 AM,GC,,bsee_war,True
SEADRILL WEST CAPRICORN,semi_submersible,,,,,,,,,,,,,,,29.0,9/8/2018 11:59:00 PM,1/10/2016,MC,,bsee_war,True
SEADRILL WEST NEPTUNE,drillship,,,,,,,,,,,,,,,87.0,9/9/2023 11:59:00 PM,1/1/2017 12:01:00 AM,KC,,bsee_war,True
SEADRILL WEST SIRIUS,semi_submersible,,,,,,,,,,,,,,,17.0,9/8/2012 11:59:00 PM,1/1/2012 12:01:00 AM,GC,,bsee_war,True
Seadrill West Vela,semi_submersible,,,,,,,,,,,,,,,7.0,9/6/2025 11:59:00 PM,1/1/2026,GC,,bsee_war,True
SEAHAWK 2001,jack_up,,,,,,,,,,,,,,,7.0,9/4/2010 11:59:00 PM,10/10/2010 12:01:00 AM,HI,,bsee_war,True
SEAHAWK 2004,jack_up,,,,,,,,,,,,,,,7.0,9/4/2010 11:59:00 PM,1/16/2011 12:01:00 AM,SS,,bsee_war,True
SEAHAWK 2006,jack_up,,,,,,,,,,,,,,,1.0,7/18/2009 11:59:00 PM,7/17/2009,VR,,bsee_war,True
SEAHAWK 2007,jack_up,,,,,,,,,,,,,,,21.0,9/4/2010 11:59:00 PM,1/10/2010 12:01:00 AM,EI,,bsee_war,True
SEAHAWK 2500,jack_up,,,,,,,,,,,,,,,1.0,6/5/2010 11:59:00 PM,4/27/2010,SS,,bsee_war,True
SEAHAWK 2504,jack_up,,,,,,,,,,,,,,,3.0,5/8/2010 11:59:00 PM,1/19/2010,EI,,bsee_war,True
SEAHAWK 2600,jack_up,,,,,,,,,,,,,,,21.0,9/5/2009 11:59:00 PM,1/10/2010 12:01:00 AM,SM,,bsee_war,True
SEAHAWK 2601,jack_up,,,,,,,,,,,,,,,24.0,9/5/2009 11:59:00 PM,1/10/2010 12:01:00 AM,VR,,bsee_war,True
SEAHAWK 2602,jack_up,,,,,,,,,,,,,,,31.0,9/4/2010 11:59:00 PM,1/10/2010,ST,,bsee_war,True
SEAHAWK 3000,jack_up,,,,,,,,,,,,,,,8.0,7/17/2010 11:59:00 PM,1/16/2011 12:01:00 AM,EC,,bsee_war,True
SEDCO CAJUN EXPRESS,semi_submersible,,,,,,,,4017.0,,,,,,,1.0,7/17/2004,7/11/2004,GC,,bsee_war,True
SEDCO OMEGA,semi_submersible,,,,,,,,,,,,,,,1.0,9/28/1998,11/10/1998,GB,,bsee_war,True
SENECA RESOURCES,unknown,,,,,,,,,,,,,,,1.0,2/8/2002,1/12/2002,EI,,bsee_war,True
SHOEMAKER,jack_up,,,,,,,,,,,,,,,8.0,9/4/1998,10/10/1998,HI,,bsee_war,True
SIUPERIOR ENERGY SERVICES P&A,unknown,,,,,,,,51.0,,,,,,,1.0,3/6/2004,2/29/2004,WC,,bsee_war,True
SK-EL,wireline_unit,,,,,,,,18.0,,,,,,,1.0,5/29/2004,10/24/2004,EI,,bsee_war,True
SL/EL,wireline_unit,,,,,,,,373.0,,,,,,,19.0,9/4/2004,1/13/2004,WC,,bsee_war,True
SL - LIFT BOAT,wireline_unit,,,,,,,,45.0,,,,,,,1.0,6/13/2003,10/5/2003,HI,,bsee_war,True
SL / COIL TUBING,wireline_unit,,,,,,,,196.0,,,,,,,1.0,2/26/2005,2/20/2005,VR,,bsee_war,True
SL AND CTU,wireline_unit,,,,,,,,156.0,,,,,,,1.0,7/24/2004,5/23/2004,HI,,bsee_war,True
SL AND WL,wireline_unit,,,,,,,,37.0,,,,,,,1.0,7/24/2004,4/18/2004,MP,,bsee_war,True
SL UNIT,wireline_unit,,,,,,,,924.0,,,,,,,66.0,9/4/2004,1/16/2005,PN,,bsee_war,True
SL/WL,wireline_unit,,,,,,,,40.0,,,,,,,1.0,5/8/2004,4/25/2004,MP,,bsee_war,True
SL/ WL/ COIL TUBING,wireline_unit,,,,,,,,41.0,,,,,,,1.0,5/8/2004,4/18/2004,MP,,bsee_war,True
SL/CT UNIT,wireline_unit,,,,,,,,151.0,,,,,,,7.0,9/25/2004,1/26/2004,MI,,bsee_war,True
SL/CTU,wireline_unit,,,,,,,,255.0,,,,,,,6.0,9/30/2001,1/12/2004,HI,,bsee_war,True
SL/EL UNIT,wireline_unit,,,,,,,,164.0,,,,,,,3.0,5/8/2004,11/3/2005,HI,,bsee_war,True
SL/EL UNITS,wireline_unit,,,,,,,,49.0,,,,,,,1.0,3/25/2005,3/13/2005,HI,,bsee_war,True
SL/ELINE UNIT,wireline_unit,,,,,,,,231.0,,,,,,,1.0,3/8/2004,1/27/2004,HI,,bsee_war,True
SL/SNUBBING UNIT,wireline_unit,,,,,,,,302.0,,,,,,,1.0,8/7/2004,7/11/2004,MU,,bsee_war,True
SL/WL UNITS,wireline_unit,,,,,,,,274.0,,,,,,,1.0,7/6/2004,1/16/2005,HI,,bsee_war,True
SLICK LINE,wireline_unit,,,,,,,,58.0,,,,,,,1.0,7/22/2005,7/21/2005,ST,,bsee_war,True
SLICK LINE UNIT,wireline_unit,,,,,,,,67.0,,,,,,,1.0,5/1/2004,4/11/2004,ST,,bsee_war,True
SLICK LINE/ ELECTRIC LINE,wireline_unit,,,,,,,,50.0,,,,,,,1.0,4/23/2005,4/10/2005,WD,,bsee_war,True
SLICK-LINE & E-LINE,wireline_unit,,,,,,,,,,,,,,,1.0,6/19/2003,6/12/2003,EI,,bsee_war,True
SLICKINE,wireline_unit,,,,,,,,92.0,,,,,,,1.0,7/30/2005,3/13/2005,WC,,bsee_war,True
SLICKLINE,wireline_unit,,,,,,,,1001.0,,,,,,,191.0,9/7/2003,1/12/2004,HI,,bsee_war,True
SLICKLINE UNIT,wireline_unit,,,,,,,,760.0,,,,,,,97.0,9/8/2004,1/1/2006,HI,,bsee_war,True
SLICKLINE/E-LINE,wireline_unit,,,,,,,,60.0,,,,,,,10.0,8/3/2003,11/2/2003,WC,,bsee_war,True
SLICKLINE/CTU,wireline_unit,,,,,,,,237.0,,,,,,,2.0,5/4/2003,3/10/2003,WD,,bsee_war,True
SLICKLINE/ELECTRIC LINE,wireline_unit,,,,,,,,250.0,,,,,,,4.0,7/11/2003,1/16/2005,SP,,bsee_war,True
SLICKLINE / ELECTRICLINE,wireline_unit,,,,,,,,44.0,,,,,,,1.0,11/27/2004,11/14/2004,VR,,bsee_war,True
SLICKLINE AND ELECTRIC LINE,wireline_unit,,,,,,,,40.0,,,,,,,1.0,2/21/2004,2/15/2004,MP,,bsee_war,True
SLICKLINE AND WIRELINE,wireline_unit,,,,,,,,40.0,,,,,,,3.0,6/19/2004,2/15/2004,MP,,bsee_war,True
SLICKLINE UNIT/ELECTRIC LINE U,wireline_unit,,,,,,,,55.0,,,,,,,2.0,7/8/2004,10/13/2003,HI,,bsee_war,True
SLICKLINE UNIT/WIRELINE UNIT,wireline_unit,,,,,,,,51.0,,,,,,,1.0,10/26/2003,10/20/2003,HI,,bsee_war,True
SLICKLINE/WIRELINE/COIL TUBING,wireline_unit,,,,,,,,40.0,,,,,,,2.0,5/8/2004,2/29/2004,MP,,bsee_war,True
SLICKLINE/ ELECTRRIC LINE,wireline_unit,,,,,,,,44.0,,,,,,,1.0,12/9/2004,11/14/2004,VR,,bsee_war,True
SLICKLINE/COILED TUBING,wireline_unit,,,,,,,,137.0,,,,,,,2.0,8/25/2003,3/10/2003,SS,,bsee_war,True
SLICKLINE/E-LINE/CT,wireline_unit,,,,,,,,,,,,,,,1.0,11/9/1998,11/10/1998,HI,,bsee_war,True
SLICKLINE/ELECTRIC LINE UNIT,wireline_unit,,,,,,,,182.0,,,,,,,2.0,5/1/2004,10/21/2003,VR,,bsee_war,True
SLICKLINE/ENSCO 99,wireline_unit,,,,,,,,109.0,,,,,,,3.0,9/8/2003,4/17/2005,ST,,bsee_war,True
SLICKLINE/WIRELINE,wireline_unit,,,,,,,,478.0,,,,,,,4.0,8/6/2005,10/14/2003,SS,,bsee_war,True
SLICLINE,wireline_unit,,,,,,,,92.0,,,,,,,1.0,7/30/2005,3/13/2005,WC,,bsee_war,True
SLICLINE / ELECTRIC LINE,wireline_unit,,,,,,,,90.0,,,,,,,1.0,1/1/2005,12/26/2004,WC,,bsee_war,True
SLICLINE UNIT,wireline_unit,,,,,,,,340.0,,,,,,,1.0,5/4/2003,3/31/2003,SP,,bsee_war,True
SLIKLINE,wireline_unit,,,,,,,,116.0,,,,,,,1.0,12/15/2003,12/9/2003,WC,,bsee_war,True
SLU,wireline_unit,,,,,,,,2842.0,,,,,,,63.0,9/9/2004,1/1/2005,EI,,bsee_war,True
SLU/ELU,wireline_unit,,,,,,,,95.0,,,,,,,1.0,6/22/2005,6/12/2005,VR,,bsee_war,True
SNDOWNER 8,jack_up,,,,,,,,,,,,,,,1.0,3/3/2003,2/11/2003,WD,,bsee_war,True
SNHUBBING UNIT,snubbing_unit,,,,,,,,,,,,,,,1.0,6/22/2003,6/16/2003,SM,,bsee_war,True
SNU/CTU,snubbing_unit,,,,,,,,155.0,,,,,,,1.0,7/7/2002,5/28/2001,VR,,bsee_war,True
SNUB UNIT,snubbing_unit,,,,,,,,,,,,,,,1.0,3/9/2003,2/24/2003,WD,,bsee_war,True
SNUBBER HWC 125,snubbing_unit,,,,,,,,,,,,,,,1.0,10/20/2002,10/17/2002,MP,,bsee_war,True
SNUBBING UNIT (HWO) SLICKLINE,snubbing_unit,,,,,,,,48.0,,,,,,,1.0,2/9/2004,2/3/2004,EC,,bsee_war,True
SNUBBING UNIT HWC #123,snubbing_unit,,,,,,,,,,,,,,,2.0,4/6/2001,1/13/2001,MP,,bsee_war,True
"SNUBBING UNIT, E-LINE",snubbing_unit,,,,,,,,190.0,,,,,,,1.0,5/1/2004,4/24/2004,SM,,bsee_war,True
SONAL RATHER,semi_submersible,,,,,,,,,,,,,,,1.0,4/4/1999,10/19/1999,MC,,bsee_war,True
SONAT DF 86,jack_up,,,,,,,,,,,,,,,1.0,9/22/2003,9/16/2003,EC,,bsee_war,True
SONAT DF 96,jack_up,,,,,,,,,,,,,,,2.0,6/5/1998,12/2/2003,EI,,bsee_war,True
SONAT GEORGE RICHARDSON,jack_up,,,,,,,,,,,,,,,1.0,9/29/1998,10/14/1998,MC,,bsee_war,True
SONAT RATHER,semi_submersible,,,,,,,,,,,,,,,4.0,7/6/1999,2/10/1999,MC,,bsee_war,True
SOUTHWESTERN RIG #153,jack_up,,,,,,,,,,,,,,,1.0,5/3/1999,1/12/1999,HI,,bsee_war,True
SPARTAN,jack_up,,,,,,,,,,,,,,,2.0,4/4/1999,3/15/1999,MO,,bsee_war,True
SPARTAN 151,jack_up,,,,,,,,,,,,,,,7.0,9/4/2010 11:59:00 PM,1/10/2010,WC,,bsee_war,True
SPARTAN 202,jack_up,,,,,,,,,,,,,,,19.0,9/5/2009 11:59:00 PM,1/12/2014 12:01:00 AM,SM,,bsee_war,True
SPARTAN 208,jack_up,,,,,,,,,,,,,,,72.0,9/9/2017 11:59:00 PM,1/1/2012,WD,,bsee_war,True
SPARTAN 303,jack_up,,,,,,,,,,,,,,,27.0,9/9/2010,1/10/2010 12:01:00 AM,SS,,bsee_war,True
SPERIOR WELL SSVC,unknown,,,,,,,,525.0,,,,,,,1.0,7/10/2004,5/30/2004,SM,,bsee_war,True
SSD#16,jack_up,,,,,,,,2816.0,,,,,,,1.0,9/17/2003,2/16/2004,MC,,bsee_war,True
STENA DRILLMAX,drillship,,Stena Drilling,,,,10000.0,,7500.0,,,,,3.0,2010.0,2.0,9/6/2008 11:59:00 PM,1/11/2009 12:01:00 AM,KC,,contractor_fleet_page,True
STENA EVOLUTION,drillship,,,,,,,,,,,,,,,14.0,9/7/2024 11:59:00 PM,1/11/2026 12:01:00 AM,GB,,bsee_war,True
STENA FORTH,drillship,,,,,,10000.0,35000.0,7500.0,227.99,42.0,,,,2009.0,19.0,9/8/2012 11:59:00 PM,1/10/2016 12:01:00 AM,MC,,xls_historical,True
STENA ICEMAX,drillship,,,,,,10000.0,35000.0,7500.0,227.99,42.0,,,,2012.0,17.0,9/7/2024 11:59:00 PM,1/11/2015 12:01:00 AM,GC,,xls_historical,True
STENA TAY,drillship,,,,,,,,,,,,,,,3.0,6/3/2006 11:59:00 PM,3/12/2006 12:01:00 AM,AC,,bsee_war,True
STEVE CONLEY,jack_up,,,,,,,,,,,,,,,1.0,2/22/2002,2/16/2002,EI,,bsee_war,True
STOLT OFFSHORE DLB,support_vessel,,,,,,,,,,,,,,,2.0,8/22/2003,8/16/2003,EI,,bsee_war,True
STOLTZ AMERICAN CONSTITUTION,support_vessel,,,,,,,,,,,,,,,1.0,7/3/2000,6/27/2000,EW,,bsee_war,True
"STOTZ ""AMERICAN CONSTITUTION:",support_vessel,,,,,,,,685.0,,,,,,,1.0,6/9/2003,6/10/2003,EW,,bsee_war,True
SUBBING UNIT,snubbing_unit,,,,,,,,232.0,,,,,,,1.0,7/8/2006,4/16/2006,EC,,bsee_war,True
SUNDOWN III,jack_up,,,,,,,,320.0,,,,,,,1.0,5/18/2003,5/12/2003,VR,,bsee_war,True
SUNDOWNER,jack_up,,,,,,,,,,,,,,,1.0,2/2/1999,1/26/1999,HI,,bsee_war,True
SUNDOWNER 1,jack_up,,,,,,,,,,,,,,,3.0,5/5/2002,12/12/2000,EW,,bsee_war,True
SUNDOWNER 10,jack_up,,,,,,,,,,,,,,,1.0,8/29/1999,8/16/1999,ST,,bsee_war,True
SUNDOWNER 12,jack_up,,,,,,,,144.0,,,,,,,1.0,11/27/2004,10/10/2004,SS,,bsee_war,True
SUNDOWNER 14,jack_up,,,,,,,,,,,,,,,2.0,2/8/1998,1/12/1998,HI,,bsee_war,True
SUNDOWNER 16,jack_up,,,,,,,,,,,,,,,10.0,9/9/2001,1/14/2002,SS,,bsee_war,True
SUNDOWNER 17,jack_up,,,,,,,,,,,,,,,6.0,7/29/2001,3/26/2001,WD,,bsee_war,True
SUNDOWNER 2,jack_up,,,,,,,,,,,,,,,3.0,8/14/2000,1/26/2000,MC,,bsee_war,True
SUNDOWNER 3,jack_up,,,,,,,,,,,,,,,1.0,5/18/2001,5/12/2001,EI,,bsee_war,True
SUNDOWNER 7,jack_up,,,,,,,,,,,,,,,3.0,6/8/2001,4/18/2001,WC,,bsee_war,True
SUNDOWNER 8,jack_up,,,,,,,,190.0,,,,,,,30.0,9/8/2000,1/11/2000,BA,,bsee_war,True
SUNDOWNER DOLPHIN 106,jack_up,,,,,,,,,,,,,,,1.0,7/6/2001,6/16/2001,MP,,bsee_war,True
SUNDOWNER DOLPHIN 111,jack_up,,,,,,,,,,,,,,,2.0,9/4/2000,7/24/2000,ST,,bsee_war,True
SUNDOWNER DOLPHIN TITAL 106,jack_up,,,,,,,,,,,,,,,1.0,8/3/1998,7/28/1998,HI,,bsee_war,True
SUNDOWNER I,jack_up,,,,,,,,1024.0,,,,,,,72.0,9/9/2006 11:59:00 PM,1/1/2006 12:01:00 AM,HI,,bsee_war,True
SUNDOWNER II,jack_up,,,,,,,,,,,,,,,2.0,8/2/2001,11/9/2001,EI,,bsee_war,True
SUNDOWNER III,jack_up,,,,,,,,210.0,,,,,,,17.0,9/2/2000,1/12/2004,SS,,bsee_war,True
SUNDOWNER III07-NOV-2001,jack_up,,,,,,,,,,,,,,,1.0,11/8/2001,11/2/2001,EI,,bsee_war,True
SUNDOWNER IV,jack_up,,,,,,,,248.0,,,,,,,38.0,9/7/2003,1/11/1998,EI,,bsee_war,True
SUNDOWNER NO. 2,jack_up,,,,,,,,,,,,,,,1.0,11/14/1999,11/8/1999,WC,,bsee_war,True
SUNDOWNER V,jack_up,,,,,,,,191.0,,,,,,,11.0,9/7/2001,11/13/1999,EI,,bsee_war,True
SUNDOWNER VI,jack_up,,,,,,,,,,,,,,,1.0,10/26/2000,10/20/2000,SA,,bsee_war,True
SUNDOWNER VII,jack_up,,,,,,,,270.0,,,,,,,5.0,8/21/2000,1/13/1998,EI,,bsee_war,True
SUNDOWNER VIII,jack_up,,,,,,,,275.0,,,,,,,7.0,6/5/2004,1/10/2004,MP,,bsee_war,True
SUNDOWNER X,jack_up,,,,,,,,,,,,,,,11.0,9/3/1998,1/11/1999,GB,,bsee_war,True
SUNDOWNER XI,jack_up,,,,,,,,90.0,,,,,,,20.0,9/9/2001,1/1/1999,MP,,bsee_war,True
SUNDOWNER XII,jack_up,,,,,,,,144.0,,,,,,,2.0,9/5/2004,7/11/2004,SS,,bsee_war,True
SUNDOWNER XVI,jack_up,,,,,,,,2223.0,,,,,,,4.0,6/4/2005,1/1/2006,SM,,bsee_war,True
SUNDWNER 1,jack_up,,,,,,,,247.0,,,,,,,1.0,9/24/2005,10/16/2005,EI,,bsee_war,True
SUNDWONER IV,jack_up,,,,,,,,247.0,,,,,,,1.0,6/5/2004,5/16/2004,EI,,bsee_war,True
SUPER SUNDOWNER,jack_up,,,,,,,,,,,,,,,1.0,12/8/2001,10/13/2001,GC,,bsee_war,True
SUPER SUNDOWNER 16,jack_up,,,,,,,,,,,,,,,2.0,2/5/2001,1/16/2001,HI,,bsee_war,True
SUPER SUNDOWNER 11,jack_up,,,,,,,,1490.0,,,,,,,2.0,6/5/2004,4/18/2004,EW,,bsee_war,True
SUPER SUNDOWNER XVI,jack_up,,,,,,,,2816.0,,,,,,,2.0,9/7/2003,10/1/2003,MC,,bsee_war,True
SUPERIOR,lift_boat,,,,,,,,626.0,,,,,,,4.0,5/31/2001,11/30/1999,WC,,bsee_war,True
SUPERIOR ACHIEVEMENT,lift_boat,,,,,,,,30.0,,,,,,,1.0,5/29/2006,5/22/2006,SS,,bsee_war,True
SUPERIOR BISION,lift_boat,,,,,,,,52.0,,,,,,,1.0,10/12/2003,10/6/2003,ST,,bsee_war,True
SUPERIOR COIL TUBING,coil_tubing_unit,,,,,,,,,,,,,,,1.0,7/22/2002,10/12/2001,VR,,bsee_war,True
SUPERIOR COURAGE LIFT BOAT,lift_boat,,,,,,,,42.0,,,,,,,1.0,5/1/2004,4/18/2004,PL,,bsee_war,True
SUPERIOR DISCOVERY,lift_boat,,,,,,,,,,,,,,,1.0,4/20/2003,4/14/2003,SM,,bsee_war,True
SUPERIOR ELECTRIC LINE,wireline_unit,,,,,,,,53.0,,,,,,,1.0,7/15/2004,7/13/2004,EI,,bsee_war,True
SUPERIOR ENDEAVOR,lift_boat,,,,,,,,,,,,,,,2.0,8/19/2002,10/15/2002,SS,,bsee_war,True
SUPERIOR ENDURANCE,lift_boat,,,,,,,,,,,,,,,2.0,9/13/2002,10/12/2002,VR,,bsee_war,True
SUPERIOR ENDURANCE - JU BOAT,lift_boat,,,,,,,,,,,,,,,5.0,9/13/2002,7/19/2002,VR,,bsee_war,True
SUPERIOR ENERGY,unknown,,,,,,,,30.0,,,,,,,1.0,7/11/2004,7/5/2004,SS,,bsee_war,True
SUPERIOR ENERGY SERVICES P&A,unknown,,,,,,,,70.0,,,,,,,8.0,9/4/2004,10/3/2004,SM,,bsee_war,True
SUPERIOR FORCE LIFT BOAT,lift_boat,,,,,,,,54.0,,,,,,,1.0,5/1/2004,3/14/2004,MO,,bsee_war,True
SUPERIOR GULF ISLAND IV,lift_boat,,,,,,,,,,,,,,,1.0,11/23/2003,11/10/2003,SM,,bsee_war,True
SUPERIOR INTEGRITY LB,lift_boat,,,,,,,,34.0,,,,,,,1.0,4/3/2004,3/27/2004,WC,,bsee_war,True
SUPERIOR LIFTBOAT VALOR - CTU,lift_boat,,,,,,,,35.0,,,,,,,1.0,4/24/2004,4/18/2004,EC,,bsee_war,True
SUPERIOR MISSION,lift_boat,,,,,,,,,,,,,,,1.0,10/24/2002,10/22/2002,VR,,bsee_war,True
SUPERIOR P&A,unknown,,,,,,,,,,,,,,,9.0,12/8/1999,11/24/1999,WC,,bsee_war,True
SUPERIOR P&A UNIT,unknown,,,,,,,,100.0,,,,,,,3.0,3/20/2004,10/25/2001,SS,,bsee_war,True
SUPERIOR SERVICES DIVE BOAT,support_vessel,,,,,,,,250.0,,,,,,,1.0,7/14/2003,7/7/2003,VR,,bsee_war,True
SUPERIOR SLICKLINE,wireline_unit,,,,,,,,35.0,,,,,,,1.0,7/4/2004,10/6/2003,SS,,bsee_war,True
SUPERIOR VISION,lift_boat,,,,,,,,52.0,,,,,,,2.0,11/1/2002,10/12/2002,ST,,bsee_war,True
SUPERIOR VISION - JU,lift_boat,,,,,,,,,,,,,,,1.0,11/29/2002,11/16/2002,VR,,bsee_war,True
SUPERIOR VISION - JU BOAT,lift_boat,,,,,,,,,,,,,,,2.0,11/8/2002,10/26/2002,VR,,bsee_war,True
SUPERIOR WELL SERVICE,unknown,,,,,,,,626.0,,,,,,,14.0,9/4/2004,10/10/2004,GI,,bsee_war,True
SUPERIOR WELL SVC,unknown,,,,,,,,529.0,,,,,,,1.0,8/25/2004,10/10/2004,SM,,bsee_war,True
SUPERIOR WIRELINE UNIT,wireline_unit,,,,,,,,,,,,,,,1.0,12/11/2003,12/8/2003,EI,,bsee_war,True
SWS E/L,wireline_unit,,,,,,,,,,,,,,,1.0,9/30/1998,10/1/1998,ST,,bsee_war,True
T. O. DISCOVERER AMERICAS,drillship,,,,,,,,,,,,,,,1.0,6/5/2010 11:59:00 PM,1/10/2010 12:01:00 AM,MC,,bsee_war,True
T. O. F100,jack_up,,,,,,,,,,,,,,,11.0,9/9/2006 11:59:00 PM,1/1/2006 12:01:00 AM,GB,,bsee_war,True
DEEPWATER ASGARD,semi_submersible,,Transocean Ltd.,,,,10000.0,,10000.0,,,,,3.0,2012.0,54.0,9/9/2023 11:59:00 PM,1/1/2017 12:01:00 AM,GC,,contractor_fleet_page,True
T.O. DEEPWATER ATLAS,drillship,,Transocean Ltd.,,,,12000.0,,,,,,,3.0,2022.0,13.0,9/9/2023 11:59:00 PM,1/1/2023 12:01:00 AM,WR,,contractor_fleet_page,True
DEEPWATER CHAMPION,drillship,,,,,,12000.0,40000.0,10000.0,229.21,35.97,,,,2011.0,23.0,9/8/2012 11:59:00 PM,1/10/2016 12:01:00 AM,EB,,xls_historical,True
T.O. DEEPWATER CONQUEROR,drillship,,,,,,,,,,,,,,,40.0,9/9/2023 11:59:00 PM,1/1/2017 12:01:00 AM,WR,,bsee_war,True
DEEPWATER INVICTUS,drillship,,,,,,12000.0,40000.0,10000.0,238.05,42.06,,,,2014.0,49.0,9/9/2017 11:59:00 PM,1/1/2023 12:01:00 AM,GC,,xls_historical,True
T.O. DEEPWATER PONTUS,drillship,,,,,,,,,,,,,,,57.0,9/9/2023 11:59:00 PM,1/1/2023 12:01:00 AM,AC,,bsee_war,True
T.O. DEEPWATER POSEIDON,drillship,,Transocean Ltd.,,,,12000.0,,,,,,,3.0,2014.0,47.0,9/9/2023 11:59:00 PM,1/1/2023 12:01:00 AM,GB,,contractor_fleet_page,True
T.O. DEEPWATER PROTEUS,drillship,,Transocean Ltd.,,,,12000.0,,,,,,,3.0,2014.0,54.0,9/9/2023 11:59:00 PM,1/1/2017 12:01:00 AM,MC,,contractor_fleet_page,True
T.O. DEEPWATER THALASSA,drillship,,Transocean Ltd.,,,,12000.0,,,,,,,3.0,2015.0,49.0,9/9/2023 11:59:00 PM,1/1/2017 12:01:00 AM,AC,,contractor_fleet_page,True
T.O. DEEPWATER TITAN,drillship,,Transocean Ltd.,,,,12000.0,40000.0,,228.0,42.0,,,3.0,2014.0,8.0,9/9/2023 11:59:00 PM,1/11/2026 12:01:00 AM,GC,,contractor_fleet_page,True
T.O. DEVELOPMENT DRILLER I,semi_submersible,,,,,,,,,,,,,,,21.0,9/8/2012 11:59:00 PM,1/1/2012 12:01:00 AM,AT,,bsee_war,True
T.O. DEVELOPMENT DRILLER II,semi_submersible,,,,,,,,,,,,,,,7.0,9/8/2012,1/1/2012 12:01:00 AM,GC,,bsee_war,True
DEVELOPMENT DRILLER III,semi_submersible,,Transocean Ltd.,,,,8000.0,,7500.0,,,,,3.0,2009.0,20.0,9/8/2012,1/1/2012 12:01:00 AM,MC,,contractor_fleet_page,True
DISCOVERER AMERICAS,drillship,,,,,,12000.0,40000.0,10000.0,254.51,38.1,,,,2009.0,13.0,9/8/2012 11:59:00 PM,1/1/2012,WR,,xls_historical,True
DISCOVERER CLEAR LEADER,drillship,,,,,,12000.0,40000.0,10000.0,254.51,38.1,,,,2009.0,37.0,9/9/2017 11:59:00 PM,1/1/2012 12:01:00 AM,WR,,xls_historical,True
DISCOVERER INDIA,drillship,,,,,,12000.0,40000.0,10000.0,254.51,38.1,,,,2010.0,38.0,9/8/2012,1/1/2012 12:01:00 AM,KC,,xls_historical,True
DISCOVERER INSPIRATION,drillship,,,,,,12000.0,40000.0,10000.0,254.51,38.1,,,,2010.0,51.0,9/8/2018 11:59:00 PM,1/1/2012 12:01:00 AM,GB,,xls_historical,True
HENRY GOODRICH,semi_submersible,,,,,,5000.0,30000.0,5000.0,97.54,76.5,,,,1985.0,6.0,7/5/2008 11:59:00 PM,2/17/2008 12:01:00 AM,GB,,xls_historical,True
TADCO 204,jack_up,,,,,,,,142.0,,,,,,,1.0,4/9/2005,2/2/2004,WC,,bsee_war,True
TEMPORARY WELL TEST EQUIPMENT,unknown,,,,,,,,619.0,,,,,,,1.0,5/22/2004,5/16/2004,GB,,bsee_war,True
TETRA,jack_up,,,,,,,,,,,,,,,14.0,9/3/2001,10/23/2001,SM,,bsee_war,True
TETRA 7,jack_up,,,,,,,,660.0,,,,,,,7.0,8/3/2003,1/13/2003,EB,,bsee_war,True
TETRA- RIGLESS,unknown,,,,,,,,25.0,,,,,,,1.0,4/17/2004,4/11/2004,EI,,bsee_war,True
TETRA ARAPAHO,jack_up,,,,,,,,79.0,,,,,,,1.0,5/8/2004,4/27/2004,BA,,bsee_war,True
TETRA DB-1,jack_up,,,,,,,,,,,,,,,33.0,9/2/2012 11:59:00 PM,3/14/2010 12:01:00 AM,EI,,bsee_war,True
TETRA P&A UNIT,unknown,,,,,,,,,,,,,,,1.0,8/4/2000,10/14/2000,HI,,bsee_war,True
TETRA RIG,jack_up,,,,,,,,340.0,,,,,,,1.0,5/18/2003,5/12/2003,SP,,bsee_war,True
TETRA RIG 7,jack_up,,,,,,,,432.0,,,,,,,48.0,9/7/2005 11:59:00 PM,1/13/2008,HI,,bsee_war,True
TETRA WORKHORSE IV,jack_up,,,,,,,,,,,,,,,1.0,11/3/1997,10/27/1997,EI,,bsee_war,True
THE 100,jack_up,,,,,,,,,,,,,,,1.0,12/31/2005 11:59:00 PM,12/16/2005,GB,,bsee_war,True
THE 150,jack_up,,,,,,,,35.0,,,,,,,32.0,9/3/2005,1/1/2006 12:01:00 AM,GI,,bsee_war,True
THE 152,jack_up,,,,,,,,54.0,,,,,,,25.0,9/5/2007 11:59:00 PM,1/16/2005 12:01:00 AM,WC,,bsee_war,True
THE 153,jack_up,,,,,,,,,,,,,,,1.0,7/6/2007 11:59:00 PM,5/10/2007,EC,,bsee_war,True
THE 156,jack_up,,,,,,,,25.0,,,,,,,5.0,6/5/2005 11:59:00 PM,11/7/2004,EI,,bsee_war,True
THE 200,jack_up,,,,,,,,39.0,,,,,,,29.0,9/3/2005 11:59:00 PM,1/1/2006 12:01:00 AM,MP,,bsee_war,True
THE 201,jack_up,,,,,,,,146.0,,,,,,,40.0,9/9/2006 11:59:00 PM,1/1/2006 12:01:00 AM,MO,,bsee_war,True
THE 202,jack_up,,,,,,,,110.0,,,,,,,32.0,9/9/2006 11:59:00 PM,1/14/2007 12:01:00 AM,HI,,bsee_war,True
THE 203,jack_up,,,,,,,,81.0,,,,,,,31.0,9/9/2006 11:59:00 PM,1/1/2006 12:01:00 AM,ST,,bsee_war,True
THE 204,jack_up,,,,,,,,75.0,,,,,,,36.0,9/9/2006 11:59:00 PM,1/1/2006,GI,,bsee_war,True
THE 205,jack_up,,,,,,,,,,,,,,,1.0,6/4/2005 11:59:00 PM,6/12/2005 12:01:00 AM,EC,,bsee_war,True
THE 207,jack_up,,,,,,,,146.0,,,,,,,26.0,9/4/2004,1/10/2005,BA,,bsee_war,True
THE 250,jack_up,,,,,,,,162.0,,,,,,,29.0,9/8/2007 11:59:00 PM,1/1/2006 12:01:00 AM,MI,,bsee_war,True
THE 251,jack_up,,,,,,,,213.0,,,,,,,21.0,9/4/2004,1/1/2006 12:01:00 AM,SS,,bsee_war,True
THE 252,jack_up,,,,,,,,,,,,,,,19.0,9/9/2006 11:59:00 PM,1/14/2007 12:01:00 AM,HI,,bsee_war,True
THE 253,jack_up,,,,,,,,185.0,,,,,,,18.0,9/9/2006 11:59:00 PM,1/1/2006,MU,,bsee_war,True
THE 75,jack_up,,,,,,,,61.0,,,,,,,10.0,9/9/2006 11:59:00 PM,1/14/2007 12:01:00 AM,SM,,bsee_war,True
THE 77,jack_up,,,,,,,,21.0,,,,,,,5.0,9/9/2006 11:59:00 PM,1/21/2007,VR,,bsee_war,True
THE 78,jack_up,,,,,,,,,,,,,,,6.0,9/6/2008 11:59:00 PM,1/14/2007 12:01:00 AM,SS,,bsee_war,True
THERALD MARTIN,jack_up,,,,,,,,1983.0,,,,,,,3.0,9/4/2004,10/10/2004,GC,,bsee_war,True
THUNDER HORSE PDQ,semi_submersible,,,,,,,,,,,,,,,18.0,9/9/2023 11:59:00 PM,1/1/2012 12:01:00 AM,MC,,bsee_war,True
TIR VIKING,jack_up,,,,,,,,,,,,,,,1.0,11/14/1997,11/8/1997,EB,,bsee_war,True
TO DEEPWATER HORIZON,drillship,,,,,,,,4334.0,,,,,,,3.0,9/3/2003,1/1/2004,MC,,bsee_war,True
TO DEEPWATER NAUTILUS,drillship,,,,,,,,2907.0,,,,,,,3.0,5/5/2003,1/14/2003,MC,,bsee_war,True
TO DISCOVERER SPIRIT,drillship,,,,,,,,3989.0,,,,,,,2.0,3/9/2003,1/12/2003,MC,,bsee_war,True
TO HORIZON,drillship,,,,,,,,4334.0,,,,,,,1.0,5/7/2003,3/23/2003,MC,,bsee_war,True
TO MARIANAS,jack_up,,,,,,,,5424.0,,,,,,,1.0,12/8/2003,11/18/2003,MC,,bsee_war,True
TO MILLENNIUM,drillship,,,,,,,,8950.0,,,,,,,1.0,6/9/2003,5/13/2003,LL,,bsee_war,True
TO NAUTILUS,semi_submersible,,,,,,,,,,,,,,,2.0,3/3/2003,2/18/2003,MC,,bsee_war,True
TO SPIRIT,semi_submersible,,,,,,,,4418.0,,,,,,,1.0,6/9/2003,3/24/2003,AT,,bsee_war,True
TODCO 'THE 152',jack_up,,,,,,,,70.0,,,,,,,1.0,6/26/2004,6/13/2004,WC,,bsee_war,True
TODCO THE 201,jack_up,,,,,,,,176.0,,,,,,,1.0,12/4/2004,11/28/2004,MU,,bsee_war,True
"TODCO ""THE 202""",jack_up,,,,,,,,82.0,,,,,,,2.0,7/31/2004,10/10/2004,EC,,bsee_war,True
"TODCO ""THE 250""",jack_up,,,,,,,,144.0,,,,,,,2.0,9/4/2004,8/22/2004,MI,,bsee_war,True
TODCO -THE 253,jack_up,,,,,,,,23.0,,,,,,,1.0,7/3/2004,6/27/2004,EI,,bsee_war,True
TODCO 150,jack_up,,,,,,,,38.0,,,,,,,2.0,6/22/2003,10/10/2004,SM,,bsee_war,True
TODCO 156,jack_up,,,,,,,,14.0,,,,,,,2.0,7/9/2005,6/17/2005,EI,,bsee_war,True
TODCO 17,jack_up,,,,,,,,,,,,,,,1.0,8/3/2003,6/16/2003,SM,,bsee_war,True
TODCO 175,jack_up,,,,,,,,48.0,,,,,,,1.0,7/3/2004,5/30/2004,EC,,bsee_war,True
TODCO 200,jack_up,,,,,,,,55.0,,,,,,,2.0,4/3/2004,3/17/2004,MP,,bsee_war,True
TODCO 201,jack_up,,,,,,,,47.0,,,,,,,1.0,12/7/2003,10/10/2003,HI,,bsee_war,True
TODCO 202,jack_up,,,,,,,,87.0,,,,,,,3.0,9/7/2003,10/13/2003,SA,,bsee_war,True
TODCO 203,jack_up,,,,,,,,162.0,,,,,,,3.0,9/4/2004,1/16/2005,WC,,bsee_war,True
TODCO 204,jack_up,,,,,,,,343.0,,,,,,,8.0,9/7/2003,10/11/2004,SS,,bsee_war,True
TODCO 204 - JACKUP RIG,jack_up,,,,,,,,95.0,,,,,,,1.0,4/3/2004,3/15/2004,MP,,bsee_war,True
TODCO 207,jack_up,,,,,,,,105.0,,,,,,,4.0,6/5/2004,1/4/2005,SS,,bsee_war,True
TODCO 250,jack_up,,,,,,,,201.0,,,,,,,1.0,5/8/2004,3/14/2004,WC,,bsee_war,True
TODCO 251,jack_up,,,,,,,,95.0,,,,,,,3.0,7/3/2004,4/10/2006,WC,,bsee_war,True
TODCO 253,jack_up,,,,,,,,179.0,,,,,,,4.0,9/25/2004,1/16/2005,VR,,bsee_war,True
TODCO 27,jack_up,,,,,,,,11.0,,,,,,,4.0,9/4/2004,1/16/2005,EI,,bsee_war,True
TODCO 48,jack_up,,,,,,,,13.0,,,,,,,3.0,9/7/2003,1/1/2006 12:01:00 AM,SM,,bsee_war,True
TODCO 55,jack_up,,,,,,,,,,,,,,,1.0,9/9/2006 11:59:00 PM,10/1/2006 12:01:00 AM,EI,,bsee_war,True
TODCO 64,jack_up,,,,,,,,,,,,,,,2.0,8/5/2006 11:59:00 PM,1/1/2006 12:01:00 AM,SS,,bsee_war,True
TODCO 75,jack_up,,,,,,,,62.0,,,,,,,6.0,9/4/2004,10/31/2004,ST,,bsee_war,True
TODCO RBF 200,jack_up,,,,,,,,45.0,,,,,,,1.0,12/7/2003,11/24/2003,EI,,bsee_war,True
TODCO RBF 205,jack_up,,,,,,,,52.0,,,,,,,1.0,8/3/2003,7/14/2003,WC,,bsee_war,True
TODCO/RBF 251,jack_up,,,,,,,,120.0,,,,,,,1.0,9/3/2004,3/1/2004,EC,,bsee_war,True
TODCO RBF 253,jack_up,,,,,,,,131.0,,,,,,,3.0,9/9/2003,5/18/2003,VK,,bsee_war,True
TODCO RIG #55,jack_up,,,,,,,,12.0,,,,,,,1.0,8/6/2005,1/16/2005,SS,,bsee_war,True
TODCO THE 150,jack_up,,,,,,,,50.0,,,,,,,1.0,7/3/2004,6/13/2004,CA,,bsee_war,True
TODCO THE 204,jack_up,,,,,,,,30.0,,,,,,,1.0,9/5/2004,8/28/2004,SS,,bsee_war,True
TODCO THE 207,jack_up,,,,,,,,145.0,,,,,,,1.0,8/1/2004,6/21/2004,SS,,bsee_war,True
TODCO THE 75,jack_up,,,,,,,,29.0,,,,,,,1.0,9/3/2005,1/1/2006,WC,,bsee_war,True
TOM JOBE,jack_up,,,,,,,,146.0,,,,,,,23.0,9/9/1998,1/11/2001,VR,,bsee_war,True
TOM TOBE,jack_up,,,,,,,,60.0,,,,,,,1.0,7/28/2004,7/11/2004,WC,,bsee_war,True
TOME JOBE,jack_up,,,,,,,,60.0,,,,,,,1.0,8/7/2004,7/28/2004,WC,,bsee_war,True
TONALA,jack_up,,,,,,,,,,,,,,,1.0,6/13/2000,6/5/2000,SS,,bsee_war,True
TOR VIKING,jack_up,,,,,,,,,,,,,,,4.0,8/31/2001,1/10/1998,EB,,bsee_war,True
TOR VIKING (SS),jack_up,,,,,,,,,,,,,,,1.0,8/3/1998,6/23/1998,EW,,bsee_war,True
TRANOCEAN AMIRANTE,semi_submersible,,,,,,,,1694.0,,,,,,,1.0,6/6/2005,5/15/2005,EW,,bsee_war,True
TRANOCEAN MARIANANS,semi_submersible,,,,,,,,,,,,,,,1.0,6/8/1999,5/12/1999,MC,,bsee_war,True
TRANSOCEAN,semi_submersible,,,,,,,,1694.0,,,,,,,1.0,9/3/2005,8/22/2005,EW,,bsee_war,True
TRANSOCEAN CAJUN EXPRESS,semi_submersible,,,,,,,,7927.0,,,,,,,6.0,8/5/2002,1/14/2003,MC,,bsee_war,True
TRANSOCEAN 96,semi_submersible,,,,,,,,484.0,,,,,,,24.0,9/7/1998,1/1/2002,GB,,bsee_war,True
TRANSOCEAN 201,semi_submersible,,,,,,,,,,,,,,,2.0,2/2/2003,1/20/2002,EC,,bsee_war,True
TRANSOCEAN 204,semi_submersible,,,,,,,,,,,,,,,2.0,9/8/2002,10/14/2001,SS,,bsee_war,True
TRANSOCEAN AMIRANTE,semi_submersible,,,,,,,,1694.0,,,,,,,10.0,9/4/2001,1/1/2002,GC,,bsee_war,True
TRANSOCEAN DEEPWATER ASGARD,drillship,,,,,,,,,,,,,,,3.0,9/5/2015 11:59:00 PM,10/11/2015 12:01:00 AM,GC,,bsee_war,True
TRANSOCEAN DEEPWATER HORIZON,drillship,,,,,,,,2925.0,,,,,,,1.0,4/1/2004,1/19/2004,MC,,bsee_war,True
TRANSOCEAN DEEPWATER MILLENNIU,drillship,,,,,,,,3984.0,,,,,,,1.0,5/8/2004,5/16/2004,GC,,bsee_war,True
TRANSOCEAN DEEPWATER NAUTILUS,drillship,,,,,,,,3443.0,,,,,,,1.0,9/3/2005,1/1/2006,GC,,bsee_war,True
TRANSOCEAN DF-96,semi_submersible,,,,,,,,,,,,,,,2.0,3/9/1998,1/13/1998,GB,,bsee_war,True
TRANSOCEAN DISCOVER SPIRIT,semi_submersible,,,,,,,,7038.0,,,,,,,1.0,7/3/2004,5/16/2004,WR,,bsee_war,True
TRANSOCEAN DISCOVER SPIRT,semi_submersible,,,,,,,,,,,,,,,1.0,9/24/2001,10/1/2001,GC,,bsee_war,True
TRANSOCEAN DISCOVER SPRIT,semi_submersible,,,,,,,,,,,,,,,1.0,9/29/2000,10/16/2000,WR,,bsee_war,True
TRANSOCEAN DISCOVERER 534,drillship,,,,,,,,,,,,,,,5.0,9/5/1999,1/13/2000,MC,,bsee_war,True
TRANSOCEAN DISCOVERER SEVEN,drillship,,,,,,,,,,,,,,,1.0,6/3/1999,3/12/1999,MC,,bsee_war,True
TRANSOCEAN DISCOVERER SEVEN SE,drillship,,,,,,,,,,,,,,,1.0,7/8/1999,6/11/1999,MC,,bsee_war,True
TRANSOCEAN DISCOVERER SPIRIT,drillship,,,,,,,,9627.0,,,,,,,10.0,9/4/2004,1/12/2001,KC,,bsee_war,True
TRANSOCEAN DISCOVERER SPIRT,drillship,,,,,,,,5314.0,,,,,,,3.0,9/3/2001,1/10/2004,GC,,bsee_war,True
TRANSOCEAN F-100,semi_submersible,,,,,,,,1041.0,,,,,,,1.0,4/9/2005,2/13/2005,GC,,bsee_war,True
TRANSOCEAN FALCON #52,semi_submersible,,,,,,,,,,,,,,,1.0,3/2/2003,1/13/2003,SM,,bsee_war,True
TRANSOCEAN FALCON 204,semi_submersible,,,,,,,,104.0,,,,,,,2.0,6/7/2003,3/11/2003,GA,,bsee_war,True
TRANSOCEAN FALCON RIG #52,semi_submersible,,,,,,,,,,,,,,,1.0,6/9/2002,6/3/2002,SM,,bsee_war,True
TRANSOCEAN G. RICHARDSON,semi_submersible,,,,,,,,,,,,,,,3.0,9/7/1999,1/13/1999,GB,,bsee_war,True
TRANSOCEAN HENRY GOODRICH,semi_submersible,,,,,,,,,,,,,,,2.0,2/9/2008 11:59:00 PM,1/13/2008 12:01:00 AM,GC,,bsee_war,True
TRANSOCEAN MARIANA,semi_submersible,,,,,,,,,,,,,,,1.0,12/27/1999,12/21/1999,GC,,bsee_war,True
TRANSOCEAN MARIANAS,semi_submersible,,,,,,7000.0,25000.0,7000.0,96.01,75.9,,,,1979.0,30.0,9/8/2003,1/1/2001,MC,,xls_historical,True
TRANSOCEAN MILLENNIUM,semi_submersible,,,,,,,,7850.0,,,,,,,2.0,7/25/2001,4/11/2004,DC,,bsee_war,True
TRANSOCEAN NAUTILUS,semi_submersible,,,,,,,,7570.0,,,,,,,2.0,5/8/2004,2/29/2004,MC,,bsee_war,True
TRANSOCEAN PATHFINDER,semi_submersible,,,,,,,,4114.0,,,,,,,2.0,9/25/2004,10/10/2004,EB,,bsee_war,True
TRANSOCEAN RATHER,semi_submersible,,,,,,5000.0,25000.0,5000.0,99.06,87.48,,,,1988.0,25.0,9/8/1998,1/10/2002,MC,,xls_historical,True
TRANSOCEAN RBF 200,semi_submersible,,,,,,,,,,,,,,,2.0,2/3/2003,1/1/2003,SS,,bsee_war,True
TRANSOCEAN RBF 201,semi_submersible,,,,,,,,,,,,,,,2.0,9/8/2002,10/14/2002,HI,,bsee_war,True
TRANSOCEAN RICHARDSON,semi_submersible,,,,,,5000.0,25000.0,5000.0,99.06,87.17,,,,1988.0,26.0,9/6/2002,1/1/2002,GB,,xls_historical,True
TRANSOCEAN RIG 96,semi_submersible,,,,,,,,,,,,,,,2.0,6/4/2001,5/15/2001,VK,,bsee_war,True
TRANSOCEAN SEDCO FOREX 207,semi_submersible,,,,,,,,,,,,,,,2.0,5/6/2001,4/30/1991,BA,,bsee_war,True
TRANSOCEAN SEDCO FOREX RBF 205,semi_submersible,,,,,,,,,,,,,,,1.0,9/28/2001,9/15/2001,SS,,bsee_war,True
TRANSOCEAN SEDCO FOREX RBF205,semi_submersible,,,,,,,,,,,,,,,1.0,11/2/2001,10/13/2001,SS,,bsee_war,True
TRANSOCEAN96,semi_submersible,,,,,,,,,,,,,,,1.0,3/8/1999,1/26/1999,MC,,bsee_war,True
TRANSOCEANMARIANAS,semi_submersible,,,,,,,,,,,,,,,1.0,4/4/2003,3/22/2003,GB,,bsee_war,True
TRNASOCEAN 96,semi_submersible,,,,,,,,,,,,,,,1.0,12/7/1998,11/10/1998,GC,,bsee_war,True
TRNASOCEAN RICHARDSON,semi_submersible,,,,,,,,,,,,,,,1.0,8/9/2002,8/17/2002,GB,,bsee_war,True
TSF 201,jack_up,,,,,,,,,,,,,,,5.0,9/30/2001,1/14/2002,HI,,bsee_war,True
TSF DEEPWATER HORIZON,drillship,,,,,,,,,,,,,,,5.0,5/4/2002,2/14/2002,VK,,bsee_war,True
TSF ENTERPRISE,jack_up,,,,,,,,,,,,,,,8.0,9/4/2001,1/10/2002,MC,,bsee_war,True
TSF NAUTILUS,semi_submersible,,,,,,,,,,,,,,,5.0,9/9/2002,1/1/2002,MC,,bsee_war,True
UNCLE JOHN,support_vessel,,,,,,,,4339.0,,,,,,,6.0,5/3/2005,4/17/2005,EI,,bsee_war,True
VALARIS 8503 (ENSCO 8503),jack_up,,,,,,,,,,,,,,,9.0,9/7/2019 11:59:00 PM,1/12/2020 12:01:00 AM,MC,,bsee_war,True
VALARIS 8505 (ENSCO 8505),jack_up,,,,,,,,,,,,,,,10.0,9/9/2023 11:59:00 PM,1/10/2021 12:01:00 AM,MC,,bsee_war,True
VALARIS DPS-5,semi_submersible,,Valaris Limited,,,,8000.0,,,,,,,3.0,2009.0,3.0,12/9/2023 11:59:00 PM,1/14/2024 12:01:00 AM,SP,,contractor_fleet_page,True
VALARIS DS-15 (ROWAN RENAISSANCE),jack_up,,,,,,,,,,,,,,,3.0,5/9/2020 11:59:00 PM,1/11/2020,WR,,bsee_war,True
VALARIS DS-16 (ROWAN RESOLUTE),jack_up,,,,,,,,,,,,,,,37.0,9/9/2023,1/1/2023 12:01:00 AM,GC,,bsee_war,True
VALARIS DS-18 (ROWAN RELENTLESS),jack_up,,,,,,,,,,,,,,,32.0,9/9/2024,1/1/2023 12:01:00 AM,MC,,bsee_war,True
VALARIS JU-102 (ENSCO 102),jack_up,,,,,,,,,,,,,,,12.0,9/7/2019 11:59:00 PM,10/1/2020,MP,,bsee_war,True
VALARIS JU-144 (ROWAN EXL II),jack_up,,,,,,,,,,,,,,,13.0,9/3/2022 11:59:00 PM,1/1/2023 12:01:00 AM,EI,,bsee_war,True
VALARIS JU-145 (ROWAN EXL III),jack_up,,,,,,,,,,,,,,,1.0,7/21/2019 11:59:00 PM,7/14/2019 12:01:00 AM,GI,,bsee_war,True
VALARIS JU-68 (ENSCO 68),jack_up,,,,,,,,,,,,,,,2.0,8/3/2019 11:59:00 PM,5/26/2019 12:01:00 AM,SS,,bsee_war,True
VALARIS JU-75 (ENSCO 75),jack_up,,,,,,,,,,,,,,,3.0,9/7/2019 11:59:00 PM,1/12/2020 12:01:00 AM,EC,,bsee_war,True
VALARIS JU-87 (ENSCO 87),jack_up,,,,,,,,,,,,,,,23.0,9/7/2019 11:59:00 PM,1/12/2020 12:01:00 AM,MP,,bsee_war,True
VALOR LIFT BOAT,lift_boat,,,,,,,,34.0,,,,,,,1.0,11/21/2003,10/11/2003,MP,,bsee_war,True
VANTAGE TITANIUM EXPLORER,drillship,,,,,,,,,,,,,,,5.0,9/7/2015 11:59:00 PM,1/11/2015 12:01:00 AM,WR,,bsee_war,True
W/EL,wireline_unit,,,,,,,,,,,,,,,1.0,3/7/2003,3/1/2003,EI,,bsee_war,True
W/L,wireline_unit,,,,,,,,4287.0,,,,,,,5.0,7/31/2002,2/14/2005,ST,,bsee_war,True
W/L UNIT,wireline_unit,,,,,,,,310.0,,,,,,,2.0,9/17/2005,3/28/2004,HI,,bsee_war,True
WE/EL,wireline_unit,,,,,,,,,,,,,,,1.0,3/7/2003,3/1/2003,EI,,bsee_war,True
WEATHERFORD WIRELINE,wireline_unit,,,,,,,,,,,,,,,1.0,3/31/2002,3/25/2002,SS,,bsee_war,True
WFD 250,jack_up,,,,,,,,,,,,,,,73.0,9/9/2023 11:59:00 PM,1/1/2023 12:01:00 AM,EI,,bsee_war,True
WFD 300,jack_up,,,,,,,,,,,,,,,52.0,9/9/2017 11:59:00 PM,1/12/2020 12:01:00 AM,ST,,bsee_war,True
WFD 350,jack_up,,,,,,,,,,,,,,,61.0,9/8/2018 11:59:00 PM,1/10/2021 12:01:00 AM,EI,,bsee_war,True
WFD 400,jack_up,,,,,,,,,,,,,,,55.0,9/9/2025 11:59:00 PM,1/11/2026 12:01:00 AM,EI,,bsee_war,True
WIRELINE,wireline_unit,,,,,,,,660.0,,,,,,,175.0,9/9/2005,1/10/2004,SM,,bsee_war,True
WIRELINE/CTU,wireline_unit,,,,,,,,293.0,,,,,,,2.0,9/21/2003,10/10/2004,EI,,bsee_war,True
WIRELINE UNIT / ELECTRIC LINE,wireline_unit,,,,,,,,118.0,,,,,,,1.0,11/8/2003,10/26/2003,EC,,bsee_war,True
WIRELINE UNIT/COILED TUBING,wireline_unit,,,,,,,,115.0,,,,,,,1.0,7/28/2003,1/2/2005,ST,,bsee_war,True
WIRELINE UNIT/CT UNIT,wireline_unit,,,,,,,,,,,,,,,1.0,8/3/2003,7/14/2003,EI,,bsee_war,True
WIRELINE UNIT/CTU,wireline_unit,,,,,,,,28.0,,,,,,,1.0,8/14/2004,8/8/2004,EI,,bsee_war,True
WIRELINE/EL,wireline_unit,,,,,,,,174.0,,,,,,,13.0,9/4/2004,10/10/2004,MP,,bsee_war,True
WIRELINE/COIL TUBING,wireline_unit,,,,,,,,37.0,,,,,,,2.0,8/21/2004,10/28/2002,MP,,bsee_war,True
WIRELINE/COIL TUBING UNIT,wireline_unit,,,,,,,,72.0,,,,,,,1.0,11/2/2003,10/27/2003,WC,,bsee_war,True
WIRELINE/ELECTRIC LINE,wireline_unit,,,,,,,,,,,,,,,1.0,6/6/2003,3/14/2003,SP,,bsee_war,True
WIRELINE/ELECTRIC LINE UNIT,wireline_unit,,,,,,,,174.0,,,,,,,1.0,12/16/2004,12/12/2004,MP,,bsee_war,True
WIRELINE/ELU,wireline_unit,,,,,,,,42.0,,,,,,,1.0,6/11/2003,6/9/2003,VR,,bsee_war,True
WL,wireline_unit,,,,,,,,3214.0,,,,,,,55.0,9/4/2004,1/1/1999,ST,,bsee_war,True
WL & CT UNITS,wireline_unit,,,,,,,,,,,,,,,1.0,5/23/2004,5/16/2004,HI,,bsee_war,True
WL/CTU,wireline_unit,,,,,,,,60.0,,,,,,,4.0,8/12/2006,1/22/2006,ST,,bsee_war,True
WL/EL,wireline_unit,,,,,,,,192.0,,,,,,,22.0,5/9/2003,3/1/2003,VR,,bsee_war,True
WL AND CTU,wireline_unit,,,,,,,,,,,,,,,1.0,1/16/2003,1/15/2003,SS,,bsee_war,True
WL UNIT,wireline_unit,,,,,,,,4804.0,,,,,,,92.0,9/4/2004,1/12/2004,GA,,bsee_war,True
WL UNIT OPERATING OF DSV,wireline_unit,,,,,,,,187.0,,,,,,,1.0,10/26/2003,10/15/2003,WD,,bsee_war,True
"WL UNIT, LB SUPERIOR VALOR",wireline_unit,,,,,,,,92.0,,,,,,,1.0,9/24/2005,9/11/2005,HI,,bsee_war,True
WL/ ELECTRIC LINE,wireline_unit,,,,,,,,271.0,,,,,,,1.0,6/29/2005,2/13/2005,MC,,bsee_war,True
WL/CT UNIT,wireline_unit,,,,,,,,88.0,,,,,,,1.0,11/20/2004,10/10/2004,MI,,bsee_war,True
WL/E/,wireline_unit,,,,,,,,,,,,,,,1.0,3/7/2003,3/1/2003,EI,,bsee_war,True
WL/EL UNITS,wireline_unit,,,,,,,,58.0,,,,,,,6.0,9/9/2004,4/11/2004,HI,,bsee_war,True
WL/SL,wireline_unit,,,,,,,,3797.0,,,,,,,4.0,9/9/2003,1/13/2004,EI,,bsee_war,True
WL/SL UNIT,wireline_unit,,,,,,,,211.0,,,,,,,1.0,9/25/2004,9/19/2004,HI,,bsee_war,True
WLP,wireline_unit,,,,,,,,,,,,,,,1.0,10/5/2001,9/29/2001,SM,,bsee_war,True
WLU,wireline_unit,,,,,,,,2862.0,,,,,,,95.0,9/8/2003,1/22/2006,WC,,bsee_war,True
WLU AND CTU,wireline_unit,,,,,,,,23.0,,,,,,,1.0,3/6/2004,3/14/2004,SM,,bsee_war,True
WLU/ CTU,wireline_unit,,,,,,,,235.0,,,,,,,1.0,11/12/2005,11/6/2005,WC,,bsee_war,True
WLY,wireline_unit,,,,,,,,83.0,,,,,,,1.0,5/16/2003,5/13/2003,SS,,bsee_war,True
WORK HORSE 4,jack_up,,,,,,,,,,,,,,,1.0,7/19/1999,7/13/1999,VR,,bsee_war,True
WORKBOAT,support_vessel,,,,,,,,463.0,,,,,,,1.0,4/9/2005,4/3/2005,SS,,bsee_war,True
WORKED OFF EB 159 A P/F,unknown,,,,,,,,725.0,,,,,,,1.0,6/5/2004,5/20/2004,EB,,bsee_war,True
WORKER,jack_up,,,,,,,,,,,,,,,2.0,9/29/1998,1/16/1999,VK,,bsee_war,True
WORKHORSE #9,jack_up,,,,,,,,,,,,,,,1.0,12/8/1998,11/30/1998,GI,,bsee_war,True
WORKHORSE IX,jack_up,,,,,,,,,,,,,,,18.0,9/9/2001,1/11/1999,EI,,bsee_war,True
WORKHORSE FOUR,jack_up,,,,,,,,,,,,,,,1.0,9/6/1999,8/24/1999,HI,,bsee_war,True
WUPERIOR P&A,unknown,,,,,,,,,,,,,,,1.0,12/27/1999,12/21/1999,WC,,bsee_war,True
WYOMING,jack_up,,,,,,,,,,,,,,,2.0,5/10/1998,4/21/1998,SS,,bsee_war,True
Wotan,semi_submersible,,,,,,,,,,,,,,,6.0,8/15/2010 11:59:00 PM,8/15/2010 12:01:00 AM,VR,,bsee_war,True
TRANSOCEAN BARENTS,semi_submersible,,Transocean Ltd.,,,,10000.0,,6500.0,,,,,3.0,2009.0,,,,,,contractor_fleet_page,True
NOBLE GLOBETROTTER I,drillship,,Noble Corporation plc,,,,10000.0,,10000.0,,,,,,,,,,,,contractor_fleet_page,True
SAIPEM 10000,drillship,,Saipem S.p.A.,,,,10000.0,,10000.0,228.0,42.0,,,3.0,2000.0,,,,,,contractor_fleet_page,True
SAIPEM 12000,drillship,,Saipem S.p.A.,,,,12000.0,,12000.0,,,,,3.0,2005.0,,,,,,contractor_fleet_page,True
SCARABEO 5,semi_submersible,,Saipem S.p.A.,,,,5000.0,,6500.0,,,,,,1990.0,,,,,,contractor_fleet_page,True
SCARABEO 8,semi_submersible,,Saipem S.p.A.,,,,10000.0,,10000.0,,,,,3.0,2012.0,,,,,,contractor_fleet_page,True
SCARABEO 9,semi_submersible,,Saipem S.p.A.,,,,10000.0,,10000.0,,,,,3.0,2011.0,,,,,,contractor_fleet_page,True
WEST AQUARIUS,semi_submersible,,Seadrill Limited,,,,,,10000.0,,,,,,,,,,,,contractor_fleet_page,True
WEST CAPELLA,drillship,,Seadrill Limited,,,,,,10000.0,,,,,,,,,,,,contractor_fleet_page,True
WEST GEMINI,drillship,,Seadrill Limited,,,,,,10000.0,,,,,,,,,,,,contractor_fleet_page,True
WEST PHOENIX,semi_submersible,,Seadrill Limited,,,,,,10000.0,,,,,,,,,,,,contractor_fleet_page,True
WEST POLARIS,drillship,,Seadrill Limited,,,,,,10000.0,,,,,,,,,,,,contractor_fleet_page,True
HYSY 981,semi_submersible,,COSL (China Oilfield Services),,,,10000.0,,9840.0,,,,,3.0,2012.0,,,,,,contractor_fleet_page,True
STENA CARRON,drillship,,Stena Drilling,,,,10000.0,,7500.0,,,,,3.0,2010.0,,,,,,contractor_fleet_page,True
PLATINUM EXPLORER,drillship,,Vantage Drilling International,,,,12000.0,,10000.0,,,,,3.0,2010.0,,,,,,contractor_fleet_page,True
ATWOOD EAGLE,semi_submersible,,,,,,5000.0,25000.0,5000.0,99.06,60.96,,,,1982.0,,,,,,xls_historical,True
ATWOOD  FALCON,semi_submersible,,,,,,5000.0,25000.0,5000.0,99.06,68.88,,,,1983.0,,,,,,xls_historical,True
ATWOOD OSPREY,semi_submersible,,,,,,8200.0,32000.0,8200.0,107.9,74.37,,,,2011.0,,,,,,xls_historical,True
OCEAN MONARCH,semi_submersible,,,,,,10000.0,35000.0,8000.0,98.76,99.67,,,,1974.0,,,,,,xls_historical,True
BLACKFORD DOLPHIN,semi_submersible,,,,,,7000.0,30000.0,6000.0,108.2,84.12,,,,,,,,,,xls_historical,True
ENSCO 5006,semi_submersible,,,,,,7500.0,25000.0,5000.0,118.87,71.32,,,,1999.0,,,,,,xls_historical,True
ENSCO 5001,semi_submersible,,,,,,5000.0,25000.0,5000.0,115.37,80.47,,,,1974.0,,,,,,xls_historical,True
JACK BATES,semi_submersible,,,,,,5400.0,30000.0,5400.0,112.78,77.72,,,,1986.0,,,,,,xls_historical,True
JIM CUNNINGHAM,semi_submersible,,,,,,4600.0,25000.0,4600.0,90.22,69.49,,,,1982.0,,,,,,xls_historical,True
TRANSOCEAN LEADER,semi_submersible,,,,,,4500.0,25000.0,4500.0,109.73,73.15,,,,1987.0,,,,,,xls_historical,True
SOVEREIGN EXPLORER,semi_submersible,,,,,,4500.0,25000.0,4500.0,91.74,78.03,,,,1984.0,,,,,,xls_historical,True
ABAN ABRAHAM,drillship,,,,,,7000.0,25000.0,6600.0,148.74,136.55,,,,1976.0,,,,,,xls_historical,True
OCEAN ALLIANCE,semi_submersible,,,,,,5250.0,25000.0,5250.0,122.53,78.94,,,,1988.0,,,,,,xls_historical,True
OCEAN COURAGE,semi_submersible,,,,,,10000.0,40000.0,10000.0,121.31,90.83,,,,2009.0,,,,,,xls_historical,True
OCEAN VALOR,semi_submersible,,,,,,10000.0,40000.0,7500.0,121.31,90.83,,,,2009.0,,,,,,xls_historical,True
ENSCO 8504,semi_submersible,,,,,,10000.0,35000.0,8500.0,77.72,73.15,,,,2011.0,,,,,,xls_historical,True
ENSCO DS-1,drillship,,,,,,10000.0,31500.0,6000.0,207.26,30.02,,,,1999.0,,,,,,xls_historical,True
ENSCO DS-2,drillship,,,,,,10000.0,31500.0,6000.0,207.26,30.02,,,,1999.0,,,,,,xls_historical,True
ENSCO 6001,semi_submersible,,,,,,5600.0,25000.0,5600.0,75.9,54.56,,,,2000.0,,,,,,xls_historical,True
ENSCO 6002,semi_submersible,,,,,,5600.0,25000.0,5600.0,75.9,54.56,,,,2000.0,,,,,,xls_historical,True
ENSCO 6004,semi_submersible,,,,,,5600.0,25000.0,5600.0,75.9,54.56,,,,2000.0,,,,,,xls_historical,True
ENSCO 6003,semi_submersible,,,,,,5600.0,25000.0,5600.0,75.9,54.56,,,,2000.0,,,,,,xls_historical,True
ENSCO DS-6,drillship,,,,,,12000.0,40000.0,10000.0,228.9,42.06,,,,2011.0,,,,,,xls_historical,True
LA MURALLA IV,semi_submersible,,,,,,10000.0,40000.0,7500.0,121.31,90.83,,,,2010.0,,,,,,xls_historical,True
JASPER EXPLORER,drillship,,,,,,5000.0,25000.0,5000.0,164.9,29.87,,,,2009.0,,,,,,xls_historical,True
MÆRSK DEVELOPER,semi_submersible,,,,,,10000.0,,10000.0,117.04,78.64,,,,2009.0,,,,,,xls_historical,True
MAERSK DISCOVERER,semi_submersible,,,,,,10000.0,,10000.0,117.04,78.64,,,,2009.0,,,,,,xls_historical,True
MÆRSK DELIVERER,semi_submersible,,,,,,10000.0,,10000.0,117.04,78.64,,,,2010.0,,,,,,xls_historical,True
NOBLE PAUL WOLFF,semi_submersible,,,,,,9200.0,23000.0,9200.0,104.12,110.76,,,,1982.0,,,,,,xls_historical,True
NOBLE ROGER EASON,drillship,,,,,,7200.0,23000.0,7200.0,164.9,27.43,,,,1977.0,,,,,,xls_historical,True
NOBLE LEO SEGERIUS,drillship,,,,,,5500.0,23000.0,5500.0,157.28,33.83,,,,1981.0,,,,,,xls_historical,True
NOBEL MURAVLENKO,drillship,,,,,,4900.0,23000.0,4900.0,149.35,24.08,,,,1982.0,,,,,,xls_historical,True
NOBLE DAVE BEARD,semi_submersible,,,,,,10000.0,35000.0,7500.0,,,,,,1986.0,,,,,,xls_historical,True
NOBLE PHOENIX,semi_submersible,,,,,,5000.0,30000.0,5000.0,105.0,21.95,,,,1979.0,,,,,,xls_historical,True
ERIK RAUDE,semi_submersible,,,,,,10000.0,,10000.0,119.18,85.04,,,,2002.0,,,,,,xls_historical,True
LEIV EIRIKSSON,semi_submersible,,,,,,10000.0,,10000.0,119.18,85.04,,,,2002.0,,,,,,xls_historical,True
OCEAN RIG CORCOVADO,drillship,,,,,,10000.0,35000.0,10000.0,227.99,,,,,2011.0,,,,,,xls_historical,True
OCEAN RIG OLYMPIA,drillship,,,,,,10000.0,35000.0,10000.0,227.99,,,,,2011.0,,,,,,xls_historical,True
OCEAN RIG POSEIDEN,drillship,,,,,,10000.0,35000.0,10000.0,227.99,,,,,2011.0,,,,,,xls_historical,True
OCEAN RIG MYKONOS,drillship,,,,,,10000.0,35000.0,10000.0,227.99,,,,,2011.0,,,,,,xls_historical,True
DEEPSEA METRO I,drillship,,,,,,12000.0,40000.0,10000.0,229.51,35.97,,,,2011.0,,,,,,xls_historical,True
DEEPSEA METRO II,drillship,,,,,,12000.0,40000.0,10000.0,229.51,35.97,,,,2012.0,,,,,,xls_historical,True
DEEPSEA STAVANGER,semi_submersible,,,,,,9840.0,37500.0,9840.0,32.92,23.77,,,,2010.0,,,,,,xls_historical,True
DEEPSEA  ATLANTIC,semi_submersible,,,,,,9840.0,37500.0,9840.0,32.92,23.77,,,,2011.0,,,,,,xls_historical,True
Pacific Bora,drillship,,,,,,10000.0,37500.0,10000.0,227.99,42.06,,,,2010.0,,,,,,xls_historical,True
Pacific Scirocco,drillship,,,,,,10000.0,37500.0,10000.0,227.99,42.06,,,,2011.0,,,,,,xls_historical,True
Pacific Mistral,drillship,,,,,,10000.0,37500.0,10000.0,227.99,42.06,,,,2012.0,,,,,,xls_historical,True
Louisiana,semi_submersible,,,,,,6234.0,30000.0,6234.0,,,,,,1998.0,,,,,,xls_historical,True
SSV Victoria,semi_submersible,,,,,,10000.0,35000.0,7874.0,,,,,,2009.0,,,,,,xls_historical,True
GOLD STAR,semi_submersible,,,,,,9000.0,30000.0,9000.0,,,,,,2009.0,,,,,,xls_historical,True
ALPHA STAR,semi_submersible,,,,,,9000.0,24600.0,9000.0,103.33,69.49,,,,2009.0,,,,,,xls_historical,True
LONE STAR,semi_submersible,,,,,,7880.0,24600.0,7880.0,103.33,69.49,,,,2009.0,,,,,,xls_historical,True
SC LANCER,drillship,,,,,,4920.0,19680.0,4920.0,137.16,23.47,,,,1977.0,,,,,,xls_historical,True
WEST NAVIGATOR,drillship,,,,,,8200.0,35000.0,7500.0,252.98,42.06,,,,2000.0,,,,,,xls_historical,True
WEST EMINENCE,semi_submersible,,,,,,10000.0,30000.0,10000.0,83.21,72.85,,,,2009.0,,,,,,xls_historical,True
WEST SIRIUS,semi_submersible,,,,,,10000.0,37500.0,10000.0,115.52,90.22,,,,2008.0,,,,,,xls_historical,True
WEST TAURUS,semi_submersible,,,,,,10000.0,37500.0,10000.0,115.52,90.22,,,,2008.0,,,,,,xls_historical,True
WEST HERCULES,semi_submersible,,,,,,10000.0,35000.0,10000.0,116.43,96.62,,,,2008.0,,,,,,xls_historical,True
WEST ORION,semi_submersible,,,,,,10000.0,37500.0,10000.0,115.52,90.22,,,,2010.0,,,,,,xls_historical,True
WEST CAPRICORN,semi_submersible,,,,,,10000.0,37500.0,7500.0,115.52,90.22,,,,2011.0,,,,,,xls_historical,True
WEST PEGASUS,semi_submersible,,,,,,10000.0,35000.0,10000.0,117.96,72.85,,,,2011.0,,,,,,xls_historical,True
WEST LEO,semi_submersible,,,,,,10000.0,35000.0,10000.0,117.96,72.85,,,,2012.0,,,,,,xls_historical,True
Sevan Driller,semi_submersible,,,,,,12500.0,40000.0,12500.0,85.04,74.98,,,,2009.0,,,,,,xls_historical,True
SONGA ECLIPSE,semi_submersible,,,,,,10000.0,40000.0,7500.0,74.37,74.37,,,,,,,,,,xls_historical,True
TRANSOCEAN SPITSBERGEN,semi_submersible,,,,,,10000.0,30000.0,6500.0,89.92,70.1,,,,2009.0,,,,,,xls_historical,True
DHIRUBHAI DEEPWATER KG1,drillship,,,,,,12000.0,35000.0,10000.0,227.99,41.76,,,,2009.0,,,,,,xls_historical,True
DHIRUBHAI DEEPWATER KG2,drillship,,,,,,12000.0,35000.0,12000.0,227.99,41.76,,,,2010.0,,,,,,xls_historical,True
DISCOVERER LUANDA,drillship,,,,,,12000.0,40000.0,7500.0,254.51,38.1,,,,2010.0,,,,,,xls_historical,True
DEEPWATER DISCOVERY,drillship,,,,,,10000.0,30000.0,10000.0,227.53,42.0,,,,2000.0,,,,,,xls_historical,True
DEEPWATER EXPEDITION,drillship,,,,,,8500.0,30000.0,8500.0,171.91,28.35,,,,1999.0,,,,,,xls_historical,True
DEEPWATER FRONTIER,drillship,,,,,,10000.0,30000.0,10000.0,221.28,42.06,,,,1999.0,,,,,,xls_historical,True
GSF JACK RYAN,drillship,,,,,,10000.0,35000.0,10000.0,231.34,35.97,,,,2000.0,,,,,,xls_historical,True
DEEPWATER NAVIGATOR,drillship,,,,,,7200.0,25000.0,7200.0,167.73,26.37,,,,1971.0,,,,,,xls_historical,True
SEDCO ENERGY,semi_submersible,,,,,,7500.0,30000.0,7500.0,106.38,68.88,,,,2000.0,,,,,,xls_historical,True
SEDCO EXPRESS,semi_submersible,,,,,,7500.0,30000.0,7500.0,106.38,68.88,,,,2000.0,,,,,,xls_historical,True
SEDCO 707,semi_submersible,,,,,,6500.0,19685.0,6500.0,108.2,74.68,,,,1976.0,,,,,,xls_historical,True
SEDCO 702,semi_submersible,,,,,,6500.0,25000.0,6500.0,108.2,74.68,,,,1973.0,,,,,,xls_historical,True
SEDCO 706,semi_submersible,,,,,,6500.0,25000.0,6500.0,108.2,74.68,,,,1976.0,,,,,,xls_historical,True
SEDCO 709,semi_submersible,,,,,,5000.0,25000.0,5000.0,91.44,79.86,,,,1977.0,,,,,,xls_historical,True
SEDCO 710,semi_submersible,,,,,,4500.0,25000.0,4500.0,89.92,75.9,,,,1983.0,,,,,,xls_historical,True
TITANIUM EXPLORER,drillship,,,,,,12000.0,40000.0,12000.0,238.05,47.85,,,,2012.0,,,,,,xls_historical,True
-,unknown,,,,,,,,,,,,,,,1.0,3/28/2003,3/22/2003,MC,,bsee_war,True
.,unknown,,,,,,,,,,,,,,,1.0,12/30/2001,12/24/2001,PL,,bsee_war,True
\,unknown,,,,,,,,,,,,,,,1.0,3/10/2002,3/4/2002,GC,,bsee_war,True
],unknown,,,,,,,,,,,,,,,1.0,1/10/1999,1/4/1999,EI,,bsee_war,True
