# Converted from GDF: L03 Outer column CS.gdf
# OrcaWave auto-generated control surface mesh for Aft offset column
# Vertices: 4674
# Faces: 9516

o OrcaWave_auto-generated_control_surface_mesh_for_Aft_offset_column

v -15.000000 -14.959000 -23.000000
v -15.000000 -13.961700 -23.000000
v -14.032300 -13.961700 -23.000000
v -14.032300 -14.959000 -23.000000
v -13.064500 -13.961700 -23.000000
v -13.064500 -14.959000 -23.000000
v -12.096800 -13.961700 -23.000000
v -12.096800 -14.959000 -23.000000
v -11.129000 -13.961700 -23.000000
v -11.129000 -14.959000 -23.000000
v -10.161300 -13.961700 -23.000000
v -10.161300 -14.959000 -23.000000
v -9.193550 -13.961700 -23.000000
v -9.193550 -14.959000 -23.000000
v -8.225810 -13.961700 -23.000000
v -8.225810 -14.959000 -23.000000
v -7.258060 -13.961700 -23.000000
v -7.258060 -14.959000 -23.000000
v -6.290320 -13.961700 -23.000000
v -6.290320 -14.959000 -23.000000
v -5.322580 -13.961700 -23.000000
v -5.322580 -14.959000 -23.000000
v -4.354840 -13.961700 -23.000000
v -4.354840 -14.959000 -23.000000
v -3.387100 -13.961700 -23.000000
v -3.387100 -14.959000 -23.000000
v -2.419350 -13.961700 -23.000000
v -2.419350 -14.959000 -23.000000
v -1.451610 -13.961700 -23.000000
v -1.451610 -14.959000 -23.000000
v -0.483870 -13.961700 -23.000000
v -0.483870 -14.959000 -23.000000
v 0.483870 -13.961700 -23.000000
v 0.483870 -14.959000 -23.000000
v 1.451610 -13.961700 -23.000000
v 1.451610 -14.959000 -23.000000
v 2.419350 -13.961700 -23.000000
v 2.419350 -14.959000 -23.000000
v 3.387100 -13.961700 -23.000000
v 3.387100 -14.959000 -23.000000
v 4.354840 -13.961700 -23.000000
v 4.354840 -14.959000 -23.000000
v 5.322580 -13.961700 -23.000000
v 5.322580 -14.959000 -23.000000
v 6.290320 -13.961700 -23.000000
v 6.290320 -14.959000 -23.000000
v 7.258060 -13.961700 -23.000000
v 7.258060 -14.959000 -23.000000
v 8.225810 -13.961700 -23.000000
v 8.225810 -14.959000 -23.000000
v 9.193550 -13.961700 -23.000000
v 9.193550 -14.959000 -23.000000
v 10.161300 -13.961700 -23.000000
v 10.161300 -14.959000 -23.000000
v 11.129000 -13.961700 -23.000000
v 11.129000 -14.959000 -23.000000
v 12.096800 -13.961700 -23.000000
v 12.096800 -14.959000 -23.000000
v 13.064500 -13.961700 -23.000000
v 13.064500 -14.959000 -23.000000
v 14.032300 -13.961700 -23.000000
v 14.032300 -14.959000 -23.000000
v 15.000000 -13.961700 -23.000000
v 15.000000 -14.959000 -23.000000
v -15.000000 -12.964500 -23.000000
v -14.032300 -12.964500 -23.000000
v -13.064500 -12.964500 -23.000000
v -12.096800 -12.964500 -23.000000
v -11.129000 -12.964500 -23.000000
v -10.161300 -12.964500 -23.000000
v -9.193550 -12.964500 -23.000000
v -8.225810 -12.964500 -23.000000
v -7.258060 -12.964500 -23.000000
v -6.290320 -12.964500 -23.000000
v -5.322580 -12.964500 -23.000000
v -4.354840 -12.964500 -23.000000
v -3.387100 -12.964500 -23.000000
v -2.419350 -12.964500 -23.000000
v -1.451610 -12.964500 -23.000000
v -0.483870 -12.964500 -23.000000
v 0.483870 -12.964500 -23.000000
v 1.451610 -12.964500 -23.000000
v 2.419350 -12.964500 -23.000000
v 3.387100 -12.964500 -23.000000
v 4.354840 -12.964500 -23.000000
v 5.322580 -12.964500 -23.000000
v 6.290320 -12.964500 -23.000000
v 7.258060 -12.964500 -23.000000
v 8.225810 -12.964500 -23.000000
v 9.193550 -12.964500 -23.000000
v 10.161300 -12.964500 -23.000000
v 11.129000 -12.964500 -23.000000
v 12.096800 -12.964500 -23.000000
v 13.064500 -12.964500 -23.000000
v 14.032300 -12.964500 -23.000000
v 15.000000 -12.964500 -23.000000
v -15.000000 -11.967200 -23.000000
v -14.032300 -11.967200 -23.000000
v -13.064500 -11.967200 -23.000000
v -12.096800 -11.967200 -23.000000
v -11.129000 -11.967200 -23.000000
v -10.161300 -11.967200 -23.000000
v -9.193550 -11.967200 -23.000000
v -8.225810 -11.967200 -23.000000
v -7.258060 -11.967200 -23.000000
v -6.290320 -11.967200 -23.000000
v -5.322580 -11.967200 -23.000000
v -4.354840 -11.967200 -23.000000
v -3.387100 -11.967200 -23.000000
v -2.419350 -11.967200 -23.000000
v -1.451610 -11.967200 -23.000000
v -0.483870 -11.967200 -23.000000
v 0.483870 -11.967200 -23.000000
v 1.451610 -11.967200 -23.000000
v 2.419350 -11.967200 -23.000000
v 3.387100 -11.967200 -23.000000
v 4.354840 -11.967200 -23.000000
v 5.322580 -11.967200 -23.000000
v 6.290320 -11.967200 -23.000000
v 7.258060 -11.967200 -23.000000
v 8.225810 -11.967200 -23.000000
v 9.193550 -11.967200 -23.000000
v 10.161300 -11.967200 -23.000000
v 11.129000 -11.967200 -23.000000
v 12.096800 -11.967200 -23.000000
v 13.064500 -11.967200 -23.000000
v 14.032300 -11.967200 -23.000000
v 15.000000 -11.967200 -23.000000
v -15.000000 -10.969900 -23.000000
v -14.032300 -10.969900 -23.000000
v -13.064500 -10.969900 -23.000000
v -12.096800 -10.969900 -23.000000
v -11.129000 -10.969900 -23.000000
v -10.161300 -10.969900 -23.000000
v -9.193550 -10.969900 -23.000000
v -8.225810 -10.969900 -23.000000
v -7.258060 -10.969900 -23.000000
v -6.290320 -10.969900 -23.000000
v -5.322580 -10.969900 -23.000000
v -4.354840 -10.969900 -23.000000
v -3.387100 -10.969900 -23.000000
v -2.419350 -10.969900 -23.000000
v -1.451610 -10.969900 -23.000000
v -0.483870 -10.969900 -23.000000
v 0.483870 -10.969900 -23.000000
v 1.451610 -10.969900 -23.000000
v 2.419350 -10.969900 -23.000000
v 3.387100 -10.969900 -23.000000
v 4.354840 -10.969900 -23.000000
v 5.322580 -10.969900 -23.000000
v 6.290320 -10.969900 -23.000000
v 7.258060 -10.969900 -23.000000
v 8.225810 -10.969900 -23.000000
v 9.193550 -10.969900 -23.000000
v 10.161300 -10.969900 -23.000000
v 11.129000 -10.969900 -23.000000
v 12.096800 -10.969900 -23.000000
v 13.064500 -10.969900 -23.000000
v 14.032300 -10.969900 -23.000000
v 15.000000 -10.969900 -23.000000
v -15.000000 -9.972680 -23.000000
v -14.032300 -9.972680 -23.000000
v -13.064500 -9.972680 -23.000000
v -12.096800 -9.972680 -23.000000
v -11.129000 -9.972680 -23.000000
v -10.161300 -9.972680 -23.000000
v -9.193550 -9.972680 -23.000000
v -8.225810 -9.972680 -23.000000
v -7.258060 -9.972680 -23.000000
v -6.290320 -9.972680 -23.000000
v -5.322580 -9.972680 -23.000000
v -4.354840 -9.972680 -23.000000
v -3.387100 -9.972680 -23.000000
v -2.419350 -9.972680 -23.000000
v -1.451610 -9.972680 -23.000000
v -0.483870 -9.972680 -23.000000
v 0.483870 -9.972680 -23.000000
v 1.451610 -9.972680 -23.000000
v 2.419350 -9.972680 -23.000000
v 3.387100 -9.972680 -23.000000
v 4.354840 -9.972680 -23.000000
v 5.322580 -9.972680 -23.000000
v 6.290320 -9.972680 -23.000000
v 7.258060 -9.972680 -23.000000
v 8.225810 -9.972680 -23.000000
v 9.193550 -9.972680 -23.000000
v 10.161300 -9.972680 -23.000000
v 11.129000 -9.972680 -23.000000
v 12.096800 -9.972680 -23.000000
v 13.064500 -9.972680 -23.000000
v 14.032300 -9.972680 -23.000000
v 15.000000 -9.972680 -23.000000
v -15.000000 -8.975410 -23.000000
v -14.032300 -8.975410 -23.000000
v -13.064500 -8.975410 -23.000000
v -12.096800 -8.975410 -23.000000
v -11.129000 -8.975410 -23.000000
v -10.161300 -8.975410 -23.000000
v -9.193550 -8.975410 -23.000000
v -8.225810 -8.975410 -23.000000
v -7.258060 -8.975410 -23.000000
v -6.290320 -8.975410 -23.000000
v -5.322580 -8.975410 -23.000000
v -4.354840 -8.975410 -23.000000
v -3.387100 -8.975410 -23.000000
v -2.419350 -8.975410 -23.000000
v -1.451610 -8.975410 -23.000000
v -0.483870 -8.975410 -23.000000
v 0.483870 -8.975410 -23.000000
v 1.451610 -8.975410 -23.000000
v 2.419350 -8.975410 -23.000000
v 3.387100 -8.975410 -23.000000
v 4.354840 -8.975410 -23.000000
v 5.322580 -8.975410 -23.000000
v 6.290320 -8.975410 -23.000000
v 7.258060 -8.975410 -23.000000
v 8.225810 -8.975410 -23.000000
v 9.193550 -8.975410 -23.000000
v 10.161300 -8.975410 -23.000000
v 11.129000 -8.975410 -23.000000
v 12.096800 -8.975410 -23.000000
v 13.064500 -8.975410 -23.000000
v 14.032300 -8.975410 -23.000000
v 15.000000 -8.975410 -23.000000
v -15.000000 -7.978140 -23.000000
v -14.032300 -7.978140 -23.000000
v -13.064500 -7.978140 -23.000000
v -12.096800 -7.978140 -23.000000
v -11.129000 -7.978140 -23.000000
v -10.161300 -7.978140 -23.000000
v -9.193550 -7.978140 -23.000000
v -8.225810 -7.978140 -23.000000
v -7.258060 -7.978140 -23.000000
v -6.290320 -7.978140 -23.000000
v -5.322580 -7.978140 -23.000000
v -4.354840 -7.978140 -23.000000
v -3.387100 -7.978140 -23.000000
v -2.419350 -7.978140 -23.000000
v -1.451610 -7.978140 -23.000000
v -0.483870 -7.978140 -23.000000
v 0.483870 -7.978140 -23.000000
v 1.451610 -7.978140 -23.000000
v 2.419350 -7.978140 -23.000000
v 3.387100 -7.978140 -23.000000
v 4.354840 -7.978140 -23.000000
v 5.322580 -7.978140 -23.000000
v 6.290320 -7.978140 -23.000000
v 7.258060 -7.978140 -23.000000
v 8.225810 -7.978140 -23.000000
v 9.193550 -7.978140 -23.000000
v 10.161300 -7.978140 -23.000000
v 11.129000 -7.978140 -23.000000
v 12.096800 -7.978140 -23.000000
v 13.064500 -7.978140 -23.000000
v 14.032300 -7.978140 -23.000000
v 15.000000 -7.978140 -23.000000
v -15.000000 -6.980870 -23.000000
v -14.032300 -6.980870 -23.000000
v -13.064500 -6.980870 -23.000000
v -12.096800 -6.980870 -23.000000
v -11.129000 -6.980870 -23.000000
v -10.161300 -6.980870 -23.000000
v -9.193550 -6.980870 -23.000000
v -8.225810 -6.980870 -23.000000
v -7.258060 -6.980870 -23.000000
v -6.290320 -6.980870 -23.000000
v -5.322580 -6.980870 -23.000000
v -4.354840 -6.980870 -23.000000
v -3.387100 -6.980870 -23.000000
v -2.419350 -6.980870 -23.000000
v -1.451610 -6.980870 -23.000000
v -0.483870 -6.980870 -23.000000
v 0.483870 -6.980870 -23.000000
v 1.451610 -6.980870 -23.000000
v 2.419350 -6.980870 -23.000000
v 3.387100 -6.980870 -23.000000
v 4.354840 -6.980870 -23.000000
v 5.322580 -6.980870 -23.000000
v 6.290320 -6.980870 -23.000000
v 7.258060 -6.980870 -23.000000
v 8.225810 -6.980870 -23.000000
v 9.193550 -6.980870 -23.000000
v 10.161300 -6.980870 -23.000000
v 11.129000 -6.980870 -23.000000
v 12.096800 -6.980870 -23.000000
v 13.064500 -6.980870 -23.000000
v 14.032300 -6.980870 -23.000000
v 15.000000 -6.980870 -23.000000
v -15.000000 -5.983610 -23.000000
v -14.032300 -5.983610 -23.000000
v -13.064500 -5.983610 -23.000000
v -12.096800 -5.983610 -23.000000
v -11.129000 -5.983610 -23.000000
v -10.161300 -5.983610 -23.000000
v -9.193550 -5.983610 -23.000000
v -8.225810 -5.983610 -23.000000
v -7.258060 -5.983610 -23.000000
v -6.290320 -5.983610 -23.000000
v -5.322580 -5.983610 -23.000000
v -4.354840 -5.983610 -23.000000
v -3.387100 -5.983610 -23.000000
v -2.419350 -5.983610 -23.000000
v -1.451610 -5.983610 -23.000000
v -0.483870 -5.983610 -23.000000
v 0.483870 -5.983610 -23.000000
v 1.451610 -5.983610 -23.000000
v 2.419350 -5.983610 -23.000000
v 3.387100 -5.983610 -23.000000
v 4.354840 -5.983610 -23.000000
v 5.322580 -5.983610 -23.000000
v 6.290320 -5.983610 -23.000000
v 7.258060 -5.983610 -23.000000
v 8.225810 -5.983610 -23.000000
v 9.193550 -5.983610 -23.000000
v 10.161300 -5.983610 -23.000000
v 11.129000 -5.983610 -23.000000
v 12.096800 -5.983610 -23.000000
v 13.064500 -5.983610 -23.000000
v 14.032300 -5.983610 -23.000000
v 15.000000 -5.983610 -23.000000
v -15.000000 -4.986340 -23.000000
v -14.032300 -4.986340 -23.000000
v -13.064500 -4.986340 -23.000000
v -12.096800 -4.986340 -23.000000
v -11.129000 -4.986340 -23.000000
v -10.161300 -4.986340 -23.000000
v -9.193550 -4.986340 -23.000000
v -8.225810 -4.986340 -23.000000
v -7.258060 -4.986340 -23.000000
v -6.290320 -4.986340 -23.000000
v -5.322580 -4.986340 -23.000000
v -4.354840 -4.986340 -23.000000
v -3.387100 -4.986340 -23.000000
v -2.419350 -4.986340 -23.000000
v -1.451610 -4.986340 -23.000000
v -0.483870 -4.986340 -23.000000
v 0.483870 -4.986340 -23.000000
v 1.451610 -4.986340 -23.000000
v 2.419350 -4.986340 -23.000000
v 3.387100 -4.986340 -23.000000
v 4.354840 -4.986340 -23.000000
v 5.322580 -4.986340 -23.000000
v 6.290320 -4.986340 -23.000000
v 7.258060 -4.986340 -23.000000
v 8.225810 -4.986340 -23.000000
v 9.193550 -4.986340 -23.000000
v 10.161300 -4.986340 -23.000000
v 11.129000 -4.986340 -23.000000
v 12.096800 -4.986340 -23.000000
v 13.064500 -4.986340 -23.000000
v 14.032300 -4.986340 -23.000000
v 15.000000 -4.986340 -23.000000
v -15.000000 -3.989070 -23.000000
v -14.032300 -3.989070 -23.000000
v -13.064500 -3.989070 -23.000000
v -12.096800 -3.989070 -23.000000
v -11.129000 -3.989070 -23.000000
v -10.161300 -3.989070 -23.000000
v -9.193550 -3.989070 -23.000000
v -8.225810 -3.989070 -23.000000
v -7.258060 -3.989070 -23.000000
v -6.290320 -3.989070 -23.000000
v -5.322580 -3.989070 -23.000000
v -4.354840 -3.989070 -23.000000
v -3.387100 -3.989070 -23.000000
v -2.419350 -3.989070 -23.000000
v -1.451610 -3.989070 -23.000000
v -0.483870 -3.989070 -23.000000
v 0.483870 -3.989070 -23.000000
v 1.451610 -3.989070 -23.000000
v 2.419350 -3.989070 -23.000000
v 3.387100 -3.989070 -23.000000
v 4.354840 -3.989070 -23.000000
v 5.322580 -3.989070 -23.000000
v 6.290320 -3.989070 -23.000000
v 7.258060 -3.989070 -23.000000
v 8.225810 -3.989070 -23.000000
v 9.193550 -3.989070 -23.000000
v 10.161300 -3.989070 -23.000000
v 11.129000 -3.989070 -23.000000
v 12.096800 -3.989070 -23.000000
v 13.064500 -3.989070 -23.000000
v 14.032300 -3.989070 -23.000000
v 15.000000 -3.989070 -23.000000
v -15.000000 -2.991800 -23.000000
v -14.032300 -2.991800 -23.000000
v -13.064500 -2.991800 -23.000000
v -12.096800 -2.991800 -23.000000
v -11.129000 -2.991800 -23.000000
v -10.161300 -2.991800 -23.000000
v -9.193550 -2.991800 -23.000000
v -8.225810 -2.991800 -23.000000
v -7.258060 -2.991800 -23.000000
v -6.290320 -2.991800 -23.000000
v -5.322580 -2.991800 -23.000000
v -4.354840 -2.991800 -23.000000
v -3.387100 -2.991800 -23.000000
v -2.419350 -2.991800 -23.000000
v -1.451610 -2.991800 -23.000000
v -0.483870 -2.991800 -23.000000
v 0.483870 -2.991800 -23.000000
v 1.451610 -2.991800 -23.000000
v 2.419350 -2.991800 -23.000000
v 3.387100 -2.991800 -23.000000
v 4.354840 -2.991800 -23.000000
v 5.322580 -2.991800 -23.000000
v 6.290320 -2.991800 -23.000000
v 7.258060 -2.991800 -23.000000
v 8.225810 -2.991800 -23.000000
v 9.193550 -2.991800 -23.000000
v 10.161300 -2.991800 -23.000000
v 11.129000 -2.991800 -23.000000
v 12.096800 -2.991800 -23.000000
v 13.064500 -2.991800 -23.000000
v 14.032300 -2.991800 -23.000000
v 15.000000 -2.991800 -23.000000
v -15.000000 -1.994540 -23.000000
v -14.032300 -1.994540 -23.000000
v -13.064500 -1.994540 -23.000000
v -12.096800 -1.994540 -23.000000
v -11.129000 -1.994540 -23.000000
v -10.161300 -1.994540 -23.000000
v -9.193550 -1.994540 -23.000000
v -8.225810 -1.994540 -23.000000
v -7.258060 -1.994540 -23.000000
v -6.290320 -1.994540 -23.000000
v -5.322580 -1.994540 -23.000000
v -4.354840 -1.994540 -23.000000
v -3.387100 -1.994540 -23.000000
v -2.419350 -1.994540 -23.000000
v -1.451610 -1.994540 -23.000000
v -0.483870 -1.994540 -23.000000
v 0.483870 -1.994540 -23.000000
v 1.451610 -1.994540 -23.000000
v 2.419350 -1.994540 -23.000000
v 3.387100 -1.994540 -23.000000
v 4.354840 -1.994540 -23.000000
v 5.322580 -1.994540 -23.000000
v 6.290320 -1.994540 -23.000000
v 7.258060 -1.994540 -23.000000
v 8.225810 -1.994540 -23.000000
v 9.193550 -1.994540 -23.000000
v 10.161300 -1.994540 -23.000000
v 11.129000 -1.994540 -23.000000
v 12.096800 -1.994540 -23.000000
v 13.064500 -1.994540 -23.000000
v 14.032300 -1.994540 -23.000000
v 15.000000 -1.994540 -23.000000
v -15.000000 -0.997270 -23.000000
v -14.032300 -0.997270 -23.000000
v -13.064500 -0.997270 -23.000000
v -12.096800 -0.997270 -23.000000
v -11.129000 -0.997270 -23.000000
v -10.161300 -0.997270 -23.000000
v -9.193550 -0.997270 -23.000000
v -8.225810 -0.997270 -23.000000
v -7.258060 -0.997270 -23.000000
v -6.290320 -0.997270 -23.000000
v -5.322580 -0.997270 -23.000000
v -4.354840 -0.997270 -23.000000
v -3.387100 -0.997270 -23.000000
v -2.419350 -0.997270 -23.000000
v -1.451610 -0.997270 -23.000000
v -0.483870 -0.997270 -23.000000
v 0.483870 -0.997270 -23.000000
v 1.451610 -0.997270 -23.000000
v 2.419350 -0.997270 -23.000000
v 3.387100 -0.997270 -23.000000
v 4.354840 -0.997270 -23.000000
v 5.322580 -0.997270 -23.000000
v 6.290320 -0.997270 -23.000000
v 7.258060 -0.997270 -23.000000
v 8.225810 -0.997270 -23.000000
v 9.193550 -0.997270 -23.000000
v 10.161300 -0.997270 -23.000000
v 11.129000 -0.997270 -23.000000
v 12.096800 -0.997270 -23.000000
v 13.064500 -0.997270 -23.000000
v 14.032300 -0.997270 -23.000000
v 15.000000 -0.997270 -23.000000
v -15.000000 0.000000 -23.000000
v -14.032300 0.000000 -23.000000
v -13.064500 0.000000 -23.000000
v -12.096800 0.000000 -23.000000
v -11.129000 0.000000 -23.000000
v -10.161300 0.000000 -23.000000
v -9.193550 0.000000 -23.000000
v -8.225810 0.000000 -23.000000
v -7.258060 0.000000 -23.000000
v -6.290320 0.000000 -23.000000
v -5.322580 0.000000 -23.000000
v -4.354840 0.000000 -23.000000
v -3.387100 0.000000 -23.000000
v -2.419350 0.000000 -23.000000
v -1.451610 0.000000 -23.000000
v -0.483870 0.000000 -23.000000
v 0.483870 0.000000 -23.000000
v 1.451610 0.000000 -23.000000
v 2.419350 0.000000 -23.000000
v 3.387100 0.000000 -23.000000
v 4.354840 0.000000 -23.000000
v 5.322580 0.000000 -23.000000
v 6.290320 0.000000 -23.000000
v 7.258060 0.000000 -23.000000
v 8.225810 0.000000 -23.000000
v 9.193550 0.000000 -23.000000
v 10.161300 0.000000 -23.000000
v 11.129000 0.000000 -23.000000
v 12.096800 0.000000 -23.000000
v 13.064500 0.000000 -23.000000
v 14.032300 0.000000 -23.000000
v 15.000000 0.000000 -23.000000
v -15.000000 0.997270 -23.000000
v -14.032300 0.997270 -23.000000
v -13.064500 0.997270 -23.000000
v -12.096800 0.997270 -23.000000
v -11.129000 0.997270 -23.000000
v -10.161300 0.997270 -23.000000
v -9.193550 0.997270 -23.000000
v -8.225810 0.997270 -23.000000
v -7.258060 0.997270 -23.000000
v -6.290320 0.997270 -23.000000
v -5.322580 0.997270 -23.000000
v -4.354840 0.997270 -23.000000
v -3.387100 0.997270 -23.000000
v -2.419350 0.997270 -23.000000
v -1.451610 0.997270 -23.000000
v -0.483870 0.997270 -23.000000
v 0.483870 0.997270 -23.000000
v 1.451610 0.997270 -23.000000
v 2.419350 0.997270 -23.000000
v 3.387100 0.997270 -23.000000
v 4.354840 0.997270 -23.000000
v 5.322580 0.997270 -23.000000
v 6.290320 0.997270 -23.000000
v 7.258060 0.997270 -23.000000
v 8.225810 0.997270 -23.000000
v 9.193550 0.997270 -23.000000
v 10.161300 0.997270 -23.000000
v 11.129000 0.997270 -23.000000
v 12.096800 0.997270 -23.000000
v 13.064500 0.997270 -23.000000
v 14.032300 0.997270 -23.000000
v 15.000000 0.997270 -23.000000
v -15.000000 1.994540 -23.000000
v -14.032300 1.994540 -23.000000
v -13.064500 1.994540 -23.000000
v -12.096800 1.994540 -23.000000
v -11.129000 1.994540 -23.000000
v -10.161300 1.994540 -23.000000
v -9.193550 1.994540 -23.000000
v -8.225810 1.994540 -23.000000
v -7.258060 1.994540 -23.000000
v -6.290320 1.994540 -23.000000
v -5.322580 1.994540 -23.000000
v -4.354840 1.994540 -23.000000
v -3.387100 1.994540 -23.000000
v -2.419350 1.994540 -23.000000
v -1.451610 1.994540 -23.000000
v -0.483870 1.994540 -23.000000
v 0.483870 1.994540 -23.000000
v 1.451610 1.994540 -23.000000
v 2.419350 1.994540 -23.000000
v 3.387100 1.994540 -23.000000
v 4.354840 1.994540 -23.000000
v 5.322580 1.994540 -23.000000
v 6.290320 1.994540 -23.000000
v 7.258060 1.994540 -23.000000
v 8.225810 1.994540 -23.000000
v 9.193550 1.994540 -23.000000
v 10.161300 1.994540 -23.000000
v 11.129000 1.994540 -23.000000
v 12.096800 1.994540 -23.000000
v 13.064500 1.994540 -23.000000
v 14.032300 1.994540 -23.000000
v 15.000000 1.994540 -23.000000
v -15.000000 2.991800 -23.000000
v -14.032300 2.991800 -23.000000
v -13.064500 2.991800 -23.000000
v -12.096800 2.991800 -23.000000
v -11.129000 2.991800 -23.000000
v -10.161300 2.991800 -23.000000
v -9.193550 2.991800 -23.000000
v -8.225810 2.991800 -23.000000
v -7.258060 2.991800 -23.000000
v -6.290320 2.991800 -23.000000
v -5.322580 2.991800 -23.000000
v -4.354840 2.991800 -23.000000
v -3.387100 2.991800 -23.000000
v -2.419350 2.991800 -23.000000
v -1.451610 2.991800 -23.000000
v -0.483870 2.991800 -23.000000
v 0.483870 2.991800 -23.000000
v 1.451610 2.991800 -23.000000
v 2.419350 2.991800 -23.000000
v 3.387100 2.991800 -23.000000
v 4.354840 2.991800 -23.000000
v 5.322580 2.991800 -23.000000
v 6.290320 2.991800 -23.000000
v 7.258060 2.991800 -23.000000
v 8.225810 2.991800 -23.000000
v 9.193550 2.991800 -23.000000
v 10.161300 2.991800 -23.000000
v 11.129000 2.991800 -23.000000
v 12.096800 2.991800 -23.000000
v 13.064500 2.991800 -23.000000
v 14.032300 2.991800 -23.000000
v 15.000000 2.991800 -23.000000
v -15.000000 3.989070 -23.000000
v -14.032300 3.989070 -23.000000
v -13.064500 3.989070 -23.000000
v -12.096800 3.989070 -23.000000
v -11.129000 3.989070 -23.000000
v -10.161300 3.989070 -23.000000
v -9.193550 3.989070 -23.000000
v -8.225810 3.989070 -23.000000
v -7.258060 3.989070 -23.000000
v -6.290320 3.989070 -23.000000
v -5.322580 3.989070 -23.000000
v -4.354840 3.989070 -23.000000
v -3.387100 3.989070 -23.000000
v -2.419350 3.989070 -23.000000
v -1.451610 3.989070 -23.000000
v -0.483870 3.989070 -23.000000
v 0.483870 3.989070 -23.000000
v 1.451610 3.989070 -23.000000
v 2.419350 3.989070 -23.000000
v 3.387100 3.989070 -23.000000
v 4.354840 3.989070 -23.000000
v 5.322580 3.989070 -23.000000
v 6.290320 3.989070 -23.000000
v 7.258060 3.989070 -23.000000
v 8.225810 3.989070 -23.000000
v 9.193550 3.989070 -23.000000
v 10.161300 3.989070 -23.000000
v 11.129000 3.989070 -23.000000
v 12.096800 3.989070 -23.000000
v 13.064500 3.989070 -23.000000
v 14.032300 3.989070 -23.000000
v 15.000000 3.989070 -23.000000
v -15.000000 4.986340 -23.000000
v -14.032300 4.986340 -23.000000
v -13.064500 4.986340 -23.000000
v -12.096800 4.986340 -23.000000
v -11.129000 4.986340 -23.000000
v -10.161300 4.986340 -23.000000
v -9.193550 4.986340 -23.000000
v -8.225810 4.986340 -23.000000
v -7.258060 4.986340 -23.000000
v -6.290320 4.986340 -23.000000
v -5.322580 4.986340 -23.000000
v -4.354840 4.986340 -23.000000
v -3.387100 4.986340 -23.000000
v -2.419350 4.986340 -23.000000
v -1.451610 4.986340 -23.000000
v -0.483870 4.986340 -23.000000
v 0.483870 4.986340 -23.000000
v 1.451610 4.986340 -23.000000
v 2.419350 4.986340 -23.000000
v 3.387100 4.986340 -23.000000
v 4.354840 4.986340 -23.000000
v 5.322580 4.986340 -23.000000
v 6.290320 4.986340 -23.000000
v 7.258060 4.986340 -23.000000
v 8.225810 4.986340 -23.000000
v 9.193550 4.986340 -23.000000
v 10.161300 4.986340 -23.000000
v 11.129000 4.986340 -23.000000
v 12.096800 4.986340 -23.000000
v 13.064500 4.986340 -23.000000
v 14.032300 4.986340 -23.000000
v 15.000000 4.986340 -23.000000
v -15.000000 5.983610 -23.000000
v -14.032300 5.983610 -23.000000
v -13.064500 5.983610 -23.000000
v -12.096800 5.983610 -23.000000
v -11.129000 5.983610 -23.000000
v -10.161300 5.983610 -23.000000
v -9.193550 5.983610 -23.000000
v -8.225810 5.983610 -23.000000
v -7.258060 5.983610 -23.000000
v -6.290320 5.983610 -23.000000
v -5.322580 5.983610 -23.000000
v -4.354840 5.983610 -23.000000
v -3.387100 5.983610 -23.000000
v -2.419350 5.983610 -23.000000
v -1.451610 5.983610 -23.000000
v -0.483870 5.983610 -23.000000
v 0.483870 5.983610 -23.000000
v 1.451610 5.983610 -23.000000
v 2.419350 5.983610 -23.000000
v 3.387100 5.983610 -23.000000
v 4.354840 5.983610 -23.000000
v 5.322580 5.983610 -23.000000
v 6.290320 5.983610 -23.000000
v 7.258060 5.983610 -23.000000
v 8.225810 5.983610 -23.000000
v 9.193550 5.983610 -23.000000
v 10.161300 5.983610 -23.000000
v 11.129000 5.983610 -23.000000
v 12.096800 5.983610 -23.000000
v 13.064500 5.983610 -23.000000
v 14.032300 5.983610 -23.000000
v 15.000000 5.983610 -23.000000
v -15.000000 6.980870 -23.000000
v -14.032300 6.980870 -23.000000
v -13.064500 6.980870 -23.000000
v -12.096800 6.980870 -23.000000
v -11.129000 6.980870 -23.000000
v -10.161300 6.980870 -23.000000
v -9.193550 6.980870 -23.000000
v -8.225810 6.980870 -23.000000
v -7.258060 6.980870 -23.000000
v -6.290320 6.980870 -23.000000
v -5.322580 6.980870 -23.000000
v -4.354840 6.980870 -23.000000
v -3.387100 6.980870 -23.000000
v -2.419350 6.980870 -23.000000
v -1.451610 6.980870 -23.000000
v -0.483870 6.980870 -23.000000
v 0.483870 6.980870 -23.000000
v 1.451610 6.980870 -23.000000
v 2.419350 6.980870 -23.000000
v 3.387100 6.980870 -23.000000
v 4.354840 6.980870 -23.000000
v 5.322580 6.980870 -23.000000
v 6.290320 6.980870 -23.000000
v 7.258060 6.980870 -23.000000
v 8.225810 6.980870 -23.000000
v 9.193550 6.980870 -23.000000
v 10.161300 6.980870 -23.000000
v 11.129000 6.980870 -23.000000
v 12.096800 6.980870 -23.000000
v 13.064500 6.980870 -23.000000
v 14.032300 6.980870 -23.000000
v 15.000000 6.980870 -23.000000
v -15.000000 7.978140 -23.000000
v -14.032300 7.978140 -23.000000
v -13.064500 7.978140 -23.000000
v -12.096800 7.978140 -23.000000
v -11.129000 7.978140 -23.000000
v -10.161300 7.978140 -23.000000
v -9.193550 7.978140 -23.000000
v -8.225810 7.978140 -23.000000
v -7.258060 7.978140 -23.000000
v -6.290320 7.978140 -23.000000
v -5.322580 7.978140 -23.000000
v -4.354840 7.978140 -23.000000
v -3.387100 7.978140 -23.000000
v -2.419350 7.978140 -23.000000
v -1.451610 7.978140 -23.000000
v -0.483870 7.978140 -23.000000
v 0.483870 7.978140 -23.000000
v 1.451610 7.978140 -23.000000
v 2.419350 7.978140 -23.000000
v 3.387100 7.978140 -23.000000
v 4.354840 7.978140 -23.000000
v 5.322580 7.978140 -23.000000
v 6.290320 7.978140 -23.000000
v 7.258060 7.978140 -23.000000
v 8.225810 7.978140 -23.000000
v 9.193550 7.978140 -23.000000
v 10.161300 7.978140 -23.000000
v 11.129000 7.978140 -23.000000
v 12.096800 7.978140 -23.000000
v 13.064500 7.978140 -23.000000
v 14.032300 7.978140 -23.000000
v 15.000000 7.978140 -23.000000
v -15.000000 8.975410 -23.000000
v -14.032300 8.975410 -23.000000
v -13.064500 8.975410 -23.000000
v -12.096800 8.975410 -23.000000
v -11.129000 8.975410 -23.000000
v -10.161300 8.975410 -23.000000
v -9.193550 8.975410 -23.000000
v -8.225810 8.975410 -23.000000
v -7.258060 8.975410 -23.000000
v -6.290320 8.975410 -23.000000
v -5.322580 8.975410 -23.000000
v -4.354840 8.975410 -23.000000
v -3.387100 8.975410 -23.000000
v -2.419350 8.975410 -23.000000
v -1.451610 8.975410 -23.000000
v -0.483870 8.975410 -23.000000
v 0.483870 8.975410 -23.000000
v 1.451610 8.975410 -23.000000
v 2.419350 8.975410 -23.000000
v 3.387100 8.975410 -23.000000
v 4.354840 8.975410 -23.000000
v 5.322580 8.975410 -23.000000
v 6.290320 8.975410 -23.000000
v 7.258060 8.975410 -23.000000
v 8.225810 8.975410 -23.000000
v 9.193550 8.975410 -23.000000
v 10.161300 8.975410 -23.000000
v 11.129000 8.975410 -23.000000
v 12.096800 8.975410 -23.000000
v 13.064500 8.975410 -23.000000
v 14.032300 8.975410 -23.000000
v 15.000000 8.975410 -23.000000
v -15.000000 9.972680 -23.000000
v -14.032300 9.972680 -23.000000
v -13.064500 9.972680 -23.000000
v -12.096800 9.972680 -23.000000
v -11.129000 9.972680 -23.000000
v -10.161300 9.972680 -23.000000
v -9.193550 9.972680 -23.000000
v -8.225810 9.972680 -23.000000
v -7.258060 9.972680 -23.000000
v -6.290320 9.972680 -23.000000
v -5.322580 9.972680 -23.000000
v -4.354840 9.972680 -23.000000
v -3.387100 9.972680 -23.000000
v -2.419350 9.972680 -23.000000
v -1.451610 9.972680 -23.000000
v -0.483870 9.972680 -23.000000
v 0.483870 9.972680 -23.000000
v 1.451610 9.972680 -23.000000
v 2.419350 9.972680 -23.000000
v 3.387100 9.972680 -23.000000
v 4.354840 9.972680 -23.000000
v 5.322580 9.972680 -23.000000
v 6.290320 9.972680 -23.000000
v 7.258060 9.972680 -23.000000
v 8.225810 9.972680 -23.000000
v 9.193550 9.972680 -23.000000
v 10.161300 9.972680 -23.000000
v 11.129000 9.972680 -23.000000
v 12.096800 9.972680 -23.000000
v 13.064500 9.972680 -23.000000
v 14.032300 9.972680 -23.000000
v 15.000000 9.972680 -23.000000
v -15.000000 10.969900 -23.000000
v -14.032300 10.969900 -23.000000
v -13.064500 10.969900 -23.000000
v -12.096800 10.969900 -23.000000
v -11.129000 10.969900 -23.000000
v -10.161300 10.969900 -23.000000
v -9.193550 10.969900 -23.000000
v -8.225810 10.969900 -23.000000
v -7.258060 10.969900 -23.000000
v -6.290320 10.969900 -23.000000
v -5.322580 10.969900 -23.000000
v -4.354840 10.969900 -23.000000
v -3.387100 10.969900 -23.000000
v -2.419350 10.969900 -23.000000
v -1.451610 10.969900 -23.000000
v -0.483870 10.969900 -23.000000
v 0.483870 10.969900 -23.000000
v 1.451610 10.969900 -23.000000
v 2.419350 10.969900 -23.000000
v 3.387100 10.969900 -23.000000
v 4.354840 10.969900 -23.000000
v 5.322580 10.969900 -23.000000
v 6.290320 10.969900 -23.000000
v 7.258060 10.969900 -23.000000
v 8.225810 10.969900 -23.000000
v 9.193550 10.969900 -23.000000
v 10.161300 10.969900 -23.000000
v 11.129000 10.969900 -23.000000
v 12.096800 10.969900 -23.000000
v 13.064500 10.969900 -23.000000
v 14.032300 10.969900 -23.000000
v 15.000000 10.969900 -23.000000
v -15.000000 11.967200 -23.000000
v -14.032300 11.967200 -23.000000
v -13.064500 11.967200 -23.000000
v -12.096800 11.967200 -23.000000
v -11.129000 11.967200 -23.000000
v -10.161300 11.967200 -23.000000
v -9.193550 11.967200 -23.000000
v -8.225810 11.967200 -23.000000
v -7.258060 11.967200 -23.000000
v -6.290320 11.967200 -23.000000
v -5.322580 11.967200 -23.000000
v -4.354840 11.967200 -23.000000
v -3.387100 11.967200 -23.000000
v -2.419350 11.967200 -23.000000
v -1.451610 11.967200 -23.000000
v -0.483870 11.967200 -23.000000
v 0.483870 11.967200 -23.000000
v 1.451610 11.967200 -23.000000
v 2.419350 11.967200 -23.000000
v 3.387100 11.967200 -23.000000
v 4.354840 11.967200 -23.000000
v 5.322580 11.967200 -23.000000
v 6.290320 11.967200 -23.000000
v 7.258060 11.967200 -23.000000
v 8.225810 11.967200 -23.000000
v 9.193550 11.967200 -23.000000
v 10.161300 11.967200 -23.000000
v 11.129000 11.967200 -23.000000
v 12.096800 11.967200 -23.000000
v 13.064500 11.967200 -23.000000
v 14.032300 11.967200 -23.000000
v 15.000000 11.967200 -23.000000
v -15.000000 12.964500 -23.000000
v -14.032300 12.964500 -23.000000
v -13.064500 12.964500 -23.000000
v -12.096800 12.964500 -23.000000
v -11.129000 12.964500 -23.000000
v -10.161300 12.964500 -23.000000
v -9.193550 12.964500 -23.000000
v -8.225810 12.964500 -23.000000
v -7.258060 12.964500 -23.000000
v -6.290320 12.964500 -23.000000
v -5.322580 12.964500 -23.000000
v -4.354840 12.964500 -23.000000
v -3.387100 12.964500 -23.000000
v -2.419350 12.964500 -23.000000
v -1.451610 12.964500 -23.000000
v -0.483870 12.964500 -23.000000
v 0.483870 12.964500 -23.000000
v 1.451610 12.964500 -23.000000
v 2.419350 12.964500 -23.000000
v 3.387100 12.964500 -23.000000
v 4.354840 12.964500 -23.000000
v 5.322580 12.964500 -23.000000
v 6.290320 12.964500 -23.000000
v 7.258060 12.964500 -23.000000
v 8.225810 12.964500 -23.000000
v 9.193550 12.964500 -23.000000
v 10.161300 12.964500 -23.000000
v 11.129000 12.964500 -23.000000
v 12.096800 12.964500 -23.000000
v 13.064500 12.964500 -23.000000
v 14.032300 12.964500 -23.000000
v 15.000000 12.964500 -23.000000
v -15.000000 13.961700 -23.000000
v -14.032300 13.961700 -23.000000
v -13.064500 13.961700 -23.000000
v -12.096800 13.961700 -23.000000
v -11.129000 13.961700 -23.000000
v -10.161300 13.961700 -23.000000
v -9.193550 13.961700 -23.000000
v -8.225810 13.961700 -23.000000
v -7.258060 13.961700 -23.000000
v -6.290320 13.961700 -23.000000
v -5.322580 13.961700 -23.000000
v -4.354840 13.961700 -23.000000
v -3.387100 13.961700 -23.000000
v -2.419350 13.961700 -23.000000
v -1.451610 13.961700 -23.000000
v -0.483870 13.961700 -23.000000
v 0.483870 13.961700 -23.000000
v 1.451610 13.961700 -23.000000
v 2.419350 13.961700 -23.000000
v 3.387100 13.961700 -23.000000
v 4.354840 13.961700 -23.000000
v 5.322580 13.961700 -23.000000
v 6.290320 13.961700 -23.000000
v 7.258060 13.961700 -23.000000
v 8.225810 13.961700 -23.000000
v 9.193550 13.961700 -23.000000
v 10.161300 13.961700 -23.000000
v 11.129000 13.961700 -23.000000
v 12.096800 13.961700 -23.000000
v 13.064500 13.961700 -23.000000
v 14.032300 13.961700 -23.000000
v 15.000000 13.961700 -23.000000
v -15.000000 14.959000 -23.000000
v -14.032300 14.959000 -23.000000
v -13.064500 14.959000 -23.000000
v -12.096800 14.959000 -23.000000
v -11.129000 14.959000 -23.000000
v -10.161300 14.959000 -23.000000
v -9.193550 14.959000 -23.000000
v -8.225810 14.959000 -23.000000
v -7.258060 14.959000 -23.000000
v -6.290320 14.959000 -23.000000
v -5.322580 14.959000 -23.000000
v -4.354840 14.959000 -23.000000
v -3.387100 14.959000 -23.000000
v -2.419350 14.959000 -23.000000
v -1.451610 14.959000 -23.000000
v -0.483870 14.959000 -23.000000
v 0.483870 14.959000 -23.000000
v 1.451610 14.959000 -23.000000
v 2.419350 14.959000 -23.000000
v 3.387100 14.959000 -23.000000
v 4.354840 14.959000 -23.000000
v 5.322580 14.959000 -23.000000
v 6.290320 14.959000 -23.000000
v 7.258060 14.959000 -23.000000
v 8.225810 14.959000 -23.000000
v 9.193550 14.959000 -23.000000
v 10.161300 14.959000 -23.000000
v 11.129000 14.959000 -23.000000
v 12.096800 14.959000 -23.000000
v 13.064500 14.959000 -23.000000
v 14.032300 14.959000 -23.000000
v 15.000000 14.959000 -23.000000
v 15.000000 -13.961700 -22.000000
v 15.000000 -14.959000 -22.000000
v 15.000000 -13.961700 -21.000000
v 15.000000 -14.959000 -21.000000
v 15.000000 -13.961700 -20.000000
v 15.000000 -14.959000 -20.000000
v 15.000000 -13.961700 -19.000000
v 15.000000 -14.959000 -19.000000
v 15.000000 -13.961700 -18.000000
v 15.000000 -14.959000 -18.000000
v 15.000000 -13.961700 -17.000000
v 15.000000 -14.959000 -17.000000
v 15.000000 -13.961700 -16.000000
v 15.000000 -14.959000 -16.000000
v 15.000000 -13.961700 -15.000000
v 15.000000 -14.959000 -15.000000
v 15.000000 -13.961700 -14.000000
v 15.000000 -14.959000 -14.000000
v 15.000000 -13.961700 -13.000000
v 15.000000 -14.959000 -13.000000
v 15.000000 -13.961700 -12.000000
v 15.000000 -14.959000 -12.000000
v 15.000000 -13.961700 -11.000000
v 15.000000 -14.959000 -11.000000
v 15.000000 -13.961700 -10.000000
v 15.000000 -14.959000 -10.000000
v 15.000000 -13.961700 -9.000000
v 15.000000 -14.959000 -9.000000
v 15.000000 -13.961700 -8.000000
v 15.000000 -14.959000 -8.000000
v 15.000000 -13.961700 -7.000000
v 15.000000 -14.959000 -7.000000
v 15.000000 -13.961700 -6.000000
v 15.000000 -14.959000 -6.000000
v 15.000000 -13.961700 -5.000000
v 15.000000 -14.959000 -5.000000
v 15.000000 -13.961700 -4.000000
v 15.000000 -14.959000 -4.000000
v 15.000000 -13.961700 -3.000000
v 15.000000 -14.959000 -3.000000
v 15.000000 -13.961700 -2.000000
v 15.000000 -14.959000 -2.000000
v 15.000000 -13.961700 -1.000000
v 15.000000 -14.959000 -1.000000
v 15.000000 -13.961700 0.000000
v 15.000000 -14.959000 0.000000
v 15.000000 -12.964500 -22.000000
v 15.000000 -12.964500 -21.000000
v 15.000000 -12.964500 -20.000000
v 15.000000 -12.964500 -19.000000
v 15.000000 -12.964500 -18.000000
v 15.000000 -12.964500 -17.000000
v 15.000000 -12.964500 -16.000000
v 15.000000 -12.964500 -15.000000
v 15.000000 -12.964500 -14.000000
v 15.000000 -12.964500 -13.000000
v 15.000000 -12.964500 -12.000000
v 15.000000 -12.964500 -11.000000
v 15.000000 -12.964500 -10.000000
v 15.000000 -12.964500 -9.000000
v 15.000000 -12.964500 -8.000000
v 15.000000 -12.964500 -7.000000
v 15.000000 -12.964500 -6.000000
v 15.000000 -12.964500 -5.000000
v 15.000000 -12.964500 -4.000000
v 15.000000 -12.964500 -3.000000
v 15.000000 -12.964500 -2.000000
v 15.000000 -12.964500 -1.000000
v 15.000000 -12.964500 0.000000
v 15.000000 -11.967200 -22.000000
v 15.000000 -11.967200 -21.000000
v 15.000000 -11.967200 -20.000000
v 15.000000 -11.967200 -19.000000
v 15.000000 -11.967200 -18.000000
v 15.000000 -11.967200 -17.000000
v 15.000000 -11.967200 -16.000000
v 15.000000 -11.967200 -15.000000
v 15.000000 -11.967200 -14.000000
v 15.000000 -11.967200 -13.000000
v 15.000000 -11.967200 -12.000000
v 15.000000 -11.967200 -11.000000
v 15.000000 -11.967200 -10.000000
v 15.000000 -11.967200 -9.000000
v 15.000000 -11.967200 -8.000000
v 15.000000 -11.967200 -7.000000
v 15.000000 -11.967200 -6.000000
v 15.000000 -11.967200 -5.000000
v 15.000000 -11.967200 -4.000000
v 15.000000 -11.967200 -3.000000
v 15.000000 -11.967200 -2.000000
v 15.000000 -11.967200 -1.000000
v 15.000000 -11.967200 0.000000
v 15.000000 -10.969900 -22.000000
v 15.000000 -10.969900 -21.000000
v 15.000000 -10.969900 -20.000000
v 15.000000 -10.969900 -19.000000
v 15.000000 -10.969900 -18.000000
v 15.000000 -10.969900 -17.000000
v 15.000000 -10.969900 -16.000000
v 15.000000 -10.969900 -15.000000
v 15.000000 -10.969900 -14.000000
v 15.000000 -10.969900 -13.000000
v 15.000000 -10.969900 -12.000000
v 15.000000 -10.969900 -11.000000
v 15.000000 -10.969900 -10.000000
v 15.000000 -10.969900 -9.000000
v 15.000000 -10.969900 -8.000000
v 15.000000 -10.969900 -7.000000
v 15.000000 -10.969900 -6.000000
v 15.000000 -10.969900 -5.000000
v 15.000000 -10.969900 -4.000000
v 15.000000 -10.969900 -3.000000
v 15.000000 -10.969900 -2.000000
v 15.000000 -10.969900 -1.000000
v 15.000000 -10.969900 0.000000
v 15.000000 -9.972680 -22.000000
v 15.000000 -9.972680 -21.000000
v 15.000000 -9.972680 -20.000000
v 15.000000 -9.972680 -19.000000
v 15.000000 -9.972680 -18.000000
v 15.000000 -9.972680 -17.000000
v 15.000000 -9.972680 -16.000000
v 15.000000 -9.972680 -15.000000
v 15.000000 -9.972680 -14.000000
v 15.000000 -9.972680 -13.000000
v 15.000000 -9.972680 -12.000000
v 15.000000 -9.972680 -11.000000
v 15.000000 -9.972680 -10.000000
v 15.000000 -9.972680 -9.000000
v 15.000000 -9.972680 -8.000000
v 15.000000 -9.972680 -7.000000
v 15.000000 -9.972680 -6.000000
v 15.000000 -9.972680 -5.000000
v 15.000000 -9.972680 -4.000000
v 15.000000 -9.972680 -3.000000
v 15.000000 -9.972680 -2.000000
v 15.000000 -9.972680 -1.000000
v 15.000000 -9.972680 0.000000
v 15.000000 -8.975410 -22.000000
v 15.000000 -8.975410 -21.000000
v 15.000000 -8.975410 -20.000000
v 15.000000 -8.975410 -19.000000
v 15.000000 -8.975410 -18.000000
v 15.000000 -8.975410 -17.000000
v 15.000000 -8.975410 -16.000000
v 15.000000 -8.975410 -15.000000
v 15.000000 -8.975410 -14.000000
v 15.000000 -8.975410 -13.000000
v 15.000000 -8.975410 -12.000000
v 15.000000 -8.975410 -11.000000
v 15.000000 -8.975410 -10.000000
v 15.000000 -8.975410 -9.000000
v 15.000000 -8.975410 -8.000000
v 15.000000 -8.975410 -7.000000
v 15.000000 -8.975410 -6.000000
v 15.000000 -8.975410 -5.000000
v 15.000000 -8.975410 -4.000000
v 15.000000 -8.975410 -3.000000
v 15.000000 -8.975410 -2.000000
v 15.000000 -8.975410 -1.000000
v 15.000000 -8.975410 0.000000
v 15.000000 -7.978140 -22.000000
v 15.000000 -7.978140 -21.000000
v 15.000000 -7.978140 -20.000000
v 15.000000 -7.978140 -19.000000
v 15.000000 -7.978140 -18.000000
v 15.000000 -7.978140 -17.000000
v 15.000000 -7.978140 -16.000000
v 15.000000 -7.978140 -15.000000
v 15.000000 -7.978140 -14.000000
v 15.000000 -7.978140 -13.000000
v 15.000000 -7.978140 -12.000000
v 15.000000 -7.978140 -11.000000
v 15.000000 -7.978140 -10.000000
v 15.000000 -7.978140 -9.000000
v 15.000000 -7.978140 -8.000000
v 15.000000 -7.978140 -7.000000
v 15.000000 -7.978140 -6.000000
v 15.000000 -7.978140 -5.000000
v 15.000000 -7.978140 -4.000000
v 15.000000 -7.978140 -3.000000
v 15.000000 -7.978140 -2.000000
v 15.000000 -7.978140 -1.000000
v 15.000000 -7.978140 0.000000
v 15.000000 -6.980870 -22.000000
v 15.000000 -6.980870 -21.000000
v 15.000000 -6.980870 -20.000000
v 15.000000 -6.980870 -19.000000
v 15.000000 -6.980870 -18.000000
v 15.000000 -6.980870 -17.000000
v 15.000000 -6.980870 -16.000000
v 15.000000 -6.980870 -15.000000
v 15.000000 -6.980870 -14.000000
v 15.000000 -6.980870 -13.000000
v 15.000000 -6.980870 -12.000000
v 15.000000 -6.980870 -11.000000
v 15.000000 -6.980870 -10.000000
v 15.000000 -6.980870 -9.000000
v 15.000000 -6.980870 -8.000000
v 15.000000 -6.980870 -7.000000
v 15.000000 -6.980870 -6.000000
v 15.000000 -6.980870 -5.000000
v 15.000000 -6.980870 -4.000000
v 15.000000 -6.980870 -3.000000
v 15.000000 -6.980870 -2.000000
v 15.000000 -6.980870 -1.000000
v 15.000000 -6.980870 0.000000
v 15.000000 -5.983610 -22.000000
v 15.000000 -5.983610 -21.000000
v 15.000000 -5.983610 -20.000000
v 15.000000 -5.983610 -19.000000
v 15.000000 -5.983610 -18.000000
v 15.000000 -5.983610 -17.000000
v 15.000000 -5.983610 -16.000000
v 15.000000 -5.983610 -15.000000
v 15.000000 -5.983610 -14.000000
v 15.000000 -5.983610 -13.000000
v 15.000000 -5.983610 -12.000000
v 15.000000 -5.983610 -11.000000
v 15.000000 -5.983610 -10.000000
v 15.000000 -5.983610 -9.000000
v 15.000000 -5.983610 -8.000000
v 15.000000 -5.983610 -7.000000
v 15.000000 -5.983610 -6.000000
v 15.000000 -5.983610 -5.000000
v 15.000000 -5.983610 -4.000000
v 15.000000 -5.983610 -3.000000
v 15.000000 -5.983610 -2.000000
v 15.000000 -5.983610 -1.000000
v 15.000000 -5.983610 0.000000
v 15.000000 -4.986340 -22.000000
v 15.000000 -4.986340 -21.000000
v 15.000000 -4.986340 -20.000000
v 15.000000 -4.986340 -19.000000
v 15.000000 -4.986340 -18.000000
v 15.000000 -4.986340 -17.000000
v 15.000000 -4.986340 -16.000000
v 15.000000 -4.986340 -15.000000
v 15.000000 -4.986340 -14.000000
v 15.000000 -4.986340 -13.000000
v 15.000000 -4.986340 -12.000000
v 15.000000 -4.986340 -11.000000
v 15.000000 -4.986340 -10.000000
v 15.000000 -4.986340 -9.000000
v 15.000000 -4.986340 -8.000000
v 15.000000 -4.986340 -7.000000
v 15.000000 -4.986340 -6.000000
v 15.000000 -4.986340 -5.000000
v 15.000000 -4.986340 -4.000000
v 15.000000 -4.986340 -3.000000
v 15.000000 -4.986340 -2.000000
v 15.000000 -4.986340 -1.000000
v 15.000000 -4.986340 0.000000
v 15.000000 -3.989070 -22.000000
v 15.000000 -3.989070 -21.000000
v 15.000000 -3.989070 -20.000000
v 15.000000 -3.989070 -19.000000
v 15.000000 -3.989070 -18.000000
v 15.000000 -3.989070 -17.000000
v 15.000000 -3.989070 -16.000000
v 15.000000 -3.989070 -15.000000
v 15.000000 -3.989070 -14.000000
v 15.000000 -3.989070 -13.000000
v 15.000000 -3.989070 -12.000000
v 15.000000 -3.989070 -11.000000
v 15.000000 -3.989070 -10.000000
v 15.000000 -3.989070 -9.000000
v 15.000000 -3.989070 -8.000000
v 15.000000 -3.989070 -7.000000
v 15.000000 -3.989070 -6.000000
v 15.000000 -3.989070 -5.000000
v 15.000000 -3.989070 -4.000000
v 15.000000 -3.989070 -3.000000
v 15.000000 -3.989070 -2.000000
v 15.000000 -3.989070 -1.000000
v 15.000000 -3.989070 0.000000
v 15.000000 -2.991800 -22.000000
v 15.000000 -2.991800 -21.000000
v 15.000000 -2.991800 -20.000000
v 15.000000 -2.991800 -19.000000
v 15.000000 -2.991800 -18.000000
v 15.000000 -2.991800 -17.000000
v 15.000000 -2.991800 -16.000000
v 15.000000 -2.991800 -15.000000
v 15.000000 -2.991800 -14.000000
v 15.000000 -2.991800 -13.000000
v 15.000000 -2.991800 -12.000000
v 15.000000 -2.991800 -11.000000
v 15.000000 -2.991800 -10.000000
v 15.000000 -2.991800 -9.000000
v 15.000000 -2.991800 -8.000000
v 15.000000 -2.991800 -7.000000
v 15.000000 -2.991800 -6.000000
v 15.000000 -2.991800 -5.000000
v 15.000000 -2.991800 -4.000000
v 15.000000 -2.991800 -3.000000
v 15.000000 -2.991800 -2.000000
v 15.000000 -2.991800 -1.000000
v 15.000000 -2.991800 0.000000
v 15.000000 -1.994540 -22.000000
v 15.000000 -1.994540 -21.000000
v 15.000000 -1.994540 -20.000000
v 15.000000 -1.994540 -19.000000
v 15.000000 -1.994540 -18.000000
v 15.000000 -1.994540 -17.000000
v 15.000000 -1.994540 -16.000000
v 15.000000 -1.994540 -15.000000
v 15.000000 -1.994540 -14.000000
v 15.000000 -1.994540 -13.000000
v 15.000000 -1.994540 -12.000000
v 15.000000 -1.994540 -11.000000
v 15.000000 -1.994540 -10.000000
v 15.000000 -1.994540 -9.000000
v 15.000000 -1.994540 -8.000000
v 15.000000 -1.994540 -7.000000
v 15.000000 -1.994540 -6.000000
v 15.000000 -1.994540 -5.000000
v 15.000000 -1.994540 -4.000000
v 15.000000 -1.994540 -3.000000
v 15.000000 -1.994540 -2.000000
v 15.000000 -1.994540 -1.000000
v 15.000000 -1.994540 0.000000
v 15.000000 -0.997270 -22.000000
v 15.000000 -0.997270 -21.000000
v 15.000000 -0.997270 -20.000000
v 15.000000 -0.997270 -19.000000
v 15.000000 -0.997270 -18.000000
v 15.000000 -0.997270 -17.000000
v 15.000000 -0.997270 -16.000000
v 15.000000 -0.997270 -15.000000
v 15.000000 -0.997270 -14.000000
v 15.000000 -0.997270 -13.000000
v 15.000000 -0.997270 -12.000000
v 15.000000 -0.997270 -11.000000
v 15.000000 -0.997270 -10.000000
v 15.000000 -0.997270 -9.000000
v 15.000000 -0.997270 -8.000000
v 15.000000 -0.997270 -7.000000
v 15.000000 -0.997270 -6.000000
v 15.000000 -0.997270 -5.000000
v 15.000000 -0.997270 -4.000000
v 15.000000 -0.997270 -3.000000
v 15.000000 -0.997270 -2.000000
v 15.000000 -0.997270 -1.000000
v 15.000000 -0.997270 0.000000
v 15.000000 0.000000 -22.000000
v 15.000000 0.000000 -21.000000
v 15.000000 0.000000 -20.000000
v 15.000000 0.000000 -19.000000
v 15.000000 0.000000 -18.000000
v 15.000000 0.000000 -17.000000
v 15.000000 0.000000 -16.000000
v 15.000000 0.000000 -15.000000
v 15.000000 0.000000 -14.000000
v 15.000000 0.000000 -13.000000
v 15.000000 0.000000 -12.000000
v 15.000000 0.000000 -11.000000
v 15.000000 0.000000 -10.000000
v 15.000000 0.000000 -9.000000
v 15.000000 0.000000 -8.000000
v 15.000000 0.000000 -7.000000
v 15.000000 0.000000 -6.000000
v 15.000000 0.000000 -5.000000
v 15.000000 0.000000 -4.000000
v 15.000000 0.000000 -3.000000
v 15.000000 0.000000 -2.000000
v 15.000000 0.000000 -1.000000
v 15.000000 0.000000 0.000000
v 15.000000 0.997270 -22.000000
v 15.000000 0.997270 -21.000000
v 15.000000 0.997270 -20.000000
v 15.000000 0.997270 -19.000000
v 15.000000 0.997270 -18.000000
v 15.000000 0.997270 -17.000000
v 15.000000 0.997270 -16.000000
v 15.000000 0.997270 -15.000000
v 15.000000 0.997270 -14.000000
v 15.000000 0.997270 -13.000000
v 15.000000 0.997270 -12.000000
v 15.000000 0.997270 -11.000000
v 15.000000 0.997270 -10.000000
v 15.000000 0.997270 -9.000000
v 15.000000 0.997270 -8.000000
v 15.000000 0.997270 -7.000000
v 15.000000 0.997270 -6.000000
v 15.000000 0.997270 -5.000000
v 15.000000 0.997270 -4.000000
v 15.000000 0.997270 -3.000000
v 15.000000 0.997270 -2.000000
v 15.000000 0.997270 -1.000000
v 15.000000 0.997270 0.000000
v 15.000000 1.994540 -22.000000
v 15.000000 1.994540 -21.000000
v 15.000000 1.994540 -20.000000
v 15.000000 1.994540 -19.000000
v 15.000000 1.994540 -18.000000
v 15.000000 1.994540 -17.000000
v 15.000000 1.994540 -16.000000
v 15.000000 1.994540 -15.000000
v 15.000000 1.994540 -14.000000
v 15.000000 1.994540 -13.000000
v 15.000000 1.994540 -12.000000
v 15.000000 1.994540 -11.000000
v 15.000000 1.994540 -10.000000
v 15.000000 1.994540 -9.000000
v 15.000000 1.994540 -8.000000
v 15.000000 1.994540 -7.000000
v 15.000000 1.994540 -6.000000
v 15.000000 1.994540 -5.000000
v 15.000000 1.994540 -4.000000
v 15.000000 1.994540 -3.000000
v 15.000000 1.994540 -2.000000
v 15.000000 1.994540 -1.000000
v 15.000000 1.994540 0.000000
v 15.000000 2.991800 -22.000000
v 15.000000 2.991800 -21.000000
v 15.000000 2.991800 -20.000000
v 15.000000 2.991800 -19.000000
v 15.000000 2.991800 -18.000000
v 15.000000 2.991800 -17.000000
v 15.000000 2.991800 -16.000000
v 15.000000 2.991800 -15.000000
v 15.000000 2.991800 -14.000000
v 15.000000 2.991800 -13.000000
v 15.000000 2.991800 -12.000000
v 15.000000 2.991800 -11.000000
v 15.000000 2.991800 -10.000000
v 15.000000 2.991800 -9.000000
v 15.000000 2.991800 -8.000000
v 15.000000 2.991800 -7.000000
v 15.000000 2.991800 -6.000000
v 15.000000 2.991800 -5.000000
v 15.000000 2.991800 -4.000000
v 15.000000 2.991800 -3.000000
v 15.000000 2.991800 -2.000000
v 15.000000 2.991800 -1.000000
v 15.000000 2.991800 0.000000
v 15.000000 3.989070 -22.000000
v 15.000000 3.989070 -21.000000
v 15.000000 3.989070 -20.000000
v 15.000000 3.989070 -19.000000
v 15.000000 3.989070 -18.000000
v 15.000000 3.989070 -17.000000
v 15.000000 3.989070 -16.000000
v 15.000000 3.989070 -15.000000
v 15.000000 3.989070 -14.000000
v 15.000000 3.989070 -13.000000
v 15.000000 3.989070 -12.000000
v 15.000000 3.989070 -11.000000
v 15.000000 3.989070 -10.000000
v 15.000000 3.989070 -9.000000
v 15.000000 3.989070 -8.000000
v 15.000000 3.989070 -7.000000
v 15.000000 3.989070 -6.000000
v 15.000000 3.989070 -5.000000
v 15.000000 3.989070 -4.000000
v 15.000000 3.989070 -3.000000
v 15.000000 3.989070 -2.000000
v 15.000000 3.989070 -1.000000
v 15.000000 3.989070 0.000000
v 15.000000 4.986340 -22.000000
v 15.000000 4.986340 -21.000000
v 15.000000 4.986340 -20.000000
v 15.000000 4.986340 -19.000000
v 15.000000 4.986340 -18.000000
v 15.000000 4.986340 -17.000000
v 15.000000 4.986340 -16.000000
v 15.000000 4.986340 -15.000000
v 15.000000 4.986340 -14.000000
v 15.000000 4.986340 -13.000000
v 15.000000 4.986340 -12.000000
v 15.000000 4.986340 -11.000000
v 15.000000 4.986340 -10.000000
v 15.000000 4.986340 -9.000000
v 15.000000 4.986340 -8.000000
v 15.000000 4.986340 -7.000000
v 15.000000 4.986340 -6.000000
v 15.000000 4.986340 -5.000000
v 15.000000 4.986340 -4.000000
v 15.000000 4.986340 -3.000000
v 15.000000 4.986340 -2.000000
v 15.000000 4.986340 -1.000000
v 15.000000 4.986340 0.000000
v 15.000000 5.983610 -22.000000
v 15.000000 5.983610 -21.000000
v 15.000000 5.983610 -20.000000
v 15.000000 5.983610 -19.000000
v 15.000000 5.983610 -18.000000
v 15.000000 5.983610 -17.000000
v 15.000000 5.983610 -16.000000
v 15.000000 5.983610 -15.000000
v 15.000000 5.983610 -14.000000
v 15.000000 5.983610 -13.000000
v 15.000000 5.983610 -12.000000
v 15.000000 5.983610 -11.000000
v 15.000000 5.983610 -10.000000
v 15.000000 5.983610 -9.000000
v 15.000000 5.983610 -8.000000
v 15.000000 5.983610 -7.000000
v 15.000000 5.983610 -6.000000
v 15.000000 5.983610 -5.000000
v 15.000000 5.983610 -4.000000
v 15.000000 5.983610 -3.000000
v 15.000000 5.983610 -2.000000
v 15.000000 5.983610 -1.000000
v 15.000000 5.983610 0.000000
v 15.000000 6.980870 -22.000000
v 15.000000 6.980870 -21.000000
v 15.000000 6.980870 -20.000000
v 15.000000 6.980870 -19.000000
v 15.000000 6.980870 -18.000000
v 15.000000 6.980870 -17.000000
v 15.000000 6.980870 -16.000000
v 15.000000 6.980870 -15.000000
v 15.000000 6.980870 -14.000000
v 15.000000 6.980870 -13.000000
v 15.000000 6.980870 -12.000000
v 15.000000 6.980870 -11.000000
v 15.000000 6.980870 -10.000000
v 15.000000 6.980870 -9.000000
v 15.000000 6.980870 -8.000000
v 15.000000 6.980870 -7.000000
v 15.000000 6.980870 -6.000000
v 15.000000 6.980870 -5.000000
v 15.000000 6.980870 -4.000000
v 15.000000 6.980870 -3.000000
v 15.000000 6.980870 -2.000000
v 15.000000 6.980870 -1.000000
v 15.000000 6.980870 0.000000
v 15.000000 7.978140 -22.000000
v 15.000000 7.978140 -21.000000
v 15.000000 7.978140 -20.000000
v 15.000000 7.978140 -19.000000
v 15.000000 7.978140 -18.000000
v 15.000000 7.978140 -17.000000
v 15.000000 7.978140 -16.000000
v 15.000000 7.978140 -15.000000
v 15.000000 7.978140 -14.000000
v 15.000000 7.978140 -13.000000
v 15.000000 7.978140 -12.000000
v 15.000000 7.978140 -11.000000
v 15.000000 7.978140 -10.000000
v 15.000000 7.978140 -9.000000
v 15.000000 7.978140 -8.000000
v 15.000000 7.978140 -7.000000
v 15.000000 7.978140 -6.000000
v 15.000000 7.978140 -5.000000
v 15.000000 7.978140 -4.000000
v 15.000000 7.978140 -3.000000
v 15.000000 7.978140 -2.000000
v 15.000000 7.978140 -1.000000
v 15.000000 7.978140 0.000000
v 15.000000 8.975410 -22.000000
v 15.000000 8.975410 -21.000000
v 15.000000 8.975410 -20.000000
v 15.000000 8.975410 -19.000000
v 15.000000 8.975410 -18.000000
v 15.000000 8.975410 -17.000000
v 15.000000 8.975410 -16.000000
v 15.000000 8.975410 -15.000000
v 15.000000 8.975410 -14.000000
v 15.000000 8.975410 -13.000000
v 15.000000 8.975410 -12.000000
v 15.000000 8.975410 -11.000000
v 15.000000 8.975410 -10.000000
v 15.000000 8.975410 -9.000000
v 15.000000 8.975410 -8.000000
v 15.000000 8.975410 -7.000000
v 15.000000 8.975410 -6.000000
v 15.000000 8.975410 -5.000000
v 15.000000 8.975410 -4.000000
v 15.000000 8.975410 -3.000000
v 15.000000 8.975410 -2.000000
v 15.000000 8.975410 -1.000000
v 15.000000 8.975410 0.000000
v 15.000000 9.972680 -22.000000
v 15.000000 9.972680 -21.000000
v 15.000000 9.972680 -20.000000
v 15.000000 9.972680 -19.000000
v 15.000000 9.972680 -18.000000
v 15.000000 9.972680 -17.000000
v 15.000000 9.972680 -16.000000
v 15.000000 9.972680 -15.000000
v 15.000000 9.972680 -14.000000
v 15.000000 9.972680 -13.000000
v 15.000000 9.972680 -12.000000
v 15.000000 9.972680 -11.000000
v 15.000000 9.972680 -10.000000
v 15.000000 9.972680 -9.000000
v 15.000000 9.972680 -8.000000
v 15.000000 9.972680 -7.000000
v 15.000000 9.972680 -6.000000
v 15.000000 9.972680 -5.000000
v 15.000000 9.972680 -4.000000
v 15.000000 9.972680 -3.000000
v 15.000000 9.972680 -2.000000
v 15.000000 9.972680 -1.000000
v 15.000000 9.972680 0.000000
v 15.000000 10.969900 -22.000000
v 15.000000 10.969900 -21.000000
v 15.000000 10.969900 -20.000000
v 15.000000 10.969900 -19.000000
v 15.000000 10.969900 -18.000000
v 15.000000 10.969900 -17.000000
v 15.000000 10.969900 -16.000000
v 15.000000 10.969900 -15.000000
v 15.000000 10.969900 -14.000000
v 15.000000 10.969900 -13.000000
v 15.000000 10.969900 -12.000000
v 15.000000 10.969900 -11.000000
v 15.000000 10.969900 -10.000000
v 15.000000 10.969900 -9.000000
v 15.000000 10.969900 -8.000000
v 15.000000 10.969900 -7.000000
v 15.000000 10.969900 -6.000000
v 15.000000 10.969900 -5.000000
v 15.000000 10.969900 -4.000000
v 15.000000 10.969900 -3.000000
v 15.000000 10.969900 -2.000000
v 15.000000 10.969900 -1.000000
v 15.000000 10.969900 0.000000
v 15.000000 11.967200 -22.000000
v 15.000000 11.967200 -21.000000
v 15.000000 11.967200 -20.000000
v 15.000000 11.967200 -19.000000
v 15.000000 11.967200 -18.000000
v 15.000000 11.967200 -17.000000
v 15.000000 11.967200 -16.000000
v 15.000000 11.967200 -15.000000
v 15.000000 11.967200 -14.000000
v 15.000000 11.967200 -13.000000
v 15.000000 11.967200 -12.000000
v 15.000000 11.967200 -11.000000
v 15.000000 11.967200 -10.000000
v 15.000000 11.967200 -9.000000
v 15.000000 11.967200 -8.000000
v 15.000000 11.967200 -7.000000
v 15.000000 11.967200 -6.000000
v 15.000000 11.967200 -5.000000
v 15.000000 11.967200 -4.000000
v 15.000000 11.967200 -3.000000
v 15.000000 11.967200 -2.000000
v 15.000000 11.967200 -1.000000
v 15.000000 11.967200 0.000000
v 15.000000 12.964500 -22.000000
v 15.000000 12.964500 -21.000000
v 15.000000 12.964500 -20.000000
v 15.000000 12.964500 -19.000000
v 15.000000 12.964500 -18.000000
v 15.000000 12.964500 -17.000000
v 15.000000 12.964500 -16.000000
v 15.000000 12.964500 -15.000000
v 15.000000 12.964500 -14.000000
v 15.000000 12.964500 -13.000000
v 15.000000 12.964500 -12.000000
v 15.000000 12.964500 -11.000000
v 15.000000 12.964500 -10.000000
v 15.000000 12.964500 -9.000000
v 15.000000 12.964500 -8.000000
v 15.000000 12.964500 -7.000000
v 15.000000 12.964500 -6.000000
v 15.000000 12.964500 -5.000000
v 15.000000 12.964500 -4.000000
v 15.000000 12.964500 -3.000000
v 15.000000 12.964500 -2.000000
v 15.000000 12.964500 -1.000000
v 15.000000 12.964500 0.000000
v 15.000000 13.961700 -22.000000
v 15.000000 13.961700 -21.000000
v 15.000000 13.961700 -20.000000
v 15.000000 13.961700 -19.000000
v 15.000000 13.961700 -18.000000
v 15.000000 13.961700 -17.000000
v 15.000000 13.961700 -16.000000
v 15.000000 13.961700 -15.000000
v 15.000000 13.961700 -14.000000
v 15.000000 13.961700 -13.000000
v 15.000000 13.961700 -12.000000
v 15.000000 13.961700 -11.000000
v 15.000000 13.961700 -10.000000
v 15.000000 13.961700 -9.000000
v 15.000000 13.961700 -8.000000
v 15.000000 13.961700 -7.000000
v 15.000000 13.961700 -6.000000
v 15.000000 13.961700 -5.000000
v 15.000000 13.961700 -4.000000
v 15.000000 13.961700 -3.000000
v 15.000000 13.961700 -2.000000
v 15.000000 13.961700 -1.000000
v 15.000000 13.961700 0.000000
v 15.000000 14.959000 -22.000000
v 15.000000 14.959000 -21.000000
v 15.000000 14.959000 -20.000000
v 15.000000 14.959000 -19.000000
v 15.000000 14.959000 -18.000000
v 15.000000 14.959000 -17.000000
v 15.000000 14.959000 -16.000000
v 15.000000 14.959000 -15.000000
v 15.000000 14.959000 -14.000000
v 15.000000 14.959000 -13.000000
v 15.000000 14.959000 -12.000000
v 15.000000 14.959000 -11.000000
v 15.000000 14.959000 -10.000000
v 15.000000 14.959000 -9.000000
v 15.000000 14.959000 -8.000000
v 15.000000 14.959000 -7.000000
v 15.000000 14.959000 -6.000000
v 15.000000 14.959000 -5.000000
v 15.000000 14.959000 -4.000000
v 15.000000 14.959000 -3.000000
v 15.000000 14.959000 -2.000000
v 15.000000 14.959000 -1.000000
v 15.000000 14.959000 0.000000
v -15.000000 -14.959000 -22.000000
v -15.000000 -13.961700 -22.000000
v -15.000000 -12.964500 -22.000000
v -15.000000 -11.967200 -22.000000
v -15.000000 -10.969900 -22.000000
v -15.000000 -9.972680 -22.000000
v -15.000000 -8.975410 -22.000000
v -15.000000 -7.978140 -22.000000
v -15.000000 -6.980870 -22.000000
v -15.000000 -5.983610 -22.000000
v -15.000000 -4.986340 -22.000000
v -15.000000 -3.989070 -22.000000
v -15.000000 -2.991800 -22.000000
v -15.000000 -1.994540 -22.000000
v -15.000000 -0.997270 -22.000000
v -15.000000 0.000000 -22.000000
v -15.000000 0.997270 -22.000000
v -15.000000 1.994540 -22.000000
v -15.000000 2.991800 -22.000000
v -15.000000 3.989070 -22.000000
v -15.000000 4.986340 -22.000000
v -15.000000 5.983610 -22.000000
v -15.000000 6.980870 -22.000000
v -15.000000 7.978140 -22.000000
v -15.000000 8.975410 -22.000000
v -15.000000 9.972680 -22.000000
v -15.000000 10.969900 -22.000000
v -15.000000 11.967200 -22.000000
v -15.000000 12.964500 -22.000000
v -15.000000 13.961700 -22.000000
v -15.000000 14.959000 -22.000000
v -15.000000 -14.959000 -21.000000
v -15.000000 -13.961700 -21.000000
v -15.000000 -12.964500 -21.000000
v -15.000000 -11.967200 -21.000000
v -15.000000 -10.969900 -21.000000
v -15.000000 -9.972680 -21.000000
v -15.000000 -8.975410 -21.000000
v -15.000000 -7.978140 -21.000000
v -15.000000 -6.980870 -21.000000
v -15.000000 -5.983610 -21.000000
v -15.000000 -4.986340 -21.000000
v -15.000000 -3.989070 -21.000000
v -15.000000 -2.991800 -21.000000
v -15.000000 -1.994540 -21.000000
v -15.000000 -0.997270 -21.000000
v -15.000000 0.000000 -21.000000
v -15.000000 0.997270 -21.000000
v -15.000000 1.994540 -21.000000
v -15.000000 2.991800 -21.000000
v -15.000000 3.989070 -21.000000
v -15.000000 4.986340 -21.000000
v -15.000000 5.983610 -21.000000
v -15.000000 6.980870 -21.000000
v -15.000000 7.978140 -21.000000
v -15.000000 8.975410 -21.000000
v -15.000000 9.972680 -21.000000
v -15.000000 10.969900 -21.000000
v -15.000000 11.967200 -21.000000
v -15.000000 12.964500 -21.000000
v -15.000000 13.961700 -21.000000
v -15.000000 14.959000 -21.000000
v -15.000000 -14.959000 -20.000000
v -15.000000 -13.961700 -20.000000
v -15.000000 -12.964500 -20.000000
v -15.000000 -11.967200 -20.000000
v -15.000000 -10.969900 -20.000000
v -15.000000 -9.972680 -20.000000
v -15.000000 -8.975410 -20.000000
v -15.000000 -7.978140 -20.000000
v -15.000000 -6.980870 -20.000000
v -15.000000 -5.983610 -20.000000
v -15.000000 -4.986340 -20.000000
v -15.000000 -3.989070 -20.000000
v -15.000000 -2.991800 -20.000000
v -15.000000 -1.994540 -20.000000
v -15.000000 -0.997270 -20.000000
v -15.000000 0.000000 -20.000000
v -15.000000 0.997270 -20.000000
v -15.000000 1.994540 -20.000000
v -15.000000 2.991800 -20.000000
v -15.000000 3.989070 -20.000000
v -15.000000 4.986340 -20.000000
v -15.000000 5.983610 -20.000000
v -15.000000 6.980870 -20.000000
v -15.000000 7.978140 -20.000000
v -15.000000 8.975410 -20.000000
v -15.000000 9.972680 -20.000000
v -15.000000 10.969900 -20.000000
v -15.000000 11.967200 -20.000000
v -15.000000 12.964500 -20.000000
v -15.000000 13.961700 -20.000000
v -15.000000 14.959000 -20.000000
v -15.000000 -14.959000 -19.000000
v -15.000000 -13.961700 -19.000000
v -15.000000 -12.964500 -19.000000
v -15.000000 -11.967200 -19.000000
v -15.000000 -10.969900 -19.000000
v -15.000000 -9.972680 -19.000000
v -15.000000 -8.975410 -19.000000
v -15.000000 -7.978140 -19.000000
v -15.000000 -6.980870 -19.000000
v -15.000000 -5.983610 -19.000000
v -15.000000 -4.986340 -19.000000
v -15.000000 -3.989070 -19.000000
v -15.000000 -2.991800 -19.000000
v -15.000000 -1.994540 -19.000000
v -15.000000 -0.997270 -19.000000
v -15.000000 0.000000 -19.000000
v -15.000000 0.997270 -19.000000
v -15.000000 1.994540 -19.000000
v -15.000000 2.991800 -19.000000
v -15.000000 3.989070 -19.000000
v -15.000000 4.986340 -19.000000
v -15.000000 5.983610 -19.000000
v -15.000000 6.980870 -19.000000
v -15.000000 7.978140 -19.000000
v -15.000000 8.975410 -19.000000
v -15.000000 9.972680 -19.000000
v -15.000000 10.969900 -19.000000
v -15.000000 11.967200 -19.000000
v -15.000000 12.964500 -19.000000
v -15.000000 13.961700 -19.000000
v -15.000000 14.959000 -19.000000
v -15.000000 -14.959000 -18.000000
v -15.000000 -13.961700 -18.000000
v -15.000000 -12.964500 -18.000000
v -15.000000 -11.967200 -18.000000
v -15.000000 -10.969900 -18.000000
v -15.000000 -9.972680 -18.000000
v -15.000000 -8.975410 -18.000000
v -15.000000 -7.978140 -18.000000
v -15.000000 -6.980870 -18.000000
v -15.000000 -5.983610 -18.000000
v -15.000000 -4.986340 -18.000000
v -15.000000 -3.989070 -18.000000
v -15.000000 -2.991800 -18.000000
v -15.000000 -1.994540 -18.000000
v -15.000000 -0.997270 -18.000000
v -15.000000 0.000000 -18.000000
v -15.000000 0.997270 -18.000000
v -15.000000 1.994540 -18.000000
v -15.000000 2.991800 -18.000000
v -15.000000 3.989070 -18.000000
v -15.000000 4.986340 -18.000000
v -15.000000 5.983610 -18.000000
v -15.000000 6.980870 -18.000000
v -15.000000 7.978140 -18.000000
v -15.000000 8.975410 -18.000000
v -15.000000 9.972680 -18.000000
v -15.000000 10.969900 -18.000000
v -15.000000 11.967200 -18.000000
v -15.000000 12.964500 -18.000000
v -15.000000 13.961700 -18.000000
v -15.000000 14.959000 -18.000000
v -15.000000 -14.959000 -17.000000
v -15.000000 -13.961700 -17.000000
v -15.000000 -12.964500 -17.000000
v -15.000000 -11.967200 -17.000000
v -15.000000 -10.969900 -17.000000
v -15.000000 -9.972680 -17.000000
v -15.000000 -8.975410 -17.000000
v -15.000000 -7.978140 -17.000000
v -15.000000 -6.980870 -17.000000
v -15.000000 -5.983610 -17.000000
v -15.000000 -4.986340 -17.000000
v -15.000000 -3.989070 -17.000000
v -15.000000 -2.991800 -17.000000
v -15.000000 -1.994540 -17.000000
v -15.000000 -0.997270 -17.000000
v -15.000000 0.000000 -17.000000
v -15.000000 0.997270 -17.000000
v -15.000000 1.994540 -17.000000
v -15.000000 2.991800 -17.000000
v -15.000000 3.989070 -17.000000
v -15.000000 4.986340 -17.000000
v -15.000000 5.983610 -17.000000
v -15.000000 6.980870 -17.000000
v -15.000000 7.978140 -17.000000
v -15.000000 8.975410 -17.000000
v -15.000000 9.972680 -17.000000
v -15.000000 10.969900 -17.000000
v -15.000000 11.967200 -17.000000
v -15.000000 12.964500 -17.000000
v -15.000000 13.961700 -17.000000
v -15.000000 14.959000 -17.000000
v -15.000000 -14.959000 -16.000000
v -15.000000 -13.961700 -16.000000
v -15.000000 -12.964500 -16.000000
v -15.000000 -11.967200 -16.000000
v -15.000000 -10.969900 -16.000000
v -15.000000 -9.972680 -16.000000
v -15.000000 -8.975410 -16.000000
v -15.000000 -7.978140 -16.000000
v -15.000000 -6.980870 -16.000000
v -15.000000 -5.983610 -16.000000
v -15.000000 -4.986340 -16.000000
v -15.000000 -3.989070 -16.000000
v -15.000000 -2.991800 -16.000000
v -15.000000 -1.994540 -16.000000
v -15.000000 -0.997270 -16.000000
v -15.000000 0.000000 -16.000000
v -15.000000 0.997270 -16.000000
v -15.000000 1.994540 -16.000000
v -15.000000 2.991800 -16.000000
v -15.000000 3.989070 -16.000000
v -15.000000 4.986340 -16.000000
v -15.000000 5.983610 -16.000000
v -15.000000 6.980870 -16.000000
v -15.000000 7.978140 -16.000000
v -15.000000 8.975410 -16.000000
v -15.000000 9.972680 -16.000000
v -15.000000 10.969900 -16.000000
v -15.000000 11.967200 -16.000000
v -15.000000 12.964500 -16.000000
v -15.000000 13.961700 -16.000000
v -15.000000 14.959000 -16.000000
v -15.000000 -14.959000 -15.000000
v -15.000000 -13.961700 -15.000000
v -15.000000 -12.964500 -15.000000
v -15.000000 -11.967200 -15.000000
v -15.000000 -10.969900 -15.000000
v -15.000000 -9.972680 -15.000000
v -15.000000 -8.975410 -15.000000
v -15.000000 -7.978140 -15.000000
v -15.000000 -6.980870 -15.000000
v -15.000000 -5.983610 -15.000000
v -15.000000 -4.986340 -15.000000
v -15.000000 -3.989070 -15.000000
v -15.000000 -2.991800 -15.000000
v -15.000000 -1.994540 -15.000000
v -15.000000 -0.997270 -15.000000
v -15.000000 0.000000 -15.000000
v -15.000000 0.997270 -15.000000
v -15.000000 1.994540 -15.000000
v -15.000000 2.991800 -15.000000
v -15.000000 3.989070 -15.000000
v -15.000000 4.986340 -15.000000
v -15.000000 5.983610 -15.000000
v -15.000000 6.980870 -15.000000
v -15.000000 7.978140 -15.000000
v -15.000000 8.975410 -15.000000
v -15.000000 9.972680 -15.000000
v -15.000000 10.969900 -15.000000
v -15.000000 11.967200 -15.000000
v -15.000000 12.964500 -15.000000
v -15.000000 13.961700 -15.000000
v -15.000000 14.959000 -15.000000
v -15.000000 -14.959000 -14.000000
v -15.000000 -13.961700 -14.000000
v -15.000000 -12.964500 -14.000000
v -15.000000 -11.967200 -14.000000
v -15.000000 -10.969900 -14.000000
v -15.000000 -9.972680 -14.000000
v -15.000000 -8.975410 -14.000000
v -15.000000 -7.978140 -14.000000
v -15.000000 -6.980870 -14.000000
v -15.000000 -5.983610 -14.000000
v -15.000000 -4.986340 -14.000000
v -15.000000 -3.989070 -14.000000
v -15.000000 -2.991800 -14.000000
v -15.000000 -1.994540 -14.000000
v -15.000000 -0.997270 -14.000000
v -15.000000 0.000000 -14.000000
v -15.000000 0.997270 -14.000000
v -15.000000 1.994540 -14.000000
v -15.000000 2.991800 -14.000000
v -15.000000 3.989070 -14.000000
v -15.000000 4.986340 -14.000000
v -15.000000 5.983610 -14.000000
v -15.000000 6.980870 -14.000000
v -15.000000 7.978140 -14.000000
v -15.000000 8.975410 -14.000000
v -15.000000 9.972680 -14.000000
v -15.000000 10.969900 -14.000000
v -15.000000 11.967200 -14.000000
v -15.000000 12.964500 -14.000000
v -15.000000 13.961700 -14.000000
v -15.000000 14.959000 -14.000000
v -15.000000 -14.959000 -13.000000
v -15.000000 -13.961700 -13.000000
v -15.000000 -12.964500 -13.000000
v -15.000000 -11.967200 -13.000000
v -15.000000 -10.969900 -13.000000
v -15.000000 -9.972680 -13.000000
v -15.000000 -8.975410 -13.000000
v -15.000000 -7.978140 -13.000000
v -15.000000 -6.980870 -13.000000
v -15.000000 -5.983610 -13.000000
v -15.000000 -4.986340 -13.000000
v -15.000000 -3.989070 -13.000000
v -15.000000 -2.991800 -13.000000
v -15.000000 -1.994540 -13.000000
v -15.000000 -0.997270 -13.000000
v -15.000000 0.000000 -13.000000
v -15.000000 0.997270 -13.000000
v -15.000000 1.994540 -13.000000
v -15.000000 2.991800 -13.000000
v -15.000000 3.989070 -13.000000
v -15.000000 4.986340 -13.000000
v -15.000000 5.983610 -13.000000
v -15.000000 6.980870 -13.000000
v -15.000000 7.978140 -13.000000
v -15.000000 8.975410 -13.000000
v -15.000000 9.972680 -13.000000
v -15.000000 10.969900 -13.000000
v -15.000000 11.967200 -13.000000
v -15.000000 12.964500 -13.000000
v -15.000000 13.961700 -13.000000
v -15.000000 14.959000 -13.000000
v -15.000000 -14.959000 -12.000000
v -15.000000 -13.961700 -12.000000
v -15.000000 -12.964500 -12.000000
v -15.000000 -11.967200 -12.000000
v -15.000000 -10.969900 -12.000000
v -15.000000 -9.972680 -12.000000
v -15.000000 -8.975410 -12.000000
v -15.000000 -7.978140 -12.000000
v -15.000000 -6.980870 -12.000000
v -15.000000 -5.983610 -12.000000
v -15.000000 -4.986340 -12.000000
v -15.000000 -3.989070 -12.000000
v -15.000000 -2.991800 -12.000000
v -15.000000 -1.994540 -12.000000
v -15.000000 -0.997270 -12.000000
v -15.000000 0.000000 -12.000000
v -15.000000 0.997270 -12.000000
v -15.000000 1.994540 -12.000000
v -15.000000 2.991800 -12.000000
v -15.000000 3.989070 -12.000000
v -15.000000 4.986340 -12.000000
v -15.000000 5.983610 -12.000000
v -15.000000 6.980870 -12.000000
v -15.000000 7.978140 -12.000000
v -15.000000 8.975410 -12.000000
v -15.000000 9.972680 -12.000000
v -15.000000 10.969900 -12.000000
v -15.000000 11.967200 -12.000000
v -15.000000 12.964500 -12.000000
v -15.000000 13.961700 -12.000000
v -15.000000 14.959000 -12.000000
v -15.000000 -14.959000 -11.000000
v -15.000000 -13.961700 -11.000000
v -15.000000 -12.964500 -11.000000
v -15.000000 -11.967200 -11.000000
v -15.000000 -10.969900 -11.000000
v -15.000000 -9.972680 -11.000000
v -15.000000 -8.975410 -11.000000
v -15.000000 -7.978140 -11.000000
v -15.000000 -6.980870 -11.000000
v -15.000000 -5.983610 -11.000000
v -15.000000 -4.986340 -11.000000
v -15.000000 -3.989070 -11.000000
v -15.000000 -2.991800 -11.000000
v -15.000000 -1.994540 -11.000000
v -15.000000 -0.997270 -11.000000
v -15.000000 0.000000 -11.000000
v -15.000000 0.997270 -11.000000
v -15.000000 1.994540 -11.000000
v -15.000000 2.991800 -11.000000
v -15.000000 3.989070 -11.000000
v -15.000000 4.986340 -11.000000
v -15.000000 5.983610 -11.000000
v -15.000000 6.980870 -11.000000
v -15.000000 7.978140 -11.000000
v -15.000000 8.975410 -11.000000
v -15.000000 9.972680 -11.000000
v -15.000000 10.969900 -11.000000
v -15.000000 11.967200 -11.000000
v -15.000000 12.964500 -11.000000
v -15.000000 13.961700 -11.000000
v -15.000000 14.959000 -11.000000
v -15.000000 -14.959000 -10.000000
v -15.000000 -13.961700 -10.000000
v -15.000000 -12.964500 -10.000000
v -15.000000 -11.967200 -10.000000
v -15.000000 -10.969900 -10.000000
v -15.000000 -9.972680 -10.000000
v -15.000000 -8.975410 -10.000000
v -15.000000 -7.978140 -10.000000
v -15.000000 -6.980870 -10.000000
v -15.000000 -5.983610 -10.000000
v -15.000000 -4.986340 -10.000000
v -15.000000 -3.989070 -10.000000
v -15.000000 -2.991800 -10.000000
v -15.000000 -1.994540 -10.000000
v -15.000000 -0.997270 -10.000000
v -15.000000 0.000000 -10.000000
v -15.000000 0.997270 -10.000000
v -15.000000 1.994540 -10.000000
v -15.000000 2.991800 -10.000000
v -15.000000 3.989070 -10.000000
v -15.000000 4.986340 -10.000000
v -15.000000 5.983610 -10.000000
v -15.000000 6.980870 -10.000000
v -15.000000 7.978140 -10.000000
v -15.000000 8.975410 -10.000000
v -15.000000 9.972680 -10.000000
v -15.000000 10.969900 -10.000000
v -15.000000 11.967200 -10.000000
v -15.000000 12.964500 -10.000000
v -15.000000 13.961700 -10.000000
v -15.000000 14.959000 -10.000000
v -15.000000 -14.959000 -9.000000
v -15.000000 -13.961700 -9.000000
v -15.000000 -12.964500 -9.000000
v -15.000000 -11.967200 -9.000000
v -15.000000 -10.969900 -9.000000
v -15.000000 -9.972680 -9.000000
v -15.000000 -8.975410 -9.000000
v -15.000000 -7.978140 -9.000000
v -15.000000 -6.980870 -9.000000
v -15.000000 -5.983610 -9.000000
v -15.000000 -4.986340 -9.000000
v -15.000000 -3.989070 -9.000000
v -15.000000 -2.991800 -9.000000
v -15.000000 -1.994540 -9.000000
v -15.000000 -0.997270 -9.000000
v -15.000000 0.000000 -9.000000
v -15.000000 0.997270 -9.000000
v -15.000000 1.994540 -9.000000
v -15.000000 2.991800 -9.000000
v -15.000000 3.989070 -9.000000
v -15.000000 4.986340 -9.000000
v -15.000000 5.983610 -9.000000
v -15.000000 6.980870 -9.000000
v -15.000000 7.978140 -9.000000
v -15.000000 8.975410 -9.000000
v -15.000000 9.972680 -9.000000
v -15.000000 10.969900 -9.000000
v -15.000000 11.967200 -9.000000
v -15.000000 12.964500 -9.000000
v -15.000000 13.961700 -9.000000
v -15.000000 14.959000 -9.000000
v -15.000000 -14.959000 -8.000000
v -15.000000 -13.961700 -8.000000
v -15.000000 -12.964500 -8.000000
v -15.000000 -11.967200 -8.000000
v -15.000000 -10.969900 -8.000000
v -15.000000 -9.972680 -8.000000
v -15.000000 -8.975410 -8.000000
v -15.000000 -7.978140 -8.000000
v -15.000000 -6.980870 -8.000000
v -15.000000 -5.983610 -8.000000
v -15.000000 -4.986340 -8.000000
v -15.000000 -3.989070 -8.000000
v -15.000000 -2.991800 -8.000000
v -15.000000 -1.994540 -8.000000
v -15.000000 -0.997270 -8.000000
v -15.000000 0.000000 -8.000000
v -15.000000 0.997270 -8.000000
v -15.000000 1.994540 -8.000000
v -15.000000 2.991800 -8.000000
v -15.000000 3.989070 -8.000000
v -15.000000 4.986340 -8.000000
v -15.000000 5.983610 -8.000000
v -15.000000 6.980870 -8.000000
v -15.000000 7.978140 -8.000000
v -15.000000 8.975410 -8.000000
v -15.000000 9.972680 -8.000000
v -15.000000 10.969900 -8.000000
v -15.000000 11.967200 -8.000000
v -15.000000 12.964500 -8.000000
v -15.000000 13.961700 -8.000000
v -15.000000 14.959000 -8.000000
v -15.000000 -14.959000 -7.000000
v -15.000000 -13.961700 -7.000000
v -15.000000 -12.964500 -7.000000
v -15.000000 -11.967200 -7.000000
v -15.000000 -10.969900 -7.000000
v -15.000000 -9.972680 -7.000000
v -15.000000 -8.975410 -7.000000
v -15.000000 -7.978140 -7.000000
v -15.000000 -6.980870 -7.000000
v -15.000000 -5.983610 -7.000000
v -15.000000 -4.986340 -7.000000
v -15.000000 -3.989070 -7.000000
v -15.000000 -2.991800 -7.000000
v -15.000000 -1.994540 -7.000000
v -15.000000 -0.997270 -7.000000
v -15.000000 0.000000 -7.000000
v -15.000000 0.997270 -7.000000
v -15.000000 1.994540 -7.000000
v -15.000000 2.991800 -7.000000
v -15.000000 3.989070 -7.000000
v -15.000000 4.986340 -7.000000
v -15.000000 5.983610 -7.000000
v -15.000000 6.980870 -7.000000
v -15.000000 7.978140 -7.000000
v -15.000000 8.975410 -7.000000
v -15.000000 9.972680 -7.000000
v -15.000000 10.969900 -7.000000
v -15.000000 11.967200 -7.000000
v -15.000000 12.964500 -7.000000
v -15.000000 13.961700 -7.000000
v -15.000000 14.959000 -7.000000
v -15.000000 -14.959000 -6.000000
v -15.000000 -13.961700 -6.000000
v -15.000000 -12.964500 -6.000000
v -15.000000 -11.967200 -6.000000
v -15.000000 -10.969900 -6.000000
v -15.000000 -9.972680 -6.000000
v -15.000000 -8.975410 -6.000000
v -15.000000 -7.978140 -6.000000
v -15.000000 -6.980870 -6.000000
v -15.000000 -5.983610 -6.000000
v -15.000000 -4.986340 -6.000000
v -15.000000 -3.989070 -6.000000
v -15.000000 -2.991800 -6.000000
v -15.000000 -1.994540 -6.000000
v -15.000000 -0.997270 -6.000000
v -15.000000 0.000000 -6.000000
v -15.000000 0.997270 -6.000000
v -15.000000 1.994540 -6.000000
v -15.000000 2.991800 -6.000000
v -15.000000 3.989070 -6.000000
v -15.000000 4.986340 -6.000000
v -15.000000 5.983610 -6.000000
v -15.000000 6.980870 -6.000000
v -15.000000 7.978140 -6.000000
v -15.000000 8.975410 -6.000000
v -15.000000 9.972680 -6.000000
v -15.000000 10.969900 -6.000000
v -15.000000 11.967200 -6.000000
v -15.000000 12.964500 -6.000000
v -15.000000 13.961700 -6.000000
v -15.000000 14.959000 -6.000000
v -15.000000 -14.959000 -5.000000
v -15.000000 -13.961700 -5.000000
v -15.000000 -12.964500 -5.000000
v -15.000000 -11.967200 -5.000000
v -15.000000 -10.969900 -5.000000
v -15.000000 -9.972680 -5.000000
v -15.000000 -8.975410 -5.000000
v -15.000000 -7.978140 -5.000000
v -15.000000 -6.980870 -5.000000
v -15.000000 -5.983610 -5.000000
v -15.000000 -4.986340 -5.000000
v -15.000000 -3.989070 -5.000000
v -15.000000 -2.991800 -5.000000
v -15.000000 -1.994540 -5.000000
v -15.000000 -0.997270 -5.000000
v -15.000000 0.000000 -5.000000
v -15.000000 0.997270 -5.000000
v -15.000000 1.994540 -5.000000
v -15.000000 2.991800 -5.000000
v -15.000000 3.989070 -5.000000
v -15.000000 4.986340 -5.000000
v -15.000000 5.983610 -5.000000
v -15.000000 6.980870 -5.000000
v -15.000000 7.978140 -5.000000
v -15.000000 8.975410 -5.000000
v -15.000000 9.972680 -5.000000
v -15.000000 10.969900 -5.000000
v -15.000000 11.967200 -5.000000
v -15.000000 12.964500 -5.000000
v -15.000000 13.961700 -5.000000
v -15.000000 14.959000 -5.000000
v -15.000000 -14.959000 -4.000000
v -15.000000 -13.961700 -4.000000
v -15.000000 -12.964500 -4.000000
v -15.000000 -11.967200 -4.000000
v -15.000000 -10.969900 -4.000000
v -15.000000 -9.972680 -4.000000
v -15.000000 -8.975410 -4.000000
v -15.000000 -7.978140 -4.000000
v -15.000000 -6.980870 -4.000000
v -15.000000 -5.983610 -4.000000
v -15.000000 -4.986340 -4.000000
v -15.000000 -3.989070 -4.000000
v -15.000000 -2.991800 -4.000000
v -15.000000 -1.994540 -4.000000
v -15.000000 -0.997270 -4.000000
v -15.000000 0.000000 -4.000000
v -15.000000 0.997270 -4.000000
v -15.000000 1.994540 -4.000000
v -15.000000 2.991800 -4.000000
v -15.000000 3.989070 -4.000000
v -15.000000 4.986340 -4.000000
v -15.000000 5.983610 -4.000000
v -15.000000 6.980870 -4.000000
v -15.000000 7.978140 -4.000000
v -15.000000 8.975410 -4.000000
v -15.000000 9.972680 -4.000000
v -15.000000 10.969900 -4.000000
v -15.000000 11.967200 -4.000000
v -15.000000 12.964500 -4.000000
v -15.000000 13.961700 -4.000000
v -15.000000 14.959000 -4.000000
v -15.000000 -14.959000 -3.000000
v -15.000000 -13.961700 -3.000000
v -15.000000 -12.964500 -3.000000
v -15.000000 -11.967200 -3.000000
v -15.000000 -10.969900 -3.000000
v -15.000000 -9.972680 -3.000000
v -15.000000 -8.975410 -3.000000
v -15.000000 -7.978140 -3.000000
v -15.000000 -6.980870 -3.000000
v -15.000000 -5.983610 -3.000000
v -15.000000 -4.986340 -3.000000
v -15.000000 -3.989070 -3.000000
v -15.000000 -2.991800 -3.000000
v -15.000000 -1.994540 -3.000000
v -15.000000 -0.997270 -3.000000
v -15.000000 0.000000 -3.000000
v -15.000000 0.997270 -3.000000
v -15.000000 1.994540 -3.000000
v -15.000000 2.991800 -3.000000
v -15.000000 3.989070 -3.000000
v -15.000000 4.986340 -3.000000
v -15.000000 5.983610 -3.000000
v -15.000000 6.980870 -3.000000
v -15.000000 7.978140 -3.000000
v -15.000000 8.975410 -3.000000
v -15.000000 9.972680 -3.000000
v -15.000000 10.969900 -3.000000
v -15.000000 11.967200 -3.000000
v -15.000000 12.964500 -3.000000
v -15.000000 13.961700 -3.000000
v -15.000000 14.959000 -3.000000
v -15.000000 -14.959000 -2.000000
v -15.000000 -13.961700 -2.000000
v -15.000000 -12.964500 -2.000000
v -15.000000 -11.967200 -2.000000
v -15.000000 -10.969900 -2.000000
v -15.000000 -9.972680 -2.000000
v -15.000000 -8.975410 -2.000000
v -15.000000 -7.978140 -2.000000
v -15.000000 -6.980870 -2.000000
v -15.000000 -5.983610 -2.000000
v -15.000000 -4.986340 -2.000000
v -15.000000 -3.989070 -2.000000
v -15.000000 -2.991800 -2.000000
v -15.000000 -1.994540 -2.000000
v -15.000000 -0.997270 -2.000000
v -15.000000 0.000000 -2.000000
v -15.000000 0.997270 -2.000000
v -15.000000 1.994540 -2.000000
v -15.000000 2.991800 -2.000000
v -15.000000 3.989070 -2.000000
v -15.000000 4.986340 -2.000000
v -15.000000 5.983610 -2.000000
v -15.000000 6.980870 -2.000000
v -15.000000 7.978140 -2.000000
v -15.000000 8.975410 -2.000000
v -15.000000 9.972680 -2.000000
v -15.000000 10.969900 -2.000000
v -15.000000 11.967200 -2.000000
v -15.000000 12.964500 -2.000000
v -15.000000 13.961700 -2.000000
v -15.000000 14.959000 -2.000000
v -15.000000 -14.959000 -1.000000
v -15.000000 -13.961700 -1.000000
v -15.000000 -12.964500 -1.000000
v -15.000000 -11.967200 -1.000000
v -15.000000 -10.969900 -1.000000
v -15.000000 -9.972680 -1.000000
v -15.000000 -8.975410 -1.000000
v -15.000000 -7.978140 -1.000000
v -15.000000 -6.980870 -1.000000
v -15.000000 -5.983610 -1.000000
v -15.000000 -4.986340 -1.000000
v -15.000000 -3.989070 -1.000000
v -15.000000 -2.991800 -1.000000
v -15.000000 -1.994540 -1.000000
v -15.000000 -0.997270 -1.000000
v -15.000000 0.000000 -1.000000
v -15.000000 0.997270 -1.000000
v -15.000000 1.994540 -1.000000
v -15.000000 2.991800 -1.000000
v -15.000000 3.989070 -1.000000
v -15.000000 4.986340 -1.000000
v -15.000000 5.983610 -1.000000
v -15.000000 6.980870 -1.000000
v -15.000000 7.978140 -1.000000
v -15.000000 8.975410 -1.000000
v -15.000000 9.972680 -1.000000
v -15.000000 10.969900 -1.000000
v -15.000000 11.967200 -1.000000
v -15.000000 12.964500 -1.000000
v -15.000000 13.961700 -1.000000
v -15.000000 14.959000 -1.000000
v -15.000000 -14.959000 0.000000
v -15.000000 -13.961700 0.000000
v -15.000000 -12.964500 0.000000
v -15.000000 -11.967200 0.000000
v -15.000000 -10.969900 0.000000
v -15.000000 -9.972680 0.000000
v -15.000000 -8.975410 0.000000
v -15.000000 -7.978140 0.000000
v -15.000000 -6.980870 0.000000
v -15.000000 -5.983610 0.000000
v -15.000000 -4.986340 0.000000
v -15.000000 -3.989070 0.000000
v -15.000000 -2.991800 0.000000
v -15.000000 -1.994540 0.000000
v -15.000000 -0.997270 0.000000
v -15.000000 0.000000 0.000000
v -15.000000 0.997270 0.000000
v -15.000000 1.994540 0.000000
v -15.000000 2.991800 0.000000
v -15.000000 3.989070 0.000000
v -15.000000 4.986340 0.000000
v -15.000000 5.983610 0.000000
v -15.000000 6.980870 0.000000
v -15.000000 7.978140 0.000000
v -15.000000 8.975410 0.000000
v -15.000000 9.972680 0.000000
v -15.000000 10.969900 0.000000
v -15.000000 11.967200 0.000000
v -15.000000 12.964500 0.000000
v -15.000000 13.961700 0.000000
v -15.000000 14.959000 0.000000
v -14.032300 14.959000 -22.000000
v -13.064500 14.959000 -22.000000
v -12.096800 14.959000 -22.000000
v -11.129000 14.959000 -22.000000
v -10.161300 14.959000 -22.000000
v -9.193550 14.959000 -22.000000
v -8.225810 14.959000 -22.000000
v -7.258060 14.959000 -22.000000
v -6.290320 14.959000 -22.000000
v -5.322580 14.959000 -22.000000
v -4.354840 14.959000 -22.000000
v -3.387100 14.959000 -22.000000
v -2.419350 14.959000 -22.000000
v -1.451610 14.959000 -22.000000
v -0.483870 14.959000 -22.000000
v 0.483870 14.959000 -22.000000
v 1.451610 14.959000 -22.000000
v 2.419350 14.959000 -22.000000
v 3.387100 14.959000 -22.000000
v 4.354840 14.959000 -22.000000
v 5.322580 14.959000 -22.000000
v 6.290320 14.959000 -22.000000
v 7.258060 14.959000 -22.000000
v 8.225810 14.959000 -22.000000
v 9.193550 14.959000 -22.000000
v 10.161300 14.959000 -22.000000
v 11.129000 14.959000 -22.000000
v 12.096800 14.959000 -22.000000
v 13.064500 14.959000 -22.000000
v 14.032300 14.959000 -22.000000
v -14.032300 14.959000 -21.000000
v -13.064500 14.959000 -21.000000
v -12.096800 14.959000 -21.000000
v -11.129000 14.959000 -21.000000
v -10.161300 14.959000 -21.000000
v -9.193550 14.959000 -21.000000
v -8.225810 14.959000 -21.000000
v -7.258060 14.959000 -21.000000
v -6.290320 14.959000 -21.000000
v -5.322580 14.959000 -21.000000
v -4.354840 14.959000 -21.000000
v -3.387100 14.959000 -21.000000
v -2.419350 14.959000 -21.000000
v -1.451610 14.959000 -21.000000
v -0.483870 14.959000 -21.000000
v 0.483870 14.959000 -21.000000
v 1.451610 14.959000 -21.000000
v 2.419350 14.959000 -21.000000
v 3.387100 14.959000 -21.000000
v 4.354840 14.959000 -21.000000
v 5.322580 14.959000 -21.000000
v 6.290320 14.959000 -21.000000
v 7.258060 14.959000 -21.000000
v 8.225810 14.959000 -21.000000
v 9.193550 14.959000 -21.000000
v 10.161300 14.959000 -21.000000
v 11.129000 14.959000 -21.000000
v 12.096800 14.959000 -21.000000
v 13.064500 14.959000 -21.000000
v 14.032300 14.959000 -21.000000
v -14.032300 14.959000 -20.000000
v -13.064500 14.959000 -20.000000
v -12.096800 14.959000 -20.000000
v -11.129000 14.959000 -20.000000
v -10.161300 14.959000 -20.000000
v -9.193550 14.959000 -20.000000
v -8.225810 14.959000 -20.000000
v -7.258060 14.959000 -20.000000
v -6.290320 14.959000 -20.000000
v -5.322580 14.959000 -20.000000
v -4.354840 14.959000 -20.000000
v -3.387100 14.959000 -20.000000
v -2.419350 14.959000 -20.000000
v -1.451610 14.959000 -20.000000
v -0.483870 14.959000 -20.000000
v 0.483870 14.959000 -20.000000
v 1.451610 14.959000 -20.000000
v 2.419350 14.959000 -20.000000
v 3.387100 14.959000 -20.000000
v 4.354840 14.959000 -20.000000
v 5.322580 14.959000 -20.000000
v 6.290320 14.959000 -20.000000
v 7.258060 14.959000 -20.000000
v 8.225810 14.959000 -20.000000
v 9.193550 14.959000 -20.000000
v 10.161300 14.959000 -20.000000
v 11.129000 14.959000 -20.000000
v 12.096800 14.959000 -20.000000
v 13.064500 14.959000 -20.000000
v 14.032300 14.959000 -20.000000
v -14.032300 14.959000 -19.000000
v -13.064500 14.959000 -19.000000
v -12.096800 14.959000 -19.000000
v -11.129000 14.959000 -19.000000
v -10.161300 14.959000 -19.000000
v -9.193550 14.959000 -19.000000
v -8.225810 14.959000 -19.000000
v -7.258060 14.959000 -19.000000
v -6.290320 14.959000 -19.000000
v -5.322580 14.959000 -19.000000
v -4.354840 14.959000 -19.000000
v -3.387100 14.959000 -19.000000
v -2.419350 14.959000 -19.000000
v -1.451610 14.959000 -19.000000
v -0.483870 14.959000 -19.000000
v 0.483870 14.959000 -19.000000
v 1.451610 14.959000 -19.000000
v 2.419350 14.959000 -19.000000
v 3.387100 14.959000 -19.000000
v 4.354840 14.959000 -19.000000
v 5.322580 14.959000 -19.000000
v 6.290320 14.959000 -19.000000
v 7.258060 14.959000 -19.000000
v 8.225810 14.959000 -19.000000
v 9.193550 14.959000 -19.000000
v 10.161300 14.959000 -19.000000
v 11.129000 14.959000 -19.000000
v 12.096800 14.959000 -19.000000
v 13.064500 14.959000 -19.000000
v 14.032300 14.959000 -19.000000
v -14.032300 14.959000 -18.000000
v -13.064500 14.959000 -18.000000
v -12.096800 14.959000 -18.000000
v -11.129000 14.959000 -18.000000
v -10.161300 14.959000 -18.000000
v -9.193550 14.959000 -18.000000
v -8.225810 14.959000 -18.000000
v -7.258060 14.959000 -18.000000
v -6.290320 14.959000 -18.000000
v -5.322580 14.959000 -18.000000
v -4.354840 14.959000 -18.000000
v -3.387100 14.959000 -18.000000
v -2.419350 14.959000 -18.000000
v -1.451610 14.959000 -18.000000
v -0.483870 14.959000 -18.000000
v 0.483870 14.959000 -18.000000
v 1.451610 14.959000 -18.000000
v 2.419350 14.959000 -18.000000
v 3.387100 14.959000 -18.000000
v 4.354840 14.959000 -18.000000
v 5.322580 14.959000 -18.000000
v 6.290320 14.959000 -18.000000
v 7.258060 14.959000 -18.000000
v 8.225810 14.959000 -18.000000
v 9.193550 14.959000 -18.000000
v 10.161300 14.959000 -18.000000
v 11.129000 14.959000 -18.000000
v 12.096800 14.959000 -18.000000
v 13.064500 14.959000 -18.000000
v 14.032300 14.959000 -18.000000
v -14.032300 14.959000 -17.000000
v -13.064500 14.959000 -17.000000
v -12.096800 14.959000 -17.000000
v -11.129000 14.959000 -17.000000
v -10.161300 14.959000 -17.000000
v -9.193550 14.959000 -17.000000
v -8.225810 14.959000 -17.000000
v -7.258060 14.959000 -17.000000
v -6.290320 14.959000 -17.000000
v -5.322580 14.959000 -17.000000
v -4.354840 14.959000 -17.000000
v -3.387100 14.959000 -17.000000
v -2.419350 14.959000 -17.000000
v -1.451610 14.959000 -17.000000
v -0.483870 14.959000 -17.000000
v 0.483870 14.959000 -17.000000
v 1.451610 14.959000 -17.000000
v 2.419350 14.959000 -17.000000
v 3.387100 14.959000 -17.000000
v 4.354840 14.959000 -17.000000
v 5.322580 14.959000 -17.000000
v 6.290320 14.959000 -17.000000
v 7.258060 14.959000 -17.000000
v 8.225810 14.959000 -17.000000
v 9.193550 14.959000 -17.000000
v 10.161300 14.959000 -17.000000
v 11.129000 14.959000 -17.000000
v 12.096800 14.959000 -17.000000
v 13.064500 14.959000 -17.000000
v 14.032300 14.959000 -17.000000
v -14.032300 14.959000 -16.000000
v -13.064500 14.959000 -16.000000
v -12.096800 14.959000 -16.000000
v -11.129000 14.959000 -16.000000
v -10.161300 14.959000 -16.000000
v -9.193550 14.959000 -16.000000
v -8.225810 14.959000 -16.000000
v -7.258060 14.959000 -16.000000
v -6.290320 14.959000 -16.000000
v -5.322580 14.959000 -16.000000
v -4.354840 14.959000 -16.000000
v -3.387100 14.959000 -16.000000
v -2.419350 14.959000 -16.000000
v -1.451610 14.959000 -16.000000
v -0.483870 14.959000 -16.000000
v 0.483870 14.959000 -16.000000
v 1.451610 14.959000 -16.000000
v 2.419350 14.959000 -16.000000
v 3.387100 14.959000 -16.000000
v 4.354840 14.959000 -16.000000
v 5.322580 14.959000 -16.000000
v 6.290320 14.959000 -16.000000
v 7.258060 14.959000 -16.000000
v 8.225810 14.959000 -16.000000
v 9.193550 14.959000 -16.000000
v 10.161300 14.959000 -16.000000
v 11.129000 14.959000 -16.000000
v 12.096800 14.959000 -16.000000
v 13.064500 14.959000 -16.000000
v 14.032300 14.959000 -16.000000
v -14.032300 14.959000 -15.000000
v -13.064500 14.959000 -15.000000
v -12.096800 14.959000 -15.000000
v -11.129000 14.959000 -15.000000
v -10.161300 14.959000 -15.000000
v -9.193550 14.959000 -15.000000
v -8.225810 14.959000 -15.000000
v -7.258060 14.959000 -15.000000
v -6.290320 14.959000 -15.000000
v -5.322580 14.959000 -15.000000
v -4.354840 14.959000 -15.000000
v -3.387100 14.959000 -15.000000
v -2.419350 14.959000 -15.000000
v -1.451610 14.959000 -15.000000
v -0.483870 14.959000 -15.000000
v 0.483870 14.959000 -15.000000
v 1.451610 14.959000 -15.000000
v 2.419350 14.959000 -15.000000
v 3.387100 14.959000 -15.000000
v 4.354840 14.959000 -15.000000
v 5.322580 14.959000 -15.000000
v 6.290320 14.959000 -15.000000
v 7.258060 14.959000 -15.000000
v 8.225810 14.959000 -15.000000
v 9.193550 14.959000 -15.000000
v 10.161300 14.959000 -15.000000
v 11.129000 14.959000 -15.000000
v 12.096800 14.959000 -15.000000
v 13.064500 14.959000 -15.000000
v 14.032300 14.959000 -15.000000
v -14.032300 14.959000 -14.000000
v -13.064500 14.959000 -14.000000
v -12.096800 14.959000 -14.000000
v -11.129000 14.959000 -14.000000
v -10.161300 14.959000 -14.000000
v -9.193550 14.959000 -14.000000
v -8.225810 14.959000 -14.000000
v -7.258060 14.959000 -14.000000
v -6.290320 14.959000 -14.000000
v -5.322580 14.959000 -14.000000
v -4.354840 14.959000 -14.000000
v -3.387100 14.959000 -14.000000
v -2.419350 14.959000 -14.000000
v -1.451610 14.959000 -14.000000
v -0.483870 14.959000 -14.000000
v 0.483870 14.959000 -14.000000
v 1.451610 14.959000 -14.000000
v 2.419350 14.959000 -14.000000
v 3.387100 14.959000 -14.000000
v 4.354840 14.959000 -14.000000
v 5.322580 14.959000 -14.000000
v 6.290320 14.959000 -14.000000
v 7.258060 14.959000 -14.000000
v 8.225810 14.959000 -14.000000
v 9.193550 14.959000 -14.000000
v 10.161300 14.959000 -14.000000
v 11.129000 14.959000 -14.000000
v 12.096800 14.959000 -14.000000
v 13.064500 14.959000 -14.000000
v 14.032300 14.959000 -14.000000
v -14.032300 14.959000 -13.000000
v -13.064500 14.959000 -13.000000
v -12.096800 14.959000 -13.000000
v -11.129000 14.959000 -13.000000
v -10.161300 14.959000 -13.000000
v -9.193550 14.959000 -13.000000
v -8.225810 14.959000 -13.000000
v -7.258060 14.959000 -13.000000
v -6.290320 14.959000 -13.000000
v -5.322580 14.959000 -13.000000
v -4.354840 14.959000 -13.000000
v -3.387100 14.959000 -13.000000
v -2.419350 14.959000 -13.000000
v -1.451610 14.959000 -13.000000
v -0.483870 14.959000 -13.000000
v 0.483870 14.959000 -13.000000
v 1.451610 14.959000 -13.000000
v 2.419350 14.959000 -13.000000
v 3.387100 14.959000 -13.000000
v 4.354840 14.959000 -13.000000
v 5.322580 14.959000 -13.000000
v 6.290320 14.959000 -13.000000
v 7.258060 14.959000 -13.000000
v 8.225810 14.959000 -13.000000
v 9.193550 14.959000 -13.000000
v 10.161300 14.959000 -13.000000
v 11.129000 14.959000 -13.000000
v 12.096800 14.959000 -13.000000
v 13.064500 14.959000 -13.000000
v 14.032300 14.959000 -13.000000
v -14.032300 14.959000 -12.000000
v -13.064500 14.959000 -12.000000
v -12.096800 14.959000 -12.000000
v -11.129000 14.959000 -12.000000
v -10.161300 14.959000 -12.000000
v -9.193550 14.959000 -12.000000
v -8.225810 14.959000 -12.000000
v -7.258060 14.959000 -12.000000
v -6.290320 14.959000 -12.000000
v -5.322580 14.959000 -12.000000
v -4.354840 14.959000 -12.000000
v -3.387100 14.959000 -12.000000
v -2.419350 14.959000 -12.000000
v -1.451610 14.959000 -12.000000
v -0.483870 14.959000 -12.000000
v 0.483870 14.959000 -12.000000
v 1.451610 14.959000 -12.000000
v 2.419350 14.959000 -12.000000
v 3.387100 14.959000 -12.000000
v 4.354840 14.959000 -12.000000
v 5.322580 14.959000 -12.000000
v 6.290320 14.959000 -12.000000
v 7.258060 14.959000 -12.000000
v 8.225810 14.959000 -12.000000
v 9.193550 14.959000 -12.000000
v 10.161300 14.959000 -12.000000
v 11.129000 14.959000 -12.000000
v 12.096800 14.959000 -12.000000
v 13.064500 14.959000 -12.000000
v 14.032300 14.959000 -12.000000
v -14.032300 14.959000 -11.000000
v -13.064500 14.959000 -11.000000
v -12.096800 14.959000 -11.000000
v -11.129000 14.959000 -11.000000
v -10.161300 14.959000 -11.000000
v -9.193550 14.959000 -11.000000
v -8.225810 14.959000 -11.000000
v -7.258060 14.959000 -11.000000
v -6.290320 14.959000 -11.000000
v -5.322580 14.959000 -11.000000
v -4.354840 14.959000 -11.000000
v -3.387100 14.959000 -11.000000
v -2.419350 14.959000 -11.000000
v -1.451610 14.959000 -11.000000
v -0.483870 14.959000 -11.000000
v 0.483870 14.959000 -11.000000
v 1.451610 14.959000 -11.000000
v 2.419350 14.959000 -11.000000
v 3.387100 14.959000 -11.000000
v 4.354840 14.959000 -11.000000
v 5.322580 14.959000 -11.000000
v 6.290320 14.959000 -11.000000
v 7.258060 14.959000 -11.000000
v 8.225810 14.959000 -11.000000
v 9.193550 14.959000 -11.000000
v 10.161300 14.959000 -11.000000
v 11.129000 14.959000 -11.000000
v 12.096800 14.959000 -11.000000
v 13.064500 14.959000 -11.000000
v 14.032300 14.959000 -11.000000
v -14.032300 14.959000 -10.000000
v -13.064500 14.959000 -10.000000
v -12.096800 14.959000 -10.000000
v -11.129000 14.959000 -10.000000
v -10.161300 14.959000 -10.000000
v -9.193550 14.959000 -10.000000
v -8.225810 14.959000 -10.000000
v -7.258060 14.959000 -10.000000
v -6.290320 14.959000 -10.000000
v -5.322580 14.959000 -10.000000
v -4.354840 14.959000 -10.000000
v -3.387100 14.959000 -10.000000
v -2.419350 14.959000 -10.000000
v -1.451610 14.959000 -10.000000
v -0.483870 14.959000 -10.000000
v 0.483870 14.959000 -10.000000
v 1.451610 14.959000 -10.000000
v 2.419350 14.959000 -10.000000
v 3.387100 14.959000 -10.000000
v 4.354840 14.959000 -10.000000
v 5.322580 14.959000 -10.000000
v 6.290320 14.959000 -10.000000
v 7.258060 14.959000 -10.000000
v 8.225810 14.959000 -10.000000
v 9.193550 14.959000 -10.000000
v 10.161300 14.959000 -10.000000
v 11.129000 14.959000 -10.000000
v 12.096800 14.959000 -10.000000
v 13.064500 14.959000 -10.000000
v 14.032300 14.959000 -10.000000
v -14.032300 14.959000 -9.000000
v -13.064500 14.959000 -9.000000
v -12.096800 14.959000 -9.000000
v -11.129000 14.959000 -9.000000
v -10.161300 14.959000 -9.000000
v -9.193550 14.959000 -9.000000
v -8.225810 14.959000 -9.000000
v -7.258060 14.959000 -9.000000
v -6.290320 14.959000 -9.000000
v -5.322580 14.959000 -9.000000
v -4.354840 14.959000 -9.000000
v -3.387100 14.959000 -9.000000
v -2.419350 14.959000 -9.000000
v -1.451610 14.959000 -9.000000
v -0.483870 14.959000 -9.000000
v 0.483870 14.959000 -9.000000
v 1.451610 14.959000 -9.000000
v 2.419350 14.959000 -9.000000
v 3.387100 14.959000 -9.000000
v 4.354840 14.959000 -9.000000
v 5.322580 14.959000 -9.000000
v 6.290320 14.959000 -9.000000
v 7.258060 14.959000 -9.000000
v 8.225810 14.959000 -9.000000
v 9.193550 14.959000 -9.000000
v 10.161300 14.959000 -9.000000
v 11.129000 14.959000 -9.000000
v 12.096800 14.959000 -9.000000
v 13.064500 14.959000 -9.000000
v 14.032300 14.959000 -9.000000
v -14.032300 14.959000 -8.000000
v -13.064500 14.959000 -8.000000
v -12.096800 14.959000 -8.000000
v -11.129000 14.959000 -8.000000
v -10.161300 14.959000 -8.000000
v -9.193550 14.959000 -8.000000
v -8.225810 14.959000 -8.000000
v -7.258060 14.959000 -8.000000
v -6.290320 14.959000 -8.000000
v -5.322580 14.959000 -8.000000
v -4.354840 14.959000 -8.000000
v -3.387100 14.959000 -8.000000
v -2.419350 14.959000 -8.000000
v -1.451610 14.959000 -8.000000
v -0.483870 14.959000 -8.000000
v 0.483870 14.959000 -8.000000
v 1.451610 14.959000 -8.000000
v 2.419350 14.959000 -8.000000
v 3.387100 14.959000 -8.000000
v 4.354840 14.959000 -8.000000
v 5.322580 14.959000 -8.000000
v 6.290320 14.959000 -8.000000
v 7.258060 14.959000 -8.000000
v 8.225810 14.959000 -8.000000
v 9.193550 14.959000 -8.000000
v 10.161300 14.959000 -8.000000
v 11.129000 14.959000 -8.000000
v 12.096800 14.959000 -8.000000
v 13.064500 14.959000 -8.000000
v 14.032300 14.959000 -8.000000
v -14.032300 14.959000 -7.000000
v -13.064500 14.959000 -7.000000
v -12.096800 14.959000 -7.000000
v -11.129000 14.959000 -7.000000
v -10.161300 14.959000 -7.000000
v -9.193550 14.959000 -7.000000
v -8.225810 14.959000 -7.000000
v -7.258060 14.959000 -7.000000
v -6.290320 14.959000 -7.000000
v -5.322580 14.959000 -7.000000
v -4.354840 14.959000 -7.000000
v -3.387100 14.959000 -7.000000
v -2.419350 14.959000 -7.000000
v -1.451610 14.959000 -7.000000
v -0.483870 14.959000 -7.000000
v 0.483870 14.959000 -7.000000
v 1.451610 14.959000 -7.000000
v 2.419350 14.959000 -7.000000
v 3.387100 14.959000 -7.000000
v 4.354840 14.959000 -7.000000
v 5.322580 14.959000 -7.000000
v 6.290320 14.959000 -7.000000
v 7.258060 14.959000 -7.000000
v 8.225810 14.959000 -7.000000
v 9.193550 14.959000 -7.000000
v 10.161300 14.959000 -7.000000
v 11.129000 14.959000 -7.000000
v 12.096800 14.959000 -7.000000
v 13.064500 14.959000 -7.000000
v 14.032300 14.959000 -7.000000
v -14.032300 14.959000 -6.000000
v -13.064500 14.959000 -6.000000
v -12.096800 14.959000 -6.000000
v -11.129000 14.959000 -6.000000
v -10.161300 14.959000 -6.000000
v -9.193550 14.959000 -6.000000
v -8.225810 14.959000 -6.000000
v -7.258060 14.959000 -6.000000
v -6.290320 14.959000 -6.000000
v -5.322580 14.959000 -6.000000
v -4.354840 14.959000 -6.000000
v -3.387100 14.959000 -6.000000
v -2.419350 14.959000 -6.000000
v -1.451610 14.959000 -6.000000
v -0.483870 14.959000 -6.000000
v 0.483870 14.959000 -6.000000
v 1.451610 14.959000 -6.000000
v 2.419350 14.959000 -6.000000
v 3.387100 14.959000 -6.000000
v 4.354840 14.959000 -6.000000
v 5.322580 14.959000 -6.000000
v 6.290320 14.959000 -6.000000
v 7.258060 14.959000 -6.000000
v 8.225810 14.959000 -6.000000
v 9.193550 14.959000 -6.000000
v 10.161300 14.959000 -6.000000
v 11.129000 14.959000 -6.000000
v 12.096800 14.959000 -6.000000
v 13.064500 14.959000 -6.000000
v 14.032300 14.959000 -6.000000
v -14.032300 14.959000 -5.000000
v -13.064500 14.959000 -5.000000
v -12.096800 14.959000 -5.000000
v -11.129000 14.959000 -5.000000
v -10.161300 14.959000 -5.000000
v -9.193550 14.959000 -5.000000
v -8.225810 14.959000 -5.000000
v -7.258060 14.959000 -5.000000
v -6.290320 14.959000 -5.000000
v -5.322580 14.959000 -5.000000
v -4.354840 14.959000 -5.000000
v -3.387100 14.959000 -5.000000
v -2.419350 14.959000 -5.000000
v -1.451610 14.959000 -5.000000
v -0.483870 14.959000 -5.000000
v 0.483870 14.959000 -5.000000
v 1.451610 14.959000 -5.000000
v 2.419350 14.959000 -5.000000
v 3.387100 14.959000 -5.000000
v 4.354840 14.959000 -5.000000
v 5.322580 14.959000 -5.000000
v 6.290320 14.959000 -5.000000
v 7.258060 14.959000 -5.000000
v 8.225810 14.959000 -5.000000
v 9.193550 14.959000 -5.000000
v 10.161300 14.959000 -5.000000
v 11.129000 14.959000 -5.000000
v 12.096800 14.959000 -5.000000
v 13.064500 14.959000 -5.000000
v 14.032300 14.959000 -5.000000
v -14.032300 14.959000 -4.000000
v -13.064500 14.959000 -4.000000
v -12.096800 14.959000 -4.000000
v -11.129000 14.959000 -4.000000
v -10.161300 14.959000 -4.000000
v -9.193550 14.959000 -4.000000
v -8.225810 14.959000 -4.000000
v -7.258060 14.959000 -4.000000
v -6.290320 14.959000 -4.000000
v -5.322580 14.959000 -4.000000
v -4.354840 14.959000 -4.000000
v -3.387100 14.959000 -4.000000
v -2.419350 14.959000 -4.000000
v -1.451610 14.959000 -4.000000
v -0.483870 14.959000 -4.000000
v 0.483870 14.959000 -4.000000
v 1.451610 14.959000 -4.000000
v 2.419350 14.959000 -4.000000
v 3.387100 14.959000 -4.000000
v 4.354840 14.959000 -4.000000
v 5.322580 14.959000 -4.000000
v 6.290320 14.959000 -4.000000
v 7.258060 14.959000 -4.000000
v 8.225810 14.959000 -4.000000
v 9.193550 14.959000 -4.000000
v 10.161300 14.959000 -4.000000
v 11.129000 14.959000 -4.000000
v 12.096800 14.959000 -4.000000
v 13.064500 14.959000 -4.000000
v 14.032300 14.959000 -4.000000
v -14.032300 14.959000 -3.000000
v -13.064500 14.959000 -3.000000
v -12.096800 14.959000 -3.000000
v -11.129000 14.959000 -3.000000
v -10.161300 14.959000 -3.000000
v -9.193550 14.959000 -3.000000
v -8.225810 14.959000 -3.000000
v -7.258060 14.959000 -3.000000
v -6.290320 14.959000 -3.000000
v -5.322580 14.959000 -3.000000
v -4.354840 14.959000 -3.000000
v -3.387100 14.959000 -3.000000
v -2.419350 14.959000 -3.000000
v -1.451610 14.959000 -3.000000
v -0.483870 14.959000 -3.000000
v 0.483870 14.959000 -3.000000
v 1.451610 14.959000 -3.000000
v 2.419350 14.959000 -3.000000
v 3.387100 14.959000 -3.000000
v 4.354840 14.959000 -3.000000
v 5.322580 14.959000 -3.000000
v 6.290320 14.959000 -3.000000
v 7.258060 14.959000 -3.000000
v 8.225810 14.959000 -3.000000
v 9.193550 14.959000 -3.000000
v 10.161300 14.959000 -3.000000
v 11.129000 14.959000 -3.000000
v 12.096800 14.959000 -3.000000
v 13.064500 14.959000 -3.000000
v 14.032300 14.959000 -3.000000
v -14.032300 14.959000 -2.000000
v -13.064500 14.959000 -2.000000
v -12.096800 14.959000 -2.000000
v -11.129000 14.959000 -2.000000
v -10.161300 14.959000 -2.000000
v -9.193550 14.959000 -2.000000
v -8.225810 14.959000 -2.000000
v -7.258060 14.959000 -2.000000
v -6.290320 14.959000 -2.000000
v -5.322580 14.959000 -2.000000
v -4.354840 14.959000 -2.000000
v -3.387100 14.959000 -2.000000
v -2.419350 14.959000 -2.000000
v -1.451610 14.959000 -2.000000
v -0.483870 14.959000 -2.000000
v 0.483870 14.959000 -2.000000
v 1.451610 14.959000 -2.000000
v 2.419350 14.959000 -2.000000
v 3.387100 14.959000 -2.000000
v 4.354840 14.959000 -2.000000
v 5.322580 14.959000 -2.000000
v 6.290320 14.959000 -2.000000
v 7.258060 14.959000 -2.000000
v 8.225810 14.959000 -2.000000
v 9.193550 14.959000 -2.000000
v 10.161300 14.959000 -2.000000
v 11.129000 14.959000 -2.000000
v 12.096800 14.959000 -2.000000
v 13.064500 14.959000 -2.000000
v 14.032300 14.959000 -2.000000
v -14.032300 14.959000 -1.000000
v -13.064500 14.959000 -1.000000
v -12.096800 14.959000 -1.000000
v -11.129000 14.959000 -1.000000
v -10.161300 14.959000 -1.000000
v -9.193550 14.959000 -1.000000
v -8.225810 14.959000 -1.000000
v -7.258060 14.959000 -1.000000
v -6.290320 14.959000 -1.000000
v -5.322580 14.959000 -1.000000
v -4.354840 14.959000 -1.000000
v -3.387100 14.959000 -1.000000
v -2.419350 14.959000 -1.000000
v -1.451610 14.959000 -1.000000
v -0.483870 14.959000 -1.000000
v 0.483870 14.959000 -1.000000
v 1.451610 14.959000 -1.000000
v 2.419350 14.959000 -1.000000
v 3.387100 14.959000 -1.000000
v 4.354840 14.959000 -1.000000
v 5.322580 14.959000 -1.000000
v 6.290320 14.959000 -1.000000
v 7.258060 14.959000 -1.000000
v 8.225810 14.959000 -1.000000
v 9.193550 14.959000 -1.000000
v 10.161300 14.959000 -1.000000
v 11.129000 14.959000 -1.000000
v 12.096800 14.959000 -1.000000
v 13.064500 14.959000 -1.000000
v 14.032300 14.959000 -1.000000
v -14.032300 14.959000 0.000000
v -13.064500 14.959000 0.000000
v -12.096800 14.959000 0.000000
v -11.129000 14.959000 0.000000
v -10.161300 14.959000 0.000000
v -9.193550 14.959000 0.000000
v -8.225810 14.959000 0.000000
v -7.258060 14.959000 0.000000
v -6.290320 14.959000 0.000000
v -5.322580 14.959000 0.000000
v -4.354840 14.959000 0.000000
v -3.387100 14.959000 0.000000
v -2.419350 14.959000 0.000000
v -1.451610 14.959000 0.000000
v -0.483870 14.959000 0.000000
v 0.483870 14.959000 0.000000
v 1.451610 14.959000 0.000000
v 2.419350 14.959000 0.000000
v 3.387100 14.959000 0.000000
v 4.354840 14.959000 0.000000
v 5.322580 14.959000 0.000000
v 6.290320 14.959000 0.000000
v 7.258060 14.959000 0.000000
v 8.225810 14.959000 0.000000
v 9.193550 14.959000 0.000000
v 10.161300 14.959000 0.000000
v 11.129000 14.959000 0.000000
v 12.096800 14.959000 0.000000
v 13.064500 14.959000 0.000000
v 14.032300 14.959000 0.000000
v -14.032300 -14.959000 -22.000000
v -14.032300 -14.959000 -21.000000
v -14.032300 -14.959000 -20.000000
v -14.032300 -14.959000 -19.000000
v -14.032300 -14.959000 -18.000000
v -14.032300 -14.959000 -17.000000
v -14.032300 -14.959000 -16.000000
v -14.032300 -14.959000 -15.000000
v -14.032300 -14.959000 -14.000000
v -14.032300 -14.959000 -13.000000
v -14.032300 -14.959000 -12.000000
v -14.032300 -14.959000 -11.000000
v -14.032300 -14.959000 -10.000000
v -14.032300 -14.959000 -9.000000
v -14.032300 -14.959000 -8.000000
v -14.032300 -14.959000 -7.000000
v -14.032300 -14.959000 -6.000000
v -14.032300 -14.959000 -5.000000
v -14.032300 -14.959000 -4.000000
v -14.032300 -14.959000 -3.000000
v -14.032300 -14.959000 -2.000000
v -14.032300 -14.959000 -1.000000
v -14.032300 -14.959000 0.000000
v -13.064500 -14.959000 -22.000000
v -13.064500 -14.959000 -21.000000
v -13.064500 -14.959000 -20.000000
v -13.064500 -14.959000 -19.000000
v -13.064500 -14.959000 -18.000000
v -13.064500 -14.959000 -17.000000
v -13.064500 -14.959000 -16.000000
v -13.064500 -14.959000 -15.000000
v -13.064500 -14.959000 -14.000000
v -13.064500 -14.959000 -13.000000
v -13.064500 -14.959000 -12.000000
v -13.064500 -14.959000 -11.000000
v -13.064500 -14.959000 -10.000000
v -13.064500 -14.959000 -9.000000
v -13.064500 -14.959000 -8.000000
v -13.064500 -14.959000 -7.000000
v -13.064500 -14.959000 -6.000000
v -13.064500 -14.959000 -5.000000
v -13.064500 -14.959000 -4.000000
v -13.064500 -14.959000 -3.000000
v -13.064500 -14.959000 -2.000000
v -13.064500 -14.959000 -1.000000
v -13.064500 -14.959000 0.000000
v -12.096800 -14.959000 -22.000000
v -12.096800 -14.959000 -21.000000
v -12.096800 -14.959000 -20.000000
v -12.096800 -14.959000 -19.000000
v -12.096800 -14.959000 -18.000000
v -12.096800 -14.959000 -17.000000
v -12.096800 -14.959000 -16.000000
v -12.096800 -14.959000 -15.000000
v -12.096800 -14.959000 -14.000000
v -12.096800 -14.959000 -13.000000
v -12.096800 -14.959000 -12.000000
v -12.096800 -14.959000 -11.000000
v -12.096800 -14.959000 -10.000000
v -12.096800 -14.959000 -9.000000
v -12.096800 -14.959000 -8.000000
v -12.096800 -14.959000 -7.000000
v -12.096800 -14.959000 -6.000000
v -12.096800 -14.959000 -5.000000
v -12.096800 -14.959000 -4.000000
v -12.096800 -14.959000 -3.000000
v -12.096800 -14.959000 -2.000000
v -12.096800 -14.959000 -1.000000
v -12.096800 -14.959000 0.000000
v -11.129000 -14.959000 -22.000000
v -11.129000 -14.959000 -21.000000
v -11.129000 -14.959000 -20.000000
v -11.129000 -14.959000 -19.000000
v -11.129000 -14.959000 -18.000000
v -11.129000 -14.959000 -17.000000
v -11.129000 -14.959000 -16.000000
v -11.129000 -14.959000 -15.000000
v -11.129000 -14.959000 -14.000000
v -11.129000 -14.959000 -13.000000
v -11.129000 -14.959000 -12.000000
v -11.129000 -14.959000 -11.000000
v -11.129000 -14.959000 -10.000000
v -11.129000 -14.959000 -9.000000
v -11.129000 -14.959000 -8.000000
v -11.129000 -14.959000 -7.000000
v -11.129000 -14.959000 -6.000000
v -11.129000 -14.959000 -5.000000
v -11.129000 -14.959000 -4.000000
v -11.129000 -14.959000 -3.000000
v -11.129000 -14.959000 -2.000000
v -11.129000 -14.959000 -1.000000
v -11.129000 -14.959000 0.000000
v -10.161300 -14.959000 -22.000000
v -10.161300 -14.959000 -21.000000
v -10.161300 -14.959000 -20.000000
v -10.161300 -14.959000 -19.000000
v -10.161300 -14.959000 -18.000000
v -10.161300 -14.959000 -17.000000
v -10.161300 -14.959000 -16.000000
v -10.161300 -14.959000 -15.000000
v -10.161300 -14.959000 -14.000000
v -10.161300 -14.959000 -13.000000
v -10.161300 -14.959000 -12.000000
v -10.161300 -14.959000 -11.000000
v -10.161300 -14.959000 -10.000000
v -10.161300 -14.959000 -9.000000
v -10.161300 -14.959000 -8.000000
v -10.161300 -14.959000 -7.000000
v -10.161300 -14.959000 -6.000000
v -10.161300 -14.959000 -5.000000
v -10.161300 -14.959000 -4.000000
v -10.161300 -14.959000 -3.000000
v -10.161300 -14.959000 -2.000000
v -10.161300 -14.959000 -1.000000
v -10.161300 -14.959000 0.000000
v -9.193550 -14.959000 -22.000000
v -9.193550 -14.959000 -21.000000
v -9.193550 -14.959000 -20.000000
v -9.193550 -14.959000 -19.000000
v -9.193550 -14.959000 -18.000000
v -9.193550 -14.959000 -17.000000
v -9.193550 -14.959000 -16.000000
v -9.193550 -14.959000 -15.000000
v -9.193550 -14.959000 -14.000000
v -9.193550 -14.959000 -13.000000
v -9.193550 -14.959000 -12.000000
v -9.193550 -14.959000 -11.000000
v -9.193550 -14.959000 -10.000000
v -9.193550 -14.959000 -9.000000
v -9.193550 -14.959000 -8.000000
v -9.193550 -14.959000 -7.000000
v -9.193550 -14.959000 -6.000000
v -9.193550 -14.959000 -5.000000
v -9.193550 -14.959000 -4.000000
v -9.193550 -14.959000 -3.000000
v -9.193550 -14.959000 -2.000000
v -9.193550 -14.959000 -1.000000
v -9.193550 -14.959000 0.000000
v -8.225810 -14.959000 -22.000000
v -8.225810 -14.959000 -21.000000
v -8.225810 -14.959000 -20.000000
v -8.225810 -14.959000 -19.000000
v -8.225810 -14.959000 -18.000000
v -8.225810 -14.959000 -17.000000
v -8.225810 -14.959000 -16.000000
v -8.225810 -14.959000 -15.000000
v -8.225810 -14.959000 -14.000000
v -8.225810 -14.959000 -13.000000
v -8.225810 -14.959000 -12.000000
v -8.225810 -14.959000 -11.000000
v -8.225810 -14.959000 -10.000000
v -8.225810 -14.959000 -9.000000
v -8.225810 -14.959000 -8.000000
v -8.225810 -14.959000 -7.000000
v -8.225810 -14.959000 -6.000000
v -8.225810 -14.959000 -5.000000
v -8.225810 -14.959000 -4.000000
v -8.225810 -14.959000 -3.000000
v -8.225810 -14.959000 -2.000000
v -8.225810 -14.959000 -1.000000
v -8.225810 -14.959000 0.000000
v -7.258060 -14.959000 -22.000000
v -7.258060 -14.959000 -21.000000
v -7.258060 -14.959000 -20.000000
v -7.258060 -14.959000 -19.000000
v -7.258060 -14.959000 -18.000000
v -7.258060 -14.959000 -17.000000
v -7.258060 -14.959000 -16.000000
v -7.258060 -14.959000 -15.000000
v -7.258060 -14.959000 -14.000000
v -7.258060 -14.959000 -13.000000
v -7.258060 -14.959000 -12.000000
v -7.258060 -14.959000 -11.000000
v -7.258060 -14.959000 -10.000000
v -7.258060 -14.959000 -9.000000
v -7.258060 -14.959000 -8.000000
v -7.258060 -14.959000 -7.000000
v -7.258060 -14.959000 -6.000000
v -7.258060 -14.959000 -5.000000
v -7.258060 -14.959000 -4.000000
v -7.258060 -14.959000 -3.000000
v -7.258060 -14.959000 -2.000000
v -7.258060 -14.959000 -1.000000
v -7.258060 -14.959000 0.000000
v -6.290320 -14.959000 -22.000000
v -6.290320 -14.959000 -21.000000
v -6.290320 -14.959000 -20.000000
v -6.290320 -14.959000 -19.000000
v -6.290320 -14.959000 -18.000000
v -6.290320 -14.959000 -17.000000
v -6.290320 -14.959000 -16.000000
v -6.290320 -14.959000 -15.000000
v -6.290320 -14.959000 -14.000000
v -6.290320 -14.959000 -13.000000
v -6.290320 -14.959000 -12.000000
v -6.290320 -14.959000 -11.000000
v -6.290320 -14.959000 -10.000000
v -6.290320 -14.959000 -9.000000
v -6.290320 -14.959000 -8.000000
v -6.290320 -14.959000 -7.000000
v -6.290320 -14.959000 -6.000000
v -6.290320 -14.959000 -5.000000
v -6.290320 -14.959000 -4.000000
v -6.290320 -14.959000 -3.000000
v -6.290320 -14.959000 -2.000000
v -6.290320 -14.959000 -1.000000
v -6.290320 -14.959000 0.000000
v -5.322580 -14.959000 -22.000000
v -5.322580 -14.959000 -21.000000
v -5.322580 -14.959000 -20.000000
v -5.322580 -14.959000 -19.000000
v -5.322580 -14.959000 -18.000000
v -5.322580 -14.959000 -17.000000
v -5.322580 -14.959000 -16.000000
v -5.322580 -14.959000 -15.000000
v -5.322580 -14.959000 -14.000000
v -5.322580 -14.959000 -13.000000
v -5.322580 -14.959000 -12.000000
v -5.322580 -14.959000 -11.000000
v -5.322580 -14.959000 -10.000000
v -5.322580 -14.959000 -9.000000
v -5.322580 -14.959000 -8.000000
v -5.322580 -14.959000 -7.000000
v -5.322580 -14.959000 -6.000000
v -5.322580 -14.959000 -5.000000
v -5.322580 -14.959000 -4.000000
v -5.322580 -14.959000 -3.000000
v -5.322580 -14.959000 -2.000000
v -5.322580 -14.959000 -1.000000
v -5.322580 -14.959000 0.000000
v -4.354840 -14.959000 -22.000000
v -4.354840 -14.959000 -21.000000
v -4.354840 -14.959000 -20.000000
v -4.354840 -14.959000 -19.000000
v -4.354840 -14.959000 -18.000000
v -4.354840 -14.959000 -17.000000
v -4.354840 -14.959000 -16.000000
v -4.354840 -14.959000 -15.000000
v -4.354840 -14.959000 -14.000000
v -4.354840 -14.959000 -13.000000
v -4.354840 -14.959000 -12.000000
v -4.354840 -14.959000 -11.000000
v -4.354840 -14.959000 -10.000000
v -4.354840 -14.959000 -9.000000
v -4.354840 -14.959000 -8.000000
v -4.354840 -14.959000 -7.000000
v -4.354840 -14.959000 -6.000000
v -4.354840 -14.959000 -5.000000
v -4.354840 -14.959000 -4.000000
v -4.354840 -14.959000 -3.000000
v -4.354840 -14.959000 -2.000000
v -4.354840 -14.959000 -1.000000
v -4.354840 -14.959000 0.000000
v -3.387100 -14.959000 -22.000000
v -3.387100 -14.959000 -21.000000
v -3.387100 -14.959000 -20.000000
v -3.387100 -14.959000 -19.000000
v -3.387100 -14.959000 -18.000000
v -3.387100 -14.959000 -17.000000
v -3.387100 -14.959000 -16.000000
v -3.387100 -14.959000 -15.000000
v -3.387100 -14.959000 -14.000000
v -3.387100 -14.959000 -13.000000
v -3.387100 -14.959000 -12.000000
v -3.387100 -14.959000 -11.000000
v -3.387100 -14.959000 -10.000000
v -3.387100 -14.959000 -9.000000
v -3.387100 -14.959000 -8.000000
v -3.387100 -14.959000 -7.000000
v -3.387100 -14.959000 -6.000000
v -3.387100 -14.959000 -5.000000
v -3.387100 -14.959000 -4.000000
v -3.387100 -14.959000 -3.000000
v -3.387100 -14.959000 -2.000000
v -3.387100 -14.959000 -1.000000
v -3.387100 -14.959000 0.000000
v -2.419350 -14.959000 -22.000000
v -2.419350 -14.959000 -21.000000
v -2.419350 -14.959000 -20.000000
v -2.419350 -14.959000 -19.000000
v -2.419350 -14.959000 -18.000000
v -2.419350 -14.959000 -17.000000
v -2.419350 -14.959000 -16.000000
v -2.419350 -14.959000 -15.000000
v -2.419350 -14.959000 -14.000000
v -2.419350 -14.959000 -13.000000
v -2.419350 -14.959000 -12.000000
v -2.419350 -14.959000 -11.000000
v -2.419350 -14.959000 -10.000000
v -2.419350 -14.959000 -9.000000
v -2.419350 -14.959000 -8.000000
v -2.419350 -14.959000 -7.000000
v -2.419350 -14.959000 -6.000000
v -2.419350 -14.959000 -5.000000
v -2.419350 -14.959000 -4.000000
v -2.419350 -14.959000 -3.000000
v -2.419350 -14.959000 -2.000000
v -2.419350 -14.959000 -1.000000
v -2.419350 -14.959000 0.000000
v -1.451610 -14.959000 -22.000000
v -1.451610 -14.959000 -21.000000
v -1.451610 -14.959000 -20.000000
v -1.451610 -14.959000 -19.000000
v -1.451610 -14.959000 -18.000000
v -1.451610 -14.959000 -17.000000
v -1.451610 -14.959000 -16.000000
v -1.451610 -14.959000 -15.000000
v -1.451610 -14.959000 -14.000000
v -1.451610 -14.959000 -13.000000
v -1.451610 -14.959000 -12.000000
v -1.451610 -14.959000 -11.000000
v -1.451610 -14.959000 -10.000000
v -1.451610 -14.959000 -9.000000
v -1.451610 -14.959000 -8.000000
v -1.451610 -14.959000 -7.000000
v -1.451610 -14.959000 -6.000000
v -1.451610 -14.959000 -5.000000
v -1.451610 -14.959000 -4.000000
v -1.451610 -14.959000 -3.000000
v -1.451610 -14.959000 -2.000000
v -1.451610 -14.959000 -1.000000
v -1.451610 -14.959000 0.000000
v -0.483870 -14.959000 -22.000000
v -0.483870 -14.959000 -21.000000
v -0.483870 -14.959000 -20.000000
v -0.483870 -14.959000 -19.000000
v -0.483870 -14.959000 -18.000000
v -0.483870 -14.959000 -17.000000
v -0.483870 -14.959000 -16.000000
v -0.483870 -14.959000 -15.000000
v -0.483870 -14.959000 -14.000000
v -0.483870 -14.959000 -13.000000
v -0.483870 -14.959000 -12.000000
v -0.483870 -14.959000 -11.000000
v -0.483870 -14.959000 -10.000000
v -0.483870 -14.959000 -9.000000
v -0.483870 -14.959000 -8.000000
v -0.483870 -14.959000 -7.000000
v -0.483870 -14.959000 -6.000000
v -0.483870 -14.959000 -5.000000
v -0.483870 -14.959000 -4.000000
v -0.483870 -14.959000 -3.000000
v -0.483870 -14.959000 -2.000000
v -0.483870 -14.959000 -1.000000
v -0.483870 -14.959000 0.000000
v 0.483870 -14.959000 -22.000000
v 0.483870 -14.959000 -21.000000
v 0.483870 -14.959000 -20.000000
v 0.483870 -14.959000 -19.000000
v 0.483870 -14.959000 -18.000000
v 0.483870 -14.959000 -17.000000
v 0.483870 -14.959000 -16.000000
v 0.483870 -14.959000 -15.000000
v 0.483870 -14.959000 -14.000000
v 0.483870 -14.959000 -13.000000
v 0.483870 -14.959000 -12.000000
v 0.483870 -14.959000 -11.000000
v 0.483870 -14.959000 -10.000000
v 0.483870 -14.959000 -9.000000
v 0.483870 -14.959000 -8.000000
v 0.483870 -14.959000 -7.000000
v 0.483870 -14.959000 -6.000000
v 0.483870 -14.959000 -5.000000
v 0.483870 -14.959000 -4.000000
v 0.483870 -14.959000 -3.000000
v 0.483870 -14.959000 -2.000000
v 0.483870 -14.959000 -1.000000
v 0.483870 -14.959000 0.000000
v 1.451610 -14.959000 -22.000000
v 1.451610 -14.959000 -21.000000
v 1.451610 -14.959000 -20.000000
v 1.451610 -14.959000 -19.000000
v 1.451610 -14.959000 -18.000000
v 1.451610 -14.959000 -17.000000
v 1.451610 -14.959000 -16.000000
v 1.451610 -14.959000 -15.000000
v 1.451610 -14.959000 -14.000000
v 1.451610 -14.959000 -13.000000
v 1.451610 -14.959000 -12.000000
v 1.451610 -14.959000 -11.000000
v 1.451610 -14.959000 -10.000000
v 1.451610 -14.959000 -9.000000
v 1.451610 -14.959000 -8.000000
v 1.451610 -14.959000 -7.000000
v 1.451610 -14.959000 -6.000000
v 1.451610 -14.959000 -5.000000
v 1.451610 -14.959000 -4.000000
v 1.451610 -14.959000 -3.000000
v 1.451610 -14.959000 -2.000000
v 1.451610 -14.959000 -1.000000
v 1.451610 -14.959000 0.000000
v 2.419350 -14.959000 -22.000000
v 2.419350 -14.959000 -21.000000
v 2.419350 -14.959000 -20.000000
v 2.419350 -14.959000 -19.000000
v 2.419350 -14.959000 -18.000000
v 2.419350 -14.959000 -17.000000
v 2.419350 -14.959000 -16.000000
v 2.419350 -14.959000 -15.000000
v 2.419350 -14.959000 -14.000000
v 2.419350 -14.959000 -13.000000
v 2.419350 -14.959000 -12.000000
v 2.419350 -14.959000 -11.000000
v 2.419350 -14.959000 -10.000000
v 2.419350 -14.959000 -9.000000
v 2.419350 -14.959000 -8.000000
v 2.419350 -14.959000 -7.000000
v 2.419350 -14.959000 -6.000000
v 2.419350 -14.959000 -5.000000
v 2.419350 -14.959000 -4.000000
v 2.419350 -14.959000 -3.000000
v 2.419350 -14.959000 -2.000000
v 2.419350 -14.959000 -1.000000
v 2.419350 -14.959000 0.000000
v 3.387100 -14.959000 -22.000000
v 3.387100 -14.959000 -21.000000
v 3.387100 -14.959000 -20.000000
v 3.387100 -14.959000 -19.000000
v 3.387100 -14.959000 -18.000000
v 3.387100 -14.959000 -17.000000
v 3.387100 -14.959000 -16.000000
v 3.387100 -14.959000 -15.000000
v 3.387100 -14.959000 -14.000000
v 3.387100 -14.959000 -13.000000
v 3.387100 -14.959000 -12.000000
v 3.387100 -14.959000 -11.000000
v 3.387100 -14.959000 -10.000000
v 3.387100 -14.959000 -9.000000
v 3.387100 -14.959000 -8.000000
v 3.387100 -14.959000 -7.000000
v 3.387100 -14.959000 -6.000000
v 3.387100 -14.959000 -5.000000
v 3.387100 -14.959000 -4.000000
v 3.387100 -14.959000 -3.000000
v 3.387100 -14.959000 -2.000000
v 3.387100 -14.959000 -1.000000
v 3.387100 -14.959000 0.000000
v 4.354840 -14.959000 -22.000000
v 4.354840 -14.959000 -21.000000
v 4.354840 -14.959000 -20.000000
v 4.354840 -14.959000 -19.000000
v 4.354840 -14.959000 -18.000000
v 4.354840 -14.959000 -17.000000
v 4.354840 -14.959000 -16.000000
v 4.354840 -14.959000 -15.000000
v 4.354840 -14.959000 -14.000000
v 4.354840 -14.959000 -13.000000
v 4.354840 -14.959000 -12.000000
v 4.354840 -14.959000 -11.000000
v 4.354840 -14.959000 -10.000000
v 4.354840 -14.959000 -9.000000
v 4.354840 -14.959000 -8.000000
v 4.354840 -14.959000 -7.000000
v 4.354840 -14.959000 -6.000000
v 4.354840 -14.959000 -5.000000
v 4.354840 -14.959000 -4.000000
v 4.354840 -14.959000 -3.000000
v 4.354840 -14.959000 -2.000000
v 4.354840 -14.959000 -1.000000
v 4.354840 -14.959000 0.000000
v 5.322580 -14.959000 -22.000000
v 5.322580 -14.959000 -21.000000
v 5.322580 -14.959000 -20.000000
v 5.322580 -14.959000 -19.000000
v 5.322580 -14.959000 -18.000000
v 5.322580 -14.959000 -17.000000
v 5.322580 -14.959000 -16.000000
v 5.322580 -14.959000 -15.000000
v 5.322580 -14.959000 -14.000000
v 5.322580 -14.959000 -13.000000
v 5.322580 -14.959000 -12.000000
v 5.322580 -14.959000 -11.000000
v 5.322580 -14.959000 -10.000000
v 5.322580 -14.959000 -9.000000
v 5.322580 -14.959000 -8.000000
v 5.322580 -14.959000 -7.000000
v 5.322580 -14.959000 -6.000000
v 5.322580 -14.959000 -5.000000
v 5.322580 -14.959000 -4.000000
v 5.322580 -14.959000 -3.000000
v 5.322580 -14.959000 -2.000000
v 5.322580 -14.959000 -1.000000
v 5.322580 -14.959000 0.000000
v 6.290320 -14.959000 -22.000000
v 6.290320 -14.959000 -21.000000
v 6.290320 -14.959000 -20.000000
v 6.290320 -14.959000 -19.000000
v 6.290320 -14.959000 -18.000000
v 6.290320 -14.959000 -17.000000
v 6.290320 -14.959000 -16.000000
v 6.290320 -14.959000 -15.000000
v 6.290320 -14.959000 -14.000000
v 6.290320 -14.959000 -13.000000
v 6.290320 -14.959000 -12.000000
v 6.290320 -14.959000 -11.000000
v 6.290320 -14.959000 -10.000000
v 6.290320 -14.959000 -9.000000
v 6.290320 -14.959000 -8.000000
v 6.290320 -14.959000 -7.000000
v 6.290320 -14.959000 -6.000000
v 6.290320 -14.959000 -5.000000
v 6.290320 -14.959000 -4.000000
v 6.290320 -14.959000 -3.000000
v 6.290320 -14.959000 -2.000000
v 6.290320 -14.959000 -1.000000
v 6.290320 -14.959000 0.000000
v 7.258060 -14.959000 -22.000000
v 7.258060 -14.959000 -21.000000
v 7.258060 -14.959000 -20.000000
v 7.258060 -14.959000 -19.000000
v 7.258060 -14.959000 -18.000000
v 7.258060 -14.959000 -17.000000
v 7.258060 -14.959000 -16.000000
v 7.258060 -14.959000 -15.000000
v 7.258060 -14.959000 -14.000000
v 7.258060 -14.959000 -13.000000
v 7.258060 -14.959000 -12.000000
v 7.258060 -14.959000 -11.000000
v 7.258060 -14.959000 -10.000000
v 7.258060 -14.959000 -9.000000
v 7.258060 -14.959000 -8.000000
v 7.258060 -14.959000 -7.000000
v 7.258060 -14.959000 -6.000000
v 7.258060 -14.959000 -5.000000
v 7.258060 -14.959000 -4.000000
v 7.258060 -14.959000 -3.000000
v 7.258060 -14.959000 -2.000000
v 7.258060 -14.959000 -1.000000
v 7.258060 -14.959000 0.000000
v 8.225810 -14.959000 -22.000000
v 8.225810 -14.959000 -21.000000
v 8.225810 -14.959000 -20.000000
v 8.225810 -14.959000 -19.000000
v 8.225810 -14.959000 -18.000000
v 8.225810 -14.959000 -17.000000
v 8.225810 -14.959000 -16.000000
v 8.225810 -14.959000 -15.000000
v 8.225810 -14.959000 -14.000000
v 8.225810 -14.959000 -13.000000
v 8.225810 -14.959000 -12.000000
v 8.225810 -14.959000 -11.000000
v 8.225810 -14.959000 -10.000000
v 8.225810 -14.959000 -9.000000
v 8.225810 -14.959000 -8.000000
v 8.225810 -14.959000 -7.000000
v 8.225810 -14.959000 -6.000000
v 8.225810 -14.959000 -5.000000
v 8.225810 -14.959000 -4.000000
v 8.225810 -14.959000 -3.000000
v 8.225810 -14.959000 -2.000000
v 8.225810 -14.959000 -1.000000
v 8.225810 -14.959000 0.000000
v 9.193550 -14.959000 -22.000000
v 9.193550 -14.959000 -21.000000
v 9.193550 -14.959000 -20.000000
v 9.193550 -14.959000 -19.000000
v 9.193550 -14.959000 -18.000000
v 9.193550 -14.959000 -17.000000
v 9.193550 -14.959000 -16.000000
v 9.193550 -14.959000 -15.000000
v 9.193550 -14.959000 -14.000000
v 9.193550 -14.959000 -13.000000
v 9.193550 -14.959000 -12.000000
v 9.193550 -14.959000 -11.000000
v 9.193550 -14.959000 -10.000000
v 9.193550 -14.959000 -9.000000
v 9.193550 -14.959000 -8.000000
v 9.193550 -14.959000 -7.000000
v 9.193550 -14.959000 -6.000000
v 9.193550 -14.959000 -5.000000
v 9.193550 -14.959000 -4.000000
v 9.193550 -14.959000 -3.000000
v 9.193550 -14.959000 -2.000000
v 9.193550 -14.959000 -1.000000
v 9.193550 -14.959000 0.000000
v 10.161300 -14.959000 -22.000000
v 10.161300 -14.959000 -21.000000
v 10.161300 -14.959000 -20.000000
v 10.161300 -14.959000 -19.000000
v 10.161300 -14.959000 -18.000000
v 10.161300 -14.959000 -17.000000
v 10.161300 -14.959000 -16.000000
v 10.161300 -14.959000 -15.000000
v 10.161300 -14.959000 -14.000000
v 10.161300 -14.959000 -13.000000
v 10.161300 -14.959000 -12.000000
v 10.161300 -14.959000 -11.000000
v 10.161300 -14.959000 -10.000000
v 10.161300 -14.959000 -9.000000
v 10.161300 -14.959000 -8.000000
v 10.161300 -14.959000 -7.000000
v 10.161300 -14.959000 -6.000000
v 10.161300 -14.959000 -5.000000
v 10.161300 -14.959000 -4.000000
v 10.161300 -14.959000 -3.000000
v 10.161300 -14.959000 -2.000000
v 10.161300 -14.959000 -1.000000
v 10.161300 -14.959000 0.000000
v 11.129000 -14.959000 -22.000000
v 11.129000 -14.959000 -21.000000
v 11.129000 -14.959000 -20.000000
v 11.129000 -14.959000 -19.000000
v 11.129000 -14.959000 -18.000000
v 11.129000 -14.959000 -17.000000
v 11.129000 -14.959000 -16.000000
v 11.129000 -14.959000 -15.000000
v 11.129000 -14.959000 -14.000000
v 11.129000 -14.959000 -13.000000
v 11.129000 -14.959000 -12.000000
v 11.129000 -14.959000 -11.000000
v 11.129000 -14.959000 -10.000000
v 11.129000 -14.959000 -9.000000
v 11.129000 -14.959000 -8.000000
v 11.129000 -14.959000 -7.000000
v 11.129000 -14.959000 -6.000000
v 11.129000 -14.959000 -5.000000
v 11.129000 -14.959000 -4.000000
v 11.129000 -14.959000 -3.000000
v 11.129000 -14.959000 -2.000000
v 11.129000 -14.959000 -1.000000
v 11.129000 -14.959000 0.000000
v 12.096800 -14.959000 -22.000000
v 12.096800 -14.959000 -21.000000
v 12.096800 -14.959000 -20.000000
v 12.096800 -14.959000 -19.000000
v 12.096800 -14.959000 -18.000000
v 12.096800 -14.959000 -17.000000
v 12.096800 -14.959000 -16.000000
v 12.096800 -14.959000 -15.000000
v 12.096800 -14.959000 -14.000000
v 12.096800 -14.959000 -13.000000
v 12.096800 -14.959000 -12.000000
v 12.096800 -14.959000 -11.000000
v 12.096800 -14.959000 -10.000000
v 12.096800 -14.959000 -9.000000
v 12.096800 -14.959000 -8.000000
v 12.096800 -14.959000 -7.000000
v 12.096800 -14.959000 -6.000000
v 12.096800 -14.959000 -5.000000
v 12.096800 -14.959000 -4.000000
v 12.096800 -14.959000 -3.000000
v 12.096800 -14.959000 -2.000000
v 12.096800 -14.959000 -1.000000
v 12.096800 -14.959000 0.000000
v 13.064500 -14.959000 -22.000000
v 13.064500 -14.959000 -21.000000
v 13.064500 -14.959000 -20.000000
v 13.064500 -14.959000 -19.000000
v 13.064500 -14.959000 -18.000000
v 13.064500 -14.959000 -17.000000
v 13.064500 -14.959000 -16.000000
v 13.064500 -14.959000 -15.000000
v 13.064500 -14.959000 -14.000000
v 13.064500 -14.959000 -13.000000
v 13.064500 -14.959000 -12.000000
v 13.064500 -14.959000 -11.000000
v 13.064500 -14.959000 -10.000000
v 13.064500 -14.959000 -9.000000
v 13.064500 -14.959000 -8.000000
v 13.064500 -14.959000 -7.000000
v 13.064500 -14.959000 -6.000000
v 13.064500 -14.959000 -5.000000
v 13.064500 -14.959000 -4.000000
v 13.064500 -14.959000 -3.000000
v 13.064500 -14.959000 -2.000000
v 13.064500 -14.959000 -1.000000
v 13.064500 -14.959000 0.000000
v 14.032300 -14.959000 -22.000000
v 14.032300 -14.959000 -21.000000
v 14.032300 -14.959000 -20.000000
v 14.032300 -14.959000 -19.000000
v 14.032300 -14.959000 -18.000000
v 14.032300 -14.959000 -17.000000
v 14.032300 -14.959000 -16.000000
v 14.032300 -14.959000 -15.000000
v 14.032300 -14.959000 -14.000000
v 14.032300 -14.959000 -13.000000
v 14.032300 -14.959000 -12.000000
v 14.032300 -14.959000 -11.000000
v 14.032300 -14.959000 -10.000000
v 14.032300 -14.959000 -9.000000
v 14.032300 -14.959000 -8.000000
v 14.032300 -14.959000 -7.000000
v 14.032300 -14.959000 -6.000000
v 14.032300 -14.959000 -5.000000
v 14.032300 -14.959000 -4.000000
v 14.032300 -14.959000 -3.000000
v 14.032300 -14.959000 -2.000000
v 14.032300 -14.959000 -1.000000
v 14.032300 -14.959000 0.000000
v -14.062500 -14.959000 0.000000
v -14.032300 -13.993900 0.000000
v 14.062500 14.959000 0.000000
v 14.032300 13.993900 0.000000
v -14.032300 13.993900 0.000000
v 14.032300 -13.993900 0.000000
v -14.032300 13.028800 0.000000
v 13.064500 -13.993900 0.000000
v 13.125000 -14.959000 0.000000
v 14.032300 -12.063700 0.000000
v 14.032300 -13.028800 0.000000
v -13.064500 -13.993900 0.000000
v -13.125000 -14.959000 0.000000
v 13.125000 14.959000 0.000000
v 13.064500 13.993900 0.000000
v -14.032300 12.063700 0.000000
v -12.187500 -14.959000 0.000000
v -14.032300 11.098600 0.000000
v -14.032300 10.133500 0.000000
v -13.064500 10.133500 0.000000
v -13.064500 11.098600 0.000000
v -13.064500 -13.028800 0.000000
v -14.032300 -13.028800 0.000000
v 14.032300 -11.098600 0.000000
v 14.032300 -10.133500 0.000000
v -14.032300 9.168430 0.000000
v -11.250000 14.959000 0.000000
v -11.129000 13.993900 0.000000
v -10.312500 14.959000 0.000000
v -10.161300 13.993900 0.000000
v 14.032300 -8.203330 0.000000
v -8.225810 -13.993900 0.000000
v -9.193550 -13.993900 0.000000
v -8.437500 -14.959000 0.000000
v -14.032300 -12.063700 0.000000
v -9.375000 14.959000 0.000000
v -4.063690 4.414340 0.000000
v -4.354840 5.308040 0.000000
v -5.322580 4.342940 0.000000
v 11.250000 -14.959000 0.000000
v 11.129000 -13.993900 0.000000
v 10.312500 -14.959000 0.000000
v 1.451610 -6.273130 0.000000
v 2.419350 -6.273130 0.000000
v 1.472910 -5.816400 0.000000
v -7.500000 -14.959000 0.000000
v -14.032300 -11.098600 0.000000
v -14.032300 6.273130 0.000000
v -14.032300 5.308040 0.000000
v 14.032300 -3.377840 0.000000
v -14.032300 -10.133500 0.000000
v -14.032300 -9.168430 0.000000
v -5.322580 -13.993900 0.000000
v -6.290320 -13.993900 0.000000
v -5.625000 -14.959000 0.000000
v -6.290320 13.993900 0.000000
v -6.562500 14.959000 0.000000
v -7.258060 13.993900 0.000000
v -4.687500 -14.959000 0.000000
v -14.032300 -8.203330 0.000000
v 11.129000 13.993900 0.000000
v 12.096800 13.993900 0.000000
v 11.250000 14.959000 0.000000
v 10.312500 14.959000 0.000000
v 9.375000 14.959000 0.000000
v 10.161300 13.993900 0.000000
v 9.193550 13.993900 0.000000
v 7.500000 14.959000 0.000000
v 8.225810 13.993900 0.000000
v 8.437500 14.959000 0.000000
v -7.500000 14.959000 0.000000
v -2.419350 -13.993900 0.000000
v -3.387100 -13.993900 0.000000
v -2.812500 -14.959000 0.000000
v -14.032300 -7.238230 0.000000
v 14.032300 -1.447650 0.000000
v -5.625000 14.959000 0.000000
v 10.161300 -13.993900 0.000000
v 9.375000 -14.959000 0.000000
v -1.875000 -14.959000 0.000000
v -0.937500 -14.959000 0.000000
v -1.451610 -13.993900 0.000000
v -14.032300 0.482550 0.000000
v -14.032300 1.447650 0.000000
v 5.674900 -1.948200 0.000000
v 5.276840 -2.855680 0.000000
v 6.290320 -2.412740 0.000000
v -0.483870 -13.993900 0.000000
v -14.032300 -0.482550 0.000000
v 14.032300 1.447650 0.000000
v 14.032300 13.028800 0.000000
v 14.032300 12.063700 0.000000
v 6.562500 14.959000 0.000000
v 6.290320 13.993900 0.000000
v 7.258060 13.993900 0.000000
v 14.032300 7.238230 0.000000
v 14.032300 6.273130 0.000000
v 14.032300 5.308040 0.000000
v 14.032300 4.342940 0.000000
v 14.032300 3.377840 0.000000
v 14.032300 2.412740 0.000000
v 13.064500 3.377840 0.000000
v 13.064500 2.412740 0.000000
v 8.437500 -14.959000 0.000000
v 8.225810 -13.993900 0.000000
v 7.500000 -14.959000 0.000000
v -6.000000 0.000000 0.000000
v -6.290320 0.482550 0.000000
v -6.290320 -0.482550 0.000000
v -5.918170 0.987570 0.000000
v -5.674900 1.948200 0.000000
v -6.290320 1.447650 0.000000
v -4.687500 14.959000 0.000000
v -4.354840 13.993900 0.000000
v -3.750000 14.959000 0.000000
v -14.032300 -5.308040 0.000000
v -14.032300 -4.342940 0.000000
v -0.483870 13.993900 0.000000
v -0.937500 14.959000 0.000000
v -1.451610 13.993900 0.000000
v 3.387100 -13.993900 0.000000
v 2.419350 -13.993900 0.000000
v 2.812500 -14.959000 0.000000
v -3.387100 13.993900 0.000000
v -2.419350 13.993900 0.000000
v -2.812500 14.959000 0.000000
v 2.410170 5.494640 0.000000
v 2.419350 6.273130 0.000000
v 1.472910 5.816400 0.000000
v 0.000000 14.959000 0.000000
v 6.000000 0.000000 0.000000
v 5.918170 -0.987570 0.000000
v 6.290320 -0.482550 0.000000
v 5.276840 2.855680 0.000000
v 5.322580 3.377840 0.000000
v 4.734840 3.685280 0.000000
v 3.281690 5.023000 0.000000
v 4.063690 4.414340 0.000000
v 3.387100 5.308040 0.000000
v 0.483870 13.993900 0.000000
v 1.451610 13.993900 0.000000
v 0.937500 14.959000 0.000000
v -1.472910 5.816400 0.000000
v -1.451610 6.273130 0.000000
v -2.419350 6.273130 0.000000
v -0.483870 6.273130 0.000000
v -0.495480 5.979510 0.000000
v -14.032300 -3.377840 0.000000
v -13.064500 -3.377840 0.000000
v -13.064500 -4.342940 0.000000
v -12.096800 -4.342940 0.000000
v -12.096800 -3.377840 0.000000
v -5.322580 -3.377840 0.000000
v -5.276840 -2.855680 0.000000
v -6.290320 -3.377840 0.000000
v -6.290320 -2.412740 0.000000
v -4.734840 -3.685280 0.000000
v -5.322580 -4.342940 0.000000
v -4.063690 -4.414340 0.000000
v -3.281690 -5.023000 0.000000
v -3.387100 -5.308040 0.000000
v -2.410170 -5.494640 0.000000
v 7.258060 -13.993900 0.000000
v 6.562500 -14.959000 0.000000
v -5.322580 -5.308040 0.000000
v -4.354840 -5.308040 0.000000
v -7.258060 -13.993900 0.000000
v -3.387100 6.273130 0.000000
v -2.410170 5.494640 0.000000
v -9.193550 13.993900 0.000000
v -8.437500 14.959000 0.000000
v 14.032300 -7.238230 0.000000
v 14.032300 -6.273130 0.000000
v 3.387100 -6.273130 0.000000
v 3.387100 -5.308040 0.000000
v 2.410170 -5.494640 0.000000
v 9.193550 -13.993900 0.000000
v -4.354840 -13.993900 0.000000
v -3.750000 -14.959000 0.000000
v 5.322580 4.342940 0.000000
v 14.032300 11.098600 0.000000
v 14.032300 10.133500 0.000000
v 5.674900 1.948200 0.000000
v 6.290320 2.412740 0.000000
v -8.225810 13.993900 0.000000
v -13.064500 13.993900 0.000000
v -13.064500 13.028800 0.000000
v -12.096800 13.028800 0.000000
v -12.096800 13.993900 0.000000
v 6.290320 3.377840 0.000000
v 3.387100 13.993900 0.000000
v 4.354840 13.993900 0.000000
v 3.750000 14.959000 0.000000
v -14.032300 8.203330 0.000000
v -14.032300 7.238230 0.000000
v 0.483870 -13.993900 0.000000
v 0.937500 -14.959000 0.000000
v 1.451610 -13.993900 0.000000
v 3.750000 -14.959000 0.000000
v 4.354840 -13.993900 0.000000
v 5.322580 -13.993900 0.000000
v 5.625000 -14.959000 0.000000
v 6.290320 -13.993900 0.000000
v -5.918170 -0.987570 0.000000
v -6.290320 -1.447650 0.000000
v -5.674900 -1.948200 0.000000
v -3.281690 5.023000 0.000000
v -3.387100 5.308040 0.000000
v -14.062500 14.959000 0.000000
v -13.125000 14.959000 0.000000
v 14.032300 9.168430 0.000000
v 14.032300 8.203330 0.000000
v 5.918170 0.987570 0.000000
v 6.290320 1.447650 0.000000
v 12.096800 5.308040 0.000000
v 12.096800 4.342940 0.000000
v 13.064500 4.342940 0.000000
v 13.064500 5.308040 0.000000
v 13.064500 -13.028800 0.000000
v 12.096800 -13.028800 0.000000
v 12.096800 -13.993900 0.000000
v 12.187500 -14.959000 0.000000
v 6.290320 -1.447650 0.000000
v -5.322580 -12.063700 0.000000
v -5.322580 -13.028800 0.000000
v -4.354840 -13.028800 0.000000
v -4.354840 -12.063700 0.000000
v -14.032300 4.342940 0.000000
v 6.290320 -3.377840 0.000000
v 4.354840 -5.308040 0.000000
v 5.322580 -4.342940 0.000000
v 4.063690 -4.414340 0.000000
v 14.032300 -0.482550 0.000000
v 14.032300 -9.168430 0.000000
v -12.096800 -6.273130 0.000000
v -12.096800 -5.308040 0.000000
v -13.064500 -5.308040 0.000000
v -13.064500 -6.273130 0.000000
v -5.322580 13.993900 0.000000
v -10.161300 -13.993900 0.000000
v -9.375000 -14.959000 0.000000
v 3.281690 -5.023000 0.000000
v -9.193550 4.342940 0.000000
v -9.193550 3.377840 0.000000
v -8.225810 3.377840 0.000000
v -8.225810 4.342940 0.000000
v -4.734840 3.685280 0.000000
v -12.096800 -13.993900 0.000000
v -11.250000 -14.959000 0.000000
v -14.032300 -2.412740 0.000000
v -14.032300 -1.447650 0.000000
v 0.000000 -14.959000 0.000000
v 14.032300 -2.412740 0.000000
v -10.312500 -14.959000 0.000000
v -11.129000 -13.993900 0.000000
v 2.419350 13.993900 0.000000
v 1.875000 14.959000 0.000000
v 2.419350 8.203330 0.000000
v 2.419350 7.238230 0.000000
v 3.387100 7.238230 0.000000
v 3.387100 8.203330 0.000000
v -0.483870 -11.098600 0.000000
v -0.483870 -10.133500 0.000000
v -1.451610 -10.133500 0.000000
v -1.451610 -11.098600 0.000000
v -2.419350 -13.028800 0.000000
v -2.419350 -12.063700 0.000000
v -3.387100 -12.063700 0.000000
v -3.387100 -13.028800 0.000000
v 12.187500 14.959000 0.000000
v -6.562500 -14.959000 0.000000
v 1.451610 6.273130 0.000000
v -12.096800 11.098600 0.000000
v -12.096800 12.063700 0.000000
v -13.064500 12.063700 0.000000
v 0.495480 -5.979510 0.000000
v -6.290320 3.377840 0.000000
v -6.290320 2.412740 0.000000
v -5.276840 2.855680 0.000000
v -12.096800 2.412740 0.000000
v -12.096800 3.377840 0.000000
v -13.064500 3.377840 0.000000
v -13.064500 2.412740 0.000000
v -14.032300 2.412740 0.000000
v 14.032300 -4.342940 0.000000
v -9.193550 -10.133500 0.000000
v -9.193550 -9.168430 0.000000
v -10.161300 -9.168430 0.000000
v -10.161300 -10.133500 0.000000
v -1.875000 14.959000 0.000000
v -8.225810 9.168430 0.000000
v -9.193550 9.168430 0.000000
v -9.193550 8.203330 0.000000
v -8.225810 8.203330 0.000000
v 2.812500 14.959000 0.000000
v 0.483870 13.028800 0.000000
v -0.483870 13.028800 0.000000
v 1.451610 13.028800 0.000000
v 1.451610 12.063700 0.000000
v 2.419350 12.063700 0.000000
v 2.419350 13.028800 0.000000
v -2.419350 -6.273130 0.000000
v -1.472910 -5.816400 0.000000
v 2.419350 9.168430 0.000000
v 1.451610 9.168430 0.000000
v 1.451610 8.203330 0.000000
v -12.187500 14.959000 0.000000
v -11.129000 13.028800 0.000000
v -11.129000 12.063700 0.000000
v -10.161300 12.063700 0.000000
v -10.161300 13.028800 0.000000
v 11.129000 -13.028800 0.000000
v -9.193550 -1.447650 0.000000
v -9.193550 -2.412740 0.000000
v -8.225810 -2.412740 0.000000
v -8.225810 -1.447650 0.000000
v -12.096800 9.168430 0.000000
v -12.096800 10.133500 0.000000
v -13.064500 9.168430 0.000000
v -8.225810 -6.273130 0.000000
v -8.225810 -7.238230 0.000000
v -7.258060 -7.238230 0.000000
v -7.258060 -6.273130 0.000000
v -1.451610 8.203330 0.000000
v -1.451610 9.168430 0.000000
v -2.419350 9.168430 0.000000
v -2.419350 8.203330 0.000000
v -1.451610 10.133500 0.000000
v -1.451610 11.098600 0.000000
v -2.419350 11.098600 0.000000
v -2.419350 10.133500 0.000000
v -2.419350 -7.238230 0.000000
v -1.451610 -7.238230 0.000000
v -1.451610 -6.273130 0.000000
v -13.064500 6.273130 0.000000
v -13.064500 7.238230 0.000000
v -5.322580 3.377840 0.000000
v -7.258060 3.377840 0.000000
v -7.258060 4.342940 0.000000
v 12.096800 3.377840 0.000000
v 5.322580 -3.377840 0.000000
v 6.290320 -4.342940 0.000000
v 4.734840 -3.685280 0.000000
v 0.483870 11.098600 0.000000
v 0.483870 12.063700 0.000000
v -0.483870 12.063700 0.000000
v -0.483870 11.098600 0.000000
v 7.258060 2.412740 0.000000
v 7.258060 3.377840 0.000000
v 3.387100 10.133500 0.000000
v 3.387100 9.168430 0.000000
v 4.354840 9.168430 0.000000
v 4.354840 10.133500 0.000000
v 5.322580 13.993900 0.000000
v 4.687500 14.959000 0.000000
v -1.451610 13.028800 0.000000
v -2.419350 13.028800 0.000000
v 8.225810 13.028800 0.000000
v 9.193550 13.028800 0.000000
v -11.129000 0.482550 0.000000
v -11.129000 1.447650 0.000000
v -12.096800 1.447650 0.000000
v -12.096800 0.482550 0.000000
v 6.290320 -10.133500 0.000000
v 6.290320 -9.168430 0.000000
v 5.322580 -9.168430 0.000000
v 5.322580 -10.133500 0.000000
v 11.129000 6.273130 0.000000
v 11.129000 5.308040 0.000000
v 12.096800 6.273130 0.000000
v 1.451610 11.098600 0.000000
v 1.451610 10.133500 0.000000
v 2.419350 10.133500 0.000000
v 2.419350 11.098600 0.000000
v 12.096800 7.238230 0.000000
v 11.129000 7.238230 0.000000
v -10.161300 -4.342940 0.000000
v -10.161300 -3.377840 0.000000
v -11.129000 -3.377840 0.000000
v -11.129000 -4.342940 0.000000
v 6.290320 -8.203330 0.000000
v 5.322580 -8.203330 0.000000
v 12.096800 -10.133500 0.000000
v 12.096800 -11.098600 0.000000
v 13.064500 -11.098600 0.000000
v 13.064500 -10.133500 0.000000
v 0.483870 10.133500 0.000000
v -0.483870 -6.273130 0.000000
v -0.495480 -5.979510 0.000000
v -6.290320 -8.203330 0.000000
v -5.322580 -8.203330 0.000000
v -5.322580 -7.238230 0.000000
v -6.290320 -7.238230 0.000000
v 3.387100 -9.168430 0.000000
v 3.387100 -10.133500 0.000000
v 4.354840 -10.133500 0.000000
v 4.354840 -9.168430 0.000000
v -13.064500 8.203330 0.000000
v 14.032300 0.482550 0.000000
v 12.096800 -4.342940 0.000000
v 12.096800 -5.308040 0.000000
v 13.064500 -5.308040 0.000000
v 13.064500 -4.342940 0.000000
v 14.032300 -5.308040 0.000000
v -1.451610 -8.203330 0.000000
v -0.483870 -8.203330 0.000000
v -0.483870 -7.238230 0.000000
v -1.451610 -9.168430 0.000000
v -0.483870 -9.168430 0.000000
v -5.322580 -10.133500 0.000000
v -5.322580 -11.098600 0.000000
v -4.354840 -11.098600 0.000000
v -4.354840 -10.133500 0.000000
v 10.161300 6.273130 0.000000
v 10.161300 5.308040 0.000000
v -9.193550 -13.028800 0.000000
v -8.225810 -13.028800 0.000000
v -6.290320 13.028800 0.000000
v -5.322580 13.028800 0.000000
v 10.161300 -4.342940 0.000000
v 10.161300 -5.308040 0.000000
v 11.129000 -5.308040 0.000000
v 11.129000 -4.342940 0.000000
v 9.193550 1.447650 0.000000
v 9.193550 0.482550 0.000000
v 10.161300 0.482550 0.000000
v 10.161300 1.447650 0.000000
v 4.354840 13.028800 0.000000
v 3.387100 13.028800 0.000000
v 11.129000 -1.447650 0.000000
v 11.129000 -0.482550 0.000000
v 10.161300 -0.482550 0.000000
v 10.161300 -1.447650 0.000000
v -3.387100 11.098600 0.000000
v -4.354840 11.098600 0.000000
v -4.354840 10.133500 0.000000
v -3.387100 10.133500 0.000000
v 13.064500 1.447650 0.000000
v 12.096800 2.412740 0.000000
v 12.096800 1.447650 0.000000
v 7.258060 -10.133500 0.000000
v 7.258060 -9.168430 0.000000
v 8.225810 -10.133500 0.000000
v 8.225810 -9.168430 0.000000
v -4.354840 -6.273130 0.000000
v -3.387100 -6.273130 0.000000
v 3.387100 12.063700 0.000000
v 4.354840 12.063700 0.000000
v 5.322580 13.028800 0.000000
v 5.322580 12.063700 0.000000
v 0.495480 5.979510 0.000000
v -13.064500 -0.482550 0.000000
v -13.064500 -1.447650 0.000000
v -12.096800 -1.447650 0.000000
v -12.096800 -0.482550 0.000000
v -8.225810 12.063700 0.000000
v -7.258060 12.063700 0.000000
v -7.258060 13.028800 0.000000
v -8.225810 13.028800 0.000000
v -12.096800 -13.028800 0.000000
v -11.129000 -13.028800 0.000000
v -11.129000 -12.063700 0.000000
v -12.096800 -12.063700 0.000000
v -6.290320 -6.273130 0.000000
v -6.290320 -5.308040 0.000000
v -7.258060 -5.308040 0.000000
v -4.354840 13.028800 0.000000
v -3.387100 13.028800 0.000000
v -11.129000 -5.308040 0.000000
v -3.387100 12.063700 0.000000
v -4.354840 12.063700 0.000000
v -5.322580 12.063700 0.000000
v -5.322580 11.098600 0.000000
v -13.064500 1.447650 0.000000
v 5.625000 14.959000 0.000000
v 0.483870 -6.273130 0.000000
v 8.225810 -8.203330 0.000000
v 7.258060 -8.203330 0.000000
v 8.225810 -7.238230 0.000000
v 7.258060 -7.238230 0.000000
v 0.483870 9.168430 0.000000
v 0.483870 8.203330 0.000000
v -0.483870 9.168430 0.000000
v -0.483870 8.203330 0.000000
v -3.387100 -11.098600 0.000000
v 1.875000 -14.959000 0.000000
v 4.354840 -11.098600 0.000000
v 3.387100 -11.098600 0.000000
v 9.193550 -2.412740 0.000000
v 9.193550 -1.447650 0.000000
v 8.225810 -1.447650 0.000000
v 8.225810 -2.412740 0.000000
v 4.687500 -14.959000 0.000000
v -8.225810 2.412740 0.000000
v -7.258060 2.412740 0.000000
v -7.258060 1.447650 0.000000
v 3.387100 -13.028800 0.000000
v 2.419350 -13.028800 0.000000
v 7.258060 8.203330 0.000000
v 6.290320 8.203330 0.000000
v 6.290320 7.238230 0.000000
v 7.258060 7.238230 0.000000
v -4.354840 7.238230 0.000000
v -4.354840 6.273130 0.000000
v -3.387100 7.238230 0.000000
v -2.419350 7.238230 0.000000
v -3.387100 8.203330 0.000000
v -2.419350 -8.203330 0.000000
v -2.419350 -9.168430 0.000000
v -9.193550 -12.063700 0.000000
v -8.225810 -12.063700 0.000000
v -10.161300 9.168430 0.000000
v -10.161300 8.203330 0.000000
v 9.193550 -0.482550 0.000000
v 8.225810 -0.482550 0.000000
v -11.129000 -1.447650 0.000000
v -11.129000 -0.482550 0.000000
v -3.387100 -10.133500 0.000000
v 12.096800 -8.203330 0.000000
v 12.096800 -9.168430 0.000000
v 13.064500 -9.168430 0.000000
v 13.064500 -8.203330 0.000000
v 13.064500 7.238230 0.000000
v 13.064500 6.273130 0.000000
v 2.419350 -11.098600 0.000000
v 2.419350 -12.063700 0.000000
v 3.387100 -12.063700 0.000000
v 1.451610 -12.063700 0.000000
v 1.451610 -13.028800 0.000000
v 8.225810 -4.342940 0.000000
v 8.225810 -3.377840 0.000000
v 7.258060 -3.377840 0.000000
v 7.258060 -4.342940 0.000000
v 11.129000 13.028800 0.000000
v 10.161300 13.028800 0.000000
v -3.387100 9.168430 0.000000
v 3.387100 11.098600 0.000000
v 9.193550 -10.133500 0.000000
v 9.193550 -9.168430 0.000000
v 8.225810 0.482550 0.000000
v 8.225810 1.447650 0.000000
v 7.258060 1.447650 0.000000
v 7.258060 0.482550 0.000000
v 12.096800 -1.447650 0.000000
v 12.096800 -0.482550 0.000000
v 13.064500 0.482550 0.000000
v 7.258060 12.063700 0.000000
v 7.258060 13.028800 0.000000
v 6.290320 13.028800 0.000000
v 6.290320 12.063700 0.000000
v 7.258060 10.133500 0.000000
v 7.258060 11.098600 0.000000
v 6.290320 11.098600 0.000000
v 6.290320 10.133500 0.000000
v 6.290320 9.168430 0.000000
v 7.258060 9.168430 0.000000
v -11.129000 11.098600 0.000000
v -10.161300 10.133500 0.000000
v -11.129000 10.133500 0.000000
v -11.129000 9.168430 0.000000
v -11.129000 -7.238230 0.000000
v -11.129000 -6.273130 0.000000
v -12.096800 -7.238230 0.000000
v -10.161300 -13.028800 0.000000
v 11.129000 2.412740 0.000000
v 11.129000 3.377840 0.000000
v 10.161300 3.377840 0.000000
v 10.161300 2.412740 0.000000
v 11.129000 0.482550 0.000000
v 11.129000 1.447650 0.000000
v 7.258060 -11.098600 0.000000
v 8.225810 -11.098600 0.000000
v 9.193550 -11.098600 0.000000
v 10.161300 -11.098600 0.000000
v 10.161300 -10.133500 0.000000
v 6.290320 0.482550 0.000000
v 7.258060 -0.482550 0.000000
v 6.290320 -11.098600 0.000000
v 13.064500 -1.447650 0.000000
v 13.064500 -0.482550 0.000000
v -3.387100 -8.203330 0.000000
v -3.387100 -7.238230 0.000000
v -4.354840 -7.238230 0.000000
v -4.354840 -8.203330 0.000000
v 7.258060 -2.412740 0.000000
v 7.258060 -1.447650 0.000000
v -2.419350 -10.133500 0.000000
v -2.419350 -11.098600 0.000000
v -11.129000 -10.133500 0.000000
v -11.129000 -9.168430 0.000000
v -12.096800 -9.168430 0.000000
v -12.096800 -10.133500 0.000000
v -4.354840 9.168430 0.000000
v -4.354840 8.203330 0.000000
v -5.322580 7.238230 0.000000
v -5.322580 6.273130 0.000000
v -1.451610 12.063700 0.000000
v 0.483870 -7.238230 0.000000
v 1.451610 -7.238230 0.000000
v -7.258060 -2.412740 0.000000
v -7.258060 -3.377840 0.000000
v -6.290320 -4.342940 0.000000
v -7.258060 -4.342940 0.000000
v 0.483870 7.238230 0.000000
v 1.451610 7.238230 0.000000
v 0.483870 -11.098600 0.000000
v 0.483870 -12.063700 0.000000
v 1.451610 -11.098600 0.000000
v -11.129000 8.203330 0.000000
v -12.096800 8.203330 0.000000
v -8.225810 -11.098600 0.000000
v -8.225810 -10.133500 0.000000
v -9.193550 -11.098600 0.000000
v -10.161300 -11.098600 0.000000
v -11.129000 -11.098600 0.000000
v 13.064500 -3.377840 0.000000
v 12.096800 0.482550 0.000000
v 10.161300 12.063700 0.000000
v 11.129000 12.063700 0.000000
v 12.096800 13.028800 0.000000
v 12.096800 12.063700 0.000000
v 2.419350 -7.238230 0.000000
v 11.129000 4.342940 0.000000
v -13.064500 -12.063700 0.000000
v -13.064500 -11.098600 0.000000
v 7.258060 -13.028800 0.000000
v 7.258060 -12.063700 0.000000
v 6.290320 -12.063700 0.000000
v 6.290320 -13.028800 0.000000
v 8.225810 -12.063700 0.000000
v 8.225810 -13.028800 0.000000
v 9.193550 -13.028800 0.000000
v 9.193550 -12.063700 0.000000
v -6.290320 4.342940 0.000000
v -5.322580 10.133500 0.000000
v -6.290320 11.098600 0.000000
v -6.290320 10.133500 0.000000
v 3.387100 6.273130 0.000000
v 4.354840 7.238230 0.000000
v 4.354840 8.203330 0.000000
v -10.161300 -1.447650 0.000000
v -10.161300 -2.412740 0.000000
v -10.161300 1.447650 0.000000
v -10.161300 2.412740 0.000000
v -11.129000 2.412740 0.000000
v -3.387100 -9.168430 0.000000
v -14.032300 3.377840 0.000000
v -13.064500 5.308040 0.000000
v -7.258060 -8.203330 0.000000
v -13.064500 0.482550 0.000000
v 8.225810 -6.273130 0.000000
v 9.193550 -7.238230 0.000000
v 9.193550 -6.273130 0.000000
v 9.193550 -4.342940 0.000000
v 9.193550 -5.308040 0.000000
v 6.290320 -7.238230 0.000000
v -0.483870 10.133500 0.000000
v 0.483870 -9.168430 0.000000
v 0.483870 -10.133500 0.000000
v 9.193550 2.412740 0.000000
v 13.064500 -7.238230 0.000000
v -9.193550 -4.342940 0.000000
v -9.193550 -3.377840 0.000000
v -8.225810 -5.308040 0.000000
v -9.193550 -5.308040 0.000000
v -9.193550 -6.273130 0.000000
v 8.225810 11.098600 0.000000
v 8.225810 10.133500 0.000000
v 9.193550 10.133500 0.000000
v 9.193550 11.098600 0.000000
v 9.193550 12.063700 0.000000
v 10.161300 11.098600 0.000000
v -8.225810 -8.203330 0.000000
v -8.225810 -9.168430 0.000000
v -7.258060 -9.168430 0.000000
v 12.096800 11.098600 0.000000
v 11.129000 11.098600 0.000000
v 11.129000 10.133500 0.000000
v 11.129000 9.168430 0.000000
v 12.096800 9.168430 0.000000
v 12.096800 10.133500 0.000000
v 11.129000 -2.412740 0.000000
v 10.161300 -2.412740 0.000000
v -11.129000 4.342940 0.000000
v -11.129000 3.377840 0.000000
v -10.161300 3.377840 0.000000
v -10.161300 4.342940 0.000000
v 5.322580 -12.063700 0.000000
v 5.322580 -13.028800 0.000000
v -7.258060 0.482550 0.000000
v -2.419350 12.063700 0.000000
v 12.096800 -12.063700 0.000000
v 11.129000 -11.098600 0.000000
v 11.129000 -12.063700 0.000000
v 11.129000 -9.168430 0.000000
v 11.129000 -10.133500 0.000000
v -10.161300 5.308040 0.000000
v -11.129000 5.308040 0.000000
v 0.483870 6.273130 0.000000
v -0.483870 7.238230 0.000000
v 7.258060 4.342940 0.000000
v 8.225810 3.377840 0.000000
v 8.225810 4.342940 0.000000
v 8.225810 2.412740 0.000000
v 12.096800 -6.273130 0.000000
v 13.064500 -6.273130 0.000000
v 5.322580 8.203330 0.000000
v 5.322580 9.168430 0.000000
v 11.129000 8.203330 0.000000
v 12.096800 8.203330 0.000000
v -6.290320 12.063700 0.000000
v -1.451610 -12.063700 0.000000
v -0.483870 -12.063700 0.000000
v 0.483870 -13.028800 0.000000
v -0.483870 -13.028800 0.000000
v -1.451610 -13.028800 0.000000
v 11.129000 -3.377840 0.000000
v 12.096800 -3.377840 0.000000
v 12.096800 -2.412740 0.000000
v 8.225810 5.308040 0.000000
v 9.193550 4.342940 0.000000
v 9.193550 5.308040 0.000000
v -5.322580 -6.273130 0.000000
v 10.161300 -3.377840 0.000000
v 9.193550 -3.377840 0.000000
v -14.032300 -6.273130 0.000000
v 10.161300 -9.168430 0.000000
v -9.193550 12.063700 0.000000
v -9.193550 13.028800 0.000000
v 14.062500 -14.959000 0.000000
v -5.322580 9.168430 0.000000
v -8.225810 5.308040 0.000000
v -8.225810 6.273130 0.000000
v -9.193550 6.273130 0.000000
v -9.193550 5.308040 0.000000
v -13.064500 -2.412740 0.000000
v -5.322580 8.203330 0.000000
v -8.225810 -4.342940 0.000000
v -12.096800 4.342940 0.000000
v -13.064500 4.342940 0.000000
v 5.322580 -11.098600 0.000000
v 5.322580 11.098600 0.000000
v 5.322580 10.133500 0.000000
v -7.258060 5.308040 0.000000
v 2.419350 -8.203330 0.000000
v 1.451610 -8.203330 0.000000
v 1.451610 -9.168430 0.000000
v 2.419350 -9.168430 0.000000
v -6.290320 7.238230 0.000000
v -6.290320 6.273130 0.000000
v -7.258060 6.273130 0.000000
v -6.290320 5.308040 0.000000
v -10.161300 11.098600 0.000000
v 11.129000 -6.273130 0.000000
v 11.129000 -7.238230 0.000000
v 11.129000 -8.203330 0.000000
v 12.096800 -7.238230 0.000000
v -6.290320 9.168430 0.000000
v -6.290320 8.203330 0.000000
v 13.064500 13.028800 0.000000
v -12.096800 7.238230 0.000000
v -12.096800 6.273130 0.000000
v 4.354840 11.098600 0.000000
v -11.129000 7.238230 0.000000
v 4.354840 -8.203330 0.000000
v -10.161300 -12.063700 0.000000
v -6.290320 -13.028800 0.000000
v -12.096800 -2.412740 0.000000
v -11.129000 -2.412740 0.000000
v 10.161300 -8.203330 0.000000
v 10.161300 -7.238230 0.000000
v 9.193550 -8.203330 0.000000
v -9.193550 -0.482550 0.000000
v -8.225810 -0.482550 0.000000
v -10.161300 -0.482550 0.000000
v -10.161300 0.482550 0.000000
v 9.193550 7.238230 0.000000
v 9.193550 6.273130 0.000000
v 10.161300 7.238230 0.000000
v 8.225810 7.238230 0.000000
v 8.225810 8.203330 0.000000
v 8.225810 9.168430 0.000000
v 6.290320 -5.308040 0.000000
v 7.258060 -5.308040 0.000000
v -1.451610 7.238230 0.000000
v -7.258060 9.168430 0.000000
v -7.258060 10.133500 0.000000
v 4.354840 -12.063700 0.000000
v 4.354840 -13.028800 0.000000
v -10.161300 -5.308040 0.000000
v -10.161300 -6.273130 0.000000
v -9.193550 10.133500 0.000000
v -9.193550 2.412740 0.000000
v -8.225810 1.447650 0.000000
v -8.225810 0.482550 0.000000
v -9.193550 1.447650 0.000000
v -9.193550 0.482550 0.000000
v -7.258060 8.203330 0.000000
v -7.258060 7.238230 0.000000
v -8.225810 7.238230 0.000000
v -13.064500 -8.203330 0.000000
v -13.064500 -9.168430 0.000000
v -12.096800 -8.203330 0.000000
v -13.064500 -10.133500 0.000000
v -7.258060 -13.028800 0.000000
v -7.258060 -0.482550 0.000000
v -7.258060 -1.447650 0.000000
v 4.354840 5.308040 0.000000
v 6.290320 6.273130 0.000000
v 5.322580 7.238230 0.000000
v 5.322580 6.273130 0.000000
v 2.419350 -10.133500 0.000000
v 1.451610 -10.133500 0.000000
v -11.129000 -8.203330 0.000000
v -10.161300 -8.203330 0.000000
v 8.225810 12.063700 0.000000
v -12.096800 -11.098600 0.000000
v -7.258060 11.098600 0.000000
v -8.225810 11.098600 0.000000
v 4.354840 6.273130 0.000000
v 13.064500 -2.412740 0.000000
v -10.161300 -7.238230 0.000000
v -9.193550 -7.238230 0.000000
v -9.193550 11.098600 0.000000
v 5.322580 5.308040 0.000000
v 4.354840 -7.238230 0.000000
v 3.387100 -7.238230 0.000000
v 3.387100 -8.203330 0.000000
v -13.064500 -7.238230 0.000000
v 10.161300 -13.028800 0.000000
v 10.161300 -12.063700 0.000000
v 10.161300 -6.273130 0.000000
v 10.161300 9.168430 0.000000
v 10.161300 8.203330 0.000000
v -5.322580 5.308040 0.000000
v -9.193550 -8.203330 0.000000
v 0.483870 -8.203330 0.000000
v 5.322580 -5.308040 0.000000
v 5.322580 -6.273130 0.000000
v 6.290320 -6.273130 0.000000
v 9.193550 3.377840 0.000000
v 10.161300 4.342940 0.000000
v -9.193550 7.238230 0.000000
v -6.290320 -9.168430 0.000000
v -5.322580 -9.168430 0.000000
v -6.290320 -10.133500 0.000000
v -7.258060 -10.133500 0.000000
v 8.225810 -5.308040 0.000000
v -11.129000 6.273130 0.000000
v -10.161300 7.238230 0.000000
v 10.161300 10.133500 0.000000
v -4.354840 -9.168430 0.000000
v 9.193550 9.168430 0.000000
v 7.258060 -6.273130 0.000000
v -12.096800 5.308040 0.000000
v -10.161300 6.273130 0.000000
v 13.064500 -12.063700 0.000000
v 13.064500 12.063700 0.000000
v 4.354840 -6.273130 0.000000
v -8.225810 -3.377840 0.000000
v 9.193550 8.203330 0.000000
v 6.290320 4.342940 0.000000
v -6.290320 -11.098600 0.000000
v -6.290320 -12.063700 0.000000
v -7.258060 -12.063700 0.000000
v 8.225810 6.273130 0.000000
v -7.258060 -11.098600 0.000000
v 6.290320 5.308040 0.000000
v 7.258060 5.308040 0.000000
v 7.258060 6.273130 0.000000
v 13.064500 8.203330 0.000000
v 5.322580 -7.238230 0.000000
v 13.064500 11.098600 0.000000
v 13.064500 10.133500 0.000000
v -8.225810 10.133500 0.000000
v 13.064500 9.168430 0.000000

f 1 2 3
f 1 3 4
f 4 3 5
f 4 5 6
f 6 5 7
f 6 7 8
f 8 7 9
f 8 9 10
f 10 9 11
f 10 11 12
f 12 11 13
f 12 13 14
f 14 13 15
f 14 15 16
f 16 15 17
f 16 17 18
f 18 17 19
f 18 19 20
f 20 19 21
f 20 21 22
f 22 21 23
f 22 23 24
f 24 23 25
f 24 25 26
f 26 25 27
f 26 27 28
f 28 27 29
f 28 29 30
f 30 29 31
f 30 31 32
f 32 31 33
f 32 33 34
f 34 33 35
f 34 35 36
f 36 35 37
f 36 37 38
f 38 37 39
f 38 39 40
f 40 39 41
f 40 41 42
f 42 41 43
f 42 43 44
f 44 43 45
f 44 45 46
f 46 45 47
f 46 47 48
f 48 47 49
f 48 49 50
f 50 49 51
f 50 51 52
f 52 51 53
f 52 53 54
f 54 53 55
f 54 55 56
f 56 55 57
f 56 57 58
f 58 57 59
f 58 59 60
f 60 59 61
f 60 61 62
f 62 61 63
f 62 63 64
f 2 65 66
f 2 66 3
f 3 66 67
f 3 67 5
f 5 67 68
f 5 68 7
f 7 68 69
f 7 69 9
f 9 69 70
f 9 70 11
f 11 70 71
f 11 71 13
f 13 71 72
f 13 72 15
f 15 72 73
f 15 73 17
f 17 73 74
f 17 74 19
f 19 74 75
f 19 75 21
f 21 75 76
f 21 76 23
f 23 76 77
f 23 77 25
f 25 77 78
f 25 78 27
f 27 78 79
f 27 79 29
f 29 79 80
f 29 80 31
f 31 80 81
f 31 81 33
f 33 81 82
f 33 82 35
f 35 82 83
f 35 83 37
f 37 83 84
f 37 84 39
f 39 84 85
f 39 85 41
f 41 85 86
f 41 86 43
f 43 86 87
f 43 87 45
f 45 87 88
f 45 88 47
f 47 88 89
f 47 89 49
f 49 89 90
f 49 90 51
f 51 90 91
f 51 91 53
f 53 91 92
f 53 92 55
f 55 92 93
f 55 93 57
f 57 93 94
f 57 94 59
f 59 94 95
f 59 95 61
f 61 95 96
f 61 96 63
f 65 97 98
f 65 98 66
f 66 98 99
f 66 99 67
f 67 99 100
f 67 100 68
f 68 100 101
f 68 101 69
f 69 101 102
f 69 102 70
f 70 102 103
f 70 103 71
f 71 103 104
f 71 104 72
f 72 104 105
f 72 105 73
f 73 105 106
f 73 106 74
f 74 106 107
f 74 107 75
f 75 107 108
f 75 108 76
f 76 108 109
f 76 109 77
f 77 109 110
f 77 110 78
f 78 110 111
f 78 111 79
f 79 111 112
f 79 112 80
f 80 112 113
f 80 113 81
f 81 113 114
f 81 114 82
f 82 114 115
f 82 115 83
f 83 115 116
f 83 116 84
f 84 116 117
f 84 117 85
f 85 117 118
f 85 118 86
f 86 118 119
f 86 119 87
f 87 119 120
f 87 120 88
f 88 120 121
f 88 121 89
f 89 121 122
f 89 122 90
f 90 122 123
f 90 123 91
f 91 123 124
f 91 124 92
f 92 124 125
f 92 125 93
f 93 125 126
f 93 126 94
f 94 126 127
f 94 127 95
f 95 127 128
f 95 128 96
f 97 129 130
f 97 130 98
f 98 130 131
f 98 131 99
f 99 131 132
f 99 132 100
f 100 132 133
f 100 133 101
f 101 133 134
f 101 134 102
f 102 134 135
f 102 135 103
f 103 135 136
f 103 136 104
f 104 136 137
f 104 137 105
f 105 137 138
f 105 138 106
f 106 138 139
f 106 139 107
f 107 139 140
f 107 140 108
f 108 140 141
f 108 141 109
f 109 141 142
f 109 142 110
f 110 142 143
f 110 143 111
f 111 143 144
f 111 144 112
f 112 144 145
f 112 145 113
f 113 145 146
f 113 146 114
f 114 146 147
f 114 147 115
f 115 147 148
f 115 148 116
f 116 148 149
f 116 149 117
f 117 149 150
f 117 150 118
f 118 150 151
f 118 151 119
f 119 151 152
f 119 152 120
f 120 152 153
f 120 153 121
f 121 153 154
f 121 154 122
f 122 154 155
f 122 155 123
f 123 155 156
f 123 156 124
f 124 156 157
f 124 157 125
f 125 157 158
f 125 158 126
f 126 158 159
f 126 159 127
f 127 159 160
f 127 160 128
f 129 161 162
f 129 162 130
f 130 162 163
f 130 163 131
f 131 163 164
f 131 164 132
f 132 164 165
f 132 165 133
f 133 165 166
f 133 166 134
f 134 166 167
f 134 167 135
f 135 167 168
f 135 168 136
f 136 168 169
f 136 169 137
f 137 169 170
f 137 170 138
f 138 170 171
f 138 171 139
f 139 171 172
f 139 172 140
f 140 172 173
f 140 173 141
f 141 173 174
f 141 174 142
f 142 174 175
f 142 175 143
f 143 175 176
f 143 176 144
f 144 176 177
f 144 177 145
f 145 177 178
f 145 178 146
f 146 178 179
f 146 179 147
f 147 179 180
f 147 180 148
f 148 180 181
f 148 181 149
f 149 181 182
f 149 182 150
f 150 182 183
f 150 183 151
f 151 183 184
f 151 184 152
f 152 184 185
f 152 185 153
f 153 185 186
f 153 186 154
f 154 186 187
f 154 187 155
f 155 187 188
f 155 188 156
f 156 188 189
f 156 189 157
f 157 189 190
f 157 190 158
f 158 190 191
f 158 191 159
f 159 191 192
f 159 192 160
f 161 193 194
f 161 194 162
f 162 194 195
f 162 195 163
f 163 195 196
f 163 196 164
f 164 196 197
f 164 197 165
f 165 197 198
f 165 198 166
f 166 198 199
f 166 199 167
f 167 199 200
f 167 200 168
f 168 200 201
f 168 201 169
f 169 201 202
f 169 202 170
f 170 202 203
f 170 203 171
f 171 203 204
f 171 204 172
f 172 204 205
f 172 205 173
f 173 205 206
f 173 206 174
f 174 206 207
f 174 207 175
f 175 207 208
f 175 208 176
f 176 208 209
f 176 209 177
f 177 209 210
f 177 210 178
f 178 210 211
f 178 211 179
f 179 211 212
f 179 212 180
f 180 212 213
f 180 213 181
f 181 213 214
f 181 214 182
f 182 214 215
f 182 215 183
f 183 215 216
f 183 216 184
f 184 216 217
f 184 217 185
f 185 217 218
f 185 218 186
f 186 218 219
f 186 219 187
f 187 219 220
f 187 220 188
f 188 220 221
f 188 221 189
f 189 221 222
f 189 222 190
f 190 222 223
f 190 223 191
f 191 223 224
f 191 224 192
f 193 225 226
f 193 226 194
f 194 226 227
f 194 227 195
f 195 227 228
f 195 228 196
f 196 228 229
f 196 229 197
f 197 229 230
f 197 230 198
f 198 230 231
f 198 231 199
f 199 231 232
f 199 232 200
f 200 232 233
f 200 233 201
f 201 233 234
f 201 234 202
f 202 234 235
f 202 235 203
f 203 235 236
f 203 236 204
f 204 236 237
f 204 237 205
f 205 237 238
f 205 238 206
f 206 238 239
f 206 239 207
f 207 239 240
f 207 240 208
f 208 240 241
f 208 241 209
f 209 241 242
f 209 242 210
f 210 242 243
f 210 243 211
f 211 243 244
f 211 244 212
f 212 244 245
f 212 245 213
f 213 245 246
f 213 246 214
f 214 246 247
f 214 247 215
f 215 247 248
f 215 248 216
f 216 248 249
f 216 249 217
f 217 249 250
f 217 250 218
f 218 250 251
f 218 251 219
f 219 251 252
f 219 252 220
f 220 252 253
f 220 253 221
f 221 253 254
f 221 254 222
f 222 254 255
f 222 255 223
f 223 255 256
f 223 256 224
f 225 257 258
f 225 258 226
f 226 258 259
f 226 259 227
f 227 259 260
f 227 260 228
f 228 260 261
f 228 261 229
f 229 261 262
f 229 262 230
f 230 262 263
f 230 263 231
f 231 263 264
f 231 264 232
f 232 264 265
f 232 265 233
f 233 265 266
f 233 266 234
f 234 266 267
f 234 267 235
f 235 267 268
f 235 268 236
f 236 268 269
f 236 269 237
f 237 269 270
f 237 270 238
f 238 270 271
f 238 271 239
f 239 271 272
f 239 272 240
f 240 272 273
f 240 273 241
f 241 273 274
f 241 274 242
f 242 274 275
f 242 275 243
f 243 275 276
f 243 276 244
f 244 276 277
f 244 277 245
f 245 277 278
f 245 278 246
f 246 278 279
f 246 279 247
f 247 279 280
f 247 280 248
f 248 280 281
f 248 281 249
f 249 281 282
f 249 282 250
f 250 282 283
f 250 283 251
f 251 283 284
f 251 284 252
f 252 284 285
f 252 285 253
f 253 285 286
f 253 286 254
f 254 286 287
f 254 287 255
f 255 287 288
f 255 288 256
f 257 289 290
f 257 290 258
f 258 290 291
f 258 291 259
f 259 291 292
f 259 292 260
f 260 292 293
f 260 293 261
f 261 293 294
f 261 294 262
f 262 294 295
f 262 295 263
f 263 295 296
f 263 296 264
f 264 296 297
f 264 297 265
f 265 297 298
f 265 298 266
f 266 298 299
f 266 299 267
f 267 299 300
f 267 300 268
f 268 300 301
f 268 301 269
f 269 301 302
f 269 302 270
f 270 302 303
f 270 303 271
f 271 303 304
f 271 304 272
f 272 304 305
f 272 305 273
f 273 305 306
f 273 306 274
f 274 306 307
f 274 307 275
f 275 307 308
f 275 308 276
f 276 308 309
f 276 309 277
f 277 309 310
f 277 310 278
f 278 310 311
f 278 311 279
f 279 311 312
f 279 312 280
f 280 312 313
f 280 313 281
f 281 313 314
f 281 314 282
f 282 314 315
f 282 315 283
f 283 315 316
f 283 316 284
f 284 316 317
f 284 317 285
f 285 317 318
f 285 318 286
f 286 318 319
f 286 319 287
f 287 319 320
f 287 320 288
f 289 321 322
f 289 322 290
f 290 322 323
f 290 323 291
f 291 323 324
f 291 324 292
f 292 324 325
f 292 325 293
f 293 325 326
f 293 326 294
f 294 326 327
f 294 327 295
f 295 327 328
f 295 328 296
f 296 328 329
f 296 329 297
f 297 329 330
f 297 330 298
f 298 330 331
f 298 331 299
f 299 331 332
f 299 332 300
f 300 332 333
f 300 333 301
f 301 333 334
f 301 334 302
f 302 334 335
f 302 335 303
f 303 335 336
f 303 336 304
f 304 336 337
f 304 337 305
f 305 337 338
f 305 338 306
f 306 338 339
f 306 339 307
f 307 339 340
f 307 340 308
f 308 340 341
f 308 341 309
f 309 341 342
f 309 342 310
f 310 342 343
f 310 343 311
f 311 343 344
f 311 344 312
f 312 344 345
f 312 345 313
f 313 345 346
f 313 346 314
f 314 346 347
f 314 347 315
f 315 347 348
f 315 348 316
f 316 348 349
f 316 349 317
f 317 349 350
f 317 350 318
f 318 350 351
f 318 351 319
f 319 351 352
f 319 352 320
f 321 353 354
f 321 354 322
f 322 354 355
f 322 355 323
f 323 355 356
f 323 356 324
f 324 356 357
f 324 357 325
f 325 357 358
f 325 358 326
f 326 358 359
f 326 359 327
f 327 359 360
f 327 360 328
f 328 360 361
f 328 361 329
f 329 361 362
f 329 362 330
f 330 362 363
f 330 363 331
f 331 363 364
f 331 364 332
f 332 364 365
f 332 365 333
f 333 365 366
f 333 366 334
f 334 366 367
f 334 367 335
f 335 367 368
f 335 368 336
f 336 368 369
f 336 369 337
f 337 369 370
f 337 370 338
f 338 370 371
f 338 371 339
f 339 371 372
f 339 372 340
f 340 372 373
f 340 373 341
f 341 373 374
f 341 374 342
f 342 374 375
f 342 375 343
f 343 375 376
f 343 376 344
f 344 376 377
f 344 377 345
f 345 377 378
f 345 378 346
f 346 378 379
f 346 379 347
f 347 379 380
f 347 380 348
f 348 380 381
f 348 381 349
f 349 381 382
f 349 382 350
f 350 382 383
f 350 383 351
f 351 383 384
f 351 384 352
f 353 385 386
f 353 386 354
f 354 386 387
f 354 387 355
f 355 387 388
f 355 388 356
f 356 388 389
f 356 389 357
f 357 389 390
f 357 390 358
f 358 390 391
f 358 391 359
f 359 391 392
f 359 392 360
f 360 392 393
f 360 393 361
f 361 393 394
f 361 394 362
f 362 394 395
f 362 395 363
f 363 395 396
f 363 396 364
f 364 396 397
f 364 397 365
f 365 397 398
f 365 398 366
f 366 398 399
f 366 399 367
f 367 399 400
f 367 400 368
f 368 400 401
f 368 401 369
f 369 401 402
f 369 402 370
f 370 402 403
f 370 403 371
f 371 403 404
f 371 404 372
f 372 404 405
f 372 405 373
f 373 405 406
f 373 406 374
f 374 406 407
f 374 407 375
f 375 407 408
f 375 408 376
f 376 408 409
f 376 409 377
f 377 409 410
f 377 410 378
f 378 410 411
f 378 411 379
f 379 411 412
f 379 412 380
f 380 412 413
f 380 413 381
f 381 413 414
f 381 414 382
f 382 414 415
f 382 415 383
f 383 415 416
f 383 416 384
f 385 417 418
f 385 418 386
f 386 418 419
f 386 419 387
f 387 419 420
f 387 420 388
f 388 420 421
f 388 421 389
f 389 421 422
f 389 422 390
f 390 422 423
f 390 423 391
f 391 423 424
f 391 424 392
f 392 424 425
f 392 425 393
f 393 425 426
f 393 426 394
f 394 426 427
f 394 427 395
f 395 427 428
f 395 428 396
f 396 428 429
f 396 429 397
f 397 429 430
f 397 430 398
f 398 430 431
f 398 431 399
f 399 431 432
f 399 432 400
f 400 432 433
f 400 433 401
f 401 433 434
f 401 434 402
f 402 434 435
f 402 435 403
f 403 435 436
f 403 436 404
f 404 436 437
f 404 437 405
f 405 437 438
f 405 438 406
f 406 438 439
f 406 439 407
f 407 439 440
f 407 440 408
f 408 440 441
f 408 441 409
f 409 441 442
f 409 442 410
f 410 442 443
f 410 443 411
f 411 443 444
f 411 444 412
f 412 444 445
f 412 445 413
f 413 445 446
f 413 446 414
f 414 446 447
f 414 447 415
f 415 447 448
f 415 448 416
f 417 449 450
f 417 450 418
f 418 450 451
f 418 451 419
f 419 451 452
f 419 452 420
f 420 452 453
f 420 453 421
f 421 453 454
f 421 454 422
f 422 454 455
f 422 455 423
f 423 455 456
f 423 456 424
f 424 456 457
f 424 457 425
f 425 457 458
f 425 458 426
f 426 458 459
f 426 459 427
f 427 459 460
f 427 460 428
f 428 460 461
f 428 461 429
f 429 461 462
f 429 462 430
f 430 462 463
f 430 463 431
f 431 463 464
f 431 464 432
f 432 464 465
f 432 465 433
f 433 465 466
f 433 466 434
f 434 466 467
f 434 467 435
f 435 467 468
f 435 468 436
f 436 468 469
f 436 469 437
f 437 469 470
f 437 470 438
f 438 470 471
f 438 471 439
f 439 471 472
f 439 472 440
f 440 472 473
f 440 473 441
f 441 473 474
f 441 474 442
f 442 474 475
f 442 475 443
f 443 475 476
f 443 476 444
f 444 476 477
f 444 477 445
f 445 477 478
f 445 478 446
f 446 478 479
f 446 479 447
f 447 479 480
f 447 480 448
f 449 481 482
f 449 482 450
f 450 482 483
f 450 483 451
f 451 483 484
f 451 484 452
f 452 484 485
f 452 485 453
f 453 485 486
f 453 486 454
f 454 486 487
f 454 487 455
f 455 487 488
f 455 488 456
f 456 488 489
f 456 489 457
f 457 489 490
f 457 490 458
f 458 490 491
f 458 491 459
f 459 491 492
f 459 492 460
f 460 492 493
f 460 493 461
f 461 493 494
f 461 494 462
f 462 494 495
f 462 495 463
f 463 495 496
f 463 496 464
f 464 496 497
f 464 497 465
f 465 497 498
f 465 498 466
f 466 498 499
f 466 499 467
f 467 499 500
f 467 500 468
f 468 500 501
f 468 501 469
f 469 501 502
f 469 502 470
f 470 502 503
f 470 503 471
f 471 503 504
f 471 504 472
f 472 504 505
f 472 505 473
f 473 505 506
f 473 506 474
f 474 506 507
f 474 507 475
f 475 507 508
f 475 508 476
f 476 508 509
f 476 509 477
f 477 509 510
f 477 510 478
f 478 510 511
f 478 511 479
f 479 511 512
f 479 512 480
f 481 513 514
f 481 514 482
f 482 514 515
f 482 515 483
f 483 515 516
f 483 516 484
f 484 516 517
f 484 517 485
f 485 517 518
f 485 518 486
f 486 518 519
f 486 519 487
f 487 519 520
f 487 520 488
f 488 520 521
f 488 521 489
f 489 521 522
f 489 522 490
f 490 522 523
f 490 523 491
f 491 523 524
f 491 524 492
f 492 524 525
f 492 525 493
f 493 525 526
f 493 526 494
f 494 526 527
f 494 527 495
f 495 527 528
f 495 528 496
f 496 528 529
f 496 529 497
f 497 529 530
f 497 530 498
f 498 530 531
f 498 531 499
f 499 531 532
f 499 532 500
f 500 532 533
f 500 533 501
f 501 533 534
f 501 534 502
f 502 534 535
f 502 535 503
f 503 535 536
f 503 536 504
f 504 536 537
f 504 537 505
f 505 537 538
f 505 538 506
f 506 538 539
f 506 539 507
f 507 539 540
f 507 540 508
f 508 540 541
f 508 541 509
f 509 541 542
f 509 542 510
f 510 542 543
f 510 543 511
f 511 543 544
f 511 544 512
f 513 545 546
f 513 546 514
f 514 546 547
f 514 547 515
f 515 547 548
f 515 548 516
f 516 548 549
f 516 549 517
f 517 549 550
f 517 550 518
f 518 550 551
f 518 551 519
f 519 551 552
f 519 552 520
f 520 552 553
f 520 553 521
f 521 553 554
f 521 554 522
f 522 554 555
f 522 555 523
f 523 555 556
f 523 556 524
f 524 556 557
f 524 557 525
f 525 557 558
f 525 558 526
f 526 558 559
f 526 559 527
f 527 559 560
f 527 560 528
f 528 560 561
f 528 561 529
f 529 561 562
f 529 562 530
f 530 562 563
f 530 563 531
f 531 563 564
f 531 564 532
f 532 564 565
f 532 565 533
f 533 565 566
f 533 566 534
f 534 566 567
f 534 567 535
f 535 567 568
f 535 568 536
f 536 568 569
f 536 569 537
f 537 569 570
f 537 570 538
f 538 570 571
f 538 571 539
f 539 571 572
f 539 572 540
f 540 572 573
f 540 573 541
f 541 573 574
f 541 574 542
f 542 574 575
f 542 575 543
f 543 575 576
f 543 576 544
f 545 577 578
f 545 578 546
f 546 578 579
f 546 579 547
f 547 579 580
f 547 580 548
f 548 580 581
f 548 581 549
f 549 581 582
f 549 582 550
f 550 582 583
f 550 583 551
f 551 583 584
f 551 584 552
f 552 584 585
f 552 585 553
f 553 585 586
f 553 586 554
f 554 586 587
f 554 587 555
f 555 587 588
f 555 588 556
f 556 588 589
f 556 589 557
f 557 589 590
f 557 590 558
f 558 590 591
f 558 591 559
f 559 591 592
f 559 592 560
f 560 592 593
f 560 593 561
f 561 593 594
f 561 594 562
f 562 594 595
f 562 595 563
f 563 595 596
f 563 596 564
f 564 596 597
f 564 597 565
f 565 597 598
f 565 598 566
f 566 598 599
f 566 599 567
f 567 599 600
f 567 600 568
f 568 600 601
f 568 601 569
f 569 601 602
f 569 602 570
f 570 602 603
f 570 603 571
f 571 603 604
f 571 604 572
f 572 604 605
f 572 605 573
f 573 605 606
f 573 606 574
f 574 606 607
f 574 607 575
f 575 607 608
f 575 608 576
f 577 609 610
f 577 610 578
f 578 610 611
f 578 611 579
f 579 611 612
f 579 612 580
f 580 612 613
f 580 613 581
f 581 613 614
f 581 614 582
f 582 614 615
f 582 615 583
f 583 615 616
f 583 616 584
f 584 616 617
f 584 617 585
f 585 617 618
f 585 618 586
f 586 618 619
f 586 619 587
f 587 619 620
f 587 620 588
f 588 620 621
f 588 621 589
f 589 621 622
f 589 622 590
f 590 622 623
f 590 623 591
f 591 623 624
f 591 624 592
f 592 624 625
f 592 625 593
f 593 625 626
f 593 626 594
f 594 626 627
f 594 627 595
f 595 627 628
f 595 628 596
f 596 628 629
f 596 629 597
f 597 629 630
f 597 630 598
f 598 630 631
f 598 631 599
f 599 631 632
f 599 632 600
f 600 632 633
f 600 633 601
f 601 633 634
f 601 634 602
f 602 634 635
f 602 635 603
f 603 635 636
f 603 636 604
f 604 636 637
f 604 637 605
f 605 637 638
f 605 638 606
f 606 638 639
f 606 639 607
f 607 639 640
f 607 640 608
f 609 641 642
f 609 642 610
f 610 642 643
f 610 643 611
f 611 643 644
f 611 644 612
f 612 644 645
f 612 645 613
f 613 645 646
f 613 646 614
f 614 646 647
f 614 647 615
f 615 647 648
f 615 648 616
f 616 648 649
f 616 649 617
f 617 649 650
f 617 650 618
f 618 650 651
f 618 651 619
f 619 651 652
f 619 652 620
f 620 652 653
f 620 653 621
f 621 653 654
f 621 654 622
f 622 654 655
f 622 655 623
f 623 655 656
f 623 656 624
f 624 656 657
f 624 657 625
f 625 657 658
f 625 658 626
f 626 658 659
f 626 659 627
f 627 659 660
f 627 660 628
f 628 660 661
f 628 661 629
f 629 661 662
f 629 662 630
f 630 662 663
f 630 663 631
f 631 663 664
f 631 664 632
f 632 664 665
f 632 665 633
f 633 665 666
f 633 666 634
f 634 666 667
f 634 667 635
f 635 667 668
f 635 668 636
f 636 668 669
f 636 669 637
f 637 669 670
f 637 670 638
f 638 670 671
f 638 671 639
f 639 671 672
f 639 672 640
f 641 673 674
f 641 674 642
f 642 674 675
f 642 675 643
f 643 675 676
f 643 676 644
f 644 676 677
f 644 677 645
f 645 677 678
f 645 678 646
f 646 678 679
f 646 679 647
f 647 679 680
f 647 680 648
f 648 680 681
f 648 681 649
f 649 681 682
f 649 682 650
f 650 682 683
f 650 683 651
f 651 683 684
f 651 684 652
f 652 684 685
f 652 685 653
f 653 685 686
f 653 686 654
f 654 686 687
f 654 687 655
f 655 687 688
f 655 688 656
f 656 688 689
f 656 689 657
f 657 689 690
f 657 690 658
f 658 690 691
f 658 691 659
f 659 691 692
f 659 692 660
f 660 692 693
f 660 693 661
f 661 693 694
f 661 694 662
f 662 694 695
f 662 695 663
f 663 695 696
f 663 696 664
f 664 696 697
f 664 697 665
f 665 697 698
f 665 698 666
f 666 698 699
f 666 699 667
f 667 699 700
f 667 700 668
f 668 700 701
f 668 701 669
f 669 701 702
f 669 702 670
f 670 702 703
f 670 703 671
f 671 703 704
f 671 704 672
f 673 705 706
f 673 706 674
f 674 706 707
f 674 707 675
f 675 707 708
f 675 708 676
f 676 708 709
f 676 709 677
f 677 709 710
f 677 710 678
f 678 710 711
f 678 711 679
f 679 711 712
f 679 712 680
f 680 712 713
f 680 713 681
f 681 713 714
f 681 714 682
f 682 714 715
f 682 715 683
f 683 715 716
f 683 716 684
f 684 716 717
f 684 717 685
f 685 717 718
f 685 718 686
f 686 718 719
f 686 719 687
f 687 719 720
f 687 720 688
f 688 720 721
f 688 721 689
f 689 721 722
f 689 722 690
f 690 722 723
f 690 723 691
f 691 723 724
f 691 724 692
f 692 724 725
f 692 725 693
f 693 725 726
f 693 726 694
f 694 726 727
f 694 727 695
f 695 727 728
f 695 728 696
f 696 728 729
f 696 729 697
f 697 729 730
f 697 730 698
f 698 730 731
f 698 731 699
f 699 731 732
f 699 732 700
f 700 732 733
f 700 733 701
f 701 733 734
f 701 734 702
f 702 734 735
f 702 735 703
f 703 735 736
f 703 736 704
f 705 737 738
f 705 738 706
f 706 738 739
f 706 739 707
f 707 739 740
f 707 740 708
f 708 740 741
f 708 741 709
f 709 741 742
f 709 742 710
f 710 742 743
f 710 743 711
f 711 743 744
f 711 744 712
f 712 744 745
f 712 745 713
f 713 745 746
f 713 746 714
f 714 746 747
f 714 747 715
f 715 747 748
f 715 748 716
f 716 748 749
f 716 749 717
f 717 749 750
f 717 750 718
f 718 750 751
f 718 751 719
f 719 751 752
f 719 752 720
f 720 752 753
f 720 753 721
f 721 753 754
f 721 754 722
f 722 754 755
f 722 755 723
f 723 755 756
f 723 756 724
f 724 756 757
f 724 757 725
f 725 757 758
f 725 758 726
f 726 758 759
f 726 759 727
f 727 759 760
f 727 760 728
f 728 760 761
f 728 761 729
f 729 761 762
f 729 762 730
f 730 762 763
f 730 763 731
f 731 763 764
f 731 764 732
f 732 764 765
f 732 765 733
f 733 765 766
f 733 766 734
f 734 766 767
f 734 767 735
f 735 767 768
f 735 768 736
f 737 769 770
f 737 770 738
f 738 770 771
f 738 771 739
f 739 771 772
f 739 772 740
f 740 772 773
f 740 773 741
f 741 773 774
f 741 774 742
f 742 774 775
f 742 775 743
f 743 775 776
f 743 776 744
f 744 776 777
f 744 777 745
f 745 777 778
f 745 778 746
f 746 778 779
f 746 779 747
f 747 779 780
f 747 780 748
f 748 780 781
f 748 781 749
f 749 781 782
f 749 782 750
f 750 782 783
f 750 783 751
f 751 783 784
f 751 784 752
f 752 784 785
f 752 785 753
f 753 785 786
f 753 786 754
f 754 786 787
f 754 787 755
f 755 787 788
f 755 788 756
f 756 788 789
f 756 789 757
f 757 789 790
f 757 790 758
f 758 790 791
f 758 791 759
f 759 791 792
f 759 792 760
f 760 792 793
f 760 793 761
f 761 793 794
f 761 794 762
f 762 794 795
f 762 795 763
f 763 795 796
f 763 796 764
f 764 796 797
f 764 797 765
f 765 797 798
f 765 798 766
f 766 798 799
f 766 799 767
f 767 799 800
f 767 800 768
f 769 801 802
f 769 802 770
f 770 802 803
f 770 803 771
f 771 803 804
f 771 804 772
f 772 804 805
f 772 805 773
f 773 805 806
f 773 806 774
f 774 806 807
f 774 807 775
f 775 807 808
f 775 808 776
f 776 808 809
f 776 809 777
f 777 809 810
f 777 810 778
f 778 810 811
f 778 811 779
f 779 811 812
f 779 812 780
f 780 812 813
f 780 813 781
f 781 813 814
f 781 814 782
f 782 814 815
f 782 815 783
f 783 815 816
f 783 816 784
f 784 816 817
f 784 817 785
f 785 817 818
f 785 818 786
f 786 818 819
f 786 819 787
f 787 819 820
f 787 820 788
f 788 820 821
f 788 821 789
f 789 821 822
f 789 822 790
f 790 822 823
f 790 823 791
f 791 823 824
f 791 824 792
f 792 824 825
f 792 825 793
f 793 825 826
f 793 826 794
f 794 826 827
f 794 827 795
f 795 827 828
f 795 828 796
f 796 828 829
f 796 829 797
f 797 829 830
f 797 830 798
f 798 830 831
f 798 831 799
f 799 831 832
f 799 832 800
f 801 833 834
f 801 834 802
f 802 834 835
f 802 835 803
f 803 835 836
f 803 836 804
f 804 836 837
f 804 837 805
f 805 837 838
f 805 838 806
f 806 838 839
f 806 839 807
f 807 839 840
f 807 840 808
f 808 840 841
f 808 841 809
f 809 841 842
f 809 842 810
f 810 842 843
f 810 843 811
f 811 843 844
f 811 844 812
f 812 844 845
f 812 845 813
f 813 845 846
f 813 846 814
f 814 846 847
f 814 847 815
f 815 847 848
f 815 848 816
f 816 848 849
f 816 849 817
f 817 849 850
f 817 850 818
f 818 850 851
f 818 851 819
f 819 851 852
f 819 852 820
f 820 852 853
f 820 853 821
f 821 853 854
f 821 854 822
f 822 854 855
f 822 855 823
f 823 855 856
f 823 856 824
f 824 856 857
f 824 857 825
f 825 857 858
f 825 858 826
f 826 858 859
f 826 859 827
f 827 859 860
f 827 860 828
f 828 860 861
f 828 861 829
f 829 861 862
f 829 862 830
f 830 862 863
f 830 863 831
f 831 863 864
f 831 864 832
f 833 865 866
f 833 866 834
f 834 866 867
f 834 867 835
f 835 867 868
f 835 868 836
f 836 868 869
f 836 869 837
f 837 869 870
f 837 870 838
f 838 870 871
f 838 871 839
f 839 871 872
f 839 872 840
f 840 872 873
f 840 873 841
f 841 873 874
f 841 874 842
f 842 874 875
f 842 875 843
f 843 875 876
f 843 876 844
f 844 876 877
f 844 877 845
f 845 877 878
f 845 878 846
f 846 878 879
f 846 879 847
f 847 879 880
f 847 880 848
f 848 880 881
f 848 881 849
f 849 881 882
f 849 882 850
f 850 882 883
f 850 883 851
f 851 883 884
f 851 884 852
f 852 884 885
f 852 885 853
f 853 885 886
f 853 886 854
f 854 886 887
f 854 887 855
f 855 887 888
f 855 888 856
f 856 888 889
f 856 889 857
f 857 889 890
f 857 890 858
f 858 890 891
f 858 891 859
f 859 891 892
f 859 892 860
f 860 892 893
f 860 893 861
f 861 893 894
f 861 894 862
f 862 894 895
f 862 895 863
f 863 895 896
f 863 896 864
f 865 897 898
f 865 898 866
f 866 898 899
f 866 899 867
f 867 899 900
f 867 900 868
f 868 900 901
f 868 901 869
f 869 901 902
f 869 902 870
f 870 902 903
f 870 903 871
f 871 903 904
f 871 904 872
f 872 904 905
f 872 905 873
f 873 905 906
f 873 906 874
f 874 906 907
f 874 907 875
f 875 907 908
f 875 908 876
f 876 908 909
f 876 909 877
f 877 909 910
f 877 910 878
f 878 910 911
f 878 911 879
f 879 911 912
f 879 912 880
f 880 912 913
f 880 913 881
f 881 913 914
f 881 914 882
f 882 914 915
f 882 915 883
f 883 915 916
f 883 916 884
f 884 916 917
f 884 917 885
f 885 917 918
f 885 918 886
f 886 918 919
f 886 919 887
f 887 919 920
f 887 920 888
f 888 920 921
f 888 921 889
f 889 921 922
f 889 922 890
f 890 922 923
f 890 923 891
f 891 923 924
f 891 924 892
f 892 924 925
f 892 925 893
f 893 925 926
f 893 926 894
f 894 926 927
f 894 927 895
f 895 927 928
f 895 928 896
f 897 929 930
f 897 930 898
f 898 930 931
f 898 931 899
f 899 931 932
f 899 932 900
f 900 932 933
f 900 933 901
f 901 933 934
f 901 934 902
f 902 934 935
f 902 935 903
f 903 935 936
f 903 936 904
f 904 936 937
f 904 937 905
f 905 937 938
f 905 938 906
f 906 938 939
f 906 939 907
f 907 939 940
f 907 940 908
f 908 940 941
f 908 941 909
f 909 941 942
f 909 942 910
f 910 942 943
f 910 943 911
f 911 943 944
f 911 944 912
f 912 944 945
f 912 945 913
f 913 945 946
f 913 946 914
f 914 946 947
f 914 947 915
f 915 947 948
f 915 948 916
f 916 948 949
f 916 949 917
f 917 949 950
f 917 950 918
f 918 950 951
f 918 951 919
f 919 951 952
f 919 952 920
f 920 952 953
f 920 953 921
f 921 953 954
f 921 954 922
f 922 954 955
f 922 955 923
f 923 955 956
f 923 956 924
f 924 956 957
f 924 957 925
f 925 957 958
f 925 958 926
f 926 958 959
f 926 959 927
f 927 959 960
f 927 960 928
f 929 961 962
f 929 962 930
f 930 962 963
f 930 963 931
f 931 963 964
f 931 964 932
f 932 964 965
f 932 965 933
f 933 965 966
f 933 966 934
f 934 966 967
f 934 967 935
f 935 967 968
f 935 968 936
f 936 968 969
f 936 969 937
f 937 969 970
f 937 970 938
f 938 970 971
f 938 971 939
f 939 971 972
f 939 972 940
f 940 972 973
f 940 973 941
f 941 973 974
f 941 974 942
f 942 974 975
f 942 975 943
f 943 975 976
f 943 976 944
f 944 976 977
f 944 977 945
f 945 977 978
f 945 978 946
f 946 978 979
f 946 979 947
f 947 979 980
f 947 980 948
f 948 980 981
f 948 981 949
f 949 981 982
f 949 982 950
f 950 982 983
f 950 983 951
f 951 983 984
f 951 984 952
f 952 984 985
f 952 985 953
f 953 985 986
f 953 986 954
f 954 986 987
f 954 987 955
f 955 987 988
f 955 988 956
f 956 988 989
f 956 989 957
f 957 989 990
f 957 990 958
f 958 990 991
f 958 991 959
f 959 991 992
f 959 992 960
f 64 63 993
f 64 993 994
f 994 993 995
f 994 995 996
f 996 995 997
f 996 997 998
f 998 997 999
f 998 999 1000
f 1000 999 1001
f 1000 1001 1002
f 1002 1001 1003
f 1002 1003 1004
f 1004 1003 1005
f 1004 1005 1006
f 1006 1005 1007
f 1006 1007 1008
f 1008 1007 1009
f 1008 1009 1010
f 1010 1009 1011
f 1010 1011 1012
f 1012 1011 1013
f 1012 1013 1014
f 1014 1013 1015
f 1014 1015 1016
f 1016 1015 1017
f 1016 1017 1018
f 1018 1017 1019
f 1018 1019 1020
f 1020 1019 1021
f 1020 1021 1022
f 1022 1021 1023
f 1022 1023 1024
f 1024 1023 1025
f 1024 1025 1026
f 1026 1025 1027
f 1026 1027 1028
f 1028 1027 1029
f 1028 1029 1030
f 1030 1029 1031
f 1030 1031 1032
f 1032 1031 1033
f 1032 1033 1034
f 1034 1033 1035
f 1034 1035 1036
f 1036 1035 1037
f 1036 1037 1038
f 63 96 1039
f 63 1039 993
f 993 1039 1040
f 993 1040 995
f 995 1040 1041
f 995 1041 997
f 997 1041 1042
f 997 1042 999
f 999 1042 1043
f 999 1043 1001
f 1001 1043 1044
f 1001 1044 1003
f 1003 1044 1045
f 1003 1045 1005
f 1005 1045 1046
f 1005 1046 1007
f 1007 1046 1047
f 1007 1047 1009
f 1009 1047 1048
f 1009 1048 1011
f 1011 1048 1049
f 1011 1049 1013
f 1013 1049 1050
f 1013 1050 1015
f 1015 1050 1051
f 1015 1051 1017
f 1017 1051 1052
f 1017 1052 1019
f 1019 1052 1053
f 1019 1053 1021
f 1021 1053 1054
f 1021 1054 1023
f 1023 1054 1055
f 1023 1055 1025
f 1025 1055 1056
f 1025 1056 1027
f 1027 1056 1057
f 1027 1057 1029
f 1029 1057 1058
f 1029 1058 1031
f 1031 1058 1059
f 1031 1059 1033
f 1033 1059 1060
f 1033 1060 1035
f 1035 1060 1061
f 1035 1061 1037
f 96 128 1062
f 96 1062 1039
f 1039 1062 1063
f 1039 1063 1040
f 1040 1063 1064
f 1040 1064 1041
f 1041 1064 1065
f 1041 1065 1042
f 1042 1065 1066
f 1042 1066 1043
f 1043 1066 1067
f 1043 1067 1044
f 1044 1067 1068
f 1044 1068 1045
f 1045 1068 1069
f 1045 1069 1046
f 1046 1069 1070
f 1046 1070 1047
f 1047 1070 1071
f 1047 1071 1048
f 1048 1071 1072
f 1048 1072 1049
f 1049 1072 1073
f 1049 1073 1050
f 1050 1073 1074
f 1050 1074 1051
f 1051 1074 1075
f 1051 1075 1052
f 1052 1075 1076
f 1052 1076 1053
f 1053 1076 1077
f 1053 1077 1054
f 1054 1077 1078
f 1054 1078 1055
f 1055 1078 1079
f 1055 1079 1056
f 1056 1079 1080
f 1056 1080 1057
f 1057 1080 1081
f 1057 1081 1058
f 1058 1081 1082
f 1058 1082 1059
f 1059 1082 1083
f 1059 1083 1060
f 1060 1083 1084
f 1060 1084 1061
f 128 160 1085
f 128 1085 1062
f 1062 1085 1086
f 1062 1086 1063
f 1063 1086 1087
f 1063 1087 1064
f 1064 1087 1088
f 1064 1088 1065
f 1065 1088 1089
f 1065 1089 1066
f 1066 1089 1090
f 1066 1090 1067
f 1067 1090 1091
f 1067 1091 1068
f 1068 1091 1092
f 1068 1092 1069
f 1069 1092 1093
f 1069 1093 1070
f 1070 1093 1094
f 1070 1094 1071
f 1071 1094 1095
f 1071 1095 1072
f 1072 1095 1096
f 1072 1096 1073
f 1073 1096 1097
f 1073 1097 1074
f 1074 1097 1098
f 1074 1098 1075
f 1075 1098 1099
f 1075 1099 1076
f 1076 1099 1100
f 1076 1100 1077
f 1077 1100 1101
f 1077 1101 1078
f 1078 1101 1102
f 1078 1102 1079
f 1079 1102 1103
f 1079 1103 1080
f 1080 1103 1104
f 1080 1104 1081
f 1081 1104 1105
f 1081 1105 1082
f 1082 1105 1106
f 1082 1106 1083
f 1083 1106 1107
f 1083 1107 1084
f 160 192 1108
f 160 1108 1085
f 1085 1108 1109
f 1085 1109 1086
f 1086 1109 1110
f 1086 1110 1087
f 1087 1110 1111
f 1087 1111 1088
f 1088 1111 1112
f 1088 1112 1089
f 1089 1112 1113
f 1089 1113 1090
f 1090 1113 1114
f 1090 1114 1091
f 1091 1114 1115
f 1091 1115 1092
f 1092 1115 1116
f 1092 1116 1093
f 1093 1116 1117
f 1093 1117 1094
f 1094 1117 1118
f 1094 1118 1095
f 1095 1118 1119
f 1095 1119 1096
f 1096 1119 1120
f 1096 1120 1097
f 1097 1120 1121
f 1097 1121 1098
f 1098 1121 1122
f 1098 1122 1099
f 1099 1122 1123
f 1099 1123 1100
f 1100 1123 1124
f 1100 1124 1101
f 1101 1124 1125
f 1101 1125 1102
f 1102 1125 1126
f 1102 1126 1103
f 1103 1126 1127
f 1103 1127 1104
f 1104 1127 1128
f 1104 1128 1105
f 1105 1128 1129
f 1105 1129 1106
f 1106 1129 1130
f 1106 1130 1107
f 192 224 1131
f 192 1131 1108
f 1108 1131 1132
f 1108 1132 1109
f 1109 1132 1133
f 1109 1133 1110
f 1110 1133 1134
f 1110 1134 1111
f 1111 1134 1135
f 1111 1135 1112
f 1112 1135 1136
f 1112 1136 1113
f 1113 1136 1137
f 1113 1137 1114
f 1114 1137 1138
f 1114 1138 1115
f 1115 1138 1139
f 1115 1139 1116
f 1116 1139 1140
f 1116 1140 1117
f 1117 1140 1141
f 1117 1141 1118
f 1118 1141 1142
f 1118 1142 1119
f 1119 1142 1143
f 1119 1143 1120
f 1120 1143 1144
f 1120 1144 1121
f 1121 1144 1145
f 1121 1145 1122
f 1122 1145 1146
f 1122 1146 1123
f 1123 1146 1147
f 1123 1147 1124
f 1124 1147 1148
f 1124 1148 1125
f 1125 1148 1149
f 1125 1149 1126
f 1126 1149 1150
f 1126 1150 1127
f 1127 1150 1151
f 1127 1151 1128
f 1128 1151 1152
f 1128 1152 1129
f 1129 1152 1153
f 1129 1153 1130
f 224 256 1154
f 224 1154 1131
f 1131 1154 1155
f 1131 1155 1132
f 1132 1155 1156
f 1132 1156 1133
f 1133 1156 1157
f 1133 1157 1134
f 1134 1157 1158
f 1134 1158 1135
f 1135 1158 1159
f 1135 1159 1136
f 1136 1159 1160
f 1136 1160 1137
f 1137 1160 1161
f 1137 1161 1138
f 1138 1161 1162
f 1138 1162 1139
f 1139 1162 1163
f 1139 1163 1140
f 1140 1163 1164
f 1140 1164 1141
f 1141 1164 1165
f 1141 1165 1142
f 1142 1165 1166
f 1142 1166 1143
f 1143 1166 1167
f 1143 1167 1144
f 1144 1167 1168
f 1144 1168 1145
f 1145 1168 1169
f 1145 1169 1146
f 1146 1169 1170
f 1146 1170 1147
f 1147 1170 1171
f 1147 1171 1148
f 1148 1171 1172
f 1148 1172 1149
f 1149 1172 1173
f 1149 1173 1150
f 1150 1173 1174
f 1150 1174 1151
f 1151 1174 1175
f 1151 1175 1152
f 1152 1175 1176
f 1152 1176 1153
f 256 288 1177
f 256 1177 1154
f 1154 1177 1178
f 1154 1178 1155
f 1155 1178 1179
f 1155 1179 1156
f 1156 1179 1180
f 1156 1180 1157
f 1157 1180 1181
f 1157 1181 1158
f 1158 1181 1182
f 1158 1182 1159
f 1159 1182 1183
f 1159 1183 1160
f 1160 1183 1184
f 1160 1184 1161
f 1161 1184 1185
f 1161 1185 1162
f 1162 1185 1186
f 1162 1186 1163
f 1163 1186 1187
f 1163 1187 1164
f 1164 1187 1188
f 1164 1188 1165
f 1165 1188 1189
f 1165 1189 1166
f 1166 1189 1190
f 1166 1190 1167
f 1167 1190 1191
f 1167 1191 1168
f 1168 1191 1192
f 1168 1192 1169
f 1169 1192 1193
f 1169 1193 1170
f 1170 1193 1194
f 1170 1194 1171
f 1171 1194 1195
f 1171 1195 1172
f 1172 1195 1196
f 1172 1196 1173
f 1173 1196 1197
f 1173 1197 1174
f 1174 1197 1198
f 1174 1198 1175
f 1175 1198 1199
f 1175 1199 1176
f 288 320 1200
f 288 1200 1177
f 1177 1200 1201
f 1177 1201 1178
f 1178 1201 1202
f 1178 1202 1179
f 1179 1202 1203
f 1179 1203 1180
f 1180 1203 1204
f 1180 1204 1181
f 1181 1204 1205
f 1181 1205 1182
f 1182 1205 1206
f 1182 1206 1183
f 1183 1206 1207
f 1183 1207 1184
f 1184 1207 1208
f 1184 1208 1185
f 1185 1208 1209
f 1185 1209 1186
f 1186 1209 1210
f 1186 1210 1187
f 1187 1210 1211
f 1187 1211 1188
f 1188 1211 1212
f 1188 1212 1189
f 1189 1212 1213
f 1189 1213 1190
f 1190 1213 1214
f 1190 1214 1191
f 1191 1214 1215
f 1191 1215 1192
f 1192 1215 1216
f 1192 1216 1193
f 1193 1216 1217
f 1193 1217 1194
f 1194 1217 1218
f 1194 1218 1195
f 1195 1218 1219
f 1195 1219 1196
f 1196 1219 1220
f 1196 1220 1197
f 1197 1220 1221
f 1197 1221 1198
f 1198 1221 1222
f 1198 1222 1199
f 320 352 1223
f 320 1223 1200
f 1200 1223 1224
f 1200 1224 1201
f 1201 1224 1225
f 1201 1225 1202
f 1202 1225 1226
f 1202 1226 1203
f 1203 1226 1227
f 1203 1227 1204
f 1204 1227 1228
f 1204 1228 1205
f 1205 1228 1229
f 1205 1229 1206
f 1206 1229 1230
f 1206 1230 1207
f 1207 1230 1231
f 1207 1231 1208
f 1208 1231 1232
f 1208 1232 1209
f 1209 1232 1233
f 1209 1233 1210
f 1210 1233 1234
f 1210 1234 1211
f 1211 1234 1235
f 1211 1235 1212
f 1212 1235 1236
f 1212 1236 1213
f 1213 1236 1237
f 1213 1237 1214
f 1214 1237 1238
f 1214 1238 1215
f 1215 1238 1239
f 1215 1239 1216
f 1216 1239 1240
f 1216 1240 1217
f 1217 1240 1241
f 1217 1241 1218
f 1218 1241 1242
f 1218 1242 1219
f 1219 1242 1243
f 1219 1243 1220
f 1220 1243 1244
f 1220 1244 1221
f 1221 1244 1245
f 1221 1245 1222
f 352 384 1246
f 352 1246 1223
f 1223 1246 1247
f 1223 1247 1224
f 1224 1247 1248
f 1224 1248 1225
f 1225 1248 1249
f 1225 1249 1226
f 1226 1249 1250
f 1226 1250 1227
f 1227 1250 1251
f 1227 1251 1228
f 1228 1251 1252
f 1228 1252 1229
f 1229 1252 1253
f 1229 1253 1230
f 1230 1253 1254
f 1230 1254 1231
f 1231 1254 1255
f 1231 1255 1232
f 1232 1255 1256
f 1232 1256 1233
f 1233 1256 1257
f 1233 1257 1234
f 1234 1257 1258
f 1234 1258 1235
f 1235 1258 1259
f 1235 1259 1236
f 1236 1259 1260
f 1236 1260 1237
f 1237 1260 1261
f 1237 1261 1238
f 1238 1261 1262
f 1238 1262 1239
f 1239 1262 1263
f 1239 1263 1240
f 1240 1263 1264
f 1240 1264 1241
f 1241 1264 1265
f 1241 1265 1242
f 1242 1265 1266
f 1242 1266 1243
f 1243 1266 1267
f 1243 1267 1244
f 1244 1267 1268
f 1244 1268 1245
f 384 416 1269
f 384 1269 1246
f 1246 1269 1270
f 1246 1270 1247
f 1247 1270 1271
f 1247 1271 1248
f 1248 1271 1272
f 1248 1272 1249
f 1249 1272 1273
f 1249 1273 1250
f 1250 1273 1274
f 1250 1274 1251
f 1251 1274 1275
f 1251 1275 1252
f 1252 1275 1276
f 1252 1276 1253
f 1253 1276 1277
f 1253 1277 1254
f 1254 1277 1278
f 1254 1278 1255
f 1255 1278 1279
f 1255 1279 1256
f 1256 1279 1280
f 1256 1280 1257
f 1257 1280 1281
f 1257 1281 1258
f 1258 1281 1282
f 1258 1282 1259
f 1259 1282 1283
f 1259 1283 1260
f 1260 1283 1284
f 1260 1284 1261
f 1261 1284 1285
f 1261 1285 1262
f 1262 1285 1286
f 1262 1286 1263
f 1263 1286 1287
f 1263 1287 1264
f 1264 1287 1288
f 1264 1288 1265
f 1265 1288 1289
f 1265 1289 1266
f 1266 1289 1290
f 1266 1290 1267
f 1267 1290 1291
f 1267 1291 1268
f 416 448 1292
f 416 1292 1269
f 1269 1292 1293
f 1269 1293 1270
f 1270 1293 1294
f 1270 1294 1271
f 1271 1294 1295
f 1271 1295 1272
f 1272 1295 1296
f 1272 1296 1273
f 1273 1296 1297
f 1273 1297 1274
f 1274 1297 1298
f 1274 1298 1275
f 1275 1298 1299
f 1275 1299 1276
f 1276 1299 1300
f 1276 1300 1277
f 1277 1300 1301
f 1277 1301 1278
f 1278 1301 1302
f 1278 1302 1279
f 1279 1302 1303
f 1279 1303 1280
f 1280 1303 1304
f 1280 1304 1281
f 1281 1304 1305
f 1281 1305 1282
f 1282 1305 1306
f 1282 1306 1283
f 1283 1306 1307
f 1283 1307 1284
f 1284 1307 1308
f 1284 1308 1285
f 1285 1308 1309
f 1285 1309 1286
f 1286 1309 1310
f 1286 1310 1287
f 1287 1310 1311
f 1287 1311 1288
f 1288 1311 1312
f 1288 1312 1289
f 1289 1312 1313
f 1289 1313 1290
f 1290 1313 1314
f 1290 1314 1291
f 448 480 1315
f 448 1315 1292
f 1292 1315 1316
f 1292 1316 1293
f 1293 1316 1317
f 1293 1317 1294
f 1294 1317 1318
f 1294 1318 1295
f 1295 1318 1319
f 1295 1319 1296
f 1296 1319 1320
f 1296 1320 1297
f 1297 1320 1321
f 1297 1321 1298
f 1298 1321 1322
f 1298 1322 1299
f 1299 1322 1323
f 1299 1323 1300
f 1300 1323 1324
f 1300 1324 1301
f 1301 1324 1325
f 1301 1325 1302
f 1302 1325 1326
f 1302 1326 1303
f 1303 1326 1327
f 1303 1327 1304
f 1304 1327 1328
f 1304 1328 1305
f 1305 1328 1329
f 1305 1329 1306
f 1306 1329 1330
f 1306 1330 1307
f 1307 1330 1331
f 1307 1331 1308
f 1308 1331 1332
f 1308 1332 1309
f 1309 1332 1333
f 1309 1333 1310
f 1310 1333 1334
f 1310 1334 1311
f 1311 1334 1335
f 1311 1335 1312
f 1312 1335 1336
f 1312 1336 1313
f 1313 1336 1337
f 1313 1337 1314
f 480 512 1338
f 480 1338 1315
f 1315 1338 1339
f 1315 1339 1316
f 1316 1339 1340
f 1316 1340 1317
f 1317 1340 1341
f 1317 1341 1318
f 1318 1341 1342
f 1318 1342 1319
f 1319 1342 1343
f 1319 1343 1320
f 1320 1343 1344
f 1320 1344 1321
f 1321 1344 1345
f 1321 1345 1322
f 1322 1345 1346
f 1322 1346 1323
f 1323 1346 1347
f 1323 1347 1324
f 1324 1347 1348
f 1324 1348 1325
f 1325 1348 1349
f 1325 1349 1326
f 1326 1349 1350
f 1326 1350 1327
f 1327 1350 1351
f 1327 1351 1328
f 1328 1351 1352
f 1328 1352 1329
f 1329 1352 1353
f 1329 1353 1330
f 1330 1353 1354
f 1330 1354 1331
f 1331 1354 1355
f 1331 1355 1332
f 1332 1355 1356
f 1332 1356 1333
f 1333 1356 1357
f 1333 1357 1334
f 1334 1357 1358
f 1334 1358 1335
f 1335 1358 1359
f 1335 1359 1336
f 1336 1359 1360
f 1336 1360 1337
f 512 544 1361
f 512 1361 1338
f 1338 1361 1362
f 1338 1362 1339
f 1339 1362 1363
f 1339 1363 1340
f 1340 1363 1364
f 1340 1364 1341
f 1341 1364 1365
f 1341 1365 1342
f 1342 1365 1366
f 1342 1366 1343
f 1343 1366 1367
f 1343 1367 1344
f 1344 1367 1368
f 1344 1368 1345
f 1345 1368 1369
f 1345 1369 1346
f 1346 1369 1370
f 1346 1370 1347
f 1347 1370 1371
f 1347 1371 1348
f 1348 1371 1372
f 1348 1372 1349
f 1349 1372 1373
f 1349 1373 1350
f 1350 1373 1374
f 1350 1374 1351
f 1351 1374 1375
f 1351 1375 1352
f 1352 1375 1376
f 1352 1376 1353
f 1353 1376 1377
f 1353 1377 1354
f 1354 1377 1378
f 1354 1378 1355
f 1355 1378 1379
f 1355 1379 1356
f 1356 1379 1380
f 1356 1380 1357
f 1357 1380 1381
f 1357 1381 1358
f 1358 1381 1382
f 1358 1382 1359
f 1359 1382 1383
f 1359 1383 1360
f 544 576 1384
f 544 1384 1361
f 1361 1384 1385
f 1361 1385 1362
f 1362 1385 1386
f 1362 1386 1363
f 1363 1386 1387
f 1363 1387 1364
f 1364 1387 1388
f 1364 1388 1365
f 1365 1388 1389
f 1365 1389 1366
f 1366 1389 1390
f 1366 1390 1367
f 1367 1390 1391
f 1367 1391 1368
f 1368 1391 1392
f 1368 1392 1369
f 1369 1392 1393
f 1369 1393 1370
f 1370 1393 1394
f 1370 1394 1371
f 1371 1394 1395
f 1371 1395 1372
f 1372 1395 1396
f 1372 1396 1373
f 1373 1396 1397
f 1373 1397 1374
f 1374 1397 1398
f 1374 1398 1375
f 1375 1398 1399
f 1375 1399 1376
f 1376 1399 1400
f 1376 1400 1377
f 1377 1400 1401
f 1377 1401 1378
f 1378 1401 1402
f 1378 1402 1379
f 1379 1402 1403
f 1379 1403 1380
f 1380 1403 1404
f 1380 1404 1381
f 1381 1404 1405
f 1381 1405 1382
f 1382 1405 1406
f 1382 1406 1383
f 576 608 1407
f 576 1407 1384
f 1384 1407 1408
f 1384 1408 1385
f 1385 1408 1409
f 1385 1409 1386
f 1386 1409 1410
f 1386 1410 1387
f 1387 1410 1411
f 1387 1411 1388
f 1388 1411 1412
f 1388 1412 1389
f 1389 1412 1413
f 1389 1413 1390
f 1390 1413 1414
f 1390 1414 1391
f 1391 1414 1415
f 1391 1415 1392
f 1392 1415 1416
f 1392 1416 1393
f 1393 1416 1417
f 1393 1417 1394
f 1394 1417 1418
f 1394 1418 1395
f 1395 1418 1419
f 1395 1419 1396
f 1396 1419 1420
f 1396 1420 1397
f 1397 1420 1421
f 1397 1421 1398
f 1398 1421 1422
f 1398 1422 1399
f 1399 1422 1423
f 1399 1423 1400
f 1400 1423 1424
f 1400 1424 1401
f 1401 1424 1425
f 1401 1425 1402
f 1402 1425 1426
f 1402 1426 1403
f 1403 1426 1427
f 1403 1427 1404
f 1404 1427 1428
f 1404 1428 1405
f 1405 1428 1429
f 1405 1429 1406
f 608 640 1430
f 608 1430 1407
f 1407 1430 1431
f 1407 1431 1408
f 1408 1431 1432
f 1408 1432 1409
f 1409 1432 1433
f 1409 1433 1410
f 1410 1433 1434
f 1410 1434 1411
f 1411 1434 1435
f 1411 1435 1412
f 1412 1435 1436
f 1412 1436 1413
f 1413 1436 1437
f 1413 1437 1414
f 1414 1437 1438
f 1414 1438 1415
f 1415 1438 1439
f 1415 1439 1416
f 1416 1439 1440
f 1416 1440 1417
f 1417 1440 1441
f 1417 1441 1418
f 1418 1441 1442
f 1418 1442 1419
f 1419 1442 1443
f 1419 1443 1420
f 1420 1443 1444
f 1420 1444 1421
f 1421 1444 1445
f 1421 1445 1422
f 1422 1445 1446
f 1422 1446 1423
f 1423 1446 1447
f 1423 1447 1424
f 1424 1447 1448
f 1424 1448 1425
f 1425 1448 1449
f 1425 1449 1426
f 1426 1449 1450
f 1426 1450 1427
f 1427 1450 1451
f 1427 1451 1428
f 1428 1451 1452
f 1428 1452 1429
f 640 672 1453
f 640 1453 1430
f 1430 1453 1454
f 1430 1454 1431
f 1431 1454 1455
f 1431 1455 1432
f 1432 1455 1456
f 1432 1456 1433
f 1433 1456 1457
f 1433 1457 1434
f 1434 1457 1458
f 1434 1458 1435
f 1435 1458 1459
f 1435 1459 1436
f 1436 1459 1460
f 1436 1460 1437
f 1437 1460 1461
f 1437 1461 1438
f 1438 1461 1462
f 1438 1462 1439
f 1439 1462 1463
f 1439 1463 1440
f 1440 1463 1464
f 1440 1464 1441
f 1441 1464 1465
f 1441 1465 1442
f 1442 1465 1466
f 1442 1466 1443
f 1443 1466 1467
f 1443 1467 1444
f 1444 1467 1468
f 1444 1468 1445
f 1445 1468 1469
f 1445 1469 1446
f 1446 1469 1470
f 1446 1470 1447
f 1447 1470 1471
f 1447 1471 1448
f 1448 1471 1472
f 1448 1472 1449
f 1449 1472 1473
f 1449 1473 1450
f 1450 1473 1474
f 1450 1474 1451
f 1451 1474 1475
f 1451 1475 1452
f 672 704 1476
f 672 1476 1453
f 1453 1476 1477
f 1453 1477 1454
f 1454 1477 1478
f 1454 1478 1455
f 1455 1478 1479
f 1455 1479 1456
f 1456 1479 1480
f 1456 1480 1457
f 1457 1480 1481
f 1457 1481 1458
f 1458 1481 1482
f 1458 1482 1459
f 1459 1482 1483
f 1459 1483 1460
f 1460 1483 1484
f 1460 1484 1461
f 1461 1484 1485
f 1461 1485 1462
f 1462 1485 1486
f 1462 1486 1463
f 1463 1486 1487
f 1463 1487 1464
f 1464 1487 1488
f 1464 1488 1465
f 1465 1488 1489
f 1465 1489 1466
f 1466 1489 1490
f 1466 1490 1467
f 1467 1490 1491
f 1467 1491 1468
f 1468 1491 1492
f 1468 1492 1469
f 1469 1492 1493
f 1469 1493 1470
f 1470 1493 1494
f 1470 1494 1471
f 1471 1494 1495
f 1471 1495 1472
f 1472 1495 1496
f 1472 1496 1473
f 1473 1496 1497
f 1473 1497 1474
f 1474 1497 1498
f 1474 1498 1475
f 704 736 1499
f 704 1499 1476
f 1476 1499 1500
f 1476 1500 1477
f 1477 1500 1501
f 1477 1501 1478
f 1478 1501 1502
f 1478 1502 1479
f 1479 1502 1503
f 1479 1503 1480
f 1480 1503 1504
f 1480 1504 1481
f 1481 1504 1505
f 1481 1505 1482
f 1482 1505 1506
f 1482 1506 1483
f 1483 1506 1507
f 1483 1507 1484
f 1484 1507 1508
f 1484 1508 1485
f 1485 1508 1509
f 1485 1509 1486
f 1486 1509 1510
f 1486 1510 1487
f 1487 1510 1511
f 1487 1511 1488
f 1488 1511 1512
f 1488 1512 1489
f 1489 1512 1513
f 1489 1513 1490
f 1490 1513 1514
f 1490 1514 1491
f 1491 1514 1515
f 1491 1515 1492
f 1492 1515 1516
f 1492 1516 1493
f 1493 1516 1517
f 1493 1517 1494
f 1494 1517 1518
f 1494 1518 1495
f 1495 1518 1519
f 1495 1519 1496
f 1496 1519 1520
f 1496 1520 1497
f 1497 1520 1521
f 1497 1521 1498
f 736 768 1522
f 736 1522 1499
f 1499 1522 1523
f 1499 1523 1500
f 1500 1523 1524
f 1500 1524 1501
f 1501 1524 1525
f 1501 1525 1502
f 1502 1525 1526
f 1502 1526 1503
f 1503 1526 1527
f 1503 1527 1504
f 1504 1527 1528
f 1504 1528 1505
f 1505 1528 1529
f 1505 1529 1506
f 1506 1529 1530
f 1506 1530 1507
f 1507 1530 1531
f 1507 1531 1508
f 1508 1531 1532
f 1508 1532 1509
f 1509 1532 1533
f 1509 1533 1510
f 1510 1533 1534
f 1510 1534 1511
f 1511 1534 1535
f 1511 1535 1512
f 1512 1535 1536
f 1512 1536 1513
f 1513 1536 1537
f 1513 1537 1514
f 1514 1537 1538
f 1514 1538 1515
f 1515 1538 1539
f 1515 1539 1516
f 1516 1539 1540
f 1516 1540 1517
f 1517 1540 1541
f 1517 1541 1518
f 1518 1541 1542
f 1518 1542 1519
f 1519 1542 1543
f 1519 1543 1520
f 1520 1543 1544
f 1520 1544 1521
f 768 800 1545
f 768 1545 1522
f 1522 1545 1546
f 1522 1546 1523
f 1523 1546 1547
f 1523 1547 1524
f 1524 1547 1548
f 1524 1548 1525
f 1525 1548 1549
f 1525 1549 1526
f 1526 1549 1550
f 1526 1550 1527
f 1527 1550 1551
f 1527 1551 1528
f 1528 1551 1552
f 1528 1552 1529
f 1529 1552 1553
f 1529 1553 1530
f 1530 1553 1554
f 1530 1554 1531
f 1531 1554 1555
f 1531 1555 1532
f 1532 1555 1556
f 1532 1556 1533
f 1533 1556 1557
f 1533 1557 1534
f 1534 1557 1558
f 1534 1558 1535
f 1535 1558 1559
f 1535 1559 1536
f 1536 1559 1560
f 1536 1560 1537
f 1537 1560 1561
f 1537 1561 1538
f 1538 1561 1562
f 1538 1562 1539
f 1539 1562 1563
f 1539 1563 1540
f 1540 1563 1564
f 1540 1564 1541
f 1541 1564 1565
f 1541 1565 1542
f 1542 1565 1566
f 1542 1566 1543
f 1543 1566 1567
f 1543 1567 1544
f 800 832 1568
f 800 1568 1545
f 1545 1568 1569
f 1545 1569 1546
f 1546 1569 1570
f 1546 1570 1547
f 1547 1570 1571
f 1547 1571 1548
f 1548 1571 1572
f 1548 1572 1549
f 1549 1572 1573
f 1549 1573 1550
f 1550 1573 1574
f 1550 1574 1551
f 1551 1574 1575
f 1551 1575 1552
f 1552 1575 1576
f 1552 1576 1553
f 1553 1576 1577
f 1553 1577 1554
f 1554 1577 1578
f 1554 1578 1555
f 1555 1578 1579
f 1555 1579 1556
f 1556 1579 1580
f 1556 1580 1557
f 1557 1580 1581
f 1557 1581 1558
f 1558 1581 1582
f 1558 1582 1559
f 1559 1582 1583
f 1559 1583 1560
f 1560 1583 1584
f 1560 1584 1561
f 1561 1584 1585
f 1561 1585 1562
f 1562 1585 1586
f 1562 1586 1563
f 1563 1586 1587
f 1563 1587 1564
f 1564 1587 1588
f 1564 1588 1565
f 1565 1588 1589
f 1565 1589 1566
f 1566 1589 1590
f 1566 1590 1567
f 832 864 1591
f 832 1591 1568
f 1568 1591 1592
f 1568 1592 1569
f 1569 1592 1593
f 1569 1593 1570
f 1570 1593 1594
f 1570 1594 1571
f 1571 1594 1595
f 1571 1595 1572
f 1572 1595 1596
f 1572 1596 1573
f 1573 1596 1597
f 1573 1597 1574
f 1574 1597 1598
f 1574 1598 1575
f 1575 1598 1599
f 1575 1599 1576
f 1576 1599 1600
f 1576 1600 1577
f 1577 1600 1601
f 1577 1601 1578
f 1578 1601 1602
f 1578 1602 1579
f 1579 1602 1603
f 1579 1603 1580
f 1580 1603 1604
f 1580 1604 1581
f 1581 1604 1605
f 1581 1605 1582
f 1582 1605 1606
f 1582 1606 1583
f 1583 1606 1607
f 1583 1607 1584
f 1584 1607 1608
f 1584 1608 1585
f 1585 1608 1609
f 1585 1609 1586
f 1586 1609 1610
f 1586 1610 1587
f 1587 1610 1611
f 1587 1611 1588
f 1588 1611 1612
f 1588 1612 1589
f 1589 1612 1613
f 1589 1613 1590
f 864 896 1614
f 864 1614 1591
f 1591 1614 1615
f 1591 1615 1592
f 1592 1615 1616
f 1592 1616 1593
f 1593 1616 1617
f 1593 1617 1594
f 1594 1617 1618
f 1594 1618 1595
f 1595 1618 1619
f 1595 1619 1596
f 1596 1619 1620
f 1596 1620 1597
f 1597 1620 1621
f 1597 1621 1598
f 1598 1621 1622
f 1598 1622 1599
f 1599 1622 1623
f 1599 1623 1600
f 1600 1623 1624
f 1600 1624 1601
f 1601 1624 1625
f 1601 1625 1602
f 1602 1625 1626
f 1602 1626 1603
f 1603 1626 1627
f 1603 1627 1604
f 1604 1627 1628
f 1604 1628 1605
f 1605 1628 1629
f 1605 1629 1606
f 1606 1629 1630
f 1606 1630 1607
f 1607 1630 1631
f 1607 1631 1608
f 1608 1631 1632
f 1608 1632 1609
f 1609 1632 1633
f 1609 1633 1610
f 1610 1633 1634
f 1610 1634 1611
f 1611 1634 1635
f 1611 1635 1612
f 1612 1635 1636
f 1612 1636 1613
f 896 928 1637
f 896 1637 1614
f 1614 1637 1638
f 1614 1638 1615
f 1615 1638 1639
f 1615 1639 1616
f 1616 1639 1640
f 1616 1640 1617
f 1617 1640 1641
f 1617 1641 1618
f 1618 1641 1642
f 1618 1642 1619
f 1619 1642 1643
f 1619 1643 1620
f 1620 1643 1644
f 1620 1644 1621
f 1621 1644 1645
f 1621 1645 1622
f 1622 1645 1646
f 1622 1646 1623
f 1623 1646 1647
f 1623 1647 1624
f 1624 1647 1648
f 1624 1648 1625
f 1625 1648 1649
f 1625 1649 1626
f 1626 1649 1650
f 1626 1650 1627
f 1627 1650 1651
f 1627 1651 1628
f 1628 1651 1652
f 1628 1652 1629
f 1629 1652 1653
f 1629 1653 1630
f 1630 1653 1654
f 1630 1654 1631
f 1631 1654 1655
f 1631 1655 1632
f 1632 1655 1656
f 1632 1656 1633
f 1633 1656 1657
f 1633 1657 1634
f 1634 1657 1658
f 1634 1658 1635
f 1635 1658 1659
f 1635 1659 1636
f 928 960 1660
f 928 1660 1637
f 1637 1660 1661
f 1637 1661 1638
f 1638 1661 1662
f 1638 1662 1639
f 1639 1662 1663
f 1639 1663 1640
f 1640 1663 1664
f 1640 1664 1641
f 1641 1664 1665
f 1641 1665 1642
f 1642 1665 1666
f 1642 1666 1643
f 1643 1666 1667
f 1643 1667 1644
f 1644 1667 1668
f 1644 1668 1645
f 1645 1668 1669
f 1645 1669 1646
f 1646 1669 1670
f 1646 1670 1647
f 1647 1670 1671
f 1647 1671 1648
f 1648 1671 1672
f 1648 1672 1649
f 1649 1672 1673
f 1649 1673 1650
f 1650 1673 1674
f 1650 1674 1651
f 1651 1674 1675
f 1651 1675 1652
f 1652 1675 1676
f 1652 1676 1653
f 1653 1676 1677
f 1653 1677 1654
f 1654 1677 1678
f 1654 1678 1655
f 1655 1678 1679
f 1655 1679 1656
f 1656 1679 1680
f 1656 1680 1657
f 1657 1680 1681
f 1657 1681 1658
f 1658 1681 1682
f 1658 1682 1659
f 960 992 1683
f 960 1683 1660
f 1660 1683 1684
f 1660 1684 1661
f 1661 1684 1685
f 1661 1685 1662
f 1662 1685 1686
f 1662 1686 1663
f 1663 1686 1687
f 1663 1687 1664
f 1664 1687 1688
f 1664 1688 1665
f 1665 1688 1689
f 1665 1689 1666
f 1666 1689 1690
f 1666 1690 1667
f 1667 1690 1691
f 1667 1691 1668
f 1668 1691 1692
f 1668 1692 1669
f 1669 1692 1693
f 1669 1693 1670
f 1670 1693 1694
f 1670 1694 1671
f 1671 1694 1695
f 1671 1695 1672
f 1672 1695 1696
f 1672 1696 1673
f 1673 1696 1697
f 1673 1697 1674
f 1674 1697 1698
f 1674 1698 1675
f 1675 1698 1699
f 1675 1699 1676
f 1676 1699 1700
f 1676 1700 1677
f 1677 1700 1701
f 1677 1701 1678
f 1678 1701 1702
f 1678 1702 1679
f 1679 1702 1703
f 1679 1703 1680
f 1680 1703 1704
f 1680 1704 1681
f 1681 1704 1705
f 1681 1705 1682
f 1 1706 1707
f 1 1707 2
f 2 1707 1708
f 2 1708 65
f 65 1708 1709
f 65 1709 97
f 97 1709 1710
f 97 1710 129
f 129 1710 1711
f 129 1711 161
f 161 1711 1712
f 161 1712 193
f 193 1712 1713
f 193 1713 225
f 225 1713 1714
f 225 1714 257
f 257 1714 1715
f 257 1715 289
f 289 1715 1716
f 289 1716 321
f 321 1716 1717
f 321 1717 353
f 353 1717 1718
f 353 1718 385
f 385 1718 1719
f 385 1719 417
f 417 1719 1720
f 417 1720 449
f 449 1720 1721
f 449 1721 481
f 481 1721 1722
f 481 1722 513
f 513 1722 1723
f 513 1723 545
f 545 1723 1724
f 545 1724 577
f 577 1724 1725
f 577 1725 609
f 609 1725 1726
f 609 1726 641
f 641 1726 1727
f 641 1727 673
f 673 1727 1728
f 673 1728 705
f 705 1728 1729
f 705 1729 737
f 737 1729 1730
f 737 1730 769
f 769 1730 1731
f 769 1731 801
f 801 1731 1732
f 801 1732 833
f 833 1732 1733
f 833 1733 865
f 865 1733 1734
f 865 1734 897
f 897 1734 1735
f 897 1735 929
f 929 1735 1736
f 929 1736 961
f 1706 1737 1738
f 1706 1738 1707
f 1707 1738 1739
f 1707 1739 1708
f 1708 1739 1740
f 1708 1740 1709
f 1709 1740 1741
f 1709 1741 1710
f 1710 1741 1742
f 1710 1742 1711
f 1711 1742 1743
f 1711 1743 1712
f 1712 1743 1744
f 1712 1744 1713
f 1713 1744 1745
f 1713 1745 1714
f 1714 1745 1746
f 1714 1746 1715
f 1715 1746 1747
f 1715 1747 1716
f 1716 1747 1748
f 1716 1748 1717
f 1717 1748 1749
f 1717 1749 1718
f 1718 1749 1750
f 1718 1750 1719
f 1719 1750 1751
f 1719 1751 1720
f 1720 1751 1752
f 1720 1752 1721
f 1721 1752 1753
f 1721 1753 1722
f 1722 1753 1754
f 1722 1754 1723
f 1723 1754 1755
f 1723 1755 1724
f 1724 1755 1756
f 1724 1756 1725
f 1725 1756 1757
f 1725 1757 1726
f 1726 1757 1758
f 1726 1758 1727
f 1727 1758 1759
f 1727 1759 1728
f 1728 1759 1760
f 1728 1760 1729
f 1729 1760 1761
f 1729 1761 1730
f 1730 1761 1762
f 1730 1762 1731
f 1731 1762 1763
f 1731 1763 1732
f 1732 1763 1764
f 1732 1764 1733
f 1733 1764 1765
f 1733 1765 1734
f 1734 1765 1766
f 1734 1766 1735
f 1735 1766 1767
f 1735 1767 1736
f 1737 1768 1769
f 1737 1769 1738
f 1738 1769 1770
f 1738 1770 1739
f 1739 1770 1771
f 1739 1771 1740
f 1740 1771 1772
f 1740 1772 1741
f 1741 1772 1773
f 1741 1773 1742
f 1742 1773 1774
f 1742 1774 1743
f 1743 1774 1775
f 1743 1775 1744
f 1744 1775 1776
f 1744 1776 1745
f 1745 1776 1777
f 1745 1777 1746
f 1746 1777 1778
f 1746 1778 1747
f 1747 1778 1779
f 1747 1779 1748
f 1748 1779 1780
f 1748 1780 1749
f 1749 1780 1781
f 1749 1781 1750
f 1750 1781 1782
f 1750 1782 1751
f 1751 1782 1783
f 1751 1783 1752
f 1752 1783 1784
f 1752 1784 1753
f 1753 1784 1785
f 1753 1785 1754
f 1754 1785 1786
f 1754 1786 1755
f 1755 1786 1787
f 1755 1787 1756
f 1756 1787 1788
f 1756 1788 1757
f 1757 1788 1789
f 1757 1789 1758
f 1758 1789 1790
f 1758 1790 1759
f 1759 1790 1791
f 1759 1791 1760
f 1760 1791 1792
f 1760 1792 1761
f 1761 1792 1793
f 1761 1793 1762
f 1762 1793 1794
f 1762 1794 1763
f 1763 1794 1795
f 1763 1795 1764
f 1764 1795 1796
f 1764 1796 1765
f 1765 1796 1797
f 1765 1797 1766
f 1766 1797 1798
f 1766 1798 1767
f 1768 1799 1800
f 1768 1800 1769
f 1769 1800 1801
f 1769 1801 1770
f 1770 1801 1802
f 1770 1802 1771
f 1771 1802 1803
f 1771 1803 1772
f 1772 1803 1804
f 1772 1804 1773
f 1773 1804 1805
f 1773 1805 1774
f 1774 1805 1806
f 1774 1806 1775
f 1775 1806 1807
f 1775 1807 1776
f 1776 1807 1808
f 1776 1808 1777
f 1777 1808 1809
f 1777 1809 1778
f 1778 1809 1810
f 1778 1810 1779
f 1779 1810 1811
f 1779 1811 1780
f 1780 1811 1812
f 1780 1812 1781
f 1781 1812 1813
f 1781 1813 1782
f 1782 1813 1814
f 1782 1814 1783
f 1783 1814 1815
f 1783 1815 1784
f 1784 1815 1816
f 1784 1816 1785
f 1785 1816 1817
f 1785 1817 1786
f 1786 1817 1818
f 1786 1818 1787
f 1787 1818 1819
f 1787 1819 1788
f 1788 1819 1820
f 1788 1820 1789
f 1789 1820 1821
f 1789 1821 1790
f 1790 1821 1822
f 1790 1822 1791
f 1791 1822 1823
f 1791 1823 1792
f 1792 1823 1824
f 1792 1824 1793
f 1793 1824 1825
f 1793 1825 1794
f 1794 1825 1826
f 1794 1826 1795
f 1795 1826 1827
f 1795 1827 1796
f 1796 1827 1828
f 1796 1828 1797
f 1797 1828 1829
f 1797 1829 1798
f 1799 1830 1831
f 1799 1831 1800
f 1800 1831 1832
f 1800 1832 1801
f 1801 1832 1833
f 1801 1833 1802
f 1802 1833 1834
f 1802 1834 1803
f 1803 1834 1835
f 1803 1835 1804
f 1804 1835 1836
f 1804 1836 1805
f 1805 1836 1837
f 1805 1837 1806
f 1806 1837 1838
f 1806 1838 1807
f 1807 1838 1839
f 1807 1839 1808
f 1808 1839 1840
f 1808 1840 1809
f 1809 1840 1841
f 1809 1841 1810
f 1810 1841 1842
f 1810 1842 1811
f 1811 1842 1843
f 1811 1843 1812
f 1812 1843 1844
f 1812 1844 1813
f 1813 1844 1845
f 1813 1845 1814
f 1814 1845 1846
f 1814 1846 1815
f 1815 1846 1847
f 1815 1847 1816
f 1816 1847 1848
f 1816 1848 1817
f 1817 1848 1849
f 1817 1849 1818
f 1818 1849 1850
f 1818 1850 1819
f 1819 1850 1851
f 1819 1851 1820
f 1820 1851 1852
f 1820 1852 1821
f 1821 1852 1853
f 1821 1853 1822
f 1822 1853 1854
f 1822 1854 1823
f 1823 1854 1855
f 1823 1855 1824
f 1824 1855 1856
f 1824 1856 1825
f 1825 1856 1857
f 1825 1857 1826
f 1826 1857 1858
f 1826 1858 1827
f 1827 1858 1859
f 1827 1859 1828
f 1828 1859 1860
f 1828 1860 1829
f 1830 1861 1862
f 1830 1862 1831
f 1831 1862 1863
f 1831 1863 1832
f 1832 1863 1864
f 1832 1864 1833
f 1833 1864 1865
f 1833 1865 1834
f 1834 1865 1866
f 1834 1866 1835
f 1835 1866 1867
f 1835 1867 1836
f 1836 1867 1868
f 1836 1868 1837
f 1837 1868 1869
f 1837 1869 1838
f 1838 1869 1870
f 1838 1870 1839
f 1839 1870 1871
f 1839 1871 1840
f 1840 1871 1872
f 1840 1872 1841
f 1841 1872 1873
f 1841 1873 1842
f 1842 1873 1874
f 1842 1874 1843
f 1843 1874 1875
f 1843 1875 1844
f 1844 1875 1876
f 1844 1876 1845
f 1845 1876 1877
f 1845 1877 1846
f 1846 1877 1878
f 1846 1878 1847
f 1847 1878 1879
f 1847 1879 1848
f 1848 1879 1880
f 1848 1880 1849
f 1849 1880 1881
f 1849 1881 1850
f 1850 1881 1882
f 1850 1882 1851
f 1851 1882 1883
f 1851 1883 1852
f 1852 1883 1884
f 1852 1884 1853
f 1853 1884 1885
f 1853 1885 1854
f 1854 1885 1886
f 1854 1886 1855
f 1855 1886 1887
f 1855 1887 1856
f 1856 1887 1888
f 1856 1888 1857
f 1857 1888 1889
f 1857 1889 1858
f 1858 1889 1890
f 1858 1890 1859
f 1859 1890 1891
f 1859 1891 1860
f 1861 1892 1893
f 1861 1893 1862
f 1862 1893 1894
f 1862 1894 1863
f 1863 1894 1895
f 1863 1895 1864
f 1864 1895 1896
f 1864 1896 1865
f 1865 1896 1897
f 1865 1897 1866
f 1866 1897 1898
f 1866 1898 1867
f 1867 1898 1899
f 1867 1899 1868
f 1868 1899 1900
f 1868 1900 1869
f 1869 1900 1901
f 1869 1901 1870
f 1870 1901 1902
f 1870 1902 1871
f 1871 1902 1903
f 1871 1903 1872
f 1872 1903 1904
f 1872 1904 1873
f 1873 1904 1905
f 1873 1905 1874
f 1874 1905 1906
f 1874 1906 1875
f 1875 1906 1907
f 1875 1907 1876
f 1876 1907 1908
f 1876 1908 1877
f 1877 1908 1909
f 1877 1909 1878
f 1878 1909 1910
f 1878 1910 1879
f 1879 1910 1911
f 1879 1911 1880
f 1880 1911 1912
f 1880 1912 1881
f 1881 1912 1913
f 1881 1913 1882
f 1882 1913 1914
f 1882 1914 1883
f 1883 1914 1915
f 1883 1915 1884
f 1884 1915 1916
f 1884 1916 1885
f 1885 1916 1917
f 1885 1917 1886
f 1886 1917 1918
f 1886 1918 1887
f 1887 1918 1919
f 1887 1919 1888
f 1888 1919 1920
f 1888 1920 1889
f 1889 1920 1921
f 1889 1921 1890
f 1890 1921 1922
f 1890 1922 1891
f 1892 1923 1924
f 1892 1924 1893
f 1893 1924 1925
f 1893 1925 1894
f 1894 1925 1926
f 1894 1926 1895
f 1895 1926 1927
f 1895 1927 1896
f 1896 1927 1928
f 1896 1928 1897
f 1897 1928 1929
f 1897 1929 1898
f 1898 1929 1930
f 1898 1930 1899
f 1899 1930 1931
f 1899 1931 1900
f 1900 1931 1932
f 1900 1932 1901
f 1901 1932 1933
f 1901 1933 1902
f 1902 1933 1934
f 1902 1934 1903
f 1903 1934 1935
f 1903 1935 1904
f 1904 1935 1936
f 1904 1936 1905
f 1905 1936 1937
f 1905 1937 1906
f 1906 1937 1938
f 1906 1938 1907
f 1907 1938 1939
f 1907 1939 1908
f 1908 1939 1940
f 1908 1940 1909
f 1909 1940 1941
f 1909 1941 1910
f 1910 1941 1942
f 1910 1942 1911
f 1911 1942 1943
f 1911 1943 1912
f 1912 1943 1944
f 1912 1944 1913
f 1913 1944 1945
f 1913 1945 1914
f 1914 1945 1946
f 1914 1946 1915
f 1915 1946 1947
f 1915 1947 1916
f 1916 1947 1948
f 1916 1948 1917
f 1917 1948 1949
f 1917 1949 1918
f 1918 1949 1950
f 1918 1950 1919
f 1919 1950 1951
f 1919 1951 1920
f 1920 1951 1952
f 1920 1952 1921
f 1921 1952 1953
f 1921 1953 1922
f 1923 1954 1955
f 1923 1955 1924
f 1924 1955 1956
f 1924 1956 1925
f 1925 1956 1957
f 1925 1957 1926
f 1926 1957 1958
f 1926 1958 1927
f 1927 1958 1959
f 1927 1959 1928
f 1928 1959 1960
f 1928 1960 1929
f 1929 1960 1961
f 1929 1961 1930
f 1930 1961 1962
f 1930 1962 1931
f 1931 1962 1963
f 1931 1963 1932
f 1932 1963 1964
f 1932 1964 1933
f 1933 1964 1965
f 1933 1965 1934
f 1934 1965 1966
f 1934 1966 1935
f 1935 1966 1967
f 1935 1967 1936
f 1936 1967 1968
f 1936 1968 1937
f 1937 1968 1969
f 1937 1969 1938
f 1938 1969 1970
f 1938 1970 1939
f 1939 1970 1971
f 1939 1971 1940
f 1940 1971 1972
f 1940 1972 1941
f 1941 1972 1973
f 1941 1973 1942
f 1942 1973 1974
f 1942 1974 1943
f 1943 1974 1975
f 1943 1975 1944
f 1944 1975 1976
f 1944 1976 1945
f 1945 1976 1977
f 1945 1977 1946
f 1946 1977 1978
f 1946 1978 1947
f 1947 1978 1979
f 1947 1979 1948
f 1948 1979 1980
f 1948 1980 1949
f 1949 1980 1981
f 1949 1981 1950
f 1950 1981 1982
f 1950 1982 1951
f 1951 1982 1983
f 1951 1983 1952
f 1952 1983 1984
f 1952 1984 1953
f 1954 1985 1986
f 1954 1986 1955
f 1955 1986 1987
f 1955 1987 1956
f 1956 1987 1988
f 1956 1988 1957
f 1957 1988 1989
f 1957 1989 1958
f 1958 1989 1990
f 1958 1990 1959
f 1959 1990 1991
f 1959 1991 1960
f 1960 1991 1992
f 1960 1992 1961
f 1961 1992 1993
f 1961 1993 1962
f 1962 1993 1994
f 1962 1994 1963
f 1963 1994 1995
f 1963 1995 1964
f 1964 1995 1996
f 1964 1996 1965
f 1965 1996 1997
f 1965 1997 1966
f 1966 1997 1998
f 1966 1998 1967
f 1967 1998 1999
f 1967 1999 1968
f 1968 1999 2000
f 1968 2000 1969
f 1969 2000 2001
f 1969 2001 1970
f 1970 2001 2002
f 1970 2002 1971
f 1971 2002 2003
f 1971 2003 1972
f 1972 2003 2004
f 1972 2004 1973
f 1973 2004 2005
f 1973 2005 1974
f 1974 2005 2006
f 1974 2006 1975
f 1975 2006 2007
f 1975 2007 1976
f 1976 2007 2008
f 1976 2008 1977
f 1977 2008 2009
f 1977 2009 1978
f 1978 2009 2010
f 1978 2010 1979
f 1979 2010 2011
f 1979 2011 1980
f 1980 2011 2012
f 1980 2012 1981
f 1981 2012 2013
f 1981 2013 1982
f 1982 2013 2014
f 1982 2014 1983
f 1983 2014 2015
f 1983 2015 1984
f 1985 2016 2017
f 1985 2017 1986
f 1986 2017 2018
f 1986 2018 1987
f 1987 2018 2019
f 1987 2019 1988
f 1988 2019 2020
f 1988 2020 1989
f 1989 2020 2021
f 1989 2021 1990
f 1990 2021 2022
f 1990 2022 1991
f 1991 2022 2023
f 1991 2023 1992
f 1992 2023 2024
f 1992 2024 1993
f 1993 2024 2025
f 1993 2025 1994
f 1994 2025 2026
f 1994 2026 1995
f 1995 2026 2027
f 1995 2027 1996
f 1996 2027 2028
f 1996 2028 1997
f 1997 2028 2029
f 1997 2029 1998
f 1998 2029 2030
f 1998 2030 1999
f 1999 2030 2031
f 1999 2031 2000
f 2000 2031 2032
f 2000 2032 2001
f 2001 2032 2033
f 2001 2033 2002
f 2002 2033 2034
f 2002 2034 2003
f 2003 2034 2035
f 2003 2035 2004
f 2004 2035 2036
f 2004 2036 2005
f 2005 2036 2037
f 2005 2037 2006
f 2006 2037 2038
f 2006 2038 2007
f 2007 2038 2039
f 2007 2039 2008
f 2008 2039 2040
f 2008 2040 2009
f 2009 2040 2041
f 2009 2041 2010
f 2010 2041 2042
f 2010 2042 2011
f 2011 2042 2043
f 2011 2043 2012
f 2012 2043 2044
f 2012 2044 2013
f 2013 2044 2045
f 2013 2045 2014
f 2014 2045 2046
f 2014 2046 2015
f 2016 2047 2048
f 2016 2048 2017
f 2017 2048 2049
f 2017 2049 2018
f 2018 2049 2050
f 2018 2050 2019
f 2019 2050 2051
f 2019 2051 2020
f 2020 2051 2052
f 2020 2052 2021
f 2021 2052 2053
f 2021 2053 2022
f 2022 2053 2054
f 2022 2054 2023
f 2023 2054 2055
f 2023 2055 2024
f 2024 2055 2056
f 2024 2056 2025
f 2025 2056 2057
f 2025 2057 2026
f 2026 2057 2058
f 2026 2058 2027
f 2027 2058 2059
f 2027 2059 2028
f 2028 2059 2060
f 2028 2060 2029
f 2029 2060 2061
f 2029 2061 2030
f 2030 2061 2062
f 2030 2062 2031
f 2031 2062 2063
f 2031 2063 2032
f 2032 2063 2064
f 2032 2064 2033
f 2033 2064 2065
f 2033 2065 2034
f 2034 2065 2066
f 2034 2066 2035
f 2035 2066 2067
f 2035 2067 2036
f 2036 2067 2068
f 2036 2068 2037
f 2037 2068 2069
f 2037 2069 2038
f 2038 2069 2070
f 2038 2070 2039
f 2039 2070 2071
f 2039 2071 2040
f 2040 2071 2072
f 2040 2072 2041
f 2041 2072 2073
f 2041 2073 2042
f 2042 2073 2074
f 2042 2074 2043
f 2043 2074 2075
f 2043 2075 2044
f 2044 2075 2076
f 2044 2076 2045
f 2045 2076 2077
f 2045 2077 2046
f 2047 2078 2079
f 2047 2079 2048
f 2048 2079 2080
f 2048 2080 2049
f 2049 2080 2081
f 2049 2081 2050
f 2050 2081 2082
f 2050 2082 2051
f 2051 2082 2083
f 2051 2083 2052
f 2052 2083 2084
f 2052 2084 2053
f 2053 2084 2085
f 2053 2085 2054
f 2054 2085 2086
f 2054 2086 2055
f 2055 2086 2087
f 2055 2087 2056
f 2056 2087 2088
f 2056 2088 2057
f 2057 2088 2089
f 2057 2089 2058
f 2058 2089 2090
f 2058 2090 2059
f 2059 2090 2091
f 2059 2091 2060
f 2060 2091 2092
f 2060 2092 2061
f 2061 2092 2093
f 2061 2093 2062
f 2062 2093 2094
f 2062 2094 2063
f 2063 2094 2095
f 2063 2095 2064
f 2064 2095 2096
f 2064 2096 2065
f 2065 2096 2097
f 2065 2097 2066
f 2066 2097 2098
f 2066 2098 2067
f 2067 2098 2099
f 2067 2099 2068
f 2068 2099 2100
f 2068 2100 2069
f 2069 2100 2101
f 2069 2101 2070
f 2070 2101 2102
f 2070 2102 2071
f 2071 2102 2103
f 2071 2103 2072
f 2072 2103 2104
f 2072 2104 2073
f 2073 2104 2105
f 2073 2105 2074
f 2074 2105 2106
f 2074 2106 2075
f 2075 2106 2107
f 2075 2107 2076
f 2076 2107 2108
f 2076 2108 2077
f 2078 2109 2110
f 2078 2110 2079
f 2079 2110 2111
f 2079 2111 2080
f 2080 2111 2112
f 2080 2112 2081
f 2081 2112 2113
f 2081 2113 2082
f 2082 2113 2114
f 2082 2114 2083
f 2083 2114 2115
f 2083 2115 2084
f 2084 2115 2116
f 2084 2116 2085
f 2085 2116 2117
f 2085 2117 2086
f 2086 2117 2118
f 2086 2118 2087
f 2087 2118 2119
f 2087 2119 2088
f 2088 2119 2120
f 2088 2120 2089
f 2089 2120 2121
f 2089 2121 2090
f 2090 2121 2122
f 2090 2122 2091
f 2091 2122 2123
f 2091 2123 2092
f 2092 2123 2124
f 2092 2124 2093
f 2093 2124 2125
f 2093 2125 2094
f 2094 2125 2126
f 2094 2126 2095
f 2095 2126 2127
f 2095 2127 2096
f 2096 2127 2128
f 2096 2128 2097
f 2097 2128 2129
f 2097 2129 2098
f 2098 2129 2130
f 2098 2130 2099
f 2099 2130 2131
f 2099 2131 2100
f 2100 2131 2132
f 2100 2132 2101
f 2101 2132 2133
f 2101 2133 2102
f 2102 2133 2134
f 2102 2134 2103
f 2103 2134 2135
f 2103 2135 2104
f 2104 2135 2136
f 2104 2136 2105
f 2105 2136 2137
f 2105 2137 2106
f 2106 2137 2138
f 2106 2138 2107
f 2107 2138 2139
f 2107 2139 2108
f 2109 2140 2141
f 2109 2141 2110
f 2110 2141 2142
f 2110 2142 2111
f 2111 2142 2143
f 2111 2143 2112
f 2112 2143 2144
f 2112 2144 2113
f 2113 2144 2145
f 2113 2145 2114
f 2114 2145 2146
f 2114 2146 2115
f 2115 2146 2147
f 2115 2147 2116
f 2116 2147 2148
f 2116 2148 2117
f 2117 2148 2149
f 2117 2149 2118
f 2118 2149 2150
f 2118 2150 2119
f 2119 2150 2151
f 2119 2151 2120
f 2120 2151 2152
f 2120 2152 2121
f 2121 2152 2153
f 2121 2153 2122
f 2122 2153 2154
f 2122 2154 2123
f 2123 2154 2155
f 2123 2155 2124
f 2124 2155 2156
f 2124 2156 2125
f 2125 2156 2157
f 2125 2157 2126
f 2126 2157 2158
f 2126 2158 2127
f 2127 2158 2159
f 2127 2159 2128
f 2128 2159 2160
f 2128 2160 2129
f 2129 2160 2161
f 2129 2161 2130
f 2130 2161 2162
f 2130 2162 2131
f 2131 2162 2163
f 2131 2163 2132
f 2132 2163 2164
f 2132 2164 2133
f 2133 2164 2165
f 2133 2165 2134
f 2134 2165 2166
f 2134 2166 2135
f 2135 2166 2167
f 2135 2167 2136
f 2136 2167 2168
f 2136 2168 2137
f 2137 2168 2169
f 2137 2169 2138
f 2138 2169 2170
f 2138 2170 2139
f 2140 2171 2172
f 2140 2172 2141
f 2141 2172 2173
f 2141 2173 2142
f 2142 2173 2174
f 2142 2174 2143
f 2143 2174 2175
f 2143 2175 2144
f 2144 2175 2176
f 2144 2176 2145
f 2145 2176 2177
f 2145 2177 2146
f 2146 2177 2178
f 2146 2178 2147
f 2147 2178 2179
f 2147 2179 2148
f 2148 2179 2180
f 2148 2180 2149
f 2149 2180 2181
f 2149 2181 2150
f 2150 2181 2182
f 2150 2182 2151
f 2151 2182 2183
f 2151 2183 2152
f 2152 2183 2184
f 2152 2184 2153
f 2153 2184 2185
f 2153 2185 2154
f 2154 2185 2186
f 2154 2186 2155
f 2155 2186 2187
f 2155 2187 2156
f 2156 2187 2188
f 2156 2188 2157
f 2157 2188 2189
f 2157 2189 2158
f 2158 2189 2190
f 2158 2190 2159
f 2159 2190 2191
f 2159 2191 2160
f 2160 2191 2192
f 2160 2192 2161
f 2161 2192 2193
f 2161 2193 2162
f 2162 2193 2194
f 2162 2194 2163
f 2163 2194 2195
f 2163 2195 2164
f 2164 2195 2196
f 2164 2196 2165
f 2165 2196 2197
f 2165 2197 2166
f 2166 2197 2198
f 2166 2198 2167
f 2167 2198 2199
f 2167 2199 2168
f 2168 2199 2200
f 2168 2200 2169
f 2169 2200 2201
f 2169 2201 2170
f 2171 2202 2203
f 2171 2203 2172
f 2172 2203 2204
f 2172 2204 2173
f 2173 2204 2205
f 2173 2205 2174
f 2174 2205 2206
f 2174 2206 2175
f 2175 2206 2207
f 2175 2207 2176
f 2176 2207 2208
f 2176 2208 2177
f 2177 2208 2209
f 2177 2209 2178
f 2178 2209 2210
f 2178 2210 2179
f 2179 2210 2211
f 2179 2211 2180
f 2180 2211 2212
f 2180 2212 2181
f 2181 2212 2213
f 2181 2213 2182
f 2182 2213 2214
f 2182 2214 2183
f 2183 2214 2215
f 2183 2215 2184
f 2184 2215 2216
f 2184 2216 2185
f 2185 2216 2217
f 2185 2217 2186
f 2186 2217 2218
f 2186 2218 2187
f 2187 2218 2219
f 2187 2219 2188
f 2188 2219 2220
f 2188 2220 2189
f 2189 2220 2221
f 2189 2221 2190
f 2190 2221 2222
f 2190 2222 2191
f 2191 2222 2223
f 2191 2223 2192
f 2192 2223 2224
f 2192 2224 2193
f 2193 2224 2225
f 2193 2225 2194
f 2194 2225 2226
f 2194 2226 2195
f 2195 2226 2227
f 2195 2227 2196
f 2196 2227 2228
f 2196 2228 2197
f 2197 2228 2229
f 2197 2229 2198
f 2198 2229 2230
f 2198 2230 2199
f 2199 2230 2231
f 2199 2231 2200
f 2200 2231 2232
f 2200 2232 2201
f 2202 2233 2234
f 2202 2234 2203
f 2203 2234 2235
f 2203 2235 2204
f 2204 2235 2236
f 2204 2236 2205
f 2205 2236 2237
f 2205 2237 2206
f 2206 2237 2238
f 2206 2238 2207
f 2207 2238 2239
f 2207 2239 2208
f 2208 2239 2240
f 2208 2240 2209
f 2209 2240 2241
f 2209 2241 2210
f 2210 2241 2242
f 2210 2242 2211
f 2211 2242 2243
f 2211 2243 2212
f 2212 2243 2244
f 2212 2244 2213
f 2213 2244 2245
f 2213 2245 2214
f 2214 2245 2246
f 2214 2246 2215
f 2215 2246 2247
f 2215 2247 2216
f 2216 2247 2248
f 2216 2248 2217
f 2217 2248 2249
f 2217 2249 2218
f 2218 2249 2250
f 2218 2250 2219
f 2219 2250 2251
f 2219 2251 2220
f 2220 2251 2252
f 2220 2252 2221
f 2221 2252 2253
f 2221 2253 2222
f 2222 2253 2254
f 2222 2254 2223
f 2223 2254 2255
f 2223 2255 2224
f 2224 2255 2256
f 2224 2256 2225
f 2225 2256 2257
f 2225 2257 2226
f 2226 2257 2258
f 2226 2258 2227
f 2227 2258 2259
f 2227 2259 2228
f 2228 2259 2260
f 2228 2260 2229
f 2229 2260 2261
f 2229 2261 2230
f 2230 2261 2262
f 2230 2262 2231
f 2231 2262 2263
f 2231 2263 2232
f 2233 2264 2265
f 2233 2265 2234
f 2234 2265 2266
f 2234 2266 2235
f 2235 2266 2267
f 2235 2267 2236
f 2236 2267 2268
f 2236 2268 2237
f 2237 2268 2269
f 2237 2269 2238
f 2238 2269 2270
f 2238 2270 2239
f 2239 2270 2271
f 2239 2271 2240
f 2240 2271 2272
f 2240 2272 2241
f 2241 2272 2273
f 2241 2273 2242
f 2242 2273 2274
f 2242 2274 2243
f 2243 2274 2275
f 2243 2275 2244
f 2244 2275 2276
f 2244 2276 2245
f 2245 2276 2277
f 2245 2277 2246
f 2246 2277 2278
f 2246 2278 2247
f 2247 2278 2279
f 2247 2279 2248
f 2248 2279 2280
f 2248 2280 2249
f 2249 2280 2281
f 2249 2281 2250
f 2250 2281 2282
f 2250 2282 2251
f 2251 2282 2283
f 2251 2283 2252
f 2252 2283 2284
f 2252 2284 2253
f 2253 2284 2285
f 2253 2285 2254
f 2254 2285 2286
f 2254 2286 2255
f 2255 2286 2287
f 2255 2287 2256
f 2256 2287 2288
f 2256 2288 2257
f 2257 2288 2289
f 2257 2289 2258
f 2258 2289 2290
f 2258 2290 2259
f 2259 2290 2291
f 2259 2291 2260
f 2260 2291 2292
f 2260 2292 2261
f 2261 2292 2293
f 2261 2293 2262
f 2262 2293 2294
f 2262 2294 2263
f 2264 2295 2296
f 2264 2296 2265
f 2265 2296 2297
f 2265 2297 2266
f 2266 2297 2298
f 2266 2298 2267
f 2267 2298 2299
f 2267 2299 2268
f 2268 2299 2300
f 2268 2300 2269
f 2269 2300 2301
f 2269 2301 2270
f 2270 2301 2302
f 2270 2302 2271
f 2271 2302 2303
f 2271 2303 2272
f 2272 2303 2304
f 2272 2304 2273
f 2273 2304 2305
f 2273 2305 2274
f 2274 2305 2306
f 2274 2306 2275
f 2275 2306 2307
f 2275 2307 2276
f 2276 2307 2308
f 2276 2308 2277
f 2277 2308 2309
f 2277 2309 2278
f 2278 2309 2310
f 2278 2310 2279
f 2279 2310 2311
f 2279 2311 2280
f 2280 2311 2312
f 2280 2312 2281
f 2281 2312 2313
f 2281 2313 2282
f 2282 2313 2314
f 2282 2314 2283
f 2283 2314 2315
f 2283 2315 2284
f 2284 2315 2316
f 2284 2316 2285
f 2285 2316 2317
f 2285 2317 2286
f 2286 2317 2318
f 2286 2318 2287
f 2287 2318 2319
f 2287 2319 2288
f 2288 2319 2320
f 2288 2320 2289
f 2289 2320 2321
f 2289 2321 2290
f 2290 2321 2322
f 2290 2322 2291
f 2291 2322 2323
f 2291 2323 2292
f 2292 2323 2324
f 2292 2324 2293
f 2293 2324 2325
f 2293 2325 2294
f 2295 2326 2327
f 2295 2327 2296
f 2296 2327 2328
f 2296 2328 2297
f 2297 2328 2329
f 2297 2329 2298
f 2298 2329 2330
f 2298 2330 2299
f 2299 2330 2331
f 2299 2331 2300
f 2300 2331 2332
f 2300 2332 2301
f 2301 2332 2333
f 2301 2333 2302
f 2302 2333 2334
f 2302 2334 2303
f 2303 2334 2335
f 2303 2335 2304
f 2304 2335 2336
f 2304 2336 2305
f 2305 2336 2337
f 2305 2337 2306
f 2306 2337 2338
f 2306 2338 2307
f 2307 2338 2339
f 2307 2339 2308
f 2308 2339 2340
f 2308 2340 2309
f 2309 2340 2341
f 2309 2341 2310
f 2310 2341 2342
f 2310 2342 2311
f 2311 2342 2343
f 2311 2343 2312
f 2312 2343 2344
f 2312 2344 2313
f 2313 2344 2345
f 2313 2345 2314
f 2314 2345 2346
f 2314 2346 2315
f 2315 2346 2347
f 2315 2347 2316
f 2316 2347 2348
f 2316 2348 2317
f 2317 2348 2349
f 2317 2349 2318
f 2318 2349 2350
f 2318 2350 2319
f 2319 2350 2351
f 2319 2351 2320
f 2320 2351 2352
f 2320 2352 2321
f 2321 2352 2353
f 2321 2353 2322
f 2322 2353 2354
f 2322 2354 2323
f 2323 2354 2355
f 2323 2355 2324
f 2324 2355 2356
f 2324 2356 2325
f 2326 2357 2358
f 2326 2358 2327
f 2327 2358 2359
f 2327 2359 2328
f 2328 2359 2360
f 2328 2360 2329
f 2329 2360 2361
f 2329 2361 2330
f 2330 2361 2362
f 2330 2362 2331
f 2331 2362 2363
f 2331 2363 2332
f 2332 2363 2364
f 2332 2364 2333
f 2333 2364 2365
f 2333 2365 2334
f 2334 2365 2366
f 2334 2366 2335
f 2335 2366 2367
f 2335 2367 2336
f 2336 2367 2368
f 2336 2368 2337
f 2337 2368 2369
f 2337 2369 2338
f 2338 2369 2370
f 2338 2370 2339
f 2339 2370 2371
f 2339 2371 2340
f 2340 2371 2372
f 2340 2372 2341
f 2341 2372 2373
f 2341 2373 2342
f 2342 2373 2374
f 2342 2374 2343
f 2343 2374 2375
f 2343 2375 2344
f 2344 2375 2376
f 2344 2376 2345
f 2345 2376 2377
f 2345 2377 2346
f 2346 2377 2378
f 2346 2378 2347
f 2347 2378 2379
f 2347 2379 2348
f 2348 2379 2380
f 2348 2380 2349
f 2349 2380 2381
f 2349 2381 2350
f 2350 2381 2382
f 2350 2382 2351
f 2351 2382 2383
f 2351 2383 2352
f 2352 2383 2384
f 2352 2384 2353
f 2353 2384 2385
f 2353 2385 2354
f 2354 2385 2386
f 2354 2386 2355
f 2355 2386 2387
f 2355 2387 2356
f 2357 2388 2389
f 2357 2389 2358
f 2358 2389 2390
f 2358 2390 2359
f 2359 2390 2391
f 2359 2391 2360
f 2360 2391 2392
f 2360 2392 2361
f 2361 2392 2393
f 2361 2393 2362
f 2362 2393 2394
f 2362 2394 2363
f 2363 2394 2395
f 2363 2395 2364
f 2364 2395 2396
f 2364 2396 2365
f 2365 2396 2397
f 2365 2397 2366
f 2366 2397 2398
f 2366 2398 2367
f 2367 2398 2399
f 2367 2399 2368
f 2368 2399 2400
f 2368 2400 2369
f 2369 2400 2401
f 2369 2401 2370
f 2370 2401 2402
f 2370 2402 2371
f 2371 2402 2403
f 2371 2403 2372
f 2372 2403 2404
f 2372 2404 2373
f 2373 2404 2405
f 2373 2405 2374
f 2374 2405 2406
f 2374 2406 2375
f 2375 2406 2407
f 2375 2407 2376
f 2376 2407 2408
f 2376 2408 2377
f 2377 2408 2409
f 2377 2409 2378
f 2378 2409 2410
f 2378 2410 2379
f 2379 2410 2411
f 2379 2411 2380
f 2380 2411 2412
f 2380 2412 2381
f 2381 2412 2413
f 2381 2413 2382
f 2382 2413 2414
f 2382 2414 2383
f 2383 2414 2415
f 2383 2415 2384
f 2384 2415 2416
f 2384 2416 2385
f 2385 2416 2417
f 2385 2417 2386
f 2386 2417 2418
f 2386 2418 2387
f 961 1736 2419
f 961 2419 962
f 962 2419 2420
f 962 2420 963
f 963 2420 2421
f 963 2421 964
f 964 2421 2422
f 964 2422 965
f 965 2422 2423
f 965 2423 966
f 966 2423 2424
f 966 2424 967
f 967 2424 2425
f 967 2425 968
f 968 2425 2426
f 968 2426 969
f 969 2426 2427
f 969 2427 970
f 970 2427 2428
f 970 2428 971
f 971 2428 2429
f 971 2429 972
f 972 2429 2430
f 972 2430 973
f 973 2430 2431
f 973 2431 974
f 974 2431 2432
f 974 2432 975
f 975 2432 2433
f 975 2433 976
f 976 2433 2434
f 976 2434 977
f 977 2434 2435
f 977 2435 978
f 978 2435 2436
f 978 2436 979
f 979 2436 2437
f 979 2437 980
f 980 2437 2438
f 980 2438 981
f 981 2438 2439
f 981 2439 982
f 982 2439 2440
f 982 2440 983
f 983 2440 2441
f 983 2441 984
f 984 2441 2442
f 984 2442 985
f 985 2442 2443
f 985 2443 986
f 986 2443 2444
f 986 2444 987
f 987 2444 2445
f 987 2445 988
f 988 2445 2446
f 988 2446 989
f 989 2446 2447
f 989 2447 990
f 990 2447 2448
f 990 2448 991
f 991 2448 1683
f 991 1683 992
f 1736 1767 2449
f 1736 2449 2419
f 2419 2449 2450
f 2419 2450 2420
f 2420 2450 2451
f 2420 2451 2421
f 2421 2451 2452
f 2421 2452 2422
f 2422 2452 2453
f 2422 2453 2423
f 2423 2453 2454
f 2423 2454 2424
f 2424 2454 2455
f 2424 2455 2425
f 2425 2455 2456
f 2425 2456 2426
f 2426 2456 2457
f 2426 2457 2427
f 2427 2457 2458
f 2427 2458 2428
f 2428 2458 2459
f 2428 2459 2429
f 2429 2459 2460
f 2429 2460 2430
f 2430 2460 2461
f 2430 2461 2431
f 2431 2461 2462
f 2431 2462 2432
f 2432 2462 2463
f 2432 2463 2433
f 2433 2463 2464
f 2433 2464 2434
f 2434 2464 2465
f 2434 2465 2435
f 2435 2465 2466
f 2435 2466 2436
f 2436 2466 2467
f 2436 2467 2437
f 2437 2467 2468
f 2437 2468 2438
f 2438 2468 2469
f 2438 2469 2439
f 2439 2469 2470
f 2439 2470 2440
f 2440 2470 2471
f 2440 2471 2441
f 2441 2471 2472
f 2441 2472 2442
f 2442 2472 2473
f 2442 2473 2443
f 2443 2473 2474
f 2443 2474 2444
f 2444 2474 2475
f 2444 2475 2445
f 2445 2475 2476
f 2445 2476 2446
f 2446 2476 2477
f 2446 2477 2447
f 2447 2477 2478
f 2447 2478 2448
f 2448 2478 1684
f 2448 1684 1683
f 1767 1798 2479
f 1767 2479 2449
f 2449 2479 2480
f 2449 2480 2450
f 2450 2480 2481
f 2450 2481 2451
f 2451 2481 2482
f 2451 2482 2452
f 2452 2482 2483
f 2452 2483 2453
f 2453 2483 2484
f 2453 2484 2454
f 2454 2484 2485
f 2454 2485 2455
f 2455 2485 2486
f 2455 2486 2456
f 2456 2486 2487
f 2456 2487 2457
f 2457 2487 2488
f 2457 2488 2458
f 2458 2488 2489
f 2458 2489 2459
f 2459 2489 2490
f 2459 2490 2460
f 2460 2490 2491
f 2460 2491 2461
f 2461 2491 2492
f 2461 2492 2462
f 2462 2492 2493
f 2462 2493 2463
f 2463 2493 2494
f 2463 2494 2464
f 2464 2494 2495
f 2464 2495 2465
f 2465 2495 2496
f 2465 2496 2466
f 2466 2496 2497
f 2466 2497 2467
f 2467 2497 2498
f 2467 2498 2468
f 2468 2498 2499
f 2468 2499 2469
f 2469 2499 2500
f 2469 2500 2470
f 2470 2500 2501
f 2470 2501 2471
f 2471 2501 2502
f 2471 2502 2472
f 2472 2502 2503
f 2472 2503 2473
f 2473 2503 2504
f 2473 2504 2474
f 2474 2504 2505
f 2474 2505 2475
f 2475 2505 2506
f 2475 2506 2476
f 2476 2506 2507
f 2476 2507 2477
f 2477 2507 2508
f 2477 2508 2478
f 2478 2508 1685
f 2478 1685 1684
f 1798 1829 2509
f 1798 2509 2479
f 2479 2509 2510
f 2479 2510 2480
f 2480 2510 2511
f 2480 2511 2481
f 2481 2511 2512
f 2481 2512 2482
f 2482 2512 2513
f 2482 2513 2483
f 2483 2513 2514
f 2483 2514 2484
f 2484 2514 2515
f 2484 2515 2485
f 2485 2515 2516
f 2485 2516 2486
f 2486 2516 2517
f 2486 2517 2487
f 2487 2517 2518
f 2487 2518 2488
f 2488 2518 2519
f 2488 2519 2489
f 2489 2519 2520
f 2489 2520 2490
f 2490 2520 2521
f 2490 2521 2491
f 2491 2521 2522
f 2491 2522 2492
f 2492 2522 2523
f 2492 2523 2493
f 2493 2523 2524
f 2493 2524 2494
f 2494 2524 2525
f 2494 2525 2495
f 2495 2525 2526
f 2495 2526 2496
f 2496 2526 2527
f 2496 2527 2497
f 2497 2527 2528
f 2497 2528 2498
f 2498 2528 2529
f 2498 2529 2499
f 2499 2529 2530
f 2499 2530 2500
f 2500 2530 2531
f 2500 2531 2501
f 2501 2531 2532
f 2501 2532 2502
f 2502 2532 2533
f 2502 2533 2503
f 2503 2533 2534
f 2503 2534 2504
f 2504 2534 2535
f 2504 2535 2505
f 2505 2535 2536
f 2505 2536 2506
f 2506 2536 2537
f 2506 2537 2507
f 2507 2537 2538
f 2507 2538 2508
f 2508 2538 1686
f 2508 1686 1685
f 1829 1860 2539
f 1829 2539 2509
f 2509 2539 2540
f 2509 2540 2510
f 2510 2540 2541
f 2510 2541 2511
f 2511 2541 2542
f 2511 2542 2512
f 2512 2542 2543
f 2512 2543 2513
f 2513 2543 2544
f 2513 2544 2514
f 2514 2544 2545
f 2514 2545 2515
f 2515 2545 2546
f 2515 2546 2516
f 2516 2546 2547
f 2516 2547 2517
f 2517 2547 2548
f 2517 2548 2518
f 2518 2548 2549
f 2518 2549 2519
f 2519 2549 2550
f 2519 2550 2520
f 2520 2550 2551
f 2520 2551 2521
f 2521 2551 2552
f 2521 2552 2522
f 2522 2552 2553
f 2522 2553 2523
f 2523 2553 2554
f 2523 2554 2524
f 2524 2554 2555
f 2524 2555 2525
f 2525 2555 2556
f 2525 2556 2526
f 2526 2556 2557
f 2526 2557 2527
f 2527 2557 2558
f 2527 2558 2528
f 2528 2558 2559
f 2528 2559 2529
f 2529 2559 2560
f 2529 2560 2530
f 2530 2560 2561
f 2530 2561 2531
f 2531 2561 2562
f 2531 2562 2532
f 2532 2562 2563
f 2532 2563 2533
f 2533 2563 2564
f 2533 2564 2534
f 2534 2564 2565
f 2534 2565 2535
f 2535 2565 2566
f 2535 2566 2536
f 2536 2566 2567
f 2536 2567 2537
f 2537 2567 2568
f 2537 2568 2538
f 2538 2568 1687
f 2538 1687 1686
f 1860 1891 2569
f 1860 2569 2539
f 2539 2569 2570
f 2539 2570 2540
f 2540 2570 2571
f 2540 2571 2541
f 2541 2571 2572
f 2541 2572 2542
f 2542 2572 2573
f 2542 2573 2543
f 2543 2573 2574
f 2543 2574 2544
f 2544 2574 2575
f 2544 2575 2545
f 2545 2575 2576
f 2545 2576 2546
f 2546 2576 2577
f 2546 2577 2547
f 2547 2577 2578
f 2547 2578 2548
f 2548 2578 2579
f 2548 2579 2549
f 2549 2579 2580
f 2549 2580 2550
f 2550 2580 2581
f 2550 2581 2551
f 2551 2581 2582
f 2551 2582 2552
f 2552 2582 2583
f 2552 2583 2553
f 2553 2583 2584
f 2553 2584 2554
f 2554 2584 2585
f 2554 2585 2555
f 2555 2585 2586
f 2555 2586 2556
f 2556 2586 2587
f 2556 2587 2557
f 2557 2587 2588
f 2557 2588 2558
f 2558 2588 2589
f 2558 2589 2559
f 2559 2589 2590
f 2559 2590 2560
f 2560 2590 2591
f 2560 2591 2561
f 2561 2591 2592
f 2561 2592 2562
f 2562 2592 2593
f 2562 2593 2563
f 2563 2593 2594
f 2563 2594 2564
f 2564 2594 2595
f 2564 2595 2565
f 2565 2595 2596
f 2565 2596 2566
f 2566 2596 2597
f 2566 2597 2567
f 2567 2597 2598
f 2567 2598 2568
f 2568 2598 1688
f 2568 1688 1687
f 1891 1922 2599
f 1891 2599 2569
f 2569 2599 2600
f 2569 2600 2570
f 2570 2600 2601
f 2570 2601 2571
f 2571 2601 2602
f 2571 2602 2572
f 2572 2602 2603
f 2572 2603 2573
f 2573 2603 2604
f 2573 2604 2574
f 2574 2604 2605
f 2574 2605 2575
f 2575 2605 2606
f 2575 2606 2576
f 2576 2606 2607
f 2576 2607 2577
f 2577 2607 2608
f 2577 2608 2578
f 2578 2608 2609
f 2578 2609 2579
f 2579 2609 2610
f 2579 2610 2580
f 2580 2610 2611
f 2580 2611 2581
f 2581 2611 2612
f 2581 2612 2582
f 2582 2612 2613
f 2582 2613 2583
f 2583 2613 2614
f 2583 2614 2584
f 2584 2614 2615
f 2584 2615 2585
f 2585 2615 2616
f 2585 2616 2586
f 2586 2616 2617
f 2586 2617 2587
f 2587 2617 2618
f 2587 2618 2588
f 2588 2618 2619
f 2588 2619 2589
f 2589 2619 2620
f 2589 2620 2590
f 2590 2620 2621
f 2590 2621 2591
f 2591 2621 2622
f 2591 2622 2592
f 2592 2622 2623
f 2592 2623 2593
f 2593 2623 2624
f 2593 2624 2594
f 2594 2624 2625
f 2594 2625 2595
f 2595 2625 2626
f 2595 2626 2596
f 2596 2626 2627
f 2596 2627 2597
f 2597 2627 2628
f 2597 2628 2598
f 2598 2628 1689
f 2598 1689 1688
f 1922 1953 2629
f 1922 2629 2599
f 2599 2629 2630
f 2599 2630 2600
f 2600 2630 2631
f 2600 2631 2601
f 2601 2631 2632
f 2601 2632 2602
f 2602 2632 2633
f 2602 2633 2603
f 2603 2633 2634
f 2603 2634 2604
f 2604 2634 2635
f 2604 2635 2605
f 2605 2635 2636
f 2605 2636 2606
f 2606 2636 2637
f 2606 2637 2607
f 2607 2637 2638
f 2607 2638 2608
f 2608 2638 2639
f 2608 2639 2609
f 2609 2639 2640
f 2609 2640 2610
f 2610 2640 2641
f 2610 2641 2611
f 2611 2641 2642
f 2611 2642 2612
f 2612 2642 2643
f 2612 2643 2613
f 2613 2643 2644
f 2613 2644 2614
f 2614 2644 2645
f 2614 2645 2615
f 2615 2645 2646
f 2615 2646 2616
f 2616 2646 2647
f 2616 2647 2617
f 2617 2647 2648
f 2617 2648 2618
f 2618 2648 2649
f 2618 2649 2619
f 2619 2649 2650
f 2619 2650 2620
f 2620 2650 2651
f 2620 2651 2621
f 2621 2651 2652
f 2621 2652 2622
f 2622 2652 2653
f 2622 2653 2623
f 2623 2653 2654
f 2623 2654 2624
f 2624 2654 2655
f 2624 2655 2625
f 2625 2655 2656
f 2625 2656 2626
f 2626 2656 2657
f 2626 2657 2627
f 2627 2657 2658
f 2627 2658 2628
f 2628 2658 1690
f 2628 1690 1689
f 1953 1984 2659
f 1953 2659 2629
f 2629 2659 2660
f 2629 2660 2630
f 2630 2660 2661
f 2630 2661 2631
f 2631 2661 2662
f 2631 2662 2632
f 2632 2662 2663
f 2632 2663 2633
f 2633 2663 2664
f 2633 2664 2634
f 2634 2664 2665
f 2634 2665 2635
f 2635 2665 2666
f 2635 2666 2636
f 2636 2666 2667
f 2636 2667 2637
f 2637 2667 2668
f 2637 2668 2638
f 2638 2668 2669
f 2638 2669 2639
f 2639 2669 2670
f 2639 2670 2640
f 2640 2670 2671
f 2640 2671 2641
f 2641 2671 2672
f 2641 2672 2642
f 2642 2672 2673
f 2642 2673 2643
f 2643 2673 2674
f 2643 2674 2644
f 2644 2674 2675
f 2644 2675 2645
f 2645 2675 2676
f 2645 2676 2646
f 2646 2676 2677
f 2646 2677 2647
f 2647 2677 2678
f 2647 2678 2648
f 2648 2678 2679
f 2648 2679 2649
f 2649 2679 2680
f 2649 2680 2650
f 2650 2680 2681
f 2650 2681 2651
f 2651 2681 2682
f 2651 2682 2652
f 2652 2682 2683
f 2652 2683 2653
f 2653 2683 2684
f 2653 2684 2654
f 2654 2684 2685
f 2654 2685 2655
f 2655 2685 2686
f 2655 2686 2656
f 2656 2686 2687
f 2656 2687 2657
f 2657 2687 2688
f 2657 2688 2658
f 2658 2688 1691
f 2658 1691 1690
f 1984 2015 2689
f 1984 2689 2659
f 2659 2689 2690
f 2659 2690 2660
f 2660 2690 2691
f 2660 2691 2661
f 2661 2691 2692
f 2661 2692 2662
f 2662 2692 2693
f 2662 2693 2663
f 2663 2693 2694
f 2663 2694 2664
f 2664 2694 2695
f 2664 2695 2665
f 2665 2695 2696
f 2665 2696 2666
f 2666 2696 2697
f 2666 2697 2667
f 2667 2697 2698
f 2667 2698 2668
f 2668 2698 2699
f 2668 2699 2669
f 2669 2699 2700
f 2669 2700 2670
f 2670 2700 2701
f 2670 2701 2671
f 2671 2701 2702
f 2671 2702 2672
f 2672 2702 2703
f 2672 2703 2673
f 2673 2703 2704
f 2673 2704 2674
f 2674 2704 2705
f 2674 2705 2675
f 2675 2705 2706
f 2675 2706 2676
f 2676 2706 2707
f 2676 2707 2677
f 2677 2707 2708
f 2677 2708 2678
f 2678 2708 2709
f 2678 2709 2679
f 2679 2709 2710
f 2679 2710 2680
f 2680 2710 2711
f 2680 2711 2681
f 2681 2711 2712
f 2681 2712 2682
f 2682 2712 2713
f 2682 2713 2683
f 2683 2713 2714
f 2683 2714 2684
f 2684 2714 2715
f 2684 2715 2685
f 2685 2715 2716
f 2685 2716 2686
f 2686 2716 2717
f 2686 2717 2687
f 2687 2717 2718
f 2687 2718 2688
f 2688 2718 1692
f 2688 1692 1691
f 2015 2046 2719
f 2015 2719 2689
f 2689 2719 2720
f 2689 2720 2690
f 2690 2720 2721
f 2690 2721 2691
f 2691 2721 2722
f 2691 2722 2692
f 2692 2722 2723
f 2692 2723 2693
f 2693 2723 2724
f 2693 2724 2694
f 2694 2724 2725
f 2694 2725 2695
f 2695 2725 2726
f 2695 2726 2696
f 2696 2726 2727
f 2696 2727 2697
f 2697 2727 2728
f 2697 2728 2698
f 2698 2728 2729
f 2698 2729 2699
f 2699 2729 2730
f 2699 2730 2700
f 2700 2730 2731
f 2700 2731 2701
f 2701 2731 2732
f 2701 2732 2702
f 2702 2732 2733
f 2702 2733 2703
f 2703 2733 2734
f 2703 2734 2704
f 2704 2734 2735
f 2704 2735 2705
f 2705 2735 2736
f 2705 2736 2706
f 2706 2736 2737
f 2706 2737 2707
f 2707 2737 2738
f 2707 2738 2708
f 2708 2738 2739
f 2708 2739 2709
f 2709 2739 2740
f 2709 2740 2710
f 2710 2740 2741
f 2710 2741 2711
f 2711 2741 2742
f 2711 2742 2712
f 2712 2742 2743
f 2712 2743 2713
f 2713 2743 2744
f 2713 2744 2714
f 2714 2744 2745
f 2714 2745 2715
f 2715 2745 2746
f 2715 2746 2716
f 2716 2746 2747
f 2716 2747 2717
f 2717 2747 2748
f 2717 2748 2718
f 2718 2748 1693
f 2718 1693 1692
f 2046 2077 2749
f 2046 2749 2719
f 2719 2749 2750
f 2719 2750 2720
f 2720 2750 2751
f 2720 2751 2721
f 2721 2751 2752
f 2721 2752 2722
f 2722 2752 2753
f 2722 2753 2723
f 2723 2753 2754
f 2723 2754 2724
f 2724 2754 2755
f 2724 2755 2725
f 2725 2755 2756
f 2725 2756 2726
f 2726 2756 2757
f 2726 2757 2727
f 2727 2757 2758
f 2727 2758 2728
f 2728 2758 2759
f 2728 2759 2729
f 2729 2759 2760
f 2729 2760 2730
f 2730 2760 2761
f 2730 2761 2731
f 2731 2761 2762
f 2731 2762 2732
f 2732 2762 2763
f 2732 2763 2733
f 2733 2763 2764
f 2733 2764 2734
f 2734 2764 2765
f 2734 2765 2735
f 2735 2765 2766
f 2735 2766 2736
f 2736 2766 2767
f 2736 2767 2737
f 2737 2767 2768
f 2737 2768 2738
f 2738 2768 2769
f 2738 2769 2739
f 2739 2769 2770
f 2739 2770 2740
f 2740 2770 2771
f 2740 2771 2741
f 2741 2771 2772
f 2741 2772 2742
f 2742 2772 2773
f 2742 2773 2743
f 2743 2773 2774
f 2743 2774 2744
f 2744 2774 2775
f 2744 2775 2745
f 2745 2775 2776
f 2745 2776 2746
f 2746 2776 2777
f 2746 2777 2747
f 2747 2777 2778
f 2747 2778 2748
f 2748 2778 1694
f 2748 1694 1693
f 2077 2108 2779
f 2077 2779 2749
f 2749 2779 2780
f 2749 2780 2750
f 2750 2780 2781
f 2750 2781 2751
f 2751 2781 2782
f 2751 2782 2752
f 2752 2782 2783
f 2752 2783 2753
f 2753 2783 2784
f 2753 2784 2754
f 2754 2784 2785
f 2754 2785 2755
f 2755 2785 2786
f 2755 2786 2756
f 2756 2786 2787
f 2756 2787 2757
f 2757 2787 2788
f 2757 2788 2758
f 2758 2788 2789
f 2758 2789 2759
f 2759 2789 2790
f 2759 2790 2760
f 2760 2790 2791
f 2760 2791 2761
f 2761 2791 2792
f 2761 2792 2762
f 2762 2792 2793
f 2762 2793 2763
f 2763 2793 2794
f 2763 2794 2764
f 2764 2794 2795
f 2764 2795 2765
f 2765 2795 2796
f 2765 2796 2766
f 2766 2796 2797
f 2766 2797 2767
f 2767 2797 2798
f 2767 2798 2768
f 2768 2798 2799
f 2768 2799 2769
f 2769 2799 2800
f 2769 2800 2770
f 2770 2800 2801
f 2770 2801 2771
f 2771 2801 2802
f 2771 2802 2772
f 2772 2802 2803
f 2772 2803 2773
f 2773 2803 2804
f 2773 2804 2774
f 2774 2804 2805
f 2774 2805 2775
f 2775 2805 2806
f 2775 2806 2776
f 2776 2806 2807
f 2776 2807 2777
f 2777 2807 2808
f 2777 2808 2778
f 2778 2808 1695
f 2778 1695 1694
f 2108 2139 2809
f 2108 2809 2779
f 2779 2809 2810
f 2779 2810 2780
f 2780 2810 2811
f 2780 2811 2781
f 2781 2811 2812
f 2781 2812 2782
f 2782 2812 2813
f 2782 2813 2783
f 2783 2813 2814
f 2783 2814 2784
f 2784 2814 2815
f 2784 2815 2785
f 2785 2815 2816
f 2785 2816 2786
f 2786 2816 2817
f 2786 2817 2787
f 2787 2817 2818
f 2787 2818 2788
f 2788 2818 2819
f 2788 2819 2789
f 2789 2819 2820
f 2789 2820 2790
f 2790 2820 2821
f 2790 2821 2791
f 2791 2821 2822
f 2791 2822 2792
f 2792 2822 2823
f 2792 2823 2793
f 2793 2823 2824
f 2793 2824 2794
f 2794 2824 2825
f 2794 2825 2795
f 2795 2825 2826
f 2795 2826 2796
f 2796 2826 2827
f 2796 2827 2797
f 2797 2827 2828
f 2797 2828 2798
f 2798 2828 2829
f 2798 2829 2799
f 2799 2829 2830
f 2799 2830 2800
f 2800 2830 2831
f 2800 2831 2801
f 2801 2831 2832
f 2801 2832 2802
f 2802 2832 2833
f 2802 2833 2803
f 2803 2833 2834
f 2803 2834 2804
f 2804 2834 2835
f 2804 2835 2805
f 2805 2835 2836
f 2805 2836 2806
f 2806 2836 2837
f 2806 2837 2807
f 2807 2837 2838
f 2807 2838 2808
f 2808 2838 1696
f 2808 1696 1695
f 2139 2170 2839
f 2139 2839 2809
f 2809 2839 2840
f 2809 2840 2810
f 2810 2840 2841
f 2810 2841 2811
f 2811 2841 2842
f 2811 2842 2812
f 2812 2842 2843
f 2812 2843 2813
f 2813 2843 2844
f 2813 2844 2814
f 2814 2844 2845
f 2814 2845 2815
f 2815 2845 2846
f 2815 2846 2816
f 2816 2846 2847
f 2816 2847 2817
f 2817 2847 2848
f 2817 2848 2818
f 2818 2848 2849
f 2818 2849 2819
f 2819 2849 2850
f 2819 2850 2820
f 2820 2850 2851
f 2820 2851 2821
f 2821 2851 2852
f 2821 2852 2822
f 2822 2852 2853
f 2822 2853 2823
f 2823 2853 2854
f 2823 2854 2824
f 2824 2854 2855
f 2824 2855 2825
f 2825 2855 2856
f 2825 2856 2826
f 2826 2856 2857
f 2826 2857 2827
f 2827 2857 2858
f 2827 2858 2828
f 2828 2858 2859
f 2828 2859 2829
f 2829 2859 2860
f 2829 2860 2830
f 2830 2860 2861
f 2830 2861 2831
f 2831 2861 2862
f 2831 2862 2832
f 2832 2862 2863
f 2832 2863 2833
f 2833 2863 2864
f 2833 2864 2834
f 2834 2864 2865
f 2834 2865 2835
f 2835 2865 2866
f 2835 2866 2836
f 2836 2866 2867
f 2836 2867 2837
f 2837 2867 2868
f 2837 2868 2838
f 2838 2868 1697
f 2838 1697 1696
f 2170 2201 2869
f 2170 2869 2839
f 2839 2869 2870
f 2839 2870 2840
f 2840 2870 2871
f 2840 2871 2841
f 2841 2871 2872
f 2841 2872 2842
f 2842 2872 2873
f 2842 2873 2843
f 2843 2873 2874
f 2843 2874 2844
f 2844 2874 2875
f 2844 2875 2845
f 2845 2875 2876
f 2845 2876 2846
f 2846 2876 2877
f 2846 2877 2847
f 2847 2877 2878
f 2847 2878 2848
f 2848 2878 2879
f 2848 2879 2849
f 2849 2879 2880
f 2849 2880 2850
f 2850 2880 2881
f 2850 2881 2851
f 2851 2881 2882
f 2851 2882 2852
f 2852 2882 2883
f 2852 2883 2853
f 2853 2883 2884
f 2853 2884 2854
f 2854 2884 2885
f 2854 2885 2855
f 2855 2885 2886
f 2855 2886 2856
f 2856 2886 2887
f 2856 2887 2857
f 2857 2887 2888
f 2857 2888 2858
f 2858 2888 2889
f 2858 2889 2859
f 2859 2889 2890
f 2859 2890 2860
f 2860 2890 2891
f 2860 2891 2861
f 2861 2891 2892
f 2861 2892 2862
f 2862 2892 2893
f 2862 2893 2863
f 2863 2893 2894
f 2863 2894 2864
f 2864 2894 2895
f 2864 2895 2865
f 2865 2895 2896
f 2865 2896 2866
f 2866 2896 2897
f 2866 2897 2867
f 2867 2897 2898
f 2867 2898 2868
f 2868 2898 1698
f 2868 1698 1697
f 2201 2232 2899
f 2201 2899 2869
f 2869 2899 2900
f 2869 2900 2870
f 2870 2900 2901
f 2870 2901 2871
f 2871 2901 2902
f 2871 2902 2872
f 2872 2902 2903
f 2872 2903 2873
f 2873 2903 2904
f 2873 2904 2874
f 2874 2904 2905
f 2874 2905 2875
f 2875 2905 2906
f 2875 2906 2876
f 2876 2906 2907
f 2876 2907 2877
f 2877 2907 2908
f 2877 2908 2878
f 2878 2908 2909
f 2878 2909 2879
f 2879 2909 2910
f 2879 2910 2880
f 2880 2910 2911
f 2880 2911 2881
f 2881 2911 2912
f 2881 2912 2882
f 2882 2912 2913
f 2882 2913 2883
f 2883 2913 2914
f 2883 2914 2884
f 2884 2914 2915
f 2884 2915 2885
f 2885 2915 2916
f 2885 2916 2886
f 2886 2916 2917
f 2886 2917 2887
f 2887 2917 2918
f 2887 2918 2888
f 2888 2918 2919
f 2888 2919 2889
f 2889 2919 2920
f 2889 2920 2890
f 2890 2920 2921
f 2890 2921 2891
f 2891 2921 2922
f 2891 2922 2892
f 2892 2922 2923
f 2892 2923 2893
f 2893 2923 2924
f 2893 2924 2894
f 2894 2924 2925
f 2894 2925 2895
f 2895 2925 2926
f 2895 2926 2896
f 2896 2926 2927
f 2896 2927 2897
f 2897 2927 2928
f 2897 2928 2898
f 2898 2928 1699
f 2898 1699 1698
f 2232 2263 2929
f 2232 2929 2899
f 2899 2929 2930
f 2899 2930 2900
f 2900 2930 2931
f 2900 2931 2901
f 2901 2931 2932
f 2901 2932 2902
f 2902 2932 2933
f 2902 2933 2903
f 2903 2933 2934
f 2903 2934 2904
f 2904 2934 2935
f 2904 2935 2905
f 2905 2935 2936
f 2905 2936 2906
f 2906 2936 2937
f 2906 2937 2907
f 2907 2937 2938
f 2907 2938 2908
f 2908 2938 2939
f 2908 2939 2909
f 2909 2939 2940
f 2909 2940 2910
f 2910 2940 2941
f 2910 2941 2911
f 2911 2941 2942
f 2911 2942 2912
f 2912 2942 2943
f 2912 2943 2913
f 2913 2943 2944
f 2913 2944 2914
f 2914 2944 2945
f 2914 2945 2915
f 2915 2945 2946
f 2915 2946 2916
f 2916 2946 2947
f 2916 2947 2917
f 2917 2947 2948
f 2917 2948 2918
f 2918 2948 2949
f 2918 2949 2919
f 2919 2949 2950
f 2919 2950 2920
f 2920 2950 2951
f 2920 2951 2921
f 2921 2951 2952
f 2921 2952 2922
f 2922 2952 2953
f 2922 2953 2923
f 2923 2953 2954
f 2923 2954 2924
f 2924 2954 2955
f 2924 2955 2925
f 2925 2955 2956
f 2925 2956 2926
f 2926 2956 2957
f 2926 2957 2927
f 2927 2957 2958
f 2927 2958 2928
f 2928 2958 1700
f 2928 1700 1699
f 2263 2294 2959
f 2263 2959 2929
f 2929 2959 2960
f 2929 2960 2930
f 2930 2960 2961
f 2930 2961 2931
f 2931 2961 2962
f 2931 2962 2932
f 2932 2962 2963
f 2932 2963 2933
f 2933 2963 2964
f 2933 2964 2934
f 2934 2964 2965
f 2934 2965 2935
f 2935 2965 2966
f 2935 2966 2936
f 2936 2966 2967
f 2936 2967 2937
f 2937 2967 2968
f 2937 2968 2938
f 2938 2968 2969
f 2938 2969 2939
f 2939 2969 2970
f 2939 2970 2940
f 2940 2970 2971
f 2940 2971 2941
f 2941 2971 2972
f 2941 2972 2942
f 2942 2972 2973
f 2942 2973 2943
f 2943 2973 2974
f 2943 2974 2944
f 2944 2974 2975
f 2944 2975 2945
f 2945 2975 2976
f 2945 2976 2946
f 2946 2976 2977
f 2946 2977 2947
f 2947 2977 2978
f 2947 2978 2948
f 2948 2978 2979
f 2948 2979 2949
f 2949 2979 2980
f 2949 2980 2950
f 2950 2980 2981
f 2950 2981 2951
f 2951 2981 2982
f 2951 2982 2952
f 2952 2982 2983
f 2952 2983 2953
f 2953 2983 2984
f 2953 2984 2954
f 2954 2984 2985
f 2954 2985 2955
f 2955 2985 2986
f 2955 2986 2956
f 2956 2986 2987
f 2956 2987 2957
f 2957 2987 2988
f 2957 2988 2958
f 2958 2988 1701
f 2958 1701 1700
f 2294 2325 2989
f 2294 2989 2959
f 2959 2989 2990
f 2959 2990 2960
f 2960 2990 2991
f 2960 2991 2961
f 2961 2991 2992
f 2961 2992 2962
f 2962 2992 2993
f 2962 2993 2963
f 2963 2993 2994
f 2963 2994 2964
f 2964 2994 2995
f 2964 2995 2965
f 2965 2995 2996
f 2965 2996 2966
f 2966 2996 2997
f 2966 2997 2967
f 2967 2997 2998
f 2967 2998 2968
f 2968 2998 2999
f 2968 2999 2969
f 2969 2999 3000
f 2969 3000 2970
f 2970 3000 3001
f 2970 3001 2971
f 2971 3001 3002
f 2971 3002 2972
f 2972 3002 3003
f 2972 3003 2973
f 2973 3003 3004
f 2973 3004 2974
f 2974 3004 3005
f 2974 3005 2975
f 2975 3005 3006
f 2975 3006 2976
f 2976 3006 3007
f 2976 3007 2977
f 2977 3007 3008
f 2977 3008 2978
f 2978 3008 3009
f 2978 3009 2979
f 2979 3009 3010
f 2979 3010 2980
f 2980 3010 3011
f 2980 3011 2981
f 2981 3011 3012
f 2981 3012 2982
f 2982 3012 3013
f 2982 3013 2983
f 2983 3013 3014
f 2983 3014 2984
f 2984 3014 3015
f 2984 3015 2985
f 2985 3015 3016
f 2985 3016 2986
f 2986 3016 3017
f 2986 3017 2987
f 2987 3017 3018
f 2987 3018 2988
f 2988 3018 1702
f 2988 1702 1701
f 2325 2356 3019
f 2325 3019 2989
f 2989 3019 3020
f 2989 3020 2990
f 2990 3020 3021
f 2990 3021 2991
f 2991 3021 3022
f 2991 3022 2992
f 2992 3022 3023
f 2992 3023 2993
f 2993 3023 3024
f 2993 3024 2994
f 2994 3024 3025
f 2994 3025 2995
f 2995 3025 3026
f 2995 3026 2996
f 2996 3026 3027
f 2996 3027 2997
f 2997 3027 3028
f 2997 3028 2998
f 2998 3028 3029
f 2998 3029 2999
f 2999 3029 3030
f 2999 3030 3000
f 3000 3030 3031
f 3000 3031 3001
f 3001 3031 3032
f 3001 3032 3002
f 3002 3032 3033
f 3002 3033 3003
f 3003 3033 3034
f 3003 3034 3004
f 3004 3034 3035
f 3004 3035 3005
f 3005 3035 3036
f 3005 3036 3006
f 3006 3036 3037
f 3006 3037 3007
f 3007 3037 3038
f 3007 3038 3008
f 3008 3038 3039
f 3008 3039 3009
f 3009 3039 3040
f 3009 3040 3010
f 3010 3040 3041
f 3010 3041 3011
f 3011 3041 3042
f 3011 3042 3012
f 3012 3042 3043
f 3012 3043 3013
f 3013 3043 3044
f 3013 3044 3014
f 3014 3044 3045
f 3014 3045 3015
f 3015 3045 3046
f 3015 3046 3016
f 3016 3046 3047
f 3016 3047 3017
f 3017 3047 3048
f 3017 3048 3018
f 3018 3048 1703
f 3018 1703 1702
f 2356 2387 3049
f 2356 3049 3019
f 3019 3049 3050
f 3019 3050 3020
f 3020 3050 3051
f 3020 3051 3021
f 3021 3051 3052
f 3021 3052 3022
f 3022 3052 3053
f 3022 3053 3023
f 3023 3053 3054
f 3023 3054 3024
f 3024 3054 3055
f 3024 3055 3025
f 3025 3055 3056
f 3025 3056 3026
f 3026 3056 3057
f 3026 3057 3027
f 3027 3057 3058
f 3027 3058 3028
f 3028 3058 3059
f 3028 3059 3029
f 3029 3059 3060
f 3029 3060 3030
f 3030 3060 3061
f 3030 3061 3031
f 3031 3061 3062
f 3031 3062 3032
f 3032 3062 3063
f 3032 3063 3033
f 3033 3063 3064
f 3033 3064 3034
f 3034 3064 3065
f 3034 3065 3035
f 3035 3065 3066
f 3035 3066 3036
f 3036 3066 3067
f 3036 3067 3037
f 3037 3067 3068
f 3037 3068 3038
f 3038 3068 3069
f 3038 3069 3039
f 3039 3069 3070
f 3039 3070 3040
f 3040 3070 3071
f 3040 3071 3041
f 3041 3071 3072
f 3041 3072 3042
f 3042 3072 3073
f 3042 3073 3043
f 3043 3073 3074
f 3043 3074 3044
f 3044 3074 3075
f 3044 3075 3045
f 3045 3075 3076
f 3045 3076 3046
f 3046 3076 3077
f 3046 3077 3047
f 3047 3077 3078
f 3047 3078 3048
f 3048 3078 1704
f 3048 1704 1703
f 2387 2418 3079
f 2387 3079 3049
f 3049 3079 3080
f 3049 3080 3050
f 3050 3080 3081
f 3050 3081 3051
f 3051 3081 3082
f 3051 3082 3052
f 3052 3082 3083
f 3052 3083 3053
f 3053 3083 3084
f 3053 3084 3054
f 3054 3084 3085
f 3054 3085 3055
f 3055 3085 3086
f 3055 3086 3056
f 3056 3086 3087
f 3056 3087 3057
f 3057 3087 3088
f 3057 3088 3058
f 3058 3088 3089
f 3058 3089 3059
f 3059 3089 3090
f 3059 3090 3060
f 3060 3090 3091
f 3060 3091 3061
f 3061 3091 3092
f 3061 3092 3062
f 3062 3092 3093
f 3062 3093 3063
f 3063 3093 3094
f 3063 3094 3064
f 3064 3094 3095
f 3064 3095 3065
f 3065 3095 3096
f 3065 3096 3066
f 3066 3096 3097
f 3066 3097 3067
f 3067 3097 3098
f 3067 3098 3068
f 3068 3098 3099
f 3068 3099 3069
f 3069 3099 3100
f 3069 3100 3070
f 3070 3100 3101
f 3070 3101 3071
f 3071 3101 3102
f 3071 3102 3072
f 3072 3102 3103
f 3072 3103 3073
f 3073 3103 3104
f 3073 3104 3074
f 3074 3104 3105
f 3074 3105 3075
f 3075 3105 3106
f 3075 3106 3076
f 3076 3106 3107
f 3076 3107 3077
f 3077 3107 3108
f 3077 3108 3078
f 3078 3108 1705
f 3078 1705 1704
f 1 4 3109
f 1 3109 1706
f 1706 3109 3110
f 1706 3110 1737
f 1737 3110 3111
f 1737 3111 1768
f 1768 3111 3112
f 1768 3112 1799
f 1799 3112 3113
f 1799 3113 1830
f 1830 3113 3114
f 1830 3114 1861
f 1861 3114 3115
f 1861 3115 1892
f 1892 3115 3116
f 1892 3116 1923
f 1923 3116 3117
f 1923 3117 1954
f 1954 3117 3118
f 1954 3118 1985
f 1985 3118 3119
f 1985 3119 2016
f 2016 3119 3120
f 2016 3120 2047
f 2047 3120 3121
f 2047 3121 2078
f 2078 3121 3122
f 2078 3122 2109
f 2109 3122 3123
f 2109 3123 2140
f 2140 3123 3124
f 2140 3124 2171
f 2171 3124 3125
f 2171 3125 2202
f 2202 3125 3126
f 2202 3126 2233
f 2233 3126 3127
f 2233 3127 2264
f 2264 3127 3128
f 2264 3128 2295
f 2295 3128 3129
f 2295 3129 2326
f 2326 3129 3130
f 2326 3130 2357
f 2357 3130 3131
f 2357 3131 2388
f 4 6 3132
f 4 3132 3109
f 3109 3132 3133
f 3109 3133 3110
f 3110 3133 3134
f 3110 3134 3111
f 3111 3134 3135
f 3111 3135 3112
f 3112 3135 3136
f 3112 3136 3113
f 3113 3136 3137
f 3113 3137 3114
f 3114 3137 3138
f 3114 3138 3115
f 3115 3138 3139
f 3115 3139 3116
f 3116 3139 3140
f 3116 3140 3117
f 3117 3140 3141
f 3117 3141 3118
f 3118 3141 3142
f 3118 3142 3119
f 3119 3142 3143
f 3119 3143 3120
f 3120 3143 3144
f 3120 3144 3121
f 3121 3144 3145
f 3121 3145 3122
f 3122 3145 3146
f 3122 3146 3123
f 3123 3146 3147
f 3123 3147 3124
f 3124 3147 3148
f 3124 3148 3125
f 3125 3148 3149
f 3125 3149 3126
f 3126 3149 3150
f 3126 3150 3127
f 3127 3150 3151
f 3127 3151 3128
f 3128 3151 3152
f 3128 3152 3129
f 3129 3152 3153
f 3129 3153 3130
f 3130 3153 3154
f 3130 3154 3131
f 6 8 3155
f 6 3155 3132
f 3132 3155 3156
f 3132 3156 3133
f 3133 3156 3157
f 3133 3157 3134
f 3134 3157 3158
f 3134 3158 3135
f 3135 3158 3159
f 3135 3159 3136
f 3136 3159 3160
f 3136 3160 3137
f 3137 3160 3161
f 3137 3161 3138
f 3138 3161 3162
f 3138 3162 3139
f 3139 3162 3163
f 3139 3163 3140
f 3140 3163 3164
f 3140 3164 3141
f 3141 3164 3165
f 3141 3165 3142
f 3142 3165 3166
f 3142 3166 3143
f 3143 3166 3167
f 3143 3167 3144
f 3144 3167 3168
f 3144 3168 3145
f 3145 3168 3169
f 3145 3169 3146
f 3146 3169 3170
f 3146 3170 3147
f 3147 3170 3171
f 3147 3171 3148
f 3148 3171 3172
f 3148 3172 3149
f 3149 3172 3173
f 3149 3173 3150
f 3150 3173 3174
f 3150 3174 3151
f 3151 3174 3175
f 3151 3175 3152
f 3152 3175 3176
f 3152 3176 3153
f 3153 3176 3177
f 3153 3177 3154
f 8 10 3178
f 8 3178 3155
f 3155 3178 3179
f 3155 3179 3156
f 3156 3179 3180
f 3156 3180 3157
f 3157 3180 3181
f 3157 3181 3158
f 3158 3181 3182
f 3158 3182 3159
f 3159 3182 3183
f 3159 3183 3160
f 3160 3183 3184
f 3160 3184 3161
f 3161 3184 3185
f 3161 3185 3162
f 3162 3185 3186
f 3162 3186 3163
f 3163 3186 3187
f 3163 3187 3164
f 3164 3187 3188
f 3164 3188 3165
f 3165 3188 3189
f 3165 3189 3166
f 3166 3189 3190
f 3166 3190 3167
f 3167 3190 3191
f 3167 3191 3168
f 3168 3191 3192
f 3168 3192 3169
f 3169 3192 3193
f 3169 3193 3170
f 3170 3193 3194
f 3170 3194 3171
f 3171 3194 3195
f 3171 3195 3172
f 3172 3195 3196
f 3172 3196 3173
f 3173 3196 3197
f 3173 3197 3174
f 3174 3197 3198
f 3174 3198 3175
f 3175 3198 3199
f 3175 3199 3176
f 3176 3199 3200
f 3176 3200 3177
f 10 12 3201
f 10 3201 3178
f 3178 3201 3202
f 3178 3202 3179
f 3179 3202 3203
f 3179 3203 3180
f 3180 3203 3204
f 3180 3204 3181
f 3181 3204 3205
f 3181 3205 3182
f 3182 3205 3206
f 3182 3206 3183
f 3183 3206 3207
f 3183 3207 3184
f 3184 3207 3208
f 3184 3208 3185
f 3185 3208 3209
f 3185 3209 3186
f 3186 3209 3210
f 3186 3210 3187
f 3187 3210 3211
f 3187 3211 3188
f 3188 3211 3212
f 3188 3212 3189
f 3189 3212 3213
f 3189 3213 3190
f 3190 3213 3214
f 3190 3214 3191
f 3191 3214 3215
f 3191 3215 3192
f 3192 3215 3216
f 3192 3216 3193
f 3193 3216 3217
f 3193 3217 3194
f 3194 3217 3218
f 3194 3218 3195
f 3195 3218 3219
f 3195 3219 3196
f 3196 3219 3220
f 3196 3220 3197
f 3197 3220 3221
f 3197 3221 3198
f 3198 3221 3222
f 3198 3222 3199
f 3199 3222 3223
f 3199 3223 3200
f 12 14 3224
f 12 3224 3201
f 3201 3224 3225
f 3201 3225 3202
f 3202 3225 3226
f 3202 3226 3203
f 3203 3226 3227
f 3203 3227 3204
f 3204 3227 3228
f 3204 3228 3205
f 3205 3228 3229
f 3205 3229 3206
f 3206 3229 3230
f 3206 3230 3207
f 3207 3230 3231
f 3207 3231 3208
f 3208 3231 3232
f 3208 3232 3209
f 3209 3232 3233
f 3209 3233 3210
f 3210 3233 3234
f 3210 3234 3211
f 3211 3234 3235
f 3211 3235 3212
f 3212 3235 3236
f 3212 3236 3213
f 3213 3236 3237
f 3213 3237 3214
f 3214 3237 3238
f 3214 3238 3215
f 3215 3238 3239
f 3215 3239 3216
f 3216 3239 3240
f 3216 3240 3217
f 3217 3240 3241
f 3217 3241 3218
f 3218 3241 3242
f 3218 3242 3219
f 3219 3242 3243
f 3219 3243 3220
f 3220 3243 3244
f 3220 3244 3221
f 3221 3244 3245
f 3221 3245 3222
f 3222 3245 3246
f 3222 3246 3223
f 14 16 3247
f 14 3247 3224
f 3224 3247 3248
f 3224 3248 3225
f 3225 3248 3249
f 3225 3249 3226
f 3226 3249 3250
f 3226 3250 3227
f 3227 3250 3251
f 3227 3251 3228
f 3228 3251 3252
f 3228 3252 3229
f 3229 3252 3253
f 3229 3253 3230
f 3230 3253 3254
f 3230 3254 3231
f 3231 3254 3255
f 3231 3255 3232
f 3232 3255 3256
f 3232 3256 3233
f 3233 3256 3257
f 3233 3257 3234
f 3234 3257 3258
f 3234 3258 3235
f 3235 3258 3259
f 3235 3259 3236
f 3236 3259 3260
f 3236 3260 3237
f 3237 3260 3261
f 3237 3261 3238
f 3238 3261 3262
f 3238 3262 3239
f 3239 3262 3263
f 3239 3263 3240
f 3240 3263 3264
f 3240 3264 3241
f 3241 3264 3265
f 3241 3265 3242
f 3242 3265 3266
f 3242 3266 3243
f 3243 3266 3267
f 3243 3267 3244
f 3244 3267 3268
f 3244 3268 3245
f 3245 3268 3269
f 3245 3269 3246
f 16 18 3270
f 16 3270 3247
f 3247 3270 3271
f 3247 3271 3248
f 3248 3271 3272
f 3248 3272 3249
f 3249 3272 3273
f 3249 3273 3250
f 3250 3273 3274
f 3250 3274 3251
f 3251 3274 3275
f 3251 3275 3252
f 3252 3275 3276
f 3252 3276 3253
f 3253 3276 3277
f 3253 3277 3254
f 3254 3277 3278
f 3254 3278 3255
f 3255 3278 3279
f 3255 3279 3256
f 3256 3279 3280
f 3256 3280 3257
f 3257 3280 3281
f 3257 3281 3258
f 3258 3281 3282
f 3258 3282 3259
f 3259 3282 3283
f 3259 3283 3260
f 3260 3283 3284
f 3260 3284 3261
f 3261 3284 3285
f 3261 3285 3262
f 3262 3285 3286
f 3262 3286 3263
f 3263 3286 3287
f 3263 3287 3264
f 3264 3287 3288
f 3264 3288 3265
f 3265 3288 3289
f 3265 3289 3266
f 3266 3289 3290
f 3266 3290 3267
f 3267 3290 3291
f 3267 3291 3268
f 3268 3291 3292
f 3268 3292 3269
f 18 20 3293
f 18 3293 3270
f 3270 3293 3294
f 3270 3294 3271
f 3271 3294 3295
f 3271 3295 3272
f 3272 3295 3296
f 3272 3296 3273
f 3273 3296 3297
f 3273 3297 3274
f 3274 3297 3298
f 3274 3298 3275
f 3275 3298 3299
f 3275 3299 3276
f 3276 3299 3300
f 3276 3300 3277
f 3277 3300 3301
f 3277 3301 3278
f 3278 3301 3302
f 3278 3302 3279
f 3279 3302 3303
f 3279 3303 3280
f 3280 3303 3304
f 3280 3304 3281
f 3281 3304 3305
f 3281 3305 3282
f 3282 3305 3306
f 3282 3306 3283
f 3283 3306 3307
f 3283 3307 3284
f 3284 3307 3308
f 3284 3308 3285
f 3285 3308 3309
f 3285 3309 3286
f 3286 3309 3310
f 3286 3310 3287
f 3287 3310 3311
f 3287 3311 3288
f 3288 3311 3312
f 3288 3312 3289
f 3289 3312 3313
f 3289 3313 3290
f 3290 3313 3314
f 3290 3314 3291
f 3291 3314 3315
f 3291 3315 3292
f 20 22 3316
f 20 3316 3293
f 3293 3316 3317
f 3293 3317 3294
f 3294 3317 3318
f 3294 3318 3295
f 3295 3318 3319
f 3295 3319 3296
f 3296 3319 3320
f 3296 3320 3297
f 3297 3320 3321
f 3297 3321 3298
f 3298 3321 3322
f 3298 3322 3299
f 3299 3322 3323
f 3299 3323 3300
f 3300 3323 3324
f 3300 3324 3301
f 3301 3324 3325
f 3301 3325 3302
f 3302 3325 3326
f 3302 3326 3303
f 3303 3326 3327
f 3303 3327 3304
f 3304 3327 3328
f 3304 3328 3305
f 3305 3328 3329
f 3305 3329 3306
f 3306 3329 3330
f 3306 3330 3307
f 3307 3330 3331
f 3307 3331 3308
f 3308 3331 3332
f 3308 3332 3309
f 3309 3332 3333
f 3309 3333 3310
f 3310 3333 3334
f 3310 3334 3311
f 3311 3334 3335
f 3311 3335 3312
f 3312 3335 3336
f 3312 3336 3313
f 3313 3336 3337
f 3313 3337 3314
f 3314 3337 3338
f 3314 3338 3315
f 22 24 3339
f 22 3339 3316
f 3316 3339 3340
f 3316 3340 3317
f 3317 3340 3341
f 3317 3341 3318
f 3318 3341 3342
f 3318 3342 3319
f 3319 3342 3343
f 3319 3343 3320
f 3320 3343 3344
f 3320 3344 3321
f 3321 3344 3345
f 3321 3345 3322
f 3322 3345 3346
f 3322 3346 3323
f 3323 3346 3347
f 3323 3347 3324
f 3324 3347 3348
f 3324 3348 3325
f 3325 3348 3349
f 3325 3349 3326
f 3326 3349 3350
f 3326 3350 3327
f 3327 3350 3351
f 3327 3351 3328
f 3328 3351 3352
f 3328 3352 3329
f 3329 3352 3353
f 3329 3353 3330
f 3330 3353 3354
f 3330 3354 3331
f 3331 3354 3355
f 3331 3355 3332
f 3332 3355 3356
f 3332 3356 3333
f 3333 3356 3357
f 3333 3357 3334
f 3334 3357 3358
f 3334 3358 3335
f 3335 3358 3359
f 3335 3359 3336
f 3336 3359 3360
f 3336 3360 3337
f 3337 3360 3361
f 3337 3361 3338
f 24 26 3362
f 24 3362 3339
f 3339 3362 3363
f 3339 3363 3340
f 3340 3363 3364
f 3340 3364 3341
f 3341 3364 3365
f 3341 3365 3342
f 3342 3365 3366
f 3342 3366 3343
f 3343 3366 3367
f 3343 3367 3344
f 3344 3367 3368
f 3344 3368 3345
f 3345 3368 3369
f 3345 3369 3346
f 3346 3369 3370
f 3346 3370 3347
f 3347 3370 3371
f 3347 3371 3348
f 3348 3371 3372
f 3348 3372 3349
f 3349 3372 3373
f 3349 3373 3350
f 3350 3373 3374
f 3350 3374 3351
f 3351 3374 3375
f 3351 3375 3352
f 3352 3375 3376
f 3352 3376 3353
f 3353 3376 3377
f 3353 3377 3354
f 3354 3377 3378
f 3354 3378 3355
f 3355 3378 3379
f 3355 3379 3356
f 3356 3379 3380
f 3356 3380 3357
f 3357 3380 3381
f 3357 3381 3358
f 3358 3381 3382
f 3358 3382 3359
f 3359 3382 3383
f 3359 3383 3360
f 3360 3383 3384
f 3360 3384 3361
f 26 28 3385
f 26 3385 3362
f 3362 3385 3386
f 3362 3386 3363
f 3363 3386 3387
f 3363 3387 3364
f 3364 3387 3388
f 3364 3388 3365
f 3365 3388 3389
f 3365 3389 3366
f 3366 3389 3390
f 3366 3390 3367
f 3367 3390 3391
f 3367 3391 3368
f 3368 3391 3392
f 3368 3392 3369
f 3369 3392 3393
f 3369 3393 3370
f 3370 3393 3394
f 3370 3394 3371
f 3371 3394 3395
f 3371 3395 3372
f 3372 3395 3396
f 3372 3396 3373
f 3373 3396 3397
f 3373 3397 3374
f 3374 3397 3398
f 3374 3398 3375
f 3375 3398 3399
f 3375 3399 3376
f 3376 3399 3400
f 3376 3400 3377
f 3377 3400 3401
f 3377 3401 3378
f 3378 3401 3402
f 3378 3402 3379
f 3379 3402 3403
f 3379 3403 3380
f 3380 3403 3404
f 3380 3404 3381
f 3381 3404 3405
f 3381 3405 3382
f 3382 3405 3406
f 3382 3406 3383
f 3383 3406 3407
f 3383 3407 3384
f 28 30 3408
f 28 3408 3385
f 3385 3408 3409
f 3385 3409 3386
f 3386 3409 3410
f 3386 3410 3387
f 3387 3410 3411
f 3387 3411 3388
f 3388 3411 3412
f 3388 3412 3389
f 3389 3412 3413
f 3389 3413 3390
f 3390 3413 3414
f 3390 3414 3391
f 3391 3414 3415
f 3391 3415 3392
f 3392 3415 3416
f 3392 3416 3393
f 3393 3416 3417
f 3393 3417 3394
f 3394 3417 3418
f 3394 3418 3395
f 3395 3418 3419
f 3395 3419 3396
f 3396 3419 3420
f 3396 3420 3397
f 3397 3420 3421
f 3397 3421 3398
f 3398 3421 3422
f 3398 3422 3399
f 3399 3422 3423
f 3399 3423 3400
f 3400 3423 3424
f 3400 3424 3401
f 3401 3424 3425
f 3401 3425 3402
f 3402 3425 3426
f 3402 3426 3403
f 3403 3426 3427
f 3403 3427 3404
f 3404 3427 3428
f 3404 3428 3405
f 3405 3428 3429
f 3405 3429 3406
f 3406 3429 3430
f 3406 3430 3407
f 30 32 3431
f 30 3431 3408
f 3408 3431 3432
f 3408 3432 3409
f 3409 3432 3433
f 3409 3433 3410
f 3410 3433 3434
f 3410 3434 3411
f 3411 3434 3435
f 3411 3435 3412
f 3412 3435 3436
f 3412 3436 3413
f 3413 3436 3437
f 3413 3437 3414
f 3414 3437 3438
f 3414 3438 3415
f 3415 3438 3439
f 3415 3439 3416
f 3416 3439 3440
f 3416 3440 3417
f 3417 3440 3441
f 3417 3441 3418
f 3418 3441 3442
f 3418 3442 3419
f 3419 3442 3443
f 3419 3443 3420
f 3420 3443 3444
f 3420 3444 3421
f 3421 3444 3445
f 3421 3445 3422
f 3422 3445 3446
f 3422 3446 3423
f 3423 3446 3447
f 3423 3447 3424
f 3424 3447 3448
f 3424 3448 3425
f 3425 3448 3449
f 3425 3449 3426
f 3426 3449 3450
f 3426 3450 3427
f 3427 3450 3451
f 3427 3451 3428
f 3428 3451 3452
f 3428 3452 3429
f 3429 3452 3453
f 3429 3453 3430
f 32 34 3454
f 32 3454 3431
f 3431 3454 3455
f 3431 3455 3432
f 3432 3455 3456
f 3432 3456 3433
f 3433 3456 3457
f 3433 3457 3434
f 3434 3457 3458
f 3434 3458 3435
f 3435 3458 3459
f 3435 3459 3436
f 3436 3459 3460
f 3436 3460 3437
f 3437 3460 3461
f 3437 3461 3438
f 3438 3461 3462
f 3438 3462 3439
f 3439 3462 3463
f 3439 3463 3440
f 3440 3463 3464
f 3440 3464 3441
f 3441 3464 3465
f 3441 3465 3442
f 3442 3465 3466
f 3442 3466 3443
f 3443 3466 3467
f 3443 3467 3444
f 3444 3467 3468
f 3444 3468 3445
f 3445 3468 3469
f 3445 3469 3446
f 3446 3469 3470
f 3446 3470 3447
f 3447 3470 3471
f 3447 3471 3448
f 3448 3471 3472
f 3448 3472 3449
f 3449 3472 3473
f 3449 3473 3450
f 3450 3473 3474
f 3450 3474 3451
f 3451 3474 3475
f 3451 3475 3452
f 3452 3475 3476
f 3452 3476 3453
f 34 36 3477
f 34 3477 3454
f 3454 3477 3478
f 3454 3478 3455
f 3455 3478 3479
f 3455 3479 3456
f 3456 3479 3480
f 3456 3480 3457
f 3457 3480 3481
f 3457 3481 3458
f 3458 3481 3482
f 3458 3482 3459
f 3459 3482 3483
f 3459 3483 3460
f 3460 3483 3484
f 3460 3484 3461
f 3461 3484 3485
f 3461 3485 3462
f 3462 3485 3486
f 3462 3486 3463
f 3463 3486 3487
f 3463 3487 3464
f 3464 3487 3488
f 3464 3488 3465
f 3465 3488 3489
f 3465 3489 3466
f 3466 3489 3490
f 3466 3490 3467
f 3467 3490 3491
f 3467 3491 3468
f 3468 3491 3492
f 3468 3492 3469
f 3469 3492 3493
f 3469 3493 3470
f 3470 3493 3494
f 3470 3494 3471
f 3471 3494 3495
f 3471 3495 3472
f 3472 3495 3496
f 3472 3496 3473
f 3473 3496 3497
f 3473 3497 3474
f 3474 3497 3498
f 3474 3498 3475
f 3475 3498 3499
f 3475 3499 3476
f 36 38 3500
f 36 3500 3477
f 3477 3500 3501
f 3477 3501 3478
f 3478 3501 3502
f 3478 3502 3479
f 3479 3502 3503
f 3479 3503 3480
f 3480 3503 3504
f 3480 3504 3481
f 3481 3504 3505
f 3481 3505 3482
f 3482 3505 3506
f 3482 3506 3483
f 3483 3506 3507
f 3483 3507 3484
f 3484 3507 3508
f 3484 3508 3485
f 3485 3508 3509
f 3485 3509 3486
f 3486 3509 3510
f 3486 3510 3487
f 3487 3510 3511
f 3487 3511 3488
f 3488 3511 3512
f 3488 3512 3489
f 3489 3512 3513
f 3489 3513 3490
f 3490 3513 3514
f 3490 3514 3491
f 3491 3514 3515
f 3491 3515 3492
f 3492 3515 3516
f 3492 3516 3493
f 3493 3516 3517
f 3493 3517 3494
f 3494 3517 3518
f 3494 3518 3495
f 3495 3518 3519
f 3495 3519 3496
f 3496 3519 3520
f 3496 3520 3497
f 3497 3520 3521
f 3497 3521 3498
f 3498 3521 3522
f 3498 3522 3499
f 38 40 3523
f 38 3523 3500
f 3500 3523 3524
f 3500 3524 3501
f 3501 3524 3525
f 3501 3525 3502
f 3502 3525 3526
f 3502 3526 3503
f 3503 3526 3527
f 3503 3527 3504
f 3504 3527 3528
f 3504 3528 3505
f 3505 3528 3529
f 3505 3529 3506
f 3506 3529 3530
f 3506 3530 3507
f 3507 3530 3531
f 3507 3531 3508
f 3508 3531 3532
f 3508 3532 3509
f 3509 3532 3533
f 3509 3533 3510
f 3510 3533 3534
f 3510 3534 3511
f 3511 3534 3535
f 3511 3535 3512
f 3512 3535 3536
f 3512 3536 3513
f 3513 3536 3537
f 3513 3537 3514
f 3514 3537 3538
f 3514 3538 3515
f 3515 3538 3539
f 3515 3539 3516
f 3516 3539 3540
f 3516 3540 3517
f 3517 3540 3541
f 3517 3541 3518
f 3518 3541 3542
f 3518 3542 3519
f 3519 3542 3543
f 3519 3543 3520
f 3520 3543 3544
f 3520 3544 3521
f 3521 3544 3545
f 3521 3545 3522
f 40 42 3546
f 40 3546 3523
f 3523 3546 3547
f 3523 3547 3524
f 3524 3547 3548
f 3524 3548 3525
f 3525 3548 3549
f 3525 3549 3526
f 3526 3549 3550
f 3526 3550 3527
f 3527 3550 3551
f 3527 3551 3528
f 3528 3551 3552
f 3528 3552 3529
f 3529 3552 3553
f 3529 3553 3530
f 3530 3553 3554
f 3530 3554 3531
f 3531 3554 3555
f 3531 3555 3532
f 3532 3555 3556
f 3532 3556 3533
f 3533 3556 3557
f 3533 3557 3534
f 3534 3557 3558
f 3534 3558 3535
f 3535 3558 3559
f 3535 3559 3536
f 3536 3559 3560
f 3536 3560 3537
f 3537 3560 3561
f 3537 3561 3538
f 3538 3561 3562
f 3538 3562 3539
f 3539 3562 3563
f 3539 3563 3540
f 3540 3563 3564
f 3540 3564 3541
f 3541 3564 3565
f 3541 3565 3542
f 3542 3565 3566
f 3542 3566 3543
f 3543 3566 3567
f 3543 3567 3544
f 3544 3567 3568
f 3544 3568 3545
f 42 44 3569
f 42 3569 3546
f 3546 3569 3570
f 3546 3570 3547
f 3547 3570 3571
f 3547 3571 3548
f 3548 3571 3572
f 3548 3572 3549
f 3549 3572 3573
f 3549 3573 3550
f 3550 3573 3574
f 3550 3574 3551
f 3551 3574 3575
f 3551 3575 3552
f 3552 3575 3576
f 3552 3576 3553
f 3553 3576 3577
f 3553 3577 3554
f 3554 3577 3578
f 3554 3578 3555
f 3555 3578 3579
f 3555 3579 3556
f 3556 3579 3580
f 3556 3580 3557
f 3557 3580 3581
f 3557 3581 3558
f 3558 3581 3582
f 3558 3582 3559
f 3559 3582 3583
f 3559 3583 3560
f 3560 3583 3584
f 3560 3584 3561
f 3561 3584 3585
f 3561 3585 3562
f 3562 3585 3586
f 3562 3586 3563
f 3563 3586 3587
f 3563 3587 3564
f 3564 3587 3588
f 3564 3588 3565
f 3565 3588 3589
f 3565 3589 3566
f 3566 3589 3590
f 3566 3590 3567
f 3567 3590 3591
f 3567 3591 3568
f 44 46 3592
f 44 3592 3569
f 3569 3592 3593
f 3569 3593 3570
f 3570 3593 3594
f 3570 3594 3571
f 3571 3594 3595
f 3571 3595 3572
f 3572 3595 3596
f 3572 3596 3573
f 3573 3596 3597
f 3573 3597 3574
f 3574 3597 3598
f 3574 3598 3575
f 3575 3598 3599
f 3575 3599 3576
f 3576 3599 3600
f 3576 3600 3577
f 3577 3600 3601
f 3577 3601 3578
f 3578 3601 3602
f 3578 3602 3579
f 3579 3602 3603
f 3579 3603 3580
f 3580 3603 3604
f 3580 3604 3581
f 3581 3604 3605
f 3581 3605 3582
f 3582 3605 3606
f 3582 3606 3583
f 3583 3606 3607
f 3583 3607 3584
f 3584 3607 3608
f 3584 3608 3585
f 3585 3608 3609
f 3585 3609 3586
f 3586 3609 3610
f 3586 3610 3587
f 3587 3610 3611
f 3587 3611 3588
f 3588 3611 3612
f 3588 3612 3589
f 3589 3612 3613
f 3589 3613 3590
f 3590 3613 3614
f 3590 3614 3591
f 46 48 3615
f 46 3615 3592
f 3592 3615 3616
f 3592 3616 3593
f 3593 3616 3617
f 3593 3617 3594
f 3594 3617 3618
f 3594 3618 3595
f 3595 3618 3619
f 3595 3619 3596
f 3596 3619 3620
f 3596 3620 3597
f 3597 3620 3621
f 3597 3621 3598
f 3598 3621 3622
f 3598 3622 3599
f 3599 3622 3623
f 3599 3623 3600
f 3600 3623 3624
f 3600 3624 3601
f 3601 3624 3625
f 3601 3625 3602
f 3602 3625 3626
f 3602 3626 3603
f 3603 3626 3627
f 3603 3627 3604
f 3604 3627 3628
f 3604 3628 3605
f 3605 3628 3629
f 3605 3629 3606
f 3606 3629 3630
f 3606 3630 3607
f 3607 3630 3631
f 3607 3631 3608
f 3608 3631 3632
f 3608 3632 3609
f 3609 3632 3633
f 3609 3633 3610
f 3610 3633 3634
f 3610 3634 3611
f 3611 3634 3635
f 3611 3635 3612
f 3612 3635 3636
f 3612 3636 3613
f 3613 3636 3637
f 3613 3637 3614
f 48 50 3638
f 48 3638 3615
f 3615 3638 3639
f 3615 3639 3616
f 3616 3639 3640
f 3616 3640 3617
f 3617 3640 3641
f 3617 3641 3618
f 3618 3641 3642
f 3618 3642 3619
f 3619 3642 3643
f 3619 3643 3620
f 3620 3643 3644
f 3620 3644 3621
f 3621 3644 3645
f 3621 3645 3622
f 3622 3645 3646
f 3622 3646 3623
f 3623 3646 3647
f 3623 3647 3624
f 3624 3647 3648
f 3624 3648 3625
f 3625 3648 3649
f 3625 3649 3626
f 3626 3649 3650
f 3626 3650 3627
f 3627 3650 3651
f 3627 3651 3628
f 3628 3651 3652
f 3628 3652 3629
f 3629 3652 3653
f 3629 3653 3630
f 3630 3653 3654
f 3630 3654 3631
f 3631 3654 3655
f 3631 3655 3632
f 3632 3655 3656
f 3632 3656 3633
f 3633 3656 3657
f 3633 3657 3634
f 3634 3657 3658
f 3634 3658 3635
f 3635 3658 3659
f 3635 3659 3636
f 3636 3659 3660
f 3636 3660 3637
f 50 52 3661
f 50 3661 3638
f 3638 3661 3662
f 3638 3662 3639
f 3639 3662 3663
f 3639 3663 3640
f 3640 3663 3664
f 3640 3664 3641
f 3641 3664 3665
f 3641 3665 3642
f 3642 3665 3666
f 3642 3666 3643
f 3643 3666 3667
f 3643 3667 3644
f 3644 3667 3668
f 3644 3668 3645
f 3645 3668 3669
f 3645 3669 3646
f 3646 3669 3670
f 3646 3670 3647
f 3647 3670 3671
f 3647 3671 3648
f 3648 3671 3672
f 3648 3672 3649
f 3649 3672 3673
f 3649 3673 3650
f 3650 3673 3674
f 3650 3674 3651
f 3651 3674 3675
f 3651 3675 3652
f 3652 3675 3676
f 3652 3676 3653
f 3653 3676 3677
f 3653 3677 3654
f 3654 3677 3678
f 3654 3678 3655
f 3655 3678 3679
f 3655 3679 3656
f 3656 3679 3680
f 3656 3680 3657
f 3657 3680 3681
f 3657 3681 3658
f 3658 3681 3682
f 3658 3682 3659
f 3659 3682 3683
f 3659 3683 3660
f 52 54 3684
f 52 3684 3661
f 3661 3684 3685
f 3661 3685 3662
f 3662 3685 3686
f 3662 3686 3663
f 3663 3686 3687
f 3663 3687 3664
f 3664 3687 3688
f 3664 3688 3665
f 3665 3688 3689
f 3665 3689 3666
f 3666 3689 3690
f 3666 3690 3667
f 3667 3690 3691
f 3667 3691 3668
f 3668 3691 3692
f 3668 3692 3669
f 3669 3692 3693
f 3669 3693 3670
f 3670 3693 3694
f 3670 3694 3671
f 3671 3694 3695
f 3671 3695 3672
f 3672 3695 3696
f 3672 3696 3673
f 3673 3696 3697
f 3673 3697 3674
f 3674 3697 3698
f 3674 3698 3675
f 3675 3698 3699
f 3675 3699 3676
f 3676 3699 3700
f 3676 3700 3677
f 3677 3700 3701
f 3677 3701 3678
f 3678 3701 3702
f 3678 3702 3679
f 3679 3702 3703
f 3679 3703 3680
f 3680 3703 3704
f 3680 3704 3681
f 3681 3704 3705
f 3681 3705 3682
f 3682 3705 3706
f 3682 3706 3683
f 54 56 3707
f 54 3707 3684
f 3684 3707 3708
f 3684 3708 3685
f 3685 3708 3709
f 3685 3709 3686
f 3686 3709 3710
f 3686 3710 3687
f 3687 3710 3711
f 3687 3711 3688
f 3688 3711 3712
f 3688 3712 3689
f 3689 3712 3713
f 3689 3713 3690
f 3690 3713 3714
f 3690 3714 3691
f 3691 3714 3715
f 3691 3715 3692
f 3692 3715 3716
f 3692 3716 3693
f 3693 3716 3717
f 3693 3717 3694
f 3694 3717 3718
f 3694 3718 3695
f 3695 3718 3719
f 3695 3719 3696
f 3696 3719 3720
f 3696 3720 3697
f 3697 3720 3721
f 3697 3721 3698
f 3698 3721 3722
f 3698 3722 3699
f 3699 3722 3723
f 3699 3723 3700
f 3700 3723 3724
f 3700 3724 3701
f 3701 3724 3725
f 3701 3725 3702
f 3702 3725 3726
f 3702 3726 3703
f 3703 3726 3727
f 3703 3727 3704
f 3704 3727 3728
f 3704 3728 3705
f 3705 3728 3729
f 3705 3729 3706
f 56 58 3730
f 56 3730 3707
f 3707 3730 3731
f 3707 3731 3708
f 3708 3731 3732
f 3708 3732 3709
f 3709 3732 3733
f 3709 3733 3710
f 3710 3733 3734
f 3710 3734 3711
f 3711 3734 3735
f 3711 3735 3712
f 3712 3735 3736
f 3712 3736 3713
f 3713 3736 3737
f 3713 3737 3714
f 3714 3737 3738
f 3714 3738 3715
f 3715 3738 3739
f 3715 3739 3716
f 3716 3739 3740
f 3716 3740 3717
f 3717 3740 3741
f 3717 3741 3718
f 3718 3741 3742
f 3718 3742 3719
f 3719 3742 3743
f 3719 3743 3720
f 3720 3743 3744
f 3720 3744 3721
f 3721 3744 3745
f 3721 3745 3722
f 3722 3745 3746
f 3722 3746 3723
f 3723 3746 3747
f 3723 3747 3724
f 3724 3747 3748
f 3724 3748 3725
f 3725 3748 3749
f 3725 3749 3726
f 3726 3749 3750
f 3726 3750 3727
f 3727 3750 3751
f 3727 3751 3728
f 3728 3751 3752
f 3728 3752 3729
f 58 60 3753
f 58 3753 3730
f 3730 3753 3754
f 3730 3754 3731
f 3731 3754 3755
f 3731 3755 3732
f 3732 3755 3756
f 3732 3756 3733
f 3733 3756 3757
f 3733 3757 3734
f 3734 3757 3758
f 3734 3758 3735
f 3735 3758 3759
f 3735 3759 3736
f 3736 3759 3760
f 3736 3760 3737
f 3737 3760 3761
f 3737 3761 3738
f 3738 3761 3762
f 3738 3762 3739
f 3739 3762 3763
f 3739 3763 3740
f 3740 3763 3764
f 3740 3764 3741
f 3741 3764 3765
f 3741 3765 3742
f 3742 3765 3766
f 3742 3766 3743
f 3743 3766 3767
f 3743 3767 3744
f 3744 3767 3768
f 3744 3768 3745
f 3745 3768 3769
f 3745 3769 3746
f 3746 3769 3770
f 3746 3770 3747
f 3747 3770 3771
f 3747 3771 3748
f 3748 3771 3772
f 3748 3772 3749
f 3749 3772 3773
f 3749 3773 3750
f 3750 3773 3774
f 3750 3774 3751
f 3751 3774 3775
f 3751 3775 3752
f 60 62 3776
f 60 3776 3753
f 3753 3776 3777
f 3753 3777 3754
f 3754 3777 3778
f 3754 3778 3755
f 3755 3778 3779
f 3755 3779 3756
f 3756 3779 3780
f 3756 3780 3757
f 3757 3780 3781
f 3757 3781 3758
f 3758 3781 3782
f 3758 3782 3759
f 3759 3782 3783
f 3759 3783 3760
f 3760 3783 3784
f 3760 3784 3761
f 3761 3784 3785
f 3761 3785 3762
f 3762 3785 3786
f 3762 3786 3763
f 3763 3786 3787
f 3763 3787 3764
f 3764 3787 3788
f 3764 3788 3765
f 3765 3788 3789
f 3765 3789 3766
f 3766 3789 3790
f 3766 3790 3767
f 3767 3790 3791
f 3767 3791 3768
f 3768 3791 3792
f 3768 3792 3769
f 3769 3792 3793
f 3769 3793 3770
f 3770 3793 3794
f 3770 3794 3771
f 3771 3794 3795
f 3771 3795 3772
f 3772 3795 3796
f 3772 3796 3773
f 3773 3796 3797
f 3773 3797 3774
f 3774 3797 3798
f 3774 3798 3775
f 62 64 994
f 62 994 3776
f 3776 994 996
f 3776 996 3777
f 3777 996 998
f 3777 998 3778
f 3778 998 1000
f 3778 1000 3779
f 3779 1000 1002
f 3779 1002 3780
f 3780 1002 1004
f 3780 1004 3781
f 3781 1004 1006
f 3781 1006 3782
f 3782 1006 1008
f 3782 1008 3783
f 3783 1008 1010
f 3783 1010 3784
f 3784 1010 1012
f 3784 1012 3785
f 3785 1012 1014
f 3785 1014 3786
f 3786 1014 1016
f 3786 1016 3787
f 3787 1016 1018
f 3787 1018 3788
f 3788 1018 1020
f 3788 1020 3789
f 3789 1020 1022
f 3789 1022 3790
f 3790 1022 1024
f 3790 1024 3791
f 3791 1024 1026
f 3791 1026 3792
f 3792 1026 1028
f 3792 1028 3793
f 3793 1028 1030
f 3793 1030 3794
f 3794 1030 1032
f 3794 1032 3795
f 3795 1032 1034
f 3795 1034 3796
f 3796 1034 1036
f 3796 1036 3797
f 3797 1036 1038
f 3797 1038 3798
f 3799 3800 2388
f 3799 2388 2388
f 3801 3802 1705
f 3801 1705 1705
f 2417 3803 2418
f 2417 2418 2418
f 1037 3804 1038
f 1037 1038 1038
f 2416 3805 2417
f 2416 2417 2417
f 3806 3807 3804
f 3806 3804 3804
f 1061 3808 3809
f 1061 3809 3809
f 3810 3800 3811
f 3810 3811 3811
f 3812 3813 3802
f 3812 3802 3802
f 3805 2416 3814
f 3805 3814 3814
f 3815 3810 3811
f 3815 3811 3811
f 2389 2388 3800
f 2389 3800 3800
f 3809 3804 1037
f 3809 1037 1037
f 1084 3808 1061
f 1084 1061 1061
f 3816 3817 3818
f 3816 3818 3819
f 3820 3821 3800
f 3820 3800 3810
f 1107 3822 1084
f 1107 1084 1084
f 3822 1107 3823
f 3822 3823 3823
f 1682 1705 3802
f 1682 3802 3802
f 2413 3817 2414
f 2413 2414 2414
f 2412 3824 2413
f 2412 2413 2413
f 3825 3826 3827
f 3825 3827 3827
f 3828 3827 3826
f 3828 3826 3826
f 1176 3829 1153
f 1176 1153 1153
f 3830 3831 3832
f 3830 3832 3832
f 3821 3833 2390
f 3821 2390 2390
f 3827 3828 3834
f 3827 3834 3834
f 3835 3836 3837
f 3835 3837 3837
f 3838 3839 3840
f 3838 3840 3840
f 3841 3842 3843
f 3841 3843 3843
f 3832 3844 3830
f 3832 3830 3830
f 3833 3845 2391
f 3833 2391 2391
f 3846 2409 3847
f 3846 3847 3847
f 1291 3848 1268
f 1291 1268 1268
f 3849 3850 2393
f 3849 2393 2393
f 3851 3852 3853
f 3851 3853 3853
f 3854 3855 3856
f 3854 3856 3856
f 3853 3857 3851
f 3853 3851 3851
f 3850 3858 2394
f 3850 2394 2394
f 3859 3860 3861
f 3859 3861 3861
f 3862 3863 3864
f 3862 3864 3864
f 3865 3864 3863
f 3865 3863 3863
f 3866 3867 3868
f 3866 3868 3868
f 3869 3856 3855
f 3869 3855 3855
f 3870 3871 3872
f 3870 3872 3872
f 3858 3873 2395
f 3858 2395 2395
f 1337 3874 1314
f 1337 1314 1314
f 3875 3855 3854
f 3875 3854 3854
f 3840 3876 3877
f 3840 3877 3877
f 3878 3879 3880
f 3878 3880 3880
f 3881 3882 2404
f 3881 2404 2404
f 3883 3884 3885
f 3883 3885 3885
f 3886 3880 3879
f 3886 3879 3879
f 3887 3881 2403
f 3887 2403 2403
f 1383 1406 3888
f 1383 3888 3888
f 3802 3889 1682
f 3802 1682 1682
f 3889 3890 1659
f 3889 1659 1659
f 3891 3892 3893
f 3891 3893 3893
f 1544 3894 1521
f 1544 1521 1521
f 3894 3895 1521
f 3894 1521 1521
f 3895 3896 1498
f 3895 1498 1498
f 3896 3897 1475
f 3896 1475 1475
f 1429 1452 3898
f 1429 3898 3898
f 3899 3898 3900
f 3899 3900 3901
f 3899 3888 1406
f 3899 1406 1406
f 3902 3903 3904
f 3902 3904 3904
f 3905 3906 3907
f 3905 3907 3907
f 3908 3909 3910
f 3908 3910 3910
f 3911 3912 3913
f 3911 3913 3913
f 3914 3915 2398
f 3914 2398 2398
f 3916 3917 3918
f 3916 3918 3918
f 3919 3920 3921
f 3919 3921 3921
f 3922 3923 3924
f 3922 3924 3924
f 3925 3926 3927
f 3925 3927 3927
f 3928 3917 3916
f 3928 3916 3916
f 3929 3930 3931
f 3929 3931 3931
f 3932 3933 3934
f 3932 3934 3934
f 3935 3936 3937
f 3935 3937 3937
f 3938 3939 3940
f 3938 3940 3940
f 3916 3938 3928
f 3916 3928 3928
f 3935 3937 3925
f 3935 3925 3925
f 3941 3942 3943
f 3941 3943 3943
f 3944 3942 3945
f 3944 3945 3945
f 3817 2413 3824
f 3817 3824 3824
f 3905 3908 3906
f 3905 3906 3906
f 2399 3946 2400
f 2399 2400 2400
f 3947 3948 3949
f 3947 3949 3950
f 3951 3952 3953
f 3951 3953 3953
f 3954 3953 3952
f 3954 3952 3952
f 3955 3956 3957
f 3955 3957 3957
f 3958 3957 3959
f 3958 3959 3959
f 3958 3959 3960
f 3958 3960 3960
f 3961 3904 3903
f 3961 3903 3903
f 3904 3961 3962
f 3904 3962 3962
f 3963 3964 3956
f 3963 3956 3956
f 3965 3830 3844
f 3965 3844 3844
f 3943 3966 3967
f 3943 3967 3967
f 3834 3968 3969
f 3834 3969 3969
f 3970 1199 3971
f 3970 3971 3971
f 3972 3973 3974
f 3972 3974 3974
f 3903 3902 3975
f 3903 3975 3975
f 3871 3976 3977
f 3871 3977 3977
f 3934 3978 3936
f 3934 3936 3936
f 3979 3980 1613
f 3979 1613 1613
f 3981 3982 3932
f 3981 3932 3932
f 3983 3969 3968
f 3983 3968 3968
f 3984 3985 3986
f 3984 3986 3987
f 3932 3988 3933
f 3932 3933 3933
f 3989 3990 3991
f 3989 3991 3991
f 3992 2411 3993
f 3992 3993 3993
f 3994 3995 3996
f 3994 3996 3996
f 3919 3997 3998
f 3919 3998 3998
f 3999 4000 4001
f 3999 4001 4001
f 4002 4003 4004
f 4002 4004 4004
f 4005 4006 3835
f 4005 3835 3835
f 4007 3803 4008
f 4007 4008 4008
f 4009 4010 1567
f 4009 1567 1567
f 4011 4012 3981
f 4011 3981 3981
f 4013 4014 4015
f 4013 4015 4016
f 3876 3840 3839
f 3876 3839 3839
f 3806 4017 4018
f 3806 4018 4019
f 2408 3847 2409
f 2408 2409 2409
f 4020 4019 3838
f 4020 3838 3838
f 3885 4021 3883
f 3885 3883 3883
f 4022 4023 4024
f 4022 4024 4025
f 3847 2408 4026
f 3847 4026 4026
f 3885 3884 4027
f 3885 4027 4027
f 4028 4029 4030
f 4028 4030 4030
f 3874 1337 4031
f 3874 4031 4031
f 1130 1153 4032
f 1130 4032 4032
f 4033 4034 4035
f 4033 4035 4036
f 2411 3992 2412
f 2411 2412 2412
f 3912 3911 4037
f 3912 4037 4037
f 3831 4038 4039
f 3831 4039 4039
f 4040 3973 4030
f 4040 4030 4030
f 3964 3959 3957
f 3964 3957 3957
f 4041 4042 4043
f 4041 4043 4044
f 4045 3835 3837
f 4045 3837 3837
f 3815 4046 3810
f 3815 3810 3810
f 3815 4047 4046
f 3815 4046 4046
f 4048 4049 2401
f 4048 2401 2401
f 3879 4050 3886
f 3879 3886 3886
f 3845 3849 2392
f 3845 2392 2392
f 3848 1291 4051
f 3848 4051 4051
f 4047 4052 4053
f 4047 4053 4053
f 3939 4054 4055
f 3939 4055 4055
f 4056 4057 4058
f 4056 4058 4059
f 3995 3994 4050
f 3995 4050 4050
f 3880 3870 3878
f 3880 3878 3878
f 4060 4061 4062
f 4060 4062 4063
f 3977 3872 3871
f 3977 3871 3871
f 4064 4065 4066
f 4064 4066 4067
f 3812 4068 3813
f 3812 3813 3813
f 3852 3965 4069
f 3852 4069 4069
f 4070 3927 3926
f 4070 3926 3926
f 2415 2414 3816
f 2415 3816 3816
f 4071 4072 4073
f 4071 4073 3819
f 3843 4074 3841
f 3843 3841 3841
f 3898 3899 1429
f 3898 1429 1429
f 1130 3823 1107
f 1130 1107 1107
f 1498 1521 3895
f 1498 3895 3895
f 4075 4076 4077
f 4075 4077 4077
f 4078 4079 4080
f 4078 4080 4081
f 2405 3882 4082
f 2405 4082 4082
f 1268 4083 1245
f 1268 1245 1245
f 4032 1153 3829
f 4032 3829 3829
f 4084 4085 4086
f 4084 4086 4087
f 4088 3918 3917
f 4088 3917 3917
f 3867 3865 3868
f 3867 3868 3868
f 4089 4090 4091
f 4089 4091 4092
f 3991 4093 3989
f 3991 3989 3989
f 4094 3938 3916
f 4094 3916 4095
f 4096 4097 4098
f 4096 4098 4099
f 3839 3838 4019
f 3839 4019 4019
f 2390 2389 3821
f 2390 3821 3821
f 3801 3812 3802
f 3801 3802 3802
f 4049 3887 2402
f 4049 2402 2402
f 3864 3859 3862
f 3864 3862 3862
f 3962 4001 4000
f 3962 4000 4000
f 3960 4100 4101
f 3960 4101 4101
f 4056 4102 4103
f 4056 4103 4104
f 4105 3987 3825
f 4105 3825 3825
f 4106 4107 4108
f 4106 4108 4109
f 3807 3806 4020
f 3807 4020 4020
f 4019 4018 4110
f 4019 4110 3839
f 3875 4037 3911
f 3875 3911 3911
f 4111 4112 4113
f 4111 4113 4114
f 4067 4024 3976
f 4067 3976 3871
f 4115 4116 3818
f 4115 3818 4117
f 4118 4119 4120
f 4118 4120 4121
f 4122 4123 4124
f 4122 4124 4125
f 4126 4127 4128
f 4126 4128 4129
f 4010 3894 1544
f 4010 1544 1544
f 1567 1590 4009
f 1567 4009 4009
f 4100 4130 4131
f 4100 4131 4132
f 3924 3913 3922
f 3924 3922 3922
f 4133 4134 3993
f 4133 3993 3846
f 2410 2409 3846
f 2410 3846 3846
f 3837 4135 4045
f 3837 4045 4045
f 4136 4137 4044
f 4136 4044 4043
f 3897 3898 1452
f 3897 1452 1452
f 4015 4014 4138
f 4015 4138 3900
f 3984 3803 3805
f 3984 3805 3985
f 4007 2418 3803
f 4007 3803 3803
f 3957 3956 3964
f 3957 3964 3964
f 4139 4029 4140
f 4139 4140 4027
f 3884 4141 4139
f 3884 4139 4139
f 4142 4143 4144
f 4142 4144 4145
f 3988 3982 4146
f 3988 4146 4147
f 4148 4149 4150
f 4148 4150 4151
f 3909 4076 3910
f 3909 3910 3910
f 3990 4152 4153
f 3990 4153 4153
f 3818 4116 4071
f 3818 4071 3819
f 4093 4054 3989
f 4093 3989 3989
f 4154 3918 3923
f 4154 3923 4155
f 3865 3867 4156
f 3865 4156 4157
f 4158 4159 4160
f 4158 4160 4161
f 3955 3952 3951
f 3955 3951 3951
f 3940 3928 3938
f 3940 3938 3938
f 3980 4009 1590
f 3980 1590 1590
f 4153 3991 3990
f 4153 3990 3990
f 4162 4163 4164
f 4162 4164 4165
f 4166 4167 4013
f 4166 4013 4168
f 4169 4170 4171
f 4169 4171 4172
f 4039 3832 3831
f 4039 3831 3831
f 4173 4174 4166
f 4173 4166 4168
f 4175 4176 4177
f 4175 4177 4178
f 4179 4180 4164
f 4179 4164 4163
f 3921 3997 3919
f 3921 3919 3919
f 3967 3941 3943
f 3967 3943 3943
f 4181 4182 4183
f 4181 4183 4184
f 4170 4169 4142
f 4170 4142 4185
f 4169 4172 4098
f 4169 4098 4097
f 3976 3851 3857
f 3976 3857 3857
f 4186 4187 4132
f 4186 4132 4132
f 4188 4189 4190
f 4188 4190 4191
f 4192 4193 4194
f 4192 4194 4195
f 3824 3992 4196
f 3824 4196 4117
f 2410 3993 2411
f 2410 2411 2411
f 1360 1383 4197
f 1360 4197 4197
f 4198 4199 4200
f 4198 4200 4201
f 4202 1245 4083
f 4202 4083 4083
f 4131 4203 4204
f 4131 4204 4205
f 4206 4062 4061
f 4206 4061 4207
f 4208 4209 4210
f 4208 4210 4211
f 4167 4166 4212
f 4167 4212 4213
f 4214 3831 3830
f 4214 3830 4215
f 3854 4216 4217
f 3854 4217 4037
f 2401 2400 4048
f 2401 4048 4048
f 2392 2391 3845
f 2392 3845 3845
f 4218 4219 4220
f 4218 4220 4221
f 3888 4197 1383
f 3888 1383 1383
f 4222 4223 4224
f 4222 4224 4225
f 4226 3990 3989
f 4226 3989 4227
f 4088 3924 3923
f 4088 3923 3923
f 4228 4229 4230
f 4228 4230 4231
f 3952 4004 3954
f 3952 3954 3954
f 4195 4194 4165
f 4195 4165 4164
f 3982 3981 4012
f 3982 4012 4012
f 4232 4233 4234
f 4232 4234 4235
f 4236 3901 4237
f 4236 4237 4238
f 4239 4240 4163
f 4239 4163 4162
f 4240 4239 4241
f 4240 4241 4242
f 3959 3964 4243
f 3959 4243 4244
f 4244 3960 3959
f 4244 3959 3959
f 4226 4227 4245
f 4226 4245 4246
f 4247 4226 4246
f 4247 4246 4248
f 4249 3927 4070
f 4249 4070 4070
f 2393 2392 3849
f 2393 3849 3849
f 4250 4251 4252
f 4250 4252 4253
f 4254 4255 4256
f 4254 4256 4257
f 2404 2403 3881
f 2404 3881 3881
f 4258 4259 4260
f 4258 4260 4261
f 4262 4263 4264
f 4262 4264 4121
f 3912 4265 4266
f 3912 4266 3922
f 3922 3913 3912
f 3922 3912 3912
f 4040 3974 3973
f 4040 3973 3973
f 4077 4045 4135
f 4077 4135 4135
f 2398 2397 3914
f 2398 3914 3914
f 3949 4034 4267
f 3949 4267 4178
f 4268 4266 4265
f 4268 4265 4269
f 4233 4269 4270
f 4233 4270 4271
f 4272 4081 4082
f 4272 4082 3882
f 3867 3866 3893
f 3867 3893 3893
f 3891 4273 3892
f 3891 3892 3892
f 4068 3860 3813
f 4068 3813 3813
f 4074 4274 3841
f 4074 3841 3841
f 4275 4276 4240
f 4275 4240 4242
f 4276 4275 4277
f 4276 4277 4278
f 4279 4103 4170
f 4279 4170 4185
f 4280 4279 4281
f 4280 4281 4282
f 4016 4015 3897
f 4016 3897 3896
f 4066 4283 4210
f 4066 4210 4025
f 3886 4050 3994
f 3886 3994 3994
f 4284 3996 3995
f 4284 3995 3995
f 4285 4194 4193
f 4285 4193 4286
f 4104 4103 4279
f 4104 4279 4280
f 4287 4288 4289
f 4287 4289 4290
f 4141 4030 4029
f 4141 4029 4029
f 4027 3884 4139
f 4027 4139 4139
f 4291 3998 3997
f 4291 3997 3997
f 4136 4043 4292
f 4136 4292 4293
f 4294 3910 4076
f 4294 4076 4293
f 4284 3921 3920
f 4284 3920 3920
f 3919 4295 4296
f 3919 4296 3920
f 4297 4298 4299
f 4297 4299 4300
f 4301 4302 3966
f 4301 3966 4303
f 4304 4125 4305
f 4304 4305 4303
f 3866 3891 3893
f 3866 3893 3893
f 4306 4307 4206
f 4306 4206 4203
f 4308 4214 4215
f 4308 4215 4309
f 4091 4090 4310
f 4091 4310 4311
f 4288 4312 4313
f 4288 4313 4289
f 4253 4252 4314
f 4253 4314 4315
f 4210 4283 4316
f 4210 4316 4211
f 4317 4318 4319
f 4317 4319 4320
f 1176 1199 3970
f 1176 3970 3970
f 2402 2401 4049
f 2402 4049 4049
f 4321 4173 4168
f 4321 4168 4322
f 4323 4324 4325
f 4323 4325 4286
f 4326 4327 4296
f 4326 4296 4324
f 4328 4329 4330
f 4328 4330 4331
f 4047 4053 4046
f 4047 4046 4046
f 2407 4026 2408
f 2407 2408 2408
f 3861 3862 3859
f 3861 3859 3859
f 4332 3859 3864
f 4332 3864 4333
f 4124 4129 4235
f 4124 4235 4334
f 4098 4172 4335
f 4098 4335 4245
f 4336 4337 4242
f 4336 4242 4241
f 4338 4339 4340
f 4338 4340 4341
f 4342 4343 4229
f 4342 4229 4228
f 4339 4338 4223
f 4339 4223 4222
f 2414 3817 3816
f 2414 3816 3816
f 4139 4141 4029
f 4139 4029 4029
f 4197 3888 4236
f 4197 4236 4344
f 4345 4346 4347
f 4345 4347 4348
f 4349 4350 4351
f 4349 4351 4352
f 4352 4353 4354
f 4352 4354 4349
f 4038 4053 4052
f 4038 4052 4052
f 4053 4259 4258
f 4053 4258 4046
f 4355 4107 4072
f 4355 4072 4071
f 4310 4356 4357
f 4310 4357 4358
f 4359 4360 4033
f 4359 4033 4361
f 4099 4098 4245
f 4099 4245 4227
f 4214 4362 4038
f 4214 4038 3831
f 4363 4364 4365
f 4363 4365 4366
f 4367 4368 4225
f 4367 4225 4224
f 4239 4369 4370
f 4239 4370 4241
f 4336 4371 4372
f 4336 4372 4373
f 2395 2394 3858
f 2395 3858 3858
f 3929 4374 4011
f 3929 4011 4011
f 3982 4012 4340
f 3982 4340 4146
f 3930 4021 3931
f 3930 3931 3931
f 3931 4375 4341
f 3931 4341 4374
f 4162 4376 4369
f 4162 4369 4239
f 4343 4342 4377
f 4343 4377 4378
f 4379 4380 4381
f 4379 4381 4382
f 4383 4290 4289
f 4383 4289 4384
f 4206 4307 4385
f 4206 4385 4062
f 4316 4283 4386
f 4316 4386 4385
f 4321 4322 3895
f 4321 3895 3894
f 4387 4388 4389
f 4387 4389 4390
f 4069 3853 3852
f 4069 3852 3852
f 4391 4392 4305
f 4391 4305 4334
f 4393 4394 4302
f 4393 4302 4301
f 4395 4127 4145
f 4395 4145 4144
f 4155 3923 3922
f 4155 3922 4266
f 3841 4274 4396
f 3841 4396 4397
f 4074 4187 4274
f 4074 4274 4274
f 3953 3954 4398
f 3953 4398 4399
f 4400 3953 4399
f 4400 4399 4401
f 4402 4403 4104
f 4402 4104 4280
f 4404 4405 4326
f 4404 4326 4406
f 4407 4358 4115
f 4407 4115 4408
f 4409 4410 4084
f 4409 4084 4411
f 4412 4087 4387
f 4412 4387 4413
f 4144 4095 4154
f 4144 4154 4395
f 4126 4129 4124
f 4126 4124 4123
f 3993 2410 3846
f 3993 3846 3846
f 4083 3848 4414
f 4083 4414 4201
f 1314 4051 1291
f 1314 1291 1291
f 4396 4274 4186
f 4396 4186 4205
f 4343 4415 4367
f 4343 4367 4229
f 4230 4224 4223
f 4230 4223 4312
f 2394 2393 3850
f 2394 3850 3850
f 4332 4333 4416
f 4332 4416 4417
f 4418 4332 4417
f 4418 4417 4419
f 3842 3841 4397
f 3842 4397 4420
f 4138 4014 4421
f 4138 4421 4364
f 2391 2390 3833
f 2391 3833 3833
f 4422 4423 3845
f 4422 3845 3833
f 4424 4425 4426
f 4424 4426 4427
f 4428 4429 4430
f 4428 4430 4431
f 3837 4432 4075
f 3837 4075 4135
f 4433 4271 4434
f 4433 4434 4435
f 3925 4436 3926
f 3925 3926 3926
f 4059 4058 4437
f 4059 4437 4438
f 1222 3971 1199
f 1222 1199 1199
f 4112 4111 4439
f 4112 4439 4440
f 3820 3810 4046
f 3820 4046 4258
f 4422 3820 4258
f 4422 4258 4261
f 4441 4442 4443
f 4441 4443 4159
f 4444 4316 4385
f 4444 4385 4307
f 2406 4082 4445
f 2406 4445 4445
f 4446 4133 3846
f 4446 3846 3847
f 4188 4191 4120
f 4188 4120 4447
f 4272 4448 4161
f 4272 4161 4160
f 4449 4277 4450
f 4449 4450 4451
f 4452 4453 4219
f 4452 4219 4218
f 4454 4179 4276
f 4454 4276 4278
f 4179 4163 4240
f 4179 4240 4276
f 4142 4145 4455
f 4142 4455 4185
f 4142 4169 4097
f 4142 4097 4143
f 4005 3967 4006
f 4005 4006 4006
f 4006 3967 3966
f 4006 3966 3966
f 4456 4207 4061
f 4456 4061 4457
f 4366 4458 4222
f 4366 4222 4225
f 3829 1176 3970
f 3829 3970 3970
f 4320 3829 3970
f 4320 3970 4459
f 4176 4175 4460
f 4176 4460 4461
f 4118 4462 4463
f 4118 4463 4464
f 4465 4466 4467
f 4465 4467 4468
f 4469 4468 4470
f 4469 4470 4416
f 4471 4472 4473
f 4471 4473 4447
f 4472 4085 4084
f 4472 4084 4410
f 4474 4419 4417
f 4474 4417 4475
f 4476 4477 4478
f 4476 4478 4479
f 4480 4228 4231
f 4480 4231 4481
f 4482 4483 4484
f 4482 4484 4485
f 4427 4426 4486
f 4427 4486 4487
f 2403 2402 3887
f 2403 3887 3887
f 4037 3875 3854
f 4037 3854 3854
f 3908 3910 3906
f 3908 3906 3906
f 4488 3906 3910
f 4488 3910 4294
f 4013 4016 4322
f 4013 4322 4168
f 4013 4167 4421
f 4013 4421 4014
f 4257 4256 3856
f 4257 3856 3983
f 3869 3969 3983
f 3869 3983 3983
f 3890 3979 1636
f 3890 1636 1636
f 4474 4475 4476
f 4474 4476 4479
f 4128 4489 4268
f 4128 4268 4232
f 4490 4182 4491
f 4490 4491 4492
f 4319 4184 3823
f 4319 3823 4032
f 4318 4493 4494
f 4318 4494 4181
f 4482 4485 4495
f 4482 4495 4496
f 4497 4070 4403
f 4497 4403 4402
f 4280 4282 4498
f 4280 4498 4402
f 4012 4011 4374
f 4012 4374 4374
f 3929 3931 4374
f 3929 4374 4374
f 4274 4187 4186
f 4274 4186 4186
f 4101 4132 4187
f 4101 4187 4187
f 4499 4147 4500
f 4499 4500 4501
f 4502 4339 4222
f 4502 4222 4458
f 4200 4199 4503
f 4200 4503 4504
f 4436 3925 3937
f 4436 3937 3937
f 4269 4265 4217
f 4269 4217 4270
f 4150 4438 4505
f 4150 4505 4506
f 4507 4174 4173
f 4507 4173 4508
f 4217 4265 3912
f 4217 3912 4037
f 4217 4216 4509
f 4217 4509 4270
f 4061 4060 4404
f 4061 4404 4457
f 4060 4063 4510
f 4060 4510 4511
f 4512 4405 4511
f 4512 4511 4513
f 3886 4513 4514
f 3886 4514 3880
f 4480 4515 4516
f 4480 4516 4517
f 4518 4501 4519
f 4518 4519 4520
f 4078 4160 4159
f 4078 4159 4443
f 4443 4442 4484
f 4443 4484 4483
f 4521 4190 4381
f 4521 4381 4243
f 4190 4189 4382
f 4190 4382 4381
f 4002 3905 3907
f 4002 3907 3907
f 4522 4481 4287
f 4522 4287 4523
f 3872 3878 3870
f 3872 3870 3870
f 2396 4524 2397
f 2396 2397 2397
f 2405 2404 3882
f 2405 3882 3882
f 3960 4244 4100
f 3960 4100 4100
f 4100 4244 4380
f 4100 4380 4130
f 4048 2400 3946
f 4048 3946 3946
f 3915 3946 2399
f 3915 2399 2399
f 4494 4493 4525
f 4494 4525 4373
f 4108 4526 4527
f 4108 4527 4109
f 4287 4290 4329
f 4287 4329 4523
f 4287 4481 4231
f 4287 4231 4288
f 4019 4020 3806
f 4019 3806 3806
f 4528 3804 3807
f 4528 3807 3807
f 4433 4529 4391
f 4433 4391 4234
f 4054 4099 4227
f 4054 4227 3989
f 4093 4055 4054
f 4093 4054 4054
f 4530 4531 4532
f 4530 4532 4533
f 4251 4049 4048
f 4251 4048 4534
f 4048 3946 3947
f 4048 3947 4534
f 3954 4004 4003
f 3954 4003 4003
f 4002 3907 4003
f 4002 4003 4003
f 4535 4393 4301
f 4535 4301 4392
f 4462 4264 4401
f 4462 4401 4536
f 1636 1659 3890
f 1636 3890 3890
f 4080 4079 4537
f 4080 4537 4538
f 4194 4285 4539
f 4194 4539 4165
f 3819 4073 3814
f 3819 3814 3816
f 4073 4072 3986
f 4073 3986 3985
f 4540 4541 4352
f 4540 4352 4351
f 4541 4506 4353
f 4541 4353 4352
f 4044 4137 4542
f 4044 4542 4530
f 4543 4544 4545
f 4543 4545 4546
f 4081 4080 4445
f 4081 4445 4082
f 2406 2405 4082
f 2406 4082 4082
f 4281 4455 4126
f 4281 4126 4123
f 4455 4145 4127
f 4455 4127 4126
f 4094 4143 4097
f 4094 4097 4096
f 4237 4138 4364
f 4237 4364 4363
f 4363 4366 4225
f 4363 4225 4368
f 4431 4371 4370
f 4431 4370 4428
f 3956 3955 3951
f 3956 3951 3951
f 3963 3956 4400
f 3963 4400 4263
f 4394 4393 4547
f 4394 4547 4548
f 4549 4542 4550
f 4549 4550 4548
f 4071 4116 4357
f 4071 4357 4355
f 4551 4108 4107
f 4551 4107 4355
f 4220 4552 4503
f 4220 4503 4199
f 4553 4554 4317
f 4553 4317 4555
f 4535 4529 4556
f 4535 4556 4557
f 4052 4039 4038
f 4052 4038 4038
f 4038 4362 4259
f 4038 4259 4053
f 4101 4100 4132
f 4101 4132 4132
f 4320 4459 4555
f 4320 4555 4317
f 4152 3892 4273
f 4152 4273 4273
f 3892 4347 4346
f 3892 4346 3893
f 3813 4558 3889
f 3813 3889 3802
f 4559 4134 4133
f 4559 4133 4560
f 4561 4246 4245
f 4561 4245 4335
f 4196 4134 4559
f 4196 4559 4408
f 4408 4559 4562
f 4408 4562 4407
f 4514 4510 4065
f 4514 4065 4064
f 4510 4063 4386
f 4510 4386 4065
f 4563 4195 4164
f 4563 4164 4180
f 4412 4564 4308
f 4412 4308 4411
f 4564 4260 4259
f 4564 4259 4362
f 3852 3851 4023
f 3852 4023 4565
f 4226 4247 4152
f 4226 4152 3990
f 4247 4248 4348
f 4247 4348 4347
f 4035 3948 3915
f 4035 3915 3914
f 4514 4513 4511
f 4514 4511 4510
f 4514 4064 3870
f 4514 3870 3880
f 4252 4566 4567
f 4252 4567 4314
f 4106 4109 3828
f 4106 3828 3826
f 4075 4077 4135
f 4075 4135 4135
f 4075 4432 4137
f 4075 4137 4136
f 4250 4448 3881
f 4250 3881 3887
f 4568 4569 4450
f 4568 4450 4570
f 3996 4284 3920
f 3996 3920 3920
f 3996 4327 4512
f 3996 4512 3994
f 3877 3975 3902
f 3877 3902 3902
f 3903 4429 4424
f 3903 4424 3961
f 4571 4111 4114
f 4571 4114 4572
f 4573 4574 4158
f 4573 4158 4315
f 1406 1429 3899
f 1406 3899 3899
f 4575 4576 4212
f 4575 4212 4577
f 4332 4418 3860
f 4332 3860 3859
f 4297 4300 4578
f 4297 4578 4579
f 4354 4297 4579
f 4354 4579 4580
f 4480 4517 4342
f 4480 4342 4228
f 4480 4481 4522
f 4480 4522 4515
f 4263 4262 4521
f 4263 4521 3963
f 4262 4121 4120
f 4262 4120 4191
f 4140 4581 4582
f 4140 4582 4331
f 4236 3888 3899
f 4236 3899 3901
f 4236 4238 4415
f 4236 4415 4344
f 4313 4375 4384
f 4313 4384 4289
f 4313 4312 4223
f 4313 4223 4338
f 3918 4088 3923
f 3918 3923 3923
f 3942 4583 4304
f 3942 4304 3943
f 4584 4556 4435
f 4584 4435 4585
f 4426 4376 4539
f 4426 4539 4486
f 4586 4587 4487
f 4586 4487 4486
f 4462 4536 4460
f 4462 4460 4463
f 4588 4589 4464
f 4588 4464 4463
f 4122 4125 4304
f 4122 4304 4583
f 4201 4414 4516
f 4201 4516 4198
f 4386 4063 4062
f 4386 4062 4385
f 4525 4493 4554
f 4525 4554 4568
f 4337 4525 4568
f 4337 4568 4570
f 4310 4358 4407
f 4310 4407 4311
f 4310 4090 4590
f 4310 4590 4356
f 4043 4042 4591
f 4043 4591 4292
f 4592 4294 4293
f 4592 4293 4292
f 4593 4592 4594
f 4593 4594 4595
f 1475 1498 3896
f 1475 3896 3896
f 3896 3895 4322
f 3896 4322 4016
f 3856 3869 3983
f 3856 3983 3983
f 3856 4256 4216
f 3856 4216 3854
f 4596 4597 4547
f 4596 4547 4557
f 4549 4597 4598
f 4549 4598 4531
f 4599 4600 4389
f 4599 4389 4601
f 4600 3850 3849
f 4600 3849 4602
f 3965 3852 4565
f 3965 4565 4603
f 4487 4587 3998
f 4487 3998 3999
f 4291 4000 3999
f 4291 3999 3999
f 4509 4216 4256
f 4509 4256 4255
f 4604 4605 4003
f 4604 4003 3907
f 4605 4398 3954
f 4605 3954 4003
f 3937 3936 4606
f 3937 4606 4606
f 4607 4299 4608
f 4607 4608 4609
f 4323 4610 4611
f 4323 4611 4406
f 4612 4388 4086
f 4612 4086 4613
f 4156 3867 3893
f 4156 3893 4346
f 4465 4614 4345
f 4465 4345 4350
f 3947 3950 4566
f 3947 4566 4534
f 4389 4600 4602
f 4389 4602 4390
f 4389 4388 4612
f 4389 4612 4601
f 4615 4390 4602
f 4615 4602 4423
f 4423 4602 3849
f 4423 3849 3845
f 4434 4509 4255
f 4434 4255 4616
f 4617 4616 4255
f 4617 4255 4254
f 3936 3978 4606
f 3936 4606 4606
f 4618 4436 3937
f 4618 3937 4606
f 3824 2412 3992
f 3824 3992 3992
f 3824 4117 3818
f 3824 3818 3817
f 3844 4069 3965
f 3844 3965 3965
f 3965 4603 4215
f 3965 4215 3830
f 1360 4031 1337
f 1360 1337 1337
f 4377 4619 4051
f 4377 4051 3874
f 3914 2397 4524
f 3914 4524 4524
f 3873 4524 2396
f 3873 2396 2396
f 4469 4157 4156
f 4469 4156 4614
f 4341 4375 4313
f 4341 4313 4338
f 4281 4279 4185
f 4281 4185 4455
f 4281 4123 4122
f 4281 4122 4282
f 4566 3950 4177
f 4566 4177 4567
f 4359 4612 4613
f 4359 4613 4620
f 4589 4620 4621
f 4589 4621 4464
f 4590 4622 4551
f 4590 4551 4356
f 4615 4261 4260
f 4615 4260 4413
f 3998 4291 3999
f 3998 3999 3999
f 3998 4587 4295
f 3998 4295 3919
f 4618 4606 4623
f 4618 4623 4609
f 4437 4618 4609
f 4437 4609 4608
f 4586 4285 4286
f 4586 4286 4325
f 4563 4624 4625
f 4563 4625 4626
f 4412 4411 4084
f 4412 4084 4087
f 4412 4413 4260
f 4412 4260 4564
f 4033 4036 4627
f 4033 4627 4361
f 4628 4629 4431
f 4628 4431 4430
f 4372 4629 4492
f 4372 4492 4491
f 4491 4182 4181
f 4491 4181 4494
f 4158 4161 4253
f 4158 4253 4315
f 4158 4574 4441
f 4158 4441 4159
f 4220 4199 4198
f 4220 4198 4221
f 4220 4219 4630
f 4220 4630 4552
f 4267 4360 4589
f 4267 4589 4588
f 4631 4632 4507
f 4631 4507 4477
f 4394 4633 3836
f 4394 3836 4302
f 3837 4633 4550
f 3837 4550 4432
f 4055 3940 3939
f 4055 3939 3939
f 3939 4096 4099
f 3939 4099 4054
f 4031 4197 4344
f 4031 4344 4378
f 4378 4344 4415
f 4378 4415 4343
f 4621 4634 4471
f 4621 4471 4119
f 4634 4613 4086
f 4634 4086 4085
f 4367 4415 4238
f 4367 4238 4368
f 4272 3882 3881
f 4272 3881 4448
f 1613 1636 3979
f 1613 3979 3979
f 4545 4544 4635
f 4545 4635 4456
f 4611 4545 4456
f 4611 4456 4457
f 4056 4104 4403
f 4056 4403 4057
f 4056 4059 4149
f 4056 4149 4102
f 4425 4369 4376
f 4425 4376 4426
f 4636 4029 4028
f 4636 4028 4028
f 4581 4636 4637
f 4581 4637 4638
f 4366 4365 4639
f 4366 4639 4458
f 4364 4421 4640
f 4364 4640 4365
f 4598 4092 4091
f 4598 4091 4641
f 4377 4342 4517
f 4377 4517 4619
f 4345 4348 4351
f 4345 4351 4350
f 4345 4614 4156
f 4345 4156 4346
f 4188 4642 4643
f 4188 4643 4189
f 4644 4642 4473
f 4644 4473 4645
f 4021 4384 4375
f 4021 4375 3931
f 3930 3883 4021
f 3930 4021 4021
f 4118 4121 4264
f 4118 4264 4462
f 4500 4502 4458
f 4500 4458 4639
f 4200 4504 3971
f 4200 3971 4202
f 1222 1245 4202
f 1222 4202 4202
f 4586 4325 4295
f 4586 4295 4587
f 4251 4534 4566
f 4251 4566 4252
f 4449 4451 4453
f 4449 4453 4646
f 4383 4384 4021
f 4383 4021 3885
f 4330 4383 3885
f 4330 3885 4027
f 4640 4421 4167
f 4640 4167 4213
f 4519 4639 4365
f 4519 4365 4640
f 4512 4513 3886
f 4512 3886 3994
f 4512 4327 4326
f 4512 4326 4405
f 2396 2395 3873
f 2396 3873 3873
f 4218 4221 4515
f 4218 4515 4522
f 4452 4523 4329
f 4452 4329 4328
f 4647 4562 4559
f 4647 4559 4560
f 4407 4562 4648
f 4407 4648 4311
f 4470 4649 4476
f 4470 4476 4475
f 4150 4149 4059
f 4150 4059 4438
f 4150 4506 4541
f 4150 4541 4151
f 4604 4488 4593
f 4604 4593 4572
f 4488 4294 4592
f 4488 4592 4593
f 3826 3825 3987
f 3826 3987 3987
f 3986 4072 4107
f 3986 4107 4106
f 4642 4644 4208
f 4642 4208 4643
f 4650 4382 4189
f 4650 4189 4643
f 4555 4459 4504
f 4555 4504 4503
f 4553 4552 4630
f 4553 4630 4569
f 4554 4493 4318
f 4554 4318 4317
f 3803 2417 3805
f 3803 3805 3805
f 2415 3814 2416
f 2415 2416 2416
f 4505 4298 4353
f 4505 4353 4506
f 4466 4580 4651
f 4466 4651 4467
f 4273 4153 4152
f 4273 4152 4152
f 4152 4247 4347
f 4152 4347 3892
f 4453 4451 4630
f 4453 4630 4219
f 4582 4652 4449
f 4582 4449 4646
f 4652 4278 4277
f 4652 4277 4449
f 4154 4095 3916
f 4154 3916 3918
f 4154 4155 4489
f 4154 4489 4395
f 4633 3837 3836
f 4633 3836 3836
f 3835 4006 3836
f 3835 3836 3836
f 4083 1268 3848
f 4083 3848 3848
f 4083 4201 4200
f 4083 4200 4202
f 4471 4447 4120
f 4471 4120 4119
f 4471 4634 4085
f 4471 4085 4472
f 4315 4314 4439
f 4315 4439 4573
f 4571 4595 4574
f 4571 4574 4573
f 4623 4606 3978
f 4623 3978 3978
f 4308 4564 4362
f 4308 4362 4214
f 4439 4314 4567
f 4439 4567 4440
f 4596 4557 4556
f 4596 4556 4584
f 4404 4060 4511
f 4404 4511 4405
f 4370 4369 4425
f 4370 4425 4428
f 4171 4102 4149
f 4171 4149 4148
f 4307 4306 4379
f 4307 4379 4444
f 4650 4211 4316
f 4650 4316 4444
f 4133 4446 4653
f 4133 4653 4560
f 4354 4353 4298
f 4354 4298 4297
f 4354 4580 4466
f 4354 4466 4349
f 3821 2389 3800
f 3821 3800 3800
f 3799 3811 3800
f 3799 3800 3800
f 2399 2398 3915
f 2399 3915 3915
f 3915 3948 3947
f 3915 3947 3946
f 4532 4641 4648
f 4532 4648 4654
f 4495 4485 4041
f 4495 4041 4533
f 1084 3822 3808
f 1084 3808 3808
f 4183 4655 3808
f 4183 3808 3822
f 4473 4642 4188
f 4473 4188 4447
f 4473 4472 4410
f 4473 4410 4645
f 1659 1682 3889
f 1659 3889 3889
f 3889 4558 4656
f 3889 4656 3890
f 4067 3871 3870
f 4067 3870 4064
f 4561 4335 4148
f 4561 4148 4151
f 4246 4561 4540
f 4246 4540 4248
f 3973 3972 4657
f 3973 4657 4028
f 4028 4030 3973
f 4028 3973 3973
f 4658 4536 4401
f 4658 4401 4399
f 4399 4398 4113
f 4399 4113 4658
f 4113 4398 4605
f 4113 4605 4114
f 4113 4112 4461
f 4113 4461 4658
f 4230 4312 4288
f 4230 4288 4231
f 4230 4229 4367
f 4230 4367 4224
f 4651 4580 4579
f 4651 4579 4659
f 4631 4649 4467
f 4631 4467 4651
f 4109 4527 3968
f 4109 3968 3828
f 4527 4526 4254
f 4527 4254 4257
f 4008 3984 4105
f 4008 4105 4105
f 3987 3986 4106
f 3987 4106 3826
f 3988 3932 3982
f 3988 3982 3982
f 3988 4147 4499
f 3988 4499 4660
f 1037 1061 3809
f 1037 3809 3809
f 4461 4112 4440
f 4461 4440 4176
f 4537 4079 4483
f 4537 4483 4482
f 4653 4537 4482
f 4653 4482 4496
f 4022 4209 4661
f 4022 4661 4662
f 4565 4662 4663
f 4565 4663 4603
f 4654 4647 4496
f 4654 4496 4495
f 4551 4622 4526
f 4551 4526 4108
f 4460 4536 4658
f 4460 4658 4461
f 4460 4175 4588
f 4460 4588 4463
f 4599 4627 3873
f 4599 3873 3858
f 4627 4036 4524
f 4627 4524 3873
f 4456 4635 4204
f 4456 4204 4207
f 4635 4544 4397
f 4635 4397 4396
f 4594 4591 4442
f 4594 4442 4441
f 4591 4042 4484
f 4591 4484 4442
f 4267 4034 4033
f 4267 4033 4360
f 4267 4588 4175
f 4267 4175 4178
f 4550 4633 4394
f 4550 4394 4548
f 4550 4542 4137
f 4550 4137 4432
f 3971 1222 4202
f 3971 4202 4202
f 3971 4504 4459
f 3971 4459 3970
f 4578 4664 4576
f 4578 4576 4575
f 4575 4577 4632
f 4575 4632 4659
f 4663 4665 4409
f 4663 4409 4309
f 4665 4661 4644
f 4665 4644 4645
f 4204 4203 4206
f 4204 4206 4207
f 4204 4635 4396
f 4204 4396 4205
f 3814 2415 3816
f 3814 3816 3816
f 3814 4073 3985
f 3814 3985 3805
f 4598 4597 4596
f 4598 4596 4092
f 4598 4641 4532
f 4598 4532 4531
f 4400 3956 3951
f 4400 3951 3953
f 4400 4401 4264
f 4400 4264 4263
f 4305 4125 4124
f 4305 4124 4334
f 4305 4392 4301
f 4305 4301 4303
f 4654 4495 4533
f 4654 4533 4532
f 3863 3868 3865
f 3863 3865 3865
f 3865 4157 4333
f 3865 4333 3864
f 4196 3992 3993
f 4196 3993 4134
f 4196 4408 4115
f 4196 4115 4117
f 4140 4029 4636
f 4140 4636 4581
f 4571 4572 4593
f 4571 4593 4595
f 4571 4573 4439
f 4571 4439 4111
f 4628 4430 3975
f 4628 3975 3876
f 4629 4628 4110
f 4629 4110 4492
f 4653 4446 4538
f 4653 4538 4537
f 4653 4496 4647
f 4653 4647 4560
f 4607 4666 4667
f 4607 4667 4668
f 4666 4623 3978
f 4666 3978 4660
f 4507 4508 4478
f 4507 4478 4477
f 4507 4632 4577
f 4507 4577 4174
f 4469 4416 4333
f 4469 4333 4157
f 4340 4012 4374
f 4340 4374 4341
f 4340 4339 4502
f 4340 4502 4146
f 4521 4243 3964
f 4521 3964 3963
f 4521 4262 4191
f 4521 4191 4190
f 4578 4300 4668
f 4578 4668 4664
f 4578 4575 4659
f 4578 4659 4579
f 4131 4205 4186
f 4131 4186 4132
f 4131 4130 4306
f 4131 4306 4203
f 4544 4543 4420
f 4544 4420 4397
f 4543 4546 4192
f 4543 4192 4626
f 1452 1475 3897
f 1452 3897 3897
f 3897 4015 3900
f 3897 3900 3898
f 3972 3974 3842
f 3972 3842 3842
f 4540 4561 4151
f 4540 4151 4541
f 4540 4351 4348
f 4540 4348 4248
f 4594 4592 4292
f 4594 4292 4591
f 4594 4441 4574
f 4594 4574 4595
f 4549 4531 4530
f 4549 4530 4542
f 4022 4025 4210
f 4022 4210 4209
f 4022 4662 4565
f 4022 4565 4023
f 4078 4081 4272
f 4078 4272 4160
f 4078 4443 4483
f 4078 4483 4079
f 4208 4211 4650
f 4208 4650 4643
f 4208 4644 4661
f 4208 4661 4209
f 4409 4665 4645
f 4409 4645 4410
f 4409 4411 4308
f 4409 4308 4309
f 4031 1360 4197
f 4031 4197 4197
f 4031 4378 4377
f 4031 4377 3874
f 4268 4269 4233
f 4268 4233 4232
f 4268 4489 4155
f 4268 4155 4266
f 1544 1567 4010
f 1544 4010 4010
f 3894 4010 4669
f 3894 4669 4321
f 4655 4490 4018
f 4655 4018 4017
f 4434 4616 4585
f 4434 4585 4435
f 4434 4271 4270
f 4434 4270 4509
f 4128 4232 4235
f 4128 4235 4129
f 4128 4127 4395
f 4128 4395 4489
f 4035 3914 4524
f 4035 4524 4036
f 4035 4034 3949
f 4035 3949 3948
f 4433 4234 4233
f 4433 4233 4271
f 4433 4435 4556
f 4433 4556 4529
f 4470 4468 4467
f 4470 4467 4649
f 4470 4475 4417
f 4470 4417 4416
f 3860 4418 4558
f 3860 4558 3813
f 4068 3861 3860
f 4068 3860 3860
f 4498 4282 4122
f 4498 4122 4583
f 4637 4636 4028
f 4637 4028 4657
f 4670 4637 4657
f 4670 4657 4624
f 4110 4628 3876
f 4110 3876 3839
f 4110 4018 4490
f 4110 4490 4492
f 3857 3977 3976
f 3857 3976 3976
f 3976 4024 4023
f 3976 4023 3851
f 4296 4295 4325
f 4296 4325 4324
f 4296 4327 3996
f 4296 3996 3920
f 4380 4244 4243
f 4380 4243 4381
f 3945 4249 3944
f 3945 3944 3944
f 4498 3944 4497
f 4498 4497 4402
f 4631 4477 4476
f 4631 4476 4649
f 4631 4651 4659
f 4631 4659 4632
f 4179 4454 4670
f 4179 4670 4180
f 4454 4278 4652
f 4454 4652 4638
f 4611 4457 4404
f 4611 4404 4406
f 4611 4610 4546
f 4611 4546 4545
f 3823 1130 4032
f 3823 4032 4032
f 4330 4027 4140
f 4330 4140 4331
f 4330 4329 4290
f 4330 4290 4383
f 4656 4558 4418
f 4656 4418 4419
f 4671 4656 4419
f 4671 4419 4474
f 3974 3843 3842
f 3974 3842 3842
f 3842 4420 4625
f 3842 4625 3972
f 4177 3950 3949
f 4177 3949 4178
f 4177 4176 4440
f 4177 4440 4567
f 4001 3962 3961
f 4001 3961 3961
f 4001 4427 4487
f 4001 4487 3999
f 4519 4640 4213
f 4519 4213 4520
f 3966 3943 4304
f 3966 4304 4303
f 3966 4302 3836
f 3966 3836 4006
f 4671 4672 3980
f 4671 3980 3979
f 4237 3901 3900
f 4237 3900 4138
f 4237 4363 4368
f 4237 4368 4238
f 4516 4414 4619
f 4516 4619 4517
f 4516 4515 4221
f 4516 4221 4198
f 4391 4334 4235
f 4391 4235 4234
f 4391 4529 4535
f 4391 4535 4392
f 4319 4032 3829
f 4319 3829 4320
f 4319 4318 4181
f 4319 4181 4184
f 3987 4105 3984
f 3987 3984 3984
f 4008 3803 3984
f 4008 3984 3984
f 4357 4116 4115
f 4357 4115 4358
f 4357 4356 4551
f 4357 4551 4355
f 4250 3887 4049
f 4250 4049 4251
f 4250 4253 4161
f 4250 4161 4448
f 4655 4017 3809
f 4655 3809 3808
f 4450 4277 4275
f 4450 4275 4570
f 4450 4569 4630
f 4450 4630 4451
f 4671 3979 3890
f 4671 3890 4656
f 4671 4474 4479
f 4671 4479 4672
f 4465 4468 4469
f 4465 4469 4614
f 4465 4350 4349
f 4465 4349 4466
f 4051 1314 3874
f 4051 3874 3874
f 4051 4619 4414
f 4051 4414 3848
f 4617 4254 4526
f 4617 4526 4622
f 4673 4617 4622
f 4673 4622 4590
f 4424 4427 4001
f 4424 4001 3961
f 4424 4429 4428
f 4424 4428 4425
f 4192 4546 4610
f 4192 4610 4193
f 4192 4195 4563
f 4192 4563 4626
f 4323 4286 4193
f 4323 4193 4610
f 4323 4406 4326
f 4323 4326 4324
f 4621 4119 4118
f 4621 4118 4464
f 4621 4620 4613
f 4621 4613 4634
f 3941 3945 3942
f 3941 3942 3942
f 3942 3944 4498
f 3942 4498 4583
f 3926 4436 4058
f 3926 4058 4057
f 3926 4057 4403
f 3926 4403 4070
f 4379 4306 4130
f 4379 4130 4380
f 4379 4382 4650
f 4379 4650 4444
f 4437 4058 4436
f 4437 4436 4618
f 4437 4608 4505
f 4437 4505 4438
f 3909 4077 4076
f 3909 4076 4076
f 4076 4075 4136
f 4076 4136 4293
f 4094 4095 4144
f 4094 4144 4143
f 4094 4096 3939
f 4094 3939 3938
f 4212 4166 4174
f 4212 4174 4577
f 4212 4576 4520
f 4212 4520 4213
f 4299 4298 4505
f 4299 4505 4608
f 3975 3877 3876
f 3975 3876 3876
f 3975 4430 4429
f 3975 4429 3903
f 4663 4662 4661
f 4663 4661 4665
f 4663 4309 4215
f 4663 4215 4603
f 4599 3858 3850
f 4599 3850 4600
f 4599 4601 4361
f 4599 4361 4627
f 4422 3833 3821
f 4422 3821 3820
f 4422 4261 4615
f 4422 4615 4423
f 4500 4147 4146
f 4500 4146 4502
f 4500 4639 4519
f 4500 4519 4501
f 4528 1038 3804
f 4528 3804 3804
f 3804 3809 4017
f 3804 4017 3806
f 4387 4390 4615
f 4387 4615 4413
f 4387 4087 4086
f 4387 4086 4388
f 4673 4089 4584
f 4673 4584 4585
f 4089 4092 4596
f 4089 4596 4584
f 3933 3988 4660
f 3933 4660 3978
f 3978 3934 3933
f 3978 3933 3933
f 4582 4581 4638
f 4582 4638 4652
f 4582 4646 4328
f 4582 4328 4331
f 4372 4371 4431
f 4372 4431 4629
f 4372 4491 4494
f 4372 4494 4373
f 4667 4666 4660
f 4667 4660 4499
f 4668 4667 4518
f 4668 4518 4664
f 4518 4667 4499
f 4518 4499 4501
f 4518 4520 4576
f 4518 4576 4664
f 4674 4672 4479
f 4674 4479 4478
f 4669 4674 4478
f 4669 4478 4508
f 4041 4044 4530
f 4041 4530 4533
f 4041 4485 4484
f 4041 4484 4042
f 3968 3834 3828
f 3968 3828 3828
f 3968 4527 4257
f 3968 4257 3983
f 4066 4065 4386
f 4066 4386 4283
f 4066 4025 4024
f 4066 4024 4067
f 4359 4361 4601
f 4359 4601 4612
f 4359 4620 4589
f 4359 4589 4360
f 4607 4609 4623
f 4607 4623 4666
f 4607 4668 4300
f 4607 4300 4299
f 4553 4555 4503
f 4553 4503 4552
f 4553 4569 4568
f 4553 4568 4554
f 4183 3822 3823
f 4183 3823 4184
f 4183 4182 4490
f 4183 4490 4655
f 4171 4170 4103
f 4171 4103 4102
f 4171 4148 4335
f 4171 4335 4172
f 4673 4590 4090
f 4673 4090 4089
f 4673 4585 4616
f 4673 4616 4617
f 4337 4570 4275
f 4337 4275 4242
f 4604 3907 3906
f 4604 3906 4488
f 4604 4572 4114
f 4604 4114 4605
f 3944 4249 4497
f 3944 4497 4497
f 4249 4070 4497
f 4249 4497 4497
f 4625 4420 4543
f 4625 4543 4626
f 4625 4624 4657
f 4625 4657 3972
f 4080 4538 4026
f 4080 4026 4445
f 2407 2406 4445
f 2407 4445 4445
f 4026 2407 4445
f 4026 4445 4445
f 4026 4538 4446
f 4026 4446 3847
f 4336 4241 4370
f 4336 4370 4371
f 4336 4373 4525
f 4336 4525 4337
f 4452 4328 4646
f 4452 4646 4453
f 4452 4218 4522
f 4452 4522 4523
f 4547 4393 4535
f 4547 4535 4557
f 4547 4597 4549
f 4547 4549 4548
f 1590 1613 3980
f 1590 3980 3980
f 3980 4672 4674
f 3980 4674 4009
f 4539 4376 4162
f 4539 4162 4165
f 4539 4285 4586
f 4539 4586 4486
f 4648 4562 4647
f 4648 4647 4654
f 4648 4641 4091
f 4648 4091 4311
f 4670 4624 4563
f 4670 4563 4180
f 4670 4454 4638
f 4670 4638 4637
f 4669 4010 4009
f 4669 4009 4674
f 4669 4508 4173
f 4669 4173 4321
