$MeshFormat
2.2 0 8
$EndMeshFormat
$PhysicalNames
1
2 1 "gdf_created_by_Python_script"
$EndPhysicalNames
$Nodes
1179
1 6 0 -14
2 5.918168068 0.9875680208 -14
3 5.918168068 0.9875680208 -12.53660202
4 6 0 -12.53660202
5 5.674902916 1.948197007 -14
6 5.674902916 1.948197007 -12.53660202
7 5.276843071 2.855684042 -14
8 5.276843071 2.855684042 -12.53660202
9 4.734842777 3.685276031 -14
10 4.734842777 3.685276031 -12.53660202
11 4.063689232 4.41434288 -14
12 4.063689232 4.41434288 -12.53660202
13 3.281688929 5.02299881 -14
14 3.281688929 5.02299881 -12.53660202
15 2.410172939 5.494639874 -14
16 2.410172939 5.494639874 -12.53660202
17 1.472913027 5.816401958 -14
18 1.472913027 5.816401958 -12.53660202
19 0.4954760075 5.979506969 -14
20 0.4954760075 5.979506969 -12.53660202
21 -0.4954760075 5.979506969 -14
22 -0.4954760075 5.979506969 -12.53660202
23 -1.472913027 5.816401958 -14
24 -1.472913027 5.816401958 -12.53660202
25 -2.410172939 5.494639874 -14
26 -2.410172939 5.494639874 -12.53660202
27 -3.281688929 5.02299881 -14
28 -3.281688929 5.02299881 -12.53660202
29 -4.063689232 4.41434288 -14
30 -4.063689232 4.41434288 -12.53660202
31 -4.734842777 3.685276031 -14
32 -4.734842777 3.685276031 -12.53660202
33 -5.276843071 2.855684042 -14
34 -5.276843071 2.855684042 -12.53660202
35 -5.674902916 1.948197007 -14
36 -5.674902916 1.948197007 -12.53660202
37 -5.918168068 0.9875680208 -14
38 -5.918168068 0.9875680208 -12.53660202
39 -6 0 -14
40 -6 0 -12.53660202
41 -5.918168068 -0.9875680208 -14
42 -5.918168068 -0.9875680208 -12.53660202
43 -5.674902916 -1.948197007 -14
44 -5.674902916 -1.948197007 -12.53660202
45 -5.276843071 -2.855684042 -14
46 -5.276843071 -2.855684042 -12.53660202
47 -4.734842777 -3.685276031 -14
48 -4.734842777 -3.685276031 -12.53660202
49 -4.063689232 -4.41434288 -14
50 -4.063689232 -4.41434288 -12.53660202
51 -3.281688929 -5.02299881 -14
52 -3.281688929 -5.02299881 -12.53660202
53 -2.410172939 -5.494639874 -14
54 -2.410172939 -5.494639874 -12.53660202
55 -1.472913027 -5.816401958 -14
56 -1.472913027 -5.816401958 -12.53660202
57 -0.4954760075 -5.979506969 -14
58 -0.4954760075 -5.979506969 -12.53660202
59 0.4954760075 -5.979506969 -14
60 0.4954760075 -5.979506969 -12.53660202
61 1.472913027 -5.816401958 -14
62 1.472913027 -5.816401958 -12.53660202
63 2.410172939 -5.494639874 -14
64 2.410172939 -5.494639874 -12.53660202
65 3.281688929 -5.02299881 -14
66 3.281688929 -5.02299881 -12.53660202
67 4.063689232 -4.41434288 -14
68 4.063689232 -4.41434288 -12.53660202
69 4.734842777 -3.685276031 -14
70 4.734842777 -3.685276031 -12.53660202
71 5.276843071 -2.855684042 -14
72 5.276843071 -2.855684042 -12.53660202
73 5.674902916 -1.948197007 -14
74 5.674902916 -1.948197007 -12.53660202
75 5.918168068 -0.9875680208 -14
76 5.918168068 -0.9875680208 -12.53660202
77 5.918168068 0.9875680208 -11.08923626
78 6 0 -11.08923626
79 5.674902916 1.948197007 -11.08923626
80 5.276843071 2.855684042 -11.08923626
81 4.734842777 3.685276031 -11.08923626
82 4.063689232 4.41434288 -11.08923626
83 3.281688929 5.02299881 -11.08923626
84 2.410172939 5.494639874 -11.08923626
85 1.472913027 5.816401958 -11.08923626
86 0.4954760075 5.979506969 -11.08923626
87 -0.4954760075 5.979506969 -11.08923626
88 -1.472913027 5.816401958 -11.08923626
89 -2.410172939 5.494639874 -11.08923626
90 -3.281688929 5.02299881 -11.08923626
91 -4.063689232 4.41434288 -11.08923626
92 -4.734842777 3.685276031 -11.08923626
93 -5.276843071 2.855684042 -11.08923626
94 -5.674902916 1.948197007 -11.08923626
95 -5.918168068 0.9875680208 -11.08923626
96 -6 0 -11.08923626
97 -5.918168068 -0.9875680208 -11.08923626
98 -5.674902916 -1.948197007 -11.08923626
99 -5.276843071 -2.855684042 -11.08923626
100 -4.734842777 -3.685276031 -11.08923626
101 -4.063689232 -4.41434288 -11.08923626
102 -3.281688929 -5.02299881 -11.08923626
103 -2.410172939 -5.494639874 -11.08923626
104 -1.472913027 -5.816401958 -11.08923626
105 -0.4954760075 -5.979506969 -11.08923626
106 0.4954760075 -5.979506969 -11.08923626
107 1.472913027 -5.816401958 -11.08923626
108 2.410172939 -5.494639874 -11.08923626
109 3.281688929 -5.02299881 -11.08923626
110 4.063689232 -4.41434288 -11.08923626
111 4.734842777 -3.685276031 -11.08923626
112 5.276843071 -2.855684042 -11.08923626
113 5.674902916 -1.948197007 -11.08923626
114 5.918168068 -0.9875680208 -11.08923626
115 5.918168068 0.9875680208 -9.673762321
116 6 0 -9.673762321
117 5.674902916 1.948197007 -9.673762321
118 5.276843071 2.855684042 -9.673762321
119 4.734842777 3.685276031 -9.673762321
120 4.063689232 4.41434288 -9.673762321
121 3.281688929 5.02299881 -9.673762321
122 2.410172939 5.494639874 -9.673762321
123 1.472913027 5.816401958 -9.673762321
124 0.4954760075 5.979506969 -9.673762321
125 -0.4954760075 5.979506969 -9.673762321
126 -1.472913027 5.816401958 -9.673762321
127 -2.410172939 5.494639874 -9.673762321
128 -3.281688929 5.02299881 -9.673762321
129 -4.063689232 4.41434288 -9.673762321
130 -4.734842777 3.685276031 -9.673762321
131 -5.276843071 2.855684042 -9.673762321
132 -5.674902916 1.948197007 -9.673762321
133 -5.918168068 0.9875680208 -9.673762321
134 -6 0 -9.673762321
135 -5.918168068 -0.9875680208 -9.673762321
136 -5.674902916 -1.948197007 -9.673762321
137 -5.276843071 -2.855684042 -9.673762321
138 -4.734842777 -3.685276031 -9.673762321
139 -4.063689232 -4.41434288 -9.673762321
140 -3.281688929 -5.02299881 -9.673762321
141 -2.410172939 -5.494639874 -9.673762321
142 -1.472913027 -5.816401958 -9.673762321
143 -0.4954760075 -5.979506969 -9.673762321
144 0.4954760075 -5.979506969 -9.673762321
145 1.472913027 -5.816401958 -9.673762321
146 2.410172939 -5.494639874 -9.673762321
147 3.281688929 -5.02299881 -9.673762321
148 4.063689232 -4.41434288 -9.673762321
149 4.734842777 -3.685276031 -9.673762321
150 5.276843071 -2.855684042 -9.673762321
151 5.674902916 -1.948197007 -9.673762321
152 5.918168068 -0.9875680208 -9.673762321
153 5.918168068 0.9875680208 -8.305686951
154 6 0 -8.305686951
155 5.674902916 1.948197007 -8.305686951
156 5.276843071 2.855684042 -8.305686951
157 4.734842777 3.685276031 -8.305686951
158 4.063689232 4.41434288 -8.305686951
159 3.281688929 5.02299881 -8.305686951
160 2.410172939 5.494639874 -8.305686951
161 1.472913027 5.816401958 -8.305686951
162 0.4954760075 5.979506969 -8.305686951
163 -0.4954760075 5.979506969 -8.305686951
164 -1.472913027 5.816401958 -8.305686951
165 -2.410172939 5.494639874 -8.305686951
166 -3.281688929 5.02299881 -8.305686951
167 -4.063689232 4.41434288 -8.305686951
168 -4.734842777 3.685276031 -8.305686951
169 -5.276843071 2.855684042 -8.305686951
170 -5.674902916 1.948197007 -8.305686951
171 -5.918168068 0.9875680208 -8.305686951
172 -6 0 -8.305686951
173 -5.918168068 -0.9875680208 -8.305686951
174 -5.674902916 -1.948197007 -8.305686951
175 -5.276843071 -2.855684042 -8.305686951
176 -4.734842777 -3.685276031 -8.305686951
177 -4.063689232 -4.41434288 -8.305686951
178 -3.281688929 -5.02299881 -8.305686951
179 -2.410172939 -5.494639874 -8.305686951
180 -1.472913027 -5.816401958 -8.305686951
181 -0.4954760075 -5.979506969 -8.305686951
182 0.4954760075 -5.979506969 -8.305686951
183 1.472913027 -5.816401958 -8.305686951
184 2.410172939 -5.494639874 -8.305686951
185 3.281688929 -5.02299881 -8.305686951
186 4.063689232 -4.41434288 -8.305686951
187 4.734842777 -3.685276031 -8.305686951
188 5.276843071 -2.855684042 -8.305686951
189 5.674902916 -1.948197007 -8.305686951
190 5.918168068 -0.9875680208 -8.305686951
191 5.918168068 0.9875680208 -7
192 6 0 -7
193 5.674902916 1.948197007 -7
194 5.276843071 2.855684042 -7
195 4.734842777 3.685276031 -7
196 4.063689232 4.41434288 -7
197 3.281688929 5.02299881 -7
198 2.410172939 5.494639874 -7
199 1.472913027 5.816401958 -7
200 0.4954760075 5.979506969 -7
201 -0.4954760075 5.979506969 -7
202 -1.472913027 5.816401958 -7
203 -2.410172939 5.494639874 -7
204 -3.281688929 5.02299881 -7
205 -4.063689232 4.41434288 -7
206 -4.734842777 3.685276031 -7
207 -5.276843071 2.855684042 -7
208 -5.674902916 1.948197007 -7
209 -5.918168068 0.9875680208 -7
210 -6 0 -7
211 -5.918168068 -0.9875680208 -7
212 -5.674902916 -1.948197007 -7
213 -5.276843071 -2.855684042 -7
214 -4.734842777 -3.685276031 -7
215 -4.063689232 -4.41434288 -7
216 -3.281688929 -5.02299881 -7
217 -2.410172939 -5.494639874 -7
218 -1.472913027 -5.816401958 -7
219 -0.4954760075 -5.979506969 -7
220 0.4954760075 -5.979506969 -7
221 1.472913027 -5.816401958 -7
222 2.410172939 -5.494639874 -7
223 3.281688929 -5.02299881 -7
224 4.063689232 -4.41434288 -7
225 4.734842777 -3.685276031 -7
226 5.276843071 -2.855684042 -7
227 5.674902916 -1.948197007 -7
228 5.918168068 -0.9875680208 -7
229 5.918168068 0.9875680208 -5.771006107
230 6 0 -5.771006107
231 5.674902916 1.948197007 -5.771006107
232 5.276843071 2.855684042 -5.771006107
233 4.734842777 3.685276031 -5.771006107
234 4.063689232 4.41434288 -5.771006107
235 3.281688929 5.02299881 -5.771006107
236 2.410172939 5.494639874 -5.771006107
237 1.472913027 5.816401958 -5.771006107
238 0.4954760075 5.979506969 -5.771006107
239 -0.4954760075 5.979506969 -5.771006107
240 -1.472913027 5.816401958 -5.771006107
241 -2.410172939 5.494639874 -5.771006107
242 -3.281688929 5.02299881 -5.771006107
243 -4.063689232 4.41434288 -5.771006107
244 -4.734842777 3.685276031 -5.771006107
245 -5.276843071 2.855684042 -5.771006107
246 -5.674902916 1.948197007 -5.771006107
247 -5.918168068 0.9875680208 -5.771006107
248 -6 0 -5.771006107
249 -5.918168068 -0.9875680208 -5.771006107
250 -5.674902916 -1.948197007 -5.771006107
251 -5.276843071 -2.855684042 -5.771006107
252 -4.734842777 -3.685276031 -5.771006107
253 -4.063689232 -4.41434288 -5.771006107
254 -3.281688929 -5.02299881 -5.771006107
255 -2.410172939 -5.494639874 -5.771006107
256 -1.472913027 -5.816401958 -5.771006107
257 -0.4954760075 -5.979506969 -5.771006107
258 0.4954760075 -5.979506969 -5.771006107
259 1.472913027 -5.816401958 -5.771006107
260 2.410172939 -5.494639874 -5.771006107
261 3.281688929 -5.02299881 -5.771006107
262 4.063689232 -4.41434288 -5.771006107
263 4.734842777 -3.685276031 -5.771006107
264 5.276843071 -2.855684042 -5.771006107
265 5.674902916 -1.948197007 -5.771006107
266 5.918168068 -0.9875680208 -5.771006107
267 5.918168068 0.9875680208 -4.632172108
268 6 0 -4.632172108
269 5.674902916 1.948197007 -4.632172108
270 5.276843071 2.855684042 -4.632172108
271 4.734842777 3.685276031 -4.632172108
272 4.063689232 4.41434288 -4.632172108
273 3.281688929 5.02299881 -4.632172108
274 2.410172939 5.494639874 -4.632172108
275 1.472913027 5.816401958 -4.632172108
276 0.4954760075 5.979506969 -4.632172108
277 -0.4954760075 5.979506969 -4.632172108
278 -1.472913027 5.816401958 -4.632172108
279 -2.410172939 5.494639874 -4.632172108
280 -3.281688929 5.02299881 -4.632172108
281 -4.063689232 4.41434288 -4.632172108
282 -4.734842777 3.685276031 -4.632172108
283 -5.276843071 2.855684042 -4.632172108
284 -5.674902916 1.948197007 -4.632172108
285 -5.918168068 0.9875680208 -4.632172108
286 -6 0 -4.632172108
287 -5.918168068 -0.9875680208 -4.632172108
288 -5.674902916 -1.948197007 -4.632172108
289 -5.276843071 -2.855684042 -4.632172108
290 -4.734842777 -3.685276031 -4.632172108
291 -4.063689232 -4.41434288 -4.632172108
292 -3.281688929 -5.02299881 -4.632172108
293 -2.410172939 -5.494639874 -4.632172108
294 -1.472913027 -5.816401958 -4.632172108
295 -0.4954760075 -5.979506969 -4.632172108
296 0.4954760075 -5.979506969 -4.632172108
297 1.472913027 -5.816401958 -4.632172108
298 2.410172939 -5.494639874 -4.632172108
299 3.281688929 -5.02299881 -4.632172108
300 4.063689232 -4.41434288 -4.632172108
301 4.734842777 -3.685276031 -4.632172108
302 5.276843071 -2.855684042 -4.632172108
303 5.674902916 -1.948197007 -4.632172108
304 5.918168068 -0.9875680208 -4.632172108
305 5.918168068 0.9875680208 -3.595972061
306 6 0 -3.595972061
307 5.674902916 1.948197007 -3.595972061
308 5.276843071 2.855684042 -3.595972061
309 4.734842777 3.685276031 -3.595972061
310 4.063689232 4.41434288 -3.595972061
311 3.281688929 5.02299881 -3.595972061
312 2.410172939 5.494639874 -3.595972061
313 1.472913027 5.816401958 -3.595972061
314 0.4954760075 5.979506969 -3.595972061
315 -0.4954760075 5.979506969 -3.595972061
316 -1.472913027 5.816401958 -3.595972061
317 -2.410172939 5.494639874 -3.595972061
318 -3.281688929 5.02299881 -3.595972061
319 -4.063689232 4.41434288 -3.595972061
320 -4.734842777 3.685276031 -3.595972061
321 -5.276843071 2.855684042 -3.595972061
322 -5.674902916 1.948197007 -3.595972061
323 -5.918168068 0.9875680208 -3.595972061
324 -6 0 -3.595972061
325 -5.918168068 -0.9875680208 -3.595972061
326 -5.674902916 -1.948197007 -3.595972061
327 -5.276843071 -2.855684042 -3.595972061
328 -4.734842777 -3.685276031 -3.595972061
329 -4.063689232 -4.41434288 -3.595972061
330 -3.281688929 -5.02299881 -3.595972061
331 -2.410172939 -5.494639874 -3.595972061
332 -1.472913027 -5.816401958 -3.595972061
333 -0.4954760075 -5.979506969 -3.595972061
334 0.4954760075 -5.979506969 -3.595972061
335 1.472913027 -5.816401958 -3.595972061
336 2.410172939 -5.494639874 -3.595972061
337 3.281688929 -5.02299881 -3.595972061
338 4.063689232 -4.41434288 -3.595972061
339 4.734842777 -3.685276031 -3.595972061
340 5.276843071 -2.855684042 -3.595972061
341 5.674902916 -1.948197007 -3.595972061
342 5.918168068 -0.9875680208 -3.595972061
343 5.918168068 0.9875680208 -2.673762083
344 6 0 -2.673762083
345 5.674902916 1.948197007 -2.673762083
346 5.276843071 2.855684042 -2.673762083
347 4.734842777 3.685276031 -2.673762083
348 4.063689232 4.41434288 -2.673762083
349 3.281688929 5.02299881 -2.673762083
350 2.410172939 5.494639874 -2.673762083
351 1.472913027 5.816401958 -2.673762083
352 0.4954760075 5.979506969 -2.673762083
353 -0.4954760075 5.979506969 -2.673762083
354 -1.472913027 5.816401958 -2.673762083
355 -2.410172939 5.494639874 -2.673762083
356 -3.281688929 5.02299881 -2.673762083
357 -4.063689232 4.41434288 -2.673762083
358 -4.734842777 3.685276031 -2.673762083
359 -5.276843071 2.855684042 -2.673762083
360 -5.674902916 1.948197007 -2.673762083
361 -5.918168068 0.9875680208 -2.673762083
362 -6 0 -2.673762083
363 -5.918168068 -0.9875680208 -2.673762083
364 -5.674902916 -1.948197007 -2.673762083
365 -5.276843071 -2.855684042 -2.673762083
366 -4.734842777 -3.685276031 -2.673762083
367 -4.063689232 -4.41434288 -2.673762083
368 -3.281688929 -5.02299881 -2.673762083
369 -2.410172939 -5.494639874 -2.673762083
370 -1.472913027 -5.816401958 -2.673762083
371 -0.4954760075 -5.979506969 -2.673762083
372 0.4954760075 -5.979506969 -2.673762083
373 1.472913027 -5.816401958 -2.673762083
374 2.410172939 -5.494639874 -2.673762083
375 3.281688929 -5.02299881 -2.673762083
376 4.063689232 -4.41434288 -2.673762083
377 4.734842777 -3.685276031 -2.673762083
378 5.276843071 -2.855684042 -2.673762083
379 5.674902916 -1.948197007 -2.673762083
380 5.918168068 -0.9875680208 -2.673762083
381 5.918168068 0.9875680208 -1.875643969
382 6 0 -1.875643969
383 5.674902916 1.948197007 -1.875643969
384 5.276843071 2.855684042 -1.875643969
385 4.734842777 3.685276031 -1.875643969
386 4.063689232 4.41434288 -1.875643969
387 3.281688929 5.02299881 -1.875643969
388 2.410172939 5.494639874 -1.875643969
389 1.472913027 5.816401958 -1.875643969
390 0.4954760075 5.979506969 -1.875643969
391 -0.4954760075 5.979506969 -1.875643969
392 -1.472913027 5.816401958 -1.875643969
393 -2.410172939 5.494639874 -1.875643969
394 -3.281688929 5.02299881 -1.875643969
395 -4.063689232 4.41434288 -1.875643969
396 -4.734842777 3.685276031 -1.875643969
397 -5.276843071 2.855684042 -1.875643969
398 -5.674902916 1.948197007 -1.875643969
399 -5.918168068 0.9875680208 -1.875643969
400 -6 0 -1.875643969
401 -5.918168068 -0.9875680208 -1.875643969
402 -5.674902916 -1.948197007 -1.875643969
403 -5.276843071 -2.855684042 -1.875643969
404 -4.734842777 -3.685276031 -1.875643969
405 -4.063689232 -4.41434288 -1.875643969
406 -3.281688929 -5.02299881 -1.875643969
407 -2.410172939 -5.494639874 -1.875643969
408 -1.472913027 -5.816401958 -1.875643969
409 -0.4954760075 -5.979506969 -1.875643969
410 0.4954760075 -5.979506969 -1.875643969
411 1.472913027 -5.816401958 -1.875643969
412 2.410172939 -5.494639874 -1.875643969
413 3.281688929 -5.02299881 -1.875643969
414 4.063689232 -4.41434288 -1.875643969
415 4.734842777 -3.685276031 -1.875643969
416 5.276843071 -2.855684042 -1.875643969
417 5.674902916 -1.948197007 -1.875643969
418 5.918168068 -0.9875680208 -1.875643969
419 5.918168068 0.9875680208 -1.210363984
420 6 0 -1.210363984
421 5.674902916 1.948197007 -1.210363984
422 5.276843071 2.855684042 -1.210363984
423 4.734842777 3.685276031 -1.210363984
424 4.063689232 4.41434288 -1.210363984
425 3.281688929 5.02299881 -1.210363984
426 2.410172939 5.494639874 -1.210363984
427 1.472913027 5.816401958 -1.210363984
428 0.4954760075 5.979506969 -1.210363984
429 -0.4954760075 5.979506969 -1.210363984
430 -1.472913027 5.816401958 -1.210363984
431 -2.410172939 5.494639874 -1.210363984
432 -3.281688929 5.02299881 -1.210363984
433 -4.063689232 4.41434288 -1.210363984
434 -4.734842777 3.685276031 -1.210363984
435 -5.276843071 2.855684042 -1.210363984
436 -5.674902916 1.948197007 -1.210363984
437 -5.918168068 0.9875680208 -1.210363984
438 -6 0 -1.210363984
439 -5.918168068 -0.9875680208 -1.210363984
440 -5.674902916 -1.948197007 -1.210363984
441 -5.276843071 -2.855684042 -1.210363984
442 -4.734842777 -3.685276031 -1.210363984
443 -4.063689232 -4.41434288 -1.210363984
444 -3.281688929 -5.02299881 -1.210363984
445 -2.410172939 -5.494639874 -1.210363984
446 -1.472913027 -5.816401958 -1.210363984
447 -0.4954760075 -5.979506969 -1.210363984
448 0.4954760075 -5.979506969 -1.210363984
449 1.472913027 -5.816401958 -1.210363984
450 2.410172939 -5.494639874 -1.210363984
451 3.281688929 -5.02299881 -1.210363984
452 4.063689232 -4.41434288 -1.210363984
453 4.734842777 -3.685276031 -1.210363984
454 5.276843071 -2.855684042 -1.210363984
455 5.674902916 -1.948197007 -1.210363984
456 5.918168068 -0.9875680208 -1.210363984
457 5.918168068 0.9875680208 -0.6852089763
458 6 0 -0.6852089763
459 5.674902916 1.948197007 -0.6852089763
460 5.276843071 2.855684042 -0.6852089763
461 4.734842777 3.685276031 -0.6852089763
462 4.063689232 4.41434288 -0.6852089763
463 3.281688929 5.02299881 -0.6852089763
464 2.410172939 5.494639874 -0.6852089763
465 1.472913027 5.816401958 -0.6852089763
466 0.4954760075 5.979506969 -0.6852089763
467 -0.4954760075 5.979506969 -0.6852089763
468 -1.472913027 5.816401958 -0.6852089763
469 -2.410172939 5.494639874 -0.6852089763
470 -3.281688929 5.02299881 -0.6852089763
471 -4.063689232 4.41434288 -0.6852089763
472 -4.734842777 3.685276031 -0.6852089763
473 -5.276843071 2.855684042 -0.6852089763
474 -5.674902916 1.948197007 -0.6852089763
475 -5.918168068 0.9875680208 -0.6852089763
476 -6 0 -0.6852089763
477 -5.918168068 -0.9875680208 -0.6852089763
478 -5.674902916 -1.948197007 -0.6852089763
479 -5.276843071 -2.855684042 -0.6852089763
480 -4.734842777 -3.685276031 -0.6852089763
481 -4.063689232 -4.41434288 -0.6852089763
482 -3.281688929 -5.02299881 -0.6852089763
483 -2.410172939 -5.494639874 -0.6852089763
484 -1.472913027 -5.816401958 -0.6852089763
485 -0.4954760075 -5.979506969 -0.6852089763
486 0.4954760075 -5.979506969 -0.6852089763
487 1.472913027 -5.816401958 -0.6852089763
488 2.410172939 -5.494639874 -0.6852089763
489 3.281688929 -5.02299881 -0.6852089763
490 4.063689232 -4.41434288 -0.6852089763
491 4.734842777 -3.685276031 -0.6852089763
492 5.276843071 -2.855684042 -0.6852089763
493 5.674902916 -1.948197007 -0.6852089763
494 5.918168068 -0.9875680208 -0.6852089763
495 5.918168068 0.9875680208 -0.3059340119
496 6 0 -0.3059340119
497 5.674902916 1.948197007 -0.3059340119
498 5.276843071 2.855684042 -0.3059340119
499 4.734842777 3.685276031 -0.3059340119
500 4.063689232 4.41434288 -0.3059340119
501 3.281688929 5.02299881 -0.3059340119
502 2.410172939 5.494639874 -0.3059340119
503 1.472913027 5.816401958 -0.3059340119
504 0.4954760075 5.979506969 -0.3059340119
505 -0.4954760075 5.979506969 -0.3059340119
506 -1.472913027 5.816401958 -0.3059340119
507 -2.410172939 5.494639874 -0.3059340119
508 -3.281688929 5.02299881 -0.3059340119
509 -4.063689232 4.41434288 -0.3059340119
510 -4.734842777 3.685276031 -0.3059340119
511 -5.276843071 2.855684042 -0.3059340119
512 -5.674902916 1.948197007 -0.3059340119
513 -5.918168068 0.9875680208 -0.3059340119
514 -6 0 -0.3059340119
515 -5.918168068 -0.9875680208 -0.3059340119
516 -5.674902916 -1.948197007 -0.3059340119
517 -5.276843071 -2.855684042 -0.3059340119
518 -4.734842777 -3.685276031 -0.3059340119
519 -4.063689232 -4.41434288 -0.3059340119
520 -3.281688929 -5.02299881 -0.3059340119
521 -2.410172939 -5.494639874 -0.3059340119
522 -1.472913027 -5.816401958 -0.3059340119
523 -0.4954760075 -5.979506969 -0.3059340119
524 0.4954760075 -5.979506969 -0.3059340119
525 1.472913027 -5.816401958 -0.3059340119
526 2.410172939 -5.494639874 -0.3059340119
527 3.281688929 -5.02299881 -0.3059340119
528 4.063689232 -4.41434288 -0.3059340119
529 4.734842777 -3.685276031 -0.3059340119
530 5.276843071 -2.855684042 -0.3059340119
531 5.674902916 -1.948197007 -0.3059340119
532 5.918168068 -0.9875680208 -0.3059340119
533 5.918168068 0.9875680208 -0.07669299841
534 6 0 -0.07669299841
535 5.674902916 1.948197007 -0.07669299841
536 5.276843071 2.855684042 -0.07669299841
537 4.734842777 3.685276031 -0.07669299841
538 4.063689232 4.41434288 -0.07669299841
539 3.281688929 5.02299881 -0.07669299841
540 2.410172939 5.494639874 -0.07669299841
541 1.472913027 5.816401958 -0.07669299841
542 0.4954760075 5.979506969 -0.07669299841
543 -0.4954760075 5.979506969 -0.07669299841
544 -1.472913027 5.816401958 -0.07669299841
545 -2.410172939 5.494639874 -0.07669299841
546 -3.281688929 5.02299881 -0.07669299841
547 -4.063689232 4.41434288 -0.07669299841
548 -4.734842777 3.685276031 -0.07669299841
549 -5.276843071 2.855684042 -0.07669299841
550 -5.674902916 1.948197007 -0.07669299841
551 -5.918168068 0.9875680208 -0.07669299841
552 -6 0 -0.07669299841
553 -5.918168068 -0.9875680208 -0.07669299841
554 -5.674902916 -1.948197007 -0.07669299841
555 -5.276843071 -2.855684042 -0.07669299841
556 -4.734842777 -3.685276031 -0.07669299841
557 -4.063689232 -4.41434288 -0.07669299841
558 -3.281688929 -5.02299881 -0.07669299841
559 -2.410172939 -5.494639874 -0.07669299841
560 -1.472913027 -5.816401958 -0.07669299841
561 -0.4954760075 -5.979506969 -0.07669299841
562 0.4954760075 -5.979506969 -0.07669299841
563 1.472913027 -5.816401958 -0.07669299841
564 2.410172939 -5.494639874 -0.07669299841
565 3.281688929 -5.02299881 -0.07669299841
566 4.063689232 -4.41434288 -0.07669299841
567 4.734842777 -3.685276031 -0.07669299841
568 5.276843071 -2.855684042 -0.07669299841
569 5.674902916 -1.948197007 -0.07669299841
570 5.918168068 -0.9875680208 -0.07669299841
571 5.918168068 0.9875680208 0
572 6 0 0
573 5.674902916 1.948197007 0
574 5.276843071 2.855684042 0
575 4.734842777 3.685276031 0
576 4.063689232 4.41434288 0
577 3.281688929 5.02299881 0
578 2.410172939 5.494639874 0
579 1.472913027 5.816401958 0
580 0.4954760075 5.979506969 0
581 -0.4954760075 5.979506969 0
582 -1.472913027 5.816401958 0
583 -2.410172939 5.494639874 0
584 -3.281688929 5.02299881 0
585 -4.063689232 4.41434288 0
586 -4.734842777 3.685276031 0
587 -5.276843071 2.855684042 0
588 -5.674902916 1.948197007 0
589 -5.918168068 0.9875680208 0
590 -6 0 0
591 -5.918168068 -0.9875680208 0
592 -5.674902916 -1.948197007 0
593 -5.276843071 -2.855684042 0
594 -4.734842777 -3.685276031 0
595 -4.063689232 -4.41434288 0
596 -3.281688929 -5.02299881 0
597 -2.410172939 -5.494639874 0
598 -1.472913027 -5.816401958 0
599 -0.4954760075 -5.979506969 0
600 0.4954760075 -5.979506969 0
601 1.472913027 -5.816401958 0
602 2.410172939 -5.494639874 0
603 3.281688929 -5.02299881 0
604 4.063689232 -4.41434288 0
605 4.734842777 -3.685276031 0
606 5.276843071 -2.855684042 0
607 5.674902916 -1.948197007 0
608 5.918168068 -0.9875680208 0
609 7.5 0 -14
610 7.397709846 1.234459043 -14
611 7.093628883 2.435245991 -14
612 6.596053123 3.569605112 -14
613 5.918553829 4.606595039 -14
614 5.079611778 5.517929077 -14
615 4.102110863 6.278748989 -14
616 3.012716055 6.868299961 -14
617 1.841140985 7.27050209 -14
618 0.6193450093 7.474383831 -14
619 -0.6193450093 7.474383831 -14
620 -1.841140985 7.27050209 -14
621 -3.012716055 6.868299961 -14
622 -4.102110863 6.278748989 -14
623 -5.079611778 5.517929077 -14
624 -5.918553829 4.606595039 -14
625 -6.596053123 3.569605112 -14
626 -7.093628883 2.435245991 -14
627 -7.397709846 1.234459043 -14
628 -7.5 0 -14
629 -7.397709846 -1.234459043 -14
630 -7.093628883 -2.435245991 -14
631 -6.596053123 -3.569605112 -14
632 -5.918553829 -4.606595039 -14
633 -5.079611778 -5.517929077 -14
634 -4.102110863 -6.278748989 -14
635 -3.012716055 -6.868299961 -14
636 -1.841140985 -7.27050209 -14
637 -0.6193450093 -7.474383831 -14
638 0.6193450093 -7.474383831 -14
639 1.841140985 -7.27050209 -14
640 3.012716055 -6.868299961 -14
641 4.102110863 -6.278748989 -14
642 5.079611778 -5.517929077 -14
643 5.918553829 -4.606595039 -14
644 6.596053123 -3.569605112 -14
645 7.093628883 -2.435245991 -14
646 7.397709846 -1.234459043 -14
647 9 0 -14
648 8.877251625 1.481351018 -14
649 8.512354851 2.922295094 -14
650 7.91526413 4.283526897 -14
651 7.102264881 5.527914047 -14
652 6.095533848 6.621514797 -14
653 4.922533035 7.534498215 -14
654 3.615258932 8.241959572 -14
655 2.209368944 8.724601746 -14
656 0.7432140112 8.969260216 -14
657 -0.7432140112 8.969260216 -14
658 -2.209368944 8.724601746 -14
659 -3.615258932 8.241959572 -14
660 -4.922533035 7.534498215 -14
661 -6.095533848 6.621514797 -14
662 -7.102264881 5.527914047 -14
663 -7.91526413 4.283526897 -14
664 -8.512354851 2.922295094 -14
665 -8.877251625 1.481351018 -14
666 -9 0 -14
667 -8.877251625 -1.481351018 -14
668 -8.512354851 -2.922295094 -14
669 -7.91526413 -4.283526897 -14
670 -7.102264881 -5.527914047 -14
671 -6.095533848 -6.621514797 -14
672 -4.922533035 -7.534498215 -14
673 -3.615258932 -8.241959572 -14
674 -2.209368944 -8.724601746 -14
675 -0.7432140112 -8.969260216 -14
676 0.7432140112 -8.969260216 -14
677 2.209368944 -8.724601746 -14
678 3.615258932 -8.241959572 -14
679 4.922533035 -7.534498215 -14
680 6.095533848 -6.621514797 -14
681 7.102264881 -5.527914047 -14
682 7.91526413 -4.283526897 -14
683 8.512354851 -2.922295094 -14
684 8.877251625 -1.481351018 -14
685 10.5 0 -14
686 10.35679436 1.728242993 -14
687 9.931080818 3.409343958 -14
688 9.234474182 4.997447968 -14
689 8.285975456 6.449233055 -14
690 7.111456871 7.725100994 -14
691 5.742956161 8.790247917 -14
692 4.217802048 9.615619659 -14
693 2.577598095 10.17870331 -14
694 0.8670830131 10.46413708 -14
695 -0.8670830131 10.46413708 -14
696 -2.577598095 10.17870331 -14
697 -4.217802048 9.615619659 -14
698 -5.742956161 8.790247917 -14
699 -7.111456871 7.725100994 -14
700 -8.285975456 6.449233055 -14
701 -9.234474182 4.997447968 -14
702 -9.931080818 3.409343958 -14
703 -10.35679436 1.728242993 -14
704 -10.5 0 -14
705 -10.35679436 -1.728242993 -14
706 -9.931080818 -3.409343958 -14
707 -9.234474182 -4.997447968 -14
708 -8.285975456 -6.449233055 -14
709 -7.111456871 -7.725100994 -14
710 -5.742956161 -8.790247917 -14
711 -4.217802048 -9.615619659 -14
712 -2.577598095 -10.17870331 -14
713 -0.8670830131 -10.46413708 -14
714 0.8670830131 -10.46413708 -14
715 2.577598095 -10.17870331 -14
716 4.217802048 -9.615619659 -14
717 5.742956161 -8.790247917 -14
718 7.111456871 -7.725100994 -14
719 8.285975456 -6.449233055 -14
720 9.234474182 -4.997447968 -14
721 9.931080818 -3.409343958 -14
722 10.35679436 -1.728242993 -14
723 12 0 -14
724 11.83633614 1.975134969 -14
725 11.34980679 3.896394014 -14
726 10.55368519 5.711369038 -14
727 9.469685555 7.370553017 -14
728 8.127379417 8.828686714 -14
729 6.563377857 10.04599762 -14
730 4.820344925 10.98927975 -14
731 2.945826054 11.63280296 -14
732 0.9909520149 11.95901394 -14
733 -0.9909520149 11.95901394 -14
734 -2.945826054 11.63280296 -14
735 -4.820344925 10.98927975 -14
736 -6.563377857 10.04599762 -14
737 -8.127379417 8.828686714 -14
738 -9.469685555 7.370553017 -14
739 -10.55368519 5.711369038 -14
740 -11.34980679 3.896394014 -14
741 -11.83633614 1.975134969 -14
742 -12 0 -14
743 -11.83633614 -1.975134969 -14
744 -11.34980679 -3.896394014 -14
745 -10.55368519 -5.711369038 -14
746 -9.469685555 -7.370553017 -14
747 -8.127379417 -8.828686714 -14
748 -6.563377857 -10.04599762 -14
749 -4.820344925 -10.98927975 -14
750 -2.945826054 -11.63280296 -14
751 -0.9909520149 -11.95901394 -14
752 0.9909520149 -11.95901394 -14
753 2.945826054 -11.63280296 -14
754 4.820344925 -10.98927975 -14
755 6.563377857 -10.04599762 -14
756 8.127379417 -8.828686714 -14
757 9.469685555 -7.370553017 -14
758 10.55368519 -5.711369038 -14
759 11.34980679 -3.896394014 -14
760 11.83633614 -1.975134969 -14
761 12 0 -20
762 11.83633614 1.975134969 -20
763 11.83633614 1.975134969 -18.5
764 12 0 -18.5
765 11.34980679 3.896394014 -20
766 11.34980679 3.896394014 -18.5
767 10.55368519 5.711369038 -20
768 10.55368519 5.711369038 -18.5
769 9.469685555 7.370553017 -20
770 9.469685555 7.370553017 -18.5
771 8.127379417 8.828686714 -20
772 8.127379417 8.828686714 -18.5
773 6.563377857 10.04599762 -20
774 6.563377857 10.04599762 -18.5
775 4.820344925 10.98927975 -20
776 4.820344925 10.98927975 -18.5
777 2.945826054 11.63280296 -20
778 2.945826054 11.63280296 -18.5
779 0.9909520149 11.95901394 -20
780 0.9909520149 11.95901394 -18.5
781 -0.9909520149 11.95901394 -20
782 -0.9909520149 11.95901394 -18.5
783 -2.945826054 11.63280296 -20
784 -2.945826054 11.63280296 -18.5
785 -4.820344925 10.98927975 -20
786 -4.820344925 10.98927975 -18.5
787 -6.563377857 10.04599762 -20
788 -6.563377857 10.04599762 -18.5
789 -8.127379417 8.828686714 -20
790 -8.127379417 8.828686714 -18.5
791 -9.469685555 7.370553017 -20
792 -9.469685555 7.370553017 -18.5
793 -10.55368519 5.711369038 -20
794 -10.55368519 5.711369038 -18.5
795 -11.34980679 3.896394014 -20
796 -11.34980679 3.896394014 -18.5
797 -11.83633614 1.975134969 -20
798 -11.83633614 1.975134969 -18.5
799 -12 0 -20
800 -12 0 -18.5
801 -11.83633614 -1.975134969 -20
802 -11.83633614 -1.975134969 -18.5
803 -11.34980679 -3.896394014 -20
804 -11.34980679 -3.896394014 -18.5
805 -10.55368519 -5.711369038 -20
806 -10.55368519 -5.711369038 -18.5
807 -9.469685555 -7.370553017 -20
808 -9.469685555 -7.370553017 -18.5
809 -8.127379417 -8.828686714 -20
810 -8.127379417 -8.828686714 -18.5
811 -6.563377857 -10.04599762 -20
812 -6.563377857 -10.04599762 -18.5
813 -4.820344925 -10.98927975 -20
814 -4.820344925 -10.98927975 -18.5
815 -2.945826054 -11.63280296 -20
816 -2.945826054 -11.63280296 -18.5
817 -0.9909520149 -11.95901394 -20
818 -0.9909520149 -11.95901394 -18.5
819 0.9909520149 -11.95901394 -20
820 0.9909520149 -11.95901394 -18.5
821 2.945826054 -11.63280296 -20
822 2.945826054 -11.63280296 -18.5
823 4.820344925 -10.98927975 -20
824 4.820344925 -10.98927975 -18.5
825 6.563377857 -10.04599762 -20
826 6.563377857 -10.04599762 -18.5
827 8.127379417 -8.828686714 -20
828 8.127379417 -8.828686714 -18.5
829 9.469685555 -7.370553017 -20
830 9.469685555 -7.370553017 -18.5
831 10.55368519 -5.711369038 -20
832 10.55368519 -5.711369038 -18.5
833 11.34980679 -3.896394014 -20
834 11.34980679 -3.896394014 -18.5
835 11.83633614 -1.975134969 -20
836 11.83633614 -1.975134969 -18.5
837 11.83633614 1.975134969 -17
838 12 0 -17
839 11.34980679 3.896394014 -17
840 10.55368519 5.711369038 -17
841 9.469685555 7.370553017 -17
842 8.127379417 8.828686714 -17
843 6.563377857 10.04599762 -17
844 4.820344925 10.98927975 -17
845 2.945826054 11.63280296 -17
846 0.9909520149 11.95901394 -17
847 -0.9909520149 11.95901394 -17
848 -2.945826054 11.63280296 -17
849 -4.820344925 10.98927975 -17
850 -6.563377857 10.04599762 -17
851 -8.127379417 8.828686714 -17
852 -9.469685555 7.370553017 -17
853 -10.55368519 5.711369038 -17
854 -11.34980679 3.896394014 -17
855 -11.83633614 1.975134969 -17
856 -12 0 -17
857 -11.83633614 -1.975134969 -17
858 -11.34980679 -3.896394014 -17
859 -10.55368519 -5.711369038 -17
860 -9.469685555 -7.370553017 -17
861 -8.127379417 -8.828686714 -17
862 -6.563377857 -10.04599762 -17
863 -4.820344925 -10.98927975 -17
864 -2.945826054 -11.63280296 -17
865 -0.9909520149 -11.95901394 -17
866 0.9909520149 -11.95901394 -17
867 2.945826054 -11.63280296 -17
868 4.820344925 -10.98927975 -17
869 6.563377857 -10.04599762 -17
870 8.127379417 -8.828686714 -17
871 9.469685555 -7.370553017 -17
872 10.55368519 -5.711369038 -17
873 11.34980679 -3.896394014 -17
874 11.83633614 -1.975134969 -17
875 11.83633614 1.975134969 -15.5
876 12 0 -15.5
877 11.34980679 3.896394014 -15.5
878 10.55368519 5.711369038 -15.5
879 9.469685555 7.370553017 -15.5
880 8.127379417 8.828686714 -15.5
881 6.563377857 10.04599762 -15.5
882 4.820344925 10.98927975 -15.5
883 2.945826054 11.63280296 -15.5
884 0.9909520149 11.95901394 -15.5
885 -0.9909520149 11.95901394 -15.5
886 -2.945826054 11.63280296 -15.5
887 -4.820344925 10.98927975 -15.5
888 -6.563377857 10.04599762 -15.5
889 -8.127379417 8.828686714 -15.5
890 -9.469685555 7.370553017 -15.5
891 -10.55368519 5.711369038 -15.5
892 -11.34980679 3.896394014 -15.5
893 -11.83633614 1.975134969 -15.5
894 -12 0 -15.5
895 -11.83633614 -1.975134969 -15.5
896 -11.34980679 -3.896394014 -15.5
897 -10.55368519 -5.711369038 -15.5
898 -9.469685555 -7.370553017 -15.5
899 -8.127379417 -8.828686714 -15.5
900 -6.563377857 -10.04599762 -15.5
901 -4.820344925 -10.98927975 -15.5
902 -2.945826054 -11.63280296 -15.5
903 -0.9909520149 -11.95901394 -15.5
904 0.9909520149 -11.95901394 -15.5
905 2.945826054 -11.63280296 -15.5
906 4.820344925 -10.98927975 -15.5
907 6.563377857 -10.04599762 -15.5
908 8.127379417 -8.828686714 -15.5
909 9.469685555 -7.370553017 -15.5
910 10.55368519 -5.711369038 -15.5
911 11.34980679 -3.896394014 -15.5
912 11.83633614 -1.975134969 -15.5
913 0 0 -20
914 1.479542017 0.2468920052 -20
915 1.5 0 -20
916 1.418725967 0.4870490134 -20
917 1.319211006 0.7139210105 -20
918 1.183711052 0.9213190079 -20
919 1.01592195 1.103585958 -20
920 0.8204219937 1.255749941 -20
921 0.6025429964 1.373659968 -20
922 0.3682279885 1.454100013 -20
923 0.1238690019 1.494876981 -20
924 -0.1238690019 1.494876981 -20
925 -0.3682279885 1.454100013 -20
926 -0.6025429964 1.373659968 -20
927 -0.8204219937 1.255749941 -20
928 -1.01592195 1.103585958 -20
929 -1.183711052 0.9213190079 -20
930 -1.319211006 0.7139210105 -20
931 -1.418725967 0.4870490134 -20
932 -1.479542017 0.2468920052 -20
933 -1.5 0 -20
934 -1.479542017 -0.2468920052 -20
935 -1.418725967 -0.4870490134 -20
936 -1.319211006 -0.7139210105 -20
937 -1.183711052 -0.9213190079 -20
938 -1.01592195 -1.103585958 -20
939 -0.8204219937 -1.255749941 -20
940 -0.6025429964 -1.373659968 -20
941 -0.3682279885 -1.454100013 -20
942 -0.1238690019 -1.494876981 -20
943 0.1238690019 -1.494876981 -20
944 0.3682279885 -1.454100013 -20
945 0.6025429964 -1.373659968 -20
946 0.8204219937 -1.255749941 -20
947 1.01592195 -1.103585958 -20
948 1.183711052 -0.9213190079 -20
949 1.319211006 -0.7139210105 -20
950 1.418725967 -0.4870490134 -20
951 1.479542017 -0.2468920052 -20
952 2.959084034 0.4937840104 -20
953 3 0 -20
954 2.837451935 0.9740980268 -20
955 2.638421059 1.427842021 -20
956 2.367422104 1.842638016 -20
957 2.031845093 2.207171917 -20
958 1.640843987 2.511498928 -20
959 1.205085993 2.747319937 -20
960 0.736455977 2.908200979 -20
961 0.2477380037 2.989753008 -20
962 -0.2477380037 2.989753008 -20
963 -0.736455977 2.908200979 -20
964 -1.205085993 2.747319937 -20
965 -1.640843987 2.511498928 -20
966 -2.031845093 2.207171917 -20
967 -2.367422104 1.842638016 -20
968 -2.638421059 1.427842021 -20
969 -2.837451935 0.9740980268 -20
970 -2.959084034 0.4937840104 -20
971 -3 0 -20
972 -2.959084034 -0.4937840104 -20
973 -2.837451935 -0.9740980268 -20
974 -2.638421059 -1.427842021 -20
975 -2.367422104 -1.842638016 -20
976 -2.031845093 -2.207171917 -20
977 -1.640843987 -2.511498928 -20
978 -1.205085993 -2.747319937 -20
979 -0.736455977 -2.908200979 -20
980 -0.2477380037 -2.989753008 -20
981 0.2477380037 -2.989753008 -20
982 0.736455977 -2.908200979 -20
983 1.205085993 -2.747319937 -20
984 1.640843987 -2.511498928 -20
985 2.031845093 -2.207171917 -20
986 2.367422104 -1.842638016 -20
987 2.638421059 -1.427842021 -20
988 2.837451935 -0.9740980268 -20
989 2.959084034 -0.4937840104 -20
990 4.438625813 0.7406759858 -20
991 4.5 0 -20
992 4.256177902 1.461148024 -20
993 3.957632065 2.141762972 -20
994 3.551131964 2.763957024 -20
995 3.047766924 3.310758114 -20
996 2.461266994 3.767249107 -20
997 1.807628989 4.120979786 -20
998 1.104684949 4.362300873 -20
999 0.3716070056 4.484630108 -20
1000 -0.3716070056 4.484630108 -20
1001 -1.104684949 4.362300873 -20
1002 -1.807628989 4.120979786 -20
1003 -2.461266994 3.767249107 -20
1004 -3.047766924 3.310758114 -20
1005 -3.551131964 2.763957024 -20
1006 -3.957632065 2.141762972 -20
1007 -4.256177902 1.461148024 -20
1008 -4.438625813 0.7406759858 -20
1009 -4.5 0 -20
1010 -4.438625813 -0.7406759858 -20
1011 -4.256177902 -1.461148024 -20
1012 -3.957632065 -2.141762972 -20
1013 -3.551131964 -2.763957024 -20
1014 -3.047766924 -3.310758114 -20
1015 -2.461266994 -3.767249107 -20
1016 -1.807628989 -4.120979786 -20
1017 -1.104684949 -4.362300873 -20
1018 -0.3716070056 -4.484630108 -20
1019 0.3716070056 -4.484630108 -20
1020 1.104684949 -4.362300873 -20
1021 1.807628989 -4.120979786 -20
1022 2.461266994 -3.767249107 -20
1023 3.047766924 -3.310758114 -20
1024 3.551131964 -2.763957024 -20
1025 3.957632065 -2.141762972 -20
1026 4.256177902 -1.461148024 -20
1027 4.438625813 -0.7406759858 -20
1028 5.918168068 0.9875680208 -20
1029 6 0 -20
1030 5.674902916 1.948197007 -20
1031 5.276843071 2.855684042 -20
1032 4.734842777 3.685276031 -20
1033 4.063689232 4.41434288 -20
1034 3.281688929 5.02299881 -20
1035 2.410172939 5.494639874 -20
1036 1.472913027 5.816401958 -20
1037 0.4954760075 5.979506969 -20
1038 -0.4954760075 5.979506969 -20
1039 -1.472913027 5.816401958 -20
1040 -2.410172939 5.494639874 -20
1041 -3.281688929 5.02299881 -20
1042 -4.063689232 4.41434288 -20
1043 -4.734842777 3.685276031 -20
1044 -5.276843071 2.855684042 -20
1045 -5.674902916 1.948197007 -20
1046 -5.918168068 0.9875680208 -20
1047 -6 0 -20
1048 -5.918168068 -0.9875680208 -20
1049 -5.674902916 -1.948197007 -20
1050 -5.276843071 -2.855684042 -20
1051 -4.734842777 -3.685276031 -20
1052 -4.063689232 -4.41434288 -20
1053 -3.281688929 -5.02299881 -20
1054 -2.410172939 -5.494639874 -20
1055 -1.472913027 -5.816401958 -20
1056 -0.4954760075 -5.979506969 -20
1057 0.4954760075 -5.979506969 -20
1058 1.472913027 -5.816401958 -20
1059 2.410172939 -5.494639874 -20
1060 3.281688929 -5.02299881 -20
1061 4.063689232 -4.41434288 -20
1062 4.734842777 -3.685276031 -20
1063 5.276843071 -2.855684042 -20
1064 5.674902916 -1.948197007 -20
1065 5.918168068 -0.9875680208 -20
1066 7.397709846 1.234459043 -20
1067 7.5 0 -20
1068 7.093628883 2.435245991 -20
1069 6.596053123 3.569605112 -20
1070 5.918553829 4.606595039 -20
1071 5.079611778 5.517929077 -20
1072 4.102110863 6.278748989 -20
1073 3.012716055 6.868299961 -20
1074 1.841140985 7.27050209 -20
1075 0.6193450093 7.474383831 -20
1076 -0.6193450093 7.474383831 -20
1077 -1.841140985 7.27050209 -20
1078 -3.012716055 6.868299961 -20
1079 -4.102110863 6.278748989 -20
1080 -5.079611778 5.517929077 -20
1081 -5.918553829 4.606595039 -20
1082 -6.596053123 3.569605112 -20
1083 -7.093628883 2.435245991 -20
1084 -7.397709846 1.234459043 -20
1085 -7.5 0 -20
1086 -7.397709846 -1.234459043 -20
1087 -7.093628883 -2.435245991 -20
1088 -6.596053123 -3.569605112 -20
1089 -5.918553829 -4.606595039 -20
1090 -5.079611778 -5.517929077 -20
1091 -4.102110863 -6.278748989 -20
1092 -3.012716055 -6.868299961 -20
1093 -1.841140985 -7.27050209 -20
1094 -0.6193450093 -7.474383831 -20
1095 0.6193450093 -7.474383831 -20
1096 1.841140985 -7.27050209 -20
1097 3.012716055 -6.868299961 -20
1098 4.102110863 -6.278748989 -20
1099 5.079611778 -5.517929077 -20
1100 5.918553829 -4.606595039 -20
1101 6.596053123 -3.569605112 -20
1102 7.093628883 -2.435245991 -20
1103 7.397709846 -1.234459043 -20
1104 8.877251625 1.481351018 -20
1105 9 0 -20
1106 8.512354851 2.922295094 -20
1107 7.91526413 4.283526897 -20
1108 7.102264881 5.527914047 -20
1109 6.095533848 6.621514797 -20
1110 4.922533035 7.534498215 -20
1111 3.615258932 8.241959572 -20
1112 2.209368944 8.724601746 -20
1113 0.7432140112 8.969260216 -20
1114 -0.7432140112 8.969260216 -20
1115 -2.209368944 8.724601746 -20
1116 -3.615258932 8.241959572 -20
1117 -4.922533035 7.534498215 -20
1118 -6.095533848 6.621514797 -20
1119 -7.102264881 5.527914047 -20
1120 -7.91526413 4.283526897 -20
1121 -8.512354851 2.922295094 -20
1122 -8.877251625 1.481351018 -20
1123 -9 0 -20
1124 -8.877251625 -1.481351018 -20
1125 -8.512354851 -2.922295094 -20
1126 -7.91526413 -4.283526897 -20
1127 -7.102264881 -5.527914047 -20
1128 -6.095533848 -6.621514797 -20
1129 -4.922533035 -7.534498215 -20
1130 -3.615258932 -8.241959572 -20
1131 -2.209368944 -8.724601746 -20
1132 -0.7432140112 -8.969260216 -20
1133 0.7432140112 -8.969260216 -20
1134 2.209368944 -8.724601746 -20
1135 3.615258932 -8.241959572 -20
1136 4.922533035 -7.534498215 -20
1137 6.095533848 -6.621514797 -20
1138 7.102264881 -5.527914047 -20
1139 7.91526413 -4.283526897 -20
1140 8.512354851 -2.922295094 -20
1141 8.877251625 -1.481351018 -20
1142 10.35679436 1.728242993 -20
1143 10.5 0 -20
1144 9.931080818 3.409343958 -20
1145 9.234474182 4.997447968 -20
1146 8.285975456 6.449233055 -20
1147 7.111456871 7.725100994 -20
1148 5.742956161 8.790247917 -20
1149 4.217802048 9.615619659 -20
1150 2.577598095 10.17870331 -20
1151 0.8670830131 10.46413708 -20
1152 -0.8670830131 10.46413708 -20
1153 -2.577598095 10.17870331 -20
1154 -4.217802048 9.615619659 -20
1155 -5.742956161 8.790247917 -20
1156 -7.111456871 7.725100994 -20
1157 -8.285975456 6.449233055 -20
1158 -9.234474182 4.997447968 -20
1159 -9.931080818 3.409343958 -20
1160 -10.35679436 1.728242993 -20
1161 -10.5 0 -20
1162 -10.35679436 -1.728242993 -20
1163 -9.931080818 -3.409343958 -20
1164 -9.234474182 -4.997447968 -20
1165 -8.285975456 -6.449233055 -20
1166 -7.111456871 -7.725100994 -20
1167 -5.742956161 -8.790247917 -20
1168 -4.217802048 -9.615619659 -20
1169 -2.577598095 -10.17870331 -20
1170 -0.8670830131 -10.46413708 -20
1171 0.8670830131 -10.46413708 -20
1172 2.577598095 -10.17870331 -20
1173 4.217802048 -9.615619659 -20
1174 5.742956161 -8.790247917 -20
1175 7.111456871 -7.725100994 -20
1176 8.285975456 -6.449233055 -20
1177 9.234474182 -4.997447968 -20
1178 9.931080818 -3.409343958 -20
1179 10.35679436 -1.728242993 -20
$EndNodes
$Elements
2356
1 2 2 1 1 1 2 3
2 2 2 1 1 1 3 4
3 2 2 1 1 2 5 6
4 2 2 1 1 2 6 3
5 2 2 1 1 5 7 8
6 2 2 1 1 5 8 6
7 2 2 1 1 7 9 10
8 2 2 1 1 7 10 8
9 2 2 1 1 9 11 12
10 2 2 1 1 9 12 10
11 2 2 1 1 11 13 14
12 2 2 1 1 11 14 12
13 2 2 1 1 13 15 16
14 2 2 1 1 13 16 14
15 2 2 1 1 15 17 18
16 2 2 1 1 15 18 16
17 2 2 1 1 17 19 20
18 2 2 1 1 17 20 18
19 2 2 1 1 19 21 22
20 2 2 1 1 19 22 20
21 2 2 1 1 21 23 24
22 2 2 1 1 21 24 22
23 2 2 1 1 23 25 26
24 2 2 1 1 23 26 24
25 2 2 1 1 25 27 28
26 2 2 1 1 25 28 26
27 2 2 1 1 27 29 30
28 2 2 1 1 27 30 28
29 2 2 1 1 29 31 32
30 2 2 1 1 29 32 30
31 2 2 1 1 31 33 34
32 2 2 1 1 31 34 32
33 2 2 1 1 33 35 36
34 2 2 1 1 33 36 34
35 2 2 1 1 35 37 38
36 2 2 1 1 35 38 36
37 2 2 1 1 37 39 40
38 2 2 1 1 37 40 38
39 2 2 1 1 39 41 42
40 2 2 1 1 39 42 40
41 2 2 1 1 41 43 44
42 2 2 1 1 41 44 42
43 2 2 1 1 43 45 46
44 2 2 1 1 43 46 44
45 2 2 1 1 45 47 48
46 2 2 1 1 45 48 46
47 2 2 1 1 47 49 50
48 2 2 1 1 47 50 48
49 2 2 1 1 49 51 52
50 2 2 1 1 49 52 50
51 2 2 1 1 51 53 54
52 2 2 1 1 51 54 52
53 2 2 1 1 53 55 56
54 2 2 1 1 53 56 54
55 2 2 1 1 55 57 58
56 2 2 1 1 55 58 56
57 2 2 1 1 57 59 60
58 2 2 1 1 57 60 58
59 2 2 1 1 59 61 62
60 2 2 1 1 59 62 60
61 2 2 1 1 61 63 64
62 2 2 1 1 61 64 62
63 2 2 1 1 63 65 66
64 2 2 1 1 63 66 64
65 2 2 1 1 65 67 68
66 2 2 1 1 65 68 66
67 2 2 1 1 67 69 70
68 2 2 1 1 67 70 68
69 2 2 1 1 69 71 72
70 2 2 1 1 69 72 70
71 2 2 1 1 71 73 74
72 2 2 1 1 71 74 72
73 2 2 1 1 73 75 76
74 2 2 1 1 73 76 74
75 2 2 1 1 75 1 4
76 2 2 1 1 75 4 76
77 2 2 1 1 4 3 77
78 2 2 1 1 4 77 78
79 2 2 1 1 3 6 79
80 2 2 1 1 3 79 77
81 2 2 1 1 6 8 80
82 2 2 1 1 6 80 79
83 2 2 1 1 8 10 81
84 2 2 1 1 8 81 80
85 2 2 1 1 10 12 82
86 2 2 1 1 10 82 81
87 2 2 1 1 12 14 83
88 2 2 1 1 12 83 82
89 2 2 1 1 14 16 84
90 2 2 1 1 14 84 83
91 2 2 1 1 16 18 85
92 2 2 1 1 16 85 84
93 2 2 1 1 18 20 86
94 2 2 1 1 18 86 85
95 2 2 1 1 20 22 87
96 2 2 1 1 20 87 86
97 2 2 1 1 22 24 88
98 2 2 1 1 22 88 87
99 2 2 1 1 24 26 89
100 2 2 1 1 24 89 88
101 2 2 1 1 26 28 90
102 2 2 1 1 26 90 89
103 2 2 1 1 28 30 91
104 2 2 1 1 28 91 90
105 2 2 1 1 30 32 92
106 2 2 1 1 30 92 91
107 2 2 1 1 32 34 93
108 2 2 1 1 32 93 92
109 2 2 1 1 34 36 94
110 2 2 1 1 34 94 93
111 2 2 1 1 36 38 95
112 2 2 1 1 36 95 94
113 2 2 1 1 38 40 96
114 2 2 1 1 38 96 95
115 2 2 1 1 40 42 97
116 2 2 1 1 40 97 96
117 2 2 1 1 42 44 98
118 2 2 1 1 42 98 97
119 2 2 1 1 44 46 99
120 2 2 1 1 44 99 98
121 2 2 1 1 46 48 100
122 2 2 1 1 46 100 99
123 2 2 1 1 48 50 101
124 2 2 1 1 48 101 100
125 2 2 1 1 50 52 102
126 2 2 1 1 50 102 101
127 2 2 1 1 52 54 103
128 2 2 1 1 52 103 102
129 2 2 1 1 54 56 104
130 2 2 1 1 54 104 103
131 2 2 1 1 56 58 105
132 2 2 1 1 56 105 104
133 2 2 1 1 58 60 106
134 2 2 1 1 58 106 105
135 2 2 1 1 60 62 107
136 2 2 1 1 60 107 106
137 2 2 1 1 62 64 108
138 2 2 1 1 62 108 107
139 2 2 1 1 64 66 109
140 2 2 1 1 64 109 108
141 2 2 1 1 66 68 110
142 2 2 1 1 66 110 109
143 2 2 1 1 68 70 111
144 2 2 1 1 68 111 110
145 2 2 1 1 70 72 112
146 2 2 1 1 70 112 111
147 2 2 1 1 72 74 113
148 2 2 1 1 72 113 112
149 2 2 1 1 74 76 114
150 2 2 1 1 74 114 113
151 2 2 1 1 76 4 78
152 2 2 1 1 76 78 114
153 2 2 1 1 78 77 115
154 2 2 1 1 78 115 116
155 2 2 1 1 77 79 117
156 2 2 1 1 77 117 115
157 2 2 1 1 79 80 118
158 2 2 1 1 79 118 117
159 2 2 1 1 80 81 119
160 2 2 1 1 80 119 118
161 2 2 1 1 81 82 120
162 2 2 1 1 81 120 119
163 2 2 1 1 82 83 121
164 2 2 1 1 82 121 120
165 2 2 1 1 83 84 122
166 2 2 1 1 83 122 121
167 2 2 1 1 84 85 123
168 2 2 1 1 84 123 122
169 2 2 1 1 85 86 124
170 2 2 1 1 85 124 123
171 2 2 1 1 86 87 125
172 2 2 1 1 86 125 124
173 2 2 1 1 87 88 126
174 2 2 1 1 87 126 125
175 2 2 1 1 88 89 127
176 2 2 1 1 88 127 126
177 2 2 1 1 89 90 128
178 2 2 1 1 89 128 127
179 2 2 1 1 90 91 129
180 2 2 1 1 90 129 128
181 2 2 1 1 91 92 130
182 2 2 1 1 91 130 129
183 2 2 1 1 92 93 131
184 2 2 1 1 92 131 130
185 2 2 1 1 93 94 132
186 2 2 1 1 93 132 131
187 2 2 1 1 94 95 133
188 2 2 1 1 94 133 132
189 2 2 1 1 95 96 134
190 2 2 1 1 95 134 133
191 2 2 1 1 96 97 135
192 2 2 1 1 96 135 134
193 2 2 1 1 97 98 136
194 2 2 1 1 97 136 135
195 2 2 1 1 98 99 137
196 2 2 1 1 98 137 136
197 2 2 1 1 99 100 138
198 2 2 1 1 99 138 137
199 2 2 1 1 100 101 139
200 2 2 1 1 100 139 138
201 2 2 1 1 101 102 140
202 2 2 1 1 101 140 139
203 2 2 1 1 102 103 141
204 2 2 1 1 102 141 140
205 2 2 1 1 103 104 142
206 2 2 1 1 103 142 141
207 2 2 1 1 104 105 143
208 2 2 1 1 104 143 142
209 2 2 1 1 105 106 144
210 2 2 1 1 105 144 143
211 2 2 1 1 106 107 145
212 2 2 1 1 106 145 144
213 2 2 1 1 107 108 146
214 2 2 1 1 107 146 145
215 2 2 1 1 108 109 147
216 2 2 1 1 108 147 146
217 2 2 1 1 109 110 148
218 2 2 1 1 109 148 147
219 2 2 1 1 110 111 149
220 2 2 1 1 110 149 148
221 2 2 1 1 111 112 150
222 2 2 1 1 111 150 149
223 2 2 1 1 112 113 151
224 2 2 1 1 112 151 150
225 2 2 1 1 113 114 152
226 2 2 1 1 113 152 151
227 2 2 1 1 114 78 116
228 2 2 1 1 114 116 152
229 2 2 1 1 116 115 153
230 2 2 1 1 116 153 154
231 2 2 1 1 115 117 155
232 2 2 1 1 115 155 153
233 2 2 1 1 117 118 156
234 2 2 1 1 117 156 155
235 2 2 1 1 118 119 157
236 2 2 1 1 118 157 156
237 2 2 1 1 119 120 158
238 2 2 1 1 119 158 157
239 2 2 1 1 120 121 159
240 2 2 1 1 120 159 158
241 2 2 1 1 121 122 160
242 2 2 1 1 121 160 159
243 2 2 1 1 122 123 161
244 2 2 1 1 122 161 160
245 2 2 1 1 123 124 162
246 2 2 1 1 123 162 161
247 2 2 1 1 124 125 163
248 2 2 1 1 124 163 162
249 2 2 1 1 125 126 164
250 2 2 1 1 125 164 163
251 2 2 1 1 126 127 165
252 2 2 1 1 126 165 164
253 2 2 1 1 127 128 166
254 2 2 1 1 127 166 165
255 2 2 1 1 128 129 167
256 2 2 1 1 128 167 166
257 2 2 1 1 129 130 168
258 2 2 1 1 129 168 167
259 2 2 1 1 130 131 169
260 2 2 1 1 130 169 168
261 2 2 1 1 131 132 170
262 2 2 1 1 131 170 169
263 2 2 1 1 132 133 171
264 2 2 1 1 132 171 170
265 2 2 1 1 133 134 172
266 2 2 1 1 133 172 171
267 2 2 1 1 134 135 173
268 2 2 1 1 134 173 172
269 2 2 1 1 135 136 174
270 2 2 1 1 135 174 173
271 2 2 1 1 136 137 175
272 2 2 1 1 136 175 174
273 2 2 1 1 137 138 176
274 2 2 1 1 137 176 175
275 2 2 1 1 138 139 177
276 2 2 1 1 138 177 176
277 2 2 1 1 139 140 178
278 2 2 1 1 139 178 177
279 2 2 1 1 140 141 179
280 2 2 1 1 140 179 178
281 2 2 1 1 141 142 180
282 2 2 1 1 141 180 179
283 2 2 1 1 142 143 181
284 2 2 1 1 142 181 180
285 2 2 1 1 143 144 182
286 2 2 1 1 143 182 181
287 2 2 1 1 144 145 183
288 2 2 1 1 144 183 182
289 2 2 1 1 145 146 184
290 2 2 1 1 145 184 183
291 2 2 1 1 146 147 185
292 2 2 1 1 146 185 184
293 2 2 1 1 147 148 186
294 2 2 1 1 147 186 185
295 2 2 1 1 148 149 187
296 2 2 1 1 148 187 186
297 2 2 1 1 149 150 188
298 2 2 1 1 149 188 187
299 2 2 1 1 150 151 189
300 2 2 1 1 150 189 188
301 2 2 1 1 151 152 190
302 2 2 1 1 151 190 189
303 2 2 1 1 152 116 154
304 2 2 1 1 152 154 190
305 2 2 1 1 154 153 191
306 2 2 1 1 154 191 192
307 2 2 1 1 153 155 193
308 2 2 1 1 153 193 191
309 2 2 1 1 155 156 194
310 2 2 1 1 155 194 193
311 2 2 1 1 156 157 195
312 2 2 1 1 156 195 194
313 2 2 1 1 157 158 196
314 2 2 1 1 157 196 195
315 2 2 1 1 158 159 197
316 2 2 1 1 158 197 196
317 2 2 1 1 159 160 198
318 2 2 1 1 159 198 197
319 2 2 1 1 160 161 199
320 2 2 1 1 160 199 198
321 2 2 1 1 161 162 200
322 2 2 1 1 161 200 199
323 2 2 1 1 162 163 201
324 2 2 1 1 162 201 200
325 2 2 1 1 163 164 202
326 2 2 1 1 163 202 201
327 2 2 1 1 164 165 203
328 2 2 1 1 164 203 202
329 2 2 1 1 165 166 204
330 2 2 1 1 165 204 203
331 2 2 1 1 166 167 205
332 2 2 1 1 166 205 204
333 2 2 1 1 167 168 206
334 2 2 1 1 167 206 205
335 2 2 1 1 168 169 207
336 2 2 1 1 168 207 206
337 2 2 1 1 169 170 208
338 2 2 1 1 169 208 207
339 2 2 1 1 170 171 209
340 2 2 1 1 170 209 208
341 2 2 1 1 171 172 210
342 2 2 1 1 171 210 209
343 2 2 1 1 172 173 211
344 2 2 1 1 172 211 210
345 2 2 1 1 173 174 212
346 2 2 1 1 173 212 211
347 2 2 1 1 174 175 213
348 2 2 1 1 174 213 212
349 2 2 1 1 175 176 214
350 2 2 1 1 175 214 213
351 2 2 1 1 176 177 215
352 2 2 1 1 176 215 214
353 2 2 1 1 177 178 216
354 2 2 1 1 177 216 215
355 2 2 1 1 178 179 217
356 2 2 1 1 178 217 216
357 2 2 1 1 179 180 218
358 2 2 1 1 179 218 217
359 2 2 1 1 180 181 219
360 2 2 1 1 180 219 218
361 2 2 1 1 181 182 220
362 2 2 1 1 181 220 219
363 2 2 1 1 182 183 221
364 2 2 1 1 182 221 220
365 2 2 1 1 183 184 222
366 2 2 1 1 183 222 221
367 2 2 1 1 184 185 223
368 2 2 1 1 184 223 222
369 2 2 1 1 185 186 224
370 2 2 1 1 185 224 223
371 2 2 1 1 186 187 225
372 2 2 1 1 186 225 224
373 2 2 1 1 187 188 226
374 2 2 1 1 187 226 225
375 2 2 1 1 188 189 227
376 2 2 1 1 188 227 226
377 2 2 1 1 189 190 228
378 2 2 1 1 189 228 227
379 2 2 1 1 190 154 192
380 2 2 1 1 190 192 228
381 2 2 1 1 192 191 229
382 2 2 1 1 192 229 230
383 2 2 1 1 191 193 231
384 2 2 1 1 191 231 229
385 2 2 1 1 193 194 232
386 2 2 1 1 193 232 231
387 2 2 1 1 194 195 233
388 2 2 1 1 194 233 232
389 2 2 1 1 195 196 234
390 2 2 1 1 195 234 233
391 2 2 1 1 196 197 235
392 2 2 1 1 196 235 234
393 2 2 1 1 197 198 236
394 2 2 1 1 197 236 235
395 2 2 1 1 198 199 237
396 2 2 1 1 198 237 236
397 2 2 1 1 199 200 238
398 2 2 1 1 199 238 237
399 2 2 1 1 200 201 239
400 2 2 1 1 200 239 238
401 2 2 1 1 201 202 240
402 2 2 1 1 201 240 239
403 2 2 1 1 202 203 241
404 2 2 1 1 202 241 240
405 2 2 1 1 203 204 242
406 2 2 1 1 203 242 241
407 2 2 1 1 204 205 243
408 2 2 1 1 204 243 242
409 2 2 1 1 205 206 244
410 2 2 1 1 205 244 243
411 2 2 1 1 206 207 245
412 2 2 1 1 206 245 244
413 2 2 1 1 207 208 246
414 2 2 1 1 207 246 245
415 2 2 1 1 208 209 247
416 2 2 1 1 208 247 246
417 2 2 1 1 209 210 248
418 2 2 1 1 209 248 247
419 2 2 1 1 210 211 249
420 2 2 1 1 210 249 248
421 2 2 1 1 211 212 250
422 2 2 1 1 211 250 249
423 2 2 1 1 212 213 251
424 2 2 1 1 212 251 250
425 2 2 1 1 213 214 252
426 2 2 1 1 213 252 251
427 2 2 1 1 214 215 253
428 2 2 1 1 214 253 252
429 2 2 1 1 215 216 254
430 2 2 1 1 215 254 253
431 2 2 1 1 216 217 255
432 2 2 1 1 216 255 254
433 2 2 1 1 217 218 256
434 2 2 1 1 217 256 255
435 2 2 1 1 218 219 257
436 2 2 1 1 218 257 256
437 2 2 1 1 219 220 258
438 2 2 1 1 219 258 257
439 2 2 1 1 220 221 259
440 2 2 1 1 220 259 258
441 2 2 1 1 221 222 260
442 2 2 1 1 221 260 259
443 2 2 1 1 222 223 261
444 2 2 1 1 222 261 260
445 2 2 1 1 223 224 262
446 2 2 1 1 223 262 261
447 2 2 1 1 224 225 263
448 2 2 1 1 224 263 262
449 2 2 1 1 225 226 264
450 2 2 1 1 225 264 263
451 2 2 1 1 226 227 265
452 2 2 1 1 226 265 264
453 2 2 1 1 227 228 266
454 2 2 1 1 227 266 265
455 2 2 1 1 228 192 230
456 2 2 1 1 228 230 266
457 2 2 1 1 230 229 267
458 2 2 1 1 230 267 268
459 2 2 1 1 229 231 269
460 2 2 1 1 229 269 267
461 2 2 1 1 231 232 270
462 2 2 1 1 231 270 269
463 2 2 1 1 232 233 271
464 2 2 1 1 232 271 270
465 2 2 1 1 233 234 272
466 2 2 1 1 233 272 271
467 2 2 1 1 234 235 273
468 2 2 1 1 234 273 272
469 2 2 1 1 235 236 274
470 2 2 1 1 235 274 273
471 2 2 1 1 236 237 275
472 2 2 1 1 236 275 274
473 2 2 1 1 237 238 276
474 2 2 1 1 237 276 275
475 2 2 1 1 238 239 277
476 2 2 1 1 238 277 276
477 2 2 1 1 239 240 278
478 2 2 1 1 239 278 277
479 2 2 1 1 240 241 279
480 2 2 1 1 240 279 278
481 2 2 1 1 241 242 280
482 2 2 1 1 241 280 279
483 2 2 1 1 242 243 281
484 2 2 1 1 242 281 280
485 2 2 1 1 243 244 282
486 2 2 1 1 243 282 281
487 2 2 1 1 244 245 283
488 2 2 1 1 244 283 282
489 2 2 1 1 245 246 284
490 2 2 1 1 245 284 283
491 2 2 1 1 246 247 285
492 2 2 1 1 246 285 284
493 2 2 1 1 247 248 286
494 2 2 1 1 247 286 285
495 2 2 1 1 248 249 287
496 2 2 1 1 248 287 286
497 2 2 1 1 249 250 288
498 2 2 1 1 249 288 287
499 2 2 1 1 250 251 289
500 2 2 1 1 250 289 288
501 2 2 1 1 251 252 290
502 2 2 1 1 251 290 289
503 2 2 1 1 252 253 291
504 2 2 1 1 252 291 290
505 2 2 1 1 253 254 292
506 2 2 1 1 253 292 291
507 2 2 1 1 254 255 293
508 2 2 1 1 254 293 292
509 2 2 1 1 255 256 294
510 2 2 1 1 255 294 293
511 2 2 1 1 256 257 295
512 2 2 1 1 256 295 294
513 2 2 1 1 257 258 296
514 2 2 1 1 257 296 295
515 2 2 1 1 258 259 297
516 2 2 1 1 258 297 296
517 2 2 1 1 259 260 298
518 2 2 1 1 259 298 297
519 2 2 1 1 260 261 299
520 2 2 1 1 260 299 298
521 2 2 1 1 261 262 300
522 2 2 1 1 261 300 299
523 2 2 1 1 262 263 301
524 2 2 1 1 262 301 300
525 2 2 1 1 263 264 302
526 2 2 1 1 263 302 301
527 2 2 1 1 264 265 303
528 2 2 1 1 264 303 302
529 2 2 1 1 265 266 304
530 2 2 1 1 265 304 303
531 2 2 1 1 266 230 268
532 2 2 1 1 266 268 304
533 2 2 1 1 268 267 305
534 2 2 1 1 268 305 306
535 2 2 1 1 267 269 307
536 2 2 1 1 267 307 305
537 2 2 1 1 269 270 308
538 2 2 1 1 269 308 307
539 2 2 1 1 270 271 309
540 2 2 1 1 270 309 308
541 2 2 1 1 271 272 310
542 2 2 1 1 271 310 309
543 2 2 1 1 272 273 311
544 2 2 1 1 272 311 310
545 2 2 1 1 273 274 312
546 2 2 1 1 273 312 311
547 2 2 1 1 274 275 313
548 2 2 1 1 274 313 312
549 2 2 1 1 275 276 314
550 2 2 1 1 275 314 313
551 2 2 1 1 276 277 315
552 2 2 1 1 276 315 314
553 2 2 1 1 277 278 316
554 2 2 1 1 277 316 315
555 2 2 1 1 278 279 317
556 2 2 1 1 278 317 316
557 2 2 1 1 279 280 318
558 2 2 1 1 279 318 317
559 2 2 1 1 280 281 319
560 2 2 1 1 280 319 318
561 2 2 1 1 281 282 320
562 2 2 1 1 281 320 319
563 2 2 1 1 282 283 321
564 2 2 1 1 282 321 320
565 2 2 1 1 283 284 322
566 2 2 1 1 283 322 321
567 2 2 1 1 284 285 323
568 2 2 1 1 284 323 322
569 2 2 1 1 285 286 324
570 2 2 1 1 285 324 323
571 2 2 1 1 286 287 325
572 2 2 1 1 286 325 324
573 2 2 1 1 287 288 326
574 2 2 1 1 287 326 325
575 2 2 1 1 288 289 327
576 2 2 1 1 288 327 326
577 2 2 1 1 289 290 328
578 2 2 1 1 289 328 327
579 2 2 1 1 290 291 329
580 2 2 1 1 290 329 328
581 2 2 1 1 291 292 330
582 2 2 1 1 291 330 329
583 2 2 1 1 292 293 331
584 2 2 1 1 292 331 330
585 2 2 1 1 293 294 332
586 2 2 1 1 293 332 331
587 2 2 1 1 294 295 333
588 2 2 1 1 294 333 332
589 2 2 1 1 295 296 334
590 2 2 1 1 295 334 333
591 2 2 1 1 296 297 335
592 2 2 1 1 296 335 334
593 2 2 1 1 297 298 336
594 2 2 1 1 297 336 335
595 2 2 1 1 298 299 337
596 2 2 1 1 298 337 336
597 2 2 1 1 299 300 338
598 2 2 1 1 299 338 337
599 2 2 1 1 300 301 339
600 2 2 1 1 300 339 338
601 2 2 1 1 301 302 340
602 2 2 1 1 301 340 339
603 2 2 1 1 302 303 341
604 2 2 1 1 302 341 340
605 2 2 1 1 303 304 342
606 2 2 1 1 303 342 341
607 2 2 1 1 304 268 306
608 2 2 1 1 304 306 342
609 2 2 1 1 306 305 343
610 2 2 1 1 306 343 344
611 2 2 1 1 305 307 345
612 2 2 1 1 305 345 343
613 2 2 1 1 307 308 346
614 2 2 1 1 307 346 345
615 2 2 1 1 308 309 347
616 2 2 1 1 308 347 346
617 2 2 1 1 309 310 348
618 2 2 1 1 309 348 347
619 2 2 1 1 310 311 349
620 2 2 1 1 310 349 348
621 2 2 1 1 311 312 350
622 2 2 1 1 311 350 349
623 2 2 1 1 312 313 351
624 2 2 1 1 312 351 350
625 2 2 1 1 313 314 352
626 2 2 1 1 313 352 351
627 2 2 1 1 314 315 353
628 2 2 1 1 314 353 352
629 2 2 1 1 315 316 354
630 2 2 1 1 315 354 353
631 2 2 1 1 316 317 355
632 2 2 1 1 316 355 354
633 2 2 1 1 317 318 356
634 2 2 1 1 317 356 355
635 2 2 1 1 318 319 357
636 2 2 1 1 318 357 356
637 2 2 1 1 319 320 358
638 2 2 1 1 319 358 357
639 2 2 1 1 320 321 359
640 2 2 1 1 320 359 358
641 2 2 1 1 321 322 360
642 2 2 1 1 321 360 359
643 2 2 1 1 322 323 361
644 2 2 1 1 322 361 360
645 2 2 1 1 323 324 362
646 2 2 1 1 323 362 361
647 2 2 1 1 324 325 363
648 2 2 1 1 324 363 362
649 2 2 1 1 325 326 364
650 2 2 1 1 325 364 363
651 2 2 1 1 326 327 365
652 2 2 1 1 326 365 364
653 2 2 1 1 327 328 366
654 2 2 1 1 327 366 365
655 2 2 1 1 328 329 367
656 2 2 1 1 328 367 366
657 2 2 1 1 329 330 368
658 2 2 1 1 329 368 367
659 2 2 1 1 330 331 369
660 2 2 1 1 330 369 368
661 2 2 1 1 331 332 370
662 2 2 1 1 331 370 369
663 2 2 1 1 332 333 371
664 2 2 1 1 332 371 370
665 2 2 1 1 333 334 372
666 2 2 1 1 333 372 371
667 2 2 1 1 334 335 373
668 2 2 1 1 334 373 372
669 2 2 1 1 335 336 374
670 2 2 1 1 335 374 373
671 2 2 1 1 336 337 375
672 2 2 1 1 336 375 374
673 2 2 1 1 337 338 376
674 2 2 1 1 337 376 375
675 2 2 1 1 338 339 377
676 2 2 1 1 338 377 376
677 2 2 1 1 339 340 378
678 2 2 1 1 339 378 377
679 2 2 1 1 340 341 379
680 2 2 1 1 340 379 378
681 2 2 1 1 341 342 380
682 2 2 1 1 341 380 379
683 2 2 1 1 342 306 344
684 2 2 1 1 342 344 380
685 2 2 1 1 344 343 381
686 2 2 1 1 344 381 382
687 2 2 1 1 343 345 383
688 2 2 1 1 343 383 381
689 2 2 1 1 345 346 384
690 2 2 1 1 345 384 383
691 2 2 1 1 346 347 385
692 2 2 1 1 346 385 384
693 2 2 1 1 347 348 386
694 2 2 1 1 347 386 385
695 2 2 1 1 348 349 387
696 2 2 1 1 348 387 386
697 2 2 1 1 349 350 388
698 2 2 1 1 349 388 387
699 2 2 1 1 350 351 389
700 2 2 1 1 350 389 388
701 2 2 1 1 351 352 390
702 2 2 1 1 351 390 389
703 2 2 1 1 352 353 391
704 2 2 1 1 352 391 390
705 2 2 1 1 353 354 392
706 2 2 1 1 353 392 391
707 2 2 1 1 354 355 393
708 2 2 1 1 354 393 392
709 2 2 1 1 355 356 394
710 2 2 1 1 355 394 393
711 2 2 1 1 356 357 395
712 2 2 1 1 356 395 394
713 2 2 1 1 357 358 396
714 2 2 1 1 357 396 395
715 2 2 1 1 358 359 397
716 2 2 1 1 358 397 396
717 2 2 1 1 359 360 398
718 2 2 1 1 359 398 397
719 2 2 1 1 360 361 399
720 2 2 1 1 360 399 398
721 2 2 1 1 361 362 400
722 2 2 1 1 361 400 399
723 2 2 1 1 362 363 401
724 2 2 1 1 362 401 400
725 2 2 1 1 363 364 402
726 2 2 1 1 363 402 401
727 2 2 1 1 364 365 403
728 2 2 1 1 364 403 402
729 2 2 1 1 365 366 404
730 2 2 1 1 365 404 403
731 2 2 1 1 366 367 405
732 2 2 1 1 366 405 404
733 2 2 1 1 367 368 406
734 2 2 1 1 367 406 405
735 2 2 1 1 368 369 407
736 2 2 1 1 368 407 406
737 2 2 1 1 369 370 408
738 2 2 1 1 369 408 407
739 2 2 1 1 370 371 409
740 2 2 1 1 370 409 408
741 2 2 1 1 371 372 410
742 2 2 1 1 371 410 409
743 2 2 1 1 372 373 411
744 2 2 1 1 372 411 410
745 2 2 1 1 373 374 412
746 2 2 1 1 373 412 411
747 2 2 1 1 374 375 413
748 2 2 1 1 374 413 412
749 2 2 1 1 375 376 414
750 2 2 1 1 375 414 413
751 2 2 1 1 376 377 415
752 2 2 1 1 376 415 414
753 2 2 1 1 377 378 416
754 2 2 1 1 377 416 415
755 2 2 1 1 378 379 417
756 2 2 1 1 378 417 416
757 2 2 1 1 379 380 418
758 2 2 1 1 379 418 417
759 2 2 1 1 380 344 382
760 2 2 1 1 380 382 418
761 2 2 1 1 382 381 419
762 2 2 1 1 382 419 420
763 2 2 1 1 381 383 421
764 2 2 1 1 381 421 419
765 2 2 1 1 383 384 422
766 2 2 1 1 383 422 421
767 2 2 1 1 384 385 423
768 2 2 1 1 384 423 422
769 2 2 1 1 385 386 424
770 2 2 1 1 385 424 423
771 2 2 1 1 386 387 425
772 2 2 1 1 386 425 424
773 2 2 1 1 387 388 426
774 2 2 1 1 387 426 425
775 2 2 1 1 388 389 427
776 2 2 1 1 388 427 426
777 2 2 1 1 389 390 428
778 2 2 1 1 389 428 427
779 2 2 1 1 390 391 429
780 2 2 1 1 390 429 428
781 2 2 1 1 391 392 430
782 2 2 1 1 391 430 429
783 2 2 1 1 392 393 431
784 2 2 1 1 392 431 430
785 2 2 1 1 393 394 432
786 2 2 1 1 393 432 431
787 2 2 1 1 394 395 433
788 2 2 1 1 394 433 432
789 2 2 1 1 395 396 434
790 2 2 1 1 395 434 433
791 2 2 1 1 396 397 435
792 2 2 1 1 396 435 434
793 2 2 1 1 397 398 436
794 2 2 1 1 397 436 435
795 2 2 1 1 398 399 437
796 2 2 1 1 398 437 436
797 2 2 1 1 399 400 438
798 2 2 1 1 399 438 437
799 2 2 1 1 400 401 439
800 2 2 1 1 400 439 438
801 2 2 1 1 401 402 440
802 2 2 1 1 401 440 439
803 2 2 1 1 402 403 441
804 2 2 1 1 402 441 440
805 2 2 1 1 403 404 442
806 2 2 1 1 403 442 441
807 2 2 1 1 404 405 443
808 2 2 1 1 404 443 442
809 2 2 1 1 405 406 444
810 2 2 1 1 405 444 443
811 2 2 1 1 406 407 445
812 2 2 1 1 406 445 444
813 2 2 1 1 407 408 446
814 2 2 1 1 407 446 445
815 2 2 1 1 408 409 447
816 2 2 1 1 408 447 446
817 2 2 1 1 409 410 448
818 2 2 1 1 409 448 447
819 2 2 1 1 410 411 449
820 2 2 1 1 410 449 448
821 2 2 1 1 411 412 450
822 2 2 1 1 411 450 449
823 2 2 1 1 412 413 451
824 2 2 1 1 412 451 450
825 2 2 1 1 413 414 452
826 2 2 1 1 413 452 451
827 2 2 1 1 414 415 453
828 2 2 1 1 414 453 452
829 2 2 1 1 415 416 454
830 2 2 1 1 415 454 453
831 2 2 1 1 416 417 455
832 2 2 1 1 416 455 454
833 2 2 1 1 417 418 456
834 2 2 1 1 417 456 455
835 2 2 1 1 418 382 420
836 2 2 1 1 418 420 456
837 2 2 1 1 420 419 457
838 2 2 1 1 420 457 458
839 2 2 1 1 419 421 459
840 2 2 1 1 419 459 457
841 2 2 1 1 421 422 460
842 2 2 1 1 421 460 459
843 2 2 1 1 422 423 461
844 2 2 1 1 422 461 460
845 2 2 1 1 423 424 462
846 2 2 1 1 423 462 461
847 2 2 1 1 424 425 463
848 2 2 1 1 424 463 462
849 2 2 1 1 425 426 464
850 2 2 1 1 425 464 463
851 2 2 1 1 426 427 465
852 2 2 1 1 426 465 464
853 2 2 1 1 427 428 466
854 2 2 1 1 427 466 465
855 2 2 1 1 428 429 467
856 2 2 1 1 428 467 466
857 2 2 1 1 429 430 468
858 2 2 1 1 429 468 467
859 2 2 1 1 430 431 469
860 2 2 1 1 430 469 468
861 2 2 1 1 431 432 470
862 2 2 1 1 431 470 469
863 2 2 1 1 432 433 471
864 2 2 1 1 432 471 470
865 2 2 1 1 433 434 472
866 2 2 1 1 433 472 471
867 2 2 1 1 434 435 473
868 2 2 1 1 434 473 472
869 2 2 1 1 435 436 474
870 2 2 1 1 435 474 473
871 2 2 1 1 436 437 475
872 2 2 1 1 436 475 474
873 2 2 1 1 437 438 476
874 2 2 1 1 437 476 475
875 2 2 1 1 438 439 477
876 2 2 1 1 438 477 476
877 2 2 1 1 439 440 478
878 2 2 1 1 439 478 477
879 2 2 1 1 440 441 479
880 2 2 1 1 440 479 478
881 2 2 1 1 441 442 480
882 2 2 1 1 441 480 479
883 2 2 1 1 442 443 481
884 2 2 1 1 442 481 480
885 2 2 1 1 443 444 482
886 2 2 1 1 443 482 481
887 2 2 1 1 444 445 483
888 2 2 1 1 444 483 482
889 2 2 1 1 445 446 484
890 2 2 1 1 445 484 483
891 2 2 1 1 446 447 485
892 2 2 1 1 446 485 484
893 2 2 1 1 447 448 486
894 2 2 1 1 447 486 485
895 2 2 1 1 448 449 487
896 2 2 1 1 448 487 486
897 2 2 1 1 449 450 488
898 2 2 1 1 449 488 487
899 2 2 1 1 450 451 489
900 2 2 1 1 450 489 488
901 2 2 1 1 451 452 490
902 2 2 1 1 451 490 489
903 2 2 1 1 452 453 491
904 2 2 1 1 452 491 490
905 2 2 1 1 453 454 492
906 2 2 1 1 453 492 491
907 2 2 1 1 454 455 493
908 2 2 1 1 454 493 492
909 2 2 1 1 455 456 494
910 2 2 1 1 455 494 493
911 2 2 1 1 456 420 458
912 2 2 1 1 456 458 494
913 2 2 1 1 458 457 495
914 2 2 1 1 458 495 496
915 2 2 1 1 457 459 497
916 2 2 1 1 457 497 495
917 2 2 1 1 459 460 498
918 2 2 1 1 459 498 497
919 2 2 1 1 460 461 499
920 2 2 1 1 460 499 498
921 2 2 1 1 461 462 500
922 2 2 1 1 461 500 499
923 2 2 1 1 462 463 501
924 2 2 1 1 462 501 500
925 2 2 1 1 463 464 502
926 2 2 1 1 463 502 501
927 2 2 1 1 464 465 503
928 2 2 1 1 464 503 502
929 2 2 1 1 465 466 504
930 2 2 1 1 465 504 503
931 2 2 1 1 466 467 505
932 2 2 1 1 466 505 504
933 2 2 1 1 467 468 506
934 2 2 1 1 467 506 505
935 2 2 1 1 468 469 507
936 2 2 1 1 468 507 506
937 2 2 1 1 469 470 508
938 2 2 1 1 469 508 507
939 2 2 1 1 470 471 509
940 2 2 1 1 470 509 508
941 2 2 1 1 471 472 510
942 2 2 1 1 471 510 509
943 2 2 1 1 472 473 511
944 2 2 1 1 472 511 510
945 2 2 1 1 473 474 512
946 2 2 1 1 473 512 511
947 2 2 1 1 474 475 513
948 2 2 1 1 474 513 512
949 2 2 1 1 475 476 514
950 2 2 1 1 475 514 513
951 2 2 1 1 476 477 515
952 2 2 1 1 476 515 514
953 2 2 1 1 477 478 516
954 2 2 1 1 477 516 515
955 2 2 1 1 478 479 517
956 2 2 1 1 478 517 516
957 2 2 1 1 479 480 518
958 2 2 1 1 479 518 517
959 2 2 1 1 480 481 519
960 2 2 1 1 480 519 518
961 2 2 1 1 481 482 520
962 2 2 1 1 481 520 519
963 2 2 1 1 482 483 521
964 2 2 1 1 482 521 520
965 2 2 1 1 483 484 522
966 2 2 1 1 483 522 521
967 2 2 1 1 484 485 523
968 2 2 1 1 484 523 522
969 2 2 1 1 485 486 524
970 2 2 1 1 485 524 523
971 2 2 1 1 486 487 525
972 2 2 1 1 486 525 524
973 2 2 1 1 487 488 526
974 2 2 1 1 487 526 525
975 2 2 1 1 488 489 527
976 2 2 1 1 488 527 526
977 2 2 1 1 489 490 528
978 2 2 1 1 489 528 527
979 2 2 1 1 490 491 529
980 2 2 1 1 490 529 528
981 2 2 1 1 491 492 530
982 2 2 1 1 491 530 529
983 2 2 1 1 492 493 531
984 2 2 1 1 492 531 530
985 2 2 1 1 493 494 532
986 2 2 1 1 493 532 531
987 2 2 1 1 494 458 496
988 2 2 1 1 494 496 532
989 2 2 1 1 496 495 533
990 2 2 1 1 496 533 534
991 2 2 1 1 495 497 535
992 2 2 1 1 495 535 533
993 2 2 1 1 497 498 536
994 2 2 1 1 497 536 535
995 2 2 1 1 498 499 537
996 2 2 1 1 498 537 536
997 2 2 1 1 499 500 538
998 2 2 1 1 499 538 537
999 2 2 1 1 500 501 539
1000 2 2 1 1 500 539 538
1001 2 2 1 1 501 502 540
1002 2 2 1 1 501 540 539
1003 2 2 1 1 502 503 541
1004 2 2 1 1 502 541 540
1005 2 2 1 1 503 504 542
1006 2 2 1 1 503 542 541
1007 2 2 1 1 504 505 543
1008 2 2 1 1 504 543 542
1009 2 2 1 1 505 506 544
1010 2 2 1 1 505 544 543
1011 2 2 1 1 506 507 545
1012 2 2 1 1 506 545 544
1013 2 2 1 1 507 508 546
1014 2 2 1 1 507 546 545
1015 2 2 1 1 508 509 547
1016 2 2 1 1 508 547 546
1017 2 2 1 1 509 510 548
1018 2 2 1 1 509 548 547
1019 2 2 1 1 510 511 549
1020 2 2 1 1 510 549 548
1021 2 2 1 1 511 512 550
1022 2 2 1 1 511 550 549
1023 2 2 1 1 512 513 551
1024 2 2 1 1 512 551 550
1025 2 2 1 1 513 514 552
1026 2 2 1 1 513 552 551
1027 2 2 1 1 514 515 553
1028 2 2 1 1 514 553 552
1029 2 2 1 1 515 516 554
1030 2 2 1 1 515 554 553
1031 2 2 1 1 516 517 555
1032 2 2 1 1 516 555 554
1033 2 2 1 1 517 518 556
1034 2 2 1 1 517 556 555
1035 2 2 1 1 518 519 557
1036 2 2 1 1 518 557 556
1037 2 2 1 1 519 520 558
1038 2 2 1 1 519 558 557
1039 2 2 1 1 520 521 559
1040 2 2 1 1 520 559 558
1041 2 2 1 1 521 522 560
1042 2 2 1 1 521 560 559
1043 2 2 1 1 522 523 561
1044 2 2 1 1 522 561 560
1045 2 2 1 1 523 524 562
1046 2 2 1 1 523 562 561
1047 2 2 1 1 524 525 563
1048 2 2 1 1 524 563 562
1049 2 2 1 1 525 526 564
1050 2 2 1 1 525 564 563
1051 2 2 1 1 526 527 565
1052 2 2 1 1 526 565 564
1053 2 2 1 1 527 528 566
1054 2 2 1 1 527 566 565
1055 2 2 1 1 528 529 567
1056 2 2 1 1 528 567 566
1057 2 2 1 1 529 530 568
1058 2 2 1 1 529 568 567
1059 2 2 1 1 530 531 569
1060 2 2 1 1 530 569 568
1061 2 2 1 1 531 532 570
1062 2 2 1 1 531 570 569
1063 2 2 1 1 532 496 534
1064 2 2 1 1 532 534 570
1065 2 2 1 1 534 533 571
1066 2 2 1 1 534 571 572
1067 2 2 1 1 533 535 573
1068 2 2 1 1 533 573 571
1069 2 2 1 1 535 536 574
1070 2 2 1 1 535 574 573
1071 2 2 1 1 536 537 575
1072 2 2 1 1 536 575 574
1073 2 2 1 1 537 538 576
1074 2 2 1 1 537 576 575
1075 2 2 1 1 538 539 577
1076 2 2 1 1 538 577 576
1077 2 2 1 1 539 540 578
1078 2 2 1 1 539 578 577
1079 2 2 1 1 540 541 579
1080 2 2 1 1 540 579 578
1081 2 2 1 1 541 542 580
1082 2 2 1 1 541 580 579
1083 2 2 1 1 542 543 581
1084 2 2 1 1 542 581 580
1085 2 2 1 1 543 544 582
1086 2 2 1 1 543 582 581
1087 2 2 1 1 544 545 583
1088 2 2 1 1 544 583 582
1089 2 2 1 1 545 546 584
1090 2 2 1 1 545 584 583
1091 2 2 1 1 546 547 585
1092 2 2 1 1 546 585 584
1093 2 2 1 1 547 548 586
1094 2 2 1 1 547 586 585
1095 2 2 1 1 548 549 587
1096 2 2 1 1 548 587 586
1097 2 2 1 1 549 550 588
1098 2 2 1 1 549 588 587
1099 2 2 1 1 550 551 589
1100 2 2 1 1 550 589 588
1101 2 2 1 1 551 552 590
1102 2 2 1 1 551 590 589
1103 2 2 1 1 552 553 591
1104 2 2 1 1 552 591 590
1105 2 2 1 1 553 554 592
1106 2 2 1 1 553 592 591
1107 2 2 1 1 554 555 593
1108 2 2 1 1 554 593 592
1109 2 2 1 1 555 556 594
1110 2 2 1 1 555 594 593
1111 2 2 1 1 556 557 595
1112 2 2 1 1 556 595 594
1113 2 2 1 1 557 558 596
1114 2 2 1 1 557 596 595
1115 2 2 1 1 558 559 597
1116 2 2 1 1 558 597 596
1117 2 2 1 1 559 560 598
1118 2 2 1 1 559 598 597
1119 2 2 1 1 560 561 599
1120 2 2 1 1 560 599 598
1121 2 2 1 1 561 562 600
1122 2 2 1 1 561 600 599
1123 2 2 1 1 562 563 601
1124 2 2 1 1 562 601 600
1125 2 2 1 1 563 564 602
1126 2 2 1 1 563 602 601
1127 2 2 1 1 564 565 603
1128 2 2 1 1 564 603 602
1129 2 2 1 1 565 566 604
1130 2 2 1 1 565 604 603
1131 2 2 1 1 566 567 605
1132 2 2 1 1 566 605 604
1133 2 2 1 1 567 568 606
1134 2 2 1 1 567 606 605
1135 2 2 1 1 568 569 607
1136 2 2 1 1 568 607 606
1137 2 2 1 1 569 570 608
1138 2 2 1 1 569 608 607
1139 2 2 1 1 570 534 572
1140 2 2 1 1 570 572 608
1141 2 2 1 1 1 609 610
1142 2 2 1 1 1 610 2
1143 2 2 1 1 2 610 611
1144 2 2 1 1 2 611 5
1145 2 2 1 1 5 611 612
1146 2 2 1 1 5 612 7
1147 2 2 1 1 7 612 613
1148 2 2 1 1 7 613 9
1149 2 2 1 1 9 613 614
1150 2 2 1 1 9 614 11
1151 2 2 1 1 11 614 615
1152 2 2 1 1 11 615 13
1153 2 2 1 1 13 615 616
1154 2 2 1 1 13 616 15
1155 2 2 1 1 15 616 617
1156 2 2 1 1 15 617 17
1157 2 2 1 1 17 617 618
1158 2 2 1 1 17 618 19
1159 2 2 1 1 19 618 619
1160 2 2 1 1 19 619 21
1161 2 2 1 1 21 619 620
1162 2 2 1 1 21 620 23
1163 2 2 1 1 23 620 621
1164 2 2 1 1 23 621 25
1165 2 2 1 1 25 621 622
1166 2 2 1 1 25 622 27
1167 2 2 1 1 27 622 623
1168 2 2 1 1 27 623 29
1169 2 2 1 1 29 623 624
1170 2 2 1 1 29 624 31
1171 2 2 1 1 31 624 625
1172 2 2 1 1 31 625 33
1173 2 2 1 1 33 625 626
1174 2 2 1 1 33 626 35
1175 2 2 1 1 35 626 627
1176 2 2 1 1 35 627 37
1177 2 2 1 1 37 627 628
1178 2 2 1 1 37 628 39
1179 2 2 1 1 39 628 629
1180 2 2 1 1 39 629 41
1181 2 2 1 1 41 629 630
1182 2 2 1 1 41 630 43
1183 2 2 1 1 43 630 631
1184 2 2 1 1 43 631 45
1185 2 2 1 1 45 631 632
1186 2 2 1 1 45 632 47
1187 2 2 1 1 47 632 633
1188 2 2 1 1 47 633 49
1189 2 2 1 1 49 633 634
1190 2 2 1 1 49 634 51
1191 2 2 1 1 51 634 635
1192 2 2 1 1 51 635 53
1193 2 2 1 1 53 635 636
1194 2 2 1 1 53 636 55
1195 2 2 1 1 55 636 637
1196 2 2 1 1 55 637 57
1197 2 2 1 1 57 637 638
1198 2 2 1 1 57 638 59
1199 2 2 1 1 59 638 639
1200 2 2 1 1 59 639 61
1201 2 2 1 1 61 639 640
1202 2 2 1 1 61 640 63
1203 2 2 1 1 63 640 641
1204 2 2 1 1 63 641 65
1205 2 2 1 1 65 641 642
1206 2 2 1 1 65 642 67
1207 2 2 1 1 67 642 643
1208 2 2 1 1 67 643 69
1209 2 2 1 1 69 643 644
1210 2 2 1 1 69 644 71
1211 2 2 1 1 71 644 645
1212 2 2 1 1 71 645 73
1213 2 2 1 1 73 645 646
1214 2 2 1 1 73 646 75
1215 2 2 1 1 75 646 609
1216 2 2 1 1 75 609 1
1217 2 2 1 1 609 647 648
1218 2 2 1 1 609 648 610
1219 2 2 1 1 610 648 649
1220 2 2 1 1 610 649 611
1221 2 2 1 1 611 649 650
1222 2 2 1 1 611 650 612
1223 2 2 1 1 612 650 651
1224 2 2 1 1 612 651 613
1225 2 2 1 1 613 651 652
1226 2 2 1 1 613 652 614
1227 2 2 1 1 614 652 653
1228 2 2 1 1 614 653 615
1229 2 2 1 1 615 653 654
1230 2 2 1 1 615 654 616
1231 2 2 1 1 616 654 655
1232 2 2 1 1 616 655 617
1233 2 2 1 1 617 655 656
1234 2 2 1 1 617 656 618
1235 2 2 1 1 618 656 657
1236 2 2 1 1 618 657 619
1237 2 2 1 1 619 657 658
1238 2 2 1 1 619 658 620
1239 2 2 1 1 620 658 659
1240 2 2 1 1 620 659 621
1241 2 2 1 1 621 659 660
1242 2 2 1 1 621 660 622
1243 2 2 1 1 622 660 661
1244 2 2 1 1 622 661 623
1245 2 2 1 1 623 661 662
1246 2 2 1 1 623 662 624
1247 2 2 1 1 624 662 663
1248 2 2 1 1 624 663 625
1249 2 2 1 1 625 663 664
1250 2 2 1 1 625 664 626
1251 2 2 1 1 626 664 665
1252 2 2 1 1 626 665 627
1253 2 2 1 1 627 665 666
1254 2 2 1 1 627 666 628
1255 2 2 1 1 628 666 667
1256 2 2 1 1 628 667 629
1257 2 2 1 1 629 667 668
1258 2 2 1 1 629 668 630
1259 2 2 1 1 630 668 669
1260 2 2 1 1 630 669 631
1261 2 2 1 1 631 669 670
1262 2 2 1 1 631 670 632
1263 2 2 1 1 632 670 671
1264 2 2 1 1 632 671 633
1265 2 2 1 1 633 671 672
1266 2 2 1 1 633 672 634
1267 2 2 1 1 634 672 673
1268 2 2 1 1 634 673 635
1269 2 2 1 1 635 673 674
1270 2 2 1 1 635 674 636
1271 2 2 1 1 636 674 675
1272 2 2 1 1 636 675 637
1273 2 2 1 1 637 675 676
1274 2 2 1 1 637 676 638
1275 2 2 1 1 638 676 677
1276 2 2 1 1 638 677 639
1277 2 2 1 1 639 677 678
1278 2 2 1 1 639 678 640
1279 2 2 1 1 640 678 679
1280 2 2 1 1 640 679 641
1281 2 2 1 1 641 679 680
1282 2 2 1 1 641 680 642
1283 2 2 1 1 642 680 681
1284 2 2 1 1 642 681 643
1285 2 2 1 1 643 681 682
1286 2 2 1 1 643 682 644
1287 2 2 1 1 644 682 683
1288 2 2 1 1 644 683 645
1289 2 2 1 1 645 683 684
1290 2 2 1 1 645 684 646
1291 2 2 1 1 646 684 647
1292 2 2 1 1 646 647 609
1293 2 2 1 1 647 685 686
1294 2 2 1 1 647 686 648
1295 2 2 1 1 648 686 687
1296 2 2 1 1 648 687 649
1297 2 2 1 1 649 687 688
1298 2 2 1 1 649 688 650
1299 2 2 1 1 650 688 689
1300 2 2 1 1 650 689 651
1301 2 2 1 1 651 689 690
1302 2 2 1 1 651 690 652
1303 2 2 1 1 652 690 691
1304 2 2 1 1 652 691 653
1305 2 2 1 1 653 691 692
1306 2 2 1 1 653 692 654
1307 2 2 1 1 654 692 693
1308 2 2 1 1 654 693 655
1309 2 2 1 1 655 693 694
1310 2 2 1 1 655 694 656
1311 2 2 1 1 656 694 695
1312 2 2 1 1 656 695 657
1313 2 2 1 1 657 695 696
1314 2 2 1 1 657 696 658
1315 2 2 1 1 658 696 697
1316 2 2 1 1 658 697 659
1317 2 2 1 1 659 697 698
1318 2 2 1 1 659 698 660
1319 2 2 1 1 660 698 699
1320 2 2 1 1 660 699 661
1321 2 2 1 1 661 699 700
1322 2 2 1 1 661 700 662
1323 2 2 1 1 662 700 701
1324 2 2 1 1 662 701 663
1325 2 2 1 1 663 701 702
1326 2 2 1 1 663 702 664
1327 2 2 1 1 664 702 703
1328 2 2 1 1 664 703 665
1329 2 2 1 1 665 703 704
1330 2 2 1 1 665 704 666
1331 2 2 1 1 666 704 705
1332 2 2 1 1 666 705 667
1333 2 2 1 1 667 705 706
1334 2 2 1 1 667 706 668
1335 2 2 1 1 668 706 707
1336 2 2 1 1 668 707 669
1337 2 2 1 1 669 707 708
1338 2 2 1 1 669 708 670
1339 2 2 1 1 670 708 709
1340 2 2 1 1 670 709 671
1341 2 2 1 1 671 709 710
1342 2 2 1 1 671 710 672
1343 2 2 1 1 672 710 711
1344 2 2 1 1 672 711 673
1345 2 2 1 1 673 711 712
1346 2 2 1 1 673 712 674
1347 2 2 1 1 674 712 713
1348 2 2 1 1 674 713 675
1349 2 2 1 1 675 713 714
1350 2 2 1 1 675 714 676
1351 2 2 1 1 676 714 715
1352 2 2 1 1 676 715 677
1353 2 2 1 1 677 715 716
1354 2 2 1 1 677 716 678
1355 2 2 1 1 678 716 717
1356 2 2 1 1 678 717 679
1357 2 2 1 1 679 717 718
1358 2 2 1 1 679 718 680
1359 2 2 1 1 680 718 719
1360 2 2 1 1 680 719 681
1361 2 2 1 1 681 719 720
1362 2 2 1 1 681 720 682
1363 2 2 1 1 682 720 721
1364 2 2 1 1 682 721 683
1365 2 2 1 1 683 721 722
1366 2 2 1 1 683 722 684
1367 2 2 1 1 684 722 685
1368 2 2 1 1 684 685 647
1369 2 2 1 1 685 723 724
1370 2 2 1 1 685 724 686
1371 2 2 1 1 686 724 725
1372 2 2 1 1 686 725 687
1373 2 2 1 1 687 725 726
1374 2 2 1 1 687 726 688
1375 2 2 1 1 688 726 727
1376 2 2 1 1 688 727 689
1377 2 2 1 1 689 727 728
1378 2 2 1 1 689 728 690
1379 2 2 1 1 690 728 729
1380 2 2 1 1 690 729 691
1381 2 2 1 1 691 729 730
1382 2 2 1 1 691 730 692
1383 2 2 1 1 692 730 731
1384 2 2 1 1 692 731 693
1385 2 2 1 1 693 731 732
1386 2 2 1 1 693 732 694
1387 2 2 1 1 694 732 733
1388 2 2 1 1 694 733 695
1389 2 2 1 1 695 733 734
1390 2 2 1 1 695 734 696
1391 2 2 1 1 696 734 735
1392 2 2 1 1 696 735 697
1393 2 2 1 1 697 735 736
1394 2 2 1 1 697 736 698
1395 2 2 1 1 698 736 737
1396 2 2 1 1 698 737 699
1397 2 2 1 1 699 737 738
1398 2 2 1 1 699 738 700
1399 2 2 1 1 700 738 739
1400 2 2 1 1 700 739 701
1401 2 2 1 1 701 739 740
1402 2 2 1 1 701 740 702
1403 2 2 1 1 702 740 741
1404 2 2 1 1 702 741 703
1405 2 2 1 1 703 741 742
1406 2 2 1 1 703 742 704
1407 2 2 1 1 704 742 743
1408 2 2 1 1 704 743 705
1409 2 2 1 1 705 743 744
1410 2 2 1 1 705 744 706
1411 2 2 1 1 706 744 745
1412 2 2 1 1 706 745 707
1413 2 2 1 1 707 745 746
1414 2 2 1 1 707 746 708
1415 2 2 1 1 708 746 747
1416 2 2 1 1 708 747 709
1417 2 2 1 1 709 747 748
1418 2 2 1 1 709 748 710
1419 2 2 1 1 710 748 749
1420 2 2 1 1 710 749 711
1421 2 2 1 1 711 749 750
1422 2 2 1 1 711 750 712
1423 2 2 1 1 712 750 751
1424 2 2 1 1 712 751 713
1425 2 2 1 1 713 751 752
1426 2 2 1 1 713 752 714
1427 2 2 1 1 714 752 753
1428 2 2 1 1 714 753 715
1429 2 2 1 1 715 753 754
1430 2 2 1 1 715 754 716
1431 2 2 1 1 716 754 755
1432 2 2 1 1 716 755 717
1433 2 2 1 1 717 755 756
1434 2 2 1 1 717 756 718
1435 2 2 1 1 718 756 757
1436 2 2 1 1 718 757 719
1437 2 2 1 1 719 757 758
1438 2 2 1 1 719 758 720
1439 2 2 1 1 720 758 759
1440 2 2 1 1 720 759 721
1441 2 2 1 1 721 759 760
1442 2 2 1 1 721 760 722
1443 2 2 1 1 722 760 723
1444 2 2 1 1 722 723 685
1445 2 2 1 1 761 762 763
1446 2 2 1 1 761 763 764
1447 2 2 1 1 762 765 766
1448 2 2 1 1 762 766 763
1449 2 2 1 1 765 767 768
1450 2 2 1 1 765 768 766
1451 2 2 1 1 767 769 770
1452 2 2 1 1 767 770 768
1453 2 2 1 1 769 771 772
1454 2 2 1 1 769 772 770
1455 2 2 1 1 771 773 774
1456 2 2 1 1 771 774 772
1457 2 2 1 1 773 775 776
1458 2 2 1 1 773 776 774
1459 2 2 1 1 775 777 778
1460 2 2 1 1 775 778 776
1461 2 2 1 1 777 779 780
1462 2 2 1 1 777 780 778
1463 2 2 1 1 779 781 782
1464 2 2 1 1 779 782 780
1465 2 2 1 1 781 783 784
1466 2 2 1 1 781 784 782
1467 2 2 1 1 783 785 786
1468 2 2 1 1 783 786 784
1469 2 2 1 1 785 787 788
1470 2 2 1 1 785 788 786
1471 2 2 1 1 787 789 790
1472 2 2 1 1 787 790 788
1473 2 2 1 1 789 791 792
1474 2 2 1 1 789 792 790
1475 2 2 1 1 791 793 794
1476 2 2 1 1 791 794 792
1477 2 2 1 1 793 795 796
1478 2 2 1 1 793 796 794
1479 2 2 1 1 795 797 798
1480 2 2 1 1 795 798 796
1481 2 2 1 1 797 799 800
1482 2 2 1 1 797 800 798
1483 2 2 1 1 799 801 802
1484 2 2 1 1 799 802 800
1485 2 2 1 1 801 803 804
1486 2 2 1 1 801 804 802
1487 2 2 1 1 803 805 806
1488 2 2 1 1 803 806 804
1489 2 2 1 1 805 807 808
1490 2 2 1 1 805 808 806
1491 2 2 1 1 807 809 810
1492 2 2 1 1 807 810 808
1493 2 2 1 1 809 811 812
1494 2 2 1 1 809 812 810
1495 2 2 1 1 811 813 814
1496 2 2 1 1 811 814 812
1497 2 2 1 1 813 815 816
1498 2 2 1 1 813 816 814
1499 2 2 1 1 815 817 818
1500 2 2 1 1 815 818 816
1501 2 2 1 1 817 819 820
1502 2 2 1 1 817 820 818
1503 2 2 1 1 819 821 822
1504 2 2 1 1 819 822 820
1505 2 2 1 1 821 823 824
1506 2 2 1 1 821 824 822
1507 2 2 1 1 823 825 826
1508 2 2 1 1 823 826 824
1509 2 2 1 1 825 827 828
1510 2 2 1 1 825 828 826
1511 2 2 1 1 827 829 830
1512 2 2 1 1 827 830 828
1513 2 2 1 1 829 831 832
1514 2 2 1 1 829 832 830
1515 2 2 1 1 831 833 834
1516 2 2 1 1 831 834 832
1517 2 2 1 1 833 835 836
1518 2 2 1 1 833 836 834
1519 2 2 1 1 835 761 764
1520 2 2 1 1 835 764 836
1521 2 2 1 1 764 763 837
1522 2 2 1 1 764 837 838
1523 2 2 1 1 763 766 839
1524 2 2 1 1 763 839 837
1525 2 2 1 1 766 768 840
1526 2 2 1 1 766 840 839
1527 2 2 1 1 768 770 841
1528 2 2 1 1 768 841 840
1529 2 2 1 1 770 772 842
1530 2 2 1 1 770 842 841
1531 2 2 1 1 772 774 843
1532 2 2 1 1 772 843 842
1533 2 2 1 1 774 776 844
1534 2 2 1 1 774 844 843
1535 2 2 1 1 776 778 845
1536 2 2 1 1 776 845 844
1537 2 2 1 1 778 780 846
1538 2 2 1 1 778 846 845
1539 2 2 1 1 780 782 847
1540 2 2 1 1 780 847 846
1541 2 2 1 1 782 784 848
1542 2 2 1 1 782 848 847
1543 2 2 1 1 784 786 849
1544 2 2 1 1 784 849 848
1545 2 2 1 1 786 788 850
1546 2 2 1 1 786 850 849
1547 2 2 1 1 788 790 851
1548 2 2 1 1 788 851 850
1549 2 2 1 1 790 792 852
1550 2 2 1 1 790 852 851
1551 2 2 1 1 792 794 853
1552 2 2 1 1 792 853 852
1553 2 2 1 1 794 796 854
1554 2 2 1 1 794 854 853
1555 2 2 1 1 796 798 855
1556 2 2 1 1 796 855 854
1557 2 2 1 1 798 800 856
1558 2 2 1 1 798 856 855
1559 2 2 1 1 800 802 857
1560 2 2 1 1 800 857 856
1561 2 2 1 1 802 804 858
1562 2 2 1 1 802 858 857
1563 2 2 1 1 804 806 859
1564 2 2 1 1 804 859 858
1565 2 2 1 1 806 808 860
1566 2 2 1 1 806 860 859
1567 2 2 1 1 808 810 861
1568 2 2 1 1 808 861 860
1569 2 2 1 1 810 812 862
1570 2 2 1 1 810 862 861
1571 2 2 1 1 812 814 863
1572 2 2 1 1 812 863 862
1573 2 2 1 1 814 816 864
1574 2 2 1 1 814 864 863
1575 2 2 1 1 816 818 865
1576 2 2 1 1 816 865 864
1577 2 2 1 1 818 820 866
1578 2 2 1 1 818 866 865
1579 2 2 1 1 820 822 867
1580 2 2 1 1 820 867 866
1581 2 2 1 1 822 824 868
1582 2 2 1 1 822 868 867
1583 2 2 1 1 824 826 869
1584 2 2 1 1 824 869 868
1585 2 2 1 1 826 828 870
1586 2 2 1 1 826 870 869
1587 2 2 1 1 828 830 871
1588 2 2 1 1 828 871 870
1589 2 2 1 1 830 832 872
1590 2 2 1 1 830 872 871
1591 2 2 1 1 832 834 873
1592 2 2 1 1 832 873 872
1593 2 2 1 1 834 836 874
1594 2 2 1 1 834 874 873
1595 2 2 1 1 836 764 838
1596 2 2 1 1 836 838 874
1597 2 2 1 1 838 837 875
1598 2 2 1 1 838 875 876
1599 2 2 1 1 837 839 877
1600 2 2 1 1 837 877 875
1601 2 2 1 1 839 840 878
1602 2 2 1 1 839 878 877
1603 2 2 1 1 840 841 879
1604 2 2 1 1 840 879 878
1605 2 2 1 1 841 842 880
1606 2 2 1 1 841 880 879
1607 2 2 1 1 842 843 881
1608 2 2 1 1 842 881 880
1609 2 2 1 1 843 844 882
1610 2 2 1 1 843 882 881
1611 2 2 1 1 844 845 883
1612 2 2 1 1 844 883 882
1613 2 2 1 1 845 846 884
1614 2 2 1 1 845 884 883
1615 2 2 1 1 846 847 885
1616 2 2 1 1 846 885 884
1617 2 2 1 1 847 848 886
1618 2 2 1 1 847 886 885
1619 2 2 1 1 848 849 887
1620 2 2 1 1 848 887 886
1621 2 2 1 1 849 850 888
1622 2 2 1 1 849 888 887
1623 2 2 1 1 850 851 889
1624 2 2 1 1 850 889 888
1625 2 2 1 1 851 852 890
1626 2 2 1 1 851 890 889
1627 2 2 1 1 852 853 891
1628 2 2 1 1 852 891 890
1629 2 2 1 1 853 854 892
1630 2 2 1 1 853 892 891
1631 2 2 1 1 854 855 893
1632 2 2 1 1 854 893 892
1633 2 2 1 1 855 856 894
1634 2 2 1 1 855 894 893
1635 2 2 1 1 856 857 895
1636 2 2 1 1 856 895 894
1637 2 2 1 1 857 858 896
1638 2 2 1 1 857 896 895
1639 2 2 1 1 858 859 897
1640 2 2 1 1 858 897 896
1641 2 2 1 1 859 860 898
1642 2 2 1 1 859 898 897
1643 2 2 1 1 860 861 899
1644 2 2 1 1 860 899 898
1645 2 2 1 1 861 862 900
1646 2 2 1 1 861 900 899
1647 2 2 1 1 862 863 901
1648 2 2 1 1 862 901 900
1649 2 2 1 1 863 864 902
1650 2 2 1 1 863 902 901
1651 2 2 1 1 864 865 903
1652 2 2 1 1 864 903 902
1653 2 2 1 1 865 866 904
1654 2 2 1 1 865 904 903
1655 2 2 1 1 866 867 905
1656 2 2 1 1 866 905 904
1657 2 2 1 1 867 868 906
1658 2 2 1 1 867 906 905
1659 2 2 1 1 868 869 907
1660 2 2 1 1 868 907 906
1661 2 2 1 1 869 870 908
1662 2 2 1 1 869 908 907
1663 2 2 1 1 870 871 909
1664 2 2 1 1 870 909 908
1665 2 2 1 1 871 872 910
1666 2 2 1 1 871 910 909
1667 2 2 1 1 872 873 911
1668 2 2 1 1 872 911 910
1669 2 2 1 1 873 874 912
1670 2 2 1 1 873 912 911
1671 2 2 1 1 874 838 876
1672 2 2 1 1 874 876 912
1673 2 2 1 1 876 875 724
1674 2 2 1 1 876 724 723
1675 2 2 1 1 875 877 725
1676 2 2 1 1 875 725 724
1677 2 2 1 1 877 878 726
1678 2 2 1 1 877 726 725
1679 2 2 1 1 878 879 727
1680 2 2 1 1 878 727 726
1681 2 2 1 1 879 880 728
1682 2 2 1 1 879 728 727
1683 2 2 1 1 880 881 729
1684 2 2 1 1 880 729 728
1685 2 2 1 1 881 882 730
1686 2 2 1 1 881 730 729
1687 2 2 1 1 882 883 731
1688 2 2 1 1 882 731 730
1689 2 2 1 1 883 884 732
1690 2 2 1 1 883 732 731
1691 2 2 1 1 884 885 733
1692 2 2 1 1 884 733 732
1693 2 2 1 1 885 886 734
1694 2 2 1 1 885 734 733
1695 2 2 1 1 886 887 735
1696 2 2 1 1 886 735 734
1697 2 2 1 1 887 888 736
1698 2 2 1 1 887 736 735
1699 2 2 1 1 888 889 737
1700 2 2 1 1 888 737 736
1701 2 2 1 1 889 890 738
1702 2 2 1 1 889 738 737
1703 2 2 1 1 890 891 739
1704 2 2 1 1 890 739 738
1705 2 2 1 1 891 892 740
1706 2 2 1 1 891 740 739
1707 2 2 1 1 892 893 741
1708 2 2 1 1 892 741 740
1709 2 2 1 1 893 894 742
1710 2 2 1 1 893 742 741
1711 2 2 1 1 894 895 743
1712 2 2 1 1 894 743 742
1713 2 2 1 1 895 896 744
1714 2 2 1 1 895 744 743
1715 2 2 1 1 896 897 745
1716 2 2 1 1 896 745 744
1717 2 2 1 1 897 898 746
1718 2 2 1 1 897 746 745
1719 2 2 1 1 898 899 747
1720 2 2 1 1 898 747 746
1721 2 2 1 1 899 900 748
1722 2 2 1 1 899 748 747
1723 2 2 1 1 900 901 749
1724 2 2 1 1 900 749 748
1725 2 2 1 1 901 902 750
1726 2 2 1 1 901 750 749
1727 2 2 1 1 902 903 751
1728 2 2 1 1 902 751 750
1729 2 2 1 1 903 904 752
1730 2 2 1 1 903 752 751
1731 2 2 1 1 904 905 753
1732 2 2 1 1 904 753 752
1733 2 2 1 1 905 906 754
1734 2 2 1 1 905 754 753
1735 2 2 1 1 906 907 755
1736 2 2 1 1 906 755 754
1737 2 2 1 1 907 908 756
1738 2 2 1 1 907 756 755
1739 2 2 1 1 908 909 757
1740 2 2 1 1 908 757 756
1741 2 2 1 1 909 910 758
1742 2 2 1 1 909 758 757
1743 2 2 1 1 910 911 759
1744 2 2 1 1 910 759 758
1745 2 2 1 1 911 912 760
1746 2 2 1 1 911 760 759
1747 2 2 1 1 912 876 723
1748 2 2 1 1 912 723 760
1749 2 2 1 1 913 913 914
1750 2 2 1 1 913 914 915
1751 2 2 1 1 913 913 916
1752 2 2 1 1 913 916 914
1753 2 2 1 1 913 913 917
1754 2 2 1 1 913 917 916
1755 2 2 1 1 913 913 918
1756 2 2 1 1 913 918 917
1757 2 2 1 1 913 913 919
1758 2 2 1 1 913 919 918
1759 2 2 1 1 913 913 920
1760 2 2 1 1 913 920 919
1761 2 2 1 1 913 913 921
1762 2 2 1 1 913 921 920
1763 2 2 1 1 913 913 922
1764 2 2 1 1 913 922 921
1765 2 2 1 1 913 913 923
1766 2 2 1 1 913 923 922
1767 2 2 1 1 913 913 924
1768 2 2 1 1 913 924 923
1769 2 2 1 1 913 913 925
1770 2 2 1 1 913 925 924
1771 2 2 1 1 913 913 926
1772 2 2 1 1 913 926 925
1773 2 2 1 1 913 913 927
1774 2 2 1 1 913 927 926
1775 2 2 1 1 913 913 928
1776 2 2 1 1 913 928 927
1777 2 2 1 1 913 913 929
1778 2 2 1 1 913 929 928
1779 2 2 1 1 913 913 930
1780 2 2 1 1 913 930 929
1781 2 2 1 1 913 913 931
1782 2 2 1 1 913 931 930
1783 2 2 1 1 913 913 932
1784 2 2 1 1 913 932 931
1785 2 2 1 1 913 913 933
1786 2 2 1 1 913 933 932
1787 2 2 1 1 913 913 934
1788 2 2 1 1 913 934 933
1789 2 2 1 1 913 913 935
1790 2 2 1 1 913 935 934
1791 2 2 1 1 913 913 936
1792 2 2 1 1 913 936 935
1793 2 2 1 1 913 913 937
1794 2 2 1 1 913 937 936
1795 2 2 1 1 913 913 938
1796 2 2 1 1 913 938 937
1797 2 2 1 1 913 913 939
1798 2 2 1 1 913 939 938
1799 2 2 1 1 913 913 940
1800 2 2 1 1 913 940 939
1801 2 2 1 1 913 913 941
1802 2 2 1 1 913 941 940
1803 2 2 1 1 913 913 942
1804 2 2 1 1 913 942 941
1805 2 2 1 1 913 913 943
1806 2 2 1 1 913 943 942
1807 2 2 1 1 913 913 944
1808 2 2 1 1 913 944 943
1809 2 2 1 1 913 913 945
1810 2 2 1 1 913 945 944
1811 2 2 1 1 913 913 946
1812 2 2 1 1 913 946 945
1813 2 2 1 1 913 913 947
1814 2 2 1 1 913 947 946
1815 2 2 1 1 913 913 948
1816 2 2 1 1 913 948 947
1817 2 2 1 1 913 913 949
1818 2 2 1 1 913 949 948
1819 2 2 1 1 913 913 950
1820 2 2 1 1 913 950 949
1821 2 2 1 1 913 913 951
1822 2 2 1 1 913 951 950
1823 2 2 1 1 913 913 915
1824 2 2 1 1 913 915 951
1825 2 2 1 1 915 914 952
1826 2 2 1 1 915 952 953
1827 2 2 1 1 914 916 954
1828 2 2 1 1 914 954 952
1829 2 2 1 1 916 917 955
1830 2 2 1 1 916 955 954
1831 2 2 1 1 917 918 956
1832 2 2 1 1 917 956 955
1833 2 2 1 1 918 919 957
1834 2 2 1 1 918 957 956
1835 2 2 1 1 919 920 958
1836 2 2 1 1 919 958 957
1837 2 2 1 1 920 921 959
1838 2 2 1 1 920 959 958
1839 2 2 1 1 921 922 960
1840 2 2 1 1 921 960 959
1841 2 2 1 1 922 923 961
1842 2 2 1 1 922 961 960
1843 2 2 1 1 923 924 962
1844 2 2 1 1 923 962 961
1845 2 2 1 1 924 925 963
1846 2 2 1 1 924 963 962
1847 2 2 1 1 925 926 964
1848 2 2 1 1 925 964 963
1849 2 2 1 1 926 927 965
1850 2 2 1 1 926 965 964
1851 2 2 1 1 927 928 966
1852 2 2 1 1 927 966 965
1853 2 2 1 1 928 929 967
1854 2 2 1 1 928 967 966
1855 2 2 1 1 929 930 968
1856 2 2 1 1 929 968 967
1857 2 2 1 1 930 931 969
1858 2 2 1 1 930 969 968
1859 2 2 1 1 931 932 970
1860 2 2 1 1 931 970 969
1861 2 2 1 1 932 933 971
1862 2 2 1 1 932 971 970
1863 2 2 1 1 933 934 972
1864 2 2 1 1 933 972 971
1865 2 2 1 1 934 935 973
1866 2 2 1 1 934 973 972
1867 2 2 1 1 935 936 974
1868 2 2 1 1 935 974 973
1869 2 2 1 1 936 937 975
1870 2 2 1 1 936 975 974
1871 2 2 1 1 937 938 976
1872 2 2 1 1 937 976 975
1873 2 2 1 1 938 939 977
1874 2 2 1 1 938 977 976
1875 2 2 1 1 939 940 978
1876 2 2 1 1 939 978 977
1877 2 2 1 1 940 941 979
1878 2 2 1 1 940 979 978
1879 2 2 1 1 941 942 980
1880 2 2 1 1 941 980 979
1881 2 2 1 1 942 943 981
1882 2 2 1 1 942 981 980
1883 2 2 1 1 943 944 982
1884 2 2 1 1 943 982 981
1885 2 2 1 1 944 945 983
1886 2 2 1 1 944 983 982
1887 2 2 1 1 945 946 984
1888 2 2 1 1 945 984 983
1889 2 2 1 1 946 947 985
1890 2 2 1 1 946 985 984
1891 2 2 1 1 947 948 986
1892 2 2 1 1 947 986 985
1893 2 2 1 1 948 949 987
1894 2 2 1 1 948 987 986
1895 2 2 1 1 949 950 988
1896 2 2 1 1 949 988 987
1897 2 2 1 1 950 951 989
1898 2 2 1 1 950 989 988
1899 2 2 1 1 951 915 953
1900 2 2 1 1 951 953 989
1901 2 2 1 1 953 952 990
1902 2 2 1 1 953 990 991
1903 2 2 1 1 952 954 992
1904 2 2 1 1 952 992 990
1905 2 2 1 1 954 955 993
1906 2 2 1 1 954 993 992
1907 2 2 1 1 955 956 994
1908 2 2 1 1 955 994 993
1909 2 2 1 1 956 957 995
1910 2 2 1 1 956 995 994
1911 2 2 1 1 957 958 996
1912 2 2 1 1 957 996 995
1913 2 2 1 1 958 959 997
1914 2 2 1 1 958 997 996
1915 2 2 1 1 959 960 998
1916 2 2 1 1 959 998 997
1917 2 2 1 1 960 961 999
1918 2 2 1 1 960 999 998
1919 2 2 1 1 961 962 1000
1920 2 2 1 1 961 1000 999
1921 2 2 1 1 962 963 1001
1922 2 2 1 1 962 1001 1000
1923 2 2 1 1 963 964 1002
1924 2 2 1 1 963 1002 1001
1925 2 2 1 1 964 965 1003
1926 2 2 1 1 964 1003 1002
1927 2 2 1 1 965 966 1004
1928 2 2 1 1 965 1004 1003
1929 2 2 1 1 966 967 1005
1930 2 2 1 1 966 1005 1004
1931 2 2 1 1 967 968 1006
1932 2 2 1 1 967 1006 1005
1933 2 2 1 1 968 969 1007
1934 2 2 1 1 968 1007 1006
1935 2 2 1 1 969 970 1008
1936 2 2 1 1 969 1008 1007
1937 2 2 1 1 970 971 1009
1938 2 2 1 1 970 1009 1008
1939 2 2 1 1 971 972 1010
1940 2 2 1 1 971 1010 1009
1941 2 2 1 1 972 973 1011
1942 2 2 1 1 972 1011 1010
1943 2 2 1 1 973 974 1012
1944 2 2 1 1 973 1012 1011
1945 2 2 1 1 974 975 1013
1946 2 2 1 1 974 1013 1012
1947 2 2 1 1 975 976 1014
1948 2 2 1 1 975 1014 1013
1949 2 2 1 1 976 977 1015
1950 2 2 1 1 976 1015 1014
1951 2 2 1 1 977 978 1016
1952 2 2 1 1 977 1016 1015
1953 2 2 1 1 978 979 1017
1954 2 2 1 1 978 1017 1016
1955 2 2 1 1 979 980 1018
1956 2 2 1 1 979 1018 1017
1957 2 2 1 1 980 981 1019
1958 2 2 1 1 980 1019 1018
1959 2 2 1 1 981 982 1020
1960 2 2 1 1 981 1020 1019
1961 2 2 1 1 982 983 1021
1962 2 2 1 1 982 1021 1020
1963 2 2 1 1 983 984 1022
1964 2 2 1 1 983 1022 1021
1965 2 2 1 1 984 985 1023
1966 2 2 1 1 984 1023 1022
1967 2 2 1 1 985 986 1024
1968 2 2 1 1 985 1024 1023
1969 2 2 1 1 986 987 1025
1970 2 2 1 1 986 1025 1024
1971 2 2 1 1 987 988 1026
1972 2 2 1 1 987 1026 1025
1973 2 2 1 1 988 989 1027
1974 2 2 1 1 988 1027 1026
1975 2 2 1 1 989 953 991
1976 2 2 1 1 989 991 1027
1977 2 2 1 1 991 990 1028
1978 2 2 1 1 991 1028 1029
1979 2 2 1 1 990 992 1030
1980 2 2 1 1 990 1030 1028
1981 2 2 1 1 992 993 1031
1982 2 2 1 1 992 1031 1030
1983 2 2 1 1 993 994 1032
1984 2 2 1 1 993 1032 1031
1985 2 2 1 1 994 995 1033
1986 2 2 1 1 994 1033 1032
1987 2 2 1 1 995 996 1034
1988 2 2 1 1 995 1034 1033
1989 2 2 1 1 996 997 1035
1990 2 2 1 1 996 1035 1034
1991 2 2 1 1 997 998 1036
1992 2 2 1 1 997 1036 1035
1993 2 2 1 1 998 999 1037
1994 2 2 1 1 998 1037 1036
1995 2 2 1 1 999 1000 1038
1996 2 2 1 1 999 1038 1037
1997 2 2 1 1 1000 1001 1039
1998 2 2 1 1 1000 1039 1038
1999 2 2 1 1 1001 1002 1040
2000 2 2 1 1 1001 1040 1039
2001 2 2 1 1 1002 1003 1041
2002 2 2 1 1 1002 1041 1040
2003 2 2 1 1 1003 1004 1042
2004 2 2 1 1 1003 1042 1041
2005 2 2 1 1 1004 1005 1043
2006 2 2 1 1 1004 1043 1042
2007 2 2 1 1 1005 1006 1044
2008 2 2 1 1 1005 1044 1043
2009 2 2 1 1 1006 1007 1045
2010 2 2 1 1 1006 1045 1044
2011 2 2 1 1 1007 1008 1046
2012 2 2 1 1 1007 1046 1045
2013 2 2 1 1 1008 1009 1047
2014 2 2 1 1 1008 1047 1046
2015 2 2 1 1 1009 1010 1048
2016 2 2 1 1 1009 1048 1047
2017 2 2 1 1 1010 1011 1049
2018 2 2 1 1 1010 1049 1048
2019 2 2 1 1 1011 1012 1050
2020 2 2 1 1 1011 1050 1049
2021 2 2 1 1 1012 1013 1051
2022 2 2 1 1 1012 1051 1050
2023 2 2 1 1 1013 1014 1052
2024 2 2 1 1 1013 1052 1051
2025 2 2 1 1 1014 1015 1053
2026 2 2 1 1 1014 1053 1052
2027 2 2 1 1 1015 1016 1054
2028 2 2 1 1 1015 1054 1053
2029 2 2 1 1 1016 1017 1055
2030 2 2 1 1 1016 1055 1054
2031 2 2 1 1 1017 1018 1056
2032 2 2 1 1 1017 1056 1055
2033 2 2 1 1 1018 1019 1057
2034 2 2 1 1 1018 1057 1056
2035 2 2 1 1 1019 1020 1058
2036 2 2 1 1 1019 1058 1057
2037 2 2 1 1 1020 1021 1059
2038 2 2 1 1 1020 1059 1058
2039 2 2 1 1 1021 1022 1060
2040 2 2 1 1 1021 1060 1059
2041 2 2 1 1 1022 1023 1061
2042 2 2 1 1 1022 1061 1060
2043 2 2 1 1 1023 1024 1062
2044 2 2 1 1 1023 1062 1061
2045 2 2 1 1 1024 1025 1063
2046 2 2 1 1 1024 1063 1062
2047 2 2 1 1 1025 1026 1064
2048 2 2 1 1 1025 1064 1063
2049 2 2 1 1 1026 1027 1065
2050 2 2 1 1 1026 1065 1064
2051 2 2 1 1 1027 991 1029
2052 2 2 1 1 1027 1029 1065
2053 2 2 1 1 1029 1028 1066
2054 2 2 1 1 1029 1066 1067
2055 2 2 1 1 1028 1030 1068
2056 2 2 1 1 1028 1068 1066
2057 2 2 1 1 1030 1031 1069
2058 2 2 1 1 1030 1069 1068
2059 2 2 1 1 1031 1032 1070
2060 2 2 1 1 1031 1070 1069
2061 2 2 1 1 1032 1033 1071
2062 2 2 1 1 1032 1071 1070
2063 2 2 1 1 1033 1034 1072
2064 2 2 1 1 1033 1072 1071
2065 2 2 1 1 1034 1035 1073
2066 2 2 1 1 1034 1073 1072
2067 2 2 1 1 1035 1036 1074
2068 2 2 1 1 1035 1074 1073
2069 2 2 1 1 1036 1037 1075
2070 2 2 1 1 1036 1075 1074
2071 2 2 1 1 1037 1038 1076
2072 2 2 1 1 1037 1076 1075
2073 2 2 1 1 1038 1039 1077
2074 2 2 1 1 1038 1077 1076
2075 2 2 1 1 1039 1040 1078
2076 2 2 1 1 1039 1078 1077
2077 2 2 1 1 1040 1041 1079
2078 2 2 1 1 1040 1079 1078
2079 2 2 1 1 1041 1042 1080
2080 2 2 1 1 1041 1080 1079
2081 2 2 1 1 1042 1043 1081
2082 2 2 1 1 1042 1081 1080
2083 2 2 1 1 1043 1044 1082
2084 2 2 1 1 1043 1082 1081
2085 2 2 1 1 1044 1045 1083
2086 2 2 1 1 1044 1083 1082
2087 2 2 1 1 1045 1046 1084
2088 2 2 1 1 1045 1084 1083
2089 2 2 1 1 1046 1047 1085
2090 2 2 1 1 1046 1085 1084
2091 2 2 1 1 1047 1048 1086
2092 2 2 1 1 1047 1086 1085
2093 2 2 1 1 1048 1049 1087
2094 2 2 1 1 1048 1087 1086
2095 2 2 1 1 1049 1050 1088
2096 2 2 1 1 1049 1088 1087
2097 2 2 1 1 1050 1051 1089
2098 2 2 1 1 1050 1089 1088
2099 2 2 1 1 1051 1052 1090
2100 2 2 1 1 1051 1090 1089
2101 2 2 1 1 1052 1053 1091
2102 2 2 1 1 1052 1091 1090
2103 2 2 1 1 1053 1054 1092
2104 2 2 1 1 1053 1092 1091
2105 2 2 1 1 1054 1055 1093
2106 2 2 1 1 1054 1093 1092
2107 2 2 1 1 1055 1056 1094
2108 2 2 1 1 1055 1094 1093
2109 2 2 1 1 1056 1057 1095
2110 2 2 1 1 1056 1095 1094
2111 2 2 1 1 1057 1058 1096
2112 2 2 1 1 1057 1096 1095
2113 2 2 1 1 1058 1059 1097
2114 2 2 1 1 1058 1097 1096
2115 2 2 1 1 1059 1060 1098
2116 2 2 1 1 1059 1098 1097
2117 2 2 1 1 1060 1061 1099
2118 2 2 1 1 1060 1099 1098
2119 2 2 1 1 1061 1062 1100
2120 2 2 1 1 1061 1100 1099
2121 2 2 1 1 1062 1063 1101
2122 2 2 1 1 1062 1101 1100
2123 2 2 1 1 1063 1064 1102
2124 2 2 1 1 1063 1102 1101
2125 2 2 1 1 1064 1065 1103
2126 2 2 1 1 1064 1103 1102
2127 2 2 1 1 1065 1029 1067
2128 2 2 1 1 1065 1067 1103
2129 2 2 1 1 1067 1066 1104
2130 2 2 1 1 1067 1104 1105
2131 2 2 1 1 1066 1068 1106
2132 2 2 1 1 1066 1106 1104
2133 2 2 1 1 1068 1069 1107
2134 2 2 1 1 1068 1107 1106
2135 2 2 1 1 1069 1070 1108
2136 2 2 1 1 1069 1108 1107
2137 2 2 1 1 1070 1071 1109
2138 2 2 1 1 1070 1109 1108
2139 2 2 1 1 1071 1072 1110
2140 2 2 1 1 1071 1110 1109
2141 2 2 1 1 1072 1073 1111
2142 2 2 1 1 1072 1111 1110
2143 2 2 1 1 1073 1074 1112
2144 2 2 1 1 1073 1112 1111
2145 2 2 1 1 1074 1075 1113
2146 2 2 1 1 1074 1113 1112
2147 2 2 1 1 1075 1076 1114
2148 2 2 1 1 1075 1114 1113
2149 2 2 1 1 1076 1077 1115
2150 2 2 1 1 1076 1115 1114
2151 2 2 1 1 1077 1078 1116
2152 2 2 1 1 1077 1116 1115
2153 2 2 1 1 1078 1079 1117
2154 2 2 1 1 1078 1117 1116
2155 2 2 1 1 1079 1080 1118
2156 2 2 1 1 1079 1118 1117
2157 2 2 1 1 1080 1081 1119
2158 2 2 1 1 1080 1119 1118
2159 2 2 1 1 1081 1082 1120
2160 2 2 1 1 1081 1120 1119
2161 2 2 1 1 1082 1083 1121
2162 2 2 1 1 1082 1121 1120
2163 2 2 1 1 1083 1084 1122
2164 2 2 1 1 1083 1122 1121
2165 2 2 1 1 1084 1085 1123
2166 2 2 1 1 1084 1123 1122
2167 2 2 1 1 1085 1086 1124
2168 2 2 1 1 1085 1124 1123
2169 2 2 1 1 1086 1087 1125
2170 2 2 1 1 1086 1125 1124
2171 2 2 1 1 1087 1088 1126
2172 2 2 1 1 1087 1126 1125
2173 2 2 1 1 1088 1089 1127
2174 2 2 1 1 1088 1127 1126
2175 2 2 1 1 1089 1090 1128
2176 2 2 1 1 1089 1128 1127
2177 2 2 1 1 1090 1091 1129
2178 2 2 1 1 1090 1129 1128
2179 2 2 1 1 1091 1092 1130
2180 2 2 1 1 1091 1130 1129
2181 2 2 1 1 1092 1093 1131
2182 2 2 1 1 1092 1131 1130
2183 2 2 1 1 1093 1094 1132
2184 2 2 1 1 1093 1132 1131
2185 2 2 1 1 1094 1095 1133
2186 2 2 1 1 1094 1133 1132
2187 2 2 1 1 1095 1096 1134
2188 2 2 1 1 1095 1134 1133
2189 2 2 1 1 1096 1097 1135
2190 2 2 1 1 1096 1135 1134
2191 2 2 1 1 1097 1098 1136
2192 2 2 1 1 1097 1136 1135
2193 2 2 1 1 1098 1099 1137
2194 2 2 1 1 1098 1137 1136
2195 2 2 1 1 1099 1100 1138
2196 2 2 1 1 1099 1138 1137
2197 2 2 1 1 1100 1101 1139
2198 2 2 1 1 1100 1139 1138
2199 2 2 1 1 1101 1102 1140
2200 2 2 1 1 1101 1140 1139
2201 2 2 1 1 1102 1103 1141
2202 2 2 1 1 1102 1141 1140
2203 2 2 1 1 1103 1067 1105
2204 2 2 1 1 1103 1105 1141
2205 2 2 1 1 1105 1104 1142
2206 2 2 1 1 1105 1142 1143
2207 2 2 1 1 1104 1106 1144
2208 2 2 1 1 1104 1144 1142
2209 2 2 1 1 1106 1107 1145
2210 2 2 1 1 1106 1145 1144
2211 2 2 1 1 1107 1108 1146
2212 2 2 1 1 1107 1146 1145
2213 2 2 1 1 1108 1109 1147
2214 2 2 1 1 1108 1147 1146
2215 2 2 1 1 1109 1110 1148
2216 2 2 1 1 1109 1148 1147
2217 2 2 1 1 1110 1111 1149
2218 2 2 1 1 1110 1149 1148
2219 2 2 1 1 1111 1112 1150
2220 2 2 1 1 1111 1150 1149
2221 2 2 1 1 1112 1113 1151
2222 2 2 1 1 1112 1151 1150
2223 2 2 1 1 1113 1114 1152
2224 2 2 1 1 1113 1152 1151
2225 2 2 1 1 1114 1115 1153
2226 2 2 1 1 1114 1153 1152
2227 2 2 1 1 1115 1116 1154
2228 2 2 1 1 1115 1154 1153
2229 2 2 1 1 1116 1117 1155
2230 2 2 1 1 1116 1155 1154
2231 2 2 1 1 1117 1118 1156
2232 2 2 1 1 1117 1156 1155
2233 2 2 1 1 1118 1119 1157
2234 2 2 1 1 1118 1157 1156
2235 2 2 1 1 1119 1120 1158
2236 2 2 1 1 1119 1158 1157
2237 2 2 1 1 1120 1121 1159
2238 2 2 1 1 1120 1159 1158
2239 2 2 1 1 1121 1122 1160
2240 2 2 1 1 1121 1160 1159
2241 2 2 1 1 1122 1123 1161
2242 2 2 1 1 1122 1161 1160
2243 2 2 1 1 1123 1124 1162
2244 2 2 1 1 1123 1162 1161
2245 2 2 1 1 1124 1125 1163
2246 2 2 1 1 1124 1163 1162
2247 2 2 1 1 1125 1126 1164
2248 2 2 1 1 1125 1164 1163
2249 2 2 1 1 1126 1127 1165
2250 2 2 1 1 1126 1165 1164
2251 2 2 1 1 1127 1128 1166
2252 2 2 1 1 1127 1166 1165
2253 2 2 1 1 1128 1129 1167
2254 2 2 1 1 1128 1167 1166
2255 2 2 1 1 1129 1130 1168
2256 2 2 1 1 1129 1168 1167
2257 2 2 1 1 1130 1131 1169
2258 2 2 1 1 1130 1169 1168
2259 2 2 1 1 1131 1132 1170
2260 2 2 1 1 1131 1170 1169
2261 2 2 1 1 1132 1133 1171
2262 2 2 1 1 1132 1171 1170
2263 2 2 1 1 1133 1134 1172
2264 2 2 1 1 1133 1172 1171
2265 2 2 1 1 1134 1135 1173
2266 2 2 1 1 1134 1173 1172
2267 2 2 1 1 1135 1136 1174
2268 2 2 1 1 1135 1174 1173
2269 2 2 1 1 1136 1137 1175
2270 2 2 1 1 1136 1175 1174
2271 2 2 1 1 1137 1138 1176
2272 2 2 1 1 1137 1176 1175
2273 2 2 1 1 1138 1139 1177
2274 2 2 1 1 1138 1177 1176
2275 2 2 1 1 1139 1140 1178
2276 2 2 1 1 1139 1178 1177
2277 2 2 1 1 1140 1141 1179
2278 2 2 1 1 1140 1179 1178
2279 2 2 1 1 1141 1105 1143
2280 2 2 1 1 1141 1143 1179
2281 2 2 1 1 1143 1142 762
2282 2 2 1 1 1143 762 761
2283 2 2 1 1 1142 1144 765
2284 2 2 1 1 1142 765 762
2285 2 2 1 1 1144 1145 767
2286 2 2 1 1 1144 767 765
2287 2 2 1 1 1145 1146 769
2288 2 2 1 1 1145 769 767
2289 2 2 1 1 1146 1147 771
2290 2 2 1 1 1146 771 769
2291 2 2 1 1 1147 1148 773
2292 2 2 1 1 1147 773 771
2293 2 2 1 1 1148 1149 775
2294 2 2 1 1 1148 775 773
2295 2 2 1 1 1149 1150 777
2296 2 2 1 1 1149 777 775
2297 2 2 1 1 1150 1151 779
2298 2 2 1 1 1150 779 777
2299 2 2 1 1 1151 1152 781
2300 2 2 1 1 1151 781 779
2301 2 2 1 1 1152 1153 783
2302 2 2 1 1 1152 783 781
2303 2 2 1 1 1153 1154 785
2304 2 2 1 1 1153 785 783
2305 2 2 1 1 1154 1155 787
2306 2 2 1 1 1154 787 785
2307 2 2 1 1 1155 1156 789
2308 2 2 1 1 1155 789 787
2309 2 2 1 1 1156 1157 791
2310 2 2 1 1 1156 791 789
2311 2 2 1 1 1157 1158 793
2312 2 2 1 1 1157 793 791
2313 2 2 1 1 1158 1159 795
2314 2 2 1 1 1158 795 793
2315 2 2 1 1 1159 1160 797
2316 2 2 1 1 1159 797 795
2317 2 2 1 1 1160 1161 799
2318 2 2 1 1 1160 799 797
2319 2 2 1 1 1161 1162 801
2320 2 2 1 1 1161 801 799
2321 2 2 1 1 1162 1163 803
2322 2 2 1 1 1162 803 801
2323 2 2 1 1 1163 1164 805
2324 2 2 1 1 1163 805 803
2325 2 2 1 1 1164 1165 807
2326 2 2 1 1 1164 807 805
2327 2 2 1 1 1165 1166 809
2328 2 2 1 1 1165 809 807
2329 2 2 1 1 1166 1167 811
2330 2 2 1 1 1166 811 809
2331 2 2 1 1 1167 1168 813
2332 2 2 1 1 1167 813 811
2333 2 2 1 1 1168 1169 815
2334 2 2 1 1 1168 815 813
2335 2 2 1 1 1169 1170 817
2336 2 2 1 1 1169 817 815
2337 2 2 1 1 1170 1171 819
2338 2 2 1 1 1170 819 817
2339 2 2 1 1 1171 1172 821
2340 2 2 1 1 1171 821 819
2341 2 2 1 1 1172 1173 823
2342 2 2 1 1 1172 823 821
2343 2 2 1 1 1173 1174 825
2344 2 2 1 1 1173 825 823
2345 2 2 1 1 1174 1175 827
2346 2 2 1 1 1174 827 825
2347 2 2 1 1 1175 1176 829
2348 2 2 1 1 1175 829 827
2349 2 2 1 1 1176 1177 831
2350 2 2 1 1 1176 831 829
2351 2 2 1 1 1177 1178 833
2352 2 2 1 1 1177 833 831
2353 2 2 1 1 1178 1179 835
2354 2 2 1 1 1178 835 833
2355 2 2 1 1 1179 1143 761
2356 2 2 1 1 1179 761 835
$EndElements
