LEASE_NUMBER,LEASE_NAME,DEV_NAME,DEV_SYSTEM,PRODUCTION_DATE,OIL_BBLS,GAS_MCF,WATER_BBLS,OIL_RATE_BOPD,GAS_RATE_MCFD,CUMULATIVE_OIL_MMBBL,CUMULATIVE_GAS_BCF,ACTIVE_WELL_COUNT
G16942,Big Foot,Big Foot,dry,200606,0,0,0,0.0,0.0,0.0,0.0,2
G16942,Big Foot,Big Foot,dry,200607,0,0,0,0.0,0.0,0.0,0.0,1
G16942,Big Foot,Big Foot,dry,200608,0,0,0,0.0,0.0,0.0,0.0,1
G16942,Big Foot,Big Foot,dry,200609,0,0,0,0.0,0.0,0.0,0.0,1
G16942,Big Foot,Big Foot,dry,200610,0,0,0,0.0,0.0,0.0,0.0,1
G16942,Big Foot,Big Foot,dry,200611,0,0,0,0.0,0.0,0.0,0.0,2
G16942,Big Foot,Big Foot,dry,200612,0,0,0,0.0,0.0,0.0,0.0,2
G16942,Big Foot,Big Foot,dry,200701,0,0,0,0.0,0.0,0.0,0.0,2
G16942,Big Foot,Big Foot,dry,200702,0,0,0,0.0,0.0,0.0,0.0,2
G16942,Big Foot,Big Foot,dry,200703,0,0,0,0.0,0.0,0.0,0.0,2
G16942,Big Foot,Big Foot,dry,200704,0,0,0,0.0,0.0,0.0,0.0,2
G16942,Big Foot,Big Foot,dry,200705,0,0,0,0.0,0.0,0.0,0.0,2
G16942,Big Foot,Big Foot,dry,200706,0,0,0,0.0,0.0,0.0,0.0,2
G16942,Big Foot,Big Foot,dry,200707,0,0,0,0.0,0.0,0.0,0.0,2
G16942,Big Foot,Big Foot,dry,200708,0,0,0,0.0,0.0,0.0,0.0,2
G16942,Big Foot,Big Foot,dry,200709,0,0,0,0.0,0.0,0.0,0.0,2
G16942,Big Foot,Big Foot,dry,200710,0,0,0,0.0,0.0,0.0,0.0,2
G16942,Big Foot,Big Foot,dry,200711,0,0,0,0.0,0.0,0.0,0.0,1
G16942,Big Foot,Big Foot,dry,200712,0,0,0,0.0,0.0,0.0,0.0,2
G16942,Big Foot,Big Foot,dry,200801,0,0,0,0.0,0.0,0.0,0.0,2
G16942,Big Foot,Big Foot,dry,200802,0,0,0,0.0,0.0,0.0,0.0,2
G16942,Big Foot,Big Foot,dry,200803,0,0,0,0.0,0.0,0.0,0.0,2
G16942,Big Foot,Big Foot,dry,200804,0,0,0,0.0,0.0,0.0,0.0,2
G16942,Big Foot,Big Foot,dry,200805,0,0,0,0.0,0.0,0.0,0.0,2
G16942,Big Foot,Big Foot,dry,200806,0,0,0,0.0,0.0,0.0,0.0,2
G16942,Big Foot,Big Foot,dry,200807,0,0,0,0.0,0.0,0.0,0.0,2
G16942,Big Foot,Big Foot,dry,200808,0,0,0,0.0,0.0,0.0,0.0,2
G16942,Big Foot,Big Foot,dry,200809,0,0,0,0.0,0.0,0.0,0.0,2
G16942,Big Foot,Big Foot,dry,200810,0,0,0,0.0,0.0,0.0,0.0,2
G16942,Big Foot,Big Foot,dry,200811,0,0,0,0.0,0.0,0.0,0.0,2
G16942,Big Foot,Big Foot,dry,200812,0,0,0,0.0,0.0,0.0,0.0,2
G16942,Big Foot,Big Foot,dry,200901,0,0,0,0.0,0.0,0.0,0.0,3
G16942,Big Foot,Big Foot,dry,200902,0,0,0,0.0,0.0,0.0,0.0,3
G16942,Big Foot,Big Foot,dry,200903,0,0,0,0.0,0.0,0.0,0.0,3
G16942,Big Foot,Big Foot,dry,200904,0,0,0,0.0,0.0,0.0,0.0,3
G16942,Big Foot,Big Foot,dry,200905,0,0,0,0.0,0.0,0.0,0.0,3
G16942,Big Foot,Big Foot,dry,200906,0,0,0,0.0,0.0,0.0,0.0,3
G16942,Big Foot,Big Foot,dry,200907,0,0,0,0.0,0.0,0.0,0.0,3
G16942,Big Foot,Big Foot,dry,200908,0,0,0,0.0,0.0,0.0,0.0,3
G16942,Big Foot,Big Foot,dry,200909,0,0,0,0.0,0.0,0.0,0.0,3
G16942,Big Foot,Big Foot,dry,200910,0,0,0,0.0,0.0,0.0,0.0,3
G16942,Big Foot,Big Foot,dry,200911,0,0,0,0.0,0.0,0.0,0.0,3
G16942,Big Foot,Big Foot,dry,200912,0,0,0,0.0,0.0,0.0,0.0,3
G16942,Big Foot,Big Foot,dry,201001,0,0,0,0.0,0.0,0.0,0.0,3
G16942,Big Foot,Big Foot,dry,201002,0,0,0,0.0,0.0,0.0,0.0,3
G16942,Big Foot,Big Foot,dry,201003,0,0,0,0.0,0.0,0.0,0.0,3
G16942,Big Foot,Big Foot,dry,201004,0,0,0,0.0,0.0,0.0,0.0,3
G16942,Big Foot,Big Foot,dry,201005,0,0,0,0.0,0.0,0.0,0.0,3
G16942,Big Foot,Big Foot,dry,201006,0,0,0,0.0,0.0,0.0,0.0,3
G16942,Big Foot,Big Foot,dry,201007,0,0,0,0.0,0.0,0.0,0.0,3
G16942,Big Foot,Big Foot,dry,201008,0,0,0,0.0,0.0,0.0,0.0,3
G16942,Big Foot,Big Foot,dry,201009,0,0,0,0.0,0.0,0.0,0.0,3
G16942,Big Foot,Big Foot,dry,201010,0,0,0,0.0,0.0,0.0,0.0,3
G16942,Big Foot,Big Foot,dry,201011,0,0,0,0.0,0.0,0.0,0.0,3
G16942,Big Foot,Big Foot,dry,201012,0,0,0,0.0,0.0,0.0,0.0,3
G16942,Big Foot,Big Foot,dry,201101,0,0,0,0.0,0.0,0.0,0.0,3
G16942,Big Foot,Big Foot,dry,201102,0,0,0,0.0,0.0,0.0,0.0,3
G16942,Big Foot,Big Foot,dry,201103,0,0,0,0.0,0.0,0.0,0.0,3
G16942,Big Foot,Big Foot,dry,201104,0,0,0,0.0,0.0,0.0,0.0,3
G16942,Big Foot,Big Foot,dry,201105,0,0,0,0.0,0.0,0.0,0.0,3
G16942,Big Foot,Big Foot,dry,201106,0,0,0,0.0,0.0,0.0,0.0,3
G16942,Big Foot,Big Foot,dry,201107,0,0,0,0.0,0.0,0.0,0.0,3
G16942,Big Foot,Big Foot,dry,201108,0,0,0,0.0,0.0,0.0,0.0,3
G16942,Big Foot,Big Foot,dry,201109,0,0,0,0.0,0.0,0.0,0.0,3
G16942,Big Foot,Big Foot,dry,201110,0,0,0,0.0,0.0,0.0,0.0,3
G16942,Big Foot,Big Foot,dry,201111,0,0,0,0.0,0.0,0.0,0.0,3
G16942,Big Foot,Big Foot,dry,201112,0,0,0,0.0,0.0,0.0,0.0,2
G16942,Big Foot,Big Foot,dry,201201,0,0,0,0.0,0.0,0.0,0.0,2
G16942,Big Foot,Big Foot,dry,201202,0,0,0,0.0,0.0,0.0,0.0,2
G16942,Big Foot,Big Foot,dry,201203,0,0,0,0.0,0.0,0.0,0.0,2
G16942,Big Foot,Big Foot,dry,201204,0,0,0,0.0,0.0,0.0,0.0,2
G16942,Big Foot,Big Foot,dry,201205,0,0,0,0.0,0.0,0.0,0.0,3
G16942,Big Foot,Big Foot,dry,201206,0,0,0,0.0,0.0,0.0,0.0,3
G16942,Big Foot,Big Foot,dry,201207,0,0,0,0.0,0.0,0.0,0.0,3
G16942,Big Foot,Big Foot,dry,201208,0,0,0,0.0,0.0,0.0,0.0,3
G16942,Big Foot,Big Foot,dry,201209,0,0,0,0.0,0.0,0.0,0.0,3
G16942,Big Foot,Big Foot,dry,201210,0,0,0,0.0,0.0,0.0,0.0,3
G16942,Big Foot,Big Foot,dry,201211,0,0,0,0.0,0.0,0.0,0.0,3
G16942,Big Foot,Big Foot,dry,201212,0,0,0,0.0,0.0,0.0,0.0,3
G16942,Big Foot,Big Foot,dry,201301,0,0,0,0.0,0.0,0.0,0.0,3
G16942,Big Foot,Big Foot,dry,201302,0,0,0,0.0,0.0,0.0,0.0,3
G16942,Big Foot,Big Foot,dry,201303,0,0,0,0.0,0.0,0.0,0.0,3
G16942,Big Foot,Big Foot,dry,201304,0,0,0,0.0,0.0,0.0,0.0,3
G16942,Big Foot,Big Foot,dry,201305,0,0,0,0.0,0.0,0.0,0.0,3
G16942,Big Foot,Big Foot,dry,201306,0,0,0,0.0,0.0,0.0,0.0,3
G16942,Big Foot,Big Foot,dry,201307,0,0,0,0.0,0.0,0.0,0.0,3
G16942,Big Foot,Big Foot,dry,201308,0,0,0,0.0,0.0,0.0,0.0,3
G16942,Big Foot,Big Foot,dry,201309,0,0,0,0.0,0.0,0.0,0.0,3
G16942,Big Foot,Big Foot,dry,201310,0,0,0,0.0,0.0,0.0,0.0,3
G16942,Big Foot,Big Foot,dry,201311,0,0,0,0.0,0.0,0.0,0.0,3
G16942,Big Foot,Big Foot,dry,201312,0,0,0,0.0,0.0,0.0,0.0,3
G16942,Big Foot,Big Foot,dry,201401,0,0,0,0.0,0.0,0.0,0.0,3
G16942,Big Foot,Big Foot,dry,201402,0,0,0,0.0,0.0,0.0,0.0,3
G16942,Big Foot,Big Foot,dry,201403,0,0,0,0.0,0.0,0.0,0.0,3
G16942,Big Foot,Big Foot,dry,201404,0,0,0,0.0,0.0,0.0,0.0,3
G16942,Big Foot,Big Foot,dry,201405,0,0,0,0.0,0.0,0.0,0.0,3
G16942,Big Foot,Big Foot,dry,201406,0,0,0,0.0,0.0,0.0,0.0,3
G16942,Big Foot,Big Foot,dry,201407,0,0,0,0.0,0.0,0.0,0.0,3
G16942,Big Foot,Big Foot,dry,201408,0,0,0,0.0,0.0,0.0,0.0,12
G16942,Big Foot,Big Foot,dry,201409,0,0,0,0.0,0.0,0.0,0.0,12
G16942,Big Foot,Big Foot,dry,201410,0,0,0,0.0,0.0,0.0,0.0,12
G16942,Big Foot,Big Foot,dry,201411,0,0,0,0.0,0.0,0.0,0.0,12
G16942,Big Foot,Big Foot,dry,201412,0,0,0,0.0,0.0,0.0,0.0,12
G16942,Big Foot,Big Foot,dry,201501,0,0,0,0.0,0.0,0.0,0.0,12
G16942,Big Foot,Big Foot,dry,201502,0,0,0,0.0,0.0,0.0,0.0,12
G16942,Big Foot,Big Foot,dry,201503,0,0,0,0.0,0.0,0.0,0.0,12
G16942,Big Foot,Big Foot,dry,201504,0,0,0,0.0,0.0,0.0,0.0,12
G16942,Big Foot,Big Foot,dry,201505,0,0,0,0.0,0.0,0.0,0.0,12
G16942,Big Foot,Big Foot,dry,201506,0,0,0,0.0,0.0,0.0,0.0,12
G16942,Big Foot,Big Foot,dry,201507,0,0,0,0.0,0.0,0.0,0.0,12
G16942,Big Foot,Big Foot,dry,201508,0,0,0,0.0,0.0,0.0,0.0,12
G16942,Big Foot,Big Foot,dry,201509,0,0,0,0.0,0.0,0.0,0.0,12
G16942,Big Foot,Big Foot,dry,201510,0,0,0,0.0,0.0,0.0,0.0,12
G16942,Big Foot,Big Foot,dry,201511,0,0,0,0.0,0.0,0.0,0.0,12
G16942,Big Foot,Big Foot,dry,201512,0,0,0,0.0,0.0,0.0,0.0,12
G16942,Big Foot,Big Foot,dry,201601,0,0,0,0.0,0.0,0.0,0.0,12
G16942,Big Foot,Big Foot,dry,201602,0,0,0,0.0,0.0,0.0,0.0,12
G16942,Big Foot,Big Foot,dry,201603,0,0,0,0.0,0.0,0.0,0.0,12
G16942,Big Foot,Big Foot,dry,201604,0,0,0,0.0,0.0,0.0,0.0,12
G16942,Big Foot,Big Foot,dry,201605,0,0,0,0.0,0.0,0.0,0.0,12
G16942,Big Foot,Big Foot,dry,201606,0,0,0,0.0,0.0,0.0,0.0,12
G16942,Big Foot,Big Foot,dry,201607,0,0,0,0.0,0.0,0.0,0.0,12
G16942,Big Foot,Big Foot,dry,201608,0,0,0,0.0,0.0,0.0,0.0,12
G16942,Big Foot,Big Foot,dry,201609,0,0,0,0.0,0.0,0.0,0.0,12
G16942,Big Foot,Big Foot,dry,201610,0,0,0,0.0,0.0,0.0,0.0,12
G16942,Big Foot,Big Foot,dry,201611,0,0,0,0.0,0.0,0.0,0.0,12
G16942,Big Foot,Big Foot,dry,201612,0,0,0,0.0,0.0,0.0,0.0,12
G16942,Big Foot,Big Foot,dry,201701,0,0,0,0.0,0.0,0.0,0.0,12
G16942,Big Foot,Big Foot,dry,201702,0,0,0,0.0,0.0,0.0,0.0,12
G16942,Big Foot,Big Foot,dry,201703,0,0,0,0.0,0.0,0.0,0.0,12
G16942,Big Foot,Big Foot,dry,201704,0,0,0,0.0,0.0,0.0,0.0,12
G16942,Big Foot,Big Foot,dry,201705,0,0,0,0.0,0.0,0.0,0.0,12
G16942,Big Foot,Big Foot,dry,201706,0,0,0,0.0,0.0,0.0,0.0,12
G16942,Big Foot,Big Foot,dry,201707,0,0,0,0.0,0.0,0.0,0.0,12
G16942,Big Foot,Big Foot,dry,201708,0,0,0,0.0,0.0,0.0,0.0,12
G16942,Big Foot,Big Foot,dry,201709,0,0,0,0.0,0.0,0.0,0.0,12
G16942,Big Foot,Big Foot,dry,201710,0,0,0,0.0,0.0,0.0,0.0,12
G16942,Big Foot,Big Foot,dry,201711,0,0,0,0.0,0.0,0.0,0.0,2
G16942,Big Foot,Big Foot,dry,201712,0,0,0,0.0,0.0,0.0,0.0,12
G16942,Big Foot,Big Foot,dry,201801,0,0,0,0.0,0.0,0.0,0.0,12
G16942,Big Foot,Big Foot,dry,201802,0,0,0,0.0,0.0,0.0,0.0,12
G16942,Big Foot,Big Foot,dry,201803,0,0,0,0.0,0.0,0.0,0.0,12
G16942,Big Foot,Big Foot,dry,201804,0,0,0,0.0,0.0,0.0,0.0,12
G16942,Big Foot,Big Foot,dry,201805,0,0,0,0.0,0.0,0.0,0.0,12
G16942,Big Foot,Big Foot,dry,201806,0,0,0,0.0,0.0,0.0,0.0,12
G16942,Big Foot,Big Foot,dry,201807,0,0,0,0.0,0.0,0.0,0.0,12
G16942,Big Foot,Big Foot,dry,201808,0,0,0,0.0,0.0,0.0,0.0,12
G16942,Big Foot,Big Foot,dry,201809,0,0,0,0.0,0.0,0.0,0.0,12
G16942,Big Foot,Big Foot,dry,201810,0,0,0,0.0,0.0,0.0,0.0,12
G16942,Big Foot,Big Foot,dry,201811,76395,0,3169,6945.0,0.0,0.076395,0.0,13
G16942,Big Foot,Big Foot,dry,201812,318469,78869,37,10615.633333333333,2628.9666666666667,0.394864,0.078869,13
G16942,Big Foot,Big Foot,dry,201901,351938,76715,0,11352.838709677419,2474.6774193548385,0.746802,0.155584,13
G16942,Big Foot,Big Foot,dry,201902,317156,64129,0,11327.0,2290.3214285714284,1.063958,0.219713,13
G16942,Big Foot,Big Foot,dry,201903,359552,70914,0,11598.451612903225,2287.548387096774,1.42351,0.290627,13
G16942,Big Foot,Big Foot,dry,201904,354238,68386,0,11807.933333333332,2279.5333333333333,1.777748,0.359013,12
G16942,Big Foot,Big Foot,dry,201905,395316,76034,0,12752.129032258064,2452.7096774193546,2.173064,0.435047,12
G16942,Big Foot,Big Foot,dry,201906,686987,154441,8040,10408.89393939394,2340.0151515151515,2.860051,0.589488,13
G16942,Big Foot,Big Foot,dry,201907,617223,141954,67,12596.387755102041,2897.0204081632655,3.477274,0.731442,13
G16942,Big Foot,Big Foot,dry,201908,790615,189502,62,12751.854838709678,3056.483870967742,4.267889,0.920944,13
G16942,Big Foot,Big Foot,dry,201909,839499,202546,601,13991.65,3375.766666666667,5.107388,1.12349,13
G16942,Big Foot,Big Foot,dry,201910,763129,181322,233,12308.532258064517,2924.548387096774,5.870517,1.304812,13
G16942,Big Foot,Big Foot,dry,201911,753284,178430,830,12554.733333333334,2973.8333333333335,6.623801,1.483242,13
G16942,Big Foot,Big Foot,dry,201912,748882,173901,755,12078.741935483871,2804.8548387096776,7.372683,1.657143,13
G16942,Big Foot,Big Foot,dry,202001,713738,165572,810,11511.90322580645,2670.516129032258,8.086421,1.822715,13
G16942,Big Foot,Big Foot,dry,202002,686271,161273,1708,11832.258620689656,2780.5689655172414,8.772692,1.983988,14
G16942,Big Foot,Big Foot,dry,202003,719697,169627,1862,11608.016129032258,2735.9193548387098,9.492389,2.153615,12
G16942,Big Foot,Big Foot,dry,202004,689321,162911,2047,11488.683333333332,2715.1833333333334,10.18171,2.316526,12
G16942,Big Foot,Big Foot,dry,202005,699486,163337,2483,11282.032258064517,2634.467741935484,10.881196,2.479863,12
G16942,Big Foot,Big Foot,dry,202006,660012,152373,2627,11000.2,2539.55,11.541208,2.632236,12
G16942,Big Foot,Big Foot,dry,202007,681233,157236,2574,10987.629032258064,2536.064516129032,12.222441,2.789472,12
G16942,Big Foot,Big Foot,dry,202008,492555,113674,1964,10261.5625,2368.2083333333335,12.714996,2.903146,13
G16942,Big Foot,Big Foot,dry,202009,509946,60060,2770,8792.172413793103,1035.5172413793102,13.224942,2.963206,13
G16942,Big Foot,Big Foot,dry,202010,697807,134714,2224,10113.144927536232,1952.376811594203,13.922749,3.09792,13
G16942,Big Foot,Big Foot,dry,202011,843089,184413,3218,10408.506172839507,2276.703703703704,14.765838,3.282333,13
G16942,Big Foot,Big Foot,dry,202012,1064265,239566,5237,11443.709677419354,2575.978494623656,15.830103,3.521899,13
G16942,Big Foot,Big Foot,dry,202101,865478,208093,10447,10427.44578313253,2507.144578313253,16.695581,3.729992,13
G16942,Big Foot,Big Foot,dry,202102,457479,92072,9926,7887.568965517241,1587.448275862069,17.15306,3.822064,15
G16942,Big Foot,Big Foot,dry,202103,982633,216639,18595,10565.946236559139,2329.451612903226,18.135693,4.038703,13
G16942,Big Foot,Big Foot,dry,202104,959218,230689,23554,10657.977777777778,2563.211111111111,19.094911,4.269392,12
G16942,Big Foot,Big Foot,dry,202105,939284,224521,29434,10099.827956989247,2414.2043010752686,20.034195,4.493913,11
G16942,Big Foot,Big Foot,dry,202106,932205,223758,33359,10357.833333333334,2486.2,20.9664,4.717671,11
G16942,Big Foot,Big Foot,dry,202107,611396,147279,14391,10189.933333333332,2454.65,21.577796,4.86495,12
G16942,Big Foot,Big Foot,dry,202108,944234,245977,2646,9167.320388349515,2388.126213592233,22.52203,5.110927,12
G16942,Big Foot,Big Foot,dry,202109,541983,140866,2767,9186.152542372882,2387.5593220338983,23.064013,5.251793,12
G16942,Big Foot,Big Foot,dry,202110,1293471,330090,71452,10516.024390243903,2683.6585365853657,24.357484,5.581883,12
G16942,Big Foot,Big Foot,dry,202111,1300980,333082,118667,10841.5,2775.6833333333334,25.658464,5.914965,12
G16942,Big Foot,Big Foot,dry,202112,1184428,300923,101659,10866.311926605504,2760.761467889908,26.842892,6.215888,12
G16942,Big Foot,Big Foot,dry,202201,1075446,270253,172936,11563.935483870968,2905.94623655914,27.918338,6.486141,12
G16942,Big Foot,Big Foot,dry,202202,874896,218013,177156,11216.615384615385,2795.0384615384614,28.793234,6.704154,12
G16942,Big Foot,Big Foot,dry,202203,671006,174044,210947,10650.888888888889,2762.6031746031745,29.46424,6.878198,12
G16942,Big Foot,Big Foot,dry,202204,614352,162107,216802,10239.2,2701.7833333333333,30.078592,7.040305,12
G16942,Big Foot,Big Foot,dry,202205,854558,217088,209910,10295.87951807229,2615.5180722891564,30.93315,7.257393,12
G16942,Big Foot,Big Foot,dry,202206,984292,243577,207548,10936.577777777778,2706.411111111111,31.917442,7.50097,12
G16942,Big Foot,Big Foot,dry,202207,1034751,258728,220842,9157.08849557522,2289.6283185840707,32.952193,7.759698,12
G16942,Big Foot,Big Foot,dry,202208,899304,223346,162951,8564.8,2127.1047619047617,33.851497,7.983044,12
G16942,Big Foot,Big Foot,dry,202209,1034906,251683,225541,9240.232142857143,2247.1696428571427,34.886403,8.234727,12
G16942,Big Foot,Big Foot,dry,202210,1043696,251230,244672,8485.333333333334,2042.520325203252,35.930099,8.485957,12
G16942,Big Foot,Big Foot,dry,202211,1008223,243414,244375,8401.858333333334,2028.45,36.938322,8.729371,12
G16942,Big Foot,Big Foot,dry,202212,1026000,248213,262203,8274.193548387097,2001.717741935484,37.964322,8.977584,12
G16942,Big Foot,Big Foot,dry,202301,1006208,240861,268363,8114.580645161291,1942.4274193548388,38.97053,9.218445,12
G16942,Big Foot,Big Foot,dry,202302,896233,213520,245604,6894.1,1642.4615384615386,39.866763,9.431965,13
G16942,Big Foot,Big Foot,dry,202303,981353,230986,288394,6331.309677419355,1490.2322580645161,40.848116,9.662951,13
G16942,Big Foot,Big Foot,dry,202304,922781,215753,235850,6544.54609929078,1530.163120567376,41.770897,9.878704,13
G16942,Big Foot,Big Foot,dry,202305,969297,227547,292797,6253.529032258065,1468.0451612903225,42.740194,10.106251,13
G16942,Big Foot,Big Foot,dry,202306,945840,222338,295424,6305.6,1482.2533333333333,43.686034,10.328589,13
G16942,Big Foot,Big Foot,dry,202307,961470,229805,303618,4930.615384615385,1178.4871794871794,44.647504,10.558394,13
G16942,Big Foot,Big Foot,dry,202308,949370,229407,307379,5303.743016759777,1281.6033519553073,45.596874,10.787801,13
G16942,Big Foot,Big Foot,dry,202309,946830,232745,294830,5319.269662921349,1307.556179775281,46.543704,11.020546,13
G16942,Big Foot,Big Foot,dry,202310,992773,244990,303706,5337.489247311828,1317.1505376344087,47.536477,11.265536,12
G16942,Big Foot,Big Foot,dry,202311,948054,233750,291223,5326.146067415731,1313.2022471910113,48.484531,11.499286,12
G16942,Big Foot,Big Foot,dry,202312,1066058,269217,312969,5303.771144278607,1339.3880597014925,49.550589,11.768503,13
G16942,Big Foot,Big Foot,dry,202401,1122178,281663,328692,5243.822429906542,1316.1822429906542,50.672767,12.050166,13
G16942,Big Foot,Big Foot,dry,202402,1019382,248175,332242,5021.586206896552,1222.536945812808,51.692149,12.298341,13
G16942,Big Foot,Big Foot,dry,202403,1055997,245821,369931,4866.345622119816,1132.815668202765,52.748146,12.544162,13
G16942,Big Foot,Big Foot,dry,202404,1037818,253756,375515,4941.990476190476,1208.3619047619047,53.785964,12.797918,13
G16942,Big Foot,Big Foot,dry,202405,1059140,267989,395661,4880.829493087557,1234.9723502304148,54.845104,13.065907,13
G16942,Big Foot,Big Foot,dry,202406,1017966,246156,400073,4870.650717703349,1177.77990430622,55.86307,13.312063,13
G16942,Big Foot,Big Foot,dry,202407,1044021,261673,424200,4811.156682027649,1205.8663594470047,56.907091,13.573736,12
G16942,Big Foot,Big Foot,dry,202408,1040256,271878,431480,5562.866310160428,1453.8930481283423,57.947347,13.845614,12
G16942,Big Foot,Big Foot,dry,202409,874813,226968,304248,6627.371212121212,1719.4545454545455,58.82216,14.072582,12
G16942,Big Foot,Big Foot,dry,202410,1028348,265627,445555,4738.930875576037,1224.0875576036867,59.850508,14.338209,12
G16942,Big Foot,Big Foot,dry,202411,801057,199661,340508,4712.1,1174.4764705882353,60.651565,14.53787,12
G16942,Big Foot,Big Foot,dry,202412,974187,227524,444883,4552.27570093458,1063.196261682243,61.625752,14.765394,12
G16942,Big Foot,Big Foot,dry,202501,1021303,252067,454688,4327.5550847457625,1068.0805084745762,62.647055,15.017461,13
G16942,Big Foot,Big Foot,dry,202502,974688,247485,419128,4390.486486486487,1114.7972972972973,63.621743,15.264946,13
G16942,Big Foot,Big Foot,dry,202503,1114640,284953,482583,4549.551020408163,1163.073469387755,64.736383,15.549899,13
G16942,Big Foot,Big Foot,dry,202504,1053985,265965,454458,4504.209401709401,1136.6025641025642,65.790368,15.815864,12
G16942,Big Foot,Big Foot,dry,202505,1080288,269987,459317,4539.0252100840335,1134.3991596638655,66.870656,16.085851,12
G16942,Big Foot,Big Foot,dry,202506,1032743,263979,449968,4490.186956521739,1147.7347826086957,67.903399,16.34983,12
G16942,Big Foot,Big Foot,dry,202507,1059213,267335,456813,4431.8535564853555,1118.5564853556486,68.962612,16.617165,12
G16965,Cascade,Cascade Chinook,subsea15,200204,0,0,0,0.0,0.0,0.0,0.0,1
G16965,Cascade,Cascade Chinook,subsea15,200206,0,0,0,0.0,0.0,0.0,0.0,1
G16965,Cascade,Cascade Chinook,subsea15,200510,0,0,0,0.0,0.0,0.0,0.0,1
G16965,Cascade,Cascade Chinook,subsea15,200911,0,0,0,0.0,0.0,0.0,0.0,1
G16965,Cascade,Cascade Chinook,subsea15,200912,0,0,0,0.0,0.0,0.0,0.0,1
G16965,Cascade,Cascade Chinook,subsea15,201001,0,0,0,0.0,0.0,0.0,0.0,1
G16965,Cascade,Cascade Chinook,subsea15,201002,0,0,0,0.0,0.0,0.0,0.0,1
G16965,Cascade,Cascade Chinook,subsea15,201003,0,0,0,0.0,0.0,0.0,0.0,1
G16965,Cascade,Cascade Chinook,subsea15,201004,0,0,0,0.0,0.0,0.0,0.0,1
G16965,Cascade,Cascade Chinook,subsea15,201005,0,0,0,0.0,0.0,0.0,0.0,1
G16965,Cascade,Cascade Chinook,subsea15,201006,0,0,0,0.0,0.0,0.0,0.0,1
G16965,Cascade,Cascade Chinook,subsea15,201007,0,0,0,0.0,0.0,0.0,0.0,1
G16965,Cascade,Cascade Chinook,subsea15,201008,0,0,0,0.0,0.0,0.0,0.0,1
G16965,Cascade,Cascade Chinook,subsea15,201009,0,0,0,0.0,0.0,0.0,0.0,1
G16965,Cascade,Cascade Chinook,subsea15,201010,0,0,0,0.0,0.0,0.0,0.0,1
G16965,Cascade,Cascade Chinook,subsea15,201011,0,0,0,0.0,0.0,0.0,0.0,1
G16965,Cascade,Cascade Chinook,subsea15,201012,0,0,0,0.0,0.0,0.0,0.0,1
G16965,Cascade,Cascade Chinook,subsea15,201101,0,0,0,0.0,0.0,0.0,0.0,1
G16965,Cascade,Cascade Chinook,subsea15,201102,0,0,0,0.0,0.0,0.0,0.0,1
G16965,Cascade,Cascade Chinook,subsea15,201103,0,0,0,0.0,0.0,0.0,0.0,1
G16965,Cascade,Cascade Chinook,subsea15,201104,0,0,0,0.0,0.0,0.0,0.0,1
G16965,Cascade,Cascade Chinook,subsea15,201105,0,0,0,0.0,0.0,0.0,0.0,1
G16965,Cascade,Cascade Chinook,subsea15,201106,0,0,0,0.0,0.0,0.0,0.0,1
G16965,Cascade,Cascade Chinook,subsea15,201107,0,0,0,0.0,0.0,0.0,0.0,1
G16965,Cascade,Cascade Chinook,subsea15,201108,0,0,0,0.0,0.0,0.0,0.0,1
G16965,Cascade,Cascade Chinook,subsea15,201109,0,0,0,0.0,0.0,0.0,0.0,1
G16965,Cascade,Cascade Chinook,subsea15,201110,0,0,0,0.0,0.0,0.0,0.0,1
G16965,Cascade,Cascade Chinook,subsea15,201111,0,0,0,0.0,0.0,0.0,0.0,1
G16965,Cascade,Cascade Chinook,subsea15,201112,0,0,0,0.0,0.0,0.0,0.0,1
G16965,Cascade,Cascade Chinook,subsea15,201201,0,0,0,0.0,0.0,0.0,0.0,1
G16965,Cascade,Cascade Chinook,subsea15,201202,0,0,0,0.0,0.0,0.0,0.0,1
G16965,Cascade,Cascade Chinook,subsea15,201203,0,0,0,0.0,0.0,0.0,0.0,1
G16965,Cascade,Cascade Chinook,subsea15,201204,0,0,0,0.0,0.0,0.0,0.0,1
G16965,Cascade,Cascade Chinook,subsea15,201312,0,0,1,0.0,0.0,0.0,0.0,1
G16965,Cascade,Cascade Chinook,subsea15,201401,97564,19399,10518,3147.2258064516127,625.7741935483871,0.097564,0.019399,1
G16965,Cascade,Cascade Chinook,subsea15,201402,158878,35137,6692,5674.214285714285,1254.892857142857,0.256442,0.054536,1
G16965,Cascade,Cascade Chinook,subsea15,201403,321336,61612,11452,10365.677419354839,1987.483870967742,0.577778,0.116148,1
G16965,Cascade,Cascade Chinook,subsea15,201404,278863,55986,7066,9295.433333333332,1866.2,0.856641,0.172134,1
G16965,Cascade,Cascade Chinook,subsea15,201405,283184,56424,7200,9134.967741935483,1820.1290322580646,1.139825,0.228558,1
G16965,Cascade,Cascade Chinook,subsea15,201406,244328,50157,4569,8144.266666666666,1671.9,1.384153,0.278715,1
G16965,Cascade,Cascade Chinook,subsea15,201407,236797,49689,3200,7638.612903225807,1602.8709677419354,1.62095,0.328404,1
G16965,Cascade,Cascade Chinook,subsea15,201408,210245,46212,6266,6782.096774193548,1490.7096774193549,1.831195,0.374616,1
G16965,Cascade,Cascade Chinook,subsea15,201409,185028,40325,5757,6167.6,1344.1666666666667,2.016223,0.414941,1
G16965,Cascade,Cascade Chinook,subsea15,201410,193631,29868,10795,6246.1612903225805,963.483870967742,2.209854,0.444809,1
G16965,Cascade,Cascade Chinook,subsea15,201411,178837,35569,10185,5961.233333333334,1185.6333333333334,2.388691,0.480378,1
G16965,Cascade,Cascade Chinook,subsea15,201412,131339,30351,10150,4377.966666666666,1011.7,2.52003,0.510729,1
G16965,Cascade,Cascade Chinook,subsea15,201501,124325,27591,7577,4010.483870967742,890.0322580645161,2.644355,0.53832,1
G16965,Cascade,Cascade Chinook,subsea15,201502,113199,24029,11896,4042.8214285714284,858.1785714285714,2.757554,0.562349,1
G16965,Cascade,Cascade Chinook,subsea15,201503,120865,24458,16628,3898.8709677419356,788.9677419354839,2.878419,0.586807,1
G16965,Cascade,Cascade Chinook,subsea15,201504,110519,24501,15475,3683.9666666666667,816.7,2.988938,0.611308,1
G16965,Cascade,Cascade Chinook,subsea15,201505,107041,20879,15944,3452.935483870968,673.516129032258,3.095979,0.632187,1
G16965,Cascade,Cascade Chinook,subsea15,201506,106335,19078,17742,3544.5,635.9333333333333,3.202314,0.651265,1
G16965,Cascade,Cascade Chinook,subsea15,201507,106848,19522,20599,3446.7096774193546,629.741935483871,3.309162,0.670787,1
G16965,Cascade,Cascade Chinook,subsea15,201508,104919,21045,22541,3384.483870967742,678.8709677419355,3.414081,0.691832,1
G16965,Cascade,Cascade Chinook,subsea15,201509,98502,19238,22337,3283.4,641.2666666666667,3.512583,0.71107,1
G16965,Cascade,Cascade Chinook,subsea15,201510,97917,19512,22485,3158.6129032258063,629.4193548387096,3.6105,0.730582,1
G16965,Cascade,Cascade Chinook,subsea15,201511,94057,18234,21406,3135.233333333333,607.8,3.704557,0.748816,1
G16965,Cascade,Cascade Chinook,subsea15,201512,89564,15265,25632,2889.1612903225805,492.4193548387097,3.794121,0.764081,1
G16965,Cascade,Cascade Chinook,subsea15,201601,91747,16502,23342,2959.5806451612902,532.3225806451613,3.885868,0.780583,1
G16965,Cascade,Cascade Chinook,subsea15,201602,68866,12545,16486,2994.1739130434785,545.4347826086956,3.954734,0.793128,1
G16965,Cascade,Cascade Chinook,subsea15,201603,46013,9907,11704,2875.8125,619.1875,4.000747,0.803035,1
G16965,Cascade,Cascade Chinook,subsea15,201604,51552,8973,8828,1718.4,299.1,4.052299,0.812008,1
G16965,Cascade,Cascade Chinook,subsea15,201605,0,0,0,0.0,0.0,4.052299,0.812008,1
G16965,Cascade,Cascade Chinook,subsea15,201606,49073,10232,15069,2582.7894736842104,538.5263157894736,4.101372,0.82224,1
G16965,Cascade,Cascade Chinook,subsea15,201607,83644,17340,23664,2698.1935483870966,559.3548387096774,4.185016,0.83958,1
G16965,Cascade,Cascade Chinook,subsea15,201608,79414,16569,24840,2561.7419354838707,534.483870967742,4.26443,0.856149,1
G16965,Cascade,Cascade Chinook,subsea15,201609,75556,14969,23587,2518.5333333333333,498.96666666666664,4.339986,0.871118,1
G16965,Cascade,Cascade Chinook,subsea15,201610,65432,12255,21775,2516.6153846153848,471.34615384615387,4.405418,0.883373,1
G16965,Cascade,Cascade Chinook,subsea15,201611,76997,15395,23509,2566.5666666666666,513.1666666666666,4.482415,0.898768,1
G16965,Cascade,Cascade Chinook,subsea15,201612,77491,15912,26161,2499.7096774193546,513.2903225806451,4.559906,0.91468,1
G16965,Cascade,Cascade Chinook,subsea15,201701,74095,15499,29858,2390.1612903225805,499.96774193548384,4.634001,0.930179,1
G16965,Cascade,Cascade Chinook,subsea15,201702,65352,13444,26748,2334.0,480.14285714285717,4.699353,0.943623,1
G16965,Cascade,Cascade Chinook,subsea15,201703,68495,15881,30944,2209.516129032258,512.2903225806451,4.767848,0.959504,1
G16965,Cascade,Cascade Chinook,subsea15,201704,70560,14410,25350,2352.0,480.3333333333333,4.838408,0.973914,1
G16965,Cascade,Cascade Chinook,subsea15,201705,75640,15867,25974,2440.0,511.83870967741933,4.914048,0.989781,1
G16965,Cascade,Cascade Chinook,subsea15,201706,68936,15859,22980,2297.866666666667,528.6333333333333,4.982984,1.00564,1
G16965,Cascade,Cascade Chinook,subsea15,201707,73419,16215,22572,2368.3548387096776,523.0645161290323,5.056403,1.021855,1
G16965,Cascade,Cascade Chinook,subsea15,201708,68441,16091,29174,2281.366666666667,536.3666666666667,5.124844,1.037946,1
G16965,Cascade,Cascade Chinook,subsea15,201709,64439,17453,27377,2147.9666666666667,581.7666666666667,5.189283,1.055399,1
G16965,Cascade,Cascade Chinook,subsea15,201710,68442,19026,24337,2207.8064516129034,613.741935483871,5.257725,1.074425,1
G16965,Cascade,Cascade Chinook,subsea15,201711,58911,18187,26323,1963.7,606.2333333333333,5.316636,1.092612,1
G16965,Cascade,Cascade Chinook,subsea15,201712,58897,17719,26229,1963.2333333333333,590.6333333333333,5.375533,1.110331,1
G16965,Cascade,Cascade Chinook,subsea15,201801,61453,13978,27472,1982.3548387096773,450.9032258064516,5.436986,1.124309,1
G16965,Cascade,Cascade Chinook,subsea15,201802,58497,13465,21384,2089.1785714285716,480.89285714285717,5.495483,1.137774,1
G16965,Cascade,Cascade Chinook,subsea15,201803,62593,15630,23880,2019.1290322580646,504.19354838709677,5.558076,1.153404,1
G16965,Cascade,Cascade Chinook,subsea15,201804,58613,15654,25919,1953.7666666666667,521.8,5.616689,1.169058,1
G16965,Cascade,Cascade Chinook,subsea15,201805,59363,16972,26242,1914.9354838709678,547.483870967742,5.676052,1.18603,1
G16965,Cascade,Cascade Chinook,subsea15,201806,59069,15298,23645,1968.9666666666667,509.93333333333334,5.735121,1.201328,1
G16965,Cascade,Cascade Chinook,subsea15,201807,73467,13984,32272,2369.9032258064517,451.0967741935484,5.808588,1.215312,1
G16965,Cascade,Cascade Chinook,subsea15,201808,85881,16182,43054,2770.3548387096776,522.0,5.894469,1.231494,1
G16965,Cascade,Cascade Chinook,subsea15,201809,79236,16556,40914,2641.2,551.8666666666667,5.973705,1.24805,1
G16965,Cascade,Cascade Chinook,subsea15,201810,81636,18769,43142,2633.4193548387098,605.4516129032259,6.055341,1.266819,1
G16965,Cascade,Cascade Chinook,subsea15,201811,76925,17733,41303,2564.1666666666665,591.1,6.132266,1.284552,1
G16965,Cascade,Cascade Chinook,subsea15,201812,79164,15790,41421,2553.6774193548385,509.35483870967744,6.21143,1.300342,1
G16965,Cascade,Cascade Chinook,subsea15,201901,70173,15255,39681,2263.6451612903224,492.0967741935484,6.281603,1.315597,1
G16965,Cascade,Cascade Chinook,subsea15,201902,78001,14255,37784,2785.75,509.10714285714283,6.359604,1.329852,1
G16965,Cascade,Cascade Chinook,subsea15,201903,74432,11777,41596,2401.032258064516,379.9032258064516,6.434036,1.341629,1
G16965,Cascade,Cascade Chinook,subsea15,201904,68907,12148,46777,2296.9,404.93333333333334,6.502943,1.353777,1
G16965,Cascade,Cascade Chinook,subsea15,201905,69636,13562,47978,2321.2,452.06666666666666,6.572579,1.367339,1
G16965,Cascade,Cascade Chinook,subsea15,201906,62538,12900,36961,2233.5,460.7142857142857,6.635117,1.380239,1
G16965,Cascade,Cascade Chinook,subsea15,201907,67035,13685,54250,2162.4193548387098,441.4516129032258,6.702152,1.393924,1
G16965,Cascade,Cascade Chinook,subsea15,201908,67457,14238,16172,2248.5666666666666,474.6,6.769609,1.408162,1
G16965,Cascade,Cascade Chinook,subsea15,201909,63430,13402,53730,2187.2413793103447,462.13793103448273,6.833039,1.421564,1
G16965,Cascade,Cascade Chinook,subsea15,201910,68105,13289,57484,2196.935483870968,428.6774193548387,6.901144,1.434853,1
G16965,Cascade,Cascade Chinook,subsea15,201911,64748,13016,58505,2158.266666666667,433.8666666666667,6.965892,1.447869,1
G16965,Cascade,Cascade Chinook,subsea15,201912,69302,14346,39158,2235.548387096774,462.7741935483871,7.035194,1.462215,1
G16965,Cascade,Cascade Chinook,subsea15,202001,66280,13911,32654,2138.064516129032,448.741935483871,7.101474,1.476126,1
G16965,Cascade,Cascade Chinook,subsea15,202002,62898,14435,34848,2168.896551724138,497.7586206896552,7.164372,1.490561,1
G16965,Cascade,Cascade Chinook,subsea15,202003,65059,13773,38835,2098.6774193548385,444.2903225806452,7.229431,1.504334,1
G16965,Cascade,Cascade Chinook,subsea15,202004,62181,12096,48940,2072.7,403.2,7.291612,1.51643,1
G16965,Cascade,Cascade Chinook,subsea15,202005,64640,12008,45539,2085.1612903225805,387.35483870967744,7.356252,1.528438,1
G16965,Cascade,Cascade Chinook,subsea15,202006,62142,10630,46227,2071.4,354.3333333333333,7.418394,1.539068,1
G16965,Cascade,Cascade Chinook,subsea15,202007,61388,10469,42495,1980.258064516129,337.7096774193548,7.479782,1.549537,1
G16965,Cascade,Cascade Chinook,subsea15,202008,46963,9324,33034,1956.7916666666667,388.5,7.526745,1.558861,1
G16965,Cascade,Cascade Chinook,subsea15,202009,59862,9847,42819,1995.4,328.23333333333335,7.586607,1.568708,1
G16965,Cascade,Cascade Chinook,subsea15,202010,58544,9720,42205,2018.7586206896551,335.17241379310343,7.645151,1.578428,1
G16965,Cascade,Cascade Chinook,subsea15,202011,2531,445,3136,2531.0,445.0,7.647682,1.578873,1
G16965,Cascade,Cascade Chinook,subsea15,202012,0,0,0,0.0,0.0,7.647682,1.578873,1
G16965,Cascade,Cascade Chinook,subsea15,202101,0,0,0,0.0,0.0,7.647682,1.578873,1
G16965,Cascade,Cascade Chinook,subsea15,202102,45741,7374,38551,2407.4210526315787,388.10526315789474,7.693423,1.586247,1
G16965,Cascade,Cascade Chinook,subsea15,202103,64976,11606,60901,2096.0,374.38709677419354,7.758399,1.597853,1
G16965,Cascade,Cascade Chinook,subsea15,202104,58854,10604,47108,2029.448275862069,365.6551724137931,7.817253,1.608457,1
G16965,Cascade,Cascade Chinook,subsea15,202105,61148,10331,42144,1972.516129032258,333.258064516129,7.878401,1.618788,1
G16965,Cascade,Cascade Chinook,subsea15,202106,54010,9740,41198,1800.3333333333333,324.6666666666667,7.932411,1.628528,1
G16965,Cascade,Cascade Chinook,subsea15,202107,53465,9818,40737,1724.6774193548388,316.7096774193548,7.985876,1.638346,1
G16965,Cascade,Cascade Chinook,subsea15,202108,48606,8190,35572,1800.2222222222222,303.3333333333333,8.034482,1.646536,1
G16965,Cascade,Cascade Chinook,subsea15,202109,53588,9284,41200,1786.2666666666667,309.46666666666664,8.08807,1.65582,1
G16965,Cascade,Cascade Chinook,subsea15,202110,53513,9240,41460,1726.225806451613,298.06451612903226,8.141583,1.66506,1
G16965,Cascade,Cascade Chinook,subsea15,202111,50683,8490,41640,1689.4333333333334,283.0,8.192266,1.67355,1
G16965,Cascade,Cascade Chinook,subsea15,202112,41237,8490,47569,1330.225806451613,273.8709677419355,8.233503,1.68204,1
G16965,Cascade,Cascade Chinook,subsea15,202201,53534,8010,54314,1726.9032258064517,258.38709677419354,8.287037,1.69005,1
G16965,Cascade,Cascade Chinook,subsea15,202202,35354,5249,39633,1683.5238095238096,249.95238095238096,8.322391,1.695299,1
G16965,Cascade,Cascade Chinook,subsea15,202203,52242,8089,51977,1685.225806451613,260.93548387096774,8.374633,1.703388,1
G16965,Cascade,Cascade Chinook,subsea15,202204,49235,7970,46365,1641.1666666666667,265.6666666666667,8.423868,1.711358,1
G16965,Cascade,Cascade Chinook,subsea15,202205,51242,7541,40163,1652.967741935484,243.25806451612902,8.47511,1.718899,1
G16965,Cascade,Cascade Chinook,subsea15,202206,45463,7786,37721,1515.4333333333334,259.53333333333336,8.520573,1.726685,1
G16965,Cascade,Cascade Chinook,subsea15,202207,51045,8816,36492,1701.5,293.8666666666667,8.571618,1.735501,1
G16965,Cascade,Cascade Chinook,subsea15,202208,47003,8799,28620,1516.225806451613,283.83870967741933,8.618621,1.7443,1
G16965,Cascade,Cascade Chinook,subsea15,202209,47109,3397,23097,1570.3,113.23333333333333,8.66573,1.747697,1
G16965,Cascade,Cascade Chinook,subsea15,202210,46366,9083,39142,1495.6774193548388,293.0,8.712096,1.75678,1
G16965,Cascade,Cascade Chinook,subsea15,202211,45251,8829,42027,1508.3666666666666,294.3,8.757347,1.765609,1
G16965,Cascade,Cascade Chinook,subsea15,202212,44294,8466,34907,1527.3793103448277,291.9310344827586,8.801641,1.774075,1
G16965,Cascade,Cascade Chinook,subsea15,202301,46357,8421,37951,1495.3870967741937,271.64516129032256,8.847998,1.782496,1
G16965,Cascade,Cascade Chinook,subsea15,202302,41304,7218,37879,1475.142857142857,257.7857142857143,8.889302,1.789714,1
G16965,Cascade,Cascade Chinook,subsea15,202303,33335,5729,22740,1515.2272727272727,260.40909090909093,8.922637,1.795443,1
G16965,Cascade,Cascade Chinook,subsea15,202304,43992,7467,25239,1466.4,248.9,8.966629,1.80291,1
G16965,Cascade,Cascade Chinook,subsea15,202305,45381,8398,23770,1463.9032258064517,270.9032258064516,9.01201,1.811308,1
G16965,Cascade,Cascade Chinook,subsea15,202306,42510,7902,43341,1417.0,263.4,9.05452,1.81921,1
G16965,Cascade,Cascade Chinook,subsea15,202307,44080,8382,44054,1421.9354838709678,270.38709677419354,9.0986,1.827592,1
G16965,Cascade,Cascade Chinook,subsea15,202308,43928,7452,47529,1417.032258064516,240.38709677419354,9.142528,1.835044,1
G16965,Cascade,Cascade Chinook,subsea15,202309,41916,7153,45242,1397.2,238.43333333333334,9.184444,1.842197,1
G16965,Cascade,Cascade Chinook,subsea15,202310,43373,7493,46438,1399.1290322580646,241.70967741935485,9.227817,1.84969,1
G16965,Cascade,Cascade Chinook,subsea15,202311,103609,5329,47628,3453.633333333333,177.63333333333333,9.331426,1.855019,1
G16965,Cascade,Cascade Chinook,subsea15,202312,43356,3181,45013,1398.5806451612902,102.61290322580645,9.374782,1.8582,1
G16965,Cascade,Cascade Chinook,subsea15,202401,42266,7775,47746,1363.4193548387098,250.80645161290323,9.417048,1.865975,1
G16965,Cascade,Cascade Chinook,subsea15,202402,35419,6566,39287,1311.8148148148148,243.1851851851852,9.452467,1.872541,1
G16965,Cascade,Cascade Chinook,subsea15,202403,25529,3778,35154,1343.6315789473683,198.8421052631579,9.477996,1.876319,1
G16965,Cascade,Cascade Chinook,subsea15,202404,42064,8891,38946,1502.2857142857142,317.5357142857143,9.52006,1.88521,1
G16965,Cascade,Cascade Chinook,subsea15,202405,55337,11778,41301,1785.0645161290322,379.93548387096774,9.575397,1.896988,1
G16965,Cascade,Cascade Chinook,subsea15,202406,52256,18481,43510,1741.8666666666666,616.0333333333333,9.627653,1.915469,1
G16965,Cascade,Cascade Chinook,subsea15,202407,52631,18189,38921,1697.774193548387,586.741935483871,9.680284,1.933658,1
G16965,Cascade,Cascade Chinook,subsea15,202408,53044,11641,40196,1711.0967741935483,375.51612903225805,9.733328,1.945299,1
G16965,Cascade,Cascade Chinook,subsea15,202409,33344,10061,33866,1149.7931034482758,346.9310344827586,9.766672,1.95536,1
G16965,Cascade,Cascade Chinook,subsea15,202410,31813,11946,33833,1026.225806451613,385.35483870967744,9.798485,1.967306,1
G16965,Cascade,Cascade Chinook,subsea15,202411,36188,11290,31673,1206.2666666666667,376.3333333333333,9.834673,1.978596,1
G16965,Cascade,Cascade Chinook,subsea15,202412,33774,11542,26285,1164.6206896551723,398.0,9.868447,1.990138,1
G16965,Cascade,Cascade Chinook,subsea15,202501,32948,12104,25940,1176.7142857142858,432.2857142857143,9.901395,2.002242,1
G16965,Cascade,Cascade Chinook,subsea15,202502,34255,11871,27488,1223.392857142857,423.9642857142857,9.93565,2.014113,1
G16965,Cascade,Cascade Chinook,subsea15,202503,38374,12838,28497,1237.8709677419354,414.1290322580645,9.974024,2.026951,1
G16965,Cascade,Cascade Chinook,subsea15,202504,22464,8127,19039,1248.0,451.5,9.996488,2.035078,1
G16965,Cascade,Cascade Chinook,subsea15,202505,40549,13247,33627,1308.032258064516,427.3225806451613,10.037037,2.048325,1
G16965,Cascade,Cascade Chinook,subsea15,202506,39044,12923,28759,1301.4666666666667,430.76666666666665,10.076081,2.061248,1
G16997,Chinook,Cascade Chinook,subsea15,200306,0,0,0,0.0,0.0,0.0,0.0,1
G16997,Chinook,Cascade Chinook,subsea15,200307,0,0,0,0.0,0.0,0.0,0.0,1
G16997,Chinook,Cascade Chinook,subsea15,200308,0,0,0,0.0,0.0,0.0,0.0,1
G16997,Chinook,Cascade Chinook,subsea15,200309,0,0,0,0.0,0.0,0.0,0.0,1
G16997,Chinook,Cascade Chinook,subsea15,200310,0,0,0,0.0,0.0,0.0,0.0,1
G16997,Chinook,Cascade Chinook,subsea15,200311,0,0,0,0.0,0.0,0.0,0.0,1
G16997,Chinook,Cascade Chinook,subsea15,200312,0,0,0,0.0,0.0,0.0,0.0,1
G16997,Chinook,Cascade Chinook,subsea15,200401,0,0,0,0.0,0.0,0.0,0.0,1
G16997,Chinook,Cascade Chinook,subsea15,200402,0,0,0,0.0,0.0,0.0,0.0,1
G16997,Chinook,Cascade Chinook,subsea15,200403,0,0,0,0.0,0.0,0.0,0.0,1
G16997,Chinook,Cascade Chinook,subsea15,200404,0,0,0,0.0,0.0,0.0,0.0,1
G16997,Chinook,Cascade Chinook,subsea15,200405,0,0,0,0.0,0.0,0.0,0.0,1
G16997,Chinook,Cascade Chinook,subsea15,200406,0,0,0,0.0,0.0,0.0,0.0,1
G16997,Chinook,Cascade Chinook,subsea15,200407,0,0,0,0.0,0.0,0.0,0.0,1
G16997,Chinook,Cascade Chinook,subsea15,200408,0,0,0,0.0,0.0,0.0,0.0,1
G16997,Chinook,Cascade Chinook,subsea15,200409,0,0,0,0.0,0.0,0.0,0.0,1
G16997,Chinook,Cascade Chinook,subsea15,200410,0,0,0,0.0,0.0,0.0,0.0,1
G16997,Chinook,Cascade Chinook,subsea15,200411,0,0,0,0.0,0.0,0.0,0.0,1
G16997,Chinook,Cascade Chinook,subsea15,200412,0,0,0,0.0,0.0,0.0,0.0,1
G16997,Chinook,Cascade Chinook,subsea15,200501,0,0,0,0.0,0.0,0.0,0.0,1
G16997,Chinook,Cascade Chinook,subsea15,200502,0,0,0,0.0,0.0,0.0,0.0,1
G16997,Chinook,Cascade Chinook,subsea15,200503,0,0,0,0.0,0.0,0.0,0.0,1
G16997,Chinook,Cascade Chinook,subsea15,200504,0,0,0,0.0,0.0,0.0,0.0,1
G16997,Chinook,Cascade Chinook,subsea15,200505,0,0,0,0.0,0.0,0.0,0.0,1
G16997,Chinook,Cascade Chinook,subsea15,200506,0,0,0,0.0,0.0,0.0,0.0,1
G16997,Chinook,Cascade Chinook,subsea15,200507,0,0,0,0.0,0.0,0.0,0.0,1
G16997,Chinook,Cascade Chinook,subsea15,200508,0,0,0,0.0,0.0,0.0,0.0,1
G16997,Chinook,Cascade Chinook,subsea15,200509,0,0,0,0.0,0.0,0.0,0.0,1
G16997,Chinook,Cascade Chinook,subsea15,200510,0,0,0,0.0,0.0,0.0,0.0,1
G16997,Chinook,Cascade Chinook,subsea15,200511,0,0,0,0.0,0.0,0.0,0.0,1
G16997,Chinook,Cascade Chinook,subsea15,200512,0,0,0,0.0,0.0,0.0,0.0,1
G16997,Chinook,Cascade Chinook,subsea15,200601,0,0,0,0.0,0.0,0.0,0.0,1
G16997,Chinook,Cascade Chinook,subsea15,200602,0,0,0,0.0,0.0,0.0,0.0,1
G16997,Chinook,Cascade Chinook,subsea15,200603,0,0,0,0.0,0.0,0.0,0.0,1
G16997,Chinook,Cascade Chinook,subsea15,200604,0,0,0,0.0,0.0,0.0,0.0,1
G16997,Chinook,Cascade Chinook,subsea15,200605,0,0,0,0.0,0.0,0.0,0.0,1
G16997,Chinook,Cascade Chinook,subsea15,200606,0,0,0,0.0,0.0,0.0,0.0,1
G16997,Chinook,Cascade Chinook,subsea15,200607,0,0,0,0.0,0.0,0.0,0.0,1
G16997,Chinook,Cascade Chinook,subsea15,200608,0,0,0,0.0,0.0,0.0,0.0,1
G16997,Chinook,Cascade Chinook,subsea15,200609,0,0,0,0.0,0.0,0.0,0.0,1
G16997,Chinook,Cascade Chinook,subsea15,200610,0,0,0,0.0,0.0,0.0,0.0,1
G16997,Chinook,Cascade Chinook,subsea15,200611,0,0,0,0.0,0.0,0.0,0.0,1
G16997,Chinook,Cascade Chinook,subsea15,200612,0,0,0,0.0,0.0,0.0,0.0,1
G16997,Chinook,Cascade Chinook,subsea15,200701,0,0,0,0.0,0.0,0.0,0.0,1
G16997,Chinook,Cascade Chinook,subsea15,200702,0,0,0,0.0,0.0,0.0,0.0,1
G16997,Chinook,Cascade Chinook,subsea15,200703,0,0,0,0.0,0.0,0.0,0.0,1
G16997,Chinook,Cascade Chinook,subsea15,200704,0,0,0,0.0,0.0,0.0,0.0,1
G16997,Chinook,Cascade Chinook,subsea15,200705,0,0,0,0.0,0.0,0.0,0.0,1
G16997,Chinook,Cascade Chinook,subsea15,200706,0,0,0,0.0,0.0,0.0,0.0,1
G16997,Chinook,Cascade Chinook,subsea15,200707,0,0,0,0.0,0.0,0.0,0.0,1
G16997,Chinook,Cascade Chinook,subsea15,200708,0,0,0,0.0,0.0,0.0,0.0,1
G16997,Chinook,Cascade Chinook,subsea15,200709,0,0,0,0.0,0.0,0.0,0.0,1
G16997,Chinook,Cascade Chinook,subsea15,200710,0,0,0,0.0,0.0,0.0,0.0,1
G16997,Chinook,Cascade Chinook,subsea15,200711,0,0,0,0.0,0.0,0.0,0.0,1
G16997,Chinook,Cascade Chinook,subsea15,200712,0,0,0,0.0,0.0,0.0,0.0,1
G16997,Chinook,Cascade Chinook,subsea15,200801,0,0,0,0.0,0.0,0.0,0.0,1
G16997,Chinook,Cascade Chinook,subsea15,200802,0,0,0,0.0,0.0,0.0,0.0,1
G16997,Chinook,Cascade Chinook,subsea15,200803,0,0,0,0.0,0.0,0.0,0.0,1
G16997,Chinook,Cascade Chinook,subsea15,200804,0,0,0,0.0,0.0,0.0,0.0,1
G16997,Chinook,Cascade Chinook,subsea15,200805,0,0,0,0.0,0.0,0.0,0.0,1
G16997,Chinook,Cascade Chinook,subsea15,200806,0,0,0,0.0,0.0,0.0,0.0,1
G16997,Chinook,Cascade Chinook,subsea15,200807,0,0,0,0.0,0.0,0.0,0.0,1
G16997,Chinook,Cascade Chinook,subsea15,200808,0,0,0,0.0,0.0,0.0,0.0,1
G16997,Chinook,Cascade Chinook,subsea15,200809,0,0,0,0.0,0.0,0.0,0.0,1
G16997,Chinook,Cascade Chinook,subsea15,200810,0,0,0,0.0,0.0,0.0,0.0,1
G16997,Chinook,Cascade Chinook,subsea15,200811,0,0,0,0.0,0.0,0.0,0.0,1
G16997,Chinook,Cascade Chinook,subsea15,200812,0,0,0,0.0,0.0,0.0,0.0,1
G16997,Chinook,Cascade Chinook,subsea15,200901,0,0,0,0.0,0.0,0.0,0.0,1
G16997,Chinook,Cascade Chinook,subsea15,200902,0,0,0,0.0,0.0,0.0,0.0,1
G16997,Chinook,Cascade Chinook,subsea15,200903,0,0,0,0.0,0.0,0.0,0.0,1
G16997,Chinook,Cascade Chinook,subsea15,200904,0,0,0,0.0,0.0,0.0,0.0,1
G16997,Chinook,Cascade Chinook,subsea15,200905,0,0,0,0.0,0.0,0.0,0.0,1
G16997,Chinook,Cascade Chinook,subsea15,200906,0,0,0,0.0,0.0,0.0,0.0,1
G16997,Chinook,Cascade Chinook,subsea15,200907,0,0,0,0.0,0.0,0.0,0.0,1
G16997,Chinook,Cascade Chinook,subsea15,200908,0,0,0,0.0,0.0,0.0,0.0,1
G16997,Chinook,Cascade Chinook,subsea15,200909,0,0,0,0.0,0.0,0.0,0.0,1
G16997,Chinook,Cascade Chinook,subsea15,200910,0,0,0,0.0,0.0,0.0,0.0,1
G16997,Chinook,Cascade Chinook,subsea15,200911,0,0,0,0.0,0.0,0.0,0.0,1
G16997,Chinook,Cascade Chinook,subsea15,200912,0,0,0,0.0,0.0,0.0,0.0,1
G16997,Chinook,Cascade Chinook,subsea15,201001,0,0,0,0.0,0.0,0.0,0.0,2
G16997,Chinook,Cascade Chinook,subsea15,201002,0,0,0,0.0,0.0,0.0,0.0,2
G16997,Chinook,Cascade Chinook,subsea15,201003,0,0,0,0.0,0.0,0.0,0.0,1
G16997,Chinook,Cascade Chinook,subsea15,201004,0,0,0,0.0,0.0,0.0,0.0,1
G16997,Chinook,Cascade Chinook,subsea15,201005,0,0,0,0.0,0.0,0.0,0.0,2
G16997,Chinook,Cascade Chinook,subsea15,201006,0,0,0,0.0,0.0,0.0,0.0,2
G16997,Chinook,Cascade Chinook,subsea15,201007,0,0,0,0.0,0.0,0.0,0.0,2
G16997,Chinook,Cascade Chinook,subsea15,201008,0,0,0,0.0,0.0,0.0,0.0,2
G16997,Chinook,Cascade Chinook,subsea15,201009,0,0,0,0.0,0.0,0.0,0.0,2
G16997,Chinook,Cascade Chinook,subsea15,201010,0,0,0,0.0,0.0,0.0,0.0,2
G16997,Chinook,Cascade Chinook,subsea15,201011,0,0,0,0.0,0.0,0.0,0.0,2
G16997,Chinook,Cascade Chinook,subsea15,201012,0,0,0,0.0,0.0,0.0,0.0,2
G16997,Chinook,Cascade Chinook,subsea15,201101,0,0,0,0.0,0.0,0.0,0.0,2
G16997,Chinook,Cascade Chinook,subsea15,201102,0,0,0,0.0,0.0,0.0,0.0,2
G16997,Chinook,Cascade Chinook,subsea15,201103,0,0,0,0.0,0.0,0.0,0.0,2
G16997,Chinook,Cascade Chinook,subsea15,201104,0,0,0,0.0,0.0,0.0,0.0,2
G16997,Chinook,Cascade Chinook,subsea15,201105,0,0,0,0.0,0.0,0.0,0.0,2
G16997,Chinook,Cascade Chinook,subsea15,201106,0,0,0,0.0,0.0,0.0,0.0,2
G16997,Chinook,Cascade Chinook,subsea15,201107,0,0,0,0.0,0.0,0.0,0.0,2
G16997,Chinook,Cascade Chinook,subsea15,201108,0,0,0,0.0,0.0,0.0,0.0,2
G16997,Chinook,Cascade Chinook,subsea15,201109,0,0,0,0.0,0.0,0.0,0.0,2
G16997,Chinook,Cascade Chinook,subsea15,201110,0,0,0,0.0,0.0,0.0,0.0,2
G16997,Chinook,Cascade Chinook,subsea15,201111,0,0,0,0.0,0.0,0.0,0.0,2
G16997,Chinook,Cascade Chinook,subsea15,201112,0,0,0,0.0,0.0,0.0,0.0,2
G16997,Chinook,Cascade Chinook,subsea15,201201,0,0,0,0.0,0.0,0.0,0.0,2
G16997,Chinook,Cascade Chinook,subsea15,201202,0,0,0,0.0,0.0,0.0,0.0,2
G16997,Chinook,Cascade Chinook,subsea15,201203,0,0,0,0.0,0.0,0.0,0.0,2
G16997,Chinook,Cascade Chinook,subsea15,201204,0,0,0,0.0,0.0,0.0,0.0,2
G16997,Chinook,Cascade Chinook,subsea15,201205,0,0,0,0.0,0.0,0.0,0.0,2
G16997,Chinook,Cascade Chinook,subsea15,201206,0,0,0,0.0,0.0,0.0,0.0,2
G16997,Chinook,Cascade Chinook,subsea15,201207,0,0,0,0.0,0.0,0.0,0.0,2
G16997,Chinook,Cascade Chinook,subsea15,201208,0,0,0,0.0,0.0,0.0,0.0,2
G16997,Chinook,Cascade Chinook,subsea15,201209,141633,14801,3564,8852.0625,925.0625,0.141633,0.014801,2
G16997,Chinook,Cascade Chinook,subsea15,201210,190569,28217,2327,7329.576923076923,1085.2692307692307,0.332202,0.043018,2
G16997,Chinook,Cascade Chinook,subsea15,201211,258862,37883,1846,8628.733333333334,1262.7666666666667,0.591064,0.080901,2
G16997,Chinook,Cascade Chinook,subsea15,201212,303286,43560,4729,9783.41935483871,1405.1612903225807,0.89435,0.124461,2
G16997,Chinook,Cascade Chinook,subsea15,201301,273899,37908,4174,8835.451612903225,1222.8387096774193,1.168249,0.162369,2
G16997,Chinook,Cascade Chinook,subsea15,201302,233477,30729,4260,8338.464285714286,1097.4642857142858,1.401726,0.193098,2
G16997,Chinook,Cascade Chinook,subsea15,201303,238109,34363,5112,7680.935483870968,1108.483870967742,1.639835,0.227461,2
G16997,Chinook,Cascade Chinook,subsea15,201304,222025,33952,6150,7400.833333333333,1131.7333333333333,1.86186,0.261413,2
G16997,Chinook,Cascade Chinook,subsea15,201305,219232,32695,6794,7072.0,1054.6774193548388,2.081092,0.294108,2
G16997,Chinook,Cascade Chinook,subsea15,201306,206966,30786,7025,6898.866666666667,1026.2,2.288058,0.324894,2
G16997,Chinook,Cascade Chinook,subsea15,201307,204064,30225,8415,6582.709677419355,975.0,2.492122,0.355119,2
G16997,Chinook,Cascade Chinook,subsea15,201308,202289,32319,8169,6525.451612903225,1042.5483870967741,2.694411,0.387438,2
G16997,Chinook,Cascade Chinook,subsea15,201309,184174,35197,7009,6139.133333333333,1173.2333333333333,2.878585,0.422635,2
G16997,Chinook,Cascade Chinook,subsea15,201310,191815,36121,8004,6187.580645161291,1165.1935483870968,3.0704,0.458756,2
G16997,Chinook,Cascade Chinook,subsea15,201311,155095,27512,7024,5539.107142857143,982.5714285714286,3.225495,0.486268,2
G16997,Chinook,Cascade Chinook,subsea15,201312,36988,4113,2218,3698.8,411.3,3.262483,0.490381,2
G16997,Chinook,Cascade Chinook,subsea15,201401,179008,33980,9950,5966.933333333333,1132.6666666666667,3.441491,0.524361,2
G16997,Chinook,Cascade Chinook,subsea15,201402,162968,25397,5418,5820.285714285715,907.0357142857143,3.604459,0.549758,1
G16997,Chinook,Cascade Chinook,subsea15,201403,167245,25622,7131,5395.0,826.516129032258,3.771704,0.57538,1
G16997,Chinook,Cascade Chinook,subsea15,201404,151521,22660,9733,5050.7,755.3333333333334,3.923225,0.59804,1
G16997,Chinook,Cascade Chinook,subsea15,201405,152946,22972,9308,4933.741935483871,741.0322580645161,4.076171,0.621012,1
G16997,Chinook,Cascade Chinook,subsea15,201406,146625,19480,8823,4887.5,649.3333333333334,4.222796,0.640492,1
G16997,Chinook,Cascade Chinook,subsea15,201407,155040,19575,8801,5001.290322580645,631.4516129032259,4.377836,0.660067,1
G16997,Chinook,Cascade Chinook,subsea15,201408,150697,19605,8174,4861.193548387097,632.4193548387096,4.528533,0.679672,1
G16997,Chinook,Cascade Chinook,subsea15,201409,145019,22236,8505,4833.966666666666,741.2,4.673552,0.701908,1
G16997,Chinook,Cascade Chinook,subsea15,201410,194458,25377,17027,6272.8387096774195,818.6129032258065,4.86801,0.727285,1
G16997,Chinook,Cascade Chinook,subsea15,201411,87490,11801,8240,2916.3333333333335,393.3666666666667,4.9555,0.739086,1
G16997,Chinook,Cascade Chinook,subsea15,201412,0,0,0,0.0,0.0,4.9555,0.739086,1
G16997,Chinook,Cascade Chinook,subsea15,201501,0,0,0,0.0,0.0,4.9555,0.739086,1
G16997,Chinook,Cascade Chinook,subsea15,201502,0,0,0,0.0,0.0,4.9555,0.739086,1
G16997,Chinook,Cascade Chinook,subsea15,201503,0,0,0,0.0,0.0,4.9555,0.739086,1
G16997,Chinook,Cascade Chinook,subsea15,201504,0,0,0,0.0,0.0,4.9555,0.739086,1
G16997,Chinook,Cascade Chinook,subsea15,201505,0,0,0,0.0,0.0,4.9555,0.739086,1
G16997,Chinook,Cascade Chinook,subsea15,201506,0,0,0,0.0,0.0,4.9555,0.739086,1
G16997,Chinook,Cascade Chinook,subsea15,201507,0,0,0,0.0,0.0,4.9555,0.739086,1
G16997,Chinook,Cascade Chinook,subsea15,201508,0,0,0,0.0,0.0,4.9555,0.739086,1
G16997,Chinook,Cascade Chinook,subsea15,201509,0,0,0,0.0,0.0,4.9555,0.739086,2
G16997,Chinook,Cascade Chinook,subsea15,201510,0,0,0,0.0,0.0,4.9555,0.739086,2
G16997,Chinook,Cascade Chinook,subsea15,201511,0,0,0,0.0,0.0,4.9555,0.739086,2
G16997,Chinook,Cascade Chinook,subsea15,201512,0,0,0,0.0,0.0,4.9555,0.739086,2
G16997,Chinook,Cascade Chinook,subsea15,201601,0,0,0,0.0,0.0,4.9555,0.739086,2
G16997,Chinook,Cascade Chinook,subsea15,201602,0,0,0,0.0,0.0,4.9555,0.739086,2
G16997,Chinook,Cascade Chinook,subsea15,201603,0,0,0,0.0,0.0,4.9555,0.739086,2
G16997,Chinook,Cascade Chinook,subsea15,201604,0,0,0,0.0,0.0,4.9555,0.739086,2
G16997,Chinook,Cascade Chinook,subsea15,201605,0,0,0,0.0,0.0,4.9555,0.739086,2
G16997,Chinook,Cascade Chinook,subsea15,201606,0,0,0,0.0,0.0,4.9555,0.739086,2
G16997,Chinook,Cascade Chinook,subsea15,201607,0,0,0,0.0,0.0,4.9555,0.739086,2
G16997,Chinook,Cascade Chinook,subsea15,201608,0,0,0,0.0,0.0,4.9555,0.739086,2
G16997,Chinook,Cascade Chinook,subsea15,201609,0,0,0,0.0,0.0,4.9555,0.739086,2
G16997,Chinook,Cascade Chinook,subsea15,201610,0,0,0,0.0,0.0,4.9555,0.739086,2
G16997,Chinook,Cascade Chinook,subsea15,201611,0,0,0,0.0,0.0,4.9555,0.739086,2
G16997,Chinook,Cascade Chinook,subsea15,201612,0,0,0,0.0,0.0,4.9555,0.739086,2
G16997,Chinook,Cascade Chinook,subsea15,201701,0,0,0,0.0,0.0,4.9555,0.739086,2
G16997,Chinook,Cascade Chinook,subsea15,201702,0,0,0,0.0,0.0,4.9555,0.739086,2
G16997,Chinook,Cascade Chinook,subsea15,201703,0,0,0,0.0,0.0,4.9555,0.739086,2
G16997,Chinook,Cascade Chinook,subsea15,201704,0,0,0,0.0,0.0,4.9555,0.739086,2
G16997,Chinook,Cascade Chinook,subsea15,201705,0,0,0,0.0,0.0,4.9555,0.739086,2
G16997,Chinook,Cascade Chinook,subsea15,201706,0,0,0,0.0,0.0,4.9555,0.739086,2
G16997,Chinook,Cascade Chinook,subsea15,201707,0,0,0,0.0,0.0,4.9555,0.739086,2
G16997,Chinook,Cascade Chinook,subsea15,201708,0,0,0,0.0,0.0,4.9555,0.739086,2
G16997,Chinook,Cascade Chinook,subsea15,201709,0,0,0,0.0,0.0,4.9555,0.739086,2
G16997,Chinook,Cascade Chinook,subsea15,201710,0,0,0,0.0,0.0,4.9555,0.739086,2
G16997,Chinook,Cascade Chinook,subsea15,201711,0,0,0,0.0,0.0,4.9555,0.739086,2
G16997,Chinook,Cascade Chinook,subsea15,201712,0,0,0,0.0,0.0,4.9555,0.739086,2
G16997,Chinook,Cascade Chinook,subsea15,201801,0,0,0,0.0,0.0,4.9555,0.739086,2
G16997,Chinook,Cascade Chinook,subsea15,201802,0,0,0,0.0,0.0,4.9555,0.739086,2
G16997,Chinook,Cascade Chinook,subsea15,201803,0,0,0,0.0,0.0,4.9555,0.739086,2
G16997,Chinook,Cascade Chinook,subsea15,201804,0,0,0,0.0,0.0,4.9555,0.739086,2
G16997,Chinook,Cascade Chinook,subsea15,201805,0,0,0,0.0,0.0,4.9555,0.739086,2
G16997,Chinook,Cascade Chinook,subsea15,201806,0,0,0,0.0,0.0,4.9555,0.739086,2
G16997,Chinook,Cascade Chinook,subsea15,201807,62115,9538,2643,12423.0,1907.6,5.017615,0.748624,2
G16997,Chinook,Cascade Chinook,subsea15,201808,438055,62709,5137,19045.869565217392,2726.478260869565,5.45567,0.811333,2
G16997,Chinook,Cascade Chinook,subsea15,201809,584590,81077,4232,20158.275862068964,2795.7586206896553,6.04026,0.89241,2
G16997,Chinook,Cascade Chinook,subsea15,201810,636322,89391,2841,20526.516129032258,2883.5806451612902,6.676582,0.981801,2
G16997,Chinook,Cascade Chinook,subsea15,201811,593112,86359,1675,19770.4,2878.633333333333,7.269694,1.06816,2
G16997,Chinook,Cascade Chinook,subsea15,201812,589874,88312,2131,19028.1935483871,2848.7741935483873,7.859568,1.156472,2
G16997,Chinook,Cascade Chinook,subsea15,201901,548909,77027,2866,17706.74193548387,2484.7419354838707,8.408477,1.233499,2
G16997,Chinook,Cascade Chinook,subsea15,201902,478588,70417,4196,17092.428571428572,2514.8928571428573,8.887065,1.303916,2
G16997,Chinook,Cascade Chinook,subsea15,201903,518725,84001,7463,16733.064516129034,2709.7096774193546,9.40579,1.387917,2
G16997,Chinook,Cascade Chinook,subsea15,201904,476228,74504,9442,15874.266666666666,2483.4666666666667,9.882018,1.462421,2
G16997,Chinook,Cascade Chinook,subsea15,201905,473255,74483,12619,15775.166666666666,2482.766666666667,10.355273,1.536904,2
G16997,Chinook,Cascade Chinook,subsea15,201906,426173,66207,7459,15220.464285714286,2364.535714285714,10.781446,1.603111,2
G16997,Chinook,Cascade Chinook,subsea15,201907,443244,68877,11056,14298.193548387097,2221.8387096774195,11.22469,1.671988,2
G16997,Chinook,Cascade Chinook,subsea15,201908,430262,67388,2808,14342.066666666668,2246.266666666667,11.654952,1.739376,2
G16997,Chinook,Cascade Chinook,subsea15,201909,403357,63844,11066,13445.233333333334,2128.133333333333,12.058309,1.80322,2
G16997,Chinook,Cascade Chinook,subsea15,201910,405255,63080,11826,13072.741935483871,2034.8387096774193,12.463564,1.8663,2
G16997,Chinook,Cascade Chinook,subsea15,201911,403343,59858,17056,13444.766666666666,1995.2666666666667,12.866907,1.926158,2
G16997,Chinook,Cascade Chinook,subsea15,201912,340650,56265,34694,10988.709677419354,1815.0,13.207557,1.982423,2
G16997,Chinook,Cascade Chinook,subsea15,202001,361050,53554,47788,11646.774193548386,1727.5483870967741,13.568607,2.035977,2
G16997,Chinook,Cascade Chinook,subsea15,202002,331948,50200,54355,11446.48275862069,1731.0344827586207,13.900555,2.086177,2
G16997,Chinook,Cascade Chinook,subsea15,202003,352364,55387,57737,11366.58064516129,1786.6774193548388,14.252919,2.141564,2
G16997,Chinook,Cascade Chinook,subsea15,202004,334262,51888,37489,11142.066666666668,1729.6,14.587181,2.193452,2
G16997,Chinook,Cascade Chinook,subsea15,202005,336975,52837,29696,10870.161290322581,1704.4193548387098,14.924156,2.246289,2
G16997,Chinook,Cascade Chinook,subsea15,202006,319047,50795,29352,10634.9,1693.1666666666667,15.243203,2.297084,2
G16997,Chinook,Cascade Chinook,subsea15,202007,321410,51594,664,10368.064516129032,1664.3225806451612,15.564613,2.348678,2
G16997,Chinook,Cascade Chinook,subsea15,202008,255394,40261,993,10215.76,1610.44,15.820007,2.388939,2
G16997,Chinook,Cascade Chinook,subsea15,202009,311248,48589,31426,12449.92,1943.56,16.131255,2.437528,2
G16997,Chinook,Cascade Chinook,subsea15,202010,0,44948,0,0.0,1549.9310344827586,16.131255,2.482476,2
G16997,Chinook,Cascade Chinook,subsea15,202011,295881,43730,57635,9862.7,1457.6666666666667,16.427136,2.526206,2
G16997,Chinook,Cascade Chinook,subsea15,202012,292764,42127,45326,9758.8,1404.2333333333333,16.7199,2.568333,2
G16997,Chinook,Cascade Chinook,subsea15,202101,276531,39928,51907,9217.7,1330.9333333333334,16.996431,2.608261,2
G16997,Chinook,Cascade Chinook,subsea15,202102,256115,41055,42050,9146.964285714286,1466.25,17.252546,2.649316,2
G16997,Chinook,Cascade Chinook,subsea15,202103,276424,41958,76903,8916.90322580645,1353.483870967742,17.52897,2.691274,2
G16997,Chinook,Cascade Chinook,subsea15,202104,249658,40456,36171,8608.896551724138,1395.0344827586207,17.778628,2.73173,2
G16997,Chinook,Cascade Chinook,subsea15,202105,271279,40995,36745,8750.935483870968,1322.4193548387098,18.049907,2.772725,2
G16997,Chinook,Cascade Chinook,subsea15,202106,257615,39753,34915,8587.166666666666,1325.1,18.307522,2.812478,2
G16997,Chinook,Cascade Chinook,subsea15,202107,263623,41560,35117,8503.967741935483,1340.6451612903227,18.571145,2.854038,2
G16997,Chinook,Cascade Chinook,subsea15,202108,230748,38263,30872,8241.0,1366.5357142857142,18.801893,2.892301,2
G16997,Chinook,Cascade Chinook,subsea15,202109,248973,40483,35421,8299.1,1349.4333333333334,19.050866,2.932784,2
G16997,Chinook,Cascade Chinook,subsea15,202110,254811,41174,37571,8219.709677419354,1328.1935483870968,19.305677,2.973958,2
G16997,Chinook,Cascade Chinook,subsea15,202111,240500,37022,37755,8016.666666666667,1234.0666666666666,19.546177,3.01098,2
G16997,Chinook,Cascade Chinook,subsea15,202112,246753,24703,43076,7959.774193548387,796.8709677419355,19.79293,3.035683,2
G16997,Chinook,Cascade Chinook,subsea15,202201,239482,37929,48606,7725.225806451613,1223.516129032258,20.032412,3.073612,2
G16997,Chinook,Cascade Chinook,subsea15,202202,158976,24972,68622,7570.285714285715,1189.142857142857,20.191388,3.098584,2
G16997,Chinook,Cascade Chinook,subsea15,202203,242459,37215,47032,7821.258064516129,1200.483870967742,20.433847,3.135799,2
G16997,Chinook,Cascade Chinook,subsea15,202204,230497,35448,44521,7683.233333333334,1181.6,20.664344,3.171247,2
G16997,Chinook,Cascade Chinook,subsea15,202205,242792,37378,37636,7832.0,1205.741935483871,20.907136,3.208625,2
G16997,Chinook,Cascade Chinook,subsea15,202206,206548,34105,34252,6884.933333333333,1136.8333333333333,21.113684,3.24273,2
G16997,Chinook,Cascade Chinook,subsea15,202207,231149,35119,32731,7704.966666666666,1170.6333333333334,21.344833,3.277849,2
G16997,Chinook,Cascade Chinook,subsea15,202208,221073,34462,25345,7131.387096774193,1111.6774193548388,21.565906,3.312311,2
G16997,Chinook,Cascade Chinook,subsea15,202209,219261,12673,20179,7308.7,422.43333333333334,21.785167,3.324984,2
G16997,Chinook,Cascade Chinook,subsea15,202210,222525,32756,34669,7178.225806451613,1056.6451612903227,22.007692,3.35774,2
G16997,Chinook,Cascade Chinook,subsea15,202211,214654,31224,40721,7155.133333333333,1040.8,22.222346,3.388964,2
G16997,Chinook,Cascade Chinook,subsea15,202212,204920,30878,31936,7066.206896551724,1064.7586206896551,22.427266,3.419842,2
G16997,Chinook,Cascade Chinook,subsea15,202301,217674,33385,36318,7021.741935483871,1076.9354838709678,22.64494,3.453227,2
G16997,Chinook,Cascade Chinook,subsea15,202302,195897,30338,36642,6996.321428571428,1083.5,22.840837,3.483565,2
G16997,Chinook,Cascade Chinook,subsea15,202303,142898,22335,22085,6495.363636363636,1015.2272727272727,22.983735,3.5059,2
G16997,Chinook,Cascade Chinook,subsea15,202304,201469,32045,25465,6715.633333333333,1068.1666666666667,23.185204,3.537945,2
G16997,Chinook,Cascade Chinook,subsea15,202305,205502,32973,23971,6629.096774193548,1063.6451612903227,23.390706,3.570918,2
G16997,Chinook,Cascade Chinook,subsea15,202306,195574,31316,42864,6519.133333333333,1043.8666666666666,23.58628,3.602234,2
G16997,Chinook,Cascade Chinook,subsea15,202307,201061,31694,48190,6485.8387096774195,1022.3870967741935,23.787341,3.633928,2
G16997,Chinook,Cascade Chinook,subsea15,202308,199354,32718,49278,6430.774193548387,1055.4193548387098,23.986695,3.666646,2
G16997,Chinook,Cascade Chinook,subsea15,202309,190629,31576,46296,6354.3,1052.5333333333333,24.177324,3.698222,2
G16997,Chinook,Cascade Chinook,subsea15,202310,196244,32182,46369,6330.451612903225,1038.1290322580646,24.373568,3.730404,2
G16997,Chinook,Cascade Chinook,subsea15,202311,356348,34051,46960,11878.266666666666,1135.0333333333333,24.729916,3.764455,2
G16997,Chinook,Cascade Chinook,subsea15,202312,192614,34623,42112,6213.354838709677,1116.8709677419354,24.92253,3.799078,2
G16997,Chinook,Cascade Chinook,subsea15,202401,190270,32316,48229,6137.741935483871,1042.4516129032259,25.1128,3.831394,2
G16997,Chinook,Cascade Chinook,subsea15,202402,161168,24204,41759,5969.185185185185,896.4444444444445,25.273968,3.855598,2
G16997,Chinook,Cascade Chinook,subsea15,202403,106141,17923,36508,5586.368421052632,943.3157894736842,25.380109,3.873521,2
G16997,Chinook,Cascade Chinook,subsea15,202404,160564,26952,42327,5734.428571428572,962.5714285714286,25.540673,3.900473,2
G16997,Chinook,Cascade Chinook,subsea15,202405,183451,30341,45769,5917.774193548387,978.741935483871,25.724124,3.930814,2
G16997,Chinook,Cascade Chinook,subsea15,202406,156598,18866,51307,5219.933333333333,628.8666666666667,25.880722,3.94968,2
G16997,Chinook,Cascade Chinook,subsea15,202407,154854,20123,46376,4995.290322580645,649.1290322580645,26.035576,3.969803,2
G16997,Chinook,Cascade Chinook,subsea15,202408,177769,30765,44060,5734.4838709677415,992.4193548387096,26.213345,4.000568,2
G16997,Chinook,Cascade Chinook,subsea15,202409,170526,30027,44098,5684.2,1000.9,26.383871,4.030595,2
G16997,Chinook,Cascade Chinook,subsea15,202410,37951,30019,37696,1308.655172413793,1035.1379310344828,26.421822,4.060614,2
G16997,Chinook,Cascade Chinook,subsea15,202411,175817,28409,44525,5860.566666666667,946.9666666666667,26.597639,4.089023,2
G16997,Chinook,Cascade Chinook,subsea15,202412,159714,25684,44210,5507.379310344828,885.6551724137931,26.757353,4.114707,2
G16997,Chinook,Cascade Chinook,subsea15,202501,176581,30548,50701,5696.1612903225805,985.4193548387096,26.933934,4.145255,2
G16997,Chinook,Cascade Chinook,subsea15,202502,158176,25544,44542,5649.142857142857,912.2857142857143,27.09211,4.170799,2
G16997,Chinook,Cascade Chinook,subsea15,202503,179923,27602,46432,5803.967741935484,890.3870967741935,27.272033,4.198401,2
G16997,Chinook,Cascade Chinook,subsea15,202504,100570,17796,30890,5587.222222222223,988.6666666666666,27.372603,4.216197,2
G16997,Chinook,Cascade Chinook,subsea15,202505,175650,26963,54109,5666.129032258064,869.7741935483871,27.548253,4.24316,2
G16997,Chinook,Cascade Chinook,subsea15,202506,166557,24805,46192,5551.9,826.8333333333334,27.71481,4.267965,2
G17001,Stones,Stones,subsea15,200504,0,0,0,0.0,0.0,0.0,0.0,1
G17001,Stones,Stones,subsea15,200505,0,0,0,0.0,0.0,0.0,0.0,1
G17001,Stones,Stones,subsea15,200506,0,0,0,0.0,0.0,0.0,0.0,1
G17001,Stones,Stones,subsea15,200507,0,0,0,0.0,0.0,0.0,0.0,1
G17001,Stones,Stones,subsea15,200508,0,0,0,0.0,0.0,0.0,0.0,1
G17001,Stones,Stones,subsea15,200509,0,0,0,0.0,0.0,0.0,0.0,1
G17001,Stones,Stones,subsea15,200510,0,0,0,0.0,0.0,0.0,0.0,1
G17001,Stones,Stones,subsea15,200511,0,0,0,0.0,0.0,0.0,0.0,1
G17001,Stones,Stones,subsea15,200512,0,0,0,0.0,0.0,0.0,0.0,1
G17001,Stones,Stones,subsea15,200601,0,0,0,0.0,0.0,0.0,0.0,1
G17001,Stones,Stones,subsea15,200602,0,0,0,0.0,0.0,0.0,0.0,1
G17001,Stones,Stones,subsea15,200603,0,0,0,0.0,0.0,0.0,0.0,1
G17001,Stones,Stones,subsea15,200604,0,0,0,0.0,0.0,0.0,0.0,1
G17001,Stones,Stones,subsea15,200605,0,0,0,0.0,0.0,0.0,0.0,1
G17001,Stones,Stones,subsea15,200606,0,0,0,0.0,0.0,0.0,0.0,1
G17001,Stones,Stones,subsea15,200607,0,0,0,0.0,0.0,0.0,0.0,1
G17001,Stones,Stones,subsea15,200608,0,0,0,0.0,0.0,0.0,0.0,2
G17001,Stones,Stones,subsea15,200609,0,0,0,0.0,0.0,0.0,0.0,2
G17001,Stones,Stones,subsea15,200610,0,0,0,0.0,0.0,0.0,0.0,2
G17001,Stones,Stones,subsea15,200611,0,0,0,0.0,0.0,0.0,0.0,2
G17001,Stones,Stones,subsea15,200612,0,0,0,0.0,0.0,0.0,0.0,2
G17001,Stones,Stones,subsea15,200701,0,0,0,0.0,0.0,0.0,0.0,2
G17001,Stones,Stones,subsea15,200702,0,0,0,0.0,0.0,0.0,0.0,2
G17001,Stones,Stones,subsea15,200703,0,0,0,0.0,0.0,0.0,0.0,2
G17001,Stones,Stones,subsea15,200704,0,0,0,0.0,0.0,0.0,0.0,2
G17001,Stones,Stones,subsea15,200705,0,0,0,0.0,0.0,0.0,0.0,2
G17001,Stones,Stones,subsea15,200706,0,0,0,0.0,0.0,0.0,0.0,2
G17001,Stones,Stones,subsea15,200707,0,0,0,0.0,0.0,0.0,0.0,2
G17001,Stones,Stones,subsea15,200708,0,0,0,0.0,0.0,0.0,0.0,2
G17001,Stones,Stones,subsea15,200709,0,0,0,0.0,0.0,0.0,0.0,2
G17001,Stones,Stones,subsea15,200710,0,0,0,0.0,0.0,0.0,0.0,2
G17001,Stones,Stones,subsea15,200711,0,0,0,0.0,0.0,0.0,0.0,2
G17001,Stones,Stones,subsea15,200712,0,0,0,0.0,0.0,0.0,0.0,2
G17001,Stones,Stones,subsea15,200801,0,0,0,0.0,0.0,0.0,0.0,3
G17001,Stones,Stones,subsea15,200802,0,0,0,0.0,0.0,0.0,0.0,2
G17001,Stones,Stones,subsea15,200803,0,0,0,0.0,0.0,0.0,0.0,3
G17001,Stones,Stones,subsea15,200804,0,0,0,0.0,0.0,0.0,0.0,3
G17001,Stones,Stones,subsea15,200805,0,0,0,0.0,0.0,0.0,0.0,3
G17001,Stones,Stones,subsea15,200806,0,0,0,0.0,0.0,0.0,0.0,3
G17001,Stones,Stones,subsea15,200807,0,0,0,0.0,0.0,0.0,0.0,3
G17001,Stones,Stones,subsea15,200808,0,0,0,0.0,0.0,0.0,0.0,3
G17001,Stones,Stones,subsea15,200809,0,0,0,0.0,0.0,0.0,0.0,3
G17001,Stones,Stones,subsea15,200810,0,0,0,0.0,0.0,0.0,0.0,3
G17001,Stones,Stones,subsea15,200811,0,0,0,0.0,0.0,0.0,0.0,3
G17001,Stones,Stones,subsea15,200812,0,0,0,0.0,0.0,0.0,0.0,3
G17001,Stones,Stones,subsea15,200901,0,0,0,0.0,0.0,0.0,0.0,3
G17001,Stones,Stones,subsea15,200902,0,0,0,0.0,0.0,0.0,0.0,3
G17001,Stones,Stones,subsea15,200903,0,0,0,0.0,0.0,0.0,0.0,3
G17001,Stones,Stones,subsea15,200904,0,0,0,0.0,0.0,0.0,0.0,3
G17001,Stones,Stones,subsea15,200905,0,0,0,0.0,0.0,0.0,0.0,3
G17001,Stones,Stones,subsea15,201003,0,0,0,0.0,0.0,0.0,0.0,3
G17001,Stones,Stones,subsea15,201004,0,0,0,0.0,0.0,0.0,0.0,3
G17001,Stones,Stones,subsea15,201005,0,0,0,0.0,0.0,0.0,0.0,3
G17001,Stones,Stones,subsea15,201006,0,0,0,0.0,0.0,0.0,0.0,3
G17001,Stones,Stones,subsea15,201007,0,0,0,0.0,0.0,0.0,0.0,3
G17001,Stones,Stones,subsea15,201008,0,0,0,0.0,0.0,0.0,0.0,3
G17001,Stones,Stones,subsea15,201009,0,0,0,0.0,0.0,0.0,0.0,3
G17001,Stones,Stones,subsea15,201010,0,0,0,0.0,0.0,0.0,0.0,3
G17001,Stones,Stones,subsea15,201011,0,0,0,0.0,0.0,0.0,0.0,3
G17001,Stones,Stones,subsea15,201012,0,0,0,0.0,0.0,0.0,0.0,3
G17001,Stones,Stones,subsea15,201101,0,0,0,0.0,0.0,0.0,0.0,3
G17001,Stones,Stones,subsea15,201102,0,0,0,0.0,0.0,0.0,0.0,3
G17001,Stones,Stones,subsea15,201103,0,0,0,0.0,0.0,0.0,0.0,3
G17001,Stones,Stones,subsea15,201104,0,0,0,0.0,0.0,0.0,0.0,3
G17001,Stones,Stones,subsea15,201105,0,0,0,0.0,0.0,0.0,0.0,3
G17001,Stones,Stones,subsea15,201106,0,0,0,0.0,0.0,0.0,0.0,3
G17001,Stones,Stones,subsea15,201107,0,0,0,0.0,0.0,0.0,0.0,3
G17001,Stones,Stones,subsea15,201108,0,0,0,0.0,0.0,0.0,0.0,3
G17001,Stones,Stones,subsea15,201109,0,0,0,0.0,0.0,0.0,0.0,3
G17001,Stones,Stones,subsea15,201110,0,0,0,0.0,0.0,0.0,0.0,3
G17001,Stones,Stones,subsea15,201111,0,0,0,0.0,0.0,0.0,0.0,3
G17001,Stones,Stones,subsea15,201112,0,0,0,0.0,0.0,0.0,0.0,3
G17001,Stones,Stones,subsea15,201201,0,0,0,0.0,0.0,0.0,0.0,3
G17001,Stones,Stones,subsea15,201202,0,0,0,0.0,0.0,0.0,0.0,3
G17001,Stones,Stones,subsea15,201203,0,0,0,0.0,0.0,0.0,0.0,3
G17001,Stones,Stones,subsea15,201204,0,0,0,0.0,0.0,0.0,0.0,3
G17001,Stones,Stones,subsea15,201205,0,0,0,0.0,0.0,0.0,0.0,3
G17001,Stones,Stones,subsea15,201206,0,0,0,0.0,0.0,0.0,0.0,3
G17001,Stones,Stones,subsea15,201207,0,0,0,0.0,0.0,0.0,0.0,3
G17001,Stones,Stones,subsea15,201208,0,0,0,0.0,0.0,0.0,0.0,3
G17001,Stones,Stones,subsea15,201209,0,0,0,0.0,0.0,0.0,0.0,3
G17001,Stones,Stones,subsea15,201210,0,0,0,0.0,0.0,0.0,0.0,3
G17001,Stones,Stones,subsea15,201211,0,0,0,0.0,0.0,0.0,0.0,3
G17001,Stones,Stones,subsea15,201212,0,0,0,0.0,0.0,0.0,0.0,3
G17001,Stones,Stones,subsea15,201301,0,0,0,0.0,0.0,0.0,0.0,3
G17001,Stones,Stones,subsea15,201302,0,0,0,0.0,0.0,0.0,0.0,3
G17001,Stones,Stones,subsea15,201303,0,0,0,0.0,0.0,0.0,0.0,3
G17001,Stones,Stones,subsea15,201304,0,0,0,0.0,0.0,0.0,0.0,3
G17001,Stones,Stones,subsea15,201305,0,0,0,0.0,0.0,0.0,0.0,3
G17001,Stones,Stones,subsea15,201306,0,0,0,0.0,0.0,0.0,0.0,3
G17001,Stones,Stones,subsea15,201307,0,0,0,0.0,0.0,0.0,0.0,3
G17001,Stones,Stones,subsea15,201308,0,0,0,0.0,0.0,0.0,0.0,3
G17001,Stones,Stones,subsea15,201309,0,0,0,0.0,0.0,0.0,0.0,3
G17001,Stones,Stones,subsea15,201310,0,0,0,0.0,0.0,0.0,0.0,3
G17001,Stones,Stones,subsea15,201311,0,0,0,0.0,0.0,0.0,0.0,3
G17001,Stones,Stones,subsea15,201312,0,0,0,0.0,0.0,0.0,0.0,3
G17001,Stones,Stones,subsea15,201401,0,0,0,0.0,0.0,0.0,0.0,4
G17001,Stones,Stones,subsea15,201402,0,0,0,0.0,0.0,0.0,0.0,3
G17001,Stones,Stones,subsea15,201403,0,0,0,0.0,0.0,0.0,0.0,3
G17001,Stones,Stones,subsea15,201404,0,0,0,0.0,0.0,0.0,0.0,4
G17001,Stones,Stones,subsea15,201405,0,0,0,0.0,0.0,0.0,0.0,3
G17001,Stones,Stones,subsea15,201406,0,0,0,0.0,0.0,0.0,0.0,3
G17001,Stones,Stones,subsea15,201407,0,0,0,0.0,0.0,0.0,0.0,4
G17001,Stones,Stones,subsea15,201408,0,0,0,0.0,0.0,0.0,0.0,3
G17001,Stones,Stones,subsea15,201409,0,0,0,0.0,0.0,0.0,0.0,3
G17001,Stones,Stones,subsea15,201410,0,0,0,0.0,0.0,0.0,0.0,3
G17001,Stones,Stones,subsea15,201411,0,0,0,0.0,0.0,0.0,0.0,3
G17001,Stones,Stones,subsea15,201412,0,0,0,0.0,0.0,0.0,0.0,3
G17001,Stones,Stones,subsea15,201501,0,0,0,0.0,0.0,0.0,0.0,3
G17001,Stones,Stones,subsea15,201502,0,0,0,0.0,0.0,0.0,0.0,4
G17001,Stones,Stones,subsea15,201503,0,0,0,0.0,0.0,0.0,0.0,4
G17001,Stones,Stones,subsea15,201504,0,0,0,0.0,0.0,0.0,0.0,4
G17001,Stones,Stones,subsea15,201505,0,0,0,0.0,0.0,0.0,0.0,4
G17001,Stones,Stones,subsea15,201506,0,0,0,0.0,0.0,0.0,0.0,4
G17001,Stones,Stones,subsea15,201507,0,0,0,0.0,0.0,0.0,0.0,5
G17001,Stones,Stones,subsea15,201508,0,0,0,0.0,0.0,0.0,0.0,8
G17001,Stones,Stones,subsea15,201509,0,0,0,0.0,0.0,0.0,0.0,8
G17001,Stones,Stones,subsea15,201510,0,0,0,0.0,0.0,0.0,0.0,8
G17001,Stones,Stones,subsea15,201511,0,0,0,0.0,0.0,0.0,0.0,8
G17001,Stones,Stones,subsea15,201512,0,0,0,0.0,0.0,0.0,0.0,8
G17001,Stones,Stones,subsea15,201601,0,0,0,0.0,0.0,0.0,0.0,8
G17001,Stones,Stones,subsea15,201602,0,0,0,0.0,0.0,0.0,0.0,8
G17001,Stones,Stones,subsea15,201603,0,0,0,0.0,0.0,0.0,0.0,7
G17001,Stones,Stones,subsea15,201604,0,0,0,0.0,0.0,0.0,0.0,7
G17001,Stones,Stones,subsea15,201605,0,0,0,0.0,0.0,0.0,0.0,7
G17001,Stones,Stones,subsea15,201606,0,0,0,0.0,0.0,0.0,0.0,7
G17001,Stones,Stones,subsea15,201607,0,0,0,0.0,0.0,0.0,0.0,7
G17001,Stones,Stones,subsea15,201608,0,0,0,0.0,0.0,0.0,0.0,8
G17001,Stones,Stones,subsea15,201609,106633,21738,1631,4265.32,869.52,0.106633,0.021738,7
G17001,Stones,Stones,subsea15,201610,311714,66945,54585,9741.0625,2092.03125,0.418347,0.088683,7
G17001,Stones,Stones,subsea15,201611,205334,35942,24782,10266.7,1797.1,0.623681,0.124625,8
G17001,Stones,Stones,subsea15,201612,110461,19414,3578,4802.652173913043,844.0869565217391,0.734142,0.144039,8
G17001,Stones,Stones,subsea15,201701,12694,1078,1818,6347.0,539.0,0.746836,0.145117,6
G17001,Stones,Stones,subsea15,201702,143807,14275,9163,13073.363636363636,1297.7272727272727,0.890643,0.159392,6
G17001,Stones,Stones,subsea15,201703,781227,127380,69229,18168.06976744186,2962.3255813953488,1.67187,0.286772,6
G17001,Stones,Stones,subsea15,201704,689600,108450,20782,17682.05128205128,2780.769230769231,2.36147,0.395222,6
G17001,Stones,Stones,subsea15,201705,448174,68681,17315,7347.11475409836,1125.9180327868853,2.809644,0.463903,6
G17001,Stones,Stones,subsea15,201706,888433,131745,26877,11105.4125,1646.8125,3.698077,0.595648,6
G17001,Stones,Stones,subsea15,201707,1083813,175695,47860,12042.366666666667,1952.1666666666667,4.78189,0.771343,7
G17001,Stones,Stones,subsea15,201708,997055,164868,79446,9231.99074074074,1526.5555555555557,5.778945,0.936211,7
G17001,Stones,Stones,subsea15,201709,72285,2060,4829,803.1666666666666,22.88888888888889,5.85123,0.938271,7
G17001,Stones,Stones,subsea15,201710,859394,132440,56578,9548.822222222223,1471.5555555555557,6.710624,1.070711,7
G17001,Stones,Stones,subsea15,201711,705524,98886,51835,11758.733333333334,1648.1,7.416148,1.169597,5
G17001,Stones,Stones,subsea15,201712,594868,63135,43617,10622.642857142857,1127.4107142857142,8.011016,1.232732,5
G17001,Stones,Stones,subsea15,201801,788243,113016,57626,10651.932432432432,1527.2432432432433,8.799259,1.345748,5
G17001,Stones,Stones,subsea15,201802,732789,113087,42064,10620.130434782608,1638.9420289855072,9.532048,1.458835,5
G17001,Stones,Stones,subsea15,201803,0,2962,14,0.0,95.54838709677419,9.532048,1.461797,5
G17001,Stones,Stones,subsea15,201804,0,0,0,0.0,0.0,9.532048,1.461797,5
G17001,Stones,Stones,subsea15,201805,0,0,0,0.0,0.0,9.532048,1.461797,5
G17001,Stones,Stones,subsea15,201806,646194,94255,46726,9644.686567164179,1406.7910447761194,10.178242,1.556052,5
G17001,Stones,Stones,subsea15,201807,843847,124159,56493,9812.17441860465,1443.7093023255813,11.022089,1.680211,6
G17001,Stones,Stones,subsea15,201808,864642,129995,48819,8646.42,1299.95,11.886731,1.810206,6
G17001,Stones,Stones,subsea15,201809,1193883,189708,55261,10204.128205128205,1621.4358974358975,13.080614,1.999914,6
G17001,Stones,Stones,subsea15,201810,1325150,217948,67305,10951.652892561984,1801.2231404958677,14.405764,2.217862,6
G17001,Stones,Stones,subsea15,201811,785621,117674,36311,9352.630952380952,1400.8809523809523,15.191385,2.335536,6
G17001,Stones,Stones,subsea15,201812,1254635,195814,57996,9577.36641221374,1494.7633587786258,16.44602,2.53135,6
G17001,Stones,Stones,subsea15,201901,1179145,179417,52499,9212.0703125,1401.6953125,17.625165,2.710767,6
G17001,Stones,Stones,subsea15,201902,263623,31600,11381,9415.107142857143,1128.5714285714287,17.888788,2.742367,6
G17001,Stones,Stones,subsea15,201903,846254,139526,44293,30223.35714285714,4983.071428571428,18.735042,2.881893,6
G17001,Stones,Stones,subsea15,201904,1191374,184676,64297,13237.488888888889,2051.9555555555557,19.926416,3.066569,6
G17001,Stones,Stones,subsea15,201905,1179063,158888,63130,12678.09677419355,1708.47311827957,21.105479,3.225457,6
G17001,Stones,Stones,subsea15,201906,966514,136900,53907,10983.113636363636,1555.6818181818182,22.071993,3.362357,6
G17001,Stones,Stones,subsea15,201907,778510,120446,42827,8371.075268817205,1295.1182795698924,22.850503,3.482803,6
G17001,Stones,Stones,subsea15,201908,954692,157608,52456,11786.32098765432,1945.7777777777778,23.805195,3.640411,6
G17001,Stones,Stones,subsea15,201909,935675,141483,51281,11551.543209876543,1746.7037037037037,24.74087,3.781894,6
G17001,Stones,Stones,subsea15,201910,965159,161332,60866,8617.49107142857,1440.4642857142858,25.706029,3.943226,7
G17001,Stones,Stones,subsea15,201911,713535,111313,44919,8919.1875,1391.4125,26.419564,4.054539,7
G17001,Stones,Stones,subsea15,201912,886173,147401,58695,7446.83193277311,1238.6638655462184,27.305737,4.20194,7
G17001,Stones,Stones,subsea15,202001,949288,157285,63198,7977.210084033613,1321.7226890756303,28.255025,4.359225,7
G17001,Stones,Stones,subsea15,202002,797557,129824,51401,6996.1140350877195,1138.8070175438597,29.052582,4.489049,7
G17001,Stones,Stones,subsea15,202003,875742,154054,59092,7359.176470588235,1294.5714285714287,29.928324,4.643103,7
G17001,Stones,Stones,subsea15,202004,715535,116011,49732,7376.649484536082,1195.9896907216496,30.643859,4.759114,7
G17001,Stones,Stones,subsea15,202005,704716,110124,46498,5683.193548387097,888.0967741935484,31.348575,4.869238,7
G17001,Stones,Stones,subsea15,202006,590730,96997,44592,4802.682926829269,788.5934959349594,31.939305,4.966235,7
G17001,Stones,Stones,subsea15,202007,1155232,195603,107118,7701.546666666667,1304.02,33.094537,5.161838,7
G17001,Stones,Stones,subsea15,202008,904095,146118,75506,7930.6578947368425,1281.7368421052631,33.998632,5.307956,7
G17001,Stones,Stones,subsea15,202009,1146934,191509,91718,7646.2266666666665,1276.7266666666667,35.145566,5.499465,7
G17001,Stones,Stones,subsea15,202010,732151,121922,60990,6907.084905660377,1150.2075471698113,35.877717,5.621387,7
G17001,Stones,Stones,subsea15,202011,1160061,193924,100933,7733.74,1292.8266666666666,37.037778,5.815311,7
G17001,Stones,Stones,subsea15,202012,1115337,187358,91233,7195.7225806451615,1208.7612903225806,38.153115,6.002669,8
G17001,Stones,Stones,subsea15,202101,1083969,188799,91712,6993.348387096774,1218.058064516129,39.237084,6.191468,8
G17001,Stones,Stones,subsea15,202102,860313,136043,73490,6468.518796992481,1022.8796992481203,40.097397,6.327511,8
G17001,Stones,Stones,subsea15,202103,1027945,167595,91622,6631.903225806452,1081.258064516129,41.125342,6.495106,8
G17001,Stones,Stones,subsea15,202104,964134,156544,86114,6427.56,1043.6266666666668,42.089476,6.65165,8
G17001,Stones,Stones,subsea15,202105,1129839,188480,126038,6311.949720670391,1052.9608938547485,43.219315,6.84013,8
G17001,Stones,Stones,subsea15,202106,1427535,229835,129468,7930.75,1276.861111111111,44.64685,7.069965,8
G17001,Stones,Stones,subsea15,202107,1383241,216717,131137,7476.978378378379,1171.4432432432432,46.030091,7.286682,6
G17001,Stones,Stones,subsea15,202108,1076077,157885,105395,6767.779874213837,992.9874213836478,47.106168,7.444567,7
G17001,Stones,Stones,subsea15,202109,1224698,186533,116983,7079.179190751445,1078.2254335260116,48.330866,7.6311,7
G17001,Stones,Stones,subsea15,202110,1493073,197840,130193,8027.274193548387,1063.6559139784947,49.823939,7.82894,7
G17001,Stones,Stones,subsea15,202111,951980,180893,114284,5471.149425287356,1039.6149425287356,50.775919,8.009833,7
G17001,Stones,Stones,subsea15,202112,1229618,196060,125202,6610.8494623655915,1054.0860215053763,52.005537,8.205893,7
G17001,Stones,Stones,subsea15,202201,1146494,173012,128929,6163.94623655914,930.1720430107526,53.152031,8.378905,7
G17001,Stones,Stones,subsea15,202202,952999,140350,112129,5672.613095238095,835.4166666666666,54.10503,8.519255,6
G17001,Stones,Stones,subsea15,202203,1091057,163559,130955,5865.897849462365,879.3494623655914,55.196087,8.682814,6
G17001,Stones,Stones,subsea15,202204,999833,152443,119836,5746.166666666667,876.1091954022988,56.19592,8.835257,7
G17001,Stones,Stones,subsea15,202205,662729,99534,97944,4447.845637583892,668.0134228187919,56.858649,8.934791,7
G17001,Stones,Stones,subsea15,202206,1029149,154237,136298,4900.7095238095235,734.4619047619047,57.887798,9.089028,7
G17001,Stones,Stones,subsea15,202207,935000,139931,125520,5342.857142857143,799.6057142857143,58.822798,9.228959,7
G17001,Stones,Stones,subsea15,202208,1216759,187345,175825,5607.184331797235,863.3410138248848,60.039557,9.416304,7
G17001,Stones,Stones,subsea15,202209,1069505,167653,159292,5092.880952380952,798.347619047619,61.109062,9.583957,7
G17001,Stones,Stones,subsea15,202210,1050797,161306,157180,4842.382488479263,743.3456221198156,62.159859,9.745263,7
G17001,Stones,Stones,subsea15,202211,785593,110003,135376,4292.857923497268,601.1092896174863,62.945452,9.855266,7
G17001,Stones,Stones,subsea15,202212,1010547,149523,168494,4678.458333333333,692.2361111111111,63.955999,10.004789,7
G17001,Stones,Stones,subsea15,202301,985262,141984,168558,4540.377880184332,654.3041474654378,64.941261,10.146773,7
G17001,Stones,Stones,subsea15,202302,679111,93708,130086,4115.824242424243,567.9272727272727,65.620372,10.240481,8
G17001,Stones,Stones,subsea15,202303,1007451,156717,169437,4642.6313364055295,722.1981566820276,66.627823,10.397198,8
G17001,Stones,Stones,subsea15,202304,894809,127271,156037,4200.981220657277,597.5164319248827,67.522632,10.524469,8
G17001,Stones,Stones,subsea15,202305,795494,117079,143667,3699.9720930232556,544.553488372093,68.318126,10.641548,8
G17001,Stones,Stones,subsea15,202306,770877,109061,116612,3568.875,504.912037037037,69.089003,10.750609,8
G17001,Stones,Stones,subsea15,202307,950239,126973,178236,3862.7601626016262,516.150406504065,70.039242,10.877582,8
G17001,Stones,Stones,subsea15,202308,678930,118704,146723,3187.4647887323945,557.2957746478874,70.718172,10.996286,8
G17001,Stones,Stones,subsea15,202309,770305,113935,147513,3668.1190476190477,542.547619047619,71.488477,11.110221,8
G17001,Stones,Stones,subsea15,202310,786190,113255,147679,3639.7685185185187,524.3287037037037,72.274667,11.223476,8
G17001,Stones,Stones,subsea15,202311,743502,95978,138831,3540.4857142857145,457.03809523809525,73.018169,11.319454,8
G17001,Stones,Stones,subsea15,202312,718226,87863,134031,3309.7972350230416,404.89861751152074,73.736395,11.407317,8
G17001,Stones,Stones,subsea15,202401,724222,88829,129626,3337.4285714285716,409.35023041474653,74.460617,11.496146,8
G17001,Stones,Stones,subsea15,202402,692225,97600,116432,3409.975369458128,480.7881773399015,75.152842,11.593746,8
G17001,Stones,Stones,subsea15,202403,718552,93757,142482,3311.2995391705067,432.0599078341014,75.871394,11.687503,8
G17001,Stones,Stones,subsea15,202404,678483,91912,129392,3325.8970588235293,450.54901960784315,76.549877,11.779415,8
G17001,Stones,Stones,subsea15,202405,590770,64001,118873,3125.767195767196,338.6296296296296,77.140647,11.843416,8
G17001,Stones,Stones,subsea15,202406,647976,86976,129893,3085.6,414.1714285714286,77.788623,11.930392,8
G17001,Stones,Stones,subsea15,202407,669435,67269,131366,3084.9539170506914,309.9953917050691,78.458058,11.997661,8
G17001,Stones,Stones,subsea15,202408,638604,70686,126664,2942.8755760368663,325.741935483871,79.096662,12.068347,8
G17001,Stones,Stones,subsea15,202409,559052,65849,114443,2767.5841584158416,325.98514851485146,79.655714,12.134196,8
G17001,Stones,Stones,subsea15,202410,616779,74385,127355,2855.4583333333335,344.375,80.272493,12.208581,8
G17001,Stones,Stones,subsea15,202411,514253,52740,108810,2448.8238095238094,251.14285714285714,80.786746,12.261321,8
G17001,Stones,Stones,subsea15,202412,589018,72287,125551,2641.336322869955,324.15695067264573,81.375764,12.333608,8
G17001,Stones,Stones,subsea15,202501,572548,50775,124343,2638.4700460829495,233.98617511520737,81.948312,12.384383,8
G17001,Stones,Stones,subsea15,202502,529301,59611,116527,2700.515306122449,304.13775510204084,82.477613,12.443994,8
G17001,Stones,Stones,subsea15,202503,374934,23164,79333,2328.782608695652,143.87577639751552,82.852547,12.467158,8
G17001,Stones,Stones,subsea15,202504,547163,35730,114006,3039.7944444444443,198.5,83.39971,12.502888,8
G17001,Stones,Stones,subsea15,202505,258079,4916,53133,1387.521505376344,26.43010752688172,83.657789,12.507804,8
G17001,Stones,Stones,subsea15,202506,533069,38890,122699,2613.0833333333335,190.63725490196077,84.190858,12.546694,8
G17001,Stones,Stones,subsea15,202507,492234,16251,105899,2424.7980295566504,80.05418719211822,84.683092,12.562945,8
G17015,St Malo,Jack St Malo,subsea15,200512,0,0,0,0.0,0.0,0.0,0.0,1
G17015,St Malo,Jack St Malo,subsea15,200601,0,0,0,0.0,0.0,0.0,0.0,1
G17015,St Malo,Jack St Malo,subsea15,200602,0,0,0,0.0,0.0,0.0,0.0,1
G17015,St Malo,Jack St Malo,subsea15,200603,0,0,0,0.0,0.0,0.0,0.0,1
G17015,St Malo,Jack St Malo,subsea15,200604,0,0,0,0.0,0.0,0.0,0.0,1
G17015,St Malo,Jack St Malo,subsea15,200605,0,0,0,0.0,0.0,0.0,0.0,1
G17015,St Malo,Jack St Malo,subsea15,200606,0,0,0,0.0,0.0,0.0,0.0,1
G17015,St Malo,Jack St Malo,subsea15,200607,0,0,0,0.0,0.0,0.0,0.0,1
G17015,St Malo,Jack St Malo,subsea15,200608,82051,0,0,2646.8064516129034,0.0,0.082051,0.0,1
G17015,St Malo,Jack St Malo,subsea15,200609,0,0,0,0.0,0.0,0.082051,0.0,1
G17015,St Malo,Jack St Malo,subsea15,200610,0,0,0,0.0,0.0,0.082051,0.0,1
G17015,St Malo,Jack St Malo,subsea15,200611,0,0,0,0.0,0.0,0.082051,0.0,1
G17015,St Malo,Jack St Malo,subsea15,200612,0,0,0,0.0,0.0,0.082051,0.0,1
G17015,St Malo,Jack St Malo,subsea15,200701,0,0,0,0.0,0.0,0.082051,0.0,1
G17015,St Malo,Jack St Malo,subsea15,200702,0,0,0,0.0,0.0,0.082051,0.0,1
G17015,St Malo,Jack St Malo,subsea15,200703,0,0,0,0.0,0.0,0.082051,0.0,1
G17015,St Malo,Jack St Malo,subsea15,200704,0,0,0,0.0,0.0,0.082051,0.0,1
G17015,St Malo,Jack St Malo,subsea15,200705,0,0,0,0.0,0.0,0.082051,0.0,1
G17015,St Malo,Jack St Malo,subsea15,200706,0,0,0,0.0,0.0,0.082051,0.0,1
G17015,St Malo,Jack St Malo,subsea15,200707,0,0,0,0.0,0.0,0.082051,0.0,1
G17015,St Malo,Jack St Malo,subsea15,200708,0,0,0,0.0,0.0,0.082051,0.0,1
G17015,St Malo,Jack St Malo,subsea15,200709,0,0,0,0.0,0.0,0.082051,0.0,1
G17015,St Malo,Jack St Malo,subsea15,200710,0,0,0,0.0,0.0,0.082051,0.0,1
G17015,St Malo,Jack St Malo,subsea15,200711,0,0,0,0.0,0.0,0.082051,0.0,1
G17015,St Malo,Jack St Malo,subsea15,200712,0,0,0,0.0,0.0,0.082051,0.0,1
G17015,St Malo,Jack St Malo,subsea15,200801,0,0,0,0.0,0.0,0.082051,0.0,1
G17015,St Malo,Jack St Malo,subsea15,200802,0,0,0,0.0,0.0,0.082051,0.0,1
G17015,St Malo,Jack St Malo,subsea15,200803,0,0,0,0.0,0.0,0.082051,0.0,1
G17015,St Malo,Jack St Malo,subsea15,200804,0,0,0,0.0,0.0,0.082051,0.0,2
G17015,St Malo,Jack St Malo,subsea15,200805,0,0,0,0.0,0.0,0.082051,0.0,1
G17015,St Malo,Jack St Malo,subsea15,200806,0,0,0,0.0,0.0,0.082051,0.0,3
G17015,St Malo,Jack St Malo,subsea15,200807,0,0,0,0.0,0.0,0.082051,0.0,1
G17015,St Malo,Jack St Malo,subsea15,200808,0,0,0,0.0,0.0,0.082051,0.0,1
G17015,St Malo,Jack St Malo,subsea15,200809,0,0,0,0.0,0.0,0.082051,0.0,1
G17015,St Malo,Jack St Malo,subsea15,200810,0,0,0,0.0,0.0,0.082051,0.0,1
G17015,St Malo,Jack St Malo,subsea15,200811,0,0,0,0.0,0.0,0.082051,0.0,2
G17015,St Malo,Jack St Malo,subsea15,200812,0,0,0,0.0,0.0,0.082051,0.0,2
G17015,St Malo,Jack St Malo,subsea15,200901,0,0,0,0.0,0.0,0.082051,0.0,2
G17015,St Malo,Jack St Malo,subsea15,200902,0,0,0,0.0,0.0,0.082051,0.0,2
G17015,St Malo,Jack St Malo,subsea15,200903,0,0,0,0.0,0.0,0.082051,0.0,2
G17015,St Malo,Jack St Malo,subsea15,200904,0,0,0,0.0,0.0,0.082051,0.0,2
G17015,St Malo,Jack St Malo,subsea15,200905,0,0,0,0.0,0.0,0.082051,0.0,2
G17015,St Malo,Jack St Malo,subsea15,200906,0,0,0,0.0,0.0,0.082051,0.0,2
G17015,St Malo,Jack St Malo,subsea15,200907,0,0,0,0.0,0.0,0.082051,0.0,2
G17015,St Malo,Jack St Malo,subsea15,200908,0,0,0,0.0,0.0,0.082051,0.0,2
G17015,St Malo,Jack St Malo,subsea15,200909,0,0,0,0.0,0.0,0.082051,0.0,2
G17015,St Malo,Jack St Malo,subsea15,200910,0,0,0,0.0,0.0,0.082051,0.0,2
G17015,St Malo,Jack St Malo,subsea15,200911,0,0,0,0.0,0.0,0.082051,0.0,2
G17015,St Malo,Jack St Malo,subsea15,200912,0,0,0,0.0,0.0,0.082051,0.0,2
G17015,St Malo,Jack St Malo,subsea15,201001,0,0,0,0.0,0.0,0.082051,0.0,2
G17015,St Malo,Jack St Malo,subsea15,201002,0,0,0,0.0,0.0,0.082051,0.0,2
G17015,St Malo,Jack St Malo,subsea15,201003,0,0,0,0.0,0.0,0.082051,0.0,2
G17015,St Malo,Jack St Malo,subsea15,201004,0,0,0,0.0,0.0,0.082051,0.0,2
G17015,St Malo,Jack St Malo,subsea15,201005,0,0,0,0.0,0.0,0.082051,0.0,2
G17015,St Malo,Jack St Malo,subsea15,201006,0,0,0,0.0,0.0,0.082051,0.0,2
G17015,St Malo,Jack St Malo,subsea15,201007,0,0,0,0.0,0.0,0.082051,0.0,2
G17015,St Malo,Jack St Malo,subsea15,201008,0,0,0,0.0,0.0,0.082051,0.0,2
G17015,St Malo,Jack St Malo,subsea15,201009,0,0,0,0.0,0.0,0.082051,0.0,2
G17015,St Malo,Jack St Malo,subsea15,201010,0,0,0,0.0,0.0,0.082051,0.0,2
G17015,St Malo,Jack St Malo,subsea15,201011,0,0,0,0.0,0.0,0.082051,0.0,2
G17015,St Malo,Jack St Malo,subsea15,201012,0,0,0,0.0,0.0,0.082051,0.0,2
G17015,St Malo,Jack St Malo,subsea15,201101,0,0,0,0.0,0.0,0.082051,0.0,2
G17015,St Malo,Jack St Malo,subsea15,201102,0,0,0,0.0,0.0,0.082051,0.0,2
G17015,St Malo,Jack St Malo,subsea15,201103,0,0,0,0.0,0.0,0.082051,0.0,2
G17015,St Malo,Jack St Malo,subsea15,201104,0,0,0,0.0,0.0,0.082051,0.0,2
G17015,St Malo,Jack St Malo,subsea15,201105,0,0,0,0.0,0.0,0.082051,0.0,2
G17015,St Malo,Jack St Malo,subsea15,201106,0,0,0,0.0,0.0,0.082051,0.0,2
G17015,St Malo,Jack St Malo,subsea15,201107,0,0,0,0.0,0.0,0.082051,0.0,2
G17015,St Malo,Jack St Malo,subsea15,201108,0,0,0,0.0,0.0,0.082051,0.0,2
G17015,St Malo,Jack St Malo,subsea15,201109,0,0,0,0.0,0.0,0.082051,0.0,2
G17015,St Malo,Jack St Malo,subsea15,201110,0,0,0,0.0,0.0,0.082051,0.0,2
G17015,St Malo,Jack St Malo,subsea15,201111,0,0,0,0.0,0.0,0.082051,0.0,3
G17015,St Malo,Jack St Malo,subsea15,201112,0,0,0,0.0,0.0,0.082051,0.0,3
G17015,St Malo,Jack St Malo,subsea15,201201,0,0,0,0.0,0.0,0.082051,0.0,3
G17015,St Malo,Jack St Malo,subsea15,201202,0,0,0,0.0,0.0,0.082051,0.0,3
G17015,St Malo,Jack St Malo,subsea15,201203,0,0,0,0.0,0.0,0.082051,0.0,4
G17015,St Malo,Jack St Malo,subsea15,201204,0,0,0,0.0,0.0,0.082051,0.0,4
G17015,St Malo,Jack St Malo,subsea15,201205,0,0,0,0.0,0.0,0.082051,0.0,4
G17015,St Malo,Jack St Malo,subsea15,201206,0,0,0,0.0,0.0,0.082051,0.0,5
G17015,St Malo,Jack St Malo,subsea15,201207,0,0,0,0.0,0.0,0.082051,0.0,5
G17015,St Malo,Jack St Malo,subsea15,201208,0,0,0,0.0,0.0,0.082051,0.0,5
G17015,St Malo,Jack St Malo,subsea15,201209,0,0,0,0.0,0.0,0.082051,0.0,5
G17015,St Malo,Jack St Malo,subsea15,201210,0,0,0,0.0,0.0,0.082051,0.0,5
G17015,St Malo,Jack St Malo,subsea15,201211,0,0,0,0.0,0.0,0.082051,0.0,4
G17015,St Malo,Jack St Malo,subsea15,201212,0,0,0,0.0,0.0,0.082051,0.0,4
G17015,St Malo,Jack St Malo,subsea15,201301,76878,18686,0,76878.0,18686.0,0.158929,0.018686,5
G17015,St Malo,Jack St Malo,subsea15,201302,0,0,0,0.0,0.0,0.158929,0.018686,5
G17015,St Malo,Jack St Malo,subsea15,201303,0,0,0,0.0,0.0,0.158929,0.018686,5
G17015,St Malo,Jack St Malo,subsea15,201304,0,0,0,0.0,0.0,0.158929,0.018686,5
G17015,St Malo,Jack St Malo,subsea15,201305,0,0,0,0.0,0.0,0.158929,0.018686,5
G17015,St Malo,Jack St Malo,subsea15,201306,0,0,0,0.0,0.0,0.158929,0.018686,5
G17015,St Malo,Jack St Malo,subsea15,201307,0,0,0,0.0,0.0,0.158929,0.018686,5
G17015,St Malo,Jack St Malo,subsea15,201308,0,0,0,0.0,0.0,0.158929,0.018686,5
G17015,St Malo,Jack St Malo,subsea15,201309,0,0,0,0.0,0.0,0.158929,0.018686,5
G17015,St Malo,Jack St Malo,subsea15,201310,0,0,0,0.0,0.0,0.158929,0.018686,5
G17015,St Malo,Jack St Malo,subsea15,201311,0,0,0,0.0,0.0,0.158929,0.018686,5
G17015,St Malo,Jack St Malo,subsea15,201312,0,0,0,0.0,0.0,0.158929,0.018686,5
G17015,St Malo,Jack St Malo,subsea15,201401,0,0,0,0.0,0.0,0.158929,0.018686,5
G17015,St Malo,Jack St Malo,subsea15,201402,0,0,0,0.0,0.0,0.158929,0.018686,5
G17015,St Malo,Jack St Malo,subsea15,201403,0,0,0,0.0,0.0,0.158929,0.018686,5
G17015,St Malo,Jack St Malo,subsea15,201404,0,0,0,0.0,0.0,0.158929,0.018686,5
G17015,St Malo,Jack St Malo,subsea15,201405,0,0,0,0.0,0.0,0.158929,0.018686,5
G17015,St Malo,Jack St Malo,subsea15,201406,0,0,0,0.0,0.0,0.158929,0.018686,5
G17015,St Malo,Jack St Malo,subsea15,201407,0,0,0,0.0,0.0,0.158929,0.018686,5
G17015,St Malo,Jack St Malo,subsea15,201408,0,0,0,0.0,0.0,0.158929,0.018686,5
G17015,St Malo,Jack St Malo,subsea15,201409,0,0,0,0.0,0.0,0.158929,0.018686,5
G17015,St Malo,Jack St Malo,subsea15,201410,0,0,0,0.0,0.0,0.158929,0.018686,5
G17015,St Malo,Jack St Malo,subsea15,201411,0,0,0,0.0,0.0,0.158929,0.018686,5
G17015,St Malo,Jack St Malo,subsea15,201412,219472,62068,3902,7568.0,2140.2758620689656,0.378401,0.080754,5
G17015,St Malo,Jack St Malo,subsea15,201501,280537,68357,2340,10789.884615384615,2629.1153846153848,0.658938,0.149111,5
G17015,St Malo,Jack St Malo,subsea15,201502,397933,91776,4518,12058.575757575758,2781.090909090909,1.056871,0.240887,5
G17015,St Malo,Jack St Malo,subsea15,201503,438559,100818,1968,14147.064516129032,3252.1935483870966,1.49543,0.341705,5
G17015,St Malo,Jack St Malo,subsea15,201504,583290,123168,11696,12151.875,2566.0,2.07872,0.464873,5
G17015,St Malo,Jack St Malo,subsea15,201505,724239,165868,10140,12486.879310344828,2859.793103448276,2.802959,0.630741,5
G17015,St Malo,Jack St Malo,subsea15,201506,768919,184648,7356,12815.316666666668,3077.4666666666667,3.571878,0.815389,5
G17015,St Malo,Jack St Malo,subsea15,201507,693630,168245,8448,11010.0,2670.5555555555557,4.265508,0.983634,5
G17015,St Malo,Jack St Malo,subsea15,201508,1126202,272937,12836,12109.698924731183,2934.8064516129034,5.39171,1.256571,6
G17015,St Malo,Jack St Malo,subsea15,201509,1051616,252533,7783,11684.622222222222,2805.9222222222224,6.443326,1.509104,5
G17015,St Malo,Jack St Malo,subsea15,201510,1043224,248439,7024,11217.462365591398,2671.3870967741937,7.48655,1.757543,5
G17015,St Malo,Jack St Malo,subsea15,201511,929689,236320,5257,10686.080459770115,2716.32183908046,8.416239,1.993863,5
G17015,St Malo,Jack St Malo,subsea15,201512,1058677,269511,5276,11383.623655913978,2897.967741935484,9.474916,2.263374,5
G17015,St Malo,Jack St Malo,subsea15,201601,1056700,254753,3313,11362.36559139785,2739.2795698924733,10.531616,2.518127,5
G17015,St Malo,Jack St Malo,subsea15,201602,1002861,241084,2477,11527.137931034482,2771.080459770115,11.534477,2.759211,5
G17015,St Malo,Jack St Malo,subsea15,201603,1117791,270389,2346,12019.258064516129,2907.4086021505377,12.652268,3.0296,5
G17015,St Malo,Jack St Malo,subsea15,201604,1030208,257290,1957,11446.755555555555,2858.777777777778,13.682476,3.28689,4
G17015,St Malo,Jack St Malo,subsea15,201605,854814,219814,1634,11397.52,2930.8533333333335,14.53729,3.506704,5
G17015,St Malo,Jack St Malo,subsea15,201606,1091593,265375,2163,12128.81111111111,2948.6111111111113,15.628883,3.772079,5
G17015,St Malo,Jack St Malo,subsea15,201607,1109609,269246,1575,11931.279569892473,2895.1182795698924,16.738492,4.041325,5
G17015,St Malo,Jack St Malo,subsea15,201608,1123280,266796,1730,12078.279569892473,2868.7741935483873,17.861772,4.308121,5
G17015,St Malo,Jack St Malo,subsea15,201609,1068067,253086,1963,11867.41111111111,2812.0666666666666,18.929839,4.561207,5
G17015,St Malo,Jack St Malo,subsea15,201610,1042894,242759,1733,11213.913978494624,2610.3118279569894,19.972733,4.803966,4
G17015,St Malo,Jack St Malo,subsea15,201611,1047892,233145,1666,11643.244444444445,2590.5,21.020625,5.037111,5
G17015,St Malo,Jack St Malo,subsea15,201612,1104894,244877,1730,11880.58064516129,2633.0860215053763,22.125519,5.281988,5
G17015,St Malo,Jack St Malo,subsea15,201701,1107793,247239,13914,10257.342592592593,2289.25,23.233312,5.529227,6
G17015,St Malo,Jack St Malo,subsea15,201702,982080,216549,1780,11553.882352941177,2547.635294117647,24.215392,5.745776,7
G17015,St Malo,Jack St Malo,subsea15,201703,1204763,270149,11260,9956.719008264463,2232.6363636363635,25.420155,6.015925,8
G17015,St Malo,Jack St Malo,subsea15,201704,1232133,276232,13090,10267.775,2301.9333333333334,26.652288,6.292157,9
G17015,St Malo,Jack St Malo,subsea15,201705,1288394,285805,13476,10390.274193548386,2304.8790322580644,27.940682,6.577962,6
G17015,St Malo,Jack St Malo,subsea15,201706,1214345,270567,12922,10119.541666666666,2254.725,29.155027,6.848529,6
G17015,St Malo,Jack St Malo,subsea15,201707,1210747,269963,14351,9924.155737704918,2212.811475409836,30.365774,7.118492,7
G17015,St Malo,Jack St Malo,subsea15,201708,549705,125120,4206,7329.4,1668.2666666666667,30.915479,7.243612,7
G17015,St Malo,Jack St Malo,subsea15,201709,550617,119229,1202,7865.957142857143,1703.2714285714285,31.466096,7.362841,7
G17015,St Malo,Jack St Malo,subsea15,201710,530827,118715,1194,7806.279411764706,1745.8088235294117,31.996923,7.481556,7
G17015,St Malo,Jack St Malo,subsea15,201711,668415,154371,6052,7682.931034482759,1774.3793103448277,32.665338,7.635927,7
G17015,St Malo,Jack St Malo,subsea15,201712,798540,181627,991,8586.451612903225,1952.978494623656,33.463878,7.817554,7
G17015,St Malo,Jack St Malo,subsea15,201801,803948,180686,986,8644.602150537634,1942.8602150537633,34.267826,7.99824,7
G17015,St Malo,Jack St Malo,subsea15,201802,752801,174542,848,8961.916666666666,2077.8809523809523,35.020627,8.172782,7
G17015,St Malo,Jack St Malo,subsea15,201803,890406,203399,1558,9574.258064516129,2187.0860215053763,35.911033,8.376181,7
G17015,St Malo,Jack St Malo,subsea15,201804,1016382,233938,21161,8613.406779661016,1982.5254237288136,36.927415,8.610119,7
G17015,St Malo,Jack St Malo,subsea15,201805,1087370,251138,22778,8769.112903225807,2025.3064516129032,38.014785,8.861257,9
G17015,St Malo,Jack St Malo,subsea15,201806,1073183,246986,26091,8943.191666666668,2058.2166666666667,39.087968,9.108243,6
G17015,St Malo,Jack St Malo,subsea15,201807,1084411,249801,20546,8745.25,2014.524193548387,40.172379,9.358044,6
G17015,St Malo,Jack St Malo,subsea15,201808,1159748,275670,26450,9352.806451612903,2223.1451612903224,41.332127,9.633714,7
G17015,St Malo,Jack St Malo,subsea15,201809,1116333,269683,26646,9302.775,2247.358333333333,42.44846,9.903397,6
G17015,St Malo,Jack St Malo,subsea15,201810,1139344,276414,28622,9188.258064516129,2229.1451612903224,43.587804,10.179811,6
G17015,St Malo,Jack St Malo,subsea15,201811,1105190,267592,28117,9209.916666666666,2229.9333333333334,44.692994,10.447403,6
G17015,St Malo,Jack St Malo,subsea15,201812,1173012,277097,41053,8562.131386861314,2022.6058394160584,45.866006,10.7245,7
G17015,St Malo,Jack St Malo,subsea15,201901,1473838,347569,49953,9508.632258064516,2242.3806451612904,47.339844,11.072069,7
G17015,St Malo,Jack St Malo,subsea15,201902,1400878,333744,48443,10006.271428571428,2383.885714285714,48.740722,11.405813,7
G17015,St Malo,Jack St Malo,subsea15,201903,1523462,365694,55717,9892.61038961039,2374.6363636363635,50.264184,11.771507,7
G17015,St Malo,Jack St Malo,subsea15,201904,1501931,359131,62037,10012.873333333333,2394.2066666666665,51.766115,12.130638,7
G17015,St Malo,Jack St Malo,subsea15,201905,1061276,254505,44312,9391.823008849558,2252.2566371681414,52.827391,12.385143,7
G17015,St Malo,Jack St Malo,subsea15,201906,1498283,360269,62240,9988.553333333333,2401.7933333333335,54.325674,12.745412,7
G17015,St Malo,Jack St Malo,subsea15,201907,1280421,303397,50343,9278.41304347826,2198.5289855072465,55.606095,13.048809,7
G17015,St Malo,Jack St Malo,subsea15,201908,1485416,355145,68871,9283.85,2219.65625,57.091511,13.403954,8
G17015,St Malo,Jack St Malo,subsea15,201909,1536388,361071,76881,8535.488888888889,2005.95,58.627899,13.765025,8
G17015,St Malo,Jack St Malo,subsea15,201910,1551014,358112,73721,8522.054945054944,1967.6483516483515,60.178913,14.123137,8
G17015,St Malo,Jack St Malo,subsea15,201911,1443359,326357,76964,8018.6611111111115,1813.0944444444444,61.622272,14.449494,8
G17015,St Malo,Jack St Malo,subsea15,201912,1292458,307116,62052,6948.698924731183,1651.1612903225807,62.91473,14.75661,8
G17015,St Malo,Jack St Malo,subsea15,202001,1120369,265808,42693,6023.489247311828,1429.0752688172042,64.035099,15.022418,8
G17015,St Malo,Jack St Malo,subsea15,202002,1353035,326593,49679,7687.698863636364,1855.6420454545455,65.388134,15.349011,8
G17015,St Malo,Jack St Malo,subsea15,202003,1417610,340684,52247,7621.559139784947,1831.6344086021506,66.805744,15.689695,8
G17015,St Malo,Jack St Malo,subsea15,202004,1384025,330302,59685,7689.027777777777,1835.0111111111112,68.189769,16.019997,8
G17015,St Malo,Jack St Malo,subsea15,202005,1399649,337228,59944,7524.9946236559135,1813.0537634408602,69.589418,16.357225,7
G17015,St Malo,Jack St Malo,subsea15,202006,1335061,320380,56836,7417.0055555555555,1779.888888888889,70.924479,16.677605,7
G17015,St Malo,Jack St Malo,subsea15,202007,1342241,321925,57713,7216.3494623655915,1730.779569892473,72.26672,16.99953,7
G17015,St Malo,Jack St Malo,subsea15,202008,933303,222819,43942,6481.270833333333,1547.3541666666667,73.200023,17.222349,7
G17015,St Malo,Jack St Malo,subsea15,202009,948655,220258,42239,5329.5224719101125,1237.4044943820224,74.148678,17.442607,7
G17015,St Malo,Jack St Malo,subsea15,202010,591046,137891,26268,4511.801526717557,1052.6030534351146,74.739724,17.580498,7
G17015,St Malo,Jack St Malo,subsea15,202011,1155821,273138,49057,6421.227777777778,1517.4333333333334,75.895545,17.853636,7
G17015,St Malo,Jack St Malo,subsea15,202012,1271964,298051,62596,6838.5161290322585,1602.4247311827958,77.167509,18.151687,7
G17015,St Malo,Jack St Malo,subsea15,202101,1138764,271456,55901,6122.387096774193,1459.4408602150538,78.306273,18.423143,7
G17015,St Malo,Jack St Malo,subsea15,202102,1012884,241242,50102,6029.071428571428,1435.9642857142858,79.319157,18.664385,8
G17015,St Malo,Jack St Malo,subsea15,202103,1064561,251051,52073,5754.383783783784,1357.0324324324324,80.383718,18.915436,8
G17015,St Malo,Jack St Malo,subsea15,202104,1052067,250565,53199,5844.816666666667,1392.0277777777778,81.435785,19.166001,8
G17015,St Malo,Jack St Malo,subsea15,202105,1100779,258756,66734,5950.156756756757,1398.6810810810812,82.536564,19.424757,8
G17015,St Malo,Jack St Malo,subsea15,202106,931017,219446,60096,5259.983050847458,1239.8079096045199,83.467581,19.644203,8
G17015,St Malo,Jack St Malo,subsea15,202107,878105,205302,58312,4720.9946236559135,1103.774193548387,84.345686,19.849505,8
G17015,St Malo,Jack St Malo,subsea15,202108,972637,230617,64608,6234.852564102564,1478.3141025641025,85.318323,20.080122,8
G17015,St Malo,Jack St Malo,subsea15,202109,714860,166986,44925,5765.0,1346.6612903225807,86.033183,20.247108,8
G17015,St Malo,Jack St Malo,subsea15,202110,1153209,276914,75301,6200.048387096775,1488.784946236559,87.186392,20.524022,8
G17015,St Malo,Jack St Malo,subsea15,202111,1024447,246793,61091,5691.372222222222,1371.0722222222223,88.210839,20.770815,8
G17015,St Malo,Jack St Malo,subsea15,202112,1017107,242405,67830,5468.317204301075,1303.252688172043,89.227946,21.01322,8
G17015,St Malo,Jack St Malo,subsea15,202201,1159942,280950,51189,6236.247311827957,1510.483870967742,90.387888,21.29417,8
G17015,St Malo,Jack St Malo,subsea15,202202,903773,214016,25008,5756.515923566879,1363.1592356687897,91.291661,21.508186,8
G17015,St Malo,Jack St Malo,subsea15,202203,1081614,263246,56405,6476.730538922156,1576.3233532934132,92.373275,21.771432,8
G17015,St Malo,Jack St Malo,subsea15,202204,1007270,237847,81577,6217.716049382716,1468.1913580246915,93.380545,22.009279,8
G17015,St Malo,Jack St Malo,subsea15,202205,916585,214744,76302,5875.544871794872,1376.5641025641025,94.29713,22.224023,8
G17015,St Malo,Jack St Malo,subsea15,202206,1086969,258245,90702,6038.716666666666,1434.6944444444443,95.384099,22.482268,8
G17015,St Malo,Jack St Malo,subsea15,202207,1105933,250574,84214,5945.876344086021,1347.1720430107528,96.490032,22.732842,8
G17015,St Malo,Jack St Malo,subsea15,202208,1033268,222082,89873,5555.204301075269,1193.989247311828,97.5233,22.954924,8
G17015,St Malo,Jack St Malo,subsea15,202209,1009313,217020,102294,5607.294444444445,1205.6666666666667,98.532613,23.171944,8
G17015,St Malo,Jack St Malo,subsea15,202210,825302,165911,79061,5502.013333333333,1106.0733333333333,99.357915,23.337855,8
G17015,St Malo,Jack St Malo,subsea15,202211,1030223,222259,99123,5723.461111111111,1234.7722222222221,100.388138,23.560114,8
G17015,St Malo,Jack St Malo,subsea15,202212,1029748,226814,100246,5566.205405405405,1226.0216216216215,101.417886,23.786928,8
G17015,St Malo,Jack St Malo,subsea15,202301,1027805,225796,85649,5525.833333333333,1213.9569892473119,102.445691,24.012724,8
G17015,St Malo,Jack St Malo,subsea15,202302,873964,188641,70303,5264.843373493976,1136.3915662650602,103.319655,24.201365,8
G17015,St Malo,Jack St Malo,subsea15,202303,860953,194317,70264,5005.540697674419,1129.75,104.180608,24.395682,8
G17015,St Malo,Jack St Malo,subsea15,202304,958172,219294,89400,5323.177777777778,1218.3,105.13878,24.614976,8
G17015,St Malo,Jack St Malo,subsea15,202305,990440,234304,83709,5324.94623655914,1259.6989247311828,106.12922,24.84928,8
G17015,St Malo,Jack St Malo,subsea15,202306,933234,213865,77584,5242.887640449439,1201.4887640449438,107.062454,25.063145,7
G17015,St Malo,Jack St Malo,subsea15,202307,961753,224881,80929,5403.106741573034,1263.376404494382,108.024207,25.288026,7
G17015,St Malo,Jack St Malo,subsea15,202308,963454,230005,73391,5179.860215053764,1236.5860215053763,108.987661,25.518031,8
G17015,St Malo,Jack St Malo,subsea15,202309,1037211,227139,66520,5319.030769230769,1164.8153846153846,110.024872,25.74517,8
G17015,St Malo,Jack St Malo,subsea15,202310,1124642,264328,57733,5182.682027649769,1218.1013824884792,111.149514,26.009498,8
G17015,St Malo,Jack St Malo,subsea15,202311,1074733,255275,64616,5117.77619047619,1215.595238095238,112.224247,26.264773,8
G17015,St Malo,Jack St Malo,subsea15,202312,1117552,262974,65410,5150.009216589861,1211.8617511520738,113.341799,26.527747,8
G17015,St Malo,Jack St Malo,subsea15,202401,1117384,263110,55828,5149.235023041475,1212.4884792626729,114.459183,26.790857,8
G17015,St Malo,Jack St Malo,subsea15,202402,924695,219100,53058,4841.335078534032,1147.1204188481674,115.383878,27.009957,8
G17015,St Malo,Jack St Malo,subsea15,202403,1087621,264091,38550,5847.424731182796,1419.8440860215053,116.471499,27.274048,8
G17015,St Malo,Jack St Malo,subsea15,202404,973260,238548,53518,5793.214285714285,1419.9285714285713,117.444759,27.512596,8
G17015,St Malo,Jack St Malo,subsea15,202405,922337,223452,44172,5693.438271604939,1379.3333333333333,118.367096,27.736048,8
G17015,St Malo,Jack St Malo,subsea15,202406,1014428,246179,49173,5635.711111111111,1367.661111111111,119.381524,27.982227,8
G17015,St Malo,Jack St Malo,subsea15,202407,1029367,253771,49872,5534.231182795699,1364.3602150537633,120.410891,28.235998,8
G17015,St Malo,Jack St Malo,subsea15,202408,1020377,254931,49288,5485.897849462365,1370.5967741935483,121.431268,28.490929,8
G17015,St Malo,Jack St Malo,subsea15,202409,800473,194117,35953,4851.351515151515,1176.4666666666667,122.231741,28.685046,8
G17015,St Malo,Jack St Malo,subsea15,202410,969626,235082,36072,5357.049723756906,1298.7955801104972,123.201367,28.920128,8
G17015,St Malo,Jack St Malo,subsea15,202411,758978,181691,44432,5270.680555555556,1261.7430555555557,123.960345,29.101819,8
G17015,St Malo,Jack St Malo,subsea15,202412,976826,241347,56491,5251.752688172043,1297.5645161290322,124.937171,29.343166,9
G17015,St Malo,Jack St Malo,subsea15,202501,966575,231249,21889,5196.639784946236,1243.274193548387,125.903746,29.574415,9
G17015,St Malo,Jack St Malo,subsea15,202502,727945,171878,36792,4636.592356687898,1094.7643312101911,126.631691,29.746293,8
G17015,St Malo,Jack St Malo,subsea15,202503,911642,216497,61328,4981.650273224043,1183.0437158469945,127.543333,29.96279,7
G17015,St Malo,Jack St Malo,subsea15,202504,731738,199452,59828,4065.211111111111,1108.0666666666666,128.275071,30.162242,8
G17015,St Malo,Jack St Malo,subsea15,202505,813565,197810,41099,5248.806451612903,1276.1935483870968,129.088636,30.360052,7
G17015,St Malo,Jack St Malo,subsea15,202506,854707,205762,43868,4940.50289017341,1189.3757225433526,129.943343,30.565814,8
G17015,St Malo,Jack St Malo,subsea15,202507,784154,180453,55221,5059.058064516129,1164.2129032258065,130.727497,30.746267,7
G17016,St Malo,Jack St Malo,subsea15,200405,0,0,0,0.0,0.0,0.0,0.0,1
G17016,St Malo,Jack St Malo,subsea15,200407,0,0,0,0.0,0.0,0.0,0.0,1
G17016,St Malo,Jack St Malo,subsea15,200408,0,0,0,0.0,0.0,0.0,0.0,1
G17016,St Malo,Jack St Malo,subsea15,200409,0,0,0,0.0,0.0,0.0,0.0,1
G17016,St Malo,Jack St Malo,subsea15,200410,0,0,0,0.0,0.0,0.0,0.0,1
G17016,St Malo,Jack St Malo,subsea15,200411,0,0,0,0.0,0.0,0.0,0.0,1
G17016,St Malo,Jack St Malo,subsea15,200412,0,0,0,0.0,0.0,0.0,0.0,1
G17016,St Malo,Jack St Malo,subsea15,200501,0,0,0,0.0,0.0,0.0,0.0,1
G17016,St Malo,Jack St Malo,subsea15,200502,0,0,0,0.0,0.0,0.0,0.0,1
G17016,St Malo,Jack St Malo,subsea15,200503,0,0,0,0.0,0.0,0.0,0.0,1
G17016,St Malo,Jack St Malo,subsea15,200504,0,0,0,0.0,0.0,0.0,0.0,1
G17016,St Malo,Jack St Malo,subsea15,200505,0,0,0,0.0,0.0,0.0,0.0,1
G17016,St Malo,Jack St Malo,subsea15,200506,0,0,0,0.0,0.0,0.0,0.0,1
G17016,St Malo,Jack St Malo,subsea15,200507,0,0,0,0.0,0.0,0.0,0.0,1
G17016,St Malo,Jack St Malo,subsea15,200508,0,0,0,0.0,0.0,0.0,0.0,1
G17016,St Malo,Jack St Malo,subsea15,200509,0,0,0,0.0,0.0,0.0,0.0,1
G17016,St Malo,Jack St Malo,subsea15,200510,0,0,0,0.0,0.0,0.0,0.0,1
G17016,St Malo,Jack St Malo,subsea15,200511,0,0,0,0.0,0.0,0.0,0.0,1
G17016,St Malo,Jack St Malo,subsea15,200512,0,0,0,0.0,0.0,0.0,0.0,1
G17016,St Malo,Jack St Malo,subsea15,200601,0,0,0,0.0,0.0,0.0,0.0,1
G17016,St Malo,Jack St Malo,subsea15,200602,0,0,0,0.0,0.0,0.0,0.0,1
G17016,St Malo,Jack St Malo,subsea15,200603,0,0,0,0.0,0.0,0.0,0.0,1
G17016,St Malo,Jack St Malo,subsea15,200604,0,0,0,0.0,0.0,0.0,0.0,1
G17016,St Malo,Jack St Malo,subsea15,200605,0,0,0,0.0,0.0,0.0,0.0,1
G17016,St Malo,Jack St Malo,subsea15,200606,0,0,0,0.0,0.0,0.0,0.0,1
G17016,St Malo,Jack St Malo,subsea15,200607,0,0,0,0.0,0.0,0.0,0.0,1
G17016,St Malo,Jack St Malo,subsea15,200608,0,0,0,0.0,0.0,0.0,0.0,1
G17016,St Malo,Jack St Malo,subsea15,200609,0,0,0,0.0,0.0,0.0,0.0,1
G17016,St Malo,Jack St Malo,subsea15,200610,0,0,0,0.0,0.0,0.0,0.0,1
G17016,St Malo,Jack St Malo,subsea15,200611,0,0,0,0.0,0.0,0.0,0.0,1
G17016,St Malo,Jack St Malo,subsea15,200612,0,0,0,0.0,0.0,0.0,0.0,1
G17016,St Malo,Jack St Malo,subsea15,200701,0,0,0,0.0,0.0,0.0,0.0,1
G17016,St Malo,Jack St Malo,subsea15,200702,0,0,0,0.0,0.0,0.0,0.0,1
G17016,St Malo,Jack St Malo,subsea15,200703,0,0,0,0.0,0.0,0.0,0.0,1
G17016,St Malo,Jack St Malo,subsea15,200704,0,0,0,0.0,0.0,0.0,0.0,1
G17016,St Malo,Jack St Malo,subsea15,200705,0,0,0,0.0,0.0,0.0,0.0,1
G17016,St Malo,Jack St Malo,subsea15,200706,0,0,0,0.0,0.0,0.0,0.0,1
G17016,St Malo,Jack St Malo,subsea15,200707,0,0,0,0.0,0.0,0.0,0.0,1
G17016,St Malo,Jack St Malo,subsea15,200708,0,0,0,0.0,0.0,0.0,0.0,1
G17016,St Malo,Jack St Malo,subsea15,200709,0,0,0,0.0,0.0,0.0,0.0,1
G17016,St Malo,Jack St Malo,subsea15,200710,0,0,0,0.0,0.0,0.0,0.0,1
G17016,St Malo,Jack St Malo,subsea15,200711,0,0,0,0.0,0.0,0.0,0.0,1
G17016,St Malo,Jack St Malo,subsea15,200712,0,0,0,0.0,0.0,0.0,0.0,1
G17016,St Malo,Jack St Malo,subsea15,200801,0,0,0,0.0,0.0,0.0,0.0,1
G17016,St Malo,Jack St Malo,subsea15,200802,0,0,0,0.0,0.0,0.0,0.0,1
G17016,St Malo,Jack St Malo,subsea15,200803,0,0,0,0.0,0.0,0.0,0.0,1
G17016,St Malo,Jack St Malo,subsea15,200804,0,0,0,0.0,0.0,0.0,0.0,1
G17016,St Malo,Jack St Malo,subsea15,200805,0,0,0,0.0,0.0,0.0,0.0,1
G17016,St Malo,Jack St Malo,subsea15,200806,0,0,0,0.0,0.0,0.0,0.0,1
G17016,St Malo,Jack St Malo,subsea15,200807,0,0,0,0.0,0.0,0.0,0.0,1
G17016,St Malo,Jack St Malo,subsea15,200808,0,0,0,0.0,0.0,0.0,0.0,1
G17016,St Malo,Jack St Malo,subsea15,200809,0,0,0,0.0,0.0,0.0,0.0,1
G17016,St Malo,Jack St Malo,subsea15,200810,0,0,0,0.0,0.0,0.0,0.0,1
G17016,St Malo,Jack St Malo,subsea15,200811,0,0,0,0.0,0.0,0.0,0.0,1
G17016,St Malo,Jack St Malo,subsea15,200812,0,0,0,0.0,0.0,0.0,0.0,1
G17016,St Malo,Jack St Malo,subsea15,200901,0,0,0,0.0,0.0,0.0,0.0,1
G17016,St Malo,Jack St Malo,subsea15,200902,0,0,0,0.0,0.0,0.0,0.0,1
G17016,St Malo,Jack St Malo,subsea15,200903,0,0,0,0.0,0.0,0.0,0.0,1
G17016,St Malo,Jack St Malo,subsea15,200904,0,0,0,0.0,0.0,0.0,0.0,1
G17016,St Malo,Jack St Malo,subsea15,200905,0,0,0,0.0,0.0,0.0,0.0,1
G17016,St Malo,Jack St Malo,subsea15,200906,0,0,0,0.0,0.0,0.0,0.0,1
G17016,St Malo,Jack St Malo,subsea15,200907,0,0,0,0.0,0.0,0.0,0.0,1
G17016,St Malo,Jack St Malo,subsea15,200908,0,0,0,0.0,0.0,0.0,0.0,1
G17016,St Malo,Jack St Malo,subsea15,200909,0,0,0,0.0,0.0,0.0,0.0,1
G17016,St Malo,Jack St Malo,subsea15,200910,0,0,0,0.0,0.0,0.0,0.0,1
G17016,St Malo,Jack St Malo,subsea15,200911,0,0,0,0.0,0.0,0.0,0.0,1
G17016,St Malo,Jack St Malo,subsea15,200912,0,0,0,0.0,0.0,0.0,0.0,1
G17016,St Malo,Jack St Malo,subsea15,201001,0,0,0,0.0,0.0,0.0,0.0,1
G17016,St Malo,Jack St Malo,subsea15,201002,0,0,0,0.0,0.0,0.0,0.0,1
G17016,St Malo,Jack St Malo,subsea15,201003,0,0,0,0.0,0.0,0.0,0.0,1
G17016,St Malo,Jack St Malo,subsea15,201004,0,0,0,0.0,0.0,0.0,0.0,1
G17016,St Malo,Jack St Malo,subsea15,201005,0,0,0,0.0,0.0,0.0,0.0,1
G17016,St Malo,Jack St Malo,subsea15,201006,0,0,0,0.0,0.0,0.0,0.0,1
G17016,St Malo,Jack St Malo,subsea15,201007,0,0,0,0.0,0.0,0.0,0.0,1
G17016,St Malo,Jack St Malo,subsea15,201008,0,0,0,0.0,0.0,0.0,0.0,1
G17016,St Malo,Jack St Malo,subsea15,201009,0,0,0,0.0,0.0,0.0,0.0,1
G17016,St Malo,Jack St Malo,subsea15,201010,0,0,0,0.0,0.0,0.0,0.0,1
G17016,St Malo,Jack St Malo,subsea15,201011,0,0,0,0.0,0.0,0.0,0.0,1
G17016,St Malo,Jack St Malo,subsea15,201012,0,0,0,0.0,0.0,0.0,0.0,1
G17016,St Malo,Jack St Malo,subsea15,201101,0,0,0,0.0,0.0,0.0,0.0,1
G17016,St Malo,Jack St Malo,subsea15,201102,0,0,0,0.0,0.0,0.0,0.0,1
G17016,St Malo,Jack St Malo,subsea15,201103,0,0,0,0.0,0.0,0.0,0.0,1
G17016,St Malo,Jack St Malo,subsea15,201104,0,0,0,0.0,0.0,0.0,0.0,1
G17016,St Malo,Jack St Malo,subsea15,201105,0,0,0,0.0,0.0,0.0,0.0,1
G17016,St Malo,Jack St Malo,subsea15,201106,0,0,0,0.0,0.0,0.0,0.0,1
G17016,St Malo,Jack St Malo,subsea15,201107,0,0,0,0.0,0.0,0.0,0.0,1
G17016,St Malo,Jack St Malo,subsea15,201108,0,0,0,0.0,0.0,0.0,0.0,1
G17016,St Malo,Jack St Malo,subsea15,201109,0,0,0,0.0,0.0,0.0,0.0,1
G17016,St Malo,Jack St Malo,subsea15,201110,0,0,0,0.0,0.0,0.0,0.0,1
G17016,St Malo,Jack St Malo,subsea15,201111,0,0,0,0.0,0.0,0.0,0.0,1
G17016,St Malo,Jack St Malo,subsea15,201112,0,0,0,0.0,0.0,0.0,0.0,1
G17016,St Malo,Jack St Malo,subsea15,201201,0,0,0,0.0,0.0,0.0,0.0,1
G17016,St Malo,Jack St Malo,subsea15,201202,0,0,0,0.0,0.0,0.0,0.0,1
G17016,St Malo,Jack St Malo,subsea15,201203,0,0,0,0.0,0.0,0.0,0.0,1
G17016,St Malo,Jack St Malo,subsea15,201204,0,0,0,0.0,0.0,0.0,0.0,1
G17016,St Malo,Jack St Malo,subsea15,201205,0,0,0,0.0,0.0,0.0,0.0,1
G17016,St Malo,Jack St Malo,subsea15,201206,0,0,0,0.0,0.0,0.0,0.0,1
G17016,St Malo,Jack St Malo,subsea15,201207,0,0,0,0.0,0.0,0.0,0.0,1
G17016,St Malo,Jack St Malo,subsea15,201208,0,0,0,0.0,0.0,0.0,0.0,1
G17016,St Malo,Jack St Malo,subsea15,201209,0,0,0,0.0,0.0,0.0,0.0,1
G17016,St Malo,Jack St Malo,subsea15,201210,0,0,0,0.0,0.0,0.0,0.0,1
G17016,St Malo,Jack St Malo,subsea15,201211,0,0,0,0.0,0.0,0.0,0.0,1
G17016,St Malo,Jack St Malo,subsea15,201212,0,0,0,0.0,0.0,0.0,0.0,1
G17016,St Malo,Jack St Malo,subsea15,201301,0,0,0,0.0,0.0,0.0,0.0,1
G17016,St Malo,Jack St Malo,subsea15,201302,0,0,0,0.0,0.0,0.0,0.0,1
G17016,St Malo,Jack St Malo,subsea15,201303,0,0,0,0.0,0.0,0.0,0.0,1
G17016,St Malo,Jack St Malo,subsea15,201304,0,0,0,0.0,0.0,0.0,0.0,1
G17016,St Malo,Jack St Malo,subsea15,201305,0,0,0,0.0,0.0,0.0,0.0,1
G17016,St Malo,Jack St Malo,subsea15,201306,0,0,0,0.0,0.0,0.0,0.0,1
G17016,St Malo,Jack St Malo,subsea15,201307,0,0,0,0.0,0.0,0.0,0.0,1
G17016,St Malo,Jack St Malo,subsea15,201308,0,0,0,0.0,0.0,0.0,0.0,1
G17016,St Malo,Jack St Malo,subsea15,201309,0,0,0,0.0,0.0,0.0,0.0,1
G17016,St Malo,Jack St Malo,subsea15,201310,0,0,0,0.0,0.0,0.0,0.0,1
G17016,St Malo,Jack St Malo,subsea15,201311,0,0,0,0.0,0.0,0.0,0.0,1
G17016,St Malo,Jack St Malo,subsea15,201312,0,0,0,0.0,0.0,0.0,0.0,1
G17016,St Malo,Jack St Malo,subsea15,201401,0,0,0,0.0,0.0,0.0,0.0,1
G17016,St Malo,Jack St Malo,subsea15,201402,0,0,0,0.0,0.0,0.0,0.0,1
G17016,St Malo,Jack St Malo,subsea15,201403,0,0,0,0.0,0.0,0.0,0.0,1
G17016,St Malo,Jack St Malo,subsea15,201404,0,0,0,0.0,0.0,0.0,0.0,1
G17016,St Malo,Jack St Malo,subsea15,201405,0,0,0,0.0,0.0,0.0,0.0,1
G17016,St Malo,Jack St Malo,subsea15,201406,0,0,0,0.0,0.0,0.0,0.0,1
G17016,St Malo,Jack St Malo,subsea15,201407,0,0,0,0.0,0.0,0.0,0.0,1
G17016,St Malo,Jack St Malo,subsea15,201408,0,0,0,0.0,0.0,0.0,0.0,1
G17016,St Malo,Jack St Malo,subsea15,201409,0,0,0,0.0,0.0,0.0,0.0,1
G17016,St Malo,Jack St Malo,subsea15,201410,0,0,0,0.0,0.0,0.0,0.0,1
G17016,St Malo,Jack St Malo,subsea15,201411,0,0,0,0.0,0.0,0.0,0.0,1
G17016,St Malo,Jack St Malo,subsea15,201412,0,0,0,0.0,0.0,0.0,0.0,1
G17016,St Malo,Jack St Malo,subsea15,201501,0,0,0,0.0,0.0,0.0,0.0,1
G17016,St Malo,Jack St Malo,subsea15,201502,0,0,0,0.0,0.0,0.0,0.0,1
G17016,St Malo,Jack St Malo,subsea15,201503,0,0,0,0.0,0.0,0.0,0.0,1
G17016,St Malo,Jack St Malo,subsea15,201504,0,0,0,0.0,0.0,0.0,0.0,1
G17016,St Malo,Jack St Malo,subsea15,201505,0,0,0,0.0,0.0,0.0,0.0,1
G17016,St Malo,Jack St Malo,subsea15,201506,0,0,0,0.0,0.0,0.0,0.0,1
G17016,St Malo,Jack St Malo,subsea15,201507,0,0,0,0.0,0.0,0.0,0.0,1
G17016,St Malo,Jack St Malo,subsea15,201508,0,0,0,0.0,0.0,0.0,0.0,1
G17016,St Malo,Jack St Malo,subsea15,201509,0,0,0,0.0,0.0,0.0,0.0,1
G17016,St Malo,Jack St Malo,subsea15,201510,0,0,0,0.0,0.0,0.0,0.0,1
G17016,St Malo,Jack St Malo,subsea15,201511,0,0,0,0.0,0.0,0.0,0.0,1
G17016,St Malo,Jack St Malo,subsea15,201512,0,0,0,0.0,0.0,0.0,0.0,1
G17016,St Malo,Jack St Malo,subsea15,201601,0,0,0,0.0,0.0,0.0,0.0,1
G17016,St Malo,Jack St Malo,subsea15,201602,0,0,0,0.0,0.0,0.0,0.0,1
G17016,St Malo,Jack St Malo,subsea15,201603,0,0,0,0.0,0.0,0.0,0.0,1
G17016,St Malo,Jack St Malo,subsea15,201604,0,0,0,0.0,0.0,0.0,0.0,1
G17016,St Malo,Jack St Malo,subsea15,201605,0,0,0,0.0,0.0,0.0,0.0,1
G17016,St Malo,Jack St Malo,subsea15,201606,0,0,0,0.0,0.0,0.0,0.0,1
G17016,St Malo,Jack St Malo,subsea15,201607,0,0,0,0.0,0.0,0.0,0.0,1
G17016,St Malo,Jack St Malo,subsea15,201608,0,0,0,0.0,0.0,0.0,0.0,1
G17016,St Malo,Jack St Malo,subsea15,201609,0,0,0,0.0,0.0,0.0,0.0,1
G17016,St Malo,Jack St Malo,subsea15,201610,0,0,0,0.0,0.0,0.0,0.0,1
G17016,St Malo,Jack St Malo,subsea15,201611,0,0,0,0.0,0.0,0.0,0.0,1
G17016,St Malo,Jack St Malo,subsea15,201612,0,0,0,0.0,0.0,0.0,0.0,1
G17016,St Malo,Jack St Malo,subsea15,201701,0,0,0,0.0,0.0,0.0,0.0,1
G17016,St Malo,Jack St Malo,subsea15,201702,0,0,0,0.0,0.0,0.0,0.0,1
G17016,St Malo,Jack St Malo,subsea15,201703,0,0,0,0.0,0.0,0.0,0.0,1
G17016,St Malo,Jack St Malo,subsea15,201704,0,0,0,0.0,0.0,0.0,0.0,1
G17016,St Malo,Jack St Malo,subsea15,201705,0,0,0,0.0,0.0,0.0,0.0,1
G17016,St Malo,Jack St Malo,subsea15,201706,0,0,0,0.0,0.0,0.0,0.0,1
G17016,St Malo,Jack St Malo,subsea15,201707,0,0,0,0.0,0.0,0.0,0.0,1
G17016,St Malo,Jack St Malo,subsea15,201708,0,0,0,0.0,0.0,0.0,0.0,1
G17016,St Malo,Jack St Malo,subsea15,201709,0,0,0,0.0,0.0,0.0,0.0,1
G17016,St Malo,Jack St Malo,subsea15,201710,0,0,0,0.0,0.0,0.0,0.0,1
G17016,St Malo,Jack St Malo,subsea15,201711,0,0,0,0.0,0.0,0.0,0.0,1
G17016,St Malo,Jack St Malo,subsea15,201712,0,0,0,0.0,0.0,0.0,0.0,1
G17016,St Malo,Jack St Malo,subsea15,201801,0,0,0,0.0,0.0,0.0,0.0,1
G17016,St Malo,Jack St Malo,subsea15,201802,0,0,0,0.0,0.0,0.0,0.0,1
G17016,St Malo,Jack St Malo,subsea15,201803,0,0,0,0.0,0.0,0.0,0.0,1
G17016,St Malo,Jack St Malo,subsea15,201804,0,0,0,0.0,0.0,0.0,0.0,1
G17016,St Malo,Jack St Malo,subsea15,201805,0,0,0,0.0,0.0,0.0,0.0,1
G17016,St Malo,Jack St Malo,subsea15,201806,0,0,0,0.0,0.0,0.0,0.0,1
G17016,St Malo,Jack St Malo,subsea15,201807,0,0,0,0.0,0.0,0.0,0.0,1
G17016,St Malo,Jack St Malo,subsea15,201808,0,0,0,0.0,0.0,0.0,0.0,1
G17016,St Malo,Jack St Malo,subsea15,201809,0,0,0,0.0,0.0,0.0,0.0,1
G17016,St Malo,Jack St Malo,subsea15,201810,0,0,0,0.0,0.0,0.0,0.0,1
G17016,St Malo,Jack St Malo,subsea15,201811,0,0,0,0.0,0.0,0.0,0.0,1
G17016,St Malo,Jack St Malo,subsea15,201812,0,0,0,0.0,0.0,0.0,0.0,1
G17016,St Malo,Jack St Malo,subsea15,201901,0,0,0,0.0,0.0,0.0,0.0,1
G17016,St Malo,Jack St Malo,subsea15,201902,0,0,0,0.0,0.0,0.0,0.0,1
G17016,St Malo,Jack St Malo,subsea15,201903,0,0,0,0.0,0.0,0.0,0.0,2
G17016,St Malo,Jack St Malo,subsea15,201904,0,0,0,0.0,0.0,0.0,0.0,2
G17016,St Malo,Jack St Malo,subsea15,201905,0,0,0,0.0,0.0,0.0,0.0,2
G17016,St Malo,Jack St Malo,subsea15,201906,0,0,0,0.0,0.0,0.0,0.0,2
G17016,St Malo,Jack St Malo,subsea15,201907,0,0,0,0.0,0.0,0.0,0.0,2
G17016,St Malo,Jack St Malo,subsea15,201908,0,0,0,0.0,0.0,0.0,0.0,2
G17016,St Malo,Jack St Malo,subsea15,201909,0,0,0,0.0,0.0,0.0,0.0,2
G17016,St Malo,Jack St Malo,subsea15,201910,0,0,0,0.0,0.0,0.0,0.0,2
G17016,St Malo,Jack St Malo,subsea15,201911,0,0,0,0.0,0.0,0.0,0.0,2
G17016,St Malo,Jack St Malo,subsea15,201912,0,0,0,0.0,0.0,0.0,0.0,2
G17016,St Malo,Jack St Malo,subsea15,202001,0,0,0,0.0,0.0,0.0,0.0,2
G17016,St Malo,Jack St Malo,subsea15,202002,0,0,0,0.0,0.0,0.0,0.0,2
G17016,St Malo,Jack St Malo,subsea15,202003,0,0,0,0.0,0.0,0.0,0.0,2
G17016,St Malo,Jack St Malo,subsea15,202004,0,0,0,0.0,0.0,0.0,0.0,2
G17016,St Malo,Jack St Malo,subsea15,202005,145971,35168,12267,4708.741935483871,1134.4516129032259,0.145971,0.035168,2
G17016,St Malo,Jack St Malo,subsea15,202006,247302,59350,13367,8243.4,1978.3333333333333,0.393273,0.094518,2
G17016,St Malo,Jack St Malo,subsea15,202007,315019,75554,17216,10161.90322580645,2437.2258064516127,0.708292,0.170072,2
G17016,St Malo,Jack St Malo,subsea15,202008,209895,50107,12540,8745.625,2087.7916666666665,0.918187,0.220179,2
G17016,St Malo,Jack St Malo,subsea15,202009,208978,48518,11901,6965.933333333333,1617.2666666666667,1.127165,0.268697,2
G17016,St Malo,Jack St Malo,subsea15,202010,124472,29040,6952,5657.818181818182,1320.0,1.251637,0.297737,2
G17016,St Malo,Jack St Malo,subsea15,202011,278605,65757,13748,9286.833333333334,2191.9,1.530242,0.363494,1
G17016,St Malo,Jack St Malo,subsea15,202012,237221,55580,13130,7652.290322580645,1792.9032258064517,1.767463,0.419074,1
G17016,St Malo,Jack St Malo,subsea15,202101,212575,51197,11552,6857.258064516129,1651.516129032258,1.980038,0.470271,1
G17016,St Malo,Jack St Malo,subsea15,202102,190370,45742,10379,6798.928571428572,1633.642857142857,2.170408,0.516013,1
G17016,St Malo,Jack St Malo,subsea15,202103,194040,45772,10409,6259.354838709677,1476.516129032258,2.364448,0.561785,1
G17016,St Malo,Jack St Malo,subsea15,202104,187965,44761,10107,6265.5,1492.0333333333333,2.552413,0.606546,1
G17016,St Malo,Jack St Malo,subsea15,202105,197836,46502,7618,6381.806451612903,1500.0645161290322,2.750249,0.653048,1
G17016,St Malo,Jack St Malo,subsea15,202106,163757,38596,4201,5458.566666666667,1286.5333333333333,2.914006,0.691644,1
G17016,St Malo,Jack St Malo,subsea15,202107,148175,34595,3806,4779.8387096774195,1115.967741935484,3.062181,0.726239,1
G17016,St Malo,Jack St Malo,subsea15,202108,163844,38492,4371,6301.692307692308,1480.4615384615386,3.226025,0.764731,1
G17016,St Malo,Jack St Malo,subsea15,202109,112718,26328,2820,6262.111111111111,1462.6666666666667,3.338743,0.791059,1
G17016,St Malo,Jack St Malo,subsea15,202110,196523,47127,5241,6339.451612903225,1520.225806451613,3.535266,0.838186,1
G17016,St Malo,Jack St Malo,subsea15,202111,166155,40019,4419,5538.5,1333.9666666666667,3.701421,0.878205,1
G17016,St Malo,Jack St Malo,subsea15,202112,165734,39500,4528,5346.258064516129,1274.1935483870968,3.867155,0.917705,1
G17016,St Malo,Jack St Malo,subsea15,202201,186774,45239,2374,6024.967741935484,1459.3225806451612,4.053929,0.962944,1
G17016,St Malo,Jack St Malo,subsea15,202202,156723,37158,0,5804.555555555556,1376.2222222222222,4.210652,1.000102,1
G17016,St Malo,Jack St Malo,subsea15,202203,179157,43646,3964,5779.258064516129,1407.9354838709678,4.389809,1.043748,1
G17016,St Malo,Jack St Malo,subsea15,202204,156890,37050,6696,5410.0,1277.5862068965516,4.546699,1.080798,1
G17016,St Malo,Jack St Malo,subsea15,202205,138337,32409,6362,5320.653846153846,1246.5,4.685036,1.113207,1
G17016,St Malo,Jack St Malo,subsea15,202206,158628,37683,7421,5287.6,1256.1,4.843664,1.15089,1
G17016,St Malo,Jack St Malo,subsea15,202207,166124,37642,7625,5358.8387096774195,1214.258064516129,5.009788,1.188532,1
G17016,St Malo,Jack St Malo,subsea15,202208,154910,33284,6731,4997.096774193548,1073.6774193548388,5.164698,1.221816,1
G17016,St Malo,Jack St Malo,subsea15,202209,148092,31843,5456,4936.4,1061.4333333333334,5.31279,1.253659,1
G17016,St Malo,Jack St Malo,subsea15,202210,119088,23936,4353,4580.307692307692,920.6153846153846,5.431878,1.277595,1
G17016,St Malo,Jack St Malo,subsea15,202211,149041,32156,5218,4968.033333333334,1071.8666666666666,5.580919,1.309751,1
G17016,St Malo,Jack St Malo,subsea15,202212,146526,32293,5188,4726.645161290323,1041.7096774193549,5.727445,1.342044,1
G17016,St Malo,Jack St Malo,subsea15,202301,146776,32111,5383,4734.709677419355,1035.8387096774193,5.874221,1.374155,1
G17016,St Malo,Jack St Malo,subsea15,202302,128830,28096,4819,4601.071428571428,1003.4285714285714,6.003051,1.402251,1
G17016,St Malo,Jack St Malo,subsea15,202303,131805,29861,5143,4251.774193548387,963.258064516129,6.134856,1.432112,1
G17016,St Malo,Jack St Malo,subsea15,202304,137988,24819,6221,4599.6,827.3,6.272844,1.456931,1
G17016,St Malo,Jack St Malo,subsea15,202305,143736,24002,6795,4636.645161290323,774.258064516129,6.41658,1.480933,1
G17016,St Malo,Jack St Malo,subsea15,202306,134947,30929,5135,4498.233333333334,1030.9666666666667,6.551527,1.511862,1
G17016,St Malo,Jack St Malo,subsea15,202307,136290,31789,5326,4396.451612903225,1025.4516129032259,6.687817,1.543651,1
G17016,St Malo,Jack St Malo,subsea15,202308,137975,32756,10041,4450.806451612903,1056.6451612903227,6.825792,1.576407,1
G17016,St Malo,Jack St Malo,subsea15,202309,133135,29037,11264,4437.833333333333,967.9,6.958927,1.605444,1
G17016,St Malo,Jack St Malo,subsea15,202310,136075,33399,2214,4389.5161290322585,1077.3870967741937,7.095002,1.638843,1
G17016,St Malo,Jack St Malo,subsea15,202311,133057,31599,9877,4435.233333333334,1053.3,7.228059,1.670442,1
G17016,St Malo,Jack St Malo,subsea15,202312,136010,31951,11498,4387.419354838709,1030.6774193548388,7.364069,1.702393,1
G17016,St Malo,Jack St Malo,subsea15,202401,130321,30684,6965,4203.903225806452,989.8064516129032,7.49439,1.733077,1
G17016,St Malo,Jack St Malo,subsea15,202402,108646,25746,10230,3880.214285714286,919.5,7.603036,1.758823,1
G17016,St Malo,Jack St Malo,subsea15,202403,119025,29581,2772,3839.516129032258,954.2258064516129,7.722061,1.788404,1
G17016,St Malo,Jack St Malo,subsea15,202404,111048,27242,8716,3966.0,972.9285714285714,7.833109,1.815646,1
G17016,St Malo,Jack St Malo,subsea15,202405,108053,26289,10024,4001.962962962963,973.6666666666666,7.941162,1.841935,1
G17016,St Malo,Jack St Malo,subsea15,202406,117389,28488,11927,3912.9666666666667,949.6,8.058551,1.870423,1
G17016,St Malo,Jack St Malo,subsea15,202407,118910,29345,12278,3835.8064516129034,946.6129032258065,8.177461,1.899768,1
G17016,St Malo,Jack St Malo,subsea15,202408,116739,29172,12411,3765.7741935483873,941.0322580645161,8.2942,1.92894,1
G17016,St Malo,Jack St Malo,subsea15,202409,97116,23565,11169,3468.4285714285716,841.6071428571429,8.391316,1.952505,1
G17016,St Malo,Jack St Malo,subsea15,202410,130371,31609,7769,4205.5161290322585,1019.6451612903226,8.521687,1.984114,1
G17016,St Malo,Jack St Malo,subsea15,202411,93166,22305,4135,3881.9166666666665,929.375,8.614853,2.006419,1
G17016,St Malo,Jack St Malo,subsea15,202412,112467,27812,11343,3627.967741935484,897.1612903225806,8.72732,2.034231,1
G17016,St Malo,Jack St Malo,subsea15,202501,111212,26626,827,3587.483870967742,858.9032258064516,8.838532,2.060857,2
G17016,St Malo,Jack St Malo,subsea15,202502,87850,20758,7160,3378.846153846154,798.3846153846154,8.926382,2.081615,2
G17016,St Malo,Jack St Malo,subsea15,202503,110859,28328,13641,3576.0967741935483,913.8064516129032,9.037241,2.109943,2
G17016,St Malo,Jack St Malo,subsea15,202504,98566,23532,13346,3285.5333333333333,784.4,9.135807,2.133475,2
G17016,St Malo,Jack St Malo,subsea15,202505,104959,25626,13659,3385.7741935483873,826.6451612903226,9.240766,2.159101,2
G17016,St Malo,Jack St Malo,subsea15,202506,115195,24537,15158,3839.8333333333335,817.9,9.355961,2.183638,2
G17016,St Malo,Jack St Malo,subsea15,202507,107229,24837,14135,3459.0,801.1935483870968,9.46319,2.208475,2
G18745,St Malo,Jack St Malo,subsea15,201608,40945,10809,2440,8189.0,2161.8,0.040945,0.010809,1
G18745,St Malo,Jack St Malo,subsea15,201609,295977,76418,4488,9865.9,2547.266666666667,0.336922,0.087227,1
G18745,St Malo,Jack St Malo,subsea15,201610,364792,90439,743,11767.483870967742,2917.3870967741937,0.701714,0.177666,1
G18745,St Malo,Jack St Malo,subsea15,201611,331096,81306,509,11417.103448275862,2803.655172413793,1.03281,0.258972,1
G18745,St Malo,Jack St Malo,subsea15,201612,401524,95892,644,12952.387096774193,3093.2903225806454,1.434334,0.354864,1
G18745,St Malo,Jack St Malo,subsea15,201701,426026,100608,838,13742.774193548386,3245.4193548387098,1.86036,0.455472,1
G18745,St Malo,Jack St Malo,subsea15,201702,385157,92562,768,13755.607142857143,3305.785714285714,2.245517,0.548034,1
G18745,St Malo,Jack St Malo,subsea15,201703,445914,106740,890,14384.322580645161,3443.2258064516127,2.691431,0.654774,1
G18745,St Malo,Jack St Malo,subsea15,201704,442442,104032,885,14748.066666666668,3467.733333333333,3.133873,0.758806,1
G18745,St Malo,Jack St Malo,subsea15,201705,458918,108933,912,14803.806451612903,3513.967741935484,3.592791,0.867739,1
G18745,St Malo,Jack St Malo,subsea15,201706,438130,105751,872,14604.333333333334,3525.0333333333333,4.030921,0.97349,1
G18745,St Malo,Jack St Malo,subsea15,201707,457533,109150,914,14759.129032258064,3520.967741935484,4.488454,1.08264,1
G18745,St Malo,Jack St Malo,subsea15,201708,471394,111683,1039,15206.258064516129,3602.6774193548385,4.959848,1.194323,1
G18745,St Malo,Jack St Malo,subsea15,201709,492880,115575,1221,16429.333333333332,3852.5,5.452728,1.309898,1
G18745,St Malo,Jack St Malo,subsea15,201710,423367,101186,1057,15120.25,3613.785714285714,5.876095,1.411084,1
G18745,St Malo,Jack St Malo,subsea15,201711,463650,109472,1137,15455.0,3649.0666666666666,6.339745,1.520556,1
G18745,St Malo,Jack St Malo,subsea15,201712,458039,108192,1123,14775.451612903225,3490.064516129032,6.797784,1.628748,1
G18745,St Malo,Jack St Malo,subsea15,201801,436641,103500,1079,14085.193548387097,3338.7096774193546,7.234425,1.732248,1
G18745,St Malo,Jack St Malo,subsea15,201802,385777,92668,956,13777.75,3309.5714285714284,7.620202,1.824916,1
G18745,St Malo,Jack St Malo,subsea15,201803,419127,100290,1038,13520.225806451614,3235.1612903225805,8.039329,1.925206,1
G18745,St Malo,Jack St Malo,subsea15,201804,353296,84466,885,11776.533333333333,2815.5333333333333,8.392625,2.009672,1
G18745,St Malo,Jack St Malo,subsea15,201805,454241,108014,1740,14652.935483870968,3484.3225806451615,8.846866,2.117686,1
G18745,St Malo,Jack St Malo,subsea15,201806,454797,109236,2400,15159.9,3641.2,9.301663,2.226922,1
G18745,St Malo,Jack St Malo,subsea15,201807,441233,104834,2860,14233.322580645161,3381.7419354838707,9.742896,2.331756,1
G18745,St Malo,Jack St Malo,subsea15,201808,435753,104992,5531,14056.548387096775,3386.8387096774195,10.178649,2.436748,1
G18745,St Malo,Jack St Malo,subsea15,201809,421139,102070,10356,14037.966666666667,3402.3333333333335,10.599788,2.538818,1
G18745,St Malo,Jack St Malo,subsea15,201810,420761,100975,10265,13572.935483870968,3257.2580645161293,11.020549,2.639793,1
G18745,St Malo,Jack St Malo,subsea15,201811,379906,90671,9241,13100.206896551725,3126.5862068965516,11.400455,2.730464,1
G18745,St Malo,Jack St Malo,subsea15,201812,405269,96218,9884,13073.193548387097,3103.8064516129034,11.805724,2.826682,1
G18745,St Malo,Jack St Malo,subsea15,201901,406317,95948,9875,13107.0,3095.0967741935483,12.212041,2.92263,1
G18745,St Malo,Jack St Malo,subsea15,201902,354509,83997,8616,12661.035714285714,2999.8928571428573,12.56655,3.006627,1
G18745,St Malo,Jack St Malo,subsea15,201903,386396,91693,9235,12464.387096774193,2957.8387096774195,12.952946,3.09832,1
G18745,St Malo,Jack St Malo,subsea15,201904,378107,90396,6411,12603.566666666668,3013.2,13.331053,3.188716,1
G18745,St Malo,Jack St Malo,subsea15,201905,273830,65166,3213,12446.818181818182,2962.090909090909,13.604883,3.253882,1
G18745,St Malo,Jack St Malo,subsea15,201906,377219,90864,4557,12573.966666666667,3028.8,13.982102,3.344746,1
G18745,St Malo,Jack St Malo,subsea15,201907,331184,78972,3945,11420.137931034482,2723.1724137931033,14.313286,3.423718,1
G18745,St Malo,Jack St Malo,subsea15,201908,367074,87624,4514,11841.09677419355,2826.5806451612902,14.68036,3.511342,1
G18745,St Malo,Jack St Malo,subsea15,201909,348348,84064,4179,11611.6,2802.133333333333,15.028708,3.595406,1
G18745,St Malo,Jack St Malo,subsea15,201910,351364,83534,4233,11334.322580645161,2694.6451612903224,15.380072,3.67894,1
G18745,St Malo,Jack St Malo,subsea15,201911,339244,78556,4047,11308.133333333333,2618.5333333333333,15.719316,3.757496,1
G18745,St Malo,Jack St Malo,subsea15,201912,339726,82217,4109,10958.90322580645,2652.1612903225805,16.059042,3.839713,1
G18745,St Malo,Jack St Malo,subsea15,202001,331433,80273,4009,10691.387096774193,2589.451612903226,16.390475,3.919986,1
G18745,St Malo,Jack St Malo,subsea15,202002,305923,73538,3683,10549.068965517241,2535.793103448276,16.696398,3.993524,1
G18745,St Malo,Jack St Malo,subsea15,202003,319776,76452,3851,10315.354838709678,2466.1935483870966,17.016174,4.069976,1
G18745,St Malo,Jack St Malo,subsea15,202004,306537,73542,4406,10217.9,2451.4,17.322711,4.143518,1
G18745,St Malo,Jack St Malo,subsea15,202005,312017,75115,5841,10065.064516129032,2423.064516129032,17.634728,4.218633,1
G18745,St Malo,Jack St Malo,subsea15,202006,297182,71215,5600,9906.066666666668,2373.8333333333335,17.93191,4.289848,1
G18745,St Malo,Jack St Malo,subsea15,202007,301495,71630,5740,9725.645161290322,2310.6451612903224,18.233405,4.361478,1
G18745,St Malo,Jack St Malo,subsea15,202008,218624,30915,4256,9109.333333333334,1288.125,18.452029,4.392393,1
G18745,St Malo,Jack St Malo,subsea15,202009,291403,80,5101,9713.433333333332,2.6666666666666665,18.743432,4.392473,1
G18745,St Malo,Jack St Malo,subsea15,202010,198120,26133,3530,9005.454545454546,1187.8636363636363,18.941552,4.418606,1
G18745,St Malo,Jack St Malo,subsea15,202011,294123,69410,5469,9804.1,2313.6666666666665,19.235675,4.488016,1
G18745,St Malo,Jack St Malo,subsea15,202012,285216,66946,5404,9200.516129032258,2159.548387096774,19.520891,4.554962,1
G18745,St Malo,Jack St Malo,subsea15,202101,277743,64391,5207,8959.451612903225,2077.1290322580644,19.798634,4.619353,1
G18745,St Malo,Jack St Malo,subsea15,202102,251411,59357,4710,8978.964285714286,2119.8928571428573,20.050045,4.67871,1
G18745,St Malo,Jack St Malo,subsea15,202103,267428,62572,6705,8626.709677419354,2018.4516129032259,20.317473,4.741282,1
G18745,St Malo,Jack St Malo,subsea15,202104,256971,60928,8716,8565.7,2030.9333333333334,20.574444,4.80221,1
G18745,St Malo,Jack St Malo,subsea15,202105,265142,61971,9180,8552.967741935483,1999.0645161290322,20.839586,4.864181,1
G18745,St Malo,Jack St Malo,subsea15,202106,229135,56217,4582,7637.833333333333,1873.9,21.068721,4.920398,1
G18745,St Malo,Jack St Malo,subsea15,202107,252250,60614,2592,8137.096774193548,1955.2903225806451,21.320971,4.981012,1
G18745,St Malo,Jack St Malo,subsea15,202108,206729,49628,1580,7951.115384615385,1908.7692307692307,21.5277,5.03064,1
G18745,St Malo,Jack St Malo,subsea15,202109,163247,38537,0,7097.695652173913,1675.5217391304348,21.690947,5.069177,1
G18745,St Malo,Jack St Malo,subsea15,202110,165273,40077,0,5331.387096774193,1292.8064516129032,21.85622,5.109254,1
G18745,St Malo,Jack St Malo,subsea15,202111,234553,55672,4423,7818.433333333333,1855.7333333333333,22.090773,5.164926,1
G18745,St Malo,Jack St Malo,subsea15,202112,247260,58989,5475,7976.129032258064,1902.8709677419354,22.338033,5.223915,1
G18745,St Malo,Jack St Malo,subsea15,202201,163870,38698,3675,7124.782608695652,1682.5217391304348,22.501903,5.262613,1
G18745,St Malo,Jack St Malo,subsea15,202202,213272,50768,4735,7616.857142857143,1813.142857142857,22.715175,5.313381,1
G18745,St Malo,Jack St Malo,subsea15,202203,228359,54170,6116,7366.419354838709,1747.4193548387098,22.943534,5.367551,1
G18745,St Malo,Jack St Malo,subsea15,202204,197649,46649,5795,6815.482758620689,1608.5862068965516,23.141183,5.4142,1
G18745,St Malo,Jack St Malo,subsea15,202205,178545,42388,4671,6867.115384615385,1630.3076923076924,23.319728,5.456588,1
G18745,St Malo,Jack St Malo,subsea15,202206,202869,48288,5408,6762.3,1609.6,23.522597,5.504876,1
G18745,St Malo,Jack St Malo,subsea15,202207,205536,50955,6218,6630.193548387097,1643.7096774193549,23.728133,5.555831,1
G18745,St Malo,Jack St Malo,subsea15,202208,156260,39794,4552,6010.0,1530.5384615384614,23.884393,5.595625,1
G18745,St Malo,Jack St Malo,subsea15,202209,208920,52510,6962,6964.0,1750.3333333333333,24.093313,5.648135,1
G18745,St Malo,Jack St Malo,subsea15,202210,211342,45477,6892,6817.4838709677415,1467.0,24.304655,5.693612,1
G18745,St Malo,Jack St Malo,subsea15,202211,201989,50691,6480,6732.966666666666,1689.7,24.506644,5.744303,1
G18745,St Malo,Jack St Malo,subsea15,202212,202640,50672,6835,6536.774193548387,1634.5806451612902,24.709284,5.794975,1
G18745,St Malo,Jack St Malo,subsea15,202301,197118,48720,6615,6358.645161290323,1571.6129032258063,24.906402,5.843695,1
G18745,St Malo,Jack St Malo,subsea15,202302,168259,42116,5920,6009.25,1504.142857142857,25.074661,5.885811,1
G18745,St Malo,Jack St Malo,subsea15,202303,182807,44773,6086,5897.0,1444.2903225806451,25.257468,5.930584,1
G18745,St Malo,Jack St Malo,subsea15,202304,184816,46870,3018,6160.533333333334,1562.3333333333333,25.442284,5.977454,1
G18745,St Malo,Jack St Malo,subsea15,202305,190521,49009,0,6145.8387096774195,1580.9354838709678,25.632805,6.026463,1
G18745,St Malo,Jack St Malo,subsea15,202306,178911,44878,0,5963.7,1495.9333333333334,25.811716,6.071341,1
G18745,St Malo,Jack St Malo,subsea15,202307,189554,48420,3219,6114.645161290323,1561.9354838709678,26.00127,6.119761,1
G18745,St Malo,Jack St Malo,subsea15,202308,184937,46726,3461,5965.709677419355,1507.2903225806451,26.186207,6.166487,1
G18745,St Malo,Jack St Malo,subsea15,202309,175896,45395,3304,5863.2,1513.1666666666667,26.362103,6.211882,1
G18745,St Malo,Jack St Malo,subsea15,202310,180382,44795,3316,5818.774193548387,1445.0,26.542485,6.256677,1
G18745,St Malo,Jack St Malo,subsea15,202311,172685,42764,3689,5756.166666666667,1425.4666666666667,26.71517,6.299441,1
G18745,St Malo,Jack St Malo,subsea15,202312,178808,44122,3995,5768.0,1423.2903225806451,26.893978,6.343563,1
G18745,St Malo,Jack St Malo,subsea15,202401,174620,42887,3894,5632.903225806452,1383.4516129032259,27.068598,6.38645,1
G18745,St Malo,Jack St Malo,subsea15,202402,119474,29786,1093,4595.153846153846,1145.6153846153845,27.188072,6.416236,1
G18745,St Malo,Jack St Malo,subsea15,202403,171331,40754,3212,5526.806451612903,1314.6451612903227,27.359403,6.45699,1
G18745,St Malo,Jack St Malo,subsea15,202404,163762,38292,3915,5458.733333333334,1276.4,27.523165,6.495282,1
G18745,St Malo,Jack St Malo,subsea15,202405,168253,39555,4002,5427.5161290322585,1275.967741935484,27.691418,6.534837,1
G18745,St Malo,Jack St Malo,subsea15,202406,160663,37904,3817,5355.433333333333,1263.4666666666667,27.852081,6.572741,1
G18745,St Malo,Jack St Malo,subsea15,202407,152569,35866,3563,4921.580645161291,1156.967741935484,28.00465,6.608607,1
G18745,St Malo,Jack St Malo,subsea15,202408,122680,29686,2939,4089.3333333333335,989.5333333333333,28.12733,6.638293,1
G18745,St Malo,Jack St Malo,subsea15,202409,113558,27413,3332,3915.793103448276,945.2758620689655,28.240888,6.665706,1
G18745,St Malo,Jack St Malo,subsea15,202410,145441,34544,3724,4691.645161290323,1114.3225806451612,28.386329,6.70025,1
G18745,St Malo,Jack St Malo,subsea15,202411,108398,25553,2711,4516.583333333333,1064.7083333333333,28.494727,6.725803,1
G18745,St Malo,Jack St Malo,subsea15,202412,144421,35130,3655,4658.741935483871,1133.225806451613,28.639148,6.760933,1
G18745,St Malo,Jack St Malo,subsea15,202501,144041,33665,3630,4646.4838709677415,1085.967741935484,28.783189,6.794598,1
G18745,St Malo,Jack St Malo,subsea15,202502,109435,25785,2988,4559.791666666667,1074.375,28.892624,6.820383,1
G18745,St Malo,Jack St Malo,subsea15,202503,151489,36504,4435,4886.741935483871,1177.5483870967741,29.044113,6.856887,1
G18745,St Malo,Jack St Malo,subsea15,202504,141893,33569,3699,4729.766666666666,1118.9666666666667,29.186006,6.890456,1
G18745,St Malo,Jack St Malo,subsea15,202505,151669,36509,1128,4892.548387096775,1177.7096774193549,29.337675,6.926965,1
G18745,St Malo,Jack St Malo,subsea15,202506,137328,32212,2015,4577.6,1073.7333333333333,29.475003,6.959177,1
G18745,St Malo,Jack St Malo,subsea15,202507,146510,34620,3497,4726.129032258064,1116.774193548387,29.621513,6.993797,1
G18753,St Malo,Jack St Malo,subsea15,200708,0,0,0,0.0,0.0,0.0,0.0,1
G18753,St Malo,Jack St Malo,subsea15,200709,0,0,0,0.0,0.0,0.0,0.0,1
G18753,St Malo,Jack St Malo,subsea15,200710,0,0,0,0.0,0.0,0.0,0.0,1
G18753,St Malo,Jack St Malo,subsea15,200711,0,0,0,0.0,0.0,0.0,0.0,1
G18753,St Malo,Jack St Malo,subsea15,200712,0,0,0,0.0,0.0,0.0,0.0,1
G18753,St Malo,Jack St Malo,subsea15,200801,0,0,0,0.0,0.0,0.0,0.0,1
G18753,St Malo,Jack St Malo,subsea15,200802,0,0,0,0.0,0.0,0.0,0.0,1
G18753,St Malo,Jack St Malo,subsea15,200803,0,0,0,0.0,0.0,0.0,0.0,1
G18753,St Malo,Jack St Malo,subsea15,200804,0,0,0,0.0,0.0,0.0,0.0,1
G18753,St Malo,Jack St Malo,subsea15,200805,0,0,0,0.0,0.0,0.0,0.0,1
G18753,St Malo,Jack St Malo,subsea15,200806,0,0,0,0.0,0.0,0.0,0.0,1
G18753,St Malo,Jack St Malo,subsea15,200807,0,0,0,0.0,0.0,0.0,0.0,1
G18753,St Malo,Jack St Malo,subsea15,200808,0,0,0,0.0,0.0,0.0,0.0,1
G18753,St Malo,Jack St Malo,subsea15,200809,0,0,0,0.0,0.0,0.0,0.0,1
G18753,St Malo,Jack St Malo,subsea15,200810,0,0,0,0.0,0.0,0.0,0.0,1
G18753,St Malo,Jack St Malo,subsea15,200811,0,0,0,0.0,0.0,0.0,0.0,1
G18753,St Malo,Jack St Malo,subsea15,200812,0,0,0,0.0,0.0,0.0,0.0,1
G18753,St Malo,Jack St Malo,subsea15,200901,0,0,0,0.0,0.0,0.0,0.0,1
G18753,St Malo,Jack St Malo,subsea15,200902,0,0,0,0.0,0.0,0.0,0.0,1
G18753,St Malo,Jack St Malo,subsea15,200903,0,0,0,0.0,0.0,0.0,0.0,1
G18753,St Malo,Jack St Malo,subsea15,200904,0,0,0,0.0,0.0,0.0,0.0,1
G18753,St Malo,Jack St Malo,subsea15,200905,0,0,0,0.0,0.0,0.0,0.0,1
G18753,St Malo,Jack St Malo,subsea15,200906,0,0,0,0.0,0.0,0.0,0.0,1
G18753,St Malo,Jack St Malo,subsea15,200907,0,0,0,0.0,0.0,0.0,0.0,1
G18753,St Malo,Jack St Malo,subsea15,200908,0,0,0,0.0,0.0,0.0,0.0,1
G18753,St Malo,Jack St Malo,subsea15,200909,0,0,0,0.0,0.0,0.0,0.0,1
G18753,St Malo,Jack St Malo,subsea15,200910,0,0,0,0.0,0.0,0.0,0.0,1
G18753,St Malo,Jack St Malo,subsea15,200911,0,0,0,0.0,0.0,0.0,0.0,1
G18753,St Malo,Jack St Malo,subsea15,200912,0,0,0,0.0,0.0,0.0,0.0,1
G18753,St Malo,Jack St Malo,subsea15,201001,0,0,0,0.0,0.0,0.0,0.0,1
G18753,St Malo,Jack St Malo,subsea15,201002,0,0,0,0.0,0.0,0.0,0.0,1
G18753,St Malo,Jack St Malo,subsea15,201003,0,0,0,0.0,0.0,0.0,0.0,1
G18753,St Malo,Jack St Malo,subsea15,201004,0,0,0,0.0,0.0,0.0,0.0,1
G18753,St Malo,Jack St Malo,subsea15,201005,0,0,0,0.0,0.0,0.0,0.0,1
G18753,St Malo,Jack St Malo,subsea15,201006,0,0,0,0.0,0.0,0.0,0.0,1
G18753,St Malo,Jack St Malo,subsea15,201007,0,0,0,0.0,0.0,0.0,0.0,1
G18753,St Malo,Jack St Malo,subsea15,201008,0,0,0,0.0,0.0,0.0,0.0,1
G18753,St Malo,Jack St Malo,subsea15,201009,0,0,0,0.0,0.0,0.0,0.0,1
G18753,St Malo,Jack St Malo,subsea15,201010,0,0,0,0.0,0.0,0.0,0.0,1
G18753,St Malo,Jack St Malo,subsea15,201011,0,0,0,0.0,0.0,0.0,0.0,1
G18753,St Malo,Jack St Malo,subsea15,201012,0,0,0,0.0,0.0,0.0,0.0,1
G18753,St Malo,Jack St Malo,subsea15,201101,0,0,0,0.0,0.0,0.0,0.0,1
G18753,St Malo,Jack St Malo,subsea15,201102,0,0,0,0.0,0.0,0.0,0.0,1
G18753,St Malo,Jack St Malo,subsea15,201103,0,0,0,0.0,0.0,0.0,0.0,1
G18753,St Malo,Jack St Malo,subsea15,201104,0,0,0,0.0,0.0,0.0,0.0,1
G18753,St Malo,Jack St Malo,subsea15,201105,0,0,0,0.0,0.0,0.0,0.0,1
G18753,St Malo,Jack St Malo,subsea15,201106,0,0,0,0.0,0.0,0.0,0.0,1
G18753,St Malo,Jack St Malo,subsea15,201107,0,0,0,0.0,0.0,0.0,0.0,1
G18753,St Malo,Jack St Malo,subsea15,201108,0,0,0,0.0,0.0,0.0,0.0,1
G18753,St Malo,Jack St Malo,subsea15,201109,0,0,0,0.0,0.0,0.0,0.0,1
G18753,St Malo,Jack St Malo,subsea15,201110,0,0,0,0.0,0.0,0.0,0.0,1
G18753,St Malo,Jack St Malo,subsea15,201111,0,0,0,0.0,0.0,0.0,0.0,2
G18753,St Malo,Jack St Malo,subsea15,201112,0,0,0,0.0,0.0,0.0,0.0,2
G18753,St Malo,Jack St Malo,subsea15,201201,0,0,0,0.0,0.0,0.0,0.0,2
G18753,St Malo,Jack St Malo,subsea15,201202,0,0,0,0.0,0.0,0.0,0.0,2
G18753,St Malo,Jack St Malo,subsea15,201203,0,0,0,0.0,0.0,0.0,0.0,2
G18753,St Malo,Jack St Malo,subsea15,201204,0,0,0,0.0,0.0,0.0,0.0,2
G18753,St Malo,Jack St Malo,subsea15,201205,0,0,0,0.0,0.0,0.0,0.0,2
G18753,St Malo,Jack St Malo,subsea15,201206,0,0,0,0.0,0.0,0.0,0.0,2
G18753,St Malo,Jack St Malo,subsea15,201207,0,0,0,0.0,0.0,0.0,0.0,2
G18753,St Malo,Jack St Malo,subsea15,201208,0,0,0,0.0,0.0,0.0,0.0,2
G18753,St Malo,Jack St Malo,subsea15,201209,0,0,0,0.0,0.0,0.0,0.0,2
G18753,St Malo,Jack St Malo,subsea15,201210,0,0,0,0.0,0.0,0.0,0.0,2
G18753,St Malo,Jack St Malo,subsea15,201211,0,0,0,0.0,0.0,0.0,0.0,2
G18753,St Malo,Jack St Malo,subsea15,201212,0,0,0,0.0,0.0,0.0,0.0,2
G18753,St Malo,Jack St Malo,subsea15,201301,0,0,0,0.0,0.0,0.0,0.0,2
G18753,St Malo,Jack St Malo,subsea15,201302,0,0,0,0.0,0.0,0.0,0.0,2
G18753,St Malo,Jack St Malo,subsea15,201303,0,0,0,0.0,0.0,0.0,0.0,2
G18753,St Malo,Jack St Malo,subsea15,201304,0,0,0,0.0,0.0,0.0,0.0,2
G18753,St Malo,Jack St Malo,subsea15,201305,0,0,0,0.0,0.0,0.0,0.0,2
G18753,St Malo,Jack St Malo,subsea15,201306,0,0,0,0.0,0.0,0.0,0.0,2
G18753,St Malo,Jack St Malo,subsea15,201307,0,0,0,0.0,0.0,0.0,0.0,2
G18753,St Malo,Jack St Malo,subsea15,201308,0,0,0,0.0,0.0,0.0,0.0,2
G18753,St Malo,Jack St Malo,subsea15,201309,0,0,0,0.0,0.0,0.0,0.0,2
G18753,St Malo,Jack St Malo,subsea15,201310,0,0,0,0.0,0.0,0.0,0.0,2
G18753,St Malo,Jack St Malo,subsea15,201311,0,0,0,0.0,0.0,0.0,0.0,2
G18753,St Malo,Jack St Malo,subsea15,201312,0,0,0,0.0,0.0,0.0,0.0,2
G18753,St Malo,Jack St Malo,subsea15,201401,0,0,0,0.0,0.0,0.0,0.0,2
G18753,St Malo,Jack St Malo,subsea15,201402,0,0,0,0.0,0.0,0.0,0.0,2
G18753,St Malo,Jack St Malo,subsea15,201403,0,0,0,0.0,0.0,0.0,0.0,2
G18753,St Malo,Jack St Malo,subsea15,201404,0,0,0,0.0,0.0,0.0,0.0,2
G18753,St Malo,Jack St Malo,subsea15,201405,0,0,0,0.0,0.0,0.0,0.0,2
G18753,St Malo,Jack St Malo,subsea15,201406,0,0,0,0.0,0.0,0.0,0.0,2
G18753,St Malo,Jack St Malo,subsea15,201407,0,0,0,0.0,0.0,0.0,0.0,2
G18753,St Malo,Jack St Malo,subsea15,201408,0,0,0,0.0,0.0,0.0,0.0,2
G18753,St Malo,Jack St Malo,subsea15,201409,0,0,0,0.0,0.0,0.0,0.0,2
G18753,St Malo,Jack St Malo,subsea15,201410,0,0,0,0.0,0.0,0.0,0.0,2
G18753,St Malo,Jack St Malo,subsea15,201411,0,0,0,0.0,0.0,0.0,0.0,2
G18753,St Malo,Jack St Malo,subsea15,201412,82525,21374,6677,5894.642857142857,1526.7142857142858,0.082525,0.021374,2
G18753,St Malo,Jack St Malo,subsea15,201501,167546,46458,7188,7978.380952380952,2212.285714285714,0.250071,0.067832,2
G18753,St Malo,Jack St Malo,subsea15,201502,226619,59153,10118,9853.0,2571.8695652173915,0.47669,0.126985,2
G18753,St Malo,Jack St Malo,subsea15,201503,342308,89013,12529,11042.193548387097,2871.3870967741937,0.818998,0.215998,2
G18753,St Malo,Jack St Malo,subsea15,201504,322466,82100,10161,10748.866666666667,2736.6666666666665,1.141464,0.298098,2
G18753,St Malo,Jack St Malo,subsea15,201505,316405,85049,9993,10206.612903225807,2743.516129032258,1.457869,0.383147,2
G18753,St Malo,Jack St Malo,subsea15,201506,306165,80034,9600,10205.5,2667.8,1.764034,0.463181,2
G18753,St Malo,Jack St Malo,subsea15,201507,211877,55422,6716,9212.04347826087,2409.6521739130435,1.975911,0.518603,2
G18753,St Malo,Jack St Malo,subsea15,201508,294052,76723,9393,9485.548387096775,2474.935483870968,2.269963,0.595326,2
G18753,St Malo,Jack St Malo,subsea15,201509,282958,73638,9892,9431.933333333332,2454.6,2.552921,0.668964,2
G18753,St Malo,Jack St Malo,subsea15,201510,274180,72536,10770,8844.516129032258,2339.8709677419356,2.827101,0.7415,2
G18753,St Malo,Jack St Malo,subsea15,201511,206547,51314,8598,7649.888888888889,1900.5185185185185,3.033648,0.792814,2
G18753,St Malo,Jack St Malo,subsea15,201512,248237,61280,5920,8007.645161290323,1976.774193548387,3.281885,0.854094,2
G18753,St Malo,Jack St Malo,subsea15,201601,249234,62923,10355,8039.806451612903,2029.774193548387,3.531119,0.917017,2
G18753,St Malo,Jack St Malo,subsea15,201602,230639,60002,9891,7953.068965517241,2069.0344827586205,3.761758,0.977019,2
G18753,St Malo,Jack St Malo,subsea15,201603,253391,63908,10627,8173.903225806452,2061.548387096774,4.015149,1.040927,2
G18753,St Malo,Jack St Malo,subsea15,201604,228788,59705,9651,7626.266666666666,1990.1666666666667,4.243937,1.100632,2
G18753,St Malo,Jack St Malo,subsea15,201605,243687,62123,10232,7860.870967741936,2003.967741935484,4.487624,1.162755,2
G18753,St Malo,Jack St Malo,subsea15,201606,238057,61663,11468,7935.233333333334,2055.4333333333334,4.725681,1.224418,2
G18753,St Malo,Jack St Malo,subsea15,201607,211546,54194,11388,6824.064516129032,1748.1935483870968,4.937227,1.278612,2
G18753,St Malo,Jack St Malo,subsea15,201608,207125,54661,8797,6681.451612903225,1763.258064516129,5.144352,1.333273,2
G18753,St Malo,Jack St Malo,subsea15,201609,195949,50590,10375,6531.633333333333,1686.3333333333333,5.340301,1.383863,2
G18753,St Malo,Jack St Malo,subsea15,201610,189652,47024,9554,6117.806451612903,1516.9032258064517,5.529953,1.430887,2
G18753,St Malo,Jack St Malo,subsea15,201611,168204,41309,7670,6007.285714285715,1475.3214285714287,5.698157,1.472196,2
G18753,St Malo,Jack St Malo,subsea15,201612,193457,46207,8982,6240.548387096775,1490.5483870967741,5.891614,1.518403,2
G18753,St Malo,Jack St Malo,subsea15,201701,187181,44202,8670,6038.096774193548,1425.8709677419354,6.078795,1.562605,2
G18753,St Malo,Jack St Malo,subsea15,201702,165969,39888,7746,5927.464285714285,1424.5714285714287,6.244764,1.602493,2
G18753,St Malo,Jack St Malo,subsea15,201703,186369,44608,9242,6011.903225806452,1438.967741935484,6.431133,1.647101,2
G18753,St Malo,Jack St Malo,subsea15,201704,180402,42414,9440,6013.4,1413.8,6.611535,1.689515,2
G18753,St Malo,Jack St Malo,subsea15,201705,175063,41551,9145,5647.193548387097,1340.3548387096773,6.786598,1.731066,2
G18753,St Malo,Jack St Malo,subsea15,201706,178065,42978,9316,5935.5,1432.6,6.964663,1.774044,2
G18753,St Malo,Jack St Malo,subsea15,201707,189530,45213,9935,6113.870967741936,1458.483870967742,7.154193,1.819257,2
G18753,St Malo,Jack St Malo,subsea15,201708,174580,41362,9137,5631.612903225807,1334.258064516129,7.328773,1.860619,2
G18753,St Malo,Jack St Malo,subsea15,201709,186721,43787,9828,6224.033333333334,1459.5666666666666,7.515494,1.904406,2
G18753,St Malo,Jack St Malo,subsea15,201710,159129,38033,9416,5683.178571428572,1358.3214285714287,7.674623,1.942439,2
G18753,St Malo,Jack St Malo,subsea15,201711,179619,42408,10532,5987.3,1413.6,7.854242,1.984847,2
G18753,St Malo,Jack St Malo,subsea15,201712,188870,44616,7098,6092.580645161291,1439.225806451613,8.043112,2.029463,2
G18753,St Malo,Jack St Malo,subsea15,201801,184284,43678,6966,5944.645161290323,1408.967741935484,8.227396,2.073141,2
G18753,St Malo,Jack St Malo,subsea15,201802,170017,40841,6445,6072.035714285715,1458.607142857143,8.397413,2.113982,2
G18753,St Malo,Jack St Malo,subsea15,201803,187393,44840,7120,6044.935483870968,1446.4516129032259,8.584806,2.158822,2
G18753,St Malo,Jack St Malo,subsea15,201804,168353,40253,6416,5611.766666666666,1341.7666666666667,8.753159,2.199075,2
G18753,St Malo,Jack St Malo,subsea15,201805,191462,45529,5141,6176.193548387097,1468.6774193548388,8.944621,2.244604,2
G18753,St Malo,Jack St Malo,subsea15,201806,180077,43250,5062,6002.566666666667,1441.6666666666667,9.124698,2.287854,2
G18753,St Malo,Jack St Malo,subsea15,201807,199779,47460,6123,6444.4838709677415,1530.967741935484,9.324477,2.335314,2
G18753,St Malo,Jack St Malo,subsea15,201808,213432,51237,6570,6884.903225806452,1652.8064516129032,9.537909,2.386551,2
G18753,St Malo,Jack St Malo,subsea15,201809,198290,48057,10424,6609.666666666667,1601.9,9.736199,2.434608,2
G18753,St Malo,Jack St Malo,subsea15,201810,200657,48156,14978,6472.806451612903,1553.4193548387098,9.936856,2.482764,2
G18753,St Malo,Jack St Malo,subsea15,201811,168336,40113,13363,5804.689655172414,1383.2068965517242,10.105192,2.522877,2
G18753,St Malo,Jack St Malo,subsea15,201812,185848,44123,18232,5995.096774193548,1423.3225806451612,10.29104,2.567,2
G18753,St Malo,Jack St Malo,subsea15,201901,185852,43884,18165,5995.225806451613,1415.6129032258063,10.476892,2.610884,2
G18753,St Malo,Jack St Malo,subsea15,201902,159748,37849,15618,5705.285714285715,1351.75,10.63664,2.648733,2
G18753,St Malo,Jack St Malo,subsea15,201903,170732,40516,11709,5507.4838709677415,1306.967741935484,10.807372,2.689249,2
G18753,St Malo,Jack St Malo,subsea15,201904,169317,40483,16707,5643.9,1349.4333333333334,10.976689,2.729732,2
G18753,St Malo,Jack St Malo,subsea15,201905,119740,28499,11448,5442.727272727273,1295.409090909091,11.096429,2.758231,2
G18753,St Malo,Jack St Malo,subsea15,201906,157302,37892,7005,5243.4,1263.0666666666666,11.253731,2.796123,2
G18753,St Malo,Jack St Malo,subsea15,201907,125575,29947,3805,5023.0,1197.88,11.379306,2.82607,2
G18753,St Malo,Jack St Malo,subsea15,201908,156840,37438,4790,5059.354838709677,1207.6774193548388,11.536146,2.863508,2
G18753,St Malo,Jack St Malo,subsea15,201909,147074,35489,4497,4902.466666666666,1182.9666666666667,11.68322,2.898997,2
G18753,St Malo,Jack St Malo,subsea15,201910,149260,35481,4578,4814.8387096774195,1144.5483870967741,11.83248,2.934478,2
G18753,St Malo,Jack St Malo,subsea15,201911,142143,33686,5188,4738.1,1122.8666666666666,11.974623,2.968164,2
G18753,St Malo,Jack St Malo,subsea15,201912,203876,49815,20087,6576.645161290323,1606.9354838709678,12.178499,3.017979,2
G18753,St Malo,Jack St Malo,subsea15,202001,183444,44428,18043,5917.548387096775,1433.1612903225807,12.361943,3.062407,2
G18753,St Malo,Jack St Malo,subsea15,202002,163552,39315,16011,5639.724137931034,1355.6896551724137,12.525495,3.101722,2
G18753,St Malo,Jack St Malo,subsea15,202003,173496,41483,17006,5596.645161290323,1338.1612903225807,12.698991,3.143205,2
G18753,St Malo,Jack St Malo,subsea15,202004,163217,39157,12158,5440.566666666667,1305.2333333333333,12.862208,3.182362,2
G18753,St Malo,Jack St Malo,subsea15,202005,163568,39371,5898,5276.387096774193,1270.032258064516,13.025776,3.221733,2
G18753,St Malo,Jack St Malo,subsea15,202006,153409,36757,5556,5113.633333333333,1225.2333333333333,13.179185,3.25849,2
G18753,St Malo,Jack St Malo,subsea15,202007,154312,36670,5637,4977.806451612903,1182.9032258064517,13.333497,3.29516,2
G18753,St Malo,Jack St Malo,subsea15,202008,114632,29562,4389,4776.333333333333,1231.75,13.448129,3.324722,2
G18753,St Malo,Jack St Malo,subsea15,202009,151961,42456,5371,5065.366666666667,1415.2,13.60009,3.367178,2
G18753,St Malo,Jack St Malo,subsea15,202010,96861,24688,3396,4402.772727272727,1122.1818181818182,13.696951,3.391866,2
G18753,St Malo,Jack St Malo,subsea15,202011,121645,28703,6636,4054.8333333333335,956.7666666666667,13.818596,3.420569,2
G18753,St Malo,Jack St Malo,subsea15,202012,141367,33193,15785,4560.225806451613,1070.741935483871,13.959963,3.453762,2
G18753,St Malo,Jack St Malo,subsea15,202101,137585,31896,15203,4438.225806451613,1028.9032258064517,14.097548,3.485658,2
G18753,St Malo,Jack St Malo,subsea15,202102,126243,29802,13940,4508.678571428572,1064.357142857143,14.223791,3.51546,2
G18753,St Malo,Jack St Malo,subsea15,202103,133551,31242,14883,4308.096774193548,1007.8064516129032,14.357342,3.546702,2
G18753,St Malo,Jack St Malo,subsea15,202104,128962,30580,1949,4298.733333333334,1019.3333333333334,14.486304,3.577282,2
G18753,St Malo,Jack St Malo,subsea15,202105,133378,31183,10647,4302.5161290322585,1005.9032258064516,14.619682,3.608465,2
G18753,St Malo,Jack St Malo,subsea15,202106,119055,29214,17322,3968.5,973.8,14.738737,3.637679,2
G18753,St Malo,Jack St Malo,subsea15,202107,133781,32141,19357,4315.5161290322585,1036.8064516129032,14.872518,3.66982,2
G18753,St Malo,Jack St Malo,subsea15,202108,106194,25485,12874,4084.3846153846152,980.1923076923077,14.978712,3.695305,2
G18753,St Malo,Jack St Malo,subsea15,202109,87075,20552,1814,3785.8695652173915,893.5652173913044,15.065787,3.715857,1
G18753,St Malo,Jack St Malo,subsea15,202110,80961,19630,14665,2611.6451612903224,633.2258064516129,15.146748,3.735487,1
G18753,St Malo,Jack St Malo,subsea15,202111,114348,27138,17709,3811.6,904.6,15.261096,3.762625,1
G18753,St Malo,Jack St Malo,subsea15,202112,117515,28042,21229,3790.8064516129034,904.5806451612904,15.378611,3.790667,1
G18753,St Malo,Jack St Malo,subsea15,202201,80246,18951,14661,3343.5833333333335,789.625,15.458857,3.809618,1
G18753,St Malo,Jack St Malo,subsea15,202202,99680,23725,18031,3560.0,847.3214285714286,15.558537,3.833343,1
G18753,St Malo,Jack St Malo,subsea15,202203,111338,26413,19941,3591.548387096774,852.0322580645161,15.669875,3.859756,1
G18753,St Malo,Jack St Malo,subsea15,202204,100137,23638,17857,3453.0,815.1034482758621,15.770012,3.883394,1
G18753,St Malo,Jack St Malo,subsea15,202205,90689,21467,15789,3488.0384615384614,825.6538461538462,15.860701,3.904861,1
G18753,St Malo,Jack St Malo,subsea15,202206,102388,24373,18383,3412.9333333333334,812.4333333333333,15.963089,3.929234,1
G18753,St Malo,Jack St Malo,subsea15,202207,98351,24385,16342,3172.6129032258063,786.6129032258065,16.06144,3.953619,1
G18753,St Malo,Jack St Malo,subsea15,202208,78209,19923,6024,3128.36,796.92,16.139649,3.973542,1
G18753,St Malo,Jack St Malo,subsea15,202209,97172,24429,16747,3239.0666666666666,814.3,16.236821,3.997971,1
G18753,St Malo,Jack St Malo,subsea15,202210,102481,22051,16942,3305.8387096774195,711.3225806451613,16.339302,4.020022,1
G18753,St Malo,Jack St Malo,subsea15,202211,96926,24314,15321,3230.866666666667,810.4666666666667,16.436228,4.044336,1
G18753,St Malo,Jack St Malo,subsea15,202212,101071,25264,16652,3260.3548387096776,814.9677419354839,16.537299,4.0696,1
G18753,St Malo,Jack St Malo,subsea15,202301,93508,23110,18524,3116.9333333333334,770.3333333333334,16.630807,4.09271,1
G18753,St Malo,Jack St Malo,subsea15,202302,82904,20744,17729,2960.8571428571427,740.8571428571429,16.713711,4.113454,1
G18753,St Malo,Jack St Malo,subsea15,202303,93265,22841,19665,3008.548387096774,736.8064516129032,16.806976,4.136295,1
G18753,St Malo,Jack St Malo,subsea15,202304,88573,22464,18285,2952.4333333333334,748.8,16.895549,4.158759,1
G18753,St Malo,Jack St Malo,subsea15,202305,92580,23819,5713,2986.451612903226,768.3548387096774,16.988129,4.182578,1
G18753,St Malo,Jack St Malo,subsea15,202306,86968,21820,0,2898.9333333333334,727.3333333333334,17.075097,4.204398,1
G18753,St Malo,Jack St Malo,subsea15,202307,87370,22322,14317,2818.3870967741937,720.0645161290323,17.162467,4.22672,1
G18753,St Malo,Jack St Malo,subsea15,202308,89492,22617,16709,2886.8387096774195,729.5806451612904,17.251959,4.249337,1
G18753,St Malo,Jack St Malo,subsea15,202309,86428,22304,16090,2880.9333333333334,743.4666666666667,17.338387,4.271641,1
G18753,St Malo,Jack St Malo,subsea15,202310,89535,22248,16556,2888.2258064516127,717.6774193548387,17.427922,4.293889,1
G18753,St Malo,Jack St Malo,subsea15,202311,83919,20894,15744,2797.3,696.4666666666667,17.511841,4.314783,1
G18753,St Malo,Jack St Malo,subsea15,202312,84503,20849,7128,2725.9032258064517,672.5483870967741,17.596344,4.335632,1
G18753,St Malo,Jack St Malo,subsea15,202401,83696,20557,14514,2699.8709677419356,663.1290322580645,17.68004,4.356189,2
G18753,St Malo,Jack St Malo,subsea15,202402,334882,73375,42083,6834.326530612245,1497.4489795918366,18.014922,4.429564,2
G18753,St Malo,Jack St Malo,subsea15,202403,480093,114492,68583,7743.435483870968,1846.6451612903227,18.495015,4.544056,2
G18753,St Malo,Jack St Malo,subsea15,202404,434324,102130,69767,7238.733333333334,1702.1666666666667,18.929339,4.646186,2
G18753,St Malo,Jack St Malo,subsea15,202405,451039,106043,89710,7274.822580645161,1710.3709677419354,19.380378,4.752229,2
G18753,St Malo,Jack St Malo,subsea15,202406,435566,103177,91413,7259.433333333333,1719.6166666666666,19.815944,4.855406,2
G18753,St Malo,Jack St Malo,subsea15,202407,364079,85596,64587,6869.415094339623,1615.0188679245282,20.180023,4.941002,2
G18753,St Malo,Jack St Malo,subsea15,202408,334378,80915,56169,5765.137931034483,1395.0862068965516,20.514401,5.021917,2
G18753,St Malo,Jack St Malo,subsea15,202409,301297,71962,54418,5106.728813559322,1219.6949152542372,20.815698,5.093879,2
G18753,St Malo,Jack St Malo,subsea15,202410,375547,89572,64026,6057.209677419355,1444.7096774193549,21.191245,5.183451,2
G18753,St Malo,Jack St Malo,subsea15,202411,270798,63829,45366,5761.659574468085,1358.063829787234,21.462043,5.24728,2
G18753,St Malo,Jack St Malo,subsea15,202412,348383,84718,62293,5619.080645161291,1366.4193548387098,21.810426,5.331998,2
G18753,St Malo,Jack St Malo,subsea15,202501,332410,77738,20628,5361.451612903225,1253.8387096774193,22.142836,5.409736,2
G18753,St Malo,Jack St Malo,subsea15,202502,244086,57234,38049,5085.125,1192.375,22.386922,5.46697,2
G18753,St Malo,Jack St Malo,subsea15,202503,310706,74886,72681,5011.387096774193,1207.8387096774193,22.697628,5.541856,2
G18753,St Malo,Jack St Malo,subsea15,202504,310918,73552,16839,5181.966666666666,1225.8666666666666,23.008546,5.615408,2
G18753,St Malo,Jack St Malo,subsea15,202505,290805,70004,28940,4690.403225806452,1129.0967741935483,23.299351,5.685412,2
G18753,St Malo,Jack St Malo,subsea15,202506,261709,61112,51386,4361.816666666667,1018.5333333333333,23.56106,5.746524,2
G18753,St Malo,Jack St Malo,subsea15,202507,272241,64337,59311,4390.9838709677415,1037.6935483870968,23.833301,5.810861,2
G20351,Julia,Julia,tieback15,200806,0,0,0,0.0,0.0,0.0,0.0,1
G20351,Julia,Julia,tieback15,200807,0,0,0,0.0,0.0,0.0,0.0,1
G20351,Julia,Julia,tieback15,200808,0,0,0,0.0,0.0,0.0,0.0,1
G20351,Julia,Julia,tieback15,200809,0,0,0,0.0,0.0,0.0,0.0,1
G20351,Julia,Julia,tieback15,200810,0,0,0,0.0,0.0,0.0,0.0,1
G20351,Julia,Julia,tieback15,200811,0,0,0,0.0,0.0,0.0,0.0,1
G20351,Julia,Julia,tieback15,200812,0,0,0,0.0,0.0,0.0,0.0,1
G20351,Julia,Julia,tieback15,200901,0,0,0,0.0,0.0,0.0,0.0,1
G20351,Julia,Julia,tieback15,200902,0,0,0,0.0,0.0,0.0,0.0,1
G20351,Julia,Julia,tieback15,200903,0,0,0,0.0,0.0,0.0,0.0,1
G20351,Julia,Julia,tieback15,200904,0,0,0,0.0,0.0,0.0,0.0,1
G20351,Julia,Julia,tieback15,200905,0,0,0,0.0,0.0,0.0,0.0,1
G20351,Julia,Julia,tieback15,200906,0,0,0,0.0,0.0,0.0,0.0,1
G20351,Julia,Julia,tieback15,200907,0,0,0,0.0,0.0,0.0,0.0,1
G20351,Julia,Julia,tieback15,200908,0,0,0,0.0,0.0,0.0,0.0,1
G20351,Julia,Julia,tieback15,200909,0,0,0,0.0,0.0,0.0,0.0,1
G20351,Julia,Julia,tieback15,200910,0,0,0,0.0,0.0,0.0,0.0,1
G20351,Julia,Julia,tieback15,200911,0,0,0,0.0,0.0,0.0,0.0,1
G20351,Julia,Julia,tieback15,200912,0,0,0,0.0,0.0,0.0,0.0,1
G20351,Julia,Julia,tieback15,201001,0,0,0,0.0,0.0,0.0,0.0,1
G20351,Julia,Julia,tieback15,201002,0,0,0,0.0,0.0,0.0,0.0,1
G20351,Julia,Julia,tieback15,201003,0,0,0,0.0,0.0,0.0,0.0,1
G20351,Julia,Julia,tieback15,201004,0,0,0,0.0,0.0,0.0,0.0,1
G20351,Julia,Julia,tieback15,201005,0,0,0,0.0,0.0,0.0,0.0,1
G20351,Julia,Julia,tieback15,201006,0,0,0,0.0,0.0,0.0,0.0,1
G20351,Julia,Julia,tieback15,201007,0,0,0,0.0,0.0,0.0,0.0,1
G20351,Julia,Julia,tieback15,201008,0,0,0,0.0,0.0,0.0,0.0,1
G20351,Julia,Julia,tieback15,201009,0,0,0,0.0,0.0,0.0,0.0,1
G20351,Julia,Julia,tieback15,201010,0,0,0,0.0,0.0,0.0,0.0,1
G20351,Julia,Julia,tieback15,201011,0,0,0,0.0,0.0,0.0,0.0,1
G20351,Julia,Julia,tieback15,201012,0,0,0,0.0,0.0,0.0,0.0,1
G20351,Julia,Julia,tieback15,201101,0,0,0,0.0,0.0,0.0,0.0,1
G20351,Julia,Julia,tieback15,201102,0,0,0,0.0,0.0,0.0,0.0,1
G20351,Julia,Julia,tieback15,201103,0,0,0,0.0,0.0,0.0,0.0,1
G20351,Julia,Julia,tieback15,201104,0,0,0,0.0,0.0,0.0,0.0,1
G20351,Julia,Julia,tieback15,201105,0,0,0,0.0,0.0,0.0,0.0,1
G20351,Julia,Julia,tieback15,201106,0,0,0,0.0,0.0,0.0,0.0,1
G20351,Julia,Julia,tieback15,201107,0,0,0,0.0,0.0,0.0,0.0,1
G20351,Julia,Julia,tieback15,201108,0,0,0,0.0,0.0,0.0,0.0,1
G20351,Julia,Julia,tieback15,201109,0,0,0,0.0,0.0,0.0,0.0,1
G20351,Julia,Julia,tieback15,201110,0,0,0,0.0,0.0,0.0,0.0,1
G20351,Julia,Julia,tieback15,201111,0,0,0,0.0,0.0,0.0,0.0,1
G20351,Julia,Julia,tieback15,201112,0,0,0,0.0,0.0,0.0,0.0,1
G20351,Julia,Julia,tieback15,201201,0,0,0,0.0,0.0,0.0,0.0,1
G20351,Julia,Julia,tieback15,201202,0,0,0,0.0,0.0,0.0,0.0,1
G20351,Julia,Julia,tieback15,201203,0,0,0,0.0,0.0,0.0,0.0,1
G20351,Julia,Julia,tieback15,201204,0,0,0,0.0,0.0,0.0,0.0,1
G20351,Julia,Julia,tieback15,201205,0,0,0,0.0,0.0,0.0,0.0,1
G20351,Julia,Julia,tieback15,201206,0,0,0,0.0,0.0,0.0,0.0,1
G20351,Julia,Julia,tieback15,201207,0,0,0,0.0,0.0,0.0,0.0,1
G20351,Julia,Julia,tieback15,201208,0,0,0,0.0,0.0,0.0,0.0,1
G20351,Julia,Julia,tieback15,201209,0,0,0,0.0,0.0,0.0,0.0,1
G20351,Julia,Julia,tieback15,201210,0,0,0,0.0,0.0,0.0,0.0,1
G20351,Julia,Julia,tieback15,201211,0,0,0,0.0,0.0,0.0,0.0,1
G20351,Julia,Julia,tieback15,201212,0,0,0,0.0,0.0,0.0,0.0,1
G20351,Julia,Julia,tieback15,201301,0,0,0,0.0,0.0,0.0,0.0,1
G20351,Julia,Julia,tieback15,201302,0,0,0,0.0,0.0,0.0,0.0,1
G20351,Julia,Julia,tieback15,201303,0,0,0,0.0,0.0,0.0,0.0,1
G20351,Julia,Julia,tieback15,201304,0,0,0,0.0,0.0,0.0,0.0,1
G20351,Julia,Julia,tieback15,201305,0,0,0,0.0,0.0,0.0,0.0,1
G20351,Julia,Julia,tieback15,201306,0,0,0,0.0,0.0,0.0,0.0,1
G20351,Julia,Julia,tieback15,201307,0,0,0,0.0,0.0,0.0,0.0,1
G20351,Julia,Julia,tieback15,201308,0,0,0,0.0,0.0,0.0,0.0,1
G20351,Julia,Julia,tieback15,201309,0,0,0,0.0,0.0,0.0,0.0,1
G20351,Julia,Julia,tieback15,201310,0,0,0,0.0,0.0,0.0,0.0,1
G20351,Julia,Julia,tieback15,201311,0,0,0,0.0,0.0,0.0,0.0,1
G20351,Julia,Julia,tieback15,201312,0,0,0,0.0,0.0,0.0,0.0,1
G20351,Julia,Julia,tieback15,201401,0,0,0,0.0,0.0,0.0,0.0,1
G20351,Julia,Julia,tieback15,201402,0,0,0,0.0,0.0,0.0,0.0,1
G20351,Julia,Julia,tieback15,201403,0,0,0,0.0,0.0,0.0,0.0,1
G20351,Julia,Julia,tieback15,201404,0,0,0,0.0,0.0,0.0,0.0,1
G20351,Julia,Julia,tieback15,201405,0,0,0,0.0,0.0,0.0,0.0,1
G20351,Julia,Julia,tieback15,201406,0,0,0,0.0,0.0,0.0,0.0,1
G20351,Julia,Julia,tieback15,201407,0,0,0,0.0,0.0,0.0,0.0,2
G20351,Julia,Julia,tieback15,201408,0,0,0,0.0,0.0,0.0,0.0,2
G20351,Julia,Julia,tieback15,201409,0,0,0,0.0,0.0,0.0,0.0,2
G20351,Julia,Julia,tieback15,201410,0,0,0,0.0,0.0,0.0,0.0,2
G20351,Julia,Julia,tieback15,201411,0,0,0,0.0,0.0,0.0,0.0,2
G20351,Julia,Julia,tieback15,201412,0,0,0,0.0,0.0,0.0,0.0,2
G20351,Julia,Julia,tieback15,201501,0,0,0,0.0,0.0,0.0,0.0,2
G20351,Julia,Julia,tieback15,201502,0,0,0,0.0,0.0,0.0,0.0,1
G20351,Julia,Julia,tieback15,201503,0,0,0,0.0,0.0,0.0,0.0,1
G20351,Julia,Julia,tieback15,201504,0,0,0,0.0,0.0,0.0,0.0,1
G20351,Julia,Julia,tieback15,201505,0,0,0,0.0,0.0,0.0,0.0,2
G20351,Julia,Julia,tieback15,201506,0,0,0,0.0,0.0,0.0,0.0,2
G20351,Julia,Julia,tieback15,201507,0,0,0,0.0,0.0,0.0,0.0,2
G20351,Julia,Julia,tieback15,201508,0,0,0,0.0,0.0,0.0,0.0,2
G20351,Julia,Julia,tieback15,201509,0,0,0,0.0,0.0,0.0,0.0,2
G20351,Julia,Julia,tieback15,201510,0,0,0,0.0,0.0,0.0,0.0,2
G20351,Julia,Julia,tieback15,201511,0,0,0,0.0,0.0,0.0,0.0,2
G20351,Julia,Julia,tieback15,201512,0,0,0,0.0,0.0,0.0,0.0,2
G20351,Julia,Julia,tieback15,201601,0,0,0,0.0,0.0,0.0,0.0,2
G20351,Julia,Julia,tieback15,201602,0,0,0,0.0,0.0,0.0,0.0,4
G20351,Julia,Julia,tieback15,201603,16526,790,2757,533.0967741935484,25.483870967741936,0.016526,0.00079,3
G20351,Julia,Julia,tieback15,201604,139011,13995,4934,6318.681818181818,636.1363636363636,0.155537,0.014785,3
G20351,Julia,Julia,tieback15,201605,311212,31947,2598,6483.583333333333,665.5625,0.466749,0.046732,4
G20351,Julia,Julia,tieback15,201606,379377,41795,1522,7025.5,773.9814814814815,0.846126,0.088527,4
G20351,Julia,Julia,tieback15,201607,482902,50212,2196,7788.741935483871,809.8709677419355,1.329028,0.138739,4
G20351,Julia,Julia,tieback15,201608,526679,52283,1181,8494.822580645161,843.2741935483871,1.855707,0.191022,4
G20351,Julia,Julia,tieback15,201609,435633,42986,672,7510.913793103448,741.1379310344828,2.29134,0.234008,4
G20351,Julia,Julia,tieback15,201610,494697,47803,772,7978.9838709677415,771.016129032258,2.786037,0.281811,4
G20351,Julia,Julia,tieback15,201611,455954,43096,713,7599.233333333334,718.2666666666667,3.241991,0.324907,4
G20351,Julia,Julia,tieback15,201612,423213,39441,1484,7173.1016949152545,668.4915254237288,3.665204,0.364348,4
G20351,Julia,Julia,tieback15,201701,436617,39133,693,7042.209677419355,631.1774193548387,4.101821,0.403481,5
G20351,Julia,Julia,tieback15,201702,369337,33113,447,6595.303571428572,591.3035714285714,4.471158,0.436594,4
G20351,Julia,Julia,tieback15,201703,326248,29595,265,5348.327868852459,485.1639344262295,4.797406,0.466189,4
G20351,Julia,Julia,tieback15,201704,306018,29401,321,5100.3,490.01666666666665,5.103424,0.49559,4
G20351,Julia,Julia,tieback15,201705,330716,29792,372,5334.129032258064,480.51612903225805,5.43414,0.525382,4
G20351,Julia,Julia,tieback15,201706,270121,27247,330,4823.589285714285,486.55357142857144,5.704261,0.552629,4
G20351,Julia,Julia,tieback15,201707,318378,28370,240,5135.129032258064,457.5806451612903,6.022639,0.580999,4
G20351,Julia,Julia,tieback15,201708,294087,26854,555,4901.45,447.56666666666666,6.316726,0.607853,4
G20351,Julia,Julia,tieback15,201709,315908,32406,5281,5641.214285714285,578.6785714285714,6.632634,0.640259,4
G20351,Julia,Julia,tieback15,201710,234637,20964,316,4189.946428571428,374.35714285714283,6.867271,0.661223,4
G20351,Julia,Julia,tieback15,201711,301804,27737,380,4867.806451612903,447.3709677419355,7.169075,0.68896,4
G20351,Julia,Julia,tieback15,201712,518220,50200,2433,5572.258064516129,539.7849462365591,7.687295,0.73916,4
G20351,Julia,Julia,tieback15,201801,408161,44692,288,5442.1466666666665,595.8933333333333,8.095456,0.783852,3
G20351,Julia,Julia,tieback15,201802,476691,47627,169,5674.892857142857,566.9880952380952,8.572147,0.831479,3
G20351,Julia,Julia,tieback15,201803,563486,55832,197,6058.989247311828,600.3440860215054,9.135633,0.887311,3
G20351,Julia,Julia,tieback15,201804,551904,54847,151,6132.266666666666,609.4111111111112,9.687537,0.942158,3
G20351,Julia,Julia,tieback15,201805,592030,59954,392,6365.913978494624,644.6666666666666,10.279567,1.002112,3
G20351,Julia,Julia,tieback15,201806,587216,59167,495,6524.622222222222,657.4111111111112,10.866783,1.061279,3
G20351,Julia,Julia,tieback15,201807,527447,55566,459,6062.609195402299,638.6896551724138,11.39423,1.116845,3
G20351,Julia,Julia,tieback15,201808,612250,62013,507,6583.333333333333,666.8064516129032,12.00648,1.178858,3
G20351,Julia,Julia,tieback15,201809,599340,62022,467,6659.333333333333,689.1333333333333,12.60582,1.24088,4
G20351,Julia,Julia,tieback15,201810,630129,64020,458,6775.580645161291,688.3870967741935,13.235949,1.3049,4
G20351,Julia,Julia,tieback15,201811,615985,62424,441,6844.277777777777,693.6,13.851934,1.367324,4
G20351,Julia,Julia,tieback15,201812,626221,60186,443,6733.559139784947,647.1612903225806,14.478155,1.42751,4
G20351,Julia,Julia,tieback15,201901,641683,62479,438,6899.817204301075,671.8172043010753,15.119838,1.489989,4
G20351,Julia,Julia,tieback15,201902,597564,57576,397,7113.857142857143,685.4285714285714,15.717402,1.547565,4
G20351,Julia,Julia,tieback15,201903,633119,60618,416,6807.731182795699,651.8064516129032,16.350521,1.608183,4
G20351,Julia,Julia,tieback15,201904,636752,60861,412,7075.022222222222,676.2333333333333,16.987273,1.669044,4
G20351,Julia,Julia,tieback15,201905,451514,43811,282,7166.888888888889,695.4126984126984,17.438787,1.712855,4
G20351,Julia,Julia,tieback15,201906,631229,62429,396,7013.655555555555,693.6555555555556,18.070016,1.775284,4
G20351,Julia,Julia,tieback15,201907,523265,50917,328,6381.280487804878,620.939024390244,18.593281,1.826201,4
G20351,Julia,Julia,tieback15,201908,632715,61266,342,6803.387096774193,658.7741935483871,19.225996,1.887467,4
G20351,Julia,Julia,tieback15,201909,602896,58138,303,6698.844444444445,645.9777777777778,19.828892,1.945605,4
G20351,Julia,Julia,tieback15,201910,630799,59034,131,6782.784946236559,634.7741935483871,20.459691,2.004639,5
G20351,Julia,Julia,tieback15,201911,615517,56128,101,6839.077777777778,623.6444444444444,21.075208,2.060767,4
G20351,Julia,Julia,tieback15,201912,603132,56638,105,6485.290322580645,609.010752688172,21.67834,2.117405,4
G20351,Julia,Julia,tieback15,202001,607554,58461,348,6532.8387096774195,628.6129032258065,22.285894,2.175866,4
G20351,Julia,Julia,tieback15,202002,621868,59651,620,5360.931034482759,514.2327586206897,22.907762,2.235517,4
G20351,Julia,Julia,tieback15,202003,926433,93866,642,7471.2338709677415,756.983870967742,23.834195,2.329383,4
G20351,Julia,Julia,tieback15,202004,883191,89299,599,7421.773109243697,750.4117647058823,24.717386,2.418682,4
G20351,Julia,Julia,tieback15,202005,920860,93983,44,7426.290322580645,757.9274193548387,25.638246,2.512665,4
G20351,Julia,Julia,tieback15,202006,888041,91336,211,7400.341666666666,761.1333333333333,26.526287,2.604001,4
G20351,Julia,Julia,tieback15,202007,892396,100257,271,7196.741935483871,808.5241935483871,27.418683,2.704258,4
G20351,Julia,Julia,tieback15,202008,644073,66502,271,6639.927835051546,685.5876288659794,28.062756,2.77076,4
G20351,Julia,Julia,tieback15,202009,876487,88925,259,7304.058333333333,741.0416666666666,28.939243,2.859685,4
G20351,Julia,Julia,tieback15,202010,577301,58134,167,5154.473214285715,519.0535714285714,29.516544,2.917819,4
G20351,Julia,Julia,tieback15,202011,772276,82864,268,6895.321428571428,739.8571428571429,30.28882,3.000683,4
G20351,Julia,Julia,tieback15,202012,851403,90708,285,6866.153225806452,731.516129032258,31.140223,3.091391,4
G20351,Julia,Julia,tieback15,202101,807985,81705,278,6516.008064516129,658.9112903225806,31.948208,3.173096,4
G20351,Julia,Julia,tieback15,202102,787860,80023,326,7034.464285714285,714.4910714285714,32.736068,3.253119,4
G20351,Julia,Julia,tieback15,202103,947475,84694,324,7640.927419354839,683.016129032258,33.683543,3.337813,4
G20351,Julia,Julia,tieback15,202104,988556,87817,238,8307.193277310924,737.9579831932773,34.672099,3.42563,4
G20351,Julia,Julia,tieback15,202105,980561,96732,503,7907.75,780.0967741935484,35.65266,3.522362,4
G20351,Julia,Julia,tieback15,202106,850599,87314,1331,7208.466101694915,739.9491525423729,36.503259,3.609676,4
G20351,Julia,Julia,tieback15,202107,879543,91512,1702,7150.756097560976,744.0,37.382802,3.701188,4
G20351,Julia,Julia,tieback15,202108,759710,78326,986,7375.825242718447,760.4466019417475,38.142512,3.779514,4
G20351,Julia,Julia,tieback15,202109,507708,52204,522,7466.294117647059,767.7058823529412,38.65022,3.831718,4
G20351,Julia,Julia,tieback15,202110,936640,95442,1175,7553.548387096775,769.6935483870968,39.58686,3.92716,4
G20351,Julia,Julia,tieback15,202111,850483,86571,2359,7087.358333333334,721.425,40.437343,4.013731,4
G20351,Julia,Julia,tieback15,202112,866032,87789,2239,6984.129032258064,707.9758064516129,41.303375,4.10152,4
G20351,Julia,Julia,tieback15,202201,869600,86878,2232,7012.903225806452,700.6290322580645,42.172975,4.188398,4
G20351,Julia,Julia,tieback15,202202,742436,75398,1898,7070.8190476190475,718.0761904761905,42.915411,4.263796,4
G20351,Julia,Julia,tieback15,202203,863990,87248,5973,6967.6612903225805,703.6129032258065,43.779401,4.351044,4
G20351,Julia,Julia,tieback15,202204,829553,85817,1942,7151.318965517241,739.801724137931,44.608954,4.436861,4
G20351,Julia,Julia,tieback15,202205,756288,79633,84,7272.0,765.7019230769231,45.365242,4.516494,4
G20351,Julia,Julia,tieback15,202206,846417,91330,94,7053.475,761.0833333333334,46.211659,4.607824,4
G20351,Julia,Julia,tieback15,202207,846471,95105,392,6826.379032258064,766.9758064516129,47.05813,4.702929,4
G20351,Julia,Julia,tieback15,202208,821576,92090,3442,6625.612903225807,742.6612903225806,47.879706,4.795019,4
G20351,Julia,Julia,tieback15,202209,789467,96960,2392,6634.176470588235,814.7899159663865,48.669173,4.891979,4
G20351,Julia,Julia,tieback15,202210,838629,81639,4648,6763.137096774193,658.3790322580645,49.507802,4.973618,4
G20351,Julia,Julia,tieback15,202211,807556,92608,5926,6729.633333333333,771.7333333333333,50.315358,5.066226,4
G20351,Julia,Julia,tieback15,202212,821444,94740,6755,6624.548387096775,764.0322580645161,51.136802,5.160966,4
G20351,Julia,Julia,tieback15,202301,741318,77883,1784,6126.5950413223145,643.6611570247934,51.87812,5.238849,4
G20351,Julia,Julia,tieback15,202302,685985,74270,4341,6124.866071428572,663.125,52.564105,5.313119,4
G20351,Julia,Julia,tieback15,202303,782160,81559,6879,6307.741935483871,657.733870967742,53.346265,5.394678,4
G20351,Julia,Julia,tieback15,202304,704873,75956,15135,5873.941666666667,632.9666666666667,54.051138,5.470634,4
G20351,Julia,Julia,tieback15,202305,787915,81440,36,6354.153225806452,656.7741935483871,54.839053,5.552074,4
G20351,Julia,Julia,tieback15,202306,729362,77319,34,6129.09243697479,649.7394957983194,55.568415,5.629393,4
G20351,Julia,Julia,tieback15,202307,755386,82663,37,6091.822580645161,666.6370967741935,56.323801,5.712056,4
G20351,Julia,Julia,tieback15,202308,802404,88141,950,6917.275862068966,759.8362068965517,57.126205,5.800197,4
G20351,Julia,Julia,tieback15,202309,734118,83369,45511,6117.65,694.7416666666667,57.860323,5.883566,4
G20351,Julia,Julia,tieback15,202310,755559,79588,45200,6093.217741935484,641.8387096774194,58.615882,5.963154,4
G20351,Julia,Julia,tieback15,202311,693677,70876,43990,6422.935185185185,656.2592592592592,59.309559,6.03403,4
G20351,Julia,Julia,tieback15,202312,745035,77316,47664,6008.346774193548,623.516129032258,60.054594,6.111346,4
G20351,Julia,Julia,tieback15,202401,691568,72346,44787,5577.1612903225805,583.4354838709677,60.746162,6.183692,4
G20351,Julia,Julia,tieback15,202402,625252,65151,40079,5736.256880733945,597.7155963302753,61.371414,6.248843,4
G20351,Julia,Julia,tieback15,202403,731847,74257,47235,5998.745901639344,608.6639344262295,62.103261,6.3231,4
G20351,Julia,Julia,tieback15,202404,688979,70963,44725,5789.73949579832,596.3277310924369,62.79224,6.394063,4
G20351,Julia,Julia,tieback15,202405,711010,71878,46973,5733.951612903225,579.6612903225806,63.50325,6.465941,4
G20351,Julia,Julia,tieback15,202406,673588,70318,46383,5613.233333333334,585.9833333333333,64.176838,6.536259,4
G20351,Julia,Julia,tieback15,202407,686175,67701,43458,5533.669354838709,545.9758064516129,64.863013,6.60396,4
G20351,Julia,Julia,tieback15,202408,701553,59955,47089,5657.685483870968,483.508064516129,65.564566,6.663915,4
G20351,Julia,Julia,tieback15,202409,547108,55405,40882,5161.396226415094,522.688679245283,66.111674,6.71932,4
G20351,Julia,Julia,tieback15,202410,697341,71128,47146,5623.717741935484,573.6129032258065,66.809015,6.790448,4
G20351,Julia,Julia,tieback15,202411,377836,57584,11748,3257.206896551724,496.41379310344826,67.186851,6.848032,4
G20351,Julia,Julia,tieback15,202412,567896,73958,15719,4579.806451612903,596.4354838709677,67.754747,6.92199,4
G20351,Julia,Julia,tieback15,202501,659964,66039,46721,5322.290322580645,532.5725806451613,68.414711,6.988029,4
G20351,Julia,Julia,tieback15,202502,598636,60272,43310,5344.964285714285,538.1428571428571,69.013347,7.048301,4
G20351,Julia,Julia,tieback15,202503,663996,65902,47965,5354.806451612903,531.4677419354839,69.677343,7.114203,4
G20351,Julia,Julia,tieback15,202504,607283,63982,44393,5146.466101694915,542.2203389830509,70.284626,7.178185,4
G20351,Julia,Julia,tieback15,202505,651532,66830,45114,5254.290322580645,538.9516129032259,70.936158,7.245015,4
G20351,Julia,Julia,tieback15,202506,622678,61671,56624,5188.983333333334,513.925,71.558836,7.306686,4
G20394,St Malo,Jack St Malo,subsea15,201912,0,0,0,0.0,0.0,0.0,0.0,1
G20394,St Malo,Jack St Malo,subsea15,202001,0,0,0,0.0,0.0,0.0,0.0,1
G20394,St Malo,Jack St Malo,subsea15,202002,0,0,0,0.0,0.0,0.0,0.0,1
G20394,St Malo,Jack St Malo,subsea15,202003,0,0,0,0.0,0.0,0.0,0.0,1
G20394,St Malo,Jack St Malo,subsea15,202004,0,0,0,0.0,0.0,0.0,0.0,1
G20394,St Malo,Jack St Malo,subsea15,202005,0,0,0,0.0,0.0,0.0,0.0,1
G20394,St Malo,Jack St Malo,subsea15,202006,0,0,0,0.0,0.0,0.0,0.0,1
G20394,St Malo,Jack St Malo,subsea15,202007,0,0,0,0.0,0.0,0.0,0.0,1
G20394,St Malo,Jack St Malo,subsea15,202008,0,0,0,0.0,0.0,0.0,0.0,1
G20394,St Malo,Jack St Malo,subsea15,202009,0,0,0,0.0,0.0,0.0,0.0,1
G20394,St Malo,Jack St Malo,subsea15,202010,0,0,0,0.0,0.0,0.0,0.0,1
G20394,St Malo,Jack St Malo,subsea15,202011,0,0,0,0.0,0.0,0.0,0.0,1
G20394,St Malo,Jack St Malo,subsea15,202012,0,0,0,0.0,0.0,0.0,0.0,1
G20394,St Malo,Jack St Malo,subsea15,202101,0,0,0,0.0,0.0,0.0,0.0,1
G20394,St Malo,Jack St Malo,subsea15,202102,0,0,0,0.0,0.0,0.0,0.0,1
G20394,St Malo,Jack St Malo,subsea15,202103,0,0,0,0.0,0.0,0.0,0.0,1
G20394,St Malo,Jack St Malo,subsea15,202104,0,0,0,0.0,0.0,0.0,0.0,1
G20394,St Malo,Jack St Malo,subsea15,202105,0,0,0,0.0,0.0,0.0,0.0,1
G20394,St Malo,Jack St Malo,subsea15,202106,0,0,0,0.0,0.0,0.0,0.0,1
G20394,St Malo,Jack St Malo,subsea15,202107,0,0,0,0.0,0.0,0.0,0.0,1
G20394,St Malo,Jack St Malo,subsea15,202108,0,0,0,0.0,0.0,0.0,0.0,1
G20394,St Malo,Jack St Malo,subsea15,202109,0,0,0,0.0,0.0,0.0,0.0,1
G20394,St Malo,Jack St Malo,subsea15,202110,0,0,0,0.0,0.0,0.0,0.0,1
G20394,St Malo,Jack St Malo,subsea15,202111,0,0,0,0.0,0.0,0.0,0.0,1
G20394,St Malo,Jack St Malo,subsea15,202112,0,0,0,0.0,0.0,0.0,0.0,1
G20394,St Malo,Jack St Malo,subsea15,202201,0,0,0,0.0,0.0,0.0,0.0,1
G20394,St Malo,Jack St Malo,subsea15,202202,0,0,0,0.0,0.0,0.0,0.0,1
G20394,St Malo,Jack St Malo,subsea15,202203,280253,66185,14033,13345.380952380952,3151.6666666666665,0.280253,0.066185,1
G20394,St Malo,Jack St Malo,subsea15,202204,309799,73145,13950,10682.724137931034,2522.2413793103447,0.590052,0.13933,1
G20394,St Malo,Jack St Malo,subsea15,202205,271616,63631,5145,10446.76923076923,2447.346153846154,0.861668,0.202961,1
G20394,St Malo,Jack St Malo,subsea15,202206,272183,64661,0,9072.766666666666,2155.366666666667,1.133851,0.267622,1
G20394,St Malo,Jack St Malo,subsea15,202207,268786,60902,6499,8670.516129032258,1964.5806451612902,1.402637,0.328524,1
G20394,St Malo,Jack St Malo,subsea15,202208,313936,67605,6814,10126.967741935483,2180.8064516129034,1.716573,0.396129,1
G20394,St Malo,Jack St Malo,subsea15,202209,330445,71054,10824,11014.833333333334,2368.4666666666667,2.047018,0.467183,1
G20394,St Malo,Jack St Malo,subsea15,202210,259207,52105,8612,9969.5,2004.0384615384614,2.306225,0.519288,1
G20394,St Malo,Jack St Malo,subsea15,202211,305634,65933,10372,10187.8,2197.766666666667,2.611859,0.585221,1
G20394,St Malo,Jack St Malo,subsea15,202212,297588,65570,10549,9599.612903225807,2115.1612903225805,2.909447,0.650791,1
G20394,St Malo,Jack St Malo,subsea15,202301,285420,62444,14583,9207.09677419355,2014.3225806451612,3.194867,0.713235,1
G20394,St Malo,Jack St Malo,subsea15,202302,246685,53806,9793,8810.17857142857,1921.642857142857,3.441552,0.767041,1
G20394,St Malo,Jack St Malo,subsea15,202303,240497,54487,9323,7757.967741935484,1757.6451612903227,3.682049,0.821528,1
G20394,St Malo,Jack St Malo,subsea15,202304,244271,55908,9404,8142.366666666667,1863.6,3.92632,0.877436,1
G20394,St Malo,Jack St Malo,subsea15,202305,252766,56990,9692,8153.741935483871,1838.3870967741937,4.179086,0.934426,1
G20394,St Malo,Jack St Malo,subsea15,202306,227987,52252,8635,7599.566666666667,1741.7333333333333,4.407073,0.986678,1
G20394,St Malo,Jack St Malo,subsea15,202307,238874,55710,9274,7705.612903225807,1797.0967741935483,4.645947,1.042388,1
G20394,St Malo,Jack St Malo,subsea15,202308,236931,56234,12654,7642.935483870968,1814.0,4.882878,1.098622,1
G20394,St Malo,Jack St Malo,subsea15,202309,222677,48567,12134,7422.566666666667,1618.9,5.105555,1.147189,1
G20394,St Malo,Jack St Malo,subsea15,202310,231797,56894,5578,7477.322580645161,1835.2903225806451,5.337352,1.204083,1
G20394,St Malo,Jack St Malo,subsea15,202311,219775,52208,12146,7325.833333333333,1740.2666666666667,5.557127,1.256291,1
G20394,St Malo,Jack St Malo,subsea15,202312,220166,51715,11899,7102.129032258064,1668.225806451613,5.777293,1.308006,1
G20394,St Malo,Jack St Malo,subsea15,202401,213357,50236,7215,6882.4838709677415,1620.516129032258,5.99065,1.358242,1
G20394,St Malo,Jack St Malo,subsea15,202402,178300,42246,9271,6367.857142857143,1508.7857142857142,6.16895,1.400488,1
G20394,St Malo,Jack St Malo,subsea15,202403,209121,51966,10996,6745.8387096774195,1676.3225806451612,6.378071,1.452454,1
G20394,St Malo,Jack St Malo,subsea15,202404,200029,48924,10469,6667.633333333333,1630.8,6.5781,1.501378,1
G20394,St Malo,Jack St Malo,subsea15,202405,192106,46733,10133,6196.967741935484,1507.516129032258,6.770206,1.548111,1
G20394,St Malo,Jack St Malo,subsea15,202406,197808,47998,10356,6593.6,1599.9333333333334,6.968014,1.596109,1
G20394,St Malo,Jack St Malo,subsea15,202407,199985,49357,10411,6451.129032258064,1592.1612903225807,7.167999,1.645466,1
G20394,St Malo,Jack St Malo,subsea15,202408,198600,49617,10384,6406.451612903225,1600.5483870967741,7.366599,1.695083,1
G20394,St Malo,Jack St Malo,subsea15,202409,158996,38580,8202,5678.428571428572,1377.857142857143,7.525595,1.733663,1
G20394,St Malo,Jack St Malo,subsea15,202410,176218,42725,4490,5684.451612903225,1378.225806451613,7.701813,1.776388,1
G20394,St Malo,Jack St Malo,subsea15,202411,152076,36406,7839,6336.5,1516.9166666666667,7.853889,1.812794,1
G20394,St Malo,Jack St Malo,subsea15,202412,196348,48514,10339,6333.806451612903,1564.967741935484,8.050237,1.861308,1
G20394,St Malo,Jack St Malo,subsea15,202501,185320,44366,666,5978.064516129032,1431.1612903225807,8.235557,1.905674,1
G20394,St Malo,Jack St Malo,subsea15,202502,150737,35615,5747,5797.576923076923,1369.8076923076924,8.386294,1.941289,1
G20394,St Malo,Jack St Malo,subsea15,202503,175447,44828,9890,5659.580645161291,1446.0645161290322,8.561741,1.986117,1
G20394,St Malo,Jack St Malo,subsea15,202504,165529,39518,9808,5517.633333333333,1317.2666666666667,8.72727,2.025635,1
G20394,St Malo,Jack St Malo,subsea15,202505,177105,43079,8344,5903.5,1435.9666666666667,8.904375,2.068714,1
G20394,St Malo,Jack St Malo,subsea15,202506,198716,42336,10010,6623.866666666667,1411.2,9.103091,2.11105,1
G20394,St Malo,Jack St Malo,subsea15,202507,180847,41756,9455,5833.774193548387,1346.967741935484,9.283938,2.152806,1
G21245,Jack,Jack St Malo,subsea15,200009,0,0,0,0.0,0.0,0.0,0.0,1
G21245,Jack,Jack St Malo,subsea15,200010,0,0,0,0.0,0.0,0.0,0.0,1
G21245,Jack,Jack St Malo,subsea15,200011,0,0,0,0.0,0.0,0.0,0.0,2
G21245,Jack,Jack St Malo,subsea15,200012,0,0,0,0.0,0.0,0.0,0.0,1
G21245,Jack,Jack St Malo,subsea15,200101,0,0,0,0.0,0.0,0.0,0.0,1
G21245,Jack,Jack St Malo,subsea15,200310,0,0,0,0.0,0.0,0.0,0.0,1
G21245,Jack,Jack St Malo,subsea15,200311,0,0,0,0.0,0.0,0.0,0.0,1
G21245,Jack,Jack St Malo,subsea15,200312,0,0,0,0.0,0.0,0.0,0.0,1
G21245,Jack,Jack St Malo,subsea15,200401,0,0,0,0.0,0.0,0.0,0.0,1
G21245,Jack,Jack St Malo,subsea15,200402,0,0,0,0.0,0.0,0.0,0.0,1
G21245,Jack,Jack St Malo,subsea15,200403,0,0,0,0.0,0.0,0.0,0.0,1
G21245,Jack,Jack St Malo,subsea15,200404,0,0,0,0.0,0.0,0.0,0.0,1
G21245,Jack,Jack St Malo,subsea15,200405,0,0,0,0.0,0.0,0.0,0.0,1
G21245,Jack,Jack St Malo,subsea15,200406,0,0,0,0.0,0.0,0.0,0.0,2
G21245,Jack,Jack St Malo,subsea15,200407,0,0,0,0.0,0.0,0.0,0.0,1
G21245,Jack,Jack St Malo,subsea15,200408,0,0,0,0.0,0.0,0.0,0.0,1
G21245,Jack,Jack St Malo,subsea15,200409,0,0,0,0.0,0.0,0.0,0.0,1
G21245,Jack,Jack St Malo,subsea15,200410,0,0,0,0.0,0.0,0.0,0.0,1
G21245,Jack,Jack St Malo,subsea15,200411,0,0,0,0.0,0.0,0.0,0.0,1
G21245,Jack,Jack St Malo,subsea15,200412,0,0,0,0.0,0.0,0.0,0.0,1
G21245,Jack,Jack St Malo,subsea15,200501,0,0,0,0.0,0.0,0.0,0.0,1
G21245,Jack,Jack St Malo,subsea15,200502,0,0,0,0.0,0.0,0.0,0.0,1
G21245,Jack,Jack St Malo,subsea15,200503,0,0,0,0.0,0.0,0.0,0.0,1
G21245,Jack,Jack St Malo,subsea15,200504,0,0,0,0.0,0.0,0.0,0.0,1
G21245,Jack,Jack St Malo,subsea15,200505,0,0,0,0.0,0.0,0.0,0.0,1
G21245,Jack,Jack St Malo,subsea15,200506,0,0,0,0.0,0.0,0.0,0.0,1
G21245,Jack,Jack St Malo,subsea15,200507,0,0,0,0.0,0.0,0.0,0.0,1
G21245,Jack,Jack St Malo,subsea15,200508,0,0,0,0.0,0.0,0.0,0.0,1
G21245,Jack,Jack St Malo,subsea15,200509,0,0,0,0.0,0.0,0.0,0.0,1
G21245,Jack,Jack St Malo,subsea15,200510,0,0,0,0.0,0.0,0.0,0.0,1
G21245,Jack,Jack St Malo,subsea15,200511,0,0,0,0.0,0.0,0.0,0.0,1
G21245,Jack,Jack St Malo,subsea15,200512,0,0,0,0.0,0.0,0.0,0.0,1
G21245,Jack,Jack St Malo,subsea15,200601,0,0,0,0.0,0.0,0.0,0.0,1
G21245,Jack,Jack St Malo,subsea15,200602,0,0,0,0.0,0.0,0.0,0.0,1
G21245,Jack,Jack St Malo,subsea15,200603,0,0,0,0.0,0.0,0.0,0.0,1
G21245,Jack,Jack St Malo,subsea15,200604,0,0,0,0.0,0.0,0.0,0.0,1
G21245,Jack,Jack St Malo,subsea15,200605,0,0,0,0.0,0.0,0.0,0.0,1
G21245,Jack,Jack St Malo,subsea15,200606,0,0,0,0.0,0.0,0.0,0.0,1
G21245,Jack,Jack St Malo,subsea15,200607,0,0,0,0.0,0.0,0.0,0.0,1
G21245,Jack,Jack St Malo,subsea15,200608,0,0,0,0.0,0.0,0.0,0.0,1
G21245,Jack,Jack St Malo,subsea15,200609,0,0,0,0.0,0.0,0.0,0.0,1
G21245,Jack,Jack St Malo,subsea15,200610,0,0,0,0.0,0.0,0.0,0.0,1
G21245,Jack,Jack St Malo,subsea15,200611,0,0,0,0.0,0.0,0.0,0.0,1
G21245,Jack,Jack St Malo,subsea15,200612,0,0,0,0.0,0.0,0.0,0.0,1
G21245,Jack,Jack St Malo,subsea15,200701,0,0,0,0.0,0.0,0.0,0.0,1
G21245,Jack,Jack St Malo,subsea15,200702,0,0,0,0.0,0.0,0.0,0.0,1
G21245,Jack,Jack St Malo,subsea15,200703,0,0,0,0.0,0.0,0.0,0.0,1
G21245,Jack,Jack St Malo,subsea15,200704,0,0,0,0.0,0.0,0.0,0.0,1
G21245,Jack,Jack St Malo,subsea15,200705,0,0,0,0.0,0.0,0.0,0.0,1
G21245,Jack,Jack St Malo,subsea15,200706,0,0,0,0.0,0.0,0.0,0.0,1
G21245,Jack,Jack St Malo,subsea15,200707,0,0,0,0.0,0.0,0.0,0.0,1
G21245,Jack,Jack St Malo,subsea15,200708,0,0,0,0.0,0.0,0.0,0.0,1
G21245,Jack,Jack St Malo,subsea15,200709,0,0,0,0.0,0.0,0.0,0.0,1
G21245,Jack,Jack St Malo,subsea15,200710,0,0,0,0.0,0.0,0.0,0.0,1
G21245,Jack,Jack St Malo,subsea15,200711,0,0,0,0.0,0.0,0.0,0.0,1
G21245,Jack,Jack St Malo,subsea15,200712,0,0,0,0.0,0.0,0.0,0.0,1
G21245,Jack,Jack St Malo,subsea15,200801,0,0,0,0.0,0.0,0.0,0.0,1
G21245,Jack,Jack St Malo,subsea15,200802,0,0,0,0.0,0.0,0.0,0.0,1
G21245,Jack,Jack St Malo,subsea15,200803,0,0,0,0.0,0.0,0.0,0.0,1
G21245,Jack,Jack St Malo,subsea15,200804,0,0,0,0.0,0.0,0.0,0.0,1
G21245,Jack,Jack St Malo,subsea15,200805,0,0,0,0.0,0.0,0.0,0.0,1
G21245,Jack,Jack St Malo,subsea15,200806,0,0,0,0.0,0.0,0.0,0.0,1
G21245,Jack,Jack St Malo,subsea15,200807,0,0,0,0.0,0.0,0.0,0.0,1
G21245,Jack,Jack St Malo,subsea15,200808,0,0,0,0.0,0.0,0.0,0.0,2
G21245,Jack,Jack St Malo,subsea15,200809,0,0,0,0.0,0.0,0.0,0.0,1
G21245,Jack,Jack St Malo,subsea15,200810,0,0,0,0.0,0.0,0.0,0.0,1
G21245,Jack,Jack St Malo,subsea15,200811,0,0,0,0.0,0.0,0.0,0.0,2
G21245,Jack,Jack St Malo,subsea15,200812,0,0,0,0.0,0.0,0.0,0.0,1
G21245,Jack,Jack St Malo,subsea15,200901,0,0,0,0.0,0.0,0.0,0.0,1
G21245,Jack,Jack St Malo,subsea15,200902,0,0,0,0.0,0.0,0.0,0.0,1
G21245,Jack,Jack St Malo,subsea15,200903,0,0,0,0.0,0.0,0.0,0.0,1
G21245,Jack,Jack St Malo,subsea15,200904,0,0,0,0.0,0.0,0.0,0.0,1
G21245,Jack,Jack St Malo,subsea15,200905,0,0,0,0.0,0.0,0.0,0.0,1
G21245,Jack,Jack St Malo,subsea15,200906,0,0,0,0.0,0.0,0.0,0.0,1
G21245,Jack,Jack St Malo,subsea15,200907,0,0,0,0.0,0.0,0.0,0.0,1
G21245,Jack,Jack St Malo,subsea15,200908,0,0,0,0.0,0.0,0.0,0.0,1
G21245,Jack,Jack St Malo,subsea15,200909,0,0,0,0.0,0.0,0.0,0.0,1
G21245,Jack,Jack St Malo,subsea15,200910,0,0,0,0.0,0.0,0.0,0.0,1
G21245,Jack,Jack St Malo,subsea15,200911,0,0,0,0.0,0.0,0.0,0.0,1
G21245,Jack,Jack St Malo,subsea15,200912,0,0,0,0.0,0.0,0.0,0.0,1
G21245,Jack,Jack St Malo,subsea15,201001,0,0,0,0.0,0.0,0.0,0.0,1
G21245,Jack,Jack St Malo,subsea15,201002,0,0,0,0.0,0.0,0.0,0.0,1
G21245,Jack,Jack St Malo,subsea15,201003,0,0,0,0.0,0.0,0.0,0.0,1
G21245,Jack,Jack St Malo,subsea15,201004,0,0,0,0.0,0.0,0.0,0.0,1
G21245,Jack,Jack St Malo,subsea15,201005,0,0,0,0.0,0.0,0.0,0.0,1
G21245,Jack,Jack St Malo,subsea15,201006,0,0,0,0.0,0.0,0.0,0.0,1
G21245,Jack,Jack St Malo,subsea15,201007,0,0,0,0.0,0.0,0.0,0.0,1
G21245,Jack,Jack St Malo,subsea15,201008,0,0,0,0.0,0.0,0.0,0.0,1
G21245,Jack,Jack St Malo,subsea15,201009,0,0,0,0.0,0.0,0.0,0.0,1
G21245,Jack,Jack St Malo,subsea15,201010,0,0,0,0.0,0.0,0.0,0.0,1
G21245,Jack,Jack St Malo,subsea15,201011,0,0,0,0.0,0.0,0.0,0.0,1
G21245,Jack,Jack St Malo,subsea15,201012,0,0,0,0.0,0.0,0.0,0.0,1
G21245,Jack,Jack St Malo,subsea15,201101,0,0,0,0.0,0.0,0.0,0.0,1
G21245,Jack,Jack St Malo,subsea15,201102,0,0,0,0.0,0.0,0.0,0.0,1
G21245,Jack,Jack St Malo,subsea15,201103,0,0,0,0.0,0.0,0.0,0.0,1
G21245,Jack,Jack St Malo,subsea15,201104,0,0,0,0.0,0.0,0.0,0.0,1
G21245,Jack,Jack St Malo,subsea15,201105,0,0,0,0.0,0.0,0.0,0.0,1
G21245,Jack,Jack St Malo,subsea15,201106,0,0,0,0.0,0.0,0.0,0.0,1
G21245,Jack,Jack St Malo,subsea15,201107,0,0,0,0.0,0.0,0.0,0.0,1
G21245,Jack,Jack St Malo,subsea15,201108,0,0,0,0.0,0.0,0.0,0.0,1
G21245,Jack,Jack St Malo,subsea15,201109,0,0,0,0.0,0.0,0.0,0.0,1
G21245,Jack,Jack St Malo,subsea15,201110,0,0,0,0.0,0.0,0.0,0.0,1
G21245,Jack,Jack St Malo,subsea15,201111,0,0,0,0.0,0.0,0.0,0.0,2
G21245,Jack,Jack St Malo,subsea15,201112,0,0,0,0.0,0.0,0.0,0.0,4
G21245,Jack,Jack St Malo,subsea15,201201,0,0,0,0.0,0.0,0.0,0.0,4
G21245,Jack,Jack St Malo,subsea15,201202,0,0,0,0.0,0.0,0.0,0.0,4
G21245,Jack,Jack St Malo,subsea15,201203,0,0,0,0.0,0.0,0.0,0.0,4
G21245,Jack,Jack St Malo,subsea15,201204,0,0,0,0.0,0.0,0.0,0.0,4
G21245,Jack,Jack St Malo,subsea15,201205,0,0,0,0.0,0.0,0.0,0.0,4
G21245,Jack,Jack St Malo,subsea15,201206,0,0,0,0.0,0.0,0.0,0.0,4
G21245,Jack,Jack St Malo,subsea15,201207,0,0,0,0.0,0.0,0.0,0.0,4
G21245,Jack,Jack St Malo,subsea15,201208,46451,10746,0,46451.0,10746.0,0.046451,0.010746,5
G21245,Jack,Jack St Malo,subsea15,201209,0,0,0,0.0,0.0,0.046451,0.010746,5
G21245,Jack,Jack St Malo,subsea15,201210,0,0,0,0.0,0.0,0.046451,0.010746,5
G21245,Jack,Jack St Malo,subsea15,201211,0,0,0,0.0,0.0,0.046451,0.010746,5
G21245,Jack,Jack St Malo,subsea15,201212,0,0,0,0.0,0.0,0.046451,0.010746,5
G21245,Jack,Jack St Malo,subsea15,201301,0,0,0,0.0,0.0,0.046451,0.010746,5
G21245,Jack,Jack St Malo,subsea15,201302,0,0,0,0.0,0.0,0.046451,0.010746,5
G21245,Jack,Jack St Malo,subsea15,201303,0,0,0,0.0,0.0,0.046451,0.010746,5
G21245,Jack,Jack St Malo,subsea15,201304,0,0,0,0.0,0.0,0.046451,0.010746,5
G21245,Jack,Jack St Malo,subsea15,201305,0,0,0,0.0,0.0,0.046451,0.010746,5
G21245,Jack,Jack St Malo,subsea15,201306,0,0,0,0.0,0.0,0.046451,0.010746,5
G21245,Jack,Jack St Malo,subsea15,201307,0,0,0,0.0,0.0,0.046451,0.010746,5
G21245,Jack,Jack St Malo,subsea15,201308,0,0,0,0.0,0.0,0.046451,0.010746,5
G21245,Jack,Jack St Malo,subsea15,201309,0,0,0,0.0,0.0,0.046451,0.010746,5
G21245,Jack,Jack St Malo,subsea15,201310,0,0,0,0.0,0.0,0.046451,0.010746,5
G21245,Jack,Jack St Malo,subsea15,201311,0,0,0,0.0,0.0,0.046451,0.010746,5
G21245,Jack,Jack St Malo,subsea15,201312,0,0,0,0.0,0.0,0.046451,0.010746,5
G21245,Jack,Jack St Malo,subsea15,201401,0,0,0,0.0,0.0,0.046451,0.010746,5
G21245,Jack,Jack St Malo,subsea15,201402,0,0,0,0.0,0.0,0.046451,0.010746,5
G21245,Jack,Jack St Malo,subsea15,201403,0,0,0,0.0,0.0,0.046451,0.010746,5
G21245,Jack,Jack St Malo,subsea15,201404,0,0,0,0.0,0.0,0.046451,0.010746,5
G21245,Jack,Jack St Malo,subsea15,201405,0,0,0,0.0,0.0,0.046451,0.010746,5
G21245,Jack,Jack St Malo,subsea15,201406,0,0,0,0.0,0.0,0.046451,0.010746,5
G21245,Jack,Jack St Malo,subsea15,201407,0,0,0,0.0,0.0,0.046451,0.010746,5
G21245,Jack,Jack St Malo,subsea15,201408,0,0,0,0.0,0.0,0.046451,0.010746,5
G21245,Jack,Jack St Malo,subsea15,201409,0,0,0,0.0,0.0,0.046451,0.010746,5
G21245,Jack,Jack St Malo,subsea15,201410,0,0,0,0.0,0.0,0.046451,0.010746,5
G21245,Jack,Jack St Malo,subsea15,201411,0,0,0,0.0,0.0,0.046451,0.010746,5
G21245,Jack,Jack St Malo,subsea15,201412,258352,75028,3231,9226.857142857143,2679.5714285714284,0.304803,0.085774,5
G21245,Jack,Jack St Malo,subsea15,201501,328696,90446,1705,12173.925925925925,3349.8518518518517,0.633499,0.17622,5
G21245,Jack,Jack St Malo,subsea15,201502,456082,119119,18469,11123.951219512195,2905.3414634146343,1.089581,0.295339,5
G21245,Jack,Jack St Malo,subsea15,201503,722193,189157,3759,13373.944444444445,3502.9074074074074,1.811774,0.484496,5
G21245,Jack,Jack St Malo,subsea15,201504,852878,236996,3100,14214.633333333333,3949.9333333333334,2.664652,0.721492,5
G21245,Jack,Jack St Malo,subsea15,201505,874921,235243,3129,14111.629032258064,3794.2419354838707,3.539573,0.956735,5
G21245,Jack,Jack St Malo,subsea15,201506,879503,228420,4354,14658.383333333333,3807.0,4.419076,1.185155,5
G21245,Jack,Jack St Malo,subsea15,201507,627530,165149,3640,13641.95652173913,3590.195652173913,5.046606,1.350304,5
G21245,Jack,Jack St Malo,subsea15,201508,879868,231486,10093,14191.41935483871,3733.6451612903224,5.926474,1.58179,5
G21245,Jack,Jack St Malo,subsea15,201509,855171,222445,1164,14252.85,3707.4166666666665,6.781645,1.804235,5
G21245,Jack,Jack St Malo,subsea15,201510,848779,224631,2471,13689.983870967742,3623.0806451612902,7.630424,2.028866,5
G21245,Jack,Jack St Malo,subsea15,201511,695571,172846,2800,12880.944444444445,3200.8518518518517,8.325995,2.201712,5
G21245,Jack,Jack St Malo,subsea15,201512,902682,223014,3582,14559.387096774193,3597.0,9.228677,2.424726,5
G21245,Jack,Jack St Malo,subsea15,201601,892025,231824,3527,14387.5,3739.0967741935483,10.120702,2.65655,5
G21245,Jack,Jack St Malo,subsea15,201602,831886,216573,2696,14342.862068965518,3734.0172413793102,10.952588,2.873123,5
G21245,Jack,Jack St Malo,subsea15,201603,895543,226574,3454,14444.241935483871,3654.4193548387098,11.848131,3.099697,5
G21245,Jack,Jack St Malo,subsea15,201604,953458,248787,9574,12712.773333333333,3317.16,12.801589,3.348484,5
G21245,Jack,Jack St Malo,subsea15,201605,1285861,327780,9749,13976.75,3562.8260869565215,14.08745,3.676264,5
G21245,Jack,Jack St Malo,subsea15,201606,1495910,387469,12423,13356.339285714286,3459.5446428571427,15.58336,4.063733,5
G21245,Jack,Jack St Malo,subsea15,201607,1614803,413728,5244,13022.604838709678,3336.516129032258,17.198163,4.477461,5
G21245,Jack,Jack St Malo,subsea15,201608,1492644,393937,2823,12335.900826446281,3255.6776859504134,18.690807,4.871398,5
G21245,Jack,Jack St Malo,subsea15,201609,1536395,396652,2479,12803.291666666666,3305.4333333333334,20.227202,5.26805,5
G21245,Jack,Jack St Malo,subsea15,201610,1617112,400986,2311,13041.225806451614,3233.7580645161293,21.844314,5.669036,5
G21245,Jack,Jack St Malo,subsea15,201611,1375979,337899,1402,11965.034782608696,2938.2521739130434,23.220293,6.006935,5
G21245,Jack,Jack St Malo,subsea15,201612,1661654,396913,2352,13400.435483870968,3200.9112903225805,24.881947,6.403848,5
G21245,Jack,Jack St Malo,subsea15,201701,1617220,381909,2502,13042.09677419355,3079.9112903225805,26.499167,6.785757,5
G21245,Jack,Jack St Malo,subsea15,201702,1450447,348561,2256,12950.419642857143,3112.151785714286,27.949614,7.134318,5
G21245,Jack,Jack St Malo,subsea15,201703,1582734,378851,2646,12763.983870967742,3055.25,29.532348,7.513169,5
G21245,Jack,Jack St Malo,subsea15,201704,1560970,367047,3103,13008.083333333334,3058.725,31.093318,7.880216,5
G21245,Jack,Jack St Malo,subsea15,201705,1729384,410513,15784,12093.594405594406,2870.72027972028,32.822702,8.290729,6
G21245,Jack,Jack St Malo,subsea15,201706,1869075,451152,6847,12460.5,3007.68,34.691777,8.741881,6
G21245,Jack,Jack St Malo,subsea15,201707,1905087,454480,3844,12451.549019607843,2970.4575163398695,36.596864,9.196361,6
G21245,Jack,Jack St Malo,subsea15,201708,1923330,455668,3952,12408.58064516129,2939.793548387097,38.520194,9.652029,6
G21245,Jack,Jack St Malo,subsea15,201709,1975204,463156,4388,13168.026666666667,3087.7066666666665,40.495398,10.115185,6
G21245,Jack,Jack St Malo,subsea15,201710,1733486,414316,3873,12382.042857142857,2959.4,42.228884,10.529501,6
G21245,Jack,Jack St Malo,subsea15,201711,1932373,456246,4194,12882.486666666666,3041.64,44.161257,10.985747,6
G21245,Jack,Jack St Malo,subsea15,201712,1996861,471670,3209,12882.974193548387,3043.032258064516,46.158118,11.457417,6
G21245,Jack,Jack St Malo,subsea15,201801,2041826,483833,18321,11096.880434782608,2629.5271739130435,48.199944,11.94125,7
G21245,Jack,Jack St Malo,subsea15,201802,1948076,467952,9573,11595.690476190477,2785.4285714285716,50.14802,12.409202,7
G21245,Jack,Jack St Malo,subsea15,201803,2195451,525256,10639,11803.5,2823.956989247312,52.343471,12.934458,7
G21245,Jack,Jack St Malo,subsea15,201804,1972386,466168,9623,10957.7,2589.822222222222,54.315857,13.400626,7
G21245,Jack,Jack St Malo,subsea15,201805,2320307,551648,8697,12474.768817204302,2965.8494623655915,56.636164,13.952274,7
G21245,Jack,Jack St Malo,subsea15,201806,2300350,552391,8870,12570.218579234972,3018.530054644809,58.936514,14.504665,8
G21245,Jack,Jack St Malo,subsea15,201807,2747430,652782,29101,12660.967741935483,3008.21198156682,61.683944,15.157447,8
G21245,Jack,Jack St Malo,subsea15,201808,2830500,679549,29918,13043.778801843318,3131.5622119815666,64.514444,15.836996,8
G21245,Jack,Jack St Malo,subsea15,201809,2680621,649672,29875,12764.861904761905,3093.6761904761906,67.195065,16.486668,8
G21245,Jack,Jack St Malo,subsea15,201810,2657578,637763,30495,12418.58878504673,2980.200934579439,69.852643,17.124431,8
G21245,Jack,Jack St Malo,subsea15,201811,2504071,597628,27741,12458.064676616916,2973.273631840796,72.356714,17.722059,8
G21245,Jack,Jack St Malo,subsea15,201812,2689783,638596,18916,12395.313364055299,2942.8387096774195,75.046497,18.360655,8
G21245,Jack,Jack St Malo,subsea15,201901,2701460,637940,14777,12449.124423963134,2939.8156682027648,77.747957,18.998595,8
G21245,Jack,Jack St Malo,subsea15,201902,2318787,549406,12476,11952.51030927835,2831.9896907216494,80.066744,19.548001,8
G21245,Jack,Jack St Malo,subsea15,201903,2506638,594830,13087,11551.327188940093,2741.1520737327187,82.573382,20.142831,8
G21245,Jack,Jack St Malo,subsea15,201904,2437791,582802,20169,11608.528571428571,2775.247619047619,85.011173,20.725633,8
G21245,Jack,Jack St Malo,subsea15,201905,1763607,419701,22182,11451.993506493507,2725.3311688311687,86.77478,21.145334,8
G21245,Jack,Jack St Malo,subsea15,201906,2392271,576251,39670,11391.766666666666,2744.052380952381,89.167051,21.721585,8
G21245,Jack,Jack St Malo,subsea15,201907,2137051,509591,47761,10424.639024390244,2485.809756097561,91.304102,22.231176,8
G21245,Jack,Jack St Malo,subsea15,201908,2338041,558284,53135,10774.382488479263,2572.73732718894,93.642143,22.78946,8
G21245,Jack,Jack St Malo,subsea15,201909,2181862,526523,49579,10389.819047619048,2507.252380952381,95.824005,23.315983,8
G21245,Jack,Jack St Malo,subsea15,201910,2187488,520002,49619,10080.589861751152,2396.3225806451615,98.011493,23.835985,8
G21245,Jack,Jack St Malo,subsea15,201911,2104596,487316,47166,10021.885714285714,2320.552380952381,100.116089,24.323301,8
G21245,Jack,Jack St Malo,subsea15,201912,2121923,513542,47477,9778.447004608295,2366.5529953917053,102.238012,24.836843,8
G21245,Jack,Jack St Malo,subsea15,202001,2073016,502074,46863,9553.069124423962,2313.705069124424,104.311028,25.338917,8
G21245,Jack,Jack St Malo,subsea15,202002,1918287,461124,42303,9449.689655172413,2271.5467980295566,106.229315,25.800041,8
G21245,Jack,Jack St Malo,subsea15,202003,1998775,477898,44185,9210.94470046083,2202.294930875576,108.22809,26.277939,8
G21245,Jack,Jack St Malo,subsea15,202004,1892406,454654,49321,9011.457142857143,2165.019047619048,110.120496,26.732593,8
G21245,Jack,Jack St Malo,subsea15,202005,1944357,468191,37347,8960.170506912442,2157.5622119815666,112.064853,27.200784,8
G21245,Jack,Jack St Malo,subsea15,202006,1837508,440353,40379,8750.038095238095,2096.9190476190474,113.902361,27.641137,8
G21245,Jack,Jack St Malo,subsea15,202007,1781479,423236,25925,8863.07960199005,2105.6517412935323,115.68384,28.064373,8
G21245,Jack,Jack St Malo,subsea15,202008,1242411,320357,18185,8568.35172413793,2209.3586206896553,116.926251,28.38473,8
G21245,Jack,Jack St Malo,subsea15,202009,1669649,466438,22677,9074.179347826086,2534.9891304347825,118.5959,28.851168,8
G21245,Jack,Jack St Malo,subsea15,202010,1136913,289783,15117,8612.977272727272,2195.3257575757575,119.732813,29.140951,8
G21245,Jack,Jack St Malo,subsea15,202011,1536149,362472,21707,8534.16111111111,2013.7333333333333,121.268962,29.503423,8
G21245,Jack,Jack St Malo,subsea15,202012,1699278,398885,23239,9135.90322580645,2144.543010752688,122.96824,29.902308,9
G21245,Jack,Jack St Malo,subsea15,202101,1631588,378241,24312,8771.978494623656,2033.5537634408602,124.599828,30.280549,9
G21245,Jack,Jack St Malo,subsea15,202102,1559571,368348,32979,8522.245901639344,2012.8306010928961,126.159399,30.648897,10
G21245,Jack,Jack St Malo,subsea15,202103,1976867,467954,39754,9109.986175115208,2156.4700460829495,128.136266,31.116851,10
G21245,Jack,Jack St Malo,subsea15,202104,1868859,443970,37919,7986.576923076923,1897.3076923076924,130.005125,31.560821,10
G21245,Jack,Jack St Malo,subsea15,202105,1955738,457211,43087,7886.040322580645,1843.592741935484,131.960863,32.018032,10
G21245,Jack,Jack St Malo,subsea15,202106,1680447,403012,45137,7001.8625,1679.2166666666667,133.64131,32.421044,10
G21245,Jack,Jack St Malo,subsea15,202107,1871211,449644,52151,7545.205645161291,1813.0806451612902,135.512521,32.870688,10
G21245,Jack,Jack St Malo,subsea15,202108,1507115,361789,42364,7109.0330188679245,1706.551886792453,137.019636,33.232477,12
G21245,Jack,Jack St Malo,subsea15,202109,1293231,305048,27211,7837.763636363637,1848.7757575757576,138.312867,33.537525,11
G21245,Jack,Jack St Malo,subsea15,202110,1848250,445754,41952,6624.551971326165,1597.68458781362,140.161117,33.983279,11
G21245,Jack,Jack St Malo,subsea15,202111,2003734,475145,38223,7421.237037037037,1759.7962962962963,142.164851,34.458424,11
G21245,Jack,Jack St Malo,subsea15,202112,2087573,497343,46655,7482.340501792115,1782.5913978494623,144.252424,34.955767,11
G21245,Jack,Jack St Malo,subsea15,202201,1824339,431061,41918,6884.298113207547,1626.645283018868,146.076763,35.386828,11
G21245,Jack,Jack St Malo,subsea15,202202,1790682,426641,37538,7105.880952380952,1693.0198412698412,147.867445,35.813469,11
G21245,Jack,Jack St Malo,subsea15,202203,1926405,457091,57482,6904.677419354839,1638.3189964157707,149.79385,36.27056,11
G21245,Jack,Jack St Malo,subsea15,202204,1736525,408653,58179,6653.3524904214555,1565.72030651341,151.530375,36.679213,11
G21245,Jack,Jack St Malo,subsea15,202205,1569296,372559,52168,6882.877192982456,1634.030701754386,153.099671,37.051772,11
G21245,Jack,Jack St Malo,subsea15,202206,1809404,430715,61707,6701.496296296296,1595.2407407407406,154.909075,37.482487,11
G21245,Jack,Jack St Malo,subsea15,202207,1696880,420078,58107,6125.9205776173285,1516.5270758122745,156.605955,37.902565,11
G21245,Jack,Jack St Malo,subsea15,202208,1396543,353825,34256,6071.926086956521,1538.3695652173913,158.002498,38.25639,11
G21245,Jack,Jack St Malo,subsea15,202209,1802740,453085,69022,6676.814814814815,1678.0925925925926,159.805238,38.709475,11
G21245,Jack,Jack St Malo,subsea15,202210,1793344,385815,65766,6427.756272401433,1382.8494623655913,161.598582,39.09529,11
G21245,Jack,Jack St Malo,subsea15,202211,1714526,430196,58850,6350.096296296297,1593.3185185185184,163.313108,39.525486,11
G21245,Jack,Jack St Malo,subsea15,202212,1756939,439287,59785,6297.272401433692,1574.505376344086,165.070047,39.964773,11
G21245,Jack,Jack St Malo,subsea15,202301,1655897,415590,61223,6043.419708029197,1516.7518248175184,166.725944,40.380363,11
G21245,Jack,Jack St Malo,subsea15,202302,1514778,379165,53987,6011.023809523809,1504.623015873016,168.240722,40.759528,11
G21245,Jack,Jack St Malo,subsea15,202303,1615551,395687,38532,5917.7692307692305,1449.4029304029305,169.856273,41.155215,11
G21245,Jack,Jack St Malo,subsea15,202304,1553776,386176,34218,5754.725925925926,1430.2814814814815,171.410049,41.541391,11
G21245,Jack,Jack St Malo,subsea15,202305,1648780,401010,27121,5909.605734767025,1437.3118279569892,173.058829,41.942401,10
G21245,Jack,Jack St Malo,subsea15,202306,1541825,386706,10493,5710.462962962963,1432.2444444444445,174.600654,42.329107,10
G21245,Jack,Jack St Malo,subsea15,202307,1614112,412365,40362,5785.347670250896,1478.010752688172,176.214766,42.741472,10
G21245,Jack,Jack St Malo,subsea15,202308,1587187,401030,42509,5688.8422939068105,1437.383512544803,177.801953,43.142502,10
G21245,Jack,Jack St Malo,subsea15,202309,1511696,390180,40550,5598.874074074074,1445.111111111111,179.313649,43.532682,11
G21245,Jack,Jack St Malo,subsea15,202310,1543944,383522,40663,5533.8494623655915,1374.63082437276,180.857593,43.916204,11
G21245,Jack,Jack St Malo,subsea15,202311,1491233,370652,42787,5523.085185185185,1372.7851851851851,182.348826,44.286856,11
G21245,Jack,Jack St Malo,subsea15,202312,1512803,373249,40493,5422.232974910395,1337.810035842294,183.861629,44.660105,11
G21245,Jack,Jack St Malo,subsea15,202401,1498599,368080,40433,5371.322580645161,1319.2831541218638,185.360228,45.028185,11
G21245,Jack,Jack St Malo,subsea15,202402,1087955,271585,27736,4730.239130434783,1180.804347826087,186.448183,45.29977,11
G21245,Jack,Jack St Malo,subsea15,202403,1519412,362304,50015,5445.921146953405,1298.5806451612902,187.967595,45.662074,11
G21245,Jack,Jack St Malo,subsea15,202404,1428809,334197,48256,5291.885185185185,1237.7666666666667,189.396404,45.996271,11
G21245,Jack,Jack St Malo,subsea15,202405,1479345,348745,52561,5302.311827956989,1249.9820788530467,190.875749,46.345016,11
G21245,Jack,Jack St Malo,subsea15,202406,1408958,333141,51048,5218.362962962963,1233.8555555555556,192.284707,46.678157,11
G21245,Jack,Jack St Malo,subsea15,202407,1390830,327805,50846,5002.985611510791,1179.1546762589928,193.675537,47.005962,11
G21245,Jack,Jack St Malo,subsea15,202408,1301048,316407,48164,5082.21875,1235.96484375,194.976585,47.322369,11
G21245,Jack,Jack St Malo,subsea15,202409,1145527,269532,52152,4372.240458015267,1028.7480916030534,196.122112,47.591901,11
G21245,Jack,Jack St Malo,subsea15,202410,1450958,345956,61535,5257.094202898551,1253.463768115942,197.57307,47.937857,11
G21245,Jack,Jack St Malo,subsea15,202411,1102158,260393,45680,5150.271028037383,1216.7897196261683,198.675228,48.19825,11
G21245,Jack,Jack St Malo,subsea15,202412,1445033,352374,59443,5179.329749103943,1262.989247311828,200.120261,48.550624,11
G21245,Jack,Jack St Malo,subsea15,202501,1423534,333331,55198,4174.58651026393,977.5102639296188,201.543795,48.883955,11
G21245,Jack,Jack St Malo,subsea15,202502,1096351,258927,44720,4030.702205882353,951.9375,202.640146,49.142882,11
G21245,Jack,Jack St Malo,subsea15,202503,1481549,357837,64461,4503.188449848024,1087.6504559270518,204.121695,49.500719,11
G21245,Jack,Jack St Malo,subsea15,202504,1380200,326933,52867,4233.742331288344,1002.861963190184,205.501895,49.827652,11
G21245,Jack,Jack St Malo,subsea15,202505,1404453,338791,49493,4217.576576576576,1017.3903903903904,206.906348,50.166443,11
G21245,Jack,Jack St Malo,subsea15,202506,1220930,285593,45344,4029.4719471947196,942.5511551155115,208.127278,50.452036,11
G21245,Jack,Jack St Malo,subsea15,202507,1399113,332268,56073,4358.607476635514,1035.1028037383178,209.526391,50.784304,11
G25232,Shenandoah,Shenandoah,subsea20,200811,0,0,0,0.0,0.0,0.0,0.0,1
G25232,Shenandoah,Shenandoah,subsea20,200902,0,0,0,0.0,0.0,0.0,0.0,1
G25232,Shenandoah,Shenandoah,subsea20,200903,0,0,0,0.0,0.0,0.0,0.0,1
G25232,Shenandoah,Shenandoah,subsea20,200904,0,0,0,0.0,0.0,0.0,0.0,1
G25232,Shenandoah,Shenandoah,subsea20,200905,0,0,0,0.0,0.0,0.0,0.0,1
G25232,Shenandoah,Shenandoah,subsea20,200906,0,0,0,0.0,0.0,0.0,0.0,1
G25232,Shenandoah,Shenandoah,subsea20,200907,0,0,0,0.0,0.0,0.0,0.0,1
G25232,Shenandoah,Shenandoah,subsea20,200908,0,0,0,0.0,0.0,0.0,0.0,1
G25232,Shenandoah,Shenandoah,subsea20,200909,0,0,0,0.0,0.0,0.0,0.0,1
G25232,Shenandoah,Shenandoah,subsea20,200910,0,0,0,0.0,0.0,0.0,0.0,1
G25232,Shenandoah,Shenandoah,subsea20,200911,0,0,0,0.0,0.0,0.0,0.0,1
G25232,Shenandoah,Shenandoah,subsea20,200912,0,0,0,0.0,0.0,0.0,0.0,1
G25232,Shenandoah,Shenandoah,subsea20,201001,0,0,0,0.0,0.0,0.0,0.0,1
G25232,Shenandoah,Shenandoah,subsea20,201002,0,0,0,0.0,0.0,0.0,0.0,1
G25232,Shenandoah,Shenandoah,subsea20,201003,0,0,0,0.0,0.0,0.0,0.0,1
G25232,Shenandoah,Shenandoah,subsea20,201004,0,0,0,0.0,0.0,0.0,0.0,1
G25232,Shenandoah,Shenandoah,subsea20,201005,0,0,0,0.0,0.0,0.0,0.0,1
G25232,Shenandoah,Shenandoah,subsea20,201006,0,0,0,0.0,0.0,0.0,0.0,1
G25232,Shenandoah,Shenandoah,subsea20,201007,0,0,0,0.0,0.0,0.0,0.0,1
G25232,Shenandoah,Shenandoah,subsea20,201008,0,0,0,0.0,0.0,0.0,0.0,1
G25232,Shenandoah,Shenandoah,subsea20,201009,0,0,0,0.0,0.0,0.0,0.0,1
G25232,Shenandoah,Shenandoah,subsea20,201010,0,0,0,0.0,0.0,0.0,0.0,1
G25232,Shenandoah,Shenandoah,subsea20,201011,0,0,0,0.0,0.0,0.0,0.0,1
G25232,Shenandoah,Shenandoah,subsea20,201012,0,0,0,0.0,0.0,0.0,0.0,1
G25232,Shenandoah,Shenandoah,subsea20,201101,0,0,0,0.0,0.0,0.0,0.0,1
G25232,Shenandoah,Shenandoah,subsea20,201102,0,0,0,0.0,0.0,0.0,0.0,1
G25232,Shenandoah,Shenandoah,subsea20,201103,0,0,0,0.0,0.0,0.0,0.0,1
G25232,Shenandoah,Shenandoah,subsea20,201104,0,0,0,0.0,0.0,0.0,0.0,1
G25232,Shenandoah,Shenandoah,subsea20,201105,0,0,0,0.0,0.0,0.0,0.0,1
G25232,Shenandoah,Shenandoah,subsea20,201106,0,0,0,0.0,0.0,0.0,0.0,1
G25232,Shenandoah,Shenandoah,subsea20,201107,0,0,0,0.0,0.0,0.0,0.0,1
G25232,Shenandoah,Shenandoah,subsea20,201108,0,0,0,0.0,0.0,0.0,0.0,1
G25232,Shenandoah,Shenandoah,subsea20,201109,0,0,0,0.0,0.0,0.0,0.0,1
G25232,Shenandoah,Shenandoah,subsea20,201110,0,0,0,0.0,0.0,0.0,0.0,1
G25232,Shenandoah,Shenandoah,subsea20,201111,0,0,0,0.0,0.0,0.0,0.0,1
G25232,Shenandoah,Shenandoah,subsea20,201112,0,0,0,0.0,0.0,0.0,0.0,1
G25232,Shenandoah,Shenandoah,subsea20,201201,0,0,0,0.0,0.0,0.0,0.0,1
G25232,Shenandoah,Shenandoah,subsea20,201704,0,0,0,0.0,0.0,0.0,0.0,1
G25232,Shenandoah,Shenandoah,subsea20,201705,0,0,0,0.0,0.0,0.0,0.0,1
G25232,Shenandoah,Shenandoah,subsea20,201706,0,0,0,0.0,0.0,0.0,0.0,1
G25232,Shenandoah,Shenandoah,subsea20,201707,0,0,0,0.0,0.0,0.0,0.0,1
G25232,Shenandoah,Shenandoah,subsea20,201708,0,0,0,0.0,0.0,0.0,0.0,1
G25232,Shenandoah,Shenandoah,subsea20,201709,0,0,0,0.0,0.0,0.0,0.0,1
G25232,Shenandoah,Shenandoah,subsea20,201710,0,0,0,0.0,0.0,0.0,0.0,1
G25232,Shenandoah,Shenandoah,subsea20,201711,0,0,0,0.0,0.0,0.0,0.0,1
G25232,Shenandoah,Shenandoah,subsea20,201712,0,0,0,0.0,0.0,0.0,0.0,1
G25232,Shenandoah,Shenandoah,subsea20,201801,0,0,0,0.0,0.0,0.0,0.0,1
G25232,Shenandoah,Shenandoah,subsea20,201802,0,0,0,0.0,0.0,0.0,0.0,1
G25232,Shenandoah,Shenandoah,subsea20,201803,0,0,0,0.0,0.0,0.0,0.0,1
G25232,Shenandoah,Shenandoah,subsea20,201804,0,0,0,0.0,0.0,0.0,0.0,1
G25232,Shenandoah,Shenandoah,subsea20,201805,0,0,0,0.0,0.0,0.0,0.0,1
G25232,Shenandoah,Shenandoah,subsea20,201806,0,0,0,0.0,0.0,0.0,0.0,1
G25232,Shenandoah,Shenandoah,subsea20,201807,0,0,0,0.0,0.0,0.0,0.0,1
G25232,Shenandoah,Shenandoah,subsea20,201808,0,0,0,0.0,0.0,0.0,0.0,1
G25232,Shenandoah,Shenandoah,subsea20,201809,0,0,0,0.0,0.0,0.0,0.0,1
G25232,Shenandoah,Shenandoah,subsea20,201810,0,0,0,0.0,0.0,0.0,0.0,1
G25232,Shenandoah,Shenandoah,subsea20,201811,0,0,0,0.0,0.0,0.0,0.0,1
G25232,Shenandoah,Shenandoah,subsea20,201812,0,0,0,0.0,0.0,0.0,0.0,1
G25232,Shenandoah,Shenandoah,subsea20,201901,0,0,0,0.0,0.0,0.0,0.0,1
G25232,Shenandoah,Shenandoah,subsea20,201902,0,0,0,0.0,0.0,0.0,0.0,1
G25232,Shenandoah,Shenandoah,subsea20,201903,0,0,0,0.0,0.0,0.0,0.0,1
G25232,Shenandoah,Shenandoah,subsea20,201904,0,0,0,0.0,0.0,0.0,0.0,1
G25232,Shenandoah,Shenandoah,subsea20,201905,0,0,0,0.0,0.0,0.0,0.0,1
G25232,Shenandoah,Shenandoah,subsea20,201906,0,0,0,0.0,0.0,0.0,0.0,1
G25232,Shenandoah,Shenandoah,subsea20,201907,0,0,0,0.0,0.0,0.0,0.0,1
G25232,Shenandoah,Shenandoah,subsea20,201908,0,0,0,0.0,0.0,0.0,0.0,1
G25232,Shenandoah,Shenandoah,subsea20,201909,0,0,0,0.0,0.0,0.0,0.0,1
G25232,Shenandoah,Shenandoah,subsea20,201910,0,0,0,0.0,0.0,0.0,0.0,1
G25232,Shenandoah,Shenandoah,subsea20,201911,0,0,0,0.0,0.0,0.0,0.0,1
G25232,Shenandoah,Shenandoah,subsea20,201912,0,0,0,0.0,0.0,0.0,0.0,1
G25232,Shenandoah,Shenandoah,subsea20,202001,0,0,0,0.0,0.0,0.0,0.0,1
G25232,Shenandoah,Shenandoah,subsea20,202002,0,0,0,0.0,0.0,0.0,0.0,1
G25232,Shenandoah,Shenandoah,subsea20,202003,0,0,0,0.0,0.0,0.0,0.0,1
G25232,Shenandoah,Shenandoah,subsea20,202004,0,0,0,0.0,0.0,0.0,0.0,1
G25232,Shenandoah,Shenandoah,subsea20,202005,0,0,0,0.0,0.0,0.0,0.0,1
G25232,Shenandoah,Shenandoah,subsea20,202006,0,0,0,0.0,0.0,0.0,0.0,1
G25232,Shenandoah,Shenandoah,subsea20,202007,0,0,0,0.0,0.0,0.0,0.0,1
G25232,Shenandoah,Shenandoah,subsea20,202008,0,0,0,0.0,0.0,0.0,0.0,1
G25232,Shenandoah,Shenandoah,subsea20,202009,0,0,0,0.0,0.0,0.0,0.0,1
G25232,Shenandoah,Shenandoah,subsea20,202010,0,0,0,0.0,0.0,0.0,0.0,1
G25232,Shenandoah,Shenandoah,subsea20,202011,0,0,0,0.0,0.0,0.0,0.0,1
G25232,Shenandoah,Shenandoah,subsea20,202012,0,0,0,0.0,0.0,0.0,0.0,1
G25232,Shenandoah,Shenandoah,subsea20,202101,0,0,0,0.0,0.0,0.0,0.0,1
G25232,Shenandoah,Shenandoah,subsea20,202102,0,0,0,0.0,0.0,0.0,0.0,1
G25232,Shenandoah,Shenandoah,subsea20,202103,0,0,0,0.0,0.0,0.0,0.0,1
G25232,Shenandoah,Shenandoah,subsea20,202104,0,0,0,0.0,0.0,0.0,0.0,1
G25232,Shenandoah,Shenandoah,subsea20,202105,0,0,0,0.0,0.0,0.0,0.0,1
G25232,Shenandoah,Shenandoah,subsea20,202106,0,0,0,0.0,0.0,0.0,0.0,1
G25232,Shenandoah,Shenandoah,subsea20,202107,0,0,0,0.0,0.0,0.0,0.0,1
G25232,Shenandoah,Shenandoah,subsea20,202108,0,0,0,0.0,0.0,0.0,0.0,1
G25232,Shenandoah,Shenandoah,subsea20,202109,0,0,0,0.0,0.0,0.0,0.0,1
G25232,Shenandoah,Shenandoah,subsea20,202110,0,0,0,0.0,0.0,0.0,0.0,1
G25232,Shenandoah,Shenandoah,subsea20,202111,0,0,0,0.0,0.0,0.0,0.0,1
G25232,Shenandoah,Shenandoah,subsea20,202112,0,0,0,0.0,0.0,0.0,0.0,1
G25232,Shenandoah,Shenandoah,subsea20,202201,0,0,0,0.0,0.0,0.0,0.0,1
G25232,Shenandoah,Shenandoah,subsea20,202202,0,0,0,0.0,0.0,0.0,0.0,1
G25232,Shenandoah,Shenandoah,subsea20,202203,0,0,0,0.0,0.0,0.0,0.0,1
G25232,Shenandoah,Shenandoah,subsea20,202204,0,0,0,0.0,0.0,0.0,0.0,1
G25232,Shenandoah,Shenandoah,subsea20,202205,0,0,0,0.0,0.0,0.0,0.0,1
G25232,Shenandoah,Shenandoah,subsea20,202206,0,0,0,0.0,0.0,0.0,0.0,1
G25232,Shenandoah,Shenandoah,subsea20,202207,0,0,0,0.0,0.0,0.0,0.0,1
G25232,Shenandoah,Shenandoah,subsea20,202208,0,0,0,0.0,0.0,0.0,0.0,1
G25232,Shenandoah,Shenandoah,subsea20,202209,0,0,0,0.0,0.0,0.0,0.0,1
G25232,Shenandoah,Shenandoah,subsea20,202210,0,0,0,0.0,0.0,0.0,0.0,1
G25232,Shenandoah,Shenandoah,subsea20,202211,0,0,0,0.0,0.0,0.0,0.0,1
G25232,Shenandoah,Shenandoah,subsea20,202212,0,0,0,0.0,0.0,0.0,0.0,1
G25232,Shenandoah,Shenandoah,subsea20,202301,0,0,0,0.0,0.0,0.0,0.0,1
G25232,Shenandoah,Shenandoah,subsea20,202302,0,0,0,0.0,0.0,0.0,0.0,1
G25232,Shenandoah,Shenandoah,subsea20,202303,0,0,0,0.0,0.0,0.0,0.0,1
G25232,Shenandoah,Shenandoah,subsea20,202304,0,0,0,0.0,0.0,0.0,0.0,1
G25232,Shenandoah,Shenandoah,subsea20,202305,0,0,0,0.0,0.0,0.0,0.0,1
G25232,Shenandoah,Shenandoah,subsea20,202306,0,0,0,0.0,0.0,0.0,0.0,1
G25232,Shenandoah,Shenandoah,subsea20,202307,0,0,0,0.0,0.0,0.0,0.0,1
G25232,Shenandoah,Shenandoah,subsea20,202308,0,0,0,0.0,0.0,0.0,0.0,1
G25232,Shenandoah,Shenandoah,subsea20,202309,0,0,0,0.0,0.0,0.0,0.0,1
G25232,Shenandoah,Shenandoah,subsea20,202310,0,0,0,0.0,0.0,0.0,0.0,1
G25232,Shenandoah,Shenandoah,subsea20,202311,0,0,0,0.0,0.0,0.0,0.0,1
G25232,Shenandoah,Shenandoah,subsea20,202312,0,0,0,0.0,0.0,0.0,0.0,1
G25232,Shenandoah,Shenandoah,subsea20,202401,0,0,0,0.0,0.0,0.0,0.0,1
G25232,Shenandoah,Shenandoah,subsea20,202402,0,0,0,0.0,0.0,0.0,0.0,1
G25232,Shenandoah,Shenandoah,subsea20,202403,0,0,0,0.0,0.0,0.0,0.0,1
G25232,Shenandoah,Shenandoah,subsea20,202404,0,0,0,0.0,0.0,0.0,0.0,1
G25232,Shenandoah,Shenandoah,subsea20,202405,0,0,0,0.0,0.0,0.0,0.0,1
G25232,Shenandoah,Shenandoah,subsea20,202406,0,0,0,0.0,0.0,0.0,0.0,1
G25232,Shenandoah,Shenandoah,subsea20,202407,0,0,0,0.0,0.0,0.0,0.0,1
G25232,Shenandoah,Shenandoah,subsea20,202408,0,0,0,0.0,0.0,0.0,0.0,1
G25232,Shenandoah,Shenandoah,subsea20,202409,0,0,0,0.0,0.0,0.0,0.0,1
G25232,Shenandoah,Shenandoah,subsea20,202410,0,0,0,0.0,0.0,0.0,0.0,1
G25232,Shenandoah,Shenandoah,subsea20,202411,0,0,0,0.0,0.0,0.0,0.0,1
G25232,Shenandoah,Shenandoah,subsea20,202412,0,0,0,0.0,0.0,0.0,0.0,1
G25232,Shenandoah,Shenandoah,subsea20,202501,0,0,0,0.0,0.0,0.0,0.0,1
G25232,Shenandoah,Shenandoah,subsea20,202502,0,0,0,0.0,0.0,0.0,0.0,1
G25232,Shenandoah,Shenandoah,subsea20,202503,0,0,0,0.0,0.0,0.0,0.0,1
G25232,Shenandoah,Shenandoah,subsea20,202504,0,0,0,0.0,0.0,0.0,0.0,1
G25232,Shenandoah,Shenandoah,subsea20,202505,0,0,0,0.0,0.0,0.0,0.0,1
G25232,Shenandoah,Shenandoah,subsea20,202506,0,0,0,0.0,0.0,0.0,0.0,1
G25782,Tiber,Tiber,subsea20,200908,0,0,0,0.0,0.0,0.0,0.0,1
G25782,Tiber,Tiber,subsea20,200909,0,0,0,0.0,0.0,0.0,0.0,1
G25782,Tiber,Tiber,subsea20,200910,0,0,0,0.0,0.0,0.0,0.0,1
G25782,Tiber,Tiber,subsea20,200911,0,0,0,0.0,0.0,0.0,0.0,1
G25782,Tiber,Tiber,subsea20,200912,0,0,0,0.0,0.0,0.0,0.0,1
G25782,Tiber,Tiber,subsea20,201001,0,0,0,0.0,0.0,0.0,0.0,1
G25782,Tiber,Tiber,subsea20,201002,0,0,0,0.0,0.0,0.0,0.0,1
G25782,Tiber,Tiber,subsea20,201003,0,0,0,0.0,0.0,0.0,0.0,1
G25782,Tiber,Tiber,subsea20,201004,0,0,0,0.0,0.0,0.0,0.0,1
G25782,Tiber,Tiber,subsea20,201005,0,0,0,0.0,0.0,0.0,0.0,1
G25782,Tiber,Tiber,subsea20,201006,0,0,0,0.0,0.0,0.0,0.0,1
G25782,Tiber,Tiber,subsea20,201007,0,0,0,0.0,0.0,0.0,0.0,1
G25782,Tiber,Tiber,subsea20,201008,0,0,0,0.0,0.0,0.0,0.0,1
G25782,Tiber,Tiber,subsea20,201009,0,0,0,0.0,0.0,0.0,0.0,1
G25782,Tiber,Tiber,subsea20,201010,0,0,0,0.0,0.0,0.0,0.0,1
G25782,Tiber,Tiber,subsea20,201011,0,0,0,0.0,0.0,0.0,0.0,1
G25782,Tiber,Tiber,subsea20,201012,0,0,0,0.0,0.0,0.0,0.0,1
G25782,Tiber,Tiber,subsea20,201101,0,0,0,0.0,0.0,0.0,0.0,1
G25782,Tiber,Tiber,subsea20,201102,0,0,0,0.0,0.0,0.0,0.0,1
G25782,Tiber,Tiber,subsea20,201103,0,0,0,0.0,0.0,0.0,0.0,1
G25782,Tiber,Tiber,subsea20,201104,0,0,0,0.0,0.0,0.0,0.0,1
G25782,Tiber,Tiber,subsea20,201105,0,0,0,0.0,0.0,0.0,0.0,1
G25782,Tiber,Tiber,subsea20,201106,0,0,0,0.0,0.0,0.0,0.0,1
G25782,Tiber,Tiber,subsea20,201107,0,0,0,0.0,0.0,0.0,0.0,1
G25782,Tiber,Tiber,subsea20,201108,0,0,0,0.0,0.0,0.0,0.0,1
G25782,Tiber,Tiber,subsea20,201109,0,0,0,0.0,0.0,0.0,0.0,1
G25782,Tiber,Tiber,subsea20,201110,0,0,0,0.0,0.0,0.0,0.0,1
G25782,Tiber,Tiber,subsea20,201111,0,0,0,0.0,0.0,0.0,0.0,1
G25782,Tiber,Tiber,subsea20,201112,0,0,0,0.0,0.0,0.0,0.0,1
G25782,Tiber,Tiber,subsea20,201201,0,0,0,0.0,0.0,0.0,0.0,1
G25782,Tiber,Tiber,subsea20,201202,0,0,0,0.0,0.0,0.0,0.0,1
G25782,Tiber,Tiber,subsea20,201203,0,0,0,0.0,0.0,0.0,0.0,1
G25782,Tiber,Tiber,subsea20,201204,0,0,0,0.0,0.0,0.0,0.0,1
G25782,Tiber,Tiber,subsea20,201205,0,0,0,0.0,0.0,0.0,0.0,1
G25782,Tiber,Tiber,subsea20,201206,0,0,0,0.0,0.0,0.0,0.0,1
G25782,Tiber,Tiber,subsea20,201207,0,0,0,0.0,0.0,0.0,0.0,1
G25782,Tiber,Tiber,subsea20,201208,0,0,0,0.0,0.0,0.0,0.0,1
G25782,Tiber,Tiber,subsea20,201209,0,0,0,0.0,0.0,0.0,0.0,1
G25782,Tiber,Tiber,subsea20,201210,0,0,0,0.0,0.0,0.0,0.0,1
G25782,Tiber,Tiber,subsea20,201211,0,0,0,0.0,0.0,0.0,0.0,1
G25782,Tiber,Tiber,subsea20,201212,0,0,0,0.0,0.0,0.0,0.0,1
G25782,Tiber,Tiber,subsea20,201301,0,0,0,0.0,0.0,0.0,0.0,1
G25782,Tiber,Tiber,subsea20,201302,0,0,0,0.0,0.0,0.0,0.0,1
G25782,Tiber,Tiber,subsea20,201303,0,0,0,0.0,0.0,0.0,0.0,1
G25782,Tiber,Tiber,subsea20,201304,0,0,0,0.0,0.0,0.0,0.0,1
G25782,Tiber,Tiber,subsea20,201305,0,0,0,0.0,0.0,0.0,0.0,1
G25782,Tiber,Tiber,subsea20,201306,0,0,0,0.0,0.0,0.0,0.0,1
G25782,Tiber,Tiber,subsea20,201307,0,0,0,0.0,0.0,0.0,0.0,1
G25782,Tiber,Tiber,subsea20,201308,0,0,0,0.0,0.0,0.0,0.0,1
G25782,Tiber,Tiber,subsea20,201309,0,0,0,0.0,0.0,0.0,0.0,1
G25782,Tiber,Tiber,subsea20,201310,0,0,0,0.0,0.0,0.0,0.0,1
G25782,Tiber,Tiber,subsea20,201311,0,0,0,0.0,0.0,0.0,0.0,1
G25782,Tiber,Tiber,subsea20,201312,0,0,0,0.0,0.0,0.0,0.0,1
G25782,Tiber,Tiber,subsea20,201401,0,0,0,0.0,0.0,0.0,0.0,1
G25782,Tiber,Tiber,subsea20,201402,0,0,0,0.0,0.0,0.0,0.0,1
G25782,Tiber,Tiber,subsea20,201403,0,0,0,0.0,0.0,0.0,0.0,1
G25782,Tiber,Tiber,subsea20,201404,0,0,0,0.0,0.0,0.0,0.0,1
G25782,Tiber,Tiber,subsea20,201405,0,0,0,0.0,0.0,0.0,0.0,1
G25782,Tiber,Tiber,subsea20,201406,0,0,0,0.0,0.0,0.0,0.0,1
G25782,Tiber,Tiber,subsea20,201407,0,0,0,0.0,0.0,0.0,0.0,1
G25782,Tiber,Tiber,subsea20,201408,0,0,0,0.0,0.0,0.0,0.0,1
G25782,Tiber,Tiber,subsea20,201409,0,0,0,0.0,0.0,0.0,0.0,1
G25782,Tiber,Tiber,subsea20,201410,0,0,0,0.0,0.0,0.0,0.0,1
G25782,Tiber,Tiber,subsea20,201411,0,0,0,0.0,0.0,0.0,0.0,1
G25782,Tiber,Tiber,subsea20,201412,0,0,0,0.0,0.0,0.0,0.0,1
G25782,Tiber,Tiber,subsea20,201501,0,0,0,0.0,0.0,0.0,0.0,1
G25782,Tiber,Tiber,subsea20,201502,0,0,0,0.0,0.0,0.0,0.0,1
G25782,Tiber,Tiber,subsea20,201503,0,0,0,0.0,0.0,0.0,0.0,1
G25782,Tiber,Tiber,subsea20,201504,0,0,0,0.0,0.0,0.0,0.0,1
G25782,Tiber,Tiber,subsea20,201505,0,0,0,0.0,0.0,0.0,0.0,1
G25782,Tiber,Tiber,subsea20,201506,0,0,0,0.0,0.0,0.0,0.0,1
G25782,Tiber,Tiber,subsea20,201507,0,0,0,0.0,0.0,0.0,0.0,1
G25782,Tiber,Tiber,subsea20,201508,0,0,0,0.0,0.0,0.0,0.0,1
G25782,Tiber,Tiber,subsea20,201509,0,0,0,0.0,0.0,0.0,0.0,1
G25782,Tiber,Tiber,subsea20,201510,0,0,0,0.0,0.0,0.0,0.0,1
G25782,Tiber,Tiber,subsea20,201511,0,0,0,0.0,0.0,0.0,0.0,1
G25782,Tiber,Tiber,subsea20,201512,0,0,0,0.0,0.0,0.0,0.0,1
G25782,Tiber,Tiber,subsea20,201601,0,0,0,0.0,0.0,0.0,0.0,1
G25782,Tiber,Tiber,subsea20,201602,0,0,0,0.0,0.0,0.0,0.0,1
G25782,Tiber,Tiber,subsea20,201603,0,0,0,0.0,0.0,0.0,0.0,1
G25782,Tiber,Tiber,subsea20,201604,0,0,0,0.0,0.0,0.0,0.0,2
G25782,Tiber,Tiber,subsea20,201605,0,0,0,0.0,0.0,0.0,0.0,2
G25782,Tiber,Tiber,subsea20,201606,0,0,0,0.0,0.0,0.0,0.0,2
G25782,Tiber,Tiber,subsea20,201607,0,0,0,0.0,0.0,0.0,0.0,2
G25782,Tiber,Tiber,subsea20,201608,0,0,0,0.0,0.0,0.0,0.0,2
G25782,Tiber,Tiber,subsea20,201609,0,0,0,0.0,0.0,0.0,0.0,2
G25782,Tiber,Tiber,subsea20,201610,0,0,0,0.0,0.0,0.0,0.0,2
G25782,Tiber,Tiber,subsea20,201611,0,0,0,0.0,0.0,0.0,0.0,2
G25782,Tiber,Tiber,subsea20,201612,0,0,0,0.0,0.0,0.0,0.0,2
G25782,Tiber,Tiber,subsea20,201701,0,0,0,0.0,0.0,0.0,0.0,2
G25782,Tiber,Tiber,subsea20,201702,0,0,0,0.0,0.0,0.0,0.0,2
G25782,Tiber,Tiber,subsea20,201703,0,0,0,0.0,0.0,0.0,0.0,2
G25782,Tiber,Tiber,subsea20,201704,0,0,0,0.0,0.0,0.0,0.0,1
G25792,,,,200801,0,0,0,0.0,0.0,0.0,0.0,1
G25792,,,,200802,0,0,0,0.0,0.0,0.0,0.0,1
G25792,,,,200803,0,0,0,0.0,0.0,0.0,0.0,1
G25792,,,,200804,0,0,0,0.0,0.0,0.0,0.0,1
G25792,,,,200805,0,0,0,0.0,0.0,0.0,0.0,1
G25792,,,,200806,0,0,0,0.0,0.0,0.0,0.0,1
G25792,,,,200807,0,0,0,0.0,0.0,0.0,0.0,1
G25792,,,,200808,0,0,0,0.0,0.0,0.0,0.0,1
G25792,,,,200809,0,0,0,0.0,0.0,0.0,0.0,1
G25792,,,,200810,0,0,0,0.0,0.0,0.0,0.0,1
G25792,,,,200811,0,0,0,0.0,0.0,0.0,0.0,1
G25792,,,,200812,0,0,0,0.0,0.0,0.0,0.0,1
G25792,,,,200901,0,0,0,0.0,0.0,0.0,0.0,1
G25792,,,,200902,0,0,0,0.0,0.0,0.0,0.0,1
G25792,,,,200903,0,0,0,0.0,0.0,0.0,0.0,1
G25792,,,,200904,0,0,0,0.0,0.0,0.0,0.0,1
G25792,,,,200905,0,0,0,0.0,0.0,0.0,0.0,1
G25792,,,,200906,0,0,0,0.0,0.0,0.0,0.0,1
G25792,,,,200907,0,0,0,0.0,0.0,0.0,0.0,1
G25792,,,,200908,0,0,0,0.0,0.0,0.0,0.0,1
G25792,,,,200909,0,0,0,0.0,0.0,0.0,0.0,1
G25792,,,,200910,0,0,0,0.0,0.0,0.0,0.0,1
G25792,,,,200911,0,0,0,0.0,0.0,0.0,0.0,1
G25792,,,,200912,0,0,0,0.0,0.0,0.0,0.0,1
G25792,,,,201001,0,0,0,0.0,0.0,0.0,0.0,1
G25792,,,,201002,0,0,0,0.0,0.0,0.0,0.0,1
G25792,,,,201003,0,0,0,0.0,0.0,0.0,0.0,1
G25792,,,,201004,0,0,0,0.0,0.0,0.0,0.0,1
G25792,,,,201005,0,0,0,0.0,0.0,0.0,0.0,1
G25792,,,,201006,0,0,0,0.0,0.0,0.0,0.0,1
G25792,,,,201007,0,0,0,0.0,0.0,0.0,0.0,1
G25792,,,,201008,0,0,0,0.0,0.0,0.0,0.0,1
G25792,,,,201009,0,0,0,0.0,0.0,0.0,0.0,1
G25792,,,,201010,0,0,0,0.0,0.0,0.0,0.0,1
G25792,,,,201011,0,0,0,0.0,0.0,0.0,0.0,1
G25792,,,,201012,0,0,0,0.0,0.0,0.0,0.0,1
G25792,,,,201101,0,0,0,0.0,0.0,0.0,0.0,1
G25792,,,,201102,0,0,0,0.0,0.0,0.0,0.0,1
G25792,,,,201103,0,0,0,0.0,0.0,0.0,0.0,1
G25792,,,,201104,0,0,0,0.0,0.0,0.0,0.0,1
G25792,,,,201105,0,0,0,0.0,0.0,0.0,0.0,1
G25792,,,,201106,0,0,0,0.0,0.0,0.0,0.0,1
G25792,,,,201107,0,0,0,0.0,0.0,0.0,0.0,1
G25792,,,,201108,0,0,0,0.0,0.0,0.0,0.0,1
G25792,,,,201109,0,0,0,0.0,0.0,0.0,0.0,1
G25792,,,,201110,0,0,0,0.0,0.0,0.0,0.0,1
G25792,,,,201111,0,0,0,0.0,0.0,0.0,0.0,1
G25792,,,,201112,0,0,0,0.0,0.0,0.0,0.0,1
G25792,,,,201201,0,0,0,0.0,0.0,0.0,0.0,1
G25792,,,,201202,0,0,0,0.0,0.0,0.0,0.0,1
G25792,,,,201203,0,0,0,0.0,0.0,0.0,0.0,1
G25792,,,,201204,0,0,0,0.0,0.0,0.0,0.0,1
G25792,,,,201205,0,0,0,0.0,0.0,0.0,0.0,1
G25792,,,,201206,0,0,0,0.0,0.0,0.0,0.0,1
G25792,,,,201207,0,0,0,0.0,0.0,0.0,0.0,1
G25792,,,,201208,0,0,0,0.0,0.0,0.0,0.0,1
G25792,,,,201209,0,0,0,0.0,0.0,0.0,0.0,1
G25792,,,,201210,0,0,0,0.0,0.0,0.0,0.0,1
G25792,,,,201211,0,0,0,0.0,0.0,0.0,0.0,1
G25792,,,,201212,0,0,0,0.0,0.0,0.0,0.0,1
G25792,,,,201301,0,0,0,0.0,0.0,0.0,0.0,1
G25792,,,,201302,0,0,0,0.0,0.0,0.0,0.0,2
G25792,,,,201303,0,0,0,0.0,0.0,0.0,0.0,1
G25792,,,,201304,0,0,0,0.0,0.0,0.0,0.0,1
G25792,,,,201305,0,0,0,0.0,0.0,0.0,0.0,1
G25792,,,,201306,0,0,0,0.0,0.0,0.0,0.0,2
G25792,,,,201307,0,0,0,0.0,0.0,0.0,0.0,1
G25792,,,,201308,0,0,0,0.0,0.0,0.0,0.0,1
G25792,,,,201309,0,0,0,0.0,0.0,0.0,0.0,1
G25792,,,,201310,0,0,0,0.0,0.0,0.0,0.0,1
G25792,,,,201311,0,0,0,0.0,0.0,0.0,0.0,1
G25792,,,,201312,0,0,0,0.0,0.0,0.0,0.0,1
G30876,North Platte,North Platte,subsea20,201209,0,0,0,0.0,0.0,0.0,0.0,1
G30876,North Platte,North Platte,subsea20,201212,0,0,0,0.0,0.0,0.0,0.0,1
G30876,North Platte,North Platte,subsea20,201301,0,0,0,0.0,0.0,0.0,0.0,1
G30876,North Platte,North Platte,subsea20,201302,0,0,0,0.0,0.0,0.0,0.0,1
G30876,North Platte,North Platte,subsea20,201303,0,0,0,0.0,0.0,0.0,0.0,1
G30876,North Platte,North Platte,subsea20,201304,0,0,0,0.0,0.0,0.0,0.0,1
G30876,North Platte,North Platte,subsea20,201305,0,0,0,0.0,0.0,0.0,0.0,1
G30876,North Platte,North Platte,subsea20,201306,0,0,0,0.0,0.0,0.0,0.0,1
G30876,North Platte,North Platte,subsea20,201307,0,0,0,0.0,0.0,0.0,0.0,1
G30876,North Platte,North Platte,subsea20,201308,0,0,0,0.0,0.0,0.0,0.0,1
G30876,North Platte,North Platte,subsea20,201309,0,0,0,0.0,0.0,0.0,0.0,1
G30876,North Platte,North Platte,subsea20,201310,0,0,0,0.0,0.0,0.0,0.0,1
G30876,North Platte,North Platte,subsea20,201311,0,0,0,0.0,0.0,0.0,0.0,1
G30876,North Platte,North Platte,subsea20,201312,0,0,0,0.0,0.0,0.0,0.0,1
G30876,North Platte,North Platte,subsea20,201401,0,0,0,0.0,0.0,0.0,0.0,1
G30876,North Platte,North Platte,subsea20,201402,0,0,0,0.0,0.0,0.0,0.0,1
G30876,North Platte,North Platte,subsea20,201403,0,0,0,0.0,0.0,0.0,0.0,1
G30876,North Platte,North Platte,subsea20,201404,0,0,0,0.0,0.0,0.0,0.0,1
G30876,North Platte,North Platte,subsea20,201405,0,0,0,0.0,0.0,0.0,0.0,1
G30876,North Platte,North Platte,subsea20,201406,0,0,0,0.0,0.0,0.0,0.0,1
G30876,North Platte,North Platte,subsea20,201407,0,0,0,0.0,0.0,0.0,0.0,1
G30876,North Platte,North Platte,subsea20,201408,0,0,0,0.0,0.0,0.0,0.0,1
G30876,North Platte,North Platte,subsea20,201409,0,0,0,0.0,0.0,0.0,0.0,1
G30876,North Platte,North Platte,subsea20,201410,0,0,0,0.0,0.0,0.0,0.0,1
G30876,North Platte,North Platte,subsea20,201411,0,0,0,0.0,0.0,0.0,0.0,1
G30876,North Platte,North Platte,subsea20,201412,0,0,0,0.0,0.0,0.0,0.0,1
G30876,North Platte,North Platte,subsea20,201501,0,0,0,0.0,0.0,0.0,0.0,1
G30876,North Platte,North Platte,subsea20,201502,0,0,0,0.0,0.0,0.0,0.0,1
G30876,North Platte,North Platte,subsea20,201503,0,0,0,0.0,0.0,0.0,0.0,1
G30876,North Platte,North Platte,subsea20,201504,0,0,0,0.0,0.0,0.0,0.0,1
G30876,North Platte,North Platte,subsea20,201505,0,0,0,0.0,0.0,0.0,0.0,1
G30876,North Platte,North Platte,subsea20,201506,0,0,0,0.0,0.0,0.0,0.0,1
G30876,North Platte,North Platte,subsea20,201507,0,0,0,0.0,0.0,0.0,0.0,1
G30876,North Platte,North Platte,subsea20,201508,0,0,0,0.0,0.0,0.0,0.0,1
G30876,North Platte,North Platte,subsea20,201509,0,0,0,0.0,0.0,0.0,0.0,1
G30876,North Platte,North Platte,subsea20,201510,0,0,0,0.0,0.0,0.0,0.0,1
G30876,North Platte,North Platte,subsea20,201511,0,0,0,0.0,0.0,0.0,0.0,2
G30876,North Platte,North Platte,subsea20,201512,0,0,0,0.0,0.0,0.0,0.0,2
G30876,North Platte,North Platte,subsea20,201601,0,0,0,0.0,0.0,0.0,0.0,1
G30876,North Platte,North Platte,subsea20,201602,0,0,0,0.0,0.0,0.0,0.0,1
G30876,North Platte,North Platte,subsea20,201603,0,0,0,0.0,0.0,0.0,0.0,2
G30876,North Platte,North Platte,subsea20,201604,0,0,0,0.0,0.0,0.0,0.0,1
G30876,North Platte,North Platte,subsea20,201605,0,0,0,0.0,0.0,0.0,0.0,1
G30876,North Platte,North Platte,subsea20,201701,0,0,0,0.0,0.0,0.0,0.0,1
G30876,North Platte,North Platte,subsea20,201703,0,0,0,0.0,0.0,0.0,0.0,1
G30876,North Platte,North Platte,subsea20,201705,0,0,0,0.0,0.0,0.0,0.0,1
G30876,North Platte,North Platte,subsea20,201706,0,0,0,0.0,0.0,0.0,0.0,1
G31751,Anchor,Anchor,subsea20,202311,0,0,0,0.0,0.0,0.0,0.0,1
G31751,Anchor,Anchor,subsea20,202312,0,0,0,0.0,0.0,0.0,0.0,1
G31751,Anchor,Anchor,subsea20,202401,0,0,0,0.0,0.0,0.0,0.0,1
G31751,Anchor,Anchor,subsea20,202402,0,0,0,0.0,0.0,0.0,0.0,1
G31751,Anchor,Anchor,subsea20,202403,0,0,0,0.0,0.0,0.0,0.0,1
G31751,Anchor,Anchor,subsea20,202404,0,0,0,0.0,0.0,0.0,0.0,1
G31751,Anchor,Anchor,subsea20,202405,0,0,0,0.0,0.0,0.0,0.0,1
G31751,Anchor,Anchor,subsea20,202406,0,0,0,0.0,0.0,0.0,0.0,1
G31751,Anchor,Anchor,subsea20,202407,0,0,0,0.0,0.0,0.0,0.0,1
G31751,Anchor,Anchor,subsea20,202408,0,0,0,0.0,0.0,0.0,0.0,1
G31751,Anchor,Anchor,subsea20,202409,0,0,0,0.0,0.0,0.0,0.0,1
G31751,Anchor,Anchor,subsea20,202410,0,0,0,0.0,0.0,0.0,0.0,1
G31751,Anchor,Anchor,subsea20,202411,0,0,0,0.0,0.0,0.0,0.0,1
G31751,Anchor,Anchor,subsea20,202412,0,0,0,0.0,0.0,0.0,0.0,1
G31751,Anchor,Anchor,subsea20,202501,0,0,0,0.0,0.0,0.0,0.0,1
G31751,Anchor,Anchor,subsea20,202502,0,0,0,0.0,0.0,0.0,0.0,1
G31751,Anchor,Anchor,subsea20,202503,0,0,0,0.0,0.0,0.0,0.0,1
G31751,Anchor,Anchor,subsea20,202504,0,0,0,0.0,0.0,0.0,0.0,1
G31751,Anchor,Anchor,subsea20,202505,0,0,0,0.0,0.0,0.0,0.0,1
G31751,Anchor,Anchor,subsea20,202506,99375,40522,30902,3975.0,1620.88,0.099375,0.040522,1
G31751,Anchor,Anchor,subsea20,202507,240653,64960,8319,7763.0,2095.483870967742,0.340028,0.105482,1
G31752,Anchor,Anchor,subsea20,201412,0,0,0,0.0,0.0,0.0,0.0,1
G31752,Anchor,Anchor,subsea20,201501,0,0,0,0.0,0.0,0.0,0.0,1
G31752,Anchor,Anchor,subsea20,201502,0,0,0,0.0,0.0,0.0,0.0,1
G31752,Anchor,Anchor,subsea20,201503,0,0,0,0.0,0.0,0.0,0.0,1
G31752,Anchor,Anchor,subsea20,201504,0,0,0,0.0,0.0,0.0,0.0,1
G31752,Anchor,Anchor,subsea20,201505,0,0,0,0.0,0.0,0.0,0.0,1
G31752,Anchor,Anchor,subsea20,201506,0,0,0,0.0,0.0,0.0,0.0,1
G31752,Anchor,Anchor,subsea20,201507,0,0,0,0.0,0.0,0.0,0.0,1
G31752,Anchor,Anchor,subsea20,201508,0,0,0,0.0,0.0,0.0,0.0,1
G31752,Anchor,Anchor,subsea20,202204,0,0,0,0.0,0.0,0.0,0.0,1
G31752,Anchor,Anchor,subsea20,202205,0,0,0,0.0,0.0,0.0,0.0,1
G31752,Anchor,Anchor,subsea20,202206,0,0,0,0.0,0.0,0.0,0.0,1
G31752,Anchor,Anchor,subsea20,202207,0,0,0,0.0,0.0,0.0,0.0,1
G31752,Anchor,Anchor,subsea20,202208,0,0,0,0.0,0.0,0.0,0.0,1
G31752,Anchor,Anchor,subsea20,202209,0,0,0,0.0,0.0,0.0,0.0,1
G31752,Anchor,Anchor,subsea20,202210,0,0,0,0.0,0.0,0.0,0.0,1
G31752,Anchor,Anchor,subsea20,202211,0,0,0,0.0,0.0,0.0,0.0,2
G31752,Anchor,Anchor,subsea20,202212,0,0,0,0.0,0.0,0.0,0.0,2
G31752,Anchor,Anchor,subsea20,202301,0,0,0,0.0,0.0,0.0,0.0,2
G31752,Anchor,Anchor,subsea20,202302,0,0,0,0.0,0.0,0.0,0.0,2
G31752,Anchor,Anchor,subsea20,202303,0,0,0,0.0,0.0,0.0,0.0,2
G31752,Anchor,Anchor,subsea20,202304,0,0,0,0.0,0.0,0.0,0.0,3
G31752,Anchor,Anchor,subsea20,202305,0,0,0,0.0,0.0,0.0,0.0,3
G31752,Anchor,Anchor,subsea20,202306,0,0,0,0.0,0.0,0.0,0.0,4
G31752,Anchor,Anchor,subsea20,202307,0,0,0,0.0,0.0,0.0,0.0,4
G31752,Anchor,Anchor,subsea20,202308,0,0,0,0.0,0.0,0.0,0.0,4
G31752,Anchor,Anchor,subsea20,202309,0,0,0,0.0,0.0,0.0,0.0,4
G31752,Anchor,Anchor,subsea20,202310,0,0,0,0.0,0.0,0.0,0.0,4
G31752,Anchor,Anchor,subsea20,202311,0,0,0,0.0,0.0,0.0,0.0,4
G31752,Anchor,Anchor,subsea20,202312,0,0,0,0.0,0.0,0.0,0.0,4
G31752,Anchor,Anchor,subsea20,202401,0,0,0,0.0,0.0,0.0,0.0,4
G31752,Anchor,Anchor,subsea20,202402,0,0,0,0.0,0.0,0.0,0.0,4
G31752,Anchor,Anchor,subsea20,202403,0,0,0,0.0,0.0,0.0,0.0,4
G31752,Anchor,Anchor,subsea20,202404,0,0,0,0.0,0.0,0.0,0.0,4
G31752,Anchor,Anchor,subsea20,202405,0,0,0,0.0,0.0,0.0,0.0,4
G31752,Anchor,Anchor,subsea20,202406,0,0,0,0.0,0.0,0.0,0.0,4
G31752,Anchor,Anchor,subsea20,202407,0,0,0,0.0,0.0,0.0,0.0,4
G31752,Anchor,Anchor,subsea20,202408,104348,34390,0,5217.4,1719.5,0.104348,0.03439,4
G31752,Anchor,Anchor,subsea20,202409,260766,45923,32,11853.0,2087.409090909091,0.365114,0.080313,4
G31752,Anchor,Anchor,subsea20,202410,482534,132827,0,15565.612903225807,4284.741935483871,0.847648,0.21314,4
G31752,Anchor,Anchor,subsea20,202411,483142,88764,5,11783.951219512195,2164.9756097560976,1.33079,0.301904,4
G31752,Anchor,Anchor,subsea20,202412,604969,99894,2208,15124.225,2497.35,1.935759,0.401798,4
G31752,Anchor,Anchor,subsea20,202501,998925,197455,2340,16111.693548387097,3184.7580645161293,2.934684,0.599253,4
G31752,Anchor,Anchor,subsea20,202502,908302,280792,2467,16219.67857142857,5014.142857142857,3.842986,0.880045,4
G31752,Anchor,Anchor,subsea20,202503,1016767,308597,3089,16399.467741935485,4977.370967741936,4.859753,1.188642,4
G31752,Anchor,Anchor,subsea20,202504,1010000,312526,2492,16833.333333333332,5208.766666666666,5.869753,1.501168,4
G31752,Anchor,Anchor,subsea20,202505,1043093,322894,1869,16824.08064516129,5207.967741935484,6.912846,1.824062,4
G31752,Anchor,Anchor,subsea20,202506,1167393,326797,1070,19456.55,5446.616666666667,8.080239,2.150859,4
G31752,Anchor,Anchor,subsea20,202507,1091366,330835,1146,17602.677419354837,5336.048387096775,9.171605,2.481694,4
G31938,Shenandoah,Shenandoah,subsea20,201209,0,0,0,0.0,0.0,0.0,0.0,1
G31938,Shenandoah,Shenandoah,subsea20,201303,0,0,0,0.0,0.0,0.0,0.0,1
G31938,Shenandoah,Shenandoah,subsea20,201304,0,0,0,0.0,0.0,0.0,0.0,1
G31938,Shenandoah,Shenandoah,subsea20,201305,0,0,0,0.0,0.0,0.0,0.0,1
G31938,Shenandoah,Shenandoah,subsea20,201306,0,0,0,0.0,0.0,0.0,0.0,1
G31938,Shenandoah,Shenandoah,subsea20,201307,0,0,0,0.0,0.0,0.0,0.0,1
G31938,Shenandoah,Shenandoah,subsea20,201308,0,0,0,0.0,0.0,0.0,0.0,1
G31938,Shenandoah,Shenandoah,subsea20,201309,0,0,0,0.0,0.0,0.0,0.0,1
G31938,Shenandoah,Shenandoah,subsea20,201310,0,0,0,0.0,0.0,0.0,0.0,1
G31938,Shenandoah,Shenandoah,subsea20,201311,0,0,0,0.0,0.0,0.0,0.0,1
G31938,Shenandoah,Shenandoah,subsea20,201312,0,0,0,0.0,0.0,0.0,0.0,1
G31938,Shenandoah,Shenandoah,subsea20,201401,0,0,0,0.0,0.0,0.0,0.0,1
G31938,Shenandoah,Shenandoah,subsea20,201402,0,0,0,0.0,0.0,0.0,0.0,1
G31938,Shenandoah,Shenandoah,subsea20,201403,0,0,0,0.0,0.0,0.0,0.0,1
G31938,Shenandoah,Shenandoah,subsea20,201404,0,0,0,0.0,0.0,0.0,0.0,1
G31938,Shenandoah,Shenandoah,subsea20,201405,0,0,0,0.0,0.0,0.0,0.0,1
G31938,Shenandoah,Shenandoah,subsea20,201406,0,0,0,0.0,0.0,0.0,0.0,1
G31938,Shenandoah,Shenandoah,subsea20,201407,0,0,0,0.0,0.0,0.0,0.0,1
G31938,Shenandoah,Shenandoah,subsea20,201408,0,0,0,0.0,0.0,0.0,0.0,1
G31938,Shenandoah,Shenandoah,subsea20,201409,0,0,0,0.0,0.0,0.0,0.0,1
G31938,Shenandoah,Shenandoah,subsea20,201410,0,0,0,0.0,0.0,0.0,0.0,1
G31938,Shenandoah,Shenandoah,subsea20,201411,0,0,0,0.0,0.0,0.0,0.0,1
G31938,Shenandoah,Shenandoah,subsea20,201412,0,0,0,0.0,0.0,0.0,0.0,1
G31938,Shenandoah,Shenandoah,subsea20,201501,0,0,0,0.0,0.0,0.0,0.0,1
G31938,Shenandoah,Shenandoah,subsea20,201502,0,0,0,0.0,0.0,0.0,0.0,1
G31938,Shenandoah,Shenandoah,subsea20,201503,0,0,0,0.0,0.0,0.0,0.0,1
G31938,Shenandoah,Shenandoah,subsea20,201504,0,0,0,0.0,0.0,0.0,0.0,1
G31938,Shenandoah,Shenandoah,subsea20,201505,0,0,0,0.0,0.0,0.0,0.0,1
G31938,Shenandoah,Shenandoah,subsea20,201506,0,0,0,0.0,0.0,0.0,0.0,1
G31938,Shenandoah,Shenandoah,subsea20,201507,0,0,0,0.0,0.0,0.0,0.0,1
G31938,Shenandoah,Shenandoah,subsea20,201508,0,0,0,0.0,0.0,0.0,0.0,1
G31938,Shenandoah,Shenandoah,subsea20,201509,0,0,0,0.0,0.0,0.0,0.0,1
G31938,Shenandoah,Shenandoah,subsea20,201510,0,0,0,0.0,0.0,0.0,0.0,1
G31938,Shenandoah,Shenandoah,subsea20,201511,0,0,0,0.0,0.0,0.0,0.0,1
G31938,Shenandoah,Shenandoah,subsea20,201512,0,0,0,0.0,0.0,0.0,0.0,1
G31938,Shenandoah,Shenandoah,subsea20,201601,0,0,0,0.0,0.0,0.0,0.0,1
G31938,Shenandoah,Shenandoah,subsea20,201602,0,0,0,0.0,0.0,0.0,0.0,1
G31938,Shenandoah,Shenandoah,subsea20,201603,0,0,0,0.0,0.0,0.0,0.0,1
G31938,Shenandoah,Shenandoah,subsea20,201604,0,0,0,0.0,0.0,0.0,0.0,1
G31938,Shenandoah,Shenandoah,subsea20,201605,0,0,0,0.0,0.0,0.0,0.0,1
G31938,Shenandoah,Shenandoah,subsea20,201606,0,0,0,0.0,0.0,0.0,0.0,1
G31938,Shenandoah,Shenandoah,subsea20,201607,0,0,0,0.0,0.0,0.0,0.0,1
G31938,Shenandoah,Shenandoah,subsea20,201608,0,0,0,0.0,0.0,0.0,0.0,1
G31938,Shenandoah,Shenandoah,subsea20,201609,0,0,0,0.0,0.0,0.0,0.0,1
G31938,Shenandoah,Shenandoah,subsea20,201610,0,0,0,0.0,0.0,0.0,0.0,1
G31938,Shenandoah,Shenandoah,subsea20,201611,0,0,0,0.0,0.0,0.0,0.0,2
G31938,Shenandoah,Shenandoah,subsea20,201612,0,0,0,0.0,0.0,0.0,0.0,2
G31938,Shenandoah,Shenandoah,subsea20,201701,0,0,0,0.0,0.0,0.0,0.0,2
G31938,Shenandoah,Shenandoah,subsea20,201702,0,0,0,0.0,0.0,0.0,0.0,2
G31938,Shenandoah,Shenandoah,subsea20,201703,0,0,0,0.0,0.0,0.0,0.0,2
G31938,Shenandoah,Shenandoah,subsea20,201704,0,0,0,0.0,0.0,0.0,0.0,2
G31938,Shenandoah,Shenandoah,subsea20,201705,0,0,0,0.0,0.0,0.0,0.0,2
G31938,Shenandoah,Shenandoah,subsea20,201706,0,0,0,0.0,0.0,0.0,0.0,2
G31938,Shenandoah,Shenandoah,subsea20,201707,0,0,0,0.0,0.0,0.0,0.0,2
G31938,Shenandoah,Shenandoah,subsea20,201708,0,0,0,0.0,0.0,0.0,0.0,2
G31938,Shenandoah,Shenandoah,subsea20,201709,0,0,0,0.0,0.0,0.0,0.0,2
G31938,Shenandoah,Shenandoah,subsea20,201710,0,0,0,0.0,0.0,0.0,0.0,2
G31938,Shenandoah,Shenandoah,subsea20,201711,0,0,0,0.0,0.0,0.0,0.0,2
G31938,Shenandoah,Shenandoah,subsea20,201712,0,0,0,0.0,0.0,0.0,0.0,2
G31938,Shenandoah,Shenandoah,subsea20,201801,0,0,0,0.0,0.0,0.0,0.0,2
G31938,Shenandoah,Shenandoah,subsea20,201802,0,0,0,0.0,0.0,0.0,0.0,2
G31938,Shenandoah,Shenandoah,subsea20,201803,0,0,0,0.0,0.0,0.0,0.0,2
G31938,Shenandoah,Shenandoah,subsea20,201804,0,0,0,0.0,0.0,0.0,0.0,2
G31938,Shenandoah,Shenandoah,subsea20,201805,0,0,0,0.0,0.0,0.0,0.0,2
G31938,Shenandoah,Shenandoah,subsea20,201806,0,0,0,0.0,0.0,0.0,0.0,2
G31938,Shenandoah,Shenandoah,subsea20,201807,0,0,0,0.0,0.0,0.0,0.0,2
G31938,Shenandoah,Shenandoah,subsea20,201808,0,0,0,0.0,0.0,0.0,0.0,2
G31938,Shenandoah,Shenandoah,subsea20,201809,0,0,0,0.0,0.0,0.0,0.0,2
G31938,Shenandoah,Shenandoah,subsea20,201810,0,0,0,0.0,0.0,0.0,0.0,2
G31938,Shenandoah,Shenandoah,subsea20,201811,0,0,0,0.0,0.0,0.0,0.0,2
G31938,Shenandoah,Shenandoah,subsea20,201812,0,0,0,0.0,0.0,0.0,0.0,2
G31938,Shenandoah,Shenandoah,subsea20,201901,0,0,0,0.0,0.0,0.0,0.0,2
G31938,Shenandoah,Shenandoah,subsea20,201902,0,0,0,0.0,0.0,0.0,0.0,2
G31938,Shenandoah,Shenandoah,subsea20,201903,0,0,0,0.0,0.0,0.0,0.0,2
G31938,Shenandoah,Shenandoah,subsea20,201904,0,0,0,0.0,0.0,0.0,0.0,2
G31938,Shenandoah,Shenandoah,subsea20,201905,0,0,0,0.0,0.0,0.0,0.0,2
G31938,Shenandoah,Shenandoah,subsea20,201906,0,0,0,0.0,0.0,0.0,0.0,2
G31938,Shenandoah,Shenandoah,subsea20,201907,0,0,0,0.0,0.0,0.0,0.0,2
G31938,Shenandoah,Shenandoah,subsea20,201908,0,0,0,0.0,0.0,0.0,0.0,2
G31938,Shenandoah,Shenandoah,subsea20,201909,0,0,0,0.0,0.0,0.0,0.0,2
G31938,Shenandoah,Shenandoah,subsea20,201910,0,0,0,0.0,0.0,0.0,0.0,2
G31938,Shenandoah,Shenandoah,subsea20,201911,0,0,0,0.0,0.0,0.0,0.0,2
G31938,Shenandoah,Shenandoah,subsea20,201912,0,0,0,0.0,0.0,0.0,0.0,2
G31938,Shenandoah,Shenandoah,subsea20,202001,0,0,0,0.0,0.0,0.0,0.0,2
G31938,Shenandoah,Shenandoah,subsea20,202002,0,0,0,0.0,0.0,0.0,0.0,2
G31938,Shenandoah,Shenandoah,subsea20,202003,0,0,0,0.0,0.0,0.0,0.0,2
G31938,Shenandoah,Shenandoah,subsea20,202004,0,0,0,0.0,0.0,0.0,0.0,2
G31938,Shenandoah,Shenandoah,subsea20,202005,0,0,0,0.0,0.0,0.0,0.0,2
G31938,Shenandoah,Shenandoah,subsea20,202006,0,0,0,0.0,0.0,0.0,0.0,2
G31938,Shenandoah,Shenandoah,subsea20,202007,0,0,0,0.0,0.0,0.0,0.0,2
G31938,Shenandoah,Shenandoah,subsea20,202008,0,0,0,0.0,0.0,0.0,0.0,2
G31938,Shenandoah,Shenandoah,subsea20,202009,0,0,0,0.0,0.0,0.0,0.0,2
G31938,Shenandoah,Shenandoah,subsea20,202010,0,0,0,0.0,0.0,0.0,0.0,2
G31938,Shenandoah,Shenandoah,subsea20,202011,0,0,0,0.0,0.0,0.0,0.0,2
G31938,Shenandoah,Shenandoah,subsea20,202012,0,0,0,0.0,0.0,0.0,0.0,2
G31938,Shenandoah,Shenandoah,subsea20,202101,0,0,0,0.0,0.0,0.0,0.0,2
G31938,Shenandoah,Shenandoah,subsea20,202102,0,0,0,0.0,0.0,0.0,0.0,2
G31938,Shenandoah,Shenandoah,subsea20,202103,0,0,0,0.0,0.0,0.0,0.0,2
G31938,Shenandoah,Shenandoah,subsea20,202104,0,0,0,0.0,0.0,0.0,0.0,2
G31938,Shenandoah,Shenandoah,subsea20,202105,0,0,0,0.0,0.0,0.0,0.0,2
G31938,Shenandoah,Shenandoah,subsea20,202106,0,0,0,0.0,0.0,0.0,0.0,2
G31938,Shenandoah,Shenandoah,subsea20,202107,0,0,0,0.0,0.0,0.0,0.0,2
G31938,Shenandoah,Shenandoah,subsea20,202108,0,0,0,0.0,0.0,0.0,0.0,2
G31938,Shenandoah,Shenandoah,subsea20,202109,0,0,0,0.0,0.0,0.0,0.0,2
G31938,Shenandoah,Shenandoah,subsea20,202110,0,0,0,0.0,0.0,0.0,0.0,2
G31938,Shenandoah,Shenandoah,subsea20,202111,0,0,0,0.0,0.0,0.0,0.0,2
G31938,Shenandoah,Shenandoah,subsea20,202112,0,0,0,0.0,0.0,0.0,0.0,2
G31938,Shenandoah,Shenandoah,subsea20,202201,0,0,0,0.0,0.0,0.0,0.0,2
G31938,Shenandoah,Shenandoah,subsea20,202202,0,0,0,0.0,0.0,0.0,0.0,2
G31938,Shenandoah,Shenandoah,subsea20,202203,0,0,0,0.0,0.0,0.0,0.0,2
G31938,Shenandoah,Shenandoah,subsea20,202204,0,0,0,0.0,0.0,0.0,0.0,2
G31938,Shenandoah,Shenandoah,subsea20,202205,0,0,0,0.0,0.0,0.0,0.0,2
G31938,Shenandoah,Shenandoah,subsea20,202206,0,0,0,0.0,0.0,0.0,0.0,2
G31938,Shenandoah,Shenandoah,subsea20,202207,0,0,0,0.0,0.0,0.0,0.0,2
G31938,Shenandoah,Shenandoah,subsea20,202208,0,0,0,0.0,0.0,0.0,0.0,2
G31938,Shenandoah,Shenandoah,subsea20,202209,0,0,0,0.0,0.0,0.0,0.0,2
G31938,Shenandoah,Shenandoah,subsea20,202210,0,0,0,0.0,0.0,0.0,0.0,2
G31938,Shenandoah,Shenandoah,subsea20,202211,0,0,0,0.0,0.0,0.0,0.0,4
G31938,Shenandoah,Shenandoah,subsea20,202212,0,0,0,0.0,0.0,0.0,0.0,4
G31938,Shenandoah,Shenandoah,subsea20,202301,0,0,0,0.0,0.0,0.0,0.0,5
G31938,Shenandoah,Shenandoah,subsea20,202302,0,0,0,0.0,0.0,0.0,0.0,5
G31938,Shenandoah,Shenandoah,subsea20,202303,0,0,0,0.0,0.0,0.0,0.0,5
G31938,Shenandoah,Shenandoah,subsea20,202304,0,0,0,0.0,0.0,0.0,0.0,5
G31938,Shenandoah,Shenandoah,subsea20,202305,0,0,0,0.0,0.0,0.0,0.0,5
G31938,Shenandoah,Shenandoah,subsea20,202306,0,0,0,0.0,0.0,0.0,0.0,5
G31938,Shenandoah,Shenandoah,subsea20,202307,0,0,0,0.0,0.0,0.0,0.0,5
G31938,Shenandoah,Shenandoah,subsea20,202308,0,0,0,0.0,0.0,0.0,0.0,5
G31938,Shenandoah,Shenandoah,subsea20,202309,0,0,0,0.0,0.0,0.0,0.0,5
G31938,Shenandoah,Shenandoah,subsea20,202310,0,0,0,0.0,0.0,0.0,0.0,6
G31938,Shenandoah,Shenandoah,subsea20,202311,0,0,0,0.0,0.0,0.0,0.0,7
G31938,Shenandoah,Shenandoah,subsea20,202312,0,0,0,0.0,0.0,0.0,0.0,7
G31938,Shenandoah,Shenandoah,subsea20,202401,0,0,0,0.0,0.0,0.0,0.0,7
G31938,Shenandoah,Shenandoah,subsea20,202402,0,0,0,0.0,0.0,0.0,0.0,7
G31938,Shenandoah,Shenandoah,subsea20,202403,0,0,0,0.0,0.0,0.0,0.0,7
G31938,Shenandoah,Shenandoah,subsea20,202404,0,0,0,0.0,0.0,0.0,0.0,7
G31938,Shenandoah,Shenandoah,subsea20,202405,0,0,0,0.0,0.0,0.0,0.0,7
G31938,Shenandoah,Shenandoah,subsea20,202406,0,0,0,0.0,0.0,0.0,0.0,7
G31938,Shenandoah,Shenandoah,subsea20,202407,0,0,0,0.0,0.0,0.0,0.0,8
G31938,Shenandoah,Shenandoah,subsea20,202408,0,0,0,0.0,0.0,0.0,0.0,7
G31938,Shenandoah,Shenandoah,subsea20,202409,0,0,0,0.0,0.0,0.0,0.0,7
G31938,Shenandoah,Shenandoah,subsea20,202410,0,0,0,0.0,0.0,0.0,0.0,7
G31938,Shenandoah,Shenandoah,subsea20,202411,0,0,0,0.0,0.0,0.0,0.0,7
G31938,Shenandoah,Shenandoah,subsea20,202412,0,0,0,0.0,0.0,0.0,0.0,7
G31938,Shenandoah,Shenandoah,subsea20,202501,0,0,0,0.0,0.0,0.0,0.0,7
G31938,Shenandoah,Shenandoah,subsea20,202502,3784,3914,0,1892.0,1957.0,0.003784,0.003914,7
G31938,Shenandoah,Shenandoah,subsea20,202503,0,0,0,0.0,0.0,0.003784,0.003914,7
G31938,Shenandoah,Shenandoah,subsea20,202504,0,0,0,0.0,0.0,0.003784,0.003914,7
G31938,Shenandoah,Shenandoah,subsea20,202505,0,0,0,0.0,0.0,0.003784,0.003914,7
G31938,Shenandoah,Shenandoah,subsea20,202506,0,0,0,0.0,0.0,0.003784,0.003914,7
G32460,North Platte,North Platte,subsea20,201504,0,0,0,0.0,0.0,0.0,0.0,1
