FIELD_NAME,DEV_SYSTEM,PRODUCTION_DATE,OIL_BBLS,GAS_MCF,WATER_BBLS,TOTAL_DAYS_ON_PROD,ACTIVE_WELL_COUNT,ACTIVE_LEASE_COUNT,OIL_RATE_BOPD,GAS_RATE_MCFD,GOR_MCF_BBL,CUMULATIVE_OIL_MMBBL,CUMULATIVE_GAS_BCF
Anchor,subsea20,201412,0,0,0,0,1,1,0.0,0.0,0.0,0.0,0.0
Anchor,subsea20,201501,0,0,0,0,1,1,0.0,0.0,0.0,0.0,0.0
Anchor,subsea20,201502,0,0,0,0,1,1,0.0,0.0,0.0,0.0,0.0
Anchor,subsea20,201503,0,0,0,0,1,1,0.0,0.0,0.0,0.0,0.0
Anchor,subsea20,201504,0,0,0,0,1,1,0.0,0.0,0.0,0.0,0.0
Anchor,subsea20,201505,0,0,0,0,1,1,0.0,0.0,0.0,0.0,0.0
Anchor,subsea20,201506,0,0,0,0,1,1,0.0,0.0,0.0,0.0,0.0
Anchor,subsea20,201507,0,0,0,0,1,1,0.0,0.0,0.0,0.0,0.0
Anchor,subsea20,201508,0,0,0,0,1,1,0.0,0.0,0.0,0.0,0.0
Anchor,subsea20,202204,0,0,0,0,1,1,0.0,0.0,0.0,0.0,0.0
Anchor,subsea20,202205,0,0,0,0,1,1,0.0,0.0,0.0,0.0,0.0
Anchor,subsea20,202206,0,0,0,0,1,1,0.0,0.0,0.0,0.0,0.0
Anchor,subsea20,202207,0,0,0,0,1,1,0.0,0.0,0.0,0.0,0.0
Anchor,subsea20,202208,0,0,0,0,1,1,0.0,0.0,0.0,0.0,0.0
Anchor,subsea20,202209,0,0,0,0,1,1,0.0,0.0,0.0,0.0,0.0
Anchor,subsea20,202210,0,0,0,0,1,1,0.0,0.0,0.0,0.0,0.0
Anchor,subsea20,202211,0,0,0,0,2,1,0.0,0.0,0.0,0.0,0.0
Anchor,subsea20,202212,0,0,0,0,2,1,0.0,0.0,0.0,0.0,0.0
Anchor,subsea20,202301,0,0,0,0,2,1,0.0,0.0,0.0,0.0,0.0
Anchor,subsea20,202302,0,0,0,0,2,1,0.0,0.0,0.0,0.0,0.0
Anchor,subsea20,202303,0,0,0,0,2,1,0.0,0.0,0.0,0.0,0.0
Anchor,subsea20,202304,0,0,0,0,3,1,0.0,0.0,0.0,0.0,0.0
Anchor,subsea20,202305,0,0,0,0,3,1,0.0,0.0,0.0,0.0,0.0
Anchor,subsea20,202306,0,0,0,0,4,1,0.0,0.0,0.0,0.0,0.0
Anchor,subsea20,202307,0,0,0,0,4,1,0.0,0.0,0.0,0.0,0.0
Anchor,subsea20,202308,0,0,0,0,4,1,0.0,0.0,0.0,0.0,0.0
Anchor,subsea20,202309,0,0,0,0,4,1,0.0,0.0,0.0,0.0,0.0
Anchor,subsea20,202310,0,0,0,0,4,1,0.0,0.0,0.0,0.0,0.0
Anchor,subsea20,202311,0,0,0,0,5,2,0.0,0.0,0.0,0.0,0.0
Anchor,subsea20,202312,0,0,0,0,5,2,0.0,0.0,0.0,0.0,0.0
Anchor,subsea20,202401,0,0,0,0,5,2,0.0,0.0,0.0,0.0,0.0
Anchor,subsea20,202402,0,0,0,0,5,2,0.0,0.0,0.0,0.0,0.0
Anchor,subsea20,202403,0,0,0,0,5,2,0.0,0.0,0.0,0.0,0.0
Anchor,subsea20,202404,0,0,0,0,5,2,0.0,0.0,0.0,0.0,0.0
Anchor,subsea20,202405,0,0,0,0,5,2,0.0,0.0,0.0,0.0,0.0
Anchor,subsea20,202406,0,0,0,0,5,2,0.0,0.0,0.0,0.0,0.0
Anchor,subsea20,202407,0,0,0,0,5,2,0.0,0.0,0.0,0.0,0.0
Anchor,subsea20,202408,104348,34390,0,20,5,2,5217.4,1719.5,0.3295702840495266,0.104348,0.03439
Anchor,subsea20,202409,260766,45923,32,22,5,2,11853.0,2087.409090909091,0.17610808157505195,0.365114,0.080313
Anchor,subsea20,202410,482534,132827,0,31,5,2,15565.612903225807,4284.741935483871,0.2752697219263306,0.847648,0.21314
Anchor,subsea20,202411,483142,88764,5,41,5,2,11783.951219512195,2164.9756097560976,0.18372238389541792,1.33079,0.301904
Anchor,subsea20,202412,604969,99894,2208,40,5,2,15124.225,2497.35,0.1651225104096243,1.935759,0.401798
Anchor,subsea20,202501,998925,197455,2340,62,5,2,16111.693548387097,3184.7580645161293,0.1976674925544961,2.934684,0.599253
Anchor,subsea20,202502,908302,280792,2467,56,5,2,16219.67857142857,5014.142857142857,0.3091394712331361,3.842986,0.880045
Anchor,subsea20,202503,1016767,308597,3089,62,5,2,16399.467741935485,4977.370967741936,0.30350808002226665,4.859753,1.188642
Anchor,subsea20,202504,1010000,312526,2492,60,5,2,16833.333333333332,5208.766666666666,0.3094316831683168,5.869753,1.501168
Anchor,subsea20,202505,1043093,322894,1869,62,5,2,16824.08064516129,5207.967741935484,0.30955437338760783,6.912846,1.824062
Anchor,subsea20,202506,1266768,367319,31972,85,5,2,14903.152941176471,4321.4,0.2899654869715686,8.179614,2.191381
Anchor,subsea20,202507,1332019,395795,9465,93,5,2,14322.78494623656,4255.860215053764,0.2971391549219643,9.511633,2.587176
Big Foot,dry,200606,0,0,0,0,2,1,0.0,0.0,0.0,0.0,0.0
Big Foot,dry,200607,0,0,0,0,1,1,0.0,0.0,0.0,0.0,0.0
Big Foot,dry,200608,0,0,0,0,1,1,0.0,0.0,0.0,0.0,0.0
Big Foot,dry,200609,0,0,0,0,1,1,0.0,0.0,0.0,0.0,0.0
Big Foot,dry,200610,0,0,0,0,1,1,0.0,0.0,0.0,0.0,0.0
Big Foot,dry,200611,0,0,0,0,2,1,0.0,0.0,0.0,0.0,0.0
Big Foot,dry,200612,0,0,0,0,2,1,0.0,0.0,0.0,0.0,0.0
Big Foot,dry,200701,0,0,0,0,2,1,0.0,0.0,0.0,0.0,0.0
Big Foot,dry,200702,0,0,0,0,2,1,0.0,0.0,0.0,0.0,0.0
Big Foot,dry,200703,0,0,0,0,2,1,0.0,0.0,0.0,0.0,0.0
Big Foot,dry,200704,0,0,0,0,2,1,0.0,0.0,0.0,0.0,0.0
Big Foot,dry,200705,0,0,0,0,2,1,0.0,0.0,0.0,0.0,0.0
Big Foot,dry,200706,0,0,0,0,2,1,0.0,0.0,0.0,0.0,0.0
Big Foot,dry,200707,0,0,0,0,2,1,0.0,0.0,0.0,0.0,0.0
Big Foot,dry,200708,0,0,0,0,2,1,0.0,0.0,0.0,0.0,0.0
Big Foot,dry,200709,0,0,0,0,2,1,0.0,0.0,0.0,0.0,0.0
Big Foot,dry,200710,0,0,0,0,2,1,0.0,0.0,0.0,0.0,0.0
Big Foot,dry,200711,0,0,0,0,1,1,0.0,0.0,0.0,0.0,0.0
Big Foot,dry,200712,0,0,0,0,2,1,0.0,0.0,0.0,0.0,0.0
Big Foot,dry,200801,0,0,0,0,2,1,0.0,0.0,0.0,0.0,0.0
Big Foot,dry,200802,0,0,0,0,2,1,0.0,0.0,0.0,0.0,0.0
Big Foot,dry,200803,0,0,0,0,2,1,0.0,0.0,0.0,0.0,0.0
Big Foot,dry,200804,0,0,0,0,2,1,0.0,0.0,0.0,0.0,0.0
Big Foot,dry,200805,0,0,0,0,2,1,0.0,0.0,0.0,0.0,0.0
Big Foot,dry,200806,0,0,0,0,2,1,0.0,0.0,0.0,0.0,0.0
Big Foot,dry,200807,0,0,0,0,2,1,0.0,0.0,0.0,0.0,0.0
Big Foot,dry,200808,0,0,0,0,2,1,0.0,0.0,0.0,0.0,0.0
Big Foot,dry,200809,0,0,0,0,2,1,0.0,0.0,0.0,0.0,0.0
Big Foot,dry,200810,0,0,0,0,2,1,0.0,0.0,0.0,0.0,0.0
Big Foot,dry,200811,0,0,0,0,2,1,0.0,0.0,0.0,0.0,0.0
Big Foot,dry,200812,0,0,0,0,2,1,0.0,0.0,0.0,0.0,0.0
Big Foot,dry,200901,0,0,0,0,3,1,0.0,0.0,0.0,0.0,0.0
Big Foot,dry,200902,0,0,0,0,3,1,0.0,0.0,0.0,0.0,0.0
Big Foot,dry,200903,0,0,0,0,3,1,0.0,0.0,0.0,0.0,0.0
Big Foot,dry,200904,0,0,0,0,3,1,0.0,0.0,0.0,0.0,0.0
Big Foot,dry,200905,0,0,0,0,3,1,0.0,0.0,0.0,0.0,0.0
Big Foot,dry,200906,0,0,0,0,3,1,0.0,0.0,0.0,0.0,0.0
Big Foot,dry,200907,0,0,0,0,3,1,0.0,0.0,0.0,0.0,0.0
Big Foot,dry,200908,0,0,0,0,3,1,0.0,0.0,0.0,0.0,0.0
Big Foot,dry,200909,0,0,0,0,3,1,0.0,0.0,0.0,0.0,0.0
Big Foot,dry,200910,0,0,0,0,3,1,0.0,0.0,0.0,0.0,0.0
Big Foot,dry,200911,0,0,0,0,3,1,0.0,0.0,0.0,0.0,0.0
Big Foot,dry,200912,0,0,0,0,3,1,0.0,0.0,0.0,0.0,0.0
Big Foot,dry,201001,0,0,0,0,3,1,0.0,0.0,0.0,0.0,0.0
Big Foot,dry,201002,0,0,0,0,3,1,0.0,0.0,0.0,0.0,0.0
Big Foot,dry,201003,0,0,0,0,3,1,0.0,0.0,0.0,0.0,0.0
Big Foot,dry,201004,0,0,0,0,3,1,0.0,0.0,0.0,0.0,0.0
Big Foot,dry,201005,0,0,0,0,3,1,0.0,0.0,0.0,0.0,0.0
Big Foot,dry,201006,0,0,0,0,3,1,0.0,0.0,0.0,0.0,0.0
Big Foot,dry,201007,0,0,0,0,3,1,0.0,0.0,0.0,0.0,0.0
Big Foot,dry,201008,0,0,0,0,3,1,0.0,0.0,0.0,0.0,0.0
Big Foot,dry,201009,0,0,0,0,3,1,0.0,0.0,0.0,0.0,0.0
Big Foot,dry,201010,0,0,0,0,3,1,0.0,0.0,0.0,0.0,0.0
Big Foot,dry,201011,0,0,0,0,3,1,0.0,0.0,0.0,0.0,0.0
Big Foot,dry,201012,0,0,0,0,3,1,0.0,0.0,0.0,0.0,0.0
Big Foot,dry,201101,0,0,0,0,3,1,0.0,0.0,0.0,0.0,0.0
Big Foot,dry,201102,0,0,0,0,3,1,0.0,0.0,0.0,0.0,0.0
Big Foot,dry,201103,0,0,0,0,3,1,0.0,0.0,0.0,0.0,0.0
Big Foot,dry,201104,0,0,0,0,3,1,0.0,0.0,0.0,0.0,0.0
Big Foot,dry,201105,0,0,0,0,3,1,0.0,0.0,0.0,0.0,0.0
Big Foot,dry,201106,0,0,0,0,3,1,0.0,0.0,0.0,0.0,0.0
Big Foot,dry,201107,0,0,0,0,3,1,0.0,0.0,0.0,0.0,0.0
Big Foot,dry,201108,0,0,0,0,3,1,0.0,0.0,0.0,0.0,0.0
Big Foot,dry,201109,0,0,0,0,3,1,0.0,0.0,0.0,0.0,0.0
Big Foot,dry,201110,0,0,0,0,3,1,0.0,0.0,0.0,0.0,0.0
Big Foot,dry,201111,0,0,0,0,3,1,0.0,0.0,0.0,0.0,0.0
Big Foot,dry,201112,0,0,0,0,2,1,0.0,0.0,0.0,0.0,0.0
Big Foot,dry,201201,0,0,0,0,2,1,0.0,0.0,0.0,0.0,0.0
Big Foot,dry,201202,0,0,0,0,2,1,0.0,0.0,0.0,0.0,0.0
Big Foot,dry,201203,0,0,0,0,2,1,0.0,0.0,0.0,0.0,0.0
Big Foot,dry,201204,0,0,0,0,2,1,0.0,0.0,0.0,0.0,0.0
Big Foot,dry,201205,0,0,0,0,3,1,0.0,0.0,0.0,0.0,0.0
Big Foot,dry,201206,0,0,0,0,3,1,0.0,0.0,0.0,0.0,0.0
Big Foot,dry,201207,0,0,0,0,3,1,0.0,0.0,0.0,0.0,0.0
Big Foot,dry,201208,0,0,0,0,3,1,0.0,0.0,0.0,0.0,0.0
Big Foot,dry,201209,0,0,0,0,3,1,0.0,0.0,0.0,0.0,0.0
Big Foot,dry,201210,0,0,0,0,3,1,0.0,0.0,0.0,0.0,0.0
Big Foot,dry,201211,0,0,0,0,3,1,0.0,0.0,0.0,0.0,0.0
Big Foot,dry,201212,0,0,0,0,3,1,0.0,0.0,0.0,0.0,0.0
Big Foot,dry,201301,0,0,0,0,3,1,0.0,0.0,0.0,0.0,0.0
Big Foot,dry,201302,0,0,0,0,3,1,0.0,0.0,0.0,0.0,0.0
Big Foot,dry,201303,0,0,0,0,3,1,0.0,0.0,0.0,0.0,0.0
Big Foot,dry,201304,0,0,0,0,3,1,0.0,0.0,0.0,0.0,0.0
Big Foot,dry,201305,0,0,0,0,3,1,0.0,0.0,0.0,0.0,0.0
Big Foot,dry,201306,0,0,0,0,3,1,0.0,0.0,0.0,0.0,0.0
Big Foot,dry,201307,0,0,0,0,3,1,0.0,0.0,0.0,0.0,0.0
Big Foot,dry,201308,0,0,0,0,3,1,0.0,0.0,0.0,0.0,0.0
Big Foot,dry,201309,0,0,0,0,3,1,0.0,0.0,0.0,0.0,0.0
Big Foot,dry,201310,0,0,0,0,3,1,0.0,0.0,0.0,0.0,0.0
Big Foot,dry,201311,0,0,0,0,3,1,0.0,0.0,0.0,0.0,0.0
Big Foot,dry,201312,0,0,0,0,3,1,0.0,0.0,0.0,0.0,0.0
Big Foot,dry,201401,0,0,0,0,3,1,0.0,0.0,0.0,0.0,0.0
Big Foot,dry,201402,0,0,0,0,3,1,0.0,0.0,0.0,0.0,0.0
Big Foot,dry,201403,0,0,0,0,3,1,0.0,0.0,0.0,0.0,0.0
Big Foot,dry,201404,0,0,0,0,3,1,0.0,0.0,0.0,0.0,0.0
Big Foot,dry,201405,0,0,0,0,3,1,0.0,0.0,0.0,0.0,0.0
Big Foot,dry,201406,0,0,0,0,3,1,0.0,0.0,0.0,0.0,0.0
Big Foot,dry,201407,0,0,0,0,3,1,0.0,0.0,0.0,0.0,0.0
Big Foot,dry,201408,0,0,0,0,12,1,0.0,0.0,0.0,0.0,0.0
Big Foot,dry,201409,0,0,0,0,12,1,0.0,0.0,0.0,0.0,0.0
Big Foot,dry,201410,0,0,0,0,12,1,0.0,0.0,0.0,0.0,0.0
Big Foot,dry,201411,0,0,0,0,12,1,0.0,0.0,0.0,0.0,0.0
Big Foot,dry,201412,0,0,0,0,12,1,0.0,0.0,0.0,0.0,0.0
Big Foot,dry,201501,0,0,0,0,12,1,0.0,0.0,0.0,0.0,0.0
Big Foot,dry,201502,0,0,0,0,12,1,0.0,0.0,0.0,0.0,0.0
Big Foot,dry,201503,0,0,0,0,12,1,0.0,0.0,0.0,0.0,0.0
Big Foot,dry,201504,0,0,0,0,12,1,0.0,0.0,0.0,0.0,0.0
Big Foot,dry,201505,0,0,0,0,12,1,0.0,0.0,0.0,0.0,0.0
Big Foot,dry,201506,0,0,0,0,12,1,0.0,0.0,0.0,0.0,0.0
Big Foot,dry,201507,0,0,0,0,12,1,0.0,0.0,0.0,0.0,0.0
Big Foot,dry,201508,0,0,0,0,12,1,0.0,0.0,0.0,0.0,0.0
Big Foot,dry,201509,0,0,0,0,12,1,0.0,0.0,0.0,0.0,0.0
Big Foot,dry,201510,0,0,0,0,12,1,0.0,0.0,0.0,0.0,0.0
Big Foot,dry,201511,0,0,0,0,12,1,0.0,0.0,0.0,0.0,0.0
Big Foot,dry,201512,0,0,0,0,12,1,0.0,0.0,0.0,0.0,0.0
Big Foot,dry,201601,0,0,0,0,12,1,0.0,0.0,0.0,0.0,0.0
Big Foot,dry,201602,0,0,0,0,12,1,0.0,0.0,0.0,0.0,0.0
Big Foot,dry,201603,0,0,0,0,12,1,0.0,0.0,0.0,0.0,0.0
Big Foot,dry,201604,0,0,0,0,12,1,0.0,0.0,0.0,0.0,0.0
Big Foot,dry,201605,0,0,0,0,12,1,0.0,0.0,0.0,0.0,0.0
Big Foot,dry,201606,0,0,0,0,12,1,0.0,0.0,0.0,0.0,0.0
Big Foot,dry,201607,0,0,0,0,12,1,0.0,0.0,0.0,0.0,0.0
Big Foot,dry,201608,0,0,0,0,12,1,0.0,0.0,0.0,0.0,0.0
Big Foot,dry,201609,0,0,0,0,12,1,0.0,0.0,0.0,0.0,0.0
Big Foot,dry,201610,0,0,0,0,12,1,0.0,0.0,0.0,0.0,0.0
Big Foot,dry,201611,0,0,0,0,12,1,0.0,0.0,0.0,0.0,0.0
Big Foot,dry,201612,0,0,0,0,12,1,0.0,0.0,0.0,0.0,0.0
Big Foot,dry,201701,0,0,0,0,12,1,0.0,0.0,0.0,0.0,0.0
Big Foot,dry,201702,0,0,0,0,12,1,0.0,0.0,0.0,0.0,0.0
Big Foot,dry,201703,0,0,0,0,12,1,0.0,0.0,0.0,0.0,0.0
Big Foot,dry,201704,0,0,0,0,12,1,0.0,0.0,0.0,0.0,0.0
Big Foot,dry,201705,0,0,0,0,12,1,0.0,0.0,0.0,0.0,0.0
Big Foot,dry,201706,0,0,0,0,12,1,0.0,0.0,0.0,0.0,0.0
Big Foot,dry,201707,0,0,0,0,12,1,0.0,0.0,0.0,0.0,0.0
Big Foot,dry,201708,0,0,0,0,12,1,0.0,0.0,0.0,0.0,0.0
Big Foot,dry,201709,0,0,0,0,12,1,0.0,0.0,0.0,0.0,0.0
Big Foot,dry,201710,0,0,0,0,12,1,0.0,0.0,0.0,0.0,0.0
Big Foot,dry,201711,0,0,0,0,2,1,0.0,0.0,0.0,0.0,0.0
Big Foot,dry,201712,0,0,0,0,12,1,0.0,0.0,0.0,0.0,0.0
Big Foot,dry,201801,0,0,0,0,12,1,0.0,0.0,0.0,0.0,0.0
Big Foot,dry,201802,0,0,0,0,12,1,0.0,0.0,0.0,0.0,0.0
Big Foot,dry,201803,0,0,0,0,12,1,0.0,0.0,0.0,0.0,0.0
Big Foot,dry,201804,0,0,0,0,12,1,0.0,0.0,0.0,0.0,0.0
Big Foot,dry,201805,0,0,0,0,12,1,0.0,0.0,0.0,0.0,0.0
Big Foot,dry,201806,0,0,0,0,12,1,0.0,0.0,0.0,0.0,0.0
Big Foot,dry,201807,0,0,0,0,12,1,0.0,0.0,0.0,0.0,0.0
Big Foot,dry,201808,0,0,0,0,12,1,0.0,0.0,0.0,0.0,0.0
Big Foot,dry,201809,0,0,0,0,12,1,0.0,0.0,0.0,0.0,0.0
Big Foot,dry,201810,0,0,0,0,12,1,0.0,0.0,0.0,0.0,0.0
Big Foot,dry,201811,76395,0,3169,11,13,1,6945.0,0.0,0.0,0.076395,0.0
Big Foot,dry,201812,318469,78869,37,30,13,1,10615.633333333333,2628.9666666666667,0.24765047775450671,0.394864,0.078869
Big Foot,dry,201901,351938,76715,0,31,13,1,11352.838709677419,2474.6774193548385,0.21797873489080463,0.746802,0.155584
Big Foot,dry,201902,317156,64129,0,28,13,1,11327.0,2290.3214285714284,0.20220017909167728,1.063958,0.219713
Big Foot,dry,201903,359552,70914,0,31,13,1,11598.451612903225,2287.548387096774,0.19722877358490565,1.42351,0.290627
Big Foot,dry,201904,354238,68386,0,30,12,1,11807.933333333332,2279.5333333333333,0.1930509996104314,1.777748,0.359013
Big Foot,dry,201905,395316,76034,0,31,12,1,12752.129032258064,2452.7096774193546,0.19233726942496635,2.173064,0.435047
Big Foot,dry,201906,686987,154441,8040,66,13,1,10408.89393939394,2340.0151515151515,0.2248092030853568,2.860051,0.589488
Big Foot,dry,201907,617223,141954,67,49,13,1,12596.387755102041,2897.0204081632655,0.2299881890337852,3.477274,0.731442
Big Foot,dry,201908,790615,189502,62,62,13,1,12751.854838709678,3056.483870967742,0.2396893557546973,4.267889,0.920944
Big Foot,dry,201909,839499,202546,601,60,13,1,13991.65,3375.766666666667,0.24127009085180565,5.107388,1.12349
Big Foot,dry,201910,763129,181322,233,62,13,1,12308.532258064517,2924.548387096774,0.23760334098166888,5.870517,1.304812
Big Foot,dry,201911,753284,178430,830,60,13,1,12554.733333333334,2973.8333333333335,0.23686949410846375,6.623801,1.483242
Big Foot,dry,201912,748882,173901,755,62,13,1,12078.741935483871,2804.8548387096776,0.23221415389874506,7.372683,1.657143
Big Foot,dry,202001,713738,165572,810,62,13,1,11511.90322580645,2670.516129032258,0.23197868125278465,8.086421,1.822715
Big Foot,dry,202002,686271,161273,1708,58,14,1,11832.258620689656,2780.5689655172414,0.23499900185203804,8.772692,1.983988
Big Foot,dry,202003,719697,169627,1862,62,12,1,11608.016129032258,2735.9193548387098,0.23569224270769504,9.492389,2.153615
Big Foot,dry,202004,689321,162911,2047,60,12,1,11488.683333333332,2715.1833333333334,0.23633546635021999,10.18171,2.316526
Big Foot,dry,202005,699486,163337,2483,62,12,1,11282.032258064517,2634.467741935484,0.23351003451105526,10.881196,2.479863
Big Foot,dry,202006,660012,152373,2627,60,12,1,11000.2,2539.55,0.2308639842911947,11.541208,2.632236
Big Foot,dry,202007,681233,157236,2574,62,12,1,10987.629032258064,2536.064516129032,0.23081089729945556,12.222441,2.789472
Big Foot,dry,202008,492555,113674,1964,48,13,1,10261.5625,2368.2083333333335,0.23078437940940605,12.714996,2.903146
Big Foot,dry,202009,509946,60060,2770,58,13,1,8792.172413793103,1035.5172413793102,0.11777717640691367,13.224942,2.963206
Big Foot,dry,202010,697807,134714,2224,69,13,1,10113.144927536232,1952.376811594203,0.19305338008933703,13.922749,3.09792
Big Foot,dry,202011,843089,184413,3218,81,13,1,10408.506172839507,2276.703703703704,0.21873491410752602,14.765838,3.282333
Big Foot,dry,202012,1064265,239566,5237,93,13,1,11443.709677419354,2575.978494623656,0.22509995160979643,15.830103,3.521899
Big Foot,dry,202101,865478,208093,10447,83,13,1,10427.44578313253,2507.144578313253,0.24043707639015666,16.695581,3.729992
Big Foot,dry,202102,457479,92072,9926,58,15,1,7887.568965517241,1587.448275862069,0.201259511365549,17.15306,3.822064
Big Foot,dry,202103,982633,216639,18595,93,13,1,10565.946236559139,2329.451612903226,0.22046786541872704,18.135693,4.038703
Big Foot,dry,202104,959218,230689,23554,90,12,1,10657.977777777778,2563.211111111111,0.2404969464709795,19.094911,4.269392
Big Foot,dry,202105,939284,224521,29434,93,11,1,10099.827956989247,2414.2043010752686,0.23903420051869295,20.034195,4.493913
Big Foot,dry,202106,932205,223758,33359,90,11,1,10357.833333333334,2486.2,0.24003089449209133,20.9664,4.717671
Big Foot,dry,202107,611396,147279,14391,60,12,1,10189.933333333332,2454.65,0.2408897016009264,21.577796,4.86495
Big Foot,dry,202108,944234,245977,2646,103,12,1,9167.320388349515,2388.126213592233,0.2605042817776102,22.52203,5.110927
Big Foot,dry,202109,541983,140866,2767,59,12,1,9186.152542372882,2387.5593220338983,0.25990852111597595,23.064013,5.251793
Big Foot,dry,202110,1293471,330090,71452,123,12,1,10516.024390243903,2683.6585365853657,0.2551970627868735,24.357484,5.581883
Big Foot,dry,202111,1300980,333082,118667,120,12,1,10841.5,2775.6833333333334,0.2560239204292149,25.658464,5.914965
Big Foot,dry,202112,1184428,300923,101659,109,12,1,10866.311926605504,2760.761467889908,0.2540660977281861,26.842892,6.215888
Big Foot,dry,202201,1075446,270253,172936,93,12,1,11563.935483870968,2905.94623655914,0.25129388179415796,27.918338,6.486141
Big Foot,dry,202202,874896,218013,177156,78,12,1,11216.615384615385,2795.0384615384614,0.24918733198002962,28.793234,6.704154
Big Foot,dry,202203,671006,174044,210947,63,12,1,10650.888888888889,2762.6031746031745,0.2593777104824696,29.46424,6.878198
Big Foot,dry,202204,614352,162107,216802,60,12,1,10239.2,2701.7833333333333,0.2638666432273355,30.078592,7.040305
Big Foot,dry,202205,854558,217088,209910,83,12,1,10295.87951807229,2615.5180722891564,0.2540354194800119,30.93315,7.257393
Big Foot,dry,202206,984292,243577,207548,90,12,1,10936.577777777778,2706.411111111111,0.2474641671373942,31.917442,7.50097
Big Foot,dry,202207,1034751,258728,220842,113,12,1,9157.08849557522,2289.6283185840707,0.25003889824701786,32.952193,7.759698
Big Foot,dry,202208,899304,223346,162951,105,12,1,8564.8,2127.1047619047617,0.24835428286763986,33.851497,7.983044
Big Foot,dry,202209,1034906,251683,225541,112,12,1,9240.232142857143,2247.1696428571427,0.24319406786703335,34.886403,8.234727
Big Foot,dry,202210,1043696,251230,244672,123,12,1,8485.333333333334,2042.520325203252,0.24071185479296653,35.930099,8.485957
Big Foot,dry,202211,1008223,243414,244375,120,12,1,8401.858333333334,2028.45,0.24142873154054212,36.938322,8.729371
Big Foot,dry,202212,1026000,248213,262203,124,12,1,8274.193548387097,2001.717741935484,0.24192300194931773,37.964322,8.977584
Big Foot,dry,202301,1006208,240861,268363,124,12,1,8114.580645161291,1942.4274193548388,0.23937496024678795,38.97053,9.218445
Big Foot,dry,202302,896233,213520,245604,130,13,1,6894.1,1642.4615384615386,0.23824161797211216,39.866763,9.431965
Big Foot,dry,202303,981353,230986,288394,155,13,1,6331.309677419355,1490.2322580645161,0.23537503833992457,40.848116,9.662951
Big Foot,dry,202304,922781,215753,235850,141,13,1,6544.54609929078,1530.163120567376,0.2338073714131522,41.770897,9.878704
Big Foot,dry,202305,969297,227547,292797,155,13,1,6253.529032258065,1468.0451612903225,0.234754672716412,42.740194,10.106251
Big Foot,dry,202306,945840,222338,295424,150,13,1,6305.6,1482.2533333333333,0.23506935633933856,43.686034,10.328589
Big Foot,dry,202307,961470,229805,303618,195,13,1,4930.615384615385,1178.4871794871794,0.23901421781230825,44.647504,10.558394
Big Foot,dry,202308,949370,229407,307379,179,13,1,5303.743016759777,1281.6033519553073,0.24164129896668318,45.596874,10.787801
Big Foot,dry,202309,946830,232745,294830,178,13,1,5319.269662921349,1307.556179775281,0.24581498262623702,46.543704,11.020546
Big Foot,dry,202310,992773,244990,303706,186,12,1,5337.489247311828,1317.1505376344087,0.24677343159010168,47.536477,11.265536
Big Foot,dry,202311,948054,233750,291223,178,12,1,5326.146067415731,1313.2022471910113,0.24655768553268062,48.484531,11.499286
Big Foot,dry,202312,1066058,269217,312969,201,13,1,5303.771144278607,1339.3880597014925,0.2525350403073754,49.550589,11.768503
Big Foot,dry,202401,1122178,281663,328692,214,13,1,5243.822429906542,1316.1822429906542,0.2509967224451023,50.672767,12.050166
Big Foot,dry,202402,1019382,248175,332242,203,13,1,5021.586206896552,1222.536945812808,0.24345632942312107,51.692149,12.298341
Big Foot,dry,202403,1055997,245821,369931,217,13,1,4866.345622119816,1132.815668202765,0.23278569920179698,52.748146,12.544162
Big Foot,dry,202404,1037818,253756,375515,210,13,1,4941.990476190476,1208.3619047619047,0.24450915285724473,53.785964,12.797918
Big Foot,dry,202405,1059140,267989,395661,217,13,1,4880.829493087557,1234.9723502304148,0.25302509583246785,54.845104,13.065907
Big Foot,dry,202406,1017966,246156,400073,209,13,1,4870.650717703349,1177.77990430622,0.24181161256859265,55.86307,13.312063
Big Foot,dry,202407,1044021,261673,424200,217,12,1,4811.156682027649,1205.8663594470047,0.2506395944142886,56.907091,13.573736
Big Foot,dry,202408,1040256,271878,431480,187,12,1,5562.866310160428,1453.8930481283423,0.26135681985972686,57.947347,13.845614
Big Foot,dry,202409,874813,226968,304248,132,12,1,6627.371212121212,1719.4545454545455,0.2594474476259498,58.82216,14.072582
Big Foot,dry,202410,1028348,265627,445555,217,12,1,4738.930875576037,1224.0875576036867,0.25830458171747306,59.850508,14.338209
Big Foot,dry,202411,801057,199661,340508,170,12,1,4712.1,1174.4764705882353,0.249246932490447,60.651565,14.53787
Big Foot,dry,202412,974187,227524,444883,214,12,1,4552.27570093458,1063.196261682243,0.23355269573500775,61.625752,14.765394
Big Foot,dry,202501,1021303,252067,454688,236,13,1,4327.5550847457625,1068.0805084745762,0.24680922311987724,62.647055,15.017461
Big Foot,dry,202502,974688,247485,419128,222,13,1,4390.486486486487,1114.7972972972973,0.25391202107751404,63.621743,15.264946
Big Foot,dry,202503,1114640,284953,482583,245,13,1,4549.551020408163,1163.073469387755,0.2556457690375368,64.736383,15.549899
Big Foot,dry,202504,1053985,265965,454458,234,12,1,4504.209401709401,1136.6025641025642,0.252342300886635,65.790368,15.815864
Big Foot,dry,202505,1080288,269987,459317,238,12,1,4539.0252100840335,1134.3991596638655,0.2499213172783554,66.870656,16.085851
Big Foot,dry,202506,1032743,263979,449968,230,12,1,4490.186956521739,1147.7347826086957,0.2556095756640326,67.903399,16.34983
Big Foot,dry,202507,1059213,267335,456813,239,12,1,4431.8535564853555,1118.5564853556486,0.2523902180203604,68.962612,16.617165
Cascade Chinook,subsea15,200204,0,0,0,0,1,1,0.0,0.0,0.0,0.0,0.0
Cascade Chinook,subsea15,200206,0,0,0,0,1,1,0.0,0.0,0.0,0.0,0.0
Cascade Chinook,subsea15,200306,0,0,0,0,1,1,0.0,0.0,0.0,0.0,0.0
Cascade Chinook,subsea15,200307,0,0,0,0,1,1,0.0,0.0,0.0,0.0,0.0
Cascade Chinook,subsea15,200308,0,0,0,0,1,1,0.0,0.0,0.0,0.0,0.0
Cascade Chinook,subsea15,200309,0,0,0,0,1,1,0.0,0.0,0.0,0.0,0.0
Cascade Chinook,subsea15,200310,0,0,0,0,1,1,0.0,0.0,0.0,0.0,0.0
Cascade Chinook,subsea15,200311,0,0,0,0,1,1,0.0,0.0,0.0,0.0,0.0
Cascade Chinook,subsea15,200312,0,0,0,0,1,1,0.0,0.0,0.0,0.0,0.0
Cascade Chinook,subsea15,200401,0,0,0,0,1,1,0.0,0.0,0.0,0.0,0.0
Cascade Chinook,subsea15,200402,0,0,0,0,1,1,0.0,0.0,0.0,0.0,0.0
Cascade Chinook,subsea15,200403,0,0,0,0,1,1,0.0,0.0,0.0,0.0,0.0
Cascade Chinook,subsea15,200404,0,0,0,0,1,1,0.0,0.0,0.0,0.0,0.0
Cascade Chinook,subsea15,200405,0,0,0,0,1,1,0.0,0.0,0.0,0.0,0.0
Cascade Chinook,subsea15,200406,0,0,0,0,1,1,0.0,0.0,0.0,0.0,0.0
Cascade Chinook,subsea15,200407,0,0,0,0,1,1,0.0,0.0,0.0,0.0,0.0
Cascade Chinook,subsea15,200408,0,0,0,0,1,1,0.0,0.0,0.0,0.0,0.0
Cascade Chinook,subsea15,200409,0,0,0,0,1,1,0.0,0.0,0.0,0.0,0.0
Cascade Chinook,subsea15,200410,0,0,0,0,1,1,0.0,0.0,0.0,0.0,0.0
Cascade Chinook,subsea15,200411,0,0,0,0,1,1,0.0,0.0,0.0,0.0,0.0
Cascade Chinook,subsea15,200412,0,0,0,0,1,1,0.0,0.0,0.0,0.0,0.0
Cascade Chinook,subsea15,200501,0,0,0,0,1,1,0.0,0.0,0.0,0.0,0.0
Cascade Chinook,subsea15,200502,0,0,0,0,1,1,0.0,0.0,0.0,0.0,0.0
Cascade Chinook,subsea15,200503,0,0,0,0,1,1,0.0,0.0,0.0,0.0,0.0
Cascade Chinook,subsea15,200504,0,0,0,0,1,1,0.0,0.0,0.0,0.0,0.0
Cascade Chinook,subsea15,200505,0,0,0,0,1,1,0.0,0.0,0.0,0.0,0.0
Cascade Chinook,subsea15,200506,0,0,0,0,1,1,0.0,0.0,0.0,0.0,0.0
Cascade Chinook,subsea15,200507,0,0,0,0,1,1,0.0,0.0,0.0,0.0,0.0
Cascade Chinook,subsea15,200508,0,0,0,0,1,1,0.0,0.0,0.0,0.0,0.0
Cascade Chinook,subsea15,200509,0,0,0,0,1,1,0.0,0.0,0.0,0.0,0.0
Cascade Chinook,subsea15,200510,0,0,0,0,2,2,0.0,0.0,0.0,0.0,0.0
Cascade Chinook,subsea15,200511,0,0,0,0,1,1,0.0,0.0,0.0,0.0,0.0
Cascade Chinook,subsea15,200512,0,0,0,0,1,1,0.0,0.0,0.0,0.0,0.0
Cascade Chinook,subsea15,200601,0,0,0,0,1,1,0.0,0.0,0.0,0.0,0.0
Cascade Chinook,subsea15,200602,0,0,0,0,1,1,0.0,0.0,0.0,0.0,0.0
Cascade Chinook,subsea15,200603,0,0,0,0,1,1,0.0,0.0,0.0,0.0,0.0
Cascade Chinook,subsea15,200604,0,0,0,0,1,1,0.0,0.0,0.0,0.0,0.0
Cascade Chinook,subsea15,200605,0,0,0,0,1,1,0.0,0.0,0.0,0.0,0.0
Cascade Chinook,subsea15,200606,0,0,0,0,1,1,0.0,0.0,0.0,0.0,0.0
Cascade Chinook,subsea15,200607,0,0,0,0,1,1,0.0,0.0,0.0,0.0,0.0
Cascade Chinook,subsea15,200608,0,0,0,0,1,1,0.0,0.0,0.0,0.0,0.0
Cascade Chinook,subsea15,200609,0,0,0,0,1,1,0.0,0.0,0.0,0.0,0.0
Cascade Chinook,subsea15,200610,0,0,0,0,1,1,0.0,0.0,0.0,0.0,0.0
Cascade Chinook,subsea15,200611,0,0,0,0,1,1,0.0,0.0,0.0,0.0,0.0
Cascade Chinook,subsea15,200612,0,0,0,0,1,1,0.0,0.0,0.0,0.0,0.0
Cascade Chinook,subsea15,200701,0,0,0,0,1,1,0.0,0.0,0.0,0.0,0.0
Cascade Chinook,subsea15,200702,0,0,0,0,1,1,0.0,0.0,0.0,0.0,0.0
Cascade Chinook,subsea15,200703,0,0,0,0,1,1,0.0,0.0,0.0,0.0,0.0
Cascade Chinook,subsea15,200704,0,0,0,0,1,1,0.0,0.0,0.0,0.0,0.0
Cascade Chinook,subsea15,200705,0,0,0,0,1,1,0.0,0.0,0.0,0.0,0.0
Cascade Chinook,subsea15,200706,0,0,0,0,1,1,0.0,0.0,0.0,0.0,0.0
Cascade Chinook,subsea15,200707,0,0,0,0,1,1,0.0,0.0,0.0,0.0,0.0
Cascade Chinook,subsea15,200708,0,0,0,0,1,1,0.0,0.0,0.0,0.0,0.0
Cascade Chinook,subsea15,200709,0,0,0,0,1,1,0.0,0.0,0.0,0.0,0.0
Cascade Chinook,subsea15,200710,0,0,0,0,1,1,0.0,0.0,0.0,0.0,0.0
Cascade Chinook,subsea15,200711,0,0,0,0,1,1,0.0,0.0,0.0,0.0,0.0
Cascade Chinook,subsea15,200712,0,0,0,0,1,1,0.0,0.0,0.0,0.0,0.0
Cascade Chinook,subsea15,200801,0,0,0,0,1,1,0.0,0.0,0.0,0.0,0.0
Cascade Chinook,subsea15,200802,0,0,0,0,1,1,0.0,0.0,0.0,0.0,0.0
Cascade Chinook,subsea15,200803,0,0,0,0,1,1,0.0,0.0,0.0,0.0,0.0
Cascade Chinook,subsea15,200804,0,0,0,0,1,1,0.0,0.0,0.0,0.0,0.0
Cascade Chinook,subsea15,200805,0,0,0,0,1,1,0.0,0.0,0.0,0.0,0.0
Cascade Chinook,subsea15,200806,0,0,0,0,1,1,0.0,0.0,0.0,0.0,0.0
Cascade Chinook,subsea15,200807,0,0,0,0,1,1,0.0,0.0,0.0,0.0,0.0
Cascade Chinook,subsea15,200808,0,0,0,0,1,1,0.0,0.0,0.0,0.0,0.0
Cascade Chinook,subsea15,200809,0,0,0,0,1,1,0.0,0.0,0.0,0.0,0.0
Cascade Chinook,subsea15,200810,0,0,0,0,1,1,0.0,0.0,0.0,0.0,0.0
Cascade Chinook,subsea15,200811,0,0,0,0,1,1,0.0,0.0,0.0,0.0,0.0
Cascade Chinook,subsea15,200812,0,0,0,0,1,1,0.0,0.0,0.0,0.0,0.0
Cascade Chinook,subsea15,200901,0,0,0,0,1,1,0.0,0.0,0.0,0.0,0.0
Cascade Chinook,subsea15,200902,0,0,0,0,1,1,0.0,0.0,0.0,0.0,0.0
Cascade Chinook,subsea15,200903,0,0,0,0,1,1,0.0,0.0,0.0,0.0,0.0
Cascade Chinook,subsea15,200904,0,0,0,0,1,1,0.0,0.0,0.0,0.0,0.0
Cascade Chinook,subsea15,200905,0,0,0,0,1,1,0.0,0.0,0.0,0.0,0.0
Cascade Chinook,subsea15,200906,0,0,0,0,1,1,0.0,0.0,0.0,0.0,0.0
Cascade Chinook,subsea15,200907,0,0,0,0,1,1,0.0,0.0,0.0,0.0,0.0
Cascade Chinook,subsea15,200908,0,0,0,0,1,1,0.0,0.0,0.0,0.0,0.0
Cascade Chinook,subsea15,200909,0,0,0,0,1,1,0.0,0.0,0.0,0.0,0.0
Cascade Chinook,subsea15,200910,0,0,0,0,1,1,0.0,0.0,0.0,0.0,0.0
Cascade Chinook,subsea15,200911,0,0,0,0,2,2,0.0,0.0,0.0,0.0,0.0
Cascade Chinook,subsea15,200912,0,0,0,0,2,2,0.0,0.0,0.0,0.0,0.0
Cascade Chinook,subsea15,201001,0,0,0,0,3,2,0.0,0.0,0.0,0.0,0.0
Cascade Chinook,subsea15,201002,0,0,0,0,3,2,0.0,0.0,0.0,0.0,0.0
Cascade Chinook,subsea15,201003,0,0,0,0,2,2,0.0,0.0,0.0,0.0,0.0
Cascade Chinook,subsea15,201004,0,0,0,0,2,2,0.0,0.0,0.0,0.0,0.0
Cascade Chinook,subsea15,201005,0,0,0,0,3,2,0.0,0.0,0.0,0.0,0.0
Cascade Chinook,subsea15,201006,0,0,0,0,3,2,0.0,0.0,0.0,0.0,0.0
Cascade Chinook,subsea15,201007,0,0,0,0,3,2,0.0,0.0,0.0,0.0,0.0
Cascade Chinook,subsea15,201008,0,0,0,0,3,2,0.0,0.0,0.0,0.0,0.0
Cascade Chinook,subsea15,201009,0,0,0,0,3,2,0.0,0.0,0.0,0.0,0.0
Cascade Chinook,subsea15,201010,0,0,0,0,3,2,0.0,0.0,0.0,0.0,0.0
Cascade Chinook,subsea15,201011,0,0,0,0,3,2,0.0,0.0,0.0,0.0,0.0
Cascade Chinook,subsea15,201012,0,0,0,0,3,2,0.0,0.0,0.0,0.0,0.0
Cascade Chinook,subsea15,201101,0,0,0,0,3,2,0.0,0.0,0.0,0.0,0.0
Cascade Chinook,subsea15,201102,0,0,0,0,3,2,0.0,0.0,0.0,0.0,0.0
Cascade Chinook,subsea15,201103,0,0,0,0,3,2,0.0,0.0,0.0,0.0,0.0
Cascade Chinook,subsea15,201104,0,0,0,0,3,2,0.0,0.0,0.0,0.0,0.0
Cascade Chinook,subsea15,201105,0,0,0,0,3,2,0.0,0.0,0.0,0.0,0.0
Cascade Chinook,subsea15,201106,0,0,0,0,3,2,0.0,0.0,0.0,0.0,0.0
Cascade Chinook,subsea15,201107,0,0,0,0,3,2,0.0,0.0,0.0,0.0,0.0
Cascade Chinook,subsea15,201108,0,0,0,0,3,2,0.0,0.0,0.0,0.0,0.0
Cascade Chinook,subsea15,201109,0,0,0,0,3,2,0.0,0.0,0.0,0.0,0.0
Cascade Chinook,subsea15,201110,0,0,0,0,3,2,0.0,0.0,0.0,0.0,0.0
Cascade Chinook,subsea15,201111,0,0,0,0,3,2,0.0,0.0,0.0,0.0,0.0
Cascade Chinook,subsea15,201112,0,0,0,0,3,2,0.0,0.0,0.0,0.0,0.0
Cascade Chinook,subsea15,201201,0,0,0,0,3,2,0.0,0.0,0.0,0.0,0.0
Cascade Chinook,subsea15,201202,0,0,0,0,3,2,0.0,0.0,0.0,0.0,0.0
Cascade Chinook,subsea15,201203,0,0,0,0,3,2,0.0,0.0,0.0,0.0,0.0
Cascade Chinook,subsea15,201204,0,0,0,0,3,2,0.0,0.0,0.0,0.0,0.0
Cascade Chinook,subsea15,201205,0,0,0,0,2,1,0.0,0.0,0.0,0.0,0.0
Cascade Chinook,subsea15,201206,0,0,0,0,2,1,0.0,0.0,0.0,0.0,0.0
Cascade Chinook,subsea15,201207,0,0,0,0,2,1,0.0,0.0,0.0,0.0,0.0
Cascade Chinook,subsea15,201208,0,0,0,0,2,1,0.0,0.0,0.0,0.0,0.0
Cascade Chinook,subsea15,201209,141633,14801,3564,16,2,1,8852.0625,925.0625,0.10450248176625504,0.141633,0.014801
Cascade Chinook,subsea15,201210,190569,28217,2327,26,2,1,7329.576923076923,1085.2692307692307,0.14806710430342815,0.332202,0.043018
Cascade Chinook,subsea15,201211,258862,37883,1846,30,2,1,8628.733333333334,1262.7666666666667,0.14634438426652038,0.591064,0.080901
Cascade Chinook,subsea15,201212,303286,43560,4729,31,2,1,9783.41935483871,1405.1612903225807,0.14362680769966302,0.89435,0.124461
Cascade Chinook,subsea15,201301,273899,37908,4174,31,2,1,8835.451612903225,1222.8387096774193,0.13840138153114834,1.168249,0.162369
Cascade Chinook,subsea15,201302,233477,30729,4260,28,2,1,8338.464285714286,1097.4642857142858,0.13161467724872258,1.401726,0.193098
Cascade Chinook,subsea15,201303,238109,34363,5112,31,2,1,7680.935483870968,1108.483870967742,0.14431625852025753,1.639835,0.227461
Cascade Chinook,subsea15,201304,222025,33952,6150,30,2,1,7400.833333333333,1131.7333333333333,0.15291971624817025,1.86186,0.261413
Cascade Chinook,subsea15,201305,219232,32695,6794,31,2,1,7072.0,1054.6774193548388,0.1491342504743833,2.081092,0.294108
Cascade Chinook,subsea15,201306,206966,30786,7025,30,2,1,6898.866666666667,1026.2,0.1487490698955384,2.288058,0.324894
Cascade Chinook,subsea15,201307,204064,30225,8415,31,2,1,6582.709677419355,975.0,0.14811529716167476,2.492122,0.355119
Cascade Chinook,subsea15,201308,202289,32319,8169,31,2,1,6525.451612903225,1042.5483870967741,0.15976647271972277,2.694411,0.387438
Cascade Chinook,subsea15,201309,184174,35197,7009,30,2,1,6139.133333333333,1173.2333333333333,0.1911073224233605,2.878585,0.422635
Cascade Chinook,subsea15,201310,191815,36121,8004,31,2,1,6187.580645161291,1165.1935483870968,0.18831165445872325,3.0704,0.458756
Cascade Chinook,subsea15,201311,155095,27512,7024,28,2,1,5539.107142857143,982.5714285714286,0.17738805248396144,3.225495,0.486268
Cascade Chinook,subsea15,201312,36988,4113,2219,11,3,2,3362.5454545454545,373.90909090909093,0.11119822645182222,3.262483,0.490381
Cascade Chinook,subsea15,201401,276572,53379,20468,61,3,2,4533.9672131147545,875.0655737704918,0.19300218387978538,3.539055,0.54376
Cascade Chinook,subsea15,201402,321846,60534,12110,56,2,2,5747.25,1080.9642857142858,0.18808374191383456,3.860901,0.604294
Cascade Chinook,subsea15,201403,488581,87234,18583,62,2,2,7880.3387096774195,1407.0,0.1785456249833702,4.349482,0.691528
Cascade Chinook,subsea15,201404,430384,78646,16799,60,2,2,7173.066666666667,1310.7666666666667,0.18273448827093944,4.779866,0.770174
Cascade Chinook,subsea15,201405,436130,79396,16508,62,2,2,7034.354838709677,1280.5806451612902,0.18204663747047897,5.215996,0.84957
Cascade Chinook,subsea15,201406,390953,69637,13392,60,2,2,6515.883333333333,1160.6166666666666,0.17812115522837785,5.606949,0.919207
Cascade Chinook,subsea15,201407,391837,69264,12001,62,2,2,6319.951612903225,1117.1612903225807,0.17676738031375291,5.998786,0.988471
Cascade Chinook,subsea15,201408,360942,65817,14440,62,2,2,5821.645161290323,1061.5645161290322,0.1823478564423093,6.359728,1.054288
Cascade Chinook,subsea15,201409,330047,62561,14262,60,2,2,5500.783333333334,1042.6833333333334,0.1895517911085391,6.689775,1.116849
Cascade Chinook,subsea15,201410,388089,55245,27822,62,2,2,6259.5,891.0483870967741,0.14235136785634223,7.077864,1.172094
Cascade Chinook,subsea15,201411,266327,47370,18425,60,2,2,4438.783333333334,789.5,0.17786405433921457,7.344191,1.219464
Cascade Chinook,subsea15,201412,131339,30351,10150,30,2,2,4377.966666666666,1011.7,0.2310890139257951,7.47553,1.249815
Cascade Chinook,subsea15,201501,124325,27591,7577,31,2,2,4010.483870967742,890.0322580645161,0.22192640257389906,7.599855,1.277406
Cascade Chinook,subsea15,201502,113199,24029,11896,28,2,2,4042.8214285714284,858.1785714285714,0.21227219321725457,7.713054,1.301435
Cascade Chinook,subsea15,201503,120865,24458,16628,31,2,2,3898.8709677419356,788.9677419354839,0.20235800273031895,7.833919,1.325893
Cascade Chinook,subsea15,201504,110519,24501,15475,30,2,2,3683.9666666666667,816.7,0.221690388078068,7.944438,1.350394
Cascade Chinook,subsea15,201505,107041,20879,15944,31,2,2,3452.935483870968,673.516129032258,0.19505609999906579,8.051479,1.371273
Cascade Chinook,subsea15,201506,106335,19078,17742,30,2,2,3544.5,635.9333333333333,0.17941411576621055,8.157814,1.390351
Cascade Chinook,subsea15,201507,106848,19522,20599,31,2,2,3446.7096774193546,629.741935483871,0.18270814615154238,8.264662,1.409873
Cascade Chinook,subsea15,201508,104919,21045,22541,31,2,2,3384.483870967742,678.8709677419355,0.20058330712263747,8.369581,1.430918
Cascade Chinook,subsea15,201509,98502,19238,22337,30,3,2,3283.4,641.2666666666667,0.19530567907250615,8.468083,1.450156
Cascade Chinook,subsea15,201510,97917,19512,22485,31,3,2,3158.6129032258063,629.4193548387096,0.19927081099298385,8.566,1.469668
Cascade Chinook,subsea15,201511,94057,18234,21406,30,3,2,3135.233333333333,607.8,0.19386116929096187,8.660057,1.487902
Cascade Chinook,subsea15,201512,89564,15265,25632,31,3,2,2889.1612903225805,492.4193548387097,0.1704367826358805,8.749621,1.503167
Cascade Chinook,subsea15,201601,91747,16502,23342,31,3,2,2959.5806451612902,532.3225806451613,0.1798641917446892,8.841368,1.519669
Cascade Chinook,subsea15,201602,68866,12545,16486,23,3,2,2994.1739130434785,545.4347826086956,0.18216536462114832,8.910234,1.532214
Cascade Chinook,subsea15,201603,46013,9907,11704,16,3,2,2875.8125,619.1875,0.21530871710168864,8.956247,1.542121
Cascade Chinook,subsea15,201604,51552,8973,8828,30,3,2,1718.4,299.1,0.1740572625698324,9.007799,1.551094
Cascade Chinook,subsea15,201605,0,0,0,0,3,2,0.0,0.0,0.0,9.007799,1.551094
Cascade Chinook,subsea15,201606,49073,10232,15069,19,3,2,2582.7894736842104,538.5263157894736,0.20850569559635646,9.056872,1.561326
Cascade Chinook,subsea15,201607,83644,17340,23664,31,3,2,2698.1935483870966,559.3548387096774,0.20730715891157764,9.140516,1.578666
Cascade Chinook,subsea15,201608,79414,16569,24840,31,3,2,2561.7419354838707,534.483870967742,0.2086407938146926,9.21993,1.595235
Cascade Chinook,subsea15,201609,75556,14969,23587,30,3,2,2518.5333333333333,498.96666666666664,0.19811795224733972,9.295486,1.610204
Cascade Chinook,subsea15,201610,65432,12255,21775,26,3,2,2516.6153846153848,471.34615384615387,0.18729367893385498,9.360918,1.622459
Cascade Chinook,subsea15,201611,76997,15395,23509,30,3,2,2566.5666666666666,513.1666666666666,0.19994285491642533,9.437915,1.637854
Cascade Chinook,subsea15,201612,77491,15912,26161,31,3,2,2499.7096774193546,513.2903225806451,0.20533997496483464,9.515406,1.653766
Cascade Chinook,subsea15,201701,74095,15499,29858,31,3,2,2390.1612903225805,499.96774193548384,0.20917740738241447,9.589501,1.669265
Cascade Chinook,subsea15,201702,65352,13444,26748,28,3,2,2334.0,480.14285714285717,0.20571673399436896,9.654853,1.682709
Cascade Chinook,subsea15,201703,68495,15881,30944,31,3,2,2209.516129032258,512.2903225806451,0.23185633987882326,9.723348,1.69859
Cascade Chinook,subsea15,201704,70560,14410,25350,30,3,2,2352.0,480.3333333333333,0.2042233560090703,9.793908,1.713
Cascade Chinook,subsea15,201705,75640,15867,25974,31,3,2,2440.0,511.83870967741933,0.2097699629825489,9.869548,1.728867
Cascade Chinook,subsea15,201706,68936,15859,22980,30,3,2,2297.866666666667,528.6333333333333,0.23005396309620518,9.938484,1.744726
Cascade Chinook,subsea15,201707,73419,16215,22572,31,3,2,2368.3548387096776,523.0645161290323,0.2208556368242553,10.011903,1.760941
Cascade Chinook,subsea15,201708,68441,16091,29174,30,3,2,2281.366666666667,536.3666666666667,0.23510761093496588,10.080344,1.777032
Cascade Chinook,subsea15,201709,64439,17453,27377,30,3,2,2147.9666666666667,581.7666666666667,0.27084529555083103,10.144783,1.794485
Cascade Chinook,subsea15,201710,68442,19026,24337,31,3,2,2207.8064516129034,613.741935483871,0.2779872008415885,10.213225,1.813511
Cascade Chinook,subsea15,201711,58911,18187,26323,30,3,2,1963.7,606.2333333333333,0.30871993345894655,10.272136,1.831698
Cascade Chinook,subsea15,201712,58897,17719,26229,30,3,2,1963.2333333333333,590.6333333333333,0.30084724179499805,10.331033,1.849417
Cascade Chinook,subsea15,201801,61453,13978,27472,31,3,2,1982.3548387096773,450.9032258064516,0.22745838282915398,10.392486,1.863395
Cascade Chinook,subsea15,201802,58497,13465,21384,28,3,2,2089.1785714285716,480.89285714285717,0.23018274441424347,10.450983,1.87686
Cascade Chinook,subsea15,201803,62593,15630,23880,31,3,2,2019.1290322580646,504.19354838709677,0.24970843385043057,10.513576,1.89249
Cascade Chinook,subsea15,201804,58613,15654,25919,30,3,2,1953.7666666666667,521.8,0.2670738573354034,10.572189,1.908144
Cascade Chinook,subsea15,201805,59363,16972,26242,31,3,2,1914.9354838709678,547.483870967742,0.2859019928238128,10.631552,1.925116
Cascade Chinook,subsea15,201806,59069,15298,23645,30,3,2,1968.9666666666667,509.93333333333334,0.2589852545328345,10.690621,1.940414
Cascade Chinook,subsea15,201807,135582,23522,34915,36,3,2,3766.1666666666665,653.3888888888889,0.17348910622354,10.826203,1.963936
Cascade Chinook,subsea15,201808,523936,78891,48191,54,3,2,9702.518518518518,1460.9444444444443,0.1505737341965431,11.350139,2.042827
Cascade Chinook,subsea15,201809,663826,97633,45146,59,3,2,11251.28813559322,1654.7966101694915,0.14707619165263186,12.013965,2.14046
Cascade Chinook,subsea15,201810,717958,108160,45983,62,3,2,11579.967741935483,1744.516129032258,0.15064948088885421,12.731923,2.24862
Cascade Chinook,subsea15,201811,670037,104092,42978,60,3,2,11167.283333333333,1734.8666666666666,0.15535261485559754,13.40196,2.352712
Cascade Chinook,subsea15,201812,669038,104102,43552,62,3,2,10790.935483870968,1679.0645161290322,0.15559953246302902,14.070998,2.456814
Cascade Chinook,subsea15,201901,619082,92282,42547,62,3,2,9985.193548387097,1488.4193548387098,0.14906264436698208,14.69008,2.549096
Cascade Chinook,subsea15,201902,556589,84672,41980,56,3,2,9939.089285714286,1512.0,0.15212661407250233,15.246669,2.633768
Cascade Chinook,subsea15,201903,593157,95778,49059,62,3,2,9567.048387096775,1544.8064516129032,0.1614715834087771,15.839826,2.729546
Cascade Chinook,subsea15,201904,545135,86652,56219,60,3,2,9085.583333333334,1444.2,0.158955121208508,16.384961,2.816198
Cascade Chinook,subsea15,201905,542891,88045,60597,60,3,2,9048.183333333332,1467.4166666666667,0.1621780431062589,16.927852,2.904243
Cascade Chinook,subsea15,201906,488711,79107,44420,56,3,2,8726.982142857143,1412.625,0.16186867085046172,17.416563,2.98335
Cascade Chinook,subsea15,201907,510279,82562,65306,62,3,2,8230.306451612903,1331.6451612903227,0.16179776161668422,17.926842,3.065912
Cascade Chinook,subsea15,201908,497719,81626,18980,60,3,2,8295.316666666668,1360.4333333333334,0.1640001687699284,18.424561,3.147538
Cascade Chinook,subsea15,201909,466787,77246,64796,59,3,2,7911.64406779661,1309.2542372881355,0.1654844715041336,18.891348,3.224784
Cascade Chinook,subsea15,201910,473360,76369,69310,62,3,2,7634.8387096774195,1231.758064516129,0.1613338685144499,19.364708,3.301153
Cascade Chinook,subsea15,201911,468091,72874,75561,60,3,2,7801.516666666666,1214.5666666666666,0.15568340344078396,19.832799,3.374027
Cascade Chinook,subsea15,201912,409952,70611,73852,62,3,2,6612.129032258064,1138.8870967741937,0.17224211615018345,20.242751,3.444638
Cascade Chinook,subsea15,202001,427330,67465,80442,62,3,2,6892.419354838709,1088.1451612903227,0.1578756464559006,20.670081,3.512103
Cascade Chinook,subsea15,202002,394846,64635,89203,58,3,2,6807.689655172414,1114.396551724138,0.1636967323969345,21.064927,3.576738
Cascade Chinook,subsea15,202003,417423,69160,96572,62,3,2,6732.629032258064,1115.483870967742,0.1656832517614027,21.48235,3.645898
Cascade Chinook,subsea15,202004,396443,63984,86429,60,3,2,6607.383333333333,1066.4,0.1613952068771551,21.878793,3.709882
Cascade Chinook,subsea15,202005,401615,64845,75235,62,3,2,6477.6612903225805,1045.8870967741937,0.16146060281612987,22.280408,3.774727
Cascade Chinook,subsea15,202006,381189,61425,75579,60,3,2,6353.15,1023.75,0.16114053658421412,22.661597,3.836152
Cascade Chinook,subsea15,202007,382798,62063,43159,62,3,2,6174.1612903225805,1001.016129032258,0.1621298961854555,23.044395,3.898215
Cascade Chinook,subsea15,202008,302357,49585,34027,49,3,2,6170.551020408163,1011.9387755102041,0.16399488022437053,23.346752,3.9478
Cascade Chinook,subsea15,202009,371110,58436,74245,55,3,2,6747.454545454545,1062.4727272727273,0.15746274689445178,23.717862,4.006236
Cascade Chinook,subsea15,202010,58544,54668,42205,58,3,2,1009.3793103448276,942.551724137931,0.933793386171085,23.776406,4.060904
Cascade Chinook,subsea15,202011,298412,44175,60771,31,3,2,9626.193548387097,1425.0,0.14803359114244735,24.074818,4.105079
Cascade Chinook,subsea15,202012,292764,42127,45326,30,3,2,9758.8,1404.2333333333333,0.14389405801259716,24.367582,4.147206
Cascade Chinook,subsea15,202101,276531,39928,51907,30,3,2,9217.7,1330.9333333333334,0.1443888750266697,24.644113,4.187134
Cascade Chinook,subsea15,202102,301856,48429,80601,47,3,2,6422.468085106383,1030.404255319149,0.16043742711756598,24.945969,4.235563
Cascade Chinook,subsea15,202103,341400,53564,137804,62,3,2,5506.451612903225,863.9354838709677,0.15689513766842414,25.287369,4.289127
Cascade Chinook,subsea15,202104,308512,51060,83279,58,3,2,5319.172413793103,880.3448275862069,0.1655040970853646,25.595881,4.340187
Cascade Chinook,subsea15,202105,332427,51326,78889,62,3,2,5361.725806451613,827.8387096774194,0.15439780763897035,25.928308,4.391513
Cascade Chinook,subsea15,202106,311625,49493,76113,60,3,2,5193.75,824.8833333333333,0.1588223024468512,26.239933,4.441006
Cascade Chinook,subsea15,202107,317088,51378,75854,62,3,2,5114.322580645161,828.6774193548387,0.16203072963972145,26.557021,4.492384
Cascade Chinook,subsea15,202108,279354,46453,66444,55,3,2,5079.163636363636,844.6,0.16628721979996708,26.836375,4.538837
Cascade Chinook,subsea15,202109,302561,49767,76621,60,3,2,5042.683333333333,829.45,0.16448583921919877,27.138936,4.588604
Cascade Chinook,subsea15,202110,308324,50414,79031,62,3,2,4972.967741935484,813.1290322580645,0.16350981435113712,27.44726,4.639018
Cascade Chinook,subsea15,202111,291183,45512,79395,60,3,2,4853.05,758.5333333333333,0.15630033346726974,27.738443,4.68453
Cascade Chinook,subsea15,202112,287990,33193,90645,62,3,2,4645.0,535.3709677419355,0.11525747421785479,28.026433,4.717723
Cascade Chinook,subsea15,202201,293016,45939,102920,62,3,2,4726.064516129032,740.9516129032259,0.15677983454828406,28.319449,4.763662
Cascade Chinook,subsea15,202202,194330,30221,108255,42,3,2,4626.9047619047615,719.547619047619,0.15551381670354553,28.513779,4.793883
Cascade Chinook,subsea15,202203,294701,45304,99009,62,3,2,4753.241935483871,730.7096774193549,0.1537286945073142,28.80848,4.839187
Cascade Chinook,subsea15,202204,279732,43418,90886,60,3,2,4662.2,723.6333333333333,0.15521284658172824,29.088212,4.882605
Cascade Chinook,subsea15,202205,294034,44919,77799,62,3,2,4742.4838709677415,724.5,0.15276804723263296,29.382246,4.927524
Cascade Chinook,subsea15,202206,252011,41891,71973,60,3,2,4200.183333333333,698.1833333333333,0.1662268710492796,29.634257,4.969415
Cascade Chinook,subsea15,202207,282194,43935,69223,60,3,2,4703.233333333334,732.25,0.1556907659269864,29.916451,5.01335
Cascade Chinook,subsea15,202208,268076,43261,53965,62,3,2,4323.806451612903,697.758064516129,0.16137587848222146,30.184527,5.056611
Cascade Chinook,subsea15,202209,266370,16070,43276,60,3,2,4439.5,267.8333333333333,0.060329616698577164,30.450897,5.072681
Cascade Chinook,subsea15,202210,268891,41839,73811,62,3,2,4336.951612903225,674.8225806451613,0.15559836513680264,30.719788,5.11452
Cascade Chinook,subsea15,202211,259905,40053,82748,60,3,2,4331.75,667.55,0.154106308074104,30.979693,5.154573
Cascade Chinook,subsea15,202212,249214,39344,66843,58,3,2,4296.793103448276,678.3448275862069,0.1578723506705081,31.228907,5.193917
Cascade Chinook,subsea15,202301,264031,41806,74269,62,3,2,4258.564516129032,674.2903225806451,0.15833746794883935,31.492938,5.235723
Cascade Chinook,subsea15,202302,237201,37556,74521,56,3,2,4235.732142857143,670.6428571428571,0.15832985527042467,31.730139,5.273279
Cascade Chinook,subsea15,202303,176233,28064,44825,44,3,2,4005.2954545454545,637.8181818181819,0.15924372847310095,31.906372,5.301343
Cascade Chinook,subsea15,202304,245461,39512,50704,60,3,2,4091.016666666667,658.5333333333333,0.1609705818846986,32.151833,5.340855
Cascade Chinook,subsea15,202305,250883,41371,47741,62,3,2,4046.5,667.2741935483871,0.16490156766301423,32.402716,5.382226
Cascade Chinook,subsea15,202306,238084,39218,86205,60,3,2,3968.0666666666666,653.6333333333333,0.16472337494329733,32.6408,5.421444
Cascade Chinook,subsea15,202307,245141,40076,92244,62,3,2,3953.8870967741937,646.3870967741935,0.16348142497583024,32.885941,5.46152
Cascade Chinook,subsea15,202308,243282,40170,96807,62,3,2,3923.9032258064517,647.9032258064516,0.1651170246873998,33.129223,5.50169
Cascade Chinook,subsea15,202309,232545,38729,91538,60,3,2,3875.75,645.4833333333333,0.16654410974220044,33.361768,5.540419
Cascade Chinook,subsea15,202310,239617,39675,92807,62,3,2,3864.7903225806454,639.9193548387096,0.16557673286953764,33.601385,5.580094
Cascade Chinook,subsea15,202311,459957,39380,94588,60,3,2,7665.95,656.3333333333334,0.08561669895229336,34.061342,5.619474
Cascade Chinook,subsea15,202312,235970,37804,87125,62,3,2,3805.967741935484,609.741935483871,0.16020680594990888,34.297312,5.657278
Cascade Chinook,subsea15,202401,232536,40091,95975,62,3,2,3750.5806451612902,646.6290322580645,0.17240771321429801,34.529848,5.697369
Cascade Chinook,subsea15,202402,196587,30770,81046,54,3,2,3640.5,569.8148148148148,0.1565210314008556,34.726435,5.728139
Cascade Chinook,subsea15,202403,131670,21701,71662,38,3,2,3465.0,571.078947368421,0.16481354902407533,34.858105,5.74984
Cascade Chinook,subsea15,202404,202628,35843,81273,56,3,2,3618.3571428571427,640.0535714285714,0.17689065677004165,35.060733,5.785683
Cascade Chinook,subsea15,202405,238788,42119,87070,62,3,2,3851.4193548387098,679.3387096774194,0.1763865855905657,35.299521,5.827802
Cascade Chinook,subsea15,202406,208854,37347,94817,60,3,2,3480.9,622.45,0.17881869631417163,35.508375,5.865149
Cascade Chinook,subsea15,202407,207485,38312,85297,62,3,2,3346.532258064516,617.9354838709677,0.18464949273441453,35.71586,5.903461
Cascade Chinook,subsea15,202408,230813,42406,84256,62,3,2,3722.7903225806454,683.9677419354839,0.18372448692231375,35.946673,5.945867
Cascade Chinook,subsea15,202409,203870,40088,77964,59,3,2,3455.423728813559,679.457627118644,0.19663511060970226,36.150543,5.985955
Cascade Chinook,subsea15,202410,69764,41965,71529,60,3,2,1162.7333333333333,699.4166666666666,0.6015280087150966,36.220307,6.02792
Cascade Chinook,subsea15,202411,212005,39699,76198,60,3,2,3533.4166666666665,661.65,0.18725501757034033,36.432312,6.067619
Cascade Chinook,subsea15,202412,193488,37226,70495,58,3,2,3336.0,641.8275862068965,0.19239436037376995,36.6258,6.104845
Cascade Chinook,subsea15,202501,209529,42652,76641,59,3,2,3551.3389830508477,722.9152542372881,0.20356132086727852,36.835329,6.147497
Cascade Chinook,subsea15,202502,192431,37415,72030,56,3,2,3436.2678571428573,668.125,0.19443332934922128,37.02776,6.184912
Cascade Chinook,subsea15,202503,218297,40440,74929,62,3,2,3520.9193548387098,652.258064516129,0.18525220227488237,37.246057,6.225352
Cascade Chinook,subsea15,202504,123034,25923,49929,36,3,2,3417.6111111111113,720.0833333333334,0.2106978558772372,37.369091,6.251275
Cascade Chinook,subsea15,202505,216199,40210,87736,62,3,2,3487.0806451612902,648.5483870967741,0.18598605913995903,37.58529,6.291485
Cascade Chinook,subsea15,202506,205601,37728,74951,60,3,2,3426.6833333333334,628.8,0.18350105301044256,37.790891,6.329213
Jack St Malo,subsea15,200009,0,0,0,0,1,1,0.0,0.0,0.0,0.0,0.0
Jack St Malo,subsea15,200010,0,0,0,0,1,1,0.0,0.0,0.0,0.0,0.0
Jack St Malo,subsea15,200011,0,0,0,0,2,1,0.0,0.0,0.0,0.0,0.0
Jack St Malo,subsea15,200012,0,0,0,0,1,1,0.0,0.0,0.0,0.0,0.0
Jack St Malo,subsea15,200101,0,0,0,0,1,1,0.0,0.0,0.0,0.0,0.0
Jack St Malo,subsea15,200310,0,0,0,0,1,1,0.0,0.0,0.0,0.0,0.0
Jack St Malo,subsea15,200311,0,0,0,0,1,1,0.0,0.0,0.0,0.0,0.0
Jack St Malo,subsea15,200312,0,0,0,0,1,1,0.0,0.0,0.0,0.0,0.0
Jack St Malo,subsea15,200401,0,0,0,0,1,1,0.0,0.0,0.0,0.0,0.0
Jack St Malo,subsea15,200402,0,0,0,0,1,1,0.0,0.0,0.0,0.0,0.0
Jack St Malo,subsea15,200403,0,0,0,0,1,1,0.0,0.0,0.0,0.0,0.0
Jack St Malo,subsea15,200404,0,0,0,0,1,1,0.0,0.0,0.0,0.0,0.0
Jack St Malo,subsea15,200405,0,0,0,0,2,2,0.0,0.0,0.0,0.0,0.0
Jack St Malo,subsea15,200406,0,0,0,0,2,1,0.0,0.0,0.0,0.0,0.0
Jack St Malo,subsea15,200407,0,0,0,0,2,2,0.0,0.0,0.0,0.0,0.0
Jack St Malo,subsea15,200408,0,0,0,0,2,2,0.0,0.0,0.0,0.0,0.0
Jack St Malo,subsea15,200409,0,0,0,0,2,2,0.0,0.0,0.0,0.0,0.0
Jack St Malo,subsea15,200410,0,0,0,0,2,2,0.0,0.0,0.0,0.0,0.0
Jack St Malo,subsea15,200411,0,0,0,0,2,2,0.0,0.0,0.0,0.0,0.0
Jack St Malo,subsea15,200412,0,0,0,0,2,2,0.0,0.0,0.0,0.0,0.0
Jack St Malo,subsea15,200501,0,0,0,0,2,2,0.0,0.0,0.0,0.0,0.0
Jack St Malo,subsea15,200502,0,0,0,0,2,2,0.0,0.0,0.0,0.0,0.0
Jack St Malo,subsea15,200503,0,0,0,0,2,2,0.0,0.0,0.0,0.0,0.0
Jack St Malo,subsea15,200504,0,0,0,0,2,2,0.0,0.0,0.0,0.0,0.0
Jack St Malo,subsea15,200505,0,0,0,0,2,2,0.0,0.0,0.0,0.0,0.0
Jack St Malo,subsea15,200506,0,0,0,0,2,2,0.0,0.0,0.0,0.0,0.0
Jack St Malo,subsea15,200507,0,0,0,0,2,2,0.0,0.0,0.0,0.0,0.0
Jack St Malo,subsea15,200508,0,0,0,0,2,2,0.0,0.0,0.0,0.0,0.0
Jack St Malo,subsea15,200509,0,0,0,0,2,2,0.0,0.0,0.0,0.0,0.0
Jack St Malo,subsea15,200510,0,0,0,0,2,2,0.0,0.0,0.0,0.0,0.0
Jack St Malo,subsea15,200511,0,0,0,0,2,2,0.0,0.0,0.0,0.0,0.0
Jack St Malo,subsea15,200512,0,0,0,0,3,3,0.0,0.0,0.0,0.0,0.0
Jack St Malo,subsea15,200601,0,0,0,0,3,3,0.0,0.0,0.0,0.0,0.0
Jack St Malo,subsea15,200602,0,0,0,0,3,3,0.0,0.0,0.0,0.0,0.0
Jack St Malo,subsea15,200603,0,0,0,0,3,3,0.0,0.0,0.0,0.0,0.0
Jack St Malo,subsea15,200604,0,0,0,0,3,3,0.0,0.0,0.0,0.0,0.0
Jack St Malo,subsea15,200605,0,0,0,0,3,3,0.0,0.0,0.0,0.0,0.0
Jack St Malo,subsea15,200606,0,0,0,0,3,3,0.0,0.0,0.0,0.0,0.0
Jack St Malo,subsea15,200607,0,0,0,0,3,3,0.0,0.0,0.0,0.0,0.0
Jack St Malo,subsea15,200608,82051,0,0,31,3,3,2646.8064516129034,0.0,0.0,0.082051,0.0
Jack St Malo,subsea15,200609,0,0,0,0,3,3,0.0,0.0,0.0,0.082051,0.0
Jack St Malo,subsea15,200610,0,0,0,0,3,3,0.0,0.0,0.0,0.082051,0.0
Jack St Malo,subsea15,200611,0,0,0,0,3,3,0.0,0.0,0.0,0.082051,0.0
Jack St Malo,subsea15,200612,0,0,0,0,3,3,0.0,0.0,0.0,0.082051,0.0
Jack St Malo,subsea15,200701,0,0,0,0,3,3,0.0,0.0,0.0,0.082051,0.0
Jack St Malo,subsea15,200702,0,0,0,0,3,3,0.0,0.0,0.0,0.082051,0.0
Jack St Malo,subsea15,200703,0,0,0,0,3,3,0.0,0.0,0.0,0.082051,0.0
Jack St Malo,subsea15,200704,0,0,0,0,3,3,0.0,0.0,0.0,0.082051,0.0
Jack St Malo,subsea15,200705,0,0,0,0,3,3,0.0,0.0,0.0,0.082051,0.0
Jack St Malo,subsea15,200706,0,0,0,0,3,3,0.0,0.0,0.0,0.082051,0.0
Jack St Malo,subsea15,200707,0,0,0,0,3,3,0.0,0.0,0.0,0.082051,0.0
Jack St Malo,subsea15,200708,0,0,0,0,4,4,0.0,0.0,0.0,0.082051,0.0
Jack St Malo,subsea15,200709,0,0,0,0,4,4,0.0,0.0,0.0,0.082051,0.0
Jack St Malo,subsea15,200710,0,0,0,0,4,4,0.0,0.0,0.0,0.082051,0.0
Jack St Malo,subsea15,200711,0,0,0,0,4,4,0.0,0.0,0.0,0.082051,0.0
Jack St Malo,subsea15,200712,0,0,0,0,4,4,0.0,0.0,0.0,0.082051,0.0
Jack St Malo,subsea15,200801,0,0,0,0,4,4,0.0,0.0,0.0,0.082051,0.0
Jack St Malo,subsea15,200802,0,0,0,0,4,4,0.0,0.0,0.0,0.082051,0.0
Jack St Malo,subsea15,200803,0,0,0,0,4,4,0.0,0.0,0.0,0.082051,0.0
Jack St Malo,subsea15,200804,0,0,0,0,5,4,0.0,0.0,0.0,0.082051,0.0
Jack St Malo,subsea15,200805,0,0,0,0,4,4,0.0,0.0,0.0,0.082051,0.0
Jack St Malo,subsea15,200806,0,0,0,0,6,4,0.0,0.0,0.0,0.082051,0.0
Jack St Malo,subsea15,200807,0,0,0,0,4,4,0.0,0.0,0.0,0.082051,0.0
Jack St Malo,subsea15,200808,0,0,0,0,5,4,0.0,0.0,0.0,0.082051,0.0
Jack St Malo,subsea15,200809,0,0,0,0,4,4,0.0,0.0,0.0,0.082051,0.0
Jack St Malo,subsea15,200810,0,0,0,0,4,4,0.0,0.0,0.0,0.082051,0.0
Jack St Malo,subsea15,200811,0,0,0,0,6,4,0.0,0.0,0.0,0.082051,0.0
Jack St Malo,subsea15,200812,0,0,0,0,5,4,0.0,0.0,0.0,0.082051,0.0
Jack St Malo,subsea15,200901,0,0,0,0,5,4,0.0,0.0,0.0,0.082051,0.0
Jack St Malo,subsea15,200902,0,0,0,0,5,4,0.0,0.0,0.0,0.082051,0.0
Jack St Malo,subsea15,200903,0,0,0,0,5,4,0.0,0.0,0.0,0.082051,0.0
Jack St Malo,subsea15,200904,0,0,0,0,5,4,0.0,0.0,0.0,0.082051,0.0
Jack St Malo,subsea15,200905,0,0,0,0,5,4,0.0,0.0,0.0,0.082051,0.0
Jack St Malo,subsea15,200906,0,0,0,0,5,4,0.0,0.0,0.0,0.082051,0.0
Jack St Malo,subsea15,200907,0,0,0,0,5,4,0.0,0.0,0.0,0.082051,0.0
Jack St Malo,subsea15,200908,0,0,0,0,5,4,0.0,0.0,0.0,0.082051,0.0
Jack St Malo,subsea15,200909,0,0,0,0,5,4,0.0,0.0,0.0,0.082051,0.0
Jack St Malo,subsea15,200910,0,0,0,0,5,4,0.0,0.0,0.0,0.082051,0.0
Jack St Malo,subsea15,200911,0,0,0,0,5,4,0.0,0.0,0.0,0.082051,0.0
Jack St Malo,subsea15,200912,0,0,0,0,5,4,0.0,0.0,0.0,0.082051,0.0
Jack St Malo,subsea15,201001,0,0,0,0,5,4,0.0,0.0,0.0,0.082051,0.0
Jack St Malo,subsea15,201002,0,0,0,0,5,4,0.0,0.0,0.0,0.082051,0.0
Jack St Malo,subsea15,201003,0,0,0,0,5,4,0.0,0.0,0.0,0.082051,0.0
Jack St Malo,subsea15,201004,0,0,0,0,5,4,0.0,0.0,0.0,0.082051,0.0
Jack St Malo,subsea15,201005,0,0,0,0,5,4,0.0,0.0,0.0,0.082051,0.0
Jack St Malo,subsea15,201006,0,0,0,0,5,4,0.0,0.0,0.0,0.082051,0.0
Jack St Malo,subsea15,201007,0,0,0,0,5,4,0.0,0.0,0.0,0.082051,0.0
Jack St Malo,subsea15,201008,0,0,0,0,5,4,0.0,0.0,0.0,0.082051,0.0
Jack St Malo,subsea15,201009,0,0,0,0,5,4,0.0,0.0,0.0,0.082051,0.0
Jack St Malo,subsea15,201010,0,0,0,0,5,4,0.0,0.0,0.0,0.082051,0.0
Jack St Malo,subsea15,201011,0,0,0,0,5,4,0.0,0.0,0.0,0.082051,0.0
Jack St Malo,subsea15,201012,0,0,0,0,5,4,0.0,0.0,0.0,0.082051,0.0
Jack St Malo,subsea15,201101,0,0,0,0,5,4,0.0,0.0,0.0,0.082051,0.0
Jack St Malo,subsea15,201102,0,0,0,0,5,4,0.0,0.0,0.0,0.082051,0.0
Jack St Malo,subsea15,201103,0,0,0,0,5,4,0.0,0.0,0.0,0.082051,0.0
Jack St Malo,subsea15,201104,0,0,0,0,5,4,0.0,0.0,0.0,0.082051,0.0
Jack St Malo,subsea15,201105,0,0,0,0,5,4,0.0,0.0,0.0,0.082051,0.0
Jack St Malo,subsea15,201106,0,0,0,0,5,4,0.0,0.0,0.0,0.082051,0.0
Jack St Malo,subsea15,201107,0,0,0,0,5,4,0.0,0.0,0.0,0.082051,0.0
Jack St Malo,subsea15,201108,0,0,0,0,5,4,0.0,0.0,0.0,0.082051,0.0
Jack St Malo,subsea15,201109,0,0,0,0,5,4,0.0,0.0,0.0,0.082051,0.0
Jack St Malo,subsea15,201110,0,0,0,0,5,4,0.0,0.0,0.0,0.082051,0.0
Jack St Malo,subsea15,201111,0,0,0,0,8,4,0.0,0.0,0.0,0.082051,0.0
Jack St Malo,subsea15,201112,0,0,0,0,10,4,0.0,0.0,0.0,0.082051,0.0
Jack St Malo,subsea15,201201,0,0,0,0,10,4,0.0,0.0,0.0,0.082051,0.0
Jack St Malo,subsea15,201202,0,0,0,0,10,4,0.0,0.0,0.0,0.082051,0.0
Jack St Malo,subsea15,201203,0,0,0,0,11,4,0.0,0.0,0.0,0.082051,0.0
Jack St Malo,subsea15,201204,0,0,0,0,11,4,0.0,0.0,0.0,0.082051,0.0
Jack St Malo,subsea15,201205,0,0,0,0,11,4,0.0,0.0,0.0,0.082051,0.0
Jack St Malo,subsea15,201206,0,0,0,0,12,4,0.0,0.0,0.0,0.082051,0.0
Jack St Malo,subsea15,201207,0,0,0,0,12,4,0.0,0.0,0.0,0.082051,0.0
Jack St Malo,subsea15,201208,46451,10746,0,1,13,4,46451.0,10746.0,0.2313405524100665,0.128502,0.010746
Jack St Malo,subsea15,201209,0,0,0,0,13,4,0.0,0.0,0.0,0.128502,0.010746
Jack St Malo,subsea15,201210,0,0,0,0,13,4,0.0,0.0,0.0,0.128502,0.010746
Jack St Malo,subsea15,201211,0,0,0,0,12,4,0.0,0.0,0.0,0.128502,0.010746
Jack St Malo,subsea15,201212,0,0,0,0,12,4,0.0,0.0,0.0,0.128502,0.010746
Jack St Malo,subsea15,201301,76878,18686,0,1,13,4,76878.0,18686.0,0.2430604334139806,0.20538,0.029432
Jack St Malo,subsea15,201302,0,0,0,0,13,4,0.0,0.0,0.0,0.20538,0.029432
Jack St Malo,subsea15,201303,0,0,0,0,13,4,0.0,0.0,0.0,0.20538,0.029432
Jack St Malo,subsea15,201304,0,0,0,0,13,4,0.0,0.0,0.0,0.20538,0.029432
Jack St Malo,subsea15,201305,0,0,0,0,13,4,0.0,0.0,0.0,0.20538,0.029432
Jack St Malo,subsea15,201306,0,0,0,0,13,4,0.0,0.0,0.0,0.20538,0.029432
Jack St Malo,subsea15,201307,0,0,0,0,13,4,0.0,0.0,0.0,0.20538,0.029432
Jack St Malo,subsea15,201308,0,0,0,0,13,4,0.0,0.0,0.0,0.20538,0.029432
Jack St Malo,subsea15,201309,0,0,0,0,13,4,0.0,0.0,0.0,0.20538,0.029432
Jack St Malo,subsea15,201310,0,0,0,0,13,4,0.0,0.0,0.0,0.20538,0.029432
Jack St Malo,subsea15,201311,0,0,0,0,13,4,0.0,0.0,0.0,0.20538,0.029432
Jack St Malo,subsea15,201312,0,0,0,0,13,4,0.0,0.0,0.0,0.20538,0.029432
Jack St Malo,subsea15,201401,0,0,0,0,13,4,0.0,0.0,0.0,0.20538,0.029432
Jack St Malo,subsea15,201402,0,0,0,0,13,4,0.0,0.0,0.0,0.20538,0.029432
Jack St Malo,subsea15,201403,0,0,0,0,13,4,0.0,0.0,0.0,0.20538,0.029432
Jack St Malo,subsea15,201404,0,0,0,0,13,4,0.0,0.0,0.0,0.20538,0.029432
Jack St Malo,subsea15,201405,0,0,0,0,13,4,0.0,0.0,0.0,0.20538,0.029432
Jack St Malo,subsea15,201406,0,0,0,0,13,4,0.0,0.0,0.0,0.20538,0.029432
Jack St Malo,subsea15,201407,0,0,0,0,13,4,0.0,0.0,0.0,0.20538,0.029432
Jack St Malo,subsea15,201408,0,0,0,0,13,4,0.0,0.0,0.0,0.20538,0.029432
Jack St Malo,subsea15,201409,0,0,0,0,13,4,0.0,0.0,0.0,0.20538,0.029432
Jack St Malo,subsea15,201410,0,0,0,0,13,4,0.0,0.0,0.0,0.20538,0.029432
Jack St Malo,subsea15,201411,0,0,0,0,13,4,0.0,0.0,0.0,0.20538,0.029432
Jack St Malo,subsea15,201412,560349,158470,13810,71,13,4,7892.239436619719,2231.9718309859154,0.2828058941838033,0.765729,0.187902
Jack St Malo,subsea15,201501,776779,205261,11233,74,13,4,10497.013513513513,2773.7972972972975,0.2642463300372435,1.542508,0.393163
Jack St Malo,subsea15,201502,1080634,270048,33105,97,13,4,11140.556701030928,2784.0,0.24989774521253263,2.623142,0.663211
Jack St Malo,subsea15,201503,1503060,378988,18256,116,13,4,12957.413793103447,3267.137931034483,0.25214429231035357,4.126202,1.042199
Jack St Malo,subsea15,201504,1758634,442264,24957,138,13,4,12743.72463768116,3204.8115942028985,0.2514815476102475,5.884836,1.484463
Jack St Malo,subsea15,201505,1915565,486160,23262,151,13,4,12685.860927152318,3219.6026490066224,0.25379457235854697,7.800401,1.970623
Jack St Malo,subsea15,201506,1954587,493102,21310,150,13,4,13030.58,3287.346666666667,0.252279381782443,9.754988,2.463725
Jack St Malo,subsea15,201507,1533037,388816,18804,132,13,4,11613.916666666666,2945.5757575757575,0.25362466789777416,11.288025,2.852541
Jack St Malo,subsea15,201508,2300122,581146,32322,186,14,4,12366.247311827958,3124.440860215054,0.2526587720129628,13.588147,3.433687
Jack St Malo,subsea15,201509,2189745,548616,18839,180,13,4,12165.25,3047.866666666667,0.25053876136262443,15.777892,3.982303
Jack St Malo,subsea15,201510,2166183,545606,20265,186,13,4,11646.145161290322,2933.3655913978496,0.2518743799577413,17.944075,4.527909
Jack St Malo,subsea15,201511,1831807,460480,16655,168,13,4,10903.613095238095,2740.9523809523807,0.25138019452922716,19.775882,4.988389
Jack St Malo,subsea15,201512,2209596,553805,14778,186,13,4,11879.548387096775,2977.44623655914,0.25063631541693593,21.985478,5.542194
Jack St Malo,subsea15,201601,2197959,549500,17195,186,13,4,11816.983870967742,2954.3010752688174,0.2500046634172885,24.183437,6.091694
Jack St Malo,subsea15,201602,2065386,517659,15064,174,13,4,11870.034482758621,2975.051724137931,0.25063547443431883,26.248823,6.609353
Jack St Malo,subsea15,201603,2266725,560871,16427,186,13,4,12186.693548387097,3015.435483870968,0.24743672037851966,28.515548,7.170224
Jack St Malo,subsea15,201604,2212454,565782,21182,195,12,4,11345.917948717948,2901.4461538461537,0.2557259947551452,30.728002,7.736006
Jack St Malo,subsea15,201605,2384362,609717,21615,198,13,4,12042.232323232323,3079.378787878788,0.25571494596877486,33.112364,8.345723
Jack St Malo,subsea15,201606,2825560,714507,26054,232,13,4,12179.137931034482,3079.771551724138,0.2528727048797407,35.937924,9.06023
Jack St Malo,subsea15,201607,2935958,737168,18207,248,13,4,11838.540322580646,2972.451612903226,0.25108261085478745,38.873882,9.797398
Jack St Malo,subsea15,201608,2863994,726203,15790,250,14,5,11455.976,2904.812,0.2535630312074676,41.737876,10.523601
Jack St Malo,subsea15,201609,3096388,776746,19305,270,14,5,11468.103703703704,2876.837037037037,0.25085551293959285,44.834264,11.300347
Jack St Malo,subsea15,201610,3214450,781208,14341,279,13,5,11521.326164874552,2800.0286738351256,0.2430300673521131,48.048714,12.081555
Jack St Malo,subsea15,201611,2923171,693659,11247,262,14,5,11157.141221374046,2647.553435114504,0.2372967575280406,50.971885,12.775214
Jack St Malo,subsea15,201612,3361529,783889,13708,279,14,5,12048.491039426523,2809.6379928315414,0.23319418038636586,54.333414,13.559103
Jack St Malo,subsea15,201701,3338220,773958,25924,294,15,5,11354.489795918367,2632.5102040816328,0.23184751154807054,57.671634,14.333061
Jack St Malo,subsea15,201702,2983653,697560,12550,253,16,5,11793.09486166008,2757.1541501976285,0.23379394319647762,60.655287,15.030621
Jack St Malo,subsea15,201703,3419780,800348,24038,307,17,5,11139.348534201954,2606.99674267101,0.23403493791998314,64.075067,15.830969
Jack St Malo,subsea15,201704,3415947,789725,26518,300,18,5,11386.49,2632.4166666666665,0.23118772041837884,67.491014,16.620694
Jack St Malo,subsea15,201705,3651759,846802,39317,329,16,5,11099.57142857143,2573.8662613981764,0.23188879660459522,71.142773,17.467496
Jack St Malo,subsea15,201706,3699615,870448,29957,330,16,5,11210.954545454546,2637.721212121212,0.23528069812669697,74.842388,18.337944
Jack St Malo,subsea15,201707,3762897,878806,29044,337,17,5,11165.86646884273,2607.73293768546,0.23354505850146842,78.605285,19.21675
Jack St Malo,subsea15,201708,3119009,733833,18334,292,17,5,10681.537671232876,2513.126712328767,0.23527761542207798,81.724294,19.950583
Jack St Malo,subsea15,201709,3205422,741747,16639,280,17,5,11447.935714285713,2649.0964285714285,0.23140385259725552,84.929716,20.69233
Jack St Malo,subsea15,201710,2846809,672250,15540,264,17,5,10783.367424242424,2546.401515151515,0.23614158870510807,87.776525,21.36458
Jack St Malo,subsea15,201711,3244057,762497,21915,297,17,5,10922.750841750842,2567.3299663299663,0.2350442671013487,91.020582,22.127077
Jack St Malo,subsea15,201712,3442310,806105,12421,310,17,5,11104.225806451614,2600.3387096774195,0.23417559720071696,94.462892,22.933182
Jack St Malo,subsea15,201801,3466699,811697,27352,339,18,5,10226.250737463128,2394.3864306784662,0.23414118156782576,97.929591,23.744879
Jack St Malo,subsea15,201802,3256671,776003,17822,308,18,5,10573.607142857143,2519.4902597402597,0.2382810544878497,101.186262,24.520882
Jack St Malo,subsea15,201803,3692377,873785,20355,341,18,5,10828.08504398827,2562.4193548387098,0.23664566213038377,104.878639,25.394667
Jack St Malo,subsea15,201804,3510417,824825,38085,358,18,5,9805.63407821229,2303.9804469273745,0.23496496285199167,108.389056,26.219492
Jack St Malo,subsea15,201805,4053380,956329,38356,372,20,5,10896.182795698925,2570.77688172043,0.235933714578944,112.442436,27.175821
Jack St Malo,subsea15,201806,4008407,951863,42423,363,18,5,11042.443526170799,2622.212121212121,0.23746665445899082,116.450843,28.127684
Jack St Malo,subsea15,201807,4472853,1054877,58630,403,18,5,11098.890818858561,2617.560794044665,0.23583985433905386,120.923696,29.182561
Jack St Malo,subsea15,201808,4639433,1111448,68469,403,19,5,11512.240694789081,2757.935483870968,0.23956548138533307,125.563129,30.294009
Jack St Malo,subsea15,201809,4416383,1069482,77301,390,18,5,11324.058974358974,2742.2615384615383,0.24216242114870926,129.979512,31.363491
Jack St Malo,subsea15,201810,4418340,1063308,84360,400,18,5,11045.85,2658.27,0.2406578036095004,134.397852,32.426799
Jack St Malo,subsea15,201811,4157503,996004,78462,379,18,5,10969.664907651715,2627.9788918205804,0.23956783675201196,138.555355,33.422803
Jack St Malo,subsea15,201812,4453912,1056034,88085,416,19,5,10706.51923076923,2538.543269230769,0.2371025740966593,143.009267,34.478837
Jack St Malo,subsea15,201901,4767467,1125341,92770,434,19,5,10984.947004608295,2592.951612903226,0.2360458918750775,147.776734,35.604178
Jack St Malo,subsea15,201902,4233922,1004996,85153,390,19,5,10856.210256410257,2576.9128205128204,0.2373676227384444,152.010656,36.609174
Jack St Malo,subsea15,201903,4587228,1092733,89748,433,20,5,10594.060046189377,2523.632794457275,0.23821205311791785,156.597884,37.701907
Jack St Malo,subsea15,201904,4487146,1072812,105324,420,20,5,10683.680952380952,2554.3142857142857,0.23908560140454535,161.08503,38.774719
Jack St Malo,subsea15,201905,3218453,767871,81155,311,20,5,10348.723472668811,2469.038585209003,0.23858387865225933,164.303483,39.54259
Jack St Malo,subsea15,201906,4425075,1065276,113472,420,20,5,10535.892857142857,2536.3714285714286,0.24073625870747953,168.728558,40.607866
Jack St Malo,subsea15,201907,3874231,921907,105854,397,20,5,9758.768261964735,2322.183879093199,0.23795870716020806,172.602789,41.529773
Jack St Malo,subsea15,201908,4347371,1038491,131310,439,21,5,9902.895216400912,2365.5831435079726,0.23887793335328408,176.95016,42.568264
Jack St Malo,subsea15,201909,4213672,1007147,135136,450,21,5,9363.715555555556,2238.1044444444447,0.23901884152349778,181.163832,43.575411
Jack St Malo,subsea15,201910,4239126,997129,132151,461,21,5,9195.501084598698,2162.9696312364426,0.2352204204357219,185.402958,44.57254
Jack St Malo,subsea15,201911,4029342,925915,133365,450,21,5,8954.093333333334,2057.588888888889,0.22979310269517952,189.4323,45.498455
Jack St Malo,subsea15,201912,3957983,952690,133725,465,22,6,8511.791397849462,2048.7956989247314,0.2407008822422936,193.390283,46.451145
Jack St Malo,subsea15,202001,3708262,892583,111608,465,22,6,7974.756989247312,1919.5333333333333,0.24070116944272008,197.098545,47.343728
Jack St Malo,subsea15,202002,3740797,900570,111676,437,22,6,8560.176201372999,2060.8009153318076,0.24074281496697095,200.839342,48.244298
Jack St Malo,subsea15,202003,3909657,936517,117289,465,22,6,8407.864516129031,2014.0150537634408,0.2395394276275387,204.748999,49.180815
Jack St Malo,subsea15,202004,3746185,897655,125570,450,22,6,8324.855555555556,1994.7888888888888,0.23961843849142528,208.495184,50.07847
Jack St Malo,subsea15,202005,3965562,955073,121297,496,21,6,7995.084677419355,1925.5504032258063,0.24084177728150513,212.460746,51.033543
Jack St Malo,subsea15,202006,3870462,928055,121738,480,21,6,8063.4625,1933.4479166666667,0.23977886877587223,216.331208,51.961598
Jack St Malo,subsea15,202007,3894546,929015,112231,480,21,6,8113.6375,1935.4479166666667,0.23854256696415962,220.225754,52.890613
Jack St Malo,subsea15,202008,2718865,653760,83312,361,21,6,7531.481994459834,1810.9695290858726,0.24045327737861202,222.944619,53.544373
Jack St Malo,subsea15,202009,3270646,777750,87289,452,21,6,7235.942477876106,1720.6858407079646,0.23779705905194265,226.215265,54.322123
Jack St Malo,subsea15,202010,2147412,507535,55263,329,21,6,6527.088145896657,1542.659574468085,0.23634728687368795,228.362677,54.829658
Jack St Malo,subsea15,202011,3386343,799480,96617,450,20,6,7525.206666666667,1776.6222222222223,0.23608949241113497,231.74902,55.629138
Jack St Malo,subsea15,202012,3635046,852655,120154,465,21,6,7817.303225806451,1833.6666666666667,0.23456511967111282,235.384066,56.481793
Jack St Malo,subsea15,202101,3398255,797181,112175,465,21,6,7308.075268817204,1714.3677419354838,0.23458539750548443,238.782321,57.278974
Jack St Malo,subsea15,202102,3140479,744491,112110,435,23,6,7219.4919540229885,1711.4735632183908,0.2370628811719486,241.9228,58.023465
Jack St Malo,subsea15,202103,3636447,858591,123824,495,23,6,7346.357575757575,1734.5272727272727,0.2361071122444518,245.559247,58.882056
Jack St Malo,subsea15,202104,3494824,830804,111890,504,23,6,6934.174603174603,1648.420634920635,0.2377241314584082,249.054071,59.71286
Jack St Malo,subsea15,202105,3652873,855623,137266,526,23,6,6944.625475285171,1626.6596958174905,0.23423289011142737,252.706944,60.568483
Jack St Malo,subsea15,202106,3123411,746485,131338,507,23,6,6160.573964497042,1472.3570019723866,0.23899672505475583,255.830355,61.314968
Jack St Malo,subsea15,202107,3283522,782296,136218,527,23,6,6230.592030360532,1484.4326375711576,0.23824905086672177,259.113877,62.097264
Jack St Malo,subsea15,202108,2956519,706011,125797,446,25,6,6628.966367713005,1582.9843049327353,0.23879805947467275,262.070396,62.803275
Jack St Malo,subsea15,202109,2371131,557451,76770,353,23,6,6717.084985835694,1579.1813031161473,0.23509919949593674,264.441527,63.360726
Jack St Malo,subsea15,202110,3444216,829502,137159,558,23,6,6172.430107526881,1486.562724014337,0.2408391343632339,267.885743,64.190228
Jack St Malo,subsea15,202111,3543237,844767,125865,540,23,6,6561.55,1564.3833333333334,0.23841673588303577,271.42898,65.034995
Jack St Malo,subsea15,202112,3635189,866279,145717,558,23,6,6514.6756272401435,1552.4713261648747,0.23830370305367893,275.064169,65.901274
Jack St Malo,subsea15,202201,3415171,814899,113817,529,23,6,6455.899810964083,1540.4517958412098,0.23861147801969507,278.47934,66.716173
Jack St Malo,subsea15,202202,3164130,752308,85312,492,23,6,6431.158536585366,1529.081300813008,0.23776140676900126,281.64347,67.468481
Jack St Malo,subsea15,202203,3807126,910751,157941,560,23,6,6798.439285714286,1626.3410714285715,0.23922271025440187,285.450596,68.379232
Jack St Malo,subsea15,202204,3508270,826982,184054,539,23,6,6508.849721706864,1534.2894248608534,0.23572359025958664,288.958866,69.206214
Jack St Malo,subsea15,202205,3165068,747198,160437,488,23,6,6485.795081967213,1531.1434426229507,0.23607644448713266,292.123934,69.953412
Jack St Malo,subsea15,202206,3632441,863965,183621,570,23,6,6372.70350877193,1515.7280701754387,0.23784694644730636,295.756375,70.817377
Jack St Malo,subsea15,202207,3541610,844536,179005,587,23,6,6033.407155025554,1438.732538330494,0.23846103890603426,299.297985,71.661913
Jack St Malo,subsea15,202208,3133126,736513,148250,529,23,6,5922.733459357278,1392.274102079395,0.23507289524902605,302.431111,72.398426
Jack St Malo,subsea15,202209,3596682,849941,211305,570,23,6,6309.968421052631,1491.1245614035088,0.2363125235981385,306.027793,73.248367
Jack St Malo,subsea15,202210,3310764,695295,181626,543,23,6,6097.171270718232,1280.4696132596684,0.21001043867820238,309.338557,73.943662
Jack St Malo,subsea15,202211,3498339,825549,195364,570,23,6,6137.436842105263,1448.3315789473684,0.23598313371002638,312.836896,74.769211
Jack St Malo,subsea15,202212,3534512,839900,199255,588,23,6,6011.074829931973,1428.4013605442176,0.23762827796312475,316.371408,75.609111
Jack St Malo,subsea15,202301,3406524,807771,191977,583,23,6,5843.094339622641,1385.542024013722,0.2371247054181917,319.777932,76.416882
Jack St Malo,subsea15,202302,3015420,712568,162551,530,23,6,5689.471698113208,1344.4679245283019,0.2363080433239814,322.793352,77.12945
Jack St Malo,subsea15,202303,3124878,741966,149013,569,23,6,5491.8769771529,1303.9824253075572,0.23743838959472977,325.91823,77.871416
Jack St Malo,subsea15,202304,3167596,755531,160546,570,23,6,5557.185964912281,1325.4929824561405,0.2385187378693495,329.085826,78.626947
Jack St Malo,subsea15,202305,3318823,789134,133030,589,22,6,5634.6740237691,1339.786078098472,0.2377752594820513,332.404649,79.416081
Jack St Malo,subsea15,202306,3103872,750450,101847,568,21,6,5464.56338028169,1321.2147887323943,0.24177865582085858,335.508521,80.166531
Jack St Malo,subsea15,202307,3227953,795487,153427,581,21,6,5555.857142857143,1369.1686746987953,0.24643698343811077,338.736474,80.962018
Jack St Malo,subsea15,202308,3199976,789368,158765,589,22,6,5432.896434634975,1340.1833616298811,0.2466793500951257,341.93645,81.751386
Jack St Malo,subsea15,202309,3167043,762622,149862,585,23,6,5413.748717948718,1303.6273504273504,0.24079938289439076,345.103493,82.514008
Jack St Malo,subsea15,202310,3306375,805186,126060,620,23,6,5332.862903225807,1298.6870967741936,0.24352531095232693,348.409868,83.319194
Jack St Malo,subsea15,202311,3175402,773392,148859,600,23,6,5292.336666666667,1288.9866666666667,0.24355719370334844,351.58527,84.092586
Jack St Malo,subsea15,202312,3249842,784860,140423,620,23,6,5241.68064516129,1265.9032258064517,0.2415071255771819,354.835112,84.877446
Jack St Malo,subsea15,202401,3217977,775554,128849,620,24,6,5190.285483870968,1250.8935483870969,0.2410066945786126,358.053089,85.653
Jack St Malo,subsea15,202402,2753952,661838,143471,552,24,6,4989.04347826087,1198.981884057971,0.24032299764120799,360.807041,86.314838
Jack St Malo,subsea15,202403,3586603,863188,174128,620,24,6,5784.843548387097,1392.2387096774194,0.24067007137394353,364.393644,87.178026
Jack St Malo,subsea15,202404,3311232,789333,194641,586,24,6,5650.566552901024,1346.9846416382252,0.238380457787313,367.704876,87.967359
Jack St Malo,subsea15,202405,3321133,790817,210602,592,24,6,5610.021959459459,1335.839527027027,0.2381166306799517,371.026009,88.758176
Jack St Malo,subsea15,202406,3334812,796887,217734,600,24,6,5558.02,1328.145,0.23896009730083734,374.360821,89.555063
Jack St Malo,subsea15,202407,3255740,781740,191557,610,24,6,5337.2786885245905,1281.5409836065573,0.2401113110997807,377.616561,90.336803
Jack St Malo,subsea15,202408,3093822,760728,179355,592,24,6,5226.050675675676,1285.0135135135135,0.245886156346422,380.710383,91.097531
Jack St Malo,subsea15,202409,2616967,625169,165226,571,24,6,4583.129597197899,1094.8669001751314,0.23889067000080627,383.32735,91.7227
Jack St Malo,subsea15,202410,3248161,779488,177616,612,24,6,5307.452614379085,1273.673202614379,0.23997825230953762,386.575511,92.502188
Jack St Malo,subsea15,202411,2485574,590177,150163,477,24,6,5210.846960167715,1237.2683438155136,0.237440929137495,389.061085,93.092365
Jack St Malo,subsea15,202412,3223478,789895,203564,620,25,6,5199.158064516129,1274.024193548387,0.24504432789676245,392.284563,93.88226
Jack St Malo,subsea15,202501,3163092,746975,102838,682,26,6,4637.964809384164,1095.2712609970674,0.23615342203135414,395.447655,94.629235
Jack St Malo,subsea15,202502,2416404,570197,135456,553,25,6,4369.627486437613,1031.0976491862568,0.23596923362153016,397.864059,95.199432
Jack St Malo,subsea15,202503,3141692,758880,226436,667,24,6,4710.1829085457275,1137.751124437781,0.24155136786164907,401.005751,95.958312
Jack St Malo,subsea15,202504,2828844,696556,156387,656,25,6,4312.262195121952,1061.8231707317073,0.24623344376713596,403.834595,96.654868
Jack St Malo,subsea15,202505,2942556,711819,142663,642,24,6,4583.420560747663,1108.752336448598,0.2419049968802633,406.777151,97.366687
Jack St Malo,subsea15,202506,2788585,651552,167781,626,25,6,4454.608626198083,1040.817891373802,0.23364968254509008,409.565736,98.018239
Jack St Malo,subsea15,202507,2890094,678271,197692,631,24,6,4580.180665610143,1074.9144215530903,0.2346882142933759,412.45583,98.69651
Julia,tieback15,200806,0,0,0,0,1,1,0.0,0.0,0.0,0.0,0.0
Julia,tieback15,200807,0,0,0,0,1,1,0.0,0.0,0.0,0.0,0.0
Julia,tieback15,200808,0,0,0,0,1,1,0.0,0.0,0.0,0.0,0.0
Julia,tieback15,200809,0,0,0,0,1,1,0.0,0.0,0.0,0.0,0.0
Julia,tieback15,200810,0,0,0,0,1,1,0.0,0.0,0.0,0.0,0.0
Julia,tieback15,200811,0,0,0,0,1,1,0.0,0.0,0.0,0.0,0.0
Julia,tieback15,200812,0,0,0,0,1,1,0.0,0.0,0.0,0.0,0.0
Julia,tieback15,200901,0,0,0,0,1,1,0.0,0.0,0.0,0.0,0.0
Julia,tieback15,200902,0,0,0,0,1,1,0.0,0.0,0.0,0.0,0.0
Julia,tieback15,200903,0,0,0,0,1,1,0.0,0.0,0.0,0.0,0.0
Julia,tieback15,200904,0,0,0,0,1,1,0.0,0.0,0.0,0.0,0.0
Julia,tieback15,200905,0,0,0,0,1,1,0.0,0.0,0.0,0.0,0.0
Julia,tieback15,200906,0,0,0,0,1,1,0.0,0.0,0.0,0.0,0.0
Julia,tieback15,200907,0,0,0,0,1,1,0.0,0.0,0.0,0.0,0.0
Julia,tieback15,200908,0,0,0,0,1,1,0.0,0.0,0.0,0.0,0.0
Julia,tieback15,200909,0,0,0,0,1,1,0.0,0.0,0.0,0.0,0.0
Julia,tieback15,200910,0,0,0,0,1,1,0.0,0.0,0.0,0.0,0.0
Julia,tieback15,200911,0,0,0,0,1,1,0.0,0.0,0.0,0.0,0.0
Julia,tieback15,200912,0,0,0,0,1,1,0.0,0.0,0.0,0.0,0.0
Julia,tieback15,201001,0,0,0,0,1,1,0.0,0.0,0.0,0.0,0.0
Julia,tieback15,201002,0,0,0,0,1,1,0.0,0.0,0.0,0.0,0.0
Julia,tieback15,201003,0,0,0,0,1,1,0.0,0.0,0.0,0.0,0.0
Julia,tieback15,201004,0,0,0,0,1,1,0.0,0.0,0.0,0.0,0.0
Julia,tieback15,201005,0,0,0,0,1,1,0.0,0.0,0.0,0.0,0.0
Julia,tieback15,201006,0,0,0,0,1,1,0.0,0.0,0.0,0.0,0.0
Julia,tieback15,201007,0,0,0,0,1,1,0.0,0.0,0.0,0.0,0.0
Julia,tieback15,201008,0,0,0,0,1,1,0.0,0.0,0.0,0.0,0.0
Julia,tieback15,201009,0,0,0,0,1,1,0.0,0.0,0.0,0.0,0.0
Julia,tieback15,201010,0,0,0,0,1,1,0.0,0.0,0.0,0.0,0.0
Julia,tieback15,201011,0,0,0,0,1,1,0.0,0.0,0.0,0.0,0.0
Julia,tieback15,201012,0,0,0,0,1,1,0.0,0.0,0.0,0.0,0.0
Julia,tieback15,201101,0,0,0,0,1,1,0.0,0.0,0.0,0.0,0.0
Julia,tieback15,201102,0,0,0,0,1,1,0.0,0.0,0.0,0.0,0.0
Julia,tieback15,201103,0,0,0,0,1,1,0.0,0.0,0.0,0.0,0.0
Julia,tieback15,201104,0,0,0,0,1,1,0.0,0.0,0.0,0.0,0.0
Julia,tieback15,201105,0,0,0,0,1,1,0.0,0.0,0.0,0.0,0.0
Julia,tieback15,201106,0,0,0,0,1,1,0.0,0.0,0.0,0.0,0.0
Julia,tieback15,201107,0,0,0,0,1,1,0.0,0.0,0.0,0.0,0.0
Julia,tieback15,201108,0,0,0,0,1,1,0.0,0.0,0.0,0.0,0.0
Julia,tieback15,201109,0,0,0,0,1,1,0.0,0.0,0.0,0.0,0.0
Julia,tieback15,201110,0,0,0,0,1,1,0.0,0.0,0.0,0.0,0.0
Julia,tieback15,201111,0,0,0,0,1,1,0.0,0.0,0.0,0.0,0.0
Julia,tieback15,201112,0,0,0,0,1,1,0.0,0.0,0.0,0.0,0.0
Julia,tieback15,201201,0,0,0,0,1,1,0.0,0.0,0.0,0.0,0.0
Julia,tieback15,201202,0,0,0,0,1,1,0.0,0.0,0.0,0.0,0.0
Julia,tieback15,201203,0,0,0,0,1,1,0.0,0.0,0.0,0.0,0.0
Julia,tieback15,201204,0,0,0,0,1,1,0.0,0.0,0.0,0.0,0.0
Julia,tieback15,201205,0,0,0,0,1,1,0.0,0.0,0.0,0.0,0.0
Julia,tieback15,201206,0,0,0,0,1,1,0.0,0.0,0.0,0.0,0.0
Julia,tieback15,201207,0,0,0,0,1,1,0.0,0.0,0.0,0.0,0.0
Julia,tieback15,201208,0,0,0,0,1,1,0.0,0.0,0.0,0.0,0.0
Julia,tieback15,201209,0,0,0,0,1,1,0.0,0.0,0.0,0.0,0.0
Julia,tieback15,201210,0,0,0,0,1,1,0.0,0.0,0.0,0.0,0.0
Julia,tieback15,201211,0,0,0,0,1,1,0.0,0.0,0.0,0.0,0.0
Julia,tieback15,201212,0,0,0,0,1,1,0.0,0.0,0.0,0.0,0.0
Julia,tieback15,201301,0,0,0,0,1,1,0.0,0.0,0.0,0.0,0.0
Julia,tieback15,201302,0,0,0,0,1,1,0.0,0.0,0.0,0.0,0.0
Julia,tieback15,201303,0,0,0,0,1,1,0.0,0.0,0.0,0.0,0.0
Julia,tieback15,201304,0,0,0,0,1,1,0.0,0.0,0.0,0.0,0.0
Julia,tieback15,201305,0,0,0,0,1,1,0.0,0.0,0.0,0.0,0.0
Julia,tieback15,201306,0,0,0,0,1,1,0.0,0.0,0.0,0.0,0.0
Julia,tieback15,201307,0,0,0,0,1,1,0.0,0.0,0.0,0.0,0.0
Julia,tieback15,201308,0,0,0,0,1,1,0.0,0.0,0.0,0.0,0.0
Julia,tieback15,201309,0,0,0,0,1,1,0.0,0.0,0.0,0.0,0.0
Julia,tieback15,201310,0,0,0,0,1,1,0.0,0.0,0.0,0.0,0.0
Julia,tieback15,201311,0,0,0,0,1,1,0.0,0.0,0.0,0.0,0.0
Julia,tieback15,201312,0,0,0,0,1,1,0.0,0.0,0.0,0.0,0.0
Julia,tieback15,201401,0,0,0,0,1,1,0.0,0.0,0.0,0.0,0.0
Julia,tieback15,201402,0,0,0,0,1,1,0.0,0.0,0.0,0.0,0.0
Julia,tieback15,201403,0,0,0,0,1,1,0.0,0.0,0.0,0.0,0.0
Julia,tieback15,201404,0,0,0,0,1,1,0.0,0.0,0.0,0.0,0.0
Julia,tieback15,201405,0,0,0,0,1,1,0.0,0.0,0.0,0.0,0.0
Julia,tieback15,201406,0,0,0,0,1,1,0.0,0.0,0.0,0.0,0.0
Julia,tieback15,201407,0,0,0,0,2,1,0.0,0.0,0.0,0.0,0.0
Julia,tieback15,201408,0,0,0,0,2,1,0.0,0.0,0.0,0.0,0.0
Julia,tieback15,201409,0,0,0,0,2,1,0.0,0.0,0.0,0.0,0.0
Julia,tieback15,201410,0,0,0,0,2,1,0.0,0.0,0.0,0.0,0.0
Julia,tieback15,201411,0,0,0,0,2,1,0.0,0.0,0.0,0.0,0.0
Julia,tieback15,201412,0,0,0,0,2,1,0.0,0.0,0.0,0.0,0.0
Julia,tieback15,201501,0,0,0,0,2,1,0.0,0.0,0.0,0.0,0.0
Julia,tieback15,201502,0,0,0,0,1,1,0.0,0.0,0.0,0.0,0.0
Julia,tieback15,201503,0,0,0,0,1,1,0.0,0.0,0.0,0.0,0.0
Julia,tieback15,201504,0,0,0,0,1,1,0.0,0.0,0.0,0.0,0.0
Julia,tieback15,201505,0,0,0,0,2,1,0.0,0.0,0.0,0.0,0.0
Julia,tieback15,201506,0,0,0,0,2,1,0.0,0.0,0.0,0.0,0.0
Julia,tieback15,201507,0,0,0,0,2,1,0.0,0.0,0.0,0.0,0.0
Julia,tieback15,201508,0,0,0,0,2,1,0.0,0.0,0.0,0.0,0.0
Julia,tieback15,201509,0,0,0,0,2,1,0.0,0.0,0.0,0.0,0.0
Julia,tieback15,201510,0,0,0,0,2,1,0.0,0.0,0.0,0.0,0.0
Julia,tieback15,201511,0,0,0,0,2,1,0.0,0.0,0.0,0.0,0.0
Julia,tieback15,201512,0,0,0,0,2,1,0.0,0.0,0.0,0.0,0.0
Julia,tieback15,201601,0,0,0,0,2,1,0.0,0.0,0.0,0.0,0.0
Julia,tieback15,201602,0,0,0,0,4,1,0.0,0.0,0.0,0.0,0.0
Julia,tieback15,201603,16526,790,2757,31,3,1,533.0967741935484,25.483870967741936,0.04780346121263464,0.016526,0.00079
Julia,tieback15,201604,139011,13995,4934,22,3,1,6318.681818181818,636.1363636363636,0.10067548611260979,0.155537,0.014785
Julia,tieback15,201605,311212,31947,2598,48,4,1,6483.583333333333,665.5625,0.10265349665180006,0.466749,0.046732
Julia,tieback15,201606,379377,41795,1522,54,4,1,7025.5,773.9814814814815,0.11016745875474791,0.846126,0.088527
Julia,tieback15,201607,482902,50212,2196,62,4,1,7788.741935483871,809.8709677419355,0.10397968946080156,1.329028,0.138739
Julia,tieback15,201608,526679,52283,1181,62,4,1,8494.822580645161,843.2741935483871,0.09926919432899356,1.855707,0.191022
Julia,tieback15,201609,435633,42986,672,58,4,1,7510.913793103448,741.1379310344828,0.09867480195485649,2.29134,0.234008
Julia,tieback15,201610,494697,47803,772,62,4,1,7978.9838709677415,771.016129032258,0.09663086697513831,2.786037,0.281811
Julia,tieback15,201611,455954,43096,713,60,4,1,7599.233333333334,718.2666666666667,0.09451830667128702,3.241991,0.324907
Julia,tieback15,201612,423213,39441,1484,59,4,1,7173.1016949152545,668.4915254237288,0.09319420717227496,3.665204,0.364348
Julia,tieback15,201701,436617,39133,693,62,5,1,7042.209677419355,631.1774193548387,0.08962775155342097,4.101821,0.403481
Julia,tieback15,201702,369337,33113,447,56,4,1,6595.303571428572,591.3035714285714,0.08965524710494752,4.471158,0.436594
Julia,tieback15,201703,326248,29595,265,61,4,1,5348.327868852459,485.1639344262295,0.09071319977440474,4.797406,0.466189
Julia,tieback15,201704,306018,29401,321,60,4,1,5100.3,490.01666666666665,0.09607604781418086,5.103424,0.49559
Julia,tieback15,201705,330716,29792,372,62,4,1,5334.129032258064,480.51612903225805,0.09008333434124748,5.43414,0.525382
Julia,tieback15,201706,270121,27247,330,56,4,1,4823.589285714285,486.55357142857144,0.10086961028576083,5.704261,0.552629
Julia,tieback15,201707,318378,28370,240,62,4,1,5135.129032258064,457.5806451612903,0.08910791574794741,6.022639,0.580999
Julia,tieback15,201708,294087,26854,555,60,4,1,4901.45,447.56666666666666,0.09131311482656493,6.316726,0.607853
Julia,tieback15,201709,315908,32406,5281,56,4,1,5641.214285714285,578.6785714285714,0.10258049811970574,6.632634,0.640259
Julia,tieback15,201710,234637,20964,316,56,4,1,4189.946428571428,374.35714285714283,0.08934652250071387,6.867271,0.661223
Julia,tieback15,201711,301804,27737,380,62,4,1,4867.806451612903,447.3709677419355,0.0919040171767107,7.169075,0.68896
Julia,tieback15,201712,518220,50200,2433,93,4,1,5572.258064516129,539.7849462365591,0.09687005518891591,7.687295,0.73916
Julia,tieback15,201801,408161,44692,288,75,3,1,5442.1466666666665,595.8933333333333,0.10949600770284275,8.095456,0.783852
Julia,tieback15,201802,476691,47627,169,84,3,1,5674.892857142857,566.9880952380952,0.0999116828301772,8.572147,0.831479
Julia,tieback15,201803,563486,55832,197,93,3,1,6058.989247311828,600.3440860215054,0.09908320703619966,9.135633,0.887311
Julia,tieback15,201804,551904,54847,151,90,3,1,6132.266666666666,609.4111111111112,0.09937779034034905,9.687537,0.942158
Julia,tieback15,201805,592030,59954,392,93,3,1,6365.913978494624,644.6666666666666,0.10126851679813523,10.279567,1.002112
Julia,tieback15,201806,587216,59167,495,90,3,1,6524.622222222222,657.4111111111112,0.1007584943189559,10.866783,1.061279
Julia,tieback15,201807,527447,55566,459,87,3,1,6062.609195402299,638.6896551724138,0.10534897345136099,11.39423,1.116845
Julia,tieback15,201808,612250,62013,507,93,3,1,6583.333333333333,666.8064516129032,0.1012870559412005,12.00648,1.178858
Julia,tieback15,201809,599340,62022,467,90,4,1,6659.333333333333,689.1333333333333,0.10348383221543699,12.60582,1.24088
Julia,tieback15,201810,630129,64020,458,93,4,1,6775.580645161291,688.3870967741935,0.1015982441690511,13.235949,1.3049
Julia,tieback15,201811,615985,62424,441,90,4,1,6844.277777777777,693.6,0.10134013003563398,13.851934,1.367324
Julia,tieback15,201812,626221,60186,443,93,4,1,6733.559139784947,647.1612903225806,0.09610983981693363,14.478155,1.42751
Julia,tieback15,201901,641683,62479,438,93,4,1,6899.817204301075,671.8172043010753,0.09736739168717264,15.119838,1.489989
Julia,tieback15,201902,597564,57576,397,84,4,1,7113.857142857143,685.4285714285714,0.09635118581440649,15.717402,1.547565
Julia,tieback15,201903,633119,60618,416,93,4,1,6807.731182795699,651.8064516129032,0.09574503371404113,16.350521,1.608183
Julia,tieback15,201904,636752,60861,412,90,4,1,7075.022222222222,676.2333333333333,0.09558038294343794,16.987273,1.669044
Julia,tieback15,201905,451514,43811,282,63,4,1,7166.888888888889,695.4126984126984,0.09703132128793349,17.438787,1.712855
Julia,tieback15,201906,631229,62429,396,90,4,1,7013.655555555555,693.6555555555556,0.09890071590500436,18.070016,1.775284
Julia,tieback15,201907,523265,50917,328,82,4,1,6381.280487804878,620.939024390244,0.09730633617765377,18.593281,1.826201
Julia,tieback15,201908,632715,61266,342,93,4,1,6803.387096774193,658.7741935483871,0.09683032645029753,19.225996,1.887467
Julia,tieback15,201909,602896,58138,303,90,4,1,6698.844444444445,645.9777777777778,0.09643122528595313,19.828892,1.945605
Julia,tieback15,201910,630799,59034,131,93,5,1,6782.784946236559,634.7741935483871,0.09358607099884432,20.459691,2.004639
Julia,tieback15,201911,615517,56128,101,90,4,1,6839.077777777778,623.6444444444444,0.0911883830990858,21.075208,2.060767
Julia,tieback15,201912,603132,56638,105,93,4,1,6485.290322580645,609.010752688172,0.09390647486785646,21.67834,2.117405
Julia,tieback15,202001,607554,58461,348,93,4,1,6532.8387096774195,628.6129032258065,0.0962235455613822,22.285894,2.175866
Julia,tieback15,202002,621868,59651,620,116,4,1,5360.931034482759,514.2327586206897,0.09592228575839246,22.907762,2.235517
Julia,tieback15,202003,926433,93866,642,124,4,1,7471.2338709677415,756.983870967742,0.10131979322843637,23.834195,2.329383
Julia,tieback15,202004,883191,89299,599,119,4,1,7421.773109243697,750.4117647058823,0.10110949953067909,24.717386,2.418682
Julia,tieback15,202005,920860,93983,44,124,4,1,7426.290322580645,757.9274193548387,0.10206003084073584,25.638246,2.512665
Julia,tieback15,202006,888041,91336,211,120,4,1,7400.341666666666,761.1333333333333,0.1028511070997848,26.526287,2.604001
Julia,tieback15,202007,892396,100257,271,124,4,1,7196.741935483871,808.5241935483871,0.1123458643920412,27.418683,2.704258
Julia,tieback15,202008,644073,66502,271,97,4,1,6639.927835051546,685.5876288659794,0.10325227109349407,28.062756,2.77076
Julia,tieback15,202009,876487,88925,259,120,4,1,7304.058333333333,741.0416666666666,0.10145615394181545,28.939243,2.859685
Julia,tieback15,202010,577301,58134,167,112,4,1,5154.473214285715,519.0535714285714,0.10069963502574913,29.516544,2.917819
Julia,tieback15,202011,772276,82864,268,112,4,1,6895.321428571428,739.8571428571429,0.1072984269872429,30.28882,3.000683
Julia,tieback15,202012,851403,90708,285,124,4,1,6866.153225806452,731.516129032258,0.10653944136912837,31.140223,3.091391
Julia,tieback15,202101,807985,81705,278,124,4,1,6516.008064516129,658.9112903225806,0.10112192676844248,31.948208,3.173096
Julia,tieback15,202102,787860,80023,326,112,4,1,7034.464285714285,714.4910714285714,0.10157007590180997,32.736068,3.253119
Julia,tieback15,202103,947475,84694,324,124,4,1,7640.927419354839,683.016129032258,0.08938916594105385,33.683543,3.337813
Julia,tieback15,202104,988556,87817,238,119,4,1,8307.193277310924,737.9579831932773,0.08883361185405783,34.672099,3.42563
Julia,tieback15,202105,980561,96732,503,124,4,1,7907.75,780.0967741935484,0.09864965055718104,35.65266,3.522362
Julia,tieback15,202106,850599,87314,1331,118,4,1,7208.466101694915,739.9491525423729,0.10265001487187264,36.503259,3.609676
Julia,tieback15,202107,879543,91512,1702,123,4,1,7150.756097560976,744.0,0.10404494152076703,37.382802,3.701188
Julia,tieback15,202108,759710,78326,986,103,4,1,7375.825242718447,760.4466019417475,0.10309986705453397,38.142512,3.779514
Julia,tieback15,202109,507708,52204,522,68,4,1,7466.294117647059,767.7058823529412,0.10282288244423961,38.65022,3.831718
Julia,tieback15,202110,936640,95442,1175,124,4,1,7553.548387096775,769.6935483870968,0.10189827468397676,39.58686,3.92716
Julia,tieback15,202111,850483,86571,2359,120,4,1,7087.358333333334,721.425,0.10179039439941774,40.437343,4.013731
Julia,tieback15,202112,866032,87789,2239,124,4,1,6984.129032258064,707.9758064516129,0.101369233469433,41.303375,4.10152
Julia,tieback15,202201,869600,86878,2232,124,4,1,7012.903225806452,700.6290322580645,0.09990570377184912,42.172975,4.188398
Julia,tieback15,202202,742436,75398,1898,105,4,1,7070.8190476190475,718.0761904761905,0.10155488149820321,42.915411,4.263796
Julia,tieback15,202203,863990,87248,5973,124,4,1,6967.6612903225805,703.6129032258065,0.10098265026215582,43.779401,4.351044
Julia,tieback15,202204,829553,85817,1942,116,4,1,7151.318965517241,739.801724137931,0.10344968916995056,44.608954,4.436861
Julia,tieback15,202205,756288,79633,84,104,4,1,7272.0,765.7019230769231,0.10529454387746467,45.365242,4.516494
Julia,tieback15,202206,846417,91330,94,120,4,1,7053.475,761.0833333333334,0.10790189705547029,46.211659,4.607824
Julia,tieback15,202207,846471,95105,392,124,4,1,6826.379032258064,766.9758064516129,0.11235470559534821,47.05813,4.702929
Julia,tieback15,202208,821576,92090,3442,124,4,1,6625.612903225807,742.6612903225806,0.11208944759827454,47.879706,4.795019
Julia,tieback15,202209,789467,96960,2392,119,4,1,6634.176470588235,814.7899159663865,0.1228170398509374,48.669173,4.891979
Julia,tieback15,202210,838629,81639,4648,124,4,1,6763.137096774193,658.3790322580645,0.09734817183760638,49.507802,4.973618
Julia,tieback15,202211,807556,92608,5926,120,4,1,6729.633333333333,771.7333333333333,0.11467687689770122,50.315358,5.066226
Julia,tieback15,202212,821444,94740,6755,124,4,1,6624.548387096775,764.0322580645161,0.11533348591017768,51.136802,5.160966
Julia,tieback15,202301,741318,77883,1784,121,4,1,6126.5950413223145,643.6611570247934,0.10506017660437221,51.87812,5.238849
Julia,tieback15,202302,685985,74270,4341,112,4,1,6124.866071428572,663.125,0.10826767349140287,52.564105,5.313119
Julia,tieback15,202303,782160,81559,6879,124,4,1,6307.741935483871,657.733870967742,0.10427406157307968,53.346265,5.394678
Julia,tieback15,202304,704873,75956,15135,120,4,1,5873.941666666667,632.9666666666667,0.10775841889248135,54.051138,5.470634
Julia,tieback15,202305,787915,81440,36,124,4,1,6354.153225806452,656.7741935483871,0.10336140319704537,54.839053,5.552074
Julia,tieback15,202306,729362,77319,34,119,4,1,6129.09243697479,649.7394957983194,0.10600908739418835,55.568415,5.629393
Julia,tieback15,202307,755386,82663,37,124,4,1,6091.822580645161,666.6370967741935,0.10943146947388488,56.323801,5.712056
Julia,tieback15,202308,802404,88141,950,116,4,1,6917.275862068966,759.8362068965517,0.10984616228234156,57.126205,5.800197
Julia,tieback15,202309,734118,83369,45511,120,4,1,6117.65,694.7416666666667,0.11356348706883634,57.860323,5.883566
Julia,tieback15,202310,755559,79588,45200,124,4,1,6093.217741935484,641.8387096774194,0.10533657861265633,58.615882,5.963154
Julia,tieback15,202311,693677,70876,43990,108,4,1,6422.935185185185,656.2592592592592,0.10217435492311264,59.309559,6.03403
Julia,tieback15,202312,745035,77316,47664,124,4,1,6008.346774193548,623.516129032258,0.10377499043669089,60.054594,6.111346
Julia,tieback15,202401,691568,72346,44787,124,4,1,5577.1612903225805,583.4354838709677,0.10461154940656595,60.746162,6.183692
Julia,tieback15,202402,625252,65151,40079,109,4,1,5736.256880733945,597.7155963302753,0.10419958672663182,61.371414,6.248843
Julia,tieback15,202403,731847,74257,47235,122,4,1,5998.745901639344,608.6639344262295,0.1014651969605669,62.103261,6.3231
Julia,tieback15,202404,688979,70963,44725,119,4,1,5789.73949579832,596.3277310924369,0.10299733373586133,62.79224,6.394063
Julia,tieback15,202405,711010,71878,46973,124,4,1,5733.951612903225,579.6612903225806,0.10109281163415423,63.50325,6.465941
Julia,tieback15,202406,673588,70318,46383,120,4,1,5613.233333333334,585.9833333333333,0.10439318990243295,64.176838,6.536259
Julia,tieback15,202407,686175,67701,43458,124,4,1,5533.669354838709,545.9758064516129,0.09866433489998908,64.863013,6.60396
Julia,tieback15,202408,701553,59955,47089,124,4,1,5657.685483870968,483.508064516129,0.08546039999828951,65.564566,6.663915
Julia,tieback15,202409,547108,55405,40882,106,4,1,5161.396226415094,522.688679245283,0.10126885368154002,66.111674,6.71932
Julia,tieback15,202410,697341,71128,47146,124,4,1,5623.717741935484,573.6129032258065,0.10199887859741504,66.809015,6.790448
Julia,tieback15,202411,377836,57584,11748,116,4,1,3257.206896551724,496.41379310344826,0.1524047470331043,67.186851,6.848032
Julia,tieback15,202412,567896,73958,15719,124,4,1,4579.806451612903,596.4354838709677,0.1302315916998887,67.754747,6.92199
Julia,tieback15,202501,659964,66039,46721,124,4,1,5322.290322580645,532.5725806451613,0.10006454897539865,68.414711,6.988029
Julia,tieback15,202502,598636,60272,43310,112,4,1,5344.964285714285,538.1428571428571,0.10068221757461963,69.013347,7.048301
Julia,tieback15,202503,663996,65902,47965,124,4,1,5354.806451612903,531.4677419354839,0.09925059789516805,69.677343,7.114203
Julia,tieback15,202504,607283,63982,44393,118,4,1,5146.466101694915,542.2203389830509,0.10535779858813765,70.284626,7.178185
Julia,tieback15,202505,651532,66830,45114,124,4,1,5254.290322580645,538.9516129032259,0.10257362646807831,70.936158,7.245015
Julia,tieback15,202506,622678,61671,56624,120,4,1,5188.983333333334,513.925,0.0990415592007426,71.558836,7.306686
North Platte,subsea20,201209,0,0,0,0,1,1,0.0,0.0,0.0,0.0,0.0
North Platte,subsea20,201212,0,0,0,0,1,1,0.0,0.0,0.0,0.0,0.0
North Platte,subsea20,201301,0,0,0,0,1,1,0.0,0.0,0.0,0.0,0.0
North Platte,subsea20,201302,0,0,0,0,1,1,0.0,0.0,0.0,0.0,0.0
North Platte,subsea20,201303,0,0,0,0,1,1,0.0,0.0,0.0,0.0,0.0
North Platte,subsea20,201304,0,0,0,0,1,1,0.0,0.0,0.0,0.0,0.0
North Platte,subsea20,201305,0,0,0,0,1,1,0.0,0.0,0.0,0.0,0.0
North Platte,subsea20,201306,0,0,0,0,1,1,0.0,0.0,0.0,0.0,0.0
North Platte,subsea20,201307,0,0,0,0,1,1,0.0,0.0,0.0,0.0,0.0
North Platte,subsea20,201308,0,0,0,0,1,1,0.0,0.0,0.0,0.0,0.0
North Platte,subsea20,201309,0,0,0,0,1,1,0.0,0.0,0.0,0.0,0.0
North Platte,subsea20,201310,0,0,0,0,1,1,0.0,0.0,0.0,0.0,0.0
North Platte,subsea20,201311,0,0,0,0,1,1,0.0,0.0,0.0,0.0,0.0
North Platte,subsea20,201312,0,0,0,0,1,1,0.0,0.0,0.0,0.0,0.0
North Platte,subsea20,201401,0,0,0,0,1,1,0.0,0.0,0.0,0.0,0.0
North Platte,subsea20,201402,0,0,0,0,1,1,0.0,0.0,0.0,0.0,0.0
North Platte,subsea20,201403,0,0,0,0,1,1,0.0,0.0,0.0,0.0,0.0
North Platte,subsea20,201404,0,0,0,0,1,1,0.0,0.0,0.0,0.0,0.0
North Platte,subsea20,201405,0,0,0,0,1,1,0.0,0.0,0.0,0.0,0.0
North Platte,subsea20,201406,0,0,0,0,1,1,0.0,0.0,0.0,0.0,0.0
North Platte,subsea20,201407,0,0,0,0,1,1,0.0,0.0,0.0,0.0,0.0
North Platte,subsea20,201408,0,0,0,0,1,1,0.0,0.0,0.0,0.0,0.0
North Platte,subsea20,201409,0,0,0,0,1,1,0.0,0.0,0.0,0.0,0.0
North Platte,subsea20,201410,0,0,0,0,1,1,0.0,0.0,0.0,0.0,0.0
North Platte,subsea20,201411,0,0,0,0,1,1,0.0,0.0,0.0,0.0,0.0
North Platte,subsea20,201412,0,0,0,0,1,1,0.0,0.0,0.0,0.0,0.0
North Platte,subsea20,201501,0,0,0,0,1,1,0.0,0.0,0.0,0.0,0.0
North Platte,subsea20,201502,0,0,0,0,1,1,0.0,0.0,0.0,0.0,0.0
North Platte,subsea20,201503,0,0,0,0,1,1,0.0,0.0,0.0,0.0,0.0
North Platte,subsea20,201504,0,0,0,0,2,2,0.0,0.0,0.0,0.0,0.0
North Platte,subsea20,201505,0,0,0,0,1,1,0.0,0.0,0.0,0.0,0.0
North Platte,subsea20,201506,0,0,0,0,1,1,0.0,0.0,0.0,0.0,0.0
North Platte,subsea20,201507,0,0,0,0,1,1,0.0,0.0,0.0,0.0,0.0
North Platte,subsea20,201508,0,0,0,0,1,1,0.0,0.0,0.0,0.0,0.0
North Platte,subsea20,201509,0,0,0,0,1,1,0.0,0.0,0.0,0.0,0.0
North Platte,subsea20,201510,0,0,0,0,1,1,0.0,0.0,0.0,0.0,0.0
North Platte,subsea20,201511,0,0,0,0,2,1,0.0,0.0,0.0,0.0,0.0
North Platte,subsea20,201512,0,0,0,0,2,1,0.0,0.0,0.0,0.0,0.0
North Platte,subsea20,201601,0,0,0,0,1,1,0.0,0.0,0.0,0.0,0.0
North Platte,subsea20,201602,0,0,0,0,1,1,0.0,0.0,0.0,0.0,0.0
North Platte,subsea20,201603,0,0,0,0,2,1,0.0,0.0,0.0,0.0,0.0
North Platte,subsea20,201604,0,0,0,0,1,1,0.0,0.0,0.0,0.0,0.0
North Platte,subsea20,201605,0,0,0,0,1,1,0.0,0.0,0.0,0.0,0.0
North Platte,subsea20,201701,0,0,0,0,1,1,0.0,0.0,0.0,0.0,0.0
North Platte,subsea20,201703,0,0,0,0,1,1,0.0,0.0,0.0,0.0,0.0
North Platte,subsea20,201705,0,0,0,0,1,1,0.0,0.0,0.0,0.0,0.0
North Platte,subsea20,201706,0,0,0,0,1,1,0.0,0.0,0.0,0.0,0.0
Shenandoah,subsea20,200811,0,0,0,0,1,1,0.0,0.0,0.0,0.0,0.0
Shenandoah,subsea20,200902,0,0,0,0,1,1,0.0,0.0,0.0,0.0,0.0
Shenandoah,subsea20,200903,0,0,0,0,1,1,0.0,0.0,0.0,0.0,0.0
Shenandoah,subsea20,200904,0,0,0,0,1,1,0.0,0.0,0.0,0.0,0.0
Shenandoah,subsea20,200905,0,0,0,0,1,1,0.0,0.0,0.0,0.0,0.0
Shenandoah,subsea20,200906,0,0,0,0,1,1,0.0,0.0,0.0,0.0,0.0
Shenandoah,subsea20,200907,0,0,0,0,1,1,0.0,0.0,0.0,0.0,0.0
Shenandoah,subsea20,200908,0,0,0,0,1,1,0.0,0.0,0.0,0.0,0.0
Shenandoah,subsea20,200909,0,0,0,0,1,1,0.0,0.0,0.0,0.0,0.0
Shenandoah,subsea20,200910,0,0,0,0,1,1,0.0,0.0,0.0,0.0,0.0
Shenandoah,subsea20,200911,0,0,0,0,1,1,0.0,0.0,0.0,0.0,0.0
Shenandoah,subsea20,200912,0,0,0,0,1,1,0.0,0.0,0.0,0.0,0.0
Shenandoah,subsea20,201001,0,0,0,0,1,1,0.0,0.0,0.0,0.0,0.0
Shenandoah,subsea20,201002,0,0,0,0,1,1,0.0,0.0,0.0,0.0,0.0
Shenandoah,subsea20,201003,0,0,0,0,1,1,0.0,0.0,0.0,0.0,0.0
Shenandoah,subsea20,201004,0,0,0,0,1,1,0.0,0.0,0.0,0.0,0.0
Shenandoah,subsea20,201005,0,0,0,0,1,1,0.0,0.0,0.0,0.0,0.0
Shenandoah,subsea20,201006,0,0,0,0,1,1,0.0,0.0,0.0,0.0,0.0
Shenandoah,subsea20,201007,0,0,0,0,1,1,0.0,0.0,0.0,0.0,0.0
Shenandoah,subsea20,201008,0,0,0,0,1,1,0.0,0.0,0.0,0.0,0.0
Shenandoah,subsea20,201009,0,0,0,0,1,1,0.0,0.0,0.0,0.0,0.0
Shenandoah,subsea20,201010,0,0,0,0,1,1,0.0,0.0,0.0,0.0,0.0
Shenandoah,subsea20,201011,0,0,0,0,1,1,0.0,0.0,0.0,0.0,0.0
Shenandoah,subsea20,201012,0,0,0,0,1,1,0.0,0.0,0.0,0.0,0.0
Shenandoah,subsea20,201101,0,0,0,0,1,1,0.0,0.0,0.0,0.0,0.0
Shenandoah,subsea20,201102,0,0,0,0,1,1,0.0,0.0,0.0,0.0,0.0
Shenandoah,subsea20,201103,0,0,0,0,1,1,0.0,0.0,0.0,0.0,0.0
Shenandoah,subsea20,201104,0,0,0,0,1,1,0.0,0.0,0.0,0.0,0.0
Shenandoah,subsea20,201105,0,0,0,0,1,1,0.0,0.0,0.0,0.0,0.0
Shenandoah,subsea20,201106,0,0,0,0,1,1,0.0,0.0,0.0,0.0,0.0
Shenandoah,subsea20,201107,0,0,0,0,1,1,0.0,0.0,0.0,0.0,0.0
Shenandoah,subsea20,201108,0,0,0,0,1,1,0.0,0.0,0.0,0.0,0.0
Shenandoah,subsea20,201109,0,0,0,0,1,1,0.0,0.0,0.0,0.0,0.0
Shenandoah,subsea20,201110,0,0,0,0,1,1,0.0,0.0,0.0,0.0,0.0
Shenandoah,subsea20,201111,0,0,0,0,1,1,0.0,0.0,0.0,0.0,0.0
Shenandoah,subsea20,201112,0,0,0,0,1,1,0.0,0.0,0.0,0.0,0.0
Shenandoah,subsea20,201201,0,0,0,0,1,1,0.0,0.0,0.0,0.0,0.0
Shenandoah,subsea20,201209,0,0,0,0,1,1,0.0,0.0,0.0,0.0,0.0
Shenandoah,subsea20,201303,0,0,0,0,1,1,0.0,0.0,0.0,0.0,0.0
Shenandoah,subsea20,201304,0,0,0,0,1,1,0.0,0.0,0.0,0.0,0.0
Shenandoah,subsea20,201305,0,0,0,0,1,1,0.0,0.0,0.0,0.0,0.0
Shenandoah,subsea20,201306,0,0,0,0,1,1,0.0,0.0,0.0,0.0,0.0
Shenandoah,subsea20,201307,0,0,0,0,1,1,0.0,0.0,0.0,0.0,0.0
Shenandoah,subsea20,201308,0,0,0,0,1,1,0.0,0.0,0.0,0.0,0.0
Shenandoah,subsea20,201309,0,0,0,0,1,1,0.0,0.0,0.0,0.0,0.0
Shenandoah,subsea20,201310,0,0,0,0,1,1,0.0,0.0,0.0,0.0,0.0
Shenandoah,subsea20,201311,0,0,0,0,1,1,0.0,0.0,0.0,0.0,0.0
Shenandoah,subsea20,201312,0,0,0,0,1,1,0.0,0.0,0.0,0.0,0.0
Shenandoah,subsea20,201401,0,0,0,0,1,1,0.0,0.0,0.0,0.0,0.0
Shenandoah,subsea20,201402,0,0,0,0,1,1,0.0,0.0,0.0,0.0,0.0
Shenandoah,subsea20,201403,0,0,0,0,1,1,0.0,0.0,0.0,0.0,0.0
Shenandoah,subsea20,201404,0,0,0,0,1,1,0.0,0.0,0.0,0.0,0.0
Shenandoah,subsea20,201405,0,0,0,0,1,1,0.0,0.0,0.0,0.0,0.0
Shenandoah,subsea20,201406,0,0,0,0,1,1,0.0,0.0,0.0,0.0,0.0
Shenandoah,subsea20,201407,0,0,0,0,1,1,0.0,0.0,0.0,0.0,0.0
Shenandoah,subsea20,201408,0,0,0,0,1,1,0.0,0.0,0.0,0.0,0.0
Shenandoah,subsea20,201409,0,0,0,0,1,1,0.0,0.0,0.0,0.0,0.0
Shenandoah,subsea20,201410,0,0,0,0,1,1,0.0,0.0,0.0,0.0,0.0
Shenandoah,subsea20,201411,0,0,0,0,1,1,0.0,0.0,0.0,0.0,0.0
Shenandoah,subsea20,201412,0,0,0,0,1,1,0.0,0.0,0.0,0.0,0.0
Shenandoah,subsea20,201501,0,0,0,0,1,1,0.0,0.0,0.0,0.0,0.0
Shenandoah,subsea20,201502,0,0,0,0,1,1,0.0,0.0,0.0,0.0,0.0
Shenandoah,subsea20,201503,0,0,0,0,1,1,0.0,0.0,0.0,0.0,0.0
Shenandoah,subsea20,201504,0,0,0,0,1,1,0.0,0.0,0.0,0.0,0.0
Shenandoah,subsea20,201505,0,0,0,0,1,1,0.0,0.0,0.0,0.0,0.0
Shenandoah,subsea20,201506,0,0,0,0,1,1,0.0,0.0,0.0,0.0,0.0
Shenandoah,subsea20,201507,0,0,0,0,1,1,0.0,0.0,0.0,0.0,0.0
Shenandoah,subsea20,201508,0,0,0,0,1,1,0.0,0.0,0.0,0.0,0.0
Shenandoah,subsea20,201509,0,0,0,0,1,1,0.0,0.0,0.0,0.0,0.0
Shenandoah,subsea20,201510,0,0,0,0,1,1,0.0,0.0,0.0,0.0,0.0
Shenandoah,subsea20,201511,0,0,0,0,1,1,0.0,0.0,0.0,0.0,0.0
Shenandoah,subsea20,201512,0,0,0,0,1,1,0.0,0.0,0.0,0.0,0.0
Shenandoah,subsea20,201601,0,0,0,0,1,1,0.0,0.0,0.0,0.0,0.0
Shenandoah,subsea20,201602,0,0,0,0,1,1,0.0,0.0,0.0,0.0,0.0
Shenandoah,subsea20,201603,0,0,0,0,1,1,0.0,0.0,0.0,0.0,0.0
Shenandoah,subsea20,201604,0,0,0,0,1,1,0.0,0.0,0.0,0.0,0.0
Shenandoah,subsea20,201605,0,0,0,0,1,1,0.0,0.0,0.0,0.0,0.0
Shenandoah,subsea20,201606,0,0,0,0,1,1,0.0,0.0,0.0,0.0,0.0
Shenandoah,subsea20,201607,0,0,0,0,1,1,0.0,0.0,0.0,0.0,0.0
Shenandoah,subsea20,201608,0,0,0,0,1,1,0.0,0.0,0.0,0.0,0.0
Shenandoah,subsea20,201609,0,0,0,0,1,1,0.0,0.0,0.0,0.0,0.0
Shenandoah,subsea20,201610,0,0,0,0,1,1,0.0,0.0,0.0,0.0,0.0
Shenandoah,subsea20,201611,0,0,0,0,2,1,0.0,0.0,0.0,0.0,0.0
Shenandoah,subsea20,201612,0,0,0,0,2,1,0.0,0.0,0.0,0.0,0.0
Shenandoah,subsea20,201701,0,0,0,0,2,1,0.0,0.0,0.0,0.0,0.0
Shenandoah,subsea20,201702,0,0,0,0,2,1,0.0,0.0,0.0,0.0,0.0
Shenandoah,subsea20,201703,0,0,0,0,2,1,0.0,0.0,0.0,0.0,0.0
Shenandoah,subsea20,201704,0,0,0,0,3,2,0.0,0.0,0.0,0.0,0.0
Shenandoah,subsea20,201705,0,0,0,0,3,2,0.0,0.0,0.0,0.0,0.0
Shenandoah,subsea20,201706,0,0,0,0,3,2,0.0,0.0,0.0,0.0,0.0
Shenandoah,subsea20,201707,0,0,0,0,3,2,0.0,0.0,0.0,0.0,0.0
Shenandoah,subsea20,201708,0,0,0,0,3,2,0.0,0.0,0.0,0.0,0.0
Shenandoah,subsea20,201709,0,0,0,0,3,2,0.0,0.0,0.0,0.0,0.0
Shenandoah,subsea20,201710,0,0,0,0,3,2,0.0,0.0,0.0,0.0,0.0
Shenandoah,subsea20,201711,0,0,0,0,3,2,0.0,0.0,0.0,0.0,0.0
Shenandoah,subsea20,201712,0,0,0,0,3,2,0.0,0.0,0.0,0.0,0.0
Shenandoah,subsea20,201801,0,0,0,0,3,2,0.0,0.0,0.0,0.0,0.0
Shenandoah,subsea20,201802,0,0,0,0,3,2,0.0,0.0,0.0,0.0,0.0
Shenandoah,subsea20,201803,0,0,0,0,3,2,0.0,0.0,0.0,0.0,0.0
Shenandoah,subsea20,201804,0,0,0,0,3,2,0.0,0.0,0.0,0.0,0.0
Shenandoah,subsea20,201805,0,0,0,0,3,2,0.0,0.0,0.0,0.0,0.0
Shenandoah,subsea20,201806,0,0,0,0,3,2,0.0,0.0,0.0,0.0,0.0
Shenandoah,subsea20,201807,0,0,0,0,3,2,0.0,0.0,0.0,0.0,0.0
Shenandoah,subsea20,201808,0,0,0,0,3,2,0.0,0.0,0.0,0.0,0.0
Shenandoah,subsea20,201809,0,0,0,0,3,2,0.0,0.0,0.0,0.0,0.0
Shenandoah,subsea20,201810,0,0,0,0,3,2,0.0,0.0,0.0,0.0,0.0
Shenandoah,subsea20,201811,0,0,0,0,3,2,0.0,0.0,0.0,0.0,0.0
Shenandoah,subsea20,201812,0,0,0,0,3,2,0.0,0.0,0.0,0.0,0.0
Shenandoah,subsea20,201901,0,0,0,0,3,2,0.0,0.0,0.0,0.0,0.0
Shenandoah,subsea20,201902,0,0,0,0,3,2,0.0,0.0,0.0,0.0,0.0
Shenandoah,subsea20,201903,0,0,0,0,3,2,0.0,0.0,0.0,0.0,0.0
Shenandoah,subsea20,201904,0,0,0,0,3,2,0.0,0.0,0.0,0.0,0.0
Shenandoah,subsea20,201905,0,0,0,0,3,2,0.0,0.0,0.0,0.0,0.0
Shenandoah,subsea20,201906,0,0,0,0,3,2,0.0,0.0,0.0,0.0,0.0
Shenandoah,subsea20,201907,0,0,0,0,3,2,0.0,0.0,0.0,0.0,0.0
Shenandoah,subsea20,201908,0,0,0,0,3,2,0.0,0.0,0.0,0.0,0.0
Shenandoah,subsea20,201909,0,0,0,0,3,2,0.0,0.0,0.0,0.0,0.0
Shenandoah,subsea20,201910,0,0,0,0,3,2,0.0,0.0,0.0,0.0,0.0
Shenandoah,subsea20,201911,0,0,0,0,3,2,0.0,0.0,0.0,0.0,0.0
Shenandoah,subsea20,201912,0,0,0,0,3,2,0.0,0.0,0.0,0.0,0.0
Shenandoah,subsea20,202001,0,0,0,0,3,2,0.0,0.0,0.0,0.0,0.0
Shenandoah,subsea20,202002,0,0,0,0,3,2,0.0,0.0,0.0,0.0,0.0
Shenandoah,subsea20,202003,0,0,0,0,3,2,0.0,0.0,0.0,0.0,0.0
Shenandoah,subsea20,202004,0,0,0,0,3,2,0.0,0.0,0.0,0.0,0.0
Shenandoah,subsea20,202005,0,0,0,0,3,2,0.0,0.0,0.0,0.0,0.0
Shenandoah,subsea20,202006,0,0,0,0,3,2,0.0,0.0,0.0,0.0,0.0
Shenandoah,subsea20,202007,0,0,0,0,3,2,0.0,0.0,0.0,0.0,0.0
Shenandoah,subsea20,202008,0,0,0,0,3,2,0.0,0.0,0.0,0.0,0.0
Shenandoah,subsea20,202009,0,0,0,0,3,2,0.0,0.0,0.0,0.0,0.0
Shenandoah,subsea20,202010,0,0,0,0,3,2,0.0,0.0,0.0,0.0,0.0
Shenandoah,subsea20,202011,0,0,0,0,3,2,0.0,0.0,0.0,0.0,0.0
Shenandoah,subsea20,202012,0,0,0,0,3,2,0.0,0.0,0.0,0.0,0.0
Shenandoah,subsea20,202101,0,0,0,0,3,2,0.0,0.0,0.0,0.0,0.0
Shenandoah,subsea20,202102,0,0,0,0,3,2,0.0,0.0,0.0,0.0,0.0
Shenandoah,subsea20,202103,0,0,0,0,3,2,0.0,0.0,0.0,0.0,0.0
Shenandoah,subsea20,202104,0,0,0,0,3,2,0.0,0.0,0.0,0.0,0.0
Shenandoah,subsea20,202105,0,0,0,0,3,2,0.0,0.0,0.0,0.0,0.0
Shenandoah,subsea20,202106,0,0,0,0,3,2,0.0,0.0,0.0,0.0,0.0
Shenandoah,subsea20,202107,0,0,0,0,3,2,0.0,0.0,0.0,0.0,0.0
Shenandoah,subsea20,202108,0,0,0,0,3,2,0.0,0.0,0.0,0.0,0.0
Shenandoah,subsea20,202109,0,0,0,0,3,2,0.0,0.0,0.0,0.0,0.0
Shenandoah,subsea20,202110,0,0,0,0,3,2,0.0,0.0,0.0,0.0,0.0
Shenandoah,subsea20,202111,0,0,0,0,3,2,0.0,0.0,0.0,0.0,0.0
Shenandoah,subsea20,202112,0,0,0,0,3,2,0.0,0.0,0.0,0.0,0.0
Shenandoah,subsea20,202201,0,0,0,0,3,2,0.0,0.0,0.0,0.0,0.0
Shenandoah,subsea20,202202,0,0,0,0,3,2,0.0,0.0,0.0,0.0,0.0
Shenandoah,subsea20,202203,0,0,0,0,3,2,0.0,0.0,0.0,0.0,0.0
Shenandoah,subsea20,202204,0,0,0,0,3,2,0.0,0.0,0.0,0.0,0.0
Shenandoah,subsea20,202205,0,0,0,0,3,2,0.0,0.0,0.0,0.0,0.0
Shenandoah,subsea20,202206,0,0,0,0,3,2,0.0,0.0,0.0,0.0,0.0
Shenandoah,subsea20,202207,0,0,0,0,3,2,0.0,0.0,0.0,0.0,0.0
Shenandoah,subsea20,202208,0,0,0,0,3,2,0.0,0.0,0.0,0.0,0.0
Shenandoah,subsea20,202209,0,0,0,0,3,2,0.0,0.0,0.0,0.0,0.0
Shenandoah,subsea20,202210,0,0,0,0,3,2,0.0,0.0,0.0,0.0,0.0
Shenandoah,subsea20,202211,0,0,0,0,5,2,0.0,0.0,0.0,0.0,0.0
Shenandoah,subsea20,202212,0,0,0,0,5,2,0.0,0.0,0.0,0.0,0.0
Shenandoah,subsea20,202301,0,0,0,0,6,2,0.0,0.0,0.0,0.0,0.0
Shenandoah,subsea20,202302,0,0,0,0,6,2,0.0,0.0,0.0,0.0,0.0
Shenandoah,subsea20,202303,0,0,0,0,6,2,0.0,0.0,0.0,0.0,0.0
Shenandoah,subsea20,202304,0,0,0,0,6,2,0.0,0.0,0.0,0.0,0.0
Shenandoah,subsea20,202305,0,0,0,0,6,2,0.0,0.0,0.0,0.0,0.0
Shenandoah,subsea20,202306,0,0,0,0,6,2,0.0,0.0,0.0,0.0,0.0
Shenandoah,subsea20,202307,0,0,0,0,6,2,0.0,0.0,0.0,0.0,0.0
Shenandoah,subsea20,202308,0,0,0,0,6,2,0.0,0.0,0.0,0.0,0.0
Shenandoah,subsea20,202309,0,0,0,0,6,2,0.0,0.0,0.0,0.0,0.0
Shenandoah,subsea20,202310,0,0,0,0,7,2,0.0,0.0,0.0,0.0,0.0
Shenandoah,subsea20,202311,0,0,0,0,8,2,0.0,0.0,0.0,0.0,0.0
Shenandoah,subsea20,202312,0,0,0,0,8,2,0.0,0.0,0.0,0.0,0.0
Shenandoah,subsea20,202401,0,0,0,0,8,2,0.0,0.0,0.0,0.0,0.0
Shenandoah,subsea20,202402,0,0,0,0,8,2,0.0,0.0,0.0,0.0,0.0
Shenandoah,subsea20,202403,0,0,0,0,8,2,0.0,0.0,0.0,0.0,0.0
Shenandoah,subsea20,202404,0,0,0,0,8,2,0.0,0.0,0.0,0.0,0.0
Shenandoah,subsea20,202405,0,0,0,0,8,2,0.0,0.0,0.0,0.0,0.0
Shenandoah,subsea20,202406,0,0,0,0,8,2,0.0,0.0,0.0,0.0,0.0
Shenandoah,subsea20,202407,0,0,0,0,9,2,0.0,0.0,0.0,0.0,0.0
Shenandoah,subsea20,202408,0,0,0,0,8,2,0.0,0.0,0.0,0.0,0.0
Shenandoah,subsea20,202409,0,0,0,0,8,2,0.0,0.0,0.0,0.0,0.0
Shenandoah,subsea20,202410,0,0,0,0,8,2,0.0,0.0,0.0,0.0,0.0
Shenandoah,subsea20,202411,0,0,0,0,8,2,0.0,0.0,0.0,0.0,0.0
Shenandoah,subsea20,202412,0,0,0,0,8,2,0.0,0.0,0.0,0.0,0.0
Shenandoah,subsea20,202501,0,0,0,0,8,2,0.0,0.0,0.0,0.0,0.0
Shenandoah,subsea20,202502,3784,3914,0,2,8,2,1892.0,1957.0,1.034355179704017,0.003784,0.003914
Shenandoah,subsea20,202503,0,0,0,0,8,2,0.0,0.0,0.0,0.003784,0.003914
Shenandoah,subsea20,202504,0,0,0,0,8,2,0.0,0.0,0.0,0.003784,0.003914
Shenandoah,subsea20,202505,0,0,0,0,8,2,0.0,0.0,0.0,0.003784,0.003914
Shenandoah,subsea20,202506,0,0,0,0,8,2,0.0,0.0,0.0,0.003784,0.003914
Stones,subsea15,200504,0,0,0,0,1,1,0.0,0.0,0.0,0.0,0.0
Stones,subsea15,200505,0,0,0,0,1,1,0.0,0.0,0.0,0.0,0.0
Stones,subsea15,200506,0,0,0,0,1,1,0.0,0.0,0.0,0.0,0.0
Stones,subsea15,200507,0,0,0,0,1,1,0.0,0.0,0.0,0.0,0.0
Stones,subsea15,200508,0,0,0,0,1,1,0.0,0.0,0.0,0.0,0.0
Stones,subsea15,200509,0,0,0,0,1,1,0.0,0.0,0.0,0.0,0.0
Stones,subsea15,200510,0,0,0,0,1,1,0.0,0.0,0.0,0.0,0.0
Stones,subsea15,200511,0,0,0,0,1,1,0.0,0.0,0.0,0.0,0.0
Stones,subsea15,200512,0,0,0,0,1,1,0.0,0.0,0.0,0.0,0.0
Stones,subsea15,200601,0,0,0,0,1,1,0.0,0.0,0.0,0.0,0.0
Stones,subsea15,200602,0,0,0,0,1,1,0.0,0.0,0.0,0.0,0.0
Stones,subsea15,200603,0,0,0,0,1,1,0.0,0.0,0.0,0.0,0.0
Stones,subsea15,200604,0,0,0,0,1,1,0.0,0.0,0.0,0.0,0.0
Stones,subsea15,200605,0,0,0,0,1,1,0.0,0.0,0.0,0.0,0.0
Stones,subsea15,200606,0,0,0,0,1,1,0.0,0.0,0.0,0.0,0.0
Stones,subsea15,200607,0,0,0,0,1,1,0.0,0.0,0.0,0.0,0.0
Stones,subsea15,200608,0,0,0,0,2,1,0.0,0.0,0.0,0.0,0.0
Stones,subsea15,200609,0,0,0,0,2,1,0.0,0.0,0.0,0.0,0.0
Stones,subsea15,200610,0,0,0,0,2,1,0.0,0.0,0.0,0.0,0.0
Stones,subsea15,200611,0,0,0,0,2,1,0.0,0.0,0.0,0.0,0.0
Stones,subsea15,200612,0,0,0,0,2,1,0.0,0.0,0.0,0.0,0.0
Stones,subsea15,200701,0,0,0,0,2,1,0.0,0.0,0.0,0.0,0.0
Stones,subsea15,200702,0,0,0,0,2,1,0.0,0.0,0.0,0.0,0.0
Stones,subsea15,200703,0,0,0,0,2,1,0.0,0.0,0.0,0.0,0.0
Stones,subsea15,200704,0,0,0,0,2,1,0.0,0.0,0.0,0.0,0.0
Stones,subsea15,200705,0,0,0,0,2,1,0.0,0.0,0.0,0.0,0.0
Stones,subsea15,200706,0,0,0,0,2,1,0.0,0.0,0.0,0.0,0.0
Stones,subsea15,200707,0,0,0,0,2,1,0.0,0.0,0.0,0.0,0.0
Stones,subsea15,200708,0,0,0,0,2,1,0.0,0.0,0.0,0.0,0.0
Stones,subsea15,200709,0,0,0,0,2,1,0.0,0.0,0.0,0.0,0.0
Stones,subsea15,200710,0,0,0,0,2,1,0.0,0.0,0.0,0.0,0.0
Stones,subsea15,200711,0,0,0,0,2,1,0.0,0.0,0.0,0.0,0.0
Stones,subsea15,200712,0,0,0,0,2,1,0.0,0.0,0.0,0.0,0.0
Stones,subsea15,200801,0,0,0,0,3,1,0.0,0.0,0.0,0.0,0.0
Stones,subsea15,200802,0,0,0,0,2,1,0.0,0.0,0.0,0.0,0.0
Stones,subsea15,200803,0,0,0,0,3,1,0.0,0.0,0.0,0.0,0.0
Stones,subsea15,200804,0,0,0,0,3,1,0.0,0.0,0.0,0.0,0.0
Stones,subsea15,200805,0,0,0,0,3,1,0.0,0.0,0.0,0.0,0.0
Stones,subsea15,200806,0,0,0,0,3,1,0.0,0.0,0.0,0.0,0.0
Stones,subsea15,200807,0,0,0,0,3,1,0.0,0.0,0.0,0.0,0.0
Stones,subsea15,200808,0,0,0,0,3,1,0.0,0.0,0.0,0.0,0.0
Stones,subsea15,200809,0,0,0,0,3,1,0.0,0.0,0.0,0.0,0.0
Stones,subsea15,200810,0,0,0,0,3,1,0.0,0.0,0.0,0.0,0.0
Stones,subsea15,200811,0,0,0,0,3,1,0.0,0.0,0.0,0.0,0.0
Stones,subsea15,200812,0,0,0,0,3,1,0.0,0.0,0.0,0.0,0.0
Stones,subsea15,200901,0,0,0,0,3,1,0.0,0.0,0.0,0.0,0.0
Stones,subsea15,200902,0,0,0,0,3,1,0.0,0.0,0.0,0.0,0.0
Stones,subsea15,200903,0,0,0,0,3,1,0.0,0.0,0.0,0.0,0.0
Stones,subsea15,200904,0,0,0,0,3,1,0.0,0.0,0.0,0.0,0.0
Stones,subsea15,200905,0,0,0,0,3,1,0.0,0.0,0.0,0.0,0.0
Stones,subsea15,201003,0,0,0,0,3,1,0.0,0.0,0.0,0.0,0.0
Stones,subsea15,201004,0,0,0,0,3,1,0.0,0.0,0.0,0.0,0.0
Stones,subsea15,201005,0,0,0,0,3,1,0.0,0.0,0.0,0.0,0.0
Stones,subsea15,201006,0,0,0,0,3,1,0.0,0.0,0.0,0.0,0.0
Stones,subsea15,201007,0,0,0,0,3,1,0.0,0.0,0.0,0.0,0.0
Stones,subsea15,201008,0,0,0,0,3,1,0.0,0.0,0.0,0.0,0.0
Stones,subsea15,201009,0,0,0,0,3,1,0.0,0.0,0.0,0.0,0.0
Stones,subsea15,201010,0,0,0,0,3,1,0.0,0.0,0.0,0.0,0.0
Stones,subsea15,201011,0,0,0,0,3,1,0.0,0.0,0.0,0.0,0.0
Stones,subsea15,201012,0,0,0,0,3,1,0.0,0.0,0.0,0.0,0.0
Stones,subsea15,201101,0,0,0,0,3,1,0.0,0.0,0.0,0.0,0.0
Stones,subsea15,201102,0,0,0,0,3,1,0.0,0.0,0.0,0.0,0.0
Stones,subsea15,201103,0,0,0,0,3,1,0.0,0.0,0.0,0.0,0.0
Stones,subsea15,201104,0,0,0,0,3,1,0.0,0.0,0.0,0.0,0.0
Stones,subsea15,201105,0,0,0,0,3,1,0.0,0.0,0.0,0.0,0.0
Stones,subsea15,201106,0,0,0,0,3,1,0.0,0.0,0.0,0.0,0.0
Stones,subsea15,201107,0,0,0,0,3,1,0.0,0.0,0.0,0.0,0.0
Stones,subsea15,201108,0,0,0,0,3,1,0.0,0.0,0.0,0.0,0.0
Stones,subsea15,201109,0,0,0,0,3,1,0.0,0.0,0.0,0.0,0.0
Stones,subsea15,201110,0,0,0,0,3,1,0.0,0.0,0.0,0.0,0.0
Stones,subsea15,201111,0,0,0,0,3,1,0.0,0.0,0.0,0.0,0.0
Stones,subsea15,201112,0,0,0,0,3,1,0.0,0.0,0.0,0.0,0.0
Stones,subsea15,201201,0,0,0,0,3,1,0.0,0.0,0.0,0.0,0.0
Stones,subsea15,201202,0,0,0,0,3,1,0.0,0.0,0.0,0.0,0.0
Stones,subsea15,201203,0,0,0,0,3,1,0.0,0.0,0.0,0.0,0.0
Stones,subsea15,201204,0,0,0,0,3,1,0.0,0.0,0.0,0.0,0.0
Stones,subsea15,201205,0,0,0,0,3,1,0.0,0.0,0.0,0.0,0.0
Stones,subsea15,201206,0,0,0,0,3,1,0.0,0.0,0.0,0.0,0.0
Stones,subsea15,201207,0,0,0,0,3,1,0.0,0.0,0.0,0.0,0.0
Stones,subsea15,201208,0,0,0,0,3,1,0.0,0.0,0.0,0.0,0.0
Stones,subsea15,201209,0,0,0,0,3,1,0.0,0.0,0.0,0.0,0.0
Stones,subsea15,201210,0,0,0,0,3,1,0.0,0.0,0.0,0.0,0.0
Stones,subsea15,201211,0,0,0,0,3,1,0.0,0.0,0.0,0.0,0.0
Stones,subsea15,201212,0,0,0,0,3,1,0.0,0.0,0.0,0.0,0.0
Stones,subsea15,201301,0,0,0,0,3,1,0.0,0.0,0.0,0.0,0.0
Stones,subsea15,201302,0,0,0,0,3,1,0.0,0.0,0.0,0.0,0.0
Stones,subsea15,201303,0,0,0,0,3,1,0.0,0.0,0.0,0.0,0.0
Stones,subsea15,201304,0,0,0,0,3,1,0.0,0.0,0.0,0.0,0.0
Stones,subsea15,201305,0,0,0,0,3,1,0.0,0.0,0.0,0.0,0.0
Stones,subsea15,201306,0,0,0,0,3,1,0.0,0.0,0.0,0.0,0.0
Stones,subsea15,201307,0,0,0,0,3,1,0.0,0.0,0.0,0.0,0.0
Stones,subsea15,201308,0,0,0,0,3,1,0.0,0.0,0.0,0.0,0.0
Stones,subsea15,201309,0,0,0,0,3,1,0.0,0.0,0.0,0.0,0.0
Stones,subsea15,201310,0,0,0,0,3,1,0.0,0.0,0.0,0.0,0.0
Stones,subsea15,201311,0,0,0,0,3,1,0.0,0.0,0.0,0.0,0.0
Stones,subsea15,201312,0,0,0,0,3,1,0.0,0.0,0.0,0.0,0.0
Stones,subsea15,201401,0,0,0,0,4,1,0.0,0.0,0.0,0.0,0.0
Stones,subsea15,201402,0,0,0,0,3,1,0.0,0.0,0.0,0.0,0.0
Stones,subsea15,201403,0,0,0,0,3,1,0.0,0.0,0.0,0.0,0.0
Stones,subsea15,201404,0,0,0,0,4,1,0.0,0.0,0.0,0.0,0.0
Stones,subsea15,201405,0,0,0,0,3,1,0.0,0.0,0.0,0.0,0.0
Stones,subsea15,201406,0,0,0,0,3,1,0.0,0.0,0.0,0.0,0.0
Stones,subsea15,201407,0,0,0,0,4,1,0.0,0.0,0.0,0.0,0.0
Stones,subsea15,201408,0,0,0,0,3,1,0.0,0.0,0.0,0.0,0.0
Stones,subsea15,201409,0,0,0,0,3,1,0.0,0.0,0.0,0.0,0.0
Stones,subsea15,201410,0,0,0,0,3,1,0.0,0.0,0.0,0.0,0.0
Stones,subsea15,201411,0,0,0,0,3,1,0.0,0.0,0.0,0.0,0.0
Stones,subsea15,201412,0,0,0,0,3,1,0.0,0.0,0.0,0.0,0.0
Stones,subsea15,201501,0,0,0,0,3,1,0.0,0.0,0.0,0.0,0.0
Stones,subsea15,201502,0,0,0,0,4,1,0.0,0.0,0.0,0.0,0.0
Stones,subsea15,201503,0,0,0,0,4,1,0.0,0.0,0.0,0.0,0.0
Stones,subsea15,201504,0,0,0,0,4,1,0.0,0.0,0.0,0.0,0.0
Stones,subsea15,201505,0,0,0,0,4,1,0.0,0.0,0.0,0.0,0.0
Stones,subsea15,201506,0,0,0,0,4,1,0.0,0.0,0.0,0.0,0.0
Stones,subsea15,201507,0,0,0,0,5,1,0.0,0.0,0.0,0.0,0.0
Stones,subsea15,201508,0,0,0,0,8,1,0.0,0.0,0.0,0.0,0.0
Stones,subsea15,201509,0,0,0,0,8,1,0.0,0.0,0.0,0.0,0.0
Stones,subsea15,201510,0,0,0,0,8,1,0.0,0.0,0.0,0.0,0.0
Stones,subsea15,201511,0,0,0,0,8,1,0.0,0.0,0.0,0.0,0.0
Stones,subsea15,201512,0,0,0,0,8,1,0.0,0.0,0.0,0.0,0.0
Stones,subsea15,201601,0,0,0,0,8,1,0.0,0.0,0.0,0.0,0.0
Stones,subsea15,201602,0,0,0,0,8,1,0.0,0.0,0.0,0.0,0.0
Stones,subsea15,201603,0,0,0,0,7,1,0.0,0.0,0.0,0.0,0.0
Stones,subsea15,201604,0,0,0,0,7,1,0.0,0.0,0.0,0.0,0.0
Stones,subsea15,201605,0,0,0,0,7,1,0.0,0.0,0.0,0.0,0.0
Stones,subsea15,201606,0,0,0,0,7,1,0.0,0.0,0.0,0.0,0.0
Stones,subsea15,201607,0,0,0,0,7,1,0.0,0.0,0.0,0.0,0.0
Stones,subsea15,201608,0,0,0,0,8,1,0.0,0.0,0.0,0.0,0.0
Stones,subsea15,201609,106633,21738,1631,25,7,1,4265.32,869.52,0.20385809271051175,0.106633,0.021738
Stones,subsea15,201610,311714,66945,54585,32,7,1,9741.0625,2092.03125,0.21476417485258922,0.418347,0.088683
Stones,subsea15,201611,205334,35942,24782,20,8,1,10266.7,1797.1,0.17504163947519652,0.623681,0.124625
Stones,subsea15,201612,110461,19414,3578,23,8,1,4802.652173913043,844.0869565217391,0.17575433863535547,0.734142,0.144039
Stones,subsea15,201701,12694,1078,1818,2,6,1,6347.0,539.0,0.08492201039861352,0.746836,0.145117
Stones,subsea15,201702,143807,14275,9163,11,6,1,13073.363636363636,1297.7272727272727,0.099264987100767,0.890643,0.159392
Stones,subsea15,201703,781227,127380,69229,43,6,1,18168.06976744186,2962.3255813953488,0.16305120022733469,1.67187,0.286772
Stones,subsea15,201704,689600,108450,20782,39,6,1,17682.05128205128,2780.769230769231,0.15726508120649652,2.36147,0.395222
Stones,subsea15,201705,448174,68681,17315,61,6,1,7347.11475409836,1125.9180327868853,0.1532462838094133,2.809644,0.463903
Stones,subsea15,201706,888433,131745,26877,80,6,1,11105.4125,1646.8125,0.1482891788125835,3.698077,0.595648
Stones,subsea15,201707,1083813,175695,47860,90,7,1,12042.366666666667,1952.1666666666667,0.16210822346659434,4.78189,0.771343
Stones,subsea15,201708,997055,164868,79446,108,7,1,9231.99074074074,1526.5555555555557,0.16535497038779204,5.778945,0.936211
Stones,subsea15,201709,72285,2060,4829,90,7,1,803.1666666666666,22.88888888888889,0.02849830531922252,5.85123,0.938271
Stones,subsea15,201710,859394,132440,56578,90,7,1,9548.822222222223,1471.5555555555557,0.15410859279911193,6.710624,1.070711
Stones,subsea15,201711,705524,98886,51835,60,5,1,11758.733333333334,1648.1,0.14015965438454256,7.416148,1.169597
Stones,subsea15,201712,594868,63135,43617,56,5,1,10622.642857142857,1127.4107142857142,0.1061327891229651,8.011016,1.232732
Stones,subsea15,201801,788243,113016,57626,74,5,1,10651.932432432432,1527.2432432432433,0.1433771057909807,8.799259,1.345748
Stones,subsea15,201802,732789,113087,42064,69,5,1,10620.130434782608,1638.9420289855072,0.15432409602218375,9.532048,1.458835
Stones,subsea15,201803,0,2962,14,31,5,1,0.0,95.54838709677419,0.0,9.532048,1.461797
Stones,subsea15,201804,0,0,0,0,5,1,0.0,0.0,0.0,9.532048,1.461797
Stones,subsea15,201805,0,0,0,0,5,1,0.0,0.0,0.0,9.532048,1.461797
Stones,subsea15,201806,646194,94255,46726,67,5,1,9644.686567164179,1406.7910447761194,0.14586176906625564,10.178242,1.556052
Stones,subsea15,201807,843847,124159,56493,86,6,1,9812.17441860465,1443.7093023255813,0.14713449239020818,11.022089,1.680211
Stones,subsea15,201808,864642,129995,48819,100,6,1,8646.42,1299.95,0.15034546089595463,11.886731,1.810206
Stones,subsea15,201809,1193883,189708,55261,117,6,1,10204.128205128205,1621.4358974358975,0.15889999271285377,13.080614,1.999914
Stones,subsea15,201810,1325150,217948,67305,121,6,1,10951.652892561984,1801.2231404958677,0.1644704373089839,14.405764,2.217862
Stones,subsea15,201811,785621,117674,36311,84,6,1,9352.630952380952,1400.8809523809523,0.14978469261896002,15.191385,2.335536
Stones,subsea15,201812,1254635,195814,57996,131,6,1,9577.36641221374,1494.7633587786258,0.1560724832321751,16.44602,2.53135
Stones,subsea15,201901,1179145,179417,52499,128,6,1,9212.0703125,1401.6953125,0.1521585555635651,17.625165,2.710767
Stones,subsea15,201902,263623,31600,11381,28,6,1,9415.107142857143,1128.5714285714287,0.1198681450404555,17.888788,2.742367
Stones,subsea15,201903,846254,139526,44293,28,6,1,30223.35714285714,4983.071428571428,0.16487484844975622,18.735042,2.881893
Stones,subsea15,201904,1191374,184676,64297,90,6,1,13237.488888888889,2051.9555555555557,0.15501093695178844,19.926416,3.066569
Stones,subsea15,201905,1179063,158888,63130,93,6,1,12678.09677419355,1708.47311827957,0.13475785433009094,21.105479,3.225457
Stones,subsea15,201906,966514,136900,53907,88,6,1,10983.113636363636,1555.6818181818182,0.141643059490085,22.071993,3.362357
Stones,subsea15,201907,778510,120446,42827,93,6,1,8371.075268817205,1295.1182795698924,0.15471349115618296,22.850503,3.482803
Stones,subsea15,201908,954692,157608,52456,81,6,1,11786.32098765432,1945.7777777777778,0.16508779794949574,23.805195,3.640411
Stones,subsea15,201909,935675,141483,51281,81,6,1,11551.543209876543,1746.7037037037037,0.1512095545996206,24.74087,3.781894
Stones,subsea15,201910,965159,161332,60866,112,7,1,8617.49107142857,1440.4642857142858,0.16715587794342693,25.706029,3.943226
Stones,subsea15,201911,713535,111313,44919,80,7,1,8919.1875,1391.4125,0.15600215826834002,26.419564,4.054539
Stones,subsea15,201912,886173,147401,58695,119,7,1,7446.83193277311,1238.6638655462184,0.166334338780351,27.305737,4.20194
Stones,subsea15,202001,949288,157285,63198,119,7,1,7977.210084033613,1321.7226890756303,0.16568733619302045,28.255025,4.359225
Stones,subsea15,202002,797557,129824,51401,114,7,1,6996.1140350877195,1138.8070175438597,0.1627770805096062,29.052582,4.489049
Stones,subsea15,202003,875742,154054,59092,119,7,1,7359.176470588235,1294.5714285714287,0.1759125404514115,29.928324,4.643103
Stones,subsea15,202004,715535,116011,49732,97,7,1,7376.649484536082,1195.9896907216496,0.16213183142683446,30.643859,4.759114
Stones,subsea15,202005,704716,110124,46498,124,7,1,5683.193548387097,888.0967741935484,0.15626720551257528,31.348575,4.869238
Stones,subsea15,202006,590730,96997,44592,123,7,1,4802.682926829269,788.5934959349594,0.16419853401723292,31.939305,4.966235
Stones,subsea15,202007,1155232,195603,107118,150,7,1,7701.546666666667,1304.02,0.1693192363092435,33.094537,5.161838
Stones,subsea15,202008,904095,146118,75506,114,7,1,7930.6578947368425,1281.7368421052631,0.16161797156272295,33.998632,5.307956
Stones,subsea15,202009,1146934,191509,91718,150,7,1,7646.2266666666665,1276.7266666666667,0.16697473437878727,35.145566,5.499465
Stones,subsea15,202010,732151,121922,60990,106,7,1,6907.084905660377,1150.2075471698113,0.16652575766474403,35.877717,5.621387
Stones,subsea15,202011,1160061,193924,100933,150,7,1,7733.74,1292.8266666666666,0.1671670713867633,37.037778,5.815311
Stones,subsea15,202012,1115337,187358,91233,155,8,1,7195.7225806451615,1208.7612903225806,0.16798330908057385,38.153115,6.002669
Stones,subsea15,202101,1083969,188799,91712,155,8,1,6993.348387096774,1218.058064516129,0.17417380017325218,39.237084,6.191468
Stones,subsea15,202102,860313,136043,73490,133,8,1,6468.518796992481,1022.8796992481203,0.15813198219717708,40.097397,6.327511
Stones,subsea15,202103,1027945,167595,91622,155,8,1,6631.903225806452,1081.258064516129,0.16303887853922144,41.125342,6.495106
Stones,subsea15,202104,964134,156544,86114,150,8,1,6427.56,1043.6266666666668,0.16236747174147992,42.089476,6.65165
Stones,subsea15,202105,1129839,188480,126038,179,8,1,6311.949720670391,1052.9608938547485,0.16682022836882068,43.219315,6.84013
Stones,subsea15,202106,1427535,229835,129468,180,8,1,7930.75,1276.861111111111,0.1610013064478279,44.64685,7.069965
Stones,subsea15,202107,1383241,216717,131137,185,6,1,7476.978378378379,1171.4432432432432,0.15667334904040583,46.030091,7.286682
Stones,subsea15,202108,1076077,157885,105395,159,7,1,6767.779874213837,992.9874213836478,0.1467227716975644,47.106168,7.444567
Stones,subsea15,202109,1224698,186533,116983,173,7,1,7079.179190751445,1078.2254335260116,0.15230938566079147,48.330866,7.6311
Stones,subsea15,202110,1493073,197840,130193,186,7,1,8027.274193548387,1063.6559139784947,0.13250524254339874,49.823939,7.82894
Stones,subsea15,202111,951980,180893,114284,174,7,1,5471.149425287356,1039.6149425287356,0.19001764742956784,50.775919,8.009833
Stones,subsea15,202112,1229618,196060,125202,186,7,1,6610.8494623655915,1054.0860215053763,0.15944789357345127,52.005537,8.205893
Stones,subsea15,202201,1146494,173012,128929,186,7,1,6163.94623655914,930.1720430107526,0.15090528166741388,53.152031,8.378905
Stones,subsea15,202202,952999,140350,112129,168,6,1,5672.613095238095,835.4166666666666,0.1472719278824007,54.10503,8.519255
Stones,subsea15,202203,1091057,163559,130955,186,6,1,5865.897849462365,879.3494623655914,0.14990875820420016,55.196087,8.682814
Stones,subsea15,202204,999833,152443,119836,174,7,1,5746.166666666667,876.1091954022988,0.15246846223319294,56.19592,8.835257
Stones,subsea15,202205,662729,99534,97944,149,7,1,4447.845637583892,668.0134228187919,0.15018808592954286,56.858649,8.934791
Stones,subsea15,202206,1029149,154237,136298,210,7,1,4900.7095238095235,734.4619047619047,0.14986848357234958,57.887798,9.089028
Stones,subsea15,202207,935000,139931,125520,175,7,1,5342.857142857143,799.6057142857143,0.14965882352941176,58.822798,9.228959
Stones,subsea15,202208,1216759,187345,175825,217,7,1,5607.184331797235,863.3410138248848,0.15397050689577804,60.039557,9.416304
Stones,subsea15,202209,1069505,167653,159292,210,7,1,5092.880952380952,798.347619047619,0.15675756541577646,61.109062,9.583957
Stones,subsea15,202210,1050797,161306,157180,217,7,1,4842.382488479263,743.3456221198156,0.1535082418392896,62.159859,9.745263
Stones,subsea15,202211,785593,110003,135376,183,7,1,4292.857923497268,601.1092896174863,0.14002543301684206,62.945452,9.855266
Stones,subsea15,202212,1010547,149523,168494,216,7,1,4678.458333333333,692.2361111111111,0.1479624401438033,63.955999,10.004789
Stones,subsea15,202301,985262,141984,168558,217,7,1,4540.377880184332,654.3041474654378,0.14410786166522205,64.941261,10.146773
Stones,subsea15,202302,679111,93708,130086,165,8,1,4115.824242424243,567.9272727272727,0.13798627912079173,65.620372,10.240481
Stones,subsea15,202303,1007451,156717,169437,217,8,1,4642.6313364055295,722.1981566820276,0.15555793780541188,66.627823,10.397198
Stones,subsea15,202304,894809,127271,156037,213,8,1,4200.981220657277,597.5164319248827,0.14223258818362355,67.522632,10.524469
Stones,subsea15,202305,795494,117079,143667,215,8,1,3699.9720930232556,544.553488372093,0.14717772855609218,68.318126,10.641548
Stones,subsea15,202306,770877,109061,116612,216,8,1,3568.875,504.912037037037,0.14147652608652223,69.089003,10.750609
Stones,subsea15,202307,950239,126973,178236,246,8,1,3862.7601626016262,516.150406504065,0.13362217294806886,70.039242,10.877582
Stones,subsea15,202308,678930,118704,146723,213,8,1,3187.4647887323945,557.2957746478874,0.1748398214838054,70.718172,10.996286
Stones,subsea15,202309,770305,113935,147513,210,8,1,3668.1190476190477,542.547619047619,0.14790894515808672,71.488477,11.110221
Stones,subsea15,202310,786190,113255,147679,216,8,1,3639.7685185185187,524.3287037037037,0.14405550821048346,72.274667,11.223476
Stones,subsea15,202311,743502,95978,138831,210,8,1,3540.4857142857145,457.03809523809525,0.1290890945821262,73.018169,11.319454
Stones,subsea15,202312,718226,87863,134031,217,8,1,3309.7972350230416,404.89861751152074,0.12233336025150858,73.736395,11.407317
Stones,subsea15,202401,724222,88829,129626,217,8,1,3337.4285714285716,409.35023041474653,0.12265437945823242,74.460617,11.496146
Stones,subsea15,202402,692225,97600,116432,203,8,1,3409.975369458128,480.7881773399015,0.1409946188016902,75.152842,11.593746
Stones,subsea15,202403,718552,93757,142482,217,8,1,3311.2995391705067,432.0599078341014,0.13048046627105622,75.871394,11.687503
Stones,subsea15,202404,678483,91912,129392,204,8,1,3325.8970588235293,450.54901960784315,0.13546691663608373,76.549877,11.779415
Stones,subsea15,202405,590770,64001,118873,189,8,1,3125.767195767196,338.6296296296296,0.10833488498061851,77.140647,11.843416
Stones,subsea15,202406,647976,86976,129893,210,8,1,3085.6,414.1714285714286,0.13422719359976296,77.788623,11.930392
Stones,subsea15,202407,669435,67269,131366,217,8,1,3084.9539170506914,309.9953917050691,0.10048623092607946,78.458058,11.997661
Stones,subsea15,202408,638604,70686,126664,217,8,1,2942.8755760368663,325.741935483871,0.11068831388466091,79.096662,12.068347
Stones,subsea15,202409,559052,65849,114443,202,8,1,2767.5841584158416,325.98514851485146,0.1177868963888869,79.655714,12.134196
Stones,subsea15,202410,616779,74385,127355,216,8,1,2855.4583333333335,344.375,0.12060235513855044,80.272493,12.208581
Stones,subsea15,202411,514253,52740,108810,210,8,1,2448.8238095238094,251.14285714285714,0.10255652373442643,80.786746,12.261321
Stones,subsea15,202412,589018,72287,125551,223,8,1,2641.336322869955,324.15695067264573,0.12272460264372226,81.375764,12.333608
Stones,subsea15,202501,572548,50775,124343,217,8,1,2638.4700460829495,233.98617511520737,0.08868252094147565,81.948312,12.384383
Stones,subsea15,202502,529301,59611,116527,196,8,1,2700.515306122449,304.13775510204084,0.11262211860548157,82.477613,12.443994
Stones,subsea15,202503,374934,23164,79333,161,8,1,2328.782608695652,143.87577639751552,0.06178154021774499,82.852547,12.467158
Stones,subsea15,202504,547163,35730,114006,180,8,1,3039.7944444444443,198.5,0.06530046805065401,83.39971,12.502888
Stones,subsea15,202505,258079,4916,53133,186,8,1,1387.521505376344,26.43010752688172,0.019048430906815354,83.657789,12.507804
Stones,subsea15,202506,533069,38890,122699,204,8,1,2613.0833333333335,190.63725490196077,0.0729549082764145,84.190858,12.546694
Stones,subsea15,202507,492234,16251,105899,203,8,1,2424.7980295566504,80.05418719211822,0.033014785650727095,84.683092,12.562945
Tiber,subsea20,200908,0,0,0,0,1,1,0.0,0.0,0.0,0.0,0.0
Tiber,subsea20,200909,0,0,0,0,1,1,0.0,0.0,0.0,0.0,0.0
Tiber,subsea20,200910,0,0,0,0,1,1,0.0,0.0,0.0,0.0,0.0
Tiber,subsea20,200911,0,0,0,0,1,1,0.0,0.0,0.0,0.0,0.0
Tiber,subsea20,200912,0,0,0,0,1,1,0.0,0.0,0.0,0.0,0.0
Tiber,subsea20,201001,0,0,0,0,1,1,0.0,0.0,0.0,0.0,0.0
Tiber,subsea20,201002,0,0,0,0,1,1,0.0,0.0,0.0,0.0,0.0
Tiber,subsea20,201003,0,0,0,0,1,1,0.0,0.0,0.0,0.0,0.0
Tiber,subsea20,201004,0,0,0,0,1,1,0.0,0.0,0.0,0.0,0.0
Tiber,subsea20,201005,0,0,0,0,1,1,0.0,0.0,0.0,0.0,0.0
Tiber,subsea20,201006,0,0,0,0,1,1,0.0,0.0,0.0,0.0,0.0
Tiber,subsea20,201007,0,0,0,0,1,1,0.0,0.0,0.0,0.0,0.0
Tiber,subsea20,201008,0,0,0,0,1,1,0.0,0.0,0.0,0.0,0.0
Tiber,subsea20,201009,0,0,0,0,1,1,0.0,0.0,0.0,0.0,0.0
Tiber,subsea20,201010,0,0,0,0,1,1,0.0,0.0,0.0,0.0,0.0
Tiber,subsea20,201011,0,0,0,0,1,1,0.0,0.0,0.0,0.0,0.0
Tiber,subsea20,201012,0,0,0,0,1,1,0.0,0.0,0.0,0.0,0.0
Tiber,subsea20,201101,0,0,0,0,1,1,0.0,0.0,0.0,0.0,0.0
Tiber,subsea20,201102,0,0,0,0,1,1,0.0,0.0,0.0,0.0,0.0
Tiber,subsea20,201103,0,0,0,0,1,1,0.0,0.0,0.0,0.0,0.0
Tiber,subsea20,201104,0,0,0,0,1,1,0.0,0.0,0.0,0.0,0.0
Tiber,subsea20,201105,0,0,0,0,1,1,0.0,0.0,0.0,0.0,0.0
Tiber,subsea20,201106,0,0,0,0,1,1,0.0,0.0,0.0,0.0,0.0
Tiber,subsea20,201107,0,0,0,0,1,1,0.0,0.0,0.0,0.0,0.0
Tiber,subsea20,201108,0,0,0,0,1,1,0.0,0.0,0.0,0.0,0.0
Tiber,subsea20,201109,0,0,0,0,1,1,0.0,0.0,0.0,0.0,0.0
Tiber,subsea20,201110,0,0,0,0,1,1,0.0,0.0,0.0,0.0,0.0
Tiber,subsea20,201111,0,0,0,0,1,1,0.0,0.0,0.0,0.0,0.0
Tiber,subsea20,201112,0,0,0,0,1,1,0.0,0.0,0.0,0.0,0.0
Tiber,subsea20,201201,0,0,0,0,1,1,0.0,0.0,0.0,0.0,0.0
Tiber,subsea20,201202,0,0,0,0,1,1,0.0,0.0,0.0,0.0,0.0
Tiber,subsea20,201203,0,0,0,0,1,1,0.0,0.0,0.0,0.0,0.0
Tiber,subsea20,201204,0,0,0,0,1,1,0.0,0.0,0.0,0.0,0.0
Tiber,subsea20,201205,0,0,0,0,1,1,0.0,0.0,0.0,0.0,0.0
Tiber,subsea20,201206,0,0,0,0,1,1,0.0,0.0,0.0,0.0,0.0
Tiber,subsea20,201207,0,0,0,0,1,1,0.0,0.0,0.0,0.0,0.0
Tiber,subsea20,201208,0,0,0,0,1,1,0.0,0.0,0.0,0.0,0.0
Tiber,subsea20,201209,0,0,0,0,1,1,0.0,0.0,0.0,0.0,0.0
Tiber,subsea20,201210,0,0,0,0,1,1,0.0,0.0,0.0,0.0,0.0
Tiber,subsea20,201211,0,0,0,0,1,1,0.0,0.0,0.0,0.0,0.0
Tiber,subsea20,201212,0,0,0,0,1,1,0.0,0.0,0.0,0.0,0.0
Tiber,subsea20,201301,0,0,0,0,1,1,0.0,0.0,0.0,0.0,0.0
Tiber,subsea20,201302,0,0,0,0,1,1,0.0,0.0,0.0,0.0,0.0
Tiber,subsea20,201303,0,0,0,0,1,1,0.0,0.0,0.0,0.0,0.0
Tiber,subsea20,201304,0,0,0,0,1,1,0.0,0.0,0.0,0.0,0.0
Tiber,subsea20,201305,0,0,0,0,1,1,0.0,0.0,0.0,0.0,0.0
Tiber,subsea20,201306,0,0,0,0,1,1,0.0,0.0,0.0,0.0,0.0
Tiber,subsea20,201307,0,0,0,0,1,1,0.0,0.0,0.0,0.0,0.0
Tiber,subsea20,201308,0,0,0,0,1,1,0.0,0.0,0.0,0.0,0.0
Tiber,subsea20,201309,0,0,0,0,1,1,0.0,0.0,0.0,0.0,0.0
Tiber,subsea20,201310,0,0,0,0,1,1,0.0,0.0,0.0,0.0,0.0
Tiber,subsea20,201311,0,0,0,0,1,1,0.0,0.0,0.0,0.0,0.0
Tiber,subsea20,201312,0,0,0,0,1,1,0.0,0.0,0.0,0.0,0.0
Tiber,subsea20,201401,0,0,0,0,1,1,0.0,0.0,0.0,0.0,0.0
Tiber,subsea20,201402,0,0,0,0,1,1,0.0,0.0,0.0,0.0,0.0
Tiber,subsea20,201403,0,0,0,0,1,1,0.0,0.0,0.0,0.0,0.0
Tiber,subsea20,201404,0,0,0,0,1,1,0.0,0.0,0.0,0.0,0.0
Tiber,subsea20,201405,0,0,0,0,1,1,0.0,0.0,0.0,0.0,0.0
Tiber,subsea20,201406,0,0,0,0,1,1,0.0,0.0,0.0,0.0,0.0
Tiber,subsea20,201407,0,0,0,0,1,1,0.0,0.0,0.0,0.0,0.0
Tiber,subsea20,201408,0,0,0,0,1,1,0.0,0.0,0.0,0.0,0.0
Tiber,subsea20,201409,0,0,0,0,1,1,0.0,0.0,0.0,0.0,0.0
Tiber,subsea20,201410,0,0,0,0,1,1,0.0,0.0,0.0,0.0,0.0
Tiber,subsea20,201411,0,0,0,0,1,1,0.0,0.0,0.0,0.0,0.0
Tiber,subsea20,201412,0,0,0,0,1,1,0.0,0.0,0.0,0.0,0.0
Tiber,subsea20,201501,0,0,0,0,1,1,0.0,0.0,0.0,0.0,0.0
Tiber,subsea20,201502,0,0,0,0,1,1,0.0,0.0,0.0,0.0,0.0
Tiber,subsea20,201503,0,0,0,0,1,1,0.0,0.0,0.0,0.0,0.0
Tiber,subsea20,201504,0,0,0,0,1,1,0.0,0.0,0.0,0.0,0.0
Tiber,subsea20,201505,0,0,0,0,1,1,0.0,0.0,0.0,0.0,0.0
Tiber,subsea20,201506,0,0,0,0,1,1,0.0,0.0,0.0,0.0,0.0
Tiber,subsea20,201507,0,0,0,0,1,1,0.0,0.0,0.0,0.0,0.0
Tiber,subsea20,201508,0,0,0,0,1,1,0.0,0.0,0.0,0.0,0.0
Tiber,subsea20,201509,0,0,0,0,1,1,0.0,0.0,0.0,0.0,0.0
Tiber,subsea20,201510,0,0,0,0,1,1,0.0,0.0,0.0,0.0,0.0
Tiber,subsea20,201511,0,0,0,0,1,1,0.0,0.0,0.0,0.0,0.0
Tiber,subsea20,201512,0,0,0,0,1,1,0.0,0.0,0.0,0.0,0.0
Tiber,subsea20,201601,0,0,0,0,1,1,0.0,0.0,0.0,0.0,0.0
Tiber,subsea20,201602,0,0,0,0,1,1,0.0,0.0,0.0,0.0,0.0
Tiber,subsea20,201603,0,0,0,0,1,1,0.0,0.0,0.0,0.0,0.0
Tiber,subsea20,201604,0,0,0,0,2,1,0.0,0.0,0.0,0.0,0.0
Tiber,subsea20,201605,0,0,0,0,2,1,0.0,0.0,0.0,0.0,0.0
Tiber,subsea20,201606,0,0,0,0,2,1,0.0,0.0,0.0,0.0,0.0
Tiber,subsea20,201607,0,0,0,0,2,1,0.0,0.0,0.0,0.0,0.0
Tiber,subsea20,201608,0,0,0,0,2,1,0.0,0.0,0.0,0.0,0.0
Tiber,subsea20,201609,0,0,0,0,2,1,0.0,0.0,0.0,0.0,0.0
Tiber,subsea20,201610,0,0,0,0,2,1,0.0,0.0,0.0,0.0,0.0
Tiber,subsea20,201611,0,0,0,0,2,1,0.0,0.0,0.0,0.0,0.0
Tiber,subsea20,201612,0,0,0,0,2,1,0.0,0.0,0.0,0.0,0.0
Tiber,subsea20,201701,0,0,0,0,2,1,0.0,0.0,0.0,0.0,0.0
Tiber,subsea20,201702,0,0,0,0,2,1,0.0,0.0,0.0,0.0,0.0
Tiber,subsea20,201703,0,0,0,0,2,1,0.0,0.0,0.0,0.0,0.0
Tiber,subsea20,201704,0,0,0,0,1,1,0.0,0.0,0.0,0.0,0.0
