incident_id,date,vessel_name,description,severity,location,source,fatalities,injuries
52960,2025-04-11,,"On 11 April 2025, the FISHING VESSEL ""FUNDY TRAPPER II"", with 4 persons onboard, became disabled due to a rope in the propeller.  The vessel was towed to Yarmouth, N.S. by the FISHING VESSEL "" SEAS N AIR 2012.",CLASS 5,NOVA SCOTIA (NS),Canadian TSB,0,0
52959,2025-04-10,,"On 10 April 2025, the FISHING VESSEL ""L'ACADJONNE"", with 3 people onboard, experienced a propeller failure.  The vessel was towed to Cape St. Mary's , N.S. by the CCGS SAMBRO.",CLASS 5,NOVA SCOTIA (NS),Canadian TSB,0,0
52958,2025-04-10,,"On 10 April 2025, the FISHING VESSEL ""JESS & JAN"" with 3 persons onboard, experienced a main engine failure. The vessel was towed to West Head, N.S. by the CCGS CHEDABUCTO BAY.",CLASS 5,NOVA SCOTIA (NS),Canadian TSB,0,0
52956,2025-04-09,,"On 09 April 2025, the ferry RO-RO ""FELIX-ANTOINE-SAVARD"", waiting for 1808",CLASS 5,QUEBEC (QC),Canadian TSB,0,0
52954,2025-04-09,,"On 09 April 2025, the cargo vessel ""CTMA VOYAGEUR 2"", awaiting 1808.",CLASS 5,N/A,Canadian TSB,0,0
52953,2025-04-09,,"On 09 April 2025, the bulk carrier ""CSL NIAGARA"", reported having struck the lower wall of lock number 3 located in Beauharnois, QC while transiting the seaway upbound. The vessel anchored to assess the damages, major damage to the forepeak ballast tank was reported.",CLASS 5,QUEBEC (QC),Canadian TSB,0,0
52952,2025-04-08,,"On 08 April 2025, the FISHING ""SAMANTHA NATHAN"", SUSTAINS DAMAGE RENDER UNSEAWORTHY/UNFIT FOR PURPOSE - Unfit for purpose - ice, weather, etc..",CLASS 5,N/A,Canadian TSB,0,0
52951,2025-04-08,,"On 08 April 2025, the FISHING ""TURMEL B."", TOTAL FAILURE OF ANY MACHINERY OR TECHNICAL SYSTEM.",CLASS 5,NEW BRUNSWICK (NB),Canadian TSB,0,0
52950,2025-04-05,,"On 05 April 2025, the fishing vessel ""BIBIANNE MARIE II"", with 6 people on board, reported being disabled with transmission issues in the vicinity of Baie des Chaleurs, NB. The vessel was towed to Caraquet, NB by the Canadian Coast Guard Ship ""CASCUMPEC BAY"".",CLASS 5,NEW BRUNSWICK (NB),Canadian TSB,0,0
52946,2025-04-07,,"On 07 April 2025, the fishing vessel ""SCOUT SWIMMER"", with 5 people on board, reported having issues with their engine in the Gulf off St. Lawrence off of Le Goulet. The vessel was initially towed toward Shippegan, NB by the Canadian Coast Guard Ship ""KOPIT HOPSON"" while carrying out minor repairs. Later, the tow was discontinued, and the vessel proceeded under its own power to the wharf.",CLASS 5,NEW BRUNSWICK (NB),Canadian TSB,0,0
52944,2025-03-30,,"On 30 March 2025, the tanker ""JOHNNY RANGER"", while under the conduct of a pilot, reported having sustained an engine failure during a manoeuvre between sections No. 102 and 103 of Port de Montréal, QC. The vessel was anchored off Pointe-aux-Trembles, QC where the crew effected repairs before resuming the voyage.",CLASS 5,QUEBEC (QC),Canadian TSB,0,0
52943,2025-04-05,,"On 05 April 2025, the fishing vessel ""2ND WIND IV"", with 3 people on board, reported being disabled with engine issues in the Bay of Fundy off Long Island. The vessel was towed to Westport, NS by another fishing vessel. ",CLASS 5,NOVA SCOTIA (NS),Canadian TSB,0,0
52942,2025-03-31,,"On 31 March 2025, the ferry ""WOLFE ISLANDER III"", with 35 people on board, reported having struck a mooring dolphin while berthing at Wolfe Island's Dawson Point, ON. The vessel was secured, and the crew assessed the damages.",CLASS 5,ONTARIO (ON),Canadian TSB,0,0
52941,2025-03-29,,"On 28 March 2025, the MV ""MACCOA"" lost engine power while approaching lock 3 at Beauharnois. The vessel was repaired and underway on March 29.",CLASS 5,QUEBEC (QC),Canadian TSB,0,0
52940,2025-03-28,,"On 28 March 2025, the tanker ""JOHNNY RANGER"", while under the conduct of a pilot, reported having sustained an engine failure at the approach of an anchorage off Pointe-aux-Trembles, QC. The vessel was anchored and the crew effected repairs.",CLASS 5,QUEBEC (QC),Canadian TSB,0,0
52939,2025-03-27,,"On 27 March 2025, the hovercraft CCGS ""SIPU MUIN"" reported damage to the port propulsion motor rendering the vessel non-operational. The damage was repaired and the vessel was repaired and  returned to service on 31 March.",CLASS 5,QUEBEC (QC),Canadian TSB,0,0
52938,2025-04-06,,"On 06 April 2025, the fishing vessel ""UNCLE RODDIE GOULD"", with 7 people on board, reported being disabled with engine issues off Louisbourg, NS. The vessel was towed to Louisbourg, NS by the Canadian Coast Guard Ship ""LA POILE BAY"".",CLASS 5,NOVA SCOTIA (NS),Canadian TSB,0,0
52937,2025-04-04,,"On 04 April 2025, the fishing vessel ""LADY EILEEN"" reported having sustained the total failure of their propulsion system while departing Sambro, NS. The vessel was towed back to Sambro by the Canadian Coast Guard Ship ""HARE BAY"".",CLASS 5,NOVA SCOTIA (NS),Canadian TSB,0,0
52934,2025-04-07,,"On 07 April 2025, the FISHING ""CINDY MAXIME"", TOTAL FAILURE OF ANY MACHINERY OR TECHNICAL SYSTEM.",CLASS 5,N/A,Canadian TSB,0,0
52933,2025-04-05,,"On 05 April 2025, the FISHING ""MANON YVON"", TOTAL FAILURE OF ANY MACHINERY OR TECHNICAL SYSTEM.",CLASS 5,N/A,Canadian TSB,0,0
52932,2025-03-28,,"On 28 March 2025, the fishing vessel ""THOMIKA"", with 5 people on board, reported being disabled with a total engine failure in the Gulf of St. Lawrence off Île d'Entrée, QC. The vessel was towed to Cap-aux-Meules, QC by the Canadian Coast Guard Ship ""BAIE DE PLAISANCE"".",CLASS 5,QUEBEC (QC),Canadian TSB,0,0
52931,2025-04-05,,"On 05 April 2025, the FISHING ""OCEANOS"", STRIKING - Allision with a fixed object (striking - includes berthed/docked vessels).",CLASS 5,N/A,Canadian TSB,0,0
52930,2025-04-05,,"On 05 April 2025, the CARGO - SOLID ""ALGOMA SAULT"", RISK OF COLLISION (near collision) - With another vessel or other floating object.",CLASS 5,N/A,Canadian TSB,0,0
52929,2025-03-28,,"On 28 March 2025, the fishing vessel ""MERIDIAN 66"" ran aground within the harbour limits of Rivière-au-Renard, QC. The fishing vessel was freed by a vessel of opportunity.",CLASS 5,QUEBEC (QC),Canadian TSB,0,0
52925,2025-04-02,,"On 02 April 2025, the TUG ""MOLLY M I"" sustained an engine failure while towing the barge ""GLOVERTOWN SPIRIT"" on the St. Lawrence River, near Champlain, Quebec.  The vessel anchored and carried out repairs before resuming its intended voyage. ",CLASS 5,QUEBEC (QC),Canadian TSB,0,0
52924,2025-03-31,,"On 31 March 2025, the pilot boat ""PACIFIC GUARDIAN"" reported having made contact with the flare of the stern of the ""MV EASTERN BIRDIE"" after pilot boarding in Juan de Fuca Strait off Vancouver, BC. The pilot boat sustained minor damage to its mast; no damage to the tanker was reported.",CLASS 5,BRITISH COLUMBIA (BC),Canadian TSB,0,0
52923,2025-04-01,,"On 01 April 2025, the tug ""INLET CRUSADER"" reported having run aground and taking on water in Collingwood Channel, BC. The crew monitored the damaged void space while proceeding to a shipyard in Richmond, BC using its port engine.",CLASS 5,BRITISH COLUMBIA (BC),Canadian TSB,0,0
52922,2025-04-01,,"On 01 April 2025, the fishing vessel ""KNOT GUILTY"", with 4 people on board, reported being disabled with engine issues in the Bay of Fundy. The fishing vessel ""GRACE ABOUNDS"" towed the vessel to Ingalls Head, NB.",CLASS 5,NOVA SCOTIA (NS),Canadian TSB,0,0
52921,2025-03-30,,"On 30 March 2025, the fishing vessel ""WHITETAIL 15"", with 6 people on board, reported being disabled with engine issues east of Cape Breton, NS. The Canadian Coast Guard Ship ""LA POILE BAY"" towed the vessel to Louisbourg.",CLASS 5,NOVA SCOTIA (NS),Canadian TSB,0,0
52919,2025-03-09,,"On 09 March 2025, the fishing vessel ""C32734BC"" known as ""GWI GWI"", with 1 person on board, reported having run aground with its crew member injured in Goletas Channel off Doyle Island, BC. The disabled vessel was anchored on scene by the crew of the Canadian Coast Guard Ship ""PACHENA BAY"", that also transported the injured crew member to Port Hardy, BC to meet with an ambulance.",CLASS 5,BRITISH COLUMBIA (BC),Canadian TSB,0,1
52918,2025-03-28,,"On 28 March 2025, the passenger vessel ""STHUQI'"", with 157 people on board, reported having collided with a log and sustained a water ingress in English Bay, BC. The vessel proceeded to a wharf in Vancouver, BC and the crew assessed the damages.",CLASS 5,BRITISH COLUMBIA (BC),Canadian TSB,0,0
52917,2025-03-30,,"On 30 March 2025, the fishing vessel ""ARNOLD EDWARD"", with 3 people on board, reported being disabled with a total engine failure in the Gulf of Maine off Yarmouth, NS. The vessel was towed into the harbour by the Canadian Coast Guard Ship ""SAMBRO"".",CLASS 5,NOVA SCOTIA (NS),Canadian TSB,0,0
52915,2025-03-27,,"On 27 March 2025, the fishing vessel, ""PIELAW"", with 4 people on board, reported being disabled due to a loss of steering in the Bay of Fundy. The Canadian Coast Guard Ship ""SHEDIAC BAY"" towed the vessel to Dipper Harbour, NB.",CLASS 5,NEW BRUNSWICK (NB),Canadian TSB,0,0
52914,2025-03-26,,"On 26 March 2025, the unregistered fishing vessel ""KYLE SEA XVI"", with 3 people on board, reported being disabled with a total engine failure in the vicinity of St. Marys Bay, NS. The vessel was towed to Meteghan, NS, by the Canadian Coast Guard Ship ""SAMBRO"".",CLASS 5,NOVA SCOTIA (NS),Canadian TSB,0,0
52913,2025-03-27,,"On 27 March 2025, the bulk carrier ""CHARALAMBOS"", while under the conduct of a pilot, reported having sustained a steering system failure in English Bay, BC. The vessel proceeded to an anchorage to assess the issue.",CLASS 5,BRITISH COLUMBIA (BC),Canadian TSB,0,0
52912,2025-03-24,,"On 24 March 2025, the fishing vessel ""F.F.S."", with 2 people on board, reported being disabled with a total engine failure off Baccaro, NS. The vessel was towed to West Head, NS, by the Canadian Coast Guard Ship ""CHEDABUCTO BAY"".",CLASS 5,NOVA SCOTIA (NS),Canadian TSB,0,0
52911,2025-03-23,,"On 23 March 2025, the fishing vessel ""AQUA JEWEL"", with 3 people on board, reported a loss of electrical power and communications in the vicinity of Long Island Bay, NB. The vessel proceeded to North Head, NB, for repairs.",CLASS 5,NEW BRUNSWICK (NB),Canadian TSB,0,0
52910,2025-03-21,,"On 21 March 2025, the fishing vessel ""NICOLE AND SISTERS II"", with 2 people on board, reported being disabled off Port La Tour, NS. The vessel was towed into the harbour by the Canadian Coast Guard Ship ""CHEDABUCTO BAY"".",CLASS 5,NOVA SCOTIA (NS),Canadian TSB,0,0
52908,2025-03-20,,"On 20 March 2025, the unregistered fishing vessel ""BIG JIM"", with 3 people on board, reported being disabled with a fouled propeller off Woods Harbour, NS. The vessel was towed into the harbour by the Canadian Coast Guard Ship ""CHEDABUCTO BAY"".",CLASS 5,NOVA SCOTIA (NS),Canadian TSB,0,0
52907,2025-03-20,,"On 20 March 2025, the unregistered fishing vessel ""HIT N MISS I"", with 3 people on board, reported being disabled with a total engine failure off Woods Harbour, NS. The vessel was towed into the harbour by the Canadian Coast Guard Ship ""CHEDABUCTO BAY"".",CLASS 5,NOVA SCOTIA (NS),Canadian TSB,0,0
52906,2025-03-24,,"On 24 March 2025, the fishing vessel ""JUDY J V"", with 4 people on board, reported being disabled off Tofino, BC. The Canadian Coast Guard Ship ""CAPE ANN"" towed the ""JUDY J V"" to a dock in Tofino. ",CLASS 5,BRITISH COLUMBIA (BC),Canadian TSB,0,0
52905,2025-03-14,,"On 14 March 2025, the Canadian Coast Guard Ship ""MAMILOSSA"", with 5 people on board, reported having sustained a total failure of its steering gear system while de-icing on Lac Saint-Pierre, QC. The vessel returned to its base in Trois-Rivières, QC, to conduct repairs.",CLASS 5,QUEBEC (QC),Canadian TSB,0,0
52904,2025-03-24,,"On 24 March 2025, the Canadian Coast Guard Ship ""VINCENT MASSEY"" reported having fouled its starboard propeller with the anchor chain for a buoy while performing aids to navigation service near Portneuf, QC. The vessel proceeded to Québec, QC, using its port engine.",CLASS 5,QUEBEC (QC),Canadian TSB,0,0
52902,2025-03-22,,"On 22 March 2025, the TUG ""CAPTAIN COOK"", with the loaded barge ""M8005"" in tow, reported being disabled due to main engine fuel system problem while transiting off Merry Island, BC. The tug ""NORTH ARM VICTOR"" took over ""CAPTAIN COOK"" and the tug ""JOSE NARVAEZ"" took over the barge ""M8005"", and both tugs proceeded to Fraser River. ",CLASS 5,BRITISH COLUMBIA (BC),Canadian TSB,0,0
52901,2025-03-23,,"On 23 March 2025, the landing craft ""C37202BC"" known as ""FULL TILT"", with 4 people on board, reported being grounded on Snake Island, BC after fouling its propeller. The landing craft was removed from the environment with assistance from a commercial towing vessel. Damage to the landing craft hull was reported.",CLASS 5,BRITISH COLUMBIA (BC),Canadian TSB,0,0
52900,2025-03-03,,"On 03 March 2025, the bulk carrier ""EASTERN HAWK"", reported that a stevedore was injured while performing cargo operations in the Port of Trois-Rivières, QC. The injured stevedore was transported to the local hospital by ambulance.",CLASS 5,QUEBEC (QC),Canadian TSB,0,1
52899,2025-03-24,,"On 24 March 2025, the tanker ""SILVER HANNAH"", under the conduct of a pilot, reported being disabled due to electronics problem while approaching Vancouver Airport Fuel Delivery facility in Fraser River, BC.  The crew members carried out repairs and the vessel berthed safely.   ",CLASS 5,BRITISH COLUMBIA (BC),Canadian TSB,0,0
52898,2025-03-23,,"On 23 March 2025, the bulk carrier ""GOLDEN FREEZE"", reported a failure of its main engine while transiting in the Gulf of St. Lawrence south of Anticosti Island, QC. The crew carried out the repairs and the vessel resumed its voyage.",CLASS 5,QUEBEC (QC),Canadian TSB,0,0
52897,2025-03-21,,"On 21 March 2025, the bulk carrier ""NUKUMI"", reported having sustained a minor electrical fire in its engine room while proceeding in the Port of Montreal, QC. The crew extinguished the fire and the vessel continued its voyage.",CLASS 5,QUEBEC (QC),Canadian TSB,0,0
52896,2025-03-20,,"On 20 March 2025, the tug ""SST GRIZZLY"", while transiting the Second Narrow Rail bridge in Vancouver, BC during flood tide, reported the tug's mast came into contact with the rail bridge. The rail bridge was in the process of opening for transit. After it was completely lifted, the tug resumed its voyage. Minor damage to the tug's equipment on the mast were reported.   ",CLASS 5,BRITISH COLUMBIA (BC),Canadian TSB,0,0
52895,2025-03-19,,"On 19 March 2025, the tug ""SEASPAN PROTECTOR"", with the empty chip barge ""SEASPAN 542"" and the loaded paper barge ""SMS 2"" in tow, reported shutting down its starboard main engine due to overheating while transiting off Crown Island in Fraser River, BC. The ""SEASPAN PROTECTOR"" handed off the barges to the ""SEASPAN VENTURE' and proceeded to a maintenance facility in Delta, BC. for repairs.  ",CLASS 5,BRITISH COLUMBIA (BC),Canadian TSB,0,0
52894,2025-03-17,,"On 17 March 2025, the passenger vessel ""CYQUABUS III"", with 8 people on board, reported having struck its bow against a wharf while berthing in Granville Island, BC. One passenger sustained a serious injury and was sent to a hospital by ambulance once the vessel was secured. Minor damages to the bow were assessed.",CLASS 5,BRITISH COLUMBIA (BC),Canadian TSB,0,1
52893,2025-03-16,,"On 16 March 2025, the fishing vessel ""COLBY PERCE"" with 6 persons on board reported having had an unexpected shutdown of the main engine. The vessel went to anchor and was able to effect repairs and continue on to Meteghan N.S. ",CLASS 5,NOVA SCOTIA (NS),Canadian TSB,0,0
52892,2025-03-16,,"On 16 March 2025, the fishing vessel ""ARNOLD EDWARD"" with 3 persons onboard, began taking on water.  The Canadian Coast Guard Ship ""CHEDABUCTO BAY"" responded but the fishing vessel made it to Yarmouth N.S. unassisted. ",CLASS 5,NOVA SCOTIA (NS),Canadian TSB,0,0
52891,2025-03-14,,"On 14 March 2025, the crude oil tanker ""NEW ARGOSY"", while under the conduct of a pilot, reported having sustained a main engine failure in English Bay, BC. The vessel was assisted to Anchorage B in Vancouver Harbour, BC by the tugs ""SAAM SABA"" and ""SAAM VOLTA"". ",CLASS 5,BRITISH COLUMBIA (BC),Canadian TSB,0,0
52887,2025-03-10,,"On 10 March 2025, the Canadian Coast Guard Ship ""CAPT JACQUES CARTIER"" reported having sustained a total loss of propulsion 81 nm SSW of Cape Sable, NS, in the Gulf of Maine. The crew addressed the issue and the vessel resumed its voyage.",CLASS 5,NOVA SCOTIA (NS),Canadian TSB,0,0
52886,2025-02-10,,"On 10 February 2025, the workboat ""C20435ON"", belonging to the Canadian Coast Guard Ship ""PRIVATE ROBERTSON"", reported having made bottom contact in the vicinity of the East Point Gut, NS. There were 4 people on board the workboat at the time. The workboat freed itself and returned to the ""PRIVATE ROBERTSON"" where the crew assessed the workboat for damage.",CLASS 5,NOVA SCOTIA (NS),Canadian TSB,0,0
52886,2025-02-10,,"On 10 February 2025, the workboat ""C20435ON"", belonging to the Canadian Coast Guard Ship ""PRIVATE ROBERTSON"", reported having made bottom contact in the vicinity of the East Point Gut, NS. There were 4 people on board the workboat at the time. The workboat freed itself and returned to the ""PRIVATE ROBERTSON"" where the crew assessed the workboat for damage.",CLASS 5,NOVA SCOTIA (NS),Canadian TSB,0,0
52886,2025-02-10,,"On 10 February 2025, the workboat ""C20435ON"", belonging to the Canadian Coast Guard Ship ""PRIVATE ROBERTSON"", reported having made bottom contact in the vicinity of the East Point Gut, NS. There were 4 people on board the workboat at the time. The workboat freed itself and returned to the ""PRIVATE ROBERTSON"" where the crew assessed the workboat for damage.",CLASS 5,NOVA SCOTIA (NS),Canadian TSB,0,0
52885,2025-03-05,,"On 05 March 2025, the fishing vessel ""JOSSY GIRL"", with 4 people on board, reported being disabled with a total mechanical failure in St. Mary's Bay off Meteghan, NS. The vessel was towed to Freeport, NS by the Canadian Coast Guard Ship ""SAMBRO"".",CLASS 5,NOVA SCOTIA (NS),Canadian TSB,0,0
52884,2025-03-12,,"On 12 March 2025, the bulk carrier ""TANJA"" reported having sustained damage to its rudder caused by ice when departing the dock in Grande-Anse, QC. The vessel returned to the dock for repairs.",CLASS 5,QUEBEC (QC),Canadian TSB,0,0
52882,2025-03-08,,"On 08 March 2025, the passenger ferry ""NORTHERN ADVENTURE"" reported an issue with one of its propellers while docked at the Bear Cove Ferry Terminal in Port Hardy, BC. The ferry cancelled its scheduled sailing to assess the problem and subsequently carried out repairs.",CLASS 5,BRITISH COLUMBIA (BC),Canadian TSB,0,0
52881,2025-03-07,,"On 07 March 2025, the tug ""SEASPAN CORSAIR"", with 5 people on board, reported having run aground in the Fraser River off the Steveston Bar, BC. The vessel refloated at high tide without any assistance and proceeded to Annacis Island, BC.",CLASS 5,BRITISH COLUMBIA (BC),Canadian TSB,0,0
52880,2025-03-07,,"On 07 March 2025, the fishing vessel ""KORNAT I"", with 3 people on board, reported having run aground in the Fraser River off the Steveston Bar, BC. The vessel refloated at high tide without any assistance and proceeded to a wharf in Steveston, BC.",CLASS 5,BRITISH COLUMBIA (BC),Canadian TSB,0,0
52879,2025-03-07,,"On 07 March 2025, the general cargo vessel ""BBC WISCONSIN"" reported being beset in ice in the St. Lawrence River approximately 1 nautical mile upstream from the Quebec Bridge in Québec, QC. The Canadian Coast Guard vessel ""VINCENT MASSEY"" provided icebreaking assistance and the vessel resumed its voyage.",CLASS 5,QUEBEC (QC),Canadian TSB,0,0
52878,2025-03-08,,"On 08 March 2025, the cargo vessel ""RONJA ISLANDER"", with 8 people on board, reported that it had struck a submerged rock and was taking on water in Tahsis Inlet, near Kendrick Camp, BC. The vessel proceeded to a dock in Gold River, BC, escorted by 2 other vessels. No injuries or pollution were reported.",CLASS 5,BRITISH COLUMBIA (BC),Canadian TSB,0,0
52877,2025-03-06,,"On 06 March 2025, the container ship ""CMA CGM PARANAGUA"", sustained a failure of its steam system and had to stop off Anticosti Island, QC. The crew carried out the repairs and the vessel resumed its voyage.",CLASS 5,QUEBEC (QC),Canadian TSB,0,0
52876,2025-03-06,,"On 06 March 2025, the container ship ""MSC VERACRUZ"", sustained a main engine failure prior its departure from berth 48 in the Port of Montreal, QC. The vessel remained moored for repairs then resumed its voyage.",CLASS 5,QUEBEC (QC),Canadian TSB,0,0
52875,2025-03-06,,"On 06 March 2025, the fishing vessel ""RYUO II"", with 3 people on board, reported taking on water in the Comox harbor, near Comox Valley Marina, Comox, BC, due to a nonfunctional pump. The vessel proceeded to the marina and tied up safely, after which the pump became operational and successfully removed the water. The catch was transferred to another fishing vessel, and no injuries were reported.",CLASS 5,BRITISH COLUMBIA (BC),Canadian TSB,0,0
52874,2025-03-05,,"On 05 March 2025, the general cargo ship ""DAMGRACHT"", reported being disabled as a result of a failure of its cooling system off Pointe-au-Père, QC. The crew carried out repairs and the vessel resumed its voyage.",CLASS 5,QUEBEC (QC),Canadian TSB,0,0
52873,2025-03-01,,"On 01 March 2025, the fishing vessel ""GO CONG"", with 2 people on board, reported being disabled and damaged after having collided with a floating log off Sand Heads in the Strait of Georgia, BC. The crew controlled a water ingress, and the vessel was towed to Steveston, BC by the Canadian Coast Guard hovercraft ""MOYTEL"" and by a local Royal Canadian Marine Search and Rescue workboat.",CLASS 5,BRITISH COLUMBIA (BC),Canadian TSB,0,0
52872,2025-03-03,,"On 03 March 2025, the tug ""H.M. SCOUT"", with 2 people on board, reported running aground north of Tugboat Island, BC. The tug was freed without assistance and proceeded to Silva Bay, BC, under its own power. ",CLASS 5,BRITISH COLUMBIA (BC),Canadian TSB,0,0
52871,2025-03-05,,"On 05 March 2025, the fishing vessel ""III KNOTTY BUOYS"", with 3 people on board, reported being disabled with a total engine failure off Sheet Harbour, NS. The vessel was towed to Sambro, NS, by the Canadian Coast Guard Ship ""HARE BAY"".",CLASS 5,NOVA SCOTIA (NS),Canadian TSB,0,0
52870,2025-02-24,,"On 24 February 2025, the fish carrier ""INTER VIKING"", with 5 persons onboard made bottom contact shortly after leaving the wharf in Harbour Breton, NL. The vessel returned to Harbour Breton, NL to assess the damages. Later the vessel proceeded to North Sydney, NS for docking and repairs.",CLASS 5,NEWFOUNDLAND AND LABRADOR (NL),Canadian TSB,0,0
52869,2025-03-03,,"On 03 March 2025, the asphalt/bitumen tanker ""ATLANTIC ASPHALT"", sustained a failure of its cooling system and was disabled off Île Blanche, QC. The crew carried out repairs and the vessel resumed its voyage.",CLASS 5,QUEBEC (QC),Canadian TSB,0,0
52868,2025-03-02,,"On 02 March 2025, the crude oil tanker ""LAURENTIA DESGAGNES"", sustained a failure of its steering gear while leaving the anchorage in Trois-Rivières, QC. The vessel re-anchored for further investigations.",CLASS 5,QUEBEC (QC),Canadian TSB,0,0
52867,2024-09-03,,"On 03 September 2024, the fishing vessel ""EASTERN LADY"", with 3 persons onboard had an injury onboard which lead to incapacitation. The crew returned to Pointe-Sapin, NB with the incapacitated crew member where an ambulance attended the injured. The crew member later died.",BEING ASSESSED,NEW BRUNSWICK (NB),Canadian TSB,1,1
52866,2025-02-28,,"On 28 February 2025, the Canadian coast guard vessel ""CAPT JACQUES CARTIER"", reported a collision with a contractor's trailer on the dock at Bedford Institute of Oceanography, NS. There was no apparent damage to either the vessel or the trailer.",CLASS 5,NOVA SCOTIA (NS),Canadian TSB,0,0
52865,2025-03-01,,"On 01 March 2025, the bulk carrier ""BELGUARDIAN"", reported being disabled due to a main engine problem while transiting Juan de Fuca Straits, BC. The tug ""LYNN MARIE"" towed ""BELGUARDIAN' to the Constance Bank anchorage no.3 where the crew members carried out repairs. ",CLASS 5,BRITISH COLUMBIA (BC),Canadian TSB,0,0
52864,2025-02-28,,"On 28 February 2025, the fishing vessel ""CAPE ASHLEY"", with 3 persons onboard caught fire at the wharf in Glace Bay, NS. The 3 persons were able to evacuate to the wharf and the Glace Bay fire department responded. The vessel sank at the wharf the next day.",CLASS 5,NOVA SCOTIA (NS),Canadian TSB,0,0
52863,2025-02-09,,"On 09 February 2025, the container vessel ""COSCO AUCKLAND"", reported losing its port anchor while anchoring at anchorage no.4 in Constance Bank, BC.",CLASS 5,BRITISH COLUMBIA (BC),Canadian TSB,0,0
52861,2025-02-27,,"On 27 February 2025, bulk carrier ""FEDERAL SKYE"" sustained a failure of its main engine and was disabled off Grosses-Roches, QC. The crew carried out the repairs and the vessel resumed its voyage. ",CLASS 5,QUEBEC (QC),Canadian TSB,0,0
52860,2025-02-27,,"On 27 February 2025, the TUG ""MERCURY XVI"", with the barge ""WM 56"" in tow, reported a collision with the pleasure craft known as ""TOMAHAWK"" off Jericho Beach in Vancouver, BC. The crew boat "" MERCURY XVIII"" towed the ""TOMAHAWK"" to Kitsilano Coast Guard base, Vancouver. Damage to the sailing vessel was reported. ",CLASS 5,BRITISH COLUMBIA (BC),Canadian TSB,0,0
52859,2025-02-27,,"On 27 February 2025, the fishing vessel ""ISLAND ALLSTAR"", with 3 persons onboard, reported being disabled due to loss of steering off Cape Sable, NS. The vessel was towed by the Canadian Coast Guard vessel ""CHEDABUCTO BAY"" to West Head, NS.",CLASS 5,NOVA SCOTIA (NS),Canadian TSB,0,0
52857,2025-02-22,,"On 22 February 2025, the tug ""SEA IMP XI"" reported having sustained a total failure of its port engine in Northumberland Channel, BC. The vessel resumed its voyage using the remaining engine.",CLASS 5,BRITISH COLUMBIA (BC),Canadian TSB,0,0
52856,2025-02-24,,"On 24 February 2025, the fishing vessel ""KMKA VOYAGER I"", with 3 people on board, reported being disabled with a total engine failure off Pubnico, NS. The vessel was towed into the harbour by the Canadian Coast Guard Ship ""CHEDABUCTO BAY"".",CLASS 5,NOVA SCOTIA (NS),Canadian TSB,0,0
52855,2025-02-22,,"On 22 February 2025, the fishing vessel ""NORTHERN ALLIANCE"", with 11 people on board, reported being disabled with a total engine failure off Sheet Harbour, NS. The crew addressed the issue while waiting for assistance, and the vessel proceeded to Halifax, NS on its own power.",CLASS 5,NOVA SCOTIA (NS),Canadian TSB,0,0
52854,2025-02-20,,"On 20 February 2025, the Canadian Coast Guard Ship ""KOPIT HOPSON 1752"" reported having sustained a fire during hot work in its engine room while secured in Dartmouth, NS. The fire was extinguished, and the crew assessed the damages.",CLASS 5,NOVA SCOTIA (NS),Canadian TSB,0,0
52853,2025-02-23,,"On 23 February 2025, the cargo ship ""MOUNT SEYMOUR"", with 18 people onboard, reported a crew member being injured during testing of a submersible pump while the vessel was alongside at the Lynnterm no.1 berth in Vancouver, BC. The injured crew member was treated by paramedics before being taken to the hospital. He was released from the hospital later the same day.",CLASS 5,BRITISH COLUMBIA (BC),Canadian TSB,0,1
52852,2025-02-14,,"On 14 February 2025, the Canadian Coast Guard service ship ""CGE735"", struck an underwater object and reported sustaining damage to both underwater drives resulting in the loss of power and subsequent bottom contact while operating near Prince Rupert Harbour. Canadian Coast Guard vessel ""MCINTYRE BAY"" provided a tow to Port Edward, BC, for the vessel to be repaired.",CLASS 5,BRITISH COLUMBIA (BC),Canadian TSB,0,0
52851,2025-02-15,,"On 15 February 2025, the Canadian Coast Guard Ship ""HENRY LARSEN"" reported experiencing severe weather and heavy rolling that caused machinery issues and minor damage to the vessel off Wild Cove, NL. Seven crew members sustained minor injuries.",CLASS 5,NEWFOUNDLAND AND LABRADOR (NL),Canadian TSB,0,7
52850,2025-02-19,,"On 19 February 2025, the fishing vessel ""WESTERN GAMBLER"", with 4 people on board, reported running aground and being at risk of capsizing near the McLoughlin Bay Ferry Terminal in Bella Bella, BC. The Canadian Coast Guard vessel ""CAPE FAREWELL"" responded to the distress call and transported the crew members to Bella Bella. No injuries were reported.",CLASS 5,BRITISH COLUMBIA (BC),Canadian TSB,0,0
52849,2025-02-16,,"On 16 February 2025, the passenger ferry ""F.-A.-GAUTHIER"" reported that it sustained and engine failure on its port side main engine off Matane, QC. The vessel proceeded to the wharf of Matane, QC for further investigation.",CLASS 5,QUEBEC (QC),Canadian TSB,0,0
52848,2025-02-13,,"On 13 February 2025, the TUG ""INDIAN LAKE"" with 3 persons on board, became disabled due to a failed transmission.  The Tug ""R.J. BALLOT"" towed the vessel to the wharf in Corner Brook, NL.",CLASS 5,NEWFOUNDLAND AND LABRADOR (NL),Canadian TSB,0,0
52847,2025-02-15,,"On 15 February 2025, the oil tanker ""NAVIGATOR COPERNICO"", under the guidance of a pilot, reported having experiencing failure of 1 of its main engines, and the vessel was at a risk of striking the jetty while berthing at Pembina Terminal, Prince Rupert, BC. The vessel was able to berth safely, and the crew members subsequently carried out repairs.",CLASS 5,BRITISH COLUMBIA (BC),Canadian TSB,0,0
52846,2025-02-14,,"On 14 February 2025, the fishing vessel ""PACIFIC QUEST"", with 3 persons on board, reported being disabled near Meares Island, BC. A vessel of opportunity towed the fishing vessel to Tofino, BC.",CLASS 5,BRITISH COLUMBIA (BC),Canadian TSB,0,0
52845,2025-02-13,,"On 13 February 2025, the bulk carrier ""KEN OH"", with the guidance of a pilot, reported that 1 of its main engines had failed while departing Vancouver Terminal, BC. The vessel continued its voyage by using its remaining operational engine and proceeded to Anchorage X with the assistance of three escort tugs. Once anchored, the crew carried out necessary repairs.",CLASS 5,BRITISH COLUMBIA (BC),Canadian TSB,0,0
52844,2025-02-13,,"On 13 February 2025, the bulk carrier ""AMIS POWER"", under the guidance of a pilot, reported experiencing issues with 1 of its main engines in the Vancouver Harbour, near Vancouver, BC. The vessel continued its voyage using its remaining operational engine and proceeded to Anchorage 14 with the assistance of 3 escort tugs. Once anchored, the crew carried out necessary repairs.",CLASS 5,BRITISH COLUMBIA (BC),Canadian TSB,0,0
52843,2025-02-12,,"On 12 February 2025, the passenger ferry ""ISLAND K'ULUT'A"", reported having a temporary failure of both its propulsion and steering systems while departing Campbell River Ferry Terminal, BC. The vessel subsequently regained full functionality and proceeded to Quathiaski Cove Terminal, where it docked and disembarked all passengers. Following the unloading, the ferry was relocated to a nearby lay-by berth, where crew members conducted necessary repairs.",CLASS 5,BRITISH COLUMBIA (BC),Canadian TSB,0,0
52842,2025-02-17,,"On 17 February 2025, the passenger ferry ""ALPHONSE-DESJARDINS"" sustained its port side main engine failure off Lévis, QC. The vessel was assisted by a tug and an icebreaker to berth 101 of the Port of Québec, QC.",CLASS 5,QUEBEC (QC),Canadian TSB,0,0
52841,2025-02-16,,"On 16 February 2025, the FISHING VESSEL ""SARAH ELIZABETH"" with 2 persons onboard reported being disabled due to a rope in the propeller.  The vessel was towed to Sambro, N.S. by the Canadian Coast Guard Ship ""HARE BAY"".",CLASS 5,NOVA SCOTIA (NS),Canadian TSB,0,0
52840,2025-02-15,,"On 15 February 2025, the CARGO VESSEL ""MSC BALTIC III"" with 20 persons onboard, sustained a blackout approximately 9.93 miles West of Little Port Head, NL and ran aground in Wild Cove, NL. The 20 persons were airlifted from the vessel and transported to the airport in Deer Lake, NL.  by a RCAF Cormorant Helicopter. 8 persons were transported to hospital in Corner Brook, NL and 4 were hospitalized. ",CLASS 5,NEWFOUNDLAND AND LABRADOR (NL),Canadian TSB,0,8
52839,2025-02-10,,"On 10 February 2025, the tanker ""NORDPENGUIN"", under the conduct of a pilot, reported being struck by the escort tug ""OCEAN GEORGIE BAIN"" while departing Westridge Terminal, BC.  Minor damage to the tanker hull structure above the waterline was reported. ",CLASS 5,BRITISH COLUMBIA (BC),Canadian TSB,0,0
52838,2025-02-11,,"On 11 February 2025, the bulker ""LILA CASABLANCA"", under the conduct of a pilot, reported a total failure of its astern propulsion while shifting from anchorage ""X"" in Vancouver inner harbour to Alliance Grain terminal, Vancouver, BC. ",CLASS 5,BRITISH COLUMBIA (BC),Canadian TSB,0,0
52837,2025-02-12,,"On 12 February 2025, the ferry ""ISLAND K'ULUT'A"" reported having sustained a brief loss of propulsion and steering control while departing Campbell River, BC. The vessel proceeded to Quathiaski Cove, BC where the crew investigated the cause of the malfunction.",CLASS 5,BRITISH COLUMBIA (BC),Canadian TSB,0,0
52836,2025-02-12,,"On 12 February 2025, the container ship ""SEASPAN FALCON"" reported having sustained damages to its main mast and communication equipment after being struck by a shore crane in Delta, BC. The crew assessed the damages and an inspection was scheduled.",CLASS 5,BRITISH COLUMBIA (BC),Canadian TSB,0,0
52835,2025-01-28,,"On 28 January 2025, the tug ""W. PEARCE"", with the barge ""ASPIRATION"" on tow, reported making contact with the barge in Prince Rupert harbour. BC, while the master was maneuvering the tug to free up a bridle. The bridle was caught in the tug's stern rubber when the tug was shortening up to the barge. Major damage to the tug's wheelhouse and trunk cabin was reported. ",CLASS 5,BRITISH COLUMBIA (BC),Canadian TSB,0,0
52834,2025-02-12,,"On 12 February 2025, the fishing vessel ""ROBERT ET CHANTAL"", with 3 people on board, reported being disabled with a fouled propeller off Pubnico, NS. The vessel was towed to Ledge harbour, NS by the Canadian Coast Guard Ship ""CHEDABUCTO BAY"".",CLASS 5,NOVA SCOTIA (NS),Canadian TSB,0,0
52833,2025-02-11,,"On 11 February 2025, the fishing vessel ""MARITIME HARVESTER"", with 3 people on board, reported being disabled with a total mechanical failure off Shelburne, NS. The vessel was towed to Port La Tour, NS by the Canadian Coast Guard Ship ""CHEDABUCTO BAY"".",CLASS 5,NOVA SCOTIA (NS),Canadian TSB,0,0
52832,2025-02-06,,"On 06 February 2025, the fishing vessel ""PARKER & COLE"", with 4 people on board, reported being disabled with a water ingress in the engine room in the vicinity of Sable Island, NS. The crew found a breach in the hull, and the bilge pumps were not sufficient to control the ingress. All crew members, wearing immersion suits, abandoned the sinking vessel and boarded the fishing vessel ""FOUR LADIES"", that proceeded to Louisbourg, NS. ",CLASS 5,NOVA SCOTIA (NS),Canadian TSB,0,0
52831,2025-02-06,,"On 06 February 2025, the fishing vessel ""TRENT 'N' GIRLS"", with 3 people on board, reported being disabled with a total engine failure in the Gulf of Maine off Yarmouth, NS. The vessel was towed into the harbour by the Canadian Coast Guard Ship ""SAMBRO"".",CLASS 5,NOVA SCOTIA (NS),Canadian TSB,0,0
52830,2025-02-06,,"On 06 February 2025, the fishing vessel ""ISLAND ALLSTAR"", with 3 people on board, reported having fouled its propeller off West Head, NS. The vessel proceeded to the harbour at a reduced speed.",CLASS 5,NOVA SCOTIA (NS),Canadian TSB,0,0
52828,2025-02-06,,"On 06 February 2025, the fishing vessel ""HURTIN' UNIT"", with 2 people on board, reported being disabled with a total engine failure off Sambro, NS. The vessel was towed into the harbour by the Canadian Coast Guard Ship ''HARE BAY"".",CLASS 5,NOVA SCOTIA (NS),Canadian TSB,0,0
52827,2025-02-05,,"On 05 February 2025, the fishing vessel ""KNOT FOR SHORE"", with 4 people on board, reported being disabled with a fouled propeller in the Gulf of Maine off Pubnico, NS. The vessel was towed into the harbour by the Canadian Coast Guard Ship ""CHEDABUCTO BAY"".",CLASS 5,NOVA SCOTIA (NS),Canadian TSB,0,0
52826,2025-02-10,,"On 10 February 2025, the cargo vessel ""SMOKE"" reported having sustained an engine failure in the St. Lawrence River off Sept-Îles, QC. The crew assessed the issue, and the vessel proceeded to a nearby anchorage for repairs.",CLASS 5,QUEBEC (QC),Canadian TSB,0,0
52824,2025-02-07,,"On 07 February 2025, the fishing vessel ""FORTUNE PRIDE"", with 4 people on board, sank off Sambro, NS. The crew abandoned the vessel. All crew members were recovered; two were pronounced deceased.",CLASS 3,NOVA SCOTIA (NS),Canadian TSB,2,2
52824,2025-02-07,,"On 07 February 2025, the fishing vessel ""FORTUNE PRIDE"", with 4 people on board, sank off Sambro, NS. The crew abandoned the vessel. All crew members were recovered; two were pronounced deceased.",CLASS 3,NOVA SCOTIA (NS),Canadian TSB,2,2
52823,2025-02-05,,"On 05 February 2025, the bulk carrier ""UBC TACOMA"", while under the conduct of a pilot, reported issues with its sea water cooling system in the St. Lawrence River off Lévis, QC. The vessel was secured to section No. 108 in Québec, QC to investigate the issue.",CLASS 5,QUEBEC (QC),Canadian TSB,0,0
52822,2025-02-05,,"On 05 February 2025, the bulk carrier ""LAMPARD"", while under the conduct of a pilot, reported having sustained an engine failure in the Strait of Georgia, BC. The vessel proceeded to the inshore traffic zone where the engine was stopped for repairs, and once effected, resumed its voyage.",CLASS 5,BRITISH COLUMBIA (BC),Canadian TSB,0,0
52821,2025-01-30,,"On 30 January 2025, the environmental response vessel ""STRAIT SENTINEL"", with 3 people on board, reported having sustained a main engine fire while preparing for departure from Beecher Bay, BC. The crew extinguished the fire and assessed the damages.",CLASS 5,BRITISH COLUMBIA (BC),Canadian TSB,0,0
52820,2025-02-04,,"On 04 February 2025, the FISHING VESSEL ""KNOTTY HABITS"", located 59 nm ENE of Scatarie Island, N.S. reported that a crew member was injured while hauling fishing gear, the fishing vessel proceeded to Glace Bay, N.S. where the crew member was transported to hospital, treated and then released.  ",CLASS 5,NOVA SCOTIA (NS),Canadian TSB,0,1
52819,2025-02-02,,"On 02 February 2025, the general cargo vessel ""DIAMANTGRACHT"", while under the conduct of a pilot, reported having sustained a total failure of its main engine cooling system and lost propulsion while approaching the Québec, QC pilot station. The vessel was secured to section 107 of Québec harbour by the tugs ""OCEAN K. RUSB""Y and ""OCEAN REYNALD T""; the crew effected repairs.",CLASS 5,QUEBEC (QC),Canadian TSB,0,0
52818,2025-02-02,,"On 02 February 2025, the passenger ferry ""QUEEN OF CAPILANO"", with 34 people on board, reported making contact with a wooden dock structure and moored pleasure craft while departing the ferry terminal at Snug Cove on Bowen Island, BC. At the time, there were wind gusts and the ferry was experiencing issues with the controls for its azimuth thrusters. The controls were subsequently repaired. ",CLASS 5,BRITISH COLUMBIA (BC),Canadian TSB,0,0
52817,2025-01-29,,"On 29 January 2025, the container vessel ""MSC ANGELA"" reported that during cargo operations in the Port of Montreal, containers fell onto the vessel's deck and the pier. Cargo operations were stopped while the crew checked for damage to the vessel. The fallen containers were removed from the vessel and pier, and the vessel resumed cargo operations. No damage to the vessel was reported. ",CLASS 5,QUEBEC (QC),Canadian TSB,0,0
52816,2025-01-29,,"On January 29, 2025, the bulk carrier ""XIN TANG SHAN HAI 1"", under the guidance of a pilot, reported a main engine failure while transiting the Haro Strait near Prescott Island, BC. The vessel proceeded to Prince Rupert Anchorage 28 using its remaining operational engine, with a tug escorting it alongside. After anchoring, the crew conducted necessary repairs.",CLASS 5,BRITISH COLUMBIA (BC),Canadian TSB,0,0
52815,2025-01-29,,"On January 29, 2025, the bulk carrier ""CAPRICORN CONFIDENCE"", under the conduct of a pilot, reported a failure of 1 of its main engines while en route to the Prince Rupert Grain Terminal from Anchorage 17. The vessel adjusted its voyage plan and proceeded to Anchorage 6 using its remaining operational engine. A tug was placed on standby while the crew carried out repairs.",CLASS 5,BRITISH COLUMBIA (BC),Canadian TSB,0,0
52814,2025-01-28,,"On 28 January 2025, the fishing vessel ""P.E. 260"", with 2 people on board, reported being disabled off Finlayson Island, BC, due to fuel issues. The Royal Canadian Marine search and rescue vessel ""RCMSAR 65"" towed the vessel to the Lax Kw’alaam's dock. ",CLASS 5,BRITISH COLUMBIA (BC),Canadian TSB,0,0
52813,2025-01-22,,"On 22 January 2025, the fish carrier ""RONJA"", with 4 persons onboard, reported being disabled due to a rope in the propeller and subsequent gear box issues, in Arran Cove, NL. The vessel was escorted to Mill Cove, NL for repairs. ",CLASS 5,NEWFOUNDLAND AND LABRADOR (NL),Canadian TSB,0,0
52812,2025-01-29,,"On 29 January 2025, while under the conduct of a pilot on the St. Lawrence River, the container vessel ""CMA CGM PARANAGUA"" reported issues with its main engine cooling system. The vessel proceeded anchored to clear ice from the cooling system heat exchangers and before resuming its intended voyage.",CLASS 5,QUEBEC (QC),Canadian TSB,0,0
52811,2025-01-23,,"On 23 January 2025, the Canadian Coast Guard ship ""SAMBRO"", with 4 persons onboard, reported having sustained a fire while alongside in Westport, NS. The fire was extinguished, and repairs were made.",CLASS 5,NOVA SCOTIA (NS),Canadian TSB,0,0
52811,2025-01-23,,"On 23 January 2025, the Canadian Coast Guard ship ""SAMBRO"", with 4 persons onboard, reported having sustained a fire while alongside in Westport, NS. The fire was extinguished, and repairs were made.",CLASS 5,NOVA SCOTIA (NS),Canadian TSB,0,0
52809,2025-01-25,,"On 25 January 2025, the oil tanker ""NAVIG8 PROSPERITY"", under the conduct of a pilot, reported that 1 of its main engines had failed in the Haro Strait, approximately 3 nautical miles SE of Victoria, BC. The vessel stopped to effect repairs and continued its voyage to Vancouver port once completed.",CLASS 5,BRITISH COLUMBIA (BC),Canadian TSB,0,0
52808,2025-01-22,,"On 22 January 2025, the fishing vessel ""VIKING TIDE"", reported that 1 of its crew members had been seriously injured on board the vessel, 8.46 nautical miles ENE of Graham Island, BC. The crew member was medevacked by a rescue aircraft.",CLASS 5,BRITISH COLUMBIA (BC),Canadian TSB,0,1
52807,2025-01-25,,"On 25 January 2025, the fishing vessel ""SUSAN BERNARD"", with 3 persons onboard, reported taking on water on Georges Bank, NS. The vessel sank and all crew were transferred to the fishing vessel ""SILVER ANGEL"".",CLASS 5,NOVA SCOTIA (NS),Canadian TSB,0,0
52807,2025-01-25,,"On 25 January 2025, the fishing vessel ""SUSAN BERNARD"", with 3 persons onboard, reported taking on water on Georges Bank, NS. The vessel sank and all crew were transferred to the fishing vessel ""SILVER ANGEL"".",CLASS 5,NOVA SCOTIA (NS),Canadian TSB,0,0
52806,2025-01-25,,"On 25 January 2025, the fishing vessel ""LADY KEARNEY"", with 4 persons onboard, reported being disabled with engine trouble off Yarmouth, NS. The vessel was towed by the Canadian Coast Guard Ship ""SAMBRO"" to Meteghan, NS.",CLASS 5,NOVA SCOTIA (NS),Canadian TSB,0,0
52805,2025-01-08,,"On 08 January 2025, the Canadian Coast Guard Ship ""PENNANT BAY"", with 5 persons onboard, sustained a fire in the starboard engine exhaust lagging, just outside St. John's Harbour, NL. The fire was extinguished and the vessel returned to St. John's Harbour for repairs.",CLASS 5,NEWFOUNDLAND AND LABRADOR (NL),Canadian TSB,0,0
52804,2025-01-23,,"On 23 January 2025, the fishing vessel ""HURTIN' UNIT"", with 2 persons onboard reported being disabled off of Sambro, NS. The vessel was towed by Canadian Coast Guard ship ""HARE BAY"" to Sambro, NS.",CLASS 5,NOVA SCOTIA (NS),Canadian TSB,0,0
52803,2025-01-23,,"On 23 January 2025, the tanker ""ALGOSCOTIA"", with 13 persons onboard, sustained an electrical fire while transiting in the Bay of Islands, NL. The fire was extinguished.",CLASS 5,NEWFOUNDLAND AND LABRADOR (NL),Canadian TSB,0,0
52803,2025-01-23,,"On 23 January 2025, the tanker ""ALGOSCOTIA"", with 13 persons onboard, sustained an electrical fire while transiting in the Bay of Islands, NL. The fire was extinguished.",CLASS 5,NEWFOUNDLAND AND LABRADOR (NL),Canadian TSB,0,0
52802,2025-01-22,,"On 22 January 2025, the tanker ""ALTERA THULE"", with 22 persons onboard, in the process of turning off the berth at Whiffen Head, NL, reported having made contact with the berth, shore gangway and loading arms. ",CLASS 5,NEWFOUNDLAND AND LABRADOR (NL),Canadian TSB,0,0
52801,2024-12-08,,"On 08 December 2024, the tug ""OCEAN CHARLIE"" made contact with the general cargo vessel ""INDUSTRIAL RUBY"" while assisting the cargo vessel in Trois-Rivières, QC. The tug sustained damage to its port side railing.",CLASS 5,QUEBEC (QC),Canadian TSB,0,0
52801,2024-12-08,,"On 08 December 2024, the tug ""OCEAN CHARLIE"" made contact with the general cargo vessel ""INDUSTRIAL RUBY"" while assisting the cargo vessel in Trois-Rivières, QC. The tug sustained damage to its port side railing.",CLASS 5,QUEBEC (QC),Canadian TSB,0,0
52800,2025-01-22,,"On 22 January 2025, the bulk carrier ""CHESTNUT"", while under the conduct of a pilot, reported issues with its main engine while approaching the dock at Quebec City, QC. The vessel moored at the Port of Quebec with the assistance of tugs and the crew investigated the issue. ",CLASS 5,QUEBEC (QC),Canadian TSB,0,0
52799,2025-01-21,,"On 21 January 2025, the cargo ship ""ALGOMA DISCOVERY"" reported that the main engine cooling system pipe had split while underway in the St. Lawrence Seaway off Cap St-Michel, QC. Repairs were effected while en route to Contrecoeur anchorage and the vessel proceeded on its voyage.",CLASS 5,QUEBEC (QC),Canadian TSB,0,0
52798,2025-01-21,,"On 21 January 2025, the bulk carrier ""KM KEELUNG"", reported a fire while the vessel was anchored at the anchorage no. 9 in Trincomali Channel off Gabriola Island, BC. The crew members extinguished the fire. Damage to the accommodation area was reported.",CLASS 5,BRITISH COLUMBIA (BC),Canadian TSB,0,0
52796,2024-11-29,,"On 29 November 2024, the tug ""DOVER SPIRIT"", with 1 person on board, reported having sustained a fire in a freezer while the vessel was docked in Sydney, NS. The master extinguished the fire and notified the fire department. The fire department arrived and confirmed that the fire was extinguished. There was fire damage to equipment in the forepeak and smoke damage in the accommodations and wheelhouse. No injuries or pollution was reported.",CLASS 5,NOVA SCOTIA (NS),Canadian TSB,0,0
52795,2025-01-20,,"On 20 January 2025, the fishing vessel ""FUNDY TRAPPER II"", with 3 people on board, reported being disabled due to a power loss while the vessel was off Cape Forchu, NS, at Jordan Basin. The Canadian Coast Guard Ship ""CHEDABUCTO BAY"" towed the vessel to Yarmouth, NS.",CLASS 5,NOVA SCOTIA (NS),Canadian TSB,0,0
52794,2025-01-18,,"On 18 January 2025, the fishing vessel ""BLACK CLOUD"", with 6 people on board, reported being disabled due to issues with the generator on Scatarie Bank. The Canadian Coast Guard Ship ""BAIE DES CHALEURS"" towed the vessel to Louisbourg, NS.",CLASS 5,NOVA SCOTIA (NS),Canadian TSB,0,0
52793,2025-01-19,,"On 19 January 2025, the container ship ""ARICA EXPRESS"", experienced main engine sea suction problems and anchored to unblock the ice from both sea chests. The vessel continued its voyage the next day.",CLASS 5,QUEBEC (QC),Canadian TSB,0,0
52792,2025-01-17,,"On 17 January 2025, the tug ""STORMONT"", was assisting two commercial vessels in ice on Lake St. Clair, ON, when the tug became beset in ice after experiencing a fluid leak that required the main engine to be stopped. The tug was towed to Windsor, ON, for engine repairs.",CLASS 5,ONTARIO (ON),Canadian TSB,0,0
52791,2025-01-17,,"On 17 January 2025, the fishing vessel ""RALPH NELSON"", with 6 people on board, caught fire in the Bay of Fundy off Cape Spencer, NB. The crew evacuated onto the fishing vessel ""HUCKLEBERRY"", which then towed the ""RALPH NELSON"" to Dipper Harbour, NB, escorted by the Canadian Coast Guard Ship ""SHEDIAC BAY"".",CLASS 5,NEW BRUNSWICK (NB),Canadian TSB,0,0
52790,2025-01-15,,"On 15 January 2025, while pulling the MV Sagar Samrat from the wharf at Sept-Îles, QC, the tug ""OCEAN RAYMOND LEMAY"", experienced a total failure of the starboard engine base. The vessel returned to the wharf using the port engine to undergo repairs.",CLASS 5,QUEBEC (QC),Canadian TSB,0,0
52789,2025-01-15,,"On 15 January 2025, the passenger vessel ""WEST COAST IV"", while transiting near the Metlakltla Ferry Terminal, Prince Rupert, BC, reported a risk of collision with the passenger vessel ""KOPRINO WIND"".",CLASS 5,BRITISH COLUMBIA (BC),Canadian TSB,0,0
52788,2025-01-14,,"On 14 January 2025, the fishing vessel ""LADY CAROL I"", with 3 people on board, reported being disabled with failure of its electrical system off Brier Island, NS. The vessel was able to maintain propulsion and proceeded to Saulnierville, NS, for repairs.",CLASS 5,NOVA SCOTIA (NS),Canadian TSB,0,0
52787,2025-01-11,,"On 11 January 2025, the bunker vessel ""NORTH ATLANTIC KAIROS"" while departing dock struck the docked tanker ""ALTERA THULE"" at Whiffen Head, NL resulting in minor hull damage to the ""ALTERA THULE"".",CLASS 5,NEWFOUNDLAND AND LABRADOR (NL),Canadian TSB,0,0
52786,2025-01-11,,"On 11 January 2025, the fishing vessel ""ALL MINE"", with 3 people on board, reported being disabled with a fouled propeller off Cape Roseway, NS. The vessel was towed to Gunning Cove, NS, by the fishing vessel ""CLASSY LADY"".",CLASS 5,NOVA SCOTIA (NS),Canadian TSB,0,0
52785,2025-01-11,,"On 11 January 2025, the fishing vessel ""CURRENT PLAN"", with 3 persons on board, reported being disabled with a total failure of its propulsion system off Long Island, NS. The vessel was towed to Westport, NS, by the Canadian Coast Guard Ship ""WESTPORT"".",CLASS 5,NOVA SCOTIA (NS),Canadian TSB,0,0
52784,2025-01-14,,"On 14 January 2025, while working in Vancouver Harbour, the derrick barge ""VAN PILE #7"" with 8 people onboard, broke free of its mooring and spun around on a single spud. The crew deployed anchor and regained control of the barge until tugs could be dispatched.",CLASS 5,BRITISH COLUMBIA (BC),Canadian TSB,0,0
52783,2025-01-15,,"On 15 January 2025, the general cargo vessel ""WESTWOOD OLYMPIA"" reported having sustained a complete failure of its main engine 34 nautical miles off Bamfield, B.C. The crew completed repairs, and the vessel resumes its voyage.",CLASS 5,BRITISH COLUMBIA (BC),Canadian TSB,0,0
52782,2025-01-12,,"On 12 January 2025, the general cargo vessel ""HARVEST SPIRIT"" sustained a blackout and ran aground 1.8 nautical miles west of Kemps Point in the St. Marys River near Neebish Island, Michigan, USA. The vessel anchored and was later assisted by a tug to a safe anchorage for further inspection.",CLASS 5,Outside Provincial Boundaries,Canadian TSB,0,0
52780,2025-01-10,,"On 10 January 2025, the tug ""SEASPAN ROGUE"", reported a failure of its engine turbo. Tug ""SEASPAN EAGLE"" took over the tow and the ""SEASPAN RAPTOR"" escorted the ""SEASPAN ROGUE"" back to Vancouver, B.C.",CLASS 5,BRITISH COLUMBIA (BC),Canadian TSB,0,0
52779,2025-01-07,,"On 07 January 2025, the cargo vessel ""FAIRPLAYER"", under the conduct of a pilot, reported a failure of one of its main engines while preparing to depart Lynnterm 3 Terminal in North Vancouver, BC. The vessel proceeded to the Vancouver Inner anchorage using its other engine and a tug escort for further evaluation of the issue.",CLASS 5,BRITISH COLUMBIA (BC),Canadian TSB,0,0
52778,2025-01-04,,"On January 4, 2025, the container ship ""NORTHERN JUBILEE"", reported a failure of one of its main engines 16 nautical miles west of Ucluelet Arm, Vancouver Island, BC. The vessel continued its voyage to Brotchie Ledge, BC, using its remaining operational engine. From there, it proceeded under the escort of the tug ""OCEAN CYPRESS"" to Delta Port Container Terminal.",CLASS 5,BRITISH COLUMBIA (BC),Canadian TSB,0,0
52777,2025-01-01,,"On 01 January 2025, the passenger and vehicle ferry ""QUEEN OF SURREY"", reported that one of its controllable pitch propellers had failed while docked at Langdale Terminal, BC. The vessel was taken to Vancouver dry dock by using its other propeller under a tug escort.",CLASS 5,BRITISH COLUMBIA (BC),Canadian TSB,0,0
52776,2025-01-07,,"On 07 January 2025, the fishing vessel ""MISS CORAL 2008"" reported a failure of its main engine. The Canadian Coast Guard Ship ""WESTPORT"" towed the vessel to Yarmouth, N.S.",CLASS 5,NOVA SCOTIA (NS),Canadian TSB,0,0
52775,2025-01-06,,"On 06 January 2025, the tug ""OCEAN BRAVO"" made contact with the oil/chemical tanker ""EASTERLY AS OMARIA"" while assisting the cargo vessel in Bécancour, QC. The tug sustained damage to its navigational lights and proceeded to Trois-Rivières, QC for repairs.",CLASS 5,QUEBEC (QC),Canadian TSB,0,0
52774,2024-11-28,,"On 28 November 2024, while conducting an environmental response exercise, the service ship ""C06061ON"", struck the stern line of the cargo vessel ""ROSAIRE A. DESGANGES which was secured at the dock in Long Pond, NL.   ",CLASS 5,NEWFOUNDLAND AND LABRADOR (NL),Canadian TSB,0,0
52773,2025-01-06,,"On 06 January 2025, the unmanned barge ""OC38-B"" was reported being partly submerged in a vicinity of the l'Île-aux-Tourtes Bridge in the Lake of Two Mountains off Vaudreuil-Dorion, QC.",CLASS 5,QUEBEC (QC),Canadian TSB,0,0
52772,2025-01-06,,"On 06 January 2025, the crude oil tanker ""ESPADA DESGAGNES"" reported having sustained a total failure of its main engine prior to its departure from Dock No. 103 in Québec, QC. The vessel remained moored to investigate the issue.",CLASS 5,QUEBEC (QC),Canadian TSB,0,0
52771,2025-01-04,,"On 04 January 2025, the bulk carrier ""NORTHERN VENTURE"" reported having experienced a problem with its a main engine off Colchester, ON. The vessel proceeded to the nearest anchorage to investigate the issue.",CLASS 5,ONTARIO (ON),Canadian TSB,0,0
52770,2025-01-03,,"On 03 January 2025, the ferry ""JOS-DESCHENES II"" reported having experienced a problem with its aft main engine off Tadoussac, QC. The vessel proceeded to a nearby wharf and the crew addressed the issue before resuming its voyage.",CLASS 5,QUEBEC (QC),Canadian TSB,0,0
52769,2025-01-05,,"On 05 January 2025, the fishing vessel ""NOR EASTER 07"" with 5 persons on board started taking on water below deck and sank. The fishing vessel "" DR PETER PAUL "" rescued the 5 crew members and returned them to North Head, Grand Manan Island, New Brunswick.",CLASS 5,NEW BRUNSWICK (NB),Canadian TSB,0,0
52768,2025-01-05,,"On 05 January 2025, the fishing vessel ""MEGA TIKES"" with 2 personnel on board became disabled due to fuel quality issues.  The Canadian Coast Guard Ship ""EARL GREY"" towed the vessel to Gunning Cove, N.S.",CLASS 5,NOVA SCOTIA (NS),Canadian TSB,0,0
52767,2025-01-04,,"On 04 January 2025, the fishing vessel ""CAPTAIN CHET 2003"" with 3 personnel on board became disabled by a rope becoming entangled in the propeller.  The vessel was towed by the Canadian Coast Guard Ship ""CHEDABUCTO BAY"" and subsequently the propeller became disentangled. The vessel proceeded to West Head, N.S. ",CLASS 5,NOVA SCOTIA (NS),Canadian TSB,0,0
52766,2025-01-04,,"On 04 January 2025, the fishing vessel ""SARAH ELIZABETH"" with 3 personnel onboard, became disabled due to engine problems.  The Canadian Coast Guard Ship ""HARE BAY"" towed the vessel to SAMBRO, N.S.",CLASS 5,NOVA SCOTIA (NS),Canadian TSB,0,0
52765,2024-12-30,,"On 30 December 2024, the fishing vessel ""GONE FISHING 1ST"", with 3 people on board reported being disabled, off of Green Island, NS. The vessel was towed to West Head, NS by Canadian Coast Guard Ship "" CHEDABUCTO BAY"".",CLASS 5,NOVA SCOTIA (NS),Canadian TSB,0,0
52764,2024-12-27,,"On 27 December 2024, the fishing vessel ""KNOT FOR SHORE"",  with 3 people on board, reported being disabled due to engine problems, off of Pubnico, NS. The vessel was towed to Pubnico, NS by the fishing vessel ""JENNA ROSEANNE"".",CLASS 5,NOVA SCOTIA (NS),Canadian TSB,0,0
52763,2024-12-27,,"On 27 December 2024, the fishing vessel ""SAVANA & JAX"", with 3 people on board reported being disabled, off Pubnico, NS. The vessel was towed to Pubnico, NS by the Canadian Coast Guard Ship ""CHEBUCTO BAY"".",CLASS 5,NOVA SCOTIA (NS),Canadian TSB,0,0
52762,2024-12-26,,"On 26 December 2024, the fishing vessel ""SONIA DIANNE"", with 3 people on board, reported being disabled due to loss of reduction, off Woods Harbour, NS. The vessel was towed to Woods Harbour by the Canadian Coast Guard Ship ""CHEDABUCTO BAY"".",CLASS 5,NOVA SCOTIA (NS),Canadian TSB,0,0
52761,2024-12-27,,"On December 27th the bulk carrier ""PEACE"" reported a loss of propulsion due to insufficient main engine starting air, while under the conduct of a pilot and approaching the Neptune terminal no. 1 in North Vancouver, B.C. The crew members carried out repairs and the vessel then berthed.",CLASS 5,BRITISH COLUMBIA (BC),Canadian TSB,0,0
52760,2024-12-24,,"On 24 December 2024, the tug ""BROUGHTON RANGER"", while uncrewed, was reported to have sunk alongside in Port Hardy, B.C.",CLASS 5,BRITISH COLUMBIA (BC),Canadian TSB,0,0
52759,2024-12-21,,"On 21 December 2024, the roll-on roll-off ferry ""NORTHERN EXPEDITION"" with 51 persons onboard, reported a fire in the battery compartment of a truck on the main vehicle deck during discharging operation in Port Hardy, B.C. The crew extinguished the fire and operations resumed.",CLASS 5,BRITISH COLUMBIA (BC),Canadian TSB,0,0
52758,2024-12-22,,"On 22 December 2024, the bulk carrier ""PEACE"" reported propulsion control problems on approach to English Bay anchorage 12 off Vancouver B.C. The tug ""SEASPAN RAPTOR"" was dispatched to escort the vessel to anchorage.",CLASS 5,BRITISH COLUMBIA (BC),Canadian TSB,0,0
52757,2024-12-24,,"On 24 December 2024, the bulk carrier ""MACCOA"" reported being disabled with a total failure of its propulsion system. The vessel sustained a blackout and ran aground off Verchères, QC.",CLASS 5,QUEBEC (QC),Canadian TSB,0,0
52756,2024-12-23,,"On 23 December 2024, the bulk carrier ""TUNDRA"" experienced a problem with its main engine after departure from the berth 72 of the Port of Montreal, QC. The vessel proceeded to the nearest anchorage for repairs.",CLASS 5,QUEBEC (QC),Canadian TSB,0,0
52755,2024-12-21,,"On 21 December 2024, the general cargo vessel ""OSLO BULK 5"" lost propulsion while approaching lock 4 of the St. Lawrence Seaway off Beauharnois, QC. The vessel’s main engine shutdown was a result of the OMD false alarm. The crew regained control, and the vessel was moored for further inspection.",CLASS 5,QUEBEC (QC),Canadian TSB,0,0
52754,2024-12-20,,"On 20 December 2024, the Canadian Coast Guard Ship ""SIR WILFRED GRENFELL"" reported having sustained a total failure of her portside propulsion machinery off of Hecate Island, B.C. The vessel anchored and crew performed repairs.",CLASS 5,BRITISH COLUMBIA (BC),Canadian TSB,0,0
52753,2024-12-20,,"On 20 December 2024, the chemical/products tanker ""KITIKMEOT W."" reported the failure of its main engine N of Fighting Island, ON in Detroit River. The vessel proceeded to the nearest anchorage to carry out repairs.",CLASS 5,ONTARIO (ON),Canadian TSB,0,0
52752,2024-12-20,,"On 20 December 2024, the fishing vessel ""SIDE CHIX"", with 3 people on board, reported being disabled with engine issues on the Seal Island Ridge, NS. The Canadian Coast Guard Ship ""CHEDABUCTO BAY"" towed the vessel to Newellton. ",CLASS 5,NOVA SCOTIA (NS),Canadian TSB,0,0
52751,2024-12-20,,"On 20 December 2024, the fishing vessel ""JESS & KATRINA"", with 3 people on board, reported disabled with steering issues in the Gulf of Maine, NS. The Canadian Coast Guard Ship ""WESTPORT"" towed the vessel to Yarmouth.",CLASS 5,NOVA SCOTIA (NS),Canadian TSB,0,0
52750,2024-12-20,,"On 20 December 2024, the fishing vessel ""JESSA & AUSTIN"", with 3 people on board, reported disabled with engine issues in Lobster Bay, NS. The Canadian Coast Guard Ship ""CHEDABUCTO BAY"" towed the vessel to West Head.",CLASS 5,NOVA SCOTIA (NS),Canadian TSB,0,0
52749,2024-12-19,,"On 19 December 2024, the chemical/products tanker ""HINCH SPIRIT"" experienced a problem with its pitch control off Lanoraie, Quebec. The vessel proceeded to Montreal, Quebec for repairs.",CLASS 5,QUEBEC (QC),Canadian TSB,0,0
52747,2024-12-18,,"On 18 December 2024, the tug ""HAISLA NORTHWIND"", with 3 people on board and pushing the barge ""BSG LUBRICATOR"", reported striking the workboat ""C36723BC"" known as ""TRITON 1"", in the Howe Sound, BC. The workboat sank and its sole occupant entered the water. The workboat ""ROW 5"" rescued the person who was treated for hypothermia. No damage was reported to the tug or barge. Minor pollution has been reported. ",CLASS 3,BRITISH COLUMBIA (BC),Canadian TSB,0,1
52746,2024-12-18,,"On 18 December 2024, the fishing vessel ""KARLA & BROTHERS"", with 5 people on board, reported disabled with fuel delivery issues in the Gulf of Main off Westport, NS. The Canadian Coast Guard Ship ""WESTPORT"" towed the vessel to Sandford.",CLASS 5,NOVA SCOTIA (NS),Canadian TSB,0,0
52745,2024-12-18,,"On 18 December 2024, the fishing vessel ""ASHLEE DAWN 2008"", with 3 people on board, was reported disabled with engine issues on German Bank off Seal Island, NS. The disabled vessel was towed to Pubnico by the Canadian Coast Guard Ship ""BAIE DES CHALEURS"". ",CLASS 5,NOVA SCOTIA (NS),Canadian TSB,0,0
52744,2024-12-17,,"On 17 December 2024, the passenger ferry ""ISLAND AURORA"", reported having lost power due to generator issue prior to docking at Westview Ferry Terminal, BC. The ferry docked safely under battery power. ",CLASS 5,BRITISH COLUMBIA (BC),Canadian TSB,0,0
52743,2024-12-18,,"On 18 December 2024, the fishing vessel ""HAULIN ALONG"", with 3 persons on board, reported being disabled with a total failure of its propulsion system off Outer Island, NS. The vessel was towed to Lower Woods Harbour, NS by the Canadian Coast Guard Ship ""BAIE DES CHALEURS"".",CLASS 5,NOVA SCOTIA (NS),Canadian TSB,0,0
52742,2024-12-16,,"On 16 December 2024, the fishing vessel ""CARMELLE NO. 6"", with 4 people on board, reported being disabled with a steering failure off Cape Sable Island, NS. The vessel was escorted to Pubnico, NS, by the Canadian Coast Guard Ship ""BAIE DES CHALEURS"".",CLASS 5,NOVA SCOTIA (NS),Canadian TSB,0,0
52741,2024-12-17,,"On 17 December 2024, the tug ""SEASPAN CAVALIER"", reported a problem with one of its main engines while towing a barge near Campbell River, BC. The tug used its other engine to return to Vancouver, BC, for repairs. ",CLASS 5,BRITISH COLUMBIA (BC),Canadian TSB,0,0
52740,2024-12-16,,"On 16 December 2024, while approaching Côte Sainte-Catherine lock in the St. Lawrence Seaway, the bulk carrier ""FLORENCE SPIRIT"" reported having struck the approach wall following the loss of bow thruster. The vessel dropped anchor while the crew assessed for damage. The vessel later proceeded to the Côte Sainte-Catherine under its own power, escorted by the tug ""OCEAN PIERRE JULIEN"" before resuming its voyage.",CLASS 5,QUEBEC (QC),Canadian TSB,0,0
52739,2024-12-16,,"On 16 December 2024, the fishing vessel ""MIKMAQ FISHER PRIZE"", with 4 people on board, reported being disabled with a total failure of its propulsion off Cape Forchu, NS. The crew was able to resolve the problem and resume fishing.",CLASS 5,NOVA SCOTIA (NS),Canadian TSB,0,0
52738,2024-12-16,,"On 16 December 2024, the fishing vessel ""FULL OF BULL"", with 3 people on board, reported being disabled with a total failure of its propulsion off Cape St. Marys, NS. The crew was able to resolve the problem and resume fishing.",CLASS 5,NOVA SCOTIA (NS),Canadian TSB,0,0
52737,2024-12-16,,"On 16 December 2024, the fishing vessel ""RYAN & KAYLA"", with 3 persons on board, reported being disabled with a total failure of its propulsion off Seal Island, NS. The vessel was able to resolve the problem and return to Lower Woods Harbour, NS without assistance.",CLASS 5,NOVA SCOTIA (NS),Canadian TSB,0,0
52736,2024-12-15,,"On 15 December 2024, the fishing vessel ""PREDATOR II (THE)"", with 5 persons on board, reported being disabled with a total failure of its propulsion system off Hampton, NS. The vessel was towed to Digby, NS by the Canadian Coast Guard Ship ""SAMBRO"".",CLASS 5,NOVA SCOTIA (NS),Canadian TSB,0,0
52735,2024-12-15,,"On 15 December 2024, the cargo vessel ""APEX VOYAGER"", reported 1 of its lifeboats drifted during drills while the vessel was anchored at the Nanaimo Anchorage 1, Nanaimo, BC. The lifeboat was retrieved, and no further assistance was required.",CLASS 5,BRITISH COLUMBIA (BC),Canadian TSB,0,0
52734,2024-12-15,,"On 15 December 2024, the workboat ""C17549BC"", known as ""FRONTIER 3"", with 4 people onboard, reported to be disabled due to transmission issue in the Howe Sound near Woodfibre, BC. A vessel of opportunity towed the workboat to Woodfibre. ",CLASS 5,BRITISH COLUMBIA (BC),Canadian TSB,0,0
52733,2024-12-16,,"On 16 December 2024, while at anchor in the Port of Montreal, the bulk carrier ""VEZHEN"" reported that a crew member was injured while cleaning cargo holds. The injured crew member was brought ashore by the tug ""OCEAN PIERRE JULIEN"". The crew member later returned to the vessel following treatment at a local hospital.  ",CLASS 5,QUEBEC (QC),Canadian TSB,0,1
52732,2024-12-14,,"On 14 December 2024, the passenger ferry ""COASTAL INSPIRATION"", with 695 people on board, reported being disabled by an engine issue, while approaching Tsawwassen Ferry Terminal, British Columbia. The vessel anchored while the crew made repairs, the vessel then docked and unloaded the passengers.",CLASS 5,BRITISH COLUMBIA (BC),Canadian TSB,0,0
52731,2024-12-15,,"On 15 December 2024, the fishing vessel ""CRYSTAL LYNN III"", with 5 persons on board, reported being disabled with a total failure of its propulsion system off Hubbards Cove, NS. The vessel was towed to Mill Cove, NS by the Canadian Coast Guard Ship ""HARE BAY"".",CLASS 5,NOVA SCOTIA (NS),Canadian TSB,0,0
52730,2024-12-14,,"On 14 December 2024, the fishing vessel ""CHARLEE & AVERIE"", with 4 persons on board, reported being disabled with transmission problems off Cape Sable Island, NS. The vessel was escorted to Clark's Harbour, NS by the Canadian Coast Guard Ship ""CHEDABUCTO BAY"".",CLASS 5,NOVA SCOTIA (NS),Canadian TSB,0,0
52729,2024-12-14,,"On 14 December 2024, the fishing vessel ""MY CHAINS ARE GONE"", with 4 persons on board, reported being disabled with a total failure of its propulsion system off Cape Sable Island, NS. The vessel was towed to Clam Point, NS by the fishing vessel ""BETTER IN WEATHER"".",CLASS 5,NOVA SCOTIA (NS),Canadian TSB,0,0
52728,2024-12-14,,"On 14 December 2024, the tug ""W.N. TWOLAN"", with 7 people on board, reported taking on water due to a crack found in the engine room while in Chenal de Mingan, QC. The vessel proceeded to Havre-Saint-Pierre, QC and divers were ordered.",CLASS 5,QUEBEC (QC),Canadian TSB,0,0
52727,2024-12-13,,"On 13 December 2024, the bulk carrier ""FEDERAL YELLOWSTONE"", while under the conduct of a pilot, reported having sustained a total engine failure in the St. Lawrence River off Sainte-Pétronille, QC. The vessel proceeded to a nearby anchorage for repairs, and once effected, resumed its voyage.",CLASS 5,QUEBEC (QC),Canadian TSB,0,0
52726,2024-12-11,,"On 11 December 2024, the container ship ""MSC ANGELA"", while preparing for pilot change, reported having sustained a total engine failure at Pointe-des-Ormes, QC. The vessel was anchored, and the crew assessed the issue.",CLASS 5,QUEBEC (QC),Canadian TSB,0,0
52725,2024-12-03,,"On 03 December 2024, the Canadian Coast Guard Ship ""LIMNOS"" reported having sustained a total failure of its port azipod, and struck the lower approach wall and gate of the Welland Canal's lock No. 8 in Port Colborne, ON. The vessel proceeded to section No. 18.1 to assess for damages and effect repairs.",CLASS 5,ONTARIO (ON),Canadian TSB,0,0
52724,2024-12-11,,"On 11 December 2024, the fishing vessel ""MISS CARRIE ANN"", with 4 people on board, reported being disabled with a total engine failure in the Gulf of Maine off Yarmouth, NS. The vessel was towed into the harbour by the Canadian Coast Guard Ship ""WESTPORT"".",CLASS 5,NOVA SCOTIA (NS),Canadian TSB,0,0
52723,2024-12-10,,"On 10 December 2024, the fishing vessel ""KNOT TOO SHORE"", with 4 people on board, was reported disabled and taking on water in the Gulf of Maine off Yarmouth, NS. The disabled vessel proceeded towards the harbour, escorted by the fishing vessels ""RICHARD J. II"" and ""HEAVEN'S REEL"". The crew later abandoned the sinking vessel and transferred on board the Canadian Coast Guard Ship ""CHEDABUCTO BAY"", that transported them to Wedgeport, NS. ",CLASS 5,NOVA SCOTIA (NS),Canadian TSB,0,0
52723,2024-12-10,,"On 10 December 2024, the fishing vessel ""KNOT TOO SHORE"", with 4 people on board, was reported disabled and taking on water in the Gulf of Maine off Yarmouth, NS. The disabled vessel proceeded towards the harbour, escorted by the fishing vessels ""RICHARD J. II"" and ""HEAVEN'S REEL"". The crew later abandoned the sinking vessel and transferred on board the Canadian Coast Guard Ship ""CHEDABUCTO BAY"", that transported them to Wedgeport, NS. ",CLASS 5,NOVA SCOTIA (NS),Canadian TSB,0,0
52722,2024-12-08,,"On 08 December 2024, the car carrier ""POSEIDON HIGHWAY"" reported having sustained a brief loss of propulsion in rough seas at the western end of Juan de Fuca Strait, BC. The vessel reduced speed and resumed its voyage.",CLASS 5,BRITISH COLUMBIA (BC),Canadian TSB,0,0
52721,2024-12-09,,"On 09 December 2024, the tug ""SAAM SABA"", with 2 people on board, reported being disabled with a total failure of its propulsion in Vancouver Harbour off Burnaby, BC. The tug ""POINT VALIANT"" towed the disabled tug to a nearby wharf, where the crew addressed the issue.",CLASS 5,BRITISH COLUMBIA (BC),Canadian TSB,0,0
52720,2024-12-04,,"On 04 December 2024, the Canadian Coast Guard Ship ""CAPE LIGHT"", with 3 people on board, reported having struck the berthed fishing vessel ""ELLENE MARIE"" while manoeuvering in the harbour of Meteghan, NS. The ""CAPE LIGHT"" was secured and the crew assessed for damages.",CLASS 5,NOVA SCOTIA (NS),Canadian TSB,0,0
52719,2024-12-09,,"On 09 December 2024, the fishing vessel ""SECRET SEA"", with 4 people on board, reported being disabled with a total engine failure in the Gulf of Maine off Westport, NS. The crew resolved the issue and the vessel proceeded to Yarmouth, NS, escorted by the Canadian Coast Guard Ship ""WESTPORT"".",CLASS 5,NOVA SCOTIA (NS),Canadian TSB,0,0
52718,2024-12-07,,"On 07 December 2024, the fishing vessel ""KING EIDER"", with 4 people on board, reported being disabled with a fouled propeller off Pubnico, NS. The vessel was towed into the harbour by the fishing vessel ""EMMA ANDREE"" and the Canadian Coast Guard Ship ""CHEDABUCTO BAY"".",CLASS 5,NOVA SCOTIA (NS),Canadian TSB,0,0
52717,2024-12-07,,"On 07 December 2024, the fishing vessel ""FUNDY MIST"", with 4 people on board, reported being disabled with a total engine failure off Pubnico, NS. The vessel was towed into the harbour by the Canadian Coast Guard Ship ""CHEDABUCTO BAY"".",CLASS 5,NOVA SCOTIA (NS),Canadian TSB,0,0
52716,2024-12-07,,"On 07 December 2024, the fishing vessel ""KNOTTY FOUR"", with 3 people on board, reported being disabled with a fouled propeller off Shelburne, NS. The vessel was towed into the harbour by the fishing vessel ""CLASSY LADY"".",CLASS 5,NOVA SCOTIA (NS),Canadian TSB,0,0
52715,2024-12-07,,"On 07 December 2024, the fishing vessel ""FUNDY LEADER"", with 13 people on board, was reported having sustained a fire in the Gulf of Maine off Shag Harbour, NS. The crew extinguished the fire, assisted by the fishing vessels ""ATLANTIC PRESERVER"" and ""ATLANTIC PROTECTOR"". The vessel was escorted to Shelburne, NS by the ""ATLANTIC PRESERVER"", and later by the ""SIR WILLIAM ALEXANDER"".",CLASS 4,NOVA SCOTIA (NS),Canadian TSB,0,0
52714,2024-12-05,,"On 05 December 2024, the fishing vessel ""ATLANTIC EXPLORER II"", with 6 people on board, reported a water ingress through the bridge windows that disabled its navigation and communication equipment in the vicinity of Bay of Islands, NL. The vessel was assisted by the fishing vessel ""GUARDIAN GALE"" and escorted to Benoit's Cove, NL by the Canadian Coast Guard Ship ""CAPE EDENSHAW"".",CLASS 5,NEWFOUNDLAND AND LABRADOR (NL),Canadian TSB,0,0
52713,2024-12-05,,"On 05 December 2024, the workboat ""HARMAC OTTER"", while unmanned and moored, took on water and sank in the Fraser River, British Columbia. The vessel was later removed from the marine environment. Minor pollution was reported.",CLASS 5,BRITISH COLUMBIA (BC),Canadian TSB,0,0
52712,2024-12-04,,"On 04 December 2024, the ferry ""WOLFE ISLANDER IV"" reported having made bottom contact on Lake Ontario off Marysville, ON. The vessel resumed its voyage to Kingston, ON and disembarked its passengers. A water ingress was found in an aft void compartment, and divers were ordered to assess the damages.",CLASS 5,ONTARIO (ON),Canadian TSB,0,0
52711,2024-10-28,,"On 28 October 2024, the fishing vessel ""MERSEY PHOENIX"" reported that one of its crew members sustained an injury during the fishing operations in the vicinity of Frobisher Bay, NU. The crew member was medevacked to Iqaluit, NU by the Canadian Coast Guard Ship ""DES GROSEILLIERS"".",CLASS 5,NUNAVUT (NU),Canadian TSB,0,1
52710,2024-12-04,,"On 04 December 2024, the fishing vessel ""OCEAN SWELL"", with 4 people on board, reported being disabled with a mechanical failure off Yarmouth, NS. The crew resolved the issue and proceeded into the harbour.",CLASS 5,NOVA SCOTIA (NS),Canadian TSB,0,0
52709,2024-12-04,,"On 04 December 2024, the fishing vessel ""FOUR LINKS"", with 4 people on board, reported being disabled with a total engine failure off West Head, NS. The vessel was towed into the harbour by the Canadian Coast Guard Ship ""CHEDABUCTO BAY"".",CLASS 5,NOVA SCOTIA (NS),Canadian TSB,0,0
52708,2024-12-04,,"On 04 December 2024, the fishing vessel ""THEIR FINEST HOUR"", with 3 people on board, reported being disabled with a total engine failure off Argyle, NS. The vessel was towed into the harbour by the Canadian Coast Guard Ship ""CHEDABUCTO BAY"".",CLASS 5,NOVA SCOTIA (NS),Canadian TSB,0,0
52707,2024-12-01,,"On 01 December 2024, the bulk carrier ""CAPE"" reported having sustained a total engine failure in the St. Lawrence River off Baie-Trinité, QC. Repairs were effected while adrift and the vessel resumed its voyage.",CLASS 5,QUEBEC (QC),Canadian TSB,0,0
52706,2024-12-01,,"On 01 December 2024, the tug ""ALDO H"", reported being grounded on a sand bar near Longueuil, QC anchorage. The vessel ""BOATMAN 6"" assisted in the refloat operation.",CLASS 5,QUEBEC (QC),Canadian TSB,0,0
52705,2024-12-03,,"On 03 December 2024, he fishing vessel ""C27464NL"" known as ""LEONARDS CHOICE"", with 3 people on board, reported a total failure of its steering system off St. John's, NL. The vessel was escorted into the harbour by the Canadian Coast Guard Ship ""HENRY LARSEN"" fast rescue craft.",CLASS 5,NEWFOUNDLAND AND LABRADOR (NL),Canadian TSB,0,0
52704,2024-12-03,,"On 03 December 2024, the fishing vessel ""MUST ""N"" TELL"", with 3 people on board, reported being disabled with a fouled propeller off Yarmouth, NS. The vessel was towed to Pubnico, NS by the Canadian Coast Guard Ship ""BAIE DES CHALEURS"".",CLASS 5,NOVA SCOTIA (NS),Canadian TSB,0,0
52703,2024-12-03,,"On 03 December 2024, the fishing vessel ""CHAS'N RAC'N 20"", with 4 people on board, reported being disabled with a fouled propeller off West Head, NS. The vessel was towed into the harbour by the Canadian Coast Guard Ship ""CHEDABUCTO BAY"".",CLASS 5,NOVA SCOTIA (NS),Canadian TSB,0,0
52701,2024-11-23,,"On 23 November 2024, the container ship ""MSC ROWAN"" reported one of its containers was lost overboard while unloading at section No. 50 of Port de Montréal, QC. The container drifted aground and was later removed from the marine environment. ",CLASS 5,QUEBEC (QC),Canadian TSB,0,0
52700,2024-11-24,,"On 24 November 2024, the ferry ""RADISSON"" reported that a log fouled its rudder and propeller while being secured at section No. 82 of Québec, QC. The vessel was towed to section No. 81 by the tug ""OCEAN ROSS GAUDREAULT"". The propulsion system was freed, and divers assessed for damages.",CLASS 5,QUEBEC (QC),Canadian TSB,0,0
52699,2024-11-26,,"On 26 November 2024, the bulk carrier ""FEDERAL WELLAND"", while under the conduct of a pilot for berthing, reported having sustained a loss of propulsion upon arrival at section No. 104 of Québec, QC. The crew tested the propulsion system and resumed the manoeuvre.",CLASS 5,QUEBEC (QC),Canadian TSB,0,0
52698,2024-11-23,,"On 23 November 2024, the container ship ""MSC BHAVYA V"", while under the conduct of a pilot, reported having sustained a total engine failure in the pilot boarding area off Les Escoumins, QC. The crew resolved the issue and resumed their voyage.",CLASS 5,QUEBEC (QC),Canadian TSB,0,0
52697,2024-11-11,,"On 11 November 2024, the workboat ""C30947QC"" and its unregistered spud barge reported having drifted towards a bridge after having fouled the barge's spuds while working in the Ottawa River off Lemieux Island, ON. The crew resolved the issue and regained control over the workboat and the barge.",CLASS 5,ONTARIO (ON),Canadian TSB,0,0
52696,2024-11-06,,"On 06 November 2024, the cargo vessel ""EVANS SPIRIT"", while proceeding in the St. Lawrence River off Tadoussac, QC, reported that one of its crew members sustained an incapacitation and was medevacked by a pilot boat to Les Escoumins, QC.",CLASS 5,QUEBEC (QC),Canadian TSB,0,1
52695,2024-12-02,,"On 02 December 2024, the fishing vessel ""ROCKY PLACES"", with 5 people on board, reported being disabled with a total failure of its fuel supply system off Peggys Cove, NS. The crew resolved the issue while waiting for assistance and resumed their voyage.",CLASS 5,NOVA SCOTIA (NS),Canadian TSB,0,0
52694,2024-11-28,,"On 28 November 2024, the bulk carrier ""YM COURAGE"", while under the conduct of a pilot, reported having sustained a total failure of its engine causing a loss of propulsion while approaching Anchorage B in Vancouver Harbour, BC. The vessel was anchored, and the crew addressed the issue.",CLASS 5,BRITISH COLUMBIA (BC),Canadian TSB,0,0
52693,2024-11-29,,"On 29 November 2024, the tug ""OCEAN CYPRESS"", with 3 persons onboard, reported having run aground in mud in the vicinity of Sturgeon Bank Light Buoy T10 off Sea Island, B.C. The tug was refloated without outside assistance and continued its voyage.",CLASS 5,BRITISH COLUMBIA (BC),Canadian TSB,0,0
52692,2024-11-29,,"On 29 November 2024, the fishing vessel ""KASTEL NOVI"", with 5 people onboard, reported striking a rock and taking on water in Cramer Passage B.C. The vessel proceeded to Health Bay and disembarked passengers.",CLASS 5,BRITISH COLUMBIA (BC),Canadian TSB,0,0
52691,2024-12-02,,"On 02 December 2024, the fishing vessel ""LE PAR-EN-BAS"", with 3 people on board, reported being disabled with a total engine failure in St. Marys Bay, NS. The vessel was towed to Saulnierville, NS by the fishing vessel ""JENS ALIMONY"".",CLASS 5,NOVA SCOTIA (NS),Canadian TSB,0,0
52690,2024-12-02,,"On 02 December 2024, the fishing vessel ""SOU'WEST PREDATOR"", with 6 people on board, reported being disabled with a total failure of its steering system in the Bay of Fundy off Phinneys Cove, NS. The vessel was towed to Digby, NS by the Canadian Coast Guard Ship ""SAMBRO"".",CLASS 5,NOVA SCOTIA (NS),Canadian TSB,0,0
52689,2024-12-01,,"On 01 December 2024, the fishing vessel ""BAY CATCHER 2013"", with 3 people on board, reported being disabled with a total engine failure in the Bay of Fundy off Digby, NS. The crew resolved the issue and was escorted to Delaps Cove, NS by the Canadian Coast Guard Ship ""SAMBRO"".",CLASS 5,NOVA SCOTIA (NS),Canadian TSB,0,0
52688,2024-11-30,,"On 30 November 2024, the unregistered fishing vessel known as ""OCEAN COMMOTION"", with 4 people on board, reported being disabled and drifting towards the shore off Clarks Harbour, NS. The vessel was towed into the harbour by the fishing vessel ""NO PROBLEMS"".",CLASS 5,NOVA SCOTIA (NS),Canadian TSB,0,0
52687,2024-11-30,,"On 30 November 2024, the fishing vessel ""MEN IN BLACK II"", with 4 people on board, reported being disabled with a total engine failure off West Head, NS. The vessel was towed into the harbour by the Canadian Coast Guard Ship ""BAIE DES CHALEURS"".",CLASS 5,NOVA SCOTIA (NS),Canadian TSB,0,0
52686,2024-11-30,,"On 30 November 2024, the fishing vessel ""CALL ME CRAZY"", with 4 people on board, reported being disabled with a mechanical failure off Yarmouth, NS. The vessel was towed into the harbour by the Canadian Coast Guard Ship ""CHEDABUCTO BAY"".",CLASS 5,NOVA SCOTIA (NS),Canadian TSB,0,0
52685,2024-11-30,,"On 30 November 2024, the fishing vessel ""KELSEY DAWN"", with 3 people reported being disabled with a mechanical failure off Shelburne, NS. The crew resolved the issue while waiting for assistance and resumed their voyage.",CLASS 5,NOVA SCOTIA (NS),Canadian TSB,0,0
52684,2024-11-30,,"On 30 November 2024, the fishing vessel ""MUST ""N"" TELL"", with 4 people on board, reported being disabled with a total engine failure off Pubnico, NS. The vessel was towed into the harbour by the Canadian Coast Guard Ship ""CHEDABUCTO BAY"".",CLASS 5,NOVA SCOTIA (NS),Canadian TSB,0,0
52683,2024-11-26,,"On 26 November 2024, the bulk carrier ""FEDERAL YOSHINO"", while under the conduct of a pilot and assisted by tugs for departure, reported having struck its stern against a submerged portion of a wharf after having sustained a total engine failure in Thunder Bay, ON. The vessel was towed and secured to a nearby wharf where the crew assessed the damages.",CLASS 5,ONTARIO (ON),Canadian TSB,0,0
52682,2024-11-28,,"On 28 November 2024, the fishing vessel ""EZ-GO-N 06"", with 5 people on board, reported being disabled with a total failure of its steering system off Yarmouth, NS. The vessel was towed into the harbour by the Canadian Coast Guard ship ""BAIE DES CHALEURS"".",CLASS 5,NOVA SCOTIA (NS),Canadian TSB,0,0
52681,2024-11-28,,"On 28 November 2024, the fishing vessel ""FORTUNATE SONS 2019"", with 5 people on board, reported being disabled with a fouled propeller in the Gulf of Maine off Freeport, NS. The vessel was towed to Meteghan, NS, by the Canadian Coast Guard Ship ""WESTPORT"".",CLASS 5,NOVA SCOTIA (NS),Canadian TSB,0,0
52680,2024-11-28,,"On 28 November 2024, the fishing vessel ""MARITIME MAGIC"", with 4 people on board, reported being disabled with a fouled propeller off Clarks Harbour, NS. The vessel was towed to Woods Harbour, NS by the Canadian Coast Guard Ship ""CHEDABUCTO BAY"".",CLASS 5,NOVA SCOTIA (NS),Canadian TSB,0,0
52679,2024-11-26,,"On 26 November 2024, the cargo vessel ""JAMNO"", while under the conduct of a pilot, reported having struck the lower approach wall of the Welland Canal's lock No. 1 in Port Weller, ON. The crew assessed for damages and resumed their voyage.",CLASS 5,ONTARIO (ON),Canadian TSB,0,0
52678,2024-11-28,,"On 28 November 2024, the fishing vessel ""CINDY & BROTHERS II"", with 4 people on board, reported being disabled with a total engine failure off Clarks Harbour, NS. The vessel was towed to Woods Harbour, NS by the Canadian Coast Guard Ship ""BAIE DES CHALEURS"".",CLASS 5,NOVA SCOTIA (NS),Canadian TSB,0,0
52677,2024-11-23,,"On 23 November 2024, the loaded bulk carrier ""TIM S. DOOL"" ran aground in the St. Lawrence River near buoy 73 off Louisville, NY, USA. On 16 December, the vessel's cargo was offloaded and the vessel was refloated. The vessel was cleared to continue its voyage to Montreal with the assistance of 3 tugs: ""OCEAN TAIGA"", ""OCEAN TUNDRA"", and "" OCEAN INTREPIDE"".",CLASS 5,Outside Provincial Boundaries,Canadian TSB,0,0
52676,2024-11-22,,"On 22 November 2024, the bulk carrier ""NAVIOS ALTAIR"", while being anchored in Baie des Sept Îles, QC, reported that the chief officer was incapacitated and medevacked by the tug ""OCEAN ARCTIQUE"".",CLASS 5,QUEBEC (QC),Canadian TSB,0,1
52675,2024-11-28,,"On 28 November 2024, the fishing vessel ""TAMMY SUZANNE"", with 5 people on board, reported being disabled with a total engine failure off Clarks Harbour, NS. The vessel was towed into the harbour by the Canadian Coast Guard Ship ""CHEDABUCTO BAY"".",CLASS 5,NOVA SCOTIA (NS),Canadian TSB,0,0
52674,2024-11-28,,"On 28 November 2024, the fishing vessel ""ATLANTIC JOURNEY"", with 4 people on board, reported being disabled in the Gulf of Maine off Westport, NS. The crew resolved the issue while waiting for assistance and resumed their voyage.",CLASS 5,NOVA SCOTIA (NS),Canadian TSB,0,0
52673,2024-11-28,,"On 28 November 2024, the fishing vessel ""RALPH AVERY"", with 4 people on board, reported being disabled with a loss of propulsion off Yarmouth, NS. The vessel was towed to Wedgeport, NS by the Canadian Coast Guard Ship ""CHEDABUCTO BAY"".",CLASS 5,NOVA SCOTIA (NS),Canadian TSB,0,0
52672,2024-11-27,,"On 27 November 2024, the fishing vessel ""BRADY JOHN"", with 4 people on board, reported being disabled with a total failure of its steering system off Yarmouth, NS. The crew resolved the issue and resumed their voyage.",CLASS 5,NOVA SCOTIA (NS),Canadian TSB,0,0
52671,2024-11-27,,"On 27 November 2024, the fishing vessel ""MISS CAITLIN II"", with 4 people on board, reported being disabled with a fouled propeller off Yarmouth, NS. The vessel was towed into the harbour by the Canadian Coast Guard Ship ""CHEDABUCTO BAY"".",CLASS 5,NOVA SCOTIA (NS),Canadian TSB,0,0
52670,2024-11-27,,"On 27 November 2024, the fishing vessel ""EZ-GO-N 06"", with 5 people on board, reported having sustained a total engine failure off Yarmouth, NS. The vessel was escorted to West Head, NS, by the Canadian Coast Guard Ship ""CHEDABUCTO BAY"".",CLASS 5,NOVA SCOTIA (NS),Canadian TSB,0,0
52669,2024-11-27,,"On 27 November 2024, the fishing vessel ""RALPH AVERY"", with 4 people on board, reported being disabled with a fouled propeller off Yarmouth, NS. The vessel was towed to Pinkneys Point, NS by the Canadian Coast Guard Ship ""CHEDABUCTO BAY"".",CLASS 5,NOVA SCOTIA (NS),Canadian TSB,0,0
52668,2024-11-23,,"On 23 November 2024, the Canadian Coast Guard Ship ""GORDON REID"" reported having fouled one of its propellers while leaving Port Hardy, BC. The vessel proceeded back into the harbour and divers were ordered to free the propeller.",CLASS 5,BRITISH COLUMBIA (BC),Canadian TSB,0,0
52667,2024-11-24,,"On 24 November 2024, the tug ""WESTCOASTER"", with 2 people on board, reported that the barge it was towing, the ""JENSEN COVE"", was taking on water and listing in the vicinity of Christie Passage off Port Hardy, BC. The barge later capsized and sank. Minor pollution was reported.",CLASS 5,BRITISH COLUMBIA (BC),Canadian TSB,0,0
52666,2024-11-23,,"On 23 November 2024, the bulk carrier ""NILOS"" reported having sustained a total engine failure off Ucluelet, BC. The crew effected repairs while adrift and resumed their voyage. ",CLASS 5,BRITISH COLUMBIA (BC),Canadian TSB,0,0
52665,2024-11-20,,"On 20 November 2024, the unmanned workboat ""C26250BC"" sank while secured in Bedwell Sound off McIntyre Lake, BC. A containment boom was placed around the vessel and a salvage operation was planned.",CLASS 5,BRITISH COLUMBIA (BC),Canadian TSB,0,0
52664,2024-11-26,,"On 26 November 2024, the fishing vessel ""CHAS'N RAC'N 20"", with 4 people on board, reported being disabled with a total failure of its steering system off Clarks Harbour, NS. The vessel was towed to West Head, NS by the Canadian Coast Guard Ship ""BAIE DES CHALEURS"".",CLASS 5,NOVA SCOTIA (NS),Canadian TSB,0,0
52663,2024-11-26,,"On 26 November 2024, an unnamed lobster fishing vessel with 3 people on board, reported being disabled with transmission issues in Chedabucto Bay, NS. The Canadian Coast Guard Ship ""LAPOILE BAY"" towed the vessel to Port Hawkesbury.",CLASS 5,NOVA SCOTIA (NS),Canadian TSB,0,0
52662,2024-11-24,,"On 24 November 2024, the fishing vessel ""SOUTHERN GAMBLER"", with 2 people on board, reported being disabled with a total failure of its electrical power supply system that affected all of the vessel's navigational equipment off Clarks Harbour, NS. The vessel was escorted to West Head, NS, by the Canadian Coast Guard Ship ""BAIE DES CHALEURS"".",CLASS 5,NOVA SCOTIA (NS),Canadian TSB,0,0
52661,2024-11-08,,"On 08 November 2024, the Canadian Coast Guard Ship ""CAPE EDENSAW"", with 6 people on board, reported having sustained an electrical fire in its engine room while secured in Lark Harbour, NL. The crew extinguished the fire and assessed the damages.",CLASS 5,NEWFOUNDLAND AND LABRADOR (NL),Canadian TSB,0,0
52660,2024-11-21,,"On 21 November 2024, the fishing vessel ""MICHAEL J II"", with 7 people on board, reported being disabled with a total failure of its engine's transmission in the vicinity of The Grand Banks of Newfoundland off St. Stephens, NL. The vessel was towed to Burin, NL by the Canadian Coast Guard Ship ""BARRINGTON BAY"".",CLASS 5,NEWFOUNDLAND AND LABRADOR (NL),Canadian TSB,0,0
52659,2024-11-20,,"On 20 November, the bulk carrier ""OAKGLEN"" sustained a blackout while leaving lock 3 in the Welland Canal. The vessel effected repairs and continued its voyage.",CLASS 5,ONTARIO (ON),Canadian TSB,0,0
52658,2024-11-15,,"On 15 November 2024, the Canadian Coast Guard Ship ""KOPIT HOPSON 1752"", while off Glace Bay, NS, reported that a crewmember had been found unresponsive onboard. The casualty was landed at Sydney Marine Terminal.",CLASS 5,NOVA SCOTIA (NS),Canadian TSB,1,1
52657,2024-10-27,,"On 27 October 2024, while towing the disabled fishing vessel ""AMANDA REID"", the workboat ""C27333BC"" known as ""C TOW BROUGHTON"", with 2 people on board, reported being disabled with a total failure of its fuel supply system in Queen Charlotte Sound off Allison Harbour, BC. The 2 disabled vessels were towed to Port Hardy, BC by the Canadian Coast Guard Ship ""PACHENA BAY"". See also M24P0247.",CLASS 5,BRITISH COLUMBIA (BC),Canadian TSB,0,0
52656,2024-10-26,,"On 26 October 2024, the fishing vessel ""DUSTY JAMES"", with 1 person on board, reported being disabled with a total engine failure in the Fraser River off Annacis Island, BC. The vessel was towed to a nearby wharf by the tug ""SEA IMP XI"".",CLASS 5,BRITISH COLUMBIA (BC),Canadian TSB,0,0
52655,2024-10-26,,"On 26 October 2024, the fishing vessel ""AMANDA REID"", with 3 people on board, reported being disabled with a total engine failure in Queen Charlotte Strait off Allison Harbour, BC. The vessel was towed to Port Hardy, BC by the workboat ""C27333BC"" known as ""C TOW BROUGHTON"", and later by the Canadian Coast Guard Ship ""PACHENA BAY"". See also M24P0249.",CLASS 5,BRITISH COLUMBIA (BC),Canadian TSB,0,0
52654,2024-10-26,,"On 26 October 2024, the tug ""SEASPAN KESTREL"", with 5 people on board, reported having run aground in Haro Strait off D'Arcy Island, BC. The ""SEASPAN KESTREL"" was freed by the tug ""SST GRIZZLY"" and the Canadian Coast Guard Ship ""CAPE NADEN"" and was then towed to Victoria, BC. ",CLASS 5,BRITISH COLUMBIA (BC),Canadian TSB,0,0
52652,2024-11-18,,"On 18 November 2024, the cargo vessel ""ESL NHAVA SHEVA"" reported having sustained a total engine failure causing a loss of propulsion while approaching the western entrance of Juan de Fuca Strait, BC. The crew resolved the issue and resumed their voyage.",CLASS 5,BRITISH COLUMBIA (BC),Canadian TSB,0,0
52651,2024-10-25,,"On 25 October 2024, the tug ""JOHN M. LEDCOR"" reported that one of its barges, ""LEDCOR L3801"" was listing and at risk of capsizing while, in the Fraser River off Glen Valley, BC. The disabled barge was intentionally beached off Crescent Island, BC, and later unloaded to an empty barge. The hull was found holed, and the barge was towed to Sapperton, BC for repairs.",CLASS 5,BRITISH COLUMBIA (BC),Canadian TSB,0,0
52650,2024-11-15,,"On 15 November 2024, the cargo vessel ""NACC QUEBEC"" reported that its chief engineer had been incapacitated while the vessel was proceeding in the St. Lawrence River off Les Méchins, QC. The chief engineer was medevacked by the Canadian Coast Guard auxiliary workboat ""AUXILIAIRE 1232"".",CLASS 5,QUEBEC (QC),Canadian TSB,0,1
52649,2024-11-16,,"On 16 November 2024, the fishing vessel ""NICK & ASH 2021"", with 4 people on board, was reported capsized in the Bay of Fundy off Grand Manan, NB. All crew members were rescued from the water by the fishing vessels ""SCOTIA BAND IT"" and ""LAST HAUL"", and transported to North Head, NB. The Canadian Coast Guard Ship ""GELIGET"" reported that the fishing vessel sank but remained partially submerged. ",CLASS 5,NEW BRUNSWICK (NB),Canadian TSB,0,0
52648,2024-11-15,,"On 15 November 2024, the fishing vessel ""THE PREDATOR"", with 2 people on board, reported being disabled by a total failure of its electrical power system causing a loss of propulsion off Wedgeport, NS. The vessel was anchored while waiting for assistance, and was later towed to Yarmouth, NS, by the Canadian Coast Guard Ship ""BAIE DES CHALEURS"".",CLASS 5,NOVA SCOTIA (NS),Canadian TSB,0,0
52647,2024-11-11,,"On 11 November 2024, the unmanned Canadian Coast Guard Ship ""CAPE DISCOVERY"" and its workboat ""C25150ON"" were struck by an unknown vessel while secured alongside in Goderich, ON. Minor damages were assessed on both vessels.",CLASS 5,ONTARIO (ON),Canadian TSB,0,0
52646,2024-11-14,,"On 14 November 2024, the bulk carrier ""MUSALA"", while under the conduct of a pilot, reported having experienced a close quarters situation with the bulk carrier 'TIM S. DOOL"" on Lake St. Clair off Riverside, MI, USA. ",CLASS 5,Outside Provincial Boundaries,Canadian TSB,0,0
52645,2024-11-14,,"On 14 November 2024, the fishing vessel ""IVY ROSE"", with 6 people on board, reported being disabled and taking on water in the vicinity of the Grand Banks off St. Stephens, NL. The crew controlled the water ingress and the fishing vessel was assisted by the container vessel ""GLASGOW EXPRESS"" and the Canadian Coast Guard Ship ""JEAN GOODWILL"". ",CLASS 5,NEWFOUNDLAND AND LABRADOR (NL),Canadian TSB,0,0
52644,2024-11-13,,"On 13 November 2024, the fishing vessel ""OCEAN MISTRESS"", with 3 people on board, reported being disabled with a total engine failure in the vicinity of Seaforth Channel, BC. The vessel was towed to Shearwater, BC by the Canadian Coast Guard Ship ""CAPE FAREWELL"".",CLASS 5,BRITISH COLUMBIA (BC),Canadian TSB,0,0
52643,2024-11-08,,"On 08 November 2024, the bulk carrier ""RT. HON. PAUL J. MARTIN"", while under the conduct of a pilot, reported having sustained a total engine failure causing a loss of propulsion in Canal de la Rive Sud off Sainte-Catherine, QC. Propulsion was restored, and the vessel proceeded to a nearby wharf to determine the cause of the issue.",CLASS 5,QUEBEC (QC),Canadian TSB,0,0
52642,2024-11-10,,"On 10 November 2024, the cargo vessel ""MEDI MANILA"", while under the conduct of a pilot, reported having experienced a close quarters situation with the fishing vessel ""TRACY ANN NO 1"" in the Fraser River off Steveston, BC. The cargo used sound signals and attempted to communicate with the fishing vessel, with no results.",CLASS 5,BRITISH COLUMBIA (BC),Canadian TSB,0,0
52641,2024-11-11,,"On November 11 2024, the fishing vessel ""ROSILEE I"", with 3 people on board, reported one of its crew members having sustained an injury in Marcus Passage, BC. The crew member was medevacked to Prince Rupert, BC by the Canadian Coast Guard Ship ""MCINTYRE BAY"".",CLASS 5,BRITISH COLUMBIA (BC),Canadian TSB,0,1
52640,2024-11-10,,"On 10 November 2024, the ferry ""ALEXANDRINA-CHALIFOUX"" reported having sustained a total failure of one of its engines causing a loss of propulsion in the St. Lawrence River off Sorel, QC. The vessel resumed its voyage using the remaining engine.",CLASS 5,QUEBEC (QC),Canadian TSB,0,0
52639,2024-10-22,,"On 22 October 2024, while proceeding to Swartz Bay, BC, the ferry ""SPIRIT OF VANCOUVER ISLAND"" reported a crack found in its aft ballast tank. The vessel continued its daily operations, and temporary repairs were affected once alongside for the night.",CLASS 5,BRITISH COLUMBIA (BC),Canadian TSB,0,0
52638,2024-11-12,,"On 12 November 2024, the fishing vessel ""GILMAZ"", with 2 people on board, reported being disabled with a total engine failure in Northumberland Strait off Charlottetown, PE. The vessel was towed to Summerside, PE by the Canadian Coast Guard Ship ""CAP NORD"".",CLASS 5,PRINCE EDWARD ISLAND (PE),Canadian TSB,0,0
52637,2024-11-11,,"On 11 November 2024, the tanker ""AL REEM"", while under the conduct of a pilot, reported that the assisting tug ""ATLANTIC CEDAR"" collided with the vessel as it approached in Halifax Harbour, NS. The tanker was secured and the crew assessed the damages.",CLASS 5,NOVA SCOTIA (NS),Canadian TSB,0,0
52636,2024-11-09,,"On 09 November 2024, the Canadian Coast Guard Ship ""CAPT JACQUES CARTIER"" reported being disabled with a total engine failure causing a loss of propulsion NE of Strait of Belle Isle, NL. The crew was able to restart one engine and was later escorted to Botwood, NL by the Canadian Coast Guard Ship ""TELEOST"".",CLASS 5,NEWFOUNDLAND AND LABRADOR (NL),Canadian TSB,0,0
52635,2024-11-06,,"On 06 November 2024, the research vessel ""HELEN IRENE BATTLE"", reported issues with both propellers while on the St. Lawrence River in Quebec City, QC. The vessel returned to port to investigate the issue and make repairs. ",CLASS 5,QUEBEC (QC),Canadian TSB,0,0
52634,2024-11-07,,"On 07 November 2024, the bulk carrier ""PABUR"" reported their Chief Engineer sustained an injury while alongside in Vancouver, BC. The injured crew member was sent ashore for medical assistance.",CLASS 5,BRITISH COLUMBIA (BC),Canadian TSB,0,1
52633,2024-11-06,,"On 06 November 2024, the bulk carrier ""ALGOMA STRONGFIELD"" reported that it went aground while approaching the dock at Sarnia, ON, on the St. Claire River. The vessel refloated itself and proceeded to moor alongside where the crew inspected for damage. ",CLASS 5,ONTARIO (ON),Canadian TSB,0,0
52632,2024-11-04,,"On 04 November 2024, the fishing vessel ""ALIDA"", with 4 people on board, reported being disabled with steering issues and taking on water in Hecate Strait off Gillen Harbour, BC. The vessel was escorted into the harbour by the Canadian Coast Guard Ship ""FLORENCIA BAY"", and assisted for repairs.",CLASS 5,BRITISH COLUMBIA (BC),Canadian TSB,0,0
52631,2024-11-05,,"On 05 November 2024, the Canadian Coast Guard Ship ""CAPORAL KAEBLE V.C."" reported having sustained a total failure of one of its engines in the Saguenay River off Tadoussac, QC. The vessel proceeded to the harbour and was assisted with berthing by the Canadian Coast Guard Ship ""CAP TOURMENTE"".",CLASS 5,QUEBEC (QC),Canadian TSB,0,0
52630,2024-11-04,,"On 04 November 2024, the unmanned fishing vessel ""NORDIC SPIRIT"" struck a dock and the fishing vessel ""ORCA SPIRIT"" after its mooring lines parted in Victoria Harbour, BC. The vessel was towed and secured by the Canadian Coast Guard Ship ""CAPE KUPER""'.",CLASS 5,BRITISH COLUMBIA (BC),Canadian TSB,0,0
52629,2024-11-04,,"On 04 November 2024, the tug ""F.W. WRIGHT"", with 3 people on board and while pushing the barge ""DELCAT NO.4"", reported intermittent failures of its steering system in the Fraser River off Richmond, BC. The crew resolved the issue while underway.",CLASS 5,BRITISH COLUMBIA (BC),Canadian TSB,0,0
52628,2024-11-04,,"On 04 November 2024, the tanker ""BOREAL PIONEER"" reported dragging its anchor at Anchorage No. 29 in Chatham Sound, BC. A pilot was ordered and the vessel was repositioned and re-anchored.",CLASS 5,BRITISH COLUMBIA (BC),Canadian TSB,0,0
52627,2024-11-01,,"On 01 November 2024, an unnamed and unregistered log boat sank while secured in Ladysmith, BC. The vessel was removed from the water. ",CLASS 5,BRITISH COLUMBIA (BC),Canadian TSB,0,0
52626,2024-11-03,,"On 03 November 2024, the passenger vessel ""HAIDA GWAII HIGHLAND RANGER"", with 5 people on board, reported having sustained a total failure of its steering system in Hecate Strait off Sandspit, BC. The vessel was towed to Village of Daajing Giids, BC by the Canadian Coast Guard Ship ""CAPE MUDGE"" fast rescue craft.",CLASS 5,BRITISH COLUMBIA (BC),Canadian TSB,0,0
52625,2024-10-19,,"On 19 October 2024, the bulk carrier ""JOHN D. LEITCH"" reported having struck a mooring dolphin while berthing in Bath, ON. Once the vessel was secured, the crew lowered a punt and assessed the damages.",CLASS 5,ONTARIO (ON),Canadian TSB,0,0
52624,2024-11-01,,"On 01 November 2024, the ferry ""FELIX-ANTOINE-SAVARD"" reported having sustained a total failure of one of its steering systems in the Passage de l'Île aux Coudres, QC. The vessel proceeded to the wharf of L'Isle-aux-Coudres, QC for repairs.",CLASS 5,QUEBEC (QC),Canadian TSB,0,0
52623,2024-10-31,,"On 31 October 2024, the Canadian Coast Guard hovercraft ""SIYAY"" reported having sustained a total failure of its starboard engine while secured at the base of Sea Island, BC. The vessel remained alongside for repairs.",CLASS 5,BRITISH COLUMBIA (BC),Canadian TSB,0,0
52622,2024-10-31,,"On 31 October 2024, the ferry ""QUEEN OF SURREY"" reported having sustained a total failure of its forward propulsion in Howe Sound off Bowyer Island, BC. The vessel proceeded to Langdale, BC using its remaining propulsion system and the crew assessed the issue.",CLASS 5,BRITISH COLUMBIA (BC),Canadian TSB,0,0
52621,2024-10-31,,"On 31 October 2024, the fishing vessel ""NICK & ALISSA"", with 2 people on board, reported being disabled with a total engine failure in the vicinity of Shag Harbour, NS. The vessel was towed to West Head, NS by the Canadian Coast Guard Ship ""CHEDABUCTO BAY"".",CLASS 5,NOVA SCOTIA (NS),Canadian TSB,0,0
52620,2024-10-31,,"On 31 October 2024, the container ship ""MSC NADRIELY"", while under the conduct of a pilot and being assisted by two tugs for berthing, reported having sustained a total engine failure in Halifax Harbour, NS. A third tug was requested by the pilot and the manoeuvre was completed before the crew addressed the issue.",CLASS 5,NOVA SCOTIA (NS),Canadian TSB,0,0
52619,2024-10-30,,"On 30 October 2024, the fishing vessel ""C31336NL"" known as ""DAMARA DAWN"", with 3 people on board, reported being disabled with a total engine failure in White Bay off Fleur de Lys, NL. The vessel was towed into the harbour by a vessel of opportunity. ",CLASS 5,NEWFOUNDLAND AND LABRADOR (NL),Canadian TSB,0,0
52618,2024-10-30,,"On 30 October 2024, the fishing vessel ""BRANDON AND CAMERON"", with 4 people on board, was reported being disabled with a total failure of its steering system in the vicinity of St Pierre Bank, NL. The vessel was towed to Lawn, NL by the Canadian Coast Guard Ship ""BARRINGTON BAY"".",CLASS 5,NEWFOUNDLAND AND LABRADOR (NL),Canadian TSB,0,0
52617,2022-10-15,,"On 15 October 2022, an unregistered fishing vessel, with 2 people on board, was reported missing. The sunken vessel was found in Cockeram Lake, MB. After an extensive search both crew members were recovered and declared deceased.",CLASS 5,MANITOBA (MB),Canadian TSB,2,0
52616,2024-10-16,,"On 16 October 2024, the bulk carrier ""ALGOMA STRONGFIELD"" reported having sustained a total engine failure on Lake Superior off Whitefish Bay, MI, USA. The engine was stopped and the crew effected repairs while adrift. Once completed, the vessel resumed its voyage.",CLASS 5,Outside Provincial Boundaries,Canadian TSB,0,0
52615,2024-10-27,,"On 27 October 2024, the fishing vessel ""FUNDY TRAPPER II"", with 5 people on board, reported being disabled with a total failure of its electrical power supply system causing a loss propulsion in the Gulf of Maine off Westport, NS. The vessel was towed to Meteghan, NS by the Canadian Coast Guard Ship ""WESTPORT"".",CLASS 5,NOVA SCOTIA (NS),Canadian TSB,0,0
52614,2024-07-20,,"On 20 July 2024, a passenger on the Ferry ""FUNDY ROSE"", sustained an injury while coming alongside the Ferry Terminal in Digby, N.S. The passenger disembarked and was treated in hospital.",CLASS 5,NOVA SCOTIA (NS),Canadian TSB,0,1
52613,2024-10-26,,"On 26 October 2024, the crude oil tanker, ""CAP LARA"", sustained a fire in the engine room while discharging at the terminal in Lévis, QC.",CLASS 5,QUEBEC (QC),Canadian TSB,0,0
52612,2024-10-26,,"On 26 October 2024, the fishing vessel ""FINEST KIND II"", with 3 people on board, reported being disabled with a total engine failure in Cabot Strait, NS. The crew resolved the issue while adrift and proceeded to Salvage Harbour, NL.",CLASS 5,NOVA SCOTIA (NS),Canadian TSB,0,0
52611,2024-10-22,,"On 22 October 2024, the 24-foot workboat ""WEST FRONT CONSTRUCTION"" caught fire at the Cornwall Marina. The fire department extinguished the fire using foam.",CLASS 5,ONTARIO (ON),Canadian TSB,0,0
52610,2024-10-24,,"On 24 October 2024, the fishing vessel ""FINAL DECISION"", with 2 people on board, reported being disabled with a total engine failure off New Harbour, NS. The crew resolved the issue while waiting for assistance and proceeded into the harbour.",CLASS 5,NOVA SCOTIA (NS),Canadian TSB,0,0
52609,2024-09-29,,"On 29 September 2024, the Canadian Coast Guard workboat ""C32092NL"" known as ""CG280"", with 3 people on board, reported having made bottom contact in Chester Harbour, NS. The crew checked for damage, then completed their task. Once the workboat returned to the ""CAPE ROGER"" and once removed from the water, minor damage to the propulsion system was found.",CLASS 5,NOVA SCOTIA (NS),Canadian TSB,0,0
52608,2024-10-13,,"On 13 October 2024, the bulk carrier ""ROBERT S. PIERSON"" reported being disabled with a total failure of its steering system on Lake Superior off Whitefish Bay, MI, USA. The vessel was anchored to assess the issue. The crew lowered a workboat and found that the rudder was missing. The vessel was later towed to Superior, WI, USA for repairs.",CLASS 5,Outside Provincial Boundaries,Canadian TSB,0,0
52607,2024-10-10,,"On 10 October 2024, the tug ""ATLANTIC LARCH"", with 2 people on board, reported having sustained the explosion of a pressurized system in its engine room while secured in Saint John Harbour, NB. The crew assessed the damages and repairs were planned.",CLASS 5,NEW BRUNSWICK (NB),Canadian TSB,0,0
52606,2024-10-24,,"On 24 October 2024, the workboat ""C15211NB"", with 3 people on board, reported being disabled with mechanical issues in Bedford Basin, NS. The fishing vessel ""ALLEN CLIPPER"" assisted the workboat to resolve the issue, then both vessels resumed their operations.",CLASS 5,NOVA SCOTIA (NS),Canadian TSB,0,0
52605,2024-10-19,,"On 19 October 2024, the Canadian Coast Guard Ship ""CAP DE RABAST"" reported having fouled a chain holding a pontoon with its starboard propeller while manoeuvring in the marina of Saint-Laurent, QC. The crew verified the vessel's integrity and proceeded to a nearby wharf to meet with divers and free the propeller. The vessel later proceeded to Québec, QC for repairs.",CLASS 5,QUEBEC (QC),Canadian TSB,0,0
52604,2024-10-19,,"On 19 October 2024, the bulk carrier ""PERELIK"" reported a total engine failure causing a loss of propulsion while approaching the lock in Iroquois, ON. The main engine responded normally after a 2-minute delay and the manoeuvre was completed. The vessel anchored after exiting the lock, and the crew searched for the possible cause of the issue.",CLASS 5,ONTARIO (ON),Canadian TSB,0,0
52603,2024-10-18,,"On 18 October 2024, the passenger vessel ""SILVER SHADOW"", while under the conduct of a pilot, reported having experienced a close quarters situation with a recreational craft in the St. Lawrence River off Saint-Laurent, QC.",CLASS 5,QUEBEC (QC),Canadian TSB,0,0
52602,2024-10-18,,"On 18 October 2024, the Canadian Coast Guard Ship ""LOUIS S. ST-LAURENT"" struck the Canadian Coast Guard Ship ""DES GROSEILLIERS"" while approaching for a fuel transfer off Pond Inlet, NU. The ""LOUIS S. ST-LAURENT"" reported having sustained a total failure of its air bubbler system, used as a thruster at the time of the occurrence. Minor damages were assessed.",CLASS 5,NUNAVUT (NU),Canadian TSB,0,0
52601,2024-10-15,,"On 15 October 2024, the bulk carrier ""PUCK"", while preparing for berthing under the conduct of a pilot, reported having sustained a total engine failure in Port de Sorel, QC. The vessel was secured and the crew addressed the issue.",CLASS 5,QUEBEC (QC),Canadian TSB,0,0
52600,2024-10-21,,"On 21 October 2024, the fishing vessel ""IRISH REBEL"", with 4 people on board, reported being disabled with an oil leak in its engine room off Sable Island, NS. The vessel was anchored and later assisted by the Canadian Coast Guard Ship ""KOPIT HOPSON 1752"", with repairs and an oil refill. Once completed, the fishing vessel resumed its voyage.",CLASS 5,NOVA SCOTIA (NS),Canadian TSB,0,0
52599,2024-10-21,,"On 21 October 2024, the fishing vessel ""HUDSON & FINLEY"", with 2 people on board, reported taking on water with unserviceable bilge pumps at the mouth of Sheet Harbour, NS. The crew was able to restart 2 pumps while being towed into the harbour by a recreational craft.",CLASS 5,NOVA SCOTIA (NS),Canadian TSB,0,0
52598,2024-10-20,,"On 20 October 2024, the fishing vessel ""MORNING MIST X"", with 5 people on board, reported being disabled with a total failure of its fuel supply system in the Gulf of St. Lawrence off Stanhope, PE. The vessel was towed into the harbour by the Canadian Coast Guard auxiliary vessel ""MISTY BLUE WATERS"".",CLASS 5,PRINCE EDWARD ISLAND (PE),Canadian TSB,0,0
52597,2024-10-18,,"On 18 October 2024, the ferry ""RADISSON"" reported having struck its wharf after having sustained a total failure of its engine's bridge control system while berthing in Québec, QC. The vessel was secured, and the crew assisted the injured passengers and crew members while waiting for the ambulances. ",CLASS 3,QUEBEC (QC),Canadian TSB,0,5
52595,2024-10-18,,"On 18 October 2024, the fishing vessel ""FUNDY TRAPPER II"", with 4 people on board, reported being disabled with a total failure of its electrical power supply system causing a loss propulsion in the Gulf of Maine off Jonesport, ME, USA. The vessel was towed to Seal Cove, NB by the Canadian Coast Guard Ship ""WESTPORT"".",CLASS 5,Outside Provincial Boundaries,Canadian TSB,0,0
52594,2024-10-18,,"On 18 October 2024, the fishing vessel ""CHIEF STEPHEN J. GLOADE SR."", with 5 people on board, reported being disabled with a total engine failure in the Bay of Fundy off Litchfield, NS. The vessel was towed to Digby, NS by the Canadian Coast Guard Ship ""SAMBRO"".",CLASS 5,NOVA SCOTIA (NS),Canadian TSB,0,0
52590,2024-10-17,,"On 17 October 2024, the passenger vessel ""ENCHANTED PRINCESS"", while under the conduct of a pilot, reported having experienced a close quarters situation with the recreational craft ""HIGH RISE"" in Halifax Harbour, NS.",CLASS 5,NOVA SCOTIA (NS),Canadian TSB,0,0
52589,2024-10-10,,"On 10 October 2024, the workboat operated as a survey vessel ""NOVUS"", with 5 people on board, reported a generator fire in Baie des Chaleurs off Miscou, NB. The crew extinguished the fire and assessed the damages before resuming its voyage.",CLASS 5,NEW BRUNSWICK (NB),Canadian TSB,0,0
52588,2024-10-12,,"On 12 October 2024, the ferry ""COASTAL INSPIRATION"" reported having sustained a total engine failure while approaching its landing of Duke Point in Nanaimo, BC. The manoeuvre was aborted, and the issue was resolved before the vessel proceeded to the wharf.",CLASS 5,BRITISH COLUMBIA (BC),Canadian TSB,0,0
52587,2024-10-12,,"On 12 October 2024, the fishing vessel ""OCEAN RANGER"", with 3 people on board, reported having run aground in Skidegate Channel, BC. The vessel sustained damage and anchored to await assistance. It was later towed to Skidegate, BC by the Canadian Coast Guard Ship ""CAPE MUDGE"".",CLASS 5,BRITISH COLUMBIA (BC),Canadian TSB,0,0
52586,2024-10-10,,"On 10 October 2024, the fishing vessel ""SEAN TODD"", with 3 people on board, reported being disabled with a total failure of its steering system in the vicinity of Brooks Bay, BC. The vessel was towed to Winter Harbour, BC by the fishing vessel ""NERKA NO. 1"".",CLASS 5,BRITISH COLUMBIA (BC),Canadian TSB,0,0
52585,2024-10-06,,"On 06 October 2024, the unmanned fishing vessel ""CASSIAR 86"" sunk while secured in Prince Rupert, BC. Minor pollution was reported.",CLASS 5,BRITISH COLUMBIA (BC),Canadian TSB,0,0
52584,2024-10-04,,"On 04 October 2024, the passenger vessel ""MEDIC ONE"", with 2 paramedics on board, reported having sustained a total failure of one of its engines in Colborne Passage, BC. The 2 paramedics transferred to the passenger vessel ""GREAT WATERS"". As a precaution ""GREAT WATERS"" towed ""MEDIC ONE"" to Canoe Bay, BC for repairs. ",CLASS 5,BRITISH COLUMBIA (BC),Canadian TSB,0,0
52583,2024-10-10,,"On 10 October 2024, the fishing vessel ""C22166BC"" known as ""TRIPLE NINE"", with 2 people on board, reported having fouled its propeller in Port Elizabeth, BC. The vessel proceeded to Port McNeill, BC at a reduced speed to obtain assistance from divers.",CLASS 5,BRITISH COLUMBIA (BC),Canadian TSB,0,0
52582,2024-10-09,,"On 09 October 2024, the tanker ""PVT FLORA"", while under the conduct of a pilot and assisted by 2 tugs, reported being disabled after having sustained a total loss of propulsion in English Bay, BC. The vessel was towed to Anchorage U and the crew addressed the issue. ",CLASS 5,BRITISH COLUMBIA (BC),Canadian TSB,0,0
52580,2024-10-11,,"On 11 October 2024, the bulk carrier ""LOWLANDS ENGEL"", while under the conduct of a pilot and approaching its anchorage position, reported having experienced a close quarters situation with the sailing vessel ""EDEN"" in the St. Lawrence River off Sorel-Tracy, QC. ",CLASS 5,QUEBEC (QC),Canadian TSB,0,0
52579,2024-09-28,,"On 28 September 2024, the Canadian Coast Guard Ship ""JOHN P. TULLY"" reported having sustained an electrical fire while proceeding in Johnstone Strait off Port Neville, BC. The crew extinguished the fire and assessed the damage as minor. The vessel subsequently resumed its voyage. ",CLASS 5,BRITISH COLUMBIA (BC),Canadian TSB,0,0
52578,2024-10-08,,"On 08 October 2024, the Canadian Coast Guard workboat ""C36573NL"" known as ""CE 201"", with 1 person on board, reported having collided with a docked recreational craft while manoeuvering in the marina in Foxtrap, NL. The workboat was secured, and the crew assessed the damage.",CLASS 5,NEWFOUNDLAND AND LABRADOR (NL),Canadian TSB,0,0
52577,2024-10-10,,"On 10 October 2024, the fishing vessel ""AMANDA JILLIAN"", with 3 people on board, reported being disabled with a total failure of its engine's transmission at the mouth of Sydney Harbour, NS. The vessel was towed to South Bar, NS by the fishing vessel ""BARBARA JO"".",CLASS 5,NOVA SCOTIA (NS),Canadian TSB,0,0
52576,2024-10-06,,"On 06 October 2024, the tug ""HS HOOD"", with 1 person on board, reported a fire in its engine room while secured in Vancouver Harbour, BC. The fire, found to be from an electrical source, was extinguished with the assistance of multiple vessels and the local Fire Department.",CLASS 5,BRITISH COLUMBIA (BC),Canadian TSB,0,0
52575,2024-10-08,,"On 08 October 2024, the bulk carrier ""LMZ FRANCISCO"", while under the conduct of a pilot and approaching its anchorage position, reported having sustained a total failure of its astern propulsion in English Bay, BC. The vessel was anchored and the crew addressed the issue.",CLASS 5,BRITISH COLUMBIA (BC),Canadian TSB,0,0
52574,2024-10-05,,"On 05 October 2024, the unmanned fishing vessel ""EASTLAND"" sunk while secured in Prince Rupert, BC. Minor pollution was reported. The vessel was later removed from the water. ",CLASS 5,BRITISH COLUMBIA (BC),Canadian TSB,0,0
52573,2024-10-09,,"On 09 October 2024, the bulk carrier ""RIVER CONFIDENCE"", while under the conduct of a pilot, reported having struck a wharf while berthing in Vancouver Harbour, BC. Damage to the vessel and the port installations was reported.",CLASS 5,BRITISH COLUMBIA (BC),Canadian TSB,0,0
52572,2024-08-31,,"On 31 August 2024, the passenger vessel ""KONINGSDAM"", while secured alongside in Vancouver, BC, reported that its lifeboat had sustained damage after being struck by a shore crane. The crew assessed the damage and repairs were planned.",CLASS 5,BRITISH COLUMBIA (BC),Canadian TSB,0,0
52571,2024-09-19,,"On 19 September 2024, the Canadian Coast Guard auxiliary vessel ""C30251NU"" known as ""SAR 538"", with 2 people on board, reported having run aground on Todd Island in Simpson Strait, NU after having sustained the failure of one of its engines. The crew was rescued by the workboat ""DAVID THOMPSON"" and transported to Gjoa Haven, NU. The vessel was later reported missing. ",CLASS 5,NUNAVUT (NU),Canadian TSB,0,0
52570,2024-09-27,,"On 27 September 2024, the fishing vessel ""WRITTEN IN THE SAND"", with 3 people on board, was reported having run aground and taking on water in the vicinity of Bedeque Bay, PE. The vessel was refloated with the assistance of a local Canadian Coast Guard workboat and escorted alongside in Summerside, PE. See also M24A0352.",CLASS 5,PRINCE EDWARD ISLAND (PE),Canadian TSB,0,0
52570,2024-09-27,,"On 27 September 2024, the fishing vessel ""WRITTEN IN THE SAND"", with 3 people on board, was reported having run aground and taking on water in the vicinity of Bedeque Bay, PE. The vessel was refloated with the assistance of a local Canadian Coast Guard workboat and escorted alongside in Summerside, PE. See also M24A0352.",CLASS 5,PRINCE EDWARD ISLAND (PE),Canadian TSB,0,0
52569,2024-09-27,,"On 27 September 2024, the Canadian Coast Guard workboat ""C17389NS"", with 3 people on board, reported having made bottom contact while assisting the grounded fishing vessel ""WRITTEN IN THE SAND"" in the vicinity of Bedeque Bay, PE. The crew assessed for damages and resumed the refloating operation of the fishing vessel. See also M24A0353.",CLASS 5,PRINCE EDWARD ISLAND (PE),Canadian TSB,0,0
52569,2024-09-27,,"On 27 September 2024, the Canadian Coast Guard workboat ""C17389NS"", with 3 people on board, reported having made bottom contact while assisting the grounded fishing vessel ""WRITTEN IN THE SAND"" in the vicinity of Bedeque Bay, PE. The crew assessed for damages and resumed the refloating operation of the fishing vessel. See also M24A0353.",CLASS 5,PRINCE EDWARD ISLAND (PE),Canadian TSB,0,0
52568,2024-10-03,,"On 03 October 2024, the fishing vessel ""MISS KEIKO"" was reported grounded, with 2 people on board, in the vicinity of Port Hardy, BC. The crew were rescued by a local Canadian Coast Guard workboat. The vessel was later refloated and towed into the harbour where the owner assessed for damages.",CLASS 5,BRITISH COLUMBIA (BC),Canadian TSB,0,0
52567,2024-10-05,,"On 05 October 2024, the tanker ""CL VIRGINIA WOOLF"", while under the conduct of a pilot, reported having experienced a close quarters situation with the sailboat ""BOREAL BLUES"" in the St. Lawrence River off Île Saint-Ours, QC. ",CLASS 5,QUEBEC (QC),Canadian TSB,0,0
52566,2024-10-04,,"On 04 October 2024, the workboat ""C36790QC"" known as ""VIGILANCE"", with 2 people on board, reported being disabled with a broken rudder after having made bottom contact in the St. Lawrence River off Récif de l'Île Madame, QC. The vessel was towed to Québec, QC by the Canadian Coast Guard Ship ""CAP DE RABAST"".",CLASS 5,QUEBEC (QC),Canadian TSB,0,0
52565,2024-10-05,,"On 05 October 2024, the passenger vessel ""C17027QC"" known as ""EXPLORER 2"", with 11 people on board, reported being disabled with a total failure of its fuel supply system in the Gulf of St. Lawrence off Chéticamp, NS. The vessel was towed into the harbour by the Fisheries and Oceans Canada workboat ""C25483NB"".",CLASS 5,NEW BRUNSWICK (NB),Canadian TSB,0,0
52565,2024-10-05,,"On 05 October 2024, the passenger vessel ""C17027QC"" known as ""EXPLORER 2"", with 11 people on board, reported being disabled with a total failure of its fuel supply system in the Gulf of St. Lawrence off Chéticamp, NS. The vessel was towed into the harbour by the Fisheries and Oceans Canada workboat ""C25483NB"".",CLASS 5,NEW BRUNSWICK (NB),Canadian TSB,0,0
52564,2024-09-27,,"On 27 September 2024, the bulk carrier ""FEDERAL COLUMBIA"", reported having struck a wharf while berthing in Hamilton, ON. The vessel was secured alongside and the crew assessed the damages.",CLASS 5,ONTARIO (ON),Canadian TSB,0,0
52562,2024-08-22,,"On 22 August 2024, the police workboat ""C21787QC"" known as ""2B01"", with 3 people on board, reported having sustained a fire during a patrol in the St. Lawrence River off Québec, QC. The crew extinguished the fire and the vessel was towed to a nearby wharf by another police workboat. ",CLASS 5,QUEBEC (QC),Canadian TSB,0,0
52561,2024-10-03,,"On 03 October 2024, the fishing vessel ""RARIN TO GO III"", with 4 people on board, reported being disabled with a total engine failure off Clark's Harbour, NS. The vessel was towed to West Head, NS, by the Canadian Coast Guard Ship ""CHEDABUCTO BAY"".",CLASS 5,NOVA SCOTIA (NS),Canadian TSB,0,0
52560,2024-10-02,,"On 02 October 2024, the fishing vessel ""COLE & MORGAN"", with 5 people on board, reported being disabled with a fouled propeller in the vicinity of St. Pierre Bank, NL. The vessel was towed to Burgeo, NL by the Canadian Coast Guard Ship ""GABARUS BAY"".",CLASS 5,NEWFOUNDLAND AND LABRADOR (NL),Canadian TSB,0,0
52558,2024-10-01,,"On 01 October 2024, the unmanned workboat ""C14307BC"" sunk while secured in Maple Ridge, BC. Minor pollution was reported. ",CLASS 5,BRITISH COLUMBIA (BC),Canadian TSB,0,0
52557,2024-10-01,,"On 01 October 2024, the fishing vessel ""OCEAN SWELL X"", with 3 people on board, reported being disabled with a fouled propeller in the vicinity of St. Pierre Bank, NL. The vessel was towed to St. Lawrence, NL by the Canadian Coast Guard Ship ""BARRINGTON BAY"".",CLASS 5,NEWFOUNDLAND AND LABRADOR (NL),Canadian TSB,0,0
52556,2024-10-01,,"On 01 October 2024, the fishing vessel ""WESTERN LASS"", with 4 people on board, reported being disabled with a total engine failure in Arthur Passage, BC. The vessel was assisted by the fishing vessel ""FROSTI"", the pilot boat ""PACIFIC CHINOOK"" and the Canadian Coast Guard Ship ""MCINTYRE BAY"". The crew restarted the engine and the vessel resumed its voyage.",CLASS 5,BRITISH COLUMBIA (BC),Canadian TSB,0,0
52555,2024-09-29,,"On 29 September 2024, the fishing vessel ""PACIFIC VENTURE"", with 3 people on board, reported being disabled with a total failure of its fuel supply system in the vicinity of Nootka Sound, BC. The vessel was assisted by the tug ""ATLANTIC EAGLE"" and was later towed towards Tahsis, BC, by the Canadian Coast Guard Ship ""CAPE DAUPHIN"". The crew resolved the issue while the vessel was being towed and then resumed the voyage.",CLASS 5,BRITISH COLUMBIA (BC),Canadian TSB,0,0
52554,2024-09-30,,"On 30 September 2024, the fishing vessel ""ELORA JANE"", with 3 people on board, reported having run aground in Hecate Strait off Refuge Bay, BC. The vessel refloated with the high tide and was assisted to Prince Rupert, BC by the Canadian Coast Guard Ship ""GORDON REID""s fast rescue craft and the Canadian Coast Guard Ship ""MCINTYRE BAY"".",CLASS 5,BRITISH COLUMBIA (BC),Canadian TSB,0,0
52553,2024-09-26,,"On 26 September 2024, the bulk carrier ""ULTRA COUGAR"" reported dragging its anchor at Anchorage No. 26 in Chatham Sound, BC. A pilot was ordered and the vessel was repositioned and re-anchored, assisted by the tugs ""ATLANTIC RAVEN"" and ""SAAM CLYDE"".",CLASS 5,BRITISH COLUMBIA (BC),Canadian TSB,0,0
52552,2024-09-28,,"On 28 September 2024, the bulk carrier ""MAJORCA"", while under the conduct of a pilot, reported having sustained a total failure of its main engine starting air system causing a loss of propulsion in English Bay, BC. The crew resolved the issue while the vessel was adrift and the vessel then resumed its voyage.",CLASS 5,BRITISH COLUMBIA (BC),Canadian TSB,0,0
52550,2024-09-27,,"On 27 September 2024, the fishing vessel ""HELENA DAWN"", with 1 person on board, reported being disabled with a total engine failure in the vicinity of Prince Rupert Harbour, BC. The vessel was towed to a nearby wharf by the Canadian Coast Guard Ship ""MCINTYRE BAY"".",CLASS 5,BRITISH COLUMBIA (BC),Canadian TSB,0,0
52549,2024-09-30,,"On 30 September 2024, the crane barge ""PACIFIC LIFTER"" was reported having run aground while being towed by the tug ""MAIA H."" in Sarah Passage, BC. The barge sustained minor damages. It was refloated on the next tide and the tug and tow continued the voyage.",CLASS 5,BRITISH COLUMBIA (BC),Canadian TSB,0,0
52548,2024-09-30,,"On 30 September 2024, the fishing vessel ""ATLANTIC SEA CLIPPER"", with 3 people on board, reported being disabled with a total engine failure off Sambro, NS. The vessel was towed into the harbour by the Canadian Coast Guard Ship ""HARE BAY"".",CLASS 5,NOVA SCOTIA (NS),Canadian TSB,0,0
52547,2024-09-30,,"On 30 September 2024, the fishing vessel ""LUCAS '99"", with 2 people on board, reported being disabled in Northumberland Strait off Richibucto, NB. The vessel was towed into the harbour by the Canadian Coast Guard auxiliary vessel ""BREAKING WAVES 2022"".",CLASS 5,NEW BRUNSWICK (NB),Canadian TSB,0,0
52546,2024-09-01,,"On 01 September 2024, the passenger vessel ""C32870ON"" known as ""ART & WATER 1"", with 4 people on board, reported that a passenger fell overboard while boarding in Toronto Harbour, ON. The passenger was recovered from the water but disembarked due to a minor injury that occurred during the recovery.",CLASS 5,ONTARIO (ON),Canadian TSB,0,1
52545,2024-09-29,,"On 29 September 2024, the unregistered fishing vessel known as ""MARY & TRACAY 2"", with 2 people on board, reported being disabled with a total engine failure in St. Mary's Bay off Weymouth, NS. The vessel was towed to Saulnierville, NS by the Canadian Coast Guard Ship ""WESTPORT"".",CLASS 5,NOVA SCOTIA (NS),Canadian TSB,0,0
52544,2024-09-30,,"On 30 September 2024, the bulk carrier ""ALGOMA SAULT"" was reported to have struck the ship arrester wire between locks No. 4 and No. 5 in the Welland Canal, ON. The vessel was secured in lock No. 4 and the damage was assessed.",CLASS 5,ONTARIO (ON),Canadian TSB,0,0
52543,2024-09-29,,"On 29 September 2024, the tanker ""MINERVA CORALIA"", while under the conduct of a pilot, reported having experienced a close quarters situation with the sailing vessel ""FRIGOLET"" in the St. Lawrence River off Québec, QC. The tanker manoeuvered to avoid a collision.",CLASS 5,QUEBEC (QC),Canadian TSB,0,0
52542,2024-09-28,,"On 28 September 2024, the tanker ""FURE VITEN"", while under the conduct of a pilot, reported having experienced a close quarters situation with the sailing vessel ""ALTER EGO I"" in the St. Lawrence River off Sorel, QC. ",CLASS 5,QUEBEC (QC),Canadian TSB,0,0
52541,2024-09-27,,"On 27 September 2024, the fishing vessel ""ANGUTJUARQ"", with 7 people on board, was reported being disabled and towed by a canoe after having sustained a total failure of its engine's transmission in Hudson Strait off Digges Harbour, NU. The disabled vessel and its tow were assisted by the fishing vessel ""AMMAYA"" and by the Canadian Coast Guard auxiliary vessel ""IVUJIVIK"", which completed the tow to Ivujivik, QC.",CLASS 5,NUNAVUT (NU),Canadian TSB,0,0
52540,2024-09-26,,"On 26 September 2024, the Canadian Coast Guard Ship ""LEIM"" reported having sustained a total failure of its electrical system while secured alongside in Paspébiac, QC. Repairs were effected and the vessel resumed its operations.",CLASS 5,QUEBEC (QC),Canadian TSB,0,0
52539,2024-09-26,,"On 26 September 2024, the passenger vessel ""NORWEGIAN JOY"", while under the conduct of a pilot, reported having fouled its port azipod with a mooring line upon arrival in La Baie, QC. The vessel was secured and divers later freed the propeller.",CLASS 5,QUEBEC (QC),Canadian TSB,0,0
52538,2024-09-26,,"On 26 September 2024, the fishing vessel ""CAN-AM LOBSTER"", with 3 people on board, reported being disabled with a total failure of its steering system in Northumberland Strait, NB. The crew effected repairs while awaiting for assistance, and the vessel resumed its voyage.",CLASS 5,NEW BRUNSWICK (NB),Canadian TSB,0,0
52537,2024-09-11,,"On 11 September 2024, the fishing vessel ""ANNE RISLEY"", reported a crew member with a serious injury off the east coast of Nova Scotia in the vicinity of Banquereau, NS. The injured crew member was medevacked by helicopter to a hospital in Sydney, NS.",CLASS 5,NOVA SCOTIA (NS),Canadian TSB,0,1
52535,2024-09-19,,"On 19 September 2024, the tug ""ROBERTA JEAN"", with 1 person on board, reported being disabled with a total failure of its engine fuel supply system in the Strait of Georgia off Powell River, BC. The vessel was towed by the tug ""JERVIS COASTER"". ",CLASS 5,BRITISH COLUMBIA (BC),Canadian TSB,0,0
52534,2024-09-22,,"On 22 September 2024, the passenger vessel ""MAGIC CHARM"" reported having collided with a pleasure craft in Burrard Inlet, BC. The crews on each vessel assessed for damages and later resumed their voyages. ",CLASS 5,BRITISH COLUMBIA (BC),Canadian TSB,0,0
52534,2024-09-22,,"On 22 September 2024, the passenger vessel ""MAGIC CHARM"" reported having collided with a pleasure craft in Burrard Inlet, BC. The crews on each vessel assessed for damages and later resumed their voyages. ",CLASS 5,BRITISH COLUMBIA (BC),Canadian TSB,0,0
52533,2024-09-23,,"On 23 September 2024, the Canadian Coast Guard Ship ""CAPTAIN GODDARD M.S.M."", with 12 people on board, reported having sustained an electrical fire in its accommodations while secured in Prince Rupert, BC. The crew contained the fire and assessed the damages.",CLASS 5,BRITISH COLUMBIA (BC),Canadian TSB,0,0
52532,2024-09-20,,"On 20 September 2024, the bulk carrier ""BOGA INDAH"", while under the conduct of a pilot and being assisted by tugs for berthing, reported having sustained a total failure of its astern propulsion in Prince Rupert, BC. The vessel was secured and the crew addressed the issue.",CLASS 5,BRITISH COLUMBIA (BC),Canadian TSB,0,0
52532,2024-09-20,,"On 20 September 2024, the bulk carrier ""BOGA INDAH"", while under the conduct of a pilot and being assisted by tugs for berthing, reported having sustained a total failure of its astern propulsion in Prince Rupert, BC. The vessel was secured and the crew addressed the issue.",CLASS 5,BRITISH COLUMBIA (BC),Canadian TSB,0,0
52531,2024-09-22,,"On 22 September 2024, the fishing vessel ""ANNE RISLEY"" reported one of its crew members sustained a serious injury in the vicinity of the Grand Banks of Newfoundland, NL. The injured crew member was medevacked by helicopter to a hospital.",CLASS 5,NEWFOUNDLAND AND LABRADOR (NL),Canadian TSB,0,1
52530,2024-09-23,,"On 23 September 2024, the fishing vessel ""GEORGIE D"", with 7 people on board, reported being disabled with a total engine failure in the vicinity of Weymouth, NS. The crew was able to maneuver the vessel with human power to secure alongside. The request for assistance was then cancelled. ",CLASS 5,NOVA SCOTIA (NS),Canadian TSB,0,0
52529,2024-09-14,,"On 14 September 2024, the bulk carrier ""CSL ASSINIBOINE"" reported a crack in its No. 1 port ballast tank while secured in Superior, WI, USA. Temporary repairs were effected and the vessel resumed its operations.",CLASS 5,Outside Provincial Boundaries,Canadian TSB,0,0
52528,2024-09-19,,"On 19 September 2024, the fishing vessel ""SEA COW POND SKIPPER"", with 3 people on board, reported being disabled with a total failure of its steering system in the Strait of Northumberland off Miminegash, PE. The vessel was towed into the harbour by the fishing vessel ""CO$TAIN FOR COMFORT"".",CLASS 5,PRINCE EDWARD ISLAND (PE),Canadian TSB,0,0
52527,2024-09-18,,"On 18 September 2024, the workboat ""C28034QC"" known as ""OCEAN MALARD"", with 6 people on board, reported one person fell overboard while secured in Coteau-du-Lac, QC. The person was recovered from the water.",CLASS 5,QUEBEC (QC),Canadian TSB,0,0
52526,2024-09-21,,"On 21 September 2024, the bulk carrier ""FERBEC"", while under the conduct of a pilot, reported having experienced a close quarters situation with a pleasure craft off Sorel, QC. ",CLASS 5,QUEBEC (QC),Canadian TSB,0,0
52525,2024-09-21,,"On 21 September 2024, the tanker ""ATLANTIC SPIRIT"" reported that one of its crew members sustained an injury during the voyage. The vessel was secured to section No. 74 of Port de Montréal, QC and the injured crew member was transported to a hospital by ambulance.",CLASS 5,QUEBEC (QC),Canadian TSB,0,1
52524,2024-09-19,,"On 19 September 2024, the bulk carrier ""IRMA"", while under the conduct of a pilot, reported having sustained a total engine failure upon departure from section No. 72 in the Port de Montréal, QC. The vessel was anchored off Longueuil, QC, for repairs.",CLASS 5,QUEBEC (QC),Canadian TSB,0,0
52523,2024-09-20,,"On 20 September 2024, the fishing vessel ""GEORGIA & BROTHERS"", with 6 people on board, reported being disabled with a total failure of its main engine's transmission in Notre Dame Bay, NL. The vessel was towed to Bridgeport, NL by the Canadian Coast Guard Ship ""JEAN GOODWILL"".",CLASS 5,NEWFOUNDLAND AND LABRADOR (NL),Canadian TSB,0,0
52522,2024-09-19,,"On 19 September 2024, JRCC Halifax reported that the EPIRB for the fishing vessel “ATLANTIC SEA CLIPPER” was activated. The vessel, with 4 people on board, was located disabled off Shelburne, NS, with a total loss of electrical power to its bridge navigational aids. The vessel was towed to Sambro by the Canadian Coast Guard Ship “HARE BAY”. ",CLASS 5,NOVA SCOTIA (NS),Canadian TSB,0,0
52521,2024-09-05,,"On 05 September 2024, the ferry ""WILLIAM INGLIS"" reported having struck a mooring dolphin while berthing in Toronto, ON. Two crew members and 1 passenger sustained minor injuries and went to hospital. The crew assessed damage to the vessel.",CLASS 5,ONTARIO (ON),Canadian TSB,0,3
52520,2024-09-18,,"On 18 September 2024, the bulk carrier ""CAPTAIN HENRY JACKMAN"" reported having sustained a total engine failure causing a loss of propulsion in the St. Clair River, MI, USA. The vessel was anchored and the crew assessed the issue.",CLASS 5,Outside Provincial Boundaries,Canadian TSB,0,0
52519,2024-09-18,,"On 18 September 2024, the passenger vessel ""VOLENDAM"" reported that one of its crew members sustained a serious injury while in Northumberland Strait off West Cape, PE. The injured crew member was medevacked by the Canadian Coast Guard Ship ""CAP BRETON"" and transported to Shippagan, NB for medical assistance.",CLASS 5,PRINCE EDWARD ISLAND (PE),Canadian TSB,0,1
52518,2024-09-15,,"On 15 September 2024, the fishing vessel ""HIGH EXPECTATIONS 2021"", with 3 people on board, reported being disabled with a total engine faillure in the Gulf of St. Lawrence off Grande-Entrée, QC. The vessel was towed into the harbour by the Canadian Coast Guard  auxiliary vessel ""L'AMELIE JEAN"". ",CLASS 5,QUEBEC (QC),Canadian TSB,0,0
52517,2024-09-11,,"On 11 September 2024, the passenger vessel ""MERCURY XV"", with 2 people on board, reported having experienced a close quarters situation with the passenger vessel ""BURRARD PACIFIC BREEZE"" in Vancouver Harbour, BC. Both vessels manoeuvered to avoid a collision.",CLASS 5,BRITISH COLUMBIA (BC),Canadian TSB,0,0
52516,2024-09-12,,"On 12 September 2024, the fishing vessel ""ETANG NORTH DEVIL"", with 5 people on board, reported being disabled with a total engine failure in the Gulf of St. Lawrence off L'Étang-du-Nord, QC. The vessel was towed into the harbour by the Canadian Coast Guard auxiliary vessel ""LE FRANCINE"".",CLASS 5,QUEBEC (QC),Canadian TSB,0,0
52513,2024-09-13,,"On 13 September 2024, the tanker ""SOLAR CHERYL"", while under the conduct of a pilot, reported having experienced a close quarters situation with the pleasure craft ""FULL COOL"" near Section No. 74 in the Port de Montréal, QC.",CLASS 5,QUEBEC (QC),Canadian TSB,0,0
52512,2024-09-13,,"On 13 September 2024, the fishing vessel ""LADY TRACEY II"", with 4 people on board, reported being disabled with a total failure of its steering system in the Gulf of St. Lawrence off Grande-Entrée, QC. The vessel was towed to Pointe-Basse, QC by the Canadian Coast Guard Ship ""BAIE DE PLAISANCE"".",CLASS 5,QUEBEC (QC),Canadian TSB,0,0
52511,2024-09-16,,"On 16 September 2024, the Canadian Coast Guard Ship ""VINCENT MASSEY"" reported that a crew member was missing. At the time of the report, the vessel had just docked in St. John's, NL, after arriving from the Arctic. The crew member had last been seen the previous evening. Following an unsuccessful search on board, an extensive search was done along the NE coast of Newfoundland. The crew member was not found.",CLASS 5,NEWFOUNDLAND AND LABRADOR (NL),Canadian TSB,0,0
52510,2024-09-15,,"On 15 September 2024, the roll-on/roll-off passenger ferry ""CONFEDERATION,"" with 158 people on board, struck the dock while approaching Wood Islands, PE. It was found that the propulsion system on the end closest to the dock was declutched. The strike damaged the Wood Islands bow. The vessel offloaded from the undamaged end. No injuries or pollution were reported.",CLASS 5,PRINCE EDWARD ISLAND (PE),Canadian TSB,0,0
52509,2024-09-16,,"On 16 September 2024, the fishing vessel ""IT'S ALL GOOD"", with 2 people on board, reported being disabled with a total engine failure off St. John's, NL. The vessel was towed to Quidi Vidi Harbour, NL by the vessel ""EMMA B."".",CLASS 5,NEWFOUNDLAND AND LABRADOR (NL),Canadian TSB,0,0
52508,2024-09-13,,"On 13 September 2024, the tug ""WHISPERING SEA II"", with 4 people on board and while towing the barge ""T.K.L. NO.I"", reported being disabled with a total engine failure off Spry Harbour, NS. The vessel and its barge were towed to Sheet Harbour, NS by the Canadian Coast Guard Ship ""CHIGNECTO BAY"" and the tug ""LENA",CLASS 5,NOVA SCOTIA (NS),Canadian TSB,0,0
52507,2024-09-13,,"On 13 September 2024, the bulk carrier ""ALGOMA INTEGRITY"" reported having experienced a close quarters situation with passenger tenders of the ""EMERALD PRINCESS"" in Halifax Harbour, NS.",CLASS 5,NOVA SCOTIA (NS),Canadian TSB,0,0
52506,2024-09-13,,"On 13 September 2024, the fishing vessel ""SERENITY 2000"", with 4 people on board, reported being disabled with a total engine failure in Northumberland Strait off Summerside, PE. The vessel was towed into the harbour by the Canadian Coast Guard Ship ""CAP NORD"".",CLASS 5,PRINCE EDWARD ISLAND (PE),Canadian TSB,0,0
52505,2024-09-12,,"On 12 September 2024, the fishing vessel ""OTHER SIDE"", with 3 people on board, reported being disabled with a total engine failure in Tofino Inlet, BC. The vessel was anchored while awaiting for assistance, and was later towed to Tofino, BC by the Canadian Coast Guard Ship ""CAPE ANN"".",CLASS 5,BRITISH COLUMBIA (BC),Canadian TSB,0,0
52502,2024-09-13,,"On 13 September 2024, the fishing vessel ""HARRY & WAYNE"", with 5 people on board, reported being disabled with a total failure of its fuel supply system in the Gulf of Maine off Yarmouth, NS. The crew made repairs while waiting for assistance and the vessel was escorted to Meteghan, NS by the Canadian Coast Guard Ship ""WESTPORT"".",CLASS 5,NOVA SCOTIA (NS),Canadian TSB,0,0
52501,2024-09-03,,"On 03 September 2024, the fishing vessel ""L'AMBROSE"", with 2 people on board, reported being disabled with a total failure of its fuel supply system in Baie des Chaleurs off Caraquet, NB. The vessel was towed into the harbour by the Canadian Coast Guard Ship ""CAP BRETON"". See also M24A0319.",CLASS 5,NEW BRUNSWICK (NB),Canadian TSB,0,0
52500,2024-09-12,,"On 12 September 2024, the fishing vessel ""C27464NL"" known as ""LEONARDS CHOICE"", with 4 people on board, reported being disabled with a fouled propeller in the vicinity of St. Pierre Bank, NL. The vessel was towed to Fortune, NL by the Canadian Coast Guard Ship ""BARRINGTON BAY"".",CLASS 5,NEWFOUNDLAND AND LABRADOR (NL),Canadian TSB,0,0
52498,2024-09-10,,"On 10 September 2024, the cargo vessel ""COSCO PIRAEUS"", while under the conduct of a pilot, reported having experienced a close quarters situation with the fishing vessel ""OCEAN RANGER"" in the Strait of Georgia off Richmond, BC.",CLASS 5,BRITISH COLUMBIA (BC),Canadian TSB,0,0
52497,2024-08-30,,"On 30 August 2024, the tug ""SAAM PRIDE"", with 2 people on board, reported having struck a wharf upon departure from Port McNeill, BC. Damages were assessed.",CLASS 5,BRITISH COLUMBIA (BC),Canadian TSB,0,0
52496,2024-09-11,,"On 11 September 2024, the fishing vessel ""CATALINA COMMANDER"", with 3 people on board, reported being disabled with a fire on board while in the Gulf of Maine off Yarmouth, NS. The crew members donned immersion suits and abandoned the vessel in a life raft. They crew was later rescued by the fishing vessel ""JENNA ROSANNE"" then transported by the Canadian Coast Guard Ship ""CHEDABUCTO BAY"" to Pubnico, NS.",CLASS 5,NOVA SCOTIA (NS),Canadian TSB,0,0
52495,2024-09-10,,"On 10 September 2024, the fishing vessel ""RYAN AND GIRLS"", with 6 people on board, reported being disabled with a total engine failure in the vicinity of St. Pierre Bank, NL. The crew resolved the issue while awaiting assistance and the vessel resumed its voyage.",CLASS 5,NEWFOUNDLAND AND LABRADOR (NL),Canadian TSB,0,0
52494,2024-09-08,,"On 08 September 2024, the fishing vessel ""SEAMAN'S TOY I"", with 3 people on board, reported being disabled with a total failure of its steering system in Sambro Harbour, NS. The vessel was anchored while awaiting assistance and was later towed into the harbour by the Canadian Coast Guard Ship ""HARE BAY"".",CLASS 5,NOVA SCOTIA (NS),Canadian TSB,0,0
52493,2024-09-06,,"On 06 September 2024, the fishing vessel ""R.2. D.2"", with 2 people on board, reported being disabled with a total failure of its propulsion system in the vicinity of St. Pierre Bank, NL. The vessel was towed to Fortune, NL by the Canadian Coast Guard Ship ""BARRINGTON BAY"".",CLASS 5,NEWFOUNDLAND AND LABRADOR (NL),Canadian TSB,0,0
52492,2024-09-07,,"On 07 September 2024, the tug ""ALISON NICOLE I"" reported having experienced a close quarters situation with an unidentified seaplane in Vancouver Harbour, BC. The tug maneuvered to avoid a collision.",CLASS 5,BRITISH COLUMBIA (BC),Canadian TSB,0,0
52491,2024-09-06,,"On 06 September 2024, the bulk carrier ""ARETI.GR"", while under the conduct of a pilot, reported having struck shore-side equipment while berthing in Port Moody, BC. The vessel was secured, and damages were assessed.",CLASS 5,BRITISH COLUMBIA (BC),Canadian TSB,0,0
52490,2024-09-07,,"On 07 September 2024, the tug ""NOLA GAIL"", with 10 people on board and while towing a barge, reported being disabled with a total failure of its steering system in Johnstone Strait, BC. The vessel and its barge were towed to Bellingham, WA, US by the tug ""CAPT. CAE"".",CLASS 5,BRITISH COLUMBIA (BC),Canadian TSB,0,0
52489,2024-09-07,,"On 07 September 2024, the Canadian Coast Guard Ship ""GRIFFON"", with 30 people on board, reported having made bottom contact while servicing a buoy in Long Point Bay, ON. The crew verified the vessel's integrity and resumed operations.",CLASS 5,ONTARIO (ON),Canadian TSB,0,0
52488,2024-09-07,,"On 07 September 2024, the Canadian Coast Guard Ship ""CAP-AUX-MEULES"" reported having sustained an electrical fire in its engine room while secured in Rivière-au-Renard, QC. The crew extinguished the fire and assessed the damages.",CLASS 5,QUEBEC (QC),Canadian TSB,0,0
52487,2024-09-08,,"On 08 September 2024, the ferry ""DIDACE-GUEVREMONT"" reported having sustained a total failure of one of its engines cooling system while secured in Sorel, QC. The vessel remained alongside for repairs.",CLASS 5,QUEBEC (QC),Canadian TSB,0,0
52485,2024-09-04,,"On 04 September 2024, the fishing vessel ""MARBRISA"", with 2 people on board, reported having run aground and taking on water at the mouth of Nass River, BC. A Royal Canadian Marine Search and Rescue workboat secured the vessel to the shore and transported its 2 crew members to Gingolx, BC. ",CLASS 5,BRITISH COLUMBIA (BC),Canadian TSB,0,0
52484,2024-09-05,,"On 05 September 2024, the ferry ""SPIRIT OF BRITISH COLUMBIA"" reported having experienced a close quarters situation with the fishing vessel ""LISA JOY C."" in Active Pass, BC. The ferry used sound signals and manoeuvered to avoid a collision.",CLASS 5,BRITISH COLUMBIA (BC),Canadian TSB,0,0
52483,2024-09-05,,"On 05 September 2024, the bulk carrier ""KSL SALVADOR"" reported having sustained a total failure of its main engine in the St. Lawrence River off Sept-Îles, QC. The crew effected repairs while adrift. ",CLASS 5,QUEBEC (QC),Canadian TSB,0,0
52482,2024-09-04,,"On 04 September 2024, while under the conduct of a pilot, the cargo vessel ""UMIAK I"" and the tug ""OCEAN BRAVO"" collided during the berthing manoeuvre at section No. 19 of Trois-Rivières, QC. The vessels were secured and the crew on both vessels assessed the damages.",CLASS 5,QUEBEC (QC),Canadian TSB,0,0
52481,2024-07-16,,"On 16 July 2024, the tug ""QUADRANT PARTNER"", while towing the barge ""KA'ALA"", reported having sustained a total failure of one of its engines causing the barge to make bottom contact in the Fraser River off Richmond, BC. The vessel regained power and resumed its voyage.",CLASS 5,BRITISH COLUMBIA (BC),Canadian TSB,0,0
52480,2024-09-03,,"On 03 September 2024, the Canadian Coast Guard Ship ""CAP BRETON"", with 4 people on board, reported having collided with the disabled fishing vessel ""L'AMBROSE"" while towing it and approaching Caraquet Harbour, NB. The towing operation was completed and the crew on both vessels assessed the damages.",CLASS 5,NEW BRUNSWICK (NB),Canadian TSB,0,0
52479,2024-08-31,,"On 31 August 2024, the container ship ""CMA CGM A. LINCOLN"", while under the conduct of a pilot and assisted by 3 tugs for berthing, reported having sustained a total engine failure in Halifax Harbour, NS. An additional tug was ordered and the vessel was secured. The crew then addressed the issue.",CLASS 5,NOVA SCOTIA (NS),Canadian TSB,0,0
52478,2024-08-27,,"On 27 August 2024, the fishing vessel ""C23470BC"" known as ""POINT OSE"", with 3 people on board, reported having sustained a total engine failure in Blackfish Sound, BC. The vessel was towed to Beaver Cove, BC by a commercial towing vessel.",CLASS 5,BRITISH COLUMBIA (BC),Canadian TSB,0,0
52477,2024-08-27,,"On 27 August 2024, the bulk carrier ""SIDARI"" reported that one of its crew members was physically incapacitated while the vessel was proceeding in Stuart Channel, BC. Multiple search and rescue units provided assistance, and the incapacitated crew member was medevacked by the Canadian Coast Guard Ship ""SIYAY"".",CLASS 5,BRITISH COLUMBIA (BC),Canadian TSB,0,1
52476,2024-09-02,,"On 02 September 2024, the fishing vessel ""K.F.K.Y."", operating as ""SASQUATCH II"", reported being disabled with a total engine failure in Northumberland Strait off Richibucto, NB. The vessel anchored while waiting for assistance and was later towed into the harbour by the Canadian Coast Guard auxiliary vessel ""BREAKING WAVES 2022"".",CLASS 5,NEW BRUNSWICK (NB),Canadian TSB,0,0
52475,2024-09-03,,"On 03 September 2024, the ferry ""QUEEN OF NEW WESTMINSTER"" reported having sustained a total failure of its propulsion system while berthing in Swartz Bay, BC. The vessel was secured alongside and the crew made arrangements for repairs.",CLASS 5,BRITISH COLUMBIA (BC),Canadian TSB,0,0
52474,2024-09-01,,"On 01 September 2024, the fishing vessel ""OCEAN SWELL"", with 3 people on board, reported being disabled with a total failure of its steering system in the Gulf of Maine off Clarks Harbour, NS. The vessel was towed to Lower West Pubnico, NS by the Canadian Coast Guard Ship ""KOPIT HOPSON 1752"".",CLASS 5,NOVA SCOTIA (NS),Canadian TSB,0,0
52473,2024-08-31,,"On 31 August 2024, the fishing vessel ""ISLAND ALLSTAR"", with 5 people on board, reported being disabled with a total engine failure in the vicinity of Sable Island Bank, NS. The vessel was towed to Woods Harbour, NS by a vessel of opportunity, and assisted for berthing by the Canadian Coast Guard fast rescue craft from Clarks Harbour, NS. ",CLASS 5,NOVA SCOTIA (NS),Canadian TSB,0,0
52472,2024-08-31,,"On 31 August 2024, the fishing vessel ""ANGELA O"", with 3 people on board, reported being disabled with a total engine failure off Clarks Harbour, NS. The vessel was towed to Lower West Pubnico, NS by the Canadian Coast Guard Ship ""CHEDABUCTO BAY"".",CLASS 5,NOVA SCOTIA (NS),Canadian TSB,0,0
52471,2024-08-30,,"On 30 August 2024, the fishing vessel ""SERENITY 2000"", with 3 people on board, reported being disabled with a total failure of its transmission in Bedeque Bay, PE. The vessel was towed to Summerside, PE by the local Canadian Coast Guard fast rescue craft.",CLASS 5,PRINCE EDWARD ISLAND (PE),Canadian TSB,0,0
52470,2024-08-30,,"On 30 August 2024, the passenger vessel ""C00560QC"" known as ""HARBOUR HOPPER 1"", with 42 people on board, reported being disabled with a total failure of its propulsion system in Halifax Harbour, NS. The vessel was towed to a nearby wharf by a local Canadian Coast Guard Inshore Rescue Boat and was taken out of the water for repairs.",CLASS 5,NOVA SCOTIA (NS),Canadian TSB,0,0
52469,2024-08-30,,"On 30 August 2024, the fishing vessel ""MISS MANON"", with 4 people on board, reported being disabled in Northumberland Strait off Richibucto, NB. The crew resolved the issue while awaiting for assistance, and the vessel resumed its operations.",CLASS 5,NEW BRUNSWICK (NB),Canadian TSB,0,0
52467,2024-09-02,,"On 02 September 2024, the bulk carrier ""ID PIONEER"", while under the conduct of a pilot, reported having sustained a total engine failure upon departure from an anchorage off Lanoraie, QC. The vessel was re-anchored and the crew assessed the issue.",CLASS 5,QUEBEC (QC),Canadian TSB,0,0
52466,2024-08-30,,"On 30 August 2024, the bulk carrier ""SUPREME VALOR"", while under the conduct of a pilot, reported being disabled after having sustained a total failure of its electrical power supply system causing a loss of propulsion in Vancouver Harbour, BC. The vessel was towed to Anchorage C and the crew resolved the issue while underway.",CLASS 5,BRITISH COLUMBIA (BC),Canadian TSB,0,0
52465,2024-08-22,,"On 22 August 2024, the tug ""BVO"", with 2 people on board, reported having made bottom contact in Stuart Channel off Mudge Island, BC. The vessel proceeded to Nanaimo, BC to meet with divers.",CLASS 5,BRITISH COLUMBIA (BC),Canadian TSB,0,0
52464,2024-08-27,,"On 27 August 2024, the fishing vessel ""MICHELLE ROSE"", with 3 people on board, reported being disabled with a total engine failure in Queen Charlotte Strait off Allison Harbour, BC. The vessel was towed to Port Hardy, BC by a vessel of opportunity.",CLASS 5,BRITISH COLUMBIA (BC),Canadian TSB,0,0
52463,2024-08-15,,"On 15 August 2024, the workboat ""C32541BC"" known as ""SHAMROCK"" collided with a US pleasure craft in the Imperial Eagle Channel, BC. Both crew assessed the damages and resumed their voyages.",CLASS 5,BRITISH COLUMBIA (BC),Canadian TSB,0,0
52462,2024-08-28,,"On 28 August 2024, the passenger ship ""VISION OF THE SEAS"" reported having sustained a total failure of its electrical power supply system causing a loss of propulsion while approaching Halifax Harbour, NS. The propulsion was restored and the vessel resumed its voyage. ",CLASS 5,NOVA SCOTIA (NS),Canadian TSB,0,0
52461,2024-08-26,,"On 26 August 2024, the fishing vessel ""ATLANTIC SEA CLIPPER"", with 3 people on board, reported being disabled with a fouled propeller in the vicinity of Sable Island, NS. The vessel was towed to Sambro, NS by the Canadian Coast Guard Ship ""HARE BAY"".",CLASS 5,NOVA SCOTIA (NS),Canadian TSB,0,0
52460,2024-08-25,,"On 25 August 2024, the cargo vessel ""PAN TOPAZ"", while under the conduct of a pilot and being assisted by tugs for berthing, reported having sustained a total failure of its astern propulsion in Vancouver Harbour, BC. The vessel was secured and the crew addressed the issue.",CLASS 5,BRITISH COLUMBIA (BC),Canadian TSB,0,0
52459,2024-08-25,,"On 25 August 2024, the fishing vessel ""DAUPHIN III"", with 6 people on board, reported being disabled by a total engine failure in the Gulf of St. Lawrence off La Romaine, QC. The vessel was towed to Rivière-au-Renard, QC, by the Canadian Coast Guard Ship ""CAP AUPALUK"" and by the fishing vessel ""YOHAN MIRJA"".",CLASS 5,QUEBEC (QC),Canadian TSB,0,0
52458,2024-08-24,,"On 24 August 2024, the container ship ""OCEANEX CONNAIGRA"", while under the conduct of a pilot, reported having experienced a close quarters situation with the pleasure craft ""WINDSONG"" in the St. Lawrence River off Varennes, QC.  The container ship manoeuvered to avoid a collision.",CLASS 5,QUEBEC (QC),Canadian TSB,0,0
52457,2024-08-24,,"On 24 August 2024, the bulk carrier ""TIM S. DOOL"", while under the conduct of a pilot, reported having experienced a close quarters situation with the sailing vessel ""FRANCOIS 1ER"" in the St. Lawrence River off Sainte-Pétronille, QC.",CLASS 5,QUEBEC (QC),Canadian TSB,0,0
52456,2024-07-29,,"On 29 July 2024, the tug ""BURLINGTON BAY"", while pushing an unregistered tug with 2 people on board, reported its barge struck a rail bridge in the Fraser River off Queensborough, BC. The vessel proceeded to a nearby wharf and the crew assessed the damages.",CLASS 5,BRITISH COLUMBIA (BC),Canadian TSB,0,0
52455,2024-08-23,,"On 23 August 2024, the fishing vessel ""INDIAN LADY"", with 3 people on board, reported being disabled with a total engine failure in the vicinity of St. Lunaire-Griquet, NL. The crew resolved the issue while awaiting assistance and the vessel resumed its operations.",CLASS 5,NEWFOUNDLAND AND LABRADOR (NL),Canadian TSB,0,0
52454,2024-08-22,,"On 22 August 2024, the cargo vessel ""HEEMSKERKGRACHT"", while under the conduct of a pilot, reported having run aground following a loss of propulsion in the Canal de la Rive Sud off Kahnawake, QC. The vessel was anchored while awaiting assistance and was later refloated and towed to Côte-Sainte-Catherine, QC.",CLASS 3,QUEBEC (QC),Canadian TSB,0,0
52453,2024-08-17,,"On 17 August 2024, the cable ferry ""NEEDLES"", with 20 people on board, reported having struck the wharf while berthing in Needles on Lower Arrow Lake, BC. The vessel was secured and the passengers were disembarked before the crew assessed the damages.",CLASS 5,BRITISH COLUMBIA (BC),Canadian TSB,0,0
52452,2024-08-21,,"On 21 August 2024, the fishing vessel ""ELUSIVE DESTINY"", with 2 people on board, reported being disabled with a total engine failure off the west coast of Haida Gwaii, BC. The vessel was towed to Masset, BC by the tug ""ATLANTIC EAGLE"" and by a Royal Canadian Marine Search and Rescue workboat. ",CLASS 5,BRITISH COLUMBIA (BC),Canadian TSB,0,0
52451,2024-08-22,,"On 22 August 2024, the passenger vessel ""ZAANDAM"" reported having sustained a total failure of one of its engines in Johnstone Strait off Thurlow, BC. The vessel resumed its voyage using its remaining engine. ",CLASS 5,BRITISH COLUMBIA (BC),Canadian TSB,0,0
52450,2024-08-21,,"On 21 August 2024, the United States Coast Guard Ship ""ANTHONY PETIT"" reported having sustained a total failure of one of its engines in Finlayson Channel off Klemtu, BC. The issue was resolved while underway and the vessel resumed its operations.",CLASS 5,BRITISH COLUMBIA (BC),Canadian TSB,0,0
52449,2024-06-13,,"On 13 June 2024, the workboat ""C20435ON"", belonging to the Canadian Coast Guard Ship ""PRIVATE ROBERTSON"", with 3 people on board, reported having run aground while proceeding in The Narrows off Rigolet, NL. The workboat freed itself and returned to the ""PRIVATE ROBERTSON"" where the crew assessed the damages.",CLASS 5,NEWFOUNDLAND AND LABRADOR (NL),Canadian TSB,0,0
52448,2024-08-21,,"On 21 August 2024, the bulk carrier ""RT. HON. PAUL J. MARTIN"" reported a crack in its No. 1 port ballast tank while secured in Québec, QC. The vessel proceeded to Montréal, QC and the crew conducted repairs while underway.",CLASS 5,QUEBEC (QC),Canadian TSB,0,0
52447,2024-08-21,,"On 21 August 2024, the bulk carrier ""SHOVELER"", while under the conduct of a pilot, reported having sustained a total failure of its electrical power supply system causing a loss of propulsion upon arrival at an anchorage off Pointe-aux-Trembles, QC. The vessel was anchored and the crew assessed the issue.",CLASS 5,QUEBEC (QC),Canadian TSB,0,0
52446,2024-08-15,,"On 15 August 2024, the Canadian Coast Guard Inshore Rescue Boat ""C29046NS"", with 3 people on board, reported having made bottom contact in Musquodoboit River, NS. The crew assessed the damage and the vessel proceeded to Dartmouth, NS for repairs.",CLASS 5,NOVA SCOTIA (NS),Canadian TSB,0,0
52445,2024-08-21,,"On 21 August 2024, the fishing vessel ""BUD'S BOY"", with 2 people on board, reported being disabled with a total failure of its propulsion system off Yarmouth, NS. The vessel was anchored while awaiting assistance and was later towed to West Head, NS, by the Canadian Coast Guard Ship ""CHEDABUCTO BAY"". ",CLASS 5,NOVA SCOTIA (NS),Canadian TSB,0,0
52444,2024-08-17,,"On 17 August 2024, the ferry ""GALLIPOLI"", with 13 people on board, reported being disabled after having sustained a total failure of its electrical power supply system causing a loss of propulsion upon departure from Burgeo, NL. The vessel was anchored to prevent its grounding and the crew assessed the issue. Once the propulsion restored, the vessel was escorted to its wharf by the Canadian Coast Guard Ship ""GABARUS BAY"".",CLASS 5,NEWFOUNDLAND AND LABRADOR (NL),Canadian TSB,0,0
52443,2024-08-16,,"On 16 August 2024, the unregistered fishing vessel known as ""SEA WOLF"", with 3 people on board, was reported having sustained an explosion and subsequent fire while secured near Big Tusket Island, NS. All 3 crew members were projected overboard by the force of the explosion and swam ashore. They then cut the burning vessel free of its mooring lines. All 3 crew members sustained minor injuries and were transported to a hospital. A navigational warning was issued.",CLASS 5,NOVA SCOTIA (NS),Canadian TSB,0,3
52441,2024-08-19,,"On 19 August 2024, the bulk carrier ""CSL LAURENTIEN"" reported a small ingress of water due to a crack found in one of its starboard ballast tanks in St. Marys River, MI, USA. The vessel proceeded to Nanticoke, ON to unload its cargo, and once completed, proceeded to Port Colborne, ON for repairs.",CLASS 5,Outside Provincial Boundaries,Canadian TSB,0,0
52440,2024-08-19,,"On 19 August 2024, the tanker ""DA HUA SHAN"", while under the conduct of a pilot, reported having sustained a total failure of its main engine's starting air system while anchored in the St. Lawrence River off Pointe-aux-Trembles, QC. The vessel remained anchored for repairs.",CLASS 5,QUEBEC (QC),Canadian TSB,0,0
52439,2024-08-21,,"On 21 August 2024, the cable ferry ""FRONTENAC HOWE ISLANDER"" reported having sustained a total failure of its electrical power supply system while secured in Pitts Ferry, ON. The crew effected repairs and the vessel resumed its operations.",CLASS 5,ONTARIO (ON),Canadian TSB,0,0
52438,2024-08-17,,"On 17 August 2024, the passenger vessel ""CETACEAN DEFENDER"", with 13 people on board, reported being disabled with a total engine failure in St. Marys Bay, NS. The vessel was towed to Westport, NS by the Canadian Coast Guard Ship ""WESTPORT"".",CLASS 5,NOVA SCOTIA (NS),Canadian TSB,0,0
52437,2024-08-15,,"On 15 August 2024, the fishing vessel ""PAPA'S DEVILS"", with 4 people on board, reported being disabled with a total engine failure in the vicinity of Browns Bank off Clark's Harbour, NS. The vessel was towed to Shelburne, NS by the Canadian Coast Guard Ship ""CHEDABUCTO BAY"".",CLASS 5,NOVA SCOTIA (NS),Canadian TSB,0,0
52436,2024-08-20,,"On 20 August 2024, the bulk carrier ""MIEDWIE"", while under the conduct of a pilot, reported having experienced a close quarters situation with the Canadian Coast Guard Ship ""GROSWATER BAY"" on Lac Saint-Pierre, QC.",CLASS 5,QUEBEC (QC),Canadian TSB,0,0
52435,2024-08-19,,"On 19 August 2024, the fishing vessel ""PROSPERITY I"", with 2 people on board, reported being disabled with a total failure of its steering system in the vicinity of Prince Rupert Harbour, BC. The vessel was towed to a nearby wharf by the Canadian Coast Guard Ship ""FLORENCIA BAY"".",CLASS 5,BRITISH COLUMBIA (BC),Canadian TSB,0,0
52434,2024-08-17,,"On 17 August 2024, the fishing vessel ""NORTHERN HUNTER"", with 1 person on board, reported having collided with a kayak causing its occupant to fall overboard in the vicinity of Lax Kw'alaams, BC. The fishing vessel rescued the kayakist from the water and proceeded to a nearby wharf to meet with the local Fire Department First Responders.",CLASS 5,BRITISH COLUMBIA (BC),Canadian TSB,0,0
52432,2024-08-17,,"On 17 August 2024, the passenger ship ""NOORDAM"", while under the conduct of 2 pilots, reported having experienced a close quarters situation with the passenger vessel ""CELEBRITY SOLSTICE"" while proceeding in Queen Charlotte Sound, BC.",CLASS 5,BRITISH COLUMBIA (BC),Canadian TSB,0,0
52430,2024-07-22,,"On 22 July 2024, the tug ""OCEAN TAIGA"", with 7 people on board, reported having collided with a piece of ice in the vicinity of Melville Bay, Denmark. The crew assessed the damage and the vessel resumed its voyage.",CLASS 5,Outside Provincial Boundaries,Canadian TSB,0,0
52429,2024-08-17,,"On 17 August 2024, the ferry ""ALEXANDRINA-CHALIFOUX"" reported having sustained a total failure of one of its engine's cooling system in the St. Lawrence River off Sorel, QC. The vessel was anchored and the crew assessed the issue.",CLASS 5,QUEBEC (QC),Canadian TSB,0,0
52428,2024-08-16,,"On 16 August 2024, the United States Coast Guard Ship ""ELM"" reported being adrift after having sustained a total failure of its electrical power supply system causing a loss of propulsion in Dixon Entrance off Masset, BC. The crew effected repairs and the vessel resumed its voyage.",CLASS 5,BRITISH COLUMBIA (BC),Canadian TSB,0,0
52427,2024-08-16,,"On 16 August 2024, the tug ""INLET KNIGHT"", while towing a log boom and with 4 people on board, reported having run aground in Horswell Channel, BC. The vessel was freed by the tug ""BVO"" and resumed its voyage.",CLASS 5,BRITISH COLUMBIA (BC),Canadian TSB,0,0
52426,2024-08-14,,"On 14 August 2024, the Canadian Coast Guard Ship ""CAPE CAUTION"", while secured in Powell River, BC, reported having been struck by the pleasure craft ""NOAH GENDA"" that was berthing to the contiguous wharf. Damages were assessed on the ""CAPE CAUTION"".",CLASS 5,BRITISH COLUMBIA (BC),Canadian TSB,0,0
52425,2024-08-15,,"On 15 August 2024, the fishing vessel ""BRANDON AND CAMERON"", with 4 people on board, reported being disabled with a total engine failure in the vicinity of St. Pierre Bank, NL. The vessel was towed to Lawn, NL by the Canadian Coast Guard Ship ""BARRINTON BAY"".",CLASS 5,NEWFOUNDLAND AND LABRADOR (NL),Canadian TSB,0,0
52424,2024-08-14,,"On 14 August 2024, the fishing vessel ""OLANNE SCOTT"", with 3 people on board, reported being disabled with a total engine failure in the vicinity of St. Margarets Bay, NS. The vessel was towed to McGraths Cove, NS by the fishing vessel ""BROOKLYNN & BOY'S"".",CLASS 5,NOVA SCOTIA (NS),Canadian TSB,0,0
52423,2024-08-13,,"On 13 August 2024, the fishing vessel ""LAURE O"", with 4 people on board, reported being disabled with a total engine failure in the Gulf of Maine off Yarmouth, NS. The vessel was towed into the harbour by the Canadian Coast Guard Ship ""WESTPORT"".",CLASS 5,NOVA SCOTIA (NS),Canadian TSB,0,0
52422,2024-08-12,,"On 12 August 2024, the passenger vessel ""C29953NL"", with 6 people on board, reported having drifted aground with an engine failure in the vicinity of Petty Harbour, NL. The Canadian Coast Guard Ship ""VLADYKOV"" evacuated the crew and proceeded into the harbour. The vessel was later towed by a Royal Canadian Navy marine unit workboat.",CLASS 5,NEWFOUNDLAND AND LABRADOR (NL),Canadian TSB,0,0
52421,2024-08-14,,"On 14 August 2024, the fishing vessel ""HOME RUN"", with 1 person on board, reported having run aground and taking on water over its stern in Port Alberni, BC. The vessel refloated at high tide and damages to the electronics were assessed. The vessel was towed to a nearby wharf by a Royal Canadian Marine Search and Rescue vessel. ",CLASS 5,BRITISH COLUMBIA (BC),Canadian TSB,0,0
52420,2024-08-14,,"On 14 August 2024, the Canadian Coast Guard Ship ""JEAN BOURDON"", with 2 people on board, reported having sustained a total failure of its port propulsion system in the St. Lawrence River off Île des Barques, QC. The vessel proceeded to a wharf in Trois-Rivières, QC using its remaining engine, and the crew effected repairs.",CLASS 5,QUEBEC (QC),Canadian TSB,0,0
52419,2024-08-15,,"On 15 August 2024, the bulk carrier ""JACQUELINE C"", while under the conduct of a pilot, reported having sustained a total failure of its electrical power supply system causing a loss of propulsion in the St. Lawrence River off Saint-Tite-des-Caps, QC. The vessel was anchored and the crew resolved the issue before resuming its voyage.",CLASS 5,QUEBEC (QC),Canadian TSB,0,0
52418,2024-08-12,,"On 12 August 2024, the fishing vessel ""S.N. WILLIAM"", with 3 people on board, reported being disabled with a total failure of its fuel supply system in the vicinity of Cape Broyle Harbour, NL. The vessel received assistance from the Canadian Coast Guard Auxiliary vessel ""FOUR GIRLS I"", and once the problem resolved, resumed its operations.",CLASS 5,NEWFOUNDLAND AND LABRADOR (NL),Canadian TSB,0,0
52417,2024-08-12,,"On 12 August 2024, the fishing vessel ""KATHY MICHELLE II"", with 1 person on board, reported being disabled with a fouled propeller in the vicinity of Motion Bay, NL. The vessel was towed to Petty Harbour, NL by the fishing vessel ""DOROTHY FRANCIS"".",CLASS 5,NEWFOUNDLAND AND LABRADOR (NL),Canadian TSB,0,0
52416,2024-08-13,,"On 13 August 2024, the cargo vessel ""BBC RUBY"", while under the conduct of a pilot, reported having sustained a total engine failure in the St. Lawrence River off Bécancour, QC. The vessel was anchored off Batiscan, QC for repairs.",CLASS 5,QUEBEC (QC),Canadian TSB,0,0
52415,2024-08-11,,"On 11 August 2024, the fishing vessel ""T.N.T. VOYAGER"", with 5 people on board, reported being disabled with a total failure of its main engine's transmission in the Labrador Sea off Belle Isle, NL. The vessel was towed to St. Anthony, NL by the Canadian Coast Guard Ship ""PENNANT BAY"".",CLASS 5,NEWFOUNDLAND AND LABRADOR (NL),Canadian TSB,0,0
52414,2024-08-11,,"On 11 August 2024, the fishing vessel ""RUDOLPH WHITMAN"" reported being disabled with a total failure of its fuel supply system off Sable Island, NS. The crew resolved the issue while awaiting for assistance, and the vessel resumed its voyage.",CLASS 5,NOVA SCOTIA (NS),Canadian TSB,0,0
52413,2024-08-09,,"On 09 August 2024, the unregistered fishing vessel known as ""JOSEPH B1"", with 3 people on board, reported being disabled and taking on water in Northumberland Strait off Bouctouche, NB. The vessel was towed to Sainte-Anne-de-Kent, NB by the Canadian Coast Guard Auxiliary vessel ""CHOCKPISH LIGHT"" and the fishing vessel ""MAMIE LYN"".",CLASS 5,NEW BRUNSWICK (NB),Canadian TSB,0,0
52412,2024-08-10,,"On 10 August 2024, the fishing vessel ""OCEAN REBEL"", with 4 people on board, reported being disabled with a total failure of its steering system in Dixon Entrance, BC. The crew resolved the issue while awaiting for assistance, and proceeded to Prince Rupert, BC.",CLASS 5,BRITISH COLUMBIA (BC),Canadian TSB,0,0
52411,2024-08-09,,"On 09 August 2024, the unregistered fishing vessel known as ""HIGH TORQUE"", with 4 people on board, reported being disabled and at risk of grounding in Bedeque Bay, PE. The vessel was towed to Summerside, PE by a local Canadian Coast Guard station workboat. ",CLASS 5,PRINCE EDWARD ISLAND (PE),Canadian TSB,0,0
52410,2024-08-02,,"On 02 August 2024, the ferry ""LEIF ERICSON"", with 96 people on board, reported having sustained a fire on one of its shaft generators prior to departure from North Sydney, NS. The crew extinguished the fire and isolated the damaged generator before resuming their voyage.",CLASS 5,NOVA SCOTIA (NS),Canadian TSB,0,0
52409,2024-08-07,,"On 07 August 2024, the fishing vessel ""IRISH ROGUE"", with 4 people on board, reported being disabled with a total failure of its main machinery off Sable Island, NS. The vessel was towed to Port Bickerton, NS by the Canadian Coast Guard Ship ""CHIGNECTO BAY"".",CLASS 5,NOVA SCOTIA (NS),Canadian TSB,0,0
52408,2024-08-09,,"On 09 August 2024, the bulk carrier ""ALGOMA EQUINOX"" reported having sustained a total engine failure in the St. Lawrence River off Matane, QC. The vessel proceeded to an anchorage off Baie-Comeau, QC for repairs.",CLASS 5,QUEBEC (QC),Canadian TSB,0,0
52407,2024-08-11,,"On 11 August 2024, the cargo vessel ""AUJAQ"", while under the conduct of a pilot, reported having experienced a close quarters situation with the pleasure craft ""ROCK-O-WAY"" in the St. Lawrence River off St-Laurent, QC. The cargo vessel used sound signals and maneuvered to avoid a collision.",CLASS 5,QUEBEC (QC),Canadian TSB,0,0
52406,2024-08-10,,"On 10 August 2024, the cargo vessel ""FIVELBORG"" reported having sustained a total engine failure while anchored off Port Weller, ON. The crew addressed the issue and the vessel proceeded to Hamilton, ON where tugs provided assistance for berthing.",CLASS 5,ONTARIO (ON),Canadian TSB,0,0
52405,2024-08-09,,"On 09 August 2024, the cargo vessel ""TAIGA DESGAGNES"", while under the conduct of a pilot, reported having sustained a total failure of its main engine starting air system while anchoring off L'Isle-aux-Coudres, QC. The vessel was anchored and the crew assessed the issue.",CLASS 5,QUEBEC (QC),Canadian TSB,0,0
52404,2024-08-08,,"On 08 August 2024, the bulk carrier ""ALGOMA DISCOVERY"", while under the conduct of a pilot, reported having sustained a total failure of its steering system in the St. Lawrence River off Contrecoeur, QC. The vessel proceeded to a nearby anchorage for repairs.",CLASS 5,QUEBEC (QC),Canadian TSB,0,0
52403,2024-08-09,,"On 09 August 2024, the fishing vessel ""LE PLONGEUR DES ILES"", with 6 people on board, was reported disabled with a total failure of its electrical power supply system off Fatima, QC. The vessel was towed to L'Étang-du-Nord, QC by the fishing vessel ""VIGNEAU AND SONS"".",CLASS 5,QUEBEC (QC),Canadian TSB,0,0
52401,2024-08-09,,"On 09 August 2024, the bulk carrier ""AMERICAN SPIRIT"" reported having collided with the navigation buoy ""X"" off Southeast Shoal on Lake Erie, ON. The buoy, which caught in the rudder, was dragged away from its position. The vessel proceeded to a nearby anchorage and the crew freed the rudder before resuming its voyage.",CLASS 5,ONTARIO (ON),Canadian TSB,0,0
52400,2024-08-09,,"On 09 August 2024, the bulk carrier ""ASTRO NEMBUS"", while under the conduct of a pilot, reported being disabled with a total failure of its electrical power supply system, causing a loss of propulsion, in Boundary Pass, BC. The vessel was towed to Anchorage B in Plumper Sound, BC by the tug ""SEASPAN KESTREL"".",CLASS 5,BRITISH COLUMBIA (BC),Canadian TSB,0,0
52399,2024-08-03,,"On 03 August 2024, the passenger vessel ""TANDEM I"" reported that a passenger suffered an injury during boarding operations in Longueuil, QC. The passenger was disembarked and sent to a hospital.",CLASS 5,QUEBEC (QC),Canadian TSB,0,1
52398,2024-08-07,,"On 07 August 2024, the tug ""OMNI COASTAL"" reported being disabled after having sustained a fire in its engine room while proceeding on Lake Ontario off Oakville, ON. The crew extinguished the fire and the vessel was towed to Toronto, ON for repairs.",CLASS 5,ONTARIO (ON),Canadian TSB,0,0
52397,2024-08-07,,"On 07 August 2024, the container ship ""MSC NAHARA"", while under the conduct of a pilot, reported having sustained a total failure of its electrical power supply system, causing a loss of propulsion, in the St. Lawrence River off Les Éboulements, QC. The propulsion was restored and the vessel proceeded to an anchorage off Pointe-au-Pic, QC to assess the issue.",CLASS 5,QUEBEC (QC),Canadian TSB,0,0
52396,2024-08-07,,"On 07 August 2024, the fishing vessel ""HINDSIGHT 20/20"", with 3 people on board, reported being disabled in the vicinity of St. Pierre Bank, NL. The vessel was towed to Canso, NS by the Canadian Coast Guard Ship ""KOPIT HOPSON"".",CLASS 5,NEWFOUNDLAND AND LABRADOR (NL),Canadian TSB,0,0
52395,2024-08-06,,"On 06 August 2024, the unregistered fishing vessel known as ""PANGEA"", with 3 people on board, reported being disabled with a fouled propeller off St. Lunaire-Griquet, NL. The vessel was towed to the harbour by the Canadian Coast Guard Ship ""PENNANT BAY"".",CLASS 5,NEWFOUNDLAND AND LABRADOR (NL),Canadian TSB,0,0
52393,2024-08-06,,"On 06 August 2024, the cargo vessel ""EVANS SPIRIT"", while under the conduct of a pilot, reported having experienced a close quarters situation with a pleasure craft in the St. Lawrence River off Varennes, QC.",CLASS 5,QUEBEC (QC),Canadian TSB,0,0
52391,2024-08-05,,"On 05 August 2024, the bulk carrier ""RT. HON. PAUL J. MARTIN"", while under the conduct of a pilot, reported having experienced a close quarters situation with a pleasure craft in the St. Lawrence River off Île des Barques, QC. ",CLASS 5,QUEBEC (QC),Canadian TSB,0,0
52390,2024-08-04,,"On 04 August 2024, the cargo vessel ""CLI PRIDE"" reported one of its crew members as physically incapacitated in the St. Lawrence River off Les Méchins, QC. The vessel proceeded to an anchorage off Matane, QC where the crew member was evacuated on board a local Canadian Coast Guard auxiliary vessel.",CLASS 5,QUEBEC (QC),Canadian TSB,0,1
52389,2024-08-04,,"On 04 August 2024, the bulk carrier ""BLACKY"", while under the conduct of a pilot, reported having experienced a close quarters situation with a pleasure craft in the St. Lawrence River off Port de Montréal, QC. ",CLASS 5,QUEBEC (QC),Canadian TSB,0,0
52388,2024-08-04,,"On 04 August 2024, the ferry ""SVANOY"" reported having collided with the navigation buoy No. K103 in the St. Lawrence River off Banc du Cap Brûlé, QC. Damages to the buoy were reported.",CLASS 5,QUEBEC (QC),Canadian TSB,0,0
52387,2024-08-01,,"On 01 August 2024, the cargo vessel ""FIVELBORG"", while under the conduct of a pilot, reported having sustained a total failure of its propulsion system in Canal de Beauharnois, QC. The propulsion was recovered and the vessel proceeded to a nearby anchorage to assess the issue.",CLASS 5,QUEBEC (QC),Canadian TSB,0,0
52386,2024-08-05,,"On 05 August 2024, the fishing vessel ""NORTHERN DEVER"", with 2 people on board, reported being disabled with a total engine failure in the vicinity of Port au Choix, NL. The vessel was towed to the harbour by the Canadian Coast Guard Ship ""CAPE NORMAN"".",CLASS 5,NEWFOUNDLAND AND LABRADOR (NL),Canadian TSB,0,0
52385,2024-08-04,,"On 04 August 2024, the fishing vessel ""LONE FISHER"", with 2 people on board, reported being disabled with a total failure of its fuel supply system in the Strait of Belle Isle off Pitts Harbour, NL. The vessel was towed to St. Lunaire, NL by the Canadian Coast Guard Ship ""PENNANT BAY"".",CLASS 5,NEWFOUNDLAND AND LABRADOR (NL),Canadian TSB,0,0
52384,2024-07-31,,"On 31 July 2024, the Canadian Coast Guard Ship ""SIR JOHN FRANKLIN"" reported having sustained a total failure of its electrical power supply system, causing a loss of propulsion, in Kitasu Bay, BC. The crew resolved the issue while adrift and the vessel resumed its operations using the 2 remaining generators.",CLASS 5,BRITISH COLUMBIA (BC),Canadian TSB,0,0
52383,2024-08-01,,"On 01 August 2024, the cargo ""BAIE ST. PAUL"", while under the conduct of a pilot, reported having experienced a close quarters situation with the sailing vessel ""POLESTAR"" in the St. Lawrence River off Saint-Tite-des-Caps, QC.",CLASS 5,QUEBEC (QC),Canadian TSB,0,0
52382,2024-07-23,,"On 23 July 2024, the fishing vessel ""ROSS PRIDE"", with 4 people on board, reported having sustained a total failure of its steering system off Saint-Pierre and Miquelon, FR. The vessel was towed to Harbour Breton, NL by the fishing vessel ""MOREY'S PRIDE"".",CLASS 5,Outside Provincial Boundaries,Canadian TSB,0,0
52380,2024-07-31,,"On 31 July 2024, the bulk carrier ""ARVIK I"", while under the conduct of a pilot, reported having sustained a total failure of its fuel supply system upon departure from section No. 86 in Saint-Romuald, QC. The vessel proceeded to a nearby anchorage for repairs.",CLASS 5,QUEBEC (QC),Canadian TSB,0,0
52379,2024-07-31,,"On 31 July 2024, the fishing vessel ""EVENING BREEZE"", with 2 people on board, reported being disabled with a total failure of its main engine's transmission in Notre Dame Bay off Little Bay Islands, NL. The vessel was towed to Little Bay, NL by the fishing vessel ""WHITE SHARK"".",CLASS 5,NEWFOUNDLAND AND LABRADOR (NL),Canadian TSB,0,0
52378,2024-07-29,,"On 29 July 2024, the fishing vessel ""PIELAW"", with 5 people on board, reported being disabled with a total engine failure in the Bay of Fundy off Saint John, NB. The vessel was towed into the harbour by the Canadian Coast Guard Ship ""SHEDIAC BAY"".",CLASS 5,NEW BRUNSWICK (NB),Canadian TSB,0,0
52377,2024-07-29,,"On 29 July 2024, the fishing vessel ""SEA CHUM"", with 2 people on board, was reported listing and releasing fuel at sea after having run aground in Skeena River, BC. The vessel was assisted by the fishing vessels ""REEL EASY"" and ""BLUE HERON"" and by the Canadian Coast Guard Ship ""FLORENCIA BAY"".",CLASS 5,BRITISH COLUMBIA (BC),Canadian TSB,0,0
52376,2024-07-27,,"On 27 July 2024, the tug ""JERVIS COASTER"", while towing a log boom, reported being disabled with a total engine failure in Malaspina Strait off Powell River, BC. The tug ""JERVIS CREST"" towed the disabled tug and its tow to Stillwater, BC. ",CLASS 5,BRITISH COLUMBIA (BC),Canadian TSB,0,0
52375,2024-07-26,,"On 26 July 2024, the tanker ""ARGENT SUNRISE"" reported dragging its anchor in the vicinity of Constance Bank, BC. The vessel was repositioned and re-anchored.",CLASS 5,BRITISH COLUMBIA (BC),Canadian TSB,0,0
52373,2024-07-29,,"On 29 July 2024, the Canadian Coast Guard Ship ""JEAN BOURDON"" reported having sustained a total failure of one of its main engine's transmissions on Lac Saint-Pierre off Yamachiche, QC. The vessel proceeded to a marina of Île Saint-Quentin, QC where the crew assessed the issue.",CLASS 5,QUEBEC (QC),Canadian TSB,0,0
52372,2024-07-23,,"On 23 July 2024, the fishing vessel ""ODIN III"", with 4 people on board, was reported overdue in the vicinity of Slave Point on Great Slave Lake, NT. Subsequent search and rescue efforts found that all crew members had abandoned the vessel due to a fire on board. The vessel was towed back to Hay River, NT. ",CLASS 5,NORTHWEST TERRITORIES (NT),Canadian TSB,0,0
52371,2024-07-29,,"On 29 July 2024, the bulk carrier ""PERELIK"", while under the conduct of a pilot, reported having struck the lock wall at Saint-Lambert, QC. The vessel was secured in the lock and the crew assessed the damage.",CLASS 5,QUEBEC (QC),Canadian TSB,0,0
52370,2024-07-28,,"On 28 July 2024, the fishing vessel ""RANDY AND STEPHANIE I"", with 3 people on board, reported being disabled with a total engine failure off Shag Harbour, NS. The vessel was towed to West Head, NS by the Canadian Coast Guard Ship ""CHEDABUCTO BAY"".",CLASS 5,NOVA SCOTIA (NS),Canadian TSB,0,0
52369,2024-07-28,,"On 28 July 2024, the fishing vessel ""SUSAN DOREEN"", with 4 people on board, reported being disabled with a total failure of its propulsion system off St. Shott's, NL. The vessel was towed to Trepassey, NL by the fishing vessel",CLASS 5,NEWFOUNDLAND AND LABRADOR (NL),Canadian TSB,0,0
52368,2024-07-24,,"On 24 July 2024, the fishing vessel ""SURVIVOR"", while berthed, reported that the fishing vessel ""CAPE SANDRA"" struck its stern in the harbour of Black Tickle, NL. ",CLASS 5,NEWFOUNDLAND AND LABRADOR (NL),Canadian TSB,0,0
52367,2024-07-28,,"On 28 July 2024, the Canadian Coast Guard Ship ""DES GROSEILLIERS"" reported having sustained a total failure of its electrical power supply system, causing a loss of propulsion, in Gabriel Strait, NU. The crew resolved the issue and the vessel resumed its voyage.",CLASS 5,NUNAVUT (NU),Canadian TSB,0,0
52366,2024-07-27,,"On 27 July 2024, the bulk carrier ""ALGOMA STRONGFIELD"", while under the conduct of a pilot, reported having experienced a close quarters situation with a pleasure craft in the St. Lawrence River off Port de Montréal, QC.",CLASS 5,QUEBEC (QC),Canadian TSB,0,0
52365,2024-07-27,,"On 27 July 2024, the tanker ""GREAT KAPPA"",  while under the conduct of a pilot, reported having experienced a close quarters situation with a personal watercraft in the St. Lawrence River off Île des Barques, QC. ",CLASS 5,QUEBEC (QC),Canadian TSB,0,0
52364,2024-07-27,,"On 27 July 2024, the bulk carrier ""ALGOMA EQUINOX"", while under the conduct of a pilot, reported having experienced a close quarters situation with a sailing vessel in the St. Lawrence River off Trois-Rivières, QC. ",CLASS 5,QUEBEC (QC),Canadian TSB,0,0
52363,2024-07-26,,"On 26 July 2024, the bulk carrier ""ALGOMA MARINER"", while under the conduct of a pilot, reported having experienced a close quarters situation with a pleasure craft in the St. Lawrence River off Île des Barques, QC. ",CLASS 5,QUEBEC (QC),Canadian TSB,0,0
52361,2024-07-26,,"On 26 July 2024, the passenger vessel ""LE BATEAU-MOUCHE II"", with 126 people on board, reported having experienced a close quarters situation with the pleasure craft ""EXUMA"" in the St. Lawrence River off Port de Montréal, QC.",CLASS 5,QUEBEC (QC),Canadian TSB,0,0
52360,2024-07-25,,DELETE - FOREIGN VESSEL IN FOREIGN WATER,CLASS 5,BRITISH COLUMBIA (BC),Canadian TSB,0,0
52358,2024-07-23,,"On 23 July 2024, the container ship ""MSC CELINE"", while under the conduct of two pilots and assisted by two tugs, reported having sustained a total engine failure upon departure from section No. 66 of the Port de Montréal, QC. The vessel was secured alongside and the crew addressed the issue.",CLASS 5,QUEBEC (QC),Canadian TSB,0,0
52356,2024-07-22,,"On 22 July 2024, the fishing vessel ""TURKEY"", with 3 people on board, reported being disabled with a total engine failure at the western entrance of Digby Gut, NS. The vessel was towed to a nearby wharf by the fishing vessel ""BEAR DOWN"" and Canadian Coast Guard assistance was stood down.",CLASS 5,NOVA SCOTIA (NS),Canadian TSB,0,0
52355,2024-07-22,,"On 22 July 2024, the fishing vessel ""CHARLES & SONS"", with 7 people on board, reported being disabled with a total engine failure in the Labrador Sea off Musgrave Harbour, NL. The vessel was towed to Lumsden, NL by the Canadian Coast Guard Ship ""TELEOST"" and later by the fishing vessel ""LADY CRYSTAL"".",CLASS 5,NEWFOUNDLAND AND LABRADOR (NL),Canadian TSB,0,0
52354,2024-07-21,,"On 21 July 2024, the fishing vessel ""PAPER CHASE"", with 2 people on board, reported being disabled with a fouled propeller in the vicinity of Telegraph Passage, BC. The vessel was towed to Port Edward, BC by a local Canadian Coast Guard station workboat and by the Canadian Coast Guard Ship ""FLORENCIA BAY"".",CLASS 5,BRITISH COLUMBIA (BC),Canadian TSB,0,0
52353,2024-07-21,,"On 21 July 2024, the tug ""WESTCO PROMOTER"", with 4 people on board and while towing the barge ""BONNIE R"", reported having sustained a total failure of its rudder in Johnstone Strait off Rock Bay, BC. The vessel handed over its tow to the tug ""WESTCO EVOLUTION"" before proceeding to Campbell River, BC for repairs.",CLASS 5,BRITISH COLUMBIA (BC),Canadian TSB,0,0
52352,2024-07-21,,"On 21 July 2024, the fishing vessel ""PACIFIC DISCOVERY"", with 5 people on board, reported experiencing water ingress after making bottom contact in Petrel Channel, BC. The crew addressed the issue and the vessel proceeded to a shipyard in Prince Rupert, BC for repairs.",CLASS 5,BRITISH COLUMBIA (BC),Canadian TSB,0,0
52351,2024-07-20,,"On 20 July 2024, the fishing vessel ""VIKLA I"", with 5 people on board, reported being disabled with a total failure of its steering system in Hecate Strait off Stephens Island, BC. The vessel was towed to Prince Rupert, BC by the Canadian Coast Guard Ship ""FLORENCIA BAY"".",CLASS 5,QUEBEC (QC),Canadian TSB,0,0
52350,2024-07-19,,"On 19 July 2024, the US fishing vessel ""OCEANIC"", with 5 people on board, reported being disabled with a total failure of its fuel supply system off Nootka Sound, BC. The towing of the vessel to Port Angeles, WA, US was initiated by the Canadian Coast Guard Ship ""CAPE KUPER"" and completed by the US tug ""MARSHALL FOSS"".",CLASS 5,BRITISH COLUMBIA (BC),Canadian TSB,0,0
52349,2024-07-19,,"On 19 July 2024, the ferry ""QUEEN OF COWICHAN"" reported having sustained a total failure of one of its generators upon departure from Nanaimo, BC. The vessel resumed its operations using the remaining generators.",CLASS 5,BRITISH COLUMBIA (BC),Canadian TSB,0,0
52348,2024-07-18,,"On 18 July 2024, the container ship ""MAERSK SANTANA"" reported having sustained a total failure of one of its steering pumps while secured in Vancouver, BC. The vessel proceeded to an anchorage in English Bay, BC, while under the conduct of a pilot and with tug assistance, and the crew addressed the issue.",CLASS 5,BRITISH COLUMBIA (BC),Canadian TSB,0,0
52347,2024-07-18,,"On 18 July 2024, the ferry ""ISLAND KWIGWIS"" reported having sustained a total failure of one of its generators prior to departing from Decanso Bay, BC. The vessel left the harbour and the crew addressed the issue while underway.",CLASS 5,BRITISH COLUMBIA (BC),Canadian TSB,0,0
52346,2024-07-19,,"On 19 July 2024, the bulk carrier ""FEDERAL CARIBOU"", while under the conduct of a pilot, reported a total failure of its stern tube seal in the St. Lawrence River off Île Dickerson, QC. The vessel anchored, spare parts were ordered, and repairs were planned.",CLASS 5,QUEBEC (QC),Canadian TSB,0,0
52345,2024-07-14,,"On 14 July 2024, the Canadian Coast Guard Ship ""LEIM"" reported having sustained a total failure of its port rudder while preparing for departure from Harrington Harbour, QC. The crew assessed the issue and the vessel proceeded to Sept-Îles, QC for underwater repairs.",CLASS 5,QUEBEC (QC),Canadian TSB,0,0
52344,2024-07-20,,"On 20 July 2024, the passenger vessel ""NAVARK P24"", with 2 people on board, reported having sustained a total engine failure while secured in Bouchervillle, QC. The issue was resolved alongside.",CLASS 5,QUEBEC (QC),Canadian TSB,0,0
52343,2024-07-19,,"On 19 July 2024, the bulk carrier ""RESKO"", while under the conduct of a pilot, reported having experienced a close quarters situation with the sailboat ""DONE DREAMIN'"" in the St. Lawrence River off Sorel, QC.",CLASS 5,QUEBEC (QC),Canadian TSB,0,0
52342,2024-07-18,,"On 18 July 2024, the Canadian Coast Guard Ship ""CAPORAL KAEBLE V.C."" reported having sustained a total failure of its port engine while secured alongside in Cap-aux-Meules, QC.",CLASS 5,QUEBEC (QC),Canadian TSB,0,0
52341,2024-07-18,,"On 18 July 2024, the bulk carrier ""VEZHEN"", while under the conduct of a pilot, reported having experienced a close quarters situation with the pleasure craft ""RUM TUG TUGGER"" on Lac Saint-François, QC.",CLASS 5,QUEBEC (QC),Canadian TSB,0,0
52340,2024-06-28,,"On 28 June 2024, the tug ""SEAHOUND"" reported being adrift after having sustained a total loss of propulsion caused by its fuel supply system valve in the Welland Canal, in the vicinity of Port Robinson, ON. The crew resolved the issue and the vessel resumed its voyage.",CLASS 5,ONTARIO (ON),Canadian TSB,0,0
52339,2024-07-18,,"On 18 July 2024, the bulk carrier ""FEDERAL BERING"", while under the conduct of a pilot, reported having experienced a close quarters situation with a sailboat known as ""MIST"" in the St. Lawrence River off Deschaillons-sur-Saint-Laurent, QC. ",CLASS 5,QUEBEC (QC),Canadian TSB,0,0
52337,2024-07-20,,"On 20 July 2024, the ferry ""GRAND MANAN V"", with 7 people on board, reported having sustained a fire in its galley while secured for the night in Blacks Harbour, NB. The crew extinguished the fire and received assistance from the local fire department. Damages were assessed and repairs were planned.",CLASS 5,NEW BRUNSWICK (NB),Canadian TSB,0,0
52336,2024-07-19,,"On 19 July 2024, the fishing vessel ""SOUTHERN MARINER"" reported one of its crew members sustained a serious injury in the vicinity of the Grand Banks of Newfoundland, NL. The injured crew member was medevacked and sent to a hospital.",CLASS 5,NEWFOUNDLAND AND LABRADOR (NL),Canadian TSB,0,1
52335,2024-07-19,,"On 19 July 2024, the fishing vessel ""APEX PREDATOR I"", with 7 people on board, reported being disabled in the vicinity of Halifax Harbour, NS. The vessel was towed to Sambro, NS by the Canadian Coast Guard Ship ""HARE BAY"".",CLASS 5,NOVA SCOTIA (NS),Canadian TSB,0,0
52334,2024-07-18,,"On July 17th, 2024, the fishing vessel ""Elite Navigator"" with 7 people on board, suffered a fire. The crew abandoned the vessel in a life raft and were rescued on July 20th. The crew was transported to Valleyfield, NL., by the CCGS ""TELEOST"". The vessel sunk.",CLASS 4,NEWFOUNDLAND AND LABRADOR (NL),Canadian TSB,0,0
52333,2024-07-13,,"On 13 July 2024, the pleasure craft ""LEO WISHES"", while being used as a passenger vessel and with 5 people on board, went aground near Pictou, NS. During an attempt to free the vessel, the captain was seriously injured. The passengers brought the captain on board and called 911. The Pictou Inshore Rescue Boat responded and transported the captain to EHS. The Inshore Rescue Boat then returned on scene and towed the vessel to Pictou, NS.",CLASS 5,NOVA SCOTIA (NS),Canadian TSB,0,2
52332,2024-07-17,,"On 17 July 2024, the fishing vessel ""SOUTHERLY SACRIFICE"", with 6 people on board, reported being disabled in the vicinity of Canso Bank, NS. The vessel was towed to Port Bickerton, NS by the Canadian Coast Guard Ship ""CHIGNECTO BAY"".",CLASS 5,NOVA SCOTIA (NS),Canadian TSB,0,0
52331,2024-07-16,,"On 16 July 2024, the tug ""QUADRANT PARTNER"", while towing the barge ""KA'ALA"", reported being disabled with a total failure of its starboard engine and steering system in the Fraser River off Tilbury Island, BC. The crew addressed the issue and the vessel resumed its voyage.",CLASS 5,BRITISH COLUMBIA (BC),Canadian TSB,0,0
52330,2024-07-16,,"On 16 July 2024, the fishing vessel ""SNOW QUEEN"", with 5 people on board, reported taking on water in its engine room while proceeding in Chatham Sound off Lax Kw'alaams, BC. The crew pumped water out while proceeding to Port Edwards, BC. ",CLASS 5,BRITISH COLUMBIA (BC),Canadian TSB,0,0
52329,2024-04-27,,"On 27 April 2024, the fishing vessel ""MARCEL A ZO"", with 5 people on board, reported being disabled with a total failure of its hydraulic oil system, causing a loss of propulsion, in the vicinity of Miscou Banks, NB. The crew effected repairs while awaiting for assistance, and the vessel resumed its voyage.",CLASS 5,NEW BRUNSWICK (NB),Canadian TSB,0,0
52328,2024-07-16,,"On 16 July 2024, the tug ""SEASPAN CAVALIER"", while towing the barges ""SEASPAN 539"" and ""SEASPAN 560"", reported having experienced a close quarters situation with the pleasure craft ""IRENE"" in Trincomali Channel off Reid Island, BC. The tug used sound signals and manoeuvered to avoid a collision.",CLASS 5,BRITISH COLUMBIA (BC),Canadian TSB,0,0
52327,2024-07-14,,"On 14 July 2024, the fishing vessel ""NISHGA SPIRIT"", with 3 people on board, reported being disabled with a total failure of its engine transmission in Skeena River, BC. The vessel anchored while awaiting assistance and was later towed to Port Edward, BC, by the Canadian Coast Guard Ship ""FLORENCIA BAY"".",CLASS 5,BRITISH COLUMBIA (BC),Canadian TSB,0,0
52325,2024-07-16,,"On 16 July 2024, the bulk carrier ""GOLDEN DIAMOND"" reported being disabled and drifting with a total engine failure in Détroit d'Honguedo, QC. The crew effected repairs and the vessel resumed its voyage.",CLASS 5,QUEBEC (QC),Canadian TSB,0,0
52324,2024-07-15,,"On 15 July 2024, the Canadian Coast Guard workboat ""C34811ON"" reported having collided with a submerged log on Lake Erie off Colchester, ON. The crew performed a damage assessment and proceeded to the base station in Amherstburg, ON, for a complete hull inspection.",CLASS 5,ONTARIO (ON),Canadian TSB,0,0
52323,2024-07-12,,"On 12 July 2024, the bulk carrier ""CALUMET"" reported having sustained a total failure of one of its generators in the Detroit River off Amherstburg, ON. The vessel proceeded to an anchorage off Windsor, ON, where the crew assessed the issue.",CLASS 5,ONTARIO (ON),Canadian TSB,0,0
52321,2024-07-15,,"On 15 July 2024, the passenger vessel ""NAVARK ARCADIA"", with 19 people on board, reported having experienced a close quarters situation with two personal watercrafts in the St. Lawrence River off Boucherville, QC.",CLASS 5,QUEBEC (QC),Canadian TSB,0,0
52320,2024-07-13,,"On 13 July 2024, the tug ""COAST ISLAND KING"", with 6 people on board and while towing the barge ""CIM006"", reported being disabled with a total engine failure in Discovery Channel, BC. The tug and barge anchored while awaiting assistance. The tug ""AMIX TUGGER"" and the fishing vessel ""HAIDA CHIEF"" responded and towed the disabled tug and barge to Middle Point, BC, for repairs.",CLASS 5,BRITISH COLUMBIA (BC),Canadian TSB,0,0
52319,2024-07-13,,"On 13 July 2024, the fishing vessel ""TAYLOR'S PRIDE"", with 3 people on board, reported being disabled with a total failure of its main engine transmission in the Gulf of Maine off Yarmouth, NS. The vessel was towed to West Pubnico, NS, by the Canadian Coast Guard Ship ""CHEDABUCTO BAY"".",CLASS 5,NOVA SCOTIA (NS),Canadian TSB,0,0
52318,2024-07-12,,"On 12 July 2024, the fishing vessel ""KYLIE MICHELLE"", with 4 people on board, reported being disabled with a total failure of its steering system in the vicinity of Placentia Bay, NL. The vessel was towed to Burin, NL by the Canadian Coast Guard Ship ""BARRINGTON BAY"".",CLASS 5,NEWFOUNDLAND AND LABRADOR (NL),Canadian TSB,0,0
52317,2024-07-14,,"On 14 July 2024, the cargo vessel ""PATAGONMAN"", while under the conduct of a pilot, reported having experienced a close quarters situation with a pleasure craft in the St. Lawrence River off Sorel, QC.",CLASS 5,QUEBEC (QC),Canadian TSB,0,0
52316,2024-07-14,,"On 14 July 2024, the ferry ""ALEXANDRINA-CHALIFOUX"" reported having experienced a close quarters situation with a pleasure craft upon departure from Saint-Ignace-de-Loyola, QC. ",CLASS 5,QUEBEC (QC),Canadian TSB,0,0
52315,2024-07-13,,"On 13 July 2024, the bulk carrier ""NUKUMI"", while under the conduct of a pilot, reported having sustained a total failure of its electrical power supply system causing a loss of propulsion in the St. Lawrence River off Sault-au-Cochon, QC. The vessel was anchored and the crew assessed the issue.",CLASS 5,QUEBEC (QC),Canadian TSB,0,0
52314,2024-07-13,,"On 13 July 2024, the tanker ""BERYL"", while under the conduct of a pilot, reported having sustained a total engine failure in the St. Lawrence River upon departure from an anchorage off Saint-Nicolas, QC. The vessel was re-anchored and the crew assessed the issue.",CLASS 5,QUEBEC (QC),Canadian TSB,0,0
52313,2024-07-12,,"On 12 July 2024, the bulk carrier ""FEDERAL SHIMANTO"", while under the conduct of a pilot, reported having sustained a total failure of its electrical power supply system causing a loss of propulsion upon departure from a wharf in Trois-Rivières, QC. The vessel was anchored for repairs and resumed its voyage once the repairs were completed. ",CLASS 5,QUEBEC (QC),Canadian TSB,0,0
52312,2024-06-30,,"On 30 June 2024, the Canadian Coast Guard Ship ""CYGNUS"", with 19 people on board, reported having sustained a total failure of its engine transmission off the east coast of Newfoundland. The crew addressed the issue and the vessel resumed its voyage.",CLASS 5,Outside Provincial Boundaries,Canadian TSB,0,0
52311,2024-07-11,,"On 11 July 2024, the survey vessel ""PROTECTOR"", while under the conduct of a pilot, reported having sustained a total failure of its main engine cooling system in Chenal des Grands Voiliers, QC. The vessel was anchored for repairs and resumed its voyage once the repairs were completed. ",CLASS 5,QUEBEC (QC),Canadian TSB,0,0
52310,2024-07-11,,"On 11 July 2024, the passenger vessel ""TANDEM I"", with 50 people on board, reported having struck a floating dock at Section No. 16 in Montreal, QC, while docking.",CLASS 5,QUEBEC (QC),Canadian TSB,0,0
52309,2024-06-13,,"On 18 June 2024, JRCC Halifax was advised that the sailing vessel ""THEROS"", engaged in an Atlantic crossing with 2 people onboard, had not provided position updates for 5 days. No distress signal was received and a search was unsuccessful. On 10 July, the vessel's dinghy, with the remains of the vessel's crew, was found on Sable Island, NS. The data collected is consistent with an occurrence involving a fire onboard the sailing vessel.",CLASS 5,NOVA SCOTIA (NS),Canadian TSB,2,0
52307,2024-07-10,,"On 10 July 2024, the bulk carrier ""BRANT"" and the tug ""TURBULENT"" both reported having experienced a close quarters situation with the pleasure craft used as a sailing training vessel ""EXUMA"" in the St. Lawrence River below the Saint-Lambert Lock, QC. The ""BRANT"" was under the conduct of a pilot at the time. ",CLASS 5,QUEBEC (QC),Canadian TSB,0,0
52306,2024-07-09,,"On 09 July 2024, the ferry ""SVANOY"" reported having sustained a total engine failure in the St. Lawrence River off Saint-Joseph-de-la-Rive, QC. The vessel proceeded to Pointe-au-Pic, QC for repairs.",CLASS 5,QUEBEC (QC),Canadian TSB,0,0
52305,2024-07-09,,"On 09 July 2024, the fishing vessel ""LE P'TIT DAUPHIN II"", with 7 people on board, reported being disabled with a total failure of its main engine's transmission in the vicinity of Miramichi Bay, NB. The crew addressed the issue while awaiting for assistance and proceeded to Pigeon Hill, NB at a reduced speed.",CLASS 5,NEW BRUNSWICK (NB),Canadian TSB,0,0
52304,2024-07-09,,"On 09 July 2024, the cargo vessel ""GARDNO"" reported having sustained a total engine failure in the St. Lawrence River off Sainte-Anne-des-Monts, QC. The crew conducted repairs while adrift, and once completed, resumed its voyage.",CLASS 5,QUEBEC (QC),Canadian TSB,0,0
52303,2024-07-08,,"On 08 July 2024, the fishing vessel ""LUCKY STRIKE 8"", with 4 people on board, reported being disabled with a total failure of its main engine's transmission in Trinity Bay, NL. The vessel was towed to Winterton, NL by the Canadian Coast Guard Ship ""SPRAY"".",CLASS 5,NEWFOUNDLAND AND LABRADOR (NL),Canadian TSB,0,0
52302,2024-07-08,,"On 08 July 2024, the fishing vessel ""MISS MORIEN II"", with 3 people on board, reported being disabled after having sustained a total failure of its electrical power supply system, causing a loss of propulsion, in the vicinity of Gabarus Bay, NS. The vessel was anchored while awaiting for assistance, and was later towed to Louisbourg, NS by the Canadian Coast Guard Ship ""LA POILE BAY"".",CLASS 5,NOVA SCOTIA (NS),Canadian TSB,0,0
52301,2024-07-08,,"On 08 July 2024, the fishing vessel ""SILVER SCOUT"", with 2 people on board, reported having run aground on Flora Bank, at the entrance of Porpoise Channel, BC. The vessel freed itself with the assistance of the patrol vessel ""CHARLES HAYES"" and resumed its voyage.",CLASS 5,BRITISH COLUMBIA (BC),Canadian TSB,0,0
52300,2024-07-04,,"On 04 July 2024, the passenger ship ""OVATION OF THE SEAS"", while berthing under the conduct of a pilot, reported having experienced a close quarters situation with a remotely operated vehicle in Victoria, BC. ",CLASS 5,BRITISH COLUMBIA (BC),Canadian TSB,0,0
52299,2024-07-04,,"On 04 July 2024, the cargo vessel ""WESTWOOD RAINIER"", while under the conduct of a pilot, reported having experienced a close quarters situation with the sailing vessel known as ""RIDING HIGH VALHALLA"" in the Fraser River off Tilbury Island, BC.",CLASS 5,BRITISH COLUMBIA (BC),Canadian TSB,0,0
52298,2024-06-27,,"On 27 June 2024, an unnamed fishing vessel, with 3 people on board, was reported overdue on Lake Winnipeg, MB, near Grand Rapids, MB. Search and rescue efforts recovered 1 crew member deceased in the water. The vessel and the 2 other crew members were declared missing.",CLASS 5,MANITOBA (MB),Canadian TSB,1,0
52297,2024-06-17,,"On 17 June 2024, an unregistered fishing vessel, with 3 people on board, took on water and sank while its crew were hauling back fishing nets on Lake Winnipeg, MB. All 3 crew members ended up in the water without personal flotation devices. Subsequent search and rescue efforts rescued 2 crew members and recovered 1 deceased. ",CLASS 5,MANITOBA (MB),Canadian TSB,1,0
52296,2024-07-06,,"On 06 July 2024, the cargo vessel ""OCEANEX CONNAIGRA"", while under the conduct of a pilot, reported having experienced a close quarters situation in the St. Lawrence River off Cap de la Madeleine, QC. The cargo vessel maneuvered to avoid a collision.",CLASS 5,QUEBEC (QC),Canadian TSB,0,0
52295,2024-07-05,,"On 05 July 2024, the bulk carrier ""VITOSHA"", while under the conduct of a pilot, reported having experienced a close quarters situation with a pleasure craft known as ""20D6348"" in the St. Lawrence River off Port de Montréal, QC. The bulk carrier maneuvered to avoid a collision.",CLASS 5,QUEBEC (QC),Canadian TSB,0,0
52294,2024-07-05,,"On 05 July 2024, the bulk carrier ""BARNACLE"", while under the conduct of a pilot, reported having sustained a total engine failure upon arrival at an anchorage off Longueuil, QC. The vessel was anchored and the crew resolved the issue.",CLASS 5,QUEBEC (QC),Canadian TSB,0,0
52293,2024-07-04,,"On 04 July 2024, the passenger vessel ""C14368QC"", known as ""MATHILDE"", with 11 people on board, was reported disabled with a total failure of its engine in the vicinity of Baie de Gaspé, QC. The crew resolved the issue before the arrival of any assistance and the vessel proceeded to Cap-des-Rosiers, QC, on its own power.",CLASS 5,QUEBEC (QC),Canadian TSB,0,0
52292,2024-07-06,,"On 06 July 2024, the pilot boat ""DALTON PURSUIT"" was reported disabled after having sustained a total failure of its main engine's fuel supply system near a wharf in Lewisport, NL. A local Canadian Coast Guard Inshore Rescue Boat towed and secured the vessel alongside.",CLASS 5,NEWFOUNDLAND AND LABRADOR (NL),Canadian TSB,0,0
52291,2024-07-04,,"On 04 July 2024, the fishing vessel ""EASTERN EXPLORER"", with 9 people on board, reported being disabled with a total failure of its fuel supply system off Seven Islands Bay, NL. The Canadian Coast Guard Ship ""PIERRE RADISSON"" towed the vessel off White Bear Island, NL and assisted the crew to resolve the issue in sheltered waters. Once effected, the fishing vessel proceeded to Makkovik, NL on its own power.",CLASS 5,NEWFOUNDLAND AND LABRADOR (NL),Canadian TSB,0,0
52290,2024-07-04,,"On 04 July 2024, the fishing vessel ""FUTURE ENDEAVOUR"", with 6 people on board, reported being disabled with a total engine failure in the vicinity of Downing Bassin, NL. The vessel was towed to St. John's, NL by the Canadian Coast Guard Ship ""KOPIT HOPSON 1752"".",CLASS 5,NEWFOUNDLAND AND LABRADOR (NL),Canadian TSB,0,0
52289,2024-06-18,,"On 18 June 2024, the fishing vessel ""NORTH BAY I"", with 2 people on board, reported being disabled with a total failure of its steering system off L'Étang-des-Caps, QC. The vessel was towed to L'Étang-du-Nord, QC by the fishing vessel ""CHARLES ELIZABETH"".",CLASS 5,QUEBEC (QC),Canadian TSB,0,0
52288,2024-06-25,,"On 25 June 2024, the tug ""AMIX TUGGER"", with 5 people on board and while towing the barge ""MILBANKE 3"", reported that a U.S. fishing vessel known as ""SHERRY LYNN"" collided with the barge at the western entrance of Juan de Fuca Strait, WA, USA. The crew of the tug assessed the damage and resumed their voyage. The fishing vessel proceeded to Neah Bay, WA, USA. ",CLASS 5,Outside Provincial Boundaries,Canadian TSB,0,0
52287,2024-07-03,,"On 03 July 2024, the bulk carrier ""JESSICA B"", while under the conduct of a pilot, reported having sustained a total failure of its power supply system, causing a loss of propulsion, in Le Grand Chenal, QC. The vessel was anchored off Pointe-aux-Trembles, QC and the crew assessed the issue.",CLASS 5,QUEBEC (QC),Canadian TSB,0,0
52284,2024-07-01,,"On 01 July 2024, the fishing vessel ""C14218BC"", also known as ""KIRSTEN F"" and with 1 person on board, reported having run aground in the Fraser River above the George Massey Tunnel, BC. The vessel was freed by the Canadian Lifeboat Institution vessel ""FRASER LIFEBOAT"" and towed to a nearby wharf.",CLASS 5,BRITISH COLUMBIA (BC),Canadian TSB,0,0
52283,2024-07-01,,"On 01 July 2024, the US fishing vessel ""JEAN C"", with 6 people on board, reported being disabled with a total failure of its steering system off Burnett Bay in Queen Charlotte Strait, BC. The vessel was towed to Port Hardy, BC by a local commercial towing vessel.",CLASS 5,BRITISH COLUMBIA (BC),Canadian TSB,0,0
52282,2024-06-30,,"On 30 June 2024, the bulk carrier ""CEMTEX CREATION"" was reported dragging its anchor in Vancouver Harbour, BC. A pilot was ordered and re-anchored the vessel at Anchorage C.",CLASS 5,BRITISH COLUMBIA (BC),Canadian TSB,0,0
52280,2024-06-30,,"On 30 June 2024, the ferry ""SPIRIT OF BRITISH COLUMBIA"" reported a crack in a bow thruster compartment upon departure from Tsawwassen, BC. The vessel completed the daily operations and the crew effected temporary repairs.",CLASS 5,BRITISH COLUMBIA (BC),Canadian TSB,0,0
52278,2024-06-29,,"On 29 June 2024, the fishing vessel ""SANDY ISLE"", with 2 people on board, reported being disabled with a total failure of its fuel supply system in Grenville Channel, BC. The vessel was assisted by a vessel of opportunity and resumed its voyage. The Canadian Coast Guard Ship ""FLORENCIA BAY"" was stood down.",CLASS 5,BRITISH COLUMBIA (BC),Canadian TSB,0,0
52277,2024-06-27,,"On 27 June 2024, the fishing vessel ""TWIN STARRS"", with 2 people on board, reported being disabled with a total engine failure in Dixon Entrance, BC. The vessel was towed to Prince Rupert, BC by the Canadian Coast Guard Ship ""FLORENCIA BAY"".",CLASS 5,BRITISH COLUMBIA (BC),Canadian TSB,0,0
52276,2024-07-03,,"On 03 July 2024, the fishing vessel ""ROMINIC"", with 6 people on board, reported being disabled with a fouled propeller in the Gulf of Maine off Yarmouth, NS. The vessel was towed to Meteghan, NS by the Canadian Coast Guard Ship ""WESTPORT"".",CLASS 5,NOVA SCOTIA (NS),Canadian TSB,0,0
52275,2024-07-03,,"On 03 July 2024, the fishing vessel ""LISA MARIE AND BROTHERS"", with 6 people on board, reported being disabled with a total engine failure off Big Bight, NL. The vessel was towed to Makkovik, NL by the fishing vessel ""WHATS HAPPENING"".",CLASS 5,NEWFOUNDLAND AND LABRADOR (NL),Canadian TSB,0,0
52274,2024-07-02,,"On 02 July 2024, the passenger vessel ""LORELEI MMXXI"", with 28 people on board, reported being disabled with a total failure of its engine's throttle cable in the vicinity of MacDonald Reef near Pictou, NS. The vessel was towed into the harbour by the local Canadian Coast Guard Inshore Rescue Boat.",CLASS 5,NOVA SCOTIA (NS),Canadian TSB,0,0
52273,2024-07-01,,"On 01 July 2024, the container ship ""MSC MATILDE V"", while under the conduct of a pilot, reported having sustained the total failure of its astern propulsion at the entrance of Halifax Harbour, NS. The crew resolved the issue and the vessel proceeded in the harbour for berthing under tug assistance. Additional repairs were effected alongside.",CLASS 5,NOVA SCOTIA (NS),Canadian TSB,0,0
52272,2024-07-02,,"On 02 July 2024, the cargo vessel ""JANNES"", while under the conduct of a pilot, reported having fouled its propeller with a mooring line while berthing at section No. 100 in Port de Montréal, QC. The vessel was secured and the propeller was freed by divers.",CLASS 5,QUEBEC (QC),Canadian TSB,0,0
52271,2024-06-30,,"On 30 June 2024, the fishing vessel ""NAUTICAL NATURE"", with 3 people on board, reported being disabled with a total engine failure off Halifax, NS. The vessel was towed to Sambro, NS by the Canadian Coast Guard Ship ""HARE BAY"".",CLASS 5,NOVA SCOTIA (NS),Canadian TSB,0,0
52270,2024-06-30,,"On 30 June 2024, the unregistered fishing vessel known as ""CHARLIE AQQ LIZ"", with 2 people on board, reported being disabled and drifting near the shore in the vicinity of Louisbourg Harbour, NS. The vessel was towed to the harbour by the Canadian Coast Guard Ship ""LA POILE BAY"".",CLASS 5,NOVA SCOTIA (NS),Canadian TSB,0,0
52269,2024-06-29,,"On 29 June 2024, the fishing vessel ""NORTHERN MARINER"", with 7 people on board, reported being disabled with a total engine failure in the vicinity of Downing Basin, NL. The vessel was towed to Valleyfield Harbour, NL by the Canadian Coast Guard Ship ""KOPIT HOPSON"".",CLASS 5,NEWFOUNDLAND AND LABRADOR (NL),Canadian TSB,0,0
52268,2024-06-30,,"On 30 June 2024, the passenger ship ""AML SUROIT"", with 50 people on board, reported having collided with an unidentified submerged object causing water ingress in its engine room while proceeding in Chenal de l'Île d'Orléans, QC. The 46 passengers were transferred on board the passenger ship ""AML LOUIS-JOLIETTE"", which assisted the ""AML SUROIT"" to section No. 91 in Québec, QC for repairs.",CLASS 5,QUEBEC (QC),Canadian TSB,0,0
52267,2024-06-29,,"On 29 June 2024, the fishing vessel ""LADY EDEN"", with 6 people on board, reported being disabled with a total failure of its fuel supply system off Halifax, NS. The vessel was towed to Sambro, NS by the Canadian Coast Guard Ship ""HARE BAY"".",CLASS 5,NOVA SCOTIA (NS),Canadian TSB,0,0
52266,2024-06-28,,"On 28 June 2024, the fishing vessel ""THE DREAMER"", with 2 people on board, was reported capsized with its crew members overboard after having run aground due to drifting from a loss of propulsion near Burgeo, NL. The crew members were recovered by vessels of opportunity and taken to a hospital. The capsized vessel was towed and secured to the ferry dock by the vessels of opportunity, assisted by the Canadian Coast Guard Ship ""GABARUS BAY"".",CLASS 5,NEWFOUNDLAND AND LABRADOR (NL),Canadian TSB,0,0
52265,2024-06-27,,"On 27 June 2024, the fishing vessel ""SEAMAN'S TOY"", with 7 people on board, reported being disabled with a total engine failure in the vicinity of Downing Basin, NL. The vessel was towed to St. John's, NL by the Canadian Coast Guard Ship ""KOPIT HOPSON"".",CLASS 5,NEWFOUNDLAND AND LABRADOR (NL),Canadian TSB,0,0
52264,2024-06-28,,"On 28 June 2024, the tug ""SEAHOUND"" reported having sustained a total failure of its engines causing a loss of propulsion in the Welland Canal, ON. The crew resolved the issue while adrift and the vessel resumed its voyage.",CLASS 5,ONTARIO (ON),Canadian TSB,0,0
52263,2024-06-29,,"On 29 June 2024, the bulk carrier ""PORT PIRIE"", while under the conduct of a pilot and assisted by tugs for berthing, reported having struck the wharf in Port-Alfred, QC. The vessel was secured and the crew assessed the damage.",CLASS 5,QUEBEC (QC),Canadian TSB,0,0
52262,2024-06-26,,"On 26 June 2024, the fishing vessel ""LE NORDEST"", with 3 people on board, reported being disabled with a total failure of its main engine's lube oil system in Baie des Chaleurs off Miscou Harbour, NB. The crew assessed the issue and the vessel was escorted into the harbour by the Canadian Coast Guard Ship ""CAPE BRETON"".",CLASS 5,NEW BRUNSWICK (NB),Canadian TSB,0,0
52261,2024-06-27,,"On 27 June 2024, the fishing vessel ""K & S CRUISER"", with 2 people on board, reported being disabled with a fouled propeller in the vicinity of Notre Dame Bay, NL. The vessel was towed to Fogo Harbour, NL by the Canadian Coast Guard Ship ""CONCEPTION BAY"".",CLASS 5,NEWFOUNDLAND AND LABRADOR (NL),Canadian TSB,0,0
52260,2024-06-27,,"On 27 June 2024, the Canadian Coast Guard Ship ""AMUNDSEN"" reported having sustained a total failure of its port engine in Ungava Bay, NU. The vessel proceeded to an anchorage off Rivière Koksoak, QC to assess the issue. The vessel later proceeded to St. John's, NL for repairs.",CLASS 5,NUNAVUT (NU),Canadian TSB,0,0
52259,2024-06-27,,"On 27 June 2024, the tanker ""NAVIG8 UNIVERSE"", while under the conduct of a pilot, reported having sustained a total engine failure causing a loss of propulsion in the St. Lawrence River off Port de Montréal, QC. The vessel was anchored off Pointe-aux-Trembles, QC and the crew assessed the issue.",CLASS 5,QUEBEC (QC),Canadian TSB,0,0
52258,2024-06-27,,"On 27 June 2024, the passenger vessel ""NAVARK FAUCON MILLENIUM"", with 40 people on board, collided with a recreational craft, with 6 people on board. The collision took place on the St. Lawrence River, off Longueuil, QC in the vicinity of buoy No. MT68. There were injuries reported on both vessels.",CLASS 3,QUEBEC (QC),Canadian TSB,0,15
52257,2024-06-26,,"On 26 June 2024, the passenger ship ""ABSOLU 80"", with 47 people on board, reported being anchored after having sustained a total failure of its exhaust system in the St. Lawrence River off Île Sainte-Hélène, QC. The vessel was anchored for repairs off Longueuil, QC and the passengers were transferred on board another vessel that proceeded to section No. 16 of Port de Montréal, QC. Once the repairs were completed, the ""ABSOLU 80"" proceeded to the same wharf.",CLASS 5,QUEBEC (QC),Canadian TSB,0,0
52254,2024-06-17,,"On 17 June 2024, the cargo vessel ""MSC ANNICK"", while under the conduct of a pilot, reported having sustained a total main engine failure in the St. Lawrence River off Les Bergeronnes, QC. The vessel proceeded to disembark the pilot and returned to an anchorage off Les Razades, QC for repairs.",CLASS 5,NOVA SCOTIA (NS),Canadian TSB,0,0
52253,2024-06-26,,"On 26 June 2024, the fishing vessel ""SETTIN' MY WAY"", with 3 people on board, reported being disabled with a total failure of its main engine's cooling system in the vicinity of Scatarie Bank, NS. The vessel was towed to Main-à-Dieu, NS by the Canadian Coast Guard Ship ""LA POILE BAY"".",CLASS 5,NOVA SCOTIA (NS),Canadian TSB,0,0
52252,2024-06-25,,"On 25 June 2024, the tug ""SEASPAN EAGLE"", with 5 people on board and while towing the barge ""SEASPAN 882"", reported having sustained a total failure of its port engine in the Strait of Georgia off Roberts Bank, BC. The vessel proceeded to Vancouver, BC to hand off its barge to another tug and headed to a wharf for repairs.",CLASS 5,BRITISH COLUMBIA (BC),Canadian TSB,0,0
52250,2024-06-25,,"On 25 June 2024, the ferry ""NORTHERN EXPEDITION"" reported having sustained a total failure of its car deck ventilation system in Tolmie Channel, BC. The crew addressed the issue and the vessel resumed its voyage. ",CLASS 5,BRITISH COLUMBIA (BC),Canadian TSB,0,0
52249,2024-06-25,,"On 25 June 2024, the container ship ""MSC ANNICK"", while under the conduct of a pilot, reported having experienced a close quarters situation with a pleasure craft in the St. Lawrence River off Port de Montréal, QC.",CLASS 5,QUEBEC (QC),Canadian TSB,0,0
52247,2024-06-25,,"On 25 June 2024, the fishing vessel ""JENNIFER & PAMELA II"", with 4 people on board, reported being disabled with a total failure of its engine's transmission in the vicinity of Fishermans Bank in Northumberland Strait, PE. The vessel was towed to Beach Point, PE by the Canadian Coast Guard Ship ""CAPE SPRY"" and assisted for berthing by the fishing vessel ""SEA OF HOPE"".",CLASS 5,PRINCE EDWARD ISLAND (PE),Canadian TSB,0,0
52246,2024-06-17,,"On 17 June 2024, the cargo vessel ""MSC ANNICK"" reported dropping anchor off Les Razades, QC after having sustained a total failure of its main engine cooling system in the St. Lawrence River off Les Escoumins, QC. The crew solved the issue and the vessel proceeded to the pilot station.",CLASS 5,QUEBEC (QC),Canadian TSB,0,0
52245,2024-06-23,,"On 23 June 2024, the Canadian Coast Guard Ship ""CAPE DUNDAS"" reported having collided with a log on Lake Erie off Colchester, ON. The crew assessed the damage and the vessel resumed its operations. Divers later confirmed minor damage to the hull.",CLASS 5,ONTARIO (ON),Canadian TSB,0,0
52244,2024-06-23,,"On 23 June 2024, the tanker ""SARAH DESGAGNES"", with 15 people on board, reported having sustained damage to its forepeak while proceeding in ice in Hudson Strait, NU. The ingress of water stopped and the vessel was escorted to Kuujuaq, QC by the Canadian Coast Guard Ship ""AMUNDSEN"".",CLASS 5,NUNAVUT (NU),Canadian TSB,0,0
52242,2024-06-22,,"On 22 June 2024, the bulk carrier ""RUDDY"", while under the conduct of a pilot, reported having sustained a total engine failure causing a loss of propulsion in Traverse du Nord, QC. The crew solved the issue and the vessel resumed its voyage.",CLASS 5,QUEBEC (QC),Canadian TSB,0,0
52241,2024-06-25,,"On 25 June 2024, the fishing vessel ""HINDSIGHT 20/20"", with 4 people on board, reported being disabled with a total engine failure off Clark's Harbour, NS. The vessel was towed to East Pubnico, NS by the Canadian Coast Guard Ship ""CHEDABUCTO BAY"".",CLASS 5,NOVA SCOTIA (NS),Canadian TSB,0,0
52240,2024-06-24,,"On 24 June 2024, the fishing vessel ""K & S CRUISER"", with 3 people on board, reported being disabled with a fouled stabilizer in the vicinity of Notre Dame Bay off Fogo Harbour, NL. The crew freed the stabilizer and the vessel was escorted near the harbour by the Canadian Coast Guard Ship ""KOPIT HOPSON"".",CLASS 5,NEWFOUNDLAND AND LABRADOR (NL),Canadian TSB,0,0
52239,2024-06-21,,"On 21 June 2024, the bulk carrier ""ANDEAN"", while under the conduct of a pilot, reported having sustained a total failure of its astern propulsion in the St. Lawrence River off Trois-Rivières, QC. The vessel was anchored and the crew assessed the issue. The vessel was later secured at Section No. 19 with tug assistance and the crew resolved the issue.",CLASS 5,QUEBEC (QC),Canadian TSB,0,0
52238,2024-06-24,,"On 24 June 2024, the fishing vessel ""DION CARSON"", with 4 people on board, reported being disabled with a fouled propeller in the vicinity of Notre Dame Bay off Fogo Harbour, NL. The vessel was towed to Change Islands, NL by the fishing vessel ""GREEN BAY CHALLENGER"".",CLASS 5,NEWFOUNDLAND AND LABRADOR (NL),Canadian TSB,0,0
52237,2024-05-25,,"On 25 May 2024, the Canadian Coast Guard station workboat ""C14468NS"", known as ""CGF"" and with 4 people on board, reported having made bottom contact in the Southwest Cove of St. Margarets Bay, NS. Minor damage to the port propeller was assessed and the vessel resumed its operations.",CLASS 5,NOVA SCOTIA (NS),Canadian TSB,0,0
52236,2024-06-23,,"On 23 June 2024, the passenger vessel ""C17027QC"" known as ""EXPLORER 2"", with 10 people on board, reported being disabled with a total failure of its fuel supply system in the Gulf of St. Lawrence off Chéticamp, NS. The vessel was towed into the harbour by the Canadian Coast Guard auxiliary vessel ""CONNOR'S QUEST"".",CLASS 5,NOVA SCOTIA (NS),Canadian TSB,0,0
52235,2024-06-22,,"On 22 June 2024, the unmanned barges ""RALMAX 1"", ""SEASPAN 201"", ""SEASPAN 204"" and ""SEASPAN 211"" were reported dragging with their mooring and drifting towards Burnaby Shoal in Vancouver Harbour, BC. The barges were assisted by a local fire department workboat and later secured to a nearby mooring buoy by the tugs ""SEASPAN RAPTOR"" and ""SEASPAN HAWK"".",CLASS 5,BRITISH COLUMBIA (BC),Canadian TSB,0,0
52234,2024-06-24,,"On 24 June 2024, the ferry ""NORTHERN SEA WOLF"" reported having sustained a total failure of its starboard engine while secured in McLoughlin Bay, BC. The vessel proceeded to Port Hardy, BC for repairs.",CLASS 5,BRITISH COLUMBIA (BC),Canadian TSB,0,0
52232,2024-06-22,,"On 22 June 2024, the fishing vessel ""LADY JOY"", with 3 people on board, reported being disabled with a total failure of its engine controls off St. Anthony Bight, NL. The vessel was escorted to a wharf and assisted for berthing by a local Canadian Coast Guard station workboat.",CLASS 5,NEWFOUNDLAND AND LABRADOR (NL),Canadian TSB,0,0
52231,2024-06-22,,"On 22 June 2024, the fishing vessel ""HIGH BANK"", with 4 people on board, reported being disabled with a total engine failure in Northumberland Strait off Murray Harbour, PE. The vessel was towed to Montague, PE by the Canadian Coast Guard Ship ""S. DUDKA"".",CLASS 5,PRINCE EDWARD ISLAND (PE),Canadian TSB,0,0
52230,2024-06-22,,"On 22 June 2024, the fishing vessel ""DEAVEN .R"", with 4 people on board, reported being disabled with a total failure of its engine's cooling system in the Gulf of St. Lawrence off Shippagan, NB. The vessel was towed into the harbour by a local Canadian Coast Guard station workboat.",CLASS 5,NEW BRUNSWICK (NB),Canadian TSB,0,0
52229,2024-06-21,,"On 21 June 2024, the fishing vessel ""ATLANTIC GUARDIAN I"", with 6 people on board, reported being disabled with a total engine failure in the vicinity of Conception Bay, NL. The vessel was towed to Harbour Grace, NL by the Canadian Coast Guard Ship ""SPRAY"".",CLASS 5,NEWFOUNDLAND AND LABRADOR (NL),Canadian TSB,0,0
52228,2024-06-20,,"On 20 June 2024, the tug ""JOHN M LEDCOR"", with 2 people on board, reported having struck the south side of the Marpole railway bridge after having sustained a total failure of its propulsion system in the North Arm of the Fraser River, BC. The vessel was towed to a nearby wharf by the tug ""RON S LEDCOR"" where the crew assessed the damage.",CLASS 5,BRITISH COLUMBIA (BC),Canadian TSB,0,0
52227,2024-06-21,,"On 21 June 2024, the fishing vessel ""JULIE 'N SHAWN"", with 6 people on board, reported being disabled with a total failure of its engine's cooling system in the vicinity of Placentia Bay, NL. The vessel was towed to Burin, NL by the Canadian Coast Guard Ship ""BARRINGTON BAY"".",CLASS 5,NEWFOUNDLAND AND LABRADOR (NL),Canadian TSB,0,0
52226,2024-06-21,,"On 21 June 2024, the fishing vessel ""EAGLES PERCH"", with 3 people on board, reported being disabled with a total failure of its engine's fuel supply system in the vicinity of Glace Bay, NS. The vessel anchored while awaiting for assistance and was later towed into the harbour by the fishing vessel ""GRAMPY & CRUZ"".",CLASS 5,NOVA SCOTIA (NS),Canadian TSB,0,0
52224,2024-06-20,,"On 20 June 2024, the tug ""WILF SEYMOUR"", under the conduct of a pilot and while pushing the barge ""ALOUETTE SPIRIT"", reported having experienced a close quarters situation with the sailing vessel ""BRANWYN I"" in the St. Lawrence River at the eastern entrance of Canal de la Rive Sud, QC. ",CLASS 5,QUEBEC (QC),Canadian TSB,0,0
52223,2024-06-19,,"On 19 June 2024, the fishing vessel ""JOHNNY BOY"", with 3 people on board, reported being disabled with a total engine failure while drifting between buoys in the entrance channel of L'Anse de l'Étang du Nord, QC. The vessel was towed into the harbour by the Canadian Coast Guard auxiliary vessel ""CAPT'N WILLIAM"".",CLASS 5,QUEBEC (QC),Canadian TSB,0,0
52222,2024-06-16,,"On 16 June 2024, the bulk carrier ""PUNA"", with 22 people on board, reported having sustained a total engine failure on Lake Erie off Colchester, ON. The vessel was anchored for repairs, and once completed, resumed its voyage.",CLASS 5,ONTARIO (ON),Canadian TSB,0,0
52221,2024-06-19,,"On 19 June 2024, the fishing vessel ""LITTLE DEVILS II"", with 5 people on board, reported being disabled in the vicinity of Mira Bay, NS. The vessel was towed to Louisbourg, NS by the Canadian Coast Guard Ship ""LA POILE BAY"".",CLASS 5,NOVA SCOTIA (NS),Canadian TSB,0,0
52220,2024-06-19,,"On 19 June 2024, the fishing vessel ""MISS P.E.I. I"", with 4 people on board, reported a crew member sustaining a serious injury at the eastern entrance of the Northumberland Strait, PE. The fishing vessel ""CHASING DREAMS"" and the Canadian Coast Guard fast rescue craft from Souris, PE responded. Local fire fighters and paramedics attended the casualty at the dock in North Lake, PE. The crew member was later pronounced deceased.",CLASS 5,PRINCE EDWARD ISLAND (PE),Canadian TSB,1,0
52219,2024-06-18,,"On 18 June 2024, the fishing vessel ""GEORGIA GIRL I"", with 1 person on board, reported being disabled with a total engine failure in Stamp Narrows, BC. The vessel was towed to Port Alberni, BC by a vessel of opportunity.",CLASS 5,BRITISH COLUMBIA (BC),Canadian TSB,0,0
52217,2024-06-18,,"On 18 June 2024, the unnamed fishing vessel known as ""VRN 127805"", with 1 person on board, was reported overdue in Sweet Bay, NL. A local Canadian Coast Guard station workboat found the vessel flooded off Wolf Island, NL. Its crew member was recovered from the water and later pronounced deceased.",CLASS 5,NEWFOUNDLAND AND LABRADOR (NL),Canadian TSB,1,0
52216,2024-06-14,,"On 14 June 2024, the Canadian Coast Guard Ship ""HENRY LARSEN"", with 37 people on board, reported having sustained a fire on deck during hot work while alongside in St. John's, NL. The fire was extinguished and the crew resumed its refit operations.",CLASS 5,NEWFOUNDLAND AND LABRADOR (NL),Canadian TSB,0,0
52215,2024-06-17,,"On 17 June 2024, the fishing vessel ""MARLA ANNE"", with 3 people on board, reported being disabled with a fouled propeller in the vicinity of Tabusintac Bay, NB. The vessel was towed to Neguac, NB by a local motor vessel, the ""GUARDIAN 2"".",CLASS 5,PRINCE EDWARD ISLAND (PE),Canadian TSB,0,0
52214,2024-06-16,,"On 16 June 2024, the personal watercraft known as ""ON7936317"" was reported having been struck by a second personal watercraft, causing injuries to the first operator in Hamilton Harbour, ON. The injured operator was transported to a wharf by the local Police Service Marine Unit and sent to a hospital for medical assistance.",CLASS 5,ONTARIO (ON),Canadian TSB,0,1
52213,2024-06-18,,"On 18 June 2024, the tanker ""RF MARINA"", while under the conduct of a pilot, reported having sustained a total engine failure while anchored in the Saguenay River off Port-Alfred, QC. The vessel remained anchored for repairs.",CLASS 5,QUEBEC (QC),Canadian TSB,0,0
52212,2024-06-19,,"On 19 June 2024, the cargo vessel ""EM KEA"", while under the conduct of a pilot and assisted by 2 tugs for berthing, reported having sustained a total engine failure at section No. 60 of the Port de Montréal, QC. The vessel was secured and the crew assessed the issue.",CLASS 5,QUEBEC (QC),Canadian TSB,0,0
52211,2024-06-16,,"On 16 June 2024, the fishing vessel ""DRAGON DES MERS"", with 4 people on board, reported being disabled with a total engine failure on Miscou Banks, NB. The vessel was towed to Pigeon Hill, NB by the Canadian Coast Guard auxiliary vessel ""GUILLAUME JULIEN"".",CLASS 5,NEW BRUNSWICK (NB),Canadian TSB,0,0
52210,2024-06-17,,"On 17 June 2024, the fishing vessel ""SYLVITA M.C."", with 3 people on board, reported being disabled with a total failure of its fuel supply system in the vicinity of Gabarus Bay, NS. The vessel was towed to Louisbourg, NS by the fishing vessel ""BRITTANY & MADISON"".",CLASS 5,NOVA SCOTIA (NS),Canadian TSB,0,0
52209,2024-06-16,,"On 16 June 2024, the fishing vessel ""LAUREN ELLIE"", with 4 people on board, reported being disabled with a total failure of its propulsion system in the vicinity of Canso Bank, NS. The vessel was towed to Louisbourg, NS by the Canadian Coast Guard Ship ""LA POILE BAY"".",CLASS 5,NOVA SCOTIA (NS),Canadian TSB,0,0
52208,2024-06-15,,"On 15 June 2024, the fishing vessel ""KNOTTY"", with 4 people on board, reported being disabled with a total engine failure in Northumberland Strait off Pugwash, NS. The vessel was towed to the harbour by the Canadian Coast Guard auxiliary vessel ""ANOTHER OPTION"".",CLASS 5,NOVA SCOTIA (NS),Canadian TSB,0,0
52207,2024-06-15,,"On 15 June 2024, the unregistered fishing vessel known as ""CHARLIE AQQ LIZ"", with 3 people on board, reported being disabled with a total engine failure in the vicinity of Louisbourg Harbour, NS. The vessel was towed to the harbour by the Canadian Coast Guard Ship ""LA POILE BAY"".",CLASS 5,NOVA SCOTIA (NS),Canadian TSB,0,0
52206,2024-06-14,,"On 14 June 2024, the passenger vessel ""SILVA OF HALIFAX"", with 123 people on board, reported being disabled with a total failure of its propulsion system in Halifax Harbour, NS. The crew solved the issue and was escorted to a wharf by the tug ""HALMAR"".",CLASS 5,NOVA SCOTIA (NS),Canadian TSB,0,0
52205,2024-06-14,,"On 14 June 2024, the fishing vessel ""PRINCESS JILLIAN"", with 4 people on board, reported being disabled with a total failure of its rudder off Cape Broyle, NL. The vessel was towed to Fermeuse, NL by the fishing vessel ""FOUR GIRLS I"".",CLASS 5,NEWFOUNDLAND AND LABRADOR (NL),Canadian TSB,0,0
52204,2024-06-14,,"On 14 June 2024, the unregistered fishing vessel known as ""CHARLIE AQQ LIZ"", with 3 people on board, reported being disabled with a total engine failure in the vicinity of Louisbourg Harbour, NS. The vessel was towed to the harbour by the Canadian Coast Guard Ship ""LA POILE BAY"".",CLASS 5,NOVA SCOTIA (NS),Canadian TSB,0,0
52203,2024-06-13,,"On 13 June 2024, the container ship ""OCEANEX SANDERLING"", while under the conduct of a pilot, reported having struck the wharf while berthing in Fairview Cove off Halifax, NS. Minor damage to the wharf was reported and the vessel resumed its voyage.",CLASS 5,NOVA SCOTIA (NS),Canadian TSB,0,0
52202,2024-06-15,,"On 15 June 2024, the bulk carrier ""CAPE GRECO"", while under the conduct of a pilot, reported having sustained a total loss of electrical power causing a loss of propulsion upon arrival at an anchorage in English Bay, BC. The vessel was temporarily anchored and awaited for tugs to move to another anchorage point and assess the issue.",CLASS 5,BRITISH COLUMBIA (BC),Canadian TSB,0,0
52201,2024-06-14,,"On 14 June 2024, the Canadian Coast Guard Ship ""JOHN P. TULLY"" reported having sustained a total failure of one of its engine's transmission in Quatsino Sound, BC. The vessel proceeded to an anchorage in Port San Juan, BC to assess the issue.",CLASS 5,BRITISH COLUMBIA (BC),Canadian TSB,0,0
52200,2024-06-17,,"On 17 June 2024, the fishing vessel ""YOHAN MIRJA"", with 3 people on board, reported being disabled with a total failure of its engine's transmission in the St. Lawrence River off Baie-Comeau, QC. The vessel was towed to Matane, QC by the Canadian Coast Guard auxiliary vessel ""C04497QC"" known as ""AUXILIAIRE 1222"". ",CLASS 5,QUEBEC (QC),Canadian TSB,0,0
52199,2024-06-16,,"On 16 June 2024, the ferry ""CATHERINE-LEGARDEUR"" reported having sustained a total failure of one of its engine's fuel supply systems in the St. Lawrence River off Sorel, QC. The vessel proceeded to a wharf for repairs, and once effected, resumed its operations.",CLASS 5,QUEBEC (QC),Canadian TSB,0,0
52198,2024-06-16,,"On 16 June 2024, the cargo vessel ""UKPIK"", while under the conduct of a pilot, reported having sustained a total engine failure in the St. Lawrence River off Pointe-aux-Trembles, QC. The vessel proceeded to a wharf in Bécancour, QC for repairs.",CLASS 5,QUEBEC (QC),Canadian TSB,0,0
52197,2024-06-13,,"On 13 June 2024, the ferry ""RITA JOE"" reported having experienced a close quarters situation with 3 personal watercrafts in Halifax Harbour, NS. The ferry used sound signals and maneuvered to avoid a collision.",CLASS 5,NOVA SCOTIA (NS),Canadian TSB,0,0
52196,2024-06-08,,"On 08 June 2024, the bulk carrier ""MICHIPICOTEN"", with 22 people on board, reported taking on water and listing on its starboard side on Lake Superior off Ontanagon, MI, USA. Water was pumped out of the No. 4 starboard double bottom water ballast tank and the vessel proceeded under escort to Thunder Bay, ON. As a precaution, 11 crew members were disembarked while underway by the U.S. Coast Guard. Once alongside in Thunder Bay, ON, a diving operation revealed that the vessel had a 4 metre long crack on the bottom.",CLASS 5,Outside Provincial Boundaries,Canadian TSB,0,0
52195,2024-06-14,,"On 14 June 2024, the passenger vessel ""C27822QC"", known as ""LE PERROQUET"" and with 12 people on board, reported having sustained a total engine failure in Chenal aux Perroquets, QC. The passengers were disembarked on Île aux Perroquets, QC while the crew assessed the issue. The Canadian Coast Guard Ship ""CAP PERCE"" transported the passengers to Mingan, QC and ""LE PERROQUET"" proceeded to a wharf to complete repairs.",CLASS 5,QUEBEC (QC),Canadian TSB,0,0
52194,2024-06-13,,"On 13 June 2024, the cargo vessel ""HEERENGRACHT"", while under the conduct of a pilot, reported having experienced a close quarters situation with a sailboat with hull number ""13D9159"" in Canal de Beauharnois, QC.",CLASS 5,QUEBEC (QC),Canadian TSB,0,0
52193,2024-06-13,,"On 13 June 2024, the cargo vessel ""UBC SANTA MARTA"" reported having sustained a total failure of its main engine fuel supply system in Chenal Laurentien off Île d'Anticosti, QC. The vessel was repaired while adrift and resumed its voyage.",CLASS 5,QUEBEC (QC),Canadian TSB,0,0
52192,2024-06-13,,"On 13 June 2024, the fishing vessel ""CHASING TAILS 18"", with 3 people on board, reported being disabled at the eastern entrance of Northumberland Strait, PE. The vessel was towed to Souris, PE by the Canadian Coast Guard Ship ""CAPE SPRY"".",CLASS 5,PRINCE EDWARD ISLAND (PE),Canadian TSB,0,0
52191,2024-06-13,,"On 13 June 2024, the container ship ""CMA CGM CHILE"", with 23 people on board, reported having sustained a total failure of its engine in the vicinity of Halifax, NS. The vessel was repaired while adrift and resumed its voyage.",CLASS 5,NOVA SCOTIA (NS),Canadian TSB,0,0
52190,2024-06-12,,"On 12 June 2024, the fishing vessel ""MAXIMUM VENTURE"", with 7 people on board, reported being disabled with a mechanical failure in the vicinity of Downing Basin, NL. The vessel was towed to Bay de Verde, NL by the fishing vessel ""ATLANTIC PROVIDENCE"".",CLASS 5,NEWFOUNDLAND AND LABRADOR (NL),Canadian TSB,0,0
52189,2024-06-12,,"On 12 June 2024, the fishing vessel ""JERRY'S DREAM"", with 5 people on board, reported being disabled with a total failure of its fuel supply system in Placentia Bay, NL. The vessel was towed to Placentia, NL by the Canadian Coast Guard auxiliary vessel ""CAN'T DO IT ALL"".",CLASS 5,NEWFOUNDLAND AND LABRADOR (NL),Canadian TSB,0,0
52188,2024-06-12,,"On 12 June 2024, the passenger vessel ""HARBOUR HOPPER 6"", with 31 people on board, reported being disabled with a total failure of its propulsion system in Halifax Harbour, NS. The disabled vessel was secured to a nearby wharf and the passengers were disembarked before the crew assessed the issue.",CLASS 5,NOVA SCOTIA (NS),Canadian TSB,0,0
52187,2024-06-12,,"On 12 June 2024, the container ship ""VOLGA MAERSK"", while under the conduct of a pilot, reported having experienced a close quarters situations with 4 personal watercrafts in the St. Lawrence River above Pont Pierre-Laporte, QC. ",CLASS 5,QUEBEC (QC),Canadian TSB,0,0
52186,2024-06-12,,"On 12 June 2024, the unregistered fishing vessel known as ""CHARLIE AQQ LIZ"", with 3 people on board, reported being disabled with a total engine failure in the vicinity of Louisbourg Harbour, NS. The vessel was towed to the harbour by the Canadian Coast Guard Ship ""LA POILE BAY"".",CLASS 5,NOVA SCOTIA (NS),Canadian TSB,0,0
52185,2024-06-10,,"On 10 June 2024, the cargo vessel ""LAWIN ARROW"", while under the conduct of a pilot, reported having sustained a total engine failure in the Strait of Georgia off Steveston, BC. The vessel was assisted by the tug ""SST SALISH"" to an anchorage in English Bay, BC where the crew assessed the issue.",CLASS 5,BRITISH COLUMBIA (BC),Canadian TSB,0,0
52184,2024-06-10,,"On 10 June 2024, the fishing vessel ""454"", with 2 people on board, reported being disabled with a mechanical failure in Salmon Channel, BC. The vessel lowered its anchor while awaiting for assistance. A local Canadian Coast Guard Station workboat towed the vessel to Port McNeill, BC for repairs.",CLASS 5,BRITISH COLUMBIA (BC),Canadian TSB,0,0
52183,2024-06-10,,"On 10 June 2024, the fishing vessel ""MISS ERNESTINE"", with 3 people on board, reported being disabled with a total failure of its main engine fuel supply system at the mouth of Prince Rupert Harbour, BC. The vessel was towed and secured in the harbour by the Canadian Coast Guard Ship ""MCINTYRE BAY "".",CLASS 5,BRITISH COLUMBIA (BC),Canadian TSB,0,0
52182,2024-06-11,,"On 11 June 2024, the fishing vessel ""C33306NL"", known as ""L & P HANN"" and with 4 people on board, reported being disabled with a total engine failure in White Bay, NL. The vessel was towed to Englee, NL by the Canadian Coast Guard Ship ""PENNANT BAY"".",CLASS 5,NEWFOUNDLAND AND LABRADOR (NL),Canadian TSB,0,0
52181,2024-06-12,,"On 12 June 2024, the fishing vessel ""NAUTICA I"", with 2 people on board, reported being disabled with a total failure of its steering system in the Gulf of St-Lawrence off Grande-Entrée, QC. The issue was rectified before the arrival of any assistance and the vessel resumed its voyage.",CLASS 5,QUEBEC (QC),Canadian TSB,0,0
52180,2024-06-04,,"On 04 June 2024, the cargo vessel ""FEDERAL DELTA"", while under the conduct of a pilot, reported having sustained a total failure of its engine in the St. Lawrence River off Île des Barques, QC. The vessel was anchored for repairs, and once effected, resumed its voyage.",CLASS 5,QUEBEC (QC),Canadian TSB,0,0
52179,2024-06-11,,"On 11 June 2024, the fishing vessel ""BUSTER'S PRIDE"", with 3 people on board, reported being disabled with a total failure of its engine in the Gulf of St. Lawrence off Chéticamp, NS. The vessel was towed to the harbour by the Canadian Coast Guard auxiliary vessel ""KNOT IN A RUSH"".",CLASS 5,NOVA SCOTIA (NS),Canadian TSB,0,0
52178,2024-06-10,,"On 10 June 2024, the fishing vessel ""RAINBOW VENTURE"", with 3 people on board, reported being disabled with a total failure of its propulsion system while in the Labrador Sea off Belle Isle, NL. The vessel was towed to St. Anthony, NL by the Canadian Coast Guard Ship ""PENNANT BAY"".",CLASS 5,NEWFOUNDLAND AND LABRADOR (NL),Canadian TSB,0,0
52177,2024-06-10,,"On 10 June 2024, the passenger ship ""BUBS BOUNTY"", with 14 people on board, reported being towed with a total failure of its electrical power supply system, causing a loss of propulsion, in Passamaquoddy Bay, NB. The vessel was towed to Saint Andrews, NB by the Canadian Coast Guard auxiliary vessel ""ALL DONE"".",CLASS 5,NEW BRUNSWICK (NB),Canadian TSB,0,0
52176,2024-06-10,,"On 10 June 2024, the fishing vessel ""RAZOR'S EDGE I"", with 4 people on board, reported being disabled with water ingress in its steering compartment off Clark's Harbour, NS. The vessel was assisted by the fishing vessel ""MERSEY SEVEN"" while the crew controlled the ingress. The Canadian Coast Guard Ship ""CHEDABUCTO BAY"" was stood down and the fishing vessel resumed its voyage.",CLASS 5,NOVA SCOTIA (NS),Canadian TSB,0,0
52175,2024-06-08,,"On 08 June 2024, a pleasure craft collided with the seaplane C-FFHA during take-off in Vancouver Harbour, BC. See Air occurrence A24P0060.",CLASS 5,BRITISH COLUMBIA (BC),Canadian TSB,0,0
52173,2024-06-08,,"On 08 June 2024, the fishing vessel ""THORBURN VENTURE"", with 5 people on board, reported being disabled with a total engine failure off Port Mouton, NS. The vessel was towed to Shelburne, NS by the Canadian Coast Guard Ship ""EARL GREY"".",CLASS 5,NOVA SCOTIA (NS),Canadian TSB,0,0
52172,2024-06-08,,"On 08 June 2024, the fishing vessel ""SEAGULL"", with 3 people on board, reported being disabled with a total failure of its steering system off Miramichi Bay, NB. The vessel was towed to Neguac, NB by the fishing vessel ""MAKE MY DAY"".",CLASS 5,NEW BRUNSWICK (NB),Canadian TSB,0,0
52171,2024-06-08,,"On 08 June 2024, the container ship ""CONTSHIP ART"", while under the conduct of a pilot, reported having struck the wharf upon departure from Fairview Cove off Halifax, NS. Minor damage to the wharf was reported and the vessel resumed its voyage.",CLASS 5,NOVA SCOTIA (NS),Canadian TSB,0,0
52171,2024-06-08,,"On 08 June 2024, the container ship ""CONTSHIP ART"", while under the conduct of a pilot, reported having struck the wharf upon departure from Fairview Cove off Halifax, NS. Minor damage to the wharf was reported and the vessel resumed its voyage.",CLASS 5,NOVA SCOTIA (NS),Canadian TSB,0,0
52170,2024-06-08,,"On 08 June 2024, the crude oil tanker ""GREEN AZURE"", while under the conduct of a pilot, reported having sustained a total failure of its engine in the St. Lawrence River off Sainte-Pétronille, QC. The crew effected repairs while underway and the vessel resumed its voyage.",CLASS 5,QUEBEC (QC),Canadian TSB,0,0
52168,2024-06-08,,"On 08 June 2024, the service ship ""OCEAN TRAVERSE NORD"" reported having sustained a total failure of its engine in the St. Lawrence River off Batiscan, QC. The vessel proceeded to an anchorage in the area for repairs, and once effected, resumed its voyage. It was later reported that the repair had failed and additional repairs were necessary.",CLASS 5,QUEBEC (QC),Canadian TSB,0,0
52167,2024-06-08,,"On 08 June 2024, the fishing vessel ""SALTWATER PRIDE"", with 4 people on board, reported being disabled with a total failure of its transmission in the vicinity of Notre Dame Bay, NL. The vessel was towed to La Scie, NL by the Canadian Coast Guard Ship ""CONCEPTION BAY"".",CLASS 5,NEWFOUNDLAND AND LABRADOR (NL),Canadian TSB,0,0
52166,2024-06-06,,"On 06 June 2024, the fishing vessel ""CAPE CHELSEA"", with 6 people on board, reported being disabled with a total failure of its engine on The Grand Banks of Newfoundland, NL. The vessel was towed to St. John's, NL by the Canadian Coast Guard Ship ""ANN HARVEY"".",CLASS 5,NEWFOUNDLAND AND LABRADOR (NL),Canadian TSB,0,0
52165,2024-06-07,,"On 07 June 2024, the fishing vessel ""TRINITY STAR"", with 3 people on board, reported being disabled with a total failure of its engine off Conception Bay, NL. The vessel was towed to St. John's, NL by the Canadian Coast Guard Ship ""SACRED BAY"".",CLASS 5,NEWFOUNDLAND AND LABRADOR (NL),Canadian TSB,0,0
52164,2024-06-07,,"On 07 June 2024, the fishing vessel ""BOLD VENTURE"", with 4 people on board, reported having run aground and taking on water in the vicinity of Fish Bay, BC. The vessel was assisted by the tug ""ATLANTIC EAGLE"" and by the Canadian Coast Guard Ship ""CADBORO BAY"", that later escorted the damaged vessel to Prince Rupert, BC.",CLASS 5,BRITISH COLUMBIA (BC),Canadian TSB,0,0
52163,2024-06-06,,"On 06 June 2024, the ferry ""DIDACE-GUEVREMONT"" reported having sustained a total failure of one of its propulsion systems while secured in Sorel, QC. The vessel remained alongside for repairs.",CLASS 5,QUEBEC (QC),Canadian TSB,0,0
52162,2024-06-06,,"On 06 June 2024, the fishing vessel ""C34937NL"", known as ""CARLEIGH ROSE"" and with 2 people on board, reported being disabled with a total failure of its fuel supply system in the vicinity of Trunmore Bay, NL. The vessel was anchored and was later assisted by the tanker ""TUVAQ W."" before proceeding to Cartwright, NL. ",CLASS 5,NEWFOUNDLAND AND LABRADOR (NL),Canadian TSB,0,0
52161,2024-06-05,,"On 05 June 2024, the Canadian Coast Guard Ship ""BARRINGTON BAY"", with 4 people on board, reported having collided with the ferry ""NORDET"" while doing drills in the vicinity of Fortune Bay, NL. The crew assessed the damage and the vessel resumed its voyage.",CLASS 5,NEWFOUNDLAND AND LABRADOR (NL),Canadian TSB,0,0
52160,2024-06-06,,"On 06 June 2024, the Canadian Coast Guard Ship ""CYGNUS"" reported its lifeboat, with 3 people on board, sustained an engine fire during a drill in St. John Harbour, NB. The crew extinguished the fire and the lifeboat was towed alongside the ""CYGNUS"" using the vessel's workboat. ",CLASS 5,NEW BRUNSWICK (NB),Canadian TSB,0,0
52160,2024-06-06,,"On 06 June 2024, the Canadian Coast Guard Ship ""CYGNUS"" reported its lifeboat, with 3 people on board, sustained an engine fire during a drill in St. John Harbour, NB. The crew extinguished the fire and the lifeboat was towed alongside the ""CYGNUS"" using the vessel's workboat. ",CLASS 5,NEW BRUNSWICK (NB),Canadian TSB,0,0
52159,2024-06-06,,"On 06 June 2024, the fishing vessel ""LAST ENDEAVOUR"", with 4 people on board, reported being disabled with a total failure of its engine transmission in Placentia Bay, NL. The vessel was towed to Red Harbour, NL by the Canadian Coast Guard auxiliary vessel ""GOLDWYN BROTHERS"".",CLASS 5,NEWFOUNDLAND AND LABRADOR (NL),Canadian TSB,0,0
52158,2024-06-06,,"On 06 June 2024, the fishing vessel ""BAD REPUTATION"", with 2 people on board, reported being disabled with a total failure of its propulsion system on Sable Island Bank, NS. The vessel was towed to Eastern Passage, NS by the Canadian Coast Guard Ship ""TELEOST"".",CLASS 5,NOVA SCOTIA (NS),Canadian TSB,0,0
52157,2024-06-03,,"On 03 June 2024, the fishing vessel ""LA CHOUETTE III"", with 3 people on board, reported being disabled with a total failure of its fuel supply system in the Gulf of St. Lawrence off L'Étang-du-Nord, QC. The vessel was towed to a wharf by the fishing vessel ""VIGNEAU AND SONS"".",CLASS 5,QUEBEC (QC),Canadian TSB,0,0
52154,2024-06-06,,"On 06 June 2024, the ferry ""DEER ISLAND PRINCESS II"", with 25 people on board, reported having made bottom contact, causing damage to one of its propulsion systems in Little Letete Passage, NB. The vessel proceeded to its wharf off Butler Point, NB to disembark its passengers and assess the damage.",CLASS 5,NEW BRUNSWICK (NB),Canadian TSB,0,0
52153,2024-06-02,,"On 02 June 2024, the cargo ship ""BBC UTAH"", while under the conduct of a pilot, reported having experienced a close quarters situation with the pleasure craft ""IT'S LIFE"" in the St. Lawrence River off Port de Montréal, QC.",CLASS 5,QUEBEC (QC),Canadian TSB,0,0
52152,2024-06-05,,"On 05 June 2024, the passenger vessel ""GRAND PRINCESS"", while under the conduct of a pilot, reported having sustained a total failure of one of its engines upon departure from Vancouver, BC. The vessel remained alongside and the crew assessed the issue.",CLASS 5,BRITISH COLUMBIA (BC),Canadian TSB,0,0
52151,2024-06-05,,"On 05 June 2024, the cargo vessel ""LAWIN ARROW"", while under the conduct of a pilot, reported being disabled with a total failure of its engine in the Fraser River off Steveston, BC. The vessel was anchored while waiting for tug assistance to proceed to its destination. ",CLASS 5,BRITISH COLUMBIA (BC),Canadian TSB,0,0
52150,2024-06-01,,"On 01 June 2024, the cargo vessel ""HARVEST SPIRIT"", while under the conduct of a pilot, reported having experienced a close quarters situation with the pleasure craft ""EXCESSIVE IV"" in the St. Lawrence River off Longueuil, QC. The cargo vessel maneuvered to avoid a collision.",CLASS 5,QUEBEC (QC),Canadian TSB,0,0
52149,2024-06-01,,"On 01 June 2024, the cargo vessel ""FEDERAL DEE"", while under the conduct of a pilot, reported having experienced a close quarters situation with a pleasure craft in the St. Lawrence River off Port de Montréal, QC. The cargo vessel maneuvered to avoid a collision.",CLASS 5,QUEBEC (QC),Canadian TSB,0,0
52148,2024-06-01,,"On 01 June 2024, the passenger ship ""VOLENDAM"", while under the conduct of a pilot, reported one of its passengers sustained an injury on board while in the St. Lawrence River off Tracy, QC. The vessel proceeded to a wharf in Port de Montréal, QC and the passenger was sent to a hospital.",CLASS 5,QUEBEC (QC),Canadian TSB,0,1
52147,2024-05-31,,"On 31 May 2024, the unoccupied Canadian Coast Guard workboat ""C23572QC"" was reported having capsized while being recovered by the Canadian Coast Guard Ship ""A. LEBLANC"" in the Gulf of St. Lawrence off Grande-Entrée, QC. The workboat was recovered and the ""A. LEBLANC"" proceeded to Cap-aux-Meules, QC for a damage assessment of its workboat.",CLASS 5,QUEBEC (QC),Canadian TSB,0,0
52146,2024-06-05,,"On 05 June 2024, the cargo vessel ""AMSTEL CONFIDENCE"", while under the conduct of a pilot, reported having experienced a close quarters situation with the pleasure craft ""HELIOPSIS"" in the St. Lawrence River off Lanoraie, QC. The cargo vessel maneuvered to avoid a collision.",CLASS 5,QUEBEC (QC),Canadian TSB,0,0
52145,2024-06-04,,"On 04 June 2024, the cargo vessel ""FEDERAL DELTA"", while under the conduct of a pilot, reported having sustained a total failure of its engine on Lac Saint-Pierre, QC. The vessel was anchored for repairs, and once effected, resumed its voyage.",CLASS 5,QUEBEC (QC),Canadian TSB,0,0
52144,2024-05-30,,"On 30 May 2024, the cargo vessel ""CS FORTUNE"", while under the conduct of a pilot, reported a close quarters situation with the sailing vessel ""EQUINOXE"" in the St. Lawrence River off Saint-Romuald, QC. The cargo vessel maneuvered to avoid a collision.",CLASS 5,QUEBEC (QC),Canadian TSB,0,0
52143,2024-06-04,,"On 04 June 2024, the fishing vessel ""MARY PATTY MISHA"", with 3 people on board, reported being disabled with a total failure of its fuel supply system in Northumberland Strait off Bothwell, PE. The vessel was towed to Souris, PE by the Canadian Coast Guard Ship ""CAPE SPRY"".",CLASS 5,PRINCE EDWARD ISLAND (PE),Canadian TSB,0,0
52142,2024-05-30,,"On 30 May 2024, the cargo vessel ""EVANS SPIRIT"", while under the conduct of a pilot, reported a close quarters situation with the sailing vessel ""EQUINOXE"" in the St. Lawrence River off Saint-Romuald, QC. The cargo vessel maneuvered to avoid a collision.",CLASS 5,QUEBEC (QC),Canadian TSB,0,0
52141,2024-06-04,,"On 04 June 2024, the fishing vessel ""N KIJINU"", with 7 people on board, reported being disabled with a total failure of its engine in Gabarus Bay, NS. The vessel was towed to Louisbourg, NS by the Canadian Coast Guard Ship ""LA POILE BAY"".",CLASS 5,NOVA SCOTIA (NS),Canadian TSB,0,0
52140,2024-06-03,,"On 03 June 2024, the passenger vessel ""HARBOUR HOPPER 5"", with 20 people on board, reported being disabled with a fouled propeller in Halifax Harbour, NS. The vessel was anchored before being towed to a wharf, by the tug ""HALMAR"", where a damage assessment was completed.",CLASS 5,NOVA SCOTIA (NS),Canadian TSB,0,0
52139,2024-05-30,,"On 30 May 2024, the fishing vessel ""LIFETIMER"", with 2 people on board, reported being disabled with a total failure of its fuel supply system in Kitimat Arm, BC. The vessel was towed to Kitimat, BC by a local Royal Canadian Marine Search and Rescue workboat.",CLASS 5,BRITISH COLUMBIA (BC),Canadian TSB,0,0
52138,2024-05-31,,"On 31 May 2024, the ferry ""NORTHERN ADVENTURE"" reported having sustained a total failure of its main engine fuel supply system in Wright Sound, BC. The crew effected repairs adrift and the vessel resumed its voyage. ",CLASS 5,BRITISH COLUMBIA (BC),Canadian TSB,0,0
52137,2024-05-31,,"On 31 May 2024, the fishing vessel ""MISS ERNESTINE"", with one person on board, reported being disabled with a total failure of its main engine fuel supply system in Grenville Channel, BC. The vessel was assisted by a local Canadian Coast Guard workboat, and towed to Port Edward, BC by the Canadian Coast Guard Ship ""MCINTYRE BAY "".",CLASS 5,BRITISH COLUMBIA (BC),Canadian TSB,0,0
52136,2024-05-19,,"On 19 May 2024, the commercial sports fishing vessel ""C31540AB"", with 3 people on board, was reported having run aground causing an injury to one of its crew members in the vicinity of Payne Channel, BC. The vessel was towed to Hartley Bay, BC by a local Royal Canadian Marine Search and Rescue vessel and the injured crew member was sent to a hospital. ",CLASS 5,BRITISH COLUMBIA (BC),Canadian TSB,0,1
52135,2024-06-02,,"On 02 June 2024, the bulk carrier ""STAR LAMBADA"", while under the conduct of a pilot, reported having sustained a total engine failure upon departure from an anchorage in English Bay, BC. The vessel was re-anchored for repairs. ",CLASS 5,BRITISH COLUMBIA (BC),Canadian TSB,0,0
52134,2024-06-02,,"On 02 June 2024, the fishing vessel ""ATLANTIC FROST"", with 8 people on board, reported being disabled with a total failure of its main engine's transmission in St. Mary's Bay, NL. The vessel was assisted by the Canadian Coast Guard Ship ""VLADYKOV"" and the crew effected repairs while adrift before proceeding to St. Joseph's, NL.",CLASS 5,NEWFOUNDLAND AND LABRADOR (NL),Canadian TSB,0,0
52133,2024-06-02,,"On 02 June 2024, the unregistered fishing vessel ""KELYSABCARO"", with 3 people on board, reported being disabled with a total engine failure in Gabarus Bay, NS. The vessel was towed to Louisbourg, NS by the Canadian Coast Guard Ship ""LA POILE BAY"".",CLASS 5,NOVA SCOTIA (NS),Canadian TSB,0,0
52132,2024-06-01,,"On 01 June 2024, the fishing vessel ""OCEAN GLIDER"", with 5 people on board, reported being disabled with a total failure of its steering system while at sea off Belle Isle, NL. The vessel was towed to St. Lunaire-Griquet, NL by the fishing vessel ""ROYAL ATLANTIC"".",CLASS 5,NEWFOUNDLAND AND LABRADOR (NL),Canadian TSB,0,0
52131,2024-06-01,,"On 01 June 2024, the fishing vessel ""FAMILY MATTERS I "", with 3 people on board, reported being disabled with a total failure of its engine cooling system in the vicinity of Gabarus Bay, NS. The vessel was towed to Louisbourg, NS by the Canadian Coast Guard Ship ""LA POILE BAY"".",CLASS 5,NOVA SCOTIA (NS),Canadian TSB,0,0
52130,2024-05-31,,"On 31 May 2024, the fishing vessel ""BRIELLA ANNE"", with 2 people on board, reported being disabled with a total failure of its engine off Sheet Harbour, NS. The vessel was towed to Port Bickerton, NS by the Canadian Coast Guard Ship ""CHIGNECTO BAY"".",CLASS 5,NOVA SCOTIA (NS),Canadian TSB,0,0
52129,2024-05-31,,"On 31 May 2024, the fishing vessel ""SAVANA & JAX"", with 4 people on board, reported being disabled with a total failure of its engine in the Gulf of Maine off Yarmouth, NS. The vessel was towed to Lower East Pubnico, NS by the Canadian Coast Guard Ship ""CHIGNECTO BAY"".",CLASS 5,NOVA SCOTIA (NS),Canadian TSB,0,0
52128,2024-05-30,,"On 30 May 2024, the fishing vessel ""SYLVITA M.C."", with 2 people on board, reported being disabled with a total failure of its electrical power supply system in the vicinity of Gabarus Bay, NS. The vessel was towed to Louisbourg, NS by the Canadian Coast Guard Ship ""LA POILE BAY"".",CLASS 5,NOVA SCOTIA (NS),Canadian TSB,0,0
52127,2024-05-30,,"On 30 May 2024, the fishing vessel ""LA MARACHE"", with 3 people on board, reported being disabled with a fouled propeller in Muddy Hole Bay, NL. The vessel was towed to Burgeo, NL by the Canadian Coast Guard Ship ""GABARUS BAY"".",CLASS 5,NEWFOUNDLAND AND LABRADOR (NL),Canadian TSB,0,0
52126,2024-05-30,,"On 30 May 2024, the fishing vessel ""SWEETHEART"", with 3 people on board, reported being disabled with a total failure of its engine in the vicinity of Tabusintac Bay, NB. The vessel was towed to Neguac, NB by the fishing vessels ""GUARDIAN 2011"" and ""MOLLY D."".",CLASS 5,NEW BRUNSWICK (NB),Canadian TSB,0,0
52125,2024-05-29,,"On 29 May 2024, the fishing vessel ""CAPTAIN'S DREAM"", with 2 people on board, reported being disabled with a total failure of its engine's transmission in Prince of Wales Reach, BC. The vessel was towed to Pender Island, BC by the fishing vessels ""CIAO"" and ""GALIVANTER"".",CLASS 5,BRITISH COLUMBIA (BC),Canadian TSB,0,0
52124,2024-05-29,,"On 29 May 2024, the fishing vessel ""MISS PIG BROOK"", with 3 people on board, reported being disabled with a fouled propeller in Northumberland Strait off Fox Harbour, NS. The vessel was towed to Wallace Harbour, NS by the Canadian Coast Guard auxiliary vessel ""NOVEMBER RAIN"".",CLASS 5,NOVA SCOTIA (NS),Canadian TSB,0,0
52123,2024-05-29,,"On 29 May 2024, the fishing vessel ""BARNEY"" was reported disabled with a fouled propeller in the vicinity of Tabusintac Bay, NB. The vessel was towed to Neguac, NB by the fishing vessel ""GUARDIAN 2011"".",CLASS 5,NEW BRUNSWICK (NB),Canadian TSB,0,0
52122,2024-05-28,,"On 28 May 2024, the bulk carrier ""LANNA NAREE"" reported having sustained a total failure of its fuel supply system in the St. Lawrence River off Baie-Comeau, QC. The engine was stopped for repairs, and once effected, the vessel resumed its voyage.",CLASS 5,QUEBEC (QC),Canadian TSB,0,0
52121,2024-05-27,,"On 27 May 2024, the fishing vessel ""MALBAIE STAR I"", with 5 people on board, reported having capsized in Baie de Gaspé, QC. All crew members were recovered by the fishing vessel ""OCEAN OUTLAW"" and transported to Grande-Grave, QC for medical assistance. The vessel subsequently sank and the wreck was later secured by the Canadian Coast Guard Ship ""CAP AUX MEULES"".",CLASS 5,QUEBEC (QC),Canadian TSB,0,0
52120,2024-05-28,,"On 28 May 2024, the fishing vessel ""C. SISTERS"", with 4 people on board, reported being disabled with a total failure of its main engine in the vicinity of Spanish Bay, NS. The vessel was towed to Alder Point, NS by the fishing vessel ""TRACY-L"".",CLASS 5,NOVA SCOTIA (NS),Canadian TSB,0,0
52119,2024-05-27,,"On 27 May 2024, the fishing vessel ""MYLA & MARIE"", with 4 people on board, reported being disabled with a total failure of its rudder in the vicinity of Scatarie Bank, NS. The vessel was towed to Main-à-Dieu, NS by the fishing vessel ""CARTER & CALLIE"".",CLASS 5,NOVA SCOTIA (NS),Canadian TSB,0,0
52118,2024-05-27,,"On 27 May 2024, the container ship ""EVER STEADY"", while under the conduct of a pilot, reported that the tug ""SEASPAN EAGLE"" collided on its port bow while preparing to berth in Vancouver Harbour, BC. The manoeuvre was completed and the crew on board each vessel assessed the damages.",CLASS 5,BRITISH COLUMBIA (BC),Canadian TSB,0,0
52117,2024-05-27,,"On 27 May 2024, the fishing vessel ""GREAT AUK"", with 7 people on board, reported being disabled with a total failure of its engine's transmission in the vicinity of the Grand Banks of Newfoundland, NL. The vessel was towed to Bay de Verde, NL by the Canadian Coast Guard Ships ""KOPIT HOPSON 1752"" and ""SACRED BAY"".",CLASS 5,NEWFOUNDLAND AND LABRADOR (NL),Canadian TSB,0,0
52116,2024-05-25,,"On 25 May 2024, the bulk carrier ""THUNDER BAY"" reported having sustained a total failure of its engine on Lake St. Clair off Seaway Island, ON. The vessel proceeded at a reduced speed to an anchorage off Windsor, ON for repairs. ",CLASS 5,ONTARIO (ON),Canadian TSB,0,0
52115,2024-05-24,,"On 24 May 2024, the cable ferry ""HOWE ISLANDER"", with 3 people on board, reported that its driving cable was struck by a pleasure craft on Lake of the Isles, ON. Both vessels proceeded to Pitts Ferry, ON to assess damages.",CLASS 5,ONTARIO (ON),Canadian TSB,0,0
52114,2024-05-24,,"On 24 May 2024, the bulk carrier ""ROBERT S. PIERSON"", with 18 people on board, reported having run aground on Lake Michigan off Muskegon, MI, USA. The vessel freed itself and was anchored for a damages assessment. ",CLASS 5,Outside Provincial Boundaries,Canadian TSB,0,0
52113,2024-05-24,,"On 24 May 2024, the bulk carrier ""MICHIPICOTEN"", with 20 people on board, reported having sustained a total failure of one of its engines while transiting on Lake Superior off Duluth, MN, USA. The crew addressed the issue and the vessel resumed its voyage using its remaining engine.",CLASS 5,Outside Provincial Boundaries,Canadian TSB,0,0
52112,2024-05-25,,"On 25 May 2024, the ro-ro cargo vessel ""NORTH STAR"", with 28 people on board, reported having sustained an electrical fire in its engine room off Hesquiat Harbour, BC. The crew extinguished the fire and the vessel proceeded to Tacoma, WA, USA for a complete damage assessment. ",CLASS 5,BRITISH COLUMBIA (BC),Canadian TSB,0,0
52111,2024-05-24,,"On 24 May 2024, the tug ""GULF TITAN"", with 5 people on board, reported having experienced a close quarters situation with the fishing vessel ""OCEAN VIRTUE"" in Dixon Entrance, BC. ",CLASS 5,BRITISH COLUMBIA (BC),Canadian TSB,0,0
52110,2024-05-23,,"On 23 May 2024, the ferry ""LEIF ERICSON"", with 49 people on board, reported having experienced a close quarters situation with the fishing vessel ""BLACK CLOUD"" while proceeding outbound from Sydney Harbour, NS. ",CLASS 5,NOVA SCOTIA (NS),Canadian TSB,0,0
52109,2024-05-25,,"On 25 May 2024, the fishing vessel ""SOPHIE'S CHOICE"", with 4 people on board, reported being disabled with a total failure of its engine's transmission in the vicinity of Bonavista Bay, NL. The vessel was towed to Newtown, NL by the fishing vessel ""S & J ENTERPRISES"". ",CLASS 5,NEWFOUNDLAND AND LABRADOR (NL),Canadian TSB,0,0
52108,2024-05-25,,"On 25 May 2024, the fishing vessel ""SAVAGE COVE"", with 3 people on board, reported being disabled with a fouled propeller off Shag Harbour, NS. The vessel was towed to Woods Harbour, NS by the Canadian Coast Guard Ship ""CHEDABUCTO BAY"".",CLASS 5,NOVA SCOTIA (NS),Canadian TSB,0,0
52107,2024-05-25,,"On 25 May 2024, the fishing vessel ""REBEKAH AND TRACEY"", with 3 people on board, reported being disabled off Cape Broyle, NL. The vessel was towed in the harbour by the fishing vessel ""FOUR GIRLS I"".",CLASS 5,NOVA SCOTIA (NS),Canadian TSB,0,0
52106,2024-05-24,,"On 24 May 2024, the fishing vessel ""CHAD'S CHOICE"", with 3 people on board, reported being disabled with a total failure of its alternator in the vicinity of Main-à-Dieu Passage, NS. The vessel was anchored while awaiting for assistance and later towed to Little Lorraine Harbour, NS by the fishing vessel ""KARA NICOLE 1"".",CLASS 5,NOVA SCOTIA (NS),Canadian TSB,0,0
52105,2024-05-25,,"On 25 May 2024, the fishing vessel ""SIVULLIQ"" reported one of its crew members sustained an injury in Davis Strait off Brevoort Island, NU. The injured crew member was medevacked and the vessel resumed fishing. ",CLASS 5,NUNAVUT (NU),Canadian TSB,0,1
52104,2024-05-24,,"On 24 May 2024, the bulk carrier ""ALGOMA EQUINOX"" reported having experienced a close quarters situation with a pleasure craft in the Detroit River, ON. The bulk carrier used sound signals and the pleasure craft maneuvered to avoid a collision. ",CLASS 5,ONTARIO (ON),Canadian TSB,0,0
52103,2024-05-23,,"On 23 May 2024, the fishing vessel ""JACE'S JEM"", with 3 people on board, reported being disabled with a fouled propeller in the Gulf of Maine off Sandford, NS. The vessel was towed to Yarmouth, NS by the fishing vessel ""FUNDY FOG"".",CLASS 5,NOVA SCOTIA (NS),Canadian TSB,0,0
52102,2024-05-22,,"On 22 May 2024, the fishing vessel ""ISLAND ALLSTAR"", with 3 people on board, reported being disabled with a total failure of its fuel supply system off Shag Harbour, NS. The vessel was towed to West Head, NS by the Canadian Coast Guard Ship ""CHEDABUCTO BAY"".",CLASS 5,NOVA SCOTIA (NS),Canadian TSB,0,0
52101,2024-05-23,,"On 23 May 2024, the fishing vessel ""AUDREY SIMON"", with 2 people on board, reported being disabled with a total failure of its steering system in the Gulf of St. Lawrence off L'Étang-du-Nord, QC. The vessel was towed to the wharf by the Canadian Coast Guard auxiliary vessel ""CHARLES ELIZABETH"".",CLASS 5,QUEBEC (QC),Canadian TSB,0,0
52100,2024-05-22,,"On 22 May 2024, the fishing vessel ""LIV & MEG"", with 3 people on board, reported being disabled with a fouled propeller in the Gulf of Maine off Sandford, NS. The vessel was towed towards Yarmouth, NS by the Canadian Coast Guard Ship ""WESTPORT"". The crew freed the propeller upon arrival and the vessel proceeded to a wharf on its own power.",CLASS 5,NOVA SCOTIA (NS),Canadian TSB,0,0
52099,2024-04-22,,"On 22 April 2024, the Fisheries and Oceans patrol workboat ""C02655NB"", with 3 people on board, reported one of its crew members fell overboard after having fouled its propeller in Shelburne Harbour, NS. The crew member was recovered and the propeller was freed before the vessel proceeded to the wharf.",CLASS 5,NOVA SCOTIA (NS),Canadian TSB,0,0
52098,2024-05-21,,"On 21 May 2024, the fishing vessel ""MISS PIG BROOK"", with 3 people on board, reported taking on water in Northumberland Strait off Fox Harbour, NS. The vessel was assisted to Wallace Harbour, NS by the Canadian Coast Guard auxiliary vessel ""NOVEMBER RAIN"".",CLASS 5,NOVA SCOTIA (NS),Canadian TSB,0,0
52097,2024-05-20,,"On 20 May 2024, the fishing vessel ""FORTUNE PRIDE"", with 3 people on board, reported being disabled with a total engine failure off Little Harbour, NS. The vessel was towed to Sambro, NS by the Canadian Coast Guard Ship ""BAIE DES CHALEURS"".",CLASS 5,NOVA SCOTIA (NS),Canadian TSB,0,0
52096,2024-05-20,,"On 20 May 2024, the fishing vessel ""CURRENT PLAN"", with 4 people on board, reported being disabled with a total failure of its engine's transmission in the Bay of Fundy off Westport, NS. The vessel was towed to Freeport, NS by the Canadian Coast Guard Ship ""WESTPORT"".",CLASS 5,NOVA SCOTIA (NS),Canadian TSB,0,0
52095,2024-05-19,,"On 19 May 2024, the fishing vessel ""PHYLLIS MARIE I"", with 3 people on board, reported being disabled with a total failure of its steering system in the Gulf of Maine off Yarmouth, NS. The vessel was towed to Lower West Pubnico, NS by the Canadian Coast Guard Ship ""CHEDABUCTO BAY"".",CLASS 5,NOVA SCOTIA (NS),Canadian TSB,0,0
52094,2024-05-18,,"On 18 May 2024, the fishing vessel ""MASTER REBEL"", with 3 people on board, reported being disabled with a mechanical failure off Seaforth, NS. The vessel was towed to Three Fathom Harbour, NS by the Canadian Coast Guard auxiliary vessel ""LESA MARIE I"".",CLASS 5,NOVA SCOTIA (NS),Canadian TSB,0,0
52093,2024-05-22,,"On 22 May 2024, the bulk carrier ""MAPLE STAR"" reported having sustained the total failure of its sea water cooling system in the St. Lawrence River off Les Razades, QC. The vessel was anchored and the crew assessed the issue.",CLASS 5,QUEBEC (QC),Canadian TSB,0,0
52092,2024-05-18,,"On 18 May 2024, the fishing vessel ""LA MARACHE"", with 3 people on board, reported having run aground in the vicinity of Burgeo Port, NL. The vessel was freed by the fishing vessel ""ECLIPSE"", and after a damage assessment, resumed its fishing operations.",CLASS 5,NEWFOUNDLAND AND LABRADOR (NL),Canadian TSB,0,0
52091,2024-05-17,,"On 17 May 2024, the fishing vessel ""OCEAN BILLOW"", with 6 people on board, reported one of its crew members sustained a serious injury while in the Labrador Sea off Belle Isle, NL. The injured crew member was medevacked to Gander, NL and sent to a hospital.",CLASS 5,NEWFOUNDLAND AND LABRADOR (NL),Canadian TSB,0,1
52090,2024-05-17,,"On 17 May 2024, the fishing vessel ""C.Q. TOO"", with 3 people on board, reported being disabled with a total failure of its main reduction gear off Clark's Harbour, NS. The vessel was towed to West Head, NS by the Canadian Coast Guard Ship ""CHEDABUCTO BAY"".",CLASS 5,NOVA SCOTIA (NS),Canadian TSB,0,0
52089,2024-05-17,,"On 17 May 2024, the unnamed fishing vessel known as ""VRN 140660"" was reported capsized on a shoal off Port au Choix, NL, with no one in the vicinity of the wreck and debris on scene. The Search and Rescue authorities later confirmed that all 3 crew members reached the shore safely.",CLASS 5,NEWFOUNDLAND AND LABRADOR (NL),Canadian TSB,0,0
52088,2024-05-17,,"On 17 May 2024, the fishing vessel ""EAGLES PERCH"", with 3 people on board, reported being disabled with a fouled propeller in the vicinity of the Big Glace Bay, NS. The crew freed the propeller while awaiting for assistance and proceeded to Glace Bay, NS to meet with a diver for a damage assessment.",CLASS 5,NOVA SCOTIA (NS),Canadian TSB,0,0
52087,2024-05-17,,"On 17 May 2024, the fishing vessel ""FAMILY MATTERS I "", with 3 people on board, reported being disabled with a total failure of its engine cooling system in the vicinity of Gabarus Bay, NS. The vessel was towed to Louisbourg, NS by the Canadian Coast Guard Ship ""LA POILE BAY"".",CLASS 5,NOVA SCOTIA (NS),Canadian TSB,0,0
52086,2024-05-17,,"On 17 May 2024, the fishing vessel ""GONE FISHIN'"", with 5 people on board, reported being disabled with a total failure of its engine off Louisbourg, NS. The vessel was towed to a wharf by the Canadian Coast Guard Ship ""LA POILE BAY"".",CLASS 5,NOVA SCOTIA (NS),Canadian TSB,0,0
52085,2024-05-16,,"On 16 May 2024, the fishing vessel ""MALIK MIGUEL"", with 3 people on board, reported being disabled after having sustained a fire in its engine room in the vicinity of Miscou Banks, NB. The vessel was towed to Miscou, NB by the Canadian Coast Guard Ship ""CAP BRETON"".",CLASS 5,NEW BRUNSWICK (NB),Canadian TSB,0,0
52084,2024-05-16,,"On 16 May 2024, the fishing vessel ""KAYLA & ANNABELLE"", with 4 people on board, reported being disabled with a total failure of its engine in Bay of Islands, NL. The vessel was towed to Cox's Cove, NL by the Canadian Coast Guard Ship ""CAPE EDENSHAW"".",CLASS 5,NEWFOUNDLAND AND LABRADOR (NL),Canadian TSB,0,0
52083,2024-04-30,,"On 30 April 2024, the ferry ""THOMAS RENNIE"", with 16 people on board, reported having struck a shore structure upon arrival at the terminal on Toronto Island, ON. The vessel proceeded back to the terminal in Toronto, ON where damages were assessed.",CLASS 5,ONTARIO (ON),Canadian TSB,0,0
52083,2024-04-30,,"On 30 April 2024, the ferry ""THOMAS RENNIE"", with 16 people on board, reported having struck a shore structure upon arrival at the terminal on Toronto Island, ON. The vessel proceeded back to the terminal in Toronto, ON where damages were assessed.",CLASS 5,ONTARIO (ON),Canadian TSB,0,0
52082,2024-05-16,,"On 16 May 2024, the fishing vessel ""STACY & DANNY"", with 2 people on board, reported being disabled with a total failure of its electrical power supply system causing a loss of propulsion in the vicinity of Gabarus Bay, NS. The vessel was towed to Louisbourg, NS by the Canadian Coast Guard Ship ""LA POILE BAY"".",CLASS 5,NOVA SCOTIA (NS),Canadian TSB,0,0
52081,2024-05-16,,"On 16 May 2024, the bulk carrier ""RIK OLDENDORFF"", with 24 people on board, reported being disabled with a total failure of its main engine cooling system in Cabot Strait, NL. The crew solved the issue while adrift and the vessel proceeded to Sept-Îles, QC. ",CLASS 5,NEWFOUNDLAND AND LABRADOR (NL),Canadian TSB,0,0
52080,2024-05-20,,"On 20 May 2024, the bulk carrier ""CONRAD OLDENDORFF"", while under the conduct of a pilot, reported having sustained a total failure of its engine upon arrival at Anchorage A in Vancouver Harbour, BC. The vessel was anchored and the crew assessed the issue.",CLASS 5,BRITISH COLUMBIA (BC),Canadian TSB,0,0
52079,2024-05-21,,"On 21 May 2024, the fishing vessel ""ADVENTURER"", with 4 people on board, reported being disabled with a mechanical failure in the Strait of Georgia off Porlier Pass, BC. The vessel was towed to Steveston, BC by a local Royal Canadian Marine Search and Rescue vessel.",CLASS 5,BRITISH COLUMBIA (BC),Canadian TSB,0,0
52078,2024-05-16,,"On 16 May 2024, the Royal Canadian Mounted Police workboat ""LINDSAY"", with 4 people on board, reported having struck a sailboat upon arrival in the marina of Canoe Bay, BC. The vessel was secured and the crew assessed damages.",CLASS 5,BRITISH COLUMBIA (BC),Canadian TSB,0,0
52077,2024-05-16,,"On 16 May 2024, the unregistered fishing vessel known as ""CHARLIE AQQ LIZ"", with 4 people on board, reported being disabled with a total failure of its steering system in the vicinity of Louisbourg Harbour, NS. The vessel was towed to the harbour by the Canadian Coast Guard Ship ""LA POILE BAY"".",CLASS 5,NOVA SCOTIA (NS),Canadian TSB,0,0
52076,2024-05-16,,"On 16 May 2024, the fishing vessel ""INDIAN LADY"", with 3 people on board, reported having run aground in the vicinity of Griquet Harbour, NL. The crew was evacuated on board the Canadian Coast Guard Ship ""PENNANT BAY"" workboat and transported to Griquet, NL. ",CLASS 5,NEWFOUNDLAND AND LABRADOR (NL),Canadian TSB,0,0
52075,2024-05-15,,"On 15 May 2024, the fishing vessel ""BAD BOYS"", with 3 people on board, reported being disabled with a total failure of its engine off Shag Harbour, NS. The vessel was towed to Newellton, NS by the Canadian Coast Guard Ship ""CHEDABUCTO BAY"".",CLASS 5,NOVA SCOTIA (NS),Canadian TSB,0,0
52074,2024-05-19,,"On 19 May 2024, the bulk carrier ""ROBERT S. PIERSON"" reported having sustained a total failure of its steering system on Lake Huron off Port Sanilac, MI, USA. The vessel proceeded to Calcite, MI, USA for repairs.",CLASS 5,Outside Provincial Boundaries,Canadian TSB,0,0
52073,2024-05-21,,"On 21 May 2024, the fishing vessel ""AGATHE C."", with 3 people on board, reported being disabled with a total failure of its steering system in the Gulf of St. Lawrence off Grosse-Île, QC. The vessel was towed to Grande-Entrée, QC by the Canadian Coast Guard Ship ""BAIE DE PLAISANCE"".",CLASS 5,QUEBEC (QC),Canadian TSB,0,0
52072,2024-05-21,,"On 21 May 2024, the fishing vessel ""NICOLAS"", with 2 people on board, reported being disabled with water ingress causing main engine cooling issues in the Gulf of St. Lawrence off Havre-aux-Maisons, QC. The vessel was towed to L'Étang-du-Nord, QC by the Canadian Coast Guard auxiliary vessel ""BRITANY ALEXIS"".",CLASS 5,QUEBEC (QC),Canadian TSB,0,0
52071,2024-05-17,,"On 17 May 2024, the Canadian Coast Guard Ship ""SAMUEL RISLEY"", with 26 people on board, reported having made bottom contact while conducting buoy tendering operations on Lake Superior off Pancake Bay, ON. The crew completed a damage assessment and once effected, the vessel resumed its voyage.",CLASS 5,ONTARIO (ON),Canadian TSB,0,0
52070,2024-05-18,,"On 18 May 2024, the bulk carrier ""RT. HON. PAUL J. MARTIN"", while under the conduct of a pilot, reported having experienced a close quarters situation with a pleasure craft in the vicinity of Portneuf, QC. The bulk carrier maneuvered to avoid a collision.",CLASS 5,QUEBEC (QC),Canadian TSB,0,0
52069,2024-05-17,,"On 17 May 2024, the fishing vessel ""ATLANTIC GALE"", with 6 people on board, reported taking on water while in the vicinity of Western Bradelle Valley, QC. The crew controlled the ingress and the vessel proceeded to Shippagan, NB for repairs. ",CLASS 5,NEW BRUNSWICK (NB),Canadian TSB,0,0
52068,2024-05-16,,"On 16 May 2024, the bulk carrier ""ALGOMA INTREPID"" reported the loss of one propeller blade on Lake Huron off Harrisville, MI, US. The vessel was towed to an anchorage off Goderich, ON by the tug ""WYATT M"".",CLASS 5,Outside Provincial Boundaries,Canadian TSB,0,0
52066,2024-04-27,,"On 27 April 2024, the tug ""OCEAN SEPT-ILES"", with 7 people on board, reported having sustained a total failure of its electrical power supply causing a loss of propulsion in Baie des Chaleurs off Port Daniel, QC. The crew solved the issue while adrift and the vessel was assisted to Paspébiac, QC by the tug ""LOIS M"".",CLASS 5,QUEBEC (QC),Canadian TSB,0,0
52065,2024-05-15,,"On 15 May 2024, the fishing vessel ""SYLVITA M.C."", with 2 people on board, reported being disabled with a total failure of its electrical power supply system in the Gulf of St. Lawrence off Havre-Aubert, QC. The vessel was towed to Cap-aux-Meules, QC by the Canadian Coast Guard Ship ""BAIE DE PLAISANCE"".",CLASS 5,QUEBEC (QC),Canadian TSB,0,0
52064,2024-05-14,,"On 14 May 2024, the Canadian Coast Guard Ship ""LIMNOS"", with 20 people on board, reported having sustained a total failure of its starboard propulsion system on Lake Ontario off Bronte Harbour, ON. The vessel proceeded to Burlington, ON for repairs.",CLASS 5,ONTARIO (ON),Canadian TSB,0,0
52063,2024-05-14,,"On 14 May 2024, the fishing vessel ""C33291NL"" known as ""SHELL & FINS"", with 3 people on board, reported being disabled with a total failure of its transmission in Notre Dame Bay off Brighton, NL. The vessel was towed to Triton, NL by the Canadian Coast Guard Ship ""CONCEPTION BAY"".",CLASS 5,NEWFOUNDLAND AND LABRADOR (NL),Canadian TSB,0,0
52062,2024-05-14,,"On 14 May 2024, the fishing vessel ""BRANDON & TYLER"", with 3 people on board, reported being disabled with a total failure of its fuel supply system off Fishermans Harbour, NS. The vessel was towed to Drum Head, NS by the workboat of the Canadian Coast Guard Ship ""BICKERTON"".",CLASS 5,NOVA SCOTIA (NS),Canadian TSB,0,0
52061,2024-05-14,,"On 14 May 2024, the fishing vessel ""GREEN ISLE"", with 6 people on board, reported being disabled with a total failure of its engine in Notre Dame Bay off Fogo, NL. The vessel was towed to Triton, NL by the Canadian Coast Guard Ship ""CONCEPTION BAY"".",CLASS 5,NEWFOUNDLAND AND LABRADOR (NL),Canadian TSB,0,0
52060,2024-05-13,,"On 13 May 2024, the fishing vessel ""ASHLEY AND BROTHERS"", with 6 people on board, reported being disabled with a total failure of its engine in St. Anthony Bight, NL. The vessel was towed to St. Anthony Harbour, NL by the Canadian Coast Guard Ship ""PENNANT BAY"" and regained power upon arrival. ",CLASS 5,NEWFOUNDLAND AND LABRADOR (NL),Canadian TSB,0,0
52059,2024-05-10,,"On 10 May 2024, the fishing vessel ""STELLAR I"", with 6 people on board, reported the failure of its electrical system causing navigation equipment issues in the Imperial Eagle Channel, BC. The vessel asked for assistance to proceed to Ucluelet, BC. The issue was solved while waiting for assistance, and the vessel resumed its voyage.",CLASS 5,BRITISH COLUMBIA (BC),Canadian TSB,0,0
52058,2024-05-13,,"On 13 May 2024, the fishing vessel ""SHERRI LYNN AND BROTHERS"", with 4 people on board, reported being disabled with a fouled propeller in Placentia Bay, NL. The vessel was towed to Petit Forte Harbour, NL by the fishing vessel ""THREE SISTERS"".",CLASS 5,NEWFOUNDLAND AND LABRADOR (NL),Canadian TSB,0,0
52057,2024-05-13,,"On 13 May 2024, the fishing vessel ""C31043NL"", with 2 people on board, was reported being disabled with a broken shaft in Couteau Bay, NL. The vessel was towed to Grand Bruit, NL by the fishing vessel ""GOING GREY 03"".",CLASS 5,NEWFOUNDLAND AND LABRADOR (NL),Canadian TSB,0,0
52056,2024-05-13,,"On 13 May 2024, the aquaculture vessel ""KNOT A CHANCE"", with 5 people on board, was reported having run aground and taking on water in the vicinity of Malpeque Harbour, PE. The vessel was assisted by the fishing vessel ""NET INCOME"" and by a local fire department workboat, which rescued the 5 crew members and transported them to Malpeque, PE. The vessel was later refloated and towed alongside for repairs.",CLASS 5,PRINCE EDWARD ISLAND (PE),Canadian TSB,0,0
52055,2024-05-13,,"On 13 May 2024, the fishing vessel ""ASHLEE DAWN 2008"", with 3 people on board, reported being disabled with a total failure of its steering system off Shag Harbour, NS. The vessel was towed to Lower West Pubnico, NS by the Canadian Coast Guard Ship ""CHEDABUCTO BAY"".",CLASS 5,NOVA SCOTIA (NS),Canadian TSB,0,0
52054,2024-05-13,,"On 13 May 2024, the fishing vessel ""FUNDY BREEZE"", with 2 people on board, reported being disabled with a total failure of its electrical power supply in the Bay of Fundy off Victoria Harbour, NS. The vessel was towed to Morden, NS by the Canadian Coast Guard auxiliary vessel ""DANNY & CHRISSY"".",CLASS 5,NOVA SCOTIA (NS),Canadian TSB,0,0
52053,2024-05-09,,"On 09 May 2024, the fishing vessel ""JACK N DAN II"", with 4 people on board, reported being disabled with a fouled propeller in the Gulf of St. Lawrence off Havre-Aubert, QC. The vessel was towed to Chéticamp, NS by the Canadian Coast Guard Ship ""CAPE SPRY"".",CLASS 5,QUEBEC (QC),Canadian TSB,0,0
52052,2024-05-11,,"On 11 May 2024, the fishing vessel ""LA MARACHE"", with 3 people on board, reported being disabled with a total failure of its steering system in Muddy Hole Bay, NL. The vessel was towed to Burgeo, NL by the Canadian Coast Guard Ship ""GABARUS BAY"".",CLASS 5,NEWFOUNDLAND AND LABRADOR (NL),Canadian TSB,0,0
52051,2024-05-10,,"On 10 May 2024, the fishing vessel ""TRIGGER HAPPY XX"", with 3 people on board, reported being disabled with a total failure of its steering system off Wedgeport, NS. The vessel was towed to Lower Argyle, NS by the Canadian Coast Guard Ship ""CHEDABUCTO BAY"".",CLASS 5,NOVA SCOTIA (NS),Canadian TSB,0,0
52050,2024-05-09,,"On 09 May 2024, the fishing vessel ""STELLAR I"", with 6 people on board, was reported being disabled with a total failure of its engine in Haro Strait, BC. The vessel was towed towards Ucluelet, BC by the Canadian Coast Guard Ship ""CAPE SUTIL"". The crew solved the issue while the vessel was being towed, and resumed the voyage on its own power.",CLASS 5,BRITISH COLUMBIA (BC),Canadian TSB,0,0
52049,2024-05-10,,"On 10 May 2024, the fishing vessel ""JOY-C-LYNN"", with 4 people on board, reported being disabled with a total failure of its electrical power supply causing a loss of propulsion in Queen Charlotte Sound, BC. The vessel was towed to Port Hardy, BC by the Canadian Coast Guard Ship ""FLORENCIA BAY"".",CLASS 5,BRITISH COLUMBIA (BC),Canadian TSB,0,0
52048,2024-05-10,,"On 10 May 2024, the cargo vessel ""MANDARIN"", while under the conduct of a pilot, reported having experienced a close quarters situation with a recreational fishing boat in the St. Lawrence River off Verchères, QC. The cargo vessel used sound signals and the small craft maneuvered to avoid a collision.",CLASS 5,QUEBEC (QC),Canadian TSB,0,0
52047,2024-05-10,,"On 10 May 2024, the fishing vessel ""SPINDRIFT"", with 3 people on board, reported being disabled with a mechanical failure in Caribou Run, NL. The vessel was towed to Fox Harbour, NL by the fishing vessel ""LABRADOR LEGACY"".",CLASS 5,NEWFOUNDLAND AND LABRADOR (NL),Canadian TSB,0,0
52046,2024-05-09,,"On 09 May 2024, the fishing vessel known as ""STEFAN & DEVIN"", with 4 people on board, reported being disabled with a total failure of its engine cooling system off Ferryland, NL. The crew resolved the issue while awaiting for assistance, proceeded towards Fermeuse, NL, and was escorted to port by the fishing vessel ""SISTERS & TWINS"".",CLASS 5,NEWFOUNDLAND AND LABRADOR (NL),Canadian TSB,0,0
52045,2024-05-09,,"On 09 May 2024, the fishing vessel ""S.N. WILLIAM"", with 4 people on board, reported being disabled with a total engine failure off Renews Harbour, NL. The vessel was towed to Fermeuse, NL by the fishing vessel ""EMILY & BROTHERS"".",CLASS 5,NEWFOUNDLAND AND LABRADOR (NL),Canadian TSB,0,0
52044,2024-05-09,,"On 09 May 2024, the fishing vessel ""BEGGED & BORROWED"", with 3 people on board, reported being disabled with a total engine failure while in Malpeque Bay, PE. The vessel was towed towards Ellerslie, PE by the Canadian Coast Guard auxiliary vessel ""MISFORTUNATE SON"". The crew solved the issue while the vessel was being towed and resumed their voyage.",CLASS 5,PRINCE EDWARD ISLAND (PE),Canadian TSB,0,0
52043,2024-05-10,,"On 10 May 2024, the fishing vessel ""L'AIGLEFIN"", with 2 people on board, reported being disabled with a total engine failure off Les Caps, QC. The vessel was towed to L'Étang-du-Nord, QC by the fishing vessel ""TRESOR DU GOLFE"".",CLASS 5,QUEBEC (QC),Canadian TSB,0,0
52042,2024-05-09,,"On 09 May 2024, the Canadian Coast Guard Ship ""SPRAY"", with 4 people on board, reported taking on water off Bonavista Bay, NL. The vessel was escorted to its base station in Old Perlican, NL by the Canadian Coast Guard auxiliary vessel ""ATLANTIC MAVERICK"".",CLASS 5,NEWFOUNDLAND AND LABRADOR (NL),Canadian TSB,0,0
52041,2024-05-09,,"On 09 May 2024, the ferry ""FLANDERS"", with 56 people on board, reported having sustained a fire in one of its generators while proceeding in Portugal Cove, NL. The vessel was secured alongside its wharf and the fire was extinguished by the local fire department.",CLASS 5,NEWFOUNDLAND AND LABRADOR (NL),Canadian TSB,0,0
52040,2024-05-09,,"On 09 May 2024, the tug ""EVERLAST"", while towing the unmanned barge ""NORMAN MCLEOD"", reported its barge sustained an explosion and a fire in a cargo tank while proceeding on Lake Erie off Colchester, ON. The vessel was anchored and the crew extinguished the fire. The vessel proceeded to Windsor, ON where the crew assessed the damages.",CLASS 5,ONTARIO (ON),Canadian TSB,0,0
52040,2024-05-09,,"On 09 May 2024, the tug ""EVERLAST"", while towing the unmanned barge ""NORMAN MCLEOD"", reported its barge sustained an explosion and a fire in a cargo tank while proceeding on Lake Erie off Colchester, ON. The vessel was anchored and the crew extinguished the fire. The vessel proceeded to Windsor, ON where the crew assessed the damages.",CLASS 5,ONTARIO (ON),Canadian TSB,0,0
52039,2024-05-09,,"On 09 May 2024, the Canadian Coast Guard Ship ""SAMBRO"", with 4 people on board, reported having sustained a total failure of one of its engines while proceeding off West Head, NS. The vessel proceeded to Clark's Harbour, NS for repairs.",CLASS 5,NOVA SCOTIA (NS),Canadian TSB,0,0
52037,2024-05-08,,"On 08 May 2024, the fishing vessel ""LADY ERICA"", with 2 people on board, was reported taking on water with a bilge pump failure in Northumberland Strait off Souris, PE. The vessel was assisted by the Canadian Coast Guard Ship ""CAPE SPRY"" and escorted to Launching Place, PE.",CLASS 5,PRINCE EDWARD ISLAND (PE),Canadian TSB,0,0
52036,2024-05-08,,"On 08 May 2024, the fishing vessel ""MELANIE'S DREAM"", with 2 people on board, reported being disabled with a total engine failure off Conception Bay, NL. The vessel was towed to Bay de Verde, NL by the fishing vessel ""SHANALEEN"".",CLASS 5,NEWFOUNDLAND AND LABRADOR (NL),Canadian TSB,0,0
52035,2024-05-07,,"On 07 May 2024, the unmanned barge ""EVCO 70"" was reported being at risk of grounding after dragging its mooring buoy in English Bay, BC. The barge was kept off the beach by a local Canadian Coast Guard workboat and was later taken under tow by the tug ""CHARLES H. CATES V"".",CLASS 5,BRITISH COLUMBIA (BC),Canadian TSB,0,0
52034,2024-05-07,,"On 07 May 2024, the fishing vessel ""PACIFIC LEGACY NO. 1"" reported that one of its crew members had sustained an injury while the vessel was proceeding off Rennell Sound, BC. The crew member was transferred to the Canadian Coast Guard Ship ""CAPE MUDGE"" and transported to Sandspit, BC, for medical assistance.",CLASS 5,BRITISH COLUMBIA (BC),Canadian TSB,0,1
52033,2024-05-07,,"On 07 May 2024, the fishing vessel ""PROVOCANTE"", with 3 people on board, was reported taking on water and having intentionally ran aground in Miscou Channel, NB. Two crew members were evacuated on the beach. The master remained on board and proceeded away from the shore while assisted by fishing vessels in the area. The vessel was towed to Miscou, NB by the fishing vessel ""LE P'TIT COTIER"".",CLASS 5,NEW BRUNSWICK (NB),Canadian TSB,0,0
52032,2024-05-07,,"On 07 May 2024, the bulk carrier ""ALGOMA NIAGARA"" reported having sustained a total failure of its main engine while proceeding on Lake Erie, ON. The issue was resolved while the vessel was adrift, and the vessel resumed its voyage.",CLASS 5,ONTARIO (ON),Canadian TSB,0,0
52031,2024-05-07,,"On 07 May 2024, the fishing vessel ""ENMALI"", with 7 people on board, reported being disabled with a total failure of its main engine shaft in the Gulf of St. Lawrence off Percé, QC. The crew effected temporary repairs and the vessel proceeded to Rivière-au-Renard, QC, to assess the issue.",CLASS 5,QUEBEC (QC),Canadian TSB,0,0
52030,2024-05-08,,"On 08 May 2024, the fishing vessel ""BEL ESPOIR"", with 6 people on board, reported being disabled with a total engine failure in the Gulf of St. Lawrence off L'Étang-du-Nord, QC. The vessel was towed to Cap-aux-Meules, QC by the Canadian Coast Guard Ship ""BAIE DE PLAISANCE"".",CLASS 5,QUEBEC (QC),Canadian TSB,0,0
52029,2024-04-27,,"On 27 April 2024, the Canadian Coast Guard Ship ""S. DUDKA"", with 5 people on board, reported having struck the wharf in Northport, PE, after having sustained a total failure of its steering system. The vessel was secured and the crew assessed the damage.",CLASS 5,PRINCE EDWARD ISLAND (PE),Canadian TSB,0,0
52028,2024-05-07,,"On 07 May 2024, the tanker ""NORTHERN SPIRIT"" reported having sustained a total failure of its main engine cooling system in the St. Lawrence River off Rimouski, QC. The vessel proceeded to an anchorage off Les Razades, QC, for repairs.",CLASS 5,QUEBEC (QC),Canadian TSB,0,0
52027,2024-05-07,,"On 07 May 2024, the tanker ""PRABHU LAL"" reported having sustained a fire in its engine room while alongside in Sarnia, ON. The fire was extinguished and the vessel remained alongside for a complete damage assessment. ",CLASS 5,ONTARIO (ON),Canadian TSB,0,0
52026,2024-05-07,,"On 07 May 2024, the fishing vessel ""454"", with 2 people on board, reported being disabled with a total failure of its electrical power supply in Comox Harbour, BC. The crew resolved the issue and the vessel proceeded to Campbell River, BC. ",CLASS 5,BRITISH COLUMBIA (BC),Canadian TSB,0,0
52025,2024-05-05,,"On 05 May 2024, the Canadian Coast Guard Ship ""JOHN CABOT"", with 33 people on board, reported having sustained a fire in its incinerator compartment while proceeding in the vicinity of St. Pierre Bank, NL. The crew extinguished the fire and assessed the damage.",CLASS 5,NEWFOUNDLAND AND LABRADOR (NL),Canadian TSB,0,0
52023,2024-05-07,,"On 07 May 2024, the fishing vessel ""MANIBEL"", with 4 people on board, reported being disabled with a total failure of its engine transmission in the Gulf of St. Lawrence off L'Étang-du-Nord, QC. The vessel was towed to Grande-Entrée, QC, by the fishing vessel ""CHARLES ELIZABETH"".",CLASS 5,QUEBEC (QC),Canadian TSB,0,0
52022,2024-05-07,,"On 07 May 2024, the fishing vessel ""MAJESTIC MARINER 02"", with 4 people on board, reported being disabled with a total failure of its main engine transmission off Old-Harry, QC. The vessel was towed to Grande-Entrée, QC, by the Canadian Coast Guard Ship ""BAIE DE PLAISANCE"".",CLASS 5,QUEBEC (QC),Canadian TSB,0,0
52021,2024-05-05,,"On 05 May 2024, the vehicle carrier ""MONZA"" reported having sustained a total failure of a generator in the Pacific Ocean off Queen Charlotte Sound, BC. The vessel continued its voyage to New Westminster, BC for repairs.",CLASS 5,BRITISH COLUMBIA (BC),Canadian TSB,0,0
52020,2024-05-06,,"On 06 May 2024, the fishing vessel ""HILLBILLY ROCK"", with 3 people on board, reported having sustained a total failure of its steering system at the entrance of Baie des Chaleurs, NB. The vessel was towed to Miscou, NB, by the Canadian Coast Guard Ship ""CAP BRETON"".",CLASS 5,NEW BRUNSWICK (NB),Canadian TSB,0,0
52019,2024-05-05,,"On 05 May 2024, the container ship ""MSC ELA"" reported one of its crew members was incapacitated while proceeding off Bay Bulls, NL. The crew member was medevacked and transported to a hospital in St. John's, NL.",CLASS 5,NEWFOUNDLAND AND LABRADOR (NL),Canadian TSB,0,0
52018,2024-05-06,,"On 06 May 2024, the fishing vessel ""THEIR FINEST HOUR"", with 3 people on board, reported being disabled with a total failure of its engine off Shag Harbour, NS. The vessel was towed to Lower Woods Harbour, NS, by the Canadian Coast Guard Ship ""SAMBRO"".",CLASS 5,NOVA SCOTIA (NS),Canadian TSB,0,0
52017,2024-05-05,,"On 05 May 2024, the fishing vessel ""SAVANA & JAX"", with 3 people on board, reported being disabled with a total failure of its power supply system causing a loss of propulsion in the Gulf of Maine off Yarmouth, NS. The vessel was towed to Lower East Pubnico, NS by the fishing vessel ""CHASING CHIX"".",CLASS 5,NOVA SCOTIA (NS),Canadian TSB,0,0
52016,2024-05-05,,"On 05 May 2024, the fishing vessel ""CARNASSIER"", with 3 people on board, reported being disabled with a total engine failure at the entrance of St. Marys Bay, NS. The vessel was towed to Meteghan, NS by the Canadian Coast Guard Ship ""WESTPORT"".",CLASS 5,NOVA SCOTIA (NS),Canadian TSB,0,0
52015,2024-05-05,,"On 05 May 2024, the fishing vessel ""HILARY ROBYN"", with 3 people on board, reported being disabled with a total failure of its engine in Bay of Islands, NL. The vessel was towed to Lark Harbour, NL, by the Canadian Coast Guard Ship ""CAPE EDENSAW"".",CLASS 5,NEWFOUNDLAND AND LABRADOR (NL),Canadian TSB,0,0
52014,2024-05-05,,"On 05 May 2024, the fishing vessel ""PASS ME KNOT"" reported being disabled with a total failure of its power supply system in the Gulf of St. Lawrence off Tignish, PE. The failure caused the vessel to lose propulsion. The vessel was towed to Alberton, PE, by the Canadian Coast Guard Ship ""S. DUDKA"".",CLASS 5,PRINCE EDWARD ISLAND (PE),Canadian TSB,0,0
52013,2024-05-06,,"On 06 May 2024, the fishing vessel ""CAP DAVID"", with 3 people on board, reported being disabled with a total failure of its power supply system in the Gulf of St. Lawrence off Havre-aux-Maisons, QC. The failure caused the vessel to lose propulsion. The vessel was towed to Grande-Entrée, QC, by the Canadian Coast Guard Ship ""BAIE DE PLAISANCE"".",CLASS 5,QUEBEC (QC),Canadian TSB,0,0
52012,2024-05-04,,"On 04 May 2024, the tanker ""ESPADA DESGAGNES"", while under the conduct of a pilot, reported having experienced a close quarters situation with a plane known as ""C-GUVC"" in the St. Lawrence River off Lanoraie, QC.",CLASS 5,QUEBEC (QC),Canadian TSB,0,0
52011,2024-05-04,,"On 04 May 2024, the fishing vessel ""MAGGIE GRACE"", with 2 people on board, reported having sustained a total failure of its fuel supply system in the vicinity of Burgeo, NL. The vessel was assisted to Burgeo, NL by a Canadian Coast Guard auxiliary vessel.",CLASS 5,NEWFOUNDLAND AND LABRADOR (NL),Canadian TSB,0,0
52010,2024-05-04,,"On 04 May 2024, the fishing vessel ""NATALIE ANN"", with 3 people on board, reported being disabled with a total failure of its steering system at the entrance of St. Marys Bay, NS. The crew solved the issue before the arrival of any assistance and proceeded to Meteghan, NS.",CLASS 5,NOVA SCOTIA (NS),Canadian TSB,0,0
52009,2024-05-04,,"On 04 May 2024, the tanker ""UACC MANAMA"" reported having sustained a total failure of its main engine while approaching the pilot boarding ground off Les Escoumins, QC. The vessel proceeded to an anchorage off Les Rasades, QC for repairs.",CLASS 5,QUEBEC (QC),Canadian TSB,0,0
52008,2024-05-04,,"On 04 May 2024, the fishing vessel ""MARIE-EVE II"", with 4 people on board, reported being disabled with a total engine failure in Cabot Strait, NS. The vessel was towed to Sydney, NS by the Canadian Coast Guard Ship ""EARL GREY"".",CLASS 5,NOVA SCOTIA (NS),Canadian TSB,0,0
52007,2024-05-03,,"On 03 May 2024, the tug ""OCEAN RAYMOND LEMAY"" reported having sustained a total failure of its propulsion system in Baie des Sept-Îles, QC. The vessel proceeded to a wharf and the crew addressed the issue.",CLASS 5,QUEBEC (QC),Canadian TSB,0,0
52006,2024-05-04,,"On 04 May 2024, the fishing vessel ""MASUAN"", with 6 people on board, reported being disabled with a total failure of its engine in Détroit de Jacques-Cartier, QC. The vessel was towed to Kegaska, QC by the Canadian Coast Guard Ship ""CAP AUPALUK"".",CLASS 5,QUEBEC (QC),Canadian TSB,0,0
52005,2024-05-06,,"On 06 May 2024, the fishing vessel ""MATJON"", with 3 people on board, reported being disabled with a total failure of its steering system off Les Caps, QC. The vessel was towed to L'Étang-du-Nord, QC, by the Canadian Coast Guard auxiliary vessel ""CAPT'N WILLIAM"".",CLASS 5,QUEBEC (QC),Canadian TSB,0,0
52004,2024-05-03,,"On 03 May 2024, the fishing vessel ""MO MENTUM III"", with 5 people on board, reported being disabled with a total failure of its transmission in the vicinity of Downing Basin, NL. The vessel was towed to St. John's, NL by the Canadian Coast Guard Ship ""ANN HARVEY"".",CLASS 5,NEWFOUNDLAND AND LABRADOR (NL),Canadian TSB,0,0
52003,2024-05-01,,"On 01 May 2024, the fishing vessel ""AUGUST GALE"", with 5 people on board, reported being disabled with a total failure of its propeller in the vicinity of Downing Basin, NL. The vessel was towed to St. John's, NL, by the Canadian Coast Guard ships ""ANN HARVEY"" and ""SACRED BAY"".",CLASS 5,NEWFOUNDLAND AND LABRADOR (NL),Canadian TSB,0,0
52002,2024-05-02,,"On 02 May 2024, the fishing vessel ""D C R 2"", with 3 people on board, reported having run aground in Baie de Shippegan, NB. The vessel was assisted by a local Canadian Coast Guard workboat and refloated at high tide, before proceeding to a nearby wharf.",CLASS 5,QUEBEC (QC),Canadian TSB,0,0
52001,2024-05-02,,"On 02 May 2024, the container ship ""MSC CORNELIA"" reported having sustained a total failure of its main engine blower in the St. Lawrence River off Gaspé, QC. The crew addressed the issue while underway and the vessel resumed its voyage.",CLASS 5,QUEBEC (QC),Canadian TSB,0,0
52000,2024-05-02,,"On 02 May 2024, the bulk carrier ""SM ROBERTS BANK"" reported having sustained a total failure of its exhaust system while anchored off Port Cartier, QC. The crew effected repairs while at anchor.",CLASS 5,QUEBEC (QC),Canadian TSB,0,0
51999,2024-05-02,,"On 02 May 2024, the unnamed fishing vessel known as ""28A3892"", with 2 people on board, reported being disabled with a total failure of its engine's transmission in the vicinity of Barrington Bay, NS. The crew dropped the anchor while awaiting for assistance. The vessel was towed to Clark's Harbour, NS by the Canadian Coast Guard Ship ""BAIE DES CHALEURS"".",CLASS 5,NOVA SCOTIA (NS),Canadian TSB,0,0
51998,2024-05-02,,"On 02 May 2024, the cable ferry ""BAYNES SOUND CONNECTOR"" reported having experienced the loss of its driving cable while docked in Buckley Bay, BC. The vessel resumed its daily operations, under tug assistance, until repairs could be effected by divers.",CLASS 5,BRITISH COLUMBIA (BC),Canadian TSB,0,0
51997,2024-05-02,,"On 02 May 2024, the cable ferry ""HOWE ISLANDER"" reported having experienced the rupture of its driving cable while docked in Pitts Ferry, ON. Repairs were effected and the vessel resumed its voyage.",CLASS 5,ONTARIO (ON),Canadian TSB,0,0
51996,2024-05-01,,"On 01 May 2024, the fishing vessel ""LA MARACHE"", with 2 people on board, reported being disabled with a total failure of its steering system off Wedgeport, NS. The vessel was towed to Yarmouth, NS by the Canadian Coast Guard Ship ""BAIE DES CHALEURS"".",CLASS 5,NOVA SCOTIA (NS),Canadian TSB,0,0
51995,2024-05-01,,"On 01 May 2024, the fishing vessel ""PROSPECTOR I"", with 3 people on board, was reported being disabled with a total engine failure in Northumberland Strait off Georgeville, NS. The vessel was towed to Arisaig, NS by the Canadian Coast Guard auxiliary vessel ""NICOLE BRANDY"".",CLASS 5,NOVA SCOTIA (NS),Canadian TSB,0,0
51994,2024-04-30,,"On 30 April 2024, the tug ""JACK POINT"", with 3 people on board, reported having run aground in the bay of Port Neville, BC. The vessel freed itself and proceeded to a wharf in Port Harvey, BC.",CLASS 5,BRITISH COLUMBIA (BC),Canadian TSB,0,0
51993,2024-05-01,,"On 01 May 2024, the fishing vessel ""PAMELA & BROTHERS II"", with 3 people on board, reported being disabled with a total failure of its main engine's transmission off Shag Harbour, NS. The vessel was towed to Clark's Harbour, NS by the Canadian Coast Guard Ship ""BAIE DES CHALEURS"".",CLASS 5,NOVA SCOTIA (NS),Canadian TSB,0,0
51992,2024-04-30,,"On 30 April 2024, the fishing vessel ""LADY ETTA"", with 2 people on board, reported being disabled with a fouled propeller in St. Marys Bay, NS. The vessel was towed to Freeport, NS by the Canadian Coast Guard Ship ""WESTPORT"".",CLASS 5,NOVA SCOTIA (NS),Canadian TSB,0,0
51991,2024-04-20,,"On 20 April 2024, the fishing vessel ""DUTCHMAN NO. 1"" was reported having struck a bridge in Victoria, BC. The vessel continued its voyage and damages were assessed on the bridge.",CLASS 5,BRITISH COLUMBIA (BC),Canadian TSB,0,0
51990,2024-04-28,,"On 28 April 2024, the sailing training vessel ""C35148BC (BEETHOVEN)"", with 5 people on board, reported having run aground in Burrard Inlet off Port Moody, BC. The vessel refloated at high tide and proceeded to a nearby wharf on its own power.",CLASS 5,BRITISH COLUMBIA (BC),Canadian TSB,0,0
51989,2024-04-28,,"On 28 April 2024, the fishing vessel ""ROSILEE I"", with 3 people on board, reported being disabled with a total failure of its main engine cooling system and an injured crew member in Somerville Bay, BC. The vessel was towed to Prince Rupert, BC by the Canadian Coast Guard Ship ""MCINTYRE BAY"".",CLASS 5,BRITISH COLUMBIA (BC),Canadian TSB,0,1
51988,2024-04-30,,"On 30 April 2024, the bulk carrier ""CAPTAIN HENRY JACKMAN"", with 19 people on board, reported having made bottom contact in the Welland Canal off Thorold, ON. The vessel proceeded while the crew assessed damages and divers were scheduled for a complete hull inspection.",CLASS 5,ONTARIO (ON),Canadian TSB,0,0
51987,2024-04-30,,"On 30 April 2024, the bulk carrier ""GOLDEN ZHOUSHAN"" reported having sustained a total engine failure in the St. Lawrence River off Sept-Îles, QC. The engine was stopped for repairs and, once completed, resumed its voyage.",CLASS 5,QUEBEC (QC),Canadian TSB,0,0
51986,2024-04-15,,"On 15 April 2024, the passenger vessel ""SKY DWELLER II"", with 3 people on board, reported one of its crew members sustained an injury while boarding the vessel during its launching operation in the harbour of Port Credit, ON. The crew member disembarked and was sent to a hospital.",CLASS 5,ONTARIO (ON),Canadian TSB,0,1
51985,2024-04-26,,"On 26 April 2024, the fishing vessel ""NORTHERN CHALLENGE"", with 2 people on board, reported being disabled with a total failure of its fuel supply system in Sansum Narrows, BC. The vessel was towed to Maple Bay, BC by a vessel of opportunity.",CLASS 5,BRITISH COLUMBIA (BC),Canadian TSB,0,0
51984,2024-04-25,,"On 25 April 2024, the bulk carrier ""SARI INDAH"", while under the conduct of a pilot, reported having sustained a total failure of its main engine's starting air system upon departure from Anchorage No. 6 in Prince Rupert Harbour, BC. The vessel was re-anchored and the crew effected repairs.",CLASS 5,BRITISH COLUMBIA (BC),Canadian TSB,0,0
51983,2024-04-29,,"On 29 April 2024, the fishing vessel ""SUE AND MYOTT"", with 3 people on board, reported being disabled with a total failure of its steering system in the Gulf of Maine off Yarmouth, NS. The crew solved the issue before the arrival of any assistance and the vessel resumed its voyage.",CLASS 5,NOVA SCOTIA (NS),Canadian TSB,0,0
51982,2024-04-27,,"On 27 April 2024, the fishing vessel ""MAKIN'WAVES I"", with 2 people on board, reported being disabled with a total failure of its fuel supply system off Point Lance, NL. The vessel was towed to Fortune, NL by the Canadian Coast Guard ""BARRINGTON BAY"".",CLASS 5,NEWFOUNDLAND AND LABRADOR (NL),Canadian TSB,0,0
51981,2024-04-27,,"On 27 April 2024, the fishing vessel ""SHOAL TICKLE PROVIDER"", with 4 people on board, reported being disabled with a fouled propeller in the Labrador Sea off Musgrave Harbour, NL. The vessel was towed to Valleyfield, NL by the Canadian Coast Guard Ship ""ANN HARVEY"".",CLASS 5,NEWFOUNDLAND AND LABRADOR (NL),Canadian TSB,0,0
51980,2024-04-26,,"On 26 April 2024, the fishing vessel ""ISABELLA KIMBERLEY"", with 3 people on board, reported being disabled with a total failure of its steering system in Placentia Bay, NL. The vessel was towed to Baine Harbour, NL, by the Canadian Coast Guard Ship ""BARRINGTON BAY"".",CLASS 5,NEWFOUNDLAND AND LABRADOR (NL),Canadian TSB,0,0
51979,2024-04-28,,"On 28 April 2024, the tug ""OCEAN ALBATROS"", while pushing the barges ""N.H.B.M. HOPPER NO. 1"" and ""N.H.B.M. HOPPER NO. 2"", reported having sustained a total failure of one of its engines in the St. Lawrence River off Verchères, QC. The vessel proceeded to a nearby wharf and the crew assessed the issue.",CLASS 5,QUEBEC (QC),Canadian TSB,0,0
51978,2024-04-27,,"On 27 April 2024, the search and rescue workboat ""C25780ON"", with 2 people on board, reported having made bottom contact in Nottawasaga Bay off Thornbury, ON. Minor damage was found on the port propeller, and the vessel resumed its operations.",CLASS 5,ONTARIO (ON),Canadian TSB,0,0
51977,2024-04-27,,"On 27 April 2024, the bulk carrier ""ALGOMA STRONGFIELD"", with 18 people on board and while under the conduct of a pilot, reported having sustained a total failure of its propulsion system, causing an unexpected loss of speed, in the St. Lawrence River off Port de Montréal, QC. The vessel proceeded to an anchorage off Longueuil, QC to assess the issue.",CLASS 5,QUEBEC (QC),Canadian TSB,0,0
51976,2024-04-27,,"On 27 April 2024, the tug ""OCEAN SEPT-ILES"" reported being adrift after having sustained a total failure of its propulsion system in Baie de Paspébiac, QC. One of the two engines was restarted and the vessel proceeded to a wharf in Paspébiac, QC for repairs. ",CLASS 5,QUEBEC (QC),Canadian TSB,0,0
51975,2024-04-20,,"On 20 April 2024, the cargo vessel ""HARVEST SPIRIT"", with 15 people on board, reported a crew member sustained an injury in a cargo hold while proceeding in the St. Clair River off Froomfield, ON. The vessel proceeded to Sarnia, ON where the injured member was disembarked and sent to a hospital.",CLASS 5,ONTARIO (ON),Canadian TSB,0,1
51974,2024-04-27,,"On 27 April 2024, the cargo ship ""FORTUNAGRACHT"" reported having sustained a total failure of its main engine while anchored in Baie de Sept-Îles, QC. The vessel remained anchored while awaiting for tug assistance in order to proceed alongside in Sept-Îles, QC for repairs.",CLASS 5,QUEBEC (QC),Canadian TSB,0,0
51973,2024-04-26,,"On 26 April 2024, the bulk carrier ""NUKUMI"", with 16 people on board, reported that one of its crew members had sustained an injury upon the vessel's departure from Grande-Entrée, QC. The crew member was transferred onto the Canadian Coast Guard Ship ""BAIE DE PLAISANCE"" and transported to hospital.",CLASS 5,QUEBEC (QC),Canadian TSB,0,1
51972,2024-04-26,,"On 26 April 2024, the tug ""SPARTAN"" reported having experienced a close quarters situation with a fishing vessel in the Detroit River off Brighton Beach, ON. The tug used sound signals and manoeuvred to avoid a collision.",CLASS 5,ONTARIO (ON),Canadian TSB,0,0
51971,2024-04-26,,"On 26 April 2024, the fishing vessel ""TAX CREDIT"", with 2 people on board, reported being disabled with a fouled propeller in the vicinity of Mahone Bay, NS. The vessel was towed to New Harbour, NS by the Canadian Coast Guard Ship ""HARE BAY"".",CLASS 5,NOVA SCOTIA (NS),Canadian TSB,0,0
51970,2024-04-25,,"On 25 April 2024, the fishing vessel ""BRUCIE J"", with 3 people on board, reported being disabled with a total engine failure off Fishermans Harbour, NS. The vessel was towed to Port Bickerton, NS by the Canadian Coast Guard Ship ""CHIGNECTO BAY"".",CLASS 5,NOVA SCOTIA (NS),Canadian TSB,0,0
51968,2024-04-24,,"On 24 April 2024, the fishing vessel ""L'ELODIE MARCO"", with 3 people on board, reported being disabled with a total failure of its engine in the Gulf of St. Lawrence off Grosse-Île, QC. The vessel was towed to Grande-Entrée, QC, by the Canadian Coast Guard Ship ""BAIE DE PLAISANCE"".",CLASS 5,QUEBEC (QC),Canadian TSB,0,0
51966,2024-04-23,,"On 23 April 2024, the cable ferry ""HOWE ISLANDER"" reported having sustained a total failure of its engine while docked in Pitts Ferry, ON. The crew addressed the issue alongside.",CLASS 5,ONTARIO (ON),Canadian TSB,0,0
51965,2024-04-11,,"On 11 April 2024, the fishing vessel ""TAKIN CHANCES AGAIN"", with 5 people on board, reported being beset in ice and at risk of running aground in White Bay off Groais Island, NL. The vessel freed itself before the arrival of any assistance, and resumed its voyage.",CLASS 5,NEWFOUNDLAND AND LABRADOR (NL),Canadian TSB,0,0
51964,2024-04-24,,"On 24 April 2024, the fishing vessel ""MARITIME HARVESTER' 15"", with 3 people on board, reported being disabled with a total engine failure off Wedgeport, NS. The crew solved the issue adrift before the arrival of any assistance and proceeded to Rams Ledge, NS.",CLASS 5,NOVA SCOTIA (NS),Canadian TSB,0,0
51963,2024-04-23,,"On 23 April 2024, the fishing vessel ""TWIN DOLPHIN"", with 3 people on board, reported being disabled with a total failure of its power supply in Markle Inlet, BC. The crew resolved the issue with the assistance of the Canadian Coast Guard Ship ""MCINTYRE BAY"" before resuming operations.",CLASS 5,BRITISH COLUMBIA (BC),Canadian TSB,0,0
51962,2024-04-22,,"On 22 April 2024, the fire department patrol vessel ""FIREBOAT 1"", with 4 people on board, reported having run aground and a resulting crew injury in the North Arm of the Fraser River off Iona Island, BC. The vessel was freed by a commercial towing vessel and proceeded to a wharf on its own power.",CLASS 5,BRITISH COLUMBIA (BC),Canadian TSB,0,1
51960,2024-04-24,,"On 24 April 2024, the fishing vessel ""HILARY ROBYN"", with 3 people on board, reported being disabled with a total engine failure in Bay of Islands off York Harbour, NL. The vessel was towed to Lark Harbour, NL by a local Canadian Coast Guard station workboat. ",CLASS 5,NEWFOUNDLAND AND LABRADOR (NL),Canadian TSB,0,0
51959,2024-04-24,,"On 24 April 2024, the fishing vessel ""FINAL SPLURGE"", with 3 people on board, reported being disabled with a total failure of its engine cooling system off Shag Harbour, NS. The vessel was towed to Clark's Harbour, NS, by the Canadian Coast Guard Ship ""SAMBRO"".",CLASS 5,NOVA SCOTIA (NS),Canadian TSB,0,0
51958,2024-04-18,,"On 18 April 2024, the Canadian Coast Guard Ship ""JEAN GOODWILL"", with 26 people on board, reported having collided with a whale while underway off Jeddore Harbour, NS. Damages were assessed before the vessel resumed its voyage to Dartmouth, NS.",CLASS 5,NOVA SCOTIA (NS),Canadian TSB,0,0
51957,2024-04-22,,"On 22 April 2024, the passenger ship ""LA MARJOLAINE"" reported having sustained a total failure of its transmission cooling system in Chenal du Nord, QC. The crew solved the issue while underway and the vessel resumed its voyage.",CLASS 5,QUEBEC (QC),Canadian TSB,0,0
51956,2024-03-24,,"On 24 March 2024, the tug ""NORTH ARM VICTOR"", with 4 people on board, reported one of its crew members having sustained serious injuries while secured alongside a wharf in the North Arm of the Fraser River off Mitchell Island, BC. The injured crew member was carried to a hospital in Vancouver, BC. ",CLASS 5,BRITISH COLUMBIA (BC),Canadian TSB,0,1
51955,2024-04-22,,"On 22 April 2024, the fishing vessel ""MISS MADISON "", with 4 people on board, reported having run aground in Sydney Harbour, NS. The vessel was freed by the Canadian Coast Guard Ship ""LA POILE BAY"" and proceeded to North Sydney, NS on its own power.",CLASS 5,NOVA SCOTIA (NS),Canadian TSB,0,0
51954,2024-04-20,,"On 20 April 2024, the fishing vessel ""D 17"", with 4 people on board, reported being disabled with a total failure of its engine off Port Bickerton, NS. The vessel was towed to Fishermans Harbour, NS by the Canadian Coast Guard Ship ""CHIGNECTO BAY"".",CLASS 5,NOVA SCOTIA (NS),Canadian TSB,0,0
51953,2024-04-22,,"On 22 April 2024, the fishing vessel ""L'OLIVIER DES MERS"", with 6 people on board, reported being disabled with a total failure of its engine in the vicinity of Banc Bradelle, QC. The vessel was towed to L'Étang-du-Nord, QC by the fishing vessel ""LADY VICKY II"".",CLASS 5,QUEBEC (QC),Canadian TSB,0,0
51952,2024-04-21,,"On 21 April 2024, after landing 4 people on the shore, an unnamed dory, with 2 people on board, was reported capsized with its crew members overboard in the vicinity of Port au Port Bay, NL. The four people stranded ashore were evacuated to Lark Harbour, NL by helicopter, and the two crew members in the water were recovered, and later pronounced deceased.",CLASS 5,NEWFOUNDLAND AND LABRADOR (NL),Canadian TSB,2,0
51950,2024-04-21,,"On 21 April 2024, the tanker ""ROSSI A. DESGAGNES"", with 20 people on board and while under the conduct of a pilot, reported having sustained a total failure of its engine causing a loss of propulsion upon departure from section 109 of Port de Montréal, QC. The crew addressed the issue and the vessel proceeded to a nearby anchorage to conduct an in-depth inquiry.",CLASS 5,QUEBEC (QC),Canadian TSB,0,0
51949,2024-04-20,,"On 20 April 2024, the Canadian Coast Guard auxiliary vessel ""C26694ON"", known as ""TOWARF 3"", reported having sustained a total failure of one of its engines in Oakville Harbour, ON. The vessel proceeded to its base station for repairs.",CLASS 5,ONTARIO (ON),Canadian TSB,0,0
51948,2024-04-19,,"On 19 April 2024, the fishing vessel ""CLAUDE MARTIN "", with 5 people on board, reported having run aground off Anse de Newport, QC. The vessel anchored to wait for assistance after freeing itself but remaining disabled with an engine failure. The vessel was later towed to a wharf in Newport Point, QC by a vessel of opportunity.",CLASS 5,QUEBEC (QC),Canadian TSB,0,0
51947,2024-04-19,,"On 19 April 2024, the fishing vessel ""ROY'S BOY"", with 3 people on board, reported being disabled with a fouled propeller in the vicinity of Westport Harbour, NS. The vessel was towed to Westport, NS by the Canadian Coast Guard Ship ""WESTPORT"".",CLASS 5,NOVA SCOTIA (NS),Canadian TSB,0,0
51946,2024-04-18,,"On 18 April 2024, the container ship ""MSC ALDEBARAN III"", while under the conduct of a pilot and being assisted by tugs, reported having sustained a total failure of its main engine upon arrival in Saint John, NB. The tugs assisted the vessel until secured alongside.",CLASS 5,NEW BRUNSWICK (NB),Canadian TSB,0,0
51945,2024-04-18,,"On 18 April 2024, the fishing vessel ""PAPA'S LOBSTERS"", with 3 people on board, reported being disabled with a total failure of its fuel supply system off Roseway, NS. The vessel was towed to Gunning Cove, NS by the fishing vessel ""ADAM ANT"".",CLASS 5,NOVA SCOTIA (NS),Canadian TSB,0,0
51944,2024-04-17,,"On 17 April 2024, the fishing vessel ""KATHY MICHELLE II"", with 4 people on board, reported being disabled with a fouled propeller off Bay Bulls, NL. Before assistance arrived, the crew managed to free the propeller and proceeded to Petty Harbour, NL on its own power.",CLASS 5,NEWFOUNDLAND AND LABRADOR (NL),Canadian TSB,0,0
51943,2024-04-17,,"On 17 April 2024, the fishing vessel ""MELANIE'S DREAM"", with 1 person on board, was reported disabled after having sustained a total mechanical failure off Grates Cove, NL. The vessel was towed to Bay de Verde, NL by the fishing vessel ""MORNING MIST"".",CLASS 5,NEWFOUNDLAND AND LABRADOR (NL),Canadian TSB,0,0
51942,2024-04-18,,"On 18 April 2024, the bulk carrier ""ZUDAR"" reported being disabled with a total failure of its propulsion system in the St. Lawrence River off Sault-au-Mouton, QC. The vessel was towed to an anchorage off Les Razades, QC by the tug ""L'ANSE DU MOULIN"".",CLASS 5,QUEBEC (QC),Canadian TSB,0,0
51941,2024-04-17,,"On 17 April 2024, the fishing vessel ""ROGER & KENNA"", with 5 people on board, reported being disabled with a total failure of its steering system in the vicinity of Cabot Strait off Glace Bay, NS. The vessel was towed to Port Morien, NS by the Canadian Coast Guard Ship ""LA POILE BAY"".",CLASS 5,NOVA SCOTIA (NS),Canadian TSB,0,0
51940,2024-04-16,,"On 16 April 2024, the fishing vessel ""MISS DARALYN 2007"", with 5 people on board, reported being disabled with a total failure of its fuel supply system in Northumberland Strait off Red Point, PE. The vessel was towed to Souris, PE by the Canadian Coast Guard Ship ""CAPE SPRY"".",CLASS 5,NOVA SCOTIA (NS),Canadian TSB,0,0
51939,2024-04-16,,"On 16 April 2024, the fishing vessel ""STONEHAVEN COWBOY II"", with 5 people on board, reported being disabled after having sustained a fire in its engine room in the vicinity of Miscou Banks, NB. The crew extinguished the fire and the vessel was towed to Caraquet, NB by the Canadian Coast Guard Ship ""CAP BRETON"".",CLASS 5,NEW BRUNSWICK (NB),Canadian TSB,0,0
51937,2024-04-12,,"On 12 April 2024, the fishing vessel ""HINDSIGHT 20/20"", with 3 people on board, reported having run aground off the wharf of East Pubnico, NS. The vessel freed itself and proceeded to the wharf to assess the damage.",CLASS 5,NOVA SCOTIA (NS),Canadian TSB,0,0
51936,2024-04-10,,"On 10 April 2024, the fishing vessel ""WHITETAIL 15"", with 6 people on board, was reported being disabled with a total failure of its engine in the vicinity of Misaine Bank off Fourchu, NS. The vessel was towed to Louisbourg, NS by the Canadian Coast Guard Ship ""LA POILE BAY"".",CLASS 5,NOVA SCOTIA (NS),Canadian TSB,0,0
51935,2024-04-16,,"On 16 April 2024, the tug ""CAPTAIN COOK"", with 5 people on board, reported being disabled after having sustained a fire in its engine room and a resulting crew injury in the Strait of Georgia off Gillies Bay, BC. The vessel was anchored to prevent its grounding. The crew assessed damages to the propulsion system and waited for a tow to Vancouver, BC for repairs.",CLASS 5,BRITISH COLUMBIA (BC),Canadian TSB,0,1
51934,2024-04-17,,"On 17 April 2024, the container ship ""CMA CGM HYDRA"", while under the conduct of a pilot, reported having sustained a total failure of its main engine fuel supply system in the Strait of Georgia, BC. The vessel proceeded to an anchorage in English Bay, BC, at a reduced speed, and the crew effected repairs.",CLASS 5,BRITISH COLUMBIA (BC),Canadian TSB,0,0
51933,2024-04-13,,"On 13 April 2024, the tug ""CHARLES H. CATES VIII"", with 2 people on board, reported having made bottom contact in Sydney Channel, BC. The starboard propulsion was found damaged and the vessel proceeded to Victoria, BC using its port engine. Divers were ordered to assess the damage.",CLASS 5,BRITISH COLUMBIA (BC),Canadian TSB,0,0
51932,2024-04-16,,"On 16 April 2024, the ferry ""ISLAND DISCOVERY"" reported having sustained a total failure of its propulsion control from one bridge wing in Algerine Passage, BC. The vessel maintained its position while the crew addressed the issue, and once completed, resumed its voyage.",CLASS 5,BRITISH COLUMBIA (BC),Canadian TSB,0,0
51931,2023-05-28,,"On 28 May 2023, the Canadian cargo vessel ""ASTERIX"", with 103 people on board and while under the conduct of a pilot, reported that one of its crew members had sustained injuries during mooring operations in Busan, Gyeongnam, South Korea. The docking manoeuvre was completed and the injured crew member was disembarked and hospitalized.",CLASS 4,Outside Provincial Boundaries,Canadian TSB,0,1
51930,2024-04-12,,"On 12 April 2024, the ferry ""PELEE ISLANDER II"", with 36 people on board, reported having run aground while approaching the harbour of Kingsville, ON. The vessel freed itself and proceeded to the wharf to assess damages.",CLASS 5,ONTARIO (ON),Canadian TSB,0,0
51928,2024-04-07,,"On 07 April 2024, the fishing vessel ""KIJU"", with 7 people on board, reported being disabled with an ingress of water in its engine room in the Gulf of St. Lawrence in the vicinity of Banc Bradelle, QC. The water ingress was controlled and the vessel was towed to Shippegan, NB by the Canadian Coast Guard Ship ""CAP BRETON"".",CLASS 5,QUEBEC (QC),Canadian TSB,0,0
51927,2024-04-05,,"On 05 April 2024, the fishing vessel ""HACHE III"", with 6 people on board, reported being disabled with a total failure of its generator in the Gulf of St. Lawrence in the vicinity of Banc Bradelle, QC. The vessel was towed to Shippagan, NB by the Canadian Coast Guard Ships ""HENRY LARSEN"" and ""CAP BRETON"".",CLASS 5,QUEBEC (QC),Canadian TSB,0,0
51926,2024-04-11,,"On 11 April 2024, the fishing vessel ""STEVE L"", with 2 people on board, reported being disabled with a total failure of its engine in the harbour of Grande-Rivière, QC. The vessel was towed alongside by two vessels of opportunity.",CLASS 5,QUEBEC (QC),Canadian TSB,0,0
51925,2024-04-07,,"On 07 April 2024, the ferry ""QUINSAM"", with 24 people on board, reported having experienced a close quarters situation with a pleasure craft in Osborn Bay, BC. The ferry used sound signals and maneuvered to avoid a collision.",CLASS 5,BRITISH COLUMBIA (BC),Canadian TSB,0,0
51924,2024-04-10,,"On 10 April 2024, the fishing vessel ""WINDJAMMER"", with 4 people on board, reported being disabled with a total failure of its engine in the Gulf of St. Lawrence off Havre-Aubert, QC. The vessel was towed to Cap-aux-Meules, QC by the Canadian Coast Guard Ship ""BAIE DE PLAISANCE"".",CLASS 5,QUEBEC (QC),Canadian TSB,0,0
51922,2024-04-03,,"On 03 April 2024, the bulk carrier ""CSL LAURENTIEN"" while navigating in the St. Mary's River, MI, USA, reported one of its crew members being incapacitated. The crew member was disembarked for medical assistance in the Soo Locks, Sault Ste. Marie, MI, USA. The vessel resumed its voyage once the substitute crew member arrived.",CLASS 5,Outside Provincial Boundaries,Canadian TSB,0,0
51921,2024-04-08,,"On 08 April 2024, the fishing vessel ""MITCHELL'S DREAM"", with 3 people on board, reported being disabled with a total failure of its engine in White Bay, NL. The vessel was towed to Fleur de Lys, NL by the Canadian Coast Guard Ship ""ANN HARVEY"".",CLASS 5,NEWFOUNDLAND AND LABRADOR (NL),Canadian TSB,0,0
51919,2024-04-04,,"On 04 April 2024, the fishing vessel ""LADY ESTHER"", with 6 people on board, reported being disabled with a fuel supply system failure in Baie de Plaisance, QC. The crew addressed the issue and the vessel proceeded to Cap-aux-Meules, QC on its own power.",CLASS 5,QUEBEC (QC),Canadian TSB,0,0
51918,2024-04-03,,"On 03 April 2024, the tanker ""ALGOBERTA"", while under the conduct of a pilot, reported having sustained a total failure of its electrical power supply system and a resulting loss of propulsion on Lac Saint-Pierre, QC. The crew addressed the issue while underway and the vessel resumed its voyage.",CLASS 5,QUEBEC (QC),Canadian TSB,0,0
51917,2024-04-07,,"On 07 April 2024, the fishing vessel ""LADY KEARNEY"", with 3 people on board, reported being disabled with a total failure of its steering system in the Gulf of St. Lawrence off Wedgeport, NS. The vessel was towed to Yarmouth, NS by the Canadian Coast Guard Ship ""CHEDABUCTO BAY"".",CLASS 5,NOVA SCOTIA (NS),Canadian TSB,0,0
51915,2024-04-06,,"On 06 April 2024, the fishing vessel ""ALL MINE"", with 3 people on board, reported being disabled with a fouled propeller off Baccaro, NS. The vessel was towed to Port La Tour, NS by the Canadian Coast Guard Ship ""CHEDABUCTO BAY"".",CLASS 5,NOVA SCOTIA (NS),Canadian TSB,0,0
51914,2024-04-06,,"On 06 April 2024, the fishing vessel ""LISA & GIRLS"", with 5 people on board, reported being disabled with a fouled propeller in the vicinity of Shag Harbour, NS. The vessel was towed to Bear Point, NS by the Canadian Coast Guard Ship ""CHEDABUCTO BAY"".",CLASS 5,NOVA SCOTIA (NS),Canadian TSB,0,0
51910,2024-04-03,,"On 03 April 2024, the fishing vessel ""PETIT GODIN"", with 4 people on board, reported being disabled with a total failure of its engine in the vicinity of Miscou Banks, NB. The vessel was towed to Shippegan, NB by the Canadian Coast Guard Ship ""CAP BRETON"".",CLASS 5,NEW BRUNSWICK (NB),Canadian TSB,0,0
51909,2024-04-03,,"On 03 April 2024, the fishing vessel ""MARIE-EVE"", with 5 people on board, reported being disabled with water ingress in its engine room in the vicinity of Miscou Banks, NB. The vessel was towed to Shippegan, NB by the Canadian Coast Guard Ships ""BAIE DE PLAISANCE"" and ""CAP BRETON"".",CLASS 5,NEW BRUNSWICK (NB),Canadian TSB,0,0
51907,2024-04-03,,"On 03 April 2024, the fishing vessel ""CINDY MAXIME"", with 6 people on board, reported being disabled with a total failure of its engine in the vicinity of Miscou Banks, NB. The vessel was towed to Lamèque, NB by the Canadian Coast Guard Ship ""CAP BRETON"". ",CLASS 5,NEW BRUNSWICK (NB),Canadian TSB,0,0
51906,2024-03-28,,"On 28 March 2024, the bulk carrier ""HONOURABLE HENRY JACKMAN"", with 27 people on board, reported three of its crew members sustained injuries during heavy weather conditions off Kyuquot, BC. The vessel proceeded towards Victoria, BC and the three injured crew members were disembarked and sent to a hospital by helicopter.",CLASS 5,BRITISH COLUMBIA (BC),Canadian TSB,0,3
51905,2024-03-31,,"On 31 March 2024, the passenger vessel ""COAST LOGGER"", with 9 people on board, reported being disabled with an engine failure in Esperanza Inlet, BC. The vessel regained propulsion and was assisted to Zeballos, BC by a local Canadian Coast Guard station workboat. ",CLASS 5,BRITISH COLUMBIA (BC),Canadian TSB,0,0
51904,2024-03-31,,"On 31 March 2024, the fishing vessel ""QUEENS REACH"", with 5 people on board, reported having run aground in Atli Inlet, BC. A hole in the hull was found and temporarily repaired by a diver on board. The vessel refloated at high tide and was towed to an anchorage in Takelley Cove, BC by the workboat ""QUEENS REACH"".",CLASS 5,BRITISH COLUMBIA (BC),Canadian TSB,0,0
51903,2024-03-29,,"On 29 March 2024, the ferry ""QUEEN OF COWICHAN"", with 359 people on board, reported having sustained the total failure of one of its generators causing a loss of electrical power in Howe Sound, BC. The crew addressed the issue while underway and the vessel proceeded to Langdale, BC. ",CLASS 5,BRITISH COLUMBIA (BC),Canadian TSB,0,0
51902,2024-04-02,,"On 02 April 2024, the bulk carrier ""GLOVIS DESIRE"" reported dragging anchor at Anchorage 5 in Trincomali Channel, BC. A pilot was requested and, once aboard, the vessel was re-anchored.",CLASS 5,BRITISH COLUMBIA (BC),Canadian TSB,0,0
51901,2024-04-03,,"On 03 April 2024, the fishing vessel ""LADY CAROL I"", with 5 people on board, reported one of its crew members sustained an injury in the Gulf of St. Lawrence off Margaree Harbour, NS. The vessel proceeded to Chéticamp, NS to meet with an ambulance.",CLASS 5,NOVA SCOTIA (NS),Canadian TSB,0,1
51898,2024-04-02,,"On 02 April 2024, the fishing vessel ""RAMBLE ON"", with 5 people on board, reported being disabled with the total failure of its engine in the Gulf of St. Lawrence off Red River, NS. The vessel was towed to Cheticamp, NS by the Canadian Coast Guard Ship ""BAIE DE PLAISANCE"".",CLASS 5,NOVA SCOTIA (NS),Canadian TSB,0,0
51897,2024-04-01,,"On 01 April 2024, the fishing vessel ""CRABS'R'US"", with 3 people on board, reported being disabled with a total failure of its engine off Seaforth, NS. The vessel was towed to Eastern Passage, NS by the Canadian Coast Guard Ship ""HARE BAY"".",CLASS 5,NOVA SCOTIA (NS),Canadian TSB,0,0
51896,2024-03-31,,"On 31 March 2024, the fishing vessel ""360 SHIFTER"", with 2 people on board, reported being disabled with a total failure of its fuel supply system in the vicinity of Scatarie Bank, NS. The vessel was towed to Louisbourg, NS by the Canadian Coast Guard Ship ""LA POILE BAY"".",CLASS 5,NOVA SCOTIA (NS),Canadian TSB,0,0
51895,2024-03-30,,"On 30 March 2024, the fishing vessel ""SAPUTI"" reported two of its crew members sustained injuries during heavy weather conditions in Davis Strait, NL. The injured crew members were medevac'd by helicopter to a hospital in Goose Bay, NL.",CLASS 5,NEWFOUNDLAND AND LABRADOR (NL),Canadian TSB,0,2
51894,2024-04-01,,"On 01 April 2024, the fishing vessel ""LADY ESTHER"", with 5 people onboard, reported needing a medical evacuation for a crew member while fishing northwest of the Magdalen Islands, QC. The Canadian Coast Guard Ship ""SIR WILLIAM ALEXANDER"" evacuated the patient to Cap-Aux-Meules, QC where they were transferred to paramedics. ",CLASS 5,QUEBEC (QC),Canadian TSB,0,1
51893,2024-03-29,,"On 29 March 2024, the pilot boat ""OCEAN HOMA"" reported its port engine shut down and returned to dock at section 57N in Montreal, QC to investigate and conduct repairs. ",CLASS 5,QUEBEC (QC),Canadian TSB,0,0
51892,2024-03-28,,"On 28 March 2024, the fishing vessel ""IT IS WHAT IT IS 2020"", with 2 people on board, reported being disabled with a fouled propeller in the vicinity of Shag Harbour, NS. The vessel was towed to Lower Woods Harbour, NS by the Canadian Coast Guard Ship ""CHEDABUCTO BAY"".",CLASS 5,NOVA SCOTIA (NS),Canadian TSB,0,0
51891,2024-03-28,,"On 28 March 2024, the fishing vessel ""HELL OR HIGH WATER"", with 3 people on board, reported being disabled with a total failure of its engine in the Gulf of Maine off Yarmouth, NS. The vessel was towed to Yarmouth, NS by the Canadian Coast Guard Ship ""WESTPORT"".",CLASS 5,NOVA SCOTIA (NS),Canadian TSB,0,0
51890,2024-03-27,,"On 27 March 2024, the fishing vessel ""ALEX & SISTERS"", with 2 people on board, reported being disabled with a mechanical failure in the vicinity of Saint Margarets Bay, NS. The vessel was towed to Lunenburg, NS by the Canadian Coast Guard Ship ""HARE BAY"".",CLASS 5,NOVA SCOTIA (NS),Canadian TSB,0,0
51888,2024-03-27,,"On 27 March 2024, the fishing vessel ""KYLE SEA XVI"", with 3 people on board, reported being disabled with a fouled propeller in the vicinity of St. Marys Bay, NS. The vessel was towed to Meteghan, NS by the fishing vessel ""WEST OF THE SUN"" and by the Canadian Coast Guard Ship ""SAMBRO"".",CLASS 5,NOVA SCOTIA (NS),Canadian TSB,0,0
51887,2024-03-27,,"On 27 March 2024, the fishing vessel ""RISKY BUSINESS 2012"", with 3 people on board, reported being disabled with a total failure of its steering system in the Bay of Fundy, NS. The vessel was towed to Meteghan, NS by the Canadian Coast Guard Ship ""SAMBRO"".",CLASS 5,NOVA SCOTIA (NS),Canadian TSB,0,0
51886,2024-03-26,,"On 26 March 2024, the fishing vessel ""LE PETIT JEAN"", with 4 people on board, reported having run aground in Twillingate Harbour, NL. The vessel was towed to Twillingate, NL by the fishing vessel ""MITCHELLS DREAM"".",CLASS 5,NEWFOUNDLAND AND LABRADOR (NL),Canadian TSB,0,0
51885,2024-03-22,,"On 22 March 2024, the ferry ""QUEEN OF ALBERNI"" reported having sustained a total failure of one of its engines in Fairway Channel, BC. The vessel resumed its voyage using the remaining engine. ",CLASS 5,BRITISH COLUMBIA (BC),Canadian TSB,0,0
51883,2024-03-20,,"On 20 March 2024, the bulk carrier ""V DUE"", while under the conduct of a pilot, reported having sustained a total failure of its astern propulsion in Chatham Sound, BC. The crew addressed the issue at anchor.",CLASS 5,BRITISH COLUMBIA (BC),Canadian TSB,0,0
51882,2024-03-21,,"On 21 March 2024, the fishing vessel ""DOVRE B."", with 4 people on board, reported being disabled with a mechanical failure in the vicinity of Cartwright Sound, BC. The vessel was towed to Village of Daajing Giids, BC by the fishing vessel ""RYUO II"" and the Canadian Coast Guard Ship ""CAPE MUDGE"".",CLASS 5,BRITISH COLUMBIA (BC),Canadian TSB,0,0
