FIELD_ID,FIELD_NAME,COUNTRY,BLOCK,RESERVE_TYPE,CURRENT_STATUS,DISCOVERY_DATE,PRODUCTION_START,WATER_DEPTH_M,WATER_DEPTH_FT,US_GOM_FLAG
720,Aasta Hansteen (Luva),Norway,"PL 218 - 6706/12, 6707/10",Gas,Under Development,Jul 1997,,1300,4290,
874,Abadi,Indonesia,Masela Block,Gas,Under Development,Feb 2002,,1000,3300,
365,Abalone,Brazil,Block BC-10,Oil/Gas,Suspended,Jan 2000,Jul 2009,2000,6600,
296,Abang,Equatorial Guinea,Block G,Oil/Gas,Discovery (Drilled),Jun 2002,,98,323,
542,Abare West,Brazil,BM-S-9,Oil/Gas,Discovery (Appraised),,,2163,7138,
760,Abo,Nigeria,OPL 316,Oil,Producing,,Apr 2003,800,2640,
1353,Aboabo,Philippines,SC 63,Gas,Discovery (Drilled),Jan 1981,,70,231,
463,Absheron,Azerbaijan,Absheron Block,Oil/Gas,Discovery (Drilled),Sep 2011,,500,1650,
1275,Abu Qir,Egypt,,Gas,Producing - Under Dev.,Jan 1965,,35,116,
326,Acacia,Angola,17,Oil,Producing,Apr 2003,Aug 2011,1030,3399,
271,Achilles,Australia,WA-374-P,Gas,Discovery (Drilled),Sep 2009,,,,
808,Acme,Australia,WA-205-P,Gas,Discovery (Drilled),Aug 2010,,878,2897,
808,Acme West,Australia,WA-205-P,Gas,Discovery (Drilled),Oct 2011,,925,3053,
115,Aconcagua,US,Mississippi Canyon 305,Gas,Producing - Under Dev.,Jan 1999,Sep 2002,2346,7742,Y
1507,Aegean,US,Keathley Canyon 163,n/a,Non-Commercial,,,1717,5666,Y
1670,Affanga Deep,Gabon,Gnondo Block,n/a,Bright Spot,,,,,
316,Affleck,UK,Block 30/19a,Oil/Gas,Producing,,Aug 2009,72,238,
249,Agbami,Nigeria,OML 127 and 128,Oil/Gas,Producing,Jan 1999,Jul 2008,1372,4528,
800,Agge-3B.T1,Nigeria,OML 136,Gas,Discovery (Drilled),Jun 2010,,140,462,
1648,Agulha,Mozambique,Area 4,Gas,Discovery (Drilled),Sep 2013,,2492,8224,
753,Airidh,UK,42/19a,Gas,Non-Commercial,,,61,201,
708,Aje,Niger,OML 113,Oil/Gas,Under Development,Jan 1996,,914,3016,
535,Akal,Mexico,,Oil/Gas,Producing,Jan 1976,Jan 1981,35,116,
951,Akasa,Ghana,West Cape Three Points block,Oil,Discovery (Drilled),Aug 2011,,1158,3821,
560,Akcakoca,Turkey,,Gas,Producing - Under Dev.,,,95,314,
668,Akepo,Nigeria,OML 90,Oil,Under Development,Jan 1993,,8,26,
296,Akom,Equatorial Guinea,Block G,Oil,Discovery (Drilled),Feb 2002,,444,1465,
252,Akpo,Nigeria,OML 130,Oil/Gas,Producing - Under Dev.,Jan 2000,,1700,5610,
1276,Al Jalilah,UAE,,Oil,Under Development,Feb 2010,,,,
1498,Al Jurf,Libya,Block C 137,Oil,Producing,,Jan 2003,90,297,
1277,Al Khalij,Qatar,Block 6,Oil,Producing,Jan 1991,Jan 1997,59,195,
1823,Al Radeef,Qatar,Block 4N,Gas,Discovery (Drilled),Mar 2013,,70,231,
452,Al Shaheen,Qatar,"Block 5, Block 5 Extension",Oil/Gas,Producing - Under Dev.,,Feb 2005,70,231,
784,Al Zaafarana,Egypt,North Zaafarana Concession,Oil,Producing,Dec 1990,Nov 1994,,,
810,Alaric,Australia,WA-434-P,Gas,Discovery (Drilled),Oct 2010,,1960,6468,
226,Alba,UK,16/26,Oil,Producing,Dec 1984,Jan 1994,138,455,
1467,Alba (EG),Equatorial Guinea,Alba PSC,Gas,Producing,Jan 1984,Jan 1991,75,248,
550,Albacora,Peru,Block Z-1,Gas,Producing - Under Dev.,Jan 1970,Jan 1982,,,
580,Albacore,New Zealand,PEP 38491,Oil/Gas,Non-Commercial,,,95,314,
1508,Alban,Albania,Durresi Block,n/a,Drilled (Status Unknown),,,152,502,
1066,Albert,Norway,"6201/11, PL 519",n/a,Appraisal Drilling,Jun 2012,,383,1264,
1606,Alder,UK,15/29a,Gas,Under Development,Jan 1975,,150,495,
791,Aldous,Norway,PL265,Oil,Discovery (Appraised),Aug 2011,,115,380,
477,Alen (Belinda),Equatorial Guinea,"Block O, Block I",Gas,Producing,,Jun 2013,530,1749,
1694,Alhamdulilah,Gambia,A1,n/a,Bright Spot,,,2300,7590,
684,Alho,Angola,NorthEastern Part of Block 32,Oil,Discovery (Drilled),Jun 2007,,1607,5303,
1291,Alison,UK,"49/11a, P.028",Gas,Producing,Dec 1986,Oct 1995,26,86,
116,Allegheny,US,Green Canyon 254,Oil/Gas,Producing,Nov 1991,Oct 1999,989,3264,Y
116,Allegheny South,US,Green Canyon 298,Oil/Gas,Producing,Jan 2005,Jan 2006,1000,3300,Y
1190,Alma,UK,"P1765, 30/24c, 30/25c",Gas,Under Development,Aug 1990,,80,264,
492,Alma (Sable Project),Canada,,Gas,Producing,,Dec 2003,67,221,
641,Alpha,Falkland Islands (Malvinas),"25/10, 25/15, 25/8, 25/9, 25/14b",Gas,Bright Spot,,,450,1485,
946,Alpha (Dominion),"Tanzania, United Republic of",Block 7,n/a,Bright Spot,,,,,
374,Alpha North,Norway,15/9,Gas,Producing,,Oct 2004,,,
1761,Alta,Norway,PL609,n/a,Bright Spot,,,,,
1810,Altair,Sierra Leone,SL-03,n/a,Bright Spot,,,3300,10890,
713,Alve,Norway,6507/3,Gas,Producing,Oct 1990,Mar 2009,369,1218,
212,Alvheim,Norway,"PL088, PL036",Oil/Gas,Producing,Jul 1998,Jun 2008,410,1353,
227,Alwyn North,UK,"3/4a, 3/9a, 3/10b,",Oil/Gas,Producing,Oct 1975,Nov 1987,126,416,
1339,Amalie,Denmark,"5604/22, 5604/26, License 7/86",Oil/Gas,Discovery (Appraised),Jun 1991,,66,218,
168,Amberjack,US,"Mississippi Canyon 108, 109, 110",Oil/Gas,Producing,Nov 1983,Jan 1991,319,1053,Y
318,Amenam Kpono,Nigeria,"OML 99, OML 70",Oil/Gas,Producing,Jan 1990,Jul 2003,40,132,
982,Amergin,Ireland,"License 5/08; 47/25, 48/21 and 48/22",n/a,Bright Spot,,,100,330,
1660,Amethyst,US,MC26,Gas,Exploratory Drilling,,,340,1122,Y
783,Amethyst East,UK,"47/8a, 47/9a, 47/13a, 47/14a, 47/15a",Gas,Producing,Oct 1972,Sep 1990,30,99,
783,Amethyst West,UK,"47/8a, 47/9a, 47/13a, 47/14a, 47/15a",Gas,Producing,Apr 1970,Apr 1991,30,99,
610,Amokura,New Zealand,PMP 38158,Oil,Producing,,Jan 2007,120,396,
1414,Amol,Norway,"PL457, 16/1",n/a,Non-Commercial,,,113,373,
1791,Amstel,Netherlands,Q13a,Oil,Producing,Jan 1962,Feb 2014,19,63,
1366,Anambas,Indonesia,Anambas PSC,n/a,Discovery (Drilled),Jan 2006,,91,300,
685,Anchois,Morocco,Tanger-Larache Concession,Gas,Discovery (Drilled),Mar 2009,,,,
1006,Andalan,Indonesia,,Gas,Non-Commercial,,,,,
1367,Ande Ande Lumut,Indonesia,Northwest Natuna PSC,Oil,Under Development,,,80,264,
687,Andrea,UK,48/15b,Gas,Discovery (Drilled),Jul 2009,,20,66,
603,Andrew,US,Keathley Canyon 119,Oil/Gas,Bright Spot,,,1558,5141,Y
161,Anduin,US,Mississippi Canyon 755,Oil,Suspended,Feb 2005,Oct 2007,732,2416,Y
161,Anduin West,US,Mississippi Canyon 754,Oil/Gas,Suspended,Apr 2008,Feb 2011,822,2713,Y
661,Angel Fire,US,"Green Canyon 370, 371, 327",n/a,Bright Spot,,,1006,3320,Y
1192,Angelica,US,East Cameron 115,n/a,Exploratory Drilling,,,,,Y
1730,Anggerik,Malaysia,"PM302, PM325, PM326B",Gas,Under Development,Nov 2004,,,,
829,Angklung,Indonesia,Bontang PSC,Oil/Gas,Discovery (Drilled),Nov 2010,,290,957,
1541,Anglesey,UK,"P1767, 14/6, 14/15, 14/14a",n/a,Bright Spot,,,,,
868,Anglia,UK,"P128: 48/18b, 48/19b, 48/19e, P.128",Gas,Producing,Dec 1985,Dec 1991,26,86,
388,Angostura,US,Green Canyon 304,Oil/Gas,Non-Commercial,,,1181,3897,Y
136,Angus,US,"Green Canyon 112, 113",Oil/Gas,Producing,Jan 1997,Sep 1999,557,1838,Y
1842,Anhalt,Australia,WA-466-P,n/a,Bright Spot,,,,,
971,Annabel,UK,48/10a,Gas,Producing,Sep 2003,Apr 2005,95,314,
1144,Annamaria,Croatia,A.C11.AG concession,Gas,Producing,,Nov 2009,60,198,
676,Anne Marie,Faroe Islands,License 005,n/a,Discovery (Drilled),Nov 2010,,1106,3650,
1368,Anoa,Indonesia,Natuna Sea Block A,Gas,Producing,,Apr 1990,77,254,
399,Antietam,US,DeSoto Canyon 268,n/a,Non-Commercial,,,2282,7531,Y
1008,Aphrodite,Cyprus,Block 12,Gas,Appraisal Drilling,Dec 2011,,1689,5574,
830,Apollo,Norway,"16/1, PL 338",Oil,Discovery (Drilled),Nov 2010,,112,370,
1701,Apollo (Norway),Norway,PL615: 7324/1,n/a,Bright Spot,,,,,
398,Appaloosa,US,"Mississippi Canyon 459, 460 and Partial 503, 504",Oil,Producing - Under Dev.,May 2008,,853,2815,Y
497,Appomattox,US,"Mississippi Canyon 391, 392",Oil,Discovery (Appraised),Dec 2009,,2222,7333,Y
670,Aquila,Italy,,Oil,Producing - Under Dev.,Jan 1981,,850,2805,
985,Ara,Malaysia,PM308A,n/a,Discovery (Drilled),Mar 2013,,,,
1056,Aracaju,Brazil,BM-S-58,Oil/Gas,Discovery (Drilled),Oct 2010,,172,568,
1583,Aragon,UK,"P1763, 9/9d, 9/14, 9/15d",n/a,Bright Spot,,,,,
1402,Arbroath,UK,22/18,Oil/Gas,Producing,Dec 1969,Apr 1991,93,307,
531,Ardennes,US,Green Canyon 896,n/a,Non-Commercial,,,1682,5551,Y
835,Ardmore,Ireland,SEL 2/07,n/a,Bright Spot,,,90,297,
621,Argao,Philippines,SC51,Oil,Bright Spot,,,229,756,
365,Argonatua O-South,Brazil,Block BC-10,Oil/Gas,Under Development,,,1980,6534,
365,Argonauta B-West,Brazil,Block BC-10,Oil/Gas,Producing,,Jul 2009,,,
365,Argonauta O-North,Brazil,Block BC-10,Oil/Gas,Producing,,Oct 2013,1981,6537,
1638,Argus,Australia,AC/RL8,Gas,Appraisal Drilling,Sep 2000,,164,541,
126,Ariel,US,Mississippi Canyon 429,Oil,Producing,Jun 1995,Apr 2004,1870,6171,Y
270,Aries,Argentina,CMA-1,Gas,Producing,Jan 1981,Jan 2006,60,198,
464,Aripo,Trin. & Tobago,Block 2(c),Gas,Producing,May 2000,May 2011,30,99,
393,Arkutun-Dagi,Russian Federation,Sakhalin Island,Oil/Gas,Under Development,Jan 1989,,60,198,
567,Armstrong,US,Mississippi Canyon 162,Gas,Drilled (Status Unknown),,,995,3284,Y
136,Arnold,US,Ewing Bank 963,Oil,Producing,Jan 1996,May 1998,513,1693,Y
604,Arous Al-Bahar,Libya,Area 54,Gas,Discovery (Appraised),Jan 2008,,856,2825,
677,Artemis,Australia,WA-360-P,Gas,Non-Commercial,,,200,660,
288,Arthit,Thailand,"B14A, B15A, B16A",Gas,Producing,,Mar 2008,80,264,
729,Aruana,Brazil,C-M-401,Oil,Under Development,Aug 2009,,977,3224,
477,Aseng,Equatorial Guinea,Block I,Oil/Gas,Producing,Jan 2007,Nov 2011,945,3119,
357,Asgard,Norway,"6406/3, 6407/2, 6407/3, 6506/11, 6506/12,6507/11",Oil/Gas,Producing,Oct 1981,May 1999,300,990,
1234,Asha / Noor,Norway,License PL457; Block 16/1,n/a,Discovery (Drilled),Jan 2013,,113,373,
1234,Asha East,Norway,"PL457, 16/1",n/a,Non-Commercial,,,113,373,
1342,Ashrafi,Egypt,,Oil,Producing,,Jun 1992,,,
1455,Ashtart,Tunisia,,Oil,Producing,Jan 1971,Jan 1974,66,218,
1756,Askepott (Cinderella),Norway,PL448,n/a,Bright Spot,,,,,
1691,Askja East,Norway,PL272: 30/11,Oil,Discovery (Drilled),Jan 2014,,110,363,
1691,Askja West,Norway,PL272: 30/11,Gas,Discovery (Drilled),Nov 2013,,110,363,
136,Aspen,US,Green Canyon 243,Oil,Producing,Apr 2001,Dec 2002,926,3056,Y
1313,Assaka,Morocco,Tarfaya Offshore,n/a,Bright Spot,,,200,660,
688,Asterix,Norway,PL 372B - 6705/10,Gas,Discovery (Drilled),Mar 2009,,1360,4488,
1045,AT2-1,Greenland,Atammik,n/a,Non-Commercial,,,1045,3449,
1044,AT7-1,Greenland,Atammik,n/a,Non-Commercial,,,905,2987,
651,Athena,UK,P1293: 14/18b,Oil/Gas,Producing,Mar 1991,May 2012,134,442,
847,Atla (David),Norway,"PL 102 C, 25/5",Gas,Producing,Oct 2010,Oct 2012,119,393,
1786,Atlanta,Brazil,BS-4,Oil,Discovery (Drilled),Feb 2014,,1548,5108,
144,Atlantis,US,"Green Canyon 699, 742, 743",Oil/Gas,Producing,May 1998,Oct 2007,1869,6168,Y
144,Atlantis North,US,Green Canyon 743,Oil/Gas,Producing,Oct 2000,Jan 2010,1647,5435,Y
984,Atlas,Indonesia,Titan PSC,Gas,Non-Commercial,,,70,231,
121,Atlas NW,US,Lloyd Ridge 5,Gas,Producing,Jun 2003,Jul 2007,2685,8861,Y
1187,Atum,Mozambique,Area 1,Gas,Exploratory Drilling,,,,,
971,Audrey,UK,"48/15, 49/11 - P28",Gas,Producing,Mar 1976,Oct 1988,24,79,
139,Auger,US,"Garden Banks 426, 427, 470, 471",Oil/Gas,Producing,Jan 1987,Apr 1994,872,2878,Y
1576,Augunshaug,Norway,"PL542, 2/1",n/a,Non-Commercial,,,68,224,
908,Auk,UK,"30/16, P116",Oil,Producing,Feb 1971,Dec 1975,84,277,
908,Auk North,UK,"30/16N, 30/16T",Oil,Producing,,Nov 2010,,,
908,Auk South,UK,"30/16N, 30/16T",n/a,Under Development,,,,,
1621,Aung Sinkha,Myanmar,M3,Gas,Discovery (Drilled),May 2011,,,,
1297,Auriga,Australia,AC/L 9,n/a,Bright Spot,,,190,627,
1544,Austen (Jacqui),UK,"P1823, 30/13b",Oil/Gas,Discovery (Appraised),,,72,238,
791,Avaldsnes,Norway,PL501: 16/2,Gas,Discovery (Appraised),Sep 2010,,115,380,
1221,Aviat,UK,"22/7a, P87",Gas,,,,,,
767,Avouma,Gabon,Etame Marin Permit,Oil,Producing,Jul 2004,Jan 2007,137,452,
622,Awawa,Nigeria,OML 104,Oil,Producing,,Jun 2005,95,314,
501,Ayatsil,Mexico,,Oil,Discovery (Appraised),Jun 2008,,125,413,
560,Ayazli,Turkey,South Akcakoca Sub Basin,Gas,Drilled (Status Unknown),,,100,330,
273,Azeri-Chirag-Gunashli,Azerbaijan,,Oil/Gas,Producing - Under Dev.,,,120,396,
1014,Azul,Angola,Block 23,Oil,Discovery (Drilled),Nov 2011,,923,3046,
370,Azurite,"Congo, The Demo. Rep. of the",Mer Profonde Sud Block,Oil/Gas,Abandoned (Ex-Producer),Jan 2005,Aug 2009,,,
551,Babbage,UK,"P456, 48/2a",Gas,Producing,Jan 1989,Aug 2010,42,139,
1865,Babbler,Kenya,L10B,n/a,Bright Spot,,,715,2360,
540,Bacab,Mexico,,Oil,Producing - Under Dev.,,,100,330,
1243,Baccarat,US,Green Canyon 178,Gas,Producing,May 2004,Aug 2005,434,1432,Y
443,Bacchus,UK,"P255, 22/6a",Oil/Gas,Producing,Jul 2005,Apr 2012,88,290,
472,Backslice,US,Garden Banks 248,Oil/Gas,Bright Spot,,,388,1280,Y
1010,Badik,Indonesia,Nunukan Block,Oil/Gas,Discovery (Drilled),Oct 2010,,70,231,
1573,Bagpuss,UK,"P1943, 13/24c",n/a,Bright Spot,,,300,990,
1375,Bahr Essalam,Libya,NC41,Gas,Producing,Jan 1977,Aug 2005,200,660,
1242,Balai,Malaysia,Balai Cluster SFRSC,Oil/Gas,Under Development,,,60,198,
118,Balboa,US,East Breaks 597,Oil/Gas,Producing,Aug 2001,Dec 2010,1124,3709,Y
1142,Balder,Norway,"25/8, 25/10, 25/11; License 001",Oil,Producing,Sep 1967,Sep 1999,125,413,
131,Baldpate,US,"Garden Banks 259, 260",Oil/Gas,Producing,Sep 1992,Sep 1998,502,1657,Y
1716,Ballicatters,Canada,"SDL1051, SDL1052",Oil,Appraisal Drilling,Oct 2009,,101,333,
629,Balloch,UK,"P1041, 15/20a",Oil,Producing,,Feb 2013,142,469,
1377,Ballycotton,Ireland,48/20,Gas,Producing,,Jan 1991,100,330,
911,Balnaves,Australia,WA-356-P,Gas,Under Development,May 2009,,137,452,
1594,Balqis,Indonesia,Baronang PSC,n/a,Non-Commercial,,,,,
689,Baltimore,Ireland,48/19p,Oil,Discovery (Drilled),Jan 1992,,100,330,
1351,Balyena,Philippines,SC 58,n/a,Bright Spot,,,,,
659,Bamboo,Egypt,West El Burullus Concession,n/a,Non-Commercial,,,,,
731,Bambra,Australia,TL/1,Oil/Gas,Producing - Under Dev.,,,24,79,
1604,Ban Yen,Thailand,B5/27,Oil,Producing,,Aug 2009,60,198,
1202,Banambu Deep,Australia,WA-389-P,n/a,Non-Commercial,,,320,1056,
1619,Banang,Malaysia,KBM RSC,Oil,Under Development,,,60,198,
1395,Banda,Mauritania,PSC C-10,Oil/Gas,Discovery (Appraised),Sep 2002,,327,1079,
936,Banda (Ghana),Ghana,West Cape Three Points,Oil,Discovery (Drilled),Jun 2011,,921,3039,
431,Bandon,Ireland,FEL 1/06,Gas,Discovery (Drilled),May 2009,,,,
1145,Banff,UK,"22/27a, 29/21, P. 224",Oil,Producing,Oct 1991,Sep 1996,89,294,
672,Bangka,Indonesia,Rapak Concession,Gas,Under Development,,,1036,3419,
1121,Banks,UK,22/15,Oil/Gas,Suspended,Dec 2005,,87,287,
1015,Banquo,UK,211/8a,Oil/Gas,Discovery (Drilled),Jun 1987,,306,1010,
1369,Banyu Urip,Indonesia,Cepu Contract Area,Oil,Producing - Under Dev.,,,,,
1601,Baobab (Senegal),Senegal,Sangomar Offshore Profond,n/a,Bright Spot,,,1300,4290,
1486,Baracuda,US,High Island 171,n/a,Bright Spot,,,14,46,Y
1510,Baragatan,Philippines,SC63,n/a,Bright Spot,,,70,231,
1488,Barataria,US,Main Pass Block 28,n/a,Bright Spot,,,6,20,Y
787,Barberry,Australia,TL/2,n/a,Drilled (Status Unknown),,,,,
1805,Barbet,Liberia,LB-09,n/a,Bright Spot,,,760,2508,
1063,Barbosa,US,Ship Shoal 185,n/a,Bright Spot,,,20,66,Y
842,Barchan,Norway,"PL 400, 3/8",n/a,Non-Commercial,,,,,
766,Bardolino,UK,"22/11, 22/12, 22/13",Oil/Gas,Producing,Jan 1988,Oct 2010,92,304,
1770,Barnett,Australia,WA-442-P,Oil,Discovery (Drilled),Jan 1985,,60,198,
1298,Barossa,Australia,NT/P69,Gas,Discovery (Drilled),Dec 2006,,320,1056,
1070,Barque,Australia,PEP 52717,n/a,Bright Spot,,,,,
877,Barquentine,Mozambique,Area 1,Gas,Appraisal Drilling,May 2010,,1646,5432,
846,Barra,Brazil,BM-Seal-11,Oil,Discovery (Drilled),Dec 2010,,2341,7725,
1107,Barra (Melville),UK,210/24a,Gas,Under Development,,,150,495,
272,Barracuda,Brazil,,Oil/Gas,Producing,,Jan 2004,1100,3630,
1016,Barracuda (Cairn),Sri Lanka,SL 2007-01-001,Gas,Discovery (Drilled),Nov 2011,,1509,4980,
988,Barryroe,Ireland,SEL 1/11,Oil,Discovery (Appraised),Jan 1973,,100,330,
669,Barzan,Qatar,,Gas,Under Development,,,,,
490,Basker,Australia,"VIC/L26, L27, L28",Oil/Gas,Suspended,Jan 1983,Dec 2006,200,660,
152,Bass Lite,US,"Atwater Valley 380, 381, 425, 426",Gas,Producing,Feb 2001,Feb 2008,2028,6692,Y
1548,Bassett,Australia,WA-408-P,Gas,Discovery (Drilled),Jun 2013,,368,1214,
762,Bath,Australia,TL/2,n/a,Non-Commercial,,,,,
968,Batu Hitam,Malaysia,PM308A,n/a,Non-Commercial,,,,,
1478,Bauna (Tiro),Brazil,BM-S-40,Oil,Producing - Under Dev.,May 2008,,250,825,
1887,Bawang Putih,Indonesia,Semai II,n/a,Bright Spot,,,70,231,
1561,Bay du Nord,Canada,EL 1112,Oil,Discovery (Drilled),Aug 2013,,1174,3874,
665,Bayu-Undan,Australia,"Timor Gap PSC 03-12, 03-13",Gas,Producing,Mar 1995,Apr 2004,80,264,
1288,Bazartete,Australia,JPDA 06-103,n/a,Bright Spot,,,,,
1299,Beam,Australia,WA-13-L,n/a,Non-Commercial,,,92,304,
323,Beatrice,UK,"11/30a, 11/25a, 12/21a, 12/26a",Oil,Producing,Jan 1979,Jan 1981,40,132,
1318,Bedug,Indonesia,Bontang PSC,n/a,Exploratory Drilling,,,460,1518,
1376,Bee Eater,Liberia,LB-09,n/a,Exploratory Drilling,,,1140,3762,
1584,Beehive,Australia,WA-488-P,n/a,Bright Spot,,,40,132,
692,Begonia,Angola,17/06,Oil,Discovery (Drilled),Apr 2010,,453,1495,
530,Belayim Marine,Egypt,,Oil,Producing,Jan 1961,Jan 1962,40,132,
827,Belem,Brazil,BM-S-56,Oil,Discovery (Drilled),Oct 2010,,135,446,
1436,Belinda,UK,"21/30f, P1792",n/a,Bright Spot,,,,,
1210,Belize,Angola,Block 14,Oil,Producing,,Jun 2006,600,1980,
718,Belmonte,Brazil,BM-S-4,Gas,Discovery (Appraised),Dec 2005,,327,1079,
486,Ben Nevis,Canada,SDL 1009,Oil/Gas,Under Development,Jan 1981,,92,304,
1210,Benguela,Angola,Block 14,Oil,Producing,,Jun 2006,600,1980,
707,Benjarong,Thailand,G5/50 Concession,Oil,Discovery (Appraised),Apr 2010,,3220,10626,
1242,Bentara,Malaysia,Balai Cluster SFRSC,Oil/Gas,Under Development,,,60,198,
719,Bentley,UK,P1078: 9/3b,Oil,Under Development,Sep 1977,,113,373,
1216,Berangan,Malaysia,SB303,n/a,Discovery (Drilled),Sep 2012,,70,231,
1730,Bergarding,Malaysia,"PM302, PM325, PM326B",Gas,Under Development,,,,,
1039,Bertam,Malaysia,PM307,Oil,Under Development,Jan 1995,,76,251,
737,Beta,US,"POCS 300, 301, 306",Oil,Producing,Jan 1976,Jan 1981,,,Y
686,Beta Brent,Norway,"34/4, 34/5, PL 375",Oil,Discovery (Drilled),Dec 2009,,374,1234,
1774,Betula,Norway,PL670B: 7/11,n/a,Bright Spot,,,,,
709,Beverley,Falkland Islands (Malvinas),PL 004,Oil,Discovery (Drilled),Dec 2011,,,,
1468,Bianchi,Australia,WA-49-R,Gas,Discovery (Drilled),Jul 2013,,240,792,
1116,Biawak Besar,Indonesia,Natuna Sea Block A,n/a,Non-Commercial,,,,,
945,Bicuar,Angola,Block 21,n/a,Discovery (Drilled),Jan 2014,,1550,5115,
617,Big Bend (Noble),US,Mississippi Canyon 698,Oil,Discovery (Drilled),Nov 2012,,2222,7333,Y
594,Big Bend (Petrobras),US,Mississippi Canyon 697,Oil/Gas,Bright Spot,,,2179,7191,Y
343,Big Foot,US,Walker Ridge 29,Oil/Gas,Under Development,Dec 2005,,1524,5029,Y
1336,Bilby,Brazil,S-M-1166,Oil,Discovery (Drilled),May 2013,,400,1320,
761,Bimini,US,Garden Banks 213,Gas,Bright Spot,,,281,927,Y
757,Binaloud,Iran,Farsi,Oil,Discovery (Drilled),Jan 2006,,,,
1004,Bioko,US,Keathley Canyon 698,n/a,Exploratory Drilling,,,1936,6389,Y
1405,Biotitt,Norway,PL544,n/a,Non-Commercial,,,90,297,
312,Birse,UK,Blocks 9/14a and 9/14b,Oil,Abandoned (Ex-Producer),,Jan 2001,120,396,
1028,Bittern,UK,29/01 29/01b- 5,Gas,Producing,Jul 1996,Oct 2004,119,393,
1599,Bjaaland (Wisting East S),Norway,"PL537; 7324/7, 7324/8",n/a,Bright Spot,,,400,1320,
674,Blaabaer,Norway,"34/2, 34/5, PL 374",Oil,Discovery (Drilled),Mar 2010,,387,1277,
967,Black Horse,UK,15/22,Oil,Discovery (Appraised),Aug 2005,,145,479,
473,Black Pearl,US,Green Canyon 423,Oil,Bright Spot,,,1005,3317,Y
1652,Blackadder,UK,"P1742, 47/10c, 48/6c",n/a,Bright Spot,,,,,
779,Blackbeard East,US,South Timbalier 144,Gas,Discovery (Appraised),Jul 2011,,24,79,Y
1046,Blackbeard West,US,Ship Shoal Block 188,Gas,Exploratory Drilling,,,24,79,Y
238,Blackbird,UK,"P273, 20/2a",Oil,Producing,Aug 2008,Nov 2011,371,1224,
1828,Blackrock,UK,P1830: 204/5b,n/a,Bright Spot,,,,,
618,Blacktail,US,"Garden Banks 77, 78, 121, 122",Oil/Gas,Bright Spot,,,270,891,Y
445,Blacktip,Australia,WA-279-P,Gas,Producing,Jun 2006,Sep 2009,50,165,
820,Blackwood,Australia,NT/P68,Gas,Discovery (Drilled),Jan 2008,,61,201,
319,Blake,UK,UKCS Blocks 13/24a and 13/24b,Oil,Producing,Aug 1997,Jun 2001,95,314,
319,Blake Flank,UK,UKCS Block 13/24,Oil,Producing,Oct 2001,Sep 2003,,,
792,Blakeney,UK,"21/27b, P1619",n/a,Discovery (Drilled),Aug 2010,,73,241,
119,Blind Faith,US,"Mississippi Canyon 695, 696",Oil/Gas,Producing,Sep 2001,Nov 2008,2134,7042,Y
1574,Blofeld,UK,"P1943, 13/25",n/a,Bright Spot,,,310,1023,
855,Bluebell,UK,"15/24c, 15/25f",n/a,Non-Commercial,,,,,
574,Blueberry Hill,US,Louisiana State 340,Gas,Discovery (Appraised),,,3,10,Y
1253,Bluto,US,Mississippi 431,n/a,Under Development,Mar 2012,,1958,6461,Y
940,Blythe,UK,"P1737: 48/22b, 48/23a",Gas,Discovery (Appraised),Jan 1966,,23,76,
212,Boa,Norway,UK Blocks 9/15a and 9/15b; Norway Block 24/6,Oil,Producing,Jan 2004,Jun 2008,,,
434,Bodbury,UK,Block 49/12,Gas,Discovery (Drilled),Jun 2009,,92,304,
1754,Boilers,Morocco,Essaouira Block,n/a,Bright Spot,,,750,2475,
1340,Boje,Denmark,5504/7,Oil,Under Development,Jun 1982,,40,132,
619,Bolt,US,"Walker Ridge 452, 453",Oil/Gas,Bright Spot,,,2362,7795,Y
932,Bomu,Sao Tome and Principe,Block 2,Gas,Discovery (Drilled),Sep 2009,,1646,5432,
656,Bonanza,US,"Keathley Canyon 626, 627",n/a,Bright Spot,,,2689,8874,Y
250,Bonga,Nigeria,OML 118,Oil/Gas,Producing,Jan 1996,Nov 2005,1000,3300,
1593,Boni,Indonesia,Baronang Block,n/a,Non-Commercial,,,,,
1487,Bonito,US,"High Island A5, A6",n/a,Bright Spot,,,15,50,Y
1419,Bonna,Norway,"7016/2, PL529",n/a,Non-Commercial,,,1370,4521,
1499,Bonneville,UK,"P1430, 28/9a",Oil,Discovery (Drilled),Apr 2013,,88,290,
118,Boomvang,US,"East Breaks 598, 599, 642, 643, 688",Oil/Gas,Producing,Sep 1997,Jun 2002,1052,3472,Y
389,Boonville,US,Green Canyon 618,Oil/Gas,Bright Spot,,,1098,3623,Y
405,Boreas,Australia,WA-315-P,n/a,Discovery (Drilled),Oct 2012,,,,
607,Boris,US,Green Canyon 282,Oil/Gas,Under Development,Nov 2001,Feb 2003,727,2399,Y
819,Boudin,US,Eugene Island 26,Gas,Bright Spot,,,6,20,Y
587,Bougainvillea,Trin. & Tobago,NCMA,Gas,Producing,,Jan 2009,158,521,
1545,Boulton,UK,44/21-2,Oil/Gas,Producing,Nov 1984,Mar 2004,41,135,
1019,Bounty,Trin. & Tobago,Block 5(c),Oil,Discovery (Drilled),Aug 2008,,500,1650,
441,Bowmore,UK,"15/24a, 15/23c, 15/28a, 15/29e",Oil/Gas,Discovery (Appraised),Jun 1990,,150,495,
212,Boyla (Marihone),Norway,PL340,Oil/Gas,Under Development,Oct 2009,,120,396,
1001,Boyne,Ireland,"FEL 01/06, 27/4, 27/5, 27/9",n/a,Bright Spot,,,300,990,
1830,Bozhong (BZ) 19-4,China,BZ 19-4,Oil,Producing,,Aug 2010,21,69,
479,Brage,Norway,"30/6, 31/4, 31/7",Oil/Gas,Producing,May 1980,Sep 1993,140,462,
616,Brand,Norway,"35/9, PL 419",n/a,Non-Commercial,,,365,1205,
1771,Brasse,Norway,"PL740: 30/9, 30/7",n/a,Bright Spot,,,,,
1647,Brattholmen,Norway,"PL541, 4/4",n/a,Non-Commercial,,,62,205,
859,Bravo,Indonesia,Pasangkayu PSC,n/a,Non-Commercial,,,975,3218,
520,Breagh,UK,"P1230, 42/21a, 42/13a",Gas,Producing,Aug 1997,Dec 2013,59,195,
1300,Breakwater,Australia,WA-454-P,n/a,Bright Spot,,,300,990,
438,Bream,Norway,"PL407, 17/12",Oil,Discovery (Appraised),Jun 1972,,115,380,
943,Brecknock,Australia,"WA-R-2, WA-TR/5, WA-28-R, WA-29-R, WA-30-R",Gas,Under Development,Jan 1979,,750,2475,
811,Brederode,Australia,WA-364-P,Gas,Discovery (Drilled),Aug 2010,,1387,4577,
678,Breiflabb,Norway,"31/8, PL 416",n/a,Non-Commercial,,,,,
1579,Bressay,UK,"P920; 3/27b, 3/28a, 3/28b, 9/2a, 9/3a",Oil,Discovery (Drilled),Jan 1979,,102,337,
939,Brigadeiro,Brazil,ES-M-525,Oil/Gas,Discovery (Drilled),Jun 2011,,1900,6270,
322,Brigantine,UK,block 49/19,Oil/Gas,Producing,,Jan 2001,29,96,
1005,Brisbane,US,Atwater Valley 187,Oil/Gas,Bright Spot,,,1224,4039,Y
1605,Britannia,UK,"15/29a, 15/30, 16/26. 16/27a",Oil/Gas,Producing,,Jun 1998,148,488,
966,Broder Tuck,Denmark,12/06,Gas,Discovery (Appraised),May 2011,,,,
1665,Brodgar,UK,21/3a,Gas,Producing,Dec 1985,Jul 2013,136,449,
1738,Broom,UK,P242/P902,Oil,Producing - Under Dev.,,,144,475,
1452,Bruce,UK,"P209, 9/8a, 9/9b",Gas,Producing,Jun 1974,May 1993,121,399,
1201,Brugdan,Faroe Islands,License 006,n/a,Exploratory Drilling,,,450,1485,
1870,Brulpadda,South Africa,11B/12B,n/a,Bright Spot,,,1000,3300,
376,Brunello,Australia,WA-356-P,Gas,Discovery (Drilled),Sep 2007,,187,617,
140,Brutus,US,"Green Canyon 158, 202",Oil/Gas,Producing,Mar 1989,Aug 2001,910,3003,Y
825,Brynhild,Norway,15/3,Oil/Gas,Discovery (Drilled),May 2010,,108,356,
723,Brynhild (Nemo),UK,"PL148, 7/7, 7/4",Oil,Under Development,Apr 1992,,82,271,
332,Bua Ban,Thailand,Block G5/43,Oil/Gas,Producing - Under Dev.,Jan 2005,,30,99,
363,Bualuang,Thailand,B8/38,Oil,Producing - Under Dev.,Jan 1992,,60,198,
467,Buckskin,US,Keathley Canyon 872,Oil,Discovery (Appraised),Dec 2008,,2127,7019,Y
175,Bud,US,"Main Pass 251, 252",Gas,Producing,Dec 1985,Sep 1990,84,277,Y
1879,Bue,Norway,PL586: 6406/12,n/a,Bright Spot,,,324,1069,
724,Bugle,UK,"15/23c, 15/23d, P1465, P815",Oil,Discovery (Appraised),Mar 1997,,150,495,
380,Bukha,Oman,Block 8,Gas,Producing,,Jan 2008,90,297,
1736,Bukit Tua,Indonesia,Ketapang PSC,Oil/Gas,Under Development,Jan 2001,,57,188,
1736,Bukit Tua South,Indonesia,Ketapang PSC,Oil,Appraisal Drilling,Jan 2012,,60,198,
136,Bullwinkle,US,Green Canyon 65,Oil/Gas,Producing,Oct 1983,Jul 1989,412,1360,Y
697,Burger,US,"6714, 6764, and 6912",n/a,Drilled (Status Unknown),,,,,Y
778,Burghley,UK,16/22,Oil,Producing,,Oct 2010,143,472,
890,Burgman,UK,28/9,Oil,Discovery (Drilled),Apr 2011,,,,
1281,Burren,Ireland,FEL 2/04,n/a,Discovery (Drilled),Jan 1978,,,,
532,"Burtocal, NS394",Egypt,North Shadwan,Oil,Discovery (Appraised),Sep 2007,,,,
414,Bushwood (Geauxpher),US,"Garden Banks 462, 463",Gas,Producing,Aug 2008,May 2009,823,2716,Y
1352,Butanding,Philippines,SC 58,n/a,Bright Spot,,,,,
962,Butch,Norway,"7/9, 7/12, 8/7, 8/8, 8/10, 8/11, PL405",Oil,Appraisal Drilling,Oct 2011,,70,231,
962,Butch East,Norway,PL405: 8/10,n/a,Exploratory Drilling,,,70,231,
962,Butch South West,Norway,PL405B: 7/12,n/a,Bright Spot,,,70,231,
237,Buzzard,UK,"19/10, 20/6, 19/5a, 20/1s",Oil/Gas,Producing,May 2001,Jan 2007,100,330,
1803,Byrkje,Norway,PL607: 7218/8,n/a,Non-Commercial,,,385,1271,
1130,C,China,Block 09/05,Oil,Producing - Under Dev.,,,,,
1302,Ca Duc (Silver Sillago),Viet nam,Block 07/03,n/a,Non-Commercial,,,132,436,
1273,Ca Lang,Viet nam,Block 120,n/a,Bright Spot,,,1100,3630,
1597,Ca Ngu,Viet nam,Block 120,n/a,Non-Commercial,,,270,891,
369,Ca Ngu Vang (CNV),Viet nam,9-2,Oil/Gas,Producing - Under Dev.,Sep 2002,,60,198,
409,"Ca Rong Do (Red Emperor), CRD",Viet nam,Block 07/03,Oil/Gas,Appraisal Drilling,Jun 2009,,337,1112,
1303,Ca Voi (Whale),Viet nam,Block 121,n/a,Exploratory Drilling,,,270,891,
1843,Cabaca North,Angola,15/06,Oil,Discovery (Drilled),Oct 2009,,500,1650,
1843,Cabaca South East,Angola,15/06,Oil,Discovery (Appraised),Jul 2010,,470,1551,
628,Cadlao,Philippines,SC 6,Oil,Under Development,,Jan 1980,20,66,
150,Caesar,US,Green Canyon 683,Oil/Gas,Producing - Under Dev.,Aug 2006,,1372,4528,Y
1557,Cairngorm,UK,"P1892, 16/3d; P1214, 16/2b",Oil,Appraisal Drilling,Jan 1990,,120,396,
1545,Caister,UK,"44/23-1, 44/23-4",Oil/Gas,Producing,Feb 1985,Oct 1993,41,135,
1246,Cakerawala,Thailand,A-18,Gas,Producing,,Jan 2002,60,198,
1298,Caldita,Australia,NT/P61,Gas,Discovery (Drilled),Feb 2007,,,,
1665,Callanish,UK,15/29b,Oil,Producing,Dec 1999,Jun 2008,150,495,
943,Calliance,Australia,"WA-R-2, WA-TR/5, WA-28-R, WA-29-R, WA-30-R",Gas,Under Development,Jan 2000,,750,2475,
121,Callisto,US,Mississippi Canyon 876,Gas,Discovery (Drilled),Apr 2001,,2406,7940,Y
1282,Cama,Ireland,FEL 4/08,n/a,Bright Spot,,,,,
990,Camarao,Mozambique,Offshore Area 1,Gas,Discovery (Drilled),Oct 2011,,1442,4759,
1867,Camarao Norte,Brazil,BCAM-40,Oil/Gas,Discovery (Drilled),Nov 2001,,47,155,
352,Camarupim,Brazil,BM-ES-5,Oil/Gas,Producing,Jul 2006,Jun 2009,760,2508,
1827,Cambo,UK,P1028: 204/10,Oil,Appraisal Drilling,Jul 2004,,1082,3571,
115,Camden Hills,US,Mississippi Canyon 348,Gas,Producing - Under Dev.,Aug 1999,Sep 2002,2404,7933,Y
944,Cameia,Angola,Block 21,Oil,Discovery (Appraised),Feb 2012,,1700,5610,
914,Cameron,UK,Block 44/19b,Gas,Discovery (Drilled),Aug 2011,,27,89,
1233,Canario,Brazil,BM-S-63,n/a,Bright Spot,,,,,
1854,Canela,Angola,Block 32,Oil,Discovery (Drilled),Apr 2004,,1540,5082,
922,Canna,Angola,17/06,Oil,Discovery (Drilled),May 2011,,445,1469,
549,Canon,Norway,PL 052,Gas,Discovery (Appraised),Jan 2000,,122,403,
464,Canteen,Trin. & Tobago,Block 2(c),Oil/Gas,Producing - Under Dev.,Oct 2001,Dec 2004,50,165,
1742,Cap Juby,Morocco,Juby Maritime III,Oil,Appraisal Drilling,Jan 1969,,100,330,
645,Capella,US,"Keathley Canyon 414, 415",Oil/Gas,Bright Spot,,,1715,5660,Y
1294,Caporolo,Angola,Block 16,Oil,Discovery (Drilled),Sep 2012,,1500,4950,
243,Captain,UK,13/22a,Oil,Producing,May 1977,Apr 1997,106,350,
929,Carambola,Brazil,BM-C-37,Oil,Discovery (Drilled),Mar 2011,,134,442,
272,Caratinga,Brazil,,Oil/Gas,Producing,,Jan 2004,1350,4455,
1718,Caravel,New Zealand,PEP38264,Gas,Discovery (Drilled),Mar 2014,,1000,3300,
1178,Carcara,Brazil,BM-S-8,Oil,Exploratory Drilling,,,2027,6689,
139,Cardamom,US,"Garden Banks 427, 471",Oil/Gas,Under Development,Oct 2011,,872,2878,Y
1661,Cardona,US,Mississippi Canyon 29,Oil,Discovery (Drilled),Feb 2014,,647,2135,Y
1661,Cardona South,US,Mississippi Canyon 29,n/a,Discovery (Drilled),Apr 2014,,647,2135,Y
1854,Caril,Angola,Block 32,Oil,Discovery (Drilled),Jan 2007,,1673,5521,
270,Carina,Argentina,CMA-1,Gas,Producing,Jan 1983,Jan 2006,80,264,
1456,Carla,Equatorial Guinea,"Block O, Block I",Oil,Discovery (Drilled),May 2013,,580,1914,
1404,Carlsberg,Norway,"PL495, 7/4",n/a,Non-Commercial,,,82,271,
728,Carmen,Equatorial Guinea,Block O,Oil,Discovery (Appraised),Feb 2009,,46,152,
690,Carna,UK,"43/21b, 43/22c",Gas,Discovery (Drilled),Jan 2009,,54,178,
1181,Carnaby,UK,28/9,Oil,Discovery (Drilled),Jun 2012,,,,
959,Carra,UK,21/28b,n/a,Bright Spot,,,,,
1118,Casablanca,Spain,,Oil,Producing,Jan 1975,Jan 1982,134,442,
124,Cascade,US,"Walker Ridge 205, 206, 249, 250",Oil/Gas,Producing,Jan 2002,Feb 2012,2500,8250,Y
1199,Cash-Maple,Australia,AC/RL7,Gas,Under Development,,,,,
554,Casino,Australia,"VIC/P 24, VIC/L30",Gas,Producing,Sep 2002,Feb 2006,72,238,
709,Casper,Falkland Islands (Malvinas),"14/10, PL032",Oil,Discovery (Drilled),Nov 2011,,,,
964,Cat Ba,Viet nam,101-100/04,n/a,Non-Commercial,,,,,
650,Catalina,US,Green Canyon 996,Oil,Bright Spot,,,1526,5036,Y
646,Catcher,UK,"P1430, 28/9, 28/10c",Oil,Discovery (Appraised),Jun 2010,,91,300,
646,Catcher North,UK,"P1430, 28/9",Oil,Discovery (Appraised),,,87,287,
864,Caterpillar,Norway,"PL 340/340 BS, 24/9",Oil,Discovery (Drilled),Feb 2011,,120,396,
978,Causeway,UK,"211/22a, 211/23d",Oil,Producing - Under Dev.,Apr 1984,,107,353,
1402,Cayley,UK,22/17,Gas,Under Development,Mar 2008,,,,
561,Cecilie,Denmark,"5604/19, 5604/20",Oil/Gas,Producing,Dec 2000,Feb 2014,60,198,
949,Cedrela,Ghana,West Cape Three Points block,n/a,Bright Spot,,,,,
295,Ceiba,Equatorial Guinea,Blocks G and F,Oil,Producing,Oct 1999,Nov 2000,2200,7260,
952,Cempulut,Malaysia,SB303,Gas,Discovery (Drilled),Aug 2011,,75,248,
1509,Cendor,Malaysia,PM304,Oil,Producing,Jan 1975,Sep 2006,,,
1669,Cerberus,Norway,"PL104, 30/9",n/a,Non-Commercial,,,100,330,
1105,Ceres (aka Barbarossa),UK,"47/9c, P.1241",Gas,Producing,Dec 1982,Mar 2010,32,106,
1438,Chaba,Thailand,"Block B8/32, 9A",Oil,Producing,Dec 2008,Jan 2009,,,
535,Chac,Mexico,,Oil/Gas,Producing,Jan 1976,Jan 1991,35,116,
587,Chaconia,Trin. & Tobago,NCMA,Gas,Producing,,Jan 2003,158,521,
958,Chamonix,Norway,"P471, 6407/5",Gas,Discovery (Drilled),Aug 2011,,230,759,
271,Chandon,Australia,WA-268-P,Gas,Under Development,Jun 2006,,1200,3960,
1745,Chatham,Falkland Islands (Malvinas),PL 032,n/a,Bright Spot,,,,,
393,Chayvo,Russian Federation,Sakhalin Island,Oil/Gas,Producing,,Aug 2008,,,
904,Chaza,"Tanzania, United Republic of",Block 1,Gas,Discovery (Drilled),Feb 2011,,950,3135,
785,Chermingat,Malaysia,PM323,Oil,Producing,,May 2008,61,201,
891,Cherry,Egypt,North Red Sea Block 1,n/a,Non-Commercial,,,,,
378,Chestnut,UK,"P354, 22/2a",Oil,Producing,Sep 1986,Sep 2008,120,396,
1128,Cheviot,UK,"2/10b, 2/15a and 3/11b",Oil/Gas,Under Development,,,155,512,
851,Chewa,"Tanzania, United Republic of",Block 4,Gas,Discovery (Drilled),Dec 2010,,1300,4290,
121,Cheyenne,US,Lloyd Ridge 399,Gas,Producing,Jan 2005,Jun 2008,2739,9039,Y
1049,Cheyenne East,US,Lloyd Ridge 400,Gas,Discovery (Drilled),Feb 2012,,2804,9253,Y
383,Chim Sao (Blackbird),Viet nam,"Block 12E, 12W",Oil/Gas,Producing - Under Dev.,Nov 2006,,115,380,
905,Chimborazo,Brazil,BM-C-41,Oil,Discovery (Drilled),Apr 2011,,127,419,
155,Chimichanga,US,Garden Banks 128,Oil/Gas,Producing,Jul 1995,Jul 1998,192,634,Y
258,Chinguetti,Mauritania,"Block 4, PCS Area B",Oil,Producing,May 2001,Feb 2006,800,2640,
124,Chinook,US,"Walker Ridge 469, 425",Oil,Producing - Under Dev.,Jul 2003,,2690,8877,Y
755,Chissonga,Angola,Block 16,Oil,Discovery (Appraised),Jul 2009,,1230,4059,
639,Chocalho,Angola,Block 15,Oil,Producing,Jul 1999,Aug 2004,1147,3785,
1446,Cikar,Indonesia,West Papua IV,n/a,Exploratory Drilling,,,1380,4554,
1137,Cimatti,Australia,WA-28-L,Oil,Discovery (Drilled),Nov 2011,,546,1802,
1036,Cinco,Philippines,SC55,n/a,Bright Spot,,,1430,4719,
333,Cinguvu,Angola,15/06,Oil,Discovery (Drilled),Feb 2010,,,,
647,Cladhan,UK,"P1064, 210/29a, 210/30a",Oil,Under Development,Nov 2008,,498,1643,
647,Cladhan South,UK,210/29c and 210/30b,n/a,Non-Commercial,,,,,
242,Clair,UK,"206/7a, 206/9, 206/12, 206/13a",Oil/Gas,Producing - Under Dev.,Dec 1977,Jan 2005,140,462,
1028,Clapham,UK,21/24,Oil,Producing,Aug 1999,Nov 2003,85,281,
836,"Clapton, 2/8-18",Norway,PL 440S,n/a,Non-Commercial,,,,,
1700,Claymore,UK,14/19,n/a,Producing,Jun 1974,Nov 1977,111,366,
1470,Clementine,Morocco,Foum Draa,n/a,Bright Spot,,,,,
797,Cliff Head,Australia,WA-31-L,Oil,Producing,Jan 2001,May 2006,,,
791,Cliffhanger North,Norway,"PL265, 16/2",Oil,Exploratory Drilling,,,110,363,
791,Cliffhanger South,Norway,"PL265, 16/2",n/a,Non-Commercial,,,111,366,
509,Clio,Australia,WA-205-P,Gas,Discovery (Appraised),Sep 2006,,990,3267,
354,Clipper,US,"Green Canyon 299, 300",Oil/Gas,Under Development,Nov 2005,,1052,3472,Y
404,Clipper South,UK,"UKCS 48/19c, 48/19a, 48/20a",Gas,Producing,Mar 1983,Aug 2012,24,79,
639,Clochas Mavacola,Angola,Block 15,Oil,Producing,,Jul 2012,1000,3300,
1798,Cloud,UK,14/29b,n/a,Bright Spot,,,,,
552,Cluster-7,India,BH-DA,n/a,Under Development,,,85,281,
1200,Coaster,UK,28/10a,n/a,Non-Commercial,,,,,
1611,Cobalcescu South,Romania,"East Cobalcescu, Block EX-28",n/a,Non-Commercial,,,88,290,
1390,Cobalto,Angola,Block 18,Oil/Gas,Producing,,Jan 2007,1450,4785,
584,Cobra,US,Alaminos Canyon 810,Oil,Drilled (Status Unknown),,,2342,7729,Y
137,Cognac,US,"Mississippi Canyon 108, 151, 194, 195",n/a,Producing,Jul 1975,Jan 1979,312,1030,Y
930,Collier,Mozambique,Area 1,n/a,Suspended,Apr 2010,,,,
425,Colonial,US,"Keathley Canyon 383, 384",Oil,Bright Spot,,,2048,6758,Y
1393,Columba,UK,3/07,Oil,Producing,,Aug 1996,139,459,
912,Columbus,UK,23/16f,Gas,Under Development,Dec 2006,,369,1218,
679,Conan,UK,"113/26b, 113/27c",Gas,Non-Commercial,,,,,
494,Concerto,Australia,WA-44-L,Gas,Discovery (Appraised),Aug 2009,,,,
155,Conger,US,Garden Banks 215,Oil/Gas,Producing,Jan 1997,Dec 2000,483,1594,Y
339,Coniston,Australia,WA-35-L,Oil,Under Development,Jan 2000,,407,1343,
561,Connie,Denmark,5604/19,Oil,Producing,Feb 2001,Jan 2005,61,201,
150,Constitution,US,Green Canyon 680,Oil/Gas,Producing,Oct 2001,Mar 2006,1554,5128,Y
1108,Conwy,UK,110/12,Oil,Under Development,Aug 2009,,,,
1267,Cook,UK,"P185, 21/20a",Oil,Producing,Jan 1983,Apr 2000,94,310,
1176,"Cooper, 6506/11-9",Norway,"6506/11, PL 477",n/a,Discovery (Drilled),Aug 2012,,,,
386,Coral,US,DeSoto Canyon 927,Gas,Bright Spot,,,2594,8560,Y
1883,Corallina,Australia,AC/L5,Oil,Producing,Jan 1995,Nov 1999,340,1122,
557,Corcovado,Brazil,BM-S-52,Oil,Discovery (Drilled),Aug 2009,,800,2640,
1071,Corfe,UK,29/3b; P.1626,n/a,Bright Spot,,,,,
845,Cormoran,Mauritania,Block 7,Gas,Discovery (Drilled),Nov 2010,,1630,5379,
1111,Cormorant East (Contender),UK,"211/22a, P201",Oil,Producing,,Jan 2013,160,528,
683,Cornea,Australia,WA-342-P,Oil/Gas,Discovery (Appraised),Jan 1997,,,,
638,Cornelius,US,Mississippi Canyon 390,Gas,Bright Spot,,,2128,7022,Y
1207,Corona Del Mar,US,Green Canyon 949,Oil,Discovery (Drilled),Nov 2007,,1636,5399,Y
977,Coronado,US,"Walker Ridge 143, 98",Oil/Gas,Discovery (Drilled),Mar 2013,,1734,5722,Y
327,Corrib,Ireland,"18/20, 18/25",Gas,Under Development,Jan 1996,,350,1155,
447,Corvina,Peru,Block Z-1,Oil/Gas,Producing - Under Dev.,,,61,201,
721,Corvus,Norway,PL 309 - 30/5-3,Gas,Discovery (Appraised),Apr 2009,,114,376,
581,Cosmopolitan,US,"OCS-Y-01664, OCS-Y-01665",Oil,Discovery (Appraised),Jan 1967,,40,132,Y
1119,Cosmos South,Tunisia,Block A,Oil,Discovery (Drilled),Jan 1983,,120,396,
1301,Cossack,Australia,"WA-11-L, WA-9-L, WA-16-L",Oil,Producing - Under Dev.,Jan 1990,Jan 1995,80,264,
156,Cottonwood,US,Garden Banks 244,Oil/Gas,Producing,Aug 2005,Feb 2007,670,2211,Y
126,Coulomb,US,"Mississippi Canyon 657, 613",Gas,Producing,Jan 1988,Jun 2004,2362,7795,Y
649,Covellite,US,Mississippi Canyon 493,Gas,Bright Spot,,,550,1815,Y
697,Crackerjack,US,6864,n/a,Bright Spot,,,38,125,Y
863,Craigow,Australia,T/47P,n/a,Non-Commercial,,,,,
1739,Crathes,UK,P1617: 21/13a,Oil,Discovery (Drilled),Dec 2011,,94,310,
324,Cravo,Angola,17,Oil,Under Development,Oct 1999,,1357,4478,
695,Crawford,UK,9/28a - P.209,Oil,Discovery (Appraised),Dec 2007,Jan 1989,117,386,
1072,Crazy Horse,UK,P1650,n/a,Bright Spot,,,,,
479,"Crimp, 30/6-28S",Norway,PL 053,Oil,Discovery (Drilled),Apr 2012,,,,
471,Criollo,US,Green Canyon 685,Oil,Discovery (Drilled),Jul 2009,,1248,4118,Y
1863,Crombec,Kenya,"L10A, L10B",n/a,Bright Spot,,,750,2475,
1390,Cromio,Angola,Block 18,Oil/Gas,Producing,,Jan 2007,1450,4785,
1637,Cronus,Australia,AC/P52,n/a,Bright Spot,,,,,
1880,Cronx,UK,P1737: 48/22b,Gas,Discovery (Drilled),Jun 2007,,23,76,
149,Crosby,US,Mississippi Canyon 898,Oil/Gas,Producing,Dec 1999,Dec 2001,1234,4072,Y
1205,Crown,Australia,WA-274-P,n/a,Discovery (Drilled),Nov 2012,,440,1452,
494,Crux,Australia,AC/L 9,Gas,Under Development,May 2000,,170,561,
1270,Cua Lo,Viet nam,Block 105,Gas,Discovery (Drilled),Dec 2013,,76,251,
1489,Cuaba,US,"Main Pass 87, 96",n/a,Bright Spot,,,17,56,Y
893,Culzean,UK,22/25,Gas,Discovery (Appraised),Jan 2008,,,,
1559,Cupids,Canada,EL 1123,n/a,Bright Spot,,,1000,3300,
330,Curlew,UK,UK Block 29/07,Oil/Gas,Producing,Dec 1989,Nov 1997,92,304,
479,Curran,Norway,30/8,Oil,Discovery (Drilled),Jan 2009,,,,
931,"Cyclops, 35/3-7 S",Norway,PL 270 - Block 35/3,Gas,Discovery (Drilled),Aug 2009,,257,848,
514,Cygnus,UK,"44/11a, 44/12a",Gas,Under Development,Oct 1988,,23,76,
1450,Cygnus (Italy),Italy,F.R39.P,n/a,Bright Spot,,,750,2475,
1079,Cyrano,Australia,R3 Retention Lease,Oil,Discovery (Drilled),Feb 2003,,16,53,
786,Cyrus,UK,16/28,Gas,Producing,Oct 1979,Apr 1990,104,343,
1130,D,China,Block 09/05,Oil,Under Development,,,,,
1525,D-55,India,KG-D6,Gas,Discovery (Drilled),May 2013,,1024,3379,
1689,D18,Malaysia,,Oil,Producing,Jan 1981,Jan 1986,31,102,
523,D9,India,D9,n/a,Drilled (Status Unknown),,,2754,9088,
1354,Dabakan,Philippines,Service Contract 56,Gas,Discovery (Drilled),Dec 2009,,1829,6036,
657,Daggerboard,US,West Cameron 245,Gas,Bright Spot,,,24,79,Y
1431,Dagmar,Denmark,5504/15,n/a,Producing,Jul 1983,Jan 1991,34,112,
712,Dahoma,Ghana,West Cape Three Points,n/a,Non-Commercial,,,4390,14487,
446,Dai Hung (Big Bear),Viet nam,Block 05.1A,Oil,Producing,,Oct 1994,110,363,
1546,Dai Nguyet,Viet nam,"05-1b, 05-1c",Gas,Discovery (Drilled),Jun 2013,,118,389,
248,Dalia,Angola,17,Oil,Producing,Sep 1997,Dec 2006,1500,4950,
916,Dalia South,Australia,WA-348-P,Gas,Non-Commercial,,,1280,4224,
734,Dalit,Israel,Michal,Gas,Discovery (Drilled),Mar 2009,,1372,4528,
702,Dalkey Island,Ireland,SEL 2/11,Oil,Discovery (Drilled),Nov 2010,,25,83,
563,Dalmatian North,US,"DeSoto Canyon 4, 47, 48, 91",Gas,Producing,Oct 2008,Apr 2014,1793,5917,Y
563,Dalmatian South,US,Desoto Canyon 134,Gas,Producing,,Apr 2014,1928,6362,Y
824,"Dalsnuten, 6603/5-1 S",Norway,"6603/5, 6603/6, 6603/7, 6603/8, PL 392",n/a,Non-Commercial,,,1500,4950,
1465,Dalton,UK,"P706, 110/02",Gas,Producing,May 1990,Aug 1999,37,122,
1799,Damar,Malaysia,PM303,n/a,Producing,Jan 1979,Feb 2014,55,182,
815,Dambus,Indonesia,Kutai PSC,n/a,Non-Commercial,,,85,281,
1838,Dampier,Australia,WA-457-P,n/a,Bright Spot,,,,,
1341,Dan,Denmark,5505/17,Oil/Gas,Producing,Jan 1971,Jul 1972,40,132,
120,Daniel Boone,US,Green Canyon 646,Oil/Gas,Producing,Jan 2004,Oct 2009,1311,4326,Y
1654,Dantzler,US,"Mississippi Canyon 738, 782",Oil,Discovery (Drilled),Dec 2013,,2004,6613,Y
1381,Dara,Malaysia,North Sokang PSC,Gas,Discovery (Drilled),Dec 2012,,110,363,
1357,Darwin (former NW Hutton),UK,"211/27a, 211/27e",Oil/Gas,Discovery (Drilled),Feb 2013,,146,482,
1418,Darwin (Norway),Norway,"PL531, 7218/11",n/a,Non-Commercial,,,325,1073,
1058,Darwin East,Falkland Islands (Malvinas),PL 018,Gas,Discovery (Drilled),May 2012,,,,
1058,Darwin West,Falkland Islands (Malvinas),PL018,Gas,Bright Spot,,,,,
1780,Davaar,UK,P2069: 205/12,n/a,Bright Spot,,,,,
630,Davy Jones,US,South Marsh Island 230,Gas,Appraisal Drilling,Jan 2010,,6,20,Y
972,Dawn,Falkland Islands (Malvinas),Tranche I,n/a,Non-Commercial,,,,,
157,Dawson Deep,US,Garden Banks 625,Oil/Gas,Producing,Feb 2004,Jun 2006,900,2970,Y
680,Daytona,US,"Green Canyon 872, 873",Oil/Gas,Bright Spot,,,2274,7504,Y
1675,Dazzler,Norway,"PL716: 7318/11, 7318/12",n/a,Bright Spot,,,450,1485,
1117,De Ruyter,Netherlands,"P10b, P11b",Oil,Producing,Jan 1996,Jan 2006,35,116,
588,Deacon,UK,"15/28c, P1256",Gas,Drilled (Status Unknown),,,,,
444,Deen Dayal East,India,KG-OSN-2001/3 block,n/a,Appraisal Drilling,Jan 2009,,325,1073,
444,Deen Dayal West,India,KG-33,Gas,Under Development,Jun 2005,,109,360,
600,Deep Blue,US,"Green Canyon 723, 724, 768",Oil/Gas,Discovery (Drilled),Jun 2010,,1554,5128,Y
1377,Deep Kinsale,Ireland,"48/20, 48/25, 49/16, 49/21",n/a,Bright Spot,,,100,330,
279,Deep Panuke,Canada,,Gas,Producing,,Dec 2013,,,
141,Deimos,US,Mississippi Canyon 806,Oil,Producing,Sep 2002,Jul 2007,915,3020,Y
502,Delta,Norway,"PL 037 D, Block 33/9",Oil,Discovery (Appraised),,,156,515,
777,Devenick,UK,"9/29a, 9/24b, P209",Gas,Under Development,Jan 1983,,114,376,
1312,Deveron,UK,"211/18a, P236",Oil,Producing,,Sep 1984,163,538,
131,Devils Island,US,Garden Banks 344 East,Oil/Gas,Drilled (Status Unknown),,,767,2531,Y
152,Devils Tower,US,Mississippi Canyon 773,Oil/Gas,Producing,Feb 2000,May 2004,1710,5643,Y
1263,Dhirubhai (D1-D3),India,KG-D6,n/a,Producing,,Apr 2009,1700,5610,
1483,Diaman,Gabon,Diaba Block G4-223,n/a,Discovery (Drilled),Aug 2013,,1700,5610,
1206,Diamond,US,Lloyd Ridge 370,Gas,Discovery (Drilled),Jul 2008,,3042,10039,Y
315,Diana,US,"East Breaks 945, 946,988, 989",Oil/Gas,Producing,Aug 1990,May 2000,1420,4686,Y
315,Diana South,US,"Alaminos Canyon 21, 22, 65, 66",Oil/Gas,Producing,Mar 1997,Jan 2000,1463,4828,Y
453,Didon,Tunisia,Didon Concenssion,Oil,Producing - Under Dev.,Jan 1975,May 1998,75,248,
801,Diega,Equatorial Guinea,Block I,Oil,Discovery (Appraised),Aug 2008,,660,2178,
639,Dikanza,Angola,Block 15,Oil,Producing,,Jul 2005,1036,3419,
1840,Dilolo,Angola,Block 39,n/a,Bright Spot,,,2000,6600,
1724,Dimba,Gabon,Etame Marin Permit,n/a,Non-Commercial,,,53,175,
1441,Dolginskoye,Russian Federation,,Oil,Appraisal Drilling,Jan 1999,,55,182,
1180,Dolomita Sul,Brazil,BM-S-42,Oil,Exploratory Drilling,,,1747,5765,
559,Dolphin,Trin. & Tobago,ECMA Block 6(b),Gas,Producing - Under Dev.,Jan 1976,Jul 2006,198,653,
612,Dolphin (North Field),Qatar,Khuff Zone,Gas,Producing,Jan 1971,Jul 2007,,,
559,Dolphin Deep,Trin. & Tobago,ECMA Block 5a,Gas,Producing - Under Dev.,Aug 1998,,198,653,
612,Dolpin (North Field),Qatar,Khuff Zone,Gas,Producing,Jan 1971,Jul 2007,,,
1068,Domino,Romania,Neptun,Gas,Discovery (Drilled),Apr 2012,,1000,3300,
1449,Dompap,Norway,"PL128, 6608/10",Oil,Producing,Dec 2008,Mar 2013,338,1115,
118,Don Larsen,US,East Breaks 598,Oil,Producing,Jun 2007,Aug 2007,1023,3376,Y
345,Don Southwest,UK,211/18a,Oil,Producing - Under Dev.,,,,,
1170,Dongfang,China,DF 13-2,Gas,Discovery (Drilled),Apr 2012,,35,116,
147,Dorado,US,Viosca Knoll 915,Oil,Producing,Feb 2002,May 2009,1219,4023,Y
1027,Dorado (CLPL-Dorado-91H/1z),Sri Lanka,SL 2007-01-001,Gas,Discovery (Drilled),Oct 2011,,1345,4439,
428,Double Mountain,US,"Green Canyon 555, 556, 600",Oil/Gas,Non-Commercial,,,1303,4300,Y
694,Dougga,Italy,Kerkouane Permit,Gas,Discovery (Drilled),Jan 1981,,328,1082,
694,Dougga West,Italy,Kerkouane Permit,n/a,Bright Spot,,,328,1082,
1250,Douglas,UK,"110/13, P.710",Oil,Producing,,Jan 1996,33,109,
818,Dovregubben,Norway,"PL 468, 6305/9",n/a,Non-Commercial,,,,,
1572,Doyle,UK,"P1482, 113/26b, 113/27c",n/a,Bright Spot,,,,,
993,Dragon,Ireland,"SEL 1/07, UK Block 103/1",Gas,Discovery (Drilled),Jan 1994,,100,330,
771,Drake,UK,22/5b,Gas,Producing,Oct 1983,Sep 1997,88,290,
799,Draugen,Norway,6407/9,Oil,Producing - Under Dev.,Sep 1984,Oct 1993,250,825,
1735,Drivis,Norway,PL532,Oil/Gas,Discovery (Drilled),May 2014,,345,1139,
1217,Drombeg,Ireland,FEL 2/14,n/a,Bright Spot,,,2499,8247,
136,Droshky,US,Green Canyon 244,Oil/Gas,Producing,Apr 2007,Jul 2010,884,2917,Y
383,Dua,Viet nam,12E,n/a,Under Development,Jun 2006,,,,
1146,Duart,UK,14/20b,Gas,Suspended,Jan 1988,Sep 2007,135,446,
1549,Dufresne,Australia,WA-408-P,n/a,Exploratory Drilling,,,370,1221,
1444,Dulang,Malaysia,PM6,Oil/Gas,Producing,Jan 1981,Mar 1991,76,251,
169,Dulcimer,US,Garden Banks 367,Gas,Producing,Jan 1998,Apr 1999,329,1086,Y
629,Dumbarton,UK,15/20a. 15/20b,Oil,Producing,May 1987,Sep 2008,140,462,
227,Dunbar,UK,"3/14A, 3/13A, 3/8A, 3/9B, 3/14B",Oil/Gas,Producing,,Jan 1994,145,479,
1149,Dunlin,UK,"211/18, 211/23, 211/24",Oil,Producing,Jan 1973,Jan 1978,152,502,
1149,Dunlin SW,UK,211/23a,Oil,Producing,,Jan 1996,,,
1287,Dunmore,Ireland,50/6,Oil,Discovery (Appraised),Feb 1986,,70,231,
499,Dunquin North,Ireland,"FEL 3/04; Blocks 44/18, 44/23, 44/24, 44/29, 44/30",n/a,Non-Commercial,,,1524,5029,
499,Dunquin South,Ireland,"FEL 3/04; Blocks 44/18, 44/23, 44/24, 44/29, 44/30",n/a,Bright Spot,,,1524,5029,
157,Durango,US,Garden Banks 667,Gas,Producing,Jun 2001,Dec 2003,960,3168,Y
1852,Durne,Norway,"PL610: 7222/2, 7222/3",n/a,Bright Spot,,,,,
917,Dussafu Ruche Marin,Gabon,Dussafu Marin PSC,Oil,Discovery (Appraised),Jun 2011,,116,383,
1218,Dussafu Tortue Marin,Gabon,Dussafu Marin PSC,Oil,Discovery (Drilled),Jan 2013,,116,383,
667,Dzata,Ghana,Cape Three Points,Oil/Gas,Discovery (Drilled),Jul 2009,,2000,6600,
1326,Dzheitune (Lam),Turkmenistan,Cheleken Contract Area Block 2,Oil,Producing - Under Dev.,Jan 1967,,8,26,
1327,Dzhygalybeg (Zhdanov),Turkmenistan,Cheleken Contract Area Block 2,n/a,Producing,Jan 1966,Jan 1972,8,26,
1873,E-CE,South Africa,Block 9,Gas,Producing,Jan 1989,Jan 2008,150,495,
1874,E-M Mossel Bay,South Africa,Block 9,Gas,Producing,Jan 1983,Jan 2000,100,330,
1021,Eagle,Guyana,Corentyne Licence,Oil,Exploratory Drilling,,,90,297,
888,Earb South,Norway,"25/10, PL 505",Oil/Gas,Discovery (Drilled),Jul 2011,,329,1086,
126,East Anstey,US,Mississippi Canyon 607,Gas,Producing,Dec 1997,Dec 2003,2027,6689,Y
785,East Belumut,Malaysia,PM323,Oil,Producing,,Jun 2008,61,201,
520,East Breagh,UK,"42/8, 9, 12, 13, 14",Gas,Discovery (Appraised),,,59,195,
436,East Foinaven,UK,"204/24a, 204/25b",Oil/Gas,Producing,Aug 1995,Jan 2001,600,1980,
212,East Kameleon,Norway,PL036C: 25/4,Oil,Producing,Jan 2003,Jan 2008,120,396,
1534,East Natuna,Indonesia,Natuna D-Alpha,Gas,Under Development,Jan 1970,,,,
682,East Rochelle,UK,"P226: 15/26b, 15/26c,15/27",Oil,Under Development,Apr 2000,,138,455,
1709,East Sinapa,Guinea-Bissau,Block 2,Oil,Appraisal Drilling,Jan 2004,,30,99,
295,Ebano,Equatorial Guinea,Block F,Oil,Producing,Jan 2002,Dec 2006,625,2063,
379,Ebok,Nigeria,OML 67,Oil,Producing - Under Dev.,Jan 1968,,41,135,
767,Ebouri,Gabon,Etame Marin Permit,Oil,Producing - Under Dev.,Jan 2004,,137,452,
1090,Echuca Shoals,Australia,WA-377-P,Gas,Discovery (Drilled),Jan 1983,,,,
653,Edradour,UK,206/4,Gas,Under Development,Dec 2010,,300,990,
573,Edvard Grieg (Luno),Norway,"16/1, PL 338",Oil,Under Development,Nov 2007,,108,356,
1126,EG8,Trin. & Tobago,Galeota Block,Oil/Gas,Exploratory Drilling,,,41,135,
1555,Egilsay,UK,P1994; 15/17b,Oil,Discovery (Drilled),Jan 1989,,,,
662,Egina,Nigeria,OML 130,Oil,Under Development,Dec 2003,,1550,5115,
1073,Eik,Norway,"PL 396, 7228/1, 7228/2",n/a,Non-Commercial,,,352,1162,
175,Einset,US,"Viosca Knoll 872, 873",Gas,Producing,Dec 1998,Dec 2001,1067,3521,Y
821,Eirin,Norway,"15/5, PL 048E",n/a,Under Development,Jan 1978,,120,396,
556,Ekofisk,Norway,"2/4, 2/7",Oil/Gas,Producing,Dec 1969,Jun 1971,75,248,
1460,El Bouri,Libya,NC-41,Oil/Gas,Producing - Under Dev.,Jan 1976,,160,528,
1617,El Dorado,Trin. & Tobago,PGB License,n/a,Exploratory Drilling,,,18,59,
1595,El Medouini,Tunisia,Mahdia license,n/a,Bright Spot,,,,,
556,Eldfisk,Norway,2/7,Oil/Gas,Producing,Dec 1970,Aug 1979,75,248,
1728,Elephant,Congo,Haut Mer A,Oil/Gas,Discovery (Drilled),Sep 2013,,554,1828,
287,Elgin,UK,"22/30b, 22/30c, 29/5b",Gas,Producing,Mar 1991,Mar 2013,93,307,
227,Ellon,UK,"3/15, 3/14A",Gas,Producing,Jan 1973,Jan 1994,135,446,
635,Elly,Denmark,"Sole Concession, 5604/6",Gas,Suspended,Aug 1984,,40,132,
295,Elon,Equatorial Guinea,Block G,Oil,Producing,,Dec 2006,64,211,
745,Elsa,Italy,B.R268.RG,Oil/Gas,Discovery (Drilled),Jan 1992,,50,165,
1482,Elstar,Angola,Block 20,n/a,Bright Spot,,,1300,4290,
1531,Elyssa,Tunisia,Zarat Permit,Gas,Discovery (Drilled),Jan 1975,,50,165,
556,Embla,Norway,2/7,Oil/Gas,Producing,Jun 1988,May 1993,75,248,
1335,Emu,Brazil,"S-M-1102, S-M-1037",n/a,Exploratory Drilling,,,400,1320,
1335,Emu East,Brazil,"S-M-1102, S-M-1037",n/a,Bright Spot,,,400,1320,
155,Enchilada,US,Garden Banks 127,Oil/Gas,Producing,May 1995,Aug 1997,215,710,Y
1539,Endymion,UK,"P1734, 48/8c",n/a,Bright Spot,,,,,
1137,Enfield,Australia,WA-28-L,Oil,Producing,Jan 1999,Jul 2006,500,1650,
1143,Enoch,UK,"15/5, 16/13a",Oil/Gas,Producing,Jan 1985,May 2007,112,370,
1665,Enochdhu,UK,21/05a,Oil/Gas,Under Development,Nov 2005,,145,479,
971,Ensign,UK,"48/14a, 48/15a",Gas,Under Development,Feb 1986,,28,92,
1757,Ensis,Norway,PL393B: 7125/4,n/a,Bright Spot,,,294,970,
151,Entrada,US,Garden Banks 782,Oil,Cancelled,Apr 2000,,1417,4676,Y
1038,Enyenra (Owo),Ghana,Deepwater Tano License,Oil,Under Development,Jul 2010,,1428,4712,
632,Epsilon,Greece,Prinos Development Area,Oil,Producing - Under Dev.,Jan 2002,,32,106,
658,Erha,Nigeria,,Oil,Producing,Feb 1999,Mar 2006,1200,3960,
658,Erha North,Nigeria,,Oil,Producing - Under Dev.,,Mar 2006,1200,3960,
377,Eris,Australia,WA-34-L,Gas,Discovery (Drilled),Nov 2009,,209,690,
1105,Eris (aka Channon),UK,"43/3h, 47/8c",Gas,Producing,Aug 2007,Mar 2010,39,129,
953,Erne,UK,21/29d,Oil/Gas,Discovery (Appraised),Dec 2011,,,,
795,Ernest,Falkland Islands (Malvinas),"PL023, PL024",n/a,Non-Commercial,,,,,
342,Eskdale,Australia,WA-255-P(2),Oil/Gas,Producing,Mar 2003,Nov 2007,825,2723,
282,Espadarte,Brazil,,Oil,Producing,Feb 1994,Aug 2000,1500,4950,
992,Esperanza,UK,22/15,n/a,Discovery (Drilled),Nov 2011,,90,297,
1235,Est Rapsodia,Romania,Est Rapsodia,n/a,Bright Spot,,,1000,3300,
767,Etame,Gabon,Etame Marin Permit,Oil,Producing,Jan 1998,Sep 2002,137,452,
1410,Etisong Main,Nigeria,OML 102,Oil,Discovery (Drilled),Jan 2008,,80,264,
1410,Etisong North,Nigeria,OML 102,Oil,Discovery (Drilled),Apr 2011,,80,264,
738,Etna,Brazil,BM-C-41,Oil,Discovery (Drilled),Apr 2010,,137,452,
238,Ettrick,UK,"P273, 20/2a, 20/3a",Oil/Gas,Producing,May 1981,Aug 2009,115,380,
141,Europa,US,"Mississippi Canyon 890, 891, 934, 935",Oil,Producing,Jan 1994,Jan 2000,1189,3924,Y
696,Evans Shoal,Australia,NT/P48,Gas,Discovery (Appraised),Jan 1985,,91,300,
1437,Evelyn,UK,"21/30f, P1792",n/a,Discovery (Drilled),Jan 1984,,,,
483,EW 998,US,Ewing Bank 998,Gas,Under Development,Apr 2009,,401,1323,Y
1469,F,Morocco,Foum Draa,n/a,Drilled (Status Unknown),,,1500,4950,
1875,F-A,South Africa,Block 9,Gas,Producing,Jan 1980,Jan 1992,100,330,
1876,F-O,South Africa,Block 9,Gas,Under Development,,,100,330,
1753,FA-1 (Eagle),Morocco,Foum Assaka,n/a,Non-Commercial,,,600,1980,
163,Falcon,US,"East Breaks 579, 580, 623",Gas,Producing,May 2001,Mar 2003,1052,3472,Y
1569,Falk,Norway,"PL128, 6608/11",Oil,Appraisal Drilling,Nov 2000,,353,1165,
1136,Faraday,UK,"P1818, Block 30/1a",Gas,Discovery (Drilled),Jan 2012,,,,
1622,Farfan,Brazil,SEAL-M-426,Oil,Discovery (Drilled),Oct 2012,,2720,8976,
138,Fastball,US,Viosca Knoll 1003,Gas,Producing,Apr 2007,Oct 2009,1479,4881,Y
1608,Fatala (Eos),Guinea,Offshore Guinea (Deepwater),n/a,Bright Spot,,,2895,9554,
1793,Fateh,UAE,,Oil,Producing,Jan 1966,Jan 1969,50,165,
1560,Federation,Canada,EL 1101,n/a,Non-Commercial,,,,,
1025,Felix,Australia,Vic/p57,n/a,Bright Spot,,,,,
1666,Fig,Morocco,Foum Draa,n/a,Bright Spot,,,,,
456,Fiji,US,Mississippi Canyon 427,Oil/Gas,Bright Spot,,,1762,5815,Y
910,Finucane South,Australia,WA-191-P,Oil,Producing,Jun 2011,May 2013,140,462,
978,Fionn,UK,211/22a,Oil,Under Development,,,,,
470,Firefox,US,"Green Canyon 773, 817",Oil/Gas,Non-Commercial,,,1464,4831,Y
1751,Fisal,Tunisia,Joint Oil Block,n/a,Bright Spot,,,90,297,
590,Flatrock,US,"South Marsh Island 212, Part 217",Gas,Producing - Under Dev.,Jul 2007,,3,10,Y
771,Fleming,UK,22/5,Gas,Producing,Aug 1982,Sep 1997,88,290,
910,Fletcher,Australia,WA-191-P,Oil,Producing,Aug 2007,May 2013,,,
1553,Flinders,Papua New Guinea,PPL 244,Gas,Discovery (Drilled),Jun 2013,,100,330,
655,Flintcreek,US,Garden Banks 171,Oil/Gas,Bright Spot,,,415,1370,Y
565,Floyd,US,Green Canyon 451,Oil/Gas,Bright Spot,,,1150,3795,Y
611,Flying Dutchman,US,Green Canyon 511,Oil,Discovery (Drilled),May 2010,,1168,3854,Y
1095,Flyndre,UK,"PL 018C, 1/5",Oil,Under Development,Jan 2003,,70,231,
841,Flyndretind,Norway,"6407/2, PL 473",Oil/Gas,Discovery (Drilled),May 2010,,250,825,
717,Fogelberg,Norway,"6506/9, 6506/12, PL 433",Gas,Discovery (Drilled),Apr 2010,,250,825,
436,Foinaven,UK,"204/19, 204/24a",Oil/Gas,Producing,Oct 1992,Nov 1997,600,1980,
1311,Forse,UK,"11/23, 11/24",n/a,Bright Spot,,,,,
1030,Fortaleza,Brazil,BM-S-57,Oil,Exploratory Drilling,,,155,512,
443,Forties,UK,"21/10, 22/6a",Oil,Producing,Nov 1970,Sep 1975,107,353,
1344,Fortuna,Equatorial Guinea,Block R,Gas,Appraisal Drilling,Nov 2008,,,,
227,Forvie North,UK,3/15,Oil/Gas,Producing,Jun 2002,Dec 2005,120,396,
1449,Fossekall,Norway,"PL 128, 6608/10",Oil/Gas,Producing,Mar 2010,Mar 2013,352,1162,
126,Fourier,US,Mississippi Canyon 522,Gas,Producing,Jul 1989,Jan 2003,2137,7052,Y
313,Frade,Brazil,,Oil/Gas,Producing,,Apr 2013,1128,3722,
1241,Fram,UK,"29/3c, 29/8a",n/a,Discovery (Appraised),Jan 1969,,95,314,
770,Fram East,Norway,35/11,Oil,Producing,,Oct 2006,350,1155,
770,Fram H Nord,Norway,"PL090G, PL248; 35/11",Oil,Under Development,Jun 2007,,350,1155,
770,Fram West,Norway,35/11,Oil,Producing,,Oct 2003,350,1155,
1474,Franco,Brazil,BM-S-11,Oil,Under Development,Jan 2010,,1860,6138,
1474,Franco Sul,Brazil,BM-S-11,Oil,Under Development,,,1860,6138,
287,Franklin,UK,29/5b,Gas,Producing,Jan 1986,Mar 2013,93,307,
1768,Fregate,Mauritania,C-7,Oil/Gas,Discovery (Drilled),Feb 2014,,1600,5280,
803,Freke,Norway,PL 029B - 15/6,Oil/Gas,Discovery (Drilled),Apr 2009,,112,370,
1120,Freya,UK,"206/5a, 206/10a",Oil,Discovery (Drilled),Jul 1980,,140,462,
1772,Freya (Norway),Norway,PL731: 8/10,n/a,Bright Spot,,,,,
508,Frida,Congo,Marine IX,n/a,Non-Commercial,,,,,
395,Friesian,US,"Green Canyon 599, 643",Oil/Gas,Discovery (Appraised),Dec 2006,,1158,3821,Y
1080,Frigate,Australia,,Gas,Discovery (Drilled),Aug 2008,,,,
570,Frigg Gamma Delta,Norway,"PL 442, 25/2-17",Oil,Discovery (Drilled),Oct 2009,,120,396,
1506,Frode,Norway,"PL299, 2/1",n/a,Bright Spot,,,67,221,
120,Front Runner,US,"Green Canyon 338, 339",Oil/Gas,Producing,Jan 2001,Dec 2004,1006,3320,Y
120,Front Runner South,US,Green Canyon 339,Oil/Gas,Producing,Jun 2001,Dec 2004,1013,3343,Y
527,Frosa,US,"Garden Banks 904, 948",Oil/Gas,Bright Spot,,,1226,4046,Y
660,Froy,Norway,"25/2, 25/3, 25/5, 25/6, PL 364",Oil/Gas,Cancelled,Aug 1987,May 1995,118,389,
634,Frusalen,Norway,PL 476 - 6507/11,n/a,Non-Commercial,,,,,
631,Fuchsia,Tunisia,"B Block, Hammamet Offshore Exploration Permit",Gas,Discovery (Drilled),Jul 2010,,,,
739,Fuji,Brazil,BM-C-41,Oil,Appraisal Drilling,Apr 2010,,125,413,
534,Fuji Springs,US,Green Canyon 505,Oil/Gas,Drilled (Status Unknown),,,1299,4287,Y
410,Fulla,Norway,"PL362: 25/1, 25/2, 30/11",Gas,Discovery (Appraised),Feb 2009,,111,366,
933,Fulla (UK),UK,206/5a,Oil,Discovery (Drilled),Aug 2011,,150,495,
1537,Fullham,UK,"P1673, 44/28a",n/a,Discovery (Drilled),Sep 2010,,64,211,
1029,Fyne,UK,"P077, 21/28a",Oil,Under Development,Mar 2008,,283,934,
1782,GA South,Oman,Block 50,Oil,Discovery (Drilled),Feb 2014,,,,
1154,Gabriella,Israel,Gabriella License,n/a,Bright Spot,,,220,726,
403,Gajah Baru,Indonesia,Block A,Gas,Producing,Sep 2000,Oct 2011,82,271,
913,Galahad,Australia,WA-363-P,n/a,Non-Commercial,,,,,
500,Galata,Bulgaria,Galata Block,Gas,Producing - Under Dev.,Jun 1993,Jan 2004,35,116,
1190,Galia,UK,"P1765, 30/24c, 30/25c",Gas,Under Development,,,80,264,
1390,Galio,Angola,Block 18,Oil/Gas,Producing,,Jan 2007,1450,4785,
1146,Galley,UK,,n/a,Producing,,Jan 1998,,,
362,Galoc,Philippines,"SC14, Block C",Oil,Producing,Jan 1981,Dec 2013,290,957,
1423,Galtvort,Norway,"PL348, 6407/8",Gas,Discovery (Appraised),May 2008,,266,878,
361,Gamma,Norway,PL 312 - 6407/6,Gas,Discovery (Appraised),Feb 2008,,226,746,
1363,Gamma (Greenland),Greenland,Eqqua Block,n/a,Non-Commercial,,,1520,5016,
672,Gandang,Indonesia,Ganal Concession,Gas,Under Development,,,1829,6036,
937,Garantiana,Norway,"PL 554, PL 554B, 34/6, 34/9",Oil,Discovery (Drilled),Dec 2012,,380,1254,
576,Gardenia,Angola,17/06,Oil,Discovery (Drilled),Oct 2009,,977,3224,
994,"Gardrofa, 9/1-1 S",Norway,"PL 406, 8/3",n/a,Non-Commercial,,,87,287,
1755,Gargaa,Morocco,Cap Boujdour Block,n/a,Bright Spot,,,2050,6765,
1062,Gator Bait,US,MC 524,Gas,Bright Spot,,,2238,7385,Y
771,Gaupe,UK,"PL 292, 15/12",Oil/Gas,Producing,,Mar 2012,85,281,
1177,Gavea,Brazil,,Oil,Discovery (Drilled),May 2011,,2708,8936,
915,Gawain,Australia,WA-362-P,n/a,Non-Commercial,,,,,
1623,Gawthaka,Myanmar,Block M9,Gas,Under Development,Feb 2007,,150,495,
1238,Gaza Marine,"Palestinian Territory, occupied",,Gas,Discovery (Appraised),,,,,
672,Gehem,Indonesia,Rapak Concession,Gas,Under Development,,,1829,6036,
1048,Geite,Norway,"PL 497/497B, Block 7/7, 7/8, 7/11",n/a,Bright Spot,,,80,264,
504,Geitfjellet,Norway,"PL 321 - Blocks 6306/2, 6306/3, 6306/5, 6306/6",n/a,Non-Commercial,,,223,736,
1208,Geitungen,Norway,PL265; 16/2,n/a,Appraisal Drilling,Aug 2012,,116,383,
672,Gendalo,Indonesia,Ganal Concession,Gas,Under Development,,,1829,6036,
159,Genesis,US,"Green Canyon 160, 161, 205",Oil/Gas,Producing,Dec 1988,Feb 1999,792,2614,Y
130,Genghis Khan,US,Green Canyon 652,Oil,Producing,Apr 2005,Oct 2007,1311,4326,Y
1854,Gengibre,Angola,Block 32,Oil,Discovery (Appraised),Jun 2005,,1703,5620,
1304,Geographe,Australia,VIC/L23,Gas,Producing,Jun 2001,Jul 2013,85,281,
1321,Geronggong,Brunei Darussalam,3rd Offshore Acreage Area,Oil,Discovery (Drilled),Mar 2011,,1000,3300,
271,Geryon,Australia,WA-267-P,Gas,Under Development,Sep 1999,,1232,4066,
1156,Gharabi,Mauritania,Block 6,n/a,Non-Commercial,,,1787,5897,
1741,Gila,US,Keathley Canyon 93,Oil,Discovery (Drilled),Dec 2013,,1479,4881,Y
306,Gimboa,Angola,Block 4/05,Oil/Gas,Producing,Jan 2004,Jan 2008,700,2310,
198,Gimle,Norway,PL050: 34/10,Oil,Producing,Dec 2004,May 2006,,,
821,Gina Krog (Dagny),Norway,"PL029C, PL029B, 15/5, 15/6, PL048",Oil,Under Development,Apr 1978,,119,393,
880,Gindara,Philippines,SC54B,n/a,Non-Commercial,,,400,1320,
1854,Gindungo,Angola,Block 32,Oil,Discovery (Drilled),Apr 2003,,1445,4769,
325,Girassol,Angola,17,Oil,Producing,Apr 1996,Dec 2001,1400,4620,
736,Gita,Denmark,"9/06, 9/95",Oil,Discovery (Drilled),Dec 2008,,49,162,
736,Gita South,Denmark,9/95,n/a,Bright Spot,,,50,165,
286,Gjoa,Norway,"PL153, 35/9, 36/7",Oil/Gas,Producing,May 1989,Nov 2010,370,1221,
614,Gjok,Norway,6507/3,Gas,Discovery (Drilled),Dec 2009,,379,1251,
161,Gladden,US,Mississippi Canyon 800,Oil,Suspended,Apr 2008,Feb 2011,950,3135,Y
312,Glassel,UK,Block 9/14a,Oil,Abandoned (Ex-Producer),,Jan 2001,120,396,
995,Glencoe,Australia,WA-390-P,Gas,Appraisal Drilling,Jun 2008,,1115,3680,
287,Glenelg,UK,"29/4d, 29/5b",Gas,Producing,Jan 1999,Mar 2006,100,330,
492,Glenelg (Sable Project),Canada,,n/a,Under Development,Jan 1983,,90,297,
516,Glenlivet,UK,P1195 - 214/30,Gas,Discovery (Appraised),Sep 2009,,500,1650,
140,Glider,US,Green Canyon 248,Oil/Gas,Producing,Jan 1996,Jul 2004,1036,3419,Y
194,Glitne,Norway,"15/5, 15/6",Oil,Producing,Oct 1995,Aug 2001,110,363,
878,Gnatcatcher,Norway,"PL 378, 35/12",n/a,Non-Commercial,,,352,1162,
1686,Gobi,Indonesia,Gurita PSC,n/a,Bright Spot,,,,,
1396,Gohta,Norway,"PL492, 7120/1, 7120/2",Gas,Discovery (Drilled),Sep 2013,,342,1129,
924,Golden Eagle,UK,20/1N,Oil,Under Development,Jan 2007,,114,376,
309,Goldeneye,UK,"UKCS Blocks 14/29a, 20/4b, 20/3b",Gas,Abandoned (Ex-Producer),Jan 1996,Jan 2004,122,403,
152,Goldfinger,US,Mississippi Canyon 771,Oil,Producing,Mar 2004,Dec 2005,1653,5455,Y
364,Golfinho,Brazil,Block BES-100,Oil/Gas,Producing,Jun 2003,May 2006,1640,5412,
400,Goliat,Norway,"PL 229 & 229B - 7122/10, 7122/7, 7122/8",Oil/Gas,Under Development,Oct 2000,,400,1320,
161,Gomez,US,Mississippi Canyon 711,Oil/Gas,Suspended,Dec 1997,Mar 2006,914,3016,Y
271,Gorgon,Australia,WA-25-P,Gas,Under Development,Jan 1981,,,,
1431,Gorm,Denmark,"5504/15, 5504/16",Oil,Producing,Jun 1971,Jan 1981,39,129,
1795,Gotama,Norway,"PL550: 31/1, 31/2",n/a,Bright Spot,,,,,
351,Gotcha,US,Alaminos Canyon 856,Oil,Under Development,Apr 2006,,2377,7844,Y
1683,Grace,Australia,WA-314-P,n/a,Exploratory Drilling,,,,,
1526,Grane,Norway,"PL169B1, 25/11",Oil,Producing,Dec 1991,Sep 2003,127,419,
227,Grant,UK,"3/14a, 3/14d",Oil/Gas,Producing,Jan 1997,Jan 1998,139,459,
125,Great White,US,Alaminos Canyon 857,Oil/Gas,Producing,May 2002,Mar 2010,2438,8045,Y
408,Grevling,Norway,"15/12, PL 038 D, PL 038",Oil,Discovery (Appraised),May 2009,,95,314,
442,Gro,Norway,PL 326 - 6603/12-1,Gas,Discovery (Appraised),Jun 2009,,1376,4541,
420,Grosbeak,Norway,PL378 Block 35/12 and Western section 36/10,Oil/Gas,Discovery (Appraised),Jul 2009,,351,1158,
881,Grosso,Norway,"35/6, 35/9",n/a,Non-Commercial,,,360,1188,
1212,Grouse (Faroe),UK,P1853,n/a,Bright Spot,,,,,
1527,Gryphon,UK,"PL 496, Block 9/18b",Oil,Producing,Jul 1987,Oct 1993,112,370,
1663,Guadalupe,US,Mississippi Canyon 555,n/a,Bright Spot,,,,,Y
1778,Guanxuma,Brazil,BM-S-8,n/a,Bright Spot,,,2000,6600,
422,Guarani,Brazil,BM-S-22,n/a,Discovery (Appraised),Jun 2009,,2238,7385,
374,Gudrun,Norway,"PL025, 15/3",Oil/Gas,Producing,Jun 1975,Apr 2014,109,360,
505,Guendalina,Italy,d37 AC-FR,Gas,Producing,,Oct 2011,42,139,
1028,Guillemot North West,UK,"21/24, 21/29a, P.021",Oil,Producing,Aug 1985,Apr 2000,87,287,
1028,Guillemot West,UK,21/25,Oil,Producing,Feb 1983,Jul 2000,88,290,
198,Gullfaks,Norway,PL050: 34/10,Oil/Gas,Producing,Sep 1978,Dec 1986,138,455,
198,Gullfaks South,Norway,"32/12, 33/12, 34/10",Oil/Gas,Producing,Dec 1978,Oct 1998,220,726,
896,"Gullris, 6604/2-1",Norway,"6604/2, 6604/3, 6604/4, 6604/5, and 6604/6",n/a,Non-Commercial,,,1266,4178,
198,Gullveig,Norway,PL050: 34/10,Oil/Gas,Producing,,Oct 1998,,,
490,Gummy,Australia,"VIC/L26, L27, L28",Oil,Suspended,Jan 1990,Sep 2008,200,660,
1247,Gumusut,Malaysia,Block J,Oil,Producing - Under Dev.,Dec 2003,,1110,3663,
302,Gunflint (Freedom),US,Mississippi Canyon 948,Oil,Appraisal Drilling,Oct 2008,,1860,6138,Y
374,Gungne,Norway,15/9,Gas,Producing,Aug 1982,Apr 1996,83,274,
157,Gunnison,US,"Garden Banks 667, 668, 669",Oil/Gas,Producing,May 2000,Dec 2003,960,3168,Y
1443,Guntong,Malaysia,,Oil/Gas,Producing - Under Dev.,Jan 1978,,64,211,
1232,Gurame,Indonesia,Seruway PSC,Oil/Gas,Appraisal Drilling,Jan 2009,,,,
1485,Gutterball,US,East Cameron 254,n/a,Bright Spot,,,48,158,Y
1687,Gwydion,Australia,WA-424-P,Oil,Discovery (Drilled),Jun 1995,,80,264,
1420,Gyda,Norway,2/1,Oil,Producing,Mar 1980,Jun 1990,66,218,
1420,Gyda Sor,Norway,PL 299 - 2/1-13S,Oil/Gas,Discovery (Drilled),Mar 2009,,69,228,
970,Gye Nyame,Ghana,OCTP block,Gas,Discovery (Drilled),Jul 2011,,,,
1347,H Field,Indonesia,Langsa Technical Assistance Contract,Oil,Producing,,Jan 2001,91,300,
1481,Haas,Angola,Block 20,n/a,Bright Spot,,,1800,5940,
139,Habanero,US,Garden Banks 341,Oil/Gas,Producing,Jan 1999,Dec 2003,614,2026,Y
1752,Hadaf,Libya,Joint Oil Block,n/a,Bright Spot,,,150,495,
474,Hadrian,US,Keathley Canyon 919,Oil/Gas,Discovery (Appraised),,,2250,7425,Y
474,Hadrian South,US,Keathley Canyon 964,Oil/Gas,Discovery (Drilled),Oct 2009,,2419,7983,Y
1552,Hagana,Papua New Guinea,PPL 244,Gas,Discovery (Drilled),Jul 2013,,105,347,
1834,Hagar,Norway,"PL642: 6306/2, 6306/5",n/a,Bright Spot,,,,,
1358,Hagar Qim,Malta,"Area 4, Block 7",n/a,Bright Spot,,,500,1650,
1520,Hai Su Den (Black Sealion),Viet nam,15-2/01,Oil,Producing,Jan 2008,May 2013,42,139,
1520,Hai Su Trang (White Sealion),Viet nam,15-2/01,Oil,Producing,Jan 2007,May 2013,42,139,
1421,Haklang,Norway,"PL218, 6707/10-2S",Gas,Discovery (Appraised),Oct 2008,,1250,4125,
1430,Halfdan,Denmark,"5505/13, 5504/16",Oil/Gas,Producing,Jun 1999,Feb 2000,43,142,
1374,Halk el Menzel,Tunisia,Halk el Menzel Concession,Oil,Under Development,Jan 1977,,76,251,
839,Halyard,Australia,WA-13-L,Gas,Producing,Apr 2008,Jun 2011,112,370,
1250,Hamilton,UK,110/13,Gas,Producing,,Feb 1997,33,109,
595,Hammamet West,Tunisia,Bargou Exploration Permit,Oil,Appraisal Drilling,Jan 1967,,54,178,
973,Handcross,UK,"P1631, 204/18b; P1832, 204/14c, 204/19c",n/a,Non-Commercial,,,,,
1003,Hannah,Australia,TP/8,n/a,Non-Commercial,,,16,53,
1836,Hannover South,Australia,WA-466-P,n/a,Bright Spot,,,821,2709,
1599,Hanssen (Wisting NW),Norway,"PL537; 7324/7, 7324/8",n/a,Bright Spot,,,418,1379,
1252,Hanz,Norway,"PL028B, 25/10",n/a,Under Development,,,,,
1685,Hanze,Netherlands,F02a,Oil,Producing,Jun 1996,Aug 2001,44,145,
1428,Harald,Denmark,"5604/21, 5604/22",Oil/Gas,Producing,Sep 1980,Jan 1997,64,211,
1533,Harding,UK,9/23,Oil,Producing,Jan 1988,Apr 1996,111,366,
416,Harepus,Norway,PL 312 - 6407/6,Gas,Discovery (Drilled),May 2009,,247,815,
1558,Harpoon,Canada,EL 1112,Oil,Discovery (Drilled),Jun 2013,,1100,3630,
163,Harrier,US,East Breaks 759,Gas,Producing,Jan 2003,Jan 2004,1269,4188,Y
586,Harrier (Ithaca),UK,30/6,Gas,Discovery (Drilled),Jan 2004,,,,
1107,Harris (Rinnes),UK,210/24a,Oil,Under Development,Apr 2008,,155,512,
637,Hartebeest,US,Green Canyon 166,Gas,Bright Spot,,,648,2138,Y
1401,Hartmann,Namibia,Block 1711,n/a,Bright Spot,,,780,2574,
1458,Hasdrubal,Tunisia,Amilcar block,Gas,Producing,Jan 1994,Jan 2009,60,198,
1599,Hassel (Wisting East N),Norway,"PL537; 7324/7, 7324/8",n/a,Bright Spot,,,400,1320,
1320,Hatia,Bangladesh,Block 16,Gas,Discovery (Drilled),Jan 2008,,20,66,
887,Havis,Norway,"PL 532, 7220/7",Oil,Discovery (Drilled),Jan 2012,,365,1205,
740,Hawaii,Brazil,BM-C-42,Oil,Discovery (Drilled),May 2010,,158,521,
1720,Hawkeye,Philippines,SC55,n/a,Bright Spot,,,1690,5577,
771,Hawkins,UK,22/5,Gas,Producing,Oct 1980,Sep 1997,90,297,
1738,Heather,UK,P242: 2/5,Oil,Producing,Dec 1973,Oct 2013,144,475,
486,Hebron,Canada,SDL 1006/1007,Oil/Gas,Under Development,Jan 1981,,92,304,
427,Heidelberg,US,"Green Canyon 859, 860, 903, 904, 948",Oil,Under Development,Feb 2009,,1608,5306,Y
437,Heidrun,Norway,"6507/7, 6507/8",Oil/Gas,Producing,Jun 1985,Oct 1995,351,1158,
961,"Heilo, 7124/4-1S&A",Norway,"7124/4, PL 530",n/a,Non-Commercial,,,302,997,
1698,Heimdal,Norway,PL036BS: 25/4,Gas,Producing,Dec 1972,Dec 1985,120,396,
1101,Hejre,Denmark,PL 5/98,Oil/Gas,Under Development,,,70,231,
587,Heliconia,Trin. & Tobago,NCMA,Gas,Producing,,Jan 2005,158,521,
586,Helios,UK,29/10d,n/a,Discovery (Drilled),Jan 1969,,,,
783,Helvellyn,UK,47/10,Gas,Producing,Feb 1985,Mar 2004,33,109,
1112,Helvick,Ireland,"SEL 2/07, 49/9",Oil/Gas,Discovery (Appraised),Jan 1983,,80,264,
554,Henry,Australia,VIC/P44,Gas,Producing,Jul 2005,Feb 2010,67,221,
1415,Hercules,Norway,"PL494, 494B, 494C 2/9",n/a,Bright Spot,,,,,
1415,Hercules (Heimdalshoe),Norway,"PL494B, PL494C 2/9",n/a,Bright Spot,,,,,
1301,Hermes,Australia,"WA-11-L, WA-9-L, WA-16-L",Oil,Producing - Under Dev.,Jan 1996,Jan 1997,80,264,
927,Heron,Australia,NT/P68,Gas,Appraisal Drilling,Jan 2008,,61,201,
126,Herschel,US,Mississippi Canyon 520,Oil,Producing,Jun 1996,Dec 2003,2073,6841,Y
277,Hibernia,Canada,PL 1001,Oil/Gas,Producing,Jan 1979,Nov 1997,80,264,
277,Hibernia Southern Extension,Canada,"PL 1001, PL 1005, EL 1093",Oil/Gas,Under Development,,,,,
587,Hibiscus,Trin. & Tobago,NCMA,Gas,Producing,,Jan 2003,152,502,
1172,Hickory North,Ghana,Deepwater Tano/Cape Three Points license,Gas,Discovery (Drilled),Jun 2012,,,,
1515,High Island 22,US,"High Island 21, 22",Gas,Producing,,Jan 2006,11,36,Y
1146,Highlander,UK,14/20bF-1,n/a,Producing,,Jan 1985,,,
831,His Dudeness,US,Galveston Area 277L,n/a,Non-Commercial,,,,,Y
895,Hodoa,Egypt,West Nile Delta Concession,Gas,Discovery (Drilled),Nov 2010,,1077,3554,
449,Hoki,New Zealand,PEP 38401,Oil,Non-Commercial,,,150,495,
654,Holly,US,Garden Banks 335,Gas,Bright Spot,,,507,1673,Y
307,Holstein,US,Green Canyon 645,Oil/Gas,Producing,Jan 1999,Jan 2004,1311,4326,Y
625,Holy Cross,US,Lloyd Ridge 411,Oil/Gas,Bright Spot,,,2995,9884,Y
1821,Hon Khoai,Viet nam,Block 13/03,n/a,Bright Spot,,,90,297,
1822,Hon Sao,Viet nam,Block 13/03,n/a,Bright Spot,,,90,297,
347,Hondo,US,,Oil/Gas,Producing,Jan 1969,May 1981,,,Y
813,Hook Head,Ireland,50/11,Oil,Discovery (Appraised),Sep 1971,,73,241,
315,Hoover,US,"Alaminos Canyon 25, 26",Oil/Gas,Producing,,Jan 2002,,,Y
146,Horn Mountain,US,Mississippi Canyon 127,Oil/Gas,Producing,Aug 1999,Jan 2002,1653,5455,Y
1729,Horse,Congo,Haut Mer A,n/a,Non-Commercial,,,1038,3425,
326,Hortensia,Angola,17,Oil,Producing,Apr 2003,Aug 2011,830,2739,
1077,Hoss,Australia,WA-208-P,Oil,Bright Spot,,,,,
1636,Hoy,UK,P1994; 15/17b,Oil,Discovery (Drilled),Jan 1984,,,,
1588,Hua Hin,Thailand,G4/50,n/a,Bright Spot,,,,,
1504,Hudson,UK,"P472, P570, 210/24a",Oil,Producing,Jul 1987,Jul 1993,159,525,
549,Huldra,Norway,"PL051, 30/2, 30/3",Gas,Producing,Oct 1982,Nov 2001,125,413,
484,"Hummingbird, EW 834",US,Ewing Bank 834,Gas,Drilled (Status Unknown),,,364,1201,Y
701,Huna,US,BM-C-42,Oil,Discovery (Drilled),May 2010,,152,502,Y
639,Hungo,Angola,Block 15,Oil,Producing,Jul 1998,Aug 2005,1203,3970,
902,Huntington,UK,"P1114, 22/14b",Oil,Producing,Jul 2007,Apr 2013,91,300,
586,Hurricane,UK,29/10b,Oil,Discovery (Appraised),Jan 1995,,,,
1057,Hydra,UK,"3/27a, P1756",n/a,Discovery (Drilled),Feb 1986,,115,380,
705,Hyme (Gygrid),Norway,PL 348 - 6407/8-5A,Oil/Gas,Suspended,Jun 2009,Feb 2013,247,815,
376,Iago,Australia,"WA-17-R, WA-16-R",Gas,Under Development,Dec 2000,,118,389,
525,Iara,Brazil,BM-S-11,Oil/Gas,Under Development,Nov 2009,,2230,7359,
1543,Ibhubesi,South Africa,Block 2A,Gas,Discovery (Appraised),Jan 1981,,250,825,
1435,Ibu Alpha,Indonesia,Seruway PSC,n/a,Bright Spot,,,,,
384,Ichthys,Australia,"WA-285-P, WA-50-L, WA-51-L",Gas,Under Development,Jan 2000,,280,924,
1586,Idd El Shargi North Dome,Qatar,,Oil,Producing - Under Dev.,Jan 1960,,40,132,
373,Idun,Norway,6507/3-3,Gas,Under Development,Dec 1998,,450,1485,
373,Idun North,Norway,PL 159 D - 6507/3-7,Gas,Discovery (Drilled),Jul 2009,,377,1244,
848,Iguacu,Brazil,BM-S-9,Oil,Discovery (Drilled),Apr 2009,,2140,7062,
876,Illimani,Brazil,BM-C-41,Oil,Discovery (Appraised),Feb 2011,,126,416,
941,Indra,Brazil,BM-ES-32,Oil,Discovery (Drilled),Dec 2010,,,,
817,Inga,Brazil,BM-C-40,Oil,Discovery (Appraised),Aug 2010,,105,347,
564,Innsbruck,US,Mississippi Canyon 993,Oil,Non-Commercial,,,1920,6336,Y
271,Io,Australia,WA-267-P,Gas,Under Development,Jan 2001,,1352,4462,
1189,Ioana,Romania,Block 15 Midia,n/a,Exploratory Drilling,,,,,
1147,Ipswich,Norway,"1/3, PL 274",Oil,Discovery (Appraised),Jun 1991,,72,238,
439,Iracema Norte,Brazil,BM-S-11,Oil,Discovery (Appraised),,,2210,7293,
809,Ironclad,Mozambique,Area 1,Oil/Gas,Discovery (Drilled),Aug 2010,,1463,4828,
126,Isabela,US,Mississippi Canyon 562,Oil,Producing,Apr 2007,Jun 2012,1981,6537,Y
1633,Isabella,UK,"P1820, 30/6b, 30/11a, 30/12d",n/a,Bright Spot,,,,,
1575,Iskrystall,Norway,"PL 608, 7219/8",Gas,Discovery (Drilled),Sep 2013,,344,1135,
227,Islay,UK,3/15,Gas,Producing,Jun 2008,Apr 2012,120,396,
1746,Isobel / Elaine,Falkland Islands (Malvinas),PL004a,n/a,Bright Spot,,,,,
1169,Istranca,Turkey,Block 3920,n/a,Discovery (Drilled),Sep 2012,,85,281,
1171,"Itacoatiara, OGX-79",Brazil,BM-C-39,Oil,Discovery (Drilled),Apr 2012,,102,337,
826,Itaipu,Brazil,BM-C-32,Oil,Discovery (Appraised),Dec 2009,,1341,4425,
853,Itauna,Brazil,BM-C-29,Oil/Gas,Discovery (Drilled),Jan 2011,,76,251,
1252,Ivar Aasen (Draupne),Norway,"PL 001B, 16/1",Oil/Gas,Under Development,Feb 2008,,111,366,
1641,Ivory,Norway,"PL528: 6707/8, 6707/9, 6707/11",n/a,Bright Spot,,,,,
1379,Iwafune-Oki,Japan,Niigata,Oil/Gas,Producing,Jan 1983,Jan 1990,36,119,
587,Ixora,Trin. & Tobago,NCMA,Gas,Producing,,Jan 2009,158,521,
340,Jack,US,"Walker Ridge 758, 759",Oil,Under Development,Aug 2004,,2134,7042,Y
323,Jacky,UK,P1392: 12/21c,Oil,Producing,Dec 1982,Apr 2009,40,132,
1050,Jaguar,Guyana,Georgetown License,n/a,Non-Commercial,,,200,660,
1454,Jaguar (Buccaneer),US,Eugene Island 147,Oil/Gas,Discovery (Drilled),Jan 2000,,15,50,Y
1074,Jaguey,Cuba,,n/a,Non-Commercial,,,1615,5330,
316,James,UK,Block 30/17a,Oil,Producing,Feb 2003,Nov 2004,77,254,
524,Janaka,Myanmar,M7,Gas,Non-Commercial,,,,,
748,Jangkrik,Indonesia,Muara Bakau PSC,Gas,Under Development,Apr 2009,,400,1320,
748,Jangkrik Northeast,Indonesia,Maura Bakau PSC,Gas,Under Development,Jul 2011,,400,1320,
985,Janglau,Malaysia,PM308A,Oil,Discovery (Drilled),Nov 2011,,,,
316,Janice,UK,Block 30/17a,Oil,Producing,,Jan 1999,73,241,
271,Jansz,Australia,WA-18-R,Gas,Under Development,Apr 2000,,,,
325,Jasmim,Angola,17,Oil,Producing,Apr 2000,Dec 2003,1350,4455,
675,Jasmine,UK,"30/6, 30/7a, P011, P032",Gas,Producing,Jan 2006,Nov 2013,81,267,
1604,Jasmine (Mubadala),Thailand,B5/27,Oil,Producing,,Mar 2005,60,198,
458,Jason,US,Garden Banks 344 West,Gas,Bright Spot,,,400,1320,Y
768,Jaubert,Australia,WA-443-P,n/a,Bright Spot,,,,,
1345,Jayne,Falkland Islands (Malvinas),PL004c,n/a,Bright Spot,,,,,
1747,Jayne East,Falkland Islands (Malvinas),PL004c,n/a,Bright Spot,,,,,
1246,Jengka,Thailand,B-17,Gas,Producing,,Feb 2010,65,215,
396,Jericho,US,"Garden Banks 937, 938",Oil/Gas,Bright Spot,,,1347,4445,Y
1422,Jette,Norway,"PL385, 6607/12",n/a,Drilled (Status Unknown),,,363,1198,
482,Jette (Jetta),Norway,Block 25/8,Oil,Producing,Oct 2009,May 2013,127,419,
481,Jin Zhou (JZ 20-2N),China,JZ,Oil/Gas,Discovery (Drilled),Jul 2009,,16,53,
1018,Jodari,"Tanzania, United Republic of",Block 1,Gas,Appraisal Drilling,Mar 2012,,1500,4950,
887,Johan Castberg (Skrugard),Norway,"PL532, 7220/8",Oil,Discovery (Appraised),Apr 2011,,370,1221,
791,Johan Sverdup,Norway,"PL501, 16/2; PL502, 16/5",Oil/Gas,Appraisal Drilling,Sep 2010,,115,380,
1802,John Brookes,Australia,WA-29-L,Gas,Producing,Nov 1998,Jun 2011,65,215,
1292,Joni-5 Permit,Albania,Joni-5 Permit,n/a,Bright Spot,,,1000,3300,
1334,Jorvik,Norway,"PL338, 16/1",n/a,Exploratory Drilling,,,109,360,
1424,Jotun,Norway,"25/7, 25/8, PL027B",Oil,Producing,Sep 1994,Oct 1999,126,416,
1434,Juaro,Indonesia,Seruway PSC,n/a,Discovery (Drilled),Jan 1969,,,,
764,Jubarte,Brazil,BC-60,Oil,Producing - Under Dev.,Jan 2001,,1365,4505,
121,Jubilee,US,"Atwater Valley 305, 349 and Lloyd Ridge 265, 309",Gas,Producing,Apr 2003,Jul 2007,2682,8851,Y
1122,Judith,Australia,Vic/P47,Gas,Discovery (Drilled),Jun 1989,,80,264,
340,Julia,US,"Walker Ridge 584, 627, 628, 540, 583",Oil,Under Development,Apr 2007,,2000,6600,Y
805,Juliet,UK,"47/14b, P1745, P1907",Gas,Producing,Dec 2008,Jan 2014,62,205,
376,Julimar,Australia,WA-356-P,Gas,Under Development,Apr 2007,,187,617,
376,Julimar Southeast,Australia,WA-356-P,Gas,Discovery (Drilled),May 2008,,,,
541,July,Egypt,Gulf of Suez Concession,Oil,Producing,Jan 1973,Jan 1975,,,
328,Jupiter,Brazil,BM-S-24,n/a,Discovery (Drilled),Feb 2008,,2200,7260,
227,Jura,UK,3/15,Gas,Producing,Nov 2006,May 2008,113,373,
130,K2,US,"Green Canyon 561, 562, 563, 605, 607",Oil,Producing,Jun 1999,May 2005,1189,3924,Y
130,K2 North,US,Green Canyon 518,Oil,Producing,Nov 2003,May 2005,1311,4326,Y
1133,Kaheru,Australia,PEP 52181,n/a,Bright Spot,,,25,83,
774,Kahu,New Zealand,PMP 38158,n/a,Non-Commercial,,,122,403,
464,Kairi,Trin. & Tobago,Block 2(c),Oil/Gas,Producing - Under Dev.,Jul 2001,Dec 2004,35,116,
1247,Kakap,Malaysia,Block J,Oil,Producing - Under Dev.,,,1200,3960,
1059,Kakapo (Kaupokonui),New Zealand,PEP 51311,Oil,Bright Spot,,,100,330,
1211,"Kakelborg, 33/6-4",Norway,PL 370; 33/6-4,n/a,Non-Commercial,,,328,1082,
1623,Kakonna,Myanmar,Block M9,Gas,Under Development,Apr 2007,,150,495,
752,Kakuna,US,"Green Canyon 416, 460, 504, 505, 548 and 549",Oil/Gas,Non-Commercial,,,1134,3742,Y
500,Kaliakra,Bulgaria,Galata Exploration Concession,Gas,Producing,,Nov 2010,650,2145,
906,Kaliakra East,Bulgaria,Galata Exploration Concession,Gas,Non-Commercial,,,,,
1615,Kalong,Thailand,G2/48,n/a,Bright Spot,,,,,
1022,"Kalvklumpen, 25/6-4",Norway,"25/3, 25/5, 25/6, PL 414",n/a,Non-Commercial,,,114,376,
498,Kambuna,Indonesia,Kambuna TAC,Gas,Producing,Jan 1986,Aug 2009,40,132,
212,Kameleon,Norway,PL203,Oil,Producing,,Jan 2008,120,396,
1730,Kamelia,Malaysia,PM302,Gas,Producing,Jan 2004,Dec 2013,,,
1386,Kamunsu East,Malaysia,Kebabangan Cluster PSC,Oil/Gas,Bright Spot,,,400,1320,
1681,Kanel,Norway,"PL639: 6201/7, 6201/8, 6201/10, 6201/11",n/a,Bright Spot,,,,,
1337,Kangaroo,Brazil,"S-M-1101, S-M-1165",Oil,Discovery (Drilled),Jan 2013,,305,1007,
1337,Kangaroo West,Brazil,"S-M-1101, S-M-1165",n/a,Bright Spot,,,300,990,
1382,Kanowit,Malaysia,SK306,Gas,Under Development,Dec 2005,,80,264,
1619,Kapal,Malaysia,KBM RSC,Oil,Producing,,Jan 2014,60,198,
1466,Karish,Israel,Alon C/366,n/a,Discovery (Drilled),May 2013,,1740,5742,
1500,Karoro,New Zealand,PEP 52593,n/a,Bright Spot,,,200,660,
1677,Kasawari,Malaysia,SK316,Gas,Discovery (Drilled),Nov 2011,,,,
418,Kashagan,Kazakhstan,"Block A, D",Oil,Producing - Under Dev.,Jul 2000,,,,
593,Kaskida,US,"Keathley Canyon 291, 292",Oil,Discovery (Appraised),Jun 2006,,1786,5894,Y
1773,Katie,Norway,PL729: 2/1,n/a,Bright Spot,,,,,
1545,Katy (Harrison),UK,44/19b,Gas,Producing,Sep 2007,Jan 2013,26,86,
500,Kavarna,Bulgaria,Kavarna permit,Gas,Producing,,Nov 2010,,,
769,Kavarna East,Bulgaria,Galata Exploration Concession,Gas,Discovery (Drilled),Jul 2010,,,,
1386,Kebabangan,Malaysia,Kebabangan Cluster PSC,Oil/Gas,Under Development,,,400,1320,
1819,Kelidang NE,Brunei Darussalam,CA-2,Gas,Discovery (Drilled),Feb 2013,,,,
1820,Kelidang SW,Brunei Darussalam,CA-2,n/a,Bright Spot,,,,,
1394,Kells,UK,3/8d,Oil/Gas,Under Development,,,135,446,
1545,Kelvin,UK,44/23b-11,Oil/Gas,Producing,Sep 2005,Nov 2007,33,109,
1818,Kempas,Brunei Darussalam,CA-2,Gas,Drilled (Status Unknown),,,,,
1837,Kenli 9-5/9-6,China,"Kenli 9-5, Kenli 9-6",Oil,Discovery (Drilled),Oct 2013,,9,30,
510,Kentish Knock,Australia,WA-365-P,Gas,Discovery (Drilled),Aug 2009,,1200,3960,
510,Kentish Knock South,Australia,WA-365-P,Gas,Discovery (Drilled),Feb 2013,,1168,3854,
126,Kepler,US,Mississippi Canyon 383,Oil,Producing,Dec 1987,Dec 2003,1768,5834,Y
1817,Keratau,Brunei Darussalam,CA-2,Gas,Drilled (Status Unknown),,,,,
942,Kerloch,UK,211/22a,Oil,Discovery (Drilled),Dec 2007,,155,512,
1503,Kestrel,UK,"P296, 211/21a",Oil,Producing,Dec 1997,Nov 2001,159,525,
1881,Ketch,UK,P453: 44/28,Gas,Producing,Nov 1984,Sep 1999,50,165,
722,Kew,UK,"49/5, 49/4c",Gas,Discovery (Appraised),Apr 1988,,41,135,
1730,Kezumba,Malaysia,"PM302, PM325, PM326B",Gas,Under Development,,,,,
1226,Khafji,Saudi Arabia,,Oil,Under Development,,,,,
857,Khouloud,Tunisia,Nawara Production Concession,Gas,Discovery (Drilled),Oct 2010,,,,
706,Khvalynskoye,Kazakhstan,Severny License,Gas,Under Development,Jan 2002,,25,83,
1646,Kiboko,Kenya,Block L11B,n/a,Exploratory Drilling,,,2840,9372,
1554,Kidukidu,Papua New Guinea,PPL385,n/a,Non-Commercial,,,98,323,
1260,Kiernan,Ireland,LO 11/8,n/a,Bright Spot,,,1600,5280,
1642,Kifaru,Kenya,Block L6,n/a,Bright Spot,,,,,
1643,Kifaru West,Kenya,Block L6,n/a,Bright Spot,,,,,
283,Kikeh,Malaysia,K,Oil,Producing,Jul 2002,Aug 2007,1341,4425,
781,Kilauea,Brazil,BM-C-42,Oil,Discovery (Drilled),Jan 2010,,150,495,
1064,Kilchurn,US,Green Canyon 404,n/a,Drilled (Status Unknown),,,978,3227,Y
1173,Kildrummy,UK,"15/12b, 15/17",n/a,Discovery (Drilled),May 2002,,,,
517,Kina,Sao Tome and Principe,Block 4,n/a,Drilled (Status Unknown),,,3000,9900,
1727,Kindele,Angola,Block 5,n/a,Bright Spot,,,101,333,
147,King,US,Mississippi Canyon 84,Oil,Producing,Jan 1993,Jun 2002,1800,5940,Y
1054,King Lear,Norway,2/4,Gas,Discovery (Drilled),Jul 2012,,67,221,
147,King South,US,Mississippi Canyon 129,Oil,Producing,Aug 1996,May 2009,1707,5633,Y
996,Kingtree,Australia,AC/P 24,n/a,Non-Commercial,,,110,363,
786,Kinnoull,UK,16/23s,Oil,Under Development,May 2008,,103,340,
1377,Kinsale Head,Ireland,"48/20, 48/25, 49/16",Gas,Producing,Jan 1971,Jan 1978,100,330,
320,Kipper,Australia,"VIC/L25, VIC/L09",Gas,Under Development,Jan 1986,,100,330,
1645,Kipungu,Kenya,Block L8,n/a,Bright Spot,,,,,
1785,Kirinskoye,Russian Federation,Kirinsky Block,Gas,Producing,Jan 1992,Oct 2013,90,297,
639,Kissanje,Angola,Block 15,Oil,Producing,,Jul 2005,1036,3419,
1762,Kitabu,Malaysia,SB308,n/a,Bright Spot,,,,,
440,Kitan,Australia,JPDA 06-105,Oil,Producing,Mar 2008,Oct 2011,344,1135,
899,Kiwi,Egypt,Block 9,n/a,Non-Commercial,,,2700,8910,
1564,Klara,Norway,"PL159C, 6507/3",Oil,Discovery (Drilled),Aug 2013,,374,1234,
301,Knarr (Jordbaer),Norway,"PL373S, 34/2, 34/3, 34/5, 34/6",Oil,Under Development,Jul 2008,,410,1353,
1310,Knockinnon,UK,P1270: 11/24,Oil,Discovery (Drilled),Apr 2000,,50,165,
128,Knotty Head,US,Green Canyon 512,Oil,Discovery (Appraised),Dec 2005,,1067,3521,Y
1556,Ko Kra,Thailand,Block G5/50,n/a,Exploratory Drilling,,,30,99,
298,Kodiak,US,Mississippi Canyon 727,Oil,Discovery (Appraised),Apr 2008,,1517,5006,Y
1650,Koi,Indonesia,Salawati Kepala Burung PSC (Island PSC),Oil/Gas,Appraisal Drilling,Jan 2000,,32,106,
1659,Kokako,New Zealand,PEP 53473,n/a,Bright Spot,,,,,
506,Kon-tiki,Australia,Browse Basin WA-314-P,Gas,Non-Commercial,,,500,1650,
1699,Kopervik,Norway,"PL625, 25/10",n/a,Bright Spot,,,,,
960,Kora,Senegal,AGC Profound block,n/a,Non-Commercial,,,2621,8649,
854,Korimako,Australia,PEP 38619,n/a,Non-Commercial,,,,,
897,Krafla,Norway,PL 035; 30/11,Oil/Gas,Discovery (Appraised),May 2011,,106,350,
1341,Kraka,Denmark,5505/17,Oil/Gas,Producing,Sep 1966,Jan 1991,45,149,
583,Krakatoa,US,Mississippi Canyon 540,Oil/Gas,Drilled (Status Unknown),,,617,2036,Y
412,Kraken,UK,"P1027: 9/2b, 9/2c",Oil,Under Development,Nov 1985,,117,386,
1734,Kramsno,Norway,PL532: 7220/4,Gas,Discovery (Drilled),Feb 2014,,403,1330,
1613,Krissana,Thailand,G2/48,n/a,Bright Spot,,,,,
202,Kristin,Norway,"PL199: 6406/2, PL134B: 6506/11",Oil/Gas,Producing,Apr 1997,Nov 2005,370,1221,
1614,Krongthong,Thailand,G2/48,n/a,Bright Spot,,,,,
405,Kronos,Australia,WA-398-P,Gas,Discovery (Drilled),May 2010,,,,
870,Krykkje,Norway,"7119/12, PL 488",n/a,Non-Commercial,,,191,630,
540,Ku,Mexico,,Oil,Producing - Under Dev.,Jan 1980,Jan 1981,100,330,
1383,Kuang North,Malaysia,SK316,Gas,Discovery (Drilled),Nov 2012,,,,
1477,Kubwa,Kenya,L-07,n/a,Exploratory Drilling,,,,,
1634,Kuda Laut,Indonesia,Tuna PSC,Oil/Gas,Discovery (Drilled),Apr 2014,,118,389,
1399,Kudu,Namibia,"Production Licence 003, 2814A",Gas,Discovery (Appraised),Jan 1974,,170,561,
1547,Kulubokan,Faroe Islands,"L016, 6202/6a, 6203/14a",n/a,Bright Spot,,,,,
1382,Kumang,Malaysia,SK306,Gas,Under Development,,,100,330,
1400,Kunene,Namibia,PEL Block 1711,Gas,Discovery (Drilled),Sep 2008,,1000,3300,
448,Kupe,New Zealand,PML 38146,Gas,Producing,Jan 1986,Dec 2009,35,116,
1581,Kuro,Norway,PL681,n/a,Bright Spot,,,320,1056,
535,Kutz,Mexico,,Oil/Gas,Producing,,Jan 1998,35,116,
1676,Kvalross,Norway,"PL611: 7223/3, 7223/6, 7224/1,2,3,4,5",n/a,Bright Spot,,,,,
1425,Kvitebjorn,Norway,34/11,Gas,Producing,Oct 1994,Sep 2004,190,627,
1797,Kvitvola,Norway,"PL553: 34/7, 34/8",n/a,Bright Spot,,,,,
1145,Kyle,UK,,Oil/Gas,Producing,,Jan 2004,90,297,
1160,Kylemore,Ireland,11/12,n/a,Bright Spot,,,300,990,
1347,L Field,Indonesia,Langsa Technical Assistance Contract,Oil,Producing,,Jan 2001,91,300,
1848,L5 Sierra,Netherlands,L5a,Gas,Under Development,Sep 2010,,41,135,
1849,L5-FA,Netherlands,L5,Gas,Producing,Jan 1988,Jan 1992,40,132,
392,L8-D,Netherlands,Blocks L8/L11,Gas,Producing - Under Dev.,Jan 2004,,27,89,
1230,La Bella,Australia,VIC/P67,Gas,Discovery (Drilled),Jan 1993,,95,314,
1316,La Dam,Morocco,Tarfaya Offshore,n/a,Bright Spot,,,200,660,
1102,La Rocca,Australia,WA-388-P,Gas,Non-Commercial,,,,,
599,Lac Da Nau,Viet nam,15-1/05,Oil,Discovery (Drilled),Aug 2009,,45,149,
1598,Lacewing,UK,"P1181, 23/22b",Gas,Discovery (Drilled),Jul 2013,,83,274,
1034,Lafitte,US,Eugene Island Block 223,Oil,Discovery (Drilled),Apr 2012,,43,142,Y
871,Lagavulin,UK,"217/10, 210/14, 210/15",n/a,Non-Commercial,,,1500,4950,
653,Laggan,UK,206/1,Gas,Under Development,Sep 1986,,600,1980,
852,Lagosta,Mozambique,Area 1,Gas,Discovery (Appraised),Dec 2010,,1548,5108,
493,Lakach,Mexico,,Gas,Under Development,Jun 2006,,988,3260,
1301,Lambert,Australia,"WA-11-L, WA-9-L, WA-16-L",Oil,Producing - Under Dev.,Jan 1996,Jan 1997,80,264,
694,Lambouka,Italy,Kerkouane Permit,Gas,Discovery (Drilled),Sep 2010,,400,1320,
1883,Laminaria,Australia,WA-18-L,Gas,Producing,Jan 1995,Sep 1999,340,1122,
1355,Lampos,Philippines,SC 69,n/a,Bright Spot,,,700,2310,
1355,Lampos South,Philippines,SC 69,n/a,Bright Spot,,,700,2310,
730,Lancaster,UK,"P1368: 205/21a, 205/22a, 205/26b",Oil,Discovery (Drilled),Aug 2010,,155,512,
1582,Langlitinden,Norway,PL659: 7222/11,Oil,Discovery (Drilled),Feb 2014,,338,1115,
663,Lapa (Carioca),Brazil,BM-S-9,Oil/Gas,Discovery (Appraised),Sep 2007,,2140,7062,
663,Lapa (Carioca) Northeast,Brazil,BM-S-9,Oil,Discovery (Appraised),,,2151,7098,
377,Larsen,Australia,WA-34-L,Gas,Discovery (Drilled),Mar 2010,,,,
807,Larsen Deep,Australia,WA-404-P,Gas,Discovery (Drilled),Aug 2010,,1243,4102,
1309,Laura,Italy,"Zone D, D150 DR-CS",Gas,Discovery (Drilled),Jan 1980,,186,614,
763,Laurel,Australia,TP/7,n/a,Non-Commercial,,,39,129,
1195,Lavani,"Tanzania, United Republic of",Block 2,Oil,Discovery (Drilled),Jul 2012,,,,
1138,Laverda,Australia,WA-36-R,Oil,Discovery (Appraised),Jan 2000,,800,2640,
1349,Lawaan,Philippines,SC54A,n/a,Bright Spot,,,,,
1800,Lawit,Malaysia,PM303,Gas,Producing,Jan 1979,Jan 1997,50,165,
312,Leadon,UK,"Blocks 9/14a, 9/14b",Oil,Abandoned (Ex-Producer),,Jan 2001,120,396,
1370,Lebah,Indonesia,North Ganal PSC,n/a,Exploratory Drilling,,,,,
746,Leda,Angola,Block 31,Oil,Discovery (Drilled),Mar 2009,,2070,6831,
575,Leek,Mexico,,Gas,Discovery (Drilled),Oct 2009,,,,
1378,Lengkuas,Indonesia,Semai II Block,n/a,Exploratory Drilling,,,,,
741,Lengo,Indonesia,Bulu PSC,Gas,Appraisal Drilling,Jan 2008,,57,188,
1250,Lennox,UK,110/15,Oil/Gas,Producing,,Feb 1996,12,40,
1188,Leon,US,"KC 642, 686",n/a,Bright Spot,,,1878,6197,Y
837,Leopard,UK,211/18b,n/a,Bright Spot,,,,,
785,Lerek,Malaysia,PM323,Oil,Under Development,,,61,201,
814,Leviathan,Israel,"349 Rachel, 350 Amit",Gas,Discovery (Drilled),Dec 2010,,1634,5392,
537,LF 7-1,China,16/05,Oil,Discovery (Appraised),Jan 2008,,107,353,
947,"LF-7, Lady Franklin",Greenland,Lady Franklin,n/a,Non-Commercial,,,989,3264,
1715,Liberator,UK,P1987: 13/23d,Oil,Discovery (Drilled),Nov 2013,,116,383,
518,Liberty,US,"OCS-Y1650, OCS-Y1585",Oil,Cancelled,Apr 1996,,6,20,Y
804,Libra,Australia,AC/P 41,Gas,Discovery (Drilled),Jan 2009,,194,640,
1590,Lideka East Marine,Congo,Marine XI,n/a,Discovery (Drilled),Sep 2013,,110,363,
1115,Liffey,Ireland,"FEL 01/06, 27/4, 27/5, 27/9",n/a,Bright Spot,,,300,990,
566,Ligurian,US,"Green Canyon 814, 858",Oil,Non-Commercial,,,1784,5887,Y
987,Lille John,Denmark,12/06,Oil,Discovery (Drilled),Oct 2011,,,,
1825,Limbayong,Malaysia,Block J,Oil/Gas,Appraisal Drilling,Jan 2002,,1000,3300,
1076,Lincoln,UK,P1368,n/a,Bright Spot,,,,,
1760,Lindarormen,Norway,PL584,n/a,Bright Spot,,,,,
1826,Lingshui 17-2,China,,Gas,Discovery (Drilled),Mar 2014,,1450,4785,
405,Lion,Australia,WA-398-P,n/a,Bright Spot,,,,,
324,Lirio,Angola,17,Oil,Under Development,Sep 1998,,1365,4505,
1193,Lishui (LS) 36-1,China,25/34,Gas,Under Development,,,75,248,
1801,Litchendjili,Congo,Marine XII,n/a,Under Development,,,30,99,
1258,Litoral de Tabasco,Mexico,,Oil,Under Development,,,35,116,
280,Liuhua 11-1,China,China Block 11-1,Oil,Producing,Jan 1987,Jun 2007,370,1221,
1766,Liuhua 19-5,China,19-5,Gas,Producing,Mar 2003,Jan 2014,180,594,
402,Liwan 29-1,China,29/26,Gas,Under Development,Feb 2010,,723,2386,
402,Liwan 3-1,China,29/26,Gas,Producing,Sep 2006,Mar 2014,1300,4290,
402,Liwan 34-2,China,29/26,Gas,Under Development,Dec 2009,,1300,4290,
521,Liyeke Marine-1,Congo,Marine XI,n/a,Non-Commercial,,,110,363,
765,Liyun,Indonesia,Bulu PSC,Oil,Non-Commercial,,,55,182,
691,Liz,Falkland Islands (Malvinas),Tranche C,Gas,Discovery (Drilled),Apr 2010,,,,
139,Llano,US,"Garden Banks 385, 386",Oil/Gas,Producing,Jun 1998,Apr 2004,792,2614,Y
1733,LO-110,India,Ravva Block,n/a,Bright Spot,,,,,
1550,Loba M1,Gabon,Nkembe Block,Oil,Discovery (Drilled),Jan 1976,,200,660,
1210,Lobito,Angola,Block 14,Oil,Producing,,Jun 2006,600,1980,
629,Lochranza,UK,15/20a,n/a,Producing - Under Dev.,,,,,
1726,Loengo,Angola,Block 5,n/a,Bright Spot,,,108,356,
426,Logan,US,"Walker Ridge 925, 969",Oil,Discovery (Drilled),Oct 2011,,2653,8755,Y
374,Loke,Norway,15/9,Gas,Producing,,Jan 1993,,,
1157,Loligo,Falkland Islands (Malvinas),Northern License,n/a,Exploratory Drilling,,,1400,4620,
620,Lolotoe,Australia,JPDA 06-103,Oil,Non-Commercial,,,105,347,
579,Longhorn (aka Leo),US,Mississippi Canyon 546,Oil/Gas,Producing,Aug 2006,Oct 2009,740,2442,Y
454,Longtom,Australia,VIC/L29,Gas,Producing,Jan 1995,Oct 2009,56,185,
1480,Lontra,Angola,Block 20,Oil/Gas,Discovery (Drilled),Oct 2013,,1400,4620,
1657,Loran,Venezuela,Block 2,Gas,Discovery (Drilled),Jan 1982,,,,
613,Lore,Australia,JPDA 06-103,Oil,Non-Commercial,,,,,
136,Lorien,US,Green Canyon 199,Oil/Gas,Producing,Jul 2003,Apr 2006,664,2191,Y
170,Lost Ark,US,East Breaks 464,Gas,Producing,Jan 2001,Jun 2002,823,2716,Y
1854,Louro,Angola,Block 32,Oil,Discovery (Appraised),Mar 2007,,1883,6214,
1808,Lovebird,Liberia,LB-08,n/a,Bright Spot,,,2850,9405,
812,Lower Lunde,Norway,"34/4, PL 057",Oil,Discovery (Drilled),Feb 2010,,382,1261,
1703,Lowlander,UK,P324: 14/20c,Oil,Discovery (Appraised),Jan 1987,,108,356,
627,Loyal,UK,"204, 205, P.556",Oil/Gas,Producing - Under Dev.,Jan 1994,Jul 1998,475,1568,
1118,Lubina,Spain,Lubina II permit,Oil,Producing,Jul 2009,Jan 2012,663,2188,
666,Lucapa,Angola,Block 14,Oil,Discovery (Appraised),Oct 2006,,1219,4023,
572,Lucius,US,"Keathley Canyon 874, 875, 918 and 919",Oil/Gas,Under Development,Dec 2009,,2172,7168,Y
1833,Lucius (UK),UK,P1633: 211/11b,n/a,Bright Spot,,,184,607,
1602,Lufti,Senegal,Sangomar Offshore Profond,n/a,Bright Spot,,,1000,3300,
635,Luke,Denmark,"Licence 8/06, 5504/6",Oil/Gas,Suspended,Aug 2009,,40,132,
274,Lula (Tupi),Brazil,BM-S-11,Oil/Gas,Producing - Under Dev.,Jul 2006,,2140,7062,
1743,Lula (Tupi) Sul,Brazil,,Oil,Discovery (Appraised),Jan 2010,,2118,6989,
274,Lula Northeast,Brazil,BM-S-11,Oil/Gas,Producing,,Jun 2013,2120,6996,
1427,Lulita,Denmark,"7/86, 1/90",Oil/Gas,Producing,Jan 1992,Jun 1998,,,
540,Lum,Mexico,,Oil,Producing - Under Dev.,,,100,330,
1051,Luna,Denmark,DK 1/11,n/a,Non-Commercial,,,,,
862,Lunde,Norway,"7120/11-1, 7120/12-2",n/a,Non-Commercial,,,187,617,
1433,Luno II,Norway,"PL359, PL410: 16/4, 16/5",Oil,Appraisal Drilling,Apr 2013,,100,330,
293,Lunskoye,Russian Federation,,Gas,Producing,Jan 1984,Dec 2008,30,99,
1600,Lupalupa (L),Senegal,Sangomar Offshore Profond,n/a,Bright Spot,,,1250,4125,
1600,Lupalupa (SNE-1),Senegal,Sangomar Offshore Profond,n/a,Exploratory Drilling,,,1250,4125,
1089,Lupin,Norway,PL 360,n/a,Non-Commercial,,,71,234,
1853,Lupus,Norway,PL507,n/a,Bright Spot,,,,,
608,Lyell,US,Green Canyon 551,n/a,Bright Spot,,,1323,4366,Y
391,M7-A,Netherlands,Block M7,Gas,Producing,Jan 1996,Sep 2009,30,99,
366,Maari,New Zealand,Block PMP 38160,Oil,Producing - Under Dev.,Jan 1983,,1495,4934,
139,Macaroni,US,Garden Banks 602,Oil/Gas,Producing,Sep 1995,Sep 1999,1128,3722,Y
300,MacCulloch,UK,Block 15/24b,Oil/Gas,Producing,Mar 1990,Aug 1997,150,495,
1305,Macedon,Australia,WA-42-L,Gas,Producing,,Aug 2013,180,594,
948,Maceio,Brazil,BM-S-59,Oil,Discovery (Drilled),Jul 2011,,185,611,
1528,Maclure,UK,"9/19, P. 103",Oil,Producing,Jan 1991,Jul 2002,115,380,
562,Macondo,US,Mississippi Canyon 252,Oil,Discovery (Drilled),Jan 2011,,1522,5023,Y
148,Mad Dog,US,"Green Canyon 825, 826, 738, 739, 781, 782, 783",Oil/Gas,Producing,Dec 1998,Jan 2005,2073,6841,Y
148,Mad Dog South,US,"Green Canyon 825, 826",Oil,Under Development,Mar 2005,,1554,5128,Y
1610,Madagascar,US,De Soto Canyon 757,n/a,Non-Commercial,,,2530,8349,Y
315,Madison,US,"Alaminos Canyon 24, 25",Oil/Gas,Producing,Jun 1998,Feb 2002,1618,5339,Y
1259,Madura BD,Indonesia,Madura Strait PSC,Gas,Under Development,,,55,182,
271,Maenad,Australia,WA-267-P,Gas,Under Development,Mar 2000,,,,
451,Mafumeira Norte,Angola,"Area A, Block 0",Oil/Gas,Producing,,Jul 2009,49,162,
451,Mafumeira Sul,Angola,Block 0,Oil/Gas,Under Development,,,60,198,
1319,Magnama,Bangladesh,Block 16,Gas,Discovery (Drilled),Jan 2008,,20,66,
151,Magnolia,US,"Garden Banks 783, 784",Oil/Gas,Producing,May 1999,Jan 2004,1433,4729,Y
1416,Magnolia (UK),UK,"P1610, 13/23a",n/a,Exploratory Drilling,,,110,363,
672,Maha,Indonesia,Ganal Concession,Gas,Under Development,,,1829,6036,
1338,Mahogany,US,"Ship Shoal 349, 359",Oil/Gas,Producing,Sep 1993,Mar 1997,109,360,Y
1514,Main Pass 108,US,"MP 107, 108, 109",Oil/Gas,Producing,Jan 2000,Jan 2004,23,76,Y
1516,Main Pass 98,US,"Main Pass 98, 180",Oil/Gas,Producing,,Jan 2001,28,92,Y
1306,Maitland,Australia,WA-33-R,Gas,Discovery (Appraised),Aug 1992,,55,182,
950,Makore,Ghana,West Cape Three Points,Oil,Discovery (Drilled),Apr 2011,,1408,4646,
1009,Makouala Marine,Congo,Block Marine XIV,n/a,Non-Commercial,,,,,
1249,Malampaya,Philippines,SC38,Gas,Producing,,Jan 2001,850,2805,
1371,Maleo,Indonesia,Madura Offshore Production Sharing Contract,Gas,Producing,Jun 2002,Sep 2006,57,188,
1711,Malida,Thailand,G1/48,Oil,Discovery (Drilled),Nov 2013,,47,155,
1763,Maligan,Malaysia,SB308,n/a,Bright Spot,,,,,
511,Malikai,Malaysia,Block G,Oil,Under Development,Sep 2004,,565,1865,
1031,Malombe,Brazil,ES-M-414,Gas,Discovery (Drilled),Oct 2011,,,,
540,Maloob,Mexico,,Oil,Producing,Jan 1984,Jan 2010,100,330,
1012,Mamba North,Mozambique,Area 4,Gas,Discovery (Drilled),Mar 2012,,1690,5577,
1012,Mamba North East,Mozambique,Area 4,Gas,Discovery (Drilled),Aug 2012,,1994,6580,
1012,Mamba South,Mozambique,Area 4,Gas,Discovery (Drilled),Nov 2011,,1585,5231,
1551,Managau East,Philippines,SC 69,n/a,Bright Spot,,,700,2310,
366,Manaia,New Zealand,PMP 38160,Oil,Appraisal Drilling,Jan 1970,,100,330,
136,Manatee,US,Green Canyon 155,Oil,Producing,Apr 1998,Jul 2002,591,1950,Y
1254,Manati,Brazil,BCAM-40,Gas,Producing,Jan 2000,Jan 2008,46,152,
775,Mandarin,Norway,1/3 - PL 297,n/a,Non-Commercial,,,70,231,
171,Mandy,US,Mississippi Canyon 199,Oil,Discovery (Drilled),Feb 2010,,751,2478,Y
597,Manganes,Angola,18/06,Oil,Discovery (Drilled),Aug 2009,,,,
1295,Manjericao,Angola,Block 32,Oil,Discovery (Drilled),Feb 2007,,2200,7260,
1055,Manora,Thailand,G1/48,Oil,Under Development,Jul 2010,,50,165,
490,Manta,Australia,"VIC/L26, L27, L28",Oil/Gas,Suspended,,,200,660,
1580,Mantra,Norway,PL551: 31/3,n/a,Non-Commercial,,,348,1148,
1889,Mapale,Colombia,RC-5,Gas,Discovery (Drilled),Aug 2012,,30,99,
130,Marco Polo,US,Green Canyon 608,Oil/Gas,Producing,Apr 2000,Jul 2004,1311,4326,Y
1329,Mari-B,Israel,,Gas,Producing,,Jan 2004,235,776,
771,Maria,UK,16/29,Oil,Producing,Jan 1994,Oct 2007,95,314,
733,Maria (Wintershall),Norway,"6407/1 & 6406/3, PL 475BS",Oil/Gas,Discovery (Appraised),Jun 2010,,300,990,
1092,Marina,Australia,WA-454-P,Gas,Discovery (Drilled),Jan 2007,,100,330,
840,Marindan,Indonesia,Kutai PSC,n/a,Non-Commercial,,,55,182,
1110,Mariner,UK,"P335, 9/11",Oil,Under Development,Jan 1981,,110,363,
299,Marlim,Brazil,Campos Basin,Oil,Producing,,Mar 1991,1097,3620,
703,Marlim Leste (East),Brazil,Campos Basin,Oil/Gas,Producing,Jan 1985,Dec 2008,1080,3564,
371,Marlim Sul (South),Brazil,Campos Basin,Oil/Gas,Producing - Under Dev.,Jan 1987,,1920,6336,
1567,Marlin,Peru,Z-38,n/a,Bright Spot,,,,,
1253,Marmalard,US,"MC 255, 256, 300",Oil,Under Development,May 2012,,1863,6148,Y
466,Marram,Ireland,"Blocks 100/4, 110/9b",Gas,Discovery (Appraised),Jan 1993,,16,53,
141,Mars,US,"Mississippi Canyon 762, 763, 806, 807, 850, 851",Oil/Gas,Producing,Apr 1989,Jul 1996,896,2957,Y
315,Marshall,US,"East Breaks 948, 949",Oil,Producing,Jul 1998,Jan 2002,1334,4402,Y
253,Marte,Angola,Block 31,Oil,Producing - Under Dev.,Nov 2003,,2000,6600,
742,Martell,Australia,WA-404-P,Gas,Discovery (Drilled),Mar 2009,,1290,4257,
1091,Martin,Australia,WA-404-P,Gas,Discovery (Drilled),Mar 2011,,,,
461,Martin Linge (Hild),Norway,PL043: 30/7,Oil/Gas,Under Development,May 1979,,120,396,
1696,Maruja,Brazil,S-M-1352,Oil,Discovery (Drilled),Nov 2010,,,,
713,Marulk,Norway,"6507/2, 6507/3, 6607/12, 6607/11",Oil/Gas,Producing,Mar 1992,Apr 2012,381,1257,
1492,Maserati,US,South Timbalier 216,n/a,Bright Spot,,,42,139,Y
1629,Masirah North East,Oman,Block 50,n/a,Bright Spot,,,,,
1628,Masirah North North,Oman,Block 50,n/a,Non-Commercial,,,,,
365,Massa,Brazil,BC-10,Oil/Gas,Under Development,,,1981,6537,
644,Mastiff,US,"Garden Banks 381, 382",Oil,Bright Spot,,,724,2389,Y
1274,Matinloc,Philippines,SC14 Block B,Oil,Producing,,Jan 1983,25,83,
171,Matterhorn,US,Mississippi Canyon 243,Oil/Gas,Producing,Jul 1999,Nov 2003,850,2805,Y
1406,Matuku,New Zealand,PEP51906,n/a,Exploratory Drilling,,,130,429,
1289,Maui,New Zealand,,Gas,Producing,Jan 1969,May 1979,110,363,
443,Maule,UK,"P246, 21/10",Oil,Producing,,Jun 2010,105,347,
429,Mauna Kea,US,"Atwater Valley 28, 29",Oil/Gas,Bright Spot,,,2234,7372,Y
1479,Mavinga,Angola,Block 21,Oil,Discovery (Drilled),Oct 2013,,1700,5610,
1519,Maximino,Mexico,,Oil,Discovery (Drilled),May 2013,,2900,9570,
1307,Maxwell,Australia,WA-360-P,Gas,Bright Spot,,,500,1650,
1024,MB-OSN-2005/2,India,MB-OSN-2005/2,n/a,Bright Spot,,,50,165,
1152,Mbawa,Kenya,L8,Gas,Discovery (Drilled),Sep 2012,,860,2838,
162,MC 72,US,Mississippi Canyon 72,Gas,Producing,Dec 1991,Sep 2013,614,2026,Y
1495,McLaren,US,South Timbalier 239,n/a,Bright Spot,,,49,162,Y
158,Medusa,US,"Mississippi Canyon 538, 582",Oil/Gas,Producing,Aug 1998,Dec 2003,671,2214,Y
1877,Meerkat,Namibia,PEL 22: 2815,n/a,Bright Spot,,,,,
1730,Melati,Malaysia,"PM302, PM325, PM326B",Gas,Under Development,,,,,
1658,Mensa,New Zealand,PEP 51558,n/a,Bright Spot,,,,,
1619,Meranti,Malaysia,KBM RSC,Oil,Under Development,,,60,198,
849,Mercury,Sierra Leone,SL-072-10,Oil,Discovery (Appraised),Nov 2010,,1600,5280,
121,Merganser,US,"Atwater Valley 36, 37",Gas,Producing,Feb 2002,Aug 2007,2408,7946,Y
1149,Merlin,UK,211/23a,Oil,Producing,,Nov 1997,,,
1565,Merluza,Peru,Z-38,n/a,Bright Spot,,,,,
598,Mexilhao,Brazil,BS-400,Gas,Under Development,Jan 2003,,550,1815,
162,Mica,US,"Mississippi Canyon 167, 211",Oil/Gas,Producing,Apr 1990,Aug 2001,1326,4376,Y
1750,Mica Deep,US,Mississippi Canyon 211,n/a,Bright Spot,,,1300,4290,Y
357,Midgard,Norway,"PL062, 6507/11",Gas,Producing,Oct 1981,May 1999,298,983,
1084,Midleton,Ireland,"License 4/07; 49/11, 49/12, 49/17 and 49/18",n/a,Bright Spot,,,,,
358,Mikkel,Norway,"6407/5, 6407/6",Gas,Producing,Feb 1987,Oct 2003,220,726,
1465,Millom,UK,"P287, 113/26",Gas,Producing,Aug 1982,Aug 1999,42,139,
974,Mindou Marine,Congo,"Marine XI, XIV",n/a,Non-Commercial,,,,,
1497,Minnow,US,West Cameron 497,n/a,Bright Spot,,,46,152,Y
407,Mirage,US,Mississippi Canyon 941,Gas,Producing - Under Dev.,,,1201,3963,Y
1457,Miskar,Tunisia,Amilcar block,Gas,Producing,,Jan 1996,62,205,
747,Mizzen,Canada,EL 1049,Oil,Discovery (Appraised),Mar 2009,,1100,3630,
1081,Mjosa,Norway,"PL 511; 6406/5, 6406/6, 6406/9",Gas,Discovery (Drilled),Jun 2013,,243,802,
1578,Mkizi,"Tanzania, United Republic of",Block 1,Gas,Discovery (Drilled),Jul 2013,,1301,4293,
1237,MLHP-5,Cameroon,"MLHP-5, Etinde Permit",n/a,Bright Spot,,,70,231,
1237,MLHP-6,Cameroon,"MLHP-6, Etinde Permit",n/a,Bright Spot,,,70,231,
1237,MLHP-7,Cameroon,"MLHP-7, Etinde Permit",Gas,Discovery (Appraised),Jan 2007,,70,231,
1671,Mlinzi Mbali,"Tanzania, United Republic of",Block 7,n/a,Exploratory Drilling,,,2600,8580,
1511,Moby,Australia,Vic/P47,Gas,Discovery (Drilled),Jun 2004,,85,281,
898,Moccasin,US,Keathley Canyon 736,Oil,Discovery (Drilled),Sep 2011,,2042,6739,Y
305,Moho-Bilondo,Congo,Moho Bolindo Permit,Oil,Producing,Jan 1995,Apr 2008,1100,3630,
305,Moho-Nord,Congo,Moho Bolindo Permit,Oil/Gas,Under Development,Jan 2007,,1200,3960,
1496,Mojito,US,"West Cameron 111, 134",n/a,Bright Spot,,,9,30,Y
639,Mondo,Angola,Block 15,Oil,Producing,,Jan 2008,732,2416,
121,Mondo NW,US,Lloyd Ridge 1/2,Gas,Producing,Jan 2005,Jul 2007,2549,8412,Y
732,Monkwell,UK,42/29,n/a,Non-Commercial,,,,,
1118,Montanazo,Spain,Montanazo D,Oil,Producing,Jul 2009,Jan 2012,736,2429,
335,Montara,Australia,AC/P 32,Oil/Gas,Producing,Mar 1988,Jun 2013,77,254,
1402,Montrose,UK,22/18,Oil/Gas,Producing,Nov 1971,Jun 1976,91,300,
1589,Moosehead,Namibia,"PEL 24, 2713A; PEL 28, 2813A",n/a,Non-Commercial,,,1727,5699,
407,Morgus,US,Mississippi Canyon 942,n/a,Producing,Mar 1999,Feb 2012,1312,4330,Y
153,Morpeth,US,"Ewing Bank 921, 964, 965",Oil/Gas,Producing,Jul 1989,Sep 1998,518,1709,Y
1533,Morrone,UK,P478: 9/23b,Oil,Discovery (Drilled),Jan 2012,,,,
329,Morskaya,Russian Federation,Lagansky Block,Oil/Gas,Under Development,Jul 2008,,,,
360,Morvin,Norway,6506/11,Oil/Gas,Producing,Jul 2001,Aug 2010,380,1254,
1854,Mostarda,Angola,Block 32,Oil,Discovery (Appraised),Feb 2006,,1758,5801,
303,Moth,UK,23/21,Oil/Gas,Discovery (Drilled),Jun 2008,,85,281,
397,Mothball,US,Mississippi Canyon 801,Oil,Bright Spot,,,1024,3379,Y
1845,Moubenga,Gabon,Dussafu Marin PSC,Oil,Discovery (Drilled),Jan 1981,,116,383,
1168,Mpungi,Angola,15/06,Oil,Discovery (Appraised),Aug 2010,,,,
1723,Mronge,"Tanzania, United Republic of",Block 2,Gas,Discovery (Drilled),Dec 2013,,2500,8250,
480,Mubarek,UAE,,Oil/Gas,Producing,Jan 1972,Oct 2007,61,201,
1246,Muda,Thailand,"B-17,",Gas,Producing,,Feb 2010,,,
1364,Mukta,India,Tapti Daman Block,Oil/Gas,Producing - Under Dev.,,,65,215,
1261,Mullen,Ireland,LO 11/7,n/a,Bright Spot,,,1000,3300,
552,Mumbai High,India,North and South Blocks,Oil,Producing - Under Dev.,Jan 1974,Jan 1976,61,201,
1545,Munro,UK,44/17b-7,Oil/Gas,Producing,Apr 2004,Aug 2005,30,99,
1391,Murchison,Norway,211/19,Oil,Abandoned (Ex-Producer),Sep 1975,Sep 1980,156,515,
1545,Murdoch,UK,44/22-3,Oil/Gas,Producing,Aug 1985,Jan 1995,32,106,
1702,Muridava,Romania,EX-27,n/a,Bright Spot,,,,,
1524,Murombe,Namibia,"PEL 23, 2212A",n/a,Non-Commercial,,,1391,4590,
1403,Musling,Norway,"PL289, 3/7",n/a,Non-Commercial,,,63,208,
1721,Mustard,UK,P2074: 205/27,n/a,Bright Spot,,,150,495,
1789,Mya,Myanmar,A3,Gas,Discovery (Drilled),Jan 2006,,165,545,
1785,Mynginskoye,Russian Federation,Kirinskoye Block,Gas,Discovery (Drilled),Jan 2011,,150,495,
1083,Myra,Israel,"Myra License, Block 347",Oil/Gas,Drilled (Status Unknown),,,,,
1749,Myrhauk,Norway,PL359,n/a,Bright Spot,,,,,
1017,Mzia,"Tanzania, United Republic of",Block 1,Gas,Appraisal Drilling,Jun 2012,,1500,4950,
1461,Naga,Indonesia,Natuna Sea Block A,Gas,Under Development,Jan 2000,,80,264,
1680,Nanna,Norway,"PL616: 2/7, 2/10, 2/11",n/a,Bright Spot,,,,,
166,Nansen,US,"East Breaks 601, 646",Oil/Gas,Producing,Apr 1999,Jan 2002,1122,3703,Y
1380,Narina,Liberia,LB-09,Oil,Discovery (Drilled),Apr 2012,,1143,3772,
1804,Narina West,Liberia,LB-09,n/a,Bright Spot,,,1200,3960,
744,Natal,Brazil,BM-S-59,Oil,Discovery (Appraised),Aug 2010,,170,561,
304,Natalia,Norway,6507/11,Gas,Discovery (Drilled),Apr 2008,,299,987,
365,Nautilus,Brazil,Block BC-10,Oil/Gas,Under Development,,,,,
624,Nautilus (GOM),US,Ship Shoal 263,Gas,Producing,Jan 2010,Jul 2010,,,Y
643,Navi,US,"Keathley Canyon 613, 657",Oil/Gas,Bright Spot,,,2052,6772,Y
1679,NC3,Malaysia,Block SK316,Gas,Discovery (Appraised),Mar 2010,,,,
1678,NC8SW,Malaysia,SK316,n/a,Discovery (Drilled),Sep 2011,,,,
1296,Nemba,Angola,Block 0,Oil/Gas,Producing - Under Dev.,,,119,393,
1032,Nemo (Ireland),Ireland,SEL 2/07,Oil,Discovery (Drilled),Jan 1974,,90,297,
1603,Nene Marine,Congo,Marine XII,Oil/Gas,Appraisal Drilling,Aug 2012,,28,92,
123,Neptune (Atwater Valley),US,"Atwater Valley 573, 574, 575, 617, 618",Oil/Gas,Producing,Sep 1995,Jul 2008,1905,6287,Y
554,Netherby,Australia,VIC/P 44,Gas,Producing,,Feb 2010,56,185,
858,New Seaclem,Australia,PEP 11,Gas,Non-Commercial,,,143,472,
1286,Newgrange,Ireland,FEL 6/14,n/a,Bright Spot,,,1000,3300,
1577,Ngisi,"Tanzania, United Republic of",Block 4,Gas,Discovery (Drilled),Jul 2013,,1400,4620,
333,Ngoma,Angola,15/06,Oil,Discovery (Drilled),Sep 2008,,1420,4686,
778,Nicol,UK,15/25a,Oil,Producing,Nov 1988,Jun 2007,153,505,
1807,Night Heron,Liberia,LB-09,n/a,Bright Spot,,,1750,5775,
147,Nile,US,Viosca Knoll 914,n/a,Producing,Apr 1997,Jan 2001,1077,3554,Y
1185,Nimrod,Namibia,2714A,n/a,Exploratory Drilling,,,360,1188,
561,Nini,Denmark,5605/10-1,Oil,Producing,Aug 2000,Feb 2014,58,191,
561,Nini East,Denmark,4/95,Oil,Producing - Under Dev.,,Feb 2010,,,
1393,Ninian,UK,3/03,Oil,Producing,Apr 1974,Dec 1978,135,446,
900,"Ninky, 14/15-3",Falkland Islands (Malvinas),,n/a,Non-Commercial,,,,,
1413,Niobe,UK,"P1889, 12/27",n/a,Bright Spot,,,,,
794,Niteroi,Brazil,BM-S-57,Oil,Non-Commercial,,,150,495,
705,Njord,Norway,"PL107, 6407/10, 6407/7",Oil/Gas,Suspended,Apr 1986,Sep 1997,330,1089,
1612,Nkossa,Congo,Haute Mer Permit,Oil,Producing,Jan 1984,Jun 1996,183,604,
1328,Noa North,Israel,,Gas,Producing,,Jun 2012,,,
705,Noatun,Norway,6407/7,Gas,Discovery (Appraised),Sep 2008,,293,967,
377,Noblige,Australia,WA-404-P,Gas,Discovery (Appraised),Jan 2010,,1312,4330,
535,Nohoch,Mexico,,Oil/Gas,Producing,Jan 1978,Jan 1979,35,116,
844,Noix de Coco,Gabon,Azobe Permit,n/a,Non-Commercial,,,,,
538,Nona,Norway,,Oil/Gas,Discovery (Drilled),Sep 2009,,250,825,
1625,Nong Yao,Thailand,G11/48,Oil,Under Development,Jun 2009,,75,248,
856,Norall,Norway,"PL 409, 16/7",n/a,Non-Commercial,,,78,257,
921,"Nordtuva, 6407/3-1 S",Norway,6407/3,n/a,Non-Commercial,,,232,766,
1563,Norfolk,UK,12/16b,n/a,Bright Spot,,,34,112,
1563,Norfolk East,UK,12/17b,n/a,Bright Spot,,,35,116,
713,Norne,Norway,"6508/1, 6608/10",Oil,Producing,Jan 1992,Nov 1997,380,1254,
1275,North Abu Qir,Egypt,,Gas,Producing - Under Dev.,Jan 1990,,35,116,
314,North Amethyst,Canada,Grand Banks Territory,Oil/Gas,Producing,Jan 2006,Jun 2011,,,
519,North Bardawil,Egypt,North Bardawil Concession,Gas,Producing,,Aug 2009,350,1155,
118,North Boomvang,US,East Breaks 643,Oil/Gas,Producing,Sep 1999,Jan 2002,1052,3472,Y
1862,North Fan,Senegal,Sangomar Offshore Profond,n/a,Exploratory Drilling,,,1500,4950,
401,North Idku,Egypt,"Block A, B",Gas,Under Development,,,100,330,
1744,North Kemleon,Norway,PL203:,n/a,Bright Spot,,,,,
1346,North Kendang,Indonesia,SE Sangatta PSC,Gas,Exploratory Drilling,,,465,1535,
1860,North Lukut,Malaysia,PM318,Gas,Producing,Jan 1991,Jan 2004,60,198,
1464,North Morecambe,Ireland,"P153, 110/02b",Gas,Producing,Mar 1976,Sep 1994,27,89,
1869,North Pailin,Thailand,B12/27,Gas,Producing,Jan 1996,Jan 2002,58,191,
455,North Platte,US,"Garden Banks 915, 958, 959",Oil,,Dec 2012,,1476,4871,Y
1684,North Rankin,Australia,WA-1-L,Gas,Producing,Aug 1971,Jan 1984,125,413,
1710,North Solha,Guinea-Bissau,Block 2,n/a,Bright Spot,,,60,198,
1832,North Tano,Ghana,Shallow Water Tano,Oil/Gas,Discovery (Drilled),Jan 1980,,90,297,
492,North Triumph,Canada,,Gas,Producing,,Dec 1999,76,251,
1069,North Uist,UK,"P1192, 213/25c",n/a,Exploratory Drilling,,,1291,4260,
894,North Zarat,Tunisia,7th of November Block,Gas,Discovery (Appraised),,,76,251,
1388,Northern Fields,Malaysia,PM-3,Oil/Gas,Producing - Under Dev.,,,,,
582,Northstar,US,"Beechey Point 470, 471, 515, 516",Oil/Gas,Producing,Jan 1984,Oct 2001,12,40,Y
166,Northwest Nansen,US,"East Breaks 558, 602",Oil/Gas,Producing,Aug 2006,Feb 2008,1067,3521,Y
166,Northwest Navajo,US,East Breaks 646,Oil/Gas,Producing,Sep 1999,Jan 2002,1123,3706,Y
390,Northwood,US,"Green Canyon 944, 945",Oil/Gas,Non-Commercial,,,1642,5419,Y
938,Norvarg,Norway,"PL535, 7225/3, 7226/1",Gas,Appraisal Drilling,Jun 2011,,377,1244,
1868,Notus,Egypt,El Manzala,n/a,Exploratory Drilling,,,90,297,
1878,Nour,Morocco,Sidi Moussa,n/a,Bright Spot,,,980,3234,
1239,Novus,Norway,PL645: 6507/10,Oil/Gas,Discovery (Drilled),Jan 2014,,298,983,
1127,NS377,Egypt,North Shadwan Concession,Oil,Producing,Feb 2010,Mar 2012,40,132,
1038,Ntomme,Ghana,Deepwater Tano License,Oil,Under Development,,,1730,5709,
227,Nuggets,UK,"3/19a, 3/20a, 3/24a, 3/25a, 3/18, 3/19b, 3/24c",Gas,Producing,Jan 1972,Nov 2001,125,413,
1042,Nunya (Cuda),Ghana,Keta Block,n/a,Non-Commercial,,,,,
1411,Nyuni,"Tanzania, United Republic of",Nyuni PSA,Gas,Appraisal Drilling,Jan 2004,,,,
1141,Nzanza,Angola,15/06,Oil,Discovery (Drilled),Dec 2009,,,,
450,Oates,UK,Block 22/19c,n/a,Non-Commercial,,,90,297,
411,Oberon,Angola,Block 31,Oil,Discovery (Drilled),May 2009,,,,
393,Odoptu,Russian Federation,Sakhalin Island,Oil/Gas,Producing,Jan 1979,Sep 2010,59,195,
609,Odum,Ghana,West Cape Three Points,Oil,Discovery (Drilled),Feb 2008,,960,3168,
1408,Ofon,Nigeria,Oil Mining Lease 102,Gas,Producing - Under Dev.,,Jan 1997,40,132,
1255,Ogna,Norway,PL453S; Block 8/5,n/a,Non-Commercial,,,72,238,
1518,Ogo,Nigeria,OPL 310,Oil,Discovery (Drilled),Oct 2013,,100,330,
610,Oi,New Zealand,PMP 38158,n/a,Bright Spot,,,120,396,
727,Oki East,Sao Tome and Principe,JDZ Block 4,n/a,Drilled (Status Unknown),,,3840,12672,
1159,Okoro,Nigeria,OML 112,Oil/Gas,Producing - Under Dev.,Jan 1973,Jun 2008,14,46,
1159,Okoro East,Nigeria,OML 112,Oil/Gas,Producing,Jan 2012,Oct 2012,,,
1673,Okula,Gabon,Mbeli Block,n/a,Bright Spot,,,,,
295,Okume,Equatorial Guinea,Blocks G and F,Oil,Producing,Jun 2001,Aug 2010,489,1614,
379,Okwok,Nigeria,OML 67,Oil,Discovery (Appraised),Jan 1967,,40,132,
406,Olowi,Gabon,,Oil/Gas,Producing,,May 2009,50,165,
1462,Olympus,Australia,WA-450-P,Gas,Discovery (Drilled),Apr 2013,,720,2376,
652,Ombrina Mare,Italy,BR 269GC,Oil/Gas,Discovery (Appraised),Mar 1987,,20,66,
1280,Omega,Australia,AC/P 44,n/a,Bright Spot,,,260,858,
833,Onyina,Ghana,Deepwater Tano License,n/a,Non-Commercial,,,828,2732,
555,Oooguruk,US,,Oil,Producing,Jan 2003,Jun 2008,2,7,Y
198,Opal (Statoil),Norway,PL050: 34/10,Gas,Under Development,Jun 2011,,137,452,
704,Optimus,Norway,"2/2, PL 332",n/a,Non-Commercial,,,41,135,
1476,Orca,Mozambique,Offshore Area 1,Gas,Discovery (Drilled),Apr 2013,,1061,3501,
1697,Orca (Angola),Angola,Block 20,Oil,Discovery (Drilled),Feb 2014,,,,
903,Orchid,UK,"29/1c, P1556",n/a,Discovery (Drilled),May 2012,,,,
139,Oregano,US,"Garden Banks 558, 559",Oil/Gas,Producing,Mar 1999,Oct 2001,1036,3419,Y
1872,Oribi,South Africa,Block 9,Oil,Producing,Jan 1990,Jan 1997,150,495,
918,Orlando,UK,"P1606, Block 3/3b",n/a,Under Development,Jan 2009,,141,465,
222,Ormen Lange,Norway,"6305/4, 6305/5, 6305/7, 6305/8",Gas,Producing,Oct 1997,Oct 2007,1100,3630,
1732,Ororo,Nigeria,OML 95,Oil,Discovery (Drilled),Jan 1986,,8,26,
1043,Orpheus,"Tanzania, United Republic of",Tanga Block,n/a,Bright Spot,,,,,
1285,Orpheus (Ireland),Ireland,SEL 1/07,n/a,Bright Spot,,,,,
324,Orquidea,Angola,17,Oil,Under Development,Sep 1999,,1197,3950,
271,Orthrus,Australia,WA-267-P,Gas,Under Development,Oct 1999,,1200,3960,
1872,Oryx,South Africa,Block 9,Oil,Producing,Jan 1988,Jan 2000,150,495,
479,Oseberg,Norway,"30/6, 30/9",Oil/Gas,Producing,Sep 1979,Dec 1988,100,330,
479,Oseberg Delta,Norway,"PL053, PL079, 30/6",Oil,Producing,,Mar 2008,102,337,
479,Oseberg Delta 2,Norway,"PL079, 30/9",Oil,Under Development,,,110,363,
479,Oseberg East,Norway,30/6,Oil,Producing,Aug 1981,May 1999,160,528,
479,Oseberg South,Norway,30/9,Oil,Producing,Mar 1984,Sep 2000,100,330,
479,Oseberg Vestflanken,Norway,30/6,Oil,Producing,,Jan 2006,,,
433,Oselvar,Norway,PL 274,Oil/Gas,Producing - Under Dev.,,,72,238,
892,Osorno,Brazil,BM-C-41,Oil,Discovery (Drilled),Mar 2011,,136,449,
1149,Osprey,UK,211/23a,Oil,Producing,,Jan 1991,,,
365,Ostra,Brazil,Block BC-10,Oil/Gas,Producing,,Jul 2009,,,
822,Otter,UK,"210/15a, 210/20d",Oil,Producing,,Oct 2002,182,601,
295,Oveng,Equatorial Guinea,Block G,Oil,Producing,Jun 2001,Dec 2006,273,901,
767,Ovoka (Mu),Gabon,Etame Marin Permit,n/a,Non-Commercial,,,60,198,
430,Owl Creek (aka Owls Nest ),US,Green Canyon 861,Oil/Gas,Bright Spot,,,1603,5290,Y
1167,Owowo,Nigeria,OPL 223,Oil,Discovery (Drilled),Jun 2009,,670,2211,
488,Oyo,Nigeria,"OML 120, 121",Oil,Producing,Jan 1995,Dec 2009,410,1353,
850,Oyong,Indonesia,Sampang Production Sharing Contract,Gas,Producing,Jan 2001,Sep 2007,45,149,
139,Ozona Deep,US,Garden Banks 515,Oil,Under Development,Nov 2001,,1000,3300,Y
1871,Paddavissie,South Africa,11B/12B,n/a,Bright Spot,,,1000,3300,
1630,Padouck Deep,Gabon,Ntsina Marin,n/a,Non-Commercial,,,835,2756,
1869,Pailin,Thailand,B12/27,Gas,Producing,Jan 1990,Jan 1999,58,191,
1390,Paladio,Angola,Block 18,Oil/Gas,Producing,,Jan 2007,1450,4785,
1542,Palmerston (WA-155-P Part II),Australia,"WA-320-P, WA-155-P (Part II)",n/a,Bright Spot,,,,,
1542,Palmerston (WA-320-P),Australia,"WA-320-P, WA-155-P (Part II)",n/a,Bright Spot,,,,,
1432,Palta,Australia,"WA-384-P (Shell) , WA-460-P (Strike)",n/a,Non-Commercial,,,1350,4455,
1824,Pandora,Papua New Guinea,PRL 38,Gas,Discovery (Drilled),Jan 1988,,110,363,
1364,Panna,India,,Oil/Gas,Under Development,,,45,149,
714,Panoramix,Brazil,Block BM-S-48,Gas,Discovery (Appraised),Jun 2009,,170,561,
1251,Panyu 30-1,China,PY 30-1,Gas,Producing,,Mar 2009,200,660,
1251,Panyu 4-2,China,15/34,Oil,Producing,Jan 1998,Oct 2003,97,320,
1251,Panyu 5-1,China,15/34,Oil,Producing,Jan 1998,Oct 2003,110,363,
1106,Pao de Acucar,Brazil,BM-C-33,Oil,Discovery (Drilled),Mar 2012,,2800,9240,
1182,Papa,"Tanzania, United Republic of",Block 3,Gas,Discovery (Drilled),Aug 2012,,3000,9900,
568,Papa Terra,Brazil,BC-20,Oil/Gas,Producing,Jan 2003,Nov 2013,1200,3960,
749,Papyrus,Egypt,West El Burullus Concession,Gas,Discovery (Drilled),Feb 2010,,20,66,
935,Paradise,Ghana,Deepwater Tano/Cape Three Points license,Oil,Discovery (Drilled),May 2011,,1840,6072,
1627,Paraiso,Nicaragua,Tyra Concession,n/a,Non-Commercial,,,372,1228,
131,Pardner,US,"Mississippi Canyon 400, 401",Oil,Producing,Dec 2001,Jun 2003,347,1145,Y
1096,Parmer,US,Green Canyon 823 / Green Canyon 867,Gas,Discovery (Drilled),Aug 2012,,1158,3821,Y
282,Parque das Baleias (Whales Park),Brazil,,Oil,Producing,,Mar 2014,1300,4290,
1490,Partagas,US,Main Pass 105,n/a,Bright Spot,,,15,50,Y
610,Pateke,New Zealand,PMP 38158,Oil,Producing - Under Dev.,,,124,409,
1439,Pathum,Thailand,G3/48,n/a,Non-Commercial,,,45,149,
1350,Pawikan,Philippines,SC 54B,n/a,Bright Spot,,,,,
1719,Peciko,Indonesia,Mahakam Block,Oil/Gas,Producing,Jan 1983,Oct 2000,90,297,
1695,Pegaga,Malaysia,SK320,Gas,Discovery (Drilled),Nov 2013,,108,356,
116,Pegasus,US,Green Canyon 385,Oil,Producing,May 2005,Dec 2008,1063,3508,Y
1284,Pegasus (Ireland),Ireland,SEL 1/07,n/a,Bright Spot,,,,,
869,Pegi,Nigeria,OML 104,Gas,Discovery (Drilled),Mar 2009,,96,317,
957,"Peking Duck, 7/11-12 S",Norway,"7/11, PL 301 CS",Gas,Discovery (Drilled),Jul 2011,,70,231,
1461,Pelikan,Indonesia,Natuna Sea Block A,Gas,Under Development,Jan 2000,,80,264,
1371,Peluang,Indonesia,Madura Offshore PSC,Gas,Producing,Feb 2009,Mar 2014,57,188,
1858,Penara,Malaysia,PM318,Gas,Producing,Jun 1992,Jan 2004,60,198,
336,Peng Lai 19-3,China,11/05,Oil,Producing - Under Dev.,May 1999,,23,76,
336,Peng Lai 19-9,China,11/05,Oil,Under Development,Jun 2003,,23,76,
336,Peng Lai 25-6,China,11/05,Oil,Under Development,May 2000,,23,76,
131,Penn State,US,Garden Banks 216,Oil/Gas,Producing,Dec 1997,Jul 1999,432,1426,Y
485,Peon,Norway,"PL 318, 269, Block 35/2",Gas,Discovery (Appraised),Aug 2005,,384,1267,
924,Peregrine (Pink),UK,20/1S,Oil,Under Development,Jul 2008,,95,314,
432,Peregrino,Brazil,BM-C-7,Oil,Producing - Under Dev.,,,120,396,
432,Peregrino South,Brazil,"BMC-7, BMC-47",Oil,Appraisal Drilling,Apr 2011,,100,330,
543,Perla,Venezuela,Cardon IV,Gas,Under Development,Sep 2009,,60,198,
773,Pero,Brazil,BM-C-40,Gas,Discovery (Drilled),Aug 2010,,104,343,
326,Perpetua,Angola,17,Oil,Producing,Aug 2000,Aug 2011,795,2624,
117,Perseus,US,Viosca Knoll 830,Oil/Gas,Producing,Jul 2003,May 2005,1116,3683,Y
1129,Perth,UK,"P588, 15/21a",Oil,Under Development,,,127,419,
347,Pescado,US,,Oil/Gas,Producing,,Jan 1993,,,Y
1816,Petai,Malaysia,Block G,Oil,Producing,Jan 2007,Feb 2014,1341,4425,
1080,Petrel,Australia,"NT/RL1, WA-6-R",Gas,Discovery (Appraised),Jan 1969,,,,
1146,Petronella,UK,14/20,n/a,Producing,,Jan 1986,138,455,
117,Petronius,US,Viosca Knoll 786,Oil/Gas,Producing,Dec 1995,Jul 2000,535,1766,Y
1651,Pharos,UK,"P1566, 47/4d, 47/5d",Gas,Discovery (Drilled),Nov 2013,,38,125,
1213,Phinisi,US,"Walker Ridge 675, 719",Oil/Gas,Bright Spot,,,2084,6877,Y
1501,Phobos,US,"SE 39, 40",Oil,Discovery (Drilled),Apr 2013,,2582,8521,Y
607,Phoenix,US,"Green Canyon 236, 237",Oil/Gas,Producing,Oct 1984,Oct 2010,640,2112,Y
1323,Phoenix (WA-435-P),Australia,WA-435-P,Gas,Discovery (Drilled),Jan 1980,,140,462,
1323,Phoenix South,Australia,WA-435-P,Gas,Bright Spot,,,139,459,
986,"Phoenix, 6608/11-7 S",Norway,"PL 559, 6608/10, 6608/11,",n/a,Non-Commercial,,,,,
1257,Pickerill,UK,48/11,Gas,Producing,,Aug 1992,24,79,
1028,Pict,UK,21/23,Oil,Producing,Jan 1982,Jun 2005,84,277,
1555,Pierce,UK,"P111 23/22a, 23/17a",Oil/Gas,Producing,Mar 1976,Feb 1996,85,281,
1640,Pil,Norway,"PL586: 6406/11, 6406/12",Oil/Gas,Discovery (Drilled),Mar 2014,,324,1069,
293,Piltun-Astokhskoye,Russian Federation,,Oil,Producing,Jan 1986,Jul 1999,30,99,
1330,Pinnacles,Israel,,Gas,Producing,May 2012,Jun 2012,,,
782,Pipeline,Brazil,BM-C-41,Oil/Gas,Discovery (Appraised),Nov 2009,,130,429,
1478,Piracaba (Sidon),Brazil,BM-S-40,Oil,Producing - Under Dev.,Sep 2008,,250,825,
715,Piracuca,Brazil,BM-S-7,Oil/Gas,Discovery (Appraised),Apr 2009,,200,660,
1348,Piranema,Brazil,BM-SEAL-10,Oil/Gas,Producing,,Oct 2007,1600,5280,
1740,Pitu,Brazil,BM-POT-17,Oil,Discovery (Drilled),Dec 2013,,1731,5712,
1013,Platong,Thailand,"Blocks 10, 10A, 11, 11A",Gas,Producing - Under Dev.,,Oct 1981,70,231,
589,Platypus,UK,"48/1a and 48/1c, P1242",Gas,Discovery (Appraised),Apr 2010,,43,142,
253,Plutao,Angola,Block 31,Oil,Producing - Under Dev.,Sep 2002,,2020,6666,
377,Pluto,Australia,"WA-350-P, WA-34-L",Gas,Producing,,Apr 2012,976,3221,
1390,Plutonio,Angola,Block 18,Oil/Gas,Producing,,Jan 2007,1450,4785,
1244,Pohokura,New Zealand,PEP 38154,Oil/Gas,Producing,,Sep 2006,30,99,
587,Poinsettia,Trin. & Tobago,NCMA,Gas,Producing,Oct 2004,Feb 2009,158,521,
1283,Polaris,Ireland,"PL 5/10, P1885",n/a,Bright Spot,,,,,
1535,Polecat,UK,"20/4a, 20/9a",n/a,Appraisal Drilling,Jan 2005,,114,376,
1512,Polvo,Brazil,BM-C-8,Oil,Producing,Jan 2004,Dec 2007,85,281,
162,Pompano,US,Viosca Knoll 989,Oil/Gas,Producing,May 1981,Apr 1996,396,1307,Y
271,Pontus,Australia,WA-37-L,Gas,Discovery (Drilled),Jul 2012,,210,693,
128,Pony,US,Green Canyon 468,Oil,Under Development,Nov 2006,,1044,3445,Y
405,Poseidon,Australia,WA-398-P,Gas,Discovery (Appraised),May 2009,,480,1584,
405,Poseidon North,Australia,WA-315-P,n/a,Exploratory Drilling,,,,,
1781,Possum,UK,"P1242, P1594: 48/1a, 48/5b, 48/1c",n/a,Bright Spot,,,,,
131,Power Play,US,"Garden Banks 258, 302",Oil/Gas,Producing,Dec 2006,Jun 2008,706,2330,Y
494,Prelude,Australia,WA-44-L,Gas,Under Development,Jan 2007,,,,
186,Prince,US,"Ewing Bank 958, 1003",Oil/Gas,Producing,Jul 1994,Sep 2001,454,1498,Y
149,Princess,US,"Mississippi Canyon 765, 766",Oil/Gas,Producing,May 2000,Nov 2002,1113,3673,Y
1360,Prinos,Greece,Prinos Development Area,Oil/Gas,Producing,,Jan 1981,,,
1682,Prirazlomnoye,Russian Federation,,Oil,Producing,Jan 1989,Dec 2013,20,66,
1151,Proteus,Australia,WA-398-P,Gas,Discovery (Drilled),Aug 2013,,500,1650,
1521,Pryderi,Australia,WA-424-P,n/a,Bright Spot,,,80,264,
1616,Pudsorn,Thailand,G2/48,n/a,Bright Spot,,,,,
337,Puffin,Australia,AC/P 22,Oil,Producing,Jan 1974,Oct 2007,103,340,
1859,Puteri,Malaysia,PM318,Oil,Producing,Jan 2005,Sep 2008,61,201,
883,Pweza,"Tanzania, United Republic of",Block 4,Gas,Appraisal Drilling,Oct 2010,,1400,4620,
419,Pyrenees,US,Garden Banks 293,Oil/Gas,Producing,Jun 2009,Feb 2012,640,2112,Y
469,Pyrrho,US,"Green Canyon 563, 564",Oil/Gas,Bright Spot,,,1274,4204,Y
121,Q,US,Mississippi Canyon 961,Gas,Producing,May 2005,Oct 2007,2416,7973,Y
417,QHD 32-6,China,QHD 32-6,Oil,Producing,,Oct 2001,20,66,
503,QHD35-4,China,Qinhuangdao,Oil/Gas,Discovery (Drilled),Aug 2009,,26,86,
417,Qinhuangdao 33-1,China,QHD 33-1,Oil,Producing,,Jun 2009,21,69,
120,Quatrain,US,Green Canyon 382,Oil,Producing,Sep 2002,Apr 2005,1014,3346,Y
1491,Quinteros,US,Main Pass 268,n/a,Bright Spot,,,59,195,Y
834,Rachel,Falkland Islands (Malvinas),Tranche D,n/a,Non-Commercial,,,,,
834,Rachel North,Falkland Islands (Malvinas),Tranche D,n/a,Non-Commercial,,,,,
377,Ragnar,Australia,WA-430-P,Gas,Discovery (Drilled),Jan 2012,,,,
188,Ram Powell,US,"Viosca Knoll 911, 912, 955, 956, 957",Oil/Gas,Producing,May 1985,Sep 1997,980,3234,Y
515,Ramadan,Egypt,,Oil/Gas,Producing,Jan 1974,Jan 1980,,,
1624,Ramble On,Australia,AC/P51,n/a,Bright Spot,,,,,
1708,Rang Dong,Viet nam,15-2,Oil,Producing,Jun 1994,Aug 1998,60,198,
163,Raptor,US,East Breaks 668,Gas,Producing,Sep 2003,Jun 2004,1131,3732,Y
1372,Ratnadewi,Indonesia,Lhokseumawe,n/a,Non-Commercial,,,,,
1767,Ratu Gajah,Indonesia,Natuna Sea Block A,n/a,Exploratory Drilling,,,80,264,
750,Rau,Denmark,"5604/23, 24, 27; PL 7/06",Oil,Discovery (Drilled),May 2007,,63,208,
338,Ravensworth,Australia,"WA-42 L, WA-43, L",Oil/Gas,Producing,Jul 2003,Sep 2010,210,693,
956,Ravn,Denmark,PL 5/06,Oil,Discovery (Appraised),Jul 1986,,48,158,
1668,Raya,Peru,Block Z-1,n/a,Bright Spot,,,60,198,
1570,Rayong,Thailand,G4/50,n/a,Non-Commercial,,,,,
460,Red Dog,US,"DeSoto Canyon 578, 622",Gas,Bright Spot,,,2510,8283,Y
173,Red Hawk,US,Garden Banks 877,Gas,Abandoned (Ex-Producer),Oct 2001,Jul 2004,1615,5330,Y
1140,Refugio,US,"Atwater Valley 76, 120",Oil,,Jun 2012,,2362,7795,Y
673,Reindeer,Australia,Carnarvon Basin WA-209-P,Gas,Producing,Oct 1997,Dec 2011,65,215,
919,Remy,Australia,WA-404-P,Gas,Discovery (Appraised),Nov 2010,,,,
1764,Rengas,Malaysia,PM307,n/a,Bright Spot,,,70,231,
771,Rev,UK,15/12,Oil/Gas,Producing,Sep 2001,Jun 2009,87,287,
1453,Rhum,UK,3/29,Gas,Suspended,Jan 1977,Dec 2005,109,360,
1158,Rhyl,UK,"P1483, 113/27b",Gas,Producing,Dec 2009,Apr 2013,27,89,
496,Rickenbacker (aka Dunkirk),US,Keathley Canyon 470,Oil/Gas,Non-Commercial,,,1853,6115,Y
1792,Rijn,Netherlands,P15a,Oil,Producing,Apr 1982,Jan 2011,26,86,
198,Rimfaks,Norway,PL050: 34/10,Oil/Gas,Producing,,Feb 1999,,,
1142,Ringhorne East,Norway,25/8,Oil/Gas,Producing,Sep 2003,Mar 2006,130,429,
1429,Roar,Denmark,5504/7,Oil/Gas,Producing,,Jan 1996,46,152,
1332,Roc,Australia,WA-437-P,Gas,Bright Spot,,,100,330,
623,Rockhopper,Australia,T/18P,Gas,Discovery (Drilled),Jan 2010,,,,
642,Rocky Mountain,US,"Mississippi Canyon 693, 737",Oil,Bright Spot,,,1839,6069,Y
1256,Rodriguez,Norway,"6407/1, PL475",Gas,Discovery (Drilled),Jan 2013,,291,960,
1431,Rolf,Denmark,"5504/14, 5504/15",Oil/Gas,Producing,Jan 1981,Jan 1986,34,112,
1717,Romney,New Zealand,PEP38451,n/a,Non-Commercial,,,,,
901,Ronaldo,Norway,"PL 434, 6507/8",n/a,Non-Commercial,,,329,1086,
348,Roncador,Brazil,,Oil/Gas,Producing - Under Dev.,Oct 1996,,1900,6270,
247,Rosa,Angola,17,Oil,Producing,Apr 1996,Jun 2007,1350,4455,
783,Rose,UK,47/10,n/a,Producing,,Jan 2004,27,89,
413,Rosebank,UK,"P1026: 205/1, 213/27, 213/26",Oil,Under Development,Aug 2004,,1128,3722,
1857,Rosmari,Malaysia,SK318,Gas,Discovery (Drilled),Apr 2014,,157,518,
319,Ross,UK,"UKCS 13/28a, 13/28c and 13/29a",Oil,Producing,Oct 1981,Apr 1999,110,363,
1114,Rosscarbery,Ireland,"License 5/07; 48/17, 48/18,48/19, 48/22 and 48/24",n/a,Bright Spot,,,100,330,
1892,Rossukon,Thailand,G6/48,Oil,Discovery (Drilled),Oct 2009,,60,198,
1272,Rua Bien,Viet nam,Block 120,n/a,Bright Spot,,,1100,3630,
1290,Ruby,Egypt,West Mediterranean Deep Water Concession,Gas,Under Development,Jan 2002,,200,660,
1373,Ruby (Indonesia),Indonesia,Sebuku PSC,Gas,Producing,,Nov 2013,60,198,
1093,Ruru,New Zealand,PEP 381203,Gas,Drilled (Status Unknown),,,,,
198,Rutil,Norway,"PL050, 34/10",Gas,Under Development,,,137,452,
1204,Sabia,Brazil,BM-S-72,n/a,Drilled (Status Unknown),,,200,660,
991,Sabu,Guinea,Offshore Guinea (Deepwater),n/a,Drilled (Status Unknown),,,700,2310,
347,Sacate,US,,Oil/Gas,Producing,,Jan 1999,,,Y
602,Saffron,Egypt,WDDMC,Gas,Producing,Jan 1998,Mar 2003,850,2805,
1166,Sage,Australia,WA-254-P,Oil,Discovery (Drilled),Jan 1999,,,,
1231,Sainampueng,Thailand,G2/48,n/a,Exploratory Drilling,,,,,
1562,Sake,US,De Soto Canyon 726,n/a,Bright Spot,,,1087,3587,Y
1653,Salamat,Egypt,North Damietta Concession,Gas,Discovery (Drilled),Sep 2013,,649,2142,
1494,Saleen,US,South Timbalier 238,n/a,Bright Spot,,,49,162,Y
1219,Salina,Norway,PL 533,Gas,Discovery (Drilled),Oct 2012,,341,1125,
998,Salmon,Egypt,North El Burg Concession,Gas,Discovery (Drilled),Oct 2011,,87,287,
923,Salvador,Brazil,BM-S-58,Gas,Discovery (Drilled),May 2011,,150,495,
694,Sambuca,Italy,"Kerkouane, Pantelleria Permits",n/a,Bright Spot,,,,,
1356,Sampaguita,Philippines,SC72 (Recto Bank),n/a,Drilled (Status Unknown),,,,,
1228,Samuel,Israel,Samuel License,n/a,Bright Spot,,,,,
130,Samurai,US,"Green Canyon 432, 476",Oil/Gas,Discovery (Drilled),Jun 2009,,1037,3422,Y
121,San Jacinto,US,"DeSoto Canyon 618, 619",Gas,Producing,May 2004,Nov 2007,2392,7894,Y
1662,San Marcos,US,Mississippi Canyon 983,n/a,Non-Commercial,,,4326,14276,Y
333,Sangos,Angola,Block 15/06,Oil,Discovery (Drilled),May 2008,,1349,4452,
1134,Sangu,Bangladesh,Block 16,Gas,Abandoned (Ex-Producer),,Jan 1996,,,
546,Sankofa,Ghana,Offshore Cape Three Points,Oil/Gas,Discovery (Appraised),Sep 2009,,866,2858,
546,Sankofa East,Ghana,Offshore Cape Three Points,Oil/Gas,Discovery (Appraised),,,914,3016,
126,Santa Cruz (Galapagos),US,"Mississippi Canyon 519 (Well #1), 563",Gas,Producing,Mar 2009,Jun 2012,1981,6537,Y
790,Santa Helena,Brazil,BM-C-41,Oil,Discovery (Drilled),Sep 2010,,130,429,
126,Santiago (Galapagos),US,Mississippi Canyon 519 (Well #2),Oil/Gas,Producing,May 2011,Jun 2012,1982,6541,Y
823,Sapele,Cameroon,MLHP-5,Oil,Appraisal Drilling,Feb 2011,,70,231,
1132,Sapele (Ghana),Ghana,Deepwater Tano License,n/a,Bright Spot,,,,,
536,Sapinhoa (Guara),Brazil,BM-S-9,Oil/Gas,Producing - Under Dev.,Aug 2008,,2141,7065,
788,Sappho,Australia,WA-392-P,Gas,Discovery (Drilled),Jun 2010,,,,
1331,Sara,Israel,"Sara License, Block 348",Oil/Gas,Drilled (Status Unknown),,,,,
1000,Satis,Egypt,North El Burg Concession,Gas,Discovery (Drilled),Jan 2008,,90,297,
253,Saturno,Angola,Block 31,Oil,Producing - Under Dev.,Jul 2003,,1804,5953,
271,Satyr,Australia,WA-374-P,Gas,Discovery (Appraised),Dec 2009,,1070,3531,
1655,Savannah,Sierra Leone,SL-5-11,Oil,Discovery (Drilled),Oct 2013,,2000,6600,
578,Savonette,Trin. & Tobago,Block EM,Gas,Producing,Dec 2004,Oct 2009,88,290,
639,Saxi,Angola,Block 15,Oil,Producing,,Aug 2008,732,2416,
1028,Saxon,UK,21/23,Oil,Producing,Jan 2005,Sep 2007,86,284,
1700,Scapa,UK,14/19,Oil,Producing,Jul 1975,Jun 1984,120,396,
602,Scarab,Egypt,WDDMC,Gas,Producing,Jan 1998,Mar 2003,850,2805,
1472,Scarborough,Australia,WA-1-R,Gas,Discovery (Drilled),Jan 1979,,900,2970,
1308,Scarecrow,Norway,"PL510,",n/a,Bright Spot,,,280,924,
627,Schiehallion,UK,"P556, 204, 205",Oil,Producing - Under Dev.,Jan 1993,Jul 1998,400,1320,
1882,Schooner,UK,"43/30a, 44/26a",Gas,Producing,Jan 1987,Oct 1996,73,241,
1739,Scolty,UK,P1107: 21/8,Oil,Discovery (Drilled),Nov 2007,,104,343,
1473,Scotia,Falkland Islands (Malvinas),31/12,n/a,Exploratory Drilling,,,1800,5940,
1333,Scotney,UK,"20/5b, P1658",n/a,Non-Commercial,,,113,373,
1693,Scott,UK,"P218: 15/21a, 15/22",Oil,Producing,Dec 1983,Sep 1993,142,469,
1493,Screwdriver,US,South Timbalier 222,n/a,Bright Spot,,,46,152,Y
709,Sea Lion,Falkland Islands (Malvinas),"PL032, PL033",Oil,Discovery (Appraised),May 2010,,,,
1222,Sea Lion (3D Oil),Australia,VIC/P57,n/a,Bright Spot,,,,,
1540,Selene,UK,"P1734, 48/8c",n/a,Bright Spot,,,,,
602,Sequoia,Egypt,Rosetta and West Delta Deep Marine Concessions,Gas,Producing,,Aug 2009,570,1881,
1886,Serai,Indonesia,Semai II,n/a,Bright Spot,,,70,231,
980,Seraph,Australia,WA-3-L,Gas,Discovery (Drilled),Oct 2011,,82,271,
1374,Serdj,Tunisia,Halk el Menzel Concession,n/a,Bright Spot,,,76,251,
139,Serrano,US,"Garden Banks 472, 516",Gas,Producing,Jul 1996,Dec 2001,1036,3419,Y
1440,Serrette,Trin. & Tobago,Sammaan Block,Gas,Producing,,Aug 2011,90,297,
1343,Seth,Egypt,Ras El Barr concession,Gas,Producing,,Jun 2012,80,264,
1229,Seth South,Egypt,North El Burg Concession,Gas,Discovery (Drilled),Aug 2012,,78,257,
1159,Setu,Nigeria,OML 112,Oil/Gas,Producing,Jan 2002,Jun 2008,14,46,
1377,Seven Heads,Ireland,"40/24, EL1/11",Gas,Producing,,Jan 2003,100,330,
963,Seven Seas,UK,"Block 48/7c, P1354",Gas,Under Development,Dec 2007,,,,
1445,Severn,UK,"P1726, 43/17a, 43/18a",n/a,Bright Spot,,,,,
1775,Seychelles/Maldives,Norway,PL749: 6306/4,n/a,Bright Spot,,,,,
771,Seymour,UK,22/5,Oil,Producing,May 1983,Mar 2003,88,290,
415,Shah Deniz,Azerbaijan,,Gas,Producing - Under Dev.,Jan 1999,,600,1980,
1855,Shango,Norway,"PL627: 25/5, 25/6, 25/8, 25/9",n/a,Bright Spot,,,,,
1161,Shannon,Ireland,11/12,n/a,Drilled (Status Unknown),,,300,990,
1402,Shaw,UK,22/22a,Oil,Under Development,Jul 2009,,,,
375,Shelley,UK,22/2,Oil/Gas,Abandoned (Ex-Producer),Feb 1984,Aug 2009,,,
375,Shelley North,UK,PL 1260 - Block 22/02,Oil,Drilled (Status Unknown),,,104,343,
743,Shenandoah,US,"Walker Ridge 52, 51",Oil,Appraisal Drilling,Feb 2009,,1772,5848,Y
133,Shenzi,US,Green Canyon 609,Oil/Gas,Producing - Under Dev.,Dec 2002,,1341,4425,Y
1248,Sheryl,UK,Block 21/23a,Oil,Discovery (Appraised),May 2006,,,,
1203,Shimshon,Israel,Shimshon,Gas,Discovery (Drilled),Jul 2012,,1104,3643,
1033,Shoal Point,Canada,EL 1070,n/a,Non-Commercial,,,,,
476,Shtokman,Russian Federation,,Gas,Under Development,Jan 1988,,340,1122,
1790,Shwe,Myanmar,A1,Gas,Under Development,Jan 2004,,110,363,
1790,Shwe Phyu,Myanmar,A1,Gas,Under Development,Jan 2005,,1100,3630,
1816,Siakap North,Malaysia,Block K,Oil,Producing,Jun 2009,Feb 2014,1311,4326,
1484,Sifaka,Madagascar,Ampasindava Block,n/a,Bright Spot,,,1800,5940,
203,Sigyn,Norway,16/7,Gas,Producing,Dec 1982,Dec 2002,70,231,
1163,Silenus,Equatorial Guinea,Block R,n/a,Exploratory Drilling,,,,,
1890,Siluro,Colombia,RC-11,n/a,Bright Spot,,,90,297,
1722,Silverback,Ireland,LO57,n/a,Bright Spot,,,100,330,
125,Silvertip,US,Alaminos Canyon 815,Oil/Gas,Under Development,Oct 2004,,2812,9280,Y
1635,Singa Laut,Indonesia,Tuna Block,n/a,Bright Spot,,,118,389,
1737,Sintok,Malaysia,SK320,Gas,Discovery (Drilled),Dec 2013,,,,
561,Siri,Denmark,5604/20,Oil,Suspended,Dec 1995,Jan 1999,60,198,
571,Sivulliq,US,Flaxman Island Lease Block 6658,n/a,Bright Spot,,,,,Y
928,Skalle,Norway,"7120/1, 7120/2, 7120/3, 7120/4, 7120/5, 7120/6",Gas,Discovery (Drilled),Jul 2011,,327,1079,
601,Skardkollen,Norway,"PL 408, Block 15/9",n/a,Non-Commercial,,,84,277,
1155,Skarfjell,Norway,PL 418: 35/9,Oil,Discovery (Appraised),Apr 2012,,377,1244,
373,Skarv,Norway,"6507/2, 6507/3, 6507/5, 6507/6",Oil/Gas,Producing,May 1998,Dec 2012,450,1485,
979,"Skaugumsasen, 6508/1-2",Norway,6508/1,Oil/Gas,Discovery (Drilled),Sep 2011,,390,1287,
1674,Skavl,Norway,PL532: 7220/7,Oil/Gas,Discovery (Drilled),Dec 2013,,349,1152,
1779,Skerryvore,UK,"P2082: 30/12c, 30/13c, 30/18c",n/a,Bright Spot,,,,,
198,Skinfaks,Norway,PL050: 34/10,Oil/Gas,Producing,,Jan 2007,,,
1698,Skirne,Norway,PL102/102E: 25/5,Gas,Producing,Mar 1990,Mar 2004,120,396,
1431,Skjold,Denmark,5504/16,Oil/Gas,Producing,Jan 1977,Jan 1982,40,132,
335,Skua,Australia,AC/P 34,Oil,Under Development,,,77,254,
374,Sleipner East,Norway,15/9,Gas,Producing,Jul 1981,Jun 1998,82,271,
374,Sleipner West,Norway,"15/6, 15/9",Oil/Gas,Producing,Dec 1974,Aug 1996,110,363,
357,Smorbukk North,Norway,"PL479, 6506/9",Gas,Discovery (Drilled),Aug 2013,,302,997,
357,Smorbukk North East,Norway,,Gas,Under Development,,,300,990,
357,Smorbukk South,Norway,"P094B, 6506/12",Oil/Gas,Under Development,Jan 1985,,301,993,
373,Snadd North,Norway,"PL 212, 6507/5",Gas,Discovery (Drilled),Jun 2010,,325,1073,
373,Snadd Outer,Norway,PL 212,n/a,Bright Spot,,,364,1201,
802,Snefrid South,Norway,6706/12-1,Gas,Discovery (Drilled),Aug 2008,,1265,4175,
1667,Snilehorn,Norway,"PL348, 6407/8",Oil,Discovery (Drilled),Nov 2013,,282,931,
223,Snohvit,Norway,"7120/6, 7120/7, 7120/8, 7120/9, 7121/4, 7121/5, 71",Gas,Producing,Oct 1984,May 2007,340,1122,
204,Snorre,Norway,"34/4, 34/7",Oil/Gas,Producing,Dec 1979,Aug 1992,350,1155,
1253,SOB 2,US,Mississippi Canyon 387,Oil,Under Development,,,1958,6461,Y
1113,Solan,UK,"P.164, 205/26a",Oil,Under Development,Jan 1991,,135,446,
1626,Solberg,Norway,"PL475, 6407/1",Gas,Discovery (Drilled),Apr 2014,,300,990,
872,"Soleie, 35/1-2",Norway,"35/1, PL 269",n/a,Non-Commercial,,,409,1350,
924,Solitaire,UK,14/26a,Oil/Gas,Under Development,,,114,376,
1271,Song Ca,Viet nam,Block 105,n/a,Bright Spot,,,80,264,
332,Songkhla,Thailand,Block G5/43,Oil,Producing - Under Dev.,,,,,
1412,Songo Songo,"Tanzania, United Republic of",Songo Songo PSC,Gas,Producing,,Jul 2004,,,
1412,Songo Songo West,"Tanzania, United Republic of",Songo Songo PSC,Gas,Bright Spot,,,35,116,
776,South Arne,Denmark,"5604/29, 5604/30, PL 789",Oil/Gas,Producing,Jan 1969,Jan 2001,60,198,
378,South Chestnut,UK,"P354, 22/2a",Oil,Producing,,Feb 2009,120,396,
141,South Deimos,US,Mississippi Canyon 762,n/a,Producing,Feb 2010,Feb 2014,946,3122,Y
1148,South East Tor,Norway,"2/5, PL 006C",Oil,Discovery (Appraised),Jun 1972,,67,221,
1361,South Kavala,Greece,,Gas,Producing,,Jan 1981,51,168,
1317,South Kecapi,Indonesia,Bontang PSC,Oil/Gas,Discovery (Drilled),Feb 2013,,388,1280,
605,South Kneler,Norway,"25/4, PL 203",Gas,Discovery (Drilled),Dec 2009,,126,416,
1463,South Morecambe,UK,"P153, 110/02",Gas,Producing,Sep 1974,Jan 1985,32,106,
284,South Pars,Iran,,Gas,Producing - Under Dev.,,,70,231,
1134,South Sangu,Bangladesh,Block 16,Gas,Under Development,Jan 2000,,,,
1831,South Tano,Ghana,Shallow Water Tano,Oil/Gas,Appraisal Drilling,Jan 1978,,90,297,
767,South Tchibala,Gabon,Etame Marin Permit,Oil,Producing,,Jan 2007,137,452,
776,South Tor Pod,Denmark,7/89,Oil,Discovery (Drilled),Aug 2008,,55,182,
492,South Venture,Canada,,Gas,Producing,,Dec 2004,23,76,
314,South White Rose Extension,Canada,Grand Banks territory,Oil,Under Development,,,,,
175,Southeast Tahoe,US,Viosca Knoll 784,Oil/Gas,Producing,Mar 1996,Oct 1996,500,1650,Y
1620,Southern Cross,US,Southern Cross Unit,n/a,Bright Spot,,,15,50,Y
1794,Southwest Fateh,UAE,,Oil,Producing,Jan 1970,Jan 1971,50,165,
1377,Southwest Kinsale,Ireland,"48/20, 48/25",Gas,Producing,,Jan 1999,100,330,
1536,Spaniards,UK,"15/21g, 15/21a",n/a,Appraisal Drilling,Jan 1989,,,,
1124,Spanish Point,Ireland,"FEL 2/04, FEL 4/08",Gas,Discovery (Drilled),Jan 1981,,400,1320,
1242,Spaoh,Malaysia,Block SK306,Oil/Gas,Appraisal Drilling,Dec 2010,,,,
839,Spar,Australia,WA-45-L,Gas,Under Development,Jan 1976,,90,297,
1011,Spartacus,US,Walker Ridge 793,n/a,Non-Commercial,,,2136,7049,Y
121,Spiderman,US,"DeSoto Canyon 620, 621",Gas,Producing,Nov 2003,Nov 2007,2700,8910,Y
544,Spikey Beach-1,Australia,T/38P,Oil,Non-Commercial,,,75,248,
886,Spinell Sor,Norway,6407/4,n/a,Non-Commercial,,,221,729,
1225,Spinnaker,UK,206/04a,n/a,Exploratory Drilling,,,,,
465,Spitfire,US,East Breaks 581,Oil,Bright Spot,,,1017,3356,Y
340,St. Malo,US,Walker Ridge 678,Oil,Under Development,Oct 2003,,640,2112,Y
321,Stag,Australia,Wa-15-L,Oil,Producing,Jun 1993,May 1998,49,162,
559,Starfish,Trin. & Tobago,ECMA Blocks E and 5(a),Gas,Under Development,Dec 1998,,130,429,
208,Statfjord,Norway,"33/12, 33/9, 211/25",Oil/Gas,Producing,Apr 1974,Nov 1979,150,495,
208,Statfjord East,Norway,"33/9, 34/7",Oil,Producing,Nov 1976,Sep 1994,190,627,
208,Statfjord North,Norway,33/9,Oil,Producing,Feb 1977,Jan 1995,290,957,
1184,Stebbing,Falkland Islands (Malvinas),,n/a,Non-Commercial,,,,,
1841,Steel Dragon,Australia,WA-466-P,n/a,Bright Spot,,,,,
1100,Steingeita,Norway,"25/1, PL 460",n/a,Bright Spot,,,102,337,
586,Stella,UK,"P011, 30/6",Oil/Gas,Under Development,Apr 1979,,85,281,
338,Stickle,Australia,WA-42 L,Oil,Producing,May 2004,Mar 2010,195,644,
1099,Stingray,UK,15/13b; P1212,n/a,Non-Commercial,,,,,
832,Stirby,Norway,"PL 341, Block 24/9, 24/11, 24/12",n/a,Non-Commercial,,,115,380,
479,Stjerne (Katla),Norway,PL 104 - 30/9,Oil/Gas,Producing,Mar 2009,Mar 2013,95,314,
350,Stones,US,Walker Ridge 508,Oil,Under Development,May 2005,,2896,9557,Y
1389,Storbarden,Norway,"PL506S, 26/5",n/a,Non-Commercial,,,261,861,
1052,Storebjorn,Norway,7/12,n/a,Non-Commercial,,,,,
633,Storklakken,Norway,"24/3, 25/1, 25/2, PL 460",Oil,Discovery (Drilled),Apr 2010,,,,
710,Storkollen,Norway,"PL 337, Block 15/10, 15/11, 15/12",n/a,Discovery (Appraised),Jan 2010,,,,
1759,Storm,Norway,PL555,n/a,Bright Spot,,,,,
1636,Stroma,UK,P1994; 15/17b,Oil,Discovery (Drilled),Jan 1989,,,,
925,Sturgis,US,Atwater Valley 183,Oil,Discovery (Drilled),Aug 2003,,1128,3722,Y
342,Stybarrow,Australia,WA-32-L,Oil,Producing,Feb 2003,Nov 2007,825,2723,
1704,Su Tu Den NE,Viet nam,15-1,Oil,Producing,Oct 2000,Apr 2010,48,158,
1704,Su Tu Den SW,Viet nam,15-1,Oil,Producing,Oct 2000,Oct 2003,48,158,
1707,Su Tu Nau,Viet nam,15-1,Oil,Under Development,Sep 2005,,,,
1706,Su Tu Trang,Viet nam,15-1,Gas,Producing,Nov 2003,Sep 2012,50,165,
1705,Su Tu Vang,Viet nam,15-1,Oil,Producing,Oct 2001,Oct 2008,50,165,
1829,Suilven,UK,"P974: 204/14, 204/15",Oil/Gas,Discovery (Drilled),Apr 1996,,861,2841,
1692,Suizhong 36-1,China,36-1,Oil,Producing,Jan 1986,Jan 1993,32,106,
1835,Sula Stelkur,Faroe Islands,008,n/a,Bright Spot,,,,,
1765,Sunbird,Kenya,"L10A, L10B",n/a,Discovery (Drilled),Mar 2014,,721,2379,
1806,Sunbird Canyon,Liberia,"LB-08, LB-09",n/a,Bright Spot,,,1300,4290,
1139,Sunrise,Australia,"JPDA 03-19, 03-20, NT/RL2; NT/RL4",Gas,Under Development,Jan 1974,,300,990,
1571,Surin,Thailand,G4/50,Oil,Discovery (Drilled),Aug 2013,,,,
1631,Svale Nord,Norway,"PL128, 6608/10",Oil,Discovery (Drilled),Sep 2013,,375,1238,
1174,Svalin,Norway,"25/11, PL 169",Oil,Under Development,Jul 1992,,120,396,
861,Svaneogle,Norway,"17/6, PL 545",Oil,Discovery (Drilled),Mar 2011,,272,898,
1517,Sverdrup,Norway,"PL330, 6608/2",n/a,Non-Commercial,,,303,1000,
697,SW Shoebill,US,7007,n/a,Bright Spot,,,,,Y
335,Swift/Swallow,Australia,AC/P 34,Oil,Under Development,Apr 2006,,77,254,
176,Swordfish,US,"Viosca Knoll 917, 961, 962",Gas,Producing,Dec 2001,Dec 2007,1370,4521,Y
208,Sygna,Norway,"33/9, 34/7",Oil,Producing,Jul 1996,Aug 2000,300,990,
1607,Sylli,Guinea,Offhore Guinea (Deepwater),n/a,Bright Spot,,,,,
513,"T-Rex, 6406/3-9",Norway,"PL431-6406/2, 6406/3, 6506/12",Oil,Discovery (Drilled),Feb 2012,,290,957,
1664,Taggart,US,"Mississippi Canyon 816, G33178",n/a,Exploratory Drilling,,,1685,5561,Y
127,Tahiti,US,"Green Canyon 640, 641, 596, 597",Oil/Gas,Producing,Apr 2002,May 2009,1219,4023,Y
175,Tahoe,US,"Viosca Knoll 783, 784",Oil/Gas,Producing,Dec 1984,Aug 1996,348,1148,Y
1324,Takula,Angola,Block 0,Oil/Gas,Producing,Jan 1971,Dec 2008,57,188,
337,Talbot,Australia,AC/RL1,Oil/Gas,Under Development,Jan 1989,,105,347,
975,Tallaganda,Australia,"WA-351-P, WA-335-P",Gas,Discovery (Drilled),May 2012,,1141,3765,
459,Tamar,Israel,Matan Block,Gas,Producing,Feb 2009,Apr 2013,1676,5531,
999,Tambora,Brazil,BM-C-41,Oil,Discovery (Appraised),Aug 2011,,130,429,
1179,Tambuata,Brazil,,Oil/Gas,Exploratory Drilling,Jan 2012,,1520,5016,
1448,Tangawizi,"Tanzania, United Republic of",Block 2,Gas,Discovery (Drilled),Mar 2013,,2300,7590,
1060,Tanin,Israel,Alon A,Gas,Discovery (Drilled),Jan 2012,,1555,5132,
1839,Tanjung Baram,Malaysia,SK-15,n/a,Discovery (Drilled),Jul 1995,,,,
1609,Tapendar,Mauritania,C-10,n/a,Non-Commercial,,,,,
1125,Tapir South,Namibia,Northern License 1811A,n/a,Non-Commercial,,,2108,6956,
1385,Tapis,Malaysia,,Oil/Gas,Producing,Jan 1969,Apr 1978,61,201,
1365,Tapti,India,Tapti Daman Block,Gas,Under Development,,,20,66,
926,Tarap,Malaysia,SB303,Gas,Discovery (Drilled),Jul 2011,,70,231,
843,Tarapunga,New Zealand,PEP 38619,n/a,Non-Commercial,,,110,363,
1315,Tarfaya Marin-A,Morocco,Tarfaya Offshore,n/a,Bright Spot,,,200,660,
1146,Tartan,UK,"15/16a, 14/20a",n/a,Producing,,Jan 1981,138,455,
1146,Tartan North Terrace,UK,,n/a,Producing,,Jan 2004,,,
522,Tasta,Norway,"PL 412, 25/5, 25/6, 25/8, 25/9",n/a,Non-Commercial,,,125,413,
1471,Taunton,Australia,"TL/2, TP/7",Gas,Appraisal Drilling,Jan 1991,,20,66,
491,Taurt,Egypt,Ras El Bar Concession,Gas,Producing - Under Dev.,,,100,330,
1229,Taurt North,Egypt,North El Burg,Gas,Discovery (Drilled),Aug 2012,,110,363,
1523,Tayum,Indonesia,Kutai PSC,n/a,Discovery (Drilled),Jul 2013,,200,660,
698,Te Giac Trang (TGT),Viet nam,16-1,Oil/Gas,Producing - Under Dev.,Jan 2003,,45,149,
1245,Te Whatu,New Zealand,PEP 51313,n/a,Bright Spot,,,,,
884,Teak,Ghana,West Cape Three Points,Oil/Gas,Discovery (Appraised),Feb 2011,,868,2864,
1268,Teal,UK,21/25,Oil/Gas,Producing,,Jan 1997,90,297,
1269,Teal South,UK,21/25,Oil/Gas,Producing,,Oct 1996,90,297,
558,Tebe,Angola,Block 31,Oil,Discovery (Drilled),Jul 2009,,1752,5782,
407,Telemark,US,Atwater Valley 63,Oil,Producing - Under Dev.,Feb 2000,,1337,4412,Y
1693,Telford,UK,P185: 15/22,Oil,Producing,Oct 1992,Oct 1996,142,469,
573,Tellus,Norway,16/1,Oil,Under Development,Mar 2011,,111,366,
1442,Telok,Malaysia,,n/a,Producing - Under Dev.,,,70,231,
1387,Tembakau,Malaysia,PM307,Gas,Discovery (Drilled),Nov 2012,,67,221,
1644,Tembo,Kenya,Block L6,n/a,Bright Spot,,,,,
1672,Tende,"Tanzania, United Republic of",East Pande,n/a,Bright Spot,,,,,
1194,Terang,Indonesia,Kangean Block,Gas,Producing,Feb 1980,May 2012,100,330,
1080,Tern,Australia,WA-27-R,Gas,Discovery (Drilled),Jan 1971,,,,
1796,Terne,Norway,PL558: 6507/5,n/a,Bright Spot,,,,,
1618,TGAL (GAL-25),Trin. & Tobago,Galeota License,Oil,Discovery (Drilled),Feb 2014,,,,
492,Thebaud,Canada,,Gas,Producing,Nov 1998,Dec 1999,30,99,
1392,Thelma,UK,16/17,Oil,Producing,Jul 1976,Oct 1996,135,446,
339,Theo,Australia,WA-155-P (WA-35-L),Oil/Gas,Producing,Apr 2006,Feb 2010,380,1254,
969,"Theta North-East, 16/7-10",Norway,"16/7, PL 569",Gas,Discovery (Drilled),Aug 2011,,85,281,
1165,Thistle,Australia,VIC/P23,n/a,Non-Commercial,,,,,
368,Thunder Hawk,US,Mississippi Canyon 734,Oil,Producing,Jun 2004,Jul 2009,1745,5759,Y
129,Thunder Horse,US,"Mississippi Canyon 777, 778, 822",Oil/Gas,Producing,Jul 1999,Dec 2008,1829,6036,Y
129,Thunder Horse North,US,"Mississippi Canyon 775, 776",Oil/Gas,Producing,Jul 2000,Mar 2009,1719,5673,Y
1304,Thylacine,Australia,"T/L3, T/L2",Gas,Producing,Jan 2001,Jun 2006,100,330,
526,Tiber,US,Keathley Canyon 102,Oil,Discovery (Drilled),Sep 2009,,1259,4155,Y
150,Ticonderoga,US,Green Canyon 768,Oil/Gas,Producing,Apr 2004,Feb 2006,1600,5280,Y
1392,Tiffany,UK,"16/7, P.225",Oil,Producing,Jul 1979,Nov 1993,125,413,
1209,Tiga Papan,Malaysia,"SB307, SB308",n/a,Non-Commercial,,,50,165,
487,Tiger (EB494),US,"East Breaks 494, 538",Gas,Non-Commercial,,,919,3033,Y
1098,Timon,UK,"211/11b, 211/16b",n/a,Non-Commercial,,,184,607,
331,Tindalo,Philippines,Service Contract 54 (SC54),Oil,Abandoned (Ex-Producer),Oct 2008,,101,333,
867,Titan,Norway,"35/9, PL 420",Oil,Appraisal Drilling,Dec 2010,,370,1221,
1856,Titik Terang,Malaysia,SB303,Gas,Discovery (Drilled),Oct 1992,,150,495,
125,Tobago,US,Alaminos Canyon 859,Oil,Producing,May 2004,Nov 2011,2926,9656,Y
1493,Toddy,US,South Timbalier 221,n/a,Bright Spot,,,46,152,Y
1731,Tolmount,UK,P1330: 42/28d,Gas,Discovery (Drilled),Oct 2011,,54,178,
772,Tom Hum Xanh-1X,Viet nam,Block 31,n/a,Non-Commercial,,,18,59,
1409,Tom Shot Bank,Nigeria,OML 14,Oil/Gas,Under Development,Jan 1980,,15,50,
759,Tom Su Lua,Viet nam,Block DBSCL-01,n/a,Non-Commercial,,,15,50,
163,Tomahawk,US,East Breaks 623,Gas,Producing,Aug 2003,Jun 2004,1071,3534,Y
1210,Tomboco,Angola,Block 14,Oil,Producing,,Jun 2006,600,1980,
539,Tombua Landana,Angola,Block 14,Oil,Producing - Under Dev.,Jan 1997,,370,1221,
1164,Tonel,Equatorial Guinea,Block R,Gas,Discovery (Drilled),Jun 2012,,,,
150,Tonga,US,Green Canyon 727/728,Oil,Producing,Nov 2003,Mar 2012,1430,4719,Y
150,Tonga West,US,Green Canyon 726,Oil,Producing,Dec 2007,Mar 2012,1433,4729,Y
1392,Toni,UK,16/17,Oil,Producing,Aug 1977,Nov 1993,133,439,
443,Tonto,UK,"P246, 21/10b",Oil,Producing,,Apr 2013,105,347,
909,Topaz,UK,"P101349/1a, 49/2a",Gas,Producing,Nov 1987,Nov 2009,100,330,
556,Tor,Norway,"2/4, 2/5",Oil,Producing,Nov 1970,Jun 1978,70,231,
198,Tordis,Norway,34/7,Oil,Producing,Dec 1987,Jun 1994,200,660,
653,Tormore,UK,"205/5a, 205/4b",Gas,Under Development,Sep 2007,,600,1980,
468,Tornado,US,Green Canyon 281,Oil/Gas,Bright Spot,,,834,2752,Y
754,Toroa,Falkland Islands (Malvinas),"51, 52, 53, 61, 62",n/a,Non-Commercial,,,600,1980,
943,Torosa,Australia,"WA-R-2, WA-TR/5, WA-28-R, WA-29-R, WA-30-R",Gas,Under Development,Jan 1971,,750,2475,
571,Torpedo,US,Flaxman Island Lease Block 6610,n/a,Bright Spot,,,,,Y
1592,Torvastad,Norway,"PL501, 16/2",n/a,Non-Commercial,,,110,363,
1688,Toubkal,Morocco,Mazagan Permit,n/a,Bright Spot,,,1500,4950,
585,Trefoil,Australia,T/18P,Gas,Discovery (Appraised),Dec 2004,,68,224,
1713,Trell,Norway,PL102F: 25/5,Oil,Discovery (Drilled),Feb 2014,,121,399,
372,Trident,US,"Alaminos Canyon 903, 904, 947",Oil,Discovery (Appraised),Aug 2001,,2953,9745,Y
1714,Trilobi,Indonesia,Kerapu Block,n/a,Bright Spot,,,,,
1191,Trintes,Trin. & Tobago,Galeota Block,Oil,Producing,Jan 1963,Jan 1972,,,
152,Triton,US,Mississippi Canyon 772,Oil,Producing,Feb 2004,Jun 2005,1710,5643,Y
770,Troll,Norway,"31/2, 31/3, 31/5, 31/6",Oil/Gas,Producing,Nov 1979,Sep 1995,340,1122,
553,Trolla,Norway,6609/10 - PL 483S,n/a,Non-Commercial,,,265,875,
606,Troubadour,US,Mississippi Canyon 699,Oil/Gas,Discovery (Drilled),Sep 2013,,2254,7438,Y
1088,Tryfan,UK,"3/17, 3/18, P1166",Gas,Non-Commercial,,,,,
1426,Trym,Norway,"PL147, 3/7",Gas,Producing - Under Dev.,Jan 1990,,65,215,
1426,Trym South,Norway,"PL147, 3/7",Gas,Discovery (Drilled),Mar 2013,,65,215,
1262,Tsimin-Xux,Mexico,,Oil/Gas,Under Development,,,22,73,
798,Tuatara,New Zealand,PEP 38524,n/a,Non-Commercial,,,50,165,
882,Tubarao,Mozambique,Area 1,Gas,Discovery (Drilled),Feb 2011,,899,2967,
1223,Tubarao Azul (Waimea),Brazil,BM-C-41,Oil/Gas,Producing - Under Dev.,Feb 2010,,130,429,
865,Tubarao Martelo (Waikiki),Brazil,"BM-C-39, BM-C-40",Oil,Producing,Feb 2011,Dec 2013,105,347,
353,Tubular Bells,US,"Mississippi Canyon 683, 726",Oil/Gas,Under Development,Nov 2003,,1311,4326,Y
387,Tucker,US,"Walker Ridge 499, 543, 544, 545, 589",Oil/Gas,Discovery (Appraised),Jul 2006,,2054,6778,Y
1002,Tudor Rose,UK,"14/30a, P1463",Oil,Discovery (Appraised),Jan 1983,,,,
610,Tui,New Zealand,PMP 38158,Oil,Producing,Feb 2003,Jan 2007,120,396,
1384,Tukau Timur,Malaysia,SK307,Gas,Discovery (Drilled),Nov 2012,,,,
1529,Tullich,UK,9/23a,Oil,Producing,,Aug 2002,111,366,
320,Tuna,Australia,"VIC/L09, VIC/L04",Gas,Producing,,Jan 1993,100,330,
479,Tune,Norway,"30/5, 30/6, 30/8",Gas,Producing,Mar 1996,Nov 2002,95,314,
479,Tune South (Sor),Norway,"Block 30/8, PL 190",Gas,Producing,,Jul 2009,,,
423,Tuong Vi,Viet nam,06/94,Oil/Gas,Non-Commercial,,,500,1650,
828,Tupungato,Brazil,BM-C-41,Oil,Discovery (Drilled),Jan 2011,,130,429,
1864,Turaco,Kenya,L10A,n/a,Bright Spot,,,710,2343,
478,Turquoise Marine,"Congo, The Demo. Rep. of the",Mer Produnde Sud (MPS),Oil,Discovery (Drilled),Jul 2009,,1611,5316,
320,Turrum,Australia,VIC/L03,Oil/Gas,Producing,,Oct 2013,100,330,
1769,Turtle,Australia,WA-442-P,Oil,Discovery (Drilled),Jan 1984,,60,198,
1103,Tusk,Australia,WA-46-R,Oil,Non-Commercial,,,,,
1078,Tutuala,Australia,JPDA 06-103,n/a,Bright Spot,,,,,
1038,Tweneboa,Ghana,Deepwater Tano License,Oil,Under Development,Mar 2009,,1148,3788,
636,Tybalt,UK,"P1632, 211/8c, 211/13c",Gas,Appraisal Drilling,May 2010,,,,
1075,Typhoon,UK,P1485,n/a,Bright Spot,,,,,
1429,Tyra,Denmark,"5504/11, 5504/12",Oil/Gas,Producing,Jan 1968,Jan 1984,40,132,
1429,Tyra Southeast,Denmark,5504/12,Oil/Gas,Producing - Under Dev.,May 1991,Jan 2002,38,125,
317,Tyrihans,Norway,"6406/3, 6407/1",Oil/Gas,Producing,May 1983,Jul 2009,270,891,
1639,Ufon,Nigeria,OML 115,n/a,Bright Spot,,,,,
1220,"Ulvetanna, 3/4-2S",Norway,"3/4, 3/5, PL 356",n/a,Non-Commercial,,,,,
1035,Umm Shaif,UAE,ADMA Block,Oil,Producing,,Jun 1962,13,43,
1447,Untung,Indonesia,West Papua IV,n/a,Bright Spot,,,,,
271,Urania,Australia,WA-267-P,Gas,Under Development,Jan 2000,,,,
713,Urd,Norway,6608/10,Oil,Producing,May 2000,Nov 2005,380,1254,
149,Ursa,US,"Mississippi Canyon 808, 809, 810, 852, 853, 854",Oil/Gas,Producing,Jan 1991,Apr 1999,1218,4019,Y
341,Usan,Nigeria,OPL 222,Oil,Producing,May 2002,Feb 2012,850,2805,
1104,Valemon,Norway,PL050ES: 34/10,Gas,Under Development,,,140,462,
1104,Valemon Nord,Norway,PL050ES: 34/10,n/a,Discovery (Drilled),Apr 2014,,140,462,
462,Valhall,Norway,"2/8, 2/11",Oil,Producing,Jun 1975,Oct 1982,70,231,
1776,Valleys,UK,"P2032: 21/8c, 21/9c, 21/10c, 21/14a, 21/15b",n/a,Bright Spot,,,,,
489,Vampira,Brazil,BM-S-48,Oil/Gas,Discovery (Drilled),Jul 2009,,140,462,
1117,Van Ghent,Netherlands,Block P11b,Oil/Gas,Producing - Under Dev.,,,35,116,
339,Van Gogh,Australia,WA-155-P (WA-35-L),Oil,Producing,Sep 2003,Feb 2010,380,1254,
1117,Van Nes,Netherlands,P11b,Gas,Producing,,Apr 2012,35,116,
1522,Vanuatu,Australia,WA-191-P,n/a,Bright Spot,,,140,462,
860,Varadero,UK,28/9,Oil/Gas,Discovery (Drilled),Jan 2011,,89,294,
664,Varg,Norway,15/12,Oil,Producing,Oct 1984,Dec 1998,84,277,
286,Vega,Norway,"35/11, 35/8,PL 248",Gas,Producing,May 1982,Dec 2010,380,1254,
1690,Vega Pleyade,Argentina,CMA-1,Gas,Under Development,,,50,165,
286,Vega South,Norway,"PL090C, 35/11",Gas,Producing,Dec 1987,Dec 2010,380,1254,
492,Venture,Canada,,Gas,Producing,Jan 1979,Dec 1999,22,73,
253,Venus,Angola,Block 31,Oil,Producing - Under Dev.,Jun 2004,,2000,6600,
545,Venus B-1,Sierra Leone,SL 6/07,n/a,Discovery (Drilled),Sep 2009,,1798,5933,
1397,Verdande,Norway,PL484: 6608/10,n/a,Exploratory Drilling,,,371,1224,
751,Ververis,Norway,"PL395, 7226/2",Gas,Discovery (Drilled),Jul 2008,,341,1125,
549,Veslefrikk,Norway,"30/3, 30/6, 30/3-7, 30/3-9",Oil,Producing,Feb 1981,Dec 1989,185,611,
548,Vesuvio,Brazil,BM-C-43,Oil,Discovery (Appraised),Oct 2009,,140,462,
204,Vigdis,Norway,PL089 34/7,Oil,Producing,Apr 1986,Jan 1997,280,924,
204,Vigdis Extension,Norway,"PL089, 34/7",Oil/Gas,Producing,,Dec 2003,292,964,
204,Vigdis North-East,Norway,"PL089, 34/7",Oil,Under Development,Mar 2009,,292,964,
212,Vilje,Norway,PL036,Oil,Producing,Sep 2003,Aug 2008,120,396,
212,Vilje South,Norway,PL 036D,n/a,Under Development,Jan 2008,,,,
346,Vincent,Australia,WA-271-P,Oil,Producing,Jan 1998,Aug 2008,420,1386,
547,Viodo,"Congo, The Demo. Rep. of the",Marine XI,Oil/Gas,Discovery (Appraised),Jan 1986,,65,215,
693,Viola North,UK,"30/18b, P1629",n/a,Non-Commercial,,,,,
324,Violeta,Angola,17,Oil,Under Development,Jan 2001,,,,
596,Viper,Norway,25/4,Oil,Discovery (Drilled),Nov 2009,,123,406,
138,Virgo,US,"Viosca Knoll 822, 823",Oil,Producing,Jan 1993,Dec 1999,345,1139,Y
198,Visund,Norway,"PL120: 34/8, 34/7",Oil/Gas,Producing,Mar 1986,Apr 1999,335,1106,
198,Visund North,Norway,"PL120: 34/8, 34/7",Oil/Gas,Producing,,Nov 2013,335,1106,
198,Visund South,Norway,"34/8, 34/7, PL120",Oil/Gas,Producing,Feb 2008,Nov 2012,292,964,
394,Vito,US,"Mississippi Canyon 984, 985, 940",Oil/Gas,Discovery (Appraised),Jul 2009,,1282,4231,Y
1585,Vladimir Filanovsky,Russian Federation,,Oil/Gas,Under Development,Jan 2005,,10,33,
1758,Vollgrav,Norway,PL631,n/a,Bright Spot,,,,,
212,Volund,Norway,"PL 150, 24/9",Oil,Producing - Under Dev.,Jan 1994,,122,403,
1532,Volve,Norway,"PL046BS, 15/9",Oil,Producing,Mar 1993,Feb 2008,80,264,
121,Vortex,US,"Atwater Valley 217, 261 and Lloyd Ridge 177, 221",Gas,Producing,Dec 2002,Jul 2007,2543,8392,Y
1061,Vos,Australia,,Gas,Discovery (Drilled),Dec 2011,,,,
1197,Vulcan East,UK,49/21,Gas,Under Development,Jan 2007,,,,
334,Wahoo,Brazil,Block BM-C-30,Oil,Discovery (Appraised),Nov 2008,,1417,4676,
1175,Wakid,Malaysia,Block 2G-2J,Oil,Discovery (Drilled),Nov 2011,,,,
1846,Walt Whitman,Gabon,Dussafu Marin PSC,Oil,Discovery (Drilled),Jan 1996,,120,396,
1301,Wanaea,Australia,"WA-11-L, WA-9-L, WA-16-L",Oil,Producing - Under Dev.,,Jan 1995,80,264,
607,Wang,US,Green Canyon 237,Oil,Under Development,Dec 2012,,733,2419,Y
1893,Wassana,Thailand,G10/48,Oil,Under Development,Jan 2009,,60,198,
1131,Wawa,Ghana,Deepwater Tano License,Oil/Gas,Discovery (Drilled),Jul 2012,,587,1937,
528,Waylon,US,Garden Banks 212,Gas,Bright Spot,,,518,1709,Y
1265,WeiZhou 11-1,China,Block 22/12,Oil,Producing - Under Dev.,Jan 2004,,40,132,
726,Weizhou 12-8,China,22/12,Oil,Producing,Jan 2002,Oct 2013,34,112,
726,Weizhou 6-12,China,22/12,Oil,Producing,Apr 2006,Apr 2013,29,96,
726,Weizhou 6-12 South,China,WZ6-12,Oil,Producing,Jan 2006,Jun 2013,,,
1398,Welwitschia,Namibia,"PEL0010, 1911",n/a,Bright Spot,,,,,
434,Wenlock,UK,Block 49/12a,Gas,Producing - Under Dev.,Jul 2007,,23,76,
1275,West Abu Qir,Egypt,,Gas,Producing - Under Dev.,Jan 1989,,35,116,
1242,West Acis,Malaysia,Balai Cluster SFRSC,Oil/Gas,Appraisal Drilling,Jan 2007,,60,198,
785,West Belumut,Malaysia,PM323,Oil,Under Development,,,61,201,
486,West Ben Nevis,Canada,SDL 1010,Oil/Gas,Under Development,Jan 1984,,92,304,
118,West Boomvang,US,East Breaks 642,Oil/Gas,Producing,Oct 1999,Jan 2003,1067,3521,Y
758,West Boreas,US,Mississippi Canyon 762,n/a,Producing,Mar 2004,Feb 2014,943,3112,Y
520,West Breagh,UK,"42/8, 9, 12, 13, 14",Gas,Discovery (Appraised),Aug 1997,,59,195,
380,West Bukha,Oman,Block 8,Oil/Gas,Producing,Jan 1976,Feb 2009,90,297,
1252,West Cable,Norway,"PL242, 16/1",n/a,Under Development,,,,,
1866,West Desaru,Malaysia,PM304,n/a,Producing,,Aug 2013,,,
345,West Don,UK,"211/13b, 211/18a",Oil,Producing,Sep 1975,Apr 2009,152,502,
1596,West El Medouini,Tunisia,Mahdia license,n/a,Bright Spot,,,,,
287,West Franklin,UK,"29/4d, 29/5b",Gas,Producing - Under Dev.,Jan 2003,,93,307,
1847,West Linapacan A,Philippines,"SC14, Block C",Oil,Suspended,Jan 1990,Jan 1992,315,1040,
1847,West Linapacan B,Philippines,"SC14, Block C",Oil,Discovery (Drilled),Jan 1993,,315,1040,
682,West Rochelle,UK,"P226: 15/26b, 15/26c",Gas,Producing,Oct 2010,Oct 2013,,,
700,West Seahorse,Australia,"VIC/P57, VIC/L31",Oil,Under Development,Jan 1981,,39,129,
1709,West Sinapa,Guinea-Bissau,Block 2,n/a,Bright Spot,,,30,99,
1029,West Teal,UK,21/24b,n/a,Bright Spot,,,88,290,
314,West White Rose Extension,Canada,Grand Banks Territory,n/a,Under Development,,,,,
1636,Westray,UK,P1994; 15/17b,Oil,Discovery (Drilled),Jan 1988,,,,
376,Wheatstone,Australia,"WA-253-P, WA-17-R",Gas,Under Development,Aug 2004,,213,703,
1407,Whio,New Zealand,PEP 51313,n/a,Bright Spot,,,95,314,
981,"Whirlwind, 205/21a-5",UK,205/21a,Oil/Gas,Discovery (Drilled),Oct 2011,,,,
507,Whitbeck,Ireland,110/3b-6A,Gas,Discovery (Drilled),Aug 2009,,,,
816,White Bear,UK,"P1722, 22/3b, 22/4b, 22/8b",n/a,Exploratory Drilling,,,,,
954,Who Dat,US,"Mississippi Canyon 503, 547",Oil/Gas,Producing - Under Dev.,Dec 2007,,914,3016,Y
1885,Whydah,US,Mississippi Canyon Block 600,n/a,Bright Spot,,,,,Y
457,Wide Berth,US,Green Canyon 490,Oil/Gas,Discovery (Drilled),Nov 2009,,1132,3736,Y
1809,Wildbird,Liberia,LB-08,n/a,Bright Spot,,,2000,6600,
1459,Winchester,Australia,"WA-323-P, WA-330-P",Gas,Discovery (Drilled),Jul 2013,,75,248,
577,Windjammer,Mozambique,Area 1,Gas,Discovery (Drilled),Mar 2010,,1464,4831,
1451,Wingat,Namibia,"PEL 23, 2212A",n/a,Non-Commercial,,,1034,3412,
421,Winter,US,Garden Banks 605,Gas,Discovery (Drilled),Jun 2009,,1066,3518,Y
1599,Wisting,Norway,"PL537; 7324/7, 7324/8",Oil,Discovery (Drilled),Sep 2013,,413,1363,
850,Wortel,Indonesia,Sampang PSC,Gas,Producing,Sep 2006,Feb 2012,,,
137,Wrigley,US,Mississippi Canyon 506,Gas,Producing,Feb 2005,Jul 2007,1128,3722,Y
736,Xana (Gita South),Denmark,9/95,n/a,Bright Spot,,,50,165,
377,Xena,Australia,"WA-350-P, WA-34-L",Gas,Under Development,Sep 2006,,178,587,
1094,Xeres,Australia,WA-34-L,Gas,Discovery (Drilled),Jun 2011,,,,
639,Xikomba,Angola,Block 15,Oil,Producing,May 1999,Dec 2003,1480,4884,
1787,Yadana,Myanmar,"M5, M6",Gas,Producing,Jan 1980,Jan 2000,40,132,
331,Yakal,Philippines,Service Contract 54 (SC54),Oil,Cancelled,Oct 2008,,115,380,
1587,Yala,Thailand,G4/50,n/a,Bright Spot,,,,,
271,Yellowglen,Australia,WA-268-P,Gas,Discovery (Drilled),Jan 2010,,,,
1788,Yetagun,Myanmar,"M12, M13, M14",Gas,Producing,Dec 1992,May 2000,105,347,
1227,Yitzhak License,Israel,Yitzhak License,n/a,Bright Spot,,,150,495,
873,Yme,Norway,"9/2, 9/5, PL 316",Oil,Under Development,Jan 1987,Feb 1996,93,307,
622,Yoho,Nigeria,OML 104,Oil,Producing,,Jan 2002,95,314,
591,Yolla,Australia,"T/L 1, T/RL 1",Gas,Producing - Under Dev.,Jan 1985,,80,264,
1417,York,UK,"47/3a, 47/2a, 47/3d, 47/3e",Gas,Producing,Jan 1993,Mar 2013,43,142,
116,Yosemite,US,Green Canyon 516,Gas,Producing,Jun 2001,Mar 2002,3414,11266,Y
359,Yttergryta,Norway,6507/11,Gas,Producing,Jul 2007,Jan 2009,297,980,
495,Yucatan North,US,Walker Ridge 95,Oil,Discovery (Drilled),Aug 2013,,1782,5881,Y
475,Yuri Korchagin,Russian Federation,Lagansky,Gas,Producing - Under Dev.,,,13,43,
1785,Yuzhno-Kirinskoye,Russian Federation,Kirinsky Block,Gas,Discovery (Drilled),Jan 2010,,200,660,
540,Zaap,Mexico,,Oil,Producing - Under Dev.,Jan 1991,,100,330,
879,Zaedyus,French Guiana,Guyane Maritime Permit,Oil,Appraisal Drilling,Nov 2011,,2048,6758,
1082,Zafarani,"Tanzania, United Republic of",Block 2,Gas,Appraisal Drilling,Mar 2012,,2582,8521,
934,Zagreus,Australia,WA-40-L.,n/a,Drilled (Status Unknown),,,1200,3960,
592,Zakum,UAE,ADMA,Oil/Gas,Producing - Under Dev.,Jan 1963,Jan 1966,24,79,
1359,Zamba,Namibia,"1811A, 1811B",n/a,Bright Spot,,,2103,6940,
1123,ZaneGrey,Australia,Vic/P42,Oil/Gas,Non-Commercial,,,,,
997,Zapffe,Denmark,"PL 518, 7121/9",n/a,Non-Commercial,,,310,1023,
907,Zappa,Norway,"PL 477B, 6506/11",n/a,Bright Spot,,,,,
1530,Zarat,Tunisia,Zarat Permit,Oil/Gas,Discovery (Drilled),Jan 1992,,90,297,
1623,Zawtika,Myanmar,Block M9,Gas,Under Development,,,150,495,
1748,Zebedee,Falkland Islands (Malvinas),PL004b,n/a,Bright Spot,,,,,
1150,Zephyros,Australia,WA-398-P,n/a,Exploratory Drilling,,,,,
1279,Zeta,Australia,AC/P 45,n/a,Bright Spot,,,250,825,
989,"Zeta, Block 5","Tanzania, United Republic of",Block 5,n/a,Non-Commercial,,,600,1980,
1730,Zetung,Malaysia,"PM302, PM325, PM326B",Gas,Under Development,,,,,
1130,Zhao Dong,China,Block 09/05,Oil,Producing,,Jan 2009,,,
756,Zidane,Norway,"PL435, 6507/7",Gas,Under Development,Sep 2010,,369,1218,
326,Zinia,Angola,17,Oil,Producing,Dec 2002,Aug 2011,718,2369,
1649,Zircon,Indonesia,Salawati Kepala Burung PSC (Island PSC),n/a,Non-Commercial,,,32,106,
793,Zola,Australia,WA-49-R,Gas,Discovery (Appraised),Apr 2011,,300,990,
1712,Zora,UAE,Shrajah Western Offshore Concession,Gas,Under Development,Jan 1979,,25,83,
1851,Zumba,Norway,"PL591: 6507/8, 6508/9, 6507/11",n/a,Bright Spot,,,,,
